     Internal    Switching      Leakage        Total
        Power        Power        Power        Power (Watts)
----------------------------------------------------
 1.561918e-05 2.619145e-05 6.504536e-10 4.181129e-05 clkbuf_2_3__f_core_clk
 1.563576e-05 2.541364e-05 6.504536e-10 4.105005e-05 clkbuf_2_1__f_core_clk
 1.564560e-05 2.494854e-05 6.504536e-10 4.059480e-05 clkbuf_2_0__f_core_clk
 1.570588e-05 2.210307e-05 6.504536e-10 3.780961e-05 clkbuf_2_2__f_core_clk
 7.090246e-06 2.866727e-05 6.377736e-10 3.575815e-05 clkbuf_0_w_clk
 1.636874e-05 1.792001e-05 6.504536e-10 3.428940e-05 clkbuf_0_core_clk
 7.597783e-06 2.156717e-05 3.514620e-10 2.916530e-05 clkbuf_leaf_13_core_clk
 9.328149e-06 1.966843e-05 6.387661e-10 2.899722e-05 clkbuf_0_v_clk
 7.607464e-06 1.799558e-05 3.514619e-10 2.560340e-05 clkbuf_leaf_21_core_clk
 1.918530e-06 2.342868e-05 1.891726e-10 2.534740e-05 fanout401
 1.441641e-06 2.122855e-05 1.979373e-10 2.267039e-05 fanout740
 7.663979e-06 1.497616e-05 3.514619e-10 2.264049e-05 clkbuf_leaf_20_core_clk
 1.642244e-05 5.985223e-06 6.510500e-10 2.240832e-05 clkbuf_0_clk
 7.674275e-06 1.452447e-05 3.514619e-10 2.219910e-05 clkbuf_leaf_19_core_clk
 8.068894e-07 2.061443e-05 1.278121e-10 2.142145e-05 _25740_
 3.146539e-06 1.666241e-05 3.448622e-10 1.980929e-05 clkbuf_2_2_0_v_clk
 1.675934e-05 3.044378e-06 6.510500e-10 1.980437e-05 clkbuf_1_0__f_clk
 1.703752e-05 1.599958e-06 6.510500e-10 1.863813e-05 clkbuf_1_1__f_clk
 7.743948e-06 1.088308e-05 3.514619e-10 1.862738e-05 clkbuf_leaf_26_core_clk
 3.145796e-06 1.441407e-05 3.448622e-10 1.756021e-05 clkbuf_2_3_0_v_clk
 3.129118e-06 1.435329e-05 3.448622e-10 1.748276e-05 clkbuf_2_0_0_v_clk
 3.123757e-06 1.403850e-05 3.448622e-10 1.716260e-05 clkbuf_2_1_0_v_clk
 7.431794e-06 9.640815e-06 6.387753e-10 1.707325e-05 clkbuf_5_15__f_v_clk
 7.785133e-06 9.066623e-06 3.514619e-10 1.685211e-05 clkbuf_leaf_25_core_clk
 7.800233e-06 9.024687e-06 3.514619e-10 1.682527e-05 clkbuf_leaf_24_core_clk
 7.796949e-06 8.559934e-06 3.514619e-10 1.635723e-05 clkbuf_leaf_27_core_clk
 7.542447e-06 8.632532e-06 6.387754e-10 1.617562e-05 clkbuf_5_24__f_v_clk
 7.805104e-06 8.312313e-06 3.514619e-10 1.611777e-05 clkbuf_leaf_33_core_clk
 7.818169e-06 8.252814e-06 3.514619e-10 1.607133e-05 clkbuf_leaf_22_core_clk
 7.544675e-06 8.477565e-06 6.387754e-10 1.602288e-05 clkbuf_5_28__f_v_clk
 7.806972e-06 8.148627e-06 3.514619e-10 1.595595e-05 clkbuf_leaf_28_core_clk
 7.482712e-06 8.464873e-06 6.387753e-10 1.594822e-05 clkbuf_5_12__f_v_clk
 7.822193e-06 8.072097e-06 3.514619e-10 1.589464e-05 clkbuf_leaf_23_core_clk
 7.554391e-06 8.336950e-06 6.387754e-10 1.589198e-05 clkbuf_5_26__f_v_clk
 7.554474e-06 8.308043e-06 6.387754e-10 1.586316e-05 clkbuf_5_27__f_v_clk
 7.554665e-06 8.269885e-06 6.387754e-10 1.582519e-05 clkbuf_5_29__f_v_clk
 7.548593e-06 8.236935e-06 6.387753e-10 1.578617e-05 clkbuf_5_7__f_v_clk
 7.826729e-06 7.856394e-06 3.514619e-10 1.568347e-05 clkbuf_leaf_16_core_clk
 7.566900e-06 8.109370e-06 6.387754e-10 1.567691e-05 clkbuf_5_25__f_v_clk
 7.496501e-06 8.148274e-06 6.387753e-10 1.564541e-05 clkbuf_5_8__f_v_clk
 7.496228e-06 8.148480e-06 6.387753e-10 1.564535e-05 clkbuf_5_9__f_v_clk
 7.815248e-06 7.823238e-06 3.514619e-10 1.563884e-05 clkbuf_leaf_31_core_clk
 7.966742e-06 7.658206e-06 6.387759e-10 1.562559e-05 clkbuf_5_17__f_v_clk
 7.569925e-06 7.974174e-06 6.387754e-10 1.554474e-05 clkbuf_5_30__f_v_clk
 3.918705e-06 1.157441e-05 3.478013e-10 1.549346e-05 fanout811
 7.562898e-06 7.921916e-06 6.387753e-10 1.548545e-05 clkbuf_5_6__f_v_clk
 7.557426e-06 7.900662e-06 6.387753e-10 1.545873e-05 clkbuf_5_3__f_v_clk
 7.565530e-06 7.842359e-06 6.387753e-10 1.540853e-05 clkbuf_5_5__f_v_clk
 7.820134e-06 7.554296e-06 3.514619e-10 1.537478e-05 clkbuf_leaf_29_core_clk
 7.988149e-06 7.281737e-06 6.387759e-10 1.527053e-05 clkbuf_5_18__f_v_clk
 7.994690e-06 7.142457e-06 6.387759e-10 1.513779e-05 clkbuf_5_16__f_v_clk
 7.577979e-06 7.540819e-06 6.387753e-10 1.511944e-05 clkbuf_5_4__f_v_clk
 7.841159e-06 7.243593e-06 3.514619e-10 1.508510e-05 clkbuf_leaf_15_core_clk
 7.826406e-06 7.251416e-06 3.514619e-10 1.507817e-05 clkbuf_leaf_34_core_clk
 3.034464e-06 1.204200e-05 3.443009e-10 1.507681e-05 clkbuf_4_12_0_w_clk
 7.598194e-06 7.387291e-06 6.387754e-10 1.498612e-05 clkbuf_5_31__f_v_clk
 7.845426e-06 7.046201e-06 3.514619e-10 1.489198e-05 clkbuf_leaf_18_core_clk
 8.010933e-06 6.843783e-06 6.387759e-10 1.485536e-05 clkbuf_5_19__f_v_clk
 7.541919e-06 7.288222e-06 6.387753e-10 1.483078e-05 clkbuf_5_14__f_v_clk
 7.543969e-06 7.153588e-06 6.387753e-10 1.469820e-05 clkbuf_5_11__f_v_clk
 8.022058e-06 6.574646e-06 6.387759e-10 1.459734e-05 clkbuf_5_20__f_v_clk
 7.854653e-06 6.696169e-06 3.514619e-10 1.455117e-05 clkbuf_leaf_0_core_clk
 7.605228e-06 6.896635e-06 6.387753e-10 1.450250e-05 clkbuf_5_2__f_v_clk
 7.875105e-06 6.620449e-06 3.514619e-10 1.449590e-05 clkbuf_leaf_17_core_clk
 7.608227e-06 6.881588e-06 6.387753e-10 1.449045e-05 clkbuf_5_1__f_v_clk
 7.564726e-06 6.752294e-06 6.387753e-10 1.431766e-05 clkbuf_5_13__f_v_clk
 7.563681e-06 6.745765e-06 6.387753e-10 1.431009e-05 clkbuf_5_10__f_v_clk
 8.041517e-06 6.252365e-06 6.387759e-10 1.429452e-05 clkbuf_5_23__f_v_clk
 8.039086e-06 6.246642e-06 6.387759e-10 1.428637e-05 clkbuf_5_21__f_v_clk
 7.881496e-06 6.367104e-06 3.514619e-10 1.424895e-05 clkbuf_leaf_30_core_clk
 7.882881e-06 6.358594e-06 3.514619e-10 1.424183e-05 clkbuf_leaf_32_core_clk
 7.929884e-06 6.182864e-06 3.514620e-10 1.411310e-05 clkbuf_leaf_9_core_clk
 7.638737e-06 6.244200e-06 6.387753e-10 1.388357e-05 clkbuf_5_0__f_v_clk
 7.960845e-06 5.785473e-06 3.514620e-10 1.374667e-05 clkbuf_leaf_12_core_clk
 7.842226e-06 5.818548e-06 3.514617e-10 1.366113e-05 clkbuf_leaf_5_core_clk
 8.086754e-06 5.478266e-06 6.387759e-10 1.356566e-05 clkbuf_5_22__f_v_clk
 7.864499e-06 5.531538e-06 3.514617e-10 1.339639e-05 clkbuf_leaf_4_core_clk
 7.865314e-06 5.525750e-06 3.514617e-10 1.339141e-05 clkbuf_leaf_3_core_clk
 7.863116e-06 5.517223e-06 3.514617e-10 1.338069e-05 clkbuf_leaf_6_core_clk
 7.872356e-06 5.347787e-06 3.514617e-10 1.322050e-05 clkbuf_leaf_8_core_clk
 8.038642e-06 4.801229e-06 3.514620e-10 1.284022e-05 clkbuf_leaf_10_core_clk
 7.913097e-06 4.853285e-06 3.514617e-10 1.276673e-05 clkbuf_leaf_7_core_clk
 1.086500e-06 1.152986e-05 1.858175e-10 1.261655e-05 fanout314
 2.507232e-06 1.007821e-05 1.891781e-10 1.258563e-05 fanout396
 7.407785e-07 1.146251e-05 1.287024e-10 1.220342e-05 _26346_
 3.331921e-06 8.754528e-06 3.443009e-10 1.208679e-05 clkbuf_4_4_0_w_clk
 7.973834e-06 4.080235e-06 3.514617e-10 1.205442e-05 clkbuf_leaf_1_core_clk
 8.106340e-06 3.941017e-06 3.514620e-10 1.204771e-05 clkbuf_leaf_11_core_clk
 3.082296e-06 8.857261e-06 3.443009e-10 1.193990e-05 clkbuf_4_13_0_w_clk
 7.988520e-06 3.817013e-06 3.514617e-10 1.180588e-05 clkbuf_leaf_2_core_clk
 3.142334e-06 8.594573e-06 3.443009e-10 1.173725e-05 clkbuf_4_8_0_w_clk
 3.356484e-06 8.260963e-06 3.443009e-10 1.161779e-05 clkbuf_4_7_0_w_clk
 8.144793e-06 3.442186e-06 3.514620e-10 1.158733e-05 clkbuf_leaf_14_core_clk
 3.087615e-06 8.415936e-06 3.443009e-10 1.150390e-05 clkbuf_4_11_0_w_clk
 3.236856e-06 8.215892e-06 3.443009e-10 1.145309e-05 clkbuf_4_2_0_w_clk
 3.277311e-06 8.148651e-06 3.443009e-10 1.142631e-05 clkbuf_4_0_0_w_clk
 3.364465e-06 7.969723e-06 3.443009e-10 1.133453e-05 clkbuf_4_5_0_w_clk
 3.288641e-06 7.940064e-06 3.443009e-10 1.122905e-05 clkbuf_4_1_0_w_clk
 2.408065e-06 8.790824e-06 1.979387e-10 1.119909e-05 fanout734
 3.091261e-06 8.088457e-06 3.443009e-10 1.118006e-05 clkbuf_4_15_0_w_clk
 3.126315e-06 7.875854e-06 3.443009e-10 1.100251e-05 clkbuf_4_10_0_w_clk
 3.157769e-06 7.806410e-06 3.443009e-10 1.096452e-05 clkbuf_4_9_0_w_clk
 3.264771e-06 7.561210e-06 3.443009e-10 1.082633e-05 clkbuf_4_3_0_w_clk
 3.376632e-06 7.236882e-06 3.443009e-10 1.061386e-05 clkbuf_4_6_0_w_clk
 3.107818e-06 7.334515e-06 3.443009e-10 1.044268e-05 clkbuf_4_14_0_w_clk
 2.912430e-06 7.130276e-06 1.979600e-10 1.004290e-05 fanout809
 2.527250e-06 6.664010e-06 1.979387e-10 9.191459e-06 fanout739
 8.584837e-06 0.000000e+00 3.514619e-10 8.585188e-06 clkload1
 2.064143e-06 6.398378e-06 1.891726e-10 8.462711e-06 fanout407
 1.468238e-06 6.785792e-06 1.979502e-10 8.254228e-06 fanout726
 1.491964e-06 6.582523e-06 1.891785e-10 8.074676e-06 fanout418
 1.952483e-06 6.094518e-06 1.979522e-10 8.047199e-06 fanout705
 1.432546e-06 6.603873e-06 1.979523e-10 8.036618e-06 fanout704
 1.551299e-06 6.438557e-06 1.979332e-10 7.990055e-06 fanout754
 2.653687e-06 5.314985e-06 1.891781e-10 7.968862e-06 fanout400
 1.938510e-06 5.927121e-06 1.979522e-10 7.865830e-06 fanout710
 1.605821e-06 5.784416e-06 1.891905e-10 7.390426e-06 fanout390
 1.554942e-06 5.790224e-06 1.979332e-10 7.345364e-06 fanout769
 1.575420e-06 5.444929e-06 1.979332e-10 7.020547e-06 fanout763
 2.823405e-06 4.191451e-06 1.891781e-10 7.015045e-06 fanout398
 1.702964e-06 5.203404e-06 1.979509e-10 6.906566e-06 fanout697
 1.737319e-06 5.138777e-06 1.891838e-10 6.876286e-06 fanout395
 1.585111e-06 5.257174e-06 1.979466e-10 6.842482e-06 fanout712
 1.501631e-06 5.337157e-06 1.979540e-10 6.838986e-06 fanout706
 1.617062e-06 5.208809e-06 1.891905e-10 6.826060e-06 fanout391
 9.040153e-07 5.901150e-06 3.440120e-10 6.805510e-06 fanout351
 1.488947e-06 5.074302e-06 1.891761e-10 6.563439e-06 fanout402
 1.553229e-06 4.914361e-06 1.979655e-10 6.467787e-06 fanout808
 1.587522e-06 4.857880e-06 1.979332e-10 6.445600e-06 fanout773
 1.511445e-06 4.922439e-06 1.891760e-10 6.434072e-06 fanout410
 1.432468e-06 4.987507e-06 1.891830e-10 6.420164e-06 fanout399
 1.516037e-06 4.845384e-06 1.979436e-10 6.361618e-06 fanout738
 1.555433e-06 4.753687e-06 1.979655e-10 6.309318e-06 fanout807
 1.372057e-06 4.880864e-06 1.891912e-10 6.253110e-06 fanout392
 1.484529e-06 4.640641e-06 1.891738e-10 6.125359e-06 fanout408
 5.919106e-07 5.242208e-06 2.032692e-10 5.834322e-06 fanout106
 1.566660e-06 4.232899e-06 1.979535e-10 5.799757e-06 fanout700
 1.470394e-06 4.247862e-06 1.979522e-10 5.718454e-06 fanout709
 1.354753e-06 4.334686e-06 1.891778e-10 5.689628e-06 fanout405
 1.406155e-06 4.224346e-06 1.891794e-10 5.630690e-06 fanout415
 1.506964e-06 4.083108e-06 1.891761e-10 5.590261e-06 fanout406
 2.962866e-06 2.606563e-06 3.448681e-10 5.569774e-06 clkbuf_leaf_181_v_clk
 3.175288e-06 2.342826e-06 3.443043e-10 5.518459e-06 clkbuf_leaf_85_w_clk
 1.544968e-06 3.958446e-06 1.891760e-10 5.503603e-06 fanout413
 3.177387e-06 2.311958e-06 3.443043e-10 5.489690e-06 clkbuf_leaf_73_w_clk
 3.178832e-06 2.287228e-06 3.443043e-10 5.466404e-06 clkbuf_leaf_75_w_clk
 1.426199e-06 4.002608e-06 1.891753e-10 5.428995e-06 fanout411
 6.622263e-07 4.697918e-06 1.835540e-10 5.360328e-06 fanout195
 1.055383e-06 4.190373e-06 3.472257e-10 5.246103e-06 fanout266
 1.956427e-06 3.278609e-06 2.012734e-10 5.235237e-06 fanout233
 2.919809e-06 2.182456e-06 3.443039e-10 5.102609e-06 clkbuf_leaf_19_w_clk
 5.384365e-07 4.500927e-06 3.595940e-10 5.039723e-06 max_cap369
 3.243332e-06 1.770335e-06 3.443043e-10 5.014011e-06 clkbuf_leaf_74_w_clk
 1.515338e-06 3.476865e-06 1.979550e-10 4.992401e-06 fanout694
 2.924305e-06 2.029410e-06 3.443038e-10 4.954059e-06 clkbuf_leaf_41_w_clk
 2.902874e-06 2.041535e-06 3.443041e-10 4.944753e-06 clkbuf_leaf_133_w_clk
 2.993844e-06 1.913393e-06 3.448681e-10 4.907582e-06 clkbuf_leaf_209_v_clk
 2.972775e-06 1.866406e-06 3.443038e-10 4.839525e-06 clkbuf_leaf_95_w_clk
 2.952921e-06 1.868151e-06 3.443039e-10 4.821416e-06 clkbuf_leaf_20_w_clk
 2.922685e-06 1.896915e-06 3.443041e-10 4.819944e-06 clkbuf_leaf_7_w_clk
 2.975502e-06 1.839124e-06 3.443038e-10 4.814970e-06 clkbuf_leaf_82_w_clk
 3.272441e-06 1.529374e-06 3.443043e-10 4.802159e-06 clkbuf_leaf_86_w_clk
 2.955784e-06 1.843520e-06 3.443039e-10 4.799648e-06 clkbuf_leaf_16_w_clk
 2.943023e-06 1.849715e-06 3.443038e-10 4.793082e-06 clkbuf_leaf_57_w_clk
 3.079490e-06 1.693976e-06 3.448674e-10 4.773811e-06 clkbuf_leaf_71_v_clk
 2.980132e-06 1.790341e-06 3.443038e-10 4.770817e-06 clkbuf_leaf_81_w_clk
 2.949653e-06 1.785864e-06 3.443038e-10 4.735861e-06 clkbuf_leaf_58_w_clk
 2.951739e-06 1.765244e-06 3.443038e-10 4.717327e-06 clkbuf_leaf_42_w_clk
 2.986516e-06 1.703855e-06 3.443044e-10 4.690716e-06 clkbuf_leaf_114_w_clk
 3.034226e-06 1.653106e-06 3.448681e-10 4.687677e-06 clkbuf_leaf_180_v_clk
 2.939346e-06 1.734929e-06 3.443041e-10 4.674619e-06 clkbuf_leaf_23_w_clk
 3.060032e-06 1.608627e-06 3.448675e-10 4.669003e-06 clkbuf_leaf_87_v_clk
 2.971236e-06 1.697218e-06 3.443039e-10 4.668798e-06 clkbuf_leaf_27_w_clk
 2.941574e-06 1.712421e-06 3.443041e-10 4.654340e-06 clkbuf_leaf_9_w_clk
 2.959638e-06 1.689207e-06 3.443038e-10 4.649189e-06 clkbuf_leaf_43_w_clk
 2.918980e-06 1.722374e-06 3.443041e-10 4.641698e-06 clkbuf_leaf_125_w_clk
 1.193287e-06 3.437400e-06 1.858046e-10 4.630873e-06 fanout315
 2.889178e-06 1.735189e-06 3.443040e-10 4.624712e-06 clkbuf_leaf_10_w_clk
 3.039378e-06 1.582820e-06 3.448681e-10 4.622543e-06 clkbuf_leaf_183_v_clk
 3.091964e-06 1.529718e-06 3.448674e-10 4.622027e-06 clkbuf_leaf_74_v_clk
 2.963484e-06 1.653414e-06 3.443038e-10 4.617243e-06 clkbuf_leaf_39_w_clk
 3.064636e-06 1.546887e-06 3.448675e-10 4.611868e-06 clkbuf_leaf_86_v_clk
 3.014127e-06 1.595578e-06 3.448674e-10 4.610050e-06 clkbuf_leaf_11_v_clk
 2.941037e-06 1.668335e-06 3.443041e-10 4.609716e-06 clkbuf_leaf_1_w_clk
 8.446978e-07 3.764390e-06 1.844147e-10 4.609272e-06 fanout239
 2.996705e-06 1.607279e-06 3.443044e-10 4.604328e-06 clkbuf_leaf_112_w_clk
 3.041844e-06 1.549494e-06 3.448681e-10 4.591683e-06 clkbuf_leaf_190_v_clk
 2.892970e-06 1.697063e-06 3.443040e-10 4.590378e-06 clkbuf_leaf_11_w_clk
 2.966601e-06 1.623198e-06 3.443038e-10 4.590144e-06 clkbuf_leaf_38_w_clk
 2.925279e-06 1.660228e-06 3.443041e-10 4.585851e-06 clkbuf_leaf_124_w_clk
 3.095483e-06 1.487728e-06 3.448674e-10 4.583555e-06 clkbuf_leaf_69_v_clk
 2.999676e-06 1.580218e-06 3.443044e-10 4.580239e-06 clkbuf_leaf_127_w_clk
 3.096181e-06 1.481744e-06 3.448674e-10 4.578270e-06 clkbuf_leaf_72_v_clk
 2.982545e-06 1.587972e-06 3.443039e-10 4.570861e-06 clkbuf_leaf_22_w_clk
 3.004706e-06 1.564727e-06 3.443038e-10 4.569778e-06 clkbuf_leaf_83_w_clk
 3.052778e-06 1.514671e-06 3.448675e-10 4.567793e-06 clkbuf_leaf_96_v_clk
 3.005114e-06 1.562114e-06 3.443038e-10 4.567572e-06 clkbuf_leaf_97_w_clk
 2.895483e-06 1.671567e-06 3.443040e-10 4.567394e-06 clkbuf_leaf_8_w_clk
 2.927419e-06 1.639081e-06 3.443041e-10 4.566845e-06 clkbuf_leaf_126_w_clk
 3.002032e-06 1.555560e-06 3.443044e-10 4.557936e-06 clkbuf_leaf_128_w_clk
 3.002216e-06 1.554484e-06 3.443044e-10 4.557045e-06 clkbuf_leaf_109_w_clk
 7.319020e-07 3.823215e-06 3.507031e-10 4.555468e-06 wire345
 3.018098e-06 1.535698e-06 3.448674e-10 4.554141e-06 clkbuf_leaf_257_v_clk
 3.098341e-06 1.453062e-06 3.448674e-10 4.551749e-06 clkbuf_leaf_73_v_clk
 3.034616e-06 1.516691e-06 3.448681e-10 4.551652e-06 clkbuf_leaf_197_v_clk
 3.005685e-06 1.523251e-06 3.443044e-10 4.529280e-06 clkbuf_leaf_110_w_clk
 3.009289e-06 1.518608e-06 3.443038e-10 4.528240e-06 clkbuf_leaf_84_w_clk
 3.056753e-06 1.471129e-06 3.448674e-10 4.528226e-06 clkbuf_leaf_35_v_clk
 2.987418e-06 1.540137e-06 3.443039e-10 4.527899e-06 clkbuf_leaf_21_w_clk
 3.071711e-06 1.455541e-06 3.448675e-10 4.527597e-06 clkbuf_leaf_93_v_clk
 2.932071e-06 1.592659e-06 3.443041e-10 4.525074e-06 clkbuf_leaf_123_w_clk
 3.072417e-06 1.446914e-06 3.448675e-10 4.519676e-06 clkbuf_leaf_76_v_clk
 3.060830e-06 1.453139e-06 3.448675e-10 4.514314e-06 clkbuf_leaf_199_v_clk
 7.195777e-07 3.790317e-06 1.835554e-10 4.510079e-06 fanout194
 2.875826e-06 1.628636e-06 3.443037e-10 4.504807e-06 clkbuf_leaf_53_w_clk
 2.953476e-06 1.546820e-06 3.443041e-10 4.500640e-06 clkbuf_leaf_13_w_clk
 2.935677e-06 1.557102e-06 3.443041e-10 4.493123e-06 clkbuf_leaf_122_w_clk
 3.064192e-06 1.422962e-06 3.448675e-10 4.487499e-06 clkbuf_leaf_132_v_clk
 3.104201e-06 1.377302e-06 3.448674e-10 4.481848e-06 clkbuf_leaf_67_v_clk
 2.904907e-06 1.576455e-06 3.443040e-10 4.481705e-06 clkbuf_leaf_12_w_clk
 2.878400e-06 1.602370e-06 3.443037e-10 4.481115e-06 clkbuf_leaf_63_w_clk
 3.027682e-06 1.451808e-06 3.448681e-10 4.479834e-06 clkbuf_leaf_206_v_clk
 3.063860e-06 1.412786e-06 3.448675e-10 4.476991e-06 clkbuf_leaf_220_v_clk
 2.961961e-06 1.513708e-06 3.443041e-10 4.476013e-06 clkbuf_leaf_5_w_clk
 3.076670e-06 1.392188e-06 3.448675e-10 4.469202e-06 clkbuf_leaf_77_v_clk
 3.051825e-06 1.416737e-06 3.448681e-10 4.468907e-06 clkbuf_leaf_191_v_clk
 2.948736e-06 1.518316e-06 3.443038e-10 4.467396e-06 clkbuf_leaf_64_w_clk
 3.025460e-06 1.440646e-06 3.448674e-10 4.466451e-06 clkbuf_leaf_5_v_clk
 2.962982e-06 1.502594e-06 3.443041e-10 4.465920e-06 clkbuf_leaf_2_w_clk
 3.061887e-06 1.394192e-06 3.448675e-10 4.456424e-06 clkbuf_leaf_95_v_clk
 3.065587e-06 1.390026e-06 3.448675e-10 4.455958e-06 clkbuf_leaf_204_v_clk
 3.068499e-06 1.383751e-06 3.448675e-10 4.452595e-06 clkbuf_leaf_110_v_clk
 3.067710e-06 1.376085e-06 3.448675e-10 4.444140e-06 clkbuf_leaf_140_v_clk
 3.057731e-06 1.383910e-06 3.448674e-10 4.441986e-06 clkbuf_leaf_215_v_clk
 2.883116e-06 1.555145e-06 3.443037e-10 4.438606e-06 clkbuf_leaf_54_w_clk
 3.058912e-06 1.368186e-06 3.448674e-10 4.427443e-06 clkbuf_leaf_223_v_clk
 3.108843e-06 1.313740e-06 3.448674e-10 4.422927e-06 clkbuf_leaf_78_v_clk
 3.055530e-06 1.366565e-06 3.448681e-10 4.422440e-06 clkbuf_leaf_189_v_clk
 3.068466e-06 1.352068e-06 3.448675e-10 4.420878e-06 clkbuf_leaf_226_v_clk
 3.109019e-06 1.311352e-06 3.448674e-10 4.420716e-06 clkbuf_leaf_80_v_clk
 2.944325e-06 1.473646e-06 3.443041e-10 4.418315e-06 clkbuf_leaf_131_w_clk
 3.065144e-06 1.350881e-06 3.448675e-10 4.416370e-06 clkbuf_leaf_85_v_clk
 3.036834e-06 1.378605e-06 3.448674e-10 4.415784e-06 clkbuf_leaf_47_v_clk
 2.945791e-06 1.458713e-06 3.443041e-10 4.404849e-06 clkbuf_leaf_132_w_clk
 3.111176e-06 1.289889e-06 3.448674e-10 4.401409e-06 clkbuf_leaf_70_v_clk
 3.071455e-06 1.326719e-06 3.448675e-10 4.398519e-06 clkbuf_leaf_143_v_clk
 3.061073e-06 1.330638e-06 3.448675e-10 4.392055e-06 clkbuf_leaf_22_v_clk
 5.737218e-07 3.813710e-06 1.835540e-10 4.387616e-06 fanout196
 2.993620e-06 1.391198e-06 3.448681e-10 4.385163e-06 clkbuf_leaf_168_v_clk
 3.071914e-06 1.306743e-06 3.448675e-10 4.379002e-06 clkbuf_leaf_205_v_clk
 3.035717e-06 1.341879e-06 3.448681e-10 4.377941e-06 clkbuf_leaf_210_v_clk
 3.044479e-06 1.332879e-06 3.448681e-10 4.377703e-06 clkbuf_leaf_212_v_clk
 3.027956e-06 1.344774e-06 3.443038e-10 4.373074e-06 clkbuf_leaf_80_w_clk
 3.036131e-06 1.336284e-06 3.448681e-10 4.372760e-06 clkbuf_leaf_213_v_clk
 2.991903e-06 1.378409e-06 3.443038e-10 4.370656e-06 clkbuf_leaf_40_w_clk
 3.045295e-06 1.321260e-06 3.448681e-10 4.366899e-06 clkbuf_leaf_185_v_clk
 3.080121e-06 1.285530e-06 3.448676e-10 4.365996e-06 clkbuf_leaf_154_v_clk
 3.070240e-06 1.292859e-06 3.448674e-10 4.363443e-06 clkbuf_leaf_29_v_clk
 2.969638e-06 1.387595e-06 3.443041e-10 4.357577e-06 clkbuf_leaf_134_w_clk
 3.070025e-06 1.286350e-06 3.448675e-10 4.356720e-06 clkbuf_leaf_98_v_clk
 3.026135e-06 1.329414e-06 3.443044e-10 4.355893e-06 clkbuf_leaf_111_w_clk
 3.076655e-06 1.275963e-06 3.448675e-10 4.352963e-06 clkbuf_leaf_112_v_clk
 3.086348e-06 1.263137e-06 3.448675e-10 4.349830e-06 clkbuf_leaf_88_v_clk
 3.071349e-06 1.278095e-06 3.448674e-10 4.349789e-06 clkbuf_leaf_20_v_clk
 3.065243e-06 1.283936e-06 3.448674e-10 4.349524e-06 clkbuf_leaf_224_v_clk
 3.049701e-06 1.299160e-06 3.448675e-10 4.349205e-06 clkbuf_leaf_119_v_clk
 3.046741e-06 1.301865e-06 3.448681e-10 4.348950e-06 clkbuf_leaf_184_v_clk
 3.086613e-06 1.260215e-06 3.448675e-10 4.347172e-06 clkbuf_leaf_90_v_clk
 3.074932e-06 1.266547e-06 3.448675e-10 4.341824e-06 clkbuf_leaf_225_v_clk
 3.076276e-06 1.263462e-06 3.448675e-10 4.340082e-06 clkbuf_leaf_145_v_clk
 3.116413e-06 1.221531e-06 3.448674e-10 4.338289e-06 clkbuf_leaf_68_v_clk
 3.016748e-06 1.317924e-06 3.448674e-10 4.335016e-06 clkbuf_leaf_253_v_clk
 3.028627e-06 1.304713e-06 3.443044e-10 4.333685e-06 clkbuf_leaf_113_w_clk
 4.331656e-06 0.000000e+00 4.629149e-10 4.332119e-06 clkload35
 1.392317e-06 2.937852e-06 1.858179e-10 4.330355e-06 fanout306
 3.036712e-06 1.286749e-06 3.448674e-10 4.323806e-06 clkbuf_leaf_8_v_clk
 8.484778e-07 3.472023e-06 1.844147e-10 4.320685e-06 fanout240
 3.083024e-06 1.235952e-06 3.448674e-10 4.319320e-06 clkbuf_leaf_25_v_clk
 3.073322e-06 1.242873e-06 3.448675e-10 4.316539e-06 clkbuf_leaf_84_v_clk
 3.048613e-06 1.262416e-06 3.448674e-10 4.311373e-06 clkbuf_leaf_62_v_clk
 3.077485e-06 1.233121e-06 3.448675e-10 4.310950e-06 clkbuf_leaf_219_v_clk
 3.537290e-07 3.955914e-06 1.926911e-10 4.309836e-06 fanout799
 3.045563e-06 1.260060e-06 3.448674e-10 4.305967e-06 clkbuf_leaf_27_v_clk
 2.944674e-06 1.359967e-06 3.443038e-10 4.304985e-06 clkbuf_leaf_46_w_clk
 3.054501e-06 1.248482e-06 3.448681e-10 4.303328e-06 clkbuf_leaf_201_v_clk
 3.054504e-06 1.248359e-06 3.448681e-10 4.303207e-06 clkbuf_leaf_187_v_clk
 3.071065e-06 1.229373e-06 3.448675e-10 4.300782e-06 clkbuf_leaf_126_v_clk
 3.075554e-06 1.222503e-06 3.448674e-10 4.298402e-06 clkbuf_leaf_36_v_clk
 3.081144e-06 1.216727e-06 3.448675e-10 4.298216e-06 clkbuf_leaf_111_v_clk
 3.039030e-06 1.254655e-06 3.448674e-10 4.294030e-06 clkbuf_leaf_13_v_clk
 2.987035e-06 1.304249e-06 3.443043e-10 4.291629e-06 clkbuf_leaf_93_w_clk
 3.033702e-06 1.257542e-06 3.443044e-10 4.291588e-06 clkbuf_leaf_129_w_clk
 3.050303e-06 1.239551e-06 3.448674e-10 4.290198e-06 clkbuf_leaf_79_v_clk
 3.037001e-06 1.251717e-06 3.443038e-10 4.289062e-06 clkbuf_leaf_76_w_clk
 3.015745e-06 1.271624e-06 3.443039e-10 4.287713e-06 clkbuf_leaf_25_w_clk
 3.038539e-06 1.247057e-06 3.443038e-10 4.285940e-06 clkbuf_leaf_79_w_clk
 3.068531e-06 1.216570e-06 3.448675e-10 4.285445e-06 clkbuf_leaf_214_v_clk
 3.082383e-06 1.201859e-06 3.448675e-10 4.284586e-06 clkbuf_leaf_157_v_clk
 2.897962e-06 1.381580e-06 3.443041e-10 4.279886e-06 clkbuf_leaf_116_w_clk
 3.070318e-06 1.207789e-06 3.448675e-10 4.278452e-06 clkbuf_leaf_2_v_clk
 2.963315e-06 1.313894e-06 3.443043e-10 4.277554e-06 clkbuf_leaf_103_w_clk
 3.040380e-06 1.236232e-06 3.448674e-10 4.276957e-06 clkbuf_leaf_10_v_clk
 3.051732e-06 1.220726e-06 3.448674e-10 4.272802e-06 clkbuf_leaf_65_v_clk
 3.016914e-06 1.254916e-06 3.443039e-10 4.272174e-06 clkbuf_leaf_28_w_clk
 3.002194e-06 1.269247e-06 3.448681e-10 4.271786e-06 clkbuf_leaf_172_v_clk
 3.067850e-06 1.202959e-06 3.448681e-10 4.271153e-06 clkbuf_leaf_179_v_clk
 3.078118e-06 1.188462e-06 3.448674e-10 4.266925e-06 clkbuf_leaf_15_v_clk
 3.078123e-06 1.188330e-06 3.448674e-10 4.266798e-06 clkbuf_leaf_17_v_clk
 3.070233e-06 1.193771e-06 3.448675e-10 4.264349e-06 clkbuf_leaf_235_v_clk
 2.901732e-06 1.362114e-06 3.443037e-10 4.264190e-06 clkbuf_leaf_52_w_clk
 3.041770e-06 1.217099e-06 3.448674e-10 4.259213e-06 clkbuf_leaf_12_v_clk
 3.084617e-06 1.171052e-06 3.448675e-10 4.256014e-06 clkbuf_leaf_113_v_clk
 2.991020e-06 1.261175e-06 3.443043e-10 4.252540e-06 clkbuf_leaf_94_w_clk
 3.083432e-06 1.168692e-06 3.448675e-10 4.252469e-06 clkbuf_leaf_142_v_clk
 3.089553e-06 1.161796e-06 3.448676e-10 4.251694e-06 clkbuf_leaf_131_v_clk
 3.089898e-06 1.157252e-06 3.448676e-10 4.247494e-06 clkbuf_leaf_153_v_clk
 2.963675e-06 1.282533e-06 3.443041e-10 4.246553e-06 clkbuf_leaf_130_w_clk
 3.084305e-06 1.157464e-06 3.448675e-10 4.242114e-06 clkbuf_leaf_139_v_clk
 3.076012e-06 1.164044e-06 3.448675e-10 4.240400e-06 clkbuf_leaf_156_v_clk
 3.042825e-06 1.196562e-06 3.443038e-10 4.239731e-06 clkbuf_leaf_77_w_clk
 2.974846e-06 1.264150e-06 3.443038e-10 4.239340e-06 clkbuf_leaf_68_w_clk
 3.044441e-06 1.191166e-06 3.443038e-10 4.235951e-06 clkbuf_leaf_78_w_clk
 3.080714e-06 1.154065e-06 3.448674e-10 4.235123e-06 clkbuf_leaf_19_v_clk
 3.083718e-06 1.150771e-06 3.448675e-10 4.234834e-06 clkbuf_leaf_227_v_clk
 3.079953e-06 1.154481e-06 3.448675e-10 4.234779e-06 clkbuf_leaf_105_v_clk
 3.072699e-06 1.161031e-06 3.448675e-10 4.234075e-06 clkbuf_leaf_229_v_clk
 3.080788e-06 1.152897e-06 3.448674e-10 4.234030e-06 clkbuf_leaf_33_v_clk
 3.081079e-06 1.149191e-06 3.448674e-10 4.230615e-06 clkbuf_leaf_30_v_clk
 3.047463e-06 1.181719e-06 3.448681e-10 4.229527e-06 clkbuf_leaf_203_v_clk
 3.084203e-06 1.144128e-06 3.448675e-10 4.228676e-06 clkbuf_leaf_221_v_clk
 3.087039e-06 1.139197e-06 3.448675e-10 4.226581e-06 clkbuf_leaf_107_v_clk
 4.225248e-06 0.000000e+00 4.629147e-10 4.225711e-06 clkload45
 3.088202e-06 1.129539e-06 3.448675e-10 4.218086e-06 clkbuf_leaf_83_v_clk
 3.082340e-06 1.132710e-06 3.448674e-10 4.215394e-06 clkbuf_leaf_16_v_clk
 3.076356e-06 1.136445e-06 3.448674e-10 4.213145e-06 clkbuf_leaf_217_v_clk
 2.905414e-06 1.304258e-06 3.443041e-10 4.210017e-06 clkbuf_leaf_90_w_clk
 2.995099e-06 1.214431e-06 3.443043e-10 4.209874e-06 clkbuf_leaf_91_w_clk
 3.062078e-06 1.146097e-06 3.448681e-10 4.208519e-06 clkbuf_leaf_202_v_clk
 3.049109e-06 1.159032e-06 3.448681e-10 4.208485e-06 clkbuf_leaf_186_v_clk
 3.078711e-06 1.127702e-06 3.448675e-10 4.206757e-06 clkbuf_leaf_125_v_clk
 3.064938e-06 1.139878e-06 3.448674e-10 4.205161e-06 clkbuf_leaf_245_v_clk
 1.015448e-06 3.185072e-06 3.579355e-10 4.200878e-06 fanout197
 3.089627e-06 1.110478e-06 3.448675e-10 4.200449e-06 clkbuf_leaf_106_v_clk
 3.099397e-06 1.093709e-06 3.448675e-10 4.193451e-06 clkbuf_leaf_91_v_clk
 3.077566e-06 1.110929e-06 3.448675e-10 4.188840e-06 clkbuf_leaf_21_v_clk
 3.063725e-06 1.124360e-06 3.448681e-10 4.188430e-06 clkbuf_leaf_198_v_clk
 2.957632e-06 1.229174e-06 3.443038e-10 4.187150e-06 clkbuf_leaf_29_w_clk
 3.094961e-06 1.090612e-06 3.448676e-10 4.185918e-06 clkbuf_leaf_148_v_clk
 3.090458e-06 1.094862e-06 3.448675e-10 4.185664e-06 clkbuf_leaf_109_v_clk
 2.910525e-06 1.272965e-06 3.443037e-10 4.183834e-06 clkbuf_leaf_55_w_clk
 3.033517e-06 1.149065e-06 3.448681e-10 4.182927e-06 clkbuf_leaf_171_v_clk
 3.090696e-06 1.091053e-06 3.448675e-10 4.182094e-06 clkbuf_leaf_115_v_clk
 3.063207e-06 1.116792e-06 3.448675e-10 4.180344e-06 clkbuf_leaf_122_v_clk
 3.100647e-06 1.077288e-06 3.448675e-10 4.178280e-06 clkbuf_leaf_92_v_clk
 3.089559e-06 1.088283e-06 3.448675e-10 4.178186e-06 clkbuf_leaf_138_v_clk
 3.091548e-06 1.085212e-06 3.448675e-10 4.177105e-06 clkbuf_leaf_100_v_clk
 2.911589e-06 1.263569e-06 3.443037e-10 4.175502e-06 clkbuf_leaf_60_w_clk
 2.981963e-06 1.191984e-06 3.443038e-10 4.174291e-06 clkbuf_leaf_70_w_clk
 3.081357e-06 1.092534e-06 3.448675e-10 4.174236e-06 clkbuf_leaf_124_v_clk
 3.092036e-06 1.078361e-06 3.448675e-10 4.170743e-06 clkbuf_leaf_102_v_clk
 3.067831e-06 1.102294e-06 3.448674e-10 4.170470e-06 clkbuf_leaf_243_v_clk
 3.043895e-06 1.124094e-06 3.448674e-10 4.168333e-06 clkbuf_leaf_45_v_clk
 3.029718e-06 1.136800e-06 3.448674e-10 4.166862e-06 clkbuf_leaf_255_v_clk
 2.982853e-06 1.183468e-06 3.443038e-10 4.166665e-06 clkbuf_leaf_71_w_clk
 3.068214e-06 1.097501e-06 3.448674e-10 4.166060e-06 clkbuf_leaf_239_v_clk
 2.959953e-06 1.205223e-06 3.443038e-10 4.165520e-06 clkbuf_leaf_48_w_clk
 3.060334e-06 1.104314e-06 3.448674e-10 4.164993e-06 clkbuf_leaf_66_v_clk
 3.082293e-06 1.080292e-06 3.448675e-10 4.162930e-06 clkbuf_leaf_130_v_clk
 2.960460e-06 1.200262e-06 3.443038e-10 4.161066e-06 clkbuf_leaf_17_w_clk
 3.079810e-06 1.080906e-06 3.448675e-10 4.161061e-06 clkbuf_leaf_4_v_clk
 3.002851e-06 1.154718e-06 3.443043e-10 4.157913e-06 clkbuf_leaf_98_w_clk
 2.913699e-06 1.240390e-06 3.443037e-10 4.154433e-06 clkbuf_leaf_56_w_clk
 2.984838e-06 1.166753e-06 3.443038e-10 4.151935e-06 clkbuf_leaf_62_w_clk
 3.061515e-06 1.087952e-06 3.448674e-10 4.149812e-06 clkbuf_leaf_64_v_clk
 2.961702e-06 1.187583e-06 3.443038e-10 4.149629e-06 clkbuf_leaf_18_w_clk
 3.087861e-06 1.059247e-06 3.448674e-10 4.147453e-06 clkbuf_leaf_31_v_clk
 7.202942e-07 3.422531e-06 3.450297e-10 4.143170e-06 fanout357
 3.066309e-06 1.075205e-06 3.448675e-10 4.141859e-06 clkbuf_leaf_134_v_clk
 3.062368e-06 1.076007e-06 3.448674e-10 4.138720e-06 clkbuf_leaf_60_v_clk
 8.179990e-07 3.319697e-06 2.012760e-10 4.137898e-06 fanout232
 1.401731e-06 2.735095e-06 1.858179e-10 4.137013e-06 fanout307
 3.046580e-06 1.089053e-06 3.448674e-10 4.135978e-06 clkbuf_leaf_59_v_clk
 2.986708e-06 1.148099e-06 3.443038e-10 4.135151e-06 clkbuf_leaf_69_w_clk
 3.037322e-06 1.096163e-06 3.448681e-10 4.133829e-06 clkbuf_leaf_173_v_clk
 3.062932e-06 1.068252e-06 3.448674e-10 4.131529e-06 clkbuf_leaf_63_v_clk
 2.914178e-06 1.214411e-06 3.443041e-10 4.128933e-06 clkbuf_leaf_115_w_clk
 3.079410e-06 1.049134e-06 3.448681e-10 4.128889e-06 clkbuf_leaf_178_v_clk
 3.059618e-06 1.068859e-06 3.448674e-10 4.128822e-06 clkbuf_leaf_53_v_clk
 3.081224e-06 1.047188e-06 3.448675e-10 4.128757e-06 clkbuf_leaf_233_v_clk
 3.082076e-06 1.035866e-06 3.448675e-10 4.118288e-06 clkbuf_leaf_234_v_clk
 3.068301e-06 1.048269e-06 3.448675e-10 4.116914e-06 clkbuf_leaf_123_v_clk
 2.965784e-06 1.148346e-06 3.443038e-10 4.114474e-06 clkbuf_leaf_34_w_clk
 2.988706e-06 1.124597e-06 3.443038e-10 4.113648e-06 clkbuf_leaf_65_w_clk
 9.986871e-07 3.111977e-06 3.528869e-10 4.111017e-06 fanout684
 3.082674e-06 1.027983e-06 3.448675e-10 4.111002e-06 clkbuf_leaf_230_v_clk
 2.982163e-06 1.127161e-06 3.443043e-10 4.109669e-06 clkbuf_leaf_106_w_clk
 3.084117e-06 1.024136e-06 3.448675e-10 4.108598e-06 clkbuf_leaf_23_v_clk
 3.090375e-06 1.016405e-06 3.448675e-10 4.107124e-06 clkbuf_leaf_89_v_clk
 3.039429e-06 1.066578e-06 3.448681e-10 4.106352e-06 clkbuf_leaf_164_v_clk
 3.084356e-06 1.021050e-06 3.448675e-10 4.105750e-06 clkbuf_leaf_24_v_clk
 3.091783e-06 1.007803e-06 3.448674e-10 4.099930e-06 clkbuf_leaf_14_v_clk
 3.053958e-06 1.044631e-06 3.448674e-10 4.098933e-06 clkbuf_leaf_0_v_clk
 3.085784e-06 1.010652e-06 3.448674e-10 4.096781e-06 clkbuf_leaf_222_v_clk
 3.087731e-06 1.008089e-06 3.448675e-10 4.096165e-06 clkbuf_leaf_129_v_clk
 3.101655e-06 9.908482e-07 3.448674e-10 4.092848e-06 clkbuf_leaf_81_v_clk
 3.035475e-06 1.056745e-06 3.448674e-10 4.092565e-06 clkbuf_leaf_254_v_clk
 4.090732e-06 0.000000e+00 1.931932e-10 4.090925e-06 clkload26
 4.090569e-06 0.000000e+00 1.931932e-10 4.090762e-06 clkload25
 3.035608e-06 1.054714e-06 3.448674e-10 4.090666e-06 clkbuf_leaf_251_v_clk
 3.092660e-06 9.959469e-07 3.448674e-10 4.088952e-06 clkbuf_leaf_32_v_clk
 3.092705e-06 9.955072e-07 3.448674e-10 4.088557e-06 clkbuf_leaf_41_v_clk
 3.055044e-06 1.029849e-06 3.448674e-10 4.085238e-06 clkbuf_leaf_1_v_clk
 3.051117e-06 1.033644e-06 3.448681e-10 4.085106e-06 clkbuf_leaf_163_v_clk
 3.010200e-06 1.070585e-06 3.443043e-10 4.081129e-06 clkbuf_leaf_92_w_clk
 3.086307e-06 9.943777e-07 3.448675e-10 4.081030e-06 clkbuf_leaf_18_v_clk
 3.072298e-06 1.008246e-06 3.448681e-10 4.080888e-06 clkbuf_leaf_195_v_clk
 2.985706e-06 1.093751e-06 3.443043e-10 4.079802e-06 clkbuf_leaf_101_w_clk
 3.071345e-06 1.007023e-06 3.448675e-10 4.078713e-06 clkbuf_leaf_135_v_clk
 3.097743e-06 9.801639e-07 3.448675e-10 4.078252e-06 clkbuf_leaf_147_v_clk
 3.097974e-06 9.770799e-07 3.448675e-10 4.075399e-06 clkbuf_leaf_146_v_clk
 4.072801e-06 0.000000e+00 1.931930e-10 4.072995e-06 clkload28
 3.085843e-06 9.856334e-07 3.448675e-10 4.071821e-06 clkbuf_leaf_231_v_clk
 3.104401e-06 9.665849e-07 3.448676e-10 4.071330e-06 clkbuf_leaf_149_v_clk
 3.087211e-06 9.827431e-07 3.448675e-10 4.070299e-06 clkbuf_leaf_3_v_clk
 3.056223e-06 1.013329e-06 3.448674e-10 4.069896e-06 clkbuf_leaf_256_v_clk
 3.073432e-06 9.933497e-07 3.448681e-10 4.067126e-06 clkbuf_leaf_200_v_clk
 3.104913e-06 9.600236e-07 3.448676e-10 4.065281e-06 clkbuf_leaf_151_v_clk
 3.052128e-06 1.012799e-06 3.448674e-10 4.065271e-06 clkbuf_leaf_57_v_clk
 3.088682e-06 9.721811e-07 3.448674e-10 4.061208e-06 clkbuf_leaf_216_v_clk
 3.070139e-06 9.852915e-07 3.448681e-10 4.055775e-06 clkbuf_leaf_194_v_clk
 2.972393e-06 1.082822e-06 3.443038e-10 4.055560e-06 clkbuf_leaf_47_w_clk
 3.065557e-06 9.881792e-07 3.448674e-10 4.054081e-06 clkbuf_leaf_28_v_clk
 3.070272e-06 9.833607e-07 3.448681e-10 4.053978e-06 clkbuf_leaf_211_v_clk
 3.089641e-06 9.590697e-07 3.448674e-10 4.049055e-06 clkbuf_leaf_237_v_clk
 3.096132e-06 9.499116e-07 3.448674e-10 4.046389e-06 clkbuf_leaf_37_v_clk
 8.818220e-07 3.162191e-06 1.286118e-10 4.044142e-06 fanout752
 3.044341e-06 9.978004e-07 3.448681e-10 4.042487e-06 clkbuf_leaf_160_v_clk
 3.058451e-06 9.825900e-07 3.448674e-10 4.041386e-06 clkbuf_leaf_244_v_clk
 2.990446e-06 1.046233e-06 3.443043e-10 4.037024e-06 clkbuf_leaf_102_w_clk
 2.999028e-06 1.026804e-06 3.443038e-10 4.026176e-06 clkbuf_leaf_67_w_clk
 3.045844e-06 9.778021e-07 3.448681e-10 4.023991e-06 clkbuf_leaf_174_v_clk
 3.055388e-06 9.682242e-07 3.448674e-10 4.023957e-06 clkbuf_leaf_56_v_clk
 3.021080e-06 1.001222e-06 3.448681e-10 4.022647e-06 clkbuf_leaf_170_v_clk
 3.021892e-06 9.895872e-07 3.448681e-10 4.011824e-06 clkbuf_leaf_169_v_clk
 3.099031e-06 9.115911e-07 3.448674e-10 4.010967e-06 clkbuf_leaf_39_v_clk
 3.076841e-06 9.327424e-07 3.448675e-10 4.009928e-06 clkbuf_leaf_136_v_clk
 4.001363e-06 0.000000e+00 2.585853e-10 4.001622e-06 clkload2
 3.047682e-06 9.516908e-07 3.448681e-10 3.999718e-06 clkbuf_leaf_166_v_clk
 3.082015e-06 9.116422e-07 3.448674e-10 3.994002e-06 clkbuf_leaf_238_v_clk
 3.096049e-06 8.973881e-07 3.448675e-10 3.993782e-06 clkbuf_leaf_117_v_clk
 2.983405e-06 1.008463e-06 3.443038e-10 3.992212e-06 clkbuf_leaf_35_w_clk
 3.057854e-06 9.320919e-07 3.448674e-10 3.990290e-06 clkbuf_leaf_42_v_clk
 3.110360e-06 8.764383e-07 3.448674e-10 3.987143e-06 clkbuf_leaf_49_v_clk
 3.107184e-06 8.792472e-07 3.448675e-10 3.986776e-06 clkbuf_leaf_104_v_clk
 3.063573e-06 9.188685e-07 3.448674e-10 3.982786e-06 clkbuf_leaf_7_v_clk
 3.022965e-06 9.560267e-07 3.443043e-10 3.979336e-06 clkbuf_leaf_96_w_clk
 3.083281e-06 8.950168e-07 3.448674e-10 3.978643e-06 clkbuf_leaf_240_v_clk
 3.111141e-06 8.671286e-07 3.448674e-10 3.978615e-06 clkbuf_leaf_26_v_clk
 3.105948e-06 8.720594e-07 3.448675e-10 3.978352e-06 clkbuf_leaf_137_v_clk
 3.112287e-06 8.642336e-07 3.448676e-10 3.976866e-06 clkbuf_leaf_158_v_clk
 3.107772e-06 8.666777e-07 3.448675e-10 3.974795e-06 clkbuf_leaf_127_v_clk
 3.079825e-06 8.924004e-07 3.448675e-10 3.972570e-06 clkbuf_leaf_120_v_clk
 3.044923e-06 9.253782e-07 3.448674e-10 3.970646e-06 clkbuf_leaf_252_v_clk
 3.111838e-06 8.570518e-07 3.448674e-10 3.969234e-06 clkbuf_leaf_48_v_clk
 3.112871e-06 8.558731e-07 3.448676e-10 3.969089e-06 clkbuf_leaf_152_v_clk
 3.094757e-06 8.668608e-07 3.448675e-10 3.961963e-06 clkbuf_leaf_232_v_clk
 3.098683e-06 8.623215e-07 3.448675e-10 3.961349e-06 clkbuf_leaf_118_v_clk
 3.051181e-06 9.041315e-07 3.448681e-10 3.955658e-06 clkbuf_leaf_177_v_clk
 3.109310e-06 8.458189e-07 3.448675e-10 3.955473e-06 clkbuf_leaf_114_v_clk
 3.082950e-06 8.645858e-07 3.448681e-10 3.947881e-06 clkbuf_leaf_196_v_clk
 3.096032e-06 8.496631e-07 3.448675e-10 3.946040e-06 clkbuf_leaf_236_v_clk
 3.100136e-06 8.431321e-07 3.448675e-10 3.943613e-06 clkbuf_leaf_116_v_clk
 2.934148e-06 1.007239e-06 3.443041e-10 3.941731e-06 clkbuf_leaf_118_w_clk
 3.074547e-06 8.657777e-07 3.448674e-10 3.940669e-06 clkbuf_leaf_52_v_clk
 3.115662e-06 8.194714e-07 3.448676e-10 3.935478e-06 clkbuf_leaf_155_v_clk
 3.062370e-06 8.718777e-07 3.448674e-10 3.934592e-06 clkbuf_leaf_58_v_clk
 3.111673e-06 8.201683e-07 3.448675e-10 3.932186e-06 clkbuf_leaf_99_v_clk
 3.115238e-06 8.122826e-07 3.448674e-10 3.927865e-06 clkbuf_leaf_50_v_clk
 3.004132e-06 9.112518e-07 3.443043e-10 3.915728e-06 clkbuf_leaf_108_w_clk
 3.116304e-06 7.983986e-07 3.448674e-10 3.915047e-06 clkbuf_leaf_51_v_clk
 3.076805e-06 8.351183e-07 3.448674e-10 3.912268e-06 clkbuf_leaf_54_v_clk
 3.084665e-06 8.270670e-07 3.448675e-10 3.912076e-06 clkbuf_leaf_121_v_clk
 3.064901e-06 8.444713e-07 3.448681e-10 3.909717e-06 clkbuf_leaf_182_v_clk
 3.005062e-06 9.016973e-07 3.443043e-10 3.907104e-06 clkbuf_leaf_107_w_clk
 3.057416e-06 8.172245e-07 3.448681e-10 3.874985e-06 clkbuf_leaf_175_v_clk
 3.084865e-06 7.861322e-07 3.448681e-10 3.871342e-06 clkbuf_leaf_193_v_clk
 3.092963e-06 7.632519e-07 3.448674e-10 3.856559e-06 clkbuf_leaf_242_v_clk
 3.092996e-06 7.623836e-07 3.448674e-10 3.855725e-06 clkbuf_leaf_247_v_clk
 8.329507e-07 3.012293e-06 2.012760e-10 3.845445e-06 fanout231
 3.122123e-06 7.221990e-07 3.448674e-10 3.844667e-06 clkbuf_leaf_82_v_clk
 3.070170e-06 7.716625e-07 3.448681e-10 3.842177e-06 clkbuf_leaf_161_v_clk
 3.074167e-06 7.673192e-07 3.448674e-10 3.841831e-06 clkbuf_leaf_250_v_clk
 3.000310e-06 8.404836e-07 3.443038e-10 3.841138e-06 clkbuf_leaf_45_w_clk
 3.095541e-06 7.292714e-07 3.448674e-10 3.825157e-06 clkbuf_leaf_241_v_clk
 3.072091e-06 7.369048e-07 3.448674e-10 3.809341e-06 clkbuf_leaf_40_v_clk
 3.062574e-06 7.457941e-07 3.448681e-10 3.808713e-06 clkbuf_leaf_176_v_clk
 3.063387e-06 7.336292e-07 3.448681e-10 3.797362e-06 clkbuf_leaf_159_v_clk
 6.760706e-07 3.106651e-06 3.463607e-10 3.783068e-06 fanout336
 3.123993e-06 6.578045e-07 3.448675e-10 3.782142e-06 clkbuf_leaf_97_v_clk
 8.803952e-07 2.893355e-06 1.858236e-10 3.773936e-06 fanout301
 3.076035e-06 6.820192e-07 3.448674e-10 3.758399e-06 clkbuf_leaf_46_v_clk
 3.009929e-06 7.467731e-07 3.443038e-10 3.757047e-06 clkbuf_leaf_30_w_clk
 3.101096e-06 6.532583e-07 3.448674e-10 3.754699e-06 clkbuf_leaf_246_v_clk
 3.078906e-06 6.450450e-07 3.448674e-10 3.724296e-06 clkbuf_leaf_55_v_clk
 9.926241e-07 2.729455e-06 3.530675e-10 3.722433e-06 fanout671
 3.079236e-06 6.383860e-07 3.448674e-10 3.717967e-06 clkbuf_leaf_43_v_clk
 3.689641e-06 0.000000e+00 2.585862e-10 3.689899e-06 clkload12
 6.320178e-07 3.040602e-06 3.514989e-10 3.672972e-06 fanout341
 3.664815e-06 0.000000e+00 2.585862e-10 3.665074e-06 clkload7
 3.020379e-06 6.407398e-07 3.443038e-10 3.661463e-06 clkbuf_leaf_36_w_clk
 1.330121e-06 2.298573e-06 3.473083e-10 3.629041e-06 fanout1017
 7.786371e-07 2.817619e-06 3.585627e-10 3.596615e-06 fanout355
 7.314527e-07 2.844740e-06 1.835554e-10 3.576376e-06 fanout192
 7.833068e-07 2.791606e-06 1.286119e-10 3.575041e-06 fanout762
 3.566103e-06 0.000000e+00 2.585862e-10 3.566361e-06 clkload8
 6.582160e-07 2.882863e-06 3.509084e-10 3.541430e-06 max_cap348
 1.183887e-06 2.335297e-06 3.470146e-10 3.519531e-06 fanout259
 7.505892e-07 2.767670e-06 3.473088e-10 3.518606e-06 fanout1015
 9.250929e-07 2.557322e-06 1.858234e-10 3.482601e-06 fanout308
 1.012974e-06 2.438704e-06 3.528869e-10 3.452031e-06 fanout682
 6.673948e-07 2.781619e-06 1.844140e-10 3.449198e-06 fanout237
 6.926091e-07 2.751148e-06 3.505226e-10 3.444108e-06 max_cap338
 8.710451e-07 2.570986e-06 1.844147e-10 3.442216e-06 fanout241
 8.920121e-07 2.545566e-06 1.286102e-10 3.437707e-06 fanout716
 3.421263e-06 0.000000e+00 2.585861e-10 3.421522e-06 clkload15
 7.375232e-07 2.682323e-06 1.844129e-10 3.420030e-06 fanout238
 3.382767e-06 0.000000e+00 2.585861e-10 3.383026e-06 clkload9
 7.041886e-07 2.620196e-06 3.571357e-10 3.324742e-06 fanout785
 7.943386e-07 2.526525e-06 3.592090e-10 3.321223e-06 fanout353
 7.698164e-07 2.540994e-06 1.286102e-10 3.310940e-06 fanout715
 1.093560e-06 2.171923e-06 3.608842e-10 3.265844e-06 fanout188
 3.258291e-06 0.000000e+00 3.596875e-10 3.258651e-06 clkload42
 3.256828e-06 0.000000e+00 3.448675e-10 3.257173e-06 clkload149
 3.251732e-06 0.000000e+00 3.448676e-10 3.252077e-06 clkload152
 3.234117e-06 0.000000e+00 3.448675e-10 3.234462e-06 clkload133
 1.106939e-06 2.121964e-06 3.418705e-10 3.229245e-06 fanout293
 6.906002e-07 2.511474e-06 3.562844e-10 3.202430e-06 fanout781
 3.140105e-06 0.000000e+00 3.596873e-10 3.140464e-06 clkload44
 7.466406e-07 2.373139e-06 3.454916e-10 3.120125e-06 fanout330
 6.102572e-07 2.489492e-06 1.835545e-10 3.099933e-06 fanout190
 1.049797e-06 1.986825e-06 3.510084e-10 3.036974e-06 fanout798
 6.814203e-07 2.342279e-06 3.581687e-10 3.024057e-06 fanout300
 3.995804e-07 2.616758e-06 3.498785e-10 3.016688e-06 max_cap146
 7.232236e-07 2.288304e-06 3.472941e-10 3.011875e-06 fanout1021
 6.977712e-07 2.312523e-06 3.482835e-10 3.010642e-06 fanout1025
 2.999821e-06 0.000000e+00 3.596873e-10 3.000181e-06 clkload48
 4.561027e-07 2.520693e-06 3.498781e-10 2.977145e-06 fanout147
 5.969346e-07 2.314475e-06 3.482842e-10 2.911758e-06 max_cap1024
 5.773508e-07 2.311303e-06 3.526172e-10 2.889006e-06 fanout288
 8.629289e-07 2.010460e-06 3.454242e-10 2.873734e-06 fanout667
 3.756271e-07 2.479134e-06 3.489743e-10 2.855110e-06 fanout805
 1.440023e-06 1.346978e-06 1.887874e-10 2.787189e-06 fanout982
 7.686664e-07 2.014942e-06 3.502250e-10 2.783959e-06 fanout319
 7.090479e-07 2.067838e-06 3.526860e-10 2.777239e-06 fanout685
 4.012340e-07 2.341900e-06 3.432127e-10 2.743477e-06 fanout365
 7.061203e-07 2.033481e-06 3.563010e-10 2.739957e-06 fanout780
 6.602539e-07 2.078988e-06 3.546202e-10 2.739596e-06 fanout960
 1.463207e-06 1.255575e-06 1.887874e-10 2.718971e-06 fanout1000
 7.267204e-07 1.967845e-06 3.454916e-10 2.694911e-06 fanout326
 7.683240e-07 1.924845e-06 3.434620e-10 2.693512e-06 fanout380
 5.464707e-07 2.132500e-06 3.595118e-10 2.679330e-06 fanout687
 7.877347e-07 1.875734e-06 1.296541e-10 2.663598e-06 fanout416
 5.750618e-07 2.087163e-06 3.533683e-10 2.662578e-06 max_cap670
 5.684534e-07 2.086999e-06 3.571366e-10 2.655810e-06 max_cap788
 6.453770e-07 2.003414e-06 3.562842e-10 2.649147e-06 max_cap783
 6.133926e-07 2.031403e-06 3.439964e-10 2.645140e-06 fanout370
 5.783195e-07 2.061647e-06 3.553108e-10 2.640322e-06 max_cap777
 7.715155e-07 1.867859e-06 1.286096e-10 2.639503e-06 fanout721
 6.806628e-07 1.943686e-06 3.510081e-10 2.624700e-06 fanout800
 5.619275e-07 2.056757e-06 3.582408e-10 2.619043e-06 fanout663
 3.246738e-07 2.284175e-06 1.983298e-10 2.609047e-06 fanout797
 2.799691e-07 2.314321e-06 1.826766e-10 2.594473e-06 fanout143
 6.731876e-07 1.920574e-06 3.571365e-10 2.594119e-06 fanout784
 5.786656e-07 1.992002e-06 3.553108e-10 2.571023e-06 fanout775
 7.081974e-07 1.859490e-06 3.463609e-10 2.568034e-06 fanout335
 6.290763e-07 1.929669e-06 3.440779e-10 2.559089e-06 fanout359
 5.497841e-07 1.983215e-06 3.440271e-10 2.533343e-06 fanout285
 5.585327e-07 1.950532e-06 3.464581e-10 2.509412e-06 max_cap1009
 2.501479e-06 0.000000e+00 1.291758e-10 2.501608e-06 clkload33
 7.148607e-07 1.781735e-06 3.464571e-10 2.496943e-06 fanout1010
 5.816657e-07 1.913494e-06 3.464586e-10 2.495506e-06 max_cap1003
 3.105917e-07 2.176117e-06 7.621096e-11 2.486785e-06 _15416_
 6.393723e-07 1.831755e-06 3.571368e-10 2.471484e-06 fanout786
 1.472353e-06 9.940014e-07 1.887874e-10 2.466543e-06 fanout979
 6.161181e-07 1.818400e-06 3.561333e-10 2.434874e-06 fanout791
 5.240600e-07 1.907661e-06 3.440272e-10 2.432065e-06 fanout284
 6.288511e-07 1.801254e-06 3.464588e-10 2.430452e-06 fanout1001
 5.763976e-07 1.787746e-06 3.595645e-10 2.364503e-06 fanout283
 2.339822e-06 0.000000e+00 1.291760e-10 2.339951e-06 clkload18
 5.972830e-07 1.728576e-06 3.462953e-10 2.326205e-06 fanout678
 5.623525e-07 1.757528e-06 3.509742e-10 2.320231e-06 max_cap210
 4.705930e-07 1.836117e-06 3.608646e-10 2.307071e-06 max_cap362
 7.195073e-07 1.575999e-06 3.464571e-10 2.295852e-06 fanout1004
 2.255188e-06 0.000000e+00 2.564600e-10 2.255445e-06 clkload39
 2.244595e-06 0.000000e+00 3.599383e-10 2.244955e-06 clkload139
 2.217926e-06 0.000000e+00 2.564599e-10 2.218183e-06 clkload43
 2.191834e-06 0.000000e+00 2.564599e-10 2.192091e-06 clkload46
 5.399105e-07 1.637718e-06 3.423824e-10 2.177971e-06 fanout281
 6.106743e-07 1.541630e-06 3.474598e-10 2.152652e-06 fanout998
 2.150099e-06 0.000000e+00 3.599384e-10 2.150459e-06 clkload130
 6.342434e-07 1.513166e-06 3.464584e-10 2.147756e-06 fanout1006
 2.147589e-06 0.000000e+00 1.291762e-10 2.147719e-06 clkload27
 2.128304e-06 0.000000e+00 2.564599e-10 2.128560e-06 clkload49
 3.529524e-07 1.745890e-06 1.843905e-10 2.099027e-06 fanout387
 6.072783e-07 1.468714e-06 3.561339e-10 2.076348e-06 fanout793
 5.306356e-07 1.543095e-06 3.595816e-10 2.074090e-06 fanout349
 4.604053e-07 1.610412e-06 1.876849e-10 2.071004e-06 fanout1012
 5.218432e-07 1.548067e-06 3.595123e-10 2.070270e-06 fanout686
 4.870292e-07 1.574246e-06 3.622904e-10 2.061637e-06 fanout183
 2.986301e-07 1.750609e-06 1.302893e-10 2.049370e-06 fanout91
 6.215081e-07 1.423758e-06 3.474593e-10 2.045614e-06 fanout986
 4.822355e-07 1.558140e-06 3.614770e-10 2.040737e-06 fanout268
 4.550696e-07 1.566888e-06 1.849951e-10 2.022143e-06 fanout352
 4.881521e-07 1.464567e-06 3.618611e-10 1.953081e-06 fanout201
 3.378620e-07 1.563277e-06 1.944283e-10 1.901334e-06 fanout968
 3.794501e-07 1.494315e-06 1.832033e-10 1.873948e-06 fanout257
 4.313666e-07 1.442106e-06 1.866232e-10 1.873659e-06 fanout333
 1.871879e-06 0.000000e+00 1.542956e-10 1.872033e-06 clkload22
 3.035186e-07 1.517551e-06 7.568453e-11 1.821145e-06 _15507_
 2.780420e-07 1.532926e-06 1.944280e-10 1.811163e-06 fanout978
 3.634336e-07 1.441263e-06 1.926911e-10 1.804889e-06 fanout803
 1.524752e-08 1.788217e-06 7.608579e-11 1.803540e-06 _25699_
 1.798302e-06 0.000000e+00 1.542956e-10 1.798457e-06 clkload21
 2.702939e-07 1.515232e-06 1.826755e-10 1.785708e-06 fanout549
 4.479128e-07 1.321305e-06 3.603798e-10 1.769578e-06 fanout690
 4.839761e-07 1.270874e-06 3.489747e-10 1.755199e-06 fanout804
 3.350028e-07 1.397463e-06 1.944283e-10 1.732660e-06 fanout975
 1.731692e-06 0.000000e+00 1.542956e-10 1.731847e-06 clkload14
 3.335264e-07 1.362897e-06 1.896940e-10 1.696614e-06 fanout1026
 5.170666e-07 1.178233e-06 1.828439e-10 1.695483e-06 fanout224
 4.364136e-07 1.228385e-06 1.866232e-10 1.664985e-06 fanout328
 2.705119e-07 1.380442e-06 2.031477e-10 1.651157e-06 fanout299
 3.325575e-07 1.318115e-06 1.843899e-10 1.650857e-06 fanout376
 3.340164e-07 1.308752e-06 3.610507e-10 1.643129e-06 fanout247
 3.266161e-07 1.289684e-06 1.887877e-10 1.616488e-06 fanout994
 3.483937e-07 1.265176e-06 1.843904e-10 1.613754e-06 fanout384
 1.593557e-06 0.000000e+00 1.282204e-10 1.593685e-06 clkload5
 4.247580e-07 1.168472e-06 1.865487e-10 1.593417e-06 fanout668
 1.583018e-06 0.000000e+00 1.542955e-10 1.583172e-06 clkload29
 3.532840e-07 1.227754e-06 1.866236e-10 1.581224e-06 fanout329
 3.881069e-07 1.192343e-06 1.832033e-10 1.580633e-06 fanout254
 1.574128e-06 0.000000e+00 2.566272e-10 1.574384e-06 clkload140
 3.862483e-07 1.183523e-06 3.430810e-10 1.570114e-06 fanout217
 1.566674e-06 0.000000e+00 2.566273e-10 1.566931e-06 clkload151
 1.552429e-06 0.000000e+00 2.566272e-10 1.552685e-06 clkload136
 1.551003e-06 0.000000e+00 1.859371e-10 1.551189e-06 clkload284
 1.550575e-06 0.000000e+00 2.566273e-10 1.550832e-06 clkload150
 1.550555e-06 0.000000e+00 1.859370e-10 1.550741e-06 clkload242
 1.550233e-06 0.000000e+00 1.859371e-10 1.550419e-06 clkload289
 1.549628e-06 0.000000e+00 1.859370e-10 1.549814e-06 clkload240
 1.549443e-06 0.000000e+00 1.859377e-10 1.549629e-06 clkload257
 3.626599e-07 1.186691e-06 1.843904e-10 1.549535e-06 fanout383
 1.549072e-06 0.000000e+00 1.859370e-10 1.549258e-06 clkload247
 1.548751e-06 0.000000e+00 1.859370e-10 1.548937e-06 clkload192
 1.548624e-06 0.000000e+00 1.859370e-10 1.548810e-06 clkload199
 1.548617e-06 0.000000e+00 1.859371e-10 1.548803e-06 clkload285
 1.548600e-06 0.000000e+00 1.859370e-10 1.548786e-06 clkload323
 1.548417e-06 0.000000e+00 1.859370e-10 1.548603e-06 clkload290
 1.548345e-06 0.000000e+00 1.859368e-10 1.548531e-06 clkload239
 1.548316e-06 0.000000e+00 1.859370e-10 1.548502e-06 clkload241
 1.548085e-06 0.000000e+00 1.859370e-10 1.548271e-06 clkload309
 1.547992e-06 0.000000e+00 1.859370e-10 1.548178e-06 clkload186
 1.547801e-06 0.000000e+00 1.859370e-10 1.547987e-06 clkload322
 1.547674e-06 0.000000e+00 1.859370e-10 1.547860e-06 clkload295
 1.547651e-06 0.000000e+00 1.859370e-10 1.547837e-06 clkload201
 1.547631e-06 0.000000e+00 1.859368e-10 1.547817e-06 clkload211
 1.547569e-06 0.000000e+00 1.859377e-10 1.547755e-06 clkload265
 1.547493e-06 0.000000e+00 1.859369e-10 1.547679e-06 clkload203
 1.547440e-06 0.000000e+00 1.859370e-10 1.547626e-06 clkload330
 1.547184e-06 0.000000e+00 1.859370e-10 1.547370e-06 clkload302
 1.547054e-06 0.000000e+00 1.859370e-10 1.547240e-06 clkload288
 1.547044e-06 0.000000e+00 1.859370e-10 1.547230e-06 clkload332
 1.546744e-06 0.000000e+00 1.859369e-10 1.546930e-06 clkload338
 1.546596e-06 0.000000e+00 1.859370e-10 1.546782e-06 clkload182
 1.546540e-06 0.000000e+00 1.859370e-10 1.546726e-06 clkload175
 1.546455e-06 0.000000e+00 1.859369e-10 1.546641e-06 clkload190
 1.546409e-06 0.000000e+00 1.859376e-10 1.546595e-06 clkload260
 1.546341e-06 0.000000e+00 1.859368e-10 1.546527e-06 clkload213
 1.546338e-06 0.000000e+00 1.859368e-10 1.546524e-06 clkload207
 1.546315e-06 0.000000e+00 1.859370e-10 1.546501e-06 clkload171
 1.546282e-06 0.000000e+00 1.859377e-10 1.546468e-06 clkload263
 1.546250e-06 0.000000e+00 1.859375e-10 1.546436e-06 clkload276
 1.546020e-06 0.000000e+00 1.859369e-10 1.546206e-06 clkload193
 1.545877e-06 0.000000e+00 1.859375e-10 1.546063e-06 clkload274
 1.545626e-06 0.000000e+00 1.859368e-10 1.545812e-06 clkload164
 1.545503e-06 0.000000e+00 1.859370e-10 1.545689e-06 clkload327
 1.545475e-06 0.000000e+00 1.859376e-10 1.545661e-06 clkload281
 1.545351e-06 0.000000e+00 1.859369e-10 1.545537e-06 clkload226
 1.545304e-06 0.000000e+00 1.859370e-10 1.545490e-06 clkload318
 1.545273e-06 0.000000e+00 1.859368e-10 1.545459e-06 clkload224
 1.545250e-06 0.000000e+00 1.859370e-10 1.545436e-06 clkload316
 1.545239e-06 0.000000e+00 1.859369e-10 1.545425e-06 clkload184
 1.545220e-06 0.000000e+00 1.859367e-10 1.545406e-06 clkload233
 1.545180e-06 0.000000e+00 1.859370e-10 1.545366e-06 clkload313
 1.544878e-06 0.000000e+00 1.859369e-10 1.545064e-06 clkload336
 1.544873e-06 0.000000e+00 1.859370e-10 1.545059e-06 clkload315
 1.544871e-06 0.000000e+00 1.859370e-10 1.545057e-06 clkload298
 1.544810e-06 0.000000e+00 1.859369e-10 1.544996e-06 clkload227
 1.544742e-06 0.000000e+00 1.859375e-10 1.544928e-06 clkload279
 1.544693e-06 0.000000e+00 1.859368e-10 1.544879e-06 clkload228
 1.544527e-06 0.000000e+00 1.859375e-10 1.544713e-06 clkload249
 1.544346e-06 0.000000e+00 1.859368e-10 1.544532e-06 clkload178
 1.544345e-06 0.000000e+00 1.859368e-10 1.544531e-06 clkload160
 1.544138e-06 0.000000e+00 1.859375e-10 1.544324e-06 clkload280
 1.544079e-06 0.000000e+00 1.859367e-10 1.544265e-06 clkload215
 1.544059e-06 0.000000e+00 1.859368e-10 1.544245e-06 clkload177
 1.544049e-06 0.000000e+00 1.859368e-10 1.544235e-06 clkload230
 1.544034e-06 0.000000e+00 1.859375e-10 1.544220e-06 clkload272
 1.543614e-06 0.000000e+00 1.859367e-10 1.543800e-06 clkload218
 1.543498e-06 0.000000e+00 1.859369e-10 1.543684e-06 clkload297
 1.543415e-06 0.000000e+00 1.859368e-10 1.543601e-06 clkload180
 1.543301e-06 0.000000e+00 1.859367e-10 1.543487e-06 clkload231
 1.543244e-06 0.000000e+00 1.859367e-10 1.543430e-06 clkload217
 3.867452e-07 1.155304e-06 3.430810e-10 1.542393e-06 fanout218
 4.696499e-07 1.069745e-06 3.432128e-10 1.539738e-06 fanout363
 4.222350e-07 1.100712e-06 3.431528e-10 1.523290e-06 fanout250
 3.067800e-07 1.208791e-06 1.850676e-10 1.515756e-06 fanout360
 4.323543e-07 1.081535e-06 3.537138e-10 1.514243e-06 fanout112
 1.490978e-06 0.000000e+00 2.566272e-10 1.491235e-06 clkload142
 2.566841e-07 1.221133e-06 2.044407e-10 1.478021e-06 fanout107
 3.098250e-07 1.158242e-06 1.832031e-10 1.468251e-06 fanout253
 1.463772e-06 0.000000e+00 2.566272e-10 1.464028e-06 clkload131
 3.913824e-07 1.071984e-06 3.462934e-10 1.463713e-06 fanout676
 3.759880e-07 1.086259e-06 1.828443e-10 1.462430e-06 fanout225
 3.396656e-07 1.097028e-06 1.944283e-10 1.436887e-06 fanout972
 3.753640e-07 1.061087e-06 1.828443e-10 1.436634e-06 fanout228
 3.451322e-07 1.078676e-06 1.944287e-10 1.424003e-06 fanout963
 3.399590e-07 1.074575e-06 1.944283e-10 1.414728e-06 fanout976
 4.844892e-07 9.284272e-07 1.300536e-10 1.413046e-06 fanout304
 3.244253e-07 1.082512e-06 1.843901e-10 1.407122e-06 fanout378
 2.395375e-07 1.155924e-06 2.051722e-10 1.395667e-06 fanout83
 3.308841e-07 1.049172e-06 1.944288e-10 1.380251e-06 fanout974
 1.201438e-07 1.257230e-06 1.276624e-10 1.377502e-06 _25744_
 1.443045e-07 1.226423e-06 3.411291e-10 1.371069e-06 fanout167
 1.342671e-06 0.000000e+00 1.853181e-10 1.342857e-06 clkload54
 1.342614e-06 0.000000e+00 1.853179e-10 1.342800e-06 clkload117
 3.900054e-07 9.525729e-07 1.983300e-10 1.342777e-06 fanout795
 2.856719e-07 1.056323e-06 1.887882e-10 1.342183e-06 fanout997
 1.341867e-06 0.000000e+00 1.853181e-10 1.342052e-06 clkload53
 1.337837e-06 0.000000e+00 1.853174e-10 1.338022e-06 clkload120
 1.337635e-06 0.000000e+00 1.853182e-10 1.337821e-06 clkload80
 1.336454e-06 0.000000e+00 1.853182e-10 1.336640e-06 clkload81
 1.333658e-06 0.000000e+00 1.853175e-10 1.333844e-06 clkload98
 1.332778e-06 0.000000e+00 1.853175e-10 1.332963e-06 clkload99
 3.504636e-07 9.816600e-07 3.418683e-10 1.332465e-06 fanout291
 2.659116e-07 1.060314e-06 1.826754e-10 1.326408e-06 fanout523
 4.318472e-07 8.927413e-07 1.865487e-10 1.324775e-06 fanout666
 3.307100e-07 9.926653e-07 3.604666e-10 1.323736e-06 fanout287
 2.261928e-07 1.080604e-06 2.044402e-10 1.307001e-06 fanout457
 2.755690e-07 1.018624e-06 2.044403e-10 1.294398e-06 fanout476
 3.329098e-07 9.497351e-07 1.955566e-10 1.282840e-06 fanout559
 1.355221e-07 1.143885e-06 1.302893e-10 1.279537e-06 fanout619
 3.207078e-07 9.517078e-07 1.935683e-10 1.272609e-06 fanout588
 3.415748e-07 9.285496e-07 3.595908e-10 1.270484e-06 fanout317
 3.429201e-07 9.100453e-07 1.944283e-10 1.253160e-06 fanout977
 3.699714e-07 8.794390e-07 3.611406e-10 1.249772e-06 fanout214
 1.768707e-07 1.061540e-06 2.030013e-10 1.238614e-06 fanout691
 1.919455e-07 1.045126e-06 1.956677e-10 1.237267e-06 fanout117
 2.966775e-07 9.403043e-07 1.936607e-10 1.237176e-06 fanout566
 3.524275e-07 8.817607e-07 3.418683e-10 1.234530e-06 fanout289
 3.350769e-07 8.949086e-07 3.439955e-10 1.230330e-06 fanout245
 3.058240e-07 9.221814e-07 1.936748e-10 1.228199e-06 fanout612
 2.425553e-07 9.593062e-07 2.004870e-10 1.202062e-06 fanout324
 2.772260e-07 9.189836e-07 1.930359e-10 1.196403e-06 fanout554
 1.643079e-07 1.029259e-06 2.045043e-10 1.193771e-06 fanout136
 9.381419e-08 1.097479e-06 2.052175e-10 1.191499e-06 fanout273
 2.285272e-07 9.615452e-07 1.956679e-10 1.190268e-06 fanout111
 3.074192e-07 8.709796e-07 1.932725e-10 1.178592e-06 fanout599
 3.450841e-07 8.315174e-07 1.887875e-10 1.176790e-06 fanout985
 1.529820e-07 1.021189e-06 1.278364e-10 1.174299e-06 fanout129
 2.192730e-07 9.527037e-07 1.914485e-10 1.172168e-06 fanout149
 2.799607e-07 8.901627e-07 2.044403e-10 1.170328e-06 fanout459
 3.166156e-07 8.525303e-07 1.944292e-10 1.169340e-06 fanout973
 4.674118e-08 1.122228e-06 1.014382e-10 1.169071e-06 _17063_
 2.594695e-07 9.053127e-07 2.021234e-10 1.164984e-06 fanout350
 3.030438e-07 8.563224e-07 1.932692e-10 1.159559e-06 fanout609
 2.802676e-07 8.773888e-07 3.620485e-10 1.158019e-06 fanout216
 3.017085e-07 8.387435e-07 1.931488e-10 1.140645e-06 fanout575
 2.771100e-07 8.611844e-07 2.044403e-10 1.138499e-06 fanout455
 3.277979e-07 8.102328e-07 3.431279e-10 1.138374e-06 fanout204
 1.531636e-07 9.843550e-07 1.278364e-10 1.137646e-06 fanout133
 2.454493e-07 8.895048e-07 3.623299e-10 1.135316e-06 max_cap212
 2.712041e-07 8.504349e-07 2.044404e-10 1.121843e-06 fanout441
 2.615313e-07 8.598237e-07 1.828443e-10 1.121538e-06 fanout226
 2.050342e-07 9.131661e-07 2.004872e-10 1.118401e-06 fanout323
 2.581220e-07 8.507262e-07 3.624528e-10 1.109211e-06 fanout203
 2.726371e-07 8.315336e-07 1.931855e-10 1.104364e-06 fanout563
 3.315739e-07 7.678082e-07 1.932039e-10 1.099575e-06 fanout582
 1.093383e-06 0.000000e+00 2.564604e-10 1.093640e-06 clkload85
 2.185980e-07 8.718800e-07 2.044406e-10 1.090683e-06 fanout443
 8.177420e-08 9.932673e-07 1.022311e-10 1.075144e-06 _25742_
 1.071785e-06 0.000000e+00 2.564604e-10 1.072041e-06 clkload90
 2.585664e-07 8.065887e-07 1.923760e-10 1.065347e-06 fanout576
 1.064506e-06 0.000000e+00 2.564603e-10 1.064763e-06 clkload101
 8.389937e-07 2.204460e-07 2.005408e-10 1.059640e-06 output12
 3.654579e-07 6.928881e-07 1.279764e-10 1.058474e-06 fanout105
 2.756257e-07 7.791686e-07 1.933780e-10 1.054988e-06 fanout565
 3.012376e-07 7.510954e-07 1.940102e-10 1.052527e-06 fanout598
 2.321792e-07 8.189148e-07 1.826755e-10 1.051277e-06 fanout519
 2.057121e-07 8.422841e-07 2.004872e-10 1.048197e-06 fanout321
 2.232675e-07 8.202820e-07 2.044403e-10 1.043754e-06 fanout439
 3.219816e-07 7.136890e-07 1.930921e-10 1.035864e-06 fanout579
 2.632354e-07 7.721058e-07 2.044400e-10 1.035546e-06 fanout451
 2.320443e-07 8.013265e-07 2.044404e-10 1.033575e-06 fanout462
 3.139459e-07 7.032398e-07 1.929131e-10 1.017379e-06 fanout597
 2.684348e-07 7.483399e-07 1.826754e-10 1.016957e-06 fanout524
 2.186587e-07 7.975590e-07 1.826750e-10 1.016400e-06 fanout487
 2.641623e-07 7.501308e-07 1.928925e-10 1.014486e-06 fanout601
 2.140518e-07 7.870806e-07 1.826750e-10 1.001315e-06 fanout495
 2.967813e-07 6.994986e-07 1.927636e-10 9.964727e-07 fanout572
 1.165912e-07 8.726782e-07 1.021245e-10 9.893715e-07 fanout128
 2.849733e-07 6.990686e-07 1.935616e-10 9.842354e-07 fanout564
 2.359233e-07 7.479824e-07 1.826760e-10 9.840883e-07 fanout536
 2.655931e-07 7.135429e-07 1.926777e-10 9.793288e-07 fanout585
 2.766421e-07 6.994794e-07 1.932326e-10 9.763148e-07 fanout552
 2.542889e-07 7.166180e-07 1.924963e-10 9.710993e-07 fanout560
 2.395533e-07 7.296475e-07 2.044405e-10 9.694052e-07 fanout456
 2.973460e-07 6.710667e-07 1.927205e-10 9.686054e-07 fanout611
 2.333322e-07 7.321509e-07 1.826748e-10 9.656658e-07 fanout479
 2.673281e-07 6.977206e-07 1.931932e-10 9.652418e-07 fanout573
 2.039410e-07 7.568153e-07 1.875070e-10 9.609438e-07 fanout677
 2.236440e-07 7.253063e-07 2.044406e-10 9.491548e-07 fanout445
 2.226701e-07 7.226388e-07 2.044406e-10 9.455133e-07 fanout438
 2.193337e-07 7.248991e-07 1.826748e-10 9.444154e-07 fanout484
 2.365924e-07 7.067595e-07 1.826760e-10 9.435346e-07 fanout537
 1.880572e-07 7.550381e-07 1.839708e-10 9.432792e-07 fanout219
 2.339095e-07 7.063729e-07 1.826755e-10 9.404651e-07 fanout517
 1.910173e-07 7.491486e-07 1.875067e-10 9.403535e-07 fanout680
 2.213037e-07 7.159774e-07 1.826749e-10 9.374637e-07 fanout486
 2.308165e-07 7.056016e-07 1.826754e-10 9.366008e-07 fanout525
 2.544032e-07 6.805239e-07 1.925364e-10 9.351196e-07 fanout561
 2.430061e-07 6.918472e-07 2.044403e-10 9.350577e-07 fanout428
 2.739020e-07 6.591286e-07 1.826756e-10 9.332133e-07 fanout542
 2.404093e-07 6.900173e-07 2.044403e-10 9.306311e-07 fanout426
 2.397296e-07 6.896638e-07 2.044401e-10 9.295978e-07 fanout424
 2.403349e-07 6.887736e-07 1.826752e-10 9.292912e-07 fanout508
 2.131076e-07 7.158864e-07 1.826752e-10 9.291766e-07 fanout491
 2.249662e-07 7.034618e-07 1.826749e-10 9.286107e-07 fanout501
 2.138194e-07 7.142206e-07 1.826760e-10 9.282226e-07 fanout539
 2.164621e-07 7.080019e-07 1.826760e-10 9.246467e-07 fanout543
 2.390662e-07 6.834668e-07 2.044402e-10 9.227375e-07 fanout467
 2.152123e-07 6.989212e-07 2.044398e-10 9.143379e-07 fanout448
 2.586428e-07 6.528561e-07 1.926018e-10 9.116915e-07 fanout553
 2.252845e-07 6.814307e-07 1.826762e-10 9.068979e-07 fanout532
 2.833647e-07 6.223428e-07 1.302890e-10 9.058377e-07 fanout96
 2.407552e-07 6.642744e-07 1.826752e-10 9.052123e-07 fanout505
 1.402893e-07 7.640653e-07 3.623621e-10 9.047170e-07 fanout182
 2.490411e-07 6.542585e-07 1.826750e-10 9.034823e-07 fanout481
 1.473393e-07 7.557030e-07 3.413320e-10 9.033836e-07 fanout178
 1.690614e-07 7.304553e-07 1.839707e-10 8.997007e-07 fanout220
 2.436618e-07 6.531601e-07 1.926392e-10 8.970146e-07 fanout562
 1.602458e-07 7.352476e-07 2.045044e-10 8.956979e-07 fanout135
 2.356293e-07 6.590873e-07 1.923952e-10 8.949091e-07 fanout558
 2.662953e-07 6.280047e-07 2.044400e-10 8.945044e-07 fanout450
 2.476554e-07 6.459052e-07 1.826751e-10 8.937433e-07 fanout499
 7.641371e-08 8.166583e-07 7.617140e-11 8.931481e-07 _28122_
 2.506108e-07 6.421575e-07 3.416083e-10 8.931099e-07 fanout162
 2.339595e-07 6.587304e-07 1.914484e-10 8.928813e-07 fanout148
 2.533672e-07 6.393187e-07 1.925037e-10 8.928784e-07 fanout581
 2.302874e-07 6.615422e-07 1.826761e-10 8.920122e-07 fanout545
 1.911252e-07 6.973112e-07 1.302890e-10 8.885667e-07 fanout94
 2.696446e-07 6.185477e-07 1.927181e-10 8.883850e-07 fanout605
 2.676390e-07 6.188484e-07 3.619859e-10 8.868494e-07 fanout161
 2.285973e-07 6.555528e-07 1.826749e-10 8.843327e-07 fanout500
 2.288288e-07 6.539646e-07 2.044403e-10 8.829979e-07 fanout436
 2.681962e-07 6.121247e-07 1.921982e-10 8.805130e-07 fanout608
 1.862192e-07 6.922669e-07 1.875051e-10 8.786736e-07 fanout673
 2.121452e-07 6.627692e-07 1.826761e-10 8.750970e-07 fanout529
 1.906624e-07 6.828887e-07 1.875048e-10 8.737387e-07 fanout674
 2.361823e-07 6.267988e-07 2.044397e-10 8.631856e-07 fanout420
 1.371639e-07 7.250806e-07 1.302893e-10 8.623748e-07 fanout630
 1.750571e-07 6.846757e-07 1.840222e-10 8.599168e-07 fanout206
 8.577721e-07 0.000000e+00 1.300403e-10 8.579021e-07 clkload134
 1.548787e-07 7.002839e-07 1.278364e-10 8.552905e-07 fanout127
 2.171181e-07 6.364741e-07 1.826752e-10 8.537749e-07 fanout509
 2.336456e-07 6.198645e-07 1.920960e-10 8.537021e-07 fanout574
 2.168930e-07 6.361885e-07 2.044406e-10 8.532859e-07 fanout435
 1.807377e-07 6.668851e-07 2.049544e-10 8.478278e-07 fanout154
 2.405709e-07 6.041378e-07 2.044402e-10 8.449132e-07 fanout473
 2.208739e-07 6.218433e-07 2.044404e-10 8.429217e-07 fanout468
 2.206793e-07 6.215820e-07 1.826748e-10 8.424441e-07 fanout482
 2.125896e-07 6.229678e-07 1.826761e-10 8.357400e-07 fanout528
 2.419204e-07 5.908218e-07 2.044400e-10 8.329467e-07 fanout460
 2.191247e-07 6.107497e-07 2.044405e-10 8.300789e-07 fanout465
 2.619878e-07 5.650810e-07 1.924669e-10 8.272613e-07 fanout557
 2.261134e-07 6.000206e-07 3.617596e-10 8.264958e-07 fanout186
 1.875724e-07 6.379644e-07 1.875053e-10 8.257244e-07 fanout672
 2.313083e-07 5.933954e-07 1.826761e-10 8.248863e-07 fanout547
 9.501695e-08 7.293791e-07 2.054038e-10 8.246015e-07 fanout121
 1.102469e-07 7.106231e-07 1.018382e-10 8.209718e-07 _25746_
 2.266206e-07 5.941653e-07 1.826747e-10 8.209686e-07 fanout489
 1.598950e-07 6.539369e-07 1.821640e-10 8.140141e-07 fanout157
 8.132847e-07 0.000000e+00 1.300402e-10 8.134148e-07 clkload166
 8.129797e-07 0.000000e+00 1.300401e-10 8.131098e-07 clkload245
 8.129117e-07 0.000000e+00 1.300402e-10 8.130417e-07 clkload162
 8.123321e-07 0.000000e+00 1.300402e-10 8.124621e-07 clkload163
 8.122733e-07 0.000000e+00 1.300401e-10 8.124034e-07 clkload317
 2.597603e-07 5.522670e-07 1.931045e-10 8.122204e-07 fanout613
 8.119838e-07 0.000000e+00 1.300401e-10 8.121139e-07 clkload321
 8.119235e-07 0.000000e+00 1.300402e-10 8.120535e-07 clkload191
 8.118336e-07 0.000000e+00 1.300401e-10 8.119636e-07 clkload200
 8.118235e-07 0.000000e+00 1.300401e-10 8.119536e-07 clkload291
 8.116893e-07 0.000000e+00 1.300402e-10 8.118193e-07 clkload173
 8.116800e-07 0.000000e+00 1.300401e-10 8.118101e-07 clkload251
 8.114882e-07 0.000000e+00 1.300401e-10 8.116182e-07 clkload248
 8.114791e-07 0.000000e+00 1.300402e-10 8.116091e-07 clkload334
 8.114648e-07 0.000000e+00 1.300402e-10 8.115949e-07 clkload210
 8.113811e-07 0.000000e+00 1.300402e-10 8.115111e-07 clkload165
 8.113693e-07 0.000000e+00 1.300401e-10 8.114993e-07 clkload304
 8.112257e-07 0.000000e+00 1.300402e-10 8.113558e-07 clkload219
 8.111842e-07 0.000000e+00 1.300402e-10 8.113142e-07 clkload168
 8.111667e-07 0.000000e+00 1.300401e-10 8.112968e-07 clkload264
 8.110047e-07 0.000000e+00 1.300401e-10 8.111347e-07 clkload303
 8.109895e-07 0.000000e+00 1.300402e-10 8.111196e-07 clkload237
 8.109511e-07 0.000000e+00 1.300402e-10 8.110812e-07 clkload167
 8.107230e-07 0.000000e+00 1.300401e-10 8.108530e-07 clkload305
 8.106732e-07 0.000000e+00 1.300401e-10 8.108033e-07 clkload310
 8.106676e-07 0.000000e+00 1.300402e-10 8.107976e-07 clkload333
 8.106444e-07 0.000000e+00 1.300401e-10 8.107745e-07 clkload314
 8.106433e-07 0.000000e+00 1.300402e-10 8.107734e-07 clkload181
 8.106117e-07 0.000000e+00 1.300402e-10 8.107417e-07 clkload208
 8.106042e-07 0.000000e+00 1.300402e-10 8.107343e-07 clkload214
 8.105148e-07 0.000000e+00 1.300401e-10 8.106449e-07 clkload277
 8.104689e-07 0.000000e+00 1.300401e-10 8.105990e-07 clkload296
 8.103550e-07 0.000000e+00 1.300402e-10 8.104851e-07 clkload337
 8.103515e-07 0.000000e+00 1.300402e-10 8.104815e-07 clkload300
 8.103368e-07 0.000000e+00 1.300402e-10 8.104668e-07 clkload172
 2.284184e-07 5.818555e-07 1.919908e-10 8.104659e-07 fanout631
 8.102699e-07 0.000000e+00 1.300402e-10 8.104000e-07 clkload179
 8.102354e-07 0.000000e+00 1.300401e-10 8.103655e-07 clkload311
 8.102281e-07 0.000000e+00 1.300402e-10 8.103582e-07 clkload329
 8.102109e-07 0.000000e+00 1.300402e-10 8.103410e-07 clkload319
 8.101535e-07 0.000000e+00 1.300402e-10 8.102836e-07 clkload170
 2.492120e-07 5.606418e-07 1.826751e-10 8.100365e-07 fanout503
 8.097964e-07 0.000000e+00 1.300402e-10 8.099265e-07 clkload159
 8.096953e-07 0.000000e+00 1.300402e-10 8.098253e-07 clkload161
 8.096189e-07 0.000000e+00 1.300402e-10 8.097490e-07 clkload229
 8.095813e-07 0.000000e+00 1.300401e-10 8.097114e-07 clkload273
 8.095383e-07 0.000000e+00 1.300401e-10 8.096683e-07 clkload250
 8.094586e-07 0.000000e+00 1.300401e-10 8.095886e-07 clkload278
 8.094299e-07 0.000000e+00 1.300401e-10 8.095600e-07 clkload312
 8.094119e-07 0.000000e+00 1.300402e-10 8.095420e-07 clkload232
 8.091886e-07 0.000000e+00 1.300402e-10 8.093186e-07 clkload216
 8.089922e-07 0.000000e+00 1.300402e-10 8.091222e-07 clkload176
 8.089267e-07 0.000000e+00 1.300402e-10 8.090568e-07 clkload299
 8.087941e-07 0.000000e+00 1.300402e-10 8.089242e-07 clkload225
 8.081981e-07 0.000000e+00 1.300401e-10 8.083281e-07 clkload271
 1.363467e-07 6.622032e-07 1.278363e-10 7.986777e-07 fanout123
 2.183091e-07 5.684802e-07 3.625274e-10 7.871519e-07 fanout160
 1.576174e-07 6.214807e-07 1.840228e-10 7.792821e-07 fanout208
 2.320401e-07 5.441392e-07 1.826761e-10 7.763620e-07 fanout546
 3.183441e-07 4.550416e-07 1.304084e-10 7.735161e-07 fanout223
 1.979814e-07 5.721836e-07 1.821563e-10 7.703472e-07 fanout276
 4.174817e-07 3.435058e-07 7.623496e-11 7.610637e-07 _26344_
 2.312265e-07 5.278054e-07 3.410668e-10 7.593730e-07 fanout159
 9.643827e-08 6.439677e-07 7.587847e-11 7.404818e-07 _18622_
 7.362427e-07 0.000000e+00 1.533162e-10 7.363960e-07 clkload143
 7.257849e-07 0.000000e+00 1.533162e-10 7.259382e-07 clkload144
 1.544579e-07 5.615823e-07 3.621046e-10 7.164023e-07 fanout198
 1.891731e-07 5.217080e-07 1.278364e-10 7.110090e-07 fanout125
 7.103737e-07 0.000000e+00 1.301139e-10 7.105038e-07 clkload116
 2.008816e-08 6.897707e-07 7.647211e-11 7.099353e-07 _18819_
 7.075008e-07 0.000000e+00 1.301139e-10 7.076309e-07 clkload62
 7.054201e-07 0.000000e+00 1.301138e-10 7.055502e-07 clkload68
 7.049081e-07 0.000000e+00 1.301138e-10 7.050382e-07 clkload70
 7.040110e-07 0.000000e+00 1.301138e-10 7.041411e-07 clkload66
 7.037843e-07 0.000000e+00 1.301139e-10 7.039145e-07 clkload119
 7.019965e-07 0.000000e+00 1.301139e-10 7.021266e-07 clkload95
 7.014957e-07 0.000000e+00 1.301138e-10 7.016258e-07 clkload82
 7.008589e-07 0.000000e+00 1.301138e-10 7.009890e-07 clkload84
 7.006302e-07 0.000000e+00 1.301139e-10 7.007603e-07 clkload75
 6.996607e-07 0.000000e+00 1.301138e-10 6.997909e-07 clkload83
 1.905092e-07 5.037498e-07 2.050880e-10 6.944641e-07 fanout82
 1.565344e-07 5.100420e-07 1.278364e-10 6.667042e-07 fanout131
 1.947219e-07 4.686102e-07 1.842363e-10 6.635163e-07 fanout595
 1.856524e-07 4.701796e-07 1.303657e-10 6.559624e-07 fanout256
 1.275530e-07 5.281154e-07 1.304285e-10 6.557988e-07 fanout518
 1.640764e-07 4.912922e-07 1.821640e-10 6.555508e-07 fanout155
 2.801396e-08 6.089012e-07 1.022036e-10 6.370174e-07 _25686_
 7.704097e-08 5.587904e-07 1.014381e-10 6.359328e-07 _25750_
 9.182779e-08 5.429256e-07 1.021628e-10 6.348556e-07 _25911_
 1.917659e-07 4.266952e-07 3.410346e-10 6.188022e-07 fanout168
 8.068884e-08 5.330483e-07 2.053182e-10 6.139425e-07 fanout172
 1.511930e-07 4.612941e-07 1.304285e-10 6.126176e-07 fanout526
 5.460552e-08 5.568226e-07 1.016047e-10 6.115296e-07 _25749_
 9.835421e-08 4.955667e-07 1.015171e-10 5.940225e-07 _25748_
 1.461492e-07 4.420316e-07 1.837587e-10 5.883645e-07 fanout602
 2.054100e-07 3.794427e-07 1.821563e-10 5.850349e-07 fanout277
 1.467984e-07 4.336212e-07 1.304084e-10 5.805500e-07 fanout227
 3.671251e-08 5.419104e-07 7.609401e-11 5.786990e-07 _25689_
 7.482299e-08 4.923243e-07 7.608029e-11 5.672234e-07 _25910_
 1.054853e-07 4.571776e-07 7.628383e-11 5.627393e-07 _18618_
 4.556723e-07 1.049245e-07 1.848816e-10 5.607817e-07 output16
 9.802069e-08 4.458559e-07 1.019117e-10 5.439785e-07 _25747_
 1.578634e-07 3.853327e-07 3.621046e-10 5.435581e-07 fanout199
 5.402088e-07 0.000000e+00 1.532328e-10 5.403620e-07 clkload107
 3.535884e-08 5.011429e-07 7.604787e-11 5.365778e-07 _19170_
 5.251691e-07 0.000000e+00 1.532326e-10 5.253224e-07 clkload104
 5.180740e-07 0.000000e+00 1.532327e-10 5.182273e-07 clkload88
 5.150688e-07 0.000000e+00 1.532327e-10 5.152220e-07 clkload65
 5.144170e-07 0.000000e+00 1.532327e-10 5.145702e-07 clkload51
 5.118933e-07 0.000000e+00 1.532327e-10 5.120465e-07 clkload59
 5.676551e-08 4.467476e-07 1.817128e-10 5.036948e-07 fanout122
 5.020258e-07 0.000000e+00 1.532327e-10 5.021791e-07 clkload69
 8.058215e-08 4.212100e-07 3.626353e-10 5.021549e-07 fanout166
 4.993717e-07 0.000000e+00 1.532327e-10 4.995250e-07 clkload109
 4.949263e-07 0.000000e+00 1.532326e-10 4.950795e-07 clkload128
 4.914583e-07 0.000000e+00 1.532326e-10 4.916116e-07 clkload124
 4.864405e-07 0.000000e+00 1.532326e-10 4.865938e-07 clkload125
 2.769731e-08 4.528227e-07 7.608867e-11 4.805962e-07 _25905_
 9.984022e-08 3.795647e-07 1.819013e-10 4.795868e-07 fanout269
 1.258981e-07 3.510968e-07 3.410281e-10 4.773358e-07 fanout265
 3.811095e-07 9.509127e-08 1.988319e-10 4.763996e-07 output14
 6.201653e-08 4.106791e-07 1.029073e-10 4.727985e-07 _27553_
 1.405837e-07 3.254056e-07 1.304285e-10 4.661197e-07 fanout496
 1.195808e-07 3.455812e-07 1.278370e-10 4.652898e-07 fanout466
 1.154007e-07 3.470450e-07 1.304284e-10 4.625762e-07 fanout530
 7.005819e-08 3.864018e-07 2.053754e-10 4.566654e-07 fanout118
 9.715266e-08 3.488501e-07 1.818009e-10 4.461846e-07 fanout176
 1.263538e-07 3.180361e-07 1.278370e-10 4.445177e-07 fanout437
 4.424754e-07 0.000000e+00 1.274851e-10 4.426028e-07 clkload156
 1.183795e-07 3.225480e-07 1.021245e-10 4.410296e-07 fanout132
 5.777287e-08 3.760327e-07 1.021751e-10 4.339078e-07 _26264_
 2.395925e-08 3.985976e-07 1.021694e-10 4.226590e-07 _25687_
 1.269538e-07 2.851548e-07 1.816378e-10 4.122902e-07 fanout119
 1.015642e-07 3.073878e-07 2.049621e-10 4.091570e-07 fanout278
 7.385167e-08 3.276895e-07 1.820468e-10 4.017232e-07 fanout179
 4.823099e-08 3.280684e-07 7.608277e-11 3.763755e-07 _26259_
 1.351441e-07 2.317295e-07 7.619100e-11 3.669499e-07 _29301_
 5.005543e-08 3.128594e-07 1.021535e-10 3.630170e-07 _25767_
 9.845327e-08 2.640258e-07 1.828190e-10 3.626619e-07 fanout589
 2.868729e-08 3.326882e-07 7.608942e-11 3.614516e-07 _26278_
 1.146591e-07 2.447387e-07 1.831191e-10 3.595809e-07 fanout603
 4.513941e-08 3.007324e-07 1.021725e-10 3.459740e-07 _26198_
 3.934650e-08 3.030619e-07 1.021792e-10 3.425105e-07 _25831_
 1.079888e-07 2.305273e-07 1.818009e-10 3.386980e-07 fanout175
 4.344589e-08 2.815851e-07 1.021696e-10 3.251331e-07 _25891_
 2.758625e-08 2.945178e-07 7.608401e-11 3.221802e-07 _25904_
 3.661428e-08 2.832035e-07 1.021687e-10 3.199200e-07 _25887_
 1.446109e-08 3.052641e-07 1.022033e-10 3.198274e-07 _25695_
 1.530307e-07 1.650715e-07 7.611328e-11 3.181783e-07 _27203_
 1.429405e-07 1.674457e-07 7.632895e-11 3.104625e-07 _20454_
 1.051432e-07 2.049080e-07 1.819013e-10 3.102332e-07 fanout270
 3.801790e-08 2.700651e-07 1.021441e-10 3.081852e-07 _25812_
 3.608454e-08 2.671633e-07 1.021706e-10 3.033500e-07 _25795_
 2.671551e-08 2.755130e-07 7.608544e-11 3.023046e-07 _25766_
 3.895006e-08 2.598691e-07 1.021800e-10 2.989213e-07 _26010_
 8.188046e-08 2.099633e-07 1.825115e-10 2.920263e-07 fanout570
 4.037616e-08 2.485253e-07 7.602955e-11 2.889775e-07 _27665_
 7.829497e-08 2.054915e-07 3.625954e-10 2.841491e-07 fanout260
 3.734188e-08 2.448434e-07 1.021776e-10 2.822875e-07 _26208_
 1.140348e-07 1.652291e-07 1.818391e-10 2.794457e-07 max_cap171
 2.696666e-08 2.485239e-07 7.608468e-11 2.755666e-07 _26037_
 3.719118e-08 2.328464e-07 1.021809e-10 2.701398e-07 _25886_
 5.289631e-08 2.160296e-07 7.632056e-11 2.690022e-07 _21449_
 3.259691e-08 2.354187e-07 1.021388e-10 2.681178e-07 _25856_
 7.206346e-08 1.921417e-07 7.608597e-11 2.642813e-07 _22355_
 1.460722e-07 1.169361e-07 7.610995e-11 2.630843e-07 _29425_
 8.381929e-08 1.738733e-07 7.635498e-11 2.577690e-07 _27874_
 2.478916e-07 8.112869e-09 1.937217e-10 2.561982e-07 output28
 2.323749e-07 2.324835e-08 1.826779e-10 2.558059e-07 output15
 3.272739e-08 2.226825e-07 7.608044e-11 2.554860e-07 _25922_
 3.420235e-08 2.194180e-07 1.021646e-10 2.537225e-07 _25804_
 2.368244e-07 1.634425e-08 1.936484e-10 2.533623e-07 output41
 4.188360e-08 2.097104e-07 1.021605e-10 2.516962e-07 _26022_
 2.422158e-07 9.014014e-09 1.937535e-10 2.514235e-07 output57
 5.021825e-08 1.973286e-07 7.627277e-11 2.476232e-07 _26776_
 3.295942e-08 2.114787e-07 1.021761e-10 2.445403e-07 _26280_
 2.537101e-08 2.176721e-07 1.021732e-10 2.431453e-07 _25921_
 1.268647e-07 1.160696e-07 7.581127e-11 2.430102e-07 _18628_
 2.379703e-07 4.763614e-09 1.935407e-10 2.429274e-07 output35
 9.737148e-08 1.449101e-07 1.029417e-10 2.423845e-07 _17271_
 3.065704e-08 2.107632e-07 1.021667e-10 2.415225e-07 _26251_
 2.690068e-08 2.145006e-07 1.021644e-10 2.415035e-07 _26082_
 3.117208e-08 2.075580e-07 7.608739e-11 2.388062e-07 _26277_
 2.664408e-08 2.103833e-07 7.608772e-11 2.371035e-07 _26261_
 3.333328e-08 2.004153e-07 1.018356e-10 2.338504e-07 _26227_
 2.201634e-07 1.105892e-08 1.935551e-10 2.314159e-07 output52
 4.171449e-08 1.895808e-07 7.608209e-11 2.313714e-07 _25830_
 4.180825e-08 1.882231e-07 2.054692e-10 2.302368e-07 wire71
 8.928576e-08 1.406464e-07 7.641721e-11 2.300086e-07 _27169_
 7.087964e-08 1.581890e-07 7.608370e-11 2.291447e-07 _22976_
 3.625493e-08 1.911341e-07 7.608117e-11 2.274651e-07 _26084_
 7.710401e-08 1.485081e-07 7.608293e-11 2.256882e-07 _24549_
 3.944244e-08 1.843156e-07 7.608497e-11 2.238341e-07 _26191_
 2.071566e-08 2.029364e-07 7.608525e-11 2.237281e-07 _26151_
 2.092464e-07 1.392078e-08 1.936598e-10 2.233609e-07 output34
 1.054651e-07 1.171297e-07 7.610089e-11 2.226709e-07 _28623_
 2.148061e-07 7.428281e-09 1.936175e-10 2.224280e-07 output33
 3.720752e-08 1.808782e-07 7.638806e-11 2.181621e-07 _21437_
 1.430935e-07 7.291793e-08 7.605745e-11 2.160875e-07 _29278_
 3.245084e-08 1.828914e-07 7.608492e-11 2.154183e-07 _25833_
 3.229945e-08 1.819467e-07 7.608923e-11 2.143222e-07 _26036_
 3.133298e-08 1.778057e-07 7.608747e-11 2.092147e-07 _26179_
 1.529217e-08 1.932391e-07 7.609531e-11 2.086074e-07 _26279_
 8.163465e-08 1.252908e-07 7.608848e-11 2.070015e-07 _28332_
 1.262550e-07 7.911669e-08 7.612935e-11 2.054478e-07 _27448_
 5.320594e-08 1.520844e-07 7.608654e-11 2.053664e-07 _22872_
 4.679713e-08 1.576614e-07 7.646871e-11 2.045351e-07 _27591_
 3.116140e-08 1.732299e-07 7.609158e-11 2.044674e-07 _26111_
 2.355589e-08 1.794159e-07 7.608258e-11 2.030479e-07 _25768_
 4.962254e-08 1.528311e-07 7.609025e-11 2.025297e-07 _25785_
 3.541886e-08 1.666245e-07 7.608103e-11 2.021194e-07 _26153_
 1.904994e-07 1.096578e-08 1.935093e-10 2.016587e-07 output17
 1.937984e-08 1.810217e-07 7.609358e-11 2.004776e-07 _26150_
 2.158457e-08 1.786523e-07 1.021563e-10 2.003390e-07 _25840_
 2.953955e-08 1.704920e-07 7.608932e-11 2.001076e-07 _26272_
 3.299343e-08 1.666751e-07 1.021579e-10 1.997707e-07 _25851_
 4.955259e-08 1.493301e-07 7.608464e-11 1.989588e-07 _26254_
 6.010760e-08 1.385373e-07 7.608553e-11 1.987210e-07 _25266_
 3.516675e-08 1.633742e-07 7.608175e-11 1.986170e-07 _26027_
 6.325135e-08 1.347022e-07 7.609124e-11 1.980296e-07 _26159_
 3.424832e-08 1.621592e-07 7.608718e-11 1.964836e-07 _26048_
 2.579803e-08 1.697378e-07 7.608654e-11 1.956119e-07 _26129_
 2.064457e-08 1.737029e-07 7.607195e-11 1.944235e-07 _25909_
 2.136007e-08 1.711471e-07 1.021123e-10 1.926093e-07 _25939_
 3.283618e-08 1.595565e-07 7.608191e-11 1.924688e-07 _26218_
 3.563772e-08 1.554729e-07 7.608997e-11 1.911867e-07 _26093_
 2.557824e-08 1.645319e-07 7.609198e-11 1.901862e-07 _26258_
 4.555232e-08 1.439053e-07 7.608957e-11 1.895337e-07 _26070_
 1.390999e-08 1.746635e-07 7.609504e-11 1.886496e-07 _25685_
 3.890629e-08 1.494233e-07 7.608832e-11 1.884057e-07 _25757_
 3.242896e-08 1.548804e-07 1.021683e-10 1.874115e-07 _25776_
 8.002316e-08 1.069407e-07 7.609066e-11 1.870400e-07 _29061_
 3.047969e-08 1.563303e-07 7.607934e-11 1.868861e-07 _25955_
 2.664275e-08 1.598733e-07 7.607448e-11 1.865922e-07 _25838_
 1.175543e-07 6.892704e-08 7.609165e-11 1.865575e-07 _28630_
 6.858907e-08 1.178195e-07 7.626071e-11 1.864849e-07 _26855_
 1.263294e-07 5.966027e-08 7.642728e-11 1.860661e-07 _15036_
 3.047561e-08 1.552182e-07 7.609372e-11 1.857699e-07 _26239_
 4.708980e-08 1.363583e-07 7.608424e-11 1.835241e-07 _26132_
 8.020358e-09 1.753785e-07 1.019652e-10 1.835009e-07 _25684_
 8.627267e-08 9.684518e-08 7.610264e-11 1.831940e-07 _28924_
 4.466005e-08 1.381303e-07 7.608361e-11 1.828665e-07 _26326_
 1.033707e-07 7.925689e-08 7.610113e-11 1.827037e-07 _29392_
 2.996886e-08 1.525994e-07 7.608919e-11 1.826443e-07 _26236_
 1.190736e-07 6.301462e-08 7.608784e-11 1.821643e-07 _28046_
 3.409656e-08 1.474762e-07 7.608272e-11 1.816489e-07 _25982_
 1.784451e-08 1.636488e-07 7.608734e-11 1.815694e-07 _25912_
 2.952094e-08 1.512148e-07 7.608347e-11 1.808118e-07 _25941_
 1.443932e-07 3.610286e-08 2.049383e-10 1.807010e-07 output13
 5.018934e-08 1.302599e-07 7.610138e-11 1.805253e-07 _26223_
 3.723575e-08 1.427086e-07 7.608902e-11 1.800205e-07 _26197_
 4.126542e-08 1.384932e-07 7.608919e-11 1.798347e-07 _26035_
 6.842446e-08 1.112938e-07 7.644758e-11 1.797948e-07 _28360_
 2.301132e-08 1.563171e-07 7.608569e-11 1.794046e-07 _25876_
 3.291019e-08 1.451043e-07 7.608322e-11 1.780906e-07 _26124_
 2.561158e-08 1.514193e-07 7.607805e-11 1.771070e-07 _26099_
 2.180954e-08 1.544965e-07 1.021720e-10 1.764082e-07 _25848_
 3.778647e-08 1.380682e-07 2.054389e-10 1.760601e-07 fanout261
 6.775335e-08 1.075958e-07 7.642084e-11 1.754256e-07 _27885_
 1.065035e-07 6.808688e-08 7.608081e-11 1.746664e-07 _27496_
 3.220299e-08 1.423230e-07 7.608279e-11 1.746020e-07 _25794_
 2.676895e-08 1.471308e-07 1.021545e-10 1.740019e-07 _26224_
 9.756911e-08 7.365565e-08 7.606740e-11 1.713008e-07 _14731_
 2.217293e-08 1.490303e-07 7.608152e-11 1.712793e-07 _26055_
 2.750487e-08 1.429769e-07 7.607768e-11 1.705579e-07 _25761_
 3.446147e-08 1.354465e-07 7.630879e-11 1.699843e-07 _18513_
 2.201142e-08 1.473082e-07 7.608442e-11 1.693957e-07 _26109_
 2.673492e-08 1.415108e-07 2.056186e-10 1.684513e-07 fanout140
 7.942190e-08 8.892265e-08 7.608618e-11 1.684206e-07 _27630_
 3.071839e-08 1.358746e-07 7.608639e-11 1.666691e-07 _25958_
 9.521202e-08 7.109528e-08 7.607646e-11 1.663834e-07 _28675_
 2.620992e-08 1.389280e-07 7.609620e-11 1.652140e-07 _25883_
 3.054648e-08 1.343869e-07 7.608334e-11 1.650095e-07 _25895_
 3.251888e-08 1.314178e-07 7.608086e-11 1.640128e-07 _25920_
 2.690827e-08 1.359588e-07 7.608636e-11 1.629431e-07 _25813_
 1.966648e-08 1.428704e-07 7.608079e-11 1.626129e-07 _25913_
 1.164482e-07 4.596405e-08 7.607492e-11 1.624883e-07 _27802_
 2.185848e-08 1.404627e-07 7.588618e-11 1.623971e-07 _19611_
 9.999307e-08 6.229964e-08 7.609827e-11 1.623688e-07 _29365_
 5.667947e-08 1.055423e-07 7.592147e-11 1.622977e-07 _25745_
 4.052069e-08 1.205164e-07 7.608314e-11 1.611132e-07 _25803_
 3.862079e-08 1.223799e-07 7.609094e-11 1.610768e-07 _17294_
 9.083423e-08 6.966017e-08 7.609947e-11 1.605705e-07 _28445_
 2.632058e-08 1.337760e-07 7.608460e-11 1.601727e-07 _25914_
 9.144200e-08 6.839115e-08 7.607519e-11 1.599092e-07 _28323_
 2.547310e-08 1.342510e-07 7.608290e-11 1.598002e-07 _25877_
 9.249173e-08 6.628838e-08 7.609138e-11 1.588562e-07 _27792_
 2.685642e-08 1.306355e-07 7.607928e-11 1.575680e-07 _25859_
 2.427255e-08 1.328344e-07 1.021686e-10 1.572091e-07 _26066_
 2.494352e-08 1.309068e-07 7.607921e-11 1.559264e-07 _26171_
 6.964836e-08 8.596512e-08 7.611659e-11 1.556896e-07 _28794_
 3.348804e-08 1.218609e-07 7.608400e-11 1.554251e-07 _16865_
 3.403008e-08 1.199611e-07 7.608656e-11 1.540673e-07 _25869_
 2.825172e-08 1.234591e-07 7.609065e-11 1.517869e-07 _26181_
 2.300836e-08 1.283715e-07 7.607143e-11 1.514560e-07 _26158_
 3.163636e-08 1.197125e-07 7.608314e-11 1.514250e-07 _26320_
 1.413982e-07 9.775974e-09 1.936083e-10 1.513678e-07 output36
 3.006933e-08 1.210762e-07 7.607878e-11 1.512216e-07 _25811_
 7.784066e-08 7.323263e-08 7.643726e-11 1.511497e-07 _14991_
 7.728146e-08 7.372539e-08 7.607392e-11 1.510829e-07 _29256_
 1.808453e-08 1.329185e-07 7.606951e-11 1.510791e-07 _25965_
 3.251057e-08 1.179341e-07 7.608593e-11 1.505207e-07 _25797_
 4.330563e-08 1.071300e-07 7.646730e-11 1.505121e-07 _26624_
 3.353309e-08 1.163267e-07 7.608772e-11 1.499358e-07 _25950_
 2.622479e-08 1.232277e-07 7.609030e-11 1.495286e-07 _25953_
 3.786905e-08 1.115720e-07 7.609413e-11 1.495171e-07 _26007_
 3.062812e-08 1.185697e-07 7.608783e-11 1.492739e-07 _26054_
 3.804918e-08 1.109349e-07 7.608517e-11 1.490601e-07 _26173_
 2.367376e-08 1.250879e-07 7.608245e-11 1.488378e-07 _26206_
 2.367603e-08 1.248684e-07 7.607842e-11 1.486206e-07 _26243_
 1.785362e-08 1.306088e-07 1.021598e-10 1.485645e-07 _25786_
 2.271542e-08 1.256842e-07 7.608654e-11 1.484757e-07 _26127_
 1.909545e-08 1.291156e-07 7.608716e-11 1.482871e-07 _25775_
 3.474533e-08 1.130370e-07 7.608372e-11 1.478585e-07 _25987_
 7.469369e-08 7.278030e-08 7.610110e-11 1.475501e-07 _28316_
 2.910152e-08 1.174036e-07 7.608229e-11 1.465812e-07 _25993_
 1.046418e-07 4.170460e-08 7.607914e-11 1.464225e-07 _28883_
 1.314204e-07 1.438720e-08 1.940202e-10 1.460017e-07 output60
 2.284557e-08 1.218735e-07 7.608711e-11 1.447952e-07 _26182_
 3.489867e-08 1.096205e-07 7.608401e-11 1.445953e-07 _25758_
 1.816594e-08 1.259266e-07 7.608561e-11 1.441686e-07 _25923_
 1.379138e-07 5.630287e-09 1.936945e-10 1.437378e-07 output61
 8.813149e-08 5.530648e-08 7.612012e-11 1.435141e-07 _29407_
 9.288593e-08 5.034387e-08 7.610004e-11 1.433059e-07 _15086_
 9.076447e-08 5.238149e-08 7.609818e-11 1.432221e-07 _28091_
 7.767483e-08 6.487547e-08 7.611568e-11 1.426264e-07 _29052_
 4.885427e-08 9.234746e-08 7.608807e-11 1.412778e-07 _24441_
 3.125661e-08 1.098140e-07 7.608976e-11 1.411466e-07 _25928_
 3.143553e-08 1.094097e-07 7.606944e-11 1.409213e-07 _25850_
 2.561679e-08 1.146960e-07 7.608134e-11 1.403889e-07 _26135_
 3.912318e-09 1.362712e-07 1.029786e-10 1.402865e-07 _27460_
 1.921397e-08 1.208510e-07 7.607688e-11 1.401410e-07 _26097_
 1.942763e-08 1.190226e-07 7.608067e-11 1.385263e-07 _26116_
 2.248421e-08 1.156032e-07 7.608388e-11 1.381634e-07 _26281_
 2.879234e-08 1.087045e-07 7.601552e-11 1.375729e-07 _25933_
 7.050448e-08 6.695487e-08 7.612448e-11 1.375355e-07 _14766_
 2.312530e-08 1.125688e-07 7.607378e-11 1.357701e-07 _25966_
 2.079863e-08 1.145420e-07 7.606569e-11 1.354167e-07 _26222_
 3.317852e-08 1.018358e-07 7.608826e-11 1.350904e-07 _25815_
 2.834503e-08 1.065511e-07 7.604542e-11 1.349722e-07 _26310_
 3.657613e-08 9.823929e-08 7.608884e-11 1.348915e-07 _25932_
 2.883569e-08 1.059052e-07 7.609108e-11 1.348170e-07 _25769_
 1.263130e-07 8.067112e-09 1.934017e-10 1.345735e-07 output58
 1.278143e-07 6.032426e-09 1.937005e-10 1.340404e-07 output38
 3.097449e-08 1.028627e-07 7.608311e-11 1.339133e-07 _25865_
 3.686144e-08 9.657731e-08 7.607939e-11 1.335148e-07 _26114_
 5.305822e-08 8.027602e-08 7.640583e-11 1.334107e-07 _28754_
 2.619138e-08 1.061044e-07 7.608345e-11 1.323719e-07 _17606_
 3.112828e-08 1.010728e-07 7.608449e-11 1.322772e-07 _26028_
 7.727119e-08 5.368752e-08 7.640919e-11 1.310351e-07 _29202_
 7.712680e-08 5.274087e-08 7.610019e-11 1.299438e-07 _29172_
 6.222989e-08 6.738964e-08 7.613478e-11 1.296957e-07 _14830_
 3.031212e-08 9.894895e-08 7.608357e-11 1.293372e-07 _25842_
 5.826732e-08 7.094668e-08 7.640855e-11 1.292904e-07 _27183_
 8.427840e-08 4.491303e-08 7.611974e-11 1.292675e-07 _29220_
 2.518770e-08 1.039741e-07 7.608295e-11 1.292378e-07 _25777_
 2.109709e-08 1.076743e-07 7.609283e-11 1.288475e-07 _26009_
 1.916688e-08 1.091487e-07 7.608932e-11 1.283916e-07 _25823_
 3.264873e-08 9.553904e-08 7.607644e-11 1.282638e-07 _25893_
 4.209219e-08 8.553286e-08 7.619196e-11 1.277012e-07 _25741_
 1.440033e-08 1.130577e-07 7.608857e-11 1.275341e-07 _26276_
 2.960770e-08 9.695574e-08 7.608701e-11 1.266395e-07 _25929_
 2.423647e-08 1.019341e-07 7.608819e-11 1.262466e-07 _26083_
 2.297188e-08 1.030619e-07 7.607991e-11 1.261098e-07 _26315_
 2.721615e-08 9.779021e-08 7.609922e-11 1.250825e-07 _26017_
 1.776225e-08 1.071442e-07 7.608074e-11 1.249825e-07 _26180_
 4.453091e-08 8.007026e-08 7.606556e-11 1.246772e-07 _15676_
 1.521002e-08 1.091607e-07 7.607297e-11 1.244467e-07 _26162_
 2.698835e-08 9.724788e-08 7.584401e-11 1.243121e-07 _20157_
 2.455267e-08 9.954550e-08 7.608519e-11 1.241742e-07 _25805_
 3.541899e-08 8.857694e-08 7.608024e-11 1.240720e-07 _26187_
 2.478653e-08 9.876806e-08 7.608076e-11 1.236307e-07 _25787_
 4.169191e-08 8.167943e-08 7.608192e-11 1.234474e-07 _26268_
 2.920013e-08 9.414531e-08 7.608023e-11 1.234215e-07 _26021_
 1.996083e-08 1.030464e-07 7.608450e-11 1.230833e-07 _25864_
 3.886831e-08 8.315195e-08 7.608683e-11 1.220964e-07 _25868_
 3.198087e-08 8.970369e-08 7.609206e-11 1.217607e-07 _25796_
 2.310495e-08 9.834552e-08 7.608363e-11 1.215266e-07 _25789_
 1.479731e-08 1.065854e-07 7.606989e-11 1.214588e-07 _26046_
 6.773934e-08 5.364204e-08 7.610476e-11 1.214575e-07 _29012_
 8.094027e-08 4.007108e-08 7.611894e-11 1.210875e-07 _28493_
 9.282472e-08 2.770042e-08 7.611674e-11 1.206012e-07 _14840_
 3.553842e-08 8.470280e-08 7.606768e-11 1.203173e-07 _26039_
 2.672736e-08 9.306273e-08 7.589140e-11 1.198660e-07 _24239_
 1.880643e-08 1.008086e-07 7.608489e-11 1.196911e-07 _25885_
 2.717181e-08 9.238033e-08 7.608589e-11 1.196282e-07 _26289_
 3.114938e-08 8.822158e-08 7.608735e-11 1.194470e-07 _26071_
 2.792573e-08 9.134049e-08 7.609502e-11 1.193423e-07 _18377_
 2.384813e-08 9.529437e-08 7.608340e-11 1.192186e-07 _26056_
 1.154920e-07 3.356472e-09 1.935134e-10 1.190420e-07 output59
 3.834092e-08 8.049626e-08 7.608521e-11 1.189133e-07 _26169_
 2.257623e-08 9.602718e-08 7.608585e-11 1.186795e-07 _26087_
 2.890662e-08 8.940039e-08 7.607653e-11 1.183831e-07 _26263_
 2.234337e-08 9.550718e-08 7.608519e-11 1.179266e-07 _26252_
 2.462397e-08 9.261160e-08 7.609031e-11 1.173117e-07 _26199_
 5.345579e-08 6.216290e-08 7.608733e-11 1.156948e-07 _25690_
 2.012520e-08 9.547713e-08 7.609271e-11 1.156784e-07 _26131_
 2.830401e-08 8.726496e-08 7.607089e-11 1.156450e-07 _26018_
 2.832034e-08 8.677622e-08 7.611352e-11 1.151727e-07 _26061_
 2.628790e-08 8.879197e-08 7.608143e-11 1.151560e-07 _16793_
 3.217467e-08 8.270831e-08 7.608555e-11 1.149591e-07 _25967_
 2.478980e-08 9.001151e-08 7.609074e-11 1.148774e-07 _26030_
 2.733562e-08 8.739259e-08 7.612787e-11 1.148043e-07 _19046_
 2.160934e-08 9.277453e-08 7.608258e-11 1.144600e-07 _26020_
 1.733945e-08 9.683414e-08 7.608483e-11 1.142497e-07 _25816_
 2.208653e-08 9.199793e-08 7.608637e-11 1.141605e-07 _26214_
 3.065242e-08 8.285963e-08 7.609077e-11 1.135881e-07 _26128_
 6.301153e-08 5.031617e-08 7.613579e-11 1.134038e-07 _28731_
 2.834294e-09 1.104858e-07 7.627780e-11 1.133963e-07 _25694_
 2.768318e-08 8.546531e-08 7.607327e-11 1.132246e-07 _17772_
 4.870622e-08 6.431822e-08 7.644362e-11 1.131009e-07 _28108_
 8.042635e-08 3.257992e-08 7.639085e-11 1.130827e-07 _14786_
 5.773797e-08 5.499122e-08 7.612541e-11 1.128053e-07 _14873_
 1.882066e-08 9.386839e-08 7.609048e-11 1.127651e-07 _25847_
 1.822642e-08 9.384458e-08 1.021625e-10 1.121732e-07 _26140_
 1.065097e-07 4.715866e-09 1.937842e-10 1.114194e-07 output62
 2.614568e-08 8.508754e-08 7.608313e-11 1.113093e-07 _25779_
 7.299898e-08 3.800347e-08 7.611096e-11 1.110786e-07 _27619_
 5.786110e-08 5.257328e-08 7.645424e-11 1.105108e-07 _27999_
 7.363992e-08 3.679252e-08 7.610578e-11 1.105085e-07 _14780_
 1.820727e-08 9.211512e-08 7.609059e-11 1.103985e-07 _26002_
 2.891515e-08 8.120330e-08 7.608796e-11 1.101945e-07 _25855_
 6.608527e-08 4.393052e-08 7.645120e-11 1.100922e-07 _27653_
 3.022267e-08 7.962441e-08 7.620671e-11 1.099233e-07 _18069_
 2.916998e-08 8.033515e-08 7.608417e-11 1.095812e-07 _26286_
 3.754634e-08 7.066394e-08 7.607302e-11 1.082863e-07 _25762_
 1.566649e-08 9.241032e-08 7.608050e-11 1.081529e-07 _25991_
 2.711426e-08 8.072136e-08 7.607956e-11 1.079117e-07 _25894_
 1.783790e-08 8.923988e-08 7.608947e-11 1.071539e-07 _26200_
 1.642510e-08 9.053156e-08 7.608085e-11 1.070327e-07 _25824_
 2.807900e-08 7.800483e-08 7.608912e-11 1.061599e-07 _26092_
 2.617247e-08 7.962704e-08 7.590002e-11 1.058754e-07 _19932_
 6.450094e-08 4.128620e-08 7.645072e-11 1.058636e-07 _27074_
 1.598541e-08 8.976502e-08 7.607900e-11 1.058265e-07 _26321_
 1.992528e-08 8.496517e-08 7.607386e-11 1.049665e-07 _26170_
 2.095695e-08 8.289375e-08 7.608110e-11 1.039268e-07 _26189_
 2.152687e-08 8.200514e-08 7.609011e-11 1.036081e-07 _26065_
 1.733186e-08 8.598650e-08 7.608733e-11 1.033944e-07 _26207_
 6.331904e-08 3.953887e-08 7.630353e-11 1.029342e-07 _18511_
 1.938026e-08 8.300054e-08 7.608599e-11 1.024569e-07 _25931_
 2.595619e-08 7.626153e-08 7.609112e-11 1.022938e-07 _26101_
 2.095958e-08 8.106100e-08 7.608110e-11 1.020967e-07 _25760_
 2.379761e-08 7.796363e-08 7.607989e-11 1.018373e-07 _26145_
 3.906829e-08 6.252615e-08 7.606692e-11 1.016705e-07 _21431_
 4.703781e-08 5.454000e-08 7.645425e-11 1.016543e-07 _15178_
 2.798886e-08 7.346521e-08 7.608415e-11 1.015302e-07 _25753_
 2.409444e-08 7.700761e-08 7.603078e-11 1.011781e-07 _26057_
 5.662788e-08 4.420003e-08 7.640889e-11 1.009043e-07 _28024_
 2.154485e-08 7.916002e-08 7.608794e-11 1.007810e-07 _26081_
 2.756750e-08 7.310516e-08 7.608130e-11 1.007487e-07 _25900_
 6.381790e-08 3.684071e-08 7.639088e-11 1.007350e-07 _29288_
 9.730213e-08 3.117897e-09 1.935969e-10 1.006136e-07 output37
 2.194412e-08 7.853090e-08 7.609274e-11 1.005511e-07 _25825_
 1.206964e-08 8.833198e-08 7.609342e-11 1.004777e-07 _25793_
 3.328644e-08 6.698306e-08 7.627616e-11 1.003458e-07 _18075_
 2.649653e-08 7.369683e-08 7.608532e-11 1.002694e-07 _25992_
 3.242481e-08 6.775747e-08 7.607483e-11 1.002584e-07 _19717_
 4.910391e-08 5.079781e-08 7.577340e-11 9.997748e-08 _29298_
 6.387030e-08 3.556592e-08 7.612367e-11 9.951233e-08 _14837_
 2.015942e-08 7.862831e-08 7.606928e-11 9.886381e-08 _25946_
 1.453859e-08 8.421091e-08 7.606481e-11 9.882556e-08 _16093_
 1.726305e-08 8.142396e-08 7.608338e-11 9.876310e-08 _26327_
 2.074531e-08 7.793987e-08 7.607952e-11 9.876126e-08 _25756_
 1.777996e-08 8.085566e-08 7.608110e-11 9.871169e-08 _26325_
 2.320918e-08 7.490254e-08 7.608688e-11 9.818780e-08 _26192_
 2.393985e-08 7.402868e-08 7.608396e-11 9.804462e-08 _26137_
 1.394946e-08 8.399623e-08 7.607670e-11 9.802176e-08 _25802_
 4.023054e-08 5.718256e-08 7.610286e-11 9.748920e-08 _23608_
 1.561692e-08 8.089410e-08 7.608190e-11 9.658711e-08 _26196_
 2.487359e-08 7.135252e-08 7.608138e-11 9.630219e-08 _26038_
 2.095691e-08 7.511824e-08 7.609499e-11 9.615124e-08 _25866_
 5.651329e-08 3.923925e-08 7.639946e-11 9.582894e-08 _27990_
 2.520333e-08 7.003268e-08 7.607684e-11 9.531208e-08 _26047_
 1.694688e-08 7.817204e-08 7.608687e-11 9.519501e-08 _25858_
 2.208436e-08 7.285799e-08 7.609048e-11 9.501844e-08 _18159_
 3.167977e-08 6.304932e-08 7.607880e-11 9.480517e-08 _26205_
 1.797916e-08 7.659444e-08 7.608794e-11 9.464969e-08 _25983_
 1.517122e-08 7.932755e-08 7.606701e-11 9.457483e-08 _15863_
 2.175481e-08 7.274231e-08 7.609375e-11 9.457322e-08 _25957_
 2.272294e-08 7.149293e-08 7.608580e-11 9.429195e-08 _26001_
 1.394889e-08 8.010525e-08 7.607578e-11 9.413021e-08 _25919_
 1.830270e-08 7.488041e-08 7.607664e-11 9.325920e-08 _26300_
 1.709764e-08 7.592620e-08 7.607141e-11 9.309991e-08 _25902_
 1.866521e-08 7.370004e-08 7.608097e-11 9.244133e-08 _25780_
 1.464852e-08 7.743912e-08 7.608199e-11 9.216372e-08 _26328_
 7.443260e-09 8.383802e-08 7.623757e-11 9.135751e-08 _25907_
 1.782849e-08 7.292591e-08 7.607904e-11 9.083048e-08 _17560_
 2.282391e-08 6.747706e-08 7.608128e-11 9.037705e-08 _25857_
 1.511029e-08 7.516284e-08 7.608850e-11 9.034922e-08 _26250_
 1.516559e-08 7.501230e-08 7.606317e-11 9.025395e-08 _26317_
 1.685593e-08 7.300028e-08 7.607531e-11 8.993229e-08 _25806_
 1.891348e-08 7.055580e-08 2.055096e-10 8.967479e-08 max_cap68
 2.097795e-08 6.859525e-08 7.602832e-11 8.964923e-08 _17368_
 1.674989e-08 7.278824e-08 7.608707e-11 8.961421e-08 _26126_
 1.677733e-08 7.196088e-08 7.608283e-11 8.881429e-08 _26161_
 4.118850e-08 4.712957e-08 7.643893e-11 8.839450e-08 _14886_
 5.544546e-08 3.268958e-08 7.646381e-11 8.821150e-08 _15375_
 2.318620e-08 6.437970e-08 1.993128e-10 8.776522e-08 fanout654
 1.413160e-08 7.344785e-08 7.607458e-11 8.765552e-08 _25814_
 2.507314e-08 6.209253e-08 7.608332e-11 8.724175e-08 _16427_
 1.543854e-08 7.138920e-08 7.609115e-11 8.690384e-08 _26006_
 1.479522e-08 7.184662e-08 7.607700e-11 8.671792e-08 _26123_
 3.303579e-08 5.330048e-08 7.589174e-11 8.641216e-08 _23503_
 1.220508e-08 7.395845e-08 1.020872e-10 8.626562e-08 _25792_
 1.715205e-08 6.847595e-08 7.571260e-11 8.570372e-08 _16034_
 4.791324e-08 3.754548e-08 7.648893e-11 8.553521e-08 _18817_
 1.507237e-08 7.010453e-08 7.609240e-11 8.525299e-08 _26074_
 5.783159e-08 2.685751e-08 7.643251e-11 8.476554e-08 _29191_
 1.626347e-08 6.841798e-08 7.600770e-11 8.475745e-08 _26063_
 1.330283e-08 7.105874e-08 2.056281e-10 8.456720e-08 max_cap74
 2.317585e-08 6.129063e-08 7.587852e-11 8.454236e-08 _19500_
 1.554017e-08 6.890798e-08 7.608676e-11 8.452424e-08 _26285_
 1.679703e-08 6.747882e-08 7.608592e-11 8.435194e-08 _25788_
 2.024787e-08 6.396581e-08 7.608505e-11 8.428976e-08 _25873_
 1.579480e-08 6.823689e-08 1.020938e-10 8.413379e-08 _26033_
 1.554483e-08 6.830552e-08 7.604648e-11 8.392641e-08 _17113_
 2.147853e-08 6.139781e-08 7.608866e-11 8.295243e-08 _26139_
 1.572521e-08 6.689850e-08 7.608775e-11 8.269980e-08 _26154_
 1.490496e-08 6.725464e-08 7.607413e-11 8.223567e-08 _26034_
 5.805824e-08 2.375557e-08 7.643289e-11 8.189024e-08 _28453_
 2.062781e-08 6.104671e-08 7.608579e-11 8.175061e-08 _26011_
 1.336364e-08 6.801997e-08 7.609810e-11 8.145971e-08 _26238_
 1.562277e-08 6.559885e-08 1.020576e-10 8.132368e-08 _26041_
 3.051618e-08 5.049106e-08 7.645629e-11 8.108370e-08 _28561_
 2.774625e-08 5.268119e-08 7.608526e-11 8.050353e-08 _26319_
 1.718257e-08 6.259498e-08 7.599581e-11 7.985354e-08 _25962_
 2.144870e-08 5.791868e-08 7.607932e-11 7.944345e-08 _25770_
 2.748214e-08 5.161560e-08 7.608952e-11 7.917384e-08 _26298_
 4.610673e-08 3.279691e-08 7.641671e-11 7.898006e-08 _14908_
 1.798527e-08 6.070995e-08 7.608567e-11 7.877131e-08 _26271_
 2.302998e-08 5.544980e-08 7.587696e-11 7.855566e-08 _26233_
 3.633389e-08 4.213909e-08 7.582760e-11 7.854881e-08 _25605_
 1.403143e-08 6.389384e-08 7.608705e-11 7.800136e-08 _25882_
 4.770817e-08 2.990403e-08 7.614934e-11 7.768835e-08 _14801_
 1.532261e-08 6.210603e-08 1.020407e-10 7.753069e-08 _26284_
 5.213454e-08 2.517742e-08 7.643463e-11 7.738839e-08 _28235_
 1.403966e-08 6.309410e-08 1.021128e-10 7.723587e-08 _25801_
 2.286239e-08 5.427870e-08 7.607798e-11 7.721717e-08 _20261_
 2.914774e-08 4.788295e-08 7.590542e-11 7.710661e-08 _24131_
 2.762964e-08 4.894097e-08 7.610237e-11 7.664671e-08 _25943_
 4.770168e-08 2.844383e-08 7.639513e-11 7.622191e-08 _14955_
 1.699805e-08 5.902176e-08 7.608257e-11 7.609590e-08 _26186_
 4.545953e-08 3.042301e-08 7.643045e-11 7.595897e-08 _28643_
 2.096948e-08 5.477006e-08 7.608218e-11 7.581562e-08 _25688_
 2.514621e-08 5.036779e-08 7.586931e-11 7.558987e-08 _19061_
 1.450485e-08 6.097108e-08 7.609506e-11 7.555202e-08 _25927_
 1.356464e-08 6.185576e-08 7.609625e-11 7.549650e-08 _26299_
 1.276836e-08 6.220135e-08 1.020714e-10 7.507178e-08 _26051_
 4.829049e-08 2.640794e-08 7.643584e-11 7.477486e-08 _27284_
 2.448736e-08 5.007121e-08 7.646384e-11 7.463503e-08 _14986_
 4.445973e-08 2.997974e-08 7.641006e-11 7.451588e-08 _28778_
 2.014682e-08 5.420753e-08 7.586538e-11 7.443021e-08 _26235_
 1.791084e-08 5.629524e-08 7.607680e-11 7.428216e-08 _25849_
 1.449780e-08 5.936185e-08 7.608345e-11 7.393573e-08 _26090_
 2.464368e-08 4.899838e-08 7.600858e-11 7.371806e-08 _25940_
 2.114305e-08 5.246842e-08 7.608915e-11 7.368757e-08 _26168_
 2.065340e-08 5.223759e-08 7.591010e-11 7.296690e-08 _26234_
 1.496301e-08 5.751030e-08 7.608763e-11 7.254940e-08 _26160_
 2.453846e-08 4.791370e-08 7.613393e-11 7.252829e-08 _25589_
 1.081276e-08 6.130276e-08 7.610415e-11 7.219163e-08 _26176_
 4.603884e-08 2.583549e-08 7.615282e-11 7.195048e-08 _28243_
 1.460081e-08 5.706540e-08 7.608902e-11 7.174230e-08 _26117_
 7.134158e-09 6.421191e-08 7.631282e-11 7.142238e-08 _15698_
 3.809324e-08 3.201020e-08 7.644956e-11 7.017989e-08 _29328_
 3.983179e-08 2.977093e-08 7.642612e-11 6.967915e-08 _27418_
 6.761697e-08 1.625434e-09 1.940171e-10 6.943642e-08 output39
 1.186347e-08 5.744750e-08 7.608770e-11 6.938706e-08 _26225_
 1.417580e-08 5.491853e-08 7.606746e-11 6.917040e-08 _26204_
 1.706925e-08 5.179238e-08 7.606639e-11 6.893769e-08 _26102_
 1.266458e-08 5.613390e-08 7.608617e-11 6.887456e-08 _25990_
 2.093019e-08 4.768874e-08 7.588943e-11 6.869482e-08 _24867_
 1.289754e-08 5.499854e-08 1.284109e-10 6.802449e-08 _25959_
 1.457837e-08 5.318467e-08 7.603624e-11 6.783908e-08 _15626_
 2.540259e-08 4.218396e-08 7.606569e-11 6.766261e-08 _23087_
 4.758988e-08 1.972042e-08 7.640392e-11 6.738670e-08 _26610_
 1.304292e-08 5.372414e-08 7.607968e-11 6.684314e-08 _25998_
 9.848567e-09 5.691761e-08 7.607374e-11 6.684225e-08 _26079_
 1.109592e-08 5.555818e-08 7.608131e-11 6.673017e-08 _26307_
 2.417723e-08 4.220975e-08 7.606302e-11 6.646304e-08 _17152_
 1.843454e-08 4.780692e-08 7.608865e-11 6.631755e-08 _26294_
 3.610915e-08 2.955988e-08 7.607421e-11 6.574510e-08 _25949_
 1.311641e-08 5.244182e-08 7.607252e-11 6.563430e-08 _25899_
 3.024258e-08 3.417497e-08 7.590943e-11 6.449346e-08 _20788_
 1.769191e-08 4.642337e-08 1.999163e-10 6.431519e-08 fanout655
 2.637669e-08 3.783147e-08 7.589420e-11 6.428404e-08 _25273_
 2.040364e-08 4.346096e-08 7.609079e-11 6.394070e-08 _26296_
 1.360791e-08 5.003598e-08 7.610070e-11 6.371999e-08 _25820_
 1.544179e-08 4.792739e-08 7.606826e-11 6.344526e-08 _26172_
 1.766851e-08 4.553205e-08 1.999556e-10 6.340051e-08 fanout635
 9.696126e-09 5.355791e-08 7.602421e-11 6.333006e-08 _26096_
 1.553553e-08 4.737880e-08 7.609495e-11 6.299043e-08 _25989_
 1.159751e-08 5.104812e-08 7.606507e-11 6.272169e-08 _26016_
 1.246503e-08 5.015171e-08 7.608145e-11 6.269281e-08 _26045_
 1.581239e-08 4.678986e-08 7.608764e-11 6.267834e-08 _26073_
 1.067232e-08 5.157680e-08 7.608328e-11 6.232520e-08 _26157_
 2.398737e-08 3.804594e-08 7.605418e-11 6.210936e-08 _26026_
 2.231342e-08 3.971974e-08 7.590267e-11 6.210906e-08 _22879_
 1.317663e-08 4.872756e-08 7.606060e-11 6.198026e-08 _26167_
 9.477960e-09 5.226827e-08 1.283219e-10 6.187456e-08 _26311_
 2.130463e-08 4.016287e-08 1.816824e-10 6.164918e-08 fanout593
 2.606788e-08 3.512185e-08 7.605133e-11 6.126577e-08 _22983_
 2.199499e-08 3.876222e-08 7.609235e-11 6.083330e-08 _25974_
 3.032615e-08 3.032594e-08 7.643418e-11 6.072852e-08 _29045_
 2.388727e-08 3.664554e-08 7.590204e-11 6.060871e-08 _21536_
 1.521312e-08 4.531363e-08 7.605037e-11 6.060280e-08 _26110_
 3.394247e-08 2.631536e-08 7.643504e-11 6.033427e-08 _28176_
 3.386374e-08 2.593387e-08 7.608211e-11 5.987370e-08 _20155_
 4.047795e-08 1.897506e-08 7.641989e-11 5.952943e-08 _14843_
 3.748128e-09 5.566718e-08 7.629303e-11 5.949160e-08 _25764_
 4.649089e-08 1.290179e-08 7.643940e-11 5.946913e-08 _27487_
 1.182934e-08 4.751967e-08 7.609263e-11 5.942511e-08 _25863_
 1.457851e-08 4.451808e-08 7.605586e-11 5.917265e-08 _25938_
 1.008482e-08 4.768770e-08 7.608864e-11 5.784861e-08 _26209_
 1.435257e-08 4.303523e-08 7.609050e-11 5.746389e-08 _25834_
 2.759224e-08 2.976707e-08 7.588766e-11 5.743519e-08 _21741_
 1.257737e-08 4.473777e-08 7.614765e-11 5.739129e-08 _26086_
 3.199200e-09 5.337684e-08 1.024745e-10 5.667852e-08 _30967_
 2.548677e-08 3.106824e-08 7.605987e-11 5.663108e-08 _20473_
 2.802402e-08 2.831919e-08 7.608573e-11 5.641930e-08 _25778_
 1.381222e-08 4.221964e-08 7.608240e-11 5.610795e-08 _26075_
 9.108302e-09 4.681518e-08 7.576945e-11 5.599926e-08 _25937_
 3.176571e-08 2.354242e-08 7.609091e-11 5.538423e-08 _25841_
 2.169281e-08 3.347311e-08 7.629022e-11 5.524221e-08 _16421_
 2.647514e-08 2.861371e-08 7.588457e-11 5.516473e-08 _23400_
 4.323502e-09 4.972208e-08 7.619507e-11 5.412177e-08 _26256_
 9.513540e-09 4.428438e-08 7.600581e-11 5.387393e-08 _26122_
 6.699223e-09 4.704990e-08 7.604106e-11 5.382517e-08 _26241_
 1.688026e-08 3.676868e-08 7.607368e-11 5.372501e-08 _26257_
 2.729796e-08 2.626998e-08 7.589967e-11 5.364384e-08 _24763_
 2.206050e-08 3.098083e-08 7.608458e-11 5.311741e-08 _26288_
 1.274482e-08 4.028807e-08 7.607885e-11 5.310897e-08 _25970_
 1.517464e-08 3.782679e-08 7.646005e-11 5.307790e-08 _19390_
 8.899934e-09 4.386179e-08 7.610963e-11 5.283783e-08 _17026_
 3.496536e-08 1.766020e-08 7.645848e-11 5.270202e-08 _28516_
 2.785711e-08 2.445032e-08 7.644447e-11 5.238387e-08 _27138_
 2.397329e-08 2.827325e-08 7.606517e-11 5.232260e-08 _22057_
 2.424651e-08 2.754583e-08 7.594740e-11 5.186829e-08 _21208_
 1.093799e-08 4.074004e-08 7.605967e-11 5.175409e-08 _16583_
 9.621194e-09 4.202801e-08 7.601639e-11 5.172522e-08 _25947_
 9.434763e-09 4.184992e-08 7.606053e-11 5.136074e-08 _26266_
 2.394626e-08 2.689000e-08 7.608572e-11 5.091235e-08 _25832_
 1.193323e-08 3.889934e-08 7.606404e-11 5.090864e-08 _26012_
 2.407238e-08 2.635733e-08 7.605719e-11 5.050577e-08 _24556_
 1.186884e-08 3.833793e-08 7.606061e-11 5.028283e-08 _15908_
 2.652090e-08 2.279604e-08 7.647678e-11 4.939341e-08 _29402_
 2.938264e-08 1.974929e-08 7.644839e-11 4.920838e-08 _15014_
 8.090766e-09 4.102601e-08 7.610024e-11 4.919287e-08 _26108_
 2.223812e-08 2.668836e-08 7.606268e-11 4.900254e-08 _21316_
 1.454832e-08 3.412576e-08 7.606536e-11 4.875015e-08 _25810_
 1.573786e-08 3.270969e-08 7.608351e-11 4.852362e-08 _26309_
 2.116159e-08 2.681208e-08 7.647850e-11 4.805015e-08 _29130_
 1.819947e-08 2.963115e-08 7.596954e-11 4.790659e-08 _26314_
 2.038220e-08 2.743422e-08 7.590557e-11 4.789233e-08 _24448_
 1.133817e-08 3.621848e-08 7.611468e-11 4.763277e-08 _26025_
 2.924791e-08 1.755640e-08 7.646993e-11 4.688079e-08 _15054_
 1.950461e-08 2.696724e-08 7.586888e-11 4.654772e-08 _23191_
 4.164306e-08 4.450686e-09 1.904883e-10 4.628423e-08 output63
 2.427831e-08 2.192031e-08 7.647086e-11 4.627509e-08 _29108_
 9.609090e-09 3.610752e-08 7.570019e-11 4.579231e-08 _17403_
 8.865157e-09 3.640341e-08 7.578958e-11 4.534436e-08 _16348_
 6.024333e-09 3.722948e-08 1.026266e-10 4.335644e-08 _25763_
 2.068266e-08 2.252262e-08 7.648096e-11 4.328176e-08 _28519_
 8.950574e-09 3.310162e-08 7.601984e-11 4.212821e-08 _25961_
 1.074431e-08 3.103463e-08 7.607104e-11 4.185501e-08 _25765_
 7.746618e-09 3.374907e-08 7.607075e-11 4.157176e-08 _26249_
 1.070501e-08 2.985090e-08 2.003555e-10 4.075627e-08 fanout632
 8.237874e-09 3.222337e-08 7.596303e-11 4.053721e-08 _26105_
 6.928138e-09 3.277432e-08 7.598150e-11 3.977843e-08 _17798_
 6.995774e-09 3.243246e-08 7.610156e-11 3.950434e-08 _26211_
 2.447460e-09 3.690991e-08 1.024745e-10 3.945985e-08 _30960_
 1.966601e-08 1.892429e-08 7.603815e-11 3.866634e-08 _17191_
 7.488006e-09 3.102380e-08 7.599317e-11 3.858780e-08 _26313_
 1.699969e-08 2.116077e-08 7.607065e-11 3.823653e-08 _25483_
 6.930035e-09 3.107085e-08 7.615578e-11 3.807704e-08 _26175_
 6.774847e-09 3.086667e-08 7.608811e-11 3.771761e-08 _26143_
 6.574753e-09 3.068851e-08 7.615852e-11 3.733942e-08 _25862_
 9.289621e-09 2.735682e-08 7.597500e-11 3.672242e-08 _26060_
 9.208516e-09 2.733159e-08 7.602627e-11 3.661613e-08 _25926_
 9.841768e-09 2.634140e-08 2.026203e-10 3.638579e-08 fanout636
 2.450907e-09 3.379760e-08 1.024745e-10 3.635099e-08 _30958_
 1.176682e-08 2.445168e-08 7.600843e-11 3.629451e-08 _16410_
 5.948757e-09 3.002185e-08 7.609149e-11 3.604670e-08 _25773_
 2.477046e-08 1.114413e-08 7.644706e-11 3.599104e-08 _29420_
 8.545370e-09 2.695308e-08 7.613202e-11 3.557458e-08 _25978_
 5.994182e-09 2.810307e-08 7.587331e-11 3.417312e-08 _18172_
 5.301864e-09 2.848898e-08 7.579621e-11 3.386664e-08 _26231_
 7.839418e-09 2.580522e-08 7.606822e-11 3.372070e-08 _26304_
 5.574142e-09 2.776896e-08 7.609813e-11 3.341920e-08 _25881_
 9.088087e-09 2.371568e-08 7.603700e-11 3.287981e-08 _26221_
 1.024411e-08 2.232743e-08 7.609795e-11 3.264763e-08 _26324_
 5.489309e-09 2.652320e-08 7.615765e-11 3.208867e-08 _26115_
 4.682966e-09 2.723480e-08 7.619291e-11 3.199396e-08 _26133_
 6.768758e-09 2.495253e-08 7.603509e-11 3.179732e-08 _26015_
 6.886701e-09 2.429289e-08 7.606760e-11 3.125565e-08 _25890_
 7.023995e-09 2.400877e-08 7.607168e-11 3.110884e-08 _26166_
 4.907749e-09 2.563524e-08 1.022677e-10 3.064525e-08 _25972_
 1.670119e-09 2.810632e-08 1.026293e-10 2.987907e-08 _25691_
 2.160339e-08 8.180607e-09 7.646402e-11 2.986047e-08 _15100_
 6.137346e-09 2.303273e-08 7.627164e-11 2.924635e-08 _26269_
 1.753119e-08 1.154743e-08 7.608758e-11 2.915470e-08 _26217_
 3.944744e-09 2.474965e-08 7.630617e-11 2.877070e-08 _25791_
 1.270318e-08 1.596473e-08 7.647919e-11 2.874439e-08 _22891_
 7.692992e-09 2.084420e-08 2.045532e-10 2.874175e-08 fanout638
 7.454611e-09 2.081670e-08 7.615543e-11 2.834746e-08 _25997_
 8.211808e-09 1.969416e-08 7.606360e-11 2.798204e-08 _26005_
 5.377623e-09 2.203154e-08 7.606651e-11 2.748523e-08 _25846_
 7.397855e-09 1.987687e-08 1.281450e-10 2.740287e-08 fanout658
 6.679473e-09 2.061531e-08 7.648893e-11 2.737127e-08 _28790_
 4.329689e-09 2.290292e-08 1.292802e-10 2.736189e-08 _25870_
 2.426917e-08 1.989964e-09 1.992177e-10 2.645835e-08 output40
 5.837500e-09 2.046544e-08 7.602156e-11 2.637896e-08 _26203_
 4.810424e-09 2.069407e-08 7.602641e-11 2.558052e-08 _26312_
 4.561640e-09 2.069530e-08 1.026014e-10 2.535954e-08 _25896_
 7.156338e-09 1.734614e-08 2.036768e-10 2.470615e-08 fanout637
 5.501260e-09 1.876745e-08 7.624446e-11 2.434495e-08 _26248_
 5.328170e-09 1.878927e-08 7.605085e-11 2.419349e-08 _25836_
 4.362271e-09 1.933586e-08 7.626240e-11 2.377439e-08 _26184_
 7.674526e-09 1.585296e-08 7.594517e-11 2.360343e-08 _15671_
 9.226293e-09 1.375969e-08 7.568024e-11 2.306166e-08 _16843_
 8.946980e-09 1.385584e-08 7.595380e-11 2.287877e-08 _16176_
 2.195493e-08 6.280863e-10 2.003296e-10 2.278335e-08 output31
 1.239726e-09 2.095396e-08 1.029032e-10 2.229659e-08 _26255_
 3.507257e-09 1.858666e-08 1.028290e-10 2.219674e-08 _26265_
 2.688753e-09 1.879931e-08 7.568731e-11 2.156375e-08 _25701_
 6.569911e-09 1.486958e-08 7.648357e-11 2.151597e-08 _21000_
 6.000189e-09 1.536324e-08 7.606167e-11 2.143949e-08 _25898_
 4.526878e-09 1.623500e-08 7.606578e-11 2.083794e-08 _26215_
 6.620604e-09 1.406969e-08 7.604452e-11 2.076634e-08 _25809_
 6.625037e-09 1.388437e-08 7.608351e-11 2.058549e-08 _25960_
 4.556441e-09 1.591745e-08 7.612409e-11 2.055002e-08 _26194_
 4.146121e-09 1.629141e-08 1.028438e-10 2.054037e-08 _25754_
 2.985409e-09 1.734750e-08 1.027679e-10 2.043568e-08 _26155_
 5.437808e-09 1.476363e-08 7.628753e-11 2.027773e-08 _26095_
 5.388619e-09 1.425590e-08 7.609348e-11 1.972062e-08 _25969_
 3.765005e-09 1.575523e-08 1.027315e-10 1.962297e-08 _26282_
 4.590687e-09 1.486316e-08 7.640646e-11 1.953025e-08 _16569_
 3.269258e-09 1.599499e-08 1.024745e-10 1.936672e-08 _30963_
 3.542693e-09 1.567901e-08 7.628100e-11 1.929799e-08 _25976_
 5.282663e-09 1.372620e-08 1.279475e-10 1.913681e-08 fanout650
 2.980792e-09 1.588125e-08 1.028041e-10 1.896485e-08 _25888_
 3.151262e-09 1.571188e-08 7.570355e-11 1.893885e-08 _18303_
 2.875447e-09 1.591542e-08 7.593165e-11 1.886680e-08 _26044_
 1.743804e-08 1.232414e-09 1.883762e-10 1.885882e-08 output64
 5.398418e-09 1.324173e-08 7.607770e-11 1.871623e-08 _26024_
 3.767266e-09 1.478308e-08 7.623770e-11 1.862658e-08 _25917_
 1.700292e-09 1.680819e-08 7.641458e-11 1.858490e-08 _26274_
 4.398992e-09 1.383476e-08 7.606772e-11 1.830982e-08 _26088_
 7.029751e-09 1.092739e-08 7.640215e-11 1.803355e-08 _16439_
 4.429839e-09 1.350017e-08 7.622741e-11 1.800623e-08 _25977_
 4.782513e-09 1.311640e-08 7.636997e-11 1.797529e-08 _25755_
 3.536338e-09 1.386837e-08 2.049833e-10 1.760970e-08 fanout634
 4.820759e-09 1.251995e-08 2.045066e-10 1.754521e-08 fanout652
 4.774678e-09 1.261373e-08 7.635270e-11 1.746476e-08 _26121_
 2.475047e-09 1.480251e-08 1.026320e-10 1.738019e-08 _25844_
 1.626870e-08 9.063057e-10 1.997482e-10 1.737475e-08 output18
 1.668201e-09 1.554110e-08 1.024745e-10 1.731177e-08 _30962_
 4.425245e-09 1.273473e-08 7.624393e-11 1.723622e-08 _26050_
 7.408545e-09 9.569055e-09 7.647597e-11 1.705408e-08 _23603_
 1.651024e-08 3.272640e-10 2.003296e-10 1.703783e-08 output23
 3.789885e-09 1.296841e-08 7.591916e-11 1.683421e-08 _26107_
 3.367542e-09 1.326314e-08 7.618685e-11 1.670686e-08 _26142_
 2.482674e-09 1.398843e-08 1.028341e-10 1.657394e-08 _25817_
 2.876147e-09 1.353610e-08 1.028858e-10 1.651513e-08 _26067_
 4.748773e-09 1.168787e-08 7.620391e-11 1.651284e-08 _25808_
 1.523555e-08 7.903542e-10 2.003296e-10 1.622623e-08 output21
 2.258163e-09 1.372907e-08 1.028965e-10 1.609013e-08 _25826_
 3.859775e-09 1.188909e-08 7.582312e-11 1.582469e-08 _18228_
 4.421190e-09 1.128895e-08 7.628281e-11 1.578642e-08 _25889_
 2.719281e-09 1.264285e-08 1.293414e-10 1.549147e-08 _25879_
 1.719204e-09 1.357313e-08 1.029007e-10 1.539524e-08 _26147_
 4.591884e-09 1.054514e-08 2.049512e-10 1.534197e-08 fanout659
 4.170943e-09 1.093057e-08 7.604790e-11 1.517756e-08 _25853_
 3.968470e-09 1.096657e-08 7.636094e-11 1.501140e-08 _26240_
 3.991841e-09 1.078008e-08 2.046818e-10 1.497660e-08 fanout660
 4.320380e-09 1.056401e-08 7.636866e-11 1.496075e-08 _25871_
 8.959979e-09 5.863964e-09 7.572575e-11 1.489967e-08 _16163_
 2.680796e-09 1.207166e-08 7.598028e-11 1.482844e-08 _17098_
 3.292921e-09 1.137580e-08 1.024745e-10 1.477120e-08 _30961_
 3.300358e-09 1.104130e-08 7.592099e-11 1.441758e-08 _26104_
 4.117397e-09 1.018972e-08 7.633530e-11 1.438345e-08 _26004_
 2.910459e-09 1.137034e-08 1.026310e-10 1.438343e-08 _26301_
 3.135145e-09 1.103534e-08 7.628188e-11 1.424677e-08 _25897_
 3.593272e-09 1.037111e-08 7.631054e-11 1.404070e-08 _25925_
 3.677054e-09 1.014897e-08 2.047955e-10 1.403081e-08 fanout653
 1.671029e-09 1.192193e-08 1.024745e-10 1.369543e-08 _30959_
 4.171037e-09 9.075490e-09 7.600159e-11 1.332253e-08 _17910_
 3.613498e-09 9.619637e-09 7.604965e-11 1.330918e-08 _26323_
 3.037354e-09 9.988919e-09 7.591681e-11 1.310219e-08 _26165_
 1.243229e-08 3.368023e-10 1.874378e-10 1.295653e-08 output42
 2.971377e-09 9.472030e-09 7.594910e-11 1.251936e-08 _25945_
 1.112687e-09 1.127239e-08 7.568188e-11 1.246076e-08 _25726_
 2.935258e-09 9.437590e-09 7.634637e-11 1.244919e-08 _25818_
 2.755373e-09 9.177755e-09 7.631639e-11 1.200944e-08 _25996_
 3.742099e-09 8.188311e-09 7.630147e-11 1.200671e-08 _26247_
 3.983063e-09 7.829262e-09 1.283265e-10 1.194065e-08 fanout817
 2.972243e-09 8.468558e-09 7.618816e-11 1.151699e-08 _26302_
 1.707902e-09 9.706188e-09 1.028864e-10 1.151698e-08 _26003_
 3.057136e-09 8.062273e-09 7.593608e-11 1.119535e-08 _26220_
 1.673112e-09 9.388741e-09 1.024745e-10 1.116433e-08 _30965_
 3.315250e-09 7.685226e-09 7.570770e-11 1.107618e-08 _17573_
 1.673212e-09 9.262449e-09 1.024745e-10 1.103813e-08 _30964_
 9.879427e-09 8.679009e-10 1.999590e-10 1.094729e-08 output19
 2.204572e-09 8.631806e-09 7.568494e-11 1.091206e-08 _17876_
 1.673586e-09 8.817799e-09 1.024745e-10 1.059386e-08 _30966_
 2.366015e-09 8.130983e-09 7.636645e-11 1.057336e-08 _25799_
 2.495443e-09 7.950987e-09 7.632425e-11 1.052275e-08 _25880_
 9.167909e-09 9.647985e-10 2.003296e-10 1.033304e-08 output26
 8.972711e-09 1.129339e-09 2.003296e-10 1.030238e-08 output25
 1.849167e-09 8.305145e-09 7.568075e-11 1.022999e-08 _17446_
 2.569829e-09 7.550844e-09 7.614468e-11 1.019682e-08 _25845_
 1.784505e-09 8.308571e-09 7.630273e-11 1.016938e-08 _25693_
 1.486936e-09 8.490222e-09 7.571349e-11 1.005287e-08 _15744_
 3.006868e-09 6.824091e-09 2.049544e-10 1.003591e-08 fanout633
 1.356609e-09 8.342386e-09 1.276411e-10 9.826636e-09 _25680_
 1.707488e-09 8.034356e-09 7.642224e-11 9.818267e-09 _26031_
 2.590327e-09 7.083944e-09 7.589537e-11 9.750167e-09 _26014_
 1.837981e-09 7.611820e-09 7.588157e-11 9.525682e-09 _25683_
 8.940940e-09 2.883695e-10 2.003296e-10 9.429639e-09 output32
 1.608666e-09 7.686180e-09 1.028885e-10 9.397734e-09 _26322_
 7.692686e-09 1.255986e-09 2.003296e-10 9.149002e-09 output22
 2.089142e-09 6.967860e-09 7.581931e-11 9.132822e-09 _16933_
 1.494396e-09 7.220804e-09 1.027075e-10 8.817907e-09 _25968_
 7.580436e-09 9.134828e-10 2.003296e-10 8.694248e-09 output24
 1.794809e-09 6.638544e-09 7.625310e-11 8.509605e-09 _25971_
 1.230072e-09 7.122973e-09 7.642274e-11 8.429468e-09 _25860_
 2.300318e-09 5.747110e-09 7.640482e-11 8.123832e-09 _25772_
 1.466282e-09 6.542080e-09 1.028967e-10 8.111258e-09 _25781_
 6.854669e-09 8.348337e-10 2.003296e-10 7.889833e-09 output27
 1.094960e-09 6.567292e-09 1.028987e-10 7.765151e-09 _26219_
 6.995393e-09 5.638114e-10 2.003296e-10 7.759533e-09 output29
 1.332314e-09 6.181939e-09 7.568195e-11 7.589934e-09 _15751_
 6.785505e-09 5.804121e-10 2.003296e-10 7.566247e-09 output30
 6.991767e-09 3.687667e-10 2.003296e-10 7.560863e-09 output20
 2.286491e-09 5.012663e-09 7.637933e-11 7.375533e-09 _26295_
 2.022093e-09 5.083124e-09 7.626386e-11 7.181481e-09 _26213_
 5.081619e-10 6.562853e-09 7.568061e-11 7.146696e-09 _25724_
 9.979757e-10 5.984267e-09 7.642779e-11 7.058671e-09 _26183_
 4.240093e-09 2.409462e-09 7.648587e-11 6.726042e-09 _27483_
 1.796896e-09 4.822628e-09 7.576852e-11 6.695293e-09 _26059_
 6.138227e-09 3.139662e-10 1.873330e-10 6.639526e-09 output43
 1.504965e-09 4.826212e-09 7.639225e-11 6.407569e-09 _26201_
 2.076832e-09 4.244818e-09 7.649218e-11 6.398143e-09 _24217_
 1.400266e-09 4.895066e-09 7.568000e-11 6.371011e-09 _24596_
 8.643289e-10 5.291787e-09 1.029442e-10 6.259060e-09 _25924_
 1.196121e-09 4.650866e-09 7.570709e-11 5.922693e-09 _26230_
 1.276556e-09 4.476254e-09 7.572777e-11 5.828537e-09 _17525_
 1.181187e-09 4.373863e-09 7.570827e-11 5.630759e-09 _25935_
 9.204601e-10 4.447508e-09 1.029230e-10 5.470891e-09 _25771_
 1.338393e-09 3.724091e-09 7.641952e-11 5.138904e-09 _26077_
 4.396510e-09 4.163496e-10 1.874332e-10 5.000293e-09 output44
 2.745189e-09 1.939452e-09 7.568000e-11 4.760321e-09 _23865_
 4.651222e-10 4.191318e-09 7.647174e-11 4.732911e-09 _26273_
 5.531801e-10 3.698172e-09 7.647684e-11 4.327829e-09 _26094_
 2.130743e-09 2.120336e-09 7.640613e-11 4.327485e-09 _17231_
 6.511716e-10 3.323162e-09 1.029547e-10 4.077288e-09 _25952_
 3.471436e-09 3.610744e-10 1.874763e-10 4.019987e-09 output56
 1.106406e-09 2.541887e-09 7.586314e-11 3.724156e-09 _16254_
 9.121811e-10 2.722765e-09 7.644687e-11 3.711393e-09 _26040_
 3.007734e-09 5.086158e-10 1.874763e-10 3.703826e-09 output45
 1.713293e-09 1.883494e-09 7.568000e-11 3.672466e-09 _22818_
 3.010117e-09 4.427033e-10 1.874763e-10 3.640297e-09 output48
 2.960101e-09 4.907428e-10 1.874763e-10 3.638320e-09 output53
 2.969059e-09 2.830246e-10 1.874763e-10 3.439560e-09 output47
 2.909984e-09 2.538577e-10 1.874763e-10 3.351317e-09 output49
 2.967870e-09 1.923809e-10 1.874763e-10 3.347727e-09 output55
 9.145568e-10 2.332222e-09 7.568169e-11 3.322461e-09 _25718_
 2.877868e-09 2.481673e-10 1.874763e-10 3.313512e-09 output50
 2.897731e-09 1.902456e-10 1.874763e-10 3.275453e-09 output54
 5.017473e-10 2.696958e-09 7.631520e-11 3.275020e-09 _25692_
 2.851277e-09 2.062058e-10 1.874763e-10 3.244959e-09 output46
 2.889920e-09 1.649260e-10 1.874763e-10 3.242322e-09 output51
 1.725423e-09 1.371410e-09 7.568000e-11 3.172513e-09 _22301_
 6.172086e-10 2.333745e-09 7.647066e-11 3.027424e-09 _25790_
 1.165797e-09 1.495952e-09 1.035672e-10 2.765316e-09 _30968_
 1.166772e-09 1.453220e-09 1.035672e-10 2.723559e-09 _30971_
 1.170748e-09 1.284256e-09 1.035672e-10 2.558571e-09 _30975_
 1.174166e-09 1.136338e-09 1.035672e-10 2.414071e-09 _30970_
 1.214026e-09 1.047526e-09 1.035672e-10 2.365119e-09 _30977_
 5.134951e-10 1.672713e-09 7.568109e-11 2.261890e-09 _25702_
 1.180444e-09 8.626861e-10 1.035672e-10 2.146697e-09 _30972_
 1.182832e-09 7.579700e-10 1.035672e-10 2.044370e-09 _30976_
 1.183624e-09 7.229454e-10 1.035672e-10 2.010136e-09 _30973_
 1.184062e-09 7.041798e-10 1.035672e-10 1.991809e-09 _30974_
 4.710570e-10 1.381982e-09 7.647077e-11 1.929510e-09 _26291_
 1.191142e-09 5.706152e-10 1.035672e-10 1.865324e-09 _30969_
 2.625687e-10 1.464254e-09 7.568113e-11 1.802504e-09 _25707_
 3.006500e-10 1.356509e-09 7.568043e-11 1.732839e-09 _25725_
 3.555888e-10 1.264719e-09 7.588142e-11 1.696190e-09 _25681_
 5.545446e-10 1.006812e-09 7.568249e-11 1.637040e-09 _25709_
 6.876290e-10 8.656366e-10 7.568090e-11 1.628946e-09 _25722_
 3.627704e-10 1.033533e-09 2.055431e-10 1.601846e-09 fanout645
 4.457879e-10 1.073468e-09 7.568158e-11 1.594937e-09 _25715_
 6.565219e-10 8.542910e-10 7.570081e-11 1.586514e-09 _15667_
 1.256766e-10 1.186041e-09 7.568027e-11 1.387398e-09 _25723_
 1.023273e-10 9.660249e-10 7.568061e-11 1.144033e-09 _25704_
 5.012292e-11 8.780158e-10 7.568030e-11 1.003819e-09 _25711_
 1.037953e-10 8.104150e-10 7.568047e-11 9.898907e-10 _25706_
 9.929903e-11 6.706602e-10 7.568053e-11 8.456398e-10 _25710_
 1.731040e-10 5.017147e-10 7.649462e-11 7.513133e-10 _22967_
 2.256049e-10 4.292094e-10 7.568074e-11 7.304950e-10 _25705_
 6.692317e-11 5.325248e-10 7.568027e-11 6.751283e-10 _25717_
 1.847827e-10 3.743475e-10 7.568087e-11 6.348111e-10 _25700_
 4.387007e-11 5.060707e-10 7.568007e-11 6.256208e-10 _25727_
 4.518408e-11 4.945262e-10 7.568014e-11 6.153904e-10 _25713_
 6.177024e-11 3.310942e-10 2.056746e-10 5.985391e-10 max_cap79
 7.373573e-11 3.997686e-10 7.568021e-11 5.491845e-10 _25720_
 7.438131e-11 1.962755e-10 2.056670e-10 4.763238e-10 fanout639
 5.307819e-11 3.152538e-10 7.649057e-11 4.448226e-10 _26076_
 5.290584e-11 1.577975e-10 2.056684e-10 4.163718e-10 fanout917
 2.680624e-11 3.061969e-10 7.568021e-11 4.086834e-10 _25703_
 1.304875e-17 9.419601e-17 3.628055e-10 3.628056e-10 fanout1052
 3.521166e-11 1.032294e-10 2.056684e-10 3.441095e-10 fanout912
 3.032103e-11 1.525830e-10 1.276908e-10 3.105948e-10 fanout878
 1.223677e-11 8.128045e-11 1.814450e-10 2.749622e-10 fanout827
 1.224102e-11 8.041053e-11 1.814450e-10 2.740966e-10 fanout826
 5.355342e-11 1.363357e-10 7.568016e-11 2.655693e-10 _25712_
 1.235990e-11 6.500968e-11 1.814450e-10 2.588146e-10 fanout824
 1.028877e-11 6.064749e-11 1.814450e-10 2.523813e-10 fanout819
 1.097026e-11 5.452882e-11 1.814450e-10 2.469441e-10 fanout821
 7.818095e-11 9.294431e-11 7.568020e-11 2.468055e-10 _25721_
 4.586779e-11 1.194649e-10 7.568014e-11 2.410128e-10 _25719_
 9.635458e-12 3.868974e-11 1.814450e-10 2.297702e-10 fanout823
 1.278478e-11 3.393060e-11 1.814450e-10 2.281604e-10 fanout825
 1.118500e-11 3.346142e-11 1.814450e-10 2.260914e-10 fanout822
 2.605371e-11 6.355329e-11 1.276908e-10 2.172978e-10 fanout870
 1.876850e-11 6.847602e-11 1.276908e-10 2.149353e-10 fanout939
 1.996023e-11 6.524441e-11 1.276908e-10 2.128954e-10 fanout900
 1.890231e-11 6.484803e-11 1.276908e-10 2.114411e-10 fanout938
 6.933854e-18 1.129769e-16 2.056701e-10 2.056702e-10 fanout1048
 1.875297e-11 5.447372e-11 1.276908e-10 2.009175e-10 fanout867
 2.016160e-11 5.213286e-11 1.276908e-10 1.999852e-10 fanout893
 2.020575e-11 5.166260e-11 1.276908e-10 1.995591e-10 fanout906
 2.055990e-11 4.981365e-11 1.276908e-10 1.980643e-10 fanout853
 2.175739e-11 4.797088e-11 1.276908e-10 1.974191e-10 fanout844
 1.759436e-11 5.195888e-11 1.276908e-10 1.972440e-10 fanout843
 2.028638e-11 4.729325e-11 1.276908e-10 1.952704e-10 fanout910
 1.781638e-11 4.795809e-11 1.276908e-10 1.934652e-10 fanout837
 1.893792e-11 4.603037e-11 1.276908e-10 1.926591e-10 fanout895
 1.759947e-11 4.613184e-11 1.276908e-10 1.914221e-10 fanout909
 1.804054e-11 4.518879e-11 1.276908e-10 1.909201e-10 fanout922
 1.961721e-11 4.304572e-11 1.276908e-10 1.903537e-10 fanout915
 1.790325e-11 3.990355e-11 1.276908e-10 1.854976e-10 fanout835
 8.923701e-18 4.561347e-17 1.814499e-10 1.814500e-10 fanout1092
 7.633576e-18 2.893079e-17 1.814499e-10 1.814500e-10 fanout1099
 1.102150e-12 8.467783e-11 7.568000e-11 1.614600e-10 _25730_
 9.891773e-12 4.527977e-11 1.029894e-10 1.581609e-10 _26228_
 1.102154e-12 7.999749e-11 7.568000e-11 1.567796e-10 _25734_
 9.480449e-12 3.902393e-11 1.029893e-10 1.514937e-10 _26058_
 1.646487e-11 4.845726e-11 7.568141e-11 1.406035e-10 _26229_
 3.864059e-18 1.024410e-17 1.305744e-10 1.305744e-10 fanout1067
 4.363554e-18 1.060217e-17 1.305744e-10 1.305744e-10 fanout1101
 3.749000e-18 1.045729e-17 1.305744e-10 1.305744e-10 fanout1111
 3.853270e-18 1.183287e-17 1.305744e-10 1.305744e-10 fanout1115
 3.850039e-18 1.201992e-17 1.305744e-10 1.305744e-10 fanout1124
 4.099117e-18 1.101307e-17 1.305744e-10 1.305744e-10 fanout1126
 4.119945e-18 9.730762e-18 1.305744e-10 1.305744e-10 fanout1128
 1.355543e-11 3.887780e-11 7.649471e-11 1.289279e-10 _18086_
 5.683570e-18 1.639443e-17 1.276906e-10 1.276906e-10 fanout1036
 4.231007e-18 2.136963e-17 1.276906e-10 1.276906e-10 fanout1038
 5.573783e-18 1.480511e-17 1.276906e-10 1.276906e-10 fanout1041
 5.639978e-18 1.223642e-17 1.276906e-10 1.276906e-10 fanout1042
 6.023687e-18 1.288192e-17 1.276906e-10 1.276906e-10 fanout1044
 1.139712e-12 4.656045e-11 7.568000e-11 1.233802e-10 _25735_
 0.000000e+00 5.426308e-19 1.040800e-10 1.040800e-10 input11
 1.284841e-14 8.827622e-14 1.038712e-10 1.039724e-10 input10
 1.656900e-14 5.961905e-14 1.031365e-10 1.032127e-10 input4
 1.794314e-14 9.277576e-14 1.030427e-10 1.031534e-10 input3
 1.662088e-14 6.112720e-14 1.030358e-10 1.031135e-10 input2
 1.509378e-14 4.736026e-14 1.028964e-10 1.029588e-10 input5
 1.611359e-14 5.340733e-14 1.028811e-10 1.029506e-10 input1
 4.308904e-18 1.772086e-17 1.020204e-10 1.020204e-10 fanout1040
 2.863340e-12 2.323845e-11 7.568000e-11 1.017818e-10 _25736_
 1.012811e-11 1.049561e-11 7.568005e-11 9.630376e-11 _17633_
 3.023739e-12 1.607403e-11 7.568000e-11 9.477777e-11 _15433_
 4.281460e-12 1.195795e-11 7.568000e-11 9.191940e-11 _15445_
 1.586958e-12 1.124399e-11 7.568000e-11 8.851094e-11 _25714_
 1.415029e-12 1.072525e-11 7.568000e-11 8.782028e-11 _25731_
 3.479155e-12 8.463806e-12 7.568000e-11 8.762296e-11 _25716_
 1.265460e-12 1.040655e-11 7.568000e-11 8.735201e-11 _25729_
 1.538664e-12 9.724513e-12 7.568000e-11 8.694317e-11 _25708_
 1.404476e-12 9.085163e-12 7.568000e-11 8.616963e-11 _25732_
 1.751216e-12 8.479505e-12 7.568000e-11 8.591072e-11 _25739_
 1.342871e-12 7.661102e-12 7.568000e-11 8.468397e-11 _25733_
 2.194234e-12 4.766849e-12 7.568000e-11 8.264108e-11 _21040_
 1.950637e-12 4.891850e-12 7.568000e-11 8.252248e-11 _15480_
 1.541645e-12 4.027693e-12 7.568000e-11 8.124933e-11 _22921_
 1.926690e-12 2.190609e-12 7.568000e-11 7.979729e-11 _25422_
 2.000793e-12 1.643148e-12 7.568000e-11 7.932394e-11 _17452_
 1.327301e-18 4.853555e-18 7.568016e-11 7.568017e-11 _25752_
 2.340239e-19 1.830677e-18 7.568000e-11 7.568000e-11 _25751_
