     Internal    Switching      Leakage        Total
        Power        Power        Power        Power (Watts)
----------------------------------------------------
 8.986725e-07 2.702081e-06 1.226992e-11 3.600766e-06 clkbuf_1_0__f_core_clk
 8.983622e-07 2.382512e-06 1.226992e-11 3.280887e-06 clkbuf_1_1__f_core_clk
 8.667253e-07 1.133332e-06 1.226992e-11 2.000070e-06 clkbuf_0_core_clk
 3.341573e-07 1.470746e-06 1.116468e-11 1.804914e-06 clkbuf_0_v_clk
 4.459018e-07 1.308783e-06 7.180551e-12 1.754692e-06 clkbuf_leaf_13_core_clk
 4.433700e-07 1.162365e-06 7.180551e-12 1.605742e-06 clkbuf_leaf_1_core_clk
 4.431426e-07 1.150592e-06 7.180551e-12 1.593742e-06 clkbuf_leaf_18_core_clk
 4.448393e-07 1.144788e-06 7.180551e-12 1.589634e-06 clkbuf_leaf_7_core_clk
 4.429386e-07 1.140285e-06 7.180551e-12 1.583231e-06 clkbuf_leaf_17_core_clk
 4.426914e-07 1.134258e-06 7.180551e-12 1.576957e-06 clkbuf_leaf_0_core_clk
 4.437705e-07 1.093659e-06 7.180551e-12 1.537436e-06 clkbuf_leaf_5_core_clk
 4.432719e-07 1.084293e-06 7.180551e-12 1.527572e-06 clkbuf_leaf_4_core_clk
 4.432559e-07 1.077099e-06 7.180551e-12 1.520362e-06 clkbuf_leaf_12_core_clk
 4.405037e-07 1.039313e-06 7.180551e-12 1.479824e-06 clkbuf_leaf_16_core_clk
 4.417228e-07 1.021582e-06 7.180551e-12 1.463312e-06 clkbuf_leaf_6_core_clk
 2.976388e-07 1.143655e-06 1.107792e-11 1.441305e-06 clkbuf_0_w_clk
 4.391862e-07 9.907118e-07 7.180551e-12 1.429905e-06 clkbuf_leaf_19_core_clk
 4.390495e-07 9.752806e-07 7.180551e-12 1.414337e-06 clkbuf_leaf_14_core_clk
 4.404906e-07 9.654726e-07 7.180551e-12 1.405970e-06 clkbuf_leaf_3_core_clk
 4.402165e-07 9.608466e-07 7.180551e-12 1.401070e-06 clkbuf_leaf_9_core_clk
 4.399316e-07 9.560425e-07 7.180551e-12 1.395981e-06 clkbuf_leaf_11_core_clk
 4.393607e-07 9.303379e-07 7.180551e-12 1.369706e-06 clkbuf_leaf_8_core_clk
 3.346693e-07 1.020309e-06 1.116468e-11 1.354990e-06 clkbuf_5_26__f_v_clk
 1.692132e-07 1.175271e-06 6.986266e-12 1.344492e-06 clkbuf_2_3_0_v_clk
 1.689836e-07 1.130122e-06 6.986266e-12 1.299113e-06 clkbuf_2_1_0_v_clk
 4.276716e-07 8.653893e-07 8.294470e-12 1.293069e-06 u_icg
 1.692651e-07 1.118676e-06 6.986266e-12 1.287949e-06 clkbuf_2_2_0_v_clk
 4.370580e-07 8.420172e-07 7.180551e-12 1.279082e-06 clkbuf_leaf_10_core_clk
 3.346804e-07 9.113200e-07 1.116468e-11 1.246011e-06 clkbuf_5_16__f_v_clk
 4.360855e-07 8.051955e-07 7.180551e-12 1.241288e-06 clkbuf_leaf_15_core_clk
 2.917760e-07 9.485018e-07 8.824948e-12 1.240287e-06 u_icg_v
 3.343683e-07 8.881383e-07 1.116468e-11 1.222518e-06 clkbuf_5_27__f_v_clk
 1.686823e-07 1.032728e-06 6.986266e-12 1.201417e-06 clkbuf_2_0_0_v_clk
 8.710762e-07 3.126246e-07 1.232310e-11 1.183713e-06 clkbuf_0_clk
 3.343012e-07 8.481430e-07 1.116468e-11 1.182455e-06 clkbuf_5_25__f_v_clk
 3.342767e-07 8.470626e-07 1.116468e-11 1.181350e-06 clkbuf_5_30__f_v_clk
 3.342265e-07 8.189768e-07 1.116468e-11 1.153214e-06 clkbuf_5_29__f_v_clk
 3.347602e-07 7.931789e-07 1.116468e-11 1.127950e-06 clkbuf_5_5__f_v_clk
 3.341648e-07 7.899991e-07 1.116468e-11 1.124175e-06 clkbuf_5_24__f_v_clk
 3.343426e-07 7.606774e-07 1.116468e-11 1.095031e-06 clkbuf_5_18__f_v_clk
 3.340923e-07 7.604816e-07 1.116468e-11 1.094585e-06 clkbuf_5_28__f_v_clk
 3.343129e-07 7.573258e-07 1.116468e-11 1.091650e-06 clkbuf_5_17__f_v_clk
 3.346094e-07 7.262556e-07 1.116468e-11 1.060876e-06 clkbuf_5_6__f_v_clk
 1.461229e-07 9.074723e-07 7.303405e-12 1.053603e-06 fanout839
 3.341810e-07 7.161195e-07 1.116468e-11 1.050312e-06 clkbuf_5_21__f_v_clk
 3.342223e-07 7.137860e-07 1.116468e-11 1.048019e-06 clkbuf_5_15__f_v_clk
 3.341781e-07 7.119247e-07 1.116468e-11 1.046114e-06 clkbuf_5_20__f_v_clk
 2.954989e-07 7.503132e-07 1.107792e-11 1.045823e-06 clkbuf_4_3__f_w_clk
 2.954703e-07 7.343929e-07 1.107792e-11 1.029874e-06 clkbuf_4_0__f_w_clk
 3.346451e-07 6.916147e-07 1.116468e-11 1.026271e-06 clkbuf_5_2__f_v_clk
 2.959500e-07 7.287919e-07 1.107792e-11 1.024753e-06 clkbuf_4_12__f_w_clk
 8.468253e-07 1.709780e-07 1.232310e-11 1.017816e-06 clkbuf_1_0__f_clk
 3.341794e-07 6.833826e-07 1.116468e-11 1.017573e-06 clkbuf_5_23__f_v_clk
 2.959135e-07 7.076642e-07 1.107792e-11 1.003589e-06 clkbuf_4_13__f_w_clk
 2.955593e-07 7.055588e-07 1.107792e-11 1.001129e-06 clkbuf_4_4__f_w_clk
 2.955540e-07 7.050181e-07 1.107792e-11 1.000583e-06 clkbuf_4_5__f_w_clk
 2.959019e-07 6.995846e-07 1.107792e-11 9.954975e-07 clkbuf_4_14__f_w_clk
 2.949888e-07 6.945920e-07 1.107792e-11 9.895919e-07 clkbuf_4_11__f_w_clk
 3.345573e-07 6.540626e-07 1.116468e-11 9.886310e-07 clkbuf_5_3__f_v_clk
 2.953851e-07 6.916966e-07 1.107792e-11 9.870927e-07 clkbuf_4_1__f_w_clk
 8.433218e-07 1.385219e-07 1.232310e-11 9.818559e-07 clkbuf_1_1__f_clk
 2.955359e-07 6.854427e-07 1.107792e-11 9.809897e-07 clkbuf_4_6__f_w_clk
 3.340608e-07 6.412209e-07 1.116468e-11 9.752928e-07 clkbuf_5_14__f_v_clk
 3.343952e-07 6.403356e-07 1.116468e-11 9.747419e-07 clkbuf_5_7__f_v_clk
 2.949386e-07 6.717400e-07 1.107792e-11 9.666896e-07 clkbuf_4_9__f_w_clk
 3.337027e-07 6.329136e-07 1.116468e-11 9.666275e-07 clkbuf_5_31__f_v_clk
 2.953410e-07 6.668722e-07 1.107792e-11 9.622241e-07 clkbuf_4_2__f_w_clk
 3.336966e-07 6.257309e-07 1.116468e-11 9.594386e-07 clkbuf_5_9__f_v_clk
 3.336589e-07 6.245559e-07 1.116468e-11 9.582259e-07 clkbuf_5_22__f_v_clk
 3.334251e-07 6.095256e-07 1.116468e-11 9.429618e-07 clkbuf_5_4__f_v_clk
 3.334120e-07 6.087124e-07 1.116468e-11 9.421356e-07 clkbuf_5_0__f_v_clk
 3.331009e-07 6.004763e-07 1.116468e-11 9.335884e-07 clkbuf_5_1__f_v_clk
 3.327489e-07 6.002237e-07 1.116468e-11 9.329837e-07 clkbuf_5_19__f_v_clk
 2.948642e-07 6.300443e-07 1.107792e-11 9.249196e-07 clkbuf_4_10__f_w_clk
 2.948487e-07 6.272272e-07 1.107792e-11 9.220871e-07 clkbuf_4_8__f_w_clk
 2.957611e-07 6.193134e-07 1.107792e-11 9.150855e-07 clkbuf_4_15__f_w_clk
 3.319056e-07 5.784259e-07 1.116468e-11 9.103427e-07 clkbuf_5_13__f_v_clk
 3.307949e-07 5.485826e-07 1.116468e-11 8.793887e-07 clkbuf_5_8__f_v_clk
 3.299036e-07 5.249705e-07 1.116468e-11 8.548852e-07 clkbuf_5_12__f_v_clk
 1.480756e-07 6.962541e-07 7.304626e-12 8.443370e-07 fanout790
 2.941271e-07 5.264158e-07 1.107792e-11 8.205540e-07 clkbuf_4_7__f_w_clk
 1.475744e-07 6.613155e-07 6.971016e-12 8.088968e-07 clkbuf_2_2_0_w_clk
 3.281476e-07 4.781319e-07 1.116468e-11 8.062907e-07 clkbuf_5_11__f_v_clk
 3.275636e-07 4.626144e-07 1.116468e-11 7.901891e-07 clkbuf_5_10__f_v_clk
 1.474608e-07 6.248836e-07 6.971016e-12 7.723515e-07 clkbuf_2_0_0_w_clk
 1.474778e-07 6.105424e-07 6.971016e-12 7.580273e-07 clkbuf_2_1_0_w_clk
 1.455239e-07 6.070098e-07 7.075174e-12 7.525408e-07 fanout1286
 1.475181e-07 5.814842e-07 6.971016e-12 7.290093e-07 clkbuf_2_3_0_w_clk
 1.471633e-07 5.287606e-07 7.075174e-12 6.759310e-07 fanout515
 2.782874e-07 3.130495e-07 8.864401e-12 5.913457e-07 u_icg_w
 7.374164e-08 4.917494e-07 4.504277e-12 5.654956e-07 fanout882
 7.385601e-08 4.877670e-07 4.504277e-12 5.616275e-07 fanout893
 7.367534e-08 4.723666e-07 4.504277e-12 5.460464e-07 fanout836
 7.391928e-08 4.331528e-07 4.698260e-12 5.070768e-07 fanout1289
 8.934396e-08 3.958073e-07 7.389842e-12 4.851586e-07 fanout379
 7.410022e-08 4.029613e-07 4.504277e-12 4.770660e-07 fanout800
 7.403184e-08 3.896660e-07 4.698260e-12 4.637025e-07 fanout512
 7.485701e-08 3.849701e-07 4.504277e-12 4.598317e-07 fanout825
 7.402745e-08 3.822164e-07 4.504277e-12 4.562484e-07 fanout849
 7.403548e-08 3.786170e-07 4.504277e-12 4.526570e-07 fanout837
 7.485497e-08 3.774325e-07 4.698260e-12 4.522922e-07 fanout491
 7.490851e-08 3.742421e-07 4.504277e-12 4.491552e-07 fanout827
 7.465605e-08 3.705971e-07 4.504277e-12 4.452576e-07 fanout848
 7.423007e-08 3.688239e-07 4.504277e-12 4.430584e-07 fanout808
 7.419164e-08 3.662067e-07 4.698260e-12 4.404030e-07 fanout498
 7.413008e-08 3.649343e-07 4.698260e-12 4.390690e-07 fanout522
 7.498615e-08 3.580981e-07 4.504277e-12 4.330888e-07 fanout824
 7.460302e-08 3.577889e-07 4.698260e-12 4.323966e-07 fanout505
 7.429841e-08 3.538423e-07 4.504277e-12 4.281452e-07 fanout801
 7.444847e-08 3.519554e-07 4.698260e-12 4.264085e-07 fanout517
 7.425255e-08 3.506366e-07 4.504277e-12 4.248936e-07 fanout833
 7.509369e-08 3.467963e-07 4.698260e-12 4.218947e-07 fanout1287
 7.416016e-08 3.463779e-07 4.504277e-12 4.205426e-07 fanout879
 7.415856e-08 3.456191e-07 4.504277e-12 4.197821e-07 fanout881
 7.449165e-08 3.420870e-07 4.698260e-12 4.165833e-07 fanout520
 7.514370e-08 3.401890e-07 4.503240e-12 4.153372e-07 fanout792
 7.432496e-08 3.389400e-07 4.504277e-12 4.132694e-07 fanout867
 7.438711e-08 3.358294e-07 4.698260e-12 4.102212e-07 fanout494
 7.422247e-08 3.317129e-07 4.504277e-12 4.059399e-07 fanout828
 7.465625e-08 3.275074e-07 4.504277e-12 4.021681e-07 fanout802
 7.523262e-08 3.265599e-07 4.504277e-12 4.017970e-07 fanout890
 3.958222e-07 0.000000e+00 7.180551e-12 3.958294e-07 clkload5
 3.958129e-07 0.000000e+00 7.180551e-12 3.958201e-07 clkload11
 7.501559e-08 3.067432e-07 4.698260e-12 3.817634e-07 fanout497
 7.521336e-08 3.030790e-07 4.698260e-12 3.782970e-07 fanout493
 7.510868e-08 3.000939e-07 4.698260e-12 3.752073e-07 fanout504
 7.492802e-08 2.985569e-07 4.504277e-12 3.734894e-07 fanout846
 7.485491e-08 2.976522e-07 4.504277e-12 3.725116e-07 fanout796
 7.446963e-08 2.967748e-07 4.504277e-12 3.712489e-07 fanout831
 1.648955e-07 2.056390e-07 6.986266e-12 3.705414e-07 clkbuf_leaf_293_v_clk
 7.515698e-08 2.952707e-07 4.504277e-12 3.704321e-07 fanout851
 7.462033e-08 2.952892e-07 4.504277e-12 3.699141e-07 fanout860
 7.558311e-08 2.940333e-07 4.504277e-12 3.696209e-07 fanout864
 7.558428e-08 2.938086e-07 4.504277e-12 3.693974e-07 fanout857
 7.515707e-08 2.934083e-07 4.504277e-12 3.685698e-07 fanout822
 7.455446e-08 2.939607e-07 4.504277e-12 3.685197e-07 fanout884
 7.498710e-08 2.930007e-07 4.698260e-12 3.679924e-07 fanout507
 1.647823e-07 2.011486e-07 6.986266e-12 3.659379e-07 clkbuf_leaf_288_v_clk
 7.481275e-08 2.909544e-07 4.698260e-12 3.657719e-07 fanout499
 1.650870e-07 2.005295e-07 6.986266e-12 3.656235e-07 clkbuf_leaf_246_v_clk
 1.644135e-07 1.989716e-07 6.986266e-12 3.633921e-07 clkbuf_leaf_146_v_clk
 7.559570e-08 2.855285e-07 4.504277e-12 3.611287e-07 fanout863
 7.520106e-08 2.834838e-07 4.504277e-12 3.586893e-07 fanout823
 7.527505e-08 2.810107e-07 4.504277e-12 3.562902e-07 fanout885
 7.563802e-08 2.806050e-07 4.504277e-12 3.562475e-07 fanout883
 7.468162e-08 2.808945e-07 4.504277e-12 3.555807e-07 fanout858
 1.646330e-07 1.901811e-07 6.986266e-12 3.548211e-07 clkbuf_leaf_280_v_clk
 1.450718e-07 2.087267e-07 6.971016e-12 3.538054e-07 clkbuf_leaf_32_w_clk
 1.647593e-07 1.885143e-07 6.986266e-12 3.532806e-07 clkbuf_leaf_227_v_clk
 7.565950e-08 2.770843e-07 4.504277e-12 3.527483e-07 fanout856
 1.650677e-07 1.871636e-07 6.986266e-12 3.522383e-07 clkbuf_leaf_0_v_clk
 1.636699e-07 1.885505e-07 6.986266e-12 3.522273e-07 clkbuf_leaf_129_v_clk
 7.537648e-08 2.766142e-07 4.504277e-12 3.519952e-07 fanout820
 1.648101e-07 1.859924e-07 6.986266e-12 3.508095e-07 clkbuf_leaf_45_v_clk
 1.449838e-07 2.056814e-07 6.971016e-12 3.506721e-07 clkbuf_leaf_46_w_clk
 1.636406e-07 1.869099e-07 6.986266e-12 3.505575e-07 clkbuf_leaf_127_v_clk
 1.641986e-07 1.857354e-07 6.986266e-12 3.499410e-07 clkbuf_leaf_199_v_clk
 7.530160e-08 2.730894e-07 4.698260e-12 3.483957e-07 fanout513
 1.647430e-07 1.833998e-07 6.986266e-12 3.481499e-07 clkbuf_leaf_28_v_clk
 1.446281e-07 2.032604e-07 6.971016e-12 3.478954e-07 clkbuf_leaf_103_w_clk
 1.635644e-07 1.842253e-07 6.986266e-12 3.477967e-07 clkbuf_leaf_133_v_clk
 1.647277e-07 1.828984e-07 6.986266e-12 3.476331e-07 clkbuf_leaf_25_v_clk
 7.503988e-08 2.716658e-07 4.504277e-12 3.467101e-07 fanout816
 1.448595e-07 2.010109e-07 6.971016e-12 3.458773e-07 clkbuf_leaf_30_w_clk
 1.635116e-07 1.822100e-07 6.986266e-12 3.457286e-07 clkbuf_leaf_132_v_clk
 7.540862e-08 2.698498e-07 4.504277e-12 3.452629e-07 fanout821
 1.635038e-07 1.813787e-07 6.986266e-12 3.448894e-07 clkbuf_leaf_119_v_clk
 1.446841e-07 1.992124e-07 6.971016e-12 3.439035e-07 clkbuf_leaf_12_w_clk
 1.639016e-07 1.793602e-07 6.986266e-12 3.432688e-07 clkbuf_leaf_138_v_clk
 1.644198e-07 1.774585e-07 6.986266e-12 3.418853e-07 clkbuf_leaf_235_v_clk
 7.464961e-08 2.672200e-07 4.504277e-12 3.418741e-07 fanout814
 1.647722e-07 1.766806e-07 6.986266e-12 3.414597e-07 clkbuf_leaf_7_v_clk
 7.536029e-08 2.656276e-07 4.698260e-12 3.409926e-07 fanout492
 1.633822e-07 1.771602e-07 6.986266e-12 3.405494e-07 clkbuf_leaf_136_v_clk
 1.444666e-07 1.957834e-07 6.971016e-12 3.402569e-07 clkbuf_leaf_64_w_clk
 1.641463e-07 1.760070e-07 6.986266e-12 3.401603e-07 clkbuf_leaf_108_v_clk
 1.639566e-07 1.759433e-07 6.986266e-12 3.399069e-07 clkbuf_leaf_198_v_clk
 7.503129e-08 2.641434e-07 4.504277e-12 3.391792e-07 fanout843
 1.633460e-07 1.755670e-07 6.986266e-12 3.389200e-07 clkbuf_leaf_130_v_clk
 7.522063e-08 2.636744e-07 4.698260e-12 3.388998e-07 fanout503
 1.446770e-07 1.941704e-07 6.971016e-12 3.388544e-07 clkbuf_leaf_33_w_clk
 7.494945e-08 2.638911e-07 4.504277e-12 3.388451e-07 fanout798
 7.572520e-08 2.620640e-07 4.504277e-12 3.377937e-07 fanout862
 1.643177e-07 1.733250e-07 6.986266e-12 3.376497e-07 clkbuf_leaf_231_v_clk
 1.637510e-07 1.736192e-07 6.986266e-12 3.373771e-07 clkbuf_leaf_150_v_clk
 1.633074e-07 1.737692e-07 6.986266e-12 3.370837e-07 clkbuf_leaf_123_v_clk
 1.641638e-07 1.722496e-07 6.986266e-12 3.364203e-07 clkbuf_leaf_189_v_clk
 1.638559e-07 1.720870e-07 6.986266e-12 3.359499e-07 clkbuf_leaf_193_v_clk
 1.639496e-07 1.717429e-07 6.986266e-12 3.356995e-07 clkbuf_leaf_172_v_clk
 1.644012e-07 1.712766e-07 6.986266e-12 3.356847e-07 clkbuf_leaf_30_v_clk
 1.445926e-07 1.910140e-07 6.971016e-12 3.356136e-07 clkbuf_leaf_34_w_clk
 1.642626e-07 1.703294e-07 6.986266e-12 3.345990e-07 clkbuf_leaf_225_v_clk
 1.632496e-07 1.710769e-07 6.986266e-12 3.343334e-07 clkbuf_leaf_121_v_clk
 1.632106e-07 1.701440e-07 6.986266e-12 3.333616e-07 clkbuf_leaf_134_v_clk
 1.636086e-07 1.679984e-07 6.986266e-12 3.316139e-07 clkbuf_leaf_144_v_clk
 1.444941e-07 1.869203e-07 6.971016e-12 3.314213e-07 clkbuf_leaf_38_w_clk
 1.442739e-07 1.868394e-07 6.971016e-12 3.311203e-07 clkbuf_leaf_145_w_clk
 1.442717e-07 1.866170e-07 6.971016e-12 3.308956e-07 clkbuf_leaf_147_w_clk
 7.447047e-08 2.561251e-07 4.504277e-12 3.306000e-07 fanout832
 1.645823e-07 1.655438e-07 6.986266e-12 3.301331e-07 clkbuf_leaf_105_v_clk
 1.639859e-07 1.659565e-07 6.986266e-12 3.299494e-07 clkbuf_leaf_278_v_clk
 1.442140e-07 1.855661e-07 6.971016e-12 3.297871e-07 clkbuf_leaf_160_w_clk
 1.638400e-07 1.657185e-07 6.986266e-12 3.295656e-07 clkbuf_leaf_295_v_clk
 1.641065e-07 1.653107e-07 6.986266e-12 3.294242e-07 clkbuf_leaf_229_v_clk
 1.636644e-07 1.650109e-07 6.986266e-12 3.286823e-07 clkbuf_leaf_192_v_clk
 1.442768e-07 1.840635e-07 6.971016e-12 3.283472e-07 clkbuf_leaf_15_w_clk
 1.640889e-07 1.639290e-07 6.986266e-12 3.280249e-07 clkbuf_leaf_237_v_clk
 1.441302e-07 1.829595e-07 6.971016e-12 3.270967e-07 clkbuf_leaf_63_w_clk
 1.634939e-07 1.635167e-07 6.986266e-12 3.270175e-07 clkbuf_leaf_137_v_clk
 1.640451e-07 1.624425e-07 6.986266e-12 3.264947e-07 clkbuf_leaf_243_v_clk
 1.441430e-07 1.818934e-07 6.971016e-12 3.260434e-07 clkbuf_leaf_146_w_clk
 1.638661e-07 1.615823e-07 6.986266e-12 3.254554e-07 clkbuf_leaf_272_v_clk
 1.637717e-07 1.615722e-07 6.986266e-12 3.253510e-07 clkbuf_leaf_110_v_clk
 1.641438e-07 1.602899e-07 6.986266e-12 3.244406e-07 clkbuf_leaf_290_v_clk
 1.638445e-07 1.602617e-07 6.986266e-12 3.241132e-07 clkbuf_leaf_185_v_clk
 1.634137e-07 1.601226e-07 6.986266e-12 3.235432e-07 clkbuf_leaf_143_v_clk
 6.054491e-08 2.628945e-07 6.952746e-12 3.234464e-07 fanout450
 1.638256e-07 1.595431e-07 6.986266e-12 3.233757e-07 clkbuf_leaf_188_v_clk
 1.635195e-07 1.596161e-07 6.986266e-12 3.231426e-07 clkbuf_leaf_115_v_clk
 1.639265e-07 1.591104e-07 6.986266e-12 3.230439e-07 clkbuf_leaf_232_v_clk
 1.442622e-07 1.787618e-07 6.971016e-12 3.230309e-07 clkbuf_leaf_42_w_clk
 1.636592e-07 1.586238e-07 6.986266e-12 3.222900e-07 clkbuf_leaf_297_v_clk
 1.636913e-07 1.585387e-07 6.986266e-12 3.222370e-07 clkbuf_leaf_111_v_clk
 1.633793e-07 1.587256e-07 6.986266e-12 3.221119e-07 clkbuf_leaf_142_v_clk
 1.629473e-07 1.590423e-07 6.986266e-12 3.219967e-07 clkbuf_leaf_126_v_clk
 1.639579e-07 1.579110e-07 6.986266e-12 3.218759e-07 clkbuf_leaf_23_v_clk
 1.439709e-07 1.778157e-07 6.971016e-12 3.217936e-07 clkbuf_leaf_101_w_clk
 1.632802e-07 1.584437e-07 6.986266e-12 3.217309e-07 clkbuf_leaf_267_v_clk
 7.523578e-08 2.463078e-07 4.504277e-12 3.215480e-07 fanout889
 1.632799e-07 1.581881e-07 6.986266e-12 3.214749e-07 clkbuf_leaf_261_v_clk
 7.648741e-08 2.449571e-07 1.385613e-11 3.214583e-07 fanout362
 1.438832e-07 1.775648e-07 6.971016e-12 3.214550e-07 clkbuf_leaf_71_w_clk
 1.642325e-07 1.571753e-07 6.986266e-12 3.214147e-07 clkbuf_leaf_31_v_clk
 1.637590e-07 1.574520e-07 6.986266e-12 3.212180e-07 clkbuf_leaf_276_v_clk
 1.438677e-07 1.769391e-07 6.971016e-12 3.208138e-07 clkbuf_leaf_107_w_clk
 1.439304e-07 1.766336e-07 6.971016e-12 3.205709e-07 clkbuf_leaf_102_w_clk
 1.640010e-07 1.565085e-07 6.986266e-12 3.205165e-07 clkbuf_leaf_44_v_clk
 1.637356e-07 1.565620e-07 6.986266e-12 3.203047e-07 clkbuf_leaf_277_v_clk
 1.439490e-07 1.761240e-07 6.971016e-12 3.200800e-07 clkbuf_leaf_61_w_clk
 1.632185e-07 1.564799e-07 6.986266e-12 3.197054e-07 clkbuf_leaf_271_v_clk
 1.440459e-07 1.754899e-07 6.971016e-12 3.195427e-07 clkbuf_leaf_16_w_clk
 1.639651e-07 1.550824e-07 6.986266e-12 3.190545e-07 clkbuf_leaf_26_v_clk
 1.628628e-07 1.560553e-07 6.986266e-12 3.189251e-07 clkbuf_leaf_131_v_clk
 1.631942e-07 1.554249e-07 6.986266e-12 3.186261e-07 clkbuf_leaf_270_v_clk
 1.628678e-07 1.556871e-07 6.986266e-12 3.185619e-07 clkbuf_leaf_128_v_clk
 1.639838e-07 1.544124e-07 6.986266e-12 3.184032e-07 clkbuf_leaf_304_v_clk
 1.635517e-07 1.544851e-07 6.986266e-12 3.180438e-07 clkbuf_leaf_287_v_clk
 1.641461e-07 1.538458e-07 6.986266e-12 3.179989e-07 clkbuf_leaf_1_v_clk
 1.440082e-07 1.737978e-07 6.971016e-12 3.178129e-07 clkbuf_leaf_11_w_clk
 1.441175e-07 1.736098e-07 6.971016e-12 3.177342e-07 clkbuf_leaf_60_w_clk
 1.633912e-07 1.539103e-07 6.986266e-12 3.173084e-07 clkbuf_leaf_161_v_clk
 1.643550e-07 1.526843e-07 6.986266e-12 3.170463e-07 clkbuf_leaf_51_v_clk
 1.438815e-07 1.730133e-07 6.971016e-12 3.169018e-07 clkbuf_leaf_162_w_clk
 1.641101e-07 1.525874e-07 6.986266e-12 3.167046e-07 clkbuf_leaf_203_v_clk
 1.641128e-07 1.525397e-07 6.986266e-12 3.166595e-07 clkbuf_leaf_2_v_clk
 1.632381e-07 1.533013e-07 6.986266e-12 3.165463e-07 clkbuf_leaf_139_v_clk
 1.438243e-07 1.726743e-07 6.971016e-12 3.165056e-07 clkbuf_leaf_97_w_clk
 1.635073e-07 1.529537e-07 6.986266e-12 3.164679e-07 clkbuf_leaf_300_v_clk
 1.637800e-07 1.525878e-07 6.986266e-12 3.163748e-07 clkbuf_leaf_244_v_clk
 1.632144e-07 1.526664e-07 6.986266e-12 3.158878e-07 clkbuf_leaf_117_v_clk
 1.634453e-07 1.524059e-07 6.986266e-12 3.158583e-07 clkbuf_leaf_180_v_clk
 1.638727e-07 1.519580e-07 6.986266e-12 3.158377e-07 clkbuf_leaf_8_v_clk
 1.634335e-07 1.520238e-07 6.986266e-12 3.154643e-07 clkbuf_leaf_178_v_clk
 1.631879e-07 1.516875e-07 6.986266e-12 3.148823e-07 clkbuf_leaf_145_v_clk
 1.634119e-07 1.513530e-07 6.986266e-12 3.147719e-07 clkbuf_leaf_166_v_clk
 1.637356e-07 1.510126e-07 6.986266e-12 3.147552e-07 clkbuf_leaf_238_v_clk
 1.438352e-07 1.704032e-07 6.971016e-12 3.142453e-07 clkbuf_leaf_111_w_clk
 1.440320e-07 1.701469e-07 6.971016e-12 3.141859e-07 clkbuf_leaf_41_w_clk
 1.639911e-07 1.497083e-07 6.986266e-12 3.137064e-07 clkbuf_leaf_310_v_clk
 1.634699e-07 1.500896e-07 6.986266e-12 3.135665e-07 clkbuf_leaf_113_v_clk
 1.638478e-07 1.497016e-07 6.986266e-12 3.135564e-07 clkbuf_leaf_289_v_clk
 1.640273e-07 1.493381e-07 6.986266e-12 3.133724e-07 clkbuf_leaf_205_v_clk
 1.631539e-07 1.500265e-07 6.986266e-12 3.131873e-07 clkbuf_leaf_140_v_clk
 1.635569e-07 1.495027e-07 6.986266e-12 3.130666e-07 clkbuf_leaf_184_v_clk
 1.627167e-07 1.498996e-07 6.986266e-12 3.126233e-07 clkbuf_leaf_124_v_clk
 1.636626e-07 1.489113e-07 6.986266e-12 3.125809e-07 clkbuf_leaf_92_v_clk
 1.633552e-07 1.490635e-07 6.986266e-12 3.124258e-07 clkbuf_leaf_177_v_clk
 1.436404e-07 1.683940e-07 6.971016e-12 3.120414e-07 clkbuf_leaf_105_w_clk
 4.407105e-08 2.676506e-07 4.430811e-12 3.117261e-07 fanout378
 1.436934e-07 1.676323e-07 6.971016e-12 3.113327e-07 clkbuf_leaf_99_w_clk
 1.638189e-07 1.473611e-07 6.986266e-12 3.111870e-07 clkbuf_leaf_72_v_clk
 1.631003e-07 1.479108e-07 6.986266e-12 3.110181e-07 clkbuf_leaf_141_v_clk
 1.437503e-07 1.671919e-07 6.971016e-12 3.109491e-07 clkbuf_leaf_109_w_clk
 1.632223e-07 1.476803e-07 6.986266e-12 3.109096e-07 clkbuf_leaf_197_v_clk
 1.436820e-07 1.671017e-07 6.971016e-12 3.107906e-07 clkbuf_leaf_100_w_clk
 1.626763e-07 1.479111e-07 6.986266e-12 3.105944e-07 clkbuf_leaf_122_v_clk
 1.634755e-07 1.466042e-07 6.986266e-12 3.100867e-07 clkbuf_leaf_250_v_clk
 1.641686e-07 1.459097e-07 6.986266e-12 3.100852e-07 clkbuf_leaf_47_v_clk
 1.637853e-07 1.462113e-07 6.986266e-12 3.100036e-07 clkbuf_leaf_71_v_clk
 1.633319e-07 1.461625e-07 6.986266e-12 3.095014e-07 clkbuf_leaf_299_v_clk
 1.637748e-07 1.457107e-07 6.986266e-12 3.094924e-07 clkbuf_leaf_94_v_clk
 1.634622e-07 1.459113e-07 6.986266e-12 3.093805e-07 clkbuf_leaf_186_v_clk
 1.635739e-07 1.456048e-07 6.986266e-12 3.091857e-07 clkbuf_leaf_81_v_clk
 1.638166e-07 1.453325e-07 6.986266e-12 3.091561e-07 clkbuf_leaf_212_v_clk
 1.435624e-07 1.653674e-07 6.971016e-12 3.089367e-07 clkbuf_leaf_106_w_clk
 1.637321e-07 1.451378e-07 6.986266e-12 3.088768e-07 clkbuf_leaf_286_v_clk
 1.626155e-07 1.461060e-07 6.986266e-12 3.087285e-07 clkbuf_leaf_135_v_clk
 1.638515e-07 1.446406e-07 6.986266e-12 3.084990e-07 clkbuf_leaf_284_v_clk
 1.635457e-07 1.449030e-07 6.986266e-12 3.084557e-07 clkbuf_leaf_83_v_clk
 1.626160e-07 1.457205e-07 6.986266e-12 3.083435e-07 clkbuf_leaf_125_v_clk
 1.629507e-07 1.453428e-07 6.986266e-12 3.083004e-07 clkbuf_leaf_268_v_clk
 4.382775e-08 2.643194e-07 4.770689e-12 3.081519e-07 fanout485
 1.634235e-07 1.447177e-07 6.986266e-12 3.081481e-07 clkbuf_leaf_242_v_clk
 1.631526e-07 1.449693e-07 6.986266e-12 3.081290e-07 clkbuf_leaf_196_v_clk
 1.437437e-07 1.641382e-07 6.971016e-12 3.078888e-07 clkbuf_leaf_5_w_clk
 1.635601e-07 1.441877e-07 6.986266e-12 3.077548e-07 clkbuf_leaf_226_v_clk
 1.633186e-07 1.443481e-07 6.986266e-12 3.076738e-07 clkbuf_leaf_112_v_clk
 1.635434e-07 1.439716e-07 6.986266e-12 3.075220e-07 clkbuf_leaf_240_v_clk
 1.435309e-07 1.638544e-07 6.971016e-12 3.073922e-07 clkbuf_leaf_69_w_clk
 1.629923e-07 1.440103e-07 6.986266e-12 3.070095e-07 clkbuf_leaf_116_v_clk
 1.436560e-07 1.633171e-07 6.971016e-12 3.069801e-07 clkbuf_leaf_149_w_clk
 1.438401e-07 1.628618e-07 6.971016e-12 3.067089e-07 clkbuf_leaf_36_w_clk
 1.629121e-07 1.436432e-07 6.986266e-12 3.065623e-07 clkbuf_leaf_260_v_clk
 1.632070e-07 1.432889e-07 6.986266e-12 3.065029e-07 clkbuf_leaf_175_v_clk
 1.635006e-07 1.428021e-07 6.986266e-12 3.063097e-07 clkbuf_leaf_79_v_clk
 1.634922e-07 1.425443e-07 6.986266e-12 3.060435e-07 clkbuf_leaf_85_v_clk
 1.628853e-07 1.431207e-07 6.986266e-12 3.060130e-07 clkbuf_leaf_265_v_clk
 1.635302e-07 1.422242e-07 6.986266e-12 3.057614e-07 clkbuf_leaf_49_v_clk
 1.435886e-07 1.620379e-07 6.971016e-12 3.056335e-07 clkbuf_leaf_56_w_clk
 1.634820e-07 1.421353e-07 6.986266e-12 3.056243e-07 clkbuf_leaf_230_v_clk
 1.637995e-07 1.413637e-07 6.986266e-12 3.051701e-07 clkbuf_leaf_204_v_clk
 1.637051e-07 1.412522e-07 6.986266e-12 3.049643e-07 clkbuf_leaf_210_v_clk
 1.636777e-07 1.411671e-07 6.986266e-12 3.048518e-07 clkbuf_leaf_42_v_clk
 1.634613e-07 1.413612e-07 6.986266e-12 3.048295e-07 clkbuf_leaf_228_v_clk
 1.630720e-07 1.417321e-07 6.986266e-12 3.048111e-07 clkbuf_leaf_163_v_clk
 1.436493e-07 1.605895e-07 6.971016e-12 3.042457e-07 clkbuf_leaf_14_w_clk
 1.634382e-07 1.407222e-07 6.986266e-12 3.041673e-07 clkbuf_leaf_84_v_clk
 1.435747e-07 1.604720e-07 6.971016e-12 3.040537e-07 clkbuf_leaf_110_w_clk
 1.635600e-07 1.404405e-07 6.986266e-12 3.040075e-07 clkbuf_leaf_29_v_clk
 1.632142e-07 1.407760e-07 6.986266e-12 3.039972e-07 clkbuf_leaf_109_v_clk
 1.634219e-07 1.404259e-07 6.986266e-12 3.038548e-07 clkbuf_leaf_233_v_clk
 1.637298e-07 1.399200e-07 6.986266e-12 3.036568e-07 clkbuf_leaf_12_v_clk
 1.630230e-07 1.403585e-07 6.986266e-12 3.033884e-07 clkbuf_leaf_195_v_clk
 1.435610e-07 1.598184e-07 6.971016e-12 3.033863e-07 clkbuf_leaf_144_w_clk
 1.435502e-07 1.595240e-07 6.971016e-12 3.030812e-07 clkbuf_leaf_113_w_clk
 1.638458e-07 1.390567e-07 6.986266e-12 3.029094e-07 clkbuf_leaf_89_v_clk
 1.631525e-07 1.397076e-07 6.986266e-12 3.028671e-07 clkbuf_leaf_294_v_clk
 1.630973e-07 1.392494e-07 6.986266e-12 3.023537e-07 clkbuf_leaf_179_v_clk
 1.633789e-07 1.386798e-07 6.986266e-12 3.020658e-07 clkbuf_leaf_236_v_clk
 1.437179e-07 1.582875e-07 6.971016e-12 3.020123e-07 clkbuf_leaf_35_w_clk
 1.636233e-07 1.382086e-07 6.986266e-12 3.018389e-07 clkbuf_leaf_214_v_clk
 1.634052e-07 1.383493e-07 6.986266e-12 3.017615e-07 clkbuf_leaf_245_v_clk
 1.633905e-07 1.382928e-07 6.986266e-12 3.016903e-07 clkbuf_leaf_239_v_clk
 1.640525e-07 1.374478e-07 6.986266e-12 3.015073e-07 clkbuf_leaf_99_v_clk
 1.624541e-07 1.389045e-07 6.986266e-12 3.013656e-07 clkbuf_leaf_120_v_clk
 1.642252e-07 1.370048e-07 6.986266e-12 3.012370e-07 clkbuf_leaf_68_v_clk
 1.635477e-07 1.376323e-07 6.986266e-12 3.011869e-07 clkbuf_leaf_69_v_clk
 1.636283e-07 1.367611e-07 6.986266e-12 3.003964e-07 clkbuf_leaf_5_v_clk
 1.634550e-07 1.364798e-07 6.986266e-12 2.999418e-07 clkbuf_leaf_27_v_clk
 1.636548e-07 1.357767e-07 6.986266e-12 2.994385e-07 clkbuf_leaf_206_v_clk
 1.633147e-07 1.360202e-07 6.986266e-12 2.993418e-07 clkbuf_leaf_87_v_clk
 1.629351e-07 1.363463e-07 6.986266e-12 2.992884e-07 clkbuf_leaf_149_v_clk
 1.634807e-07 1.357833e-07 6.986266e-12 2.992711e-07 clkbuf_leaf_298_v_clk
 1.632764e-07 1.357726e-07 6.986266e-12 2.990560e-07 clkbuf_leaf_3_v_clk
 1.633637e-07 1.353704e-07 6.986266e-12 2.987411e-07 clkbuf_leaf_14_v_clk
 1.630026e-07 1.356186e-07 6.986266e-12 2.986283e-07 clkbuf_leaf_173_v_clk
 1.633626e-07 1.351956e-07 6.986266e-12 2.985653e-07 clkbuf_leaf_16_v_clk
 1.628939e-07 1.355546e-07 6.986266e-12 2.984554e-07 clkbuf_leaf_191_v_clk
 1.641445e-07 1.340017e-07 6.986266e-12 2.981533e-07 clkbuf_leaf_62_v_clk
 1.631674e-07 1.349624e-07 6.986266e-12 2.981368e-07 clkbuf_leaf_252_v_clk
 1.627631e-07 1.352144e-07 6.986266e-12 2.979845e-07 clkbuf_leaf_151_v_clk
 1.633446e-07 1.345910e-07 6.986266e-12 2.979426e-07 clkbuf_leaf_15_v_clk
 1.635056e-07 1.342396e-07 6.986266e-12 2.977522e-07 clkbuf_leaf_155_v_clk
 4.386363e-08 2.538357e-07 4.770689e-12 2.977041e-07 fanout486
 1.631410e-07 1.342845e-07 6.986266e-12 2.974325e-07 clkbuf_leaf_241_v_clk
 1.636969e-07 1.336833e-07 6.986266e-12 2.973872e-07 clkbuf_leaf_91_v_clk
 1.432655e-07 1.540808e-07 6.971016e-12 2.973532e-07 clkbuf_leaf_75_w_clk
 1.636948e-07 1.335843e-07 6.986266e-12 2.972860e-07 clkbuf_leaf_90_v_clk
 1.631373e-07 1.341168e-07 6.986266e-12 2.972611e-07 clkbuf_leaf_257_v_clk
 1.435748e-07 1.534083e-07 6.971016e-12 2.969900e-07 clkbuf_leaf_47_w_clk
 1.632208e-07 1.337370e-07 6.986266e-12 2.969648e-07 clkbuf_leaf_314_v_clk
 1.631388e-07 1.338123e-07 6.986266e-12 2.969581e-07 clkbuf_leaf_182_v_clk
 1.628706e-07 1.340744e-07 6.986266e-12 2.969520e-07 clkbuf_leaf_190_v_clk
 1.632427e-07 1.336629e-07 6.986266e-12 2.969126e-07 clkbuf_leaf_88_v_clk
 1.432558e-07 1.535048e-07 6.971016e-12 2.967676e-07 clkbuf_leaf_74_w_clk
 1.631333e-07 1.336223e-07 6.986266e-12 2.967626e-07 clkbuf_leaf_183_v_clk
 1.633285e-07 1.331036e-07 6.986266e-12 2.964391e-07 clkbuf_leaf_217_v_clk
 1.631260e-07 1.332916e-07 6.986266e-12 2.964245e-07 clkbuf_leaf_187_v_clk
 1.433451e-07 1.527964e-07 6.971016e-12 2.961484e-07 clkbuf_leaf_153_w_clk
 1.435495e-07 1.525229e-07 6.971016e-12 2.960794e-07 clkbuf_leaf_59_w_clk
 1.631107e-07 1.329484e-07 6.986266e-12 2.960661e-07 clkbuf_leaf_255_v_clk
 1.632274e-07 1.326732e-07 6.986266e-12 2.959076e-07 clkbuf_leaf_78_v_clk
 1.634509e-07 1.322807e-07 6.986266e-12 2.957386e-07 clkbuf_leaf_168_v_clk
 1.432157e-07 1.519390e-07 6.971016e-12 2.951617e-07 clkbuf_leaf_70_w_clk
 1.626136e-07 1.322500e-07 6.986266e-12 2.948705e-07 clkbuf_leaf_262_v_clk
 1.632477e-07 1.316080e-07 6.986266e-12 2.948628e-07 clkbuf_leaf_50_v_clk
 1.633463e-07 1.314977e-07 6.986266e-12 2.948510e-07 clkbuf_leaf_292_v_clk
 1.432068e-07 1.516100e-07 6.971016e-12 2.948238e-07 clkbuf_leaf_68_w_clk
 1.432714e-07 1.515162e-07 6.971016e-12 2.947946e-07 clkbuf_leaf_140_w_clk
 1.630623e-07 1.314408e-07 6.986266e-12 2.945101e-07 clkbuf_leaf_273_v_clk
 1.633476e-07 1.311285e-07 6.986266e-12 2.944831e-07 clkbuf_leaf_305_v_clk
 1.633731e-07 1.310882e-07 6.986266e-12 2.944683e-07 clkbuf_leaf_73_v_clk
 1.628944e-07 1.314649e-07 6.986266e-12 2.943663e-07 clkbuf_leaf_176_v_clk
 1.434931e-07 1.502833e-07 6.971016e-12 2.937833e-07 clkbuf_leaf_31_w_clk
 1.634846e-07 1.299379e-07 6.986266e-12 2.934295e-07 clkbuf_leaf_6_v_clk
 1.625676e-07 1.308119e-07 6.986266e-12 2.933865e-07 clkbuf_leaf_266_v_clk
 1.633804e-07 1.297313e-07 6.986266e-12 2.931187e-07 clkbuf_leaf_164_v_clk
 1.634746e-07 1.295156e-07 6.986266e-12 2.929972e-07 clkbuf_leaf_202_v_clk
 1.632114e-07 1.295910e-07 6.986266e-12 2.928094e-07 clkbuf_leaf_24_v_clk
 1.638155e-07 1.289822e-07 6.986266e-12 2.928047e-07 clkbuf_leaf_95_v_clk
 1.625538e-07 1.300547e-07 6.986266e-12 2.926155e-07 clkbuf_leaf_263_v_clk
 1.635713e-07 1.290260e-07 6.986266e-12 2.926043e-07 clkbuf_leaf_104_v_clk
 1.635705e-07 1.289737e-07 6.986266e-12 2.925511e-07 clkbuf_leaf_103_v_clk
 1.432488e-07 1.491344e-07 6.971016e-12 2.923902e-07 clkbuf_leaf_154_w_clk
 1.432374e-07 1.490281e-07 6.971016e-12 2.922725e-07 clkbuf_leaf_58_w_clk
 1.632233e-07 1.290374e-07 6.986266e-12 2.922677e-07 clkbuf_leaf_216_v_clk
 1.434597e-07 1.487752e-07 6.971016e-12 2.922419e-07 clkbuf_leaf_40_w_clk
 1.432272e-07 1.488306e-07 6.971016e-12 2.920648e-07 clkbuf_leaf_52_w_clk
 1.634150e-07 1.284854e-07 6.986266e-12 2.919074e-07 clkbuf_leaf_11_v_clk
 1.632979e-07 1.281319e-07 6.986266e-12 2.914367e-07 clkbuf_leaf_41_v_clk
 1.637258e-07 1.276031e-07 6.986266e-12 2.913358e-07 clkbuf_leaf_97_v_clk
 1.636093e-07 1.276223e-07 6.986266e-12 2.912386e-07 clkbuf_leaf_54_v_clk
 1.632773e-07 1.276728e-07 6.986266e-12 2.909570e-07 clkbuf_leaf_157_v_clk
 1.626946e-07 1.280372e-07 6.986266e-12 2.907388e-07 clkbuf_leaf_158_v_clk
 1.632252e-07 1.273222e-07 6.986266e-12 2.905544e-07 clkbuf_leaf_35_v_clk
 1.638773e-07 1.263094e-07 6.986266e-12 2.901937e-07 clkbuf_leaf_61_v_clk
 1.631470e-07 1.270163e-07 6.986266e-12 2.901703e-07 clkbuf_leaf_306_v_clk
 1.431907e-07 1.468544e-07 6.971016e-12 2.900521e-07 clkbuf_leaf_169_w_clk
 1.625909e-07 1.269571e-07 6.986266e-12 2.895550e-07 clkbuf_leaf_194_v_clk
 1.432010e-07 1.461225e-07 6.971016e-12 2.893305e-07 clkbuf_leaf_148_w_clk
 1.631963e-07 1.261161e-07 6.986266e-12 2.893194e-07 clkbuf_leaf_32_v_clk
 1.627091e-07 1.263029e-07 6.986266e-12 2.890191e-07 clkbuf_leaf_107_v_clk
 1.431277e-07 1.458279e-07 6.971016e-12 2.889626e-07 clkbuf_leaf_134_w_clk
 1.629562e-07 1.259418e-07 6.986266e-12 2.889049e-07 clkbuf_leaf_20_v_clk
 1.628899e-07 1.258577e-07 6.986266e-12 2.887546e-07 clkbuf_leaf_86_v_clk
 1.625070e-07 1.260819e-07 6.986266e-12 2.885958e-07 clkbuf_leaf_162_v_clk
 1.629224e-07 1.256657e-07 6.986266e-12 2.885951e-07 clkbuf_leaf_22_v_clk
 1.627593e-07 1.257702e-07 6.986266e-12 2.885365e-07 clkbuf_leaf_248_v_clk
 1.431135e-07 1.453405e-07 6.971016e-12 2.884609e-07 clkbuf_leaf_139_w_clk
 1.624956e-07 1.256616e-07 6.986266e-12 2.881642e-07 clkbuf_leaf_147_v_clk
 1.625943e-07 1.253449e-07 6.986266e-12 2.879462e-07 clkbuf_leaf_296_v_clk
 1.627680e-07 1.248657e-07 6.986266e-12 2.876407e-07 clkbuf_leaf_303_v_clk
 1.430145e-07 1.443448e-07 6.971016e-12 2.873662e-07 clkbuf_leaf_108_w_clk
 1.430766e-07 1.441958e-07 6.971016e-12 2.872793e-07 clkbuf_leaf_98_w_clk
 1.626548e-07 1.245693e-07 6.986266e-12 2.872311e-07 clkbuf_leaf_258_v_clk
 1.430744e-07 1.441097e-07 6.971016e-12 2.871911e-07 clkbuf_leaf_96_w_clk
 1.431184e-07 1.440643e-07 6.971016e-12 2.871897e-07 clkbuf_leaf_161_w_clk
 1.626375e-07 1.243899e-07 6.986266e-12 2.870344e-07 clkbuf_leaf_249_v_clk
 1.431347e-07 1.438668e-07 6.971016e-12 2.870085e-07 clkbuf_leaf_114_w_clk
 1.629961e-07 1.237004e-07 6.986266e-12 2.867035e-07 clkbuf_leaf_9_v_clk
 1.629871e-07 1.236807e-07 6.986266e-12 2.866748e-07 clkbuf_leaf_285_v_clk
 1.628003e-07 1.236700e-07 6.986266e-12 2.864773e-07 clkbuf_leaf_223_v_clk
 1.429882e-07 1.433349e-07 6.971016e-12 2.863300e-07 clkbuf_leaf_72_w_clk
 1.431795e-07 1.429904e-07 6.971016e-12 2.861769e-07 clkbuf_leaf_8_w_clk
 7.555746e-08 2.105600e-07 1.161458e-11 2.861291e-07 fanout1273
 1.432886e-07 1.426710e-07 6.971016e-12 2.859665e-07 clkbuf_leaf_49_w_clk
 1.625587e-07 1.233309e-07 6.986266e-12 2.858966e-07 clkbuf_leaf_181_v_clk
 1.625400e-07 1.231864e-07 6.986266e-12 2.857334e-07 clkbuf_leaf_256_v_clk
 1.621090e-07 1.235615e-07 6.986266e-12 2.856776e-07 clkbuf_leaf_274_v_clk
 4.400569e-08 2.414257e-07 4.770689e-12 2.854362e-07 fanout484
 1.620900e-07 1.233331e-07 6.986266e-12 2.854300e-07 clkbuf_leaf_269_v_clk
 1.628139e-07 1.223451e-07 6.986266e-12 2.851660e-07 clkbuf_leaf_170_v_clk
 1.430568e-07 1.419893e-07 6.971016e-12 2.850531e-07 clkbuf_leaf_166_w_clk
 1.622512e-07 1.227641e-07 6.986266e-12 2.850223e-07 clkbuf_leaf_160_v_clk
 1.625587e-07 1.224082e-07 6.986266e-12 2.849739e-07 clkbuf_leaf_312_v_clk
 1.623176e-07 1.226140e-07 6.986266e-12 2.849386e-07 clkbuf_leaf_171_v_clk
 1.630824e-07 1.217075e-07 6.986266e-12 2.847968e-07 clkbuf_leaf_52_v_clk
 1.626047e-07 1.218212e-07 6.986266e-12 2.844330e-07 clkbuf_leaf_18_v_clk
 1.624984e-07 1.217549e-07 6.986266e-12 2.842602e-07 clkbuf_leaf_302_v_clk
 1.430052e-07 1.412160e-07 6.971016e-12 2.842282e-07 clkbuf_leaf_141_w_clk
 1.629983e-07 1.207443e-07 6.986266e-12 2.837496e-07 clkbuf_leaf_48_v_clk
 1.625811e-07 1.211386e-07 6.986266e-12 2.837266e-07 clkbuf_leaf_222_v_clk
 1.629934e-07 1.206973e-07 6.986266e-12 2.836977e-07 clkbuf_leaf_59_v_clk
 1.619492e-07 1.216824e-07 6.986266e-12 2.836386e-07 clkbuf_leaf_264_v_clk
 1.626311e-07 1.207733e-07 6.986266e-12 2.834114e-07 clkbuf_leaf_75_v_clk
 1.624889e-07 1.206212e-07 6.986266e-12 2.831171e-07 clkbuf_leaf_21_v_clk
 1.432153e-07 1.398724e-07 6.971016e-12 2.830947e-07 clkbuf_leaf_45_w_clk
 1.624240e-07 1.204279e-07 6.986266e-12 2.828589e-07 clkbuf_leaf_77_v_clk
 1.626930e-07 1.199051e-07 6.986266e-12 2.826051e-07 clkbuf_leaf_316_v_clk
 1.621961e-07 1.202386e-07 6.986266e-12 2.824418e-07 clkbuf_leaf_106_v_clk
 1.428839e-07 1.394467e-07 6.971016e-12 2.823376e-07 clkbuf_leaf_104_w_clk
 1.626137e-07 1.193908e-07 6.986266e-12 2.820115e-07 clkbuf_leaf_309_v_clk
 1.429397e-07 1.390560e-07 6.971016e-12 2.820027e-07 clkbuf_leaf_136_w_clk
 1.429801e-07 1.389740e-07 6.971016e-12 2.819611e-07 clkbuf_leaf_157_w_clk
 1.625776e-07 1.189213e-07 6.986266e-12 2.815059e-07 clkbuf_leaf_317_v_clk
 1.625670e-07 1.187533e-07 6.986266e-12 2.813273e-07 clkbuf_leaf_321_v_clk
 1.621869e-07 1.189991e-07 6.986266e-12 2.811930e-07 clkbuf_leaf_251_v_clk
 1.624682e-07 1.185681e-07 6.986266e-12 2.810433e-07 clkbuf_leaf_40_v_clk
 1.623625e-07 1.186333e-07 6.986266e-12 2.810028e-07 clkbuf_leaf_221_v_clk
 1.630367e-07 1.179484e-07 6.986266e-12 2.809921e-07 clkbuf_leaf_37_v_clk
 1.627425e-07 1.178911e-07 6.986266e-12 2.806406e-07 clkbuf_leaf_55_v_clk
 1.429350e-07 1.373174e-07 6.971016e-12 2.802593e-07 clkbuf_leaf_158_w_clk
 1.625989e-07 1.176003e-07 6.986266e-12 2.802062e-07 clkbuf_leaf_102_v_clk
 1.630402e-07 1.171077e-07 6.986266e-12 2.801549e-07 clkbuf_leaf_57_v_clk
 1.430259e-07 1.371180e-07 6.971016e-12 2.801508e-07 clkbuf_leaf_13_w_clk
 1.620170e-07 1.170944e-07 6.986266e-12 2.791184e-07 clkbuf_leaf_279_v_clk
 1.621824e-07 1.168474e-07 6.986266e-12 2.790368e-07 clkbuf_leaf_17_v_clk
 1.622457e-07 1.166704e-07 6.986266e-12 2.789231e-07 clkbuf_leaf_291_v_clk
 1.624727e-07 1.161760e-07 6.986266e-12 2.786558e-07 clkbuf_leaf_101_v_clk
 1.427707e-07 1.350798e-07 6.971016e-12 2.778575e-07 clkbuf_leaf_73_w_clk
 1.428571e-07 1.346046e-07 6.971016e-12 2.774687e-07 clkbuf_leaf_51_w_clk
 1.619505e-07 1.152795e-07 6.986266e-12 2.772371e-07 clkbuf_leaf_4_v_clk
 1.624369e-07 1.144196e-07 6.986266e-12 2.768636e-07 clkbuf_leaf_53_v_clk
 1.618325e-07 1.149309e-07 6.986266e-12 2.767705e-07 clkbuf_leaf_281_v_clk
 1.615580e-07 1.145338e-07 6.986266e-12 2.760989e-07 clkbuf_leaf_148_v_clk
 1.617756e-07 1.142879e-07 6.986266e-12 2.760706e-07 clkbuf_leaf_282_v_clk
 1.427904e-07 1.332645e-07 6.971016e-12 2.760619e-07 clkbuf_leaf_163_w_clk
 1.621204e-07 1.136572e-07 6.986266e-12 2.757845e-07 clkbuf_leaf_13_v_clk
 1.617564e-07 1.139322e-07 6.986266e-12 2.756956e-07 clkbuf_leaf_165_v_clk
 1.624336e-07 1.131782e-07 6.986266e-12 2.756188e-07 clkbuf_leaf_33_v_clk
 1.620492e-07 1.134858e-07 6.986266e-12 2.755420e-07 clkbuf_leaf_211_v_clk
 1.615099e-07 1.139593e-07 6.986266e-12 2.754761e-07 clkbuf_leaf_153_v_clk
 1.617320e-07 1.136689e-07 6.986266e-12 2.754079e-07 clkbuf_leaf_254_v_clk
 1.620313e-07 1.133382e-07 6.986266e-12 2.753764e-07 clkbuf_leaf_169_v_clk
 4.405312e-08 2.312941e-07 4.770689e-12 2.753520e-07 fanout481
 4.535075e-08 2.298562e-07 1.066341e-11 2.752176e-07 fanout136
 1.617876e-07 1.133339e-07 6.986266e-12 2.751285e-07 clkbuf_leaf_311_v_clk
 1.612915e-07 1.136248e-07 6.986266e-12 2.749233e-07 clkbuf_leaf_253_v_clk
 1.428741e-07 1.313228e-07 6.971016e-12 2.742038e-07 clkbuf_leaf_10_w_clk
 1.618891e-07 1.119272e-07 6.986266e-12 2.738233e-07 clkbuf_leaf_38_v_clk
 1.616852e-07 1.119927e-07 6.986266e-12 2.736848e-07 clkbuf_leaf_234_v_clk
 1.616433e-07 1.117002e-07 6.986266e-12 2.733505e-07 clkbuf_leaf_315_v_clk
 1.618202e-07 1.114279e-07 6.986266e-12 2.732551e-07 clkbuf_leaf_76_v_clk
 1.616534e-07 1.115916e-07 6.986266e-12 2.732520e-07 clkbuf_leaf_82_v_clk
 1.618409e-07 1.113436e-07 6.986266e-12 2.731915e-07 clkbuf_leaf_39_v_clk
 1.617276e-07 1.113877e-07 6.986266e-12 2.731223e-07 clkbuf_leaf_218_v_clk
 1.623836e-07 1.107198e-07 6.986266e-12 2.731103e-07 clkbuf_leaf_64_v_clk
 1.427149e-07 1.303332e-07 6.971016e-12 2.730551e-07 clkbuf_leaf_137_w_clk
 1.427433e-07 1.302894e-07 6.971016e-12 2.730397e-07 clkbuf_leaf_57_w_clk
 1.615938e-07 1.110799e-07 6.986266e-12 2.726806e-07 clkbuf_leaf_283_v_clk
 1.617627e-07 1.107530e-07 6.986266e-12 2.725227e-07 clkbuf_leaf_74_v_clk
 1.427930e-07 1.294819e-07 6.971016e-12 2.722819e-07 clkbuf_leaf_26_w_clk
 1.615338e-07 1.103650e-07 6.986266e-12 2.719057e-07 clkbuf_leaf_307_v_clk
 1.427103e-07 1.291199e-07 6.971016e-12 2.718371e-07 clkbuf_leaf_55_w_clk
 1.618049e-07 1.096969e-07 6.986266e-12 2.715088e-07 clkbuf_leaf_201_v_clk
 1.615570e-07 1.093008e-07 6.986266e-12 2.708648e-07 clkbuf_leaf_220_v_clk
 1.609760e-07 1.098511e-07 6.986266e-12 2.708341e-07 clkbuf_leaf_259_v_clk
 1.614453e-07 1.093424e-07 6.986266e-12 2.707948e-07 clkbuf_leaf_308_v_clk
 1.428924e-07 1.278018e-07 6.971016e-12 2.707012e-07 clkbuf_leaf_37_w_clk
 1.609358e-07 1.093406e-07 6.986266e-12 2.702835e-07 clkbuf_leaf_275_v_clk
 1.610898e-07 1.091564e-07 6.986266e-12 2.702531e-07 clkbuf_leaf_200_v_clk
 1.427304e-07 1.270773e-07 6.971016e-12 2.698147e-07 clkbuf_leaf_28_w_clk
 1.612559e-07 1.081274e-07 6.986266e-12 2.693903e-07 clkbuf_leaf_247_v_clk
 1.614093e-07 1.079256e-07 6.986266e-12 2.693419e-07 clkbuf_leaf_19_v_clk
 1.614349e-07 1.078866e-07 6.986266e-12 2.693285e-07 clkbuf_leaf_215_v_clk
 1.611413e-07 1.077666e-07 6.986266e-12 2.689148e-07 clkbuf_leaf_118_v_clk
 1.610689e-07 1.078289e-07 6.986266e-12 2.689048e-07 clkbuf_leaf_167_v_clk
 1.425006e-07 1.256265e-07 6.971016e-12 2.681340e-07 clkbuf_leaf_2_w_clk
 1.620176e-07 1.058707e-07 6.986266e-12 2.678952e-07 clkbuf_leaf_60_v_clk
 4.213643e-08 2.257092e-07 4.328587e-12 2.678499e-07 fanout519
 1.620129e-07 1.058112e-07 6.986266e-12 2.678311e-07 clkbuf_leaf_58_v_clk
 1.617587e-07 1.056203e-07 6.986266e-12 2.673860e-07 clkbuf_leaf_96_v_clk
 1.425049e-07 1.248565e-07 6.971016e-12 2.673684e-07 clkbuf_leaf_67_w_clk
 1.613445e-07 1.059741e-07 6.986266e-12 2.673257e-07 clkbuf_leaf_70_v_clk
 1.425876e-07 1.246412e-07 6.971016e-12 2.672357e-07 clkbuf_leaf_85_w_clk
 1.428025e-07 1.243557e-07 6.971016e-12 2.671652e-07 clkbuf_leaf_39_w_clk
 1.618691e-07 1.050113e-07 6.986266e-12 2.668874e-07 clkbuf_leaf_63_v_clk
 1.608513e-07 1.051845e-07 6.986266e-12 2.660428e-07 clkbuf_leaf_174_v_clk
 1.616347e-07 1.042405e-07 6.986266e-12 2.658821e-07 clkbuf_leaf_100_v_clk
 1.425327e-07 1.233102e-07 6.971016e-12 2.658498e-07 clkbuf_leaf_142_w_clk
 1.612670e-07 1.044813e-07 6.986266e-12 2.657553e-07 clkbuf_leaf_213_v_clk
 1.612943e-07 1.042008e-07 6.986266e-12 2.655021e-07 clkbuf_leaf_319_v_clk
 1.615853e-07 1.036710e-07 6.986266e-12 2.652633e-07 clkbuf_leaf_98_v_clk
 1.611841e-07 1.038103e-07 6.986266e-12 2.650014e-07 clkbuf_leaf_46_v_clk
 1.426032e-07 1.213349e-07 6.971016e-12 2.639451e-07 clkbuf_leaf_9_w_clk
 1.611483e-07 1.022414e-07 6.986266e-12 2.633967e-07 clkbuf_leaf_313_v_clk
 1.424878e-07 1.203481e-07 6.971016e-12 2.628429e-07 clkbuf_leaf_168_w_clk
 1.609037e-07 1.018419e-07 6.986266e-12 2.627526e-07 clkbuf_leaf_219_v_clk
 1.609365e-07 1.015527e-07 6.986266e-12 2.624963e-07 clkbuf_leaf_301_v_clk
 1.424564e-07 1.197608e-07 6.971016e-12 2.622241e-07 clkbuf_leaf_50_w_clk
 1.609802e-07 1.006137e-07 6.986266e-12 2.616009e-07 clkbuf_leaf_10_v_clk
 1.607285e-07 1.006943e-07 6.986266e-12 2.614298e-07 clkbuf_leaf_80_v_clk
 1.604033e-07 1.007773e-07 6.986266e-12 2.611876e-07 clkbuf_leaf_159_v_clk
 1.423153e-07 1.188384e-07 6.971016e-12 2.611607e-07 clkbuf_leaf_171_w_clk
 1.608532e-07 1.002534e-07 6.986266e-12 2.611136e-07 clkbuf_leaf_93_v_clk
 1.423895e-07 1.171606e-07 6.971016e-12 2.595571e-07 clkbuf_leaf_79_w_clk
 1.428708e-07 1.164914e-07 6.971016e-12 2.593692e-07 clkbuf_leaf_120_w_clk
 1.422704e-07 1.170888e-07 6.971016e-12 2.593661e-07 clkbuf_leaf_174_w_clk
 1.423734e-07 1.165413e-07 6.971016e-12 2.589216e-07 clkbuf_leaf_76_w_clk
 1.424436e-07 1.162829e-07 6.971016e-12 2.587335e-07 clkbuf_leaf_65_w_clk
 1.423539e-07 1.155461e-07 6.971016e-12 2.579070e-07 clkbuf_leaf_86_w_clk
 1.605527e-07 9.632664e-08 6.986266e-12 2.568863e-07 clkbuf_leaf_156_v_clk
 4.186767e-08 2.150004e-07 3.980573e-12 2.568721e-07 fanout817
 1.423064e-07 1.138827e-07 6.971016e-12 2.561961e-07 clkbuf_leaf_80_w_clk
 1.603099e-07 9.402135e-08 6.986266e-12 2.543382e-07 clkbuf_leaf_67_v_clk
 1.603766e-07 9.332906e-08 6.986266e-12 2.537127e-07 clkbuf_leaf_207_v_clk
 1.420312e-07 1.094884e-07 6.971016e-12 2.515265e-07 clkbuf_leaf_84_w_clk
 4.222438e-08 2.087762e-07 3.980573e-12 2.510046e-07 fanout872
 1.600099e-07 9.031775e-08 6.986266e-12 2.503346e-07 clkbuf_leaf_34_v_clk
 1.415462e-07 1.056644e-07 6.971016e-12 2.472176e-07 clkbuf_leaf_17_w_clk
 1.593747e-07 8.694446e-08 6.986266e-12 2.463262e-07 clkbuf_leaf_114_v_clk
 4.237937e-08 2.037958e-07 3.980573e-12 2.461792e-07 fanout830
 1.415874e-07 1.042567e-07 6.971016e-12 2.458511e-07 clkbuf_leaf_77_w_clk
 1.415992e-07 1.041221e-07 6.971016e-12 2.457282e-07 clkbuf_leaf_164_w_clk
 1.414078e-07 1.033787e-07 6.971016e-12 2.447934e-07 clkbuf_leaf_4_w_clk
 1.415219e-07 1.026068e-07 6.971016e-12 2.441357e-07 clkbuf_leaf_62_w_clk
 1.595670e-07 8.444211e-08 6.986266e-12 2.440161e-07 clkbuf_leaf_318_v_clk
 4.428069e-08 1.986524e-07 4.770689e-12 2.429379e-07 fanout483
 1.417128e-07 1.003079e-07 6.971016e-12 2.420277e-07 clkbuf_leaf_112_w_clk
 1.411333e-07 1.008490e-07 6.971016e-12 2.419893e-07 clkbuf_leaf_22_w_clk
 1.592813e-07 8.190217e-08 6.986266e-12 2.411905e-07 clkbuf_leaf_43_v_clk
 4.412993e-08 1.968994e-07 4.770689e-12 2.410341e-07 fanout479
 1.411772e-07 9.932135e-08 6.971016e-12 2.405055e-07 clkbuf_leaf_167_w_clk
 1.410501e-07 9.919341e-08 6.971016e-12 2.402504e-07 clkbuf_leaf_3_w_clk
 1.592358e-07 8.061699e-08 6.986266e-12 2.398598e-07 clkbuf_leaf_320_v_clk
 1.415355e-07 9.827261e-08 6.971016e-12 2.398151e-07 clkbuf_leaf_119_w_clk
 1.594856e-07 8.019231e-08 6.986266e-12 2.396849e-07 clkbuf_leaf_36_v_clk
 1.410024e-07 9.860166e-08 6.971016e-12 2.396110e-07 clkbuf_leaf_1_w_clk
 1.410598e-07 9.718057e-08 6.971016e-12 2.382474e-07 clkbuf_leaf_66_w_clk
 1.594734e-07 7.856764e-08 6.986266e-12 2.380480e-07 clkbuf_leaf_66_v_clk
 1.409075e-07 9.656802e-08 6.971016e-12 2.374825e-07 clkbuf_leaf_165_w_clk
 1.407838e-07 9.478207e-08 6.971016e-12 2.355729e-07 clkbuf_leaf_83_w_clk
 4.216681e-08 1.930457e-07 3.980573e-12 2.352164e-07 fanout826
 1.409184e-07 9.368016e-08 6.971016e-12 2.346056e-07 clkbuf_leaf_91_w_clk
 1.406839e-07 9.359483e-08 6.971016e-12 2.342857e-07 clkbuf_leaf_81_w_clk
 1.592166e-07 7.504315e-08 6.986266e-12 2.342668e-07 clkbuf_leaf_65_v_clk
 4.458108e-08 1.888637e-07 4.770689e-12 2.334495e-07 fanout482
 1.780080e-08 2.132828e-07 4.682654e-12 2.310883e-07 hold127
 1.406333e-07 9.037070e-08 6.971016e-12 2.310110e-07 clkbuf_leaf_94_w_clk
 1.402326e-07 9.017384e-08 6.971016e-12 2.304134e-07 clkbuf_leaf_150_w_clk
 1.401882e-07 8.892818e-08 6.971016e-12 2.291233e-07 clkbuf_leaf_6_w_clk
 1.403406e-07 8.697159e-08 6.971016e-12 2.273191e-07 clkbuf_leaf_87_w_clk
 1.401001e-07 8.702744e-08 6.971016e-12 2.271345e-07 clkbuf_leaf_132_w_clk
 1.401066e-07 8.678959e-08 6.971016e-12 2.269031e-07 clkbuf_leaf_82_w_clk
 1.401261e-07 8.620894e-08 6.971016e-12 2.263421e-07 clkbuf_leaf_25_w_clk
 4.195991e-08 1.839580e-07 3.980573e-12 2.259218e-07 fanout874
 1.398798e-07 8.572707e-08 6.971016e-12 2.256139e-07 clkbuf_leaf_152_w_clk
 1.398607e-07 8.505836e-08 6.971016e-12 2.249261e-07 clkbuf_leaf_170_w_clk
 1.399779e-07 8.452353e-08 6.971016e-12 2.245084e-07 clkbuf_leaf_29_w_clk
 1.400325e-07 8.339339e-08 6.971016e-12 2.234329e-07 clkbuf_leaf_90_w_clk
 1.399917e-07 8.295331e-08 6.971016e-12 2.229520e-07 clkbuf_leaf_93_w_clk
 1.396493e-07 8.255022e-08 6.971016e-12 2.222065e-07 clkbuf_leaf_7_w_clk
 1.394148e-07 7.965954e-08 6.971016e-12 2.190813e-07 clkbuf_leaf_173_w_clk
 1.391817e-07 7.740922e-08 6.971016e-12 2.165979e-07 clkbuf_leaf_19_w_clk
 4.197219e-08 1.735639e-07 3.980573e-12 2.155401e-07 fanout815
 1.390849e-07 7.586992e-08 6.971016e-12 2.149618e-07 clkbuf_leaf_172_w_clk
 1.390407e-07 7.530213e-08 6.971016e-12 2.143498e-07 clkbuf_leaf_0_w_clk
 1.393923e-07 7.376414e-08 6.971016e-12 2.131634e-07 clkbuf_leaf_115_w_clk
 1.393520e-07 7.327187e-08 6.971016e-12 2.126308e-07 clkbuf_leaf_118_w_clk
 1.389040e-07 7.285297e-08 6.971016e-12 2.117639e-07 clkbuf_leaf_123_w_clk
 1.390172e-07 7.156309e-08 6.971016e-12 2.105872e-07 clkbuf_leaf_92_w_clk
 4.218047e-08 1.677125e-07 3.980573e-12 2.098970e-07 fanout812
 1.386295e-07 7.085711e-08 6.971016e-12 2.094936e-07 clkbuf_leaf_18_w_clk
 3.788387e-08 1.708013e-07 6.920416e-12 2.086920e-07 fanout366
 1.387001e-07 6.951940e-08 6.971016e-12 2.082265e-07 clkbuf_leaf_27_w_clk
 1.386275e-07 6.952541e-08 6.971016e-12 2.081599e-07 clkbuf_leaf_130_w_clk
 1.385039e-07 6.929187e-08 6.971016e-12 2.078027e-07 clkbuf_leaf_151_w_clk
 1.384340e-07 6.857933e-08 6.971016e-12 2.070204e-07 clkbuf_leaf_20_w_clk
 1.383919e-07 6.674652e-08 6.971016e-12 2.051454e-07 clkbuf_leaf_125_w_clk
 1.382815e-07 6.667955e-08 6.971016e-12 2.049680e-07 clkbuf_leaf_156_w_clk
 1.383328e-07 6.602891e-08 6.971016e-12 2.043686e-07 clkbuf_leaf_127_w_clk
 1.386707e-07 6.553445e-08 6.971016e-12 2.042122e-07 clkbuf_leaf_121_w_clk
 4.197502e-08 1.603705e-07 3.980573e-12 2.023495e-07 fanout869
 4.183268e-08 1.585011e-07 3.980573e-12 2.003378e-07 fanout865
 1.379516e-07 6.155469e-08 6.971016e-12 1.995132e-07 clkbuf_leaf_135_w_clk
 1.378869e-07 6.085575e-08 6.971016e-12 1.987496e-07 clkbuf_leaf_133_w_clk
 4.270173e-08 1.558378e-07 1.087683e-11 1.985504e-07 fanout545
 3.159421e-08 1.665322e-07 7.177410e-12 1.981336e-07 fanout908
 1.379497e-07 5.916529e-08 6.971016e-12 1.971220e-07 clkbuf_leaf_95_w_clk
 1.377188e-07 5.878362e-08 6.971016e-12 1.965094e-07 clkbuf_leaf_126_w_clk
 1.376186e-07 5.529525e-08 6.971016e-12 1.929208e-07 clkbuf_leaf_89_w_clk
 4.208173e-08 1.506061e-07 3.980573e-12 1.926918e-07 fanout797
 1.373711e-07 5.466941e-08 6.971016e-12 1.920475e-07 clkbuf_leaf_128_w_clk
 1.372696e-07 5.346469e-08 6.971016e-12 1.907413e-07 clkbuf_leaf_129_w_clk
 3.027490e-08 1.595347e-07 7.068646e-12 1.898167e-07 fanout1252
 4.206786e-08 1.384082e-07 3.980573e-12 1.804800e-07 fanout799
 3.127545e-08 1.362597e-07 7.202298e-12 1.675424e-07 hold37
 3.013187e-08 1.351801e-07 7.219256e-12 1.653192e-07 fanout784
 2.888716e-08 1.334004e-07 7.212912e-12 1.622948e-07 fanout478
 1.559353e-07 0.000000e+00 6.818319e-12 1.559421e-07 clkload13
 1.529890e-07 0.000000e+00 6.986266e-12 1.529960e-07 clkload377
 1.529728e-07 0.000000e+00 6.986266e-12 1.529798e-07 clkload281
 1.529582e-07 0.000000e+00 6.986266e-12 1.529652e-07 clkload274
 1.529492e-07 0.000000e+00 6.986266e-12 1.529562e-07 clkload279
 1.529161e-07 0.000000e+00 6.986266e-12 1.529231e-07 clkload373
 1.528942e-07 0.000000e+00 6.986266e-12 1.529012e-07 clkload244
 1.528896e-07 0.000000e+00 6.986266e-12 1.528966e-07 clkload275
 1.528817e-07 0.000000e+00 6.986266e-12 1.528887e-07 clkload243
 1.528791e-07 0.000000e+00 6.986266e-12 1.528861e-07 clkload264
 1.528740e-07 0.000000e+00 6.986266e-12 1.528810e-07 clkload241
 1.528691e-07 0.000000e+00 6.986266e-12 1.528761e-07 clkload313
 1.528578e-07 0.000000e+00 6.986266e-12 1.528648e-07 clkload277
 1.528517e-07 0.000000e+00 6.986266e-12 1.528587e-07 clkload193
 1.528226e-07 0.000000e+00 6.986266e-12 1.528296e-07 clkload240
 1.528077e-07 0.000000e+00 6.986266e-12 1.528147e-07 clkload287
 1.527863e-07 0.000000e+00 6.986266e-12 1.527933e-07 clkload378
 1.527792e-07 0.000000e+00 6.986266e-12 1.527862e-07 clkload331
 1.527449e-07 0.000000e+00 6.986266e-12 1.527519e-07 clkload242
 1.527354e-07 0.000000e+00 6.986266e-12 1.527424e-07 clkload190
 1.527228e-07 0.000000e+00 6.986266e-12 1.527298e-07 clkload455
 1.527111e-07 0.000000e+00 6.986266e-12 1.527181e-07 clkload270
 1.526990e-07 0.000000e+00 6.986266e-12 1.527060e-07 clkload258
 1.526861e-07 0.000000e+00 6.986266e-12 1.526931e-07 clkload453
 1.526847e-07 0.000000e+00 6.986266e-12 1.526917e-07 clkload289
 1.526829e-07 0.000000e+00 6.986266e-12 1.526899e-07 clkload346
 1.526811e-07 0.000000e+00 6.986266e-12 1.526880e-07 clkload215
 1.526766e-07 0.000000e+00 6.986266e-12 1.526836e-07 clkload217
 1.526747e-07 0.000000e+00 6.986266e-12 1.526817e-07 clkload285
 1.526738e-07 0.000000e+00 6.986266e-12 1.526808e-07 clkload334
 1.526694e-07 0.000000e+00 6.986266e-12 1.526764e-07 clkload207
 1.526691e-07 0.000000e+00 6.986266e-12 1.526761e-07 clkload326
 1.526655e-07 0.000000e+00 6.986266e-12 1.526725e-07 clkload206
 1.526641e-07 0.000000e+00 6.986266e-12 1.526711e-07 clkload249
 1.526640e-07 0.000000e+00 6.986266e-12 1.526710e-07 clkload349
 1.526612e-07 0.000000e+00 6.986266e-12 1.526682e-07 clkload310
 1.526576e-07 0.000000e+00 6.986266e-12 1.526646e-07 clkload239
 1.526524e-07 0.000000e+00 6.986266e-12 1.526594e-07 clkload282
 1.526384e-07 0.000000e+00 6.986266e-12 1.526454e-07 clkload369
 1.526376e-07 0.000000e+00 6.986266e-12 1.526446e-07 clkload383
 1.526329e-07 0.000000e+00 6.986266e-12 1.526399e-07 clkload216
 1.526319e-07 0.000000e+00 6.986266e-12 1.526389e-07 clkload456
 1.526303e-07 0.000000e+00 6.986266e-12 1.526373e-07 clkload302
 1.526245e-07 0.000000e+00 6.986266e-12 1.526314e-07 clkload318
 1.526221e-07 0.000000e+00 6.986266e-12 1.526291e-07 clkload385
 1.526211e-07 0.000000e+00 6.986266e-12 1.526281e-07 clkload327
 1.526171e-07 0.000000e+00 6.986266e-12 1.526241e-07 clkload294
 1.526134e-07 0.000000e+00 6.986266e-12 1.526204e-07 clkload330
 1.526122e-07 0.000000e+00 6.986266e-12 1.526192e-07 clkload295
 1.525972e-07 0.000000e+00 6.986266e-12 1.526042e-07 clkload386
 1.525940e-07 0.000000e+00 6.986266e-12 1.526010e-07 clkload439
 1.525898e-07 0.000000e+00 6.986266e-12 1.525968e-07 clkload449
 1.525870e-07 0.000000e+00 6.986266e-12 1.525940e-07 clkload199
 1.525839e-07 0.000000e+00 6.986266e-12 1.525909e-07 clkload220
 1.525815e-07 0.000000e+00 6.986266e-12 1.525885e-07 clkload251
 1.525593e-07 0.000000e+00 6.986266e-12 1.525662e-07 clkload314
 1.525573e-07 0.000000e+00 6.986266e-12 1.525643e-07 clkload389
 1.525557e-07 0.000000e+00 6.986266e-12 1.525627e-07 clkload246
 1.525504e-07 0.000000e+00 6.986266e-12 1.525574e-07 clkload338
 1.525423e-07 0.000000e+00 6.986266e-12 1.525493e-07 clkload419
 1.525378e-07 0.000000e+00 6.986266e-12 1.525448e-07 clkload362
 1.525033e-07 0.000000e+00 6.986266e-12 1.525103e-07 clkload438
 1.524839e-07 0.000000e+00 6.986266e-12 1.524909e-07 clkload367
 1.524718e-07 0.000000e+00 6.986266e-12 1.524788e-07 clkload420
 1.524583e-07 0.000000e+00 6.986266e-12 1.524652e-07 clkload222
 1.523742e-07 0.000000e+00 6.986266e-12 1.523812e-07 clkload232
 1.523547e-07 0.000000e+00 6.986266e-12 1.523617e-07 clkload233
 3.390831e-08 1.176447e-07 7.030704e-12 1.515600e-07 hold44
 3.300776e-08 1.171479e-07 7.349002e-12 1.501630e-07 fanout902
 3.143478e-08 1.165203e-07 7.202298e-12 1.479623e-07 fanout1247
 3.563428e-08 1.118490e-07 7.059619e-12 1.474904e-07 fanout1281
 3.016623e-08 1.158280e-07 7.311061e-12 1.460015e-07 fanout904
 2.583200e-08 1.169191e-07 7.346563e-12 1.427585e-07 fanout456
 2.108172e-08 1.185691e-07 6.896199e-12 1.396577e-07 fanout138
 2.131424e-08 1.151468e-07 6.896260e-12 1.364679e-07 fanout349
 1.338634e-07 0.000000e+00 6.971016e-12 1.338703e-07 clkload66
 1.338436e-07 0.000000e+00 6.971016e-12 1.338506e-07 clkload61
 1.338366e-07 0.000000e+00 6.971016e-12 1.338436e-07 clkload64
 1.338329e-07 0.000000e+00 6.971016e-12 1.338399e-07 clkload160
 1.337474e-07 0.000000e+00 6.971016e-12 1.337544e-07 clkload60
 1.337003e-07 0.000000e+00 6.971016e-12 1.337073e-07 clkload158
 1.336470e-07 0.000000e+00 6.971016e-12 1.336539e-07 clkload81
 1.336014e-07 0.000000e+00 6.971016e-12 1.336084e-07 clkload63
 1.335329e-07 0.000000e+00 6.971016e-12 1.335398e-07 clkload114
 1.334678e-07 0.000000e+00 6.971016e-12 1.334748e-07 clkload113
 1.333647e-07 0.000000e+00 6.971016e-12 1.333717e-07 clkload97
 1.333625e-07 0.000000e+00 6.971016e-12 1.333695e-07 clkload150
 1.332934e-07 0.000000e+00 6.971016e-12 1.333004e-07 clkload73
 1.332588e-07 0.000000e+00 6.971016e-12 1.332658e-07 clkload71
 1.332133e-07 0.000000e+00 6.971016e-12 1.332203e-07 clkload70
 1.332064e-07 0.000000e+00 6.971016e-12 1.332134e-07 clkload136
 1.332034e-07 0.000000e+00 6.971016e-12 1.332104e-07 clkload137
 1.330966e-07 0.000000e+00 6.971016e-12 1.331036e-07 clkload133
 1.329745e-07 0.000000e+00 6.971016e-12 1.329815e-07 clkload100
 3.022588e-08 1.024206e-07 7.068646e-12 1.326535e-07 fanout1261
 2.553073e-08 1.063586e-07 3.848911e-12 1.318932e-07 fanout490
 2.122614e-08 1.095722e-07 6.896199e-12 1.308053e-07 fanout275
 3.284810e-08 9.601391e-08 7.030704e-12 1.288690e-07 fanout1266
 2.500757e-08 1.033698e-07 3.848771e-12 1.283812e-07 fanout377
 1.268684e-08 1.152037e-07 4.638689e-12 1.278952e-07 hold1246
 2.115624e-08 1.063054e-07 6.896199e-12 1.274685e-07 fanout712
 2.141292e-08 1.054152e-07 6.896199e-12 1.268350e-07 fanout236
 1.659731e-08 1.095156e-07 4.736055e-12 1.261177e-07 hold43
 2.121229e-08 1.043074e-07 7.483508e-12 1.255272e-07 fanout223
 2.198763e-08 9.871137e-08 6.957504e-12 1.207060e-07 fanout465
 2.243139e-08 9.129927e-08 7.422203e-12 1.137381e-07 fanout464
 1.130750e-07 0.000000e+00 1.053808e-11 1.130855e-07 clkload181
 1.130704e-07 0.000000e+00 1.053808e-11 1.130810e-07 clkload189
 1.526810e-08 9.711653e-08 4.616395e-12 1.123892e-07 hold2524
 1.666091e-08 9.504047e-08 6.889855e-12 1.117083e-07 fanout259
 1.261227e-08 9.841856e-08 4.638585e-12 1.110355e-07 hold2906
 2.133893e-08 8.883180e-08 6.896199e-12 1.101776e-07 fanout273
 1.472156e-08 9.516980e-08 4.630601e-12 1.098960e-07 hold1747
 7.457494e-09 1.021144e-07 3.026474e-12 1.095749e-07 _23458_
 2.125130e-08 8.777521e-08 6.896199e-12 1.090334e-07 fanout234
 1.195960e-08 8.816051e-08 4.634904e-12 1.001247e-07 hold1893
 1.533282e-08 8.189323e-08 4.703807e-12 9.723075e-08 fanout1258
 2.012318e-08 7.624507e-08 7.121412e-12 9.637536e-08 fanout909
 1.854888e-08 7.733902e-08 7.043698e-12 9.589494e-08 fanout779
 1.995386e-08 7.524989e-08 7.258296e-12 9.521101e-08 fanout1242
 1.312255e-08 7.926727e-08 4.844673e-12 9.239466e-08 fanout372
 1.543074e-08 7.567309e-08 4.703807e-12 9.110853e-08 fanout1257
 1.166106e-08 7.888303e-08 4.650043e-12 9.054873e-08 hold182
 2.146032e-08 6.744006e-08 6.896199e-12 8.890728e-08 fanout683
 2.171294e-08 6.711310e-08 6.896199e-12 8.883293e-08 fanout670
 1.539557e-08 7.213180e-08 4.703807e-12 8.753207e-08 fanout1260
 1.568755e-08 7.161604e-08 7.410979e-12 8.731100e-08 fanout451
 1.596063e-08 6.891622e-08 4.497771e-12 8.488135e-08 fanout906
 1.147318e-08 7.337054e-08 4.650665e-12 8.484838e-08 hold335
 2.160655e-08 6.303699e-08 6.896199e-12 8.465043e-08 fanout718
 1.072852e-08 7.226538e-08 4.351201e-12 8.299824e-08 fanout608
 1.071389e-08 7.060143e-08 4.850377e-12 8.132017e-08 fanout739
 1.804012e-08 6.244473e-08 4.490098e-12 8.048935e-08 fanout898
 1.259298e-08 6.677339e-08 4.644029e-12 7.937102e-08 hold3190
 7.892851e-08 0.000000e+00 4.773825e-12 7.893328e-08 clkload191
 7.891325e-08 0.000000e+00 4.773825e-12 7.891803e-08 clkload196
 7.890637e-08 0.000000e+00 4.773825e-12 7.891115e-08 clkload269
 7.886972e-08 0.000000e+00 4.773825e-12 7.887450e-08 clkload245
 7.885257e-08 0.000000e+00 4.773825e-12 7.885735e-08 clkload272
 7.884855e-08 0.000000e+00 4.773825e-12 7.885333e-08 clkload198
 7.884798e-08 0.000000e+00 4.773825e-12 7.885275e-08 clkload194
 7.884207e-08 0.000000e+00 4.773825e-12 7.884685e-08 clkload260
 7.884118e-08 0.000000e+00 4.773825e-12 7.884595e-08 clkload298
 7.884011e-08 0.000000e+00 4.773825e-12 7.884488e-08 clkload301
 7.883967e-08 0.000000e+00 4.773825e-12 7.884444e-08 clkload213
 7.882158e-08 0.000000e+00 4.773825e-12 7.882635e-08 clkload214
 7.881384e-08 0.000000e+00 4.773825e-12 7.881862e-08 clkload280
 7.881304e-08 0.000000e+00 4.773825e-12 7.881782e-08 clkload459
 7.880823e-08 0.000000e+00 4.773825e-12 7.881300e-08 clkload460
 7.880798e-08 0.000000e+00 4.773825e-12 7.881275e-08 clkload374
 7.880683e-08 0.000000e+00 4.773825e-12 7.881161e-08 clkload296
 7.880425e-08 0.000000e+00 4.773825e-12 7.880902e-08 clkload316
 7.880349e-08 0.000000e+00 4.773825e-12 7.880826e-08 clkload375
 7.880340e-08 0.000000e+00 4.773825e-12 7.880818e-08 clkload319
 7.880293e-08 0.000000e+00 4.773825e-12 7.880771e-08 clkload311
 7.880293e-08 0.000000e+00 4.773825e-12 7.880770e-08 clkload432
 7.880216e-08 0.000000e+00 4.773825e-12 7.880693e-08 clkload273
 7.880021e-08 0.000000e+00 4.773825e-12 7.880498e-08 clkload457
 7.879930e-08 0.000000e+00 4.773825e-12 7.880408e-08 clkload208
 7.879908e-08 0.000000e+00 4.773825e-12 7.880386e-08 clkload332
 7.879366e-08 0.000000e+00 4.773825e-12 7.879844e-08 clkload292
 7.879236e-08 0.000000e+00 4.773825e-12 7.879714e-08 clkload372
 7.878777e-08 0.000000e+00 4.773825e-12 7.879255e-08 clkload192
 7.878568e-08 0.000000e+00 4.773825e-12 7.879046e-08 clkload348
 7.878468e-08 0.000000e+00 4.773825e-12 7.878945e-08 clkload265
 7.878189e-08 0.000000e+00 4.773825e-12 7.878666e-08 clkload308
 7.877684e-08 0.000000e+00 4.773825e-12 7.878161e-08 clkload306
 7.877581e-08 0.000000e+00 4.773825e-12 7.878058e-08 clkload254
 7.877543e-08 0.000000e+00 4.773825e-12 7.878020e-08 clkload304
 7.876740e-08 0.000000e+00 4.773825e-12 7.877217e-08 clkload230
 7.876103e-08 0.000000e+00 4.773825e-12 7.876581e-08 clkload447
 7.875187e-08 0.000000e+00 4.773825e-12 7.875665e-08 clkload203
 7.875099e-08 0.000000e+00 4.773825e-12 7.875577e-08 clkload323
 7.874971e-08 0.000000e+00 4.773825e-12 7.875448e-08 clkload340
 7.874574e-08 0.000000e+00 4.773825e-12 7.875052e-08 clkload384
 7.874417e-08 0.000000e+00 4.773825e-12 7.874895e-08 clkload320
 7.873175e-08 0.000000e+00 4.773825e-12 7.873653e-08 clkload290
 7.873147e-08 0.000000e+00 4.773825e-12 7.873625e-08 clkload392
 7.871535e-08 0.000000e+00 4.773825e-12 7.872012e-08 clkload393
 7.870774e-08 0.000000e+00 4.773825e-12 7.871252e-08 clkload202
 7.870613e-08 0.000000e+00 4.773825e-12 7.871090e-08 clkload382
 7.869438e-08 0.000000e+00 4.773825e-12 7.869916e-08 clkload219
 7.868424e-08 0.000000e+00 4.773825e-12 7.868902e-08 clkload398
 7.868233e-08 0.000000e+00 4.773825e-12 7.868710e-08 clkload353
 1.580738e-08 6.285523e-08 4.590213e-12 7.866720e-08 fanout1248
 1.692502e-08 6.167478e-08 4.736055e-12 7.860454e-08 fanout1269
 1.080105e-08 6.663029e-08 4.850377e-12 7.743620e-08 fanout139
 1.075038e-08 6.511070e-08 4.850377e-12 7.586593e-08 fanout667
 1.372985e-08 6.182884e-08 7.439039e-12 7.556613e-08 fanout447
 1.544167e-08 5.999746e-08 4.703807e-12 7.544384e-08 fanout1251
 1.059825e-08 6.282589e-08 4.656316e-12 7.342879e-08 fanout776
 1.373148e-08 5.879683e-08 7.436294e-12 7.253575e-08 fanout470
 1.088037e-08 6.104435e-08 4.351201e-12 7.192908e-08 fanout626
 1.986216e-08 5.065423e-08 7.258296e-12 7.052364e-08 fanout1241
 1.119912e-08 5.885954e-08 6.930116e-12 7.006559e-08 fanout359
 9.158697e-09 6.009243e-08 7.478506e-12 6.925860e-08 fanout469
 6.901423e-08 0.000000e+00 4.786787e-12 6.901902e-08 clkload80
 6.900594e-08 0.000000e+00 4.786787e-12 6.901073e-08 clkload59
 6.894549e-08 0.000000e+00 4.786787e-12 6.895028e-08 clkload65
 6.891759e-08 0.000000e+00 4.786787e-12 6.892238e-08 clkload159
 6.888082e-08 0.000000e+00 4.786787e-12 6.888560e-08 clkload62
 6.883452e-08 0.000000e+00 4.786787e-12 6.883931e-08 clkload39
 6.882942e-08 0.000000e+00 4.786787e-12 6.883421e-08 clkload36
 6.880604e-08 0.000000e+00 4.786787e-12 6.881083e-08 clkload110
 1.079722e-08 5.798106e-08 4.351201e-12 6.878263e-08 fanout584
 6.868807e-08 0.000000e+00 4.786787e-12 6.869286e-08 clkload57
 1.088064e-08 5.757991e-08 4.351201e-12 6.846489e-08 fanout568
 6.827515e-08 0.000000e+00 4.786787e-12 6.827994e-08 clkload24
 6.821126e-08 0.000000e+00 4.786787e-12 6.821605e-08 clkload18
 1.078994e-08 5.726242e-08 4.351201e-12 6.805671e-08 fanout611
 1.432026e-08 5.254374e-08 7.493543e-12 6.687149e-08 fanout262
 1.081437e-08 5.582569e-08 4.850377e-12 6.664491e-08 fanout282
 1.077566e-08 5.551627e-08 4.850377e-12 6.629678e-08 fanout725
 1.063873e-08 5.539582e-08 4.656265e-12 6.603921e-08 fanout227
 1.115055e-08 5.355609e-08 7.449592e-12 6.471409e-08 fanout357
 1.084700e-08 5.354510e-08 4.850377e-12 6.439695e-08 fanout711
 1.084903e-08 5.331947e-08 4.351201e-12 6.417285e-08 fanout625
 1.102310e-08 5.299807e-08 4.850377e-12 6.402602e-08 fanout672
 1.085114e-08 5.305069e-08 4.850377e-12 6.390668e-08 fanout700
 1.079232e-08 5.228092e-08 4.351201e-12 6.307759e-08 fanout603
 1.090877e-08 5.152157e-08 4.351201e-12 6.243469e-08 fanout561
 1.089747e-08 5.135553e-08 4.850377e-12 6.225786e-08 fanout710
 1.096635e-08 5.127690e-08 4.850377e-12 6.224810e-08 fanout674
 1.082480e-08 5.141886e-08 4.351201e-12 6.224801e-08 fanout572
 1.087909e-08 5.081788e-08 4.850377e-12 6.170182e-08 fanout715
 1.082701e-08 5.065080e-08 4.351201e-12 6.148216e-08 fanout556
 1.091359e-08 5.051778e-08 4.351201e-12 6.143571e-08 fanout571
 1.083453e-08 5.046353e-08 4.850377e-12 6.130291e-08 fanout659
 1.087529e-08 5.041777e-08 4.384746e-12 6.129743e-08 fanout527
 1.086175e-08 5.042739e-08 4.351201e-12 6.129348e-08 fanout623
 1.086330e-08 5.027005e-08 4.850377e-12 6.113820e-08 fanout707
 1.083722e-08 5.020276e-08 4.850377e-12 6.104484e-08 fanout685
 1.092629e-08 5.007031e-08 4.351201e-12 6.100095e-08 fanout619
 1.094967e-08 4.977983e-08 4.351201e-12 6.073385e-08 fanout642
 1.091118e-08 4.969057e-08 4.351201e-12 6.060610e-08 fanout649
 1.091802e-08 4.962680e-08 4.351201e-12 6.054917e-08 fanout567
 1.087090e-08 4.949420e-08 4.351201e-12 6.036944e-08 fanout645
 1.114315e-08 4.919774e-08 7.449592e-12 6.034833e-08 fanout358
 1.086995e-08 4.927004e-08 4.850377e-12 6.014484e-08 fanout695
 1.091994e-08 4.916863e-08 4.351201e-12 6.009292e-08 fanout559
 1.083277e-08 4.915556e-08 4.816832e-12 5.999314e-08 fanout541
 1.086003e-08 4.912532e-08 4.384746e-12 5.998973e-08 fanout525
 5.995231e-08 0.000000e+00 5.282855e-12 5.995759e-08 clkload173
 5.991052e-08 0.000000e+00 5.282855e-12 5.991580e-08 clkload179
 5.977220e-08 0.000000e+00 5.282855e-12 5.977748e-08 clkload174
 5.970752e-08 0.000000e+00 5.282855e-12 5.971280e-08 clkload163
 1.087808e-08 4.882425e-08 4.351201e-12 5.970669e-08 fanout648
 1.083132e-08 4.878710e-08 4.351201e-12 5.962277e-08 fanout581
 1.088397e-08 4.863229e-08 4.351201e-12 5.952062e-08 fanout575
 1.083239e-08 4.857221e-08 4.351201e-12 5.940894e-08 fanout578
 8.768451e-09 5.060945e-08 4.821810e-12 5.938272e-08 hold526
 1.084904e-08 4.821160e-08 4.850377e-12 5.906550e-08 fanout677
 1.086261e-08 4.812926e-08 4.351201e-12 5.899623e-08 fanout640
 1.087837e-08 4.791883e-08 4.850377e-12 5.880205e-08 fanout693
 1.081874e-08 4.795418e-08 4.351201e-12 5.877727e-08 fanout636
 1.078364e-08 4.787862e-08 4.351201e-12 5.866661e-08 fanout633
 1.083909e-08 4.775433e-08 4.351201e-12 5.859777e-08 fanout596
 1.297304e-08 4.554740e-08 4.641903e-12 5.852508e-08 fanout428
 1.089768e-08 4.760800e-08 4.351201e-12 5.851003e-08 fanout629
 1.086666e-08 4.725938e-08 4.351201e-12 5.813039e-08 fanout637
 1.090709e-08 4.706866e-08 4.850377e-12 5.798060e-08 fanout730
 1.098573e-08 4.678735e-08 4.351201e-12 5.777743e-08 fanout614
 1.093731e-08 4.677639e-08 4.850377e-12 5.771855e-08 fanout705
 1.088759e-08 4.601653e-08 4.351201e-12 5.690847e-08 fanout644
 1.101949e-08 4.572917e-08 4.351201e-12 5.675301e-08 fanout553
 1.094499e-08 4.538247e-08 4.351201e-12 5.633181e-08 fanout627
 1.098800e-08 4.527751e-08 4.384746e-12 5.626989e-08 fanout523
 1.090428e-08 4.524549e-08 4.850377e-12 5.615462e-08 fanout714
 1.090447e-08 4.490355e-08 4.351201e-12 5.581238e-08 fanout609
 1.098993e-08 4.469656e-08 4.850377e-12 5.569134e-08 fanout662
 1.094745e-08 4.469344e-08 4.351201e-12 5.564525e-08 fanout590
 1.094587e-08 4.443377e-08 4.351201e-12 5.538399e-08 fanout555
 1.095618e-08 4.414773e-08 4.351201e-12 5.510826e-08 fanout566
 1.084289e-08 4.424332e-08 4.351201e-12 5.509056e-08 fanout617
 1.090526e-08 4.396571e-08 4.351201e-12 5.487532e-08 fanout583
 1.097952e-08 4.366064e-08 4.351201e-12 5.464451e-08 fanout643
 1.094277e-08 4.367741e-08 4.850377e-12 5.462504e-08 fanout663
 1.089160e-08 4.372230e-08 4.850377e-12 5.461875e-08 fanout704
 1.093865e-08 4.350070e-08 4.351201e-12 5.444370e-08 fanout585
 1.092077e-08 4.351189e-08 4.850377e-12 5.443751e-08 fanout713
 1.093382e-08 4.345132e-08 4.850377e-12 5.438999e-08 fanout723
 1.089584e-08 4.324598e-08 4.850377e-12 5.414667e-08 fanout696
 1.096316e-08 4.314552e-08 4.351201e-12 5.411303e-08 fanout558
 5.352559e-08 0.000000e+00 5.162332e-12 5.353075e-08 clkload143
 1.097260e-08 4.251066e-08 4.351201e-12 5.348761e-08 fanout587
 1.093168e-08 4.254835e-08 4.351201e-12 5.348438e-08 fanout652
 1.090207e-08 4.255566e-08 4.850377e-12 5.346258e-08 fanout691
 1.095686e-08 4.249275e-08 4.850377e-12 5.345446e-08 fanout706
 1.087694e-08 4.255688e-08 4.351201e-12 5.343817e-08 fanout594
 1.092089e-08 4.244763e-08 4.351201e-12 5.337288e-08 fanout628
 1.086335e-08 4.250182e-08 4.351201e-12 5.336953e-08 fanout598
 1.085074e-08 4.243272e-08 4.351201e-12 5.328781e-08 fanout615
 5.326259e-08 0.000000e+00 5.162332e-12 5.326775e-08 clkload144
 5.320002e-08 0.000000e+00 5.162332e-12 5.320518e-08 clkload121
 1.095370e-08 4.207888e-08 4.351201e-12 5.303693e-08 fanout560
 1.096072e-08 4.186808e-08 4.850377e-12 5.283365e-08 fanout684
 5.273139e-08 0.000000e+00 5.162332e-12 5.273655e-08 clkload27
 3.103208e-08 2.167425e-08 7.030704e-12 5.271336e-08 fanout1270
 1.080738e-08 4.186464e-08 4.351201e-12 5.267637e-08 fanout634
 1.098698e-08 4.161342e-08 4.384746e-12 5.260479e-08 fanout124
 7.113335e-09 4.541935e-08 4.836430e-12 5.253752e-08 hold258
 1.099705e-08 4.150079e-08 4.850377e-12 5.250270e-08 fanout727
 1.097489e-08 4.143235e-08 4.850377e-12 5.241209e-08 fanout679
 5.230181e-08 0.000000e+00 5.162332e-12 5.230697e-08 clkload29
 1.086451e-08 4.139645e-08 4.816832e-12 5.226579e-08 fanout543
 1.096376e-08 4.126868e-08 4.351201e-12 5.223680e-08 fanout569
 1.092572e-08 4.130627e-08 4.384746e-12 5.223638e-08 fanout127
 1.094731e-08 4.114686e-08 4.850377e-12 5.209902e-08 fanout671
 1.090159e-08 4.117464e-08 4.351201e-12 5.208058e-08 fanout622
 1.087071e-08 4.067738e-08 4.850377e-12 5.155294e-08 fanout665
 1.097574e-08 4.056283e-08 4.351201e-12 5.154293e-08 fanout647
 1.097195e-08 4.054509e-08 4.850377e-12 5.152189e-08 fanout694
 5.056302e-09 4.614856e-08 4.848303e-12 5.120971e-08 hold1786
 1.096975e-08 4.005445e-08 4.351201e-12 5.102855e-08 fanout588
 1.092242e-08 3.986088e-08 4.351201e-12 5.078765e-08 fanout576
 1.097367e-08 3.924381e-08 4.351201e-12 5.022183e-08 fanout589
 1.102391e-08 3.876472e-08 4.351201e-12 4.979298e-08 fanout612
 1.093449e-08 3.883928e-08 4.384746e-12 4.977816e-08 fanout126
 1.087293e-08 3.876214e-08 4.351201e-12 4.963942e-08 fanout554
 8.925920e-09 3.972959e-08 7.478506e-12 4.866299e-08 fanout786
 1.096947e-08 3.743888e-08 4.351201e-12 4.841269e-08 fanout632
 1.086682e-08 3.725604e-08 4.850377e-12 4.812771e-08 fanout682
 1.085808e-08 3.717225e-08 4.351201e-12 4.803469e-08 fanout557
 1.089711e-08 3.700436e-08 4.850377e-12 4.790632e-08 fanout688
 1.082417e-08 3.700018e-08 4.351201e-12 4.782870e-08 fanout604
 1.096076e-08 3.676364e-08 4.351201e-12 4.772875e-08 fanout580
 1.096440e-08 3.666981e-08 4.351201e-12 4.763856e-08 fanout639
 1.092340e-08 3.650378e-08 4.816832e-12 4.743200e-08 fanout181
 1.093324e-08 3.609090e-08 4.351201e-12 4.702849e-08 fanout601
 1.093629e-08 3.591890e-08 4.850377e-12 4.686004e-08 fanout708
 9.222411e-09 3.609256e-08 7.471796e-12 4.532244e-08 fanout341
 6.945162e-09 3.671912e-08 4.388997e-12 4.366867e-08 fanout448
 8.691288e-09 3.380440e-08 4.189345e-12 4.249988e-08 fanout426
 7.910486e-09 3.374114e-08 4.205994e-12 4.165583e-08 fanout408
 8.536069e-09 3.224013e-08 4.205157e-12 4.078040e-08 fanout388
 5.688352e-09 3.491748e-08 4.821550e-12 4.061066e-08 fanout360
 8.410570e-09 3.211480e-08 4.201530e-12 4.052957e-08 fanout414
 7.170891e-09 3.262208e-08 4.228597e-12 3.979720e-08 fanout393
 3.934447e-08 0.000000e+00 4.487410e-12 3.934896e-08 clkload22
 8.360024e-09 3.032707e-08 4.184415e-12 3.869128e-08 fanout406
 7.042016e-09 3.162092e-08 6.886867e-12 3.866982e-08 fanout351
 6.106533e-09 3.243606e-08 3.705947e-12 3.854629e-08 fanout651
 7.896291e-09 3.009099e-08 4.223109e-12 3.799151e-08 fanout401
 6.094659e-09 3.132902e-08 3.705947e-12 3.742739e-08 fanout579
 6.844649e-09 2.991133e-08 4.227108e-12 3.676021e-08 fanout552
 7.410824e-09 2.909610e-08 4.204692e-12 3.651113e-08 fanout413
 6.102511e-09 3.025783e-08 3.766128e-12 3.636410e-08 fanout133
 6.390486e-09 2.996055e-08 4.847525e-12 3.635588e-08 fanout285
 7.196273e-09 2.891640e-08 4.227481e-12 3.611690e-08 fanout427
 7.480722e-09 2.855638e-08 4.230272e-12 3.604133e-08 fanout403
 6.114201e-09 2.986852e-08 3.705947e-12 3.598642e-08 fanout653
 7.451394e-09 2.837881e-08 4.226458e-12 3.583443e-08 fanout394
 7.701905e-09 2.809344e-08 4.223109e-12 3.579957e-08 fanout400
 6.366476e-09 2.940928e-08 4.847577e-12 3.578060e-08 fanout96
 7.901364e-09 2.734765e-08 4.217156e-12 3.525323e-08 fanout425
 6.158639e-09 2.894272e-08 3.705947e-12 3.510507e-08 fanout586
 6.854160e-09 2.809689e-08 6.887171e-12 3.495794e-08 fanout375
 6.104917e-09 2.844425e-08 4.601492e-12 3.455377e-08 fanout664
 7.326853e-09 2.703479e-08 4.212413e-12 3.436585e-08 fanout395
 6.914358e-09 2.687287e-08 4.358823e-12 3.379159e-08 fanout207
 6.561827e-09 2.711643e-08 4.240503e-12 3.368250e-08 fanout430
 6.660550e-09 2.698901e-08 4.232318e-12 3.365379e-08 fanout410
 6.005604e-09 2.746441e-08 4.854265e-12 3.347487e-08 fanout107
 6.121105e-09 2.709183e-08 3.705947e-12 3.321664e-08 fanout620
 6.104123e-09 2.708388e-08 4.541312e-12 3.319255e-08 fanout538
 6.157943e-09 2.693724e-08 3.705947e-12 3.309889e-08 fanout570
 6.103591e-09 2.688504e-08 3.705947e-12 3.299234e-08 fanout599
 6.442758e-09 2.647681e-08 4.246363e-12 3.292381e-08 fanout404
 6.892638e-09 2.595744e-08 4.213250e-12 3.285429e-08 fanout399
 6.108214e-09 2.648297e-08 4.601492e-12 3.259578e-08 fanout680
 6.133848e-09 2.645285e-08 4.541312e-12 3.259124e-08 fanout175
 6.939320e-09 2.547356e-08 4.358823e-12 3.241724e-08 fanout204
 6.093043e-09 2.626781e-08 3.705947e-12 3.236456e-08 fanout607
 6.146377e-09 2.619215e-08 3.766128e-12 3.234229e-08 fanout132
 3.226267e-08 0.000000e+00 2.721696e-12 3.226539e-08 clkload399
 3.216171e-08 0.000000e+00 2.721696e-12 3.216443e-08 clkload343
 3.211620e-08 0.000000e+00 2.721696e-12 3.211892e-08 clkload342
 3.192562e-08 0.000000e+00 2.721696e-12 3.192834e-08 clkload394
 3.188883e-08 0.000000e+00 2.721696e-12 3.189155e-08 clkload221
 3.188349e-08 0.000000e+00 2.721696e-12 3.188622e-08 clkload429
 3.188071e-08 0.000000e+00 2.721696e-12 3.188343e-08 clkload356
 3.187454e-08 0.000000e+00 2.721696e-12 3.187726e-08 clkload368
 3.185707e-08 0.000000e+00 2.721696e-12 3.185979e-08 clkload361
 3.184581e-08 0.000000e+00 2.721696e-12 3.184854e-08 clkload357
 3.184478e-08 0.000000e+00 2.721696e-12 3.184750e-08 clkload352
 3.183678e-08 0.000000e+00 2.721696e-12 3.183950e-08 clkload417
 3.182409e-08 0.000000e+00 2.721696e-12 3.182681e-08 clkload415
 3.181429e-08 0.000000e+00 2.721696e-12 3.181701e-08 clkload403
 3.180353e-08 0.000000e+00 2.721696e-12 3.180626e-08 clkload405
 3.177180e-08 0.000000e+00 2.721696e-12 3.177452e-08 clkload409
 3.169178e-08 0.000000e+00 2.721696e-12 3.169450e-08 clkload414
 6.191841e-09 2.514426e-08 3.707667e-12 3.133981e-08 fanout119
 6.859599e-09 2.426230e-08 4.234550e-12 3.112614e-08 fanout398
 6.956289e-09 2.341152e-08 4.237991e-12 3.037205e-08 fanout391
 6.136012e-09 2.389362e-08 3.705947e-12 3.003334e-08 fanout610
 6.119084e-09 2.385877e-08 3.766128e-12 2.998162e-08 fanout524
 6.664609e-09 2.323235e-08 4.240224e-12 2.990120e-08 fanout423
 6.135845e-09 2.358470e-08 3.707667e-12 2.972425e-08 fanout113
 6.425322e-09 2.314825e-08 4.248037e-12 2.957782e-08 fanout392
 6.117223e-09 2.334998e-08 4.541312e-12 2.947174e-08 fanout180
 6.273110e-09 2.313317e-08 3.707667e-12 2.940999e-08 fanout121
 6.113519e-09 2.328984e-08 3.766128e-12 2.940713e-08 fanout130
 6.159460e-09 2.317871e-08 4.541312e-12 2.934271e-08 fanout533
 6.115674e-09 2.308063e-08 3.707667e-12 2.920001e-08 fanout110
 4.642575e-09 2.442895e-08 4.341661e-12 2.907586e-08 fanout386
 5.680636e-09 2.326856e-08 6.882596e-12 2.895607e-08 fanout336
 6.067701e-09 2.264623e-08 4.347624e-12 2.871828e-08 fanout286
 4.607290e-09 2.398920e-08 4.341869e-12 2.860083e-08 fanout101
 2.837194e-08 0.000000e+00 2.617105e-12 2.837456e-08 clkload153
 6.185708e-09 2.208883e-08 3.707667e-12 2.827824e-08 fanout117
 4.557832e-09 2.326404e-08 4.859916e-12 2.782673e-08 fanout290
 6.184703e-09 2.158892e-08 3.707667e-12 2.777733e-08 fanout116
 2.774034e-08 0.000000e+00 2.617105e-12 2.774296e-08 clkload138
 2.772729e-08 0.000000e+00 2.617105e-12 2.772990e-08 clkload46
 2.770020e-08 0.000000e+00 2.617105e-12 2.770282e-08 clkload49
 6.153309e-09 2.151872e-08 3.705947e-12 2.767573e-08 fanout591
 2.767258e-08 0.000000e+00 2.617105e-12 2.767520e-08 clkload130
 2.764742e-08 0.000000e+00 2.617105e-12 2.765004e-08 clkload20
 2.762714e-08 0.000000e+00 2.617105e-12 2.762976e-08 clkload85
 2.737904e-08 0.000000e+00 2.617105e-12 2.738166e-08 clkload25
 6.115054e-09 2.110137e-08 3.707667e-12 2.722013e-08 fanout109
 6.178294e-09 2.097091e-08 3.705947e-12 2.715290e-08 fanout613
 2.696922e-08 0.000000e+00 1.567550e-12 2.697078e-08 clkload0
 6.133554e-09 2.015274e-08 3.707667e-12 2.629000e-08 fanout114
 6.055226e-09 2.018054e-08 4.855613e-12 2.624062e-08 fanout160
 5.281874e-09 2.065685e-08 7.497050e-12 2.594622e-08 fanout338
 6.008186e-09 1.966894e-08 4.253339e-12 2.568138e-08 fanout438
 6.083656e-09 1.944778e-08 4.345965e-12 2.553578e-08 fanout153
 4.971973e-09 2.021000e-08 4.861576e-12 2.518684e-08 fanout203
 5.072627e-09 2.006055e-08 4.557403e-12 2.513774e-08 fanout412
 6.144847e-09 1.887067e-08 3.705947e-12 2.501922e-08 fanout602
 6.164997e-09 1.877598e-08 3.707667e-12 2.494468e-08 fanout118
 2.487022e-08 0.000000e+00 1.146179e-13 2.487033e-08 clkload387
 2.476398e-08 0.000000e+00 1.146179e-13 2.476410e-08 clkload350
 2.474726e-08 0.000000e+00 1.146179e-13 2.474738e-08 clkload291
 2.455912e-08 0.000000e+00 1.146179e-13 2.455924e-08 clkload204
 2.453486e-08 0.000000e+00 1.146179e-13 2.453498e-08 clkload454
 2.437806e-08 0.000000e+00 1.146179e-13 2.437817e-08 clkload388
 2.437695e-08 0.000000e+00 1.146179e-13 2.437707e-08 clkload328
 2.426998e-08 0.000000e+00 1.146179e-13 2.427009e-08 clkload370
 6.119725e-09 1.810699e-08 3.705947e-12 2.423042e-08 fanout624
 2.422861e-08 0.000000e+00 1.146179e-13 2.422872e-08 clkload344
 2.404880e-08 0.000000e+00 1.146179e-13 2.404892e-08 clkload210
 2.397726e-08 0.000000e+00 1.146179e-13 2.397737e-08 clkload236
 2.394543e-08 0.000000e+00 1.146179e-13 2.394554e-08 clkload390
 2.388509e-08 0.000000e+00 1.146179e-13 2.388521e-08 clkload339
 2.384446e-08 0.000000e+00 1.146179e-13 2.384458e-08 clkload442
 2.381519e-08 0.000000e+00 1.146179e-13 2.381531e-08 clkload223
 2.371352e-08 0.000000e+00 1.146179e-13 2.371364e-08 clkload423
 2.368691e-08 0.000000e+00 1.146179e-13 2.368703e-08 clkload218
 2.367340e-08 0.000000e+00 1.146179e-13 2.367351e-08 clkload427
 2.366371e-08 0.000000e+00 1.146179e-13 2.366382e-08 clkload418
 2.362342e-08 0.000000e+00 1.146179e-13 2.362354e-08 clkload411
 2.359091e-08 0.000000e+00 1.146179e-13 2.359102e-08 clkload407
 2.358239e-08 0.000000e+00 1.146179e-13 2.358250e-08 clkload425
 2.357465e-08 0.000000e+00 1.146179e-13 2.357477e-08 clkload358
 2.355815e-08 0.000000e+00 1.146179e-13 2.355826e-08 clkload354
 2.348795e-08 0.000000e+00 1.146179e-13 2.348807e-08 clkload351
 2.343002e-08 0.000000e+00 1.146179e-13 2.343014e-08 clkload404
 2.341087e-08 0.000000e+00 1.146179e-13 2.341098e-08 clkload410
 2.339284e-08 0.000000e+00 1.146179e-13 2.339295e-08 clkload416
 6.105272e-09 1.723674e-08 4.601492e-12 2.334661e-08 fanout657
 4.955938e-09 1.770208e-08 4.340002e-12 2.266236e-08 fanout198
 4.260525e-09 1.777484e-08 4.336944e-12 2.203970e-08 fanout143
 4.839118e-09 1.697075e-08 4.349594e-12 2.181422e-08 fanout444
 2.174952e-08 0.000000e+00 1.146179e-13 2.174963e-08 clkload175
 2.172773e-08 0.000000e+00 1.122060e-13 2.172784e-08 clkload30
 6.810760e-09 1.490468e-08 4.358823e-12 2.171980e-08 wire251
 2.171433e-08 0.000000e+00 1.122060e-13 2.171444e-08 clkload37
 3.503823e-09 1.819122e-08 3.699529e-12 2.169874e-08 fanout289
 2.163824e-08 0.000000e+00 1.146179e-13 2.163835e-08 clkload167
 4.579295e-09 1.701720e-08 4.339587e-12 2.160084e-08 fanout188
 2.156062e-08 0.000000e+00 1.122060e-13 2.156073e-08 clkload34
 2.150153e-08 0.000000e+00 1.122060e-13 2.150164e-08 clkload35
 2.128287e-08 0.000000e+00 1.122060e-13 2.128298e-08 clkload154
 3.918491e-09 1.735515e-08 3.719621e-12 2.127736e-08 wire252
 2.070787e-08 0.000000e+00 1.122060e-13 2.070798e-08 clkload69
 2.065988e-08 0.000000e+00 1.122060e-13 2.065999e-08 clkload135
 2.063821e-08 0.000000e+00 1.122060e-13 2.063832e-08 clkload43
 2.051734e-08 0.000000e+00 1.122060e-13 2.051745e-08 clkload124
 3.464675e-09 1.704130e-08 3.696553e-12 2.050967e-08 fanout155
 2.046889e-08 0.000000e+00 1.122060e-13 2.046900e-08 clkload40
 3.896777e-09 1.653879e-08 3.719621e-12 2.043929e-08 fanout209
 2.037086e-08 0.000000e+00 1.122060e-13 2.037097e-08 clkload104
 2.035480e-08 0.000000e+00 1.122060e-13 2.035491e-08 clkload50
 2.034486e-08 0.000000e+00 1.122060e-13 2.034497e-08 clkload131
 2.020355e-08 0.000000e+00 1.122060e-13 2.020366e-08 clkload146
 1.890889e-08 0.000000e+00 1.122060e-13 1.890900e-08 clkload26
 4.021007e-09 1.487360e-08 4.576472e-12 1.889919e-08 fanout418
 1.886024e-08 0.000000e+00 1.122060e-13 1.886036e-08 clkload19
 3.848968e-09 1.499930e-08 3.719621e-12 1.885199e-08 fanout210
 1.880329e-08 0.000000e+00 1.122060e-13 1.880340e-08 clkload21
 3.473855e-09 1.494829e-08 3.696553e-12 1.842584e-08 fanout158
 3.420828e-09 1.479907e-08 4.610887e-12 1.822451e-08 fanout164
 4.556974e-09 1.351743e-08 4.861991e-12 1.807926e-08 fanout190
 3.442782e-09 1.438366e-08 4.610887e-12 1.783105e-08 fanout162
 2.632155e-09 1.476152e-08 6.873386e-12 1.740055e-08 fanout271
 2.541845e-09 1.466315e-08 3.688833e-12 1.720869e-08 fanout385
 1.698374e-08 0.000000e+00 1.856135e-12 1.698560e-08 clkload266
 1.683876e-08 0.000000e+00 1.856135e-12 1.684061e-08 clkload458
 1.679979e-08 0.000000e+00 1.856135e-12 1.680165e-08 clkload300
 1.676123e-08 0.000000e+00 1.856135e-12 1.676309e-08 clkload267
 1.675562e-08 0.000000e+00 1.856135e-12 1.675748e-08 clkload371
 1.668804e-08 0.000000e+00 1.856135e-12 1.668990e-08 clkload297
 1.667538e-08 0.000000e+00 1.856135e-12 1.667724e-08 clkload263
 1.667368e-08 0.000000e+00 1.856135e-12 1.667554e-08 clkload376
 1.665862e-08 0.000000e+00 1.856135e-12 1.666047e-08 clkload461
 1.664994e-08 0.000000e+00 1.856135e-12 1.665180e-08 clkload257
 1.663011e-08 0.000000e+00 1.856135e-12 1.663197e-08 clkload452
 1.662951e-08 0.000000e+00 1.856135e-12 1.663137e-08 clkload286
 1.662532e-08 0.000000e+00 1.856135e-12 1.662717e-08 clkload247
 1.662435e-08 0.000000e+00 1.856135e-12 1.662621e-08 clkload451
 1.661758e-08 0.000000e+00 1.856135e-12 1.661943e-08 clkload209
 1.661294e-08 0.000000e+00 1.856135e-12 1.661479e-08 clkload259
 1.658245e-08 0.000000e+00 1.856135e-12 1.658431e-08 clkload255
 1.656982e-08 0.000000e+00 1.856135e-12 1.657168e-08 clkload256
 1.654851e-08 0.000000e+00 1.856135e-12 1.655036e-08 clkload379
 1.654509e-08 0.000000e+00 1.856135e-12 1.654695e-08 clkload431
 1.654417e-08 0.000000e+00 1.856135e-12 1.654603e-08 clkload335
 1.653621e-08 0.000000e+00 1.856135e-12 1.653806e-08 clkload336
 1.653245e-08 0.000000e+00 1.856135e-12 1.653431e-08 clkload212
 1.653013e-08 0.000000e+00 1.856135e-12 1.653199e-08 clkload309
 1.652721e-08 0.000000e+00 1.856135e-12 1.652907e-08 clkload253
 1.652630e-08 0.000000e+00 1.856135e-12 1.652816e-08 clkload322
 1.652590e-08 0.000000e+00 1.856135e-12 1.652776e-08 clkload329
 1.652422e-08 0.000000e+00 1.856135e-12 1.652607e-08 clkload324
 1.652116e-08 0.000000e+00 1.856135e-12 1.652302e-08 clkload262
 1.651719e-08 0.000000e+00 1.856135e-12 1.651904e-08 clkload450
 1.651019e-08 0.000000e+00 1.856135e-12 1.651205e-08 clkload288
 1.650550e-08 0.000000e+00 1.856135e-12 1.650735e-08 clkload252
 1.650488e-08 0.000000e+00 1.856135e-12 1.650674e-08 clkload248
 1.650053e-08 0.000000e+00 1.856135e-12 1.650238e-08 clkload433
 1.649293e-08 0.000000e+00 1.856135e-12 1.649478e-08 clkload226
 1.648679e-08 0.000000e+00 1.856135e-12 1.648864e-08 clkload284
 1.648103e-08 0.000000e+00 1.856135e-12 1.648289e-08 clkload307
 1.647377e-08 0.000000e+00 1.856135e-12 1.647562e-08 clkload444
 1.646548e-08 0.000000e+00 1.856135e-12 1.646734e-08 clkload321
 1.645866e-08 0.000000e+00 1.856135e-12 1.646051e-08 clkload446
 1.645848e-08 0.000000e+00 1.856135e-12 1.646033e-08 clkload434
 1.645263e-08 0.000000e+00 1.856135e-12 1.645448e-08 clkload200
 1.645111e-08 0.000000e+00 1.856135e-12 1.645296e-08 clkload347
 1.644611e-08 0.000000e+00 1.856135e-12 1.644796e-08 clkload231
 1.644002e-08 0.000000e+00 1.856135e-12 1.644188e-08 clkload341
 1.643499e-08 0.000000e+00 1.856135e-12 1.643684e-08 clkload364
 1.643301e-08 0.000000e+00 1.856135e-12 1.643487e-08 clkload424
 1.642995e-08 0.000000e+00 1.856135e-12 1.643181e-08 clkload435
 1.640854e-08 0.000000e+00 1.856135e-12 1.641039e-08 clkload426
 1.640337e-08 0.000000e+00 1.856135e-12 1.640522e-08 clkload224
 1.639951e-08 0.000000e+00 1.856135e-12 1.640137e-08 clkload402
 1.637159e-08 0.000000e+00 1.856135e-12 1.637345e-08 clkload400
 1.635663e-08 0.000000e+00 1.856135e-12 1.635848e-08 clkload408
 2.776486e-09 1.336643e-08 3.685856e-12 1.614660e-08 fanout201
 3.422139e-09 1.261763e-08 4.610887e-12 1.604438e-08 fanout166
 2.190072e-09 1.354403e-08 6.868871e-12 1.574097e-08 max_cap215
 3.408033e-09 1.224464e-08 3.699529e-12 1.565637e-08 fanout287
 3.879346e-09 1.167113e-08 3.719621e-12 1.555420e-08 fanout208
 1.498360e-08 0.000000e+00 1.702310e-12 1.498530e-08 clkload79
 1.498047e-08 0.000000e+00 1.702310e-12 1.498217e-08 clkload157
 1.497243e-08 0.000000e+00 1.702310e-12 1.497414e-08 clkload78
 1.494431e-08 0.000000e+00 1.702310e-12 1.494601e-08 clkload161
 1.493433e-08 0.000000e+00 1.702310e-12 1.493603e-08 clkload76
 3.019966e-09 1.189409e-08 4.595819e-12 1.491865e-08 fanout433
 1.491451e-08 0.000000e+00 1.702310e-12 1.491621e-08 clkload82
 1.490826e-08 0.000000e+00 1.702310e-12 1.490996e-08 clkload83
 1.486683e-08 0.000000e+00 1.702310e-12 1.486853e-08 clkload77
 1.481357e-08 0.000000e+00 1.702310e-12 1.481527e-08 clkload94
 1.480154e-08 0.000000e+00 1.702310e-12 1.480324e-08 clkload75
 3.415679e-09 1.124987e-08 4.607910e-12 1.467016e-08 fanout254
 1.463947e-08 0.000000e+00 1.702310e-12 1.464118e-08 clkload33
 1.455959e-08 0.000000e+00 1.702310e-12 1.456129e-08 clkload96
 1.453037e-08 0.000000e+00 1.702310e-12 1.453207e-08 clkload31
 2.568826e-09 1.194284e-08 3.683066e-12 1.451535e-08 fanout250
 1.448715e-08 0.000000e+00 1.702310e-12 1.448885e-08 clkload32
 1.448292e-08 0.000000e+00 1.702310e-12 1.448463e-08 clkload149
 1.443727e-08 0.000000e+00 1.702310e-12 1.443897e-08 clkload155
 1.435504e-08 0.000000e+00 1.702310e-12 1.435674e-08 clkload68
 1.434426e-08 0.000000e+00 1.702310e-12 1.434596e-08 clkload134
 1.430207e-08 0.000000e+00 1.702310e-12 1.430378e-08 clkload89
 1.428489e-08 0.000000e+00 1.702310e-12 1.428659e-08 clkload139
 1.427261e-08 0.000000e+00 1.702310e-12 1.427432e-08 clkload86
 2.721025e-09 1.154273e-08 4.869560e-12 1.426862e-08 fanout146
 1.426514e-08 0.000000e+00 1.702310e-12 1.426684e-08 clkload54
 1.422853e-08 0.000000e+00 1.702310e-12 1.423024e-08 clkload106
 1.421757e-08 0.000000e+00 1.702310e-12 1.421927e-08 clkload102
 1.420883e-08 0.000000e+00 1.702310e-12 1.421053e-08 clkload101
 1.870119e-09 1.049092e-08 4.329892e-12 1.236537e-08 fanout152
 2.535583e-09 9.715535e-09 3.683066e-12 1.225480e-08 fanout245
 2.779061e-09 9.429537e-09 3.685856e-12 1.221228e-08 fanout199
 1.874884e-09 1.020092e-08 6.871983e-12 1.208268e-08 fanout224
 2.518549e-09 9.327217e-09 4.624374e-12 1.185039e-08 fanout240
 1.934575e-09 9.776324e-09 4.330100e-12 1.171523e-08 fanout148
 2.380403e-09 8.401241e-09 4.624281e-12 1.078627e-08 fanout100
 1.636469e-09 9.093337e-09 4.329426e-12 1.073414e-08 fanout108
 2.539274e-09 7.553063e-09 4.624374e-12 1.009696e-08 fanout242
 1.525431e-09 7.703205e-09 4.635908e-12 9.233272e-09 fanout147
 1.088313e-09 6.075513e-09 3.668090e-12 7.167494e-09 fanout149
 1.154838e-09 4.631963e-09 4.624746e-12 5.791426e-09 fanout387
 1.932971e-09 3.385576e-09 1.181000e-12 5.319728e-09 wire197
 1.942484e-09 2.891052e-09 1.181000e-12 4.834718e-09 max_cap196
 9.159829e-10 3.531384e-09 4.632280e-12 4.452000e-09 fanout432
 9.093346e-10 2.982766e-09 4.439962e-12 3.896541e-09 fanout751
 1.978755e-10 1.517249e-09 3.682043e-12 1.718806e-09 wire90
 3.644332e-10 1.246589e-09 3.762035e-12 1.614784e-09 fanout746
 9.034742e-10 6.587058e-10 1.181000e-12 1.563361e-09 wire380
 2.961834e-10 1.188431e-09 3.782127e-12 1.488396e-09 fanout771
 3.412115e-10 9.750030e-10 4.538418e-12 1.320753e-09 fanout773
 1.684100e-10 1.040078e-09 6.865944e-12 1.215354e-09 fanout268
 2.639451e-10 9.471264e-10 3.739246e-12 1.214811e-09 fanout745
 2.449584e-10 8.747236e-10 3.727248e-12 1.123409e-09 fanout761
 2.243620e-10 8.552486e-10 3.758687e-12 1.083369e-09 fanout763
 2.192699e-10 8.362451e-10 4.097911e-12 1.059613e-09 fanout744
 2.252921e-10 8.228659e-10 3.750780e-12 1.051909e-09 fanout769
 3.727967e-10 6.614767e-10 1.181000e-12 1.035454e-09 max_cap549
 5.563886e-10 4.279902e-10 1.181000e-12 9.855599e-10 wire382
 1.983159e-10 7.722076e-10 4.367561e-12 9.748909e-10 fanout914
 3.683376e-10 5.200402e-10 1.181000e-12 8.895588e-10 max_cap548
 1.805289e-10 7.022789e-10 4.496200e-12 8.873040e-10 fanout772
 1.982984e-10 6.606751e-10 4.367561e-12 8.633411e-10 fanout913
 1.932043e-10 6.548720e-10 3.707714e-12 8.517840e-10 fanout770
 1.378626e-10 6.940573e-10 3.668555e-12 8.355884e-10 max_cap78
 1.492854e-10 5.981830e-10 3.776824e-12 7.512452e-10 fanout774
 1.463489e-10 5.832908e-10 3.700831e-12 7.333405e-10 fanout755
 1.134661e-10 5.712233e-10 3.669020e-12 6.883584e-10 max_cap75
 1.383615e-10 5.232462e-10 3.667625e-12 6.652754e-10 max_cap72
 3.034136e-10 2.364422e-10 1.181000e-12 5.410368e-10 wire213
 7.636905e-11 4.546357e-10 3.672183e-12 5.346770e-10 wire84
 1.118967e-10 4.162704e-10 3.971504e-12 5.321386e-10 fanout917
 1.136649e-10 3.811617e-10 3.664928e-12 4.984915e-10 max_cap71
 7.652622e-11 3.756347e-10 3.672183e-12 4.558331e-10 max_cap85
 1.078394e-10 2.736588e-10 3.971504e-12 3.854697e-10 fanout916
 1.458171e-10 2.174602e-10 1.181000e-12 3.644583e-10 max_cap793
 1.436181e-10 1.834514e-10 1.181000e-12 3.282505e-10 max_cap794
 6.581084e-11 2.410068e-10 4.647070e-12 3.114647e-10 fanout407
 6.011137e-11 2.281974e-10 3.673671e-12 2.919824e-10 fanout764
 1.182498e-10 5.562187e-11 1.181000e-12 1.750527e-10 _49388_
 1.184702e-10 5.479587e-11 1.181000e-12 1.744470e-10 _49387_
 1.184598e-10 5.459339e-11 1.181000e-12 1.742342e-10 _49392_
 1.183867e-10 5.315520e-11 1.181000e-12 1.727229e-10 _49391_
 1.183762e-10 5.295007e-11 1.181000e-12 1.725073e-10 _49390_
 1.183762e-10 5.295007e-11 1.181000e-12 1.725073e-10 _49384_
 1.183705e-10 5.283695e-11 1.181000e-12 1.723884e-10 _49389_
 1.182715e-10 5.089217e-11 1.181000e-12 1.703447e-10 _49383_
 1.182640e-10 5.074425e-11 1.181000e-12 1.701892e-10 _49385_
 1.182372e-10 5.021996e-11 1.181000e-12 1.696382e-10 _49386_
 3.412834e-11 1.271468e-10 3.672555e-12 1.649477e-10 fanout742
 6.152672e-11 8.873349e-11 1.181000e-12 1.514412e-10 wire795
 1.510888e-11 1.307378e-10 3.659533e-12 1.495062e-10 wire94
 2.164875e-11 9.782671e-11 4.876248e-12 1.243517e-10 fanout266
 2.217613e-11 9.754313e-11 3.664463e-12 1.233837e-10 fanout760
 1.613301e-11 9.662776e-11 4.326574e-12 1.170874e-10 fanout977
 6.474418e-11 4.725753e-11 1.181000e-12 1.131827e-10 _49380_
 1.615102e-11 9.224282e-11 4.326574e-12 1.127204e-10 fanout1058
 6.450421e-11 3.905216e-11 1.181000e-12 1.047374e-10 _49374_
 6.401137e-11 3.639360e-11 1.181000e-12 1.015860e-10 _49373_
 6.383067e-11 3.264607e-11 1.181000e-12 9.765774e-11 _49377_
 6.411122e-11 3.183210e-11 1.181000e-12 9.712432e-11 _49379_
 6.397791e-11 2.938215e-11 1.181000e-12 9.454106e-11 _49378_
 6.367320e-11 2.938084e-11 1.181000e-12 9.423504e-11 _49375_
 6.394892e-11 2.884945e-11 1.181000e-12 9.397937e-11 _49381_
 1.636585e-11 7.307929e-11 4.326574e-12 9.377171e-11 fanout1141
 6.392240e-11 2.836300e-11 1.181000e-12 9.346640e-11 _49382_
 6.354172e-11 2.665354e-11 1.181000e-12 9.137626e-11 _49376_
 1.624337e-11 7.042537e-11 4.326574e-12 9.099531e-11 fanout1213
 1.626600e-11 6.515318e-11 4.326574e-12 8.574576e-11 fanout1234
 1.627488e-11 6.184186e-11 4.326574e-12 8.244331e-11 fanout1007
 9.151683e-12 4.959079e-11 3.661765e-12 6.240423e-11 fanout1100
 9.241640e-12 4.945889e-11 3.661765e-12 6.236230e-11 fanout994
 9.163723e-12 4.796394e-11 3.661765e-12 6.078943e-11 fanout986
 9.209737e-12 4.755999e-11 3.661765e-12 6.043149e-11 fanout1070
 9.156711e-12 4.718016e-11 3.661765e-12 5.999863e-11 fanout1118
 9.146791e-12 4.691551e-11 3.661765e-12 5.972407e-11 fanout1225
 9.161096e-12 4.668847e-11 3.661765e-12 5.951133e-11 fanout1045
 9.142025e-12 4.645024e-11 3.661765e-12 5.925403e-11 fanout1180
 9.146296e-12 4.626281e-11 3.661765e-12 5.907087e-11 fanout1065
 9.216877e-12 4.555159e-11 3.661765e-12 5.843023e-11 fanout1073
 9.141422e-12 4.553782e-11 3.661765e-12 5.834101e-11 fanout1019
 9.271163e-12 4.511461e-11 3.661765e-12 5.804754e-11 fanout1223
 9.180380e-12 4.495847e-11 3.661765e-12 5.780061e-11 fanout1181
 9.172333e-12 4.482454e-11 3.661765e-12 5.765863e-11 fanout1091
 9.146751e-12 4.475096e-11 3.661765e-12 5.755947e-11 fanout1174
 9.258884e-12 4.399838e-11 3.661765e-12 5.691903e-11 fanout1237
 9.169891e-12 4.360595e-11 3.661765e-12 5.643760e-11 fanout1051
 9.220733e-12 4.333907e-11 3.661765e-12 5.622157e-11 fanout1175
 9.150956e-12 4.335041e-11 3.661765e-12 5.616313e-11 fanout1034
 9.229346e-12 4.326928e-11 3.661765e-12 5.616039e-11 fanout941
 9.261605e-12 4.276917e-11 3.662974e-12 5.569375e-11 fanout750
 9.287285e-12 4.272774e-11 3.661765e-12 5.567679e-11 fanout1063
 9.222656e-12 4.251516e-11 3.661765e-12 5.539958e-11 fanout1142
 9.196796e-12 4.249405e-11 3.661765e-12 5.535261e-11 fanout1179
 9.221636e-12 4.237757e-11 3.661765e-12 5.526097e-11 fanout934
 9.173874e-12 4.224890e-11 3.661765e-12 5.508453e-11 fanout1057
 9.213985e-12 4.209079e-11 3.661765e-12 5.496653e-11 fanout935
 9.239406e-12 4.202410e-11 3.661765e-12 5.492527e-11 fanout1212
 9.269536e-12 4.189851e-11 3.661765e-12 5.482981e-11 fanout945
 9.208621e-12 4.194975e-11 3.661765e-12 5.482013e-11 fanout1173
 9.278587e-12 4.172095e-11 3.661765e-12 5.466130e-11 fanout957
 9.225206e-12 4.167850e-11 3.661765e-12 5.456547e-11 fanout1210
 9.246720e-12 4.163093e-11 3.661765e-12 5.453942e-11 fanout1183
 9.163572e-12 4.165587e-11 3.661765e-12 5.448121e-11 fanout959
 9.245963e-12 4.151851e-11 3.661765e-12 5.442624e-11 fanout1047
 9.173315e-12 4.154075e-11 3.661765e-12 5.437583e-11 fanout1112
 9.227558e-12 4.134894e-11 3.661765e-12 5.423827e-11 fanout947
 9.217438e-12 4.111675e-11 3.661765e-12 5.399595e-11 fanout943
 9.165104e-12 4.110224e-11 3.661765e-12 5.392910e-11 fanout969
 9.258488e-12 4.097267e-11 3.661765e-12 5.389292e-11 fanout1228
 9.235812e-12 4.089382e-11 3.661765e-12 5.379140e-11 fanout1140
 9.167293e-12 4.093063e-11 3.661765e-12 5.375968e-11 fanout1081
 9.216975e-12 4.056174e-11 3.661765e-12 5.344048e-11 fanout1236
 9.225585e-12 4.047387e-11 3.661765e-12 5.336122e-11 fanout1059
 9.158888e-12 4.046647e-11 3.661765e-12 5.328712e-11 fanout1161
 9.297402e-12 4.018974e-11 3.661765e-12 5.314891e-11 fanout1191
 9.215327e-12 4.026958e-11 3.661765e-12 5.314667e-11 fanout965
 9.235791e-12 4.019419e-11 3.661765e-12 5.309175e-11 fanout942
 9.232648e-12 4.015928e-11 3.661765e-12 5.305369e-11 fanout1111
 9.176215e-12 4.018646e-11 3.661765e-12 5.302444e-11 fanout1121
 9.236558e-12 4.009398e-11 3.661765e-12 5.299230e-11 fanout1214
 9.201082e-12 4.007906e-11 3.661765e-12 5.294191e-11 fanout1079
 9.285800e-12 3.993965e-11 3.661765e-12 5.288722e-11 fanout949
 9.223195e-12 3.997238e-11 3.661765e-12 5.285734e-11 fanout1128
 9.250730e-12 3.991991e-11 3.661765e-12 5.283241e-11 fanout1122
 9.235901e-12 3.984007e-11 3.661765e-12 5.273773e-11 fanout968
 9.204549e-12 3.984266e-11 3.661765e-12 5.270898e-11 fanout1044
 9.279228e-12 3.975359e-11 3.661765e-12 5.269458e-11 fanout974
 9.196611e-12 3.982540e-11 3.661765e-12 5.268378e-11 fanout978
 9.196790e-12 3.978255e-11 3.661765e-12 5.264110e-11 fanout981
 9.255018e-12 3.971570e-11 3.661765e-12 5.263248e-11 fanout990
 9.274739e-12 3.967361e-11 3.661765e-12 5.261012e-11 fanout1068
 9.249788e-12 3.968330e-11 3.661765e-12 5.259485e-11 fanout1087
 9.270486e-12 3.953782e-11 3.661765e-12 5.247007e-11 fanout1232
 9.188529e-12 3.947643e-11 3.661765e-12 5.232672e-11 fanout1095
 9.253908e-12 3.934185e-11 3.661765e-12 5.225752e-11 fanout1097
 9.207498e-12 3.937174e-11 3.661765e-12 5.224101e-11 fanout1226
 9.223836e-12 3.928028e-11 3.661765e-12 5.216588e-11 fanout1049
 9.180330e-12 3.928866e-11 3.661765e-12 5.213075e-11 fanout1103
 9.207372e-12 3.922094e-11 3.661765e-12 5.209007e-11 fanout1134
 9.278234e-12 3.911070e-11 3.661765e-12 5.205070e-11 fanout1187
 9.242103e-12 3.914532e-11 3.661765e-12 5.204919e-11 fanout1008
 9.233643e-12 3.911679e-11 3.661765e-12 5.201220e-11 fanout1101
 9.276869e-12 3.906267e-11 3.661765e-12 5.200131e-11 fanout982
 9.284959e-12 3.895910e-11 3.661765e-12 5.190582e-11 fanout953
 9.311304e-12 3.886109e-11 3.661765e-12 5.183416e-11 fanout1011
 9.242435e-12 3.863370e-11 3.661765e-12 5.153791e-11 fanout1009
 9.246843e-12 3.857507e-11 3.661765e-12 5.148368e-11 fanout967
 9.190570e-12 3.844180e-11 3.661765e-12 5.129414e-11 fanout987
 9.179460e-12 3.840861e-11 3.661765e-12 5.124983e-11 fanout1123
 9.223831e-12 3.825561e-11 3.661765e-12 5.114121e-11 fanout1050
 9.491077e-12 3.788398e-11 3.663253e-12 5.103831e-11 fanout775
 9.189257e-12 3.816820e-11 3.661765e-12 5.101922e-11 fanout1099
 9.182979e-12 3.816786e-11 3.661765e-12 5.101260e-11 fanout1048
 9.190120e-12 3.808779e-11 3.661765e-12 5.093968e-11 fanout993
 9.271374e-12 3.796236e-11 3.661765e-12 5.089550e-11 fanout1041
 9.241781e-12 3.790931e-11 3.661765e-12 5.081285e-11 fanout1160
 9.234288e-12 3.790113e-11 3.661765e-12 5.079718e-11 fanout948
 9.223602e-12 3.788016e-11 3.661765e-12 5.076553e-11 fanout938
 9.315128e-12 3.778721e-11 3.661765e-12 5.076410e-11 fanout1084
 9.285997e-12 3.776582e-11 3.661765e-12 5.071358e-11 fanout1016
 9.503226e-12 3.739234e-11 3.663253e-12 5.055882e-11 fanout743
 9.282275e-12 3.754862e-11 3.661765e-12 5.049266e-11 fanout952
 9.237600e-12 3.758328e-11 3.661765e-12 5.048264e-11 fanout929
 9.282317e-12 3.746908e-11 3.661765e-12 5.041316e-11 fanout1200
 9.241462e-12 3.743581e-11 3.661765e-12 5.033904e-11 fanout1208
 9.287736e-12 3.736423e-11 3.661765e-12 5.031373e-11 fanout1025
 9.310966e-12 3.728082e-11 3.661765e-12 5.025355e-11 fanout970
 9.282140e-12 3.719063e-11 3.661765e-12 5.013454e-11 fanout950
 9.203563e-12 3.710593e-11 3.661765e-12 4.997126e-11 fanout1075
 9.288120e-12 3.696072e-11 3.661765e-12 4.991060e-11 fanout1136
 9.231639e-12 3.692366e-11 3.661765e-12 4.981706e-11 fanout1217
 9.241632e-12 3.687612e-11 3.661765e-12 4.977951e-11 fanout1119
 9.215678e-12 3.686977e-11 3.661765e-12 4.974721e-11 fanout1164
 9.163403e-12 3.686053e-11 3.661765e-12 4.968570e-11 fanout1029
 9.231461e-12 3.673197e-11 3.661765e-12 4.962519e-11 fanout1216
 9.253263e-12 3.670119e-11 3.661765e-12 4.961621e-11 fanout936
 5.382464e-12 3.931404e-11 4.876300e-12 4.957281e-11 wire65
 9.249199e-12 3.656657e-11 3.661765e-12 4.947754e-11 fanout1149
 9.200642e-12 3.657688e-11 3.661765e-12 4.943929e-11 fanout1116
 9.268221e-12 3.644877e-11 3.661765e-12 4.937876e-11 fanout1229
 9.228686e-12 3.648477e-11 3.661765e-12 4.937522e-11 fanout1056
 9.312265e-12 3.637993e-11 3.661765e-12 4.935396e-11 fanout1085
 9.240685e-12 3.625551e-11 3.661765e-12 4.915796e-11 fanout1110
 9.305525e-12 3.600427e-11 3.661765e-12 4.897156e-11 fanout1012
 9.305419e-12 3.599397e-11 3.661765e-12 4.896115e-11 fanout1155
 9.241806e-12 3.599248e-11 3.661765e-12 4.889605e-11 fanout984
 9.250833e-12 3.583270e-11 3.661765e-12 4.874530e-11 fanout992
 9.253041e-12 3.537431e-11 3.661765e-12 4.828912e-11 fanout1185
 9.457728e-12 3.516827e-11 3.662045e-12 4.828804e-11 fanout762
 9.228491e-12 3.536052e-11 3.661765e-12 4.825078e-11 fanout1172
 9.508268e-12 3.493904e-11 3.662045e-12 4.810935e-11 fanout752
 9.265675e-12 3.517750e-11 3.661765e-12 4.810494e-11 fanout1233
 9.228351e-12 3.520070e-11 3.661765e-12 4.809082e-11 fanout1171
 9.226186e-12 3.510531e-11 3.661765e-12 4.799326e-11 fanout1202
 9.466664e-12 3.479372e-11 3.663253e-12 4.792364e-11 fanout741
 9.194091e-12 3.487768e-11 3.661765e-12 4.773353e-11 fanout983
 9.263045e-12 3.480780e-11 3.661765e-12 4.773261e-11 fanout1052
 9.167368e-12 3.475068e-11 3.661765e-12 4.757982e-11 fanout1069
 9.239014e-12 3.456631e-11 3.661765e-12 4.746709e-11 fanout1104
 9.258208e-12 3.451415e-11 3.661765e-12 4.743412e-11 fanout1054
 9.228399e-12 3.444492e-11 3.661765e-12 4.733508e-11 fanout946
 9.206903e-12 3.446087e-11 3.661765e-12 4.732954e-11 fanout975
 9.170564e-12 3.447932e-11 3.661765e-12 4.731165e-11 fanout1238
 9.225373e-12 3.420505e-11 3.661765e-12 4.709218e-11 fanout1203
 9.297289e-12 3.402033e-11 3.661765e-12 4.697939e-11 fanout995
 9.279967e-12 3.403654e-11 3.661765e-12 4.697828e-11 fanout951
 9.279845e-12 3.396238e-11 3.661765e-12 4.690399e-11 fanout954
 9.242351e-12 3.390937e-11 3.661765e-12 4.681349e-11 fanout1201
 9.245496e-12 3.372181e-11 3.661765e-12 4.662907e-11 fanout1046
 9.166583e-12 3.368938e-11 3.661765e-12 4.651773e-11 fanout932
 9.157770e-12 3.350696e-11 3.661765e-12 4.632650e-11 fanout1017
 9.233543e-12 3.341990e-11 3.661765e-12 4.631521e-11 fanout1138
 9.238042e-12 3.340207e-11 3.661765e-12 4.630188e-11 fanout1106
 9.226492e-12 3.333523e-11 3.661765e-12 4.622348e-11 fanout958
 9.232603e-12 3.330416e-11 3.661765e-12 4.619853e-11 fanout1235
 9.215858e-12 3.295247e-11 3.661765e-12 4.583009e-11 fanout1127
 9.301272e-12 3.253353e-11 3.661765e-12 4.549656e-11 fanout972
 9.202143e-12 3.260607e-11 3.661765e-12 4.546998e-11 fanout988
 9.316710e-12 3.239251e-11 3.662230e-12 4.537145e-11 fanout767
 9.249326e-12 3.230381e-11 3.661765e-12 4.521490e-11 fanout1024
 9.195830e-12 3.225757e-11 3.661765e-12 4.511517e-11 fanout1224
 9.227179e-12 3.209516e-11 3.661765e-12 4.498411e-11 fanout962
 9.227380e-12 3.203753e-11 3.661765e-12 4.492668e-11 fanout1036
 9.167327e-12 3.144817e-11 3.661765e-12 4.427726e-11 fanout1064
 9.151552e-12 3.145748e-11 3.661765e-12 4.427080e-11 fanout1192
 9.234156e-12 3.113449e-11 3.661765e-12 4.403041e-11 fanout1231
 9.243405e-12 3.093795e-11 3.661765e-12 4.384312e-11 fanout996
 9.239907e-12 3.092671e-11 3.661765e-12 4.382839e-11 fanout1098
 9.228286e-12 3.033009e-11 3.661765e-12 4.322014e-11 fanout1156
 9.157546e-12 3.031343e-11 3.661765e-12 4.313274e-11 fanout1015
 9.162924e-12 2.990920e-11 3.661765e-12 4.273389e-11 fanout973
 9.203767e-12 2.960492e-11 3.661765e-12 4.247045e-11 fanout1086
 9.203145e-12 2.864398e-11 3.661765e-12 4.150889e-11 fanout1166
 9.289530e-12 2.812082e-11 3.661765e-12 4.107211e-11 fanout1014
 5.414971e-12 2.399408e-11 4.876300e-12 3.428535e-11 fanout925
 5.657589e-12 2.051151e-11 4.876300e-12 3.104540e-11 fanout924
 5.634640e-12 1.980778e-11 4.876300e-12 3.031872e-11 fanout927
 5.515258e-12 1.961816e-11 4.876300e-12 3.000972e-11 fanout922
 5.610841e-12 2.185541e-11 1.181000e-12 2.864725e-11 fanout1120
 5.616220e-12 2.125388e-11 1.181000e-12 2.805110e-11 fanout1188
 3.065920e-12 2.031403e-11 3.659440e-12 2.703939e-11 wire92
 3.044441e-12 1.971859e-11 3.659440e-12 2.642247e-11 max_cap77
 3.067965e-12 1.150536e-11 3.659440e-12 1.823277e-11 max_cap69
 3.065841e-12 1.121930e-11 3.659440e-12 1.794458e-11 max_cap93
 3.077614e-12 8.854923e-12 3.659440e-12 1.559198e-11 max_cap87
 4.247327e-18 2.018936e-17 7.512880e-12 7.512904e-12 fanout1332
 4.246218e-18 1.937220e-17 7.512880e-12 7.512903e-12 fanout1360
 4.244157e-18 1.885061e-17 6.866919e-12 6.866942e-12 fanout1517
 2.152478e-18 1.291668e-17 4.875263e-12 4.875278e-12 fanout1399
 2.157954e-18 1.158314e-17 4.875263e-12 4.875277e-12 fanout1397
 2.176427e-18 1.078096e-17 4.875263e-12 4.875276e-12 fanout1446
 2.162125e-18 1.070267e-17 4.875263e-12 4.875276e-12 fanout1447
 2.160664e-18 1.077381e-17 4.875263e-12 4.875276e-12 fanout1468
 2.162673e-18 1.045167e-17 4.875263e-12 4.875276e-12 fanout1367
 2.168764e-18 1.047716e-17 4.875263e-12 4.875276e-12 fanout1377
 2.188164e-18 1.009746e-17 4.875263e-12 4.875275e-12 fanout1442
 2.166695e-18 9.929785e-18 4.875263e-12 4.875275e-12 fanout1479
 2.166716e-18 9.947532e-18 4.875263e-12 4.875275e-12 fanout1482
 2.191878e-18 9.333067e-18 4.875263e-12 4.875275e-12 fanout1444
 2.184063e-18 9.513829e-18 4.875263e-12 4.875275e-12 fanout1499
 2.179364e-18 9.236573e-18 4.875263e-12 4.875274e-12 fanout1389
 2.178981e-18 9.069444e-18 4.875263e-12 4.875274e-12 fanout1396
 2.200670e-18 8.878442e-18 4.875263e-12 4.875274e-12 fanout1403
 2.190584e-18 8.978653e-18 4.875263e-12 4.875274e-12 fanout1428
 2.161301e-18 9.155579e-18 4.875263e-12 4.875274e-12 fanout1450
 2.168289e-18 8.904074e-18 4.875263e-12 4.875274e-12 fanout1464
 2.193516e-18 9.131850e-18 4.875263e-12 4.875274e-12 fanout1466
 2.189039e-18 9.101406e-18 4.875263e-12 4.875274e-12 fanout1511
 2.197560e-18 8.838767e-18 4.875263e-12 4.875274e-12 fanout1405
 2.186784e-18 8.804350e-18 4.875263e-12 4.875274e-12 fanout1406
 2.202925e-18 8.809562e-18 4.875263e-12 4.875274e-12 fanout1426
 2.188896e-18 8.593956e-18 4.875263e-12 4.875274e-12 fanout1440
 2.169566e-18 8.590071e-18 4.875263e-12 4.875274e-12 fanout1456
 2.198074e-18 8.431928e-18 4.875263e-12 4.875274e-12 fanout1461
 2.196670e-18 8.752548e-18 4.875263e-12 4.875274e-12 fanout1463
 2.169933e-18 8.533451e-18 4.875263e-12 4.875274e-12 fanout1473
 2.172143e-18 8.619846e-18 4.875263e-12 4.875274e-12 fanout1478
 2.196277e-18 8.576797e-18 4.875263e-12 4.875274e-12 fanout1510
 2.188389e-18 8.377220e-18 4.875263e-12 4.875273e-12 fanout1361
 2.205412e-18 8.217177e-18 4.875263e-12 4.875273e-12 fanout1363
 2.205750e-18 8.067598e-18 4.875263e-12 4.875273e-12 fanout1365
 2.188955e-18 8.232701e-18 4.875263e-12 4.875273e-12 fanout1366
 2.200438e-18 8.124005e-18 4.875263e-12 4.875273e-12 fanout1370
 2.200992e-18 8.329960e-18 4.875263e-12 4.875273e-12 fanout1372
 2.200891e-18 8.348854e-18 4.875263e-12 4.875273e-12 fanout1373
 2.192986e-18 8.037425e-18 4.875263e-12 4.875273e-12 fanout1378
 2.211750e-18 8.023154e-18 4.875263e-12 4.875273e-12 fanout1382
 2.179387e-18 8.120576e-18 4.875263e-12 4.875273e-12 fanout1391
 2.189190e-18 8.301523e-18 4.875263e-12 4.875273e-12 fanout1404
 2.205531e-18 8.207225e-18 4.875263e-12 4.875273e-12 fanout1411
 2.190320e-18 8.178875e-18 4.875263e-12 4.875273e-12 fanout1412
 2.172325e-18 8.060104e-18 4.875263e-12 4.875273e-12 fanout1414
 2.193656e-18 8.333312e-18 4.875263e-12 4.875273e-12 fanout1419
 2.199915e-18 8.026090e-18 4.875263e-12 4.875273e-12 fanout1427
 2.207969e-18 8.045155e-18 4.875263e-12 4.875273e-12 fanout1433
 2.185909e-18 8.260666e-18 4.875263e-12 4.875273e-12 fanout1436
 2.202983e-18 8.000808e-18 4.875263e-12 4.875273e-12 fanout1455
 2.206588e-18 8.141343e-18 4.875263e-12 4.875273e-12 fanout1458
 2.204176e-18 8.062059e-18 4.875263e-12 4.875273e-12 fanout1460
 2.185634e-18 8.357308e-18 4.875263e-12 4.875273e-12 fanout1469
 2.187669e-18 8.108428e-18 4.875263e-12 4.875273e-12 fanout1475
 2.187191e-18 8.221560e-18 4.875263e-12 4.875273e-12 fanout1476
 2.205945e-18 8.095962e-18 4.875263e-12 4.875273e-12 fanout1491
 2.187989e-18 8.144238e-18 4.875263e-12 4.875273e-12 fanout1493
 2.186705e-18 8.139551e-18 4.875263e-12 4.875273e-12 fanout1505
 2.205572e-18 8.022386e-18 4.875263e-12 4.875273e-12 fanout1515
 2.187156e-18 8.244807e-18 4.875263e-12 4.875273e-12 fanout1516
 2.203279e-18 7.650568e-18 4.875263e-12 4.875273e-12 fanout1385
 2.201513e-18 7.951320e-18 4.875263e-12 4.875273e-12 fanout1401
 2.203197e-18 7.932863e-18 4.875263e-12 4.875273e-12 fanout1408
 2.205097e-18 7.556792e-18 4.875263e-12 4.875273e-12 fanout1413
 2.172576e-18 7.997052e-18 4.875263e-12 4.875273e-12 fanout1415
 2.204043e-18 7.592872e-18 4.875263e-12 4.875273e-12 fanout1417
 2.199514e-18 7.669264e-18 4.875263e-12 4.875273e-12 fanout1424
 2.208355e-18 7.982708e-18 4.875263e-12 4.875273e-12 fanout1432
 2.174022e-18 7.792706e-18 4.875263e-12 4.875273e-12 fanout1434
 2.187762e-18 7.851316e-18 4.875263e-12 4.875273e-12 fanout1435
 2.207944e-18 7.878278e-18 4.875263e-12 4.875273e-12 fanout1457
 2.172241e-18 7.948200e-18 4.875263e-12 4.875273e-12 fanout1459
 2.202444e-18 7.712581e-18 4.875263e-12 4.875273e-12 fanout1462
 2.200046e-18 7.789356e-18 4.875263e-12 4.875273e-12 fanout1465
 2.203575e-18 7.961814e-18 4.875263e-12 4.875273e-12 fanout1471
 2.175551e-18 7.809404e-18 4.875263e-12 4.875273e-12 fanout1480
 2.201282e-18 7.742221e-18 4.875263e-12 4.875273e-12 fanout1486
 2.201691e-18 7.779155e-18 4.875263e-12 4.875273e-12 fanout1487
 2.200560e-18 7.989719e-18 4.875263e-12 4.875273e-12 fanout1495
 2.191897e-18 7.838834e-18 4.875263e-12 4.875273e-12 fanout1501
 2.203308e-18 7.923889e-18 4.875263e-12 4.875273e-12 fanout1512
 2.188585e-18 7.542426e-18 4.875263e-12 4.875272e-12 fanout1375
 2.197131e-18 7.449941e-18 4.875263e-12 4.875272e-12 fanout1422
 2.188310e-18 7.386217e-18 4.875263e-12 4.875272e-12 fanout1438
 2.195268e-18 7.226707e-18 4.875263e-12 4.875272e-12 fanout1494
 2.193324e-18 7.440317e-18 4.875263e-12 4.875272e-12 fanout1497
 2.189480e-18 7.542474e-18 4.875263e-12 4.875272e-12 fanout1500
 1.213816e-18 7.954974e-18 4.646139e-12 4.646148e-12 fanout1452
 1.222168e-18 6.705906e-18 4.646139e-12 4.646147e-12 fanout1394
 1.223672e-18 6.231336e-18 4.646139e-12 4.646147e-12 fanout1390
 1.219110e-18 6.033842e-18 4.646139e-12 4.646147e-12 fanout1437
 1.220580e-18 6.003861e-18 4.646139e-12 4.646147e-12 fanout1470
 1.220211e-18 5.635199e-18 4.646139e-12 4.646146e-12 fanout1441
 1.224580e-18 5.343830e-18 4.646139e-12 4.646146e-12 fanout1392
 1.227778e-18 5.257249e-18 4.646139e-12 4.646146e-12 fanout1508
 1.221797e-18 4.799847e-18 4.646139e-12 4.646145e-12 fanout1371
 1.226943e-18 4.693145e-18 4.646139e-12 4.646145e-12 fanout1388
 1.231674e-18 4.756267e-18 4.646139e-12 4.646145e-12 fanout1421
 1.230742e-18 4.926214e-18 4.646139e-12 4.646145e-12 fanout1439
 1.221425e-18 4.995833e-18 4.646139e-12 4.646145e-12 fanout1445
 1.223022e-18 4.922022e-18 4.646139e-12 4.646145e-12 fanout1467
 1.236223e-18 4.716707e-18 4.646139e-12 4.646145e-12 fanout1472
 1.231458e-18 4.775602e-18 4.646139e-12 4.646145e-12 fanout1481
 1.228857e-18 4.853412e-18 4.646139e-12 4.646145e-12 fanout1496
 1.232455e-18 4.665704e-18 4.646139e-12 4.646145e-12 fanout1498
 1.227704e-18 4.870446e-18 4.646139e-12 4.646145e-12 fanout1504
 1.229030e-18 4.444688e-18 4.646139e-12 4.646145e-12 fanout1364
 1.223438e-18 4.487899e-18 4.646139e-12 4.646145e-12 fanout1380
 1.226235e-18 4.627245e-18 4.646139e-12 4.646145e-12 fanout1386
 1.234382e-18 4.287963e-18 4.646139e-12 4.646145e-12 fanout1402
 1.236451e-18 4.330300e-18 4.646139e-12 4.646145e-12 fanout1418
 1.316518e-18 4.518899e-18 4.646139e-12 4.646145e-12 input9
 1.235279e-18 4.094556e-18 4.646139e-12 4.646145e-12 fanout1384
 1.232755e-18 3.799476e-18 4.646139e-12 4.646145e-12 fanout1423
 1.237493e-18 3.946337e-18 4.646139e-12 4.646145e-12 fanout1485
 1.233879e-18 4.034919e-18 4.646139e-12 4.646145e-12 fanout1488
 2.135688e-18 1.673520e-17 4.326237e-12 4.326256e-12 fanout1303
 2.145288e-18 1.301479e-17 4.326237e-12 4.326252e-12 fanout1299
 2.166412e-18 1.252777e-17 4.326237e-12 4.326252e-12 fanout1359
 2.163953e-18 1.230964e-17 4.326237e-12 4.326251e-12 fanout1333
 2.151147e-18 1.144853e-17 4.326237e-12 4.326250e-12 fanout1300
 2.151052e-18 1.146773e-17 4.326237e-12 4.326250e-12 fanout1302
 2.175472e-18 1.109132e-17 4.326237e-12 4.326250e-12 fanout1304
 2.170138e-18 1.104609e-17 4.326237e-12 4.326250e-12 fanout1312
 2.171333e-18 1.069233e-17 4.326237e-12 4.326250e-12 fanout1335
 2.164188e-18 1.101036e-17 4.326237e-12 4.326250e-12 fanout1354
 2.173033e-18 1.034077e-17 4.326237e-12 4.326249e-12 fanout1337
 2.174294e-18 1.043948e-17 4.326237e-12 4.326249e-12 fanout1341
 2.175016e-18 1.047541e-17 4.326237e-12 4.326249e-12 fanout1343
 2.165699e-18 1.017493e-17 4.326237e-12 4.326249e-12 fanout1297
 2.192132e-18 9.742706e-18 4.326237e-12 4.326249e-12 fanout1350
 2.169569e-18 9.848678e-18 4.326237e-12 4.326249e-12 fanout1358
 2.174073e-18 9.651496e-18 4.326237e-12 4.326249e-12 fanout1292
 2.176722e-18 9.544139e-18 4.326237e-12 4.326249e-12 fanout1308
 2.177505e-18 9.712469e-18 4.326237e-12 4.326249e-12 fanout1339
 2.190298e-18 8.946776e-18 4.326237e-12 4.326248e-12 fanout1291
 2.184093e-18 8.586616e-18 4.326237e-12 4.326248e-12 fanout1310
 2.175883e-18 8.750542e-18 4.326237e-12 4.326248e-12 fanout1325
 2.183131e-18 8.823582e-18 4.326237e-12 4.326248e-12 fanout1351
 2.182664e-18 8.332090e-18 4.326237e-12 4.326247e-12 fanout1301
 1.222965e-18 6.373081e-18 3.661160e-12 3.661168e-12 fanout1327
 1.223649e-18 6.161106e-18 3.661160e-12 3.661168e-12 fanout1309
 1.226979e-18 6.178190e-18 3.661160e-12 3.661168e-12 fanout1342
 1.222367e-18 5.219846e-18 3.661160e-12 3.661167e-12 fanout1330
 1.224672e-18 5.478930e-18 3.661160e-12 3.661167e-12 fanout1334
 1.223250e-18 5.174892e-18 3.661160e-12 3.661167e-12 fanout1355
 1.221695e-18 4.730866e-18 3.661160e-12 3.661166e-12 fanout1320
 1.220703e-18 4.491879e-18 3.661160e-12 3.661166e-12 fanout1317
 1.234296e-18 4.528055e-18 3.661160e-12 3.661166e-12 fanout1323
 1.225091e-18 4.148895e-18 3.661160e-12 3.661166e-12 fanout1336
 1.140994e-15 1.577667e-15 1.181000e-12 1.183719e-12 input4
 8.103415e-16 1.797229e-15 1.181000e-12 1.183608e-12 input10
 1.179623e-15 1.258643e-15 1.181000e-12 1.183438e-12 input2
 1.163727e-15 1.141942e-15 1.181000e-12 1.183306e-12 input1
 1.257999e-15 9.647413e-16 1.181000e-12 1.183223e-12 input3
 1.006509e-15 1.073420e-15 1.181000e-12 1.183080e-12 input5
 6.241714e-16 1.058907e-15 1.181000e-12 1.182683e-12 input7
 5.173941e-16 5.609515e-16 1.181000e-12 1.182078e-12 input6
