     Internal    Switching      Leakage        Total
        Power        Power        Power        Power (Watts)
----------------------------------------------------
 8.840691e-07 4.559208e-07 1.232310e-11 1.340002e-06 clkbuf_0_clk
 8.579688e-07 2.857066e-07 1.232310e-11 1.143688e-06 clkbuf_1_1__f_clk
 8.522858e-07 2.324193e-07 1.232310e-11 1.084717e-06 clkbuf_1_0__f_clk
 1.344614e-07 2.269593e-10 9.134014e-12 1.346975e-07 u_icg
 2.658200e-08 0.000000e+00 1.567550e-12 2.658356e-08 clkload0
 1.004787e-10 4.651435e-10 1.047900e-11 5.761012e-10 clkbuf_1_0__f_core_clk
 1.003031e-10 3.026548e-10 1.047900e-11 4.134370e-10 clkbuf_1_1__f_core_clk
 6.226527e-11 2.913408e-10 1.047892e-11 3.640850e-10 clkbuf_0_w_clk
 3.137163e-11 3.015251e-10 6.865722e-12 3.397625e-10 clkbuf_2_1_0_w_clk
 3.138436e-11 2.991468e-10 6.865722e-12 3.373969e-10 clkbuf_2_2_0_w_clk
 3.139792e-11 2.925796e-10 6.865722e-12 3.308432e-10 clkbuf_2_0_0_w_clk
 3.136591e-11 2.659364e-10 6.865722e-12 3.041681e-10 clkbuf_2_3_0_w_clk
 6.593130e-11 1.933538e-10 1.047893e-11 2.697640e-10 clkbuf_5_2__f_v_clk
 6.601666e-11 1.932449e-10 1.047893e-11 2.697405e-10 clkbuf_5_27__f_v_clk
 9.656335e-11 1.549853e-10 1.047900e-11 2.620276e-10 clkbuf_0_core_clk
 6.599092e-11 1.753740e-10 1.047893e-11 2.518439e-10 clkbuf_5_15__f_v_clk
 6.400053e-11 1.729316e-10 1.047893e-11 2.474110e-10 clkbuf_0_v_clk
 6.599005e-11 1.696798e-10 1.047893e-11 2.461487e-10 clkbuf_5_29__f_v_clk
 6.589657e-11 1.695383e-10 1.047893e-11 2.459138e-10 clkbuf_5_5__f_v_clk
 6.587650e-11 1.682905e-10 1.047893e-11 2.446460e-10 clkbuf_5_23__f_v_clk
 6.139630e-11 1.714120e-10 1.047892e-11 2.432872e-10 clkbuf_5_3__f_w_clk
 6.139066e-11 1.696350e-10 1.047892e-11 2.415046e-10 clkbuf_5_2__f_w_clk
 6.587787e-11 1.628249e-10 1.047893e-11 2.391816e-10 clkbuf_5_18__f_v_clk
 6.598383e-11 1.587910e-10 1.047893e-11 2.352538e-10 clkbuf_5_26__f_v_clk
 6.589872e-11 1.587109e-10 1.047893e-11 2.350886e-10 clkbuf_5_3__f_v_clk
 6.586761e-11 1.583245e-10 1.047893e-11 2.346711e-10 clkbuf_5_22__f_v_clk
 6.131251e-11 1.614884e-10 1.047892e-11 2.332798e-10 clkbuf_5_11__f_w_clk
 6.588180e-11 1.550619e-10 1.047893e-11 2.314226e-10 clkbuf_5_4__f_v_clk
 6.136735e-11 1.563188e-10 1.047892e-11 2.281651e-10 clkbuf_5_7__f_w_clk
 6.132113e-11 1.563045e-10 1.047892e-11 2.281046e-10 clkbuf_5_22__f_w_clk
 6.583100e-11 1.504780e-10 1.047893e-11 2.267879e-10 clkbuf_5_8__f_v_clk
 6.586231e-11 1.471151e-10 1.047893e-11 2.234563e-10 clkbuf_5_19__f_v_clk
 4.968405e-11 1.660850e-10 6.865734e-12 2.226348e-10 clkbuf_leaf_7_core_clk
 6.127017e-11 1.503205e-10 1.047892e-11 2.220696e-10 clkbuf_5_17__f_w_clk
 6.596849e-11 1.452993e-10 1.047893e-11 2.217467e-10 clkbuf_5_28__f_v_clk
 6.129612e-11 1.483084e-10 1.047892e-11 2.200834e-10 clkbuf_5_15__f_w_clk
 6.130869e-11 1.449995e-10 1.047892e-11 2.167871e-10 clkbuf_5_18__f_w_clk
 6.133982e-11 1.444616e-10 1.047892e-11 2.162804e-10 clkbuf_5_5__f_w_clk
 6.134229e-11 1.442281e-10 1.047892e-11 2.160493e-10 clkbuf_5_6__f_w_clk
 6.130180e-11 1.442563e-10 1.047892e-11 2.160370e-10 clkbuf_5_4__f_w_clk
 6.134172e-11 1.426833e-10 1.047892e-11 2.145039e-10 clkbuf_5_26__f_w_clk
 6.129520e-11 1.424007e-10 1.047892e-11 2.141748e-10 clkbuf_5_12__f_w_clk
 6.147137e-11 1.417588e-10 1.047892e-11 2.137091e-10 clkbuf_5_28__f_w_clk
 4.967261e-11 1.560805e-10 6.865734e-12 2.126188e-10 clkbuf_leaf_10_core_clk
 6.130019e-11 1.408113e-10 1.047892e-11 2.125904e-10 clkbuf_5_19__f_w_clk
 6.595180e-11 1.357275e-10 1.047893e-11 2.121582e-10 clkbuf_5_14__f_v_clk
 6.129242e-11 1.370332e-10 1.047892e-11 2.088046e-10 clkbuf_5_1__f_w_clk
 6.127176e-11 1.363707e-10 1.047892e-11 2.081214e-10 clkbuf_5_14__f_w_clk
 6.591008e-11 1.308465e-10 1.047893e-11 2.072355e-10 clkbuf_5_20__f_v_clk
 4.902759e-11 1.497493e-10 6.865734e-12 2.056426e-10 clkbuf_leaf_3_core_clk
 6.130636e-11 1.326701e-10 1.047892e-11 2.044554e-10 clkbuf_5_24__f_w_clk
 6.129314e-11 1.319417e-10 1.047892e-11 2.037137e-10 clkbuf_5_0__f_w_clk
 6.126840e-11 1.314438e-10 1.047892e-11 2.031911e-10 clkbuf_5_13__f_w_clk
 6.122382e-11 1.309430e-10 1.047892e-11 2.026458e-10 clkbuf_5_16__f_w_clk
 4.901998e-11 1.462662e-10 6.865734e-12 2.021519e-10 clkbuf_leaf_1_core_clk
 6.597479e-11 1.243810e-10 1.047893e-11 2.008347e-10 clkbuf_5_16__f_v_clk
 6.597510e-11 1.242330e-10 1.047893e-11 2.006870e-10 clkbuf_5_17__f_v_clk
 6.580318e-11 1.233090e-10 1.047893e-11 1.995911e-10 clkbuf_5_9__f_v_clk
 6.125025e-11 1.275503e-10 1.047892e-11 1.992795e-10 clkbuf_5_23__f_w_clk
 6.132132e-11 1.261013e-10 1.047892e-11 1.979016e-10 clkbuf_5_27__f_w_clk
 6.122497e-11 1.259570e-10 1.047892e-11 1.976609e-10 clkbuf_5_10__f_w_clk
 3.862267e-11 1.498734e-10 8.986267e-12 1.974823e-10 u_icg_v
 6.123879e-11 1.255927e-10 1.047892e-11 1.973104e-10 clkbuf_5_20__f_w_clk
 6.122151e-11 1.255701e-10 1.047892e-11 1.972706e-10 clkbuf_5_9__f_w_clk
 6.130216e-11 1.251562e-10 1.047892e-11 1.969373e-10 clkbuf_5_25__f_w_clk
 3.278311e-11 1.572635e-10 6.865722e-12 1.969124e-10 clkbuf_2_1_0_v_clk
 4.900601e-11 1.409140e-10 6.865734e-12 1.967857e-10 clkbuf_leaf_14_core_clk
 6.593663e-11 1.203611e-10 1.047893e-11 1.967766e-10 clkbuf_5_25__f_v_clk
 6.121715e-11 1.227779e-10 1.047892e-11 1.944740e-10 clkbuf_5_8__f_w_clk
 4.963200e-11 1.352639e-10 6.865734e-12 1.917616e-10 clkbuf_leaf_12_core_clk
 3.277589e-11 1.520923e-10 6.865722e-12 1.917339e-10 clkbuf_2_0_0_v_clk
 6.569614e-11 1.150377e-10 1.047893e-11 1.912128e-10 clkbuf_5_30__f_v_clk
 6.558841e-11 1.145964e-10 1.047893e-11 1.906637e-10 clkbuf_5_21__f_v_clk
 6.141945e-11 1.187521e-10 1.047892e-11 1.906505e-10 clkbuf_5_29__f_w_clk
 6.530350e-11 1.145118e-10 1.047893e-11 1.902943e-10 clkbuf_5_1__f_v_clk
 4.967036e-11 1.330461e-10 6.865734e-12 1.895822e-10 clkbuf_leaf_15_core_clk
 4.964103e-11 1.323621e-10 6.865734e-12 1.888688e-10 clkbuf_leaf_11_core_clk
 4.898661e-11 1.312785e-10 6.865734e-12 1.871308e-10 clkbuf_leaf_0_core_clk
 4.957913e-11 1.286620e-10 6.865734e-12 1.851068e-10 clkbuf_leaf_19_core_clk
 4.887301e-11 1.256772e-10 6.865734e-12 1.814160e-10 clkbuf_leaf_4_core_clk
 3.276117e-11 1.408359e-10 6.865722e-12 1.804628e-10 clkbuf_2_2_0_v_clk
 6.506721e-11 1.022441e-10 1.047893e-11 1.777902e-10 clkbuf_5_13__f_v_clk
 4.940732e-11 1.214547e-10 6.865734e-12 1.777278e-10 clkbuf_leaf_17_core_clk
 4.940877e-11 1.202857e-10 6.865734e-12 1.765602e-10 clkbuf_leaf_6_core_clk
 6.094211e-11 1.039521e-10 1.047892e-11 1.753732e-10 clkbuf_5_31__f_w_clk
 6.078670e-11 1.036247e-10 1.047892e-11 1.748903e-10 clkbuf_5_21__f_w_clk
 6.484383e-11 9.699072e-11 1.047893e-11 1.723135e-10 clkbuf_5_6__f_v_clk
 6.481500e-11 9.641045e-11 1.047893e-11 1.717044e-10 clkbuf_5_12__f_v_clk
 4.867000e-11 1.157392e-10 6.865734e-12 1.712749e-10 clkbuf_leaf_20_core_clk
 6.478151e-11 9.561864e-11 1.047893e-11 1.708791e-10 clkbuf_5_7__f_v_clk
 6.450729e-11 9.586339e-11 1.047893e-11 1.708496e-10 clkbuf_5_0__f_v_clk
 3.759908e-11 1.211168e-10 8.986267e-12 1.677021e-10 u_icg_w
 4.858287e-11 1.114048e-10 6.865734e-12 1.668534e-10 clkbuf_leaf_2_core_clk
 6.460728e-11 9.004431e-11 1.047893e-11 1.651305e-10 clkbuf_5_24__f_v_clk
 6.450945e-11 8.795858e-11 1.047893e-11 1.629470e-10 clkbuf_5_31__f_v_clk
 4.900465e-11 1.055733e-10 6.865734e-12 1.614437e-10 clkbuf_leaf_8_core_clk
 6.439783e-11 8.601993e-11 1.047893e-11 1.608967e-10 clkbuf_5_11__f_v_clk
 4.891572e-11 1.022593e-10 6.865734e-12 1.580407e-10 clkbuf_leaf_13_core_clk
 4.887321e-11 1.004921e-10 6.865734e-12 1.562310e-10 clkbuf_leaf_9_core_clk
 3.272365e-11 1.134192e-10 6.865722e-12 1.530086e-10 clkbuf_2_3_0_v_clk
 4.880411e-11 9.682433e-11 6.865734e-12 1.524942e-10 clkbuf_leaf_18_core_clk
 5.991238e-11 7.414197e-11 1.047892e-11 1.445333e-10 clkbuf_5_30__f_w_clk
 6.360744e-11 6.795568e-11 1.047893e-11 1.420420e-10 clkbuf_5_10__f_v_clk
 1.903316e-11 1.076971e-10 1.047887e-11 1.372091e-10 hold2
 9.474916e-12 9.019526e-11 7.514054e-12 1.071842e-10 fanout1546
 3.186650e-11 6.785165e-11 6.865722e-12 1.065839e-10 clkbuf_4_0_0_v_clk
 9.438815e-12 7.871982e-11 7.514084e-12 9.567273e-11 fanout1584
 3.157988e-11 5.507124e-11 6.865722e-12 9.351685e-11 clkbuf_4_4_0_v_clk
 3.163430e-11 5.397896e-11 6.865722e-12 9.247898e-11 clkbuf_4_9_0_v_clk
 3.162589e-11 5.354052e-11 6.865722e-12 9.203212e-11 clkbuf_4_11_0_v_clk
 3.148750e-11 5.184349e-11 6.865722e-12 9.019672e-11 clkbuf_4_2_0_v_clk
 3.150218e-11 5.133439e-11 6.865722e-12 8.970229e-11 clkbuf_4_1_0_v_clk
 3.152413e-11 4.911915e-11 6.865722e-12 8.750901e-11 clkbuf_4_10_0_v_clk
 3.084353e-11 4.971707e-11 6.865722e-12 8.742632e-11 clkbuf_leaf_59_w_clk
 3.141537e-11 4.769940e-11 6.865722e-12 8.598049e-11 clkbuf_4_6_0_v_clk
 3.139668e-11 4.759191e-11 6.865722e-12 8.585432e-11 clkbuf_4_3_0_v_clk
 3.160751e-11 4.624089e-11 6.865722e-12 8.471413e-11 clkbuf_4_14_0_v_clk
 3.159127e-11 4.596893e-11 6.865722e-12 8.442592e-11 clkbuf_4_13_0_v_clk
 3.137867e-11 4.605574e-11 6.865722e-12 8.430013e-11 clkbuf_4_7_0_v_clk
 3.135870e-11 4.499705e-11 6.865722e-12 8.322148e-11 clkbuf_4_5_0_v_clk
 3.140326e-11 4.392750e-11 6.865722e-12 8.219649e-11 clkbuf_4_8_0_v_clk
 3.153964e-11 4.351109e-11 6.865722e-12 8.191645e-11 clkbuf_4_15_0_v_clk
 9.327168e-12 6.547978e-11 6.865712e-12 8.167266e-11 fanout2074
 3.152113e-11 4.307109e-11 6.865722e-12 8.145794e-11 clkbuf_4_12_0_v_clk
 3.056667e-11 4.122164e-11 6.865722e-12 7.865403e-11 clkbuf_leaf_19_w_clk
 3.059614e-11 4.052752e-11 6.865722e-12 7.798939e-11 clkbuf_leaf_66_w_clk
 3.056196e-11 3.927279e-11 6.865722e-12 7.670047e-11 clkbuf_leaf_60_w_clk
 3.147056e-11 3.723628e-11 6.865722e-12 7.557256e-11 clkbuf_leaf_202_v_clk
 3.146309e-11 3.534195e-11 6.865722e-12 7.367076e-11 clkbuf_leaf_217_v_clk
 3.158170e-11 3.459835e-11 6.865722e-12 7.304577e-11 clkbuf_leaf_9_v_clk
 3.041948e-11 3.569482e-11 6.865722e-12 7.298002e-11 clkbuf_leaf_25_w_clk
 3.044598e-11 3.565720e-11 6.865722e-12 7.296890e-11 clkbuf_leaf_219_w_clk
 3.045315e-11 3.561865e-11 6.865722e-12 7.293752e-11 clkbuf_leaf_64_w_clk
 3.041382e-11 3.546618e-11 6.865722e-12 7.274573e-11 clkbuf_leaf_22_w_clk
 3.131999e-11 3.445327e-11 6.865722e-12 7.263899e-11 clkbuf_leaf_154_v_clk
 3.143512e-11 3.433535e-11 6.865722e-12 7.263620e-11 clkbuf_leaf_40_v_clk
 3.143009e-11 3.422323e-11 6.865722e-12 7.251904e-11 clkbuf_leaf_38_v_clk
 3.147234e-11 3.406754e-11 6.865722e-12 7.240560e-11 clkbuf_leaf_210_v_clk
 3.039524e-11 3.472734e-11 6.865722e-12 7.198830e-11 clkbuf_leaf_20_w_clk
 3.163877e-11 3.306162e-11 6.865722e-12 7.156611e-11 clkbuf_leaf_22_v_clk
 3.147646e-11 3.321479e-11 6.865722e-12 7.155697e-11 clkbuf_leaf_117_v_clk
 3.162509e-11 3.281839e-11 6.865722e-12 7.130921e-11 clkbuf_leaf_332_v_clk
 3.039684e-11 3.391468e-11 6.865722e-12 7.117725e-11 clkbuf_leaf_221_w_clk
 3.141953e-11 3.270608e-11 6.865722e-12 7.099134e-11 clkbuf_leaf_64_v_clk
 3.152001e-11 3.258930e-11 6.865722e-12 7.097504e-11 clkbuf_leaf_7_v_clk
 3.145900e-11 3.258560e-11 6.865722e-12 7.091033e-11 clkbuf_leaf_111_v_clk
 3.134906e-11 3.259970e-11 6.865722e-12 7.081448e-11 clkbuf_leaf_188_v_clk
 3.139755e-11 3.252754e-11 6.865722e-12 7.079081e-11 clkbuf_leaf_319_v_clk
 3.134975e-11 3.257274e-11 6.865722e-12 7.078821e-11 clkbuf_leaf_189_v_clk
 3.033514e-11 3.348955e-11 6.865722e-12 7.069042e-11 clkbuf_leaf_76_w_clk
 3.142680e-11 3.232225e-11 6.865722e-12 7.061477e-11 clkbuf_leaf_204_v_clk
 3.133241e-11 3.231782e-11 6.865722e-12 7.051595e-11 clkbuf_leaf_301_v_clk
 3.037775e-11 3.325006e-11 6.865722e-12 7.049353e-11 clkbuf_leaf_214_w_clk
 3.138043e-11 3.221884e-11 6.865722e-12 7.046499e-11 clkbuf_leaf_222_v_clk
 3.142233e-11 3.215552e-11 6.865722e-12 7.044357e-11 clkbuf_leaf_208_v_clk
 3.126538e-11 3.228881e-11 6.865722e-12 7.041992e-11 clkbuf_leaf_34_v_clk
 3.160169e-11 3.176596e-11 6.865722e-12 7.023337e-11 clkbuf_leaf_2_v_clk
 3.133418e-11 3.200256e-11 6.865722e-12 7.020246e-11 clkbuf_leaf_314_v_clk
 3.133189e-11 3.195610e-11 6.865722e-12 7.015371e-11 clkbuf_leaf_181_v_clk
 3.172743e-11 3.155099e-11 6.865722e-12 7.014415e-11 clkbuf_leaf_67_v_clk
 3.133068e-11 3.189351e-11 6.865722e-12 7.008991e-11 clkbuf_leaf_190_v_clk
 3.148615e-11 3.126635e-11 6.865722e-12 6.961822e-11 clkbuf_leaf_19_v_clk
 3.170869e-11 3.090014e-11 6.865722e-12 6.947456e-11 clkbuf_leaf_82_v_clk
 3.141968e-11 3.116044e-11 6.865722e-12 6.944584e-11 clkbuf_leaf_114_v_clk
 3.032197e-11 3.200784e-11 6.865722e-12 6.919555e-11 clkbuf_leaf_65_w_clk
 3.130727e-11 3.092221e-11 6.865722e-12 6.909519e-11 clkbuf_leaf_195_v_clk
 3.147694e-11 3.069857e-11 6.865722e-12 6.904122e-11 clkbuf_leaf_240_v_clk
 3.156326e-11 3.059334e-11 6.865722e-12 6.902232e-11 clkbuf_leaf_10_v_clk
 3.133607e-11 3.076193e-11 6.865722e-12 6.896373e-11 clkbuf_leaf_141_v_clk
 3.033949e-11 3.173842e-11 6.865722e-12 6.894364e-11 clkbuf_leaf_6_w_clk
 3.032085e-11 3.172475e-11 6.865722e-12 6.891133e-11 clkbuf_leaf_134_w_clk
 3.035583e-11 3.166691e-11 6.865722e-12 6.888846e-11 clkbuf_leaf_70_w_clk
 3.133706e-11 3.056188e-11 6.865722e-12 6.876466e-11 clkbuf_leaf_248_v_clk
 3.140969e-11 3.043950e-11 6.865722e-12 6.871491e-11 clkbuf_leaf_95_v_clk
 3.028364e-11 3.156033e-11 6.865722e-12 6.870970e-11 clkbuf_leaf_77_w_clk
 9.314728e-12 5.187057e-11 7.514084e-12 6.869939e-11 fanout1586
 6.698337e-12 5.512572e-11 6.865709e-12 6.868976e-11 fanout806
 3.137457e-11 3.040006e-11 6.865722e-12 6.864035e-11 clkbuf_leaf_205_v_clk
 3.126854e-11 3.048099e-11 6.865722e-12 6.861525e-11 clkbuf_leaf_307_v_clk
 3.036526e-11 3.131304e-11 6.865722e-12 6.854402e-11 clkbuf_leaf_248_w_clk
 3.132333e-11 3.030671e-11 6.865722e-12 6.849576e-11 clkbuf_leaf_131_v_clk
 3.021928e-11 3.133152e-11 6.865722e-12 6.841652e-11 clkbuf_leaf_290_w_clk
 3.143564e-11 3.007314e-11 6.865722e-12 6.837451e-11 clkbuf_leaf_160_v_clk
 3.132481e-11 3.009745e-11 6.865722e-12 6.828798e-11 clkbuf_leaf_247_v_clk
 3.121160e-11 3.016071e-11 6.865722e-12 6.823803e-11 clkbuf_leaf_146_v_clk
 3.126144e-11 3.010381e-11 6.865722e-12 6.823098e-11 clkbuf_leaf_116_v_clk
 3.029967e-11 3.096206e-11 6.865722e-12 6.812744e-11 clkbuf_leaf_250_w_clk
 3.131857e-11 2.994067e-11 6.865722e-12 6.812496e-11 clkbuf_leaf_44_v_clk
 3.028862e-11 3.067466e-11 6.865722e-12 6.782901e-11 clkbuf_leaf_9_w_clk
 3.026244e-11 3.064864e-11 6.865722e-12 6.777681e-11 clkbuf_leaf_57_w_clk
 3.028347e-11 3.053372e-11 6.865722e-12 6.768291e-11 clkbuf_leaf_16_w_clk
 3.144176e-11 2.935898e-11 6.865722e-12 6.766646e-11 clkbuf_leaf_172_v_clk
 3.130910e-11 2.947744e-11 6.865722e-12 6.765227e-11 clkbuf_leaf_218_v_clk
 3.152996e-11 2.925106e-11 6.865722e-12 6.764674e-11 clkbuf_leaf_88_v_clk
 3.141473e-11 2.931235e-11 6.865722e-12 6.759280e-11 clkbuf_leaf_171_v_clk
 3.028109e-11 3.042473e-11 6.865722e-12 6.757155e-11 clkbuf_leaf_17_w_clk
 3.126898e-11 2.943340e-11 6.865722e-12 6.756810e-11 clkbuf_leaf_198_v_clk
 3.153013e-11 2.917158e-11 6.865722e-12 6.756743e-11 clkbuf_leaf_0_v_clk
 3.119550e-11 2.947006e-11 6.865722e-12 6.753128e-11 clkbuf_leaf_36_v_clk
 3.130211e-11 2.934435e-11 6.865722e-12 6.751218e-11 clkbuf_leaf_42_v_clk
 3.130430e-11 2.934204e-11 6.865722e-12 6.751206e-11 clkbuf_leaf_220_v_clk
 3.119263e-11 2.942425e-11 6.865722e-12 6.748261e-11 clkbuf_leaf_18_v_clk
 3.025301e-11 3.029890e-11 6.865722e-12 6.741763e-11 clkbuf_leaf_75_w_clk
 3.128714e-11 2.926393e-11 6.865722e-12 6.741679e-11 clkbuf_leaf_285_v_clk
 3.134207e-11 2.920362e-11 6.865722e-12 6.741142e-11 clkbuf_leaf_206_v_clk
 3.132254e-11 2.920830e-11 6.865722e-12 6.739656e-11 clkbuf_leaf_55_v_clk
 3.155162e-11 2.893377e-11 6.865722e-12 6.735111e-11 clkbuf_leaf_158_v_clk
 3.136517e-11 2.896871e-11 6.865722e-12 6.719960e-11 clkbuf_leaf_103_v_clk
 3.142925e-11 2.888866e-11 6.865722e-12 6.718363e-11 clkbuf_leaf_179_v_clk
 3.117822e-11 2.911835e-11 6.865722e-12 6.716230e-11 clkbuf_leaf_139_v_clk
 3.032573e-11 2.995366e-11 6.865722e-12 6.714512e-11 clkbuf_leaf_236_w_clk
 3.126392e-11 2.900331e-11 6.865722e-12 6.713295e-11 clkbuf_leaf_236_v_clk
 3.164310e-11 2.859020e-11 6.865722e-12 6.709902e-11 clkbuf_leaf_66_v_clk
 3.141857e-11 2.877578e-11 6.865722e-12 6.706007e-11 clkbuf_leaf_3_v_clk
 3.131352e-11 2.883814e-11 6.865722e-12 6.701738e-11 clkbuf_leaf_57_v_clk
 3.128696e-11 2.881566e-11 6.865722e-12 6.696834e-11 clkbuf_leaf_133_v_clk
 3.154078e-11 2.854480e-11 6.865722e-12 6.695130e-11 clkbuf_leaf_152_v_clk
 3.122285e-11 2.883792e-11 6.865722e-12 6.692650e-11 clkbuf_leaf_110_v_clk
 3.125045e-11 2.862170e-11 6.865722e-12 6.673788e-11 clkbuf_leaf_193_v_clk
 3.122489e-11 2.863645e-11 6.865722e-12 6.672706e-11 clkbuf_leaf_122_v_clk
 3.124652e-11 2.858411e-11 6.865722e-12 6.669635e-11 clkbuf_leaf_324_v_clk
 3.122148e-11 2.847958e-11 6.865722e-12 6.656679e-11 clkbuf_leaf_121_v_clk
 3.127618e-11 2.835216e-11 6.865722e-12 6.649405e-11 clkbuf_leaf_145_v_clk
 3.128968e-11 2.833055e-11 6.865722e-12 6.648596e-11 clkbuf_leaf_327_v_clk
 3.138356e-11 2.819146e-11 6.865722e-12 6.644075e-11 clkbuf_leaf_175_v_clk
 3.023790e-11 2.933245e-11 6.865722e-12 6.643608e-11 clkbuf_leaf_201_w_clk
 3.140661e-11 2.814438e-11 6.865722e-12 6.641671e-11 clkbuf_leaf_243_v_clk
 1.901743e-11 3.691154e-11 1.047887e-11 6.640785e-11 fanout2075
 3.123784e-11 2.821223e-11 6.865722e-12 6.631580e-11 clkbuf_leaf_325_v_clk
 3.027283e-11 2.916247e-11 6.865722e-12 6.630103e-11 clkbuf_leaf_200_w_clk
 3.149232e-11 2.782768e-11 6.865722e-12 6.618572e-11 clkbuf_leaf_20_v_clk
 3.123527e-11 2.805719e-11 6.865722e-12 6.615819e-11 clkbuf_leaf_194_v_clk
 3.116054e-11 2.810729e-11 6.865722e-12 6.613355e-11 clkbuf_leaf_35_v_clk
 3.137039e-11 2.787441e-11 6.865722e-12 6.611053e-11 clkbuf_leaf_47_v_clk
 3.129287e-11 2.794896e-11 6.865722e-12 6.610756e-11 clkbuf_leaf_52_v_clk
 3.015590e-11 2.908558e-11 6.865722e-12 6.610720e-11 clkbuf_leaf_279_w_clk
 3.130253e-11 2.789804e-11 6.865722e-12 6.606630e-11 clkbuf_leaf_263_v_clk
 3.137282e-11 2.777230e-11 6.865722e-12 6.601085e-11 clkbuf_leaf_164_v_clk
 3.148570e-11 2.759831e-11 6.865722e-12 6.594973e-11 clkbuf_leaf_1_v_clk
 3.126304e-11 2.780922e-11 6.865722e-12 6.593798e-11 clkbuf_leaf_41_v_clk
 3.115333e-11 2.788511e-11 6.865722e-12 6.590416e-11 clkbuf_leaf_24_v_clk
 3.128735e-11 2.774794e-11 6.865722e-12 6.590101e-11 clkbuf_leaf_61_v_clk
 3.133173e-11 2.767173e-11 6.865722e-12 6.586919e-11 clkbuf_leaf_293_v_clk
 3.128602e-11 2.765168e-11 6.865722e-12 6.580342e-11 clkbuf_leaf_63_v_clk
 3.147881e-11 2.745175e-11 6.865722e-12 6.579629e-11 clkbuf_leaf_337_v_clk
 3.120743e-11 2.770610e-11 6.865722e-12 6.577925e-11 clkbuf_leaf_311_v_clk
 3.020836e-11 2.866539e-11 6.865722e-12 6.573948e-11 clkbuf_leaf_78_w_clk
 3.123815e-11 2.762775e-11 6.865722e-12 6.573164e-11 clkbuf_leaf_281_v_clk
 3.125778e-11 2.758195e-11 6.865722e-12 6.570545e-11 clkbuf_leaf_221_v_clk
 3.114633e-11 2.759280e-11 6.865722e-12 6.560485e-11 clkbuf_leaf_25_v_clk
 3.129028e-11 2.743105e-11 6.865722e-12 6.558705e-11 clkbuf_leaf_264_v_clk
 3.122397e-11 2.749045e-11 6.865722e-12 6.558014e-11 clkbuf_leaf_229_v_clk
 3.026467e-11 2.844209e-11 6.865722e-12 6.557248e-11 clkbuf_leaf_68_w_clk
 3.121906e-11 2.748589e-11 6.865722e-12 6.557067e-11 clkbuf_leaf_196_v_clk
 3.126618e-11 2.743616e-11 6.865722e-12 6.556806e-11 clkbuf_leaf_322_v_clk
 3.147167e-11 2.719235e-11 6.865722e-12 6.552974e-11 clkbuf_leaf_335_v_clk
 3.114919e-11 2.751436e-11 6.865722e-12 6.552928e-11 clkbuf_leaf_32_v_clk
 3.137493e-11 2.725443e-11 6.865722e-12 6.549508e-11 clkbuf_leaf_4_v_clk
 3.028070e-11 2.832648e-11 6.865722e-12 6.547290e-11 clkbuf_leaf_160_w_clk
 3.132463e-11 2.727140e-11 6.865722e-12 6.546175e-11 clkbuf_leaf_295_v_clk
 3.131684e-11 2.723989e-11 6.865722e-12 6.542247e-11 clkbuf_leaf_108_v_clk
 3.129063e-11 2.722258e-11 6.865722e-12 6.537893e-11 clkbuf_leaf_203_v_clk
 3.137688e-11 2.702720e-11 6.865722e-12 6.526980e-11 clkbuf_leaf_170_v_clk
 3.134487e-11 2.697792e-11 6.865722e-12 6.518851e-11 clkbuf_leaf_71_v_clk
 3.143560e-11 2.687843e-11 6.865722e-12 6.517976e-11 clkbuf_leaf_93_v_clk
 3.137330e-11 2.693907e-11 6.865722e-12 6.517809e-11 clkbuf_leaf_242_v_clk
 3.118756e-11 2.710806e-11 6.865722e-12 6.516134e-11 clkbuf_leaf_309_v_clk
 3.136529e-11 2.692513e-11 6.865722e-12 6.515614e-11 clkbuf_leaf_15_v_clk
 3.124211e-11 2.701133e-11 6.865722e-12 6.511917e-11 clkbuf_leaf_28_v_clk
 3.113880e-11 2.709545e-11 6.865722e-12 6.509997e-11 clkbuf_leaf_31_v_clk
 3.146177e-11 2.673099e-11 6.865722e-12 6.505849e-11 clkbuf_leaf_21_v_clk
 3.026932e-11 2.791428e-11 6.865722e-12 6.504932e-11 clkbuf_leaf_275_w_clk
 3.130885e-11 2.684477e-11 6.865722e-12 6.501934e-11 clkbuf_leaf_105_v_clk
 3.019936e-11 2.794946e-11 6.865722e-12 6.501454e-11 clkbuf_leaf_203_w_clk
 3.124019e-11 2.690265e-11 6.865722e-12 6.500857e-11 clkbuf_leaf_219_v_clk
 3.120856e-11 2.690635e-11 6.865722e-12 6.498063e-11 clkbuf_leaf_238_v_clk
 3.133824e-11 2.672917e-11 6.865722e-12 6.493314e-11 clkbuf_leaf_49_v_clk
 3.019431e-11 2.784325e-11 6.865722e-12 6.490328e-11 clkbuf_leaf_207_w_clk
 3.118003e-11 2.685305e-11 6.865722e-12 6.489881e-11 clkbuf_leaf_308_v_clk
 5.007435e-12 4.938033e-11 1.047889e-11 6.486665e-11 fanout309
 3.123651e-11 2.674464e-11 6.865722e-12 6.484687e-11 clkbuf_leaf_215_v_clk
 3.119674e-11 2.672460e-11 6.865722e-12 6.478706e-11 clkbuf_leaf_191_v_clk
 3.123619e-11 2.666867e-11 6.865722e-12 6.477059e-11 clkbuf_leaf_223_v_clk
 3.111915e-11 2.671524e-11 6.865722e-12 6.470012e-11 clkbuf_leaf_140_v_clk
 3.120365e-11 2.661563e-11 6.865722e-12 6.468500e-11 clkbuf_leaf_234_v_clk
 5.059344e-12 4.906277e-11 1.047889e-11 6.460101e-11 wire515
 3.112409e-11 2.660295e-11 6.865722e-12 6.459277e-11 clkbuf_leaf_159_v_clk
 3.125328e-11 2.646743e-11 6.865722e-12 6.458643e-11 clkbuf_leaf_53_v_clk
 3.122779e-11 2.647623e-11 6.865722e-12 6.456975e-11 clkbuf_leaf_129_v_clk
 9.087072e-12 4.860563e-11 6.865712e-12 6.455841e-11 fanout998
 3.135756e-11 2.632957e-11 6.865722e-12 6.455285e-11 clkbuf_leaf_255_v_clk
 3.144155e-11 2.623795e-11 6.865722e-12 6.454522e-11 clkbuf_leaf_331_v_clk
 3.112012e-11 2.653059e-11 6.865722e-12 6.451643e-11 clkbuf_leaf_134_v_clk
 3.020726e-11 2.744282e-11 6.865722e-12 6.451580e-11 clkbuf_leaf_133_w_clk
 3.130924e-11 2.633639e-11 6.865722e-12 6.451135e-11 clkbuf_leaf_272_v_clk
 3.124793e-11 2.639175e-11 6.865722e-12 6.450541e-11 clkbuf_leaf_56_v_clk
 3.133157e-11 2.629852e-11 6.865722e-12 6.449580e-11 clkbuf_leaf_174_v_clk
 3.133060e-11 2.624290e-11 6.865722e-12 6.443923e-11 clkbuf_leaf_161_v_clk
 3.130556e-11 2.625429e-11 6.865722e-12 6.442557e-11 clkbuf_leaf_253_v_clk
 3.130867e-11 2.622346e-11 6.865722e-12 6.439786e-11 clkbuf_leaf_286_v_clk
 3.020597e-11 2.732057e-11 6.865722e-12 6.439226e-11 clkbuf_leaf_121_w_clk
 3.018312e-11 2.734246e-11 6.865722e-12 6.439130e-11 clkbuf_leaf_204_w_clk
 3.020651e-11 2.731069e-11 6.865722e-12 6.438292e-11 clkbuf_leaf_132_w_clk
 3.117863e-11 2.632273e-11 6.865722e-12 6.436707e-11 clkbuf_leaf_302_v_clk
 3.111594e-11 2.633126e-11 6.865722e-12 6.431292e-11 clkbuf_leaf_54_v_clk
 3.129243e-11 2.614188e-11 6.865722e-12 6.430003e-11 clkbuf_leaf_106_v_clk
 3.118622e-11 2.624072e-11 6.865722e-12 6.429266e-11 clkbuf_leaf_197_v_clk
 3.024846e-11 2.716929e-11 6.865722e-12 6.428347e-11 clkbuf_leaf_170_w_clk
 3.148169e-11 2.593406e-11 6.865722e-12 6.428147e-11 clkbuf_leaf_77_v_clk
 3.019414e-11 2.718573e-11 6.865722e-12 6.424559e-11 clkbuf_leaf_7_w_clk
 3.140730e-11 2.586879e-11 6.865722e-12 6.414181e-11 clkbuf_leaf_96_v_clk
 3.021293e-11 2.705643e-11 6.865722e-12 6.413508e-11 clkbuf_leaf_215_w_clk
 3.146323e-11 2.579519e-11 6.865722e-12 6.412414e-11 clkbuf_leaf_151_v_clk
 3.115493e-11 2.607977e-11 6.865722e-12 6.410042e-11 clkbuf_leaf_109_v_clk
 3.110880e-11 2.608436e-11 6.865722e-12 6.405888e-11 clkbuf_leaf_149_v_clk
 3.140269e-11 2.568611e-11 6.865722e-12 6.395453e-11 clkbuf_leaf_98_v_clk
 3.143001e-11 2.561166e-11 6.865722e-12 6.390739e-11 clkbuf_leaf_342_v_clk
 3.020826e-11 2.683104e-11 6.865722e-12 6.390502e-11 clkbuf_leaf_294_w_clk
 3.124523e-11 2.576852e-11 6.865722e-12 6.387947e-11 clkbuf_leaf_262_v_clk
 3.115309e-11 2.585182e-11 6.865722e-12 6.387062e-11 clkbuf_leaf_119_v_clk
 3.117837e-11 2.582182e-11 6.865722e-12 6.386591e-11 clkbuf_leaf_192_v_clk
 3.018587e-11 2.679112e-11 6.865722e-12 6.384272e-11 clkbuf_leaf_27_w_clk
 3.131398e-11 2.563829e-11 6.865722e-12 6.381799e-11 clkbuf_leaf_163_v_clk
 3.018729e-11 2.670579e-11 6.865722e-12 6.375880e-11 clkbuf_leaf_254_w_clk
 3.119469e-11 2.569069e-11 6.865722e-12 6.375111e-11 clkbuf_leaf_274_v_clk
 3.121671e-11 2.564600e-11 6.865722e-12 6.372843e-11 clkbuf_leaf_320_v_clk
 3.130584e-11 2.554264e-11 6.865722e-12 6.371420e-11 clkbuf_leaf_46_v_clk
 3.133603e-11 2.550292e-11 6.865722e-12 6.370467e-11 clkbuf_leaf_176_v_clk
 3.130546e-11 2.552542e-11 6.865722e-12 6.369660e-11 clkbuf_leaf_50_v_clk
 3.128508e-11 2.554343e-11 6.865722e-12 6.369422e-11 clkbuf_leaf_284_v_clk
 3.139479e-11 2.543077e-11 6.865722e-12 6.369128e-11 clkbuf_leaf_94_v_clk
 3.142172e-11 2.534725e-11 6.865722e-12 6.363469e-11 clkbuf_leaf_92_v_clk
 3.016277e-11 2.655224e-11 6.865722e-12 6.358073e-11 clkbuf_leaf_212_w_clk
 3.023323e-11 2.646726e-11 6.865722e-12 6.356621e-11 clkbuf_leaf_243_w_clk
 3.141478e-11 2.527844e-11 6.865722e-12 6.355894e-11 clkbuf_leaf_11_v_clk
 3.145869e-11 2.517082e-11 6.865722e-12 6.349523e-11 clkbuf_leaf_80_v_clk
 3.018298e-11 2.643269e-11 6.865722e-12 6.348139e-11 clkbuf_leaf_149_w_clk
 3.117107e-11 2.543606e-11 6.865722e-12 6.347285e-11 clkbuf_leaf_230_v_clk
 3.123351e-11 2.535731e-11 6.865722e-12 6.345654e-11 clkbuf_leaf_278_v_clk
 3.123249e-11 2.532366e-11 6.865722e-12 6.342188e-11 clkbuf_leaf_270_v_clk
 3.022719e-11 2.632788e-11 6.865722e-12 6.342079e-11 clkbuf_leaf_168_w_clk
 3.109684e-11 2.544291e-11 6.865722e-12 6.340547e-11 clkbuf_leaf_29_v_clk
 3.022812e-11 2.630999e-11 6.865722e-12 6.340383e-11 clkbuf_leaf_240_w_clk
 3.132573e-11 2.520174e-11 6.865722e-12 6.339319e-11 clkbuf_leaf_254_v_clk
 3.126456e-11 2.524610e-11 6.865722e-12 6.337638e-11 clkbuf_leaf_104_v_clk
 3.132551e-11 2.512643e-11 6.865722e-12 6.331766e-11 clkbuf_leaf_173_v_clk
 3.019432e-11 2.622084e-11 6.865722e-12 6.328088e-11 clkbuf_leaf_218_w_clk
 3.116657e-11 2.523399e-11 6.865722e-12 6.326629e-11 clkbuf_leaf_231_v_clk
 3.140679e-11 2.497340e-11 6.865722e-12 6.324592e-11 clkbuf_leaf_329_v_clk
 3.022140e-11 2.614900e-11 6.865722e-12 6.323612e-11 clkbuf_leaf_169_w_clk
 3.120102e-11 2.513397e-11 6.865722e-12 6.320072e-11 clkbuf_leaf_316_v_clk
 3.029105e-11 2.603523e-11 6.865722e-12 6.319200e-11 clkbuf_leaf_151_w_clk
 3.143547e-11 2.480774e-11 6.865722e-12 6.310893e-11 clkbuf_leaf_155_v_clk
 3.120024e-11 2.503842e-11 6.865722e-12 6.310438e-11 clkbuf_leaf_303_v_clk
 3.127599e-11 2.496238e-11 6.865722e-12 6.310408e-11 clkbuf_leaf_298_v_clk
 3.108127e-11 2.514680e-11 6.865722e-12 6.309379e-11 clkbuf_leaf_136_v_clk
 3.117624e-11 2.504581e-11 6.865722e-12 6.308776e-11 clkbuf_leaf_294_v_clk
 3.121072e-11 2.492751e-11 6.865722e-12 6.300396e-11 clkbuf_leaf_60_v_clk
 3.119578e-11 2.492364e-11 6.865722e-12 6.298514e-11 clkbuf_leaf_318_v_clk
 3.014503e-11 2.596866e-11 6.865722e-12 6.297941e-11 clkbuf_leaf_209_w_clk
 3.128993e-11 2.476409e-11 6.865722e-12 6.291974e-11 clkbuf_leaf_166_v_clk
 3.118347e-11 2.479968e-11 6.865722e-12 6.284887e-11 clkbuf_leaf_17_v_clk
 3.115689e-11 2.482145e-11 6.865722e-12 6.284406e-11 clkbuf_leaf_233_v_clk
 3.007779e-11 2.584864e-11 6.865722e-12 6.279215e-11 clkbuf_leaf_278_w_clk
 3.019270e-11 2.568195e-11 6.865722e-12 6.274038e-11 clkbuf_leaf_69_w_clk
 3.125950e-11 2.458593e-11 6.865722e-12 6.271115e-11 clkbuf_leaf_249_v_clk
 3.115166e-11 2.467950e-11 6.865722e-12 6.269688e-11 clkbuf_leaf_237_v_clk
 3.121990e-11 2.460521e-11 6.865722e-12 6.269084e-11 clkbuf_leaf_207_v_clk
 3.015607e-11 2.562662e-11 6.865722e-12 6.264841e-11 clkbuf_leaf_10_w_clk
 3.138025e-11 2.439676e-11 6.865722e-12 6.264273e-11 clkbuf_leaf_321_v_clk
 3.121400e-11 2.454666e-11 6.865722e-12 6.262638e-11 clkbuf_leaf_212_v_clk
 3.128509e-11 2.441551e-11 6.865722e-12 6.256631e-11 clkbuf_leaf_13_v_clk
 3.137492e-11 2.431581e-11 6.865722e-12 6.255645e-11 clkbuf_leaf_91_v_clk
 3.120716e-11 2.446669e-11 6.865722e-12 6.253958e-11 clkbuf_leaf_211_v_clk
 3.120472e-11 2.441993e-11 6.865722e-12 6.249037e-11 clkbuf_leaf_209_v_clk
 3.136650e-11 2.425332e-11 6.865722e-12 6.248554e-11 clkbuf_leaf_333_v_clk
 3.106121e-11 2.453544e-11 6.865722e-12 6.246237e-11 clkbuf_leaf_138_v_clk
 3.113247e-11 2.446398e-11 6.865722e-12 6.246217e-11 clkbuf_leaf_200_v_clk
 3.015454e-11 2.542949e-11 6.865722e-12 6.244975e-11 clkbuf_leaf_56_w_clk
 3.016880e-11 2.540115e-11 6.865722e-12 6.243567e-11 clkbuf_leaf_216_w_clk
 3.113023e-11 2.436053e-11 6.865722e-12 6.235648e-11 clkbuf_leaf_225_v_clk
 3.015279e-11 2.530874e-11 6.865722e-12 6.232725e-11 clkbuf_leaf_53_w_clk
 3.105841e-11 2.440187e-11 6.865722e-12 6.232601e-11 clkbuf_leaf_153_v_clk
 3.014378e-11 2.528822e-11 6.865722e-12 6.229772e-11 clkbuf_leaf_15_w_clk
 3.122459e-11 2.420732e-11 6.865722e-12 6.229763e-11 clkbuf_leaf_282_v_clk
 3.126643e-11 2.410069e-11 6.865722e-12 6.223284e-11 clkbuf_leaf_180_v_clk
 3.112823e-11 2.423543e-11 6.865722e-12 6.222939e-11 clkbuf_leaf_287_v_clk
 3.138566e-11 2.397451e-11 6.865722e-12 6.222589e-11 clkbuf_leaf_75_v_clk
 3.111916e-11 2.423120e-11 6.865722e-12 6.221608e-11 clkbuf_leaf_227_v_clk
 3.104915e-11 2.429330e-11 6.865722e-12 6.220818e-11 clkbuf_leaf_27_v_clk
 3.108938e-11 2.422160e-11 6.865722e-12 6.217670e-11 clkbuf_leaf_123_v_clk
 3.133759e-11 2.396966e-11 6.865722e-12 6.217296e-11 clkbuf_leaf_328_v_clk
 3.133649e-11 2.395397e-11 6.865722e-12 6.215618e-11 clkbuf_leaf_330_v_clk
 3.012342e-11 2.510410e-11 6.865722e-12 6.209325e-11 clkbuf_leaf_211_w_clk
 3.014376e-11 2.508290e-11 6.865722e-12 6.209238e-11 clkbuf_leaf_197_w_clk
 3.120799e-11 2.400476e-11 6.865722e-12 6.207848e-11 clkbuf_leaf_258_v_clk
 3.113822e-11 2.401619e-11 6.865722e-12 6.202013e-11 clkbuf_leaf_317_v_clk
 3.132053e-11 2.376797e-11 6.865722e-12 6.195423e-11 clkbuf_leaf_8_v_clk
 3.112361e-11 2.392925e-11 6.865722e-12 6.191859e-11 clkbuf_leaf_216_v_clk
 3.018774e-11 2.484494e-11 6.865722e-12 6.189840e-11 clkbuf_leaf_235_w_clk
 3.019051e-11 2.480764e-11 6.865722e-12 6.186387e-11 clkbuf_leaf_189_w_clk
 3.003953e-11 2.491521e-11 6.865722e-12 6.182046e-11 clkbuf_leaf_288_w_clk
 3.018681e-11 2.473631e-11 6.865722e-12 6.178884e-11 clkbuf_leaf_166_w_clk
 3.118319e-11 2.370540e-11 6.865722e-12 6.175431e-11 clkbuf_leaf_250_v_clk
 3.133825e-11 2.354364e-11 6.865722e-12 6.174761e-11 clkbuf_leaf_187_v_clk
 3.112946e-11 2.371210e-11 6.865722e-12 6.170728e-11 clkbuf_leaf_62_v_clk
 3.100825e-11 2.383233e-11 6.865722e-12 6.170630e-11 clkbuf_leaf_142_v_clk
 3.121652e-11 2.361327e-11 6.865722e-12 6.169551e-11 clkbuf_leaf_14_v_clk
 3.112331e-11 2.367305e-11 6.865722e-12 6.166209e-11 clkbuf_leaf_59_v_clk
 3.133170e-11 2.346389e-11 6.865722e-12 6.166131e-11 clkbuf_leaf_168_v_clk
 3.104743e-11 2.373643e-11 6.865722e-12 6.164958e-11 clkbuf_leaf_305_v_clk
 3.104580e-11 2.372087e-11 6.865722e-12 6.163239e-11 clkbuf_leaf_306_v_clk
 3.121215e-11 2.351894e-11 6.865722e-12 6.159681e-11 clkbuf_leaf_256_v_clk
 3.017854e-11 2.454048e-11 6.865722e-12 6.158474e-11 clkbuf_leaf_237_w_clk
 3.024748e-11 2.446061e-11 6.865722e-12 6.157381e-11 clkbuf_leaf_131_w_clk
 3.012802e-11 2.457652e-11 6.865722e-12 6.157026e-11 clkbuf_leaf_21_w_clk
 3.104505e-11 2.361595e-11 6.865722e-12 6.152671e-11 clkbuf_leaf_125_v_clk
 3.120611e-11 2.341159e-11 6.865722e-12 6.148342e-11 clkbuf_leaf_183_v_clk
 3.103272e-11 2.356813e-11 6.865722e-12 6.146657e-11 clkbuf_leaf_304_v_clk
 3.132112e-11 2.327115e-11 6.865722e-12 6.145799e-11 clkbuf_leaf_74_v_clk
 3.003410e-11 2.453503e-11 6.865722e-12 6.143486e-11 clkbuf_leaf_284_w_clk
 3.119097e-11 2.337332e-11 6.865722e-12 6.143002e-11 clkbuf_leaf_341_v_clk
 3.014572e-11 2.441703e-11 6.865722e-12 6.142847e-11 clkbuf_leaf_198_w_clk
 3.111389e-11 2.343437e-11 6.865722e-12 6.141398e-11 clkbuf_leaf_260_v_clk
 3.107736e-11 2.346201e-11 6.865722e-12 6.140509e-11 clkbuf_leaf_137_v_clk
 3.139152e-11 2.313864e-11 6.865722e-12 6.139588e-11 clkbuf_leaf_68_v_clk
 3.017611e-11 2.428977e-11 6.865722e-12 6.133160e-11 clkbuf_leaf_182_w_clk
 3.011696e-11 2.433219e-11 6.865722e-12 6.131487e-11 clkbuf_leaf_51_w_clk
 3.119254e-11 2.325177e-11 6.865722e-12 6.131003e-11 clkbuf_leaf_178_v_clk
 3.126874e-11 2.316203e-11 6.865722e-12 6.129649e-11 clkbuf_leaf_334_v_clk
 3.016877e-11 2.415198e-11 6.865722e-12 6.118647e-11 clkbuf_leaf_280_w_clk
 3.009561e-11 2.422126e-11 6.865722e-12 6.118259e-11 clkbuf_leaf_74_w_clk
 3.106522e-11 2.325132e-11 6.865722e-12 6.118226e-11 clkbuf_leaf_226_v_clk
 3.016697e-11 2.412509e-11 6.865722e-12 6.115779e-11 clkbuf_leaf_223_w_clk
 3.125220e-11 2.297210e-11 6.865722e-12 6.109002e-11 clkbuf_leaf_78_v_clk
 3.007587e-11 2.410335e-11 6.865722e-12 6.104495e-11 clkbuf_leaf_107_w_clk
 3.104895e-11 2.310925e-11 6.865722e-12 6.102392e-11 clkbuf_leaf_132_v_clk
 9.292182e-12 4.479345e-11 6.865712e-12 6.095135e-11 fanout2073
 3.011712e-11 2.393207e-11 6.865722e-12 6.091492e-11 clkbuf_leaf_113_w_clk
 3.111596e-11 2.292818e-11 6.865722e-12 6.090986e-11 clkbuf_leaf_245_v_clk
 3.104192e-11 2.299252e-11 6.865722e-12 6.090017e-11 clkbuf_leaf_16_v_clk
 3.106572e-11 2.296828e-11 6.865722e-12 6.089972e-11 clkbuf_leaf_65_v_clk
 3.115456e-11 2.284887e-11 6.865722e-12 6.086915e-11 clkbuf_leaf_246_v_clk
 3.093092e-11 2.290727e-11 6.865722e-12 6.070391e-11 clkbuf_leaf_144_v_clk
 3.021331e-11 2.356632e-11 6.865722e-12 6.064535e-11 clkbuf_leaf_150_w_clk
 3.006003e-11 2.369368e-11 6.865722e-12 6.061943e-11 clkbuf_leaf_117_w_clk
 3.098556e-11 2.275177e-11 6.865722e-12 6.060304e-11 clkbuf_leaf_313_v_clk
 3.104994e-11 2.268056e-11 6.865722e-12 6.059622e-11 clkbuf_leaf_266_v_clk
 3.107263e-11 2.262358e-11 6.865722e-12 6.056194e-11 clkbuf_leaf_115_v_clk
 3.005662e-11 2.363164e-11 6.865722e-12 6.055399e-11 clkbuf_leaf_47_w_clk
 3.008461e-11 2.351312e-11 6.865722e-12 6.046345e-11 clkbuf_leaf_11_w_clk
 3.100694e-11 2.258073e-11 6.865722e-12 6.045339e-11 clkbuf_leaf_130_v_clk
 3.119343e-11 2.230792e-11 6.865722e-12 6.036707e-11 clkbuf_leaf_89_v_clk
 3.012477e-11 2.336862e-11 6.865722e-12 6.035912e-11 clkbuf_leaf_165_w_clk
 3.095228e-11 2.251616e-11 6.865722e-12 6.033417e-11 clkbuf_leaf_120_v_clk
 3.099588e-11 2.241039e-11 6.865722e-12 6.027199e-11 clkbuf_leaf_128_v_clk
 3.098086e-11 2.241072e-11 6.865722e-12 6.025729e-11 clkbuf_leaf_276_v_clk
 3.106233e-11 2.230534e-11 6.865722e-12 6.023339e-11 clkbuf_leaf_244_v_clk
 2.998824e-11 2.334104e-11 6.865722e-12 6.019500e-11 clkbuf_leaf_270_w_clk
 3.011132e-11 2.320590e-11 6.865722e-12 6.018294e-11 clkbuf_leaf_242_w_clk
 3.107284e-11 2.222616e-11 6.865722e-12 6.016472e-11 clkbuf_leaf_70_v_clk
 3.011074e-11 2.318481e-11 6.865722e-12 6.016126e-11 clkbuf_leaf_234_w_clk
 3.002406e-11 2.326244e-11 6.865722e-12 6.015222e-11 clkbuf_leaf_110_w_clk
 3.109693e-11 2.216211e-11 6.865722e-12 6.012477e-11 clkbuf_leaf_177_v_clk
 2.997764e-11 2.325420e-11 6.865722e-12 6.009756e-11 clkbuf_leaf_31_w_clk
 3.088308e-11 2.229183e-11 6.865722e-12 6.004063e-11 clkbuf_leaf_147_v_clk
 2.997224e-11 2.319253e-11 6.865722e-12 6.003049e-11 clkbuf_leaf_32_w_clk
 3.096198e-11 2.220207e-11 6.865722e-12 6.002977e-11 clkbuf_leaf_277_v_clk
 3.009888e-11 2.302275e-11 6.865722e-12 5.998736e-11 clkbuf_leaf_244_w_clk
 3.096060e-11 2.215349e-11 6.865722e-12 5.997981e-11 clkbuf_leaf_273_v_clk
 3.094257e-11 2.211669e-11 6.865722e-12 5.992498e-11 clkbuf_leaf_232_v_clk
 3.003684e-11 2.293823e-11 6.865722e-12 5.984079e-11 clkbuf_leaf_179_w_clk
 3.117861e-11 2.179162e-11 6.865722e-12 5.983595e-11 clkbuf_leaf_182_v_clk
 3.106562e-11 2.183789e-11 6.865722e-12 5.976924e-11 clkbuf_leaf_252_v_clk
 3.116676e-11 2.172185e-11 6.865722e-12 5.975433e-11 clkbuf_leaf_150_v_clk
 3.003059e-11 2.285139e-11 6.865722e-12 5.974770e-11 clkbuf_leaf_174_w_clk
 3.013983e-11 2.273572e-11 6.865722e-12 5.974128e-11 clkbuf_leaf_147_w_clk
 3.117421e-11 2.166637e-11 6.865722e-12 5.970630e-11 clkbuf_leaf_79_v_clk
 3.002350e-11 2.279272e-11 6.865722e-12 5.968195e-11 clkbuf_leaf_130_w_clk
 3.002247e-11 2.276172e-11 6.865722e-12 5.964992e-11 clkbuf_leaf_256_w_clk
 3.110740e-11 2.164675e-11 6.865722e-12 5.961986e-11 clkbuf_leaf_100_v_clk
 3.003863e-11 2.269697e-11 6.865722e-12 5.960132e-11 clkbuf_leaf_217_w_clk
 3.096116e-11 2.176690e-11 6.865722e-12 5.959379e-11 clkbuf_leaf_58_v_clk
 3.101632e-11 2.170486e-11 6.865722e-12 5.958690e-11 clkbuf_leaf_269_v_clk
 3.102260e-11 2.163762e-11 6.865722e-12 5.952595e-11 clkbuf_leaf_51_v_clk
 3.003061e-11 2.262190e-11 6.865722e-12 5.951823e-11 clkbuf_leaf_5_w_clk
 3.098930e-11 2.164541e-11 6.865722e-12 5.950043e-11 clkbuf_leaf_290_v_clk
 3.000843e-11 2.257137e-11 6.865722e-12 5.944552e-11 clkbuf_leaf_177_w_clk
 3.005356e-11 2.252102e-11 6.865722e-12 5.944031e-11 clkbuf_leaf_228_w_clk
 3.122212e-11 2.133235e-11 6.865722e-12 5.942018e-11 clkbuf_leaf_83_v_clk
 3.004621e-11 2.245962e-11 6.865722e-12 5.937154e-11 clkbuf_leaf_162_w_clk
 2.999942e-11 2.246867e-11 6.865722e-12 5.933381e-11 clkbuf_leaf_181_w_clk
 3.110812e-11 2.135924e-11 6.865722e-12 5.933307e-11 clkbuf_leaf_90_v_clk
 3.091745e-11 2.154220e-11 6.865722e-12 5.932537e-11 clkbuf_leaf_143_v_clk
 2.999489e-11 2.245748e-11 6.865722e-12 5.931809e-11 clkbuf_leaf_28_w_clk
 2.996061e-11 2.248268e-11 6.865722e-12 5.930901e-11 clkbuf_leaf_109_w_clk
 2.998775e-11 2.236276e-11 6.865722e-12 5.921623e-11 clkbuf_leaf_257_w_clk
 3.112578e-11 2.121157e-11 6.865722e-12 5.920307e-11 clkbuf_leaf_184_v_clk
 3.088453e-11 2.142169e-11 6.865722e-12 5.917195e-11 clkbuf_leaf_235_v_clk
 2.996420e-11 2.233339e-11 6.865722e-12 5.916331e-11 clkbuf_leaf_80_w_clk
 2.996566e-11 2.230319e-11 6.865722e-12 5.913457e-11 clkbuf_leaf_210_w_clk
 3.086146e-11 2.140173e-11 6.865722e-12 5.912891e-11 clkbuf_leaf_124_v_clk
 3.109012e-11 2.116927e-11 6.865722e-12 5.912511e-11 clkbuf_leaf_87_v_clk
 3.088919e-11 2.136717e-11 6.865722e-12 5.912208e-11 clkbuf_leaf_280_v_clk
 3.099276e-11 2.123781e-11 6.865722e-12 5.909629e-11 clkbuf_leaf_162_v_clk
 3.085845e-11 2.137131e-11 6.865722e-12 5.909549e-11 clkbuf_leaf_315_v_clk
 3.108606e-11 2.114194e-11 6.865722e-12 5.909372e-11 clkbuf_leaf_338_v_clk
 3.008713e-11 2.214025e-11 6.865722e-12 5.909311e-11 clkbuf_leaf_146_w_clk
 3.095939e-11 2.116893e-11 6.865722e-12 5.899405e-11 clkbuf_leaf_297_v_clk
 3.092374e-11 2.119031e-11 6.865722e-12 5.897977e-11 clkbuf_leaf_275_v_clk
 3.092172e-11 2.117473e-11 6.865722e-12 5.896218e-11 clkbuf_leaf_259_v_clk
 3.087692e-11 2.120716e-11 6.865722e-12 5.894980e-11 clkbuf_leaf_279_v_clk
 3.080087e-11 2.126040e-11 6.865722e-12 5.892699e-11 clkbuf_leaf_127_v_clk
 2.993029e-11 2.212299e-11 6.865722e-12 5.891899e-11 clkbuf_leaf_23_w_clk
 2.994430e-11 2.210897e-11 6.865722e-12 5.891899e-11 clkbuf_leaf_71_w_clk
 3.001603e-11 2.197176e-11 6.865722e-12 5.885351e-11 clkbuf_leaf_139_w_clk
 3.079566e-11 2.117979e-11 6.865722e-12 5.884118e-11 clkbuf_leaf_30_v_clk
 3.098732e-11 2.094105e-11 6.865722e-12 5.879409e-11 clkbuf_leaf_241_v_clk
 3.103522e-11 2.084235e-11 6.865722e-12 5.874329e-11 clkbuf_leaf_101_v_clk
 2.999376e-11 2.185147e-11 6.865722e-12 5.871096e-11 clkbuf_leaf_282_w_clk
 2.994742e-11 2.186624e-11 6.865722e-12 5.867938e-11 clkbuf_leaf_258_w_clk
 2.991038e-11 2.190268e-11 6.865722e-12 5.867878e-11 clkbuf_leaf_118_w_clk
 3.086565e-11 2.092285e-11 6.865722e-12 5.865422e-11 clkbuf_leaf_135_v_clk
 3.077765e-11 2.100015e-11 6.865722e-12 5.864352e-11 clkbuf_leaf_23_v_clk
 3.087252e-11 2.088743e-11 6.865722e-12 5.862567e-11 clkbuf_leaf_310_v_clk
 2.985937e-11 2.189735e-11 6.865722e-12 5.862244e-11 clkbuf_leaf_286_w_clk
 3.091537e-11 2.079646e-11 6.865722e-12 5.857755e-11 clkbuf_leaf_292_v_clk
 2.992025e-11 2.176761e-11 6.865722e-12 5.855358e-11 clkbuf_leaf_208_w_clk
 9.333750e-12 4.170134e-11 7.514084e-12 5.854917e-11 fanout1580
 3.083434e-11 2.082035e-11 6.865722e-12 5.852042e-11 clkbuf_leaf_224_v_clk
 2.997488e-11 2.161624e-11 6.865722e-12 5.845684e-11 clkbuf_leaf_239_w_clk
 3.106932e-11 2.051677e-11 6.865722e-12 5.845181e-11 clkbuf_leaf_73_v_clk
 3.101077e-11 2.056837e-11 6.865722e-12 5.844486e-11 clkbuf_leaf_102_v_clk
 2.989317e-11 2.166135e-11 6.865722e-12 5.842024e-11 clkbuf_leaf_39_w_clk
 3.082259e-11 2.069584e-11 6.865722e-12 5.838415e-11 clkbuf_leaf_228_v_clk
 3.091610e-11 2.058443e-11 6.865722e-12 5.836626e-11 clkbuf_leaf_288_v_clk
 3.078980e-11 2.069358e-11 6.865722e-12 5.834910e-11 clkbuf_leaf_112_v_clk
 3.087744e-11 2.059888e-11 6.865722e-12 5.834205e-11 clkbuf_leaf_201_v_clk
 3.002355e-11 2.144481e-11 6.865722e-12 5.833408e-11 clkbuf_leaf_92_w_clk
 3.085044e-11 2.059854e-11 6.865722e-12 5.831470e-11 clkbuf_leaf_312_v_clk
 2.991741e-11 2.148704e-11 6.865722e-12 5.827017e-11 clkbuf_leaf_58_w_clk
 2.983674e-11 2.153894e-11 6.865722e-12 5.824140e-11 clkbuf_leaf_263_w_clk
 2.984059e-11 2.150650e-11 6.865722e-12 5.821282e-11 clkbuf_leaf_291_w_clk
 8.959620e-12 4.233683e-11 6.865712e-12 5.816216e-11 fanout1009
 2.990554e-11 2.138804e-11 6.865722e-12 5.815930e-11 clkbuf_leaf_266_w_clk
 2.981990e-11 2.144054e-11 6.865722e-12 5.812616e-11 clkbuf_leaf_289_w_clk
 2.995972e-11 2.129996e-11 6.865722e-12 5.812540e-11 clkbuf_leaf_143_w_clk
 5.199013e-12 3.875527e-11 1.416733e-11 5.812162e-11 fanout912
 3.097962e-11 2.021053e-11 6.865722e-12 5.805587e-11 clkbuf_leaf_97_v_clk
 2.989313e-11 2.129058e-11 6.865722e-12 5.804943e-11 clkbuf_leaf_122_w_clk
 3.087043e-11 2.027130e-11 6.865722e-12 5.800745e-11 clkbuf_leaf_291_v_clk
 2.993903e-11 2.119418e-11 6.865722e-12 5.799893e-11 clkbuf_leaf_167_w_clk
 2.993940e-11 2.118422e-11 6.865722e-12 5.798934e-11 clkbuf_leaf_245_w_clk
 2.981556e-11 2.126387e-11 6.865722e-12 5.794515e-11 clkbuf_leaf_274_w_clk
 2.993216e-11 2.111751e-11 6.865722e-12 5.791539e-11 clkbuf_leaf_226_w_clk
 2.994057e-11 2.108064e-11 6.865722e-12 5.788693e-11 clkbuf_leaf_145_w_clk
 2.987846e-11 2.108986e-11 6.865722e-12 5.783404e-11 clkbuf_leaf_30_w_clk
 3.096113e-11 2.000579e-11 6.865722e-12 5.783264e-11 clkbuf_leaf_99_v_clk
 2.986755e-11 2.109109e-11 6.865722e-12 5.782436e-11 clkbuf_leaf_206_w_clk
 2.990415e-11 2.103818e-11 6.865722e-12 5.780805e-11 clkbuf_leaf_124_w_clk
 3.090793e-11 2.001312e-11 6.865722e-12 5.778678e-11 clkbuf_leaf_213_v_clk
 3.078857e-11 2.011821e-11 6.865722e-12 5.777250e-11 clkbuf_leaf_296_v_clk
 3.082729e-11 2.006436e-11 6.865722e-12 5.775737e-11 clkbuf_leaf_265_v_clk
 3.082359e-11 2.003127e-11 6.865722e-12 5.772058e-11 clkbuf_leaf_268_v_clk
 3.087453e-11 1.993912e-11 6.865722e-12 5.767938e-11 clkbuf_leaf_72_v_clk
 3.070407e-11 2.009304e-11 6.865722e-12 5.766284e-11 clkbuf_leaf_37_v_clk
 2.986874e-11 2.092416e-11 6.865722e-12 5.765863e-11 clkbuf_leaf_253_w_clk
 2.988464e-11 2.090793e-11 6.865722e-12 5.765829e-11 clkbuf_leaf_8_w_clk
 2.981448e-11 2.096742e-11 6.865722e-12 5.764762e-11 clkbuf_leaf_232_w_clk
 2.986766e-11 2.090306e-11 6.865722e-12 5.763644e-11 clkbuf_leaf_173_w_clk
 2.990090e-11 2.075878e-11 6.865722e-12 5.752540e-11 clkbuf_leaf_276_w_clk
 2.978226e-11 2.084275e-11 6.865722e-12 5.749073e-11 clkbuf_leaf_273_w_clk
 5.080155e-12 3.822717e-11 1.416729e-11 5.747462e-11 fanout355
 2.979821e-11 2.079299e-11 6.865722e-12 5.745691e-11 clkbuf_leaf_247_w_clk
 2.990495e-11 2.068013e-11 6.865722e-12 5.745081e-11 clkbuf_leaf_141_w_clk
 2.989179e-11 2.063190e-11 6.865722e-12 5.738941e-11 clkbuf_leaf_255_w_clk
 3.068364e-11 1.983257e-11 6.865722e-12 5.738193e-11 clkbuf_leaf_33_v_clk
 2.988236e-11 2.054361e-11 6.865722e-12 5.729169e-11 clkbuf_leaf_157_w_clk
 3.070946e-11 1.968059e-11 6.865722e-12 5.725578e-11 clkbuf_leaf_118_v_clk
 2.983088e-11 2.051136e-11 6.865722e-12 5.720797e-11 clkbuf_leaf_33_w_clk
 2.975909e-11 2.057186e-11 6.865722e-12 5.719667e-11 clkbuf_leaf_277_w_clk
 2.993066e-11 2.038713e-11 6.865722e-12 5.718351e-11 clkbuf_leaf_91_w_clk
 3.069983e-11 1.960903e-11 6.865722e-12 5.717458e-11 clkbuf_leaf_113_v_clk
 3.090512e-11 1.938971e-11 6.865722e-12 5.716055e-11 clkbuf_leaf_85_v_clk
 3.095470e-11 1.933669e-11 6.865722e-12 5.715711e-11 clkbuf_leaf_186_v_clk
 3.095420e-11 1.932973e-11 6.865722e-12 5.714966e-11 clkbuf_leaf_185_v_clk
 3.084740e-11 1.942700e-11 6.865722e-12 5.714013e-11 clkbuf_leaf_6_v_clk
 2.975548e-11 2.051462e-11 6.865722e-12 5.713583e-11 clkbuf_leaf_271_w_clk
 2.982194e-11 2.040498e-11 6.865722e-12 5.709264e-11 clkbuf_leaf_38_w_clk
 2.983272e-11 2.029722e-11 6.865722e-12 5.699566e-11 clkbuf_leaf_4_w_clk
 3.064934e-11 1.944160e-11 6.865722e-12 5.695666e-11 clkbuf_leaf_148_v_clk
 3.078086e-11 1.922527e-11 6.865722e-12 5.687186e-11 clkbuf_leaf_289_v_clk
 2.972798e-11 2.022475e-11 6.865722e-12 5.681845e-11 clkbuf_leaf_293_w_clk
 3.092197e-11 1.902634e-11 6.865722e-12 5.681403e-11 clkbuf_leaf_157_v_clk
 2.974805e-11 2.019870e-11 6.865722e-12 5.681247e-11 clkbuf_leaf_229_w_clk
 2.979663e-11 2.007811e-11 6.865722e-12 5.674047e-11 clkbuf_leaf_180_w_clk
 2.983037e-11 1.998792e-11 6.865722e-12 5.668400e-11 clkbuf_leaf_102_w_clk
 2.982689e-11 1.997485e-11 6.865722e-12 5.666747e-11 clkbuf_leaf_104_w_clk
 3.062849e-11 1.916666e-11 6.865722e-12 5.666087e-11 clkbuf_leaf_26_v_clk
 2.981890e-11 1.997358e-11 6.865722e-12 5.665821e-11 clkbuf_leaf_297_w_clk
 2.977446e-11 2.000573e-11 6.865722e-12 5.664591e-11 clkbuf_leaf_205_w_clk
 3.088284e-11 1.888113e-11 6.865722e-12 5.662969e-11 clkbuf_leaf_336_v_clk
 3.061534e-11 1.898667e-11 6.865722e-12 5.646773e-11 clkbuf_leaf_39_v_clk
 9.020747e-12 3.988261e-11 7.514087e-12 5.641745e-11 fanout1417
 2.968890e-11 1.975137e-11 6.865722e-12 5.630599e-11 clkbuf_leaf_269_w_clk
 2.980109e-11 1.959575e-11 6.865722e-12 5.626256e-11 clkbuf_leaf_87_w_clk
 2.974370e-11 1.965028e-11 6.865722e-12 5.625970e-11 clkbuf_leaf_213_w_clk
 2.979602e-11 1.954153e-11 6.865722e-12 5.620327e-11 clkbuf_leaf_241_w_clk
 2.984786e-11 1.947998e-11 6.865722e-12 5.619356e-11 clkbuf_leaf_94_w_clk
 2.978583e-11 1.949304e-11 6.865722e-12 5.614460e-11 clkbuf_leaf_103_w_clk
 2.967591e-11 1.959812e-11 6.865722e-12 5.613975e-11 clkbuf_leaf_285_w_clk
 3.067858e-11 1.856198e-11 6.865722e-12 5.610628e-11 clkbuf_leaf_323_v_clk
 3.084575e-11 1.819219e-11 6.865722e-12 5.590366e-11 clkbuf_leaf_156_v_clk
 2.971857e-11 1.925436e-11 6.865722e-12 5.583865e-11 clkbuf_leaf_62_w_clk
 3.062309e-11 1.831739e-11 6.865722e-12 5.580621e-11 clkbuf_leaf_239_v_clk
 3.081256e-11 1.810958e-11 6.865722e-12 5.578786e-11 clkbuf_leaf_340_v_clk
 2.976162e-11 1.914731e-11 6.865722e-12 5.577466e-11 clkbuf_leaf_79_w_clk
 2.971698e-11 1.918439e-11 6.865722e-12 5.576709e-11 clkbuf_leaf_13_w_clk
 2.975543e-11 1.914099e-11 6.865722e-12 5.576214e-11 clkbuf_leaf_98_w_clk
 3.066851e-11 1.820272e-11 6.865722e-12 5.573695e-11 clkbuf_leaf_267_v_clk
 2.966367e-11 1.912128e-11 6.865722e-12 5.565067e-11 clkbuf_leaf_230_w_clk
 2.970749e-11 1.905075e-11 6.865722e-12 5.562396e-11 clkbuf_leaf_178_w_clk
 2.970234e-11 1.904417e-11 6.865722e-12 5.561224e-11 clkbuf_leaf_45_w_clk
 3.070963e-11 1.798856e-11 6.865722e-12 5.556390e-11 clkbuf_leaf_165_v_clk
 3.061603e-11 1.806117e-11 6.865722e-12 5.554293e-11 clkbuf_leaf_283_v_clk
 2.964536e-11 1.896449e-11 6.865722e-12 5.547558e-11 clkbuf_leaf_251_w_clk
 3.078623e-11 1.779455e-11 6.865722e-12 5.544651e-11 clkbuf_leaf_5_v_clk
 2.973344e-11 1.881772e-11 6.865722e-12 5.541689e-11 clkbuf_leaf_164_w_clk
 2.973170e-11 1.880957e-11 6.865722e-12 5.540699e-11 clkbuf_leaf_163_w_clk
 2.972722e-11 1.879058e-11 6.865722e-12 5.538352e-11 clkbuf_leaf_106_w_clk
 2.968439e-11 1.882377e-11 6.865722e-12 5.537388e-11 clkbuf_leaf_50_w_clk
 2.968328e-11 1.870324e-11 6.865722e-12 5.525224e-11 clkbuf_leaf_116_w_clk
 2.971150e-11 1.863113e-11 6.865722e-12 5.520835e-11 clkbuf_leaf_100_w_clk
 2.967388e-11 1.866277e-11 6.865722e-12 5.520238e-11 clkbuf_leaf_29_w_clk
 2.972365e-11 1.856362e-11 6.865722e-12 5.515299e-11 clkbuf_leaf_138_w_clk
 2.971805e-11 1.851768e-11 6.865722e-12 5.510145e-11 clkbuf_leaf_142_w_clk
 3.061822e-11 1.761512e-11 6.865722e-12 5.509906e-11 clkbuf_leaf_261_v_clk
 2.970815e-11 1.851606e-11 6.865722e-12 5.508994e-11 clkbuf_leaf_89_w_clk
 2.969811e-11 1.845028e-11 6.865722e-12 5.501411e-11 clkbuf_leaf_105_w_clk
 3.065946e-11 1.746609e-11 6.865722e-12 5.499128e-11 clkbuf_leaf_48_v_clk
 3.584720e-12 4.388221e-11 7.514084e-12 5.498102e-11 max_cap977
 2.962315e-11 1.848579e-11 6.865722e-12 5.497467e-11 clkbuf_leaf_114_w_clk
 2.965639e-11 1.844907e-11 6.865722e-12 5.497119e-11 clkbuf_leaf_35_w_clk
 2.958200e-11 1.851817e-11 6.865722e-12 5.496590e-11 clkbuf_leaf_287_w_clk
 2.964307e-11 1.821331e-11 6.865722e-12 5.472210e-11 clkbuf_leaf_115_w_clk
 2.963329e-11 1.817796e-11 6.865722e-12 5.467697e-11 clkbuf_leaf_34_w_clk
 2.963145e-11 1.813876e-11 6.865722e-12 5.463593e-11 clkbuf_leaf_128_w_clk
 2.964969e-11 1.801392e-11 6.865722e-12 5.452933e-11 clkbuf_leaf_259_w_clk
 3.073478e-11 1.692814e-11 6.865722e-12 5.452864e-11 clkbuf_leaf_169_v_clk
 2.955117e-11 1.807634e-11 6.865722e-12 5.449323e-11 clkbuf_leaf_267_w_clk
 2.962248e-11 1.798782e-11 6.865722e-12 5.447602e-11 clkbuf_leaf_55_w_clk
 2.980480e-11 1.766800e-11 6.865722e-12 5.433853e-11 clkbuf_leaf_158_w_clk
 2.969330e-11 1.772548e-11 6.865722e-12 5.428450e-11 clkbuf_leaf_96_w_clk
 2.960098e-11 1.779249e-11 6.865722e-12 5.425920e-11 clkbuf_leaf_176_w_clk
 2.959547e-11 1.778242e-11 6.865722e-12 5.424361e-11 clkbuf_leaf_49_w_clk
 2.962399e-11 1.759245e-11 6.865722e-12 5.408216e-11 clkbuf_leaf_137_w_clk
 2.958910e-11 1.761017e-11 6.865722e-12 5.406499e-11 clkbuf_leaf_252_w_clk
 2.958016e-11 1.761249e-11 6.865722e-12 5.405838e-11 clkbuf_leaf_61_w_clk
 2.953837e-11 1.765125e-11 6.865722e-12 5.405534e-11 clkbuf_leaf_233_w_clk
 2.960733e-11 1.750251e-11 6.865722e-12 5.397556e-11 clkbuf_leaf_194_w_clk
 3.059697e-11 1.649819e-11 6.865722e-12 5.396088e-11 clkbuf_leaf_257_v_clk
 2.954497e-11 1.752825e-11 6.865722e-12 5.393894e-11 clkbuf_leaf_135_w_clk
 2.958005e-11 1.737395e-11 6.865722e-12 5.381973e-11 clkbuf_leaf_14_w_clk
 2.953300e-11 1.741088e-11 6.865722e-12 5.380960e-11 clkbuf_leaf_120_w_clk
 2.961530e-11 1.732091e-11 6.865722e-12 5.380193e-11 clkbuf_leaf_148_w_clk
 2.956710e-11 1.736108e-11 6.865722e-12 5.379391e-11 clkbuf_leaf_172_w_clk
 2.959285e-11 1.732739e-11 6.865722e-12 5.378595e-11 clkbuf_leaf_296_w_clk
 2.957815e-11 1.732445e-11 6.865722e-12 5.376832e-11 clkbuf_leaf_1_w_clk
 3.055000e-11 1.631419e-11 6.865722e-12 5.372991e-11 clkbuf_leaf_300_v_clk
 2.956451e-11 1.718095e-11 6.865722e-12 5.361118e-11 clkbuf_leaf_0_w_clk
 2.973228e-11 1.687991e-11 6.865722e-12 5.347791e-11 clkbuf_leaf_159_w_clk
 2.950764e-11 1.708329e-11 6.865722e-12 5.345665e-11 clkbuf_leaf_63_w_clk
 3.052179e-11 1.604552e-11 6.865722e-12 5.343304e-11 clkbuf_leaf_214_v_clk
 2.953241e-11 1.698553e-11 6.865722e-12 5.338367e-11 clkbuf_leaf_175_w_clk
 2.961556e-11 1.682143e-11 6.865722e-12 5.330271e-11 clkbuf_leaf_83_w_clk
 2.955850e-11 1.676189e-11 6.865722e-12 5.318612e-11 clkbuf_leaf_161_w_clk
 2.956164e-11 1.671635e-11 6.865722e-12 5.314372e-11 clkbuf_leaf_140_w_clk
 3.061832e-11 1.558608e-11 6.865722e-12 5.307012e-11 clkbuf_leaf_76_v_clk
 2.946977e-11 1.661702e-11 6.865722e-12 5.295251e-11 clkbuf_leaf_24_w_clk
 2.967719e-11 1.628220e-11 6.865722e-12 5.282511e-11 clkbuf_leaf_153_w_clk
 2.950009e-11 1.643269e-11 6.865722e-12 5.279851e-11 clkbuf_leaf_301_w_clk
 2.941208e-11 1.640166e-11 6.865722e-12 5.267946e-11 clkbuf_leaf_265_w_clk
 3.056938e-11 1.505845e-11 6.865722e-12 5.249355e-11 clkbuf_leaf_81_v_clk
 2.949433e-11 1.599925e-11 6.865722e-12 5.235930e-11 clkbuf_leaf_187_w_clk
 2.948279e-11 1.578572e-11 6.865722e-12 5.213423e-11 clkbuf_leaf_144_w_clk
 2.942747e-11 1.574863e-11 6.865722e-12 5.204182e-11 clkbuf_leaf_36_w_clk
 2.941841e-11 1.570895e-11 6.865722e-12 5.199308e-11 clkbuf_leaf_48_w_clk
 2.944026e-11 1.563569e-11 6.865722e-12 5.194167e-11 clkbuf_leaf_125_w_clk
 2.941208e-11 1.557988e-11 6.865722e-12 5.185769e-11 clkbuf_leaf_261_w_clk
 3.048391e-11 1.446422e-11 6.865722e-12 5.181386e-11 clkbuf_leaf_339_v_clk
 2.943340e-11 1.547314e-11 6.865722e-12 5.177227e-11 clkbuf_leaf_295_w_clk
 2.941685e-11 1.537062e-11 6.865722e-12 5.165319e-11 clkbuf_leaf_123_w_clk
 2.941896e-11 1.531626e-11 6.865722e-12 5.160095e-11 clkbuf_leaf_193_w_clk
 2.942989e-11 1.528893e-11 6.865722e-12 5.158455e-11 clkbuf_leaf_112_w_clk
 2.942625e-11 1.524712e-11 6.865722e-12 5.153909e-11 clkbuf_leaf_86_w_clk
 7.292476e-12 3.373254e-11 1.047887e-11 5.150389e-11 fanout976
 6.770411e-12 3.777704e-11 6.865709e-12 5.141316e-11 fanout795
 2.939530e-11 1.507175e-11 6.865722e-12 5.133277e-11 clkbuf_leaf_188_w_clk
 3.043742e-11 1.392830e-11 6.865722e-12 5.123144e-11 clkbuf_leaf_86_v_clk
 2.933523e-11 1.502239e-11 6.865722e-12 5.122335e-11 clkbuf_leaf_108_w_clk
 4.427388e-11 0.000000e+00 6.865734e-12 5.113961e-11 clkload10
 2.937783e-11 1.483774e-11 6.865722e-12 5.108129e-11 clkbuf_leaf_298_w_clk
 2.936772e-11 1.472367e-11 6.865722e-12 5.095711e-11 clkbuf_leaf_299_w_clk
 2.937817e-11 1.471052e-11 6.865722e-12 5.095441e-11 clkbuf_leaf_262_w_clk
 2.936874e-11 1.464689e-11 6.865722e-12 5.088135e-11 clkbuf_leaf_90_w_clk
 7.105168e-12 3.687005e-11 6.865709e-12 5.084092e-11 fanout814
 2.934571e-11 1.445755e-11 6.865722e-12 5.066898e-11 clkbuf_leaf_2_w_clk
 2.928361e-11 1.443167e-11 6.865722e-12 5.058101e-11 clkbuf_leaf_111_w_clk
 2.925043e-11 1.441712e-11 6.865722e-12 5.053327e-11 clkbuf_leaf_272_w_clk
 2.926904e-11 1.422611e-11 6.865722e-12 5.036087e-11 clkbuf_leaf_40_w_clk
 2.931491e-11 1.408635e-11 6.865722e-12 5.026699e-11 clkbuf_leaf_196_w_clk
 6.761503e-12 3.584790e-11 7.514090e-12 5.012350e-11 fanout624
 2.922350e-11 1.367985e-11 6.865722e-12 4.976908e-11 clkbuf_leaf_41_w_clk
 2.932586e-11 1.353675e-11 6.865722e-12 4.972833e-11 clkbuf_leaf_93_w_clk
 2.922939e-11 1.336340e-11 6.865722e-12 4.945851e-11 clkbuf_leaf_54_w_clk
 7.042857e-12 3.478370e-11 7.514087e-12 4.934065e-11 fanout808
 2.923414e-11 1.302831e-11 6.865722e-12 4.912817e-11 clkbuf_leaf_85_w_clk
 6.738071e-12 3.538261e-11 6.865709e-12 4.898639e-11 fanout805
 9.134319e-12 3.263941e-11 6.865712e-12 4.863944e-11 fanout1042
 5.043291e-12 2.743854e-11 1.416729e-11 4.664913e-11 fanout320
 4.538065e-12 3.667568e-11 4.876289e-12 4.609003e-11 fanout1066
 2.897828e-11 1.023986e-11 6.865722e-12 4.608386e-11 clkbuf_leaf_126_w_clk
 2.898323e-11 1.022752e-11 6.865722e-12 4.607648e-11 clkbuf_leaf_3_w_clk
 2.895075e-11 9.860346e-12 6.865722e-12 4.567682e-11 clkbuf_leaf_202_w_clk
 4.829312e-12 3.628894e-11 4.325239e-12 4.544349e-11 fanout1464
 3.340385e-12 3.509292e-11 6.865704e-12 4.529901e-11 fanout614
 2.891822e-11 9.504637e-12 6.865722e-12 4.528858e-11 clkbuf_leaf_190_w_clk
 2.890396e-11 9.314821e-12 6.865722e-12 4.508450e-11 clkbuf_leaf_199_w_clk
 6.768879e-12 3.071155e-11 7.514090e-12 4.499452e-11 fanout619
 5.038725e-12 2.578201e-11 1.416729e-11 4.498803e-11 fanout1568
 3.309816e-11 0.000000e+00 1.002145e-11 4.311961e-11 clkload16
 5.110458e-12 2.735346e-11 1.047888e-11 4.294280e-11 fanout2056
 6.795753e-12 2.780537e-11 7.514090e-12 4.211521e-11 fanout622
 5.095455e-12 2.192974e-11 1.416731e-11 4.119250e-11 fanout294
 5.125048e-12 2.162321e-11 1.416735e-11 4.091560e-11 fanout1312
 2.093833e-12 3.651835e-11 1.894889e-12 4.050707e-11 _26227_
 5.057936e-12 2.108562e-11 1.416733e-11 4.031088e-11 fanout1407
 5.088176e-12 2.096915e-11 1.416729e-11 4.022462e-11 fanout329
 4.562811e-12 3.068626e-11 4.876289e-12 4.012536e-11 fanout1055
 5.014139e-12 2.067089e-11 1.416731e-11 3.985234e-11 fanout522
 5.057061e-12 2.430760e-11 1.047884e-11 3.984350e-11 fanout308
 1.117893e-12 3.433847e-11 4.330051e-12 3.978641e-11 _26231_
 5.065300e-12 2.383616e-11 1.047884e-11 3.938030e-11 fanout764
 5.033787e-12 2.003705e-11 1.416727e-11 3.923810e-11 fanout567
 4.856138e-12 2.987268e-11 4.325239e-12 3.905406e-11 fanout1515
 5.085983e-12 1.967159e-11 1.416734e-11 3.892491e-11 fanout1388
 4.860789e-12 2.972109e-11 4.325239e-12 3.890712e-11 fanout1424
 4.856510e-12 2.940467e-11 4.325239e-12 3.858642e-11 fanout1541
 5.244996e-12 2.219097e-11 1.047885e-11 3.791482e-11 hold250
 6.757518e-12 2.347689e-11 7.514090e-12 3.774850e-11 fanout620
 5.120432e-12 1.843294e-11 1.416728e-11 3.772066e-11 fanout971
 5.051912e-12 2.208343e-11 1.047887e-11 3.761422e-11 fanout923
 4.895119e-12 2.806688e-11 4.325239e-12 3.728723e-11 fanout1446
 4.997829e-12 1.802509e-11 1.416735e-11 3.719027e-11 fanout1556
 4.865817e-12 2.799351e-11 4.325239e-12 3.718456e-11 fanout1434
 4.873762e-12 2.720229e-11 4.325239e-12 3.640129e-11 fanout1532
 4.906007e-12 2.710074e-11 4.325239e-12 3.633199e-11 fanout1443
 5.055523e-12 2.078712e-11 1.047884e-11 3.632148e-11 fanout843
 4.578356e-12 2.682846e-11 4.876289e-12 3.628310e-11 fanout1017
 2.932329e-11 0.000000e+00 6.865722e-12 3.618902e-11 clkload426
 2.931620e-11 0.000000e+00 6.865722e-12 3.618192e-11 clkload422
 2.930677e-11 0.000000e+00 6.865722e-12 3.617249e-11 clkload543
 2.930666e-11 0.000000e+00 6.865722e-12 3.617238e-11 clkload544
 2.929910e-11 0.000000e+00 6.865722e-12 3.616482e-11 clkload358
 2.929716e-11 0.000000e+00 6.865722e-12 3.616289e-11 clkload394
 2.929607e-11 0.000000e+00 6.865722e-12 3.616179e-11 clkload377
 2.929230e-11 0.000000e+00 6.865722e-12 3.615802e-11 clkload424
 2.929192e-11 0.000000e+00 6.865722e-12 3.615764e-11 clkload381
 2.928847e-11 0.000000e+00 6.865722e-12 3.615419e-11 clkload412
 2.928495e-11 0.000000e+00 6.865722e-12 3.615068e-11 clkload338
 2.928465e-11 0.000000e+00 6.865722e-12 3.615037e-11 clkload307
 2.928444e-11 0.000000e+00 6.865722e-12 3.615016e-11 clkload370
 2.928401e-11 0.000000e+00 6.865722e-12 3.614974e-11 clkload542
 2.928335e-11 0.000000e+00 6.865722e-12 3.614907e-11 clkload460
 2.928249e-11 0.000000e+00 6.865722e-12 3.614821e-11 clkload372
 2.928181e-11 0.000000e+00 6.865722e-12 3.614753e-11 clkload425
 2.928125e-11 0.000000e+00 6.865722e-12 3.614698e-11 clkload434
 2.927877e-11 0.000000e+00 6.865722e-12 3.614449e-11 clkload356
 2.927850e-11 0.000000e+00 6.865722e-12 3.614422e-11 clkload366
 2.927800e-11 0.000000e+00 6.865722e-12 3.614373e-11 clkload410
 2.927776e-11 0.000000e+00 6.865722e-12 3.614348e-11 clkload403
 2.927701e-11 0.000000e+00 6.865722e-12 3.614273e-11 clkload541
 2.927614e-11 0.000000e+00 6.865722e-12 3.614186e-11 clkload467
 2.926981e-11 0.000000e+00 6.865722e-12 3.613554e-11 clkload436
 2.926790e-11 0.000000e+00 6.865722e-12 3.613363e-11 clkload465
 2.926746e-11 0.000000e+00 6.865722e-12 3.613319e-11 clkload419
 2.926516e-11 0.000000e+00 6.865722e-12 3.613088e-11 clkload418
 2.926232e-11 0.000000e+00 6.865722e-12 3.612805e-11 clkload437
 2.925751e-11 0.000000e+00 6.865722e-12 3.612323e-11 clkload487
 2.925374e-11 0.000000e+00 6.865722e-12 3.611947e-11 clkload439
 2.925341e-11 0.000000e+00 6.865722e-12 3.611913e-11 clkload490
 2.925226e-11 0.000000e+00 6.865722e-12 3.611799e-11 clkload364
 2.924971e-11 0.000000e+00 6.865722e-12 3.611543e-11 clkload319
 2.924963e-11 0.000000e+00 6.865722e-12 3.611535e-11 clkload320
 2.924948e-11 0.000000e+00 6.865722e-12 3.611520e-11 clkload407
 2.924814e-11 0.000000e+00 6.865722e-12 3.611386e-11 clkload499
 2.924769e-11 0.000000e+00 6.865722e-12 3.611342e-11 clkload334
 2.924533e-11 0.000000e+00 6.865722e-12 3.611105e-11 clkload504
 2.924507e-11 0.000000e+00 6.865722e-12 3.611079e-11 clkload482
 2.924406e-11 0.000000e+00 6.865722e-12 3.610978e-11 clkload405
 2.924365e-11 0.000000e+00 6.865722e-12 3.610937e-11 clkload469
 2.924355e-11 0.000000e+00 6.865722e-12 3.610927e-11 clkload445
 2.924345e-11 0.000000e+00 6.865722e-12 3.610918e-11 clkload310
 2.924305e-11 0.000000e+00 6.865722e-12 3.610878e-11 clkload466
 2.924281e-11 0.000000e+00 6.865722e-12 3.610854e-11 clkload464
 2.924250e-11 0.000000e+00 6.865722e-12 3.610822e-11 clkload472
 2.924233e-11 0.000000e+00 6.865722e-12 3.610805e-11 clkload496
 2.923950e-11 0.000000e+00 6.865722e-12 3.610522e-11 clkload483
 2.923932e-11 0.000000e+00 6.865722e-12 3.610505e-11 clkload446
 2.923905e-11 0.000000e+00 6.865722e-12 3.610477e-11 clkload503
 2.923847e-11 0.000000e+00 6.865722e-12 3.610419e-11 clkload343
 2.923834e-11 0.000000e+00 6.865722e-12 3.610406e-11 clkload317
 2.923778e-11 0.000000e+00 6.865722e-12 3.610350e-11 clkload298
 2.923775e-11 0.000000e+00 6.865722e-12 3.610347e-11 clkload272
 2.923771e-11 0.000000e+00 6.865722e-12 3.610344e-11 clkload456
 2.923692e-11 0.000000e+00 6.865722e-12 3.610265e-11 clkload495
 2.923657e-11 0.000000e+00 6.865722e-12 3.610229e-11 clkload506
 2.923486e-11 0.000000e+00 6.865722e-12 3.610058e-11 clkload322
 2.923473e-11 0.000000e+00 6.865722e-12 3.610046e-11 clkload414
 2.923451e-11 0.000000e+00 6.865722e-12 3.610023e-11 clkload290
 2.923390e-11 0.000000e+00 6.865722e-12 3.609962e-11 clkload313
 2.923320e-11 0.000000e+00 6.865722e-12 3.609893e-11 clkload480
 2.923306e-11 0.000000e+00 6.865722e-12 3.609878e-11 clkload349
 2.923304e-11 0.000000e+00 6.865722e-12 3.609876e-11 clkload271
 2.923239e-11 0.000000e+00 6.865722e-12 3.609811e-11 clkload286
 2.923022e-11 0.000000e+00 6.865722e-12 3.609595e-11 clkload326
 2.923019e-11 0.000000e+00 6.865722e-12 3.609591e-11 clkload294
 2.922992e-11 0.000000e+00 6.865722e-12 3.609565e-11 clkload473
 2.922900e-11 0.000000e+00 6.865722e-12 3.609472e-11 clkload398
 2.922871e-11 0.000000e+00 6.865722e-12 3.609443e-11 clkload325
 2.922838e-11 0.000000e+00 6.865722e-12 3.609410e-11 clkload535
 2.922836e-11 0.000000e+00 6.865722e-12 3.609409e-11 clkload399
 2.922607e-11 0.000000e+00 6.865722e-12 3.609179e-11 clkload304
 2.922317e-11 0.000000e+00 6.865722e-12 3.608890e-11 clkload477
 2.922286e-11 0.000000e+00 6.865722e-12 3.608858e-11 clkload458
 2.922104e-11 0.000000e+00 6.865722e-12 3.608676e-11 clkload328
 2.922084e-11 0.000000e+00 6.865722e-12 3.608656e-11 clkload459
 2.922043e-11 0.000000e+00 6.865722e-12 3.608615e-11 clkload441
 2.921921e-11 0.000000e+00 6.865722e-12 3.608494e-11 clkload388
 2.921338e-11 0.000000e+00 6.865722e-12 3.607910e-11 clkload509
 2.921220e-11 0.000000e+00 6.865722e-12 3.607792e-11 clkload316
 2.921203e-11 0.000000e+00 6.865722e-12 3.607775e-11 clkload293
 2.921158e-11 0.000000e+00 6.865722e-12 3.607731e-11 clkload518
 2.920459e-11 0.000000e+00 6.865722e-12 3.607031e-11 clkload302
 2.900429e-11 0.000000e+00 6.865722e-12 3.587001e-11 clkload260
 4.871666e-12 2.657193e-11 4.325239e-12 3.576884e-11 fanout1438
 4.727327e-12 2.605638e-11 4.876289e-12 3.566000e-11 fanout2068
 4.715240e-12 2.584095e-11 4.876289e-12 3.543248e-11 fanout2072
 4.590908e-12 2.594643e-11 4.876289e-12 3.541363e-11 fanout994
 2.888203e-12 2.203859e-11 1.047889e-11 3.540568e-11 fanout2066
 5.122153e-12 1.611142e-11 1.416729e-11 3.540087e-11 fanout1559
 2.836630e-11 0.000000e+00 6.865722e-12 3.523202e-11 clkload46
 5.122943e-12 1.591472e-11 1.416729e-11 3.520495e-11 fanout1558
 2.831493e-11 0.000000e+00 6.865722e-12 3.518066e-11 clkload186
 2.831465e-11 0.000000e+00 6.865722e-12 3.518037e-11 clkload188
 2.830845e-11 0.000000e+00 6.865722e-12 3.517417e-11 clkload96
 2.830651e-11 0.000000e+00 6.865722e-12 3.517223e-11 clkload95
 2.829394e-11 0.000000e+00 6.865722e-12 3.515966e-11 clkload218
 2.829320e-11 0.000000e+00 6.865722e-12 3.515892e-11 clkload245
 2.828972e-11 0.000000e+00 6.865722e-12 3.515544e-11 clkload216
 2.828941e-11 0.000000e+00 6.865722e-12 3.515514e-11 clkload247
 2.828332e-11 0.000000e+00 6.865722e-12 3.514904e-11 clkload124
 2.827445e-11 0.000000e+00 6.865722e-12 3.514017e-11 clkload197
 2.827196e-11 0.000000e+00 6.865722e-12 3.513768e-11 clkload172
 2.826644e-11 0.000000e+00 6.865722e-12 3.513216e-11 clkload122
 2.826505e-11 0.000000e+00 6.865722e-12 3.513077e-11 clkload187
 2.826025e-11 0.000000e+00 6.865722e-12 3.512597e-11 clkload204
 2.825793e-11 0.000000e+00 6.865722e-12 3.512365e-11 clkload222
 2.824872e-11 0.000000e+00 6.865722e-12 3.511445e-11 clkload74
 2.824648e-11 0.000000e+00 6.865722e-12 3.511220e-11 clkload111
 2.824584e-11 0.000000e+00 6.865722e-12 3.511157e-11 clkload242
 2.824497e-11 0.000000e+00 6.865722e-12 3.511069e-11 clkload76
 2.824454e-11 0.000000e+00 6.865722e-12 3.511026e-11 clkload190
 2.824238e-11 0.000000e+00 6.865722e-12 3.510810e-11 clkload175
 2.823997e-11 0.000000e+00 6.865722e-12 3.510570e-11 clkload77
 2.823664e-11 0.000000e+00 6.865722e-12 3.510236e-11 clkload249
 2.822586e-11 0.000000e+00 6.865722e-12 3.509159e-11 clkload110
 2.822032e-11 0.000000e+00 6.865722e-12 3.508605e-11 clkload81
 2.821998e-11 0.000000e+00 6.865722e-12 3.508571e-11 clkload68
 2.821979e-11 0.000000e+00 6.865722e-12 3.508551e-11 clkload195
 2.821926e-11 0.000000e+00 6.865722e-12 3.508498e-11 clkload73
 2.821757e-11 0.000000e+00 6.865722e-12 3.508330e-11 clkload107
 2.821678e-11 0.000000e+00 6.865722e-12 3.508250e-11 clkload84
 2.821327e-11 0.000000e+00 6.865722e-12 3.507899e-11 clkload83
 2.821180e-11 0.000000e+00 6.865722e-12 3.507752e-11 clkload80
 2.821069e-11 0.000000e+00 6.865722e-12 3.507641e-11 clkload250
 2.820889e-11 0.000000e+00 6.865722e-12 3.507461e-11 clkload237
 2.820729e-11 0.000000e+00 6.865722e-12 3.507301e-11 clkload130
 2.820692e-11 0.000000e+00 6.865722e-12 3.507264e-11 clkload85
 2.819677e-11 0.000000e+00 6.865722e-12 3.506249e-11 clkload60
 5.079668e-12 1.578618e-11 1.416735e-11 3.503320e-11 fanout1547
 5.132098e-12 1.573249e-11 1.416729e-11 3.503188e-11 fanout1557
 4.901937e-12 2.578456e-11 4.325239e-12 3.501174e-11 fanout1459
 4.849764e-12 2.575349e-11 4.325239e-12 3.492850e-11 fanout1514
 4.870618e-12 2.568109e-11 4.325239e-12 3.487695e-11 fanout1544
 2.800221e-11 0.000000e+00 6.865722e-12 3.486793e-11 clkload35
 2.796930e-11 0.000000e+00 6.865722e-12 3.483502e-11 clkload20
 4.588850e-12 2.536690e-11 4.876289e-12 3.483203e-11 fanout1029
 4.871427e-12 2.540735e-11 4.325239e-12 3.460402e-11 fanout1449
 5.026013e-12 1.522530e-11 1.416733e-11 3.441864e-11 fanout910
 5.080658e-12 1.516011e-11 1.416733e-11 3.440810e-11 fanout1406
 4.863139e-12 2.504816e-11 4.325239e-12 3.423653e-11 fanout1461
 4.905461e-12 2.499462e-11 4.325239e-12 3.422531e-11 fanout1485
 4.599677e-12 2.473691e-11 4.876289e-12 3.421288e-11 fanout978
 2.808579e-12 2.086759e-11 1.047882e-11 3.415499e-11 fanout629
 4.587691e-12 2.461849e-11 4.876289e-12 3.408247e-11 fanout1078
 4.596863e-12 2.445390e-11 4.876289e-12 3.392705e-11 fanout988
 4.734303e-12 2.472862e-11 4.325213e-12 3.378813e-11 fanout1581
 2.821194e-12 1.666710e-11 1.416736e-11 3.365565e-11 max_cap1316
 4.890804e-12 2.442655e-11 4.325239e-12 3.364259e-11 fanout1474
 3.554632e-12 2.573196e-11 4.325210e-12 3.361181e-11 fanout809
 4.594346e-12 2.405207e-11 4.876289e-12 3.352271e-11 fanout1028
 5.022921e-12 1.795261e-11 1.047888e-11 3.345441e-11 fanout2052
 4.599998e-12 2.371439e-11 4.876289e-12 3.319067e-11 fanout989
 4.884548e-12 2.384449e-11 4.325239e-12 3.305428e-11 fanout1426
 4.896957e-12 2.382338e-11 4.325239e-12 3.304558e-11 fanout1501
 4.910762e-12 2.379829e-11 4.325239e-12 3.303429e-11 fanout1483
 4.912756e-12 2.359940e-11 4.325239e-12 3.283740e-11 fanout1457
 2.824241e-12 1.942126e-11 1.047882e-11 3.272432e-11 fanout375
 5.047397e-12 1.719077e-11 1.047885e-11 3.271702e-11 fanout2048
 2.870268e-12 1.563907e-11 1.416737e-11 3.267670e-11 fanout722
 4.593543e-12 2.308516e-11 4.876289e-12 3.255499e-11 fanout982
 2.838703e-12 1.554273e-11 1.416735e-11 3.254878e-11 fanout1398
 4.636515e-12 2.302369e-11 4.876289e-12 3.253650e-11 fanout1044
 4.582220e-12 2.306644e-11 4.876289e-12 3.252495e-11 fanout1054
 4.885434e-12 2.322126e-11 4.325239e-12 3.243194e-11 fanout1498
 4.904926e-12 2.317767e-11 4.325239e-12 3.240783e-11 fanout1505
 4.885925e-12 2.312087e-11 4.325239e-12 3.233204e-11 fanout1487
 4.912871e-12 2.303627e-11 4.325239e-12 3.227438e-11 fanout1543
 4.910467e-12 2.298988e-11 4.325239e-12 3.222559e-11 fanout1511
 4.596869e-12 2.263387e-11 4.876289e-12 3.210703e-11 fanout1022
 4.617423e-12 2.260697e-11 4.876289e-12 3.210068e-11 fanout1006
 2.260504e-12 1.921763e-11 1.047881e-11 3.195695e-11 fanout265
 2.807422e-12 1.866884e-11 1.047882e-11 3.195508e-11 fanout652
 5.111329e-12 1.632551e-11 1.047884e-11 3.191567e-11 fanout2036
 4.947978e-12 2.261778e-11 4.325239e-12 3.189100e-11 fanout1421
 4.626405e-12 2.235987e-11 4.876289e-12 3.186256e-11 fanout1052
 4.889175e-12 2.256919e-11 4.325239e-12 3.178361e-11 fanout1524
 4.909837e-12 2.249891e-11 4.325239e-12 3.173399e-11 fanout1436
 4.917188e-12 2.241959e-11 4.325239e-12 3.166202e-11 fanout1456
 4.890148e-12 2.241266e-11 4.325239e-12 3.162804e-11 fanout1419
 4.889519e-12 2.235166e-11 4.325239e-12 3.156642e-11 fanout1467
 4.890811e-12 2.229525e-11 4.325239e-12 3.151130e-11 fanout1429
 4.913502e-12 2.226909e-11 4.325239e-12 3.150783e-11 fanout1512
 4.928646e-12 2.214154e-11 4.325239e-12 3.139543e-11 fanout1442
 4.894078e-12 2.193675e-11 4.325239e-12 3.115607e-11 fanout1462
 4.599915e-12 2.155628e-11 4.876289e-12 3.103249e-11 fanout1047
 4.910781e-12 2.164280e-11 4.325239e-12 3.087882e-11 fanout1531
 2.848904e-12 1.741637e-11 1.047881e-11 3.074408e-11 fanout1243
 3.957453e-12 1.248683e-11 1.416714e-11 3.061142e-11 fanout1319
 2.825821e-12 1.730496e-11 1.047881e-11 3.060959e-11 fanout738
 4.602235e-12 2.106110e-11 4.876289e-12 3.053962e-11 fanout1020
 2.895097e-12 1.347670e-11 1.416736e-11 3.053915e-11 max_cap1383
 2.829792e-12 1.353587e-11 1.416738e-11 3.053303e-11 fanout729
 4.654059e-12 2.096543e-11 4.876289e-12 3.049578e-11 fanout992
 4.624289e-12 2.090133e-11 4.876289e-12 3.040190e-11 fanout1076
 4.950935e-12 2.111348e-11 4.325239e-12 3.038966e-11 fanout1519
 2.867893e-12 1.335365e-11 1.416737e-11 3.038891e-11 max_cap627
 4.621793e-12 2.078519e-11 4.876289e-12 3.028327e-11 fanout1002
 5.111678e-12 1.462662e-11 1.047884e-11 3.021713e-11 fanout2042
 3.429881e-12 2.190000e-11 4.876292e-12 3.020618e-11 fanout794
 2.871940e-12 1.684972e-11 1.047886e-11 3.020052e-11 fanout828
 4.604404e-12 2.067321e-11 4.876289e-12 3.015391e-11 fanout1043
 4.644814e-12 2.057548e-11 4.876289e-12 3.009658e-11 fanout1074
 4.604006e-12 2.057055e-11 4.876289e-12 3.005084e-11 fanout1045
 4.915951e-12 2.058182e-11 4.325239e-12 2.982301e-11 fanout1521
 3.942942e-12 1.535936e-11 1.047905e-11 2.978135e-11 fanout1325
 4.899797e-12 2.047963e-11 4.325239e-12 2.970467e-11 fanout1420
 3.327661e-12 1.949071e-11 6.865704e-12 2.968407e-11 fanout760
 2.843470e-12 1.252420e-11 1.416738e-11 2.953505e-11 max_cap362
 4.607983e-12 1.999696e-11 4.876289e-12 2.948123e-11 fanout1012
 4.910005e-12 1.999755e-11 4.325239e-12 2.923279e-11 fanout1477
 4.901919e-12 2.000272e-11 4.325239e-12 2.922988e-11 fanout1423
 4.909621e-12 1.985723e-11 4.325239e-12 2.909209e-11 fanout1480
 4.898130e-12 1.983030e-11 4.325239e-12 2.905367e-11 fanout1465
 4.641533e-12 1.951365e-11 4.876289e-12 2.903147e-11 fanout1005
 4.610468e-12 1.953394e-11 4.876289e-12 2.902070e-11 fanout1007
 4.631961e-12 1.950655e-11 4.876289e-12 2.901480e-11 fanout1031
 4.622137e-12 1.951497e-11 4.876289e-12 2.901340e-11 fanout993
 4.638288e-12 1.947703e-11 4.876289e-12 2.899161e-11 fanout1069
 4.642887e-12 1.946982e-11 4.876289e-12 2.898900e-11 fanout1021
 2.841922e-12 1.196820e-11 1.416733e-11 2.897746e-11 fanout826
 4.606975e-12 1.947412e-11 4.876289e-12 2.895739e-11 fanout1039
 2.806572e-12 1.184134e-11 1.416737e-11 2.881528e-11 fanout658
 4.943805e-12 1.951326e-11 4.325239e-12 2.878230e-11 fanout1542
 2.821407e-12 1.542291e-11 1.047892e-11 2.872324e-11 fanout1328
 4.912230e-12 1.948468e-11 4.325239e-12 2.872215e-11 fanout1472
 4.591325e-12 1.924497e-11 4.876289e-12 2.871258e-11 fanout1059
 2.800220e-12 1.539462e-11 1.047882e-11 2.867366e-11 fanout743
 4.953367e-12 1.935167e-11 4.325239e-12 2.863028e-11 fanout1506
 2.804107e-12 1.534716e-11 1.047882e-11 2.863008e-11 fanout504
 4.941928e-12 1.931846e-11 4.325239e-12 2.858563e-11 fanout1440
 2.833063e-12 1.156702e-11 1.416737e-11 2.856745e-11 fanout1377
 3.348521e-12 1.834637e-11 6.865704e-12 2.856059e-11 fanout611
 2.838256e-12 1.148278e-11 1.416733e-11 2.848836e-11 fanout939
 4.902174e-12 1.916865e-11 4.325239e-12 2.839606e-11 fanout1491
 4.941429e-12 1.885764e-11 4.325239e-12 2.812430e-11 fanout1425
 3.437824e-12 1.976131e-11 4.876292e-12 2.807542e-11 fanout785
 2.215591e-12 1.898148e-11 6.865703e-12 2.806277e-11 max_cap238
 3.379438e-12 1.780631e-11 6.865704e-12 2.805145e-11 fanout617
 3.421831e-12 1.970607e-11 4.876292e-12 2.800419e-11 fanout801
 2.788972e-12 1.104414e-11 1.416737e-11 2.800048e-11 fanout543
 4.947688e-12 1.872704e-11 4.325239e-12 2.799996e-11 fanout1510
 4.914437e-12 1.873433e-11 4.325239e-12 2.797401e-11 fanout1478
 4.667871e-12 1.834640e-11 4.876289e-12 2.789056e-11 fanout1057
 4.644750e-12 1.827920e-11 4.876289e-12 2.780024e-11 fanout1053
 4.654773e-12 1.822822e-11 4.876289e-12 2.775928e-11 fanout1046
 4.624039e-12 1.825326e-11 4.876289e-12 2.775359e-11 fanout1037
 4.941147e-12 1.843627e-11 4.325239e-12 2.770265e-11 fanout1473
 2.282297e-11 0.000000e+00 4.876270e-12 2.769924e-11 clkload3
 4.669080e-12 1.810734e-11 4.876289e-12 2.765271e-11 fanout1058
 4.964041e-12 1.830014e-11 4.325239e-12 2.758942e-11 fanout1520
 2.822438e-12 1.058737e-11 1.416733e-11 2.757714e-11 fanout825
 2.851684e-12 1.031322e-11 1.416736e-11 2.733226e-11 fanout848
 4.939998e-12 1.802425e-11 4.325239e-12 2.728949e-11 fanout1536
 2.828626e-12 1.024053e-11 1.416736e-11 2.723652e-11 fanout846
 2.834458e-12 1.020641e-11 1.416736e-11 2.720823e-11 fanout859
 4.597100e-12 1.770683e-11 4.876289e-12 2.718022e-11 fanout1056
 4.648563e-12 1.757201e-11 4.876289e-12 2.709686e-11 fanout981
 4.655385e-12 1.753372e-11 4.876289e-12 2.706539e-11 fanout1062
 4.667171e-12 1.739175e-11 4.876289e-12 2.693521e-11 fanout1011
 4.661524e-12 1.738252e-11 4.876289e-12 2.692033e-11 fanout1019
 2.814942e-12 9.889610e-12 1.416736e-11 2.687191e-11 fanout862
 4.598370e-12 1.737737e-11 4.876289e-12 2.685203e-11 fanout1060
 4.671620e-12 1.718826e-11 4.876289e-12 2.673617e-11 fanout1068
 4.927604e-12 1.746577e-11 4.325239e-12 2.671861e-11 fanout1518
 2.824745e-12 9.697846e-12 1.416733e-11 2.668992e-11 fanout936
 3.390079e-12 1.634492e-11 6.865704e-12 2.660070e-11 fanout759
 4.693583e-12 1.688033e-11 4.876289e-12 2.645020e-11 fanout1071
 4.662615e-12 1.680688e-11 4.876289e-12 2.634578e-11 fanout1072
 4.659766e-12 1.677979e-11 4.876289e-12 2.631584e-11 fanout983
 3.371114e-12 1.593240e-11 6.865704e-12 2.616922e-11 fanout615
 1.693308e-12 1.028983e-11 1.416716e-11 2.615029e-11 fanout1982
 2.621296e-12 1.654981e-11 6.865716e-12 2.603682e-11 hold190
 4.926037e-12 1.678007e-11 4.325239e-12 2.603134e-11 fanout1527
 2.814773e-12 8.938674e-12 1.416736e-11 2.592081e-11 fanout861
 2.836110e-12 8.713267e-12 1.416737e-11 2.571674e-11 fanout837
 2.824162e-12 1.229094e-11 1.047884e-11 2.559394e-11 fanout959
 2.243146e-12 1.282525e-11 1.047881e-11 2.554720e-11 fanout264
 4.654090e-12 1.600090e-11 4.876289e-12 2.553127e-11 fanout1064
 2.799838e-12 1.223707e-11 1.047882e-11 2.551573e-11 max_cap838
 3.402475e-12 1.518539e-11 6.865704e-12 2.545357e-11 fanout612
 4.646107e-12 1.586206e-11 4.876289e-12 2.538446e-11 fanout1000
 2.789526e-12 1.209470e-11 1.047883e-11 2.536305e-11 fanout1318
 2.829714e-12 1.181744e-11 1.047883e-11 2.512598e-11 fanout864
 3.449006e-12 1.672090e-11 4.876292e-12 2.504619e-11 fanout802
 4.903801e-12 1.570601e-11 4.325239e-12 2.493505e-11 fanout1452
 2.798413e-12 1.129789e-11 1.047886e-11 2.457516e-11 fanout835
 4.960686e-12 1.523865e-11 4.325239e-12 2.452458e-11 fanout1535
 2.870620e-12 1.069599e-11 1.047891e-11 2.404552e-11 max_cap589
 1.735300e-12 7.955137e-12 1.416716e-11 2.385760e-11 max_cap745
 2.866392e-12 1.035740e-11 1.047894e-11 2.370273e-11 max_cap768
 2.832860e-12 9.663509e-12 1.047889e-11 2.297526e-11 fanout2060
 2.572574e-12 1.343639e-11 6.865705e-12 2.287467e-11 max_cap714
 2.314197e-12 1.332752e-11 6.865703e-12 2.250742e-11 fanout731
 1.695425e-12 6.510364e-12 1.416716e-11 2.237295e-11 fanout746
 1.695041e-12 6.289736e-12 1.416705e-11 2.215183e-11 fanout1985
 3.464430e-12 1.368532e-11 4.876292e-12 2.202604e-11 fanout788
 1.390891e-12 1.346744e-11 6.865701e-12 2.172404e-11 fanout268
 2.518046e-12 1.210670e-11 6.865716e-12 2.149046e-11 fanout1373
 2.588040e-12 1.425062e-11 4.647980e-12 2.148664e-11 fanout1040
 2.766147e-12 1.503530e-11 3.659369e-12 2.146082e-11 fanout1444
 2.562108e-12 1.158983e-11 6.865705e-12 2.101764e-11 fanout2037
 2.536396e-12 1.150755e-11 6.865716e-12 2.090966e-11 fanout2020
 2.531062e-12 1.134596e-11 6.865705e-12 2.074273e-11 fanout2041
 2.754612e-12 1.422094e-11 3.659369e-12 2.063492e-11 fanout1516
 2.516525e-12 1.041571e-11 7.514087e-12 2.044633e-11 fanout911
 2.517081e-12 1.034727e-11 7.514081e-12 2.037843e-11 fanout1560
 2.601586e-12 1.299577e-11 4.647980e-12 2.024534e-11 fanout1077
 2.591807e-12 1.278317e-11 4.647980e-12 2.002295e-11 fanout1070
 1.511475e-11 0.000000e+00 4.876281e-12 1.999103e-11 clkload378
 1.511338e-11 0.000000e+00 4.876281e-12 1.998966e-11 clkload411
 1.510787e-11 0.000000e+00 4.876281e-12 1.998415e-11 clkload420
 1.510457e-11 0.000000e+00 4.876281e-12 1.998085e-11 clkload371
 1.510213e-11 0.000000e+00 4.876281e-12 1.997841e-11 clkload430
 1.510160e-11 0.000000e+00 4.876281e-12 1.997788e-11 clkload368
 1.509942e-11 0.000000e+00 4.876281e-12 1.997570e-11 clkload539
 1.509680e-11 0.000000e+00 4.876281e-12 1.997308e-11 clkload335
 1.509644e-11 0.000000e+00 4.876281e-12 1.997272e-11 clkload373
 1.509523e-11 0.000000e+00 4.876281e-12 1.997151e-11 clkload461
 1.509509e-11 0.000000e+00 4.876281e-12 1.997138e-11 clkload438
 1.509424e-11 0.000000e+00 4.876281e-12 1.997052e-11 clkload375
 1.509409e-11 0.000000e+00 4.876281e-12 1.997038e-11 clkload433
 1.509395e-11 0.000000e+00 4.876281e-12 1.997023e-11 clkload355
 1.509391e-11 0.000000e+00 4.876281e-12 1.997019e-11 clkload352
 1.509390e-11 0.000000e+00 4.876281e-12 1.997019e-11 clkload408
 1.509354e-11 0.000000e+00 4.876281e-12 1.996982e-11 clkload463
 1.509350e-11 0.000000e+00 4.876281e-12 1.996978e-11 clkload312
 1.509302e-11 0.000000e+00 4.876281e-12 1.996930e-11 clkload376
 1.509299e-11 0.000000e+00 4.876281e-12 1.996928e-11 clkload417
 1.509299e-11 0.000000e+00 4.876281e-12 1.996928e-11 clkload427
 1.509266e-11 0.000000e+00 4.876281e-12 1.996894e-11 clkload396
 1.509200e-11 0.000000e+00 4.876281e-12 1.996828e-11 clkload440
 1.509135e-11 0.000000e+00 4.876281e-12 1.996763e-11 clkload485
 1.509034e-11 0.000000e+00 4.876281e-12 1.996663e-11 clkload321
 1.509034e-11 0.000000e+00 4.876281e-12 1.996662e-11 clkload498
 1.509011e-11 0.000000e+00 4.876281e-12 1.996639e-11 clkload336
 1.508942e-11 0.000000e+00 4.876281e-12 1.996570e-11 clkload268
 1.508890e-11 0.000000e+00 4.876281e-12 1.996518e-11 clkload413
 1.508862e-11 0.000000e+00 4.876281e-12 1.996490e-11 clkload291
 1.508854e-11 0.000000e+00 4.876281e-12 1.996482e-11 clkload421
 1.508852e-11 0.000000e+00 4.876281e-12 1.996480e-11 clkload353
 1.508828e-11 0.000000e+00 4.876281e-12 1.996456e-11 clkload341
 1.508817e-11 0.000000e+00 4.876281e-12 1.996445e-11 clkload428
 1.508800e-11 0.000000e+00 4.876281e-12 1.996428e-11 clkload524
 1.508783e-11 0.000000e+00 4.876281e-12 1.996411e-11 clkload285
 1.508732e-11 0.000000e+00 4.876281e-12 1.996360e-11 clkload315
 1.508732e-11 0.000000e+00 4.876281e-12 1.996360e-11 clkload359
 1.508627e-11 0.000000e+00 4.876281e-12 1.996256e-11 clkload344
 1.508595e-11 0.000000e+00 4.876281e-12 1.996223e-11 clkload392
 1.508592e-11 0.000000e+00 4.876281e-12 1.996220e-11 clkload267
 1.508548e-11 0.000000e+00 4.876281e-12 1.996176e-11 clkload530
 1.508547e-11 0.000000e+00 4.876281e-12 1.996175e-11 clkload468
 1.508515e-11 0.000000e+00 4.876281e-12 1.996143e-11 clkload423
 1.508440e-11 0.000000e+00 4.876281e-12 1.996068e-11 clkload283
 1.508431e-11 0.000000e+00 4.876281e-12 1.996059e-11 clkload295
 1.508213e-11 0.000000e+00 4.876281e-12 1.995841e-11 clkload361
 1.508186e-11 0.000000e+00 4.876281e-12 1.995814e-11 clkload491
 1.508012e-11 0.000000e+00 4.876281e-12 1.995640e-11 clkload269
 1.507889e-11 0.000000e+00 4.876281e-12 1.995517e-11 clkload455
 1.507844e-11 0.000000e+00 4.876281e-12 1.995472e-11 clkload277
 1.507792e-11 0.000000e+00 4.876281e-12 1.995420e-11 clkload311
 1.507790e-11 0.000000e+00 4.876281e-12 1.995418e-11 clkload519
 1.507761e-11 0.000000e+00 4.876281e-12 1.995389e-11 clkload350
 1.507385e-11 0.000000e+00 4.876281e-12 1.995013e-11 clkload278
 1.507311e-11 0.000000e+00 4.876281e-12 1.994939e-11 clkload505
 1.391728e-12 1.165694e-11 6.865704e-12 1.991437e-11 max_cap817
 2.670762e-12 1.337535e-11 3.659323e-12 1.970543e-11 fanout1582
 2.766708e-12 1.321350e-11 3.659369e-12 1.963957e-11 fanout1484
 1.393802e-12 1.126046e-11 6.865709e-12 1.951997e-11 max_cap782
 5.737447e-13 4.773944e-12 1.416739e-11 1.951508e-11 fanout637
 1.462248e-11 0.000000e+00 4.876282e-12 1.949876e-11 clkload136
 1.462179e-11 0.000000e+00 4.876282e-12 1.949807e-11 clkload212
 1.462044e-11 0.000000e+00 4.876282e-12 1.949672e-11 clkload137
 1.461891e-11 0.000000e+00 4.876282e-12 1.949519e-11 clkload211
 1.460171e-11 0.000000e+00 4.876282e-12 1.947799e-11 clkload49
 1.459960e-11 0.000000e+00 4.876282e-12 1.947589e-11 clkload134
 1.459934e-11 0.000000e+00 4.876282e-12 1.947562e-11 clkload209
 1.459820e-11 0.000000e+00 4.876282e-12 1.947448e-11 clkload210
 1.459704e-11 0.000000e+00 4.876282e-12 1.947332e-11 clkload246
 1.459163e-11 0.000000e+00 4.876282e-12 1.946791e-11 clkload47
 1.459096e-11 0.000000e+00 4.876282e-12 1.946724e-11 clkload208
 1.459083e-11 0.000000e+00 4.876282e-12 1.946712e-11 clkload135
 1.458782e-11 0.000000e+00 4.876282e-12 1.946410e-11 clkload181
 1.458766e-11 0.000000e+00 4.876282e-12 1.946394e-11 clkload241
 1.458751e-11 0.000000e+00 4.876282e-12 1.946379e-11 clkload238
 1.458728e-11 0.000000e+00 4.876282e-12 1.946357e-11 clkload206
 1.458707e-11 0.000000e+00 4.876282e-12 1.946335e-11 clkload71
 1.458638e-11 0.000000e+00 4.876282e-12 1.946266e-11 clkload94
 1.458584e-11 0.000000e+00 4.876282e-12 1.946212e-11 clkload207
 1.458436e-11 0.000000e+00 4.876282e-12 1.946064e-11 clkload220
 1.458436e-11 0.000000e+00 4.876282e-12 1.946064e-11 clkload184
 1.458435e-11 0.000000e+00 4.876282e-12 1.946063e-11 clkload203
 1.458371e-11 0.000000e+00 4.876282e-12 1.945999e-11 clkload126
 1.458363e-11 0.000000e+00 4.876282e-12 1.945992e-11 clkload192
 1.458024e-11 0.000000e+00 4.876282e-12 1.945652e-11 clkload48
 1.457996e-11 0.000000e+00 4.876282e-12 1.945624e-11 clkload72
 1.457641e-11 0.000000e+00 4.876282e-12 1.945269e-11 clkload244
 1.457628e-11 0.000000e+00 4.876282e-12 1.945256e-11 clkload217
 1.457493e-11 0.000000e+00 4.876282e-12 1.945121e-11 clkload123
 1.457362e-11 0.000000e+00 4.876282e-12 1.944990e-11 clkload97
 1.457345e-11 0.000000e+00 4.876282e-12 1.944973e-11 clkload179
 1.457217e-11 0.000000e+00 4.876282e-12 1.944845e-11 clkload99
 1.457211e-11 0.000000e+00 4.876282e-12 1.944839e-11 clkload69
 1.457106e-11 0.000000e+00 4.876282e-12 1.944735e-11 clkload199
 1.456499e-11 0.000000e+00 4.876282e-12 1.944127e-11 clkload102
 1.456498e-11 0.000000e+00 4.876282e-12 1.944127e-11 clkload180
 1.456497e-11 0.000000e+00 4.876282e-12 1.944125e-11 clkload198
 1.456177e-11 0.000000e+00 4.876282e-12 1.943805e-11 clkload178
 1.456111e-11 0.000000e+00 4.876282e-12 1.943739e-11 clkload151
 1.456102e-11 0.000000e+00 4.876282e-12 1.943731e-11 clkload231
 1.455995e-11 0.000000e+00 4.876282e-12 1.943624e-11 clkload109
 1.455878e-11 0.000000e+00 4.876282e-12 1.943506e-11 clkload232
 1.455782e-11 0.000000e+00 4.876282e-12 1.943410e-11 clkload183
 1.455372e-11 0.000000e+00 4.876282e-12 1.943000e-11 clkload145
 1.455172e-11 0.000000e+00 4.876282e-12 1.942800e-11 clkload165
 1.408445e-12 1.046864e-11 7.514096e-12 1.939118e-11 fanout1194
 1.444837e-11 0.000000e+00 4.876282e-12 1.932465e-11 clkload38
 2.508094e-12 9.948512e-12 6.865716e-12 1.932232e-11 fanout2033
 2.788030e-12 1.254867e-11 3.659369e-12 1.899607e-11 fanout1476
 2.540047e-12 9.534457e-12 6.865716e-12 1.894022e-11 fanout2029
 2.594922e-12 1.165790e-11 4.647980e-12 1.890080e-11 fanout1075
 2.557329e-12 9.434550e-12 6.865716e-12 1.885760e-11 fanout2019
 1.973751e-12 9.361173e-12 7.514054e-12 1.884898e-11 fanout1321
 1.967148e-12 9.221255e-12 7.514044e-12 1.870245e-11 fanout2002
 2.593535e-12 1.146081e-11 4.647980e-12 1.870233e-11 fanout1018
 2.772202e-12 1.226770e-11 3.659369e-12 1.869928e-11 fanout1458
 2.756776e-12 1.225625e-11 3.659369e-12 1.867240e-11 fanout1499
 1.394897e-12 1.038743e-11 6.865703e-12 1.864803e-11 max_cap582
 2.552074e-12 9.191925e-12 6.865716e-12 1.860971e-11 fanout2012
 2.563621e-12 9.112221e-12 6.865716e-12 1.854156e-11 fanout2008
 1.672800e-12 6.362046e-12 1.047916e-11 1.851401e-11 fanout385
 2.772512e-12 1.201052e-11 3.659369e-12 1.844241e-11 fanout1460
 1.404253e-12 1.012903e-11 6.865703e-12 1.839899e-11 max_cap595
 1.264659e-12 1.279501e-11 4.325217e-12 1.838489e-11 hold252
 1.872079e-12 1.148491e-11 4.876290e-12 1.823328e-11 hold1365
 5.614699e-13 3.378531e-12 1.416739e-11 1.810739e-11 fanout896
 1.976422e-12 8.553293e-12 7.514044e-12 1.804376e-11 fanout1992
 2.782571e-12 1.159412e-11 3.659369e-12 1.803606e-11 fanout1428
 1.976665e-12 8.291475e-12 7.514044e-12 1.778219e-11 fanout1991
 1.422061e-12 8.767751e-12 7.514096e-12 1.770391e-11 fanout233
 1.957992e-12 8.780307e-12 6.865759e-12 1.760406e-11 fanout904
 1.323598e-12 1.139734e-11 4.876293e-12 1.759723e-11 hold2171
 1.976035e-12 8.590914e-12 6.865753e-12 1.743270e-11 fanout1574
 6.415396e-13 1.245064e-11 4.330012e-12 1.742219e-11 _37331_
 1.965426e-12 8.529880e-12 6.865759e-12 1.736107e-11 fanout900
 1.987345e-12 8.492997e-12 6.865753e-12 1.734610e-11 fanout1570
 2.774205e-12 1.090852e-11 3.659369e-12 1.734210e-11 fanout1489
 2.596200e-12 1.007868e-11 4.647980e-12 1.732286e-11 fanout1030
 1.410907e-12 8.975667e-12 6.865703e-12 1.725228e-11 max_cap312
 1.630764e-12 1.121474e-11 4.325252e-12 1.717075e-11 hold4073
 2.789110e-12 1.071659e-11 3.659369e-12 1.716506e-11 fanout1422
 5.571718e-13 2.430965e-12 1.416739e-11 1.715552e-11 fanout893
 5.654558e-13 2.337384e-12 1.416739e-11 1.707023e-11 fanout642
 2.769640e-12 1.062979e-11 3.659369e-12 1.705880e-11 fanout1513
 5.767910e-13 2.253647e-12 1.416739e-11 1.699782e-11 max_cap591
 5.559357e-13 2.111883e-12 1.416739e-11 1.683521e-11 fanout558
 5.650450e-13 2.074187e-12 1.416739e-11 1.680662e-11 fanout647
 1.389438e-12 7.769040e-12 7.514096e-12 1.667257e-11 fanout734
 2.685577e-12 1.023537e-11 3.659326e-12 1.658028e-11 wire411
 5.660834e-13 1.712146e-12 1.416739e-11 1.644562e-11 fanout538
 2.768140e-12 1.001270e-11 3.659369e-12 1.644021e-11 fanout1526
 1.406505e-12 8.141143e-12 6.865701e-12 1.641335e-11 fanout737
 1.390151e-12 7.492378e-12 7.514087e-12 1.639662e-11 fanout834
 5.615567e-13 5.303693e-12 1.047880e-11 1.634405e-11 fanout511
 1.418355e-12 7.999634e-12 6.865705e-12 1.628369e-11 fanout958
 5.613297e-13 5.204860e-12 1.047880e-11 1.624499e-11 fanout298
 2.762576e-12 9.705143e-12 3.659369e-12 1.612709e-11 fanout1502
 1.409675e-12 7.154748e-12 7.514092e-12 1.607851e-11 fanout860
 1.406220e-12 7.788868e-12 6.865704e-12 1.606079e-11 fanout854
 1.417312e-12 7.072062e-12 7.514087e-12 1.600346e-11 fanout940
 1.941217e-12 9.351575e-12 4.647985e-12 1.594078e-11 fanout793
 2.766830e-12 9.490399e-12 3.659369e-12 1.591660e-11 fanout1437
 1.279235e-12 1.012818e-11 4.325217e-12 1.573263e-11 hold251
 2.612385e-12 8.420361e-12 4.647980e-12 1.568073e-11 fanout1063
 1.412883e-12 7.337106e-12 6.865709e-12 1.561570e-11 fanout942
 1.280223e-12 9.325765e-12 4.876294e-12 1.548228e-11 hold3031
 1.114391e-11 0.000000e+00 4.330173e-12 1.547409e-11 clkload22
 5.600624e-13 4.422315e-12 1.047880e-11 1.546118e-11 fanout369
 1.423939e-12 7.155198e-12 6.865704e-12 1.544484e-11 fanout883
 1.108386e-11 0.000000e+00 4.330173e-12 1.541403e-11 clkload18
 1.108226e-11 0.000000e+00 4.330173e-12 1.541243e-11 clkload30
 1.413947e-12 7.110045e-12 6.865701e-12 1.538969e-11 fanout736
 1.407161e-12 7.108383e-12 6.865703e-12 1.538125e-11 fanout712
 1.105015e-11 0.000000e+00 4.330173e-12 1.538033e-11 clkload40
 1.104876e-11 0.000000e+00 4.330173e-12 1.537894e-11 clkload45
 1.104463e-11 0.000000e+00 4.330173e-12 1.537480e-11 clkload25
 1.116508e-12 7.370384e-12 6.865701e-12 1.535259e-11 fanout552
 1.411899e-12 6.264021e-12 7.514087e-12 1.519001e-11 fanout829
 1.416894e-12 6.763084e-12 6.865709e-12 1.504569e-11 fanout951
 1.719894e-12 8.409264e-12 4.876296e-12 1.500545e-11 fanout616
 5.624077e-13 3.957493e-12 1.047880e-11 1.499870e-11 fanout763
 5.610977e-13 3.930814e-12 1.047880e-11 1.497071e-11 fanout360
 1.414256e-12 6.041097e-12 7.514091e-12 1.496944e-11 fanout1339
 5.609525e-13 3.927590e-12 1.047880e-11 1.496734e-11 fanout299
 2.780415e-12 8.359240e-12 3.659369e-12 1.479902e-11 fanout1507
 1.419364e-12 6.475282e-12 6.865704e-12 1.476035e-11 fanout878
 5.640598e-13 3.708665e-12 1.047880e-11 1.475152e-11 fanout509
 1.419748e-12 5.677396e-12 7.514092e-12 1.461124e-11 fanout851
 1.427230e-12 6.311648e-12 6.865704e-12 1.460458e-11 fanout865
 5.644696e-13 3.542022e-12 1.047880e-11 1.458529e-11 fanout303
 1.290839e-12 8.415837e-12 4.876286e-12 1.458296e-11 fanout2018
 5.703757e-13 3.428676e-12 1.047880e-11 1.447785e-11 fanout588
 1.414256e-12 6.186700e-12 6.865705e-12 1.446666e-11 fanout931
 1.410375e-12 6.042226e-12 6.865709e-12 1.431831e-11 fanout943
 1.405460e-12 5.963786e-12 6.865701e-12 1.423495e-11 fanout1211
 5.662379e-13 3.159683e-12 1.047880e-11 1.420472e-11 fanout319
 1.283991e-12 8.029466e-12 4.876292e-12 1.418975e-11 fanout914
 1.406826e-12 5.875556e-12 6.865704e-12 1.414809e-11 fanout866
 5.629600e-13 3.004213e-12 1.047880e-11 1.404597e-11 fanout245
 1.344734e-12 7.821957e-12 4.876294e-12 1.404298e-11 hold2151
 5.641945e-13 2.929038e-12 1.047880e-11 1.397203e-11 fanout384
 8.375762e-13 6.253358e-12 6.865748e-12 1.395668e-11 fanout1368
 1.409889e-12 5.673727e-12 6.865701e-12 1.394932e-11 fanout1284
 1.118163e-12 5.911389e-12 6.865701e-12 1.389525e-11 fanout260
 5.618738e-13 2.842076e-12 1.047880e-11 1.388275e-11 fanout560
 1.139706e-12 5.854547e-12 6.865701e-12 1.385995e-11 fanout554
 5.594863e-13 2.788202e-12 1.047880e-11 1.382649e-11 fanout405
 1.128818e-12 5.792041e-12 6.865701e-12 1.378656e-11 fanout548
 1.036506e-12 8.405818e-12 4.325255e-12 1.376758e-11 hold715
 1.409672e-12 5.476672e-12 6.865709e-12 1.375205e-11 fanout946
 1.423730e-12 4.762293e-12 7.514091e-12 1.370011e-11 fanout1338
 1.116434e-12 5.678808e-12 6.865701e-12 1.366094e-11 fanout261
 1.139287e-12 5.614583e-12 6.865701e-12 1.361957e-11 fanout553
 5.625316e-13 2.504819e-12 1.047880e-11 1.354615e-11 fanout644
 1.120828e-12 5.552761e-12 6.865701e-12 1.353929e-11 fanout263
 8.686029e-12 0.000000e+00 4.647965e-12 1.333399e-11 clkload254
 1.417079e-12 5.034035e-12 6.865701e-12 1.331681e-11 fanout1197
 1.120093e-12 5.253834e-12 6.865701e-12 1.323963e-11 fanout556
 1.426400e-12 4.842652e-12 6.865701e-12 1.313475e-11 fanout1229
 8.444329e-13 4.772704e-12 7.514032e-12 1.313117e-11 hold3891
 8.381285e-13 5.379489e-12 6.865738e-12 1.308336e-11 fanout758
 1.397784e-12 4.746866e-12 6.865701e-12 1.301035e-11 fanout1237
 1.133499e-12 5.004240e-12 6.865701e-12 1.300344e-11 fanout259
 8.458318e-13 4.631701e-12 7.514037e-12 1.299157e-11 hold2067
 8.327308e-12 0.000000e+00 4.647966e-12 1.297528e-11 clkload41
 5.592772e-13 1.930117e-12 1.047880e-11 1.296819e-11 fanout646
 9.991156e-13 7.562483e-12 4.325255e-12 1.288685e-11 hold3565
 1.420708e-12 4.579490e-12 6.865701e-12 1.286590e-11 fanout1222
 1.000052e-12 7.530188e-12 4.325252e-12 1.285549e-11 hold1579
 1.281686e-12 7.241555e-12 4.325213e-12 1.284845e-11 fanout523
 1.421180e-12 4.537933e-12 6.865701e-12 1.282481e-11 fanout1238
 1.417494e-12 4.517858e-12 6.865701e-12 1.280105e-11 fanout1266
 1.425424e-12 4.380087e-12 6.865701e-12 1.267121e-11 fanout1207
 1.037038e-12 7.255878e-12 4.325255e-12 1.261817e-11 hold3381
 1.433863e-12 4.276710e-12 6.865701e-12 1.257627e-11 fanout1236
 1.398017e-12 4.283749e-12 6.865701e-12 1.254747e-11 fanout1268
 1.396703e-12 4.279442e-12 6.865701e-12 1.254185e-11 fanout1235
 8.375643e-13 4.819194e-12 6.865748e-12 1.252251e-11 fanout1362
 8.480722e-13 4.079985e-12 7.514035e-12 1.244209e-11 fanout396
 1.416722e-12 4.085134e-12 6.865701e-12 1.236756e-11 fanout1225
 8.441359e-13 3.952064e-12 7.514035e-12 1.231023e-11 fanout602
 1.002397e-12 6.946381e-12 4.325250e-12 1.227403e-11 hold1991
 8.470869e-13 3.892076e-12 7.514035e-12 1.225320e-11 fanout387
 1.288231e-12 5.905859e-12 4.876287e-12 1.207038e-11 fanout2054
 1.005608e-12 6.647318e-12 4.325255e-12 1.197818e-11 hold1377
 1.002077e-12 6.608408e-12 4.325255e-12 1.193574e-11 hold549
 1.039808e-12 6.542177e-12 4.325255e-12 1.190724e-11 hold1519
 1.293894e-12 5.330487e-12 4.876286e-12 1.150067e-11 fanout2016
 1.041004e-12 6.095022e-12 4.325255e-12 1.146128e-11 hold2937
 7.368820e-13 5.730790e-12 4.876297e-12 1.134397e-11 hold1254
 9.184257e-12 0.000000e+00 1.895039e-12 1.107930e-11 clkload5
 1.042680e-12 5.537759e-12 4.325255e-12 1.090569e-11 hold2816
 1.621537e-12 4.783999e-12 4.325248e-12 1.073078e-11 fanout679
 7.104035e-13 5.094597e-12 4.876299e-12 1.068130e-11 fanout1264
 1.004249e-12 5.311393e-12 4.325248e-12 1.064089e-11 fanout1997
 1.397681e-12 1.726036e-12 7.514096e-12 1.063781e-11 wire169
 7.397389e-13 4.993176e-12 4.876297e-12 1.060921e-11 hold1898
 2.751495e-13 3.459358e-12 6.865699e-12 1.060021e-11 max_cap241
 7.147938e-13 5.007745e-12 4.876296e-12 1.059883e-11 hold681
 7.168723e-13 4.976680e-12 4.876297e-12 1.056985e-11 hold2660
 7.153544e-13 4.940912e-12 4.876297e-12 1.053256e-11 hold3493
 3.126007e-13 8.198850e-12 1.894822e-12 1.040627e-11 _26995_
 2.777387e-13 2.954725e-12 6.865699e-12 1.009816e-11 max_cap285
 2.792784e-13 2.870760e-12 6.865699e-12 1.001574e-11 max_cap317
 2.783331e-13 2.849392e-12 6.865699e-12 9.993424e-12 max_cap349
 7.172785e-13 4.222712e-12 4.876296e-12 9.816287e-12 fanout876
 7.217277e-13 4.172694e-12 4.876299e-12 9.770721e-12 hold7
 2.803530e-13 2.586596e-12 6.865699e-12 9.732649e-12 max_cap381
 7.122310e-13 4.608153e-12 4.325203e-12 9.645588e-12 fanout1100
 3.162153e-13 7.390691e-12 1.894811e-12 9.601717e-12 _36694_
 7.141410e-13 4.000530e-12 4.876299e-12 9.590970e-12 fanout1255
 7.208289e-13 3.874344e-12 4.876299e-12 9.471470e-12 fanout1270
 7.166563e-13 3.842224e-12 4.876299e-12 9.435178e-12 fanout1280
 7.202478e-13 3.825747e-12 4.876296e-12 9.422290e-12 fanout874
 5.672422e-13 3.879582e-12 4.876299e-12 9.323122e-12 fanout262
 2.808793e-13 2.176480e-12 6.865699e-12 9.323059e-12 max_cap344
 7.180570e-13 3.727259e-12 4.876296e-12 9.321611e-12 fanout879
 7.144207e-13 3.635439e-12 4.876299e-12 9.226158e-12 fanout1234
 7.154869e-13 3.616382e-12 4.876299e-12 9.208167e-12 fanout1257
 4.424487e-13 4.434386e-12 4.325257e-12 9.202092e-12 hold1451
 7.276683e-13 3.569535e-12 4.876297e-12 9.173501e-12 fanout710
 4.401106e-13 4.389924e-12 4.325257e-12 9.155291e-12 hold1442
 7.156948e-13 4.106720e-12 4.325203e-12 9.147618e-12 fanout1178
 7.150639e-13 4.106548e-12 4.325203e-12 9.146815e-12 fanout1118
 7.238672e-13 3.539642e-12 4.876299e-12 9.139809e-12 fanout1276
 7.237987e-13 3.532209e-12 4.876299e-12 9.132307e-12 fanout1206
 7.202496e-13 3.498740e-12 4.876299e-12 9.095289e-12 fanout189
 7.249950e-13 3.439026e-12 4.876299e-12 9.040320e-12 fanout1283
 7.209066e-13 3.437962e-12 4.876299e-12 9.035167e-12 fanout1254
 7.219393e-13 3.394547e-12 4.876299e-12 8.992786e-12 fanout1277
 2.806861e-13 1.828105e-12 6.865699e-12 8.974490e-12 max_cap269
 7.195790e-13 3.354034e-12 4.876299e-12 8.949912e-12 fanout1273
 2.801532e-13 1.789706e-12 6.865699e-12 8.935559e-12 fanout561
 7.183163e-13 3.338927e-12 4.876299e-12 8.933542e-12 fanout276
 2.811446e-13 1.785830e-12 6.865699e-12 8.932674e-12 hold3812
 7.217784e-13 3.332592e-12 4.876299e-12 8.930669e-12 fanout1217
 2.809707e-13 1.763837e-12 6.865699e-12 8.910507e-12 max_cap352
 7.257611e-13 3.266445e-12 4.876299e-12 8.868505e-12 fanout1231
 7.223879e-13 3.263071e-12 4.876299e-12 8.861758e-12 fanout1232
 2.811500e-13 1.672982e-12 6.865699e-12 8.819832e-12 fanout376
 3.205528e-13 6.602688e-12 1.894811e-12 8.818051e-12 _34437_
 7.196038e-13 3.221929e-12 4.876292e-12 8.817825e-12 fanout954
 7.231036e-13 3.196908e-12 4.876297e-12 8.796308e-12 fanout145
 7.156955e-13 3.737496e-12 4.325203e-12 8.778395e-12 fanout232
 2.798591e-13 1.617782e-12 6.865699e-12 8.763341e-12 fanout409
 7.219361e-13 3.715632e-12 4.325203e-12 8.762772e-12 fanout1191
 7.236794e-13 3.138382e-12 4.876299e-12 8.738361e-12 fanout1260
 9.183571e-13 4.153511e-12 3.659387e-12 8.731255e-12 fanout688
 2.805728e-13 1.575511e-12 6.865699e-12 8.721783e-12 max_cap304
 7.163212e-13 3.656381e-12 4.325205e-12 8.697907e-12 fanout692
 7.301973e-13 3.068564e-12 4.876299e-12 8.675060e-12 fanout180
 2.805058e-13 1.512438e-12 6.865699e-12 8.658643e-12 fanout519
 7.235597e-13 3.057905e-12 4.876297e-12 8.657762e-12 fanout158
 7.225124e-13 3.598384e-12 4.325203e-12 8.646099e-12 fanout1171
 7.171306e-13 3.600712e-12 4.325203e-12 8.643046e-12 fanout1116
 7.169644e-13 3.585414e-12 4.325203e-12 8.627581e-12 fanout1192
 7.223676e-13 3.579473e-12 4.325203e-12 8.627044e-12 fanout1110
 7.253092e-13 3.018821e-12 4.876297e-12 8.620427e-12 fanout705
 2.796198e-13 1.462188e-12 6.865699e-12 8.607507e-12 fanout372
 7.223968e-13 3.552444e-12 4.325203e-12 8.600044e-12 fanout1115
 2.825191e-13 1.444726e-12 6.865699e-12 8.592944e-12 fanout365
 7.253123e-13 2.989550e-12 4.876299e-12 8.591161e-12 fanout1240
 7.243034e-13 3.536260e-12 4.325203e-12 8.585767e-12 fanout1152
 4.443648e-13 3.789903e-12 4.325253e-12 8.559520e-12 hold4259
 2.825682e-13 1.404375e-12 6.865699e-12 8.552643e-12 fanout378
 7.263619e-13 2.948258e-12 4.876299e-12 8.550919e-12 fanout1282
 2.797930e-13 1.389500e-12 6.865699e-12 8.534993e-12 fanout373
 2.825502e-13 1.371372e-12 6.865699e-12 8.519621e-12 fanout323
 7.206711e-13 3.473196e-12 4.325203e-12 8.519071e-12 fanout1184
 7.280065e-13 2.912206e-12 4.876299e-12 8.516510e-12 fanout1248
 7.233199e-13 3.461839e-12 4.325203e-12 8.510363e-12 fanout1114
 2.820422e-13 1.362218e-12 6.865699e-12 8.509960e-12 fanout287
 7.182925e-13 2.888486e-12 4.876299e-12 8.483077e-12 fanout1256
 2.811506e-13 1.320549e-12 6.865699e-12 8.467399e-12 fanout577
 2.824631e-13 1.318979e-12 6.865699e-12 8.467142e-12 fanout639
 1.034226e-12 3.106001e-12 4.325255e-12 8.465482e-12 fanout677
 7.186613e-13 3.384366e-12 4.325203e-12 8.428230e-12 fanout1182
 7.356248e-13 2.788426e-12 4.876299e-12 8.400350e-12 fanout181
 7.238305e-13 2.796550e-12 4.876299e-12 8.396679e-12 fanout1199
 7.252934e-13 2.780816e-12 4.876299e-12 8.382408e-12 fanout1258
 7.221576e-13 2.778251e-12 4.876297e-12 8.376706e-12 fanout711
 7.186264e-13 2.767189e-12 4.876299e-12 8.362114e-12 fanout1216
 7.163817e-13 3.319946e-12 4.325203e-12 8.361531e-12 fanout1138
 7.189896e-13 3.315492e-12 4.325203e-12 8.359684e-12 fanout1158
 7.269983e-13 3.298196e-12 4.325203e-12 8.350398e-12 fanout1165
 7.223239e-13 3.299718e-12 4.325205e-12 8.347247e-12 fanout886
 7.274107e-13 2.740720e-12 4.876299e-12 8.344429e-12 fanout1251
 7.196967e-13 3.296137e-12 4.325203e-12 8.341037e-12 fanout1153
 7.260244e-13 3.289074e-12 4.325203e-12 8.340302e-12 fanout1094
 7.271179e-13 2.734392e-12 4.876299e-12 8.337808e-12 fanout176
 7.254305e-13 3.284984e-12 4.325203e-12 8.335617e-12 fanout1137
 7.178432e-13 3.285282e-12 4.325203e-12 8.328329e-12 fanout1127
 7.244654e-13 3.260228e-12 4.325203e-12 8.309896e-12 fanout1130
 7.271032e-13 3.253373e-12 4.325203e-12 8.305679e-12 fanout1154
 7.302150e-13 2.690836e-12 4.876299e-12 8.297351e-12 fanout1219
 7.234654e-13 3.231450e-12 4.325203e-12 8.280119e-12 fanout1189
 7.177949e-13 3.232770e-12 4.325203e-12 8.275769e-12 fanout1101
 7.252277e-13 3.224495e-12 4.325203e-12 8.274926e-12 fanout1180
 7.305276e-13 3.218846e-12 4.325203e-12 8.274577e-12 fanout1149
 7.184327e-13 3.221275e-12 4.325203e-12 8.264911e-12 fanout1095
 7.212383e-13 3.212662e-12 4.325203e-12 8.259103e-12 fanout1175
 7.248551e-13 3.199657e-12 4.325203e-12 8.249716e-12 fanout1089
 7.222560e-13 2.646671e-12 4.876297e-12 8.245224e-12 fanout156
 7.292040e-13 3.177419e-12 4.325203e-12 8.231826e-12 fanout174
 7.212158e-13 3.182261e-12 4.325203e-12 8.228681e-12 fanout1176
 7.463112e-13 2.820522e-12 4.647985e-12 8.214818e-12 fanout686
 7.188598e-13 2.612811e-12 4.876299e-12 8.207969e-12 fanout1245
 7.238477e-13 3.147546e-12 4.325203e-12 8.196597e-12 fanout1187
 7.210817e-13 3.138592e-12 4.325203e-12 8.184876e-12 fanout223
 7.267636e-13 3.129878e-12 4.325203e-12 8.181845e-12 fanout1092
 7.187607e-13 3.132770e-12 4.325203e-12 8.176734e-12 fanout1096
 7.301091e-13 3.786235e-12 3.659309e-12 8.175653e-12 fanout1307
 7.221903e-13 3.123955e-12 4.325203e-12 8.171349e-12 fanout1183
 7.300638e-13 2.547534e-12 4.876299e-12 8.153897e-12 fanout179
 7.283915e-13 3.095364e-12 4.325203e-12 8.148959e-12 fanout1122
 7.302076e-13 3.093074e-12 4.325203e-12 8.148484e-12 fanout1112
 7.268089e-13 3.091594e-12 4.325203e-12 8.143606e-12 fanout1107
 7.279984e-13 3.084993e-12 4.325203e-12 8.138195e-12 fanout1166
 7.189013e-13 3.093651e-12 4.325203e-12 8.137756e-12 fanout1098
 7.235108e-13 3.084491e-12 4.325203e-12 8.133206e-12 fanout142
 7.201050e-13 3.077261e-12 4.325203e-12 8.122569e-12 fanout1155
 7.228080e-13 3.071282e-12 4.325203e-12 8.119293e-12 fanout1143
 4.028088e-13 3.066791e-12 4.647992e-12 8.117593e-12 wire248
 6.220402e-12 0.000000e+00 1.894955e-12 8.115357e-12 clkload276
 5.687608e-13 2.892375e-12 4.647908e-12 8.109045e-12 fanout901
 7.186489e-13 3.062592e-12 4.325203e-12 8.106444e-12 fanout1132
 6.190281e-12 0.000000e+00 1.894955e-12 8.085236e-12 clkload507
 7.327936e-13 3.011298e-12 4.325203e-12 8.069295e-12 fanout1156
 7.189149e-13 3.024342e-12 4.325203e-12 8.068461e-12 fanout1167
 7.284128e-13 3.006665e-12 4.325203e-12 8.060282e-12 fanout1142
 6.149928e-12 0.000000e+00 1.894955e-12 8.044883e-12 clkload389
 7.313314e-13 2.978088e-12 4.325203e-12 8.034623e-12 fanout185
 4.270542e-13 3.273833e-12 4.325257e-12 8.026144e-12 hold3092
 7.274219e-13 2.973391e-12 4.325203e-12 8.026016e-12 fanout1084
 6.130863e-12 0.000000e+00 1.894955e-12 8.025818e-12 clkload457
 7.221059e-13 2.973297e-12 4.325203e-12 8.020606e-12 fanout135
 6.114111e-12 0.000000e+00 1.894955e-12 8.009066e-12 clkload516
 6.107548e-12 0.000000e+00 1.894955e-12 8.002503e-12 clkload385
 6.102560e-12 0.000000e+00 1.894955e-12 7.997515e-12 clkload449
 7.273248e-13 2.941101e-12 4.325203e-12 7.993630e-12 fanout1126
 7.317683e-13 2.882211e-12 4.325203e-12 7.939182e-12 fanout1119
 7.287437e-13 2.861592e-12 4.325203e-12 7.915540e-12 fanout1121
 6.014842e-12 0.000000e+00 1.894955e-12 7.909797e-12 clkload256
 6.008094e-12 0.000000e+00 1.894950e-12 7.903044e-12 clkload233
 7.386813e-13 2.283996e-12 4.876297e-12 7.898975e-12 fanout1289
 7.264826e-13 2.845134e-12 4.325203e-12 7.896819e-12 fanout1090
 5.998198e-12 0.000000e+00 1.894950e-12 7.893148e-12 clkload226
 5.998143e-12 0.000000e+00 1.894950e-12 7.893092e-12 clkload227
 7.259356e-13 2.839964e-12 4.325203e-12 7.891104e-12 fanout1173
 5.979582e-12 0.000000e+00 1.894955e-12 7.874538e-12 clkload263
 7.271856e-13 2.820852e-12 4.325203e-12 7.873240e-12 fanout1179
 5.975048e-12 0.000000e+00 1.894950e-12 7.869998e-12 clkload155
 4.277721e-13 2.553464e-12 4.876259e-12 7.857494e-12 fanout1361
 7.314433e-13 2.791382e-12 4.325203e-12 7.848030e-12 fanout1082
 5.950325e-12 0.000000e+00 1.894950e-12 7.845275e-12 clkload58
 7.198200e-13 2.798017e-12 4.325203e-12 7.843040e-12 fanout1168
 5.947426e-12 0.000000e+00 1.894950e-12 7.842376e-12 clkload229
 5.944699e-12 0.000000e+00 1.894955e-12 7.839654e-12 clkload261
 7.248471e-13 2.785954e-12 4.325203e-12 7.836004e-12 fanout1103
 4.280961e-13 3.078397e-12 4.325253e-12 7.831747e-12 hold1846
 5.930749e-12 0.000000e+00 1.894950e-12 7.825699e-12 clkload67
 5.921711e-12 0.000000e+00 1.894950e-12 7.816661e-12 clkload63
 5.911555e-12 0.000000e+00 1.894950e-12 7.806505e-12 clkload234
 7.253940e-13 2.751730e-12 4.325203e-12 7.802326e-12 fanout225
 5.893257e-12 0.000000e+00 1.894950e-12 7.788207e-12 clkload61
 5.883022e-12 0.000000e+00 1.894950e-12 7.777971e-12 clkload140
 5.864931e-12 0.000000e+00 1.894950e-12 7.759881e-12 clkload89
 4.288089e-13 2.988699e-12 4.325257e-12 7.742765e-12 hold1930
 7.261243e-13 2.688088e-12 4.325203e-12 7.739416e-12 fanout1086
 5.840604e-12 0.000000e+00 1.894950e-12 7.735554e-12 clkload90
 7.334869e-13 2.671441e-12 4.325203e-12 7.730131e-12 fanout1169
 7.316224e-13 2.654013e-12 4.325203e-12 7.710839e-12 fanout1120
 7.290851e-13 2.648797e-12 4.325203e-12 7.703086e-12 fanout1093
 5.783501e-12 0.000000e+00 1.894950e-12 7.678452e-12 clkload31
 7.257470e-13 2.589555e-12 4.325203e-12 7.640505e-12 fanout182
 7.253386e-13 2.575693e-12 4.325203e-12 7.626235e-12 fanout1139
 3.188626e-13 5.400939e-12 1.894811e-12 7.614613e-12 _35015_
 7.204298e-13 2.545079e-12 4.325203e-12 7.590713e-12 fanout1170
 7.201504e-13 2.541986e-12 4.325203e-12 7.587340e-12 fanout1124
 7.262379e-13 2.531538e-12 4.325203e-12 7.582979e-12 fanout1111
 7.268820e-13 2.524940e-12 4.325203e-12 7.577026e-12 fanout1128
 7.237058e-13 2.508175e-12 4.325203e-12 7.557083e-12 fanout1185
 7.270859e-13 2.494813e-12 4.325203e-12 7.547102e-12 fanout1145
 4.136612e-13 2.474985e-12 4.647997e-12 7.536643e-12 fanout277
 1.122216e-19 6.112686e-19 7.514067e-12 7.514068e-12 fanout2112
 7.195275e-13 2.449163e-12 4.325203e-12 7.493894e-12 fanout1097
 7.204895e-13 2.420587e-12 4.325203e-12 7.466279e-12 fanout1157
 7.269873e-13 2.409665e-12 4.325203e-12 7.461856e-12 fanout1164
 4.316876e-13 2.702438e-12 4.325257e-12 7.459383e-12 hold2802
 7.264225e-13 2.374182e-12 4.325203e-12 7.425808e-12 fanout1134
 4.481383e-13 2.621023e-12 4.325257e-12 7.394418e-12 hold2435
 4.309701e-13 2.576382e-12 4.325257e-12 7.332609e-12 hold735
 4.052151e-13 2.155129e-12 4.647995e-12 7.208339e-12 fanout703
 4.042459e-13 2.145602e-12 4.647997e-12 7.197845e-12 fanout1221
 4.328307e-13 2.360246e-12 4.325256e-12 7.118332e-12 fanout397
 4.061839e-13 1.989762e-12 4.647997e-12 7.043943e-12 fanout1253
 4.302924e-13 2.252385e-12 4.325256e-12 7.007934e-12 fanout402
 4.301801e-13 2.217365e-12 4.325256e-12 6.972801e-12 fanout393
 4.293504e-13 2.189322e-12 4.325236e-12 6.943908e-12 fanout1750
 4.171982e-13 1.836328e-12 4.647995e-12 6.901521e-12 fanout682
 4.049590e-13 1.843771e-12 4.647997e-12 6.896727e-12 fanout1242
 4.052783e-13 1.827005e-12 4.647995e-12 6.880278e-12 fanout155
 4.303481e-13 2.114701e-12 4.325236e-12 6.870286e-12 fanout1686
 1.129223e-19 5.396502e-19 6.865732e-12 6.865732e-12 fanout2217
 1.124466e-19 6.299497e-19 6.865732e-12 6.865732e-12 fanout2230
 1.114122e-19 5.580218e-19 6.865732e-12 6.865732e-12 fanout2289
 1.130749e-19 4.624432e-19 6.865732e-12 6.865732e-12 fanout2186
 1.188178e-19 4.672001e-19 6.865732e-12 6.865732e-12 input9
 4.169723e-13 1.656865e-12 4.647995e-12 6.721832e-12 fanout673
 4.209634e-13 1.641917e-12 4.647995e-12 6.710875e-12 fanout671
 5.827718e-13 2.455222e-12 3.659398e-12 6.697391e-12 fanout687
 4.154458e-13 1.586617e-12 4.647990e-12 6.650053e-12 fanout1303
 4.459196e-13 1.815801e-12 4.325249e-12 6.586970e-12 fanout1288
 4.063552e-13 1.510830e-12 4.647995e-12 6.565180e-12 fanout697
 4.104487e-13 1.412028e-12 4.647997e-12 6.470474e-12 fanout1213
 4.439203e-13 1.687726e-12 4.325238e-12 6.456885e-12 fanout1299
 5.813702e-13 2.209223e-12 3.659398e-12 6.449991e-12 fanout672
 4.358122e-13 1.672688e-12 4.325236e-12 6.433737e-12 fanout1685
 4.067892e-13 1.361655e-12 4.647997e-12 6.416442e-12 fanout1218
 4.344432e-13 1.648113e-12 4.325236e-12 6.407793e-12 fanout1929
 4.436367e-13 1.605953e-12 4.325255e-12 6.374845e-12 fanout1290
 4.077272e-13 1.287922e-12 4.647995e-12 6.343643e-12 fanout706
 4.054576e-13 1.258611e-12 4.647995e-12 6.312063e-12 fanout150
 4.348077e-13 1.521846e-12 4.325236e-12 6.281890e-12 fanout1933
 4.065874e-13 1.202483e-12 4.647995e-12 6.257065e-12 fanout700
 4.455037e-13 1.471423e-12 4.325238e-12 6.242165e-12 fanout1301
 4.485488e-13 1.447713e-12 4.325238e-12 6.221499e-12 hold1684
 4.322699e-13 1.459002e-12 4.325236e-12 6.216508e-12 fanout1820
 1.478439e-13 1.153125e-12 4.876300e-12 6.177269e-12 hold2923
 4.473784e-13 1.397406e-12 4.325249e-12 6.170033e-12 fanout1291
 4.038643e-13 2.088751e-12 3.659309e-12 6.151924e-12 wire234
 4.926894e-13 1.952550e-12 3.659352e-12 6.104591e-12 fanout119
 4.871613e-13 1.930408e-12 3.659352e-12 6.076921e-12 fanout126
 1.430731e-13 1.013751e-12 4.876300e-12 6.033124e-12 hold2771
 4.863949e-13 1.875144e-12 3.659352e-12 6.020890e-12 fanout120
 4.920677e-13 1.856052e-12 3.659352e-12 6.007471e-12 fanout123
 4.092402e-13 1.922892e-12 3.659306e-12 5.991438e-12 fanout1131
 4.111728e-13 1.895198e-12 3.659306e-12 5.965676e-12 fanout221
 4.894916e-13 1.750536e-12 3.659352e-12 5.899380e-12 fanout115
 4.074678e-13 1.817203e-12 3.659306e-12 5.883976e-12 fanout226
 4.069934e-13 1.811267e-12 3.659306e-12 5.877567e-12 fanout1104
 4.923950e-13 1.725459e-12 3.659352e-12 5.877206e-12 fanout122
 4.918111e-13 1.726041e-12 3.659352e-12 5.877204e-12 fanout124
 4.077314e-13 1.808941e-12 3.659309e-12 5.875981e-12 fanout690
 4.054803e-13 1.806546e-12 3.659309e-12 5.871335e-12 fanout165
 4.894584e-13 1.705543e-12 3.659352e-12 5.854353e-12 fanout116
 4.089284e-13 1.779341e-12 3.659306e-12 5.847575e-12 fanout1135
 4.916199e-13 1.684295e-12 3.659352e-12 5.835267e-12 fanout118
 4.099598e-13 1.728984e-12 3.659306e-12 5.798250e-12 wire172
 4.078245e-13 1.691332e-12 3.659306e-12 5.758462e-12 fanout271
 4.089064e-13 1.658671e-12 3.659306e-12 5.726883e-12 wire173
 1.479239e-13 6.920735e-13 4.876300e-12 5.716297e-12 fanout106
 4.076546e-13 1.632884e-12 3.659306e-12 5.699844e-12 fanout231
 1.439740e-13 6.570515e-13 4.876300e-12 5.677325e-12 fanout127
 4.054570e-13 1.602358e-12 3.659306e-12 5.667121e-12 fanout1159
 1.463215e-13 6.024922e-13 4.876300e-12 5.625114e-12 fanout1599
 1.496282e-13 5.784844e-13 4.876300e-12 5.604413e-12 fanout1597
 1.451162e-13 5.777965e-13 4.876300e-12 5.599212e-12 fanout208
 4.055773e-13 1.532953e-12 3.659306e-12 5.597836e-12 fanout1148
 4.089237e-13 1.528797e-12 3.659306e-12 5.597026e-12 fanout1083
 4.079025e-13 1.509114e-12 3.659306e-12 5.576322e-12 fanout273
 1.462342e-13 5.375278e-13 4.876300e-12 5.560062e-12 fanout1596
 1.453528e-13 5.207419e-13 4.876300e-12 5.542395e-12 fanout1600
 4.083480e-13 1.471135e-12 3.659306e-12 5.538788e-12 fanout218
 1.453533e-13 5.151039e-13 4.876300e-12 5.536757e-12 fanout196
 1.442171e-13 5.049388e-13 4.876300e-12 5.525456e-12 fanout194
 1.453906e-13 4.960223e-13 4.876300e-12 5.517713e-12 fanout190
 4.048013e-13 1.422769e-12 3.659306e-12 5.486876e-12 fanout222
 1.449133e-13 4.485967e-13 4.876300e-12 5.469810e-12 fanout192
 4.077516e-13 1.398453e-12 3.659306e-12 5.465510e-12 fanout1172
 1.458927e-13 4.394499e-13 4.876300e-12 5.461642e-12 fanout1081
 2.423043e-13 1.480371e-12 3.659365e-12 5.382041e-12 fanout1716
 4.073121e-13 1.308537e-12 3.659306e-12 5.375155e-12 fanout1190
 2.423792e-13 1.454766e-12 3.659365e-12 5.356510e-12 fanout1729
 1.465839e-13 8.489497e-13 4.325202e-12 5.320736e-12 fanout136
 8.144106e-14 5.435419e-13 4.648000e-12 5.272983e-12 wire493
 1.437373e-13 7.803938e-13 4.325202e-12 5.249333e-12 fanout138
 2.424884e-13 1.339807e-12 3.659365e-12 5.241661e-12 fanout1757
 2.434091e-13 1.330016e-12 3.659365e-12 5.232790e-12 fanout1798
 2.426799e-13 1.328073e-12 3.659365e-12 5.230118e-12 fanout1847
 1.434455e-13 7.378629e-13 4.325202e-12 5.206511e-12 fanout202
 2.425762e-13 1.303862e-12 3.659365e-12 5.205804e-12 fanout1935
 2.425003e-13 1.298371e-12 3.659365e-12 5.200237e-12 fanout1806
 2.429457e-13 1.277087e-12 3.659365e-12 5.179399e-12 fanout1623
 1.447651e-13 7.063893e-13 4.325202e-12 5.176357e-12 fanout130
 2.435432e-13 1.273063e-12 3.659365e-12 5.175972e-12 fanout1934
 2.429183e-13 1.271692e-12 3.659365e-12 5.173976e-12 fanout1735
 2.433245e-13 1.256641e-12 3.659365e-12 5.159331e-12 fanout1880
 1.436601e-13 6.864726e-13 4.325202e-12 5.155334e-12 fanout143
 1.490515e-13 6.765139e-13 4.325202e-12 5.150767e-12 fanout131
 2.427330e-13 1.245949e-12 3.659365e-12 5.148048e-12 fanout1642
 2.430939e-13 1.227507e-12 3.659365e-12 5.129967e-12 fanout1607
 2.438121e-13 1.226143e-12 3.659365e-12 5.129321e-12 fanout1790
 2.429930e-13 1.226227e-12 3.659365e-12 5.128586e-12 fanout1821
 8.267410e-14 3.961249e-13 4.648000e-12 5.126799e-12 fanout209
 8.150427e-14 3.971560e-13 4.648000e-12 5.126660e-12 fanout111
 2.451394e-13 1.215897e-12 3.659365e-12 5.120402e-12 fanout1876
 8.098775e-14 3.898539e-13 4.648000e-12 5.118842e-12 fanout113
 1.493866e-13 6.418790e-13 4.325202e-12 5.116468e-12 fanout492
 2.461425e-13 1.210954e-12 3.659365e-12 5.116462e-12 fanout1961
 2.428866e-13 1.211741e-12 3.659365e-12 5.113993e-12 fanout1726
 1.443150e-13 6.444390e-13 4.325202e-12 5.113956e-12 fanout139
 8.357876e-14 3.759782e-13 4.648000e-12 5.107557e-12 fanout198
 2.442794e-13 1.189242e-12 3.659365e-12 5.092887e-12 fanout1744
 2.451942e-13 1.187488e-12 3.659365e-12 5.092047e-12 fanout1675
 2.428236e-13 1.187563e-12 3.659365e-12 5.089752e-12 fanout1712
 2.455620e-13 1.180099e-12 3.659365e-12 5.085026e-12 fanout1643
 2.445955e-13 1.178070e-12 3.659365e-12 5.082031e-12 fanout1802
 2.429132e-13 1.176662e-12 3.659365e-12 5.078941e-12 fanout1764
 2.431243e-13 1.174476e-12 3.659365e-12 5.076966e-12 fanout1924
 2.463190e-13 1.167444e-12 3.659365e-12 5.073129e-12 fanout1960
 8.175668e-14 3.377792e-13 4.648000e-12 5.067536e-12 fanout191
 2.439210e-13 1.162659e-12 3.659365e-12 5.065945e-12 fanout1803
 2.440175e-13 1.154003e-12 3.659365e-12 5.057386e-12 fanout1652
 2.449538e-13 1.151652e-12 3.659365e-12 5.055971e-12 fanout1867
 8.345015e-14 3.230443e-13 4.648000e-12 5.054494e-12 fanout1293
 8.284764e-14 3.191686e-13 4.648000e-12 5.050016e-12 fanout1594
 2.432897e-13 1.146122e-12 3.659365e-12 5.048777e-12 fanout1724
 1.457959e-13 5.766371e-13 4.325202e-12 5.047635e-12 fanout215
 2.431115e-13 1.144123e-12 3.659365e-12 5.046600e-12 fanout1904
 2.470598e-13 1.133877e-12 3.659365e-12 5.040302e-12 fanout1706
 1.446509e-13 5.663414e-13 4.325202e-12 5.036195e-12 fanout199
 2.429264e-13 1.131003e-12 3.659365e-12 5.033295e-12 fanout1818
 2.440045e-13 1.124059e-12 3.659365e-12 5.027429e-12 fanout1926
 2.440434e-13 1.122210e-12 3.659365e-12 5.025619e-12 fanout1800
 2.456881e-13 1.120486e-12 3.659365e-12 5.025539e-12 fanout1939
 2.464469e-13 1.118053e-12 3.659365e-12 5.023865e-12 fanout1678
 2.446671e-13 1.119392e-12 3.659365e-12 5.023424e-12 fanout1714
 2.430407e-13 1.120650e-12 3.659365e-12 5.023056e-12 fanout1974
 2.453039e-13 1.116015e-12 3.659365e-12 5.020684e-12 fanout1612
 2.440700e-13 1.115025e-12 3.659365e-12 5.018461e-12 fanout1805
 2.436310e-13 1.115365e-12 3.659365e-12 5.018361e-12 fanout1868
 2.437040e-13 1.112323e-12 3.659365e-12 5.015392e-12 fanout1692
 2.430965e-13 1.110769e-12 3.659365e-12 5.013231e-12 fanout1651
 2.430631e-13 1.108159e-12 3.659365e-12 5.010588e-12 fanout1944
 2.437206e-13 1.107277e-12 3.659365e-12 5.010363e-12 fanout1688
 8.229397e-14 2.798601e-13 4.648000e-12 5.010154e-12 fanout1588
 2.457598e-13 1.103770e-12 3.659365e-12 5.008895e-12 fanout1839
 2.450654e-13 1.101810e-12 3.659365e-12 5.006241e-12 fanout1921
 2.461866e-13 1.098236e-12 3.659365e-12 5.003788e-12 fanout1672
 1.442766e-13 5.335934e-13 4.325202e-12 5.003072e-12 fanout201
 2.444868e-13 1.098524e-12 3.659365e-12 5.002376e-12 fanout1789
 2.461582e-13 1.090365e-12 3.659365e-12 4.995888e-12 fanout1766
 2.459366e-13 1.088340e-12 3.659365e-12 4.993642e-12 fanout1693
 2.444735e-13 1.087018e-12 3.659365e-12 4.990858e-12 fanout1644
 2.437400e-13 1.087344e-12 3.659365e-12 4.990449e-12 fanout1732
 2.460516e-13 1.084482e-12 3.659365e-12 4.989899e-12 fanout1958
 2.447543e-13 1.083013e-12 3.659365e-12 4.987133e-12 fanout1742
 2.447848e-13 1.082327e-12 3.659365e-12 4.986477e-12 fanout1713
 2.456172e-13 1.080972e-12 3.659365e-12 4.985954e-12 fanout1636
 1.444702e-13 5.143136e-13 4.325202e-12 4.983986e-12 fanout490
 2.431647e-13 1.080998e-12 3.659365e-12 4.983528e-12 fanout1956
 2.451425e-13 1.078757e-12 3.659365e-12 4.983265e-12 fanout1872
 2.453209e-13 1.077424e-12 3.659365e-12 4.982110e-12 fanout1627
 2.441274e-13 1.076496e-12 3.659410e-12 4.980034e-12 fanout1593
 2.452729e-13 1.074541e-12 3.659365e-12 4.979179e-12 fanout1613
 2.459743e-13 1.071958e-12 3.659365e-12 4.977298e-12 fanout1645
 2.460662e-13 1.070987e-12 3.659365e-12 4.976418e-12 fanout1858
 2.458583e-13 1.070275e-12 3.659365e-12 4.975498e-12 fanout1661
 2.432008e-13 1.068437e-12 3.659365e-12 4.971003e-12 fanout1941
 2.432298e-13 1.066937e-12 3.659365e-12 4.969532e-12 fanout1950
 2.459474e-13 1.060555e-12 3.659365e-12 4.965868e-12 fanout1629
 2.522560e-13 1.052998e-12 3.659405e-12 4.964659e-12 fanout1287
 2.464050e-13 1.057970e-12 3.659365e-12 4.963740e-12 fanout1745
 8.158367e-14 2.332878e-13 4.648000e-12 4.962871e-12 max_cap242
 2.466954e-13 1.056760e-12 3.659365e-12 4.962821e-12 fanout1837
 2.455104e-13 1.057582e-12 3.659365e-12 4.962458e-12 fanout1609
 2.442578e-13 1.052633e-12 3.659365e-12 4.956257e-12 fanout1801
 2.467299e-13 1.047438e-12 3.659365e-12 4.953534e-12 fanout1677
 2.437759e-13 1.050111e-12 3.659365e-12 4.953252e-12 fanout1898
 2.436907e-13 1.048732e-12 3.659365e-12 4.951788e-12 fanout1602
 2.449861e-13 1.047198e-12 3.659365e-12 4.951550e-12 fanout1727
 2.458492e-13 1.046282e-12 3.659365e-12 4.951496e-12 fanout1853
 2.465777e-13 1.044799e-12 3.659365e-12 4.950742e-12 fanout1682
 2.467428e-13 1.044247e-12 3.659365e-12 4.950355e-12 fanout1679
 2.437859e-13 1.047060e-12 3.659365e-12 4.950211e-12 fanout1894
 2.479678e-13 1.039474e-12 3.659365e-12 4.946807e-12 fanout1669
 2.441111e-13 1.041148e-12 3.659365e-12 4.944625e-12 fanout1842
 2.456017e-13 1.039032e-12 3.659365e-12 4.943999e-12 fanout1660
 2.432863e-13 1.040349e-12 3.659365e-12 4.943001e-12 fanout1656
 2.466117e-13 1.034321e-12 3.659365e-12 4.940298e-12 fanout1906
 2.464017e-13 1.034499e-12 3.659365e-12 4.940266e-12 fanout1864
 2.438204e-13 1.035681e-12 3.659365e-12 4.938867e-12 fanout1877
 2.462176e-13 1.032476e-12 3.659365e-12 4.938059e-12 fanout1698
 2.434188e-13 1.033430e-12 3.659365e-12 4.936214e-12 fanout1908
 2.451395e-13 1.029580e-12 3.659365e-12 4.934085e-12 fanout1866
 2.460226e-13 1.027488e-12 3.659365e-12 4.932876e-12 fanout1621
 2.460505e-13 1.025489e-12 3.659365e-12 4.930905e-12 fanout1737
 2.458791e-13 1.023849e-12 3.659365e-12 4.929094e-12 fanout1856
 2.438731e-13 1.025475e-12 3.659365e-12 4.928714e-12 fanout1969
 2.439602e-13 1.025049e-12 3.659365e-12 4.928374e-12 fanout1690
 2.432217e-13 1.025562e-12 3.659365e-12 4.928149e-12 fanout1703
 2.458503e-13 1.021653e-12 3.659365e-12 4.926868e-12 fanout1855
 2.511086e-13 1.014463e-12 3.659402e-12 4.924974e-12 fanout666
 2.471767e-13 1.016598e-12 3.659365e-12 4.923140e-12 fanout1901
 2.454137e-13 1.017791e-12 3.659365e-12 4.922570e-12 fanout1786
 2.457872e-13 1.016850e-12 3.659365e-12 4.922002e-12 fanout1863
 2.435131e-13 1.017499e-12 3.659365e-12 4.920377e-12 fanout1857
 2.459160e-13 1.009656e-12 3.659365e-12 4.914937e-12 fanout1779
 2.455964e-13 1.008561e-12 3.659365e-12 4.913522e-12 fanout1717
 2.459110e-13 1.007161e-12 3.659365e-12 4.912438e-12 fanout1777
 2.446562e-13 1.007958e-12 3.659365e-12 4.911980e-12 fanout1781
 2.460938e-13 1.006212e-12 3.659365e-12 4.911671e-12 fanout1831
 2.467071e-13 1.004517e-12 3.659365e-12 4.910589e-12 fanout1774
 2.453909e-13 1.005534e-12 3.659365e-12 4.910290e-12 fanout1788
 2.448614e-13 1.002038e-12 3.659365e-12 4.906264e-12 fanout1743
 2.473102e-13 9.988669e-13 3.659365e-12 4.905543e-12 fanout1851
 2.457671e-13 9.995465e-13 3.659365e-12 4.904679e-12 fanout1689
 2.453195e-13 9.994054e-13 3.659365e-12 4.904090e-12 fanout1687
 2.446637e-13 9.984938e-13 3.659365e-12 4.902523e-12 fanout1890
 2.466415e-13 9.960019e-13 3.659365e-12 4.902009e-12 fanout1896
 2.434155e-13 9.984193e-13 3.659365e-12 4.901200e-12 fanout1662
 2.453246e-13 9.960240e-13 3.659365e-12 4.900714e-12 fanout1648
 2.463413e-13 9.942898e-13 3.659365e-12 4.899996e-12 fanout1810
 2.461502e-13 9.915262e-13 3.659365e-12 4.897042e-12 fanout1807
 2.435145e-13 9.932230e-13 3.659365e-12 4.896103e-12 fanout1841
 2.434133e-13 9.883834e-13 3.659365e-12 4.891162e-12 fanout1664
 2.462413e-13 9.854949e-13 3.659365e-12 4.891101e-12 fanout1826
 2.449968e-13 9.865524e-13 3.659365e-12 4.890914e-12 fanout1936
 2.435207e-13 9.869798e-13 3.659365e-12 4.889866e-12 fanout1900
 2.459342e-13 9.842667e-13 3.659365e-12 4.889566e-12 fanout1884
 2.441412e-13 9.837142e-13 3.659365e-12 4.887221e-12 fanout1814
 2.437889e-13 9.822772e-13 3.659365e-12 4.885431e-12 fanout1874
 2.439901e-13 9.814524e-13 3.659365e-12 4.884808e-12 fanout1751
 2.454450e-13 9.792866e-13 3.659365e-12 4.884097e-12 fanout1740
 2.452999e-13 9.790390e-13 3.659365e-12 4.883705e-12 fanout1647
 2.435133e-13 9.806823e-13 3.659365e-12 4.883561e-12 fanout1848
 2.473615e-13 9.759987e-13 3.659365e-12 4.882725e-12 fanout1707
 2.456043e-13 9.750884e-13 3.659365e-12 4.880058e-12 fanout1832
 5.830737e-20 2.501674e-19 4.876273e-12 4.876273e-12 fanout2167
 5.804481e-20 2.346734e-19 4.876273e-12 4.876273e-12 fanout2168
 5.792621e-20 2.429009e-19 4.876273e-12 4.876273e-12 fanout2169
 5.804564e-20 2.918809e-19 4.876273e-12 4.876273e-12 fanout2171
 5.745530e-20 2.852634e-19 4.876273e-12 4.876273e-12 fanout2175
 5.858520e-20 2.179239e-19 4.876273e-12 4.876273e-12 fanout2176
 5.773527e-20 2.174947e-19 4.876273e-12 4.876273e-12 fanout2177
 5.812651e-20 2.376419e-19 4.876273e-12 4.876273e-12 fanout2178
 5.818366e-20 2.256633e-19 4.876273e-12 4.876273e-12 fanout2179
 5.844501e-20 2.069315e-19 4.876273e-12 4.876273e-12 fanout2181
 5.825299e-20 2.456728e-19 4.876273e-12 4.876273e-12 fanout2182
 5.763068e-20 2.432474e-19 4.876273e-12 4.876273e-12 fanout2183
 5.800181e-20 2.675226e-19 4.876273e-12 4.876273e-12 fanout2184
 5.797192e-20 2.772281e-19 4.876273e-12 4.876273e-12 fanout2185
 5.766753e-20 2.526736e-19 4.876273e-12 4.876273e-12 fanout2188
 5.755932e-20 2.781094e-19 4.876273e-12 4.876273e-12 fanout2190
 5.757750e-20 2.742591e-19 4.876273e-12 4.876273e-12 fanout2192
 5.800795e-20 2.364236e-19 4.876273e-12 4.876273e-12 fanout2194
 5.842736e-20 2.160093e-19 4.876273e-12 4.876273e-12 fanout2196
 5.798064e-20 2.423389e-19 4.876273e-12 4.876273e-12 fanout2197
 5.794948e-20 2.364132e-19 4.876273e-12 4.876273e-12 fanout2201
 5.799779e-20 2.256319e-19 4.876273e-12 4.876273e-12 fanout2202
 5.772860e-20 2.858407e-19 4.876273e-12 4.876273e-12 fanout2203
 5.795782e-20 2.181736e-19 4.876273e-12 4.876273e-12 fanout2207
 5.781341e-20 2.833797e-19 4.876273e-12 4.876273e-12 fanout2208
 5.799651e-20 2.761979e-19 4.876273e-12 4.876273e-12 fanout2210
 5.777498e-20 2.616241e-19 4.876273e-12 4.876273e-12 fanout2211
 5.803157e-20 2.181929e-19 4.876273e-12 4.876273e-12 fanout2212
 5.800401e-20 3.033090e-19 4.876273e-12 4.876273e-12 fanout2213
 5.786534e-20 2.410586e-19 4.876273e-12 4.876273e-12 fanout2215
 5.805156e-20 2.859437e-19 4.876273e-12 4.876273e-12 fanout2218
 5.834949e-20 2.255045e-19 4.876273e-12 4.876273e-12 fanout2220
 5.833814e-20 2.279509e-19 4.876273e-12 4.876273e-12 fanout2222
 5.746703e-20 2.426999e-19 4.876273e-12 4.876273e-12 fanout2223
 5.816722e-20 2.302139e-19 4.876273e-12 4.876273e-12 fanout2224
 5.822355e-20 2.196697e-19 4.876273e-12 4.876273e-12 fanout2225
 5.839475e-20 2.260113e-19 4.876273e-12 4.876273e-12 fanout2227
 5.837611e-20 2.260932e-19 4.876273e-12 4.876273e-12 fanout2232
 5.846890e-20 2.071801e-19 4.876273e-12 4.876273e-12 fanout2234
 5.838025e-20 2.251338e-19 4.876273e-12 4.876273e-12 fanout2235
 5.743590e-20 2.347072e-19 4.876273e-12 4.876273e-12 fanout2236
 5.812600e-20 2.589845e-19 4.876273e-12 4.876273e-12 fanout2237
 5.810017e-20 2.641796e-19 4.876273e-12 4.876273e-12 fanout2238
 5.726576e-20 2.772425e-19 4.876273e-12 4.876273e-12 fanout2241
 5.842380e-20 2.207128e-19 4.876273e-12 4.876273e-12 fanout2242
 5.778623e-20 2.375252e-19 4.876273e-12 4.876273e-12 fanout2243
 5.789746e-20 2.112074e-19 4.876273e-12 4.876273e-12 fanout2245
 5.721935e-20 3.297749e-19 4.876273e-12 4.876273e-12 fanout2247
 5.812994e-20 2.651951e-19 4.876273e-12 4.876273e-12 fanout2248
 5.837132e-20 2.033358e-19 4.876273e-12 4.876273e-12 fanout2249
 5.756202e-20 2.463211e-19 4.876273e-12 4.876273e-12 fanout2250
 5.772506e-20 2.706383e-19 4.876273e-12 4.876273e-12 fanout2251
 5.745985e-20 2.745600e-19 4.876273e-12 4.876273e-12 fanout2253
 5.782082e-20 2.380704e-19 4.876273e-12 4.876273e-12 fanout2255
 5.778977e-20 2.459662e-19 4.876273e-12 4.876273e-12 fanout2256
 5.774302e-20 2.583204e-19 4.876273e-12 4.876273e-12 fanout2257
 5.774853e-20 2.564884e-19 4.876273e-12 4.876273e-12 fanout2259
 5.727213e-20 3.200838e-19 4.876273e-12 4.876273e-12 fanout2261
 5.818936e-20 2.732741e-19 4.876273e-12 4.876273e-12 fanout2263
 5.839405e-20 2.326553e-19 4.876273e-12 4.876273e-12 fanout2264
 5.845191e-20 2.079872e-19 4.876273e-12 4.876273e-12 fanout2265
 5.834315e-20 2.428709e-19 4.876273e-12 4.876273e-12 fanout2266
 5.784751e-20 2.328054e-19 4.876273e-12 4.876273e-12 fanout2267
 5.806146e-20 2.770927e-19 4.876273e-12 4.876273e-12 fanout2268
 5.805363e-20 2.412452e-19 4.876273e-12 4.876273e-12 fanout2270
 5.804231e-20 2.814250e-19 4.876273e-12 4.876273e-12 fanout2271
 5.778074e-20 2.479893e-19 4.876273e-12 4.876273e-12 fanout2272
 5.766249e-20 2.606810e-19 4.876273e-12 4.876273e-12 fanout2273
 5.806333e-20 2.635896e-19 4.876273e-12 4.876273e-12 fanout2276
 5.752916e-20 2.607789e-19 4.876273e-12 4.876273e-12 fanout2277
 5.827248e-20 2.264602e-19 4.876273e-12 4.876273e-12 fanout2278
 5.818133e-20 2.443002e-19 4.876273e-12 4.876273e-12 fanout2279
 5.753862e-20 2.538624e-19 4.876273e-12 4.876273e-12 fanout2280
 5.797766e-20 2.525290e-19 4.876273e-12 4.876273e-12 fanout2281
 5.804553e-20 2.367754e-19 4.876273e-12 4.876273e-12 fanout2282
 5.741813e-20 2.853167e-19 4.876273e-12 4.876273e-12 fanout2283
 5.835563e-20 2.519464e-19 4.876273e-12 4.876273e-12 fanout2284
 5.853852e-20 2.152500e-19 4.876273e-12 4.876273e-12 fanout2285
 5.806538e-20 2.262510e-19 4.876273e-12 4.876273e-12 fanout2286
 2.489747e-13 9.651762e-13 3.659402e-12 4.873553e-12 fanout674
 2.469750e-13 9.656902e-13 3.659365e-12 4.872031e-12 fanout1932
 4.775469e-12 0.000000e+00 9.555269e-14 4.871021e-12 clkload448
 2.462161e-13 9.631702e-13 3.659365e-12 4.868752e-12 fanout1783
 2.461834e-13 9.620059e-13 3.659365e-12 4.867555e-12 fanout1927
 2.431791e-13 9.619139e-13 3.659365e-12 4.864458e-12 fanout1813
 2.439503e-13 9.595968e-13 3.659365e-12 4.862913e-12 fanout1699
 2.464093e-13 9.570515e-13 3.659365e-12 4.862826e-12 fanout1746
 2.470964e-13 9.526652e-13 3.659365e-12 4.859127e-12 fanout1972
 2.460738e-13 9.523444e-13 3.659365e-12 4.857783e-12 fanout1808
 2.453910e-13 9.529170e-13 3.659365e-12 4.857673e-12 fanout1632
 2.465637e-13 9.515354e-13 3.659365e-12 4.857464e-12 fanout1928
 2.438552e-13 9.529856e-13 3.659365e-12 4.856206e-12 fanout1733
 2.472090e-13 9.490318e-13 3.659365e-12 4.855606e-12 fanout1784
 2.455734e-13 9.500396e-13 3.659365e-12 4.854978e-12 fanout1828
 2.479782e-13 9.453228e-13 3.659365e-12 4.852666e-12 fanout1916
 2.432730e-13 9.444784e-13 3.659365e-12 4.847117e-12 fanout1769
 2.460533e-13 9.409133e-13 3.659365e-12 4.846332e-12 fanout1812
 4.745935e-12 0.000000e+00 9.555269e-14 4.841488e-12 clkload270
 2.448685e-13 9.349963e-13 3.659365e-12 4.839230e-12 fanout1674
 2.522891e-13 9.265025e-13 3.659368e-12 4.838159e-12 fanout1297
 2.464769e-13 9.322396e-13 3.659365e-12 4.838082e-12 fanout1913
 2.437515e-13 9.348372e-13 3.659365e-12 4.837954e-12 fanout1720
 2.447751e-13 9.332910e-13 3.659365e-12 4.837432e-12 fanout1711
 2.457053e-13 9.313935e-13 3.659365e-12 4.836464e-12 fanout1869
 4.740146e-12 0.000000e+00 9.555269e-14 4.835699e-12 clkload481
 2.453913e-13 9.299435e-13 3.659365e-12 4.834700e-12 fanout1748
 2.445450e-13 9.289290e-13 3.659365e-12 4.832839e-12 fanout1776
 4.736926e-12 0.000000e+00 9.555269e-14 4.832479e-12 clkload475
 2.434052e-13 9.210322e-13 3.659365e-12 4.823803e-12 fanout1915
 2.465446e-13 9.164636e-13 3.659365e-12 4.822373e-12 fanout1680
 2.431568e-13 9.198430e-13 3.659365e-12 4.822365e-12 fanout1625
 2.450989e-13 9.172093e-13 3.659365e-12 4.821673e-12 fanout1970
 2.457917e-13 9.130478e-13 3.659365e-12 4.818205e-12 fanout1888
 2.439799e-13 9.142189e-13 3.659365e-12 4.817564e-12 fanout1795
 2.447473e-13 9.119279e-13 3.659365e-12 4.816040e-12 fanout1762
 2.437660e-13 9.115058e-13 3.659365e-12 4.814637e-12 fanout1895
 2.453035e-13 9.048454e-13 3.659365e-12 4.809514e-12 fanout1608
 2.440930e-13 9.055586e-13 3.659365e-12 4.809017e-12 fanout1815
 2.454795e-13 8.985112e-13 3.659365e-12 4.803356e-12 fanout1897
 2.470900e-13 8.918469e-13 3.659365e-12 4.798302e-12 fanout1850
 2.447901e-13 8.922679e-13 3.659365e-12 4.796423e-12 fanout1681
 2.453624e-13 8.914125e-13 3.659365e-12 4.796140e-12 fanout1833
 4.698319e-12 0.000000e+00 9.555269e-14 4.793871e-12 clkload297
 2.438775e-13 8.844384e-13 3.659365e-12 4.787681e-12 fanout1753
 4.692028e-12 0.000000e+00 9.555269e-14 4.787581e-12 clkload538
 2.464789e-13 8.790204e-13 3.659365e-12 4.784865e-12 fanout1792
 4.686666e-12 0.000000e+00 9.555269e-14 4.782218e-12 clkload395
 2.453254e-13 8.725012e-13 3.659365e-12 4.777192e-12 fanout1634
 2.432699e-13 8.741568e-13 3.659365e-12 4.776792e-12 fanout1962
 2.453951e-13 8.650265e-13 3.659365e-12 4.769787e-12 fanout1964
 4.669849e-12 0.000000e+00 9.555269e-14 4.765402e-12 clkload308
 2.432321e-13 8.502927e-13 3.659365e-12 4.752890e-12 fanout1976
 2.447014e-13 8.444789e-13 3.659365e-12 4.748546e-12 fanout1759
 4.645001e-12 0.000000e+00 9.555269e-14 4.740553e-12 clkload492
 4.644175e-12 0.000000e+00 9.555269e-14 4.739728e-12 clkload494
 4.642009e-12 0.000000e+00 9.555269e-14 4.737562e-12 clkload345
 2.433962e-13 8.285318e-13 3.659365e-12 4.731293e-12 fanout1902
 2.462145e-13 8.254827e-13 3.659365e-12 4.731063e-12 fanout1684
 2.437284e-13 8.264953e-13 3.659365e-12 4.729589e-12 fanout1892
 2.432583e-13 8.217572e-13 3.659365e-12 4.724381e-12 fanout1973
 2.455917e-13 8.183039e-13 3.659365e-12 4.723261e-12 fanout1840
 2.449818e-13 8.171554e-13 3.659365e-12 4.721503e-12 fanout1611
 2.455371e-13 8.153664e-13 3.659365e-12 4.720269e-12 fanout1780
 2.454662e-13 8.087046e-13 3.659365e-12 4.713536e-12 fanout1852
 2.454607e-13 8.077182e-13 3.659365e-12 4.712544e-12 fanout1785
 2.432440e-13 8.091593e-13 3.659365e-12 4.711769e-12 fanout1765
 4.609232e-12 0.000000e+00 9.555269e-14 4.704785e-12 clkload282
 4.604080e-12 0.000000e+00 9.555269e-14 4.699632e-12 clkload280
 2.430294e-13 7.908543e-13 3.659365e-12 4.693249e-12 fanout1708
 4.591680e-12 0.000000e+00 9.555269e-14 4.687233e-12 clkload450
 2.438159e-13 7.775258e-13 3.659365e-12 4.680707e-12 fanout1845
 4.584585e-12 0.000000e+00 9.555269e-14 4.680137e-12 clkload514
 4.583840e-12 0.000000e+00 9.555269e-14 4.679392e-12 clkload515
 4.581855e-12 0.000000e+00 9.555269e-14 4.677408e-12 clkload512
 4.578918e-12 0.000000e+00 9.555269e-14 4.674471e-12 clkload300
 4.572649e-12 0.000000e+00 9.555256e-14 4.668201e-12 clkload50
 2.440035e-13 7.594926e-13 3.659365e-12 4.662861e-12 fanout1816
 4.561601e-12 0.000000e+00 9.555269e-14 4.657153e-12 clkload384
 4.561387e-12 0.000000e+00 9.555256e-14 4.656939e-12 clkload128
 4.557273e-12 0.000000e+00 9.555269e-14 4.652826e-12 clkload452
 4.556429e-12 0.000000e+00 9.555269e-14 4.651982e-12 clkload386
 4.556072e-12 0.000000e+00 9.555269e-14 4.651625e-12 clkload301
 2.458587e-13 7.443784e-13 3.659365e-12 4.649603e-12 fanout1694
 4.882747e-19 2.146343e-18 4.647980e-12 4.647983e-12 input8
 3.278062e-20 1.478823e-19 4.647950e-12 4.647950e-12 fanout2172
 3.265171e-20 1.308786e-19 4.647950e-12 4.647950e-12 fanout2174
 3.240563e-20 1.483146e-19 4.647950e-12 4.647950e-12 fanout2180
 3.246461e-20 1.013525e-19 4.647950e-12 4.647950e-12 fanout2189
 3.247018e-20 1.202871e-19 4.647950e-12 4.647950e-12 fanout2191
 3.261715e-20 1.279107e-19 4.647950e-12 4.647950e-12 fanout2195
 3.268783e-20 1.202579e-19 4.647950e-12 4.647950e-12 fanout2226
 3.278867e-20 1.217840e-19 4.647950e-12 4.647950e-12 fanout2233
 3.275086e-20 1.258187e-19 4.647950e-12 4.647950e-12 fanout2239
 3.268069e-20 1.382456e-19 4.647950e-12 4.647950e-12 fanout2240
 3.239760e-20 1.664941e-19 4.647950e-12 4.647950e-12 fanout2254
 3.247084e-20 1.659147e-19 4.647950e-12 4.647950e-12 fanout2260
 3.276373e-20 1.435393e-19 4.647950e-12 4.647950e-12 fanout2269
 3.251178e-20 1.292965e-19 4.647950e-12 4.647950e-12 fanout2274
 3.232241e-20 1.821846e-19 4.647950e-12 4.647950e-12 fanout2275
 2.462971e-13 7.249580e-13 3.659365e-12 4.630621e-12 fanout1670
 4.533354e-12 0.000000e+00 9.555256e-14 4.628906e-12 clkload64
 4.523005e-12 0.000000e+00 9.555256e-14 4.618558e-12 clkload82
 2.463301e-13 7.035334e-13 3.659365e-12 4.609229e-12 fanout1917
 4.507824e-12 0.000000e+00 9.555256e-14 4.603377e-12 clkload62
 4.503654e-12 0.000000e+00 9.555256e-14 4.599207e-12 clkload148
 4.498345e-12 0.000000e+00 9.555269e-14 4.593898e-12 clkload387
 4.495941e-12 0.000000e+00 9.555256e-14 4.591493e-12 clkload223
 4.482851e-12 0.000000e+00 9.555256e-14 4.578404e-12 clkload54
 4.476658e-12 0.000000e+00 9.555256e-14 4.572210e-12 clkload149
 4.446245e-12 0.000000e+00 9.555256e-14 4.541797e-12 clkload152
 4.445347e-12 0.000000e+00 9.555256e-14 4.540900e-12 clkload118
 4.441992e-12 0.000000e+00 9.555256e-14 4.537545e-12 clkload86
 4.416903e-12 0.000000e+00 9.555256e-14 4.512456e-12 clkload116
 4.406650e-12 0.000000e+00 9.555256e-14 4.502202e-12 clkload153
 4.373620e-12 0.000000e+00 9.555256e-14 4.469173e-12 clkload224
 4.369289e-12 0.000000e+00 9.555256e-14 4.464842e-12 clkload167
 4.365842e-12 0.000000e+00 9.555256e-14 4.461395e-12 clkload139
 4.355937e-12 0.000000e+00 9.555256e-14 4.451489e-12 clkload120
 4.337865e-12 0.000000e+00 9.555256e-14 4.433417e-12 clkload166
 4.273731e-12 0.000000e+00 9.555269e-14 4.369284e-12 clkload251
 4.271960e-12 0.000000e+00 9.555269e-14 4.367512e-12 clkload257
 5.786357e-20 2.412778e-19 4.325227e-12 4.325228e-12 fanout2078
 5.722708e-20 3.093211e-19 4.325227e-12 4.325228e-12 fanout2081
 5.765106e-20 2.274814e-19 4.325227e-12 4.325228e-12 fanout2083
 5.696410e-20 3.773303e-19 4.325227e-12 4.325228e-12 fanout2086
 5.756093e-20 2.520308e-19 4.325227e-12 4.325228e-12 fanout2093
 5.814075e-20 2.459344e-19 4.325227e-12 4.325228e-12 fanout2097
 5.772483e-20 2.592299e-19 4.325227e-12 4.325228e-12 fanout2098
 5.797699e-20 2.322786e-19 4.325227e-12 4.325228e-12 fanout2099
 5.724103e-20 3.233129e-19 4.325227e-12 4.325228e-12 fanout2105
 5.819050e-20 2.529280e-19 4.325227e-12 4.325228e-12 fanout2106
 5.739868e-20 2.443924e-19 4.325227e-12 4.325228e-12 fanout2108
 5.727816e-20 3.361671e-19 4.325227e-12 4.325228e-12 fanout2111
 5.804727e-20 2.394956e-19 4.325227e-12 4.325228e-12 fanout2116
 5.726809e-20 2.778248e-19 4.325227e-12 4.325228e-12 fanout2117
 5.766708e-20 2.379256e-19 4.325227e-12 4.325228e-12 fanout2118
 5.768856e-20 2.182551e-19 4.325227e-12 4.325228e-12 fanout2132
 5.699501e-20 3.884163e-19 4.325227e-12 4.325228e-12 fanout2138
 5.743249e-20 2.780406e-19 4.325227e-12 4.325228e-12 fanout2142
 5.704046e-20 3.593301e-19 4.325227e-12 4.325228e-12 fanout2144
 5.746209e-20 2.960750e-19 4.325227e-12 4.325228e-12 fanout2146
 5.755154e-20 2.741338e-19 4.325227e-12 4.325228e-12 fanout2147
 5.778230e-20 2.530175e-19 4.325227e-12 4.325228e-12 fanout2150
 5.724503e-20 3.170526e-19 4.325227e-12 4.325228e-12 fanout2151
 5.822632e-20 2.408680e-19 4.325227e-12 4.325228e-12 fanout2152
 5.765355e-20 2.464301e-19 4.325227e-12 4.325228e-12 fanout2158
 5.709512e-20 3.453928e-19 4.325227e-12 4.325228e-12 fanout2162
 5.701295e-20 3.729340e-19 4.325227e-12 4.325228e-12 fanout2163
 8.242537e-14 3.819610e-13 3.659303e-12 4.123690e-12 fanout109
 8.205753e-14 3.817646e-13 3.659303e-12 4.123125e-12 fanout141
 4.014660e-12 0.000000e+00 9.555256e-14 4.110213e-12 clkload43
 3.982903e-12 0.000000e+00 9.555256e-14 4.078456e-12 clkload21
 3.981118e-12 0.000000e+00 9.555256e-14 4.076670e-12 clkload34
 8.306345e-14 3.324695e-13 3.659303e-12 4.074836e-12 fanout216
 8.140657e-14 3.213302e-13 3.659303e-12 4.062040e-12 max_cap72
 8.174675e-14 3.193693e-13 3.659303e-12 4.060420e-12 max_cap96
 8.172448e-14 2.867521e-13 3.659303e-12 4.027780e-12 max_cap88
 8.151022e-14 2.861464e-13 3.659303e-12 4.026960e-12 max_cap76
 8.162122e-14 2.848053e-13 3.659303e-12 4.025730e-12 max_cap90
 8.158602e-14 2.794757e-13 3.659303e-12 4.020365e-12 max_cap86
 8.154477e-14 2.750842e-13 3.659303e-12 4.015932e-12 max_cap93
 8.193858e-14 2.519093e-13 3.659303e-12 3.993151e-12 max_cap79
 8.180711e-14 2.509650e-13 3.659303e-12 3.992075e-12 max_cap73
 8.140713e-14 2.412462e-13 3.659303e-12 3.981957e-12 max_cap82
 8.188415e-14 2.383508e-13 3.659303e-12 3.979538e-12 max_cap84
 8.153503e-14 1.969299e-13 3.659303e-12 3.937768e-12 max_cap92
 8.172448e-14 1.922588e-13 3.659303e-12 3.933287e-12 max_cap91
 8.159060e-14 1.908494e-13 3.659303e-12 3.931743e-12 max_cap81
 8.169578e-14 1.858189e-13 3.659303e-12 3.926818e-12 max_cap85
 8.157558e-14 1.859140e-13 3.659303e-12 3.926793e-12 max_cap75
 8.174761e-14 1.855505e-13 3.659303e-12 3.926601e-12 max_cap95
 8.154065e-14 1.853500e-13 3.659303e-12 3.926194e-12 max_cap99
 3.241223e-12 0.000000e+00 6.402289e-13 3.881452e-12 clkload540
 3.229084e-12 0.000000e+00 6.402289e-13 3.869313e-12 clkload340
 3.224806e-12 0.000000e+00 6.402289e-13 3.865035e-12 clkload431
 3.221234e-12 0.000000e+00 6.402289e-13 3.861463e-12 clkload337
 3.220818e-12 0.000000e+00 6.402289e-13 3.861047e-12 clkload470
 3.216880e-12 0.000000e+00 6.402289e-13 3.857109e-12 clkload409
 3.215811e-12 0.000000e+00 6.402289e-13 3.856040e-12 clkload374
 3.205962e-12 0.000000e+00 6.402289e-13 3.846191e-12 clkload432
 3.205677e-12 0.000000e+00 6.402289e-13 3.845906e-12 clkload429
 3.203950e-12 0.000000e+00 6.402289e-13 3.844179e-12 clkload363
 3.202793e-12 0.000000e+00 6.402289e-13 3.843022e-12 clkload404
 3.200250e-12 0.000000e+00 6.402289e-13 3.840479e-12 clkload380
 3.199418e-12 0.000000e+00 6.402289e-13 3.839646e-12 clkload442
 3.196620e-12 0.000000e+00 6.402289e-13 3.836849e-12 clkload415
 3.196401e-12 0.000000e+00 6.402289e-13 3.836630e-12 clkload462
 3.196236e-12 0.000000e+00 6.402289e-13 3.836465e-12 clkload478
 3.195679e-12 0.000000e+00 6.402289e-13 3.835908e-12 clkload393
 3.191650e-12 0.000000e+00 6.402289e-13 3.831879e-12 clkload379
 3.191493e-12 0.000000e+00 6.402289e-13 3.831722e-12 clkload471
 3.186516e-12 0.000000e+00 6.402289e-13 3.826745e-12 clkload533
 3.185160e-12 0.000000e+00 6.402289e-13 3.825388e-12 clkload357
 3.181638e-12 0.000000e+00 6.402289e-13 3.821867e-12 clkload416
 3.179798e-12 0.000000e+00 6.402289e-13 3.820027e-12 clkload484
 3.176499e-12 0.000000e+00 6.402289e-13 3.816727e-12 clkload360
 3.174809e-12 0.000000e+00 6.402289e-13 3.815038e-12 clkload534
 3.174750e-12 0.000000e+00 6.402289e-13 3.814979e-12 clkload351
 3.174623e-12 0.000000e+00 6.402289e-13 3.814852e-12 clkload323
 3.172849e-12 0.000000e+00 6.402289e-13 3.813078e-12 clkload537
 3.172027e-12 0.000000e+00 6.402289e-13 3.812256e-12 clkload447
 3.170559e-12 0.000000e+00 6.402289e-13 3.810788e-12 clkload327
 3.170330e-12 0.000000e+00 6.402289e-13 3.810559e-12 clkload500
 3.169466e-12 0.000000e+00 6.402289e-13 3.809695e-12 clkload332
 3.169307e-12 0.000000e+00 6.402289e-13 3.809536e-12 clkload330
 3.165889e-12 0.000000e+00 6.402289e-13 3.806118e-12 clkload318
 3.165213e-12 0.000000e+00 6.402289e-13 3.805442e-12 clkload309
 3.162705e-12 0.000000e+00 6.402289e-13 3.802934e-12 clkload529
 3.162468e-12 0.000000e+00 6.402289e-13 3.802696e-12 clkload288
 3.161521e-12 0.000000e+00 6.402289e-13 3.801750e-12 clkload331
 3.161359e-12 0.000000e+00 6.402289e-13 3.801588e-12 clkload531
 3.161342e-12 0.000000e+00 6.402289e-13 3.801571e-12 clkload347
 3.161026e-12 0.000000e+00 6.402289e-13 3.801255e-12 clkload532
 3.160903e-12 0.000000e+00 6.402289e-13 3.801131e-12 clkload273
 3.160748e-12 0.000000e+00 6.402289e-13 3.800977e-12 clkload479
 3.158943e-12 0.000000e+00 6.402289e-13 3.799172e-12 clkload333
 3.158534e-12 0.000000e+00 6.402289e-13 3.798763e-12 clkload527
 3.158496e-12 0.000000e+00 6.402289e-13 3.798725e-12 clkload391
 3.157821e-12 0.000000e+00 6.402289e-13 3.798050e-12 clkload342
 3.157318e-12 0.000000e+00 6.402207e-13 3.797538e-12 clkload185
 3.157037e-12 0.000000e+00 6.402289e-13 3.797265e-12 clkload521
 3.156176e-12 0.000000e+00 6.402289e-13 3.796405e-12 clkload508
 3.155062e-12 0.000000e+00 6.402289e-13 3.795290e-12 clkload526
 3.152742e-12 0.000000e+00 6.402289e-13 3.792971e-12 clkload493
 3.151922e-12 0.000000e+00 6.402207e-13 3.792143e-12 clkload176
 3.151506e-12 0.000000e+00 6.402289e-13 3.791735e-12 clkload488
 3.150983e-12 0.000000e+00 6.402289e-13 3.791211e-12 clkload511
 3.150397e-12 0.000000e+00 6.402289e-13 3.790625e-12 clkload453
 3.150026e-12 0.000000e+00 6.402289e-13 3.790255e-12 clkload451
 3.148790e-12 0.000000e+00 6.402289e-13 3.789019e-12 clkload305
 3.147808e-12 0.000000e+00 6.402289e-13 3.788037e-12 clkload510
 3.146697e-12 0.000000e+00 6.402207e-13 3.786917e-12 clkload101
 3.143412e-12 0.000000e+00 6.402289e-13 3.783641e-12 clkload520
 3.143286e-12 0.000000e+00 6.402289e-13 3.783515e-12 clkload517
 3.143091e-12 0.000000e+00 6.402289e-13 3.783320e-12 clkload513
 3.141730e-12 0.000000e+00 6.402207e-13 3.781950e-12 clkload202
 3.141625e-12 0.000000e+00 6.402207e-13 3.781845e-12 clkload100
 3.140617e-12 0.000000e+00 6.402289e-13 3.780846e-12 clkload390
 3.139599e-12 0.000000e+00 6.402207e-13 3.779820e-12 clkload196
 3.137600e-12 0.000000e+00 6.402207e-13 3.777820e-12 clkload75
 3.134121e-12 0.000000e+00 6.402207e-13 3.774342e-12 clkload194
 3.128898e-12 0.000000e+00 6.402207e-13 3.769119e-12 clkload170
 3.122849e-12 0.000000e+00 6.402207e-13 3.763069e-12 clkload239
 3.122208e-12 0.000000e+00 6.402207e-13 3.762429e-12 clkload189
 3.118532e-12 0.000000e+00 6.402207e-13 3.758753e-12 clkload70
 3.118439e-12 0.000000e+00 6.402207e-13 3.758660e-12 clkload98
 3.113820e-12 0.000000e+00 6.402207e-13 3.754041e-12 clkload103
 3.110604e-12 0.000000e+00 6.402207e-13 3.750825e-12 clkload200
 3.109439e-12 0.000000e+00 6.402207e-13 3.749660e-12 clkload201
 3.106826e-12 0.000000e+00 6.402207e-13 3.747047e-12 clkload177
 3.099460e-12 0.000000e+00 6.402207e-13 3.739680e-12 clkload182
 3.095221e-12 0.000000e+00 6.402207e-13 3.735442e-12 clkload169
 3.092744e-12 0.000000e+00 6.402207e-13 3.732964e-12 clkload205
 3.083874e-12 0.000000e+00 6.402207e-13 3.724094e-12 clkload52
 3.081671e-12 0.000000e+00 6.402207e-13 3.721892e-12 clkload240
 3.081065e-12 0.000000e+00 6.402207e-13 3.721285e-12 clkload112
 3.079719e-12 0.000000e+00 6.402207e-13 3.719940e-12 clkload78
 3.079660e-12 0.000000e+00 6.402207e-13 3.719880e-12 clkload115
 3.074757e-12 0.000000e+00 6.402207e-13 3.714978e-12 clkload125
 3.074627e-12 0.000000e+00 6.402207e-13 3.714847e-12 clkload87
 3.071177e-12 0.000000e+00 6.402207e-13 3.711398e-12 clkload104
 3.059010e-12 0.000000e+00 6.402207e-13 3.699231e-12 clkload53
 3.055837e-12 0.000000e+00 6.402207e-13 3.696057e-12 clkload221
 3.054885e-12 0.000000e+00 6.402207e-13 3.695105e-12 clkload228
 3.049359e-12 0.000000e+00 6.402207e-13 3.689580e-12 clkload215
 3.048611e-12 0.000000e+00 6.402207e-13 3.688832e-12 clkload65
 3.045940e-12 0.000000e+00 6.402207e-13 3.686161e-12 clkload59
 3.045456e-12 0.000000e+00 6.402207e-13 3.685677e-12 clkload230
 3.044468e-12 0.000000e+00 6.402207e-13 3.684689e-12 clkload154
 3.043754e-12 0.000000e+00 6.402207e-13 3.683975e-12 clkload56
 3.042403e-12 0.000000e+00 6.402207e-13 3.682624e-12 clkload147
 3.042273e-12 0.000000e+00 6.402207e-13 3.682494e-12 clkload235
 3.040853e-12 0.000000e+00 6.402207e-13 3.681074e-12 clkload114
 3.242260e-20 1.588429e-19 3.659349e-12 3.659349e-12 fanout2084
 3.273779e-20 1.454386e-19 3.659349e-12 3.659349e-12 fanout2092
 3.254800e-20 1.381050e-19 3.659349e-12 3.659349e-12 fanout2102
 3.274769e-20 1.154758e-19 3.659349e-12 3.659349e-12 fanout2107
 3.245084e-20 1.550544e-19 3.659349e-12 3.659349e-12 fanout2110
 3.264659e-20 1.478766e-19 3.659349e-12 3.659349e-12 fanout2114
 3.273318e-20 1.156593e-19 3.659349e-12 3.659349e-12 fanout2121
 3.244702e-20 1.295356e-19 3.659349e-12 3.659349e-12 fanout2131
 3.240757e-20 1.451251e-19 3.659349e-12 3.659349e-12 fanout2141
 3.242481e-20 1.336690e-19 3.659349e-12 3.659349e-12 fanout2143
 3.259242e-20 1.362165e-19 3.659349e-12 3.659349e-12 fanout2153
 3.243467e-20 1.367728e-19 3.659349e-12 3.659349e-12 fanout2156
 3.244450e-20 1.485476e-19 3.659349e-12 3.659349e-12 fanout2161
 3.007822e-12 0.000000e+00 6.402207e-13 3.648043e-12 clkload158
 1.804784e-12 0.000000e+00 2.364898e-13 2.041274e-12 clkload173
 1.803639e-12 0.000000e+00 2.364898e-13 2.040129e-12 clkload171
 1.794829e-12 0.000000e+00 2.364898e-13 2.031319e-12 clkload174
 1.494140e-13 5.720514e-13 1.181000e-12 1.902465e-12 fanout1767
 1.482323e-13 4.800367e-13 1.181000e-12 1.809269e-12 fanout1755
 1.478407e-13 4.710229e-13 1.181000e-12 1.799864e-12 fanout1943
 1.490284e-13 2.879500e-13 1.181000e-12 1.617978e-12 max_cap414
 1.485802e-13 2.548858e-13 1.181000e-12 1.584466e-12 max_cap458
 1.466124e-13 9.313856e-14 1.181000e-12 1.420751e-12 _55210_
 1.455242e-13 7.815279e-14 1.181000e-12 1.404677e-12 _55209_
 1.452535e-13 7.582899e-14 1.181000e-12 1.402082e-12 _55215_
 1.451944e-13 7.455993e-14 1.181000e-12 1.400754e-12 _55216_
 1.455797e-13 7.025877e-14 1.181000e-12 1.396838e-12 _55214_
 1.452207e-13 7.038993e-14 1.181000e-12 1.396611e-12 _55211_
 1.455041e-13 6.858369e-14 1.181000e-12 1.395088e-12 _55212_
 1.454699e-13 6.782750e-14 1.181000e-12 1.394297e-12 _55208_
 1.448422e-13 6.699177e-14 1.181000e-12 1.392834e-12 _55217_
 1.453913e-13 6.608305e-14 1.181000e-12 1.392474e-12 _55213_
 4.966611e-14 1.319009e-13 1.181000e-12 1.362567e-12 fanout1589
 4.953717e-14 8.017339e-14 1.181000e-12 1.310711e-12 max_cap469
 4.990337e-14 7.335870e-14 1.181000e-12 1.304262e-12 max_cap1304
 4.952743e-14 7.316023e-14 1.181000e-12 1.303688e-12 max_cap455
 4.947800e-14 7.297181e-14 1.181000e-12 1.303450e-12 max_cap471
 4.868794e-14 2.794364e-14 1.181000e-12 1.257632e-12 _55218_
 4.874339e-14 2.591842e-14 1.181000e-12 1.255662e-12 _55223_
 4.857888e-14 2.577976e-14 1.181000e-12 1.255359e-12 _55226_
 4.868395e-14 2.472477e-14 1.181000e-12 1.254409e-12 _55225_
 4.852572e-14 2.472477e-14 1.181000e-12 1.254251e-12 _55219_
 4.867314e-14 2.450756e-14 1.181000e-12 1.254181e-12 _55221_
 4.867083e-14 2.446131e-14 1.181000e-12 1.254132e-12 _55227_
 4.851245e-14 2.446131e-14 1.181000e-12 1.253974e-12 _55222_
 4.861426e-14 2.332506e-14 1.181000e-12 1.252939e-12 _55220_
 4.845845e-14 2.339010e-14 1.181000e-12 1.252849e-12 _55224_
