     Internal    Switching      Leakage        Total
        Power        Power        Power        Power (Watts)
----------------------------------------------------
 6.172014e-06 1.128296e-05 2.831058e-10 1.745526e-05 clkbuf_2_3__f_core_clk
 6.171716e-06 1.095623e-05 2.831058e-10 1.712823e-05 clkbuf_2_1__f_core_clk
 6.171527e-06 1.075327e-05 2.831058e-10 1.692508e-05 clkbuf_2_0__f_core_clk
 6.170366e-06 9.506271e-06 2.831058e-10 1.567692e-05 clkbuf_2_2__f_core_clk
 2.540116e-06 1.287700e-05 2.776611e-10 1.541739e-05 clkbuf_0_w_clk
 6.324344e-06 7.722645e-06 2.831058e-10 1.404727e-05 clkbuf_0_core_clk
 3.028000e-06 9.384277e-06 1.529581e-10 1.241243e-05 clkbuf_leaf_13_core_clk
 3.106723e-06 8.748159e-06 2.780680e-10 1.185516e-05 clkbuf_0_v_clk
 3.023920e-06 7.810364e-06 1.529581e-10 1.083444e-05 clkbuf_leaf_21_core_clk
 3.023158e-06 6.494543e-06 1.529581e-10 9.517853e-06 clkbuf_leaf_20_core_clk
 3.023039e-06 6.292090e-06 1.529581e-10 9.315281e-06 clkbuf_leaf_19_core_clk
 6.414518e-06 2.557069e-06 2.833496e-10 8.971871e-06 clkbuf_0_clk
 1.235687e-06 7.351335e-06 1.501249e-10 8.587172e-06 clkbuf_2_2_0_v_clk
 6.462678e-06 1.316493e-06 2.833496e-10 7.779456e-06 clkbuf_1_0__f_clk
 3.020270e-06 4.696762e-06 1.529581e-10 7.717185e-06 clkbuf_leaf_26_core_clk
 1.233833e-06 6.349146e-06 1.501249e-10 7.583129e-06 clkbuf_2_3_0_v_clk
 1.232090e-06 6.322056e-06 1.501249e-10 7.554296e-06 clkbuf_2_0_0_v_clk
 1.231360e-06 6.181738e-06 1.501249e-10 7.413248e-06 clkbuf_2_1_0_v_clk
 6.504011e-06 6.866506e-07 2.833496e-10 7.190945e-06 clkbuf_1_1__f_clk
 3.029208e-06 3.909117e-06 1.529581e-10 6.938478e-06 clkbuf_leaf_25_core_clk
 2.685901e-06 4.248618e-06 2.780680e-10 6.934797e-06 clkbuf_5_15__f_v_clk
 3.032577e-06 3.892827e-06 1.529581e-10 6.925557e-06 clkbuf_leaf_24_core_clk
 3.031745e-06 3.686315e-06 1.529581e-10 6.718213e-06 clkbuf_leaf_27_core_clk
 3.033286e-06 3.565247e-06 1.529581e-10 6.598686e-06 clkbuf_leaf_33_core_clk
 3.036498e-06 3.555679e-06 1.529581e-10 6.592330e-06 clkbuf_leaf_22_core_clk
 1.143945e-06 5.386608e-06 1.498960e-10 6.530703e-06 clkbuf_4_12_0_w_clk
 3.033958e-06 3.493817e-06 1.529581e-10 6.527928e-06 clkbuf_leaf_28_core_clk
 3.037405e-06 3.477135e-06 1.529581e-10 6.514692e-06 clkbuf_leaf_23_core_clk
 2.700737e-06 3.799180e-06 2.780680e-10 6.500195e-06 clkbuf_5_24__f_v_clk
 2.700737e-06 3.730104e-06 2.780680e-10 6.431118e-06 clkbuf_5_28__f_v_clk
 3.038428e-06 3.387766e-06 1.529581e-10 6.426347e-06 clkbuf_leaf_16_core_clk
 2.689652e-06 3.718963e-06 2.780680e-10 6.408893e-06 clkbuf_5_12__f_v_clk
 3.035481e-06 3.364835e-06 1.529581e-10 6.400469e-06 clkbuf_leaf_31_core_clk
 2.702782e-06 3.664044e-06 2.780680e-10 6.367105e-06 clkbuf_5_26__f_v_clk
 2.703007e-06 3.654540e-06 2.780680e-10 6.357825e-06 clkbuf_5_27__f_v_clk
 2.703488e-06 3.637532e-06 2.780680e-10 6.341298e-06 clkbuf_5_29__f_v_clk
 2.703161e-06 3.627586e-06 2.780680e-10 6.331025e-06 clkbuf_5_7__f_v_clk
 2.694197e-06 3.582055e-06 2.780680e-10 6.276530e-06 clkbuf_5_9__f_v_clk
 3.036848e-06 3.237847e-06 1.529581e-10 6.274848e-06 clkbuf_leaf_29_core_clk
 2.694305e-06 3.579943e-06 2.780680e-10 6.274525e-06 clkbuf_5_8__f_v_clk
 2.706836e-06 3.563921e-06 2.780680e-10 6.271035e-06 clkbuf_5_25__f_v_clk
 2.708756e-06 3.504359e-06 2.780680e-10 6.213392e-06 clkbuf_5_30__f_v_clk
 2.708514e-06 3.486755e-06 2.780680e-10 6.195547e-06 clkbuf_5_6__f_v_clk
 2.708149e-06 3.477694e-06 2.780680e-10 6.186121e-06 clkbuf_5_3__f_v_clk
 2.788963e-06 3.375681e-06 2.780680e-10 6.164922e-06 clkbuf_5_17__f_v_clk
 2.709738e-06 3.451643e-06 2.780680e-10 6.161659e-06 clkbuf_5_5__f_v_clk
 3.041599e-06 3.115590e-06 1.529581e-10 6.157342e-06 clkbuf_leaf_15_core_clk
 3.038257e-06 3.111917e-06 1.529581e-10 6.150326e-06 clkbuf_leaf_34_core_clk
 3.042553e-06 3.032520e-06 1.529581e-10 6.075226e-06 clkbuf_leaf_18_core_clk
 2.714703e-06 3.317295e-06 2.780680e-10 6.032276e-06 clkbuf_5_4__f_v_clk
 2.796551e-06 3.207872e-06 2.780680e-10 6.004701e-06 clkbuf_5_18__f_v_clk
 2.718853e-06 3.243706e-06 2.780680e-10 5.962837e-06 clkbuf_5_31__f_v_clk
 2.799275e-06 3.144180e-06 2.780680e-10 5.943732e-06 clkbuf_5_16__f_v_clk
 2.709302e-06 3.197897e-06 2.780680e-10 5.907478e-06 clkbuf_5_14__f_v_clk
 3.041084e-06 2.862742e-06 1.529581e-10 5.903978e-06 clkbuf_leaf_0_core_clk
 3.044861e-06 2.833719e-06 1.529581e-10 5.878733e-06 clkbuf_leaf_17_core_clk
 2.711148e-06 3.136318e-06 2.780680e-10 5.847744e-06 clkbuf_5_11__f_v_clk
 2.805214e-06 3.011047e-06 2.780680e-10 5.816539e-06 clkbuf_5_19__f_v_clk
 3.042770e-06 2.719937e-06 1.529581e-10 5.762859e-06 clkbuf_leaf_30_core_clk
 3.042837e-06 2.718815e-06 1.529581e-10 5.761805e-06 clkbuf_leaf_32_core_clk
 2.725405e-06 3.029740e-06 2.780680e-10 5.755422e-06 clkbuf_5_2__f_v_clk
 2.725979e-06 3.021384e-06 2.780680e-10 5.747640e-06 clkbuf_5_1__f_v_clk
 3.051007e-06 2.669051e-06 1.529581e-10 5.720211e-06 clkbuf_leaf_9_core_clk
 2.810378e-06 2.886421e-06 2.780680e-10 5.697076e-06 clkbuf_5_20__f_v_clk
 2.718123e-06 2.957443e-06 2.780680e-10 5.675844e-06 clkbuf_5_13__f_v_clk
 2.718130e-06 2.953213e-06 2.780680e-10 5.671620e-06 clkbuf_5_10__f_v_clk
 2.816802e-06 2.747301e-06 2.780680e-10 5.564381e-06 clkbuf_5_23__f_v_clk
 2.816598e-06 2.744956e-06 2.780680e-10 5.561832e-06 clkbuf_5_21__f_v_clk
 3.053034e-06 2.497594e-06 1.529581e-10 5.550780e-06 clkbuf_leaf_12_core_clk
 3.024974e-06 2.512027e-06 1.529581e-10 5.537154e-06 clkbuf_leaf_5_core_clk
 2.737007e-06 2.735703e-06 2.780680e-10 5.472988e-06 clkbuf_5_0__f_v_clk
 3.026283e-06 2.387151e-06 1.529581e-10 5.413587e-06 clkbuf_leaf_4_core_clk
 3.026344e-06 2.384626e-06 1.529581e-10 5.411122e-06 clkbuf_leaf_3_core_clk
 3.026136e-06 2.380376e-06 1.529581e-10 5.406665e-06 clkbuf_leaf_6_core_clk
 3.026736e-06 2.301836e-06 1.529581e-10 5.328725e-06 clkbuf_leaf_8_core_clk
 2.831955e-06 2.402455e-06 2.780680e-10 5.234688e-06 clkbuf_5_22__f_v_clk
 3.058258e-06 2.063010e-06 1.529581e-10 5.121421e-06 clkbuf_leaf_10_core_clk
 3.029020e-06 2.091175e-06 1.529581e-10 5.120347e-06 clkbuf_leaf_7_core_clk
 1.145796e-06 3.952337e-06 1.498960e-10 5.098282e-06 clkbuf_4_13_0_w_clk
 1.174676e-06 3.901162e-06 1.498960e-10 5.075987e-06 clkbuf_4_4_0_w_clk
 1.152706e-06 3.830779e-06 1.498960e-10 4.983635e-06 clkbuf_4_8_0_w_clk
 1.146934e-06 3.748972e-06 1.498960e-10 4.896056e-06 clkbuf_4_11_0_w_clk
 1.178191e-06 3.680623e-06 1.498960e-10 4.858964e-06 clkbuf_4_7_0_w_clk
 1.163969e-06 3.659120e-06 1.498960e-10 4.823239e-06 clkbuf_4_2_0_w_clk
 1.168806e-06 3.629842e-06 1.498960e-10 4.798798e-06 clkbuf_4_0_0_w_clk
 3.032669e-06 1.748382e-06 1.529581e-10 4.781204e-06 clkbuf_leaf_1_core_clk
 1.147668e-06 3.603421e-06 1.498960e-10 4.751239e-06 clkbuf_4_15_0_w_clk
 3.062750e-06 1.687630e-06 1.529581e-10 4.750533e-06 clkbuf_leaf_11_core_clk
 1.179508e-06 3.547291e-06 1.498960e-10 4.726949e-06 clkbuf_4_5_0_w_clk
 1.170402e-06 3.535052e-06 1.498960e-10 4.705605e-06 clkbuf_4_1_0_w_clk
 3.033419e-06 1.633517e-06 1.529581e-10 4.667089e-06 clkbuf_leaf_2_core_clk
 1.151706e-06 3.506674e-06 1.498960e-10 4.658530e-06 clkbuf_4_10_0_w_clk
 1.155304e-06 3.473555e-06 1.498960e-10 4.629009e-06 clkbuf_4_9_0_w_clk
 3.065285e-06 1.469949e-06 1.529581e-10 4.535387e-06 clkbuf_leaf_14_core_clk
 1.167984e-06 3.360362e-06 1.498960e-10 4.528496e-06 clkbuf_4_3_0_w_clk
 1.150306e-06 3.260494e-06 1.498960e-10 4.410950e-06 clkbuf_4_14_0_w_clk
 1.181827e-06 3.215081e-06 1.498960e-10 4.397057e-06 clkbuf_4_6_0_w_clk
 3.145903e-06 0.000000e+00 1.529581e-10 3.146056e-06 clkload1
 1.176577e-06 1.153186e-06 1.501249e-10 2.329913e-06 clkbuf_leaf_181_v_clk
 1.158834e-06 1.046260e-06 1.498960e-10 2.205244e-06 clkbuf_leaf_85_w_clk
 1.159410e-06 1.032323e-06 1.498960e-10 2.191883e-06 clkbuf_leaf_73_w_clk
 1.159748e-06 1.021157e-06 1.498960e-10 2.181055e-06 clkbuf_leaf_75_w_clk
 1.102389e-06 9.738526e-07 1.498960e-10 2.076392e-06 clkbuf_leaf_19_w_clk
 1.175966e-06 8.449707e-07 1.501249e-10 2.021087e-06 clkbuf_leaf_209_v_clk
 1.098208e-06 9.113793e-07 1.498960e-10 2.009737e-06 clkbuf_leaf_133_w_clk
 1.102150e-06 9.047524e-07 1.498960e-10 2.007052e-06 clkbuf_leaf_41_w_clk
 1.168139e-06 7.861592e-07 1.498960e-10 1.954448e-06 clkbuf_leaf_74_w_clk
 1.100731e-06 8.460834e-07 1.498960e-10 1.946964e-06 clkbuf_leaf_7_w_clk
 1.109846e-06 8.334075e-07 1.498960e-10 1.943404e-06 clkbuf_leaf_95_w_clk
 1.193200e-06 7.471666e-07 1.501249e-10 1.940516e-06 clkbuf_leaf_71_v_clk
 1.106085e-06 8.312777e-07 1.498960e-10 1.937512e-06 clkbuf_leaf_20_w_clk
 1.110153e-06 8.211438e-07 1.498960e-10 1.931447e-06 clkbuf_leaf_82_w_clk
 1.104229e-06 8.229538e-07 1.498960e-10 1.927333e-06 clkbuf_leaf_57_w_clk
 1.106515e-06 8.158167e-07 1.498960e-10 1.922481e-06 clkbuf_leaf_16_w_clk
 1.110678e-06 7.991180e-07 1.498960e-10 1.909946e-06 clkbuf_leaf_81_w_clk
 1.180717e-06 7.281860e-07 1.501249e-10 1.909053e-06 clkbuf_leaf_180_v_clk
 1.104990e-06 7.929187e-07 1.498960e-10 1.898059e-06 clkbuf_leaf_58_w_clk
 1.186632e-06 7.091224e-07 1.501249e-10 1.895904e-06 clkbuf_leaf_87_v_clk
 1.105216e-06 7.837526e-07 1.498960e-10 1.889119e-06 clkbuf_leaf_42_w_clk
 1.176886e-06 7.032443e-07 1.501249e-10 1.880280e-06 clkbuf_leaf_11_v_clk
 1.180971e-06 6.954750e-07 1.501249e-10 1.876597e-06 clkbuf_leaf_183_v_clk
 1.102545e-06 7.728927e-07 1.498960e-10 1.875587e-06 clkbuf_leaf_23_w_clk
 1.110892e-06 7.612224e-07 1.498960e-10 1.872265e-06 clkbuf_leaf_114_w_clk
 1.186908e-06 6.817464e-07 1.501249e-10 1.868805e-06 clkbuf_leaf_86_v_clk
 1.194057e-06 6.738873e-07 1.501249e-10 1.868094e-06 clkbuf_leaf_74_v_clk
 1.098610e-06 7.684308e-07 1.498960e-10 1.867191e-06 clkbuf_leaf_125_w_clk
 1.092951e-06 7.730644e-07 1.498960e-10 1.866165e-06 clkbuf_leaf_10_w_clk
 1.102802e-06 7.621182e-07 1.498960e-10 1.865070e-06 clkbuf_leaf_9_w_clk
 1.181078e-06 6.820013e-07 1.501249e-10 1.863230e-06 clkbuf_leaf_190_v_clk
 1.108232e-06 7.497612e-07 1.498960e-10 1.858143e-06 clkbuf_leaf_27_w_clk
 1.106084e-06 7.495299e-07 1.498960e-10 1.855764e-06 clkbuf_leaf_43_w_clk
 1.177035e-06 6.778722e-07 1.501249e-10 1.855057e-06 clkbuf_leaf_257_v_clk
 1.183307e-06 6.672419e-07 1.501249e-10 1.850699e-06 clkbuf_leaf_96_v_clk
 1.171878e-06 6.784099e-07 1.498960e-10 1.850438e-06 clkbuf_leaf_86_w_clk
 1.194289e-06 6.553764e-07 1.501249e-10 1.849816e-06 clkbuf_leaf_69_v_clk
 1.179382e-06 6.694617e-07 1.501249e-10 1.848994e-06 clkbuf_leaf_197_v_clk
 1.093388e-06 7.539777e-07 1.498960e-10 1.847515e-06 clkbuf_leaf_11_w_clk
 1.194361e-06 6.504205e-07 1.501249e-10 1.844932e-06 clkbuf_leaf_72_v_clk
 1.102388e-06 7.410066e-07 1.498960e-10 1.843544e-06 clkbuf_leaf_1_w_clk
 1.099299e-06 7.397057e-07 1.498960e-10 1.839154e-06 clkbuf_leaf_124_w_clk
 1.106594e-06 7.299837e-07 1.498960e-10 1.836727e-06 clkbuf_leaf_39_w_clk
 1.093649e-06 7.424659e-07 1.498960e-10 1.836264e-06 clkbuf_leaf_8_w_clk
 1.194483e-06 6.397802e-07 1.501249e-10 1.834414e-06 clkbuf_leaf_73_v_clk
 1.183662e-06 6.491526e-07 1.501249e-10 1.832964e-06 clkbuf_leaf_35_v_clk
 1.099511e-06 7.308244e-07 1.498960e-10 1.830486e-06 clkbuf_leaf_126_w_clk
 1.112040e-06 7.175643e-07 1.498960e-10 1.829754e-06 clkbuf_leaf_112_w_clk
 1.187359e-06 6.410294e-07 1.501249e-10 1.828539e-06 clkbuf_leaf_93_v_clk
 1.106854e-06 7.196190e-07 1.498960e-10 1.826623e-06 clkbuf_leaf_38_w_clk
 1.184558e-06 6.398145e-07 1.501249e-10 1.824522e-06 clkbuf_leaf_199_v_clk
 1.187431e-06 6.348955e-07 1.501249e-10 1.822477e-06 clkbuf_leaf_76_v_clk
 1.112374e-06 7.053463e-07 1.498960e-10 1.817870e-06 clkbuf_leaf_127_w_clk
 1.089936e-06 7.272609e-07 1.498960e-10 1.817346e-06 clkbuf_leaf_53_w_clk
 1.177835e-06 6.384582e-07 1.501249e-10 1.816444e-06 clkbuf_leaf_206_v_clk
 1.109401e-06 7.038223e-07 1.498960e-10 1.813373e-06 clkbuf_leaf_22_w_clk
 1.177495e-06 6.355034e-07 1.501249e-10 1.813148e-06 clkbuf_leaf_5_v_clk
 1.184865e-06 6.263010e-07 1.501249e-10 1.811316e-06 clkbuf_leaf_132_v_clk
 1.100005e-06 7.099907e-07 1.498960e-10 1.810146e-06 clkbuf_leaf_123_w_clk
 1.113494e-06 6.961994e-07 1.498960e-10 1.809844e-06 clkbuf_leaf_97_w_clk
 1.113501e-06 6.953804e-07 1.498960e-10 1.809032e-06 clkbuf_leaf_83_w_clk
 1.112638e-06 6.942672e-07 1.498960e-10 1.807055e-06 clkbuf_leaf_128_w_clk
 1.112658e-06 6.937813e-07 1.498960e-10 1.806589e-06 clkbuf_leaf_109_w_clk
 1.090198e-06 7.154015e-07 1.498960e-10 1.805750e-06 clkbuf_leaf_63_w_clk
 1.181681e-06 6.235884e-07 1.501249e-10 1.805420e-06 clkbuf_leaf_191_v_clk
 1.184743e-06 6.196830e-07 1.501249e-10 1.804576e-06 clkbuf_leaf_220_v_clk
 1.194882e-06 6.061545e-07 1.501249e-10 1.801187e-06 clkbuf_leaf_67_v_clk
 1.187681e-06 6.118828e-07 1.501249e-10 1.799714e-06 clkbuf_leaf_77_v_clk
 1.183870e-06 6.127759e-07 1.501249e-10 1.796796e-06 clkbuf_leaf_95_v_clk
 1.184836e-06 6.109191e-07 1.501249e-10 1.795905e-06 clkbuf_leaf_204_v_clk
 1.185225e-06 6.102042e-07 1.501249e-10 1.795579e-06 clkbuf_leaf_110_v_clk
 1.094622e-06 6.997749e-07 1.498960e-10 1.794547e-06 clkbuf_leaf_12_w_clk
 1.100390e-06 6.939367e-07 1.498960e-10 1.794476e-06 clkbuf_leaf_122_w_clk
 1.109916e-06 6.832695e-07 1.498960e-10 1.793335e-06 clkbuf_leaf_21_w_clk
 1.182739e-06 6.102754e-07 1.501249e-10 1.793165e-06 clkbuf_leaf_215_v_clk
 1.113050e-06 6.796254e-07 1.498960e-10 1.792825e-06 clkbuf_leaf_110_w_clk
 1.185050e-06 6.054062e-07 1.501249e-10 1.790606e-06 clkbuf_leaf_140_v_clk
 1.103729e-06 6.863950e-07 1.498960e-10 1.790273e-06 clkbuf_leaf_13_w_clk
 1.175232e-06 6.135240e-07 1.501249e-10 1.788906e-06 clkbuf_leaf_168_v_clk
 1.114019e-06 6.745574e-07 1.498960e-10 1.788727e-06 clkbuf_leaf_84_w_clk
 1.178723e-06 6.079104e-07 1.501249e-10 1.786783e-06 clkbuf_leaf_47_v_clk
 1.182809e-06 6.032043e-07 1.501249e-10 1.786164e-06 clkbuf_leaf_223_v_clk
 1.090682e-06 6.940257e-07 1.498960e-10 1.784857e-06 clkbuf_leaf_54_w_clk
 1.181860e-06 6.013685e-07 1.501249e-10 1.783378e-06 clkbuf_leaf_189_v_clk
 1.102800e-06 6.774513e-07 1.498960e-10 1.780401e-06 clkbuf_leaf_64_w_clk
 1.185006e-06 5.947004e-07 1.501249e-10 1.779857e-06 clkbuf_leaf_226_v_clk
 1.184050e-06 5.941714e-07 1.501249e-10 1.778372e-06 clkbuf_leaf_85_v_clk
 1.105045e-06 6.713367e-07 1.498960e-10 1.776532e-06 clkbuf_leaf_5_w_clk
 1.195216e-06 5.769147e-07 1.501249e-10 1.772281e-06 clkbuf_leaf_78_v_clk
 1.195217e-06 5.767577e-07 1.501249e-10 1.772125e-06 clkbuf_leaf_80_v_clk
 1.105153e-06 6.664271e-07 1.498960e-10 1.771730e-06 clkbuf_leaf_2_w_clk
 1.185265e-06 5.847827e-07 1.501249e-10 1.770198e-06 clkbuf_leaf_143_v_clk
 1.182827e-06 5.864678e-07 1.501249e-10 1.769444e-06 clkbuf_leaf_22_v_clk
 1.179514e-06 5.887862e-07 1.501249e-10 1.768450e-06 clkbuf_leaf_212_v_clk
 1.178276e-06 5.894577e-07 1.501249e-10 1.767884e-06 clkbuf_leaf_210_v_clk
 1.178311e-06 5.855825e-07 1.501249e-10 1.764044e-06 clkbuf_leaf_213_v_clk
 1.179554e-06 5.836686e-07 1.501249e-10 1.763373e-06 clkbuf_leaf_185_v_clk
 1.195365e-06 5.662834e-07 1.501249e-10 1.761799e-06 clkbuf_leaf_70_v_clk
 1.185249e-06 5.724149e-07 1.501249e-10 1.757814e-06 clkbuf_leaf_205_v_clk
 1.101335e-06 6.554639e-07 1.498960e-10 1.756949e-06 clkbuf_leaf_131_w_clk
 1.176268e-06 5.795426e-07 1.501249e-10 1.755961e-06 clkbuf_leaf_253_v_clk
 1.187194e-06 5.677422e-07 1.501249e-10 1.755087e-06 clkbuf_leaf_154_v_clk
 1.179638e-06 5.749615e-07 1.501249e-10 1.754749e-06 clkbuf_leaf_184_v_clk
 1.184486e-06 5.696276e-07 1.501249e-10 1.754263e-06 clkbuf_leaf_29_v_clk
 1.180160e-06 5.711170e-07 1.501249e-10 1.751427e-06 clkbuf_leaf_119_v_clk
 1.184356e-06 5.647061e-07 1.501249e-10 1.749212e-06 clkbuf_leaf_98_v_clk
 1.183182e-06 5.658567e-07 1.501249e-10 1.749189e-06 clkbuf_leaf_224_v_clk
 1.101520e-06 6.475152e-07 1.498960e-10 1.749185e-06 clkbuf_leaf_132_w_clk
 1.185700e-06 5.620964e-07 1.501249e-10 1.747947e-06 clkbuf_leaf_112_v_clk
 1.184555e-06 5.623459e-07 1.501249e-10 1.747051e-06 clkbuf_leaf_20_v_clk
 1.178123e-06 5.655847e-07 1.501249e-10 1.743858e-06 clkbuf_leaf_8_v_clk
 1.188268e-06 5.552661e-07 1.501249e-10 1.743684e-06 clkbuf_leaf_88_v_clk
 1.185576e-06 5.567304e-07 1.501249e-10 1.742457e-06 clkbuf_leaf_145_v_clk
 1.185388e-06 5.567857e-07 1.501249e-10 1.742324e-06 clkbuf_leaf_225_v_clk
 1.188302e-06 5.530563e-07 1.501249e-10 1.741509e-06 clkbuf_leaf_90_v_clk
 1.179734e-06 5.561197e-07 1.501249e-10 1.736004e-06 clkbuf_leaf_62_v_clk
 1.175689e-06 5.591644e-07 1.501249e-10 1.735003e-06 clkbuf_leaf_172_v_clk
 1.179209e-06 5.550077e-07 1.501249e-10 1.734366e-06 clkbuf_leaf_27_v_clk
 1.187149e-06 5.456430e-07 1.501249e-10 1.732942e-06 clkbuf_leaf_25_v_clk
 1.195713e-06 5.367204e-07 1.501249e-10 1.732584e-06 clkbuf_leaf_68_v_clk
 1.178236e-06 5.525985e-07 1.501249e-10 1.730985e-06 clkbuf_leaf_13_v_clk
 1.184554e-06 5.462332e-07 1.501249e-10 1.730937e-06 clkbuf_leaf_84_v_clk
 1.180508e-06 5.498470e-07 1.501249e-10 1.730505e-06 clkbuf_leaf_201_v_clk
 1.180514e-06 5.490910e-07 1.501249e-10 1.729755e-06 clkbuf_leaf_187_v_clk
 1.185569e-06 5.409791e-07 1.501249e-10 1.726698e-06 clkbuf_leaf_219_v_clk
 1.179828e-06 5.460719e-07 1.501249e-10 1.726050e-06 clkbuf_leaf_79_v_clk
 1.183723e-06 5.413909e-07 1.501249e-10 1.725264e-06 clkbuf_leaf_126_v_clk
 1.178309e-06 5.444483e-07 1.501249e-10 1.722908e-06 clkbuf_leaf_10_v_clk
 1.184771e-06 5.375658e-07 1.501249e-10 1.722487e-06 clkbuf_leaf_36_v_clk
 1.185966e-06 5.356919e-07 1.501249e-10 1.721808e-06 clkbuf_leaf_111_v_clk
 1.105481e-06 6.143966e-07 1.498960e-10 1.720028e-06 clkbuf_leaf_134_w_clk
 1.109613e-06 6.102492e-07 1.498960e-10 1.720012e-06 clkbuf_leaf_40_w_clk
 1.183075e-06 5.356841e-07 1.501249e-10 1.718909e-06 clkbuf_leaf_214_v_clk
 1.179921e-06 5.374746e-07 1.501249e-10 1.717546e-06 clkbuf_leaf_65_v_clk
 1.186115e-06 5.292709e-07 1.501249e-10 1.715536e-06 clkbuf_leaf_157_v_clk
 1.183383e-06 5.317700e-07 1.501249e-10 1.715303e-06 clkbuf_leaf_2_v_clk
 1.178385e-06 5.358579e-07 1.501249e-10 1.714393e-06 clkbuf_leaf_12_v_clk
 1.116124e-06 5.962157e-07 1.498960e-10 1.712489e-06 clkbuf_leaf_80_w_clk
 1.183168e-06 5.256659e-07 1.501249e-10 1.708984e-06 clkbuf_leaf_235_v_clk
 1.182646e-06 5.261533e-07 1.501249e-10 1.708949e-06 clkbuf_leaf_179_v_clk
 1.184911e-06 5.231551e-07 1.501249e-10 1.708216e-06 clkbuf_leaf_15_v_clk
 1.184949e-06 5.230964e-07 1.501249e-10 1.708196e-06 clkbuf_leaf_17_v_clk
 1.100410e-06 6.070554e-07 1.498960e-10 1.707616e-06 clkbuf_leaf_46_w_clk
 1.115366e-06 5.914956e-07 1.498960e-10 1.707011e-06 clkbuf_leaf_111_w_clk
 1.091660e-06 6.149947e-07 1.498960e-10 1.706805e-06 clkbuf_leaf_116_w_clk
 1.186183e-06 5.153328e-07 1.501249e-10 1.701666e-06 clkbuf_leaf_113_v_clk
 1.185988e-06 5.144870e-07 1.501249e-10 1.700625e-06 clkbuf_leaf_142_v_clk
 1.187779e-06 5.125264e-07 1.501249e-10 1.700456e-06 clkbuf_leaf_131_v_clk
 1.092590e-06 6.062599e-07 1.498960e-10 1.699000e-06 clkbuf_leaf_52_w_clk
 1.187801e-06 5.105006e-07 1.501249e-10 1.698452e-06 clkbuf_leaf_153_v_clk
 1.184036e-06 5.122087e-07 1.501249e-10 1.696395e-06 clkbuf_leaf_156_v_clk
 1.178935e-06 5.166857e-07 1.501249e-10 1.695771e-06 clkbuf_leaf_203_v_clk
 1.115671e-06 5.793887e-07 1.498960e-10 1.695210e-06 clkbuf_leaf_113_w_clk
 1.186068e-06 5.085750e-07 1.501249e-10 1.694793e-06 clkbuf_leaf_139_v_clk
 1.183322e-06 5.108661e-07 1.501249e-10 1.694338e-06 clkbuf_leaf_229_v_clk
 1.185106e-06 5.077607e-07 1.501249e-10 1.693017e-06 clkbuf_leaf_19_v_clk
 1.185102e-06 5.072400e-07 1.501249e-10 1.692492e-06 clkbuf_leaf_33_v_clk
 1.184922e-06 5.068331e-07 1.501249e-10 1.691906e-06 clkbuf_leaf_105_v_clk
 1.185935e-06 5.051791e-07 1.501249e-10 1.691264e-06 clkbuf_leaf_227_v_clk
 1.185124e-06 5.057946e-07 1.501249e-10 1.691069e-06 clkbuf_leaf_30_v_clk
 1.107592e-06 5.831054e-07 1.498960e-10 1.690847e-06 clkbuf_leaf_93_w_clk
 1.103437e-06 5.867939e-07 1.498960e-10 1.690381e-06 clkbuf_leaf_103_w_clk
 1.186341e-06 5.004327e-07 1.501249e-10 1.686924e-06 clkbuf_leaf_107_v_clk
 1.185973e-06 4.999296e-07 1.501249e-10 1.686053e-06 clkbuf_leaf_221_v_clk
 1.179025e-06 5.065730e-07 1.501249e-10 1.685748e-06 clkbuf_leaf_186_v_clk
 1.180932e-06 5.044153e-07 1.501249e-10 1.685498e-06 clkbuf_leaf_202_v_clk
 1.186596e-06 4.981479e-07 1.501249e-10 1.684895e-06 clkbuf_leaf_83_v_clk
 1.181344e-06 5.028185e-07 1.501249e-10 1.684313e-06 clkbuf_leaf_245_v_clk
 1.177119e-06 5.068517e-07 1.501249e-10 1.684120e-06 clkbuf_leaf_171_v_clk
 1.185170e-06 4.984479e-07 1.501249e-10 1.683768e-06 clkbuf_leaf_16_v_clk
 1.183864e-06 4.992058e-07 1.501249e-10 1.683220e-06 clkbuf_leaf_217_v_clk
 1.184171e-06 4.962158e-07 1.501249e-10 1.680537e-06 clkbuf_leaf_125_v_clk
 1.186666e-06 4.896514e-07 1.501249e-10 1.676468e-06 clkbuf_leaf_106_v_clk
 1.113064e-06 5.620358e-07 1.498960e-10 1.675250e-06 clkbuf_leaf_25_w_clk
 1.176968e-06 4.980446e-07 1.501249e-10 1.675163e-06 clkbuf_leaf_255_v_clk
 1.181038e-06 4.938190e-07 1.501249e-10 1.675008e-06 clkbuf_leaf_198_v_clk
 1.116248e-06 5.578389e-07 1.498960e-10 1.674237e-06 clkbuf_leaf_129_w_clk
 1.177941e-06 4.957828e-07 1.501249e-10 1.673873e-06 clkbuf_leaf_45_v_clk
 1.092414e-06 5.800838e-07 1.498960e-10 1.672648e-06 clkbuf_leaf_90_w_clk
 1.183796e-06 4.885331e-07 1.501249e-10 1.672479e-06 clkbuf_leaf_21_v_clk
 1.180909e-06 4.911464e-07 1.501249e-10 1.672206e-06 clkbuf_leaf_122_v_clk
 1.108021e-06 5.636035e-07 1.498960e-10 1.671775e-06 clkbuf_leaf_94_w_clk
 1.103428e-06 5.681141e-07 1.498960e-10 1.671692e-06 clkbuf_leaf_130_w_clk
 1.117148e-06 5.543083e-07 1.498960e-10 1.671606e-06 clkbuf_leaf_76_w_clk
 1.117319e-06 5.520964e-07 1.498960e-10 1.669566e-06 clkbuf_leaf_79_w_clk
 1.188113e-06 4.807964e-07 1.501249e-10 1.669060e-06 clkbuf_leaf_148_v_clk
 1.186580e-06 4.815774e-07 1.501249e-10 1.668308e-06 clkbuf_leaf_109_v_clk
 1.113194e-06 5.544923e-07 1.498960e-10 1.667836e-06 clkbuf_leaf_28_w_clk
 1.181531e-06 4.860036e-07 1.501249e-10 1.667685e-06 clkbuf_leaf_243_v_clk
 1.189118e-06 4.774558e-07 1.501249e-10 1.666724e-06 clkbuf_leaf_91_v_clk
 1.105662e-06 5.608227e-07 1.498960e-10 1.666635e-06 clkbuf_leaf_68_w_clk
 1.186565e-06 4.789727e-07 1.501249e-10 1.665688e-06 clkbuf_leaf_115_v_clk
 1.181557e-06 4.839289e-07 1.501249e-10 1.665636e-06 clkbuf_leaf_239_v_clk
 1.180410e-06 4.848836e-07 1.501249e-10 1.665444e-06 clkbuf_leaf_66_v_clk
 1.186785e-06 4.784513e-07 1.501249e-10 1.665386e-06 clkbuf_leaf_100_v_clk
 1.186386e-06 4.784387e-07 1.501249e-10 1.664975e-06 clkbuf_leaf_138_v_clk
 1.184330e-06 4.803338e-07 1.501249e-10 1.664814e-06 clkbuf_leaf_124_v_clk
 1.186788e-06 4.753975e-07 1.501249e-10 1.662335e-06 clkbuf_leaf_102_v_clk
 1.189171e-06 4.724246e-07 1.501249e-10 1.661746e-06 clkbuf_leaf_92_v_clk
 1.177322e-06 4.833324e-07 1.501249e-10 1.660805e-06 clkbuf_leaf_173_v_clk
 1.093471e-06 5.668015e-07 1.498960e-10 1.660422e-06 clkbuf_leaf_55_w_clk
 1.184393e-06 4.750832e-07 1.501249e-10 1.659626e-06 clkbuf_leaf_130_v_clk
 1.183921e-06 4.751503e-07 1.501249e-10 1.659221e-06 clkbuf_leaf_4_v_clk
 1.178114e-06 4.801634e-07 1.501249e-10 1.658427e-06 clkbuf_leaf_59_v_clk
 1.180473e-06 4.775904e-07 1.501249e-10 1.658214e-06 clkbuf_leaf_64_v_clk
 1.093599e-06 5.617668e-07 1.498960e-10 1.655516e-06 clkbuf_leaf_60_w_clk
 1.181100e-06 4.719082e-07 1.501249e-10 1.653158e-06 clkbuf_leaf_134_v_clk
 1.180511e-06 4.722657e-07 1.501249e-10 1.652927e-06 clkbuf_leaf_60_v_clk
 1.108460e-06 5.426783e-07 1.498960e-10 1.651288e-06 clkbuf_leaf_91_w_clk
 1.185532e-06 4.647952e-07 1.501249e-10 1.650478e-06 clkbuf_leaf_31_v_clk
 1.180541e-06 4.688089e-07 1.501249e-10 1.649500e-06 clkbuf_leaf_63_v_clk
 1.179994e-06 4.690798e-07 1.501249e-10 1.649224e-06 clkbuf_leaf_53_v_clk
 1.101821e-06 5.461835e-07 1.498960e-10 1.648155e-06 clkbuf_leaf_29_w_clk
 1.177433e-06 4.701454e-07 1.501249e-10 1.647729e-06 clkbuf_leaf_164_v_clk
 1.117809e-06 5.292978e-07 1.498960e-10 1.647257e-06 clkbuf_leaf_77_w_clk
 1.093812e-06 5.513015e-07 1.498960e-10 1.645263e-06 clkbuf_leaf_56_w_clk
 1.117986e-06 5.268615e-07 1.498960e-10 1.644997e-06 clkbuf_leaf_78_w_clk
 1.183813e-06 4.601827e-07 1.501249e-10 1.644146e-06 clkbuf_leaf_233_v_clk
 1.181203e-06 4.608088e-07 1.501249e-10 1.642162e-06 clkbuf_leaf_123_v_clk
 1.183342e-06 4.575866e-07 1.501249e-10 1.641078e-06 clkbuf_leaf_178_v_clk
 1.178981e-06 4.603622e-07 1.501249e-10 1.639494e-06 clkbuf_leaf_0_v_clk
 1.102038e-06 5.365762e-07 1.498960e-10 1.638764e-06 clkbuf_leaf_48_w_clk
 1.177287e-06 4.609790e-07 1.501249e-10 1.638416e-06 clkbuf_leaf_254_v_clk
 1.183872e-06 4.543733e-07 1.501249e-10 1.638396e-06 clkbuf_leaf_234_v_clk
 1.177294e-06 4.600737e-07 1.501249e-10 1.637518e-06 clkbuf_leaf_251_v_clk
 1.102092e-06 5.343362e-07 1.498960e-10 1.636578e-06 clkbuf_leaf_17_w_clk
 1.183902e-06 4.517663e-07 1.501249e-10 1.635819e-06 clkbuf_leaf_230_v_clk
 1.178302e-06 4.567846e-07 1.501249e-10 1.635237e-06 clkbuf_leaf_163_v_clk
 1.106423e-06 5.284918e-07 1.498960e-10 1.635065e-06 clkbuf_leaf_70_w_clk
 1.093263e-06 5.413909e-07 1.498960e-10 1.634804e-06 clkbuf_leaf_115_w_clk
 1.184208e-06 4.491445e-07 1.501249e-10 1.633503e-06 clkbuf_leaf_23_v_clk
 1.184217e-06 4.486760e-07 1.501249e-10 1.633043e-06 clkbuf_leaf_24_v_clk
 1.179042e-06 4.537114e-07 1.501249e-10 1.632903e-06 clkbuf_leaf_1_v_clk
 1.106496e-06 5.256011e-07 1.498960e-10 1.632247e-06 clkbuf_leaf_71_w_clk
 1.102207e-06 5.292780e-07 1.498960e-10 1.631635e-06 clkbuf_leaf_18_w_clk
 1.185568e-06 4.429975e-07 1.501249e-10 1.628716e-06 clkbuf_leaf_89_v_clk
 1.184398e-06 4.440411e-07 1.501249e-10 1.628590e-06 clkbuf_leaf_222_v_clk
 1.185751e-06 4.418642e-07 1.501249e-10 1.627765e-06 clkbuf_leaf_14_v_clk
 1.184726e-06 4.419915e-07 1.501249e-10 1.626868e-06 clkbuf_leaf_129_v_clk
 1.109320e-06 5.155380e-07 1.498960e-10 1.625008e-06 clkbuf_leaf_98_w_clk
 1.188293e-06 4.363270e-07 1.501249e-10 1.624770e-06 clkbuf_leaf_81_v_clk
 1.178414e-06 4.461732e-07 1.501249e-10 1.624737e-06 clkbuf_leaf_57_v_clk
 1.181510e-06 4.429687e-07 1.501249e-10 1.624629e-06 clkbuf_leaf_195_v_clk
 1.179116e-06 4.450281e-07 1.501249e-10 1.624294e-06 clkbuf_leaf_256_v_clk
 1.181369e-06 4.422793e-07 1.501249e-10 1.623799e-06 clkbuf_leaf_135_v_clk
 1.106741e-06 5.168479e-07 1.498960e-10 1.623739e-06 clkbuf_leaf_62_w_clk
 1.185823e-06 4.374865e-07 1.501249e-10 1.623460e-06 clkbuf_leaf_32_v_clk
 1.185792e-06 4.372905e-07 1.501249e-10 1.623233e-06 clkbuf_leaf_41_v_clk
 1.184302e-06 4.367870e-07 1.501249e-10 1.621239e-06 clkbuf_leaf_18_v_clk
 1.181578e-06 4.363287e-07 1.501249e-10 1.618057e-06 clkbuf_leaf_200_v_clk
 1.177698e-06 4.394260e-07 1.501249e-10 1.617274e-06 clkbuf_leaf_160_v_clk
 1.176692e-06 4.398379e-07 1.501249e-10 1.616680e-06 clkbuf_leaf_170_v_clk
 1.186912e-06 4.295441e-07 1.501249e-10 1.616606e-06 clkbuf_leaf_147_v_clk
 1.184093e-06 4.319820e-07 1.501249e-10 1.616225e-06 clkbuf_leaf_231_v_clk
 1.106943e-06 5.084254e-07 1.498960e-10 1.615518e-06 clkbuf_leaf_69_w_clk
 1.187006e-06 4.281694e-07 1.501249e-10 1.615326e-06 clkbuf_leaf_146_v_clk
 1.184382e-06 4.306938e-07 1.501249e-10 1.615226e-06 clkbuf_leaf_3_v_clk
 1.180950e-06 4.338501e-07 1.501249e-10 1.614950e-06 clkbuf_leaf_194_v_clk
 1.188967e-06 4.255736e-07 1.501249e-10 1.614691e-06 clkbuf_leaf_149_v_clk
 1.180956e-06 4.330514e-07 1.501249e-10 1.614158e-06 clkbuf_leaf_211_v_clk
 1.180324e-06 4.331169e-07 1.501249e-10 1.613592e-06 clkbuf_leaf_28_v_clk
 1.102684e-06 5.096895e-07 1.498960e-10 1.612524e-06 clkbuf_leaf_34_w_clk
 1.179224e-06 4.327078e-07 1.501249e-10 1.612082e-06 clkbuf_leaf_244_v_clk
 1.189180e-06 4.225871e-07 1.501249e-10 1.611918e-06 clkbuf_leaf_151_v_clk
 1.184824e-06 4.259858e-07 1.501249e-10 1.610960e-06 clkbuf_leaf_216_v_clk
 1.176743e-06 4.337445e-07 1.501249e-10 1.610638e-06 clkbuf_leaf_169_v_clk
 1.105438e-06 5.030962e-07 1.498960e-10 1.608684e-06 clkbuf_leaf_106_w_clk
 1.177779e-06 4.305118e-07 1.501249e-10 1.608441e-06 clkbuf_leaf_174_v_clk
 1.185148e-06 4.210486e-07 1.501249e-10 1.606347e-06 clkbuf_leaf_237_v_clk
 1.107152e-06 4.980666e-07 1.498960e-10 1.605368e-06 clkbuf_leaf_65_w_clk
 1.178811e-06 4.262425e-07 1.501249e-10 1.605203e-06 clkbuf_leaf_56_v_clk
 1.186828e-06 4.160592e-07 1.501249e-10 1.603038e-06 clkbuf_leaf_37_v_clk
 1.178502e-06 4.190789e-07 1.501249e-10 1.597731e-06 clkbuf_leaf_166_v_clk
 1.105834e-06 4.873991e-07 1.498960e-10 1.593383e-06 clkbuf_leaf_101_w_clk
 1.182949e-06 4.084062e-07 1.501249e-10 1.591505e-06 clkbuf_leaf_136_v_clk
 1.179840e-06 4.101367e-07 1.501249e-10 1.590127e-06 clkbuf_leaf_42_v_clk
 1.110101e-06 4.777319e-07 1.498960e-10 1.587983e-06 clkbuf_leaf_92_w_clk
 1.188022e-06 3.989780e-07 1.501249e-10 1.587150e-06 clkbuf_leaf_39_v_clk
 1.184036e-06 4.010831e-07 1.501249e-10 1.585269e-06 clkbuf_leaf_238_v_clk
 1.181132e-06 4.031291e-07 1.501249e-10 1.584412e-06 clkbuf_leaf_7_v_clk
 1.103384e-06 4.801057e-07 1.498960e-10 1.583640e-06 clkbuf_leaf_47_w_clk
 1.179269e-06 4.038660e-07 1.501249e-10 1.583285e-06 clkbuf_leaf_252_v_clk
 1.187365e-06 3.935542e-07 1.501249e-10 1.581070e-06 clkbuf_leaf_117_v_clk
 1.184551e-06 3.936105e-07 1.501249e-10 1.578312e-06 clkbuf_leaf_240_v_clk
 1.179899e-06 3.978796e-07 1.501249e-10 1.577929e-06 clkbuf_leaf_177_v_clk
 1.191506e-06 3.855355e-07 1.501249e-10 1.577191e-06 clkbuf_leaf_49_v_clk
 1.190339e-06 3.865813e-07 1.501249e-10 1.577071e-06 clkbuf_leaf_104_v_clk
 1.184166e-06 3.904239e-07 1.501249e-10 1.574740e-06 clkbuf_leaf_120_v_clk
 1.191811e-06 3.813857e-07 1.501249e-10 1.573347e-06 clkbuf_leaf_26_v_clk
 1.190234e-06 3.822641e-07 1.501249e-10 1.572648e-06 clkbuf_leaf_137_v_clk
 1.192202e-06 3.800952e-07 1.501249e-10 1.572447e-06 clkbuf_leaf_158_v_clk
 1.106340e-06 4.659449e-07 1.498960e-10 1.572435e-06 clkbuf_leaf_102_w_clk
 1.190696e-06 3.789581e-07 1.501249e-10 1.569804e-06 clkbuf_leaf_127_v_clk
 1.192456e-06 3.763686e-07 1.501249e-10 1.568975e-06 clkbuf_leaf_152_v_clk
 1.192131e-06 3.766878e-07 1.501249e-10 1.568969e-06 clkbuf_leaf_48_v_clk
 1.187571e-06 3.799468e-07 1.501249e-10 1.567668e-06 clkbuf_leaf_232_v_clk
 1.188507e-06 3.770163e-07 1.501249e-10 1.565673e-06 clkbuf_leaf_118_v_clk
 1.181642e-06 3.835025e-07 1.501249e-10 1.565295e-06 clkbuf_leaf_58_v_clk
 1.185161e-06 3.780256e-07 1.501249e-10 1.563336e-06 clkbuf_leaf_196_v_clk
 1.183810e-06 3.785569e-07 1.501249e-10 1.562517e-06 clkbuf_leaf_52_v_clk
 1.108266e-06 4.539131e-07 1.498960e-10 1.562329e-06 clkbuf_leaf_67_w_clk
 1.191310e-06 3.696604e-07 1.501249e-10 1.561121e-06 clkbuf_leaf_114_v_clk
 1.188151e-06 3.713739e-07 1.501249e-10 1.559675e-06 clkbuf_leaf_236_v_clk
 1.189105e-06 3.684627e-07 1.501249e-10 1.557718e-06 clkbuf_leaf_116_v_clk
 1.104982e-06 4.507104e-07 1.498960e-10 1.555843e-06 clkbuf_leaf_35_w_clk
 1.182358e-06 3.724614e-07 1.501249e-10 1.554970e-06 clkbuf_leaf_182_v_clk
 1.193613e-06 3.601426e-07 1.501249e-10 1.553906e-06 clkbuf_leaf_155_v_clk
 1.192177e-06 3.604533e-07 1.501249e-10 1.552781e-06 clkbuf_leaf_99_v_clk
 1.193526e-06 3.569383e-07 1.501249e-10 1.550615e-06 clkbuf_leaf_50_v_clk
 1.184729e-06 3.648906e-07 1.501249e-10 1.549770e-06 clkbuf_leaf_54_v_clk
 1.186077e-06 3.622089e-07 1.501249e-10 1.548436e-06 clkbuf_leaf_121_v_clk
 1.193965e-06 3.507496e-07 1.501249e-10 1.544865e-06 clkbuf_leaf_51_v_clk
 1.182446e-06 3.591411e-07 1.501249e-10 1.541737e-06 clkbuf_leaf_175_v_clk
 1.095324e-06 4.459797e-07 1.498960e-10 1.541454e-06 clkbuf_leaf_118_w_clk
 1.111504e-06 4.258290e-07 1.498960e-10 1.537483e-06 clkbuf_leaf_96_w_clk
 1.186710e-06 3.452818e-07 1.501249e-10 1.532142e-06 clkbuf_leaf_193_v_clk
 1.531253e-06 0.000000e+00 8.410962e-11 1.531337e-06 clkload26
 1.531244e-06 0.000000e+00 8.410962e-11 1.531328e-06 clkload25
 1.530111e-06 0.000000e+00 8.410962e-11 1.530195e-06 clkload28
 1.184512e-06 3.399453e-07 1.501249e-10 1.524608e-06 clkbuf_leaf_161_v_clk
 1.188507e-06 3.350831e-07 1.501249e-10 1.523740e-06 clkbuf_leaf_242_v_clk
 1.188536e-06 3.345517e-07 1.501249e-10 1.523238e-06 clkbuf_leaf_247_v_clk
 1.185456e-06 3.368960e-07 1.501249e-10 1.522502e-06 clkbuf_leaf_250_v_clk
 1.196369e-06 3.167839e-07 1.501249e-10 1.513303e-06 clkbuf_leaf_82_v_clk
 1.107804e-06 4.050007e-07 1.498960e-10 1.512955e-06 clkbuf_leaf_108_w_clk
 1.184539e-06 3.273013e-07 1.501249e-10 1.511991e-06 clkbuf_leaf_176_v_clk
 1.189548e-06 3.199363e-07 1.501249e-10 1.509635e-06 clkbuf_leaf_241_v_clk
 1.107887e-06 4.013533e-07 1.498960e-10 1.509390e-06 clkbuf_leaf_107_w_clk
 1.185598e-06 3.233389e-07 1.501249e-10 1.509087e-06 clkbuf_leaf_40_v_clk
 1.184892e-06 3.218789e-07 1.501249e-10 1.506921e-06 clkbuf_leaf_159_v_clk
 1.187215e-06 2.988738e-07 1.501249e-10 1.486239e-06 clkbuf_leaf_46_v_clk
 1.197255e-06 2.880803e-07 1.501249e-10 1.485485e-06 clkbuf_leaf_97_v_clk
 1.106844e-06 3.748679e-07 1.498960e-10 1.481861e-06 clkbuf_leaf_45_w_clk
 1.191825e-06 2.860538e-07 1.501249e-10 1.478029e-06 clkbuf_leaf_246_v_clk
 1.188351e-06 2.823928e-07 1.501249e-10 1.470894e-06 clkbuf_leaf_55_v_clk
 1.188507e-06 2.794246e-07 1.501249e-10 1.468082e-06 clkbuf_leaf_43_v_clk
 1.111241e-06 3.326837e-07 1.498960e-10 1.444074e-06 clkbuf_leaf_30_w_clk
 1.116179e-06 2.848097e-07 1.498960e-10 1.401139e-06 clkbuf_leaf_36_w_clk
 1.313949e-06 0.000000e+00 1.125612e-10 1.314061e-06 clkload2
 1.297049e-06 0.000000e+00 2.014948e-10 1.297250e-06 clkload35
 1.274685e-06 0.000000e+00 2.014948e-10 1.274887e-06 clkload45
 1.252815e-06 0.000000e+00 1.125612e-10 1.252928e-06 clkload12
 1.249296e-06 0.000000e+00 1.125612e-10 1.249408e-06 clkload7
 1.235805e-06 0.000000e+00 1.125612e-10 1.235918e-06 clkload8
 1.220244e-06 0.000000e+00 1.501249e-10 1.220394e-06 clkload149
 1.219106e-06 0.000000e+00 1.501249e-10 1.219256e-06 clkload152
 1.216442e-06 0.000000e+00 1.125612e-10 1.216555e-06 clkload15
 1.214046e-06 0.000000e+00 1.501249e-10 1.214196e-06 clkload133
 1.210668e-06 0.000000e+00 1.125612e-10 1.210780e-06 clkload9
 9.690954e-07 0.000000e+00 1.565678e-10 9.692519e-07 clkload42
 9.440280e-07 0.000000e+00 1.565678e-10 9.441845e-07 clkload44
 9.139154e-07 0.000000e+00 1.565678e-10 9.140719e-07 clkload48
 8.917164e-07 0.000000e+00 5.622151e-11 8.917726e-07 clkload33
 8.565798e-07 0.000000e+00 5.622151e-11 8.566361e-07 clkload18
 8.223124e-07 0.000000e+00 5.622151e-11 8.223686e-07 clkload27
 7.620295e-07 0.000000e+00 1.566713e-10 7.621862e-07 clkload139
 7.453807e-07 0.000000e+00 1.566713e-10 7.455374e-07 clkload130
 6.607823e-07 0.000000e+00 1.116374e-10 6.608940e-07 clkload39
 6.527273e-07 0.000000e+00 1.116374e-10 6.528389e-07 clkload43
 6.472359e-07 0.000000e+00 1.116374e-10 6.473476e-07 clkload46
 6.339110e-07 0.000000e+00 1.116374e-10 6.340226e-07 clkload49
 6.231976e-07 0.000000e+00 6.717227e-11 6.232648e-07 clkload22
 6.128387e-07 0.000000e+00 6.717227e-11 6.129059e-07 clkload21
 6.036037e-07 0.000000e+00 6.717227e-11 6.036709e-07 clkload14
 5.959300e-07 0.000000e+00 8.099076e-11 5.960110e-07 clkload284
 5.958508e-07 0.000000e+00 8.099076e-11 5.959319e-07 clkload242
 5.957729e-07 0.000000e+00 8.099076e-11 5.958539e-07 clkload289
 5.956618e-07 0.000000e+00 8.099076e-11 5.957428e-07 clkload240
 5.956012e-07 0.000000e+00 8.099076e-11 5.956822e-07 clkload257
 5.955487e-07 0.000000e+00 8.099076e-11 5.956297e-07 clkload247
 5.954668e-07 0.000000e+00 8.099076e-11 5.955478e-07 clkload192
 5.954426e-07 0.000000e+00 8.099076e-11 5.955236e-07 clkload285
 5.954395e-07 0.000000e+00 8.099076e-11 5.955205e-07 clkload323
 5.954391e-07 0.000000e+00 8.099076e-11 5.955201e-07 clkload199
 5.953951e-07 0.000000e+00 8.099076e-11 5.954761e-07 clkload290
 5.953943e-07 0.000000e+00 8.099076e-11 5.954753e-07 clkload241
 5.953801e-07 0.000000e+00 8.099076e-11 5.954611e-07 clkload239
 5.953344e-07 0.000000e+00 8.099076e-11 5.954154e-07 clkload309
 5.953107e-07 0.000000e+00 8.099076e-11 5.953917e-07 clkload186
 5.952761e-07 0.000000e+00 8.099076e-11 5.953571e-07 clkload322
 5.952431e-07 0.000000e+00 8.099076e-11 5.953241e-07 clkload295
 5.952401e-07 0.000000e+00 8.099076e-11 5.953211e-07 clkload201
 5.952397e-07 0.000000e+00 8.099076e-11 5.953207e-07 clkload211
 5.952211e-07 0.000000e+00 8.099076e-11 5.953021e-07 clkload265
 5.952114e-07 0.000000e+00 8.099076e-11 5.952924e-07 clkload203
 5.951989e-07 0.000000e+00 8.099076e-11 5.952799e-07 clkload330
 5.951501e-07 0.000000e+00 8.099076e-11 5.952311e-07 clkload302
 5.951232e-07 0.000000e+00 8.099076e-11 5.952042e-07 clkload288
 5.951177e-07 0.000000e+00 8.099076e-11 5.951987e-07 clkload332
 5.950523e-07 0.000000e+00 8.099076e-11 5.951333e-07 clkload338
 5.950251e-07 0.000000e+00 8.099076e-11 5.951061e-07 clkload182
 5.950141e-07 0.000000e+00 8.099076e-11 5.950951e-07 clkload175
 5.949968e-07 0.000000e+00 8.099076e-11 5.950778e-07 clkload190
 5.949836e-07 0.000000e+00 8.099076e-11 5.950646e-07 clkload260
 5.949759e-07 0.000000e+00 8.099076e-11 5.950569e-07 clkload213
 5.949751e-07 0.000000e+00 8.099076e-11 5.950561e-07 clkload207
 5.949680e-07 0.000000e+00 8.099076e-11 5.950490e-07 clkload171
 5.949589e-07 0.000000e+00 8.099076e-11 5.950399e-07 clkload276
 5.949578e-07 0.000000e+00 8.099076e-11 5.950388e-07 clkload263
 5.948874e-07 0.000000e+00 8.099076e-11 5.949684e-07 clkload193
 5.948557e-07 0.000000e+00 8.099076e-11 5.949368e-07 clkload274
 5.947751e-07 0.000000e+00 8.099076e-11 5.948561e-07 clkload164
 5.947509e-07 0.000000e+00 8.099076e-11 5.948319e-07 clkload327
 5.947485e-07 0.000000e+00 8.099076e-11 5.948295e-07 clkload281
 5.947285e-07 0.000000e+00 8.099076e-11 5.948095e-07 clkload226
 5.947109e-07 0.000000e+00 8.099076e-11 5.947919e-07 clkload224
 5.947096e-07 0.000000e+00 8.099076e-11 5.947906e-07 clkload318
 5.947064e-07 0.000000e+00 8.099076e-11 5.947874e-07 clkload316
 5.946906e-07 0.000000e+00 8.099076e-11 5.947716e-07 clkload184
 5.946905e-07 0.000000e+00 8.099076e-11 5.947715e-07 clkload313
 5.946892e-07 0.000000e+00 8.099076e-11 5.947702e-07 clkload233
 5.946217e-07 0.000000e+00 8.099076e-11 5.947027e-07 clkload315
 5.946184e-07 0.000000e+00 8.099076e-11 5.946994e-07 clkload298
 5.946069e-07 0.000000e+00 8.099076e-11 5.946879e-07 clkload227
 5.946068e-07 0.000000e+00 8.099076e-11 5.946878e-07 clkload336
 5.945834e-07 0.000000e+00 8.099076e-11 5.946644e-07 clkload279
 5.945807e-07 0.000000e+00 8.099076e-11 5.946617e-07 clkload228
 5.945331e-07 0.000000e+00 8.099076e-11 5.946141e-07 clkload249
 5.944927e-07 0.000000e+00 8.099076e-11 5.945737e-07 clkload178
 5.944925e-07 0.000000e+00 8.099076e-11 5.945735e-07 clkload160
 5.944475e-07 0.000000e+00 8.099076e-11 5.945285e-07 clkload280
 5.944363e-07 0.000000e+00 8.099076e-11 5.945173e-07 clkload230
 5.944325e-07 0.000000e+00 8.099076e-11 5.945135e-07 clkload215
 5.944283e-07 0.000000e+00 8.099076e-11 5.945093e-07 clkload177
 5.944244e-07 0.000000e+00 8.099076e-11 5.945054e-07 clkload272
 5.943281e-07 0.000000e+00 8.099076e-11 5.944091e-07 clkload218
 5.943104e-07 0.000000e+00 8.099076e-11 5.943914e-07 clkload297
 5.942837e-07 0.000000e+00 8.099076e-11 5.943647e-07 clkload180
 5.942578e-07 0.000000e+00 8.099076e-11 5.943388e-07 clkload231
 5.942450e-07 0.000000e+00 8.099076e-11 5.943260e-07 clkload217
 5.830070e-07 0.000000e+00 6.717227e-11 5.830742e-07 clkload29
 5.292546e-07 0.000000e+00 5.582378e-11 5.293105e-07 clkload5
 5.218484e-07 0.000000e+00 1.117065e-10 5.219601e-07 clkload140
 5.212023e-07 0.000000e+00 8.073879e-11 5.212830e-07 clkload54
 5.211897e-07 0.000000e+00 8.073879e-11 5.212704e-07 clkload117
 5.211414e-07 0.000000e+00 8.073879e-11 5.212221e-07 clkload53
 5.206311e-07 0.000000e+00 8.073879e-11 5.207118e-07 clkload120
 5.205861e-07 0.000000e+00 8.073879e-11 5.206668e-07 clkload80
 5.203424e-07 0.000000e+00 8.073879e-11 5.204231e-07 clkload81
 5.197261e-07 0.000000e+00 8.073879e-11 5.198069e-07 clkload98
 5.195285e-07 0.000000e+00 8.073879e-11 5.196092e-07 clkload99
 5.191570e-07 0.000000e+00 1.117065e-10 5.192687e-07 clkload151
 5.156866e-07 0.000000e+00 1.117065e-10 5.157983e-07 clkload136
 5.152966e-07 0.000000e+00 1.117065e-10 5.154083e-07 clkload150
 5.019617e-07 0.000000e+00 1.117065e-10 5.020734e-07 clkload142
 4.965091e-07 0.000000e+00 1.117065e-10 4.966208e-07 clkload131
 4.093833e-07 0.000000e+00 1.116374e-10 4.094950e-07 clkload85
 4.061708e-07 0.000000e+00 1.116374e-10 4.062825e-07 clkload90
 4.051199e-07 0.000000e+00 1.116374e-10 4.052316e-07 clkload101
 3.245402e-07 0.000000e+00 5.658435e-11 3.245968e-07 clkload134
 3.197771e-07 0.000000e+00 5.658435e-11 3.198337e-07 clkload166
 3.197252e-07 0.000000e+00 5.658435e-11 3.197817e-07 clkload245
 3.196922e-07 0.000000e+00 5.658435e-11 3.197488e-07 clkload162
 3.195529e-07 0.000000e+00 5.658435e-11 3.196095e-07 clkload163
 3.195413e-07 0.000000e+00 5.658435e-11 3.195979e-07 clkload317
 3.194720e-07 0.000000e+00 5.658435e-11 3.195286e-07 clkload321
 3.194586e-07 0.000000e+00 5.658435e-11 3.195152e-07 clkload191
 3.194360e-07 0.000000e+00 5.658435e-11 3.194926e-07 clkload200
 3.194320e-07 0.000000e+00 5.658435e-11 3.194885e-07 clkload291
 3.194025e-07 0.000000e+00 5.658435e-11 3.194591e-07 clkload173
 3.194014e-07 0.000000e+00 5.658435e-11 3.194580e-07 clkload251
 3.193554e-07 0.000000e+00 5.658435e-11 3.194120e-07 clkload248
 3.193507e-07 0.000000e+00 5.658435e-11 3.194073e-07 clkload210
 3.193446e-07 0.000000e+00 5.658435e-11 3.194012e-07 clkload334
 3.193293e-07 0.000000e+00 5.658435e-11 3.193859e-07 clkload304
 3.193206e-07 0.000000e+00 5.658435e-11 3.193772e-07 clkload165
 3.192881e-07 0.000000e+00 5.658435e-11 3.193447e-07 clkload219
 3.192778e-07 0.000000e+00 5.658435e-11 3.193344e-07 clkload168
 3.192742e-07 0.000000e+00 5.658435e-11 3.193308e-07 clkload264
 3.192419e-07 0.000000e+00 5.658435e-11 3.192985e-07 clkload303
 3.192316e-07 0.000000e+00 5.658435e-11 3.192881e-07 clkload237
 3.192220e-07 0.000000e+00 5.658435e-11 3.192786e-07 clkload167
 3.191745e-07 0.000000e+00 5.658435e-11 3.192310e-07 clkload305
 3.191698e-07 0.000000e+00 5.658435e-11 3.192264e-07 clkload310
 3.191630e-07 0.000000e+00 5.658435e-11 3.192195e-07 clkload314
 3.191581e-07 0.000000e+00 5.658435e-11 3.192147e-07 clkload333
 3.191514e-07 0.000000e+00 5.658435e-11 3.192080e-07 clkload181
 3.191462e-07 0.000000e+00 5.658435e-11 3.192028e-07 clkload208
 3.191444e-07 0.000000e+00 5.658435e-11 3.192010e-07 clkload214
 3.191224e-07 0.000000e+00 5.658435e-11 3.191790e-07 clkload277
 3.191184e-07 0.000000e+00 5.658435e-11 3.191750e-07 clkload296
 3.190902e-07 0.000000e+00 5.658435e-11 3.191468e-07 clkload300
 3.190795e-07 0.000000e+00 5.658435e-11 3.191361e-07 clkload337
 3.190783e-07 0.000000e+00 5.658435e-11 3.191349e-07 clkload172
 3.190649e-07 0.000000e+00 5.658435e-11 3.191215e-07 clkload311
 3.190637e-07 0.000000e+00 5.658435e-11 3.191203e-07 clkload179
 3.190526e-07 0.000000e+00 5.658435e-11 3.191092e-07 clkload329
 3.190517e-07 0.000000e+00 5.658435e-11 3.191082e-07 clkload319
 3.190342e-07 0.000000e+00 5.658435e-11 3.190908e-07 clkload170
 3.189492e-07 0.000000e+00 5.658435e-11 3.190058e-07 clkload159
 3.189206e-07 0.000000e+00 5.658435e-11 3.189772e-07 clkload161
 3.189168e-07 0.000000e+00 5.658435e-11 3.189734e-07 clkload229
 3.188985e-07 0.000000e+00 5.658435e-11 3.189550e-07 clkload273
 3.188877e-07 0.000000e+00 5.658435e-11 3.189442e-07 clkload250
 3.188689e-07 0.000000e+00 5.658435e-11 3.189255e-07 clkload278
 3.188576e-07 0.000000e+00 5.658435e-11 3.189142e-07 clkload312
 3.188491e-07 0.000000e+00 5.658435e-11 3.189057e-07 clkload232
 3.187660e-07 0.000000e+00 5.658435e-11 3.188226e-07 clkload216
 3.187138e-07 0.000000e+00 5.658435e-11 3.187704e-07 clkload176
 3.187031e-07 0.000000e+00 5.658435e-11 3.187597e-07 clkload299
 3.186702e-07 0.000000e+00 5.658435e-11 3.187268e-07 clkload225
 3.185091e-07 0.000000e+00 5.658435e-11 3.185656e-07 clkload271
 2.802748e-07 0.000000e+00 5.661366e-11 2.803314e-07 clkload116
 2.800577e-07 0.000000e+00 5.661366e-11 2.801144e-07 clkload62
 2.799011e-07 0.000000e+00 5.661366e-11 2.799577e-07 clkload68
 2.798620e-07 0.000000e+00 5.661366e-11 2.799186e-07 clkload70
 2.797788e-07 0.000000e+00 5.661366e-11 2.798354e-07 clkload66
 2.797674e-07 0.000000e+00 5.661366e-11 2.798240e-07 clkload119
 2.795062e-07 0.000000e+00 5.661366e-11 2.795628e-07 clkload95
 2.793841e-07 0.000000e+00 5.661366e-11 2.794407e-07 clkload82
 2.792299e-07 0.000000e+00 5.661366e-11 2.792866e-07 clkload84
 2.791782e-07 0.000000e+00 5.661366e-11 2.792348e-07 clkload75
 2.789407e-07 0.000000e+00 5.661366e-11 2.789973e-07 clkload83
 2.467520e-07 0.000000e+00 6.674487e-11 2.468187e-07 clkload143
 2.446635e-07 0.000000e+00 6.674487e-11 2.447302e-07 clkload144
 2.011917e-07 0.000000e+00 6.671035e-11 2.012584e-07 clkload107
 1.571873e-07 4.309309e-08 8.042132e-11 2.003608e-07 output16
 1.991228e-07 0.000000e+00 6.671035e-11 1.991895e-07 clkload104
 1.980552e-07 0.000000e+00 6.671035e-11 1.981220e-07 clkload88
 1.976659e-07 0.000000e+00 6.671035e-11 1.977326e-07 clkload65
 1.975121e-07 0.000000e+00 6.671035e-11 1.975788e-07 clkload51
 1.970483e-07 0.000000e+00 6.671035e-11 1.971150e-07 clkload59
 1.951038e-07 0.000000e+00 6.671035e-11 1.951705e-07 clkload69
 1.945143e-07 0.000000e+00 6.671035e-11 1.945810e-07 clkload109
 1.936581e-07 0.000000e+00 6.671035e-11 1.937248e-07 clkload128
 1.929196e-07 0.000000e+00 6.671035e-11 1.929863e-07 clkload124
 1.918493e-07 0.000000e+00 6.671035e-11 1.919160e-07 clkload125
 1.777451e-07 0.000000e+00 5.550299e-11 1.778006e-07 clkload156
 1.270941e-07 3.854112e-08 8.672606e-11 1.657219e-07 output14
 4.697840e-08 1.436671e-08 8.922054e-11 6.143433e-08 output13
 3.157536e-17 2.567881e-16 1.578570e-10 1.578573e-10 fanout1052
 2.643154e-15 1.611779e-14 1.578007e-10 1.578195e-10 fanout166
 7.180626e-15 2.112333e-14 1.577586e-10 1.577869e-10 fanout160
 3.927206e-15 1.263026e-14 1.577668e-10 1.577834e-10 fanout260
 6.591928e-15 2.730412e-14 1.577064e-10 1.577403e-10 fanout203
 8.129699e-15 5.434544e-14 1.576514e-10 1.577139e-10 fanout182
 6.065863e-15 2.332847e-14 1.576597e-10 1.576891e-10 max_cap212
 7.927023e-15 2.985278e-14 1.576322e-10 1.576700e-10 fanout183
 8.930617e-15 3.367219e-14 1.575809e-10 1.576235e-10 fanout216
 1.143547e-14 5.056137e-14 1.575562e-10 1.576182e-10 fanout198
 1.669375e-14 4.500100e-14 1.575434e-10 1.576051e-10 fanout161
 1.149801e-14 3.453587e-14 1.575562e-10 1.576023e-10 fanout199
 1.835665e-14 7.387174e-14 1.574445e-10 1.575367e-10 fanout201
 1.578363e-14 5.082725e-14 1.573905e-10 1.574571e-10 fanout186
 2.142583e-14 8.243407e-14 1.572156e-10 1.573195e-10 fanout268
 7.001989e-14 1.846717e-13 1.570540e-10 1.573087e-10 fanout188
 2.283610e-14 1.053546e-13 1.571204e-10 1.572486e-10 fanout247
 2.455309e-14 6.867215e-14 1.570774e-10 1.571706e-10 fanout214
 2.400343e-14 9.948643e-14 1.569730e-10 1.570965e-10 max_cap362
 2.094037e-14 7.474406e-14 1.568338e-10 1.569295e-10 fanout287
 2.576209e-14 9.188300e-14 1.567752e-10 1.568929e-10 fanout690
 3.348530e-14 2.977499e-13 1.564822e-10 1.568135e-10 max_cap369
 3.462115e-14 1.290943e-13 1.564960e-10 1.566597e-10 fanout283
 4.146669e-14 1.948424e-13 1.563550e-10 1.565913e-10 fanout687
 4.032766e-14 1.375724e-13 1.563962e-10 1.565741e-10 fanout349
 4.025365e-14 1.411395e-13 1.563550e-10 1.565364e-10 fanout686
 4.245522e-14 1.609434e-13 1.562570e-10 1.564604e-10 fanout353
 2.429085e-14 7.850566e-14 1.563275e-10 1.564303e-10 fanout317
 4.068601e-14 1.716048e-13 1.559265e-10 1.561388e-10 fanout355
 4.481308e-14 1.891331e-13 1.558642e-10 1.560982e-10 fanout663
 3.999368e-14 1.593365e-13 1.557086e-10 1.559079e-10 fanout300
 4.944059e-14 1.759850e-13 1.555630e-10 1.557884e-10 fanout197
 5.121024e-14 2.272327e-13 1.553973e-10 1.556757e-10 fanout785
 4.587712e-14 1.806025e-13 1.553973e-10 1.556237e-10 max_cap788
 4.967956e-14 1.658499e-13 1.553973e-10 1.556128e-10 fanout784
 4.819701e-14 1.578811e-13 1.553973e-10 1.556033e-10 fanout786
 5.340371e-14 1.818964e-13 1.549633e-10 1.551986e-10 fanout780
 5.474251e-14 2.224685e-13 1.548772e-10 1.551544e-10 fanout781
 5.301858e-14 1.774644e-13 1.548772e-10 1.551077e-10 max_cap783
 4.507842e-14 1.523694e-13 1.548278e-10 1.550252e-10 fanout791
 4.442876e-14 1.226714e-13 1.548278e-10 1.549949e-10 fanout793
 4.975105e-14 1.850318e-13 1.544542e-10 1.546890e-10 max_cap777
 4.974079e-14 1.783416e-13 1.544542e-10 1.546823e-10 fanout775
 3.107164e-14 8.858794e-14 1.541603e-10 1.542799e-10 fanout112
 4.010452e-14 1.729868e-13 1.540358e-10 1.542489e-10 fanout960
 4.140045e-14 1.949069e-13 1.536549e-10 1.538912e-10 fanout288
 4.555436e-14 1.779388e-13 1.535533e-10 1.537768e-10 max_cap670
 5.634833e-14 1.946541e-13 1.534855e-10 1.537365e-10 fanout671
 4.965128e-14 1.875268e-13 1.534498e-10 1.536870e-10 fanout684
 4.988936e-14 1.463900e-13 1.534498e-10 1.536461e-10 fanout682
 5.180229e-14 1.814474e-13 1.532603e-10 1.534935e-10 fanout685
 6.232495e-14 1.648901e-13 1.529938e-10 1.532211e-10 fanout798
 4.769909e-14 1.613051e-13 1.529938e-10 1.532028e-10 fanout800
 4.561876e-14 2.126285e-13 1.529288e-10 1.531871e-10 max_cap348
 4.221311e-14 2.310221e-13 1.527393e-10 1.530126e-10 wire345
 4.398585e-14 2.447730e-13 1.526624e-10 1.529512e-10 fanout341
 4.607166e-14 1.962541e-13 1.527036e-10 1.529459e-10 max_cap338
 5.043495e-14 1.563941e-13 1.526359e-10 1.528427e-10 fanout319
 2.668794e-13 1.032741e-12 1.514593e-10 1.527590e-10 fanout811
 3.784885e-14 1.300079e-13 1.525342e-10 1.527021e-10 max_cap210
 2.876200e-14 2.064980e-13 1.521533e-10 1.523886e-10 fanout805
 3.242110e-14 1.051798e-13 1.521533e-10 1.522909e-10 fanout804
 2.986859e-14 2.109023e-13 1.520288e-10 1.522696e-10 max_cap146
 3.184776e-14 2.031035e-13 1.520288e-10 1.522638e-10 fanout147
 5.409314e-14 2.076962e-13 1.517349e-10 1.519967e-10 fanout1025
 5.029736e-14 2.080953e-13 1.517349e-10 1.519933e-10 max_cap1024
 5.738403e-14 2.455782e-13 1.513119e-10 1.516149e-10 fanout1015
 8.213374e-14 2.038327e-13 1.513119e-10 1.515979e-10 fanout1017
 4.481364e-14 1.286531e-13 1.513614e-10 1.515348e-10 fanout998
 4.516825e-14 1.187774e-13 1.513614e-10 1.515253e-10 fanout986
 5.419492e-14 2.053501e-13 1.512259e-10 1.514854e-10 fanout1021
 5.333258e-14 2.351518e-13 1.511846e-10 1.514731e-10 fanout266
 6.447209e-14 1.624622e-13 1.511261e-10 1.513530e-10 fanout259
 2.823213e-14 9.007235e-14 1.509869e-10 1.511052e-10 fanout676
 2.740488e-14 8.932538e-14 1.509869e-10 1.511036e-10 fanout678
 4.007653e-14 2.147061e-13 1.508285e-10 1.510833e-10 fanout336
 4.549129e-14 1.683880e-13 1.507919e-10 1.510057e-10 max_cap1009
 4.628002e-14 1.650576e-13 1.507919e-10 1.510032e-10 max_cap1003
 4.052049e-14 1.279649e-13 1.508285e-10 1.509970e-10 fanout335
 5.128138e-14 1.537204e-13 1.507919e-10 1.509969e-10 fanout1010
 4.784371e-14 1.555720e-13 1.507919e-10 1.509953e-10 fanout1001
 5.142362e-14 1.360452e-13 1.507919e-10 1.509793e-10 fanout1004
 4.799861e-14 1.304576e-13 1.507919e-10 1.509703e-10 fanout1006
 4.599289e-14 1.363363e-13 1.504806e-10 1.506629e-10 fanout667
 3.912792e-14 2.087629e-13 1.502626e-10 1.505105e-10 fanout357
 2.550962e-14 9.412341e-14 1.503222e-10 1.504418e-10 fanout330
 2.507212e-14 7.801756e-14 1.503222e-10 1.504253e-10 fanout326
 4.392316e-14 3.456646e-13 1.497930e-10 1.501825e-10 fanout351
 4.037340e-14 1.443254e-13 1.498342e-10 1.500189e-10 fanout359
 2.404757e-14 7.542187e-14 1.498616e-10 1.499611e-10 fanout245
 3.536175e-14 1.335322e-13 1.497069e-10 1.498758e-10 fanout370
 3.384285e-14 1.431792e-13 1.496931e-10 1.498702e-10 fanout285
 3.277037e-14 1.374383e-13 1.496931e-10 1.498634e-10 fanout284
 2.470038e-14 1.637461e-13 1.494139e-10 1.496024e-10 fanout365
 2.215126e-14 6.799627e-14 1.494817e-10 1.495718e-10 fanout380
 2.036057e-14 7.239489e-14 1.494405e-10 1.495332e-10 fanout217
 2.036937e-14 7.078208e-14 1.494405e-10 1.495316e-10 fanout218
 2.641719e-14 7.430998e-14 1.494139e-10 1.495146e-10 fanout363
 2.072467e-14 6.101444e-14 1.493553e-10 1.494371e-10 fanout204
 1.725324e-14 5.294681e-14 1.492821e-10 1.493523e-10 fanout250
 2.399467e-14 8.515984e-14 1.490669e-10 1.491760e-10 fanout281
 2.019296e-14 5.456364e-14 1.488481e-10 1.489228e-10 fanout293
 1.382244e-14 4.608568e-14 1.488481e-10 1.489080e-10 fanout291
 1.385397e-14 4.134576e-14 1.488481e-10 1.489033e-10 fanout289
 1.634352e-14 4.832163e-14 1.486457e-10 1.487104e-10 fanout162
 9.154631e-15 5.402537e-14 1.485936e-10 1.486567e-10 fanout178
 5.414148e-15 5.182173e-14 1.484828e-10 1.485400e-10 fanout167
 7.346564e-15 1.932557e-14 1.484306e-10 1.484572e-10 fanout159
 4.737263e-15 1.702945e-14 1.484306e-10 1.484523e-10 fanout265
 4.702330e-15 1.441539e-14 1.484132e-10 1.484323e-10 fanout168
 8.305565e-18 5.215747e-17 8.952088e-11 8.952095e-11 max_cap74
 8.457065e-18 5.416623e-17 8.952088e-11 8.952095e-11 max_cap79
 1.128556e-16 5.170331e-16 8.950376e-11 8.950439e-11 max_cap68
 1.652648e-17 3.081442e-16 8.950225e-11 8.950258e-11 fanout1048
 3.099356e-17 1.287355e-16 8.949570e-11 8.949586e-11 fanout917
 2.425800e-17 8.369206e-17 8.949570e-11 8.949581e-11 fanout912
 4.826887e-16 3.121705e-15 8.949065e-11 8.949425e-11 fanout140
 5.344114e-17 1.579099e-16 8.948964e-11 8.948985e-11 fanout639
 2.281707e-17 7.166760e-17 8.948259e-11 8.948269e-11 fanout645
 1.182785e-16 3.097902e-16 8.945537e-11 8.945580e-11 fanout659
 3.231397e-15 2.794504e-14 8.941607e-11 8.944725e-11 fanout121
 6.268877e-15 9.411576e-14 8.933543e-11 8.943582e-11 fanout273
 3.953506e-15 2.585171e-14 8.939189e-11 8.942169e-11 fanout118
 1.911459e-15 8.510184e-15 8.940297e-11 8.941339e-11 fanout261
 4.539716e-15 3.651159e-14 8.936870e-11 8.940975e-11 fanout172
 3.537174e-16 1.041734e-15 8.939592e-11 8.939732e-11 fanout638
 6.604548e-16 3.619562e-15 8.938584e-11 8.939012e-11 wire71
 5.609858e-15 3.318065e-14 8.931528e-11 8.935407e-11 fanout83
 2.018108e-16 8.631441e-16 8.934955e-11 8.935061e-11 fanout634
 2.340847e-16 6.900996e-16 8.933746e-11 8.933838e-11 fanout660
 6.779102e-15 2.152855e-14 8.926590e-11 8.929421e-11 fanout82
 2.106002e-16 5.401629e-16 8.926389e-11 8.926464e-11 fanout633
 7.146985e-15 2.577441e-14 8.922155e-11 8.925447e-11 fanout278
 8.233618e-15 3.853669e-14 8.920744e-11 8.925421e-11 fanout154
 2.480281e-16 6.974117e-16 8.919938e-11 8.920032e-11 fanout652
 2.634341e-16 7.891674e-16 8.917721e-11 8.917826e-11 fanout653
 1.075853e-14 8.673269e-14 8.904317e-11 8.914066e-11 fanout136
 1.706731e-14 9.963103e-14 8.901847e-11 8.913516e-11 fanout107
 1.594912e-14 8.795133e-14 8.901696e-11 8.912086e-11 fanout457
 1.766623e-14 8.302292e-14 8.901696e-11 8.911765e-11 fanout476
 1.054369e-14 6.183386e-14 8.904317e-11 8.911555e-11 fanout135
 1.791124e-14 7.239214e-14 8.901696e-11 8.910726e-11 fanout459
 1.766502e-14 6.976779e-14 8.901696e-11 8.910439e-11 fanout455
 1.756665e-14 6.928990e-14 8.901696e-11 8.910381e-11 fanout441
 1.558093e-14 7.086890e-14 8.901696e-11 8.910341e-11 fanout443
 1.565578e-14 6.657344e-14 8.901696e-11 8.909919e-11 fanout439
 1.598815e-14 6.498513e-14 8.901696e-11 8.909793e-11 fanout462
 1.723320e-14 6.271811e-14 8.901696e-11 8.909691e-11 fanout451
 1.618870e-14 5.905344e-14 8.901696e-11 8.909221e-11 fanout456
 1.580811e-14 5.892349e-14 8.901696e-11 8.909169e-11 fanout445
 1.556872e-14 5.849404e-14 8.901696e-11 8.909103e-11 fanout438
 1.645754e-14 5.609356e-14 8.901696e-11 8.908951e-11 fanout428
 1.545324e-14 5.676997e-14 8.901696e-11 8.908918e-11 fanout448
 1.622724e-14 5.583765e-14 8.901696e-11 8.908903e-11 fanout426
 1.620536e-14 5.565110e-14 8.901696e-11 8.908882e-11 fanout424
 1.629333e-14 5.546188e-14 8.901696e-11 8.908872e-11 fanout467
 1.591360e-14 5.305389e-14 8.901696e-11 8.908593e-11 fanout436
 1.732871e-14 5.090861e-14 8.901696e-11 8.908520e-11 fanout450
 1.550079e-14 5.151322e-14 8.901696e-11 8.908398e-11 fanout435
 1.621819e-14 5.071637e-14 8.901696e-11 8.908389e-11 fanout420
 1.570475e-14 5.027520e-14 8.901696e-11 8.908294e-11 fanout468
 1.634467e-14 4.894066e-14 8.901696e-11 8.908225e-11 fanout473
 1.556501e-14 4.951397e-14 8.901696e-11 8.908204e-11 fanout465
 1.641392e-14 4.791117e-14 8.901696e-11 8.908128e-11 fanout460
 2.291629e-14 2.741950e-13 8.853922e-11 8.883633e-11 fanout106
 1.151822e-14 7.432654e-14 8.831144e-11 8.839729e-11 fanout691
 1.080024e-14 6.729850e-14 8.828221e-11 8.836031e-11 fanout299
 1.134765e-13 1.905386e-12 8.604122e-11 8.806008e-11 fanout740
 8.323558e-16 2.182987e-15 8.805242e-11 8.805544e-11 fanout637
 1.973668e-14 8.092745e-14 8.789418e-11 8.799485e-11 fanout350
 1.088506e-15 3.209208e-15 8.797985e-11 8.798414e-11 fanout636
 1.192394e-13 3.063685e-13 8.746937e-11 8.789498e-11 fanout233
 6.481119e-14 3.095486e-13 8.746937e-11 8.784373e-11 fanout232
 6.574220e-14 2.806369e-13 8.746937e-11 8.781574e-11 fanout231
 1.358197e-15 3.908082e-15 8.761602e-11 8.762129e-11 fanout655
 4.712690e-14 1.818419e-14 8.740637e-11 8.747168e-11 output12
 1.424118e-14 7.205206e-14 8.731164e-11 8.739793e-11 fanout324
 1.291335e-14 6.834681e-14 8.731164e-11 8.739290e-11 fanout323
 1.292362e-14 6.312047e-14 8.731164e-11 8.738768e-11 fanout321
 8.951359e-16 7.478675e-17 8.736505e-11 8.736602e-11 output18
 8.256108e-16 4.101222e-17 8.712820e-11 8.712907e-11 output31
 6.473241e-16 2.136939e-17 8.712820e-11 8.712887e-11 output23
 6.001654e-16 5.160784e-17 8.712820e-11 8.712885e-11 output21
 3.849772e-16 7.374255e-17 8.712820e-11 8.712866e-11 output25
 3.928920e-16 6.299855e-17 8.712820e-11 8.712866e-11 output26
 3.423268e-16 8.201228e-17 8.712820e-11 8.712862e-11 output22
 3.896575e-16 1.882969e-17 8.712820e-11 8.712861e-11 output32
 3.410865e-16 5.964778e-17 8.712820e-11 8.712860e-11 output24
 3.446188e-16 4.365382e-17 8.712820e-11 8.712859e-11 output19
 3.182152e-16 5.451222e-17 8.712820e-11 8.712858e-11 output27
 3.231224e-16 3.681525e-17 8.712820e-11 8.712856e-11 output29
 3.163412e-16 3.789923e-17 8.712820e-11 8.712855e-11 output30
 3.250185e-16 2.407940e-17 8.712820e-11 8.712855e-11 output20
 1.515868e-13 7.856141e-13 8.604122e-11 8.697842e-11 fanout734
 1.369438e-15 3.847374e-15 8.696492e-11 8.697014e-11 fanout635
 1.724876e-13 6.380588e-13 8.605985e-11 8.687040e-11 fanout809
 1.040284e-15 1.201951e-16 8.683693e-11 8.683809e-11 output40
 1.539042e-13 5.943494e-13 8.604122e-11 8.678947e-11 fanout739
 1.093193e-13 5.893417e-13 8.606137e-11 8.676003e-11 fanout704
 1.105409e-13 6.052852e-13 8.604122e-11 8.675704e-11 fanout726
 1.309948e-13 5.451254e-13 8.606137e-11 8.673749e-11 fanout705
 1.141869e-13 5.742269e-13 8.604122e-11 8.672963e-11 fanout754
 1.306535e-13 5.289788e-13 8.606137e-11 8.672100e-11 fanout710
 1.142332e-13 5.160265e-13 8.604122e-11 8.667148e-11 fanout769
 1.115604e-13 4.745761e-13 8.606137e-11 8.664750e-11 fanout706
 1.207076e-13 4.635440e-13 8.606137e-11 8.664562e-11 fanout697
 1.158773e-13 4.858910e-13 8.604122e-11 8.664298e-11 fanout763
 1.160633e-13 4.677839e-13 8.604122e-11 8.662506e-11 fanout712
 1.139582e-13 4.371695e-13 8.605985e-11 8.661098e-11 fanout808
 1.139654e-13 4.226859e-13 8.605985e-11 8.659651e-11 fanout807
 1.159945e-13 4.320763e-13 8.604122e-11 8.658928e-11 fanout773
 1.125771e-13 4.307241e-13 8.604122e-11 8.658452e-11 fanout738
 1.148163e-13 3.765126e-13 8.606137e-11 8.655270e-11 fanout700
 1.107917e-13 3.779107e-13 8.606137e-11 8.655007e-11 fanout709
 1.029907e-15 3.172632e-15 8.653558e-11 8.653978e-11 fanout632
 1.126857e-13 3.086791e-13 8.606137e-11 8.648273e-11 fanout694
 2.319155e-14 1.927721e-13 8.616770e-11 8.638366e-11 fanout797
 2.538431e-14 7.972016e-14 8.616770e-11 8.627280e-11 fanout795
 2.595182e-15 7.754320e-15 8.598427e-11 8.599462e-11 fanout654
 1.465015e-14 8.618633e-14 8.543295e-11 8.553379e-11 fanout117
 1.587193e-14 7.913340e-14 8.543295e-11 8.552796e-11 fanout111
 2.477367e-14 8.262728e-14 8.508927e-11 8.519667e-11 fanout559
 1.322083e-13 2.102487e-12 8.245973e-11 8.469443e-11 fanout401
 1.314250e-14 7.677172e-16 8.453292e-11 8.454683e-11 output57
 1.274880e-14 9.409996e-16 8.451681e-11 8.453050e-11 output52
 2.383994e-14 1.305353e-13 8.437066e-11 8.452504e-11 fanout968
 2.174250e-14 1.281224e-13 8.437066e-11 8.452053e-11 fanout978
 5.284771e-15 3.242443e-16 8.450472e-11 8.451032e-11 output62
 2.353016e-14 1.160371e-13 8.437066e-11 8.451023e-11 fanout975
 2.486314e-14 3.312515e-13 8.414893e-11 8.450505e-11 fanout799
 2.357115e-14 9.093177e-14 8.437066e-11 8.448517e-11 fanout972
 2.377394e-14 8.930811e-14 8.437066e-11 8.448375e-11 fanout963
 2.357186e-14 8.887820e-14 8.437066e-11 8.448311e-11 fanout976
 2.323032e-14 8.696937e-14 8.437066e-11 8.448086e-11 fanout974
 2.365352e-14 7.523947e-14 8.437066e-11 8.446956e-11 fanout977
 2.281410e-14 7.043416e-14 8.437066e-11 8.446391e-11 fanout973
 1.185062e-14 8.874401e-16 8.438376e-11 8.439650e-11 output17
 1.320534e-14 6.668067e-16 8.437168e-11 8.438555e-11 output28
 3.487216e-15 1.159733e-16 8.436865e-11 8.437225e-11 output39
 8.356425e-15 1.237670e-15 8.435252e-11 8.436212e-11 output60
 2.332505e-14 6.588606e-14 8.421041e-11 8.429962e-11 fanout598
 2.453642e-14 1.199063e-13 8.414893e-11 8.429337e-11 fanout803
 8.248375e-15 8.071320e-16 8.427593e-11 8.428499e-11 output36
 7.281696e-15 2.774866e-16 8.426483e-11 8.427239e-11 output59
 1.306296e-14 4.033850e-16 8.423359e-11 8.424706e-11 output35
 7.482343e-15 4.866396e-16 8.423561e-11 8.424358e-11 output38
 6.609614e-15 2.715493e-16 8.419530e-11 8.420218e-11 output37
 2.435995e-14 8.239582e-14 8.408241e-11 8.418916e-11 fanout588
 1.206812e-14 6.237497e-16 8.416103e-11 8.417372e-11 output33
 1.175699e-14 1.210308e-15 8.415095e-11 8.416392e-11 output34
 2.301248e-14 8.171578e-14 8.402497e-11 8.412970e-11 fanout612
 2.442400e-14 7.845383e-14 8.400985e-11 8.411273e-11 fanout599
 2.288174e-14 8.007866e-14 8.397658e-11 8.407954e-11 fanout566
 7.607169e-15 4.626060e-16 8.406226e-11 8.407033e-11 output61
 2.046730e-14 6.435505e-14 8.396550e-11 8.405032e-11 fanout565
 2.149450e-14 6.093390e-14 8.394837e-11 8.403080e-11 fanout564
 2.124127e-14 7.267037e-14 8.391209e-11 8.400600e-11 fanout563
 2.158710e-14 7.259592e-14 8.390503e-11 8.399921e-11 fanout609
 2.101754e-14 6.060046e-14 8.390906e-11 8.399068e-11 fanout552
 2.366536e-14 6.515820e-14 8.388688e-11 8.397571e-11 fanout582
 1.986518e-14 4.692773e-14 8.388286e-11 8.394965e-11 fanout613
 2.013095e-14 5.976148e-14 8.386673e-11 8.394662e-11 fanout573
 7.821110e-15 6.617041e-16 8.393022e-11 8.393871e-11 output58
 2.263910e-14 7.246900e-14 8.383851e-11 8.393362e-11 fanout575
 2.283105e-14 6.071956e-14 8.384456e-11 8.392811e-11 fanout579
 2.141510e-14 8.065911e-14 8.379315e-11 8.389522e-11 fanout554
 1.385566e-14 1.358614e-15 8.384556e-11 8.386077e-11 output41
 2.325263e-14 6.159357e-14 8.376191e-11 8.384676e-11 fanout597
 2.065006e-14 6.375967e-14 8.375889e-11 8.384330e-11 fanout601
 2.208684e-14 5.916640e-14 8.372865e-11 8.380990e-11 fanout611
 2.011109e-14 6.161009e-14 8.369136e-11 8.377308e-11 fanout585
 2.117245e-14 5.835287e-14 8.366213e-11 8.374166e-11 fanout572
 2.020376e-14 5.200631e-14 8.365710e-11 8.372931e-11 fanout605
 1.812464e-14 5.474599e-14 8.365206e-11 8.372493e-11 fanout562
 1.934629e-14 5.490911e-14 8.359964e-11 8.367389e-11 fanout553
 1.933794e-14 5.651117e-14 8.356134e-11 8.363719e-11 fanout561
 1.973937e-14 5.474338e-14 8.355831e-11 8.363280e-11 fanout581
 1.959447e-14 4.781403e-14 8.353110e-11 8.359851e-11 fanout557
 1.773681e-14 5.485514e-14 8.352406e-11 8.359665e-11 fanout558
 1.924085e-14 6.082673e-14 8.351499e-11 8.359505e-11 fanout560
 1.947608e-14 6.848461e-14 8.348171e-11 8.356967e-11 fanout576
 1.562477e-13 9.019335e-13 8.245973e-11 8.351791e-11 fanout396
 1.959012e-14 5.118224e-14 8.340512e-11 8.347589e-11 fanout608
 1.764828e-14 5.222952e-14 8.336582e-11 8.343570e-11 fanout574
 1.758236e-14 4.952351e-14 8.334969e-11 8.341679e-11 fanout631
 2.282483e-15 3.090479e-16 8.324185e-11 8.324444e-11 output63
 1.553555e-14 7.677377e-14 8.308663e-11 8.317894e-11 fanout149
 1.358800e-13 5.724798e-13 8.245973e-11 8.316809e-11 fanout407
 1.115994e-13 5.876170e-13 8.245973e-11 8.315895e-11 fanout418
 1.588443e-14 5.286765e-14 8.308663e-11 8.315539e-11 fanout148
 1.611742e-13 4.736227e-13 8.245973e-11 8.309453e-11 fanout400
 1.169126e-13 5.162828e-13 8.245973e-11 8.309293e-11 fanout390
 1.170180e-13 4.641728e-13 8.245973e-11 8.304092e-11 fanout391
 1.214071e-13 4.579379e-13 8.245973e-11 8.303908e-11 fanout395
 1.118165e-13 4.521632e-13 8.245973e-11 8.302371e-11 fanout402
 1.092645e-13 4.434480e-13 8.245973e-11 8.301244e-11 fanout399
 1.118739e-13 4.369214e-13 8.245973e-11 8.300853e-11 fanout410
 1.068011e-13 4.338486e-13 8.245973e-11 8.300038e-11 fanout392
 1.656107e-13 3.720796e-13 8.245973e-11 8.299742e-11 fanout398
 1.106487e-13 4.105644e-13 8.245973e-11 8.298095e-11 fanout408
 1.063103e-13 3.852459e-13 8.245973e-11 8.295129e-11 fanout405
 1.078386e-13 3.728790e-13 8.245973e-11 8.294045e-11 fanout415
 1.121899e-13 3.632156e-13 8.245973e-11 8.293514e-11 fanout406
 1.139250e-13 3.515318e-13 8.245973e-11 8.292519e-11 fanout413
 1.094045e-13 3.554279e-13 8.245973e-11 8.292456e-11 fanout411
 2.635644e-14 1.228384e-13 8.276310e-11 8.291230e-11 fanout1026
 7.141491e-14 1.132047e-13 8.235189e-11 8.253651e-11 fanout982
 7.200914e-14 1.057711e-13 8.235189e-11 8.252967e-11 fanout1000
 7.234064e-14 8.316872e-14 8.235189e-11 8.250740e-11 fanout979
 2.290781e-14 1.082714e-13 8.235189e-11 8.248307e-11 fanout994
 2.147785e-14 8.817888e-14 8.235189e-11 8.246154e-11 fanout997
 2.380190e-14 6.955404e-14 8.235189e-11 8.244525e-11 fanout985
 7.946235e-14 1.081656e-12 8.105173e-11 8.221285e-11 fanout314
 1.445008e-14 6.385632e-14 8.193968e-11 8.201798e-11 fanout677
 1.388357e-14 6.314932e-14 8.193968e-11 8.201671e-11 fanout680
 1.362914e-14 5.824497e-14 8.193968e-11 8.201155e-11 fanout673
 1.381563e-14 5.755327e-14 8.193968e-11 8.201104e-11 fanout674
 1.365050e-14 5.355069e-14 8.193968e-11 8.200688e-11 fanout672
 1.099663e-15 9.404732e-17 8.196689e-11 8.196809e-11 output64
 2.986217e-14 1.400562e-13 8.172499e-11 8.189491e-11 fanout1012
 2.258283e-14 7.942219e-14 8.138232e-11 8.148432e-11 fanout668
 2.280127e-14 6.044113e-14 8.138232e-11 8.146556e-11 fanout666
 8.153179e-14 3.207406e-13 8.105173e-11 8.145401e-11 fanout315
 9.011714e-14 2.734463e-13 8.105173e-11 8.141530e-11 fanout306
 9.027124e-14 2.546797e-13 8.105173e-11 8.139669e-11 fanout307
 6.783536e-14 2.694681e-13 8.105173e-11 8.138904e-11 fanout301
 6.949935e-14 2.379350e-13 8.105173e-11 8.135917e-11 fanout308
 1.384942e-14 5.729174e-14 8.120797e-11 8.127912e-11 fanout333
 1.385846e-14 4.872360e-14 8.120797e-11 8.127055e-11 fanout328
 1.225781e-14 4.867705e-14 8.120797e-11 8.126891e-11 fanout329
 4.734189e-16 6.078623e-17 8.083707e-11 8.083761e-11 output44
 4.527628e-16 3.067047e-17 8.083707e-11 8.083756e-11 output43
 4.197294e-16 5.512116e-17 8.083707e-11 8.083754e-11 output56
 3.861174e-16 7.764465e-17 8.083707e-11 8.083754e-11 output45
 3.817475e-16 7.491617e-17 8.083707e-11 8.083753e-11 output53
 3.860675e-16 6.758253e-17 8.083707e-11 8.083752e-11 output48
 3.810096e-16 4.320618e-17 8.083707e-11 8.083750e-11 output47
 3.761861e-16 3.875359e-17 8.083707e-11 8.083749e-11 output49
 3.744885e-16 3.147912e-17 8.083707e-11 8.083748e-11 output46
 3.746524e-16 3.788491e-17 8.083707e-11 8.083748e-11 output50
 3.801138e-16 2.936863e-17 8.083707e-11 8.083748e-11 output55
 3.754636e-16 2.517739e-17 8.083707e-11 8.083748e-11 output51
 3.754458e-16 2.904265e-17 8.083707e-11 8.083748e-11 output54
 5.211279e-14 2.946322e-13 8.043693e-11 8.078368e-11 fanout239
 1.977091e-14 9.066446e-14 8.067076e-11 8.078119e-11 fanout360
 5.216456e-14 2.714302e-13 8.043693e-11 8.076053e-11 fanout240
 2.144040e-14 9.129427e-14 8.062540e-11 8.073814e-11 fanout352
 4.497596e-14 2.167662e-13 8.043693e-11 8.069868e-11 fanout237
 6.283631e-16 2.237567e-17 8.069394e-11 8.069460e-11 output42
 4.729392e-14 2.092813e-13 8.043693e-11 8.069351e-11 fanout238
 5.297493e-14 2.009030e-13 8.043693e-11 8.069082e-11 fanout241
 1.065070e-14 6.206273e-14 8.028273e-11 8.035544e-11 fanout387
 1.016722e-14 4.661555e-14 8.028273e-11 8.033951e-11 fanout376
 1.038080e-14 4.464096e-14 8.028273e-11 8.033775e-11 fanout384
 1.057468e-14 4.181588e-14 8.028273e-11 8.033512e-11 fanout383
 1.001382e-14 3.807085e-14 8.028273e-11 8.033082e-11 fanout378
 9.983861e-15 4.624048e-14 8.023737e-11 8.029360e-11 fanout219
 1.459487e-14 4.061458e-14 8.023737e-11 8.029259e-11 fanout595
 9.523487e-15 4.471933e-14 8.023737e-11 8.029161e-11 fanout220
 1.071329e-14 5.175902e-14 8.014365e-11 8.020612e-11 fanout206
 3.091480e-14 2.674553e-13 7.990276e-11 8.020113e-11 fanout195
 1.012631e-14 4.698588e-14 8.014365e-11 8.020076e-11 fanout208
 3.205173e-14 2.150293e-13 7.990276e-11 8.014984e-11 fanout194
 2.870258e-14 2.170534e-13 7.990276e-11 8.014851e-11 fanout196
 3.217102e-14 1.611694e-13 7.990276e-11 8.009610e-11 fanout192
 1.200553e-14 4.004003e-14 8.002572e-11 8.007777e-11 fanout602
 2.906970e-14 1.408619e-13 7.990276e-11 8.007269e-11 fanout190
 8.324420e-15 2.042395e-14 7.972034e-11 7.974909e-11 fanout603
 3.029962e-14 1.025489e-13 7.961351e-11 7.974636e-11 fanout224
 7.799675e-15 3.878903e-14 7.969615e-11 7.974274e-11 fanout257
 7.915761e-15 3.092611e-14 7.969615e-11 7.973500e-11 fanout254
 6.920752e-15 2.999831e-14 7.969615e-11 7.973307e-11 fanout253
 2.407107e-14 9.452358e-14 7.961351e-11 7.973210e-11 fanout225
 2.405945e-14 9.219132e-14 7.961351e-11 7.972976e-11 fanout228
 1.838265e-14 1.891551e-13 7.950264e-11 7.971018e-11 fanout143
 1.932633e-14 7.450837e-14 7.961351e-11 7.970734e-11 fanout226
 1.765528e-14 1.238458e-13 7.950264e-11 7.964414e-11 fanout549
 7.215493e-15 2.203234e-14 7.958528e-11 7.961453e-11 fanout589
 1.744064e-14 8.629431e-14 7.950264e-11 7.960638e-11 fanout523
 1.613086e-14 6.653910e-14 7.950264e-11 7.958531e-11 fanout519
 1.555666e-14 6.458447e-14 7.950264e-11 7.958278e-11 fanout487
 1.544392e-14 6.385594e-14 7.950264e-11 7.958194e-11 fanout495
 1.724757e-14 6.058679e-14 7.950264e-11 7.958047e-11 fanout524
 1.622923e-14 6.070201e-14 7.950264e-11 7.957957e-11 fanout536
 1.599546e-14 5.925344e-14 7.950264e-11 7.957789e-11 fanout479
 1.566090e-14 5.882333e-14 7.950264e-11 7.957712e-11 fanout484
 1.624082e-14 5.726330e-14 7.950264e-11 7.957614e-11 fanout537
 1.614695e-14 5.729630e-14 7.950264e-11 7.957608e-11 fanout517
 1.542991e-14 5.793373e-14 7.950264e-11 7.957601e-11 fanout491
 1.551321e-14 5.776171e-14 7.950264e-11 7.957592e-11 fanout486
 1.600012e-14 5.716732e-14 7.950264e-11 7.957581e-11 fanout525
 1.528279e-14 5.778883e-14 7.950264e-11 7.957571e-11 fanout539
 1.549029e-14 5.726601e-14 7.950264e-11 7.957539e-11 fanout543
 1.572275e-14 5.681974e-14 7.950264e-11 7.957518e-11 fanout501
 1.636743e-14 5.587864e-14 7.950264e-11 7.957489e-11 fanout508
 1.752739e-14 5.345059e-14 7.950264e-11 7.957362e-11 fanout542
 1.586148e-14 5.508942e-14 7.950264e-11 7.957359e-11 fanout532
 1.638175e-14 5.374251e-14 7.950264e-11 7.957277e-11 fanout505
 1.602827e-14 5.364062e-14 7.950264e-11 7.957231e-11 fanout545
 1.654578e-14 5.276128e-14 7.950264e-11 7.957195e-11 fanout481
 1.538347e-14 5.372503e-14 7.950264e-11 7.957175e-11 fanout529
 1.663862e-14 5.237235e-14 7.950264e-11 7.957165e-11 fanout499
 1.596702e-14 5.302390e-14 7.950264e-11 7.957163e-11 fanout500
 1.556872e-14 5.157785e-14 7.950264e-11 7.956979e-11 fanout509
 1.569871e-14 5.018438e-14 7.950264e-11 7.956853e-11 fanout482
 1.539494e-14 5.045920e-14 7.950264e-11 7.956850e-11 fanout528
 1.606056e-14 4.783728e-14 7.950264e-11 7.956654e-11 fanout547
 1.576431e-14 4.795621e-14 7.950264e-11 7.956636e-11 fanout489
 1.669238e-14 4.537353e-14 7.950264e-11 7.956471e-11 fanout503
 1.608236e-14 4.390439e-14 7.950264e-11 7.956263e-11 fanout546
 6.964308e-15 1.948397e-14 7.950264e-11 7.952909e-11 fanout570
 1.588283e-14 1.905774e-15 7.950264e-11 7.952043e-11 output15
 7.647844e-15 3.779558e-14 7.931215e-11 7.935760e-11 fanout157
 1.128060e-14 4.821101e-14 7.929804e-11 7.935753e-11 fanout276
 7.779922e-15 2.834785e-14 7.931215e-11 7.934828e-11 fanout155
 1.161192e-14 3.192310e-14 7.929804e-11 7.934157e-11 fanout277
 4.553051e-15 2.345663e-14 7.930510e-11 7.933311e-11 fanout179
 6.290554e-15 3.230494e-14 7.918415e-11 7.922275e-11 fanout269
 6.468354e-15 1.738394e-14 7.918415e-11 7.920800e-11 fanout270
 6.785656e-15 1.332299e-14 7.916702e-11 7.918713e-11 max_cap171
 3.975777e-15 1.543523e-14 7.915089e-11 7.917030e-11 fanout176
 4.147087e-15 1.013232e-14 7.915089e-11 7.916517e-11 fanout175
 3.356377e-15 3.078020e-14 7.910352e-11 7.913765e-11 fanout122
 1.259071e-15 2.835311e-15 7.908336e-11 7.908746e-11 fanout593
 2.480513e-15 7.036618e-15 7.907731e-11 7.908683e-11 fanout119
 1.875294e-17 1.240836e-16 7.901885e-11 7.901900e-11 fanout1092
 1.700149e-17 7.850401e-17 7.901885e-11 7.901895e-11 fanout1099
 8.328652e-18 6.556807e-17 7.899870e-11 7.899878e-11 fanout826
 8.328642e-18 6.623236e-17 7.899870e-11 7.899878e-11 fanout827
 8.331224e-18 5.296885e-17 7.899870e-11 7.899877e-11 fanout824
 7.655548e-18 4.934114e-17 7.899870e-11 7.899876e-11 fanout819
 7.844559e-18 4.443405e-17 7.899870e-11 7.899876e-11 fanout821
 7.411736e-18 3.143197e-17 7.899870e-11 7.899875e-11 fanout823
 7.854721e-18 2.722702e-17 7.899870e-11 7.899874e-11 fanout822
 8.389687e-18 2.756688e-17 7.899870e-11 7.899874e-11 fanout825
 4.944796e-14 1.850651e-12 5.565408e-11 5.755418e-11 _25740_
 4.633268e-14 1.028586e-12 5.602452e-11 5.709944e-11 _26346_
 8.889320e-18 3.207025e-17 5.681376e-11 5.681380e-11 fanout1115
 8.888808e-18 3.255662e-17 5.681376e-11 5.681380e-11 fanout1124
 8.877145e-18 2.771685e-17 5.681376e-11 5.681380e-11 fanout1067
 9.528823e-18 2.867816e-17 5.681376e-11 5.681380e-11 fanout1101
 8.740042e-18 2.827878e-17 5.681376e-11 5.681380e-11 fanout1111
 9.167374e-18 2.975141e-17 5.681376e-11 5.681380e-11 fanout1126
 9.183840e-18 2.629395e-17 5.681376e-11 5.681379e-11 fanout1128
 8.896212e-15 4.301867e-14 5.675747e-11 5.680939e-11 fanout518
 1.168139e-14 9.141562e-14 5.670189e-11 5.680499e-11 fanout91
 9.828276e-15 3.751806e-14 5.675747e-11 5.680482e-11 fanout526
 9.393253e-15 9.339385e-14 5.670189e-11 5.680468e-11 fanout619
 1.852227e-14 3.948030e-14 5.674457e-11 5.680258e-11 fanout223
 8.377905e-15 2.806697e-14 5.675747e-11 5.679392e-11 fanout530
 9.324388e-15 2.633326e-14 5.675747e-11 5.679313e-11 fanout496
 1.081656e-14 3.770164e-14 5.674457e-11 5.679309e-11 fanout227
 9.381913e-15 5.916064e-14 5.670189e-11 5.677044e-11 fanout630
 3.971041e-15 1.214764e-14 5.673496e-11 5.675108e-11 fanout256
 8.631864e-15 3.628659e-14 5.670189e-11 5.674681e-11 fanout94
 1.100895e-14 3.232222e-14 5.670189e-11 5.674522e-11 fanout96
 3.710287e-14 8.569781e-14 5.657725e-11 5.670005e-11 fanout304
 6.016280e-14 1.662350e-13 5.641345e-11 5.663985e-11 fanout416
 1.253187e-16 7.150439e-16 5.635868e-11 5.635952e-11 _25879_
 1.506042e-16 1.003737e-15 5.635598e-11 5.635714e-11 _25870_
 6.466775e-14 2.820697e-13 5.599679e-11 5.634353e-11 fanout752
 6.016045e-14 2.487697e-13 5.599679e-11 5.630572e-11 fanout762
 6.478583e-14 2.263639e-13 5.599679e-11 5.628794e-11 fanout716
 5.933095e-14 2.256342e-13 5.599679e-11 5.628176e-11 fanout715
 5.953027e-14 1.650690e-13 5.599679e-11 5.622139e-11 fanout721
 5.853747e-16 3.354423e-15 5.602892e-11 5.603287e-11 _25959_
 7.301376e-16 4.909845e-15 5.588795e-11 5.589359e-11 _26311_
 1.863605e-16 5.080031e-16 5.587034e-11 5.587103e-11 fanout817
 9.470214e-16 2.719257e-15 5.585838e-11 5.586204e-11 fanout658
 1.321371e-14 3.588310e-14 5.570618e-11 5.575528e-11 fanout105
 1.004286e-14 8.353419e-14 5.565060e-11 5.574418e-11 fanout129
 1.004274e-14 8.051472e-14 5.565060e-11 5.574116e-11 fanout133
 1.004232e-14 5.722811e-14 5.565060e-11 5.571787e-11 fanout127
 9.270408e-15 5.410646e-14 5.565060e-11 5.571398e-11 fanout123
 1.143258e-14 4.258942e-14 5.565060e-11 5.570462e-11 fanout125
 1.006310e-14 4.163310e-14 5.565060e-11 5.570230e-11 fanout131
 8.273202e-15 1.094489e-13 5.557851e-11 5.569623e-11 _25744_
 8.496186e-15 2.802419e-14 5.565060e-11 5.568712e-11 fanout466
 8.754054e-15 2.580115e-14 5.565060e-11 5.568516e-11 fanout437
 4.989003e-16 1.395395e-15 5.568039e-11 5.568228e-11 fanout650
 1.803405e-17 1.246701e-16 5.559491e-11 5.559505e-11 fanout878
 1.319833e-17 5.577129e-17 5.559491e-11 5.559498e-11 fanout939
 1.599470e-17 5.163916e-17 5.559491e-11 5.559498e-11 fanout870
 1.359816e-17 5.313277e-17 5.559491e-11 5.559498e-11 fanout900
 1.318697e-17 5.263042e-17 5.559491e-11 5.559498e-11 fanout938
 1.263487e-17 4.209986e-17 5.559491e-11 5.559497e-11 fanout843
 1.374726e-17 4.044379e-17 5.559491e-11 5.559497e-11 fanout853
 1.304511e-17 4.415030e-17 5.559491e-11 5.559497e-11 fanout867
 1.361176e-17 4.229170e-17 5.559491e-11 5.559497e-11 fanout893
 1.362184e-17 4.182894e-17 5.559491e-11 5.559497e-11 fanout906
 1.275600e-17 3.880763e-17 5.559491e-11 5.559496e-11 fanout837
 1.424304e-17 3.894874e-17 5.559491e-11 5.559496e-11 fanout844
 1.311669e-17 3.721872e-17 5.559491e-11 5.559496e-11 fanout895
 1.364308e-17 3.827304e-17 5.559491e-11 5.559496e-11 fanout910
 1.262514e-17 3.735192e-17 5.559491e-11 5.559496e-11 fanout909
 1.340682e-17 3.480288e-17 5.559491e-11 5.559496e-11 fanout915
 1.284141e-17 3.649942e-17 5.559491e-11 5.559496e-11 fanout922
 1.277224e-17 3.221810e-17 5.559491e-11 5.559496e-11 fanout835
 9.487513e-18 5.819365e-17 5.559415e-11 5.559422e-11 fanout1038
 1.144238e-17 4.460513e-17 5.559415e-11 5.559420e-11 fanout1036
 1.127500e-17 4.026431e-17 5.559415e-11 5.559420e-11 fanout1041
 1.186582e-17 3.501161e-17 5.559415e-11 5.559420e-11 fanout1044
 1.130027e-17 3.324860e-17 5.559415e-11 5.559419e-11 fanout1042
 1.500032e-16 1.257619e-15 5.548718e-11 5.548859e-11 _25680_
 0.000000e+00 0.000000e+00 4.528590e-11 4.528590e-11 input11
 5.246755e-15 3.601482e-14 4.520334e-11 4.524461e-11 input10
 1.478062e-16 2.268498e-16 4.513487e-11 4.513524e-11 _30968_
 1.478171e-16 2.203264e-16 4.513487e-11 4.513524e-11 _30971_
 1.478649e-16 1.945325e-16 4.513487e-11 4.513521e-11 _30975_
 1.479043e-16 1.719516e-16 4.513487e-11 4.513519e-11 _30970_
 1.504989e-16 1.583936e-16 4.513487e-11 4.513518e-11 _30977_
 1.482188e-16 1.301762e-16 4.513487e-11 4.513515e-11 _30972_
 1.483985e-16 1.141904e-16 4.513487e-11 4.513513e-11 _30976_
 1.484583e-16 1.088436e-16 4.513487e-11 4.513512e-11 _30973_
 1.484901e-16 1.059788e-16 4.513487e-11 4.513512e-11 _30974_
 1.487188e-16 8.558902e-17 4.513487e-11 4.513510e-11 _30969_
 7.338123e-15 2.647512e-14 4.490873e-11 4.494254e-11 input4
 8.118050e-15 4.199963e-14 4.483433e-11 4.488444e-11 input3
 7.591756e-15 2.799168e-14 4.484795e-11 4.488353e-11 input2
 2.281877e-16 9.921565e-15 4.484179e-11 4.485194e-11 _27460_
 5.764451e-18 3.648870e-17 4.484455e-11 4.484459e-11 _26228_
 5.676075e-18 3.137924e-17 4.484407e-11 4.484411e-11 _26058_
 1.800048e-17 1.336985e-16 4.484317e-11 4.484333e-11 _25924_
 4.654818e-15 1.206046e-14 4.482643e-11 4.484315e-11 _17271_
 4.954081e-17 2.836300e-16 4.483435e-11 4.483469e-11 _25771_
 6.796284e-17 6.850350e-16 4.483291e-11 4.483366e-11 _26147_
 1.935683e-15 1.963263e-14 4.480556e-11 4.482712e-11 _27553_
 2.301249e-16 1.347955e-15 4.481816e-11 4.481974e-11 _26322_
 7.157387e-17 4.985263e-16 4.481823e-11 4.481880e-11 _25817_
 6.469889e-15 2.035832e-14 4.479094e-11 4.481777e-11 input5
 2.084346e-16 1.754975e-15 4.481314e-11 4.481510e-11 _25826_
 6.534530e-17 4.162179e-16 4.480907e-11 4.480955e-11 _25952_
 7.842597e-17 5.549629e-16 4.480866e-11 4.480929e-11 _26003_
 7.483916e-15 2.488170e-14 4.477264e-11 4.480500e-11 input1
 8.263337e-17 5.939104e-16 4.480218e-11 4.480286e-11 _26219_
 1.108020e-16 2.152328e-15 4.479984e-11 4.480210e-11 _26255_
 6.075846e-17 3.482201e-16 4.480025e-11 4.480066e-11 _25781_
 2.103017e-16 1.417625e-15 4.479791e-11 4.479954e-11 _26067_
 1.868268e-16 1.371548e-15 4.478888e-11 4.479044e-11 _26155_
 4.016376e-16 2.104591e-15 4.477069e-11 4.477320e-11 _25754_
 2.147210e-16 1.436789e-15 4.474100e-11 4.474265e-11 _25888_
 2.979196e-16 2.022653e-15 4.473184e-11 4.473416e-11 _26265_
 1.605537e-16 1.186680e-15 4.472198e-11 4.472333e-11 _25844_
 3.038555e-16 1.739865e-15 4.471667e-11 4.471872e-11 _25896_
 1.308702e-16 8.011463e-16 4.470455e-11 4.470549e-11 _25968_
 2.569494e-16 1.387857e-15 4.469380e-11 4.469545e-11 _26282_
 6.946556e-17 1.830088e-15 4.468333e-11 4.468523e-11 _25691_
 2.373881e-16 1.203917e-15 4.464282e-11 4.464426e-11 _26301_
 1.575399e-16 3.484391e-15 4.461800e-11 4.462165e-11 _30967_
 1.217368e-16 2.409149e-15 4.461800e-11 4.462053e-11 _30960_
 1.207048e-16 2.205924e-15 4.461800e-11 4.462033e-11 _30958_
 1.497416e-16 1.043465e-15 4.461800e-11 4.461920e-11 _30963_
 9.235251e-17 1.013827e-15 4.461800e-11 4.461911e-11 _30962_
 1.503032e-16 7.418450e-16 4.461800e-11 4.461890e-11 _30961_
 9.233316e-17 7.775055e-16 4.461800e-11 4.461887e-11 _30959_
 9.228441e-17 6.120958e-16 4.461800e-11 4.461871e-11 _30965_
 9.228129e-17 6.038492e-16 4.461800e-11 4.461870e-11 _30964_
 9.227070e-17 5.748149e-16 4.461800e-11 4.461867e-11 _30966_
 5.260342e-16 4.536950e-15 4.459163e-11 4.459669e-11 _25763_
 5.149714e-15 8.313214e-14 4.449482e-11 4.458311e-11 _25742_
 8.695835e-16 5.188635e-15 4.454402e-11 4.455008e-11 _25801_
 1.691286e-15 5.224592e-14 4.449358e-11 4.454752e-11 _25686_
 2.712737e-15 2.222653e-14 4.452149e-11 4.454643e-11 _25795_
 8.959710e-16 5.765428e-15 4.453616e-11 4.454282e-11 _26051_
 7.334978e-15 7.144877e-14 4.446283e-11 4.454161e-11 fanout128
 4.649924e-15 4.472871e-14 4.448786e-11 4.453724e-11 _25911_
 9.975675e-16 5.505214e-15 4.452783e-11 4.453433e-11 _26041_
 3.073754e-15 2.065742e-14 4.450647e-11 4.453020e-11 _25886_
 2.906686e-15 2.468044e-14 4.450130e-11 4.452889e-11 _25831_
 3.024970e-15 2.132246e-14 4.449910e-11 4.452344e-11 _26010_
 1.449517e-15 3.284206e-14 4.448759e-11 4.452188e-11 _25687_
 6.999904e-16 2.172917e-14 4.449469e-11 4.451712e-11 _25695_
 1.318254e-15 8.474843e-15 4.450571e-11 4.451551e-11 _26140_
 3.001404e-15 2.085448e-14 4.448904e-11 4.451289e-11 _26208_
 3.343489e-15 2.543381e-14 4.448236e-11 4.451113e-11 _26198_
 1.987052e-15 1.942825e-14 4.448932e-11 4.451073e-11 _25921_
 3.290137e-15 2.516595e-14 4.448104e-11 4.450950e-11 _25891_
 1.767742e-15 1.144111e-14 4.449489e-11 4.450810e-11 _26066_
 3.844890e-15 3.087900e-14 4.447085e-11 4.450557e-11 _26264_
 1.597101e-15 1.475875e-14 4.448876e-11 4.450511e-11 _25840_
 1.750113e-15 1.290667e-14 4.449007e-11 4.450473e-11 _26224_
 2.203671e-15 1.745587e-14 4.448249e-11 4.450215e-11 _26251_
 2.700386e-15 2.321875e-14 4.447257e-11 4.449849e-11 _25887_
 7.361870e-15 2.635205e-14 4.446283e-11 4.449654e-11 fanout132
 2.238210e-15 1.690680e-14 4.447732e-11 4.449647e-11 _25804_
 2.687896e-15 2.155301e-14 4.447168e-11 4.449592e-11 _25812_
 2.711554e-15 1.720474e-14 4.447595e-11 4.449586e-11 _26022_
 1.651565e-15 1.295110e-14 4.447918e-11 4.449379e-11 _25848_
 2.415023e-15 1.744077e-14 4.446878e-11 4.448864e-11 _26280_
 2.288977e-15 1.438460e-14 4.447140e-11 4.448807e-11 _25851_
 2.602001e-15 2.082627e-14 4.446437e-11 4.448780e-11 _25856_
 1.941121e-15 1.735639e-14 4.446726e-11 4.448656e-11 _26082_
 2.931399e-15 2.767019e-14 4.445404e-11 4.448464e-11 _25767_
 1.483225e-15 1.196057e-14 4.446844e-11 4.448188e-11 _25786_
 2.380506e-15 1.448888e-14 4.445976e-11 4.447662e-11 _25776_
 3.805173e-16 2.520405e-15 4.446995e-11 4.447285e-11 _25972_
 1.006429e-15 5.861202e-15 4.446561e-11 4.447248e-11 _26033_
 8.832391e-16 4.803861e-15 4.446630e-11 4.447199e-11 _26284_
 1.653201e-15 1.395097e-14 4.445342e-11 4.446902e-11 _25939_
 8.140622e-16 6.270717e-15 4.444108e-11 4.444817e-11 _25792_
 6.201465e-15 3.995847e-14 4.438493e-11 4.443109e-11 _25747_
 4.460316e-16 1.213576e-14 4.441766e-11 4.443024e-11 _25684_
 8.529570e-18 4.826759e-17 4.442295e-11 4.442301e-11 fanout1040
 6.711720e-15 6.379437e-14 4.434662e-11 4.441713e-11 _25746_
 2.431035e-15 1.815295e-14 4.433471e-11 4.435529e-11 _26227_
 3.456664e-15 4.524201e-14 4.423095e-11 4.427964e-11 _25749_
 3.257742e-15 9.192535e-14 4.416205e-11 4.425723e-11 _17063_
 5.067303e-15 4.016424e-14 4.419470e-11 4.423993e-11 _25748_
 4.225459e-15 4.541742e-14 4.416205e-11 4.421169e-11 _25750_
 1.847709e-14 1.951715e-13 3.318548e-11 3.339913e-11 _15416_
 9.360701e-16 4.199870e-14 3.330395e-11 3.334688e-11 _18819_
 1.281421e-15 1.770108e-15 3.331110e-11 3.331416e-11 _18817_
 2.034894e-18 7.300676e-18 3.331281e-11 3.331282e-11 _22967_
 3.557972e-18 1.329255e-17 3.331228e-11 3.331229e-11 _18086_
 2.994775e-18 2.187664e-17 3.331214e-11 3.331216e-11 _26076_
 1.548100e-16 6.265682e-16 3.331100e-11 3.331178e-11 _28790_
 2.426589e-16 6.234317e-16 3.331081e-11 3.331168e-11 _24217_
 1.511501e-17 6.860374e-17 3.331121e-11 3.331129e-11 _25790_
 2.385442e-16 1.895668e-16 3.330981e-11 3.331024e-11 _27483_
 4.039882e-16 1.243070e-15 3.330839e-11 3.331004e-11 _21000_
 5.249083e-16 8.521929e-16 3.330739e-11 3.330877e-11 _28519_
 2.574544e-17 2.621950e-16 3.330760e-11 3.330788e-11 _26273_
 4.049158e-16 6.797532e-16 3.330656e-11 3.330765e-11 _29130_
 1.056692e-15 1.742386e-15 3.330446e-11 3.330726e-11 _22891_
 3.640385e-15 9.111515e-15 3.329361e-11 3.330636e-11 _28360_
 5.014407e-16 8.435464e-16 3.330484e-11 3.330619e-11 _23603_
 2.849282e-15 2.754024e-15 3.330057e-11 3.330618e-11 _15375_
 8.972596e-16 4.493935e-15 3.330078e-11 3.330617e-11 _27591_
 6.100130e-16 7.533850e-16 3.330382e-11 3.330519e-11 _29402_
 6.781045e-16 8.687992e-16 3.330335e-11 3.330489e-11 _29108_
 2.918623e-17 1.089812e-16 3.330467e-11 3.330481e-11 _26291_
 6.629025e-16 2.089719e-15 3.330137e-11 3.330412e-11 _26624_
 6.118273e-16 5.069606e-16 3.330279e-11 3.330391e-11 _15054_
 8.194187e-16 2.308340e-15 3.329956e-11 3.330269e-11 _14986_
 3.308259e-17 1.249168e-16 3.330212e-11 3.330228e-11 _26040_
 5.742187e-17 4.744228e-16 3.330016e-11 3.330069e-11 _26094_
 1.293988e-15 3.840919e-15 3.329476e-11 3.329989e-11 _19390_
 1.138122e-15 6.309880e-16 3.329791e-11 3.329968e-11 _15100_
 1.068109e-15 2.505383e-15 3.329581e-11 3.329938e-11 _28561_
 1.086003e-15 8.328925e-16 3.329742e-11 3.329934e-11 _28516_
 1.267667e-15 1.726214e-15 3.329581e-11 3.329880e-11 _27999_
 1.322390e-16 1.532835e-15 3.329631e-11 3.329797e-11 _26274_
 1.304129e-15 2.226876e-15 3.329403e-11 3.329757e-11 _15178_
 1.751140e-16 5.960639e-16 3.329668e-11 3.329746e-11 _25871_
 1.291972e-15 1.215766e-15 3.329385e-11 3.329636e-11 _27074_
 1.108186e-15 1.272882e-15 3.329288e-11 3.329526e-11 _29328_
 1.416653e-15 2.684496e-15 3.329088e-11 3.329498e-11 _28108_
 1.463576e-15 1.404554e-15 3.329147e-11 3.329434e-11 _15014_
 1.303779e-15 1.205387e-15 3.329144e-11 3.329394e-11 _27653_
 1.327001e-15 8.628896e-16 3.329137e-11 3.329356e-11 _29420_
 1.502407e-15 1.850053e-15 3.328961e-11 3.329296e-11 _27138_
 2.030480e-15 9.715484e-16 3.328885e-11 3.329186e-11 _27487_
 1.832360e-15 2.556301e-15 3.328746e-11 3.329185e-11 _14991_
 1.441544e-15 2.265424e-15 3.328806e-11 3.329177e-11 _14886_
 2.002898e-15 1.426345e-15 3.328751e-11 3.329094e-11 _29191_
 1.566900e-15 1.203542e-15 3.328803e-11 3.329080e-11 _27284_
 1.690742e-15 1.846191e-15 3.328531e-11 3.328884e-11 _28176_
 1.344002e-16 8.168908e-16 3.328750e-11 3.328845e-11 _26031_
 1.773076e-15 1.939278e-15 3.328466e-11 3.328837e-11 _27418_
 1.809405e-15 2.511037e-15 3.328345e-11 3.328777e-11 _29045_
 2.328078e-15 1.479334e-15 3.328373e-11 3.328753e-11 _28453_
 2.463720e-15 5.917734e-15 3.327913e-11 3.328751e-11 _27169_
 1.652514e-15 1.095024e-15 3.328404e-11 3.328679e-11 _28235_
 2.148008e-15 5.063116e-15 3.327952e-11 3.328673e-11 _27885_
 1.860853e-15 1.765523e-15 3.328187e-11 3.328550e-11 _28643_
 1.862716e-15 1.215181e-15 3.328204e-11 3.328512e-11 _15036_
 2.102564e-16 7.390564e-16 3.328309e-11 3.328404e-11 _26121_
 1.340772e-15 1.446770e-13 3.313802e-11 3.328404e-11 _25699_
 3.782043e-17 4.969177e-17 3.328392e-11 3.328400e-11 _17231_
 2.319487e-15 5.098473e-15 3.327554e-11 3.328295e-11 _28754_
 8.868138e-17 6.051811e-16 3.328178e-11 3.328248e-11 _25860_
 1.795435e-15 1.157022e-15 3.327949e-11 3.328245e-11 _14843_
 2.047796e-15 2.032763e-15 3.327791e-11 3.328199e-11 _14908_
 2.188551e-15 2.393216e-15 3.327738e-11 3.328196e-11 _28024_
 2.353154e-15 1.288204e-14 3.326581e-11 3.328105e-11 _21437_
 2.674032e-15 2.747717e-15 3.327557e-11 3.328099e-11 _29202_
 2.148193e-15 2.029901e-15 3.327664e-11 3.328082e-11 _28778_
 2.399314e-15 3.994589e-15 3.327144e-11 3.327784e-11 _27183_
 2.381472e-15 2.377311e-15 3.327106e-11 3.327582e-11 _27990_
 2.376640e-15 1.382418e-15 3.327006e-11 3.327382e-11 _26610_
 2.328495e-15 1.847683e-15 3.326758e-11 3.327176e-11 _29288_
 2.417800e-15 1.987776e-15 3.326676e-11 3.327116e-11 _14955_
 3.227496e-16 1.169379e-15 3.326674e-11 3.326824e-11 _25755_
 3.495478e-15 2.121646e-15 3.326242e-11 3.326804e-11 _14786_
 1.080854e-16 7.557206e-16 3.326330e-11 3.326416e-11 _26183_
 1.854366e-16 8.181584e-16 3.326199e-11 3.326299e-11 _16569_
 3.010032e-15 2.483645e-14 3.323439e-11 3.326223e-11 _18618_
 1.473598e-16 5.850201e-16 3.326082e-11 3.326156e-11 _26201_
 3.672556e-15 1.108077e-14 3.324645e-11 3.326121e-11 _27874_
 1.548420e-16 3.267274e-16 3.326051e-11 3.326099e-11 _16439_
 1.633586e-16 5.859517e-16 3.325666e-11 3.325741e-11 _26077_
 2.182567e-15 1.035499e-14 3.323869e-11 3.325123e-11 _21449_
 2.334646e-14 3.054426e-14 3.319462e-11 3.324851e-11 _26344_
 2.013796e-16 6.825658e-16 3.324705e-11 3.324794e-11 _25772_
 1.988358e-16 1.041340e-15 3.324657e-11 3.324781e-11 _26142_
 2.841409e-16 1.046546e-15 3.324413e-11 3.324546e-11 _26240_
 1.879753e-16 7.927963e-16 3.324361e-11 3.324459e-11 _25897_
 1.097952e-15 2.682604e-15 3.323497e-11 3.323876e-11 _18075_
 2.557572e-16 1.109292e-15 3.323525e-11 3.323661e-11 _25799_
 2.052441e-16 1.538020e-15 3.323229e-11 3.323403e-11 _25791_
 7.391600e-16 3.784187e-15 3.322905e-11 3.323358e-11 _18513_
 5.370844e-17 4.164914e-16 3.323174e-11 3.323221e-11 _25693_
 2.906837e-17 1.737272e-16 3.323174e-11 3.323194e-11 _25692_
 3.824928e-16 1.230310e-15 3.323009e-11 3.323170e-11 _26004_
 3.041206e-15 1.483388e-14 3.321136e-11 3.322924e-11 _26776_
 1.061753e-15 1.079333e-15 3.322689e-11 3.322903e-11 _18511_
 1.089307e-16 3.189873e-16 3.322830e-11 3.322873e-11 _26295_
 1.210019e-16 6.667806e-15 3.322179e-11 3.322858e-11 _25694_
 4.144893e-16 6.257372e-15 3.321962e-11 3.322630e-11 _25907_
 2.753092e-16 8.398321e-16 3.322138e-11 3.322249e-11 _26247_
 2.341959e-15 3.597738e-15 3.321649e-11 3.322243e-11 _20454_
 2.073683e-16 1.441015e-15 3.322000e-11 3.322165e-11 _26133_
 1.924004e-16 8.449289e-16 3.321959e-11 3.322063e-11 _25996_
 1.607601e-15 2.885111e-15 3.321608e-11 3.322057e-11 _16421_
 2.421342e-16 9.894931e-16 3.321907e-11 3.322030e-11 _25818_
 4.750900e-16 2.255121e-15 3.321553e-11 3.321826e-11 _26269_
 3.748683e-15 9.255709e-15 3.320524e-11 3.321824e-11 _26855_
 3.434896e-15 4.646671e-14 3.316528e-11 3.321518e-11 _28122_
 2.891605e-16 9.687993e-16 3.320472e-11 3.320598e-11 _25889_
 3.868708e-16 1.480383e-15 3.320197e-11 3.320384e-11 _26088_
 1.682168e-16 6.538614e-16 3.320100e-11 3.320183e-11 _25880_
 1.968886e-15 6.821731e-15 3.319209e-11 3.320088e-11 _18069_
 3.510525e-16 1.887267e-15 3.319267e-11 3.319491e-11 _25976_
 2.140886e-16 7.948095e-16 3.319378e-11 3.319479e-11 _26302_
 4.267931e-16 2.380596e-15 3.319178e-11 3.319459e-11 _26175_
 3.443960e-16 1.964214e-15 3.319140e-11 3.319371e-11 _26184_
 3.496287e-16 1.704428e-15 3.319047e-11 3.319253e-11 _25917_
 2.200757e-16 7.892465e-16 3.319140e-11 3.319241e-11 _25925_
 4.777701e-15 1.188346e-14 3.317464e-11 3.319130e-11 _29301_
 3.167219e-16 6.186548e-15 3.318452e-11 3.319102e-11 _25764_
 1.732535e-15 4.610055e-14 3.314311e-11 3.319095e-11 _25689_
 3.370149e-16 1.627381e-15 3.318872e-11 3.319068e-11 _26248_
 2.060288e-16 6.924681e-16 3.318851e-11 3.318941e-11 _26213_
 2.963860e-16 3.421962e-15 3.318545e-11 3.318917e-11 _15698_
 4.399856e-16 2.763243e-15 3.318579e-11 3.318900e-11 _25862_
 1.427205e-16 6.542958e-16 3.318789e-11 3.318869e-11 _25971_
 7.611955e-16 3.096571e-15 3.318091e-11 3.318476e-11 _19046_
 3.793128e-16 1.369407e-15 3.318214e-11 3.318389e-11 _26050_
 4.385395e-16 1.435397e-15 3.317960e-11 3.318147e-11 _26024_
 2.414153e-15 7.043032e-15 3.316917e-11 3.317863e-11 _25741_
 1.971263e-15 3.887486e-14 3.313606e-11 3.317691e-11 _25905_
 4.220905e-16 1.558354e-15 3.317461e-11 3.317659e-11 _25977_
 2.408351e-15 1.951212e-15 3.317135e-11 3.317572e-11 _28243_
 2.442845e-15 2.109013e-15 3.316991e-11 3.317446e-11 _14801_
 3.197419e-16 1.096154e-15 3.317220e-11 3.317361e-11 _26323_
 4.113561e-15 4.224432e-14 3.312608e-11 3.317244e-11 _25910_
 2.250582e-16 8.179779e-16 3.316969e-11 3.317073e-11 _25845_
 2.776263e-15 4.212450e-15 3.316313e-11 3.317012e-11 _14830_
 2.923910e-15 3.304209e-15 3.316347e-11 3.316970e-11 _28731_
 3.832730e-15 4.088102e-15 3.315983e-11 3.316775e-11 _27448_
 3.097179e-15 4.175433e-15 3.315924e-11 3.316651e-11 _14766_
 1.817148e-15 2.580101e-14 3.313830e-11 3.316591e-11 _25766_
 2.801263e-15 3.608200e-15 3.315869e-11 3.316510e-11 _14873_
 1.104773e-15 1.597520e-14 3.314787e-11 3.316495e-11 _26279_
 2.034818e-15 1.510256e-14 3.314755e-11 3.316469e-11 _26036_
 1.401789e-15 1.557017e-14 3.314735e-11 3.316432e-11 _26150_
 3.319330e-15 5.761190e-15 3.315518e-11 3.316426e-11 _28794_
 2.802585e-15 2.180646e-15 3.315807e-11 3.316305e-11 _14837_
 2.846841e-15 2.908127e-14 3.313107e-11 3.316300e-11 _26259_
 6.754348e-16 3.399529e-15 3.315888e-11 3.316296e-11 _26086_
 3.509440e-16 1.134583e-15 3.316060e-11 3.316208e-11 _25898_
 2.198034e-15 2.678547e-14 3.313203e-11 3.316102e-11 _25904_
 4.232115e-15 1.940876e-15 3.315466e-11 3.316083e-11 _14840_
 3.244442e-15 2.474656e-15 3.315511e-11 3.316083e-11 _29220_
 3.282171e-15 2.979167e-15 3.315449e-11 3.316075e-11 _29407_
 3.005436e-15 3.492107e-15 3.315422e-11 3.316071e-11 _29052_
 8.343476e-16 4.251263e-15 3.315499e-11 3.316008e-11 _25863_
 3.230626e-15 5.015898e-15 3.315180e-11 3.316005e-11 _27203_
 4.257638e-16 1.436938e-15 3.315805e-11 3.315992e-11 _25808_
 3.804216e-15 4.459668e-15 3.315156e-11 3.315983e-11 _29425_
 2.385871e-15 4.213408e-14 3.311455e-11 3.315907e-11 _19170_
 1.534541e-15 1.065319e-14 3.314666e-11 3.315885e-11 _26158_
 3.211463e-15 2.388405e-15 3.315322e-11 3.315882e-11 _28493_
 2.061317e-15 2.100513e-14 3.313544e-11 3.315850e-11 _26037_
 3.453718e-16 1.261365e-15 3.315661e-11 3.315821e-11 _26095_
 3.959219e-16 5.303744e-15 3.315248e-11 3.315818e-11 _26256_
 3.624846e-15 5.835852e-15 3.314819e-11 3.315765e-11 _28924_
 2.017481e-15 2.748895e-14 3.312800e-11 3.315751e-11 _26278_
 1.560229e-15 1.528706e-14 3.314057e-11 3.315741e-11 _26258_
 2.506539e-15 1.542753e-14 3.313946e-11 3.315740e-11 _25830_
 2.434603e-15 1.255882e-14 3.314236e-11 3.315735e-11 _25982_
 2.637222e-15 1.232335e-14 3.314198e-11 3.315694e-11 _26254_
 3.425667e-15 2.583788e-15 3.315091e-11 3.315692e-11 _27619_
 1.533979e-15 1.382156e-14 3.314126e-11 3.315661e-11 _26272_
 1.731461e-15 7.032032e-15 3.314773e-11 3.315649e-11 _26061_
 8.943643e-16 4.600194e-15 3.315086e-11 3.315635e-11 _25899_
 5.207499e-15 1.232172e-14 3.313867e-11 3.315620e-11 _24549_
 1.205821e-15 1.021470e-14 3.314463e-11 3.315605e-11 _26097_
 2.996594e-15 1.053880e-14 3.314236e-11 3.315589e-11 _26223_
 3.524658e-15 5.520050e-15 3.314654e-11 3.315559e-11 _28623_
 1.553588e-15 9.120586e-15 3.314490e-11 3.315558e-11 _25885_
 7.012312e-16 4.160277e-15 3.315024e-11 3.315510e-11 _26157_
 4.975348e-16 2.969765e-15 3.315144e-11 3.315491e-11 _26211_
 1.517490e-15 6.706671e-15 3.314659e-11 3.315481e-11 _25825_
 6.545370e-16 1.196668e-14 3.314215e-11 3.315477e-11 _25685_
 4.578762e-16 3.202658e-15 3.315096e-11 3.315462e-11 _25773_
 2.140184e-15 1.372594e-14 3.313864e-11 3.315451e-11 _26239_
 3.601181e-15 4.850302e-15 3.314595e-11 3.315441e-11 _28316_
 1.828373e-15 1.489437e-14 3.313768e-11 3.315440e-11 _26129_
 3.357423e-15 3.526919e-15 3.314737e-11 3.315425e-11 _28445_
 3.278980e-15 3.555882e-15 3.314709e-11 3.315392e-11 _29012_
 1.935288e-15 1.130321e-14 3.314019e-11 3.315343e-11 _25813_
 1.601028e-15 9.295475e-15 3.314253e-11 3.315343e-11 _26009_
 1.592365e-15 1.732227e-14 3.313447e-11 3.315339e-11 _26151_
 2.908695e-15 2.036931e-15 3.314823e-11 3.315317e-11 _14780_
 3.309468e-15 2.646481e-15 3.314702e-11 3.315298e-11 _28091_
 4.258235e-15 3.898172e-15 3.314472e-11 3.315287e-11 _29365_
 1.396058e-15 4.195353e-15 3.314728e-11 3.315287e-11 _26168_
 1.946764e-15 7.663384e-15 3.314301e-11 3.315262e-11 _26021_
 3.314263e-15 3.614090e-15 3.314568e-11 3.315261e-11 _29392_
 2.325304e-15 1.482879e-14 3.313544e-11 3.315259e-11 _26111_
 3.367763e-15 3.216934e-15 3.314578e-11 3.315237e-11 _29172_
 2.588279e-15 1.275434e-14 3.313685e-11 3.315219e-11 _26197_
 2.751699e-15 1.154021e-14 3.313782e-11 3.315211e-11 _26326_
 1.326579e-15 5.677667e-15 3.314501e-11 3.315201e-11 _25873_
 2.361213e-15 1.523354e-14 3.313440e-11 3.315200e-11 _25833_
 1.780068e-15 1.311643e-14 3.313682e-11 3.315172e-11 _25876_
 2.469366e-15 1.036910e-14 3.313881e-11 3.315165e-11 _25869_
 1.503973e-15 1.258108e-14 3.313754e-11 3.315163e-11 _25838_
 3.214392e-15 2.444614e-15 3.314578e-11 3.315144e-11 _15086_
 2.513442e-15 1.388759e-14 3.313499e-11 3.315139e-11 _26048_
 4.961215e-15 1.614853e-14 3.313028e-11 3.315138e-11 _22355_
 2.516739e-15 1.611942e-14 3.313268e-11 3.315132e-11 _26084_
 3.966669e-15 1.371971e-14 3.313358e-11 3.315127e-11 _22872_
 1.930618e-15 9.684944e-15 3.313957e-11 3.315118e-11 _26135_
 3.660400e-15 7.645478e-15 3.313986e-11 3.315117e-11 _28332_
 1.044053e-15 3.987792e-15 3.314590e-11 3.315093e-11 _26075_
 3.732690e-15 1.123296e-14 3.313596e-11 3.315092e-11 _26159_
 2.468381e-15 7.029772e-15 3.314112e-11 3.315062e-11 _25868_
 1.857086e-15 4.426942e-15 3.314429e-11 3.315057e-11 _26298_
 5.164288e-16 2.774076e-15 3.314721e-11 3.315050e-11 _26249_
 2.666500e-15 5.238031e-15 3.314257e-11 3.315047e-11 _25690_
 3.569578e-15 6.450997e-15 3.314041e-11 3.315043e-11 _29061_
 1.101348e-15 5.799881e-15 3.314343e-11 3.315033e-11 _26074_
 1.467352e-15 9.369214e-15 3.313936e-11 3.315020e-11 _25823_
 1.785865e-15 6.329111e-15 3.314205e-11 3.315016e-11 _25900_
 5.313060e-16 3.468614e-15 3.314614e-11 3.315014e-11 _26108_
 1.032879e-15 4.939875e-15 3.314415e-11 3.315012e-11 _25820_
 2.739927e-15 1.190468e-14 3.313547e-11 3.315012e-11 _26070_
 1.353179e-15 7.863197e-15 3.314081e-11 3.315002e-11 _26200_
 1.343403e-15 8.069236e-15 3.314050e-11 3.314991e-11 _26131_
 6.366867e-16 2.714363e-15 3.314655e-11 3.314991e-11 _25978_
 1.427760e-15 1.428147e-14 3.313406e-11 3.314977e-11 _25912_
 1.851342e-15 6.562675e-15 3.314122e-11 3.314964e-11 _25967_
 2.592415e-15 5.165417e-15 3.314187e-11 3.314963e-11 _23608_
 1.477467e-15 1.508192e-14 3.313296e-11 3.314952e-11 _25909_
 1.095579e-15 6.115107e-15 3.314229e-11 3.314950e-11 _26325_
 1.954130e-15 1.488412e-14 3.313265e-11 3.314949e-11 _26179_
 3.464010e-15 3.462853e-15 3.314244e-11 3.314937e-11 _27792_
 2.652412e-15 1.316574e-14 3.313344e-11 3.314926e-11 _25757_
 1.793160e-15 1.260630e-14 3.313475e-11 3.314915e-11 _25955_
 4.992826e-15 1.315480e-14 3.313097e-11 3.314912e-11 _22976_
 1.230342e-15 9.326907e-15 3.313854e-11 3.314909e-11 _26162_
 1.910841e-15 1.804437e-14 3.312897e-11 3.314892e-11 _26261_
 4.457025e-15 3.882793e-15 3.314041e-11 3.314875e-11 _28630_
 2.390277e-15 1.851422e-14 3.312770e-11 3.314860e-11 _25922_
 3.020062e-15 1.270609e-14 3.313286e-11 3.314858e-11 _25785_
 2.903728e-15 1.607246e-14 3.312931e-11 3.314829e-11 _26191_
 2.483022e-15 8.408089e-15 3.313733e-11 3.314822e-11 _25932_
 1.593230e-15 1.287043e-14 3.313365e-11 3.314811e-11 _25775_
 1.690190e-15 8.581464e-15 3.313778e-11 3.314805e-11 _25805_
 1.490850e-15 5.318870e-15 3.314112e-11 3.314793e-11 _26139_
 2.199708e-15 1.145034e-14 3.313417e-11 3.314781e-11 _25895_
 1.320856e-15 6.701993e-15 3.313974e-11 3.314776e-11 _25806_
 1.788524e-15 8.408325e-15 3.313754e-11 3.314774e-11 _26017_
 1.856166e-15 1.160353e-14 3.313417e-11 3.314762e-11 _25914_
 1.546103e-15 6.619166e-15 3.313940e-11 3.314756e-11 _26192_
 2.432677e-15 1.334835e-14 3.313165e-11 3.314743e-11 _26218_
 1.222094e-15 6.879207e-15 3.313926e-11 3.314736e-11 _26327_
 1.490016e-15 1.082903e-14 3.313493e-11 3.314725e-11 _25923_
 1.684146e-15 7.717052e-15 3.313782e-11 3.314722e-11 _26199_
 4.282577e-15 1.162628e-14 3.313128e-11 3.314718e-11 _25266_
 4.111235e-15 3.843292e-15 3.313921e-11 3.314716e-11 _27496_
 1.588854e-15 5.997510e-15 3.313953e-11 3.314712e-11 _17294_
 1.845838e-15 1.886544e-15 3.314332e-11 3.314705e-11 _25841_
 4.786210e-16 2.929651e-15 3.314363e-11 3.314704e-11 _26143_
 2.282746e-15 1.349862e-14 3.313121e-11 3.314699e-11 _26027_
 3.861741e-15 2.267265e-15 3.314086e-11 3.314699e-11 _28883_
 1.457385e-15 3.710085e-15 3.314174e-11 3.314691e-11 _25589_
 4.281341e-16 2.052321e-15 3.314439e-11 3.314687e-11 _26166_
 1.118227e-15 7.873270e-15 3.313771e-11 3.314670e-11 _26321_
 1.717772e-15 5.123181e-15 3.313967e-11 3.314651e-11 _16427_
 1.479257e-15 6.188004e-15 3.313885e-11 3.314651e-11 _25866_
 1.295504e-15 6.923987e-15 3.313826e-11 3.314648e-11 _25946_
 2.448286e-15 9.645084e-15 3.313423e-11 3.314633e-11 _25987_
 1.663135e-15 1.042245e-14 3.313423e-11 3.314632e-11 _26182_
 1.722258e-15 1.091422e-14 3.313365e-11 3.314628e-11 _25859_
 1.408201e-15 6.878032e-15 3.313792e-11 3.314620e-11 _26170_
 3.046578e-15 1.187364e-14 3.313128e-11 3.314619e-11 _26132_
 3.499992e-15 5.363740e-15 3.313718e-11 3.314604e-11 _27630_
 1.681230e-15 1.625853e-14 3.312800e-11 3.314594e-11 _25768_
 1.885272e-15 8.360529e-15 3.313565e-11 3.314589e-11 _25865_
 1.176902e-15 4.492727e-15 3.314009e-11 3.314576e-11 _18159_
 1.050768e-15 3.917646e-15 3.314077e-11 3.314574e-11 _26073_
 2.036205e-15 8.141881e-15 3.313554e-11 3.314572e-11 _25842_
 8.666651e-16 4.758793e-15 3.314009e-11 3.314571e-11 _26225_
 1.987133e-15 6.936539e-15 3.313678e-11 3.314571e-11 _26128_
 2.469474e-15 9.866643e-15 3.313334e-11 3.314568e-11 _25950_
 3.689816e-15 2.795960e-15 3.313917e-11 3.314566e-11 _28046_
 3.314580e-16 1.110666e-15 3.314411e-11 3.314556e-11 _25853_
 8.382962e-16 4.636745e-15 3.314005e-11 3.314553e-11 _25998_
 2.443772e-15 1.149481e-14 3.313151e-11 3.314546e-11 _26035_
 1.623317e-15 5.708626e-15 3.313805e-11 3.314539e-11 _25857_
 1.544074e-15 7.724963e-15 3.313606e-11 3.314533e-11 _26020_
 2.056483e-15 1.050005e-14 3.313272e-11 3.314528e-11 _26181_
 1.060706e-15 5.730353e-15 3.313843e-11 3.314522e-11 _26154_
 1.980220e-15 1.900033e-14 3.312422e-11 3.314520e-11 _26277_
 1.793819e-15 8.069864e-15 3.313523e-11 3.314510e-11 _26030_
 1.867977e-15 6.770076e-15 3.313633e-11 3.314497e-11 _25894_
 1.672547e-15 6.345916e-15 3.313695e-11 3.314497e-11 _26101_
 1.296871e-15 6.272515e-15 3.313733e-11 3.314490e-11 _26300_
 1.973138e-15 7.351213e-15 3.313554e-11 3.314487e-11 _25779_
 1.709815e-15 1.047349e-14 3.313268e-11 3.314487e-11 _26127_
 1.834921e-15 1.233965e-14 3.313066e-11 3.314483e-11 _26099_
 2.410355e-15 1.281158e-14 3.312959e-11 3.314481e-11 _26093_
 2.701532e-15 6.794547e-15 3.313527e-11 3.314476e-11 _26268_
 1.321009e-15 8.091520e-15 3.313527e-11 3.314468e-11 _26002_
 1.830738e-15 1.071657e-14 3.313189e-11 3.314444e-11 _25953_
 1.949227e-15 7.671451e-15 3.313468e-11 3.314430e-11 _26289_
 2.006140e-15 8.500629e-15 3.313379e-11 3.314429e-11 _25929_
 2.642452e-15 1.415369e-14 3.312749e-11 3.314429e-11 _26153_
 1.896767e-15 1.161175e-14 3.313072e-11 3.314423e-11 _25877_
 1.881417e-15 9.139522e-15 3.313317e-11 3.314419e-11 _17606_
 2.138932e-15 8.858776e-15 3.313314e-11 3.314413e-11 _25758_
 1.957795e-15 1.300777e-14 3.312904e-11 3.314400e-11 _25883_
 2.116021e-15 1.248291e-14 3.312938e-11 3.314398e-11 _25941_
 1.301475e-15 4.805206e-15 3.313778e-11 3.314389e-11 _25849_
 1.338951e-15 6.227550e-15 3.313626e-11 3.314383e-11 _17560_
 6.190022e-16 3.984875e-15 3.313916e-11 3.314376e-11 _26122_
 3.434296e-15 4.347385e-15 3.313590e-11 3.314369e-11 _29256_
 6.860967e-16 3.870737e-15 3.313912e-11 3.314368e-11 _26209_
 2.135967e-15 1.194694e-14 3.312959e-11 3.314367e-11 _26124_
 1.183537e-15 7.415341e-15 3.313503e-11 3.314363e-11 _25991_
 4.084501e-15 4.366871e-15 3.313511e-11 3.314356e-11 _28675_
 2.132520e-15 9.035694e-15 3.313234e-11 3.314351e-11 _25769_
 1.194583e-15 7.017827e-15 3.313530e-11 3.314351e-11 _26006_
 8.585903e-16 3.516104e-15 3.313909e-11 3.314346e-11 _25970_
 1.237445e-15 6.324389e-15 3.313579e-11 3.314335e-11 _25780_
 1.479827e-15 1.303767e-14 3.312883e-11 3.314335e-11 _25913_
 3.403980e-15 7.702148e-15 3.313210e-11 3.314321e-11 _24441_
 2.167882e-15 6.726491e-15 3.313423e-11 3.314313e-11 _26169_
 1.366311e-15 5.218372e-15 3.313651e-11 3.314309e-11 _18377_
 1.945731e-15 9.762931e-15 3.313138e-11 3.314309e-11 _26054_
 1.430648e-15 7.798028e-15 3.313386e-11 3.314309e-11 _26087_
 1.522022e-15 7.513247e-15 3.313368e-11 3.314272e-11 _26081_
 2.270787e-15 1.161665e-14 3.312876e-11 3.314265e-11 _25958_
 1.790331e-15 1.309102e-14 3.312773e-11 3.314261e-11 _26055_
 1.855422e-15 8.082083e-15 3.313261e-11 3.314255e-11 _26028_
 1.700697e-15 5.957691e-15 3.313486e-11 3.314251e-11 _26047_
 9.973583e-16 5.142287e-15 3.313630e-11 3.314244e-11 _26299_
 1.032991e-15 5.713222e-15 3.313547e-11 3.314222e-11 _26285_
 1.370947e-15 7.351280e-15 3.313344e-11 3.314216e-11 _26214_
 6.453780e-16 3.527945e-15 3.313799e-11 3.314216e-11 _17026_
 2.046113e-15 1.198890e-14 3.312797e-11 3.314201e-11 _25794_
 2.254802e-15 1.042474e-14 3.312924e-11 3.314192e-11 _25928_
 1.244477e-15 7.673643e-15 3.313296e-11 3.314188e-11 _26196_
 9.697664e-16 3.772465e-15 3.313709e-11 3.314183e-11 _25989_
 2.212197e-15 7.460432e-15 3.313207e-11 3.314174e-11 _25796_
 3.903366e-15 2.201721e-15 3.313549e-11 3.314160e-11 _27802_
 1.715161e-15 6.062109e-15 3.313379e-11 3.314157e-11 _25992_
 1.607352e-15 1.030061e-14 3.312952e-11 3.314143e-11 _26206_
 8.810500e-16 7.385702e-15 3.313314e-11 3.314140e-11 _25793_
 1.652812e-15 6.340498e-15 3.313337e-11 3.314137e-11 _25957_
 2.261651e-15 1.171816e-14 3.312732e-11 3.314130e-11 _25920_
 1.499259e-15 6.757277e-15 3.313303e-11 3.314129e-11 _26065_
 1.028391e-15 6.046886e-15 3.313413e-11 3.314121e-11 _26123_
 8.992077e-16 4.615305e-15 3.313565e-11 3.314116e-11 _26045_
 1.076755e-15 3.821196e-15 3.313599e-11 3.314089e-11 _26257_
 1.727071e-15 9.647448e-15 3.312945e-11 3.314082e-11 _25966_
 3.558868e-15 3.677036e-15 3.313336e-11 3.314059e-11 _14731_
 2.415334e-15 8.330303e-15 3.312980e-11 3.314054e-11 _26114_
 9.392248e-16 4.803593e-15 3.313472e-11 3.314046e-11 _26204_
 2.070770e-15 9.650672e-15 3.312866e-11 3.314038e-11 _25993_
 1.731971e-15 8.343263e-15 3.313007e-11 3.314014e-11 _26056_
 1.803745e-15 6.955464e-15 3.313128e-11 3.314004e-11 _26071_
 6.470391e-16 5.134062e-15 3.313413e-11 3.313991e-11 _26079_
 1.398385e-15 5.215250e-15 3.313320e-11 3.313982e-11 _26011_
 3.508018e-16 1.550300e-15 3.313785e-11 3.313975e-11 _25836_
 7.824411e-16 5.430446e-15 3.313348e-11 3.313969e-11 _26176_
 2.495578e-15 8.925863e-15 3.312818e-11 3.313960e-11 _25815_
 1.354326e-15 6.699777e-15 3.313151e-11 3.313957e-11 _25756_
 1.026624e-15 7.391542e-15 3.313114e-11 3.313955e-11 _25802_
 1.963387e-15 6.679288e-15 3.313089e-11 3.313954e-11 _26286_
 2.255764e-15 1.004883e-14 3.312722e-11 3.313952e-11 _25797_
 1.110833e-15 6.049404e-15 3.313234e-11 3.313951e-11 _26317_
 4.223272e-15 4.436615e-15 3.313064e-11 3.313930e-11 _28323_
 1.176122e-15 7.975265e-15 3.313014e-11 3.313929e-11 _25816_
 1.891800e-15 7.130880e-15 3.313024e-11 3.313927e-11 _25855_
 1.064651e-15 6.276691e-15 3.313186e-11 3.313920e-11 _26328_
 1.697688e-15 6.914631e-15 3.313055e-11 3.313917e-11 _26145_
 1.040127e-15 9.489386e-16 3.313699e-11 3.313897e-11 _26217_
 1.987073e-15 2.091936e-15 3.313489e-11 3.313897e-11 _20155_
 8.718523e-16 3.645556e-15 3.313437e-11 3.313889e-11 _16583_
 2.466275e-15 7.451273e-15 3.312897e-11 3.313889e-11 _26039_
 1.516920e-15 9.412062e-15 3.312790e-11 3.313883e-11 _25864_
 2.083772e-15 7.982014e-15 3.312876e-11 3.313883e-11 _25893_
 1.721177e-15 4.241454e-15 3.313286e-11 3.313882e-11 _26319_
 2.275561e-15 9.105513e-15 3.312739e-11 3.313877e-11 _25850_
 1.872005e-15 1.060479e-14 3.312622e-11 3.313869e-11 _26171_
 4.713283e-15 3.651759e-15 3.313009e-11 3.313845e-11 _29278_
 2.070899e-15 1.197350e-14 3.312439e-11 3.313844e-11 _25761_
 1.903122e-15 8.672506e-15 3.312780e-11 3.313837e-11 _26310_
 1.091913e-15 6.452592e-15 3.313072e-11 3.313827e-11 _25882_
 2.215876e-15 9.587700e-15 3.312636e-11 3.313816e-11 _16865_
 3.845072e-16 2.373704e-15 3.313533e-11 3.313809e-11 _26115_
 2.462958e-15 1.012351e-14 3.312546e-11 3.313805e-11 _26007_
 1.288029e-15 3.774754e-15 3.313289e-11 3.313795e-11 _26296_
 1.034524e-15 5.513627e-15 3.313134e-11 3.313789e-11 _25927_
 1.724743e-15 8.779866e-15 3.312732e-11 3.313783e-11 _25777_
 2.124403e-15 7.280048e-15 3.312842e-11 3.313783e-11 _26187_
 1.892111e-15 1.026934e-14 3.312553e-11 3.313769e-11 _25811_
 1.368723e-15 3.201006e-15 3.313310e-11 3.313767e-11 _25974_
 1.171443e-15 9.066082e-15 3.312742e-11 3.313766e-11 _26046_
 1.692862e-15 9.970256e-15 3.312594e-11 3.313760e-11 _26281_
 1.216292e-15 6.772012e-15 3.312931e-11 3.313730e-11 _26207_
 1.568006e-15 4.669315e-15 3.313103e-11 3.313727e-11 _20261_
 1.793453e-15 2.473761e-15 3.313300e-11 3.313726e-11 _25778_
 1.262550e-15 6.137657e-15 3.312980e-11 3.313720e-11 _26126_
 1.515463e-15 6.745473e-15 3.312887e-11 3.313713e-11 _26189_
 1.597981e-15 6.217882e-15 3.312928e-11 3.313709e-11 _26001_
 1.330082e-15 6.461494e-15 3.312914e-11 3.313693e-11 _26161_
 4.810899e-16 1.925203e-15 3.313434e-11 3.313674e-11 _25997_
 9.858302e-16 2.663290e-15 3.313303e-11 3.313668e-11 _26309_
 1.057529e-15 6.569455e-15 3.312897e-11 3.313659e-11 _26250_
 2.258772e-15 1.299774e-14 3.312133e-11 3.313658e-11 _26236_
 1.499660e-15 7.151136e-15 3.312790e-11 3.313655e-11 _25931_
 8.773457e-16 3.290618e-15 3.313221e-11 3.313637e-11 _15908_
 1.697934e-15 6.764685e-15 3.312790e-11 3.313637e-11 _26018_
 2.430324e-15 1.013014e-14 3.312374e-11 3.313630e-11 _25803_
 6.334833e-16 3.688845e-15 3.313189e-11 3.313622e-11 _25947_
 1.549870e-15 5.536501e-15 3.312910e-11 3.313619e-11 _17772_
 1.437779e-15 2.719685e-15 3.313196e-11 3.313612e-11 _26288_
 1.790486e-15 1.041888e-14 3.312388e-11 3.313608e-11 _26243_
 2.130484e-15 5.569079e-15 3.312835e-11 3.313605e-11 _19717_
 1.664932e-15 6.175733e-15 3.312783e-11 3.313567e-11 _26038_
 1.329412e-15 4.379176e-15 3.312987e-11 3.313557e-11 _26294_
 1.480287e-15 8.359001e-15 3.312570e-11 3.313554e-11 _26315_
 1.050641e-15 7.261741e-15 3.312722e-11 3.313553e-11 _25919_
 1.598694e-15 6.199620e-15 3.312770e-11 3.313549e-11 _26137_
 1.374330e-15 9.870106e-15 3.312418e-11 3.313543e-11 _26116_
 1.752557e-15 6.158422e-15 3.312749e-11 3.313540e-11 _25753_
 1.253912e-15 7.890974e-15 3.312622e-11 3.313536e-11 _25847_
 1.578066e-15 8.314553e-15 3.312546e-11 3.313535e-11 _25789_
 1.198474e-15 7.762294e-15 3.312639e-11 3.313535e-11 _25824_
 1.273445e-15 4.860805e-15 3.312914e-11 3.313527e-11 _25770_
 4.200250e-16 1.243186e-15 3.313344e-11 3.313510e-11 _25960_
 9.203266e-16 3.425518e-15 3.313069e-11 3.313504e-11 _25834_
 1.860478e-15 6.669662e-15 3.312645e-11 3.313498e-11 _26092_
 2.167763e-15 1.010955e-14 3.312253e-11 3.313481e-11 _26320_
 9.510156e-16 4.634353e-15 3.312917e-11 3.313476e-11 _25990_
 1.596696e-15 2.422664e-15 3.313066e-11 3.313468e-11 _22057_
 1.880956e-16 8.070936e-16 3.313365e-11 3.313464e-11 _26194_
 1.023678e-15 4.760769e-15 3.312876e-11 3.313455e-11 _26186_
 1.397585e-15 1.122476e-14 3.312188e-11 3.313450e-11 _25965_
 1.594162e-15 4.030925e-15 3.312880e-11 3.313442e-11 _25943_
 2.553321e-15 9.191122e-15 3.312267e-11 3.313442e-11 _26173_
 1.295381e-15 8.616955e-15 3.312446e-11 3.313437e-11 _26180_
 4.646376e-16 2.761750e-15 3.313079e-11 3.313402e-11 _25881_
 1.698898e-15 8.509383e-15 3.312360e-11 3.313380e-11 _26083_
 2.077849e-15 7.817652e-15 3.312388e-11 3.313377e-11 _26263_
 1.696116e-15 1.242585e-14 3.311964e-11 3.313376e-11 _26109_
 6.242036e-16 1.720086e-15 3.313131e-11 3.313366e-11 _26324_
 1.002098e-15 4.820304e-15 3.312753e-11 3.313335e-11 _26090_
 1.394351e-15 6.898674e-15 3.312504e-11 3.313334e-11 _25902_
 7.440293e-16 4.102906e-15 3.312835e-11 3.313319e-11 _26016_
 1.306549e-15 7.221179e-15 3.312460e-11 3.313313e-11 _25858_
 3.765675e-16 1.223588e-15 3.313134e-11 3.313294e-11 _25969_
 2.432055e-15 6.818317e-15 3.312318e-11 3.313243e-11 _15676_
 1.058261e-15 4.771282e-15 3.312659e-11 3.313242e-11 _26117_
 1.505048e-15 6.891470e-15 3.312388e-11 3.313227e-11 _25760_
 1.824041e-15 8.525285e-15 3.312167e-11 3.313202e-11 _25787_
 7.661447e-16 3.807866e-15 3.312718e-11 3.313175e-11 _26167_
 1.043246e-15 3.983009e-15 3.312670e-11 3.313172e-11 _26172_
 1.569827e-15 3.403531e-15 3.312666e-11 3.313163e-11 _23087_
 2.185837e-15 6.031729e-15 3.312336e-11 3.313158e-11 _25762_
 1.645235e-15 7.862024e-15 3.312178e-11 3.313128e-11 _26252_
 4.027582e-16 2.244133e-15 3.312832e-11 3.313096e-11 _25846_
 1.032070e-15 1.130872e-14 3.311827e-11 3.313061e-11 _26276_
 1.103374e-15 6.311847e-15 3.312308e-11 3.313050e-11 _15863_
 2.204220e-15 2.404717e-15 3.312587e-11 3.313048e-11 _25949_
 1.088721e-15 5.827468e-15 3.312339e-11 3.313031e-11 _25983_
 9.430298e-16 5.688886e-15 3.312367e-11 3.313030e-11 _26238_
 1.414947e-15 3.196326e-15 3.312560e-11 3.313021e-11 _17152_
 1.515776e-15 2.393369e-15 3.312618e-11 3.313009e-11 _25832_
 1.313367e-15 5.990731e-15 3.312278e-11 3.313008e-11 _25788_
 1.000056e-15 4.941006e-15 3.312408e-11 3.313002e-11 _26160_
 1.286828e-15 5.251018e-15 3.312322e-11 3.312976e-11 _26271_
 3.210264e-16 1.529071e-15 3.312790e-11 3.312975e-11 _26215_
 1.000994e-15 5.476661e-15 3.312267e-11 3.312915e-11 _26034_
 3.606406e-16 2.012557e-15 3.312628e-11 3.312866e-11 _26312_
 8.626008e-16 4.455928e-15 3.312315e-11 3.312847e-11 _17113_
 1.162056e-15 4.399093e-15 3.312253e-11 3.312809e-11 _25688_
 1.290520e-15 9.070221e-15 3.311761e-11 3.312797e-11 _26222_
 1.582723e-15 2.348571e-15 3.312360e-11 3.312753e-11 _21316_
 6.023190e-16 3.223660e-15 3.312329e-11 3.312712e-11 _25961_
 8.780999e-16 3.297226e-15 3.312250e-11 3.312667e-11 _26012_
 2.289799e-15 5.146002e-15 3.311923e-11 3.312666e-11 _21431_
 1.949461e-15 5.487346e-15 3.311850e-11 3.312594e-11 _26205_
 1.687996e-15 2.937631e-15 3.312119e-11 3.312581e-11 _22983_
 1.123259e-15 1.747491e-15 3.312260e-11 3.312547e-11 _25483_
 1.012397e-15 6.254876e-15 3.311758e-11 3.312485e-11 _25814_
 5.670399e-16 4.320673e-15 3.311957e-11 3.312446e-11 _26096_
 1.807760e-16 5.052715e-16 3.312332e-11 3.312401e-11 _17910_
 4.949334e-16 1.392134e-15 3.312202e-11 3.312391e-11 _25809_
 5.508788e-16 2.297605e-15 3.312009e-11 3.312294e-11 _25926_
 3.846245e-16 1.598481e-15 3.311995e-11 3.312194e-11 _16793_
 1.182530e-15 4.530692e-15 3.311558e-11 3.312129e-11 _26102_
 1.225209e-15 1.568192e-15 3.311782e-11 3.312061e-11 _17191_
 1.048398e-15 3.845231e-15 3.311496e-11 3.311985e-11 _26110_
 1.450915e-15 3.281620e-15 3.311479e-11 3.311952e-11 _26026_
 1.734923e-15 2.656097e-15 3.311510e-11 3.311949e-11 _20473_
 1.559012e-15 2.201687e-15 3.311561e-11 3.311938e-11 _24556_
 8.057720e-16 4.630041e-15 3.311345e-11 3.311888e-11 _26307_
 2.159429e-15 1.687910e-14 3.309944e-11 3.311848e-11 _27665_
 9.259892e-16 2.932767e-15 3.311382e-11 3.311768e-11 _25810_
 1.107817e-15 5.547341e-15 3.311073e-11 3.311738e-11 _25962_
 4.849130e-16 3.970749e-15 3.311110e-11 3.311556e-11 _26241_
 4.412533e-16 1.888903e-15 3.311210e-11 3.311443e-11 _25890_
 2.398562e-16 7.929733e-16 3.311266e-11 3.311369e-11 _26220_
 1.206137e-15 4.930365e-15 3.310701e-11 3.311315e-11 _17368_
 6.259696e-16 2.081580e-15 3.310884e-11 3.311154e-11 _26221_
 7.746656e-16 2.761182e-15 3.310787e-11 3.311141e-11 _25765_
 2.246148e-16 8.805064e-16 3.311021e-11 3.311132e-11 _25945_
 6.965482e-16 3.123352e-15 3.310636e-11 3.311018e-11 _26025_
 3.796618e-16 1.610078e-15 3.310808e-11 3.311007e-11 _26203_
 4.671941e-16 2.708904e-15 3.310664e-11 3.310981e-11 _26313_
 1.929640e-15 8.898918e-15 3.309806e-11 3.310889e-11 _25933_
 5.085934e-16 2.006165e-15 3.310588e-11 3.310839e-11 _26304_
 9.094621e-16 3.754517e-15 3.310350e-11 3.310816e-11 _15626_
 1.509706e-15 6.313100e-15 3.310006e-11 3.310788e-11 _26057_
 9.605039e-16 6.213359e-15 3.309954e-11 3.310672e-11 _16093_
 2.935567e-16 1.523970e-15 3.310381e-11 3.310563e-11 _26015_
 6.383502e-16 2.016886e-15 3.310147e-11 3.310412e-11 _26005_
 9.244715e-16 3.911433e-15 3.309906e-11 3.310389e-11 _25938_
 7.416675e-16 3.950132e-15 3.309803e-11 3.310272e-11 _26266_
 1.443383e-15 3.916007e-15 3.309651e-11 3.310187e-11 _25940_
 6.358894e-16 1.274529e-15 3.309262e-11 3.309453e-11 _16176_
 3.132048e-16 2.069732e-15 3.309011e-11 3.309250e-11 _26044_
 1.069098e-15 5.007329e-15 3.308423e-11 3.309030e-11 _26063_
 1.020640e-15 2.367496e-15 3.308598e-11 3.308937e-11 _26314_
 8.114336e-16 2.000914e-15 3.308588e-11 3.308869e-11 _16410_
 1.588237e-15 2.279418e-15 3.307985e-11 3.308372e-11 _21208_
 6.047981e-16 2.983752e-15 3.307913e-11 3.308272e-11 _26105_
 3.853836e-15 9.249964e-15 3.306678e-11 3.307988e-11 _25745_
 3.493504e-16 1.893213e-15 3.307152e-11 3.307377e-11 _17798_
 5.327186e-16 1.909967e-15 3.307008e-11 3.307252e-11 _26060_
 1.667187e-15 3.335444e-15 3.306330e-11 3.306831e-11 _21536_
 1.573516e-15 3.509079e-15 3.306320e-11 3.306828e-11 _22879_
 2.310468e-15 2.741460e-14 3.303852e-11 3.306825e-11 _18622_
 1.830839e-15 4.034207e-15 3.306116e-11 3.306703e-11 _24131_
 1.545128e-15 1.236061e-14 3.305146e-11 3.306537e-11 _19611_
 2.014982e-15 2.929953e-15 3.305976e-11 3.306470e-11 _20788_
 2.270042e-15 4.855743e-15 3.305532e-11 3.306244e-11 _23503_
 1.351827e-15 2.284288e-15 3.305879e-11 3.306243e-11 _24448_
 1.714110e-15 6.771383e-15 3.305366e-11 3.306215e-11 _19932_
 1.850230e-15 3.313491e-15 3.305521e-11 3.306037e-11 _25273_
 1.797369e-15 7.804641e-15 3.305008e-11 3.305969e-11 _24239_
 1.746798e-15 2.206619e-15 3.305556e-11 3.305951e-11 _24763_
 1.801657e-16 7.353013e-16 3.305779e-11 3.305871e-11 _26165_
 2.521675e-16 1.021556e-15 3.305683e-11 3.305810e-11 _26104_
 2.646100e-16 1.183672e-15 3.305538e-11 3.305683e-11 _26107_
 1.497965e-15 4.232298e-15 3.305101e-11 3.305674e-11 _24867_
 1.838471e-15 2.505503e-15 3.304957e-11 3.305391e-11 _23400_
 1.960043e-15 2.700797e-15 3.304795e-11 3.305261e-11 _21741_
 4.936247e-16 1.236646e-15 3.304885e-11 3.305058e-11 _15671_
 1.471767e-15 4.270741e-15 3.304396e-11 3.304970e-11 _26234_
 2.977472e-16 1.516634e-15 3.304695e-11 3.304877e-11 _17098_
 1.491558e-15 4.977301e-15 3.304134e-11 3.304781e-11 _19500_
 1.728094e-15 4.321518e-15 3.304021e-11 3.304626e-11 _19061_
 1.786214e-16 9.709586e-16 3.304141e-11 3.304256e-11 _18172_
 1.233403e-15 2.183571e-15 3.303614e-11 3.303956e-11 _23191_
 1.025337e-16 3.534461e-16 3.303890e-11 3.303935e-11 _26014_
 1.327293e-16 5.181416e-16 3.303701e-11 3.303766e-11 _16933_
 1.973900e-15 8.133485e-15 3.302444e-11 3.303455e-11 _20157_
 1.439156e-15 4.914571e-15 3.302603e-11 3.303238e-11 _26233_
 1.193023e-15 4.065644e-15 3.302038e-11 3.302564e-11 _26235_
 2.241874e-15 3.434786e-15 3.301608e-11 3.302176e-11 _18628_
 1.608299e-16 4.505824e-16 3.302062e-11 3.302124e-11 _16254_
 2.286534e-15 3.037409e-15 3.301567e-11 3.302099e-11 _25605_
 4.537115e-17 1.816186e-16 3.301691e-11 3.301713e-11 _25681_
 8.379790e-17 4.993451e-16 3.301202e-11 3.301260e-11 _25683_
 1.961034e-15 2.486776e-15 3.299870e-11 3.300315e-11 _29298_
 2.871291e-16 1.092412e-15 3.299457e-11 3.299595e-11 _18228_
 6.238887e-16 4.024883e-15 3.299116e-11 3.299581e-11 _25937_
 3.041938e-16 1.951255e-15 3.298762e-11 3.298987e-11 _26231_
 3.504571e-17 1.203165e-16 3.298225e-11 3.298241e-11 _26059_
 5.775206e-17 2.350867e-16 3.297340e-11 3.297369e-11 _17525_
 2.070203e-16 1.160670e-15 3.297065e-11 3.297201e-11 _16034_
 1.041488e-16 5.245822e-16 3.296628e-11 3.296690e-11 _16348_
 8.066275e-17 2.382465e-16 3.296542e-11 3.296573e-11 _17573_
 4.531935e-17 2.121602e-16 3.296394e-11 3.296420e-11 _26230_
 4.566081e-17 4.323554e-17 3.296273e-11 3.296282e-11 _16163_
 6.452484e-17 3.133064e-16 3.296211e-11 3.296249e-11 _25935_
 2.965591e-17 1.917325e-16 3.296039e-11 3.296061e-11 _15744_
 5.884996e-17 3.050168e-16 3.296001e-11 3.296038e-11 _17403_
 2.833609e-17 1.827023e-16 3.295998e-11 3.296019e-11 _18303_
 1.016227e-17 3.912502e-17 3.295998e-11 3.296003e-11 _26229_
 1.610499e-16 1.249265e-15 3.295668e-11 3.295808e-11 _25701_
 4.413868e-17 2.182671e-16 3.295671e-11 3.295697e-11 _17876_
 9.884771e-17 1.167660e-15 3.295519e-11 3.295646e-11 _25726_
 2.135409e-17 3.758828e-17 3.295554e-11 3.295560e-11 _15667_
 4.229859e-17 1.818868e-16 3.295485e-11 3.295508e-11 _25702_
 6.035852e-17 1.965773e-16 3.295482e-11 3.295508e-11 _25718_
 3.539833e-17 5.963967e-16 3.295440e-11 3.295503e-11 _25724_
 2.720181e-18 1.983805e-17 3.295501e-11 3.295503e-11 _15507_
 3.038692e-17 9.250432e-17 3.295489e-11 3.295501e-11 _25715_
 2.482537e-18 1.313632e-17 3.295482e-11 3.295484e-11 _25752_
 5.045123e-17 9.351612e-17 3.295465e-11 3.295479e-11 _25722_
 3.015218e-17 6.306049e-17 3.295457e-11 3.295467e-11 _25705_
 1.703346e-17 3.665443e-17 3.295454e-11 3.295459e-11 _25709_
 1.542641e-17 1.084395e-16 3.295437e-11 3.295449e-11 _17446_
 1.587231e-17 9.838514e-17 3.295437e-11 3.295448e-11 _25707_
 1.187600e-17 1.007579e-16 3.295437e-11 3.295448e-11 _25706_
 4.673202e-18 8.723127e-17 3.295423e-11 3.295432e-11 _25711_
 1.007641e-17 2.341211e-17 3.295427e-11 3.295430e-11 _16843_
 5.009335e-18 4.815591e-17 3.295423e-11 3.295429e-11 _25717_
 5.847633e-18 4.398197e-17 3.295423e-11 3.295428e-11 _25720_
 4.612339e-18 5.444936e-17 3.295420e-11 3.295426e-11 _25713_
 4.813406e-18 5.106070e-17 3.295420e-11 3.295425e-11 _25704_
 4.836927e-18 5.197271e-17 3.295420e-11 3.295425e-11 _25723_
 4.814771e-18 1.467094e-17 3.295420e-11 3.295422e-11 _25719_
 6.188246e-18 4.029404e-17 3.295416e-11 3.295421e-11 _25725_
 8.906268e-19 6.932584e-17 3.295413e-11 3.295420e-11 _25730_
 8.898737e-19 6.549090e-17 3.295413e-11 3.295419e-11 _25734_
 9.137340e-19 3.809351e-17 3.295413e-11 3.295417e-11 _25735_
 1.481517e-18 1.896534e-17 3.295413e-11 3.295415e-11 _25736_
 1.544209e-18 1.313829e-17 3.295413e-11 3.295414e-11 _15433_
 9.478077e-19 1.184645e-17 3.295413e-11 3.295414e-11 _25703_
 2.063052e-18 9.767766e-18 3.295413e-11 3.295414e-11 _15445_
 1.234721e-18 8.067274e-18 3.295413e-11 3.295414e-11 _15751_
 1.012291e-18 7.910636e-18 3.295413e-11 3.295414e-11 _25708_
 1.039979e-18 9.147828e-18 3.295413e-11 3.295414e-11 _25714_
 9.109175e-19 1.112102e-17 3.295413e-11 3.295414e-11 _25727_
 9.350819e-19 8.437146e-18 3.295413e-11 3.295414e-11 _25729_
 9.837080e-19 8.728268e-18 3.295413e-11 3.295414e-11 _25731_
 1.179787e-18 5.565581e-18 3.295413e-11 3.295414e-11 _24596_
 9.395747e-19 7.075621e-18 3.295413e-11 3.295414e-11 _25710_
 1.722869e-18 6.840884e-18 3.295413e-11 3.295414e-11 _25716_
 9.782389e-19 7.389117e-18 3.295413e-11 3.295414e-11 _25732_
 9.628831e-19 6.222280e-18 3.295413e-11 3.295414e-11 _25733_
 1.067181e-18 6.901201e-18 3.295413e-11 3.295414e-11 _25739_
 1.167687e-18 3.944106e-18 3.295413e-11 3.295413e-11 _15480_
 1.214985e-18 1.321058e-18 3.295413e-11 3.295413e-11 _17452_
 1.233539e-18 1.694674e-18 3.295413e-11 3.295413e-11 _17633_
 1.270972e-18 3.850548e-18 3.295413e-11 3.295413e-11 _21040_
 1.268572e-18 1.365390e-18 3.295413e-11 3.295413e-11 _22301_
 1.249331e-18 1.849252e-18 3.295413e-11 3.295413e-11 _22818_
 1.006439e-18 3.239168e-18 3.295413e-11 3.295413e-11 _22921_
 1.373661e-18 1.397288e-18 3.295413e-11 3.295413e-11 _23865_
 1.181076e-18 1.764418e-18 3.295413e-11 3.295413e-11 _25422_
 1.251668e-18 3.576518e-18 3.295413e-11 3.295413e-11 _25700_
 1.045517e-18 3.353082e-18 3.295413e-11 3.295413e-11 _25712_
 1.048036e-18 1.522134e-18 3.295413e-11 3.295413e-11 _25721_
 0.000000e+00 0.000000e+00 3.295413e-11 3.295413e-11 _25751_
