     Internal    Switching      Leakage        Total
        Power        Power        Power        Power (Watts)
----------------------------------------------------
 1.360503e-06 3.839195e-06 4.296680e-10 5.200128e-06 clkbuf_0_core_clk
 6.704028e-07 3.860875e-06 3.015314e-10 4.531579e-06 clkbuf_2_0_0_core_clk
 6.699039e-07 3.722304e-06 3.015314e-10 4.392509e-06 clkbuf_2_3_0_core_clk
 6.695627e-07 3.626098e-06 3.015314e-10 4.295962e-06 clkbuf_2_1_0_core_clk
 6.689264e-07 3.447668e-06 3.015314e-10 4.116896e-06 clkbuf_2_2_0_core_clk
 1.339933e-06 2.717741e-06 4.296680e-10 4.058104e-06 clkbuf_5_4__f_core_clk
 1.337568e-06 2.551292e-06 4.296680e-10 3.889289e-06 clkbuf_5_3__f_core_clk
 1.336779e-06 2.495814e-06 4.296680e-10 3.833023e-06 clkbuf_5_0__f_core_clk
 1.337174e-06 2.457355e-06 4.296680e-10 3.794959e-06 clkbuf_5_25__f_core_clk
 1.337781e-06 2.453623e-06 4.296680e-10 3.791834e-06 clkbuf_5_14__f_core_clk
 1.335912e-06 2.434900e-06 4.296680e-10 3.771241e-06 clkbuf_5_5__f_core_clk
 1.335265e-06 2.389369e-06 4.296680e-10 3.725064e-06 clkbuf_5_2__f_core_clk
 1.335165e-06 2.315978e-06 4.296680e-10 3.651573e-06 clkbuf_5_27__f_core_clk
 1.334916e-06 2.298376e-06 4.296680e-10 3.633722e-06 clkbuf_5_24__f_core_clk
 1.334754e-06 2.286948e-06 4.296680e-10 3.622131e-06 clkbuf_5_28__f_core_clk
 1.332515e-06 2.195968e-06 4.296680e-10 3.528913e-06 clkbuf_5_7__f_core_clk
 1.333903e-06 2.180300e-06 4.296680e-10 3.514634e-06 clkbuf_5_15__f_core_clk
 1.332151e-06 2.170329e-06 4.296680e-10 3.502909e-06 clkbuf_5_1__f_core_clk
 1.331859e-06 2.149809e-06 4.296680e-10 3.482098e-06 clkbuf_5_6__f_core_clk
 1.333562e-06 2.070362e-06 4.296680e-10 3.404354e-06 clkbuf_5_17__f_core_clk
 1.331216e-06 2.037854e-06 4.296680e-10 3.369500e-06 clkbuf_5_26__f_core_clk
 1.331130e-06 2.031742e-06 4.296680e-10 3.363302e-06 clkbuf_5_29__f_core_clk
 1.330834e-06 2.010895e-06 4.296680e-10 3.342158e-06 clkbuf_5_30__f_core_clk
 1.331448e-06 2.007187e-06 4.296680e-10 3.339065e-06 clkbuf_5_9__f_core_clk
 1.332202e-06 1.974335e-06 4.296680e-10 3.306967e-06 clkbuf_5_16__f_core_clk
 1.329467e-06 1.914635e-06 4.296680e-10 3.244532e-06 clkbuf_5_31__f_core_clk
 1.329848e-06 1.894380e-06 4.296680e-10 3.224658e-06 clkbuf_5_11__f_core_clk
 1.329656e-06 1.880876e-06 4.296680e-10 3.210962e-06 clkbuf_5_12__f_core_clk
 1.330598e-06 1.860993e-06 4.296680e-10 3.192020e-06 clkbuf_5_18__f_core_clk
 1.330374e-06 1.845219e-06 4.296680e-10 3.176023e-06 clkbuf_5_21__f_core_clk
 1.329809e-06 1.805316e-06 4.296680e-10 3.135555e-06 clkbuf_5_20__f_core_clk
 1.328424e-06 1.794014e-06 4.296680e-10 3.122868e-06 clkbuf_5_13__f_core_clk
 1.327966e-06 1.761750e-06 4.296680e-10 3.090146e-06 clkbuf_5_8__f_core_clk
 1.328812e-06 1.734911e-06 4.296680e-10 3.064152e-06 clkbuf_5_19__f_core_clk
 1.328432e-06 1.708066e-06 4.296680e-10 3.036928e-06 clkbuf_5_23__f_core_clk
 1.328367e-06 1.703473e-06 4.296680e-10 3.032270e-06 clkbuf_5_22__f_core_clk
 1.325668e-06 1.599760e-06 4.296680e-10 2.925858e-06 clkbuf_5_10__f_core_clk
 1.390852e-06 6.414124e-07 4.299075e-10 2.032694e-06 clkbuf_0_clk
 1.370831e-06 3.931180e-07 4.299075e-10 1.764379e-06 clkbuf_1_0__f_clk
 1.364851e-06 2.332206e-07 4.299075e-10 1.598501e-06 clkbuf_1_1__f_clk
 6.460411e-07 5.378588e-07 3.015314e-10 1.184201e-06 clkbuf_leaf_2_core_clk
 6.459420e-07 5.343326e-07 3.015314e-10 1.180576e-06 clkbuf_leaf_3_core_clk
 6.473700e-07 5.193388e-07 3.015314e-10 1.167010e-06 clkbuf_leaf_223_core_clk
 6.447696e-07 4.877169e-07 3.015314e-10 1.132788e-06 clkbuf_leaf_97_core_clk
 6.462463e-07 4.847735e-07 3.015314e-10 1.131321e-06 clkbuf_leaf_43_core_clk
 6.462403e-07 4.800330e-07 3.015314e-10 1.126575e-06 clkbuf_leaf_224_core_clk
 6.449736e-07 4.737788e-07 3.015314e-10 1.119054e-06 clkbuf_leaf_149_core_clk
 6.448724e-07 4.702113e-07 3.015314e-10 1.115385e-06 clkbuf_leaf_155_core_clk
 6.433388e-07 4.647685e-07 3.015314e-10 1.108409e-06 clkbuf_leaf_233_core_clk
 6.456007e-07 4.622790e-07 3.015314e-10 1.108181e-06 clkbuf_leaf_44_core_clk
 6.444831e-07 4.582082e-07 3.015314e-10 1.102993e-06 clkbuf_leaf_101_core_clk
 6.448099e-07 4.578121e-07 3.015314e-10 1.102924e-06 clkbuf_leaf_237_core_clk
 6.431869e-07 4.593239e-07 3.015314e-10 1.102812e-06 clkbuf_leaf_254_core_clk
 6.437880e-07 4.577674e-07 3.015314e-10 1.101857e-06 clkbuf_leaf_9_core_clk
 6.438829e-07 4.562496e-07 3.015314e-10 1.100434e-06 clkbuf_leaf_95_core_clk
 6.438771e-07 4.560463e-07 3.015314e-10 1.100225e-06 clkbuf_leaf_96_core_clk
 6.463710e-07 4.530163e-07 3.015314e-10 1.099689e-06 clkbuf_leaf_169_core_clk
 6.443580e-07 4.520856e-07 3.015314e-10 1.096745e-06 clkbuf_leaf_131_core_clk
 6.436118e-07 4.515061e-07 3.015314e-10 1.095419e-06 clkbuf_leaf_4_core_clk
 6.436757e-07 4.481046e-07 3.015314e-10 1.092082e-06 clkbuf_leaf_72_core_clk
 6.460905e-07 4.433599e-07 3.015314e-10 1.089752e-06 clkbuf_leaf_171_core_clk
 6.443626e-07 4.390904e-07 3.015314e-10 1.083754e-06 clkbuf_leaf_10_core_clk
 6.442513e-07 4.381928e-07 3.015314e-10 1.082745e-06 clkbuf_leaf_221_core_clk
 6.425176e-07 4.353212e-07 3.015314e-10 1.078140e-06 clkbuf_leaf_253_core_clk
 6.431061e-07 4.335306e-07 3.015314e-10 1.076938e-06 clkbuf_leaf_267_core_clk
 6.440802e-07 4.294705e-07 3.015314e-10 1.073852e-06 clkbuf_leaf_84_core_clk
 6.428284e-07 4.303565e-07 3.015314e-10 1.073486e-06 clkbuf_leaf_38_core_clk
 6.455834e-07 4.253576e-07 3.015314e-10 1.071243e-06 clkbuf_leaf_170_core_clk
 6.429264e-07 4.271398e-07 3.015314e-10 1.070368e-06 clkbuf_leaf_268_core_clk
 6.436021e-07 4.254474e-07 3.015314e-10 1.069351e-06 clkbuf_leaf_152_core_clk
 6.428937e-07 4.259771e-07 3.015314e-10 1.069172e-06 clkbuf_leaf_269_core_clk
 6.449584e-07 4.219156e-07 3.015314e-10 1.067176e-06 clkbuf_leaf_204_core_clk
 6.454410e-07 4.210019e-07 3.015314e-10 1.066744e-06 clkbuf_leaf_146_core_clk
 6.445086e-07 4.197844e-07 3.015314e-10 1.064594e-06 clkbuf_leaf_206_core_clk
 6.434465e-07 4.199645e-07 3.015314e-10 1.063712e-06 clkbuf_leaf_156_core_clk
 6.442968e-07 4.168468e-07 3.015314e-10 1.061445e-06 clkbuf_leaf_45_core_clk
 6.436487e-07 4.170330e-07 3.015314e-10 1.060983e-06 clkbuf_leaf_238_core_clk
 6.426554e-07 4.175080e-07 3.015314e-10 1.060465e-06 clkbuf_leaf_0_core_clk
 6.424276e-07 4.160767e-07 3.015314e-10 1.058806e-06 clkbuf_leaf_13_core_clk
 6.443444e-07 4.140721e-07 3.015314e-10 1.058718e-06 clkbuf_leaf_226_core_clk
 6.426936e-07 4.140450e-07 3.015314e-10 1.057040e-06 clkbuf_leaf_116_core_clk
 6.451714e-07 4.111781e-07 3.015314e-10 1.056651e-06 clkbuf_leaf_167_core_clk
 6.432361e-07 4.125541e-07 3.015314e-10 1.056092e-06 clkbuf_leaf_150_core_clk
 6.419157e-07 4.137299e-07 3.015314e-10 1.055947e-06 clkbuf_leaf_250_core_clk
 6.435494e-07 4.108464e-07 3.015314e-10 1.054697e-06 clkbuf_leaf_87_core_clk
 6.435238e-07 4.096661e-07 3.015314e-10 1.053491e-06 clkbuf_leaf_259_core_clk
 6.424366e-07 4.097299e-07 3.015314e-10 1.052468e-06 clkbuf_leaf_5_core_clk
 6.417954e-07 4.094156e-07 3.015314e-10 1.051513e-06 clkbuf_leaf_251_core_clk
 6.421988e-07 4.079200e-07 3.015314e-10 1.050420e-06 clkbuf_leaf_36_core_clk
 6.421130e-07 4.048626e-07 3.015314e-10 1.047277e-06 clkbuf_leaf_35_core_clk
 6.443404e-07 3.989630e-07 3.015314e-10 1.043605e-06 clkbuf_leaf_177_core_clk
 6.428356e-07 3.984381e-07 3.015314e-10 1.041575e-06 clkbuf_leaf_147_core_clk
 6.431783e-07 3.975463e-07 3.015314e-10 1.041026e-06 clkbuf_leaf_11_core_clk
 6.422653e-07 3.980654e-07 3.015314e-10 1.040632e-06 clkbuf_leaf_88_core_clk
 6.430228e-07 3.950540e-07 3.015314e-10 1.038378e-06 clkbuf_leaf_222_core_clk
 6.414342e-07 3.964666e-07 3.015314e-10 1.038202e-06 clkbuf_leaf_257_core_clk
 6.441363e-07 3.934425e-07 3.015314e-10 1.037880e-06 clkbuf_leaf_165_core_clk
 6.430532e-07 3.931550e-07 3.015314e-10 1.036510e-06 clkbuf_leaf_265_core_clk
 6.426433e-07 3.933379e-07 3.015314e-10 1.036283e-06 clkbuf_leaf_99_core_clk
 6.436990e-07 3.916138e-07 3.015314e-10 1.035614e-06 clkbuf_leaf_219_core_clk
 6.436557e-07 3.901068e-07 3.015314e-10 1.034064e-06 clkbuf_leaf_227_core_clk
 6.434372e-07 3.899776e-07 3.015314e-10 1.033716e-06 clkbuf_leaf_142_core_clk
 6.417135e-07 3.906355e-07 3.015314e-10 1.032651e-06 clkbuf_leaf_14_core_clk
 6.429257e-07 3.889645e-07 3.015314e-10 1.032192e-06 clkbuf_leaf_82_core_clk
 6.440111e-07 3.875649e-07 3.015314e-10 1.031877e-06 clkbuf_leaf_178_core_clk
 6.428998e-07 3.877769e-07 3.015314e-10 1.030978e-06 clkbuf_leaf_1_core_clk
 6.418298e-07 3.881601e-07 3.015314e-10 1.030292e-06 clkbuf_leaf_6_core_clk
 6.439109e-07 3.856357e-07 3.015314e-10 1.029848e-06 clkbuf_leaf_189_core_clk
 6.428048e-07 3.847233e-07 3.015314e-10 1.027830e-06 clkbuf_leaf_86_core_clk
 6.417179e-07 3.841806e-07 3.015314e-10 1.026200e-06 clkbuf_leaf_8_core_clk
 6.440983e-07 3.814048e-07 3.015314e-10 1.025805e-06 clkbuf_leaf_48_core_clk
 6.422781e-07 3.787937e-07 3.015314e-10 1.021373e-06 clkbuf_leaf_154_core_clk
 6.413973e-07 3.793640e-07 3.015314e-10 1.021063e-06 clkbuf_leaf_31_core_clk
 6.415522e-07 3.782917e-07 3.015314e-10 1.020145e-06 clkbuf_leaf_7_core_clk
 6.422276e-07 3.770145e-07 3.015314e-10 1.019544e-06 clkbuf_leaf_157_core_clk
 6.430591e-07 3.737199e-07 3.015314e-10 1.017080e-06 clkbuf_leaf_33_core_clk
 6.424791e-07 3.730189e-07 3.015314e-10 1.015800e-06 clkbuf_leaf_258_core_clk
 6.431224e-07 3.715563e-07 3.015314e-10 1.014980e-06 clkbuf_leaf_225_core_clk
 6.423912e-07 3.699332e-07 3.015314e-10 1.012626e-06 clkbuf_leaf_266_core_clk
 6.427680e-07 3.666374e-07 3.015314e-10 1.009707e-06 clkbuf_leaf_144_core_clk
 6.417775e-07 3.648716e-07 3.015314e-10 1.006951e-06 clkbuf_leaf_117_core_clk
 6.432536e-07 3.628736e-07 3.015314e-10 1.006429e-06 clkbuf_leaf_203_core_clk
 6.405097e-07 3.633032e-07 3.015314e-10 1.004114e-06 clkbuf_leaf_246_core_clk
 6.421394e-07 3.611003e-07 3.015314e-10 1.003541e-06 clkbuf_leaf_263_core_clk
 6.426313e-07 3.588127e-07 3.015314e-10 1.001745e-06 clkbuf_leaf_46_core_clk
 6.408179e-07 3.587220e-07 3.015314e-10 9.998413e-07 clkbuf_leaf_17_core_clk
 6.407822e-07 3.574495e-07 3.015314e-10 9.985331e-07 clkbuf_leaf_32_core_clk
 6.418557e-07 3.514236e-07 3.015314e-10 9.935808e-07 clkbuf_leaf_79_core_clk
 6.414566e-07 3.514979e-07 3.015314e-10 9.932560e-07 clkbuf_leaf_100_core_clk
 6.414494e-07 3.495943e-07 3.015314e-10 9.913452e-07 clkbuf_leaf_153_core_clk
 6.401439e-07 3.501835e-07 3.015314e-10 9.906289e-07 clkbuf_leaf_248_core_clk
 6.412661e-07 3.447787e-07 3.015314e-10 9.863463e-07 clkbuf_leaf_98_core_clk
 6.408056e-07 3.446602e-07 3.015314e-10 9.857673e-07 clkbuf_leaf_240_core_clk
 6.422945e-07 3.427521e-07 3.015314e-10 9.853482e-07 clkbuf_leaf_207_core_clk
 6.420856e-07 3.428322e-07 3.015314e-10 9.852193e-07 clkbuf_leaf_140_core_clk
 6.416249e-07 3.430513e-07 3.015314e-10 9.849778e-07 clkbuf_leaf_262_core_clk
 6.407382e-07 3.438837e-07 3.015314e-10 9.849234e-07 clkbuf_leaf_73_core_clk
 6.418938e-07 3.397304e-07 3.015314e-10 9.819257e-07 clkbuf_leaf_211_core_clk
 6.414808e-07 3.379937e-07 3.015314e-10 9.797760e-07 clkbuf_leaf_260_core_clk
 6.424806e-07 3.361029e-07 3.015314e-10 9.788851e-07 clkbuf_leaf_164_core_clk
 6.402392e-07 3.381043e-07 3.015314e-10 9.786449e-07 clkbuf_leaf_16_core_clk
 6.398099e-07 3.382042e-07 3.015314e-10 9.783156e-07 clkbuf_leaf_252_core_clk
 6.405259e-07 3.363522e-07 3.015314e-10 9.771796e-07 clkbuf_leaf_74_core_clk
 6.427197e-07 3.338382e-07 3.015314e-10 9.768594e-07 clkbuf_leaf_51_core_clk
 6.424017e-07 3.333673e-07 3.015314e-10 9.760705e-07 clkbuf_leaf_190_core_clk
 6.422617e-07 3.331244e-07 3.015314e-10 9.756876e-07 clkbuf_leaf_42_core_clk
 6.418943e-07 3.331341e-07 3.015314e-10 9.753298e-07 clkbuf_leaf_47_core_clk
 6.423779e-07 3.325464e-07 3.015314e-10 9.752259e-07 clkbuf_leaf_187_core_clk
 6.422812e-07 3.322990e-07 3.015314e-10 9.748817e-07 clkbuf_leaf_61_core_clk
 6.416637e-07 3.316966e-07 3.015314e-10 9.736618e-07 clkbuf_leaf_213_core_clk
 6.412783e-07 3.308944e-07 3.015314e-10 9.724743e-07 clkbuf_leaf_264_core_clk
 6.417486e-07 3.288581e-07 3.015314e-10 9.709082e-07 clkbuf_leaf_133_core_clk
 6.417526e-07 3.281967e-07 3.015314e-10 9.702509e-07 clkbuf_leaf_29_core_clk
 6.424996e-07 3.262431e-07 3.015314e-10 9.690442e-07 clkbuf_leaf_50_core_clk
 6.402933e-07 3.280988e-07 3.015314e-10 9.686935e-07 clkbuf_leaf_75_core_clk
 6.415231e-07 3.267791e-07 3.015314e-10 9.686037e-07 clkbuf_leaf_199_core_clk
 6.414427e-07 3.239772e-07 3.015314e-10 9.657215e-07 clkbuf_leaf_214_core_clk
 6.410718e-07 3.239215e-07 3.015314e-10 9.652948e-07 clkbuf_leaf_85_core_clk
 6.415675e-07 3.225473e-07 3.015314e-10 9.644162e-07 clkbuf_leaf_129_core_clk
 6.413983e-07 3.224252e-07 3.015314e-10 9.641251e-07 clkbuf_leaf_208_core_clk
 6.425440e-07 3.212677e-07 3.015314e-10 9.641132e-07 clkbuf_leaf_172_core_clk
 6.415656e-07 3.216813e-07 3.015314e-10 9.635485e-07 clkbuf_leaf_34_core_clk
 6.416827e-07 3.214641e-07 3.015314e-10 9.634482e-07 clkbuf_leaf_205_core_clk
 6.409144e-07 3.210153e-07 3.015314e-10 9.622312e-07 clkbuf_leaf_220_core_clk
 6.406168e-07 3.202516e-07 3.015314e-10 9.611699e-07 clkbuf_leaf_158_core_clk
 6.423467e-07 3.174355e-07 3.015314e-10 9.600838e-07 clkbuf_leaf_202_core_clk
 6.408804e-07 3.172064e-07 3.015314e-10 9.583883e-07 clkbuf_leaf_78_core_clk
 6.418089e-07 3.159227e-07 3.015314e-10 9.580331e-07 clkbuf_leaf_40_core_clk
 6.412218e-07 3.135420e-07 3.015314e-10 9.550653e-07 clkbuf_leaf_108_core_clk
 6.407039e-07 3.110137e-07 3.015314e-10 9.520191e-07 clkbuf_leaf_81_core_clk
 6.390748e-07 3.118436e-07 3.015314e-10 9.512200e-07 clkbuf_leaf_249_core_clk
 6.390698e-07 3.116670e-07 3.015314e-10 9.510384e-07 clkbuf_leaf_261_core_clk
 6.401845e-07 3.086626e-07 3.015314e-10 9.491486e-07 clkbuf_leaf_121_core_clk
 6.409608e-07 3.071443e-07 3.015314e-10 9.484067e-07 clkbuf_leaf_215_core_clk
 6.420843e-07 3.054445e-07 3.015314e-10 9.478304e-07 clkbuf_leaf_148_core_clk
 6.419685e-07 3.044009e-07 3.015314e-10 9.466709e-07 clkbuf_leaf_201_core_clk
 6.401051e-07 3.058612e-07 3.015314e-10 9.462679e-07 clkbuf_leaf_110_core_clk
 6.419370e-07 3.033186e-07 3.015314e-10 9.455571e-07 clkbuf_leaf_194_core_clk
 6.415635e-07 3.028439e-07 3.015314e-10 9.447089e-07 clkbuf_leaf_176_core_clk
 6.414876e-07 3.017112e-07 3.015314e-10 9.435003e-07 clkbuf_leaf_193_core_clk
 6.416539e-07 3.012148e-07 3.015314e-10 9.431703e-07 clkbuf_leaf_182_core_clk
 6.404444e-07 3.019074e-07 3.015314e-10 9.426534e-07 clkbuf_leaf_80_core_clk
 6.413623e-07 3.004417e-07 3.015314e-10 9.421055e-07 clkbuf_leaf_58_core_clk
 6.419045e-07 2.987350e-07 3.015314e-10 9.409411e-07 clkbuf_leaf_166_core_clk
 6.403901e-07 2.974281e-07 3.015314e-10 9.381197e-07 clkbuf_leaf_235_core_clk
 6.408284e-07 2.967881e-07 3.015314e-10 9.379181e-07 clkbuf_leaf_128_core_clk
 6.393393e-07 2.926658e-07 3.015314e-10 9.323066e-07 clkbuf_leaf_241_core_clk
 6.412048e-07 2.904270e-07 3.015314e-10 9.319334e-07 clkbuf_leaf_174_core_clk
 6.403594e-07 2.861383e-07 3.015314e-10 9.267993e-07 clkbuf_leaf_197_core_clk
 6.408034e-07 2.825408e-07 3.015314e-10 9.236458e-07 clkbuf_leaf_41_core_clk
 6.409704e-07 2.823156e-07 3.015314e-10 9.235875e-07 clkbuf_leaf_175_core_clk
 6.407682e-07 2.813156e-07 3.015314e-10 9.223854e-07 clkbuf_leaf_57_core_clk
 6.394233e-07 2.818043e-07 3.015314e-10 9.215291e-07 clkbuf_leaf_113_core_clk
 6.399135e-07 2.807211e-07 3.015314e-10 9.209361e-07 clkbuf_leaf_234_core_clk
 6.406555e-07 2.774106e-07 3.015314e-10 9.183677e-07 clkbuf_leaf_56_core_clk
 6.393189e-07 2.781207e-07 3.015314e-10 9.177411e-07 clkbuf_leaf_114_core_clk
 6.397426e-07 2.772880e-07 3.015314e-10 9.173322e-07 clkbuf_leaf_83_core_clk
 6.408587e-07 2.733397e-07 3.015314e-10 9.145000e-07 clkbuf_leaf_69_core_clk
 6.400403e-07 2.723184e-07 3.015314e-10 9.126603e-07 clkbuf_leaf_112_core_clk
 6.406415e-07 2.709323e-07 3.015314e-10 9.118754e-07 clkbuf_leaf_173_core_clk
 6.399941e-07 2.707075e-07 3.015314e-10 9.110032e-07 clkbuf_leaf_102_core_clk
 6.383802e-07 2.718770e-07 3.015314e-10 9.105588e-07 clkbuf_leaf_15_core_clk
 6.396111e-07 2.701207e-07 3.015314e-10 9.100333e-07 clkbuf_leaf_255_core_clk
 6.406734e-07 2.669394e-07 3.015314e-10 9.079144e-07 clkbuf_leaf_90_core_clk
 6.387741e-07 2.675357e-07 3.015314e-10 9.066113e-07 clkbuf_leaf_21_core_clk
 6.406363e-07 2.656567e-07 3.015314e-10 9.065946e-07 clkbuf_leaf_68_core_clk
 6.406117e-07 2.651993e-07 3.015314e-10 9.061126e-07 clkbuf_leaf_179_core_clk
 6.389623e-07 2.655372e-07 3.015314e-10 9.048010e-07 clkbuf_leaf_109_core_clk
 6.406893e-07 2.637820e-07 3.015314e-10 9.047729e-07 clkbuf_leaf_27_core_clk
 6.385753e-07 2.655754e-07 3.015314e-10 9.044522e-07 clkbuf_leaf_242_core_clk
 6.404195e-07 2.632468e-07 3.015314e-10 9.039679e-07 clkbuf_leaf_143_core_clk
 6.385598e-07 2.650288e-07 3.015314e-10 9.038901e-07 clkbuf_leaf_217_core_clk
 6.398046e-07 2.632677e-07 3.015314e-10 9.033739e-07 clkbuf_leaf_145_core_clk
 6.402582e-07 2.621608e-07 3.015314e-10 9.027205e-07 clkbuf_leaf_60_core_clk
 6.405050e-07 2.615153e-07 3.015314e-10 9.023219e-07 clkbuf_leaf_185_core_clk
 6.397512e-07 2.622328e-07 3.015314e-10 9.022856e-07 clkbuf_leaf_107_core_clk
 6.398009e-07 2.609745e-07 3.015314e-10 9.010769e-07 clkbuf_leaf_127_core_clk
 6.385672e-07 2.602111e-07 3.015314e-10 8.990798e-07 clkbuf_leaf_25_core_clk
 6.384207e-07 2.600969e-07 3.015314e-10 8.988192e-07 clkbuf_leaf_218_core_clk
 6.403882e-07 2.574774e-07 3.015314e-10 8.981671e-07 clkbuf_leaf_181_core_clk
 6.405772e-07 2.564579e-07 3.015314e-10 8.973366e-07 clkbuf_leaf_196_core_clk
 6.381709e-07 2.580999e-07 3.015314e-10 8.965724e-07 clkbuf_leaf_19_core_clk
 6.404430e-07 2.552830e-07 3.015314e-10 8.960275e-07 clkbuf_leaf_49_core_clk
 6.392082e-07 2.559999e-07 3.015314e-10 8.955096e-07 clkbuf_leaf_239_core_clk
 6.403517e-07 2.521312e-07 3.015314e-10 8.927844e-07 clkbuf_leaf_28_core_clk
 6.394312e-07 2.502458e-07 3.015314e-10 8.899786e-07 clkbuf_leaf_139_core_clk
 6.398370e-07 2.490180e-07 3.015314e-10 8.891565e-07 clkbuf_leaf_62_core_clk
 6.398614e-07 2.484043e-07 3.015314e-10 8.885673e-07 clkbuf_leaf_59_core_clk
 6.402955e-07 2.467482e-07 3.015314e-10 8.873452e-07 clkbuf_leaf_192_core_clk
 6.382445e-07 2.487929e-07 3.015314e-10 8.873390e-07 clkbuf_leaf_20_core_clk
 6.394126e-07 2.474406e-07 3.015314e-10 8.871547e-07 clkbuf_leaf_134_core_clk
 6.400844e-07 2.465865e-07 3.015314e-10 8.869724e-07 clkbuf_leaf_65_core_clk
 6.389357e-07 2.464497e-07 3.015314e-10 8.856870e-07 clkbuf_leaf_232_core_clk
 6.380603e-07 2.473151e-07 3.015314e-10 8.856769e-07 clkbuf_leaf_216_core_clk
 6.392147e-07 2.461578e-07 3.015314e-10 8.856741e-07 clkbuf_leaf_200_core_clk
 6.397857e-07 2.413090e-07 3.015314e-10 8.813963e-07 clkbuf_leaf_168_core_clk
 6.395431e-07 2.412704e-07 3.015314e-10 8.811151e-07 clkbuf_leaf_137_core_clk
 6.380446e-07 2.417165e-07 3.015314e-10 8.800627e-07 clkbuf_leaf_30_core_clk
 6.391977e-07 2.399483e-07 3.015314e-10 8.794476e-07 clkbuf_leaf_119_core_clk
 6.378669e-07 2.404605e-07 3.015314e-10 8.786290e-07 clkbuf_leaf_244_core_clk
 6.398183e-07 2.377841e-07 3.015314e-10 8.779039e-07 clkbuf_leaf_183_core_clk
 6.379797e-07 2.394187e-07 3.015314e-10 8.777000e-07 clkbuf_leaf_22_core_clk
 6.381823e-07 2.380191e-07 3.015314e-10 8.765030e-07 clkbuf_leaf_118_core_clk
 6.381812e-07 2.379812e-07 3.015314e-10 8.764640e-07 clkbuf_leaf_115_core_clk
 6.403736e-07 2.354224e-07 3.015314e-10 8.760975e-07 clkbuf_leaf_55_core_clk
 6.378304e-07 2.341350e-07 3.015314e-10 8.722670e-07 clkbuf_leaf_26_core_clk
 6.385492e-07 2.328986e-07 3.015314e-10 8.717493e-07 clkbuf_leaf_256_core_clk
 6.388672e-07 2.313864e-07 3.015314e-10 8.705551e-07 clkbuf_leaf_105_core_clk
 6.392336e-07 2.305240e-07 3.015314e-10 8.700591e-07 clkbuf_leaf_136_core_clk
 6.392040e-07 2.294989e-07 3.015314e-10 8.690045e-07 clkbuf_leaf_124_core_clk
 6.388607e-07 2.282049e-07 3.015314e-10 8.673672e-07 clkbuf_leaf_132_core_clk
 6.376958e-07 2.293691e-07 3.015314e-10 8.673665e-07 clkbuf_leaf_23_core_clk
 6.375106e-07 2.278263e-07 3.015314e-10 8.656385e-07 clkbuf_leaf_243_core_clk
 6.391215e-07 2.227516e-07 3.015314e-10 8.621747e-07 clkbuf_leaf_66_core_clk
 6.375276e-07 2.234163e-07 3.015314e-10 8.612454e-07 clkbuf_leaf_24_core_clk
 6.395315e-07 2.204212e-07 3.015314e-10 8.602543e-07 clkbuf_leaf_195_core_clk
 6.374444e-07 2.204732e-07 3.015314e-10 8.582192e-07 clkbuf_leaf_18_core_clk
 6.388473e-07 2.171134e-07 3.015314e-10 8.562623e-07 clkbuf_leaf_135_core_clk
 6.391987e-07 2.159885e-07 3.015314e-10 8.554887e-07 clkbuf_leaf_71_core_clk
 6.374693e-07 2.128598e-07 3.015314e-10 8.506307e-07 clkbuf_leaf_111_core_clk
 6.390142e-07 2.096129e-07 3.015314e-10 8.489286e-07 clkbuf_leaf_70_core_clk
 6.386876e-07 2.077080e-07 3.015314e-10 8.466972e-07 clkbuf_leaf_67_core_clk
 6.385622e-07 2.047950e-07 3.015314e-10 8.436587e-07 clkbuf_leaf_52_core_clk
 6.392353e-07 1.963941e-07 3.015314e-10 8.359310e-07 clkbuf_leaf_53_core_clk
 6.378544e-07 1.960510e-07 3.015314e-10 8.342070e-07 clkbuf_leaf_104_core_clk
 6.382172e-07 1.952364e-07 3.015314e-10 8.337551e-07 clkbuf_leaf_125_core_clk
 6.389051e-07 1.850748e-07 3.015314e-10 8.242814e-07 clkbuf_leaf_63_core_clk
 6.377449e-07 1.661389e-07 3.015314e-10 8.041854e-07 clkbuf_leaf_186_core_clk
 6.373062e-07 1.636121e-07 3.015314e-10 8.012199e-07 clkbuf_leaf_123_core_clk
 6.378380e-07 1.484880e-07 3.015314e-10 7.866275e-07 clkbuf_leaf_64_core_clk
 6.304904e-07 0.000000e+00 3.015314e-10 6.307920e-07 clkload16
 3.009136e-07 0.000000e+00 2.289471e-10 3.011425e-07 clkload208
 3.009056e-07 0.000000e+00 2.289471e-10 3.011345e-07 clkload158
 3.008064e-07 0.000000e+00 2.289471e-10 3.010353e-07 clkload210
 3.008031e-07 0.000000e+00 2.289471e-10 3.010320e-07 clkload178
 3.007742e-07 0.000000e+00 2.289471e-10 3.010031e-07 clkload103
 3.007456e-07 0.000000e+00 2.289471e-10 3.009746e-07 clkload114
 3.007452e-07 0.000000e+00 2.289471e-10 3.009741e-07 clkload184
 3.007325e-07 0.000000e+00 2.289471e-10 3.009615e-07 clkload211
 3.007221e-07 0.000000e+00 2.289471e-10 3.009511e-07 clkload153
 3.007192e-07 0.000000e+00 2.289471e-10 3.009481e-07 clkload45
 3.007093e-07 0.000000e+00 2.289471e-10 3.009382e-07 clkload50
 3.006942e-07 0.000000e+00 2.289471e-10 3.009231e-07 clkload76
 3.006839e-07 0.000000e+00 2.289471e-10 3.009128e-07 clkload179
 3.006732e-07 0.000000e+00 2.289471e-10 3.009021e-07 clkload51
 3.006604e-07 0.000000e+00 2.289471e-10 3.008893e-07 clkload188
 3.006554e-07 0.000000e+00 2.289471e-10 3.008843e-07 clkload48
 3.006551e-07 0.000000e+00 2.289471e-10 3.008840e-07 clkload204
 3.006336e-07 0.000000e+00 2.289471e-10 3.008625e-07 clkload112
 3.006333e-07 0.000000e+00 2.289471e-10 3.008623e-07 clkload151
 3.006326e-07 0.000000e+00 2.289471e-10 3.008615e-07 clkload78
 3.006299e-07 0.000000e+00 2.289471e-10 3.008588e-07 clkload207
 3.006271e-07 0.000000e+00 2.289471e-10 3.008561e-07 clkload108
 3.006006e-07 0.000000e+00 2.289471e-10 3.008295e-07 clkload154
 3.006004e-07 0.000000e+00 2.289471e-10 3.008294e-07 clkload80
 3.005856e-07 0.000000e+00 2.289471e-10 3.008145e-07 clkload73
 3.005842e-07 0.000000e+00 2.289471e-10 3.008132e-07 clkload205
 3.005808e-07 0.000000e+00 2.289471e-10 3.008097e-07 clkload109
 3.005708e-07 0.000000e+00 2.289471e-10 3.007998e-07 clkload156
 3.005671e-07 0.000000e+00 2.289471e-10 3.007960e-07 clkload75
 3.005459e-07 0.000000e+00 2.289471e-10 3.007748e-07 clkload181
 3.005253e-07 0.000000e+00 2.289471e-10 3.007543e-07 clkload186
 3.005172e-07 0.000000e+00 2.289471e-10 3.007461e-07 clkload79
 3.005130e-07 0.000000e+00 2.289471e-10 3.007419e-07 clkload163
 3.005120e-07 0.000000e+00 2.289471e-10 3.007409e-07 clkload102
 3.004517e-07 0.000000e+00 2.289471e-10 3.006807e-07 clkload107
 3.004438e-07 0.000000e+00 2.289471e-10 3.006727e-07 clkload164
 3.004355e-07 0.000000e+00 2.289471e-10 3.006644e-07 clkload169
 3.004285e-07 0.000000e+00 2.289471e-10 3.006574e-07 clkload144
 3.003949e-07 0.000000e+00 2.289471e-10 3.006239e-07 clkload155
 3.003821e-07 0.000000e+00 2.289471e-10 3.006110e-07 clkload171
 3.003622e-07 0.000000e+00 2.289471e-10 3.005912e-07 clkload139
 3.003565e-07 0.000000e+00 2.289471e-10 3.005854e-07 clkload119
 3.003480e-07 0.000000e+00 2.289471e-10 3.005769e-07 clkload43
 3.003395e-07 0.000000e+00 2.289471e-10 3.005685e-07 clkload91
 3.003318e-07 0.000000e+00 2.289471e-10 3.005607e-07 clkload145
 3.003249e-07 0.000000e+00 2.289471e-10 3.005538e-07 clkload40
 3.003099e-07 0.000000e+00 2.289471e-10 3.005389e-07 clkload201
 3.003054e-07 0.000000e+00 2.289471e-10 3.005343e-07 clkload117
 3.002238e-07 0.000000e+00 2.289471e-10 3.004528e-07 clkload44
 3.002123e-07 0.000000e+00 2.289471e-10 3.004412e-07 clkload93
 3.001780e-07 0.000000e+00 2.289471e-10 3.004069e-07 clkload34
 3.001674e-07 0.000000e+00 2.289471e-10 3.003963e-07 clkload37
 3.001342e-07 0.000000e+00 2.289471e-10 3.003632e-07 clkload120
 3.001026e-07 0.000000e+00 2.289471e-10 3.003316e-07 clkload59
 3.000970e-07 0.000000e+00 2.289471e-10 3.003260e-07 clkload32
 3.000944e-07 0.000000e+00 2.289471e-10 3.003234e-07 clkload167
 3.000836e-07 0.000000e+00 2.289471e-10 3.003125e-07 clkload177
 3.000725e-07 0.000000e+00 2.289471e-10 3.003014e-07 clkload29
 3.000666e-07 0.000000e+00 2.289471e-10 3.002955e-07 clkload131
 2.999649e-07 0.000000e+00 2.289471e-10 3.001938e-07 clkload31
 2.999635e-07 0.000000e+00 2.289471e-10 3.001925e-07 clkload190
 2.999506e-07 0.000000e+00 2.289471e-10 3.001795e-07 clkload176
 2.998996e-07 0.000000e+00 2.289471e-10 3.001285e-07 clkload192
 2.510505e-07 0.000000e+00 3.421264e-10 2.513927e-07 clkload10
 2.501832e-07 0.000000e+00 3.421264e-10 2.505254e-07 clkload20
 2.471774e-07 0.000000e+00 3.421264e-10 2.475196e-07 clkload26
 2.460866e-07 0.000000e+00 3.421264e-10 2.464288e-07 clkload6
 1.777733e-07 0.000000e+00 2.978887e-10 1.780712e-07 clkload21
 1.773732e-07 0.000000e+00 2.978887e-10 1.776710e-07 clkload8
 1.771426e-07 0.000000e+00 2.978887e-10 1.774405e-07 clkload13
 1.764590e-07 0.000000e+00 2.978887e-10 1.767568e-07 clkload11
 1.756423e-07 0.000000e+00 2.978887e-10 1.759402e-07 clkload27
 1.738875e-07 0.000000e+00 2.015497e-10 1.740890e-07 clkload101
 1.737959e-07 0.000000e+00 2.015497e-10 1.739974e-07 clkload100
 1.737676e-07 0.000000e+00 2.015497e-10 1.739692e-07 clkload99
 1.736843e-07 0.000000e+00 2.015497e-10 1.738859e-07 clkload209
 1.736832e-07 0.000000e+00 2.015497e-10 1.738848e-07 clkload49
 1.736641e-07 0.000000e+00 2.015497e-10 1.738657e-07 clkload157
 1.736551e-07 0.000000e+00 2.015497e-10 1.738566e-07 clkload212
 1.736386e-07 0.000000e+00 2.015497e-10 1.738401e-07 clkload71
 1.736350e-07 0.000000e+00 2.015497e-10 1.738366e-07 clkload46
 1.736027e-07 0.000000e+00 2.015497e-10 1.738042e-07 clkload180
 1.735946e-07 0.000000e+00 2.015497e-10 1.737962e-07 clkload72
 1.735885e-07 0.000000e+00 2.015497e-10 1.737901e-07 clkload47
 1.735816e-07 0.000000e+00 2.015497e-10 1.737832e-07 clkload161
 1.735758e-07 0.000000e+00 2.015497e-10 1.737773e-07 clkload113
 1.735557e-07 0.000000e+00 2.015497e-10 1.737573e-07 clkload104
 1.735380e-07 0.000000e+00 2.015497e-10 1.737396e-07 clkload185
 1.735332e-07 0.000000e+00 2.015497e-10 1.737348e-07 clkload162
 1.735015e-07 0.000000e+00 2.015497e-10 1.737031e-07 clkload152
 1.734937e-07 0.000000e+00 2.015497e-10 1.736952e-07 clkload183
 1.734867e-07 0.000000e+00 2.015497e-10 1.736883e-07 clkload189
 1.734698e-07 0.000000e+00 2.015497e-10 1.736713e-07 clkload106
 1.734532e-07 0.000000e+00 2.015497e-10 1.736547e-07 clkload141
 1.734123e-07 0.000000e+00 2.015497e-10 1.736138e-07 clkload142
 1.734015e-07 0.000000e+00 2.015497e-10 1.736030e-07 clkload74
 1.733192e-07 0.000000e+00 2.015497e-10 1.735207e-07 clkload129
 1.733104e-07 0.000000e+00 2.015497e-10 1.735119e-07 clkload125
 1.732448e-07 0.000000e+00 2.015497e-10 1.734464e-07 clkload168
 1.731785e-07 0.000000e+00 2.015497e-10 1.733800e-07 clkload170
 1.731680e-07 0.000000e+00 2.015497e-10 1.733696e-07 clkload85
 1.731677e-07 0.000000e+00 2.015497e-10 1.733693e-07 clkload35
 1.730440e-07 0.000000e+00 2.978887e-10 1.733419e-07 clkload2
 1.731304e-07 0.000000e+00 2.015497e-10 1.733319e-07 clkload134
 1.731231e-07 0.000000e+00 2.015497e-10 1.733247e-07 clkload95
 1.730478e-07 0.000000e+00 2.015497e-10 1.732493e-07 clkload30
 1.726477e-07 0.000000e+00 2.978887e-10 1.729455e-07 clkload14
 1.722518e-07 0.000000e+00 2.015497e-10 1.724533e-07 clkload15
 1.124676e-07 0.000000e+00 2.536348e-10 1.127212e-07 clkload17
 1.121603e-07 0.000000e+00 2.536348e-10 1.124139e-07 clkload18
 1.112213e-07 0.000000e+00 2.536348e-10 1.114750e-07 clkload9
 1.087647e-07 0.000000e+00 2.536348e-10 1.090184e-07 clkload3
 5.750980e-08 0.000000e+00 2.094203e-10 5.771922e-08 clkload36
 5.726305e-08 0.000000e+00 2.094203e-10 5.747248e-08 clkload54
 5.717532e-08 0.000000e+00 2.094203e-10 5.738474e-08 clkload126
 5.680326e-08 0.000000e+00 2.094203e-10 5.701268e-08 clkload166
 5.674701e-08 0.000000e+00 2.094203e-10 5.695643e-08 clkload149
 5.638724e-08 0.000000e+00 2.094203e-10 5.659666e-08 clkload94
 5.627087e-08 0.000000e+00 2.094203e-10 5.648029e-08 clkload92
 5.613384e-08 0.000000e+00 2.094203e-10 5.634326e-08 clkload118
 5.600939e-08 0.000000e+00 2.094203e-10 5.621881e-08 clkload195
 5.587381e-08 0.000000e+00 2.094203e-10 5.608323e-08 clkload61
 5.580311e-08 0.000000e+00 2.094203e-10 5.601254e-08 clkload135
 5.561274e-08 0.000000e+00 2.094203e-10 5.582216e-08 clkload133
 5.557894e-08 0.000000e+00 2.094203e-10 5.578836e-08 clkload84
 3.005782e-08 1.691396e-09 2.248894e-10 3.197411e-08 output16
 2.400409e-08 6.273334e-10 2.319865e-10 2.486341e-08 output14
 8.907840e-09 9.602676e-10 2.347598e-10 1.010287e-08 output13
 2.435260e-15 1.062722e-14 3.092381e-10 3.092511e-10 fanout227
 3.177636e-15 1.652396e-14 3.090675e-10 3.090872e-10 fanout226
 3.568725e-15 2.016244e-14 3.089266e-10 3.089504e-10 max_cap201
 3.601368e-15 1.705043e-14 3.089094e-10 3.089300e-10 fanout259
 4.458996e-15 2.156562e-14 3.086950e-10 3.087210e-10 max_cap214
 4.594398e-15 2.090090e-14 3.086747e-10 3.087002e-10 fanout260
 4.757586e-15 1.960307e-14 3.086512e-10 3.086756e-10 fanout219
 5.049949e-15 2.738742e-14 3.085667e-10 3.085991e-10 max_cap204
 5.316376e-15 2.986717e-14 3.084775e-10 3.085127e-10 fanout200
 5.297142e-15 2.623552e-14 3.083961e-10 3.084276e-10 fanout453
 5.254769e-15 2.377909e-14 3.083961e-10 3.084251e-10 fanout454
 5.272611e-15 2.701976e-14 3.082975e-10 3.083298e-10 max_cap213
 6.285054e-15 2.703435e-14 3.081395e-10 3.081728e-10 max_cap216
 6.067141e-15 2.175222e-14 3.080581e-10 3.080859e-10 fanout616
 6.445066e-15 3.098159e-14 3.079767e-10 3.080141e-10 fanout479
 6.425433e-15 2.410912e-14 3.079767e-10 3.080072e-10 fanout478
 6.492754e-15 3.069589e-14 3.079548e-10 3.079920e-10 max_cap181
 4.207375e-15 1.587578e-14 3.079423e-10 3.079624e-10 fanout419
 4.146922e-15 1.578514e-14 3.079423e-10 3.079622e-10 fanout420
 4.186942e-15 1.568072e-14 3.079423e-10 3.079622e-10 fanout421
 4.138090e-15 1.453081e-14 3.079423e-10 3.079610e-10 fanout425
 4.203238e-15 1.442381e-14 3.079423e-10 3.079609e-10 fanout424
 6.973840e-15 3.479770e-14 3.078953e-10 3.079371e-10 max_cap408
 6.966886e-15 3.812300e-14 3.078515e-10 3.078966e-10 fanout180
 7.219143e-15 3.512744e-14 3.076888e-10 3.077311e-10 fanout635
 7.219735e-15 2.401251e-14 3.076888e-10 3.077200e-10 max_cap634
 6.558402e-15 2.462336e-14 3.076622e-10 3.076933e-10 fanout631
 7.412033e-15 3.048435e-14 3.075807e-10 3.076186e-10 max_cap475
 7.411838e-15 3.327069e-14 3.075573e-10 3.075980e-10 max_cap405
 7.732166e-15 4.507865e-14 3.075260e-10 3.075788e-10 fanout463
 7.575919e-15 3.170380e-14 3.075260e-10 3.075653e-10 fanout462
 8.254307e-15 3.393844e-14 3.074102e-10 3.074524e-10 max_cap459
 8.205874e-15 3.702877e-14 3.073398e-10 3.073850e-10 max_cap609
 7.961601e-15 3.206875e-14 3.073398e-10 3.073798e-10 fanout610
 8.026038e-15 2.948094e-14 3.073398e-10 3.073773e-10 fanout607
 8.094042e-15 3.988332e-14 3.069642e-10 3.070122e-10 fanout205
 9.081986e-15 3.911504e-14 3.068546e-10 3.069028e-10 max_cap627
 9.110248e-15 3.770951e-14 3.068546e-10 3.069014e-10 max_cap625
 8.923817e-15 3.505825e-14 3.068390e-10 3.068830e-10 fanout441
 9.162284e-15 5.656435e-14 3.065009e-10 3.065667e-10 fanout621
 9.045351e-15 3.951183e-14 3.065009e-10 3.065495e-10 fanout618
 5.198648e-15 2.128042e-14 3.065057e-10 3.065321e-10 fanout187
 5.197365e-15 2.109463e-14 3.065057e-10 3.065319e-10 fanout186
 5.147135e-15 2.065370e-14 3.065057e-10 3.065315e-10 fanout183
 5.162630e-15 1.884252e-14 3.065057e-10 3.065297e-10 fanout377
 5.163557e-15 1.801006e-14 3.065057e-10 3.065288e-10 fanout375
 1.009186e-14 5.169531e-14 3.063648e-10 3.064266e-10 max_cap367
 9.993516e-15 3.708733e-14 3.063648e-10 3.064119e-10 max_cap365
 1.052331e-14 5.145719e-14 3.059861e-10 3.060480e-10 max_cap250
 1.047316e-14 4.058231e-14 3.059861e-10 3.060371e-10 fanout247
 1.000317e-14 4.543235e-14 3.057028e-10 3.057582e-10 fanout746
 1.024291e-14 3.748088e-14 3.057028e-10 3.057505e-10 max_cap748
 9.972330e-15 3.733240e-14 3.057028e-10 3.057501e-10 fanout751
 1.018198e-14 3.629885e-14 3.057028e-10 3.057493e-10 wire745
 5.702284e-15 2.401261e-14 3.053695e-10 3.053992e-10 fanout396
 5.704397e-15 2.160831e-14 3.053695e-10 3.053968e-10 fanout398
 5.684571e-15 2.102958e-14 3.053695e-10 3.053962e-10 fanout393
 1.134558e-14 4.849520e-14 3.050314e-10 3.050913e-10 fanout230
 1.122095e-14 4.102066e-14 3.050314e-10 3.050837e-10 fanout228
 1.062557e-14 2.848978e-14 3.049610e-10 3.050001e-10 max_cap732
 1.171921e-14 3.671512e-14 3.048139e-10 3.048624e-10 max_cap737
 1.101376e-14 5.529856e-14 3.047936e-10 3.048599e-10 fanout220
 4.510552e-14 2.177270e-13 3.045620e-10 3.048248e-10 fanout262
 4.471040e-14 1.907473e-13 3.045620e-10 3.047974e-10 fanout790
 4.476649e-14 1.853769e-13 3.045620e-10 3.047921e-10 fanout261
 4.446979e-14 1.732750e-13 3.045643e-10 3.047821e-10 fanout706
 4.453495e-14 1.682129e-13 3.045620e-10 3.047747e-10 fanout787
 9.223991e-15 3.383136e-14 3.047294e-10 3.047725e-10 fanout756
 9.206896e-15 3.107249e-14 3.047294e-10 3.047697e-10 fanout760
 9.198535e-15 2.981776e-14 3.047294e-10 3.047684e-10 fanout773
 4.438893e-14 1.620050e-13 3.045620e-10 3.047683e-10 fanout785
 9.134087e-15 2.800278e-14 3.047294e-10 3.047665e-10 fanout767
 9.208252e-15 2.660904e-14 3.047294e-10 3.047652e-10 fanout771
 1.111272e-14 5.889025e-14 3.043335e-10 3.044035e-10 fanout211
 1.137752e-14 5.294509e-14 3.042271e-10 3.042914e-10 wire258
 1.105221e-14 3.346760e-14 3.040909e-10 3.041354e-10 max_cap730
 1.064654e-14 4.992903e-14 3.037012e-10 3.037618e-10 fanout202
 6.124745e-15 2.991740e-14 3.033757e-10 3.034118e-10 fanout905
 6.091424e-15 2.392964e-14 3.033757e-10 3.034057e-10 fanout909
 6.105485e-15 2.285518e-14 3.033757e-10 3.034047e-10 fanout904
 1.027166e-14 5.566938e-14 3.026058e-10 3.026717e-10 fanout589
 1.005992e-14 4.728930e-14 3.025510e-10 3.026083e-10 max_cap623
 1.035038e-14 5.582629e-14 3.021316e-10 3.021977e-10 fanout629
 1.029618e-14 4.730497e-14 3.021316e-10 3.021892e-10 fanout630
 9.926222e-15 3.653554e-14 3.020502e-10 3.020967e-10 max_cap611
 9.438087e-15 2.998535e-14 3.019391e-10 3.019785e-10 fanout918
 9.462825e-15 2.881648e-14 3.019391e-10 3.019774e-10 fanout915
 9.647177e-15 5.262655e-14 3.016057e-10 3.016680e-10 fanout780
 9.516814e-15 4.660434e-14 3.016057e-10 3.016619e-10 fanout779
 9.877958e-15 4.038733e-14 3.014946e-10 3.015449e-10 fanout406
 1.031251e-14 5.007417e-14 3.014133e-10 3.014737e-10 wire471
 9.993120e-15 4.775200e-14 3.011097e-10 3.011674e-10 fanout449
 9.910285e-15 3.547761e-14 3.011097e-10 3.011550e-10 fanout448
 1.111602e-14 6.082518e-14 3.007168e-10 3.007888e-10 max_cap416
 6.086874e-15 2.482667e-14 3.001691e-10 3.002000e-10 fanout782
 1.096464e-14 4.747772e-14 2.994539e-10 2.995124e-10 fanout1019
 4.459146e-14 1.890484e-13 2.989829e-10 2.992165e-10 fanout485
 4.438250e-14 1.801877e-13 2.989829e-10 2.992075e-10 fanout488
 4.446840e-14 1.697802e-13 2.989829e-10 2.991971e-10 fanout797
 4.535176e-14 1.666358e-13 2.989829e-10 2.991949e-10 max_cap1027
 4.485510e-14 1.621595e-13 2.989829e-10 2.991899e-10 fanout1028
 4.439775e-14 1.521888e-13 2.989829e-10 2.991795e-10 fanout808
 9.153167e-15 3.077905e-14 2.988154e-10 2.988554e-10 fanout970
 9.225025e-15 2.522278e-14 2.988154e-10 2.988499e-10 fanout946
 9.198148e-15 2.511702e-14 2.988154e-10 2.988497e-10 fanout982
 1.174977e-14 5.177454e-14 2.987309e-10 2.987945e-10 max_cap1007
 1.079721e-14 6.387164e-14 2.985838e-10 2.986585e-10 max_cap1018
 1.077574e-14 4.745741e-14 2.985838e-10 2.986420e-10 wire1016
 1.077296e-14 4.254465e-14 2.985838e-10 2.986371e-10 max_cap1012
 1.069829e-14 3.841464e-14 2.985838e-10 2.986329e-10 max_cap1014
 1.124760e-14 6.096104e-14 2.985134e-10 2.985856e-10 fanout233
 1.122951e-14 4.845314e-14 2.985134e-10 2.985731e-10 fanout232
 1.122842e-14 4.828747e-14 2.985134e-10 2.985729e-10 fanout231
 1.163210e-14 5.171441e-14 2.984132e-10 2.984766e-10 wire244
 1.154370e-14 4.252164e-14 2.984132e-10 2.984673e-10 max_cap242
 5.684463e-15 2.026045e-14 2.981753e-10 2.982013e-10 fanout601
 5.697947e-15 1.927014e-14 2.981753e-10 2.982003e-10 fanout594
 5.717862e-15 1.846549e-14 2.981753e-10 2.981995e-10 fanout593
 1.059524e-14 5.733459e-14 2.978530e-10 2.979209e-10 max_cap225
 9.988063e-15 4.324333e-14 2.978420e-10 2.978953e-10 fanout1002
 9.969315e-15 4.019426e-14 2.978420e-10 2.978922e-10 fanout1005
 9.976932e-15 3.718609e-14 2.978420e-10 2.978892e-10 fanout999
 1.015323e-14 3.646529e-14 2.978420e-10 2.978887e-10 max_cap997
 9.999479e-15 3.292722e-14 2.978420e-10 2.978850e-10 fanout998
 9.961116e-15 3.138809e-14 2.978420e-10 2.978834e-10 fanout1001
 1.051696e-14 4.883974e-14 2.975588e-10 2.976181e-10 max_cap252
 1.007512e-14 3.892902e-14 2.971801e-10 2.972291e-10 wire369
 5.176166e-15 2.012339e-14 2.970392e-10 2.970645e-10 fanout385
 5.185278e-15 1.865636e-14 2.970392e-10 2.970630e-10 fanout381
 9.143143e-15 5.481279e-14 2.969734e-10 2.970374e-10 max_cap235
 8.722978e-15 3.696840e-14 2.965541e-10 2.965997e-10 max_cap210
 8.494002e-15 5.010548e-14 2.964836e-10 2.965422e-10 fanout470
 8.374215e-15 3.819763e-14 2.964836e-10 2.965302e-10 fanout469
 7.228507e-15 2.867794e-14 2.959641e-10 2.960000e-10 fanout476
 6.767551e-15 3.539942e-14 2.958827e-10 2.959249e-10 max_cap473
 7.066592e-15 2.447395e-14 2.958561e-10 2.958876e-10 fanout477
 6.335361e-15 2.956124e-14 2.955947e-10 2.956306e-10 fanout412
 4.183910e-15 1.505977e-14 2.956026e-10 2.956218e-10 fanout436
 3.161226e-18 1.287522e-17 2.350879e-10 2.350880e-10 fanout1047
 3.157255e-18 1.281490e-17 2.350879e-10 2.350880e-10 fanout1050
 3.171960e-18 1.472220e-17 2.350879e-10 2.350880e-10 fanout1056
 3.163639e-18 1.364885e-17 2.350879e-10 2.350880e-10 fanout1058
 3.166291e-18 1.425635e-17 2.350879e-10 2.350880e-10 fanout1060
 3.150897e-18 1.125282e-17 2.350879e-10 2.350880e-10 fanout1067
 3.155973e-18 1.458824e-17 2.350879e-10 2.350880e-10 fanout1070
 3.167214e-18 1.612311e-17 2.350879e-10 2.350880e-10 fanout1073
 3.114195e-18 1.679917e-17 2.350877e-10 2.350877e-10 fanout1048
 3.126537e-18 1.709383e-17 2.350877e-10 2.350877e-10 fanout1055
 3.103698e-18 1.597998e-17 2.350877e-10 2.350877e-10 fanout1068
 3.113616e-18 1.461416e-17 2.350877e-10 2.350877e-10 fanout1076
 8.299184e-16 3.261157e-15 2.349275e-10 2.349316e-10 fanout356
 8.771397e-16 4.235155e-15 2.349242e-10 2.349293e-10 fanout577
 3.165101e-15 1.411348e-14 2.345422e-10 2.345595e-10 fanout500
 3.111957e-15 2.076553e-14 2.345352e-10 2.345591e-10 fanout517
 3.175018e-15 1.139486e-14 2.345422e-10 2.345568e-10 fanout494
 3.172295e-15 1.114569e-14 2.345422e-10 2.345565e-10 fanout522
 3.163082e-15 1.110176e-14 2.345422e-10 2.345565e-10 fanout523
 3.145870e-15 1.091003e-14 2.345422e-10 2.345563e-10 fanout495
 3.160548e-15 1.085991e-14 2.345422e-10 2.345562e-10 fanout533
 3.135675e-15 1.042991e-14 2.345422e-10 2.345558e-10 fanout502
 3.094982e-15 1.539147e-14 2.345352e-10 2.345537e-10 fanout538
 3.105776e-15 1.333171e-14 2.345352e-10 2.345516e-10 fanout537
 3.104358e-15 1.319403e-14 2.345352e-10 2.345515e-10 fanout529
 3.072681e-15 1.141329e-14 2.345352e-10 2.345497e-10 fanout497
 3.116184e-15 1.360137e-14 2.340367e-10 2.340534e-10 fanout583
 2.941251e-15 1.701262e-14 2.337918e-10 2.338117e-10 fanout217
 2.003842e-15 9.663268e-15 2.336472e-10 2.336588e-10 fanout422
 4.340600e-15 1.791131e-14 2.328660e-10 2.328883e-10 fanout442
 4.326401e-15 3.008123e-14 2.328498e-10 2.328842e-10 fanout628
 5.949692e-15 3.354453e-16 2.327073e-10 2.327136e-10 output12
 2.508485e-15 1.142128e-14 2.326246e-10 2.326385e-10 fanout188
 2.514957e-15 1.050272e-14 2.326246e-10 2.326376e-10 fanout378
 2.514297e-15 1.907040e-14 2.325939e-10 2.326155e-10 fanout189
 2.839479e-15 2.645086e-14 2.317610e-10 2.317903e-10 fanout403
 2.718051e-15 1.278824e-14 2.317610e-10 2.317765e-10 fanout395
 5.466234e-15 1.998466e-14 2.316864e-10 2.317118e-10 fanout653
 5.006400e-15 1.614513e-14 2.316023e-10 2.316234e-10 fanout684
 5.557115e-15 1.740234e-14 2.315955e-10 2.316184e-10 fanout687
 5.501559e-15 1.606489e-14 2.315592e-10 2.315808e-10 fanout670
 5.442777e-15 1.664465e-14 2.315581e-10 2.315802e-10 fanout652
 5.546139e-15 1.620535e-14 2.313620e-10 2.313838e-10 fanout690
 5.534003e-15 1.966325e-14 2.313537e-10 2.313789e-10 fanout738
 2.204461e-14 1.827575e-13 2.311707e-10 2.313755e-10 fanout710
 4.602222e-15 3.164060e-14 2.313382e-10 2.313745e-10 fanout775
 2.222885e-14 1.240795e-13 2.312170e-10 2.313633e-10 fanout793
 4.472678e-15 1.359186e-14 2.313382e-10 2.313563e-10 fanout770
 2.233901e-14 1.308344e-13 2.311960e-10 2.313492e-10 fanout726
 2.182040e-14 1.081838e-13 2.312187e-10 2.313487e-10 fanout704
 2.151989e-14 1.443075e-13 2.311689e-10 2.313348e-10 fanout789
 2.140252e-14 1.426549e-13 2.311707e-10 2.313347e-10 fanout709
 2.163891e-14 9.201887e-14 2.312170e-10 2.313306e-10 fanout786
 2.167788e-14 8.649409e-14 2.312187e-10 2.313268e-10 fanout700
 2.158395e-14 8.482628e-14 2.312187e-10 2.313251e-10 fanout707
 2.167816e-14 8.133391e-14 2.312187e-10 2.313217e-10 fanout703
 2.130411e-14 1.261298e-13 2.311707e-10 2.313181e-10 fanout699
 4.384265e-15 2.031407e-14 2.312917e-10 2.313164e-10 fanout768
 4.398315e-15 1.861341e-14 2.312917e-10 2.313147e-10 fanout772
 2.172696e-14 9.693289e-14 2.311960e-10 2.313146e-10 fanout725
 5.516708e-15 1.893382e-14 2.312883e-10 2.313128e-10 fanout673
 2.136188e-14 1.201865e-13 2.311707e-10 2.313122e-10 fanout701
 2.180850e-14 9.209345e-14 2.311960e-10 2.313099e-10 fanout724
 2.164273e-14 9.222974e-14 2.311960e-10 2.313099e-10 fanout715
 2.154828e-14 8.535954e-14 2.311960e-10 2.313029e-10 fanout721
 2.176922e-14 8.438924e-14 2.311960e-10 2.313022e-10 fanout717
 2.155918e-14 8.215541e-14 2.311960e-10 2.312997e-10 fanout712
 2.128234e-14 1.068750e-13 2.311707e-10 2.312988e-10 fanout708
 2.119541e-14 8.502269e-14 2.311707e-10 2.312769e-10 fanout698
 5.555464e-15 1.915510e-14 2.312407e-10 2.312655e-10 fanout677
 5.138787e-15 1.795675e-14 2.311490e-10 2.311721e-10 fanout655
 5.301423e-15 1.825554e-14 2.311376e-10 2.311612e-10 fanout668
 5.720503e-15 1.691908e-14 2.310538e-10 2.310764e-10 fanout645
 5.282147e-15 1.722744e-14 2.309903e-10 2.310128e-10 fanout686
 2.267613e-14 1.978545e-13 2.305953e-10 2.308158e-10 fanout355
 2.177853e-14 1.086114e-13 2.306503e-10 2.307807e-10 fanout306
 2.162327e-14 1.601284e-13 2.305953e-10 2.307771e-10 fanout327
 2.152443e-14 9.288711e-14 2.306503e-10 2.307647e-10 fanout354
 2.151347e-14 9.162139e-14 2.306503e-10 2.307634e-10 fanout345
 2.158282e-14 9.116851e-14 2.306503e-10 2.307630e-10 fanout310
 2.159992e-14 8.475343e-14 2.306503e-10 2.307566e-10 fanout302
 2.174735e-14 7.995456e-14 2.306503e-10 2.307520e-10 fanout325
 2.173287e-14 7.990540e-14 2.306503e-10 2.307519e-10 fanout311
 2.151944e-14 7.335694e-14 2.306503e-10 2.307452e-10 fanout348
 2.164348e-14 6.984642e-14 2.306503e-10 2.307418e-10 fanout353
 2.907571e-15 1.412701e-14 2.302993e-10 2.303163e-10 fanout908
 5.894954e-15 1.714446e-14 2.302695e-10 2.302925e-10 fanout688
 1.574123e-16 5.424189e-17 2.300745e-10 2.300747e-10 output18
 4.855927e-15 2.394349e-14 2.297348e-10 2.297636e-10 fanout590
 1.548054e-15 1.574056e-16 2.296144e-10 2.296161e-10 output17
 6.102287e-16 8.171623e-17 2.296042e-10 2.296049e-10 output62
 1.222895e-15 3.818585e-16 2.294183e-10 2.294199e-10 output28
 1.665356e-15 2.737232e-16 2.294149e-10 2.294169e-10 output41
 1.501805e-15 1.194139e-16 2.293616e-10 2.293633e-10 output57
 1.190144e-15 1.031725e-16 2.293526e-10 2.293539e-10 output60
 4.636543e-15 2.314684e-14 2.293175e-10 2.293452e-10 fanout931
 4.619397e-15 1.837766e-14 2.293175e-10 2.293404e-10 fanout912
 6.074051e-16 4.605511e-17 2.293379e-10 2.293385e-10 output36
 4.609018e-15 1.618939e-14 2.293175e-10 2.293383e-10 fanout929
 9.226886e-16 2.442168e-16 2.292925e-10 2.292937e-10 output35
 1.191491e-15 5.050962e-16 2.292699e-10 2.292715e-10 output33
 4.491863e-15 1.989079e-14 2.292460e-10 2.292704e-10 fanout923
 4.533753e-15 1.975734e-14 2.292460e-10 2.292703e-10 fanout913
 1.202872e-15 1.051917e-16 2.292540e-10 2.292553e-10 output59
 1.246808e-15 7.340002e-17 2.292438e-10 2.292451e-10 output58
 8.154412e-16 1.783541e-16 2.291928e-10 2.291938e-10 output61
 4.975355e-16 4.471299e-17 2.291905e-10 2.291911e-10 output39
 1.038521e-15 2.016355e-16 2.291735e-10 2.291747e-10 output34
 2.571855e-16 1.037999e-15 2.290647e-10 2.290660e-10 fanout820
 2.429397e-16 4.232269e-17 2.290647e-10 2.290650e-10 output40
 6.032232e-16 1.851282e-16 2.289808e-10 2.289816e-10 output37
 1.359906e-15 2.937036e-16 2.289117e-10 2.289133e-10 output52
 1.039207e-15 7.065010e-17 2.288822e-10 2.288834e-10 output38
 1.293813e-16 4.967120e-16 2.288267e-10 2.288273e-10 fanout817
 1.281221e-16 4.572300e-16 2.288267e-10 2.288273e-10 fanout819
 1.218125e-16 4.315819e-17 2.288267e-10 2.288269e-10 output22
 1.228890e-16 3.892302e-17 2.288267e-10 2.288269e-10 output25
 1.225136e-16 3.789780e-17 2.288267e-10 2.288269e-10 output27
 1.222851e-16 4.537619e-17 2.288267e-10 2.288269e-10 output30
 1.217273e-16 2.500988e-17 2.288267e-10 2.288269e-10 output19
 1.218489e-16 2.664960e-17 2.288267e-10 2.288269e-10 output20
 1.222140e-16 3.010402e-17 2.288267e-10 2.288269e-10 output21
 1.217461e-16 2.528735e-17 2.288267e-10 2.288269e-10 output23
 1.223459e-16 1.554139e-17 2.288267e-10 2.288268e-10 output24
 1.219249e-16 2.184951e-17 2.288267e-10 2.288268e-10 output26
 1.221615e-16 2.225147e-17 2.288267e-10 2.288268e-10 output29
 1.220671e-16 2.044793e-17 2.288267e-10 2.288268e-10 output31
 1.206351e-16 1.337765e-17 2.288267e-10 2.288268e-10 output32
 3.332166e-16 4.619673e-17 2.280628e-10 2.280632e-10 output63
 2.986523e-15 2.007606e-14 2.279484e-10 2.279714e-10 fanout784
 2.167613e-14 9.426375e-14 2.277432e-10 2.278591e-10 fanout274
 2.178287e-14 9.339094e-14 2.277432e-10 2.278584e-10 fanout279
 2.187048e-14 9.230413e-14 2.277432e-10 2.278574e-10 fanout269
 2.166463e-14 8.888428e-14 2.277432e-10 2.278538e-10 fanout285
 2.166427e-14 8.883997e-14 2.277432e-10 2.278537e-10 fanout287
 2.156264e-14 8.494881e-14 2.277432e-10 2.278497e-10 fanout282
 2.178051e-14 8.464514e-14 2.277432e-10 2.278496e-10 fanout276
 2.168492e-14 8.110222e-14 2.277432e-10 2.278460e-10 fanout278
 2.156475e-14 8.060781e-14 2.277432e-10 2.278454e-10 fanout268
 2.178423e-14 7.878728e-14 2.277432e-10 2.278438e-10 fanout293
 2.169127e-14 7.858496e-14 2.277432e-10 2.278435e-10 fanout298
 2.174167e-14 7.652426e-14 2.277432e-10 2.278415e-10 fanout295
 2.167183e-14 7.406983e-14 2.277432e-10 2.278390e-10 fanout273
 2.119910e-14 9.874340e-14 2.276524e-10 2.277723e-10 fanout300
 2.122742e-14 8.793090e-14 2.276524e-10 2.277616e-10 fanout288
 6.028836e-15 2.090967e-14 2.275494e-10 2.275764e-10 fanout680
 5.226408e-15 2.535597e-14 2.274241e-10 2.274547e-10 fanout1022
 2.145427e-16 2.438306e-17 2.273851e-10 2.273853e-10 output64
 2.174054e-14 1.016911e-13 2.271766e-10 2.273000e-10 fanout811
 2.194534e-14 9.871951e-14 2.271766e-10 2.272972e-10 fanout807
 2.174209e-14 8.487147e-14 2.271766e-10 2.272832e-10 fanout806
 2.165916e-14 1.675369e-13 2.270787e-10 2.272679e-10 fanout489
 2.140258e-14 1.264989e-13 2.270787e-10 2.272266e-10 fanout263
 2.137776e-14 1.205061e-13 2.270787e-10 2.272206e-10 fanout805
 2.139559e-14 1.142337e-13 2.270787e-10 2.272144e-10 fanout804
 2.138847e-14 1.126491e-13 2.270787e-10 2.272128e-10 fanout803
 2.141954e-14 1.048466e-13 2.270787e-10 2.272050e-10 fanout810
 2.121248e-14 9.579193e-14 2.270787e-10 2.271957e-10 fanout798
 2.127269e-14 8.962157e-14 2.270787e-10 2.271896e-10 fanout800
 2.125279e-14 8.425221e-14 2.270787e-10 2.271842e-10 fanout794
 4.559568e-15 2.725367e-14 2.270553e-10 2.270871e-10 fanout995
 4.495546e-15 2.330334e-14 2.270553e-10 2.270831e-10 fanout939
 4.512784e-15 1.706958e-14 2.270553e-10 2.270768e-10 fanout949
 4.468062e-15 1.707004e-14 2.270553e-10 2.270768e-10 fanout988
 4.498426e-15 1.675844e-14 2.270553e-10 2.270765e-10 fanout954
 4.450993e-15 1.499081e-14 2.270553e-10 2.270747e-10 fanout989
 4.439951e-15 1.364533e-14 2.270553e-10 2.270733e-10 fanout975
 5.475582e-15 1.731191e-14 2.269805e-10 2.270033e-10 fanout648
 5.458697e-15 1.716682e-14 2.269805e-10 2.270031e-10 fanout649
 4.378401e-15 2.168098e-14 2.269560e-10 2.269820e-10 fanout951
 4.379013e-15 1.972201e-14 2.269560e-10 2.269801e-10 fanout965
 4.409605e-15 1.887440e-14 2.269560e-10 2.269792e-10 fanout942
 4.446382e-15 1.875288e-14 2.269560e-10 2.269792e-10 fanout974
 4.387024e-15 1.862877e-14 2.269560e-10 2.269790e-10 fanout987
 4.413852e-15 1.852788e-14 2.269560e-10 2.269789e-10 fanout968
 4.379079e-15 1.757495e-14 2.269560e-10 2.269779e-10 fanout994
 4.397961e-15 1.708671e-14 2.269560e-10 2.269774e-10 fanout960
 4.392593e-15 1.633503e-14 2.269560e-10 2.269767e-10 fanout959
 4.390282e-15 1.521301e-14 2.269560e-10 2.269756e-10 fanout967
 4.393591e-15 1.397412e-14 2.269560e-10 2.269743e-10 fanout948
 5.486365e-15 2.332028e-14 2.268940e-10 2.269228e-10 fanout1010
 5.655326e-15 1.746409e-14 2.266983e-10 2.267214e-10 fanout667
 5.657365e-15 2.048202e-14 2.266654e-10 2.266915e-10 fanout654
 1.557866e-16 5.185449e-17 2.266155e-10 2.266157e-10 output47
 1.558867e-16 4.537749e-17 2.266155e-10 2.266157e-10 output49
 1.564267e-16 3.663105e-17 2.266155e-10 2.266157e-10 output55
 1.536069e-16 2.224076e-17 2.266155e-10 2.266157e-10 output42
 1.552663e-16 3.180967e-17 2.266155e-10 2.266157e-10 output43
 1.539022e-16 3.271662e-17 2.266155e-10 2.266157e-10 output46
 1.566766e-16 2.604488e-17 2.266155e-10 2.266157e-10 output48
 1.558241e-16 3.118684e-17 2.266155e-10 2.266157e-10 output50
 1.542508e-16 2.879427e-17 2.266155e-10 2.266157e-10 output51
 1.543643e-16 2.888870e-17 2.266155e-10 2.266157e-10 output54
 1.537195e-16 7.513635e-18 2.266155e-10 2.266157e-10 output44
 1.537849e-16 1.043233e-17 2.266155e-10 2.266157e-10 output45
 1.546206e-16 1.404719e-17 2.266155e-10 2.266157e-10 output53
 1.536225e-16 5.221848e-18 2.266155e-10 2.266157e-10 output56
 2.777028e-15 1.267603e-14 2.265917e-10 2.266072e-10 fanout595
 2.770129e-15 1.133402e-14 2.265917e-10 2.266058e-10 fanout600
 2.743722e-15 1.775157e-14 2.264867e-10 2.265072e-10 fanout598
 2.734302e-15 1.589954e-14 2.264867e-10 2.265053e-10 fanout602
 2.729372e-15 1.492481e-14 2.264867e-10 2.265043e-10 fanout604
 2.731356e-15 1.230652e-14 2.264867e-10 2.265017e-10 fanout592
 5.124607e-15 1.524411e-14 2.260942e-10 2.261146e-10 fanout641
 4.895241e-15 2.545172e-14 2.260346e-10 2.260650e-10 fanout253
 4.770253e-15 2.658647e-14 2.257570e-10 2.257883e-10 fanout371
 2.525317e-15 1.297847e-14 2.257689e-10 2.257844e-10 fanout392
 4.707766e-15 2.184011e-14 2.257570e-10 2.257835e-10 fanout370
 2.582190e-15 2.067988e-14 2.256537e-10 2.256770e-10 fanout193
 2.487841e-15 1.757958e-14 2.256537e-10 2.256738e-10 fanout190
 2.491573e-15 1.488272e-14 2.256537e-10 2.256711e-10 fanout391
 2.471490e-15 1.084913e-14 2.256537e-10 2.256671e-10 fanout382
 4.346407e-15 2.031926e-14 2.255162e-10 2.255408e-10 fanout457
 2.017681e-15 6.674957e-15 2.247285e-10 2.247372e-10 fanout427
 2.040647e-15 1.259825e-14 2.246005e-10 2.246151e-10 fanout430
 2.024193e-15 1.166892e-14 2.246005e-10 2.246142e-10 fanout431
 2.001588e-15 1.077557e-14 2.246005e-10 2.246133e-10 fanout439
 4.466148e-15 1.461546e-14 2.243568e-10 2.243759e-10 fanout588
 3.178192e-15 1.389703e-14 2.243568e-10 2.243738e-10 fanout586
 3.135201e-15 1.108301e-14 2.243568e-10 2.243710e-10 fanout176
 3.175018e-15 1.410512e-14 2.238513e-10 2.238685e-10 fanout559
 3.182908e-15 1.407520e-14 2.238513e-10 2.238685e-10 fanout540
 3.164215e-15 1.275076e-14 2.238513e-10 2.238672e-10 fanout562
 3.162394e-15 1.257079e-14 2.238513e-10 2.238670e-10 fanout543
 3.163932e-15 1.164721e-14 2.238513e-10 2.238661e-10 fanout547
 3.163661e-15 1.163633e-14 2.238513e-10 2.238661e-10 fanout557
 3.162618e-15 1.150527e-14 2.238513e-10 2.238659e-10 fanout556
 3.152091e-15 1.127893e-14 2.238513e-10 2.238657e-10 fanout545
 3.132483e-15 1.089987e-14 2.238513e-10 2.238653e-10 fanout570
 3.161949e-15 1.076376e-14 2.238513e-10 2.238652e-10 fanout567
 3.110526e-15 1.064713e-14 2.238513e-10 2.238650e-10 fanout566
 3.016319e-15 1.581588e-16 2.238513e-10 2.238544e-10 output15
 3.328432e-15 2.874868e-14 2.237125e-10 2.237445e-10 fanout573
 3.105871e-15 1.601822e-14 2.237125e-10 2.237316e-10 fanout542
 3.090086e-15 1.396061e-14 2.237125e-10 2.237295e-10 fanout551
 3.118476e-15 1.355277e-14 2.237125e-10 2.237291e-10 fanout561
 3.086503e-15 1.299360e-14 2.237125e-10 2.237285e-10 fanout552
 3.100891e-15 1.266326e-14 2.237125e-10 2.237282e-10 fanout568
 1.277242e-15 5.887636e-15 2.235577e-10 2.235649e-10 fanout145
 1.268348e-15 4.309922e-15 2.235577e-10 2.235633e-10 fanout144
 1.000121e-15 4.325855e-15 2.235101e-10 2.235155e-10 fanout146
 9.942020e-16 4.268330e-15 2.235101e-10 2.235154e-10 fanout147
 1.480857e-16 6.264658e-16 2.234761e-10 2.234769e-10 fanout103
 8.989601e-16 3.248580e-15 2.234671e-10 2.234712e-10 fanout362
 8.316374e-16 3.595978e-15 2.234659e-10 2.234704e-10 fanout359
 1.316468e-15 5.637878e-15 2.234383e-10 2.234452e-10 fanout196
 8.533822e-17 5.638403e-16 2.234093e-10 2.234099e-10 fanout89
 8.794094e-16 3.443269e-15 2.233235e-10 2.233278e-10 fanout361
 3.155380e-18 1.264744e-17 2.233073e-10 2.233073e-10 fanout1080
 3.140799e-18 1.058846e-17 2.233073e-10 2.233073e-10 fanout1093
 3.161245e-18 1.624859e-17 2.233073e-10 2.233073e-10 fanout1104
 1.600299e-18 7.217430e-18 2.232846e-10 2.232846e-10 fanout105
 1.599608e-18 8.133932e-18 2.232846e-10 2.232846e-10 fanout111
 1.565827e-18 5.416146e-18 2.232846e-10 2.232846e-10 fanout139
 1.566627e-18 5.577922e-18 2.232846e-10 2.232846e-10 fanout82
 1.578682e-18 5.959489e-18 2.232846e-10 2.232846e-10 fanout821
 1.584127e-18 6.055797e-18 2.232846e-10 2.232846e-10 fanout823
 1.598136e-18 6.627150e-18 2.232846e-10 2.232846e-10 fanout825
 1.611199e-18 6.366768e-18 2.232846e-10 2.232846e-10 fanout829
 3.169502e-18 2.050058e-17 2.231618e-10 2.231618e-10 fanout1139
 1.564775e-18 7.516546e-18 2.231388e-10 2.231388e-10 fanout826
 9.526593e-16 2.201884e-14 2.074671e-10 2.074900e-10 _21114_
 8.952453e-19 3.491888e-18 2.035854e-10 2.035854e-10 fanout99
 1.789009e-18 9.109582e-18 2.035774e-10 2.035774e-10 fanout1079
 1.775755e-18 5.685631e-18 2.035774e-10 2.035774e-10 fanout1111
 1.781572e-18 6.808642e-18 2.035774e-10 2.035774e-10 fanout1113
 1.775578e-18 6.402407e-18 2.035774e-10 2.035774e-10 fanout1120
 1.775703e-18 7.112369e-18 2.035774e-10 2.035774e-10 fanout1124
 1.775577e-18 5.888221e-18 2.035774e-10 2.035774e-10 fanout1126
 1.773882e-15 6.724629e-15 2.032050e-10 2.032135e-10 fanout173
 1.770271e-15 6.290721e-15 2.032050e-10 2.032131e-10 fanout177
 1.218200e-14 4.881625e-14 2.022046e-10 2.022656e-10 fanout264
 2.529261e-15 8.603385e-15 2.022476e-10 2.022587e-10 fanout953
 2.512273e-15 7.544319e-15 2.022476e-10 2.022577e-10 fanout956
 1.216146e-14 4.178361e-14 2.020035e-10 2.020574e-10 fanout286
 7.338335e-17 4.165995e-16 2.016191e-10 2.016196e-10 fanout818
 1.220673e-14 4.874613e-14 2.009721e-10 2.010331e-10 fanout332
 1.215230e-14 4.677109e-14 2.009721e-10 2.010310e-10 fanout312
 1.220907e-14 4.387589e-14 2.009721e-10 2.010282e-10 fanout304
 1.218023e-14 4.383063e-14 2.009721e-10 2.010281e-10 fanout316
 1.211375e-14 3.933903e-14 2.009721e-10 2.010236e-10 fanout329
 3.106947e-15 7.720815e-15 2.008515e-10 2.008623e-10 fanout643
 1.223874e-14 4.393953e-14 2.007785e-10 2.008347e-10 fanout714
 3.090794e-15 8.451539e-15 2.007457e-10 2.007573e-10 fanout674
 4.461023e-16 1.726788e-15 1.997883e-10 1.997905e-10 fanout91
 1.796366e-15 8.183430e-15 1.997706e-10 1.997806e-10 fanout156
 1.783954e-15 8.409147e-15 1.995913e-10 1.996014e-10 fanout160
 1.788600e-15 8.045199e-15 1.995913e-10 1.996011e-10 fanout164
 1.784498e-15 7.705916e-15 1.995913e-10 1.996008e-10 fanout170
 1.786100e-15 7.398311e-15 1.995913e-10 1.996004e-10 fanout162
 1.779010e-15 7.389094e-15 1.995913e-10 1.996004e-10 fanout159
 1.775747e-15 7.066921e-15 1.995913e-10 1.996001e-10 fanout510
 1.784016e-15 6.902296e-15 1.995913e-10 1.995999e-10 fanout169
 1.785276e-15 6.722190e-15 1.995913e-10 1.995998e-10 fanout168
 1.778538e-15 6.641151e-15 1.995913e-10 1.995997e-10 fanout524
 1.775602e-15 5.740149e-15 1.995913e-10 1.995988e-10 fanout158
 7.577272e-16 4.069163e-15 1.994952e-10 1.995000e-10 fanout198
 3.604694e-17 1.225459e-16 1.994196e-10 1.994197e-10 fanout94
 2.656859e-18 9.325187e-18 1.994003e-10 1.994003e-10 fanout831
 2.656436e-18 7.335639e-18 1.994003e-10 1.994003e-10 fanout850
 2.666230e-18 1.143535e-17 1.994003e-10 1.994003e-10 fanout852
 2.660062e-18 7.669839e-18 1.994003e-10 1.994003e-10 fanout860
 2.656977e-18 7.044285e-18 1.994003e-10 1.994003e-10 fanout867
 2.666645e-18 9.293769e-18 1.994003e-10 1.994003e-10 fanout869
 2.659415e-18 8.240026e-18 1.994003e-10 1.994003e-10 fanout877
 2.659202e-18 8.212946e-18 1.994003e-10 1.994003e-10 fanout879
 2.663324e-18 8.737554e-18 1.994003e-10 1.994003e-10 fanout881
 2.686553e-18 1.070646e-17 1.994003e-10 1.994003e-10 fanout899
 1.762045e-18 5.528764e-18 1.993976e-10 1.993977e-10 fanout1031
 1.775101e-18 7.189999e-18 1.993976e-10 1.993977e-10 fanout1033
 1.782732e-18 6.786427e-18 1.993976e-10 1.993977e-10 fanout1035
 1.786959e-18 9.221243e-18 1.993976e-10 1.993977e-10 fanout1040
 1.778781e-18 6.283063e-18 1.993976e-10 1.993977e-10 fanout1042
 1.779858e-18 6.420366e-18 1.993976e-10 1.993977e-10 fanout1043
 4.674468e-18 1.594336e-17 1.993910e-10 1.993910e-10 fanout121
 2.817730e-16 3.182341e-15 1.986447e-10 1.986481e-10 _12087_
 2.550410e-16 3.176611e-15 1.986119e-10 1.986153e-10 _12009_
 2.484465e-17 3.509413e-16 1.985763e-10 1.985767e-10 _12282_
 3.111022e-16 4.196482e-15 1.979643e-10 1.979688e-10 _12163_
 1.124536e-16 1.423662e-15 1.968897e-10 1.968913e-10 _12181_
 8.962306e-16 2.770713e-14 1.966800e-10 1.967086e-10 _20760_
 7.595166e-17 9.173283e-16 1.958869e-10 1.958879e-10 _12194_
 5.702023e-17 9.074822e-16 1.954873e-10 1.954882e-10 _12027_
 2.136848e-18 2.658353e-17 1.948089e-10 1.948090e-10 _12103_
 9.215033e-19 1.072302e-17 1.948076e-10 1.948076e-10 _11991_
 1.254966e-18 2.889284e-18 1.938689e-10 1.938689e-10 input9
 1.256792e-15 4.195112e-15 1.932498e-10 1.932552e-10 input10
 7.973113e-16 1.388175e-15 1.928059e-10 1.928081e-10 input6
 6.165698e-17 2.115119e-16 1.920153e-10 1.920156e-10 _24774_
 6.161598e-17 1.996049e-16 1.920153e-10 1.920156e-10 _24776_
 6.137324e-17 1.399198e-16 1.920153e-10 1.920156e-10 _24770_
 6.134750e-17 1.337295e-16 1.920153e-10 1.920155e-10 _24775_
 6.131329e-17 1.254996e-16 1.920153e-10 1.920155e-10 _24772_
 6.131892e-17 9.993849e-17 1.920153e-10 1.920155e-10 _24773_
 6.094352e-17 7.748980e-17 1.920153e-10 1.920155e-10 _24777_
 6.061388e-17 4.739837e-17 1.920153e-10 1.920155e-10 _24771_
 7.373878e-15 2.291062e-14 1.918306e-10 1.918609e-10 input8
 1.759296e-15 3.989525e-15 1.910045e-10 1.910102e-10 input4
 4.857519e-17 1.293751e-16 1.907765e-10 1.907767e-10 _24762_
 4.831886e-17 1.313150e-16 1.907765e-10 1.907767e-10 _24768_
 4.822504e-17 1.094938e-16 1.907765e-10 1.907766e-10 _24765_
 4.821042e-17 1.060925e-16 1.907765e-10 1.907766e-10 _24766_
 4.817612e-17 9.811557e-17 1.907765e-10 1.907766e-10 _24769_
 4.812915e-17 8.718848e-17 1.907765e-10 1.907766e-10 _24764_
 4.816968e-17 9.661671e-17 1.907765e-10 1.907766e-10 _24767_
 4.795902e-17 6.815435e-17 1.907765e-10 1.907766e-10 _24763_
 9.647947e-16 2.753336e-15 1.905562e-10 1.905599e-10 input7
 1.812769e-15 2.342860e-15 1.905320e-10 1.905362e-10 input2
 1.939637e-15 3.527164e-15 1.904238e-10 1.904292e-10 input3
 1.552276e-15 3.536476e-15 1.900853e-10 1.900904e-10 input5
 1.796452e-15 4.465346e-15 1.899431e-10 1.899493e-10 input1
 1.831086e-19 4.350392e-18 1.895724e-10 1.895724e-10 _12309_
 1.762565e-19 1.832091e-18 1.895724e-10 1.895724e-10 _18066_
 1.676753e-19 2.335366e-18 1.895724e-10 1.895724e-10 _18223_
 1.501292e-18 3.057522e-17 1.895601e-10 1.895601e-10 _13969_
 1.098791e-16 1.853777e-15 1.894816e-10 1.894835e-10 _15007_
 2.146641e-15 4.712522e-15 1.894646e-10 1.894715e-10 wire157
 3.580310e-16 4.963187e-15 1.893442e-10 1.893495e-10 _12321_
 3.540654e-16 6.065516e-15 1.891406e-10 1.891470e-10 _12319_
 5.625287e-16 1.549556e-14 1.883377e-10 1.883538e-10 _12315_
 1.875471e-17 3.501407e-16 1.882309e-10 1.882313e-10 _12274_
 8.571065e-17 1.450536e-15 1.879598e-10 1.879613e-10 _12093_
 9.022396e-17 1.484206e-15 1.879593e-10 1.879609e-10 _12098_
 2.584362e-17 4.778529e-16 1.879210e-10 1.879215e-10 _12276_
 1.521099e-16 2.280829e-15 1.878233e-10 1.878257e-10 _12232_
 1.244501e-16 1.989401e-15 1.878137e-10 1.878158e-10 _11986_
 1.112669e-16 1.806708e-15 1.876928e-10 1.876947e-10 _12018_
 1.197411e-15 3.488736e-15 1.875742e-10 1.875789e-10 fanout163
 1.644541e-16 2.867269e-15 1.874686e-10 1.874717e-10 _12185_
 1.381897e-16 2.240211e-15 1.874673e-10 1.874696e-10 _12253_
 3.206285e-16 4.629964e-15 1.874380e-10 1.874430e-10 _11939_
 1.942714e-16 3.262398e-15 1.874043e-10 1.874077e-10 _12108_
 1.546112e-16 2.256103e-15 1.874038e-10 1.874062e-10 _12265_
 7.105919e-16 9.474511e-15 1.873276e-10 1.873378e-10 _11941_
 6.182987e-16 8.557054e-15 1.873002e-10 1.873094e-10 _12065_
 5.861061e-16 8.374953e-15 1.872957e-10 1.873046e-10 _12101_
 2.025878e-16 2.966398e-15 1.872879e-10 1.872910e-10 _12118_
 6.722512e-16 1.046921e-14 1.872774e-10 1.872885e-10 _12256_
 5.954534e-16 9.482864e-15 1.872678e-10 1.872779e-10 _12010_
 5.971875e-16 7.618269e-15 1.872673e-10 1.872756e-10 _12132_
 7.027538e-16 8.843379e-15 1.872641e-10 1.872737e-10 _11929_
 1.200058e-18 5.033888e-18 1.872685e-10 1.872685e-10 fanout1032
 1.202076e-18 5.347599e-18 1.872685e-10 1.872685e-10 fanout1036
 3.378420e-16 4.426971e-15 1.872628e-10 1.872675e-10 _12020_
 6.346586e-16 9.324039e-15 1.872546e-10 1.872645e-10 _11952_
 6.780976e-16 9.462097e-15 1.872514e-10 1.872615e-10 _11954_
 6.509959e-16 1.105656e-14 1.872317e-10 1.872435e-10 _12142_
 5.705615e-16 7.955449e-15 1.872313e-10 1.872398e-10 _12254_
 5.167130e-16 8.064796e-15 1.872304e-10 1.872389e-10 _12186_
 6.420958e-16 9.037422e-15 1.872285e-10 1.872382e-10 _12000_
 5.659104e-16 7.434411e-15 1.872258e-10 1.872338e-10 _12022_
 1.783169e-16 2.771165e-15 1.872176e-10 1.872205e-10 _12042_
 5.176413e-16 7.684290e-15 1.872076e-10 1.872158e-10 _12200_
 6.414222e-16 1.023139e-14 1.871989e-10 1.872097e-10 _12143_
 7.027782e-16 9.570784e-15 1.871975e-10 1.872078e-10 _12091_
 7.471020e-16 1.073411e-14 1.871948e-10 1.872062e-10 _12109_
 7.885389e-16 1.075182e-14 1.871943e-10 1.872059e-10 _12236_
 1.726184e-16 3.023760e-15 1.871961e-10 1.871993e-10 _12152_
 5.994049e-17 1.828314e-15 1.871939e-10 1.871957e-10 _12286_
 6.992405e-16 9.241395e-15 1.871843e-10 1.871942e-10 _12213_
 1.587185e-16 2.514452e-15 1.871856e-10 1.871883e-10 _11918_
 6.273491e-16 8.839076e-15 1.871615e-10 1.871709e-10 _11919_
 1.263915e-16 2.151301e-15 1.871610e-10 1.871633e-10 _12199_
 1.676557e-16 2.772949e-15 1.871578e-10 1.871607e-10 _11996_
 7.043820e-16 1.121885e-14 1.871436e-10 1.871556e-10 _12244_
 1.953629e-16 3.454680e-15 1.871518e-10 1.871555e-10 _11975_
 1.161701e-16 2.228980e-15 1.871528e-10 1.871551e-10 _12290_
 7.426520e-16 9.805329e-15 1.871217e-10 1.871323e-10 _12079_
 1.429270e-16 2.546534e-15 1.870578e-10 1.870605e-10 _12221_
 1.549489e-16 2.281516e-15 1.870213e-10 1.870238e-10 _11951_
 5.930878e-16 1.657372e-14 1.870040e-10 1.870211e-10 _21942_
 1.724876e-16 3.075025e-15 1.869807e-10 1.869839e-10 _12032_
 1.709328e-16 2.937669e-15 1.868994e-10 1.869025e-10 _12064_
 1.762191e-16 2.378802e-15 1.868497e-10 1.868523e-10 _12243_
 1.365356e-16 1.928147e-15 1.867310e-10 1.867331e-10 _12075_
 1.773255e-16 2.556498e-15 1.867141e-10 1.867169e-10 _12054_
 5.169307e-16 8.370770e-15 1.861527e-10 1.861616e-10 _22150_
 6.794658e-17 9.856301e-16 1.859258e-10 1.859269e-10 _12216_
 4.528422e-16 8.695262e-15 1.858893e-10 1.858985e-10 _21801_
 4.325752e-16 1.192003e-14 1.858003e-10 1.858127e-10 _22124_
 3.566220e-17 4.542344e-16 1.853274e-10 1.853279e-10 _12207_
 3.038807e-17 4.327076e-16 1.852279e-10 1.852284e-10 _12037_
 2.131685e-17 2.620803e-16 1.852147e-10 1.852150e-10 _12248_
 1.232223e-17 1.772073e-16 1.851905e-10 1.851907e-10 _11970_
 1.841766e-17 2.494995e-16 1.850851e-10 1.850853e-10 _12147_
 1.086857e-17 1.920430e-16 1.850307e-10 1.850309e-10 _11945_
 4.785285e-18 7.460984e-17 1.849760e-10 1.849761e-10 _12260_
 7.437241e-18 1.059877e-16 1.849500e-10 1.849501e-10 _11913_
 1.346621e-17 2.099045e-16 1.849458e-10 1.849461e-10 _12228_
 6.035064e-18 8.598732e-17 1.848778e-10 1.848779e-10 _12070_
 1.086156e-17 1.534766e-16 1.848509e-10 1.848511e-10 _12005_
 1.005004e-17 1.397732e-16 1.848509e-10 1.848511e-10 _12004_
 1.208820e-18 1.553503e-17 1.848240e-10 1.848240e-10 _12124_
 1.357080e-19 9.752151e-19 1.774872e-10 1.774872e-10 _12298_
 1.352363e-19 2.132939e-18 1.774872e-10 1.774872e-10 _12301_
 1.384664e-19 1.907788e-18 1.774872e-10 1.774872e-10 _12302_
 1.297231e-19 7.798325e-19 1.774872e-10 1.774872e-10 _12306_
 1.316451e-19 1.264610e-18 1.774872e-10 1.774872e-10 _12307_
 1.305331e-19 1.145362e-18 1.774872e-10 1.774872e-10 _12310_
 1.315012e-19 9.876272e-19 1.774872e-10 1.774872e-10 _12423_
 1.223410e-19 5.988790e-19 1.774872e-10 1.774872e-10 _12619_
 1.224069e-19 5.917617e-19 1.774872e-10 1.774872e-10 _12829_
 1.251722e-19 4.639794e-19 1.774872e-10 1.774872e-10 _12939_
 1.190429e-19 3.546654e-19 1.774872e-10 1.774872e-10 _13317_
 1.217384e-19 5.072637e-19 1.774872e-10 1.774872e-10 _13391_
 1.264396e-19 1.006553e-18 1.774872e-10 1.774872e-10 _13523_
 1.228500e-19 5.989682e-19 1.774872e-10 1.774872e-10 _13575_
 1.233580e-19 6.288782e-19 1.774872e-10 1.774872e-10 _13614_
 1.215045e-19 5.151524e-19 1.774872e-10 1.774872e-10 _13688_
 1.193942e-19 3.063911e-19 1.774872e-10 1.774872e-10 _13721_
 1.225921e-19 5.725197e-19 1.774872e-10 1.774872e-10 _13831_
 1.186125e-19 2.751489e-19 1.774872e-10 1.774872e-10 _13903_
 1.234137e-19 6.494021e-19 1.774872e-10 1.774872e-10 _13978_
 1.201983e-19 4.853708e-19 1.774872e-10 1.774872e-10 _14050_
 1.179374e-19 2.683755e-19 1.774872e-10 1.774872e-10 _14124_
 1.315952e-19 1.765212e-18 1.774872e-10 1.774872e-10 _14198_
 1.321477e-19 1.131943e-18 1.774872e-10 1.774872e-10 _14274_
 1.272698e-19 6.393225e-19 1.774872e-10 1.774872e-10 _14346_
 1.226719e-19 4.525134e-19 1.774872e-10 1.774872e-10 _14381_
 1.202403e-19 3.587436e-19 1.774872e-10 1.774872e-10 _14492_
 1.202806e-19 4.913183e-19 1.774872e-10 1.774872e-10 _14564_
 1.305670e-19 1.298106e-18 1.774872e-10 1.774872e-10 _14770_
 1.220430e-19 5.440783e-19 1.774872e-10 1.774872e-10 _14853_
 1.237235e-19 6.680653e-19 1.774872e-10 1.774872e-10 _14924_
 1.322240e-19 1.253203e-18 1.774872e-10 1.774872e-10 _16170_
 6.901697e-19 7.478946e-18 1.774868e-10 1.774868e-10 _12300_
 1.167195e-18 1.342153e-17 1.774868e-10 1.774868e-10 _12303_
 6.146540e-19 2.602766e-18 1.774868e-10 1.774868e-10 _13351_
 1.200247e-18 8.226258e-18 1.774863e-10 1.774863e-10 _12299_
 2.666583e-18 2.109771e-17 1.774861e-10 1.774861e-10 _12305_
 1.076164e-18 2.697518e-18 1.774840e-10 1.774840e-10 _13865_
 7.429067e-18 1.101435e-16 1.774836e-10 1.774837e-10 _12304_
 5.027388e-18 4.898735e-17 1.774831e-10 1.774832e-10 _12297_
 1.111140e-18 4.537228e-18 1.774831e-10 1.774831e-10 _14957_
 2.041523e-18 6.367377e-18 1.774829e-10 1.774829e-10 _13273_
 4.671191e-18 2.426023e-17 1.774819e-10 1.774820e-10 _14712_
 2.374721e-19 3.378786e-19 1.774814e-10 1.774814e-10 _12502_
 1.112902e-18 6.259633e-18 1.774808e-10 1.774808e-10 _13937_
 2.535778e-18 7.089718e-18 1.774804e-10 1.774804e-10 _14012_
 4.064704e-18 2.070523e-17 1.774776e-10 1.774776e-10 _13497_
 2.522339e-17 1.511541e-16 1.774699e-10 1.774700e-10 _12296_
 7.276350e-18 1.689502e-17 1.774612e-10 1.774612e-10 _13059_
 4.169253e-18 1.530886e-17 1.774600e-10 1.774601e-10 _12831_
 5.951112e-18 2.010614e-17 1.774589e-10 1.774589e-10 _12652_
 7.431008e-18 2.585055e-17 1.774587e-10 1.774587e-10 _14885_
 5.348532e-17 5.094280e-16 1.774539e-10 1.774545e-10 _12295_
 6.839343e-18 1.818608e-17 1.774473e-10 1.774473e-10 _13648_
 7.877596e-17 2.815994e-16 1.774420e-10 1.774424e-10 _15077_
 1.328914e-17 4.470698e-17 1.774422e-10 1.774423e-10 _14158_
 5.098779e-17 2.826429e-16 1.774418e-10 1.774421e-10 _12294_
 1.415738e-17 5.337924e-17 1.774411e-10 1.774412e-10 _14234_
 1.531319e-17 8.713264e-17 1.774386e-10 1.774387e-10 _13130_
 1.083619e-17 4.537200e-17 1.774345e-10 1.774345e-10 _12723_
 2.285985e-17 1.361458e-16 1.774281e-10 1.774283e-10 _13201_
 1.551209e-17 5.038772e-17 1.774281e-10 1.774282e-10 _12793_
 9.548126e-18 7.073127e-17 1.773594e-10 1.773595e-10 _13319_
 4.188356e-17 1.036399e-16 1.773544e-10 1.773545e-10 _14310_
 7.209610e-17 1.663529e-16 1.773126e-10 1.773128e-10 _14525_
 5.712249e-17 3.037008e-16 1.772948e-10 1.772952e-10 _13794_
 4.255946e-17 1.852690e-16 1.772800e-10 1.772802e-10 _18845_
 6.318661e-17 1.684667e-16 1.772250e-10 1.772252e-10 _14819_
 3.976483e-17 2.323190e-16 1.772213e-10 1.772216e-10 _13393_
 3.746786e-16 1.411749e-15 1.771720e-10 1.771738e-10 _15808_
 1.955159e-16 1.372370e-15 1.771695e-10 1.771711e-10 _19609_
 1.977230e-17 1.129732e-16 1.771490e-10 1.771491e-10 _14566_
 4.307683e-16 2.032641e-15 1.771022e-10 1.771047e-10 _17383_
 3.019569e-16 7.784603e-16 1.770988e-10 1.770998e-10 _18478_
 4.330786e-16 2.736748e-15 1.770876e-10 1.770907e-10 _19128_
 2.181727e-16 5.054137e-16 1.770876e-10 1.770883e-10 _20405_
 2.380597e-16 6.698306e-16 1.770718e-10 1.770727e-10 _19912_
 4.431177e-16 1.051778e-15 1.770650e-10 1.770665e-10 _15814_
 2.873546e-16 7.200779e-16 1.770477e-10 1.770487e-10 _21849_
 7.358828e-17 7.935310e-16 1.770408e-10 1.770417e-10 _11934_
 7.234199e-17 5.255043e-16 1.770408e-10 1.770414e-10 _11935_
 7.519928e-17 4.509408e-16 1.770408e-10 1.770413e-10 _11936_
 3.339248e-16 4.734079e-16 1.770382e-10 1.770390e-10 _22059_
 7.969288e-17 7.050375e-16 1.770312e-10 1.770320e-10 _11938_
 3.220221e-16 4.638515e-16 1.770286e-10 1.770294e-10 _23464_
 9.189961e-17 4.501916e-16 1.769995e-10 1.770000e-10 _14454_
 3.212775e-16 1.571249e-15 1.769906e-10 1.769925e-10 _20952_
 3.540454e-16 8.614733e-16 1.769744e-10 1.769756e-10 _22614_
 3.184937e-16 8.597786e-16 1.769491e-10 1.769502e-10 _20246_
 3.823303e-16 7.460117e-16 1.769232e-10 1.769243e-10 _22990_
 3.475274e-16 9.651199e-16 1.769107e-10 1.769120e-10 _22879_
 3.802332e-16 5.640753e-16 1.769094e-10 1.769104e-10 _23676_
 3.704968e-16 6.065312e-16 1.769010e-10 1.769020e-10 _23362_
 4.011709e-16 1.803280e-15 1.768806e-10 1.768828e-10 _20850_
 3.916460e-16 6.459679e-16 1.768787e-10 1.768797e-10 _22900_
 3.976353e-16 5.681930e-16 1.768364e-10 1.768374e-10 _21456_
 3.984236e-16 5.800772e-16 1.768319e-10 1.768328e-10 _23600_
 3.876800e-16 6.862087e-16 1.768202e-10 1.768213e-10 _22736_
 1.361037e-17 1.786991e-16 1.768165e-10 1.768166e-10 _12272_
 1.349796e-17 1.583149e-16 1.768165e-10 1.768166e-10 _12273_
 3.696496e-16 8.321716e-16 1.768070e-10 1.768082e-10 _21917_
 5.565475e-17 6.530389e-16 1.767950e-10 1.767957e-10 _12086_
 4.644072e-16 1.023376e-15 1.767888e-10 1.767903e-10 _11904_
 4.141030e-16 3.581068e-15 1.767736e-10 1.767776e-10 _21180_
 5.009237e-16 4.231028e-15 1.767690e-10 1.767737e-10 _20035_
 4.458724e-16 4.323107e-15 1.767685e-10 1.767733e-10 _17588_
 3.762921e-16 6.598049e-16 1.767705e-10 1.767715e-10 _23148_
 4.985955e-16 1.995548e-15 1.767660e-10 1.767685e-10 _17969_
 1.525661e-15 1.653619e-14 1.767500e-10 1.767681e-10 _12324_
 4.859241e-16 3.951162e-15 1.767630e-10 1.767675e-10 _20043_
 4.613480e-16 1.462147e-15 1.767637e-10 1.767657e-10 _11910_
 3.910550e-16 1.711900e-15 1.767617e-10 1.767638e-10 _12317_
 4.171148e-16 5.940704e-16 1.767524e-10 1.767534e-10 _23017_
 3.950656e-16 8.781951e-16 1.767520e-10 1.767533e-10 _22522_
 4.344463e-16 1.228745e-15 1.767375e-10 1.767392e-10 _11908_
 4.095696e-16 7.403850e-16 1.767358e-10 1.767369e-10 _23403_
 4.252577e-16 1.166018e-15 1.767321e-10 1.767337e-10 _22276_
 7.723570e-17 8.856113e-16 1.767309e-10 1.767318e-10 _12151_
 3.704287e-16 2.393790e-15 1.767279e-10 1.767307e-10 _12314_
 7.659684e-17 9.038583e-16 1.767133e-10 1.767143e-10 _12053_
 3.983285e-16 6.160354e-16 1.767120e-10 1.767130e-10 _23424_
 1.672880e-15 6.552804e-15 1.767035e-10 1.767117e-10 _11903_
 4.265057e-16 9.068302e-16 1.767082e-10 1.767095e-10 _22135_
 4.197198e-16 7.233917e-16 1.767082e-10 1.767093e-10 _22183_
 4.093896e-16 6.800810e-16 1.767079e-10 1.767090e-10 _21951_
 4.268782e-16 5.876554e-16 1.767073e-10 1.767083e-10 _22743_
 5.729062e-16 1.987633e-15 1.767012e-10 1.767038e-10 _19880_
 4.315890e-16 8.819044e-16 1.766988e-10 1.767001e-10 _23561_
 4.391608e-16 9.230701e-16 1.766981e-10 1.766995e-10 _22353_
 4.291378e-16 3.642875e-15 1.766930e-10 1.766971e-10 _17690_
 4.532624e-16 9.892213e-16 1.766925e-10 1.766940e-10 _11911_
 3.947913e-16 1.297559e-15 1.766891e-10 1.766908e-10 _22803_
 4.183689e-16 1.051307e-15 1.766865e-10 1.766880e-10 _22617_
 2.740520e-16 2.793569e-15 1.766820e-10 1.766851e-10 _21387_
 4.202778e-16 8.097373e-16 1.766805e-10 1.766818e-10 _22823_
 6.427930e-17 6.837709e-16 1.766809e-10 1.766816e-10 _12095_
 6.555021e-17 4.849468e-16 1.766809e-10 1.766814e-10 _12094_
 3.856332e-16 1.011879e-15 1.766762e-10 1.766776e-10 _22326_
 4.289824e-16 1.287066e-15 1.766754e-10 1.766771e-10 _19749_
 3.940488e-16 8.077053e-16 1.766577e-10 1.766589e-10 _21625_
 4.117127e-16 5.792221e-16 1.766577e-10 1.766587e-10 _23592_
 3.234297e-17 3.239211e-16 1.766531e-10 1.766534e-10 _12052_
 4.600594e-16 7.284698e-16 1.766404e-10 1.766416e-10 _23208_
 5.897104e-16 1.601507e-15 1.766184e-10 1.766206e-10 _19874_
 4.131610e-16 6.412076e-15 1.766106e-10 1.766174e-10 _22424_
 4.798747e-17 9.978051e-17 1.766145e-10 1.766146e-10 _13139_
 7.888491e-17 9.690821e-16 1.765889e-10 1.765900e-10 _11984_
 8.310557e-17 9.457275e-16 1.765889e-10 1.765899e-10 _11985_
 8.077186e-17 5.057848e-16 1.765889e-10 1.765895e-10 _11982_
 7.348456e-17 2.210257e-16 1.765889e-10 1.765892e-10 _11983_
 4.368915e-16 1.258973e-15 1.765782e-10 1.765799e-10 _15478_
 4.204036e-16 1.079924e-15 1.765783e-10 1.765798e-10 _23412_
 7.358502e-17 8.490535e-16 1.765535e-10 1.765545e-10 _12117_
 8.489746e-17 1.186243e-15 1.765526e-10 1.765539e-10 _12019_
 5.137637e-17 4.836624e-16 1.765497e-10 1.765502e-10 _12074_
 7.748657e-17 9.121709e-16 1.765474e-10 1.765484e-10 _12017_
 7.915829e-17 5.906701e-16 1.765474e-10 1.765481e-10 _12016_
 5.165051e-16 3.680623e-15 1.765378e-10 1.765420e-10 _17857_
 4.574215e-16 3.842492e-15 1.765346e-10 1.765389e-10 _15527_
 1.102231e-16 3.463555e-16 1.765049e-10 1.765054e-10 _12804_
 7.309073e-17 9.291043e-16 1.765031e-10 1.765041e-10 _11974_
 5.123450e-16 2.930609e-15 1.764935e-10 1.764970e-10 _18947_
 5.201656e-17 6.084243e-16 1.764924e-10 1.764930e-10 _11917_
 3.437148e-16 9.902647e-16 1.764230e-10 1.764243e-10 _21004_
 5.414060e-16 3.658106e-15 1.764171e-10 1.764213e-10 _14509_
 4.838381e-16 1.271679e-15 1.764018e-10 1.764035e-10 _11943_
 6.602149e-16 6.019566e-15 1.763947e-10 1.764014e-10 _11944_
 8.191776e-17 1.285959e-15 1.763924e-10 1.763938e-10 _12031_
 4.099148e-16 3.309537e-15 1.763769e-10 1.763806e-10 _11988_
 7.561302e-17 2.220492e-16 1.763796e-10 1.763799e-10 _15072_
 5.571447e-16 2.841331e-15 1.763742e-10 1.763776e-10 _12636_
 5.350568e-16 3.636843e-15 1.763678e-10 1.763719e-10 _11942_
 4.540118e-16 5.252955e-15 1.763568e-10 1.763625e-10 _12189_
 8.955603e-17 9.257291e-16 1.763600e-10 1.763610e-10 _12287_
 5.461719e-16 3.276301e-15 1.763445e-10 1.763483e-10 _12024_
 6.018925e-16 2.851957e-15 1.763447e-10 1.763482e-10 _13705_
 4.767128e-16 2.227676e-15 1.763449e-10 1.763476e-10 _12100_
 4.607784e-16 3.501391e-15 1.763408e-10 1.763448e-10 _12224_
 4.888304e-16 1.210121e-15 1.763429e-10 1.763446e-10 _12023_
 3.908550e-16 5.038475e-15 1.763386e-10 1.763440e-10 _12222_
 5.561332e-16 1.162585e-15 1.763417e-10 1.763435e-10 _12025_
 4.508890e-16 5.163867e-15 1.763363e-10 1.763419e-10 _12266_
 2.467654e-16 1.317049e-15 1.763395e-10 1.763410e-10 _12076_
 4.843457e-16 3.432766e-15 1.763360e-10 1.763400e-10 _12201_
 4.960146e-16 3.005043e-15 1.763356e-10 1.763391e-10 _12187_
 4.753168e-16 2.722902e-15 1.763322e-10 1.763354e-10 _12069_
 5.411116e-16 5.431299e-15 1.763292e-10 1.763352e-10 _11955_
 5.593101e-16 5.590222e-15 1.763290e-10 1.763351e-10 _19566_
 7.071081e-16 2.371534e-15 1.763313e-10 1.763343e-10 _12168_
 5.224413e-16 4.856110e-15 1.763274e-10 1.763328e-10 _12247_
 5.170977e-16 1.076527e-15 1.763306e-10 1.763322e-10 _12190_
 5.301079e-16 3.568654e-15 1.763278e-10 1.763319e-10 _14142_
 4.656164e-16 3.204562e-15 1.763278e-10 1.763315e-10 _13563_
 2.533681e-16 1.789534e-15 1.763294e-10 1.763315e-10 _14686_
 4.570933e-16 2.071547e-15 1.763283e-10 1.763308e-10 _12080_
 4.489420e-16 2.917772e-15 1.763267e-10 1.763300e-10 _11998_
 4.713460e-16 3.230530e-15 1.763246e-10 1.763283e-10 _11980_
 4.748050e-16 5.645048e-15 1.763217e-10 1.763278e-10 _12177_
 5.742613e-16 2.813945e-15 1.763226e-10 1.763260e-10 _12157_
 5.462157e-16 5.448379e-15 1.763198e-10 1.763258e-10 _12215_
 4.806816e-16 3.541996e-15 1.763217e-10 1.763257e-10 _12026_
 7.203603e-16 4.804057e-15 1.763201e-10 1.763256e-10 _12193_
 4.527635e-16 1.311057e-15 1.763233e-10 1.763250e-10 _12245_
 4.606121e-16 4.940298e-15 1.763185e-10 1.763239e-10 _12144_
 5.426665e-16 2.685414e-15 1.763205e-10 1.763238e-10 _12056_
 6.269762e-16 3.064507e-15 1.763201e-10 1.763238e-10 _19134_
 9.337711e-16 2.697803e-15 1.763189e-10 1.763226e-10 _20369_
 4.913093e-16 1.311918e-15 1.763189e-10 1.763207e-10 _12002_
 5.169116e-16 3.249698e-15 1.763150e-10 1.763188e-10 _12011_
 5.101495e-16 3.737076e-15 1.763141e-10 1.763184e-10 _11956_
 5.311340e-16 3.264959e-15 1.763132e-10 1.763170e-10 _13996_
 4.501295e-16 3.445488e-15 1.763123e-10 1.763162e-10 _11999_
 6.130770e-16 4.575334e-15 1.763105e-10 1.763157e-10 _12258_
 4.974095e-16 5.072742e-15 1.763100e-10 1.763156e-10 _12235_
 5.348577e-16 1.597499e-15 1.763132e-10 1.763154e-10 _12192_
 4.552417e-16 5.534845e-15 1.763087e-10 1.763147e-10 _12211_
 1.036889e-15 7.933159e-15 1.763052e-10 1.763142e-10 _15979_
 4.037788e-16 2.307286e-15 1.763114e-10 1.763141e-10 _12067_
 5.486538e-16 3.315459e-15 1.763091e-10 1.763130e-10 _14654_
 5.356454e-16 1.857914e-15 1.763100e-10 1.763124e-10 _12034_
 5.565179e-16 3.570110e-15 1.763082e-10 1.763123e-10 _12047_
 4.137606e-16 2.265880e-15 1.763096e-10 1.763122e-10 _12267_
 4.170906e-16 2.496781e-15 1.763082e-10 1.763111e-10 _12120_
 4.816749e-16 3.780604e-15 1.763066e-10 1.763109e-10 _11922_
 4.278180e-16 2.897032e-15 1.763071e-10 1.763104e-10 _12121_
 4.946976e-16 3.041640e-15 1.763068e-10 1.763104e-10 _12226_
 5.034866e-16 6.702268e-15 1.763029e-10 1.763101e-10 _12077_
 5.539205e-16 1.889176e-15 1.763075e-10 1.763100e-10 _11957_
 8.881008e-16 6.785794e-15 1.763023e-10 1.763099e-10 _19726_
 4.964641e-16 3.027744e-15 1.763064e-10 1.763099e-10 _12044_
 5.449462e-16 3.225168e-15 1.763057e-10 1.763095e-10 _13922_
 5.490861e-16 5.767865e-15 1.763029e-10 1.763093e-10 _12066_
 9.849819e-16 8.045374e-15 1.762998e-10 1.763088e-10 _19572_
 6.404979e-16 1.511026e-15 1.763062e-10 1.763083e-10 _12259_
 5.208532e-16 3.677224e-15 1.763036e-10 1.763078e-10 _14941_
 5.740116e-16 1.684222e-15 1.763055e-10 1.763077e-10 _12135_
 5.915895e-16 5.522185e-15 1.763016e-10 1.763077e-10 _14582_
 4.973378e-16 2.960426e-15 1.763039e-10 1.763073e-10 _12167_
 4.981776e-16 3.493252e-15 1.763027e-10 1.763067e-10 _13485_
 5.298743e-16 3.935507e-15 1.763020e-10 1.763065e-10 _12710_
 5.016866e-16 3.137805e-15 1.763023e-10 1.763059e-10 _12176_
 5.001308e-16 3.287856e-15 1.763018e-10 1.763056e-10 _12081_
 5.863064e-16 4.361630e-15 1.762991e-10 1.763040e-10 _14870_
 5.209897e-16 2.224578e-15 1.763009e-10 1.763037e-10 _17210_
 4.985640e-16 4.747394e-15 1.762984e-10 1.763036e-10 _12257_
 5.194063e-16 3.335283e-15 1.762998e-10 1.763036e-10 _12848_
 9.043167e-16 5.831580e-15 1.762968e-10 1.763035e-10 _15967_
 9.721535e-17 1.897512e-15 1.763014e-10 1.763034e-10 _12291_
 5.148932e-16 4.350155e-15 1.762979e-10 1.763028e-10 _12090_
 5.022790e-16 3.918191e-15 1.762982e-10 1.763026e-10 _14439_
 4.683507e-16 3.430653e-15 1.762986e-10 1.763025e-10 _12123_
 4.151076e-16 2.152493e-15 1.762995e-10 1.763021e-10 _12110_
 4.920184e-16 3.346653e-15 1.762982e-10 1.763020e-10 _14067_
 4.870295e-16 2.406870e-15 1.762991e-10 1.763020e-10 _12705_
 3.966658e-16 2.418637e-15 1.762991e-10 1.763019e-10 _11966_
 4.951614e-16 2.400376e-15 1.762984e-10 1.763013e-10 _12237_
 4.546485e-16 2.067092e-15 1.762986e-10 1.763011e-10 _12154_
 5.414357e-16 3.681156e-15 1.762968e-10 1.763010e-10 _13333_
 4.629846e-16 3.654049e-15 1.762968e-10 1.763009e-10 _12131_
 4.903638e-16 5.706327e-15 1.762925e-10 1.762987e-10 _12043_
 4.847745e-16 1.534325e-15 1.762963e-10 1.762984e-10 _12212_
 5.421208e-16 2.834203e-15 1.762950e-10 1.762983e-10 _12178_
 5.558368e-16 4.506378e-15 1.762931e-10 1.762982e-10 _11932_
 5.720006e-16 3.814267e-15 1.762931e-10 1.762975e-10 _12775_
 6.560266e-16 6.680230e-15 1.762902e-10 1.762975e-10 _13632_
 5.609131e-16 3.847241e-15 1.762913e-10 1.762957e-10 _13849_
 5.283378e-16 4.524412e-15 1.762906e-10 1.762957e-10 _12255_
 4.860843e-16 2.668606e-15 1.762925e-10 1.762956e-10 _12203_
 4.648217e-16 3.252959e-15 1.762918e-10 1.762955e-10 _12036_
 5.112718e-16 5.573545e-15 1.762890e-10 1.762951e-10 _12202_
 5.149725e-16 5.751131e-15 1.762886e-10 1.762948e-10 _11953_
 9.429081e-16 2.638609e-15 1.762904e-10 1.762940e-10 _16133_
 5.844169e-17 5.248246e-16 1.762931e-10 1.762937e-10 _12041_
 4.533449e-16 3.190459e-15 1.762886e-10 1.762922e-10 _11977_
 4.991261e-16 2.700196e-15 1.762883e-10 1.762916e-10 _13558_
 5.257744e-16 3.739007e-15 1.762872e-10 1.762915e-10 _13257_
 5.934805e-16 3.905465e-15 1.762870e-10 1.762915e-10 _16472_
 8.781564e-16 5.161133e-15 1.762852e-10 1.762912e-10 _18014_
 4.874827e-16 3.883603e-15 1.762865e-10 1.762909e-10 _12045_
 5.140754e-16 3.505465e-15 1.762856e-10 1.762896e-10 _12001_
 5.488507e-16 4.438395e-15 1.762842e-10 1.762892e-10 _12134_
 4.788434e-16 4.901351e-15 1.762838e-10 1.762892e-10 _12133_
 1.058029e-16 9.101680e-16 1.762872e-10 1.762882e-10 _12280_
 5.308466e-16 5.604604e-15 1.762820e-10 1.762881e-10 _12078_
 4.814171e-16 2.932774e-15 1.762840e-10 1.762874e-10 _14215_
 4.730014e-16 3.418359e-15 1.762833e-10 1.762872e-10 _11978_
 5.650490e-16 4.918127e-15 1.762810e-10 1.762865e-10 _12145_
 5.080699e-16 3.427802e-15 1.762815e-10 1.762854e-10 _13409_
 5.543984e-16 3.767284e-15 1.762810e-10 1.762854e-10 _15640_
 4.254438e-16 1.520869e-15 1.762833e-10 1.762853e-10 _14220_
 6.126751e-16 1.478002e-15 1.762813e-10 1.762834e-10 _12146_
 1.088011e-16 1.261728e-15 1.762820e-10 1.762833e-10 _12292_
 1.597712e-16 6.681679e-16 1.762824e-10 1.762832e-10 _13071_
 4.443052e-16 5.077906e-15 1.762758e-10 1.762813e-10 _12175_
 4.347924e-16 3.485098e-15 1.762774e-10 1.762813e-10 _11930_
 5.224099e-16 3.725774e-15 1.762769e-10 1.762812e-10 _12155_
 4.345861e-16 1.212108e-15 1.762779e-10 1.762795e-10 _14659_
 4.946689e-16 2.983898e-15 1.762753e-10 1.762788e-10 _14727_
 5.859400e-16 6.607006e-15 1.762701e-10 1.762773e-10 _12234_
 5.413948e-16 2.019711e-15 1.762735e-10 1.762761e-10 _12214_
 5.342883e-16 3.110968e-15 1.762724e-10 1.762760e-10 _20362_
 4.958568e-16 1.385754e-15 1.762737e-10 1.762756e-10 _11969_
 5.180938e-16 3.820116e-15 1.762712e-10 1.762756e-10 _13480_
 3.753603e-16 2.775514e-15 1.762724e-10 1.762755e-10 _12313_
 5.269398e-16 3.479880e-15 1.762708e-10 1.762748e-10 _12955_
 4.643417e-16 2.149052e-15 1.762717e-10 1.762743e-10 _12191_
 9.581611e-16 3.582692e-15 1.762692e-10 1.762737e-10 _19580_
 3.854993e-16 2.032616e-15 1.762699e-10 1.762723e-10 _11920_
 2.546963e-16 1.220698e-15 1.762708e-10 1.762722e-10 _14247_
 5.362639e-16 4.587229e-15 1.762669e-10 1.762720e-10 _14732_
 5.432272e-16 3.138368e-15 1.762680e-10 1.762717e-10 _13040_
 4.811711e-16 1.275094e-15 1.762699e-10 1.762716e-10 _13045_
 4.503137e-16 3.104244e-15 1.762673e-10 1.762709e-10 _13338_
 5.967539e-16 1.683217e-15 1.762678e-10 1.762701e-10 _16154_
 4.297249e-16 2.500282e-15 1.762671e-10 1.762701e-10 _12188_
 5.554307e-17 1.125375e-15 1.762682e-10 1.762694e-10 _12289_
 5.378697e-16 2.696668e-15 1.762639e-10 1.762672e-10 _14362_
 1.816150e-16 8.644295e-16 1.762651e-10 1.762661e-10 _14394_
 1.364018e-16 1.355360e-15 1.762635e-10 1.762650e-10 _12281_
 5.048870e-16 4.148459e-15 1.762591e-10 1.762638e-10 _12089_
 4.509890e-16 2.776721e-15 1.762585e-10 1.762617e-10 _12112_
 5.040291e-16 6.224971e-15 1.762537e-10 1.762604e-10 _12153_
 2.173208e-16 1.099631e-15 1.762562e-10 1.762575e-10 _12806_
 1.008157e-16 7.777323e-16 1.762521e-10 1.762529e-10 _12293_
 4.568281e-16 2.995066e-15 1.762479e-10 1.762514e-10 _14298_
 4.712370e-16 1.374666e-15 1.762479e-10 1.762498e-10 _14367_
 4.911953e-16 3.065524e-15 1.762395e-10 1.762431e-10 _14806_
 2.070588e-16 7.270615e-16 1.762395e-10 1.762404e-10 _18527_
 4.568542e-16 2.074349e-15 1.762219e-10 1.762245e-10 _13780_
 4.443453e-16 2.845177e-15 1.762146e-10 1.762179e-10 _14293_
 5.448432e-17 7.309102e-16 1.762146e-10 1.762154e-10 _12277_
 3.173330e-17 2.654313e-16 1.762133e-10 1.762136e-10 _12264_
 5.273360e-16 3.112151e-15 1.762082e-10 1.762119e-10 _14801_
 5.835623e-16 3.552895e-15 1.762018e-10 1.762060e-10 _17372_
 4.376478e-16 2.337588e-15 1.762030e-10 1.762058e-10 _13775_
 4.187396e-16 3.696215e-15 1.761982e-10 1.762023e-10 _22446_
 3.641222e-17 4.628280e-16 1.761811e-10 1.761816e-10 _11927_
 9.320109e-17 3.573909e-16 1.761795e-10 1.761799e-10 _13212_
 1.713282e-16 1.134077e-15 1.761729e-10 1.761742e-10 _13214_
 4.027150e-16 1.199008e-15 1.761373e-10 1.761389e-10 _21727_
 3.959875e-16 4.585546e-15 1.761140e-10 1.761190e-10 _21997_
 4.454111e-16 1.058258e-15 1.760835e-10 1.760850e-10 _22597_
 2.298350e-16 1.056224e-15 1.760629e-10 1.760641e-10 _12312_
 8.548813e-16 5.603485e-15 1.760412e-10 1.760476e-10 _16899_
 3.980334e-16 6.624613e-16 1.759975e-10 1.759985e-10 _23238_
 4.414710e-16 7.227118e-16 1.759968e-10 1.759980e-10 _21376_
 8.295378e-16 3.414131e-15 1.759907e-10 1.759950e-10 _15658_
 5.222862e-16 1.544766e-15 1.759894e-10 1.759914e-10 _18963_
 4.351097e-16 5.861497e-16 1.759877e-10 1.759887e-10 _21964_
 1.807764e-15 2.966990e-14 1.759572e-10 1.759887e-10 _12406_
 3.961363e-16 5.943881e-16 1.759865e-10 1.759875e-10 _23001_
 5.110304e-16 2.422444e-15 1.759802e-10 1.759832e-10 _18910_
 3.975814e-16 8.062163e-16 1.759813e-10 1.759825e-10 _22763_
 2.110964e-17 1.313901e-16 1.759798e-10 1.759799e-10 _11993_
 6.228747e-16 5.125217e-15 1.759727e-10 1.759785e-10 _18180_
 6.368552e-17 6.160267e-16 1.759761e-10 1.759768e-10 _12242_
 4.652838e-16 1.491769e-15 1.759736e-10 1.759756e-10 _11907_
 6.083680e-16 2.578924e-15 1.759663e-10 1.759695e-10 _15976_
 4.055412e-16 1.196296e-15 1.759548e-10 1.759564e-10 _22978_
 4.195880e-16 1.429713e-15 1.759521e-10 1.759539e-10 _21287_
 4.160954e-16 6.235083e-16 1.759470e-10 1.759481e-10 _21698_
 2.919281e-17 1.118096e-16 1.759462e-10 1.759464e-10 _14052_
 5.214590e-16 3.174709e-15 1.759408e-10 1.759445e-10 _15965_
 3.693294e-16 5.399998e-16 1.759386e-10 1.759395e-10 _23049_
 4.143628e-16 1.502704e-15 1.759358e-10 1.759378e-10 _21071_
 6.025897e-16 4.119081e-15 1.759330e-10 1.759377e-10 _18337_
 3.593988e-16 3.193898e-15 1.759332e-10 1.759368e-10 _22264_
 4.164228e-16 6.819674e-16 1.759322e-10 1.759333e-10 _23008_
 4.664434e-16 1.422157e-15 1.759271e-10 1.759290e-10 _11905_
 7.660555e-16 2.795573e-15 1.759246e-10 1.759281e-10 _17392_
 4.396933e-16 2.961453e-15 1.759218e-10 1.759252e-10 _18959_
 4.271860e-16 1.194546e-15 1.759233e-10 1.759249e-10 _23710_
 4.041987e-16 7.521192e-16 1.759206e-10 1.759217e-10 _22646_
 5.649294e-16 1.812043e-15 1.759159e-10 1.759183e-10 _20058_
 4.220380e-16 6.473522e-16 1.759171e-10 1.759182e-10 _22490_
 4.137172e-16 7.583634e-16 1.759144e-10 1.759156e-10 _21248_
 3.822915e-16 5.698078e-16 1.759103e-10 1.759112e-10 _22912_
 7.510875e-16 3.728250e-15 1.759036e-10 1.759081e-10 _19889_
 5.289350e-16 3.537696e-15 1.759001e-10 1.759042e-10 _18488_
 4.928529e-16 2.511962e-15 1.759004e-10 1.759034e-10 _20374_
 4.328517e-16 1.004326e-15 1.758948e-10 1.758962e-10 _22506_
 5.894624e-16 5.821315e-15 1.758894e-10 1.758958e-10 _16737_
 5.886234e-16 2.841413e-15 1.758876e-10 1.758910e-10 _19419_
 4.503137e-16 1.377369e-15 1.758888e-10 1.758907e-10 _20872_
 4.376927e-16 2.749428e-15 1.758855e-10 1.758887e-10 _16440_
 4.312020e-16 7.535049e-16 1.758843e-10 1.758855e-10 _23619_
 5.975058e-16 3.913774e-15 1.758798e-10 1.758843e-10 _19112_
 4.527483e-16 1.129648e-15 1.758813e-10 1.758829e-10 _23651_
 4.032145e-16 5.503102e-16 1.758799e-10 1.758809e-10 _21562_
 4.350913e-16 1.041254e-15 1.758783e-10 1.758798e-10 _22550_
 4.922758e-16 3.559578e-15 1.758753e-10 1.758793e-10 _19261_
 4.257864e-16 1.009188e-15 1.758749e-10 1.758763e-10 _23432_
 5.376761e-16 3.904852e-15 1.758650e-10 1.758694e-10 _19415_
 5.342364e-16 3.050774e-15 1.758616e-10 1.758651e-10 _18022_
 4.544163e-16 1.409254e-15 1.758566e-10 1.758584e-10 _11909_
 4.063559e-16 1.163723e-15 1.758568e-10 1.758583e-10 _16316_
 3.794828e-16 7.558681e-16 1.758507e-10 1.758519e-10 _23199_
 4.166842e-16 7.450152e-16 1.758496e-10 1.758508e-10 _23370_
 4.246036e-16 8.668527e-16 1.758471e-10 1.758484e-10 _21815_
 3.018238e-17 6.274726e-17 1.758438e-10 1.758439e-10 _15392_
 3.929403e-16 7.028493e-16 1.758423e-10 1.758434e-10 _22194_
 4.261755e-16 6.329958e-16 1.758398e-10 1.758408e-10 _21228_
 4.460812e-16 1.433443e-15 1.758349e-10 1.758367e-10 _11906_
 3.977976e-16 7.522047e-16 1.758354e-10 1.758366e-10 _22558_
 4.394432e-16 9.309611e-16 1.758352e-10 1.758366e-10 _22472_
 3.944423e-16 5.924848e-16 1.758341e-10 1.758351e-10 _23182_
 4.277406e-16 7.932278e-16 1.758336e-10 1.758348e-10 _22773_
 3.985171e-16 7.377041e-16 1.758336e-10 1.758347e-10 _21151_
 2.822228e-16 1.652180e-15 1.758312e-10 1.758331e-10 _13555_
 3.965366e-16 8.756488e-16 1.758286e-10 1.758299e-10 _22577_
 3.501216e-16 2.040933e-15 1.758260e-10 1.758284e-10 _13917_
 4.219532e-16 7.149198e-16 1.758238e-10 1.758249e-10 _22754_
 4.158504e-16 6.356918e-16 1.758231e-10 1.758242e-10 _23551_
 4.175788e-16 7.270703e-16 1.758167e-10 1.758179e-10 _22345_
 4.695410e-16 1.417356e-15 1.758104e-10 1.758123e-10 _11912_
 4.285414e-16 1.123819e-15 1.758083e-10 1.758098e-10 _22481_
 4.835469e-17 6.174500e-16 1.758077e-10 1.758084e-10 _12182_
 4.972801e-17 5.076423e-16 1.758077e-10 1.758083e-10 _12180_
 4.373550e-16 8.762064e-16 1.758019e-10 1.758032e-10 _23518_
 4.155383e-16 5.757786e-16 1.757989e-10 1.757999e-10 _23265_
 3.548704e-16 4.541606e-15 1.757888e-10 1.757937e-10 _22377_
 4.053698e-16 9.548493e-16 1.757905e-10 1.757918e-10 _23078_
 4.081838e-16 6.056179e-16 1.757893e-10 1.757904e-10 _22158_
 4.204687e-16 6.504269e-16 1.757866e-10 1.757877e-10 _23175_
 4.532598e-16 3.509249e-15 1.757799e-10 1.757838e-10 _17245_
 3.524164e-16 1.151953e-15 1.757774e-10 1.757788e-10 _21447_
 3.623584e-16 9.969132e-16 1.757654e-10 1.757667e-10 _20909_
 3.868326e-16 5.678687e-16 1.757631e-10 1.757641e-10 _22716_
 3.862938e-16 7.011646e-16 1.757578e-10 1.757589e-10 _22800_
 3.691681e-16 5.744021e-16 1.757574e-10 1.757583e-10 _23762_
 3.380011e-16 1.703998e-15 1.757522e-10 1.757543e-10 _21339_
 1.361477e-15 4.629139e-15 1.757454e-10 1.757514e-10 _23473_
 4.071235e-16 1.064397e-15 1.757439e-10 1.757454e-10 _22873_
 4.083987e-16 1.219165e-15 1.757430e-10 1.757446e-10 _23157_
 4.200140e-16 7.822958e-16 1.757405e-10 1.757417e-10 _22412_
 4.059434e-16 5.774929e-16 1.757378e-10 1.757387e-10 _21637_
 3.722530e-16 7.770721e-16 1.757362e-10 1.757373e-10 _23584_
 3.786019e-16 6.625207e-16 1.757362e-10 1.757372e-10 _22846_
 3.518533e-16 1.714236e-15 1.757328e-10 1.757349e-10 _21315_
 4.056823e-16 8.313822e-16 1.757250e-10 1.757262e-10 _23799_
 3.787603e-16 1.359214e-15 1.757165e-10 1.757183e-10 _22462_
 3.877925e-16 5.987261e-16 1.757097e-10 1.757107e-10 _23067_
 3.809878e-16 8.568241e-16 1.756928e-10 1.756940e-10 _22431_
 3.331583e-16 8.804920e-16 1.756797e-10 1.756809e-10 _21441_
 2.622314e-16 2.047050e-15 1.756749e-10 1.756772e-10 _13477_
 5.592925e-17 4.856923e-16 1.756740e-10 1.756745e-10 _12220_
 3.624406e-16 6.698197e-16 1.756732e-10 1.756742e-10 _21337_
 3.841612e-16 6.894006e-16 1.756716e-10 1.756726e-10 _23666_
 3.768040e-16 3.389866e-15 1.756614e-10 1.756652e-10 _20672_
 5.101276e-17 6.674114e-16 1.756639e-10 1.756646e-10 _12217_
 5.400963e-17 5.180891e-16 1.756639e-10 1.756645e-10 _12219_
 5.017743e-17 3.388386e-16 1.756639e-10 1.756643e-10 _12218_
 3.480936e-16 6.879164e-16 1.756613e-10 1.756623e-10 _23569_
 3.751700e-16 6.963339e-16 1.756570e-10 1.756580e-10 _23025_
 3.725895e-16 9.071885e-16 1.756510e-10 1.756523e-10 _22032_
 2.799384e-16 2.045713e-15 1.756443e-10 1.756466e-10 _14724_
 3.170847e-17 3.985356e-16 1.756345e-10 1.756349e-10 _11973_
 2.945723e-16 6.723362e-16 1.756112e-10 1.756122e-10 _21255_
 3.055200e-17 4.117853e-16 1.755989e-10 1.755993e-10 _12116_
 2.845184e-16 6.835504e-16 1.755628e-10 1.755638e-10 _21803_
 3.236246e-16 9.373989e-16 1.755619e-10 1.755632e-10 _21328_
 9.224200e-16 4.796598e-15 1.755475e-10 1.755532e-10 _21936_
 4.602227e-16 2.006186e-15 1.755400e-10 1.755425e-10 _16588_
 2.216123e-16 1.749054e-15 1.755341e-10 1.755360e-10 _12843_
 3.724563e-16 1.828486e-15 1.755316e-10 1.755338e-10 _17891_
 4.210699e-16 2.101745e-15 1.755295e-10 1.755320e-10 _20054_
 4.296218e-16 2.263915e-15 1.755245e-10 1.755272e-10 _15812_
 4.699419e-16 9.973788e-16 1.755211e-10 1.755225e-10 _15819_
 4.565433e-16 3.175064e-15 1.755181e-10 1.755217e-10 _17056_
 2.295870e-16 2.099224e-15 1.755176e-10 1.755200e-10 _14289_
 4.705978e-16 3.935327e-15 1.755138e-10 1.755182e-10 _17553_
 1.513254e-17 3.781206e-17 1.755156e-10 1.755156e-10 _12051_
 4.198702e-16 2.811120e-15 1.755092e-10 1.755124e-10 _18650_
 4.275390e-16 1.240966e-15 1.755092e-10 1.755109e-10 _18499_
 5.763276e-17 7.223605e-16 1.755094e-10 1.755102e-10 _12150_
 4.476023e-16 2.352510e-15 1.755051e-10 1.755079e-10 _19577_
 4.393348e-16 3.389748e-15 1.755037e-10 1.755075e-10 _20214_
 4.430189e-16 3.205513e-15 1.754985e-10 1.755021e-10 _15495_
 4.154935e-16 3.141396e-15 1.754978e-10 1.755013e-10 _17546_
 4.409390e-16 2.581704e-15 1.754964e-10 1.754994e-10 _17710_
 3.776230e-16 2.291472e-15 1.754960e-10 1.754986e-10 _19408_
 4.463863e-16 1.834770e-15 1.754955e-10 1.754978e-10 _17388_
 4.517813e-16 2.958756e-15 1.754925e-10 1.754960e-10 _17063_
 4.158733e-16 3.042510e-15 1.754893e-10 1.754928e-10 _20207_
 4.191530e-16 1.415607e-15 1.754871e-10 1.754889e-10 _18026_
 4.363484e-16 1.654760e-15 1.754838e-10 1.754859e-10 _16130_
 4.093691e-16 2.411471e-15 1.754827e-10 1.754855e-10 _16446_
 3.872743e-16 2.104700e-15 1.754718e-10 1.754743e-10 _17706_
 3.269843e-17 3.560265e-16 1.754727e-10 1.754731e-10 _12196_
 3.435025e-17 2.777838e-16 1.754727e-10 1.754730e-10 _12195_
 3.831143e-16 9.568454e-16 1.754713e-10 1.754727e-10 _15499_
 3.725621e-16 1.598877e-15 1.754693e-10 1.754712e-10 _16594_
 4.117454e-17 5.826671e-16 1.754690e-10 1.754696e-10 _12239_
 3.881590e-16 3.300618e-15 1.754658e-10 1.754695e-10 _16730_
 4.148466e-17 1.851221e-16 1.754690e-10 1.754692e-10 _12241_
 2.843768e-16 2.492141e-15 1.754651e-10 1.754679e-10 _21043_
 4.460162e-16 1.789878e-15 1.754604e-10 1.754626e-10 _19885_
 2.418896e-16 5.984989e-16 1.754601e-10 1.754610e-10 _22244_
 4.178815e-16 2.400282e-15 1.754549e-10 1.754577e-10 _17699_
 3.832846e-16 2.076058e-15 1.754464e-10 1.754489e-10 _18799_
 3.659575e-16 1.764423e-15 1.754421e-10 1.754442e-10 _19733_
 3.191989e-17 2.491839e-16 1.754394e-10 1.754396e-10 _15372_
 2.479216e-16 8.293952e-16 1.754375e-10 1.754386e-10 _23069_
 3.771896e-16 1.877120e-15 1.754359e-10 1.754382e-10 _18952_
 3.594218e-16 2.360843e-15 1.754346e-10 1.754373e-10 _18173_
 4.131572e-16 2.803614e-15 1.754298e-10 1.754330e-10 _18495_
 2.589063e-16 7.762516e-16 1.754302e-10 1.754313e-10 _21266_
 3.723947e-16 1.559659e-15 1.754275e-10 1.754294e-10 _17381_
 5.494179e-16 3.997275e-15 1.754211e-10 1.754256e-10 _16295_
 3.120860e-16 1.475306e-15 1.754231e-10 1.754249e-10 _20047_
 3.852411e-16 1.587687e-15 1.754174e-10 1.754194e-10 _20366_
 3.922694e-16 2.978812e-15 1.754076e-10 1.754110e-10 _15488_
 2.453860e-16 2.391529e-15 1.754067e-10 1.754094e-10 _21806_
 2.263207e-16 1.012382e-15 1.753921e-10 1.753934e-10 _21417_
 2.431805e-16 1.208372e-15 1.753882e-10 1.753897e-10 _21119_
 3.171397e-16 2.333427e-15 1.753775e-10 1.753802e-10 _18643_
 3.301359e-16 1.528620e-15 1.753748e-10 1.753766e-10 _19878_
 2.647544e-17 2.075850e-16 1.753647e-10 1.753650e-10 _12205_
 2.187418e-17 5.680838e-17 1.753392e-10 1.753392e-10 _12029_
 1.608572e-17 2.198479e-16 1.753271e-10 1.753273e-10 _12073_
 2.261563e-17 2.526326e-16 1.753150e-10 1.753153e-10 _12040_
 2.380348e-17 1.957960e-16 1.753150e-10 1.753152e-10 _12038_
 2.243511e-17 1.355119e-16 1.753150e-10 1.753151e-10 _12039_
 1.686715e-17 1.626655e-16 1.753084e-10 1.753085e-10 _12251_
 1.763677e-16 4.653504e-16 1.753047e-10 1.753053e-10 _21014_
 2.234006e-18 3.051106e-17 1.753029e-10 1.753029e-10 _15174_
 9.462176e-17 8.523936e-16 1.752960e-10 1.752970e-10 _14797_
 9.698946e-18 7.443175e-17 1.752962e-10 1.752963e-10 _11971_
 9.020744e-18 5.127760e-17 1.752962e-10 1.752963e-10 _11972_
 2.484124e-17 2.235109e-16 1.752931e-10 1.752933e-10 _12161_
 2.493510e-17 3.541936e-16 1.752670e-10 1.752674e-10 _12171_
 2.417668e-17 2.660891e-16 1.752670e-10 1.752673e-10 _12170_
 2.516590e-17 2.278354e-16 1.752670e-10 1.752673e-10 _12172_
 1.227537e-16 4.088830e-16 1.752531e-10 1.752537e-10 _20037_
 1.072679e-17 1.199249e-16 1.752504e-10 1.752505e-10 _11926_
 9.633880e-18 6.880013e-17 1.752497e-10 1.752498e-10 _11924_
 8.998171e-18 4.869664e-17 1.752497e-10 1.752498e-10 _11925_
 1.459526e-17 1.083017e-16 1.752435e-10 1.752437e-10 _12148_
 1.343000e-17 6.703736e-17 1.752435e-10 1.752436e-10 _12149_
 8.273818e-18 6.615836e-17 1.752301e-10 1.752301e-10 _11961_
 1.336463e-17 9.443453e-17 1.752216e-10 1.752217e-10 _11949_
 8.256140e-18 7.440755e-17 1.752164e-10 1.752165e-10 _11947_
 7.745778e-18 4.837067e-17 1.752164e-10 1.752164e-10 _11948_
 2.718547e-17 2.980138e-16 1.752134e-10 1.752137e-10 _12085_
 1.133776e-17 1.405671e-16 1.752130e-10 1.752131e-10 _11916_
 1.615868e-17 8.457889e-17 1.751967e-10 1.751968e-10 _12127_
 1.221790e-17 6.842962e-17 1.751942e-10 1.751943e-10 _12060_
 1.148531e-17 5.574287e-17 1.751942e-10 1.751943e-10 _12061_
 3.552918e-18 4.940805e-17 1.751890e-10 1.751890e-10 _12263_
 3.666306e-18 3.870499e-17 1.751890e-10 1.751890e-10 _12261_
 3.316277e-18 1.446334e-17 1.751890e-10 1.751890e-10 _12262_
 1.164859e-17 7.191512e-17 1.751874e-10 1.751875e-10 _12139_
 9.898608e-18 5.599049e-17 1.751867e-10 1.751868e-10 _12138_
 1.380843e-18 1.183957e-17 1.751842e-10 1.751842e-10 _12114_
 1.406316e-18 8.179223e-18 1.751842e-10 1.751842e-10 _12115_
 5.832991e-18 4.361359e-17 1.751760e-10 1.751760e-10 _11914_
 5.404129e-18 2.893945e-17 1.751760e-10 1.751760e-10 _11915_
 1.009018e-17 5.569617e-17 1.751739e-10 1.751740e-10 _12229_
 3.696354e-17 1.300747e-16 1.751509e-10 1.751510e-10 _19771_
 5.226133e-18 1.617887e-17 1.751495e-10 1.751495e-10 _12084_
 4.758576e-18 3.860707e-17 1.751399e-10 1.751400e-10 _12071_
 4.506589e-18 2.786461e-17 1.751399e-10 1.751399e-10 _12072_
 5.035428e-17 2.217563e-16 1.751354e-10 1.751356e-10 _15068_
 7.400886e-18 3.798491e-17 1.751265e-10 1.751265e-10 _12006_
 1.089611e-17 2.408163e-17 1.751135e-10 1.751135e-10 _19148_
 8.437396e-19 2.634839e-18 1.751130e-10 1.751130e-10 _12126_
 9.462201e-19 7.452238e-18 1.751125e-10 1.751125e-10 _12104_
 8.741708e-19 4.126652e-18 1.751125e-10 1.751125e-10 _12105_
 4.080648e-19 2.857414e-18 1.751121e-10 1.751121e-10 _12049_
 3.964926e-19 2.182269e-18 1.751121e-10 1.751121e-10 _12050_
 3.860821e-18 8.548840e-18 1.751080e-10 1.751080e-10 _12754_
 1.251298e-19 3.544971e-19 1.751062e-10 1.751062e-10 _12670_
 1.278774e-19 3.582898e-19 1.751062e-10 1.751062e-10 _12882_
 1.194852e-19 2.825049e-19 1.751062e-10 1.751062e-10 _13221_
 1.281738e-19 5.110317e-19 1.751062e-10 1.751062e-10 _13444_
 1.318569e-19 7.659843e-19 1.751062e-10 1.751062e-10 _13516_
 1.368605e-19 1.044169e-18 1.751062e-10 1.751062e-10 _13594_
 1.269368e-19 3.043208e-19 1.751062e-10 1.751062e-10 _13666_
 1.260237e-19 2.296869e-19 1.751062e-10 1.751062e-10 _13739_
 1.269128e-19 2.526967e-19 1.751062e-10 1.751062e-10 _13883_
 1.325531e-19 5.175779e-19 1.751062e-10 1.751062e-10 _13955_
 1.280569e-19 5.899224e-19 1.751062e-10 1.751062e-10 _14030_
 1.267669e-19 2.437620e-19 1.751062e-10 1.751062e-10 _14102_
 1.279729e-19 3.885077e-19 1.751062e-10 1.751062e-10 _14176_
 1.254280e-19 7.595827e-19 1.751062e-10 1.751062e-10 _14255_
 1.225407e-19 3.521140e-19 1.751062e-10 1.751062e-10 _14402_
 1.226777e-19 2.482682e-19 1.751062e-10 1.751062e-10 _14472_
 1.309765e-19 4.592965e-19 1.751062e-10 1.751062e-10 _14543_
 1.300554e-19 5.314649e-19 1.751062e-10 1.751062e-10 _14616_
 1.305851e-19 1.341587e-18 1.751062e-10 1.751062e-10 _14764_
 1.274817e-19 4.188445e-19 1.751062e-10 1.751062e-10 _14903_
 1.290519e-19 5.634363e-19 1.751062e-10 1.751062e-10 _14975_
