0 22 21 5
1 11 11 5
2 15 14 6
3 28 27 7
4 15 15 5
5 17 17 5
6 21 20 6
7 14 13 5
8 19 19 5
9 21 21 7
10 13 12 4
11 12 11 5
12 9 8 7
13 9 8 4
14 14 13 5
15 15 15 7
16 13 13 5
17 25 24 8
18 12 11 5
19 13 12 4
20 16 15 5
21 11 11 5
22 15 14 4
23 18 17 9
24 9 8 4
25 12 11 5
26 17 16 8
27 8 8 4
28 12 11 7
29 17 16 6
30 14 14 6
31 14 13 5
32 9 8 4
33 12 11 7
34 13 12 6
35 12 11 5
36 13 13 5
37 7 6 5
38 23 22 8
39 16 15 5
40 11 10 4
41 14 13 5
42 13 13 5
43 11 10 6
44 12 11 5
45 13 13 7
46 13 13 5
47 11 10 4
48 24 23 5
49 11 10 4
50 18 17 5
51 23 22 6
52 6 6 6
53 15 15 7
54 5 5 5
55 10 9 5
56 17 16 8
57 16 16 4
58 26 25 5
59 21 20 8
60 22 22 6
61 16 16 6
62 14 14 4
63 34 33 5
64 31 31 7
65 37 36 6
66 24 24 6
67 16 16 6
68 14 14 6
69 22 22 6
70 18 17 5
71 21 20 6
72 26 25 5
73 23 22 6
74 12 11 5
75 21 20 6
76 16 15 5
77 27 27 9
78 25 24 6
79 16 15 5
80 21 21 7
81 11 10 4
82 30 29 7
83 23 23 5
84 23 22 6
85 26 25 7
86 41 40 6
87 34 33 5
88 15 15 5
89 19 19 5
90 27 26 6
91 36 36 6
92 20 20 4
93 34 33 5
94 27 27 7
95 23 22 6
96 24 24 8
97 22 22 4
98 22 21 5
99 19 18 4
100 24 23 5
101 23 23 7
102 31 30 6
103 22 22 6
104 16 16 4
105 14 13 5
106 19 18 6
107 26 26 6
108 18 18 4
109 22 21 7
110 17 16 4
111 26 25 5
112 19 18 4
113 22 21 7
114 31 31 7
115 21 21 7
116 21 20 4
117 32 31 7
118 23 23 7
119 35 34 14
120 12 12 4
121 18 17 5
122 19 18 6
123 34 33 5
124 21 21 5
125 29 28 6
126 26 25 7
127 35 34 6
128 28 28 6
129 20 19 7
130 17 16 6
131 22 22 6
132 20 19 7
133 21 21 9
134 25 24 4
135 30 29 5
136 19 18 6
137 18 18 8
138 24 24 6
139 22 21 5
140 19 19 7
141 29 28 8
142 22 21 5
143 31 31 5
144 21 21 7
145 23 23 5
146 15 15 7
147 23 22 8
148 18 18 4
149 22 21 7
150 29 28 6
151 28 28 8
152 22 22 4
153 26 25 5
154 17 17 5
155 35 34 8
156 18 17 5
157 25 24 4
158 18 17 5
159 27 27 5
160 27 26 8
161 18 18 4
162 30 29 5
163 31 30 6
164 24 23 7
165 15 14 4
166 18 17 5
167 19 18 4
168 30 29 5
169 25 24 4
170 24 23 9
171 25 24 6
172 24 23 5
173 23 22 6
174 32 31 7
175 23 23 9
176 25 24 6
177 36 35 5
178 37 36 14
179 30 30 6
180 26 25 5
181 25 25 5
182 25 24 6
183 28 28 6
184 26 25 5
185 33 32 8
186 36 35 9
187 27 27 5
188 27 26 6
189 22 21 5
190 29 29 5
191 25 25 5
192 13 12 4
193 18 17 7
194 17 16 4
195 18 17 5
196 23 22 6
197 20 19 5
198 27 27 7
199 27 26 6
200 12 12 4
201 24 23 7
202 23 22 4
203 24 23 5
204 17 17 5
205 21 21 5
206 27 27 7
207 17 17 5
208 37 36 6
209 26 25 7
210 19 18 4
211 20 19 5
212 27 27 5
213 41 41 7
214 19 18 4
215 22 21 5
216 19 19 5
217 29 28 4
218 26 25 9
219 17 16 6
220 24 24 8
221 16 16 4
222 22 21 7
223 27 26 6
224 24 24 6
225 24 23 7
226 29 28 4
227 32 31 5
228 21 21 7
229 27 26 6
230 26 25 5
231 27 26 4
232 16 15 5
233 21 20 6
234 18 18 4
235 32 31 5
236 25 25 5
237 25 25 5
238 15 15 5
239 25 25 7
240 25 24 6
241 22 22 4
242 18 17 5
243 33 33 5
244 13 12 4
245 10 9 5
246 15 15 5
247 17 16 6
248 26 26 8
249 16 16 4
250 12 11 5
251 9 9 5
252 13 12 6
253 14 13 5
254 13 13 5
255 9 9 5
256 9 8 4
257 18 17 7
258 15 14 6
259 18 18 6
260 18 18 6
261 10 10 4
262 16 15 5
263 9 8 4
264 20 19 5
265 9 9 5
266 21 21 7
267 23 22 6
268 22 21 7
269 27 27 5
270 17 17 5
271 19 18 4
272 18 17 5
273 15 15 5
274 11 11 5
275 17 16 4
276 20 19 5
277 21 21 5
278 15 15 5
279 21 20 6
280 20 20 4
281 16 15 5
282 15 15 7
283 39 38 4
284 22 21 5
285 17 17 5
286 23 22 4
287 16 15 5
288 15 14 6
289 14 14 4
290 20 19 5
291 21 21 5
292 27 27 5
293 9 8 4
294 20 19 5
295 17 16 6
296 24 24 8
297 36 36 4
298 32 31 5
299 21 21 5
300 33 32 6
301 50 50 6
302 26 26 8
303 28 28 6
304 32 32 6
305 36 35 7
306 43 43 7
307 41 40 6
308 42 42 6
309 34 34 6
310 34 33 5
311 35 35 5
312 19 19 7
313 41 41 9
314 29 29 7
315 25 24 8
316 36 36 10
317 20 20 6
318 24 24 6
319 24 24 8
320 48 47 9
321 37 36 6
322 42 41 5
323 53 53 11
324 39 39 7
325 17 17 5
326 29 29 5
327 27 27 5
328 33 32 4
329 32 31 7
330 23 23 5
331 21 21 5
332 29 28 8
333 22 21 5
334 11 11 5
335 11 10 4
336 16 15 5
337 25 24 6
338 14 14 4
339 18 17 5
340 33 32 6
341 22 22 6
342 8 8 4
343 16 15 5
344 19 19 5
345 25 25 5
346 17 16 4
347 22 21 7
348 25 24 6
349 18 17 5
350 25 24 6
351 16 16 6
352 14 14 4
353 10 9 5
354 17 16 6
355 18 17 5
356 23 23 5
357 13 13 5
358 11 10 4
359 24 23 7
360 21 20 4
361 14 13 5
362 11 11 5
363 21 21 5
364 17 17 5
365 17 17 5
366 15 15 5
367 27 26 6
368 16 15 5
369 27 26 6
370 12 12 4
371 22 21 5
372 15 14 4
373 20 19 5
374 19 19 5
375 19 18 6
376 18 18 6
377 12 11 5
378 17 16 4
379 20 19 7
380 29 28 6
381 14 14 4
382 12 11 5
383 15 14 4
384 22 21 7
385 13 12 4
386 28 27 7
387 13 13 5
388 17 17 5
389 19 18 6
390 18 18 6
391 14 13 5
392 13 12 6
393 16 16 6
394 14 14 4
395 22 21 5
396 19 18 4
397 22 21 5
398 15 15 5
399 11 10 6
400 8 8 4
401 18 17 5
402 11 11 5
403 17 17 7
404 11 11 5
405 13 12 6
406 6 6 6
407 11 10 6
408 12 11 5
409 23 23 5
410 9 9 5
411 9 8 4
412 12 11 7
413 11 10 4
414 16 15 5
415 23 22 8
416 18 18 6
417 16 16 6
418 12 11 5
419 13 12 4
420 10 9 5
421 13 13 5
422 11 11 5
423 15 14 6
424 12 12 6
425 18 18 4
426 14 13 7
427 11 10 4
428 14 13 5
429 15 15 5
430 15 15 5
431 11 11 5
432 23 22 6
433 30 29 5
434 25 25 7
435 25 24 4
436 16 15 5
437 9 8 4
438 16 15 7
439 17 16 6
440 16 15 5
441 13 13 5
442 23 22 6
443 24 24 8
444 16 16 4
445 12 11 5
446 9 9 5
447 17 16 4
448 12 11 5
449 11 10 6
450 18 18 6
451 12 12 6
452 18 17 5
453 9 8 4
454 16 15 5
455 21 20 8
456 16 16 4
457 14 13 5
458 17 17 7
459 17 17 5
460 13 13 5
461 9 8 4
462 10 9 5
463 19 19 7
464 11 10 6
465 14 13 5
466 11 10 4
467 14 13 5
468 9 8 4
469 8 7 6
470 10 9 5
471 13 13 5
472 9 8 4
473 16 15 5
474 19 19 5
475 27 26 4
476 14 13 5
477 13 12 6
478 6 6 6
479 15 14 6
480 18 18 6
481 8 8 4
482 10 9 5
483 11 10 6
484 6 5 4
485 10 9 5
486 13 12 6
487 16 15 5
488 17 16 6
489 18 17 7
490 9 8 4
491 12 11 5
492 13 13 5
493 13 13 5
494 9 8 4
495 22 21 7
496 9 9 5
497 9 9 5
498 17 16 6
499 10 10 6
500 10 10 4
501 14 13 5
502 15 15 5
503 9 9 5
504 15 14 6
505 18 17 5
506 9 9 5
507 15 14 4
508 10 9 5
509 15 15 5
510 13 13 5
511 17 16 6
512 14 14 6
513 16 16 4
514 12 11 5
515 13 13 5
516 15 15 7
517 15 15 5
518 19 18 4
519 16 15 5
520 9 9 5
521 9 8 4
522 16 15 5
523 11 11 5
524 11 11 5
525 11 10 4
526 12 11 5
527 13 13 5
528 13 12 6
529 8 7 6
530 12 12 6
531 10 10 6
532 12 12 4
533 18 17 5
534 9 9 5
535 11 10 6
536 10 10 6
537 14 14 6
538 20 19 5
539 31 31 5
540 21 21 5
541 15 15 5
542 17 17 5
543 9 9 5
544 9 8 4
545 12 11 5
546 7 7 7
547 18 18 6
548 18 18 6
549 22 22 4
550 24 23 7
551 21 21 5
552 23 22 8
553 14 13 5
554 13 12 6
555 12 12 6
556 10 10 4
557 6 5 4
558 18 17 7
559 17 16 6
560 20 19 5
561 25 24 6
562 14 14 6
563 22 22 6
564 18 18 4
565 16 15 5
566 19 19 5
567 9 9 5
568 7 6 5
569 25 24 8
570 12 12 4
571 14 13 5
572 27 26 4
573 14 13 5
574 13 13 5
575 13 12 4
576 20 19 5
577 21 20 4
578 18 17 5
579 9 9 5
580 27 26 6
581 24 24 6
582 16 15 5
583 25 24 6
584 18 18 6
585 20 19 5
586 19 18 4
587 24 23 5
588 31 30 6
589 26 25 7
590 33 33 5
591 37 36 6
592 20 20 4
593 26 25 7
594 35 34 8
595 16 16 4
596 22 21 5
597 47 46 6
598 40 39 9
599 23 22 6
600 22 22 6
601 20 20 4
602 26 25 5
603 31 30 8
604 38 38 8
605 40 40 10
606 38 38 8
607 46 46 14
608 22 22 6
609 28 28 8
610 36 35 7
611 23 23 7
612 35 35 7
613 29 28 6
614 34 34 8
615 30 29 7
616 29 29 7
617 15 14 4
618 34 33 7
619 29 29 5
620 31 30 8
621 28 28 10
622 40 40 10
623 34 34 10
624 28 28 8
625 30 29 7
626 23 22 6
627 32 31 9
628 27 26 10
629 40 39 7
630 51 51 11
631 29 28 6
632 24 24 8
633 20 20 6
634 30 29 11
635 41 40 12
636 20 20 6
637 30 29 9
638 31 31 7
639 33 32 8
640 32 31 9
641 25 24 8
642 20 20 6
643 26 26 4
644 32 31 11
645 31 30 12
646 34 34 14
647 36 36 4
648 32 31 7
649 25 25 7
650 23 22 6
651 36 36 8
652 26 25 9
653 23 22 6
654 42 41 9
655 23 23 7
656 23 23 7
657 23 23 7
658 39 38 10
659 38 38 10
660 20 20 6
661 36 36 8
662 36 36 8
663 48 47 15
664 39 38 10
665 34 34 8
666 34 33 9
667 25 24 6
668 34 33 5
669 45 44 8
670 32 31 9
671 13 12 4
672 18 17 5
673 39 38 8
674 24 24 6
675 42 42 14
676 32 32 8
677 44 44 10
678 24 24 6
679 32 32 8
680 32 31 7
681 17 17 5
682 27 27 7
683 29 29 7
684 25 24 6
685 26 26 6
686 34 33 7
687 15 15 5
688 33 32 8
689 26 25 5
690 19 18 6
691 28 27 7
692 15 14 4
693 22 21 5
694 31 31 7
695 27 27 7
696 23 22 6
697 30 30 6
698 18 17 5
699 19 18 4
700 26 25 5
701 17 16 6
702 12 12 4
703 16 15 5
704 33 32 8
705 20 19 5
706 11 11 5
707 13 12 4
708 20 19 5
709 21 20 8
710 16 15 5
711 19 19 5
712 17 17 5
713 21 20 6
714 18 17 5
715 23 23 7
716 21 21 5
717 23 23 5
718 13 13 5
719 9 8 4
720 16 15 5
721 15 14 4
722 18 17 5
723 9 9 5
724 9 8 4
725 16 15 5
726 11 10 4
727 20 19 5
728 17 17 5
729 23 22 6
730 16 16 6
731 22 22 6
732 12 12 4
733 16 15 5
734 13 12 6
735 18 18 6
736 16 16 6
737 18 17 7
738 21 20 6
739 18 17 5
740 25 24 6
741 20 20 6
742 12 12 4
743 22 21 5
744 19 18 4
745 20 19 5
746 13 12 4
747 12 11 5
748 21 20 6
749 14 13 5
750 25 25 5
751 15 15 5
752 13 12 4
753 26 25 5
754 15 15 5
755 17 16 6
756 28 27 7
757 13 13 5
758 11 11 5
759 15 14 4
760 20 19 5
761 17 17 5
762 11 10 4
763 20 19 5
764 11 10 4
765 14 13 5
766 9 9 5
767 11 10 6
768 12 12 4
769 14 13 5
770 13 13 7
771 15 14 4
772 24 23 5
773 17 16 4
774 24 23 5
775 21 20 6
776 20 20 6
777 18 17 5
778 13 12 4
779 10 9 5
780 11 11 5
781 13 13 5
782 11 11 5
783 11 11 5
784 13 13 5
785 31 30 8
786 14 14 4
787 12 11 5
788 17 17 7
789 29 28 6
790 10 9 5
791 15 14 6
792 16 15 5
793 13 13 5
794 17 16 6
795 32 31 5
796 13 13 5
797 25 25 5
798 31 30 6
799 36 35 7
800 27 27 5
801 13 12 4
802 10 9 5
803 11 10 4
804 12 11 5
805 17 17 5
806 19 18 6
807 24 24 6
808 14 14 4
809 24 23 5
810 25 24 6
811 10 10 4
812 12 11 5
813 15 14 6
814 14 13 5
815 19 18 4
816 16 15 5
817 27 26 6
818 10 10 4
819 18 17 5
820 19 18 6
821 10 10 4
822 18 17 5
823 27 27 5
824 15 15 5
825 11 11 5
826 27 26 6
827 20 19 5
828 17 16 4
829 14 13 7
830 23 22 6
831 6 5 4
832 12 11 5
833 21 20 8
834 12 12 4
835 12 11 5
836 15 14 6
837 10 10 6
838 12 12 4
839 18 17 5
840 13 13 5
841 13 13 5
842 15 14 6
843 18 18 6
844 22 22 6
845 18 17 5
846 25 24 8
847 16 16 6
848 16 16 4
849 20 19 5
850 21 21 5
851 25 25 7
852 7 6 5
853 23 23 5
854 9 8 4
855 10 9 5
856 17 17 5
857 21 20 6
858 20 20 6
859 8 8 4
860 18 17 7
861 11 10 4
862 18 17 7
863 13 12 6
864 12 12 6
865 12 12 4
866 10 9 5
867 11 10 6
868 28 28 8
869 10 10 4
870 22 21 7
871 21 20 6
872 12 12 4
873 10 9 5
874 19 18 6
875 10 10 4
876 10 9 5
877 13 12 4
878 16 15 5
879 21 20 6
880 10 9 5
881 17 17 7
882 13 12 6
883 16 16 6
884 14 13 5
885 15 15 5
886 15 15 5
887 17 16 6
888 12 12 6
889 8 7 6
890 18 18 6
891 8 8 4
892 16 15 7
893 13 13 5
894 11 11 5
895 15 14 6
896 16 15 7
897 19 18 6
898 18 18 6
899 14 14 4
900 14 13 5
901 21 20 6
902 24 23 5
903 13 13 5
904 11 11 5
905 11 11 5
906 11 10 4
907 10 9 5
908 9 9 5
909 15 15 5
910 11 10 4
911 16 15 5
912 13 12 6
913 10 9 5
914 5 5 5
915 16 15 7
916 11 10 4
917 12 11 5
918 13 12 6
919 14 14 6
920 20 20 6
921 18 18 6
922 8 8 4
923 12 11 5
924 11 10 6
925 10 10 4
926 8 7 6
927 10 10 6
928 10 10 6
929 18 17 5
930 17 16 6
931 24 24 6
932 10 10 4
933 20 19 7
934 13 12 4
935 18 17 5
936 19 19 5
937 15 14 6
938 8 8 4
939 14 13 5
940 23 22 8
941 8 8 4
942 12 11 5
943 13 12 6
944 14 13 5
945 13 12 6
946 28 28 6
947 22 22 6
948 18 18 4
949 20 19 5
950 17 17 7
951 17 16 4
952 8 7 6
953 12 12 6
954 10 10 4
955 12 11 7
956 19 18 6
957 12 12 4
958 12 11 5
959 13 13 7
960 13 12 4
961 20 19 7
962 13 12 4
963 16 15 5
964 13 13 5
965 15 15 5
966 19 18 4
967 14 13 5
968 15 14 4
969 18 17 7
970 13 12 4
971 14 13 5
972 17 17 5
973 11 11 5
974 13 13 5
975 13 12 6
976 10 10 6
977 12 12 4
978 26 25 5
979 25 24 6
980 10 9 5
981 25 25 5
982 19 19 5
983 11 10 4
984 28 27 7
985 19 19 5
986 21 21 7
987 17 16 4
988 16 15 7
989 21 20 6
990 26 26 6
991 36 35 7
992 27 26 6
993 16 16 4
994 24 23 5
995 37 36 8
996 36 35 9
997 27 26 6
998 54 54 14
999 24 24 6
1000 24 24 4
1001 42 41 9
1002 31 30 10
1003 30 29 7
1004 27 26 6
1005 20 20 4
1006 28 27 7
1007 25 24 4
1008 38 37 5
1009 25 25 5
1010 25 25 7
1011 29 28 8
1012 30 30 8
1013 30 30 6
1014 22 22 6
1015 36 35 7
1016 27 26 6
1017 30 29 9
1018 33 32 8
1019 38 38 8
1020 22 21 5
1021 37 36 8
1022 22 21 7
1023 31 30 8
1024 24 24 6
1025 40 39 15
1026 23 23 5
1027 21 20 4
1028 26 25 5
1029 25 25 5
1030 15 14 6
1031 14 13 5
1032 13 12 4
1033 18 17 5
1034 21 21 5
1035 21 21 5
1036 27 26 6
1037 24 24 6
1038 26 25 7
1039 35 34 10
1040 26 26 12
1041 32 32 10
1042 36 35 9
1043 25 25 5
1044 33 33 7
1045 23 22 6
1046 20 20 6
1047 10 10 4
1048 28 27 5
1049 17 17 5
1050 13 13 5
1051 19 19 5
1052 21 21 5
1053 13 13 5
1054 31 31 5
1055 37 36 6
1056 24 23 5
1057 21 20 8
1058 22 21 7
1059 27 26 8
1060 22 22 4
1061 26 25 7
1062 33 33 7
1063 27 26 10
1064 22 22 6
1065 16 15 5
1066 27 27 5
1067 31 31 7
1068 23 22 6
1069 28 28 6
1070 30 30 10
1071 30 30 12
1072 16 16 6
1073 12 12 6
1074 24 24 6
1075 18 18 6
1076 22 22 4
1077 24 23 5
1078 7 6 5
1079 23 22 6
1080 22 22 6
1081 26 26 8
1082 22 22 6
1083 20 20 8
1084 26 26 8
1085 32 32 12
1086 22 22 8
1087 16 16 4
1088 20 19 5
1089 27 26 10
1090 20 20 6
1091 12 12 4
1092 28 27 9
1093 15 14 4
1094 16 15 7
1095 21 20 8
1096 26 25 9
1097 19 18 6
1098 26 25 7
1099 19 18 4
1100 22 21 5
1101 15 15 5
1102 9 9 5
1103 15 15 5
1104 19 19 7
1105 17 16 4
1106 12 11 5
1107 11 11 5
1108 29 28 8
1109 20 20 8
1110 28 27 11
1111 21 20 6
1112 24 24 12
1113 12 12 4
1114 26 25 5
1115 25 25 7
1116 25 24 8
1117 20 20 4
1118 22 21 5
1119 13 12 4
1120 22 21 7
1121 11 11 5
1122 17 17 7
1123 11 11 5
1124 15 14 4
1125 18 17 5
1126 13 12 4
1127 16 15 5
1128 21 20 6
1129 14 13 5
1130 9 8 4
1131 22 21 5
1132 15 14 4
1133 30 29 7
1134 15 14 6
1135 14 14 6
1136 16 16 4
1137 20 19 7
1138 13 13 5
1139 23 22 4
1140 18 17 5
1141 11 11 5
1142 9 9 5
1143 21 20 4
1144 14 13 5
1145 13 13 5
1146 23 22 6
1147 28 27 5
1148 21 21 5
1149 13 13 5
1150 29 28 6
1151 16 16 6
1152 12 12 6
1153 12 12 4
1154 20 19 7
1155 17 16 6
1156 16 16 4
1157 16 15 5
1158 17 16 6
1159 16 15 5
1160 23 23 5
1161 11 11 5
1162 13 12 6
1163 24 24 6
1164 12 12 4
1165 20 19 5
1166 19 18 6
1167 16 16 6
1168 14 14 4
1169 18 17 7
1170 15 15 5
1171 15 14 4
1172 18 17 5
1173 19 19 5
1174 15 14 4
1175 12 11 5
1176 11 10 4
1177 12 11 5
1178 13 12 4
1179 14 13 5
1180 17 16 6
1181 14 14 6
1182 6 6 6
1183 7 6 5
1184 17 16 6
1185 18 17 7
1186 11 11 5
1187 13 13 5
1188 9 9 5
1189 17 17 5
1190 15 14 8
1191 6 5 4
1192 18 17 7
1193 11 11 5
1194 7 6 5
1195 13 13 5
1196 11 10 4
1197 14 13 5
1198 17 16 6
1199 12 11 5
1200 27 26 6
1201 14 13 5
1202 23 22 8
1203 10 10 6
1204 8 8 4
1205 14 13 5
1206 17 17 7
1207 13 12 6
1208 16 16 4
1209 8 7 6
1210 12 11 5
1211 11 10 4
1212 24 23 7
1213 13 12 4
1214 14 13 5
1215 15 14 8
1216 16 16 4
1217 12 11 5
1218 15 14 6
1219 10 9 5
1220 11 11 7
1221 11 10 4
1222 12 11 5
1223 13 13 5
1224 11 11 7
1225 11 10 4
1226 10 9 5
1227 19 19 7
1228 11 10 4
1229 20 19 5
1230 9 8 4
1231 16 15 7
1232 9 9 5
1233 9 8 4
1234 12 11 5
1235 9 8 7
1236 19 18 6
1237 16 16 4
1238 6 5 4
1239 10 9 5
1240 11 11 5
1241 9 8 4
1242 12 11 5
1243 11 11 5
1244 21 20 6
1245 10 9 5
1246 13 12 6
1247 14 13 5
1248 9 9 5
1249 9 9 5
1250 9 9 5
1251 9 9 5
1252 11 10 6
1253 16 15 5
1254 19 18 6
1255 14 14 6
1256 16 15 5
1257 15 14 6
1258 10 9 5
1259 15 14 6
1260 16 16 4
1261 12 11 5
1262 5 5 5
1263 10 9 5
1264 7 7 7
1265 16 16 6
1266 6 5 4
1267 16 15 7
1268 11 11 5
1269 23 22 6
1270 16 15 5
1271 13 13 5
1272 13 13 5
1273 11 10 6
1274 12 12 6
1275 10 9 5
1276 15 14 6
1277 16 16 4
1278 18 17 5
1279 15 14 8
1280 18 18 6
1281 14 14 6
1282 18 17 5
1283 7 7 7
1284 18 18 4
1285 14 13 5
1286 9 9 5
1287 11 11 5
1288 13 12 4
1289 12 11 5
1290 17 16 6
1291 10 10 4
1292 16 15 7
1293 17 17 5
1294 17 16 6
1295 10 10 4
1296 18 17 5
1297 11 10 4
1298 10 9 5
1299 13 12 6
1300 12 12 6
1301 8 8 4
1302 22 21 5
1303 9 9 5
1304 13 12 4
1305 20 19 5
1306 13 12 4
1307 10 9 5
1308 9 8 7
1309 17 16 4
1310 14 13 5
1311 13 13 5
1312 9 9 5
1313 11 11 5
1314 23 22 8
1315 20 20 6
1316 6 6 6
1317 13 13 5
1318 9 8 4
1319 12 11 5
1320 9 9 5
1321 11 11 5
1322 11 10 4
1323 32 31 5
1324 15 14 4
1325 10 9 5
1326 9 8 4
1327 16 15 5
1328 13 13 5
1329 15 15 5
1330 15 15 5
1331 17 16 6
1332 12 12 6
1333 14 14 6
1334 18 18 6
1335 20 20 6
1336 24 23 5
1337 11 11 5
1338 17 17 5
1339 11 11 5
1340 11 10 4
1341 22 21 7
1342 13 12 4
1343 10 9 5
1344 25 24 6
1345 6 5 4
1346 18 17 5
1347 17 16 6
1348 18 17 5
1349 13 12 6
1350 24 24 6
1351 16 16 6
1352 12 12 6
1353 20 20 6
1354 12 12 6
1355 22 22 8
1356 14 13 5
1357 11 10 6
1358 20 20 4
1359 40 39 7
1360 17 17 5
1361 21 20 6
1362 20 20 4
1363 26 25 7
1364 19 18 4
1365 22 21 5
1366 19 19 5
1367 17 17 5
1368 17 16 6
1369 24 23 5
1370 19 19 5
1371 21 21 7
1372 17 16 4
1373 12 11 5
1374 27 26 6
1375 22 22 6
1376 18 18 4
1377 30 29 7
1378 21 20 6
1379 12 12 4
1380 16 15 5
1381 13 12 4
1382 28 27 5
1383 11 11 5
1384 21 20 6
1385 12 12 4
1386 16 15 5
1387 19 19 5
1388 25 24 4
1389 18 17 5
1390 15 14 6
1391 20 20 4
1392 24 23 7
1393 33 32 8
1394 16 15 5
1395 13 12 6
1396 16 16 6
1397 18 18 6
1398 16 16 6
1399 16 16 4
1400 24 23 7
1401 23 22 8
1402 26 26 6
1403 12 12 4
1404 14 13 5
1405 15 15 5
1406 7 7 7
1407 20 20 6
1408 20 19 5
1409 19 19 7
1410 13 12 4
1411 16 15 5
1412 13 13 5
1413 13 12 4
1414 20 19 7
1415 21 20 6
1416 18 18 6
1417 14 13 5
1418 19 18 6
1419 16 15 5
1420 19 19 5
1421 29 28 6
1422 22 22 6
1423 18 18 6
1424 16 16 6
1425 20 20 6
1426 18 18 6
1427 8 8 4
1428 12 11 5
1429 13 12 4
1430 14 13 7
1431 11 10 4
1432 14 13 5
1433 15 14 6
1434 12 11 7
1435 9 8 4
1436 10 9 5
1437 15 14 6
1438 10 10 6
1439 18 18 6
1440 8 8 4
1441 12 11 5
1442 9 8 4
1443 14 13 7
1444 9 8 4
1445 12 11 5
1446 13 12 4
1447 12 11 5
1448 11 11 5
1449 25 25 5
1450 13 12 4
1451 14 13 5
1452 17 17 5
1453 15 15 5
1454 15 14 6
1455 8 8 4
1456 12 11 5
1457 11 11 7
1458 15 14 6
1459 12 12 6
1460 10 10 4
1461 10 9 5
1462 9 9 5
1463 9 9 5
1464 13 13 5
1465 17 17 5
1466 11 11 5
1467 11 10 4
1468 16 15 7
1469 9 8 4
1470 10 9 5
1471 33 32 6
1472 14 14 6
1473 16 16 6
1474 12 12 6
1475 8 8 4
1476 18 17 5
1477 15 14 6
1478 22 22 6
1479 12 11 5
1480 15 15 5
1481 19 19 5
1482 17 17 5
1483 13 12 6
1484 12 11 5
1485 13 13 5
1486 27 27 7
1487 13 12 4
1488 16 15 5
1489 19 18 6
1490 12 12 6
1491 24 24 6
1492 22 22 6
1493 12 11 5
1494 29 28 4
1495 14 13 5
1496 27 26 8
1497 8 8 4
1498 34 33 5
1499 25 25 5
1500 43 42 6
1501 26 26 6
1502 18 17 5
1503 15 15 5
1504 43 42 8
1505 14 14 4
1506 30 29 5
1507 19 18 6
1508 30 30 8
1509 14 14 4
1510 18 17 5
1511 21 20 4
1512 24 23 5
1513 27 27 5
1514 9 9 5
1515 17 16 4
1516 30 29 5
1517 31 31 5
1518 17 16 4
1519 24 23 7
1520 21 20 6
1521 20 20 6
1522 26 26 6
1523 22 22 6
1524 24 24 6
1525 20 20 6
1526 20 19 5
1527 23 22 6
1528 14 14 4
1529 18 17 5
1530 23 22 4
1531 18 17 5
1532 19 18 6
1533 26 26 4
1534 32 31 7
1535 25 25 11
1536 17 16 4
1537 24 23 5
1538 29 28 6
1539 22 22 4
1540 24 23 5
1541 21 21 7
1542 41 40 6
1543 38 38 6
1544 28 28 6
1545 32 32 8
1546 18 18 4
1547 18 17 7
1548 17 17 5
1549 25 24 6
1550 28 28 6
1551 18 18 6
1552 16 15 5
1553 23 22 6
1554 24 24 8
1555 18 18 4
1556 14 13 5
1557 13 12 4
1558 26 25 5
1559 21 21 5
1560 15 14 4
1561 28 27 7
1562 19 18 4
1563 16 15 5
1564 19 18 6
1565 28 28 4
1566 28 27 7
1567 21 20 4
1568 20 19 5
1569 21 20 6
1570 20 20 6
1571 24 23 7
1572 21 20 6
1573 6 5 4
1574 32 31 5
1575 19 19 5
1576 23 22 6
1577 14 13 5
1578 19 18 6
1579 18 17 5
1580 19 18 4
1581 24 23 7
1582 25 24 6
1583 24 24 6
1584 20 20 6
1585 18 17 5
1586 23 22 4
1587 32 31 7
1588 17 17 5
1589 9 8 4
1590 22 21 7
1591 25 24 4
1592 10 9 5
1593 19 18 4
1594 24 23 7
1595 15 15 5
1596 19 18 4
1597 38 37 11
1598 17 17 5
1599 13 13 5
1600 15 14 6
1601 6 6 6
1602 25 24 4
1603 16 15 5
1604 19 18 6
1605 14 14 4
1606 16 15 5
1607 17 17 5
1608 19 18 6
1609 20 19 5
1610 15 15 7
1611 13 12 4
1612 20 19 7
1613 15 15 5
1614 13 13 5
1615 13 12 4
1616 26 25 7
1617 21 20 6
1618 14 14 4
1619 14 13 5
1620 23 23 5
1621 15 15 5
1622 15 15 5
1623 11 10 4
1624 20 19 5
1625 13 12 6
1626 16 16 6
1627 12 11 5
1628 11 11 5
1629 23 23 7
1630 11 10 4
1631 24 23 7
1632 15 14 4
1633 14 13 5
1634 25 25 5
1635 15 15 5
1636 17 16 4
1637 12 11 5
1638 13 12 4
1639 14 13 5
1640 19 19 5
1641 17 16 6
1642 14 14 4
1643 28 27 5
1644 23 23 5
1645 29 29 5
1646 23 23 5
1647 15 15 5
1648 19 19 5
1649 33 32 8
1650 28 27 5
1651 23 22 4
1652 22 21 5
1653 33 33 5
1654 29 29 7
1655 21 20 4
1656 26 25 7
1657 19 18 4
1658 36 35 7
1659 33 32 4
1660 30 29 7
1661 31 30 8
1662 24 24 6
1663 20 20 4
1664 18 17 5
1665 25 25 5
1666 31 30 6
1667 26 26 8
1668 18 18 6
1669 26 26 4
1670 22 21 7
1671 13 12 4
1672 20 19 5
1673 17 17 5
1674 13 13 5
1675 13 12 4
1676 28 27 7
1677 19 19 5
1678 13 12 6
1679 16 16 6
1680 16 16 4
1681 12 11 5
1682 19 19 5
1683 13 12 4
1684 16 15 5
1685 13 12 6
1686 6 6 6
1687 21 20 6
1688 20 20 8
1689 12 12 6
1690 10 10 4
1691 14 13 5
1692 17 16 4
1693 18 17 5
1694 11 11 5
1695 15 15 7
1696 11 10 4
1697 22 21 9
1698 11 10 4
1699 18 17 7
1700 11 10 6
1701 14 13 5
1702 15 14 6
1703 16 15 5
1704 7 6 5
1705 7 6 5
1706 7 7 7
1707 12 12 6
1708 12 12 6
1709 14 14 4
1710 20 19 5
1711 19 18 6
1712 16 15 7
1713 21 21 7
1714 11 10 4
1715 12 11 5
1716 11 10 4
1717 10 9 5
1718 15 15 5
1719 9 9 5
1720 17 17 5
1721 21 20 4
1722 20 19 5
1723 15 15 5
1724 17 16 6
1725 14 14 6
1726 10 10 4
1727 22 21 5
1728 29 28 6
1729 20 20 6
1730 18 18 6
1731 16 16 4
1732 12 11 5
1733 19 19 5
1734 21 20 6
1735 12 12 4
1736 10 9 5
1737 13 12 6
1738 14 14 6
1739 12 12 6
1740 12 11 5
1741 19 18 6
1742 10 10 4
1743 12 11 5
1744 11 11 5
1745 7 6 5
1746 15 15 5
1747 17 16 6
1748 12 12 4
1749 20 19 7
1750 13 12 4
1751 14 13 5
1752 11 10 4
1753 14 13 7
1754 13 12 6
1755 14 14 4
1756 14 13 7
1757 7 6 5
1758 15 14 6
1759 14 14 6
1760 12 11 5
1761 19 18 6
1762 26 26 6
1763 20 20 6
1764 14 13 7
1765 13 12 6
1766 10 10 6
1767 12 12 6
1768 14 14 4
1769 18 17 7
1770 17 16 6
1771 18 18 6
1772 10 10 4
1773 14 13 5
1774 17 17 5
1775 15 15 5
1776 19 18 6
1777 16 16 6
1778 12 12 6
1779 22 22 6
1780 10 10 4
1781 24 23 5
1782 21 20 6
1783 16 15 5
1784 19 18 8
1785 12 12 6
1786 6 6 6
1787 11 11 5
1788 15 15 7
1789 11 10 6
1790 12 12 4
1791 12 11 7
1792 9 9 5
1793 5 5 5
1794 14 13 5
1795 15 14 6
1796 14 13 5
1797 13 13 5
1798 15 15 5
1799 13 12 6
1800 16 15 5
1801 27 27 5
1802 9 9 5
1803 15 15 5
1804 13 12 6
1805 10 9 5
1806 13 12 6
1807 10 10 4
1808 14 13 5
1809 23 22 6
1810 18 18 6
1811 18 17 7
1812 13 13 5
1813 27 27 7
1814 25 24 6
1815 22 22 4
1816 18 17 5
1817 5 5 5
1818 18 17 5
1819 15 14 6
1820 16 15 5
1821 19 19 5
1822 23 23 5
1823 23 22 6
1824 12 12 4
1825 12 11 5
1826 15 14 4
1827 12 11 5
1828 23 22 6
1829 12 12 4
1830 12 11 5
1831 11 11 5
1832 11 11 5
1833 15 15 5
1834 15 14 6
1835 20 20 4
1836 16 15 5
1837 23 23 5
1838 15 15 5
1839 15 14 6
1840 18 17 5
1841 23 23 9
1842 23 22 4
1843 28 27 7
1844 33 32 6
1845 38 37 5
1846 13 13 5
1847 21 20 6
1848 32 32 6
1849 28 27 7
1850 33 32 8
1851 30 30 6
1852 18 18 6
1853 22 22 6
1854 32 32 10
1855 28 28 4
1856 18 17 5
1857 25 25 7
1858 21 20 4
1859 34 33 7
1860 29 28 8
1861 34 33 7
1862 39 39 9
1863 27 26 6
1864 24 24 6
1865 24 23 7
1866 31 30 6
1867 36 36 10
1868 24 24 4
1869 28 27 11
1870 39 39 11
1871 31 31 7
1872 35 34 12
1873 42 42 12
1874 24 23 5
1875 51 50 14
1876 24 24 6
1877 32 31 7
1878 25 24 6
1879 28 28 6
1880 34 33 9
1881 35 34 8
1882 32 32 10
1883 42 41 9
1884 33 32 14
1885 46 45 7
1886 23 22 4
1887 58 57 19
1888 25 25 5
1889 25 25 5
1890 23 22 6
1891 36 36 8
1892 26 26 6
1893 32 32 6
1894 32 32 4
1895 18 17 5
1896 11 11 5
1897 43 43 5
1898 55 55 9
1899 21 21 5
1900 25 24 8
1901 32 31 9
1902 29 28 6
1903 30 29 5
1904 29 28 6
1905 38 37 7
1906 35 34 8
1907 28 27 9
1908 41 40 10
1909 22 22 4
1910 26 25 5
1911 41 41 11
1912 51 50 16
1913 40 40 6
1914 36 35 7
1915 35 35 9
1916 25 24 6
1917 22 22 10
1918 50 50 10
1919 30 29 7
1920 43 42 8
1921 26 26 6
1922 40 39 9
1923 37 36 12
1924 34 33 9
1925 29 28 6
1926 30 30 12
1927 42 42 12
1928 48 47 9
1929 25 25 5
1930 23 23 5
1931 19 19 5
1932 25 24 4
1933 36 35 9
1934 23 22 4
1935 30 29 5
1936 37 37 9
1937 27 27 7
1938 39 38 8
1939 40 40 6
1940 32 31 9
1941 17 17 5
1942 25 24 4
1943 22 21 5
1944 25 25 9
1945 29 29 9
1946 29 28 6
1947 32 32 6
1948 22 22 6
1949 24 23 7
1950 25 25 5
1951 27 27 7
1952 17 17 5
1953 21 20 6
1954 18 18 4
1955 20 19 5
1956 25 24 6
1957 22 22 8
1958 18 18 4
1959 30 29 7
1960 27 26 6
1961 18 18 6
1962 22 22 6
1963 28 28 8
1964 24 24 6
1965 22 22 6
1966 20 19 5
1967 21 20 6
1968 20 20 6
1969 24 23 7
1970 21 21 5
1971 17 17 5
1972 25 25 7
1973 31 30 6
1974 22 22 6
1975 24 24 6
1976 10 10 4
1977 20 19 5
1978 19 18 4
1979 32 31 7
1980 21 20 6
1981 16 15 5
1982 13 13 5
1983 13 12 4
1984 18 17 7
1985 9 9 5
1986 19 19 7
1987 19 18 4
1988 14 13 5
1989 23 22 6
1990 18 17 5
1991 13 12 4
1992 12 11 5
1993 21 20 6
1994 16 15 5
1995 23 22 6
1996 14 14 6
1997 16 16 4
1998 6 5 4
1999 20 19 5
2000 13 13 5
2001 11 11 5
2002 13 13 5
2003 17 16 6
2004 20 20 4
2005 10 9 5
2006 23 22 8
2007 16 16 4
2008 8 7 6
2009 16 16 6
2010 12 12 4
2011 24 23 9
2012 15 14 4
2013 14 13 5
2014 23 22 6
2015 26 26 6
2016 20 19 5
2017 17 17 5
2018 11 10 6
2019 16 15 5
2020 19 19 5
2021 19 19 5
2022 19 19 7
2023 13 12 4
2024 14 13 5
2025 15 14 6
2026 18 18 4
2027 14 13 5
2028 17 16 6
2029 14 13 5
2030 7 6 5
2031 5 5 5
2032 10 9 5
2033 17 16 6
2034 16 15 5
2035 19 19 7
2036 23 22 6
2037 12 12 4
2038 12 11 5
2039 13 12 4
2040 12 11 5
2041 13 12 6
2042 10 9 5
2043 17 16 6
2044 16 15 5
2045 13 12 4
2046 28 27 7
2047 11 10 4
2048 10 9 5
2049 9 8 4
2050 12 11 5
2051 11 11 5
2052 5 5 5
2053 6 5 4
2054 12 11 7
2055 13 13 5
2056 17 16 6
2057 24 23 5
2058 27 27 7
2059 21 20 4
2060 18 17 5
2061 15 14 6
2062 18 17 5
2063 17 17 5
2064 13 13 5
2065 11 11 5
2066 13 12 4
2067 14 13 5
2068 15 14 6
2069 12 11 5
2070 23 22 6
2071 22 22 6
2072 20 20 6
2073 24 24 6
2074 16 16 6
2075 10 10 6
2076 10 10 6
2077 14 14 6
2078 22 21 5
2079 11 11 5
2080 15 14 4
2081 10 9 5
2082 25 25 7
2083 27 26 6
2084 12 11 5
2085 7 7 7
2086 12 12 6
2087 14 14 6
2088 12 12 6
2089 12 12 6
2090 12 12 4
2091 14 13 7
2092 7 6 5
2093 19 18 6
2094 10 9 5
2095 9 9 5
2096 11 10 6
2097 6 6 6
2098 23 22 6
2099 18 18 4
2100 20 19 5
2101 5 5 5
2102 12 11 5
2103 15 14 4
2104 12 11 5
2105 7 6 5
2106 11 11 5
2107 17 16 6
2108 18 18 6
2109 10 10 4
2110 12 11 5
2111 11 10 6
2112 22 22 4
2113 20 19 5
2114 15 14 4
2115 12 11 5
2116 9 9 5
2117 15 14 6
2118 18 18 6
2119 16 16 6
2120 40 40 8
2121 28 27 7
2122 27 26 6
2123 20 20 6
2124 30 30 6
2125 22 21 5
2126 25 24 6
2127 20 20 4
2128 24 23 5
2129 23 22 6
2130 24 23 5
2131 21 20 6
2132 22 22 4
2133 26 25 5
2134 23 23 5
2135 31 30 6
2136 24 23 5
2137 33 33 7
2138 31 30 6
2139 48 47 7
2140 25 25 5
2141 25 25 5
2142 15 15 5
2143 19 18 4
2144 20 19 5
2145 19 19 5
2146 39 38 6
2147 28 27 5
2148 23 23 5
2149 21 20 6
2150 24 24 4
2151 22 21 5
2152 31 30 8
2153 18 18 4
2154 24 23 5
2155 19 19 5
2156 37 37 7
2157 17 17 5
2158 27 27 5
2159 17 17 5
2160 31 30 4
2161 20 19 7
2162 31 30 8
2163 24 24 8
2164 12 12 4
2165 18 17 5
2166 29 28 8
2167 24 23 7
2168 17 16 4
2169 28 27 11
2170 25 24 4
2171 28 27 7
2172 21 20 6
2173 28 27 7
2174 15 14 4
2175 28 27 7
2176 25 24 6
2177 30 30 8
2178 22 21 7
2179 29 28 6
2180 14 13 5
2181 35 35 11
2182 23 22 4
2183 24 23 5
2184 17 16 6
2185 10 10 4
2186 28 27 7
2187 19 18 4
2188 24 23 5
2189 21 21 5
2190 15 15 5
2191 17 16 4
2192 20 19 5
2193 31 31 5
2194 19 19 5
2195 31 30 6
2196 14 14 4
2197 22 21 7
2198 19 18 6
2199 14 14 4
2200 16 15 5
2201 25 24 6
2202 24 23 7
2203 7 6 5
2204 21 21 5
2205 15 15 5
2206 15 14 4
2207 20 19 5
2208 25 25 9
2209 11 10 4
2210 22 21 5
2211 17 16 6
2212 16 15 5
2213 21 21 7
2214 23 22 4
2215 14 13 5
2216 19 18 6
2217 36 36 6
2218 12 12 4
2219 20 19 5
2220 11 11 5
2221 23 23 7
2222 21 20 4
2223 20 19 7
2224 17 16 6
2225 14 13 5
2226 17 16 6
2227 22 21 7
2228 21 20 6
2229 26 25 7
2230 21 20 6
2231 10 10 4
2232 26 25 5
2233 13 13 5
2234 23 23 7
2235 13 12 4
2236 28 27 7
2237 25 24 6
2238 14 14 4
2239 10 9 5
2240 25 24 6
2241 12 11 5
2242 15 14 6
2243 18 18 4
2244 16 15 5
2245 11 10 4
2246 10 9 5
2247 19 19 7
2248 7 7 7
2249 12 11 5
2250 19 18 6
2251 12 12 6
2252 16 16 4
2253 14 13 5
2254 15 15 5
2255 13 12 4
2256 24 23 5
2257 15 14 6
2258 12 12 6
2259 14 14 4
2260 14 13 5
2261 15 14 6
2262 14 13 5
2263 17 17 7
2264 13 12 6
2265 10 10 4
2266 12 11 5
2267 13 12 6
2268 12 12 6
2269 18 18 6
2270 16 16 6
2271 6 5 4
2272 12 11 5
2273 7 6 5
2274 21 21 7
2275 9 9 5
2276 21 20 8
2277 14 13 5
2278 13 13 5
2279 13 13 5
2280 7 7 7
2281 16 16 6
2282 12 12 6
2283 10 9 5
2284 11 11 5
2285 17 17 5
2286 19 18 8
2287 14 14 6
2288 10 10 4
2289 12 11 7
2290 11 10 6
2291 12 11 5
2292 11 10 4
2293 8 7 6
2294 22 22 6
2295 16 16 4
2296 20 19 5
2297 9 9 5
2298 11 11 5
2299 7 6 5
2300 7 6 5
2301 11 10 6
2302 10 10 6
2303 14 14 6
2304 12 11 5
2305 17 17 5
2306 19 18 6
2307 16 15 5
2308 19 19 7
2309 21 21 5
2310 15 14 6
2311 10 10 6
2312 8 8 4
2313 16 15 5
2314 17 17 5
2315 13 12 6
2316 10 10 6
2317 10 10 6
2318 14 14 8
2319 14 14 6
2320 16 16 6
2321 12 12 4
2322 8 7 6
2323 18 18 6
2324 20 20 8
2325 6 6 6
2326 11 10 4
2327 6 5 4
2328 10 9 5
2329 9 9 5
2330 9 9 5
2331 11 11 5
2332 19 18 8
2333 16 16 6
2334 6 6 6
2335 9 9 5
2336 21 21 7
2337 15 14 6
2338 10 10 4
2339 12 11 5
2340 9 8 4
2341 12 11 5
2342 13 12 8
2343 14 14 6
2344 10 10 4
2345 16 15 7
2346 11 10 6
2347 6 5 4
2348 14 13 5
2349 15 14 6
2350 14 14 6
2351 14 14 6
2352 10 10 6
2353 8 8 4
2354 12 11 5
2355 9 9 5
2356 7 7 7
2357 14 14 6
2358 6 5 4
2359 12 11 5
2360 13 12 4
2361 18 17 7
2362 9 9 5
2363 7 6 5
2364 13 12 4
2365 10 9 5
2366 7 6 5
2367 11 11 5
2368 5 5 5
2369 14 13 5
2370 15 15 5
2371 17 16 8
2372 10 10 4
2373 14 13 5
2374 7 7 7
2375 6 6 6
2376 11 10 6
2377 16 16 8
2378 8 8 4
2379 10 9 5
2380 13 12 6
2381 10 10 6
2382 12 12 4
2383 12 11 5
2384 11 10 6
2385 12 12 4
2386 14 13 5
2387 9 8 4
2388 14 13 5
2389 5 5 5
2390 10 9 5
2391 11 11 5
2392 13 13 5
2393 17 17 7
2394 13 12 6
2395 14 13 5
2396 13 12 6
2397 6 6 6
2398 13 12 6
2399 12 11 5
2400 15 14 4
2401 10 9 5
2402 17 17 5
2403 15 14 4
2404 14 13 5
2405 15 14 6
2406 10 9 5
2407 13 12 6
2408 12 12 4
2409 14 13 5
2410 11 11 5
2411 15 15 5
2412 11 11 5
2413 19 19 5
2414 17 16 6
2415 12 11 5
2416 11 10 6
2417 12 12 6
2418 12 12 4
2419 22 21 5
2420 21 21 5
2421 13 12 4
2422 16 15 5
2423 29 28 4
2424 38 37 7
2425 29 28 4
2426 24 23 5
2427 23 22 4
2428 14 13 5
2429 19 19 5
2430 33 33 7
2431 15 15 5
2432 15 14 4
2433 16 15 5
2434 17 17 5
2435 33 33 7
2436 23 23 5
2437 39 38 8
2438 24 23 5
2439 25 25 7
2440 37 37 9
2441 35 34 6
2442 22 21 5
2443 25 25 7
2444 29 28 8
2445 34 34 6
2446 24 23 5
2447 27 26 6
2448 24 23 7
2449 39 38 8
2450 30 30 10
2451 26 26 8
2452 54 53 7
2453 33 32 4
2454 30 29 5
2455 27 27 5
2456 45 45 7
2457 35 35 7
2458 21 20 6
2459 36 36 8
2460 40 40 10
2461 38 38 8
2462 34 34 6
2463 32 31 7
2464 29 28 6
2465 28 27 7
2466 23 23 5
2467 25 25 5
2468 29 28 8
2469 30 29 5
2470 37 37 9
2471 19 18 6
2472 34 33 7
2473 19 18 6
2474 20 20 6
2475 18 18 4
2476 22 21 7
2477 27 26 6
2478 18 17 7
2479 31 30 6
2480 18 17 5
2481 21 20 6
2482 14 14 4
2483 20 19 5
2484 25 24 6
2485 32 31 7
2486 23 22 6
2487 22 22 4
2488 34 33 5
2489 15 15 5
2490 17 17 5
2491 25 25 7
2492 15 14 4
2493 20 19 7
2494 23 23 7
2495 23 22 6
2496 14 14 6
2497 16 15 5
2498 27 27 7
2499 13 12 4
2500 16 15 5
2501 17 16 4
2502 24 23 7
2503 17 16 8
2504 10 10 6
2505 8 8 4
2506 12 11 5
2507 19 19 7
2508 21 20 6
2509 22 22 6
2510 24 23 5
2511 23 23 7
2512 19 18 6
2513 14 14 4
2514 20 19 5
2515 15 14 4
2516 18 17 7
2517 19 18 6
2518 22 21 5
2519 15 14 6
2520 14 14 4
2521 12 11 5
2522 21 20 6
2523 10 9 5
2524 15 15 5
2525 11 11 5
2526 23 22 6
2527 12 11 5
2528 13 13 5
2529 25 24 6
2530 14 14 6
2531 20 20 4
2532 16 15 5
2533 11 11 5
2534 11 10 4
2535 18 17 5
2536 11 11 5
2537 19 18 4
2538 14 13 5
2539 15 14 6
2540 16 16 6
2541 16 15 5
2542 17 16 6
2543 26 26 6
2544 18 17 5
2545 13 12 4
2546 10 9 5
2547 13 12 4
2548 18 17 5
2549 17 17 5
2550 13 13 5
2551 21 20 6
2552 12 11 5
2553 23 23 7
2554 11 10 4
2555 22 21 7
2556 21 20 4
2557 22 21 5
2558 21 20 6
2559 18 18 4
2560 18 17 5
2561 21 20 4
2562 22 21 7
2563 27 27 5
2564 25 24 4
2565 18 17 5
2566 11 11 5
2567 13 12 4
2568 16 15 5
2569 31 30 6
2570 22 21 5
2571 21 20 6
2572 14 14 4
2573 18 17 5
2574 25 24 6
2575 24 24 4
2576 12 11 5
2577 33 32 6
2578 18 17 5
2579 29 28 6
2580 26 26 8
2581 16 16 4
2582 20 19 7
2583 19 18 4
2584 18 17 5
2585 21 20 4
2586 18 17 5
2587 19 19 5
2588 23 22 6
2589 20 19 5
2590 19 18 4
2591 16 15 5
2592 15 15 5
2593 21 20 4
2594 12 11 5
2595 23 23 7
2596 15 15 5
2597 17 17 5
2598 19 19 5
2599 21 20 6
2600 20 20 4
2601 16 15 5
2602 13 13 5
2603 19 19 5
2604 9 8 4
2605 16 15 7
2606 13 12 6
2607 14 14 6
2608 20 20 8
2609 12 12 6
2610 22 22 4
2611 20 19 5
2612 15 14 6
2613 12 12 6
2614 12 12 4
2615 18 17 7
2616 17 16 6
2617 8 8 4
2618 20 19 5
2619 21 21 5
2620 17 16 6
2621 16 16 4
2622 16 15 5
2623 13 13 5
2624 15 14 6
2625 12 12 6
2626 12 12 4
2627 14 13 7
2628 7 6 5
2629 21 21 5
2630 17 16 6
2631 20 20 8
2632 10 10 4
2633 16 15 5
2634 15 14 4
2635 24 23 5
2636 11 11 5
2637 13 13 5
2638 9 9 5
2639 19 18 4
2640 10 9 5
2641 13 13 5
2642 13 12 4
2643 14 13 5
2644 19 19 7
2645 11 11 5
2646 11 11 5
2647 9 8 4
2648 24 23 7
2649 11 11 5
2650 15 14 4
2651 10 9 5
2652 19 18 4
2653 14 13 5
2654 15 14 6
2655 14 14 8
2656 16 16 4
2657 14 13 5
2658 9 9 5
2659 13 13 5
2660 11 11 5
2661 27 26 8
2662 8 8 4
2663 10 9 5
2664 13 12 6
2665 12 12 6
2666 12 11 5
2667 11 10 4
2668 16 15 5
2669 15 15 5
2670 15 14 6
2671 14 13 5
2672 5 5 5
2673 6 5 4
2674 14 13 5
2675 7 6 5
2676 13 13 5
2677 13 13 5
2678 13 13 7
2679 11 10 4
2680 26 25 7
2681 17 16 4
2682 18 17 5
2683 17 17 7
2684 7 6 5
2685 15 14 4
2686 6 5 4
2687 20 19 5
2688 13 13 5
2689 15 15 5
2690 9 9 5
2691 9 9 5
2692 19 18 6
2693 12 12 4
2694 12 11 5
2695 17 16 8
2696 22 21 5
2697 19 19 5
2698 15 14 6
2699 12 12 6
2700 18 18 4
2701 18 17 5
2702 21 20 6
2703 20 19 7
2704 29 28 6
2705 14 14 6
2706 28 28 8
2707 22 22 4
2708 28 27 7
2709 17 17 5
2710 25 24 4
2711 20 19 5
2712 19 19 5
2713 29 29 7
2714 27 26 6
2715 28 28 6
2716 26 25 5
2717 27 26 6
2718 26 26 4
2719 20 19 7
2720 19 18 6
2721 26 25 5
2722 21 20 6
2723 22 22 6
2724 22 22 6
2725 30 29 7
2726 21 20 4
2727 30 29 7
2728 31 30 6
2729 26 26 6
2730 28 28 4
2731 30 29 9
2732 21 20 4
2733 30 29 7
2734 39 39 5
2735 27 27 7
2736 43 42 8
2737 20 20 6
2738 30 29 7
2739 33 33 9
2740 19 19 5
2741 17 16 4
2742 18 17 5
2743 21 20 4
2744 20 19 5
2745 27 27 9
2746 31 30 10
2747 24 24 6
2748 20 19 5
2749 13 12 4
2750 28 27 11
2751 31 30 6
2752 16 15 7
2753 17 16 4
2754 18 17 5
2755 37 36 10
2756 24 23 5
2757 23 23 9
2758 27 26 6
2759 32 32 6
2760 26 26 6
2761 18 17 5
2762 17 17 5
2763 25 24 6
2764 36 36 14
2765 18 18 8
2766 38 38 10
2767 36 35 9
2768 25 25 7
2769 29 28 10
2770 38 38 10
2771 36 36 10
2772 24 23 5
2773 29 29 11
2774 25 24 4
2775 36 35 7
2776 17 16 6
2777 40 39 11
2778 23 23 9
2779 21 20 4
2780 20 19 7
2781 27 27 9
2782 29 29 11
2783 37 36 8
2784 26 26 8
2785 22 22 6
2786 16 16 4
2787 22 21 5
2788 35 35 15
2789 25 24 6
2790 16 15 5
2791 11 10 4
2792 40 39 13
2793 21 20 8
2794 28 28 6
2795 26 25 7
2796 31 31 7
2797 45 44 16
2798 24 24 10
2799 18 18 6
2800 12 12 4
2801 16 15 5
2802 13 13 5
2803 15 14 8
2804 14 14 6
2805 26 26 6
2806 34 34 6
2807 20 20 8
2808 38 38 10
2809 28 28 10
2810 12 11 5
2811 35 35 9
2812 11 10 6
2813 28 28 8
2814 18 18 6
2815 22 22 8
2816 26 25 5
2817 9 8 4
2818 20 19 5
2819 15 15 5
2820 27 27 5
2821 13 12 4
2822 28 27 7
2823 9 8 4
2824 18 17 5
2825 17 16 4
2826 16 15 5
2827 17 17 5
2828 9 9 5
2829 9 8 4
2830 14 13 7
2831 15 14 4
2832 12 11 5
2833 11 10 4
2834 12 11 5
2835 13 13 5
2836 15 15 5
2837 9 8 4
2838 14 13 7
2839 17 16 6
2840 14 14 6
2841 18 18 6
2842 30 30 6
2843 16 16 4
2844 22 21 7
2845 13 13 5
2846 23 22 6
2847 14 13 5
2848 17 16 4
2849 12 11 5
2850 13 12 6
2851 10 10 4
2852 20 19 5
2853 29 29 5
2854 21 21 5
2855 21 20 6
2856 14 14 6
2857 12 12 4
2858 12 11 5
2859 15 14 4
2860 12 11 5
2861 11 11 5
2862 13 13 5
2863 13 12 4
2864 14 13 7
2865 13 12 6
2866 18 18 6
2867 16 16 6
2868 6 6 6
2869 23 23 5
2870 13 13 5
2871 19 19 5
2872 19 18 8
2873 8 8 4
2874 14 13 5
2875 19 19 7
2876 13 13 5
2877 9 8 4
2878 6 5 4
2879 18 17 5
2880 25 25 7
2881 9 8 4
2882 12 11 7
2883 7 6 5
2884 9 9 5
2885 19 18 4
2886 18 17 7
2887 15 15 5
2888 15 14 4
2889 30 29 5
2890 17 17 5
2891 25 24 8
2892 8 8 4
2893 16 15 5
2894 19 19 5
2895 15 15 5
2896 9 8 4
2897 14 13 5
2898 17 16 4
2899 18 17 5
2900 15 14 6
2901 18 18 6
2902 10 10 4
2903 20 19 7
2904 15 14 6
2905 18 18 6
2906 14 14 6
2907 12 11 5
2908 13 12 6
2909 16 16 4
2910 18 17 7
2911 23 22 6
2912 18 18 6
2913 14 14 4
2914 22 21 5
2915 13 12 4
2916 28 27 9
2917 15 14 4
2918 14 13 5
2919 19 18 6
2920 10 10 6
2921 12 11 5
2922 17 16 6
2923 10 10 4
2924 16 15 5
2925 23 22 6
2926 18 18 4
2927 18 17 5
2928 17 17 5
2929 11 10 6
2930 12 12 6
2931 10 10 4
2932 20 19 5
2933 19 19 7
2934 13 12 4
2935 12 11 5
2936 19 19 7
2937 13 12 4
2938 18 17 5
2939 17 16 6
2940 10 10 6
2941 14 14 6
2942 8 8 4
2943 16 15 5
2944 15 14 4
2945 18 17 5
2946 15 14 4
2947 14 13 5
2948 15 14 6
2949 12 11 5
2950 19 18 6
2951 30 30 6
2952 16 15 5
2953 19 18 4
2954 22 21 5
2955 17 17 7
2956 17 16 6
2957 20 20 6
2958 14 14 6
2959 26 26 8
2960 24 24 8
2961 16 15 5
2962 21 21 5
2963 31 30 12
2964 12 12 6
2965 28 28 10
2966 28 28 12
2967 28 28 8
2968 20 19 7
2969 23 22 6
2970 32 31 9
2971 25 25 5
2972 25 25 5
2973 17 17 5
2974 19 18 4
2975 22 21 5
2976 17 17 5
2977 15 15 5
2978 27 27 7
2979 19 18 4
2980 20 19 7
2981 15 14 6
2982 16 16 4
2983 16 15 7
2984 15 14 6
2985 18 18 4
2986 24 23 9
2987 21 20 6
2988 14 14 4
2989 20 19 7
2990 23 23 7
2991 19 18 4
2992 18 17 7
2993 25 24 8
2994 24 24 8
2995 32 31 7
2996 27 26 6
2997 24 24 6
2998 34 34 6
2999 22 21 5
3000 31 30 8
3001 12 12 4
3002 18 17 5
3003 25 24 4
3004 26 25 5
3005 29 28 8
3006 26 26 6
3007 26 26 6
3008 20 20 6
3009 20 20 6
3010 24 24 6
3011 16 16 8
3012 18 18 6
3013 26 25 5
3014 25 25 5
3015 17 16 6
3016 28 28 10
3017 12 11 5
3018 17 17 5
3019 33 33 5
3020 13 13 5
3021 21 20 6
3022 26 26 6
3023 18 17 5
3024 29 28 14
3025 18 18 6
3026 18 17 5
3027 21 20 4
3028 28 27 9
3029 29 28 8
3030 26 25 9
3031 25 24 6
3032 22 21 5
3033 33 33 11
3034 25 25 7
3035 21 20 8
3036 22 22 4
3037 20 19 5
3038 29 29 7
3039 29 29 7
3040 27 27 7
3041 27 27 7
3042 37 36 10
3043 28 28 8
3044 28 28 4
3045 28 27 9
3046 27 26 6
3047 24 24 8
3048 24 24 8
3049 12 12 4
3050 28 27 5
3051 27 26 6
3052 18 17 5
3053 13 13 5
3054 17 17 7
3055 15 14 4
3056 20 19 7
3057 25 24 6
3058 22 21 7
3059 21 21 7
3060 21 21 7
3061 13 13 5
3062 27 26 12
3063 20 19 5
3064 23 23 9
3065 15 14 6
3066 22 22 4
3067 14 13 5
3068 17 16 6
3069 20 19 5
3070 23 22 8
3071 24 24 6
3072 12 12 6
3073 16 16 6
3074 14 13 5
3075 23 23 5
3076 19 18 4
3077 20 19 5
3078 21 21 5
3079 17 17 5
3080 19 18 6
3081 18 18 4
3082 12 11 5
3083 23 22 6
3084 16 16 6
3085 14 14 6
3086 14 14 4
3087 14 13 5
3088 17 16 4
3089 30 29 7
3090 13 12 6
3091 12 12 4
3092 16 15 5
3093 11 11 5
3094 13 12 4
3095 16 15 5
3096 13 13 7
3097 15 14 4
3098 12 11 5
3099 13 12 4
3100 30 29 9
3101 13 12 4
3102 20 19 5
3103 19 18 4
3104 22 21 5
3105 13 13 7
3106 31 31 5
3107 17 17 5
3108 27 26 6
3109 20 20 6
3110 24 24 6
3111 18 17 7
3112 23 22 6
3113 30 30 8
3114 32 32 6
3115 24 24 8
3116 24 24 6
3117 26 26 4
3118 32 31 9
3119 45 44 12
3120 24 24 6
3121 18 17 5
3122 33 32 6
3123 26 26 4
3124 24 23 5
3125 31 30 6
3126 36 35 7
3127 33 32 6
3128 38 38 6
3129 26 26 6
3130 26 26 6
3131 30 29 5
3132 29 29 7
3133 11 11 5
3134 25 25 5
3135 25 25 7
3136 23 23 7
3137 31 30 12
3138 18 18 4
3139 20 19 5
3140 21 21 7
3141 25 24 8
3142 12 12 6
3143 16 16 4
3144 18 17 5
3145 15 15 5
3146 15 14 6
3147 14 14 4
3148 18 17 7
3149 13 12 6
3150 14 14 6
3151 14 14 6
3152 14 14 6
3153 10 10 4
3154 10 9 5
3155 13 12 8
3156 12 12 6
3157 14 14 6
3158 12 12 4
3159 12 11 5
3160 21 20 6
3161 16 15 7
3162 11 10 4
3163 16 15 7
3164 9 9 5
3165 9 8 4
3166 16 15 5
3167 21 21 7
3168 17 16 6
3169 10 10 4
3170 12 11 5
3171 11 10 6
3172 8 8 4
3173 14 13 5
3174 25 25 7
3175 21 20 6
3176 18 18 4
3177 10 9 5
3178 9 9 5
3179 11 10 4
3180 10 9 5
3181 17 16 6
3182 12 11 5
3183 11 11 5
3184 9 9 5
3185 9 9 5
3186 7 6 5
3187 13 13 5
3188 13 13 5
3189 13 13 5
3190 13 12 6
3191 18 17 7
3192 17 17 7
3193 9 8 4
3194 10 9 5
3195 19 18 8
3196 14 14 6
3197 6 6 6
3198 9 8 4
3199 10 9 5
3200 15 14 8
3201 12 12 6
3202 16 16 6
3203 16 16 8
3204 22 22 6
3205 12 12 4
3206 14 13 5
3207 7 6 5
3208 15 14 6
3209 12 11 5
3210 9 8 4
3211 12 11 5
3212 11 11 5
3213 5 5 5
3214 20 19 5
3215 25 25 7
3216 19 19 5
3217 19 19 5
3218 15 14 8
3219 16 16 6
3220 18 18 4
3221 16 15 5
3222 13 13 5
3223 11 11 7
3224 19 18 4
3225 6 5 4
3226 12 11 5
3227 9 9 5
3228 13 13 5
3229 19 19 5
3230 11 10 4
3231 12 11 5
3232 5 5 5
3233 12 11 5
3234 19 18 6
3235 18 17 5
3236 25 24 8
3237 14 14 4
3238 20 19 7
3239 17 16 8
3240 14 14 6
3241 14 13 5
3242 15 14 6
3243 12 12 6
3244 12 12 4
3245 14 13 5
3246 11 10 4
3247 18 17 7
3248 11 10 6
3249 10 10 4
3250 14 13 7
3251 19 18 6
3252 16 16 6
3253 18 17 5
3254 15 14 4
3255 16 15 5
3256 13 13 5
3257 11 10 6
3258 6 6 6
3259 9 9 5
3260 15 15 5
3261 15 15 5
3262 13 12 8
3263 18 18 6
3264 10 10 4
3265 18 17 5
3266 17 17 5
3267 7 6 5
3268 9 9 5
3269 11 11 5
3270 13 13 7
3271 9 8 4
3272 14 13 5
3273 13 12 4
3274 14 13 5
3275 23 23 7
3276 15 14 6
3277 20 20 6
3278 14 13 5
3279 21 20 6
3280 24 24 6
3281 24 24 6
3282 28 28 6
3283 18 18 4
3284 24 23 5
3285 19 19 5
3286 19 18 6
3287 16 15 7
3288 17 16 4
3289 18 17 5
3290 15 14 6
3291 14 14 4
3292 32 31 7
3293 15 14 4
3294 14 13 5
3295 13 13 5
3296 9 9 5
3297 21 20 4
3298 14 13 5
3299 27 27 5
3300 15 14 4
3301 22 21 7
3302 19 19 5
3303 19 19 5
3304 21 21 5
3305 17 16 6
3306 14 14 4
3307 22 21 5
3308 21 21 5
3309 21 21 5
3310 23 23 5
3311 15 15 5
3312 15 15 5
3313 27 27 5
3314 15 14 6
3315 18 18 6
3316 20 20 6
3317 16 16 4
3318 12 11 5
3319 11 10 4
3320 16 15 5
3321 19 19 5
3322 9 9 5
3323 19 18 8
3324 10 10 4
3325 16 15 5
3326 17 17 5
3327 13 12 6
3328 20 20 4
3329 14 13 5
3330 17 16 6
3331 14 13 5
3332 21 20 8
3333 16 15 5
3334 11 10 4
3335 24 23 7
3336 15 14 6
3337 16 15 5
3338 19 19 5
3339 17 16 6
3340 8 7 6
3341 10 10 6
3342 14 14 6
3343 8 8 4
3344 20 19 5
3345 17 17 7
3346 21 21 7
3347 11 10 4
3348 12 11 5
3349 15 14 6
3350 8 7 6
3351 16 15 5
3352 11 10 4
3353 20 19 5
3354 11 11 5
3355 11 11 7
3356 15 14 4
3357 20 19 7
3358 13 12 6
3359 16 15 7
3360 23 22 6
3361 12 11 5
3362 21 20 8
3363 16 16 6
3364 16 16 6
3365 16 15 5
3366 13 12 4
3367 18 17 7
3368 15 14 6
3369 12 12 6
3370 18 18 6
3371 14 14 6
3372 24 24 4
3373 14 13 5
3374 15 15 5
3375 19 19 5
3376 17 17 5
3377 15 14 6
3378 12 12 6
3379 20 20 4
3380 16 15 5
3381 19 18 6
3382 16 16 6
3383 14 14 4
3384 14 13 5
3385 7 7 7
3386 14 14 4
3387 16 15 7
3388 9 9 5
3389 17 17 5
3390 17 16 6
3391 14 13 5
3392 19 18 6
3393 12 11 5
3394 9 8 4
3395 10 9 5
3396 13 12 6
3397 16 15 7
3398 17 16 6
3399 12 12 6
3400 14 13 5
3401 15 14 4
3402 20 19 7
3403 15 15 5
3404 25 25 7
3405 9 8 4
3406 14 13 5
3407 11 10 4
3408 14 13 5
3409 13 13 5
3410 25 24 6
3411 8 8 4
3412 14 13 7
3413 11 11 5
3414 11 10 4
3415 12 11 7
3416 13 12 4
3417 14 13 5
3418 15 15 5
3419 15 14 6
3420 8 8 4
3421 14 13 5
3422 23 22 6
3423 14 13 5
3424 21 20 8
3425 10 10 4
3426 16 15 5
3427 17 16 4
3428 16 15 5
3429 19 18 6
3430 16 16 4
3431 10 9 5
3432 11 10 4
3433 30 29 5
3434 11 11 5
3435 11 10 4
3436 20 19 7
3437 15 14 4
3438 14 13 7
3439 9 8 4
3440 16 15 5
3441 15 15 5
3442 15 14 4
3443 18 17 5
3444 13 13 5
3445 19 18 6
3446 16 16 4
3447 14 13 5
3448 13 12 6
3449 12 11 5
3450 19 19 7
3451 11 10 4
3452 14 13 5
3453 13 12 4
3454 16 15 5
3455 13 13 5
3456 11 10 6
3457 14 14 6
3458 16 16 6
3459 8 8 4
3460 10 9 5
3461 13 12 6
3462 6 5 4
3463 12 11 5
3464 17 16 4
3465 14 13 5
3466 7 7 7
3467 18 18 4
3468 6 5 4
3469 22 21 5
3470 17 17 5
3471 7 6 5
3472 13 12 6
3473 10 10 4
3474 14 13 5
3475 11 10 4
3476 18 17 7
3477 17 16 4
3478 12 11 5
3479 13 12 6
3480 10 10 6
3481 20 20 4
3482 28 27 5
3483 21 20 6
3484 20 20 6
3485 14 13 5
3486 13 12 4
3487 20 19 5
3488 13 12 4
3489 20 19 7
3490 13 12 4
3491 18 17 5
3492 25 24 4
3493 10 9 5
3494 13 12 6
3495 14 14 4
3496 10 9 5
3497 11 10 4
3498 16 15 5
3499 25 25 5
3500 37 36 6
3501 12 12 6
3502 12 12 4
3503 24 23 5
3504 19 18 4
3505 20 19 5
3506 17 17 5
3507 13 13 5
3508 21 20 6
3509 18 17 5
3510 19 19 5
3511 15 14 6
3512 14 13 5
3513 5 5 5
3514 18 17 7
3515 19 18 4
3516 22 21 5
3517 25 25 7
3518 19 19 5
3519 13 13 5
3520 15 15 5
3521 13 12 6
3522 20 20 4
3523 26 25 7
3524 27 26 6
3525 24 24 8
3526 28 28 6
3527 26 26 6
3528 16 15 5
3529 15 15 5
3530 17 16 6
3531 28 28 6
3532 46 45 5
3533 21 21 5
3534 19 18 4
3535 22 21 5
3536 17 17 5
3537 11 10 4
3538 22 21 5
3539 17 17 5
3540 23 22 6
3541 18 17 5
3542 27 26 6
3543 28 27 5
3544 27 26 6
3545 24 23 5
3546 15 14 6
3547 22 22 6
3548 14 13 5
3549 21 20 6
3550 18 17 5
3551 23 23 9
3552 19 18 6
3553 32 32 4
3554 16 15 5
3555 19 19 5
3556 23 23 5
3557 25 25 7
3558 21 21 5
3559 33 32 8
3560 32 32 6
3561 32 31 5
3562 21 21 5
3563 35 35 7
3564 27 27 7
3565 39 39 7
3566 29 28 6
3567 20 19 7
3568 45 45 9
3569 51 51 11
3570 45 44 10
3571 22 21 5
3572 27 26 6
3573 32 31 7
3574 27 27 5
3575 33 33 7
3576 29 28 6
3577 26 25 5
3578 33 33 7
3579 19 19 5
3580 47 46 12
3581 34 34 6
3582 20 20 6
3583 22 22 6
3584 28 27 5
3585 25 24 6
3586 28 27 5
3587 21 20 4
3588 20 19 5
3589 21 21 5
3590 23 22 6
3591 22 21 5
3592 13 13 5
3593 25 24 4
3594 18 17 5
3595 17 16 6
3596 20 20 6
3597 24 23 5
3598 17 17 5
3599 13 13 5
3600 23 23 5
3601 19 19 5
3602 19 19 5
3603 17 16 6
3604 10 10 4
3605 12 11 5
3606 25 24 4
3607 14 13 5
3608 13 13 5
3609 21 20 6
3610 20 20 4
3611 18 17 5
3612 15 14 6
3613 16 16 6
3614 16 16 6
3615 14 14 4
3616 14 13 5
3617 9 9 5
3618 15 15 7
3619 9 8 4
3620 12 11 7
3621 19 18 6
3622 20 20 8
3623 10 10 4
3624 12 11 5
3625 13 13 5
3626 13 13 5
3627 11 11 5
3628 17 16 6
3629 10 10 4
3630 14 13 5
3631 13 12 4
3632 20 19 5
3633 13 13 5
3634 23 23 7
3635 15 15 5
3636 17 17 5
3637 15 15 5
3638 11 11 5
3639 11 11 5
3640 19 18 4
3641 10 9 5
3642 13 12 4
3643 18 17 5
3644 19 19 5
3645 11 10 4
3646 20 19 5
3647 7 6 5
3648 11 10 6
3649 18 18 6
3650 20 20 4
3651 10 9 5
3652 27 27 7
3653 23 23 5
3654 23 23 5
3655 35 35 5
3656 37 36 6
3657 32 31 7
3658 23 22 8
3659 18 18 6
3660 18 18 4
3661 24 23 5
3662 25 24 6
3663 22 21 7
3664 25 24 6
3665 10 10 4
3666 20 19 5
3667 35 35 7
3668 23 22 6
3669 16 15 5
3670 25 25 5
3671 31 30 6
3672 18 18 6
3673 12 12 4
3674 22 21 5
3675 19 19 5
3676 35 34 6
3677 18 18 4
3678 28 27 5
3679 27 27 5
3680 13 12 4
3681 22 21 5
3682 11 10 4
3683 18 17 5
3684 9 8 4
3685 22 21 7
3686 13 12 4
3687 16 15 5
3688 27 26 6
3689 20 19 5
3690 15 15 7
3691 25 24 6
3692 22 22 6
3693 24 23 7
3694 11 10 6
3695 14 14 4
3696 18 17 7
3697 23 22 4
3698 18 17 5
3699 21 20 6
3700 14 13 5
3701 23 22 6
3702 14 14 6
3703 22 21 5
3704 23 22 6
3705 14 14 6
3706 10 10 4
3707 16 15 5
3708 15 15 5
3709 25 25 7
3710 21 20 6
3711 12 11 5
3712 17 16 4
3713 20 19 5
3714 15 14 6
3715 10 9 5
3716 15 14 6
3717 10 10 4
3718 16 15 5
3719 19 19 7
3720 11 10 4
3721 20 19 7
3722 9 9 5
3723 17 17 7
3724 17 16 6
3725 20 20 8
3726 14 14 4
3727 6 5 4
3728 22 21 7
3729 27 26 6
3730 6 6 6
3731 17 17 5
3732 13 12 4
3733 22 21 5
3734 11 11 5
3735 13 12 6
3736 8 8 4
3737 14 13 7
3738 13 12 6
3739 10 10 6
3740 12 12 6
3741 14 14 6
3742 8 8 4
3743 12 11 7
3744 13 12 4
3745 16 15 5
3746 21 20 6
3747 8 8 4
3748 12 11 5
3749 13 12 6
3750 8 8 4
3751 16 15 7
3752 11 10 4
3753 10 9 5
3754 9 9 5
3755 9 9 5
3756 17 16 6
3757 12 11 5
3758 13 12 4
3759 12 11 5
3760 11 11 7
3761 17 16 6
3762 12 11 5
3763 19 18 6
3764 16 16 6
3765 14 14 6
3766 14 14 4
3767 12 11 5
3768 11 10 6
3769 16 16 6
3770 6 5 4
3771 14 13 5
3772 13 12 4
3773 8 7 6
3774 12 12 6
3775 14 13 5
3776 15 15 5
3777 15 15 5
3778 17 17 9
3779 9 8 4
3780 6 5 4
3781 10 9 5
3782 9 9 5
3783 13 13 5
3784 19 19 5
3785 9 8 4
3786 22 21 5
3787 21 21 5
3788 23 23 5
3789 11 11 5
3790 9 9 5
3791 17 16 4
3792 12 11 5
3793 19 19 7
3794 13 12 6
3795 10 9 5
3796 17 16 6
3797 22 21 5
3798 17 17 5
3799 7 6 5
3800 15 14 6
3801 10 10 4
3802 14 13 7
3803 11 10 4
3804 16 15 5
3805 11 11 5
3806 13 13 7
3807 11 10 6
3808 18 18 6
3809 18 18 6
3810 8 8 4
3811 12 11 5
3812 7 6 5
3813 13 13 5
3814 17 17 5
3815 13 13 5
3816 9 9 5
3817 13 13 5
3818 21 20 6
3819 16 15 5
3820 9 9 5
3821 11 11 5
3822 15 14 8
3823 12 12 4
3824 22 21 7
3825 25 24 6
3826 12 12 4
3827 18 17 7
3828 11 10 6
3829 6 6 6
3830 17 16 4
3831 14 13 5
3832 23 22 8
3833 18 18 4
3834 16 15 5
3835 17 16 6
3836 12 12 4
3837 18 17 5
3838 21 20 4
3839 10 9 5
3840 19 18 6
3841 14 13 5
3842 17 16 4
3843 18 17 7
3844 17 16 4
3845 20 19 5
3846 15 14 4
3847 20 19 7
3848 15 15 5
3849 11 11 5
3850 21 20 6
3851 18 18 6
3852 20 20 8
3853 18 18 6
3854 34 33 9
3855 35 35 5
3856 25 25 5
3857 25 25 5
3858 21 21 5
3859 25 24 6
3860 26 26 6
3861 22 22 6
3862 12 11 5
3863 25 24 8
3864 24 24 6
3865 24 23 5
3866 23 23 7
3867 31 31 5
3868 13 12 4
3869 30 29 5
3870 15 15 5
3871 17 16 6
3872 16 16 6
3873 24 23 7
3874 23 23 5
3875 21 21 5
3876 15 15 5
3877 17 16 6
3878 14 14 4
3879 22 21 5
3880 21 21 7
3881 21 21 5
3882 19 19 7
3883 31 30 10
3884 20 20 6
3885 28 28 4
3886 24 23 7
3887 15 14 4
3888 22 21 5
3889 21 21 5
3890 21 20 6
3891 18 18 6
3892 16 16 4
3893 16 15 7
3894 23 22 6
3895 14 14 4
3896 20 19 5
3897 17 17 5
3898 19 18 6
3899 12 11 5
3900 21 20 6
3901 12 11 5
3902 11 11 5
3903 13 12 4
3904 12 11 5
3905 17 17 5
3906 13 13 5
3907 19 18 4
3908 18 17 7
3909 23 22 6
3910 14 13 5
3911 23 23 5
3912 11 11 7
3913 7 6 5
3914 15 14 4
3915 12 11 5
3916 13 12 4
3917 10 9 5
3918 13 13 7
3919 19 18 4
3920 20 19 5
3921 11 10 6
3922 22 22 4
3923 10 9 5
3924 5 5 5
3925 28 27 7
3926 23 23 5
3927 17 17 5
3928 13 13 5
3929 17 16 6
3930 12 12 4
3931 24 23 5
3932 13 13 5
3933 17 17 5
3934 19 19 5
3935 17 17 7
3936 13 12 6
3937 14 14 4
3938 16 15 5
3939 15 14 6
3940 24 23 7
3941 17 16 4
3942 16 15 5
3943 15 14 4
3944 14 13 5
3945 11 10 4
3946 20 19 7
3947 17 16 6
3948 12 12 4
3949 12 11 5
3950 15 14 6
3951 12 12 6
3952 16 15 5
3953 17 16 6
3954 12 12 4
3955 16 15 7
3956 13 12 4
3957 12 11 5
3958 19 18 4
3959 12 11 5
3960 15 15 5
3961 15 14 6
3962 10 10 6
3963 16 16 6
3964 20 20 6
3965 20 20 6
3966 20 19 5
3967 19 18 6
3968 20 20 4
3969 26 25 7
3970 13 13 5
3971 15 15 5
3972 15 14 4
3973 16 15 7
3974 11 11 5
3975 15 15 5
3976 27 26 6
3977 10 10 4
3978 16 15 5
3979 13 12 6
3980 16 16 4
3981 14 13 9
3982 9 8 4
3983 6 5 4
3984 10 9 5
3985 11 11 5
3986 9 9 5
3987 13 13 7
3988 23 22 6
3989 16 16 6
3990 26 26 8
3991 14 14 6
3992 10 10 4
3993 20 19 7
3994 29 28 6
3995 18 18 4
3996 18 17 7
3997 21 20 4
3998 14 13 5
3999 19 19 5
4000 9 9 5
4001 7 7 7
4002 14 14 6
4003 8 8 4
4004 14 13 5
4005 11 11 5
4006 7 7 7
4007 18 18 6
4008 14 13 5
4009 11 10 6
4010 12 12 6
4011 16 16 6
4012 6 5 4
4013 12 11 5
4014 17 16 8
4015 6 6 6
4016 9 9 5
4017 15 14 4
4018 12 11 5
4019 15 15 7
4020 15 14 6
4021 18 18 6
4022 14 13 5
4023 9 9 5
4024 5 5 5
4025 12 11 5
4026 7 6 5
4027 17 17 5
4028 9 9 5
4029 9 8 4
4030 18 17 7
4031 11 10 4
4032 12 11 7
4033 13 13 5
4034 11 11 5
4035 9 8 4
4036 16 15 7
4037 23 22 6
4038 16 15 5
4039 13 13 5
4040 5 5 5
4041 10 9 5
4042 13 12 4
4043 12 11 7
4044 13 12 6
4045 14 14 4
4046 12 11 5
4047 19 19 9
4048 13 12 6
4049 12 12 4
4050 12 11 5
4051 9 9 5
4052 11 10 4
4053 14 13 5
4054 15 15 5
4055 9 9 5
4056 11 11 5
4057 9 9 5
4058 11 10 4
4059 12 11 5
4060 13 12 6
4061 12 12 4
4062 8 7 6
4063 6 6 6
4064 17 16 4
4065 14 13 7
4066 9 9 5
4067 11 10 6
4068 8 8 4
4069 14 13 7
4070 13 12 6
4071 12 12 6
4072 10 10 4
4073 16 15 5
4074 11 11 5
4075 13 12 4
4076 14 13 5
4077 15 15 5
4078 15 14 4
4079 20 19 5
4080 17 16 4
4081 12 11 5
4082 19 19 5
4083 13 13 5
4084 17 16 4
4085 22 21 5
4086 23 23 5
4087 35 35 5
4088 41 40 6
4089 20 20 4
4090 34 33 5
4091 13 13 5
4092 17 17 5
4093 27 26 6
4094 12 12 6
4095 14 14 4
4096 16 15 5
4097 21 21 5
4098 25 24 4
4099 30 29 9
4100 21 20 4
4101 24 23 5
4102 27 26 6
4103 22 21 5
4104 27 27 5
4105 29 29 5
4106 39 39 7
4107 29 28 8
4108 40 40 8
4109 22 22 6
4110 18 18 6
4111 26 25 5
4112 31 30 6
4113 18 18 4
4114 26 25 7
4115 15 14 4
4116 22 21 5
4117 23 23 5
4118 15 15 5
4119 19 18 6
4120 22 22 6
4121 26 26 6
4122 18 18 6
4123 28 28 8
4124 24 24 6
4125 20 20 6
4126 16 16 6
4127 12 11 5
4128 17 16 6
4129 24 24 6
4130 20 20 4
4131 28 27 7
4132 19 18 4
4133 32 31 5
4134 37 37 7
4135 21 21 5
4136 35 34 4
4137 16 15 5
4138 23 23 7
4139 29 28 4
4140 42 41 7
4141 27 27 7
4142 15 14 4
4143 22 21 7
4144 19 18 6
4145 16 16 6
4146 32 32 6
4147 28 27 7
4148 21 20 6
4149 18 18 4
4150 40 39 7
4151 21 21 5
4152 27 27 7
4153 11 10 4
4154 14 13 5
4155 29 28 6
4156 34 34 8
4157 32 32 6
4158 24 24 6
4159 10 10 4
4160 26 25 5
4161 35 35 7
4162 17 16 6
4163 20 20 6
4164 20 19 5
4165 19 19 5
4166 25 25 7
4167 17 17 5
4168 17 17 7
4169 19 18 6
4170 22 22 6
4171 24 24 6
4172 22 22 6
4173 16 16 4
4174 16 15 5
4175 25 25 7
4176 17 17 5
4177 17 16 4
4178 28 27 7
4179 19 18 4
4180 22 21 5
4181 15 15 5
4182 31 30 4
4183 28 27 7
4184 17 16 6
4185 22 22 4
4186 30 29 7
4187 23 22 6
4188 8 8 4
4189 28 27 5
4190 33 33 5
4191 19 18 8
4192 18 18 6
4193 22 21 5
4194 23 23 7
4195 21 20 8
4196 22 22 6
4197 22 21 5
4198 21 21 5
4199 27 26 8
4200 20 20 6
4201 22 22 8
4202 28 28 6
4203 22 21 5
4204 23 23 5
4205 11 10 4
4206 20 19 5
4207 19 19 5
4208 21 20 6
4209 16 16 4
4210 32 31 7
4211 17 17 5
4212 17 16 4
4213 20 19 5
4214 15 15 5
4215 19 19 5
4216 15 14 6
4217 6 6 6
4218 15 14 6
4219 14 13 5
4220 13 12 4
4221 12 11 5
4222 25 24 6
4223 18 18 6
4224 14 14 4
4225 14 13 5
4226 19 18 6
4227 14 14 6
4228 24 24 6
4229 14 14 4
4230 20 19 5
4231 17 17 5
4232 15 15 5
4233 13 13 5
4234 9 9 5
4235 15 14 8
4236 10 9 5
4237 13 13 5
4238 17 16 6
4239 20 20 6
4240 16 15 5
4241 19 18 6
4242 12 11 5
4243 13 12 6
4244 6 5 4
4245 16 15 5
4246 11 11 7
4247 17 16 4
4248 14 13 5
4249 7 6 5
4250 13 12 4
4251 12 11 5
4252 7 6 5
4253 15 14 4
4254 16 15 5
4255 15 15 5
4256 5 5 5
4257 16 15 5
4258 15 14 6
4259 16 16 6
4260 14 13 5
4261 11 10 4
4262 16 15 5
4263 15 14 6
4264 12 12 6
4265 14 14 4
4266 10 9 5
4267 11 10 6
4268 14 13 5
4269 13 13 5
4270 11 10 4
4271 10 9 5
4272 17 16 6
4273 14 14 6
4274 10 9 5
4275 7 6 5
4276 17 17 7
4277 13 12 6
4278 14 14 6
4279 14 14 6
4280 14 14 6
4281 12 11 5
4282 13 12 6
4283 14 13 5
4284 9 9 5
4285 11 10 4
4286 14 13 5
4287 13 12 6
4288 8 7 6
4289 10 10 4
4290 16 15 7
4291 11 10 4
4292 14 13 5
4293 11 10 4
4294 20 19 5
4295 11 11 5
4296 15 15 5
4297 9 9 5
4298 17 16 6
4299 12 11 7
4300 9 8 4
4301 10 9 5
4302 13 12 6
4303 12 12 6
4304 16 15 7
4305 21 21 5
4306 11 11 7
4307 9 8 4
4308 20 19 9
4309 21 21 5
4310 11 11 5
4311 11 10 6
4312 14 14 6
4313 14 13 5
4314 15 14 8
4315 8 8 4
4316 12 11 5
4317 17 16 6
4318 6 6 6
4319 11 11 5
4320 15 14 6
4321 12 11 5
4322 19 18 8
4323 10 10 4
4324 14 13 5
4325 9 9 5
4326 13 13 5
4327 17 16 4
4328 14 13 7
4329 13 12 6
4330 10 10 4
4331 14 13 5
4332 9 9 5
4333 15 14 6
4334 14 14 6
4335 10 10 4
4336 10 9 5
4337 9 9 5
4338 11 11 7
4339 11 10 4
4340 14 13 5
4341 13 13 5
4342 13 12 6
4343 14 14 4
4344 16 15 7
4345 7 6 5
4346 13 12 4
4347 6 5 4
4348 10 9 5
4349 15 14 6
4350 10 10 4
4351 14 13 5
4352 7 6 5
4353 11 10 4
4354 10 9 5
4355 21 21 7
4356 21 21 7
4357 11 10 4
4358 12 11 5
4359 15 15 5
4360 27 26 6
4361 12 12 6
4362 20 20 6
4363 16 15 7
4364 23 22 4
4365 10 9 5
4366 21 20 6
4367 20 19 5
4368 21 20 6
4369 24 23 7
4370 15 15 5
4371 15 14 6
4372 24 24 4
4373 18 17 7
4374 25 25 7
4375 17 16 6
4376 12 11 5
4377 21 21 5
4378 29 28 6
4379 46 46 10
4380 22 22 6
4381 32 32 6
4382 22 22 4
4383 26 25 5
4384 25 24 4
4385 24 23 5
4386 35 35 9
4387 37 37 5
4388 35 34 6
4389 32 31 7
4390 41 41 9
4391 35 35 7
4392 47 46 10
4393 30 29 7
4394 25 25 7
4395 23 23 7
4396 53 53 11
4397 19 19 5
4398 19 18 6
4399 20 19 5
4400 29 29 9
4401 11 10 4
4402 24 23 5
4403 13 13 5
4404 25 24 6
4405 22 22 8
4406 30 30 10
4407 30 30 8
4408 18 18 6
4409 24 24 10
4410 18 17 7
4411 25 25 5
4412 25 24 10
4413 30 30 8
4414 20 20 4
4415 20 19 5
4416 19 19 5
4417 21 20 4
4418 24 23 5
4419 11 11 5
4420 21 21 5
4421 27 26 6
4422 14 14 4
4423 40 39 7
4424 37 36 8
4425 20 19 5
4426 23 23 5
4427 27 27 5
4428 19 19 7
4429 25 24 6
4430 36 36 8
4431 26 25 5
4432 21 20 4
4433 20 19 5
4434 19 19 7
4435 41 40 14
4436 30 30 6
4437 18 17 5
4438 19 19 7
4439 19 18 6
4440 16 15 5
4441 31 30 10
4442 24 24 4
4443 24 23 7
4444 17 16 6
4445 26 26 6
4446 12 12 4
4447 28 27 9
4448 29 28 8
4449 24 23 5
4450 19 19 5
4451 19 19 5
4452 21 21 7
4453 11 10 4
4454 28 27 5
4455 15 15 5
4456 31 30 8
4457 20 19 7
4458 15 14 6
4459 38 38 14
4460 18 18 6
4461 24 23 9
4462 25 25 5
4463 29 29 11
4464 17 16 6
4465 26 26 8
4466 26 25 7
4467 17 17 5
4468 35 35 7
4469 39 38 8
4470 18 18 4
4471 34 33 7
4472 15 15 5
4473 23 23 5
4474 29 29 9
4475 19 19 5
4476 23 23 7
4477 27 26 6
4478 26 26 4
4479 14 13 5
4480 37 36 8
4481 26 26 6
4482 30 29 7
4483 27 26 6
4484 24 23 5
4485 21 21 5
4486 23 22 6
4487 18 17 5
4488 27 26 6
4489 24 23 5
4490 17 17 5
4491 13 13 5
4492 33 33 5
4493 19 18 4
4494 30 29 9
4495 27 26 6
4496 14 13 5
4497 17 17 5
4498 17 17 5
4499 29 29 5
4500 25 24 8
4501 14 14 4
4502 26 25 5
4503 19 19 5
4504 13 13 5
4505 21 21 5
4506 15 14 4
4507 14 13 5
4508 27 26 6
4509 16 16 4
4510 16 15 5
4511 31 31 5
4512 25 24 8
4513 22 22 4
4514 16 15 7
4515 23 22 6
4516 32 32 6
4517 12 12 4
4518 16 15 5
4519 11 10 4
4520 30 29 7
4521 21 21 5
4522 21 21 5
4523 21 20 6
4524 22 22 4
4525 20 19 5
4526 17 16 6
4527 22 22 8
4528 16 15 5
4529 17 16 4
4530 18 17 7
4531 17 17 5
4532 13 12 4
4533 18 17 5
4534 23 23 5
4535 9 9 5
4536 23 22 8
4537 10 10 4
4538 10 9 5
4539 13 12 6
4540 12 11 5
4541 17 16 6
4542 10 10 4
4543 10 9 5
4544 13 13 7
4545 15 15 5
4546 13 12 4
4547 12 11 5
4548 25 25 7
4549 15 14 6
4550 20 19 5
4551 15 14 6
4552 10 10 4
4553 18 17 5
4554 17 17 5
4555 13 12 4
4556 16 15 5
4557 17 17 5
4558 11 10 4
4559 16 15 7
4560 17 16 6
4561 12 12 4
4562 14 13 5
4563 23 23 5
4564 15 14 6
4565 10 10 4
4566 22 21 7
4567 9 8 4
4568 12 11 5
4569 11 10 4
4570 16 15 7
4571 13 12 4
4572 16 15 5
4573 7 7 7
4574 8 8 4
4575 14 13 5
4576 13 13 5
4577 19 19 5
4578 7 6 5
4579 9 9 5
4580 15 14 4
4581 22 21 9
4582 7 6 5
4583 19 18 4
4584 10 9 5
4585 19 19 7
4586 11 11 5
4587 19 18 4
4588 24 23 7
4589 11 10 4
4590 22 21 7
4591 19 18 6
4592 16 16 4
4593 20 19 5
4594 25 25 5
4595 45 44 8
4596 36 36 6
4597 30 30 4
4598 18 17 5
4599 23 23 5
4600 31 31 7
4601 39 38 8
4602 36 36 6
4603 44 43 7
4604 37 37 9
4605 47 46 8
4606 36 36 6
4607 36 35 7
4608 31 30 6
4609 20 20 6
4610 40 39 7
4611 41 41 11
4612 29 28 8
4613 24 24 6
4614 28 28 8
4615 32 32 8
4616 32 32 6
4617 36 36 10
4618 26 26 6
4619 22 21 7
4620 29 28 6
4621 30 30 8
4622 18 17 5
4623 33 33 5
4624 33 33 9
4625 31 30 8
4626 12 12 4
4627 14 13 5
4628 17 17 7
4629 17 17 5
4630 33 33 11
4631 31 30 6
4632 28 28 14
4633 30 29 7
4634 39 38 6
4635 24 23 5
4636 15 15 5
4637 17 16 4
4638 14 13 5
4639 15 15 5
4640 21 20 6
4641 12 11 5
4642 27 26 8
4643 22 22 6
4644 20 19 5
4645 17 16 4
4646 12 11 7
4647 17 16 6
4648 18 18 6
4649 14 14 6
4650 18 18 4
4651 12 11 5
4652 23 22 8
4653 18 18 4
4654 18 17 5
4655 13 12 6
4656 14 14 6
4657 16 15 5
4658 11 10 4
4659 26 25 9
4660 15 14 4
4661 18 17 5
4662 19 18 6
4663 16 15 5
4664 13 12 4
4665 20 19 7
4666 15 14 4
4667 14 13 5
4668 15 14 4
4669 6 5 4
4670 12 11 5
4671 19 18 6
4672 12 11 5
4673 25 25 7
4674 15 14 6
4675 16 16 4
4676 14 13 7
4677 17 16 6
4678 20 19 5
4679 25 24 6
4680 18 18 4
4681 16 15 5
4682 19 18 6
4683 14 13 5
4684 19 18 6
4685 18 17 5
4686 9 8 4
4687 28 27 5
4688 33 33 5
4689 17 17 5
4690 33 33 5
4691 33 33 7
4692 23 22 6
4693 14 13 5
4694 29 28 6
4695 18 18 6
4696 24 24 6
4697 20 19 7
4698 17 16 4
4699 32 31 7
4700 19 19 5
4701 21 20 4
4702 32 31 5
4703 21 20 6
4704 30 30 8
4705 16 15 5
4706 23 22 4
4707 24 23 5
4708 25 25 5
4709 23 23 7
4710 47 46 8
4711 26 26 6
4712 24 24 6
4713 36 36 8
4714 20 19 5
4715 27 27 5
4716 23 22 4
4717 26 25 5
4718 21 20 6
4719 28 28 6
4720 30 30 4
4721 32 31 7
4722 23 23 5
4723 31 30 6
4724 28 27 5
4725 21 21 5
4726 35 35 7
4727 27 26 6
4728 24 24 6
4729 24 24 6
4730 20 19 5
4731 25 24 4
4732 38 37 7
4733 21 20 6
4734 26 26 6
4735 28 28 6
4736 36 36 6
4737 38 38 10
4738 26 26 6
4739 38 38 8
4740 50 50 12
4741 32 31 7
4742 37 37 9
4743 25 25 7
4744 53 52 14
4745 34 33 7
4746 35 34 10
4747 20 20 6
4748 30 30 8
4749 34 33 7
4750 29 28 8
4751 38 37 7
4752 29 29 7
4753 37 36 6
4754 24 24 6
4755 22 21 5
4756 25 25 5
4757 27 26 8
4758 22 22 6
4759 34 34 10
4760 32 32 8
4761 30 30 8
4762 28 28 6
4763 20 20 4
4764 28 27 9
4765 33 33 7
4766 23 22 4
4767 24 23 5
4768 29 29 5
4769 35 35 9
4770 17 16 4
4771 40 39 7
4772 19 18 6
4773 30 30 4
4774 40 39 7
4775 37 36 6
4776 34 33 9
4777 47 46 4
4778 36 35 7
4779 27 27 5
4780 29 28 6
4781 22 22 6
4782 28 27 7
4783 29 29 7
4784 21 20 4
4785 28 27 5
4786 29 29 9
4787 23 22 6
4788 24 23 5
4789 23 23 5
4790 29 29 7
4791 25 25 5
4792 25 25 5
4793 21 20 6
4794 36 35 5
4795 17 16 6
4796 14 14 4
4797 24 23 7
4798 17 16 6
4799 12 12 4
4800 26 25 5
4801 25 25 5
4802 11 11 5
4803 15 14 4
4804 22 21 5
4805 13 13 5
4806 19 18 4
4807 22 21 5
4808 13 13 5
4809 19 18 6
4810 14 14 6
4811 20 19 5
4812 25 24 6
4813 18 18 6
4814 14 14 4
4815 14 13 5
4816 17 16 6
4817 24 24 6
4818 20 20 4
4819 24 23 5
4820 21 20 6
4821 18 18 6
4822 22 22 6
4823 22 22 4
4824 22 21 7
4825 21 20 6
4826 12 12 6
4827 16 16 6
4828 20 20 4
4829 14 13 5
4830 11 10 4
4831 38 37 9
4832 25 24 8
4833 26 25 5
4834 21 21 5
4835 23 23 5
4836 21 21 7
4837 17 16 4
4838 16 15 5
4839 23 22 8
4840 24 24 6
4841 16 16 4
4842 20 19 5
4843 19 18 6
4844 16 16 6
4845 18 18 4
4846 24 23 5
4847 23 23 5
4848 19 18 4
4849 18 17 5
4850 19 19 5
4851 23 22 6
4852 12 11 5
4853 11 10 4
4854 22 21 5
4855 11 10 4
4856 22 21 7
4857 15 14 4
4858 12 11 5
4859 13 13 5
4860 21 21 7
4861 11 11 5
4862 17 16 6
4863 12 12 4
4864 10 9 5
4865 13 12 6
4866 10 10 6
4867 12 12 4
4868 12 11 5
4869 21 20 4
4870 10 9 5
4871 17 17 7
4872 11 10 4
4873 12 11 5
4874 21 21 5
4875 19 19 5
4876 15 14 4
4877 18 17 5
4878 11 11 5
4879 11 10 4
4880 16 15 7
4881 19 18 6
4882 12 11 5
4883 7 6 5
4884 15 15 7
4885 11 10 4
4886 24 23 7
4887 13 12 6
4888 12 12 4
4889 12 11 7
4890 15 14 4
4891 18 17 7
4892 15 15 5
4893 13 13 5
4894 11 11 5
4895 13 12 6
4896 14 14 4
4897 12 11 5
4898 21 20 6
4899 12 12 6
4900 8 8 4
4901 14 13 5
4902 13 12 6
4903 12 12 6
4904 12 12 6
4905 12 12 6
4906 10 10 4
4907 18 17 7
4908 11 10 6
4909 10 10 4
4910 10 9 5
4911 15 14 6
4912 12 11 5
4913 17 16 4
4914 16 15 5
4915 17 17 5
4916 13 12 4
4917 12 11 5
4918 13 12 6
4919 10 10 6
4920 18 18 6
4921 10 10 4
4922 20 19 5
4923 13 13 5
4924 11 11 5
4925 9 8 4
4926 12 11 5
4927 11 11 7
4928 9 8 4
4929 12 11 5
4930 17 16 6
4931 14 14 6
4932 12 12 4
4933 10 9 5
4934 9 9 5
4935 13 13 7
4936 13 12 4
4937 12 11 5
4938 13 12 6
4939 8 8 4
4940 16 15 5
4941 15 14 6
4942 16 15 5
4943 15 15 7
4944 15 14 6
4945 14 14 8
4946 8 8 4
4947 12 11 5
4948 7 6 5
4949 17 16 8
4950 16 15 5
4951 15 14 6
4952 12 12 4
4953 28 27 7
4954 13 12 6
4955 12 12 6
4956 14 14 6
4957 12 12 4
4958 10 9 5
4959 15 14 6
4960 14 14 4
4961 12 11 5
4962 9 9 5
4963 7 6 5
4964 19 18 6
4965 14 13 5
4966 7 6 5
4967 13 12 6
4968 10 10 6
4969 18 18 6
4970 16 15 5
4971 9 8 4
4972 12 11 5
4973 15 14 6
4974 16 16 6
4975 14 13 5
4976 13 13 5
4977 7 7 7
4978 18 18 6
4979 12 12 4
4980 20 19 5
4981 33 33 5
4982 21 21 5
4983 15 15 5
4984 27 27 5
4985 15 14 4
4986 18 17 5
4987 15 14 4
4988 18 17 7
4989 15 15 5
4990 19 19 7
4991 33 32 6
4992 20 19 5
4993 25 24 6
4994 24 24 6
4995 12 12 4
4996 18 17 5
4997 17 16 4
4998 26 25 5
4999 15 15 7
5000 31 31 5
5001 19 18 6
5002 14 14 4
5003 32 31 7
5004 23 22 6
5005 22 22 4
5006 26 25 5
5007 17 16 4
5008 16 15 5
5009 11 11 5
5010 23 22 6
5011 20 19 5
5012 21 20 4
5013 28 27 7
5014 21 20 6
5015 20 19 7
5016 25 24 8
5017 26 26 6
5018 32 32 4
5019 20 19 5
5020 31 31 5
5021 23 22 4
5022 30 29 7
5023 17 16 4
5024 28 27 5
5025 25 25 5
5026 31 30 8
5027 16 16 4
5028 16 15 5
5029 29 29 5
5030 19 19 7
5031 31 30 8
5032 20 20 6
5033 22 21 7
5034 31 30 8
5035 28 28 6
5036 22 22 6
5037 24 24 8
5038 18 18 6
5039 24 23 7
5040 33 33 9
5041 25 25 9
5042 15 14 6
5043 16 16 4
5044 24 23 5
5045 25 25 7
5046 21 20 6
5047 14 14 6
5048 20 20 6
5049 16 16 4
5050 12 11 5
5051 31 30 8
5052 16 16 4
5053 36 35 9
5054 27 26 8
5055 20 20 4
5056 16 15 5
5057 19 18 6
5058 30 30 8
5059 18 17 5
5060 19 18 6
5061 20 20 6
5062 14 14 6
5063 16 16 4
5064 18 17 5
5065 21 20 6
5066 26 26 8
5067 32 31 7
5068 25 25 5
5069 19 19 7
5070 15 15 5
5071 21 20 6
5072 20 20 6
5073 24 24 6
5074 16 15 5
5075 11 11 5
5076 19 19 7
5077 11 11 5
5078 11 11 5
5079 23 22 8
5080 10 10 4
5081 20 19 5
5082 9 9 5
5083 25 24 6
5084 14 14 4
5085 14 13 5
5086 9 8 7
5087 15 14 6
5088 18 18 8
5089 12 12 4
5090 10 9 5
5091 17 16 4
5092 18 17 7
5093 15 15 7
5094 21 21 7
5095 11 10 4
5096 16 15 5
5097 7 7 7
5098 6 6 6
5099 7 6 5
5100 7 6 5
5101 13 13 5
5102 21 21 7
5103 15 14 6
5104 22 21 7
5105 17 16 6
5106 6 6 6
5107 9 8 4
5108 12 11 5
5109 13 13 5
5110 11 11 5
5111 11 11 5
5112 23 22 6
5113 16 16 8
5114 8 8 4
5115 14 13 7
5116 11 10 6
5117 12 11 5
5118 9 9 5
5119 21 20 4
5120 14 13 5
5121 13 12 6
5122 16 16 6
5123 10 10 4
5124 16 15 5
5125 15 14 4
5126 20 19 5
5127 13 13 7
5128 23 22 4
5129 16 15 5
5130 21 21 5
5131 21 20 6
5132 14 13 5
5133 15 15 5
5134 13 13 5
5135 19 19 5
5136 23 23 5
5137 15 14 4
5138 14 13 5
5139 13 12 4
5140 14 13 5
5141 11 11 5
5142 15 14 4
5143 18 17 5
5144 13 13 5
5145 21 20 6
5146 14 14 4
5147 24 23 5
5148 9 9 5
5149 21 20 4
5150 16 15 5
5151 17 16 6
5152 8 8 4
5153 12 11 5
5154 25 24 4
5155 14 13 5
5156 15 15 5
5157 13 12 6
5158 8 8 4
5159 16 15 5
5160 11 10 4
5161 8 7 6
5162 8 8 4
5163 10 9 5
5164 9 9 5
5165 11 10 4
5166 16 15 5
5167 19 19 5
5168 21 20 6
5169 6 5 4
5170 12 11 7
5171 13 12 6
5172 6 6 6
5173 17 16 6
5174 20 20 6
5175 6 6 6
5176 15 14 6
5177 12 12 6
5178 14 13 5
5179 13 13 5
5180 9 8 4
5181 14 13 5
5182 17 17 5
5183 19 18 8
5184 6 6 6
5185 15 14 6
5186 10 9 5
5187 13 13 5
5188 13 12 4
5189 10 9 5
5190 17 16 6
5191 10 10 4
5192 18 17 5
5193 11 10 4
5194 20 19 5
5195 11 11 5
5196 9 8 4
5197 14 13 7
5198 17 16 6
5199 12 12 6
5200 12 12 6
5201 18 18 8
5202 14 14 6
5203 12 11 5
5204 21 20 6
5205 16 16 6
5206 14 14 6
5207 18 18 8
5208 10 10 4
5209 18 17 5
5210 11 11 5
5211 9 9 5
5212 15 15 7
5213 11 11 5
5214 11 10 4
5215 10 9 5
5216 15 14 6
5217 14 14 4
5218 14 13 7
5219 11 10 4
5220 10 9 5
5221 7 6 5
5222 9 9 5
5223 5 5 5
5224 8 7 6
5225 8 8 4
5226 12 11 5
5227 11 10 6
5228 12 12 6
5229 20 19 7
5230 11 10 4
5231 12 11 7
5232 13 12 4
5233 6 5 4
5234 12 11 5
5235 9 8 4
5236 20 19 7
5237 17 16 6
5238 14 14 4
5239 6 5 4
5240 12 11 5
5241 9 9 5
5242 7 7 7
5243 16 16 6
5244 12 11 5
5245 17 16 8
5246 6 6 6
5247 15 14 6
5248 18 18 6
5249 12 11 5
5250 19 19 5
5251 21 20 6
5252 10 9 5
5253 15 14 4
5254 20 19 7
5255 15 15 5
5256 11 10 4
5257 14 13 5
5258 11 11 5
5259 17 16 6
5260 18 17 5
5261 19 18 8
5262 12 12 4
5263 30 29 5
5264 13 12 4
5265 20 19 7
5266 11 10 4
5267 14 13 5
5268 15 15 5
5269 9 9 5
5270 13 13 5
5271 21 21 7
5272 15 14 4
5273 22 21 5
5274 15 15 5
5275 17 16 6
5276 14 13 5
5277 19 19 5
5278 29 28 6
5279 22 21 5
5280 21 20 6
5281 12 12 4
5282 14 13 7
5283 17 17 5
5284 17 16 4
5285 16 15 7
5286 33 33 7
5287 17 16 6
5288 20 20 4
5289 22 21 5
5290 33 33 5
5291 15 14 4
5292 24 23 5
5293 33 33 5
5294 25 24 6
5295 24 23 5
5296 17 17 5
5297 17 17 5
5298 25 24 6
5299 22 21 7
5300 25 24 6
5301 24 24 6
5302 42 41 19
5303 27 26 8
5304 18 17 7
5305 43 42 10
5306 30 30 6
5307 26 25 5
5308 13 12 4
5309 44 43 15
5310 23 22 6
5311 18 18 4
5312 20 19 7
5313 35 35 7
5314 35 34 8
5315 32 31 9
5316 17 16 4
5317 32 31 7
5318 15 14 4
5319 30 29 11
5320 21 20 6
5321 34 34 10
5322 30 30 6
5323 30 29 9
5324 25 24 8
5325 20 20 4
5326 26 25 7
5327 31 30 6
5328 18 18 4
5329 32 31 11
5330 19 18 6
5331 12 12 4
5332 48 47 17
5333 15 14 6
5334 32 31 9
5335 27 27 7
5336 21 21 7
5337 15 14 6
5338 34 33 7
5339 13 13 5
5340 11 11 5
5341 27 26 10
5342 22 22 6
5343 30 29 11
5344 29 29 7
5345 23 23 7
5346 23 22 4
5347 36 35 7
5348 13 13 5
5349 27 26 8
5350 16 16 4
5351 24 23 5
5352 19 18 6
5353 22 22 6
5354 18 18 6
5355 20 20 6
5356 16 16 6
5357 24 24 6
5358 20 19 7
5359 33 32 8
5360 22 22 6
5361 28 28 6
5362 22 22 6
5363 22 21 5
5364 33 32 8
5365 22 22 6
5366 18 17 5
5367 7 6 5
5368 19 18 6
5369 18 18 6
5370 16 16 4
5371 14 13 5
5372 17 17 5
5373 19 18 8
5374 14 14 4
5375 18 17 5
5376 13 12 6
5377 10 10 6
5378 10 9 5
5379 21 20 6
5380 12 11 5
5381 15 14 4
5382 12 11 5
5383 19 19 5
5384 15 15 7
5385 7 6 5
5386 9 9 5
5387 15 15 5
5388 17 17 5
5389 11 11 5
5390 15 15 5
5391 15 14 6
5392 10 9 5
5393 17 16 6
5394 12 11 5
5395 15 15 7
5396 19 18 6
5397 20 20 6
5398 12 12 6
5399 12 12 4
5400 16 15 5
5401 13 12 6
5402 26 25 5
5403 15 15 5
5404 19 18 4
5405 30 29 7
5406 11 10 4
5407 26 25 7
5408 37 36 6
5409 20 19 5
5410 11 10 4
5411 26 25 5
5412 13 13 5
5413 9 8 4
5414 10 9 5
5415 21 21 7
5416 17 16 4
5417 12 11 5
5418 13 12 6
5419 20 20 6
5420 16 15 5
5421 25 24 6
5422 20 20 6
5423 18 18 6
5424 14 14 6
5425 10 10 4
5426 16 15 5
5427 13 13 5
5428 11 11 5
5429 9 8 4
5430 28 27 5
5431 15 15 5
5432 13 13 5
5433 15 15 5
5434 17 17 5
5435 13 13 5
5436 19 18 4
5437 14 13 5
5438 15 15 5
5439 17 16 4
5440 16 15 5
5441 13 12 6
5442 14 14 6
5443 16 16 6
5444 24 24 6
5445 16 15 5
5446 19 18 4
5447 16 15 5
5448 17 17 5
5449 15 15 5
5450 15 15 5
5451 25 24 8
5452 12 12 6
5453 20 20 6
5454 16 16 4
5455 26 25 5
5456 19 19 5
5457 13 13 5
5458 35 35 11
5459 23 22 6
5460 22 22 4
5461 32 31 5
5462 25 25 7
5463 27 27 5
5464 31 30 6
5465 24 23 7
5466 17 16 6
5467 22 22 6
5468 34 34 8
5469 18 18 4
5470 26 25 5
5471 15 15 5
5472 23 22 6
5473 28 28 6
5474 16 15 5
5475 23 22 6
5476 10 10 4
5477 20 19 7
5478 25 24 6
5479 26 26 6
5480 20 19 5
5481 19 18 6
5482 12 12 4
5483 20 19 7
5484 13 12 4
5485 14 13 5
5486 21 20 6
5487 10 9 5
5488 13 12 6
5489 22 22 8
5490 10 10 4
5491 10 9 5
5492 15 14 6
5493 18 18 8
5494 10 9 5
5495 11 11 5
5496 9 9 5
5497 11 11 5
5498 17 17 5
5499 15 15 5
5500 13 12 6
5501 16 16 6
5502 14 13 5
5503 15 15 7
5504 15 15 5
5505 13 12 4
5506 12 11 7
5507 15 14 4
5508 18 17 9
5509 17 16 6
5510 10 10 6
5511 12 12 6
5512 6 6 6
5513 11 10 4
5514 10 9 5
5515 15 14 6
5516 14 13 5
5517 17 17 5
5518 7 7 7
5519 14 13 5
5520 17 16 6
5521 10 10 4
5522 30 29 7
5523 19 19 5
5524 13 13 5
5525 11 11 5
5526 17 17 5
5527 13 12 6
5528 6 5 4
5529 10 9 5
5530 11 11 5
5531 19 18 6
5532 16 15 5
5533 13 13 7
5534 15 14 4
5535 14 13 5
5536 13 12 4
5537 16 15 7
5538 19 19 5
5539 19 18 6
5540 22 21 5
5541 17 17 7
5542 21 20 4
5543 12 11 5
5544 11 10 6
5545 10 10 6
5546 18 17 5
5547 15 14 6
5548 10 10 6
5549 14 14 6
5550 6 5 4
5551 20 19 7
5552 11 10 6
5553 14 14 6
5554 12 12 4
5555 14 13 5
5556 11 11 5
5557 13 12 6
5558 12 12 4
5559 14 13 5
5560 11 10 4
5561 12 11 5
5562 15 15 7
5563 19 18 8
5564 12 12 4
5565 18 17 5
5566 15 15 5
5567 13 12 4
5568 12 11 5
5569 7 7 7
5570 6 5 4
5571 12 11 7
5572 11 10 6
5573 16 16 6
5574 14 14 6
5575 16 16 4
5576 20 19 7
5577 11 10 6
5578 14 14 4
5579 6 5 4
5580 22 21 5
5581 7 6 5
5582 9 8 4
5583 14 13 7
5584 11 11 5
5585 11 10 4
5586 20 19 7
5587 13 12 6
5588 6 5 4
5589 20 19 7
5590 17 16 4
5591 18 17 5
5592 29 29 5
5593 17 16 6
5594 18 18 4
5595 12 11 5
5596 19 18 6
5597 10 10 4
5598 16 15 7
5599 17 16 6
5600 8 8 4
5601 16 15 5
5602 15 15 5
5603 31 30 6
5604 14 14 6
5605 16 16 6
5606 22 21 5
5607 19 19 5
5608 15 15 5
5609 15 15 5
5610 21 20 6
5611 18 18 6
5612 16 16 6
5613 16 16 6
5614 12 11 5
5615 23 22 6
5616 10 10 4
5617 10 9 5
5618 9 9 5
5619 15 15 7
5620 19 18 6
5621 14 14 6
5622 18 18 4
5623 16 15 5
5624 5 5 5
5625 12 11 5
5626 11 11 7
5627 9 8 4
5628 12 11 5
5629 15 14 6
5630 14 14 4
5631 16 15 5
5632 9 9 5
5633 13 12 6
5634 20 20 8
5635 14 13 5
5636 15 14 6
5637 10 9 5
5638 11 11 5
5639 13 12 6
5640 16 15 5
5641 13 13 5
5642 13 13 7
5643 21 20 4
5644 16 15 5
5645 13 13 5
5646 17 16 4
5647 14 13 5
5648 15 15 5
5649 17 16 8
5650 18 18 6
5651 12 11 5
5652 7 6 5
5653 9 9 5
5654 9 8 4
5655 12 11 7
5656 11 10 6
5657 20 19 5
5658 17 16 6
5659 14 14 8
5660 12 11 5
5661 17 17 5
5662 7 7 7
5663 8 8 4
5664 16 15 5
5665 11 11 5
5666 15 14 6
5667 8 8 4
5668 22 21 7
5669 13 13 5
5670 17 17 5
5671 17 16 6
5672 20 20 6
5673 14 13 5
5674 27 26 4
5675 20 19 5
5676 29 28 6
5677 18 18 4
5678 24 23 5
5679 25 25 5
5680 45 45 5
5681 23 23 5
5682 31 31 7
5683 33 32 4
5684 48 47 7
5685 35 35 7
5686 27 26 6
5687 24 24 6
5688 32 32 8
5689 30 30 6
5690 32 32 8
5691 32 32 6
5692 20 19 5
5693 37 36 8
5694 38 38 10
5695 38 38 12
5696 30 30 6
5697 44 44 10
5698 36 36 8
5699 36 35 9
5700 33 33 7
5701 23 22 8
5702 50 50 12
5703 40 40 8
5704 36 36 6
5705 26 26 6
5706 22 22 6
5707 40 39 9
5708 35 34 8
5709 26 26 6
5710 40 40 6
5711 26 25 9
5712 35 34 10
5713 18 18 6
5714 38 38 8
5715 38 38 12
5716 36 36 6
5717 34 34 8
5718 22 21 7
5719 43 43 9
5720 25 25 5
5721 33 32 6
5722 22 22 6
5723 38 37 7
5724 33 32 6
5725 24 23 5
5726 37 37 9
5727 35 34 8
5728 28 27 7
5729 35 34 10
5730 38 38 8
5731 30 29 5
5732 25 25 7
5733 27 26 6
5734 24 24 6
5735 30 30 6
5736 24 23 7
5737 29 28 6
5738 20 20 4
5739 24 23 5
5740 9 8 4
5741 18 17 5
5742 17 16 6
5743 20 20 4
5744 18 17 5
5745 15 14 4
5746 18 17 7
5747 21 20 6
5748 16 16 4
5749 24 23 5
5750 17 16 4
5751 20 19 5
5752 19 18 4
5753 20 19 5
5754 15 14 4
5755 22 21 5
5756 11 11 5
5757 15 15 5
5758 17 16 6
5759 18 18 6
5760 16 15 5
5761 21 20 6
5762 18 17 7
5763 15 14 4
5764 12 11 5
5765 11 10 6
5766 16 16 4
5767 28 27 7
5768 21 20 6
5769 32 32 10
5770 20 20 4
5771 16 15 5
5772 15 15 5
5773 25 24 6
5774 14 14 4
5775 24 23 5
5776 17 17 5
5777 25 24 6
5778 24 23 5
5779 15 15 5
5780 15 15 5
5781 31 31 7
5782 27 26 6
5783 18 18 8
5784 20 19 5
5785 17 16 4
5786 24 23 7
5787 27 26 8
5788 24 24 4
5789 24 23 7
5790 19 19 7
5791 21 20 6
5792 18 18 4
5793 20 19 5
5794 21 21 5
5795 29 29 5
5796 23 23 5
5797 23 22 8
5798 24 24 6
5799 30 30 6
5800 38 37 11
5801 25 25 5
5802 29 29 5
5803 17 17 5
5804 43 42 6
5805 30 29 9
5806 29 28 6
5807 30 29 7
5808 15 14 4
5809 24 23 5
5810 19 18 6
5811 24 23 5
5812 37 36 10
5813 20 20 4
5814 18 17 7
5815 21 20 6
5816 14 13 5
5817 13 13 5
5818 15 15 5
5819 15 15 5
5820 11 10 6
5821 16 16 6
5822 28 28 6
5823 10 10 4
5824 14 13 5
5825 19 19 5
5826 13 13 5
5827 13 13 5
5828 17 16 6
5829 14 13 5
5830 23 22 8
5831 26 25 5
5832 17 16 6
5833 8 8 4
5834 14 13 5
5835 17 16 4
5836 24 23 7
5837 21 20 6
5838 6 6 6
5839 13 12 4
5840 14 13 5
5841 13 12 4
5842 16 15 7
5843 11 10 4
5844 10 9 5
5845 11 10 4
5846 18 17 5
5847 13 12 6
5848 10 10 4
5849 14 13 5
5850 13 12 6
5851 12 11 5
5852 9 8 4
5853 12 11 5
5854 7 7 7
5855 10 10 6
5856 14 14 4
5857 14 13 5
5858 13 13 5
5859 19 18 6
5860 6 6 6
5861 11 11 5
5862 7 6 5
5863 9 8 4
5864 20 19 9
5865 11 10 4
5866 10 9 5
5867 7 6 5
5868 11 10 6
5869 6 6 6
5870 9 9 5
5871 19 18 6
5872 18 18 4
5873 20 19 5
5874 15 15 5
5875 11 11 5
5876 9 9 5
5877 15 15 5
5878 13 12 6
5879 14 14 6
5880 14 13 5
5881 11 11 5
5882 9 9 5
5883 11 10 6
5884 12 11 5
5885 9 8 4
5886 16 15 5
5887 23 23 7
5888 13 12 6
5889 22 22 8
5890 18 17 7
5891 13 12 6
5892 12 12 4
5893 12 11 5
5894 7 6 5
5895 15 14 6
5896 10 10 6
5897 10 10 4
5898 18 17 5
5899 11 10 4
5900 12 11 5
5901 17 16 8
5902 12 12 4
5903 10 9 5
5904 17 16 8
5905 18 17 7
5906 11 10 4
5907 12 11 5
5908 9 8 4
5909 10 9 5
5910 11 11 5
5911 15 14 6
5912 16 16 4
5913 16 15 7
5914 13 12 6
5915 12 11 5
5916 9 8 4
5917 12 11 7
5918 7 6 5
5919 13 12 6
5920 12 11 5
5921 7 6 5
5922 21 20 6
5923 18 17 5
5924 11 11 5
5925 19 18 8
5926 10 10 4
5927 18 17 5
5928 17 17 5
5929 11 10 6
5930 16 16 8
5931 8 8 4
5932 12 11 5
5933 15 14 4
5934 26 25 7
5935 25 25 5
5936 21 20 4
5937 16 15 5
5938 13 12 4
5939 12 11 7
5940 17 16 6
5941 12 12 6
5942 18 17 5
5943 13 12 4
5944 10 9 5
5945 15 15 5
5946 15 14 4
5947 10 9 5
5948 17 16 6
5949 6 6 6
5950 11 10 4
5951 22 21 5
5952 13 13 5
5953 13 12 6
5954 10 10 6
5955 14 14 8
5956 8 8 4
5957 12 11 5
5958 11 10 6
5959 10 9 5
5960 9 8 4
5961 10 9 5
5962 15 14 6
5963 12 12 4
5964 10 9 5
5965 15 14 8
5966 12 12 6
5967 16 16 6
5968 14 14 6
5969 28 27 7
5970 15 14 4
5971 18 17 5
5972 13 12 6
5973 12 12 6
5974 6 6 6
5975 13 12 4
5976 16 15 5
5977 9 9 5
5978 5 5 5
5979 16 15 5
5980 19 18 6
5981 18 18 4
5982 14 13 5
5983 13 12 6
5984 14 14 8
5985 6 6 6
5986 17 16 6
5987 14 14 6
5988 10 10 6
5989 14 13 5
5990 7 6 5
5991 13 12 6
5992 10 10 6
5993 12 11 5
5994 13 12 6
5995 12 12 6
5996 10 9 5
5997 9 8 4
5998 32 31 5
5999 7 6 5
6000 11 10 6
6001 12 12 4
6002 20 19 7
6003 9 9 5
6004 9 9 5
6005 15 14 6
6006 20 20 8
6007 10 10 4
6008 12 11 5
6009 11 10 6
6010 14 14 6
6011 18 18 6
6012 14 13 5
6013 19 19 7
6014 17 16 6
6015 12 12 4
6016 26 25 5
6017 27 26 4
6018 16 15 7
6019 23 22 6
6020 22 22 6
6021 18 18 6
6022 24 24 4
6023 24 23 5
6024 29 28 4
6025 40 39 7
6026 33 32 6
6027 36 35 5
6028 21 20 6
6029 30 30 6
6030 36 36 8
6031 22 22 8
6032 32 32 6
6033 48 48 10
6034 22 22 6
6035 24 24 6
6036 30 30 8
6037 18 17 5
6038 31 31 5
6039 27 27 7
6040 45 44 12
6041 20 19 7
6042 17 17 5
6043 27 27 9
6044 31 30 6
6045 22 21 5
6046 17 16 6
6047 22 22 6
6048 22 22 4
6049 26 25 5
6050 37 37 9
6051 23 22 6
6052 42 42 8
6053 16 15 5
6054 37 36 16
6055 24 24 6
6056 24 24 8
6057 14 13 5
6058 21 20 6
6059 22 22 6
6060 22 22 8
6061 20 20 6
6062 22 22 4
6063 26 25 7
6064 19 19 5
6065 11 10 4
6066 26 25 7
6067 25 24 6
6068 34 33 7
6069 19 19 9
6070 13 13 5
6071 21 20 8
6072 28 27 5
6073 27 27 7
6074 15 15 5
6075 17 17 5
6076 15 14 4
6077 30 29 7
6078 25 24 6
6079 30 29 9
6080 19 18 6
6081 28 28 10
6082 14 14 4
6083 22 21 5
6084 13 12 4
6085 24 23 7
6086 29 28 6
6087 12 12 4
6088 22 21 5
6089 25 25 5
6090 33 32 8
6091 18 18 6
6092 20 19 7
6093 11 10 4
6094 16 15 5
6095 23 22 6
6096 16 15 5
6097 19 18 6
6098 14 14 4
6099 10 9 5
6100 17 16 6
6101 22 22 6
6102 18 18 4
6103 12 11 5
6104 15 14 6
6105 20 20 6
6106 22 22 6
6107 24 23 5
6108 13 13 5
6109 17 16 6
6110 20 20 6
6111 20 20 6
6112 14 13 5
6113 15 14 6
6114 8 8 4
6115 14 13 5
6116 7 6 5
6117 21 20 8
6118 8 8 4
6119 14 13 5
6120 21 20 6
6121 12 12 6
6122 18 17 5
6123 15 14 4
6124 10 9 5
6125 13 13 7
6126 15 14 4
6127 14 13 5
6128 9 8 4
6129 22 21 5
6130 11 11 5
6131 15 14 6
6132 14 14 4
6133 12 11 5
6134 11 10 4
6135 16 15 5
6136 13 13 5
6137 15 15 5
6138 13 13 5
6139 11 11 5
6140 9 9 5
6141 23 22 6
6142 10 10 4
6143 32 31 5
6144 17 17 5
6145 23 23 5
6146 15 14 4
6147 22 21 5
6148 21 20 6
6149 20 20 6
6150 10 9 5
6151 17 16 4
6152 14 13 5
6153 13 12 4
6154 12 11 5
6155 13 13 5
6156 21 21 7
6157 11 10 4
6158 10 9 5
6159 13 12 4
6160 10 9 5
6161 7 7 7
6162 14 14 4
6163 24 23 7
6164 17 16 6
6165 22 22 6
6166 18 18 6
6167 12 12 4
6168 14 13 5
6169 11 11 5
6170 15 15 7
6171 15 14 6
6172 24 24 6
6173 14 13 5
6174 21 20 8
6175 24 23 5
6176 13 13 5
6177 9 9 5
6178 13 12 6
6179 18 18 4
6180 10 9 5
6181 9 9 5
6182 9 8 7
6183 15 14 4
6184 10 9 5
6185 17 16 6
6186 20 20 6
6187 24 23 7
6188 19 19 7
6189 11 10 4
6190 16 15 5
6191 11 11 5
6192 15 14 4
6193 8 7 6
6194 16 16 6
6195 8 8 4
6196 14 13 5
6197 13 13 7
6198 9 8 4
6199 16 15 5
6200 15 14 4
6201 16 15 5
6202 13 13 7
6203 9 8 4
6204 20 19 5
6205 15 14 6
6206 14 13 7
6207 11 10 4
6208 10 9 5
6209 17 16 8
6210 6 6 6
6211 17 16 4
6212 12 11 5
6213 7 7 7
6214 12 12 4
6215 14 13 7
6216 11 11 5
6217 13 12 6
6218 12 12 6
6219 8 7 6
6220 12 11 5
6221 15 14 6
6222 14 13 7
6223 13 12 4
6224 12 11 5
6225 13 13 7
6226 9 8 4
6227 16 15 7
6228 13 12 4
6229 8 7 6
6230 14 14 6
6231 22 22 4
6232 6 5 4
6233 14 13 5
6234 11 10 4
6235 12 11 5
6236 19 18 6
6237 18 18 6
6238 22 21 5
6239 17 17 7
6240 19 18 4
6241 26 25 7
6242 15 14 8
6243 10 10 4
6244 22 21 5
6245 11 11 5
6246 15 15 5
6247 13 12 6
6248 16 16 6
6249 16 16 6
6250 22 22 6
6251 22 21 5
6252 31 30 6
6253 20 19 5
6254 17 16 4
6255 32 31 7
6256 25 25 5
6257 17 17 5
6258 21 21 5
6259 39 38 6
6260 20 20 4
6261 28 27 5
6262 23 23 5
6263 13 13 5
6264 17 17 5
6265 23 22 6
6266 24 24 6
6267 26 25 5
6268 29 29 5
6269 15 15 5
6270 33 32 8
6271 16 16 4
6272 20 19 5
6273 21 20 6
6274 28 28 6
6275 28 27 7
6276 31 30 6
6277 28 28 6
6278 24 23 5
6279 15 14 6
6280 14 14 4
6281 22 21 5
6282 31 31 9
6283 27 26 4
6284 24 23 7
6285 25 24 4
6286 34 33 9
6287 27 26 6
6288 28 27 5
6289 23 22 8
6290 14 14 4
6291 22 21 5
6292 23 22 6
6293 22 22 6
6294 26 26 4
6295 24 23 7
6296 15 14 4
6297 26 25 5
6298 21 21 7
6299 23 22 4
6300 28 27 9
6301 15 15 5
6302 21 21 5
6303 19 19 5
6304 27 26 6
6305 24 24 6
6306 32 32 6
6307 40 39 7
6308 25 24 4
6309 22 21 5
6310 17 17 5
6311 19 18 6
6312 24 24 6
6313 22 22 6
6314 24 24 6
6315 16 16 6
6316 22 21 5
6317 25 25 5
6318 31 31 7
6319 23 22 6
6320 24 23 5
6321 19 19 5
6322 19 18 6
6323 30 30 6
6324 36 36 8
6325 26 25 9
6326 17 16 4
6327 12 11 5
6328 13 13 5
6329 33 32 4
6330 20 19 5
6331 31 31 7
6332 17 16 4
6333 18 17 5
6334 19 18 6
6335 26 26 8
6336 20 20 4
6337 22 21 5
6338 17 16 4
6339 18 17 7
6340 19 18 4
6341 22 21 5
6342 17 17 5
6343 19 19 5
6344 23 22 6
6345 16 16 4
6346 20 19 5
6347 13 13 5
6348 17 17 7
6349 17 16 4
6350 10 9 5
6351 19 18 6
6352 8 8 4
6353 22 21 5
6354 11 11 5
6355 13 12 4
6356 14 13 7
6357 13 12 4
6358 18 17 5
6359 7 7 7
6360 20 20 4
6361 10 9 5
6362 15 14 4
6363 14 13 5
6364 17 16 4
6365 16 15 5
6366 13 13 5
6367 17 16 6
6368 12 12 4
6369 18 17 5
6370 15 14 6
6371 8 7 6
6372 12 12 4
6373 16 15 5
6374 17 17 7
6375 19 19 5
6376 11 10 6
6377 10 10 6
6378 16 15 5
6379 9 9 5
6380 11 10 6
6381 8 8 4
6382 18 17 7
6383 15 14 6
6384 16 16 4
6385 18 17 5
6386 15 15 5
6387 9 8 4
6388 12 11 7
6389 11 10 4
6390 6 5 4
6391 8 7 6
6392 10 10 6
6393 14 14 6
6394 10 9 5
6395 13 13 5
6396 27 26 6
6397 10 9 5
6398 19 18 6
6399 14 14 6
6400 10 9 5
6401 17 16 4
6402 10 9 5
6403 17 17 7
6404 13 12 4
6405 24 23 5
6406 13 13 5
6407 27 26 6
6408 12 11 5
6409 5 5 5
6410 16 15 5
6411 15 14 6
6412 10 10 6
6413 12 12 6
6414 12 12 4
6415 12 11 5
6416 15 14 4
6417 18 17 5
6418 21 21 5
6419 9 9 5
6420 17 17 5
6421 17 16 4
6422 18 17 7
6423 17 16 6
6424 14 13 7
6425 13 12 6
6426 18 18 8
6427 10 10 4
6428 12 11 5
6429 11 10 4
6430 12 11 5
6431 27 26 6
6432 18 18 4
6433 16 15 5
6434 19 18 6
6435 16 16 4
6436 16 15 5
6437 17 17 5
6438 15 14 4
6439 14 13 5
6440 11 11 5
6441 15 15 5
6442 21 21 7
6443 17 17 7
6444 17 16 6
6445 20 20 6
6446 12 12 4
6447 26 25 5
6448 27 26 6
6449 28 28 4
6450 28 27 5
6451 39 38 12
6452 12 12 4
6453 14 13 5
6454 33 32 6
6455 24 24 4
6456 28 27 7
6457 23 23 5
6458 35 35 7
6459 25 25 7
6460 21 21 5
6461 33 33 5
6462 39 39 11
6463 33 32 6
6464 34 34 8
6465 30 30 6
6466 38 37 5
6467 27 27 5
6468 33 33 7
6469 25 25 5
6470 21 21 5
6471 41 41 7
6472 43 43 7
6473 31 30 4
6474 18 17 5
6475 33 33 9
6476 29 28 6
6477 38 38 8
6478 38 38 8
6479 26 25 5
6480 39 38 6
6481 18 17 5
6482 27 27 7
6483 23 22 8
6484 28 28 6
6485 34 33 7
6486 35 34 6
6487 34 33 5
6488 13 13 5
6489 27 27 5
6490 13 13 5
6491 21 21 5
6492 27 27 5
6493 15 14 4
6494 22 21 7
6495 25 25 5
6496 25 24 6
6497 12 12 4
6498 20 19 5
6499 21 20 6
6500 20 20 4
6501 18 17 5
6502 31 30 6
6503 16 15 5
6504 15 14 6
6505 10 10 4
6506 22 21 5
6507 19 18 6
6508 22 21 7
6509 15 14 4
6510 22 21 7
6511 19 18 6
6512 18 17 5
6513 13 13 5
6514 19 18 4
6515 20 19 5
6516 13 13 5
6517 19 18 6
6518 10 10 4
6519 8 7 6
6520 14 14 6
6521 24 24 6
6522 18 17 5
6523 9 9 5
6524 11 10 4
6525 14 13 5
6526 21 21 7
6527 21 21 5
6528 21 21 7
6529 11 10 4
6530 16 15 5
6531 13 12 6
6532 14 14 6
6533 12 12 4
6534 26 25 5
6535 11 11 5
6536 25 24 6
6537 20 20 4
6538 14 13 5
6539 17 17 7
6540 9 8 4
6541 18 17 5
6542 15 14 6
6543 18 18 6
6544 24 24 6
6545 22 22 6
6546 18 17 5
6547 29 29 5
6548 25 24 6
6549 20 20 6
6550 26 26 6
6551 12 12 4
6552 18 17 5
6553 23 22 6
6554 18 18 8
6555 24 24 4
6556 18 17 5
6557 15 15 5
6558 11 10 4
6559 20 19 5
6560 9 9 5
6561 21 20 6
6562 22 22 4
6563 22 21 5
6564 19 18 6
6565 18 18 4
6566 20 19 7
6567 27 26 6
6568 16 15 5
6569 25 25 5
6570 11 10 4
6571 14 13 5
6572 19 18 6
6573 26 25 5
6574 21 20 8
6575 22 21 5
6576 23 22 6
6577 14 14 6
6578 12 12 4
6579 12 11 5
6580 13 12 6
6581 18 18 6
6582 20 19 5
6583 13 12 6
6584 16 16 4
6585 14 13 5
6586 13 12 6
6587 18 18 8
6588 12 12 4
6589 8 7 6
6590 12 12 4
6591 16 15 5
6592 15 14 6
6593 12 12 6
6594 12 12 4
6595 12 11 5
6596 17 16 4
6597 10 9 5
6598 13 13 5
6599 13 13 5
6600 15 15 7
6601 15 14 6
6602 12 12 4
6603 22 21 7
6604 15 14 6
6605 14 14 6
6606 12 12 4
6607 14 13 5
6608 9 9 5
6609 13 12 6
6610 16 15 7
6611 17 16 6
6612 6 6 6
6613 13 12 6
6614 22 21 5
6615 13 13 5
6616 17 17 7
6617 13 12 4
6618 18 17 7
6619 11 10 4
6620 12 11 5
6621 17 16 6
6622 16 16 4
6623 14 13 5
6624 13 12 8
6625 14 14 4
6626 14 13 5
6627 9 8 4
6628 16 15 5
6629 13 12 6
6630 18 18 6
6631 16 16 6
6632 16 15 5
6633 15 15 7
6634 11 10 6
6635 14 14 4
6636 24 23 5
6637 21 20 6
6638 10 10 4
6639 18 17 5
6640 19 19 5
6641 11 11 5
6642 21 21 5
6643 21 21 7
6644 19 18 6
6645 14 14 4
6646 16 15 5
6647 17 17 5
6648 17 16 4
6649 14 13 5
6650 23 22 6
6651 26 25 7
6652 21 20 6
6653 34 34 6
6654 22 22 6
6655 24 24 6
6656 36 36 6
6657 28 28 8
6658 26 25 7
6659 21 20 4
6660 24 23 5
6661 37 36 6
6662 18 18 6
6663 26 26 6
6664 22 22 4
6665 30 29 7
6666 25 25 7
6667 19 18 6
6668 18 17 5
6669 29 29 7
6670 19 18 6
6671 22 22 6
6672 40 40 6
6673 18 18 4
6674 20 19 7
6675 33 32 6
6676 22 22 6
6677 22 22 6
6678 36 36 12
6679 24 24 6
6680 18 18 4
6681 24 23 9
6682 21 20 4
6683 20 19 5
6684 25 25 7
6685 21 20 8
6686 34 34 8
6687 18 17 5
6688 29 29 9
6689 27 26 6
6690 24 24 6
6691 22 22 6
6692 20 20 6
6693 24 24 6
6694 40 39 5
6695 19 19 5
6696 19 19 5
6697 15 15 5
6698 23 23 7
6699 13 12 4
6700 18 17 5
6701 27 26 6
6702 24 24 4
6703 20 19 5
6704 25 25 7
6705 21 21 5
6706 17 17 5
6707 13 12 4
6708 20 19 5
6709 23 23 7
6710 17 17 5
6711 19 19 7
6712 13 12 6
6713 26 26 8
6714 16 16 6
6715 22 22 6
6716 22 21 5
6717 39 38 8
6718 22 21 5
6719 33 32 8
6720 26 26 6
6721 40 39 9
6722 23 23 5
6723 15 15 7
6724 25 24 6
6725 18 18 4
6726 26 25 5
6727 11 10 4
6728 20 19 5
6729 17 17 5
6730 15 14 4
6731 26 25 7
6732 21 20 4
6733 28 27 7
6734 21 20 6
6735 24 24 6
6736 30 30 6
6737 28 27 7
6738 21 20 4
6739 28 27 5
6740 39 38 6
6741 26 26 6
6742 18 18 4
6743 22 21 7
6744 29 29 5
6745 27 27 5
6746 13 13 5
6747 17 16 4
6748 34 33 7
6749 17 16 6
6750 26 26 6
6751 20 19 5
6752 25 24 6
6753 28 27 7
6754 19 19 5
6755 23 23 5
6756 23 22 6
6757 28 28 8
6758 30 30 6
6759 32 31 7
6760 15 14 4
6761 20 19 5
6762 9 9 5
6763 15 15 5
6764 19 19 5
6765 23 23 5
6766 27 27 5
6767 23 23 7
6768 25 24 4
6769 16 15 5
6770 13 12 4
6771 28 27 5
6772 27 27 5
6773 21 20 6
6774 24 24 6
6775 26 25 7
6776 19 19 5
6777 19 19 5
6778 15 14 6
6779 18 18 6
6780 22 22 4
6781 20 19 7
6782 17 16 4
6783 14 13 5
6784 19 18 6
6785 24 24 6
6786 22 22 4
6787 32 31 5
6788 15 14 4
6789 20 19 7
6790 19 19 7
6791 17 16 4
6792 22 21 5
6793 19 18 4
6794 18 17 5
6795 19 19 5
6796 15 14 4
6797 18 17 5
6798 17 17 5
6799 17 17 5
6800 17 16 6
6801 12 11 5
6802 15 14 6
6803 18 18 4
6804 26 25 5
6805 21 21 5
6806 17 17 5
6807 13 13 5
6808 23 22 8
6809 20 20 6
6810 24 24 4
6811 14 13 5
6812 19 19 5
6813 15 15 5
6814 23 23 5
6815 13 12 4
6816 26 25 7
6817 19 18 6
6818 22 22 4
6819 16 15 5
6820 13 13 5
6821 19 19 7
6822 9 8 4
6823 22 21 9
6824 13 12 6
6825 6 5 4
6826 18 17 5
6827 9 9 5
6828 17 17 5
6829 21 20 6
6830 42 41 7
6831 15 14 4
6832 18 17 5
6833 27 26 6
6834 14 13 5
6835 21 20 4
6836 24 23 5
6837 15 15 5
6838 23 22 6
6839 8 8 4
6840 12 11 5
6841 13 12 4
6842 18 17 7
6843 19 18 6
6844 16 15 5
6845 15 14 6
6846 6 5 4
6847 12 11 5
6848 7 6 5
6849 13 13 5
6850 13 12 6
6851 14 13 5
6852 17 17 5
6853 13 12 6
6854 12 12 6
6855 14 13 5
6856 13 13 7
6857 15 14 6
6858 12 11 5
6859 11 10 4
6860 10 9 5
6861 13 13 5
6862 11 10 6
6863 20 20 8
6864 14 13 5
6865 13 12 4
6866 12 11 7
6867 15 14 6
6868 6 6 6
6869 13 13 5
6870 25 25 7
6871 11 10 6
6872 14 14 6
6873 8 8 4
6874 16 15 7
6875 19 18 6
6876 10 10 4
6877 20 19 5
6878 15 14 6
6879 14 14 6
6880 12 12 4
6881 14 13 5
6882 11 11 5
6883 15 14 4
6884 16 15 5
6885 9 9 5
6886 17 16 6
6887 12 11 5
6888 17 16 6
6889 20 19 5
6890 11 11 5
6891 13 12 6
6892 10 10 4
6893 14 13 5
6894 13 12 6
6895 8 8 4
6896 16 15 5
6897 17 17 7
6898 25 24 8
6899 18 17 5
6900 13 12 4
6901 24 23 7
6902 13 12 4
6903 20 19 5
6904 11 10 6
6905 16 16 6
6906 12 12 4
6907 12 11 5
6908 13 12 6
6909 8 8 4
6910 14 13 5
6911 11 10 4
6912 10 9 5
6913 15 15 7
6914 11 11 5
6915 19 18 4
6916 10 9 5
6917 17 17 5
6918 9 8 4
6919 20 19 9
6920 15 14 4
6921 16 15 5
6922 9 9 5
6923 9 9 5
6924 13 13 5
6925 21 21 7
6926 13 12 6
6927 14 13 5
6928 17 16 6
6929 12 12 4
6930 16 15 5
6931 13 12 6
6932 14 14 6
6933 8 8 4
6934 12 11 5
6935 13 13 7
6936 13 12 6
6937 6 6 6
6938 15 15 7
6939 9 8 4
6940 14 13 5
6941 17 16 6
6942 14 13 5
6943 17 17 5
6944 17 16 6
6945 14 14 6
6946 14 14 6
6947 24 24 4
6948 26 25 7
6949 29 29 5
6950 23 22 4
6951 6 5 4
6952 20 19 7
6953 21 20 6
6954 10 10 4
6955 20 19 7
6956 13 12 4
6957 16 15 5
6958 13 13 5
6959 9 8 4
6960 20 19 5
6961 9 9 5
6962 9 8 4
6963 14 13 5
6964 11 10 6
6965 18 18 8
6966 8 8 4
6967 16 15 5
6968 13 12 4
6969 14 13 7
6970 15 14 4
6971 18 17 5
6972 31 31 7
6973 13 12 4
6974 20 19 5
6975 17 17 5
6976 7 6 5
6977 19 18 6
6978 18 18 6
6979 18 17 5
6980 27 26 6
6981 14 13 5
6982 25 24 6
6983 20 19 5
6984 17 17 5
6985 15 14 4
6986 14 13 5
6987 23 22 6
6988 22 22 4
6989 22 21 5
6990 19 18 6
6991 8 8 4
6992 20 19 5
6993 19 19 5
6994 13 13 5
6995 31 30 6
6996 14 14 6
6997 20 20 4
6998 12 11 5
6999 17 17 5
7000 23 23 5
7001 15 14 6
7002 26 26 6
7003 10 10 4
7004 14 13 5
7005 23 22 6
7006 32 32 6
7007 18 18 4
7008 20 19 7
7009 13 13 5
7010 11 10 6
7011 36 36 6
7012 26 26 4
7013 26 25 9
7014 19 19 5
7015 27 26 6
7016 18 17 5
7017 21 20 6
7018 10 10 4
7019 24 23 5
7020 17 16 6
7021 22 22 6
7022 34 33 9
7023 13 13 5
7024 23 22 6
7025 26 26 6
7026 16 16 6
7027 18 18 4
7028 20 19 5
7029 23 23 7
7030 29 29 7
7031 13 13 5
7032 21 20 6
7033 12 12 4
7034 20 19 7
7035 17 16 4
7036 16 15 5
7037 25 25 7
7038 9 8 4
7039 22 21 5
7040 19 18 4
7041 20 19 5
7042 21 20 6
7043 26 26 8
7044 14 14 4
7045 20 19 5
7046 23 22 6
7047 18 18 6
7048 16 16 4
7049 18 17 5
7050 13 12 4
7051 24 23 5
7052 19 19 5
7053 21 21 5
7054 25 24 6
7055 20 20 4
7056 20 19 5
7057 37 36 8
7058 26 25 5
7059 33 33 11
7060 33 32 8
7061 18 18 6
7062 28 27 5
7063 45 45 17
7064 39 38 10
7065 24 23 5
7066 23 22 6
7067 40 40 12
7068 32 31 7
7069 21 20 4
7070 32 31 7
7071 27 27 7
7072 19 18 6
7073 16 15 7
7074 39 38 12
7075 28 27 9
7076 27 27 5
7077 39 38 8
7078 36 35 7
7079 33 32 8
7080 36 36 6
7081 26 26 10
7082 46 45 7
7083 33 33 9
7084 21 20 4
7085 14 13 5
7086 31 30 6
7087 22 21 5
7088 31 31 7
7089 13 13 5
7090 29 28 6
7091 28 28 6
7092 24 24 8
7093 20 20 4
7094 28 27 7
7095 31 31 7
7096 31 30 6
7097 20 20 6
7098 22 22 4
7099 30 29 7
7100 43 42 14
7101 46 46 10
7102 24 24 4
7103 28 27 5
7104 31 31 9
7105 17 17 5
7106 19 19 5
7107 35 34 8
7108 16 16 4
7109 42 41 9
7110 29 28 8
7111 44 44 12
7112 18 18 6
7113 16 16 4
7114 18 17 7
7115 37 36 8
7116 20 19 5
7117 23 23 5
7118 25 25 7
7119 37 36 10
7120 24 24 6
7121 34 33 5
7122 29 29 7
7123 43 42 12
7124 20 19 7
7125 21 20 6
7126 24 23 7
7127 17 16 8
7128 28 28 8
7129 28 28 6
7130 30 30 10
7131 16 15 7
7132 27 26 6
7133 36 36 6
7134 12 11 5
7135 29 28 8
7136 14 13 5
7137 23 22 4
7138 26 25 5
7139 23 22 6
7140 18 18 6
7141 12 12 4
7142 18 17 5
7143 19 19 5
7144 19 19 5
7145 15 15 5
7146 15 15 5
7147 25 25 5
7148 17 17 5
7149 15 15 5
7150 11 11 5
7151 13 13 5
7152 23 22 4
7153 22 21 7
7154 17 16 6
7155 18 18 6
7156 16 16 6
7157 14 14 4
7158 18 17 5
7159 15 14 6
7160 14 13 5
7161 13 12 6
7162 18 17 5
7163 15 15 5
7164 19 18 6
7165 12 11 5
7166 9 8 7
7167 21 20 4
7168 18 17 5
7169 19 18 8
7170 14 14 4
7171 14 13 5
7172 13 12 4
7173 10 9 5
7174 9 9 5
7175 13 13 5
7176 13 12 6
7177 18 18 8
7178 24 23 7
7179 17 16 4
7180 12 11 5
7181 11 10 6
7182 10 10 4
7183 16 15 7
7184 17 16 6
7185 16 16 4
7186 22 21 7
7187 7 6 5
7188 17 16 4
7189 14 13 5
7190 11 11 5
7191 11 11 5
7192 7 6 5
7193 11 10 4
7194 14 13 5
7195 11 11 5
7196 13 12 8
7197 14 14 6
7198 12 12 6
7199 14 14 6
7200 8 8 8
7201 9 8 4
7202 10 9 5
7203 11 10 4
7204 10 9 5
7205 7 7 7
7206 10 10 6
7207 10 10 6
7208 10 10 4
7209 16 15 9
7210 13 12 4
7211 20 19 7
7212 11 10 4
7213 22 21 5
7214 15 15 5
7215 21 20 6
7216 10 10 4
7217 10 9 5
7218 15 15 5
7219 11 11 5
7220 13 13 5
7221 11 10 4
7222 14 13 5
7223 23 22 6
7224 14 14 6
7225 24 24 6
7226 16 15 5
7227 9 8 4
7228 10 9 5
7229 7 6 5
7230 5 5 5
7231 14 13 5
7232 13 12 6
7233 10 10 4
7234 14 13 5
7235 9 9 5
7236 13 12 6
7237 12 12 6
7238 14 14 6
7239 16 15 5
7240 11 11 5
7241 13 12 6
7242 14 14 6
7243 14 14 6
7244 18 17 5
7245 11 10 4
7246 12 11 5
7247 11 11 5
7248 7 6 5
7249 15 15 7
7250 13 12 4
7251 16 15 5
7252 13 12 4
7253 12 11 5
7254 9 9 5
7255 9 8 4
7256 18 17 7
7257 17 17 5
7258 11 11 5
7259 11 10 6
7260 10 10 4
7261 12 11 5
7262 15 15 5
7263 15 15 5
7264 13 12 4
7265 14 13 5
7266 13 12 6
7267 12 11 5
7268 9 8 4
7269 14 13 7
7270 11 10 4
7271 12 11 5
7272 17 16 6
7273 18 17 5
7274 13 13 5
7275 21 21 5
7276 21 20 4
7277 10 9 5
7278 9 9 5
7279 13 13 5
7280 7 6 5
7281 15 15 5
7282 13 13 5
7283 25 24 4
7284 14 13 5
7285 15 14 4
7286 16 15 5
7287 11 10 6
7288 8 8 4
7289 14 13 5
7290 21 20 6
7291 20 19 7
7292 17 16 6
7293 10 10 4
7294 18 17 5
7295 7 6 5
7296 11 10 4
7297 14 13 7
7298 7 6 5
7299 11 10 6
7300 12 11 5
7301 9 9 5
7302 13 12 6
7303 14 13 5
7304 13 12 4
7305 14 13 5
7306 11 11 5
7307 21 20 6
7308 14 14 4
7309 22 21 5
7310 11 11 5
7311 19 19 5
7312 11 11 5
7313 5 5 5
7314 14 13 7
7315 11 10 4
7316 14 13 5
7317 9 9 5
7318 9 9 5
7319 13 13 5
7320 11 10 4
7321 22 21 5
7322 19 19 5
7323 11 11 5
7324 17 16 6
7325 24 23 5
7326 15 14 4
7327 24 23 5
7328 13 13 5
7329 21 20 4
7330 26 25 5
7331 15 15 5
7332 15 14 4
7333 14 13 5
7334 17 16 4
7335 18 17 5
7336 21 20 6
7337 16 16 4
7338 32 31 5
7339 11 11 5
7340 27 27 5
7341 17 16 6
7342 20 19 5
7343 23 23 7
7344 13 12 4
7345 14 13 5
7346 33 32 8
7347 22 22 4
7348 32 31 7
7349 13 13 5
7350 21 20 6
7351 30 29 7
7352 21 20 6
7353 20 19 7
7354 41 40 6
7355 20 20 6
7356 16 16 4
7357 28 27 9
7358 19 18 4
7359 30 29 7
7360 29 29 7
7361 19 18 4
7362 32 31 9
7363 11 11 5
7364 17 17 5
7365 23 22 8
7366 26 26 8
7367 24 24 6
7368 12 12 4
7369 24 23 7
7370 23 22 8
7371 16 16 4
7372 16 15 5
7373 15 14 4
7374 16 15 5
7375 31 31 7
7376 13 13 5
7377 21 20 6
7378 12 12 4
7379 12 11 5
7380 11 10 4
7381 20 19 7
7382 13 12 4
7383 14 13 5
7384 23 22 6
7385 32 32 6
7386 24 24 6
7387 22 22 6
7388 16 15 5
7389 15 15 5
7390 23 23 7
7391 21 20 4
7392 22 21 7
7393 17 16 6
7394 12 12 4
7395 18 17 5
7396 21 20 6
7397 8 8 4
7398 24 23 7
7399 15 15 5
7400 13 12 6
7401 14 14 6
7402 12 12 4
7403 14 13 5
7404 15 15 5
7405 15 14 4
7406 10 9 5
7407 9 9 5
7408 7 6 5
7409 11 11 5
7410 13 13 7
7411 17 16 4
7412 28 27 7
7413 19 18 4
7414 14 13 5
7415 5 5 5
7416 12 11 5
7417 9 8 4
7418 10 9 5
7419 13 12 4
7420 8 7 6
7421 6 6 6
7422 23 22 6
7423 12 11 5
7424 27 26 6
7425 14 14 4
7426 12 11 5
7427 15 15 5
7428 5 5 5
7429 12 11 5
7430 9 8 4
7431 8 7 6
7432 12 12 6
7433 6 6 6
7434 11 10 6
7435 10 9 5
7436 11 11 5
7437 11 10 4
7438 16 15 7
7439 11 11 5
7440 11 11 5
7441 17 16 6
7442 20 19 7
7443 17 17 5
7444 19 18 6
7445 14 14 4
7446 18 17 7
7447 17 16 6
7448 6 6 6
7449 17 16 6
7450 20 19 7
7451 13 12 4
7452 20 19 9
7453 17 16 4
7454 16 15 7
7455 9 9 5
7456 11 10 4
7457 16 15 7
7458 11 11 5
7459 11 10 4
7460 16 15 5
7461 9 8 4
7462 18 17 5
7463 13 12 6
7464 10 10 4
7465 10 9 5
7466 11 11 5
7467 9 9 5
7468 11 10 4
7469 14 13 5
7470 9 9 5
7471 11 11 5
7472 13 12 6
7473 12 11 5
7474 19 18 8
7475 12 12 6
7476 6 6 6
7477 21 20 6
7478 10 9 5
7479 9 9 5
7480 11 10 6
7481 10 9 5
7482 15 15 5
7483 17 16 6
7484 8 8 4
7485 24 23 7
7486 37 36 6
7487 8 8 4
7488 14 13 5
7489 5 5 5
7490 10 9 5
7491 11 10 6
7492 10 10 6
7493 12 12 6
7494 12 11 5
7495 11 11 5
7496 13 12 4
7497 18 17 5
7498 13 12 6
7499 16 16 4
7500 12 11 5
7501 9 8 4
7502 16 15 7
7503 11 10 4
7504 16 15 7
7505 17 16 4
7506 12 11 5
7507 15 14 6
7508 6 6 6
7509 15 14 6
7510 14 14 6
7511 10 10 4
7512 10 9 5
7513 7 6 5
7514 11 10 4
7515 12 11 5
7516 19 19 7
7517 7 6 5
7518 11 10 4
7519 12 11 5
7520 15 14 6
7521 20 19 7
7522 11 10 4
7523 18 17 5
7524 21 20 4
7525 26 25 5
7526 15 14 4
7527 10 9 5
7528 9 8 4
7529 10 9 5
7530 19 18 6
7531 8 8 4
7532 16 15 7
7533 9 9 5
7534 13 12 6
7535 12 12 6
7536 14 13 5
7537 9 8 4
7538 14 13 5
7539 9 8 4
7540 10 9 5
7541 13 13 5
7542 17 16 6
7543 16 16 6
7544 10 10 4
7545 24 23 5
7546 11 11 5
7547 19 19 5
7548 31 30 6
7549 20 19 5
7550 11 10 4
7551 28 27 7
7552 15 15 5
7553 15 15 5
7554 23 22 6
7555 28 27 7
7556 15 14 6
7557 18 18 6
7558 18 17 7
7559 17 17 5
7560 29 29 5
7561 21 21 5
7562 17 17 5
7563 17 17 5
7564 23 22 6
7565 18 18 6
7566 18 18 6
7567 10 10 4
7568 12 11 5
7569 31 30 8
7570 32 32 6
7571 28 28 6
7572 20 20 4
7573 34 33 5
7574 27 26 6
7575 24 24 4
7576 24 23 7
7577 35 34 8
7578 18 18 4
7579 16 15 5
7580 37 36 6
7581 20 19 5
7582 23 23 5
7583 27 26 6
7584 28 28 6
7585 30 30 6
7586 24 24 8
7587 28 28 6
7588 20 19 5
7589 23 22 6
7590 22 22 6
7591 26 26 8
7592 20 19 5
7593 15 14 4
7594 20 19 5
7595 19 18 4
7596 20 19 5
7597 23 23 7
7598 17 16 4
7599 26 25 9
7600 27 26 8
7601 36 35 7
7602 17 17 5
7603 9 8 4
7604 20 19 5
7605 15 15 5
7606 35 34 8
7607 24 24 6
7608 22 21 5
7609 23 23 5
7610 19 18 4
7611 28 27 7
7612 29 28 6
7613 42 42 8
7614 46 45 11
7615 23 22 6
7616 22 22 6
7617 18 17 7
7618 25 25 7
7619 37 36 6
7620 14 14 6
7621 12 12 4
7622 18 17 5
7623 23 22 8
7624 30 30 8
7625 22 22 6
7626 20 20 6
7627 34 33 9
7628 23 23 5
7629 19 19 5
7630 19 18 4
7631 30 29 9
7632 33 32 10
7633 34 33 11
7634 25 24 6
7635 30 30 6
7636 32 32 10
7637 24 24 6
7638 12 12 6
7639 14 14 6
7640 18 18 4
7641 20 19 5
7642 37 36 6
7643 26 25 5
7644 33 32 6
7645 44 43 11
7646 23 23 5
7647 27 26 6
7648 28 28 4
7649 24 23 7
7650 27 26 8
7651 16 16 4
7652 18 17 7
7653 19 18 6
7654 10 10 4
7655 16 15 5
7656 23 22 6
7657 14 14 4
7658 28 27 7
7659 21 20 4
7660 12 11 5
7661 23 22 4
7662 18 17 5
7663 15 15 5
7664 19 18 4
7665 16 15 5
7666 15 15 5
7667 17 16 6
7668 8 8 4
7669 18 17 5
7670 23 22 6
7671 20 20 6
7672 16 16 4
7673 18 17 5
7674 11 10 4
7675 6 5 4
7676 14 13 5
7677 19 18 6
7678 26 26 6
7679 12 12 4
7680 10 9 5
7681 13 12 6
7682 24 24 6
7683 16 16 6
7684 18 18 6
7685 18 18 4
7686 24 23 7
7687 13 12 6
7688 10 10 4
7689 26 25 5
7690 21 21 5
7691 17 16 4
7692 14 13 5
7693 13 13 7
7694 21 20 6
7695 10 10 4
7696 16 15 7
7697 13 13 5
7698 23 23 7
7699 13 12 6
7700 16 16 6
7701 24 23 5
7702 29 28 6
7703 32 31 7
7704 17 16 6
7705 16 16 4
7706 18 17 5
7707 11 11 5
7708 27 26 6
7709 12 11 5
7710 21 20 6
7711 24 24 6
7712 14 14 4
7713 14 13 5
7714 13 13 5
7715 17 16 4
7716 18 17 7
7717 21 20 6
7718 20 20 6
7719 24 24 4
7720 24 23 7
7721 19 18 6
7722 16 16 4
7723 16 15 5
7724 23 22 6
7725 18 18 6
7726 10 10 4
7727 20 19 7
7728 21 20 6
7729 22 22 6
7730 24 23 7
7731 19 18 4
7732 18 17 5
7733 15 14 6
7734 20 20 6
7735 12 12 4
7736 32 31 7
7737 27 27 5
7738 17 17 7
7739 27 26 6
7740 12 12 4
7741 16 15 5
7742 27 26 6
7743 16 16 6
7744 22 22 4
7745 12 11 5
7746 29 28 6
7747 20 20 4
7748 26 25 7
7749 13 12 6
7750 16 16 4
7751 24 23 5
7752 13 13 5
7753 19 19 5
7754 17 17 5
7755 25 24 8
7756 14 14 6
7757 20 20 6
7758 24 23 5
7759 17 17 5
7760 21 21 5
7761 23 22 8
7762 22 22 8
7763 10 10 4
7764 18 17 5
7765 19 18 6
7766 18 17 5
7767 21 21 5
7768 9 9 5
7769 15 14 6
7770 16 16 4
7771 18 17 5
7772 17 16 6
7773 22 21 5
7774 9 9 5
7775 9 9 5
7776 15 14 6
7777 18 17 5
7778 13 13 5
7779 19 18 8
7780 8 8 4
7781 18 17 5
7782 17 16 4
7783 8 7 6
7784 10 10 4
7785 16 15 7
7786 15 14 4
7787 18 17 7
7788 9 8 4
7789 16 15 9
7790 21 20 6
7791 18 18 4
7792 12 11 5
7793 23 22 6
7794 12 11 5
7795 13 13 5
7796 13 12 6
7797 10 10 6
7798 14 14 6
7799 14 13 5
7800 9 9 5
7801 11 11 5
7802 21 20 6
7803 12 11 7
7804 11 10 4
7805 14 13 5
7806 11 10 4
7807 12 11 5
7808 11 11 5
7809 11 11 7
7810 11 10 4
7811 10 9 5
7812 9 8 4
7813 10 9 5
7814 17 17 5
7815 17 17 7
7816 17 16 4
7817 10 9 5
7818 15 14 8
7819 6 5 4
7820 12 11 5
7821 15 14 6
7822 8 8 4
7823 14 13 7
7824 11 11 5
7825 13 13 5
7826 9 9 5
7827 11 10 6
7828 16 15 7
7829 7 6 5
7830 17 16 6
7831 14 14 6
7832 22 21 5
7833 23 23 5
7834 17 16 4
7835 14 13 5
7836 21 20 8
7837 12 11 5
7838 7 6 5
7839 11 10 6
7840 10 10 6
7841 12 11 5
7842 13 13 7
7843 11 10 4
7844 14 13 7
7845 7 6 5
7846 13 12 4
7847 12 11 5
7848 13 13 5
7849 11 11 7
7850 17 16 6
7851 8 8 8
7852 9 8 4
7853 6 5 4
7854 12 11 5
7855 9 8 7
7856 11 10 4
7857 14 13 5
7858 17 16 4
7859 12 11 5
7860 13 13 5
7861 19 18 6
7862 12 11 5
7863 31 31 5
7864 9 9 5
7865 17 16 6
7866 12 12 4
7867 10 9 5
7868 13 12 4
7869 18 17 5
7870 15 14 4
7871 8 7 6
7872 20 20 8
7873 8 8 4
7874 16 15 5
7875 31 30 6
7876 24 24 4
7877 28 27 5
7878 25 25 5
7879 9 9 5
7880 17 16 6
7881 18 18 4
7882 30 29 7
7883 17 16 4
7884 16 15 5
7885 15 14 6
7886 14 13 7
7887 13 12 4
7888 14 13 5
7889 21 21 7
7890 21 20 6
7891 24 23 5
7892 21 21 7
7893 15 14 6
7894 18 18 6
7895 24 24 6
7896 20 20 4
7897 14 13 5
7898 21 20 4
7899 28 27 7
7900 33 32 6
7901 22 21 5
7902 23 22 6
7903 16 16 8
7904 18 18 4
7905 24 23 7
7906 23 23 7
7907 25 24 6
7908 24 23 7
7909 17 16 4
7910 16 15 5
7911 15 14 4
7912 14 13 5
7913 23 22 8
7914 18 17 5
7915 19 18 6
7916 20 20 8
7917 32 32 6
7918 26 26 6
7919 20 20 6
7920 16 16 6
7921 16 16 6
7922 26 25 5
7923 27 26 6
7924 24 24 6
7925 22 22 4
7926 18 17 5
7927 25 24 6
7928 22 21 5
7929 25 24 6
7930 14 14 6
7931 16 15 5
7932 21 21 7
7933 15 14 6
7934 10 9 5
7935 21 20 6
7936 26 26 6
7937 10 10 4
7938 32 31 9
7939 25 25 5
7940 15 14 6
7941 12 12 6
7942 12 12 6
7943 12 12 6
7944 14 13 5
7945 21 20 6
7946 30 29 13
7947 15 14 6
7948 22 22 4
7949 14 13 5
7950 23 22 6
7951 20 20 8
7952 18 18 6
7953 16 15 7
7954 23 22 4
7955 20 19 7
7956 23 22 6
7957 18 18 6
7958 24 24 6
7959 28 28 10
7960 12 12 4
7961 24 23 5
7962 15 15 5
7963 19 18 6
7964 24 24 8
7965 32 32 10
7966 28 27 9
7967 27 26 10
7968 16 16 6
7969 20 20 6
7970 20 20 4
7971 30 29 11
7972 21 20 8
7973 18 18 6
7974 22 22 6
7975 18 18 4
7976 28 27 9
7977 15 14 6
7978 18 18 4
7979 30 29 5
7980 33 32 6
7981 26 25 5
7982 17 17 7
7983 13 12 4
7984 12 11 5
7985 13 13 5
7986 25 24 6
7987 18 18 6
7988 18 18 6
7989 30 29 7
7990 21 20 6
7991 26 26 6
7992 20 19 7
7993 13 13 5
7994 13 13 7
7995 23 22 6
7996 12 11 5
7997 29 29 5
7998 23 22 6
7999 14 13 5
8000 15 15 5
8001 17 16 6
8002 20 20 6
8003 14 13 5
8004 25 24 8
8005 24 23 7
8006 17 16 6
8007 12 11 5
8008 19 19 7
8009 23 22 4
8010 18 17 5
8011 13 13 7
8012 17 16 4
8013 22 21 7
8014 13 12 6
8015 18 18 6
8016 14 14 6
8017 12 12 6
8018 18 18 6
8019 16 16 6
8020 10 10 6
8021 18 18 6
8022 18 18 6
8023 6 6 6
8024 21 20 6
8025 12 12 4
8026 10 9 5
8027 15 14 6
8028 26 26 6
8029 22 21 5
8030 19 18 6
8031 16 16 4
8032 10 9 5
8033 19 18 6
8034 18 18 6
8035 18 18 4
8036 12 11 5
8037 17 16 6
8038 18 17 5
8039 17 17 5
8040 23 23 5
8041 31 30 6
8042 22 21 5
8043 19 19 5
8044 23 22 8
8045 24 24 6
8046 24 24 6
8047 12 11 5
8048 19 19 7
8049 21 20 6
8050 26 26 6
8051 26 25 7
8052 19 18 6
8053 24 23 5
8054 23 22 6
8055 14 14 6
8056 28 28 8
8057 38 37 7
8058 11 11 5
8059 23 22 6
8060 18 17 5
8061 23 23 5
8062 21 21 7
8063 13 12 4
8064 20 19 7
8065 23 22 8
8066 30 30 6
8067 20 19 5
8068 17 16 6
8069 30 29 9
8070 31 30 10
8071 24 24 6
8072 30 29 9
8073 21 21 5
8074 15 15 5
8075 19 19 7
8076 19 18 6
8077 20 20 6
8078 16 16 6
8079 22 22 8
8080 14 14 4
8081 16 15 5
8082 13 12 6
8083 14 13 5
8084 15 15 7
8085 21 20 6
8086 14 14 4
8087 12 11 5
8088 17 17 7
8089 19 18 4
8090 12 11 5
8091 11 11 5
8092 15 14 4
8093 18 17 7
8094 13 13 5
8095 17 16 8
8096 8 8 4
8097 20 19 5
8098 9 8 4
8099 24 23 7
8100 15 14 6
8101 10 10 6
8102 10 10 6
8103 18 18 6
8104 10 9 5
8105 11 11 5
8106 11 10 6
8107 6 6 6
8108 13 13 5
8109 19 18 10
8110 12 12 4
8111 14 13 5
8112 9 9 5
8113 11 10 6
8114 10 9 5
8115 19 18 6
8116 20 19 5
8117 17 16 4
8118 16 15 7
8119 21 20 6
8120 20 19 5
8121 17 16 6
8122 18 18 6
8123 6 5 4
8124 12 11 5
8125 11 11 5
8126 15 15 5
8127 17 17 7
8128 17 16 4
8129 10 9 5
8130 23 22 8
8131 10 9 5
8132 9 8 4
8133 12 11 5
8134 19 18 6
8135 8 8 4
8136 18 17 7
8137 11 10 6
8138 10 9 5
8139 21 20 6
8140 10 9 5
8141 23 23 7
8142 17 16 6
8143 20 20 4
8144 12 11 5
8145 13 12 4
8146 10 9 5
8147 17 16 6
8148 14 14 6
8149 6 6 6
8150 9 9 5
8151 9 9 5
8152 13 12 4
8153 18 17 7
8154 21 20 6
8155 22 21 7
8156 11 10 4
8157 14 13 5
8158 13 12 4
8159 14 13 7
8160 5 5 5
8161 14 13 5
8162 13 12 4
8163 20 19 5
8164 21 20 6
8165 12 12 4
8166 18 17 5
8167 11 10 6
8168 10 10 4
8169 10 9 5
8170 11 11 5
8171 5 5 5
8172 10 9 5
8173 15 15 5
8174 17 17 5
8175 27 27 5
8176 17 17 5
8177 11 10 6
8178 14 14 4
8179 12 11 5
8180 21 21 5
8181 13 12 4
8182 26 25 7
8183 15 14 4
8184 14 13 5
8185 15 14 6
8186 12 12 4
8187 16 15 5
8188 15 14 4
8189 18 17 5
8190 25 25 5
8191 27 26 6
8192 26 26 6
8193 14 13 5
8194 23 22 6
8195 30 30 6
8196 32 31 7
8197 21 21 5
8198 33 33 7
8199 31 31 9
8200 31 30 6
8201 26 26 8
8202 20 20 6
8203 30 29 11
8204 25 24 6
8205 42 42 8
8206 48 47 11
8207 33 32 8
8208 36 35 9
8209 33 33 9
8210 31 31 11
8211 35 35 7
8212 41 41 9
8213 31 31 5
8214 39 39 11
8215 45 44 8
8216 34 33 13
8217 33 32 10
8218 24 24 8
8219 34 34 6
8220 30 29 9
8221 33 32 6
8222 36 36 8
8223 32 32 6
8224 38 37 7
8225 33 33 11
8226 33 32 4
8227 58 57 17
8228 15 15 5
8229 25 24 6
8230 30 29 7
8231 31 31 9
8232 37 37 9
8233 33 33 9
8234 29 28 8
8235 26 25 7
8236 25 24 6
8237 42 41 5
8238 25 24 6
8239 28 28 8
8240 16 15 5
8241 41 40 8
8242 18 18 6
8243 32 32 6
8244 40 39 5
8245 25 25 7
8246 23 23 9
8247 29 29 11
8248 37 37 7
8249 29 28 6
8250 38 37 13
8251 39 38 10
8252 22 21 7
8253 43 43 9
8254 25 25 5
8255 29 29 5
8256 29 29 7
8257 25 25 5
8258 29 28 6
8259 28 27 7
8260 19 19 5
8261 51 50 10
8262 30 29 5
8263 21 21 5
8264 25 24 6
8265 40 39 9
8266 25 25 7
8267 37 36 10
8268 32 32 10
8269 24 23 5
8270 17 16 4
8271 28 27 9
8272 21 20 6
8273 28 28 6
8274 24 24 8
8275 18 18 4
8276 20 19 5
8277 25 24 8
8278 32 32 6
8279 14 14 6
8280 28 28 6
8281 24 23 5
8282 29 29 7
8283 25 24 6
8284 28 28 8
8285 16 16 6
8286 26 25 7
8287 13 12 6
8288 26 26 4
8289 18 17 5
8290 13 12 4
8291 32 31 9
8292 17 16 6
8293 22 22 8
8294 22 22 6
8295 24 23 9
8296 19 18 4
8297 20 19 5
8298 21 20 6
8299 24 24 6
8300 20 19 5
8301 21 21 7
8302 9 8 4
8303 18 17 5
8304 19 19 5
8305 15 14 4
8306 12 11 5
8307 19 18 6
8308 12 12 4
8309 10 9 5
8310 15 15 5
8311 23 22 6
8312 14 13 5
8313 15 14 6
8314 12 12 6
8315 16 15 5
8316 17 16 6
8317 20 20 6
8318 20 20 8
8319 20 19 7
8320 17 16 4
8321 22 21 7
8322 13 12 4
8323 24 23 5
8324 17 16 6
8325 16 15 5
8326 17 16 4
8327 16 15 5
8328 17 17 5
8329 11 11 5
8330 11 11 5
8331 11 10 4
8332 12 11 5
8333 21 21 7
8334 13 12 6
8335 18 18 6
8336 18 17 5
8337 19 19 5
8338 19 19 5
8339 23 23 5
8340 19 18 4
8341 14 13 5
8342 17 16 6
8343 14 13 5
8344 13 12 6
8345 26 26 8
8346 6 5 4
8347 18 17 5
8348 13 12 6
8349 10 10 6
8350 12 12 6
8351 26 25 5
8352 31 31 5
8353 35 34 6
8354 20 20 4
8355 16 15 5
8356 21 21 5
8357 9 9 5
8358 17 17 5
8359 19 18 6
8360 22 22 4
8361 18 17 5
8362 23 22 6
8363 20 20 6
8364 26 26 6
8365 16 15 5
8366 27 26 6
8367 20 20 4
8368 26 25 5
8369 15 15 5
8370 31 31 7
8371 35 34 6
8372 36 36 4
8373 38 37 7
8374 19 18 4
8375 18 17 5
8376 27 27 7
8377 29 28 6
8378 20 19 5
8379 29 29 7
8380 19 18 4
8381 20 19 5
8382 15 15 5
8383 29 28 6
8384 28 28 6
8385 32 32 6
8386 20 20 6
8387 22 22 8
8388 12 12 4
8389 20 19 5
8390 15 14 6
8391 26 25 5
8392 33 33 7
8393 25 24 4
8394 14 13 5
8395 31 31 9
8396 19 18 6
8397 14 14 6
8398 22 22 8
8399 18 17 5
8400 23 22 8
8401 24 24 8
8402 16 15 5
8403 21 20 6
8404 16 15 5
8405 23 22 6
8406 18 17 5
8407 19 19 7
8408 19 18 6
8409 18 17 5
8410 9 9 5
8411 25 24 8
8412 16 15 5
8413 19 18 6
8414 24 24 6
8415 10 10 6
8416 24 23 5
8417 11 10 4
8418 22 21 7
8419 15 14 4
8420 14 13 5
8421 11 10 4
8422 6 5 4
8423 18 17 5
8424 11 11 5
8425 19 18 4
8426 12 11 5
8427 13 13 5
8428 13 12 6
8429 16 16 6
8430 12 11 5
8431 17 16 6
8432 14 14 6
8433 10 10 6
8434 18 17 5
8435 13 12 6
8436 14 13 5
8437 13 12 6
8438 20 20 6
8439 8 8 4
8440 16 15 5
8441 13 12 6
8442 16 16 6
8443 12 11 5
8444 27 26 6
8445 6 6 6
8446 15 14 4
8447 18 17 5
8448 11 11 5
8449 11 10 6
8450 12 12 4
8451 12 11 5
8452 13 12 6
8453 10 10 4
8454 8 7 6
8455 12 12 4
8456 14 13 5
8457 11 10 4
8458 10 9 5
8459 9 8 4
8460 16 15 5
8461 17 16 4
8462 10 9 5
8463 13 12 6
8464 6 6 6
8465 11 10 6
8466 12 12 6
8467 12 12 6
8468 18 17 7
8469 21 20 6
8470 22 22 6
8471 22 22 4
8472 12 11 5
8473 13 12 6
8474 14 14 4
8475 12 11 5
8476 15 14 6
8477 16 16 6
8478 16 16 6
8479 14 14 6
8480 10 10 6
8481 12 12 4
8482 14 13 5
8483 13 13 7
8484 11 10 4
8485 10 9 5
8486 13 12 6
8487 6 6 6
8488 13 13 7
8489 13 12 6
8490 16 16 6
8491 12 12 6
8492 20 20 4
8493 16 15 7
8494 13 13 5
8495 7 6 5
8496 13 12 4
8497 16 15 7
8498 17 17 5
8499 13 13 7
8500 13 12 6
8501 10 10 4
8502 12 11 5
8503 13 12 6
8504 16 15 5
8505 15 14 6
8506 20 20 4
8507 12 11 5
8508 11 11 5
8509 19 18 4
8510 14 13 5
8511 23 22 6
8512 14 14 6
8513 14 14 6
8514 14 13 5
8515 25 25 7
8516 19 19 5
8517 27 26 6
8518 14 13 5
8519 9 8 4
8520 18 17 7
8521 13 12 4
8522 14 13 5
8523 19 19 5
8524 9 8 4
8525 10 9 5
8526 13 13 5
8527 15 14 6
8528 14 13 5
8529 21 20 6
8530 28 27 7
8531 17 16 6
8532 10 10 6
8533 10 9 5
8534 27 26 6
8535 24 24 6
8536 22 22 4
8537 18 17 5
8538 29 29 5
8539 15 15 5
8540 13 13 5
8541 23 23 5
8542 37 37 7
8543 17 17 5
8544 13 12 4
8545 20 19 5
8546 19 19 5
8547 23 23 7
8548 17 16 6
8549 20 20 6
8550 22 22 6
8551 24 24 6
8552 20 20 6
8553 24 24 6
8554 26 26 8
8555 34 34 8
8556 16 16 4
8557 16 15 5
8558 19 18 6
8559 24 23 7
8560 19 18 4
8561 30 29 7
8562 19 18 4
8563 18 17 5
8564 21 21 7
8565 21 20 4
8566 30 29 7
8567 17 16 6
8568 16 16 4
8569 20 19 7
8570 21 21 7
8571 23 22 4
8572 24 23 5
8573 25 25 7
8574 23 23 5
8575 19 19 7
8576 33 32 8
8577 18 18 6
8578 20 19 5
8579 57 57 11
8580 29 29 5
8581 21 21 5
8582 27 27 5
8583 25 25 7
8584 31 30 6
8585 22 21 7
8586 39 38 8
8587 12 12 4
8588 42 41 7
8589 31 30 8
8590 42 42 8
8591 54 54 10
8592 26 26 6
8593 32 32 8
8594 32 31 9
8595 23 22 6
8596 34 34 6
8597 26 25 7
8598 19 19 5
8599 25 25 5
8600 17 17 5
8601 25 25 9
8602 23 23 7
8603 25 25 7
8604 23 22 6
8605 28 27 7
8606 25 25 7
8607 23 22 6
8608 20 19 7
8609 39 38 10
8610 16 15 5
8611 23 22 8
8612 20 19 5
8613 29 29 7
8614 41 41 13
8615 25 24 8
8616 20 19 5
8617 23 23 5
8618 25 25 5
8619 27 26 8
8620 16 16 8
8621 18 18 6
8622 30 29 5
8623 19 19 5
8624 37 36 10
8625 24 24 6
8626 36 35 13
8627 21 21 7
8628 33 32 14
8629 26 26 8
8630 16 16 6
8631 16 16 4
8632 26 25 11
8633 53 52 12
8634 42 42 10
8635 32 32 8
8636 36 35 13
8637 41 40 12
8638 34 34 10
8639 24 24 10
8640 18 18 6
8641 28 27 9
8642 27 27 5
8643 37 37 13
8644 19 18 6
8645 16 16 4
8646 32 31 9
8647 19 19 7
8648 27 27 5
8649 15 15 5
8650 25 25 5
8651 31 30 6
8652 20 19 5
8653 21 21 5
8654 31 31 11
8655 33 33 9
8656 21 21 9
8657 19 19 7
8658 21 21 9
8659 27 27 7
8660 33 33 7
8661 21 20 6
8662 32 31 7
8663 17 17 7
8664 17 17 5
8665 29 28 8
8666 22 22 4
8667 28 27 5
8668 29 29 7
8669 17 16 4
8670 18 17 5
8671 21 20 6
8672 20 19 7
8673 31 30 10
8674 16 15 5
8675 21 21 7
8676 35 34 10
8677 16 16 6
8678 24 24 6
8679 14 13 5
8680 15 15 5
8681 15 15 7
8682 23 22 6
8683 20 19 5
8684 23 23 5
8685 23 22 6
8686 20 20 4
8687 26 25 5
8688 15 15 5
8689 15 15 5
8690 17 17 5
8691 15 15 5
8692 17 17 5
8693 19 18 6
8694 16 16 4
8695 32 31 5
8696 23 23 7
8697 23 22 4
8698 18 17 5
8699 17 16 4
8700 20 19 5
8701 21 21 7
8702 17 17 5
8703 17 16 4
8704 18 17 5
8705 25 24 6
8706 20 20 6
8707 22 21 5
8708 21 21 5
8709 23 22 6
8710 26 26 6
8711 16 16 6
8712 18 18 6
8713 34 34 6
8714 20 20 6
8715 16 16 4
8716 22 21 7
8717 21 20 4
8718 18 17 7
8719 17 16 6
8720 22 21 5
8721 21 20 6
8722 12 12 4
8723 32 31 7
8724 21 20 6
8725 22 21 5
8726 31 30 6
8727 16 16 6
8728 18 18 6
8729 18 17 7
8730 15 14 4
8731 32 31 7
8732 7 6 5
8733 15 14 6
8734 22 22 6
8735 16 16 4
8736 16 15 5
8737 19 19 5
8738 23 22 6
8739 34 33 9
8740 15 14 4
8741 20 19 5
8742 17 16 6
8743 10 9 5
8744 17 16 4
8745 20 19 5
8746 9 9 5
8747 15 15 5
8748 21 20 6
8749 20 19 5
8750 11 11 5
8751 27 26 6
8752 20 20 6
8753 12 12 4
8754 16 15 5
8755 23 23 5
8756 17 17 5
8757 17 17 7
8758 15 14 4
8759 18 17 7
8760 19 18 6
8761 16 15 5
8762 15 15 5
8763 17 16 8
8764 16 16 6
8765 16 16 4
8766 12 11 5
8767 13 12 6
8768 22 22 6
8769 16 16 8
8770 12 12 4
8771 12 11 5
8772 15 15 5
8773 15 15 5
8774 23 22 8
8775 16 16 4
8776 14 13 5
8777 15 14 6
8778 14 13 5
8779 11 10 6
8780 16 15 5
8781 23 23 5
8782 9 9 5
8783 13 12 6
8784 28 28 6
8785 24 24 6
8786 14 14 6
8787 10 9 5
8788 19 19 5
8789 25 25 9
8790 15 15 5
8791 21 20 4
8792 18 17 5
8793 13 12 4
8794 16 15 7
8795 9 8 4
8796 20 19 5
8797 17 17 7
8798 17 16 6
8799 10 10 4
8800 10 9 5
8801 13 12 6
8802 10 9 5
8803 19 19 5
8804 17 16 4
8805 18 17 7
8806 15 14 6
8807 26 26 6
8808 16 15 5
8809 13 13 5
8810 15 14 4
8811 22 21 5
8812 13 13 5
8813 11 10 4
8814 16 15 5
8815 11 10 6
8816 12 12 6
8817 12 12 6
8818 8 8 4
8819 14 13 5
8820 15 15 5
8821 15 15 5
8822 13 13 5
8823 11 10 4
8824 12 11 5
8825 15 14 6
8826 12 12 4
8827 14 13 5
8828 7 6 5
8829 17 16 6
8830 20 20 6
8831 16 16 6
8832 16 15 5
8833 11 11 5
8834 11 10 4
8835 28 27 5
8836 11 11 5
8837 15 14 4
8838 16 15 7
8839 11 10 4
8840 10 9 5
8841 21 20 4
8842 18 17 7
8843 11 10 4
8844 12 11 5
8845 33 32 6
8846 16 15 5
8847 13 12 6
8848 24 23 5
8849 13 13 5
8850 17 17 5
8851 9 9 5
8852 15 15 5
8853 13 13 5
8854 15 15 5
8855 15 14 6
8856 6 6 6
8857 15 15 5
8858 9 9 5
8859 29 28 6
8860 12 11 5
8861 13 13 5
8862 21 20 4
8863 22 21 7
8864 17 16 8
8865 22 22 6
8866 30 30 6
8867 34 33 5
8868 37 36 6
8869 20 20 6
8870 24 23 5
8871 21 21 7
8872 31 30 6
8873 34 34 6
8874 22 21 5
8875 27 26 6
8876 30 30 6
8877 38 37 7
8878 19 18 6
8879 26 26 6
8880 22 21 5
8881 27 26 6
8882 34 34 4
8883 18 17 5
8884 15 15 5
8885 25 25 5
8886 35 35 9
8887 21 20 6
8888 38 37 7
8889 27 26 6
8890 24 23 5
8891 37 37 5
8892 21 21 5
8893 27 27 5
8894 37 36 6
8895 12 11 5
8896 23 22 6
8897 26 25 5
8898 29 29 5
8899 41 40 8
8900 30 30 8
8901 26 26 8
8902 16 16 4
8903 34 33 7
8904 29 28 4
8905 20 19 5
8906 23 23 5
8907 49 48 10
8908 24 24 6
8909 36 36 8
8910 20 19 5
8911 19 19 7
8912 39 38 12
8913 22 21 5
8914 27 27 7
8915 35 35 11
8916 25 25 5
8917 33 33 9
8918 17 16 4
8919 28 27 7
8920 31 31 5
8921 19 19 7
8922 41 41 9
8923 27 27 5
8924 41 41 7
8925 27 27 7
8926 33 33 7
8927 31 31 9
8928 37 36 8
8929 36 36 8
8930 32 32 8
8931 20 19 5
8932 39 38 10
8933 28 28 6
8934 42 42 6
8935 22 22 6
8936 30 30 6
8937 36 36 6
8938 24 24 8
8939 32 32 6
8940 32 32 10
8941 32 32 6
8942 28 28 6
8943 14 13 5
8944 23 22 4
8945 30 29 9
8946 25 25 5
8947 19 18 4
8948 34 33 7
8949 29 29 5
8950 29 29 5
8951 27 27 7
8952 19 18 6
8953 20 20 6
8954 30 30 6
8955 28 28 6
8956 14 13 5
8957 23 22 6
8958 18 18 4
8959 34 33 7
8960 23 22 6
8961 20 20 6
8962 24 24 4
8963 22 21 7
8964 21 20 6
8965 20 20 6
8966 24 24 8
8967 16 16 4
8968 20 19 7
8969 13 12 4
8970 18 17 5
8971 19 19 5
8972 19 19 5
8973 27 27 5
8974 13 12 4
8975 24 23 7
8976 15 14 4
8977 18 17 5
8978 11 10 4
8979 16 15 5
8980 15 14 6
8981 14 13 5
8982 19 18 6
8983 8 8 4
8984 10 9 5
8985 11 11 5
8986 19 18 6
8987 14 14 4
8988 12 11 5
8989 23 22 6
8990 12 11 5
8991 29 28 6
8992 22 22 6
8993 20 20 4
8994 26 25 5
8995 13 13 5
8996 27 26 6
8997 10 10 4
8998 24 23 5
8999 19 18 6
9000 14 14 4
9001 14 13 5
9002 13 13 5
9003 15 15 5
9004 7 7 7
9005 8 8 4
9006 14 13 5
9007 17 16 4
9008 18 17 7
9009 15 14 6
9010 14 14 4
9011 16 15 5
9012 17 17 5
9013 13 13 5
9014 17 17 5
9015 13 13 5
9016 31 31 9
9017 13 12 4
9018 12 11 5
9019 17 17 5
9020 11 10 6
9021 10 9 5
9022 13 12 4
9023 14 13 7
9024 11 10 4
9025 12 11 5
9026 11 11 5
9027 9 9 5
9028 11 11 5
9029 13 13 5
9030 17 16 6
9031 14 13 5
9032 19 19 7
9033 15 14 6
9034 14 14 6
9035 14 14 6
9036 10 10 4
9037 12 11 5
9038 15 14 6
9039 18 18 6
9040 18 18 6
9041 20 19 7
9042 15 14 6
9043 14 13 5
9044 5 5 5
9045 18 17 7
9046 11 10 4
9047 14 13 5
9048 9 9 5
9049 9 9 5
9050 9 9 5
9051 15 14 8
9052 16 15 5
9053 21 20 6
9054 14 13 5
9055 17 16 6
9056 12 12 6
9057 18 17 5
9058 13 13 7
9059 11 10 4
9060 10 9 5
9061 11 10 4
9062 10 9 5
9063 19 18 6
9064 12 11 5
9065 13 12 6
9066 16 16 6
9067 20 20 6
9068 10 9 5
9069 7 7 7
9070 10 10 4
9071 12 11 5
9072 15 14 4
9073 22 21 9
9074 11 10 4
9075 18 17 5
9076 15 15 7
9077 13 13 5
9078 11 10 4
9079 12 11 5
9080 13 13 5
9081 11 10 6
9082 8 8 8
9083 11 10 4
9084 12 11 5
9085 13 12 6
9086 14 14 6
9087 14 14 6
9088 8 8 4
9089 28 27 9
9090 15 14 4
9091 18 17 5
9092 19 18 6
9093 16 15 5
9094 17 16 6
9095 14 14 6
9096 18 18 6
9097 16 16 6
9098 12 11 5
9099 9 8 4
9100 16 15 5
9101 21 20 6
9102 18 18 6
9103 10 10 4
9104 10 9 5
9105 19 18 6
9106 14 14 6
9107 10 10 4
9108 14 13 5
9109 15 14 6
9110 8 8 4
9111 10 9 5
9112 13 13 5
9113 9 9 5
9114 17 16 6
9115 14 13 5
9116 13 13 5
9117 13 12 4
9118 12 11 5
9119 13 12 4
9120 10 9 5
9121 15 15 7
9122 15 14 4
9123 14 13 7
9124 11 11 5
9125 9 9 5
9126 9 8 4
9127 12 11 5
9128 21 21 5
9129 17 16 4
9130 16 15 5
9131 17 17 5
9132 9 9 5
9133 19 18 4
9134 14 13 5
9135 15 14 4
9136 14 13 7
9137 9 8 4
9138 10 9 5
9139 11 10 6
9140 8 8 4
9141 10 9 5
9142 7 7 7
9143 14 14 6
9144 18 18 6
9145 18 18 6
9146 18 18 8
9147 16 16 4
9148 14 13 5
9149 9 8 7
9150 15 14 4
9151 10 9 5
9152 13 12 6
9153 10 10 4
9154 18 17 5
9155 9 9 5
9156 9 9 5
9157 15 15 5
9158 11 10 6
9159 8 7 6
9160 6 6 6
9161 15 14 6
9162 18 18 6
9163 12 12 6
9164 14 14 4
9165 16 15 5
9166 17 17 5
9167 13 13 5
9168 15 14 4
9169 16 15 7
9170 25 24 6
9171 12 12 4
9172 20 19 5
9173 21 21 5
9174 21 20 6
9175 36 36 6
9176 14 13 5
9177 13 12 4
9178 22 21 7
9179 17 16 6
9180 18 17 5
9181 25 25 7
9182 11 10 4
9183 14 13 5
9184 17 17 5
9185 15 15 5
9186 15 14 4
9187 16 15 5
9188 19 18 6
9189 18 18 4
9190 32 31 7
9191 27 26 6
9192 26 26 6
9193 32 32 4
9194 40 39 7
9195 35 35 5
9196 39 39 7
9197 33 32 6
9198 24 24 4
9199 38 37 7
9200 23 23 5
9201 37 37 9
9202 25 24 6
9203 28 27 5
9204 19 19 5
9205 27 27 7
9206 25 24 6
9207 32 32 6
9208 30 30 8
9209 14 14 4
9210 32 31 5
9211 25 24 6
9212 20 19 5
9213 25 24 6
9214 22 22 6
9215 30 29 7
9216 27 27 7
9217 23 22 6
9218 12 12 6
9219 28 27 7
9220 19 18 6
9221 16 16 6
9222 22 22 6
9223 24 24 6
9224 26 26 8
9225 12 12 6
9226 18 18 6
9227 18 17 5
9228 17 16 6
9229 22 22 6
9230 14 14 6
9231 14 14 4
9232 22 21 7
9233 19 18 6
9234 14 14 6
9235 18 18 4
9236 18 17 5
9237 15 15 5
9238 15 15 5
9239 15 15 5
9240 15 15 7
9241 15 14 4
9242 14 13 5
9243 15 14 6
9244 24 24 6
9245 12 12 4
9246 10 9 5
9247 13 13 5
9248 13 12 6
9249 24 24 6
9250 24 23 7
9251 15 14 4
9252 12 11 5
9253 23 22 6
9254 14 14 6
9255 8 8 4
9256 18 17 5
9257 17 17 7
9258 17 16 4
9259 14 13 5
9260 19 19 5
9261 11 11 5
9262 17 16 6
9263 22 22 4
9264 24 23 5
9265 19 18 6
9266 24 24 6
9267 32 32 6
9268 18 18 4
9269 30 29 7
9270 29 29 5
9271 19 18 4
9272 30 29 7
9273 31 30 10
9274 28 27 7
9275 19 19 5
9276 31 30 8
9277 18 18 4
9278 32 31 5
9279 19 18 6
9280 28 27 5
9281 19 19 5
9282 21 21 5
9283 31 30 8
9284 16 16 4
9285 22 21 5
9286 25 25 5
9287 17 17 5
9288 19 18 4
9289 40 39 5
9290 29 29 9
9291 23 22 6
9292 18 18 4
9293 20 19 5
9294 21 20 6
9295 14 14 6
9296 24 24 8
9297 18 18 4
9298 32 31 9
9299 21 20 6
9300 34 34 6
9301 26 26 6
9302 12 11 5
9303 25 24 6
9304 26 26 4
9305 26 25 7
9306 31 30 8
9307 22 21 7
9308 17 16 4
9309 14 13 5
9310 19 19 5
9311 15 14 6
9312 16 16 4
9313 22 21 5
9314 19 18 6
9315 10 9 5
9316 13 12 4
9317 26 25 7
9318 19 18 4
9319 18 17 5
9320 17 16 6
9321 22 22 6
9322 16 16 6
9323 16 16 6
9324 20 20 8
9325 14 14 4
9326 22 21 5
9327 15 14 4
9328 24 23 5
9329 21 21 5
9330 19 19 5
9331 11 11 5
9332 23 22 4
9333 18 17 5
9334 21 21 5
9335 25 25 5
9336 21 20 6
9337 14 14 6
9338 28 28 6
9339 18 17 7
9340 19 18 4
9341 20 19 5
9342 15 14 4
9343 16 15 5
9344 9 9 5
9345 11 11 5
9346 21 20 6
9347 26 25 7
9348 19 18 4
9349 14 13 5
9350 21 21 7
9351 17 16 6
9352 14 14 4
9353 14 13 7
9354 19 18 6
9355 16 16 6
9356 14 13 5
9357 11 11 5
9358 11 10 6
9359 10 10 6
9360 28 27 5
9361 13 13 5
9362 15 14 4
9363 12 11 5
9364 17 16 6
9365 14 14 4
9366 18 17 5
9367 21 20 6
9368 14 13 5
9369 17 17 5
9370 15 14 4
9371 20 19 7
9372 15 14 6
9373 18 17 5
9374 17 16 6
9375 12 12 6
9376 12 12 4
9377 12 11 5
9378 25 24 6
9379 10 10 4
9380 10 9 5
9381 13 12 6
9382 10 9 5
9383 19 19 7
9384 21 20 6
9385 16 16 4
9386 6 5 4
9387 10 9 5
9388 13 12 6
9389 14 14 6
9390 10 10 4
9391 10 9 5
9392 17 16 6
9393 18 18 4
9394 18 17 7
9395 15 14 4
9396 18 17 7
9397 15 14 6
9398 6 6 6
9399 15 14 4
9400 8 7 6
9401 12 12 6
9402 12 12 4
9403 14 13 5
9404 9 9 5
9405 11 11 7
9406 17 16 6
9407 16 16 6
9408 10 9 5
9409 9 8 4
9410 8 7 6
9411 10 10 4
9412 10 9 5
9413 5 5 5
9414 16 15 5
9415 9 9 5
9416 13 12 6
9417 14 14 6
9418 20 19 5
9419 17 16 6
9420 16 16 6
9421 12 12 6
9422 12 12 6
9423 14 14 6
9424 22 21 5
9425 9 8 4
9426 14 13 5
9427 25 25 7
9428 17 16 6
9429 14 14 6
9430 20 20 6
9431 16 15 7
9432 17 16 4
9433 10 9 5
9434 13 12 4
9435 16 15 5
9436 17 16 6
9437 12 12 4
9438 10 9 5
9439 11 11 5
9440 15 14 6
9441 12 11 5
9442 11 10 6
9443 6 6 6
9444 7 6 5
9445 21 20 4
9446 12 11 5
9447 11 10 4
9448 22 21 7
9449 15 14 4
9450 10 9 5
9451 17 16 4
9452 20 19 5
9453 9 8 4
9454 6 5 4
9455 10 9 5
9456 19 18 6
9457 16 15 5
9458 11 11 5
9459 11 10 6
9460 16 16 6
9461 10 10 4
9462 12 11 5
9463 19 19 5
9464 19 18 6
9465 16 16 4
9466 14 13 5
9467 13 13 5
9468 9 8 4
9469 16 15 5
9470 11 10 4
9471 12 11 5
9472 7 6 5
9473 13 12 4
9474 16 15 5
9475 19 18 4
9476 12 11 5
9477 15 14 6
9478 8 8 4
9479 14 13 5
9480 15 14 4
9481 22 21 5
9482 17 17 5
9483 17 16 4
9484 16 15 7
9485 13 12 4
9486 20 19 5
9487 17 16 6
9488 12 11 5
9489 7 6 5
9490 13 12 6
9491 14 14 4
9492 20 19 5
9493 11 10 6
9494 16 16 4
9495 14 13 5
9496 15 15 5
9497 9 9 5
9498 27 26 6
9499 18 18 4
9500 14 13 5
9501 13 12 4
9502 16 15 7
9503 21 20 6
9504 14 14 6
9505 20 20 6
9506 26 25 5
9507 21 20 6
9508 28 28 4
9509 34 33 7
9510 11 10 6
9511 14 14 4
9512 18 17 5
9513 19 19 5
9514 11 11 5
9515 19 18 4
9516 10 9 5
9517 21 20 8
9518 8 8 4
9519 26 25 5
9520 23 22 6
9521 16 15 5
9522 25 25 7
9523 11 11 5
9524 19 18 4
9525 14 13 5
9526 19 18 6
9527 20 19 5
9528 19 18 4
9529 20 19 5
9530 11 11 5
9531 17 16 6
9532 16 16 6
9533 16 16 4
9534 14 13 5
9535 11 11 5
9536 11 10 4
9537 22 21 5
9538 17 17 5
9539 21 21 5
9540 29 29 7
9541 25 24 6
9542 30 30 4
9543 28 27 7
9544 27 27 5
9545 21 21 5
9546 17 16 4
9547 24 23 5
9548 35 35 5
9549 17 17 5
9550 19 18 6
9551 26 26 8
9552 12 12 4
9553 28 27 7
9554 27 26 4
9555 32 31 7
9556 33 33 9
9557 23 22 6
9558 28 27 5
9559 35 35 7
9560 17 17 5
9561 17 17 5
9562 21 21 7
9563 21 20 4
9564 14 13 5
9565 17 16 6
9566 20 20 6
9567 30 30 8
9568 22 22 6
9569 20 20 6
9570 20 19 7
9571 9 8 4
9572 20 19 5
9573 15 14 6
9574 26 26 4
9575 14 13 5
9576 29 29 9
9577 31 31 11
9578 25 25 7
9579 21 20 6
9580 22 22 6
9581 22 22 6
9582 22 21 5
9583 17 17 5
9584 25 24 6
9585 26 25 7
9586 35 34 8
9587 24 24 8
9588 22 22 4
9589 22 21 5
9590 17 17 5
9591 19 19 5
9592 17 16 4
9593 22 21 5
9594 25 25 7
9595 29 28 6
9596 32 31 7
9597 35 34 6
9598 24 23 5
9599 25 24 4
9600 26 25 5
9601 19 18 8
9602 22 22 6
9603 18 18 4
9604 18 17 5
9605 23 23 5
9606 17 17 5
9607 19 18 4
9608 34 33 9
9609 21 20 4
9610 22 21 5
9611 9 9 5
9612 11 11 5
9613 23 22 6
9614 18 18 6
9615 16 16 4
9616 16 15 7
9617 23 22 6
9618 28 28 8
9619 22 22 6
9620 14 14 4
9621 12 11 5
9622 13 12 6
9623 18 18 6
9624 18 17 5
9625 9 8 4
9626 10 9 5
9627 9 9 5
9628 11 11 5
9629 19 18 6
9630 20 19 5
9631 17 17 7
9632 13 13 5
9633 15 14 6
9634 14 14 6
9635 24 24 8
9636 16 15 5
9637 19 18 8
9638 12 12 4
9639 18 17 5
9640 9 9 5
9641 15 14 4
9642 10 9 5
9643 11 11 5
9644 17 16 4
9645 18 17 5
9646 11 11 5
9647 13 12 6
9648 30 29 5
9649 21 20 4
9650 24 23 5
9651 19 19 5
9652 19 19 5
9653 31 30 4
9654 16 15 5
9655 33 32 6
9656 20 19 7
9657 37 36 8
9658 18 17 5
9659 27 27 5
9660 21 21 5
9661 21 21 7
9662 25 25 5
9663 31 31 9
9664 21 21 7
9665 25 25 5
9666 27 26 8
9667 18 18 6
9668 16 16 6
9669 16 16 6
9670 22 21 7
9671 21 21 7
9672 21 20 4
9673 18 17 5
9674 11 11 5
9675 21 20 4
9676 20 19 5
9677 15 15 5
9678 21 21 5
9679 19 18 6
9680 16 15 5
9681 15 14 4
9682 36 35 9
9683 19 18 6
9684 14 13 5
9685 17 16 4
9686 10 9 5
9687 23 22 8
9688 14 13 5
9689 23 23 5
9690 23 22 6
9691 30 30 6
9692 16 16 6
9693 20 20 6
9694 24 24 6
9695 32 32 6
9696 22 22 8
9697 18 18 6
9698 16 16 4
9699 22 21 5
9700 25 25 5
9701 27 26 8
9702 24 23 7
9703 19 19 7
9704 11 11 5
9705 25 24 10
9706 20 20 8
9707 12 12 4
9708 12 11 5
9709 5 5 5
9710 12 11 5
9711 17 16 6
9712 12 11 5
9713 23 22 6
9714 8 7 6
9715 6 6 6
9716 13 12 4
9717 20 19 5
9718 23 23 5
9719 17 17 5
9720 17 17 5
9721 17 16 6
9722 12 12 4
9723 12 11 5
9724 11 11 5
9725 5 5 5
9726 10 9 5
9727 11 11 5
9728 13 13 5
9729 5 5 5
9730 12 11 7
9731 13 12 6
9732 10 10 4
9733 8 7 6
9734 10 10 4
9735 12 11 5
9736 11 10 6
9737 12 11 5
9738 11 11 7
9739 7 6 5
9740 15 14 6
9741 16 16 8
9742 20 20 6
9743 14 13 5
9744 13 12 6
9745 12 12 6
9746 12 12 6
9747 16 16 6
9748 12 12 4
9749 14 13 5
9750 13 12 4
9751 8 7 6
9752 6 6 6
9753 23 22 8
9754 6 6 6
9755 13 12 4
9756 14 13 5
9757 19 18 6
9758 12 12 4
9759 6 5 4
9760 12 11 5
9761 9 9 5
9762 5 5 5
9763 12 11 5
9764 17 17 7
9765 19 19 7
9766 17 16 6
9767 10 10 6
9768 6 6 6
9769 11 11 5
9770 21 20 6
9771 14 14 4
9772 14 13 5
9773 11 11 5
9774 11 11 5
9775 7 6 5
9776 9 9 5
9777 7 6 5
9778 7 6 5
9779 9 9 5
9780 11 10 6
9781 20 20 8
9782 10 9 5
9783 15 14 4
9784 14 13 7
9785 9 9 5
9786 11 10 4
9787 10 9 5
9788 11 11 5
9789 13 13 5
9790 11 11 5
9791 9 8 4
9792 10 9 5
9793 13 12 6
9794 6 6 6
9795 9 9 5
9796 13 12 6
9797 6 6 6
9798 11 11 5
9799 13 13 5
9800 13 13 5
9801 17 17 5
9802 9 9 5
9803 9 9 5
9804 13 12 8
9805 10 10 6
9806 8 8 4
9807 12 11 5
9808 11 10 4
9809 14 13 5
9810 19 18 8
9811 16 16 6
9812 6 6 6
9813 13 12 4
9814 10 9 5
9815 11 10 4
9816 8 7 6
9817 14 13 5
9818 15 14 6
9819 12 11 5
9820 9 9 5
9821 13 13 5
9822 13 13 5
9823 13 12 6
9824 30 30 6
9825 22 21 7
9826 27 27 5
9827 11 11 7
9828 13 12 4
9829 16 15 7
9830 13 12 4
9831 10 9 5
9832 15 14 6
9833 18 17 5
9834 9 9 5
9835 9 8 4
9836 10 9 5
9837 9 9 5
9838 7 6 5
9839 11 11 5
9840 5 5 5
9841 18 17 5
9842 11 11 5
9843 15 14 6
9844 6 6 6
9845 21 20 6
9846 20 20 6
9847 22 22 4
9848 30 29 5
9849 17 17 5
9850 17 17 5
9851 13 12 4
9852 14 13 5
9853 15 14 6
9854 16 16 6
9855 18 18 6
9856 20 19 5
9857 17 17 5
9858 15 15 5
9859 27 27 5
9860 17 16 4
9861 20 19 5
9862 9 9 5
9863 13 12 4
9864 22 21 5
9865 11 11 5
9866 15 14 4
9867 32 31 5
9868 25 25 5
9869 19 18 6
9870 18 17 5
9871 19 18 6
9872 18 18 8
9873 26 26 4
9874 24 23 5
9875 29 28 6
9876 26 25 5
9877 19 18 4
9878 16 15 5
9879 33 32 6
9880 26 26 6
9881 20 20 6
9882 20 20 4
9883 28 27 7
9884 15 14 6
9885 14 14 4
9886 18 17 5
9887 23 22 6
9888 12 12 4
9889 20 19 5
9890 19 18 6
9891 28 28 6
9892 26 26 6
9893 16 15 5
9894 21 20 6
9895 12 12 4
9896 24 23 5
9897 29 29 5
9898 25 24 6
9899 26 25 5
9900 23 23 5
9901 25 24 8
9902 22 22 4
9903 16 15 5
9904 27 27 5
9905 25 25 7
9906 19 19 5
9907 29 28 6
9908 30 30 6
9909 26 25 9
9910 35 34 8
9911 16 16 6
9912 26 26 4
9913 30 29 7
9914 41 40 8
9915 32 32 6
9916 30 29 9
9917 23 22 6
9918 26 26 10
9919 22 21 5
9920 27 27 5
9921 19 18 4
9922 24 23 7
9923 15 15 5
9924 25 25 5
9925 17 17 5
9926 27 26 6
9927 16 16 4
9928 20 19 5
9929 11 10 4
9930 14 13 5
9931 15 14 4
9932 20 19 5
9933 17 17 5
9934 17 16 4
9935 28 27 7
9936 19 18 4
9937 22 21 7
9938 21 20 6
9939 14 14 6
9940 14 14 6
9941 16 16 4
9942 16 15 5
9943 17 17 5
9944 19 19 5
9945 9 9 5
9946 9 8 4
9947 18 17 5
9948 15 14 6
9949 8 8 4
9950 18 17 5
9951 9 9 5
9952 13 12 4
9953 18 17 5
9954 17 17 5
9955 11 10 4
9956 14 13 5
9957 9 9 5
9958 13 12 4
9959 14 13 5
9960 9 8 4
9961 12 11 5
9962 11 11 5
9963 17 17 5
9964 19 18 6
9965 18 18 6
9966 10 9 5
9967 21 20 6
9968 16 16 6
9969 10 10 4
9970 14 13 7
9971 7 6 5
9972 13 12 4
9973 12 11 5
9974 17 16 6
9975 24 23 7
9976 13 12 4
9977 14 13 5
9978 13 13 5
9979 7 6 5
9980 15 14 6
9981 14 14 4
9982 28 27 5
9983 15 15 5
9984 25 24 6
9985 16 16 4
9986 18 17 5
9987 11 10 4
9988 10 9 5
9989 13 12 6
9990 16 16 4
9991 14 13 7
9992 11 10 6
9993 10 10 6
9994 14 14 6
9995 12 12 4
9996 12 11 5
9997 15 14 4
9998 14 13 7
9999 11 10 4
10000 8 7 6
10001 12 12 4
10002 12 11 5
10003 17 17 7
10004 13 12 6
10005 10 10 4
10006 14 13 5
10007 11 11 5
10008 15 15 7
10009 11 10 4
10010 12 11 5
10011 9 9 5
10012 19 19 5
10013 9 9 5
10014 35 34 8
10015 10 10 6
10016 8 8 4
10017 22 21 7
10018 9 8 7
10019 11 10 4
10020 16 15 7
10021 19 18 6
10022 12 12 4
10023 20 19 5
10024 13 13 5
10025 9 8 4
10026 10 9 5
10027 11 10 4
10028 26 25 9
10029 15 14 6
10030 10 10 6
10031 22 22 6
10032 8 8 4
10033 16 15 5
10034 5 5 5
10035 10 9 5
10036 13 12 6
10037 14 14 6
10038 18 17 5
10039 11 10 4
10040 18 17 5
10041 21 20 4
10042 12 11 5
10043 11 10 4
10044 16 15 5
10045 9 9 5
10046 7 6 5
10047 11 10 4
10048 12 11 7
10049 11 10 4
10050 10 9 5
10051 7 6 5
10052 13 12 6
10053 14 14 6
10054 14 14 6
10055 12 11 5
10056 17 16 6
10057 12 11 5
10058 15 14 6
10059 18 18 6
10060 14 14 4
10061 14 13 5
10062 11 11 5
10063 23 23 5
10064 23 22 6
10065 18 17 5
10066 15 14 4
10067 14 13 5
10068 21 20 8
10069 16 16 4
10070 14 13 5
10071 17 17 7
10072 21 20 6
10073 10 9 5
10074 15 14 6
10075 14 14 4
10076 14 13 5
10077 23 22 6
10078 24 24 6
10079 14 13 5
10080 15 15 5
10081 15 15 5
10082 35 34 6
10083 22 21 5
10084 29 28 6
10085 16 16 4
10086 22 21 5
10087 15 15 5
10088 17 17 5
10089 17 16 6
10090 20 20 6
10091 14 13 5
10092 17 17 7
10093 19 18 6
10094 22 22 6
10095 26 25 7
10096 17 16 6
10097 30 30 8
10098 14 14 6
10099 26 25 7
10100 27 26 8
10101 16 15 5
10102 21 20 8
10103 16 15 7
10104 19 19 7
10105 5 5 5
10106 20 19 5
10107 27 27 7
10108 23 22 6
10109 24 23 7
10110 25 24 6
10111 20 19 5
10112 17 16 4
10113 22 21 5
10114 17 17 5
10115 39 38 10
10116 22 22 4
10117 16 15 5
10118 17 17 7
10119 17 16 6
10120 12 12 4
10121 20 19 5
10122 21 21 5
10123 13 13 5
10124 27 26 6
10125 22 21 7
10126 17 17 5
10127 17 17 5
10128 19 19 5
10129 13 12 4
10130 20 19 5
10131 13 13 5
10132 17 16 6
10133 12 12 6
10134 18 18 6
10135 22 22 6
10136 18 18 6
10137 12 12 6
10138 14 14 4
10139 24 23 5
10140 15 15 5
10141 23 23 7
10142 19 18 4
10143 26 25 5
10144 25 24 6
10145 36 36 6
10146 34 34 6
10147 24 23 5
10148 29 28 4
10149 26 25 7
10150 15 14 6
10151 12 12 4
10152 18 17 5
10153 15 14 4
10154 14 13 5
10155 21 21 5
10156 19 19 5
10157 17 17 5
10158 21 20 6
10159 20 20 6
10160 18 17 5
10161 29 29 7
10162 25 25 9
10163 29 29 9
10164 23 22 10
10165 24 23 7
10166 31 30 6
10167 24 24 6
10168 20 20 6
10169 38 37 11
10170 31 31 9
10171 19 19 5
10172 23 23 5
10173 17 17 5
10174 29 28 10
10175 16 16 6
10176 40 40 14
10177 24 24 6
10178 28 27 7
10179 19 18 8
10180 14 14 6
10181 30 30 8
10182 26 26 10
10183 28 28 8
10184 14 14 6
10185 20 19 7
10186 35 34 14
10187 20 20 6
10188 28 27 9
10189 25 25 7
10190 25 25 9
10191 27 27 11
10192 31 30 12
10193 22 22 4
10194 36 35 11
10195 23 22 6
10196 30 29 7
10197 31 30 10
10198 24 23 5
10199 37 37 15
10200 25 24 8
10201 24 23 7
10202 31 30 8
10203 18 17 5
10204 47 46 18
10205 24 23 7
10206 15 14 4
10207 22 21 11
10208 9 8 4
10209 30 29 5
10210 27 27 9
10211 33 32 12
10212 18 17 5
10213 39 39 7
10214 11 10 4
10215 24 23 5
10216 13 13 5
10217 27 27 7
10218 23 22 6
10219 18 18 4
10220 26 25 7
10221 17 16 4
10222 22 21 7
10223 13 12 6
10224 12 12 4
10225 18 17 7
10226 17 16 4
10227 30 29 7
10228 27 26 4
10229 24 23 5
10230 11 10 4
10231 14 13 5
10232 17 16 6
10233 16 16 4
10234 16 15 5
10235 21 21 5
10236 19 18 4
10237 22 21 5
10238 11 11 5
10239 13 13 5
10240 17 16 4
10241 14 13 5
10242 13 13 5
10243 9 9 5
10244 23 22 8
10245 20 19 5
10246 25 25 7
10247 9 9 5
10248 23 22 6
10249 20 19 5
10250 29 28 6
10251 20 20 6
10252 24 23 7
10253 21 20 4
10254 26 25 5
10255 19 19 5
10256 13 12 6
10257 24 24 6
10258 28 27 5
10259 17 17 5
10260 15 14 4
10261 32 31 5
10262 35 35 7
10263 17 16 6
10264 28 28 8
10265 24 24 6
10266 24 23 7
10267 15 14 6
10268 26 26 4
10269 38 37 9
10270 31 31 7
10271 27 27 5
10272 23 23 7
10273 21 20 6
10274 26 25 7
10275 23 22 4
10276 36 35 7
10277 33 32 6
10278 20 20 6
10279 32 32 8
10280 16 16 6
10281 24 23 5
10282 27 27 5
10283 17 17 5
10284 19 19 5
10285 11 11 5
10286 17 16 6
10287 22 21 5
10288 31 30 6
10289 18 18 6
10290 20 20 4
10291 26 25 5
10292 23 23 7
10293 19 18 4
10294 24 23 5
10295 17 16 6
10296 20 20 6
10297 12 12 6
10298 14 14 6
10299 18 18 6
10300 10 10 4
10301 14 13 5
10302 13 13 7
10303 15 14 6
10304 16 16 6
10305 16 16 6
10306 16 16 6
10307 14 14 6
10308 10 10 6
10309 18 18 6
10310 10 9 5
10311 15 14 6
10312 16 15 5
10313 17 16 4
10314 18 17 5
10315 17 17 5
10316 11 11 5
10317 27 27 7
10318 11 10 4
10319 14 13 5
10320 13 12 6
10321 18 17 5
10322 23 22 6
10323 18 18 6
10324 10 10 4
10325 16 15 5
10326 13 12 6
10327 14 14 6
10328 10 10 6
10329 16 16 6
10330 12 11 5
10331 15 14 4
10332 10 9 5
10333 9 9 5
10334 19 19 5
10335 15 14 4
10336 18 17 7
10337 13 12 6
10338 14 14 6
10339 16 16 4
10340 14 13 5
10341 15 14 6
10342 16 16 6
10343 26 26 8
10344 14 14 6
10345 12 12 6
10346 12 12 4
10347 14 13 7
10348 19 18 6
10349 14 14 4
10350 18 17 5
10351 13 13 7
10352 9 9 5
10353 13 12 4
10354 14 13 5
10355 7 6 5
10356 17 16 4
10357 20 19 5
10358 11 11 5
10359 15 15 5
10360 9 9 5
10361 11 11 5
10362 13 12 4
10363 16 15 7
10364 17 16 6
10365 14 14 6
10366 12 12 6
10367 14 14 4
10368 6 5 4
10369 10 9 5
10370 13 12 4
10371 24 23 7
10372 15 14 6
10373 14 13 5
10374 23 23 7
10375 15 14 6
10376 8 8 4
10377 10 9 5
10378 11 11 5
10379 13 12 6
10380 22 22 8
10381 8 8 4
10382 12 11 7
10383 11 10 4
10384 12 11 5
10385 19 18 6
10386 14 13 7
10387 9 8 4
10388 26 25 9
10389 19 18 6
10390 6 6 6
10391 11 10 4
10392 18 17 7
10393 13 13 5
10394 13 13 5
10395 11 10 4
10396 14 13 5
10397 11 11 7
10398 9 8 4
10399 16 15 7
10400 9 8 4
10401 10 9 5
10402 15 15 7
10403 15 15 5
10404 11 10 4
10405 22 21 5
10406 13 13 5
10407 5 5 5
10408 10 9 5
10409 17 17 5
10410 13 12 4
10411 18 17 5
10412 15 14 4
10413 16 15 7
10414 9 9 5
10415 13 12 4
10416 14 13 7
10417 13 12 6
10418 12 11 5
10419 11 10 4
10420 16 15 7
10421 11 11 5
10422 11 10 4
10423 16 15 7
10424 17 17 5
10425 15 14 8
10426 12 12 6
10427 12 12 6
10428 12 11 5
10429 13 12 6
10430 12 12 4
10431 14 13 5
10432 15 15 7
10433 9 9 5
10434 13 12 4
10435 16 15 5
10436 9 9 5
10437 15 14 6
10438 10 9 5
10439 11 11 5
10440 15 14 6
10441 12 12 4
10442 18 17 5
10443 11 10 4
10444 14 13 7
10445 13 12 4
10446 22 21 7
10447 7 6 5
10448 9 9 5
10449 7 6 5
10450 13 12 6
10451 6 5 4
10452 6 5 4
10453 12 11 5
10454 21 20 6
10455 12 11 5
10456 13 12 6
10457 10 9 5
10458 7 6 5
10459 21 21 5
10460 11 11 5
10461 21 21 5
10462 19 18 6
10463 12 12 6
10464 10 10 4
10465 10 9 5
10466 11 10 4
10467 6 5 4
10468 12 11 5
10469 19 18 4
10470 16 15 5
10471 15 15 7
10472 13 12 6
10473 12 12 4
10474 10 9 5
10475 19 18 6
10476 18 18 4
10477 20 19 7
10478 15 14 4
10479 20 19 5
10480 21 21 5
10481 31 31 7
10482 21 21 7
10483 11 10 4
10484 28 27 7
10485 17 17 5
10486 17 16 4
10487 12 11 5
10488 13 13 5
10489 29 29 9
10490 17 17 7
10491 9 8 4
10492 18 17 5
10493 19 19 5
10494 27 26 10
10495 26 26 6
10496 34 33 7
10497 23 22 4
10498 36 35 5
10499 21 21 5
10500 27 27 7
10501 19 18 4
10502 14 13 5
10503 33 32 6
10504 18 17 5
10505 21 20 6
10506 22 22 6
10507 16 16 4
10508 12 11 5
10509 19 18 6
10510 16 16 4
10511 20 19 5
10512 31 31 5
10513 15 15 5
10514 25 24 8
10515 24 24 6
10516 10 10 4
10517 20 19 5
10518 23 23 5
10519 21 20 4
10520 14 13 5
10521 17 17 5
10522 27 26 6
10523 32 31 7
10524 11 11 5
10525 15 14 4
10526 14 13 5
10527 11 11 5
10528 33 32 14
10529 18 18 4
10530 18 17 5
10531 27 26 8
10532 22 21 5
10533 15 15 7
10534 29 29 11
10535 15 14 6
10536 16 16 4
10537 18 17 5
10538 15 15 7
10539 19 18 6
10540 20 19 7
10541 21 20 4
10542 18 17 5
10543 23 23 7
10544 37 36 12
10545 22 22 6
10546 22 21 7
10547 21 20 6
10548 18 17 7
10549 27 27 11
10550 15 14 4
10551 16 15 5
10552 21 20 6
10553 14 13 5
10554 13 13 5
10555 21 21 7
10556 13 13 5
10557 19 19 7
10558 33 32 14
10559 12 12 4
10560 18 17 7
10561 21 20 4
10562 24 23 7
10563 21 20 6
10564 30 30 6
10565 22 22 8
10566 20 19 5
10567 13 13 5
10568 9 8 4
10569 20 19 5
10570 13 13 5
10571 11 11 5
10572 11 10 4
10573 24 23 7
10574 13 12 4
10575 26 25 5
10576 23 23 5
10577 23 22 4
10578 20 19 7
10579 15 14 4
10580 20 19 7
10581 17 16 4
10582 14 13 5
10583 13 13 5
10584 19 19 5
10585 15 14 6
10586 12 11 5
10587 11 10 4
10588 10 9 5
10589 9 9 5
10590 9 9 5
10591 11 10 6
10592 12 12 6
10593 6 5 4
10594 12 11 5
10595 13 12 4
10596 16 15 7
10597 15 14 6
10598 12 12 6
10599 14 13 7
10600 7 6 5
10601 13 12 6
10602 18 17 5
10603 13 12 4
10604 10 9 5
10605 15 14 6
10606 10 10 6
10607 12 11 5
10608 13 13 5
10609 17 17 7
10610 15 15 5
10611 11 11 5
10612 23 22 6
10613 16 15 5
10614 13 12 6
10615 8 8 4
10616 14 13 7
10617 13 12 6
10618 14 13 5
10619 9 8 4
10620 22 21 11
10621 15 14 6
10622 12 12 4
10623 8 7 6
10624 12 12 6
10625 18 18 6
10626 16 16 6
10627 14 14 4
10628 10 9 5
10629 15 15 7
10630 13 13 5
10631 13 13 7
10632 9 8 4
10633 12 11 5
10634 19 18 8
10635 14 14 6
10636 14 14 6
10637 6 6 6
10638 7 6 5
10639 13 13 7
10640 13 12 6
10641 14 14 4
10642 10 9 5
10643 15 14 8
10644 10 10 6
10645 14 14 4
10646 30 29 7
10647 15 14 6
10648 12 12 6
10649 10 10 4
10650 12 11 5
10651 9 9 5
10652 15 14 8
10653 6 6 6
10654 7 6 5
10655 21 20 8
10656 10 9 5
10657 7 6 5
10658 13 12 6
10659 12 11 5
10660 17 16 6
10661 16 15 5
10662 15 14 4
10663 18 17 5
10664 7 6 5
10665 13 12 6
10666 16 15 5
10667 7 6 5
10668 11 10 4
10669 14 13 5
10670 11 10 4
10671 16 15 5
10672 7 6 5
10673 7 6 5
10674 7 6 5
10675 11 11 5
10676 13 13 5
10677 11 10 6
10678 12 11 5
10679 7 6 5
10680 7 6 5
10681 17 17 5
10682 9 9 5
10683 11 10 6
10684 10 10 4
10685 24 23 7
10686 13 12 4
10687 18 17 7
10688 11 11 5
10689 11 11 5
10690 11 10 6
10691 10 9 5
10692 9 9 5
10693 13 12 6
10694 8 8 4
10695 16 15 7
10696 9 8 4
10697 12 11 5
10698 9 9 5
10699 7 6 5
10700 9 9 5
10701 11 11 5
10702 17 17 7
10703 7 6 5
10704 9 8 4
10705 20 19 5
10706 5 5 5
10707 12 11 5
10708 7 7 7
10709 12 12 6
10710 12 11 5
10711 15 14 4
10712 14 13 5
10713 15 15 5
10714 13 12 4
10715 16 15 5
10716 13 12 4
10717 10 9 5
10718 15 15 5
10719 9 9 5
10720 11 10 4
10721 12 11 5
10722 23 22 6
10723 12 11 5
10724 13 12 6
10725 12 12 4
10726 12 11 5
10727 17 17 5
10728 11 11 5
10729 15 14 6
10730 12 11 5
10731 15 14 6
10732 6 6 6
10733 15 14 6
10734 14 14 6
10735 16 16 6
10736 10 9 5
10737 25 25 7
10738 7 6 5
10739 11 10 4
10740 16 15 5
10741 13 13 5
10742 7 6 5
10743 15 14 4
10744 16 15 5
10745 17 16 6
10746 6 6 6
10747 13 12 4
10748 12 11 5
10749 11 10 6
10750 12 11 5
10751 17 16 6
10752 12 12 4
10753 22 21 7
10754 5 5 5
10755 10 9 5
10756 7 6 5
10757 9 8 4
10758 10 9 5
10759 11 11 5
10760 13 12 4
10761 10 9 5
10762 7 6 5
10763 9 9 5
10764 11 11 5
10765 7 7 7
10766 10 10 6
10767 10 10 4
10768 14 13 5
10769 13 13 5
10770 21 21 7
10771 9 8 4
10772 14 13 5
10773 15 14 4
10774 10 9 5
10775 11 10 4
10776 12 11 5
10777 11 10 6
10778 12 12 4
10779 24 23 7
10780 5 5 5
10781 16 15 5
10782 13 12 6
10783 6 6 6
10784 11 11 5
10785 11 10 6
10786 10 10 4
10787 26 25 7
10788 13 12 4
10789 20 19 5
10790 15 15 5
10791 9 9 5
10792 9 8 4
10793 18 17 5
10794 17 16 6
10795 16 16 6
10796 14 14 4
10797 16 15 5
10798 15 15 5
10799 19 18 6
10800 16 16 4
10801 20 19 5
10802 17 16 4
10803 22 21 5
10804 23 23 5
10805 25 25 5
10806 21 21 7
10807 31 30 4
10808 36 35 7
10809 29 29 7
10810 33 32 10
10811 32 32 4
10812 26 25 7
10813 15 14 4
10814 20 19 5
10815 15 15 5
10816 41 41 7
10817 29 28 6
10818 38 37 5
10819 17 17 5
10820 15 14 4
10821 22 21 7
10822 19 18 6
10823 20 20 6
10824 20 20 6
10825 24 24 4
10826 28 27 5
10827 39 39 7
10828 15 15 5
10829 27 27 5
10830 23 22 6
10831 14 13 5
10832 13 12 4
10833 26 25 7
10834 25 24 8
10835 10 10 4
10836 20 19 5
10837 17 17 7
10838 25 25 7
10839 17 16 6
10840 22 21 9
10841 11 10 6
10842 20 20 6
10843 20 19 5
10844 29 28 6
10845 22 22 6
10846 16 16 6
10847 14 13 5
10848 11 11 5
10849 23 22 6
10850 10 9 5
10851 5 5 5
10852 20 19 7
10853 19 18 6
10854 12 11 5
10855 13 12 6
10856 10 10 4
10857 26 25 7
10858 19 19 7
10859 19 19 7
10860 9 8 4
10861 30 29 7
10862 21 21 5
10863 11 11 5
10864 19 18 6
10865 18 18 6
10866 18 17 5
10867 17 17 5
10868 19 19 5
10869 11 10 6
10870 28 27 9
10871 21 20 6
10872 12 12 4
10873 36 35 9
10874 21 20 6
10875 20 19 5
10876 23 22 6
10877 18 18 6
10878 14 13 5
10879 13 12 4
10880 20 19 5
10881 19 19 7
10882 19 18 8
10883 18 18 6
10884 14 13 5
10885 25 24 8
10886 12 12 4
10887 22 21 5
10888 23 23 5
10889 9 8 4
10890 22 21 5
10891 19 18 8
10892 10 10 4
10893 18 17 5
10894 11 10 4
10895 12 11 5
10896 13 12 6
10897 14 14 6
10898 16 16 6
10899 12 11 5
10900 15 15 5
10901 11 11 5
10902 7 6 5
10903 17 16 6
10904 18 17 5
10905 17 17 5
10906 11 11 5
10907 15 14 6
10908 20 19 5
10909 13 13 5
10910 21 20 4
10911 14 13 5
10912 15 14 6
10913 6 5 4
10914 14 13 5
10915 9 8 4
10916 12 11 5
10917 17 16 8
10918 14 14 4
10919 16 15 5
10920 15 15 5
10921 15 14 6
10922 12 12 6
10923 10 10 6
10924 6 6 6
10925 11 10 4
10926 12 11 5
10927 17 16 4
10928 20 19 5
10929 13 13 5
10930 15 15 5
10931 13 12 6
10932 14 14 6
10933 6 6 6
10934 15 14 6
10935 16 15 7
10936 19 18 8
10937 18 18 6
10938 18 18 6
10939 10 9 5
10940 15 15 5
10941 19 18 8
10942 12 12 6
10943 10 10 4
10944 14 13 7
10945 9 8 4
10946 14 13 5
10947 13 12 6
10948 16 16 6
10949 14 14 4
10950 14 13 5
10951 15 14 6
10952 10 10 6
10953 14 13 5
10954 7 6 5
10955 9 8 4
10956 14 13 5
10957 13 13 5
10958 19 18 6
10959 20 20 6
10960 20 20 6
10961 12 11 5
10962 19 18 6
10963 10 10 4
10964 16 15 5
10965 9 9 5
10966 13 13 5
10967 19 19 7
10968 19 18 6
10969 26 26 6
10970 12 12 6
10971 10 10 6
10972 16 16 4
10973 10 9 5
10974 23 22 6
10975 20 20 6
10976 14 13 5
10977 7 6 5
10978 15 14 6
10979 18 18 4
10980 16 15 5
10981 17 17 7
10982 19 19 5
10983 11 11 5
10984 7 6 5
10985 19 18 6
10986 10 10 4
10987 16 15 5
10988 19 18 4
10989 16 15 5
10990 21 21 7
10991 11 10 6
10992 12 11 5
10993 9 9 5
10994 9 8 4
10995 10 9 5
10996 13 13 5
10997 11 11 5
10998 19 19 5
10999 11 10 4
11000 18 17 5
11001 9 8 7
11002 15 14 4
11003 14 13 5
11004 15 15 5
11005 15 14 4
11006 22 21 5
11007 19 18 6
11008 12 12 6
11009 20 20 6
11010 20 20 6
11011 14 14 4
11012 14 13 5
11013 21 21 5
11014 19 19 5
11015 17 16 6
11016 14 14 4
11017 14 13 5
11018 17 16 4
11019 12 11 5
11020 11 11 5
11021 9 8 4
11022 12 11 5
11023 19 18 6
11024 8 8 4
11025 14 13 5
11026 11 11 5
11027 7 6 5
11028 15 15 5
11029 13 13 5
11030 17 16 6
11031 16 15 7
11032 11 10 4
11033 14 13 5
11034 13 12 4
11035 10 9 5
11036 15 14 4
11037 16 15 5
11038 11 11 5
11039 11 10 6
11040 12 11 5
11041 9 9 5
11042 13 12 6
11043 14 14 6
11044 18 18 6
11045 10 10 6
11046 10 10 4
11047 16 15 5
11048 9 9 5
11049 9 9 5
11050 15 14 6
11051 8 8 4
11052 14 13 7
11053 15 14 4
11054 22 21 7
11055 19 18 6
11056 14 14 4
11057 10 9 5
11058 17 16 6
11059 10 10 4
11060 10 9 5
11061 7 6 5
11062 21 20 8
11063 10 9 5
11064 11 10 6
11065 10 10 6
11066 12 12 4
11067 8 7 6
11068 12 12 6
11069 6 6 6
11070 11 10 6
11071 12 11 7
11072 19 19 5
11073 11 10 4
11074 16 15 5
11075 11 11 7
11076 13 12 4
11077 18 17 7
11078 15 14 6
11079 18 17 7
11080 29 28 6
11081 14 14 6
11082 12 11 5
11083 11 11 5
11084 13 12 4
11085 16 15 5
11086 15 14 6
11087 14 14 4
11088 22 21 5
11089 15 14 4
11090 10 9 5
11091 15 14 4
11092 10 9 5
11093 15 14 6
11094 12 12 6
11095 10 10 6
11096 20 20 4
11097 12 11 5
11098 13 13 5
11099 29 28 8
11100 14 14 4
11101 14 13 5
11102 21 21 5
11103 9 9 5
11104 15 14 4
11105 18 17 5
11106 9 8 4
11107 6 5 4
11108 10 9 5
11109 17 17 5
11110 21 21 7
11111 11 10 4
11112 14 13 5
11113 9 9 5
11114 11 11 5
11115 9 8 4
11116 18 17 5
11117 15 15 7
11118 19 19 5
11119 13 13 5
11120 21 20 6
11121 12 12 4
11122 12 11 7
11123 15 15 5
11124 15 14 6
11125 16 15 5
11126 13 13 7
11127 15 14 6
11128 12 11 5
11129 15 15 7
11130 7 6 5
11131 17 16 4
11132 14 13 7
11133 15 14 4
11134 18 17 5
11135 21 21 5
11136 11 11 5
11137 21 20 6
11138 20 20 6
11139 16 16 6
11140 10 10 4
11141 18 17 5
11142 11 11 5
11143 13 12 4
11144 14 13 5
11145 17 16 4
11146 18 17 5
11147 19 18 6
11148 26 26 6
11149 30 30 6
11150 22 21 5
11151 17 16 6
11152 20 19 5
11153 15 15 5
11154 17 17 7
11155 11 10 4
11156 10 9 5
11157 9 8 4
11158 14 13 5
11159 11 11 5
11160 13 13 5
11161 13 12 4
11162 18 17 7
11163 13 12 4
11164 18 17 5
11165 15 15 5
11166 15 14 4
11167 18 17 5
11168 15 14 4
11169 14 13 5
11170 9 9 5
11171 7 6 5
11172 11 11 5
11173 33 32 6
11174 14 14 6
11175 6 6 6
11176 11 11 5
11177 17 16 6
11178 20 19 7
11179 13 12 4
11180 14 13 5
11181 21 20 6
11182 12 11 5
11183 13 12 4
11184 10 9 5
11185 13 12 6
11186 14 14 6
11187 14 13 5
11188 17 16 6
11189 14 13 7
11190 15 14 6
11191 20 20 8
11192 24 24 6
11193 12 12 6
11194 22 22 6
11195 14 14 4
11196 12 11 5
11197 9 9 5
11198 15 14 6
11199 6 6 6
11200 13 12 6
11201 10 10 6
11202 14 14 6
11203 14 14 6
11204 12 11 5
11205 15 14 6
11206 14 13 5
11207 17 16 4
11208 8 7 6
11209 14 13 5
11210 13 12 6
11211 16 16 6
11212 18 18 4
11213 16 15 5
11214 19 18 6
11215 14 13 5
11216 19 18 6
11217 18 18 6
11218 10 9 5
11219 11 10 4
11220 16 15 5
11221 13 12 4
11222 24 23 7
11223 17 16 4
11224 22 21 5
11225 7 6 5
11226 15 14 4
11227 14 13 5
11228 23 23 5
11229 19 19 7
11230 23 22 4
11231 26 25 5
11232 17 17 5
11233 13 12 4
11234 10 9 5
11235 19 18 4
11236 10 9 5
11237 27 26 6
11238 16 15 5
11239 19 18 4
11240 20 19 7
11241 15 14 4
11242 18 17 5
11243 21 21 5
11244 13 12 4
11245 10 9 5
11246 17 16 4
11247 22 21 5
11248 13 12 4
11249 14 13 5
11250 17 17 5
11251 39 38 6
11252 32 32 8
11253 34 34 4
11254 34 33 7
11255 31 31 7
11256 29 28 6
11257 36 35 5
11258 25 25 5
11259 31 31 7
11260 47 46 8
11261 26 26 6
11262 34 34 6
11263 30 30 8
11264 30 29 7
11265 27 26 6
11266 42 41 9
11267 35 35 7
11268 41 41 9
11269 43 42 10
11270 38 37 11
11271 27 26 6
11272 24 24 4
11273 24 23 5
11274 33 32 8
11275 42 42 8
11276 26 25 5
11277 25 25 5
11278 33 32 6
11279 24 23 7
11280 29 29 7
11281 25 24 6
11282 36 35 7
11283 37 37 9
11284 49 48 14
11285 22 21 5
11286 17 17 5
11287 31 30 6
11288 42 41 13
11289 23 22 10
11290 30 29 9
11291 31 30 10
11292 32 31 11
11293 19 19 7
11294 37 37 11
11295 29 28 8
11296 32 32 14
11297 28 28 4
11298 40 39 13
11299 33 33 11
11300 17 17 5
11301 27 26 10
11302 46 46 12
11303 16 16 6
11304 18 18 4
11305 36 35 11
11306 21 21 5
11307 27 27 7
11308 21 21 7
11309 29 28 10
11310 20 20 4
11311 18 17 5
11312 21 20 6
11313 26 26 8
11314 24 23 7
11315 29 28 10
11316 20 19 5
11317 21 20 6
11318 26 25 5
11319 19 18 4
11320 20 19 5
11321 21 21 5
11322 23 22 6
11323 26 26 4
11324 14 13 5
11325 21 21 7
11326 13 13 5
11327 21 20 6
11328 20 19 5
11329 25 24 6
11330 14 14 4
11331 28 27 5
11332 31 31 7
11333 25 24 6
11334 28 28 8
11335 26 26 6
11336 22 22 10
11337 22 21 5
11338 31 31 7
11339 21 20 6
11340 18 18 8
11341 28 28 8
11342 34 34 10
11343 30 29 7
11344 29 28 10
11345 24 24 6
11346 24 24 4
11347 20 19 5
11348 15 15 5
11349 21 21 5
11350 21 20 4
11351 24 23 7
11352 21 21 5
11353 17 17 7
11354 23 22 6
11355 18 18 4
11356 24 23 5
11357 33 32 6
11358 16 16 4
11359 28 27 5
11360 31 31 5
11361 25 25 5
11362 21 20 4
11363 38 37 5
11364 31 31 7
11365 19 19 5
11366 25 24 6
11367 16 16 4
11368 44 43 9
11369 19 19 5
11370 33 33 7
11371 21 21 5
11372 21 21 7
11373 21 20 4
11374 20 19 5
11375 31 30 8
11376 24 23 5
11377 27 27 9
11378 19 18 6
11379 26 26 4
11380 24 23 7
11381 43 42 12
11382 32 31 5
11383 29 29 7
11384 21 20 6
11385 28 28 6
11386 18 18 6
11387 24 24 6
11388 26 26 6
11389 20 19 5
11390 21 20 4
11391 24 23 7
11392 13 13 5
11393 17 17 7
11394 15 15 5
11395 13 12 4
11396 24 23 7
11397 21 20 8
11398 14 14 6
11399 16 16 4
11400 22 21 5
11401 19 19 5
11402 17 16 6
11403 16 15 5
11404 17 16 4
11405 12 11 7
11406 15 14 6
11407 20 20 6
11408 20 20 6
11409 24 24 8
11410 26 26 6
11411 10 9 5
11412 13 12 4
11413 14 13 5
11414 17 16 4
11415 14 13 7
11416 25 24 8
11417 8 8 4
11418 14 13 5
11419 11 11 5
11420 15 15 7
11421 19 18 4
11422 14 13 5
11423 13 12 4
11424 18 17 5
11425 23 23 5
11426 5 5 5
11427 18 17 5
11428 13 12 6
11429 18 18 4
11430 16 15 5
11431 11 10 4
11432 24 23 5
11433 19 19 5
11434 23 22 6
11435 14 14 4
11436 20 19 5
11437 15 14 4
11438 12 11 5
11439 15 14 6
11440 16 15 5
11441 17 16 6
11442 18 18 8
11443 14 14 4
11444 14 13 5
11445 17 17 5
11446 9 8 4
11447 28 27 7
11448 17 16 4
11449 12 11 5
11450 13 13 7
11451 37 36 6
11452 24 23 5
11453 37 37 5
11454 25 24 4
11455 18 17 5
11456 25 25 5
11457 15 15 5
11458 19 18 6
11459 18 18 4
11460 22 21 5
11461 25 24 6
11462 24 24 6
11463 18 18 4
11464 14 13 5
11465 17 16 6
11466 22 22 6
11467 20 20 4
11468 22 21 5
11469 23 23 5
11470 23 22 6
11471 16 16 4
11472 12 11 5
11473 15 15 5
11474 17 16 6
11475 12 11 5
11476 13 12 4
11477 10 9 5
11478 25 24 8
11479 20 20 6
11480 16 16 4
11481 14 13 5
11482 15 14 4
11483 20 19 5
11484 19 19 5
11485 13 13 5
11486 13 12 4
11487 18 17 7
11488 25 24 6
11489 16 16 4
11490 12 11 5
11491 13 13 5
11492 13 12 4
11493 22 21 5
11494 19 19 5
11495 25 24 4
11496 12 11 5
11497 11 11 5
11498 19 18 6
11499 10 10 4
11500 14 13 5
11501 13 13 5
11502 11 10 4
11503 12 11 5
11504 23 23 5
11505 19 18 6
11506 16 16 6
11507 10 10 4
11508 20 19 5
11509 17 16 6
11510 24 24 6
11511 16 16 4
11512 18 17 7
11513 37 36 6
11514 12 12 4
11515 10 9 5
11516 19 18 6
11517 10 10 4
11518 12 11 5
11519 19 18 4
11520 20 19 7
11521 17 16 4
11522 16 15 5
11523 19 18 6
11524 14 14 6
11525 20 20 6
11526 24 23 5
11527 27 26 6
11528 26 26 4
11529 14 13 5
11530 31 30 8
11531 16 15 5
11532 21 20 4
11533 24 23 5
11534 25 24 6
11535 18 18 6
11536 24 24 6
11537 18 18 6
11538 28 27 5
11539 39 39 5
11540 25 24 6
11541 20 20 4
11542 22 21 5
11543 39 38 10
11544 24 24 4
11545 32 31 7
11546 31 30 6
11547 30 30 6
11548 16 16 4
11549 26 25 5
11550 29 29 7
11551 49 49 9
11552 21 21 5
11553 13 13 5
11554 23 23 5
11555 19 18 6
11556 28 28 6
11557 26 26 6
11558 44 44 6
11559 28 27 9
11560 35 34 6
11561 34 33 9
11562 29 29 5
11563 31 30 8
11564 22 21 9
11565 27 26 6
11566 44 44 12
11567 26 26 8
11568 24 23 5
11569 29 28 6
11570 38 38 8
11571 28 27 9
11572 37 36 10
11573 26 26 6
11574 30 29 7
11575 43 43 13
11576 31 30 6
11577 34 33 11
11578 25 24 6
11579 36 36 6
11580 36 35 7
11581 53 52 12
11582 26 25 5
11583 39 39 11
11584 35 35 9
11585 31 31 7
11586 33 32 10
11587 42 42 12
11588 32 32 12
11589 22 21 7
11590 21 20 6
11591 18 18 4
11592 26 25 7
11593 33 33 9
11594 37 36 6
11595 20 19 5
11596 53 52 12
11597 38 38 8
11598 24 23 9
11599 25 24 4
11600 18 17 5
11601 15 15 5
11602 19 19 5
11603 21 20 6
11604 22 22 6
11605 22 22 6
11606 18 18 6
11607 16 16 4
11608 18 17 5
11609 21 21 7
11610 19 19 5
11611 23 22 8
11612 18 17 5
11613 17 17 5
11614 15 14 4
11615 18 17 5
11616 17 16 4
11617 12 11 5
11618 29 28 6
11619 14 14 4
11620 14 13 7
11621 9 8 4
11622 14 13 5
11623 21 20 6
11624 18 18 6
11625 14 13 5
11626 17 17 5
11627 9 8 4
11628 20 19 5
11629 19 18 4
11630 14 13 5
11631 15 15 5
11632 15 15 5
11633 9 8 4
11634 10 9 5
11635 15 15 5
11636 15 15 5
11637 21 20 6
11638 20 20 6
11639 20 19 5
11640 15 14 6
11641 24 23 5
11642 15 14 6
11643 12 11 5
11644 13 12 6
11645 16 16 6
11646 10 10 4
11647 22 21 7
11648 13 13 5
11649 11 10 4
11650 16 15 7
11651 19 18 6
11652 14 14 4
11653 16 15 5
11654 23 22 6
11655 28 27 5
11656 9 9 5
11657 15 14 4
11658 22 21 7
11659 9 9 5
11660 15 15 5
11661 23 23 5
11662 13 12 4
11663 14 13 5
11664 23 23 5
11665 9 9 5
11666 15 14 6
11667 12 12 4
11668 12 11 5
11669 19 18 6
11670 18 18 6
11671 14 13 5
11672 13 12 4
11673 16 15 5
11674 21 20 6
11675 26 25 7
11676 15 14 4
11677 12 11 5
11678 23 22 6
11679 10 10 4
11680 10 9 5
11681 29 29 5
11682 29 28 6
11683 22 21 5
11684 31 31 5
11685 19 19 5
11686 21 21 5
11687 17 16 6
11688 10 10 4
11689 16 15 5
11690 21 21 5
11691 29 28 6
11692 24 24 8
11693 22 22 4
11694 26 25 7
11695 25 24 6
11696 20 19 5
11697 15 14 4
11698 32 31 9
11699 23 22 4
11700 12 11 5
11701 19 18 6
11702 14 13 5
11703 19 19 5
11704 27 26 6
11705 16 16 4
11706 30 29 5
11707 13 13 5
11708 25 24 6
11709 22 22 6
11710 20 20 6
11711 18 18 4
11712 16 15 5
11713 15 14 6
11714 16 16 4
11715 20 19 7
11716 27 26 6
11717 14 13 5
11718 25 24 4
11719 20 19 7
11720 13 12 6
11721 16 16 4
11722 14 13 7
11723 13 12 6
11724 16 16 6
11725 14 13 5
11726 17 16 4
11727 22 21 5
11728 13 13 5
11729 17 16 4
11730 16 15 7
11731 15 14 4
11732 16 15 5
11733 19 18 8
11734 14 14 4
11735 10 9 5
11736 9 9 5
11737 11 11 5
11738 15 15 7
11739 7 6 5
11740 15 14 6
11741 24 23 7
11742 15 14 6
11743 16 16 6
11744 16 16 4
11745 16 15 5
11746 17 16 6
11747 14 13 7
11748 11 10 4
11749 10 9 5
11750 11 10 4
11751 12 11 5
11752 19 18 8
11753 12 11 5
11754 17 16 6
11755 14 14 4
11756 16 15 5
11757 11 11 5
11758 13 13 5
11759 17 17 7
11760 13 13 5
11761 7 6 5
11762 19 18 6
11763 12 11 5
11764 15 14 4
11765 10 9 5
11766 11 10 4
11767 12 11 5
11768 15 15 5
11769 15 15 5
11770 17 16 6
11771 6 5 4
11772 12 11 7
11773 11 10 6
11774 20 20 4
11775 20 19 7
11776 15 15 5
11777 13 12 6
11778 16 15 5
11779 17 17 5
11780 23 23 5
11781 25 24 8
11782 18 17 5
11783 17 17 5
11784 17 16 4
11785 14 13 5
11786 9 9 5
11787 11 10 6
11788 14 14 4
11789 12 11 5
11790 17 17 7
11791 13 13 5
11792 19 18 6
11793 14 14 6
11794 12 12 6
11795 18 18 8
11796 16 16 6
11797 18 18 6
11798 18 17 7
11799 15 14 4
11800 26 25 9
11801 11 11 5
11802 19 18 4
11803 28 27 5
11804 27 27 9
11805 29 28 4
11806 34 33 5
11807 9 9 5
11808 35 34 8
11809 16 16 6
11810 18 18 6
11811 26 25 5
11812 17 16 6
11813 18 17 5
11814 29 28 8
11815 18 18 6
11816 26 26 4
11817 18 17 5
11818 35 35 7
11819 27 26 4
11820 24 23 5
11821 21 20 6
11822 20 20 4
11823 16 15 5
11824 23 22 6
11825 14 14 4
11826 10 9 5
11827 21 20 4
11828 18 17 5
11829 29 28 6
11830 14 14 4
11831 18 17 5
11832 23 23 5
11833 15 14 6
11834 26 26 6
11835 16 15 5
11836 17 17 5
11837 19 18 6
11838 18 18 6
11839 30 29 9
11840 19 19 5
11841 19 18 6
11842 18 18 6
11843 16 16 4
11844 26 25 5
11845 25 25 5
11846 25 25 5
11847 29 29 5
11848 33 32 8
11849 14 14 4
11850 26 25 5
11851 29 29 7
11852 21 21 5
11853 11 11 5
11854 27 26 6
11855 24 24 6
11856 20 19 5
11857 29 29 5
11858 23 22 6
11859 20 19 5
11860 23 23 7
11861 15 14 4
11862 38 37 7
11863 19 18 4
11864 22 21 7
11865 29 28 8
11866 16 16 4
11867 18 17 5
11868 25 25 7
11869 25 24 6
11870 22 21 9
11871 11 10 4
11872 20 19 7
11873 15 15 5
11874 23 23 7
11875 19 18 6
11876 20 20 6
11877 24 23 5
11878 19 19 5
11879 11 11 5
11880 33 32 8
11881 22 21 7
11882 29 29 9
11883 15 15 5
11884 25 24 6
11885 14 14 4
11886 20 19 7
11887 21 20 4
11888 18 17 5
11889 17 17 5
11890 19 19 5
11891 19 19 5
11892 21 20 8
11893 16 16 4
11894 20 19 5
11895 25 24 6
11896 12 12 4
11897 18 17 5
11898 25 24 4
11899 14 13 7
11900 15 14 4
11901 16 15 5
11902 13 13 7
11903 11 10 4
11904 26 25 9
11905 17 16 6
11906 16 16 4
11907 20 19 5
11908 17 16 6
11909 14 13 5
11910 13 13 5
11911 23 22 6
11912 18 17 7
11913 15 14 6
11914 18 18 4
11915 22 21 7
11916 19 18 6
11917 18 17 5
11918 19 18 4
11919 14 13 5
11920 13 13 5
11921 9 9 5
11922 15 14 6
11923 12 12 6
11924 14 14 4
11925 20 19 5
11926 13 12 6
11927 6 6 6
11928 13 12 6
11929 12 11 5
11930 9 9 5
11931 11 10 4
11932 10 9 5
11933 15 15 5
11934 11 10 4
11935 10 9 5
11936 11 10 6
11937 6 6 6
11938 9 8 4
11939 12 11 5
11940 13 12 4
11941 18 17 5
11942 17 17 5
11943 19 18 8
11944 14 14 4
11945 10 9 5
11946 9 8 4
11947 8 7 6
11948 12 12 6
11949 12 11 5
11950 17 16 6
11951 18 17 7
11952 23 22 6
11953 12 12 6
11954 14 14 6
11955 12 12 6
11956 14 13 5
11957 17 16 6
11958 24 24 8
11959 18 18 6
11960 14 13 5
11961 11 11 5
11962 11 11 5
11963 19 18 4
11964 18 17 5
11965 17 16 8
11966 18 18 6
11967 12 12 6
11968 16 16 6
11969 22 21 5
11970 27 27 5
11971 13 13 5
11972 15 14 4
11973 16 15 5
11974 11 10 6
11975 16 16 4
11976 12 11 5
11977 13 12 6
11978 12 12 4
11979 10 9 5
11980 9 9 5
11981 15 15 5
11982 17 17 7
11983 17 16 6
11984 10 10 4
11985 12 11 5
11986 17 16 4
11987 6 5 4
11988 16 15 5
11989 15 14 6
11990 6 6 6
11991 13 13 5
11992 15 14 4
11993 22 21 5
11994 17 17 5
11995 9 8 4
11996 10 9 5
11997 17 17 7
11998 11 10 6
11999 12 12 4
12000 16 15 5
12001 5 5 5
12002 10 9 5
12003 11 10 6
12004 10 10 4
12005 18 17 5
12006 9 9 5
12007 11 10 4
12008 16 15 5
12009 17 16 6
12010 22 22 6
12011 14 14 4
12012 18 17 5
12013 17 17 5
12014 17 16 4
12015 14 13 7
12016 11 11 5
12017 11 10 4
12018 14 13 5
12019 19 18 4
12020 18 17 7
12021 11 10 4
12022 12 11 7
12023 9 9 5
12024 11 10 4
12025 10 9 5
12026 23 22 6
12027 12 11 5
12028 13 12 4
12029 6 5 4
12030 10 9 5
12031 7 7 7
12032 12 12 4
12033 10 9 5
12034 15 15 7
12035 9 8 4
12036 12 11 5
12037 19 19 5
12038 17 16 6
12039 28 27 5
12040 19 19 7
12041 15 15 5
12042 11 11 5
12043 15 15 5
12044 13 13 7
12045 9 8 4
12046 16 15 7
12047 13 12 4
12048 12 11 5
12049 15 15 5
12050 15 14 6
12051 12 11 7
12052 9 8 4
12053 14 13 5
12054 15 14 4
12055 10 9 5
12056 19 19 7
12057 5 5 5
12058 18 17 5
12059 21 20 6
12060 10 10 6
12061 6 6 6
12062 15 14 6
12063 16 16 6
12064 6 6 6
12065 15 14 4
12066 16 15 5
12067 11 10 4
12068 12 11 5
12069 11 10 6
12070 10 10 6
12071 14 14 6
12072 10 9 5
12073 11 10 4
12074 10 9 5
12075 19 18 8
12076 14 13 5
12077 27 26 6
12078 16 15 5
12079 15 14 4
12080 18 17 5
12081 15 15 7
12082 17 16 6
12083 10 10 4
12084 12 11 5
12085 9 8 4
12086 18 17 7
12087 9 8 4
12088 10 9 5
12089 17 17 7
12090 11 10 4
12091 22 21 5
12092 15 15 5
12093 17 17 5
12094 19 19 5
12095 19 19 7
12096 21 20 4
12097 12 11 5
12098 17 16 6
12099 18 17 5
12100 13 13 5
12101 11 10 4
12102 14 13 5
12103 15 14 6
12104 16 15 7
12105 11 10 4
12106 20 19 7
12107 19 18 6
12108 18 18 4
12109 18 17 7
12110 7 7 7
12111 14 14 6
12112 14 13 7
12113 19 18 4
12114 20 19 7
12115 21 20 6
12116 16 16 4
12117 16 15 5
12118 17 16 6
12119 16 16 4
12120 12 11 5
12121 9 8 4
12122 20 19 5
12123 13 12 6
12124 10 10 4
12125 10 9 5
12126 5 5 5
12127 18 17 5
12128 15 15 5
12129 17 17 5
12130 13 13 5
12131 5 5 5
12132 12 11 5
12133 13 13 5
12134 13 12 6
12135 12 11 5
12136 13 13 5
12137 11 11 5
12138 23 22 10
12139 12 12 6
12140 14 14 4
12141 6 5 4
12142 8 7 6
12143 14 14 4
12144 6 5 4
12145 16 15 7
12146 13 12 6
12147 14 14 4
12148 16 15 5
12149 15 14 6
12150 14 14 6
12151 16 15 5
12152 15 14 4
12153 12 11 5
12154 25 25 7
12155 13 12 4
12156 14 13 5
12157 7 7 7
12158 14 14 6
12159 14 13 7
12160 11 10 6
12161 24 24 4
12162 16 15 7
12163 17 16 6
12164 10 10 6
12165 16 16 6
12166 16 16 4
12167 14 13 5
12168 17 17 5
12169 23 23 5
12170 17 17 7
12171 13 12 4
12172 14 13 5
12173 13 12 4
12174 10 9 5
12175 15 14 4
12176 16 15 5
12177 15 15 5
12178 17 17 5
12179 11 10 6
12180 14 13 5
12181 11 11 5
12182 11 11 5
12183 17 16 6
12184 12 12 6
12185 18 17 5
12186 11 11 5
12187 11 10 4
12188 12 11 5
12189 15 15 5
12190 9 8 4
12191 14 13 5
12192 21 20 6
12193 14 14 4
12194 16 15 5
12195 9 9 5
12196 13 12 6
12197 6 5 4
12198 14 13 5
12199 13 12 6
12200 8 8 4
12201 14 13 7
12202 11 10 4
12203 16 15 5
12204 21 20 6
12205 16 16 6
12206 6 6 6
12207 19 18 6
12208 10 10 4
12209 26 25 7
12210 13 13 5
12211 11 11 5
12212 7 6 5
12213 15 14 6
12214 18 18 8
12215 14 14 4
12216 12 11 5
12217 17 17 5
12218 13 12 4
12219 22 21 5
12220 21 20 6
12221 12 12 4
12222 12 11 5
12223 15 15 7
12224 15 14 4
12225 12 11 5
12226 9 9 5
12227 9 8 4
12228 26 25 5
12229 11 10 4
12230 22 21 5
12231 15 15 5
12232 17 16 6
12233 6 5 4
12234 20 19 7
12235 13 12 6
12236 10 9 5
12237 15 14 6
12238 8 8 4
12239 16 15 5
12240 15 14 6
12241 10 9 5
12242 11 11 5
12243 7 6 5
12244 9 9 5
12245 23 23 5
12246 15 14 4
12247 14 13 5
12248 13 12 4
12249 6 5 4
12250 8 7 6
12251 12 12 6
12252 14 13 5
12253 11 10 4
12254 14 13 5
12255 17 16 4
12256 16 15 5
12257 7 6 5
12258 11 10 6
12259 14 14 6
12260 14 13 5
12261 13 12 4
12262 8 7 6
12263 20 19 7
12264 21 20 4
12265 26 25 7
12266 13 12 4
12267 16 15 5
12268 9 8 4
12269 10 9 5
12270 19 18 6
12271 10 10 6
12272 12 12 4
12273 12 11 5
12274 15 14 4
12275 10 9 5
12276 15 15 7
12277 17 16 6
12278 14 14 4
12279 14 13 5
12280 9 9 5
12281 11 11 5
12282 9 8 4
12283 10 9 5
12284 15 15 7
12285 13 12 4
12286 14 13 5
12287 13 12 6
12288 12 12 4
12289 16 15 5
12290 13 13 5
12291 15 15 7
12292 19 18 4
12293 16 15 5
12294 9 9 5
12295 15 15 5
12296 21 20 6
12297 12 12 6
12298 14 13 7
12299 11 10 4
12300 18 17 5
12301 11 11 5
12302 9 9 5
12303 13 12 6
12304 6 6 6
12305 13 12 6
12306 10 10 6
12307 16 15 5
12308 13 13 5
12309 7 6 5
12310 13 12 8
12311 12 12 4
12312 10 9 5
12313 9 8 4
12314 10 9 5
12315 15 14 6
12316 22 22 6
12317 14 14 4
12318 24 23 7
12319 9 8 4
12320 16 15 5
12321 23 23 5
12322 11 11 5
12323 11 10 6
12324 10 10 4
12325 18 17 5
12326 19 18 6
12327 14 13 5
12328 9 9 5
12329 17 16 8
12330 10 10 4
12331 6 5 4
12332 16 15 7
12333 15 14 6
12334 8 8 4
12335 18 17 5
12336 11 10 4
12337 12 11 5
12338 15 14 4
12339 12 11 5
12340 13 12 6
12341 14 14 4
12342 12 11 5
12343 11 11 7
12344 13 12 4
12345 18 17 5
12346 13 13 5
12347 11 11 5
12348 13 12 4
12349 14 13 5
12350 11 11 5
12351 5 5 5
12352 20 19 7
12353 15 14 6
12354 16 16 6
12355 14 14 6
12356 18 18 8
12357 14 14 6
12358 12 12 4
12359 12 11 5
12360 17 16 6
12361 18 18 6
12362 14 14 6
12363 14 14 6
12364 10 10 6
12365 18 17 5
12366 11 11 7
12367 11 10 6
12368 14 13 5
12369 13 12 6
12370 6 6 6
12371 17 16 4
12372 12 11 5
12373 17 17 5
12374 9 9 5
12375 9 8 4
12376 16 15 5
12377 13 13 5
12378 9 8 4
12379 12 11 5
12380 15 15 7
12381 13 12 6
12382 10 10 6
12383 10 10 4
12384 12 11 5
12385 13 12 4
12386 14 13 5
12387 17 17 5
12388 17 17 5
12389 13 13 5
12390 13 13 5
12391 19 19 5
12392 29 28 8
12393 16 15 7
12394 9 8 4
12395 10 9 5
12396 19 18 6
12397 16 16 8
12398 8 8 4
12399 6 5 4
12400 14 13 5
12401 13 12 6
12402 6 5 4
12403 20 19 7
12404 17 17 5
12405 15 15 7
12406 19 18 4
12407 10 9 5
12408 21 20 4
12409 12 11 5
12410 11 11 5
12411 13 12 4
12412 16 15 7
12413 15 15 7
12414 13 12 6
12415 14 14 6
12416 22 22 4
12417 18 17 5
12418 11 11 5
12419 9 8 4
12420 12 11 5
12421 17 16 4
12422 16 15 5
12423 13 12 4
12424 10 9 5
12425 11 10 4
12426 8 7 6
12427 12 12 4
12428 12 11 5
12429 11 11 5
12430 13 12 6
12431 16 15 5
12432 13 13 5
12433 13 13 5
12434 11 10 4
12435 10 9 5
12436 5 5 5
12437 12 11 5
12438 15 15 7
12439 17 16 4
12440 10 9 5
12441 15 14 6
12442 16 15 7
12443 9 8 4
12444 12 11 5
12445 7 6 5
12446 5 5 5
12447 12 11 5
12448 17 17 7
12449 17 16 6
12450 14 14 6
12451 14 14 6
12452 12 12 4
12453 18 17 7
12454 15 14 6
12455 14 14 6
12456 12 12 4
12457 10 9 5
12458 11 10 6
12459 18 18 6
12460 8 8 4
12461 14 13 5
12462 7 7 7
12463 14 14 6
12464 12 11 5
12465 15 14 4
12466 12 11 5
12467 9 9 5
12468 17 17 5
12469 11 11 5
12470 19 19 5
12471 9 9 5
12472 11 10 4
12473 12 11 5
12474 17 17 5
12475 13 13 5
12476 5 5 5
12477 18 17 7
12478 17 16 6
12479 22 22 6
12480 8 7 6
12481 8 8 4
12482 10 9 5
12483 19 18 6
12484 12 12 4
12485 18 17 5
12486 15 15 5
12487 17 16 4
12488 12 11 5
12489 19 19 5
12490 13 12 4
12491 16 15 5
12492 9 8 4
12493 6 5 4
12494 14 13 5
12495 11 11 5
12496 17 16 6
12497 12 12 4
12498 10 9 5
12499 17 16 6
12500 12 11 5
12501 11 11 5
12502 15 14 6
12503 14 13 5
12504 11 11 5
12505 9 8 4
12506 10 9 5
12507 9 8 4
12508 16 15 7
12509 13 12 6
12510 10 10 4
12511 6 5 4
12512 16 15 5
12513 15 14 4
12514 10 9 5
12515 11 11 7
12516 17 16 6
12517 8 8 4
12518 16 15 5
12519 11 10 4
12520 22 21 7
12521 11 10 6
12522 14 14 6
12523 8 8 4
12524 8 7 6
12525 8 8 4
12526 10 9 5
12527 15 14 6
12528 12 11 5
12529 5 5 5
12530 12 11 5
12531 11 11 5
12532 17 16 4
12533 12 11 5
12534 15 14 6
12535 12 12 4
12536 14 13 5
12537 11 10 4
12538 16 15 5
12539 13 13 5
12540 11 10 4
12541 6 5 4
12542 6 5 4
12543 14 13 5
12544 9 8 4
12545 8 7 6
12546 12 11 5
12547 11 10 6
12548 10 9 5
12549 13 12 6
12550 18 18 6
12551 14 14 6
12552 8 8 4
12553 12 11 5
12554 15 15 5
12555 9 8 4
12556 8 7 6
12557 14 13 5
12558 7 6 5
12559 15 14 6
12560 16 15 7
12561 19 18 6
12562 12 12 4
12563 16 15 7
12564 21 21 5
12565 15 14 6
12566 10 10 6
12567 18 18 4
12568 12 11 5
12569 13 12 4
12570 10 9 5
12571 15 14 4
12572 6 5 4
12573 18 17 5
12574 15 14 4
12575 14 13 5
12576 17 16 4
12577 12 11 5
12578 15 14 8
12579 12 12 4
12580 10 9 5
12581 11 10 4
12582 22 21 5
12583 15 14 6
12584 10 10 4
12585 16 15 5
12586 13 12 6
12587 12 12 4
12588 16 15 7
12589 9 8 4
12590 6 5 4
12591 14 13 5
12592 17 16 8
12593 6 6 6
12594 13 12 4
12595 14 13 5
12596 17 17 7
12597 25 24 6
12598 12 12 6
12599 12 12 6
12600 10 10 6
12601 8 8 4
12602 12 11 5
12603 17 17 7
12604 11 10 4
12605 14 13 7
12606 11 10 6
12607 12 12 6
12608 12 12 4
12609 16 15 5
12610 21 21 7
12611 25 25 9
12612 13 12 4
12613 16 15 7
12614 11 10 6
12615 12 12 6
12616 14 14 6
12617 14 13 5
12618 13 12 6
12619 16 16 6
12620 8 8 4
12621 16 15 5
12622 13 12 6
12623 16 15 5
12624 17 16 4
12625 16 15 5
12626 13 12 6
12627 8 8 4
12628 14 13 7
12629 17 17 5
12630 15 14 6
12631 14 14 6
12632 12 12 6
12633 20 19 5
12634 17 17 5
12635 11 11 5
12636 13 12 6
12637 8 8 4
12638 10 9 5
12639 9 8 4
12640 12 11 5
12641 13 13 5
12642 9 9 5
12643 11 10 6
12644 16 16 4
12645 20 19 7
12646 21 20 8
12647 14 14 6
12648 12 11 5
12649 5 5 5
12650 14 13 5
12651 9 9 5
12652 11 11 5
12653 21 20 4
12654 12 11 5
12655 13 12 4
12656 12 11 5
12657 13 12 6
12658 8 8 4
12659 8 7 6
12660 12 12 6
12661 16 16 4
12662 6 5 4
12663 14 13 5
12664 15 15 5
12665 15 15 5
12666 11 10 4
12667 6 5 4
12668 12 11 5
12669 15 15 5
12670 13 12 6
12671 14 13 5
12672 11 11 5
12673 15 15 7
12674 17 16 6
12675 10 10 4
12676 14 13 5
12677 15 14 4
12678 14 13 7
12679 13 12 4
12680 20 19 5
12681 21 20 4
12682 12 11 5
12683 9 8 4
12684 12 11 5
12685 11 10 4
12686 12 11 5
12687 5 5 5
12688 10 9 5
12689 15 14 6
12690 16 16 6
12691 22 21 5
12692 11 10 4
12693 12 11 5
12694 11 11 5
12695 17 16 4
12696 14 13 5
12697 13 13 5
12698 11 11 5
12699 19 19 7
12700 9 8 4
12701 10 9 5
12702 17 17 5
12703 9 8 4
12704 14 13 5
12705 11 10 6
12706 16 15 5
12707 9 9 5
12708 9 9 5
12709 7 6 5
12710 7 6 5
12711 25 25 5
12712 19 18 4
12713 12 11 5
12714 23 22 6
12715 14 14 6
12716 20 20 6
12717 14 13 5
12718 13 12 6
12719 6 6 6
12720 7 6 5
12721 19 18 4
12722 8 7 6
12723 10 9 5
12724 17 16 6
12725 14 13 5
12726 15 14 6
12727 10 10 6
12728 8 8 4
12729 14 13 5
12730 9 8 4
12731 12 11 7
12732 17 16 6
12733 20 20 8
12734 16 16 4
12735 14 13 5
12736 9 8 4
12737 14 13 7
12738 15 14 6
12739 14 14 6
12740 12 12 6
12741 14 14 6
12742 6 6 6
12743 11 11 5
12744 9 8 7
12745 11 10 4
12746 10 9 5
12747 5 5 5
12748 16 15 5
12749 15 15 5
12750 15 14 8
12751 12 12 6
12752 6 6 6
12753 11 10 6
12754 14 13 5
12755 15 14 6
12756 20 19 7
12757 15 14 4
12758 14 13 7
12759 11 11 5
12760 7 6 5
12761 13 13 5
12762 17 16 4
12763 14 13 5
12764 15 15 7
12765 7 6 5
12766 9 9 5
12767 11 10 6
12768 18 18 6
12769 14 13 5
12770 9 9 5
12771 13 12 6
12772 24 24 6
12773 10 10 4
12774 6 5 4
12775 10 9 5
12776 11 10 6
12777 10 10 6
12778 10 10 4
12779 16 15 5
12780 9 9 5
12781 15 14 4
12782 18 17 5
12783 17 16 6
12784 8 8 8
12785 11 10 4
12786 10 9 5
12787 11 11 5
12788 9 9 5
12789 11 10 6
12790 18 17 7
12791 19 18 4
12792 18 17 5
12793 7 6 5
12794 9 8 4
12795 12 11 5
12796 11 11 5
12797 9 8 4
12798 18 17 5
12799 13 12 4
12800 12 11 5
12801 13 13 7
12802 11 10 4
12803 14 13 5
12804 13 13 5
12805 11 10 4
12806 10 9 5
12807 15 14 4
12808 10 9 5
12809 9 8 4
12810 12 11 5
12811 13 12 6
12812 14 14 8
12813 12 11 5
12814 13 12 6
12815 8 8 4
12816 10 9 5
12817 17 16 4
12818 10 9 5
12819 15 14 6
12820 10 10 4
12821 12 11 5
12822 15 15 7
12823 19 18 6
12824 20 20 4
12825 10 9 5
12826 15 14 8
12827 14 14 4
12828 12 11 5
12829 13 12 6
12830 10 10 6
12831 12 12 6
12832 12 11 5
12833 13 13 5
12834 9 9 5
12835 11 10 6
12836 8 8 4
12837 22 21 5
12838 9 9 5
12839 25 24 6
12840 8 8 4
12841 12 11 5
12842 13 13 5
12843 7 6 5
12844 7 6 5
12845 11 10 6
12846 16 16 4
12847 16 15 5
12848 11 11 5
12849 15 15 7
12850 15 14 6
12851 16 16 6
12852 10 9 5
12853 9 9 5
12854 17 16 6
12855 8 8 8
12856 13 12 6
12857 16 16 6
12858 14 14 4
12859 10 9 5
12860 9 9 5
12861 15 15 5
12862 17 17 5
12863 11 11 5
12864 21 20 4
12865 20 19 5
12866 17 17 5
12867 9 8 4
12868 16 15 5
12869 9 9 5
12870 9 8 4
12871 12 11 5
12872 17 16 4
12873 16 15 5
12874 13 13 5
12875 17 17 5
12876 17 17 7
12877 13 12 6
12878 8 8 4
12879 16 15 5
12880 13 13 5
12881 15 15 5
12882 13 12 6
12883 6 6 6
12884 11 10 6
12885 12 12 6
12886 10 9 5
12887 11 11 5
12888 13 12 6
12889 12 12 6
12890 10 10 4
12891 16 15 5
12892 11 10 6
12893 14 14 8
12894 10 10 4
12895 12 11 5
12896 17 16 6
12897 12 12 6
12898 14 14 4
12899 16 15 5
12900 13 12 4
12901 22 21 7
12902 11 10 4
12903 10 9 5
12904 9 9 5
12905 5 5 5
12906 12 11 5
12907 15 15 5
12908 15 14 6
12909 10 10 4
12910 14 13 7
12911 17 16 4
12912 10 9 5
12913 9 8 4
12914 10 9 5
12915 9 8 4
12916 12 11 5
12917 21 21 5
12918 17 17 5
12919 13 13 5
12920 5 5 5
12921 16 15 5
12922 17 17 5
12923 21 20 4
12924 14 13 5
12925 17 16 6
12926 6 6 6
12927 15 14 6
12928 10 10 4
12929 14 13 5
12930 17 17 7
12931 5 5 5
12932 14 13 5
12933 13 12 4
12934 16 15 5
12935 15 14 6
12936 14 14 6
12937 10 10 4
12938 12 11 5
12939 7 6 5
12940 15 15 5
12941 13 12 4
12942 20 19 5
12943 11 10 4
12944 16 15 5
12945 15 15 7
12946 9 8 4
12947 16 15 5
12948 17 16 4
12949 20 19 7
12950 11 11 5
12951 9 8 4
12952 12 11 5
12953 11 11 5
12954 11 10 4
12955 10 9 5
12956 11 11 5
12957 13 12 6
12958 12 11 5
12959 11 11 5
12960 23 22 8
12961 10 10 4
12962 12 11 5
12963 15 15 5
12964 11 10 6
12965 6 6 6
12966 15 14 6
12967 16 15 5
12968 9 8 4
12969 14 13 5
12970 19 19 5
12971 17 17 7
12972 15 14 4
12973 10 9 5
12974 19 18 6
12975 8 8 4
12976 18 17 5
12977 11 11 5
12978 13 12 6
12979 12 12 6
12980 14 14 4
12981 14 13 5
12982 11 10 4
12983 12 11 7
12984 11 10 4
12985 10 9 5
12986 13 12 6
12987 14 14 6
12988 10 10 6
12989 8 8 4
12990 16 15 5
12991 17 16 4
12992 20 19 7
12993 21 20 4
12994 6 5 4
12995 12 11 5
12996 9 9 5
12997 9 8 7
12998 11 10 4
12999 10 9 5
13000 9 8 4
13001 10 9 5
13002 21 21 7
13003 13 12 6
13004 16 16 8
13005 14 14 6
13006 14 14 6
13007 12 12 4
13008 12 11 5
13009 25 25 5
13010 15 15 5
13011 11 10 4
13012 16 15 5
13013 15 15 5
13014 17 16 6
13015 10 10 6
13016 14 14 4
13017 10 9 5
13018 13 13 5
13019 15 14 6
13020 14 14 8
13021 12 12 4
13022 10 9 5
13023 17 17 5
13024 17 17 7
13025 15 14 8
13026 6 6 6
13027 11 10 6
13028 10 10 4
13029 16 15 5
13030 5 5 5
13031 12 11 7
13032 15 14 4
13033 12 11 7
13034 13 13 5
13035 15 14 6
13036 10 10 6
13037 12 12 6
13038 16 16 6
13039 16 16 6
13040 16 16 6
13041 14 14 6
13042 16 16 6
13043 10 10 4
13044 18 17 5
13045 9 8 4
13046 10 9 5
13047 15 15 7
13048 11 10 4
13049 10 9 5
13050 15 14 6
13051 16 15 5
13052 11 10 6
13053 12 12 6
13054 10 10 6
13055 22 22 6
13056 12 11 5
13057 11 10 4
13058 18 17 5
13059 17 16 6
13060 16 16 6
13061 14 13 5
13062 15 14 6
13063 18 18 6
13064 14 13 5
13065 13 12 6
13066 8 8 4
13067 18 17 5
13068 17 16 6
13069 8 8 4
13070 10 9 5
13071 17 16 4
13072 18 17 7
13073 9 9 5
13074 17 16 6
13075 20 19 5
13076 15 14 6
13077 20 20 4
13078 18 17 5
13079 21 20 6
13080 20 20 4
13081 16 15 5
13082 23 23 5
13083 19 18 6
13084 14 14 6
13085 14 14 4
13086 26 25 5
13087 11 10 6
13088 20 20 4
13089 14 13 5
13090 17 17 5
13091 13 13 5
13092 37 36 6
13093 20 19 7
13094 19 18 4
13095 12 11 5
13096 15 15 5
13097 15 14 6
13098 12 12 4
13099 20 19 5
13100 15 15 5
13101 15 14 6
13102 16 15 5
13103 21 20 6
13104 14 14 4
13105 14 13 5
13106 13 12 6
13107 18 18 6
13108 22 21 7
13109 25 25 5
13110 37 36 6
13111 12 11 5
13112 29 28 6
13113 16 15 5
13114 23 23 5
13115 25 25 5
13116 17 17 5
13117 11 11 5
13118 11 10 4
13119 26 25 5
13120 11 10 4
13121 18 17 7
13122 13 13 5
13123 13 12 4
13124 18 17 5
13125 19 18 6
13126 14 13 5
13127 15 15 5
13128 15 14 6
13129 20 20 6
13130 20 20 6
13131 16 16 4
13132 26 25 5
13133 25 24 6
13134 18 17 5
13135 17 17 5
13136 23 22 8
13137 26 26 4
13138 24 23 5
13139 23 22 6
13140 28 27 5
13141 23 23 7
13142 17 16 4
13143 22 21 7
13144 13 13 5
13145 15 14 6
13146 26 26 8
13147 30 30 8
13148 28 28 8
13149 40 39 7
13150 27 26 6
13151 20 19 5
13152 23 23 7
13153 45 44 6
13154 32 31 5
13155 45 45 7
13156 21 20 4
13157 30 29 7
13158 41 41 7
13159 25 24 6
13160 32 31 7
13161 37 36 8
13162 24 23 5
13163 47 47 9
13164 35 35 9
13165 39 38 6
13166 24 24 4
13167 22 21 5
13168 31 30 6
13169 26 26 6
13170 16 16 4
13171 40 39 7
13172 53 53 11
13173 23 22 6
13174 38 38 10
13175 24 23 7
13176 33 32 6
13177 30 29 7
13178 33 33 11
13179 65 65 15
13180 31 30 6
13181 48 47 13
13182 35 34 10
13183 38 38 8
13184 54 53 17
13185 29 28 8
13186 22 21 5
13187 31 31 9
13188 41 41 13
13189 29 29 7
13190 35 35 11
13191 35 34 8
13192 34 33 11
13193 33 32 10
13194 50 49 11
13195 29 29 9
13196 57 56 8
13197 30 29 5
13198 41 41 15
13199 35 35 9
13200 45 45 15
13201 33 32 6
13202 40 40 8
13203 46 45 7
13204 27 27 5
13205 35 35 9
13206 31 31 7
13207 45 45 7
13208 33 33 7
13209 31 30 10
13210 26 25 5
13211 29 29 7
13212 25 24 6
13213 34 34 12
13214 32 32 6
13215 32 31 9
13216 17 17 7
13217 25 24 6
13218 36 36 10
13219 36 35 7
13220 19 18 6
13221 18 18 6
13222 32 32 6
13223 18 17 5
13224 19 19 5
13225 27 27 7
13226 27 27 9
13227 25 24 8
13228 14 13 5
13229 21 21 5
13230 29 28 6
13231 34 34 6
13232 24 24 4
13233 20 19 5
13234 27 27 7
13235 25 24 6
13236 36 36 6
13237 30 30 6
13238 18 18 6
13239 34 34 8
13240 32 32 8
13241 32 32 8
13242 38 37 9
13243 25 24 8
13244 36 36 8
13245 24 24 6
13246 28 28 4
13247 24 23 7
13248 27 26 8
13249 24 24 6
13250 22 21 5
13251 23 23 5
13252 23 22 6
13253 18 18 4
13254 22 21 5
13255 23 23 5
13256 23 22 4
13257 12 11 5
13258 27 27 5
13259 17 17 5
13260 17 17 5
13261 25 25 5
13262 27 27 5
13263 25 25 7
13264 15 14 6
13265 14 14 4
13266 16 15 5
13267 21 20 6
13268 18 18 6
13269 16 16 4
13270 20 19 5
13271 17 17 5
13272 13 13 5
13273 25 25 7
13274 13 12 4
13275 14 13 5
13276 23 22 6
13277 14 14 6
13278 18 17 7
13279 17 16 4
13280 16 15 5
13281 17 16 6
13282 22 22 8
13283 16 15 5
13284 25 24 4
13285 14 13 5
13286 13 13 5
13287 21 20 8
13288 16 16 4
13289 12 11 5
13290 15 14 6
13291 20 20 6
13292 20 20 6
13293 14 14 6
13294 12 11 5
13295 19 18 6
13296 20 19 5
13297 17 16 6
13298 12 11 5
13299 13 12 6
13300 22 22 6
13301 18 17 5
13302 11 11 5
13303 25 25 7
13304 17 16 4
13305 16 15 5
13306 15 15 5
13307 9 9 5
13308 19 18 8
13309 10 10 4
13310 14 13 5
13311 21 20 4
13312 18 17 7
13313 11 10 4
13314 20 19 5
13315 17 16 4
13316 20 19 7
13317 13 12 6
13318 8 8 4
13319 6 5 4
13320 12 11 5
13321 13 12 4
13322 12 11 5
13323 25 25 7
13324 23 22 6
13325 14 14 4
13326 12 11 5
13327 11 11 5
13328 11 10 4
13329 16 15 5
13330 27 26 6
13331 14 14 4
13332 22 21 7
13333 11 11 5
13334 11 11 5
13335 7 6 5
13336 13 12 8
13337 6 6 6
13338 15 14 4
13339 20 19 5
13340 7 7 7
13341 16 15 5
13342 17 16 8
13343 16 16 4
13344 18 17 7
13345 11 10 6
13346 8 8 4
13347 14 13 5
13348 7 7 7
13349 8 8 4
13350 14 13 5
13351 15 14 6
13352 14 13 5
13353 15 14 8
13354 18 18 6
13355 6 6 6
13356 13 12 6
13357 14 14 6
13358 14 13 7
13359 13 12 4
13360 20 19 7
13361 13 12 4
13362 20 19 5
13363 7 6 5
13364 11 11 5
13365 15 14 6
13366 14 14 4
13367 10 9 5
13368 15 15 7
13369 13 13 5
13370 15 14 6
13371 20 20 6
13372 10 9 5
13373 13 12 4
13374 10 9 5
13375 13 12 4
13376 16 15 5
13377 13 12 4
13378 14 13 5
13379 11 11 5
13380 9 8 4
13381 10 9 5
13382 17 17 5
13383 11 10 6
13384 16 15 5
13385 17 16 6
13386 12 11 5
13387 13 12 6
13388 14 14 6
13389 18 18 6
13390 12 12 6
13391 12 12 6
13392 16 16 6
13393 16 15 7
13394 15 14 6
13395 16 16 6
13396 14 14 6
13397 14 13 5
13398 13 12 4
13399 10 9 5
13400 21 21 7
13401 11 10 4
13402 18 17 5
13403 19 19 7
13404 17 16 4
13405 14 13 5
13406 13 12 4
13407 14 13 5
13408 15 14 6
13409 6 6 6
13410 13 12 4
13411 16 15 7
13412 11 10 6
13413 10 9 5
13414 5 5 5
13415 10 9 5
13416 9 9 5
13417 13 12 6
13418 12 12 6
13419 18 17 5
13420 11 10 4
13421 14 13 5
13422 11 11 5
13423 13 13 5
13424 13 13 5
13425 13 12 4
13426 6 5 4
13427 20 19 7
13428 19 19 7
13429 13 12 4
13430 22 21 5
13431 5 5 5
13432 18 17 5
13433 17 17 7
13434 11 10 4
13435 14 13 5
13436 15 15 5
13437 11 11 5
13438 13 13 7
13439 13 12 6
13440 10 10 4
13441 18 17 5
13442 17 17 5
13443 15 14 6
13444 12 12 4
13445 16 15 5
13446 9 9 5
13447 11 10 4
13448 14 13 5
13449 11 10 4
13450 16 15 5
13451 9 8 4
13452 14 13 7
13453 11 10 4
13454 12 11 5
13455 9 9 5
13456 9 9 5
13457 11 11 5
13458 15 14 6
13459 8 8 4
13460 14 13 7
13461 11 10 6
13462 22 22 6
13463 6 6 6
13464 15 14 6
13465 8 8 4
13466 16 15 5
13467 11 10 4
13468 14 13 5
13469 11 10 6
13470 24 23 9
13471 23 22 4
13472 12 11 5
13473 15 14 6
13474 10 10 6
13475 14 14 8
13476 10 10 6
13477 12 12 4
13478 12 11 5
13479 13 12 6
13480 14 14 4
13481 16 15 5
13482 13 12 4
13483 30 29 7
13484 15 14 4
13485 10 9 5
13486 11 10 4
13487 10 9 5
13488 13 13 5
13489 11 11 5
13490 13 13 5
13491 11 11 5
13492 15 14 6
13493 14 14 4
13494 12 11 5
13495 9 9 5
13496 15 14 6
13497 16 15 7
13498 15 14 6
13499 10 10 4
13500 16 15 5
13501 25 24 6
13502 8 8 4
13503 14 13 5
13504 23 23 5
13505 17 17 7
13506 15 14 4
13507 10 9 5
13508 17 17 5
13509 9 8 4
13510 18 17 7
13511 9 8 4
13512 16 15 5
13513 21 20 6
13514 24 24 6
13515 18 17 5
13516 15 15 7
13517 39 38 6
13518 14 14 4
13519 20 19 5
13520 29 28 6
13521 24 23 5
13522 23 23 7
13523 27 26 6
13524 28 27 5
13525 37 37 7
13526 17 16 4
13527 30 29 5
13528 27 26 6
13529 18 18 6
13530 18 18 8
13531 40 40 8
13532 20 19 5
13533 35 35 5
13534 33 32 8
13535 34 33 9
13536 15 14 4
13537 26 25 5
13538 17 17 5
13539 23 23 7
13540 33 32 8
13541 36 36 10
13542 36 35 7
13543 29 29 9
13544 27 27 9
13545 15 14 4
13546 20 19 5
13547 21 21 7
13548 21 21 5
13549 33 33 5
13550 27 27 9
13551 19 18 4
13552 24 23 7
13553 25 25 9
13554 21 20 8
13555 22 22 4
13556 44 43 13
13557 15 14 4
13558 22 21 5
13559 47 46 6
13560 16 16 4
13561 26 25 5
13562 15 14 6
13563 18 18 6
13564 12 12 4
13565 16 15 5
13566 13 12 4
13567 26 25 7
13568 25 24 6
13569 30 30 6
13570 16 16 8
13571 30 30 10
13572 16 15 5
13573 23 23 5
13574 29 29 7
13575 23 22 6
13576 18 18 8
13577 22 22 8
13578 22 21 5
13579 23 23 5
13580 37 37 11
13581 19 18 4
13582 26 25 7
13583 19 18 4
13584 32 31 7
13585 27 27 7
13586 19 18 6
13587 32 32 6
13588 16 16 4
13589 26 25 5
13590 35 35 7
13591 37 36 10
13592 26 25 5
13593 23 23 7
13594 49 48 12
13595 10 10 4
13596 30 29 11
13597 27 27 5
13598 27 27 9
13599 11 11 5
13600 31 31 7
13601 25 25 7
13602 19 18 6
13603 38 38 8
13604 20 19 5
13605 21 21 5
13606 21 20 4
13607 24 23 5
13608 39 39 7
13609 27 27 7
13610 17 17 5
13611 19 19 5
13612 25 25 5
13613 21 21 5
13614 17 17 5
13615 15 14 6
13616 28 28 8
13617 24 23 7
13618 27 26 6
13619 18 18 6
13620 16 15 5
13621 27 26 6
13622 18 17 5
13623 13 12 4
13624 14 13 5
13625 13 12 4
13626 28 27 7
13627 23 22 6
13628 10 10 4
13629 26 25 7
13630 19 19 5
13631 13 13 5
13632 23 22 6
13633 18 18 6
13634 20 20 6
13635 14 13 5
13636 31 31 7
13637 13 12 4
13638 16 15 5
13639 9 9 5
13640 19 18 6
13641 16 16 6
13642 14 14 4
13643 22 21 7
13644 9 9 5
13645 9 8 4
13646 20 19 5
13647 13 13 5
13648 21 20 6
13649 14 14 4
13650 14 13 5
13651 21 21 5
13652 13 13 7
13653 15 14 4
13654 12 11 5
13655 15 14 4
13656 12 11 5
13657 19 19 5
13658 25 24 6
13659 16 16 4
13660 18 17 7
13661 11 11 5
13662 23 23 7
13663 13 12 6
13664 18 17 5
13665 21 20 6
13666 12 11 5
13667 15 15 5
13668 13 12 6
13669 18 17 7
13670 15 14 4
13671 12 11 5
13672 11 10 6
13673 16 16 6
13674 10 9 5
13675 13 12 4
13676 14 13 7
13677 19 19 7
13678 13 12 4
13679 18 17 5
13680 7 6 5
13681 21 20 6
13682 28 27 7
13683 21 20 6
13684 32 31 7
13685 25 24 8
13686 14 14 4
13687 18 17 5
13688 15 15 5
13689 13 12 6
13690 20 19 5
13691 19 19 7
13692 19 19 7
13693 17 16 6
13694 22 21 5
13695 23 23 7
13696 11 10 4
13697 30 29 11
13698 11 10 4
13699 26 25 5
13700 13 12 4
13701 14 13 5
13702 19 19 5
13703 31 30 6
13704 8 8 4
13705 26 25 5
13706 17 17 5
13707 19 19 7
13708 25 24 6
13709 12 12 4
13710 18 17 5
13711 27 26 6
13712 22 21 5
13713 13 12 4
13714 12 11 5
13715 17 16 8
13716 18 18 4
13717 28 27 5
13718 23 23 5
13719 33 33 5
13720 25 24 6
13721 24 24 6
13722 12 12 4
13723 24 23 5
13724 27 27 7
13725 9 9 5
13726 25 24 4
13727 26 25 5
13728 27 27 7
13729 23 22 4
13730 16 15 7
13731 23 22 6
13732 24 24 6
13733 18 17 5
13734 17 17 7
13735 21 20 6
13736 20 19 5
13737 13 13 5
13738 17 17 5
13739 11 10 4
13740 22 21 7
13741 17 17 5
13742 13 12 4
13743 12 11 5
13744 17 17 5
13745 19 19 5
13746 13 13 5
13747 15 14 6
13748 12 12 6
13749 10 10 4
13750 14 13 5
13751 13 12 6
13752 16 16 6
13753 20 19 7
13754 13 12 4
13755 12 11 5
13756 25 25 9
13757 15 14 6
13758 12 12 6
13759 24 23 5
13760 21 20 8
13761 12 12 6
13762 10 9 5
13763 21 20 8
13764 10 10 4
13765 12 11 5
13766 21 21 5
13767 11 10 4
13768 10 9 5
13769 17 16 6
13770 14 14 6
13771 14 14 6
13772 16 16 8
13773 10 10 4
13774 18 17 5
13775 11 10 4
13776 16 15 7
13777 11 11 5
13778 15 15 7
13779 19 18 8
13780 16 16 6
13781 10 10 6
13782 18 18 6
13783 16 16 6
13784 16 16 6
13785 14 13 5
13786 15 15 5
13787 17 17 7
13788 17 17 5
13789 11 11 7
13790 23 22 6
13791 20 20 6
13792 8 8 4
13793 14 13 5
13794 23 22 8
13795 14 14 4
13796 16 15 5
13797 17 17 7
13798 13 12 6
13799 10 10 4
13800 18 17 5
13801 19 19 5
13802 11 11 5
13803 29 29 7
13804 19 19 5
13805 11 11 5
13806 19 19 5
13807 13 13 5
13808 19 18 6
13809 16 16 6
13810 14 14 6
13811 12 11 5
13812 15 15 5
13813 17 16 6
13814 12 11 5
13815 21 20 8
13816 14 14 6
13817 12 12 6
13818 18 18 6
13819 8 8 4
13820 18 17 5
13821 19 19 7
13822 21 20 6
13823 6 6 6
13824 17 16 6
13825 14 14 6
13826 12 12 4
13827 12 11 5
13828 5 5 5
13829 12 11 5
13830 11 11 5
13831 9 8 4
13832 10 9 5
13833 11 10 4
13834 12 11 7
13835 17 16 6
13836 6 5 4
13837 12 11 5
13838 11 10 4
13839 20 19 7
13840 15 14 6
13841 8 8 4
13842 14 13 5
13843 15 15 7
13844 17 16 6
13845 6 6 6
13846 19 18 8
13847 8 8 4
13848 10 9 5
13849 15 14 6
13850 10 9 5
13851 23 22 8
13852 8 8 4
13853 10 9 5
13854 9 9 5
13855 11 10 6
13856 10 10 6
13857 16 16 6
13858 16 16 4
13859 12 11 5
13860 21 20 6
13861 10 10 4
13862 10 9 5
13863 19 19 5
13864 11 11 5
13865 11 10 4
13866 24 23 5
13867 27 26 6
13868 12 12 4
13869 16 15 5
13870 25 25 5
13871 27 27 5
13872 21 21 7
13873 21 20 6
13874 16 15 5
13875 21 20 8
13876 20 20 6
13877 26 26 6
13878 24 24 4
13879 26 25 5
13880 37 37 9
13881 17 17 5
13882 25 24 8
13883 20 20 8
13884 20 20 4
13885 38 37 7
13886 25 25 5
13887 19 19 5
13888 19 18 6
13889 18 18 4
13890 38 37 7
13891 31 30 6
13892 30 29 7
13893 27 27 7
13894 27 26 8
13895 34 34 8
13896 34 34 8
13897 20 19 5
13898 39 39 9
13899 27 27 11
13900 25 24 6
13901 50 49 7
13902 43 43 9
13903 47 46 12
13904 42 41 9
13905 29 29 7
13906 45 44 16
13907 38 38 6
13908 16 16 6
13909 18 18 6
13910 48 48 18
13911 40 40 12
13912 32 31 9
13913 37 36 12
13914 20 20 6
13915 40 40 16
13916 32 31 5
13917 23 23 5
13918 33 33 9
13919 35 35 7
13920 19 19 5
13921 25 24 8
13922 22 22 4
13923 30 29 9
13924 25 24 8
13925 16 15 7
13926 17 16 6
13927 34 34 10
13928 26 26 8
13929 24 23 9
13930 19 18 4
13931 32 31 7
13932 17 16 4
13933 20 19 5
13934 21 20 4
13935 34 33 5
13936 19 19 5
13937 17 17 5
13938 23 22 6
13939 20 20 6
13940 28 27 5
13941 43 43 17
13942 21 20 4
13943 28 27 7
13944 19 18 6
13945 22 21 5
13946 21 20 8
13947 20 20 4
13948 28 27 7
13949 21 21 7
13950 33 32 10
13951 20 19 5
13952 15 14 6
13953 20 20 6
13954 14 13 5
13955 21 20 8
13956 24 23 5
13957 13 13 5
13958 13 13 5
13959 29 28 6
13960 18 17 5
13961 15 15 5
13962 17 16 4
13963 12 11 5
13964 39 38 4
13965 22 21 5
13966 29 29 5
13967 27 26 6
13968 14 14 6
13969 18 17 5
13970 37 36 6
13971 16 16 4
13972 20 19 7
13973 17 16 4
13974 26 25 5
13975 31 31 7
13976 33 32 8
13977 28 27 5
13978 45 44 8
13979 22 21 7
13980 33 32 6
13981 34 34 8
13982 32 31 7
13983 35 34 8
13984 28 28 6
13985 22 22 6
13986 26 26 6
13987 30 30 6
13988 40 40 6
13989 22 22 8
13990 30 29 5
13991 21 20 6
13992 34 33 7
13993 23 22 6
13994 26 26 6
13995 18 18 4
13996 16 15 5
13997 33 33 9
13998 19 18 4
13999 24 23 5
14000 19 19 7
14001 33 32 6
14002 16 16 4
14003 32 31 7
14004 13 13 5
14005 17 17 5
14006 17 16 6
14007 14 14 4
14008 26 25 7
14009 13 13 5
14010 15 14 4
14011 20 19 5
14012 17 17 5
14013 27 26 6
14014 10 10 4
14015 18 17 5
14016 19 19 5
14017 19 19 5
14018 13 12 4
14019 24 23 5
14020 27 27 7
14021 21 21 5
14022 19 18 6
14023 8 8 4
14024 24 23 5
14025 25 24 6
14026 24 24 6
14027 24 24 6
14028 20 20 4
14029 24 23 5
14030 31 30 6
14031 34 34 8
14032 18 18 6
14033 28 28 6
14034 26 26 4
14035 36 35 7
14036 19 18 4
14037 28 27 5
14038 17 16 4
14039 26 25 7
14040 35 35 7
14041 33 32 6
14042 16 16 4
14043 18 17 5
14044 27 26 6
14045 28 28 6
14046 20 19 5
14047 23 23 5
14048 27 27 7
14049 23 22 4
14050 12 11 5
14051 33 33 9
14052 15 14 4
14053 24 23 7
14054 19 18 6
14055 20 20 8
14056 14 14 4
14057 16 15 5
14058 21 20 4
14059 24 23 7
14060 11 10 4
14061 22 21 5
14062 15 15 5
14063 17 17 5
14064 19 18 6
14065 16 16 6
14066 22 22 4
14067 16 15 5
14068 25 24 4
14069 16 15 5
14070 17 16 6
14071 16 16 4
14072 14 13 7
14073 31 30 6
14074 12 11 5
14075 15 15 5
14076 13 13 5
14077 13 13 5
14078 11 10 4
14079 14 13 5
14080 23 23 7
14081 15 14 4
14082 18 17 5
14083 15 15 7
14084 19 18 6
14085 16 15 5
14086 21 20 8
14087 14 14 6
14088 12 12 4
14089 14 13 7
14090 13 13 5
14091 15 15 7
14092 13 12 6
14093 16 16 4
14094 20 19 5
14095 11 11 5
14096 11 11 5
14097 17 16 6
14098 18 18 4
14099 14 13 5
14100 17 16 4
14101 12 11 5
14102 23 23 5
14103 19 18 6
14104 10 10 4
14105 12 11 5
14106 9 9 5
14107 17 16 4
14108 18 17 5
14109 11 11 5
14110 15 14 6
14111 16 16 6
14112 14 13 5
14113 19 18 6
14114 20 20 6
14115 6 5 4
14116 14 13 5
14117 23 22 6
14118 16 16 6
14119 16 16 4
14120 16 15 5
14121 23 23 5
14122 9 9 5
14123 17 16 6
14124 16 16 6
14125 18 17 5
14126 21 21 5
14127 17 16 4
14128 16 15 5
14129 17 17 5
14130 23 22 8
14131 8 8 4
14132 12 11 5
14133 19 19 7
14134 27 26 6
14135 28 27 5
14136 19 19 5
14137 17 16 4
14138 20 19 5
14139 19 19 5
14140 15 14 6
14141 10 10 4
14142 20 19 5
14143 11 10 4
14144 14 13 5
14145 29 28 6
14146 18 18 6
14147 16 15 5
14148 23 22 4
14149 14 13 5
14150 11 10 4
14151 10 9 5
14152 11 10 6
14153 12 12 6
14154 12 12 4
14155 20 19 7
14156 11 11 5
14157 11 11 5
14158 19 19 5
14159 9 9 5
14160 17 16 6
14161 16 15 5
14162 21 20 6
14163 22 22 6
14164 12 12 4
14165 16 15 7
14166 9 8 4
14167 12 11 5
14168 15 15 5
14169 21 21 5
14170 9 8 4
14171 10 9 5
14172 29 28 8
14173 18 18 6
14174 22 22 6
14175 20 20 6
14176 8 8 4
14177 20 19 7
14178 7 6 5
14179 11 10 6
14180 12 12 6
14181 12 12 4
14182 14 13 7
14183 15 14 4
14184 26 25 7
14185 9 8 4
14186 14 13 5
14187 13 12 6
14188 10 9 5
14189 17 16 4
14190 20 19 5
14191 29 28 6
14192 22 21 5
14193 17 17 7
14194 15 14 6
14195 24 24 6
14196 16 15 5
14197 19 18 4
14198 18 17 7
14199 15 14 4
14200 22 21 5
14201 15 15 5
14202 13 12 6
14203 14 14 6
14204 14 14 6
14205 18 18 6
14206 18 18 6
14207 6 5 4
14208 20 19 5
14209 17 16 6
14210 22 21 5
14211 17 17 5
14212 11 10 4
14213 18 17 5
14214 9 9 5
14215 11 11 5
14216 13 13 5
14217 17 16 6
14218 18 18 4
14219 12 11 5
14220 13 13 5
14221 15 15 5
14222 17 16 6
14223 6 6 6
14224 19 19 5
14225 17 16 4
14226 26 25 7
14227 19 18 6
14228 18 18 6
14229 14 14 4
14230 20 19 5
14231 21 21 7
14232 27 26 4
14233 12 11 5
14234 17 16 6
14235 22 22 4
14236 22 21 7
14237 25 25 7
14238 23 22 4
14239 22 21 5
14240 11 10 4
14241 12 11 5
14242 11 10 6
14243 18 17 5
14244 31 30 4
14245 34 33 9
14246 17 17 5
14247 15 14 4
14248 10 9 5
14249 19 19 5
14250 13 13 5
14251 15 14 6
14252 30 30 6
14253 16 15 5
14254 23 23 5
14255 15 14 4
14256 12 11 5
14257 23 22 6
14258 12 12 4
14259 24 23 7
14260 25 24 6
14261 24 24 6
14262 30 30 6
14263 16 16 6
14264 10 9 5
14265 27 26 6
14266 12 12 4
14267 32 31 7
14268 11 10 4
14269 12 11 5
14270 25 24 6
14271 30 30 8
14272 30 30 6
14273 18 18 4
14274 30 29 7
14275 27 27 7
14276 19 18 6
14277 18 18 8
14278 28 28 10
14279 34 34 8
14280 28 28 8
14281 38 38 6
14282 26 26 6
14283 34 34 8
14284 22 22 4
14285 24 23 5
14286 23 22 4
14287 32 31 7
14288 31 30 6
14289 32 31 5
14290 31 31 7
14291 21 21 5
14292 29 28 6
14293 40 40 8
14294 30 30 4
14295 38 37 7
14296 33 32 10
14297 40 39 11
14298 29 29 7
14299 47 46 10
14300 36 35 9
14301 27 26 8
14302 32 32 12
14303 54 54 12
14304 22 22 4
14305 42 41 9
14306 37 36 14
14307 44 44 12
14308 36 35 9
14309 37 36 6
14310 34 34 8
14311 38 37 9
14312 45 45 9
14313 43 42 8
14314 16 16 6
14315 44 43 11
14316 63 62 16
14317 30 29 7
14318 47 46 8
14319 34 33 7
14320 37 36 12
14321 48 48 14
14322 38 38 14
14323 16 15 5
14324 45 45 13
14325 25 24 8
14326 30 30 8
14327 32 31 5
14328 41 41 9
14329 29 29 7
14330 19 19 5
14331 43 43 13
14332 41 41 9
14333 37 37 11
14334 51 50 14
14335 40 40 8
14336 52 51 19
14337 33 32 8
14338 26 25 11
14339 45 45 11
14340 31 31 7
14341 57 56 18
14342 16 16 4
14343 42 41 9
14344 39 38 8
14345 44 43 9
14346 45 44 10
14347 28 28 6
14348 42 41 11
14349 29 28 6
14350 28 27 7
14351 15 14 6
14352 28 28 6
14353 20 20 6
14354 22 21 5
14355 39 38 12
14356 30 29 5
14357 35 35 7
14358 25 24 8
14359 40 40 14
14360 26 26 8
14361 30 29 7
14362 27 26 6
14363 32 32 6
14364 20 19 5
14365 31 30 8
14366 22 22 6
14367 34 34 8
14368 16 16 4
14369 34 33 5
14370 31 31 5
14371 39 39 9
14372 23 23 7
14373 25 24 6
14374 24 23 5
14375 23 23 5
14376 31 30 6
14377 30 29 7
14378 31 31 7
14379 31 31 9
14380 21 20 4
14381 34 33 9
14382 19 18 4
14383 26 25 9
14384 27 27 7
14385 17 17 5
14386 23 23 5
14387 17 16 4
14388 42 41 9
14389 17 16 4
14390 22 21 5
14391 15 15 5
14392 15 15 5
14393 29 28 8
14394 24 23 5
14395 23 23 5
14396 19 18 8
14397 38 38 8
14398 38 38 4
14399 34 33 9
14400 21 21 7
14401 15 14 4
14402 34 33 7
14403 29 28 6
14404 38 37 5
14405 27 27 9
14406 29 28 6
14407 22 22 4
14408 26 25 7
14409 17 16 6
14410 20 20 6
14411 30 30 6
14412 26 26 6
14413 22 22 6
14414 16 16 4
14415 30 29 5
14416 21 20 6
14417 22 21 5
14418 27 26 4
14419 22 21 7
14420 17 16 4
14421 18 17 5
14422 15 15 5
14423 21 20 4
14424 32 31 7
14425 33 32 4
14426 18 17 5
14427 39 39 9
14428 17 16 4
14429 24 23 7
14430 27 26 4
14431 28 27 5
14432 23 22 6
14433 32 32 6
14434 26 26 6
14435 22 22 6
14436 16 16 4
14437 22 21 7
14438 19 18 6
14439 14 14 6
14440 26 26 6
14441 26 26 6
14442 16 15 5
14443 15 15 5
14444 11 10 4
14445 18 17 5
14446 15 15 5
14447 11 10 4
14448 18 17 7
14449 19 18 4
14450 22 21 5
14451 17 17 5
14452 15 15 7
14453 23 22 6
14454 12 12 6
14455 14 13 5
14456 21 20 4
14457 18 17 5
14458 13 12 4
14459 18 17 5
14460 5 5 5
14461 12 11 7
14462 21 20 6
14463 14 13 5
14464 15 14 4
14465 18 17 5
14466 15 14 6
14467 12 12 6
14468 12 11 5
14469 11 10 4
14470 18 17 7
14471 29 28 6
14472 16 15 5
14473 17 16 4
14474 10 9 5
14475 7 6 5
14476 15 15 5
14477 9 9 5
14478 17 17 5
14479 7 6 5
14480 13 13 5
14481 13 13 5
14482 15 14 6
14483 12 12 4
14484 10 9 5
14485 9 9 5
14486 11 10 6
14487 8 8 4
14488 28 27 5
14489 17 16 4
14490 14 13 5
14491 17 16 6
14492 18 18 6
14493 8 8 4
14494 14 13 5
14495 11 10 4
14496 18 17 5
14497 11 11 5
14498 13 12 4
14499 24 23 5
14500 19 18 4
14501 12 11 5
14502 7 6 5
14503 11 10 6
14504 12 12 6
14505 16 15 5
14506 13 12 6
14507 8 8 4
14508 14 13 5
14509 17 17 5
14510 17 17 5
14511 21 20 6
14512 8 8 4
14513 12 11 5
14514 25 24 6
14515 6 6 6
14516 9 8 4
14517 12 11 5
14518 13 13 5
14519 11 11 5
14520 9 9 5
14521 21 20 6
14522 16 16 8
14523 16 15 5
14524 11 11 5
14525 11 10 6
14526 20 20 6
14527 8 8 4
14528 14 13 5
14529 15 14 4
14530 14 13 5
14531 11 11 5
14532 15 14 6
14533 10 9 5
14534 17 16 6
14535 6 6 6
14536 17 16 6
14537 8 8 4
14538 16 15 5
14539 17 17 7
14540 13 12 6
14541 10 10 4
14542 10 9 5
14543 21 20 8
14544 12 12 4
14545 16 15 5
14546 29 29 7
14547 15 15 5
14548 13 12 4
14549 14 13 5
14550 9 9 5
14551 21 20 6
14552 14 14 4
14553 18 17 5
14554 19 18 4
14555 22 21 7
14556 17 16 6
14557 22 21 5
14558 11 11 5
14559 7 6 5
14560 9 9 5
14561 9 9 5
14562 15 15 5
14563 17 17 5
14564 17 16 6
14565 12 11 5
14566 11 10 4
14567 14 13 5
14568 11 10 4
14569 14 13 5
14570 11 10 6
14571 26 25 5
14572 13 12 4
14573 16 15 5
14574 11 10 4
14575 6 5 4
14576 14 13 5
14577 9 8 4
14578 8 7 6
14579 12 11 5
14580 9 8 4
14581 14 13 5
14582 17 17 7
14583 15 14 4
14584 18 17 7
14585 13 12 4
14586 14 13 5
14587 11 11 5
14588 15 14 6
14589 12 11 5
14590 13 13 5
14591 15 15 5
14592 17 17 7
14593 11 11 5
14594 15 14 4
14595 10 9 5
14596 5 5 5
14597 16 15 5
14598 11 10 4
14599 12 11 5
14600 9 9 5
14601 7 6 5
14602 13 12 4
14603 12 11 5
14604 17 17 5
14605 11 10 4
14606 14 13 7
14607 17 16 6
14608 10 10 4
14609 6 5 4
14610 10 9 5
14611 19 18 6
14612 14 13 5
14613 11 10 4
14614 14 13 7
14615 9 9 5
14616 11 11 5
14617 19 18 6
14618 18 17 7
14619 17 16 6
14620 14 14 4
14621 14 13 7
14622 13 13 5
14623 5 5 5
14624 18 17 5
14625 9 9 5
14626 17 16 6
14627 10 9 5
14628 11 11 5
14629 9 9 5
14630 17 16 8
14631 12 12 6
14632 14 13 7
14633 7 6 5
14634 15 14 6
14635 14 13 5
14636 9 8 4
14637 20 19 5
14638 13 12 4
14639 18 17 7
14640 23 23 5
14641 17 17 5
14642 25 24 6
14643 12 11 5
14644 13 12 4
14645 6 5 4
14646 14 13 5
14647 9 9 5
14648 9 8 4
14649 12 11 5
14650 17 16 6
14651 18 18 8
14652 12 12 4
14653 10 9 5
14654 19 18 6
14655 12 12 6
14656 12 12 4
14657 12 11 5
14658 13 12 6
14659 14 13 5
14660 13 12 6
14661 26 26 8
14662 6 6 6
14663 15 14 6
14664 14 13 5
14665 13 12 4
14666 18 17 5
14667 21 21 7
14668 15 15 5
14669 17 16 4
14670 22 21 5
14671 15 14 4
14672 18 17 5
14673 11 10 4
14674 10 9 5
14675 13 12 4
14676 20 19 5
14677 13 13 5
14678 17 17 5
14679 11 11 5
14680 13 13 5
14681 15 14 6
14682 14 14 6
14683 12 12 4
14684 14 13 5
14685 17 17 5
14686 13 12 6
14687 20 19 5
14688 13 12 4
14689 12 11 5
14690 13 13 5
14691 13 12 6
14692 6 6 6
14693 11 10 4
14694 14 13 5
14695 13 12 4
14696 16 15 5
14697 11 11 5
14698 11 10 6
14699 10 10 4
14700 14 13 5
14701 11 10 4
14702 12 11 5
14703 11 11 5
14704 11 10 6
14705 20 20 6
14706 6 6 6
14707 17 16 6
14708 16 16 4
14709 22 21 7
14710 25 24 6
14711 16 15 5
14712 11 10 4
14713 10 9 5
14714 15 14 6
14715 16 16 6
14716 16 16 6
14717 16 16 6
14718 12 12 6
14719 20 20 6
14720 12 12 4
14721 16 15 7
14722 9 8 4
14723 14 13 5
14724 15 14 4
14725 14 13 5
14726 11 10 6
14727 20 20 6
14728 18 17 5
14729 13 12 4
14730 20 19 5
14731 19 19 7
14732 27 27 5
14733 7 7 7
14734 8 8 4
14735 16 15 7
14736 15 14 6
14737 8 8 4
14738 16 15 5
14739 9 8 4
14740 12 11 5
14741 7 6 5
14742 15 15 7
14743 15 14 6
14744 22 22 4
14745 10 9 5
14746 19 19 7
14747 11 11 5
14748 9 9 5
14749 15 14 6
14750 14 14 6
14751 10 10 6
14752 18 18 6
14753 16 16 6
14754 14 14 6
14755 8 8 4
14756 24 23 7
14757 15 14 6
14758 16 16 4
14759 16 15 7
14760 15 14 4
14761 12 11 5
14762 15 14 8
14763 14 14 6
14764 16 16 6
14765 12 12 4
14766 14 13 5
14767 15 15 5
14768 15 14 6
14769 20 20 6
14770 18 18 6
14771 8 8 4
14772 12 11 5
14773 31 30 6
14774 14 14 4
14775 16 15 7
14776 19 18 4
14777 14 13 5
14778 15 14 6
14779 14 14 6
14780 12 12 4
14781 16 15 5
14782 11 10 4
14783 20 19 5
14784 15 14 4
14785 14 13 5
14786 15 14 6
14787 14 13 5
14788 13 12 4
14789 26 25 5
14790 17 17 5
14791 13 13 5
14792 15 15 5
14793 21 20 6
14794 14 14 4
14795 14 13 5
14796 15 15 5
14797 17 16 6
14798 18 18 6
14799 12 11 5
14800 11 11 5
14801 19 18 8
14802 14 14 4
14803 16 15 5
14804 11 11 5
14805 19 19 7
14806 7 6 5
14807 15 14 6
14808 14 14 4
14809 18 17 5
14810 15 15 5
14811 39 38 6
14812 22 21 5
14813 17 17 5
14814 27 26 8
14815 24 24 6
14816 30 30 6
14817 32 32 4
14818 32 31 5
14819 27 27 7
14820 37 36 8
14821 34 33 7
14822 35 34 6
14823 22 21 5
14824 27 26 6
14825 34 34 8
14826 20 20 4
14827 36 35 7
14828 41 40 8
14829 44 44 8
14830 26 26 6
14831 32 32 8
14832 18 18 4
14833 38 37 7
14834 35 34 6
14835 24 23 7
14836 37 36 8
14837 26 26 6
14838 26 25 7
14839 17 17 5
14840 21 20 6
14841 24 24 4
14842 28 27 7
14843 25 24 6
14844 14 14 4
14845 18 17 5
14846 23 23 5
14847 27 26 6
14848 34 33 5
14849 33 33 7
14850 17 17 5
14851 23 22 4
14852 30 29 5
14853 41 41 5
14854 27 27 11
14855 25 24 8
14856 22 22 6
14857 20 20 4
14858 20 19 5
14859 19 19 5
14860 19 19 5
14861 21 20 4
14862 30 29 5
14863 25 25 5
14864 31 30 6
14865 22 21 5
14866 27 27 5
14867 15 15 5
14868 19 18 6
14869 30 30 8
14870 14 13 5
14871 25 24 6
14872 24 24 6
14873 14 14 4
14874 20 19 5
14875 9 9 5
14876 21 20 6
14877 16 15 5
14878 17 16 4
14879 12 11 5
14880 27 26 6
14881 22 21 7
14882 15 14 4
14883 22 21 5
14884 15 15 7
14885 23 22 6
14886 20 20 4
14887 26 25 7
14888 37 36 8
14889 18 18 6
14890 22 22 4
14891 34 33 11
14892 19 18 6
14893 16 16 6
14894 36 35 11
14895 19 19 5
14896 23 23 5
14897 19 18 6
14898 16 16 4
14899 30 29 9
14900 25 25 5
14901 19 19 5
14902 17 17 5
14903 13 13 7
14904 17 16 6
14905 28 27 5
14906 25 24 4
14907 26 25 7
14908 13 13 5
14909 17 17 7
14910 33 32 6
14911 14 13 5
14912 17 16 6
14913 24 24 6
14914 18 18 6
14915 18 18 4
14916 14 13 5
14917 21 20 4
14918 22 21 5
14919 21 21 5
14920 29 28 8
14921 16 16 6
14922 34 34 6
14923 36 35 7
14924 15 14 6
14925 18 17 5
14926 21 20 6
14927 22 22 4
14928 28 27 7
14929 23 23 5
14930 23 23 5
14931 19 18 6
14932 20 20 4
14933 18 17 7
14934 29 28 6
14935 18 18 6
14936 24 23 5
14937 23 22 8
14938 32 32 8
14939 18 18 4
14940 22 21 5
14941 29 29 5
14942 15 15 5
14943 21 20 6
14944 16 15 5
14945 11 11 5
14946 23 22 6
14947 22 21 7
14948 21 20 4
14949 22 21 5
14950 11 10 6
14951 8 8 4
14952 18 17 7
14953 19 18 4
14954 10 9 5
14955 15 15 5
14956 17 16 6
14957 10 10 4
14958 14 13 5
14959 11 11 5
14960 17 16 4
14961 16 15 5
14962 21 21 7
14963 15 14 4
14964 16 15 7
14965 9 8 4
14966 22 21 5
14967 21 21 5
14968 23 23 7
14969 13 12 6
14970 14 14 4
14971 20 19 7
14972 13 13 5
14973 21 20 6
14974 12 12 4
14975 14 13 5
14976 13 12 6
14977 18 17 5
14978 13 12 4
14979 10 9 5
14980 19 18 8
14981 14 13 5
14982 13 12 4
14983 14 13 7
14984 13 12 6
14985 16 16 6
14986 12 11 7
14987 19 18 4
14988 10 9 5
14989 11 11 5
14990 15 15 5
14991 15 14 4
14992 16 15 5
14993 19 18 6
14994 14 14 6
14995 12 12 4
14996 18 17 5
14997 11 11 5
14998 13 13 5
14999 23 23 7
15000 11 11 5
15001 9 8 4
15002 16 15 5
15003 15 15 5
15004 11 11 7
