     Internal    Switching      Leakage        Total
        Power        Power        Power        Power (Watts)
----------------------------------------------------
 1.684039e-06 3.180670e-06 8.415182e-11 4.864793e-06 clkbuf_2_3__f_core_clk
 1.682760e-06 3.091801e-06 8.415182e-11 4.774645e-06 clkbuf_2_1__f_core_clk
 1.681891e-06 3.031416e-06 8.415182e-11 4.713391e-06 clkbuf_2_0__f_core_clk
 1.676529e-06 2.658834e-06 8.415182e-11 4.335447e-06 clkbuf_2_2__f_core_clk
 5.800913e-07 3.748014e-06 8.248385e-11 4.328188e-06 clkbuf_0_w_clk
 1.658435e-06 2.174275e-06 8.415182e-11 3.832794e-06 clkbuf_0_core_clk
 8.244987e-07 2.757664e-06 4.547895e-11 3.582208e-06 clkbuf_leaf_13_core_clk
 6.538112e-07 2.578958e-06 8.260852e-11 3.232852e-06 clkbuf_0_v_clk
 8.212056e-07 2.271438e-06 4.547895e-11 3.092689e-06 clkbuf_leaf_21_core_clk
 8.175137e-07 1.881008e-06 4.547895e-11 2.698567e-06 clkbuf_leaf_20_core_clk
 8.167074e-07 1.817234e-06 4.547895e-11 2.633987e-06 clkbuf_leaf_19_core_clk
 3.237959e-07 2.090995e-06 4.460781e-11 2.414836e-06 clkbuf_2_2_0_v_clk
 1.713002e-06 6.972768e-07 8.422650e-11 2.410363e-06 clkbuf_0_clk
 8.108655e-07 1.334235e-06 4.547895e-11 2.145146e-06 clkbuf_leaf_26_core_clk
 3.226730e-07 1.792823e-06 4.460781e-11 2.115541e-06 clkbuf_2_3_0_v_clk
 3.226578e-07 1.784763e-06 4.460781e-11 2.107466e-06 clkbuf_2_0_0_v_clk
 1.685501e-06 3.800199e-07 8.422650e-11 2.065605e-06 clkbuf_1_0__f_clk
 3.225057e-07 1.743016e-06 4.460781e-11 2.065566e-06 clkbuf_2_1_0_v_clk
 8.076990e-07 1.104804e-06 4.547895e-11 1.912548e-06 clkbuf_leaf_24_core_clk
 8.079451e-07 1.103765e-06 4.547895e-11 1.911756e-06 clkbuf_leaf_25_core_clk
 1.677067e-06 1.927746e-07 8.422650e-11 1.869926e-06 clkbuf_1_1__f_clk
 8.071295e-07 1.039413e-06 4.547895e-11 1.846588e-06 clkbuf_leaf_27_core_clk
 6.435842e-07 1.202903e-06 8.260852e-11 1.846570e-06 clkbuf_5_15__f_v_clk
 2.803856e-07 1.542048e-06 4.453743e-11 1.822479e-06 clkbuf_4_12_0_w_clk
 8.064329e-07 1.004794e-06 4.547895e-11 1.811273e-06 clkbuf_leaf_22_core_clk
 8.064708e-07 9.878921e-07 4.547895e-11 1.794408e-06 clkbuf_leaf_33_core_clk
 8.061337e-07 9.811109e-07 4.547895e-11 1.787290e-06 clkbuf_leaf_23_core_clk
 8.062070e-07 9.667032e-07 4.547895e-11 1.772956e-06 clkbuf_leaf_28_core_clk
 8.058318e-07 9.571185e-07 4.547895e-11 1.762996e-06 clkbuf_leaf_16_core_clk
 8.059129e-07 9.437183e-07 4.547895e-11 1.749677e-06 clkbuf_leaf_31_core_clk
 6.416936e-07 1.069186e-06 8.260852e-11 1.710962e-06 clkbuf_5_24__f_v_clk
 8.052965e-07 8.947956e-07 4.547895e-11 1.700138e-06 clkbuf_leaf_29_core_clk
 6.414329e-07 1.048634e-06 8.260852e-11 1.690150e-06 clkbuf_5_28__f_v_clk
 6.415087e-07 1.040406e-06 8.260852e-11 1.681998e-06 clkbuf_5_12__f_v_clk
 8.047729e-07 8.734969e-07 4.547895e-11 1.678315e-06 clkbuf_leaf_15_core_clk
 8.049099e-07 8.642369e-07 4.547895e-11 1.669192e-06 clkbuf_leaf_34_core_clk
 6.411512e-07 1.026717e-06 8.260852e-11 1.667951e-06 clkbuf_5_26__f_v_clk
 6.411445e-07 1.026146e-06 8.260852e-11 1.667374e-06 clkbuf_5_27__f_v_clk
 6.411509e-07 1.024083e-06 8.260852e-11 1.665317e-06 clkbuf_5_7__f_v_clk
 6.410805e-07 1.021092e-06 8.260852e-11 1.662255e-06 clkbuf_5_29__f_v_clk
 8.045200e-07 8.533767e-07 4.547895e-11 1.657942e-06 clkbuf_leaf_18_core_clk
 6.410442e-07 1.004029e-06 8.260852e-11 1.645156e-06 clkbuf_5_9__f_v_clk
 6.410142e-07 1.001695e-06 8.260852e-11 1.642792e-06 clkbuf_5_8__f_v_clk
 6.407905e-07 9.985782e-07 8.260852e-11 1.639451e-06 clkbuf_5_25__f_v_clk
 6.406293e-07 9.832871e-07 8.260852e-11 1.623999e-06 clkbuf_5_6__f_v_clk
 6.405660e-07 9.809123e-07 8.260852e-11 1.621561e-06 clkbuf_5_30__f_v_clk
 6.405834e-07 9.794810e-07 8.260852e-11 1.620147e-06 clkbuf_5_3__f_v_clk
 6.404798e-07 9.715586e-07 8.260852e-11 1.612121e-06 clkbuf_5_5__f_v_clk
 6.391555e-07 9.567359e-07 8.260852e-11 1.595974e-06 clkbuf_5_17__f_v_clk
 8.032245e-07 7.817148e-07 4.547895e-11 1.584985e-06 clkbuf_leaf_0_core_clk
 8.028990e-07 7.787606e-07 4.547895e-11 1.581705e-06 clkbuf_leaf_17_core_clk
 6.399716e-07 9.317651e-07 8.260852e-11 1.571819e-06 clkbuf_5_4__f_v_clk
 8.020924e-07 7.586602e-07 4.547895e-11 1.560798e-06 clkbuf_leaf_9_core_clk
 6.385132e-07 9.068094e-07 8.260852e-11 1.545405e-06 clkbuf_5_18__f_v_clk
 8.021964e-07 7.431268e-07 4.547895e-11 1.545369e-06 clkbuf_leaf_32_core_clk
 6.395949e-07 9.050252e-07 8.260852e-11 1.544703e-06 clkbuf_5_31__f_v_clk
 8.021732e-07 7.422016e-07 4.547895e-11 1.544420e-06 clkbuf_leaf_30_core_clk
 6.395799e-07 8.896786e-07 8.260852e-11 1.529341e-06 clkbuf_5_14__f_v_clk
 6.382614e-07 8.871910e-07 8.260852e-11 1.525535e-06 clkbuf_5_16__f_v_clk
 8.026863e-07 7.134844e-07 4.547895e-11 1.516216e-06 clkbuf_leaf_5_core_clk
 8.007886e-07 7.091272e-07 4.547895e-11 1.509961e-06 clkbuf_leaf_12_core_clk
 6.393255e-07 8.696339e-07 8.260852e-11 1.509042e-06 clkbuf_5_11__f_v_clk
 6.388926e-07 8.473157e-07 8.260852e-11 1.486291e-06 clkbuf_5_2__f_v_clk
 6.377522e-07 8.475875e-07 8.260852e-11 1.485422e-06 clkbuf_5_19__f_v_clk
 6.388378e-07 8.431059e-07 8.260852e-11 1.482026e-06 clkbuf_5_1__f_v_clk
 8.016990e-07 6.769607e-07 4.547895e-11 1.478705e-06 clkbuf_leaf_4_core_clk
 8.016792e-07 6.762408e-07 4.547895e-11 1.477965e-06 clkbuf_leaf_3_core_clk
 8.016156e-07 6.738118e-07 4.547895e-11 1.475473e-06 clkbuf_leaf_6_core_clk
 6.386537e-07 8.171508e-07 8.260852e-11 1.455887e-06 clkbuf_5_13__f_v_clk
 6.386171e-07 8.142364e-07 8.260852e-11 1.452936e-06 clkbuf_5_10__f_v_clk
 8.009300e-07 6.483832e-07 4.547895e-11 1.449359e-06 clkbuf_leaf_8_core_clk
 6.372226e-07 8.062702e-07 8.260852e-11 1.443575e-06 clkbuf_5_20__f_v_clk
 6.367455e-07 7.692281e-07 8.260852e-11 1.406056e-06 clkbuf_5_23__f_v_clk
 6.367425e-07 7.689045e-07 8.260852e-11 1.405730e-06 clkbuf_5_21__f_v_clk
 2.778212e-07 1.117289e-06 4.453743e-11 1.395155e-06 clkbuf_4_13_0_w_clk
 6.377284e-07 7.563926e-07 8.260852e-11 1.394204e-06 clkbuf_5_0__f_v_clk
 7.993204e-07 5.888700e-07 4.547895e-11 1.388236e-06 clkbuf_leaf_7_core_clk
 2.775181e-07 1.097772e-06 4.453743e-11 1.375335e-06 clkbuf_4_4_0_w_clk
 7.973240e-07 5.776109e-07 4.547895e-11 1.374980e-06 clkbuf_leaf_10_core_clk
 2.774830e-07 1.079146e-06 4.453743e-11 1.356674e-06 clkbuf_4_8_0_w_clk
 2.773063e-07 1.053360e-06 4.453743e-11 1.330711e-06 clkbuf_4_11_0_w_clk
 2.770008e-07 1.035281e-06 4.453743e-11 1.312326e-06 clkbuf_4_7_0_w_clk
 2.770191e-07 1.028085e-06 4.453743e-11 1.305149e-06 clkbuf_4_2_0_w_clk
 6.354321e-07 6.670035e-07 8.260852e-11 1.302518e-06 clkbuf_5_22__f_v_clk
 2.769366e-07 1.020874e-06 4.453743e-11 1.297856e-06 clkbuf_4_0_0_w_clk
 2.769813e-07 1.012944e-06 4.453743e-11 1.289970e-06 clkbuf_4_15_0_w_clk
 7.964853e-07 4.840024e-07 4.547895e-11 1.280533e-06 clkbuf_leaf_1_core_clk
 2.766634e-07 9.939403e-07 4.453743e-11 1.270648e-06 clkbuf_4_5_0_w_clk
 2.766870e-07 9.906687e-07 4.453743e-11 1.267400e-06 clkbuf_4_1_0_w_clk
 2.767320e-07 9.842295e-07 4.453743e-11 1.261006e-06 clkbuf_4_10_0_w_clk
 7.943827e-07 4.659274e-07 4.547895e-11 1.260355e-06 clkbuf_leaf_11_core_clk
 2.766111e-07 9.713593e-07 4.453743e-11 1.248015e-06 clkbuf_4_9_0_w_clk
 7.955652e-07 4.498433e-07 4.547895e-11 1.245454e-06 clkbuf_leaf_2_core_clk
 2.762681e-07 9.365621e-07 4.453743e-11 1.212875e-06 clkbuf_4_3_0_w_clk
 7.926783e-07 4.011471e-07 4.547895e-11 1.193871e-06 clkbuf_leaf_14_core_clk
 2.761323e-07 9.079693e-07 4.453743e-11 1.184146e-06 clkbuf_4_14_0_w_clk
 2.758594e-07 8.947846e-07 4.453743e-11 1.170689e-06 clkbuf_4_6_0_w_clk
 7.798889e-07 0.000000e+00 4.547895e-11 7.799344e-07 clkload1
 3.143387e-07 3.326016e-07 4.460781e-11 6.469849e-07 clkbuf_leaf_181_v_clk
 2.697958e-07 2.968706e-07 4.453743e-11 5.667109e-07 clkbuf_leaf_85_w_clk
 2.697420e-07 2.927240e-07 4.453743e-11 5.625106e-07 clkbuf_leaf_73_w_clk
 2.696995e-07 2.894021e-07 4.453743e-11 5.591461e-07 clkbuf_leaf_75_w_clk
 3.123417e-07 2.414839e-07 4.460781e-11 5.538702e-07 clkbuf_leaf_209_v_clk
 2.707685e-07 2.753279e-07 4.453743e-11 5.461409e-07 clkbuf_leaf_19_w_clk
 2.705911e-07 2.581822e-07 4.453743e-11 5.288179e-07 clkbuf_leaf_133_w_clk
 2.704037e-07 2.547692e-07 4.453743e-11 5.252175e-07 clkbuf_leaf_41_w_clk
 3.105064e-07 2.123974e-07 4.460781e-11 5.229484e-07 clkbuf_leaf_71_v_clk
 3.110491e-07 2.061615e-07 4.460781e-11 5.172552e-07 clkbuf_leaf_180_v_clk
 3.106022e-07 2.010662e-07 4.460781e-11 5.117130e-07 clkbuf_leaf_87_v_clk
 3.112137e-07 1.991517e-07 4.460781e-11 5.104100e-07 clkbuf_leaf_11_v_clk
 2.701334e-07 2.387553e-07 4.453743e-11 5.089333e-07 clkbuf_leaf_7_w_clk
 3.107587e-07 1.954540e-07 4.460781e-11 5.062573e-07 clkbuf_leaf_183_v_clk
 2.697894e-07 2.362699e-07 4.453743e-11 5.061039e-07 clkbuf_leaf_95_w_clk
 3.110639e-07 1.932469e-07 4.460781e-11 5.043555e-07 clkbuf_leaf_257_v_clk
 3.103909e-07 1.931789e-07 4.460781e-11 5.036144e-07 clkbuf_leaf_86_v_clk
 3.106764e-07 1.924205e-07 4.460781e-11 5.031415e-07 clkbuf_leaf_190_v_clk
 2.697142e-07 2.327766e-07 4.453743e-11 5.025353e-07 clkbuf_leaf_82_w_clk
 2.698289e-07 2.323946e-07 4.453743e-11 5.022681e-07 clkbuf_leaf_20_w_clk
 3.107774e-07 1.909225e-07 4.460781e-11 5.017446e-07 clkbuf_leaf_197_v_clk
 3.099273e-07 1.904174e-07 4.460781e-11 5.003894e-07 clkbuf_leaf_74_v_clk
 2.698550e-07 2.299181e-07 4.453743e-11 4.998176e-07 clkbuf_leaf_57_w_clk
 3.104745e-07 1.886059e-07 4.460781e-11 4.991251e-07 clkbuf_leaf_96_v_clk
 2.695731e-07 2.262234e-07 4.453743e-11 4.958410e-07 clkbuf_leaf_81_w_clk
 3.103609e-07 1.848801e-07 4.460781e-11 4.952857e-07 clkbuf_leaf_35_v_clk
 3.097924e-07 1.853211e-07 4.460781e-11 4.951581e-07 clkbuf_leaf_69_v_clk
 2.696386e-07 2.237064e-07 4.453743e-11 4.933895e-07 clkbuf_leaf_16_w_clk
 3.097057e-07 1.820555e-07 4.460781e-11 4.918058e-07 clkbuf_leaf_72_v_clk
 3.107045e-07 1.806475e-07 4.460781e-11 4.913966e-07 clkbuf_leaf_5_v_clk
 3.100656e-07 1.810464e-07 4.460781e-11 4.911565e-07 clkbuf_leaf_93_v_clk
 3.101792e-07 1.804396e-07 4.460781e-11 4.906634e-07 clkbuf_leaf_199_v_clk
 3.096635e-07 1.804478e-07 4.460781e-11 4.901559e-07 clkbuf_leaf_73_v_clk
 3.106373e-07 1.794595e-07 4.460781e-11 4.901414e-07 clkbuf_leaf_206_v_clk
 2.696391e-07 2.201354e-07 4.453743e-11 4.898191e-07 clkbuf_leaf_58_w_clk
 2.695917e-07 2.179870e-07 4.453743e-11 4.876232e-07 clkbuf_leaf_42_w_clk
 3.099686e-07 1.774303e-07 4.460781e-11 4.874435e-07 clkbuf_leaf_76_v_clk
 2.684529e-07 2.186012e-07 4.453743e-11 4.870986e-07 clkbuf_leaf_74_w_clk
 2.699339e-07 2.170306e-07 4.453743e-11 4.870091e-07 clkbuf_leaf_10_w_clk
 2.697677e-07 2.170934e-07 4.453743e-11 4.869056e-07 clkbuf_leaf_125_w_clk
 2.696449e-07 2.168242e-07 4.453743e-11 4.865136e-07 clkbuf_leaf_23_w_clk
 3.100741e-07 1.762595e-07 4.460781e-11 4.863783e-07 clkbuf_leaf_132_v_clk
 3.102202e-07 1.756120e-07 4.460781e-11 4.858768e-07 clkbuf_leaf_191_v_clk
 2.694179e-07 2.163901e-07 4.453743e-11 4.858525e-07 clkbuf_leaf_114_w_clk
 3.110187e-07 1.742860e-07 4.460781e-11 4.853493e-07 clkbuf_leaf_168_v_clk
 3.101050e-07 1.733072e-07 4.460781e-11 4.834568e-07 clkbuf_leaf_215_v_clk
 3.099816e-07 1.732860e-07 4.460781e-11 4.833122e-07 clkbuf_leaf_110_v_clk
 3.104207e-07 1.726036e-07 4.460781e-11 4.830689e-07 clkbuf_leaf_47_v_clk
 3.099764e-07 1.729104e-07 4.460781e-11 4.829315e-07 clkbuf_leaf_220_v_clk
 2.695655e-07 2.132595e-07 4.453743e-11 4.828696e-07 clkbuf_leaf_9_w_clk
 3.100204e-07 1.718062e-07 4.460781e-11 4.818713e-07 clkbuf_leaf_95_v_clk
 3.098112e-07 1.715589e-07 4.460781e-11 4.814146e-07 clkbuf_leaf_77_v_clk
 3.099322e-07 1.712721e-07 4.460781e-11 4.812490e-07 clkbuf_leaf_204_v_clk
 3.100433e-07 1.710317e-07 4.460781e-11 4.811196e-07 clkbuf_leaf_223_v_clk
 3.094057e-07 1.706704e-07 4.460781e-11 4.801207e-07 clkbuf_leaf_67_v_clk
 3.099064e-07 1.700368e-07 4.460781e-11 4.799878e-07 clkbuf_leaf_140_v_clk
 2.697720e-07 2.099910e-07 4.453743e-11 4.798075e-07 clkbuf_leaf_11_w_clk
 3.100475e-07 1.692464e-07 4.460781e-11 4.793386e-07 clkbuf_leaf_189_v_clk
 3.102205e-07 1.683981e-07 4.460781e-11 4.786633e-07 clkbuf_leaf_212_v_clk
 2.695631e-07 2.080327e-07 4.453743e-11 4.776404e-07 clkbuf_leaf_124_w_clk
 3.101838e-07 1.670534e-07 4.460781e-11 4.772818e-07 clkbuf_leaf_185_v_clk
 2.693646e-07 2.077032e-07 4.453743e-11 4.771125e-07 clkbuf_leaf_43_w_clk
 3.098131e-07 1.668516e-07 4.460781e-11 4.767093e-07 clkbuf_leaf_226_v_clk
 3.098821e-07 1.666881e-07 4.460781e-11 4.766148e-07 clkbuf_leaf_85_v_clk
 2.696933e-07 2.065660e-07 4.453743e-11 4.763038e-07 clkbuf_leaf_8_w_clk
 2.697763e-07 2.062858e-07 4.453743e-11 4.761066e-07 clkbuf_leaf_53_w_clk
 3.099194e-07 1.660461e-07 4.460781e-11 4.760101e-07 clkbuf_leaf_22_v_clk
 2.694287e-07 2.061318e-07 4.453743e-11 4.756050e-07 clkbuf_leaf_1_w_clk
 3.097902e-07 1.657287e-07 4.460781e-11 4.755636e-07 clkbuf_leaf_143_v_clk
 2.695151e-07 2.059047e-07 4.453743e-11 4.754643e-07 clkbuf_leaf_126_w_clk
 3.102369e-07 1.648870e-07 4.460781e-11 4.751684e-07 clkbuf_leaf_210_v_clk
 3.101079e-07 1.642789e-07 4.460781e-11 4.744313e-07 clkbuf_leaf_184_v_clk
 2.692086e-07 2.040589e-07 4.453743e-11 4.733120e-07 clkbuf_leaf_27_w_clk
 3.104672e-07 1.625197e-07 4.460781e-11 4.730315e-07 clkbuf_leaf_253_v_clk
 3.101786e-07 1.627648e-07 4.460781e-11 4.729880e-07 clkbuf_leaf_213_v_clk
 2.696943e-07 2.027574e-07 4.453743e-11 4.724963e-07 clkbuf_leaf_63_w_clk
 2.691323e-07 2.032455e-07 4.453743e-11 4.724223e-07 clkbuf_leaf_112_w_clk
 3.096194e-07 1.623089e-07 4.460781e-11 4.719729e-07 clkbuf_leaf_154_v_clk
 3.091760e-07 1.619426e-07 4.460781e-11 4.711632e-07 clkbuf_leaf_80_v_clk
 3.097169e-07 1.610419e-07 4.460781e-11 4.708035e-07 clkbuf_leaf_29_v_clk
 3.091551e-07 1.611490e-07 4.460781e-11 4.703487e-07 clkbuf_leaf_78_v_clk
 3.097539e-07 1.603432e-07 4.460781e-11 4.701417e-07 clkbuf_leaf_224_v_clk
 3.099631e-07 1.598166e-07 4.460781e-11 4.698243e-07 clkbuf_leaf_119_v_clk
 2.693801e-07 1.999206e-07 4.453743e-11 4.693452e-07 clkbuf_leaf_123_w_clk
 3.105650e-07 1.581129e-07 4.460781e-11 4.687225e-07 clkbuf_leaf_172_v_clk
 2.690533e-07 1.996104e-07 4.453743e-11 4.687082e-07 clkbuf_leaf_127_w_clk
 3.095974e-07 1.588472e-07 4.460781e-11 4.684892e-07 clkbuf_leaf_205_v_clk
 3.095912e-07 1.587951e-07 4.460781e-11 4.684309e-07 clkbuf_leaf_112_v_clk
 3.100863e-07 1.581829e-07 4.460781e-11 4.683139e-07 clkbuf_leaf_8_v_clk
 3.096475e-07 1.584706e-07 4.460781e-11 4.681627e-07 clkbuf_leaf_20_v_clk
 2.691703e-07 1.989059e-07 4.453743e-11 4.681208e-07 clkbuf_leaf_38_w_clk
 2.691542e-07 1.981747e-07 4.453743e-11 4.673734e-07 clkbuf_leaf_39_w_clk
 3.095718e-07 1.576280e-07 4.460781e-11 4.672444e-07 clkbuf_leaf_145_v_clk
 3.096342e-07 1.575167e-07 4.460781e-11 4.671955e-07 clkbuf_leaf_98_v_clk
 3.099424e-07 1.571886e-07 4.460781e-11 4.671756e-07 clkbuf_leaf_62_v_clk
 3.090707e-07 1.579798e-07 4.460781e-11 4.670951e-07 clkbuf_leaf_70_v_clk
 3.099840e-07 1.566922e-07 4.460781e-11 4.667208e-07 clkbuf_leaf_27_v_clk
 3.100256e-07 1.559754e-07 4.460781e-11 4.660456e-07 clkbuf_leaf_13_v_clk
 2.695429e-07 1.962423e-07 4.453743e-11 4.658297e-07 clkbuf_leaf_54_w_clk
 3.095207e-07 1.560006e-07 4.460781e-11 4.655658e-07 clkbuf_leaf_225_v_clk
 2.689852e-07 1.964695e-07 4.453743e-11 4.654992e-07 clkbuf_leaf_128_w_clk
 2.689820e-07 1.963250e-07 4.453743e-11 4.653515e-07 clkbuf_leaf_109_w_clk
 3.094703e-07 1.557278e-07 4.460781e-11 4.652427e-07 clkbuf_leaf_25_v_clk
 3.098014e-07 1.551568e-07 4.460781e-11 4.650027e-07 clkbuf_leaf_201_v_clk
 3.093818e-07 1.555362e-07 4.460781e-11 4.649625e-07 clkbuf_leaf_88_v_clk
 2.689164e-07 1.958174e-07 4.453743e-11 4.647783e-07 clkbuf_leaf_97_w_clk
 2.692723e-07 1.951442e-07 4.453743e-11 4.644610e-07 clkbuf_leaf_122_w_clk
 3.098677e-07 1.544630e-07 4.460781e-11 4.643753e-07 clkbuf_leaf_79_v_clk
 3.097842e-07 1.545270e-07 4.460781e-11 4.643558e-07 clkbuf_leaf_187_v_clk
 2.694122e-07 1.943414e-07 4.453743e-11 4.637981e-07 clkbuf_leaf_12_w_clk
 3.099636e-07 1.537223e-07 4.460781e-11 4.637305e-07 clkbuf_leaf_10_v_clk
 3.093419e-07 1.540506e-07 4.460781e-11 4.634371e-07 clkbuf_leaf_90_v_clk
 2.689909e-07 1.941043e-07 4.453743e-11 4.631397e-07 clkbuf_leaf_22_w_clk
 2.688772e-07 1.939984e-07 4.453743e-11 4.629202e-07 clkbuf_leaf_83_w_clk
 3.095555e-07 1.528249e-07 4.460781e-11 4.624250e-07 clkbuf_leaf_126_v_clk
 3.095082e-07 1.528548e-07 4.460781e-11 4.624075e-07 clkbuf_leaf_84_v_clk
 3.097860e-07 1.514819e-07 4.460781e-11 4.613125e-07 clkbuf_leaf_65_v_clk
 3.098885e-07 1.509947e-07 4.460781e-11 4.609279e-07 clkbuf_leaf_12_v_clk
 2.688870e-07 1.919579e-07 4.453743e-11 4.608894e-07 clkbuf_leaf_110_w_clk
 3.095356e-07 1.511209e-07 4.460781e-11 4.607011e-07 clkbuf_leaf_214_v_clk
 2.691250e-07 1.914664e-07 4.453743e-11 4.606360e-07 clkbuf_leaf_64_w_clk
 3.094547e-07 1.510919e-07 4.460781e-11 4.605913e-07 clkbuf_leaf_36_v_clk
 3.093797e-07 1.509454e-07 4.460781e-11 4.603696e-07 clkbuf_leaf_111_v_clk
 3.093714e-07 1.504636e-07 4.460781e-11 4.598796e-07 clkbuf_leaf_219_v_clk
 2.690765e-07 1.903606e-07 4.453743e-11 4.594816e-07 clkbuf_leaf_13_w_clk
 3.094833e-07 1.499502e-07 4.460781e-11 4.594782e-07 clkbuf_leaf_2_v_clk
 3.088608e-07 1.500184e-07 4.460781e-11 4.589238e-07 clkbuf_leaf_68_v_clk
 3.093397e-07 1.494643e-07 4.460781e-11 4.588486e-07 clkbuf_leaf_157_v_clk
 2.688909e-07 1.895325e-07 4.453743e-11 4.584680e-07 clkbuf_leaf_21_w_clk
 3.094616e-07 1.483918e-07 4.460781e-11 4.578980e-07 clkbuf_leaf_235_v_clk
 3.093544e-07 1.473810e-07 4.460781e-11 4.567800e-07 clkbuf_leaf_15_v_clk
 3.093474e-07 1.473635e-07 4.460781e-11 4.567555e-07 clkbuf_leaf_17_v_clk
 2.687437e-07 1.878032e-07 4.453743e-11 4.565914e-07 clkbuf_leaf_84_w_clk
 2.678987e-07 1.880814e-07 4.453743e-11 4.560247e-07 clkbuf_leaf_86_w_clk
 2.689579e-07 1.859822e-07 4.453743e-11 4.549846e-07 clkbuf_leaf_5_w_clk
 3.091734e-07 1.457093e-07 4.460781e-11 4.549272e-07 clkbuf_leaf_131_v_clk
 3.093917e-07 1.450834e-07 4.460781e-11 4.545197e-07 clkbuf_leaf_179_v_clk
 3.092331e-07 1.450597e-07 4.460781e-11 4.543373e-07 clkbuf_leaf_142_v_clk
 3.091572e-07 1.451066e-07 4.460781e-11 4.543084e-07 clkbuf_leaf_153_v_clk
 3.092165e-07 1.448881e-07 4.460781e-11 4.541492e-07 clkbuf_leaf_113_v_clk
 3.098834e-07 1.440148e-07 4.460781e-11 4.539428e-07 clkbuf_leaf_171_v_clk
 2.689231e-07 1.844197e-07 4.453743e-11 4.533874e-07 clkbuf_leaf_2_w_clk
 3.093153e-07 1.439586e-07 4.460781e-11 4.533185e-07 clkbuf_leaf_156_v_clk
 3.093306e-07 1.435591e-07 4.460781e-11 4.529344e-07 clkbuf_leaf_229_v_clk
 3.094351e-07 1.429866e-07 4.460781e-11 4.524663e-07 clkbuf_leaf_245_v_clk
 2.689973e-07 1.829690e-07 4.453743e-11 4.520109e-07 clkbuf_leaf_131_w_clk
 3.096151e-07 1.422605e-07 4.460781e-11 4.519202e-07 clkbuf_leaf_203_v_clk
 3.092197e-07 1.426352e-07 4.460781e-11 4.518995e-07 clkbuf_leaf_19_v_clk
 3.092155e-07 1.424796e-07 4.460781e-11 4.517397e-07 clkbuf_leaf_30_v_clk
 3.092153e-07 1.424742e-07 4.460781e-11 4.517341e-07 clkbuf_leaf_33_v_clk
 3.091633e-07 1.424727e-07 4.460781e-11 4.516806e-07 clkbuf_leaf_139_v_clk
 3.094441e-07 1.420631e-07 4.460781e-11 4.515518e-07 clkbuf_leaf_202_v_clk
 3.097080e-07 1.408994e-07 4.460781e-11 4.506520e-07 clkbuf_leaf_45_v_clk
 3.091200e-07 1.414314e-07 4.460781e-11 4.505960e-07 clkbuf_leaf_83_v_clk
 3.091913e-07 1.411325e-07 4.460781e-11 4.503684e-07 clkbuf_leaf_105_v_clk
 3.091066e-07 1.406343e-07 4.460781e-11 4.497854e-07 clkbuf_leaf_227_v_clk
 3.091628e-07 1.402877e-07 4.460781e-11 4.494951e-07 clkbuf_leaf_16_v_clk
 3.090860e-07 1.400440e-07 4.460781e-11 4.491746e-07 clkbuf_leaf_107_v_clk
 3.091945e-07 1.396851e-07 4.460781e-11 4.489242e-07 clkbuf_leaf_217_v_clk
 3.091981e-07 1.396297e-07 4.460781e-11 4.488724e-07 clkbuf_leaf_125_v_clk
 3.095325e-07 1.392517e-07 4.460781e-11 4.488288e-07 clkbuf_leaf_186_v_clk
 2.689249e-07 1.797575e-07 4.453743e-11 4.487269e-07 clkbuf_leaf_132_w_clk
 3.090518e-07 1.388974e-07 4.460781e-11 4.479937e-07 clkbuf_leaf_106_v_clk
 3.097766e-07 1.376835e-07 4.460781e-11 4.475047e-07 clkbuf_leaf_255_v_clk
 3.093352e-07 1.380763e-07 4.460781e-11 4.474562e-07 clkbuf_leaf_198_v_clk
 3.092938e-07 1.378059e-07 4.460781e-11 4.471443e-07 clkbuf_leaf_243_v_clk
 3.093587e-07 1.376983e-07 4.460781e-11 4.471015e-07 clkbuf_leaf_122_v_clk
 3.096944e-07 1.372013e-07 4.460781e-11 4.469403e-07 clkbuf_leaf_173_v_clk
 3.092818e-07 1.373665e-07 4.460781e-11 4.466929e-07 clkbuf_leaf_239_v_clk
 3.090162e-07 1.372813e-07 4.460781e-11 4.463422e-07 clkbuf_leaf_221_v_clk
 3.091304e-07 1.369207e-07 4.460781e-11 4.460957e-07 clkbuf_leaf_21_v_clk
 3.095718e-07 1.362585e-07 4.460781e-11 4.458748e-07 clkbuf_leaf_59_v_clk
 3.089196e-07 1.362628e-07 4.460781e-11 4.452270e-07 clkbuf_leaf_148_v_clk
 3.093463e-07 1.354240e-07 4.460781e-11 4.448148e-07 clkbuf_leaf_66_v_clk
 3.089668e-07 1.357430e-07 4.460781e-11 4.447544e-07 clkbuf_leaf_100_v_clk
 3.089574e-07 1.352745e-07 4.460781e-11 4.442765e-07 clkbuf_leaf_109_v_clk
 3.089423e-07 1.348344e-07 4.460781e-11 4.438213e-07 clkbuf_leaf_102_v_clk
 3.090583e-07 1.344690e-07 4.460781e-11 4.435719e-07 clkbuf_leaf_124_v_clk
 3.095859e-07 1.332718e-07 4.460781e-11 4.429022e-07 clkbuf_leaf_164_v_clk
 3.089325e-07 1.339113e-07 4.460781e-11 4.428884e-07 clkbuf_leaf_138_v_clk
 3.089141e-07 1.336654e-07 4.460781e-11 4.426241e-07 clkbuf_leaf_115_v_clk
 3.092867e-07 1.332480e-07 4.460781e-11 4.425793e-07 clkbuf_leaf_64_v_clk
 3.090275e-07 1.333301e-07 4.460781e-11 4.424022e-07 clkbuf_leaf_130_v_clk
 2.690363e-07 1.729647e-07 4.453743e-11 4.420455e-07 clkbuf_leaf_116_w_clk
 3.090225e-07 1.329391e-07 4.460781e-11 4.420062e-07 clkbuf_leaf_4_v_clk
 3.092435e-07 1.316699e-07 4.460781e-11 4.409580e-07 clkbuf_leaf_60_v_clk
 3.091910e-07 1.315636e-07 4.460781e-11 4.407991e-07 clkbuf_leaf_134_v_clk
 2.687986e-07 1.718082e-07 4.453743e-11 4.406513e-07 clkbuf_leaf_46_w_clk
 3.094171e-07 1.309467e-07 4.460781e-11 4.404085e-07 clkbuf_leaf_163_v_clk
 3.092712e-07 1.307220e-07 4.460781e-11 4.400378e-07 clkbuf_leaf_53_v_clk
 3.092152e-07 1.306353e-07 4.460781e-11 4.398951e-07 clkbuf_leaf_63_v_clk
 3.093326e-07 1.303611e-07 4.460781e-11 4.397383e-07 clkbuf_leaf_0_v_clk
 3.087214e-07 1.309014e-07 4.460781e-11 4.396673e-07 clkbuf_leaf_92_v_clk
 3.087131e-07 1.305949e-07 4.460781e-11 4.393526e-07 clkbuf_leaf_91_v_clk
 2.689282e-07 1.697712e-07 4.453743e-11 4.387439e-07 clkbuf_leaf_52_w_clk
 3.088632e-07 1.294411e-07 4.460781e-11 4.383490e-07 clkbuf_leaf_31_v_clk
 3.091235e-07 1.290954e-07 4.460781e-11 4.382636e-07 clkbuf_leaf_123_v_clk
 2.686004e-07 1.690414e-07 4.453743e-11 4.376863e-07 clkbuf_leaf_134_w_clk
 3.089266e-07 1.286577e-07 4.460781e-11 4.376288e-07 clkbuf_leaf_233_v_clk
 3.092733e-07 1.282044e-07 4.460781e-11 4.375223e-07 clkbuf_leaf_1_v_clk
 2.684838e-07 1.678075e-07 4.453743e-11 4.363359e-07 clkbuf_leaf_40_w_clk
 2.686251e-07 1.668623e-07 4.453743e-11 4.355319e-07 clkbuf_leaf_103_w_clk
 3.092920e-07 1.261273e-07 4.460781e-11 4.354639e-07 clkbuf_leaf_57_v_clk
 3.088655e-07 1.264051e-07 4.460781e-11 4.353152e-07 clkbuf_leaf_230_v_clk
 3.088639e-07 1.263465e-07 4.460781e-11 4.352550e-07 clkbuf_leaf_234_v_clk
 3.094432e-07 1.256927e-07 4.460781e-11 4.351805e-07 clkbuf_leaf_254_v_clk
 3.094356e-07 1.254234e-07 4.460781e-11 4.349036e-07 clkbuf_leaf_251_v_clk
 2.685044e-07 1.662792e-07 4.453743e-11 4.348281e-07 clkbuf_leaf_93_w_clk
 3.088206e-07 1.254857e-07 4.460781e-11 4.343508e-07 clkbuf_leaf_24_v_clk
 2.683095e-07 1.653785e-07 4.453743e-11 4.337326e-07 clkbuf_leaf_111_w_clk
 3.088018e-07 1.247909e-07 4.460781e-11 4.336372e-07 clkbuf_leaf_23_v_clk
 3.088377e-07 1.246711e-07 4.460781e-11 4.335535e-07 clkbuf_leaf_178_v_clk
 2.682530e-07 1.650735e-07 4.453743e-11 4.333711e-07 clkbuf_leaf_80_w_clk
 3.093277e-07 1.239604e-07 4.460781e-11 4.333326e-07 clkbuf_leaf_160_v_clk
 3.091567e-07 1.239710e-07 4.460781e-11 4.331723e-07 clkbuf_leaf_256_v_clk
 3.087727e-07 1.241067e-07 4.460781e-11 4.329240e-07 clkbuf_leaf_222_v_clk
 3.089453e-07 1.237876e-07 4.460781e-11 4.327776e-07 clkbuf_leaf_195_v_clk
 3.095755e-07 1.228439e-07 4.460781e-11 4.324640e-07 clkbuf_leaf_170_v_clk
 3.089659e-07 1.233249e-07 4.460781e-11 4.323354e-07 clkbuf_leaf_135_v_clk
 3.085908e-07 1.230323e-07 4.460781e-11 4.316676e-07 clkbuf_leaf_81_v_clk
 3.087384e-07 1.226566e-07 4.460781e-11 4.314395e-07 clkbuf_leaf_129_v_clk
 2.687940e-07 1.625726e-07 4.453743e-11 4.314112e-07 clkbuf_leaf_90_w_clk
 3.086853e-07 1.226187e-07 4.460781e-11 4.313486e-07 clkbuf_leaf_14_v_clk
 3.089594e-07 1.222953e-07 4.460781e-11 4.312994e-07 clkbuf_leaf_194_v_clk
 3.091058e-07 1.221211e-07 4.460781e-11 4.312715e-07 clkbuf_leaf_244_v_clk
 3.089577e-07 1.222294e-07 4.460781e-11 4.312317e-07 clkbuf_leaf_211_v_clk
 3.086662e-07 1.221504e-07 4.460781e-11 4.308613e-07 clkbuf_leaf_32_v_clk
 3.086710e-07 1.220921e-07 4.460781e-11 4.308078e-07 clkbuf_leaf_41_v_clk
 3.088914e-07 1.218121e-07 4.460781e-11 4.307481e-07 clkbuf_leaf_200_v_clk
 3.087248e-07 1.219485e-07 4.460781e-11 4.307178e-07 clkbuf_leaf_18_v_clk
 3.092537e-07 1.213082e-07 4.460781e-11 4.306065e-07 clkbuf_leaf_174_v_clk
 3.095016e-07 1.202091e-07 4.460781e-11 4.297552e-07 clkbuf_leaf_169_v_clk
 2.682233e-07 1.614067e-07 4.453743e-11 4.296745e-07 clkbuf_leaf_113_w_clk
 3.091237e-07 1.200380e-07 4.460781e-11 4.292064e-07 clkbuf_leaf_56_v_clk
 3.089775e-07 1.200223e-07 4.460781e-11 4.290444e-07 clkbuf_leaf_28_v_clk
 3.086294e-07 1.203429e-07 4.460781e-11 4.290169e-07 clkbuf_leaf_89_v_clk
 2.683721e-07 1.603216e-07 4.453743e-11 4.287383e-07 clkbuf_leaf_94_w_clk
 3.084830e-07 1.200169e-07 4.460781e-11 4.285446e-07 clkbuf_leaf_149_v_clk
 3.086829e-07 1.196724e-07 4.460781e-11 4.283999e-07 clkbuf_leaf_231_v_clk
 3.086529e-07 1.192953e-07 4.460781e-11 4.279928e-07 clkbuf_leaf_3_v_clk
 3.091712e-07 1.183177e-07 4.460781e-11 4.275335e-07 clkbuf_leaf_166_v_clk
 3.085295e-07 1.189594e-07 4.460781e-11 4.275334e-07 clkbuf_leaf_147_v_clk
 2.686724e-07 1.587601e-07 4.453743e-11 4.274771e-07 clkbuf_leaf_55_w_clk
 3.084542e-07 1.189443e-07 4.460781e-11 4.274432e-07 clkbuf_leaf_151_v_clk
 3.085185e-07 1.185503e-07 4.460781e-11 4.271134e-07 clkbuf_leaf_146_v_clk
 3.086043e-07 1.178884e-07 4.460781e-11 4.265373e-07 clkbuf_leaf_216_v_clk
 3.085874e-07 1.172659e-07 4.460781e-11 4.258980e-07 clkbuf_leaf_237_v_clk
 2.686206e-07 1.565335e-07 4.453743e-11 4.251987e-07 clkbuf_leaf_60_w_clk
 2.684047e-07 1.567127e-07 4.453743e-11 4.251619e-07 clkbuf_leaf_130_w_clk
 3.089992e-07 1.152462e-07 4.460781e-11 4.242901e-07 clkbuf_leaf_42_v_clk
 2.683172e-07 1.554060e-07 4.453743e-11 4.237678e-07 clkbuf_leaf_68_w_clk
 3.084780e-07 1.149473e-07 4.460781e-11 4.234699e-07 clkbuf_leaf_37_v_clk
 2.682423e-07 1.544657e-07 4.453743e-11 4.227525e-07 clkbuf_leaf_91_w_clk
 2.680736e-07 1.545183e-07 4.453743e-11 4.226365e-07 clkbuf_leaf_129_w_clk
 2.685484e-07 1.534199e-07 4.453743e-11 4.220128e-07 clkbuf_leaf_56_w_clk
 2.681016e-07 1.534630e-07 4.453743e-11 4.216091e-07 clkbuf_leaf_25_w_clk
 3.086745e-07 1.126642e-07 4.460781e-11 4.213834e-07 clkbuf_leaf_136_v_clk
 3.086103e-07 1.127243e-07 4.460781e-11 4.213792e-07 clkbuf_leaf_238_v_clk
 3.089961e-07 1.120166e-07 4.460781e-11 4.210573e-07 clkbuf_leaf_177_v_clk
 2.685574e-07 1.524270e-07 4.453743e-11 4.210289e-07 clkbuf_leaf_115_w_clk
 2.683598e-07 1.524919e-07 4.453743e-11 4.208963e-07 clkbuf_leaf_29_w_clk
 3.088136e-07 1.119284e-07 4.460781e-11 4.207866e-07 clkbuf_leaf_7_v_clk
 2.679821e-07 1.525034e-07 4.453743e-11 4.205301e-07 clkbuf_leaf_76_w_clk
 2.679696e-07 1.519471e-07 4.453743e-11 4.199613e-07 clkbuf_leaf_79_w_clk
 2.680528e-07 1.512186e-07 4.453743e-11 4.193159e-07 clkbuf_leaf_28_w_clk
 3.085448e-07 1.103232e-07 4.460781e-11 4.189126e-07 clkbuf_leaf_240_v_clk
 3.090013e-07 1.098045e-07 4.460781e-11 4.188504e-07 clkbuf_leaf_252_v_clk
 2.683141e-07 1.504801e-07 4.453743e-11 4.188388e-07 clkbuf_leaf_48_w_clk
 3.083406e-07 1.098653e-07 4.460781e-11 4.182506e-07 clkbuf_leaf_39_v_clk
 2.682990e-07 1.498137e-07 4.453743e-11 4.181572e-07 clkbuf_leaf_17_w_clk
 3.083707e-07 1.090797e-07 4.460781e-11 4.174949e-07 clkbuf_leaf_117_v_clk
 2.682765e-07 1.488231e-07 4.453743e-11 4.171442e-07 clkbuf_leaf_18_w_clk
 3.081959e-07 1.083501e-07 4.460781e-11 4.165906e-07 clkbuf_leaf_49_v_clk
 3.087841e-07 1.077391e-07 4.460781e-11 4.165678e-07 clkbuf_leaf_58_v_clk
 3.082258e-07 1.082380e-07 4.460781e-11 4.165084e-07 clkbuf_leaf_104_v_clk
 3.085283e-07 1.073141e-07 4.460781e-11 4.158870e-07 clkbuf_leaf_120_v_clk
 3.081626e-07 1.071154e-07 4.460781e-11 4.153226e-07 clkbuf_leaf_26_v_clk
 3.081261e-07 1.067315e-07 4.460781e-11 4.149022e-07 clkbuf_leaf_158_v_clk
 3.087244e-07 1.058588e-07 4.460781e-11 4.146278e-07 clkbuf_leaf_182_v_clk
 2.681126e-07 1.462638e-07 4.453743e-11 4.144209e-07 clkbuf_leaf_70_w_clk
 2.680536e-07 1.460212e-07 4.453743e-11 4.141193e-07 clkbuf_leaf_98_w_clk
 3.081728e-07 1.057268e-07 4.460781e-11 4.139441e-07 clkbuf_leaf_137_v_clk
 2.681016e-07 1.457735e-07 4.453743e-11 4.139196e-07 clkbuf_leaf_71_w_clk
 3.080963e-07 1.056227e-07 4.460781e-11 4.137636e-07 clkbuf_leaf_152_v_clk
 3.081137e-07 1.052945e-07 4.460781e-11 4.134528e-07 clkbuf_leaf_48_v_clk
 3.082858e-07 1.050251e-07 4.460781e-11 4.133555e-07 clkbuf_leaf_232_v_clk
 2.678237e-07 1.451641e-07 4.453743e-11 4.130323e-07 clkbuf_leaf_77_w_clk
 3.085318e-07 1.037835e-07 4.460781e-11 4.123599e-07 clkbuf_leaf_52_v_clk
 2.678076e-07 1.444392e-07 4.453743e-11 4.122913e-07 clkbuf_leaf_78_w_clk
 3.083952e-07 1.036315e-07 4.460781e-11 4.120714e-07 clkbuf_leaf_196_v_clk
 3.081124e-07 1.039090e-07 4.460781e-11 4.120659e-07 clkbuf_leaf_127_v_clk
 3.082148e-07 1.033251e-07 4.460781e-11 4.115845e-07 clkbuf_leaf_118_v_clk
 2.680718e-07 1.423195e-07 4.453743e-11 4.104358e-07 clkbuf_leaf_106_w_clk
 2.680241e-07 1.423226e-07 4.453743e-11 4.103913e-07 clkbuf_leaf_62_w_clk
 3.081944e-07 1.016525e-07 4.460781e-11 4.098914e-07 clkbuf_leaf_236_v_clk
 2.681131e-07 1.416342e-07 4.453743e-11 4.097919e-07 clkbuf_leaf_34_w_clk
 3.080378e-07 1.011427e-07 4.460781e-11 4.092252e-07 clkbuf_leaf_114_v_clk
 3.086763e-07 1.004850e-07 4.460781e-11 4.092059e-07 clkbuf_leaf_175_v_clk
 3.081460e-07 1.007864e-07 4.460781e-11 4.089770e-07 clkbuf_leaf_116_v_clk
 3.080275e-07 1.008754e-07 4.460781e-11 4.089474e-07 clkbuf_leaf_99_v_clk
 3.079662e-07 1.007829e-07 4.460781e-11 4.087937e-07 clkbuf_leaf_155_v_clk
 3.084202e-07 9.971746e-08 4.460781e-11 4.081822e-07 clkbuf_leaf_54_v_clk
 3.083215e-07 9.974767e-08 4.460781e-11 4.081138e-07 clkbuf_leaf_121_v_clk
 3.079668e-07 9.983570e-08 4.460781e-11 4.078471e-07 clkbuf_leaf_50_v_clk
 2.679680e-07 1.398168e-07 4.453743e-11 4.078293e-07 clkbuf_leaf_69_w_clk
 3.079175e-07 9.800056e-08 4.460781e-11 4.059626e-07 clkbuf_leaf_51_v_clk
 2.679583e-07 1.372903e-07 4.453743e-11 4.052931e-07 clkbuf_leaf_101_w_clk
 2.679099e-07 1.372117e-07 4.453743e-11 4.051661e-07 clkbuf_leaf_65_w_clk
 3.082502e-07 9.636766e-08 4.460781e-11 4.046625e-07 clkbuf_leaf_193_v_clk
 3.084525e-07 9.600672e-08 4.460781e-11 4.045038e-07 clkbuf_leaf_161_v_clk
 2.678125e-07 1.351428e-07 4.453743e-11 4.029998e-07 clkbuf_leaf_92_w_clk
 3.083282e-07 9.387270e-08 4.460781e-11 4.022455e-07 clkbuf_leaf_250_v_clk
 3.080821e-07 9.333943e-08 4.460781e-11 4.014661e-07 clkbuf_leaf_242_v_clk
 3.080710e-07 9.292987e-08 4.460781e-11 4.010454e-07 clkbuf_leaf_247_v_clk
 2.679131e-07 1.328324e-07 4.453743e-11 4.007900e-07 clkbuf_leaf_47_w_clk
 3.084138e-07 9.101809e-08 4.460781e-11 3.994765e-07 clkbuf_leaf_176_v_clk
 2.678145e-07 1.309072e-07 4.453743e-11 3.987662e-07 clkbuf_leaf_102_w_clk
 3.082973e-07 8.983919e-08 4.460781e-11 3.981811e-07 clkbuf_leaf_40_v_clk
 3.083696e-07 8.941094e-08 4.460781e-11 3.978252e-07 clkbuf_leaf_159_v_clk
 3.079593e-07 8.883299e-08 4.460781e-11 3.968368e-07 clkbuf_leaf_241_v_clk
 2.677802e-07 1.283303e-07 4.453743e-11 3.961551e-07 clkbuf_leaf_35_w_clk
 3.076456e-07 8.789507e-08 4.460781e-11 3.955853e-07 clkbuf_leaf_82_v_clk
 2.676155e-07 1.240751e-07 4.453743e-11 3.917351e-07 clkbuf_leaf_67_w_clk
 3.080964e-07 8.256647e-08 4.460781e-11 3.907074e-07 clkbuf_leaf_46_v_clk
 2.678639e-07 1.226792e-07 4.453743e-11 3.905876e-07 clkbuf_leaf_118_w_clk
 3.074477e-07 7.935515e-08 4.460781e-11 3.868475e-07 clkbuf_leaf_97_v_clk
 2.674604e-07 1.193309e-07 4.453743e-11 3.868358e-07 clkbuf_leaf_96_w_clk
 3.076845e-07 7.874611e-08 4.460781e-11 3.864752e-07 clkbuf_leaf_246_v_clk
 3.079535e-07 7.766300e-08 4.460781e-11 3.856611e-07 clkbuf_leaf_55_v_clk
 3.855219e-07 0.000000e+00 2.500131e-11 3.855469e-07 clkload28
 3.852525e-07 0.000000e+00 2.500131e-11 3.852775e-07 clkload25
 3.852508e-07 0.000000e+00 2.500131e-11 3.852758e-07 clkload26
 3.079363e-07 7.677376e-08 4.460781e-11 3.847547e-07 clkbuf_leaf_43_v_clk
 2.674057e-07 1.127750e-07 4.453743e-11 3.802253e-07 clkbuf_leaf_108_w_clk
 2.673928e-07 1.122042e-07 4.453743e-11 3.796416e-07 clkbuf_leaf_107_w_clk
 2.672698e-07 1.057656e-07 4.453743e-11 3.730799e-07 clkbuf_leaf_45_w_clk
 2.669906e-07 9.342927e-08 4.453743e-11 3.604644e-07 clkbuf_leaf_30_w_clk
 2.666685e-07 7.918577e-08 4.453743e-11 3.458988e-07 clkbuf_leaf_36_w_clk
 3.044272e-07 0.000000e+00 4.460781e-11 3.044718e-07 clkload133
 3.042816e-07 0.000000e+00 4.460781e-11 3.043262e-07 clkload152
 3.042405e-07 0.000000e+00 4.460781e-11 3.042851e-07 clkload149
 2.862116e-07 0.000000e+00 3.346088e-11 2.862451e-07 clkload9
 2.860578e-07 0.000000e+00 3.346088e-11 2.860913e-07 clkload15
 2.855357e-07 0.000000e+00 3.346088e-11 2.855691e-07 clkload8
 2.852011e-07 0.000000e+00 3.346088e-11 2.852346e-07 clkload7
 2.851055e-07 0.000000e+00 3.346088e-11 2.851390e-07 clkload12
 2.835316e-07 0.000000e+00 3.346088e-11 2.835651e-07 clkload2
 2.126317e-07 0.000000e+00 1.672429e-11 2.126485e-07 clkload27
 2.109388e-07 0.000000e+00 1.672429e-11 2.109555e-07 clkload18
 2.103105e-07 0.000000e+00 1.672429e-11 2.103272e-07 clkload33
 2.009624e-07 0.000000e+00 5.998974e-11 2.010224e-07 clkload35
 2.007566e-07 0.000000e+00 5.998974e-11 2.008166e-07 clkload45
 1.702059e-07 0.000000e+00 4.663675e-11 1.702525e-07 clkload130
 1.698161e-07 0.000000e+00 4.663675e-11 1.698627e-07 clkload139
 1.507829e-07 0.000000e+00 2.405709e-11 1.508070e-07 clkload217
 1.507799e-07 0.000000e+00 2.405709e-11 1.508039e-07 clkload231
 1.507748e-07 0.000000e+00 2.405709e-11 1.507989e-07 clkload180
 1.507716e-07 0.000000e+00 2.405709e-11 1.507957e-07 clkload297
 1.507633e-07 0.000000e+00 2.405709e-11 1.507874e-07 clkload218
 1.507427e-07 0.000000e+00 2.405709e-11 1.507667e-07 clkload230
 1.507408e-07 0.000000e+00 2.405709e-11 1.507648e-07 clkload177
 1.507406e-07 0.000000e+00 2.405709e-11 1.507646e-07 clkload272
 1.507388e-07 0.000000e+00 2.405709e-11 1.507628e-07 clkload215
 1.507351e-07 0.000000e+00 2.405709e-11 1.507592e-07 clkload280
 1.507256e-07 0.000000e+00 2.405709e-11 1.507497e-07 clkload178
 1.507248e-07 0.000000e+00 2.405709e-11 1.507489e-07 clkload160
 1.507158e-07 0.000000e+00 2.405709e-11 1.507399e-07 clkload249
 1.507087e-07 0.000000e+00 2.405709e-11 1.507328e-07 clkload228
 1.507044e-07 0.000000e+00 2.405709e-11 1.507284e-07 clkload336
 1.507033e-07 0.000000e+00 2.405709e-11 1.507273e-07 clkload279
 1.507025e-07 0.000000e+00 2.405709e-11 1.507266e-07 clkload227
 1.506993e-07 0.000000e+00 2.405709e-11 1.507233e-07 clkload315
 1.506992e-07 0.000000e+00 2.405709e-11 1.507233e-07 clkload298
 1.506859e-07 0.000000e+00 2.405709e-11 1.507100e-07 clkload184
 1.506831e-07 0.000000e+00 2.405709e-11 1.507071e-07 clkload313
 1.506830e-07 0.000000e+00 2.405709e-11 1.507071e-07 clkload318
 1.506793e-07 0.000000e+00 2.405709e-11 1.507034e-07 clkload316
 1.506785e-07 0.000000e+00 2.405709e-11 1.507026e-07 clkload233
 1.506781e-07 0.000000e+00 2.405709e-11 1.507022e-07 clkload224
 1.506740e-07 0.000000e+00 2.405709e-11 1.506981e-07 clkload226
 1.506722e-07 0.000000e+00 2.405709e-11 1.506963e-07 clkload327
 1.506645e-07 0.000000e+00 2.405709e-11 1.506886e-07 clkload281
 1.506641e-07 0.000000e+00 2.405709e-11 1.506882e-07 clkload164
 1.506447e-07 0.000000e+00 2.405709e-11 1.506688e-07 clkload193
 1.506434e-07 0.000000e+00 2.405709e-11 1.506674e-07 clkload274
 1.506302e-07 0.000000e+00 2.405709e-11 1.506543e-07 clkload263
 1.506293e-07 0.000000e+00 2.405709e-11 1.506533e-07 clkload276
 1.506291e-07 0.000000e+00 2.405709e-11 1.506532e-07 clkload171
 1.506284e-07 0.000000e+00 2.405709e-11 1.506525e-07 clkload207
 1.506282e-07 0.000000e+00 2.405709e-11 1.506522e-07 clkload213
 1.506236e-07 0.000000e+00 2.405709e-11 1.506476e-07 clkload260
 1.506218e-07 0.000000e+00 2.405709e-11 1.506459e-07 clkload190
 1.506173e-07 0.000000e+00 2.405709e-11 1.506413e-07 clkload175
 1.506143e-07 0.000000e+00 2.405709e-11 1.506383e-07 clkload182
 1.506059e-07 0.000000e+00 2.405709e-11 1.506300e-07 clkload338
 1.505982e-07 0.000000e+00 2.405709e-11 1.506222e-07 clkload288
 1.505909e-07 0.000000e+00 2.405709e-11 1.506150e-07 clkload332
 1.505840e-07 0.000000e+00 2.405709e-11 1.506080e-07 clkload302
 1.505698e-07 0.000000e+00 2.405709e-11 1.505939e-07 clkload330
 1.505674e-07 0.000000e+00 2.405709e-11 1.505915e-07 clkload203
 1.505660e-07 0.000000e+00 2.405709e-11 1.505901e-07 clkload201
 1.505646e-07 0.000000e+00 2.405709e-11 1.505887e-07 clkload295
 1.505623e-07 0.000000e+00 2.405709e-11 1.505864e-07 clkload265
 1.505601e-07 0.000000e+00 2.405709e-11 1.505841e-07 clkload211
 1.505513e-07 0.000000e+00 2.405709e-11 1.505753e-07 clkload322
 1.505406e-07 0.000000e+00 2.405709e-11 1.505646e-07 clkload186
 1.505365e-07 0.000000e+00 2.405709e-11 1.505605e-07 clkload309
 1.505329e-07 0.000000e+00 2.405709e-11 1.505570e-07 clkload241
 1.505254e-07 0.000000e+00 2.405709e-11 1.505494e-07 clkload290
 1.505210e-07 0.000000e+00 2.405709e-11 1.505451e-07 clkload239
 1.505157e-07 0.000000e+00 2.405709e-11 1.505398e-07 clkload285
 1.505146e-07 0.000000e+00 2.405709e-11 1.505387e-07 clkload199
 1.505092e-07 0.000000e+00 2.405709e-11 1.505333e-07 clkload323
 1.505005e-07 0.000000e+00 2.405709e-11 1.505246e-07 clkload192
 1.504931e-07 0.000000e+00 2.405709e-11 1.505171e-07 clkload247
 1.504708e-07 0.000000e+00 2.405709e-11 1.504948e-07 clkload257
 1.504638e-07 0.000000e+00 2.405709e-11 1.504879e-07 clkload240
 1.504303e-07 0.000000e+00 2.405709e-11 1.504544e-07 clkload289
 1.504148e-07 0.000000e+00 2.405709e-11 1.504389e-07 clkload242
 1.503897e-07 0.000000e+00 2.405709e-11 1.504137e-07 clkload284
 1.475943e-07 0.000000e+00 4.661141e-11 1.476410e-07 clkload42
 1.473508e-07 0.000000e+00 4.661141e-11 1.473974e-07 clkload44
 1.470952e-07 0.000000e+00 4.661141e-11 1.471418e-07 clkload48
 1.397881e-07 0.000000e+00 1.997134e-11 1.398081e-07 clkload29
 1.392255e-07 0.000000e+00 1.997134e-11 1.392454e-07 clkload14
 1.389931e-07 0.000000e+00 1.997134e-11 1.390131e-07 clkload21
 1.387293e-07 0.000000e+00 1.997134e-11 1.387493e-07 clkload22
 1.316375e-07 0.000000e+00 2.398081e-11 1.316615e-07 clkload99
 1.315908e-07 0.000000e+00 2.398081e-11 1.316148e-07 clkload98
 1.314499e-07 0.000000e+00 2.398081e-11 1.314739e-07 clkload81
 1.313870e-07 0.000000e+00 2.398081e-11 1.314110e-07 clkload80
 1.313834e-07 0.000000e+00 2.398081e-11 1.314074e-07 clkload120
 1.312644e-07 0.000000e+00 2.398081e-11 1.312883e-07 clkload53
 1.312539e-07 0.000000e+00 2.398081e-11 1.312779e-07 clkload117
 1.312497e-07 0.000000e+00 2.398081e-11 1.312737e-07 clkload54
 1.173330e-07 0.000000e+00 1.659850e-11 1.173496e-07 clkload5
 1.108475e-07 0.000000e+00 3.325176e-11 1.108808e-07 clkload131
 1.107496e-07 0.000000e+00 3.325176e-11 1.107828e-07 clkload142
 1.105060e-07 0.000000e+00 3.325176e-11 1.105393e-07 clkload150
 1.105023e-07 0.000000e+00 3.325176e-11 1.105356e-07 clkload136
 1.104442e-07 0.000000e+00 3.325176e-11 1.104774e-07 clkload151
 1.104182e-07 0.000000e+00 3.325176e-11 1.104515e-07 clkload140
 9.789267e-08 0.000000e+00 3.323487e-11 9.792591e-08 clkload101
 9.780319e-08 0.000000e+00 3.323487e-11 9.783643e-08 clkload90
 9.752757e-08 0.000000e+00 3.323487e-11 9.756080e-08 clkload85
 9.653073e-08 0.000000e+00 3.323487e-11 9.656397e-08 clkload39
 9.647968e-08 0.000000e+00 3.323487e-11 9.651291e-08 clkload43
 9.641510e-08 0.000000e+00 3.323487e-11 9.644833e-08 clkload46
 9.630907e-08 0.000000e+00 3.323487e-11 9.634230e-08 clkload49
 8.327351e-08 0.000000e+00 1.683109e-11 8.329034e-08 clkload271
 8.324729e-08 0.000000e+00 1.683109e-11 8.326413e-08 clkload225
 8.323976e-08 0.000000e+00 1.683109e-11 8.325659e-08 clkload299
 8.323525e-08 0.000000e+00 1.683109e-11 8.325208e-08 clkload176
 8.322353e-08 0.000000e+00 1.683109e-11 8.324037e-08 clkload216
 8.321181e-08 0.000000e+00 1.683109e-11 8.322864e-08 clkload312
 8.321105e-08 0.000000e+00 1.683109e-11 8.322788e-08 clkload232
 8.320805e-08 0.000000e+00 1.683109e-11 8.322488e-08 clkload278
 8.320445e-08 0.000000e+00 1.683109e-11 8.322129e-08 clkload250
 8.320129e-08 0.000000e+00 1.683109e-11 8.321813e-08 clkload229
 8.320116e-08 0.000000e+00 1.683109e-11 8.321799e-08 clkload273
 8.320060e-08 0.000000e+00 1.683109e-11 8.321744e-08 clkload161
 8.318961e-08 0.000000e+00 1.683109e-11 8.320644e-08 clkload159
 8.317612e-08 0.000000e+00 1.683109e-11 8.319295e-08 clkload170
 8.317326e-08 0.000000e+00 1.683109e-11 8.319009e-08 clkload319
 8.317214e-08 0.000000e+00 1.683109e-11 8.318897e-08 clkload329
 8.316691e-08 0.000000e+00 1.683109e-11 8.318374e-08 clkload311
 8.316581e-08 0.000000e+00 1.683109e-11 8.318264e-08 clkload172
 8.316439e-08 0.000000e+00 1.683109e-11 8.318123e-08 clkload337
 8.316392e-08 0.000000e+00 1.683109e-11 8.318075e-08 clkload179
 8.316027e-08 0.000000e+00 1.683109e-11 8.317711e-08 clkload300
 8.315369e-08 0.000000e+00 1.683109e-11 8.317053e-08 clkload296
 8.315122e-08 0.000000e+00 1.683109e-11 8.316805e-08 clkload214
 8.315079e-08 0.000000e+00 1.683109e-11 8.316763e-08 clkload208
 8.314904e-08 0.000000e+00 1.683109e-11 8.316587e-08 clkload277
 8.314866e-08 0.000000e+00 1.683109e-11 8.316550e-08 clkload181
 8.314754e-08 0.000000e+00 1.683109e-11 8.316437e-08 clkload333
 8.314477e-08 0.000000e+00 1.683109e-11 8.316160e-08 clkload305
 8.314401e-08 0.000000e+00 1.683109e-11 8.316084e-08 clkload314
 8.314243e-08 0.000000e+00 1.683109e-11 8.315926e-08 clkload310
 8.313039e-08 0.000000e+00 1.683109e-11 8.314722e-08 clkload167
 8.312905e-08 0.000000e+00 1.683109e-11 8.314588e-08 clkload303
 8.312877e-08 0.000000e+00 1.683109e-11 8.314560e-08 clkload237
 8.311901e-08 0.000000e+00 1.683109e-11 8.313584e-08 clkload264
 8.311746e-08 0.000000e+00 1.683109e-11 8.313429e-08 clkload168
 8.311544e-08 0.000000e+00 1.683109e-11 8.313227e-08 clkload219
 8.311174e-08 0.000000e+00 1.683109e-11 8.312857e-08 clkload165
 8.310872e-08 0.000000e+00 1.683109e-11 8.312556e-08 clkload304
 8.310700e-08 0.000000e+00 1.683109e-11 8.312383e-08 clkload334
 8.310310e-08 0.000000e+00 1.683109e-11 8.311993e-08 clkload210
 8.309551e-08 0.000000e+00 1.683109e-11 8.311234e-08 clkload248
 8.309028e-08 0.000000e+00 1.683109e-11 8.310712e-08 clkload173
 8.308845e-08 0.000000e+00 1.683109e-11 8.310528e-08 clkload291
 8.308786e-08 0.000000e+00 1.683109e-11 8.310469e-08 clkload200
 8.308481e-08 0.000000e+00 1.683109e-11 8.310164e-08 clkload251
 8.307961e-08 0.000000e+00 1.683109e-11 8.309644e-08 clkload321
 8.307729e-08 0.000000e+00 1.683109e-11 8.309412e-08 clkload191
 8.306345e-08 0.000000e+00 1.683109e-11 8.308028e-08 clkload317
 8.305331e-08 0.000000e+00 1.683109e-11 8.307014e-08 clkload163
 8.302545e-08 0.000000e+00 1.683109e-11 8.304228e-08 clkload245
 8.302067e-08 0.000000e+00 1.683109e-11 8.303750e-08 clkload162
 8.300523e-08 0.000000e+00 1.683109e-11 8.302206e-08 clkload166
 8.256323e-08 0.000000e+00 1.683109e-11 8.258007e-08 clkload134
 7.261993e-08 0.000000e+00 1.683971e-11 7.263677e-08 clkload83
 7.256480e-08 0.000000e+00 1.683971e-11 7.258164e-08 clkload75
 7.255274e-08 0.000000e+00 1.683971e-11 7.256958e-08 clkload84
 7.251727e-08 0.000000e+00 1.683971e-11 7.253411e-08 clkload82
 7.249838e-08 0.000000e+00 1.683971e-11 7.251522e-08 clkload95
 7.245526e-08 0.000000e+00 1.683971e-11 7.247210e-08 clkload66
 7.245474e-08 0.000000e+00 1.683971e-11 7.247158e-08 clkload119
 7.244090e-08 0.000000e+00 1.683971e-11 7.245774e-08 clkload70
 7.243411e-08 0.000000e+00 1.683971e-11 7.245095e-08 clkload68
 7.241127e-08 0.000000e+00 1.683971e-11 7.242811e-08 clkload62
 7.237873e-08 0.000000e+00 1.683971e-11 7.239557e-08 clkload116
 5.401823e-08 0.000000e+00 1.986678e-11 5.403810e-08 clkload144
 5.397811e-08 0.000000e+00 1.986678e-11 5.399798e-08 clkload143
 3.871771e-08 1.282109e-08 2.388469e-11 5.156268e-08 output16
 4.850577e-08 0.000000e+00 1.985834e-11 4.852563e-08 clkload125
 4.831195e-08 0.000000e+00 1.985834e-11 4.833181e-08 clkload124
 4.817846e-08 0.000000e+00 1.985834e-11 4.819832e-08 clkload128
 4.804244e-08 0.000000e+00 1.985834e-11 4.806230e-08 clkload109
 4.795162e-08 0.000000e+00 1.985834e-11 4.797148e-08 clkload69
 4.780608e-08 0.000000e+00 1.985834e-11 4.782594e-08 clkload59
 4.776685e-08 0.000000e+00 1.985834e-11 4.778671e-08 clkload51
 4.775099e-08 0.000000e+00 1.985834e-11 4.777085e-08 clkload65
 4.773372e-08 0.000000e+00 1.985834e-11 4.775358e-08 clkload88
 4.764491e-08 0.000000e+00 1.985834e-11 4.766477e-08 clkload104
 4.759036e-08 0.000000e+00 1.652009e-11 4.760688e-08 clkload156
 4.751525e-08 0.000000e+00 1.985834e-11 4.753511e-08 clkload107
 3.054325e-08 1.146678e-08 2.579342e-11 4.203582e-08 output14
 1.117324e-08 4.274392e-09 2.654861e-11 1.547419e-08 output13
 8.238819e-18 7.581826e-17 4.698517e-11 4.698525e-11 fanout1052
 6.580441e-16 4.705475e-15 4.696786e-11 4.697322e-11 fanout166
 1.837439e-15 5.842508e-15 4.695491e-11 4.696259e-11 fanout160
 9.186639e-16 3.605378e-15 4.695744e-11 4.696197e-11 fanout260
 1.462559e-15 7.925518e-15 4.693886e-11 4.694825e-11 fanout203
 1.858710e-15 1.586523e-14 4.692197e-11 4.693970e-11 fanout182
 1.675193e-15 6.606351e-15 4.692451e-11 4.693279e-11 max_cap212
 1.989758e-15 8.492949e-15 4.691606e-11 4.692654e-11 fanout183
 2.132671e-15 9.632380e-15 4.690029e-11 4.691206e-11 fanout216
 2.676072e-15 1.455418e-14 4.689269e-11 4.690992e-11 fanout198
 4.076682e-15 1.250172e-14 4.688875e-11 4.690533e-11 fanout161
 2.644483e-15 9.739137e-15 4.689269e-11 4.690508e-11 fanout199
 3.595575e-15 2.147037e-14 4.685835e-11 4.688341e-11 fanout201
 3.693656e-15 1.443713e-14 4.684174e-11 4.685987e-11 fanout186
 5.153481e-15 2.353679e-14 4.678797e-11 4.681666e-11 fanout268
 1.441670e-14 5.211405e-14 4.673829e-11 4.680482e-11 fanout188
 5.567884e-15 3.052354e-14 4.675869e-11 4.679479e-11 fanout247
 5.964076e-15 1.921331e-14 4.674547e-11 4.677064e-11 fanout214
 6.637977e-15 2.837323e-14 4.671337e-11 4.674838e-11 max_cap362
 5.041030e-15 2.104757e-14 4.667058e-11 4.669667e-11 fanout287
 6.169248e-15 2.591335e-14 4.665256e-11 4.668465e-11 fanout690
 9.224422e-15 8.720082e-14 4.656248e-11 4.665891e-11 max_cap369
 8.276799e-15 3.690608e-14 4.656670e-11 4.661188e-11 fanout283
 1.001549e-14 5.596200e-14 4.652335e-11 4.658933e-11 fanout687
 9.929593e-15 3.875118e-14 4.653602e-11 4.658470e-11 fanout349
 9.944017e-15 4.003906e-14 4.652335e-11 4.657334e-11 fanout686
 1.021581e-14 4.572959e-14 4.649323e-11 4.654917e-11 fanout353
 5.924129e-15 2.225323e-14 4.651491e-11 4.654309e-11 fanout317
 1.006565e-14 4.934974e-14 4.639160e-11 4.645102e-11 fanout355
 1.129062e-14 5.422245e-14 4.637246e-11 4.643797e-11 fanout663
 9.994574e-15 4.571847e-14 4.632460e-11 4.638032e-11 fanout300
 1.272550e-14 4.997757e-14 4.627985e-11 4.634255e-11 fanout197
 1.245596e-14 6.500371e-14 4.622889e-11 4.630635e-11 fanout785
 1.256492e-14 5.121868e-14 4.622889e-11 4.629267e-11 max_cap788
 1.235986e-14 4.647788e-14 4.622889e-11 4.628773e-11 fanout784
 1.237788e-14 4.391079e-14 4.622889e-11 4.628518e-11 fanout786
 1.305396e-14 5.114384e-14 4.609545e-11 4.615965e-11 fanout780
 1.438664e-14 6.286710e-14 4.606899e-11 4.614625e-11 fanout781
 1.439518e-14 5.026391e-14 4.606899e-11 4.613365e-11 max_cap783
 1.145805e-14 4.294245e-14 4.605379e-11 4.610819e-11 fanout791
 1.140206e-14 3.409191e-14 4.605379e-11 4.609929e-11 fanout793
 1.387231e-14 5.169629e-14 4.593893e-11 4.600450e-11 max_cap777
 1.385741e-14 4.949808e-14 4.593893e-11 4.600229e-11 fanout775
 7.902246e-15 2.493033e-14 4.584857e-11 4.588140e-11 fanout112
 7.703440e-15 5.030032e-14 4.581028e-11 4.586828e-11 fanout960
 1.009720e-14 5.646113e-14 4.569317e-11 4.575973e-11 fanout288
 1.241853e-14 5.035494e-14 4.566193e-11 4.572470e-11 max_cap670
 1.246595e-14 5.562679e-14 4.564110e-11 4.570919e-11 fanout671
 1.154878e-14 5.344090e-14 4.563012e-11 4.569511e-11 fanout684
 1.144679e-14 4.099780e-14 4.563012e-11 4.568256e-11 fanout682
 1.237760e-14 5.202205e-14 4.557184e-11 4.563624e-11 fanout685
 1.176060e-14 4.673246e-14 4.548992e-11 4.554842e-11 fanout798
 1.172590e-14 4.568642e-14 4.548992e-11 4.554734e-11 fanout800
 1.261459e-14 6.133879e-14 4.546993e-11 4.554389e-11 max_cap348
 1.181516e-14 6.624332e-14 4.541166e-11 4.548972e-11 wire345
 1.100165e-14 7.087842e-14 4.538802e-11 4.546990e-11 fanout341
 1.262643e-14 5.595297e-14 4.540069e-11 4.546927e-11 max_cap338
 1.218238e-14 4.358024e-14 4.537986e-11 4.543562e-11 fanout319
 1.009503e-14 3.685984e-14 4.534861e-11 4.539556e-11 max_cap210
 5.577282e-14 2.983380e-13 4.501811e-11 4.537222e-11 fanout811
 7.749554e-15 6.032117e-14 4.523150e-11 4.529957e-11 fanout805
 7.540430e-15 2.992459e-14 4.523150e-11 4.526896e-11 fanout804
 8.128658e-15 6.126307e-14 4.519321e-11 4.526260e-11 max_cap146
 8.056217e-15 5.886573e-14 4.519321e-11 4.526013e-11 fanout147
 1.381541e-14 5.876567e-14 4.510285e-11 4.517543e-11 max_cap1024
 1.363072e-14 5.849672e-14 4.510285e-11 4.517497e-11 fanout1025
 1.438273e-14 7.008141e-14 4.497279e-11 4.505725e-11 fanout1015
 1.439878e-14 5.777279e-14 4.497279e-11 4.504496e-11 fanout1017
 1.141602e-14 3.583282e-14 4.498799e-11 4.503524e-11 fanout998
 1.138737e-14 3.310484e-14 4.498799e-11 4.503248e-11 fanout986
 1.313868e-14 5.881593e-14 4.494632e-11 4.501828e-11 fanout1021
 1.404861e-14 6.696830e-14 4.493365e-11 4.501467e-11 fanout266
 1.403141e-14 4.498879e-14 4.491564e-11 4.497466e-11 fanout259
 7.052546e-15 2.533007e-14 4.487286e-11 4.490524e-11 fanout676
 7.081207e-15 2.513465e-14 4.487286e-11 4.490507e-11 fanout678
 9.938166e-15 6.209298e-14 4.482415e-11 4.489618e-11 fanout336
 1.258506e-14 4.728354e-14 4.481289e-11 4.487275e-11 max_cap1009
 1.249880e-14 4.611078e-14 4.481289e-11 4.487150e-11 max_cap1003
 9.777086e-15 3.638360e-14 4.482415e-11 4.487031e-11 fanout335
 1.239209e-14 4.359998e-14 4.481289e-11 4.486888e-11 fanout1001
 1.230198e-14 4.281714e-14 4.481289e-11 4.486801e-11 fanout1010
 1.226371e-14 3.808737e-14 4.481289e-11 4.486324e-11 fanout1004
 1.233406e-14 3.641328e-14 4.481289e-11 4.486163e-11 fanout1006
 9.953234e-15 3.871901e-14 4.471717e-11 4.476585e-11 fanout667
 1.015584e-14 6.043085e-14 4.465017e-11 4.472076e-11 fanout357
 6.431114e-15 2.667978e-14 4.466848e-11 4.470159e-11 fanout330
 6.407967e-15 2.201499e-14 4.466848e-11 4.469690e-11 fanout326
 1.017509e-14 1.009278e-13 4.450576e-11 4.461686e-11 fanout351
 9.967127e-15 4.080841e-14 4.451843e-11 4.456921e-11 fanout359
 5.920673e-15 2.122330e-14 4.452687e-11 4.455402e-11 fanout245
 8.979958e-15 3.798738e-14 4.447930e-11 4.452626e-11 fanout370
 8.339070e-15 4.107066e-14 4.447507e-11 4.452448e-11 fanout285
 8.323357e-15 3.903565e-14 4.447507e-11 4.452243e-11 fanout284
 6.290726e-15 4.753611e-14 4.438921e-11 4.444304e-11 fanout365
 5.175094e-15 1.933504e-14 4.441005e-11 4.443456e-11 fanout380
 5.142050e-15 2.051676e-14 4.439737e-11 4.442303e-11 fanout217
 5.139571e-15 2.019171e-14 4.439737e-11 4.442271e-11 fanout218
 6.124608e-15 2.096305e-14 4.438921e-11 4.441630e-11 fanout363
 5.024797e-15 1.723120e-14 4.437120e-11 4.439346e-11 fanout204
 4.247201e-15 1.496970e-14 4.434868e-11 4.436789e-11 fanout250
 5.901658e-15 2.426770e-14 4.428252e-11 4.431269e-11 fanout281
 3.465724e-15 1.565613e-14 4.421524e-11 4.423436e-11 fanout293
 3.369645e-15 1.308902e-14 4.421524e-11 4.423170e-11 fanout291
 3.358148e-15 1.168191e-14 4.421524e-11 4.423028e-11 fanout289
 4.101388e-15 1.351851e-14 4.415303e-11 4.417065e-11 fanout162
 2.309857e-15 1.568332e-14 4.413698e-11 4.415497e-11 fanout178
 1.391478e-15 1.517501e-14 4.410292e-11 4.411948e-11 fanout167
 1.825936e-15 5.321784e-15 4.408687e-11 4.409402e-11 fanout159
 9.946572e-16 4.914282e-15 4.408687e-11 4.409278e-11 fanout265
 8.574706e-16 4.175337e-15 4.408153e-11 4.408656e-11 fanout168
 2.047317e-18 1.533035e-17 2.663954e-11 2.663956e-11 max_cap74
 2.048661e-18 1.599704e-17 2.663954e-11 2.663956e-11 max_cap79
 2.593858e-17 1.499504e-16 2.663436e-11 2.663453e-11 max_cap68
 4.309238e-18 9.117798e-17 2.663390e-11 2.663400e-11 fanout1048
 6.077971e-18 3.762097e-17 2.663192e-11 2.663196e-11 fanout917
 6.045432e-18 2.383144e-17 2.663192e-11 2.663194e-11 fanout912
 1.142247e-16 9.124596e-16 2.663039e-11 2.663142e-11 fanout140
 1.385317e-17 4.354302e-17 2.663008e-11 2.663014e-11 fanout639
 6.082839e-18 2.015430e-17 2.662795e-11 2.662797e-11 fanout645
 3.010968e-17 8.539668e-17 2.661971e-11 2.661983e-11 fanout659
 8.437336e-16 8.154824e-15 2.660781e-11 2.661681e-11 fanout121
 1.432656e-15 2.770911e-14 2.658340e-11 2.661254e-11 fanout273
 9.553733e-16 7.471014e-15 2.660049e-11 2.660891e-11 fanout118
 4.547059e-16 2.451534e-15 2.660384e-11 2.660675e-11 fanout261
 1.065314e-15 1.055029e-14 2.659347e-11 2.660508e-11 fanout172
 9.535915e-17 2.898696e-16 2.660171e-11 2.660209e-11 fanout638
 1.545240e-16 1.060235e-15 2.659866e-11 2.659987e-11 wire71
 1.332676e-15 9.597875e-15 2.657730e-11 2.658823e-11 fanout83
 5.424227e-17 2.433375e-16 2.658767e-11 2.658797e-11 fanout634
 6.285841e-17 1.932875e-16 2.658401e-11 2.658427e-11 fanout660
 1.607464e-15 6.014266e-15 2.656234e-11 2.656997e-11 fanout82
 5.425379e-17 1.492923e-16 2.656174e-11 2.656194e-11 fanout633
 1.758823e-15 7.270819e-15 2.654892e-11 2.655795e-11 fanout278
 1.830710e-15 1.097462e-14 2.654465e-11 2.655745e-11 fanout154
 6.689584e-17 1.923650e-16 2.654221e-11 2.654246e-11 fanout652
 7.103293e-17 2.188884e-16 2.653549e-11 2.653578e-11 fanout653
 2.360782e-15 2.539546e-14 2.649491e-11 2.652267e-11 fanout136
 3.998963e-15 2.911013e-14 2.648744e-11 2.652055e-11 fanout107
 4.083183e-15 2.540827e-14 2.648698e-11 2.651647e-11 fanout457
 2.374778e-15 1.796567e-14 2.649491e-11 2.651525e-11 fanout135
 3.989969e-15 2.412979e-14 2.648698e-11 2.651510e-11 fanout476
 4.041942e-15 2.079167e-14 2.648698e-11 2.651182e-11 fanout459
 4.003406e-15 2.033444e-14 2.648698e-11 2.651132e-11 fanout443
 4.039571e-15 2.009190e-14 2.648698e-11 2.651111e-11 fanout441
 3.970395e-15 1.978284e-14 2.648698e-11 2.651073e-11 fanout455
 3.990696e-15 1.898892e-14 2.648698e-11 2.650996e-11 fanout439
 3.978720e-15 1.841112e-14 2.648698e-11 2.650937e-11 fanout462
 4.028725e-15 1.791810e-14 2.648698e-11 2.650893e-11 fanout451
 4.049958e-15 1.682327e-14 2.648698e-11 2.650785e-11 fanout445
 3.955864e-15 1.656126e-14 2.648698e-11 2.650750e-11 fanout456
 3.973707e-15 1.650395e-14 2.648698e-11 2.650746e-11 fanout438
 4.058988e-15 1.621779e-14 2.648698e-11 2.650726e-11 fanout448
 4.023498e-15 1.593878e-14 2.648698e-11 2.650694e-11 fanout428
 4.024173e-15 1.581231e-14 2.648698e-11 2.650682e-11 fanout467
 3.951805e-15 1.570337e-14 2.648698e-11 2.650664e-11 fanout426
 3.951814e-15 1.548892e-14 2.648698e-11 2.650642e-11 fanout424
 4.030277e-15 1.506546e-14 2.648698e-11 2.650608e-11 fanout436
 4.044562e-15 1.452775e-14 2.648698e-11 2.650555e-11 fanout435
 4.001548e-15 1.443884e-14 2.648698e-11 2.650542e-11 fanout450
 4.021716e-15 1.427360e-14 2.648698e-11 2.650528e-11 fanout420
 4.036384e-15 1.407451e-14 2.648698e-11 2.650509e-11 fanout468
 4.037916e-15 1.402654e-14 2.648698e-11 2.650504e-11 fanout465
 4.009710e-15 1.382027e-14 2.648698e-11 2.650481e-11 fanout473
 4.011082e-15 1.358351e-14 2.648698e-11 2.650458e-11 fanout460
 4.932638e-15 8.091352e-14 2.634235e-11 2.642820e-11 fanout106
 3.178441e-15 2.169020e-14 2.627339e-11 2.629826e-11 fanout691
 2.554874e-15 1.956504e-14 2.626454e-11 2.628666e-11 fanout299
 2.248294e-16 6.039842e-16 2.619497e-11 2.619580e-11 fanout637
 2.921564e-14 5.643669e-13 2.558609e-11 2.617967e-11 fanout740
 4.905693e-15 2.304963e-14 2.614707e-11 2.617502e-11 fanout350
 2.894773e-16 8.911416e-16 2.617300e-11 2.617418e-11 fanout636
 1.675646e-14 8.890454e-14 2.601845e-11 2.612411e-11 fanout233
 1.627073e-14 8.901254e-14 2.601845e-11 2.612374e-11 fanout232
 1.651519e-14 8.055483e-14 2.601845e-11 2.611552e-11 fanout231
 3.623174e-16 1.085432e-15 2.606285e-11 2.606430e-11 fanout655
 7.763828e-15 5.410172e-15 2.599938e-11 2.601255e-11 output12
 3.173308e-15 2.099247e-14 2.597070e-11 2.599487e-11 fanout324
 3.181452e-15 1.959461e-14 2.597070e-11 2.599348e-11 fanout323
 3.175753e-15 1.819302e-14 2.597070e-11 2.599207e-11 fanout321
 1.387451e-16 2.225060e-17 2.598687e-11 2.598704e-11 output18
 6.006354e-17 2.440035e-17 2.591517e-11 2.591525e-11 output22
 6.049788e-17 2.193993e-17 2.591517e-11 2.591525e-11 output25
 6.382867e-17 1.535440e-17 2.591517e-11 2.591525e-11 output21
 6.054437e-17 1.874337e-17 2.591517e-11 2.591525e-11 output26
 6.774493e-17 1.220198e-17 2.591517e-11 2.591525e-11 output31
 5.992689e-17 1.774645e-17 2.591517e-11 2.591525e-11 output24
 5.970291e-17 1.621851e-17 2.591517e-11 2.591524e-11 output27
 6.000028e-17 1.298791e-17 2.591517e-11 2.591524e-11 output19
 6.468922e-17 6.357835e-18 2.591517e-11 2.591524e-11 output23
 5.965456e-17 1.095330e-17 2.591517e-11 2.591524e-11 output29
 5.961655e-17 1.127580e-17 2.591517e-11 2.591524e-11 output30
 5.974045e-17 7.164119e-18 2.591517e-11 2.591524e-11 output20
 6.050880e-17 5.602223e-18 2.591517e-11 2.591523e-11 output32
 3.663974e-16 1.062533e-15 2.586574e-11 2.586717e-11 fanout635
 2.814211e-14 2.289065e-13 2.558609e-11 2.584313e-11 fanout734
 1.910306e-16 3.576052e-17 2.582698e-11 2.582721e-11 output40
 2.808551e-14 1.869627e-13 2.559173e-11 2.580678e-11 fanout809
 2.749803e-14 1.705655e-13 2.559219e-11 2.579025e-11 fanout704
 2.749143e-14 1.751985e-13 2.558609e-11 2.578878e-11 fanout726
 2.734892e-14 1.718692e-13 2.558609e-11 2.578530e-11 fanout739
 2.742453e-14 1.659537e-13 2.558609e-11 2.577947e-11 fanout754
 2.775979e-14 1.592675e-13 2.559219e-11 2.577922e-11 fanout705
 2.772632e-14 1.530261e-13 2.559219e-11 2.577294e-11 fanout710
 2.735306e-14 1.486880e-13 2.558609e-11 2.576213e-11 fanout769
 2.778947e-14 1.408070e-13 2.558609e-11 2.575468e-11 fanout763
 2.731448e-14 1.350447e-13 2.559219e-11 2.575455e-11 fanout706
 2.770823e-14 1.331380e-13 2.559219e-11 2.575304e-11 fanout697
 2.776301e-14 1.341622e-13 2.558609e-11 2.574801e-11 fanout712
 2.767944e-14 1.250978e-13 2.559173e-11 2.574451e-11 fanout808
 2.764840e-14 1.207844e-13 2.559173e-11 2.574016e-11 fanout807
 2.768665e-14 1.236205e-13 2.558609e-11 2.573739e-11 fanout773
 2.771275e-14 1.231447e-13 2.558609e-11 2.573694e-11 fanout738
 2.722287e-16 8.758526e-16 2.573575e-11 2.573690e-11 fanout632
 2.765230e-14 1.076849e-13 2.559219e-11 2.572753e-11 fanout709
 2.758370e-14 1.073563e-13 2.559219e-11 2.572713e-11 fanout700
 2.749222e-14 8.705187e-14 2.559219e-11 2.570673e-11 fanout694
 5.743445e-15 5.638131e-14 2.562438e-11 2.568651e-11 fanout797
 5.679980e-15 2.256024e-14 2.562438e-11 2.565262e-11 fanout795
 7.054838e-16 2.150916e-15 2.556885e-11 2.557171e-11 fanout654
 3.982862e-15 2.497738e-14 2.540194e-11 2.543090e-11 fanout117
 3.925139e-15 2.268611e-14 2.540194e-11 2.542855e-11 fanout111
 6.157518e-15 2.280046e-14 2.529789e-11 2.532685e-11 fanout559
 3.006807e-14 6.225040e-13 2.450181e-11 2.515439e-11 fanout401
 1.729096e-15 2.284117e-16 2.512946e-11 2.513142e-11 output57
 2.091607e-15 2.799668e-16 2.512458e-11 2.512695e-11 output52
 5.932598e-15 3.812711e-14 2.508034e-11 2.512440e-11 fanout968
 6.039091e-15 3.755556e-14 2.508034e-11 2.512393e-11 fanout978
 9.979907e-16 9.646937e-17 2.512092e-11 2.512201e-11 output62
 5.813427e-15 3.313272e-14 2.508034e-11 2.511928e-11 fanout975
 6.062341e-15 9.785858e-14 2.501321e-11 2.511713e-11 fanout799
 5.773305e-15 2.562719e-14 2.508034e-11 2.511174e-11 fanout972
 5.771199e-15 2.505864e-14 2.508034e-11 2.511117e-11 fanout963
 5.767132e-15 2.483395e-14 2.508034e-11 2.511094e-11 fanout976
 5.776885e-15 2.450370e-14 2.508034e-11 2.511062e-11 fanout974
 5.737420e-15 2.102693e-14 2.508034e-11 2.510710e-11 fanout977
 5.871245e-15 1.966486e-14 2.508034e-11 2.510587e-11 fanout973
 2.538403e-15 2.640318e-16 2.508430e-11 2.508710e-11 output17
 1.855068e-15 1.983888e-16 2.508064e-11 2.508270e-11 output28
 6.589810e-16 3.450446e-17 2.507973e-11 2.508042e-11 output39
 1.671991e-15 3.682325e-16 2.507484e-11 2.507688e-11 output60
 5.982832e-15 1.826483e-14 2.503182e-11 2.505607e-11 fanout598
 5.797165e-15 3.450212e-14 2.501321e-11 2.505351e-11 fanout803
 1.503051e-15 2.401384e-16 2.505166e-11 2.505340e-11 output36
 1.530807e-15 8.255799e-17 2.504830e-11 2.504991e-11 output59
 1.431718e-15 1.447853e-16 2.503945e-11 2.504103e-11 output38
 1.824776e-15 1.200154e-16 2.503884e-11 2.504078e-11 output35
 1.447564e-15 8.079152e-17 2.502725e-11 2.502877e-11 output37
 6.201711e-15 2.270422e-14 2.499307e-11 2.502197e-11 fanout588
 1.892780e-15 1.855784e-16 2.501687e-11 2.501895e-11 output33
 1.658248e-15 3.600917e-16 2.501382e-11 2.501583e-11 output34
 5.752683e-15 2.333767e-14 2.497568e-11 2.500477e-11 fanout612
 6.303982e-15 2.194927e-14 2.497110e-11 2.499936e-11 fanout599
 6.046989e-15 2.208797e-14 2.496103e-11 2.498917e-11 fanout566
 1.202243e-15 1.376348e-16 2.498697e-11 2.498831e-11 output61
 5.365180e-15 1.780330e-14 2.495767e-11 2.498084e-11 fanout565
 5.420731e-15 1.700747e-14 2.495249e-11 2.497492e-11 fanout564
 5.519765e-15 2.015196e-14 2.494150e-11 2.496718e-11 fanout563
 5.273404e-15 2.006528e-14 2.493937e-11 2.496471e-11 fanout609
 5.342435e-15 1.678986e-14 2.494059e-11 2.496272e-11 fanout552
 5.789078e-15 1.817104e-14 2.493387e-11 2.495783e-11 fanout582
 5.245123e-15 1.301270e-14 2.493265e-11 2.495091e-11 fanout613
 5.143903e-15 1.658425e-14 2.492777e-11 2.494950e-11 fanout573
 1.617960e-15 1.968706e-16 2.494700e-11 2.494881e-11 output58
 5.742398e-15 2.022739e-14 2.491923e-11 2.494520e-11 fanout575
 5.533219e-15 1.696181e-14 2.492106e-11 2.494355e-11 fanout579
 5.525933e-15 2.273713e-14 2.490550e-11 2.493376e-11 fanout554
 2.500259e-15 4.042158e-16 2.492136e-11 2.492427e-11 output41
 5.704835e-15 1.703485e-14 2.489604e-11 2.491878e-11 fanout597
 5.533848e-15 1.765219e-14 2.489512e-11 2.491831e-11 fanout601
 5.429295e-15 1.667283e-14 2.488597e-11 2.490807e-11 fanout611
 5.133117e-15 1.715142e-14 2.487468e-11 2.489696e-11 fanout585
 5.267492e-15 1.623484e-14 2.486583e-11 2.488734e-11 fanout572
 5.273888e-15 1.456824e-14 2.486431e-11 2.488415e-11 fanout605
 4.687803e-15 1.516302e-14 2.486278e-11 2.488263e-11 fanout562
 5.027996e-15 1.528214e-14 2.484691e-11 2.486722e-11 fanout553
 5.175650e-15 1.566445e-14 2.483532e-11 2.485616e-11 fanout561
 5.256305e-15 1.520077e-14 2.483440e-11 2.485486e-11 fanout581
 5.020709e-15 1.312666e-14 2.482616e-11 2.484431e-11 fanout557
 4.678553e-15 1.512319e-14 2.482403e-11 2.484383e-11 fanout558
 5.005038e-15 1.689802e-14 2.482128e-11 2.484319e-11 fanout560
 5.026152e-15 1.897272e-14 2.481121e-11 2.483521e-11 fanout576
 4.965062e-15 1.413416e-14 2.478802e-11 2.480712e-11 fanout608
 4.599508e-15 1.439126e-14 2.477613e-11 2.479512e-11 fanout574
 2.779339e-14 2.635776e-13 2.450181e-11 2.479318e-11 fanout396
 4.654771e-15 1.371951e-14 2.477124e-11 2.478961e-11 fanout631
 5.095277e-16 9.194812e-17 2.473859e-11 2.473920e-11 output63
 4.011119e-15 2.228925e-14 2.469160e-11 2.471790e-11 fanout149
 3.955817e-15 1.495956e-14 2.469160e-11 2.471052e-11 fanout148
 2.744796e-14 1.697337e-13 2.450181e-11 2.469900e-11 fanout418
 2.778020e-14 1.672568e-13 2.450181e-11 2.469685e-11 fanout407
 2.780787e-14 1.489631e-13 2.450181e-11 2.467859e-11 fanout390
 2.774359e-14 1.360897e-13 2.450181e-11 2.466565e-11 fanout400
 2.774028e-14 1.330001e-13 2.450181e-11 2.466255e-11 fanout391
 2.763716e-14 1.310354e-13 2.450181e-11 2.466049e-11 fanout395
 2.776807e-14 1.294302e-13 2.450181e-11 2.465901e-11 fanout402
 2.782454e-14 1.258037e-13 2.450181e-11 2.465544e-11 fanout399
 2.739476e-14 1.234857e-13 2.450181e-11 2.465269e-11 fanout392
 2.723342e-14 1.235209e-13 2.450181e-11 2.465257e-11 fanout410
 2.720136e-14 1.142417e-13 2.450181e-11 2.464326e-11 fanout408
 2.783351e-14 1.092279e-13 2.450181e-11 2.463888e-11 fanout405
 6.737532e-15 3.506569e-14 2.459366e-11 2.463546e-11 fanout1026
 2.757395e-14 1.052808e-13 2.450181e-11 2.463467e-11 fanout398
 2.757871e-14 1.033384e-13 2.450181e-11 2.463273e-11 fanout406
 2.720661e-14 1.030316e-13 2.450181e-11 2.463205e-11 fanout415
 2.767603e-14 1.002243e-13 2.450181e-11 2.462971e-11 fanout411
 2.753941e-14 9.934109e-14 2.450181e-11 2.462869e-11 fanout413
 6.190696e-15 3.244302e-14 2.446916e-11 2.450780e-11 fanout982
 6.126200e-15 3.077023e-14 2.446916e-11 2.450606e-11 fanout1000
 5.669589e-15 3.098387e-14 2.446916e-11 2.450582e-11 fanout994
 5.682753e-15 2.466629e-14 2.446916e-11 2.449951e-11 fanout997
 6.223934e-15 2.338063e-14 2.446916e-11 2.449877e-11 fanout979
 5.686133e-15 1.952591e-14 2.446916e-11 2.449438e-11 fanout985
 1.764312e-14 3.200521e-13 2.407555e-11 2.441324e-11 fanout314
 3.492740e-15 1.826857e-14 2.434437e-11 2.436613e-11 fanout677
 3.505512e-15 1.801629e-14 2.434437e-11 2.436589e-11 fanout680
 3.502545e-15 1.647519e-14 2.434437e-11 2.436434e-11 fanout673
 3.495835e-15 1.636387e-14 2.434437e-11 2.436423e-11 fanout674
 3.489945e-15 1.499468e-14 2.434437e-11 2.436285e-11 fanout672
 2.640427e-16 2.798102e-17 2.435261e-11 2.435290e-11 output64
 6.120683e-15 4.067171e-14 2.427937e-11 2.432616e-11 fanout1012
 4.969885e-15 2.277999e-14 2.417563e-11 2.420338e-11 fanout668
 4.931248e-15 1.700794e-14 2.417563e-11 2.419757e-11 fanout666
 1.615451e-14 9.234897e-14 2.407555e-11 2.418405e-11 fanout315
 1.636651e-14 7.797998e-14 2.407555e-11 2.416989e-11 fanout306
 1.645888e-14 7.723631e-14 2.407555e-11 2.416924e-11 fanout301
 1.633861e-14 7.280170e-14 2.407555e-11 2.416469e-11 fanout307
 1.636996e-14 6.766431e-14 2.407555e-11 2.415958e-11 fanout308
 3.167075e-15 1.628770e-14 2.412284e-11 2.414230e-11 fanout333
 3.149089e-15 1.379819e-14 2.412284e-11 2.413979e-11 fanout328
 3.173863e-15 1.373887e-14 2.412284e-11 2.413976e-11 fanout329
 9.487100e-17 2.310089e-17 2.401056e-11 2.401068e-11 output45
 9.497478e-17 2.228911e-17 2.401056e-11 2.401068e-11 output53
 9.479869e-17 2.010720e-17 2.401056e-11 2.401067e-11 output48
 9.422050e-17 1.808516e-17 2.401056e-11 2.401067e-11 output44
 9.422976e-17 1.639968e-17 2.401056e-11 2.401067e-11 output56
 9.473903e-17 1.285473e-17 2.401056e-11 2.401066e-11 output47
 9.497722e-17 1.152999e-17 2.401056e-11 2.401066e-11 output49
 9.507377e-17 1.127154e-17 2.401056e-11 2.401066e-11 output50
 9.515876e-17 9.365688e-18 2.401056e-11 2.401066e-11 output46
 9.496221e-17 8.640787e-18 2.401056e-11 2.401066e-11 output54
 9.469767e-17 8.737775e-18 2.401056e-11 2.401066e-11 output55
 9.400163e-17 9.125100e-18 2.401056e-11 2.401066e-11 output43
 9.495110e-17 7.490794e-18 2.401056e-11 2.401066e-11 output51
 4.923950e-15 2.591786e-14 2.396021e-11 2.399105e-11 fanout360
 1.145074e-14 8.572325e-14 2.388942e-11 2.398659e-11 fanout239
 1.141129e-14 7.851908e-14 2.388942e-11 2.397935e-11 fanout240
 4.909341e-15 2.600048e-14 2.394648e-11 2.397739e-11 fanout352
 1.321977e-16 6.657224e-18 2.396723e-11 2.396737e-11 output42
 1.140965e-14 6.183608e-14 2.388942e-11 2.396266e-11 fanout237
 1.133444e-14 6.006039e-14 2.388942e-11 2.396081e-11 fanout238
 1.150025e-14 5.821901e-14 2.388942e-11 2.395914e-11 fanout241
 2.628370e-15 1.815186e-14 2.384274e-11 2.386352e-11 fanout387
 2.576162e-15 1.334782e-14 2.384274e-11 2.385866e-11 fanout376
 2.565976e-15 1.262454e-14 2.384274e-11 2.385793e-11 fanout384
 2.552067e-15 1.179593e-14 2.384274e-11 2.385708e-11 fanout383
 2.564578e-15 1.068130e-14 2.384274e-11 2.385598e-11 fanout378
 2.548415e-15 1.320420e-14 2.382900e-11 2.384476e-11 fanout219
 2.566229e-15 1.271820e-14 2.382900e-11 2.384429e-11 fanout220
 3.671310e-15 1.130090e-14 2.382900e-11 2.384398e-11 fanout595
 2.498988e-15 1.489830e-14 2.380063e-11 2.381803e-11 fanout206
 2.498586e-15 1.350211e-14 2.380063e-11 2.381663e-11 fanout208
 7.390350e-15 7.866747e-14 2.372770e-11 2.381376e-11 fanout195
 7.376479e-15 6.371752e-14 2.372770e-11 2.379879e-11 fanout196
 7.211066e-15 6.223409e-14 2.372770e-11 2.379714e-11 fanout194
 7.149786e-15 4.630014e-14 2.372770e-11 2.378115e-11 fanout192
 3.179618e-15 1.106683e-14 2.376493e-11 2.377917e-11 fanout602
 7.154754e-15 4.021787e-14 2.372770e-11 2.377507e-11 fanout190
 2.111627e-15 5.701278e-15 2.367248e-11 2.368029e-11 fanout603
 1.734298e-15 1.121905e-14 2.366515e-11 2.367810e-11 fanout257
 1.752511e-15 8.907711e-15 2.366515e-11 2.367581e-11 fanout254
 1.764009e-15 8.593715e-15 2.366515e-11 2.367551e-11 fanout253
 4.903772e-15 2.956002e-14 2.364013e-11 2.367459e-11 fanout224
 4.831700e-15 2.724123e-14 2.364013e-11 2.367220e-11 fanout225
 4.826619e-15 2.635957e-14 2.364013e-11 2.367132e-11 fanout228
 4.102702e-15 5.573699e-14 2.360656e-11 2.366640e-11 fanout143
 4.842815e-15 2.099063e-14 2.364013e-11 2.366596e-11 fanout226
 4.031985e-15 3.642448e-14 2.360656e-11 2.364702e-11 fanout549
 1.845847e-15 6.131234e-15 2.363159e-11 2.363956e-11 fanout589
 4.063584e-15 2.496293e-14 2.360656e-11 2.363559e-11 fanout523
 4.056371e-15 1.911717e-14 2.360656e-11 2.362974e-11 fanout519
 3.991925e-15 1.829968e-14 2.360656e-11 2.362886e-11 fanout487
 4.073690e-15 1.819671e-14 2.360656e-11 2.362883e-11 fanout495
 4.040316e-15 1.733518e-14 2.360656e-11 2.362794e-11 fanout536
 3.951549e-15 1.717688e-14 2.360656e-11 2.362769e-11 fanout524
 4.055677e-15 1.679006e-14 2.360656e-11 2.362741e-11 fanout484
 3.967187e-15 1.677894e-14 2.360656e-11 2.362731e-11 fanout479
 4.063243e-15 1.638707e-14 2.360656e-11 2.362702e-11 fanout491
 4.036853e-15 1.634054e-14 2.360656e-11 2.362694e-11 fanout517
 3.985029e-15 1.632378e-14 2.360656e-11 2.362687e-11 fanout539
 4.032766e-15 1.625901e-14 2.360656e-11 2.362686e-11 fanout537
 4.036272e-15 1.623512e-14 2.360656e-11 2.362684e-11 fanout525
 4.055743e-15 1.616762e-14 2.360656e-11 2.362679e-11 fanout543
 3.972818e-15 1.611190e-14 2.360656e-11 2.362665e-11 fanout486
 4.026756e-15 1.596052e-14 2.360656e-11 2.362655e-11 fanout508
 3.969565e-15 1.593674e-14 2.360656e-11 2.362647e-11 fanout501
 4.038978e-15 1.547160e-14 2.360656e-11 2.362608e-11 fanout532
 4.059493e-15 1.525613e-14 2.360656e-11 2.362588e-11 fanout529
 4.032729e-15 1.526501e-14 2.360656e-11 2.362586e-11 fanout545
 3.998219e-15 1.524216e-14 2.360656e-11 2.362580e-11 fanout542
 4.021114e-15 1.515361e-14 2.360656e-11 2.362574e-11 fanout505
 4.033238e-15 1.496402e-14 2.360656e-11 2.362556e-11 fanout500
 4.014107e-15 1.491158e-14 2.360656e-11 2.362549e-11 fanout499
 4.045445e-15 1.465844e-14 2.360656e-11 2.362527e-11 fanout509
 3.940510e-15 1.470256e-14 2.360656e-11 2.362521e-11 fanout481
 4.052580e-15 1.427951e-14 2.360656e-11 2.362490e-11 fanout528
 4.036514e-15 1.408133e-14 2.360656e-11 2.362468e-11 fanout482
 3.950307e-15 1.334715e-14 2.360656e-11 2.362386e-11 fanout489
 4.018717e-15 1.327886e-14 2.360656e-11 2.362386e-11 fanout547
 3.999180e-15 1.282246e-14 2.360656e-11 2.362339e-11 fanout503
 4.011468e-15 1.225124e-14 2.360656e-11 2.362283e-11 fanout546
 1.864235e-15 5.380919e-15 2.360656e-11 2.361381e-11 fanout570
 3.864304e-15 5.670072e-16 2.360656e-11 2.361100e-11 output15
 1.837306e-15 1.077871e-14 2.354890e-11 2.356151e-11 fanout157
 1.765425e-15 1.390588e-14 2.354462e-11 2.356029e-11 fanout276
 1.854289e-15 8.000247e-15 2.354890e-11 2.355875e-11 fanout155
 1.781843e-15 9.109999e-15 2.354462e-11 2.355552e-11 fanout277
 1.149925e-15 6.841950e-15 2.354676e-11 2.355475e-11 fanout179
 1.265928e-15 9.250908e-15 2.351015e-11 2.352066e-11 fanout269
 1.264788e-15 4.880004e-15 2.351015e-11 2.351629e-11 fanout270
 1.245518e-15 3.643506e-15 2.350496e-11 2.350985e-11 max_cap171
 1.081439e-15 4.347717e-15 2.350008e-11 2.350551e-11 fanout176
 1.060040e-15 2.777092e-15 2.350008e-11 2.350391e-11 fanout175
 8.300705e-16 8.956208e-15 2.348573e-11 2.349552e-11 fanout122
 3.050071e-16 7.803495e-16 2.347963e-11 2.348072e-11 fanout593
 5.607576e-16 1.958846e-15 2.347780e-11 2.348032e-11 fanout119
 4.104407e-18 3.625758e-17 2.346010e-11 2.346014e-11 fanout1092
 4.053904e-18 2.270726e-17 2.346010e-11 2.346013e-11 fanout1099
 2.019463e-18 1.909050e-17 2.345400e-11 2.345402e-11 fanout826
 2.019775e-18 1.923741e-17 2.345400e-11 2.345402e-11 fanout827
 2.009819e-18 1.535811e-17 2.345400e-11 2.345402e-11 fanout824
 2.061471e-18 1.423364e-17 2.345400e-11 2.345402e-11 fanout819
 2.045617e-18 1.289392e-17 2.345400e-11 2.345402e-11 fanout821
 2.019626e-18 7.812799e-18 2.345400e-11 2.345401e-11 fanout822
 2.066430e-18 8.990859e-18 2.345400e-11 2.345401e-11 fanout823
 1.971704e-18 7.862093e-18 2.345400e-11 2.345401e-11 fanout825
 1.254405e-14 5.486397e-13 1.655702e-11 1.711820e-11 _25740_
 9.325532e-15 3.044890e-13 1.664758e-11 1.696139e-11 _26346_
 2.196049e-18 9.215436e-18 1.689861e-11 1.689862e-11 fanout1115
 2.197086e-18 9.346178e-18 1.689861e-11 1.689862e-11 fanout1124
 2.185681e-18 7.908728e-18 1.689861e-11 1.689862e-11 fanout1067
 2.184642e-18 8.141677e-18 1.689861e-11 1.689862e-11 fanout1101
 2.187088e-18 8.013856e-18 1.689861e-11 1.689862e-11 fanout1111
 2.188436e-18 8.382175e-18 1.689861e-11 1.689862e-11 fanout1126
 2.180905e-18 7.429532e-18 1.689861e-11 1.689862e-11 fanout1128
 2.210418e-15 1.246862e-14 1.688204e-11 1.689672e-11 fanout518
 2.249190e-15 2.736826e-14 1.686568e-11 1.689530e-11 fanout619
 2.201510e-15 1.081997e-14 1.688204e-11 1.689506e-11 fanout526
 2.289263e-15 2.679351e-14 1.686568e-11 1.689477e-11 fanout91
 2.792570e-15 1.124215e-14 1.687825e-11 1.689228e-11 fanout223
 2.194708e-15 7.896928e-15 1.688204e-11 1.689213e-11 fanout530
 2.670330e-15 1.076368e-14 1.687825e-11 1.689168e-11 fanout227
 2.181168e-15 7.416196e-15 1.688204e-11 1.689164e-11 fanout496
 2.229213e-15 1.726032e-14 1.686568e-11 1.688517e-11 fanout630
 9.471342e-16 3.442406e-15 1.687542e-11 1.687981e-11 fanout256
 2.202258e-15 1.043945e-14 1.686568e-11 1.687833e-11 fanout94
 2.202642e-15 9.213712e-15 1.686568e-11 1.687710e-11 fanout96
 8.834438e-15 2.376559e-14 1.682900e-11 1.686160e-11 fanout304
 1.495319e-14 4.651632e-14 1.678079e-11 1.684226e-11 fanout416
 1.515255e-14 8.153007e-14 1.665814e-11 1.675483e-11 fanout752
 1.510906e-14 7.163116e-14 1.665814e-11 1.674488e-11 fanout762
 1.507658e-14 6.460580e-14 1.665814e-11 1.673783e-11 fanout716
 1.507507e-14 6.417132e-14 1.665814e-11 1.673739e-11 fanout715
 3.018917e-17 1.957426e-16 1.672927e-11 1.672949e-11 _25879_
 3.537825e-17 2.761858e-16 1.672861e-11 1.672892e-11 _25870_
 1.495547e-14 4.611888e-14 1.665814e-11 1.671922e-11 fanout721
 1.222405e-16 9.256057e-16 1.664865e-11 1.664970e-11 _25959_
 3.439590e-17 1.470195e-16 1.662092e-11 1.662111e-11 fanout817
 2.584939e-16 7.555112e-16 1.661740e-11 1.661842e-11 fanout658
 1.795987e-16 1.360408e-15 1.661419e-11 1.661573e-11 _26311_
 2.236665e-15 1.019693e-14 1.657261e-11 1.658504e-11 fanout105
 2.243018e-15 2.455356e-14 1.655625e-11 1.658304e-11 fanout129
 2.241975e-15 2.365520e-14 1.655625e-11 1.658214e-11 fanout133
 2.233926e-15 1.672696e-14 1.655625e-11 1.657521e-11 fanout127
 2.220949e-15 1.579820e-14 1.655625e-11 1.657426e-11 fanout123
 2.061301e-15 3.183052e-14 1.653855e-11 1.657244e-11 _25744_
 2.224498e-15 1.237164e-14 1.655625e-11 1.657084e-11 fanout125
 2.208837e-15 1.208712e-14 1.655625e-11 1.657054e-11 fanout131
 2.189303e-15 7.963676e-15 1.655625e-11 1.656640e-11 fanout466
 2.178263e-15 7.327888e-15 1.655625e-11 1.656575e-11 fanout437
 1.350010e-16 3.873445e-16 1.656501e-11 1.656553e-11 fanout650
 3.426891e-18 3.666907e-17 1.653985e-11 1.653989e-11 fanout878
 3.295780e-18 1.540292e-17 1.653985e-11 1.653987e-11 fanout900
 3.297365e-18 1.505890e-17 1.653985e-11 1.653987e-11 fanout938
 3.306146e-18 1.617862e-17 1.653985e-11 1.653987e-11 fanout939
 3.292467e-18 1.484194e-17 1.653985e-11 1.653987e-11 fanout870
 3.285796e-18 1.196983e-17 1.653985e-11 1.653987e-11 fanout843
 3.274900e-18 1.158975e-17 1.653985e-11 1.653987e-11 fanout853
 3.279478e-18 1.254962e-17 1.653985e-11 1.653987e-11 fanout867
 3.271817e-18 1.208416e-17 1.653985e-11 1.653987e-11 fanout893
 3.269826e-18 1.184571e-17 1.653985e-11 1.653987e-11 fanout906
 3.276302e-18 1.096239e-17 1.653985e-11 1.653987e-11 fanout837
 3.269096e-18 1.113820e-17 1.653985e-11 1.653987e-11 fanout844
 3.262353e-18 1.048035e-17 1.653985e-11 1.653987e-11 fanout895
 3.276349e-18 1.055326e-17 1.653985e-11 1.653987e-11 fanout909
 3.261328e-18 1.081917e-17 1.653985e-11 1.653987e-11 fanout910
 3.261939e-18 9.781140e-18 1.653985e-11 1.653987e-11 fanout915
 3.269313e-18 1.022143e-17 1.653985e-11 1.653987e-11 fanout922
 3.260953e-18 9.002803e-18 1.653985e-11 1.653986e-11 fanout835
 2.225930e-18 1.701903e-17 1.653963e-11 1.653965e-11 fanout1038
 2.226707e-18 1.297616e-17 1.653963e-11 1.653964e-11 fanout1036
 2.218219e-18 1.168468e-17 1.653963e-11 1.653964e-11 fanout1041
 2.207072e-18 9.597361e-18 1.653963e-11 1.653964e-11 fanout1042
 2.219137e-18 1.012189e-17 1.653963e-11 1.653964e-11 fanout1044
 3.179748e-17 3.550097e-16 1.651622e-11 1.651661e-11 _25680_
 0.000000e+00 0.000000e+00 1.348146e-11 1.348146e-11 input11
 1.521437e-15 1.053285e-14 1.345551e-11 1.346756e-11 input10
 3.519259e-17 6.559192e-17 1.343398e-11 1.343408e-11 _30968_
 3.517919e-17 6.365106e-17 1.343398e-11 1.343408e-11 _30971_
 3.509815e-17 5.597685e-17 1.343398e-11 1.343407e-11 _30975_
 3.502720e-17 4.925856e-17 1.343398e-11 1.343406e-11 _30970_
 3.499980e-17 4.522479e-17 1.343398e-11 1.343406e-11 _30977_
 3.489595e-17 3.682952e-17 1.343398e-11 1.343405e-11 _30972_
 3.484573e-17 3.207341e-17 1.343398e-11 1.343405e-11 _30976_
 3.482893e-17 3.048262e-17 1.343398e-11 1.343404e-11 _30973_
 3.481993e-17 2.963030e-17 1.343398e-11 1.343404e-11 _30974_
 3.470714e-17 2.356391e-17 1.343398e-11 1.343404e-11 _30969_
 2.127518e-15 7.766175e-15 1.336289e-11 1.337278e-11 input4
 2.351722e-15 1.237359e-14 1.333950e-11 1.335423e-11 input3
 2.200767e-15 8.213595e-15 1.334378e-11 1.335420e-11 input2
 1.875872e-15 5.959333e-15 1.332586e-11 1.333370e-11 input5
 2.170462e-15 7.308683e-15 1.332011e-11 1.332959e-11 input1
 6.041877e-17 2.937509e-15 1.331531e-11 1.331830e-11 _27460_
 1.158291e-18 1.003881e-17 1.331598e-11 1.331599e-11 _26228_
 1.154180e-18 8.551220e-18 1.331586e-11 1.331587e-11 _26058_
 4.367626e-18 3.703549e-17 1.331564e-11 1.331568e-11 _25924_
 3.559218e-16 3.381951e-15 1.331154e-11 1.331528e-11 _17271_
 1.222560e-17 7.776051e-17 1.331348e-11 1.331357e-11 _25771_
 1.555725e-17 1.951714e-16 1.331313e-11 1.331334e-11 _26147_
 3.360610e-16 5.687824e-15 1.330642e-11 1.331244e-11 _27553_
 5.454895e-17 3.720168e-16 1.330951e-11 1.330994e-11 _26322_
 1.695757e-17 1.365768e-16 1.330953e-11 1.330968e-11 _25817_
 4.366246e-17 5.010362e-16 1.330828e-11 1.330882e-11 _25826_
 1.531851e-17 1.151353e-16 1.330728e-11 1.330741e-11 _25952_
 1.854278e-17 1.536644e-16 1.330718e-11 1.330735e-11 _26003_
 2.026569e-17 1.644281e-16 1.330559e-11 1.330578e-11 _26219_
 2.937118e-17 6.232769e-16 1.330502e-11 1.330567e-11 _26255_
 1.361725e-17 9.694794e-17 1.330512e-11 1.330523e-11 _25781_
 4.144314e-17 3.996186e-16 1.330454e-11 1.330498e-11 _26067_
 4.379035e-17 3.845304e-16 1.330233e-11 1.330276e-11 _26155_
 8.249630e-17 5.802094e-16 1.329787e-11 1.329853e-11 _25754_
 4.980262e-17 3.957705e-16 1.329059e-11 1.329103e-11 _25888_
 6.670379e-17 5.531505e-16 1.328834e-11 1.328896e-11 _26265_
 3.842445e-17 3.330007e-16 1.328593e-11 1.328630e-11 _25844_
 6.979564e-17 4.794734e-16 1.328463e-11 1.328517e-11 _25896_
 3.011173e-17 2.209873e-16 1.328165e-11 1.328190e-11 _25968_
 5.699289e-17 3.860495e-16 1.327902e-11 1.327946e-11 _26282_
 1.264668e-17 5.377892e-16 1.327645e-11 1.327700e-11 _25691_
 9.571975e-17 1.035476e-15 1.327150e-11 1.327263e-11 _30967_
 4.659242e-17 7.155691e-16 1.327150e-11 1.327226e-11 _30960_
 4.257560e-17 6.551056e-16 1.327150e-11 1.327219e-11 _30958_
 2.442847e-17 3.092499e-16 1.327150e-11 1.327183e-11 _30963_
 2.280166e-17 3.004320e-16 1.327150e-11 1.327182e-11 _30962_
 2.265378e-17 2.301215e-16 1.327150e-11 1.327175e-11 _30959_
 2.377699e-17 2.195118e-16 1.327150e-11 1.327174e-11 _30961_
 2.260270e-17 1.809087e-16 1.327150e-11 1.327170e-11 _30965_
 2.259930e-17 1.784552e-16 1.327150e-11 1.327170e-11 _30964_
 2.258734e-17 1.698169e-16 1.327150e-11 1.327169e-11 _30966_
 5.283876e-17 3.265088e-16 1.326651e-11 1.326689e-11 _26301_
 1.179064e-15 2.450785e-14 1.323023e-11 1.325591e-11 _25742_
 1.080729e-16 1.277901e-15 1.325396e-11 1.325535e-11 _25763_
 3.568583e-16 1.536189e-14 1.322992e-11 1.324564e-11 _25686_
 1.509051e-15 2.110769e-14 1.322271e-11 1.324533e-11 fanout128
 1.829932e-16 1.458011e-15 1.324229e-11 1.324393e-11 _25801_
 7.127036e-16 6.195718e-15 1.323676e-11 1.324367e-11 _25795_
 1.916365e-16 1.626454e-15 1.324036e-11 1.324218e-11 _26051_
 7.059526e-16 1.294056e-14 1.322852e-11 1.324217e-11 _25911_
 2.119453e-16 1.538939e-15 1.323832e-11 1.324007e-11 _26041_
 8.334540e-16 5.752250e-15 1.323308e-11 1.323967e-11 _25886_
 7.611746e-16 6.897889e-15 1.323181e-11 1.323947e-11 _25831_
 3.263540e-16 9.622557e-15 1.322845e-11 1.323840e-11 _25687_
 8.314423e-16 5.953560e-15 1.323127e-11 1.323806e-11 _26010_
 1.417734e-16 6.395829e-15 1.323019e-11 1.323673e-11 _25695_
 3.097827e-16 2.371913e-15 1.323290e-11 1.323558e-11 _26140_
 8.235892e-16 5.817779e-15 1.322881e-11 1.323545e-11 _26208_
 8.553163e-16 7.061936e-15 1.322717e-11 1.323508e-11 _26198_
 5.134469e-16 5.481001e-15 1.322887e-11 1.323487e-11 _25921_
 8.238248e-16 7.136609e-15 1.322685e-11 1.323481e-11 _25891_
 9.259218e-16 8.686248e-15 1.322435e-11 1.323396e-11 _26264_
 4.380570e-16 3.185635e-15 1.323024e-11 1.323387e-11 _26066_
 4.163785e-16 4.148040e-15 1.322874e-11 1.323330e-11 _25840_
 3.741654e-16 3.687885e-15 1.322906e-11 1.323312e-11 _26224_
 5.615159e-16 4.875388e-15 1.322720e-11 1.323264e-11 _26251_
 7.057414e-16 6.477451e-15 1.322477e-11 1.323195e-11 _25887_
 1.468868e-15 7.690485e-15 1.322271e-11 1.323187e-11 fanout132
 6.959685e-16 6.050324e-15 1.322455e-11 1.323130e-11 _25812_
 5.583135e-16 4.699113e-15 1.322593e-11 1.323119e-11 _25804_
 6.248377e-16 4.795915e-15 1.322560e-11 1.323102e-11 _26022_
 4.341822e-16 3.598871e-15 1.322639e-11 1.323042e-11 _25848_
 6.267855e-16 4.887223e-15 1.322384e-11 1.322935e-11 _26280_
 6.832372e-16 5.796149e-15 1.322276e-11 1.322924e-11 _25856_
 5.392083e-16 4.025583e-15 1.322448e-11 1.322905e-11 _25851_
 5.059745e-16 4.902277e-15 1.322347e-11 1.322888e-11 _26082_
 5.122295e-16 7.966100e-15 1.322022e-11 1.322870e-11 _25767_
 3.911613e-16 3.329722e-15 1.322376e-11 1.322748e-11 _25786_
 5.399697e-16 4.028708e-15 1.322163e-11 1.322620e-11 _25776_
 8.833259e-17 7.090640e-16 1.322413e-11 1.322492e-11 _25972_
 2.064377e-16 1.646879e-15 1.322306e-11 1.322492e-11 _26033_
 1.805408e-16 1.336617e-15 1.322323e-11 1.322475e-11 _26284_
 4.536922e-16 3.938973e-15 1.322007e-11 1.322446e-11 _25939_
 1.890202e-16 1.778866e-15 1.321705e-11 1.321902e-11 _25792_
 1.303166e-15 1.118984e-14 1.320328e-11 1.321577e-11 _25747_
 1.098944e-16 3.552648e-15 1.321131e-11 1.321497e-11 _25684_
 1.275933e-15 1.828955e-14 1.319389e-11 1.321345e-11 _25746_
 1.501248e-18 1.417287e-17 1.321018e-11 1.321020e-11 fanout1040
 5.783207e-16 5.077992e-15 1.319096e-11 1.319662e-11 _26227_
 7.998795e-16 1.300732e-14 1.316552e-11 1.317933e-11 _25749_
 8.349972e-16 2.727596e-14 1.314863e-11 1.317674e-11 _17063_
 7.757006e-16 1.141648e-14 1.315664e-11 1.316883e-11 _25748_
 7.888200e-16 1.298298e-14 1.314863e-11 1.316240e-11 _25750_
 3.409942e-15 5.755709e-14 9.867321e-12 9.928288e-12 _15416_
 3.363414e-16 1.245375e-14 9.896396e-12 9.909186e-12 _18819_
 1.149696e-15 4.299800e-14 9.855673e-12 9.899821e-12 _25699_
 6.992227e-17 5.029002e-16 9.898153e-12 9.898725e-12 _18817_
 4.880830e-19 2.040224e-18 9.898571e-12 9.898573e-12 _22967_
 7.234194e-19 3.540556e-18 9.898440e-12 9.898444e-12 _18086_
 7.520737e-19 6.152218e-18 9.898407e-12 9.898414e-12 _26076_
 3.310979e-17 1.680309e-16 9.898127e-12 9.898329e-12 _28790_
 5.630589e-17 1.697092e-16 9.898081e-12 9.898308e-12 _24217_
 3.711947e-18 1.892159e-17 9.898178e-12 9.898200e-12 _25790_
 4.865440e-17 5.415719e-17 9.897836e-12 9.897939e-12 _27483_
 8.381155e-17 3.462306e-16 9.897486e-12 9.897916e-12 _21000_
 8.354967e-17 2.397982e-16 9.897240e-12 9.897564e-12 _28519_
 6.938518e-18 7.547613e-17 9.897291e-12 9.897374e-12 _26273_
 8.787837e-17 1.873269e-16 9.897038e-12 9.897313e-12 _29130_
 2.237836e-16 4.881017e-16 9.896523e-12 9.897235e-12 _22891_
 1.601977e-16 1.265148e-15 9.895619e-12 9.897044e-12 _27591_
 5.537110e-16 2.560566e-15 9.893857e-12 9.896972e-12 _28360_
 1.075967e-16 2.342802e-16 9.896616e-12 9.896957e-12 _23603_
 1.193986e-16 2.186699e-16 9.896367e-12 9.896705e-12 _29402_
 1.287312e-16 2.525767e-16 9.896248e-12 9.896630e-12 _29108_
 2.600675e-16 7.842958e-16 9.895568e-12 9.896612e-12 _15375_
 6.559985e-18 2.979132e-17 9.896573e-12 9.896610e-12 _26291_
 1.520798e-16 5.830404e-16 9.895762e-12 9.896498e-12 _26624_
 1.244086e-16 1.450947e-16 9.896113e-12 9.896382e-12 _15054_
 1.716246e-16 6.790583e-16 9.895319e-12 9.896170e-12 _14986_
 7.538162e-18 3.408474e-17 9.895948e-12 9.895989e-12 _26040_
 1.383691e-17 1.338632e-16 9.895466e-12 9.895614e-12 _26094_
 3.110734e-16 1.060115e-15 9.894141e-12 9.895512e-12 _19390_
 2.069994e-16 7.360436e-16 9.894398e-12 9.895341e-12 _28561_
 1.853062e-16 1.791919e-16 9.894914e-12 9.895278e-12 _15100_
 2.003459e-16 2.385725e-16 9.894795e-12 9.895234e-12 _28516_
 2.015590e-16 5.043972e-16 9.894398e-12 9.895104e-12 _27999_
 3.459836e-17 4.400897e-16 9.894521e-12 9.894995e-12 _26274_
 3.448789e-17 1.654050e-16 9.894613e-12 9.894812e-12 _25871_
 2.209097e-16 6.261357e-16 9.893963e-12 9.894811e-12 _15178_
 2.330814e-16 3.509757e-16 9.893917e-12 9.894501e-12 _27074_
 2.337507e-16 3.680120e-16 9.893680e-12 9.894282e-12 _29328_
 2.749511e-16 7.861849e-16 9.893190e-12 9.894251e-12 _28108_
 2.739912e-16 4.052462e-16 9.893334e-12 9.894013e-12 _15014_
 2.582100e-16 3.467232e-16 9.893326e-12 9.893930e-12 _27653_
 2.564229e-16 2.448663e-16 9.893308e-12 9.893810e-12 _29420_
 2.854252e-16 5.373168e-16 9.892877e-12 9.893700e-12 _27138_
 2.933711e-16 6.606395e-16 9.892497e-12 9.893452e-12 _14886_
 2.962271e-16 7.139928e-16 9.892349e-12 9.893360e-12 _14991_
 2.490762e-16 2.777121e-16 9.892692e-12 9.893218e-12 _27487_
 3.132103e-16 3.436294e-16 9.892489e-12 9.893145e-12 _27284_
 2.881470e-16 4.112550e-16 9.892362e-12 9.893061e-12 _29191_
 3.115042e-16 5.349602e-16 9.891822e-12 9.892668e-12 _28176_
 3.039343e-17 2.267160e-16 9.892358e-12 9.892615e-12 _26031_
 3.137331e-16 5.625692e-16 9.891660e-12 9.892536e-12 _27418_
 3.663860e-16 7.303504e-16 9.891366e-12 9.892462e-12 _29045_
 3.877601e-16 1.488827e-15 9.890403e-12 9.892280e-12 _27885_
 3.688389e-16 1.595610e-15 9.890306e-12 9.892270e-12 _27169_
 3.421502e-16 4.244324e-16 9.891433e-12 9.892200e-12 _28453_
 3.330807e-16 3.103943e-16 9.891509e-12 9.892152e-12 _28235_
 3.646733e-16 5.085012e-16 9.890977e-12 9.891850e-12 _28643_
 3.782211e-16 3.440729e-16 9.891019e-12 9.891742e-12 _15036_
 4.423422e-17 2.046094e-16 9.891277e-12 9.891526e-12 _26121_
 7.279567e-18 1.370216e-17 9.891479e-12 9.891500e-12 _17231_
 4.304771e-16 1.497406e-15 9.889423e-12 9.891351e-12 _28754_
 6.154410e-16 3.580656e-15 9.887037e-12 9.891233e-12 _21437_
 2.290288e-17 1.711803e-16 9.890956e-12 9.891150e-12 _25860_
 3.619662e-16 3.275027e-16 9.890394e-12 9.891084e-12 _14843_
 4.142290e-16 5.857679e-16 9.890005e-12 9.891006e-12 _14908_
 4.000308e-16 6.525118e-16 9.889875e-12 9.890927e-12 _28024_
 4.084046e-16 5.850889e-16 9.889693e-12 9.890686e-12 _28778_
 4.048828e-16 7.990854e-16 9.889431e-12 9.890635e-12 _29202_
 4.648894e-16 1.167252e-15 9.888417e-12 9.890050e-12 _27183_
 4.697677e-16 6.856901e-16 9.888325e-12 9.889480e-12 _27990_
 4.638387e-16 3.898184e-16 9.888080e-12 9.888933e-12 _26610_
 4.888772e-16 5.272521e-16 9.887471e-12 9.888488e-12 _29288_
 5.009279e-16 5.683722e-16 9.887269e-12 9.888338e-12 _14955_
 6.850924e-17 3.242923e-16 9.887264e-12 9.887657e-12 _25755_
 7.794154e-16 7.327363e-15 9.879325e-12 9.887431e-12 _18618_
 5.637868e-16 6.052681e-16 9.886205e-12 9.887374e-12 _14786_
 2.798000e-17 2.116507e-16 9.886420e-12 9.886659e-12 _26183_
 3.648985e-17 2.225684e-16 9.886099e-12 9.886358e-12 _16569_
 6.872830e-16 3.265831e-15 9.882285e-12 9.886239e-12 _27874_
 3.500913e-17 1.597009e-16 9.885812e-12 9.886006e-12 _26201_
 2.919221e-17 8.885914e-17 9.885736e-12 9.885854e-12 _16439_
 3.663754e-17 1.644931e-16 9.884790e-12 9.884991e-12 _26077_
 5.470507e-16 2.863853e-15 9.880380e-12 9.883791e-12 _21449_
 4.124020e-17 1.888039e-16 9.882433e-12 9.882663e-12 _25772_
 4.292643e-17 2.922260e-16 9.882315e-12 9.882649e-12 _26142_
 5.978284e-17 2.907520e-16 9.881715e-12 9.882066e-12 _26240_
 4.669803e-17 2.200973e-16 9.881589e-12 9.881856e-12 _25897_
 3.259007e-15 8.731597e-15 9.869563e-12 9.881554e-12 _26344_
 2.571626e-16 7.289222e-16 9.879468e-12 9.880454e-12 _18075_
 5.752135e-17 3.059005e-16 9.879536e-12 9.879899e-12 _25799_
 5.269431e-17 4.328839e-16 9.878810e-12 9.879295e-12 _25791_
 1.598505e-16 1.051587e-15 9.878015e-12 9.879227e-12 _18513_
 7.672044e-18 1.217865e-16 9.878674e-12 9.878804e-12 _25693_
 7.811548e-18 4.856595e-17 9.878674e-12 9.878731e-12 _25692_
 8.469659e-17 3.367445e-16 9.878268e-12 9.878690e-12 _26004_
 7.150472e-16 4.018471e-15 9.873673e-12 9.878406e-12 _26776_
 6.305832e-17 1.977105e-15 9.876233e-12 9.878273e-12 _25694_
 2.280590e-17 8.683559e-17 9.877829e-12 9.877939e-12 _26295_
 1.171057e-16 3.029533e-16 9.877483e-12 9.877902e-12 _18511_
 9.519774e-17 1.830396e-15 9.875701e-12 9.877626e-12 _25907_
 8.438962e-16 1.369010e-14 9.862363e-12 9.876897e-12 _28122_
 4.961992e-16 9.982424e-16 9.874932e-12 9.876427e-12 _20454_
 5.401767e-17 2.310865e-16 9.876131e-12 9.876417e-12 _26247_
 5.310447e-17 4.111195e-16 9.875794e-12 9.876258e-12 _26133_
 4.128821e-16 7.991252e-16 9.874830e-12 9.876042e-12 _16421_
 4.122556e-17 2.372772e-16 9.875692e-12 9.875971e-12 _25996_
 5.487795e-17 2.756137e-16 9.875566e-12 9.875896e-12 _25818_
 1.087337e-16 6.339677e-16 9.874696e-12 9.875438e-12 _26269_
 6.761429e-16 2.576570e-15 9.872170e-12 9.875423e-12 _26855_
 6.248835e-17 2.666190e-16 9.872043e-12 9.872372e-12 _25889_
 9.457847e-17 4.077409e-16 9.871368e-12 9.871870e-12 _26088_
 4.103788e-17 1.805977e-16 9.871131e-12 9.871353e-12 _25880_
 4.327972e-16 1.913881e-15 9.868942e-12 9.871290e-12 _18069_
 5.357806e-16 1.364128e-14 9.856923e-12 9.871100e-12 _25689_
 8.613264e-17 5.210963e-16 9.869086e-12 9.869694e-12 _25976_
 1.017449e-16 6.739700e-16 9.868867e-12 9.869642e-12 _26175_
 4.680826e-17 2.203624e-16 9.869357e-12 9.869624e-12 _26302_
 7.767088e-17 5.479600e-16 9.868774e-12 9.869400e-12 _26184_
 8.256097e-17 4.791399e-16 9.868546e-12 9.869108e-12 _25917_
 5.250062e-17 2.168708e-16 9.868774e-12 9.869044e-12 _25925_
 7.453866e-17 1.816336e-15 9.867085e-12 9.868975e-12 _25764_
 8.812298e-16 3.272588e-15 9.864660e-12 9.868814e-12 _29301_
 6.760064e-17 4.647110e-16 9.868115e-12 9.868648e-12 _26248_
 6.928118e-17 1.009038e-15 9.867313e-12 9.868391e-12 _15698_
 4.314920e-17 1.910823e-16 9.868065e-12 9.868299e-12 _26213_
 9.656872e-17 7.782923e-16 9.867397e-12 9.868272e-12 _25862_
 3.374107e-17 1.830291e-16 9.867912e-12 9.868129e-12 _25971_
 1.764160e-16 8.980740e-16 9.866198e-12 9.867273e-12 _19046_
 5.017464e-16 1.133230e-14 9.855191e-12 9.867026e-12 _25905_
 8.951802e-17 3.767931e-16 9.866502e-12 9.866968e-12 _26050_
 9.183316e-17 3.946965e-16 9.865877e-12 9.866364e-12 _26024_
 6.995018e-16 1.230436e-14 9.852742e-12 9.865745e-12 _25910_
 4.503411e-16 1.954057e-15 9.863317e-12 9.865721e-12 _25741_
 1.038888e-16 4.283345e-16 9.864652e-12 9.865184e-12 _25977_
 4.738495e-16 5.586796e-16 9.863854e-12 9.864886e-12 _28243_
 4.992430e-16 6.044642e-16 9.863499e-12 9.864602e-12 _14801_
 7.195167e-17 3.013376e-16 9.864061e-12 9.864434e-12 _26323_
 5.406294e-17 2.249182e-16 9.863444e-12 9.863724e-12 _25845_
 5.395684e-16 1.228598e-15 9.861835e-12 9.863604e-12 _14830_
 3.875506e-16 7.461518e-15 9.855740e-12 9.863589e-12 _25766_
 5.435476e-16 9.580758e-16 9.861919e-12 9.863421e-12 _28731_
 2.992609e-16 4.653758e-15 9.858088e-12 9.863041e-12 _26279_
 5.287733e-16 8.468946e-15 9.853967e-12 9.862965e-12 _26259_
 6.098500e-16 1.237649e-14 9.849913e-12 9.862899e-12 _19170_
 3.589226e-16 4.490429e-15 9.857962e-12 9.862811e-12 _26150_
 5.921149e-16 1.189187e-15 9.861023e-12 9.862805e-12 _27448_
 4.582010e-16 4.275623e-15 9.858013e-12 9.862747e-12 _26036_
 5.938786e-16 1.215083e-15 9.860880e-12 9.862690e-12 _14766_
 5.922520e-16 7.777665e-15 9.854203e-12 9.862573e-12 _25904_
 5.912759e-16 1.046535e-15 9.860745e-12 9.862383e-12 _14873_
 6.141382e-16 1.686102e-15 9.859884e-12 9.862184e-12 _28794_
 1.355143e-16 9.630373e-16 9.860792e-12 9.861891e-12 _26086_
 5.734345e-16 6.223690e-16 9.860593e-12 9.861789e-12 _14837_
 5.257798e-16 7.935650e-15 9.853214e-12 9.861675e-12 _26278_
 8.359628e-17 3.223952e-16 9.861214e-12 9.861620e-12 _25898_
 5.643572e-16 5.981250e-15 9.855039e-12 9.861585e-12 _26037_
 6.182747e-16 1.010658e-15 9.859647e-12 9.861276e-12 _29052_
 6.532736e-16 8.563226e-16 9.859715e-12 9.861224e-12 _29407_
 6.254750e-16 7.073413e-16 9.859866e-12 9.861200e-12 _29220_
 1.885349e-16 1.172316e-15 9.859837e-12 9.861198e-12 _25863_
 3.705713e-16 2.990408e-15 9.857793e-12 9.861154e-12 _26158_
 6.115126e-16 1.464448e-15 9.859056e-12 9.861132e-12 _27203_
 8.557386e-17 3.973634e-16 9.860589e-12 9.861072e-12 _25808_
 2.794462e-16 4.412027e-15 9.856298e-12 9.860990e-12 _26258_
 6.880669e-16 1.295336e-15 9.858996e-12 9.860980e-12 _29425_
 5.457551e-16 4.382643e-15 9.856027e-12 9.860956e-12 _25830_
 5.990896e-16 5.499975e-16 9.859757e-12 9.860906e-12 _14840_
 1.050357e-16 1.544001e-15 9.859220e-12 9.860869e-12 _26256_
 6.097810e-16 3.492753e-15 9.856737e-12 9.860840e-12 _25982_
 2.613174e-16 4.020116e-15 9.856466e-12 9.860748e-12 _26272_
 6.057667e-16 6.826287e-16 9.859402e-12 9.860690e-12 _28493_
 7.137380e-17 3.502235e-16 9.860234e-12 9.860656e-12 _26095_
 4.305945e-16 3.482905e-15 9.856644e-12 9.860558e-12 _26254_
 6.733822e-16 1.705555e-15 9.858169e-12 9.860548e-12 _28924_
 1.217045e-15 3.427671e-15 9.855833e-12 9.860478e-12 _24549_
 2.644948e-16 2.911338e-15 9.857294e-12 9.860469e-12 _26097_
 3.655553e-16 1.962871e-15 9.858055e-12 9.860383e-12 _26061_
 4.256671e-16 2.569289e-15 9.857362e-12 9.860357e-12 _25885_
 1.314771e-16 3.508597e-15 9.856687e-12 9.860327e-12 _25685_
 1.991996e-16 1.270822e-15 9.858824e-12 9.860294e-12 _25899_
 6.152113e-16 2.916392e-15 9.856737e-12 9.860269e-12 _26223_
 4.367839e-16 5.008256e-15 9.854803e-12 9.860248e-12 _26151_
 6.485365e-16 7.387752e-16 9.858836e-12 9.860223e-12 _27619_
 4.381609e-16 4.194217e-15 9.855589e-12 9.860221e-12 _26129_
 5.056761e-16 3.855637e-15 9.855824e-12 9.860186e-12 _26239_
 6.817460e-16 1.611166e-15 9.857764e-12 9.860057e-12 _28623_
 1.725495e-16 1.189062e-15 9.858671e-12 9.860033e-12 _26157_
 3.614502e-16 1.870134e-15 9.857776e-12 9.860008e-12 _25825_
 1.129162e-16 8.276237e-16 9.858967e-12 9.859907e-12 _26211_
 5.046188e-16 3.190102e-15 9.856205e-12 9.859900e-12 _25813_
 9.743420e-17 9.100229e-16 9.858848e-12 9.859856e-12 _25773_
 4.238031e-16 2.620806e-15 9.856779e-12 9.859824e-12 _26009_
 6.102485e-16 4.133685e-15 9.855039e-12 9.859782e-12 _26111_
 6.998455e-16 1.410953e-15 9.857620e-12 9.859731e-12 _28316_
 6.992831e-16 1.017263e-15 9.857966e-12 9.859683e-12 _28445_
 6.213203e-16 4.249282e-15 9.854785e-12 9.859656e-12 _25833_
 6.744981e-16 1.027002e-15 9.857898e-12 9.859600e-12 _29012_
 6.277135e-16 4.545939e-15 9.854364e-12 9.859538e-12 _26084_
 4.921344e-16 3.666764e-15 9.855377e-12 9.859536e-12 _25876_
 5.759172e-16 3.574560e-15 9.855386e-12 9.859536e-12 _26197_
 6.469415e-16 3.916074e-15 9.854929e-12 9.859493e-12 _26048_
 4.755134e-16 2.115047e-15 9.856898e-12 9.859489e-12 _26021_
 1.186309e-15 4.499093e-15 9.853772e-12 9.859458e-12 _22355_
 3.143329e-16 3.588522e-15 9.855555e-12 9.859458e-12 _25838_
 3.425400e-16 1.146732e-15 9.857944e-12 9.859434e-12 _26168_
 5.659582e-16 3.233259e-15 9.855622e-12 9.859421e-12 _26326_
 9.562438e-16 3.836721e-15 9.854582e-12 9.859375e-12 _22872_
 6.207493e-16 2.875592e-15 9.855867e-12 9.859363e-12 _25869_
 5.858999e-16 5.790071e-16 9.858177e-12 9.859342e-12 _14780_
 6.750528e-16 7.562630e-16 9.857882e-12 9.859313e-12 _28091_
 5.157153e-16 2.705022e-15 9.856053e-12 9.859273e-12 _26135_
 6.525792e-16 1.045311e-15 9.857552e-12 9.859251e-12 _29392_
 2.711061e-16 1.570983e-15 9.857387e-12 9.859230e-12 _25873_
 6.904724e-16 9.253808e-16 9.857577e-12 9.859193e-12 _29172_
 3.950559e-16 4.061617e-15 9.854701e-12 9.859158e-12 _25912_
 7.072281e-16 1.127330e-15 9.857316e-12 9.859151e-12 _29365_
 4.833700e-16 5.204683e-15 9.853451e-12 9.859140e-12 _26261_
 7.431347e-16 2.240937e-15 9.856125e-12 9.859108e-12 _28332_
 6.429040e-16 5.326000e-15 9.853138e-12 9.859107e-12 _25922_
 3.657735e-16 4.307517e-15 9.854432e-12 9.859105e-12 _25909_
 3.953376e-16 2.634108e-15 9.856002e-12 9.859032e-12 _25823_
 4.298802e-16 4.224130e-15 9.854355e-12 9.859009e-12 _26179_
 5.594306e-16 3.401476e-15 9.855047e-12 9.859009e-12 _26070_
 7.176095e-16 3.079847e-15 9.855166e-12 9.858963e-12 _26159_
 2.482113e-16 1.101728e-15 9.857608e-12 9.858957e-12 _26075_
 5.286634e-16 1.961909e-15 9.856433e-12 9.858924e-12 _25868_
 2.901144e-16 1.627115e-15 9.856999e-12 9.858916e-12 _26074_
 6.312240e-16 6.981445e-16 9.857577e-12 9.858907e-12 _15086_
 3.498525e-16 2.179302e-15 9.856357e-12 9.858886e-12 _26200_
 7.410481e-16 1.885597e-15 9.856260e-12 9.858886e-12 _29061_
 7.375396e-16 4.582818e-15 9.853536e-12 9.858856e-12 _26191_
 1.237952e-15 3.674307e-15 9.853941e-12 9.858853e-12 _22976_
 3.106216e-16 2.249375e-15 9.856281e-12 9.858840e-12 _26131_
 4.225744e-16 1.197709e-15 9.857211e-12 9.858831e-12 _26298_
 5.870575e-16 3.692643e-15 9.854549e-12 9.858828e-12 _25757_
 1.228608e-16 7.653920e-16 9.857928e-12 9.858816e-12 _26249_
 3.845126e-16 3.542845e-15 9.854870e-12 9.858798e-12 _25955_
 3.733779e-16 1.750124e-15 9.856661e-12 9.858784e-12 _25900_
 1.222892e-16 9.736232e-16 9.857666e-12 9.858762e-12 _26108_
 2.248296e-16 1.357217e-15 9.857176e-12 9.858758e-12 _25820_
 3.461595e-16 2.604041e-15 9.855800e-12 9.858750e-12 _26162_
 2.639760e-16 1.690901e-15 9.856720e-12 9.858676e-12 _26325_
 1.311140e-16 7.560656e-16 9.857767e-12 9.858655e-12 _25978_
 4.093264e-16 3.620606e-15 9.854600e-12 9.858630e-12 _25775_
 3.670856e-16 1.796664e-15 9.856459e-12 9.858623e-12 _25967_
 6.134469e-16 3.543695e-15 9.854405e-12 9.858563e-12 _25785_
 4.684306e-16 1.471770e-15 9.856619e-12 9.858559e-12 _23608_
 2.668029e-16 1.491249e-15 9.856787e-12 9.858545e-12 _25690_
 4.553425e-16 3.329263e-15 9.854726e-12 9.858511e-12 _25914_
 6.449676e-16 3.716319e-15 9.854111e-12 9.858472e-12 _26218_
 3.940315e-16 2.437680e-15 9.855614e-12 9.858446e-12 _25805_
 6.830886e-16 9.988489e-16 9.856758e-12 9.858440e-12 _27792_
 5.540499e-16 3.151258e-15 9.854726e-12 9.858432e-12 _25895_
 5.831526e-16 2.297225e-15 9.855504e-12 9.858384e-12 _25932_
 1.082604e-15 3.250754e-15 9.854017e-12 9.858350e-12 _25266_
 4.208381e-16 3.002815e-15 9.854912e-12 9.858336e-12 _25923_
 3.899325e-16 2.372512e-15 9.855555e-12 9.858317e-12 _26017_
 3.970682e-16 4.703997e-15 9.853214e-12 9.858315e-12 _25768_
 3.369506e-16 1.881212e-15 9.856095e-12 9.858313e-12 _25806_
 3.586965e-16 1.493252e-15 9.856433e-12 9.858285e-12 _26139_
 5.200694e-16 3.721253e-15 9.854000e-12 9.858241e-12 _26027_
 4.128676e-16 2.175443e-15 9.855622e-12 9.858210e-12 _26199_
 3.082919e-16 1.921872e-15 9.855977e-12 9.858207e-12 _26327_
 3.898724e-16 5.518354e-15 9.852286e-12 9.858194e-12 _26277_
 3.238333e-16 1.809194e-15 9.856011e-12 9.858144e-12 _26192_
 7.313647e-16 1.121633e-15 9.856260e-12 9.858113e-12 _28630_
 4.010438e-16 1.659809e-15 9.856045e-12 9.858106e-12 _17294_
 4.287575e-16 2.931133e-15 9.854744e-12 9.858104e-12 _26182_
 2.671376e-16 2.215842e-15 9.855597e-12 9.858080e-12 _26321_
 3.890244e-16 3.061239e-15 9.854600e-12 9.858050e-12 _25859_
 6.007889e-16 2.655459e-15 9.854744e-12 9.858000e-12 _25987_
 1.043188e-16 8.154538e-16 9.857049e-12 9.857969e-12 _26143_
 3.244255e-16 1.057087e-15 9.856584e-12 9.857966e-12 _25589_
 3.795709e-16 1.709346e-15 9.855875e-12 9.857963e-12 _25866_
 6.298775e-16 3.309402e-15 9.854017e-12 9.857956e-12 _26132_
 3.681280e-16 1.919805e-15 9.855648e-12 9.857936e-12 _26170_
 2.708226e-16 1.929220e-15 9.855733e-12 9.857932e-12 _25946_
 4.221201e-16 1.412137e-15 9.856078e-12 9.857912e-12 _16427_
 8.612321e-17 5.798284e-16 9.857235e-12 9.857901e-12 _26166_
 6.435408e-16 2.718923e-15 9.854524e-12 9.857887e-12 _25950_
 5.295382e-16 2.971087e-15 9.854373e-12 9.857873e-12 _26181_
 4.892557e-16 3.505002e-15 9.853866e-12 9.857860e-12 _26099_
 3.492973e-16 5.123597e-16 9.856974e-12 9.857835e-12 _25841_
 3.967558e-16 2.347458e-15 9.855090e-12 9.857834e-12 _25865_
 4.968690e-16 2.253850e-15 9.855065e-12 9.857815e-12 _25842_
 4.892144e-16 3.231711e-15 9.854076e-12 9.857797e-12 _26035_
 5.898151e-16 3.575117e-15 9.853603e-12 9.857768e-12 _26093_
 6.902096e-16 1.111778e-15 9.855964e-12 9.857767e-12 _27496_
 4.467505e-16 1.947369e-15 9.855368e-12 9.857762e-12 _26128_
 7.280244e-16 1.562677e-15 9.855465e-12 9.857756e-12 _27630_
 3.964078e-16 2.161805e-15 9.855191e-12 9.857749e-12 _26020_
 2.296323e-16 1.337293e-15 9.856180e-12 9.857747e-12 _26225_
 3.055455e-16 1.244706e-15 9.856180e-12 9.857730e-12 _18159_
 4.616361e-16 2.892676e-15 9.854364e-12 9.857718e-12 _26127_
 4.264600e-16 2.284260e-15 9.854988e-12 9.857699e-12 _26030_
 2.455435e-16 1.097228e-15 9.856348e-12 9.857691e-12 _26073_
 6.739288e-16 6.433524e-16 9.856369e-12 9.857687e-12 _28883_
 6.916103e-16 3.894252e-15 9.853089e-12 9.857675e-12 _26153_
 4.107947e-16 1.577895e-15 9.855681e-12 9.857669e-12 _25857_
 1.800219e-16 1.291106e-15 9.856171e-12 9.857642e-12 _25998_
 4.934610e-16 3.261797e-15 9.853882e-12 9.857637e-12 _25877_
 4.337376e-16 3.016844e-15 9.854170e-12 9.857620e-12 _25953_
 2.412068e-16 1.589157e-15 9.855774e-12 9.857604e-12 _26154_
 3.301861e-16 2.275820e-15 9.854997e-12 9.857603e-12 _26002_
 4.666946e-16 3.659901e-15 9.853469e-12 9.857596e-12 _25883_
 5.156372e-16 2.013268e-15 9.855065e-12 9.857594e-12 _25779_
 3.731511e-16 1.797779e-15 9.855411e-12 9.857582e-12 _26101_
 4.581671e-16 1.854896e-15 9.855259e-12 9.857572e-12 _25894_
 5.524873e-16 3.461684e-15 9.853552e-12 9.857566e-12 _25941_
 3.265532e-16 1.735624e-15 9.855504e-12 9.857566e-12 _26300_
 3.686198e-16 3.773747e-15 9.853417e-12 9.857559e-12 _25913_
 7.589771e-17 3.043197e-16 9.857168e-12 9.857548e-12 _25853_
 4.621541e-16 2.579859e-15 9.854482e-12 9.857524e-12 _17606_
 7.247313e-16 7.984504e-16 9.855956e-12 9.857479e-12 _28046_
 5.047512e-16 2.112385e-15 9.854853e-12 9.857470e-12 _26289_
 6.061587e-16 1.857961e-15 9.854997e-12 9.857461e-12 _26268_
 4.909628e-16 3.331502e-15 9.853603e-12 9.857426e-12 _26124_
 4.342165e-16 2.351299e-15 9.854634e-12 9.857420e-12 _25929_
 5.569073e-16 2.540106e-15 9.854279e-12 9.857376e-12 _25769_
 4.512157e-16 2.450467e-15 9.854473e-12 9.857374e-12 _25758_
 3.530248e-16 1.747596e-15 9.855242e-12 9.857342e-12 _17560_
 3.316764e-16 2.041410e-15 9.854938e-12 9.857311e-12 _25991_
 4.937531e-16 3.658225e-15 9.853147e-12 9.857299e-12 _26055_
 3.328872e-16 1.332220e-15 9.855614e-12 9.857279e-12 _25849_
 5.873866e-16 3.260120e-15 9.853400e-12 9.857248e-12 _25958_
 2.740250e-16 1.954171e-15 9.855006e-12 9.857234e-12 _26006_
 1.332792e-16 1.134529e-15 9.855951e-12 9.857219e-12 _26122_
 1.730587e-16 1.083135e-15 9.855942e-12 9.857198e-12 _26209_
 7.568212e-16 1.259082e-15 9.855153e-12 9.857169e-12 _29256_
 8.157223e-16 2.132511e-15 9.854220e-12 9.857168e-12 _24441_
 4.282501e-16 2.697864e-15 9.854042e-12 9.857168e-12 _26054_
 2.730205e-16 1.747722e-15 9.855124e-12 9.857145e-12 _25780_
 3.216683e-16 2.162412e-15 9.854651e-12 9.857135e-12 _26087_
 3.536742e-16 1.443313e-15 9.855301e-12 9.857098e-12 _18377_
 1.857616e-16 9.683384e-16 9.855935e-12 9.857089e-12 _25970_
 4.514726e-16 3.395220e-15 9.853207e-12 9.857054e-12 _25794_
 3.215933e-16 2.104058e-15 9.854608e-12 9.857034e-12 _26081_
 3.790662e-16 1.894090e-15 9.854744e-12 9.857017e-12 _26169_
 3.847260e-16 2.245147e-15 9.854347e-12 9.856976e-12 _26028_
 7.460345e-16 1.264923e-15 9.854959e-12 9.856969e-12 _28675_
 2.628876e-16 1.440674e-15 9.855250e-12 9.856954e-12 _26299_
 4.023881e-16 1.653297e-15 9.854896e-12 9.856951e-12 _26047_
 4.872628e-16 2.940010e-15 9.853519e-12 9.856946e-12 _25928_
 3.066797e-16 2.039538e-15 9.854549e-12 9.856895e-12 _26214_
 3.142316e-16 2.147136e-15 9.854432e-12 9.856893e-12 _26196_
 4.033539e-16 2.901602e-15 9.853587e-12 9.856891e-12 _26206_
 2.419162e-16 1.579959e-15 9.855047e-12 9.856869e-12 _26285_
 5.071437e-16 3.280427e-15 9.853045e-12 9.856833e-12 _25920_
 1.765488e-16 9.912904e-16 9.855664e-12 9.856831e-12 _17026_
 5.533382e-16 2.056770e-15 9.854211e-12 9.856821e-12 _25796_
 2.340991e-16 2.082976e-15 9.854473e-12 9.856790e-12 _25793_
 4.024581e-16 1.706393e-15 9.854634e-12 9.856743e-12 _25992_
 4.327733e-16 1.760401e-15 9.854532e-12 9.856726e-12 _25957_
 4.522829e-16 2.693299e-15 9.853569e-12 9.856715e-12 _25966_
 3.782777e-16 1.883137e-15 9.854449e-12 9.856710e-12 _26065_
 2.189915e-16 1.045045e-15 9.855445e-12 9.856708e-12 _25989_
 2.560612e-16 1.675187e-15 9.854718e-12 9.856649e-12 _26123_
 5.376958e-16 2.691563e-15 9.853375e-12 9.856604e-12 _25993_
 2.022459e-16 1.275722e-15 9.855090e-12 9.856568e-12 _26045_
 4.292620e-16 2.357276e-15 9.853722e-12 9.856509e-12 _26056_
 5.036747e-16 2.298891e-15 9.853654e-12 9.856457e-12 _26114_
 1.498342e-16 1.109602e-15 9.855174e-12 9.856433e-12 _26257_
 5.488797e-16 2.840013e-15 9.853021e-12 9.856410e-12 _25797_
 2.031467e-16 1.329166e-15 9.854862e-12 9.856394e-12 _26204_
 6.921171e-16 6.229892e-16 9.855053e-12 9.856367e-12 _27802_
 6.411745e-16 2.438521e-15 9.853257e-12 9.856337e-12 _25815_
 7.392823e-16 1.060071e-15 9.854528e-12 9.856328e-12 _14731_
 3.668559e-16 1.943103e-15 9.854017e-12 9.856327e-12 _26071_
 2.622621e-16 2.071136e-15 9.853984e-12 9.856317e-12 _25802_
 1.381763e-16 1.459378e-15 9.854718e-12 9.856315e-12 _26079_
 1.944075e-16 1.545087e-15 9.854558e-12 9.856298e-12 _26176_
 3.329617e-16 1.471510e-15 9.854490e-12 9.856295e-12 _26011_
 3.020955e-16 1.697016e-15 9.854279e-12 9.856278e-12 _26317_
 2.941692e-16 2.231431e-15 9.853738e-12 9.856263e-12 _25816_
 4.731023e-16 1.856047e-15 9.853923e-12 9.856252e-12 _26286_
 3.820528e-16 2.666426e-15 9.853189e-12 9.856238e-12 _25864_
 5.573736e-16 3.342874e-15 9.852327e-12 9.856228e-12 _25761_
 2.869510e-16 1.769800e-15 9.854161e-12 9.856217e-12 _26328_
 2.914723e-16 1.847527e-15 9.854076e-12 9.856215e-12 _25756_
 5.136931e-16 2.907256e-15 9.852775e-12 9.856196e-12 _26171_
 5.941400e-16 2.509165e-15 9.853063e-12 9.856166e-12 _25850_
 4.039749e-16 1.919897e-15 9.853839e-12 9.856163e-12 _26145_
 8.176777e-17 4.357496e-16 9.855630e-12 9.856148e-12 _25836_
 3.906518e-16 1.970304e-15 9.853764e-12 9.856125e-12 _25855_
 5.805940e-16 2.055268e-15 9.853451e-12 9.856087e-12 _26039_
 4.469291e-16 2.221145e-15 9.853400e-12 9.856068e-12 _25893_
 5.521935e-16 2.681802e-15 9.852810e-12 9.856044e-12 _16865_
 4.656199e-16 2.392784e-15 9.853164e-12 9.856023e-12 _26310_
 2.360751e-16 1.005748e-15 9.854777e-12 9.856019e-12 _16583_
 3.820700e-16 1.168243e-15 9.854405e-12 9.855955e-12 _26319_
 3.266520e-16 2.541514e-15 9.853071e-12 9.855940e-12 _26046_
 7.858394e-16 1.283819e-15 9.853861e-12 9.855930e-12 _28323_
 2.455645e-16 1.799753e-15 9.853882e-12 9.855927e-12 _25882_
 4.129163e-16 2.465712e-15 9.853045e-12 9.855924e-12 _25777_
 4.059776e-16 2.905183e-15 9.852607e-12 9.855918e-12 _25811_
 4.439154e-16 2.763716e-15 9.852708e-12 9.855916e-12 _26281_
 4.863604e-16 2.839461e-15 9.852589e-12 9.855915e-12 _26007_
 1.952228e-16 2.549289e-16 9.855419e-12 9.855870e-12 _26217_
 3.859741e-16 5.697546e-16 9.854904e-12 9.855860e-12 _20155_
 6.012977e-16 3.629903e-15 9.851576e-12 9.855807e-12 _26236_
 2.351844e-16 1.525217e-15 9.854034e-12 9.855795e-12 _25927_
 8.838665e-17 6.640200e-16 9.855014e-12 9.855766e-12 _26115_
 3.251977e-16 1.903748e-15 9.853536e-12 9.855765e-12 _26207_
 4.281267e-16 2.013260e-15 9.853316e-12 9.855758e-12 _26187_
 2.582312e-16 1.033169e-15 9.854414e-12 9.855706e-12 _26296_
 3.379385e-16 1.710368e-15 9.853654e-12 9.855703e-12 _26126_
 4.033461e-16 1.868150e-15 9.853425e-12 9.855697e-12 _26189_
 3.865268e-16 1.736198e-15 9.853528e-12 9.855650e-12 _26001_
 3.522065e-16 1.801554e-15 9.853493e-12 9.855647e-12 _26161_
 4.871173e-16 2.934396e-15 9.852201e-12 9.855622e-12 _26243_
 2.861052e-16 8.700493e-16 9.854464e-12 9.855621e-12 _25974_
 3.698120e-16 1.287123e-15 9.853958e-12 9.855615e-12 _20261_
 4.033259e-16 1.989532e-15 9.853189e-12 9.855582e-12 _25931_
 2.515170e-16 1.840995e-15 9.853451e-12 9.855544e-12 _26250_
 7.451834e-16 1.052249e-15 9.853726e-12 9.855524e-12 _29278_
 3.478897e-16 6.875284e-16 9.854439e-12 9.855475e-12 _25778_
 4.760028e-16 2.813830e-15 9.852168e-12 9.855458e-12 _25803_
 3.591215e-16 2.792925e-15 9.852277e-12 9.855429e-12 _26116_
 3.690069e-16 1.861177e-15 9.853189e-12 9.855419e-12 _26018_
 4.008589e-16 1.526057e-15 9.853484e-12 9.855412e-12 _17772_
 2.206027e-16 7.383914e-16 9.854449e-12 9.855408e-12 _26309_
 9.124324e-17 5.385406e-16 9.854769e-12 9.855399e-12 _25997_
 4.953787e-16 1.585928e-15 9.853299e-12 9.855380e-12 _19717_
 2.222789e-16 9.034858e-16 9.854246e-12 9.855372e-12 _15908_
 1.380956e-16 1.026875e-15 9.854170e-12 9.855334e-12 _25947_
 3.441721e-16 2.330826e-15 9.852648e-12 9.855323e-12 _26315_
 2.655748e-16 2.030554e-15 9.853021e-12 9.855317e-12 _25919_
 3.088143e-16 2.168340e-15 9.852818e-12 9.855295e-12 _25824_
 3.674722e-16 1.728136e-15 9.853172e-12 9.855268e-12 _26038_
 3.820966e-16 1.745949e-15 9.853138e-12 9.855266e-12 _26137_
 3.717830e-16 2.292431e-15 9.852589e-12 9.855254e-12 _25789_
 2.917553e-16 2.186482e-15 9.852775e-12 9.855253e-12 _25847_
 3.854418e-16 3.155365e-15 9.851711e-12 9.855252e-12 _25965_
 2.898549e-16 7.690962e-16 9.854186e-12 9.855245e-12 _26288_
 5.153630e-16 2.833424e-15 9.851871e-12 9.855220e-12 _26320_
 3.113575e-16 1.221906e-15 9.853672e-12 9.855205e-12 _26294_
 4.184769e-16 1.882913e-15 9.852835e-12 9.855136e-12 _26092_
 3.633402e-16 1.677330e-15 9.853089e-12 9.855130e-12 _25753_
 4.656144e-16 3.473543e-15 9.851162e-12 9.855101e-12 _26109_
 2.451230e-16 1.361791e-15 9.853493e-12 9.855100e-12 _25770_
 3.521110e-16 2.393935e-15 9.852345e-12 9.855091e-12 _26180_
 2.591265e-16 1.290462e-15 9.853502e-12 9.855052e-12 _25990_
 6.165294e-16 2.524119e-15 9.851906e-12 9.855046e-12 _26173_
 2.192123e-16 9.426886e-16 9.853873e-12 9.855035e-12 _25834_
 8.083517e-17 3.417438e-16 9.854549e-12 9.854971e-12 _25960_
 4.258014e-16 2.384347e-15 9.852133e-12 9.854943e-12 _26083_
 2.149491e-16 1.308308e-15 9.853400e-12 9.854923e-12 _26186_
 5.123735e-16 2.185358e-15 9.852201e-12 9.854898e-12 _26263_
 3.521497e-16 6.697133e-16 9.853866e-12 9.854888e-12 _22057_
 4.560343e-17 2.259622e-16 9.854600e-12 9.854871e-12 _26194_
 3.009412e-16 1.108602e-15 9.853409e-12 9.854818e-12 _25943_
 1.179269e-16 7.885745e-16 9.853899e-12 9.854805e-12 _25881_
 3.747095e-16 1.924398e-15 9.852488e-12 9.854787e-12 _25902_
 3.286848e-16 2.038519e-15 9.852378e-12 9.854745e-12 _25858_
 2.547131e-16 1.346130e-15 9.853097e-12 9.854698e-12 _26090_
 1.453025e-16 4.750226e-16 9.854026e-12 9.854646e-12 _26324_
 1.730666e-16 1.136138e-15 9.853299e-12 9.854608e-12 _26016_
 4.674529e-16 2.401031e-15 9.851659e-12 9.854528e-12 _25787_
 2.747802e-16 1.324663e-15 9.852869e-12 9.854468e-12 _26117_
 9.095009e-17 3.321268e-16 9.854034e-12 9.854458e-12 _25969_
 3.770017e-16 1.875373e-15 9.852201e-12 9.854453e-12 _25760_
 3.350173e-16 1.958674e-15 9.852032e-12 9.854325e-12 _15676_
 4.407009e-16 2.188131e-15 9.851685e-12 9.854314e-12 _26252_
 2.163396e-16 3.260475e-15 9.850824e-12 9.854301e-12 _26276_
 2.554690e-16 1.119338e-15 9.852895e-12 9.854269e-12 _26172_
 1.617057e-16 1.053183e-15 9.853013e-12 9.854228e-12 _26167_
 3.440313e-16 9.628501e-16 9.852885e-12 9.854192e-12 _23087_
 3.939117e-16 1.654149e-15 9.852074e-12 9.854122e-12 _25762_
 3.070693e-16 1.730883e-15 9.852007e-12 9.854046e-12 _15863_
 8.575099e-17 6.296374e-16 9.853291e-12 9.854006e-12 _25846_
 2.389835e-16 1.577360e-15 9.852150e-12 9.853967e-12 _26238_
 2.511384e-16 1.613321e-15 9.852083e-12 9.853948e-12 _25983_
 3.465594e-16 1.666592e-15 9.851931e-12 9.853944e-12 _25788_
 2.225318e-16 1.394836e-15 9.852252e-12 9.853869e-12 _26160_
 3.196585e-16 1.468758e-15 9.852041e-12 9.853830e-12 _26271_
 2.894698e-16 8.724849e-16 9.852624e-12 9.853786e-12 _17152_
 4.401672e-16 6.538607e-16 9.852692e-12 9.853785e-12 _25949_
 2.778412e-16 6.734545e-16 9.852768e-12 9.853719e-12 _25832_
 6.816278e-17 4.198031e-16 9.853189e-12 9.853678e-12 _26215_
 2.454001e-16 1.506281e-15 9.851906e-12 9.853658e-12 _26034_
 3.009920e-16 2.552737e-15 9.850664e-12 9.853517e-12 _26222_
 2.145789e-16 1.253362e-15 9.852024e-12 9.853491e-12 _17113_
 8.105160e-17 5.713156e-16 9.852792e-12 9.853444e-12 _26312_
 2.032033e-16 1.206019e-15 9.851871e-12 9.853281e-12 _25688_
 3.665791e-16 6.458089e-16 9.852133e-12 9.853145e-12 _21316_
 1.184925e-16 9.062438e-16 9.852057e-12 9.853081e-12 _25961_
 2.273883e-16 9.042833e-16 9.851862e-12 9.852994e-12 _26012_
 4.332484e-16 1.413805e-15 9.851061e-12 9.852908e-12 _21431_
 3.732426e-16 1.499202e-15 9.850883e-12 9.852756e-12 _26205_
 3.722709e-16 8.200333e-16 9.851542e-12 9.852735e-12 _22983_
 2.570755e-16 1.742805e-15 9.850655e-12 9.852655e-12 _25814_
 2.583841e-16 4.826815e-16 9.851888e-12 9.852629e-12 _25483_
 1.206283e-16 1.231123e-15 9.851145e-12 9.852496e-12 _26096_
 1.088675e-16 3.941581e-16 9.851744e-12 9.852247e-12 _25809_
 3.810948e-17 1.389070e-16 9.852065e-12 9.852242e-12 _17910_
 1.090569e-16 6.520281e-16 9.851273e-12 9.852033e-12 _25926_
 8.365218e-17 4.276747e-16 9.851238e-12 9.851750e-12 _16793_
 2.752440e-16 1.271913e-15 9.850166e-12 9.851713e-12 _26102_
 5.352723e-16 4.889218e-15 9.846204e-12 9.851628e-12 _27665_
 2.336138e-16 4.345369e-16 9.850714e-12 9.851382e-12 _17191_
 2.552043e-16 1.068852e-15 9.850013e-12 9.851338e-12 _26110_
 3.936454e-16 7.333779e-16 9.850046e-12 9.851173e-12 _20473_
 2.113877e-16 1.305181e-15 9.849642e-12 9.851158e-12 _26307_
 2.700648e-16 8.967546e-16 9.849971e-12 9.851137e-12 _26026_
 3.459238e-16 6.048635e-16 9.850174e-12 9.851125e-12 _24556_
 2.279883e-16 1.551508e-15 9.848974e-12 9.850754e-12 _25962_
 1.907527e-16 8.169474e-16 9.849735e-12 9.850743e-12 _25810_
 1.272882e-16 1.125453e-15 9.849067e-12 9.850319e-12 _26241_
 1.077025e-16 5.222905e-16 9.849312e-12 9.849942e-12 _25890_
 2.817269e-16 1.392647e-15 9.848062e-12 9.849736e-12 _17368_
 5.667578e-17 2.164773e-16 9.849448e-12 9.849721e-12 _26220_
 1.473141e-16 5.925615e-16 9.848509e-12 9.849249e-12 _26221_
 1.859519e-16 7.550357e-16 9.848273e-12 9.849214e-12 _25765_
 5.425042e-17 2.435217e-16 9.848847e-12 9.849145e-12 _25945_
 1.395323e-16 8.889895e-16 9.847902e-12 9.848931e-12 _26025_
 9.290414e-17 4.436149e-16 9.848324e-12 9.848860e-12 _26203_
 9.761247e-17 7.713386e-16 9.847970e-12 9.848839e-12 _26313_
 4.662902e-16 2.461067e-15 9.845865e-12 9.848793e-12 _25933_
 2.435415e-16 1.035495e-15 9.847200e-12 9.848480e-12 _15626_
 1.264651e-16 5.529805e-16 9.847783e-12 9.848462e-12 _26304_
 3.238164e-16 1.762499e-15 9.846356e-12 9.848442e-12 _26057_
 2.585716e-16 1.724163e-15 9.846229e-12 9.848212e-12 _16093_
 6.001021e-17 4.361933e-16 9.847277e-12 9.847773e-12 _26015_
 1.406305e-16 5.742864e-16 9.846702e-12 9.847416e-12 _26005_
 1.843018e-16 1.092547e-15 9.846110e-12 9.847387e-12 _25938_
 1.842761e-16 1.107933e-15 9.845857e-12 9.847149e-12 _26266_
 2.993977e-16 1.124108e-15 9.845486e-12 9.846909e-12 _25940_
 1.285404e-16 3.630409e-16 9.844531e-12 9.845023e-12 _16176_
 7.951339e-17 5.783109e-16 9.843915e-12 9.844572e-12 _26044_
 2.857013e-16 1.391795e-15 9.842470e-12 9.844147e-12 _26063_
 1.916599e-16 6.479260e-16 9.842901e-12 9.843740e-12 _26314_
 2.020233e-16 5.562474e-16 9.842877e-12 9.843635e-12 _16410_
 3.584358e-16 6.262679e-16 9.841398e-12 9.842382e-12 _21208_
 1.372884e-16 8.192986e-16 9.841220e-12 9.842177e-12 _26105_
 8.483915e-16 2.504556e-15 9.838188e-12 9.841541e-12 _25745_
 9.154722e-17 5.266022e-16 9.839353e-12 9.839972e-12 _17798_
 2.980971e-16 8.125466e-15 9.831252e-12 9.839676e-12 _18622_
 1.301096e-16 5.228195e-16 9.838999e-12 9.839652e-12 _26060_
 3.525978e-16 9.930818e-16 9.837309e-12 9.838654e-12 _22879_
 3.605434e-16 9.400440e-16 9.837334e-12 9.838634e-12 _21536_
 3.809654e-16 1.145047e-15 9.836810e-12 9.838336e-12 _24131_
 3.782080e-16 3.527853e-15 9.834428e-12 9.838334e-12 _19611_
 4.414301e-16 8.074158e-16 9.836464e-12 9.837713e-12 _20788_
 3.847292e-16 1.908649e-15 9.834970e-12 9.837263e-12 _19932_
 4.853554e-16 1.374454e-15 9.835375e-12 9.837234e-12 _23503_
 3.099344e-16 6.350187e-16 9.836228e-12 9.837173e-12 _24448_
 4.286611e-16 9.242818e-16 9.835350e-12 9.836703e-12 _25273_
 4.264598e-16 2.146668e-15 9.834090e-12 9.836664e-12 _24239_
 3.723823e-16 6.019909e-16 9.835435e-12 9.836409e-12 _24763_
 4.292039e-17 2.039020e-16 9.835983e-12 9.836230e-12 _26165_
 6.176392e-17 2.811332e-16 9.835746e-12 9.836089e-12 _26104_
 3.564675e-16 1.158847e-15 9.834319e-12 9.835834e-12 _24867_
 5.738510e-17 3.325513e-16 9.835392e-12 9.835782e-12 _26107_
 4.155273e-16 6.851287e-16 9.833964e-12 9.835065e-12 _23400_
 4.383480e-16 7.399260e-16 9.833567e-12 9.834745e-12 _21741_
 1.172600e-16 3.450336e-16 9.833787e-12 9.834249e-12 _15671_
 3.827421e-16 1.191037e-15 9.832587e-12 9.834160e-12 _26234_
 7.768414e-17 4.179844e-16 9.833322e-12 9.833817e-12 _17098_
 3.508215e-16 1.384245e-15 9.831944e-12 9.833679e-12 _19500_
 4.034252e-16 1.172057e-15 9.831666e-12 9.833241e-12 _19061_
 4.506596e-17 2.711183e-16 9.831962e-12 9.832278e-12 _18172_
 2.736448e-16 6.100133e-16 9.830669e-12 9.831553e-12 _23191_
 2.410655e-17 9.689393e-17 9.831346e-12 9.831467e-12 _26014_
 3.383052e-17 1.424566e-16 9.830881e-12 9.831057e-12 _16933_
 5.152830e-16 2.282063e-15 9.827797e-12 9.830595e-12 _20157_
 2.739474e-16 1.367280e-15 9.828187e-12 9.829828e-12 _26233_
 2.777859e-16 1.112167e-15 9.826801e-12 9.828191e-12 _26235_
 5.825345e-16 8.189682e-16 9.825644e-12 9.827045e-12 _25605_
 3.911714e-17 1.258269e-16 9.826861e-12 9.827025e-12 _16254_
 1.627957e-16 9.518469e-16 9.825744e-12 9.826859e-12 _18628_
 1.220839e-17 5.078148e-17 9.825947e-12 9.826011e-12 _25681_
 1.692924e-17 1.403866e-16 9.824749e-12 9.824906e-12 _25683_
 4.723591e-16 6.758087e-16 9.821480e-12 9.822628e-12 _29298_
 1.473272e-16 1.124895e-15 9.819629e-12 9.820902e-12 _25937_
 6.625285e-17 3.016983e-16 9.820466e-12 9.820833e-12 _18228_
 7.683453e-17 5.441959e-16 9.818759e-12 9.819380e-12 _26231_
 8.008610e-18 3.304211e-17 9.817442e-12 9.817483e-12 _26059_
 1.452207e-17 6.408927e-17 9.815271e-12 9.815350e-12 _17525_
 4.010947e-17 3.290034e-16 9.814594e-12 9.814964e-12 _16034_
 2.321821e-17 1.428824e-16 9.813522e-12 9.813689e-12 _16348_
 1.806827e-17 6.582732e-17 9.813311e-12 9.813395e-12 _17573_
 1.114223e-17 5.903422e-17 9.812947e-12 9.813018e-12 _26230_
 7.287576e-18 1.186546e-17 9.812652e-12 9.812672e-12 _16163_
 1.394511e-17 8.615356e-17 9.812501e-12 9.812600e-12 _25935_
 7.815436e-18 5.500027e-17 9.812077e-12 9.812140e-12 _15744_
 1.196650e-17 8.583007e-17 9.811985e-12 9.812083e-12 _17403_
 6.646023e-18 5.071324e-17 9.811976e-12 9.812033e-12 _18303_
 2.183313e-18 1.088926e-17 9.811976e-12 9.811989e-12 _26229_
 4.407862e-17 3.604893e-16 9.811166e-12 9.811570e-12 _25701_
 1.008327e-17 6.091874e-17 9.811174e-12 9.811245e-12 _17876_
 2.579179e-17 3.373506e-16 9.810802e-12 9.811166e-12 _25726_
 4.020558e-18 1.058984e-17 9.810887e-12 9.810902e-12 _15667_
 8.429064e-18 1.762243e-16 9.810608e-12 9.810793e-12 _25724_
 1.378218e-17 5.661096e-17 9.810710e-12 9.810780e-12 _25718_
 8.983039e-18 5.289809e-17 9.810717e-12 9.810779e-12 _25702_
 4.917015e-19 5.880662e-18 9.810756e-12 9.810762e-12 _15507_
 6.996557e-18 2.656809e-17 9.810726e-12 9.810760e-12 _25715_
 4.887448e-19 3.757830e-18 9.810710e-12 9.810714e-12 _25752_
 8.776740e-18 2.645959e-17 9.810667e-12 9.810703e-12 _25722_
 8.138307e-18 1.767637e-17 9.810651e-12 9.810677e-12 _25705_
 4.086264e-18 1.034629e-17 9.810642e-12 9.810657e-12 _25709_
 2.235017e-18 3.137281e-17 9.810599e-12 9.810633e-12 _17446_
 3.340661e-18 2.909817e-17 9.810599e-12 9.810631e-12 _25706_
 4.296075e-18 2.808603e-17 9.810599e-12 9.810631e-12 _25707_
 1.305845e-18 2.540969e-17 9.810566e-12 9.810592e-12 _25711_
 1.221002e-18 6.463676e-18 9.810574e-12 9.810582e-12 _16843_
 1.263453e-18 1.397868e-17 9.810566e-12 9.810581e-12 _25717_
 1.243913e-18 1.274693e-17 9.810566e-12 9.810579e-12 _25720_
 1.297172e-18 1.586158e-17 9.810557e-12 9.810574e-12 _25713_
 1.277396e-18 1.483244e-17 9.810557e-12 9.810573e-12 _25704_
 1.277292e-18 1.513947e-17 9.810557e-12 9.810573e-12 _25723_
 1.223240e-18 4.200448e-18 9.810557e-12 9.810562e-12 _25719_
 1.234167e-18 1.166676e-17 9.810549e-12 9.810562e-12 _25725_
 4.798266e-19 2.055970e-17 9.810540e-12 9.810561e-12 _25730_
 4.508060e-19 1.941872e-17 9.810540e-12 9.810560e-12 _25734_
 2.710253e-19 1.126744e-17 9.810540e-12 9.810552e-12 _25735_
 2.504571e-19 5.545068e-18 9.810540e-12 9.810546e-12 _25736_
 2.463875e-19 3.874081e-18 9.810540e-12 9.810545e-12 _15433_
 2.457694e-19 2.871048e-18 9.810540e-12 9.810544e-12 _15445_
 2.578662e-19 3.415881e-18 9.810540e-12 9.810544e-12 _25703_
 2.606681e-19 3.206954e-18 9.810540e-12 9.810544e-12 _25727_
 2.464890e-19 2.297859e-18 9.810540e-12 9.810543e-12 _15751_
 2.502407e-19 2.285777e-18 9.810540e-12 9.810543e-12 _25708_
 2.535474e-19 2.040058e-18 9.810540e-12 9.810543e-12 _25710_
 2.507077e-19 2.651928e-18 9.810540e-12 9.810543e-12 _25714_
 2.433646e-19 1.932905e-18 9.810540e-12 9.810543e-12 _25716_
 2.561324e-19 2.411627e-18 9.810540e-12 9.810543e-12 _25729_
 2.530629e-19 2.530513e-18 9.810540e-12 9.810543e-12 _25731_
 2.513956e-19 2.130304e-18 9.810540e-12 9.810543e-12 _25732_
 2.474565e-19 1.987544e-18 9.810540e-12 9.810543e-12 _25739_
 2.404182e-19 1.104179e-18 9.810540e-12 9.810542e-12 _15480_
 2.409111e-19 1.079291e-18 9.810540e-12 9.810542e-12 _21040_
 2.443831e-19 1.552546e-18 9.810540e-12 9.810542e-12 _24596_
 2.510324e-19 1.783146e-18 9.810540e-12 9.810542e-12 _25733_
 2.342417e-19 3.581334e-19 9.810540e-12 9.810541e-12 _17452_
 2.351402e-19 4.692919e-19 9.810540e-12 9.810541e-12 _17633_
 2.352206e-19 3.717884e-19 9.810540e-12 9.810541e-12 _22301_
 2.361547e-19 5.157475e-19 9.810540e-12 9.810541e-12 _22818_
 2.440969e-19 8.948328e-19 9.810540e-12 9.810541e-12 _22921_
 2.349018e-19 3.812789e-19 9.810540e-12 9.810541e-12 _23865_
 2.366433e-19 4.905076e-19 9.810540e-12 9.810541e-12 _25422_
 2.391831e-19 1.031196e-18 9.810540e-12 9.810541e-12 _25700_
 2.417756e-19 9.647194e-19 9.810540e-12 9.810541e-12 _25712_
 2.367234e-19 4.199744e-19 9.810540e-12 9.810541e-12 _25721_
 0.000000e+00 0.000000e+00 9.810540e-12 9.810540e-12 _25751_
