0 22 21 5
1 11 10 4
2 14 13 5
3 25 25 5
4 15 15 5
5 19 18 6
6 18 18 4
7 14 13 5
8 21 20 6
9 20 19 5
10 13 12 4
11 12 11 5
12 5 5 5
13 10 9 5
14 13 13 5
15 13 13 5
16 15 14 6
17 22 21 5
18 11 11 5
19 15 14 6
20 14 14 4
21 12 11 5
22 15 15 5
23 13 12 4
24 10 9 5
25 13 12 6
26 14 13 5
27 9 8 4
28 10 9 5
29 15 15 5
30 13 13 5
31 15 14 6
32 8 8 4
33 10 9 5
34 13 12 6
35 12 12 6
36 12 12 4
37 8 7 6
38 18 18 4
39 16 15 5
40 11 11 5
41 13 13 5
42 13 13 5
43 9 8 4
44 12 11 5
45 13 12 6
46 14 14 6
47 10 10 4
48 24 23 5
49 11 11 5
50 17 16 4
51 22 21 5
52 5 5 5
53 14 13 5
54 5 5 5
55 10 9 5
56 13 12 4
57 18 17 5
58 25 25 5
59 17 17 5
60 23 22 6
61 14 14 4
62 16 15 5
63 37 36 8
64 28 28 4
65 36 35 5
66 23 23 5
67 17 16 6
68 12 12 4
69 22 21 5
70 17 17 5
71 19 18 4
72 26 25 5
73 21 21 5
74 11 10 4
75 20 19 5
76 15 15 5
77 23 22 4
78 24 23 5
79 17 16 6
80 20 19 5
81 11 11 5
82 29 28 6
83 24 24 6
84 20 20 4
85 24 23 5
86 41 40 6
87 34 34 6
88 16 15 5
89 21 20 6
90 26 26 6
91 36 36 6
92 20 20 4
93 34 33 5
94 25 25 5
95 21 20 4
96 22 21 5
97 23 23 5
98 23 22 6
99 20 19 5
100 25 24 6
101 22 21 5
102 31 30 6
103 20 20 4
104 18 17 5
105 13 13 5
106 17 16 4
107 26 25 5
108 21 20 6
109 20 20 6
110 16 16 4
111 26 25 5
112 19 19 5
113 19 19 5
114 31 30 6
115 20 19 5
116 21 21 5
117 29 29 5
118 21 21 5
119 27 27 7
120 15 14 6
121 16 16 4
122 20 19 7
123 35 34 6
124 22 22 6
125 28 28 6
126 22 22 4
127 34 33 5
128 27 27 5
129 17 16 4
130 16 15 5
131 21 21 5
132 17 16 4
133 20 19 7
134 25 24 4
135 30 29 5
136 19 18 6
137 14 14 4
138 24 23 5
139 21 21 5
140 17 17 5
141 27 26 6
142 22 22 6
143 30 30 4
144 20 19 5
145 23 23 5
146 13 12 4
147 20 19 5
148 19 19 5
149 21 20 6
150 28 28 6
151 26 25 5
152 25 24 6
153 26 26 6
154 18 18 6
155 32 31 5
156 17 17 5
157 25 25 5
158 17 17 5
159 27 27 5
160 27 26 8
161 18 18 4
162 30 29 5
163 29 29 5
164 21 21 5
165 15 15 5
166 17 16 4
167 22 21 7
168 31 30 6
169 24 24 4
170 22 21 7
171 25 24 6
172 24 24 6
173 20 20 4
174 30 29 5
175 19 19 5
176 23 23 5
177 35 34 4
178 32 31 9
179 31 30 6
180 26 26 6
181 26 26 6
182 22 22 4
183 28 27 5
184 25 24 4
185 30 29 5
186 35 34 8
187 26 26 4
188 26 25 5
189 21 21 5
190 31 30 6
191 26 26 6
192 14 14 6
193 14 14 4
194 18 17 5
195 17 17 5
196 23 22 6
197 18 18 4
198 26 25 5
199 25 25 5
200 13 13 5
201 21 21 5
202 23 23 5
203 25 24 6
204 18 18 6
205 20 20 4
206 26 25 5
207 17 17 5
208 37 36 6
209 24 23 5
210 19 19 5
211 21 20 6
212 28 27 5
213 39 39 5
214 19 19 5
215 21 21 5
216 19 18 4
217 30 29 5
218 21 21 5
219 15 14 4
220 22 21 5
221 17 17 5
222 19 18 4
223 26 25 5
224 23 23 5
225 23 22 6
226 28 28 4
227 34 33 7
228 21 20 6
229 24 24 4
230 28 27 7
231 27 26 4
232 16 15 5
233 21 20 6
234 20 19 5
235 33 32 6
236 26 25 5
237 27 26 6
238 16 15 5
239 25 24 6
240 24 24 6
241 24 24 6
242 16 16 4
243 34 33 5
244 15 14 6
245 8 8 4
246 16 15 5
247 15 15 5
248 23 22 4
249 18 17 5
250 11 11 5
251 9 9 5
252 11 10 4
253 14 13 5
254 13 13 5
255 9 8 4
256 10 9 5
257 15 15 5
258 13 13 5
259 19 18 6
260 18 17 5
261 11 10 4
262 16 15 5
263 9 9 5
264 19 18 4
265 10 9 5
266 19 19 5
267 21 21 5
268 19 19 5
269 29 28 6
270 18 18 6
271 18 18 4
272 18 17 5
273 15 15 5
274 11 11 5
275 19 18 6
276 18 18 4
277 22 21 5
278 15 15 5
279 19 19 5
280 21 21 5
281 17 16 6
282 12 12 4
283 40 39 5
284 23 22 6
285 18 17 5
286 23 23 5
287 17 16 6
288 14 14 6
289 14 14 4
290 20 19 5
291 21 21 5
292 29 28 6
293 10 9 5
294 19 18 4
295 16 15 5
296 21 21 5
297 37 37 5
298 31 30 4
299 22 21 5
300 33 32 6
301 50 49 5
302 23 23 5
303 27 26 4
304 32 31 5
305 33 33 5
306 41 41 5
307 41 40 6
308 42 41 5
309 35 34 6
310 34 34 6
311 36 36 6
312 18 17 5
313 39 39 7
314 31 30 8
315 22 22 6
316 34 34 8
317 22 21 7
318 25 24 6
319 22 22 6
320 44 44 6
321 36 35 5
322 41 41 5
323 51 50 8
324 38 38 6
325 16 16 4
326 30 29 5
327 27 27 5
328 33 32 4
329 32 31 7
330 23 22 4
331 22 21 5
332 25 24 4
333 22 21 5
334 11 11 5
335 11 11 5
336 15 14 4
337 24 23 5
338 15 15 5
339 17 17 5
340 33 32 6
341 22 22 6
342 8 8 4
343 16 15 5
344 19 19 5
345 27 26 6
346 18 17 5
347 19 18 4
348 24 23 5
349 17 17 5
350 25 24 6
351 16 16 6
352 16 16 6
353 8 8 4
354 16 15 5
355 17 17 5
356 23 23 5
357 13 12 4
358 12 11 5
359 23 22 6
360 22 21 5
361 13 12 4
362 14 13 7
363 21 20 4
364 18 17 5
365 19 19 7
366 17 16 6
367 26 26 6
368 14 14 4
369 26 25 5
370 13 12 4
371 22 21 5
372 15 15 5
373 19 19 5
374 19 19 5
375 17 16 4
376 18 17 5
377 11 11 5
378 17 17 5
379 17 16 4
380 28 27 5
381 17 16 6
382 12 12 6
383 14 14 4
384 20 19 5
385 15 14 6
386 26 26 6
387 12 12 4
388 20 19 7
389 17 16 4
390 18 17 5
391 13 13 5
392 11 10 4
393 16 15 5
394 17 16 6
395 22 22 6
396 20 20 6
397 22 22 6
398 14 14 4
399 10 9 5
400 11 10 6
401 18 18 6
402 10 10 4
403 16 15 5
404 11 11 5
405 13 12 6
406 6 6 6
407 11 10 6
408 10 10 4
409 24 23 5
410 9 9 5
411 9 9 5
412 9 9 5
413 13 12 6
414 16 16 6
415 20 20 6
416 18 18 6
417 14 14 4
418 12 11 5
419 13 12 4
420 10 9 5
421 13 13 5
422 13 12 6
423 12 12 4
424 12 11 5
425 23 22 8
426 10 10 4
427 12 11 5
428 15 14 6
429 16 16 6
430 14 14 4
431 12 11 5
432 21 20 4
433 32 31 7
434 23 22 4
435 26 25 5
436 15 15 5
437 9 8 4
438 14 13 5
439 17 16 6
440 16 16 6
441 14 14 6
442 20 20 4
443 22 21 5
444 17 17 5
445 11 11 5
446 9 8 4
447 18 17 5
448 13 12 6
449 10 10 6
450 16 16 4
451 12 11 5
452 17 17 5
453 9 9 5
454 17 16 6
455 18 18 6
456 16 16 4
457 14 13 5
458 17 16 6
459 18 18 6
460 12 12 4
461 10 9 5
462 11 10 6
463 18 18 6
464 10 10 6
465 12 12 4
466 12 11 5
467 13 12 4
468 10 9 5
469 5 5 5
470 10 9 5
471 13 13 5
472 9 9 5
473 15 14 4
474 20 19 5
475 27 27 5
476 13 13 5
477 11 10 4
478 8 7 6
479 12 12 4
480 18 17 5
481 11 10 6
482 8 8 4
483 10 9 5
484 7 6 5
485 11 10 6
486 10 10 4
487 16 15 5
488 17 16 6
489 16 15 5
490 11 10 6
491 10 10 4
492 14 13 5
493 13 13 5
494 9 8 4
495 22 21 7
496 11 10 6
497 8 8 4
498 16 15 5
499 11 10 6
500 12 12 6
501 12 12 4
502 16 15 5
503 11 10 6
504 14 14 6
505 16 16 4
506 10 9 5
507 15 15 5
508 11 10 6
509 14 14 4
510 14 13 5
511 15 14 4
512 16 15 7
513 17 16 4
514 12 11 5
515 15 14 6
516 14 14 6
517 14 14 4
518 20 19 5
519 15 15 5
520 9 8 4
521 10 9 5
522 17 16 6
523 10 10 4
524 12 11 5
525 11 11 5
526 13 12 6
527 12 12 4
528 12 11 5
529 5 5 5
530 12 11 5
531 11 10 6
532 14 14 6
533 18 18 6
534 8 8 4
535 10 9 5
536 11 10 6
537 12 12 4
538 20 19 5
539 33 32 6
540 22 22 6
541 14 14 4
542 18 17 5
543 9 9 5
544 9 8 4
545 12 11 5
546 5 5 5
547 18 17 5
548 17 16 4
549 24 23 5
550 23 22 6
551 22 21 5
552 21 20 6
553 14 14 6
554 12 12 6
555 10 10 4
556 12 11 5
557 7 6 5
558 15 15 5
559 15 15 5
560 19 18 4
561 24 23 5
562 13 13 5
563 21 21 5
564 19 18 4
565 16 15 5
566 21 20 6
567 10 9 5
568 7 6 5
569 23 22 6
570 14 13 5
571 13 12 4
572 28 27 5
573 15 14 6
574 12 12 4
575 14 13 5
576 21 20 6
577 20 20 4
578 18 17 5
579 9 9 5
580 25 24 4
581 24 23 5
582 17 16 6
583 24 24 6
584 16 16 4
585 20 19 5
586 19 18 4
587 24 23 5
588 31 30 6
589 24 23 5
590 33 33 5
591 35 35 5
592 23 22 6
593 22 22 4
594 32 31 5
595 17 16 4
596 22 21 5
597 45 45 5
598 35 35 5
599 21 21 5
600 23 22 6
601 22 21 5
602 25 24 4
603 28 27 5
604 35 34 4
605 38 37 7
606 37 37 7
607 43 42 10
608 22 22 6
609 26 26 6
610 34 34 6
611 22 22 6
612 34 34 6
613 26 26 4
614 34 33 7
615 29 28 6
616 28 28 6
617 14 14 4
618 32 31 5
619 31 31 7
620 29 29 7
621 25 25 7
622 35 35 5
623 33 32 8
624 26 26 6
625 30 30 8
626 24 24 8
627 30 30 8
628 22 22 6
629 40 39 7
630 49 48 8
631 28 27 5
632 21 21 5
633 21 20 6
634 24 24 6
635 38 37 9
636 19 19 5
637 29 29 9
638 31 30 6
639 30 30 6
640 30 30 8
641 22 21 5
642 19 19 5
643 27 27 5
644 29 29 9
645 25 24 6
646 30 30 10
647 38 38 6
648 30 29 5
649 25 24 6
650 22 21 5
651 35 35 7
652 21 21 5
653 25 24 8
654 44 44 12
655 20 20 4
656 22 21 5
657 21 21 5
658 37 36 8
659 36 35 7
660 19 19 5
661 35 34 6
662 38 37 9
663 41 40 8
664 36 35 7
665 37 36 10
666 34 34 10
667 22 22 4
668 36 35 7
669 43 42 6
670 28 27 5
671 13 13 5
672 19 18 6
673 34 34 4
674 28 27 9
675 37 37 9
676 31 30 6
677 42 41 7
678 25 24 6
679 30 29 5
680 29 29 5
681 17 17 5
682 25 24 4
683 30 29 7
684 23 23 5
685 27 26 6
686 34 34 8
687 14 14 4
688 32 31 7
689 25 25 5
690 19 18 6
691 26 25 5
692 15 15 5
693 23 23 7
694 31 30 6
695 26 25 5
696 23 22 6
697 30 30 6
698 18 17 5
699 19 18 4
700 28 27 7
701 15 14 4
702 14 13 5
703 15 15 5
704 31 30 6
705 20 19 5
706 11 10 4
707 14 13 5
708 19 19 5
709 17 17 5
710 15 15 5
711 21 20 6
712 16 16 4
713 20 19 5
714 19 18 6
715 22 21 5
716 23 22 6
717 22 22 4
718 14 13 5
719 9 9 5
720 17 16 6
721 14 14 4
722 18 17 5
723 9 9 5
724 9 8 4
725 16 15 5
726 11 11 5
727 19 18 4
728 18 17 5
729 21 21 5
730 17 16 6
731 22 22 6
732 12 12 4
733 16 15 5
734 11 10 4
735 18 17 5
736 15 15 5
737 15 15 5
738 19 19 5
739 17 16 4
740 24 23 5
741 19 18 4
742 14 13 5
743 21 21 5
744 19 19 5
745 19 19 5
746 13 12 4
747 12 11 5
748 21 20 6
749 12 12 4
750 26 25 5
751 17 16 6
752 14 14 6
753 24 24 4
754 16 15 5
755 15 15 5
756 25 25 5
757 13 13 5
758 11 11 5
759 15 14 4
760 20 19 5
761 17 17 5
762 11 11 5
763 19 18 4
764 12 11 5
765 13 13 5
766 11 10 6
767 10 10 6
768 12 12 4
769 16 15 7
770 11 10 4
771 16 15 5
772 23 22 4
773 18 17 5
774 23 23 5
775 21 20 6
776 20 19 5
777 19 18 6
778 12 12 4
779 10 9 5
780 13 12 6
781 14 13 5
782 11 11 5
783 11 10 4
784 14 13 5
785 27 27 5
786 17 16 6
787 10 10 4
788 16 15 5
789 29 28 6
790 8 8 4
791 14 13 5
792 17 16 6
793 12 12 4
794 16 15 5
795 31 31 5
796 13 13 5
797 27 26 6
798 30 29 5
799 33 33 5
800 27 26 4
801 14 13 5
802 9 8 4
803 12 11 5
804 11 11 5
805 19 18 6
806 18 18 6
807 22 22 4
808 16 15 5
809 23 23 5
810 25 24 6
811 10 10 4
812 12 11 5
813 13 13 5
814 13 13 5
815 19 18 4
816 16 15 5
817 27 26 6
818 12 12 6
819 18 18 6
820 16 16 4
821 12 11 5
822 19 18 6
823 28 28 6
824 14 14 4
825 12 11 5
826 25 25 5
827 19 19 5
828 17 16 4
829 12 11 5
830 21 21 5
831 5 5 5
832 12 11 5
833 17 17 5
834 13 13 5
835 11 10 4
836 14 13 5
837 9 9 5
838 13 13 5
839 17 16 4
840 14 13 5
841 15 14 6
842 14 13 5
843 17 16 4
844 24 23 7
845 17 16 4
846 22 21 5
847 17 16 6
848 18 18 6
849 20 20 6
850 20 20 4
851 24 23 5
852 7 6 5
853 23 23 5
854 9 9 5
855 9 8 4
856 18 17 5
857 21 20 6
858 18 18 4
859 10 9 5
860 17 16 6
861 10 10 4
862 16 15 5
863 11 11 5
864 13 12 6
865 12 12 4
866 10 9 5
867 9 9 5
868 27 26 6
869 10 10 4
870 20 19 5
871 19 19 5
872 13 13 5
873 9 8 4
874 18 17 5
875 11 11 5
876 9 9 5
877 13 12 4
878 16 15 5
879 19 19 5
880 9 9 5
881 15 15 5
882 13 12 6
883 14 14 4
884 16 15 7
885 15 15 5
886 15 15 5
887 15 14 4
888 12 11 5
889 7 6 5
890 17 17 5
891 11 10 6
892 12 12 4
893 14 13 5
894 11 11 5
895 15 14 6
896 12 12 4
897 18 17 5
898 17 17 5
899 17 16 6
900 14 14 6
901 18 18 4
902 24 23 5
903 13 13 5
904 13 12 6
905 10 10 4
906 12 11 5
907 9 8 4
908 10 9 5
909 15 15 5
910 11 10 4
911 16 15 5
912 13 12 6
913 10 10 6
914 6 6 6
915 13 12 4
916 12 11 5
917 11 10 4
918 12 11 5
919 15 14 6
920 18 18 4
921 18 17 5
922 9 9 5
923 11 10 4
924 10 9 5
925 11 11 5
926 7 6 5
927 9 8 4
928 10 9 5
929 17 17 5
930 17 16 6
931 24 24 6
932 12 12 6
933 18 18 6
934 12 12 4
935 18 17 5
936 19 19 5
937 13 12 4
938 10 9 5
939 13 13 5
940 21 20 6
941 10 9 5
942 11 10 4
943 12 11 5
944 13 13 5
945 11 11 5
946 29 28 6
947 22 22 6
948 20 20 6
949 20 20 6
950 14 14 4
951 18 17 5
952 7 6 5
953 13 12 6
954 10 10 4
955 10 9 5
956 17 17 5
957 13 13 5
958 11 10 4
959 12 11 5
960 13 12 4
961 20 19 7
962 13 12 4
963 16 15 5
964 15 14 6
965 14 14 4
966 20 19 5
967 13 13 5
968 17 16 6
969 16 16 6
970 12 12 4
971 14 13 5
972 17 16 4
973 12 11 5
974 15 14 6
975 12 11 5
976 9 8 4
977 14 13 5
978 25 25 5
979 25 24 6
980 8 8 4
981 26 25 5
982 19 19 5
983 11 11 5
984 27 26 6
985 18 18 4
986 22 21 7
987 17 16 4
988 14 13 5
989 21 20 6
990 24 24 4
991 34 33 5
992 25 24 4
993 18 17 5
994 25 24 6
995 34 34 6
996 32 32 6
997 26 25 5
998 49 49 9
999 23 23 5
1000 27 26 6
1001 40 40 8
1002 26 26 6
1003 28 27 5
1004 25 24 4
1005 22 21 5
1006 27 27 7
1007 25 24 4
1008 38 37 5
1009 25 25 5
1010 23 22 4
1011 26 25 5
1012 29 29 7
1013 29 28 4
1014 22 21 5
1015 33 33 5
1016 25 25 5
1017 27 27 7
1018 31 30 6
1019 34 34 4
1020 22 21 5
1021 37 36 8
1022 18 18 4
1023 28 27 5
1024 25 25 7
1025 33 32 8
1026 24 24 6
1027 20 20 4
1028 26 25 5
1029 25 25 5
1030 13 13 5
1031 13 13 5
1032 13 12 4
1033 18 17 5
1034 21 21 5
1035 21 21 5
1036 27 26 6
1037 22 22 4
1038 24 23 5
1039 31 31 7
1040 23 22 8
1041 32 32 10
1042 32 32 6
1043 26 25 5
1044 33 32 6
1045 20 20 4
1046 20 19 5
1047 11 10 4
1048 28 27 5
1049 19 18 6
1050 14 14 6
1051 20 20 6
1052 20 20 4
1053 14 13 5
1054 31 31 5
1055 35 35 5
1056 23 23 5
1057 19 18 6
1058 20 20 6
1059 24 24 6
1060 22 22 4
1061 24 23 5
1062 31 31 5
1063 21 21 5
1064 23 22 6
1065 16 15 5
1066 27 27 5
1067 29 28 4
1068 24 23 7
1069 27 26 4
1070 28 27 7
1071 23 22 4
1072 16 15 5
1073 11 11 5
1074 25 24 6
1075 16 16 4
1076 26 25 7
1077 23 22 4
1078 6 5 4
1079 22 21 5
1080 21 21 5
1081 25 24 6
1082 20 20 4
1083 18 17 5
1084 23 23 5
1085 27 27 7
1086 21 20 6
1087 18 17 5
1088 19 18 4
1089 22 21 5
1090 19 19 5
1091 13 13 5
1092 23 22 4
1093 16 15 5
1094 15 14 6
1095 18 18 6
1096 22 22 6
1097 18 17 5
1098 25 24 6
1099 20 20 6
1100 20 20 4
1101 16 15 5
1102 9 8 4
1103 18 17 7
1104 17 16 4
1105 18 17 5
1106 11 10 4
1107 12 11 5
1108 27 26 6
1109 18 18 6
1110 22 22 6
1111 20 19 5
1112 17 17 5
1113 13 12 4
1114 26 25 5
1115 25 25 7
1116 23 22 6
1117 20 20 4
1118 22 21 5
1119 15 14 6
1120 20 19 5
1121 11 10 4
1122 18 17 7
1123 11 10 4
1124 16 15 5
1125 17 16 4
1126 16 15 7
1127 15 14 4
1128 20 19 5
1129 13 13 5
1130 11 10 6
1131 20 20 4
1132 16 15 5
1133 29 28 6
1134 14 13 5
1135 15 14 6
1136 16 16 4
1137 18 17 5
1138 13 13 5
1139 25 24 6
1140 18 18 6
1141 10 10 4
1142 10 9 5
1143 23 22 6
1144 14 14 6
1145 12 12 4
1146 22 21 5
1147 27 27 5
1148 21 21 5
1149 15 14 6
1150 26 26 4
1151 16 15 5
1152 13 12 6
1153 14 14 6
1154 16 16 4
1155 16 15 5
1156 17 17 5
1157 15 14 4
1158 16 15 5
1159 17 16 6
1160 24 24 6
1161 10 10 4
1162 12 11 5
1163 23 22 4
1164 14 13 5
1165 19 19 5
1166 17 17 5
1167 15 15 5
1168 15 15 5
1169 15 14 4
1170 16 15 5
1171 15 14 4
1172 18 17 5
1173 19 19 5
1174 15 14 4
1175 12 11 5
1176 13 12 6
1177 12 12 6
1178 12 12 4
1179 14 13 5
1180 17 16 6
1181 14 13 5
1182 7 6 5
1183 7 6 5
1184 15 14 4
1185 18 17 7
1186 11 10 4
1187 14 13 5
1188 11 10 6
1189 18 18 6
1190 12 12 6
1191 6 6 6
1192 17 16 6
1193 10 10 4
1194 6 5 4
1195 14 13 5
1196 11 11 5
1197 13 13 5
1198 17 16 6
1199 10 10 4
1200 26 25 5
1201 13 13 5
1202 21 20 6
1203 8 8 4
1204 10 9 5
1205 15 14 6
1206 16 16 6
1207 12 12 6
1208 16 16 4
1209 6 5 4
1210 12 11 5
1211 11 11 5
1212 23 22 6
1213 14 13 5
1214 13 12 4
1215 12 11 5
1216 17 17 5
1217 11 11 5
1218 15 14 6
1219 8 8 4
1220 10 9 5
1221 11 10 4
1222 12 11 5
1223 13 13 5
1224 9 8 4
1225 12 11 5
1226 11 10 6
1227 18 17 5
1228 13 12 6
1229 18 18 4
1230 10 9 5
1231 15 14 6
1232 10 10 6
1233 8 8 4
1234 12 11 5
1235 7 6 5
1236 19 18 6
1237 18 17 5
1238 7 6 5
1239 11 10 6
1240 12 12 6
1241 8 8 4
1242 12 11 5
1243 13 12 6
1244 20 20 6
1245 10 10 6
1246 10 10 4
1247 16 15 7
1248 9 8 4
1249 10 9 5
1250 9 8 4
1251 10 9 5
1252 11 10 6
1253 16 15 5
1254 17 16 4
1255 16 15 7
1256 17 16 6
1257 12 12 4
1258 10 9 5
1259 15 14 6
1260 18 18 6
1261 10 10 4
1262 8 7 6
1263 8 8 4
1264 6 5 4
1265 16 15 5
1266 7 7 7
1267 12 12 4
1268 12 11 5
1269 23 22 6
1270 16 15 5
1271 13 12 4
1272 14 13 5
1273 11 10 6
1274 12 11 5
1275 11 10 6
1276 12 12 4
1277 18 17 5
1278 17 17 5
1279 11 10 4
1280 18 17 5
1281 15 15 7
1282 17 16 4
1283 6 5 4
1284 20 19 5
1285 13 13 5
1286 9 8 4
1287 12 11 5
1288 13 13 5
1289 11 10 4
1290 16 15 5
1291 11 10 4
1292 14 13 5
1293 17 17 5
1294 17 16 6
1295 12 12 6
1296 16 16 4
1297 12 11 5
1298 9 9 5
1299 11 10 4
1300 12 11 5
1301 9 8 4
1302 22 21 5
1303 11 10 6
1304 14 14 6
1305 18 18 4
1306 14 13 5
1307 9 8 4
1308 6 5 4
1309 18 17 5
1310 13 13 5
1311 13 13 5
1312 11 10 6
1313 10 10 4
1314 20 19 5
1315 21 20 6
1316 6 5 4
1317 14 13 5
1318 9 8 4
1319 12 11 5
1320 9 9 5
1321 11 11 5
1322 11 10 4
1323 32 31 5
1324 15 15 5
1325 9 9 5
1326 9 8 4
1327 16 15 5
1328 15 14 6
1329 16 16 6
1330 14 14 4
1331 16 15 5
1332 11 11 5
1333 15 14 6
1334 18 18 6
1335 20 20 6
1336 24 24 6
1337 10 10 4
1338 18 17 5
1339 13 12 6
1340 12 12 6
1341 20 20 6
1342 12 12 4
1343 10 9 5
1344 23 23 5
1345 5 5 5
1346 18 17 5
1347 15 15 5
1348 17 16 4
1349 12 11 5
1350 25 24 6
1351 16 15 5
1352 13 12 6
1353 20 20 6
1354 10 10 4
1355 20 19 5
1356 15 14 6
1357 10 9 5
1358 21 20 4
1359 38 37 5
1360 17 17 5
1361 21 20 6
1362 22 22 6
1363 22 22 4
1364 20 19 5
1365 23 22 6
1366 20 20 6
1367 16 16 4
1368 16 15 5
1369 23 23 5
1370 19 19 5
1371 23 22 8
1372 16 16 4
1373 12 11 5
1374 25 24 4
1375 22 21 5
1376 19 19 5
1377 29 28 6
1378 20 20 6
1379 12 12 4
1380 16 15 5
1381 13 13 5
1382 29 29 7
1383 11 10 4
1384 20 19 5
1385 13 13 5
1386 15 15 5
1387 21 20 6
1388 24 24 4
1389 20 19 7
1390 13 12 4
1391 22 21 5
1392 23 22 6
1393 30 29 5
1394 15 14 4
1395 12 11 5
1396 17 16 6
1397 18 17 5
1398 17 16 6
1399 16 16 4
1400 24 23 7
1401 19 18 4
1402 26 25 5
1403 13 13 5
1404 13 12 4
1405 16 15 5
1406 5 5 5
1407 20 19 5
1408 21 20 6
1409 18 18 6
1410 12 12 4
1411 16 15 5
1412 13 13 5
1413 15 14 6
1414 16 16 4
1415 20 19 5
1416 17 17 5
1417 15 14 6
1418 18 18 6
1419 14 14 4
1420 20 19 5
1421 27 27 5
1422 23 22 6
1423 16 16 4
1424 16 15 5
1425 21 21 7
1426 17 16 4
1427 10 9 5
1428 13 12 6
1429 12 12 4
1430 12 11 5
1431 11 11 5
1432 15 14 6
1433 14 14 6
1434 10 10 6
1435 8 8 4
1436 10 9 5
1437 15 14 6
1438 8 8 4
1439 18 17 5
1440 11 10 6
1441 10 10 4
1442 10 9 5
1443 11 11 5
1444 9 8 4
1445 12 11 5
1446 13 13 5
1447 13 12 6
1448 10 10 4
1449 26 25 5
1450 15 14 6
1451 12 12 4
1452 18 17 5
1453 15 15 5
1454 13 13 5
1455 9 8 4
1456 12 11 5
1457 11 10 6
1458 12 12 4
1459 12 11 5
1460 11 11 5
1461 11 10 6
1462 8 8 4
1463 10 9 5
1464 13 12 4
1465 18 17 5
1466 11 11 5
1467 13 12 6
1468 14 14 6
1469 8 8 4
1470 10 9 5
1471 31 31 5
1472 13 13 5
1473 15 14 4
1474 12 11 5
1475 11 10 6
1476 16 16 4
1477 14 13 5
1478 21 21 5
1479 13 12 6
1480 14 14 4
1481 22 21 7
1482 17 16 4
1483 12 11 5
1484 11 11 5
1485 15 14 6
1486 26 25 5
1487 13 12 4
1488 16 15 5
1489 17 16 4
1490 12 11 5
1491 25 24 6
1492 20 20 4
1493 12 11 5
1494 29 29 5
1495 13 13 5
1496 25 24 6
1497 10 9 5
1498 33 33 5
1499 25 24 4
1500 44 43 7
1501 25 24 4
1502 18 17 5
1503 17 16 6
1504 40 39 5
1505 15 14 4
1506 32 31 7
1507 19 18 6
1508 28 28 6
1509 14 14 4
1510 18 17 5
1511 23 22 6
1512 24 24 6
1513 26 26 4
1514 10 9 5
1515 17 16 4
1516 30 29 5
1517 31 30 4
1518 18 17 5
1519 21 21 5
1520 21 21 7
1521 19 18 4
1522 26 25 5
1523 23 22 6
1524 24 23 5
1525 19 19 5
1526 19 18 4
1527 22 21 5
1528 15 14 4
1529 18 17 5
1530 25 24 6
1531 18 17 5
1532 19 18 6
1533 28 28 6
1534 32 32 8
1535 22 21 7
1536 17 16 4
1537 24 23 5
1538 29 28 6
1539 24 23 5
1540 25 24 6
1541 20 20 6
1542 40 40 6
1543 38 38 6
1544 28 28 6
1545 28 28 4
1546 20 19 5
1547 15 14 4
1548 18 17 5
1549 23 23 5
1550 29 29 7
1551 19 18 6
1552 16 16 6
1553 20 20 4
1554 24 23 7
1555 19 18 4
1556 14 13 5
1557 15 14 6
1558 26 26 6
1559 24 24 8
1560 14 14 4
1561 26 25 5
1562 19 19 5
1563 15 14 4
1564 18 17 5
1565 31 30 6
1566 26 26 6
1567 22 22 6
1568 18 18 4
1569 22 21 7
1570 23 22 8
1571 22 22 6
1572 20 20 6
1573 6 6 6
1574 33 32 6
1575 18 18 4
1576 22 21 5
1577 13 13 5
1578 19 18 6
1579 16 16 4
1580 20 19 5
1581 23 22 6
1582 22 22 4
1583 24 23 5
1584 19 18 4
1585 18 17 5
1586 23 23 5
1587 31 30 6
1588 18 17 5
1589 9 8 4
1590 22 21 7
1591 25 24 4
1592 10 9 5
1593 19 18 4
1594 22 21 5
1595 15 15 5
1596 21 20 6
1597 30 30 4
1598 18 17 5
1599 13 13 5
1600 13 12 4
1601 6 5 4
1602 26 25 5
1603 17 16 6
1604 18 18 6
1605 14 14 4
1606 16 15 5
1607 17 17 5
1608 19 18 6
1609 20 19 5
1610 15 14 6
1611 12 12 4
1612 20 19 7
1613 15 14 4
1614 14 13 5
1615 13 12 4
1616 24 23 5
1617 21 20 6
1618 16 15 5
1619 13 12 4
1620 24 23 5
1621 15 15 5
1622 15 14 4
1623 12 11 5
1624 21 20 6
1625 10 10 4
1626 16 15 5
1627 11 11 5
1628 11 11 5
1629 23 22 6
1630 10 10 4
1631 24 23 7
1632 17 16 6
1633 14 14 6
1634 24 24 4
1635 16 15 5
1636 17 17 5
1637 13 12 6
1638 12 12 4
1639 14 13 5
1640 19 19 5
1641 15 15 5
1642 17 16 6
1643 28 28 6
1644 22 22 4
1645 30 29 5
1646 23 23 5
1647 15 15 5
1648 21 20 6
1649 30 30 6
1650 28 27 5
1651 25 24 6
1652 20 20 4
1653 34 33 5
1654 29 28 6
1655 22 21 5
1656 25 25 7
1657 19 18 4
1658 36 35 7
1659 33 32 4
1660 30 29 7
1661 29 28 6
1662 24 23 5
1663 23 22 6
1664 18 18 6
1665 26 26 6
1666 30 29 5
1667 23 22 4
1668 18 17 5
1669 27 27 5
1670 21 20 6
1671 12 12 4
1672 20 19 5
1673 17 17 5
1674 13 13 5
1675 13 12 4
1676 26 25 5
1677 19 19 5
1678 11 11 5
1679 15 15 5
1680 19 18 6
1681 10 10 4
1682 22 21 7
1683 13 12 4
1684 16 15 5
1685 13 12 6
1686 6 6 6
1687 21 20 6
1688 18 18 6
1689 12 12 6
1690 12 12 6
1691 12 12 4
1692 18 17 5
1693 19 18 6
1694 10 10 4
1695 14 13 5
1696 11 11 5
1697 19 18 6
1698 12 12 6
1699 14 14 4
1700 12 11 7
1701 13 12 4
1702 14 13 5
1703 15 14 4
1704 6 5 4
1705 8 7 6
1706 6 6 6
1707 11 10 4
1708 14 13 7
1709 15 14 4
1710 20 19 5
1711 19 18 6
1712 14 14 6
1713 18 18 4
1714 12 11 5
1715 11 10 4
1716 12 11 5
1717 9 9 5
1718 17 16 6
1719 8 8 4
1720 18 17 5
1721 23 22 6
1722 18 18 4
1723 16 15 5
1724 15 15 5
1725 15 14 6
1726 12 11 5
1727 23 22 6
1728 28 28 6
1729 20 19 5
1730 19 18 6
1731 16 16 4
1732 12 11 5
1733 19 18 4
1734 20 19 5
1735 13 13 5
1736 9 9 5
1737 11 10 4
1738 14 13 5
1739 13 12 6
1740 12 11 5
1741 17 16 4
1742 12 11 5
1743 11 11 5
1744 11 11 5
1745 7 6 5
1746 15 14 4
1747 16 15 5
1748 13 13 5
1749 19 18 6
1750 14 13 5
1751 15 14 6
1752 10 10 4
1753 12 11 5
1754 11 11 5
1755 15 15 5
1756 13 12 6
1757 6 6 6
1758 15 14 6
1759 12 12 4
1760 12 11 5
1761 17 17 5
1762 25 25 5
1763 19 19 5
1764 11 11 5
1765 11 11 5
1766 9 8 4
1767 12 11 5
1768 17 16 6
1769 16 16 6
1770 14 14 4
1771 18 17 5
1772 11 11 5
1773 13 13 5
1774 19 18 6
1775 16 16 6
1776 16 16 4
1777 16 15 5
1778 13 12 6
1779 20 20 4
1780 14 13 7
1781 23 22 4
1782 20 19 5
1783 15 15 5
1784 15 15 5
1785 11 11 5
1786 5 5 5
1787 12 11 5
1788 15 14 6
1789 10 9 5
1790 13 12 4
1791 10 9 5
1792 9 9 5
1793 7 6 5
1794 15 14 6
1795 14 13 5
1796 15 14 6
1797 12 12 4
1798 16 15 5
1799 11 11 5
1800 15 15 5
1801 29 28 6
1802 8 8 4
1803 16 15 5
1804 11 11 5
1805 9 9 5
1806 13 12 6
1807 10 10 4
1808 14 13 5
1809 21 21 5
1810 17 17 5
1811 15 15 5
1812 13 13 5
1813 27 26 6
1814 24 24 6
1815 24 24 6
1816 18 18 6
1817 6 6 6
1818 19 18 6
1819 12 12 4
1820 16 15 5
1821 19 19 5
1822 23 23 5
1823 21 21 5
1824 13 12 4
1825 12 11 5
1826 15 15 5
1827 11 11 5
1828 23 22 6
1829 12 12 4
1830 12 11 5
1831 11 10 4
1832 14 13 7
1833 15 14 4
1834 14 13 5
1835 21 21 5
1836 17 16 6
1837 24 24 6
1838 16 16 6
1839 14 14 6
1840 16 16 4
1841 20 19 5
1842 23 23 5
1843 25 25 5
1844 31 31 5
1845 37 37 5
1846 13 12 4
1847 20 19 5
1848 31 31 5
1849 25 25 5
1850 29 29 5
1851 29 29 5
1852 19 18 6
1853 22 21 5
1854 27 27 5
1855 31 31 7
1856 17 16 4
1857 24 23 5
1858 21 20 4
1859 32 31 5
1860 27 26 6
1861 34 33 7
1862 39 38 8
1863 28 27 7
1864 23 23 5
1865 23 22 6
1866 30 30 6
1867 34 33 7
1868 25 25 5
1869 23 23 7
1870 37 36 8
1871 30 29 5
1872 29 28 6
1873 40 39 9
1874 23 23 5
1875 45 44 8
1876 24 23 5
1877 33 32 8
1878 22 22 4
1879 28 27 5
1880 31 30 6
1881 32 31 5
1882 29 29 7
1883 41 41 9
1884 27 26 8
1885 46 45 7
1886 23 22 4
1887 48 47 9
1888 25 25 5
1889 27 27 7
1890 21 20 4
1891 34 33 5
1892 27 27 7
1893 33 32 6
1894 32 32 4
1895 18 17 5
1896 11 11 5
1897 43 42 4
1898 54 53 7
1899 23 23 7
1900 21 21 5
1901 31 31 9
1902 29 28 6
1903 28 28 4
1904 30 29 7
1905 35 35 5
1906 33 32 6
1907 26 25 7
1908 39 38 8
1909 24 24 6
1910 26 26 6
1911 38 38 8
1912 46 45 11
1913 45 44 10
1914 34 34 6
1915 32 32 6
1916 24 24 6
1917 16 16 4
1918 48 47 7
1919 27 27 5
1920 41 40 6
1921 26 26 6
1922 40 39 9
1923 31 31 7
1924 31 31 7
1925 29 28 6
1926 28 27 9
1927 39 38 8
1928 46 45 7
1929 25 24 4
1930 24 23 5
1931 21 20 6
1932 24 24 4
1933 32 31 5
1934 23 23 5
1935 29 29 5
1936 37 36 8
1937 28 27 7
1938 37 36 6
1939 42 42 8
1940 28 28 6
1941 18 18 6
1942 26 26 6
1943 22 22 6
1944 24 24 8
1945 28 27 7
1946 27 26 4
1947 34 33 7
1948 23 22 6
1949 22 22 6
1950 26 25 5
1951 25 25 5
1952 17 16 4
1953 20 19 5
1954 19 19 5
1955 21 20 6
1956 22 22 4
1957 20 19 5
1958 21 20 6
1959 28 28 6
1960 26 26 6
1961 18 17 5
1962 25 24 8
1963 26 26 6
1964 24 24 6
1965 20 20 4
1966 20 19 5
1967 19 19 5
1968 21 20 6
1969 22 22 6
1970 22 21 5
1971 17 17 5
1972 23 23 5
1973 29 28 4
1974 22 21 5
1975 23 22 4
1976 12 11 5
1977 21 20 6
1978 18 18 4
1979 30 29 5
1980 21 20 6
1981 14 14 4
1982 14 13 5
1983 13 13 5
1984 15 15 5
1985 11 10 6
1986 16 16 4
1987 20 19 5
1988 13 13 5
1989 21 21 5
1990 17 16 4
1991 14 13 5
1992 11 10 4
1993 20 19 5
1994 15 15 5
1995 21 20 4
1996 14 13 5
1997 17 16 4
1998 6 5 4
1999 22 21 7
2000 13 12 4
2001 12 11 5
2002 15 14 6
2003 16 16 6
2004 20 20 4
2005 10 9 5
2006 21 20 6
2007 16 16 4
2008 8 7 6
2009 14 14 4
2010 16 15 7
2011 19 18 4
2012 16 15 5
2013 13 13 5
2014 21 21 5
2015 25 24 4
2016 20 19 5
2017 17 17 5
2018 11 10 6
2019 16 16 6
2020 20 20 6
2021 20 20 6
2022 16 16 4
2023 14 13 5
2024 13 13 5
2025 13 12 4
2026 20 19 5
2027 15 14 6
2028 14 14 4
2029 14 13 5
2030 5 5 5
2031 8 7 6
2032 8 8 4
2033 16 15 5
2034 15 15 5
2035 17 16 4
2036 22 21 5
2037 13 13 5
2038 11 10 4
2039 14 13 5
2040 11 11 5
2041 11 11 5
2042 9 8 4
2043 16 15 5
2044 17 16 6
2045 14 13 5
2046 25 24 4
2047 12 11 5
2048 11 10 6
2049 10 9 5
2050 11 10 4
2051 12 11 5
2052 5 5 5
2053 6 5 4
2054 10 9 5
2055 15 14 6
2056 16 15 5
2057 25 24 6
2058 24 24 4
2059 22 21 5
2060 17 17 5
2061 15 14 6
2062 18 18 6
2063 16 16 4
2064 14 13 5
2065 11 10 4
2066 14 13 5
2067 13 13 5
2068 15 14 6
2069 10 10 4
2070 22 21 5
2071 21 20 4
2072 22 21 7
2073 23 22 4
2074 16 15 5
2075 9 9 5
2076 9 8 4
2077 14 13 5
2078 21 21 5
2079 11 11 5
2080 17 16 6
2081 8 8 4
2082 24 23 5
2083 25 25 5
2084 11 11 5
2085 7 6 5
2086 13 12 6
2087 14 14 6
2088 10 10 4
2089 12 11 5
2090 15 14 6
2091 12 12 6
2092 6 6 6
2093 19 18 6
2094 10 9 5
2095 11 10 6
2096 8 8 4
2097 6 5 4
2098 22 21 5
2099 19 19 5
2100 19 18 4
2101 8 7 6
2102 12 12 6
2103 14 14 4
2104 12 11 5
2105 7 6 5
2106 11 11 5
2107 17 16 6
2108 16 16 4
2109 12 11 5
2110 11 11 5
2111 9 8 4
2112 24 23 5
2113 19 19 5
2114 15 15 5
2115 11 11 5
2116 11 10 6
2117 12 12 4
2118 18 17 5
2119 15 14 4
2120 40 39 7
2121 25 24 4
2122 26 25 5
2123 19 19 5
2124 31 30 6
2125 22 21 5
2126 23 22 4
2127 22 21 5
2128 23 22 4
2129 22 21 5
2130 23 23 5
2131 19 18 4
2132 24 23 5
2133 25 25 5
2134 23 23 5
2135 29 28 4
2136 24 23 5
2137 31 31 5
2138 31 31 7
2139 45 44 4
2140 26 25 5
2141 25 25 5
2142 15 14 4
2143 20 19 5
2144 19 19 5
2145 19 18 4
2146 38 37 5
2147 27 27 5
2148 23 23 5
2149 21 20 6
2150 26 25 5
2151 21 21 5
2152 29 28 6
2153 18 18 4
2154 26 25 7
2155 19 18 4
2156 36 35 5
2157 17 17 5
2158 27 26 4
2159 18 17 5
2160 33 32 6
2161 18 18 6
2162 28 28 6
2163 22 21 5
2164 15 14 6
2165 16 16 4
2166 26 25 5
2167 23 22 6
2168 18 18 6
2169 22 22 6
2170 26 25 5
2171 25 25 5
2172 21 20 6
2173 24 24 4
2174 18 17 7
2175 27 26 6
2176 22 22 4
2177 28 27 5
2178 19 19 5
2179 29 28 6
2180 14 13 5
2181 31 30 6
2182 24 24 6
2183 24 24 6
2184 14 14 4
2185 12 11 5
2186 25 24 4
2187 20 19 5
2188 23 23 5
2189 25 24 8
2190 14 14 4
2191 18 17 5
2192 19 19 5
2193 33 32 6
2194 20 19 5
2195 31 30 6
2196 14 14 4
2197 22 21 7
2198 17 16 4
2199 16 15 5
2200 15 15 5
2201 23 22 4
2202 22 21 5
2203 5 5 5
2204 22 21 5
2205 15 15 5
2206 17 16 6
2207 20 19 5
2208 23 22 6
2209 12 12 6
2210 22 22 6
2211 14 14 4
2212 16 15 5
2213 21 20 6
2214 24 24 6
2215 14 14 6
2216 16 16 4
2217 38 37 7
2218 13 12 4
2219 20 19 5
2220 11 10 4
2221 22 21 5
2222 21 20 4
2223 18 17 5
2224 15 15 5
2225 13 13 5
2226 15 14 4
2227 22 21 7
2228 19 18 4
2229 24 23 5
2230 19 19 5
2231 11 10 4
2232 26 25 5
2233 13 13 5
2234 23 22 6
2235 12 12 4
2236 26 25 5
2237 23 23 5
2238 15 15 5
2239 9 8 4
2240 24 23 5
2241 11 11 5
2242 15 14 6
2243 18 18 4
2244 18 17 7
2245 11 10 4
2246 10 9 5
2247 19 18 6
2248 6 6 6
2249 13 12 6
2250 16 16 4
2251 12 11 5
2252 19 18 6
2253 14 14 6
2254 14 14 4
2255 14 13 5
2256 23 23 5
2257 13 12 4
2258 12 11 5
2259 15 14 4
2260 16 15 7
2261 13 12 4
2262 14 13 5
2263 17 16 6
2264 12 11 5
2265 11 10 4
2266 12 11 5
2267 11 11 5
2268 11 11 5
2269 17 16 4
2270 18 17 7
2271 7 6 5
2272 11 10 4
2273 6 5 4
2274 20 19 5
2275 9 9 5
2276 19 18 6
2277 14 13 5
2278 13 12 4
2279 14 13 5
2280 5 5 5
2281 16 15 5
2282 13 12 6
2283 8 8 4
2284 12 11 5
2285 19 18 6
2286 14 14 4
2287 14 13 5
2288 11 11 5
2289 9 8 4
2290 10 9 5
2291 11 10 4
2292 12 11 5
2293 7 6 5
2294 21 21 5
2295 17 17 5
2296 19 19 5
2297 9 8 4
2298 12 11 5
2299 5 5 5
2300 6 5 4
2301 10 9 5
2302 9 9 5
2303 13 13 5
2304 13 12 6
2305 18 17 5
2306 17 16 4
2307 18 17 7
2308 17 16 4
2309 24 23 7
2310 13 12 4
2311 10 9 5
2312 11 10 6
2313 14 14 4
2314 18 17 5
2315 11 11 5
2316 9 8 4
2317 10 9 5
2318 11 11 5
2319 13 12 4
2320 16 15 5
2321 13 13 5
2322 7 6 5
2323 17 17 5
2324 19 18 6
2325 6 6 6
2326 11 10 4
2327 8 7 6
2328 8 8 4
2329 10 9 5
2330 9 8 4
2331 14 13 7
2332 15 14 4
2333 16 15 5
2334 5 5 5
2335 10 9 5
2336 21 21 7
2337 13 12 4
2338 12 11 5
2339 11 10 4
2340 10 9 5
2341 13 12 6
2342 10 10 6
2343 12 12 4
2344 12 11 5
2345 13 12 4
2346 10 9 5
2347 7 7 7
2348 12 12 4
2349 14 13 5
2350 13 13 5
2351 13 13 5
2352 11 10 6
2353 8 8 4
2354 12 11 5
2355 9 9 5
2356 7 6 5
2357 15 14 6
2358 6 6 6
2359 11 10 4
2360 14 13 5
2361 15 14 4
2362 10 9 5
2363 9 8 7
2364 13 12 4
2365 10 9 5
2366 7 6 5
2367 11 11 5
2368 7 6 5
2369 13 12 4
2370 16 15 5
2371 13 13 5
2372 13 12 6
2373 12 12 4
2374 6 5 4
2375 8 7 6
2376 10 10 6
2377 12 12 4
2378 10 9 5
2379 9 9 5
2380 11 10 4
2381 10 9 5
2382 13 13 5
2383 13 12 6
2384 8 8 4
2385 14 13 5
2386 13 13 5
2387 9 9 5
2388 13 12 4
2389 6 5 4
2390 10 9 5
2391 11 10 4
2392 16 15 7
2393 15 14 4
2394 12 11 5
2395 15 14 6
2396 12 12 6
2397 6 6 6
2398 11 10 4
2399 12 11 5
2400 17 16 6
2401 8 8 4
2402 18 17 5
2403 15 14 4
2404 14 13 5
2405 13 13 5
2406 9 9 5
2407 13 12 6
2408 14 14 6
2409 12 12 4
2410 12 11 5
2411 15 15 5
2412 11 10 4
2413 20 19 5
2414 17 16 6
2415 10 10 4
2416 10 9 5
2417 13 12 6
2418 14 14 6
2419 20 20 4
2420 24 23 7
2421 13 12 4
2422 16 15 5
2423 31 30 6
2424 36 36 6
2425 30 29 5
2426 23 23 5
2427 23 23 5
2428 15 14 6
2429 18 18 4
2430 34 33 7
2431 15 14 4
2432 16 15 5
2433 15 15 5
2434 17 16 4
2435 34 33 7
2436 25 24 6
2437 36 36 6
2438 24 24 6
2439 24 24 6
2440 38 37 9
2441 33 32 4
2442 24 23 7
2443 25 24 6
2444 26 26 6
2445 34 33 5
2446 23 23 5
2447 25 24 4
2448 22 21 5
2449 37 37 7
2450 25 25 5
2451 27 26 8
2452 52 52 6
2453 32 32 4
2454 32 31 7
2455 29 28 6
2456 44 44 6
2457 32 32 4
2458 22 21 7
2459 37 36 8
2460 36 36 6
2461 36 36 6
2462 36 35 7
2463 33 32 8
2464 26 26 4
2465 26 25 5
2466 23 23 5
2467 27 27 7
2468 27 26 6
2469 28 28 4
2470 36 35 7
2471 17 16 4
2472 34 33 7
2473 17 16 4
2474 20 19 5
2475 19 19 5
2476 21 20 6
2477 26 26 6
2478 16 15 5
2479 29 29 5
2480 17 17 5
2481 21 20 6
2482 14 14 4
2483 20 19 5
2484 23 23 5
2485 31 30 6
2486 22 22 6
2487 22 22 4
2488 36 35 7
2489 17 16 6
2490 18 18 6
2491 24 23 5
2492 17 16 6
2493 16 16 4
2494 24 23 7
2495 21 20 4
2496 14 13 5
2497 15 15 5
2498 27 26 6
2499 12 12 4
2500 16 15 5
2501 19 18 6
2502 20 20 4
2503 14 13 5
2504 11 10 6
2505 10 10 6
2506 10 10 4
2507 18 17 5
2508 21 20 6
2509 20 20 4
2510 24 23 5
2511 23 22 6
2512 16 16 4
2513 16 15 5
2514 21 20 6
2515 14 14 4
2516 18 17 7
2517 19 18 6
2518 22 22 6
2519 12 12 4
2520 16 15 5
2521 11 10 4
2522 20 19 5
2523 9 9 5
2524 15 15 5
2525 13 12 6
2526 20 20 4
2527 14 13 7
2528 13 12 4
2529 24 23 5
2530 13 13 5
2531 21 21 5
2532 17 16 6
2533 10 10 4
2534 12 11 5
2535 19 18 6
2536 10 10 4
2537 20 19 5
2538 13 13 5
2539 13 12 4
2540 16 15 5
2541 15 15 5
2542 17 16 6
2543 24 24 4
2544 18 17 5
2545 13 12 4
2546 10 9 5
2547 15 14 6
2548 18 17 5
2549 19 18 6
2550 14 14 6
2551 18 18 4
2552 12 11 5
2553 21 21 5
2554 11 10 4
2555 22 21 7
2556 21 20 4
2557 22 21 5
2558 19 19 5
2559 21 20 6
2560 16 16 4
2561 22 21 5
2562 19 19 5
2563 27 26 4
2564 26 25 5
2565 17 17 5
2566 11 10 4
2567 14 13 5
2568 15 15 5
2569 29 28 4
2570 24 23 7
2571 21 20 6
2572 14 14 4
2573 18 17 5
2574 23 23 5
2575 25 24 4
2576 12 11 5
2577 31 30 4
2578 18 17 5
2579 29 28 6
2580 24 24 6
2581 18 18 6
2582 16 16 4
2583 20 19 5
2584 17 17 5
2585 21 21 5
2586 17 16 4
2587 20 19 5
2588 21 21 5
2589 21 20 6
2590 18 18 4
2591 16 15 5
2592 15 15 5
2593 23 22 6
2594 12 12 6
2595 20 20 4
2596 16 15 5
2597 17 17 5
2598 19 19 5
2599 19 18 4
2600 24 23 7
2601 17 16 6
2602 12 12 4
2603 20 19 5
2604 9 8 4
2605 14 13 5
2606 11 10 4
2607 14 13 5
2608 17 17 5
2609 13 12 6
2610 24 23 5
2611 19 19 5
2612 13 12 4
2613 12 11 5
2614 15 14 6
2615 16 15 5
2616 15 14 4
2617 10 9 5
2618 19 18 4
2619 22 21 5
2620 15 15 5
2621 17 16 4
2622 16 15 5
2623 13 13 5
2624 15 14 6
2625 12 12 6
2626 12 12 4
2627 12 11 5
2628 7 6 5
2629 23 22 6
2630 14 14 4
2631 20 19 7
2632 11 10 4
2633 16 15 5
2634 17 16 6
2635 24 24 6
2636 10 10 4
2637 14 13 5
2638 9 8 4
2639 20 19 5
2640 9 9 5
2641 13 13 5
2642 13 12 4
2643 14 13 5
2644 17 17 5
2645 13 12 6
2646 10 10 4
2647 10 9 5
2648 23 22 6
2649 12 11 5
2650 17 16 6
2651 8 8 4
2652 20 19 5
2653 13 12 4
2654 14 13 5
2655 11 11 5
2656 19 18 6
2657 14 13 5
2658 11 10 6
2659 14 14 6
2660 10 10 4
2661 24 23 5
2662 11 10 6
2663 10 9 5
2664 11 10 4
2665 12 11 5
2666 13 12 6
2667 10 10 4
2668 16 15 5
2669 17 16 6
2670 14 13 5
2671 13 12 4
2672 8 7 6
2673 6 6 6
2674 13 12 4
2675 6 5 4
2676 14 13 5
2677 13 13 5
2678 11 11 5
2679 11 10 4
2680 24 23 5
2681 17 17 5
2682 19 18 6
2683 14 14 4
2684 6 5 4
2685 16 15 5
2686 5 5 5
2687 20 19 5
2688 15 14 6
2689 16 15 5
2690 9 8 4
2691 10 9 5
2692 17 17 5
2693 13 12 4
2694 12 11 5
2695 15 14 6
2696 20 20 4
2697 20 19 5
2698 13 12 4
2699 12 11 5
2700 19 18 4
2701 18 17 5
2702 21 20 6
2703 18 18 6
2704 26 26 4
2705 14 13 5
2706 27 26 6
2707 24 23 5
2708 25 25 5
2709 17 16 4
2710 26 25 5
2711 19 18 4
2712 20 19 5
2713 29 28 6
2714 26 26 6
2715 28 28 6
2716 26 25 5
2717 27 26 6
2718 28 27 5
2719 17 16 4
2720 18 17 5
2721 27 27 7
2722 19 18 4
2723 22 21 5
2724 21 21 5
2725 29 28 6
2726 20 20 4
2727 28 27 5
2728 31 30 6
2729 26 25 5
2730 31 30 6
2731 26 26 6
2732 22 21 5
2733 29 28 6
2734 40 39 5
2735 25 25 5
2736 41 40 6
2737 20 19 5
2738 29 28 6
2739 30 30 6
2740 20 20 6
2741 16 16 4
2742 18 17 5
2743 21 20 4
2744 20 19 5
2745 25 25 7
2746 27 26 6
2747 24 24 6
2748 20 20 6
2749 14 13 5
2750 23 22 6
2751 30 30 6
2752 14 13 5
2753 17 17 5
2754 17 17 5
2755 31 31 5
2756 23 23 5
2757 21 20 6
2758 26 25 5
2759 33 32 6
2760 26 25 5
2761 17 16 4
2762 18 17 5
2763 23 23 5
2764 29 28 6
2765 16 16 6
2766 36 36 8
2767 34 33 7
2768 25 24 6
2769 24 24 6
2770 34 34 6
2771 32 32 6
2772 24 24 6
2773 24 24 6
2774 24 24 4
2775 36 35 7
2776 15 15 5
2777 33 32 4
2778 20 19 5
2779 23 23 7
2780 17 16 4
2781 26 25 7
2782 25 25 7
2783 35 34 6
2784 24 23 5
2785 21 21 5
2786 17 16 4
2787 24 23 7
2788 27 27 7
2789 25 24 6
2790 16 16 6
2791 10 10 4
2792 34 33 7
2793 19 18 6
2794 28 28 6
2795 24 23 5
2796 31 31 7
2797 37 36 8
2798 20 20 6
2799 18 18 6
2800 14 14 6
2801 14 14 4
2802 14 13 5
2803 11 11 5
2804 13 13 5
2805 25 25 5
2806 33 33 5
2807 19 18 6
2808 34 33 5
2809 23 22 4
2810 12 11 5
2811 35 34 8
2812 8 8 4
2813 26 25 5
2814 19 19 7
2815 19 18 4
2816 26 25 5
2817 9 9 5
2818 19 18 4
2819 18 17 7
2820 27 26 4
2821 14 13 5
2822 27 26 6
2823 8 8 4
2824 18 17 5
2825 17 17 5
2826 17 16 6
2827 16 16 4
2828 10 9 5
2829 9 9 5
2830 13 12 6
2831 16 16 6
2832 10 10 4
2833 12 11 5
2834 11 11 5
2835 13 12 4
2836 16 15 5
2837 11 10 6
2838 10 10 4
2839 16 15 5
2840 13 13 5
2841 19 18 6
2842 30 30 6
2843 16 16 4
2844 20 19 5
2845 15 14 6
2846 22 22 6
2847 12 12 4
2848 18 17 5
2849 11 10 4
2850 12 11 5
2851 11 11 5
2852 19 19 5
2853 29 29 5
2854 23 22 6
2855 20 19 5
2856 13 12 4
2857 16 15 7
2858 11 10 4
2859 16 15 5
2860 11 11 5
2861 13 12 6
2862 12 12 4
2863 14 13 5
2864 11 11 5
2865 11 10 4
2866 20 19 7
2867 15 14 4
2868 8 7 6
2869 22 22 4
2870 14 13 5
2871 19 19 5
2872 15 15 5
2873 9 9 5
2874 13 12 4
2875 20 19 7
2876 15 14 6
2877 8 8 4
2878 6 5 4
2879 18 17 5
2880 25 24 6
2881 8 8 4
2882 10 9 5
2883 5 5 5
2884 10 9 5
2885 21 20 6
2886 14 14 4
2887 16 15 5
2888 15 15 5
2889 31 30 6
2890 18 18 6
2891 22 22 6
2892 8 8 4
2893 16 15 5
2894 21 20 6
2895 16 15 5
2896 11 10 6
2897 12 12 4
2898 18 17 5
2899 17 17 5
2900 15 14 6
2901 18 18 6
2902 10 10 4
2903 18 17 5
2904 13 13 5
2905 17 16 4
2906 14 13 5
2907 13 12 6
2908 10 10 4
2909 18 17 5
2910 17 16 6
2911 22 21 5
2912 19 18 6
2913 14 14 4
2914 24 23 7
2915 13 12 4
2916 24 23 5
2917 17 16 6
2918 14 14 6
2919 16 16 4
2920 10 9 5
2921 11 11 5
2922 17 16 6
2923 10 10 4
2924 16 15 5
2925 21 21 5
2926 21 20 6
2927 16 16 4
2928 18 17 5
2929 9 9 5
2930 11 10 4
2931 12 11 5
2932 19 19 5
2933 17 17 5
2934 15 14 6
2935 10 10 4
2936 18 17 5
2937 13 13 5
2938 17 16 4
2939 16 15 5
2940 11 10 6
2941 12 12 4
2942 10 9 5
2943 17 16 6
2944 16 15 5
2945 19 18 6
2946 14 14 4
2947 14 13 5
2948 15 14 6
2949 10 10 4
2950 18 17 5
2951 29 29 5
2952 15 15 5
2953 19 18 4
2954 22 21 5
2955 17 16 6
2956 16 16 6
2957 20 19 5
2958 13 12 4
2959 26 25 7
2960 23 22 6
2961 16 16 6
2962 20 20 4
2963 28 27 9
2964 11 10 4
2965 28 27 9
2966 23 23 7
2967 29 29 9
2968 17 16 4
2969 22 21 5
2970 31 30 8
2971 24 24 4
2972 26 25 5
2973 21 20 8
2974 18 18 4
2975 22 21 5
2976 17 16 4
2977 18 17 7
2978 27 26 6
2979 20 20 6
2980 18 18 6
2981 14 14 6
2982 16 16 4
2983 14 13 5
2984 15 14 6
2985 20 20 6
2986 18 18 4
2987 20 19 5
2988 15 15 5
2989 17 16 4
2990 24 23 7
2991 19 19 5
2992 15 15 5
2993 23 23 7
2994 21 20 4
2995 30 29 5
2996 27 26 6
2997 22 22 4
2998 36 35 7
2999 21 20 4
3000 30 29 7
3001 15 14 6
3002 16 16 4
3003 26 25 5
3004 25 25 5
3005 25 25 5
3006 25 25 5
3007 25 25 5
3008 19 18 4
3009 20 19 5
3010 23 23 5
3011 13 13 5
3012 17 16 4
3013 26 25 5
3014 25 25 5
3015 15 15 5
3016 27 26 8
3017 12 12 6
3018 18 18 6
3019 34 34 6
3020 12 12 4
3021 20 19 5
3022 27 26 6
3023 18 17 5
3024 23 22 8
3025 18 17 5
3026 21 20 8
3027 20 20 4
3028 26 25 7
3029 29 28 8
3030 22 22 6
3031 26 25 7
3032 21 20 4
3033 32 31 9
3034 23 23 5
3035 19 18 6
3036 22 22 4
3037 20 19 5
3038 27 27 5
3039 29 28 6
3040 26 26 6
3041 26 26 6
3042 34 34 8
3043 24 24 4
3044 30 29 5
3045 25 24 6
3046 26 25 5
3047 23 22 6
3048 22 22 6
3049 14 13 5
3050 29 28 6
3051 28 27 7
3052 17 16 4
3053 14 13 5
3054 15 15 5
3055 15 14 4
3056 20 19 7
3057 23 22 4
3058 20 19 5
3059 19 19 5
3060 21 21 7
3061 13 13 5
3062 21 20 6
3063 22 22 8
3064 20 20 6
3065 12 12 4
3066 24 23 5
3067 13 13 5
3068 15 14 4
3069 20 19 5
3070 19 18 4
3071 24 23 5
3072 13 12 6
3073 14 14 4
3074 14 13 5
3075 23 22 4
3076 20 19 5
3077 21 20 6
3078 22 22 6
3079 18 18 6
3080 18 18 6
3081 18 18 4
3082 12 11 5
3083 23 22 6
3084 16 16 6
3085 14 14 6
3086 14 14 4
3087 14 13 5
3088 17 17 5
3089 29 28 6
3090 12 11 5
3091 15 14 6
3092 14 14 4
3093 12 11 5
3094 13 13 5
3095 15 14 4
3096 14 13 7
3097 15 14 4
3098 12 11 5
3099 13 13 5
3100 27 26 6
3101 12 12 4
3102 20 19 5
3103 19 19 5
3104 23 22 6
3105 12 12 6
3106 30 30 4
3107 18 17 5
3108 27 26 6
3109 18 18 4
3110 24 23 5
3111 15 15 5
3112 21 21 5
3113 29 28 6
3114 32 32 6
3115 22 21 5
3116 23 23 5
3117 27 26 4
3118 30 29 7
3119 41 40 8
3120 22 22 4
3121 18 17 5
3122 33 32 6
3123 28 27 5
3124 25 24 6
3125 28 28 4
3126 34 33 5
3127 31 31 5
3128 37 36 4
3129 26 25 5
3130 27 26 6
3131 30 30 6
3132 28 28 6
3133 10 10 4
3134 26 25 5
3135 23 23 5
3136 21 21 5
3137 25 25 7
3138 19 19 5
3139 21 20 6
3140 18 18 4
3141 22 21 5
3142 13 12 6
3143 18 18 6
3144 16 16 4
3145 16 15 5
3146 13 13 5
3147 17 16 6
3148 14 14 4
3149 12 11 5
3150 13 13 5
3151 13 13 5
3152 15 14 6
3153 10 10 4
3154 10 9 5
3155 9 9 5
3156 11 10 4
3157 14 13 5
3158 13 13 5
3159 13 12 6
3160 20 20 6
3161 12 12 4
3162 12 11 5
3163 15 14 6
3164 10 9 5
3165 9 8 4
3166 16 15 5
3167 19 19 5
3168 17 16 6
3169 10 10 4
3170 12 11 5
3171 9 9 5
3172 9 9 5
3173 13 13 5
3174 25 24 6
3175 18 18 4
3176 22 21 7
3177 9 8 4
3178 10 9 5
3179 11 10 4
3180 10 9 5
3181 15 15 5
3182 11 11 5
3183 11 11 5
3184 11 10 6
3185 8 8 4
3186 6 5 4
3187 14 13 5
3188 13 12 4
3189 16 15 7
3190 11 10 4
3191 16 15 5
3192 17 16 6
3193 8 8 4
3194 10 9 5
3195 17 16 6
3196 14 13 5
3197 7 6 5
3198 11 10 6
3199 8 8 4
3200 12 11 5
3201 13 12 6
3202 16 16 6
3203 14 14 6
3204 20 20 4
3205 14 13 5
3206 13 13 5
3207 5 5 5
3208 14 13 5
3209 11 11 5
3210 11 10 6
3211 10 10 4
3212 12 11 5
3213 7 6 5
3214 21 20 6
3215 24 24 6
3216 18 18 4
3217 20 19 5
3218 11 11 5
3219 17 16 6
3220 20 20 6
3221 16 16 6
3222 12 12 4
3223 10 9 5
3224 19 19 5
3225 7 6 5
3226 11 11 5
3227 9 8 4
3228 16 15 7
3229 19 18 4
3230 12 11 5
3231 13 12 6
3232 6 6 6
3233 11 10 4
3234 20 19 7
3235 19 18 6
3236 20 20 4
3237 16 15 5
3238 19 18 6
3239 14 13 5
3240 15 14 6
3241 12 12 4
3242 14 13 5
3243 11 10 4
3244 14 13 5
3245 13 12 4
3246 12 11 5
3247 15 15 5
3248 9 8 4
3249 12 11 5
3250 11 11 5
3251 19 18 6
3252 16 16 6
3253 18 18 6
3254 16 16 6
3255 14 14 4
3256 14 13 5
3257 9 9 5
3258 7 6 5
3259 11 10 6
3260 16 16 6
3261 14 14 4
3262 10 9 5
3263 17 17 5
3264 11 10 4
3265 20 19 7
3266 17 16 4
3267 6 5 4
3268 10 9 5
3269 13 12 6
3270 12 12 6
3271 8 8 4
3272 14 13 5
3273 13 13 5
3274 13 12 4
3275 22 21 5
3276 13 13 5
3277 21 20 6
3278 12 12 4
3279 20 19 5
3280 23 23 5
3281 23 23 5
3282 29 28 6
3283 20 20 6
3284 24 24 6
3285 18 18 4
3286 18 17 5
3287 13 13 5
3288 17 16 4
3289 18 17 5
3290 15 14 6
3291 14 14 4
3292 32 31 7
3293 17 16 6
3294 12 12 4
3295 14 13 5
3296 11 10 6
3297 22 22 6
3298 14 14 6
3299 28 28 6
3300 16 16 6
3301 20 20 6
3302 18 18 4
3303 20 19 5
3304 23 22 6
3305 14 14 4
3306 16 15 5
3307 21 21 5
3308 21 21 5
3309 23 22 6
3310 24 23 5
3311 15 14 4
3312 16 15 5
3313 27 27 5
3314 13 12 4
3315 18 17 5
3316 19 19 5
3317 17 16 4
3318 12 11 5
3319 13 12 6
3320 16 15 5
3321 19 19 5
3322 9 8 4
3323 16 15 5
3324 11 11 5
3325 17 16 6
3326 18 17 5
3327 11 10 4
3328 22 21 5
3329 13 13 5
3330 17 16 6
3331 14 14 6
3332 18 18 6
3333 16 16 6
3334 10 10 4
3335 22 21 5
3336 13 13 5
3337 15 15 5
3338 19 18 4
3339 16 15 5
3340 5 5 5
3341 10 9 5
3342 15 14 6
3343 8 8 4
3344 22 21 7
3345 17 16 6
3346 18 18 4
3347 12 11 5
3348 11 11 5
3349 13 13 5
3350 7 6 5
3351 17 16 6
3352 10 10 4
3353 20 19 5
3354 13 12 6
3355 8 8 4
3356 18 17 7
3357 17 16 4
3358 12 11 5
3359 15 14 6
3360 22 21 5
3361 13 12 6
3362 18 18 6
3363 14 14 4
3364 16 15 5
3365 17 16 6
3366 12 12 4
3367 16 15 5
3368 13 13 5
3369 13 12 6
3370 18 17 5
3371 13 12 4
3372 26 25 5
3373 15 14 6
3374 14 14 4
3375 20 19 5
3376 17 17 5
3377 13 12 4
3378 14 13 7
3379 21 20 4
3380 16 15 5
3381 17 17 5
3382 15 15 5
3383 17 16 6
3384 14 14 6
3385 6 6 6
3386 15 14 4
3387 14 13 5
3388 9 9 5
3389 17 17 5
3390 17 16 6
3391 12 12 4
3392 18 17 5
3393 11 11 5
3394 9 9 5
3395 9 8 4
3396 12 11 5
3397 13 13 5
3398 15 15 5
3399 11 10 4
3400 16 15 7
3401 17 16 6
3402 16 16 4
3403 16 15 5
3404 23 23 5
3405 9 9 5
3406 13 12 4
3407 12 11 5
3408 13 13 5
3409 15 14 6
3410 24 24 6
3411 8 8 4
3412 12 11 5
3413 13 12 6
3414 12 12 6
3415 8 8 4
3416 14 13 5
3417 13 13 5
3418 15 14 4
3419 14 13 5
3420 9 8 4
3421 14 13 5
3422 21 21 5
3423 13 13 5
3424 19 18 6
3425 10 10 4
3426 16 15 5
3427 19 18 6
3428 14 14 4
3429 18 17 5
3430 17 16 4
3431 10 9 5
3432 13 12 6
3433 30 30 6
3434 10 10 4
3435 12 11 5
3436 19 18 6
3437 16 15 5
3438 13 12 6
3439 8 8 4
3440 16 15 5
3441 15 15 5
3442 15 15 5
3443 19 18 6
3444 14 14 6
3445 18 18 6
3446 16 16 4
3447 14 13 5
3448 13 12 6
3449 12 11 5
3450 19 18 6
3451 12 12 6
3452 12 12 4
3453 14 13 5
3454 17 16 6
3455 14 14 6
3456 8 8 4
3457 14 13 5
3458 15 15 5
3459 11 10 6
3460 8 8 4
3461 12 11 5
3462 7 6 5
3463 11 11 5
3464 19 18 6
3465 14 13 5
3466 7 6 5
3467 21 20 6
3468 6 6 6
3469 23 22 6
3470 16 16 4
3471 6 5 4
3472 12 11 5
3473 11 10 4
3474 14 13 5
3475 11 10 4
3476 16 15 5
3477 17 17 5
3478 11 11 5
3479 13 12 6
3480 8 8 4
3481 24 23 7
3482 27 26 4
3483 20 19 5
3484 19 18 4
3485 16 15 7
3486 13 12 4
3487 20 19 5
3488 13 13 5
3489 19 18 6
3490 12 12 4
3491 18 17 5
3492 25 24 4
3493 10 9 5
3494 11 10 4
3495 16 15 5
3496 11 10 6
3497 12 12 6
3498 14 14 4
3499 26 25 5
3500 37 36 6
3501 12 11 5
3502 13 12 4
3503 24 23 5
3504 19 19 5
3505 19 19 5
3506 19 18 6
3507 12 12 4
3508 20 19 5
3509 19 19 7
3510 21 20 6
3511 14 14 6
3512 12 12 4
3513 8 7 6
3514 14 14 4
3515 20 19 5
3516 23 22 6
3517 24 23 5
3518 19 19 5
3519 13 13 5
3520 17 16 6
3521 10 10 4
3522 22 21 5
3523 23 23 5
3524 27 26 6
3525 22 21 5
3526 27 27 5
3527 27 27 7
3528 17 16 6
3529 16 16 6
3530 14 14 4
3531 28 27 5
3532 45 45 5
3533 21 21 5
3534 19 18 4
3535 22 21 5
3536 17 17 5
3537 11 11 5
3538 21 20 4
3539 18 17 5
3540 21 21 5
3541 17 17 5
3542 25 25 5
3543 29 28 6
3544 24 24 4
3545 24 23 5
3546 13 13 5
3547 23 23 7
3548 13 12 4
3549 20 19 5
3550 19 19 7
3551 21 21 7
3552 19 18 6
3553 32 32 4
3554 16 15 5
3555 19 19 5
3556 23 23 5
3557 25 24 6
3558 20 20 4
3559 30 29 5
3560 31 31 5
3561 33 32 6
3562 20 20 4
3563 34 33 5
3564 25 25 5
3565 39 38 6
3566 28 27 5
3567 21 20 8
3568 42 42 6
3569 48 48 8
3570 42 41 7
3571 25 24 8
3572 24 24 4
3573 32 31 7
3574 29 28 6
3575 32 31 5
3576 29 29 7
3577 25 24 4
3578 32 31 5
3579 19 19 5
3580 41 41 7
3581 33 32 4
3582 20 19 5
3583 21 20 4
3584 28 27 5
3585 23 23 5
3586 27 27 5
3587 23 22 6
3588 20 20 6
3589 20 20 4
3590 22 21 5
3591 21 21 5
3592 13 12 4
3593 26 25 5
3594 17 16 4
3595 16 15 5
3596 19 19 5
3597 23 23 5
3598 17 17 5
3599 15 14 6
3600 22 22 4
3601 22 21 7
3602 19 18 4
3603 16 15 5
3604 11 11 5
3605 11 10 4
3606 28 27 7
3607 13 12 4
3608 14 13 5
3609 19 19 5
3610 23 22 6
3611 18 18 6
3612 12 12 4
3613 16 15 5
3614 15 15 5
3615 15 15 5
3616 13 12 4
3617 10 9 5
3618 13 13 5
3619 9 8 4
3620 10 9 5
3621 19 18 6
3622 18 17 5
3623 11 10 4
3624 14 13 7
3625 13 12 4
3626 14 13 5
3627 13 12 6
3628 14 14 4
3629 12 11 5
3630 15 14 6
3631 14 14 6
3632 18 18 4
3633 14 13 5
3634 23 22 6
3635 14 14 4
3636 18 17 5
3637 17 17 7
3638 11 10 4
3639 12 11 5
3640 21 20 6
3641 8 8 4
3642 14 13 5
3643 17 17 5
3644 19 18 4
3645 12 11 5
3646 19 18 4
3647 6 5 4
3648 10 9 5
3649 19 18 6
3650 20 20 4
3651 10 9 5
3652 27 26 6
3653 24 24 6
3654 22 22 4
3655 36 35 5
3656 35 35 5
3657 31 30 6
3658 18 18 4
3659 18 17 5
3660 19 19 5
3661 23 23 5
3662 23 23 5
3663 19 18 4
3664 24 23 5
3665 11 11 5
3666 19 18 4
3667 36 35 7
3668 21 20 4
3669 16 15 5
3670 25 25 5
3671 29 29 5
3672 17 16 4
3673 14 13 5
3674 21 20 4
3675 20 19 5
3676 35 34 6
3677 20 19 5
3678 27 26 4
3679 30 29 7
3680 13 12 4
3681 22 21 5
3682 13 12 6
3683 18 18 6
3684 8 8 4
3685 20 19 5
3686 15 14 6
3687 16 16 6
3688 24 24 4
3689 20 19 5
3690 15 15 7
3691 23 22 4
3692 22 21 5
3693 21 21 5
3694 9 8 4
3695 16 15 5
3696 15 15 5
3697 25 24 6
3698 16 16 4
3699 20 19 5
3700 15 14 6
3701 20 20 4
3702 14 13 5
3703 21 21 5
3704 23 22 6
3705 12 12 4
3706 12 11 5
3707 15 14 4
3708 16 15 5
3709 23 23 5
3710 19 19 5
3711 13 12 6
3712 16 16 4
3713 20 19 5
3714 13 12 4
3715 10 9 5
3716 13 13 5
3717 11 11 5
3718 15 14 4
3719 18 17 5
3720 11 11 5
3721 17 17 5
3722 9 9 5
3723 15 14 4
3724 16 15 5
3725 19 18 6
3726 16 15 5
3727 7 6 5
3728 19 18 4
3729 28 27 7
3730 7 6 5
3731 17 16 4
3732 14 13 5
3733 21 20 4
3734 12 11 5
3735 11 11 5
3736 9 9 5
3737 11 10 4
3738 12 11 5
3739 9 8 4
3740 12 11 5
3741 13 13 5
3742 9 9 5
3743 9 8 4
3744 14 13 5
3745 15 14 4
3746 20 19 5
3747 9 8 4
3748 12 11 5
3749 11 10 4
3750 10 9 5
3751 13 13 5
3752 13 12 6
3753 8 8 4
3754 10 9 5
3755 9 9 5
3756 15 14 4
3757 12 11 5
3758 13 13 5
3759 13 12 6
3760 10 10 6
3761 16 16 6
3762 10 10 4
3763 18 17 5
3764 15 15 5
3765 13 13 5
3766 17 16 6
3767 10 10 4
3768 10 9 5
3769 15 15 5
3770 7 6 5
3771 13 12 4
3772 14 13 5
3773 7 6 5
3774 13 12 6
3775 14 13 5
3776 15 14 4
3777 16 15 5
3778 15 14 6
3779 10 9 5
3780 7 6 5
3781 9 8 4
3782 10 9 5
3783 15 14 6
3784 20 20 6
3785 8 8 4
3786 22 21 5
3787 21 21 5
3788 23 23 5
3789 13 12 6
3790 10 10 6
3791 16 16 4
3792 12 11 5
3793 19 18 6
3794 12 12 6
3795 8 8 4
3796 18 17 7
3797 23 22 6
3798 16 16 4
3799 6 5 4
3800 14 13 5
3801 11 10 4
3802 12 11 5
3803 11 11 5
3804 15 15 5
3805 13 12 6
3806 10 10 4
3807 10 9 5
3808 17 17 5
3809 19 18 6
3810 8 8 4
3811 12 11 5
3812 7 6 5
3813 13 12 4
3814 20 19 7
3815 13 12 4
3816 10 9 5
3817 13 12 4
3818 20 19 5
3819 15 15 5
3820 9 9 5
3821 13 12 6
3822 12 12 6
3823 12 12 4
3824 20 19 5
3825 23 23 5
3826 13 13 5
3827 15 14 4
3828 10 9 5
3829 7 6 5
3830 19 19 7
3831 13 12 4
3832 20 19 5
3833 21 20 6
3834 16 15 5
3835 15 14 4
3836 14 13 5
3837 17 16 4
3838 22 21 5
3839 11 10 6
3840 18 18 6
3841 12 12 4
3842 18 17 5
3843 17 16 6
3844 16 16 4
3845 20 19 5
3846 15 15 5
3847 19 18 6
3848 16 16 6
3849 10 10 4
3850 22 21 7
3851 17 16 4
3852 18 17 5
3853 19 18 6
3854 30 29 5
3855 37 36 6
3856 26 26 6
3857 26 26 6
3858 20 20 4
3859 24 23 5
3860 25 25 5
3861 21 21 5
3862 13 12 6
3863 22 22 6
3864 24 24 6
3865 24 23 5
3866 23 22 6
3867 32 31 5
3868 13 13 5
3869 29 29 5
3870 15 14 4
3871 16 15 5
3872 17 16 6
3873 20 20 4
3874 26 25 7
3875 23 22 6
3876 14 14 4
3877 16 15 5
3878 15 14 4
3879 24 23 7
3880 19 18 4
3881 24 23 7
3882 17 16 4
3883 28 27 7
3884 19 18 4
3885 30 29 5
3886 21 21 5
3887 15 14 4
3888 22 21 5
3889 23 22 6
3890 18 18 4
3891 18 17 5
3892 17 17 5
3893 15 14 6
3894 22 21 5
3895 17 16 6
3896 18 18 4
3897 18 17 5
3898 17 17 5
3899 13 12 6
3900 18 18 4
3901 14 13 7
3902 11 10 4
3903 14 13 5
3904 11 10 4
3905 18 17 5
3906 13 12 4
3907 20 19 5
3908 15 15 5
3909 21 21 5
3910 13 13 5
3911 25 24 6
3912 10 10 6
3913 6 6 6
3914 15 14 4
3915 12 11 5
3916 15 14 6
3917 8 8 4
3918 14 13 7
3919 19 18 4
3920 20 19 5
3921 11 10 6
3922 24 24 6
3923 10 9 5
3924 7 6 5
3925 27 26 6
3926 22 22 4
3927 18 17 5
3928 13 13 5
3929 17 16 6
3930 14 14 6
3931 22 22 4
3932 14 13 5
3933 19 18 6
3934 20 20 6
3935 14 14 4
3936 12 11 5
3937 15 15 5
3938 15 14 4
3939 14 13 5
3940 23 22 6
3941 18 17 5
3942 15 14 4
3943 16 15 5
3944 13 13 5
3945 11 11 5
3946 17 17 5
3947 17 16 6
3948 12 12 4
3949 12 11 5
3950 13 13 5
3951 13 12 6
3952 14 14 4
3953 16 15 5
3954 13 12 4
3955 14 13 5
3956 15 14 6
3957 10 10 4
3958 20 19 5
3959 11 11 5
3960 17 16 6
3961 14 14 6
3962 8 8 4
3963 16 15 5
3964 19 18 4
3965 20 19 5
3966 19 19 5
3967 17 16 4
3968 22 21 5
3969 25 24 6
3970 12 12 4
3971 16 15 5
3972 15 15 5
3973 13 13 5
3974 11 10 4
3975 16 15 5
3976 27 26 6
3977 12 11 5
3978 15 14 4
3979 12 11 5
3980 19 18 6
3981 10 10 6
3982 8 8 4
3983 6 5 4
3984 10 9 5
3985 13 12 6
3986 10 9 5
3987 11 10 4
3988 22 21 5
3989 15 15 5
3990 23 23 5
3991 15 14 6
3992 12 12 6
3993 16 16 4
3994 28 27 5
3995 21 20 6
3996 16 16 6
3997 20 20 4
3998 14 13 5
3999 19 19 5
4000 9 8 4
4001 8 7 6
4002 12 12 4
4003 10 9 5
4004 13 13 5
4005 13 12 6
4006 6 6 6
4007 19 18 6
4008 12 12 4
4009 10 9 5
4010 11 10 4
4011 16 15 5
4012 5 5 5
4013 12 11 5
4014 13 13 5
4015 7 6 5
4016 9 9 5
4017 17 16 6
4018 10 10 4
4019 14 13 5
4020 15 14 6
4021 18 18 6
4022 12 12 4
4023 10 9 5
4024 7 6 5
4025 13 12 6
4026 6 5 4
4027 18 17 5
4028 9 8 4
4029 10 9 5
4030 15 15 5
4031 13 12 6
4032 8 8 4
4033 16 15 7
4034 11 10 4
4035 10 9 5
4036 13 12 4
4037 22 21 5
4038 15 15 5
4039 13 13 5
4040 7 6 5
4041 9 8 4
4042 16 15 7
4043 9 8 4
4044 12 11 5
4045 15 14 4
4046 12 11 5
4047 17 17 7
4048 11 10 4
4049 14 13 5
4050 11 10 4
4051 10 9 5
4052 13 12 6
4053 14 13 5
4054 15 14 4
4055 10 9 5
4056 13 12 6
4057 8 8 4
4058 12 11 5
4059 11 10 4
4060 12 11 5
4061 13 13 5
4062 5 5 5
4063 6 5 4
4064 18 17 5
4065 11 11 5
4066 11 10 6
4067 8 8 4
4068 10 9 5
4069 11 11 5
4070 13 12 6
4071 12 12 6
4072 10 10 4
4073 16 15 5
4074 11 10 4
4075 14 13 5
4076 15 14 6
4077 14 14 4
4078 16 15 5
4079 19 19 5
4080 19 18 6
4081 10 10 4
4082 20 19 5
4083 13 13 5
4084 17 17 5
4085 23 22 6
4086 22 22 4
4087 38 37 7
4088 41 40 6
4089 20 20 4
4090 34 33 5
4091 13 13 5
4092 19 18 6
4093 24 24 4
4094 12 11 5
4095 15 14 4
4096 16 15 5
4097 21 21 5
4098 27 26 6
4099 26 25 5
4100 21 21 5
4101 25 24 6
4102 26 25 5
4103 21 21 5
4104 29 28 6
4105 30 30 6
4106 38 37 5
4107 25 24 4
4108 40 39 7
4109 21 20 4
4110 18 17 5
4111 27 26 6
4112 32 31 7
4113 19 18 4
4114 24 23 5
4115 15 15 5
4116 23 22 6
4117 22 22 4
4118 16 15 5
4119 17 17 5
4120 21 21 5
4121 25 25 5
4122 17 17 5
4123 25 25 5
4124 23 23 5
4125 19 19 5
4126 17 16 6
4127 10 10 4
4128 16 15 5
4129 23 23 5
4130 21 20 4
4131 26 25 5
4132 19 19 5
4133 35 34 8
4134 36 35 5
4135 21 20 4
4136 36 35 5
4137 15 15 5
4138 21 20 4
4139 30 29 5
4140 39 39 5
4141 25 24 4
4142 16 15 5
4143 21 20 6
4144 16 16 4
4145 16 15 5
4146 31 31 5
4147 25 25 5
4148 19 18 4
4149 20 19 5
4150 37 36 4
4151 22 21 5
4152 27 27 7
4153 11 10 4
4154 14 13 5
4155 29 28 6
4156 30 30 4
4157 34 33 7
4158 23 22 4
4159 12 11 5
4160 27 26 6
4161 34 33 5
4162 15 15 5
4163 19 18 4
4164 20 19 5
4165 19 19 5
4166 25 24 6
4167 16 16 4
4168 16 15 5
4169 19 19 7
4170 23 22 6
4171 24 24 6
4172 22 22 6
4173 16 16 4
4174 16 15 5
4175 25 24 6
4176 18 17 5
4177 19 18 6
4178 26 26 6
4179 20 20 6
4180 20 20 4
4181 16 15 5
4182 31 30 4
4183 26 25 5
4184 17 16 6
4185 24 24 6
4186 26 26 4
4187 24 23 7
4188 9 8 4
4189 30 29 7
4190 33 32 4
4191 16 15 5
4192 17 16 4
4193 24 23 7
4194 21 20 4
4195 18 17 5
4196 21 20 4
4197 22 21 5
4198 23 22 6
4199 22 22 4
4200 20 19 5
4201 19 19 5
4202 27 27 5
4203 21 21 5
4204 25 25 7
4205 11 10 4
4206 20 19 5
4207 19 19 5
4208 19 19 5
4209 17 16 4
4210 30 29 5
4211 17 17 5
4212 17 16 4
4213 20 19 5
4214 15 15 5
4215 21 20 6
4216 12 12 4
4217 6 5 4
4218 14 13 5
4219 13 12 4
4220 16 15 7
4221 11 10 4
4222 24 23 5
4223 19 18 6
4224 16 16 6
4225 14 14 6
4226 16 16 4
4227 14 13 5
4228 25 24 6
4229 14 14 4
4230 20 19 5
4231 17 17 5
4232 15 15 5
4233 15 14 6
4234 8 8 4
4235 12 11 5
4236 9 8 4
4237 16 15 7
4238 15 14 4
4239 20 19 5
4240 17 16 6
4241 18 18 6
4242 12 12 6
4243 10 10 4
4244 6 5 4
4245 16 15 5
4246 9 9 5
4247 17 17 5
4248 13 12 4
4249 6 5 4
4250 14 13 5
4251 13 12 6
4252 6 6 6
4253 15 14 4
4254 16 15 5
4255 15 15 5
4256 7 6 5
4257 17 16 6
4258 14 13 5
4259 17 16 6
4260 14 14 6
4261 10 10 4
4262 16 15 5
4263 15 14 6
4264 12 12 6
4265 14 14 4
4266 10 9 5
4267 9 8 4
4268 14 13 5
4269 13 13 5
4270 11 11 5
4271 9 8 4
4272 16 15 5
4273 13 13 5
4274 11 10 6
4275 6 6 6
4276 15 14 4
4277 12 11 5
4278 13 13 5
4279 13 13 5
4280 15 14 6
4281 12 12 6
4282 10 10 4
4283 14 13 5
4284 11 10 6
4285 12 12 6
4286 12 12 4
4287 12 11 5
4288 5 5 5
4289 12 11 5
4290 13 13 5
4291 11 10 4
4292 14 13 5
4293 13 12 6
4294 18 18 4
4295 14 13 7
4296 15 14 4
4297 10 9 5
4298 15 15 5
4299 9 8 4
4300 10 9 5
4301 9 9 5
4302 11 11 5
4303 11 10 4
4304 14 13 5
4305 21 21 5
4306 9 9 5
4307 9 8 4
4308 16 15 5
4309 21 21 5
4310 11 11 5
4311 9 9 5
4312 13 12 4
4313 16 15 7
4314 11 10 4
4315 10 9 5
4316 11 10 4
4317 18 17 7
4318 7 6 5
4319 13 12 6
4320 12 12 4
4321 12 11 5
4322 15 15 5
4323 11 10 4
4324 16 15 7
4325 9 8 4
4326 14 13 5
4327 17 17 5
4328 11 10 4
4329 12 11 5
4330 13 12 6
4331 12 12 4
4332 10 9 5
4333 15 14 6
4334 12 12 4
4335 14 13 7
4336 9 8 4
4337 10 9 5
4338 9 8 4
4339 12 11 5
4340 13 13 5
4341 13 13 5
4342 11 10 4
4343 16 15 5
4344 13 13 5
4345 7 6 5
4346 13 13 5
4347 5 5 5
4348 10 9 5
4349 15 14 6
4350 12 12 6
4351 12 12 4
4352 6 5 4
4353 12 11 5
4354 9 9 5
4355 21 20 6
4356 20 20 6
4357 10 10 4
4358 12 11 5
4359 15 15 5
4360 25 24 4
4361 12 11 5
4362 21 20 6
4363 12 12 4
4364 24 23 5
4365 9 9 5
4366 19 18 4
4367 22 21 7
4368 19 18 4
4369 22 21 5
4370 15 15 5
4371 13 12 4
4372 26 25 5
4373 17 16 6
4374 22 22 4
4375 16 15 5
4376 11 10 4
4377 22 21 5
4378 27 26 4
4379 42 41 5
4380 21 21 5
4381 33 32 6
4382 22 22 4
4383 26 25 5
4384 27 26 6
4385 22 22 4
4386 32 31 5
4387 37 36 4
4388 34 33 5
4389 33 33 9
4390 41 40 8
4391 34 34 6
4392 46 46 10
4393 30 30 8
4394 22 22 4
4395 22 21 5
4396 51 50 8
4397 20 20 6
4398 18 18 6
4399 18 18 4
4400 28 27 7
4401 11 10 4
4402 24 23 5
4403 13 12 4
4404 26 25 7
4405 19 19 5
4406 27 26 6
4407 30 29 7
4408 17 16 4
4409 20 19 5
4410 15 15 5
4411 25 25 5
4412 19 19 5
4413 27 27 5
4414 21 21 5
4415 19 19 5
4416 19 18 4
4417 22 21 5
4418 25 25 7
4419 13 12 6
4420 20 20 4
4421 26 25 5
4422 15 14 4
4423 38 37 5
4424 33 33 5
4425 19 19 5
4426 23 23 5
4427 27 27 5
4428 17 16 4
4429 26 25 7
4430 35 34 6
4431 24 24 4
4432 22 21 5
4433 19 18 4
4434 18 17 5
4435 35 34 8
4436 30 30 6
4437 20 19 7
4438 17 16 4
4439 18 17 5
4440 17 16 6
4441 26 26 6
4442 26 25 5
4443 23 22 6
4444 16 15 5
4445 25 24 4
4446 14 13 5
4447 23 23 5
4448 25 25 5
4449 25 24 6
4450 20 19 5
4451 19 19 5
4452 19 19 5
4453 11 10 4
4454 28 27 5
4455 15 15 5
4456 27 27 5
4457 17 17 5
4458 13 13 5
4459 31 30 6
4460 18 17 5
4461 21 20 6
4462 24 24 4
4463 26 25 7
4464 15 14 4
4465 26 25 7
4466 23 23 5
4467 17 17 5
4468 33 33 5
4469 35 35 5
4470 21 21 7
4471 31 31 5
4472 15 15 5
4473 23 23 5
4474 29 28 8
4475 18 18 4
4476 22 21 5
4477 27 27 7
4478 29 28 6
4479 14 13 5
4480 35 34 6
4481 24 24 4
4482 32 31 9
4483 27 26 6
4484 22 22 4
4485 22 21 5
4486 21 21 5
4487 17 17 5
4488 27 26 6
4489 24 24 6
4490 18 18 6
4491 14 14 6
4492 32 32 4
4493 20 19 5
4494 25 24 4
4495 26 25 5
4496 13 13 5
4497 17 17 5
4498 17 17 5
4499 29 29 5
4500 21 20 4
4501 16 15 5
4502 27 27 7
4503 19 19 5
4504 13 12 4
4505 22 21 5
4506 15 15 5
4507 15 14 6
4508 24 24 4
4509 18 17 5
4510 17 16 6
4511 30 30 4
4512 22 21 5
4513 25 24 6
4514 12 12 4
4515 24 23 7
4516 33 32 6
4517 14 13 5
4518 15 14 4
4519 12 11 5
4520 29 28 6
4521 22 22 6
4522 22 22 6
4523 20 20 6
4524 22 22 4
4525 20 19 5
4526 17 16 6
4527 18 18 4
4528 16 15 5
4529 17 17 5
4530 15 15 5
4531 17 17 5
4532 13 12 4
4533 18 17 5
4534 23 23 5
4535 9 9 5
4536 21 20 6
4537 12 12 6
4538 8 8 4
4539 12 11 5
4540 13 12 6
4541 16 16 6
4542 10 10 4
4543 10 9 5
4544 13 12 6
4545 16 15 5
4546 13 12 4
4547 12 11 5
4548 25 24 6
4549 14 14 6
4550 20 20 6
4551 12 12 4
4552 12 11 5
4553 19 18 6
4554 18 18 6
4555 12 12 4
4556 16 15 5
4557 17 16 4
4558 12 11 5
4559 13 13 5
4560 15 15 5
4561 13 12 4
4562 14 13 5
4563 25 24 6
4564 14 13 5
4565 11 10 4
4566 22 21 7
4567 9 8 4
4568 12 11 5
4569 13 12 6
4570 14 14 6
4571 12 12 4
4572 16 15 5
4573 5 5 5
4574 10 9 5
4575 13 13 5
4576 13 13 5
4577 19 19 5
4578 7 6 5
4579 9 8 4
4580 18 17 7
4581 19 18 6
4582 6 5 4
4583 20 19 5
4584 9 8 4
4585 18 17 5
4586 11 11 5
4587 19 19 5
4588 23 22 6
4589 10 10 4
4590 20 19 5
4591 17 17 5
4592 19 18 6
4593 18 18 4
4594 26 25 5
4595 41 41 5
4596 35 35 5
4597 31 30 4
4598 18 17 5
4599 23 22 4
4600 32 31 7
4601 35 34 4
4602 36 35 5
4603 43 42 6
4604 36 35 7
4605 47 46 8
4606 36 36 6
4607 34 33 5
4608 29 29 5
4609 21 20 6
4610 38 38 6
4611 36 36 6
4612 26 26 6
4613 22 22 4
4614 26 25 5
4615 31 30 6
4616 30 30 4
4617 34 33 7
4618 25 25 5
4619 19 19 5
4620 29 28 6
4621 30 29 7
4622 19 18 6
4623 36 35 7
4624 29 28 4
4625 28 27 5
4626 13 13 5
4627 13 12 4
4628 16 15 5
4629 17 16 4
4630 28 27 5
4631 31 31 7
4632 21 20 6
4633 28 28 6
4634 38 38 6
4635 22 22 4
4636 16 15 5
4637 17 17 5
4638 13 12 4
4639 16 15 5
4640 21 20 6
4641 12 11 5
4642 25 24 6
4643 20 20 4
4644 20 19 5
4645 19 18 6
4646 10 10 6
4647 14 14 4
4648 20 19 7
4649 13 12 4
4650 20 19 5
4651 11 11 5
4652 19 18 4
4653 20 19 5
4654 17 17 5
4655 11 11 5
4656 13 12 4
4657 16 15 5
4658 11 11 5
4659 23 23 7
4660 15 14 4
4661 18 17 5
4662 17 17 5
4663 15 15 5
4664 13 12 4
4665 20 19 7
4666 15 14 4
4667 14 13 5
4668 17 16 6
4669 6 6 6
4670 13 12 6
4671 16 16 4
4672 12 11 5
4673 23 23 5
4674 13 13 5
4675 19 18 6
4676 10 10 4
4677 16 15 5
4678 19 18 4
4679 24 23 5
4680 19 19 5
4681 17 16 6
4682 16 16 4
4683 14 13 5
4684 17 17 5
4685 17 17 5
4686 9 8 4
4687 28 27 5
4688 35 35 7
4689 17 16 4
4690 34 33 5
4691 31 31 5
4692 21 21 5
4693 15 14 6
4694 28 28 6
4695 18 18 6
4696 24 24 6
4697 16 16 4
4698 18 17 5
4699 29 29 5
4700 19 19 5
4701 23 22 6
4702 32 32 6
4703 20 20 6
4704 28 28 6
4705 14 14 4
4706 24 23 5
4707 25 24 6
4708 26 26 6
4709 22 22 6
4710 44 43 5
4711 25 25 5
4712 25 24 6
4713 34 33 5
4714 19 19 5
4715 27 26 4
4716 24 23 5
4717 27 26 6
4718 18 18 4
4719 28 27 5
4720 31 31 5
4721 31 30 6
4722 22 22 4
4723 30 29 5
4724 27 27 5
4725 21 20 4
4726 34 33 5
4727 25 25 5
4728 25 25 7
4729 25 24 6
4730 20 20 6
4731 24 24 4
4732 36 35 5
4733 19 18 4
4734 26 25 5
4735 29 29 7
4736 37 36 6
4737 34 33 5
4738 25 25 5
4739 39 38 8
4740 48 48 10
4741 30 29 5
4742 35 35 7
4743 23 23 5
4744 47 46 8
4745 32 31 5
4746 31 31 7
4747 21 20 6
4748 28 28 6
4749 32 31 5
4750 27 26 6
4751 34 34 4
4752 30 29 7
4753 35 34 4
4754 26 25 7
4755 23 22 6
4756 26 26 6
4757 24 23 5
4758 23 22 6
4759 32 31 7
4760 29 29 5
4761 27 27 5
4762 27 27 5
4763 21 21 5
4764 25 24 6
4765 32 31 5
4766 23 23 5
4767 23 23 5
4768 29 28 4
4769 34 33 7
4770 17 16 4
4771 38 37 5
4772 17 17 5
4773 31 31 5
4774 39 38 6
4775 36 35 5
4776 31 31 7
4777 47 47 5
4778 35 34 6
4779 30 29 7
4780 27 26 4
4781 22 21 5
4782 25 25 5
4783 29 29 7
4784 23 22 6
4785 26 26 4
4786 28 27 7
4787 23 22 6
4788 22 22 4
4789 24 23 5
4790 29 29 7
4791 27 27 7
4792 25 24 4
4793 20 19 5
4794 35 35 5
4795 15 15 5
4796 15 14 4
4797 22 21 5
4798 15 15 5
4799 15 14 6
4800 26 25 5
4801 25 24 4
4802 12 11 5
4803 17 16 6
4804 20 20 4
4805 14 13 5
4806 19 19 5
4807 21 21 5
4808 13 13 5
4809 17 17 5
4810 13 13 5
4811 21 20 6
4812 24 23 5
4813 17 16 4
4814 16 15 5
4815 13 12 4
4816 16 15 5
4817 25 24 6
4818 22 22 6
4819 22 22 4
4820 20 19 5
4821 19 18 6
4822 20 20 4
4823 24 23 5
4824 21 20 6
4825 20 19 5
4826 11 10 4
4827 16 15 5
4828 21 21 5
4829 13 13 5
4830 11 11 5
4831 33 33 5
4832 23 22 6
4833 28 27 7
4834 23 22 6
4835 22 22 4
4836 20 19 5
4837 17 17 5
4838 15 14 4
4839 22 21 7
4840 23 22 4
4841 18 17 5
4842 19 19 5
4843 17 17 5
4844 15 15 5
4845 19 19 5
4846 23 22 4
4847 24 23 5
4848 19 19 5
4849 19 18 6
4850 20 19 5
4851 23 22 6
4852 12 12 6
4853 10 10 4
4854 22 21 5
4855 11 11 5
4856 19 18 4
4857 16 15 5
4858 13 12 6
4859 12 12 4
4860 20 19 5
4861 13 12 6
4862 14 14 4
4863 14 13 5
4864 9 8 4
4865 12 11 5
4866 11 10 6
4867 14 14 6
4868 10 10 4
4869 22 21 5
4870 11 10 6
4871 14 14 4
4872 12 11 5
4873 11 11 5
4874 21 21 5
4875 19 18 4
4876 16 15 5
4877 19 18 6
4878 12 12 6
4879 10 10 4
4880 14 13 5
4881 17 17 5
4882 11 11 5
4883 7 6 5
4884 15 14 6
4885 10 10 4
4886 24 23 7
4887 11 10 4
4888 14 13 5
4889 9 8 4
4890 16 15 5
4891 15 15 5
4892 15 15 5
4893 15 14 6
4894 10 10 4
4895 12 11 5
4896 15 14 4
4897 12 11 5
4898 21 20 6
4899 10 10 4
4900 10 9 5
4901 13 13 5
4902 11 11 5
4903 11 10 4
4904 12 11 5
4905 11 11 5
4906 11 10 4
4907 16 15 5
4908 9 9 5
4909 11 11 5
4910 9 8 4
4911 14 13 5
4912 11 11 5
4913 17 17 5
4914 17 16 6
4915 16 16 4
4916 14 13 5
4917 11 11 5
4918 11 10 4
4919 10 9 5
4920 17 17 5
4921 11 11 5
4922 19 19 5
4923 15 14 6
4924 10 10 4
4925 10 9 5
4926 13 12 6
4927 8 8 4
4928 10 9 5
4929 13 12 6
4930 14 14 4
4931 14 13 5
4932 13 13 5
4933 9 9 5
4934 9 8 4
4935 12 11 5
4936 13 13 5
4937 11 11 5
4938 11 10 4
4939 10 9 5
4940 15 14 4
4941 14 13 5
4942 17 17 7
4943 13 12 4
4944 14 13 5
4945 11 11 5
4946 9 8 4
4947 14 13 7
4948 7 6 5
4949 13 12 4
4950 16 15 5
4951 13 13 5
4952 13 12 4
4953 26 25 5
4954 11 10 4
4955 12 11 5
4956 13 12 4
4957 14 13 5
4958 11 10 6
4959 14 13 5
4960 17 16 6
4961 10 10 4
4962 10 9 5
4963 5 5 5
4964 18 17 5
4965 13 13 5
4966 7 6 5
4967 13 12 6
4968 10 9 5
4969 17 16 4
4970 16 15 5
4971 9 9 5
4972 13 12 6
4973 14 14 6
4974 14 14 4
4975 14 13 5
4976 13 13 5
4977 7 6 5
4978 17 17 5
4979 15 14 6
4980 18 18 4
4981 36 35 7
4982 21 20 4
4983 16 15 5
4984 27 27 5
4985 17 16 6
4986 16 16 4
4987 16 15 5
4988 15 14 4
4989 18 17 7
4990 19 18 6
4991 32 32 6
4992 20 19 5
4993 23 22 4
4994 24 23 5
4995 15 14 6
4996 18 18 6
4997 16 16 4
4998 26 25 5
4999 13 13 5
5000 33 32 6
5001 18 18 6
5002 14 14 4
5003 30 29 5
5004 21 21 5
5005 23 23 5
5006 25 25 5
5007 19 18 6
5008 16 16 6
5009 12 12 6
5010 22 22 6
5011 18 18 4
5012 22 21 5
5013 27 26 6
5014 18 18 4
5015 18 17 5
5016 23 23 7
5017 25 24 4
5018 34 33 5
5019 19 18 4
5020 32 31 5
5021 23 23 5
5022 29 28 6
5023 16 16 4
5024 28 27 5
5025 25 25 5
5026 29 28 6
5027 16 16 4
5028 16 15 5
5029 31 30 6
5030 16 16 4
5031 28 27 5
5032 19 19 5
5033 21 20 6
5034 30 30 8
5035 26 26 4
5036 22 21 5
5037 21 20 4
5038 20 19 7
5039 23 22 6
5040 30 30 6
5041 22 21 5
5042 13 12 4
5043 18 17 5
5044 25 24 6
5045 24 24 6
5046 18 18 4
5047 14 13 5
5048 19 19 5
5049 17 16 4
5050 12 11 5
5051 29 28 6
5052 18 18 6
5053 30 30 4
5054 24 23 5
5055 23 22 6
5056 14 14 4
5057 18 17 5
5058 29 28 6
5059 18 18 6
5060 16 16 4
5061 20 19 5
5062 13 13 5
5063 17 16 4
5064 18 17 5
5065 19 19 5
5066 23 23 5
5067 29 28 4
5068 26 25 5
5069 17 16 4
5070 16 15 5
5071 19 19 5
5072 19 19 5
5073 23 23 5
5074 15 15 5
5075 11 10 4
5076 18 17 5
5077 11 11 5
5078 11 11 5
5079 19 18 4
5080 12 11 5
5081 21 20 6
5082 10 10 6
5083 22 22 4
5084 16 15 5
5085 13 13 5
5086 5 5 5
5087 14 13 5
5088 17 16 6
5089 12 12 4
5090 10 9 5
5091 17 17 5
5092 15 15 5
5093 15 14 6
5094 18 18 4
5095 12 11 5
5096 15 14 4
5097 6 5 4
5098 6 5 4
5099 6 5 4
5100 8 7 6
5101 14 13 5
5102 21 20 6
5103 14 13 5
5104 21 20 6
5105 16 16 6
5106 6 6 6
5107 9 8 4
5108 12 11 5
5109 13 13 5
5110 11 10 4
5111 12 11 5
5112 21 21 5
5113 13 13 5
5114 9 8 4
5115 12 11 5
5116 9 9 5
5117 11 10 4
5118 10 9 5
5119 21 21 5
5120 13 13 5
5121 11 10 4
5122 18 17 7
5123 11 10 4
5124 16 15 5
5125 15 14 4
5126 20 19 5
5127 11 11 5
5128 25 24 6
5129 14 14 4
5130 22 21 5
5131 21 20 6
5132 12 12 4
5133 16 15 5
5134 13 13 5
5135 19 18 4
5136 24 23 5
5137 15 14 4
5138 14 13 5
5139 15 14 6
5140 12 12 4
5141 12 11 5
5142 15 15 5
5143 17 17 5
5144 13 12 4
5145 20 19 5
5146 15 15 5
5147 23 22 4
5148 10 9 5
5149 21 21 5
5150 15 14 4
5151 16 15 5
5152 11 10 6
5153 10 10 4
5154 26 25 5
5155 13 13 5
5156 15 15 5
5157 11 10 4
5158 10 9 5
5159 17 16 6
5160 12 12 6
5161 6 6 6
5162 9 8 4
5163 10 9 5
5164 9 9 5
5165 11 10 4
5166 18 17 7
5167 21 20 6
5168 18 18 4
5169 6 5 4
5170 10 9 5
5171 11 11 5
5172 7 6 5
5173 15 14 4
5174 20 19 5
5175 5 5 5
5176 14 13 5
5177 11 10 4
5178 14 13 5
5179 13 13 5
5180 9 8 4
5181 14 13 5
5182 17 17 5
5183 15 15 5
5184 7 6 5
5185 15 14 6
5186 8 8 4
5187 14 13 5
5188 13 13 5
5189 11 10 6
5190 14 14 4
5191 12 11 5
5192 19 18 6
5193 10 10 4
5194 20 19 5
5195 11 11 5
5196 9 8 4
5197 12 11 5
5198 17 16 6
5199 12 11 5
5200 11 10 4
5201 16 15 5
5202 13 13 5
5203 11 11 5
5204 19 18 4
5205 16 15 5
5206 13 13 5
5207 15 15 5
5208 11 11 5
5209 17 17 5
5210 13 12 6
5211 10 9 5
5212 15 14 6
5213 12 12 6
5214 10 10 4
5215 10 9 5
5216 13 12 4
5217 16 15 5
5218 11 11 5
5219 13 12 6
5220 10 9 5
5221 7 6 5
5222 11 10 6
5223 6 6 6
5224 7 6 5
5225 11 10 6
5226 12 12 6
5227 8 8 4
5228 12 11 5
5229 19 18 6
5230 12 11 5
5231 11 10 6
5232 12 12 4
5233 6 5 4
5234 14 13 7
5235 9 8 4
5236 18 17 5
5237 17 16 6
5238 14 14 4
5239 6 5 4
5240 12 11 5
5241 9 9 5
5242 5 5 5
5243 16 15 5
5244 11 11 5
5245 15 14 6
5246 6 6 6
5247 13 13 5
5248 19 18 6
5249 12 12 6
5250 18 18 4
5251 20 19 5
5252 9 9 5
5253 17 16 6
5254 18 18 6
5255 14 14 4
5256 12 11 5
5257 15 14 6
5258 12 12 6
5259 16 16 6
5260 16 16 4
5261 18 17 7
5262 13 12 4
5263 30 29 5
5264 13 13 5
5265 17 16 4
5266 12 11 5
5267 13 13 5
5268 15 15 5
5269 9 9 5
5270 13 12 4
5271 20 19 5
5272 17 16 6
5273 20 20 4
5274 16 15 5
5275 15 15 5
5276 13 12 4
5277 20 19 5
5278 29 28 6
5279 20 20 4
5280 20 19 5
5281 13 13 5
5282 13 12 6
5283 18 17 5
5284 17 16 4
5285 14 13 5
5286 31 31 5
5287 15 15 5
5288 23 22 6
5289 20 20 4
5290 34 33 5
5291 15 14 4
5292 24 23 5
5293 33 33 5
5294 23 22 4
5295 24 23 5
5296 19 18 6
5297 16 16 4
5298 24 23 5
5299 19 19 5
5300 25 24 6
5301 24 23 5
5302 29 29 7
5303 25 25 7
5304 17 16 6
5305 38 38 6
5306 30 29 5
5307 25 25 5
5308 13 12 4
5309 40 39 11
5310 21 20 4
5311 20 19 5
5312 17 17 5
5313 35 35 7
5314 31 31 5
5315 27 27 5
5316 17 17 5
5317 31 30 6
5318 16 16 6
5319 26 25 7
5320 19 18 4
5321 32 31 7
5322 31 30 6
5323 26 26 6
5324 22 22 6
5325 22 22 6
5326 22 22 4
5327 30 29 5
5328 19 19 5
5329 27 27 7
5330 19 18 6
5331 12 12 4
5332 40 39 9
5333 13 12 4
5334 28 27 5
5335 25 25 5
5336 21 21 7
5337 15 14 6
5338 30 30 4
5339 14 13 5
5340 11 11 5
5341 23 22 6
5342 22 21 5
5343 25 25 7
5344 27 27 5
5345 21 20 4
5346 24 23 5
5347 35 35 7
5348 15 14 6
5349 24 24 6
5350 16 16 4
5351 24 23 5
5352 17 17 5
5353 21 21 5
5354 17 16 4
5355 22 21 7
5356 15 14 4
5357 24 23 5
5358 17 16 4
5359 32 31 7
5360 21 20 4
5361 28 27 5
5362 21 21 5
5363 21 21 5
5364 29 28 4
5365 24 23 7
5366 19 18 6
5367 6 6 6
5368 19 18 6
5369 16 16 4
5370 18 17 5
5371 15 14 6
5372 16 16 4
5373 16 15 5
5374 15 15 5
5375 17 17 5
5376 13 12 6
5377 8 8 4
5378 10 9 5
5379 19 19 5
5380 11 11 5
5381 15 14 4
5382 12 11 5
5383 19 19 5
5384 13 13 5
5385 5 5 5
5386 10 9 5
5387 15 15 5
5388 17 16 4
5389 14 13 7
5390 15 14 4
5391 14 13 5
5392 11 10 6
5393 16 16 6
5394 10 10 4
5395 14 13 5
5396 17 17 5
5397 21 20 6
5398 12 12 6
5399 12 12 4
5400 16 15 5
5401 11 11 5
5402 27 26 6
5403 14 14 4
5404 20 19 5
5405 29 28 6
5406 12 12 6
5407 24 24 6
5408 36 36 6
5409 20 20 6
5410 12 12 6
5411 24 24 4
5412 16 15 7
5413 9 8 4
5414 10 9 5
5415 19 18 4
5416 18 17 5
5417 11 11 5
5418 13 12 6
5419 20 20 6
5420 16 16 6
5421 22 22 4
5422 20 19 5
5423 17 17 5
5424 13 13 5
5425 11 10 4
5426 16 15 5
5427 15 14 6
5428 10 10 4
5429 10 9 5
5430 27 27 5
5431 15 15 5
5432 17 16 8
5433 14 14 4
5434 18 17 5
5435 13 13 5
5436 19 18 4
5437 14 13 5
5438 17 16 6
5439 18 18 6
5440 14 14 4
5441 12 11 5
5442 13 13 5
5443 17 16 6
5444 24 24 6
5445 16 15 5
5446 19 18 4
5447 18 17 7
5448 17 16 4
5449 16 15 5
5450 15 14 4
5451 24 23 7
5452 11 10 4
5453 20 19 5
5454 19 18 6
5455 26 26 6
5456 18 18 4
5457 14 13 5
5458 33 32 8
5459 22 22 6
5460 24 23 5
5461 31 31 5
5462 25 24 6
5463 28 28 6
5464 28 28 4
5465 22 21 5
5466 15 15 5
5467 23 22 6
5468 32 32 6
5469 20 20 6
5470 26 26 6
5471 14 14 4
5472 22 21 5
5473 29 28 6
5474 16 16 6
5475 22 22 6
5476 10 10 4
5477 20 19 7
5478 25 24 6
5479 26 26 6
5480 18 18 4
5481 18 17 5
5482 13 12 4
5483 20 19 7
5484 13 12 4
5485 14 13 5
5486 21 20 6
5487 10 10 6
5488 10 10 4
5489 20 19 5
5490 11 11 5
5491 9 9 5
5492 13 12 4
5493 18 17 7
5494 9 8 4
5495 12 11 5
5496 11 10 6
5497 10 10 4
5498 18 17 5
5499 15 15 5
5500 11 11 5
5501 17 16 6
5502 14 14 6
5503 14 14 6
5504 14 14 4
5505 14 13 5
5506 11 10 6
5507 16 16 6
5508 14 14 6
5509 14 14 4
5510 10 9 5
5511 11 11 5
5512 5 5 5
5513 12 11 5
5514 9 9 5
5515 15 14 6
5516 12 12 4
5517 18 17 5
5518 7 6 5
5519 13 12 4
5520 18 17 7
5521 11 10 4
5522 30 29 7
5523 19 18 4
5524 14 13 5
5525 13 12 6
5526 18 18 6
5527 10 10 4
5528 6 5 4
5529 10 9 5
5530 13 12 6
5531 18 17 5
5532 17 16 6
5533 12 12 6
5534 14 14 4
5535 14 13 5
5536 13 13 5
5537 13 12 4
5538 20 19 5
5539 17 17 5
5540 21 20 4
5541 16 15 5
5542 21 21 5
5543 11 11 5
5544 9 8 4
5545 10 9 5
5546 19 18 6
5547 14 14 6
5548 10 9 5
5549 13 12 4
5550 6 5 4
5551 18 17 5
5552 9 9 5
5553 15 14 6
5554 12 12 4
5555 14 13 5
5556 11 11 5
5557 11 10 4
5558 14 13 5
5559 15 14 6
5560 10 10 4
5561 12 11 5
5562 13 12 4
5563 18 17 7
5564 13 12 4
5565 18 17 5
5566 15 15 5
5567 15 14 6
5568 12 11 5
5569 7 6 5
5570 7 6 5
5571 9 9 5
5572 9 8 4
5573 16 15 5
5574 15 14 6
5575 18 18 6
5576 18 18 6
5577 8 8 4
5578 16 15 5
5579 5 5 5
5580 22 21 5
5581 7 6 5
5582 9 9 5
5583 11 11 5
5584 13 12 6
5585 10 10 4
5586 18 17 5
5587 11 10 4
5588 8 7 6
5589 16 16 4
5590 18 17 5
5591 17 17 5
5592 31 30 6
5593 16 15 5
5594 19 18 4
5595 12 11 5
5596 17 16 4
5597 14 13 7
5598 13 12 4
5599 16 15 5
5600 11 10 6
5601 16 16 6
5602 14 14 4
5603 30 29 5
5604 13 13 5
5605 19 18 8
5606 20 20 4
5607 20 19 5
5608 15 15 5
5609 17 16 6
5610 20 20 6
5611 18 17 5
5612 15 15 5
5613 15 15 5
5614 11 11 5
5615 21 21 5
5616 13 12 6
5617 8 8 4
5618 10 9 5
5619 13 13 5
5620 19 18 6
5621 14 13 5
5622 19 18 4
5623 16 15 5
5624 5 5 5
5625 12 11 5
5626 9 9 5
5627 11 10 6
5628 10 10 4
5629 14 13 5
5630 15 15 5
5631 17 16 6
5632 8 8 4
5633 12 11 5
5634 17 17 5
5635 13 13 5
5636 13 13 5
5637 11 10 6
5638 12 12 6
5639 10 10 4
5640 16 15 5
5641 15 14 6
5642 12 12 6
5643 20 20 4
5644 16 15 5
5645 13 12 4
5646 18 17 5
5647 13 13 5
5648 17 16 6
5649 14 13 5
5650 19 18 6
5651 10 10 4
5652 6 5 4
5653 10 9 5
5654 11 10 6
5655 10 10 6
5656 10 10 6
5657 18 18 4
5658 16 15 5
5659 11 10 4
5660 12 11 5
5661 17 17 5
5662 7 6 5
5663 11 10 6
5664 16 15 5
5665 11 10 4
5666 14 13 5
5667 9 8 4
5668 20 19 5
5669 13 13 5
5670 17 17 5
5671 17 16 6
5672 18 18 4
5673 14 13 5
5674 27 27 5
5675 19 19 5
5676 27 27 5
5677 19 18 4
5678 24 23 5
5679 25 25 5
5680 47 46 6
5681 24 24 6
5682 30 30 6
5683 34 34 6
5684 46 46 6
5685 34 34 6
5686 26 26 6
5687 24 23 5
5688 31 30 6
5689 28 28 4
5690 30 29 5
5691 31 31 5
5692 21 20 6
5693 34 34 6
5694 36 36 8
5695 34 34 8
5696 30 30 6
5697 44 44 10
5698 34 34 6
5699 36 36 10
5700 32 31 5
5701 21 21 7
5702 47 47 9
5703 39 38 6
5704 34 34 4
5705 28 27 7
5706 23 22 6
5707 38 38 8
5708 32 32 6
5709 26 25 5
5710 41 40 6
5711 22 22 6
5712 32 31 7
5713 17 16 4
5714 36 35 5
5715 33 33 7
5716 39 38 8
5717 34 33 7
5718 21 20 6
5719 40 40 6
5720 26 26 6
5721 32 32 6
5722 22 22 6
5723 36 36 6
5724 30 30 4
5725 24 23 5
5726 37 37 9
5727 31 30 4
5728 26 25 5
5729 33 32 8
5730 36 35 5
5731 31 31 7
5732 23 22 4
5733 26 25 5
5734 23 23 5
5735 29 29 5
5736 21 21 5
5737 27 26 4
5738 22 21 5
5739 23 23 5
5740 9 9 5
5741 17 16 4
5742 16 15 5
5743 21 21 5
5744 17 17 5
5745 15 14 4
5746 16 15 5
5747 19 18 4
5748 18 17 5
5749 23 22 4
5750 18 17 5
5751 19 18 4
5752 20 19 5
5753 19 19 5
5754 17 16 6
5755 20 20 4
5756 12 11 5
5757 17 16 6
5758 14 14 4
5759 18 17 5
5760 15 15 5
5761 19 18 4
5762 16 15 5
5763 15 15 5
5764 11 11 5
5765 9 8 4
5766 18 17 5
5767 25 25 5
5768 21 20 6
5769 28 28 6
5770 22 22 6
5771 16 16 6
5772 14 14 4
5773 24 23 5
5774 17 16 6
5775 24 24 6
5776 18 18 6
5777 24 24 6
5778 24 24 6
5779 14 14 4
5780 16 15 5
5781 31 30 6
5782 28 27 7
5783 15 14 4
5784 20 19 5
5785 19 18 6
5786 22 22 6
5787 24 24 6
5788 24 24 4
5789 24 23 7
5790 17 16 4
5791 22 21 7
5792 19 18 4
5793 20 19 5
5794 21 20 4
5795 30 29 5
5796 25 24 6
5797 20 19 5
5798 23 23 5
5799 31 30 6
5800 34 33 7
5801 25 25 5
5802 29 29 5
5803 17 16 4
5804 44 43 7
5805 27 26 6
5806 26 26 4
5807 30 29 7
5808 17 16 6
5809 22 22 4
5810 18 17 5
5811 23 23 5
5812 33 32 6
5813 22 22 6
5814 16 15 5
5815 21 20 6
5816 12 12 4
5817 14 13 5
5818 17 16 6
5819 16 16 6
5820 8 8 4
5821 16 15 5
5822 29 29 7
5823 11 10 4
5824 14 13 5
5825 21 20 6
5826 14 14 6
5827 14 14 6
5828 16 16 6
5829 12 12 4
5830 20 19 5
5831 25 25 5
5832 15 14 4
5833 10 9 5
5834 13 13 5
5835 17 16 4
5836 22 21 5
5837 19 19 5
5838 5 5 5
5839 14 13 5
5840 13 12 4
5841 14 13 5
5842 13 13 5
5843 11 11 5
5844 11 10 6
5845 12 12 6
5846 16 16 4
5847 12 11 5
5848 13 12 6
5849 12 12 4
5850 12 11 5
5851 11 11 5
5852 11 10 6
5853 10 10 4
5854 6 5 4
5855 10 9 5
5856 17 16 6
5857 14 13 5
5858 13 12 4
5859 20 19 7
5860 7 6 5
5861 11 10 4
5862 6 5 4
5863 10 9 5
5864 17 16 6
5865 12 11 5
5866 9 8 4
5867 6 5 4
5868 10 9 5
5869 5 5 5
5870 10 9 5
5871 17 16 4
5872 22 21 7
5873 19 18 4
5874 16 15 5
5875 11 11 5
5876 9 8 4
5877 18 17 7
5878 11 10 4
5879 14 13 5
5880 13 12 4
5881 12 11 5
5882 9 9 5
5883 9 8 4
5884 12 11 5
5885 11 10 6
5886 16 16 6
5887 20 20 4
5888 12 11 5
5889 21 20 6
5890 14 14 4
5891 12 11 5
5892 15 14 6
5893 10 10 4
5894 6 5 4
5895 14 13 5
5896 9 9 5
5897 11 10 4
5898 18 17 5
5899 11 11 5
5900 11 11 5
5901 13 12 4
5902 14 13 5
5903 9 9 5
5904 13 12 4
5905 16 15 5
5906 11 10 4
5907 12 11 5
5908 9 9 5
5909 11 10 6
5910 10 10 4
5911 14 13 5
5912 19 19 7
5913 13 12 4
5914 12 11 5
5915 11 10 4
5916 10 9 5
5917 9 9 5
5918 5 5 5
5919 12 11 5
5920 13 12 6
5921 6 6 6
5922 21 20 6
5923 18 18 6
5924 10 10 4
5925 16 15 5
5926 11 11 5
5927 17 17 5
5928 17 17 5
5929 11 10 6
5930 14 14 6
5931 10 10 6
5932 10 10 4
5933 16 15 5
5934 23 23 5
5935 25 25 5
5936 23 22 6
5937 14 14 4
5938 14 13 5
5939 9 9 5
5940 15 14 4
5941 12 11 5
5942 19 18 6
5943 14 14 6
5944 8 8 4
5945 16 15 5
5946 15 15 5
5947 9 8 4
5948 16 15 5
5949 7 6 5
5950 13 12 6
5951 22 22 6
5952 12 12 4
5953 12 11 5
5954 9 9 5
5955 11 11 5
5956 11 10 6
5957 10 10 4
5958 10 9 5
5959 11 10 6
5960 10 9 5
5961 9 8 4
5962 14 13 5
5963 15 14 6
5964 8 8 4
5965 12 11 5
5966 13 12 6
5967 16 16 6
5968 12 12 4
5969 26 25 5
5970 15 14 4
5971 18 17 5
5972 11 11 5
5973 11 10 4
5974 6 5 4
5975 14 13 5
5976 15 14 4
5977 10 9 5
5978 9 8 7
5979 17 16 6
5980 16 16 4
5981 20 19 5
5982 13 13 5
5983 11 10 4
5984 14 13 7
5985 7 6 5
5986 15 14 4
5987 14 13 5
5988 9 8 4
5989 14 13 5
5990 5 5 5
5991 12 11 5
5992 11 10 6
5993 12 12 6
5994 10 10 4
5995 12 11 5
5996 11 10 6
5997 8 8 4
5998 32 31 5
5999 5 5 5
6000 10 9 5
6001 15 14 6
6002 16 16 4
6003 10 9 5
6004 9 9 5
6005 15 14 6
6006 18 18 6
6007 10 10 4
6008 12 11 5
6009 9 8 4
6010 14 13 5
6011 19 18 6
6012 14 13 5
6013 19 18 6
6014 16 15 5
6015 13 12 4
6016 26 25 5
6017 29 28 6
6018 12 12 4
6019 22 21 5
6020 23 22 6
6021 16 16 4
6022 28 27 7
6023 23 22 4
6024 30 29 5
6025 39 38 6
6026 32 31 5
6027 37 36 6
6028 20 20 6
6029 28 28 4
6030 34 33 5
6031 19 19 5
6032 33 32 6
6033 46 46 8
6034 22 22 6
6035 22 22 4
6036 30 29 7
6037 17 16 4
6038 32 31 5
6039 25 25 5
6040 41 41 9
6041 19 18 6
6042 18 18 6
6043 24 24 6
6044 28 28 4
6045 22 21 5
6046 17 16 6
6047 20 20 4
6048 24 23 5
6049 25 24 4
6050 34 33 5
6051 21 21 5
6052 39 39 5
6053 15 15 5
6054 27 26 6
6055 24 23 5
6056 23 23 7
6057 13 12 4
6058 20 19 5
6059 21 20 4
6060 20 19 5
6061 19 19 5
6062 25 24 6
6063 24 23 5
6064 19 19 5
6065 11 10 4
6066 24 23 5
6067 25 25 7
6068 33 32 6
6069 16 15 5
6070 13 12 4
6071 18 17 5
6072 27 27 5
6073 25 25 5
6074 15 14 4
6075 18 17 5
6076 15 15 5
6077 27 26 4
6078 26 25 7
6079 29 28 8
6080 16 16 4
6081 24 23 5
6082 15 15 5
6083 21 21 5
6084 13 12 4
6085 22 21 5
6086 27 27 5
6087 15 14 6
6088 20 20 4
6089 26 25 5
6090 29 29 5
6091 17 17 5
6092 19 18 6
6093 10 10 4
6094 16 15 5
6095 21 21 5
6096 15 15 5
6097 17 17 5
6098 17 16 6
6099 8 8 4
6100 16 15 5
6101 21 21 5
6102 19 18 4
6103 12 11 5
6104 13 13 5
6105 19 19 5
6106 23 22 6
6107 24 24 6
6108 14 14 6
6109 16 16 6
6110 18 18 4
6111 20 19 5
6112 15 14 6
6113 12 12 4
6114 10 9 5
6115 13 12 4
6116 8 7 6
6117 18 17 5
6118 9 8 4
6119 14 13 5
6120 21 20 6
6121 12 11 5
6122 17 16 4
6123 16 15 5
6124 9 9 5
6125 13 12 6
6126 16 16 6
6127 12 12 4
6128 10 9 5
6129 23 22 6
6130 12 12 6
6131 12 12 4
6132 16 15 5
6133 13 12 6
6134 10 10 4
6135 16 15 5
6136 15 14 6
6137 14 14 4
6138 14 13 5
6139 11 11 5
6140 9 9 5
6141 23 22 6
6142 12 11 5
6143 33 32 6
6144 16 16 4
6145 24 23 5
6146 15 15 5
6147 21 20 4
6148 20 19 5
6149 21 20 6
6150 8 8 4
6151 18 17 5
6152 13 13 5
6153 13 13 5
6154 13 12 6
6155 12 12 4
6156 20 19 5
6157 11 11 5
6158 11 10 6
6159 12 12 4
6160 10 9 5
6161 7 6 5
6162 17 16 6
6163 22 21 5
6164 17 16 6
6165 20 20 4
6166 18 17 5
6167 13 13 5
6168 13 13 5
6169 13 12 6
6170 14 14 6
6171 12 12 4
6172 24 23 5
6173 13 13 5
6174 17 17 5
6175 25 24 6
6176 12 12 4
6177 10 9 5
6178 11 11 5
6179 19 18 4
6180 10 9 5
6181 9 9 5
6182 5 5 5
6183 16 15 5
6184 9 8 4
6185 16 15 5
6186 19 19 5
6187 21 21 5
6188 19 18 6
6189 12 11 5
6190 15 14 4
6191 12 11 5
6192 17 16 6
6193 6 5 4
6194 16 15 5
6195 11 10 6
6196 12 12 4
6197 12 11 5
6198 11 10 6
6199 14 14 4
6200 16 15 5
6201 15 15 5
6202 13 12 6
6203 8 8 4
6204 20 19 5
6205 13 13 5
6206 11 11 5
6207 13 12 6
6208 10 9 5
6209 13 12 4
6210 6 5 4
6211 20 19 7
6212 11 10 4
6213 6 5 4
6214 14 13 5
6215 11 11 5
6216 11 11 5
6217 11 10 4
6218 12 11 5
6219 5 5 5
6220 12 11 5
6221 13 13 5
6222 11 11 5
6223 13 12 4
6224 12 11 5
6225 11 11 5
6226 9 8 4
6227 14 13 5
6228 13 13 5
6229 5 5 5
6230 14 13 5
6231 25 24 6
6232 6 6 6
6233 15 14 6
6234 10 10 4
6235 12 11 5
6236 17 17 5
6237 17 16 4
6238 22 21 5
6239 15 15 5
6240 19 19 5
6241 25 24 6
6242 12 12 6
6243 10 10 4
6244 22 21 5
6245 11 11 5
6246 17 16 6
6247 12 12 6
6248 14 14 4
6249 16 15 5
6250 23 22 6
6251 22 22 6
6252 30 30 6
6253 20 19 5
6254 19 18 6
6255 30 30 6
6256 28 28 8
6257 16 16 4
6258 22 21 5
6259 37 36 4
6260 22 21 5
6261 29 28 6
6262 24 23 5
6263 13 12 4
6264 20 19 7
6265 23 22 6
6266 24 23 5
6267 25 25 5
6268 33 32 8
6269 16 15 5
6270 31 30 6
6271 16 16 4
6272 20 19 5
6273 19 19 5
6274 29 28 6
6275 26 26 6
6276 30 30 6
6277 28 27 5
6278 23 23 5
6279 13 13 5
6280 15 15 5
6281 23 22 6
6282 30 30 8
6283 28 28 6
6284 22 22 6
6285 24 24 4
6286 30 29 5
6287 25 25 5
6288 29 29 7
6289 23 22 8
6290 14 14 4
6291 22 21 5
6292 21 21 5
6293 23 22 6
6294 28 27 5
6295 21 20 4
6296 16 15 5
6297 25 25 5
6298 19 18 4
6299 26 25 7
6300 25 24 6
6301 16 15 5
6302 21 20 4
6303 20 19 5
6304 27 26 6
6305 24 23 5
6306 31 30 4
6307 40 39 7
6308 27 26 6
6309 20 20 4
6310 18 17 5
6311 17 16 4
6312 24 23 5
6313 21 21 5
6314 25 24 6
6315 14 14 4
6316 22 21 5
6317 27 27 7
6318 31 30 6
6319 22 22 6
6320 24 23 5
6321 21 20 6
6322 18 18 6
6323 30 30 6
6324 34 33 5
6325 21 21 5
6326 17 17 5
6327 11 11 5
6328 13 12 4
6329 34 33 5
6330 19 19 5
6331 31 30 6
6332 18 18 6
6333 16 16 4
6334 18 17 5
6335 25 24 6
6336 22 21 5
6337 23 22 6
6338 16 16 4
6339 16 15 5
6340 19 19 5
6341 21 21 5
6342 19 18 6
6343 18 18 4
6344 22 21 5
6345 19 18 6
6346 20 20 6
6347 14 13 5
6348 15 15 5
6349 17 16 4
6350 10 9 5
6351 17 17 5
6352 9 9 5
6353 21 20 4
6354 12 11 5
6355 13 13 5
6356 11 10 4
6357 14 13 5
6358 17 17 5
6359 5 5 5
6360 22 21 5
6361 9 8 4
6362 16 15 5
6363 13 12 4
6364 18 17 5
6365 17 16 6
6366 12 12 4
6367 16 15 5
6368 13 13 5
6369 17 17 5
6370 13 13 5
6371 7 6 5
6372 13 13 5
6373 17 16 6
6374 14 14 4
6375 20 19 5
6376 9 9 5
6377 9 9 5
6378 15 14 4
6379 10 9 5
6380 9 9 5
6381 11 10 6
6382 14 14 4
6383 14 13 5
6384 17 17 5
6385 19 18 6
6386 14 14 4
6387 10 9 5
6388 11 10 6
6389 10 10 4
6390 6 5 4
6391 6 5 4
6392 10 9 5
6393 13 13 5
6394 9 9 5
6395 15 14 6
6396 26 26 6
6397 8 8 4
6398 20 19 7
6399 13 12 4
6400 10 9 5
6401 17 16 4
6402 10 9 5
6403 15 15 5
6404 13 13 5
6405 25 24 6
6406 12 12 4
6407 26 25 5
6408 11 11 5
6409 7 6 5
6410 17 16 6
6411 12 12 4
6412 10 9 5
6413 11 11 5
6414 15 14 6
6415 10 10 4
6416 18 17 7
6417 17 16 4
6418 24 23 7
6419 9 8 4
6420 18 17 5
6421 17 16 4
6422 16 15 5
6423 15 15 5
6424 11 11 5
6425 13 12 6
6426 14 14 4
6427 12 11 5
6428 11 11 5
6429 13 12 6
6430 12 12 6
6431 26 26 6
6432 20 19 5
6433 15 14 4
6434 18 17 5
6435 17 17 5
6436 15 15 5
6437 17 16 4
6438 16 15 5
6439 13 12 4
6440 12 11 5
6441 15 15 5
6442 21 20 6
6443 16 15 5
6444 15 14 4
6445 22 21 7
6446 13 12 4
6447 28 27 7
6448 27 26 6
6449 28 28 4
6450 28 27 5
6451 33 32 6
6452 12 12 4
6453 14 13 5
6454 31 31 5
6455 25 25 5
6456 27 26 6
6457 22 22 4
6458 36 35 7
6459 23 22 4
6460 22 21 5
6461 35 34 6
6462 36 35 7
6463 33 32 6
6464 32 32 6
6465 30 30 6
6466 38 38 6
6467 28 27 5
6468 33 32 6
6469 24 24 4
6470 22 21 5
6471 39 39 5
6472 41 41 5
6473 33 32 6
6474 18 17 5
6475 29 29 5
6476 29 28 6
6477 36 35 5
6478 37 37 7
6479 27 26 6
6480 38 38 6
6481 18 17 5
6482 25 24 4
6483 20 19 5
6484 29 28 6
6485 32 31 5
6486 33 33 5
6487 35 34 6
6488 14 13 5
6489 27 27 5
6490 13 12 4
6491 22 21 5
6492 27 27 5
6493 15 15 5
6494 19 19 5
6495 27 26 6
6496 22 22 4
6497 14 13 5
6498 19 19 5
6499 21 20 6
6500 22 22 6
6501 16 16 4
6502 30 29 5
6503 17 17 7
6504 13 12 4
6505 12 11 5
6506 23 22 6
6507 18 18 6
6508 18 18 4
6509 16 15 5
6510 19 19 5
6511 19 18 6
6512 16 16 4
6513 14 13 5
6514 19 18 4
6515 20 19 5
6516 13 13 5
6517 17 16 4
6518 12 11 5
6519 7 6 5
6520 13 13 5
6521 23 23 5
6522 19 18 6
6523 10 10 6
6524 10 10 4
6525 14 13 5
6526 21 20 6
6527 22 22 6
6528 18 18 4
6529 12 11 5
6530 17 16 6
6531 10 10 4
6532 14 13 5
6533 13 13 5
6534 27 26 6
6535 10 10 4
6536 24 23 5
6537 21 21 5
6538 13 13 5
6539 17 16 6
6540 8 8 4
6541 18 17 5
6542 13 13 5
6543 17 16 4
6544 24 23 5
6545 21 21 5
6546 17 16 4
6547 32 31 7
6548 23 22 4
6549 20 19 5
6550 27 26 6
6551 14 14 6
6552 16 16 4
6553 22 21 5
6554 15 14 4
6555 28 27 7
6556 17 16 4
6557 16 15 5
6558 11 10 4
6559 20 19 5
6560 9 9 5
6561 19 19 5
6562 25 24 6
6563 20 20 4
6564 18 17 5
6565 19 19 5
6566 19 18 6
6567 26 26 6
6568 16 16 6
6569 24 24 4
6570 12 11 5
6571 13 13 5
6572 17 17 5
6573 27 26 6
6574 16 16 4
6575 22 21 5
6576 21 21 5
6577 15 14 6
6578 14 14 6
6579 10 10 4
6580 12 11 5
6581 19 18 6
6582 20 20 6
6583 10 10 4
6584 18 17 5
6585 13 12 4
6586 12 11 5
6587 15 14 4
6588 14 13 5
6589 7 6 5
6590 15 14 6
6591 16 16 6
6592 12 12 4
6593 12 11 5
6594 13 12 4
6595 12 11 5
6596 19 18 6
6597 10 10 6
6598 12 12 4
6599 14 13 5
6600 13 13 5
6601 15 14 6
6602 12 12 4
6603 20 19 5
6604 13 13 5
6605 15 14 6
6606 12 12 4
6607 14 13 5
6608 9 9 5
6609 11 10 4
6610 14 13 5
6611 17 16 6
6612 6 5 4
6613 12 11 5
6614 23 22 6
6615 12 12 4
6616 16 15 5
6617 13 12 4
6618 16 15 5
6619 11 11 5
6620 11 10 4
6621 16 15 5
6622 19 18 6
6623 14 14 6
6624 8 8 4
6625 16 15 5
6626 13 12 4
6627 10 9 5
6628 17 16 6
6629 10 10 4
6630 18 17 5
6631 15 14 4
6632 18 17 7
6633 13 12 4
6634 10 9 5
6635 15 14 4
6636 24 23 5
6637 21 20 6
6638 10 10 4
6639 18 17 5
6640 19 19 5
6641 11 11 5
6642 21 20 4
6643 20 19 5
6644 17 17 5
6645 15 15 5
6646 15 14 4
6647 18 17 5
6648 19 18 6
6649 14 14 6
6650 22 22 6
6651 24 23 5
6652 19 18 4
6653 34 33 5
6654 23 22 6
6655 24 23 5
6656 35 34 4
6657 28 27 7
6658 23 22 4
6659 24 23 7
6660 25 24 6
6661 36 36 6
6662 16 16 4
6663 26 25 5
6664 25 24 6
6665 28 28 6
6666 24 24 6
6667 16 16 4
6668 18 17 5
6669 27 27 5
6670 17 17 5
6671 23 22 6
6672 38 38 4
6673 22 21 7
6674 17 16 4
6675 32 31 5
6676 21 21 5
6677 21 21 5
6678 31 30 6
6679 24 24 6
6680 20 19 5
6681 21 20 6
6682 22 22 6
6683 20 20 6
6684 24 24 6
6685 16 16 4
6686 32 31 5
6687 17 17 5
6688 25 25 5
6689 27 26 6
6690 24 23 5
6691 23 22 6
6692 18 18 4
6693 26 25 7
6694 39 39 5
6695 21 20 6
6696 18 18 4
6697 16 15 5
6698 23 22 6
6699 14 13 5
6700 17 16 4
6701 26 25 5
6702 25 25 5
6703 21 20 6
6704 22 22 4
6705 22 21 5
6706 17 17 5
6707 13 12 4
6708 20 19 5
6709 21 21 5
6710 19 18 6
6711 18 18 6
6712 10 10 4
6713 26 25 7
6714 15 14 4
6715 22 21 5
6716 21 21 5
6717 37 36 6
6718 22 22 6
6719 30 30 6
6720 26 26 6
6721 38 38 8
6722 24 23 5
6723 13 13 5
6724 23 22 4
6725 22 21 7
6726 25 24 4
6727 12 11 5
6728 21 20 6
6729 16 16 4
6730 16 15 5
6731 23 23 5
6732 21 21 5
6733 25 24 4
6734 20 19 5
6735 25 25 7
6736 29 28 4
6737 26 25 5
6738 21 20 4
6739 28 27 5
6740 39 39 7
6741 25 24 4
6742 20 19 5
6743 19 19 5
6744 29 29 5
6745 29 28 6
6746 12 12 4
6747 18 17 5
6748 31 30 4
6749 16 15 5
6750 25 25 5
6751 19 19 5
6752 25 24 6
6753 26 26 6
6754 20 20 6
6755 24 24 6
6756 22 21 5
6757 25 25 5
6758 31 30 6
6759 28 28 4
6760 16 15 5
6761 19 18 4
6762 10 9 5
6763 15 15 5
6764 21 20 6
6765 24 23 5
6766 27 27 5
6767 21 20 4
6768 28 27 7
6769 17 16 6
6770 12 12 4
6771 28 27 5
6772 27 27 5
6773 19 18 4
6774 26 25 7
6775 25 24 6
6776 18 18 4
6777 20 19 5
6778 13 13 5
6779 17 17 5
6780 25 24 6
6781 18 17 5
6782 17 16 4
6783 14 13 5
6784 19 18 6
6785 24 24 6
6786 24 24 6
6787 30 30 4
6788 16 15 5
6789 17 16 4
6790 18 17 5
6791 17 17 5
6792 21 20 4
6793 20 19 5
6794 17 17 5
6795 21 20 6
6796 14 14 4
6797 18 17 5
6798 17 17 5
6799 19 18 6
6800 16 15 5
6801 11 11 5
6802 13 12 4
6803 20 19 5
6804 27 26 6
6805 22 22 6
6806 16 16 4
6807 16 15 7
6808 19 18 4
6809 20 19 5
6810 27 27 7
6811 15 14 6
6812 18 18 4
6813 16 15 5
6814 25 24 6
6815 12 12 4
6816 24 23 5
6817 19 18 6
6818 24 24 6
6819 16 15 5
6820 13 13 5
6821 17 16 4
6822 12 11 7
6823 17 16 4
6824 14 13 7
6825 7 6 5
6826 17 16 4
6827 10 9 5
6828 17 17 5
6829 21 21 7
6830 39 38 4
6831 16 15 5
6832 17 17 5
6833 27 26 6
6834 14 13 5
6835 21 20 4
6836 24 23 5
6837 15 15 5
6838 23 22 6
6839 8 8 4
6840 12 11 5
6841 15 14 6
6842 16 16 6
6843 16 16 4
6844 16 15 5
6845 15 14 6
6846 6 6 6
6847 11 10 4
6848 8 7 6
6849 12 12 4
6850 12 11 5
6851 15 14 6
6852 16 16 4
6853 12 11 5
6854 13 12 6
6855 12 12 4
6856 12 11 5
6857 13 13 5
6858 11 11 5
6859 11 10 4
6860 10 9 5
6861 15 14 6
6862 8 8 4
6863 20 19 7
6864 13 12 4
6865 14 13 5
6866 9 8 4
6867 16 15 7
6868 7 6 5
6869 13 12 4
6870 24 23 5
6871 9 9 5
6872 15 14 6
6873 8 8 4
6874 14 13 5
6875 19 18 6
6876 10 10 4
6877 20 19 5
6878 13 13 5
6879 15 14 6
6880 14 13 5
6881 13 12 4
6882 12 11 5
6883 17 16 6
6884 16 16 6
6885 8 8 4
6886 16 15 5
6887 11 11 5
6888 17 16 6
6889 20 19 5
6890 11 10 4
6891 12 11 5
6892 11 10 4
6893 16 15 7
6894 11 10 4
6895 10 9 5
6896 15 14 4
6897 18 17 7
6898 21 20 4
6899 18 17 5
6900 15 14 6
6901 22 22 6
6902 12 12 4
6903 22 21 7
6904 9 8 4
6905 16 15 5
6906 15 14 6
6907 12 12 6
6908 10 10 4
6909 10 9 5
6910 13 13 5
6911 11 10 4
6912 10 9 5
6913 15 14 6
6914 12 12 6
6915 18 18 4
6916 10 9 5
6917 19 18 6
6918 10 9 5
6919 17 16 6
6920 14 14 4
6921 16 15 5
6922 9 9 5
6923 9 9 5
6924 13 12 4
6925 20 19 5
6926 11 11 5
6927 15 14 6
6928 16 16 6
6929 12 12 4
6930 16 15 5
6931 11 11 5
6932 13 12 4
6933 10 9 5
6934 11 11 5
6935 11 11 5
6936 11 10 4
6937 8 7 6
6938 14 13 5
6939 9 8 4
6940 14 13 5
6941 17 16 6
6942 14 14 6
6943 18 18 6
6944 14 14 4
6945 14 13 5
6946 13 13 5
6947 27 26 6
6948 22 22 4
6949 30 29 5
6950 23 23 5
6951 5 5 5
6952 18 17 5
6953 19 19 5
6954 11 11 5
6955 17 17 5
6956 13 13 5
6957 15 14 4
6958 14 13 5
6959 9 8 4
6960 20 19 5
6961 9 9 5
6962 9 8 4
6963 16 15 7
6964 9 8 4
6965 18 17 7
6966 9 8 4
6967 16 15 5
6968 15 14 6
6969 10 10 4
6970 16 15 5
6971 17 17 5
6972 29 29 5
6973 13 13 5
6974 19 19 5
6975 17 17 5
6976 5 5 5
6977 18 17 5
6978 17 17 5
6979 19 18 6
6980 26 25 5
6981 13 13 5
6982 25 24 6
6983 18 18 4
6984 18 17 5
6985 15 14 4
6986 14 13 5
6987 21 21 5
6988 25 24 6
6989 22 22 6
6990 16 16 4
6991 10 9 5
6992 19 18 4
6993 20 19 5
6994 13 13 5
6995 29 29 5
6996 13 13 5
6997 21 20 4
6998 12 11 5
6999 19 18 6
7000 24 23 5
7001 15 14 6
7002 24 24 4
7003 12 11 5
7004 13 13 5
7005 23 22 6
7006 30 30 4
7007 20 19 5
7008 19 18 6
7009 14 13 5
7010 9 9 5
7011 35 34 4
7012 28 27 5
7013 23 22 6
7014 22 21 7
7015 25 24 4
7016 18 17 5
7017 19 19 5
7018 11 11 5
7019 23 22 4
7020 16 15 5
7021 21 20 4
7022 30 29 5
7023 13 12 4
7024 22 21 5
7025 25 25 5
7026 17 16 6
7027 18 18 4
7028 20 19 5
7029 23 22 6
7030 28 28 6
7031 14 13 5
7032 21 20 6
7033 12 12 4
7034 18 17 5
7035 17 17 5
7036 17 16 6
7037 24 24 6
7038 8 8 4
7039 24 23 7
7040 19 18 4
7041 20 19 5
7042 19 19 5
7043 23 23 5
7044 15 15 5
7045 19 19 5
7046 21 20 4
7047 18 17 5
7048 17 17 5
7049 19 18 6
7050 14 14 6
7051 24 24 6
7052 18 18 4
7053 22 21 5
7054 25 24 6
7055 20 20 4
7056 20 19 5
7057 37 36 8
7058 28 27 7
7059 29 28 6
7060 32 31 7
7061 19 18 6
7062 32 32 10
7063 36 36 8
7064 36 35 7
7065 23 22 4
7066 22 21 5
7067 35 34 6
7068 30 29 5
7069 21 20 4
7070 30 29 5
7071 25 24 4
7072 20 19 7
7073 15 14 6
7074 34 34 8
7075 26 26 8
7076 28 28 6
7077 36 36 6
7078 36 35 7
7079 31 31 7
7080 35 34 4
7081 26 25 9
7082 45 44 6
7083 30 30 6
7084 22 21 5
7085 13 12 4
7086 32 31 7
7087 23 22 6
7088 32 32 8
7089 12 12 4
7090 30 29 7
7091 27 27 5
7092 25 24 8
7093 22 22 6
7094 24 24 4
7095 30 29 5
7096 29 28 4
7097 20 19 5
7098 23 23 5
7099 29 28 6
7100 38 37 9
7101 43 43 7
7102 25 24 4
7103 28 27 5
7104 27 27 5
7105 17 17 5
7106 19 19 5
7107 33 32 6
7108 16 16 4
7109 42 41 9
7110 27 26 6
7111 38 38 6
7112 20 19 7
7113 19 18 6
7114 14 14 4
7115 34 33 5
7116 19 19 5
7117 25 24 6
7118 24 24 6
7119 34 34 8
7120 24 23 5
7121 35 35 7
7122 29 28 6
7123 38 38 8
7124 18 17 5
7125 21 21 7
7126 21 21 5
7127 13 13 5
7128 27 27 7
7129 27 27 5
7130 25 25 5
7131 15 14 6
7132 26 25 5
7133 37 36 6
7134 12 11 5
7135 27 26 6
7136 12 12 4
7137 24 23 5
7138 25 24 4
7139 22 21 5
7140 19 18 6
7141 12 12 4
7142 18 17 5
7143 19 19 5
7144 21 20 6
7145 16 16 6
7146 14 14 4
7147 26 25 5
7148 17 17 5
7149 17 16 6
7150 10 10 4
7151 14 13 5
7152 25 24 6
7153 18 18 4
7154 16 15 5
7155 17 17 5
7156 15 14 4
7157 16 15 5
7158 19 18 6
7159 12 12 4
7160 14 13 5
7161 11 11 5
7162 17 16 4
7163 16 15 5
7164 17 17 5
7165 11 11 5
7166 7 6 5
7167 21 20 4
7168 18 17 5
7169 15 15 5
7170 15 15 5
7171 13 12 4
7172 14 13 5
7173 11 10 6
7174 10 10 6
7175 12 12 4
7176 12 11 5
7177 17 16 6
7178 20 20 4
7179 18 17 5
7180 11 11 5
7181 9 8 4
7182 12 11 5
7183 13 13 5
7184 17 16 6
7185 18 18 6
7186 18 18 4
7187 6 5 4
7188 18 17 5
7189 15 14 6
7190 12 11 5
7191 11 10 4
7192 6 5 4
7193 12 11 5
7194 13 13 5
7195 11 10 4
7196 10 9 5
7197 13 12 4
7198 12 11 5
7199 13 13 5
7200 7 6 5
7201 11 10 6
7202 10 9 5
7203 13 12 6
7204 8 8 4
7205 6 5 4
7206 10 9 5
7207 9 9 5
7208 11 11 5
7209 13 12 6
7210 12 12 4
7211 18 17 5
7212 11 10 4
7213 22 21 5
7214 15 15 5
7215 21 20 6
7216 12 11 5
7217 9 8 4
7218 16 15 5
7219 13 12 6
7220 14 13 5
7221 11 10 4
7222 14 13 5
7223 21 21 5
7224 15 14 6
7225 22 22 4
7226 16 15 5
7227 9 9 5
7228 9 8 4
7229 6 5 4
7230 8 7 6
7231 14 14 6
7232 10 10 4
7233 12 11 5
7234 13 12 4
7235 10 9 5
7236 11 11 5
7237 11 10 4
7238 16 15 7
7239 15 14 4
7240 12 11 5
7241 11 10 4
7242 14 13 5
7243 13 13 5
7244 19 18 6
7245 10 10 4
7246 12 11 5
7247 13 12 6
7248 6 6 6
7249 15 14 6
7250 14 13 5
7251 17 16 6
7252 12 12 4
7253 12 11 5
7254 9 9 5
7255 11 10 6
7256 14 14 4
7257 18 17 5
7258 11 10 4
7259 10 9 5
7260 11 11 5
7261 11 11 5
7262 15 14 4
7263 16 15 5
7264 15 14 6
7265 14 14 6
7266 10 10 4
7267 12 11 5
7268 9 8 4
7269 12 11 5
7270 11 11 5
7271 11 11 5
7272 15 14 4
7273 18 17 5
7274 13 13 5
7275 23 22 6
7276 20 20 4
7277 10 9 5
7278 9 8 4
7279 14 13 5
7280 7 6 5
7281 15 15 5
7282 13 12 4
7283 26 25 5
7284 13 13 5
7285 15 15 5
7286 17 16 6
7287 8 8 4
7288 10 9 5
7289 13 13 5
7290 21 20 6
7291 16 16 4
7292 16 15 5
7293 11 11 5
7294 17 16 4
7295 8 7 6
7296 10 10 4
7297 12 11 5
7298 7 6 5
7299 11 10 6
7300 12 11 5
7301 9 8 4
7302 12 11 5
7303 13 12 4
7304 14 13 5
7305 13 13 5
7306 11 10 4
7307 20 19 5
7308 17 16 6
7309 20 20 4
7310 14 13 7
7311 19 18 4
7312 12 11 5
7313 7 6 5
7314 11 11 5
7315 11 11 5
7316 15 14 6
7317 10 9 5
7318 11 10 6
7319 12 12 4
7320 12 11 5
7321 21 20 4
7322 20 19 5
7323 11 11 5
7324 17 16 6
7325 22 22 4
7326 16 15 5
7327 23 22 4
7328 16 15 7
7329 21 20 4
7330 26 25 5
7331 17 16 6
7332 14 14 4
7333 14 13 5
7334 17 16 4
7335 18 17 5
7336 19 18 4
7337 18 17 5
7338 33 32 6
7339 10 10 4
7340 28 27 5
7341 15 15 5
7342 19 18 4
7343 24 23 7
7344 13 12 4
7345 14 13 5
7346 33 32 8
7347 22 22 4
7348 30 29 5
7349 13 13 5
7350 21 20 6
7351 28 28 6
7352 20 20 6
7353 18 18 6
7354 38 38 4
7355 20 19 5
7356 17 17 5
7357 25 24 6
7358 20 19 5
7359 29 28 6
7360 28 28 6
7361 20 20 6
7362 28 27 5
7363 11 10 4
7364 20 19 7
7365 19 18 4
7366 24 23 5
7367 23 22 4
7368 14 13 5
7369 21 21 5
7370 19 19 5
7371 17 16 4
7372 16 15 5
7373 15 14 4
7374 16 15 5
7375 31 31 7
7376 13 13 5
7377 19 18 4
7378 14 13 5
7379 11 11 5
7380 11 10 4
7381 18 17 5
7382 13 13 5
7383 13 13 5
7384 21 20 4
7385 32 31 5
7386 23 23 5
7387 21 20 4
7388 16 15 5
7389 17 16 6
7390 20 20 4
7391 22 21 5
7392 19 18 4
7393 16 15 5
7394 13 13 5
7395 17 17 5
7396 21 20 6
7397 10 9 5
7398 23 22 6
7399 14 14 4
7400 12 11 5
7401 15 14 6
7402 14 14 6
7403 12 12 4
7404 16 15 5
7405 15 15 5
7406 9 9 5
7407 11 10 6
7408 6 6 6
7409 11 10 4
7410 12 11 5
7411 17 17 5
7412 25 25 5
7413 19 19 5
7414 13 12 4
7415 6 5 4
7416 12 11 5
7417 11 10 6
7418 8 8 4
7419 14 13 5
7420 5 5 5
7421 6 5 4
7422 24 23 7
7423 11 10 4
7424 26 25 5
7425 15 14 4
7426 12 11 5
7427 17 16 6
7428 6 6 6
7429 11 10 4
7430 10 9 5
7431 7 6 5
7432 11 11 5
7433 7 6 5
7434 11 10 6
7435 8 8 4
7436 12 11 5
7437 13 12 6
7438 14 13 5
7439 13 12 6
7440 10 10 4
7441 16 15 5
7442 17 17 5
7443 17 16 4
7444 18 17 5
7445 15 15 5
7446 15 15 5
7447 17 16 6
7448 6 6 6
7449 15 15 5
7450 17 16 4
7451 14 13 5
7452 15 15 5
7453 19 18 6
7454 14 14 6
7455 8 8 4
7456 12 11 5
7457 15 14 6
7458 12 11 5
7459 11 10 4
7460 16 15 5
7461 9 9 5
7462 17 16 4
7463 12 11 5
7464 13 12 6
7465 10 9 5
7466 13 12 6
7467 8 8 4
7468 12 11 5
7469 15 14 6
7470 10 10 6
7471 10 10 4
7472 12 11 5
7473 13 12 6
7474 16 16 6
7475 12 12 6
7476 6 6 6
7477 19 18 4
7478 10 9 5
7479 9 9 5
7480 9 8 4
7481 10 9 5
7482 15 15 5
7483 15 15 5
7484 9 8 4
7485 22 21 5
7486 35 35 5
7487 9 9 5
7488 13 12 4
7489 8 7 6
7490 10 9 5
7491 9 8 4
7492 10 9 5
7493 13 12 6
7494 12 11 5
7495 11 10 4
7496 14 13 5
7497 19 18 6
7498 10 10 4
7499 18 17 5
7500 13 12 6
7501 8 8 4
7502 14 13 5
7503 11 11 5
7504 13 12 4
7505 20 19 7
7506 11 10 4
7507 14 13 5
7508 5 5 5
7509 14 13 5
7510 13 12 4
7511 12 11 5
7512 11 10 6
7513 6 6 6
7514 13 12 6
7515 10 10 4
7516 18 17 5
7517 7 6 5
7518 13 12 6
7519 10 10 4
7520 16 15 7
7521 19 18 6
7522 12 12 6
7523 18 18 6
7524 20 20 4
7525 26 25 5
7526 15 14 4
7527 10 9 5
7528 9 9 5
7529 9 8 4
7530 18 17 5
7531 9 8 4
7532 14 13 5
7533 9 9 5
7534 11 11 5
7535 13 12 6
7536 12 12 4
7537 10 9 5
7538 13 12 4
7539 10 9 5
7540 9 9 5
7541 13 12 4
7542 16 15 5
7543 15 15 5
7544 11 11 5
7545 23 22 4
7546 12 11 5
7547 19 18 4
7548 30 29 5
7549 21 20 6
7550 12 12 6
7551 26 26 6
7552 14 14 4
7553 16 15 5
7554 21 21 5
7555 25 25 5
7556 13 13 5
7557 19 18 6
7558 16 15 5
7559 19 18 6
7560 30 30 6
7561 20 20 4
7562 18 17 5
7563 19 18 6
7564 22 21 5
7565 17 16 4
7566 18 17 5
7567 11 11 5
7568 11 10 4
7569 28 27 5
7570 31 31 5
7571 27 27 5
7572 21 21 5
7573 33 33 5
7574 27 27 7
7575 25 24 4
7576 22 21 5
7577 31 31 5
7578 19 18 4
7579 16 15 5
7580 35 35 5
7581 19 18 4
7582 24 23 5
7583 27 26 6
7584 28 28 6
7585 30 29 5
7586 21 21 5
7587 27 27 5
7588 19 18 4
7589 22 21 5
7590 21 21 5
7591 23 23 5
7592 19 18 4
7593 16 15 5
7594 19 18 4
7595 20 19 5
7596 21 20 6
7597 22 22 6
7598 16 16 4
7599 22 21 5
7600 25 25 7
7601 35 34 6
7602 18 17 5
7603 9 9 5
7604 19 18 4
7605 18 17 7
7606 33 32 6
7607 22 22 4
7608 22 21 5
7609 27 26 8
7610 18 18 4
7611 26 25 5
7612 29 28 6
7613 40 39 5
7614 41 41 7
7615 21 21 5
7616 23 22 6
7617 16 16 6
7618 24 24 6
7619 38 38 8
7620 12 12 4
7621 14 13 5
7622 19 18 6
7623 22 21 7
7624 29 28 6
7625 22 21 5
7626 19 19 5
7627 31 30 6
7628 24 23 5
7629 19 19 5
7630 21 20 6
7631 28 28 8
7632 28 28 6
7633 32 31 9
7634 25 24 6
7635 28 28 4
7636 30 29 7
7637 23 23 5
7638 11 11 5
7639 13 13 5
7640 21 20 6
7641 20 20 6
7642 36 36 6
7643 26 25 5
7644 33 32 6
7645 42 42 10
7646 24 23 5
7647 27 26 6
7648 30 29 5
7649 23 22 6
7650 22 22 4
7651 18 17 5
7652 15 15 5
7653 17 17 5
7654 11 10 4
7655 16 15 5
7656 21 21 5
7657 15 15 5
7658 27 26 6
7659 20 20 4
7660 12 11 5
7661 25 24 6
7662 18 17 5
7663 17 16 6
7664 20 19 5
7665 15 14 4
7666 16 15 5
7667 17 16 6
7668 8 8 4
7669 18 17 5
7670 23 22 6
7671 20 20 6
7672 16 16 4
7673 18 17 5
7674 11 11 5
7675 7 6 5
7676 13 12 4
7677 18 17 5
7678 25 25 5
7679 13 12 4
7680 10 9 5
7681 11 11 5
7682 25 24 6
7683 14 14 4
7684 20 19 7
7685 19 18 4
7686 22 21 5
7687 13 12 6
7688 12 12 6
7689 24 24 4
7690 22 21 5
7691 17 17 5
7692 15 14 6
7693 10 10 4
7694 20 19 5
7695 13 12 6
7696 12 12 4
7697 16 15 7
7698 21 20 4
7699 12 11 5
7700 17 16 6
7701 24 23 5
7702 27 26 4
7703 30 29 5
7704 17 16 6
7705 16 16 4
7706 18 17 5
7707 11 10 4
7708 26 25 5
7709 11 11 5
7710 21 20 6
7711 22 22 4
7712 18 17 7
7713 13 12 4
7714 14 13 5
7715 17 17 5
7716 15 14 4
7717 20 19 5
7718 19 18 4
7719 26 25 5
7720 21 21 5
7721 17 16 4
7722 18 17 5
7723 15 15 5
7724 21 21 5
7725 19 18 6
7726 10 10 4
7727 18 17 5
7728 19 19 5
7729 23 22 6
7730 20 20 4
7731 20 19 5
7732 17 17 5
7733 13 12 4
7734 20 19 5
7735 15 14 6
7736 28 28 4
7737 28 27 5
7738 17 16 6
7739 24 24 4
7740 14 13 5
7741 15 15 5
7742 27 26 6
7743 16 15 5
7744 23 22 4
7745 12 11 5
7746 27 26 4
7747 22 21 5
7748 23 23 5
7749 13 12 6
7750 18 18 6
7751 22 22 4
7752 14 13 5
7753 19 18 4
7754 20 19 7
7755 21 20 4
7756 14 13 5
7757 19 19 5
7758 25 24 6
7759 16 16 4
7760 22 21 5
7761 19 19 5
7762 21 20 6
7763 12 11 5
7764 17 16 4
7765 18 17 5
7766 17 17 5
7767 23 22 6
7768 8 8 4
7769 14 13 5
7770 17 16 4
7771 18 17 5
7772 15 15 5
7773 21 20 4
7774 10 9 5
7775 9 8 4
7776 14 13 5
7777 19 18 6
7778 14 14 6
7779 14 14 4
7780 10 9 5
7781 17 16 4
7782 18 17 5
7783 5 5 5
7784 12 11 5
7785 13 13 5
7786 15 15 5
7787 17 16 6
7788 8 8 4
7789 14 13 7
7790 19 18 4
7791 20 19 5
7792 11 11 5
7793 21 20 4
7794 12 11 5
7795 13 13 5
7796 13 12 6
7797 8 8 4
7798 14 13 5
7799 13 13 5
7800 9 9 5
7801 13 12 6
7802 18 18 4
7803 10 9 5
7804 11 10 4
7805 14 13 5
7806 11 11 5
7807 11 11 5
7808 11 10 4
7809 10 9 5
7810 11 11 5
7811 11 10 6
7812 8 8 4
7813 10 9 5
7814 19 18 6
7815 16 16 6
7816 18 18 6
7817 8 8 4
7818 14 13 7
7819 7 6 5
7820 11 10 4
7821 14 13 5
7822 9 9 5
7823 11 10 4
7824 12 11 5
7825 13 13 5
7826 11 10 6
7827 8 8 4
7828 16 15 7
7829 7 6 5
7830 15 14 4
7831 14 13 5
7832 21 21 5
7833 25 24 6
7834 16 16 4
7835 14 13 5
7836 19 18 6
7837 10 10 4
7838 6 5 4
7839 10 9 5
7840 11 10 6
7841 10 10 4
7842 12 11 5
7843 13 12 6
7844 12 12 6
7845 6 6 6
7846 13 12 4
7847 12 11 5
7848 13 13 5
7849 9 8 4
7850 16 15 5
7851 7 7 7
7852 8 8 4
7853 6 5 4
7854 12 11 5
7855 5 5 5
7856 12 11 5
7857 13 13 5
7858 19 18 6
7859 10 10 4
7860 14 13 5
7861 17 17 5
7862 11 11 5
7863 31 30 4
7864 10 9 5
7865 15 14 4
7866 14 13 5
7867 9 8 4
7868 14 13 5
7869 19 18 6
7870 16 15 5
7871 7 6 5
7872 19 18 6
7873 10 9 5
7874 15 14 4
7875 30 29 5
7876 25 25 5
7877 27 27 5
7878 25 25 5
7879 11 10 6
7880 14 14 4
7881 20 19 5
7882 27 27 5
7883 17 16 4
7884 16 15 5
7885 15 14 6
7886 10 10 4
7887 14 13 5
7888 13 12 4
7889 20 19 5
7890 21 20 6
7891 24 24 6
7892 20 20 6
7893 12 12 4
7894 18 17 5
7895 23 23 5
7896 21 20 4
7897 14 13 5
7898 21 21 5
7899 25 25 5
7900 31 31 5
7901 23 22 6
7902 20 20 4
7903 14 13 5
7904 19 19 5
7905 25 24 8
7906 22 22 6
7907 22 22 4
7908 22 21 5
7909 17 17 5
7910 15 14 4
7911 16 15 5
7912 13 13 5
7913 19 19 5
7914 17 17 5
7915 17 16 4
7916 20 19 7
7917 33 32 6
7918 26 26 6
7919 20 19 5
7920 17 16 6
7921 14 14 4
7922 26 25 5
7923 25 25 5
7924 23 23 5
7925 23 23 5
7926 17 16 4
7927 26 25 7
7928 23 22 6
7929 22 22 4
7930 14 13 5
7931 17 16 6
7932 20 20 6
7933 14 14 6
7934 10 10 6
7935 18 18 4
7936 26 25 5
7937 11 11 5
7938 27 26 4
7939 28 27 7
7940 15 14 6
7941 12 11 5
7942 11 10 4
7943 12 11 5
7944 13 13 5
7945 21 20 6
7946 24 24 8
7947 14 14 6
7948 24 24 6
7949 12 12 4
7950 22 21 5
7951 17 17 5
7952 17 16 4
7953 14 13 5
7954 23 23 5
7955 19 18 6
7956 20 20 4
7957 20 19 7
7958 23 22 4
7959 26 25 7
7960 13 12 4
7961 24 23 5
7962 15 14 4
7963 18 17 5
7964 23 22 6
7965 28 28 6
7966 24 23 5
7967 23 22 6
7968 18 17 7
7969 21 20 6
7970 20 20 4
7971 26 25 7
7972 17 16 4
7973 18 17 5
7974 23 22 6
7975 18 18 4
7976 24 23 5
7977 15 14 6
7978 18 18 4
7979 30 29 5
7980 33 33 7
7981 25 24 4
7982 16 15 5
7983 13 13 5
7984 11 10 4
7985 14 13 5
7986 23 23 5
7987 17 17 5
7988 19 18 6
7989 26 26 4
7990 22 21 7
7991 27 26 6
7992 18 18 6
7993 12 12 4
7994 12 11 5
7995 21 20 4
7996 12 11 5
7997 29 28 4
7998 24 23 7
7999 13 12 4
8000 16 15 5
8001 17 16 6
8002 20 19 5
8003 13 13 5
8004 21 21 5
8005 21 21 5
8006 15 14 4
8007 12 11 5
8008 17 17 5
8009 23 23 5
8010 17 16 4
8011 14 13 7
8012 17 16 4
8013 20 19 5
8014 11 10 4
8015 18 17 5
8016 13 13 5
8017 11 11 5
8018 17 17 5
8019 15 14 4
8020 10 9 5
8021 17 17 5
8022 19 18 6
8023 6 6 6
8024 21 20 6
8025 12 12 4
8026 10 9 5
8027 13 12 4
8028 28 27 7
8029 23 22 6
8030 16 16 4
8031 18 17 5
8032 9 8 4
8033 18 17 5
8034 17 17 5
8035 21 20 6
8036 10 10 4
8037 16 15 5
8038 17 16 4
8039 18 17 5
8040 25 24 6
8041 28 28 4
8042 22 21 5
8043 19 19 5
8044 21 20 6
8045 24 24 6
8046 22 22 4
8047 12 11 5
8048 19 18 6
8049 20 20 6
8050 24 24 4
8051 24 23 5
8052 19 18 6
8053 24 23 5
8054 23 22 6
8055 12 12 4
8056 28 27 7
8057 35 34 4
8058 12 11 5
8059 23 22 6
8060 18 17 5
8061 25 24 6
8062 18 18 4
8063 14 13 5
8064 17 17 5
8065 21 20 6
8066 30 30 6
8067 18 18 4
8068 16 15 5
8069 25 24 4
8070 26 25 5
8071 23 23 5
8072 27 26 6
8073 22 22 6
8074 14 14 4
8075 18 17 5
8076 17 17 5
8077 19 19 5
8078 15 14 4
8079 22 21 7
8080 15 14 4
8081 16 15 5
8082 13 12 6
8083 14 14 6
8084 12 12 4
8085 20 19 5
8086 17 16 6
8087 12 11 5
8088 15 14 4
8089 20 19 5
8090 13 12 6
8091 12 12 6
8092 14 14 4
8093 16 15 5
8094 13 13 5
8095 13 12 4
8096 10 9 5
8097 21 20 6
8098 8 8 4
8099 22 21 5
8100 13 13 5
8101 9 8 4
8102 10 9 5
8103 17 17 5
8104 9 9 5
8105 11 10 4
8106 10 9 5
8107 7 7 7
8108 12 12 4
8109 14 13 5
8110 13 13 5
8111 13 13 5
8112 9 8 4
8113 10 9 5
8114 9 9 5
8115 19 18 6
8116 18 18 4
8117 18 17 5
8118 13 13 5
8119 21 20 6
8120 20 20 6
8121 14 14 4
8122 18 17 5
8123 5 5 5
8124 12 11 5
8125 11 10 4
8126 16 15 5
8127 17 16 6
8128 18 17 5
8129 11 10 6
8130 18 18 4
8131 10 9 5
8132 9 9 5
8133 11 10 4
8134 18 17 5
8135 11 10 6
8136 16 16 6
8137 10 9 5
8138 9 8 4
8139 20 19 5
8140 11 10 6
8141 22 22 6
8142 14 14 4
8143 22 21 5
8144 11 11 5
8145 13 12 4
8146 10 9 5
8147 15 14 4
8148 14 13 5
8149 5 5 5
8150 10 9 5
8151 11 10 6
8152 14 14 6
8153 16 16 6
8154 18 18 4
8155 22 21 7
8156 11 10 4
8157 14 13 5
8158 13 12 4
8159 12 11 5
8160 7 6 5
8161 15 14 6
8162 14 13 5
8163 19 18 4
8164 20 19 5
8165 15 14 6
8166 16 16 4
8167 10 9 5
8168 11 10 4
8169 10 9 5
8170 11 11 5
8171 5 5 5
8172 10 9 5
8173 15 15 5
8174 19 18 6
8175 28 28 6
8176 16 16 4
8177 10 9 5
8178 17 16 6
8179 10 10 4
8180 22 21 5
8181 15 14 6
8182 24 24 6
8183 14 14 4
8184 14 13 5
8185 13 13 5
8186 13 12 4
8187 16 15 5
8188 15 15 5
8189 17 16 4
8190 26 25 5
8191 25 25 5
8192 25 25 5
8193 13 12 4
8194 22 21 5
8195 29 28 4
8196 30 29 5
8197 21 21 5
8198 33 32 6
8199 30 29 7
8200 31 31 7
8201 25 24 6
8202 20 19 5
8203 25 24 6
8204 26 25 7
8205 39 39 5
8206 43 43 7
8207 33 32 8
8208 32 32 6
8209 30 30 6
8210 30 29 9
8211 37 36 8
8212 40 40 8
8213 34 33 7
8214 35 34 6
8215 44 43 7
8216 25 25 5
8217 29 29 7
8218 21 21 5
8219 35 34 6
8220 26 25 5
8221 31 30 4
8222 36 35 7
8223 33 32 6
8224 36 35 5
8225 31 31 9
8226 33 32 4
8227 54 53 13
8228 15 14 4
8229 24 23 5
8230 31 30 8
8231 28 28 6
8232 32 32 4
8233 30 29 5
8234 27 27 7
8235 23 22 4
8236 26 25 7
8237 41 40 4
8238 26 25 7
8239 27 26 6
8240 16 16 6
8241 38 38 6
8242 18 17 5
8243 33 32 6
8244 40 40 6
8245 24 24 6
8246 22 22 8
8247 22 22 4
8248 36 35 5
8249 29 29 7
8250 33 32 8
8251 36 36 8
8252 18 18 4
8253 42 41 7
8254 25 25 5
8255 29 29 5
8256 27 27 5
8257 29 28 8
8258 26 26 4
8259 26 25 5
8260 19 19 5
8261 49 48 8
8262 30 29 5
8263 21 20 4
8264 24 23 5
8265 39 39 9
8266 25 24 6
8267 34 34 8
8268 30 29 7
8269 23 23 5
8270 17 16 4
8271 26 25 7
8272 21 20 6
8273 26 26 4
8274 24 23 7
8275 19 18 4
8276 20 19 5
8277 23 22 6
8278 32 31 5
8279 13 13 5
8280 27 27 5
8281 25 24 6
8282 30 29 7
8283 25 24 6
8284 24 24 4
8285 16 15 5
8286 23 23 5
8287 11 11 5
8288 29 28 6
8289 18 18 6
8290 12 12 4
8291 30 29 7
8292 15 14 4
8293 20 19 5
8294 23 23 7
8295 19 18 4
8296 20 19 5
8297 19 18 4
8298 20 19 5
8299 25 24 6
8300 18 18 4
8301 20 19 5
8302 9 9 5
8303 17 17 5
8304 19 18 4
8305 16 15 5
8306 11 11 5
8307 19 18 6
8308 12 12 4
8309 10 9 5
8310 15 15 5
8311 21 21 5
8312 13 12 4
8313 14 13 5
8314 11 11 5
8315 17 16 6
8316 14 14 4
8317 20 19 5
8318 19 18 6
8319 18 17 5
8320 19 18 6
8321 18 18 4
8322 14 13 5
8323 25 24 6
8324 16 15 5
8325 17 16 6
8326 18 18 6
8327 14 14 4
8328 18 17 5
8329 13 12 6
8330 12 12 6
8331 10 10 4
8332 12 11 5
8333 21 20 6
8334 12 12 6
8335 16 16 4
8336 18 17 5
8337 19 19 5
8338 21 20 6
8339 24 24 6
8340 18 18 4
8341 14 13 5
8342 17 16 6
8343 14 14 6
8344 10 10 4
8345 24 23 5
8346 7 6 5
8347 17 17 5
8348 11 11 5
8349 11 10 6
8350 12 12 6
8351 24 24 4
8352 32 31 5
8353 33 33 5
8354 21 21 5
8355 17 16 6
8356 20 20 4
8357 10 9 5
8358 17 17 5
8359 17 16 4
8360 24 23 5
8361 19 18 6
8362 20 20 4
8363 20 19 5
8364 25 24 4
8365 16 15 5
8366 27 26 6
8367 22 22 6
8368 26 26 6
8369 14 14 4
8370 30 29 5
8371 33 33 5
8372 37 37 5
8373 37 36 6
8374 18 18 4
8375 18 17 5
8376 25 25 5
8377 27 26 4
8378 22 21 7
8379 29 28 6
8380 20 20 6
8381 18 18 4
8382 16 15 5
8383 27 27 5
8384 27 27 5
8385 31 30 4
8386 20 19 5
8387 21 20 6
8388 12 12 4
8389 20 19 5
8390 13 13 5
8391 25 24 4
8392 34 33 7
8393 25 24 4
8394 14 13 5
8395 29 28 6
8396 18 17 5
8397 13 13 5
8398 19 19 5
8399 19 19 7
8400 21 20 6
8401 22 22 6
8402 16 16 6
8403 20 20 6
8404 14 14 4
8405 22 21 5
8406 17 17 5
8407 19 18 6
8408 18 17 5
8409 17 16 4
8410 10 9 5
8411 21 21 5
8412 17 16 6
8413 16 16 4
8414 24 23 5
8415 11 10 6
8416 22 22 4
8417 12 11 5
8418 19 19 5
8419 15 14 4
8420 16 15 7
8421 11 10 4
8422 6 5 4
8423 18 17 5
8424 13 12 6
8425 20 19 5
8426 11 10 4
8427 14 13 5
8428 13 12 6
8429 14 14 4
8430 14 13 7
8431 17 16 6
8432 14 14 6
8433 8 8 4
8434 18 17 5
8435 13 12 6
8436 14 14 6
8437 10 10 4
8438 20 19 5
8439 9 9 5
8440 15 14 4
8441 12 11 5
8442 15 15 5
8443 13 12 6
8444 24 24 4
8445 6 5 4
8446 16 15 5
8447 17 17 5
8448 13 12 6
8449 10 9 5
8450 13 12 4
8451 12 11 5
8452 13 12 6
8453 12 12 6
8454 6 6 6
8455 13 12 4
8456 14 13 5
8457 11 11 5
8458 9 8 4
8459 10 9 5
8460 15 15 5
8461 17 17 5
8462 9 8 4
8463 12 11 5
8464 5 5 5
8465 10 9 5
8466 11 10 4
8467 12 11 5
8468 15 15 5
8469 19 19 5
8470 23 22 6
8471 24 24 6
8472 12 12 6
8473 10 10 4
8474 16 15 5
8475 11 10 4
8476 14 13 5
8477 15 15 5
8478 15 15 5
8479 15 14 6
8480 8 8 4
8481 14 13 5
8482 13 13 5
8483 13 12 6
8484 10 10 4
8485 10 9 5
8486 11 10 4
8487 6 5 4
8488 14 13 7
8489 11 10 4
8490 16 15 5
8491 13 12 6
8492 20 20 4
8493 16 15 7
8494 13 12 4
8495 6 5 4
8496 14 13 5
8497 15 14 6
8498 18 18 6
8499 10 10 4
8500 12 11 5
8501 13 12 6
8502 10 10 4
8503 12 11 5
8504 15 14 4
8505 14 13 5
8506 23 22 6
8507 12 11 5
8508 13 12 6
8509 18 18 4
8510 14 13 5
8511 21 21 5
8512 13 13 5
8513 15 14 6
8514 12 12 4
8515 24 23 5
8516 19 19 5
8517 25 24 4
8518 14 13 5
8519 9 8 4
8520 16 15 5
8521 15 14 6
8522 12 12 4
8523 20 19 5
8524 9 8 4
8525 10 9 5
8526 13 13 5
8527 13 13 5
8528 13 12 4
8529 20 19 5
8530 25 25 5
8531 15 15 5
8532 9 8 4
8533 10 9 5
8534 27 26 6
8535 24 24 6
8536 24 24 6
8537 16 16 4
8538 30 29 5
8539 15 15 5
8540 13 13 5
8541 25 24 6
8542 34 34 4
8543 18 17 5
8544 15 14 6
8545 20 19 5
8546 21 20 6
8547 22 22 6
8548 14 14 4
8549 20 19 5
8550 21 21 5
8551 25 24 6
8552 18 18 4
8553 26 25 7
8554 23 22 4
8555 32 31 5
8556 17 17 5
8557 17 16 6
8558 16 16 4
8559 22 21 5
8560 19 19 5
8561 29 28 6
8562 18 18 4
8563 18 17 5
8564 19 19 5
8565 21 21 5
8566 27 27 5
8567 17 16 6
8568 16 16 4
8569 18 17 5
8570 19 18 4
8571 24 23 5
8572 23 23 5
8573 25 25 7
8574 25 24 6
8575 18 17 5
8576 31 30 6
8577 18 17 5
8578 21 20 6
8579 52 52 6
8580 30 29 5
8581 23 22 6
8582 28 28 6
8583 24 24 6
8584 30 30 6
8585 20 20 6
8586 38 37 7
8587 13 12 4
8588 40 39 5
8589 29 28 6
8590 40 39 5
8591 51 51 7
8592 27 26 6
8593 30 30 6
8594 30 29 7
8595 25 24 8
8596 32 32 4
8597 24 23 5
8598 19 19 5
8599 25 25 5
8600 21 20 8
8601 20 20 4
8602 24 23 7
8603 25 24 6
8604 20 20 4
8605 26 25 5
8606 23 23 5
8607 23 23 7
8608 21 20 8
8609 34 34 6
8610 16 15 5
8611 19 19 5
8612 19 19 5
8613 27 27 5
8614 35 35 7
8615 23 22 6
8616 18 18 4
8617 24 23 5
8618 25 25 5
8619 25 24 6
8620 16 15 7
8621 19 18 6
8622 30 29 5
8623 19 19 5
8624 31 31 5
8625 23 23 5
8626 29 29 7
8627 19 19 5
8628 29 28 10
8629 24 24 6
8630 14 14 4
8631 18 17 5
8632 19 19 5
8633 47 47 7
8634 39 38 6
8635 32 31 7
8636 29 28 6
8637 36 35 7
8638 29 29 5
8639 19 19 5
8640 17 17 5
8641 25 25 7
8642 29 28 6
8643 32 32 8
8644 16 16 4
8645 18 17 5
8646 31 30 8
8647 18 18 6
8648 26 26 4
8649 16 15 5
8650 25 24 4
8651 30 29 5
8652 21 20 6
8653 22 22 6
8654 28 28 8
8655 30 30 6
8656 18 17 5
8657 17 17 5
8658 17 17 5
8659 27 26 6
8660 32 32 6
8661 22 21 7
8662 29 28 4
8663 18 17 7
8664 17 17 5
8665 25 24 4
8666 24 23 5
8667 29 29 7
8668 27 26 4
8669 18 17 5
8670 17 16 4
8671 20 19 5
8672 17 17 5
8673 27 27 7
8674 15 15 5
8675 19 18 4
8676 30 29 5
8677 15 15 5
8678 25 24 6
8679 12 12 4
8680 16 15 5
8681 13 13 5
8682 23 22 6
8683 18 18 4
8684 24 23 5
8685 21 21 5
8686 21 21 5
8687 25 25 5
8688 17 16 6
8689 14 14 4
8690 18 17 5
8691 15 15 5
8692 17 17 5
8693 17 16 4
8694 18 17 5
8695 31 31 5
8696 23 22 6
8697 24 24 6
8698 16 16 4
8699 18 17 5
8700 19 19 5
8701 19 18 4
8702 18 17 5
8703 17 17 5
8704 17 17 5
8705 25 24 6
8706 20 20 6
8707 22 22 6
8708 22 21 5
8709 21 20 4
8710 26 25 5
8711 15 15 5
8712 19 18 6
8713 32 32 4
8714 20 19 5
8715 17 17 5
8716 19 19 5
8717 21 21 5
8718 15 14 4
8719 16 15 5
8720 23 22 6
8721 20 19 5
8722 15 14 6
8723 30 30 6
8724 18 18 4
8725 22 21 5
8726 31 30 6
8727 16 15 5
8728 17 16 4
8729 16 15 5
8730 15 15 5
8731 29 29 5
8732 7 6 5
8733 13 13 5
8734 21 20 4
8735 18 17 5
8736 15 15 5
8737 19 18 4
8738 24 23 7
8739 31 30 6
8740 14 14 4
8741 22 21 7
8742 15 14 4
8743 10 9 5
8744 19 18 6
8745 20 19 5
8746 9 8 4
8747 16 15 5
8748 21 20 6
8749 18 18 4
8750 12 11 5
8751 27 26 6
8752 20 19 5
8753 15 14 6
8754 16 16 6
8755 24 24 6
8756 16 16 4
8757 16 15 5
8758 15 15 5
8759 17 16 6
8760 18 18 6
8761 14 14 4
8762 16 15 5
8763 13 13 5
8764 17 16 6
8765 16 16 4
8766 12 11 5
8767 13 12 6
8768 20 20 4
8769 14 13 5
8770 13 13 5
8771 13 12 6
8772 16 16 6
8773 14 14 4
8774 20 19 5
8775 17 17 5
8776 15 14 6
8777 12 12 4
8778 14 13 5
8779 9 9 5
8780 15 15 5
8781 23 22 4
8782 10 9 5
8783 13 12 6
8784 28 28 6
8785 24 23 5
8786 15 14 6
8787 10 10 6
8788 20 20 6
8789 22 22 6
8790 14 14 4
8791 22 21 5
8792 17 17 5
8793 13 12 4
8794 14 13 5
8795 9 9 5
8796 19 19 5
8797 17 16 6
8798 16 16 6
8799 10 10 4
8800 10 9 5
8801 11 10 4
8802 10 9 5
8803 19 19 5
8804 17 17 5
8805 17 16 6
8806 12 12 4
8807 26 25 5
8808 17 16 6
8809 14 14 6
8810 14 14 4
8811 22 21 5
8812 13 13 5
8813 13 12 6
8814 16 16 6
8815 8 8 4
8816 12 11 5
8817 11 11 5
8818 11 10 6
8819 14 14 6
8820 14 14 4
8821 16 15 5
8822 13 13 5
8823 11 11 5
8824 11 10 4
8825 14 13 5
8826 15 14 6
8827 12 12 4
8828 6 5 4
8829 16 15 5
8830 21 20 6
8831 16 15 5
8832 15 15 5
8833 11 10 4
8834 14 13 7
8835 29 28 6
8836 12 12 6
8837 16 16 6
8838 12 12 4
8839 12 11 5
8840 9 8 4
8841 22 21 5
8842 17 16 6
8843 10 10 4
8844 12 11 5
8845 31 31 5
8846 17 16 6
8847 10 10 4
8848 24 23 5
8849 13 13 5
8850 17 16 4
8851 10 9 5
8852 15 14 4
8853 16 15 7
8854 15 14 4
8855 14 13 5
8856 7 6 5
8857 15 15 5
8858 9 9 5
8859 27 27 5
8860 11 10 4
8861 14 13 5
8862 23 22 6
8863 20 20 6
8864 12 12 4
8865 22 21 5
8866 31 30 6
8867 34 33 5
8868 37 36 6
8869 20 19 5
8870 25 24 6
8871 20 20 6
8872 30 30 6
8873 34 34 6
8874 22 22 6
8875 26 25 5
8876 31 30 6
8877 38 37 7
8878 19 18 6
8879 24 24 4
8880 22 21 5
8881 29 28 8
8882 34 34 4
8883 18 17 5
8884 17 16 6
8885 24 24 4
8886 34 33 7
8887 19 19 5
8888 35 35 5
8889 27 27 7
8890 23 23 5
8891 39 38 6
8892 22 22 6
8893 28 27 5
8894 35 35 5
8895 11 10 4
8896 22 21 5
8897 25 25 5
8898 29 28 4
8899 40 39 7
8900 27 26 4
8901 24 23 5
8902 17 16 4
8903 32 31 5
8904 29 29 5
8905 21 20 6
8906 24 24 6
8907 44 44 6
8908 22 22 4
8909 34 33 5
8910 19 19 5
8911 17 17 5
8912 35 35 9
8913 23 22 6
8914 26 26 6
8915 34 34 10
8916 24 24 4
8917 30 29 5
8918 17 17 5
8919 27 26 6
8920 32 32 6
8921 18 17 5
8922 39 39 7
8923 29 29 7
8924 41 40 6
8925 26 26 6
8926 34 34 8
8927 28 28 6
8928 36 36 8
8929 34 34 6
8930 32 31 7
8931 19 18 4
8932 34 33 5
8933 29 28 6
8934 42 42 6
8935 22 22 6
8936 28 28 4
8937 38 37 7
8938 21 21 5
8939 33 32 6
8940 28 28 6
8941 32 32 6
8942 28 27 5
8943 15 14 6
8944 24 24 6
8945 28 28 8
8946 26 26 6
8947 20 19 5
8948 33 32 6
8949 30 29 5
8950 31 30 6
8951 24 24 4
8952 18 17 5
8953 19 18 4
8954 30 29 5
8955 27 27 5
8956 15 14 6
8957 22 22 6
8958 18 18 4
8959 32 31 5
8960 21 21 5
8961 19 18 4
8962 26 25 5
8963 19 19 5
8964 19 19 5
8965 21 20 6
8966 22 21 5
8967 17 16 4
8968 18 17 5
8969 13 13 5
8970 19 18 6
8971 20 19 5
8972 19 18 4
8973 28 27 5
8974 13 13 5
8975 23 22 6
8976 14 14 4
8977 18 17 5
8978 11 11 5
8979 15 14 4
8980 14 13 5
8981 15 14 6
8982 18 17 5
8983 9 8 4
8984 10 9 5
8985 11 11 5
8986 19 18 6
8987 16 15 5
8988 11 10 4
8989 22 21 5
8990 11 11 5
8991 29 28 6
8992 22 21 5
8993 21 21 5
8994 25 24 4
8995 14 13 5
8996 27 26 6
8997 12 12 6
8998 22 22 4
8999 18 17 5
9000 15 15 5
9001 13 12 4
9002 14 13 5
9003 17 16 6
9004 6 6 6
9005 9 8 4
9006 14 13 5
9007 17 17 5
9008 15 15 5
9009 15 14 6
9010 16 16 6
9011 16 16 6
9012 16 16 4
9013 14 13 5
9014 17 17 5
9015 13 12 4
9016 30 29 7
9017 13 12 4
9018 12 11 5
9019 17 16 4
9020 10 9 5
9021 9 9 5
9022 13 13 5
9023 13 12 6
9024 10 10 4
9025 12 11 5
9026 11 11 5
9027 9 8 4
9028 12 11 5
9029 13 13 5
9030 17 16 6
9031 14 14 6
9032 18 18 6
9033 14 13 5
9034 15 14 6
9035 12 12 4
9036 12 11 5
9037 11 10 4
9038 14 13 5
9039 17 17 5
9040 19 18 6
9041 18 18 6
9042 12 12 4
9043 14 13 5
9044 5 5 5
9045 16 15 5
9046 13 12 6
9047 14 14 6
9048 8 8 4
9049 10 9 5
9050 9 8 4
9051 12 11 5
9052 15 15 5
9053 19 19 5
9054 15 14 6
9055 16 16 6
9056 10 10 4
9057 18 17 5
9058 13 12 6
9059 12 11 5
9060 9 8 4
9061 12 11 5
9062 9 9 5
9063 17 16 4
9064 12 11 5
9065 13 12 6
9066 16 15 5
9067 21 20 6
9068 8 8 4
9069 6 5 4
9070 12 11 5
9071 11 11 5
9072 15 15 5
9073 17 16 4
9074 12 11 5
9075 19 18 6
9076 14 13 5
9077 13 12 4
9078 12 11 5
9079 11 11 5
9080 13 12 4
9081 12 11 7
9082 7 6 5
9083 11 10 4
9084 12 11 5
9085 11 10 4
9086 14 13 5
9087 13 13 5
9088 11 10 6
9089 24 24 6
9090 16 15 5
9091 17 16 4
9092 18 17 5
9093 15 15 5
9094 17 16 6
9095 12 12 4
9096 18 17 5
9097 15 14 4
9098 12 11 5
9099 9 9 5
9100 15 15 5
9101 21 20 6
9102 18 17 5
9103 11 10 4
9104 10 9 5
9105 19 18 6
9106 12 12 4
9107 12 11 5
9108 15 14 6
9109 14 14 6
9110 8 8 4
9111 10 9 5
9112 13 13 5
9113 11 10 6
9114 16 16 6
9115 12 12 4
9116 14 13 5
9117 13 13 5
9118 11 10 4
9119 14 13 5
9120 11 10 6
9121 14 14 6
9122 14 14 4
9123 12 11 5
9124 13 12 6
9125 10 10 6
9126 8 8 4
9127 12 11 5
9128 21 20 4
9129 18 17 5
9130 17 16 6
9131 18 18 6
9132 8 8 4
9133 20 19 5
9134 13 12 4
9135 16 15 5
9136 11 11 5
9137 9 8 4
9138 10 9 5
9139 9 9 5
9140 9 8 4
9141 10 9 5
9142 7 6 5
9143 13 13 5
9144 17 17 5
9145 17 16 4
9146 16 15 5
9147 17 17 5
9148 13 13 5
9149 7 6 5
9150 17 16 6
9151 10 10 6
9152 10 10 4
9153 12 11 5
9154 19 18 6
9155 8 8 4
9156 10 9 5
9157 17 16 6
9158 10 10 6
9159 6 6 6
9160 7 6 5
9161 13 12 4
9162 18 17 5
9163 11 11 5
9164 15 14 4
9165 16 15 5
9166 17 17 5
9167 13 13 5
9168 15 14 4
9169 16 15 7
9170 23 22 4
9171 14 13 5
9172 19 18 4
9173 22 21 5
9174 21 20 6
9175 34 34 4
9176 16 15 7
9177 13 12 4
9178 22 21 7
9179 15 14 4
9180 18 17 5
9181 25 24 6
9182 12 11 5
9183 13 12 4
9184 18 17 5
9185 17 17 7
9186 15 14 4
9187 16 15 5
9188 19 18 6
9189 18 18 4
9190 30 29 5
9191 27 27 7
9192 27 26 6
9193 34 34 6
9194 38 38 6
9195 36 36 6
9196 38 38 6
9197 32 32 6
9198 26 26 6
9199 36 36 6
9200 24 24 6
9201 36 36 8
9202 24 24 6
9203 28 28 6
9204 18 18 4
9205 26 25 5
9206 23 23 5
9207 31 30 4
9208 28 27 5
9209 15 14 4
9210 32 31 5
9211 23 23 5
9212 19 18 4
9213 24 23 5
9214 21 20 4
9215 30 29 7
9216 25 25 5
9217 23 22 6
9218 10 10 4
9219 26 25 5
9220 17 17 5
9221 15 14 4
9222 22 21 5
9223 27 26 8
9224 24 24 6
9225 10 10 4
9226 18 17 5
9227 17 17 5
9228 15 14 4
9229 22 21 5
9230 15 14 6
9231 16 15 5
9232 19 18 4
9233 18 17 5
9234 13 13 5
9235 21 20 6
9236 16 16 4
9237 16 15 5
9238 17 16 6
9239 14 14 4
9240 14 13 5
9241 15 14 4
9242 14 13 5
9243 13 13 5
9244 23 23 5
9245 13 12 4
9246 12 11 7
9247 13 12 4
9248 12 11 5
9249 23 22 4
9250 24 23 7
9251 15 14 4
9252 12 11 5
9253 23 22 6
9254 14 14 6
9255 8 8 4
9256 18 17 5
9257 15 15 5
9258 19 18 6
9259 12 12 4
9260 20 19 5
9261 11 10 4
9262 18 17 7
9263 23 22 4
9264 24 23 5
9265 19 18 6
9266 24 24 6
9267 32 32 6
9268 18 18 4
9269 28 27 5
9270 29 28 4
9271 20 19 5
9272 29 28 6
9273 28 27 7
9274 29 28 8
9275 20 19 5
9276 29 29 7
9277 21 20 6
9278 30 30 4
9279 20 19 7
9280 29 28 6
9281 20 20 6
9282 22 21 5
9283 31 30 8
9284 20 19 7
9285 21 20 4
9286 26 25 5
9287 17 17 5
9288 19 18 4
9289 40 39 5
9290 25 25 5
9291 21 21 5
9292 21 20 6
9293 20 19 5
9294 19 18 4
9295 14 13 5
9296 21 21 5
9297 19 19 5
9298 27 26 4
9299 20 19 5
9300 35 35 7
9301 25 24 4
9302 12 11 5
9303 23 22 4
9304 28 27 5
9305 25 25 7
9306 29 29 7
9307 21 20 6
9308 16 16 4
9309 14 13 5
9310 21 20 6
9311 14 14 6
9312 16 16 4
9313 22 21 5
9314 17 16 4
9315 10 9 5
9316 13 13 5
9317 23 23 5
9318 19 19 5
9319 17 16 4
9320 16 15 5
9321 21 21 5
9322 17 16 6
9323 16 16 6
9324 16 16 4
9325 16 15 5
9326 21 20 4
9327 16 15 5
9328 23 22 4
9329 22 21 5
9330 19 19 5
9331 11 11 5
9332 25 24 6
9333 16 16 4
9334 24 23 7
9335 27 26 6
9336 20 20 6
9337 12 12 4
9338 28 27 5
9339 15 15 5
9340 21 20 6
9341 20 20 6
9342 16 15 5
9343 17 16 6
9344 10 10 6
9345 10 10 4
9346 20 19 5
9347 23 23 5
9348 21 20 6
9349 14 13 5
9350 21 20 6
9351 14 14 4
9352 16 15 5
9353 11 11 5
9354 19 18 6
9355 14 14 4
9356 14 13 5
9357 11 11 5
9358 11 10 6
9359 8 8 4
9360 30 29 7
9361 13 13 5
9362 15 14 4
9363 12 11 5
9364 17 16 6
9365 16 15 5
9366 17 16 4
9367 20 19 5
9368 13 13 5
9369 19 18 6
9370 14 14 4
9371 18 17 5
9372 13 13 5
9373 17 16 4
9374 16 15 5
9375 13 12 6
9376 14 14 6
9377 10 10 4
9378 24 23 5
9379 13 12 6
9380 10 9 5
9381 11 10 4
9382 10 9 5
9383 19 19 7
9384 19 18 4
9385 18 17 5
9386 5 5 5
9387 10 9 5
9388 11 10 4
9389 14 13 5
9390 13 12 6
9391 10 10 6
9392 14 14 4
9393 20 19 5
9394 17 16 6
9395 14 14 4
9396 16 15 5
9397 15 14 6
9398 6 6 6
9399 15 15 5
9400 7 6 5
9401 13 12 6
9402 12 12 4
9403 14 13 5
9404 9 9 5
9405 9 8 4
9406 16 15 5
9407 15 15 5
9408 9 8 4
9409 10 9 5
9410 9 8 7
9411 11 10 4
9412 10 9 5
9413 7 6 5
9414 15 14 4
9415 10 9 5
9416 11 10 4
9417 16 15 7
9418 19 18 4
9419 16 15 5
9420 15 15 5
9421 11 11 5
9422 11 11 5
9423 15 14 6
9424 20 20 4
9425 10 9 5
9426 13 13 5
9427 25 24 6
9428 16 15 5
9429 13 12 4
9430 22 21 7
9431 13 12 4
9432 18 17 5
9433 11 10 6
9434 14 14 6
9435 14 14 4
9436 16 15 5
9437 13 13 5
9438 11 10 6
9439 12 12 6
9440 12 12 4
9441 12 11 5
9442 9 8 4
9443 8 7 6
9444 6 6 6
9445 21 20 4
9446 12 11 5
9447 11 11 5
9448 21 20 6
9449 16 16 6
9450 8 8 4
9451 18 17 5
9452 19 19 5
9453 11 10 6
9454 6 6 6
9455 11 10 6
9456 16 16 4
9457 16 15 5
9458 11 11 5
9459 9 8 4
9460 16 15 5
9461 13 12 6
9462 12 11 5
9463 19 18 4
9464 18 17 5
9465 17 17 5
9466 13 12 4
9467 14 13 5
9468 11 10 6
9469 16 16 6
9470 10 10 4
9471 12 11 5
9472 5 5 5
9473 14 13 5
9474 15 14 4
9475 20 19 5
9476 11 10 4
9477 14 13 5
9478 9 9 5
9479 15 14 6
9480 14 14 4
9481 24 23 7
9482 17 16 4
9483 18 17 5
9484 13 13 5
9485 15 14 6
9486 18 18 4
9487 16 15 5
9488 11 11 5
9489 7 6 5
9490 13 12 6
9491 14 14 4
9492 20 19 5
9493 11 10 6
9494 18 18 6
9495 14 14 6
9496 16 16 6
9497 8 8 4
9498 26 25 5
9499 19 18 4
9500 14 13 5
9501 13 13 5
9502 15 14 6
9503 20 20 6
9504 12 12 4
9505 20 19 5
9506 25 25 5
9507 21 20 6
9508 30 29 5
9509 33 32 6
9510 10 9 5
9511 17 16 6
9512 16 16 4
9513 20 19 5
9514 13 12 6
9515 18 18 4
9516 10 9 5
9517 19 18 6
9518 10 10 6
9519 24 24 4
9520 22 21 5
9521 15 15 5
9522 25 24 6
9523 10 10 4
9524 20 19 5
9525 15 14 6
9526 18 17 5
9527 19 19 5
9528 19 18 4
9529 20 19 5
9530 13 12 6
9531 16 16 6
9532 16 16 6
9533 16 16 4
9534 14 13 5
9535 11 11 5
9536 11 10 4
9537 22 21 5
9538 17 17 5
9539 23 23 7
9540 27 26 4
9541 24 23 5
9542 31 30 4
9543 26 25 5
9544 27 27 5
9545 21 20 4
9546 18 17 5
9547 25 24 6
9548 36 36 6
9549 18 17 5
9550 19 18 6
9551 22 22 4
9552 14 13 5
9553 25 24 4
9554 30 29 7
9555 31 30 6
9556 30 30 6
9557 20 20 4
9558 28 27 5
9559 35 34 6
9560 16 16 4
9561 20 19 7
9562 19 18 4
9563 22 21 5
9564 13 12 4
9565 16 15 5
9566 19 19 5
9567 29 28 6
9568 22 21 5
9569 21 20 6
9570 18 18 6
9571 8 8 4
9572 20 19 5
9573 13 12 4
9574 28 27 5
9575 13 12 4
9576 28 27 7
9577 27 27 7
9578 23 22 4
9579 20 19 5
9580 21 20 4
9581 22 21 5
9582 21 20 4
9583 18 17 5
9584 25 24 6
9585 22 22 4
9586 32 31 5
9587 23 22 6
9588 24 24 6
9589 20 20 4
9590 18 17 5
9591 19 19 5
9592 17 16 4
9593 22 21 5
9594 23 23 5
9595 29 28 6
9596 30 30 6
9597 32 32 4
9598 24 23 5
9599 25 25 5
9600 27 26 6
9601 14 14 4
9602 22 21 5
9603 21 20 6
9604 18 18 6
9605 24 23 5
9606 17 17 5
9607 21 20 6
9608 30 30 6
9609 22 22 6
9610 22 22 6
9611 8 8 4
9612 12 11 5
9613 23 22 6
9614 16 16 4
9615 18 17 5
9616 13 13 5
9617 21 21 5
9618 27 26 6
9619 22 22 6
9620 16 16 6
9621 10 10 4
9622 12 11 5
9623 19 18 6
9624 18 18 6
9625 8 8 4
9626 10 9 5
9627 11 10 6
9628 10 10 4
9629 20 19 7
9630 19 18 4
9631 16 15 5
9632 13 13 5
9633 13 12 4
9634 14 13 5
9635 21 21 5
9636 15 15 5
9637 17 16 6
9638 12 12 4
9639 18 17 5
9640 11 10 6
9641 16 16 6
9642 8 8 4
9643 12 11 5
9644 17 17 5
9645 17 17 5
9646 11 10 4
9647 12 11 5
9648 31 30 6
9649 20 20 4
9650 24 23 5
9651 19 19 5
9652 19 19 5
9653 31 30 4
9654 16 15 5
9655 33 32 6
9656 18 18 6
9657 34 34 6
9658 16 16 4
9659 28 27 5
9660 23 22 6
9661 20 20 6
9662 26 25 5
9663 29 28 6
9664 20 19 5
9665 25 25 5
9666 25 24 6
9667 16 16 4
9668 16 15 5
9669 17 16 6
9670 20 19 5
9671 19 18 4
9672 22 21 5
9673 17 17 5
9674 11 10 4
9675 22 21 5
9676 19 19 5
9677 17 16 6
9678 20 20 4
9679 18 17 5
9680 17 16 6
9681 14 14 4
9682 32 31 5
9683 19 18 6
9684 12 12 4
9685 18 17 5
9686 9 9 5
9687 21 20 6
9688 12 12 4
9689 24 23 5
9690 21 20 4
9691 30 29 5
9692 17 16 6
9693 20 19 5
9694 23 22 4
9695 34 33 7
9696 21 20 6
9697 16 16 4
9698 18 17 5
9699 21 20 4
9700 28 27 7
9701 23 22 4
9702 22 21 5
9703 19 18 6
9704 10 10 4
9705 20 19 5
9706 17 17 5
9707 13 12 4
9708 12 11 5
9709 7 6 5
9710 11 11 5
9711 15 15 5
9712 13 12 6
9713 22 22 6
9714 6 6 6
9715 5 5 5
9716 14 13 5
9717 21 20 6
9718 24 24 6
9719 18 18 6
9720 18 18 6
9721 14 14 4
9722 14 13 5
9723 11 11 5
9724 11 10 4
9725 6 5 4
9726 10 9 5
9727 11 11 5
9728 13 13 5
9729 7 6 5
9730 9 9 5
9731 11 11 5
9732 11 11 5
9733 7 6 5
9734 11 11 5
9735 11 10 4
9736 10 9 5
9737 11 11 5
9738 9 9 5
9739 7 6 5
9740 15 14 6
9741 14 14 6
9742 20 20 6
9743 14 13 5
9744 13 12 6
9745 10 10 4
9746 12 11 5
9747 15 15 5
9748 15 14 6
9749 14 14 6
9750 12 12 4
9751 6 5 4
9752 6 5 4
9753 20 19 5
9754 7 7 7
9755 12 12 4
9756 14 13 5
9757 19 18 6
9758 12 12 4
9759 6 5 4
9760 12 11 5
9761 9 9 5
9762 5 5 5
9763 12 11 5
9764 17 16 6
9765 18 17 5
9766 17 16 6
9767 8 8 4
9768 8 7 6
9769 10 10 4
9770 20 19 5
9771 15 15 5
9772 13 12 4
9773 12 11 5
9774 11 11 5
9775 5 5 5
9776 10 9 5
9777 7 6 5
9778 7 6 5
9779 9 9 5
9780 9 8 4
9781 20 19 7
9782 9 8 4
9783 16 15 5
9784 13 12 6
9785 8 8 4
9786 12 11 5
9787 11 10 6
9788 10 10 4
9789 14 13 5
9790 11 11 5
9791 9 8 4
9792 10 9 5
9793 11 10 4
9794 8 7 6
9795 8 8 4
9796 12 11 5
9797 7 7 7
9798 10 10 4
9799 14 13 5
9800 13 12 4
9801 18 17 5
9802 9 9 5
9803 9 9 5
9804 9 8 4
9805 12 11 7
9806 9 8 4
9807 12 11 5
9808 11 11 5
9809 13 12 4
9810 16 15 5
9811 15 14 4
9812 6 5 4
9813 14 13 5
9814 9 8 4
9815 12 11 5
9816 7 7 7
9817 12 12 4
9818 14 13 5
9819 11 11 5
9820 9 8 4
9821 14 13 5
9822 15 14 6
9823 10 10 4
9824 32 31 7
9825 19 18 4
9826 28 27 5
9827 9 9 5
9828 13 12 4
9829 14 13 5
9830 15 14 6
9831 10 10 6
9832 12 12 4
9833 18 17 5
9834 9 9 5
9835 9 8 4
9836 10 9 5
9837 11 10 6
9838 6 6 6
9839 13 12 6
9840 6 6 6
9841 17 16 4
9842 12 11 5
9843 13 13 5
9844 7 6 5
9845 19 18 4
9846 20 19 5
9847 23 23 5
9848 29 29 5
9849 19 18 6
9850 18 17 5
9851 13 12 4
9852 14 13 5
9853 15 14 6
9854 14 14 4
9855 18 17 5
9856 21 20 6
9857 16 16 4
9858 16 15 5
9859 27 27 5
9860 17 17 5
9861 21 20 6
9862 8 8 4
9863 14 13 5
9864 23 22 6
9865 12 12 6
9866 14 14 4
9867 32 31 5
9868 25 24 4
9869 18 17 5
9870 19 18 6
9871 18 17 5
9872 15 14 4
9873 28 27 5
9874 23 23 5
9875 29 28 6
9876 26 25 5
9877 19 18 4
9878 16 15 5
9879 31 31 5
9880 25 25 5
9881 21 20 6
9882 20 20 4
9883 26 25 5
9884 13 12 4
9885 18 17 7
9886 17 16 4
9887 22 21 5
9888 13 13 5
9889 21 20 6
9890 18 18 6
9891 28 28 6
9892 26 26 6
9893 14 14 4
9894 20 19 5
9895 13 12 4
9896 24 23 5
9897 29 29 5
9898 23 22 4
9899 28 27 7
9900 23 22 4
9901 22 21 5
9902 23 23 5
9903 17 16 6
9904 28 28 6
9905 24 24 6
9906 18 18 4
9907 28 27 5
9908 31 30 6
9909 24 24 8
9910 32 32 6
9911 14 14 4
9912 28 27 5
9913 27 27 5
9914 37 37 5
9915 33 32 6
9916 28 28 8
9917 22 22 6
9918 24 23 7
9919 21 20 4
9920 28 27 5
9921 19 19 5
9922 23 22 6
9923 16 16 6
9924 24 24 4
9925 18 17 5
9926 27 26 6
9927 18 18 6
9928 18 18 4
9929 12 11 5
9930 15 14 6
9931 14 14 4
9932 20 19 5
9933 19 18 6
9934 18 18 6
9935 24 24 4
9936 20 19 5
9937 19 18 4
9938 20 19 5
9939 15 14 6
9940 12 12 4
9941 18 17 5
9942 15 15 5
9943 17 16 4
9944 20 19 5
9945 9 9 5
9946 11 10 6
9947 16 16 4
9948 14 13 5
9949 9 8 4
9950 18 17 5
9951 9 9 5
9952 15 14 6
9953 18 18 6
9954 18 18 6
9955 10 10 4
9956 14 13 5
9957 9 8 4
9958 14 13 5
9959 15 14 6
9960 10 10 6
9961 10 10 4
9962 12 11 5
9963 19 18 6
9964 18 18 6
9965 16 16 4
9966 10 9 5
9967 19 19 5
9968 15 15 5
9969 11 10 4
9970 12 11 5
9971 5 5 5
9972 14 13 5
9973 11 10 4
9974 18 17 7
9975 21 20 4
9976 14 13 5
9977 13 13 5
9978 13 13 5
9979 7 6 5
9980 13 12 4
9981 16 15 5
9982 27 27 5
9983 15 15 5
9984 23 23 5
9985 17 16 4
9986 18 17 5
9987 11 10 4
9988 10 9 5
9989 11 11 5
9990 19 18 6
9991 10 10 4
9992 10 9 5
9993 9 9 5
9994 13 12 4
9995 14 13 5
9996 11 10 4
9997 16 15 5
9998 13 12 6
9999 12 12 6
10000 6 6 6
10001 15 14 6
10002 10 10 4
10003 16 15 5
10004 11 11 5
10005 11 10 4
10006 16 15 7
10007 11 10 4
10008 14 13 5
10009 11 11 5
10010 13 12 6
10011 10 10 6
10012 18 18 4
10013 10 9 5
10014 31 31 5
10015 9 8 4
10016 10 9 5
10017 19 19 5
10018 5 5 5
10019 12 11 5
10020 15 14 6
10021 18 17 5
10022 15 14 6
10023 20 20 6
10024 12 12 4
10025 10 9 5
10026 11 10 6
10027 10 10 4
10028 22 21 5
10029 13 13 5
10030 9 8 4
10031 22 21 5
10032 9 9 5
10033 15 15 5
10034 7 6 5
10035 9 8 4
10036 12 11 5
10037 13 13 5
10038 17 17 5
10039 11 10 4
10040 18 17 5
10041 23 22 6
10042 10 10 4
10043 12 11 5
10044 17 16 6
10045 8 8 4
10046 6 5 4
10047 12 11 5
10048 9 9 5
10049 11 11 5
10050 9 8 4
10051 8 7 6
10052 10 10 4
10053 14 13 5
10054 13 13 5
10055 13 12 6
10056 14 14 4
10057 12 11 5
10058 13 13 5
10059 19 18 6
10060 14 14 4
10061 14 13 5
10062 13 12 6
10063 24 23 5
10064 25 24 8
10065 16 16 4
10066 16 15 5
10067 13 13 5
10068 17 17 5
10069 19 18 6
10070 14 13 5
10071 15 14 4
10072 20 19 5
10073 9 9 5
10074 15 14 6
10075 16 15 5
10076 13 12 4
10077 22 21 5
10078 25 25 7
10079 13 12 4
10080 16 15 5
10081 17 16 6
10082 34 34 6
10083 20 20 4
10084 28 27 5
10085 17 17 5
10086 21 20 4
10087 16 15 5
10088 17 16 4
10089 16 15 5
10090 21 20 6
10091 12 12 4
10092 18 17 7
10093 17 16 4
10094 22 21 5
10095 23 23 5
10096 15 14 4
10097 28 27 5
10098 13 13 5
10099 25 25 7
10100 25 24 6
10101 16 16 6
10102 18 18 6
10103 14 14 6
10104 18 18 6
10105 6 6 6
10106 21 20 6
10107 26 26 6
10108 22 21 5
10109 21 21 5
10110 23 22 4
10111 20 19 5
10112 17 17 5
10113 23 22 6
10114 18 18 6
10115 34 34 6
10116 22 22 4
10117 16 15 5
10118 15 15 5
10119 17 16 6
10120 12 12 4
10121 22 21 7
10122 21 20 4
10123 14 13 5
10124 25 25 5
10125 21 20 6
10126 16 16 4
10127 18 17 5
10128 21 20 6
10129 14 13 5
10130 19 18 4
10131 14 13 5
10132 15 14 4
10133 14 13 7
10134 17 16 4
10135 22 21 5
10136 19 18 6
10137 12 12 6
10138 14 14 4
10139 24 23 5
10140 17 16 6
10141 20 20 4
10142 20 19 5
10143 25 25 5
10144 23 22 4
10145 36 35 5
10146 33 33 5
10147 23 23 5
10148 31 30 6
10149 22 22 4
10150 14 13 5
10151 13 12 4
10152 18 17 5
10153 17 16 6
10154 12 12 4
10155 24 23 7
10156 19 18 4
10157 18 17 5
10158 21 20 6
10159 18 18 4
10160 18 17 5
10161 27 27 5
10162 21 20 4
10163 30 29 9
10164 17 16 4
10165 22 21 5
10166 31 30 6
10167 22 22 4
10168 20 19 5
10169 33 33 7
10170 31 31 9
10171 19 19 5
10172 25 24 6
10173 16 16 4
10174 26 25 7
10175 17 16 6
10176 36 35 9
10177 25 25 7
10178 27 26 6
10179 16 16 6
10180 14 14 6
10181 30 30 8
10182 20 20 4
10183 26 25 5
10184 13 12 4
10185 18 17 5
10186 27 27 7
10187 21 20 6
10188 24 23 5
10189 23 23 5
10190 23 23 7
10191 23 22 6
10192 26 26 8
10193 24 24 6
10194 32 31 7
10195 23 22 6
10196 28 28 6
10197 28 27 7
10198 25 24 6
10199 30 29 7
10200 21 21 5
10201 21 20 4
10202 30 29 7
10203 17 16 4
10204 38 37 9
10205 21 20 4
10206 16 15 5
10207 17 16 6
10208 8 8 4
10209 30 29 5
10210 23 23 5
10211 29 28 8
10212 16 16 4
10213 40 39 7
10214 13 12 6
10215 24 24 6
10216 12 12 4
10217 26 25 5
10218 23 22 6
10219 20 20 6
10220 22 22 4
10221 18 17 5
10222 19 19 5
10223 11 10 4
10224 14 13 5
10225 15 15 5
10226 17 16 4
10227 30 29 7
10228 27 26 4
10229 24 23 5
10230 11 10 4
10231 14 13 5
10232 15 15 5
10233 17 16 4
10234 16 15 5
10235 23 22 6
10236 18 18 4
10237 22 21 5
10238 11 11 5
10239 13 12 4
10240 18 17 5
10241 15 14 6
10242 12 12 4
10243 10 9 5
10244 19 19 5
10245 19 18 4
10246 24 23 5
10247 11 10 6
10248 20 20 4
10249 22 21 7
10250 29 28 6
10251 18 18 4
10252 22 21 5
10253 21 21 5
10254 25 25 5
10255 19 18 4
10256 12 11 5
10257 25 24 6
10258 28 28 6
10259 16 16 4
10260 16 15 5
10261 31 31 5
10262 37 36 8
10263 16 16 6
10264 24 24 4
10265 24 23 5
10266 23 22 6
10267 12 12 4
10268 28 27 5
10269 35 34 6
10270 30 29 5
10271 27 27 5
10272 21 21 5
10273 19 19 5
10274 27 26 8
10275 24 24 6
10276 34 34 6
10277 34 33 7
10278 19 18 4
10279 32 31 7
10280 15 14 4
10281 24 23 5
10282 29 28 6
10283 18 18 6
10284 20 20 6
10285 10 10 4
10286 16 15 5
10287 21 21 5
10288 31 30 6
10289 18 18 6
10290 20 20 4
10291 26 25 5
10292 21 21 5
10293 19 18 4
10294 24 23 5
10295 15 14 4
10296 20 19 5
10297 11 11 5
10298 15 14 6
10299 18 18 6
10300 10 10 4
10301 14 13 5
10302 13 12 6
10303 14 14 6
10304 14 14 4
10305 16 15 5
10306 15 15 5
10307 13 12 4
10308 10 9 5
10309 19 18 6
10310 8 8 4
10311 14 13 5
10312 15 14 4
10313 18 17 5
10314 17 16 4
10315 18 17 5
10316 11 11 5
10317 25 24 4
10318 12 11 5
10319 13 13 5
10320 11 11 5
10321 17 17 5
10322 23 22 6
10323 18 18 6
10324 10 10 4
10325 16 15 5
10326 13 12 6
10327 12 12 4
10328 10 9 5
10329 15 15 5
10330 13 12 6
10331 14 14 4
10332 10 9 5
10333 11 10 6
10334 18 18 4
10335 16 15 5
10336 15 15 5
10337 11 11 5
10338 13 12 4
10339 18 17 5
10340 15 14 6
10341 14 13 5
10342 15 14 4
10343 24 23 5
10344 13 13 5
10345 11 10 4
10346 14 13 5
10347 11 11 5
10348 17 17 5
10349 17 16 6
10350 18 17 5
10351 11 10 4
10352 10 9 5
10353 13 13 5
10354 13 12 4
10355 6 5 4
10356 18 17 5
10357 19 19 5
10358 11 10 4
10359 16 15 5
10360 9 8 4
10361 12 11 5
10362 13 13 5
10363 13 13 5
10364 15 14 4
10365 16 15 7
10366 11 10 4
10367 16 15 5
10368 7 6 5
10369 9 8 4
10370 14 13 5
10371 23 22 6
10372 12 12 4
10373 14 13 5
10374 21 21 5
10375 13 13 5
10376 11 10 6
10377 8 8 4
10378 12 11 5
10379 11 11 5
10380 21 20 6
10381 8 8 4
10382 10 9 5
10383 13 12 6
10384 12 11 5
10385 17 16 4
10386 14 13 7
10387 9 8 4
10388 22 21 5
10389 17 17 5
10390 5 5 5
10391 12 11 5
10392 15 14 4
10393 14 13 5
10394 13 13 5
10395 11 10 4
10396 14 13 5
10397 9 9 5
10398 9 9 5
10399 13 12 4
10400 12 11 7
10401 9 8 4
10402 14 13 5
10403 17 16 6
10404 10 10 4
10405 22 21 5
10406 13 13 5
10407 5 5 5
10408 10 9 5
10409 19 18 6
10410 14 14 6
10411 16 16 4
10412 16 15 5
10413 15 14 6
10414 10 9 5
10415 13 12 4
10416 12 11 5
10417 13 13 7
10418 11 10 4
10419 12 11 5
10420 15 14 6
10421 10 10 4
10422 12 11 5
10423 13 12 4
10424 18 17 5
10425 11 11 5
10426 11 11 5
10427 11 10 4
10428 12 11 5
10429 11 11 5
10430 15 14 6
10431 12 12 4
10432 14 13 5
10433 9 9 5
10434 13 12 4
10435 18 17 7
10436 9 8 4
10437 14 13 5
10438 9 9 5
10439 11 10 4
10440 16 15 7
10441 13 12 4
10442 18 17 5
10443 11 11 5
10444 11 10 4
10445 14 13 5
10446 19 18 4
10447 8 7 6
10448 10 10 6
10449 6 6 6
10450 11 10 4
10451 8 7 6
10452 6 6 6
10453 11 10 4
10454 22 21 7
10455 11 10 4
10456 12 11 5
10457 9 9 5
10458 7 6 5
10459 23 22 6
10460 12 12 6
10461 22 22 6
10462 16 16 4
10463 12 11 5
10464 11 10 4
10465 10 9 5
10466 11 11 5
10467 7 6 5
10468 11 10 4
10469 20 19 5
10470 17 16 6
10471 12 12 4
10472 12 11 5
10473 13 12 4
10474 10 9 5
10475 17 17 5
10476 19 18 4
10477 18 17 5
10478 15 15 5
10479 21 20 6
10480 22 21 5
10481 33 32 8
10482 18 18 4
10483 12 11 5
10484 27 26 6
10485 16 16 4
10486 18 17 5
10487 11 10 4
10488 14 13 5
10489 25 25 5
10490 15 15 5
10491 9 8 4
10492 18 17 5
10493 19 19 5
10494 21 21 5
10495 25 25 5
10496 33 33 7
10497 23 22 4
10498 36 35 5
10499 23 23 7
10500 25 24 4
10501 20 19 5
10502 15 14 6
10503 32 32 6
10504 18 18 6
10505 20 19 5
10506 23 22 6
10507 16 16 4
10508 12 11 5
10509 19 18 6
10510 16 16 4
10511 20 19 5
10512 31 31 5
10513 15 15 5
10514 21 20 4
10515 24 23 5
10516 11 10 4
10517 20 19 5
10518 23 23 5
10519 21 21 5
10520 13 13 5
10521 17 17 5
10522 25 25 5
10523 31 30 6
10524 10 10 4
10525 16 15 5
10526 13 12 4
10527 12 11 5
10528 25 24 6
10529 20 19 5
10530 19 18 6
10531 22 22 4
10532 24 23 7
10533 15 14 6
10534 26 26 8
10535 14 13 5
10536 19 18 6
10537 16 16 4
10538 14 13 5
10539 17 17 5
10540 19 18 6
10541 22 21 5
10542 17 16 4
10543 24 23 7
10544 31 30 6
10545 24 23 7
10546 21 20 6
10547 18 18 4
10548 16 15 5
10549 23 22 6
10550 16 15 5
10551 17 16 6
10552 20 20 6
10553 14 13 5
10554 13 12 4
10555 20 19 5
10556 13 13 5
10557 19 18 6
10558 26 26 8
10559 14 14 6
10560 16 16 6
10561 20 20 4
10562 22 21 5
10563 19 19 5
10564 29 29 5
10565 21 20 6
10566 20 19 5
10567 15 14 6
10568 8 8 4
10569 20 19 5
10570 15 14 6
10571 12 12 6
10572 10 10 4
10573 24 23 7
10574 13 12 4
10575 26 25 5
10576 23 23 5
10577 25 24 6
10578 16 16 4
10579 16 15 5
10580 17 17 5
10581 17 17 5
10582 13 13 5
10583 13 12 4
10584 20 19 5
10585 13 13 5
10586 11 10 4
10587 12 11 5
10588 11 10 6
10589 8 8 4
10590 10 9 5
10591 9 8 4
10592 12 11 5
10593 5 5 5
10594 12 11 5
10595 15 14 6
10596 14 14 6
10597 12 12 4
10598 12 11 5
10599 13 12 6
10600 6 5 4
10601 12 11 5
10602 17 16 4
10603 14 13 5
10604 9 9 5
10605 13 13 5
10606 9 8 4
10607 14 13 7
10608 13 12 4
10609 16 15 5
10610 17 16 6
10611 12 11 5
10612 23 22 6
10613 14 14 4
10614 14 13 7
10615 9 8 4
10616 12 11 5
10617 13 12 6
10618 14 13 5
10619 9 8 4
10620 18 17 7
10621 13 12 4
10622 16 15 7
10623 7 6 5
10624 11 10 4
10625 18 17 5
10626 17 16 6
10627 14 14 4
10628 10 9 5
10629 13 13 5
10630 13 12 4
10631 12 11 5
10632 9 9 5
10633 11 10 4
10634 18 17 7
10635 13 12 4
10636 14 13 5
10637 7 6 5
10638 7 6 5
10639 13 12 6
10640 12 11 5
10641 17 16 6
10642 8 8 4
10643 12 11 5
10644 9 9 5
10645 17 16 6
10646 26 26 4
10647 14 13 5
10648 11 11 5
10649 11 10 4
10650 12 11 5
10651 11 10 6
10652 12 12 6
10653 6 6 6
10654 7 6 5
10655 17 17 5
10656 9 9 5
10657 7 6 5
10658 11 11 5
10659 11 10 4
10660 18 17 7
10661 15 14 4
10662 16 15 5
10663 17 17 5
10664 5 5 5
10665 12 11 5
10666 15 14 4
10667 6 5 4
10668 14 13 7
10669 13 12 4
10670 12 11 5
10671 15 14 4
10672 8 7 6
10673 6 6 6
10674 7 6 5
10675 13 12 6
10676 14 13 5
10677 9 8 4
10678 12 11 5
10679 5 5 5
10680 6 5 4
10681 18 17 5
10682 9 9 5
10683 11 10 6
10684 12 12 6
10685 20 20 4
10686 14 13 5
10687 15 15 5
10688 11 10 4
10689 12 11 5
10690 9 8 4
10691 12 11 7
10692 9 8 4
10693 12 11 5
10694 9 8 4
10695 14 13 5
10696 9 9 5
10697 13 12 6
10698 8 8 4
10699 6 5 4
10700 10 9 5
10701 13 12 6
10702 14 14 4
10703 8 7 6
10704 10 10 6
10705 18 18 4
10706 6 5 4
10707 12 11 5
10708 7 6 5
10709 11 11 5
10710 11 11 5
10711 15 14 4
10712 14 13 5
10713 15 15 5
10714 13 12 4
10715 16 15 5
10716 13 12 4
10717 10 9 5
10718 15 14 4
10719 10 9 5
10720 11 10 4
10721 12 11 5
10722 23 22 6
10723 12 11 5
10724 11 10 4
10725 16 15 7
10726 11 10 4
10727 18 17 5
10728 11 11 5
10729 13 12 4
10730 12 11 5
10731 13 13 5
10732 7 6 5
10733 13 13 5
10734 13 12 4
10735 16 15 5
10736 9 9 5
10737 25 24 6
10738 6 6 6
10739 11 10 4
10740 18 17 7
10741 13 12 4
10742 6 5 4
10743 16 15 5
10744 17 16 6
10745 14 14 4
10746 6 5 4
10747 14 13 5
10748 11 11 5
10749 11 10 6
10750 12 12 6
10751 14 14 4
10752 14 13 5
10753 19 18 4
10754 6 5 4
10755 10 9 5
10756 5 5 5
10757 10 9 5
10758 11 10 6
10759 12 12 6
10760 12 12 4
10761 10 9 5
10762 7 6 5
10763 9 9 5
10764 13 12 6
10765 6 6 6
10766 9 8 4
10767 12 11 5
10768 13 13 5
10769 13 12 4
10770 20 19 5
10771 9 9 5
10772 13 13 5
10773 17 16 6
10774 8 8 4
10775 12 11 5
10776 11 10 4
10777 10 9 5
10778 13 13 5
10779 23 22 6
10780 6 6 6
10781 17 16 6
10782 10 10 4
10783 6 5 4
10784 12 11 5
10785 9 8 4
10786 14 13 7
10787 23 22 4
10788 14 13 5
10789 19 19 5
10790 17 16 6
10791 10 10 6
10792 8 8 4
10793 18 17 5
10794 15 15 5
10795 15 14 4
10796 16 15 5
10797 15 15 5
10798 17 16 6
10799 16 16 4
10800 18 17 5
10801 19 18 4
10802 20 19 7
10803 21 20 4
10804 24 23 5
10805 27 26 6
10806 18 18 4
10807 32 31 5
10808 35 35 7
10809 29 28 6
10810 26 26 4
10811 36 35 7
10812 23 22 4
10813 16 15 5
10814 19 19 5
10815 17 16 6
10816 40 40 6
10817 28 27 5
10818 37 37 5
10819 17 17 5
10820 17 16 6
10821 18 18 4
10822 18 17 5
10823 19 19 5
10824 21 20 6
10825 26 25 5
10826 29 28 6
10827 36 36 4
10828 16 15 5
10829 29 28 6
10830 22 21 5
10831 13 12 4
10832 14 13 5
10833 23 23 5
10834 23 22 6
10835 10 10 4
10836 20 19 5
10837 17 16 6
10838 24 23 5
10839 15 14 4
10840 18 17 5
10841 9 8 4
10842 20 19 5
10843 19 19 5
10844 27 27 5
10845 21 21 5
10846 15 14 4
10847 14 13 5
10848 11 10 4
10849 22 21 5
10850 9 8 4
10851 6 5 4
10852 18 17 5
10853 19 18 6
10854 10 10 4
10855 12 11 5
10856 11 10 4
10857 24 23 5
10858 17 17 5
10859 19 18 6
10860 10 9 5
10861 27 27 5
10862 23 23 7
10863 11 11 5
10864 17 17 5
10865 19 18 6
10866 18 17 5
10867 17 17 5
10868 19 19 5
10869 9 9 5
10870 27 26 8
10871 20 19 5
10872 13 12 4
10873 32 31 5
10874 19 19 5
10875 19 19 5
10876 21 21 5
10877 17 16 4
10878 14 13 5
10879 13 12 4
10880 20 19 5
10881 17 17 5
10882 15 15 5
10883 19 18 6
10884 12 12 4
10885 24 23 7
10886 15 14 6
10887 20 20 4
10888 24 23 5
10889 9 9 5
10890 21 20 4
10891 16 15 5
10892 11 10 4
10893 18 17 5
10894 13 12 6
10895 12 12 6
10896 10 10 4
10897 14 13 5
10898 17 16 6
10899 10 10 4
10900 16 15 5
10901 11 11 5
10902 5 5 5
10903 16 15 5
10904 19 18 6
10905 18 17 5
10906 11 11 5
10907 15 14 6
10908 20 20 6
10909 12 12 4
10910 22 21 5
10911 13 12 4
10912 14 13 5
10913 7 6 5
10914 15 14 6
10915 10 9 5
10916 11 10 4
10917 14 13 5
10918 17 16 6
10919 16 16 6
10920 14 14 4
10921 14 13 5
10922 11 11 5
10923 9 9 5
10924 7 6 5
10925 13 12 6
10926 10 10 4
10927 18 17 5
10928 19 19 5
10929 13 13 5
10930 15 15 5
10931 11 11 5
10932 15 14 6
10933 6 6 6
10934 15 14 6
10935 12 12 4
10936 18 17 7
10937 17 16 4
10938 18 17 5
10939 9 9 5
10940 15 15 5
10941 17 16 6
10942 12 12 6
10943 10 10 4
10944 12 11 5
10945 11 10 6
10946 14 13 5
10947 13 12 6
10948 14 14 4
10949 16 15 5
10950 15 14 6
10951 12 12 4
10952 10 9 5
10953 13 12 4
10954 8 7 6
10955 10 9 5
10956 13 12 4
10957 14 13 5
10958 17 17 5
10959 19 18 4
10960 20 19 5
10961 11 11 5
10962 17 16 4
10963 14 13 7
10964 15 14 4
10965 10 9 5
10966 15 14 6
10967 18 18 6
10968 16 16 4
10969 26 25 5
10970 11 11 5
10971 9 9 5
10972 17 16 4
10973 10 9 5
10974 23 22 6
10975 20 20 6
10976 12 12 4
10977 6 5 4
10978 14 13 5
10979 19 19 5
10980 15 15 5
10981 17 16 6
10982 20 19 5
10983 11 10 4
10984 6 5 4
10985 18 17 5
10986 11 11 5
10987 15 15 5
10988 21 20 6
10989 14 14 4
10990 20 19 5
10991 9 9 5
10992 11 10 4
10993 10 9 5
10994 9 9 5
10995 9 9 5
10996 15 14 6
10997 10 10 4
10998 20 19 5
10999 11 11 5
11000 17 16 4
11001 6 5 4
11002 16 15 5
11003 15 14 6
11004 16 16 6
11005 14 14 4
11006 22 21 5
11007 17 17 5
11008 11 10 4
11009 20 19 5
11010 19 18 4
11011 16 15 5
11012 13 13 5
11013 23 22 6
11014 20 19 5
11015 15 14 4
11016 16 15 5
11017 13 13 5
11018 17 17 5
11019 11 10 4
11020 12 11 5
11021 11 10 6
11022 10 10 4
11023 18 17 5
11024 9 8 4
11025 14 13 5
11026 13 12 6
11027 6 5 4
11028 16 15 5
11029 13 12 4
11030 16 15 5
11031 13 12 4
11032 14 13 7
11033 13 12 4
11034 14 13 5
11035 9 9 5
11036 17 16 6
11037 14 14 4
11038 12 11 5
11039 9 9 5
11040 13 12 6
11041 8 8 4
11042 12 11 5
11043 15 14 6
11044 16 16 4
11045 10 9 5
11046 13 12 6
11047 16 15 5
11048 9 8 4
11049 10 9 5
11050 13 13 5
11051 9 8 4
11052 14 13 7
11053 15 14 4
11054 20 19 5
11055 17 17 5
11056 15 15 5
11057 11 10 6
11058 14 14 4
11059 12 11 5
11060 11 10 6
11061 6 6 6
11062 19 18 6
11063 8 8 4
11064 10 9 5
11065 9 8 4
11066 16 15 7
11067 7 6 5
11068 11 10 4
11069 8 7 6
11070 8 8 4
11071 10 9 5
11072 19 19 5
11073 11 11 5
11074 17 16 6
11075 8 8 4
11076 14 13 5
11077 15 15 5
11078 15 14 6
11079 14 14 4
11080 28 27 5
11081 13 13 5
11082 11 10 4
11083 12 11 5
11084 15 14 6
11085 14 14 4
11086 14 13 5
11087 15 15 5
11088 23 22 6
11089 16 15 5
11090 9 8 4
11091 16 15 5
11092 9 9 5
11093 15 14 6
11094 10 10 4
11095 10 9 5
11096 23 22 6
11097 12 11 5
11098 15 14 6
11099 26 26 6
11100 14 14 4
11101 14 13 5
11102 23 22 6
11103 10 10 6
11104 14 14 4
11105 18 17 5
11106 9 9 5
11107 7 6 5
11108 9 8 4
11109 18 17 5
11110 19 18 4
11111 12 11 5
11112 13 13 5
11113 9 9 5
11114 13 12 6
11115 8 8 4
11116 18 17 5
11117 13 13 5
11118 19 18 4
11119 14 13 5
11120 19 19 5
11121 13 13 5
11122 9 8 4
11123 16 15 5
11124 15 14 6
11125 14 14 4
11126 12 11 5
11127 13 12 4
11128 12 11 5
11129 15 14 6
11130 6 6 6
11131 19 18 6
11132 10 10 4
11133 16 15 5
11134 17 17 5
11135 21 21 5
11136 11 10 4
11137 20 19 5
11138 21 20 6
11139 14 14 4
11140 12 11 5
11141 17 17 5
11142 13 12 6
11143 12 12 4
11144 14 13 5
11145 19 18 6
11146 16 16 4
11147 18 17 5
11148 27 26 6
11149 30 30 6
11150 22 22 6
11151 16 16 6
11152 18 18 4
11153 16 15 5
11154 17 16 6
11155 12 12 6
11156 8 8 4
11157 10 9 5
11158 15 14 6
11159 10 10 4
11160 14 13 5
11161 15 14 6
11162 14 14 4
11163 14 13 5
11164 17 17 5
11165 15 14 4
11166 16 15 5
11167 17 17 5
11168 15 15 5
11169 13 12 4
11170 10 9 5
11171 5 5 5
11172 12 11 5
11173 33 32 6
11174 14 13 5
11175 7 6 5
11176 11 11 5
11177 15 14 4
11178 18 17 5
11179 13 13 5
11180 15 14 6
11181 18 18 4
11182 12 11 5
11183 13 13 5
11184 9 9 5
11185 13 12 6
11186 14 14 6
11187 12 12 4
11188 18 17 7
11189 11 10 4
11190 14 13 5
11191 19 18 6
11192 24 24 6
11193 12 12 6
11194 22 22 6
11195 14 14 4
11196 12 11 5
11197 9 9 5
11198 13 12 4
11199 8 7 6
11200 12 12 6
11201 8 8 4
11202 14 13 5
11203 13 13 5
11204 13 12 6
11205 14 14 6
11206 12 12 4
11207 18 17 5
11208 5 5 5
11209 14 13 5
11210 13 12 6
11211 16 16 6
11212 18 18 4
11213 16 15 5
11214 19 18 6
11215 12 12 4
11216 18 17 5
11217 17 16 4
11218 10 9 5
11219 11 11 5
11220 15 14 4
11221 16 15 7
11222 23 22 6
11223 16 16 4
11224 22 21 5
11225 5 5 5
11226 16 15 5
11227 15 14 6
11228 24 24 6
11229 16 16 4
11230 24 23 5
11231 27 26 6
11232 16 16 4
11233 16 15 7
11234 9 8 4
11235 20 19 5
11236 9 8 4
11237 28 27 7
11238 15 15 5
11239 21 20 6
11240 16 16 4
11241 16 15 5
11242 17 17 5
11243 23 22 6
11244 12 12 4
11245 10 9 5
11246 19 18 6
11247 22 22 6
11248 12 12 4
11249 14 13 5
11250 19 18 6
11251 38 38 6
11252 28 28 4
11253 36 35 5
11254 31 31 5
11255 29 28 4
11256 28 27 5
11257 35 35 5
11258 27 26 6
11259 30 30 6
11260 46 46 8
11261 26 26 6
11262 34 33 5
11263 31 30 8
11264 26 26 4
11265 26 25 5
11266 39 39 7
11267 33 33 5
11268 39 39 7
11269 39 39 7
11270 35 34 8
11271 24 24 4
11272 26 25 5
11273 23 23 5
11274 29 29 5
11275 41 40 6
11276 24 24 4
11277 26 25 5
11278 31 30 4
11279 24 23 7
11280 27 26 4
11281 24 23 5
11282 33 33 5
11283 33 33 5
11284 43 42 8
11285 22 21 5
11286 17 16 4
11287 32 31 7
11288 37 36 8
11289 22 21 9
11290 29 29 9
11291 25 25 5
11292 25 25 5
11293 19 18 6
11294 34 33 7
11295 25 25 5
11296 27 26 8
11297 30 30 6
11298 34 34 8
11299 28 28 6
11300 18 17 5
11301 25 24 8
11302 42 42 8
11303 16 15 5
11304 19 18 4
11305 32 31 7
11306 23 22 6
11307 26 26 6
11308 20 20 6
11309 24 24 6
11310 20 20 4
11311 18 17 5
11312 19 19 5
11313 23 23 5
11314 21 21 5
11315 27 26 8
11316 18 18 4
11317 20 19 5
11318 25 24 4
11319 20 19 5
11320 19 19 5
11321 21 20 4
11322 22 21 5
11323 27 27 5
11324 15 14 6
11325 20 19 5
11326 13 12 4
11327 20 19 5
11328 19 19 5
11329 23 22 4
11330 16 15 5
11331 27 27 5
11332 29 29 5
11333 23 23 5
11334 27 27 7
11335 25 24 4
11336 18 17 5
11337 23 22 6
11338 30 30 6
11339 20 20 6
11340 14 14 4
11341 26 25 5
11342 29 29 5
11343 27 27 5
11344 25 25 7
11345 23 22 4
11346 26 25 5
11347 19 19 5
11348 15 15 5
11349 21 21 5
11350 21 20 4
11351 22 21 5
11352 21 21 5
11353 15 15 5
11354 21 21 5
11355 19 19 5
11356 23 22 4
11357 32 31 5
11358 17 17 5
11359 29 28 6
11360 32 31 5
11361 25 25 5
11362 23 22 6
11363 36 36 4
11364 32 31 7
11365 19 18 4
11366 24 23 5
11367 19 18 6
11368 40 39 5
11369 21 21 7
11370 33 32 6
11371 22 21 5
11372 19 19 5
11373 21 21 5
11374 19 18 4
11375 28 27 5
11376 23 23 5
11377 25 24 6
11378 18 17 5
11379 29 28 6
11380 22 21 5
11381 39 38 8
11382 30 30 4
11383 28 27 5
11384 19 19 5
11385 27 27 5
11386 17 17 5
11387 25 24 6
11388 24 24 4
11389 20 19 5
11390 21 21 5
11391 23 22 6
11392 12 12 4
11393 16 15 5
11394 15 14 4
11395 14 13 5
11396 21 21 5
11397 17 16 4
11398 14 13 5
11399 17 17 5
11400 21 21 5
11401 21 20 6
11402 16 16 6
11403 14 14 4
11404 18 17 5
11405 9 9 5
11406 13 13 5
11407 21 20 6
11408 20 20 6
11409 22 22 6
11410 24 24 4
11411 10 9 5
11412 13 13 5
11413 13 12 4
11414 18 17 5
11415 13 12 6
11416 22 22 6
11417 10 10 6
11418 12 12 4
11419 12 11 5
11420 15 14 6
11421 20 20 6
11422 12 12 4
11423 14 13 5
11424 19 18 6
11425 22 22 4
11426 8 7 6
11427 18 18 6
11428 10 10 4
11429 20 19 5
11430 15 14 4
11431 14 13 7
11432 23 22 4
11433 20 19 5
11434 23 22 6
11435 16 16 6
11436 20 20 6
11437 14 14 4
11438 12 11 5
11439 13 12 4
11440 16 15 5
11441 15 15 5
11442 15 15 5
11443 17 16 6
11444 14 14 6
11445 18 18 6
11446 10 10 6
11447 26 26 6
11448 16 16 4
11449 12 11 5
11450 13 13 7
11451 37 36 6
11452 24 24 6
11453 38 38 6
11454 26 26 6
11455 16 16 4
11456 26 25 5
11457 15 14 4
11458 18 17 5
11459 21 20 6
11460 22 22 6
11461 22 22 4
11462 24 23 5
11463 21 20 6
11464 12 12 4
11465 16 15 5
11466 23 22 6
11467 22 22 6
11468 20 20 4
11469 24 23 5
11470 21 20 4
11471 18 17 5
11472 13 12 6
11473 14 14 4
11474 16 15 5
11475 11 11 5
11476 15 14 6
11477 8 8 4
11478 24 23 7
11479 19 18 4
11480 18 17 5
11481 13 12 4
11482 18 17 7
11483 19 18 4
11484 20 19 5
11485 13 12 4
11486 14 13 5
11487 15 15 5
11488 23 23 5
11489 19 18 6
11490 10 10 4
11491 14 13 5
11492 15 14 6
11493 22 21 5
11494 19 18 4
11495 26 25 5
11496 11 10 4
11497 12 11 5
11498 19 18 6
11499 10 10 4
11500 14 13 5
11501 15 14 6
11502 12 11 5
11503 11 10 4
11504 24 23 5
11505 17 17 5
11506 15 15 5
11507 11 11 5
11508 19 18 4
11509 16 15 5
11510 23 23 5
11511 17 17 5
11512 15 15 5
11513 35 35 5
11514 13 13 5
11515 11 10 6
11516 16 16 4
11517 12 11 5
11518 11 11 5
11519 21 20 6
11520 18 18 6
11521 18 18 6
11522 14 14 4
11523 20 19 7
11524 13 12 4
11525 20 19 5
11526 23 23 5
11527 27 26 6
11528 30 29 7
11529 13 12 4
11530 28 27 5
11531 15 15 5
11532 21 20 4
11533 24 23 5
11534 25 25 7
11535 17 16 4
11536 24 23 5
11537 17 17 5
11538 27 27 5
11539 41 40 6
11540 22 22 4
11541 22 21 5
11542 21 21 5
11543 35 35 7
11544 27 26 6
11545 30 29 5
11546 29 29 5
11547 31 30 6
11548 18 17 5
11549 25 24 4
11550 28 27 5
11551 45 45 5
11552 21 20 4
11553 14 13 5
11554 25 24 6
11555 18 18 6
11556 28 28 6
11557 26 26 6
11558 44 44 6
11559 24 24 6
11560 34 33 5
11561 33 32 8
11562 30 29 5
11563 29 29 7
11564 19 18 6
11565 26 25 5
11566 37 37 5
11567 25 25 7
11568 25 24 6
11569 28 28 6
11570 40 40 10
11571 24 24 6
11572 34 33 7
11573 27 26 6
11574 28 28 6
11575 42 41 11
11576 29 29 5
11577 29 28 6
11578 24 23 5
11579 35 35 5
11580 35 35 7
11581 47 47 7
11582 25 25 5
11583 39 38 10
11584 32 32 6
11585 30 29 5
11586 29 29 7
11587 37 37 7
11588 27 27 7
11589 21 21 7
11590 19 19 5
11591 19 18 4
11592 24 23 5
11593 29 29 5
11594 37 36 6
11595 20 20 6
11596 48 48 8
11597 38 37 7
11598 19 19 5
11599 25 25 5
11600 17 16 4
11601 16 15 5
11602 19 19 5
11603 19 19 5
11604 23 22 6
11605 20 20 4
11606 18 17 5
11607 17 17 5
11608 17 17 5
11609 19 18 4
11610 20 19 5
11611 21 21 7
11612 17 16 4
11613 18 17 5
11614 17 16 6
11615 16 16 4
11616 18 17 5
11617 13 12 6
11618 28 27 5
11619 15 15 5
11620 11 11 5
11621 9 8 4
11622 14 13 5
11623 19 19 5
11624 17 17 5
11625 13 13 5
11626 19 18 6
11627 8 8 4
11628 20 19 5
11629 19 19 5
11630 13 12 4
11631 16 15 5
11632 15 15 5
11633 9 9 5
11634 9 8 4
11635 16 15 5
11636 15 15 5
11637 19 19 5
11638 21 20 6
11639 20 20 6
11640 12 12 4
11641 24 23 5
11642 15 14 6
11643 12 11 5
11644 11 10 4
11645 16 15 5
11646 13 12 6
11647 18 18 4
11648 14 13 5
11649 11 10 4
11650 14 13 5
11651 17 17 5
11652 15 15 5
11653 15 14 4
11654 22 21 5
11655 27 27 5
11656 11 10 6
11657 14 14 4
11658 20 19 5
11659 9 9 5
11660 15 15 5
11661 23 23 5
11662 13 12 4
11663 14 13 5
11664 25 24 6
11665 10 9 5
11666 13 12 4
11667 14 13 5
11668 11 11 5
11669 19 18 6
11670 18 18 6
11671 12 12 4
11672 14 13 5
11673 15 15 5
11674 21 20 6
11675 26 25 7
11676 17 16 6
11677 10 10 4
11678 22 21 5
11679 13 12 6
11680 8 8 4
11681 30 29 5
11682 29 28 6
11683 22 21 5
11684 33 32 6
11685 20 20 6
11686 20 20 4
11687 16 15 5
11688 11 11 5
11689 15 15 5
11690 21 20 4
11691 28 27 5
11692 23 22 6
11693 24 23 5
11694 25 24 6
11695 24 23 5
11696 19 19 5
11697 15 14 4
11698 30 29 7
11699 23 22 4
11700 12 11 5
11701 19 18 6
11702 12 12 4
11703 20 19 5
11704 27 26 6
11705 18 17 5
11706 31 30 6
11707 12 12 4
11708 24 23 5
11709 21 21 5
11710 19 19 5
11711 21 20 6
11712 16 15 5
11713 15 14 6
11714 18 18 6
11715 16 16 4
11716 26 25 5
11717 13 13 5
11718 25 25 5
11719 17 17 5
11720 11 11 5
11721 17 17 5
11722 11 11 5
11723 11 10 4
11724 16 15 5
11725 13 13 5
11726 17 17 5
11727 21 20 4
11728 14 13 5
11729 19 19 7
11730 13 12 4
11731 16 15 5
11732 17 16 6
11733 16 16 6
11734 14 14 4
11735 10 9 5
11736 9 8 4
11737 12 11 5
11738 15 14 6
11739 6 5 4
11740 14 13 5
11741 21 20 4
11742 14 13 5
11743 17 16 6
11744 18 17 5
11745 15 14 4
11746 16 15 5
11747 13 12 6
11748 12 12 6
11749 8 8 4
11750 12 11 5
11751 13 12 6
11752 16 16 6
11753 12 11 5
11754 15 15 5
11755 15 15 5
11756 15 14 4
11757 14 13 7
11758 13 12 4
11759 18 17 7
11760 13 12 4
11761 6 5 4
11762 20 19 7
11763 11 10 4
11764 16 15 5
11765 9 8 4
11766 12 11 5
11767 11 11 5
11768 17 16 6
11769 16 16 6
11770 16 16 6
11771 6 6 6
11772 11 10 6
11773 8 8 4
11774 24 23 7
11775 17 16 4
11776 16 15 5
11777 11 11 5
11778 17 16 6
11779 16 16 4
11780 26 25 7
11781 21 20 4
11782 18 17 5
11783 17 16 4
11784 18 17 5
11785 13 13 5
11786 9 8 4
11787 12 11 7
11788 15 14 4
11789 12 11 5
11790 17 16 6
11791 14 13 5
11792 19 18 6
11793 14 13 5
11794 13 12 6
11795 14 14 4
11796 16 15 5
11797 19 19 7
11798 15 14 4
11799 18 17 7
11800 23 22 6
11801 10 10 4
11802 20 19 5
11803 29 28 6
11804 26 25 7
11805 31 30 6
11806 34 34 6
11807 8 8 4
11808 32 31 5
11809 15 15 5
11810 19 18 6
11811 26 26 6
11812 16 15 5
11813 17 16 4
11814 28 27 7
11815 19 18 6
11816 28 28 6
11817 18 18 6
11818 34 34 6
11819 28 27 5
11820 23 22 4
11821 20 19 5
11822 21 21 5
11823 17 16 6
11824 22 22 6
11825 14 14 4
11826 10 9 5
11827 23 22 6
11828 18 17 5
11829 27 26 4
11830 16 15 5
11831 17 17 5
11832 23 22 4
11833 14 13 5
11834 27 26 6
11835 16 15 5
11836 19 18 6
11837 16 16 4
11838 18 17 5
11839 29 29 9
11840 21 20 6
11841 16 16 4
11842 20 19 7
11843 19 18 6
11844 24 24 4
11845 26 25 5
11846 25 25 5
11847 29 29 5
11848 29 28 4
11849 16 15 5
11850 27 26 6
11851 28 27 5
11852 23 22 6
11853 10 10 4
11854 26 25 5
11855 25 25 7
11856 19 18 4
11857 32 31 7
11858 23 22 6
11859 20 20 6
11860 20 20 4
11861 16 15 5
11862 37 36 6
11863 18 18 4
11864 24 23 9
11865 25 25 5
11866 17 17 5
11867 17 17 5
11868 25 25 7
11869 23 23 5
11870 19 18 6
11871 12 11 5
11872 19 19 7
11873 15 15 5
11874 21 20 4
11875 18 17 5
11876 19 19 5
11877 25 24 6
11878 20 20 6
11879 10 10 4
11880 32 31 7
11881 19 18 4
11882 28 27 7
11883 17 16 6
11884 24 24 6
11885 16 15 5
11886 19 18 6
11887 22 22 6
11888 18 18 6
11889 18 17 5
11890 19 18 4
11891 20 19 5
11892 17 17 5
11893 17 17 5
11894 21 20 6
11895 22 22 4
11896 14 13 5
11897 17 17 5
11898 25 25 5
11899 11 11 5
11900 15 14 4
11901 16 15 5
11902 11 11 5
11903 11 11 5
11904 23 22 6
11905 16 16 6
11906 16 16 4
11907 20 19 5
11908 15 14 4
11909 14 13 5
11910 13 13 5
11911 21 20 4
11912 16 15 5
11913 13 12 4
11914 20 19 5
11915 21 20 6
11916 18 18 6
11917 16 16 4
11918 20 19 5
11919 15 14 6
11920 14 13 5
11921 11 10 6
11922 12 12 4
11923 12 11 5
11924 15 15 5
11925 21 20 6
11926 12 12 6
11927 6 6 6
11928 11 10 4
11929 12 11 5
11930 9 9 5
11931 11 10 4
11932 10 9 5
11933 17 16 6
11934 10 10 4
11935 10 9 5
11936 11 10 6
11937 6 6 6
11938 9 8 4
11939 12 11 5
11940 15 14 6
11941 18 18 6
11942 16 16 4
11943 16 15 5
11944 15 15 5
11945 9 8 4
11946 10 9 5
11947 7 6 5
11948 13 12 6
11949 12 12 6
11950 14 14 4
11951 16 15 5
11952 21 21 5
11953 11 10 4
11954 14 13 5
11955 13 12 6
11956 14 14 6
11957 14 14 4
11958 22 21 5
11959 17 17 5
11960 13 13 5
11961 11 10 4
11962 12 11 5
11963 19 19 5
11964 19 18 6
11965 12 12 4
11966 18 17 5
11967 13 12 6
11968 14 14 4
11969 22 21 5
11970 27 27 5
11971 13 12 4
11972 16 15 5
11973 15 15 5
11974 9 8 4
11975 18 17 5
11976 11 11 5
11977 13 12 6
11978 14 13 5
11979 9 8 4
11980 10 9 5
11981 17 16 6
11982 14 14 4
11983 16 15 5
11984 11 10 4
11985 12 11 5
11986 19 18 6
11987 6 6 6
11988 17 16 6
11989 12 12 4
11990 8 7 6
11991 14 14 6
11992 14 14 4
11993 22 21 5
11994 17 16 4
11995 10 9 5
11996 9 9 5
11997 15 14 4
11998 10 9 5
11999 13 12 4
12000 16 15 5
12001 7 6 5
12002 9 8 4
12003 12 11 7
12004 11 10 4
12005 18 17 5
12006 9 9 5
12007 13 12 6
12008 14 14 4
12009 16 15 5
12010 23 22 6
12011 16 16 6
12012 16 16 4
12013 18 17 5
12014 17 17 5
12015 13 12 6
12016 10 10 4
12017 12 11 5
12018 13 12 4
12019 20 19 5
12020 15 15 5
12021 11 11 5
12022 11 10 6
12023 8 8 4
12024 12 11 5
12025 9 9 5
12026 21 21 5
12027 11 10 4
12028 14 13 5
12029 5 5 5
12030 10 9 5
12031 7 6 5
12032 13 12 4
12033 10 9 5
12034 13 13 5
12035 11 10 6
12036 10 10 4
12037 20 19 5
12038 17 16 6
12039 26 26 4
12040 18 17 5
12041 17 16 6
12042 10 10 4
12043 16 15 5
12044 13 12 6
12045 8 8 4
12046 14 13 5
12047 13 13 5
12048 11 11 5
12049 17 16 6
12050 12 12 4
12051 10 9 5
12052 11 10 6
12053 12 12 4
12054 18 17 7
12055 9 8 4
12056 18 17 5
12057 7 6 5
12058 17 17 5
12059 21 20 6
12060 10 10 6
12061 6 6 6
12062 13 12 4
12063 16 15 5
12064 5 5 5
12065 16 15 5
12066 17 16 6
12067 12 12 6
12068 12 12 6
12069 8 8 4
12070 10 9 5
12071 13 12 4
12072 10 9 5
12073 11 11 5
12074 9 8 4
12075 16 15 5
12076 13 13 5
12077 25 25 5
12078 15 14 4
12079 16 15 5
12080 17 17 5
12081 15 14 6
12082 16 16 6
12083 10 10 4
12084 12 11 5
12085 9 8 4
12086 16 15 5
12087 9 8 4
12088 10 9 5
12089 17 16 6
12090 12 12 6
12091 22 22 6
12092 16 16 6
12093 18 18 6
12094 20 20 6
12095 16 16 4
12096 22 21 5
12097 13 12 6
12098 14 14 4
12099 18 17 5
12100 13 13 5
12101 11 11 5
12102 13 12 4
12103 14 13 5
12104 13 13 5
12105 13 12 6
12106 18 17 5
12107 17 16 4
12108 20 19 5
12109 17 16 6
12110 6 6 6
12111 15 14 6
12112 10 10 4
12113 20 19 5
12114 17 17 5
12115 19 19 5
12116 17 16 4
12117 16 15 5
12118 17 16 6
12119 16 16 4
12120 12 11 5
12121 11 10 6
12122 18 18 4
12123 12 11 5
12124 11 11 5
12125 9 8 4
12126 6 5 4
12127 18 17 5
12128 15 15 5
12129 19 18 6
12130 14 14 6
12131 6 6 6
12132 11 11 5
12133 15 14 6
12134 10 10 4
12135 12 11 5
12136 15 14 6
12137 12 11 5
12138 19 18 6
12139 12 11 5
12140 17 16 6
12141 6 6 6
12142 5 5 5
12143 16 15 5
12144 7 6 5
12145 15 14 6
12146 12 12 6
12147 14 14 4
12148 16 15 5
12149 13 13 5
12150 15 14 6
12151 16 16 6
12152 14 14 4
12153 12 11 5
12154 23 23 5
12155 13 13 5
12156 15 14 6
12157 6 6 6
12158 15 14 6
12159 10 10 4
12160 10 9 5
12161 25 25 5
12162 13 13 5
12163 15 14 4
12164 12 11 7
12165 15 14 4
12166 18 17 5
12167 13 13 5
12168 17 17 5
12169 25 24 6
12170 16 15 5
12171 13 12 4
12172 14 13 5
12173 13 13 5
12174 9 8 4
12175 16 15 5
12176 17 16 6
12177 14 14 4
12178 18 17 5
12179 9 9 5
12180 15 14 6
12181 10 10 4
12182 12 11 5
12183 17 16 6
12184 10 10 4
12185 18 17 5
12186 11 10 4
12187 12 11 5
12188 13 12 6
12189 16 15 5
12190 11 10 6
12191 12 12 4
12192 20 19 5
12193 15 15 5
12194 15 14 4
12195 10 9 5
12196 11 11 5
12197 7 6 5
12198 13 12 4
12199 12 11 5
12200 9 9 5
12201 11 10 4
12202 12 11 5
12203 15 15 5
12204 19 18 4
12205 16 15 5
12206 7 6 5
12207 17 17 5
12208 11 11 5
12209 23 23 5
12210 13 13 5
12211 13 12 6
12212 6 6 6
12213 13 12 4
12214 16 15 5
12215 15 15 5
12216 11 11 5
12217 17 16 4
12218 14 13 5
12219 23 22 6
12220 20 20 6
12221 12 12 4
12222 12 11 5
12223 13 12 4
12224 16 15 5
12225 11 11 5
12226 9 9 5
12227 9 8 4
12228 26 25 5
12229 11 11 5
12230 23 22 6
12231 14 14 4
12232 16 15 5
12233 5 5 5
12234 18 17 5
12235 11 11 5
12236 9 9 5
12237 15 14 6
12238 10 10 6
12239 14 14 4
12240 14 13 5
12241 9 9 5
12242 11 11 5
12243 7 6 5
12244 9 8 4
12245 24 23 5
12246 15 15 5
12247 13 12 4
12248 14 13 5
12249 5 5 5
12250 6 5 4
12251 12 11 5
12252 13 13 5
12253 11 10 4
12254 14 13 5
12255 17 17 5
12256 15 15 5
12257 7 6 5
12258 9 8 4
12259 14 13 5
12260 13 13 5
12261 13 13 5
12262 7 6 5
12263 17 16 4
12264 22 21 5
12265 23 22 4
12266 14 13 5
12267 15 15 5
12268 9 8 4
12269 10 9 5
12270 19 18 6
12271 10 10 6
12272 12 12 4
12273 12 11 5
12274 17 16 6
12275 10 10 6
12276 14 14 6
12277 14 14 4
12278 16 15 5
12279 15 14 6
12280 10 9 5
12281 11 10 4
12282 10 9 5
12283 9 9 5
12284 15 14 6
12285 14 14 6
12286 12 12 4
12287 12 11 5
12288 15 14 6
12289 16 16 6
12290 12 12 4
12291 14 13 5
12292 19 19 5
12293 15 14 4
12294 10 9 5
12295 17 16 6
12296 20 20 6
12297 10 10 4
12298 12 11 5
12299 11 11 5
12300 17 16 4
12301 12 11 5
12302 9 9 5
12303 11 11 5
12304 5 5 5
12305 12 11 5
12306 9 9 5
12307 17 16 6
12308 12 12 4
12309 6 5 4
12310 10 9 5
12311 13 13 5
12312 11 10 6
12313 8 8 4
12314 10 9 5
12315 13 12 4
12316 22 21 5
12317 15 15 5
12318 21 21 5
12319 11 10 6
12320 16 16 6
12321 22 22 4
12322 14 13 7
12323 9 8 4
12324 12 11 5
12325 19 18 6
12326 18 18 6
12327 12 12 4
12328 10 9 5
12329 13 12 4
12330 14 13 7
12331 7 6 5
12332 15 14 6
12333 12 12 4
12334 10 9 5
12335 19 18 6
12336 12 12 6
12337 10 10 4
12338 16 15 5
12339 11 11 5
12340 13 12 6
12341 14 14 4
12342 12 11 5
12343 11 10 6
12344 14 14 6
12345 16 16 4
12346 14 13 5
12347 11 10 4
12348 16 15 7
12349 13 12 4
12350 12 11 5
12351 7 6 5
12352 19 18 6
12353 12 12 4
12354 16 15 5
12355 13 13 5
12356 15 15 5
12357 13 13 5
12358 13 13 5
12359 11 10 4
12360 16 15 5
12361 19 18 6
12362 12 12 4
12363 14 13 5
12364 11 10 6
12365 18 18 6
12366 10 10 6
12367 8 8 4
12368 14 13 5
12369 11 11 5
12370 7 6 5
12371 17 16 4
12372 12 11 5
12373 17 16 4
12374 10 9 5
12375 9 8 4
12376 16 15 5
12377 13 13 5
12378 9 9 5
12379 13 12 6
12380 12 12 4
12381 12 11 5
12382 9 9 5
12383 13 12 6
12384 10 10 4
12385 14 13 5
12386 13 12 4
12387 18 17 5
12388 17 17 5
12389 15 14 6
12390 12 12 4
12391 20 19 5
12392 27 26 6
12393 14 13 5
12394 9 8 4
12395 10 9 5
12396 19 18 6
12397 14 14 6
12398 8 8 4
12399 6 5 4
12400 14 13 5
12401 13 12 6
12402 6 6 6
12403 19 18 6
12404 16 16 4
12405 16 15 7
12406 19 18 4
12407 10 9 5
12408 23 22 6
12409 10 10 4
12410 12 11 5
12411 13 13 5
12412 13 13 5
12413 15 14 6
12414 12 12 6
12415 12 12 4
12416 24 23 5
12417 19 18 6
12418 12 11 5
12419 9 8 4
12420 12 11 5
12421 19 18 6
12422 14 14 4
12423 14 13 5
12424 9 8 4
12425 12 11 5
12426 7 6 5
12427 15 14 6
12428 12 12 6
12429 12 12 6
12430 10 10 4
12431 16 15 5
12432 15 14 6
12433 12 12 4
12434 12 11 5
12435 9 8 4
12436 6 5 4
12437 12 11 5
12438 13 13 5
12439 19 18 6
12440 8 8 4
12441 14 13 5
12442 13 13 5
12443 9 9 5
12444 11 10 4
12445 6 5 4
12446 8 7 6
12447 10 10 4
12448 18 17 7
12449 15 14 4
12450 14 13 5
12451 15 14 6
12452 14 14 6
12453 14 14 4
12454 14 13 5
12455 13 13 5
12456 13 13 5
12457 9 8 4
12458 10 9 5
12459 19 18 6
12460 8 8 4
12461 14 13 5
12462 7 6 5
12463 13 13 5
12464 11 11 5
12465 17 16 6
12466 10 10 4
12467 10 9 5
12468 19 18 6
12469 10 10 4
12470 20 19 5
12471 9 9 5
12472 11 10 4
12473 14 13 7
12474 17 16 4
12475 14 13 5
12476 7 6 5
12477 17 16 6
12478 16 15 5
12479 23 22 6
12480 6 5 4
12481 10 9 5
12482 9 9 5
12483 17 16 4
12484 14 13 5
12485 19 18 6
12486 14 14 4
12487 18 17 5
12488 11 10 4
12489 22 21 7
12490 13 12 4
12491 16 15 5
12492 9 8 4
12493 8 7 6
12494 14 14 6
12495 10 10 4
12496 18 17 7
12497 13 12 4
12498 10 9 5
12499 17 16 6
12500 12 12 6
12501 10 10 4
12502 14 13 5
12503 13 13 5
12504 11 10 4
12505 10 9 5
12506 9 9 5
12507 9 9 5
12508 15 14 6
12509 10 10 4
12510 12 11 5
12511 5 5 5
12512 16 15 5
12513 15 15 5
12514 11 10 6
12515 8 8 4
12516 16 15 5
12517 11 10 6
12518 14 14 4
12519 12 11 5
12520 21 20 6
12521 10 9 5
12522 15 14 6
12523 10 10 6
12524 6 6 6
12525 9 8 4
12526 10 9 5
12527 13 13 5
12528 11 11 5
12529 7 6 5
12530 11 11 5
12531 11 10 4
12532 18 17 5
12533 11 10 4
12534 14 13 5
12535 13 13 5
12536 13 13 5
12537 11 10 4
12538 16 15 5
12539 13 13 5
12540 11 10 4
12541 8 7 6
12542 6 6 6
12543 13 13 5
12544 9 8 4
12545 6 5 4
12546 14 13 7
12547 9 8 4
12548 10 9 5
12549 13 12 6
12550 18 18 6
12551 12 12 4
12552 10 9 5
12553 11 10 4
12554 18 17 7
12555 9 8 4
12556 6 5 4
12557 14 13 5
12558 5 5 5
12559 16 15 7
12560 13 12 4
12561 18 17 5
12562 13 13 5
12563 13 13 5
12564 21 21 5
12565 13 12 4
12566 10 9 5
12567 19 19 5
12568 11 11 5
12569 13 12 4
12570 10 9 5
12571 15 15 5
12572 7 6 5
12573 17 16 4
12574 16 15 5
12575 15 14 6
12576 16 16 4
12577 12 11 5
12578 13 12 6
12579 14 14 6
12580 8 8 4
12581 12 11 5
12582 23 22 6
12583 12 12 4
12584 12 11 5
12585 17 16 6
12586 10 10 4
12587 14 13 5
12588 15 14 6
12589 10 10 6
12590 6 6 6
12591 13 12 4
12592 14 13 5
12593 7 6 5
12594 13 13 5
12595 15 14 6
12596 14 14 4
12597 26 25 7
12598 11 10 4
12599 12 11 5
12600 9 9 5
12601 9 9 5
12602 11 10 4
12603 16 15 5
12604 13 12 6
12605 10 10 4
12606 10 9 5
12607 13 12 6
12608 14 14 6
12609 14 14 4
12610 20 19 5
12611 23 23 7
12612 13 12 4
12613 14 13 5
12614 9 9 5
12615 13 12 6
12616 12 12 4
12617 14 13 5
12618 13 12 6
12619 14 14 4
12620 10 9 5
12621 15 14 4
12622 12 11 5
12623 15 15 5
12624 19 18 6
12625 16 16 6
12626 12 12 6
12627 8 8 4
12628 12 11 5
12629 19 18 6
12630 12 12 4
12631 14 13 5
12632 11 11 5
12633 19 18 4
12634 18 17 5
12635 11 11 5
12636 11 11 5
12637 9 8 4
12638 10 9 5
12639 9 9 5
12640 11 10 4
12641 16 15 7
12642 9 8 4
12643 10 9 5
12644 19 18 6
12645 16 16 4
12646 18 17 5
12647 13 13 5
12648 13 12 6
12649 6 6 6
12650 13 13 5
12651 9 8 4
12652 12 11 5
12653 21 21 5
12654 13 12 6
12655 12 12 4
12656 12 11 5
12657 13 12 6
12658 10 10 6
12659 6 6 6
12660 13 12 6
12661 18 18 6
12662 6 6 6
12663 15 14 6
12664 14 14 4
12665 16 15 5
12666 11 10 4
12667 6 5 4
12668 12 11 5
12669 17 16 6
12670 12 11 5
12671 13 12 4
12672 12 11 5
12673 13 13 5
12674 15 15 5
12675 11 10 4
12676 14 13 5
12677 15 15 5
12678 13 12 6
12679 12 12 4
12680 20 19 5
12681 21 20 4
12682 12 11 5
12683 9 9 5
12684 11 10 4
12685 12 11 5
12686 11 11 5
12687 5 5 5
12688 10 9 5
12689 15 14 6
12690 16 16 6
12691 22 21 5
12692 11 10 4
12693 12 11 5
12694 11 11 5
12695 17 17 5
12696 13 13 5
12697 13 12 4
12698 12 11 5
12699 17 17 5
12700 11 10 6
12701 8 8 4
12702 18 17 5
12703 9 9 5
12704 13 12 4
12705 12 11 7
12706 15 14 4
12707 10 9 5
12708 9 8 4
12709 6 5 4
12710 8 7 6
12711 24 24 4
12712 20 19 5
12713 11 10 4
12714 22 21 5
12715 13 12 4
12716 20 19 5
12717 13 13 5
12718 13 12 6
12719 6 5 4
12720 6 5 4
12721 20 19 5
12722 5 5 5
12723 10 9 5
12724 17 16 6
12725 14 13 5
12726 15 14 6
12727 8 8 4
12728 10 9 5
12729 13 12 4
12730 10 9 5
12731 11 10 6
12732 16 16 6
12733 16 16 4
12734 18 17 5
12735 15 14 6
12736 8 8 4
12737 12 11 5
12738 15 14 6
12739 14 14 6
12740 10 10 4
12741 16 15 7
12742 7 6 5
12743 11 10 4
12744 8 7 6
12745 10 10 4
12746 10 9 5
12747 7 6 5
12748 17 16 6
12749 14 14 4
12750 12 11 5
12751 13 12 6
12752 6 5 4
12753 10 9 5
12754 15 14 6
12755 12 12 4
12756 18 17 5
12757 15 15 5
12758 13 12 6
12759 10 10 4
12760 6 5 4
12761 14 13 5
12762 17 17 5
12763 15 14 6
12764 14 14 6
12765 6 6 6
12766 9 8 4
12767 10 9 5
12768 19 18 6
12769 14 13 5
12770 9 8 4
12771 12 11 5
12772 23 22 4
12773 12 11 5
12774 7 6 5
12775 9 8 4
12776 10 9 5
12777 9 9 5
12778 11 10 4
12779 16 15 5
12780 9 9 5
12781 17 16 6
12782 18 18 6
12783 16 16 6
12784 6 6 6
12785 13 12 6
12786 8 8 4
12787 12 11 5
12788 9 8 4
12789 12 11 7
12790 15 14 4
12791 20 19 5
12792 19 18 6
12793 6 6 6
12794 9 9 5
12795 11 10 4
12796 12 11 5
12797 9 9 5
12798 17 17 5
12799 13 12 4
12800 12 11 5
12801 11 10 4
12802 14 13 7
12803 13 12 4
12804 14 13 5
12805 11 11 5
12806 9 9 5
12807 15 15 5
12808 11 10 6
12809 8 8 4
12810 12 11 5
12811 11 11 5
12812 13 12 6
12813 10 10 4
12814 12 11 5
12815 11 10 6
12816 10 9 5
12817 19 18 6
12818 8 8 4
12819 14 13 5
12820 13 12 6
12821 10 10 4
12822 14 13 5
12823 19 18 6
12824 20 20 4
12825 10 9 5
12826 13 12 6
12827 16 15 5
12828 11 10 4
12829 12 11 5
12830 11 10 6
12831 12 12 6
12832 10 10 4
12833 14 13 5
12834 11 10 6
12835 8 8 4
12836 10 9 5
12837 23 22 6
12838 8 8 4
12839 24 23 5
12840 9 8 4
12841 12 11 5
12842 13 13 5
12843 7 6 5
12844 7 6 5
12845 9 9 5
12846 17 17 5
12847 15 15 5
12848 11 11 5
12849 13 12 4
12850 16 15 7
12851 15 14 4
12852 10 9 5
12853 9 9 5
12854 15 14 4
12855 8 7 6
12856 12 12 6
12857 14 14 4
12858 16 15 5
12859 9 8 4
12860 10 9 5
12861 15 14 4
12862 18 17 5
12863 11 11 5
12864 21 21 5
12865 19 19 5
12866 19 18 6
12867 8 8 4
12868 16 15 5
12869 9 9 5
12870 9 8 4
12871 12 11 5
12872 19 18 6
12873 14 14 4
12874 14 13 5
12875 19 18 6
12876 14 14 4
12877 12 11 5
12878 9 9 5
12879 17 16 6
12880 14 13 5
12881 15 14 4
12882 12 11 5
12883 5 5 5
12884 10 9 5
12885 13 12 6
12886 10 10 6
12887 10 10 4
12888 12 11 5
12889 13 12 6
12890 12 12 6
12891 14 14 4
12892 10 9 5
12893 13 12 6
12894 12 12 6
12895 10 10 4
12896 16 15 5
12897 11 11 5
12898 17 16 6
12899 14 14 4
12900 14 13 5
12901 19 19 5
12902 11 11 5
12903 11 10 6
12904 8 8 4
12905 6 5 4
12906 12 11 5
12907 17 16 6
12908 12 12 4
12909 12 11 5
12910 13 12 6
12911 16 16 4
12912 10 9 5
12913 9 8 4
12914 10 9 5
12915 9 8 4
12916 12 11 5
12917 23 23 7
12918 17 16 4
12919 14 13 5
12920 7 6 5
12921 15 15 5
12922 17 16 4
12923 22 21 5
12924 15 14 6
12925 14 14 4
12926 6 5 4
12927 14 13 5
12928 11 11 5
12929 13 12 4
12930 16 15 5
12931 5 5 5
12932 14 13 5
12933 15 14 6
12934 14 14 4
12935 14 13 5
12936 13 13 5
12937 11 10 4
12938 12 11 5
12939 7 6 5
12940 17 16 6
12941 12 12 4
12942 20 19 5
12943 11 11 5
12944 15 14 4
12945 14 13 5
12946 9 9 5
12947 17 16 6
12948 18 18 6
12949 18 18 6
12950 10 10 4
12951 10 9 5
12952 11 10 4
12953 12 11 5
12954 11 11 5
12955 11 10 6
12956 10 10 4
12957 12 11 5
12958 13 12 6
12959 10 10 4
12960 20 19 5
12961 11 11 5
12962 11 10 4
12963 16 15 5
12964 9 8 4
12965 8 7 6
12966 14 14 6
12967 16 16 6
12968 8 8 4
12969 14 13 5
12970 19 19 5
12971 15 14 4
12972 16 15 5
12973 9 9 5
12974 19 18 6
12975 8 8 4
12976 18 17 5
12977 11 11 5
12978 13 12 6
12979 10 10 4
12980 16 15 5
12981 13 12 4
12982 12 11 5
12983 9 9 5
12984 13 12 6
12985 8 8 4
12986 12 11 5
12987 13 13 5
12988 11 10 6
12989 8 8 4
12990 16 15 5
12991 19 18 6
12992 18 18 6
12993 20 20 4
12994 8 7 6
12995 10 10 4
12996 10 9 5
12997 9 8 7
12998 11 10 4
12999 10 9 5
13000 11 10 6
13001 8 8 4
13002 22 21 7
13003 11 10 4
13004 16 15 7
13005 13 12 4
13006 14 13 5
13007 13 12 4
13008 12 11 5
13009 27 26 6
13010 16 15 5
13011 11 10 4
13012 16 15 5
13013 17 16 6
13014 14 14 4
13015 10 9 5
13016 15 15 5
13017 9 9 5
13018 13 12 4
13019 14 13 5
13020 11 11 5
13021 13 13 5
13022 11 10 6
13023 16 16 4
13024 16 15 5
13025 11 11 5
13026 5 5 5
13027 10 9 5
13028 11 11 5
13029 15 14 4
13030 8 7 6
13031 8 8 4
13032 16 15 5
13033 9 9 5
13034 15 14 6
13035 12 12 4
13036 10 9 5
13037 11 11 5
13038 17 16 6
13039 16 16 6
13040 14 14 4
13041 14 13 5
13042 17 16 6
13043 12 11 5
13044 19 18 6
13045 8 8 4
13046 10 9 5
13047 13 13 5
13048 13 12 6
13049 8 8 4
13050 14 13 5
13051 15 15 5
13052 9 8 4
13053 12 11 5
13054 9 9 5
13055 23 22 6
13056 12 11 5
13057 11 10 4
13058 20 19 7
13059 15 14 4
13060 16 15 5
13061 13 13 5
13062 13 13 5
13063 19 18 6
13064 14 14 6
13065 12 12 6
13066 8 8 4
13067 18 17 5
13068 17 16 6
13069 8 8 4
13070 10 9 5
13071 19 18 6
13072 16 16 6
13073 8 8 4
13074 16 15 5
13075 21 20 6
13076 12 12 4
13077 22 21 5
13078 17 17 5
13079 21 20 6
13080 22 21 5
13081 15 14 4
13082 24 23 5
13083 19 18 6
13084 12 12 4
13085 16 15 5
13086 25 25 5
13087 11 10 6
13088 20 20 4
13089 14 13 5
13090 17 16 4
13091 16 15 7
13092 37 36 6
13093 16 16 4
13094 20 19 5
13095 11 11 5
13096 15 15 5
13097 13 13 5
13098 13 12 4
13099 20 19 5
13100 17 16 6
13101 12 12 4
13102 16 15 5
13103 19 19 5
13104 15 15 5
13105 13 13 5
13106 11 10 4
13107 18 17 5
13108 19 19 5
13109 27 26 6
13110 36 36 6
13111 10 10 4
13112 28 27 5
13113 15 14 4
13114 24 23 5
13115 25 25 5
13116 19 18 6
13117 10 10 4
13118 12 11 5
13119 25 25 5
13120 11 11 5
13121 17 16 6
13122 14 14 6
13123 12 12 4
13124 18 17 5
13125 19 18 6
13126 12 12 4
13127 16 15 5
13128 15 14 6
13129 20 20 6
13130 18 18 4
13131 18 17 5
13132 27 26 6
13133 24 23 5
13134 17 17 5
13135 17 16 4
13136 20 19 5
13137 27 26 4
13138 24 23 5
13139 23 22 6
13140 26 26 4
13141 22 21 5
13142 17 16 4
13143 22 21 7
13144 15 14 6
13145 14 14 6
13146 24 24 6
13147 30 29 7
13148 25 25 5
13149 39 38 6
13150 26 25 5
13151 19 19 5
13152 25 24 8
13153 44 44 6
13154 32 31 5
13155 45 44 6
13156 22 22 6
13157 26 26 4
13158 42 41 7
13159 25 24 6
13160 30 30 6
13161 34 34 6
13162 26 26 8
13163 44 44 6
13164 32 31 5
13165 37 37 5
13166 25 25 5
13167 21 20 4
13168 32 31 7
13169 25 24 4
13170 18 17 5
13171 37 37 5
13172 49 48 6
13173 22 22 6
13174 36 35 7
13175 21 21 5
13176 33 33 7
13177 29 28 6
13178 32 31 9
13179 59 58 8
13180 32 31 7
13181 45 44 10
13182 32 31 7
13183 37 36 6
13184 46 45 9
13185 27 26 6
13186 20 20 4
13187 30 29 7
13188 39 38 10
13189 28 28 6
13190 30 30 6
13191 34 34 8
13192 32 31 9
13193 29 28 6
13194 44 43 5
13195 27 27 7
13196 53 53 5
13197 31 30 6
13198 34 33 7
13199 35 34 8
13200 38 38 8
13201 32 32 6
13202 38 38 6
13203 46 46 8
13204 26 26 4
13205 34 33 7
13206 29 29 5
13207 43 43 5
13208 31 30 4
13209 28 27 7
13210 27 27 7
13211 29 28 6
13212 24 24 6
13213 30 30 8
13214 34 33 7
13215 29 28 6
13216 14 14 4
13217 24 23 5
13218 33 33 7
13219 35 34 6
13220 18 17 5
13221 17 17 5
13222 33 32 6
13223 16 16 4
13224 20 19 5
13225 25 25 5
13226 25 25 7
13227 23 22 6
13228 14 13 5
13229 21 21 5
13230 27 26 4
13231 34 33 5
13232 25 24 4
13233 22 21 7
13234 27 26 6
13235 24 24 6
13236 36 36 6
13237 30 30 6
13238 16 16 4
13239 32 31 5
13240 29 28 4
13241 32 31 7
13242 33 33 5
13243 21 20 4
13244 34 33 5
13245 23 23 5
13246 29 29 5
13247 21 21 5
13248 23 23 5
13249 25 24 6
13250 20 20 4
13251 24 23 5
13252 23 22 6
13253 20 19 5
13254 23 22 6
13255 24 24 6
13256 22 22 4
13257 12 11 5
13258 27 27 5
13259 17 17 5
13260 17 17 5
13261 27 26 6
13262 28 28 6
13263 24 24 6
13264 14 14 6
13265 14 14 4
13266 16 15 5
13267 19 19 5
13268 17 16 4
13269 18 17 5
13270 21 20 6
13271 18 18 6
13272 14 14 6
13273 22 22 4
13274 14 13 5
13275 13 13 5
13276 21 21 5
13277 13 12 4
13278 16 15 5
13279 17 17 5
13280 15 15 5
13281 17 16 6
13282 20 20 6
13283 16 16 6
13284 26 26 6
13285 12 12 4
13286 14 13 5
13287 19 18 6
13288 18 17 5
13289 11 10 4
13290 14 13 5
13291 19 19 5
13292 21 20 6
13293 12 12 4
13294 12 11 5
13295 17 17 5
13296 21 20 6
13297 16 16 6
13298 10 10 4
13299 12 11 5
13300 21 21 5
13301 17 17 5
13302 13 12 6
13303 22 22 4
13304 18 17 5
13305 15 14 4
13306 16 15 5
13307 9 8 4
13308 16 15 5
13309 11 11 5
13310 15 14 6
13311 22 22 6
13312 14 14 4
13313 12 11 5
13314 19 18 4
13315 18 17 5
13316 19 18 6
13317 12 11 5
13318 11 10 6
13319 6 6 6
13320 11 10 4
13321 14 13 5
13322 11 11 5
13323 25 24 6
13324 22 21 5
13325 15 14 4
13326 12 11 5
13327 11 10 4
13328 12 11 5
13329 15 14 4
13330 26 25 5
13331 15 15 5
13332 19 19 5
13333 13 12 6
13334 12 11 5
13335 7 6 5
13336 9 8 4
13337 8 7 6
13338 14 14 4
13339 20 19 5
13340 7 7 7
13341 14 14 4
13342 14 13 5
13343 17 16 4
13344 18 17 7
13345 9 8 4
13346 10 9 5
13347 15 14 6
13348 6 6 6
13349 9 8 4
13350 14 13 5
13351 13 13 5
13352 15 14 6
13353 12 11 5
13354 19 18 6
13355 6 6 6
13356 11 10 4
13357 16 15 7
13358 11 10 4
13359 14 13 5
13360 19 18 6
13361 14 13 5
13362 19 18 4
13363 6 5 4
13364 14 13 7
13365 13 12 4
13366 16 15 5
13367 11 10 6
13368 14 13 5
13369 15 14 6
13370 12 12 4
13371 20 19 5
13372 9 9 5
13373 13 12 4
13374 10 9 5
13375 13 12 4
13376 16 15 5
13377 13 13 5
13378 13 12 4
13379 12 11 5
13380 11 10 6
13381 10 9 5
13382 19 18 6
13383 8 8 4
13384 16 15 5
13385 17 16 6
13386 12 11 5
13387 11 10 4
13388 14 13 5
13389 19 18 6
13390 12 12 6
13391 10 10 4
13392 16 15 5
13393 13 13 5
13394 15 14 6
13395 14 14 4
13396 14 13 5
13397 15 14 6
13398 14 14 6
13399 8 8 4
13400 20 19 5
13401 11 11 5
13402 17 16 4
13403 18 17 5
13404 17 17 5
13405 13 13 5
13406 15 14 6
13407 12 12 4
13408 14 13 5
13409 7 6 5
13410 13 13 5
13411 13 13 5
13412 11 10 6
13413 8 8 4
13414 6 5 4
13415 10 9 5
13416 9 9 5
13417 11 11 5
13418 13 12 6
13419 16 16 4
13420 12 11 5
13421 13 13 5
13422 11 11 5
13423 13 12 4
13424 16 15 7
13425 13 12 4
13426 6 5 4
13427 18 17 5
13428 17 17 5
13429 15 14 6
13430 20 20 4
13431 6 5 4
13432 18 17 5
13433 15 15 5
13434 11 11 5
13435 13 13 5
13436 15 14 4
13437 12 11 5
13438 11 11 5
13439 13 12 6
13440 10 10 4
13441 18 17 5
13442 17 16 4
13443 14 13 5
13444 15 14 6
13445 14 14 4
13446 10 9 5
13447 11 10 4
13448 14 13 5
13449 11 11 5
13450 15 14 4
13451 10 9 5
13452 11 11 5
13453 13 12 6
13454 10 10 4
13455 10 9 5
13456 11 10 6
13457 12 11 5
13458 13 12 4
13459 10 9 5
13460 13 12 6
13461 8 8 4
13462 22 21 5
13463 7 6 5
13464 15 14 6
13465 10 10 6
13466 14 14 4
13467 12 11 5
13468 15 14 6
13469 8 8 4
13470 22 21 7
13471 23 22 4
13472 12 11 5
13473 13 13 5
13474 11 10 6
13475 12 12 6
13476 8 8 4
13477 14 13 5
13478 13 12 6
13479 10 10 4
13480 16 15 5
13481 15 15 5
13482 15 14 6
13483 26 26 4
13484 16 15 5
13485 9 9 5
13486 13 12 6
13487 8 8 4
13488 14 13 5
13489 11 11 5
13490 15 14 6
13491 10 10 4
13492 14 13 5
13493 15 14 4
13494 12 11 5
13495 9 9 5
13496 13 13 5
13497 15 14 6
13498 12 12 4
13499 12 11 5
13500 17 16 6
13501 24 23 5
13502 9 8 4
13503 14 13 5
13504 23 22 4
13505 16 15 5
13506 17 16 6
13507 8 8 4
13508 18 17 5
13509 9 9 5
13510 15 14 4
13511 10 9 5
13512 15 15 5
13513 19 18 4
13514 26 25 7
13515 19 18 6
13516 14 14 6
13517 38 38 6
13518 16 16 6
13519 18 18 4
13520 28 27 5
13521 25 24 6
13522 22 22 6
13523 24 24 4
13524 28 27 5
13525 37 37 7
13526 17 16 4
13527 30 29 5
13528 25 25 5
13529 19 19 7
13530 17 16 6
13531 40 40 8
13532 20 20 6
13533 36 36 6
13534 32 32 8
13535 30 30 6
13536 14 14 4
13537 26 25 5
13538 17 17 5
13539 23 22 6
13540 30 30 6
13541 36 36 10
13542 34 34 6
13543 24 24 4
13544 28 27 9
13545 15 15 5
13546 19 18 4
13547 20 19 5
13548 21 20 4
13549 34 33 5
13550 27 26 8
13551 20 20 6
13552 20 20 4
13553 24 23 7
13554 19 18 6
13555 22 22 4
13556 36 35 5
13557 15 15 5
13558 21 20 4
13559 46 45 5
13560 17 17 5
13561 25 25 5
13562 17 16 8
13563 16 16 4
13564 14 13 5
13565 15 14 4
13566 14 13 5
13567 23 23 5
13568 23 23 5
13569 29 29 5
13570 13 13 5
13571 27 27 7
13572 15 14 4
13573 24 23 5
13574 27 26 4
13575 24 23 7
13576 15 15 5
13577 23 23 9
13578 21 20 4
13579 24 23 5
13580 35 34 8
13581 20 19 5
13582 23 22 4
13583 20 19 5
13584 31 30 6
13585 26 25 5
13586 19 18 6
13587 30 30 4
13588 18 17 5
13589 27 26 6
13590 34 33 5
13591 35 35 9
13592 25 25 5
13593 21 20 4
13594 46 45 9
13595 11 11 5
13596 25 24 6
13597 28 28 6
13598 24 24 6
13599 12 12 6
13600 28 28 4
13601 24 23 5
13602 17 17 5
13603 39 38 8
13604 18 18 4
13605 22 21 5
13606 21 21 5
13607 23 23 5
13608 39 38 6
13609 24 24 4
13610 18 17 5
13611 19 19 5
13612 25 25 5
13613 25 24 8
13614 16 16 4
13615 14 13 5
13616 25 25 5
13617 21 21 5
13618 27 27 7
13619 17 16 4
13620 16 15 5
13621 25 24 4
13622 18 17 5
13623 13 13 5
13624 13 13 5
13625 13 12 4
13626 26 25 5
13627 21 21 5
13628 13 12 6
13629 22 22 4
13630 20 19 5
13631 13 12 4
13632 22 21 5
13633 17 17 5
13634 21 20 6
13635 12 12 4
13636 30 29 5
13637 13 13 5
13638 15 14 4
13639 10 9 5
13640 17 17 5
13641 17 16 6
13642 16 15 5
13643 19 18 4
13644 10 9 5
13645 11 10 6
13646 20 19 5
13647 15 14 6
13648 20 20 6
13649 14 14 4
13650 14 13 5
13651 21 20 4
13652 12 11 5
13653 15 14 4
13654 12 11 5
13655 17 16 6
13656 12 11 5
13657 21 20 6
13658 24 24 6
13659 16 16 4
13660 16 15 5
13661 11 10 4
13662 22 21 5
13663 13 12 6
13664 16 16 4
13665 20 19 5
13666 13 12 6
13667 16 15 5
13668 11 10 4
13669 16 15 5
13670 15 15 5
13671 11 11 5
13672 11 10 6
13673 14 14 4
13674 10 9 5
13675 13 12 4
13676 14 13 7
13677 17 16 4
13678 14 13 5
13679 19 18 6
13680 6 6 6
13681 19 19 5
13682 27 26 6
13683 20 19 5
13684 29 28 4
13685 24 23 7
13686 15 14 4
13687 20 19 7
13688 15 14 4
13689 12 11 5
13690 19 19 5
13691 17 17 5
13692 17 16 4
13693 16 15 5
13694 21 21 5
13695 23 22 6
13696 10 10 4
13697 24 23 5
13698 11 11 5
13699 25 24 4
13700 14 13 5
13701 13 13 5
13702 21 20 6
13703 30 30 6
13704 10 9 5
13705 25 24 4
13706 18 17 5
13707 17 17 5
13708 23 23 5
13709 13 13 5
13710 17 16 4
13711 28 27 7
13712 21 20 4
13713 14 13 5
13714 11 11 5
13715 13 12 4
13716 20 19 5
13717 29 29 7
13718 23 22 4
13719 34 33 5
13720 23 23 5
13721 23 22 4
13722 14 13 5
13723 23 23 5
13724 27 26 6
13725 10 9 5
13726 25 24 4
13727 26 25 5
13728 25 25 5
13729 25 25 7
13730 13 12 4
13731 22 21 5
13732 23 23 5
13733 19 18 6
13734 14 14 4
13735 20 19 5
13736 21 20 6
13737 14 14 6
13738 16 16 4
13739 12 11 5
13740 21 20 6
13741 18 18 6
13742 12 12 4
13743 12 11 5
13744 17 17 5
13745 21 20 6
13746 14 14 6
13747 14 14 6
13748 10 10 4
13749 12 11 5
13750 15 14 6
13751 10 10 4
13752 16 15 5
13753 17 17 5
13754 15 14 6
13755 10 10 4
13756 24 23 7
13757 13 12 4
13758 12 11 5
13759 23 23 5
13760 17 17 5
13761 13 12 6
13762 10 9 5
13763 19 18 6
13764 12 12 6
13765 10 10 4
13766 22 21 5
13767 11 11 5
13768 9 8 4
13769 16 15 5
13770 13 13 5
13771 13 12 4
13772 14 13 5
13773 11 11 5
13774 17 17 5
13775 11 10 4
13776 14 13 5
13777 11 11 5
13778 15 14 6
13779 14 14 4
13780 18 17 7
13781 9 8 4
13782 18 17 5
13783 15 15 5
13784 15 14 4
13785 14 13 5
13786 15 15 5
13787 17 16 6
13788 16 16 4
13789 10 9 5
13790 21 21 5
13791 19 19 5
13792 9 9 5
13793 15 14 6
13794 20 20 6
13795 14 14 4
13796 16 15 5
13797 15 15 5
13798 11 11 5
13799 11 11 5
13800 19 18 6
13801 20 20 6
13802 10 10 4
13803 28 27 5
13804 21 20 6
13805 12 12 6
13806 20 20 6
13807 14 14 6
13808 16 16 4
13809 16 15 5
13810 15 14 6
13811 12 12 6
13812 14 14 4
13813 16 15 5
13814 11 11 5
13815 17 16 4
13816 16 15 7
13817 11 10 4
13818 18 17 5
13819 9 9 5
13820 19 18 6
13821 18 18 6
13822 18 18 4
13823 8 7 6
13824 16 15 5
13825 13 12 4
13826 14 13 5
13827 11 10 4
13828 6 5 4
13829 12 11 5
13830 11 11 5
13831 9 9 5
13832 11 10 6
13833 10 10 4
13834 10 9 5
13835 17 16 6
13836 6 6 6
13837 13 12 6
13838 10 10 4
13839 18 17 5
13840 13 13 5
13841 11 10 6
13842 12 12 4
13843 14 13 5
13844 15 15 5
13845 7 6 5
13846 17 16 6
13847 10 9 5
13848 9 8 4
13849 14 13 5
13850 11 10 6
13851 20 20 6
13852 10 10 6
13853 8 8 4
13854 10 9 5
13855 9 8 4
13856 10 9 5
13857 15 14 4
13858 20 19 7
13859 11 10 4
13860 20 19 5
13861 11 10 4
13862 10 9 5
13863 21 20 6
13864 10 10 4
13865 12 11 5
13866 23 22 4
13867 28 27 7
13868 13 12 4
13869 16 15 5
13870 25 24 4
13871 28 27 5
13872 21 20 6
13873 18 18 4
13874 16 15 5
13875 19 18 6
13876 20 19 5
13877 25 24 4
13878 26 25 5
13879 25 24 4
13880 34 33 5
13881 17 17 5
13882 21 20 4
13883 18 17 5
13884 21 21 5
13885 37 36 6
13886 26 25 5
13887 19 18 4
13888 18 17 5
13889 19 18 4
13890 36 35 5
13891 29 29 5
13892 29 29 7
13893 27 27 7
13894 23 22 4
13895 34 33 7
13896 33 32 6
13897 20 19 5
13898 39 38 8
13899 24 24 8
13900 24 24 6
13901 48 48 6
13902 40 39 5
13903 41 41 7
13904 39 39 7
13905 29 28 6
13906 38 38 10
13907 38 38 6
13908 14 14 4
13909 18 17 5
13910 41 40 10
13911 34 34 6
13912 30 29 7
13913 33 32 8
13914 20 20 6
13915 32 32 8
13916 32 31 5
13917 25 24 6
13918 30 30 6
13919 34 33 5
13920 19 18 4
13921 24 23 7
13922 25 24 6
13923 24 24 4
13924 22 21 5
13925 15 15 7
13926 15 14 4
13927 32 31 7
13928 27 26 8
13929 20 19 5
13930 19 19 5
13931 29 28 4
13932 20 19 7
13933 19 18 4
13934 22 21 5
13935 33 32 4
13936 20 19 5
13937 17 17 5
13938 21 21 5
13939 19 18 4
13940 28 27 5
13941 35 34 8
13942 20 20 4
13943 26 25 5
13944 17 17 5
13945 21 20 4
13946 18 17 5
13947 21 21 5
13948 27 26 6
13949 20 19 5
13950 27 27 5
13951 19 19 5
13952 15 14 6
13953 20 20 6
13954 12 12 4
13955 20 19 7
13956 23 22 4
13957 14 13 5
13958 13 13 5
13959 29 28 6
13960 18 18 6
13961 16 16 6
13962 16 16 4
13963 12 11 5
13964 41 40 6
13965 20 20 4
13966 30 29 5
13967 25 25 5
13968 15 14 6
13969 18 18 6
13970 36 36 6
13971 16 16 4
13972 20 19 7
13973 17 16 4
13974 26 25 5
13975 31 31 7
13976 29 29 5
13977 27 26 4
13978 42 41 5
13979 19 19 5
13980 33 33 7
13981 33 32 6
13982 32 32 8
13983 34 33 7
13984 27 27 5
13985 21 21 5
13986 27 27 7
13987 29 28 4
13988 40 39 5
13989 19 19 5
13990 29 29 5
13991 21 21 7
13992 33 32 6
13993 22 22 6
13994 26 26 6
13995 18 18 4
13996 16 15 5
13997 29 29 5
13998 19 19 5
13999 23 22 4
14000 18 17 5
14001 33 32 6
14002 18 18 6
14003 30 30 6
14004 12 12 4
14005 18 17 5
14006 15 14 4
14007 16 15 5
14008 23 22 4
14009 14 13 5
14010 15 15 5
14011 19 19 5
14012 17 16 4
14013 26 25 5
14014 11 11 5
14015 17 17 5
14016 19 19 5
14017 21 20 6
14018 12 12 4
14019 24 23 5
14020 25 25 5
14021 21 21 5
14022 17 17 5
14023 9 9 5
14024 23 23 5
14025 23 22 4
14026 26 25 7
14027 23 22 4
14028 22 21 5
14029 23 22 4
14030 30 29 5
14031 33 32 6
14032 16 16 4
14033 28 27 5
14034 29 28 6
14035 32 32 4
14036 20 19 5
14037 27 26 4
14038 20 19 7
14039 23 22 4
14040 34 33 5
14041 31 30 4
14042 18 17 5
14043 17 17 5
14044 25 24 4
14045 28 27 5
14046 19 19 5
14047 25 24 6
14048 26 26 6
14049 24 23 5
14050 11 11 5
14051 29 28 4
14052 16 15 5
14053 21 20 4
14054 18 17 5
14055 19 18 6
14056 14 14 4
14057 16 15 5
14058 21 21 5
14059 21 21 5
14060 11 10 4
14061 22 21 5
14062 17 16 6
14063 16 16 4
14064 18 17 5
14065 15 15 5
14066 23 22 4
14067 16 15 5
14068 25 24 4
14069 18 17 7
14070 15 14 4
14071 18 17 5
14072 11 10 4
14073 32 31 7
14074 11 10 4
14075 16 15 5
14076 13 13 5
14077 13 13 5
14078 13 12 6
14079 12 12 4
14080 22 21 5
14081 15 15 5
14082 17 16 4
14083 14 13 5
14084 17 17 5
14085 15 15 5
14086 17 16 4
14087 14 13 5
14088 15 14 6
14089 10 10 4
14090 14 13 5
14091 13 13 5
14092 13 12 6
14093 16 16 4
14094 22 21 7
14095 11 10 4
14096 12 11 5
14097 17 16 6
14098 20 20 6
14099 12 12 4
14100 18 17 5
14101 13 12 6
14102 24 23 5
14103 17 17 5
14104 11 10 4
14105 12 11 5
14106 11 10 6
14107 18 18 6
14108 16 16 4
14109 12 11 5
14110 15 14 6
14111 16 15 5
14112 13 12 4
14113 20 19 7
14114 19 18 4
14115 6 5 4
14116 14 13 5
14117 21 21 5
14118 15 15 5
14119 19 18 6
14120 14 14 4
14121 26 25 7
14122 9 8 4
14123 16 15 5
14124 17 16 6
14125 18 18 6
14126 20 20 4
14127 18 17 5
14128 15 14 4
14129 18 17 5
14130 21 21 7
14131 9 8 4
14132 12 11 5
14133 17 17 5
14134 27 26 6
14135 28 27 5
14136 21 20 6
14137 18 18 6
14138 18 18 4
14139 20 19 5
14140 15 14 6
14141 12 11 5
14142 21 20 6
14143 10 10 4
14144 14 13 5
14145 29 28 6
14146 18 18 6
14147 14 14 4
14148 24 23 5
14149 15 14 6
14150 12 12 6
14151 8 8 4
14152 10 9 5
14153 13 12 6
14154 14 13 5
14155 19 18 6
14156 10 10 4
14157 12 11 5
14158 19 18 4
14159 10 9 5
14160 15 15 5
14161 17 16 6
14162 20 20 6
14163 20 20 4
14164 14 13 5
14165 13 13 5
14166 11 10 6
14167 12 12 6
14168 14 14 4
14169 22 21 5
14170 9 8 4
14171 10 9 5
14172 25 25 5
14173 19 18 6
14174 22 22 6
14175 18 18 4
14176 10 9 5
14177 17 17 5
14178 7 6 5
14179 9 9 5
14180 11 11 5
14181 15 14 6
14182 10 10 4
14183 16 15 5
14184 23 23 5
14185 9 9 5
14186 13 12 4
14187 12 11 5
14188 9 9 5
14189 17 16 4
14190 22 21 7
14191 27 26 4
14192 22 21 5
14193 17 16 6
14194 12 12 4
14195 26 25 7
14196 15 14 4
14197 20 19 5
14198 15 15 5
14199 17 16 6
14200 22 22 6
14201 14 14 4
14202 12 11 5
14203 13 13 5
14204 13 13 5
14205 17 16 4
14206 18 17 5
14207 7 7 7
14208 18 18 4
14209 16 15 5
14210 21 21 5
14211 17 17 5
14212 13 12 6
14213 16 16 4
14214 10 9 5
14215 11 10 4
14216 16 15 7
14217 15 14 4
14218 20 19 5
14219 13 12 6
14220 14 13 5
14221 15 14 4
14222 16 15 5
14223 5 5 5
14224 20 19 5
14225 19 18 6
14226 24 23 5
14227 17 16 4
14228 18 17 5
14229 15 15 5
14230 19 19 5
14231 19 18 4
14232 28 27 5
14233 11 11 5
14234 15 15 5
14235 25 24 6
14236 20 20 6
14237 24 23 5
14238 25 24 6
14239 20 20 4
14240 12 11 5
14241 11 10 4
14242 10 9 5
14243 17 17 5
14244 31 31 5
14245 31 31 7
14246 17 16 4
14247 16 15 5
14248 9 9 5
14249 21 20 6
14250 12 12 4
14251 14 13 5
14252 29 29 5
14253 17 16 6
14254 24 24 6
14255 14 14 4
14256 12 11 5
14257 21 21 5
14258 15 14 6
14259 22 22 6
14260 24 23 5
14261 23 22 4
14262 30 29 5
14263 15 15 5
14264 9 9 5
14265 27 26 6
14266 12 12 4
14267 30 29 5
14268 11 11 5
14269 11 10 4
14270 24 23 5
14271 29 29 7
14272 29 28 4
14273 20 19 5
14274 27 26 4
14275 28 27 7
14276 17 17 5
14277 15 15 5
14278 29 28 10
14279 32 32 6
14280 28 27 7
14281 39 38 6
14282 26 25 5
14283 31 31 5
14284 25 25 7
14285 27 26 8
14286 24 24 6
14287 30 30 6
14288 28 28 4
14289 32 31 5
14290 31 30 6
14291 20 20 4
14292 28 27 5
14293 37 37 5
14294 31 31 5
14295 37 37 7
14296 29 28 6
14297 36 35 7
14298 27 27 5
14299 43 43 7
14300 33 33 7
14301 23 23 5
14302 29 29 9
14303 51 51 9
14304 23 23 5
14305 37 37 5
14306 29 29 7
14307 43 42 10
14308 32 31 5
14309 37 37 7
14310 33 32 6
14311 38 37 9
14312 43 42 6
14313 40 40 6
14314 14 14 4
14315 40 39 7
14316 57 57 11
14317 29 28 6
14318 48 47 9
14319 33 32 6
14320 32 32 8
14321 42 42 8
14322 32 31 7
14323 15 15 5
14324 41 41 9
14325 25 25 9
14326 29 28 6
14327 32 31 5
14328 41 40 8
14329 30 30 8
14330 20 20 6
14331 38 38 8
14332 44 43 11
14333 31 31 5
14334 45 44 8
14335 40 39 7
14336 41 41 9
14337 33 33 9
14338 21 20 6
14339 40 39 5
14340 29 29 5
14341 51 51 13
14342 17 17 5
14343 37 36 4
14344 36 35 5
14345 41 41 7
14346 43 43 9
14347 27 26 4
14348 36 35 5
14349 27 27 5
14350 27 26 6
14351 14 14 6
14352 28 28 6
14353 18 18 4
14354 24 23 7
14355 33 32 6
14356 32 31 7
14357 35 34 6
14358 24 24 8
14359 36 35 9
14360 23 23 5
14361 27 27 5
14362 25 25 5
14363 31 30 4
14364 20 19 5
14365 27 27 5
14366 21 21 5
14367 33 32 6
14368 16 16 4
14369 34 33 5
14370 33 33 7
14371 41 40 10
14372 22 22 6
14373 22 22 4
14374 24 23 5
14375 23 23 5
14376 31 30 6
14377 28 27 5
14378 31 30 6
14379 28 27 5
14380 23 22 6
14381 30 30 6
14382 18 18 4
14383 22 21 5
14384 27 27 7
14385 17 16 4
14386 24 23 5
14387 17 17 5
14388 39 38 6
14389 16 16 4
14390 22 21 5
14391 15 15 5
14392 17 16 6
14393 26 26 6
14394 24 24 6
14395 22 22 4
14396 16 15 5
14397 35 35 5
14398 39 39 5
14399 33 33 9
14400 19 18 4
14401 16 15 5
14402 31 30 4
14403 28 27 5
14404 37 37 5
14405 25 25 7
14406 29 28 6
14407 24 24 6
14408 22 22 4
14409 18 17 7
14410 19 18 4
14411 30 29 5
14412 25 25 5
14413 23 22 6
14414 18 17 5
14415 29 28 4
14416 20 19 5
14417 21 20 4
14418 28 27 5
14419 21 20 6
14420 16 16 4
14421 18 17 5
14422 15 14 4
14423 24 23 7
14424 29 28 4
14425 34 33 5
14426 19 18 6
14427 36 36 6
14428 18 17 5
14429 23 22 6
14430 26 26 4
14431 28 27 5
14432 21 21 5
14433 33 32 6
14434 26 26 6
14435 20 20 4
14436 18 17 5
14437 21 20 6
14438 16 16 4
14439 14 13 5
14440 25 25 5
14441 27 26 6
14442 14 14 4
14443 16 15 5
14444 11 11 5
14445 19 18 6
14446 14 14 4
14447 12 11 5
14448 15 14 4
14449 20 19 5
14450 21 20 4
14451 20 19 7
14452 13 12 4
14453 22 21 5
14454 11 10 4
14455 16 15 7
14456 21 20 4
14457 18 17 5
14458 15 14 6
14459 18 17 5
14460 7 6 5
14461 9 8 4
14462 20 19 5
14463 13 13 5
14464 15 14 4
14465 18 17 5
14466 13 12 4
14467 12 11 5
14468 11 10 4
14469 12 11 5
14470 17 16 6
14471 28 27 5
14472 17 16 6
14473 16 16 4
14474 10 9 5
14475 7 6 5
14476 17 16 6
14477 8 8 4
14478 18 17 5
14479 7 6 5
14480 13 13 5
14481 13 13 5
14482 13 12 4
14483 14 13 5
14484 9 9 5
14485 9 8 4
14486 12 11 7
14487 9 8 4
14488 28 27 5
14489 17 16 4
14490 14 13 5
14491 15 15 5
14492 17 17 5
14493 11 10 6
14494 12 12 4
14495 12 11 5
14496 19 18 6
14497 12 11 5
14498 13 12 4
14499 24 23 5
14500 21 20 6
14501 10 10 4
14502 6 5 4
14503 10 9 5
14504 11 11 5
14505 17 16 6
14506 12 11 5
14507 11 10 6
14508 12 12 4
14509 18 17 5
14510 17 17 5
14511 19 18 4
14512 10 9 5
14513 13 12 6
14514 24 24 6
14515 6 6 6
14516 9 8 4
14517 12 11 5
14518 15 14 6
14519 12 11 5
14520 9 8 4
14521 20 19 5
14522 13 13 5
14523 17 16 6
14524 10 10 4
14525 10 9 5
14526 19 19 5
14527 9 8 4
14528 14 13 5
14529 17 16 6
14530 14 13 5
14531 11 11 5
14532 15 14 6
14533 10 9 5
14534 15 14 4
14535 8 7 6
14536 16 16 6
14537 8 8 4
14538 16 15 5
14539 15 15 5
14540 13 12 6
14541 12 12 6
14542 8 8 4
14543 18 17 5
14544 15 14 6
14545 14 14 4
14546 28 27 5
14547 15 15 5
14548 13 12 4
14549 14 13 5
14550 9 8 4
14551 20 19 5
14552 17 16 6
14553 16 16 4
14554 20 19 5
14555 19 19 5
14556 15 15 5
14557 21 20 4
14558 12 11 5
14559 5 5 5
14560 10 9 5
14561 9 9 5
14562 15 14 4
14563 18 17 5
14564 15 15 5
14565 13 12 6
14566 12 11 5
14567 13 12 4
14568 12 11 5
14569 15 14 6
14570 10 10 6
14571 24 24 4
14572 14 13 5
14573 15 15 5
14574 13 12 6
14575 6 6 6
14576 13 13 5
14577 9 8 4
14578 6 5 4
14579 14 13 7
14580 9 8 4
14581 14 13 5
14582 17 16 6
14583 16 16 6
14584 14 14 4
14585 14 13 5
14586 13 12 4
14587 12 11 5
14588 13 13 5
14589 13 12 6
14590 14 14 6
14591 14 14 4
14592 16 15 5
14593 11 11 5
14594 15 14 4
14595 10 9 5
14596 5 5 5
14597 16 15 5
14598 13 12 6
14599 10 10 4
14600 10 9 5
14601 7 6 5
14602 13 13 5
14603 11 10 4
14604 18 17 5
14605 11 10 4
14606 12 11 5
14607 15 15 5
14608 11 10 4
14609 8 7 6
14610 8 8 4
14611 18 17 5
14612 15 14 6
14613 10 10 4
14614 12 11 5
14615 9 9 5
14616 11 11 5
14617 19 18 6
14618 14 14 4
14619 16 15 5
14620 15 15 5
14621 13 12 6
14622 14 14 6
14623 6 6 6
14624 19 18 6
14625 10 10 6
14626 16 16 6
14627 8 8 4
14628 12 11 5
14629 9 8 4
14630 14 13 5
14631 11 11 5
14632 11 11 5
14633 7 6 5
14634 13 13 5
14635 15 14 6
14636 10 10 6
14637 18 18 4
14638 14 13 5
14639 15 15 5
14640 25 25 7
14641 17 16 4
14642 24 23 5
14643 11 10 4
14644 14 13 5
14645 5 5 5
14646 14 13 5
14647 11 10 6
14648 8 8 4
14649 12 11 5
14650 15 14 4
14651 18 17 7
14652 13 12 4
14653 10 9 5
14654 17 16 4
14655 12 11 5
14656 15 14 6
14657 10 10 4
14658 12 11 5
14659 15 14 6
14660 12 12 6
14661 24 24 6
14662 6 6 6
14663 13 12 4
14664 14 13 5
14665 13 13 5
14666 17 17 5
14667 21 20 6
14668 14 14 4
14669 18 17 5
14670 21 21 5
14671 17 16 6
14672 16 16 4
14673 12 11 5
14674 9 9 5
14675 15 14 6
14676 20 20 6
14677 12 12 4
14678 18 17 5
14679 11 11 5
14680 13 12 4
14681 14 13 5
14682 15 14 6
14683 14 14 6
14684 12 12 4
14685 18 17 5
14686 11 11 5
14687 19 18 4
14688 14 13 5
14689 11 10 4
14690 14 13 5
14691 13 12 6
14692 6 6 6
14693 11 10 4
14694 16 15 7
14695 13 12 4
14696 18 17 7
14697 11 10 4
14698 10 9 5
14699 11 10 4
14700 14 13 5
14701 11 10 4
14702 12 11 5
14703 11 11 5
14704 9 9 5
14705 19 18 4
14706 8 7 6
14707 16 16 6
14708 16 16 4
14709 20 19 5
14710 25 24 6
14711 14 14 4
14712 12 11 5
14713 11 10 6
14714 12 12 4
14715 16 15 5
14716 17 16 6
14717 14 14 4
14718 12 11 5
14719 21 20 6
14720 12 12 4
14721 14 13 5
14722 11 10 6
14723 14 14 6
14724 14 14 4
14725 14 13 5
14726 9 9 5
14727 21 20 6
14728 18 18 6
14729 14 14 6
14730 18 18 4
14731 18 17 5
14732 27 27 5
14733 7 6 5
14734 9 9 5
14735 13 13 5
14736 13 12 4
14737 10 9 5
14738 17 16 6
14739 8 8 4
14740 12 11 5
14741 5 5 5
14742 14 13 5
14743 15 14 6
14744 24 24 6
14745 8 8 4
14746 18 17 5
14747 13 12 6
14748 10 10 6
14749 12 12 4
14750 14 13 5
14751 11 10 6
14752 18 18 6
14753 14 14 4
14754 14 13 5
14755 9 9 5
14756 21 21 5
14757 13 13 5
14758 19 18 6
14759 12 12 4
14760 16 15 5
14761 13 12 6
14762 12 11 5
14763 13 12 4
14764 18 17 7
14765 13 12 4
14766 14 13 5
14767 17 16 6
14768 12 12 4
14769 20 19 5
14770 17 16 4
14771 10 9 5
14772 13 12 6
14773 30 30 6
14774 14 14 4
14775 14 13 5
14776 19 19 5
14777 13 12 4
14778 14 13 5
14779 13 13 5
14780 13 12 4
14781 16 15 5
14782 11 11 5
14783 21 20 6
14784 14 14 4
14785 14 13 5
14786 13 13 5
14787 15 14 6
14788 14 14 6
14789 24 24 4
14790 18 17 5
14791 13 13 5
14792 15 14 4
14793 20 19 5
14794 15 14 4
14795 14 13 5
14796 17 16 6
14797 16 16 6
14798 18 18 6
14799 10 10 4
14800 12 11 5
14801 17 16 6
14802 14 14 4
14803 16 15 5
14804 11 11 5
14805 17 17 5
14806 5 5 5
14807 14 13 5
14808 17 16 6
14809 16 16 4
14810 16 15 5
14811 37 36 4
14812 22 21 5
14813 19 18 6
14814 24 24 6
14815 22 22 4
14816 32 31 7
14817 33 32 4
14818 32 31 5
14819 25 24 4
14820 34 33 5
14821 33 33 7
14822 35 34 6
14823 22 22 6
14824 24 24 4
14825 32 31 5
14826 23 22 6
14827 32 32 4
14828 38 37 5
14829 43 42 6
14830 26 25 5
14831 31 31 7
14832 19 19 5
14833 35 35 5
14834 35 35 7
14835 23 22 6
14836 34 34 6
14837 24 24 4
14838 24 23 5
14839 19 18 6
14840 18 18 4
14841 26 25 5
14842 25 25 5
14843 25 24 6
14844 16 15 5
14845 17 17 5
14846 25 24 6
14847 26 26 6
14848 34 34 6
14849 32 32 6
14850 16 16 4
14851 24 23 5
14852 29 29 5
14853 43 42 6
14854 22 22 6
14855 22 22 6
14856 22 22 6
14857 20 20 4
14858 20 19 5
14859 19 19 5
14860 19 19 5
14861 21 20 4
14862 30 29 5
14863 25 25 5
14864 31 30 6
14865 20 20 4
14866 28 27 5
14867 15 15 5
14868 19 18 6
14869 30 30 8
14870 12 12 4
14871 24 23 5
14872 23 23 5
14873 17 16 6
14874 18 18 4
14875 10 9 5
14876 19 19 5
14877 17 16 6
14878 16 16 4
14879 12 11 5
14880 25 25 5
14881 21 20 6
14882 14 14 4
14883 24 23 7
14884 13 12 4
14885 22 21 5
14886 23 22 6
14887 22 22 4
14888 36 35 7
14889 17 16 4
14890 24 23 5
14891 27 27 5
14892 17 17 5
14893 15 15 5
14894 31 30 6
14895 18 18 4
14896 24 23 5
14897 17 17 5
14898 17 17 5
14899 27 26 6
14900 26 26 6
14901 18 18 4
14902 18 17 5
14903 11 10 4
14904 16 15 5
14905 27 27 5
14906 25 25 5
14907 23 23 5
14908 13 12 4
14909 16 15 5
14910 33 33 7
14911 13 12 4
14912 18 17 7
14913 23 22 4
14914 18 17 5
14915 19 19 5
14916 13 13 5
14917 21 20 4
14918 22 21 5
14919 21 20 4
14920 26 25 5
14921 15 15 5
14922 33 32 4
14923 36 35 7
14924 13 12 4
14925 18 17 5
14926 19 19 5
14927 23 23 5
14928 27 26 6
14929 24 24 6
14930 22 22 4
14931 18 17 5
14932 23 22 6
14933 16 16 6
14934 28 27 5
14935 17 17 5
14936 23 23 5
14937 19 18 4
14938 32 31 7
14939 21 20 6
14940 20 20 4
14941 30 29 5
14942 15 15 5
14943 19 19 5
14944 15 14 4
14945 12 11 5
14946 21 21 5
14947 19 19 5
14948 23 22 6
14949 22 22 6
14950 8 8 4
14951 10 9 5
14952 15 15 5
14953 19 18 4
14954 10 9 5
14955 17 16 6
14956 16 16 6
14957 10 10 4
14958 14 13 5
14959 11 11 5
14960 17 16 4
14961 18 17 7
14962 19 18 4
14963 16 15 5
14964 13 13 5
14965 11 10 6
14966 20 20 4
14967 22 21 5
14968 21 21 5
14969 13 12 6
14970 14 14 4
14971 18 17 5
14972 13 13 5
14973 19 18 4
14974 14 13 5
14975 13 13 5
14976 11 10 4
14977 18 17 5
14978 13 13 5
14979 9 9 5
14980 17 16 6
14981 14 14 6
14982 12 12 4
14983 12 11 5
14984 13 12 6
14985 14 14 4
14986 12 11 7
14987 19 18 4
14988 10 9 5
14989 11 11 5
14990 15 15 5
14991 15 15 5
14992 15 15 5
14993 17 17 5
14994 15 14 6
14995 14 13 5
14996 19 18 6
14997 10 10 4
14998 14 13 5
14999 23 22 6
15000 12 12 6
15001 8 8 4
15002 16 15 5
15003 15 14 4
15004 10 9 5
15005 21 21 5
15006 19 18 6
15007 18 18 4
15008 14 13 5
15009 15 15 5
15010 15 15 5
15011 13 12 6
15012 16 16 4
15013 18 17 5
15014 11 10 4
15015 14 13 5
15016 17 17 5
15017 11 11 5
15018 9 8 4
15019 14 13 5
15020 15 14 6
15021 12 11 5
15022 15 14 4
15023 16 15 5
15024 15 14 6
15025 12 12 6
15026 12 12 4
15027 10 9 5
15028 15 15 5
15029 11 10 6
15030 16 16 6
15031 18 18 6
15032 14 14 4
15033 16 15 5
15034 9 8 4
15035 12 11 5
15036 15 14 6
15037 18 17 5
15038 13 12 4
15039 22 21 5
15040 15 15 5
15041 11 11 5
15042 15 14 6
15043 12 12 4
15044 10 9 5
15045 15 14 4
15046 14 13 5
15047 15 14 6
15048 22 22 4
15049 16 15 5
15050 17 16 6
15051 10 9 5
15052 9 8 4
15053 12 11 5
15054 11 11 5
15055 13 13 5
15056 13 13 5
15057 17 16 6
15058 18 18 6
15059 14 14 4
15060 18 17 7
15061 13 12 4
15062 10 9 5
15063 13 12 6
15064 12 11 5
15065 15 14 6
15066 22 22 6
15067 8 8 4
15068 18 17 5
15069 23 23 5
15070 15 15 5
15071 9 9 5
15072 17 16 6
15073 8 8 4
15074 16 15 5
15075 9 9 5
15076 21 20 6
15077 12 12 6
15078 16 16 4
15079 14 13 5
15080 9 9 5
15081 11 10 4
15082 12 11 7
15083 13 12 4
15084 16 15 5
15085 9 9 5
15086 9 8 4
15087 16 15 5
15088 15 15 5
15089 19 18 6
15090 12 12 4
15091 20 19 5
15092 15 15 5
15093 21 20 6
15094 16 16 6
15095 14 14 4
15096 20 19 5
15097 21 20 4
15098 14 13 5
15099 17 16 4
15100 10 9 5
15101 21 21 5
15102 19 18 6
15103 16 16 6
15104 18 18 4
15105 16 15 5
15106 25 24 4
15107 22 21 5
15108 23 22 6
15109 20 20 4
15110 22 21 5
15111 5 5 5
15112 14 13 5
15113 15 15 5
15114 27 26 4
15115 26 25 7
15116 17 16 4
15117 22 21 5
15118 9 8 4
15119 16 15 5
15120 17 16 6
15121 22 22 4
15122 16 15 5
15123 17 17 5
15124 17 16 6
15125 14 14 6
15126 18 18 4
15127 16 15 5
15128 19 18 6
15129 16 16 4
15130 22 21 5
15131 25 25 5
15132 17 17 5
15133 15 14 4
15134 18 17 5
15135 13 13 5
15136 23 23 5
15137 19 18 4
15138 12 11 5
15139 13 12 6
15140 22 22 6
15141 20 20 4
15142 12 11 5
15143 13 12 4
15144 14 13 5
15145 21 21 5
15146 19 18 6
15147 14 14 4
15148 20 19 5
15149 13 13 5
15150 19 18 4
15151 20 19 5
15152 15 15 5
15153 33 32 6
15154 28 27 5
15155 21 20 6
15156 14 14 4
15157 20 19 5
15158 19 18 4
15159 20 19 5
15160 39 38 6
15161 32 32 4
15162 30 29 5
15163 21 21 5
15164 25 24 6
15165 20 20 4
15166 36 35 5
15167 23 23 5
15168 25 24 6
15169 42 41 5
15170 31 31 5
15171 33 32 6
15172 28 27 5
15173 19 18 4
15174 38 37 7
15175 19 19 5
15176 39 38 6
15177 28 28 8
15178 28 28 6
15179 38 38 8
15180 34 34 8
15181 28 27 5
15182 29 28 8
15183 24 24 6
15184 26 26 4
15185 28 27 5
15186 19 19 7
15187 43 42 8
15188 40 40 6
15189 36 36 6
15190 26 26 6
15191 38 38 6
15192 30 30 6
15193 24 24 4
15194 34 33 5
15195 19 18 6
15196 28 28 6
15197 34 34 8
15198 28 27 5
15199 13 12 4
15200 30 29 5
15201 33 33 5
15202 29 29 5
15203 17 17 5
15204 17 16 6
15205 30 30 6
15206 22 22 4
15207 40 39 9
15208 17 16 4
15209 22 21 5
15210 31 31 5
15211 27 26 8
15212 24 24 8
15213 22 22 4
15214 22 21 5
15215 31 31 5
15216 17 17 5
15217 35 34 4
15218 30 29 5
15219 15 14 6
15220 24 24 8
15221 20 19 5
15222 25 25 5
15223 25 24 6
15224 26 26 6
15225 32 31 7
15226 27 26 6
15227 24 23 5
15228 19 18 6
15229 30 30 6
15230 20 19 5
15231 23 23 5
15232 21 21 5
15233 35 35 5
15234 17 17 5
15235 35 35 9
15236 23 22 8
15237 20 20 6
15238 22 22 6
15239 28 28 6
15240 32 31 5
15241 17 17 7
15242 23 22 6
15243 28 28 8
15244 26 25 5
15245 29 29 9
15246 31 31 7
15247 23 23 5
15248 27 26 6
15249 34 33 5
15250 17 17 5
15251 19 19 7
15252 17 16 4
15253 22 21 5
15254 23 22 6
15255 30 29 5
15256 19 18 4
15257 18 17 7
15258 25 24 6
15259 32 32 4
15260 22 21 7
15261 23 22 4
15262 24 23 5
15263 23 23 5
15264 17 16 4
15265 24 23 7
15266 37 36 6
15267 18 18 4
15268 24 23 5
15269 19 18 6
15270 16 15 5
15271 21 20 4
15272 16 15 7
15273 33 32 6
15274 36 35 5
15275 21 20 4
15276 20 19 7
15277 23 23 7
15278 31 30 8
15279 18 18 6
15280 24 24 6
15281 12 12 4
15282 24 23 5
15283 39 38 6
15284 18 18 4
15285 22 21 5
15286 13 12 4
15287 24 23 5
15288 25 24 6
15289 26 25 5
15290 21 20 6
15291 32 31 5
15292 27 27 5
15293 19 18 6
15294 30 30 4
15295 18 17 5
15296 13 13 5
15297 23 22 6
15298 32 31 5
15299 13 13 5
15300 25 24 4
15301 18 17 5
15302 15 14 6
15303 14 13 5
15304 19 18 6
15305 26 26 4
15306 26 25 5
15307 23 22 6
15308 28 28 4
15309 28 27 7
15310 33 32 8
15311 20 20 4
15312 18 17 5
15313 23 22 4
15314 40 39 5
15315 19 19 5
15316 29 28 4
15317 18 17 5
15318 21 20 4
15319 16 15 5
15320 15 14 6
15321 22 22 6
15322 16 16 6
15323 24 24 4
15324 26 25 5
15325 19 18 6
15326 16 16 4
15327 16 15 5
15328 13 13 5
15329 15 14 4
15330 22 21 5
15331 17 17 5
15332 19 18 4
15333 18 17 5
15334 19 19 5
15335 15 15 5
15336 13 13 5
15337 15 15 5
15338 21 20 6
15339 20 20 6
15340 10 10 4
15341 16 15 5
15342 13 13 5
15343 15 14 6
15344 20 20 4
15345 16 15 5
15346 15 14 4
15347 24 23 7
15348 21 20 4
15349 24 23 7
15350 15 14 4
15351 12 11 5
15352 21 20 4
15353 18 17 5
15354 21 20 6
15355 30 30 6
15356 14 14 4
15357 22 21 5
15358 17 17 5
15359 19 18 4
15360 22 21 5
15361 19 18 4
15362 16 15 5
15363 17 16 4
15364 16 15 5
15365 9 9 5
15366 17 16 6
15367 18 18 4
15368 18 17 5
15369 13 13 5
15370 21 20 4
15371 20 19 5
15372 21 21 5
15373 37 36 6
15374 20 19 5
15375 25 24 6
15376 18 17 5
15377 21 20 6
15378 20 20 6
15379 20 20 6
15380 32 32 8
15381 18 18 4
15382 22 21 5
15383 19 18 6
15384 22 22 4
15385 16 15 5
15386 29 28 6
15387 26 26 6
15388 22 22 6
15389 28 28 6
15390 22 22 6
15391 10 10 4
15392 20 19 5
15393 31 30 6
15394 26 26 4
15395 26 25 5
15396 27 26 6
15397 20 20 6
15398 24 24 6
15399 10 10 4
15400 36 35 7
15401 23 22 4
15402 14 13 5
15403 17 16 6
15404 12 12 4
15405 14 13 5
15406 13 13 5
15407 15 14 6
15408 18 18 6
15409 14 14 4
15410 30 29 5
15411 19 19 5
15412 27 27 5
15413 23 22 4
15414 26 25 5
15415 13 12 4
15416 16 15 5
15417 19 19 5
15418 17 17 5
15419 21 20 6
15420 22 22 6
15421 10 10 4
15422 26 25 7
15423 27 26 6
15424 14 14 6
15425 12 12 4
15426 32 31 7
15427 15 14 4
15428 16 15 5
15429 15 14 6
15430 20 19 5
15431 15 14 4
15432 12 11 5
15433 17 17 5
15434 15 15 5
15435 13 12 4
15436 12 11 5
15437 19 18 6
15438 22 21 5
15439 35 35 7
15440 13 12 4
15441 26 25 7
15442 19 18 6
15443 18 18 6
15444 28 28 6
15445 18 18 4
15446 28 27 7
15447 21 20 6
15448 20 20 4
15449 16 15 5
15450 21 20 6
15451 28 28 6
15452 18 18 4
15453 16 15 7
15454 11 10 4
15455 14 13 5
15456 11 10 4
15457 20 19 5
15458 15 15 5
15459 23 23 5
15460 13 13 5
15461 9 8 4
15462 20 19 5
15463 9 8 4
15464 18 17 5
15465 13 13 5
15466 23 22 6
15467 18 17 5
15468 19 18 4
15469 12 11 5
15470 17 16 6
15471 12 11 5
15472 15 14 4
15473 18 17 5
15474 11 11 5
15475 15 15 5
15476 9 8 4
15477 14 13 5
15478 15 14 6
15479 14 13 5
15480 13 12 6
15481 12 12 6
15482 6 6 6
15483 15 14 6
15484 20 20 6
15485 12 12 4
15486 20 19 7
15487 21 20 4
15488 18 17 5
15489 17 17 5
15490 11 10 4
15491 28 27 5
15492 17 17 5
15493 11 11 5
15494 19 18 6
15495 14 14 4
15496 16 15 5
15497 11 11 7
15498 17 16 4
15499 20 19 5
15500 21 20 6
15501 12 12 4
15502 10 9 5
15503 11 10 6
15504 20 20 6
15505 18 18 6
15506 12 12 4
15507 18 17 5
15508 21 20 6
15509 6 5 4
15510 12 11 5
15511 11 10 4
15512 16 15 5
15513 15 15 5
15514 19 19 5
15515 21 20 4
15516 18 17 5
15517 11 11 5
15518 9 9 5
15519 13 12 4
15520 28 27 5
15521 21 21 5
15522 13 12 6
15523 12 12 4
15524 16 15 5
15525 11 11 5
15526 19 19 5
15527 17 16 6
15528 10 10 4
15529 14 13 5
15530 21 20 6
15531 12 11 5
15532 17 16 4
15533 18 17 5
15534 13 12 6
15535 12 12 6
15536 10 10 4
15537 10 9 5
15538 15 14 4
15539 10 9 5
15540 13 13 5
15541 11 11 5
15542 11 10 4
15543 18 17 7
15544 7 6 5
15545 9 8 4
15546 14 13 5
15547 17 16 6
15548 16 16 4
15549 20 19 5
15550 17 17 5
15551 23 22 6
15552 18 18 6
15553 22 22 4
15554 36 35 5
15555 33 33 5
15556 31 31 5
15557 19 19 5
15558 23 22 6
15559 16 16 4
15560 16 15 5
15561 19 19 5
15562 17 17 5
15563 13 12 4
15564 24 23 5
15565 19 19 5
15566 25 25 5
15567 19 18 6
15568 14 14 4
15569 26 25 5
15570 37 36 6
15571 20 19 5
15572 23 22 4
15573 22 21 5
15574 17 17 5
15575 11 11 5
15576 15 15 5
15577 29 28 6
15578 20 20 4
15579 20 19 5
15580 17 17 5
15581 19 19 5
15582 23 22 6
15583 32 32 6
15584 12 12 4
15585 18 17 5
15586 33 32 4
15587 34 33 5
15588 31 30 6
15589 20 19 5
15590 25 24 4
15591 48 47 5
15592 21 20 6
15593 14 13 5
15594 15 15 5
15595 21 20 6
15596 32 32 4
15597 18 17 5
15598 25 24 6
15599 20 20 4
15600 38 37 9
15601 33 32 6
15602 46 45 7
15603 29 29 7
15604 39 38 6
15605 34 34 8
15606 30 30 4
15607 34 33 9
15608 21 20 4
15609 42 41 7
15610 13 13 5
15611 27 27 7
15612 33 33 7
15613 41 40 8
15614 20 19 5
15615 33 33 5
15616 39 38 6
15617 24 23 5
15618 37 37 5
15619 29 29 7
15620 27 26 6
15621 28 27 7
15622 35 34 8
15623 34 34 4
15624 26 25 7
15625 33 32 8
15626 36 36 8
15627 32 32 8
15628 44 44 10
15629 26 26 6
15630 28 28 6
15631 30 30 6
15632 34 34 8
15633 32 32 6
15634 36 36 8
15635 34 33 5
15636 39 39 7
15637 21 21 5
15638 27 27 5
15639 41 41 5
15640 23 23 9
15641 27 26 6
15642 24 23 5
15643 19 18 4
15644 28 27 5
15645 43 43 7
15646 35 34 6
15647 24 24 6
15648 40 40 6
15649 24 23 5
15650 25 25 7
15651 35 35 7
15652 29 29 5
15653 27 27 7
15654 37 37 5
15655 41 40 8
15656 24 23 5
15657 41 41 7
15658 45 44 8
15659 26 26 4
15660 36 35 5
15661 33 33 9
15662 27 26 6
15663 22 21 5
15664 33 32 6
15665 28 28 6
15666 26 25 5
15667 35 34 8
15668 32 32 10
15669 38 38 6
15670 38 38 8
15671 28 28 6
15672 36 35 7
15673 15 14 4
15674 38 37 5
15675 37 36 8
15676 22 22 6
15677 32 32 6
15678 30 29 5
15679 43 42 6
15680 36 35 9
15681 27 26 4
15682 24 23 5
15683 31 31 5
15684 23 23 7
15685 19 19 5
15686 33 32 6
15687 22 22 4
15688 24 23 5
15689 23 22 4
15690 28 27 7
15691 43 42 6
15692 24 23 5
15693 29 28 6
15694 18 18 4
15695 40 39 9
15696 29 28 6
15697 22 22 8
15698 18 18 6
15699 24 24 4
15700 24 23 5
15701 25 25 5
15702 27 26 6
15703 20 20 4
15704 26 25 5
15705 13 13 5
15706 31 30 6
15707 20 20 4
15708 26 25 5
15709 21 21 5
15710 15 14 6
15711 14 14 6
15712 14 14 4
15713 18 17 5
15714 23 23 5
15715 19 18 4
15716 10 9 5
15717 11 10 6
15718 16 16 4
15719 16 15 5
15720 15 14 6
15721 14 14 6
15722 8 8 4
15723 10 9 5
15724 19 18 6
15725 16 16 6
15726 14 14 4
15727 24 23 5
15728 13 13 5
15729 17 16 6
15730 10 10 6
15731 20 20 4
15732 14 13 5
15733 17 16 6
15734 16 16 6
15735 14 14 4
15736 14 13 5
15737 7 6 5
15738 9 8 4
15739 20 19 7
15740 15 14 4
15741 28 27 5
15742 25 25 7
15743 15 14 4
15744 6 5 4
15745 16 15 5
15746 15 14 4
15747 12 11 5
15748 11 10 4
15749 8 7 6
15750 16 15 5
15751 29 29 5
15752 11 10 4
15753 16 15 5
15754 17 16 4
15755 10 9 5
15756 11 10 4
15757 14 13 7
15758 23 22 6
15759 12 12 4
15760 16 15 5
15761 13 13 5
15762 19 19 5
15763 9 8 4
15764 10 9 5
15765 11 10 4
15766 12 11 7
15767 17 16 4
15768 10 9 5
15769 17 16 6
15770 18 18 6
15771 20 20 4
15772 20 19 5
15773 17 16 6
15774 18 17 5
15775 13 12 4
15776 18 17 5
15777 13 13 5
15778 13 12 4
15779 16 15 5
15780 15 14 6
15781 20 20 6
15782 18 17 5
15783 19 18 6
15784 26 26 6
15785 22 22 6
15786 18 18 6
15787 12 12 4
15788 18 17 5
15789 9 9 5
15790 21 21 5
15791 23 22 6
15792 16 15 5
15793 17 16 4
15794 20 19 5
15795 11 11 5
15796 9 9 5
15797 21 21 5
15798 9 9 5
15799 21 20 4
15800 18 17 5
15801 21 21 5
15802 21 20 4
15803 14 13 5
15804 13 13 5
15805 11 11 5
15806 15 14 6
15807 14 14 6
15808 12 12 4
15809 14 13 5
15810 13 13 5
15811 23 23 5
15812 17 16 6
15813 12 12 6
15814 12 12 4
15815 24 23 5
15816 17 16 4
15817 18 17 5
15818 13 13 5
15819 19 19 5
15820 15 14 4
15821 14 13 5
15822 13 13 5
15823 15 15 5
15824 21 20 6
15825 14 14 4
15826 20 19 5
15827 15 14 6
15828 18 18 6
15829 20 20 6
15830 18 18 4
15831 14 13 5
15832 9 9 5
15833 17 16 6
15834 22 22 4
15835 16 15 5
15836 11 11 5
15837 13 12 6
15838 22 22 6
15839 10 10 4
15840 10 9 5
15841 9 9 5
15842 7 6 5
15843 11 11 5
15844 17 17 5
15845 23 23 5
15846 9 9 5
15847 7 6 5
15848 15 14 6
15849 14 14 6
15850 12 12 4
15851 18 17 5
15852 17 16 4
15853 14 13 5
15854 29 29 5
15855 23 23 5
15856 21 20 4
15857 18 17 5
15858 17 17 5
15859 7 6 5
15860 17 16 6
15861 6 6 6
15862 9 8 4
15863 14 13 5
15864 13 12 6
15865 12 12 4
15866 12 11 5
15867 9 8 4
15868 10 9 5
15869 15 14 6
15870 8 8 4
15871 10 9 5
15872 13 13 5
15873 9 9 5
15874 13 12 4
15875 18 17 5
15876 11 10 6
15877 12 12 6
15878 16 16 6
15879 12 12 4
15880 18 17 5
15881 15 15 5
15882 13 12 4
15883 10 9 5
15884 13 12 6
15885 14 14 4
15886 12 11 7
15887 9 8 4
15888 10 9 5
15889 15 14 4
15890 12 11 5
15891 13 13 5
15892 11 10 6
15893 8 8 4
15894 14 13 5
15895 13 13 5
15896 13 13 5
15897 13 13 5
15898 17 16 6
15899 6 6 6
15900 15 14 6
15901 14 14 4
15902 12 11 5
15903 17 16 6
15904 10 9 5
15905 19 18 4
15906 16 15 5
15907 15 15 5
15908 13 13 5
15909 15 14 6
15910 8 8 4
15911 6 5 4
15912 20 19 5
15913 21 20 4
15914 18 17 5
15915 13 13 5
15916 15 15 5
15917 9 9 5
15918 11 10 4
15919 14 13 5
15920 17 17 5
15921 17 17 5
15922 19 18 6
15923 12 12 4
15924 16 15 5
15925 15 15 5
15926 21 20 4
15927 14 13 5
15928 13 13 5
15929 11 10 4
15930 14 13 5
15931 9 9 5
15932 19 18 4
15933 12 11 5
15934 13 12 6
15935 8 8 4
15936 10 9 5
15937 15 14 6
15938 14 14 4
15939 14 13 5
15940 9 9 5
15941 11 10 6
15942 16 16 4
15943 10 9 5
15944 15 14 4
15945 18 17 7
15946 11 10 4
15947 16 15 5
15948 13 13 5
15949 19 18 6
15950 20 19 5
15951 15 15 5
15952 11 11 5
15953 9 8 4
15954 20 19 7
15955 13 12 4
15956 10 9 5
15957 15 14 6
15958 6 6 6
15959 9 8 4
15960 18 17 5
15961 15 15 5
15962 13 12 6
15963 10 10 6
15964 18 18 6
15965 18 18 6
15966 10 10 4
15967 16 15 5
15968 15 15 5
15969 23 22 6
15970 10 9 5
15971 15 14 4
15972 14 13 5
15973 17 17 5
15974 29 28 6
15975 10 10 4
15976 14 13 5
15977 13 12 6
15978 14 14 6
15979 20 20 6
15980 14 14 4
15981 18 17 5
15982 27 27 5
15983 21 21 5
15984 23 22 4
15985 24 23 5
15986 27 26 4
15987 34 33 7
15988 35 34 4
15989 30 29 5
15990 23 22 4
15991 34 33 7
15992 27 26 4
15993 32 31 5
15994 43 42 6
15995 32 32 6
15996 42 42 6
15997 36 36 6
15998 24 24 6
15999 36 36 4
16000 32 31 5
16001 23 22 6
16002 26 26 6
16003 26 26 4
16004 36 35 5
16005 31 30 8
16006 32 32 4
16007 42 41 5
16008 17 17 5
16009 17 16 4
16010 44 43 9
16011 33 32 6
16012 26 26 4
16013 28 27 5
16014 25 24 6
16015 34 33 7
16016 37 36 8
16017 30 30 6
16018 22 21 7
16019 29 28 8
16020 24 23 5
16021 21 21 7
16022 33 33 9
16023 17 16 4
16024 32 31 7
16025 33 32 4
16026 16 15 5
16027 17 17 5
16028 45 45 5
16029 33 32 8
16030 30 29 5
16031 21 21 5
16032 31 31 5
16033 19 19 5
16034 41 41 7
16035 31 31 5
16036 19 19 5
16037 19 19 7
16038 23 22 6
16039 26 26 6
16040 18 17 5
16041 33 32 10
16042 20 20 4
16043 20 19 5
16044 21 21 5
16045 27 26 6
16046 30 30 4
16047 26 25 5
16048 19 19 5
16049 19 19 5
16050 17 16 6
16051 18 18 6
16052 24 24 4
16053 22 21 5
16054 21 20 6
16055 28 28 4
16056 18 17 5
16057 13 12 4
16058 18 17 5
16059 25 25 5
16060 19 18 4
16061 14 13 5
16062 15 14 4
16063 14 13 5
16064 17 16 4
16065 24 23 5
16066 15 15 5
16067 23 22 4
16068 18 17 5
16069 17 17 5
16070 25 24 6
16071 18 18 6
16072 32 32 6
16073 20 20 4
16074 24 23 5
16075 23 23 5
16076 15 14 6
16077 14 14 4
16078 14 13 5
16079 21 21 5
16080 19 18 6
16081 14 14 4
16082 16 15 5
16083 31 31 5
16084 13 12 6
16085 22 21 5
16086 25 25 5
16087 19 18 6
16088 16 16 4
16089 18 17 5
16090 19 19 5
16091 13 12 6
16092 18 18 4
16093 20 19 5
16094 35 35 5
16095 13 13 5
16096 13 12 4
16097 20 19 5
16098 19 19 5
16099 29 28 6
16100 10 10 4
16101 20 19 5
16102 15 14 4
16103 24 23 5
16104 15 14 4
16105 22 21 5
16106 21 20 8
16107 12 11 5
16108 19 18 6
16109 18 18 4
16110 14 13 5
16111 25 24 4
16112 10 9 5
16113 19 18 6
16114 24 24 6
16115 14 14 4
16116 12 11 5
16117 21 20 6
16118 16 16 4
16119 18 17 5
16120 17 16 6
16121 14 13 5
16122 15 15 5
16123 17 16 6
16124 16 16 6
16125 14 14 4
16126 12 11 5
16127 11 11 5
16128 15 15 5
16129 17 16 6
16130 12 12 4
16131 16 15 5
16132 15 15 5
16133 27 26 6
16134 20 20 4
16135 18 17 5
16136 13 12 4
16137 14 13 5
16138 17 17 5
16139 29 28 6
16140 14 14 6
16141 12 12 6
16142 20 20 6
16143 12 12 6
16144 12 12 4
16145 14 13 5
16146 11 10 4
16147 12 11 5
16148 13 13 5
16149 11 10 4
16150 16 15 5
16151 21 20 4
16152 8 7 6
16153 14 14 6
16154 14 14 4
16155 6 5 4
16156 8 7 6
16157 14 14 6
16158 16 16 4
16159 16 15 5
16160 7 6 5
16161 9 8 4
16162 14 13 5
16163 7 7 7
16164 10 10 4
16165 12 11 5
16166 13 12 6
16167 16 15 5
16168 7 6 5
16169 19 18 6
16170 18 17 5
16171 29 28 6
16172 10 10 4
16173 14 13 5
16174 11 10 4
16175 16 15 7
16176 9 8 4
16177 14 13 5
16178 13 12 4
16179 18 17 7
16180 7 6 5
16181 13 12 4
16182 16 15 5
16183 5 5 5
16184 10 9 5
16185 11 10 6
16186 10 10 4
16187 18 17 5
16188 9 9 5
16189 11 11 5
16190 15 14 6
16191 10 10 4
16192 10 9 5
16193 15 14 4
16194 12 11 5
16195 13 12 6
16196 12 12 6
16197 16 16 6
16198 6 6 6
16199 7 6 5
16200 17 16 6
16201 10 10 4
16202 6 5 4
16203 12 11 5
16204 5 5 5
16205 6 5 4
16206 18 17 5
16207 13 13 5
16208 7 6 5
16209 15 15 5
16210 7 6 5
16211 15 15 5
16212 11 10 6
16213 8 8 4
16214 14 13 5
16215 15 15 5
16216 13 12 4
16217 24 23 5
16218 15 15 5
16219 15 14 4
16220 6 5 4
16221 8 7 6
16222 10 10 4
16223 18 17 5
16224 17 16 4
16225 14 13 5
16226 15 15 5
16227 15 14 4
16228 14 13 5
16229 9 9 5
16230 13 12 4
16231 18 17 5
16232 13 12 4
16233 12 11 5
16234 13 12 6
16235 18 18 6
16236 10 10 4
16237 6 5 4
16238 10 9 5
16239 9 8 4
16240 12 11 5
16241 11 11 5
16242 15 15 5
16243 15 14 6
16244 12 12 6
16245 16 16 6
16246 8 8 4
16247 12 11 5
16248 17 16 6
16249 12 12 4
16250 12 11 5
16251 13 12 4
16252 10 9 5
16253 11 11 5
16254 11 11 5
16255 15 14 4
16256 10 9 5
16257 15 14 6
16258 20 20 6
16259 16 16 4
16260 14 13 5
16261 9 8 4
16262 10 9 5
16263 19 18 6
16264 14 14 6
16265 10 10 4
16266 12 11 5
16267 17 17 5
16268 15 14 6
16269 10 10 6
16270 8 8 4
16271 14 13 5
16272 11 10 6
16273 12 12 4
16274 16 15 7
16275 15 14 4
16276 10 9 5
16277 11 11 5
16278 9 8 4
16279 12 11 5
16280 19 19 5
16281 11 10 4
16282 22 21 5
16283 11 11 5
16284 19 19 5
16285 5 5 5
16286 14 13 5
16287 25 25 5
16288 11 11 7
16289 13 12 4
16290 10 9 5
16291 11 10 6
16292 10 10 4
16293 12 11 5
16294 15 14 6
16295 24 24 6
16296 14 14 4
16297 16 15 5
16298 13 13 5
16299 11 11 5
16300 11 10 4
16301 14 13 5
16302 15 15 5
16303 15 15 5
16304 21 21 5
16305 11 11 5
16306 11 11 5
16307 19 18 6
16308 20 20 4
16309 16 15 5
16310 9 8 4
16311 10 9 5
16312 13 13 5
16313 17 16 6
16314 16 15 5
16315 13 12 4
16316 10 9 5
16317 13 12 6
16318 12 11 5
16319 13 12 4
16320 20 19 5
16321 11 10 4
16322 14 13 5
16323 13 12 6
16324 8 8 4
16325 16 15 5
16326 15 15 5
16327 19 19 5
16328 13 12 6
16329 14 14 6
16330 6 6 6
16331 21 20 6
16332 12 12 4
16333 16 15 5
16334 9 9 5
16335 23 22 6
16336 10 10 6
16337 16 16 6
16338 10 10 4
16339 14 13 5
16340 23 23 5
16341 11 11 5
16342 17 16 6
16343 16 16 6
16344 26 26 4
16345 30 29 7
16346 19 19 5
16347 23 22 6
16348 12 12 4
16349 20 19 5
16350 13 12 6
16351 12 12 6
16352 24 24 4
16353 14 13 5
16354 31 30 6
16355 32 31 5
16356 35 34 6
16357 22 22 4
16358 30 29 5
16359 41 41 5
16360 23 23 5
16361 21 20 6
16362 38 38 8
16363 30 29 5
16364 41 41 5
16365 31 31 5
16366 21 20 6
16367 36 35 5
16368 37 37 7
16369 29 28 6
16370 20 20 4
16371 38 37 9
16372 29 29 5
16373 23 23 7
16374 33 33 5
16375 43 43 7
16376 23 23 5
16377 23 23 7
16378 43 42 8
16379 30 30 8
16380 22 22 6
16381 30 30 6
16382 28 28 6
16383 40 40 6
16384 32 31 5
16385 35 35 9
16386 25 25 5
16387 25 24 6
16388 26 25 7
16389 41 41 5
16390 27 27 5
16391 23 23 5
16392 27 27 5
16393 31 31 5
16394 31 31 5
16395 31 30 6
16396 36 36 6
16397 18 18 6
16398 30 29 5
16399 27 27 5
16400 19 18 4
16401 30 29 7
16402 27 26 4
16403 30 29 5
16404 31 31 5
16405 31 31 9
16406 19 18 4
16407 50 49 7
16408 25 25 5
16409 33 33 7
16410 49 48 4
16411 26 25 5
16412 35 35 7
16413 33 32 6
16414 46 45 5
16415 31 31 5
16416 23 23 5
16417 39 39 7
16418 33 32 6
16419 32 32 6
16420 46 45 5
16421 25 25 7
16422 29 28 4
16423 32 31 5
16424 29 29 5
16425 23 23 5
16426 39 38 6
16427 36 36 6
16428 40 39 9
16429 29 28 8
16430 30 30 8
16431 36 36 8
16432 28 27 5
16433 17 17 5
16434 23 23 5
16435 29 28 6
16436 28 28 6
16437 20 20 4
16438 28 27 5
16439 19 19 5
16440 25 25 5
16441 27 26 6
16442 24 23 5
16443 31 30 6
16444 30 29 5
16445 43 42 6
16446 20 19 5
16447 21 20 4
16448 20 19 5
16449 35 34 6
16450 16 15 5
16451 25 24 8
16452 22 22 6
16453 18 18 4
16454 24 23 5
16455 21 20 6
16456 20 20 6
16457 28 27 5
16458 23 22 6
16459 20 19 5
16460 19 18 4
16461 16 15 5
16462 17 16 4
16463 18 17 5
16464 19 19 5
16465 13 12 4
16466 16 15 5
16467 17 17 5
16468 11 10 4
16469 16 15 5
16470 15 15 5
16471 11 10 6
16472 14 14 6
16473 10 10 4
16474 14 13 5
16475 25 24 4
16476 16 15 7
16477 23 22 4
16478 10 9 5
16479 17 17 5
16480 15 15 5
16481 15 15 5
16482 21 20 4
16483 10 9 5
16484 19 18 4
16485 16 15 5
16486 17 16 6
16487 14 14 4
16488 12 11 5
16489 11 11 5
16490 11 11 5
16491 13 12 6
16492 12 12 4
16493 16 15 7
16494 11 10 4
16495 12 11 5
16496 13 13 5
16497 15 14 6
16498 6 6 6
16499 23 22 6
16500 18 18 4
16501 10 9 5
16502 13 13 5
16503 29 28 4
16504 22 21 7
16505 21 20 4
16506 6 5 4
16507 12 11 5
16508 9 8 4
16509 10 9 5
16510 9 8 4
16511 14 13 7
16512 17 16 4
16513 22 21 5
16514 17 16 6
16515 10 10 4
16516 12 11 5
16517 9 8 4
16518 14 13 5
16519 11 11 5
16520 11 11 5
16521 19 18 4
16522 10 9 5
16523 13 12 6
16524 14 14 4
16525 18 17 5
16526 13 13 5
16527 19 18 4
16528 10 9 5
16529 9 8 7
16530 13 12 4
16531 12 11 5
16532 7 6 5
16533 13 12 6
16534 12 12 4
16535 10 9 5
16536 11 10 6
16537 14 14 6
16538 14 14 4
16539 12 11 5
16540 13 12 6
16541 8 8 4
16542 16 15 5
16543 9 9 5
16544 9 8 4
16545 12 11 5
16546 13 12 6
16547 8 8 4
16548 14 13 5
16549 11 11 5
16550 19 19 5
16551 13 12 6
16552 16 16 6
16553 8 8 4
16554 10 9 5
16555 15 15 5
16556 13 12 6
16557 18 18 6
16558 14 14 4
16559 12 11 5
16560 11 10 4
16561 16 15 5
16562 15 15 5
16563 7 6 5
16564 13 12 4
16565 10 9 5
16566 11 11 5
16567 11 10 4
16568 30 29 7
16569 19 18 4
16570 16 15 5
16571 31 31 5
16572 21 21 5
16573 21 20 6
16574 8 8 4
16575 20 19 5
16576 11 10 4
16577 10 9 5
16578 11 10 6
16579 8 8 4
16580 8 7 6
16581 14 14 6
16582 12 12 4
16583 10 9 5
16584 11 10 6
16585 12 12 6
16586 10 10 4
16587 18 17 5
16588 9 9 5
16589 15 15 5
16590 19 18 6
16591 6 5 4
16592 14 13 5
16593 19 18 6
16594 18 18 6
16595 8 8 4
16596 20 19 5
16597 19 18 6
16598 10 10 6
16599 8 8 4
16600 10 9 5
16601 7 6 5
16602 7 6 5
16603 11 11 5
16604 15 14 6
16605 12 12 6
16606 8 8 4
16607 12 11 5
16608 5 5 5
16609 10 9 5
16610 13 12 4
16611 14 13 5
16612 11 10 6
16613 6 6 6
16614 11 11 5
16615 19 18 6
16616 12 12 4
16617 20 19 5
16618 17 17 5
16619 13 12 6
16620 16 15 5
16621 13 13 5
16622 11 10 4
16623 10 9 5
16624 7 6 5
16625 13 13 5
16626 11 10 6
16627 16 16 4
16628 14 13 7
16629 13 12 4
16630 12 11 5
16631 7 6 5
16632 5 5 5
16633 20 19 5
16634 21 21 5
16635 13 13 5
16636 17 16 6
16637 12 12 4
16638 14 13 5
16639 15 15 5
16640 11 11 5
16641 15 14 6
16642 10 10 4
16643 16 15 5
16644 17 16 4
16645 42 41 7
16646 27 26 4
16647 26 25 5
16648 17 16 6
16649 22 22 6
16650 14 13 5
16651 27 26 4
16652 20 19 5
16653 17 17 5
16654 23 22 6
16655 24 24 4
16656 12 11 5
16657 23 22 6
16658 18 18 6
16659 20 20 6
16660 18 18 4
16661 20 19 5
16662 27 26 6
16663 28 28 4
16664 22 21 5
16665 23 22 6
16666 28 28 6
16667 28 27 5
16668 35 34 4
16669 28 27 5
16670 35 34 6
16671 38 38 6
16672 32 32 6
16673 38 38 6
16674 28 28 4
16675 32 31 7
16676 31 30 6
16677 46 46 6
16678 28 27 7
16679 39 38 8
16680 40 39 5
16681 33 32 8
16682 26 26 6
16683 44 44 8
16684 22 22 6
16685 16 15 5
16686 27 26 6
16687 20 20 4
16688 14 13 5
16689 17 17 5
16690 25 24 4
16691 14 13 5
16692 13 13 5
16693 27 26 6
16694 36 36 6
16695 20 20 4
16696 20 19 5
16697 29 28 6
16698 24 23 7
16699 21 20 4
16700 26 25 5
16701 23 23 5
16702 21 20 6
16703 24 23 5
16704 11 10 6
16705 16 16 4
16706 16 15 5
16707 23 22 6
16708 16 16 4
16709 28 27 5
16710 25 24 4
16711 26 25 5
16712 17 17 5
16713 29 28 6
16714 26 26 6
16715 18 18 6
16716 44 44 8
16717 22 22 4
16718 28 27 5
16719 27 26 6
16720 24 24 6
16721 28 27 7
16722 25 25 5
16723 25 25 7
16724 29 28 6
16725 38 38 6
16726 24 24 6
16727 20 20 6
16728 18 18 6
16729 16 15 5
16730 31 30 4
16731 28 27 5
16732 21 20 4
16733 20 19 5
16734 23 23 5
16735 13 12 4
16736 22 21 7
16737 23 22 6
16738 18 17 5
16739 23 23 5
16740 17 17 5
16741 23 23 7
16742 19 19 5
16743 31 31 7
16744 41 40 6
16745 20 20 6
16746 30 29 9
16747 35 34 6
16748 24 24 6
16749 14 14 4
16750 22 21 7
16751 27 26 6
16752 22 22 6
16753 28 28 8
16754 12 12 4
16755 20 19 5
16756 25 24 8
16757 14 14 4
16758 36 35 7
16759 33 33 7
16760 19 18 8
16761 36 36 6
16762 22 21 5
16763 29 29 5
16764 29 28 6
16765 24 24 6
16766 20 19 5
16767 21 21 5
16768 25 25 5
16769 27 27 5
16770 29 29 7
16771 25 24 4
16772 30 29 9
16773 25 24 4
16774 34 33 7
16775 29 29 5
16776 29 29 5
16777 23 22 6
16778 48 47 5
16779 31 31 5
16780 49 48 6
16781 32 32 6
16782 32 32 4
16783 32 31 5
16784 37 36 6
16785 34 34 6
16786 40 39 5
16787 31 31 5
16788 21 21 5
16789 39 38 6
16790 38 38 6
16791 34 34 4
16792 30 29 5
16793 39 39 5
16794 29 29 5
16795 21 21 7
16796 23 22 4
16797 24 23 5
16798 39 39 5
16799 41 40 6
16800 26 25 5
16801 39 39 5
16802 29 28 6
16803 38 38 6
16804 52 52 6
16805 32 31 5
16806 35 34 4
16807 38 37 7
16808 29 28 6
16809 28 28 6
16810 28 28 6
16811 30 30 4
16812 32 31 5
16813 35 34 6
16814 28 27 5
16815 25 25 5
16816 33 32 6
16817 28 28 6
16818 22 22 4
16819 24 23 5
16820 25 24 4
16821 26 25 5
16822 21 20 6
16823 28 28 6
16824 14 14 4
16825 28 27 7
16826 15 14 4
16827 14 13 5
16828 25 24 6
16829 16 16 4
16830 24 23 5
16831 13 12 4
16832 18 17 5
16833 21 20 6
16834 16 16 4
16835 24 23 5
16836 25 24 6
16837 20 20 6
16838 14 14 4
16839 24 23 5
16840 21 20 4
16841 16 15 5
16842 11 11 5
16843 17 16 6
16844 12 11 5
16845 19 18 6
16846 22 21 5
16847 21 20 6
16848 12 11 5
16849 13 12 4
16850 14 13 5
16851 17 17 5
16852 15 14 4
16853 14 13 5
16854 17 16 6
16855 18 18 6
16856 8 8 4
16857 26 25 7
16858 11 10 4
16859 18 17 5
16860 37 36 6
16861 16 15 5
16862 13 12 4
16863 32 31 5
16864 23 22 6
16865 20 19 5
16866 23 22 6
16867 26 26 6
16868 22 22 4
16869 32 31 5
16870 27 27 5
16871 19 19 5
16872 15 14 6
16873 18 18 6
16874 24 24 4
16875 24 23 5
16876 17 17 5
16877 29 28 6
16878 26 25 5
16879 17 17 5
16880 9 8 4
16881 24 23 7
16882 21 20 4
16883 18 17 5
16884 23 23 5
16885 17 16 4
16886 24 23 5
16887 11 10 4
16888 12 11 5
16889 11 10 6
16890 16 16 4
16891 20 19 5
16892 21 20 6
16893 18 18 6
16894 16 16 6
16895 8 8 4
16896 16 15 5
16897 13 12 4
16898 10 9 5
16899 29 28 6
16900 12 12 4
16901 14 13 5
16902 11 11 5
16903 9 9 5
16904 11 10 4
16905 26 25 7
16906 19 18 4
16907 34 33 5
16908 29 29 5
16909 27 27 5
16910 25 24 6
16911 20 19 5
16912 11 11 5
16913 7 6 5
16914 15 15 5
16915 15 15 5
16916 23 22 4
16917 22 21 5
16918 17 17 5
16919 17 16 6
16920 32 31 5
16921 13 12 4
16922 14 13 5
16923 9 8 4
16924 14 13 5
16925 13 13 5
16926 15 14 6
16927 20 20 6
16928 26 26 4
16929 10 9 5
16930 11 10 6
16931 22 21 5
16932 25 24 6
16933 12 12 4
16934 32 31 7
16935 27 26 4
16936 22 21 5
16937 27 27 5
16938 21 21 5
16939 21 20 6
16940 36 36 8
16941 34 34 4
16942 14 13 5
16943 25 25 5
16944 27 26 4
16945 28 27 5
16946 27 26 4
16947 16 15 5
16948 17 16 6
16949 22 22 6
16950 36 36 6
16951 18 18 6
16952 26 26 6
16953 26 26 6
16954 28 28 4
16955 30 29 7
16956 25 24 4
16957 38 37 5
16958 27 27 5
16959 31 31 5
16960 27 26 6
16961 24 23 5
16962 25 24 6
16963 36 35 9
16964 27 26 6
16965 36 36 8
16966 22 21 7
16967 33 32 6
16968 20 20 4
16969 26 25 5
16970 23 23 5
16971 25 24 4
16972 36 35 5
16973 17 16 4
16974 42 41 7
16975 21 20 4
16976 26 25 5
16977 23 23 5
16978 13 13 5
16979 21 20 6
16980 16 16 4
16981 18 17 5
16982 21 20 6
16983 24 24 4
16984 18 17 5
16985 13 12 4
16986 20 19 5
16987 9 8 4
16988 18 17 5
16989 17 17 5
16990 17 17 5
16991 17 16 6
16992 18 18 4
16993 16 15 5
16994 23 23 5
16995 15 15 5
16996 11 10 4
16997 18 17 5
16998 15 15 5
16999 11 10 6
17000 26 26 6
17001 14 14 6
17002 8 8 4
17003 12 11 5
17004 13 12 6
17005 18 18 4
17006 20 19 5
17007 17 17 5
17008 11 10 4
17009 16 15 5
17010 13 12 6
17011 6 5 4
17012 24 23 5
17013 23 23 5
17014 29 28 6
17015 24 23 5
17016 19 18 6
17017 22 22 4
17018 16 15 5
17019 17 16 4
17020 22 21 7
17021 15 14 6
17022 14 14 4
17023 18 17 5
17024 19 18 6
17025 28 28 4
17026 16 15 5
17027 23 23 5
17028 17 17 5
17029 17 17 5
17030 29 29 7
17031 19 18 4
17032 20 19 5
17033 17 17 5
17034 23 22 4
17035 38 37 7
17036 25 24 6
17037 20 20 6
17038 20 20 4
17039 28 27 5
17040 21 21 5
17041 25 25 7
17042 21 20 4
17043 24 23 5
17044 27 27 5
17045 17 16 6
17046 32 32 6
17047 26 25 5
17048 29 28 6
17049 16 16 6
17050 10 10 4
17051 28 27 5
17052 15 15 5
17053 23 23 5
17054 17 17 5
17055 19 18 6
17056 24 23 7
17057 23 22 6
17058 18 18 4
17059 14 13 5
17060 15 14 6
17061 26 26 6
17062 20 20 4
17063 30 29 5
17064 19 19 5
17065 19 18 4
17066 22 21 5
17067 19 19 5
17068 21 20 6
17069 18 17 5
17070 13 12 4
17071 20 19 5
17072 17 17 5
17073 19 18 4
17074 18 17 5
17075 17 16 4
17076 26 25 5
17077 17 17 5
17078 23 22 4
17079 16 15 5
17080 11 10 4
17081 28 27 5
17082 17 17 5
17083 19 18 6
17084 22 22 4
17085 22 21 5
17086 17 17 5
17087 29 28 6
17088 16 15 5
17089 21 20 6
17090 20 20 4
17091 16 15 5
17092 29 28 6
17093 16 16 4
17094 16 15 5
17095 17 17 5
17096 11 11 5
17097 27 26 6
17098 18 18 6
17099 14 14 4
17100 24 23 5
17101 25 25 5
17102 19 18 6
17103 12 12 4
17104 26 25 7
17105 25 24 6
17106 20 19 5
17107 17 17 5
17108 25 24 4
17109 24 23 7
17110 15 14 4
17111 18 17 5
17112 13 12 4
17113 24 23 5
17114 27 27 7
17115 27 26 6
17116 26 25 7
17117 15 14 4
17118 16 15 5
17119 21 20 6
17120 22 22 6
17121 20 19 5
17122 15 14 4
17123 16 15 5
17124 21 21 5
17125 17 17 5
17126 15 14 4
17127 28 27 5
17128 9 9 5
17129 27 26 8
17130 18 18 4
17131 20 19 5
17132 9 9 5
17133 31 30 6
17134 24 23 7
17135 19 19 7
17136 9 8 4
17137 12 11 5
17138 15 14 6
17139 26 26 4
17140 22 21 7
17141 25 24 4
17142 10 9 5
17143 19 19 5
17144 19 18 6
17145 22 21 5
17146 21 20 4
17147 30 29 7
17148 17 16 4
17149 18 17 5
17150 31 30 8
17151 30 30 8
17152 18 18 4
17153 26 25 7
17154 15 15 5
17155 19 18 4
17156 26 25 7
17157 17 16 4
17158 16 15 5
17159 15 14 4
17160 20 19 5
17161 19 19 5
17162 27 26 6
17163 20 20 6
17164 22 22 4
17165 28 27 7
17166 19 18 4
17167 14 13 5
17168 23 23 5
17169 13 12 4
17170 18 17 5
17171 11 11 5
17172 11 10 4
17173 16 15 5
17174 19 19 5
17175 17 16 6
17176 10 10 4
17177 14 13 5
17178 17 17 5
17179 27 27 5
17180 17 17 5
17181 21 21 5
17182 19 18 6
17183 18 18 6
17184 14 14 6
17185 22 22 4
17186 20 19 5
17187 19 19 5
17188 17 16 6
17189 24 24 4
17190 20 19 7
17191 7 6 5
17192 17 16 4
17193 24 23 5
17194 19 19 5
17195 17 17 5
17196 17 17 5
17197 21 20 6
17198 10 9 5
17199 13 12 4
17200 14 13 5
17201 23 23 5
17202 13 13 5
17203 17 16 4
17204 12 11 5
17205 19 19 5
17206 19 18 4
17207 16 15 5
17208 13 12 6
17209 14 14 4
17210 18 17 5
17211 11 11 5
17212 13 12 4
17213 16 15 5
17214 7 7 7
17215 8 8 4
17216 12 11 5
17217 15 14 4
17218 12 11 5
17219 13 12 4
17220 12 11 5
17221 7 7 7
17222 6 6 6
17223 15 14 4
17224 12 11 5
17225 11 10 6
17226 6 5 4
17227 18 17 5
17228 9 8 4
17229 12 11 5
17230 17 17 5
17231 11 11 5
17232 17 16 6
17233 26 26 6
17234 14 14 4
17235 18 17 5
17236 7 7 7
17237 12 12 4
17238 6 5 4
17239 12 11 5
17240 21 21 5
17241 15 15 5
17242 13 12 4
17243 10 9 5
17244 19 19 5
17245 13 12 6
17246 6 6 6
17247 21 20 6
17248 10 10 4
17249 12 11 5
17250 13 13 5
17251 13 12 6
17252 18 18 4
17253 16 15 5
17254 13 13 5
17255 11 10 4
17256 12 11 5
17257 19 18 4
17258 10 9 5
17259 9 9 5
17260 15 15 5
17261 17 16 6
17262 16 16 6
17263 14 14 4
17264 12 11 5
17265 11 10 6
17266 12 12 4
17267 14 13 5
17268 19 19 5
17269 11 11 5
17270 11 10 6
17271 14 14 6
17272 20 20 4
17273 16 15 5
17274 17 16 6
17275 14 14 6
17276 12 12 4
17277 22 21 7
17278 17 16 4
17279 18 17 5
17280 11 10 4
17281 8 7 6
17282 12 12 6
17283 14 14 4
17284 12 11 5
17285 13 12 6
17286 22 22 4
17287 14 13 5
17288 9 9 5
17289 9 8 4
17290 12 11 5
17291 13 13 5
17292 13 12 4
17293 12 11 7
17294 7 6 5
17295 11 10 6
17296 18 18 4
17297 16 15 5
17298 15 14 6
17299 8 8 4
17300 10 9 5
17301 15 14 4
17302 16 15 5
17303 13 13 5
17304 17 16 4
17305 18 17 5
17306 11 11 5
17307 9 9 5
17308 9 8 4
17309 10 9 5
17310 7 6 5
17311 11 10 6
17312 14 13 5
17313 15 15 5
17314 17 16 6
17315 8 8 4
17316 16 15 5
17317 17 16 4
17318 14 13 5
17319 11 10 6
17320 12 12 4
17321 10 9 5
17322 9 8 4
17323 10 9 5
17324 17 16 6
17325 14 13 5
17326 17 16 6
17327 10 10 4
17328 10 9 5
17329 11 10 4
17330 12 11 5
17331 13 13 5
17332 7 6 5
17333 17 17 5
17334 19 18 6
17335 16 15 5
17336 11 10 4
17337 12 11 5
17338 17 16 6
17339 12 12 6
17340 8 8 4
17341 16 15 5
17342 11 11 5
17343 13 12 4
17344 10 9 5
17345 15 15 5
17346 19 18 6
17347 10 10 4
17348 12 11 5
17349 19 19 5
17350 17 16 6
17351 14 13 5
17352 11 10 4
17353 16 15 7
17354 21 20 4
17355 22 21 5
17356 11 10 6
17357 10 10 4
17358 18 17 5
17359 7 7 7
17360 18 18 4
17361 20 19 5
17362 13 13 5
17363 21 20 6
17364 24 24 6
17365 16 16 4
17366 16 15 5
17367 13 13 5
17368 13 12 4
17369 18 17 5
17370 19 19 5
17371 27 27 5
17372 21 20 4
17373 30 29 5
17374 21 21 5
17375 21 20 6
17376 22 22 6
17377 22 22 6
17378 24 24 4
17379 44 43 7
17380 21 20 6
17381 32 32 6
17382 26 25 5
17383 23 22 6
17384 22 22 8
17385 24 24 6
17386 30 30 6
17387 60 60 6
17388 30 29 5
17389 29 28 6
17390 38 38 4
17391 56 55 9
17392 33 32 6
17393 34 33 5
17394 27 27 7
17395 21 20 4
17396 30 29 5
17397 37 37 7
17398 37 37 7
17399 31 31 7
17400 43 42 8
17401 42 42 6
17402 46 45 7
17403 21 20 6
17404 36 35 7
17405 37 36 8
17406 36 36 8
17407 26 26 6
17408 28 28 8
17409 44 44 8
17410 22 21 5
17411 29 28 6
17412 18 18 6
17413 28 27 7
17414 31 30 6
17415 24 24 4
17416 28 27 5
17417 51 50 8
17418 22 22 4
17419 30 29 5
17420 23 23 5
17421 31 31 5
17422 23 23 5
17423 23 23 7
17424 27 26 6
17425 24 23 7
17426 23 22 4
17427 32 31 5
17428 25 25 5
17429 29 29 5
17430 23 22 4
17431 34 33 7
17432 23 22 6
17433 22 21 5
17434 25 24 6
17435 32 32 4
17436 22 21 5
17437 21 21 5
17438 19 19 5
17439 27 26 6
17440 22 21 7
17441 33 33 5
17442 19 19 5
17443 23 23 5
17444 29 28 4
17445 28 27 5
17446 27 27 5
17447 33 33 7
17448 17 17 5
17449 35 34 6
17450 30 30 6
17451 20 19 7
17452 27 26 6
17453 32 32 6
17454 28 27 5
17455 29 29 7
17456 31 30 4
17457 28 27 7
17458 19 19 5
17459 21 20 6
17460 22 22 6
17461 32 32 6
17462 44 44 10
17463 10 10 4
17464 34 33 7
17465 21 20 4
17466 40 39 7
17467 23 22 4
17468 36 35 7
17469 29 28 6
17470 16 16 6
17471 16 15 5
17472 25 24 4
17473 24 23 5
17474 29 29 7
17475 31 31 5
17476 31 30 6
17477 30 29 5
17478 37 36 4
17479 18 17 5
17480 27 27 5
17481 31 30 6
17482 34 34 6
17483 28 27 5
17484 27 26 6
17485 16 16 4
17486 18 17 5
17487 29 29 5
17488 17 16 4
17489 28 27 5
17490 29 28 6
17491 30 29 5
17492 31 30 6
17493 20 19 5
17494 31 31 5
17495 27 27 5
17496 21 21 7
17497 23 22 4
17498 22 21 7
17499 27 26 6
17500 22 22 4
17501 16 15 5
17502 17 16 6
17503 20 20 6
17504 22 22 8
17505 16 16 4
17506 30 29 5
17507 25 25 5
17508 21 20 6
17509 28 27 5
17510 17 17 5
17511 15 15 5
17512 19 18 6
17513 22 22 4
17514 14 13 5
17515 15 14 4
17516 22 21 5
17517 17 17 5
17518 29 28 4
17519 26 25 7
17520 19 18 6
17521 16 16 4
17522 10 9 5
17523 27 26 6
17524 28 28 4
17525 16 15 5
17526 23 23 5
17527 31 31 5
17528 41 40 6
17529 22 22 4
17530 14 13 5
17531 13 13 5
17532 27 26 6
17533 26 25 5
17534 19 18 6
17535 18 18 6
17536 26 26 4
17537 16 15 5
17538 35 34 6
17539 20 20 4
17540 22 21 5
17541 23 23 5
17542 25 24 4
17543 26 25 7
17544 15 14 4
17545 20 19 5
17546 23 22 6
17547 36 36 4
17548 20 19 5
17549 21 20 6
17550 26 25 5
17551 31 30 6
17552 18 18 6
17553 8 8 4
17554 26 25 5
17555 27 27 5
17556 25 24 6
17557 24 24 6
17558 22 22 6
17559 12 12 4
17560 26 25 7
17561 27 26 6
17562 28 27 5
17563 23 22 4
17564 22 21 5
17565 23 23 5
17566 19 19 5
17567 23 22 6
17568 20 19 5
17569 15 14 6
17570 24 24 6
17571 12 12 4
17572 32 31 5
17573 23 23 5
17574 19 18 4
17575 18 17 5
17576 29 28 6
17577 26 26 6
17578 32 32 4
17579 12 11 5
17580 19 19 5
17581 25 24 4
17582 24 23 7
17583 21 20 6
17584 28 28 6
17585 18 18 6
17586 12 12 4
17587 26 25 5
17588 11 10 6
17589 12 12 4
17590 22 21 5
17591 21 20 4
17592 24 23 5
17593 25 25 5
17594 13 13 5
17595 21 20 4
17596 12 11 5
17597 35 34 6
17598 24 23 5
17599 21 20 6
17600 20 20 6
17601 18 18 6
17602 10 10 6
17603 22 22 6
17604 22 22 6
17605 28 28 6
17606 14 14 4
17607 20 19 7
17608 19 18 4
17609 16 15 5
17610 21 20 6
17611 16 15 5
17612 13 12 4
17613 20 19 5
17614 19 19 5
17615 17 16 6
17616 14 14 4
17617 30 29 5
17618 11 11 5
17619 13 12 4
17620 16 15 5
17621 29 28 4
17622 24 23 7
17623 23 22 4
17624 26 25 5
17625 29 29 5
17626 21 20 6
17627 16 16 6
17628 28 28 6
17629 12 12 4
17630 18 17 5
17631 29 29 5
17632 23 23 5
17633 15 15 5
17634 25 24 6
17635 18 18 4
17636 32 31 5
17637 13 13 5
17638 17 16 6
17639 20 20 6
17640 20 19 5
17641 29 28 8
17642 40 40 6
17643 30 30 6
17644 28 28 4
17645 30 29 5
17646 19 19 7
17647 25 24 4
17648 30 29 7
17649 27 26 6
17650 26 26 8
17651 34 34 6
17652 16 15 5
17653 31 30 6
17654 18 18 6
17655 20 20 4
17656 24 23 5
17657 13 13 5
17658 19 19 5
17659 25 24 6
17660 20 19 5
17661 17 17 5
17662 23 22 4
17663 30 29 7
17664 33 32 6
17665 18 18 6
17666 12 11 5
17667 15 15 5
17668 25 24 6
17669 20 20 6
17670 12 12 4
17671 20 19 5
17672 21 21 5
17673 17 16 6
17674 12 12 4
17675 14 13 5
17676 19 18 6
17677 18 18 4
17678 14 13 5
17679 15 14 4
17680 18 17 7
17681 15 14 6
17682 14 14 4
17683 26 25 5
17684 11 10 6
17685 18 18 4
17686 18 17 7
17687 25 24 4
17688 18 17 5
17689 13 13 5
17690 15 15 5
17691 11 11 5
17692 21 20 4
17693 16 15 5
17694 15 15 5
17695 9 8 4
17696 20 19 5
17697 13 13 5
17698 11 11 5
17699 17 16 4
17700 18 17 5
17701 17 17 5
17702 21 21 5
17703 13 12 4
17704 14 13 5
17705 17 16 6
17706 16 16 4
17707 14 13 5
17708 9 9 5
17709 17 16 4
17710 18 17 7
17711 9 8 4
17712 12 11 5
17713 7 6 5
17714 11 10 4
17715 20 19 5
17716 15 15 5
17717 11 11 5
17718 13 12 4
17719 14 13 5
17720 19 18 4
17721 10 9 5
17722 19 19 5
17723 15 14 6
17724 16 16 4
17725 12 11 5
17726 9 9 5
17727 17 17 5
17728 11 10 4
17729 12 11 5
17730 15 14 4
17731 22 21 7
17732 25 24 4
17733 20 19 5
17734 35 35 5
17735 29 29 5
17736 29 29 5
17737 21 20 4
17738 22 21 5
17739 31 31 5
17740 21 21 5
17741 21 21 5
17742 15 15 5
17743 23 22 4
17744 22 21 7
17745 25 24 6
17746 18 18 4
17747 22 21 7
17748 31 31 5
17749 23 23 7
17750 27 26 6
17751 14 14 4
17752 20 19 5
17753 17 17 5
17754 19 18 6
17755 26 25 5
17756 29 29 5
17757 37 37 5
17758 11 11 5
17759 15 14 6
17760 18 18 4
17761 24 23 5
17762 33 33 7
17763 27 26 6
17764 34 33 7
17765 17 16 4
17766 34 33 5
17767 21 21 5
17768 21 20 6
17769 24 24 6
17770 12 12 4
17771 20 19 5
17772 21 21 5
17773 25 24 6
17774 24 24 4
17775 26 25 7
17776 33 32 6
17777 32 31 7
17778 41 40 8
17779 20 20 6
17780 20 20 6
17781 12 12 4
17782 28 27 5
17783 21 21 5
17784 25 24 6
17785 28 28 6
17786 20 19 5
17787 25 24 6
17788 16 16 4
17789 22 21 7
17790 25 24 6
17791 22 22 4
17792 16 15 5
17793 11 11 5
17794 21 20 6
17795 16 15 5
17796 17 17 5
17797 17 16 4
17798 14 13 5
17799 13 12 6
17800 16 16 6
17801 12 11 5
17802 17 16 4
17803 14 13 5
17804 19 18 4
17805 12 11 5
17806 15 14 6
17807 18 17 5
17808 9 8 4
17809 16 15 5
17810 17 17 5
17811 13 12 4
17812 16 15 7
17813 9 8 4
17814 14 13 5
17815 9 8 4
17816 16 15 7
17817 15 14 4
17818 16 15 5
17819 11 10 6
17820 6 6 6
17821 9 9 5
17822 7 6 5
17823 9 8 4
17824 12 11 5
17825 13 12 6
17826 14 14 6
17827 12 12 4
17828 16 15 5
17829 21 20 6
17830 14 14 6
17831 24 24 6
17832 8 8 4
17833 14 13 5
17834 15 14 6
17835 6 6 6
17836 9 9 5
17837 13 12 4
17838 8 7 6
17839 18 18 6
17840 10 10 4
17841 14 13 5
17842 23 23 5
17843 13 13 5
17844 13 12 6
17845 16 16 4
17846 12 11 5
17847 11 11 5
17848 15 15 5
17849 21 20 6
17850 16 16 6
17851 18 18 4
17852 10 9 5
17853 19 18 6
17854 12 12 4
17855 12 11 5
17856 11 11 5
17857 9 8 4
17858 10 9 5
17859 13 13 5
17860 7 6 5
17861 11 10 6
17862 30 30 6
17863 30 30 6
17864 16 16 6
17865 10 10 4
17866 16 15 5
17867 15 14 6
17868 12 11 5
17869 9 8 4
17870 12 11 5
17871 11 11 5
17872 21 20 4
17873 20 19 5
17874 19 19 5
17875 13 12 4
17876 14 13 5
17877 7 6 5
17878 19 18 6
17879 16 16 6
17880 8 8 4
17881 24 23 5
17882 13 13 5
17883 31 30 6
17884 14 14 4
17885 16 15 5
17886 5 5 5
17887 14 13 5
17888 13 13 5
17889 13 12 4
17890 14 13 5
17891 11 11 5
17892 7 6 5
17893 15 15 5
17894 11 10 4
17895 18 17 5
17896 13 13 5
17897 17 17 5
17898 13 12 6
17899 10 10 4
17900 18 17 5
17901 15 15 5
17902 9 9 5
17903 11 10 6
17904 6 6 6
17905 11 10 6
17906 10 10 4
17907 12 11 5
17908 5 5 5
17909 14 13 5
17910 11 11 5
17911 11 10 4
17912 6 5 4
17913 14 13 5
17914 17 17 5
17915 13 12 4
17916 24 23 5
17917 9 8 4
17918 16 15 5
17919 17 17 5
17920 7 6 5
17921 13 13 5
17922 13 12 6
17923 14 14 4
17924 8 7 6
17925 10 10 4
17926 14 13 5
17927 11 10 6
17928 12 12 6
17929 6 6 6
17930 13 12 4
17931 16 15 5
17932 9 9 5
17933 11 11 5
17934 13 13 5
17935 13 12 6
17936 14 14 4
17937 18 17 5
17938 17 17 5
17939 15 15 5
17940 9 8 4
17941 10 9 5
17942 5 5 5
17943 12 11 5
17944 15 15 5
17945 9 9 5
17946 7 6 5
17947 11 10 6
17948 10 10 4
17949 18 17 5
17950 9 8 4
17951 14 13 5
17952 9 9 5
17953 13 13 5
17954 7 6 5
17955 13 12 4
17956 12 11 5
17957 11 11 5
17958 9 9 5
17959 9 8 4
17960 12 11 5
17961 15 14 6
17962 12 12 4
17963 16 15 5
17964 9 9 5
17965 15 14 6
17966 8 8 4
17967 16 15 5
17968 17 17 5
17969 15 14 6
17970 12 12 4
17971 8 7 6
17972 8 8 4
17973 14 13 5
17974 5 5 5
17975 6 5 4
17976 16 15 5
17977 15 15 5
17978 5 5 5
17979 12 11 5
17980 9 8 4
17981 12 11 5
17982 9 9 5
17983 9 9 5
17984 9 8 4
17985 12 11 7
17986 13 12 4
17987 10 9 5
17988 15 14 6
17989 14 14 4
17990 18 17 5
17991 21 21 5
17992 15 15 5
17993 17 16 6
17994 12 12 4
17995 12 11 5
17996 23 22 6
17997 20 20 4
17998 24 23 5
17999 23 23 5
18000 25 25 5
18001 19 19 5
18002 9 8 4
18003 22 21 7
18004 23 22 4
18005 20 19 5
18006 25 24 6
18007 20 19 5
18008 23 23 5
18009 33 32 6
18010 18 18 4
18011 26 25 5
18012 29 29 5
18013 27 27 5
18014 37 37 5
18015 41 40 6
18016 24 23 5
18017 21 21 5
18018 39 38 8
18019 36 36 6
18020 40 40 6
18021 26 25 5
18022 35 35 5
18023 41 40 6
18024 42 41 5
18025 23 22 6
18026 34 34 4
18027 40 39 9
18028 37 36 6
18029 34 34 6
18030 30 30 6
18031 44 44 8
18032 20 19 5
18033 41 40 4
18034 30 29 5
18035 51 51 11
18036 45 44 8
18037 34 34 6
18038 40 39 9
18039 21 21 5
18040 57 56 12
18041 28 27 5
18042 31 30 4
18043 36 35 7
18044 19 19 5
18045 27 26 6
18046 28 28 4
18047 26 25 5
18048 25 24 6
18049 32 31 7
18050 25 24 6
18051 24 24 4
18052 44 43 7
18053 25 24 6
18054 12 12 4
18055 34 33 5
18056 23 22 4
18057 28 27 7
18058 23 22 4
18059 20 19 5
18060 25 25 5
18061 21 20 4
18062 22 21 5
18063 19 19 5
18064 27 26 6
18065 26 25 5
18066 21 20 4
18067 24 23 7
18068 15 14 4
18069 30 29 5
18070 19 18 4
18071 30 29 7
18072 23 22 6
18073 26 26 6
18074 10 10 4
18075 30 29 5
18076 19 19 5
18077 13 13 5
18078 13 13 5
18079 11 11 5
18080 19 18 6
18081 22 22 6
18082 18 18 6
18083 26 26 6
18084 10 10 6
18085 20 20 6
18086 12 12 4
18087 22 21 5
18088 13 13 5
18089 15 15 5
18090 15 14 6
18091 14 14 4
18092 14 13 5
18093 13 13 5
18094 13 12 4
18095 22 21 5
18096 13 13 5
18097 21 20 6
18098 16 16 4
18099 12 11 5
18100 13 12 6
18101 22 22 6
18102 12 12 4
18103 14 13 5
18104 17 17 5
18105 11 11 5
18106 19 18 6
18107 10 9 5
18108 17 16 4
18109 24 23 5
18110 21 21 5
18111 27 27 5
18112 13 13 5
18113 17 16 4
18114 20 19 5
18115 19 19 5
18116 15 14 4
18117 14 13 5
18118 25 24 4
18119 12 11 5
18120 15 15 5
18121 23 23 5
18122 25 25 5
18123 15 14 4
18124 26 25 5
18125 13 13 5
18126 21 20 6
18127 12 12 4
18128 14 13 5
18129 23 22 6
18130 10 9 5
18131 21 20 6
18132 10 10 4
18133 26 25 5
18134 13 13 5
18135 19 19 5
18136 11 11 5
18137 7 6 5
18138 13 12 6
18139 22 22 6
18140 14 14 4
18141 14 13 5
18142 13 12 4
18143 12 11 5
18144 15 15 5
18145 11 10 4
18146 18 17 5
18147 13 13 5
18148 13 13 5
18149 11 10 6
18150 14 14 6
18151 10 10 4
18152 12 11 5
18153 17 16 4
18154 18 17 5
18155 11 10 6
18156 10 10 6
18157 8 8 4
18158 20 19 5
18159 17 17 5
18160 11 11 5
18161 11 11 5
18162 15 14 6
18163 18 18 6
18164 8 8 4
18165 12 11 5
18166 15 14 4
18167 12 11 5
18168 9 8 4
18169 10 9 5
18170 9 9 5
18171 11 10 4
18172 14 13 5
18173 15 14 6
18174 10 10 4
18175 12 11 5
18176 17 16 6
18177 32 32 4
18178 16 15 5
18179 15 14 6
18180 10 10 4
18181 12 11 5
18182 17 16 6
18183 16 16 4
18184 6 5 4
18185 12 11 5
18186 23 23 5
18187 19 19 5
18188 15 14 4
18189 16 15 5
18190 11 11 5
18191 17 17 5
18192 13 12 6
18193 16 16 6
18194 14 14 6
18195 18 18 4
18196 16 15 5
18197 11 11 5
18198 15 14 6
18199 8 8 4
18200 10 9 5
18201 13 12 4
18202 22 21 7
18203 11 10 4
18204 14 13 5
18205 21 20 6
18206 22 21 5
18207 15 14 6
18208 6 6 6
18209 13 12 6
18210 22 21 5
18211 21 20 6
18212 12 12 6
18213 8 8 4
18214 12 11 5
18215 17 16 4
18216 32 31 7
18217 33 32 4
18218 16 15 5
18219 21 20 6
18220 26 26 4
18221 18 17 5
18222 23 22 6
18223 20 19 5
18224 21 20 4
18225 18 17 5
18226 13 13 5
18227 23 23 5
18228 7 6 5
18229 19 18 6
18230 16 15 5
18231 15 14 4
18232 10 9 5
18233 19 18 4
18234 12 11 5
18235 13 13 5
18236 13 13 5
18237 13 12 6
18238 14 14 4
18239 14 13 5
18240 17 17 5
18241 5 5 5
18242 16 15 5
18243 15 14 4
18244 8 7 6
18245 14 14 6
18246 20 20 4
18247 12 11 5
18248 11 11 5
18249 25 24 6
18250 14 14 4
18251 28 27 5
18252 7 6 5
18253 9 9 5
18254 7 6 5
18255 15 15 5
18256 13 13 5
18257 13 12 4
18258 20 19 7
18259 13 12 4
18260 18 17 5
18261 37 36 6
18262 16 15 5
18263 31 30 6
18264 24 24 6
18265 30 30 4
18266 18 17 5
18267 19 18 6
18268 14 14 6
18269 16 16 4
18270 22 21 5
18271 19 19 5
18272 25 25 5
18273 21 20 4
18274 16 15 5
18275 13 13 5
18276 13 12 4
18277 16 15 5
18278 11 11 5
18279 13 12 6
18280 14 14 4
18281 12 11 5
18282 11 10 6
18283 14 14 6
18284 8 8 4
18285 16 15 5
18286 11 11 5
18287 11 10 4
18288 12 11 5
18289 15 14 6
18290 12 12 6
18291 8 8 4
18292 10 9 5
18293 17 16 6
18294 12 11 5
18295 7 6 5
18296 11 10 4
18297 14 13 5
18298 13 12 6
18299 14 13 5
18300 19 18 6
18301 10 10 4
18302 14 13 5
18303 13 13 5
18304 15 15 5
18305 9 8 4
18306 6 5 4
18307 6 5 4
18308 12 11 7
18309 13 12 6
18310 14 14 4
18311 18 17 5
18312 15 14 4
18313 12 11 5
18314 5 5 5
18315 18 17 5
18316 19 19 5
18317 17 16 6
18318 14 13 5
18319 13 12 6
18320 10 10 4
18321 10 9 5
18322 11 11 5
18323 15 15 5
18324 9 8 4
18325 16 15 5
18326 9 9 5
18327 7 6 5
18328 7 6 5
18329 9 9 5
18330 11 10 4
18331 6 5 4
18332 18 17 7
18333 7 6 5
18334 11 10 4
18335 18 17 5
18336 17 16 6
18337 12 12 4
18338 20 19 5
18339 19 19 5
18340 11 11 5
18341 25 24 4
18342 16 15 7
18343 25 24 4
18344 18 17 5
18345 29 28 6
18346 16 16 4
18347 18 17 5
18348 11 11 5
18349 15 14 4
18350 16 15 5
18351 11 11 5
18352 13 12 4
18353 24 23 7
18354 23 22 4
18355 12 11 5
18356 15 15 5
18357 19 18 6
18358 16 16 4
18359 16 15 5
18360 17 16 6
18361 12 12 4
18362 26 25 5
18363 23 22 6
18364 12 12 4
18365 18 17 5
18366 11 11 5
18367 27 26 6
18368 28 28 6
18369 22 22 4
18370 28 27 7
18371 19 18 4
18372 22 21 5
18373 11 10 4
18374 16 15 5
18375 13 12 4
18376 24 23 7
18377 15 14 4
18378 16 15 5
18379 21 20 6
18380 10 10 4
18381 14 13 5
18382 17 16 6
18383 22 22 6
18384 24 24 6
18385 34 34 4
18386 20 19 5
18387 21 20 6
18388 18 18 4
18389 18 17 5
18390 21 20 4
18391 14 13 5
18392 19 18 4
18393 16 15 5
18394 25 24 4
18395 20 19 5
18396 21 20 6
18397 14 14 4
18398 22 21 5
18399 21 21 5
18400 27 27 5
18401 17 17 5
18402 17 17 5
18403 23 23 5
18404 11 11 5
18405 25 25 5
18406 47 46 6
18407 28 27 5
18408 17 17 5
18409 33 32 6
18410 34 33 7
18411 23 22 6
18412 24 24 6
18413 28 28 4
18414 40 39 5
18415 29 28 8
18416 38 38 8
18417 16 16 6
18418 28 28 4
18419 26 25 5
18420 25 25 5
18421 21 20 6
18422 22 22 6
18423 30 30 6
18424 18 18 6
18425 16 16 4
18426 28 27 5
18427 25 24 6
18428 24 24 6
18429 18 18 6
18430 24 24 4
18431 14 13 5
18432 15 14 4
18433 26 25 5
18434 25 25 5
18435 19 18 4
18436 22 21 7
18437 19 18 6
18438 20 20 4
18439 14 13 5
18440 15 14 4
18441 16 15 7
18442 11 10 4
18443 16 15 5
18444 21 20 6
18445 10 10 4
18446 12 11 5
18447 17 16 6
18448 14 13 5
18449 15 15 5
18450 9 8 4
18451 16 15 5
18452 17 17 5
18453 15 14 4
18454 16 15 5
18455 11 10 4
18456 26 25 7
18457 19 18 4
18458 14 13 5
18459 23 23 5
18460 11 10 4
18461 12 11 5
18462 21 20 6
18463 12 11 5
18464 13 12 4
18465 8 7 6
18466 14 14 6
18467 8 8 4
18468 16 15 5
18469 13 12 6
18470 18 18 6
18471 8 8 4
18472 14 13 5
18473 15 15 5
18474 15 14 6
18475 8 8 4
18476 10 9 5
18477 13 13 5
18478 9 9 5
18479 9 8 4
18480 22 21 5
18481 15 15 5
18482 17 16 4
18483 24 23 7
18484 13 12 4
18485 14 13 5
18486 7 6 5
18487 15 14 6
18488 10 10 4
18489 14 13 5
18490 13 13 5
18491 15 14 6
18492 18 18 6
18493 8 8 4
18494 14 13 5
18495 15 14 6
18496 12 11 5
18497 11 10 4
18498 14 13 5
18499 15 14 6
18500 14 13 5
18501 11 10 4
18502 14 13 5
18503 9 8 4
18504 18 17 5
18505 15 14 6
18506 14 13 5
18507 11 10 4
18508 16 15 7
18509 11 10 4
18510 14 13 5
18511 17 16 6
18512 10 10 4
18513 6 5 4
18514 14 13 5
18515 21 21 5
18516 13 12 4
18517 12 11 5
18518 13 12 6
18519 10 9 5
18520 13 12 4
18521 22 21 5
18522 17 17 7
18523 7 6 5
18524 11 10 4
18525 14 13 5
18526 15 14 4
18527 12 11 5
18528 9 9 5
18529 21 20 6
18530 16 16 4
18531 12 11 5
18532 17 17 5
18533 15 15 5
18534 15 15 5
18535 13 12 4
18536 10 9 5
18537 19 18 6
18538 24 23 5
18539 21 20 6
18540 18 18 4
18541 22 21 5
18542 17 17 5
18543 13 12 4
18544 14 13 7
18545 15 14 4
18546 14 13 5
18547 21 21 5
18548 13 13 5
18549 21 20 6
18550 26 26 6
18551 14 13 5
18552 19 18 6
18553 10 10 4
18554 22 21 5
18555 23 23 5
18556 15 15 5
18557 15 14 6
18558 20 20 6
18559 8 8 4
18560 12 11 5
18561 21 21 5
18562 15 14 6
18563 10 10 4
18564 10 9 5
18565 17 17 5
18566 13 12 4
18567 20 19 5
18568 17 16 6
18569 24 24 6
18570 12 12 4
18571 14 13 5
18572 11 10 4
18573 10 9 5
18574 9 9 5
18575 13 12 6
18576 10 10 4
18577 16 15 5
18578 23 23 5
18579 11 11 5
18580 11 11 5
18581 11 10 4
18582 12 11 5
18583 17 17 5
18584 9 8 4
18585 12 11 5
18586 11 10 4
18587 16 15 5
18588 9 9 5
18589 15 15 5
18590 15 14 4
18591 14 13 5
18592 23 22 6
18593 12 12 4
18594 10 9 5
18595 13 13 5
18596 9 8 4
18597 10 9 5
18598 9 9 5
18599 15 14 6
18600 12 12 4
18601 12 11 5
18602 11 10 4
18603 16 15 5
18604 17 17 5
18605 17 16 6
18606 6 5 4
18607 10 9 5
18608 19 18 6
18609 14 14 6
18610 12 12 4
18611 14 13 5
18612 17 16 6
18613 10 10 4
18614 12 11 5
18615 13 12 4
18616 10 9 5
18617 19 18 6
18618 18 18 4
18619 20 19 5
18620 21 21 7
18621 19 18 6
18622 20 20 6
18623 14 13 5
18624 19 19 5
18625 17 17 5
18626 19 18 6
18627 12 11 5
18628 9 8 4
18629 14 13 5
18630 13 13 5
18631 11 10 6
18632 14 14 6
18633 10 10 4
18634 12 11 5
18635 13 13 5
18636 9 8 4
18637 16 15 5
18638 19 19 5
18639 13 13 5
18640 17 17 5
18641 13 12 4
18642 10 9 5
18643 7 7 7
18644 10 10 4
18645 14 13 5
18646 13 13 5
18647 19 19 5
18648 9 8 4
18649 12 11 5
18650 9 8 4
18651 6 5 4
18652 18 17 5
18653 11 11 5
18654 9 9 5
18655 13 12 4
18656 10 9 5
18657 11 11 5
18658 9 9 5
18659 11 10 4
18660 12 11 5
18661 7 6 5
18662 17 17 5
18663 13 13 5
18664 5 5 5
18665 6 5 4
18666 18 17 5
18667 15 15 5
18668 13 12 4
18669 14 13 5
18670 19 19 5
18671 17 17 5
18672 19 18 6
18673 20 20 4
18674 20 19 5
18675 15 14 6
18676 22 21 5
18677 19 18 4
18678 16 15 5
18679 13 12 4
18680 28 27 5
18681 13 12 4
18682 16 15 5
18683 13 12 6
18684 14 14 4
18685 12 11 5
18686 11 10 6
18687 34 34 4
18688 12 11 5
18689 29 28 6
18690 28 28 6
18691 34 34 6
18692 32 32 6
18693 22 22 4
18694 34 33 5
18695 31 30 6
18696 28 28 4
18697 32 31 7
18698 25 24 6
18699 14 14 4
18700 22 21 5
18701 25 25 5
18702 43 42 6
18703 22 21 5
18704 33 33 7
18705 31 30 6
18706 20 20 6
18707 28 27 5
18708 21 21 5
18709 31 31 5
18710 27 27 7
18711 33 32 6
18712 22 22 6
18713 28 28 6
18714 12 11 5
18715 27 26 6
18716 32 32 6
18717 24 24 4
18718 24 23 5
18719 13 13 5
18720 31 30 6
18721 18 18 4
18722 32 31 5
18723 31 31 5
18724 23 23 7
18725 33 32 6
18726 32 31 5
18727 21 20 6
18728 18 18 4
18729 16 15 5
18730 19 19 5
18731 17 16 4
18732 34 33 5
18733 17 17 5
18734 17 17 5
18735 29 29 5
18736 31 31 9
18737 31 30 6
18738 24 24 4
18739 22 21 7
18740 25 24 8
18741 30 30 6
18742 32 32 10
18743 18 18 4
18744 22 21 5
18745 23 22 6
18746 36 36 6
18747 32 31 9
18748 39 38 10
18749 16 16 4
18750 34 33 5
18751 21 20 4
18752 20 19 5
18753 25 24 4
18754 24 23 5
18755 39 38 8
18756 10 9 5
18757 23 22 4
18758 26 25 7
18759 35 35 9
18760 13 13 5
18761 19 18 4
18762 34 33 7
18763 29 28 6
18764 14 14 4
18765 26 25 7
18766 25 24 4
18767 20 19 5
18768 29 29 5
18769 27 27 5
18770 27 26 4
18771 20 19 5
18772 13 12 4
18773 16 15 5
18774 9 9 5
18775 25 25 5
18776 23 23 5
18777 17 17 5
18778 15 14 4
18779 28 27 5
18780 17 16 6
18781 20 20 6
18782 32 31 5
18783 29 29 5
18784 27 27 5
18785 19 19 5
18786 17 16 6
18787 22 21 7
18788 23 22 4
18789 22 21 5
18790 19 19 5
18791 17 16 4
18792 22 21 5
18793 25 24 6
18794 20 20 4
18795 26 25 5
18796 17 16 4
18797 26 25 7
18798 19 18 6
18799 16 16 4
18800 16 15 5
18801 19 18 6
18802 16 15 5
18803 17 16 4
18804 18 17 5
18805 15 15 5
18806 21 21 5
18807 11 11 5
18808 21 20 6
18809 20 20 6
18810 8 8 4
18811 16 15 5
18812 13 12 6
18813 26 25 5
18814 21 20 6
18815 16 15 5
18816 17 16 4
18817 14 13 5
18818 15 14 6
18819 20 20 6
18820 10 10 4
18821 16 15 5
18822 15 15 5
18823 13 13 5
18824 17 16 6
18825 12 12 6
18826 14 14 4
18827 16 15 5
18828 15 15 5
18829 19 19 5
18830 17 17 5
18831 19 18 6
18832 10 10 4
18833 16 15 5
18834 15 14 4
18835 20 19 5
18836 21 20 6
18837 16 16 4
18838 14 13 5
18839 17 17 5
18840 23 22 6
18841 30 30 6
18842 20 20 4
18843 12 11 5
18844 31 31 5
18845 17 16 4
18846 20 19 5
18847 21 20 6
18848 20 20 4
18849 14 13 5
18850 13 12 4
18851 16 15 5
18852 19 19 5
18853 17 16 6
18854 10 10 4
18855 24 23 7
18856 11 10 4
18857 18 17 5
18858 13 12 6
18859 10 10 4
18860 6 5 4
18861 20 19 7
18862 25 24 6
18863 8 8 4
18864 8 7 6
18865 12 12 6
18866 26 26 6
18867 8 8 4
18868 16 15 5
18869 9 9 5
18870 19 18 6
18871 14 13 5
18872 13 12 4
18873 12 11 5
18874 11 10 6
18875 14 14 6
18876 10 10 4
18877 12 11 5
18878 9 9 5
18879 15 15 5
18880 11 10 4
18881 10 9 5
18882 9 8 4
18883 12 11 5
18884 11 11 5
18885 11 11 5
18886 7 6 5
18887 15 14 6
18888 6 6 6
18889 11 10 4
18890 16 15 5
18891 15 15 5
18892 13 13 5
18893 11 10 6
18894 24 24 6
18895 12 12 4
18896 18 17 5
18897 11 10 6
18898 6 5 4
18899 14 13 5
18900 15 14 6
18901 10 10 4
18902 10 9 5
18903 9 8 4
18904 10 9 5
18905 11 11 5
18906 19 18 4
18907 10 9 5
18908 9 8 4
18909 16 15 7
18910 13 12 4
18911 14 13 5
18912 11 10 4
18913 12 11 5
18914 13 13 5
18915 11 11 5
18916 7 6 5
18917 11 10 4
18918 10 9 5
18919 5 5 5
18920 18 17 5
18921 11 10 6
18922 14 14 4
18923 10 9 5
18924 5 5 5
18925 16 15 5
18926 15 15 5
18927 9 9 5
18928 15 14 4
18929 10 9 5
18930 13 12 6
18931 8 8 4
18932 6 5 4
18933 16 15 5
18934 9 9 5
18935 19 19 5
18936 13 12 6
18937 10 10 4
18938 20 19 5
18939 11 11 5
18940 11 11 5
18941 13 12 4
18942 14 13 5
18943 11 11 5
18944 15 15 5
18945 11 10 4
18946 14 13 5
18947 11 10 6
18948 14 13 5
18949 7 6 5
18950 15 14 6
18951 18 18 6
18952 12 12 4
18953 14 13 5
18954 13 12 4
18955 14 13 5
18956 15 15 5
18957 11 10 4
18958 6 5 4
18959 10 9 5
18960 21 20 6
18961 12 11 5
18962 9 8 4
18963 26 25 7
18964 11 10 4
18965 14 13 5
18966 17 16 6
18967 8 8 4
18968 14 13 5
18969 13 13 5
18970 13 12 4
18971 14 13 5
18972 9 9 5
18973 5 5 5
18974 12 11 5
18975 11 10 6
18976 12 12 4
18977 12 11 5
18978 15 15 5
18979 21 20 6
18980 12 12 4
18981 14 13 5
18982 13 13 5
18983 11 10 6
18984 18 18 4
18985 18 17 5
18986 23 22 6
18987 24 24 6
18988 12 11 5
18989 7 6 5
18990 19 18 4
18991 20 19 7
18992 15 14 4
18993 18 17 5
18994 13 13 5
18995 33 32 6
18996 34 33 5
18997 21 21 5
18998 29 28 6
18999 18 18 4
19000 22 21 5
19001 17 16 4
19002 14 13 7
19003 15 14 4
19004 22 21 5
19005 33 33 5
19006 17 17 5
19007 15 14 4
19008 12 11 5
19009 25 24 6
19010 18 18 6
19011 16 16 4
19012 18 17 5
19013 15 15 5
19014 21 20 6
19015 20 19 5
19016 31 30 6
19017 28 27 5
19018 13 13 5
19019 37 36 6
19020 24 24 6
19021 20 20 6
19022 24 24 6
19023 26 26 4
19024 32 31 5
19025 19 18 6
19026 14 13 5
19027 17 16 6
19028 20 20 6
19029 26 25 7
19030 23 23 5
19031 17 16 6
19032 26 26 6
19033 28 28 6
19034 28 28 6
19035 18 18 4
19036 30 29 5
19037 27 26 8
19038 34 34 4
19039 34 33 5
19040 27 27 7
19041 27 26 6
19042 30 30 6
19043 34 34 6
19044 28 27 5
19045 21 20 4
19046 22 21 5
19047 23 22 6
19048 14 14 4
19049 34 33 9
19050 31 30 6
19051 42 41 9
19052 29 29 5
19053 19 19 5
19054 19 19 5
19055 15 15 5
19056 37 37 7
19057 31 31 7
19058 23 22 6
19059 26 26 6
19060 28 27 7
19061 21 21 7
19062 23 22 6
19063 24 24 6
19064 26 25 7
19065 25 24 6
19066 22 21 7
19067 13 12 4
19068 20 19 5
19069 25 24 4
19070 36 35 5
19071 13 12 6
19072 22 22 6
19073 18 17 5
19074 25 24 6
19075 22 21 5
19076 27 26 6
19077 24 23 5
19078 33 33 5
19079 25 25 5
19080 23 22 6
19081 40 39 7
19082 27 26 6
19083 10 10 4
19084 24 23 5
19085 29 28 6
19086 14 14 6
19087 30 30 6
19088 14 14 4
19089 18 17 5
19090 31 30 6
19091 24 23 5
19092 23 22 4
19093 20 19 5
19094 21 20 6
19095 30 30 6
19096 18 18 4
19097 30 29 7
19098 17 17 5
19099 19 18 4
19100 22 21 5
19101 35 35 7
19102 25 25 5
19103 25 24 6
19104 24 24 4
19105 20 19 5
19106 27 26 6
19107 24 24 4
19108 24 23 7
19109 23 22 6
19110 12 12 4
19111 20 19 5
19112 17 17 5
19113 25 24 6
19114 28 27 5
19115 15 14 6
19116 16 16 6
19117 20 20 4
19118 18 17 5
19119 17 16 4
19120 12 11 5
19121 5 5 5
19122 22 21 5
19123 15 14 6
19124 12 11 5
19125 13 12 6
19126 20 20 4
19127 12 11 5
19128 15 14 4
19129 28 27 7
19130 13 12 4
19131 12 11 5
19132 15 14 4
19133 16 15 5
19134 13 13 5
19135 15 14 6
19136 12 12 6
19137 10 10 4
19138 16 15 5
19139 13 13 5
19140 11 11 5
19141 11 10 4
19142 14 13 5
19143 17 17 5
19144 17 17 5
19145 11 10 4
19146 14 13 5
19147 17 17 5
19148 11 11 5
19149 17 16 6
19150 10 10 4
19151 16 15 5
19152 11 11 5
19153 15 15 7
19154 17 16 6
19155 8 8 4
19156 20 19 5
19157 17 16 6
19158 12 11 5
19159 13 12 4
19160 14 13 5
19161 11 11 5
19162 13 13 5
19163 17 16 6
19164 10 9 5
19165 11 10 4
19166 14 13 5
19167 13 12 6
19168 8 8 4
19169 12 11 5
19170 15 15 5
19171 9 9 5
19172 13 12 6
19173 10 10 4
19174 10 9 5
19175 19 18 6
19176 10 10 4
19177 12 11 5
19178 15 15 5
19179 13 13 5
19180 19 18 4
19181 18 17 5
19182 17 16 6
19183 16 15 5
19184 21 20 6
19185 10 10 4
19186 14 13 5
19187 11 10 6
19188 16 16 6
19189 18 18 6
19190 18 18 6
19191 12 12 4
19192 18 17 5
19193 25 24 6
19194 10 10 4
19195 26 25 5
19196 23 23 5
19197 25 25 7
19198 25 24 6
19199 16 15 5
19200 15 14 4
19201 22 21 5
19202 29 29 5
19203 27 27 5
19204 27 26 6
19205 26 26 6
19206 18 17 5
19207 23 22 4
19208 16 15 5
19209 13 12 4
19210 26 25 7
19211 17 16 4
19212 30 29 7
19213 15 14 6
19214 10 10 4
19215 20 19 5
19216 17 16 6
19217 16 16 6
19218 20 20 4
19219 18 17 5
19220 21 20 6
19221 18 18 6
19222 14 14 4
19223 18 17 5
19224 15 15 5
19225 19 18 4
19226 28 27 7
19227 19 18 4
19228 18 17 5
19229 13 13 5
19230 17 17 5
19231 11 11 5
19232 19 18 4
19233 10 9 5
19234 9 9 5
19235 11 10 6
19236 16 16 4
19237 16 15 5
19238 11 10 4
19239 8 7 6
19240 18 18 6
19241 6 6 6
19242 9 8 4
19243 22 21 5
19244 13 12 6
19245 22 22 6
19246 8 8 4
19247 24 23 5
19248 5 5 5
19249 12 11 5
19250 13 12 6
19251 6 6 6
19252 15 14 6
19253 12 12 4
19254 14 13 5
19255 21 21 5
19256 13 13 5
19257 11 10 4
19258 12 11 5
19259 19 19 5
19260 9 9 5
19261 11 10 4
19262 14 13 5
19263 17 17 7
19264 15 14 4
19265 14 13 5
19266 15 14 4
19267 6 5 4
19268 12 11 7
19269 17 16 4
19270 12 11 5
19271 17 16 6
19272 14 14 4
19273 18 17 5
19274 15 15 5
19275 5 5 5
19276 12 11 5
19277 11 10 6
19278 16 16 6
19279 8 8 4
19280 12 11 5
19281 15 14 6
19282 14 14 4
19283 18 17 5
19284 17 17 5
19285 11 10 6
19286 12 12 6
19287 10 10 4
19288 16 15 5
19289 15 14 4
19290 16 15 7
19291 13 12 4
19292 18 17 5
19293 27 26 6
19294 22 21 5
19295 13 12 6
19296 16 16 4
19297 16 15 5
19298 11 10 4
19299 12 11 5
19300 13 13 5
19301 13 13 5
19302 29 28 4
19303 16 15 5
19304 25 24 4
19305 20 19 7
19306 15 14 4
19307 22 21 5
19308 7 6 5
19309 9 8 4
19310 22 21 5
19311 5 5 5
19312 14 13 5
19313 25 24 6
19314 34 34 6
19315 6 6 6
19316 17 16 4
19317 12 11 5
19318 15 15 5
19319 5 5 5
19320 22 21 7
19321 11 10 4
19322 22 21 7
19323 7 6 5
19324 19 18 6
19325 10 10 4
19326 12 11 5
19327 13 13 5
19328 15 14 6
19329 16 16 6
19330 8 8 4
19331 20 19 5
19332 13 13 5
19333 7 6 5
19334 11 10 4
19335 10 9 5
19336 17 16 6
19337 14 14 6
19338 18 18 4
19339 10 9 5
19340 17 16 4
19341 20 19 7
19342 21 20 4
19343 20 19 5
19344 15 15 5
19345 17 17 5
19346 13 13 5
19347 13 12 4
19348 14 13 5
19349 11 11 5
19350 13 13 5
19351 11 10 6
19352 12 12 4
19353 16 15 5
19354 15 14 6
19355 14 14 6
19356 8 8 4
19357 12 11 5
19358 13 13 5
19359 17 16 6
19360 14 14 4
19361 14 13 5
19362 15 15 5
19363 21 21 5
19364 19 18 6
19365 10 10 4
19366 18 17 5
19367 7 6 5
19368 9 9 5
19369 13 13 5
19370 15 14 4
19371 18 17 5
19372 13 13 5
19373 13 12 4
19374 16 15 5
19375 9 8 4
19376 16 15 5
19377 23 22 6
19378 10 9 5
19379 11 10 4
19380 12 11 5
19381 11 10 4
19382 20 19 5
19383 11 10 6
19384 14 14 6
19385 14 14 4
19386 14 13 5
19387 11 10 6
19388 14 14 6
19389 18 18 4
19390 18 17 5
19391 11 10 4
19392 14 13 5
19393 21 20 6
19394 12 12 4
19395 12 11 5
19396 13 13 5
19397 17 16 4
19398 18 17 7
19399 19 18 4
19400 16 15 5
19401 13 13 5
19402 13 12 6
19403 16 16 4
19404 18 17 5
19405 11 11 5
19406 11 10 6
19407 12 12 4
19408 14 13 5
19409 11 11 5
19410 13 12 6
19411 10 10 4
19412 16 15 7
19413 13 12 4
19414 14 13 5
19415 17 16 4
19416 10 9 5
19417 7 7 7
19418 8 8 4
19419 12 11 5
19420 15 15 5
19421 11 10 6
19422 12 12 4
19423 12 11 5
19424 15 14 6
19425 12 12 4
19426 18 17 5
19427 13 13 5
19428 9 9 5
19429 15 14 6
19430 16 16 6
19431 12 12 6
19432 10 10 4
19433 20 19 5
19434 11 11 5
19435 17 16 6
19436 8 8 4
19437 22 21 5
19438 13 13 5
19439 15 14 4
19440 16 15 5
19441 13 12 6
19442 12 12 4
19443 22 21 5
19444 15 15 5
19445 17 17 5
19446 15 14 4
19447 20 19 5
19448 11 11 5
19449 15 15 5
19450 19 18 4
19451 12 11 5
19452 15 14 6
19453 12 12 4
19454 18 17 5
19455 15 14 4
19456 16 15 5
19457 15 14 6
19458 18 17 5
19459 17 16 6
19460 16 16 4
19461 26 25 7
19462 11 10 4
19463 16 15 5
19464 13 12 6
19465 14 14 6
19466 10 10 4
19467 12 11 5
19468 11 11 5
19469 9 8 4
19470 14 13 7
19471 9 8 4
19472 10 9 5
19473 13 12 6
19474 14 14 6
19475 10 10 4
19476 12 11 5
19477 21 20 6
19478 12 12 4
19479 16 15 5
19480 17 16 6
19481 18 17 5
19482 13 12 4
19483 14 13 7
19484 15 14 4
19485 22 21 5
19486 13 12 6
19487 16 16 4
19488 16 15 5
19489 11 11 5
19490 19 18 4
19491 10 9 5
19492 7 6 5
19493 13 12 6
19494 14 14 6
19495 18 18 4
19496 16 15 5
19497 13 12 4
19498 10 9 5
19499 11 10 4
19500 16 15 5
19501 11 10 6
19502 12 12 4
19503 14 13 5
19504 17 16 6
19505 18 18 4
19506 16 15 5
19507 15 15 5
19508 13 12 4
19509 16 15 5
19510 11 10 6
19511 14 14 4
19512 14 13 5
19513 15 15 5
19514 11 10 6
19515 12 12 4
19516 16 15 5
19517 11 11 5
19518 13 12 6
19519 14 13 5
19520 17 16 6
19521 10 10 4
19522 18 17 5
19523 11 11 5
19524 15 14 6
19525 8 8 4
19526 12 11 5
19527 15 14 6
19528 20 20 6
19529 16 16 4
19530 16 15 5
19531 11 11 5
19532 15 14 6
19533 14 14 4
19534 14 13 5
19535 11 11 5
19536 11 11 5
19537 21 20 6
19538 12 12 6
19539 10 10 4
19540 18 17 5
19541 15 14 4
19542 12 11 5
19543 5 5 5
19544 16 15 5
19545 9 9 5
19546 17 16 4
19547 10 9 5
19548 11 11 5
19549 11 11 5
19550 19 18 6
19551 6 6 6
19552 9 8 4
19553 14 13 5
19554 19 19 5
19555 17 16 6
19556 12 12 6
19557 8 8 4
19558 10 9 5
19559 13 13 5
19560 9 8 4
19561 20 19 5
19562 7 6 5
19563 19 18 4
19564 24 23 5
19565 9 9 5
19566 13 12 6
19567 10 10 6
19568 10 10 4
19569 10 9 5
19570 9 8 4
19571 16 15 5
19572 13 13 5
19573 15 14 4
19574 10 9 5
19575 11 10 6
19576 12 12 6
19577 22 22 4
19578 10 9 5
19579 9 9 5
19580 11 10 4
19581 10 9 5
19582 9 9 5
19583 15 15 5
19584 19 18 6
19585 10 10 4
19586 12 11 5
19587 13 13 5
19588 11 11 5
19589 9 8 4
19590 20 19 5
19591 9 8 4
19592 6 5 4
19593 12 11 5
19594 23 23 5
19595 13 13 5
19596 13 12 6
19597 16 16 6
19598 12 12 4
19599 14 13 5
19600 9 8 4
19601 12 11 5
19602 11 10 4
19603 18 17 7
19604 11 10 4
19605 6 5 4
19606 10 9 5
19607 11 10 6
19608 8 8 4
19609 6 5 4
19610 12 11 5
19611 11 11 5
19612 15 15 5
19613 9 8 4
19614 18 17 7
19615 13 12 4
19616 10 9 5
19617 15 14 6
19618 14 13 5
19619 11 10 4
19620 12 11 5
19621 11 10 4
19622 18 17 7
19623 9 8 4
19624 6 5 4
19625 6 5 4
19626 20 19 5
19627 9 9 5
19628 15 15 5
19629 9 8 4
19630 26 25 5
19631 15 14 6
19632 14 14 6
19633 6 6 6
19634 9 8 4
19635 10 9 5
19636 13 13 5
19637 11 11 5
19638 23 22 6
19639 28 28 4
19640 20 19 5
19641 21 20 4
19642 12 11 5
19643 13 13 5
19644 11 10 4
19645 10 9 5
19646 23 23 7
19647 15 14 4
19648 14 13 5
19649 15 14 4
19650 10 9 5
19651 13 13 5
19652 7 6 5
19653 11 10 6
19654 10 9 5
19655 13 12 4
19656 16 15 5
19657 13 12 6
19658 10 10 4
19659 10 9 5
19660 9 9 5
19661 13 12 4
19662 12 11 5
19663 19 18 6
19664 14 14 4
19665 10 9 5
19666 13 12 6
19667 16 16 6
19668 6 6 6
19669 19 18 6
19670 14 14 4
19671 14 13 7
19672 11 10 4
19673 10 9 5
19674 11 10 4
19675 10 9 5
19676 9 9 5
19677 11 11 5
19678 9 9 5
19679 7 6 5
19680 19 18 6
19681 6 6 6
19682 11 10 6
19683 8 8 4
19684 14 13 5
19685 13 12 6
19686 12 12 4
19687 14 13 5
19688 9 9 5
19689 21 20 6
19690 14 13 5
19691 13 12 4
19692 12 11 5
19693 9 8 4
19694 8 7 6
19695 12 12 4
19696 8 7 6
19697 10 10 6
19698 8 8 4
19699 12 11 5
19700 15 14 6
19701 12 12 4
19702 18 17 7
19703 11 10 4
19704 14 13 5
19705 9 8 4
19706 12 11 5
19707 9 8 7
19708 13 12 4
19709 14 13 5
19710 13 12 4
19711 10 9 5
19712 11 10 6
19713 12 11 5
19714 15 14 6
19715 6 6 6
19716 13 12 6
19717 16 16 4
19718 14 13 5
19719 5 5 5
19720 22 21 5
19721 11 11 5
19722 13 12 4
19723 14 13 7
19724 19 18 4
19725 16 15 5
19726 13 12 6
19727 12 12 4
19728 12 11 5
19729 9 8 4
19730 14 13 5
19731 9 9 5
19732 13 12 6
19733 10 10 4
19734 12 11 5
19735 7 6 5
19736 15 15 5
19737 13 12 6
19738 10 10 4
19739 12 11 5
19740 17 17 5
19741 25 24 6
19742 12 12 6
19743 6 6 6
19744 13 12 6
19745 16 16 4
19746 12 11 5
19747 15 14 6
19748 12 12 4
19749 16 15 5
19750 15 15 5
19751 17 16 4
19752 22 21 5
19753 11 10 4
19754 12 11 5
19755 11 11 5
19756 13 13 5
19757 19 18 6
19758 10 10 4
19759 14 13 5
19760 13 12 6
19761 12 12 4
19762 12 11 5
19763 19 19 5
19764 15 14 6
19765 16 16 6
19766 8 8 4
19767 12 11 5
19768 13 12 6
19769 6 6 6
19770 9 8 4
19771 6 5 4
19772 16 15 5
19773 11 11 5
19774 9 8 4
19775 8 7 6
19776 10 10 4
19777 28 27 5
19778 9 9 5
19779 13 12 4
19780 12 11 7
19781 11 10 4
19782 18 17 5
19783 19 18 6
19784 14 14 4
19785 12 11 5
19786 11 10 6
19787 12 12 4
19788 10 9 5
19789 11 10 6
19790 16 15 5
19791 23 22 6
19792 12 12 6
19793 8 8 4
19794 14 13 5
19795 9 9 5
19796 15 15 5
19797 15 15 5
19798 23 22 6
19799 14 13 5
19800 13 12 6
19801 12 12 4
19802 10 9 5
19803 17 17 5
19804 9 9 5
19805 13 12 4
19806 14 13 5
19807 11 10 6
19808 10 10 4
19809 10 9 5
19810 19 18 6
19811 14 13 5
19812 17 16 4
19813 10 9 5
19814 9 9 5
19815 11 11 5
19816 11 11 5
19817 11 10 6
19818 12 12 4
19819 10 9 5
19820 25 25 7
19821 17 16 4
19822 20 19 5
19823 5 5 5
19824 14 13 5
19825 11 10 6
19826 12 11 5
19827 13 12 6
19828 16 16 6
19829 16 16 4
19830 12 11 5
19831 19 18 6
19832 10 10 4
19833 10 9 5
19834 19 18 6
19835 20 20 4
19836 18 17 7
19837 11 10 4
19838 28 27 5
19839 5 5 5
19840 14 13 5
19841 15 14 4
19842 26 25 7
19843 9 8 4
19844 12 11 5
19845 13 12 6
19846 8 8 4
19847 12 11 5
19848 13 12 6
19849 14 14 4
19850 12 11 5
19851 13 12 6
19852 10 10 4
19853 14 13 5
19854 13 13 5
19855 15 14 4
19856 26 25 7
19857 13 12 4
19858 14 13 5
19859 13 13 5
19860 17 16 4
19861 12 11 5
19862 13 13 5
19863 23 22 6
19864 10 10 4
19865 14 13 5
19866 17 17 5
19867 9 8 4
19868 16 15 7
19869 17 16 4
19870 12 11 5
19871 15 15 5
19872 17 16 4
19873 10 9 5
19874 13 13 5
19875 9 8 4
19876 10 9 5
19877 11 11 5
19878 13 12 4
19879 18 17 5
19880 11 11 5
19881 17 16 6
19882 6 6 6
19883 9 8 4
19884 20 19 7
19885 11 10 4
19886 14 13 5
19887 11 10 6
19888 12 11 5
19889 13 12 4
19890 16 15 5
19891 15 15 5
19892 21 20 6
19893 8 8 4
19894 14 13 5
19895 13 12 6
19896 10 10 4
19897 12 11 5
19898 13 12 6
19899 20 20 4
19900 14 13 5
19901 15 14 6
19902 16 16 6
19903 8 8 4
19904 18 17 5
19905 27 26 6
19906 10 10 6
19907 10 10 4
19908 12 11 5
19909 11 11 5
19910 7 6 5
19911 15 14 4
19912 14 13 5
19913 11 11 5
19914 11 11 5
19915 19 18 6
19916 14 14 6
19917 8 8 4
19918 10 9 5
19919 9 9 5
19920 15 14 6
19921 20 20 6
19922 14 14 4
19923 16 15 5
19924 11 11 5
19925 13 12 6
19926 10 10 4
19927 16 15 5
19928 21 21 7
19929 17 16 4
19930 20 19 5
19931 9 8 4
19932 12 11 5
19933 11 11 5
19934 9 8 4
19935 14 13 5
19936 13 13 5
19937 17 16 6
19938 16 16 4
19939 16 15 5
19940 11 11 5
19941 13 12 6
19942 12 12 4
19943 10 9 5
19944 17 17 5
19945 13 12 4
19946 12 11 5
19947 13 13 5
19948 11 10 4
19949 18 17 7
19950 23 22 4
19951 12 11 5
19952 11 11 5
19953 13 12 4
19954 14 13 5
19955 11 11 5
19956 9 9 5
19957 15 14 6
19958 10 10 6
19959 10 10 4
19960 12 11 5
19961 13 12 4
19962 14 13 5
19963 19 19 5
19964 9 8 4
19965 14 13 5
19966 13 13 5
19967 23 22 6
19968 14 14 6
19969 14 14 4
19970 14 13 7
19971 11 10 4
19972 12 11 5
19973 9 9 5
19974 9 8 4
19975 12 11 5
19976 9 9 5
19977 11 10 6
19978 6 6 6
19979 7 6 5
19980 13 12 6
19981 14 14 4
19982 8 7 6
19983 10 9 5
19984 17 16 6
19985 14 14 6
19986 14 14 6
19987 14 14 6
19988 12 12 4
19989 16 15 5
19990 15 15 5
19991 9 9 5
19992 15 14 4
19993 16 15 5
19994 19 18 6
19995 12 11 5
19996 7 6 5
19997 15 14 6
19998 10 10 4
19999 12 11 5
20000 7 6 5
20001 7 6 5
20002 15 14 6
20003 16 16 6
20004 10 10 4
20005 22 21 5
20006 13 13 5
20007 9 9 5
20008 17 16 4
20009 12 11 5
20010 21 21 7
20011 15 14 4
20012 24 23 5
20013 13 13 5
20014 9 9 5
20015 15 14 6
20016 8 8 4
20017 20 19 5
20018 7 7 7
20019 18 18 4
20020 10 9 5
20021 9 8 4
20022 14 13 5
20023 19 18 6
20024 16 16 6
20025 8 8 4
20026 16 15 5
20027 13 13 5
20028 15 14 4
20029 6 5 4
20030 14 13 5
20031 13 13 5
20032 17 16 6
20033 14 14 6
20034 10 10 4
20035 10 9 5
20036 13 12 6
20037 12 11 5
20038 11 10 4
20039 14 13 5
20040 13 12 6
20041 10 10 6
20042 14 14 4
20043 6 5 4
20044 14 13 5
20045 9 9 5
20046 11 10 6
20047 12 12 4
20048 12 11 5
20049 19 18 6
20050 10 10 4
20051 14 13 5
20052 11 11 5
20053 17 16 6
20054 12 12 4
20055 12 11 5
20056 19 18 6
20057 16 16 6
20058 12 12 4
20059 14 13 5
20060 19 18 6
20061 10 10 4
20062 10 9 5
20063 17 16 6
20064 10 10 6
20065 10 10 4
20066 12 11 5
20067 13 13 5
20068 11 11 5
20069 9 8 4
20070 10 9 5
20071 11 11 5
20072 9 8 4
20073 16 15 5
20074 13 12 6
20075 12 12 6
20076 6 6 6
20077 13 12 4
20078 18 17 5
20079 11 11 5
20080 17 16 6
20081 10 10 4
20082 10 9 5
20083 5 5 5
20084 10 9 5
20085 13 13 5
20086 13 12 6
20087 14 14 4
20088 12 11 7
20089 11 10 4
20090 20 19 5
20091 9 8 4
20092 20 19 5
20093 15 15 5
20094 13 12 6
20095 14 13 5
20096 9 8 4
20097 8 7 6
20098 16 16 4
20099 20 19 7
20100 13 12 4
20101 26 25 5
20102 13 13 5
20103 11 11 5
20104 17 16 6
20105 12 11 5
20106 7 6 5
20107 7 6 5
20108 11 10 6
20109 16 16 4
20110 12 11 5
20111 13 13 5
20112 11 10 4
20113 26 25 7
20114 13 12 4
20115 16 15 5
20116 17 16 6
20117 14 14 6
20118 18 18 6
20119 12 12 6
20120 8 8 4
20121 22 21 5
20122 9 9 5
20123 13 12 6
20124 12 11 5
20125 5 5 5
20126 12 11 5
20127 9 8 4
20128 6 5 4
20129 14 13 5
20130 13 13 5
20131 11 10 4
20132 12 11 7
20133 11 10 4
20134 14 13 5
20135 11 10 4
20136 12 11 5
20137 17 17 5
20138 7 7 7
20139 10 10 4
20140 18 17 5
20141 17 16 4
20142 18 17 5
20143 13 13 5
20144 11 10 6
20145 10 10 4
20146 10 9 5
20147 11 11 5
20148 5 5 5
20149 20 19 5
20150 11 11 5
20151 15 14 6
20152 8 8 4
20153 10 9 5
20154 17 16 6
20155 14 14 6
20156 8 8 4
20157 10 9 5
20158 9 8 4
20159 10 9 5
20160 15 14 6
20161 14 14 6
20162 14 14 4
20163 12 11 5
20164 11 10 4
20165 10 9 5
20166 11 10 6
20167 12 12 4
20168 12 11 5
20169 13 12 6
20170 12 11 5
20171 23 22 6
20172 16 16 6
20173 14 14 6
20174 10 10 4
20175 14 13 5
20176 15 14 6
20177 6 6 6
20178 11 10 4
20179 16 15 5
20180 11 10 6
20181 16 15 5
20182 13 12 6
20183 22 22 4
20184 28 27 7
20185 11 10 6
20186 12 12 4
20187 6 5 4
20188 18 17 5
20189 13 12 4
20190 20 19 5
20191 25 25 5
20192 9 9 5
20193 21 20 4
20194 16 15 5
20195 15 15 5
20196 17 17 5
20197 9 9 5
20198 21 20 6
20199 10 10 4
20200 10 9 5
20201 13 12 6
20202 16 16 6
20203 12 12 6
20204 6 6 6
20205 15 14 6
20206 8 8 4
20207 8 7 6
20208 12 12 4
20209 12 11 5
20210 13 13 5
20211 7 6 5
20212 11 11 5
20213 15 14 6
20214 12 12 6
20215 18 18 6
20216 22 22 6
20217 12 12 4
20218 16 15 5
20219 17 16 6
20220 14 14 6
20221 10 10 4
20222 14 13 5
20223 15 15 5
20224 9 8 4
20225 14 13 5
20226 11 11 5
20227 13 12 6
20228 6 6 6
20229 9 9 5
20230 21 20 4
20231 16 15 7
20232 11 10 4
20233 14 13 5
20234 11 10 6
20235 10 10 4
20236 16 15 5
20237 13 13 5
20238 5 5 5
20239 6 5 4
20240 12 11 5
20241 7 6 5
20242 11 11 5
20243 13 12 6
20244 10 10 4
20245 14 13 5
20246 9 9 5
20247 15 14 4
20248 18 17 5
20249 11 11 5
20250 17 16 6
20251 20 20 4
20252 20 19 5
20253 15 14 4
20254 14 13 5
20255 5 5 5
20256 20 19 5
20257 11 11 5
20258 9 9 5
20259 7 6 5
20260 13 12 4
20261 16 15 5
20262 13 13 5
20263 9 9 5
20264 15 14 6
20265 10 10 4
20266 12 11 5
20267 11 10 6
20268 16 16 4
20269 10 9 5
20270 13 13 5
20271 9 9 5
20272 13 12 6
20273 10 10 4
20274 12 11 5
20275 13 12 6
20276 10 10 4
20277 12 11 5
20278 23 22 6
20279 12 12 4
20280 14 13 5
20281 11 10 6
20282 8 8 4
20283 16 15 5
20284 13 13 5
20285 9 9 5
20286 11 10 4
20287 12 11 5
20288 5 5 5
20289 12 11 5
20290 13 13 5
20291 17 16 4
20292 6 5 4
20293 10 9 5
20294 13 12 6
20295 16 16 6
20296 6 6 6
20297 9 9 5
20298 9 8 4
20299 14 13 5
20300 5 5 5
20301 12 11 5
20302 13 13 5
20303 15 15 5
20304 11 10 6
20305 8 8 4
20306 14 13 5
20307 15 14 6
20308 14 14 4
20309 14 13 5
20310 17 17 5
20311 9 9 5
20312 11 10 4
20313 8 7 6
20314 14 14 4
20315 10 9 5
20316 15 14 4
20317 10 9 5
20318 11 11 5
20319 19 19 5
20320 11 11 5
20321 9 8 4
20322 12 11 5
20323 11 11 5
20324 13 12 4
20325 16 15 7
20326 11 10 4
20327 12 11 5
20328 19 18 6
20329 12 12 4
20330 14 13 5
20331 9 8 4
20332 8 7 6
20333 14 14 4
20334 10 9 5
20335 17 17 5
20336 21 21 5
20337 9 8 4
20338 16 15 5
20339 15 14 6
20340 16 16 6
20341 12 12 4
20342 20 19 5
20343 13 13 5
20344 11 10 6
20345 12 11 5
20346 9 8 4
20347 12 11 5
20348 13 12 4
20349 14 13 7
20350 7 6 5
20351 11 10 4
20352 22 21 5
20353 11 11 5
20354 9 8 4
20355 12 11 5
20356 11 11 5
20357 13 12 6
20358 16 16 6
20359 8 8 4
20360 12 11 5
20361 9 9 5
20362 17 16 6
20363 8 8 4
20364 10 9 5
20365 15 14 6
20366 8 8 4
20367 12 11 5
20368 13 12 4
20369 14 13 5
20370 13 13 5
20371 11 10 6
20372 12 12 4
20373 12 11 5
20374 15 14 6
20375 16 16 6
20376 12 12 4
20377 16 15 5
20378 11 10 6
20379 10 10 4
20380 12 11 5
20381 13 13 5
20382 11 11 5
20383 17 16 4
20384 14 13 5
20385 15 15 5
20386 17 16 4
20387 22 21 5
20388 11 11 5
20389 17 16 6
20390 10 10 6
20391 10 10 4
20392 16 15 5
20393 13 13 5
20394 15 14 6
20395 12 12 6
20396 12 12 4
20397 10 9 5
20398 11 10 6
20399 12 12 6
20400 12 12 6
20401 8 8 4
20402 14 13 5
20403 13 12 6
20404 10 10 4
20405 12 11 5
20406 9 9 5
20407 11 11 5
20408 11 11 5
20409 9 8 4
20410 12 11 5
20411 7 6 5
20412 17 16 6
20413 12 12 4
20414 12 11 5
20415 13 13 5
20416 9 9 5
20417 13 12 4
20418 14 13 5
20419 11 10 4
20420 16 15 5
20421 9 9 5
20422 9 9 5
20423 15 14 4
20424 10 9 5
20425 17 16 6
20426 12 12 4
20427 12 11 5
20428 13 12 6
20429 6 5 4
20430 24 23 5
20431 13 12 4
20432 10 9 5
20433 9 8 4
20434 16 15 7
20435 11 10 4
20436 10 9 5
20437 17 16 4
20438 14 13 5
20439 13 13 5
20440 17 16 6
20441 18 18 4
20442 14 13 5
20443 15 14 6
20444 20 19 5
20445 19 18 6
20446 16 16 6
20447 12 12 6
20448 16 16 6
20449 10 10 4
20450 10 9 5
20451 11 10 6
20452 10 10 4
20453 18 17 5
20454 13 13 5
20455 11 10 4
20456 12 11 5
20457 11 11 5
20458 17 16 6
20459 14 13 5
20460 9 8 4
20461 10 9 5
20462 9 9 5
20463 7 6 5
20464 5 5 5
20465 12 11 5
20466 23 23 5
20467 11 11 5
20468 13 12 6
20469 12 12 6
20470 16 16 4
20471 6 5 4
20472 6 5 4
20473 14 13 7
20474 9 8 4
20475 12 11 5
20476 11 10 4
20477 18 17 5
20478 9 9 5
20479 13 12 6
20480 10 10 4
20481 12 11 5
20482 9 8 4
20483 10 9 5
20484 11 11 5
20485 13 13 5
20486 15 14 4
20487 14 13 5
20488 5 5 5
20489 12 11 5
20490 9 9 5
20491 7 6 5
20492 13 12 6
20493 14 14 6
20494 10 10 4
20495 14 13 5
20496 25 24 6
20497 16 16 6
20498 10 10 6
20499 10 10 4
20500 14 13 5
20501 13 13 5
20502 15 14 4
20503 12 11 5
20504 19 19 5
20505 17 16 6
20506 12 12 4
20507 14 13 7
20508 13 12 4
20509 12 11 5
20510 7 6 5
20511 13 13 5
20512 13 12 4
20513 12 11 5
20514 13 12 6
20515 10 10 4
20516 10 9 5
20517 5 5 5
20518 18 17 5
20519 15 14 6
20520 12 12 4
20521 12 11 5
20522 11 10 6
20523 14 14 6
20524 6 6 6
20525 21 20 6
20526 8 8 4
20527 18 17 5
20528 11 11 5
20529 9 9 5
20530 9 9 5
20531 13 12 6
20532 8 8 4
20533 12 11 5
20534 5 5 5
20535 16 15 5
20536 15 14 6
20537 16 15 5
20538 15 14 6
20539 12 12 4
20540 6 5 4
20541 18 17 5
20542 17 16 6
20543 10 10 4
20544 16 15 5
20545 5 5 5
20546 12 11 5
20547 11 10 6
20548 10 9 5
20549 11 10 4
20550 14 13 5
20551 11 10 4
20552 12 11 5
20553 15 15 5
20554 7 6 5
20555 13 13 5
20556 15 14 6
20557 8 8 4
20558 12 11 5
20559 15 14 6
20560 10 9 5
20561 13 12 6
20562 10 10 4
20563 14 13 5
20564 15 14 6
20565 6 6 6
20566 11 10 4
20567 16 15 5
20568 21 21 5
20569 17 17 5
20570 17 17 5
20571 9 8 4
20572 6 5 4
20573 14 13 5
20574 15 14 6
20575 10 10 4
20576 6 5 4
20577 14 13 5
20578 13 13 5
20579 13 12 4
20580 8 7 6
20581 10 10 4
20582 10 9 5
20583 9 8 4
20584 18 17 5
20585 11 11 5
20586 15 14 6
20587 12 12 4
20588 10 9 5
20589 17 17 5
20590 11 10 4
20591 14 13 5
20592 13 13 5
20593 11 11 5
20594 13 12 6
20595 6 6 6
20596 11 10 4
20597 14 13 5
20598 13 12 6
20599 10 10 4
20600 6 5 4
20601 10 9 5
20602 13 13 5
20603 7 6 5
20604 9 9 5
20605 17 16 6
20606 6 6 6
20607 23 22 6
20608 10 10 4
20609 8 7 6
20610 10 10 4
20611 8 7 6
20612 8 8 4
20613 6 5 4
20614 14 13 5
20615 13 13 5
20616 15 15 5
20617 15 14 4
20618 12 11 5
20619 13 13 5
20620 11 10 4
20621 6 5 4
20622 8 7 6
20623 12 12 6
20624 14 14 4
20625 10 9 5
20626 7 6 5
20627 21 20 6
20628 10 9 5
20629 9 8 4
20630 12 11 5
20631 9 9 5
20632 11 10 4
20633 12 11 5
20634 13 12 6
20635 10 10 6
20636 8 8 4
20637 10 9 5
20638 13 13 5
20639 11 10 4
20640 12 11 5
20641 13 13 5
20642 11 11 5
20643 13 12 4
20644 12 11 5
20645 13 13 5
20646 11 10 4
20647 16 15 5
20648 9 9 5
20649 13 12 6
20650 8 8 4
20651 10 9 5
20652 5 5 5
20653 10 9 5
20654 11 10 6
20655 12 11 5
20656 15 14 4
20657 10 9 5
20658 11 11 5
20659 15 14 6
20660 16 16 6
20661 6 6 6
20662 13 12 4
20663 14 13 5
20664 11 10 4
20665 16 15 5
20666 9 9 5
20667 13 13 5
20668 17 17 5
20669 21 21 5
20670 19 19 5
20671 13 12 4
20672 12 11 5
20673 15 15 5
20674 17 16 6
20675 8 8 4
20676 12 11 5
20677 13 12 6
20678 10 10 4
20679 12 11 5
20680 11 10 6
20681 18 18 6
20682 10 10 4
20683 14 13 5
20684 17 16 6
20685 12 12 6
20686 12 12 4
20687 18 17 5
20688 15 14 6
20689 14 13 5
20690 9 8 4
20691 14 13 5
20692 13 13 5
20693 17 16 6
20694 6 6 6
20695 11 10 4
20696 10 9 5
20697 5 5 5
20698 12 11 5
20699 17 16 6
20700 8 8 4
20701 20 19 7
20702 11 10 4
20703 20 19 5
20704 11 10 6
20705 10 10 4
20706 14 13 5
20707 11 11 5
20708 15 15 5
20709 13 12 6
20710 10 10 4
20711 10 9 5
20712 11 11 5
20713 9 8 4
20714 6 5 4
20715 16 15 5
20716 15 15 5
20717 11 10 4
20718 16 15 5
20719 9 9 5
20720 19 18 6
20721 10 9 5
20722 11 10 6
20723 10 10 4
20724 10 9 5
20725 17 16 6
20726 12 12 4
20727 22 21 5
20728 11 11 5
20729 9 8 4
20730 8 7 6
20731 8 8 4
20732 16 15 5
20733 13 13 5
20734 15 14 4
20735 18 17 7
20736 11 10 4
20737 12 11 5
20738 5 5 5
20739 6 5 4
20740 12 11 5
20741 5 5 5
20742 12 11 5
20743 17 16 6
20744 10 10 4
20745 14 13 5
20746 13 12 6
20747 10 9 5
20748 11 10 4
20749 20 19 7
20750 15 14 4
20751 20 19 5
20752 7 7 7
20753 10 10 4
20754 10 9 5
20755 17 17 5
20756 9 9 5
20757 11 10 4
20758 8 7 6
20759 10 10 4
20760 10 9 5
20761 11 11 5
20762 7 6 5
20763 17 16 6
20764 16 16 6
20765 8 8 4
20766 8 7 6
20767 8 8 4
20768 8 7 6
20769 10 10 4
20770 10 9 5
20771 11 10 6
20772 12 12 6
20773 6 6 6
20774 11 10 4
20775 18 17 5
20776 23 22 6
20777 12 12 4
20778 22 21 5
20779 5 5 5
20780 14 13 5
20781 11 10 6
20782 14 13 5
20783 11 10 6
20784 18 18 4
20785 14 13 5
20786 11 10 6
20787 10 9 5
20788 11 10 4
20789 12 11 5
20790 13 13 5
20791 21 20 6
20792 10 10 6
20793 10 10 4
20794 14 13 5
20795 9 8 4
20796 14 13 5
20797 11 11 5
20798 11 10 4
20799 10 9 5
20800 9 8 4
20801 16 15 7
20802 13 12 4
20803 16 15 5
20804 17 16 4
20805 18 17 5
20806 13 13 5
20807 13 13 5
20808 19 18 4
20809 18 17 5
20810 15 15 5
20811 15 14 4
20812 10 9 5
20813 7 6 5
20814 11 10 6
20815 10 10 4
20816 18 17 5
20817 9 9 5
20818 15 15 5
20819 17 16 6
20820 16 16 4
20821 8 7 6
20822 14 13 5
20823 11 10 6
20824 16 16 4
20825 12 11 5
20826 13 13 5
20827 9 8 4
20828 10 9 5
20829 11 10 4
20830 10 9 5
20831 11 10 6
20832 6 6 6
20833 5 5 5
20834 14 13 5
20835 5 5 5
20836 16 15 5
20837 15 14 6
20838 12 12 4
20839 8 7 6
20840 22 22 6
20841 12 12 6
20842 8 8 4
20843 14 13 5
20844 13 12 6
20845 12 12 6
20846 14 14 6
20847 12 12 4
20848 12 11 5
20849 13 13 5
20850 11 11 5
20851 9 8 4
20852 10 9 5
20853 11 11 5
20854 9 8 4
20855 14 13 5
20856 21 20 6
20857 20 20 6
20858 10 10 6
20859 8 8 4
20860 14 13 5
20861 5 5 5
20862 10 9 5
20863 9 8 4
20864 10 9 5
20865 9 9 5
20866 13 13 5
20867 7 6 5
20868 11 10 6
20869 18 18 4
20870 18 17 5
20871 13 13 5
20872 7 6 5
20873 21 20 6
20874 6 6 6
20875 7 6 5
20876 11 10 6
20877 16 16 6
20878 8 8 4
20879 12 11 5
20880 15 14 6
20881 12 12 4
20882 14 13 5
20883 13 12 6
20884 12 12 6
20885 8 8 4
20886 20 19 5
20887 11 11 5
20888 13 12 6
20889 18 18 6
20890 10 10 4
20891 18 17 5
20892 9 9 5
20893 15 14 4
20894 16 15 5
20895 7 6 5
20896 5 5 5
20897 14 13 5
20898 13 12 4
20899 8 7 6
20900 10 10 6
20901 18 18 4
20902 10 9 5
20903 15 15 5
20904 11 10 4
20905 12 11 5
20906 11 11 5
20907 11 10 4
20908 12 11 5
20909 11 10 6
20910 10 10 6
20911 8 8 4
20912 14 13 5
20913 15 14 6
20914 10 10 4
20915 10 9 5
20916 9 9 5
20917 25 24 6
20918 10 9 5
20919 15 14 6
20920 18 18 4
20921 12 11 5
20922 15 14 6
20923 8 8 4
20924 16 15 5
20925 11 10 6
20926 12 12 4
20927 14 13 5
20928 17 16 6
20929 12 11 5
20930 15 14 4
20931 18 17 5
20932 15 15 5
20933 7 7 7
20934 14 14 4
20935 14 13 5
20936 13 12 6
20937 12 12 4
20938 6 5 4
20939 18 17 5
20940 9 9 5
20941 11 11 5
20942 15 15 5
20943 9 8 4
20944 12 11 5
20945 15 15 5
20946 7 6 5
20947 13 13 5
20948 9 9 5
20949 15 14 6
20950 8 8 4
20951 12 11 5
20952 11 11 5
20953 11 10 4
20954 12 11 5
20955 11 11 5
20956 11 10 6
20957 12 12 4
20958 12 11 5
20959 11 11 5
20960 9 9 5
20961 21 20 6
20962 8 8 4
20963 12 11 5
20964 11 11 5
20965 17 17 5
20966 9 9 5
20967 9 8 4
20968 12 11 5
20969 9 9 5
20970 25 24 6
20971 8 8 4
20972 12 11 5
20973 17 17 5
20974 11 11 5
20975 11 11 5
20976 11 10 6
20977 16 16 4
20978 12 11 5
20979 11 11 5
20980 11 11 5
20981 17 16 6
20982 12 12 6
20983 12 12 4
20984 12 11 5
20985 11 10 6
20986 8 8 4
20987 10 9 5
20988 9 9 5
20989 17 16 6
20990 16 16 4
20991 14 13 7
20992 15 14 4
20993 10 9 5
20994 13 12 6
20995 12 12 6
20996 14 14 4
20997 16 15 5
20998 13 12 6
20999 14 13 5
21000 15 14 4
21001 10 9 5
21002 13 13 5
21003 13 12 6
21004 20 20 6
21005 8 8 4
21006 16 15 5
21007 9 9 5
21008 13 12 4
21009 12 11 5
21010 15 14 4
21011 12 11 5
21012 11 11 5
21013 7 6 5
21014 11 11 5
21015 11 10 6
21016 12 12 4
21017 14 13 7
21018 9 8 4
21019 12 11 5
21020 13 12 6
21021 12 12 6
21022 8 8 4
21023 6 5 4
21024 10 9 5
21025 13 13 5
21026 11 10 4
21027 8 7 6
21028 14 14 4
21029 10 9 5
21030 13 13 5
21031 19 19 5
21032 11 10 4
21033 12 11 7
21034 9 8 4
21035 12 11 5
21036 21 21 5
21037 11 11 5
21038 13 12 6
21039 14 14 4
21040 6 5 4
21041 12 11 5
21042 15 14 6
21043 10 10 4
21044 18 17 5
21045 15 14 6
21046 16 16 4
21047 10 9 5
21048 15 14 6
21049 10 9 5
21050 11 10 4
21051 18 17 5
21052 11 11 5
21053 15 14 6
21054 12 12 4
21055 12 11 5
21056 13 13 5
21057 19 18 6
21058 14 14 4
21059 16 15 5
21060 9 8 4
21061 12 11 5
21062 13 12 6
21063 12 12 4
21064 14 13 5
21065 13 13 5
21066 21 20 4
21067 12 11 5
21068 11 11 5
21069 21 21 5
21070 13 12 4
21071 20 19 5
21072 15 14 4
21073 8 7 6
21074 10 10 4
21075 14 13 5
21076 15 14 6
21077 10 10 4
21078 14 13 5
21079 11 11 5
21080 11 10 4
21081 12 11 5
21082 13 13 5
21083 11 10 4
21084 14 13 5
21085 5 5 5
21086 6 5 4
21087 14 13 7
21088 7 6 5
21089 7 6 5
21090 9 8 4
21091 12 11 5
21092 19 19 5
21093 13 12 6
21094 8 8 4
21095 12 11 5
21096 15 14 6
21097 8 8 4
21098 12 11 5
21099 15 14 6
21100 10 10 4
21101 14 13 5
21102 17 17 5
21103 11 11 5
21104 13 12 6
21105 10 10 4
21106 18 17 5
21107 27 27 5
21108 9 8 4
21109 14 13 5
21110 13 12 6
21111 8 8 4
21112 14 13 5
21113 15 14 6
21114 12 12 4
21115 10 9 5
21116 9 8 4
21117 8 7 6
21118 16 16 6
21119 16 16 6
21120 14 14 4
21121 12 11 5
21122 11 11 5
21123 15 14 6
21124 12 12 4
21125 10 9 5
21126 13 13 5
21127 9 8 4
21128 20 19 5
21129 7 7 7
21130 12 12 4
21131 10 9 5
21132 9 8 4
21133 12 11 5
21134 7 6 5
21135 11 10 4
21136 20 19 7
21137 13 12 4
21138 6 5 4
21139 6 5 4
21140 12 11 5
21141 5 5 5
21142 14 13 5
21143 11 11 5
21144 13 12 6
21145 6 6 6
21146 9 8 4
21147 16 15 5
21148 11 11 5
21149 13 12 4
21150 14 13 7
21151 11 10 4
21152 12 11 5
21153 7 6 5
21154 17 16 4
21155 8 7 6
21156 14 14 6
21157 20 20 6
21158 10 10 4
21159 12 11 5
21160 21 20 4
21161 18 17 5
21162 23 23 5
21163 15 14 4
21164 12 11 5
21165 13 12 4
21166 14 13 5
21167 17 17 5
21168 7 6 5
21169 11 10 4
21170 16 15 5
21171 13 13 5
21172 13 12 6
21173 6 6 6
21174 19 18 6
21175 14 14 4
21176 12 11 5
21177 13 12 4
21178 10 9 5
21179 17 16 6
21180 22 22 4
21181 14 13 5
21182 7 6 5
21183 11 10 6
21184 16 16 6
21185 16 16 4
21186 14 13 5
21187 19 19 5
21188 7 6 5
21189 15 14 6
21190 10 10 4
21191 10 9 5
21192 11 10 6
21193 6 5 4
21194 16 15 5
21195 11 10 6
21196 14 14 6
21197 12 12 4
21198 10 9 5
21199 9 8 4
21200 12 11 5
21201 7 6 5
21202 13 13 5
21203 13 12 6
21204 14 14 4
21205 6 5 4
21206 12 11 5
21207 9 9 5
21208 13 12 6
21209 12 12 6
21210 16 16 4
21211 10 9 5
21212 9 8 4
21213 14 13 5
21214 9 9 5
21215 11 10 4
21216 16 15 5
21217 17 17 5
21218 7 6 5
21219 13 12 6
21220 16 16 4
21221 16 15 5
21222 15 15 5
21223 15 15 5
21224 11 11 5
21225 15 15 5
21226 11 10 4
21227 18 17 5
21228 9 9 5
21229 13 12 4
21230 12 11 5
21231 15 15 5
21232 13 12 6
21233 10 10 6
21234 12 12 6
21235 8 8 4
21236 12 11 5
21237 9 9 5
21238 15 14 4
21239 10 9 5
21240 7 6 5
21241 17 17 5
21242 11 10 6
21243 12 12 6
21244 6 6 6
21245 7 6 5
21246 9 8 4
21247 12 11 5
21248 15 15 5
21249 9 8 4
21250 14 13 5
21251 15 15 5
21252 17 16 6
21253 10 10 6
21254 12 12 4
21255 24 23 7
21256 7 6 5
21257 17 16 6
21258 14 14 6
21259 10 10 4
21260 18 17 5
21261 19 19 5
21262 7 6 5
21263 17 16 6
21264 10 10 4
21265 10 9 5
21266 15 14 6
21267 8 8 4
21268 10 9 5
21269 11 11 5
21270 17 17 5
21271 9 8 4
21272 14 13 5
21273 15 15 5
21274 25 24 4
21275 14 13 5
21276 15 15 5
21277 17 16 4
21278 16 15 7
21279 9 8 4
21280 10 9 5
21281 15 14 4
21282 10 9 5
21283 19 18 6
21284 12 12 4
21285 10 9 5
21286 17 17 5
21287 9 8 4
21288 10 9 5
21289 9 9 5
21290 17 16 6
21291 8 8 4
21292 10 9 5
21293 21 21 5
21294 11 10 4
21295 12 11 5
21296 17 16 6
21297 14 14 4
21298 10 9 5
21299 11 11 5
21300 15 14 6
21301 10 10 4
21302 16 15 5
21303 9 8 4
21304 12 11 5
21305 19 18 6
21306 14 13 5
21307 21 20 6
21308 24 24 4
21309 14 13 5
21310 9 9 5
21311 11 10 6
21312 10 10 6
21313 14 14 4
21314 16 15 5
21315 13 12 4
21316 16 15 5
21317 13 12 4
21318 12 11 5
21319 19 19 5
21320 11 10 4
21321 12 11 5
21322 15 14 6
21323 6 5 4
21324 12 11 5
21325 11 10 4
21326 14 13 5
21327 11 10 4
21328 16 15 7
21329 9 8 4
21330 14 13 5
21331 13 13 5
21332 17 16 4
21333 14 13 5
21334 17 16 6
21335 12 12 4
21336 14 13 5
21337 5 5 5
21338 16 15 5
21339 15 14 6
21340 20 20 4
21341 16 15 5
21342 11 11 5
21343 15 14 6
21344 8 8 4
21345 16 15 5
21346 9 8 4
21347 12 11 5
21348 15 15 5
21349 13 13 5
21350 17 16 4
21351 16 15 7
21352 13 12 4
21353 14 13 5
21354 11 10 4
21355 12 11 7
21356 17 16 4
21357 10 9 5
21358 11 11 5
21359 23 22 6
21360 10 10 4
21361 12 11 5
21362 15 14 6
21363 10 10 4
21364 14 13 5
21365 15 15 5
21366 15 15 5
21367 13 13 5
21368 17 16 6
21369 8 8 4
21370 12 11 5
21371 13 13 5
21372 11 11 5
21373 13 12 6
21374 12 12 4
21375 16 15 7
21376 9 8 4
21377 14 13 5
21378 13 12 6
21379 16 16 6
21380 6 6 6
21381 15 14 6
21382 12 12 4
21383 10 9 5
21384 17 17 5
21385 17 16 6
21386 14 14 6
21387 12 12 4
21388 22 21 5
21389 11 11 5
21390 9 9 5
21391 7 6 5
21392 11 10 6
21393 14 14 6
21394 14 14 4
21395 18 17 5
21396 7 6 5
21397 19 18 6
21398 12 11 5
21399 9 8 4
21400 28 27 5
21401 13 12 4
21402 12 11 5
21403 5 5 5
21404 14 13 5
21405 9 9 5
21406 15 15 5
21407 13 12 6
21408 10 10 4
21409 12 11 5
21410 13 13 5
21411 19 19 5
21412 11 10 4
21413 14 13 5
21414 11 10 6
21415 10 9 5
21416 9 8 4
21417 14 13 5
21418 11 10 6
21419 12 12 4
21420 24 23 5
21421 19 19 5
21422 15 14 4
21423 6 5 4
21424 14 13 5
21425 11 11 5
21426 11 10 4
21427 12 11 5
21428 13 12 4
21429 12 11 5
21430 13 12 6
21431 12 12 4
21432 14 13 5
21433 15 15 5
21434 11 10 4
21435 8 7 6
21436 16 16 4
21437 14 13 5
21438 9 9 5
21439 13 13 5
21440 7 6 5
21441 7 6 5
21442 21 21 5
21443 9 8 4
21444 26 25 5
21445 19 19 5
21446 17 16 6
21447 16 16 4
21448 10 9 5
21449 13 13 5
21450 21 20 4
21451 10 9 5
21452 19 19 5
21453 13 12 6
21454 8 8 4
21455 12 11 5
21456 13 13 5
21457 11 11 5
21458 13 12 6
21459 12 12 4
21460 16 15 7
21461 9 8 4
21462 10 9 5
21463 17 16 6
21464 14 14 4
21465 18 17 5
21466 17 16 6
21467 18 18 4
21468 10 9 5
21469 7 6 5
21470 7 6 5
21471 15 14 6
21472 10 10 6
21473 10 10 4
21474 10 9 5
21475 9 9 5
21476 11 10 6
21477 10 10 4
21478 20 19 5
21479 15 15 5
21480 13 12 6
21481 8 8 4
21482 10 9 5
21483 11 11 5
21484 19 18 6
21485 12 12 4
21486 20 19 5
21487 15 15 5
21488 17 17 5
21489 17 16 4
21490 10 9 5
21491 19 18 6
21492 12 12 4
21493 12 11 5
21494 13 13 5
21495 11 11 5
21496 13 13 5
21497 11 10 6
21498 12 12 6
21499 10 10 4
21500 12 11 5
21501 17 17 5
21502 17 16 6
21503 12 12 4
21504 16 15 5
21505 21 21 5
21506 11 10 4
21507 14 13 5
21508 9 9 5
21509 11 11 5
21510 9 8 4
21511 14 13 5
21512 9 9 5
21513 19 18 6
21514 14 14 6
21515 8 8 4
21516 14 13 5
21517 11 11 5
21518 13 12 4
21519 10 9 5
21520 9 9 5
21521 13 12 4
21522 16 15 5
21523 11 10 6
21524 14 14 4
21525 12 11 5
21526 5 5 5
21527 16 15 5
21528 13 13 5
21529 15 14 6
21530 16 16 6
21531 8 8 4
21532 22 21 5
21533 13 12 4
21534 16 15 5
21535 11 10 6
21536 10 10 4
21537 6 5 4
21538 10 9 5
21539 5 5 5
21540 16 15 5
21541 15 14 6
21542 8 8 4
21543 20 19 5
21544 19 18 6
21545 8 8 4
21546 16 15 5
21547 11 11 5
21548 19 18 4
21549 12 11 5
21550 9 8 4
21551 12 11 5
21552 13 13 5
21553 11 10 6
21554 16 16 4
21555 10 9 5
21556 15 14 6
21557 16 15 5
21558 13 13 5
21559 15 14 6
21560 14 13 5
21561 13 12 4
21562 16 15 5
21563 11 10 4
21564 10 9 5
21565 17 16 6
21566 12 11 5
21567 13 12 4
21568 14 13 5
21569 7 6 5
21570 9 9 5
21571 11 10 6
21572 12 12 4
21573 14 13 5
21574 11 10 4
21575 14 13 5
21576 11 11 5
21577 13 13 5
21578 13 12 6
21579 8 8 4
21580 14 13 5
21581 13 13 5
21582 7 6 5
21583 13 12 6
21584 14 13 5
21585 9 8 4
21586 10 9 5
21587 15 14 6
21588 6 6 6
21589 21 20 4
21590 10 9 5
21591 13 12 6
21592 10 10 4
21593 12 11 5
21594 13 13 5
21595 13 13 5
21596 7 6 5
21597 13 13 5
21598 13 13 5
21599 11 10 6
21600 8 8 4
21601 14 13 5
21602 11 11 5
21603 15 14 6
21604 14 14 4
21605 18 17 5
21606 11 10 6
21607 10 10 6
21608 6 6 6
21609 9 8 4
21610 12 11 5
21611 13 13 5
21612 19 18 6
21613 6 6 6
21614 15 15 5
21615 11 11 5
21616 15 14 4
21617 10 9 5
21618 13 13 5
21619 19 19 5
21620 11 10 4
21621 14 13 5
21622 21 20 4
21623 14 13 5
21624 17 17 5
21625 13 13 5
21626 25 24 6
21627 14 14 4
21628 16 15 5
21629 17 16 4
21630 14 13 5
21631 11 10 4
21632 14 13 5
21633 13 13 5
21634 15 14 6
21635 12 11 5
21636 11 10 6
21637 14 14 4
21638 16 15 5
21639 19 18 4
21640 18 17 7
21641 9 8 4
21642 10 9 5
21643 19 18 6
21644 12 12 4
21645 14 13 5
21646 9 8 4
21647 14 13 7
21648 11 10 4
21649 16 15 5
21650 23 23 5
21651 31 30 6
21652 10 10 4
21653 6 5 4
21654 14 13 5
21655 11 11 5
21656 11 10 4
21657 10 9 5
21658 9 8 4
21659 12 11 5
21660 19 19 5
21661 13 13 5
21662 13 12 4
21663 14 13 5
21664 15 15 5
21665 5 5 5
21666 12 11 5
21667 15 14 4
21668 8 7 6
21669 10 9 5
21670 11 10 4
21671 16 15 5
21672 7 6 5
21673 9 8 7
21674 11 10 4
21675 14 13 5
21676 7 6 5
21677 13 13 5
21678 5 5 5
21679 14 13 5
21680 19 19 5
21681 21 20 6
21682 6 6 6
21683 19 18 4
21684 22 21 7
21685 11 10 4
21686 18 17 5
21687 21 20 6
21688 16 16 6
21689 12 12 6
21690 10 10 4
21691 10 9 5
21692 11 11 5
21693 5 5 5
21694 12 11 5
21695 9 8 4
21696 16 15 5
21697 9 9 5
21698 11 10 4
21699 12 11 5
21700 5 5 5
21701 14 13 5
21702 11 10 6
21703 10 10 6
21704 10 10 4
21705 10 9 5
21706 13 13 5
21707 15 14 4
21708 12 11 7
21709 11 10 4
21710 12 11 5
21711 19 18 6
21712 8 8 4
21713 20 19 5
21714 21 20 6
21715 10 10 6
21716 8 8 4
21717 12 11 5
21718 11 10 6
21719 10 10 4
21720 16 15 7
21721 13 12 4
21722 12 11 5
21723 11 10 4
21724 12 11 5
21725 13 13 5
21726 13 13 5
21727 9 8 4
21728 16 15 5
21729 15 15 5
21730 15 15 5
21731 13 13 5
21732 11 10 4
21733 16 15 5
21734 5 5 5
21735 10 9 5
21736 13 13 5
21737 11 11 5
21738 9 8 4
21739 10 9 5
21740 13 13 5
21741 13 12 4
21742 12 11 5
21743 15 14 6
21744 12 11 5
21745 13 12 6
21746 8 8 4
21747 12 11 5
21748 9 9 5
21749 5 5 5
21750 10 9 5
21751 13 12 6
21752 10 10 4
21753 12 11 5
21754 13 12 6
21755 14 14 6
21756 20 20 4
21757 14 13 5
21758 9 9 5
21759 11 10 4
21760 14 13 5
21761 11 11 5
21762 11 11 5
21763 17 16 4
21764 22 21 5
21765 13 13 5
21766 21 20 4
21767 18 17 5
21768 19 18 6
21769 12 12 6
21770 16 16 4
21771 16 15 5
21772 13 13 5
21773 13 13 5
21774 13 12 4
21775 10 9 5
21776 11 10 6
21777 14 13 5
21778 17 16 6
21779 20 20 4
21780 16 15 5
21781 13 12 6
21782 14 13 5
21783 13 12 4
21784 12 11 5
21785 13 13 5
21786 23 22 6
21787 6 6 6
21788 19 18 6
21789 12 12 4
21790 12 11 5
21791 9 9 5
21792 11 10 4
21793 12 11 5
21794 9 9 5
21795 11 10 4
21796 16 15 7
21797 13 12 4
21798 10 9 5
21799 11 10 6
21800 18 18 4
21801 16 15 5
21802 9 9 5
21803 7 6 5
21804 11 10 4
21805 12 11 7
21806 15 14 4
21807 10 9 5
21808 19 19 7
21809 11 10 4
21810 10 9 5
21811 15 14 4
21812 10 9 5
21813 17 16 6
21814 6 6 6
21815 11 10 4
21816 12 11 5
21817 17 17 7
21818 7 6 5
21819 11 10 4
21820 12 11 5
21821 13 12 6
21822 10 10 4
21823 10 9 5
21824 17 16 4
21825 10 9 5
21826 13 13 5
21827 13 13 5
21828 13 12 6
21829 8 8 4
21830 14 13 5
21831 11 11 5
21832 15 14 6
21833 10 10 4
21834 16 15 5
21835 17 17 5
21836 11 11 5
21837 19 18 6
21838 10 10 4
21839 12 11 5
21840 15 14 6
21841 12 12 4
21842 18 17 5
21843 27 27 5
21844 15 14 6
21845 12 12 4
21846 16 15 5
21847 9 9 5
21848 13 12 6
21849 10 10 4
21850 10 9 5
21851 17 17 5
21852 13 12 6
21853 16 16 6
21854 6 6 6
21855 15 14 6
21856 10 10 4
21857 14 13 5
21858 7 6 5
21859 13 13 5
21860 9 8 4
21861 16 15 5
21862 15 14 6
21863 10 10 6
21864 6 6 6
21865 13 12 4
21866 22 21 5
21867 17 17 5
21868 25 24 6
21869 10 10 6
21870 10 10 4
21871 14 13 5
21872 11 11 5
21873 13 13 5
21874 11 11 5
21875 7 6 5
21876 9 8 4
21877 20 19 7
21878 23 22 6
21879 14 14 4
21880 16 15 5
21881 9 9 5
21882 11 10 4
21883 12 11 5
21884 11 11 5
21885 13 12 4
21886 16 15 5
21887 11 11 5
21888 11 10 4
21889 14 13 7
21890 11 10 4
21891 14 13 5
21892 13 12 6
21893 10 10 4
21894 12 11 5
21895 13 13 5
21896 17 16 6
21897 12 12 6
21898 10 10 4
21899 12 11 5
21900 11 11 5
21901 19 18 4
21902 12 11 5
21903 13 13 5
21904 11 10 6
21905 6 6 6
21906 21 20 6
21907 12 12 6
21908 10 10 4
21909 12 11 5
21910 23 22 6
21911 10 10 4
21912 18 17 5
21913 11 11 5
21914 19 18 6
21915 12 12 4
21916 16 15 5
21917 5 5 5
21918 6 5 4
21919 12 11 7
21920 11 10 4
21921 10 9 5
21922 9 8 4
21923 10 9 5
21924 13 13 5
21925 13 12 4
21926 12 11 5
21927 11 11 5
21928 11 10 6
21929 16 16 6
21930 16 16 4
21931 14 13 5
21932 11 10 6
21933 10 10 4
21934 12 11 5
21935 11 10 4
21936 12 11 5
21937 9 9 5
21938 15 15 5
21939 13 12 6
21940 14 14 6
21941 12 12 4
21942 12 11 5
21943 11 10 6
21944 8 8 4
21945 10 9 5
21946 9 8 4
21947 10 9 5
21948 7 7 7
21949 8 8 4
21950 12 11 5
21951 13 13 5
21952 9 8 4
21953 12 11 5
21954 11 10 4
21955 12 11 5
21956 13 12 6
21957 10 10 4
21958 12 11 5
21959 19 18 6
21960 18 18 4
21961 10 9 5
21962 11 10 4
21963 10 9 5
21964 11 11 5
21965 9 9 5
21966 15 14 4
21967 16 15 5
21968 11 10 6
21969 18 18 6
21970 6 6 6
21971 21 20 6
21972 10 9 5
21973 9 8 4
21974 8 7 6
21975 18 18 4
21976 12 11 5
21977 9 8 4
21978 16 15 5
21979 9 9 5
21980 11 10 6
21981 8 8 4
21982 10 9 5
21983 15 14 6
21984 10 10 4
21985 16 15 5
21986 9 8 4
21987 16 15 5
21988 11 11 5
21989 13 12 4
21990 10 9 5
21991 7 6 5
21992 13 12 4
21993 10 9 5
21994 13 13 5
21995 13 12 4
21996 12 11 5
21997 11 11 5
21998 11 10 4
21999 10 9 5
22000 15 15 5
22001 11 10 4
22002 12 11 5
22003 9 9 5
22004 11 10 4
22005 10 9 5
22006 21 21 5
22007 11 10 6
22008 12 12 6
22009 8 8 4
22010 16 15 7
22011 11 10 4
22012 12 11 5
22013 17 16 6
22014 12 12 4
22015 10 9 5
22016 9 8 4
22017 16 15 7
22018 11 10 4
22019 6 5 4
22020 10 9 5
22021 13 13 5
22022 5 5 5
22023 10 9 5
22024 9 9 5
22025 11 10 4
22026 10 9 5
22027 11 10 6
22028 10 10 6
22029 8 8 4
22030 6 5 4
22031 12 11 5
22032 5 5 5
22033 28 27 7
22034 13 12 4
22035 12 11 5
22036 11 10 4
22037 16 15 5
22038 19 19 5
22039 9 8 4
22040 12 11 7
22041 13 12 4
22042 10 9 5
22043 9 9 5
22044 9 8 4
22045 14 13 5
22046 11 11 5
22047 9 8 4
22048 6 5 4
22049 8 7 6
22050 16 16 6
22051 8 8 4
22052 10 9 5
22053 25 24 6
22054 16 16 6
22055 18 18 6
22056 12 12 4
22057 14 13 5
22058 17 16 4
22059 14 13 5
22060 13 13 5
22061 17 16 4
22062 10 9 5
22063 9 8 4
22064 18 17 5
22065 11 11 5
22066 11 10 4
22067 6 5 4
22068 16 15 5
22069 13 13 5
22070 17 17 5
22071 11 11 5
22072 11 10 4
22073 12 11 5
22074 15 14 6
22075 14 14 6
22076 12 12 4
22077 10 9 5
22078 9 9 5
22079 17 16 6
22080 14 14 4
22081 10 9 5
22082 7 6 5
22083 11 10 4
22084 14 13 5
22085 9 9 5
22086 13 12 6
22087 16 15 5
22088 13 12 4
22089 14 13 5
22090 13 13 5
22091 15 14 4
22092 14 13 5
22093 13 13 5
22094 11 10 4
22095 16 15 5
22096 13 12 4
22097 14 13 5
22098 11 10 4
22099 10 9 5
22100 13 13 5
22101 17 17 5
22102 9 8 4
22103 10 9 5
22104 15 14 6
22105 20 19 5
22106 9 8 4
22107 12 11 5
22108 11 10 6
22109 18 18 6
22110 8 8 4
22111 10 9 5
22112 15 14 6
22113 6 6 6
22114 13 12 4
22115 14 13 5
22116 11 10 4
22117 12 11 5
22118 9 9 5
22119 9 8 4
22120 16 15 7
22121 9 8 4
22122 16 15 5
22123 15 15 5
22124 11 10 6
22125 14 14 6
22126 12 12 6
22127 14 14 4
22128 16 15 5
22129 7 6 5
22130 13 13 5
22131 7 6 5
22132 17 16 4
22133 12 11 5
22134 11 10 6
22135 8 8 4
22136 6 5 4
22137 10 9 5
22138 9 9 5
22139 9 8 4
22140 8 7 6
22141 8 8 4
22142 10 9 5
22143 7 7 7
22144 8 8 4
22145 10 9 5
22146 11 10 6
22147 10 10 4
22148 16 15 5
22149 5 5 5
22150 10 9 5
22151 11 11 5
22152 11 10 6
22153 12 12 4
22154 12 11 5
22155 19 18 6
22156 12 12 4
22157 12 11 5
22158 11 11 5
22159 15 14 6
22160 10 10 4
22161 12 11 5
22162 15 14 6
22163 14 14 6
22164 12 12 4
22165 14 13 5
22166 11 11 5
22167 13 13 5
22168 15 15 5
22169 15 14 4
22170 16 15 5
22171 13 12 6
22172 10 10 4
22173 14 13 5
22174 15 14 6
22175 6 6 6
22176 11 10 6
22177 10 10 4
22178 14 13 5
22179 13 13 5
22180 11 10 6
22181 12 12 4
22182 10 9 5
22183 13 12 4
22184 14 13 5
22185 15 14 6
22186 14 14 6
22187 10 10 6
22188 10 10 4
22189 12 11 5
22190 17 16 6
22191 8 8 4
22192 14 13 5
22193 11 11 5
22194 11 10 6
22195 10 10 4
22196 12 11 5
22197 19 18 6
22198 10 10 4
22199 12 11 5
22200 11 10 4
22201 16 15 5
22202 11 10 6
22203 10 10 4
22204 12 11 5
22205 9 8 4
22206 16 15 5
22207 5 5 5
22208 10 9 5
22209 11 11 5
22210 9 8 4
22211 14 13 5
22212 17 16 4
22213 10 9 5
22214 13 12 6
22215 12 12 4
22216 6 5 4
22217 10 9 5
22218 15 14 6
22219 16 16 6
22220 12 12 4
22221 14 13 5
22222 11 11 5
22223 15 14 6
22224 12 12 4
22225 18 17 5
22226 17 16 4
22227 12 11 5
22228 11 11 5
22229 11 10 6
22230 12 11 5
22231 9 8 4
22232 14 13 5
22233 9 9 5
22234 17 16 4
22235 10 9 5
22236 11 11 5
22237 15 14 4
22238 14 13 5
22239 5 5 5
22240 14 13 5
22241 19 18 6
22242 8 8 4
22243 16 15 5
22244 7 6 5
22245 11 11 5
22246 7 6 5
22247 13 12 6
22248 14 14 4
22249 16 15 5
22250 11 11 5
22251 17 16 4
22252 8 7 6
22253 12 12 4
22254 6 5 4
22255 14 13 7
22256 13 12 4
22257 12 11 5
22258 17 16 6
22259 14 14 6
22260 12 12 4
22261 6 5 4
22262 10 9 5
22263 9 9 5
22264 9 8 4
22265 12 11 5
22266 5 5 5
22267 8 7 6
22268 16 16 6
22269 10 10 4
22270 6 5 4
22271 10 9 5
22272 11 11 5
22273 9 9 5
22274 11 10 4
22275 16 15 5
22276 11 11 5
22277 9 9 5
22278 15 14 6
22279 6 6 6
22280 13 12 6
22281 14 14 4
22282 12 11 5
22283 13 12 6
22284 14 14 6
22285 10 10 4
22286 16 15 5
22287 9 9 5
22288 15 14 6
22289 14 14 4
22290 12 11 5
22291 9 9 5
22292 11 10 4
22293 14 13 5
22294 19 18 6
22295 10 10 4
22296 10 9 5
22297 17 16 6
22298 14 13 5
22299 15 14 6
22300 8 8 4
22301 18 17 5
22302 9 9 5
22303 13 12 6
22304 8 8 4
22305 6 5 4
22306 14 13 5
22307 11 10 4
22308 12 11 5
22309 11 11 5
22310 9 9 5
22311 9 8 4
22312 14 13 5
22313 27 27 7
22314 9 8 4
22315 18 17 5
22316 11 11 5
22317 17 16 6
22318 10 10 6
22319 12 12 4
22320 12 11 5
22321 7 6 5
22322 5 5 5
22323 10 9 5
22324 11 10 6
22325 10 10 4
22326 12 11 5
22327 9 9 5
22328 11 10 4
22329 10 9 5
22330 13 13 5
22331 13 12 4
22332 14 13 5
22333 7 6 5
22334 13 12 4
22335 18 17 5
22336 13 13 5
22337 19 18 4
22338 12 11 5
22339 9 9 5
22340 11 10 4
22341 14 13 5
22342 11 11 5
22343 15 14 6
22344 8 8 4
22345 12 11 5
22346 13 13 5
22347 7 6 5
22348 9 8 4
22349 14 13 5
22350 13 13 5
22351 11 11 5
22352 15 14 4
22353 14 13 5
22354 13 12 6
22355 6 6 6
22356 9 8 4
22357 12 11 5
22358 17 16 6
22359 16 16 6
22360 16 16 6
22361 10 10 4
22362 10 9 5
22363 17 16 4
22364 14 13 5
22365 11 11 5
22366 9 8 4
22367 12 11 5
22368 11 11 5
22369 13 12 6
22370 12 12 6
22371 12 12 4
22372 20 19 5
22373 5 5 5
22374 14 13 5
22375 7 6 5
22376 9 8 4
22377 10 9 5
22378 13 13 5
22379 15 14 4
22380 20 19 7
22381 11 10 4
22382 10 9 5
22383 9 9 5
22384 15 14 6
22385 14 13 5
22386 15 14 6
22387 8 8 4
22388 14 13 5
22389 21 21 5
22390 15 14 6
22391 12 11 5
22392 9 8 4
22393 14 13 5
22394 11 10 6
22395 10 10 4
22396 12 11 5
22397 7 6 5
22398 5 5 5
22399 14 13 5
22400 15 15 5
22401 15 14 4
22402 18 17 5
22403 15 14 4
22404 12 11 5
22405 11 10 6
22406 14 13 5
22407 11 10 4
22408 16 15 5
22409 11 11 5
22410 17 17 5
22411 19 18 6
22412 8 8 4
22413 12 11 5
22414 15 15 5
22415 9 8 4
22416 16 15 5
22417 9 9 5
22418 15 14 4
22419 12 11 5
22420 13 12 6
22421 6 6 6
22422 13 12 4
22423 10 9 5
22424 9 9 5
22425 11 10 6
22426 10 10 4
22427 18 17 5
22428 13 13 5
22429 11 10 4
22430 10 9 5
22431 11 10 6
22432 16 16 6
22433 12 12 4
22434 10 9 5
22435 7 6 5
22436 9 9 5
22437 7 6 5
22438 13 12 6
22439 12 11 5
22440 11 10 6
22441 10 10 4
22442 10 9 5
22443 11 10 4
22444 14 13 5
22445 11 11 5
22446 13 13 5
22447 13 12 4
22448 12 11 5
22449 11 10 4
22450 10 9 5
22451 15 14 6
22452 6 6 6
22453 13 12 6
22454 10 10 6
22455 14 14 4
22456 6 5 4
22457 12 11 5
22458 11 10 4
22459 12 11 5
22460 9 9 5
22461 15 14 6
22462 12 12 4
22463 18 17 5
22464 11 11 5
22465 9 8 4
22466 12 11 5
22467 9 8 4
22468 18 17 7
22469 17 16 6
22470 14 14 4
22471 20 19 5
22472 9 9 5
22473 9 8 4
22474 14 13 5
22475 15 14 6
22476 14 14 6
22477 16 16 4
22478 10 9 5
22479 9 9 5
22480 13 12 4
22481 16 15 5
22482 13 13 5
22483 17 16 6
22484 12 12 6
22485 12 12 4
22486 12 11 5
22487 13 12 6
22488 12 11 5
22489 13 12 4
22490 10 9 5
22491 11 10 6
22492 10 10 4
22493 16 15 5
22494 7 6 5
22495 11 11 5
22496 9 9 5
22497 15 14 6
22498 14 14 4
22499 20 19 5
22500 9 8 4
22501 10 9 5
22502 11 11 5
22503 11 10 6
22504 10 10 4
22505 10 9 5
22506 9 9 5
22507 15 14 6
22508 14 14 6
22509 6 6 6
22510 7 6 5
22511 19 18 6
22512 8 8 4
22513 14 13 5
22514 13 12 6
22515 6 6 6
22516 11 11 5
22517 13 12 6
22518 12 12 4
22519 10 9 5
22520 13 12 4
22521 12 11 5
22522 17 17 5
22523 9 9 5
22524 17 16 6
22525 14 14 4
22526 12 11 5
22527 15 14 6
22528 12 12 6
22529 24 24 4
22530 14 13 5
22531 17 17 5
22532 13 12 6
22533 12 12 6
22534 8 8 4
22535 10 9 5
22536 13 12 6
22537 10 10 6
22538 8 8 4
22539 16 15 5
22540 15 14 6
22541 8 8 4
22542 14 13 5
22543 11 11 5
22544 13 13 5
22545 11 10 4
22546 16 15 5
22547 13 13 5
22548 9 8 4
22549 14 13 5
22550 13 13 5
22551 15 14 6
22552 8 8 4
22553 10 9 5
22554 9 8 4
22555 8 7 6
22556 10 10 4
22557 10 9 5
22558 11 11 5
22559 11 10 6
22560 14 14 4
22561 14 13 7
22562 7 6 5
22563 13 12 4
22564 10 9 5
22565 11 10 4
22566 12 11 5
22567 5 5 5
22568 10 9 5
22569 19 18 6
22570 8 8 4
22571 18 17 5
22572 15 14 4
22573 12 11 5
22574 11 10 4
22575 14 13 5
22576 13 13 5
22577 5 5 5
22578 16 15 5
22579 17 17 5
22580 9 8 4
22581 10 9 5
22582 9 9 5
22583 9 8 4
22584 12 11 5
22585 9 9 5
22586 13 12 4
22587 12 11 5
22588 9 9 5
22589 9 9 5
22590 9 8 4
22591 20 19 5
22592 21 21 5
22593 15 14 6
22594 10 10 4
22595 10 9 5
22596 11 11 5
22597 15 14 6
22598 12 11 5
22599 11 10 4
22600 6 5 4
22601 18 17 5
22602 19 18 6
22603 16 16 6
22604 22 21 5
22605 11 10 4
22606 18 17 5
22607 13 12 6
22608 6 6 6
22609 13 12 4
22610 18 17 5
22611 13 13 5
22612 9 8 4
22613 12 11 5
22614 17 17 5
22615 17 16 6
22616 12 12 4
22617 20 19 5
22618 13 12 6
22619 10 10 4
22620 12 11 5
22621 13 13 5
22622 13 12 4
22623 14 13 5
22624 9 8 4
22625 16 15 5
22626 17 16 6
22627 16 16 6
22628 10 10 4
22629 12 11 5
22630 9 8 4
22631 18 17 5
22632 13 13 5
22633 15 14 6
22634 6 6 6
22635 7 6 5
22636 13 13 5
22637 11 10 4
22638 10 9 5
22639 11 11 5
22640 17 16 6
22641 18 18 4
22642 16 15 5
22643 7 6 5
22644 15 14 6
22645 12 12 4
22646 10 9 5
22647 11 10 6
22648 6 6 6
22649 11 10 4
22650 16 15 5
22651 15 15 5
22652 11 11 5
22653 21 20 6
22654 14 14 4
22655 12 11 5
22656 19 18 6
22657 16 16 6
22658 16 16 4
22659 14 13 5
22660 11 10 6
22661 14 13 5
22662 25 24 6
22663 14 14 6
22664 12 12 6
22665 8 8 4
22666 20 19 5
22667 15 15 5
22668 13 12 6
22669 12 12 4
22670 12 11 5
22671 13 12 6
22672 12 12 4
22673 10 9 5
22674 11 11 5
22675 15 14 6
22676 8 8 4
22677 14 13 5
22678 15 14 6
22679 8 8 4
22680 10 9 5
22681 11 11 5
22682 9 8 4
22683 10 9 5
22684 13 13 5
22685 13 13 5
22686 11 10 4
22687 14 13 5
22688 9 9 5
22689 15 14 4
22690 18 17 7
22691 11 10 4
22692 12 11 5
22693 9 8 4
22694 12 11 5
22695 15 15 5
22696 11 10 6
22697 20 19 5
22698 11 11 5
22699 17 16 6
22700 16 16 4
22701 18 17 5
22702 11 11 5
22703 11 10 4
22704 16 15 7
22705 15 14 6
22706 10 10 4
22707 14 13 5
22708 7 6 5
22709 9 9 5
22710 17 16 4
22711 10 9 5
22712 7 7 7
22713 8 8 4
22714 16 15 5
22715 15 14 4
22716 12 11 5
22717 5 5 5
22718 14 13 5
22719 15 15 5
22720 15 14 6
22721 16 15 5
22722 11 10 6
22723 20 20 6
22724 12 12 4
22725 12 11 5
22726 13 12 6
22727 10 10 4
22728 8 7 6
22729 18 18 6
22730 16 16 4
22731 12 11 5
22732 17 16 6
22733 10 10 4
22734 12 11 5
22735 19 18 6
22736 16 16 6
22737 8 8 4
22738 14 13 5
22739 13 13 5
22740 13 12 6
22741 14 14 6
22742 8 8 4
22743 14 13 5
22744 13 13 5
22745 13 12 4
22746 16 15 5
22747 19 19 5
22748 7 6 5
22749 9 9 5
22750 9 8 4
22751 16 15 5
22752 7 7 7
22753 14 14 4
22754 18 17 5
22755 11 11 5
22756 13 12 6
22757 14 14 4
22758 10 9 5
22759 11 11 5
22760 13 13 5
22761 9 8 4
22762 14 13 5
22763 11 11 5
22764 15 14 6
22765 14 13 5
22766 9 8 4
22767 12 11 5
22768 15 15 5
22769 13 12 6
22770 12 12 4
22771 16 15 5
22772 15 15 5
22773 15 14 4
22774 20 19 5
22775 5 5 5
22776 12 11 5
22777 15 14 6
22778 8 8 4
22779 10 9 5
22780 17 16 6
22781 10 10 4
22782 12 11 5
22783 13 12 6
22784 20 20 4
22785 22 21 5
22786 9 9 5
22787 11 11 5
22788 5 5 5
22789 10 9 5
22790 15 14 6
22791 18 17 5
22792 25 24 4
22793 12 11 5
22794 11 11 5
22795 15 14 6
22796 12 12 6
22797 10 10 6
22798 16 16 4
22799 20 19 5
22800 11 10 4
22801 18 17 5
22802 9 9 5
22803 9 8 4
22804 18 17 5
22805 9 9 5
22806 15 14 6
22807 16 16 6
22808 12 12 4
22809 22 21 7
22810 13 12 4
22811 14 13 5
22812 13 12 4
22813 14 13 5
22814 11 10 4
22815 10 9 5
22816 17 17 5
22817 9 9 5
22818 11 10 4
22819 14 13 5
22820 21 20 6
22821 6 6 6
22822 13 12 4
22823 6 5 4
22824 10 9 5
22825 7 7 7
22826 14 14 4
22827 10 9 5
22828 11 10 4
22829 12 11 5
22830 11 10 6
22831 10 10 4
22832 10 9 5
22833 7 6 5
22834 11 10 6
22835 10 10 4
22836 14 13 5
22837 5 5 5
22838 24 23 5
22839 13 13 5
22840 9 9 5
22841 15 15 5
22842 7 6 5
22843 9 8 4
22844 16 15 5
22845 13 12 4
22846 20 19 5
22847 11 10 6
22848 10 9 5
22849 13 12 6
22850 8 8 4
22851 16 15 5
22852 11 10 6
22853 10 10 4
22854 10 9 5
22855 11 10 4
22856 16 15 5
22857 15 15 5
22858 17 16 6
22859 8 8 4
22860 16 15 5
22861 21 20 6
22862 10 10 6
22863 10 10 4
22864 10 9 5
22865 11 10 6
22866 18 18 4
22867 12 11 7
22868 17 16 4
22869 10 9 5
22870 13 12 6
22871 14 14 6
22872 10 10 4
22873 12 11 5
22874 13 13 5
22875 9 8 4
22876 20 19 5
22877 11 10 6
22878 10 10 4
22879 12 11 5
22880 11 10 6
22881 14 14 4
22882 14 13 7
22883 21 20 4
22884 8 7 6
22885 6 6 6
22886 15 14 4
22887 20 19 5
22888 17 16 6
22889 10 9 5
22890 9 8 4
22891 12 11 5
22892 11 11 5
22893 11 10 4
22894 10 9 5
22895 11 10 6
22896 20 20 6
22897 14 14 4
22898 28 27 5
22899 11 11 5
22900 21 20 6
22901 14 14 4
22902 18 17 5
22903 19 19 5
22904 17 16 6
22905 20 20 6
22906 10 10 4
22907 16 15 5
22908 15 15 5
22909 15 15 5
22910 15 14 6
22911 20 20 6
22912 28 28 6
22913 14 13 5
22914 11 10 4
22915 14 13 7
22916 19 18 4
22917 18 17 5
22918 15 14 6
22919 6 6 6
22920 19 18 6
22921 6 6 6
22922 9 8 4
22923 12 11 7
22924 13 12 4
22925 12 11 5
22926 23 22 4
22927 10 9 5
22928 15 15 5
22929 9 9 5
22930 13 12 6
22931 14 14 4
22932 16 15 5
22933 9 9 5
22934 17 16 6
22935 16 16 4
22936 16 15 5
22937 15 14 6
22938 14 14 6
22939 8 8 4
22940 14 13 5
22941 15 14 6
22942 12 12 4
22943 14 13 5
22944 21 21 5
22945 17 17 5
22946 13 13 5
22947 11 10 4
22948 12 11 5
22949 13 12 4
22950 12 11 5
22951 13 12 6
22952 16 16 4
22953 12 11 5
22954 17 17 5
22955 13 12 6
22956 20 20 6
22957 16 16 6
22958 8 8 4
22959 22 21 5
22960 13 12 6
22961 12 12 4
22962 16 15 5
22963 17 17 5
22964 25 24 6
22965 20 19 5
22966 15 14 6
22967 14 14 4
22968 16 15 5
22969 9 8 4
22970 20 19 7
22971 23 22 6
22972 14 14 4
22973 20 19 5
22974 19 19 5
22975 23 22 4
22976 16 15 5
22977 13 12 6
22978 12 12 4
22979 18 17 5
22980 29 28 6
22981 20 20 6
22982 20 20 4
22983 20 19 5
22984 15 15 5
22985 17 17 5
22986 19 18 4
22987 16 15 5
22988 15 15 5
22989 19 18 4
22990 22 21 5
22991 31 31 7
22992 13 13 5
22993 21 20 6
22994 30 29 7
22995 21 21 5
22996 23 22 4
22997 14 13 5
22998 23 22 6
22999 18 18 4
23000 28 27 5
23001 21 21 7
23002 27 27 5
23003 19 18 6
23004 20 20 6
23005 42 42 8
23006 22 22 6
23007 40 39 7
23008 29 28 6
23009 26 26 8
23010 24 24 6
23011 26 25 7
23012 25 25 9
23013 35 34 6
23014 38 37 5
23015 35 34 6
23016 30 30 4
23017 26 25 5
23018 21 21 5
23019 23 22 6
23020 18 18 4
23021 28 27 5
23022 25 25 7
23023 23 22 6
23024 32 32 10
23025 22 22 6
23026 26 26 6
23027 28 28 4
23028 46 45 7
23029 21 21 5
23030 35 34 6
23031 30 29 5
23032 37 37 7
23033 29 28 8
23034 32 32 6
23035 26 26 4
23036 36 35 5
23037 29 29 7
23038 19 19 5
23039 35 35 5
23040 29 29 5
23041 35 34 6
23042 40 40 6
23043 38 38 6
23044 50 49 9
23045 25 25 7
23046 33 32 6
23047 20 20 4
23048 48 47 5
23049 23 23 7
23050 27 26 4
23051 36 35 7
23052 27 26 4
23053 34 33 5
23054 23 22 6
23055 38 38 8
23056 24 24 6
23057 22 21 5
23058 23 22 6
23059 22 22 6
23060 30 30 6
23061 22 22 6
23062 22 22 4
23063 18 17 5
23064 27 26 6
23065 26 26 4
23066 26 25 5
23067 19 19 5
23068 23 22 6
23069 12 11 5
23070 17 16 4
23071 36 35 7
23072 23 22 6
23073 26 26 4
23074 24 23 5
23075 21 20 6
23076 18 18 6
23077 14 14 4
23078 22 21 5
23079 17 16 6
23080 26 25 5
23081 21 20 6
23082 20 20 4
23083 14 13 5
23084 21 20 6
23085 20 20 4
23086 14 13 5
23087 15 15 5
23088 23 22 4
23089 18 17 5
23090 17 16 4
23091 34 33 7
23092 21 20 4
23093 28 27 5
23094 15 15 5
23095 17 16 6
23096 30 30 6
23097 24 24 6
23098 20 20 6
23099 20 20 6
23100 22 22 4
23101 22 21 5
23102 27 27 5
23103 19 18 4
23104 24 23 5
23105 21 20 6
23106 22 21 5
23107 29 28 6
23108 20 19 5
23109 25 24 4
23110 28 27 5
23111 15 15 5
23112 27 27 5
23113 17 17 5
23114 15 15 5
23115 15 14 4
23116 22 21 5
23117 15 14 6
23118 22 21 5
23119 21 21 7
23120 21 20 4
23121 20 19 5
23122 15 15 5
23123 19 18 6
23124 14 14 6
23125 16 16 6
23126 18 18 6
23127 10 10 4
23128 24 23 5
23129 21 21 5
23130 11 11 5
23131 9 8 4
23132 18 17 7
23133 21 20 6
23134 14 14 4
23135 22 21 5
23136 23 22 6
23137 8 8 4
23138 10 9 5
23139 15 14 6
23140 14 14 4
23141 26 25 5
23142 19 18 6
23143 16 15 5
23144 13 13 5
23145 17 16 4
23146 14 13 5
23147 15 14 6
23148 12 12 6
23149 12 12 4
23150 10 9 5
23151 13 13 5
23152 17 17 5
23153 17 17 5
23154 15 14 6
23155 10 10 4
23156 10 9 5
23157 15 14 6
23158 8 8 4
23159 8 7 6
23160 18 18 6
23161 14 13 5
23162 15 14 4
23163 22 21 7
23164 13 12 4
23165 16 15 5
23166 5 5 5
23167 10 9 5
23168 13 12 4
23169 20 19 5
23170 9 9 5
23171 19 18 6
23172 22 22 6
23173 16 15 5
23174 21 20 4
23175 16 15 5
23176 9 9 5
23177 19 18 4
23178 10 9 5
23179 9 9 5
23180 7 6 5
23181 13 12 6
23182 8 8 4
23183 18 17 5
23184 15 14 6
23185 16 16 6
23186 14 14 4
23187 16 15 5
23188 11 10 6
23189 12 12 6
23190 16 16 4
23191 6 5 4
23192 20 19 7
23193 17 16 4
23194 14 13 5
23195 13 12 6
23196 16 16 4
23197 18 17 5
23198 15 14 4
23199 18 17 5
23200 13 13 5
23201 13 12 4
23202 12 11 5
23203 11 11 5
23204 11 10 4
23205 14 13 5
23206 19 19 5
23207 13 12 6
23208 26 26 6
23209 8 8 4
23210 12 11 5
23211 11 10 6
23212 12 11 5
23213 9 8 4
23214 16 15 5
23215 13 12 6
23216 14 14 6
23217 10 10 4
23218 12 11 5
23219 21 20 4
23220 14 13 5
23221 15 14 6
23222 12 12 4
23223 8 7 6
23224 10 10 4
23225 16 15 5
23226 15 14 4
23227 10 9 5
23228 13 12 4
23229 16 15 7
23230 21 20 4
23231 12 11 5
23232 13 12 4
23233 14 13 5
23234 17 16 6
23235 24 23 5
23236 17 16 4
23237 24 23 5
23238 17 17 5
23239 19 19 5
23240 27 26 6
23241 20 20 4
23242 10 9 5
23243 29 29 5
23244 29 29 5
23245 21 21 5
23246 21 21 5
23247 25 25 5
23248 19 19 5
23249 21 21 5
23250 21 20 6
23251 36 35 5
23252 23 23 5
23253 21 20 4
23254 26 25 5
23255 21 21 5
23256 21 21 5
23257 37 37 7
23258 19 19 5
23259 27 26 6
23260 32 31 5
23261 25 24 6
23262 26 26 6
23263 30 29 7
23264 27 26 6
23265 38 37 9
23266 33 32 8
23267 30 30 6
23268 42 41 7
23269 19 19 5
23270 49 49 9
23271 23 22 6
23272 34 34 8
23273 32 32 8
23274 30 30 4
23275 32 31 7
23276 47 46 6
23277 42 42 8
23278 32 32 8
23279 28 27 5
23280 27 26 6
23281 38 38 8
23282 30 30 6
23283 14 14 4
23284 34 33 7
23285 37 36 6
23286 24 24 4
23287 28 27 7
23288 43 43 9
23289 37 36 6
23290 30 29 5
23291 33 33 7
23292 33 33 7
23293 31 30 6
23294 30 29 5
23295 31 30 8
23296 38 38 6
23297 26 26 6
23298 28 27 5
23299 37 36 6
23300 32 31 7
23301 29 29 7
23302 35 35 7
23303 31 30 6
23304 34 34 8
23305 38 37 7
23306 35 35 7
23307 33 32 6
23308 28 28 6
23309 34 33 5
23310 31 30 6
23311 22 22 4
23312 30 29 5
23313 25 24 6
23314 26 25 5
23315 41 40 8
23316 36 35 5
23317 25 24 6
23318 28 28 6
23319 26 25 7
23320 31 30 6
23321 26 26 6
23322 46 46 10
23323 28 28 6
23324 26 26 4
23325 46 45 9
23326 19 18 4
23327 34 33 7
23328 23 22 6
23329 32 32 6
23330 20 20 6
23331 24 23 7
23332 29 28 10
23333 20 20 4
23334 26 25 5
23335 21 21 5
23336 23 23 5
23337 11 11 5
23338 15 15 5
23339 21 21 5
23340 21 21 5
23341 15 15 5
23342 19 18 6
23343 26 25 5
23344 23 22 4
23345 14 13 5
23346 15 15 5
23347 19 19 5
23348 23 23 5
23349 11 10 4
23350 16 15 5
23351 27 26 6
23352 26 25 5
23353 35 34 6
23354 34 33 5
23355 37 36 6
23356 22 22 4
23357 18 17 5
23358 29 29 5
23359 17 16 6
23360 26 26 4
23361 34 33 9
23362 27 26 6
23363 18 18 6
23364 26 26 6
23365 30 29 7
23366 33 32 6
23367 28 28 8
23368 22 22 6
23369 10 10 4
23370 22 21 5
23371 31 30 6
23372 20 20 4
23373 12 11 5
23374 29 28 4
23375 16 15 5
23376 21 21 5
23377 23 23 5
23378 23 22 6
23379 22 22 4
23380 14 13 5
23381 25 24 4
23382 28 27 5
23383 15 15 5
23384 21 21 5
23385 23 22 6
23386 20 20 6
23387 20 20 4
23388 20 19 5
23389 19 19 5
23390 17 16 4
23391 30 29 7
23392 17 16 4
23393 14 13 5
23394 15 15 5
23395 25 25 5
23396 15 14 4
23397 18 17 5
23398 15 15 5
23399 19 18 4
23400 24 23 5
23401 15 15 5
23402 21 20 6
23403 18 18 6
23404 10 10 4
23405 14 13 5
23406 17 16 6
23407 20 20 6
23408 12 12 4
23409 14 13 5
23410 15 14 6
23411 20 19 5
23412 11 10 6
23413 14 14 6
23414 10 10 4
23415 18 17 5
23416 17 16 4
23417 6 5 4
23418 16 15 7
23419 13 12 4
23420 12 11 5
23421 11 10 6
23422 16 16 4
23423 16 15 7
23424 7 6 5
23425 9 8 4
23426 10 9 5
23427 17 16 4
23428 16 15 5
23429 19 19 5
23430 11 11 5
23431 19 18 6
23432 22 22 6
23433 10 10 4
23434 14 13 5
23435 21 20 6
23436 16 16 6
23437 10 10 6
23438 14 14 4
23439 14 13 5
23440 19 18 6
23441 10 10 4
23442 12 11 5
23443 11 10 4
23444 24 23 7
23445 11 10 4
23446 16 15 5
23447 17 16 6
23448 14 14 4
23449 16 15 5
23450 5 5 5
23451 12 11 5
23452 9 9 5
23453 13 12 6
23454 12 12 6
23455 16 16 4
23456 12 11 5
23457 13 13 5
23458 13 12 6
23459 8 8 4
23460 20 19 7
23461 17 16 4
23462 12 11 5
23463 15 14 6
23464 16 16 4
23465 16 15 7
23466 13 12 4
23467 22 21 5
23468 5 5 5
23469 18 17 5
23470 17 16 6
23471 12 12 4
23472 10 9 5
23473 11 10 4
23474 16 15 7
23475 11 10 4
23476 20 19 5
23477 13 13 5
23478 19 18 6
23479 16 16 6
23480 10 10 4
23481 12 11 5
23482 11 10 4
23483 12 11 5
23484 13 13 5
23485 13 12 6
23486 18 18 6
23487 14 14 4
23488 10 9 5
23489 11 10 4
23490 20 19 7
23491 19 18 4
23492 12 11 5
23493 23 22 6
23494 16 16 4
23495 12 11 5
23496 15 14 6
23497 6 6 6
23498 13 13 5
23499 11 10 6
23500 10 10 4
23501 12 11 7
23502 17 16 6
23503 16 16 6
23504 24 24 4
23505 28 27 7
23506 17 16 4
23507 14 13 5
23508 13 13 5
23509 21 20 6
23510 18 18 4
23511 14 13 5
23512 13 12 4
23513 12 11 5
23514 9 9 5
23515 11 11 5
23516 13 12 6
23517 26 26 6
23518 10 10 6
23519 14 14 6
23520 16 16 4
23521 12 11 5
23522 15 14 4
23523 12 11 5
23524 13 13 5
23525 17 16 6
23526 18 18 6
23527 10 10 6
23528 18 18 4
23529 12 11 5
23530 15 15 5
23531 11 11 5
23532 9 8 4
23533 10 9 5
23534 19 18 6
23535 10 10 4
23536 12 11 5
23537 15 15 5
23538 23 22 6
23539 12 12 4
23540 14 13 5
23541 13 12 6
23542 22 22 6
23543 10 10 6
23544 20 20 4
23545 16 15 5
23546 13 12 4
23547 16 15 5
23548 7 7 7
23549 16 16 4
23550 14 13 5
23551 17 16 4
23552 12 11 5
23553 13 12 4
23554 24 23 7
23555 13 12 4
23556 18 17 5
23557 13 13 5
23558 11 10 4
23559 14 13 5
23560 9 9 5
23561 13 12 6
23562 16 16 4
23563 14 13 5
23564 15 14 6
23565 22 21 5
23566 9 9 5
23567 15 14 4
23568 12 11 5
23569 13 13 5
23570 15 14 4
23571 18 17 5
23572 19 18 6
23573 14 14 4
23574 12 11 5
23575 21 20 6
23576 8 8 4
23577 14 13 5
23578 23 23 5
23579 19 18 6
23580 14 14 4
23581 16 15 5
23582 17 16 4
23583 22 21 5
23584 27 27 5
23585 29 29 5
23586 19 18 4
23587 30 29 7
23588 17 16 4
23589 36 35 7
23590 19 18 4
23591 12 11 5
23592 27 27 5
23593 27 26 6
23594 32 31 5
23595 17 16 4
23596 30 29 5
23597 27 27 5
23598 33 33 5
23599 21 21 5
23600 27 27 5
23601 41 41 5
23602 33 32 8
23603 20 20 4
23604 30 29 5
23605 27 27 7
23606 37 36 4
23607 24 23 5
23608 33 33 5
23609 27 26 6
23610 22 22 4
23611 30 29 5
23612 41 41 7
23613 17 17 5
23614 23 22 6
23615 34 34 6
23616 30 30 6
23617 36 36 6
23618 20 19 5
23619 19 18 4
23620 34 33 5
23621 25 25 5
23622 21 21 5
23623 31 30 6
23624 18 18 6
23625 16 16 6
23626 36 36 6
23627 18 17 5
23628 23 22 6
23629 34 34 6
23630 22 21 7
23631 27 26 8
23632 16 16 6
23633 40 39 7
23634 31 30 4
23635 42 41 7
23636 31 30 6
23637 40 40 4
23638 30 29 7
23639 37 36 6
23640 28 27 5
23641 27 27 5
23642 27 27 5
23643 15 14 4
23644 34 33 5
23645 33 32 6
23646 34 33 9
23647 23 22 6
23648 26 26 6
23649 20 20 6
23650 26 26 4
23651 20 19 5
23652 21 20 6
23653 16 16 4
23654 26 25 7
23655 13 12 4
23656 14 13 5
23657 19 18 6
23658 20 20 4
23659 18 17 5
23660 13 13 5
23661 23 22 6
23662 18 17 5
23663 25 25 5
23664 15 14 6
23665 22 22 6
23666 14 14 6
23667 10 10 4
23668 24 23 5
23669 25 24 6
23670 22 22 6
23671 16 16 4
23672 16 15 5
23673 23 23 5
23674 13 13 5
23675 21 20 4
23676 14 13 5
23677 7 6 5
23678 25 24 6
23679 10 10 4
23680 14 13 5
23681 11 11 5
23682 15 14 4
23683 14 13 5
23684 17 16 6
23685 10 10 4
23686 10 9 5
23687 9 8 4
23688 14 13 5
23689 19 19 5
23690 13 13 5
23691 19 18 4
23692 14 13 5
23693 13 13 5
23694 15 14 4
23695 16 15 5
23696 11 11 5
23697 15 15 5
23698 21 20 6
23699 18 17 5
23700 9 9 5
23701 17 17 7
23702 19 18 4
23703 12 11 5
23704 13 13 5
23705 11 10 4
23706 18 17 5
23707 19 19 5
23708 13 12 6
23709 16 16 6
23710 34 34 6
23711 16 16 6
23712 22 22 4
23713 24 23 5
23714 21 20 4
23715 22 21 5
23716 25 25 5
23717 11 10 4
23718 20 19 5
23719 27 26 6
23720 40 40 6
23721 26 26 6
23722 30 29 5
23723 25 25 5
23724 25 24 6
23725 24 24 6
23726 20 20 6
23727 26 26 6
23728 44 44 8
23729 34 34 6
23730 34 34 4
23731 32 31 5
23732 19 19 5
23733 31 30 4
23734 28 27 7
23735 25 24 8
23736 24 24 6
23737 20 20 4
23738 18 17 5
23739 17 16 6
23740 18 18 4
23741 26 25 5
23742 5 5 5
23743 20 19 5
23744 19 19 5
23745 19 18 4
23746 16 15 5
23747 25 25 5
23748 9 9 5
23749 19 18 6
23750 18 18 4
23751 16 15 5
23752 23 23 5
23753 11 11 5
23754 11 10 4
23755 20 19 5
23756 19 19 5
23757 11 11 5
23758 23 22 6
23759 16 16 6
23760 14 14 4
23761 14 13 5
23762 19 19 5
23763 17 16 6
23764 14 13 5
23765 13 12 4
23766 12 11 5
23767 15 15 5
23768 19 18 6
23769 18 18 4
23770 10 9 5
23771 21 21 5
23772 11 11 5
23773 5 5 5
23774 12 11 5
23775 11 10 4
23776 10 9 5
23777 21 20 6
23778 10 10 4
23779 16 15 7
23780 11 10 4
23781 12 11 5
23782 13 13 5
23783 19 18 6
23784 10 10 4
23785 14 13 5
23786 11 11 5
23787 19 18 6
23788 6 6 6
23789 7 6 5
23790 9 8 4
23791 16 15 5
23792 17 17 5
23793 21 20 6
23794 20 19 5
23795 13 12 6
23796 18 18 6
23797 8 8 4
23798 12 11 5
23799 13 13 5
23800 7 6 5
23801 19 19 5
23802 11 10 6
23803 10 10 6
23804 14 14 4
23805 14 13 5
23806 13 13 5
23807 7 6 5
23808 11 10 6
23809 8 8 4
23810 14 13 7
23811 7 6 5
23812 25 24 6
23813 22 22 6
23814 10 10 4
23815 14 13 5
23816 13 12 6
23817 10 9 5
23818 11 10 4
23819 20 19 7
23820 11 10 4
23821 6 5 4
23822 16 15 5
23823 17 16 6
23824 10 10 4
23825 16 15 5
23826 13 12 6
23827 12 12 4
23828 12 11 5
23829 15 14 6
23830 10 10 4
23831 12 11 5
23832 15 15 5
23833 9 9 5
23834 13 12 4
23835 14 13 5
23836 17 16 4
23837 22 21 7
23838 15 14 4
23839 16 15 5
23840 15 14 4
23841 18 17 5
23842 25 24 6
23843 10 10 4
23844 12 11 5
23845 21 20 6
23846 14 14 4
23847 16 15 5
23848 23 22 6
23849 8 8 4
23850 14 13 5
23851 19 18 4
23852 20 19 5
23853 17 17 5
23854 13 13 5
23855 13 12 6
23856 12 12 4
23857 18 17 5
23858 21 20 4
23859 12 11 5
23860 11 10 6
23861 10 10 4
23862 22 21 7
23863 13 13 5
23864 15 14 4
23865 12 11 5
23866 17 17 5
23867 9 8 4
23868 10 9 5
23869 13 12 6
23870 14 14 4
23871 22 21 5
23872 11 11 5
23873 9 8 4
23874 14 13 5
23875 23 22 6
23876 24 23 5
23877 17 16 4
23878 10 9 5
23879 11 10 4
23880 18 17 5
23881 13 13 5
23882 13 13 5
23883 13 12 4
23884 20 19 5
23885 11 11 5
23886 13 13 5
23887 15 14 4
23888 6 5 4
23889 10 9 5
23890 7 6 5
23891 13 13 5
23892 17 17 5
23893 15 14 6
23894 10 10 4
23895 18 17 7
23896 13 12 4
23897 12 11 5
23898 11 10 6
23899 18 18 4
23900 12 11 5
23901 15 14 6
23902 12 12 4
23903 12 11 5
23904 13 13 5
23905 15 14 6
23906 8 8 4
23907 12 11 5
23908 15 14 6
23909 12 12 6
23910 10 10 4
23911 20 19 5
23912 13 12 4
23913 14 13 5
23914 15 15 5
23915 19 18 4
23916 20 19 5
23917 11 11 5
23918 27 26 6
23919 10 10 4
23920 20 19 5
23921 15 14 4
23922 12 11 5
23923 23 22 6
23924 20 20 6
23925 22 22 4
23926 30 29 5
23927 13 12 4
23928 14 13 5
23929 17 16 6
23930 10 10 4
23931 12 11 5
23932 13 12 4
23933 12 11 5
23934 15 14 4
23935 18 17 5
23936 15 14 6
23937 18 18 6
23938 22 22 6
23939 18 17 5
23940 19 18 6
23941 18 18 4
23942 14 13 5
23943 15 14 6
23944 14 14 4
23945 22 21 5
23946 27 27 5
23947 25 25 5
23948 25 24 6
23949 24 24 6
23950 28 28 4
23951 30 29 5
23952 19 18 4
23953 22 21 5
23954 19 18 6
23955 32 32 6
23956 36 35 7
23957 35 34 8
23958 36 36 8
23959 18 18 4
23960 26 25 5
23961 23 23 5
23962 43 43 11
23963 23 22 6
23964 26 26 6
23965 32 31 5
23966 27 26 4
23967 28 27 9
23968 33 32 6
23969 18 17 5
23970 25 25 5
23971 25 24 4
23972 30 29 5
23973 21 20 4
23974 42 41 7
23975 19 18 6
23976 34 34 6
23977 32 32 6
23978 28 28 8
23979 20 20 4
23980 30 29 5
23981 35 34 6
23982 20 20 4
23983 34 33 5
23984 35 34 8
23985 28 28 4
23986 22 21 7
23987 35 34 6
23988 20 20 4
23989 52 51 7
23990 29 29 7
23991 21 20 6
23992 24 24 6
23993 26 25 7
23994 27 26 6
23995 30 30 8
23996 38 37 7
23997 31 30 4
23998 18 17 5
23999 17 17 5
24000 33 32 4
24001 26 25 5
24002 23 23 5
24003 31 30 8
24004 14 14 4
24005 34 33 5
24006 17 16 6
24007 24 24 6
24008 16 16 4
24009 24 23 5
24010 27 27 7
24011 19 18 4
24012 22 21 5
24013 31 31 5
24014 23 22 6
24015 24 24 4
24016 18 17 5
24017 25 24 6
24018 26 26 6
24019 24 24 6
24020 20 20 6
24021 24 23 5
24022 31 30 6
24023 20 20 4
24024 18 17 5
24025 29 29 7
24026 27 26 6
24027 16 16 4
24028 36 35 7
24029 25 24 6
24030 30 30 8
24031 22 21 5
24032 35 35 5
24033 17 16 6
24034 24 24 4
24035 24 23 7
24036 23 22 6
24037 30 30 4
24038 26 25 5
24039 33 32 6
24040 20 19 5
24041 19 18 4
24042 32 31 5
24043 27 27 5
24044 27 26 6
24045 26 26 4
24046 30 29 5
24047 45 44 6
24048 28 27 5
24049 37 36 6
24050 20 19 5
24051 25 24 4
24052 26 25 5
24053 23 22 4
24054 36 35 7
24055 21 20 6
24056 14 14 4
24057 34 33 5
24058 31 31 5
24059 25 24 6
24060 36 36 6
24061 20 20 6
24062 24 24 6
24063 24 23 5
24064 29 28 6
24065 26 26 6
24066 24 24 4
24067 28 27 5
24068 19 18 4
24069 28 27 5
24070 17 16 6
24071 24 24 6
24072 22 22 4
24073 30 29 5
24074 27 26 4
24075 20 19 5
24076 21 20 4
24077 20 19 5
24078 17 16 6
24079 30 29 5
24080 33 32 6
24081 18 18 4
24082 28 27 5
24083 27 27 5
24084 27 27 5
24085 25 25 5
24086 27 27 5
24087 31 31 5
24088 33 33 5
24089 21 21 5
24090 21 21 5
24091 37 36 6
24092 16 16 4
24093 34 33 7
24094 23 22 4
24095 22 21 5
24096 25 25 5
24097 25 25 5
24098 11 11 5
24099 23 22 4
24100 26 25 5
24101 21 20 6
24102 34 33 5
24103 23 22 6
24104 28 28 6
24105 32 32 6
24106 16 16 4
24107 22 21 5
24108 23 23 5
24109 37 37 5
24110 19 19 5
24111 29 28 6
24112 28 28 6
24113 20 20 6
24114 22 22 4
24115 20 19 5
24116 17 17 5
24117 19 19 5
24118 19 18 6
24119 20 20 4
24120 16 15 5
24121 17 16 6
24122 22 21 5
24123 21 21 5
24124 25 24 6
24125 24 24 6
24126 18 18 4
24127 20 19 5
24128 25 25 5
24129 21 21 5
24130 25 24 6
24131 18 18 6
24132 16 16 4
24133 20 19 5
24134 21 20 4
24135 40 39 5
24136 23 23 7
24137 13 12 4
24138 34 33 5
24139 25 24 4
24140 16 15 5
24141 37 36 6
24142 24 24 6
24143 16 16 4
24144 24 23 5
24145 33 33 7
24146 19 18 4
24147 32 31 5
24148 23 23 5
24149 13 13 5
24150 19 19 5
24151 17 16 4
24152 26 25 5
24153 11 11 5
24154 19 18 6
24155 18 18 6
24156 14 14 4
24157 22 21 5
24158 11 10 6
24159 14 13 5
24160 15 14 6
24161 8 8 4
24162 22 21 5
24163 11 11 5
24164 15 15 5
24165 17 16 6
24166 20 20 6
24167 24 23 5
24168 23 22 6
24169 20 20 4
24170 18 17 5
24171 19 19 5
24172 11 11 5
24173 13 13 5
24174 11 10 6
24175 10 10 6
24176 10 10 4
24177 12 11 5
24178 13 12 4
24179 8 7 6
24180 10 10 6
24181 12 12 4
24182 18 17 5
24183 15 15 5
24184 17 16 6
24185 16 16 6
24186 16 16 4
24187 20 19 5
24188 21 20 6
24189 16 16 6
24190 12 12 4
24191 24 23 5
24192 19 18 6
24193 12 12 6
24194 22 22 6
24195 20 20 6
24196 20 20 6
24197 16 16 6
24198 10 10 4
24199 10 9 5
24200 13 12 6
24201 16 16 6
24202 28 28 4
24203 24 23 7
24204 17 16 4
24205 22 21 5
24206 25 24 6
24207 26 26 4
24208 22 21 5
24209 19 19 5
24210 25 24 6
24211 30 30 6
24212 26 26 4
24213 16 15 5
24214 19 18 6
24215 18 18 4
24216 16 15 5
24217 21 20 6
24218 10 9 5
24219 27 26 6
24220 10 10 4
24221 14 13 5
24222 25 24 6
24223 14 14 6
24224 10 10 4
24225 26 25 5
24226 31 30 6
24227 14 14 6
24228 18 18 4
24229 28 27 5
24230 33 32 6
24231 20 20 4
24232 18 17 5
24233 21 21 5
24234 23 23 5
24235 19 19 5
24236 19 18 4
24237 30 29 5
24238 21 21 5
24239 23 22 6
24240 12 12 4
24241 26 25 7
24242 17 17 5
24243 17 16 6
24244 12 12 6
24245 10 10 4
24246 14 13 5
24247 21 20 4
24248 24 23 5
24249 13 13 5
24250 15 14 4
24251 20 19 5
24252 23 23 5
24253 25 25 5
24254 19 18 4
24255 14 13 5
24256 17 16 6
24257 8 8 4
24258 28 27 5
24259 13 12 6
24260 10 10 4
24261 10 9 5
24262 13 12 6
24263 16 16 4
24264 18 17 5
24265 17 16 6
24266 16 16 6
24267 10 10 6
24268 10 10 4
24269 14 13 5
24270 17 16 6
24271 14 14 6
24272 16 16 4
24273 24 23 5
24274 17 17 5
24275 19 19 5
24276 19 18 4
24277 24 23 5
24278 35 34 6
24279 12 12 6
24280 10 10 4
24281 22 21 5
24282 19 19 5
24283 17 16 6
24284 18 18 6
24285 24 24 4
24286 20 19 5
24287 33 32 6
24288 12 12 4
24289 24 23 5
24290 25 25 5
24291 19 19 5
24292 21 21 5
24293 23 22 6
24294 20 20 6
24295 22 22 6
24296 20 20 4
24297 24 23 5
24298 19 19 5
24299 25 24 6
24300 30 30 6
24301 28 28 4
24302 12 11 5
24303 29 28 6
24304 28 28 4
24305 28 27 5
24306 31 31 7
24307 19 18 4
24308 28 27 5
24309 17 17 5
24310 27 26 4
24311 18 17 5
24312 29 28 6
24313 18 17 5
24314 21 20 6
24315 22 22 4
24316 20 19 5
24317 17 17 5
24318 25 25 5
24319 39 38 6
24320 26 26 6
24321 36 36 8
24322 32 32 8
24323 30 29 5
24324 35 34 6
24325 22 22 6
24326 28 27 7
24327 23 22 4
24328 14 13 5
24329 31 31 5
24330 29 29 7
24331 33 32 6
24332 30 30 6
24333 20 19 5
24334 31 31 7
24335 35 35 7
24336 19 18 6
24337 30 30 6
24338 22 21 5
24339 23 23 7
24340 25 24 4
24341 40 39 9
24342 29 28 6
24343 34 34 8
24344 20 20 4
24345 20 19 5
24346 27 26 4
24347 24 23 5
24348 21 21 5
24349 23 23 5
24350 27 26 6
24351 30 29 5
24352 17 17 5
24353 29 28 6
24354 22 21 5
24355 23 22 6
24356 30 29 5
24357 27 27 7
24358 27 26 4
24359 40 39 7
24360 27 26 6
24361 30 29 9
24362 25 24 6
24363 26 26 4
24364 40 39 5
24365 29 28 6
24366 18 18 6
24367 36 36 8
24368 28 27 5
24369 17 17 7
24370 23 22 4
24371 28 27 5
24372 23 23 5
24373 25 25 5
24374 23 23 5
24375 21 20 6
24376 18 18 6
24377 14 13 5
24378 25 25 5
24379 33 33 9
24380 21 20 4
24381 20 19 5
24382 23 23 5
24383 25 25 5
24384 25 25 7
24385 23 23 5
24386 21 20 4
24387 22 21 5
24388 27 27 5
24389 21 21 5
24390 25 24 4
24391 20 19 5
24392 15 15 5
24393 23 22 6
24394 20 20 6
24395 16 16 4
24396 26 25 5
24397 11 11 5
24398 23 22 6
24399 12 12 4
24400 20 19 5
24401 25 24 6
24402 14 14 4
24403 20 19 5
24404 13 13 5
24405 15 15 5
24406 15 14 4
24407 14 13 5
24408 11 11 5
24409 19 18 6
24410 14 13 5
24411 21 21 5
24412 15 15 5
24413 15 14 6
24414 14 14 4
24415 22 21 5
24416 21 21 5
24417 5 5 5
24418 12 11 5
24419 19 18 6
24420 10 10 4
24421 14 13 5
24422 23 23 5
24423 19 18 6
24424 14 14 4
24425 14 13 5
24426 9 8 4
24427 24 23 5
24428 13 13 5
24429 13 12 4
24430 16 15 5
24431 17 16 6
24432 14 13 5
24433 19 18 4
24434 16 15 5
24435 13 12 6
24436 18 18 4
24437 10 9 5
24438 23 22 6
24439 12 11 5
24440 13 12 4
24441 14 13 5
24442 11 11 5
24443 17 17 5
24444 15 14 4
24445 14 13 5
24446 15 15 5
24447 11 11 5
24448 17 16 6
24449 14 14 6
24450 20 20 4
24451 12 11 5
24452 15 15 5
24453 7 7 7
24454 8 8 4
24455 16 15 5
24456 13 12 4
24457 16 15 7
24458 13 12 4
24459 12 11 5
24460 5 5 5
24461 12 11 5
24462 19 19 5
24463 5 5 5
24464 12 11 5
24465 7 6 5
24466 13 13 5
24467 7 6 5
24468 15 14 4
24469 10 9 5
24470 5 5 5
24471 10 9 5
24472 19 18 6
24473 14 14 6
24474 18 18 6
24475 8 8 4
24476 8 7 6
24477 14 14 6
24478 14 14 6
24479 10 10 4
24480 16 15 5
24481 13 12 4
24482 22 21 5
24483 5 5 5
24484 8 7 6
24485 12 12 4
24486 16 15 7
24487 7 6 5
24488 13 12 4
24489 16 15 5
24490 15 15 5
24491 11 10 4
24492 12 11 5
24493 13 12 6
24494 12 12 6
24495 14 14 4
24496 20 19 5
24497 11 11 5
24498 9 9 5
24499 15 14 6
24500 10 10 4
24501 16 15 5
24502 9 9 5
24503 13 12 4
24504 8 7 6
24505 6 6 6
24506 13 12 6
24507 6 6 6
24508 13 13 5
24509 15 14 4
24510 12 11 5
24511 11 10 6
24512 14 14 6
24513 12 12 4
24514 12 11 5
24515 15 14 4
24516 10 9 5
24517 13 13 5
24518 11 10 4
24519 12 11 5
24520 17 17 5
24521 19 18 6
24522 10 10 6
24523 18 18 4
24524 22 21 5
24525 11 10 4
24526 12 11 5
24527 21 21 5
24528 9 8 4
24529 16 15 5
24530 9 9 5
24531 7 6 5
24532 13 12 4
24533 16 15 5
24534 7 6 5
24535 19 18 6
24536 16 16 4
24537 12 11 5
24538 19 18 4
24539 26 25 5
24540 11 11 5
24541 11 10 4
24542 8 7 6
24543 8 8 4
24544 8 7 6
24545 14 14 4
24546 18 17 5
24547 11 10 4
24548 10 9 5
24549 15 15 5
24550 15 15 5
24551 9 8 4
24552 10 9 5
24553 11 10 6
24554 24 24 6
24555 10 10 4
24556 16 15 5
24557 7 6 5
24558 9 9 5
24559 13 12 4
24560 14 13 5
24561 21 21 5
24562 11 10 6
24563 14 14 6
24564 14 14 6
24565 14 14 4
24566 6 5 4
24567 6 5 4
24568 10 9 5
24569 9 8 7
24570 7 6 5
24571 13 12 4
24572 14 13 5
24573 15 14 6
24574 12 11 5
24575 19 18 6
24576 8 8 4
24577 18 17 5
24578 9 9 5
24579 9 8 4
24580 16 15 5
24581 15 15 5
24582 15 14 6
24583 26 26 6
24584 10 10 4
24585 14 13 5
24586 17 17 5
24587 13 13 5
24588 15 14 4
24589 16 15 5
24590 11 10 6
24591 10 10 4
24592 6 5 4
24593 24 23 5
24594 15 14 6
24595 12 12 4
24596 10 9 5
24597 13 13 5
24598 11 11 5
24599 9 8 4
24600 12 11 5
24601 9 9 5
24602 15 14 4
24603 12 11 5
24604 13 13 5
24605 11 10 6
24606 10 10 4
24607 12 11 5
24608 11 10 6
24609 14 14 6
24610 20 20 6
24611 6 6 6
24612 11 10 4
24613 22 21 7
24614 11 10 4
24615 12 11 5
24616 11 10 4
24617 18 17 5
24618 15 15 7
24619 11 10 4
24620 12 11 5
24621 21 20 6
24622 12 12 4
24623 10 9 5
24624 13 12 4
24625 24 23 5
24626 17 16 6
24627 12 12 4
24628 16 15 5
24629 11 11 5
24630 27 27 5
24631 21 20 6
24632 16 15 5
24633 11 10 4
24634 14 13 5
24635 23 23 5
24636 11 10 4
24637 18 17 5
24638 15 14 6
24639 18 17 5
24640 29 28 4
24641 22 21 5
24642 11 11 5
24643 31 30 4
24644 32 31 7
24645 37 36 6
24646 34 33 5
24647 27 26 4
24648 42 41 7
24649 31 30 6
24650 34 34 6
24651 40 39 7
24652 45 45 7
24653 37 36 4
24654 38 37 7
24655 31 31 5
24656 43 43 5
24657 25 25 5
24658 21 21 5
24659 35 34 6
24660 38 38 6
24661 24 23 5
24662 35 34 6
24663 38 37 5
24664 23 23 5
24665 23 22 6
24666 22 22 6
24667 26 25 5
24668 21 20 6
24669 24 24 6
24670 28 28 6
24671 26 26 4
24672 36 35 7
24673 21 20 4
24674 34 33 7
24675 35 34 6
24676 36 35 7
24677 21 21 5
24678 27 26 8
24679 36 36 6
24680 20 20 6
24681 28 28 6
24682 34 34 8
24683 22 22 6
24684 28 28 10
24685 28 28 6
24686 24 24 6
24687 22 21 5
24688 21 21 5
24689 19 18 6
24690 42 41 7
24691 17 16 4
24692 32 31 5
24693 23 23 5
24694 29 29 7
24695 29 28 6
24696 16 15 5
24697 21 20 4
24698 28 27 7
24699 19 18 6
24700 16 15 5
24701 17 17 5
24702 23 22 4
24703 38 37 7
24704 25 24 6
24705 22 22 4
24706 12 11 5
24707 25 25 5
24708 23 22 6
24709 30 30 6
24710 30 30 4
24711 32 31 7
24712 23 22 6
24713 32 32 6
24714 14 14 4
24715 24 23 5
24716 25 25 5
24717 19 19 5
24718 15 15 5
24719 27 26 6
24720 14 14 4
24721 26 25 7
24722 27 26 6
24723 30 29 5
24724 31 31 9
24725 23 22 4
24726 32 31 7
24727 35 34 6
24728 24 23 5
24729 25 24 6
24730 24 24 4
24731 24 23 5
24732 23 23 5
24733 17 17 5
24734 25 25 5
24735 21 21 5
24736 25 24 6
24737 30 30 4
24738 34 33 7
24739 23 22 6
24740 28 28 6
24741 18 18 6
24742 22 22 6
24743 36 35 5
24744 33 33 5
24745 37 37 7
24746 25 24 6
24747 36 35 7
24748 25 25 5
24749 33 33 5
24750 33 33 7
24751 21 21 5
24752 39 39 7
24753 23 22 4
24754 20 19 5
24755 25 25 5
24756 27 27 7
24757 19 18 6
24758 22 22 6
24759 28 28 6
24760 12 12 6
24761 28 28 6
24762 44 44 6
24763 26 25 5
24764 25 25 5
24765 25 25 5
24766 13 13 5
24767 25 25 5
24768 17 17 5
24769 35 35 7
24770 17 16 6
24771 30 30 4
24772 16 15 5
24773 15 14 6
24774 28 28 6
24775 22 21 5
24776 13 12 6
24777 24 24 6
24778 20 20 4
24779 20 19 5
24780 17 17 5
24781 15 14 6
24782 16 16 4
24783 22 21 5
24784 17 17 5
24785 19 19 5
24786 23 22 4
24787 20 19 5
24788 25 25 5
24789 17 16 4
24790 20 19 5
24791 19 19 5
24792 21 21 7
24793 21 20 6
24794 12 12 4
24795 22 21 5
24796 17 16 4
24797 28 27 7
24798 17 16 4
24799 16 15 5
24800 13 12 6
24801 14 14 4
24802 16 15 5
24803 19 18 4
24804 12 11 5
24805 19 18 4
24806 22 21 7
24807 25 24 6
24808 10 10 4
24809 26 25 5
24810 13 13 5
24811 15 14 4
24812 18 17 5
24813 11 11 5
24814 11 10 6
24815 12 12 6
24816 12 12 4
24817 12 11 5
24818 15 14 6
24819 16 16 6
24820 20 20 4
24821 14 13 5
24822 11 10 4
24823 16 15 7
24824 7 6 5
24825 21 20 6
24826 10 10 4
24827 14 13 5
24828 17 16 6
24829 20 20 6
24830 8 8 4
24831 20 19 5
24832 17 17 5
24833 19 18 6
24834 14 14 4
24835 12 11 5
24836 9 9 5
24837 7 6 5
24838 19 18 6
24839 6 6 6
24840 19 18 6
24841 20 20 6
24842 10 10 4
24843 22 21 5
24844 19 18 4
24845 16 15 5
24846 13 12 6
24847 10 9 5
24848 13 12 4
24849 12 11 5
24850 9 8 4
24851 20 19 5
24852 13 13 5
24853 9 8 4
24854 18 17 5
24855 13 13 5
24856 25 24 6
24857 12 12 4
24858 20 19 5
24859 17 16 6
24860 20 19 5
24861 13 12 6
24862 6 6 6
24863 21 20 6
24864 12 12 4
24865 6 5 4
24866 16 15 7
24867 19 18 4
24868 14 13 5
24869 13 12 4
24870 14 13 5
24871 13 12 6
24872 16 16 6
24873 12 12 6
24874 12 12 4
24875 10 9 5
24876 7 6 5
24877 5 5 5
24878 16 15 5
24879 9 9 5
24880 9 8 4
24881 18 17 5
24882 13 13 5
24883 7 6 5
24884 13 13 5
24885 13 13 5
24886 11 10 4
24887 8 7 6
24888 12 12 6
24889 12 12 4
24890 14 13 5
24891 11 10 6
24892 10 10 4
24893 16 15 5
24894 21 20 6
24895 18 18 6
24896 8 8 4
24897 16 15 5
24898 13 12 6
24899 10 10 4
24900 16 15 5
24901 11 10 6
24902 6 6 6
24903 15 14 6
24904 14 14 4
24905 10 9 5
24906 9 9 5
24907 11 10 4
24908 14 13 5
24909 15 15 5
24910 19 18 6
24911 14 13 5
24912 17 16 6
24913 10 10 4
24914 18 17 5
24915 17 17 5
24916 13 13 5
24917 9 9 5
24918 15 14 6
24919 14 14 6
24920 20 20 6
24921 8 8 4
24922 12 11 5
24923 17 17 5
24924 11 10 6
24925 16 16 6
24926 16 16 4
24927 12 11 5
24928 9 8 4
24929 18 17 5
24930 13 12 6
24931 18 18 4
24932 6 5 4
24933 16 15 5
24934 19 19 5
24935 9 9 5
24936 15 14 4
24937 18 17 7
24938 9 8 4
24939 16 15 5
24940 23 22 4
24941 20 19 5
24942 17 17 5
24943 13 13 5
24944 15 14 6
24945 12 12 4
24946 20 19 5
24947 11 11 5
24948 15 14 6
24949 16 16 4
24950 16 15 5
24951 13 12 4
24952 22 21 5
24953 17 17 5
24954 9 9 5
24955 15 14 4
24956 22 21 5
24957 21 20 4
24958 22 21 5
24959 21 20 6
24960 24 24 6
24961 16 16 4
24962 34 33 5
24963 17 17 5
24964 33 33 5
24965 31 30 6
24966 42 42 6
24967 22 21 5
24968 15 14 6
24969 18 18 4
24970 28 27 5
24971 33 32 6
24972 26 25 5
24973 15 15 5
24974 25 25 5
24975 25 24 6
24976 22 22 4
24977 24 23 5
24978 29 28 6
24979 24 24 4
24980 28 27 5
24981 29 29 7
24982 25 24 6
24983 24 23 5
24984 31 30 6
24985 38 38 6
24986 32 32 6
24987 18 18 6
24988 38 38 6
24989 26 26 6
24990 24 24 4
24991 38 37 7
24992 27 27 5
24993 21 20 4
24994 40 39 7
24995 29 29 7
24996 21 20 6
24997 18 17 5
24998 27 26 4
24999 30 29 7
25000 29 28 4
25001 24 23 5
25002 25 24 6
25003 16 16 4
25004 32 31 5
25005 23 23 5
25006 25 24 4
25007 14 13 5
25008 29 29 7
25009 17 17 5
25010 21 21 5
25011 39 39 5
25012 27 26 6
25013 26 26 6
25014 18 17 5
25015 27 26 4
25016 20 19 7
25017 21 20 4
25018 14 13 5
25019 23 22 6
25020 30 30 6
25021 20 20 4
25022 24 23 5
25023 15 14 6
25024 30 30 4
25025 18 17 5
25026 15 14 6
25027 24 24 6
25028 28 27 5
25029 25 24 6
25030 30 29 5
25031 23 22 6
25032 34 33 5
25033 25 25 5
25034 29 29 7
25035 27 26 4
25036 24 23 5
25037 17 17 5
25038 37 36 6
25039 22 22 6
25040 26 26 4
25041 34 33 5
25042 17 16 4
25043 20 19 5
25044 47 47 7
25045 23 22 4
25046 18 17 7
25047 35 34 4
25048 30 29 7
25049 33 32 6
25050 36 35 5
25051 25 25 5
25052 29 28 4
25053 20 19 5
25054 25 25 5
25055 17 17 5
25056 29 28 6
25057 26 25 5
25058 23 23 5
25059 19 18 6
25060 26 26 6
25061 28 28 6
25062 24 24 8
25063 38 38 6
25064 32 31 7
25065 35 35 7
25066 39 38 4
25067 24 23 5
25068 35 35 7
25069 33 32 8
25070 34 33 5
25071 25 25 5
25072 21 21 7
25073 37 36 6
25074 28 27 5
25075 27 26 6
25076 24 23 5
25077 35 34 6
25078 14 14 4
25079 20 19 5
25080 23 22 6
25081 28 27 5
25082 17 16 4
25083 24 23 5
25084 25 25 5
25085 31 30 6
25086 38 37 5
25087 27 27 5
25088 35 34 6
25089 18 18 6
25090 16 16 4
25091 30 29 7
25092 21 21 5
25093 29 28 6
25094 22 22 4
25095 26 25 7
25096 21 20 4
25097 26 25 5
25098 25 24 6
25099 28 27 5
25100 35 34 10
25101 14 14 4
25102 12 11 5
25103 25 25 5
25104 23 23 5
25105 21 21 7
25106 31 30 6
25107 12 12 4
25108 26 25 5
25109 25 25 5
25110 29 28 6
25111 24 24 6
25112 40 39 7
25113 13 13 5
25114 15 15 5
25115 29 29 7
25116 17 17 5
25117 15 15 5
25118 15 15 5
25119 31 30 6
25120 24 24 6
25121 28 28 6
25122 28 27 7
25123 37 36 6
25124 38 37 9
25125 33 32 4
25126 28 27 7
25127 27 26 6
25128 24 24 6
25129 38 38 6
25130 32 31 7
25131 27 26 6
25132 28 28 4
25133 42 41 9
25134 29 29 7
25135 21 21 5
25136 37 37 5
25137 33 33 7
25138 21 20 4
25139 26 25 5
25140 35 35 5
25141 35 35 5
25142 29 28 6
25143 26 26 6
25144 28 28 4
25145 36 35 5
25146 19 19 5
25147 23 23 5
25148 25 24 6
25149 22 21 5
25150 19 18 4
25151 36 35 5
25152 23 23 5
25153 21 20 6
25154 14 14 4
25155 18 17 5
25156 31 31 7
25157 27 26 6
25158 26 25 5
25159 21 21 5
25160 21 20 6
25161 28 27 5
25162 25 24 6
25163 22 22 4
25164 30 29 5
25165 23 22 6
25166 18 18 6
25167 18 18 4
25168 24 23 5
25169 17 17 5
25170 29 28 6
25171 18 17 5
25172 13 12 4
25173 14 13 5
25174 11 11 5
25175 25 24 6
25176 14 14 6
25177 12 12 4
25178 20 19 5
25179 15 15 5
25180 13 12 6
25181 24 24 4
25182 14 13 5
25183 7 7 7
25184 20 20 4
25185 10 9 5
25186 17 17 5
25187 15 15 5
25188 15 15 5
25189 19 19 5
25190 19 18 6
25191 22 22 6
25192 10 10 4
25193 24 23 5
25194 13 13 5
25195 11 10 4
25196 26 25 7
25197 11 11 5
25198 11 10 4
25199 14 13 5
25200 13 13 5
25201 7 6 5
25202 17 16 6
25203 6 5 4
25204 20 19 5
25205 17 16 6
25206 24 24 6
25207 16 16 4
25208 16 15 5
25209 11 11 5
25210 13 12 6
25211 14 14 4
25212 16 15 5
25213 15 14 6
25214 16 16 4
25215 26 25 5
25216 19 18 6
25217 16 16 4
25218 18 17 5
25219 23 23 5
25220 15 14 6
25221 20 20 4
25222 12 11 5
25223 13 13 5
25224 25 25 5
25225 9 8 4
25226 22 21 5
25227 15 15 5
25228 19 19 5
25229 13 12 4
25230 16 15 5
25231 17 17 5
25232 9 9 5
25233 15 14 4
25234 12 11 5
25235 19 18 4
25236 18 17 5
25237 11 11 5
25238 19 18 4
25239 12 11 5
25240 19 18 6
25241 16 16 6
25242 14 13 5
25243 13 12 4
25244 10 9 5
25245 19 19 5
25246 17 17 5
25247 13 12 4
25248 18 17 5
25249 17 17 5
25250 13 12 4
25251 10 9 5
25252 13 13 5
25253 13 12 6
25254 14 14 4
25255 10 9 5
25256 17 16 6
25257 12 12 4
25258 20 19 7
25259 13 12 4
25260 18 17 5
25261 11 11 5
25262 15 14 6
25263 10 10 6
25264 10 10 4
25265 18 17 7
25266 13 12 4
25267 16 15 5
25268 25 24 6
25269 12 12 4
25270 10 9 5
25271 15 14 6
25272 20 20 6
25273 12 12 4
25274 16 15 7
25275 23 22 4
25276 22 21 5
25277 25 25 5
25278 13 13 5
25279 27 26 4
25280 24 23 7
25281 17 16 6
25282 28 28 6
25283 22 22 6
25284 20 20 6
25285 24 24 6
25286 14 14 4
25287 34 33 5
25288 21 21 5
25289 25 25 5
25290 25 24 4
25291 22 21 5
25292 19 18 4
25293 18 17 5
25294 29 29 5
25295 9 8 4
25296 28 27 5
25297 15 15 5
25298 31 30 6
25299 22 22 4
25300 30 29 7
25301 17 16 4
25302 14 13 5
25303 25 24 6
25304 18 17 5
25305 21 20 6
25306 12 12 4
25307 26 25 5
25308 15 15 5
25309 17 17 5
25310 21 20 4
25311 18 17 5
25312 17 16 6
25313 30 30 6
25314 28 28 6
25315 8 8 4
25316 18 17 7
25317 21 20 4
25318 20 19 5
25319 15 15 5
25320 15 15 5
25321 11 10 6
25322 14 14 4
25323 20 19 5
25324 19 19 5
25325 15 15 5
25326 11 10 6
25327 26 26 4
25328 8 7 6
25329 12 12 4
25330 20 19 7
25331 13 12 4
25332 20 19 5
25333 13 12 4
25334 22 21 5
25335 13 12 4
25336 18 17 5
25337 19 19 5
25338 17 17 5
25339 15 14 6
25340 22 21 5
25341 9 9 5
25342 23 22 4
25343 20 19 5
25344 15 15 5
25345 17 16 6
25346 20 20 6
25347 12 12 4
25348 22 21 5
25349 11 10 4
25350 24 23 7
25351 19 18 4
25352 14 13 5
25353 19 18 4
25354 20 19 5
25355 21 20 6
25356 20 20 6
25357 20 19 5
25358 15 14 4
25359 22 21 5
25360 37 37 5
25361 27 26 6
25362 12 11 5
25363 15 14 6
25364 28 28 6
25365 26 26 6
25366 18 18 6
25367 18 18 6
25368 24 24 6
25369 18 18 4
25370 16 15 5
25371 15 14 4
25372 22 21 7
25373 15 14 4
25374 20 19 5
25375 23 23 7
25376 13 12 6
25377 18 18 4
25378 16 15 5
25379 13 13 5
25380 21 21 5
25381 17 16 6
25382 18 18 4
25383 14 13 5
25384 11 10 4
25385 26 25 5
25386 11 10 6
25387 10 10 4
25388 14 13 5
25389 23 22 6
25390 10 10 4
25391 16 15 5
25392 11 11 5
25393 15 14 6
25394 22 22 6
25395 12 12 4
25396 28 27 5
25397 17 17 5
25398 23 22 6
25399 22 22 6
25400 16 16 6
25401 16 16 4
25402 28 27 7
25403 9 8 4
25404 18 17 5
25405 15 14 6
25406 24 24 6
25407 24 24 4
25408 26 25 7
25409 27 27 5
25410 29 28 4
25411 18 17 5
25412 23 23 5
25413 19 19 5
25414 17 17 5
25415 19 18 4
25416 30 29 5
25417 25 25 7
25418 25 24 6
25419 18 18 4
25420 32 31 7
25421 29 28 4
25422 46 45 7
25423 29 29 5
25424 23 23 5
25425 25 24 6
25426 30 30 4
25427 46 45 5
25428 33 32 6
25429 48 48 6
25430 36 36 8
25431 26 26 4
25432 40 39 9
25433 35 35 7
25434 41 41 7
25435 23 22 6
25436 26 25 5
25437 29 28 4
25438 30 29 7
25439 25 25 5
25440 29 28 6
25441 28 28 6
25442 32 31 7
25443 35 34 8
25444 24 24 4
25445 44 43 7
25446 29 28 8
25447 22 22 4
25448 22 21 5
25449 23 23 5
25450 27 27 5
25451 25 24 8
25452 18 18 4
25453 30 29 5
25454 41 41 9
25455 19 19 5
25456 33 32 8
25457 24 24 6
25458 22 22 6
25459 20 19 5
25460 23 22 4
25461 42 41 9
25462 33 32 8
25463 30 30 6
25464 26 25 5
25465 31 31 7
25466 27 27 5
25467 25 25 5
25468 23 22 6
25469 36 35 7
25470 27 27 7
25471 29 29 7
25472 29 28 6
25473 24 24 6
25474 24 23 5
25475 31 30 6
25476 24 24 4
25477 18 17 5
25478 19 18 4
25479 28 27 7
25480 33 33 5
25481 41 41 5
25482 21 21 5
25483 29 28 4
25484 24 23 7
25485 25 24 4
25486 22 21 5
25487 19 19 5
25488 23 23 5
25489 21 21 5
25490 35 35 7
25491 21 20 6
25492 22 21 5
25493 25 24 6
25494 22 21 5
25495 31 30 8
25496 14 14 4
25497 32 31 5
25498 17 16 4
25499 18 17 5
25500 11 11 7
25501 19 18 4
25502 26 25 7
25503 17 16 4
25504 24 23 5
25505 31 30 6
25506 26 25 5
25507 31 30 8
25508 22 22 4
25509 24 23 5
25510 13 13 5
25511 11 10 4
25512 24 23 5
25513 23 23 5
25514 25 25 5
25515 27 26 6
25516 16 16 4
25517 20 19 5
25518 19 19 5
25519 19 18 6
25520 14 14 4
25521 26 25 5
25522 27 26 6
25523 10 10 4
25524 16 15 5
25525 21 20 6
25526 20 20 4
25527 22 21 5
25528 13 13 5
25529 15 15 5
25530 13 12 6
25531 22 22 6
25532 24 24 4
25533 20 19 5
25534 17 16 6
25535 22 22 6
25536 12 12 4
25537 16 15 5
25538 13 13 5
25539 17 17 5
25540 15 14 6
25541 22 22 6
25542 16 16 6
25543 18 18 4
25544 12 11 5
25545 11 10 6
25546 16 16 4
25547 12 11 5
25548 13 12 6
25549 14 14 6
25550 14 14 4
25551 12 11 5
25552 17 16 6
25553 12 11 5
25554 9 8 4
25555 20 19 5
25556 11 11 5
25557 21 21 5
25558 11 11 5
25559 9 9 5
25560 17 16 4
25561 16 15 5
25562 21 21 5
25563 11 10 4
25564 14 13 5
25565 13 12 6
25566 14 14 4
25567 18 17 5
25568 17 17 5
25569 13 12 6
25570 22 22 6
25571 14 14 4
25572 16 15 5
25573 13 12 6
25574 10 10 4
25575 12 11 5
25576 5 5 5
25577 12 11 5
25578 17 16 6
25579 20 19 5
25580 19 18 4
25581 14 13 5
25582 31 30 6
25583 30 30 6
25584 20 20 4
25585 8 7 6
25586 16 16 6
25587 8 8 4
25588 18 17 5
25589 13 12 4
25590 10 9 5
25591 5 5 5
25592 14 13 5
25593 9 9 5
25594 17 16 6
25595 16 16 4
25596 20 19 5
25597 13 12 4
25598 24 23 5
25599 15 14 6
25600 12 12 6
25601 10 10 4
25602 12 11 5
25603 9 9 5
25604 9 9 5
25605 19 19 5
25606 17 17 5
25607 13 13 5
25608 19 18 6
25609 16 15 5
25610 17 17 5
25611 13 13 5
25612 11 11 5
25613 11 10 6
25614 16 16 6
25615 8 8 4
25616 14 13 5
25617 19 19 5
25618 13 13 5
25619 11 11 5
25620 13 12 4
25621 16 15 5
25622 11 10 6
25623 10 10 4
25624 10 9 5
25625 13 12 4
25626 10 9 5
25627 5 5 5
25628 14 13 5
25629 11 11 5
25630 7 6 5
25631 9 9 5
25632 13 12 4
25633 18 17 5
25634 9 9 5
25635 11 11 5
25636 13 12 4
25637 14 13 5
25638 11 10 4
25639 12 11 5
25640 15 15 5
25641 11 11 5
25642 11 10 4
25643 16 15 5
25644 13 12 6
25645 14 14 6
25646 18 18 4
25647 20 19 5
25648 9 9 5
25649 11 10 4
25650 12 11 5
25651 17 17 5
25652 13 12 4
25653 12 11 5
25654 13 12 6
25655 10 10 4
25656 14 13 5
25657 15 15 5
25658 11 11 5
25659 15 14 6
25660 6 6 6
25661 11 10 4
25662 22 21 5
25663 13 13 5
25664 17 16 4
25665 18 17 5
25666 15 14 6
25667 14 13 5
25668 13 12 4
25669 10 9 5
25670 11 11 5
25671 7 6 5
25672 15 14 4
25673 14 13 5
25674 21 21 5
25675 15 14 4
25676 12 11 5
25677 13 13 5
25678 11 11 5
25679 9 9 5
25680 15 14 4
25681 18 17 7
25682 11 10 4
25683 16 15 5
25684 11 10 6
25685 6 6 6
25686 11 10 4
25687 12 11 5
25688 15 14 6
25689 12 12 6
25690 20 20 6
25691 18 18 6
25692 8 8 4
25693 24 23 5
25694 17 16 6
25695 6 6 6
25696 15 14 6
25697 16 16 4
25698 18 17 7
25699 25 24 4
25700 18 17 5
25701 21 20 4
25702 18 17 5
25703 15 14 4
25704 14 13 5
25705 13 12 4
25706 14 13 5
25707 19 18 6
25708 12 12 4
25709 26 25 5
25710 13 13 5
25711 13 12 4
25712 16 15 5
25713 13 12 4
25714 14 13 5
25715 17 16 4
25716 14 13 5
25717 15 14 6
25718 16 16 4
25719 20 19 5
25720 19 18 6
25721 16 16 6
25722 10 10 6
25723 12 12 4
25724 16 15 5
25725 9 8 4
25726 16 15 5
25727 15 15 5
25728 19 19 5
25729 11 10 4
25730 20 19 7
25731 9 8 4
25732 6 5 4
25733 18 17 5
25734 11 11 5
25735 11 11 5
25736 9 8 4
25737 10 9 5
25738 11 10 6
25739 8 8 4
25740 18 17 5
25741 13 12 6
25742 14 14 6
25743 24 24 6
25744 12 12 4
25745 14 13 5
25746 13 13 5
25747 5 5 5
25748 12 11 5
25749 13 12 6
25750 10 10 4
25751 8 7 6
25752 14 14 4
25753 12 11 5
25754 19 19 5
25755 21 21 5
25756 7 6 5
25757 9 9 5
25758 15 14 6
25759 10 10 4
25760 20 19 5
25761 23 23 5
25762 27 26 6
25763 20 20 4
25764 22 21 5
25765 25 24 6
25766 10 10 4
25767 18 17 5
25768 13 12 6
25769 14 14 6
25770 12 12 4
25771 22 21 5
25772 21 21 5
25773 15 15 5
25774 23 23 5
25775 33 32 6
25776 24 24 6
25777 24 23 5
25778 27 26 6
25779 24 24 4
25780 32 31 5
25781 31 31 5
25782 29 28 6
25783 22 21 5
25784 25 25 7
25785 29 28 4
25786 36 35 7
25787 25 25 5
25788 23 22 6
25789 10 10 4
25790 28 27 5
25791 21 21 5
25792 29 29 7
25793 27 26 6
25794 22 22 4
25795 22 21 5
25796 33 32 6
25797 24 23 5
25798 29 29 5
25799 27 27 5
25800 25 24 6
25801 24 24 6
25802 28 27 5
25803 27 26 8
25804 26 26 4
25805 24 23 5
25806 13 12 4
25807 16 15 5
25808 23 22 6
25809 16 16 6
25810 20 19 5
25811 23 22 6
25812 18 17 5
25813 23 22 6
25814 22 22 4
25815 14 13 5
25816 31 30 4
25817 18 17 5
25818 19 18 6
25819 10 10 4
25820 12 11 5
25821 19 18 6
25822 12 12 6
25823 12 12 4
25824 16 15 5
25825 21 20 6
25826 18 17 5
25827 19 18 6
25828 16 16 6
25829 12 12 4
25830 16 15 5
25831 13 13 5
25832 17 16 4
25833 16 15 5
25834 19 19 5
25835 15 15 5
25836 25 25 5
25837 17 17 5
25838 19 18 4
25839 18 17 5
25840 13 12 6
25841 18 18 6
25842 26 26 4
25843 30 29 5
25844 19 19 5
25845 19 18 6
25846 10 10 4
25847 16 15 5
25848 27 26 6
25849 14 14 4
25850 34 33 7
25851 11 10 4
25852 18 17 5
25853 17 16 4
25854 20 19 7
25855 25 24 4
25856 30 29 5
25857 29 29 5
25858 17 16 4
25859 18 17 5
25860 19 18 6
25861 36 36 6
25862 16 15 5
25863 23 22 4
25864 24 23 5
25865 13 12 4
25866 14 13 5
25867 15 15 5
25868 13 12 4
25869 18 17 5
25870 11 11 5
25871 29 28 6
25872 28 28 6
25873 12 12 4
25874 14 13 5
25875 19 19 5
25876 23 23 5
25877 17 16 4
25878 26 25 7
25879 11 10 4
25880 20 19 5
25881 5 5 5
25882 14 13 5
25883 19 19 5
25884 9 9 5
25885 13 12 4
25886 24 23 7
25887 7 6 5
25888 11 10 4
25889 12 11 5
25890 13 13 5
25891 9 8 4
25892 12 11 5
25893 13 13 5
25894 7 6 5
25895 21 20 6
25896 20 20 6
25897 6 6 6
25898 11 10 6
25899 10 10 4
25900 10 9 5
25901 11 10 6
25902 8 8 4
25903 12 11 5
25904 11 11 5
25905 15 14 4
25906 18 17 7
25907 15 14 4
25908 14 13 5
25909 13 12 4
25910 12 11 5
25911 9 9 5
25912 11 10 4
25913 16 15 7
25914 17 16 4
25915 10 9 5
25916 19 18 6
25917 20 20 6
25918 14 14 4
25919 14 13 5
25920 11 11 5
25921 15 14 6
25922 8 8 4
25923 12 11 5
25924 13 13 5
25925 13 12 6
25926 10 9 5
25927 9 8 4
25928 10 9 5
25929 15 14 6
25930 18 18 6
25931 16 15 5
25932 7 6 5
25933 17 16 6
25934 14 14 4
25935 18 17 5
25936 17 16 6
25937 10 10 4
25938 16 15 7
25939 9 8 4
25940 10 9 5
25941 11 10 4
25942 16 15 7
25943 9 8 4
25944 12 11 5
25945 21 20 6
25946 16 15 5
25947 17 16 6
25948 8 8 4
25949 16 15 5
25950 19 18 6
25951 10 10 4
25952 10 9 5
25953 11 10 4
25954 10 9 5
25955 11 11 5
25956 13 12 6
25957 8 8 4
25958 10 9 5
25959 11 10 6
25960 6 6 6
25961 11 10 6
25962 8 8 4
25963 14 13 5
25964 7 7 7
25965 16 16 4
25966 12 11 5
25967 17 17 5
25968 13 12 4
25969 14 13 7
25970 17 16 6
25971 10 10 4
25972 10 9 5
25973 17 16 6
25974 16 16 6
25975 8 8 4
25976 14 13 5
25977 21 20 6
25978 10 10 4
25979 14 13 5
25980 13 12 4
25981 18 17 7
25982 19 18 4
25983 18 17 5
25984 23 23 5
25985 23 22 6
25986 16 15 5
25987 11 10 4
25988 16 15 5
25989 15 15 5
25990 11 11 5
25991 15 14 4
25992 16 15 5
25993 11 11 5
25994 7 6 5
25995 13 12 4
25996 10 9 5
25997 15 15 5
25998 11 10 6
25999 12 12 4
26000 16 15 7
26001 11 10 4
26002 12 11 5
26003 11 11 5
26004 9 8 4
26005 10 9 5
26006 15 15 5
26007 15 15 5
26008 19 18 6
26009 10 10 4
26010 14 13 5
26011 13 13 5
26012 11 10 6
26013 10 10 4
26014 12 11 5
26015 19 18 4
26016 18 17 5
26017 21 20 4
26018 22 21 5
26019 9 9 5
26020 11 11 5
26021 11 11 5
26022 17 16 6
26023 14 13 5
26024 9 8 4
26025 6 5 4
26026 14 13 5
26027 17 17 5
26028 19 19 5
26029 17 16 4
26030 10 9 5
26031 15 14 6
26032 22 22 6
26033 12 12 4
26034 14 13 5
26035 11 11 5
26036 13 13 5
26037 11 10 6
26038 14 14 6
26039 14 14 4
26040 8 7 6
26041 16 16 4
26042 14 13 5
26043 13 12 4
26044 18 17 5
26045 5 5 5
26046 18 17 5
26047 11 10 6
26048 16 16 6
26049 14 14 4
26050 16 15 5
26051 21 21 5
26052 29 28 6
26053 14 14 4
26054 14 13 5
26055 19 18 6
26056 32 32 6
26057 14 14 4
26058 20 19 5
26059 11 11 5
26060 15 14 4
26061 26 25 5
26062 25 24 6
26063 18 18 4
26064 14 13 5
26065 25 24 6
26066 16 16 6
26067 18 18 6
26068 22 22 4
26069 16 15 5
26070 27 26 6
26071 18 18 4
26072 26 25 5
26073 31 31 5
26074 33 32 6
26075 20 20 4
26076 28 27 5
26077 35 34 4
26078 24 23 5
26079 27 26 6
26080 24 23 5
26081 29 28 4
26082 22 21 5
26083 23 23 5
26084 27 27 5
26085 17 17 5
26086 23 23 5
26087 21 20 6
26088 18 18 6
26089 16 16 6
26090 26 25 5
26091 33 33 5
26092 19 18 4
26093 28 27 5
26094 19 19 5
26095 21 20 6
26096 28 27 7
26097 23 22 6
26098 36 35 7
26099 17 16 4
26100 26 25 5
26101 23 22 6
26102 22 22 6
26103 16 16 4
26104 30 29 5
26105 17 17 5
26106 27 27 7
26107 33 32 6
26108 22 22 4
26109 32 31 7
26110 29 28 4
26111 32 31 5
26112 37 36 8
26113 16 15 5
26114 25 25 5
26115 25 24 4
26116 22 21 5
26117 21 20 6
26118 32 32 6
26119 32 32 6
26120 16 15 5
26121 43 43 11
26122 29 29 5
26123 23 22 6
26124 26 25 5
26125 37 37 9
26126 17 16 6
26127 32 32 6
26128 22 21 5
26129 29 28 4
26130 20 19 5
26131 19 18 6
26132 32 31 7
26133 27 26 4
26134 26 25 7
26135 27 26 6
26136 24 24 10
26137 20 20 6
26138 44 44 8
26139 30 30 8
26140 34 34 6
26141 16 15 5
26142 15 15 5
26143 27 26 6
26144 18 18 4
26145 20 19 5
26146 23 22 6
26147 32 32 6
26148 26 25 5
26149 17 17 5
26150 31 31 9
26151 37 36 8
26152 36 35 7
26153 13 12 4
26154 24 23 5
26155 29 28 8
26156 22 21 5
26157 21 20 4
26158 18 17 5
26159 19 18 4
26160 18 17 5
26161 23 23 5
26162 15 14 4
26163 26 25 5
26164 13 12 4
26165 18 17 5
26166 11 11 5
26167 27 26 6
26168 16 15 5
26169 17 16 4
26170 16 15 7
26171 17 16 6
26172 20 20 6
26173 22 22 4
26174 16 15 5
26175 13 12 6
26176 18 18 6
26177 18 18 4
26178 20 19 5
26179 21 20 6
26180 16 15 5
26181 25 24 4
26182 14 13 5
26183 21 21 5
26184 13 13 5
26185 17 17 5
26186 19 18 6
26187 12 12 4
26188 20 19 5
26189 15 14 6
26190 22 22 6
26191 20 20 6
26192 14 14 4
26193 16 15 5
26194 17 17 5
26195 11 10 4
26196 18 17 5
26197 11 11 5
26198 17 16 6
26199 16 15 5
26200 15 14 4
26201 14 13 5
26202 15 15 5
26203 23 23 5
26204 29 28 6
26205 22 22 4
26206 24 23 5
26207 17 17 5
26208 21 20 6
26209 14 14 4
26210 14 13 5
26211 13 13 5
26212 13 13 5
26213 23 22 6
26214 24 24 6
26215 22 22 6
26216 14 14 4
26217 16 15 5
26218 37 36 6
26219 16 16 4
26220 18 17 5
26221 25 24 4
26222 16 15 5
26223 17 16 6
26224 16 16 6
26225 24 24 6
26226 20 20 6
26227 18 18 4
26228 24 23 5
26229 19 18 6
26230 22 21 7
26231 13 12 6
26232 10 10 4
26233 26 25 9
26234 13 12 4
26235 20 19 7
26236 15 14 4
26237 10 9 5
26238 17 17 5
26239 7 6 5
26240 11 11 5
26241 23 22 6
26242 28 28 6
26243 12 12 6
26244 10 10 6
26245 12 12 4
26246 12 11 5
26247 21 20 4
26248 14 13 5
26249 11 11 5
26250 15 14 6
26251 16 16 6
26252 14 14 6
26253 8 8 4
26254 12 11 5
26255 25 25 7
26256 27 26 4
26257 16 15 5
26258 17 16 6
26259 22 22 6
26260 8 8 4
26261 14 13 5
26262 17 17 5
26263 19 18 4
26264 14 13 5
26265 15 14 6
26266 14 14 4
26267 22 21 5
26268 15 14 6
26269 8 8 4
26270 12 11 5
26271 17 16 6
26272 16 16 6
26273 12 12 4
26274 10 9 5
26275 19 18 6
26276 14 14 4
26277 22 21 5
26278 13 13 5
26279 11 10 4
26280 14 13 5
26281 19 18 6
26282 18 18 6
26283 12 12 4
26284 24 23 5
26285 7 6 5
26286 19 19 5
26287 11 11 5
26288 21 20 4
26289 16 15 5
26290 21 20 6
26291 16 16 4
26292 18 17 5
26293 23 23 5
26294 19 18 6
26295 14 14 6
26296 22 22 4
26297 16 15 5
26298 23 23 5
26299 19 18 4
26300 12 11 5
26301 15 14 4
26302 14 13 5
26303 11 10 6
26304 18 18 4
26305 16 15 5
26306 13 12 6
26307 22 21 5
26308 19 18 4
26309 14 13 5
26310 19 19 5
26311 21 20 4
26312 20 19 5
26313 15 15 5
26314 7 6 5
26315 15 14 6
26316 14 14 6
26317 10 10 4
26318 10 9 5
26319 15 15 5
26320 21 20 6
26321 16 16 6
26322 20 20 6
26323 10 10 4
26324 14 13 5
26325 11 11 5
26326 11 11 5
26327 11 10 6
26328 6 6 6
26329 13 12 4
26330 18 17 5
26331 13 12 4
26332 6 5 4
26333 10 9 5
26334 11 11 5
26335 9 9 5
26336 9 8 4
26337 16 15 5
26338 15 14 6
26339 18 17 5
26340 13 12 6
26341 8 8 4
26342 16 15 5
26343 17 16 6
26344 10 9 5
26345 13 12 4
26346 20 19 5
26347 13 12 6
26348 14 14 6
26349 8 8 4
26350 12 11 5
26351 13 12 6
26352 18 18 6
26353 8 8 4
26354 20 19 5
26355 13 12 4
26356 20 19 5
26357 9 9 5
26358 21 20 4
26359 18 17 5
26360 21 20 6
26361 10 10 4
26362 22 21 5
26363 15 14 6
26364 26 26 6
26365 16 16 6
26366 12 12 6
26367 24 24 6
26368 16 16 6
26369 24 24 6
26370 20 19 5
26371 31 30 4
26372 20 19 5
26373 15 15 5
26374 21 20 6
26375 12 12 4
26376 22 21 5
26377 15 15 5
26378 17 17 5
26379 25 24 6
26380 40 40 6
26381 16 16 4
26382 18 17 5
26383 17 17 5
26384 25 24 6
26385 20 20 6
26386 10 10 4
26387 24 23 5
26388 27 27 7
26389 13 13 7
26390 27 26 6
26391 24 24 6
26392 26 26 4
26393 22 21 5
26394 57 56 8
26395 16 16 4
26396 30 29 7
26397 21 21 5
26398 25 25 5
26399 19 19 5
26400 21 20 4
26401 34 33 5
26402 17 17 5
26403 31 30 4
26404 32 31 7
26405 25 24 6
26406 22 22 6
26407 30 30 6
26408 38 38 6
26409 26 26 4
26410 22 21 5
26411 23 23 5
26412 17 17 5
26413 45 45 7
26414 25 24 6
26415 18 18 4
26416 28 27 5
26417 17 17 5
26418 19 19 5
26419 19 18 4
26420 24 23 7
26421 21 20 6
26422 28 28 6
26423 10 10 4
26424 22 21 5
26425 17 16 6
26426 18 18 6
26427 12 12 4
26428 18 17 5
26429 11 10 4
26430 16 15 7
26431 19 18 4
26432 16 15 7
26433 9 8 4
26434 22 21 5
26435 9 9 5
26436 15 15 5
26437 19 18 6
26438 16 16 4
26439 22 21 5
26440 19 18 4
26441 18 17 5
26442 9 9 5
26443 9 8 4
26444 18 17 5
26445 11 10 6
26446 18 18 6
26447 10 10 4
26448 26 25 5
26449 9 9 5
26450 17 16 4
26451 16 15 7
26452 13 12 4
26453 14 13 5
26454 19 18 6
26455 12 12 6
26456 16 16 6
26457 10 10 4
26458 16 15 5
26459 17 16 6
26460 16 16 6
26461 18 18 4
26462 20 19 5
26463 25 24 6
26464 14 14 4
26465 18 17 7
26466 15 14 4
26467 24 23 7
26468 11 10 4
26469 10 9 5
26470 13 12 6
26471 12 12 6
26472 18 18 4
26473 12 11 5
26474 11 10 4
26475 16 15 7
26476 29 28 4
26477 26 25 5
26478 17 17 5
26479 27 26 4
26480 18 17 5
26481 21 21 5
26482 17 16 6
26483 16 15 5
26484 19 18 4
26485 14 13 5
26486 19 18 6
26487 18 17 5
26488 15 15 5
26489 21 20 4
26490 28 27 7
26491 17 16 4
26492 26 25 5
26493 23 22 6
26494 16 16 4
26495 24 23 5
26496 33 33 5
26497 17 17 5
26498 27 27 7
26499 15 14 6
26500 24 24 4
26501 26 25 5
26502 23 23 5
26503 19 19 5
26504 25 24 6
26505 20 20 4
26506 24 23 5
26507 15 14 6
26508 16 16 6
26509 18 18 6
26510 16 16 6
26511 12 12 4
26512 20 19 5
26513 23 23 5
26514 13 13 5
26515 19 18 6
26516 6 6 6
26517 17 16 4
26518 22 21 5
26519 13 13 5
26520 17 17 5
26521 11 10 4
26522 14 13 5
26523 13 13 5
26524 17 16 6
26525 8 8 4
26526 16 15 5
26527 11 11 5
26528 15 14 6
26529 22 22 6
26530 16 15 5
26531 13 12 4
26532 12 11 7
26533 9 8 4
26534 16 15 5
26535 11 10 6
26536 8 8 4
26537 12 11 5
26538 19 19 5
26539 9 9 5
26540 11 11 5
26541 9 8 4
26542 14 13 5
26543 9 9 5
26544 13 12 6
26545 10 10 6
26546 12 12 4
26547 18 17 5
26548 13 12 6
26549 8 8 4
26550 18 17 5
26551 21 21 5
26552 11 11 5
26553 23 22 6
26554 6 6 6
26555 25 24 6
26556 14 13 5
26557 13 12 4
26558 12 11 5
26559 19 19 5
26560 5 5 5
26561 12 11 5
26562 15 14 4
26563 24 23 5
26564 17 17 5
26565 7 6 5
26566 11 10 6
26567 12 12 4
26568 8 7 6
26569 14 14 6
26570 16 16 4
26571 16 15 5
26572 21 20 6
26573 6 5 4
26574 12 11 5
26575 7 6 5
26576 13 12 6
26577 10 10 6
26578 8 8 4
26579 12 11 5
26580 11 10 6
26581 26 26 6
26582 12 12 4
26583 16 15 5
26584 11 11 5
26585 19 18 6
26586 10 10 4
26587 12 11 7
26588 9 8 4
26589 12 11 5
26590 7 6 5
26591 15 14 6
26592 16 16 6
26593 10 10 4
26594 16 15 5
26595 11 10 6
26596 10 10 4
26597 12 11 5
26598 19 19 5
26599 11 11 5
26600 9 8 4
26601 10 9 5
26602 11 11 5
26603 19 19 5
26604 29 28 6
26605 18 17 5
26606 13 12 4
26607 8 7 6
26608 16 16 4
26609 16 15 5
26610 13 13 5
26611 17 16 4
26612 10 9 5
26613 11 11 5
26614 13 13 5
26615 11 10 4
26616 16 15 5
26617 9 9 5
26618 15 14 6
26619 16 16 6
26620 14 14 6
26621 26 26 4
26622 24 23 5
26623 13 13 5
26624 9 8 4
26625 12 11 5
26626 7 6 5
26627 19 19 5
26628 23 22 6
26629 14 14 6
26630 16 16 4
26631 12 11 5
26632 21 20 6
26633 16 16 4
26634 24 23 7
26635 17 16 4
26636 14 13 5
26637 15 15 5
26638 27 27 7
26639 13 12 4
26640 24 23 7
26641 9 8 4
26642 16 15 5
26643 17 17 5
26644 11 10 4
26645 12 11 5
26646 11 10 6
26647 12 11 5
26648 23 22 6
26649 14 14 4
26650 16 15 5
26651 9 8 4
26652 18 17 5
26653 9 9 5
26654 17 16 6
26655 14 14 6
26656 18 18 6
26657 14 14 6
26658 10 10 4
26659 22 21 7
26660 17 16 4
26661 10 9 5
26662 23 22 6
26663 20 20 6
26664 22 22 4
26665 22 21 5
26666 19 19 5
26667 17 16 4
26668 28 27 5
26669 19 19 5
26670 13 13 5
26671 21 20 4
26672 22 21 5
26673 31 31 5
26674 29 29 5
26675 13 12 6
26676 16 16 4
26677 16 15 5
26678 23 22 4
26679 26 25 5
26680 35 35 5
26681 29 29 5
26682 19 19 5
26683 29 29 5
26684 11 10 4
26685 28 27 5
26686 15 14 6
26687 34 33 9
26688 21 20 4
26689 36 35 7
26690 43 42 6
26691 28 28 8
26692 30 30 4
26693 32 31 9
26694 39 38 6
26695 30 29 5
26696 49 48 8
26697 36 35 5
26698 43 42 8
26699 36 35 7
26700 45 45 7
26701 37 36 6
26702 28 28 10
26703 38 38 12
26704 22 22 4
26705 20 19 5
26706 23 23 5
26707 39 39 7
26708 39 38 8
26709 24 24 6
26710 36 36 4
26711 36 35 5
26712 47 46 6
26713 28 28 8
26714 18 18 6
26715 26 26 6
26716 30 30 6
26717 20 20 6
26718 42 42 10
26719 26 26 6
26720 30 29 7
26721 31 31 5
26722 19 18 6
26723 26 26 6
26724 26 26 6
26725 30 30 6
26726 36 35 7
26727 33 33 5
26728 43 43 9
26729 21 20 6
26730 22 22 6
26731 36 35 5
26732 27 27 5
26733 35 34 6
26734 30 30 6
26735 44 44 6
26736 26 26 6
26737 20 19 5
26738 23 23 5
26739 17 17 5
26740 25 24 6
26741 30 30 6
26742 32 31 5
26743 49 49 9
26744 23 23 5
26745 25 25 5
26746 39 39 7
26747 29 28 8
26748 30 30 8
26749 30 30 6
26750 18 17 5
26751 23 22 6
26752 32 32 6
26753 30 30 6
26754 28 27 7
26755 23 23 5
26756 23 23 5
26757 19 18 4
26758 22 21 5
26759 23 23 5
26760 21 21 5
26761 19 19 5
26762 19 19 5
26763 27 26 8
26764 22 22 6
26765 16 16 4
26766 18 17 5
26767 25 25 7
26768 15 14 4
26769 32 31 5
26770 19 19 5
26771 21 20 6
26772 12 12 4
26773 26 25 5
26774 15 14 4
26775 12 11 5
26776 31 31 5
26777 11 10 4
26778 22 21 5
26779 17 16 6
26780 18 18 4
26781 22 21 5
26782 9 9 5
26783 11 10 4
26784 18 17 7
26785 19 18 4
26786 14 13 5
26787 13 13 5
26788 23 22 6
26789 16 16 4
26790 14 13 5
26791 11 10 4
26792 14 13 7
26793 11 10 4
26794 18 17 5
26795 17 16 6
26796 14 14 4
26797 14 13 5
26798 15 15 5
26799 17 17 5
26800 17 17 5
26801 15 15 5
26802 13 12 6
26803 6 6 6
26804 11 10 4
26805 8 7 6
26806 18 18 6
26807 6 6 6
26808 17 16 6
26809 12 11 5
26810 15 14 6
26811 14 13 5
26812 15 14 4
26813 14 13 5
26814 11 10 4
26815 22 21 7
26816 17 16 4
26817 12 11 5
26818 9 8 4
26819 12 11 5
26820 15 15 5
26821 15 14 4
26822 20 19 7
26823 11 10 4
26824 10 9 5
26825 25 24 6
26826 20 20 6
26827 16 16 4
26828 18 17 5
26829 17 16 6
26830 12 12 4
26831 14 13 5
26832 19 18 4
26833 18 17 5
26834 21 21 5
26835 15 14 4
26836 10 9 5
26837 13 13 5
26838 17 16 4
26839 34 33 5
26840 27 26 4
26841 18 17 5
26842 21 21 5
26843 9 9 5
26844 19 18 6
26845 16 16 4
26846 26 25 5
26847 15 15 5
26848 25 24 6
26849 26 26 6
26850 24 24 4
26851 24 23 5
26852 19 18 6
26853 18 18 4
26854 26 25 5
26855 27 27 5
26856 25 25 5
26857 27 27 5
26858 21 20 6
26859 20 20 6
26860 24 24 4
26861 22 21 5
26862 19 19 5
26863 33 32 6
26864 10 10 4
26865 22 21 5
26866 23 23 5
26867 19 18 6
26868 26 26 6
26869 24 24 6
26870 18 18 4
26871 22 21 7
26872 19 18 4
26873 16 15 5
26874 25 25 5
26875 19 18 4
26876 14 13 5
26877 25 25 7
26878 17 16 4
26879 16 15 5
26880 11 11 5
26881 17 16 4
26882 16 15 5
26883 9 9 5
26884 17 17 5
26885 13 12 6
26886 22 22 6
26887 24 24 4
26888 10 9 5
26889 13 12 6
26890 18 18 4
26891 6 5 4
26892 12 11 5
26893 13 13 5
26894 15 14 4
26895 20 19 5
26896 13 13 5
26897 9 8 4
26898 12 11 5
26899 11 10 6
26900 6 6 6
26901 5 5 5
26902 12 11 5
26903 17 16 6
26904 16 16 6
26905 16 16 4
26906 26 25 5
26907 13 13 5
26908 13 13 5
26909 17 16 6
26910 8 8 4
26911 10 9 5
26912 7 6 5
26913 19 18 6
26914 6 6 6
26915 19 18 6
26916 12 12 4
26917 16 15 5
26918 15 14 6
26919 6 6 6
26920 11 10 6
26921 8 8 4
26922 6 5 4
26923 10 9 5
26924 17 16 6
26925 10 10 6
26926 14 14 6
26927 16 16 4
26928 16 15 7
26929 11 10 4
26930 14 13 5
26931 11 11 5
26932 9 8 4
26933 10 9 5
26934 5 5 5
26935 12 11 5
26936 11 11 5
26937 13 12 6
26938 10 10 6
26939 10 10 4
26940 12 11 5
26941 13 13 5
26942 11 10 4
26943 10 9 5
26944 15 15 5
26945 15 15 5
26946 17 16 6
26947 14 14 4
26948 20 19 5
26949 11 11 5
26950 19 18 6
26951 10 10 4
26952 12 11 5
26953 13 12 6
26954 14 14 6
26955 8 8 4
26956 10 9 5
26957 5 5 5
26958 14 13 5
26959 7 6 5
26960 11 11 5
26961 15 14 6
26962 10 10 6
26963 10 10 4
26964 10 9 5
26965 15 14 4
26966 12 11 5
26967 15 15 5
26968 9 8 4
26969 12 11 5
26970 17 17 5
26971 17 17 5
26972 13 12 4
26973 24 23 5
26974 15 15 5
26975 9 8 4
26976 12 11 5
26977 23 22 4
26978 18 17 5
26979 17 17 5
26980 19 18 6
26981 10 10 4
26982 20 19 5
26983 15 15 5
26984 13 12 4
26985 10 9 5
26986 17 16 4
26987 14 13 5
26988 11 10 6
26989 10 10 6
26990 14 14 4
26991 14 13 5
26992 7 6 5
26993 15 14 6
26994 10 9 5
26995 13 12 4
26996 16 15 5
26997 11 11 5
26998 13 12 4
26999 14 13 5
27000 11 10 6
27001 10 10 6
27002 10 10 4
27003 12 11 5
27004 13 12 4
27005 14 13 5
27006 11 11 5
27007 11 10 6
27008 10 10 4
27009 18 17 5
27010 13 12 6
27011 6 6 6
27012 9 8 4
27013 12 11 5
27014 11 10 6
27015 10 10 4
27016 10 9 5
27017 17 17 5
27018 13 12 4
27019 12 11 5
27020 9 9 5
27021 17 16 6
27022 12 12 4
27023 18 17 5
27024 23 23 5
27025 11 10 6
27026 8 8 4
27027 12 11 5
27028 9 9 5
27029 17 16 4
27030 10 9 5
27031 11 10 6
27032 10 10 4
27033 12 11 5
27034 13 13 5
27035 11 10 4
27036 14 13 5
27037 9 9 5
27038 15 14 6
27039 18 18 4
27040 12 11 5
27041 9 9 5
27042 11 11 5
27043 13 12 4
27044 16 15 5
27045 11 11 5
27046 7 6 5
27047 9 8 4
27048 16 15 7
27049 7 6 5
27050 9 8 4
27051 14 13 5
27052 15 15 5
27053 13 12 4
27054 16 15 7
27055 9 8 4
27056 14 13 5
27057 17 16 4
27058 12 11 5
27059 9 9 5
27060 13 12 6
27061 10 10 4
27062 12 11 5
27063 13 12 4
27064 10 9 5
27065 13 13 5
27066 9 8 4
27067 18 17 5
27068 15 15 5
27069 15 14 6
27070 10 10 4
27071 12 11 5
27072 13 13 5
27073 9 8 4
27074 12 11 5
27075 13 13 5
27076 9 8 4
27077 14 13 5
27078 17 17 5
27079 11 11 5
27080 21 20 4
27081 12 11 7
27082 13 12 4
27083 24 23 7
27084 11 10 4
27085 12 11 5
27086 13 13 5
27087 9 8 4
27088 12 11 5
27089 11 10 4
27090 10 9 5
27091 11 10 6
27092 12 12 4
27093 10 9 5
27094 13 13 5
27095 9 8 4
27096 12 11 5
27097 5 5 5
27098 18 17 5
27099 11 11 5
27100 17 16 4
27101 12 11 5
27102 9 9 5
27103 19 18 4
27104 16 15 5
27105 13 12 4
27106 12 11 5
27107 9 9 5
27108 5 5 5
27109 10 9 5
27110 17 16 6
27111 14 14 6
27112 8 8 4
27113 20 19 5
27114 13 13 5
27115 9 8 4
27116 12 11 5
27117 11 10 6
27118 12 12 6
27119 10 10 4
27120 10 9 5
27121 21 21 5
27122 15 15 5
27123 9 8 4
27124 20 19 5
27125 9 9 5
27126 11 10 6
27127 16 16 4
27128 18 17 5
27129 19 18 6
27130 12 12 4
27131 16 15 5
27132 29 28 6
27133 16 16 4
27134 24 23 5
27135 23 22 6
27136 18 18 4
27137 10 9 5
27138 19 19 5
27139 21 21 5
27140 17 16 4
27141 12 11 5
27142 19 18 6
27143 18 17 5
27144 23 23 5
27145 17 16 6
27146 12 12 4
27147 18 17 5
27148 13 13 5
27149 9 8 4
27150 14 13 5
27151 17 16 6
27152 22 22 6
27153 10 10 4
27154 14 13 5
27155 21 21 5
27156 23 22 4
27157 24 23 7
27158 19 18 6
27159 22 21 5
27160 21 20 6
27161 18 18 6
27162 20 20 6
27163 22 22 4
27164 22 21 5
27165 21 20 6
27166 20 20 4
27167 16 15 5
27168 17 16 6
27169 24 24 4
27170 18 17 5
27171 17 17 5
27172 19 19 5
27173 15 15 5
27174 11 11 5
27175 17 17 5
27176 15 14 4
27177 14 13 5
27178 19 19 5
27179 21 20 6
27180 22 21 5
27181 15 14 6
27182 12 12 4
27183 14 13 5
27184 11 11 5
27185 19 18 6
27186 18 18 6
27187 22 22 6
27188 16 16 4
27189 14 13 5
27190 19 18 6
27191 10 10 4
27192 12 11 5
27193 19 18 6
27194 12 11 5
27195 15 14 4
27196 12 11 5
27197 19 19 5
27198 7 6 5
27199 5 5 5
27200 20 19 7
27201 11 10 4
27202 22 21 5
27203 15 15 5
27204 13 12 4
27205 14 13 5
27206 19 18 6
27207 16 16 6
27208 20 20 6
27209 8 8 4
27210 12 11 5
27211 13 13 5
27212 11 10 4
27213 16 15 5
27214 11 11 5
27215 15 15 5
27216 15 15 5
27217 11 10 4
27218 10 9 5
27219 9 9 5
27220 7 6 5
27221 7 7 7
27222 8 8 4
27223 16 15 5
27224 9 9 5
27225 11 10 6
27226 8 8 4
27227 14 13 5
27228 11 11 5
27229 7 6 5
27230 13 12 4
27231 20 19 7
27232 17 16 6
27233 16 16 4
27234 18 17 5
27235 13 13 5
27236 7 6 5
27237 9 8 4
27238 12 11 5
27239 11 11 5
27240 17 17 5
27241 19 18 6
27242 22 22 6
27243 16 16 4
27244 28 27 5
27245 15 14 4
27246 14 13 5
27247 13 12 6
27248 6 6 6
27249 15 14 4
27250 20 19 5
27251 21 20 6
27252 10 10 4
27253 12 11 5
27254 11 11 5
27255 29 28 6
27256 16 16 4
27257 14 13 5
27258 19 19 5
27259 19 19 5
27260 27 26 6
27261 20 20 4
27262 24 23 5
27263 23 23 5
27264 23 22 6
27265 30 29 5
27266 31 30 4
27267 32 31 5
27268 45 45 5
27269 39 39 7
27270 35 34 4
27271 50 49 7
27272 47 46 6
27273 44 44 6
27274 48 47 9
27275 29 28 6
27276 46 46 6
27277 48 48 8
27278 42 42 8
27279 46 46 8
27280 56 56 10
27281 36 35 7
27282 19 19 5
27283 23 23 5
27284 37 36 6
27285 30 30 6
27286 38 38 6
27287 22 22 4
27288 22 21 7
27289 13 12 6
27290 34 33 5
27291 21 20 6
27292 38 38 6
27293 20 20 4
27294 26 25 5
27295 37 37 7
27296 29 28 4
27297 32 31 7
27298 29 28 4
27299 38 37 5
27300 25 24 4
27301 28 27 7
27302 27 26 6
27303 26 26 6
27304 28 28 6
27305 30 29 7
27306 29 28 6
27307 14 14 4
27308 18 17 5
27309 25 24 6
27310 30 30 6
27311 26 26 6
27312 32 32 6
27313 22 22 4
27314 22 21 5
27315 19 18 6
27316 24 24 6
27317 32 31 7
27318 19 18 6
27319 30 30 6
27320 36 35 7
27321 19 18 4
27322 30 29 7
27323 13 12 6
27324 22 22 6
27325 20 20 4
27326 14 13 5
27327 23 22 6
27328 16 16 4
27329 22 21 5
27330 15 15 5
27331 27 27 5
27332 17 17 5
27333 19 18 6
27334 14 14 4
27335 20 19 5
27336 17 17 5
27337 21 20 8
27338 24 24 4
27339 26 25 5
27340 17 16 4
27341 18 17 5
27342 17 17 5
27343 21 21 5
27344 25 25 5
27345 19 18 6
27346 14 14 6
27347 14 14 4
27348 22 21 5
27349 23 23 5
27350 13 13 5
27351 29 28 6
27352 18 17 5
27353 29 28 4
27354 24 23 5
27355 29 29 5
27356 15 15 5
27357 19 19 5
27358 21 21 7
27359 11 10 4
27360 26 25 5
27361 19 18 6
27362 22 22 4
27363 14 13 5
27364 15 15 5
27365 17 17 5
27366 21 20 6
27367 12 12 6
27368 12 12 4
27369 18 17 5
27370 23 22 4
27371 16 15 5
27372 17 17 5
27373 21 20 6
27374 20 20 6
27375 16 16 4
27376 20 19 5
27377 17 16 6
27378 8 8 4
27379 18 17 5
27380 9 9 5
27381 17 16 6
27382 12 12 6
27383 18 18 6
27384 16 16 4
27385 16 15 5
27386 11 10 4
27387 12 11 5
27388 19 19 5
27389 17 17 5
27390 21 20 6
27391 12 12 4
27392 20 19 5
27393 17 17 5
27394 9 9 5
27395 23 22 6
27396 10 9 5
27397 17 16 4
27398 16 15 7
27399 9 8 4
27400 6 5 4
27401 14 13 5
27402 15 14 6
27403 10 10 6
27404 14 14 4
27405 16 15 5
27406 11 11 5
27407 19 18 4
27408 24 23 5
27409 17 17 5
27410 9 8 4
27411 12 11 5
27412 13 13 5
27413 21 20 6
27414 14 14 6
27415 16 16 4
27416 16 15 5
27417 23 22 6
27418 18 18 6
27419 14 14 6
27420 14 14 4
27421 12 11 5
27422 11 11 5
27423 17 16 4
27424 16 15 5
27425 13 13 5
27426 13 12 4
27427 10 9 5
27428 19 19 5
27429 11 11 5
27430 17 17 5
27431 15 14 4
27432 16 15 7
27433 17 16 4
27434 16 15 5
27435 9 9 5
27436 13 12 4
27437 12 11 5
27438 7 6 5
27439 15 15 5
27440 21 20 6
27441 10 10 4
27442 30 29 7
27443 9 8 4
27444 16 15 5
27445 13 12 6
27446 12 12 6
27447 18 18 4
27448 14 13 5
27449 17 16 6
27450 14 13 5
27451 21 20 6
27452 8 8 4
27453 16 15 5
27454 11 11 5
27455 13 12 4
27456 10 9 5
27457 17 17 5
27458 19 18 6
27459 18 18 4
27460 14 13 5
27461 19 19 5
27462 15 14 6
27463 12 12 6
27464 8 8 4
27465 16 15 5
27466 15 14 4
27467 10 9 5
27468 15 14 6
27469 14 14 6
27470 10 10 4
27471 14 13 5
27472 11 10 4
27473 14 13 7
27474 21 20 4
27475 12 11 5
27476 15 14 6
27477 14 14 6
27478 14 14 4
27479 14 13 5
27480 11 11 5
27481 7 6 5
27482 15 14 6
27483 16 16 4
27484 16 15 5
27485 13 13 5
27486 13 13 5
27487 19 18 4
27488 12 11 5
27489 15 14 6
27490 8 8 4
27491 14 13 5
27492 19 18 4
27493 10 9 5
27494 17 16 6
27495 8 8 4
27496 6 5 4
27497 12 11 5
27498 13 13 5
27499 13 13 5
27500 15 14 4
27501 18 17 5
27502 9 8 4
27503 10 9 5
27504 7 6 5
27505 19 18 6
27506 12 11 5
27507 11 10 4
27508 10 9 5
27509 9 9 5
27510 13 12 6
27511 12 12 6
27512 14 14 4
27513 12 11 5
27514 9 9 5
27515 15 14 4
27516 22 21 5
27517 19 19 5
27518 13 12 6
27519 18 18 6
27520 12 12 4
27521 12 11 5
27522 15 14 6
27523 16 16 6
27524 10 10 4
27525 12 11 5
27526 27 26 6
27527 10 10 4
27528 16 15 5
27529 15 14 6
27530 8 8 4
27531 14 13 5
27532 9 9 5
27533 25 24 6
27534 20 20 6
27535 8 8 4
27536 20 19 5
27537 17 16 4
27538 18 17 5
27539 15 15 5
27540 23 22 6
27541 28 27 5
27542 15 14 4
27543 20 19 5
27544 13 13 5
27545 17 16 6
27546 22 22 6
27547 28 28 4
27548 10 9 5
27549 17 16 4
27550 16 15 5
27551 9 9 5
27552 15 15 5
27553 19 18 6
27554 32 32 6
27555 20 20 4
27556 30 29 5
27557 15 15 5
27558 19 19 5
27559 27 26 6
27560 28 28 6
27561 28 28 6
27562 32 32 6
27563 12 12 4
27564 22 21 5
27565 27 27 5
27566 23 23 5
27567 19 18 6
27568 20 20 4
27569 24 23 5
27570 31 30 4
27571 42 41 5
27572 21 21 5
27573 33 32 6
27574 28 28 6
27575 20 20 6
27576 30 30 6
27577 22 22 6
27578 26 25 5
27579 39 39 7
27580 41 40 8
27581 34 33 5
27582 21 21 5
27583 37 36 6
27584 28 27 7
27585 21 20 4
27586 32 31 5
27587 27 27 5
27588 29 29 5
27589 27 27 7
27590 31 31 5
27591 21 20 4
27592 22 21 5
27593 23 23 5
27594 33 33 5
27595 29 29 5
27596 33 32 6
27597 24 23 5
27598 15 15 5
27599 35 35 5
27600 25 24 6
27601 22 21 5
27602 21 21 5
27603 27 27 5
27604 27 27 5
27605 25 25 5
27606 23 23 5
27607 41 40 6
27608 26 26 6
27609 22 22 4
27610 24 23 5
27611 19 19 5
27612 43 43 7
27613 37 36 8
27614 30 30 6
27615 48 47 5
27616 25 24 6
27617 18 17 5
27618 31 31 7
27619 43 42 8
27620 32 32 6
27621 28 28 6
27622 22 21 5
27623 25 25 5
27624 19 19 7
27625 33 32 8
27626 34 34 4
27627 32 31 5
27628 35 35 5
27629 33 33 5
27630 29 28 6
27631 30 30 4
27632 28 27 5
27633 23 23 5
27634 33 33 7
27635 33 32 6
27636 28 27 5
27637 33 32 4
27638 26 25 5
27639 29 28 6
27640 32 32 4
27641 28 27 5
27642 33 32 6
27643 24 23 5
27644 29 28 6
27645 32 32 4
27646 32 31 5
27647 27 26 6
27648 34 34 8
27649 38 37 9
27650 25 24 8
27651 26 26 4
27652 22 21 5
27653 39 38 6
27654 24 24 6
27655 42 42 6
27656 18 18 4
27657 16 15 5
27658 33 32 6
27659 22 22 4
27660 20 19 5
27661 25 25 5
27662 33 32 8
27663 20 20 6
27664 10 10 4
27665 20 19 5
27666 19 19 7
27667 23 22 6
27668 20 20 6
27669 26 26 6
27670 24 24 6
27671 26 25 7
27672 17 16 4
27673 24 23 7
27674 19 18 4
27675 26 25 5
27676 19 19 5
27677 21 20 6
27678 34 34 4
27679 28 27 5
27680 21 20 6
27681 12 11 5
27682 21 20 4
27683 22 21 5
27684 15 15 5
27685 29 29 5
27686 19 18 6
27687 16 16 6
27688 18 18 4
27689 24 23 7
27690 31 30 4
27691 20 19 7
27692 15 15 5
27693 19 18 6
27694 10 10 4
27695 22 21 5
27696 19 18 6
27697 26 26 6
27698 14 14 4
27699 14 13 5
27700 31 30 6
27701 14 14 6
27702 18 18 6
27703 22 22 6
27704 12 12 4
27705 24 23 7
27706 27 26 4
27707 28 27 7
27708 31 30 4
27709 20 19 5
27710 11 11 5
27711 15 14 6
27712 24 24 6
27713 18 18 4
27714 16 15 5
27715 15 14 4
27716 12 11 5
27717 19 18 6
27718 18 17 5
27719 15 14 4
27720 12 11 5
27721 13 13 5
27722 17 17 5
27723 15 14 4
27724 16 15 5
27725 11 11 5
27726 15 14 6
27727 20 20 4
27728 10 9 5
27729 15 14 6
27730 10 10 6
27731 20 20 4
27732 14 13 5
27733 21 20 6
27734 14 13 5
27735 17 16 4
27736 16 15 5
27737 15 14 6
27738 12 12 4
27739 12 11 5
27740 17 17 5
27741 19 19 5
27742 11 10 4
27743 20 19 5
27744 25 25 5
27745 25 25 5
27746 23 22 6
27747 20 20 6
27748 16 16 4
27749 18 17 5
27750 27 27 5
27751 31 31 5
27752 15 15 5
27753 9 9 5
27754 27 26 6
27755 22 21 5
27756 17 16 6
27757 32 32 4
27758 30 29 5
27759 15 14 6
27760 28 28 6
27761 24 24 6
27762 22 22 4
27763 16 15 5
27764 17 16 6
27765 10 10 4
27766 20 19 5
27767 29 29 5
27768 19 19 5
27769 33 32 6
27770 18 17 5
27771 21 20 4
27772 26 25 5
27773 19 18 6
27774 28 28 6
27775 26 26 4
27776 18 17 5
27777 15 15 5
27778 23 22 6
27779 12 12 6
27780 20 20 4
27781 28 27 5
27782 15 15 5
27783 21 20 6
27784 14 14 4
27785 12 11 5
27786 9 8 4
27787 24 23 7
27788 25 24 4
27789 28 27 5
27790 19 19 5
27791 17 17 5
27792 17 17 5
27793 11 11 5
27794 15 14 4
27795 18 17 5
27796 15 15 5
27797 11 11 5
27798 19 18 6
27799 26 26 4
27800 18 17 5
27801 21 21 5
27802 23 23 5
27803 13 12 6
27804 12 12 4
27805 18 17 5
27806 17 16 4
27807 18 17 5
27808 19 19 5
27809 17 16 6
27810 10 10 4
27811 24 23 7
27812 9 8 4
27813 14 13 5
27814 11 10 6
27815 10 10 4
27816 12 11 5
27817 13 13 5
27818 23 22 6
27819 12 12 4
27820 16 15 5
27821 15 14 6
27822 16 15 5
27823 21 20 6
27824 20 20 4
27825 18 17 5
27826 11 11 5
27827 17 16 4
27828 14 13 5
27829 11 11 5
27830 13 12 6
27831 16 16 6
27832 16 16 4
27833 16 15 5
27834 17 17 5
27835 11 10 6
27836 12 12 4
27837 14 13 5
27838 13 12 6
27839 8 8 4
27840 12 11 5
27841 11 11 5
27842 11 10 4
27843 16 15 7
27844 19 18 4
27845 12 11 5
27846 15 14 6
27847 6 6 6
27848 11 10 6
27849 12 12 4
27850 12 11 5
27851 11 10 4
27852 12 11 5
27853 7 6 5
27854 17 16 4
27855 18 17 5
27856 11 11 5
27857 17 16 6
27858 12 11 5
27859 11 10 4
27860 12 11 5
27861 9 9 5
27862 17 16 6
27863 14 14 6
27864 16 16 4
27865 18 17 5
27866 13 13 5
27867 17 16 6
27868 12 12 6
27869 18 18 4
27870 20 19 7
27871 11 10 4
27872 14 13 5
27873 25 24 6
27874 22 21 5
27875 25 25 5
27876 9 9 5
27877 19 19 5
27878 23 22 6
27879 8 8 4
27880 24 23 5
27881 15 15 5
27882 21 20 4
27883 24 23 5
27884 19 19 5
27885 23 23 5
27886 17 17 5
27887 27 26 6
27888 26 26 6
27889 30 30 8
27890 18 18 4
27891 28 27 7
27892 15 14 4
27893 28 27 7
27894 27 27 5
27895 23 22 6
27896 22 22 6
27897 26 26 6
27898 16 15 5
27899 35 34 6
27900 32 31 9
27901 31 31 7
27902 25 25 5
27903 25 24 8
27904 14 14 4
27905 26 25 7
27906 25 24 6
27907 28 28 6
27908 30 30 6
27909 30 30 6
27910 32 31 5
27911 19 19 5
27912 35 34 6
27913 20 20 6
27914 26 26 6
27915 42 42 10
27916 20 19 5
27917 33 32 6
27918 18 17 5
27919 35 35 5
27920 23 22 4
27921 22 21 5
27922 21 20 6
27923 22 22 6
27924 22 22 4
27925 16 15 5
27926 25 24 4
27927 28 27 5
27928 25 25 5
27929 27 26 6
27930 20 19 5
27931 27 26 6
27932 26 26 6
27933 18 18 4
27934 22 21 5
27935 31 30 6
27936 20 20 6
27937 38 37 7
27938 35 34 6
27939 20 19 7
27940 23 22 4
27941 24 23 5
27942 11 10 6
27943 30 29 7
27944 23 22 4
27945 30 29 7
27946 23 22 4
27947 24 23 5
27948 27 26 6
27949 16 16 4
27950 22 21 5
27951 33 33 7
27952 21 20 4
27953 22 21 5
27954 31 31 5
27955 27 27 5
27956 33 32 6
27957 20 19 5
27958 23 23 5
27959 25 24 6
27960 28 28 4
27961 20 19 5
27962 13 12 4
27963 18 17 5
27964 19 18 4
27965 16 15 5
27966 19 19 5
27967 29 29 5
27968 21 20 6
27969 14 14 4
27970 16 15 5
27971 23 22 4
27972 20 19 5
27973 13 13 5
27974 31 31 5
27975 15 15 5
27976 15 14 4
27977 20 19 7
27978 17 16 4
27979 32 31 7
27980 23 22 4
27981 18 17 5
27982 15 14 6
27983 20 19 5
27984 7 6 5
27985 15 14 6
27986 24 23 5
27987 19 19 5
27988 19 18 6
27989 12 12 6
27990 18 18 4
27991 16 15 5
27992 17 17 5
27993 15 15 5
27994 19 18 6
27995 18 18 4
27996 18 17 5
27997 15 14 6
27998 10 10 4
27999 14 13 5
28000 13 12 6
28001 16 16 4
28002 12 11 5
28003 21 20 6
28004 14 14 6
28005 18 18 4
28006 10 9 5
28007 21 21 5
28008 15 14 4
28009 12 11 5
28010 15 14 6
28011 14 14 6
28012 16 16 4
28013 12 11 5
28014 13 12 6
28015 16 16 6
28016 12 12 4
28017 12 11 5
28018 15 14 6
28019 12 12 4
28020 22 21 7
28021 9 8 4
28022 6 5 4
28023 14 13 5
28024 15 14 6
28025 22 22 6
28026 8 8 4
28027 14 13 5
28028 21 20 6
28029 12 12 4
28030 14 13 5
28031 9 9 5
28032 11 10 4
28033 18 17 5
28034 15 15 5
28035 19 18 4
28036 12 11 5
28037 13 13 5
28038 17 16 6
28039 10 10 4
28040 14 13 5
28041 13 12 6
28042 14 14 4
28043 16 15 5
28044 13 12 6
28045 8 8 4
28046 22 21 5
28047 21 21 5
28048 19 18 4
28049 14 13 5
28050 11 11 5
28051 9 9 5
28052 13 12 4
28053 18 17 5
28054 13 12 6
28055 12 12 6
28056 12 12 4
28057 14 13 5
28058 13 13 5
28059 17 16 6
28060 24 24 4
28061 14 13 5
28062 21 20 6
28063 24 24 6
28064 20 20 4
28065 10 9 5
28066 17 16 4
28067 14 13 7
28068 19 18 4
28069 22 21 5
28070 21 21 5
28071 11 11 5
28072 19 18 4
28073 14 13 5
28074 29 28 6
28075 26 26 6
28076 16 15 5
28077 15 14 4
28078 10 9 5
28079 15 15 7
28080 19 18 4
28081 22 21 5
28082 9 9 5
28083 21 20 6
28084 16 16 4
28085 14 13 5
28086 15 14 6
28087 16 16 6
28088 16 16 4
28089 22 21 7
28090 17 16 4
28091 18 17 5
28092 17 17 5
28093 19 19 5
28094 23 22 6
28095 18 18 4
28096 14 13 5
28097 23 22 6
28098 24 24 6
28099 16 16 4
28100 22 21 5
28101 13 12 4
28102 12 11 5
28103 17 16 6
28104 18 18 6
28105 18 18 4
28106 16 15 5
28107 15 15 5
28108 19 18 4
28109 14 13 5
28110 17 17 5
28111 27 26 6
28112 16 15 5
28113 13 12 4
28114 24 23 5
28115 25 24 6
28116 12 11 5
28117 17 16 4
28118 16 15 5
28119 13 13 5
28120 17 17 5
28121 7 6 5
28122 15 14 6
28123 14 14 6
28124 16 16 4
28125 22 21 5
28126 21 21 5
28127 19 18 6
28128 10 10 4
28129 14 13 5
28130 9 9 5
28131 23 22 6
28132 10 10 4
28133 12 11 5
28134 23 22 4
28135 6 5 4
28136 16 15 5
28137 19 19 5
28138 15 14 6
28139 10 10 4
28140 18 17 5
28141 17 16 4
28142 16 15 7
28143 19 18 4
28144 10 9 5
28145 15 14 4
28146 12 11 5
28147 15 15 5
28148 17 16 6
28149 8 8 4
28150 10 9 5
28151 19 18 6
28152 6 5 4
28153 12 11 5
28154 23 22 6
28155 10 10 4
28156 16 15 5
28157 13 13 5
28158 13 13 5
28159 13 13 5
28160 23 22 4
28161 16 15 5
28162 15 15 5
28163 5 5 5
28164 10 9 5
28165 17 16 6
28166 18 18 6
28167 12 12 4
28168 6 5 4
28169 16 15 5
28170 17 16 6
28171 30 30 6
28172 20 19 5
28173 17 16 4
28174 18 17 5
28175 17 16 4
28176 16 15 5
28177 13 12 4
28178 14 13 5
28179 5 5 5
28180 14 13 5
28181 19 19 5
28182 11 11 5
28183 13 12 4
28184 20 19 5
28185 7 6 5
28186 7 6 5
28187 13 12 6
28188 12 11 5
28189 11 10 4
28190 10 9 5
28191 15 14 6
28192 10 10 4
28193 6 5 4
28194 12 11 7
28195 7 6 5
28196 11 10 4
28197 20 19 7
28198 13 12 4
28199 22 21 5
28200 11 11 5
28201 11 10 4
28202 12 11 5
28203 17 16 6
28204 8 8 4
28205 10 9 5
28206 13 12 6
28207 8 8 4
28208 14 13 5
28209 13 13 5
28210 13 12 6
28211 8 8 4
28212 14 13 5
28213 17 17 5
28214 13 13 5
28215 19 18 4
28216 8 7 6
28217 10 10 4
28218 10 9 5
28219 7 6 5
28220 11 11 5
28221 13 12 6
28222 8 8 4
28223 12 11 5
28224 13 13 5
28225 15 14 6
28226 20 20 6
28227 6 6 6
28228 27 26 6
28229 16 16 6
28230 14 14 6
28231 14 14 6
28232 8 8 4
28233 14 13 5
28234 23 22 6
28235 24 24 6
28236 24 24 6
28237 18 18 6
28238 12 12 4
28239 12 11 5
28240 9 9 5
28241 11 11 5
28242 13 12 6
28243 12 12 4
28244 14 13 5
28245 13 13 5
28246 13 13 5
28247 13 12 6
28248 10 10 6
28249 12 12 4
28250 10 9 5
28251 21 20 6
28252 8 8 4
28253 12 11 5
28254 11 11 5
28255 9 9 5
28256 9 8 4
28257 10 9 5
28258 5 5 5
28259 12 11 5
28260 13 12 6
28261 8 8 4
28262 6 5 4
28263 12 11 5
28264 13 13 5
28265 9 8 4
28266 18 17 5
28267 9 9 5
28268 9 9 5
28269 9 8 4
28270 12 11 5
28271 11 11 5
28272 13 12 6
28273 10 10 4
28274 18 17 5
28275 9 8 4
28276 18 17 5
28277 15 15 5
28278 7 6 5
28279 9 8 4
28280 14 13 5
28281 13 13 5
28282 21 20 4
28283 16 15 5
28284 15 15 5
28285 17 16 6
28286 6 6 6
28287 17 16 4
28288 8 7 6
28289 16 16 6
28290 10 10 4
28291 10 9 5
28292 11 10 6
28293 6 6 6
28294 9 8 4
28295 10 9 5
28296 11 11 5
28297 9 8 4
28298 18 17 7
28299 7 6 5
28300 13 12 4
28301 16 15 5
28302 11 11 5
28303 11 11 5
28304 11 10 4
28305 6 5 4
28306 14 13 5
28307 13 13 5
28308 15 15 5
28309 21 20 6
28310 12 12 4
28311 12 11 5
28312 21 21 7
28313 11 10 4
28314 14 13 5
28315 7 6 5
28316 9 8 4
28317 16 15 5
28318 5 5 5
28319 20 19 5
28320 13 12 4
28321 12 11 5
28322 7 6 5
28323 21 21 5
28324 15 14 6
28325 14 14 4
28326 14 13 5
28327 13 13 5
28328 17 17 5
28329 13 13 5
28330 11 10 4
28331 12 11 5
28332 9 9 5
28333 25 24 4
28334 30 29 9
28335 15 14 4
28336 14 13 5
28337 17 17 5
28338 27 27 7
28339 17 16 4
28340 18 17 5
28341 19 19 5
28342 19 19 5
28343 15 14 4
28344 12 11 5
28345 15 15 5
28346 11 11 5
28347 7 6 5
28348 13 12 6
28349 16 16 6
28350 16 16 6
28351 16 16 4
28352 26 25 5
28353 21 21 5
28354 27 27 5
28355 35 34 6
28356 18 18 4
28357 32 31 5
28358 29 29 7
28359 39 38 8
28360 26 26 6
28361 28 27 5
28362 37 37 7
28363 33 33 5
28364 35 34 6
28365 42 42 4
28366 38 37 7
28367 27 27 5
28368 31 30 6
28369 28 28 6
28370 38 37 7
28371 21 20 4
28372 26 25 5
28373 39 39 7
28374 23 22 4
28375 40 39 7
28376 23 23 5
28377 25 25 5
28378 25 24 6
28379 30 30 6
28380 18 18 4
28381 28 27 7
28382 49 48 4
28383 32 31 5
28384 35 35 5
28385 25 25 7
28386 25 24 6
28387 26 26 4
28388 16 15 5
28389 29 28 6
28390 24 23 5
28391 31 30 6
28392 22 22 6
28393 22 22 4
28394 44 43 7
28395 31 30 8
28396 26 26 6
28397 12 12 4
28398 22 21 5
28399 11 11 5
28400 25 24 6
28401 22 21 7
28402 25 24 4
28403 22 21 5
28404 15 15 5
28405 17 17 5
28406 27 26 6
28407 14 14 4
28408 26 25 5
28409 29 29 7
28410 33 33 5
28411 29 28 6
28412 20 20 6
28413 18 18 4
28414 20 19 5
28415 15 14 4
28416 22 21 5
28417 15 15 5
28418 17 17 5
28419 19 18 6
28420 16 16 6
28421 18 18 4
28422 18 17 5
28423 21 20 4
28424 20 19 5
28425 21 21 5
28426 23 23 5
28427 9 9 5
28428 19 18 4
28429 18 17 7
28430 27 26 6
28431 22 22 6
28432 14 14 6
28433 20 20 4
28434 18 17 5
28435 21 20 6
28436 14 14 4
28437 12 11 5
28438 23 23 5
28439 17 16 6
28440 18 18 4
28441 12 11 5
28442 13 13 5
28443 17 16 4
28444 12 11 5
28445 19 19 5
28446 23 22 6
28447 18 18 6
28448 14 14 4
28449 22 21 5
28450 23 22 6
28451 16 16 4
28452 16 15 5
28453 21 20 6
28454 8 8 4
28455 10 9 5
28456 19 18 6
28457 16 15 5
28458 11 10 4
28459 10 9 5
28460 11 10 4
28461 22 21 7
28462 17 16 4
28463 12 11 5
28464 11 11 5
28465 17 16 6
28466 10 10 4
28467 16 15 5
28468 9 8 4
28469 12 11 5
28470 17 17 5
28471 11 10 4
28472 10 9 5
28473 17 16 6
28474 14 13 5
28475 11 10 4
28476 14 13 5
28477 13 12 4
28478 18 17 5
28479 9 9 5
28480 19 18 4
28481 18 17 5
28482 15 15 5
28483 19 18 6
28484 10 9 5
28485 15 14 4
28486 10 9 5
28487 11 10 6
28488 12 12 6
28489 8 8 4
28490 18 17 5
28491 13 12 4
28492 12 11 5
28493 9 9 5
28494 7 6 5
28495 9 8 4
28496 14 13 5
28497 23 23 5
28498 29 28 6
28499 22 22 6
28500 20 20 4
28501 24 23 5
28502 13 12 6
28503 12 12 4
28504 6 5 4
28505 14 13 5
28506 13 13 5
28507 9 8 4
28508 20 19 7
28509 7 6 5
28510 15 14 6
28511 10 10 4
28512 22 21 7
28513 13 12 4
28514 18 17 5
28515 11 10 6
28516 10 10 4
28517 6 5 4
28518 10 9 5
28519 11 11 5
28520 15 14 6
28521 20 20 4
28522 18 17 5
28523 13 13 5
28524 9 8 4
28525 6 5 4
28526 12 11 7
28527 11 10 4
28528 22 21 5
28529 11 10 4
28530 10 9 5
28531 15 14 6
28532 10 10 6
28533 14 14 6
28534 8 8 4
28535 6 5 4
28536 10 9 5
28537 11 10 6
28538 14 13 5
28539 17 16 6
28540 10 10 4
28541 14 13 5
28542 21 20 6
28543 14 14 4
28544 10 9 5
28545 13 13 5
28546 15 14 6
28547 10 10 4
28548 22 21 5
28549 11 11 5
28550 15 15 5
28551 19 18 6
28552 14 14 6
28553 12 12 4
28554 12 11 5
28555 5 5 5
28556 16 15 5
28557 9 8 4
28558 22 21 5
28559 13 13 5
28560 7 6 5
28561 21 21 5
28562 5 5 5
28563 6 5 4
28564 18 17 5
28565 5 5 5
28566 10 9 5
28567 19 18 6
28568 10 10 6
28569 14 14 4
28570 14 13 5
28571 9 8 4
28572 12 11 5
28573 9 9 5
28574 9 8 4
28575 10 9 5
28576 21 21 5
28577 11 10 6
28578 12 12 4
28579 16 15 5
28580 11 11 5
28581 11 10 6
28582 14 14 6
28583 10 10 4
28584 12 11 5
28585 13 12 6
28586 12 12 4
28587 12 11 5
28588 19 18 6
28589 16 16 6
28590 14 14 4
28591 12 11 5
28592 15 15 5
28593 25 24 6
28594 6 5 4
28595 16 15 5
28596 19 18 6
28597 10 10 4
28598 14 13 5
28599 11 10 6
28600 6 6 6
28601 21 20 6
28602 10 10 4
28603 10 9 5
28604 9 8 4
28605 20 19 5
28606 15 15 5
28607 9 9 5
28608 15 14 4
28609 16 15 5
28610 15 14 6
28611 10 9 5
28612 15 14 6
28613 20 20 4
28614 14 13 5
28615 25 24 6
28616 18 17 5
28617 11 10 6
28618 10 10 4
28619 12 11 5
28620 11 11 5
28621 17 16 6
28622 12 12 4
28623 12 11 5
28624 17 17 5
28625 11 10 6
28626 10 10 4
28627 12 11 5
28628 13 13 5
28629 7 6 5
28630 11 11 5
28631 17 16 6
28632 10 10 4
28633 14 13 5
28634 17 16 6
28635 20 20 4
28636 20 19 5
28637 21 21 5
28638 17 16 4
28639 14 13 5
28640 15 15 5
28641 9 8 4
28642 24 23 5
28643 13 13 5
28644 9 9 5
28645 11 10 6
28646 22 22 4
28647 12 11 5
28648 13 13 5
28649 13 12 4
28650 20 19 7
28651 21 20 4
28652 24 23 5
28653 11 10 6
28654 16 16 6
28655 10 10 4
28656 14 13 5
28657 13 12 6
28658 14 14 6
28659 6 6 6
28660 9 8 4
28661 18 17 5
28662 13 13 5
28663 13 13 5
28664 11 10 4
28665 10 9 5
28666 13 12 6
28667 10 10 4
28668 18 17 5
28669 9 9 5
28670 15 15 5
28671 19 18 6
28672 12 12 4
28673 14 13 5
28674 9 9 5
28675 11 10 4
28676 14 13 5
28677 13 12 6
28678 6 6 6
28679 11 11 5
28680 11 10 4
28681 14 13 7
28682 15 14 4
28683 18 17 5
28684 17 16 6
28685 12 12 4
28686 10 9 5
28687 15 14 6
28688 14 14 4
28689 8 7 6
28690 12 12 4
28691 12 11 5
28692 11 10 4
28693 12 11 5
28694 15 15 5
28695 9 9 5
28696 15 14 4
28697 14 13 7
28698 21 20 4
28699 10 9 5
28700 9 9 5
28701 19 18 6
28702 24 24 6
28703 16 16 4
28704 12 11 5
28705 17 17 5
28706 7 6 5
28707 17 16 6
28708 26 25 5
28709 15 14 4
28710 18 17 5
28711 13 12 6
28712 14 14 6
28713 14 14 4
28714 14 13 5
28715 15 14 4
28716 14 13 5
28717 11 11 5
28718 11 10 6
28719 18 18 6
28720 10 10 4
28721 16 15 5
28722 7 6 5
28723 17 16 6
28724 20 20 6
28725 18 18 4
28726 16 15 5
28727 15 14 6
28728 22 22 6
28729 18 18 4
28730 22 21 5
28731 31 31 5
28732 15 15 5
28733 19 18 6
28734 22 22 6
28735 20 20 4
28736 20 19 5
28737 21 21 5
28738 21 21 5
28739 23 22 4
28740 24 23 5
28741 13 13 5
28742 27 26 6
28743 12 12 4
28744 30 29 5
28745 17 17 5
28746 29 28 6
28747 18 18 4
28748 18 17 5
28749 17 17 5
28750 19 18 6
28751 24 24 6
28752 22 21 5
28753 29 28 4
28754 22 21 5
28755 17 16 6
28756 16 15 5
28757 23 23 5
28758 23 23 5
28759 19 18 4
28760 20 19 5
28761 21 21 5
28762 15 14 4
28763 26 25 7
28764 21 20 4
28765 24 23 5
28766 21 20 4
28767 18 17 5
28768 25 25 5
28769 27 26 4
28770 32 31 5
28771 25 24 4
28772 26 25 5
28773 17 17 5
28774 21 21 5
28775 19 19 5
28776 31 30 6
28777 24 23 5
28778 13 12 4
28779 14 13 5
28780 29 29 5
28781 21 21 5
28782 17 16 4
28783 32 31 7
28784 23 22 6
28785 30 30 6
28786 22 21 5
28787 29 28 6
28788 26 25 5
28789 21 21 7
28790 17 16 6
28791 26 26 6
28792 20 20 6
28793 28 28 6
28794 14 14 4
28795 18 17 5
28796 35 34 6
28797 12 12 4
28798 30 29 7
28799 25 25 5
28800 21 21 5
28801 25 25 7
28802 21 20 4
28803 14 13 5
28804 17 17 5
28805 13 13 5
28806 11 10 4
28807 16 15 5
28808 17 16 6
28809 12 12 4
28810 12 11 5
28811 15 14 6
28812 18 17 5
28813 17 16 6
28814 10 10 4
28815 12 11 5
28816 11 10 6
28817 14 14 6
28818 12 12 4
28819 14 13 5
28820 19 19 5
28821 17 16 4
28822 6 5 4
28823 12 11 5
28824 13 13 5
28825 11 11 5
28826 11 10 4
28827 16 15 5
28828 7 6 5
28829 21 21 5
28830 5 5 5
28831 6 5 4
28832 14 13 5
28833 13 13 5
28834 11 11 5
28835 9 8 4
28836 20 19 5
28837 11 11 5
28838 15 15 5
28839 13 12 4
28840 20 19 7
28841 17 16 4
28842 12 11 5
28843 11 11 5
28844 9 9 5
28845 9 8 4
28846 12 11 5
28847 11 10 6
28848 10 10 4
28849 16 15 7
28850 25 24 4
28851 14 13 5
28852 13 12 6
28853 10 10 4
28854 12 11 5
28855 11 10 6
28856 10 10 6
28857 8 8 4
28858 12 11 5
28859 15 15 5
28860 7 7 7
28861 14 14 4
28862 16 15 5
28863 11 10 6
28864 10 10 4
28865 6 5 4
28866 8 7 6
28867 14 14 6
28868 8 8 4
28869 10 9 5
28870 7 6 5
28871 11 11 5
28872 7 6 5
28873 13 13 5
28874 11 11 5
28875 13 13 5
28876 13 13 5
28877 9 8 4
28878 12 11 5
28879 17 16 6
28880 6 6 6
28881 11 11 5
28882 9 8 4
28883 10 9 5
28884 13 13 5
28885 11 11 5
28886 11 10 4
28887 6 5 4
28888 12 11 5
28889 9 8 4
28890 14 13 5
28891 13 13 5
28892 9 9 5
28893 9 8 4
28894 12 11 5
28895 19 19 5
28896 9 8 4
28897 10 9 5
28898 17 16 4
28899 14 13 5
28900 17 16 6
28901 10 10 6
28902 8 8 4
28903 10 9 5
28904 11 11 5
28905 11 10 4
28906 12 11 5
28907 11 11 5
28908 7 6 5
28909 11 11 5
28910 11 11 5
28911 13 12 4
28912 10 9 5
28913 13 12 6
28914 12 12 4
28915 12 11 5
28916 13 12 4
28917 12 11 7
28918 19 18 4
28919 10 9 5
28920 11 10 6
28921 14 14 4
28922 10 9 5
28923 9 8 4
28924 10 9 5
28925 5 5 5
28926 12 11 5
28927 15 14 4
28928 16 15 5
28929 11 11 5
28930 17 16 6
28931 10 10 4
28932 14 13 5
28933 11 11 5
28934 13 12 4
28935 6 5 4
28936 10 9 5
28937 11 11 5
28938 17 16 6
28939 14 14 4
28940 14 13 7
28941 9 8 4
28942 6 5 4
28943 14 13 5
28944 13 13 5
28945 13 12 6
28946 12 11 5
28947 11 10 4
28948 8 7 6
28949 12 12 4
28950 24 23 5
28951 17 17 5
28952 23 22 6
28953 12 12 4
28954 10 9 5
28955 13 12 6
28956 10 10 4
28957 20 19 5
28958 9 9 5
28959 15 14 4
28960 8 7 6
28961 8 8 4
28962 20 19 5
28963 13 13 5
28964 13 13 5
28965 13 12 6
28966 8 8 4
28967 14 13 5
28968 13 12 4
28969 18 17 7
28970 13 12 4
28971 6 5 4
28972 10 9 5
28973 9 9 5
28974 17 16 6
28975 20 20 4
28976 6 5 4
28977 14 13 5
28978 19 19 5
28979 23 22 6
28980 10 10 6
28981 10 10 4
28982 14 13 5
28983 15 15 5
28984 21 21 5
28985 13 13 5
28986 15 15 5
28987 15 14 4
28988 6 5 4
28989 8 7 6
28990 6 6 6
28991 15 14 6
28992 10 10 4
28993 10 9 5
28994 19 18 6
28995 12 12 4
28996 24 23 5
28997 21 21 5
28998 17 16 6
28999 24 24 6
29000 18 17 5
29001 13 12 4
29002 16 15 5
29003 17 17 5
29004 27 27 5
29005 17 17 5
29006 21 20 4
29007 28 27 7
29008 25 24 4
29009 38 37 7
29010 31 30 4
29011 30 29 5
29012 29 29 7
29013 25 24 8
29014 36 36 6
29015 20 20 6
29016 52 51 7
29017 29 28 6
29018 24 24 6
29019 48 47 9
29020 23 22 6
29021 28 28 4
29022 44 43 5
29023 27 27 5
29024 23 23 5
29025 37 37 9
29026 33 32 6
29027 26 26 6
29028 36 36 10
29029 16 15 5
29030 33 32 6
29031 20 20 4
29032 30 29 7
29033 29 28 4
29034 26 25 5
29035 21 21 5
29036 25 25 5
29037 27 27 5
29038 21 21 5
29039 21 21 5
29040 23 22 6
29041 14 14 4
29042 38 37 5
29043 25 25 5
29044 37 37 5
29045 25 25 7
29046 19 18 4
29047 24 23 5
29048 23 23 5
29049 25 25 7
29050 17 16 4
29051 16 15 5
29052 25 24 6
29053 20 20 6
29054 28 28 4
29055 26 25 5
29056 29 28 6
29057 30 29 7
29058 15 14 4
29059 22 21 7
29060 31 30 6
29061 30 29 7
29062 27 26 6
29063 44 44 8
29064 28 28 6
29065 30 29 5
29066 21 21 5
29067 27 27 7
29068 33 33 7
29069 39 38 8
29070 18 18 6
29071 26 25 5
29072 35 34 6
29073 44 44 6
29074 24 23 5
29075 33 33 9
29076 51 51 7
29077 31 30 8
29078 32 32 10
29079 30 30 6
29080 38 38 6
29081 26 25 5
29082 41 40 6
29083 26 26 4
29084 28 27 5
29085 27 26 6
29086 26 26 4
29087 36 35 7
29088 23 22 4
29089 34 33 7
29090 19 18 4
29091 30 29 5
29092 23 22 8
29093 26 26 6
29094 50 49 7
29095 27 26 4
29096 30 29 5
29097 25 25 5
29098 33 33 7
29099 33 32 6
29100 20 20 4
29101 36 35 7
29102 21 21 5
29103 25 24 4
29104 28 27 7
29105 35 34 6
29106 22 21 5
29107 23 22 4
29108 18 17 5
29109 17 17 5
29110 25 25 5
29111 25 25 5
29112 15 14 4
29113 22 21 7
29114 25 24 4
29115 12 11 5
29116 21 20 6
29117 16 15 5
29118 15 15 5
29119 9 9 5
29120 15 14 4
29121 22 21 5
29122 13 13 5
29123 13 13 5
29124 7 6 5
29125 17 16 6
29126 12 12 6
29127 10 10 4
29128 18 17 5
29129 13 12 6
29130 12 11 5
29131 13 12 4
29132 14 13 5
29133 23 22 6
29134 14 14 6
29135 16 16 4
29136 16 15 5
29137 9 9 5
29138 15 15 5
29139 11 10 4
29140 16 15 7
29141 13 12 4
29142 20 19 5
29143 13 12 4
29144 20 19 5
29145 21 21 5
29146 21 21 5
29147 11 10 6
29148 20 20 6
29149 18 18 4
29150 22 21 5
29151 17 17 5
29152 33 32 6
29153 14 13 5
29154 25 24 4
29155 16 15 5
29156 11 10 6
29157 18 18 4
29158 18 17 5
29159 7 6 5
29160 11 11 5
29161 19 18 4
29162 22 21 5
29163 27 27 5
29164 17 17 5
29165 27 26 6
29166 28 28 6
29167 22 22 6
29168 16 16 4
29169 20 19 5
29170 17 16 6
29171 24 24 6
29172 8 8 4
29173 16 15 5
29174 13 13 5
29175 11 10 4
29176 18 17 5
29177 17 16 6
29178 16 15 5
29179 13 12 4
29180 16 15 5
29181 15 15 7
29182 11 10 4
29183 12 11 5
29184 19 18 6
29185 10 10 4
29186 18 17 7
29187 11 10 4
29188 14 13 5
29189 21 20 4
29190 12 11 5
29191 15 14 6
29192 14 14 6
29193 12 12 4
29194 12 11 5
29195 11 10 6
29196 6 6 6
29197 13 13 5
29198 13 12 4
29199 14 13 5
29200 11 11 5
29201 9 9 5
29202 11 10 4
29203 10 9 5
29204 11 11 5
29205 13 12 6
29206 10 10 4
29207 14 13 5
29208 23 23 5
29209 17 17 5
29210 17 16 6
29211 22 22 4
29212 14 13 5
29213 17 16 6
29214 20 19 5
29215 11 10 4
29216 6 5 4
29217 18 17 7
29218 21 20 4
29219 18 17 5
29220 9 9 5
29221 23 22 6
29222 30 29 5
29223 13 13 5
29224 23 22 4
29225 28 27 7
29226 13 12 6
29227 22 22 4
29228 14 13 5
29229 23 23 5
29230 21 21 5
29231 25 24 6
29232 12 11 5
29233 19 18 4
29234 24 23 7
29235 15 14 4
29236 22 21 5
29237 29 28 6
29238 48 47 5
29239 27 27 5
29240 29 28 6
29241 20 19 5
29242 33 33 7
29243 15 14 4
29244 28 27 7
29245 21 20 4
29246 26 25 5
29247 27 27 5
29248 15 15 5
29249 31 31 5
29250 19 19 5
29251 37 36 6
29252 26 26 6
29253 28 28 6
29254 36 36 8
29255 36 36 8
29256 32 32 6
29257 30 29 5
29258 31 30 4
29259 24 23 5
29260 31 30 8
29261 22 22 6
29262 20 20 4
29263 26 25 9
29264 23 23 5
29265 23 22 4
29266 28 27 5
29267 27 27 5
29268 23 23 7
29269 23 22 4
29270 18 17 7
29271 21 20 4
29272 28 27 5
29273 21 20 6
29274 28 27 5
29275 33 33 7
29276 19 18 4
29277 18 17 7
29278 17 16 4
29279 32 31 5
29280 23 23 5
29281 23 22 6
29282 24 23 7
29283 19 18 4
29284 16 15 5
29285 27 26 8
29286 18 17 5
29287 19 18 4
29288 30 29 7
29289 31 30 6
29290 14 14 4
29291 20 19 5
29292 11 11 5
29293 19 18 6
29294 16 16 4
29295 30 29 5
29296 33 32 6
29297 14 14 6
29298 18 18 6
29299 18 17 5
29300 33 32 8
29301 36 36 6
29302 32 31 7
29303 27 26 6
29304 32 31 7
29305 17 17 5
29306 25 24 6
29307 20 20 6
29308 12 12 4
29309 28 27 5
29310 19 19 7
29311 23 22 6
29312 22 22 6
29313 20 20 4
29314 12 11 5
29315 13 13 5
29316 19 18 4
29317 16 15 5
29318 13 13 5
29319 13 13 5
29320 21 20 6
29321 16 16 6
29322 14 14 4
29323 18 17 5
29324 13 12 4
29325 22 21 5
29326 13 13 5
29327 25 24 6
29328 14 14 4
29329 12 11 5
29330 13 13 5
29331 7 6 5
29332 13 12 4
29333 12 11 5
29334 11 11 5
29335 13 13 5
29336 13 12 4
29337 24 23 5
29338 19 19 5
29339 13 13 5
29340 7 6 5
29341 15 15 5
29342 11 10 6
29343 18 18 6
29344 12 12 6
29345 18 18 6
29346 18 18 6
29347 10 10 6
29348 12 12 4
29349 16 15 5
29350 13 12 4
29351 10 9 5
29352 15 14 4
29353 16 15 5
29354 15 15 5
29355 15 14 6
29356 16 15 5
29357 19 18 6
29358 10 10 4
29359 18 17 5
29360 19 19 5
29361 11 11 5
29362 17 16 4
29363 14 13 7
29364 13 12 4
29365 14 13 5
29366 19 18 6
29367 14 14 6
29368 18 18 6
29369 18 18 6
29370 22 22 6
29371 12 12 4
29372 8 7 6
29373 10 10 4
29374 12 11 5
29375 9 9 5
29376 23 22 6
29377 12 12 6
29378 14 14 4
29379 10 9 5
29380 21 20 6
29381 10 9 5
29382 7 6 5
29383 21 20 4
29384 18 17 5
29385 11 11 5
29386 11 11 5
29387 11 10 4
29388 14 13 5
29389 11 11 5
29390 13 12 4
29391 14 13 5
29392 11 11 5
29393 17 16 6
29394 14 14 4
29395 12 11 5
29396 13 12 6
29397 8 8 4
29398 14 13 5
29399 11 11 5
29400 9 9 5
29401 9 8 4
29402 20 19 7
29403 17 16 4
29404 10 9 5
29405 17 16 6
29406 14 14 6
29407 18 18 4
29408 12 11 5
29409 15 14 6
29410 8 8 4
29411 16 15 5
29412 11 11 5
29413 25 24 4
29414 20 19 5
29415 15 15 5
29416 15 14 4
29417 18 17 7
29418 11 10 4
29419 16 15 5
29420 21 20 6
29421 12 12 6
29422 14 14 4
29423 18 17 5
29424 17 16 6
29425 22 22 6
29426 14 14 4
29427 6 5 4
29428 14 13 5
29429 19 19 5
29430 21 21 5
29431 19 18 6
29432 24 23 5
29433 19 18 6
29434 30 30 6
29435 20 20 4
29436 10 9 5
29437 21 20 4
29438 24 23 7
29439 13 12 4
29440 26 25 5
29441 25 24 6
29442 24 24 4
29443 20 19 7
29444 21 20 4
29445 28 27 5
29446 15 14 6
29447 18 18 6
29448 24 24 6
29449 22 22 6
29450 22 22 6
29451 22 21 5
29452 33 32 6
29453 24 23 5
29454 37 36 6
29455 22 22 4
29456 22 21 5
29457 29 29 7
29458 19 18 6
29459 18 18 4
29460 22 21 5
29461 31 31 5
29462 29 29 5
29463 27 27 5
29464 23 22 4
29465 28 27 5
29466 27 27 5
29467 31 30 6
29468 22 21 5
29469 31 30 6
29470 22 22 6
29471 30 30 6
29472 20 20 4
29473 20 19 5
29474 19 19 5
29475 23 22 4
29476 36 35 5
29477 21 21 5
29478 21 21 5
29479 31 30 6
29480 38 37 5
29481 21 20 4
29482 24 23 5
29483 35 35 5
29484 27 27 5
29485 33 32 6
29486 22 22 6
29487 28 28 6
29488 18 18 4
29489 22 21 5
29490 23 23 5
29491 25 25 5
29492 19 19 5
29493 15 15 5
29494 15 14 6
29495 20 19 5
29496 17 16 4
29497 18 17 5
29498 23 22 6
29499 34 34 6
29500 12 12 4
29501 14 13 5
29502 29 29 5
29503 29 28 6
29504 16 16 4
29505 22 21 5
29506 19 19 5
29507 19 19 7
29508 11 11 5
29509 33 32 6
29510 20 20 4
29511 18 17 7
29512 11 10 4
29513 20 19 5
29514 17 16 4
29515 16 15 7
29516 13 12 4
29517 14 13 5
29518 17 17 5
29519 17 16 6
29520 16 16 6
29521 12 12 4
29522 18 17 5
29523 11 11 5
29524 17 16 6
29525 20 20 4
29526 10 9 5
29527 17 16 6
29528 14 14 6
29529 14 14 6
29530 14 14 4
29531 16 15 5
29532 15 14 6
29533 6 6 6
29534 23 22 4
29535 16 15 5
29536 15 14 4
29537 16 15 7
29538 13 12 4
29539 14 13 5
29540 11 11 5
29541 9 8 4
29542 16 15 5
29543 15 14 6
29544 14 14 6
29545 14 14 4
29546 18 17 5
29547 17 17 5
29548 17 16 6
29549 8 8 4
29550 12 11 5
29551 15 14 6
29552 14 14 4
29553 14 13 5
29554 13 12 6
29555 18 18 4
29556 8 7 6
29557 10 10 4
29558 14 13 5
29559 17 16 6
29560 14 14 6
29561 18 18 4
29562 14 13 5
29563 5 5 5
29564 10 9 5
29565 19 19 5
29566 9 9 5
29567 9 8 4
29568 6 5 4
29569 20 19 7
29570 11 10 4
29571 16 15 5
29572 19 18 6
29573 20 20 4
29574 18 17 5
29575 11 11 5
29576 13 12 4
29577 18 17 5
29578 13 13 5
29579 13 12 6
29580 8 8 4
29581 18 17 5
29582 17 17 5
29583 11 10 4
29584 10 9 5
29585 9 9 5
29586 7 6 5
29587 11 10 6
29588 10 10 4
29589 10 9 5
29590 23 22 6
29591 8 8 4
29592 14 13 5
29593 11 10 6
29594 12 12 4
29595 6 5 4
29596 10 9 5
29597 13 13 5
29598 15 15 5
29599 17 16 4
29600 10 9 5
29601 13 12 6
29602 14 13 5
29603 11 10 4
29604 10 9 5
29605 9 9 5
29606 11 10 6
29607 12 12 4
29608 6 5 4
29609 14 13 5
29610 11 11 5
29611 9 9 5
29612 7 6 5
29613 7 6 5
29614 9 9 5
29615 11 10 4
29616 6 5 4
29617 14 13 5
29618 11 11 5
29619 15 15 5
29620 13 13 5
29621 21 20 6
29622 10 10 4
29623 16 15 7
29624 11 10 4
29625 8 7 6
29626 10 10 4
29627 16 15 5
29628 13 12 6
29629 14 13 5
29630 11 10 4
29631 22 21 7
29632 19 18 6
29633 10 10 4
29634 12 11 5
29635 19 18 6
29636 14 14 6
29637 20 20 4
29638 14 13 5
29639 15 15 5
29640 9 9 5
29641 9 8 4
29642 20 19 5
29643 13 13 5
29644 13 12 6
29645 10 10 4
29646 12 11 5
29647 15 15 5
29648 19 18 6
29649 10 10 4
29650 12 11 5
29651 15 14 4
29652 24 23 5
29653 25 25 5
29654 13 12 6
29655 16 16 6
29656 12 12 6
29657 16 16 4
29658 18 17 5
29659 13 12 6
29660 8 8 4
29661 18 17 5
29662 13 13 5
29663 17 16 6
29664 12 12 4
29665 10 9 5
29666 13 12 6
29667 18 18 6
29668 18 18 4
29669 10 9 5
29670 9 9 5
29671 15 14 6
29672 14 14 6
29673 16 16 4
29674 14 13 5
29675 11 10 4
29676 14 13 5
29677 11 10 4
29678 16 15 5
29679 21 21 5
29680 19 19 5
29681 25 24 6
29682 22 22 6
29683 12 12 4
29684 18 17 5
29685 23 23 5
29686 25 24 6
29687 24 23 5
29688 25 24 6
29689 20 20 4
29690 20 19 5
29691 25 24 6
29692 30 30 6
29693 10 10 4
29694 20 19 5
29695 25 25 5
29696 29 29 5
29697 17 17 5
29698 21 20 4
29699 30 29 5
29700 29 29 7
29701 21 21 5
29702 17 17 5
29703 37 37 9
29704 27 26 6
29705 16 16 4
29706 22 21 5
29707 23 23 5
29708 21 20 4
29709 34 33 9
29710 31 30 6
29711 26 26 6
29712 40 39 7
29713 45 45 7
29714 35 34 6
29715 36 36 6
29716 24 24 6
29717 32 32 8
29718 28 28 4
29719 30 29 5
29720 45 45 9
29721 27 26 4
29722 26 25 5
29723 31 30 6
29724 30 29 5
29725 51 50 10
29726 46 46 8
29727 28 28 8
29728 28 27 5
29729 35 35 7
29730 31 31 7
29731 31 30 6
29732 36 35 5
29733 31 30 8
29734 44 44 6
29735 22 22 6
29736 26 25 7
29737 33 32 4
29738 32 31 7
29739 25 25 5
29740 33 32 6
29741 28 27 9
29742 23 22 6
29743 44 43 9
29744 27 26 6
29745 24 24 4
29746 40 39 7
29747 27 27 9
29748 23 23 5
29749 37 36 6
29750 28 28 8
29751 42 42 8
29752 18 18 6
29753 48 48 8
29754 34 33 7
29755 33 33 7
29756 33 32 8
29757 32 31 7
29758 37 36 6
29759 24 24 6
29760 32 32 6
29761 18 17 5
29762 27 27 5
29763 17 17 5
29764 31 30 6
29765 32 31 7
29766 33 33 7
29767 37 37 5
29768 19 19 5
29769 29 28 6
29770 28 28 6
29771 36 35 7
29772 23 23 5
29773 27 27 7
29774 37 36 8
29775 20 19 5
29776 31 30 8
29777 32 31 7
29778 37 36 8
29779 30 29 5
29780 35 34 8
29781 20 20 6
29782 30 29 7
29783 23 22 6
29784 28 28 8
29785 28 27 5
29786 25 25 5
29787 23 22 4
29788 18 17 5
29789 21 21 5
29790 25 25 5
29791 25 25 5
29792 25 25 5
29793 21 21 5
29794 27 27 5
29795 23 22 4
29796 22 21 5
29797 37 36 8
29798 16 16 4
29799 22 21 5
29800 13 13 5
29801 23 22 4
29802 30 29 7
29803 19 18 6
29804 18 18 6
29805 10 10 4
29806 34 33 5
29807 15 14 4
29808 18 17 7
29809 31 30 6
29810 24 24 4
29811 24 23 5
29812 17 17 5
29813 35 35 7
29814 13 12 4
29815 16 15 5
29816 25 24 6
29817 26 25 5
29818 15 14 4
29819 16 15 5
29820 9 9 5
29821 15 15 5
29822 29 29 5
29823 15 14 4
29824 24 23 5
29825 23 22 6
29826 14 14 4
29827 10 9 5
29828 19 19 5
29829 17 17 5
29830 21 20 6
29831 18 18 4
29832 10 9 5
29833 19 18 6
29834 20 20 6
29835 14 14 6
29836 16 16 4
29837 22 21 5
29838 11 10 6
29839 14 14 4
29840 8 7 6
29841 22 22 6
29842 10 10 6
29843 20 20 6
29844 24 23 5
29845 25 24 4
29846 18 17 5
29847 17 16 4
29848 20 19 5
29849 9 9 5
29850 15 14 4
29851 16 15 7
29852 9 8 4
29853 18 17 5
29854 29 28 6
29855 14 13 5
29856 13 12 4
29857 14 13 7
29858 11 10 4
29859 14 13 5
29860 19 18 6
29861 10 10 4
29862 20 19 5
29863 19 19 5
29864 21 21 5
29865 19 18 4
29866 8 7 6
29867 8 8 4
29868 12 11 5
29869 21 21 5
29870 15 15 5
29871 17 16 6
29872 20 20 4
29873 14 13 7
29874 13 12 4
29875 14 13 5
29876 15 14 6
29877 14 14 6
29878 20 20 6
29879 10 10 4
29880 18 17 5
29881 9 8 4
29882 26 25 7
29883 13 12 4
29884 14 13 5
29885 19 18 6
29886 16 16 6
29887 12 12 4
29888 14 13 5
29889 11 10 4
29890 14 13 5
29891 17 16 6
29892 12 12 4
29893 12 11 5
29894 11 10 4
29895 6 5 4
29896 10 9 5
29897 19 19 5
29898 21 20 6
29899 16 16 4
29900 12 11 5
29901 21 20 6
29902 16 16 4
29903 10 9 5
29904 13 13 5
29905 5 5 5
29906 6 5 4
29907 6 5 4
29908 10 9 5
29909 15 14 6
29910 20 19 5
29911 11 10 4
29912 6 5 4
29913 10 9 5
29914 11 10 6
29915 6 6 6
29916 7 6 5
29917 11 11 5
29918 13 12 6
29919 10 10 4
29920 12 11 5
29921 13 13 5
29922 15 15 5
29923 11 10 4
29924 20 19 5
29925 13 13 5
29926 15 14 6
29927 14 14 6
29928 10 10 4
29929 12 11 5
29930 11 11 5
29931 9 9 5
29932 11 10 4
29933 16 15 5
29934 19 19 5
29935 13 12 4
29936 16 15 5
29937 13 13 5
29938 11 11 5
29939 11 10 4
29940 10 9 5
29941 11 11 5
29942 15 14 4
29943 10 9 5
29944 5 5 5
29945 18 17 5
29946 15 14 6
29947 10 10 4
29948 12 11 5
29949 19 18 6
29950 22 21 5
29951 11 10 4
29952 12 11 5
29953 13 13 5
29954 19 18 6
29955 10 10 4
29956 14 13 5
29957 7 6 5
29958 13 12 6
29959 10 10 4
29960 10 9 5
29961 11 11 5
29962 15 14 4
29963 16 15 5
29964 15 15 5
29965 13 12 6
29966 24 24 6
29967 14 14 4
29968 16 15 5
29969 19 18 6
29970 14 14 4
29971 16 15 5
29972 17 16 4
29973 20 19 5
29974 19 19 5
29975 19 18 4
29976 14 13 5
29977 27 27 5
29978 21 20 4
29979 20 19 5
29980 11 11 5
29981 13 12 6
29982 24 24 4
29983 16 15 5
29984 13 13 5
29985 31 30 6
29986 16 16 4
29987 30 29 5
29988 37 37 5
29989 23 23 5
29990 37 36 6
29991 20 19 5
29992 29 29 7
29993 23 22 6
29994 46 46 6
29995 28 28 6
29996 44 43 7
29997 21 21 5
29998 21 20 4
29999 28 27 5
30000 33 33 7
30001 43 42 6
30002 24 23 5
30003 31 31 5
30004 49 48 8
30005 24 24 8
30006 20 20 6
30007 30 30 6
30008 46 46 8
30009 28 27 7
30010 21 20 4
30011 26 25 5
30012 25 25 5
30013 19 18 6
30014 20 19 5
30015 19 19 5
30016 21 21 5
30017 29 29 9
30018 31 30 6
30019 14 13 5
30020 27 26 4
30021 18 17 5
30022 15 14 6
30023 30 30 8
30024 32 32 4
30025 28 27 7
30026 35 35 7
30027 13 12 6
30028 16 16 4
30029 26 25 5
30030 21 20 6
30031 16 16 6
30032 20 20 4
30033 18 17 5
30034 13 13 5
30035 23 22 4
30036 36 35 7
30037 13 12 4
30038 16 15 5
30039 15 15 5
30040 23 23 5
30041 19 18 4
30042 22 21 5
30043 29 28 6
30044 20 19 5
30045 21 20 6
30046 14 14 6
30047 18 18 6
30048 20 20 4
30049 30 29 5
30050 19 19 5
30051 29 29 5
30052 17 17 5
30053 21 20 8
30054 34 34 6
30055 20 20 6
30056 20 20 4
30057 20 19 5
30058 19 18 6
30059 20 20 4
30060 24 23 5
30061 43 42 6
30062 38 38 8
30063 34 34 6
30064 20 19 5
30065 27 27 7
30066 27 26 8
30067 22 22 4
30068 18 17 5
30069 21 20 4
30070 18 17 5
30071 29 28 4
30072 18 17 5
30073 13 12 6
30074 18 18 6
30075 24 24 6
30076 20 20 4
30077 16 15 5
30078 13 12 4
30079 28 27 5
30080 21 21 5
30081 19 18 4
30082 22 21 5
30083 21 21 7
30084 27 26 6
30085 20 19 5
30086 33 33 7
30087 31 31 5
30088 19 18 4
30089 16 15 5
30090 33 32 6
30091 16 16 6
30092 16 15 5
30093 21 20 6
30094 18 18 4
30095 16 15 5
30096 17 17 5
30097 37 36 6
30098 18 18 4
30099 28 27 5
30100 17 17 5
30101 19 19 5
30102 15 15 5
30103 25 24 6
30104 8 8 4
30105 16 15 5
30106 15 15 5
30107 11 11 5
30108 19 18 6
30109 16 16 4
30110 22 21 5
30111 13 12 4
30112 18 17 5
30113 13 13 5
30114 23 22 6
30115 16 16 4
30116 24 23 5
30117 27 27 5
30118 21 20 6
30119 18 18 6
30120 10 10 6
30121 10 10 4
30122 20 19 5
30123 19 19 5
30124 21 20 6
30125 26 25 5
30126 31 31 5
30127 21 21 5
30128 23 22 4
30129 22 21 7
30130 23 22 4
30131 12 11 5
30132 21 21 5
30133 33 32 6
30134 26 26 6
30135 16 16 6
30136 16 16 4
30137 38 37 7
30138 15 15 5
30139 17 16 6
30140 10 10 4
30141 12 11 5
30142 25 24 6
30143 14 13 5
30144 13 12 4
30145 22 21 5
30146 19 19 5
30147 21 20 4
30148 18 17 5
30149 17 17 5
30150 27 26 6
30151 18 18 6
30152 22 22 4
30153 22 21 5
30154 21 20 6
30155 8 8 4
30156 14 13 5
30157 19 18 6
30158 18 17 5
30159 17 16 4
30160 6 5 4
30161 22 21 5
30162 19 19 5
30163 5 5 5
30164 12 11 5
30165 9 8 4
30166 10 9 5
30167 15 14 6
30168 22 21 5
30169 17 16 6
30170 12 12 6
30171 10 10 4
30172 18 17 5
30173 23 23 5
30174 15 14 4
30175 12 11 5
30176 13 13 5
30177 7 6 5
30178 15 14 6
30179 18 17 5
30180 19 18 4
30181 12 11 5
30182 13 13 5
30183 13 13 5
30184 13 12 6
30185 22 22 6
30186 18 17 5
30187 11 10 4
30188 6 5 4
30189 12 11 5
30190 13 12 6
30191 14 14 6
30192 6 6 6
30193 7 6 5
30194 15 14 6
30195 6 6 6
30196 15 14 6
30197 12 12 6
30198 16 16 4
30199 10 9 5
30200 11 10 6
30201 10 10 4
30202 12 11 5
30203 13 13 5
30204 15 15 5
30205 19 18 6
30206 14 14 6
30207 12 12 4
30208 12 11 5
30209 11 11 5
30210 15 14 6
30211 14 14 4
30212 16 15 5
30213 11 11 5
30214 17 17 5
30215 9 8 4
30216 12 11 5
30217 9 8 7
30218 9 8 4
30219 10 9 5
30220 7 6 5
30221 13 12 6
30222 16 16 4
30223 6 5 4
30224 20 19 5
30225 7 6 5
30226 13 12 6
30227 10 10 6
30228 8 8 4
30229 10 9 5
30230 13 12 6
30231 12 12 6
30232 10 10 4
30233 12 11 5
30234 15 15 5
30235 19 18 6
30236 12 12 6
30237 18 18 6
30238 14 14 6
30239 16 16 4
30240 20 19 5
30241 11 11 5
30242 19 19 5
30243 9 9 5
30244 21 21 5
30245 13 12 4
30246 16 15 5
30247 11 11 5
30248 11 11 5
30249 15 15 5
30250 9 8 4
30251 12 11 5
30252 17 16 6
30253 12 12 6
30254 10 10 4
30255 12 11 5
30256 11 10 6
30257 14 14 4
30258 16 15 5
30259 15 14 4
30260 16 15 5
30261 13 12 6
30262 12 12 4
30263 10 9 5
30264 13 12 6
30265 16 16 6
30266 8 8 4
30267 18 17 5
30268 13 12 4
30269 12 11 5
30270 15 15 5
30271 19 19 5
30272 15 14 4
30273 14 13 5
30274 11 11 5
30275 21 20 6
30276 18 18 4
30277 14 13 5
30278 19 18 4
30279 20 19 5
30280 19 18 6
30281 10 9 5
30282 17 16 4
30283 10 9 5
30284 19 18 6
30285 12 12 4
30286 12 11 5
30287 7 7 7
30288 8 8 4
30289 20 19 5
30290 23 22 6
30291 12 12 4
30292 14 13 5
30293 13 13 5
30294 11 11 5
30295 23 22 6
30296 14 14 4
30297 16 15 5
30298 13 13 5
30299 23 22 6
30300 14 14 6
30301 18 18 4
30302 16 15 5
30303 17 16 6
30304 14 14 4
30305 16 15 5
30306 15 15 5
30307 23 23 5
30308 15 15 5
30309 13 13 5
30310 13 13 5
30311 17 16 6
30312 18 18 6
30313 18 18 4
30314 28 27 7
30315 25 24 4
30316 24 23 5
30317 19 18 6
30318 30 30 6
30319 20 20 4
30320 20 19 7
30321 31 30 4
30322 16 15 5
30323 19 18 6
30324 32 31 5
30325 25 25 5
30326 27 27 5
30327 29 28 4
30328 28 27 5
30329 27 27 5
30330 25 25 5
30331 23 23 5
30332 21 21 7
30333 45 44 8
30334 16 16 4
30335 36 35 9
30336 21 20 4
30337 36 35 9
30338 37 36 6
30339 18 17 5
30340 19 18 4
30341 24 23 5
30342 19 18 6
30343 22 21 5
30344 23 23 5
30345 37 36 6
30346 36 35 9
30347 27 26 8
30348 18 18 4
30349 28 27 7
30350 17 17 5
30351 17 16 6
30352 26 26 6
30353 18 17 5
30354 21 21 5
30355 35 35 7
30356 33 32 8
30357 20 19 5
30358 31 30 6
30359 28 28 6
30360 30 29 5
30361 23 22 6
30362 16 16 4
30363 32 31 5
30364 27 26 6
30365 20 20 6
30366 24 24 6
30367 26 25 5
30368 15 15 5
30369 19 18 4
30370 28 27 5
30371 27 27 7
30372 35 34 8
30373 18 18 6
30374 16 15 5
30375 31 30 4
30376 40 39 5
30377 13 12 4
30378 28 27 5
30379 29 29 5
30380 21 20 4
30381 20 19 5
30382 27 26 8
30383 18 18 4
30384 36 35 5
30385 27 27 7
30386 19 19 5
30387 39 38 4
30388 26 25 7
30389 25 25 5
30390 23 22 4
30391 26 25 5
30392 23 23 5
30393 27 26 4
30394 30 29 7
30395 35 34 6
30396 46 46 6
30397 22 21 5
30398 27 26 6
30399 34 34 6
30400 22 21 7
30401 21 21 5
30402 31 30 8
30403 30 29 5
30404 19 19 5
30405 33 33 5
30406 35 35 9
30407 39 38 6
30408 26 26 4
30409 22 21 5
30410 25 25 5
30411 33 33 7
30412 25 24 6
30413 28 27 5
30414 19 19 5
30415 13 13 5
30416 19 18 4
30417 36 35 5
30418 35 35 5
30419 21 20 6
30420 34 34 6
30421 28 27 7
30422 29 29 7
30423 21 21 5
30424 15 14 4
30425 28 27 5
30426 27 26 6
30427 20 19 5
30428 19 18 4
30429 32 31 9
30430 19 18 6
30431 10 10 4
30432 24 23 5
30433 19 18 6
30434 20 19 5
30435 15 15 5
30436 17 16 4
30437 20 19 7
30438 21 20 4
30439 18 17 5
30440 23 23 5
30441 9 9 5
30442 19 18 4
30443 20 19 5
30444 25 24 6
30445 18 18 6
30446 10 10 4
30447 12 11 5
30448 17 17 5
30449 19 19 5
30450 15 15 5
30451 13 13 5
30452 9 8 4
30453 18 17 5
30454 11 10 4
30455 16 15 5
30456 17 16 4
30457 20 19 5
30458 9 9 5
30459 19 18 6
30460 8 8 4
30461 14 13 5
30462 13 13 5
30463 11 10 6
30464 18 18 6
30465 16 16 4
30466 26 25 5
30467 15 15 5
30468 13 12 6
30469 12 12 6
30470 10 10 4
30471 10 9 5
30472 11 10 6
30473 6 6 6
30474 23 22 6
30475 16 16 4
30476 12 11 5
30477 13 13 5
30478 11 11 5
30479 19 18 6
30480 14 14 4
30481 12 11 5
30482 17 17 5
30483 9 8 4
30484 24 23 5
30485 13 12 4
30486 10 9 5
30487 9 9 5
30488 17 16 4
30489 8 7 6
30490 10 10 4
30491 14 13 5
30492 15 14 6
30493 12 11 5
30494 9 8 4
30495 12 11 5
30496 11 10 6
30497 16 15 5
30498 15 14 6
30499 12 11 5
30500 19 18 4
30501 14 13 5
30502 13 12 4
30503 14 13 5
30504 15 15 5
30505 17 17 5
30506 9 9 5
30507 15 14 6
30508 8 8 4
30509 12 11 5
30510 7 6 5
30511 15 14 6
30512 16 15 5
30513 11 10 4
30514 14 13 5
30515 15 14 6
30516 12 12 4
30517 6 5 4
30518 12 11 5
30519 23 22 6
30520 12 11 5
30521 13 12 4
30522 12 11 5
30523 13 13 5
30524 19 18 6
30525 16 16 4
30526 18 17 5
30527 11 10 6
30528 6 6 6
30529 11 10 6
30530 10 10 4
30531 16 15 5
30532 9 9 5
30533 13 12 6
30534 10 9 5
30535 13 12 6
30536 14 14 4
30537 10 9 5
30538 19 18 6
30539 12 12 6
30540 10 10 4
30541 12 11 5
30542 11 10 4
30543 10 9 5
30544 11 11 5
30545 7 6 5
30546 21 21 5
30547 9 9 5
30548 15 14 6
30549 12 12 4
30550 10 9 5
30551 13 12 6
30552 18 17 5
30553 11 10 4
30554 8 7 6
30555 8 8 4
30556 16 15 7
30557 15 14 4
30558 8 7 6
30559 12 12 4
30560 18 17 7
30561 19 18 6
30562 10 10 4
30563 16 15 5
30564 17 16 6
30565 12 12 4
30566 18 17 5
30567 9 9 5
30568 13 12 4
30569 14 13 5
30570 13 13 5
30571 11 10 4
30572 12 11 5
30573 7 6 5
30574 11 11 5
30575 11 10 6
30576 12 12 6
30577 6 6 6
30578 15 14 6
30579 14 14 4
30580 20 19 5
30581 7 6 5
30582 17 17 5
30583 9 8 4
30584 12 11 5
30585 15 14 6
30586 6 5 4
30587 14 13 5
30588 11 11 5
30589 9 8 4
30590 16 15 5
30591 9 8 4
30592 12 11 5
30593 9 9 5
30594 13 13 5
30595 9 8 4
30596 14 13 5
30597 9 9 5
30598 17 16 6
30599 14 14 4
30600 12 11 5
30601 11 11 5
30602 15 14 6
30603 10 10 4
30604 14 13 5
30605 19 19 5
30606 11 11 5
30607 17 16 6
30608 10 10 6
30609 10 10 4
30610 14 13 5
30611 15 15 5
30612 9 8 4
30613 18 17 7
30614 9 8 4
30615 12 11 5
30616 19 18 6
30617 14 14 4
30618 12 11 5
30619 15 14 6
30620 20 20 4
30621 12 11 5
30622 9 9 5
30623 11 10 4
30624 14 13 5
30625 11 10 6
30626 12 12 4
30627 16 15 5
30628 5 5 5
30629 10 9 5
30630 15 15 5
30631 17 16 6
30632 10 10 4
30633 14 13 5
30634 19 18 6
30635 14 14 4
30636 12 11 5
30637 19 18 6
30638 10 10 4
30639 12 11 5
30640 15 15 5
30641 15 14 6
30642 10 10 4
30643 18 17 5
30644 15 15 5
30645 11 10 4
30646 14 13 5
30647 19 19 5
30648 11 11 5
30649 17 16 4
30650 12 11 5
30651 11 10 6
30652 14 14 6
30653 8 8 4
30654 20 19 5
30655 21 20 6
30656 16 16 4
30657 16 15 7
30658 13 12 4
30659 18 17 5
30660 9 9 5
30661 13 12 6
30662 16 16 4
30663 16 15 5
30664 27 26 6
30665 22 22 6
30666 16 16 4
30667 22 21 5
30668 15 14 6
30669 18 18 6
30670 14 14 4
30671 18 17 5
30672 17 16 4
30673 20 19 5
30674 15 14 6
30675 12 11 5
30676 15 14 4
30677 28 27 5
30678 15 14 4
30679 24 23 7
30680 17 16 4
30681 24 23 5
30682 27 27 5
30683 15 15 5
30684 21 21 5
30685 23 22 4
30686 16 15 5
30687 29 28 4
30688 32 31 5
30689 25 24 6
30690 28 27 5
30691 23 23 5
30692 11 10 4
30693 18 17 5
30694 25 24 6
30695 18 17 5
30696 23 22 6
30697 26 26 4
30698 32 31 5
30699 25 24 6
30700 22 22 6
30701 20 20 4
30702 24 23 5
30703 27 26 6
30704 26 26 4
30705 30 29 7
30706 31 30 8
30707 20 20 4
30708 16 15 5
30709 15 14 6
30710 16 15 5
30711 17 16 4
30712 24 23 5
30713 15 15 5
30714 21 21 5
30715 21 20 4
30716 16 15 5
30717 25 24 6
30718 24 23 5
30719 19 18 4
30720 12 11 5
30721 33 32 6
30722 18 18 6
30723 12 12 4
30724 16 15 5
30725 21 20 6
30726 14 14 4
30727 22 21 5
30728 17 16 6
30729 20 20 4
30730 22 21 5
30731 27 27 5
30732 19 18 4
30733 20 19 5
30734 25 24 4
30735 20 19 5
30736 13 12 4
30737 16 15 5
30738 15 15 5
30739 11 11 5
30740 9 9 5
30741 19 18 6
30742 14 14 4
30743 14 13 5
30744 21 20 6
30745 20 19 5
30746 23 23 5
30747 21 20 4
30748 20 19 5
30749 29 28 6
30750 24 24 4
30751 14 13 5
30752 25 24 4
30753 22 21 5
30754 35 34 8
30755 32 32 6
30756 24 24 4
30757 22 21 5
30758 25 25 5
30759 23 22 4
30760 30 29 5
30761 21 20 6
30762 18 18 4
30763 20 19 7
30764 15 14 4
30765 24 23 5
30766 17 16 4
30767 22 21 5
30768 21 20 4
30769 26 25 5
30770 17 17 5
30771 21 20 6
30772 32 32 6
30773 16 15 5
30774 25 24 6
30775 20 20 6
30776 14 14 4
30777 18 17 5
30778 21 20 4
30779 18 17 5
30780 15 15 5
30781 19 19 5
30782 25 24 4
30783 26 25 5
30784 17 17 5
30785 25 24 6
30786 22 21 5
30787 25 24 4
30788 14 13 5
30789 15 15 5
30790 19 18 4
30791 30 29 5
30792 27 26 6
30793 6 6 6
30794 25 24 4
30795 12 11 5
30796 17 16 6
30797 28 28 6
30798 20 19 5
30799 27 26 6
30800 20 20 4
30801 14 13 7
30802 19 18 4
30803 20 19 5
30804 13 12 4
30805 18 17 5
30806 21 21 5
30807 21 20 4
30808 14 13 5
30809 13 13 5
30810 23 22 6
30811 16 16 6
30812 16 16 4
30813 22 21 5
30814 13 12 4
30815 14 13 5
30816 17 17 5
30817 17 16 6
30818 14 14 4
30819 14 13 5
30820 9 8 4
30821 14 13 7
30822 23 22 4
30823 14 13 5
30824 13 13 5
30825 15 14 4
30826 10 9 5
30827 9 9 5
30828 13 12 4
30829 18 17 5
30830 9 8 4
30831 18 17 5
30832 11 11 5
30833 9 8 4
30834 14 13 5
30835 21 21 5
30836 9 9 5
30837 15 14 6
30838 6 6 6
30839 11 10 4
30840 16 15 5
30841 13 13 5
30842 13 13 5
30843 15 14 4
30844 18 17 5
30845 13 12 6
30846 14 14 4
30847 16 15 5
30848 15 14 6
30849 12 12 4
30850 12 11 5
30851 11 10 4
30852 14 13 5
30853 11 10 6
30854 6 6 6
30855 15 15 5
30856 19 18 6
30857 18 18 6
30858 24 24 4
30859 14 13 5
30860 11 11 5
30861 15 14 6
30862 14 14 4
30863 12 11 5
30864 9 9 5
30865 9 8 4
30866 8 7 6
30867 12 12 6
30868 8 8 4
30869 14 13 5
30870 7 7 7
30871 10 10 4
30872 6 5 4
30873 20 19 7
30874 15 14 4
30875 18 17 5
30876 17 16 6
30877 14 14 4
30878 12 11 5
30879 13 12 6
30880 12 12 6
30881 6 6 6
30882 15 14 6
30883 12 12 4
30884 6 5 4
30885 6 5 4
30886 18 17 5
30887 13 13 5
30888 11 10 4
30889 16 15 7
30890 11 10 4
30891 12 11 5
30892 9 9 5
30893 15 15 5
30894 11 11 5
30895 15 14 4
30896 6 5 4
30897 12 11 5
30898 9 9 5
30899 21 20 4
30900 24 23 5
30901 11 11 5
30902 13 12 4
30903 14 13 5
30904 13 12 6
30905 6 6 6
30906 9 8 4
30907 16 15 5
30908 11 10 6
30909 6 6 6
30910 11 10 4
30911 8 7 6
30912 16 15 5
30913 17 16 4
30914 8 7 6
30915 14 14 6
30916 12 12 4
30917 18 17 5
30918 17 16 6
30919 16 16 4
30920 18 17 5
30921 17 17 5
30922 5 5 5
30923 12 11 5
30924 9 8 4
30925 12 11 5
30926 17 16 6
30927 6 6 6
30928 11 10 4
30929 14 13 5
30930 5 5 5
30931 14 13 5
30932 11 11 5
30933 13 12 6
30934 14 13 5
30935 9 8 4
30936 14 13 5
30937 9 9 5
30938 17 16 6
30939 14 14 6
30940 12 12 4
30941 6 5 4
30942 12 11 5
30943 15 14 6
30944 16 16 6
30945 10 10 4
30946 14 13 5
30947 7 6 5
30948 13 13 5
30949 15 14 4
30950 10 9 5
30951 17 16 4
30952 18 17 5
30953 13 13 5
30954 9 8 4
30955 16 15 5
30956 11 11 5
30957 11 11 5
30958 13 12 6
30959 12 12 4
30960 14 13 7
30961 13 12 4
30962 14 13 5
30963 17 16 4
30964 14 13 5
30965 23 22 6
30966 8 8 4
30967 12 11 5
30968 11 10 4
30969 16 15 5
30970 7 6 5
30971 23 23 5
30972 11 11 5
30973 23 22 6
30974 12 12 6
30975 20 20 4
30976 18 17 5
30977 29 29 5
30978 17 17 5
30979 23 22 4
30980 14 13 5
30981 17 16 4
30982 38 37 7
30983 31 30 6
30984 22 22 6
30985 24 24 4
30986 22 21 7
30987 33 32 4
30988 26 25 5
30989 19 18 6
30990 26 26 4
30991 26 25 5
30992 33 33 7
30993 37 36 8
30994 42 42 8
30995 18 18 4
30996 18 17 5
30997 27 27 5
30998 19 18 6
30999 24 24 6
31000 20 20 4
31001 30 29 7
31002 17 16 4
31003 30 29 5
31004 23 22 6
31005 18 18 4
31006 18 17 7
31007 17 17 5
31008 39 38 4
31009 26 25 7
31010 13 13 5
31011 23 23 5
31012 35 34 6
31013 16 15 5
31014 21 21 5
31015 43 42 6
31016 24 23 7
31017 13 12 4
31018 30 29 7
31019 25 25 5
31020 25 24 6
31021 28 28 6
31022 30 30 6
31023 24 23 5
31024 43 43 7
31025 49 48 6
31026 40 39 5
31027 29 29 5
31028 21 21 5
31029 23 23 7
31030 11 10 4
31031 24 23 7
31032 19 18 6
31033 16 16 4
31034 14 13 5
31035 15 15 5
31036 17 16 4
31037 28 27 5
31038 17 16 6
31039 20 20 6
31040 16 16 4
31041 24 23 5
31042 21 20 4
31043 20 19 5
31044 19 18 6
31045 22 22 6
31046 18 18 4
31047 24 23 5
31048 35 35 5
31049 17 16 6
31050 24 24 4
31051 20 19 5
31052 13 13 5
31053 41 40 6
31054 28 27 5
31055 21 20 4
31056 20 19 5
31057 21 20 4
31058 22 21 5
31059 9 9 5
31060 21 20 6
31061 20 20 6
31062 14 14 6
31063 20 20 4
31064 16 15 5
31065 17 16 6
31066 12 12 4
31067 22 21 5
31068 15 15 5
31069 21 21 5
31070 17 16 6
31071 6 5 4
31072 12 11 5
31073 11 10 6
31074 10 10 4
31075 16 15 5
31076 5 5 5
31077 6 5 4
31078 20 19 5
31079 11 11 5
31080 15 14 6
31081 16 16 6
31082 12 12 4
31083 20 19 5
31084 13 13 5
31085 11 11 5
31086 13 12 6
31087 14 14 4
31088 22 21 7
31089 15 14 4
31090 10 9 5
31091 9 8 4
31092 16 15 7
31093 13 12 4
31094