     Internal    Switching      Leakage        Total
        Power        Power        Power        Power (Watts)
----------------------------------------------------
 4.453550e-06 2.982234e-05 7.179708e-12 3.427590e-05 clkbuf_3_6_0_core_clk
 4.438746e-06 2.803487e-05 7.179708e-12 3.247362e-05 clkbuf_3_3_0_core_clk
 2.968364e-06 2.738126e-05 1.168536e-11 3.034963e-05 max_cap3513
 8.700806e-06 2.119815e-05 1.226512e-11 2.989897e-05 clkbuf_0_core_clk
 4.421262e-06 2.448689e-05 7.179708e-12 2.890816e-05 clkbuf_3_1_0_core_clk
 2.942072e-06 2.553316e-05 1.168536e-11 2.847524e-05 fanout3765
 4.430372e-06 2.335789e-05 7.179708e-12 2.778827e-05 clkbuf_3_5_0_core_clk
 4.443159e-06 2.320043e-05 7.179708e-12 2.764359e-05 clkbuf_3_7_0_core_clk
 4.419468e-06 2.294111e-05 7.179708e-12 2.736059e-05 clkbuf_3_0_0_core_clk
 4.428241e-06 2.252897e-05 7.179708e-12 2.695722e-05 clkbuf_3_4_0_core_clk
 4.403087e-06 2.246332e-05 7.179708e-12 2.686641e-05 clkbuf_6_36_0_core_clk
 4.429811e-06 2.230890e-05 7.179708e-12 2.673872e-05 clkbuf_3_2_0_core_clk
 4.402002e-06 2.208048e-05 7.179708e-12 2.648249e-05 clkbuf_6_32_0_core_clk
 4.402420e-06 2.192581e-05 7.179708e-12 2.632824e-05 clkbuf_6_38_0_core_clk
 4.389560e-06 2.175598e-05 7.179708e-12 2.614555e-05 clkbuf_6_12_0_core_clk
 4.401062e-06 2.148080e-05 7.179708e-12 2.588187e-05 clkbuf_6_34_0_core_clk
 4.369346e-06 2.146918e-05 7.179708e-12 2.583853e-05 clkbuf_6_54_0_core_clk
 4.374085e-06 2.110832e-05 7.179708e-12 2.548241e-05 clkbuf_6_28_0_core_clk
 4.400119e-06 2.088663e-05 7.179708e-12 2.528675e-05 clkbuf_6_39_0_core_clk
 4.367609e-06 2.088012e-05 7.179708e-12 2.524774e-05 clkbuf_6_53_0_core_clk
 4.219146e-06 2.097519e-05 8.296883e-12 2.519434e-05 u_icg
 4.367887e-06 2.072222e-05 7.179708e-12 2.509012e-05 clkbuf_6_55_0_core_clk
 4.386306e-06 2.069365e-05 7.179708e-12 2.507996e-05 clkbuf_6_10_0_core_clk
 4.366794e-06 2.061149e-05 7.179708e-12 2.497829e-05 clkbuf_6_48_0_core_clk
 4.367076e-06 2.057078e-05 7.179708e-12 2.493786e-05 clkbuf_6_52_0_core_clk
 4.398738e-06 2.050533e-05 7.179708e-12 2.490408e-05 clkbuf_6_33_0_core_clk
 4.367520e-06 2.042045e-05 7.179708e-12 2.478798e-05 clkbuf_6_50_0_core_clk
 4.398431e-06 2.009457e-05 7.179708e-12 2.449301e-05 clkbuf_6_35_0_core_clk
 4.371710e-06 1.996199e-05 7.179708e-12 2.433371e-05 clkbuf_6_25_0_core_clk
 4.397730e-06 1.986124e-05 7.179708e-12 2.425897e-05 clkbuf_6_37_0_core_clk
 4.465613e-06 1.974778e-05 7.179708e-12 2.421340e-05 clkbuf_2_0_0_core_clk
 4.370750e-06 1.970364e-05 7.179708e-12 2.407440e-05 clkbuf_6_27_0_core_clk
 4.384420e-06 1.955466e-05 7.179708e-12 2.393909e-05 clkbuf_6_9_0_core_clk
 4.370483e-06 1.943938e-05 7.179708e-12 2.380987e-05 clkbuf_6_30_0_core_clk
 4.365617e-06 1.940097e-05 7.179708e-12 2.376659e-05 clkbuf_6_51_0_core_clk
 4.392724e-06 1.915708e-05 7.179708e-12 2.354981e-05 clkbuf_6_57_0_core_clk
 4.391149e-06 1.900215e-05 7.179708e-12 2.339330e-05 clkbuf_6_46_0_core_clk
 4.369271e-06 1.901881e-05 7.179708e-12 2.338809e-05 clkbuf_6_26_0_core_clk
 4.369380e-06 1.883626e-05 7.179708e-12 2.320565e-05 clkbuf_6_24_0_core_clk
 4.391429e-06 1.862525e-05 7.179708e-12 2.301668e-05 clkbuf_6_62_0_core_clk
 4.382115e-06 1.837218e-05 7.179708e-12 2.275430e-05 clkbuf_6_13_0_core_clk
 4.463710e-06 1.821319e-05 7.179708e-12 2.267690e-05 clkbuf_2_1_0_core_clk
 4.362136e-06 1.811835e-05 7.179708e-12 2.248049e-05 clkbuf_6_49_0_core_clk
 4.463147e-06 1.768213e-05 7.179708e-12 2.214529e-05 clkbuf_2_2_0_core_clk
 4.388205e-06 1.755208e-05 7.179708e-12 2.194029e-05 clkbuf_6_45_0_core_clk
 4.389318e-06 1.754037e-05 7.179708e-12 2.192970e-05 clkbuf_6_59_0_core_clk
 4.387887e-06 1.738777e-05 7.179708e-12 2.177567e-05 clkbuf_6_44_0_core_clk
 4.365404e-06 1.698553e-05 7.179708e-12 2.135094e-05 clkbuf_6_31_0_core_clk
 4.387620e-06 1.683733e-05 7.179708e-12 2.122495e-05 clkbuf_6_63_0_core_clk
 4.461864e-06 1.668691e-05 7.179708e-12 2.114879e-05 clkbuf_2_3_0_core_clk
 2.973012e-06 1.814215e-05 1.185042e-11 2.111517e-05 fanout678
 4.377823e-06 1.670226e-05 7.179708e-12 2.108009e-05 clkbuf_6_8_0_core_clk
 4.377334e-06 1.665107e-05 7.179708e-12 2.102842e-05 clkbuf_6_11_0_core_clk
 4.387127e-06 1.650488e-05 7.179708e-12 2.089202e-05 clkbuf_6_56_0_core_clk
 4.377684e-06 1.646309e-05 7.179708e-12 2.084079e-05 clkbuf_6_15_0_core_clk
 4.393674e-06 1.636952e-05 7.179708e-12 2.076320e-05 clkbuf_6_18_0_core_clk
 4.385524e-06 1.635236e-05 7.179708e-12 2.073789e-05 clkbuf_6_47_0_core_clk
 4.384726e-06 1.607812e-05 7.179708e-12 2.046285e-05 clkbuf_6_43_0_core_clk
 4.388517e-06 1.595886e-05 7.179708e-12 2.034738e-05 clkbuf_6_6_0_core_clk
 4.385814e-06 1.588403e-05 7.179708e-12 2.026986e-05 clkbuf_6_58_0_core_clk
 4.362948e-06 1.571247e-05 7.179708e-12 2.007543e-05 clkbuf_6_29_0_core_clk
 4.384902e-06 1.554096e-05 7.179708e-12 1.992586e-05 clkbuf_6_60_0_core_clk
 4.391529e-06 1.528669e-05 7.179708e-12 1.967822e-05 clkbuf_6_19_0_core_clk
 4.375217e-06 1.529838e-05 7.179708e-12 1.967361e-05 clkbuf_6_14_0_core_clk
 4.386079e-06 1.478592e-05 7.179708e-12 1.917201e-05 clkbuf_6_7_0_core_clk
 4.381905e-06 1.466148e-05 7.179708e-12 1.904339e-05 clkbuf_6_41_0_core_clk
 4.382735e-06 1.454734e-05 7.179708e-12 1.893008e-05 clkbuf_6_61_0_core_clk
 4.381522e-06 1.450361e-05 7.179708e-12 1.888514e-05 clkbuf_6_40_0_core_clk
 2.921842e-06 1.570757e-05 1.295956e-11 1.862943e-05 fanout643
 4.379998e-06 1.385442e-05 7.179708e-12 1.823443e-05 clkbuf_6_42_0_core_clk
 4.388616e-06 1.384460e-05 7.179708e-12 1.823322e-05 clkbuf_6_22_0_core_clk
 4.388251e-06 1.375727e-05 7.179708e-12 1.814552e-05 clkbuf_6_16_0_core_clk
 4.383537e-06 1.361237e-05 7.179708e-12 1.799591e-05 clkbuf_6_3_0_core_clk
 4.383368e-06 1.357700e-05 7.179708e-12 1.796037e-05 clkbuf_6_1_0_core_clk
 3.009764e-06 1.443177e-05 1.185042e-11 1.744155e-05 fanout710
 4.382115e-06 1.289847e-05 7.179708e-12 1.728059e-05 clkbuf_6_5_0_core_clk
 4.386401e-06 1.280486e-05 7.179708e-12 1.719127e-05 clkbuf_6_20_0_core_clk
 4.385540e-06 1.235282e-05 7.179708e-12 1.673836e-05 clkbuf_6_23_0_core_clk
 4.380664e-06 1.224942e-05 7.179708e-12 1.663009e-05 clkbuf_6_2_0_core_clk
 4.380677e-06 1.218868e-05 7.179708e-12 1.656936e-05 clkbuf_6_4_0_core_clk
 4.380216e-06 1.206965e-05 7.179708e-12 1.644987e-05 clkbuf_6_0_0_core_clk
 2.924562e-06 1.316267e-05 1.295956e-11 1.608724e-05 fanout2040
 4.376720e-06 1.134990e-05 7.179708e-12 1.572663e-05 clkbuf_6_17_0_core_clk
 2.580867e-06 1.280656e-05 1.152031e-11 1.538744e-05 fanout600
 4.352726e-06 1.024952e-05 7.179708e-12 1.460226e-05 clkbuf_6_21_0_core_clk
 1.463680e-06 1.239313e-05 7.299102e-12 1.385682e-05 fanout1766
 1.255565e-06 1.072622e-05 7.330794e-12 1.198179e-05 fanout537
 8.714966e-06 3.172831e-06 1.232310e-11 1.188781e-05 clkbuf_0_clk
 6.685607e-07 9.715849e-06 6.006222e-12 1.038442e-05 _28366_
 1.476819e-06 8.885132e-06 7.077795e-12 1.036196e-05 fanout964
 4.287709e-06 6.002736e-06 7.179708e-12 1.029045e-05 clkbuf_leaf_262_core_clk
 1.484231e-06 8.784600e-06 7.301779e-12 1.026884e-05 fanout2053
 1.492863e-06 8.718514e-06 7.301779e-12 1.021138e-05 fanout2049
 4.285369e-06 5.915650e-06 7.179708e-12 1.020103e-05 clkbuf_leaf_259_core_clk
 1.472746e-06 8.679040e-06 7.299102e-12 1.015179e-05 fanout1772
 1.479310e-06 8.667736e-06 7.272765e-12 1.014705e-05 fanout747
 4.260879e-06 5.885400e-06 7.179708e-12 1.014629e-05 clkbuf_leaf_285_core_clk
 4.263550e-06 5.878345e-06 7.179708e-12 1.014190e-05 clkbuf_leaf_299_core_clk
 1.258786e-06 8.847342e-06 7.330794e-12 1.010614e-05 fanout528
 4.268455e-06 5.647647e-06 7.179708e-12 9.916109e-06 clkbuf_leaf_257_core_clk
 8.427268e-06 1.332977e-06 1.232310e-11 9.760257e-06 clkbuf_1_1__f_clk
 1.454108e-06 8.206384e-06 7.077795e-12 9.660499e-06 fanout970
 4.249709e-06 5.385143e-06 7.179708e-12 9.634859e-06 clkbuf_leaf_284_core_clk
 4.252122e-06 5.382617e-06 7.179708e-12 9.634747e-06 clkbuf_leaf_304_core_clk
 1.468649e-06 8.148721e-06 7.301779e-12 9.617377e-06 fanout2042
 4.277798e-06 5.320991e-06 7.179708e-12 9.598797e-06 clkbuf_leaf_246_core_clk
 4.260368e-06 5.305209e-06 7.179708e-12 9.565585e-06 clkbuf_leaf_256_core_clk
 4.268512e-06 5.219713e-06 7.179708e-12 9.488233e-06 clkbuf_leaf_267_core_clk
 4.249003e-06 5.235205e-06 7.179708e-12 9.484215e-06 clkbuf_leaf_301_core_clk
 8.392214e-06 9.972331e-07 1.232310e-11 9.389460e-06 clkbuf_1_0__f_clk
 1.475782e-06 7.889263e-06 7.272765e-12 9.365052e-06 fanout714
 4.264627e-06 5.069627e-06 7.179708e-12 9.334262e-06 clkbuf_leaf_268_core_clk
 4.245523e-06 5.086265e-06 7.179708e-12 9.331796e-06 clkbuf_leaf_305_core_clk
 4.245025e-06 5.062270e-06 7.179708e-12 9.307302e-06 clkbuf_leaf_306_core_clk
 4.269632e-06 5.001139e-06 7.179708e-12 9.270778e-06 clkbuf_leaf_244_core_clk
 4.253240e-06 5.001192e-06 7.179708e-12 9.254440e-06 clkbuf_leaf_258_core_clk
 4.252977e-06 4.989466e-06 7.179708e-12 9.242451e-06 clkbuf_leaf_255_core_clk
 4.279646e-06 4.955190e-06 7.179708e-12 9.234844e-06 clkbuf_leaf_444_core_clk
 4.274415e-06 4.955714e-06 7.179708e-12 9.230136e-06 clkbuf_leaf_172_core_clk
 1.480461e-06 7.732482e-06 7.299102e-12 9.212950e-06 fanout1771
 4.259375e-06 4.843513e-06 7.179708e-12 9.102896e-06 clkbuf_leaf_263_core_clk
 6.256280e-07 8.430422e-06 1.134205e-11 9.056061e-06 fanout601
 4.251325e-06 4.785981e-06 7.179708e-12 9.037312e-06 clkbuf_leaf_228_core_clk
 4.234530e-06 4.786900e-06 7.179708e-12 9.021436e-06 clkbuf_leaf_526_core_clk
 4.258073e-06 4.718507e-06 7.179708e-12 8.976587e-06 clkbuf_leaf_451_core_clk
 1.476785e-06 7.494733e-06 7.077795e-12 8.971526e-06 fanout962
 4.242984e-06 4.723541e-06 7.179708e-12 8.966532e-06 clkbuf_leaf_361_core_clk
 4.260209e-06 4.693100e-06 7.179708e-12 8.953316e-06 clkbuf_leaf_490_core_clk
 4.261672e-06 4.681642e-06 7.179708e-12 8.943322e-06 clkbuf_leaf_245_core_clk
 4.237162e-06 4.705918e-06 7.179708e-12 8.943087e-06 clkbuf_leaf_300_core_clk
 4.237855e-06 4.680466e-06 7.179708e-12 8.918328e-06 clkbuf_leaf_78_core_clk
 1.468793e-06 7.437938e-06 7.299102e-12 8.906738e-06 fanout1762
 4.270737e-06 4.617871e-06 7.179708e-12 8.888615e-06 clkbuf_leaf_436_core_clk
 7.382015e-07 8.130858e-06 1.254031e-11 8.869072e-06 fanout519
 4.253004e-06 4.593405e-06 7.179708e-12 8.846417e-06 clkbuf_leaf_261_core_clk
 4.257271e-06 4.586574e-06 7.179708e-12 8.843853e-06 clkbuf_leaf_487_core_clk
 4.238141e-06 4.584302e-06 7.179708e-12 8.822451e-06 clkbuf_leaf_362_core_clk
 4.258977e-06 4.559548e-06 7.179708e-12 8.818532e-06 clkbuf_leaf_248_core_clk
 4.231956e-06 4.573532e-06 7.179708e-12 8.805495e-06 clkbuf_leaf_289_core_clk
 4.229505e-06 4.550868e-06 7.179708e-12 8.780380e-06 clkbuf_leaf_42_core_clk
 4.231099e-06 4.547815e-06 7.179708e-12 8.778921e-06 clkbuf_leaf_282_core_clk
 4.232827e-06 4.522371e-06 7.179708e-12 8.755205e-06 clkbuf_leaf_303_core_clk
 1.480010e-06 7.265545e-06 7.301779e-12 8.745562e-06 fanout2047
 4.230521e-06 4.513749e-06 7.179708e-12 8.744277e-06 clkbuf_leaf_325_core_clk
 4.238357e-06 4.486435e-06 7.179708e-12 8.724799e-06 clkbuf_leaf_239_core_clk
 4.240816e-06 4.474874e-06 7.179708e-12 8.715698e-06 clkbuf_leaf_251_core_clk
 4.250370e-06 4.457612e-06 7.179708e-12 8.707989e-06 clkbuf_leaf_11_core_clk
 4.232037e-06 4.474709e-06 7.179708e-12 8.706753e-06 clkbuf_leaf_310_core_clk
 4.235462e-06 4.462828e-06 7.179708e-12 8.698298e-06 clkbuf_leaf_368_core_clk
 4.253504e-06 4.439742e-06 7.179708e-12 8.693253e-06 clkbuf_leaf_482_core_clk
 1.470198e-06 7.214097e-06 7.077795e-12 8.684302e-06 fanout3802
 4.249177e-06 4.426608e-06 7.179708e-12 8.675792e-06 clkbuf_leaf_264_core_clk
 1.471625e-06 7.199333e-06 7.301779e-12 8.670965e-06 fanout2043
 4.248800e-06 4.420189e-06 7.179708e-12 8.668996e-06 clkbuf_leaf_260_core_clk
 4.232362e-06 4.432675e-06 7.179708e-12 8.665043e-06 clkbuf_leaf_77_core_clk
 4.264927e-06 4.393328e-06 7.179708e-12 8.658262e-06 clkbuf_leaf_441_core_clk
 4.255042e-06 4.393368e-06 7.179708e-12 8.648417e-06 clkbuf_leaf_249_core_clk
 4.252724e-06 4.394937e-06 7.179708e-12 8.647668e-06 clkbuf_leaf_498_core_clk
 4.236664e-06 4.408862e-06 7.179708e-12 8.645533e-06 clkbuf_leaf_242_core_clk
 4.255686e-06 4.389341e-06 7.179708e-12 8.645035e-06 clkbuf_leaf_457_core_clk
 4.252584e-06 4.389293e-06 7.179708e-12 8.641884e-06 clkbuf_leaf_489_core_clk
 4.259860e-06 4.378269e-06 7.179708e-12 8.638137e-06 clkbuf_leaf_129_core_clk
 4.243127e-06 4.392291e-06 7.179708e-12 8.635425e-06 clkbuf_leaf_236_core_clk
 4.252125e-06 4.373026e-06 7.179708e-12 8.625158e-06 clkbuf_leaf_492_core_clk
 7.682603e-07 7.848200e-06 1.306767e-11 8.616473e-06 fanout1096
 4.225881e-06 4.389491e-06 7.179708e-12 8.615380e-06 clkbuf_leaf_40_core_clk
 4.226055e-06 4.380301e-06 7.179708e-12 8.606364e-06 clkbuf_leaf_70_core_clk
 4.242834e-06 4.360097e-06 7.179708e-12 8.602938e-06 clkbuf_leaf_227_core_clk
 4.242859e-06 4.358175e-06 7.179708e-12 8.601042e-06 clkbuf_leaf_210_core_clk
 4.227307e-06 4.363471e-06 7.179708e-12 8.590785e-06 clkbuf_leaf_286_core_clk
 4.230695e-06 4.352871e-06 7.179708e-12 8.583574e-06 clkbuf_leaf_75_core_clk
 4.225133e-06 4.358242e-06 7.179708e-12 8.583383e-06 clkbuf_leaf_176_core_clk
 4.253209e-06 4.324001e-06 7.179708e-12 8.577217e-06 clkbuf_leaf_278_core_clk
 4.233520e-06 4.323736e-06 7.179708e-12 8.557265e-06 clkbuf_leaf_369_core_clk
 4.228481e-06 4.292121e-06 7.179708e-12 8.520610e-06 clkbuf_leaf_23_core_clk
 4.240679e-06 4.275161e-06 7.179708e-12 8.515846e-06 clkbuf_leaf_164_core_clk
 4.231282e-06 4.283026e-06 7.179708e-12 8.514315e-06 clkbuf_leaf_364_core_clk
 4.227525e-06 4.283540e-06 7.179708e-12 8.511073e-06 clkbuf_leaf_308_core_clk
 4.232067e-06 4.256866e-06 7.179708e-12 8.488940e-06 clkbuf_leaf_331_core_clk
 4.251747e-06 4.235472e-06 7.179708e-12 8.487226e-06 clkbuf_leaf_462_core_clk
 4.235279e-06 4.243499e-06 7.179708e-12 8.478786e-06 clkbuf_leaf_232_core_clk
 4.230494e-06 4.243074e-06 7.179708e-12 8.473575e-06 clkbuf_leaf_365_core_clk
 4.244677e-06 4.227804e-06 7.179708e-12 8.472489e-06 clkbuf_leaf_16_core_clk
 4.261572e-06 4.210055e-06 7.179708e-12 8.471634e-06 clkbuf_leaf_521_core_clk
 4.227324e-06 4.224035e-06 7.179708e-12 8.451367e-06 clkbuf_leaf_81_core_clk
 4.231219e-06 4.219688e-06 7.179708e-12 8.450914e-06 clkbuf_leaf_326_core_clk
 4.226836e-06 4.221477e-06 7.179708e-12 8.448320e-06 clkbuf_leaf_22_core_clk
 4.234293e-06 4.199161e-06 7.179708e-12 8.433462e-06 clkbuf_leaf_254_core_clk
 4.225894e-06 4.207023e-06 7.179708e-12 8.432924e-06 clkbuf_leaf_309_core_clk
 4.234254e-06 4.197459e-06 7.179708e-12 8.431720e-06 clkbuf_leaf_253_core_clk
 4.258280e-06 4.143323e-06 7.179708e-12 8.401610e-06 clkbuf_leaf_438_core_clk
 4.242660e-06 4.143732e-06 7.179708e-12 8.386400e-06 clkbuf_leaf_12_core_clk
 4.238828e-06 4.146551e-06 7.179708e-12 8.385387e-06 clkbuf_leaf_158_core_clk
 4.229295e-06 4.146822e-06 7.179708e-12 8.376124e-06 clkbuf_leaf_6_core_clk
 4.222603e-06 4.151050e-06 7.179708e-12 8.373660e-06 clkbuf_leaf_287_core_clk
 4.258229e-06 4.093874e-06 7.179708e-12 8.352110e-06 clkbuf_leaf_525_core_clk
 4.242265e-06 4.108460e-06 7.179708e-12 8.350732e-06 clkbuf_leaf_211_core_clk
 4.228310e-06 4.108834e-06 7.179708e-12 8.337152e-06 clkbuf_leaf_5_core_clk
 4.226957e-06 4.097325e-06 7.179708e-12 8.324289e-06 clkbuf_leaf_363_core_clk
 4.224150e-06 4.096895e-06 7.179708e-12 8.321053e-06 clkbuf_leaf_25_core_clk
 4.224027e-06 4.095561e-06 7.179708e-12 8.319595e-06 clkbuf_leaf_20_core_clk
 4.223112e-06 4.093522e-06 7.179708e-12 8.316641e-06 clkbuf_leaf_312_core_clk
 4.226014e-06 4.088816e-06 7.179708e-12 8.314837e-06 clkbuf_leaf_113_core_clk
 4.224098e-06 4.082879e-06 7.179708e-12 8.306984e-06 clkbuf_leaf_82_core_clk
 4.239845e-06 4.049048e-06 7.179708e-12 8.288900e-06 clkbuf_leaf_266_core_clk
 4.226302e-06 4.059377e-06 7.179708e-12 8.285686e-06 clkbuf_leaf_366_core_clk
 4.221537e-06 4.048786e-06 7.179708e-12 8.270331e-06 clkbuf_leaf_398_core_clk
 4.254664e-06 4.014657e-06 7.179708e-12 8.269328e-06 clkbuf_leaf_420_core_clk
 4.219874e-06 4.032381e-06 7.179708e-12 8.252262e-06 clkbuf_leaf_324_core_clk
 4.220955e-06 4.021398e-06 7.179708e-12 8.242360e-06 clkbuf_leaf_396_core_clk
 4.221668e-06 4.017797e-06 7.179708e-12 8.239472e-06 clkbuf_leaf_302_core_clk
 4.228361e-06 4.009255e-06 7.179708e-12 8.237624e-06 clkbuf_leaf_156_core_clk
 4.254078e-06 3.970073e-06 7.179708e-12 8.224159e-06 clkbuf_leaf_443_core_clk
 4.221145e-06 3.997145e-06 7.179708e-12 8.218298e-06 clkbuf_leaf_276_core_clk
 4.227873e-06 3.989945e-06 7.179708e-12 8.217825e-06 clkbuf_leaf_157_core_clk
 4.218670e-06 3.986322e-06 7.179708e-12 8.204999e-06 clkbuf_leaf_281_core_clk
 7.665173e-07 7.436061e-06 1.271280e-11 8.202592e-06 fanout956
 4.244792e-06 3.949341e-06 7.179708e-12 8.194141e-06 clkbuf_leaf_426_core_clk
 4.219693e-06 3.963928e-06 7.179708e-12 8.183628e-06 clkbuf_leaf_397_core_clk
 4.224803e-06 3.957810e-06 7.179708e-12 8.182621e-06 clkbuf_leaf_4_core_clk
 4.220063e-06 3.950732e-06 7.179708e-12 8.170802e-06 clkbuf_leaf_307_core_clk
 4.220805e-06 3.946589e-06 7.179708e-12 8.167401e-06 clkbuf_leaf_26_core_clk
 1.475492e-06 6.691797e-06 7.272765e-12 8.167296e-06 fanout712
 4.237060e-06 3.927467e-06 7.179708e-12 8.164534e-06 clkbuf_leaf_30_core_clk
 4.226338e-06 3.924982e-06 7.179708e-12 8.151327e-06 clkbuf_leaf_143_core_clk
 4.258375e-06 3.888613e-06 7.179708e-12 8.146995e-06 clkbuf_leaf_508_core_clk
 4.227632e-06 3.917040e-06 7.179708e-12 8.144679e-06 clkbuf_leaf_252_core_clk
 4.222075e-06 3.920984e-06 7.179708e-12 8.143066e-06 clkbuf_leaf_110_core_clk
 4.225436e-06 3.916749e-06 7.179708e-12 8.142193e-06 clkbuf_leaf_238_core_clk
 4.237858e-06 3.898116e-06 7.179708e-12 8.135981e-06 clkbuf_leaf_449_core_clk
 4.224119e-06 3.903107e-06 7.179708e-12 8.127234e-06 clkbuf_leaf_382_core_clk
 4.235809e-06 3.881495e-06 7.179708e-12 8.117311e-06 clkbuf_leaf_250_core_clk
 4.215030e-06 3.900363e-06 7.179708e-12 8.115401e-06 clkbuf_leaf_127_core_clk
 4.257377e-06 3.854181e-06 7.179708e-12 8.111566e-06 clkbuf_leaf_507_core_clk
 4.223424e-06 3.883919e-06 7.179708e-12 8.107350e-06 clkbuf_leaf_329_core_clk
 4.221268e-06 3.874379e-06 7.179708e-12 8.095654e-06 clkbuf_leaf_108_core_clk
 4.226438e-06 3.868519e-06 7.179708e-12 8.094965e-06 clkbuf_leaf_235_core_clk
 4.218678e-06 3.869305e-06 7.179708e-12 8.087991e-06 clkbuf_leaf_295_core_clk
 4.218224e-06 3.863908e-06 7.179708e-12 8.082139e-06 clkbuf_leaf_274_core_clk
 4.245513e-06 3.826752e-06 7.179708e-12 8.072273e-06 clkbuf_leaf_173_core_clk
 4.239542e-06 3.825418e-06 7.179708e-12 8.064968e-06 clkbuf_leaf_215_core_clk
 4.223141e-06 3.830814e-06 7.179708e-12 8.053963e-06 clkbuf_leaf_199_core_clk
 4.218994e-06 3.832072e-06 7.179708e-12 8.051073e-06 clkbuf_leaf_83_core_clk
 4.221902e-06 3.823209e-06 7.179708e-12 8.045118e-06 clkbuf_leaf_38_core_clk
 4.250250e-06 3.789595e-06 7.179708e-12 8.039851e-06 clkbuf_leaf_485_core_clk
 4.228441e-06 3.808568e-06 7.179708e-12 8.037016e-06 clkbuf_leaf_231_core_clk
 4.215009e-06 3.820709e-06 7.179708e-12 8.035725e-06 clkbuf_leaf_280_core_clk
 4.216277e-06 3.815885e-06 7.179708e-12 8.032170e-06 clkbuf_leaf_402_core_clk
 4.230015e-06 3.792847e-06 7.179708e-12 8.022869e-06 clkbuf_leaf_167_core_clk
 4.243697e-06 3.754993e-06 7.179708e-12 7.998697e-06 clkbuf_leaf_174_core_clk
 4.249301e-06 3.740429e-06 7.179708e-12 7.989737e-06 clkbuf_leaf_514_core_clk
 4.220830e-06 3.762112e-06 7.179708e-12 7.982950e-06 clkbuf_leaf_371_core_clk
 4.239453e-06 3.735436e-06 7.179708e-12 7.974895e-06 clkbuf_leaf_456_core_clk
 4.220215e-06 3.746939e-06 7.179708e-12 7.967161e-06 clkbuf_leaf_372_core_clk
 7.142817e-07 7.250543e-06 1.154424e-11 7.964837e-06 fanout951
 4.216326e-06 3.741639e-06 7.179708e-12 7.957973e-06 clkbuf_leaf_323_core_clk
 4.235860e-06 3.716052e-06 7.179708e-12 7.951919e-06 clkbuf_leaf_133_core_clk
 4.238283e-06 3.699916e-06 7.179708e-12 7.938206e-06 clkbuf_leaf_459_core_clk
 4.215544e-06 3.721334e-06 7.179708e-12 7.936885e-06 clkbuf_leaf_21_core_clk
 4.215950e-06 3.719746e-06 7.179708e-12 7.935703e-06 clkbuf_leaf_79_core_clk
 4.215573e-06 3.716739e-06 7.179708e-12 7.932320e-06 clkbuf_leaf_24_core_clk
 4.220334e-06 3.711745e-06 7.179708e-12 7.932087e-06 clkbuf_leaf_241_core_clk
 4.219509e-06 3.707847e-06 7.179708e-12 7.927363e-06 clkbuf_leaf_370_core_clk
 4.221012e-06 3.699424e-06 7.179708e-12 7.920443e-06 clkbuf_leaf_145_core_clk
 4.213859e-06 3.705956e-06 7.179708e-12 7.919822e-06 clkbuf_leaf_406_core_clk
 4.246067e-06 3.671299e-06 7.179708e-12 7.917373e-06 clkbuf_leaf_439_core_clk
 4.217220e-06 3.699538e-06 7.179708e-12 7.916766e-06 clkbuf_leaf_355_core_clk
 4.252145e-06 3.661220e-06 7.179708e-12 7.913372e-06 clkbuf_leaf_505_core_clk
 6.363588e-07 7.270078e-06 1.123724e-11 7.906448e-06 fanout1922
 4.220598e-06 3.683438e-06 7.179708e-12 7.904043e-06 clkbuf_leaf_146_core_clk
 4.216867e-06 3.679001e-06 7.179708e-12 7.895875e-06 clkbuf_leaf_69_core_clk
 4.216364e-06 3.668164e-06 7.179708e-12 7.884535e-06 clkbuf_leaf_111_core_clk
 4.210142e-06 3.674279e-06 7.179708e-12 7.884429e-06 clkbuf_leaf_484_core_clk
 4.236969e-06 3.645065e-06 7.179708e-12 7.882042e-06 clkbuf_leaf_458_core_clk
 4.219998e-06 3.657628e-06 7.179708e-12 7.877633e-06 clkbuf_leaf_141_core_clk
 4.216289e-06 3.654580e-06 7.179708e-12 7.870876e-06 clkbuf_leaf_358_core_clk
 4.213933e-06 3.646789e-06 7.179708e-12 7.860729e-06 clkbuf_leaf_290_core_clk
 4.234480e-06 3.626199e-06 7.179708e-12 7.860686e-06 clkbuf_leaf_224_core_clk
 4.217571e-06 3.641006e-06 7.179708e-12 7.858584e-06 clkbuf_leaf_8_core_clk
 4.230609e-06 3.627302e-06 7.179708e-12 7.857918e-06 clkbuf_leaf_206_core_clk
 4.213735e-06 3.636379e-06 7.179708e-12 7.850122e-06 clkbuf_leaf_17_core_clk
 4.233180e-06 3.613962e-06 7.179708e-12 7.847149e-06 clkbuf_leaf_480_core_clk
 4.234938e-06 3.607528e-06 7.179708e-12 7.842474e-06 clkbuf_leaf_247_core_clk
 4.240082e-06 3.600752e-06 7.179708e-12 7.840841e-06 clkbuf_leaf_128_core_clk
 4.218221e-06 3.621439e-06 7.179708e-12 7.839667e-06 clkbuf_leaf_240_core_clk
 4.211830e-06 3.617969e-06 7.179708e-12 7.829807e-06 clkbuf_leaf_401_core_clk
 4.215354e-06 3.612049e-06 7.179708e-12 7.827411e-06 clkbuf_leaf_106_core_clk
 4.230464e-06 3.594844e-06 7.179708e-12 7.825315e-06 clkbuf_leaf_454_core_clk
 4.212755e-06 3.595978e-06 7.179708e-12 7.808741e-06 clkbuf_leaf_19_core_clk
 4.211208e-06 3.581994e-06 7.179708e-12 7.793209e-06 clkbuf_leaf_395_core_clk
 4.228969e-06 3.561541e-06 7.179708e-12 7.790518e-06 clkbuf_leaf_202_core_clk
 4.238562e-06 3.550981e-06 7.179708e-12 7.789550e-06 clkbuf_leaf_175_core_clk
 4.230096e-06 3.557269e-06 7.179708e-12 7.787372e-06 clkbuf_leaf_149_core_clk
 4.208083e-06 3.577814e-06 7.179708e-12 7.785904e-06 clkbuf_leaf_41_core_clk
 4.207731e-06 3.566143e-06 7.179708e-12 7.773881e-06 clkbuf_leaf_126_core_clk
 4.237321e-06 3.531991e-06 7.179708e-12 7.769319e-06 clkbuf_leaf_448_core_clk
 4.248533e-06 3.509502e-06 7.179708e-12 7.758042e-06 clkbuf_leaf_527_core_clk
 4.207724e-06 3.546185e-06 7.179708e-12 7.753917e-06 clkbuf_leaf_72_core_clk
 4.223378e-06 3.511967e-06 7.179708e-12 7.735352e-06 clkbuf_leaf_169_core_clk
 4.215683e-06 3.510674e-06 7.179708e-12 7.726365e-06 clkbuf_leaf_243_core_clk
 4.210400e-06 3.506786e-06 7.179708e-12 7.717194e-06 clkbuf_leaf_294_core_clk
 1.268161e-06 6.443404e-06 7.330794e-12 7.711573e-06 fanout532
 4.210563e-06 3.489746e-06 7.179708e-12 7.700317e-06 clkbuf_leaf_322_core_clk
 4.212407e-06 3.484269e-06 7.179708e-12 7.696683e-06 clkbuf_leaf_68_core_clk
 4.215094e-06 3.477811e-06 7.179708e-12 7.692913e-06 clkbuf_leaf_200_core_clk
 4.225915e-06 3.464613e-06 7.179708e-12 7.690536e-06 clkbuf_leaf_15_core_clk
 4.212046e-06 3.478396e-06 7.179708e-12 7.690449e-06 clkbuf_leaf_353_core_clk
 4.212071e-06 3.475851e-06 7.179708e-12 7.687930e-06 clkbuf_leaf_112_core_clk
 4.234764e-06 3.431797e-06 7.179708e-12 7.666568e-06 clkbuf_leaf_497_core_clk
 4.226129e-06 3.417028e-06 7.179708e-12 7.643165e-06 clkbuf_leaf_453_core_clk
 4.221085e-06 3.421748e-06 7.179708e-12 7.642841e-06 clkbuf_leaf_165_core_clk
 4.238804e-06 3.400014e-06 7.179708e-12 7.638825e-06 clkbuf_leaf_424_core_clk
 4.210691e-06 3.423598e-06 7.179708e-12 7.634297e-06 clkbuf_leaf_109_core_clk
 4.218538e-06 3.415176e-06 7.179708e-12 7.633721e-06 clkbuf_leaf_229_core_clk
 4.227818e-06 3.400550e-06 7.179708e-12 7.628376e-06 clkbuf_leaf_491_core_clk
 4.224480e-06 3.401199e-06 7.179708e-12 7.625686e-06 clkbuf_leaf_35_core_clk
 4.245144e-06 3.378171e-06 7.179708e-12 7.623322e-06 clkbuf_leaf_528_core_clk
 1.470092e-06 6.150172e-06 7.077795e-12 7.620272e-06 fanout3398
 4.209359e-06 3.409195e-06 7.179708e-12 7.618561e-06 clkbuf_leaf_74_core_clk
 4.214354e-06 3.403780e-06 7.179708e-12 7.618142e-06 clkbuf_leaf_463_core_clk
 4.233593e-06 3.383417e-06 7.179708e-12 7.617017e-06 clkbuf_leaf_496_core_clk
 4.215844e-06 3.400441e-06 7.179708e-12 7.616292e-06 clkbuf_leaf_478_core_clk
 4.238248e-06 3.366778e-06 7.179708e-12 7.605033e-06 clkbuf_leaf_437_core_clk
 4.212975e-06 3.387578e-06 7.179708e-12 7.600560e-06 clkbuf_leaf_201_core_clk
 7.193901e-07 6.869392e-06 1.258901e-11 7.588795e-06 fanout585
 4.210441e-06 3.373049e-06 7.179708e-12 7.583498e-06 clkbuf_leaf_367_core_clk
 4.209705e-06 3.368898e-06 7.179708e-12 7.578610e-06 clkbuf_leaf_356_core_clk
 4.211404e-06 3.364374e-06 7.179708e-12 7.575785e-06 clkbuf_leaf_373_core_clk
 4.223877e-06 3.345732e-06 7.179708e-12 7.569615e-06 clkbuf_leaf_214_core_clk
 4.203384e-06 3.365158e-06 7.179708e-12 7.568550e-06 clkbuf_leaf_92_core_clk
 4.210910e-06 3.354532e-06 7.179708e-12 7.565449e-06 clkbuf_leaf_7_core_clk
 4.211749e-06 3.341022e-06 7.179708e-12 7.552779e-06 clkbuf_leaf_204_core_clk
 4.202675e-06 3.348764e-06 7.179708e-12 7.551445e-06 clkbuf_leaf_91_core_clk
 4.209910e-06 3.332716e-06 7.179708e-12 7.542633e-06 clkbuf_leaf_198_core_clk
 4.219611e-06 3.308678e-06 7.179708e-12 7.528296e-06 clkbuf_leaf_29_core_clk
 4.222018e-06 3.288998e-06 7.179708e-12 7.511023e-06 clkbuf_leaf_134_core_clk
 4.205397e-06 3.299290e-06 7.179708e-12 7.504695e-06 clkbuf_leaf_354_core_clk
 4.205341e-06 3.298218e-06 7.179708e-12 7.503566e-06 clkbuf_leaf_399_core_clk
 4.203166e-06 3.294103e-06 7.179708e-12 7.497276e-06 clkbuf_leaf_18_core_clk
 4.202458e-06 3.293336e-06 7.179708e-12 7.495802e-06 clkbuf_leaf_315_core_clk
 4.224989e-06 3.253296e-06 7.179708e-12 7.478292e-06 clkbuf_leaf_494_core_clk
 4.201325e-06 3.276129e-06 7.179708e-12 7.477461e-06 clkbuf_leaf_317_core_clk
 4.200479e-06 3.275022e-06 7.179708e-12 7.475508e-06 clkbuf_leaf_392_core_clk
 4.197794e-06 3.272756e-06 7.179708e-12 7.470557e-06 clkbuf_leaf_66_core_clk
 4.219506e-06 3.247773e-06 7.179708e-12 7.467286e-06 clkbuf_leaf_216_core_clk
 4.215657e-06 3.247145e-06 7.179708e-12 7.462809e-06 clkbuf_leaf_207_core_clk
 4.200144e-06 3.261474e-06 7.179708e-12 7.461626e-06 clkbuf_leaf_275_core_clk
 4.229171e-06 3.227904e-06 7.179708e-12 7.457083e-06 clkbuf_leaf_519_core_clk
 4.199540e-06 3.257477e-06 7.179708e-12 7.457024e-06 clkbuf_leaf_313_core_clk
 4.199637e-06 3.249062e-06 7.179708e-12 7.448706e-06 clkbuf_leaf_321_core_clk
 4.199213e-06 3.247003e-06 7.179708e-12 7.446223e-06 clkbuf_leaf_298_core_clk
 4.197961e-06 3.236932e-06 7.179708e-12 7.434900e-06 clkbuf_leaf_314_core_clk
 4.196972e-06 3.230224e-06 7.179708e-12 7.427204e-06 clkbuf_leaf_390_core_clk
 4.230134e-06 3.196543e-06 7.179708e-12 7.426684e-06 clkbuf_leaf_411_core_clk
 4.221381e-06 3.193618e-06 7.179708e-12 7.415007e-06 clkbuf_leaf_125_core_clk
 4.223592e-06 3.183591e-06 7.179708e-12 7.407190e-06 clkbuf_leaf_422_core_clk
 4.230669e-06 3.175358e-06 7.179708e-12 7.406034e-06 clkbuf_leaf_418_core_clk
 4.201448e-06 3.202934e-06 7.179708e-12 7.404389e-06 clkbuf_leaf_148_core_clk
 4.195323e-06 3.195996e-06 7.179708e-12 7.391326e-06 clkbuf_leaf_296_core_clk
 4.226735e-06 3.162202e-06 7.179708e-12 7.388944e-06 clkbuf_leaf_503_core_clk
 4.223442e-06 3.159976e-06 7.179708e-12 7.383425e-06 clkbuf_leaf_520_core_clk
 4.221636e-06 3.157230e-06 7.179708e-12 7.378873e-06 clkbuf_leaf_419_core_clk
 4.191064e-06 3.184196e-06 7.179708e-12 7.375267e-06 clkbuf_leaf_71_core_clk
 4.228253e-06 3.146637e-06 7.179708e-12 7.374898e-06 clkbuf_leaf_400_core_clk
 4.193701e-06 3.175543e-06 7.179708e-12 7.369251e-06 clkbuf_leaf_297_core_clk
 4.195809e-06 3.172382e-06 7.179708e-12 7.368198e-06 clkbuf_leaf_357_core_clk
 4.189990e-06 3.176834e-06 7.179708e-12 7.366831e-06 clkbuf_leaf_87_core_clk
 4.209523e-06 3.137796e-06 7.179708e-12 7.347326e-06 clkbuf_leaf_138_core_clk
 4.212181e-06 3.132477e-06 7.179708e-12 7.344666e-06 clkbuf_leaf_48_core_clk
 4.209083e-06 3.131805e-06 7.179708e-12 7.340896e-06 clkbuf_leaf_131_core_clk
 4.190993e-06 3.143018e-06 7.179708e-12 7.334018e-06 clkbuf_leaf_316_core_clk
 4.205592e-06 3.124773e-06 7.179708e-12 7.330373e-06 clkbuf_leaf_208_core_clk
 4.201040e-06 3.121880e-06 7.179708e-12 7.322928e-06 clkbuf_leaf_166_core_clk
 4.206438e-06 3.115686e-06 7.179708e-12 7.322131e-06 clkbuf_leaf_154_core_clk
 4.226531e-06 3.089907e-06 7.179708e-12 7.316445e-06 clkbuf_leaf_428_core_clk
 4.213628e-06 3.102281e-06 7.179708e-12 7.315916e-06 clkbuf_leaf_123_core_clk
 4.207003e-06 3.106374e-06 7.179708e-12 7.313385e-06 clkbuf_leaf_142_core_clk
 4.199419e-06 3.113883e-06 7.179708e-12 7.313309e-06 clkbuf_leaf_237_core_clk
 4.190562e-06 3.121251e-06 7.179708e-12 7.311821e-06 clkbuf_leaf_73_core_clk
 4.187617e-06 3.115074e-06 7.179708e-12 7.302698e-06 clkbuf_leaf_107_core_clk
 4.189435e-06 3.110089e-06 7.179708e-12 7.299531e-06 clkbuf_leaf_187_core_clk
 4.224189e-06 3.062862e-06 7.179708e-12 7.287058e-06 clkbuf_leaf_435_core_clk
 4.190523e-06 3.085036e-06 7.179708e-12 7.275566e-06 clkbuf_leaf_328_core_clk
 4.187193e-06 3.087994e-06 7.179708e-12 7.275195e-06 clkbuf_leaf_292_core_clk
 4.191819e-06 3.080989e-06 7.179708e-12 7.272814e-06 clkbuf_leaf_144_core_clk
 4.190350e-06 3.080444e-06 7.179708e-12 7.270801e-06 clkbuf_leaf_330_core_clk
 4.200853e-06 3.062082e-06 7.179708e-12 7.262943e-06 clkbuf_leaf_205_core_clk
 4.201469e-06 3.058043e-06 7.179708e-12 7.259519e-06 clkbuf_leaf_150_core_clk
 4.185867e-06 3.073523e-06 7.179708e-12 7.259397e-06 clkbuf_leaf_318_core_clk
 4.189308e-06 3.067593e-06 7.179708e-12 7.256908e-06 clkbuf_leaf_383_core_clk
 4.195530e-06 3.057186e-06 7.179708e-12 7.252724e-06 clkbuf_leaf_212_core_clk
 4.181820e-06 3.068445e-06 7.179708e-12 7.250272e-06 clkbuf_leaf_86_core_clk
 4.195027e-06 3.052427e-06 7.179708e-12 7.247461e-06 clkbuf_leaf_161_core_clk
 4.217969e-06 3.026920e-06 7.179708e-12 7.244896e-06 clkbuf_leaf_404_core_clk
 4.198584e-06 3.042421e-06 7.179708e-12 7.241012e-06 clkbuf_leaf_36_core_clk
 4.206237e-06 3.028466e-06 7.179708e-12 7.234710e-06 clkbuf_leaf_493_core_clk
 4.203408e-06 3.030551e-06 7.179708e-12 7.233967e-06 clkbuf_leaf_452_core_clk
 4.214404e-06 3.018368e-06 7.179708e-12 7.232779e-06 clkbuf_leaf_440_core_clk
 4.209952e-06 3.012209e-06 7.179708e-12 7.222168e-06 clkbuf_leaf_136_core_clk
 4.195847e-06 3.023850e-06 7.179708e-12 7.219704e-06 clkbuf_leaf_375_core_clk
 4.192737e-06 3.026477e-06 7.179708e-12 7.219222e-06 clkbuf_leaf_162_core_clk
 4.186022e-06 3.029009e-06 7.179708e-12 7.215038e-06 clkbuf_leaf_283_core_clk
 4.180239e-06 3.019305e-06 7.179708e-12 7.199551e-06 clkbuf_leaf_116_core_clk
 4.181938e-06 3.015294e-06 7.179708e-12 7.197239e-06 clkbuf_leaf_80_core_clk
 4.189752e-06 3.005913e-06 7.179708e-12 7.195672e-06 clkbuf_leaf_230_core_clk
 4.180428e-06 3.015035e-06 7.179708e-12 7.195470e-06 clkbuf_leaf_360_core_clk
 4.181299e-06 3.011766e-06 7.179708e-12 7.193073e-06 clkbuf_leaf_291_core_clk
 4.194274e-06 2.992831e-06 7.179708e-12 7.187111e-06 clkbuf_leaf_13_core_clk
 4.183451e-06 2.994869e-06 7.179708e-12 7.178328e-06 clkbuf_leaf_327_core_clk
 4.177592e-06 2.962953e-06 7.179708e-12 7.140552e-06 clkbuf_leaf_28_core_clk
 4.175499e-06 2.957227e-06 7.179708e-12 7.132734e-06 clkbuf_leaf_103_core_clk
 4.189177e-06 2.931655e-06 7.179708e-12 7.120840e-06 clkbuf_leaf_0_core_clk
 4.172396e-06 2.941269e-06 7.179708e-12 7.113672e-06 clkbuf_leaf_178_core_clk
 4.172422e-06 2.940783e-06 7.179708e-12 7.113212e-06 clkbuf_leaf_483_core_clk
 4.200376e-06 2.906789e-06 7.179708e-12 7.107172e-06 clkbuf_leaf_421_core_clk
 4.204594e-06 2.902405e-06 7.179708e-12 7.107006e-06 clkbuf_leaf_504_core_clk
 4.188091e-06 2.917596e-06 7.179708e-12 7.105695e-06 clkbuf_leaf_32_core_clk
 4.209736e-06 2.894825e-06 7.179708e-12 7.104568e-06 clkbuf_leaf_434_core_clk
 4.188593e-06 2.911136e-06 7.179708e-12 7.099737e-06 clkbuf_leaf_475_core_clk
 4.204722e-06 2.884382e-06 7.179708e-12 7.089111e-06 clkbuf_leaf_509_core_clk
 4.207231e-06 2.865273e-06 7.179708e-12 7.072511e-06 clkbuf_leaf_427_core_clk
 4.185830e-06 2.877385e-06 7.179708e-12 7.063222e-06 clkbuf_leaf_466_core_clk
 4.198587e-06 2.864552e-06 7.179708e-12 7.063146e-06 clkbuf_leaf_518_core_clk
 4.201396e-06 2.857927e-06 7.179708e-12 7.059331e-06 clkbuf_leaf_430_core_clk
 4.201090e-06 2.855361e-06 7.179708e-12 7.056459e-06 clkbuf_leaf_429_core_clk
 4.202019e-06 2.852677e-06 7.179708e-12 7.054704e-06 clkbuf_leaf_499_core_clk
 4.201749e-06 2.851956e-06 7.179708e-12 7.053713e-06 clkbuf_leaf_506_core_clk
 4.197601e-06 2.853008e-06 7.179708e-12 7.050617e-06 clkbuf_leaf_510_core_clk
 4.176884e-06 2.872663e-06 7.179708e-12 7.049554e-06 clkbuf_leaf_477_core_clk
 4.179959e-06 2.867299e-06 7.179708e-12 7.047265e-06 clkbuf_leaf_163_core_clk
 4.167166e-06 2.873738e-06 7.179708e-12 7.040911e-06 clkbuf_leaf_93_core_clk
 4.171878e-06 2.866805e-06 7.179708e-12 7.038690e-06 clkbuf_leaf_359_core_clk
 4.178854e-06 2.856692e-06 7.179708e-12 7.035554e-06 clkbuf_leaf_182_core_clk
 4.199097e-06 2.834945e-06 7.179708e-12 7.034050e-06 clkbuf_leaf_500_core_clk
 4.179049e-06 2.849643e-06 7.179708e-12 7.028699e-06 clkbuf_leaf_181_core_clk
 4.189098e-06 2.823183e-06 7.179708e-12 7.012289e-06 clkbuf_leaf_479_core_clk
 4.171065e-06 2.839151e-06 7.179708e-12 7.010223e-06 clkbuf_leaf_39_core_clk
 4.180599e-06 2.820461e-06 7.179708e-12 7.001067e-06 clkbuf_leaf_37_core_clk
 4.182837e-06 2.811692e-06 7.179708e-12 6.994536e-06 clkbuf_leaf_132_core_clk
 4.179312e-06 2.808936e-06 7.179708e-12 6.988256e-06 clkbuf_leaf_14_core_clk
 4.167530e-06 2.802101e-06 7.179708e-12 6.969638e-06 clkbuf_leaf_189_core_clk
 4.190562e-06 2.770773e-06 7.179708e-12 6.961342e-06 clkbuf_leaf_513_core_clk
 4.163228e-06 2.796974e-06 7.179708e-12 6.960209e-06 clkbuf_leaf_105_core_clk
 4.185643e-06 2.768743e-06 7.179708e-12 6.954394e-06 clkbuf_leaf_114_core_clk
 4.178246e-06 2.771049e-06 7.179708e-12 6.949303e-06 clkbuf_leaf_153_core_clk
 4.159763e-06 2.778648e-06 7.179708e-12 6.938419e-06 clkbuf_leaf_88_core_clk
 4.191353e-06 2.744482e-06 7.179708e-12 6.935843e-06 clkbuf_leaf_502_core_clk
 4.160931e-06 2.767526e-06 7.179708e-12 6.928464e-06 clkbuf_leaf_98_core_clk
 4.186345e-06 2.739817e-06 7.179708e-12 6.926169e-06 clkbuf_leaf_460_core_clk
 4.164762e-06 2.760540e-06 7.179708e-12 6.925309e-06 clkbuf_leaf_3_core_clk
 4.162049e-06 2.758536e-06 7.179708e-12 6.920593e-06 clkbuf_leaf_311_core_clk
 4.170995e-06 2.746755e-06 7.179708e-12 6.917757e-06 clkbuf_leaf_168_core_clk
 4.173927e-06 2.741745e-06 7.179708e-12 6.915679e-06 clkbuf_leaf_33_core_clk
 4.157865e-06 2.754565e-06 7.179708e-12 6.912437e-06 clkbuf_leaf_90_core_clk
 4.165133e-06 2.744003e-06 7.179708e-12 6.909143e-06 clkbuf_leaf_155_core_clk
 4.157309e-06 2.746663e-06 7.179708e-12 6.903979e-06 clkbuf_leaf_89_core_clk
 4.190015e-06 2.710406e-06 7.179708e-12 6.900428e-06 clkbuf_leaf_2_core_clk
 4.164589e-06 2.735661e-06 7.179708e-12 6.900258e-06 clkbuf_leaf_464_core_clk
 4.169581e-06 2.728945e-06 7.179708e-12 6.898533e-06 clkbuf_leaf_171_core_clk
 4.189325e-06 2.702413e-06 7.179708e-12 6.891745e-06 clkbuf_leaf_1_core_clk
 4.157453e-06 2.722188e-06 7.179708e-12 6.879648e-06 clkbuf_leaf_99_core_clk
 4.183117e-06 2.693831e-06 7.179708e-12 6.876955e-06 clkbuf_leaf_120_core_clk
 4.159286e-06 2.716808e-06 7.179708e-12 6.876101e-06 clkbuf_leaf_333_core_clk
 4.156473e-06 2.702334e-06 7.179708e-12 6.858814e-06 clkbuf_leaf_394_core_clk
 4.154077e-06 2.700994e-06 7.179708e-12 6.855078e-06 clkbuf_leaf_94_core_clk
 4.169312e-06 2.680038e-06 7.179708e-12 6.849357e-06 clkbuf_leaf_209_core_clk
 4.158577e-06 2.679524e-06 7.179708e-12 6.838108e-06 clkbuf_leaf_374_core_clk
 4.154027e-06 2.677300e-06 7.179708e-12 6.831335e-06 clkbuf_leaf_101_core_clk
 4.185183e-06 2.641641e-06 7.179708e-12 6.826832e-06 clkbuf_leaf_417_core_clk
 4.154752e-06 2.668652e-06 7.179708e-12 6.823411e-06 clkbuf_leaf_61_core_clk
 4.170438e-06 2.642727e-06 7.179708e-12 6.813172e-06 clkbuf_leaf_388_core_clk
 4.174393e-06 2.635857e-06 7.179708e-12 6.810257e-06 clkbuf_leaf_130_core_clk
 4.170003e-06 2.636251e-06 7.179708e-12 6.806262e-06 clkbuf_leaf_387_core_clk
 4.154727e-06 2.627368e-06 7.179708e-12 6.782102e-06 clkbuf_leaf_197_core_clk
 4.162028e-06 2.606121e-06 7.179708e-12 6.768157e-06 clkbuf_leaf_381_core_clk
 4.167242e-06 2.592602e-06 7.179708e-12 6.759851e-06 clkbuf_leaf_461_core_clk
 4.174122e-06 2.585661e-06 7.179708e-12 6.759791e-06 clkbuf_leaf_135_core_clk
 4.153477e-06 2.604015e-06 7.179708e-12 6.757499e-06 clkbuf_leaf_203_core_clk
 4.153657e-06 2.598090e-06 7.179708e-12 6.751754e-06 clkbuf_leaf_470_core_clk
 4.173658e-06 2.572777e-06 7.179708e-12 6.746442e-06 clkbuf_leaf_486_core_clk
 4.172869e-06 2.562610e-06 7.179708e-12 6.735487e-06 clkbuf_leaf_488_core_clk
 7.472456e-07 5.972935e-06 1.176129e-11 6.720192e-06 fanout1020
 4.157793e-06 2.554069e-06 7.179708e-12 6.711869e-06 clkbuf_leaf_384_core_clk
 4.158836e-06 2.537226e-06 7.179708e-12 6.696069e-06 clkbuf_leaf_221_core_clk
 4.159971e-06 2.523094e-06 7.179708e-12 6.683072e-06 clkbuf_leaf_223_core_clk
 4.159061e-06 2.522160e-06 7.179708e-12 6.681229e-06 clkbuf_leaf_139_core_clk
 4.174361e-06 2.482402e-06 7.179708e-12 6.656771e-06 clkbuf_leaf_445_core_clk
 4.152838e-06 2.486918e-06 7.179708e-12 6.639763e-06 clkbuf_leaf_31_core_clk
 4.138849e-06 2.500827e-06 7.179708e-12 6.639684e-06 clkbuf_leaf_85_core_clk
 4.163901e-06 2.472541e-06 7.179708e-12 6.636449e-06 clkbuf_leaf_423_core_clk
 4.149647e-06 2.486083e-06 7.179708e-12 6.635737e-06 clkbuf_leaf_177_core_clk
 4.164699e-06 2.465129e-06 7.179708e-12 6.629835e-06 clkbuf_leaf_524_core_clk
 4.154651e-06 2.468609e-06 7.179708e-12 6.623267e-06 clkbuf_leaf_140_core_clk
 4.144091e-06 2.478555e-06 7.179708e-12 6.622653e-06 clkbuf_leaf_147_core_clk
 4.139412e-06 2.469822e-06 7.179708e-12 6.609242e-06 clkbuf_leaf_65_core_clk
 4.165192e-06 2.435070e-06 7.179708e-12 6.600269e-06 clkbuf_leaf_501_core_clk
 4.151888e-06 2.448341e-06 7.179708e-12 6.600237e-06 clkbuf_leaf_152_core_clk
 4.145692e-06 2.438904e-06 7.179708e-12 6.584604e-06 clkbuf_leaf_159_core_clk
 7.400424e-07 5.828456e-06 4.530320e-12 6.568503e-06 fanout733
 4.155321e-06 2.401501e-06 7.179708e-12 6.556830e-06 clkbuf_leaf_124_core_clk
 4.132775e-06 2.420059e-06 7.179708e-12 6.552841e-06 clkbuf_leaf_95_core_clk
 4.133877e-06 2.414722e-06 7.179708e-12 6.548607e-06 clkbuf_leaf_96_core_clk
 4.146641e-06 2.394209e-06 7.179708e-12 6.540857e-06 clkbuf_leaf_446_core_clk
 4.148603e-06 2.385318e-06 7.179708e-12 6.533928e-06 clkbuf_leaf_222_core_clk
 4.130959e-06 2.396120e-06 7.179708e-12 6.527087e-06 clkbuf_leaf_84_core_clk
 4.136404e-06 2.380911e-06 7.179708e-12 6.517322e-06 clkbuf_leaf_471_core_clk
 4.151718e-06 2.359910e-06 7.179708e-12 6.511636e-06 clkbuf_leaf_122_core_clk
 4.160233e-06 2.349538e-06 7.179708e-12 6.509779e-06 clkbuf_leaf_405_core_clk
 4.151254e-06 2.355857e-06 7.179708e-12 6.507119e-06 clkbuf_leaf_115_core_clk
 4.130852e-06 2.374917e-06 7.179708e-12 6.505776e-06 clkbuf_leaf_102_core_clk
 4.157758e-06 2.345141e-06 7.179708e-12 6.502906e-06 clkbuf_leaf_433_core_clk
 4.141906e-06 2.359214e-06 7.179708e-12 6.501127e-06 clkbuf_leaf_376_core_clk
 4.131572e-06 2.362460e-06 7.179708e-12 6.494040e-06 clkbuf_leaf_334_core_clk
 4.146569e-06 2.341634e-06 7.179708e-12 6.488211e-06 clkbuf_leaf_50_core_clk
 4.141258e-06 2.329972e-06 7.179708e-12 6.471238e-06 clkbuf_leaf_481_core_clk
 4.156396e-06 2.314608e-06 7.179708e-12 6.471011e-06 clkbuf_leaf_531_core_clk
 4.154347e-06 2.304708e-06 7.179708e-12 6.459062e-06 clkbuf_leaf_432_core_clk
 4.804357e-07 5.974643e-06 1.367260e-11 6.455092e-06 fanout1860
 4.128546e-06 2.323944e-06 7.179708e-12 6.452497e-06 clkbuf_leaf_342_core_clk
 4.128582e-06 2.323884e-06 7.179708e-12 6.452473e-06 clkbuf_leaf_188_core_clk
 4.127533e-06 2.316566e-06 7.179708e-12 6.444106e-06 clkbuf_leaf_293_core_clk
 4.150835e-06 2.266374e-06 7.179708e-12 6.417216e-06 clkbuf_leaf_442_core_clk
 4.127631e-06 2.275888e-06 7.179708e-12 6.403526e-06 clkbuf_leaf_345_core_clk
 4.125418e-06 2.258665e-06 7.179708e-12 6.384091e-06 clkbuf_leaf_9_core_clk
 4.123136e-06 2.259868e-06 7.179708e-12 6.383011e-06 clkbuf_leaf_76_core_clk
 4.127630e-06 2.247092e-06 7.179708e-12 6.374729e-06 clkbuf_leaf_338_core_clk
 4.133739e-06 2.227177e-06 7.179708e-12 6.360924e-06 clkbuf_leaf_218_core_clk
 4.121295e-06 2.211183e-06 7.179708e-12 6.332485e-06 clkbuf_leaf_180_core_clk
 4.128603e-06 2.174664e-06 7.179708e-12 6.303274e-06 clkbuf_leaf_53_core_clk
 4.129835e-06 2.156173e-06 7.179708e-12 6.286016e-06 clkbuf_leaf_219_core_clk
 4.115845e-06 2.165787e-06 7.179708e-12 6.281639e-06 clkbuf_leaf_60_core_clk
 4.117396e-06 2.118765e-06 7.179708e-12 6.236169e-06 clkbuf_leaf_337_core_clk
 7.429318e-07 5.486649e-06 4.696032e-12 6.229585e-06 fanout3758
 4.122860e-06 2.094030e-06 7.179708e-12 6.216897e-06 clkbuf_leaf_217_core_clk
 7.129287e-07 5.501321e-06 1.192965e-11 6.214261e-06 fanout1755
 4.131729e-06 2.080388e-06 7.179708e-12 6.212123e-06 clkbuf_leaf_118_core_clk
 4.134887e-06 2.061966e-06 7.179708e-12 6.196860e-06 clkbuf_leaf_529_core_clk
 4.109494e-06 2.082816e-06 7.179708e-12 6.192317e-06 clkbuf_leaf_64_core_clk
 4.118122e-06 2.065475e-06 7.179708e-12 6.183604e-06 clkbuf_leaf_380_core_clk
 5.327974e-07 5.638898e-06 1.107135e-11 6.171706e-06 fanout775
 4.131859e-06 2.038358e-06 7.179708e-12 6.170224e-06 clkbuf_leaf_410_core_clk
 4.120209e-06 2.031150e-06 7.179708e-12 6.151367e-06 clkbuf_leaf_389_core_clk
 4.123956e-06 2.023003e-06 7.179708e-12 6.146966e-06 clkbuf_leaf_270_core_clk
 4.123738e-06 2.019983e-06 7.179708e-12 6.143728e-06 clkbuf_leaf_269_core_clk
 4.106212e-06 2.034433e-06 7.179708e-12 6.140653e-06 clkbuf_leaf_194_core_clk
 4.114055e-06 2.015799e-06 7.179708e-12 6.129862e-06 clkbuf_leaf_377_core_clk
 4.129292e-06 1.996601e-06 7.179708e-12 6.125900e-06 clkbuf_leaf_530_core_clk
 4.114361e-06 2.002879e-06 7.179708e-12 6.117247e-06 clkbuf_leaf_474_core_clk
 4.128896e-06 1.981695e-06 7.179708e-12 6.110598e-06 clkbuf_leaf_416_core_clk
 4.117311e-06 1.987478e-06 7.179708e-12 6.104796e-06 clkbuf_leaf_51_core_clk
 7.414715e-07 5.350242e-06 4.696032e-12 6.091718e-06 fanout3733
 5.612341e-07 5.517364e-06 1.339531e-11 6.078611e-06 wire549
 4.101219e-06 1.976014e-06 7.179708e-12 6.077240e-06 clkbuf_leaf_59_core_clk
 4.127854e-06 1.940957e-06 7.179708e-12 6.068818e-06 clkbuf_leaf_455_core_clk
 4.131544e-06 1.936587e-06 7.179708e-12 6.068139e-06 clkbuf_leaf_415_core_clk
 4.130166e-06 1.920422e-06 7.179708e-12 6.050594e-06 clkbuf_leaf_412_core_clk
 4.123656e-06 1.920032e-06 7.179708e-12 6.043695e-06 clkbuf_leaf_403_core_clk
 4.115498e-06 1.923577e-06 7.179708e-12 6.039082e-06 clkbuf_leaf_272_core_clk
 4.110239e-06 1.917457e-06 7.179708e-12 6.027703e-06 clkbuf_leaf_226_core_clk
 4.109577e-06 1.903178e-06 7.179708e-12 6.012762e-06 clkbuf_leaf_407_core_clk
 4.115673e-06 1.890987e-06 7.179708e-12 6.006667e-06 clkbuf_leaf_121_core_clk
 4.097518e-06 1.906884e-06 7.179708e-12 6.004409e-06 clkbuf_leaf_183_core_clk
 7.656132e-07 5.208233e-06 1.157725e-11 5.973857e-06 fanout1093
 7.880075e-07 5.170587e-06 1.304374e-11 5.958608e-06 fanout2077
 4.291707e-07 5.491844e-06 4.431431e-12 5.921019e-06 wire424
 4.089657e-06 1.826236e-06 7.179708e-12 5.915900e-06 clkbuf_leaf_62_core_clk
 4.089963e-06 1.823865e-06 7.179708e-12 5.913836e-06 clkbuf_leaf_195_core_clk
 4.113190e-06 1.797648e-06 7.179708e-12 5.910845e-06 clkbuf_leaf_516_core_clk
 7.440777e-07 5.156369e-06 4.696032e-12 5.900451e-06 fanout3732
 4.088430e-06 1.810448e-06 7.179708e-12 5.898885e-06 clkbuf_leaf_63_core_clk
 7.462405e-07 5.151736e-06 4.696032e-12 5.897981e-06 fanout3791
 6.394516e-07 5.198574e-06 4.480999e-12 5.838031e-06 fanout525
 7.423210e-07 5.092804e-06 4.696032e-12 5.835129e-06 fanout3743
 4.104617e-06 1.717298e-06 7.179708e-12 5.821923e-06 clkbuf_leaf_425_core_clk
 4.095121e-06 1.726150e-06 7.179708e-12 5.821279e-06 clkbuf_leaf_386_core_clk
 4.080530e-06 1.731663e-06 7.179708e-12 5.812200e-06 clkbuf_leaf_97_core_clk
 4.096249e-06 1.692568e-06 7.179708e-12 5.788824e-06 clkbuf_leaf_273_core_clk
 4.101922e-06 1.685694e-06 7.179708e-12 5.787623e-06 clkbuf_leaf_431_core_clk
 4.078187e-06 1.708468e-06 7.179708e-12 5.786662e-06 clkbuf_leaf_186_core_clk
 4.102702e-06 1.674610e-06 7.179708e-12 5.777320e-06 clkbuf_leaf_517_core_clk
 4.080031e-06 1.696521e-06 7.179708e-12 5.776559e-06 clkbuf_leaf_193_core_clk
 4.081654e-06 1.692694e-06 7.179708e-12 5.774356e-06 clkbuf_leaf_347_core_clk
 4.100383e-06 1.647882e-06 7.179708e-12 5.748272e-06 clkbuf_leaf_533_core_clk
 4.077890e-06 1.668588e-06 7.179708e-12 5.746485e-06 clkbuf_leaf_196_core_clk
 4.085136e-06 1.659246e-06 7.179708e-12 5.744389e-06 clkbuf_leaf_379_core_clk
 4.099946e-06 1.642763e-06 7.179708e-12 5.742717e-06 clkbuf_leaf_515_core_clk
 4.092730e-06 1.647375e-06 7.179708e-12 5.740112e-06 clkbuf_leaf_265_core_clk
 4.074908e-06 1.663714e-06 7.179708e-12 5.738629e-06 clkbuf_leaf_184_core_clk
 4.949791e-07 5.215996e-06 1.102596e-11 5.710986e-06 max_cap569
 6.046650e-07 5.084476e-06 1.119102e-11 5.689152e-06 fanout998
 4.088251e-06 1.593435e-06 7.179708e-12 5.681693e-06 clkbuf_leaf_277_core_clk
 4.079853e-06 1.594068e-06 7.179708e-12 5.673929e-06 clkbuf_leaf_378_core_clk
 7.464853e-07 4.924485e-06 4.696032e-12 5.670975e-06 fanout3395
 7.471754e-07 4.920043e-06 4.696032e-12 5.667223e-06 fanout3779
 7.466064e-07 4.904420e-06 4.696032e-12 5.651031e-06 fanout3449
 5.269003e-07 5.120447e-06 1.101936e-11 5.647359e-06 fanout510
 5.746081e-07 5.062633e-06 1.238273e-11 5.637253e-06 fanout1680
 7.496907e-07 4.885610e-06 4.530320e-12 5.635305e-06 fanout742
 5.385008e-07 5.083109e-06 1.354633e-11 5.621623e-06 fanout614
 4.095787e-06 1.524557e-06 7.179708e-12 5.620351e-06 clkbuf_leaf_414_core_clk
 5.768347e-07 5.030454e-06 1.248176e-11 5.607301e-06 fanout988
 4.070119e-06 1.530029e-06 7.179708e-12 5.600155e-06 clkbuf_leaf_320_core_clk
 4.067905e-06 1.518028e-06 7.179708e-12 5.585940e-06 clkbuf_leaf_348_core_clk
 4.066848e-06 1.515079e-06 7.179708e-12 5.581935e-06 clkbuf_leaf_179_core_clk
 7.453702e-07 4.807592e-06 4.696032e-12 5.552967e-06 fanout3768
 7.528607e-07 4.788429e-06 4.696032e-12 5.541294e-06 fanout3397
 7.469218e-07 4.794253e-06 4.696032e-12 5.541179e-06 fanout969
 7.462483e-07 4.784470e-06 4.530320e-12 5.530723e-06 fanout716
 7.504494e-07 4.770043e-06 4.696032e-12 5.520497e-06 fanout3800
 7.506837e-07 4.754367e-06 4.671371e-12 5.505055e-06 fanout695
 7.499033e-07 4.754400e-06 4.696032e-12 5.504308e-06 fanout3723
 4.610042e-07 5.024967e-06 1.099295e-11 5.485982e-06 fanout771
 7.463944e-07 4.707163e-06 4.530320e-12 5.453563e-06 fanout745
 4.058059e-06 1.393571e-06 7.179708e-12 5.451638e-06 clkbuf_leaf_346_core_clk
 7.490097e-07 4.694986e-06 4.696032e-12 5.444000e-06 fanout3714
 7.474025e-07 4.686858e-06 4.696032e-12 5.434264e-06 fanout3442
 7.480580e-07 4.668268e-06 4.696032e-12 5.416330e-06 fanout3439
 7.465682e-07 4.644322e-06 4.696032e-12 5.390894e-06 fanout3409
 7.476111e-07 4.640719e-06 4.696032e-12 5.388335e-06 fanout3780
 4.054399e-06 1.332448e-06 7.179708e-12 5.386854e-06 clkbuf_leaf_319_core_clk
 4.071589e-06 1.310185e-06 7.179708e-12 5.381781e-06 clkbuf_leaf_523_core_clk
 7.460091e-07 4.635322e-06 4.696032e-12 5.381336e-06 fanout3728
 7.479119e-07 4.630201e-06 4.671371e-12 5.378118e-06 fanout691
 7.509508e-07 4.625309e-06 4.696032e-12 5.376265e-06 fanout3431
 7.493471e-07 4.624724e-06 4.696032e-12 5.374075e-06 fanout3716
 4.265362e-07 4.945756e-06 1.371799e-11 5.372306e-06 fanout1027
 7.497854e-07 4.621769e-06 4.671371e-12 5.371559e-06 fanout674
 4.064083e-06 1.305506e-06 7.179708e-12 5.369596e-06 clkbuf_leaf_271_core_clk
 7.483165e-07 4.615748e-06 4.507934e-12 5.364069e-06 fanout1767
 7.455912e-07 4.601444e-06 4.696032e-12 5.347039e-06 fanout3795
 7.497598e-07 4.592220e-06 4.696032e-12 5.341984e-06 fanout3461
 8.547644e-07 4.482383e-06 4.546127e-12 5.337152e-06 fanout633
 7.442719e-07 4.573806e-06 4.696032e-12 5.318082e-06 fanout3741
 7.490872e-07 4.567792e-06 4.671371e-12 5.316883e-06 fanout655
 7.496222e-07 4.558523e-06 4.696032e-12 5.308150e-06 fanout3717
 7.496375e-07 4.554433e-06 4.696032e-12 5.304074e-06 fanout3475
 7.471630e-07 4.540275e-06 4.696032e-12 5.287442e-06 fanout3447
 7.482358e-07 4.530920e-06 4.696032e-12 5.279161e-06 fanout3407
 7.516984e-07 4.512287e-06 4.696032e-12 5.263990e-06 fanout3797
 7.499543e-07 4.511540e-06 4.671371e-12 5.261499e-06 fanout660
 7.486302e-07 4.499788e-06 4.696032e-12 5.248422e-06 fanout3713
 7.443364e-07 4.502477e-06 4.671371e-12 5.246818e-06 fanout656
 7.486033e-07 4.490786e-06 4.671371e-12 5.239393e-06 fanout684
 7.478288e-07 4.467889e-06 4.696032e-12 5.215722e-06 fanout3720
 7.471437e-07 4.465738e-06 4.671371e-12 5.212886e-06 fanout683
 7.490094e-07 4.461833e-06 4.696032e-12 5.210847e-06 fanout3784
 4.062932e-06 1.146570e-06 7.179708e-12 5.209509e-06 clkbuf_leaf_409_core_clk
 7.487538e-07 4.460435e-06 4.696032e-12 5.209194e-06 fanout3494
 7.472819e-07 4.460959e-06 4.671371e-12 5.208246e-06 fanout701
 7.481350e-07 4.438616e-06 4.696032e-12 5.186756e-06 fanout3787
 7.532028e-07 4.428788e-06 4.671371e-12 5.181995e-06 fanout226
 4.054679e-06 1.111859e-06 7.179708e-12 5.166545e-06 clkbuf_leaf_532_core_clk
 7.504025e-07 4.413638e-06 4.671371e-12 5.164045e-06 fanout661
 7.444487e-07 4.417339e-06 4.671371e-12 5.161793e-06 fanout653
 7.542588e-07 4.405239e-06 4.671371e-12 5.159503e-06 fanout208
 7.488036e-07 4.392389e-06 4.671371e-12 5.141197e-06 fanout662
 7.450412e-07 4.393037e-06 4.696032e-12 5.138083e-06 fanout3719
 7.486581e-07 4.386469e-06 4.696032e-12 5.135132e-06 fanout3443
 7.517290e-07 4.382342e-06 4.696032e-12 5.134076e-06 fanout3501
 7.464212e-07 4.385574e-06 4.696032e-12 5.132000e-06 fanout3773
 7.489987e-07 4.382608e-06 4.696032e-12 5.131611e-06 fanout3480
 7.486464e-07 4.377982e-06 4.505659e-12 5.126633e-06 fanout2050
 7.492089e-07 4.353150e-06 4.696032e-12 5.102363e-06 fanout3476
 7.491407e-07 4.350208e-06 4.696032e-12 5.099353e-06 fanout3463
 7.526413e-07 4.345249e-06 4.696032e-12 5.097895e-06 fanout3484
 7.483393e-07 4.338362e-06 4.530320e-12 5.086706e-06 fanout741
 7.484588e-07 4.325134e-06 4.696032e-12 5.073597e-06 fanout3489
 3.420271e-07 4.721707e-06 7.026149e-12 5.063741e-06 fanout941
 7.525270e-07 4.308712e-06 4.671371e-12 5.061243e-06 fanout217
 4.775798e-07 4.569463e-06 1.098965e-11 5.047054e-06 fanout595
 7.509425e-07 4.295430e-06 4.696032e-12 5.046377e-06 fanout3459
 7.497028e-07 4.292525e-06 4.696032e-12 5.042233e-06 fanout3789
 7.538373e-07 4.285310e-06 4.530320e-12 5.039152e-06 fanout718
 7.516027e-07 4.273683e-06 4.696032e-12 5.025290e-06 fanout3458
 7.510880e-07 4.256970e-06 4.671371e-12 5.008063e-06 fanout705
 7.491543e-07 4.249298e-06 4.696032e-12 4.998457e-06 fanout3394
 7.495407e-07 4.246123e-06 4.696032e-12 4.995668e-06 fanout3468
 7.522117e-07 4.230654e-06 4.696032e-12 4.982870e-06 fanout3725
 7.512185e-07 4.224042e-06 4.696032e-12 4.975265e-06 fanout3500
 7.488565e-07 4.216763e-06 4.696032e-12 4.965624e-06 fanout3721
 7.527808e-07 4.212661e-06 4.696032e-12 4.965446e-06 fanout3432
 7.497037e-07 4.209890e-06 4.696032e-12 4.959598e-06 fanout3467
 7.485774e-07 4.197196e-06 4.696032e-12 4.945778e-06 fanout3448
 7.511127e-07 4.191915e-06 4.696032e-12 4.943032e-06 fanout3472
 7.561007e-07 4.179797e-06 4.671371e-12 4.935902e-06 fanout288
 7.502271e-07 4.175019e-06 4.696032e-12 4.925251e-06 fanout3794
 7.497884e-07 4.171100e-06 4.696032e-12 4.920892e-06 fanout3404
 7.490946e-07 4.164804e-06 4.696032e-12 4.913903e-06 fanout3726
 7.500573e-07 4.151405e-06 4.696032e-12 4.901467e-06 fanout3734
 7.503146e-07 4.147279e-06 4.696032e-12 4.897598e-06 fanout3469
 7.522506e-07 4.143310e-06 4.671371e-12 4.895566e-06 fanout651
 7.516974e-07 4.138722e-06 4.671371e-12 4.890424e-06 fanout698
 7.509266e-07 4.138817e-06 4.696032e-12 4.889748e-06 fanout3412
 4.368876e-07 4.444354e-06 1.092198e-11 4.881253e-06 fanout572
 7.501149e-07 4.128063e-06 4.696032e-12 4.878182e-06 fanout3506
 7.546408e-07 4.119716e-06 4.530320e-12 4.874362e-06 fanout711
 7.500968e-07 4.120025e-06 4.696032e-12 4.870126e-06 fanout3405
 7.508283e-07 4.117962e-06 4.696032e-12 4.868795e-06 fanout3474
 7.486705e-07 4.120058e-06 4.530320e-12 4.868733e-06 fanout744
 7.517506e-07 4.105531e-06 4.696032e-12 4.857287e-06 fanout3508
 7.511516e-07 4.090527e-06 4.696032e-12 4.841684e-06 fanout3433
 7.584950e-07 4.053049e-06 4.671371e-12 4.811548e-06 fanout281
 7.520289e-07 4.057208e-06 4.696032e-12 4.809242e-06 fanout3460
 7.503852e-07 4.041231e-06 4.696032e-12 4.791620e-06 fanout3415
 7.163264e-07 4.064154e-06 1.256342e-11 4.780493e-06 fanout548
 7.505628e-07 4.029011e-06 4.696032e-12 4.779578e-06 fanout3798
 7.506856e-07 4.027509e-06 4.696032e-12 4.778200e-06 fanout3715
 7.504700e-07 4.022577e-06 4.696032e-12 4.773052e-06 fanout3416
 7.505309e-07 4.013712e-06 4.696032e-12 4.764247e-06 fanout3441
 7.506379e-07 4.011001e-06 4.696032e-12 4.761643e-06 fanout3410
 7.516601e-07 4.007752e-06 4.671371e-12 4.759416e-06 fanout700
 7.511466e-07 4.003328e-06 4.671371e-12 4.754480e-06 fanout221
 7.504390e-07 3.971855e-06 4.696032e-12 4.722298e-06 fanout3445
 7.498531e-07 3.968602e-06 4.696032e-12 4.718460e-06 fanout3453
 7.498494e-07 3.965956e-06 4.696032e-12 4.715810e-06 fanout3735
 7.503139e-07 3.963308e-06 4.696032e-12 4.713627e-06 fanout3488
 4.713374e-07 4.233007e-06 1.097397e-11 4.704355e-06 fanout565
 7.507369e-07 3.949572e-06 4.696032e-12 4.700313e-06 fanout3497
 7.545770e-07 3.944439e-06 4.696032e-12 4.699020e-06 fanout3428
 7.491489e-07 3.943656e-06 4.671371e-12 4.692809e-06 fanout677
 7.545565e-07 3.933256e-06 4.671371e-12 4.687817e-06 fanout670
 7.536029e-07 3.924940e-06 4.696032e-12 4.678548e-06 fanout3464
 7.535920e-07 3.910908e-06 4.696032e-12 4.664505e-06 fanout3724
 7.511193e-07 3.909037e-06 4.696032e-12 4.660161e-06 fanout3451
 7.566993e-07 3.895549e-06 1.288363e-11 4.652261e-06 fanout1022
 7.509702e-07 3.888556e-06 4.696032e-12 4.639531e-06 fanout3401
 7.538376e-07 3.875482e-06 4.696032e-12 4.629323e-06 fanout3502
 7.497435e-07 3.877938e-06 4.505659e-12 4.627686e-06 fanout2044
 7.527511e-07 3.863836e-06 4.696032e-12 4.616591e-06 fanout3499
 7.552420e-07 3.853971e-06 4.696032e-12 4.609218e-06 fanout3426
 7.471419e-07 3.857671e-06 4.696032e-12 4.604818e-06 fanout3712
 7.541811e-07 3.792827e-06 4.696032e-12 4.547012e-06 fanout3504
 7.537117e-07 3.772918e-06 4.671371e-12 4.526635e-06 fanout243
 7.505931e-07 3.761733e-06 4.530320e-12 4.512331e-06 fanout727
 7.009949e-07 3.786697e-06 1.251803e-11 4.487705e-06 fanout586
 7.517748e-07 3.726945e-06 4.696032e-12 4.478724e-06 fanout3478
 7.532605e-07 3.710040e-06 4.671371e-12 4.463305e-06 fanout194
 7.530474e-07 3.694565e-06 4.696032e-12 4.447617e-06 fanout3493
 7.530706e-07 3.694176e-06 4.671371e-12 4.447251e-06 fanout650
 7.509291e-07 3.696233e-06 4.696032e-12 4.447167e-06 fanout3455
 7.592920e-07 3.671146e-06 4.671371e-12 4.430442e-06 fanout319
 7.520751e-07 3.674556e-06 4.530320e-12 4.426635e-06 fanout721
 7.548529e-07 3.667258e-06 4.696032e-12 4.422115e-06 fanout3403
 7.591717e-07 3.649278e-06 4.671371e-12 4.408455e-06 fanout219
 7.552151e-07 3.646746e-06 4.671371e-12 4.401966e-06 fanout256
 7.520109e-07 3.639940e-06 4.696032e-12 4.391955e-06 fanout3436
 7.521609e-07 3.638869e-06 4.671371e-12 4.391034e-06 fanout275
 7.505937e-07 3.637489e-06 4.671371e-12 4.388088e-06 fanout709
 7.520757e-07 3.635715e-06 4.696032e-12 4.387795e-06 fanout3406
 7.733206e-07 3.610912e-06 4.671371e-12 4.384237e-06 fanout200
 7.498643e-07 3.613799e-06 4.696032e-12 4.363668e-06 fanout3754
 7.513869e-07 3.588996e-06 4.530320e-12 4.340387e-06 fanout270
 7.550981e-07 3.576859e-06 4.696032e-12 4.331962e-06 fanout3465
 7.524519e-07 3.572378e-06 4.696032e-12 4.324834e-06 fanout3422
 7.524192e-07 3.568325e-06 4.671371e-12 4.320749e-06 fanout685
 7.561524e-07 3.546376e-06 4.696032e-12 4.302533e-06 fanout3487
 7.525808e-07 3.535171e-06 4.671371e-12 4.287756e-06 fanout272
 7.524771e-07 3.511511e-06 4.671371e-12 4.263993e-06 fanout300
 7.572469e-07 3.489612e-06 4.671371e-12 4.246864e-06 fanout228
 7.640419e-07 3.463788e-06 4.505659e-12 4.227834e-06 fanout267
 7.572974e-07 3.413961e-06 4.671371e-12 4.171263e-06 fanout201
 7.566414e-07 3.403506e-06 4.671371e-12 4.160152e-06 fanout696
 7.521617e-07 3.406202e-06 4.696032e-12 4.158368e-06 fanout3739
 7.437142e-07 3.405067e-06 1.268061e-11 4.148794e-06 max_cap816
 7.585863e-07 3.380504e-06 4.696032e-12 4.139095e-06 fanout3477
 7.524791e-07 3.355685e-06 4.671371e-12 4.108168e-06 fanout269
 4.101074e-07 3.689488e-06 1.089557e-11 4.099606e-06 fanout792
 7.608880e-07 3.305035e-06 4.671371e-12 4.065928e-06 fanout196
 2.994236e-07 3.750238e-06 7.308888e-12 4.049669e-06 fanout2160
 7.533746e-07 3.294889e-06 4.696032e-12 4.048268e-06 fanout3759
 7.594348e-07 3.252621e-06 4.696032e-12 4.012060e-06 fanout3402
 3.994299e-06 0.000000e+00 7.179708e-12 3.994307e-06 clkload218
 3.992513e-06 0.000000e+00 7.179708e-12 3.992520e-06 clkload327
 3.992230e-06 0.000000e+00 7.179708e-12 3.992237e-06 clkload324
 3.991026e-06 0.000000e+00 7.179708e-12 3.991034e-06 clkload268
 3.990981e-06 0.000000e+00 7.179708e-12 3.990989e-06 clkload326
 3.990863e-06 0.000000e+00 7.179708e-12 3.990870e-06 clkload267
 3.990247e-06 0.000000e+00 7.179708e-12 3.990254e-06 clkload133
 3.990236e-06 0.000000e+00 7.179708e-12 3.990243e-06 clkload207
 3.989380e-06 0.000000e+00 7.179708e-12 3.989387e-06 clkload265
 3.988469e-06 0.000000e+00 7.179708e-12 3.988476e-06 clkload132
 3.988296e-06 0.000000e+00 7.179708e-12 3.988303e-06 clkload269
 3.987966e-06 0.000000e+00 7.179708e-12 3.987973e-06 clkload162
 3.987507e-06 0.000000e+00 7.179708e-12 3.987514e-06 clkload163
 3.987430e-06 0.000000e+00 7.179708e-12 3.987438e-06 clkload266
 3.986480e-06 0.000000e+00 7.179708e-12 3.986487e-06 clkload81
 3.986319e-06 0.000000e+00 7.179708e-12 3.986326e-06 clkload217
 2.657449e-07 3.720239e-06 7.408843e-12 3.985991e-06 fanout1930
 3.985820e-06 0.000000e+00 7.179708e-12 3.985827e-06 clkload321
 3.984911e-06 0.000000e+00 7.179708e-12 3.984919e-06 clkload397
 3.984718e-06 0.000000e+00 7.179708e-12 3.984725e-06 clkload240
 3.984573e-06 0.000000e+00 7.179708e-12 3.984580e-06 clkload282
 3.984467e-06 0.000000e+00 7.179708e-12 3.984474e-06 clkload230
 3.984222e-06 0.000000e+00 7.179708e-12 3.984229e-06 clkload177
 3.983562e-06 0.000000e+00 7.179708e-12 3.983569e-06 clkload206
 3.982841e-06 0.000000e+00 7.179708e-12 3.982848e-06 clkload172
 3.982267e-06 0.000000e+00 7.179708e-12 3.982274e-06 clkload271
 3.981569e-06 0.000000e+00 7.179708e-12 3.981576e-06 clkload160
 3.981520e-06 0.000000e+00 7.179708e-12 3.981528e-06 clkload77
 3.981459e-06 0.000000e+00 7.179708e-12 3.981466e-06 clkload142
 3.981312e-06 0.000000e+00 7.179708e-12 3.981319e-06 clkload242
 3.980870e-06 0.000000e+00 7.179708e-12 3.980877e-06 clkload169
 3.980771e-06 0.000000e+00 7.179708e-12 3.980779e-06 clkload241
 3.980545e-06 0.000000e+00 7.179708e-12 3.980553e-06 clkload301
 3.980500e-06 0.000000e+00 7.179708e-12 3.980508e-06 clkload108
 3.980474e-06 0.000000e+00 7.179708e-12 3.980481e-06 clkload225
 3.980461e-06 0.000000e+00 7.179708e-12 3.980469e-06 clkload245
 3.979610e-06 0.000000e+00 7.179708e-12 3.979617e-06 clkload175
 3.979404e-06 0.000000e+00 7.179708e-12 3.979411e-06 clkload143
 7.726501e-07 3.206452e-06 4.671371e-12 3.979106e-06 fanout218
 3.978751e-06 0.000000e+00 7.179708e-12 3.978759e-06 clkload332
 3.978601e-06 0.000000e+00 7.179708e-12 3.978608e-06 clkload244
 3.977274e-06 0.000000e+00 7.179708e-12 3.977281e-06 clkload223
 3.977066e-06 0.000000e+00 7.179708e-12 3.977073e-06 clkload246
 3.976557e-06 0.000000e+00 7.179708e-12 3.976565e-06 clkload342
 3.976427e-06 0.000000e+00 7.179708e-12 3.976434e-06 clkload388
 3.975946e-06 0.000000e+00 7.179708e-12 3.975953e-06 clkload251
 3.975050e-06 0.000000e+00 7.179708e-12 3.975057e-06 clkload105
 3.974924e-06 0.000000e+00 7.179708e-12 3.974932e-06 clkload279
 3.974914e-06 0.000000e+00 7.179708e-12 3.974921e-06 clkload152
 3.974852e-06 0.000000e+00 7.179708e-12 3.974859e-06 clkload183
 3.974741e-06 0.000000e+00 7.179708e-12 3.974748e-06 clkload212
 3.974516e-06 0.000000e+00 7.179708e-12 3.974523e-06 clkload75
 3.974177e-06 0.000000e+00 7.179708e-12 3.974184e-06 clkload147
 3.974089e-06 0.000000e+00 7.179708e-12 3.974096e-06 clkload334
 3.973269e-06 0.000000e+00 7.179708e-12 3.973277e-06 clkload382
 3.973174e-06 0.000000e+00 7.179708e-12 3.973181e-06 clkload254
 3.972730e-06 0.000000e+00 7.179708e-12 3.972737e-06 clkload156
 3.972625e-06 0.000000e+00 7.179708e-12 3.972632e-06 clkload238
 3.972257e-06 0.000000e+00 7.179708e-12 3.972264e-06 clkload209
 3.971892e-06 0.000000e+00 7.179708e-12 3.971899e-06 clkload392
 3.971790e-06 0.000000e+00 7.179708e-12 3.971797e-06 clkload126
 3.971781e-06 0.000000e+00 7.179708e-12 3.971788e-06 clkload420
 3.971556e-06 0.000000e+00 7.179708e-12 3.971563e-06 clkload389
 3.971187e-06 0.000000e+00 7.179708e-12 3.971194e-06 clkload363
 3.970275e-06 0.000000e+00 7.179708e-12 3.970283e-06 clkload431
 3.970032e-06 0.000000e+00 7.179708e-12 3.970039e-06 clkload130
 3.969259e-06 0.000000e+00 7.179708e-12 3.969266e-06 clkload435
 3.968066e-06 0.000000e+00 7.179708e-12 3.968074e-06 clkload425
 3.947171e-06 0.000000e+00 7.179708e-12 3.947178e-06 clkload20
 3.944946e-06 0.000000e+00 7.179708e-12 3.944954e-06 clkload2
 3.944403e-06 0.000000e+00 7.179708e-12 3.944410e-06 clkload15
 3.944238e-06 0.000000e+00 7.179708e-12 3.944245e-06 clkload19
 3.938988e-06 0.000000e+00 7.179708e-12 3.938995e-06 clkload54
 3.938502e-06 0.000000e+00 7.179708e-12 3.938510e-06 clkload46
 3.937786e-06 0.000000e+00 7.179708e-12 3.937794e-06 clkload39
 3.347832e-07 3.551122e-06 7.026149e-12 3.885913e-06 fanout939
 2.948830e-07 3.454652e-06 7.000906e-12 3.749542e-06 fanout1909
 3.365118e-07 3.405503e-06 7.171221e-12 3.742022e-06 fanout1999
 4.728017e-07 3.260035e-06 4.439076e-12 3.732841e-06 wire432
 5.357415e-07 3.184956e-06 1.106392e-11 3.720708e-06 fanout834
 4.458547e-07 3.197194e-06 1.366930e-11 3.643063e-06 fanout1852
 3.112544e-07 3.330374e-06 7.308888e-12 3.641635e-06 fanout2161
 4.209577e-07 3.217738e-06 4.324590e-12 3.638700e-06 fanout3790
 3.827117e-07 3.227891e-06 1.083285e-11 3.610614e-06 fanout852
 3.316352e-07 3.258383e-06 7.158020e-12 3.590025e-06 fanout1883
 7.630512e-07 2.766160e-06 4.696032e-12 3.529216e-06 fanout3736
 4.822000e-07 2.989789e-06 1.099625e-11 3.472000e-06 fanout567
 5.416485e-07 2.924986e-06 1.334084e-11 3.466648e-06 fanout599
 4.207097e-07 3.017507e-06 4.324590e-12 3.438221e-06 fanout3729
 3.077094e-07 3.085632e-06 7.349073e-12 3.393348e-06 fanout938
 4.012921e-07 2.934039e-06 1.064386e-11 3.335341e-06 fanout1486
 7.619042e-07 2.569065e-06 4.671371e-12 3.330974e-06 fanout205
 4.224705e-07 2.835951e-06 4.324590e-12 3.258426e-06 fanout3771
 3.353453e-07 2.847704e-06 7.158020e-12 3.183056e-06 fanout1877
 3.570454e-07 2.814058e-06 7.120736e-12 3.171110e-06 fanout1756
 4.226164e-07 2.737328e-06 4.324590e-12 3.159948e-06 fanout3745
 4.226130e-07 2.714948e-06 4.324590e-12 3.137565e-06 fanout3722
 4.228453e-07 2.695822e-06 4.324590e-12 3.118672e-06 fanout3767
 4.225943e-07 2.638889e-06 4.324590e-12 3.061487e-06 fanout3457
 4.220485e-07 2.623834e-06 4.324590e-12 3.045887e-06 fanout3454
 3.022460e-07 2.678751e-06 1.076270e-11 2.981008e-06 fanout974
 4.225385e-07 2.558374e-06 4.324590e-12 2.980916e-06 fanout3418
 2.687715e-07 2.695466e-06 7.408843e-12 2.964245e-06 fanout1932
 4.254371e-07 2.519555e-06 4.280348e-12 2.944997e-06 fanout708
 4.843554e-07 2.451997e-06 1.099543e-11 2.936364e-06 fanout809
 3.175757e-07 2.604773e-06 4.403784e-12 2.922353e-06 wire468
 4.242691e-07 2.447135e-06 4.027295e-12 2.871408e-06 fanout723
 3.587580e-07 2.503780e-06 1.083862e-11 2.862549e-06 fanout518
 1.253652e-07 2.655831e-06 4.787029e-12 2.781201e-06 fanout1943
 2.806315e-07 2.481029e-06 7.401444e-12 2.761668e-06 fanout2022
 3.751857e-07 2.359486e-06 7.256081e-12 2.734679e-06 fanout612
 4.228821e-07 2.302909e-06 4.324590e-12 2.725796e-06 fanout3456
 4.251947e-07 2.287385e-06 4.324590e-12 2.712584e-06 fanout3485
 3.983435e-07 2.276535e-06 1.088484e-11 2.674889e-06 fanout1127
 4.246821e-07 2.242073e-06 4.027295e-12 2.666759e-06 fanout725
 4.237368e-07 2.235350e-06 4.280348e-12 2.659091e-06 fanout667
 4.238151e-07 2.226769e-06 4.027295e-12 2.650589e-06 fanout738
 2.978973e-07 2.314542e-06 7.000906e-12 2.612446e-06 fanout1910
 2.859269e-07 2.317017e-06 7.173680e-12 2.602951e-06 fanout996
 3.836864e-07 2.199390e-06 7.058790e-12 2.583083e-06 fanout1092
 2.785130e-07 2.301836e-06 7.401444e-12 2.580357e-06 fanout2020
 4.241687e-07 2.156127e-06 4.324590e-12 2.580300e-06 fanout3762
 3.146163e-07 2.246393e-06 7.200809e-12 2.561016e-06 fanout3090
 2.940377e-07 2.257020e-06 6.979871e-12 2.551064e-06 fanout789
 1.658728e-07 2.381933e-06 4.731543e-12 2.547810e-06 fanout3276
 4.230247e-07 2.117206e-06 4.027295e-12 2.540235e-06 fanout746
 3.595024e-07 2.159010e-06 7.114209e-12 2.518519e-06 fanout1685
 1.935037e-07 2.318757e-06 4.697511e-12 2.512265e-06 hold1617
 3.257653e-07 2.184972e-06 7.188914e-12 2.510744e-06 fanout841
 4.253933e-07 2.079589e-06 4.324590e-12 2.504986e-06 fanout3505
 3.288920e-07 2.167000e-06 1.080314e-11 2.495903e-06 fanout587
 3.197463e-07 2.166172e-06 7.151202e-12 2.485926e-06 fanout1835
 3.567190e-07 2.117386e-06 7.086354e-12 2.474112e-06 fanout3389
 3.305851e-07 2.142652e-06 7.171221e-12 2.473244e-06 fanout2004
 4.576816e-07 1.975513e-06 1.369406e-11 2.433208e-06 fanout1989
 2.269879e-07 2.202059e-06 6.948681e-12 2.429054e-06 fanout1993
 3.137190e-07 2.115327e-06 7.178765e-12 2.429053e-06 fanout2168
 3.311796e-07 2.091494e-06 7.188914e-12 2.422681e-06 fanout843
 4.257233e-07 1.974493e-06 4.280348e-12 2.400220e-06 fanout257
 2.596914e-07 2.138992e-06 3.859838e-12 2.398687e-06 wire425
 2.853276e-07 2.087096e-06 3.877756e-12 2.372427e-06 wire377
 3.370203e-07 2.028546e-06 7.222280e-12 2.365574e-06 fanout1807
 3.797473e-07 1.977119e-06 7.320784e-12 2.356873e-06 fanout1094
 4.281377e-07 1.915675e-06 4.280348e-12 2.343817e-06 fanout197
 4.240883e-07 1.907821e-06 4.324590e-12 2.331914e-06 fanout3396
 3.368764e-07 1.979387e-06 7.026149e-12 2.316270e-06 fanout940
 2.367731e-07 2.073798e-06 7.418852e-12 2.310579e-06 fanout1012
 3.351686e-07 1.968933e-06 7.171221e-12 2.304108e-06 fanout2001
 6.990111e-08 2.229552e-06 4.193122e-12 2.299457e-06 _28355_
 3.319413e-07 1.956734e-06 7.222280e-12 2.288683e-06 fanout1808
 4.249317e-07 1.860626e-06 4.324590e-12 2.285562e-06 fanout3775
 3.314463e-07 1.951157e-06 7.169335e-12 2.282610e-06 fanout1812
 3.511030e-07 1.924061e-06 7.233015e-12 2.275171e-06 fanout1792
 3.848648e-07 1.877249e-06 7.316576e-12 2.262122e-06 fanout2057
 3.253982e-07 1.936644e-06 7.151202e-12 2.262049e-06 fanout1840
 3.347056e-07 1.915850e-06 7.171221e-12 2.250563e-06 fanout2000
 1.961502e-07 2.051341e-06 6.938816e-12 2.247498e-06 max_cap581
 4.235340e-07 1.818798e-06 4.324590e-12 2.242337e-06 fanout3770
 2.418107e-07 1.988222e-06 6.950566e-12 2.230040e-06 fanout1107
 3.526243e-07 1.873872e-06 7.086354e-12 2.226503e-06 fanout3368
 3.513850e-07 1.873727e-06 7.233015e-12 2.225119e-06 fanout1790
 3.542178e-07 1.860673e-06 7.233015e-12 2.214898e-06 fanout1791
 3.406303e-07 1.873006e-06 7.210238e-12 2.213643e-06 fanout1823
 2.608471e-07 1.947984e-06 3.859838e-12 2.208835e-06 wire426
 3.340510e-07 1.873728e-06 7.171221e-12 2.207786e-06 fanout2003
 2.712443e-07 1.935800e-06 7.405651e-12 2.207052e-06 fanout1114
 3.652069e-07 1.839764e-06 7.272185e-12 2.204979e-06 fanout1693
 4.286052e-07 1.769641e-06 4.280348e-12 2.198250e-06 fanout220
 3.782085e-07 1.815858e-06 7.062998e-12 2.194074e-06 fanout3313
 4.269890e-07 1.758227e-06 4.280348e-12 2.185221e-06 fanout229
 2.188076e-07 1.961329e-06 6.937365e-12 2.180144e-06 fanout861
 3.317306e-07 1.847363e-06 1.082954e-11 2.179105e-06 fanout571
 3.340121e-07 1.838564e-06 7.208353e-12 2.172584e-06 fanout2009
 1.658883e-07 2.003383e-06 4.455722e-12 2.169276e-06 wire509
 2.700570e-07 1.897859e-06 6.983498e-12 2.167923e-06 fanout1087
 3.302623e-07 1.836294e-06 7.222280e-12 2.166564e-06 fanout1801
 3.115639e-07 1.854661e-06 7.323685e-12 2.166232e-06 fanout788
 3.584052e-07 1.802266e-06 7.272185e-12 2.160679e-06 fanout1689
 4.253538e-07 1.733654e-06 4.324590e-12 2.159012e-06 fanout3473
 3.083684e-07 1.845840e-06 7.382004e-12 2.154215e-06 fanout1753
 3.816153e-07 1.771874e-06 7.316576e-12 2.153497e-06 fanout2068
 2.597361e-07 1.892363e-06 7.398252e-12 2.152106e-06 fanout1749
 4.270290e-07 1.716629e-06 4.280348e-12 2.143662e-06 fanout242
 3.127197e-07 1.830286e-06 7.005549e-12 2.143013e-06 fanout1682
 3.148880e-07 1.827648e-06 7.200809e-12 2.142543e-06 fanout3103
 3.868630e-07 1.752735e-06 7.316576e-12 2.139606e-06 fanout2056
 3.305791e-07 1.797974e-06 7.171221e-12 2.128560e-06 fanout2005
 5.755032e-07 1.542349e-06 4.738694e-12 2.117857e-06 wire429
 3.121513e-07 1.796612e-06 6.999021e-12 2.108770e-06 fanout1920
 2.147994e-07 1.885802e-06 1.068182e-11 2.100612e-06 fanout872
 3.182367e-07 1.775596e-06 7.151202e-12 2.093840e-06 fanout1838
 3.471303e-07 1.746674e-06 7.065754e-12 2.093812e-06 fanout3362
 4.266415e-07 1.640445e-06 4.280348e-12 2.067090e-06 fanout202
 3.178894e-07 1.747723e-06 7.228372e-12 2.065620e-06 fanout1841
 2.061314e-06 0.000000e+00 4.609412e-12 2.061319e-06 clkload164
 2.061288e-06 0.000000e+00 4.609412e-12 2.061293e-06 clkload56
 2.060537e-06 0.000000e+00 4.609412e-12 2.060542e-06 clkload55
 2.059879e-06 0.000000e+00 4.609412e-12 2.059883e-06 clkload166
 2.059878e-06 0.000000e+00 4.609412e-12 2.059882e-06 clkload322
 3.296483e-07 1.730085e-06 7.158020e-12 2.059740e-06 fanout1876
 2.059273e-06 0.000000e+00 4.609412e-12 2.059277e-06 clkload417
 2.059023e-06 0.000000e+00 4.609412e-12 2.059027e-06 clkload256
 2.058813e-06 0.000000e+00 4.609412e-12 2.058817e-06 clkload219
 2.058443e-06 0.000000e+00 4.609412e-12 2.058447e-06 clkload188
 2.058371e-06 0.000000e+00 4.609412e-12 2.058375e-06 clkload165
 2.058039e-06 0.000000e+00 4.609412e-12 2.058044e-06 clkload415
 2.058021e-06 0.000000e+00 4.609412e-12 2.058026e-06 clkload255
 2.057677e-06 0.000000e+00 4.609412e-12 2.057681e-06 clkload413
 2.057593e-06 0.000000e+00 4.609412e-12 2.057597e-06 clkload258
 4.247029e-07 1.632656e-06 4.324590e-12 2.057364e-06 fanout3437
 2.057100e-06 0.000000e+00 4.609412e-12 2.057105e-06 clkload325
 2.056473e-06 0.000000e+00 4.609412e-12 2.056477e-06 clkload323
 2.056452e-06 0.000000e+00 4.609412e-12 2.056456e-06 clkload257
 2.056382e-06 0.000000e+00 4.609412e-12 2.056386e-06 clkload272
 2.056258e-06 0.000000e+00 4.609412e-12 2.056262e-06 clkload187
 2.056133e-06 0.000000e+00 4.609412e-12 2.056138e-06 clkload144
 2.055830e-06 0.000000e+00 4.609412e-12 2.055835e-06 clkload320
 2.055607e-06 0.000000e+00 4.609412e-12 2.055612e-06 clkload221
 2.055395e-06 0.000000e+00 4.609412e-12 2.055400e-06 clkload270
 2.654859e-07 1.789835e-06 7.158448e-12 2.055328e-06 fanout982
 2.055189e-06 0.000000e+00 4.609412e-12 2.055194e-06 clkload222
 2.055150e-06 0.000000e+00 4.609412e-12 2.055155e-06 clkload220
 3.849986e-07 1.669754e-06 7.062998e-12 2.054760e-06 fanout3316
 2.054576e-06 0.000000e+00 4.609412e-12 2.054581e-06 clkload315
 2.054525e-06 0.000000e+00 4.609412e-12 2.054529e-06 clkload243
 2.054479e-06 0.000000e+00 4.609412e-12 2.054484e-06 clkload80
 2.054406e-06 0.000000e+00 4.609412e-12 2.054411e-06 clkload328
 2.054225e-06 0.000000e+00 4.609412e-12 2.054229e-06 clkload83
 2.054144e-06 0.000000e+00 4.609412e-12 2.054149e-06 clkload227
 2.053916e-06 0.000000e+00 4.609412e-12 2.053920e-06 clkload131
 2.053877e-06 0.000000e+00 4.609412e-12 2.053882e-06 clkload134
 2.053708e-06 0.000000e+00 4.609412e-12 2.053713e-06 clkload78
 2.053686e-06 0.000000e+00 4.609412e-12 2.053691e-06 clkload283
 2.053645e-06 0.000000e+00 4.609412e-12 2.053650e-06 clkload229
 2.053383e-06 0.000000e+00 4.609412e-12 2.053388e-06 clkload300
 2.053251e-06 0.000000e+00 4.609412e-12 2.053256e-06 clkload304
 2.053142e-06 0.000000e+00 4.609412e-12 2.053147e-06 clkload173
 2.053051e-06 0.000000e+00 4.609412e-12 2.053056e-06 clkload167
 2.053034e-06 0.000000e+00 4.609412e-12 2.053039e-06 clkload82
 2.052908e-06 0.000000e+00 4.609412e-12 2.052912e-06 clkload158
 2.052786e-06 0.000000e+00 4.609412e-12 2.052791e-06 clkload274
 2.052658e-06 0.000000e+00 4.609412e-12 2.052663e-06 clkload394
 2.052556e-06 0.000000e+00 4.609412e-12 2.052561e-06 clkload224
 2.052346e-06 0.000000e+00 4.609412e-12 2.052351e-06 clkload95
 2.052303e-06 0.000000e+00 4.609412e-12 2.052308e-06 clkload104
 2.052295e-06 0.000000e+00 4.609412e-12 2.052299e-06 clkload291
 2.052192e-06 0.000000e+00 4.609412e-12 2.052197e-06 clkload228
 2.052149e-06 0.000000e+00 4.609412e-12 2.052154e-06 clkload91
 2.052140e-06 0.000000e+00 4.609412e-12 2.052145e-06 clkload294
 2.052032e-06 0.000000e+00 4.609412e-12 2.052037e-06 clkload377
 2.052007e-06 0.000000e+00 4.609412e-12 2.052012e-06 clkload313
 2.051956e-06 0.000000e+00 4.609412e-12 2.051960e-06 clkload149
 2.051921e-06 0.000000e+00 4.609412e-12 2.051926e-06 clkload261
 2.051873e-06 0.000000e+00 4.609412e-12 2.051877e-06 clkload398
 2.051811e-06 0.000000e+00 4.609412e-12 2.051815e-06 clkload249
 2.051715e-06 0.000000e+00 4.609412e-12 2.051719e-06 clkload368
 2.051695e-06 0.000000e+00 4.609412e-12 2.051700e-06 clkload59
 2.051594e-06 0.000000e+00 4.609412e-12 2.051598e-06 clkload69
 2.051404e-06 0.000000e+00 4.609412e-12 2.051408e-06 clkload76
 2.051386e-06 0.000000e+00 4.609412e-12 2.051391e-06 clkload384
 2.051347e-06 0.000000e+00 4.609412e-12 2.051351e-06 clkload107
 2.051229e-06 0.000000e+00 4.609412e-12 2.051234e-06 clkload373
 2.051137e-06 0.000000e+00 4.609412e-12 2.051141e-06 clkload252
 2.051064e-06 0.000000e+00 4.609412e-12 2.051068e-06 clkload168
 2.051043e-06 0.000000e+00 4.609412e-12 2.051047e-06 clkload103
 2.050928e-06 0.000000e+00 4.609412e-12 2.050933e-06 clkload367
 2.050661e-06 0.000000e+00 4.609412e-12 2.050665e-06 clkload62
 2.050396e-06 0.000000e+00 4.609412e-12 2.050400e-06 clkload302
 2.050333e-06 0.000000e+00 4.609412e-12 2.050337e-06 clkload114
 2.050295e-06 0.000000e+00 4.609412e-12 2.050300e-06 clkload276
 2.050245e-06 0.000000e+00 4.609412e-12 2.050249e-06 clkload153
 2.050195e-06 0.000000e+00 4.609412e-12 2.050200e-06 clkload234
 2.050018e-06 0.000000e+00 4.609412e-12 2.050022e-06 clkload235
 2.048424e-06 0.000000e+00 4.609412e-12 2.048428e-06 clkload434
 2.048179e-06 0.000000e+00 4.609412e-12 2.048184e-06 clkload407
 2.047883e-06 0.000000e+00 4.609412e-12 2.047887e-06 clkload360
 2.047366e-06 0.000000e+00 4.609412e-12 2.047370e-06 clkload426
 2.046640e-06 0.000000e+00 4.609412e-12 2.046645e-06 clkload430
 1.467591e-07 1.891245e-06 7.428862e-12 2.038012e-06 fanout1047
 3.565874e-07 1.681415e-06 7.086354e-12 2.038009e-06 fanout3378
 3.581844e-07 1.668395e-06 7.086354e-12 2.026586e-06 fanout3366
 4.255484e-07 1.600814e-06 4.280348e-12 2.026367e-06 fanout212
 3.328695e-07 1.688202e-06 7.158020e-12 2.021078e-06 fanout1879
 4.334723e-07 1.580316e-06 4.280348e-12 2.013792e-06 fanout264
 3.041386e-07 1.709454e-06 1.077095e-11 2.013604e-06 fanout597
 1.443818e-07 1.868783e-06 4.433034e-12 2.013169e-06 hold1026
 2.644243e-07 1.744363e-06 7.158448e-12 2.008794e-06 fanout983
 3.302156e-07 1.672771e-06 7.171221e-12 2.002994e-06 fanout1998
 3.468005e-07 1.653469e-06 7.065754e-12 2.000277e-06 fanout3349
 3.173512e-07 1.680493e-06 7.228372e-12 1.997852e-06 fanout1844
 4.333757e-07 1.559333e-06 4.280348e-12 1.992713e-06 fanout232
 3.287695e-07 1.663893e-06 7.158020e-12 1.992670e-06 fanout1882
 3.563192e-07 1.635730e-06 7.086354e-12 1.992056e-06 fanout3392
 3.330301e-07 1.649501e-06 7.210238e-12 1.982538e-06 fanout1816
 3.234073e-07 1.650831e-06 7.190661e-12 1.974246e-06 fanout839
 2.801161e-07 1.692000e-06 6.976245e-12 1.972123e-06 fanout1130
 3.834839e-07 1.588528e-06 7.062998e-12 1.972019e-06 fanout3319
 1.857643e-07 1.786214e-06 1.064468e-11 1.971988e-06 fanout976
 4.237979e-07 1.547306e-06 4.324590e-12 1.971109e-06 fanout3755
 2.630932e-07 1.705316e-06 6.957240e-12 1.968417e-06 fanout617
 3.184848e-07 1.649911e-06 7.200809e-12 1.968403e-06 fanout3084
 2.979665e-07 1.661988e-06 7.378667e-12 1.959962e-06 fanout1897
 3.191130e-07 1.639824e-06 7.178765e-12 1.958945e-06 fanout2181
 3.517896e-07 1.606531e-06 7.065754e-12 1.958328e-06 fanout3337
 3.377311e-07 1.603171e-06 1.079901e-11 1.940913e-06 fanout602
 2.931800e-07 1.636242e-06 6.986980e-12 1.929429e-06 fanout1783
 3.169513e-07 1.607367e-06 7.200809e-12 1.924326e-06 fanout3092
 2.525914e-07 1.667165e-06 7.421608e-12 1.919764e-06 fanout1142
 2.149033e-07 1.693444e-06 3.824223e-12 1.908351e-06 wire401
 3.614366e-07 1.545216e-06 7.086354e-12 1.906659e-06 fanout3370
 3.163092e-07 1.583344e-06 7.178765e-12 1.899660e-06 fanout2192
 2.710855e-07 1.626115e-06 6.983498e-12 1.897207e-06 fanout1086
 3.257995e-07 1.561285e-06 4.401129e-12 1.887089e-06 wire430
 3.872859e-07 1.496510e-06 7.062998e-12 1.883803e-06 fanout3331
 2.673951e-07 1.615239e-06 6.981322e-12 1.882641e-06 fanout1748
 4.262996e-07 1.452523e-06 4.324590e-12 1.878827e-06 fanout3429
 2.964028e-07 1.571798e-06 7.378667e-12 1.868208e-06 fanout1901
 2.831908e-07 1.584386e-06 7.161785e-12 1.867584e-06 fanout993
 2.941424e-07 1.573223e-06 6.986980e-12 1.867373e-06 fanout1780
 3.184379e-07 1.548325e-06 7.151202e-12 1.866770e-06 fanout1834
 3.301182e-07 1.530702e-06 4.401129e-12 1.860825e-06 wire431
 2.705210e-07 1.580067e-06 6.973923e-12 1.850595e-06 fanout1121
 2.024168e-07 1.647127e-06 3.814490e-12 1.849548e-06 wire402
 4.040185e-07 1.439904e-06 1.085760e-11 1.843933e-06 fanout1647
 2.198516e-07 1.623812e-06 7.430313e-12 1.843671e-06 fanout1158
 2.866813e-07 1.549749e-06 6.982918e-12 1.836437e-06 fanout874
 4.257729e-07 1.407608e-06 4.324590e-12 1.833385e-06 fanout3503
 2.838492e-07 1.545649e-06 7.161785e-12 1.829506e-06 fanout990
 3.297688e-07 1.498458e-06 7.158020e-12 1.828234e-06 fanout1886
 1.898960e-07 1.637979e-06 6.930547e-12 1.827882e-06 fanout1967
 3.575212e-07 1.470080e-06 7.086354e-12 1.827608e-06 fanout3390
 3.175667e-07 1.500963e-06 7.151202e-12 1.818537e-06 fanout1830
 3.441361e-07 1.469699e-06 7.036014e-12 1.813842e-06 fanout3245
 2.668509e-07 1.514377e-06 7.405651e-12 1.781235e-06 fanout1112
 3.576023e-07 1.422680e-06 7.086354e-12 1.780289e-06 fanout3388
 2.798387e-07 1.488792e-06 6.976245e-12 1.768638e-06 fanout1134
 2.407979e-07 1.526380e-06 7.418852e-12 1.767185e-06 fanout1006
 3.561217e-07 1.405486e-06 7.086354e-12 1.761614e-06 fanout3386
 1.939579e-07 1.567309e-06 4.550171e-12 1.761271e-06 wire513
 2.798623e-07 1.478037e-06 6.976245e-12 1.757906e-06 fanout1133
 3.208201e-07 1.429287e-06 7.200809e-12 1.750114e-06 fanout3091
 2.493866e-07 1.482921e-06 6.957240e-12 1.732315e-06 fanout1870
 2.975471e-07 1.431929e-06 7.378667e-12 1.729484e-06 fanout1899
 2.488938e-07 1.476906e-06 6.957240e-12 1.725807e-06 fanout1874
 2.276741e-07 1.495041e-06 6.948681e-12 1.722722e-06 fanout1992
 2.794616e-07 1.443020e-06 7.401444e-12 1.722489e-06 fanout2025
 2.940636e-07 1.428014e-06 6.986980e-12 1.722085e-06 fanout1782
 2.669865e-07 1.444654e-06 7.405651e-12 1.711648e-06 fanout1110
 2.631718e-07 1.444259e-06 7.408843e-12 1.707438e-06 fanout1926
 2.626224e-07 1.439221e-06 7.408843e-12 1.701851e-06 fanout1929
 1.700173e-07 1.518293e-06 4.666563e-12 1.688315e-06 fanout779
 2.840426e-07 1.397041e-06 7.161785e-12 1.681091e-06 fanout992
 1.654613e-07 1.513124e-06 4.627846e-12 1.678590e-06 fanout1888
 2.645158e-07 1.408225e-06 7.408843e-12 1.672749e-06 fanout1931
 3.344446e-07 1.332164e-06 7.222280e-12 1.666616e-06 fanout1805
 2.793592e-07 1.378389e-06 7.401444e-12 1.657755e-06 fanout2028
 2.793361e-07 1.367675e-06 7.401444e-12 1.647018e-06 fanout2026
 1.644202e-06 0.000000e+00 6.811656e-12 1.644209e-06 clkload34
 1.640748e-06 0.000000e+00 6.811656e-12 1.640755e-06 clkload44
 1.319363e-07 1.501496e-06 4.414662e-12 1.633437e-06 fanout1928
 2.440796e-07 1.386937e-06 7.427121e-12 1.631024e-06 fanout1858
 2.473117e-07 1.379231e-06 6.957240e-12 1.626550e-06 fanout1872
 2.564440e-07 1.365675e-06 6.957965e-12 1.622126e-06 fanout1150
 1.932334e-07 1.424772e-06 4.708609e-12 1.618010e-06 fanout3334
 1.649243e-07 1.442009e-06 7.373445e-12 1.606940e-06 fanout889
 1.998374e-07 1.397726e-06 7.484860e-12 1.597571e-06 fanout1263
 1.595196e-06 0.000000e+00 6.811656e-12 1.595203e-06 clkload25
 1.579680e-06 0.000000e+00 6.811656e-12 1.579687e-06 clkload37
 3.069456e-07 1.269898e-06 7.070686e-12 1.576851e-06 fanout3228
 2.289812e-07 1.338513e-06 7.428428e-12 1.567501e-06 fanout1974
 2.382555e-07 1.315110e-06 7.418852e-12 1.553373e-06 fanout1011
 2.426586e-07 1.305294e-06 6.952453e-12 1.547960e-06 fanout1861
 2.275962e-07 1.309223e-06 7.428428e-12 1.536826e-06 fanout1976
 1.233616e-07 1.410242e-06 4.403195e-12 1.533608e-06 fanout1867
 2.167152e-07 1.315016e-06 6.953033e-12 1.531738e-06 fanout1857
 2.388575e-07 1.278810e-06 7.427121e-12 1.517675e-06 fanout1859
 1.915073e-07 1.317725e-06 7.256226e-12 1.509240e-06 fanout3066
 2.446266e-07 1.256447e-06 7.429007e-12 1.501081e-06 fanout1097
 2.162961e-07 1.281584e-06 6.949261e-12 1.497887e-06 fanout1163
 2.248188e-07 1.266372e-06 6.951147e-12 1.491198e-06 fanout1981
 2.439354e-07 1.241310e-06 7.429007e-12 1.485253e-06 fanout1100
 1.881937e-07 1.283007e-06 4.501220e-12 1.471205e-06 fanout960
 1.713032e-07 1.297840e-06 4.731543e-12 1.469147e-06 fanout3275
 1.786393e-07 1.290401e-06 4.542157e-12 1.469045e-06 fanout1758
 1.818068e-07 1.283944e-06 7.341239e-12 1.465758e-06 fanout1704
 2.247779e-07 1.237836e-06 6.951147e-12 1.462621e-06 fanout1984
 1.803277e-07 1.271668e-06 4.688757e-12 1.452000e-06 fanout3385
 2.430463e-07 1.208274e-06 6.950566e-12 1.451327e-06 fanout1108
 1.945651e-07 1.254649e-06 4.493082e-12 1.449219e-06 fanout2074
 1.995191e-07 1.249292e-06 6.937075e-12 1.448818e-06 fanout1125
 1.994544e-07 1.248346e-06 6.938091e-12 1.447807e-06 fanout806
 1.592371e-07 1.288392e-06 4.438706e-12 1.447634e-06 fanout1913
 2.170224e-07 1.228217e-06 6.944474e-12 1.445247e-06 fanout2015
 2.197421e-07 1.224918e-06 6.953033e-12 1.444667e-06 fanout1856
 2.184249e-07 1.203484e-06 7.426541e-12 1.421916e-06 fanout1851
 1.750003e-07 1.240683e-06 4.583463e-12 1.415688e-06 fanout1822
 2.287084e-07 1.181339e-06 6.948681e-12 1.410055e-06 fanout1994
 1.197365e-07 1.288156e-06 6.904869e-12 1.407899e-06 fanout942
 1.844107e-07 1.221156e-06 4.530813e-12 1.405572e-06 fanout1692
 1.601293e-07 1.243832e-06 4.591477e-12 1.403966e-06 fanout3082
 1.945923e-07 1.208850e-06 4.708609e-12 1.403447e-06 fanout3323
 1.753969e-07 1.226291e-06 4.706266e-12 1.401693e-06 fanout3355
 2.205349e-07 1.177687e-06 7.426541e-12 1.398229e-06 fanout1850
 1.823493e-07 1.204860e-06 7.449028e-12 1.387217e-06 fanout1957
 1.441410e-07 1.239138e-06 7.428862e-12 1.383287e-06 fanout1043
 2.061082e-07 1.174236e-06 6.938961e-12 1.380351e-06 fanout793
 2.173046e-07 1.153965e-06 6.944474e-12 1.371276e-06 fanout2016
 1.946278e-07 1.166608e-06 4.493082e-12 1.361240e-06 fanout2075
 1.606220e-07 1.196635e-06 4.610213e-12 1.357261e-06 fanout2183
 1.822369e-07 1.171081e-06 7.038335e-12 1.353325e-06 fanout1724
 1.781031e-07 1.173752e-06 4.735488e-12 1.351860e-06 fanout947
 1.717811e-07 1.175224e-06 4.731543e-12 1.347010e-06 fanout3260
 1.699411e-07 1.173458e-06 4.583463e-12 1.343404e-06 fanout1820
 1.529363e-07 1.189009e-06 4.499617e-12 1.341950e-06 fanout2099
 1.757989e-07 1.159722e-06 4.706266e-12 1.335526e-06 fanout3351
 1.603281e-07 1.174704e-06 4.610213e-12 1.335037e-06 fanout2173
 1.756847e-07 1.156744e-06 4.706266e-12 1.332433e-06 fanout3353
 1.057442e-07 1.219888e-06 6.901387e-12 1.325639e-06 fanout871
 1.788598e-07 1.141366e-06 6.929531e-12 1.320233e-06 fanout783
 1.818697e-07 1.127898e-06 4.688757e-12 1.309772e-06 fanout3376
 1.608964e-07 1.134955e-06 4.610213e-12 1.295856e-06 fanout2162
 2.403253e-07 1.054790e-06 7.418852e-12 1.295123e-06 fanout1010
 1.614059e-07 1.133200e-06 4.610213e-12 1.294611e-06 fanout2187
 1.606653e-07 1.125925e-06 4.568050e-12 1.286595e-06 fanout1842
 1.728895e-07 1.112535e-06 4.731543e-12 1.285429e-06 fanout3247
 1.531789e-07 1.126737e-06 4.499617e-12 1.279921e-06 fanout2122
 1.697341e-07 1.107053e-06 4.583463e-12 1.276792e-06 fanout1817
 2.039954e-07 1.069708e-06 4.692456e-12 1.273708e-06 fanout1167
 1.751995e-07 1.088480e-06 4.706266e-12 1.263684e-06 fanout3339
 1.781977e-07 1.082201e-06 4.564104e-12 1.260403e-06 fanout1796
 1.811941e-07 1.076223e-06 4.688757e-12 1.257422e-06 fanout3374
 1.729775e-07 1.081481e-06 4.731543e-12 1.254463e-06 fanout3278
 2.123461e-07 1.037773e-06 4.518236e-12 1.250124e-06 fanout1178
 1.612315e-07 1.085111e-06 4.610213e-12 1.246347e-06 fanout2169
 1.928957e-07 1.052906e-06 7.123348e-12 1.245809e-06 fanout2196
 1.729584e-07 1.071349e-06 4.731543e-12 1.244312e-06 fanout3299
 1.536632e-07 1.083675e-06 4.499617e-12 1.237343e-06 fanout2088
 1.537598e-07 1.082916e-06 4.499617e-12 1.236681e-06 fanout2087
 1.730672e-07 1.058357e-06 4.731543e-12 1.231429e-06 fanout3263
 1.955354e-07 1.035784e-06 7.256226e-12 1.231327e-06 fanout3056
 1.763576e-07 1.050328e-06 4.706266e-12 1.226690e-06 fanout3358
 1.826256e-07 1.041233e-06 7.449028e-12 1.223867e-06 fanout1958
 1.953104e-07 1.027953e-06 4.708609e-12 1.223268e-06 fanout3327
 1.834965e-07 1.035591e-06 7.341239e-12 1.219094e-06 fanout1703
 3.045600e-07 9.116720e-07 7.070686e-12 1.216239e-06 fanout3217
 1.540399e-07 1.060038e-06 4.702073e-12 1.214083e-06 fanout3145
 1.975777e-07 1.015023e-06 4.495795e-12 1.212605e-06 fanout1203
 1.953401e-07 1.013889e-06 4.493082e-12 1.209234e-06 fanout2064
 1.684659e-07 1.040424e-06 4.616625e-12 1.208895e-06 fanout2006
 1.605015e-07 1.043194e-06 4.568050e-12 1.203700e-06 fanout1846
 1.963312e-07 1.006765e-06 4.708609e-12 1.203101e-06 fanout3326
 1.952381e-07 1.002790e-06 4.708609e-12 1.198032e-06 fanout3332
 1.614267e-07 1.034076e-06 4.610213e-12 1.195507e-06 fanout2174
 1.609305e-07 1.034377e-06 4.610213e-12 1.195312e-06 fanout2176
 1.732640e-07 1.016365e-06 4.731543e-12 1.189634e-06 fanout3284
 1.542094e-07 1.030434e-06 4.499617e-12 1.184648e-06 fanout2135
 1.540537e-07 1.029393e-06 4.702073e-12 1.183451e-06 fanout3109
 1.614590e-07 1.021055e-06 4.610213e-12 1.182518e-06 fanout2189
 2.019580e-07 9.782239e-07 7.484860e-12 1.180189e-06 fanout1239
 1.549767e-07 1.024032e-06 4.702073e-12 1.179013e-06 fanout3129
 1.541814e-07 1.023195e-06 4.702073e-12 1.177381e-06 fanout3114
 1.615164e-07 1.015173e-06 4.610213e-12 1.176694e-06 fanout2165
 1.945660e-07 9.757692e-07 7.256226e-12 1.170343e-06 fanout3065
 1.168917e-06 0.000000e+00 4.169190e-12 1.168921e-06 clkload53
 1.536668e-07 1.014397e-06 4.499617e-12 1.168068e-06 fanout2159
 1.953391e-07 9.720785e-07 7.256226e-12 1.167425e-06 fanout3078
 1.728449e-07 9.919661e-07 4.731543e-12 1.164816e-06 fanout3274
 1.540394e-07 1.003635e-06 4.499617e-12 1.157679e-06 fanout2117
 1.615307e-07 9.899039e-07 4.591477e-12 1.151439e-06 fanout3097
 1.532217e-07 9.959790e-07 6.918796e-12 1.149208e-06 fanout858
 1.659405e-07 9.822007e-07 4.463120e-12 1.148146e-06 fanout3559
 1.950370e-07 9.524355e-07 7.123348e-12 1.147480e-06 fanout2202
 1.737715e-07 9.716166e-07 4.731543e-12 1.145393e-06 fanout3292
 2.163239e-07 9.274124e-07 4.514414e-12 1.143741e-06 fanout1211
 1.947780e-07 9.488847e-07 4.493082e-12 1.143667e-06 fanout2070
 1.733639e-07 9.697715e-07 4.731543e-12 1.143140e-06 fanout3295
 1.603232e-07 9.782667e-07 6.920827e-12 1.138597e-06 fanout825
 1.878535e-07 9.503593e-07 4.530566e-12 1.138217e-06 fanout1182
 1.549818e-07 9.800020e-07 4.431801e-12 1.134988e-06 fanout1000
 1.545015e-07 9.773662e-07 4.702073e-12 1.131872e-06 fanout3183
 1.545362e-07 9.752225e-07 4.702073e-12 1.129763e-06 fanout3190
 1.538053e-07 9.746461e-07 4.499617e-12 1.128456e-06 fanout2136
 1.670405e-07 9.584787e-07 7.373445e-12 1.125527e-06 fanout888
 1.957691e-07 9.279655e-07 4.708609e-12 1.123739e-06 fanout3310
 2.321322e-07 8.908964e-07 4.602446e-12 1.123033e-06 fanout2277
 1.735705e-07 9.491324e-07 4.731543e-12 1.122708e-06 fanout3277
 1.544151e-07 9.651203e-07 4.702073e-12 1.119540e-06 fanout3104
 1.770291e-07 9.419708e-07 4.706266e-12 1.119005e-06 fanout3343
 1.734699e-07 9.444670e-07 4.731543e-12 1.117942e-06 fanout3296
 1.552033e-07 9.622973e-07 4.702073e-12 1.117505e-06 fanout3107
 1.735835e-07 9.411645e-07 4.731543e-12 1.114753e-06 fanout3246
 1.841750e-07 9.267478e-07 6.930547e-12 1.110930e-06 fanout1965
 1.548719e-07 9.538402e-07 4.499617e-12 1.108717e-06 fanout2111
 1.333157e-07 9.661633e-07 4.627482e-12 1.099484e-06 fanout984
 1.545329e-07 9.435672e-07 4.702073e-12 1.098105e-06 fanout3148
 1.545311e-07 9.431942e-07 4.702073e-12 1.097730e-06 fanout3146
 1.621500e-07 9.346661e-07 4.610213e-12 1.096821e-06 fanout2180
 1.621293e-07 9.329914e-07 4.610213e-12 1.095125e-06 fanout2179
 1.952019e-07 8.982266e-07 4.510715e-12 1.093433e-06 fanout3574
 1.544135e-07 9.383561e-07 4.499617e-12 1.092774e-06 fanout2158
 1.547012e-07 9.355332e-07 4.702073e-12 1.090239e-06 fanout3197
 1.735069e-07 9.150861e-07 4.731543e-12 1.088598e-06 fanout3265
 1.539842e-07 9.323093e-07 4.499617e-12 1.086298e-06 fanout2144
 1.735242e-07 9.117751e-07 4.731543e-12 1.085304e-06 fanout3266
 1.335759e-07 9.510131e-07 4.627482e-12 1.084594e-06 fanout980
 1.732022e-07 9.068771e-07 4.731543e-12 1.080084e-06 fanout3261
 1.544035e-07 9.256099e-07 4.702073e-12 1.080018e-06 fanout3144
 1.624876e-07 9.129166e-07 4.610213e-12 1.075409e-06 fanout2171
 1.614139e-07 9.129753e-07 4.610213e-12 1.074394e-06 fanout2177
 1.664617e-07 9.076712e-07 7.006130e-12 1.074140e-06 fanout625
 1.290381e-07 9.440167e-07 4.403811e-12 1.073059e-06 fanout1141
 1.737045e-07 8.973479e-07 4.731543e-12 1.071057e-06 fanout3258
 1.463158e-07 9.239082e-07 6.950712e-12 1.070231e-06 fanout1084
 1.737708e-07 8.957957e-07 4.731543e-12 1.069571e-06 fanout3286
 1.746266e-07 8.948774e-07 4.731543e-12 1.069509e-06 fanout3280
 1.823579e-07 8.867390e-07 4.515277e-12 1.069101e-06 fanout1217
 1.154535e-07 9.521339e-07 3.967568e-12 1.067591e-06 wire403
 1.548202e-07 9.111666e-07 4.702073e-12 1.065991e-06 fanout3214
 1.540026e-07 9.110508e-07 4.499617e-12 1.065058e-06 fanout2114
 1.544494e-07 9.101497e-07 4.499617e-12 1.064604e-06 fanout2085
 1.367049e-07 9.248751e-07 4.417374e-12 1.061584e-06 fanout1113
 1.554804e-07 9.039157e-07 4.702073e-12 1.059401e-06 fanout3117
 2.194871e-07 8.391781e-07 4.534635e-12 1.058670e-06 fanout1180
 1.557195e-07 8.999218e-07 4.499617e-12 1.055646e-06 fanout2108
 1.492791e-07 9.043247e-07 4.440309e-12 1.053608e-06 fanout1900
 1.542213e-07 8.977365e-07 6.918796e-12 1.051965e-06 fanout856
 1.547617e-07 8.947197e-07 4.499617e-12 1.049486e-06 fanout2092
 1.615278e-07 8.876759e-07 4.610213e-12 1.049208e-06 fanout2172
 1.548834e-07 8.916360e-07 4.702073e-12 1.046524e-06 fanout3204
 1.840067e-07 8.617249e-07 7.341239e-12 1.045739e-06 fanout1699
 1.549051e-07 8.904516e-07 4.702073e-12 1.045361e-06 fanout3215
 1.975022e-07 8.420682e-07 4.708609e-12 1.039575e-06 fanout3315
 1.544482e-07 8.850200e-07 4.702073e-12 1.039473e-06 fanout3221
 1.548928e-07 8.833575e-07 4.702073e-12 1.038255e-06 fanout3229
 1.347245e-07 9.017472e-07 4.787029e-12 1.036477e-06 fanout1940
 1.549128e-07 8.803109e-07 4.702073e-12 1.035228e-06 fanout3168
 1.501044e-07 8.825356e-07 4.761382e-12 1.032645e-06 fanout1907
 1.550256e-07 8.764255e-07 4.499617e-12 1.031456e-06 fanout2123
 1.349099e-07 8.946443e-07 4.787029e-12 1.029559e-06 fanout1939
 1.550922e-07 8.737308e-07 4.499617e-12 1.028828e-06 fanout2143
 1.361775e-07 8.905248e-07 4.784317e-12 1.026707e-06 fanout1118
 1.560215e-07 8.706655e-07 4.499617e-12 1.026692e-06 fanout2102
 1.548982e-07 8.682281e-07 4.499617e-12 1.023131e-06 fanout2128
 1.545080e-07 8.680978e-07 4.499617e-12 1.022610e-06 fanout2081
 1.770986e-07 8.446086e-07 4.706266e-12 1.021712e-06 fanout3338
 1.942839e-07 8.216982e-07 7.256226e-12 1.015989e-06 fanout3064
 1.734307e-07 8.373033e-07 4.731543e-12 1.010739e-06 fanout3271
 1.557545e-07 8.548298e-07 4.702073e-12 1.010589e-06 fanout3224
 1.572206e-07 8.521878e-07 4.702073e-12 1.009413e-06 fanout3119
 1.551162e-07 8.526810e-07 4.499617e-12 1.007802e-06 fanout2096
 1.411628e-07 8.648743e-07 4.780740e-12 1.006042e-06 fanout2031
 1.551373e-07 8.501134e-07 4.702073e-12 1.005255e-06 fanout3208
 1.554937e-07 8.487353e-07 4.702073e-12 1.004234e-06 fanout3203
 1.394150e-07 8.633230e-07 7.470788e-12 1.002746e-06 fanout979
 1.547687e-07 8.455907e-07 4.702073e-12 1.000364e-06 fanout3110
 1.550793e-07 8.441856e-07 4.702073e-12 9.992697e-07 fanout3206
 1.551229e-07 8.389841e-07 4.702073e-12 9.941117e-07 fanout3185
 1.682336e-07 8.255964e-07 7.006130e-12 9.938370e-07 fanout921
 1.620271e-07 8.317968e-07 4.591477e-12 9.938285e-07 fanout3102
 1.553400e-07 8.382070e-07 4.499617e-12 9.935516e-07 fanout2113
 1.557862e-07 8.365066e-07 4.702073e-12 9.922974e-07 fanout3121
 1.549668e-07 8.346672e-07 4.702073e-12 9.896387e-07 fanout3122
 1.550413e-07 8.341019e-07 4.499617e-12 9.891477e-07 fanout2126
 1.551166e-07 8.338434e-07 4.702073e-12 9.889648e-07 fanout3202
 1.850907e-07 8.021681e-07 7.341239e-12 9.872662e-07 fanout1698
 1.558725e-07 8.272795e-07 4.702073e-12 9.831567e-07 fanout3225
 1.786933e-07 8.040074e-07 4.706266e-12 9.827053e-07 fanout3336
 1.553511e-07 8.269593e-07 4.702073e-12 9.823150e-07 fanout3152
 1.553926e-07 8.258952e-07 4.499617e-12 9.812923e-07 fanout2112
 1.549421e-07 8.261147e-07 4.499617e-12 9.810614e-07 fanout2116
 2.037196e-07 7.750856e-07 4.558679e-12 9.788098e-07 fanout1179
 1.208675e-07 8.549953e-07 4.795536e-12 9.758676e-07 fanout1016
 1.553849e-07 8.190517e-07 4.702073e-12 9.744413e-07 fanout3155
 1.551748e-07 8.183814e-07 4.499617e-12 9.735608e-07 fanout2146
 1.972281e-07 7.757227e-07 4.557199e-12 9.729554e-07 fanout1166
 2.067802e-07 7.640560e-07 4.515400e-12 9.708408e-07 fanout1183
 1.962935e-07 7.728631e-07 4.542157e-12 9.691612e-07 fanout1197
 1.993922e-07 7.697073e-07 4.520579e-12 9.691041e-07 fanout1171
 1.550651e-07 8.124891e-07 4.702073e-12 9.675589e-07 fanout3136
 1.741347e-07 7.930177e-07 4.731543e-12 9.671572e-07 fanout3235
 1.550699e-07 8.061843e-07 4.499617e-12 9.612588e-07 fanout2134
 1.558370e-07 8.051064e-07 4.499617e-12 9.609479e-07 fanout2089
 1.556450e-07 8.044368e-07 4.499617e-12 9.600863e-07 fanout2152
 1.238110e-07 8.359046e-07 4.804168e-12 9.597204e-07 fanout1105
 1.557317e-07 8.038493e-07 4.499617e-12 9.595855e-07 fanout2142
 1.551129e-07 8.005704e-07 4.702073e-12 9.556881e-07 fanout3133
 1.415554e-07 8.133039e-07 4.780740e-12 9.548640e-07 fanout2033
 1.549043e-07 7.997581e-07 4.702073e-12 9.546670e-07 fanout3172
 1.552607e-07 7.973890e-07 4.499617e-12 9.526541e-07 fanout2107
 2.011971e-07 7.506160e-07 4.669399e-12 9.518178e-07 fanout1175
 1.552273e-07 7.960224e-07 4.499617e-12 9.512542e-07 fanout2137
 1.549788e-07 7.944504e-07 4.702073e-12 9.494340e-07 fanout3128
 1.093314e-07 8.397652e-07 6.902548e-12 9.491034e-07 fanout864
 1.552695e-07 7.919323e-07 4.499617e-12 9.472064e-07 fanout2149
 1.555060e-07 7.895082e-07 4.702073e-12 9.450189e-07 fanout3196
 1.561432e-07 7.867851e-07 4.702073e-12 9.429330e-07 fanout3154
 1.554100e-07 7.771398e-07 4.702073e-12 9.325545e-07 fanout3106
 1.548997e-07 7.775173e-07 4.499617e-12 9.324215e-07 fanout2120
 1.553170e-07 7.769139e-07 4.702073e-12 9.322357e-07 fanout3179
 1.552172e-07 7.750685e-07 4.702073e-12 9.302905e-07 fanout3134
 1.549231e-07 7.745682e-07 4.702073e-12 9.294960e-07 fanout3124
 1.556218e-07 7.736822e-07 4.702073e-12 9.293087e-07 fanout3143
 1.353457e-07 7.904682e-07 4.787029e-12 9.258186e-07 fanout1945
 1.013448e-07 8.207625e-07 4.350052e-12 9.221117e-07 fanout1290
 1.897414e-07 7.322146e-07 4.523785e-12 9.219606e-07 fanout1174
 1.958811e-07 7.253925e-07 4.699977e-12 9.212784e-07 fanout1200
 1.553960e-07 7.654698e-07 4.499617e-12 9.208703e-07 fanout2105
 1.837557e-07 7.367789e-07 7.341239e-12 9.205419e-07 fanout1705
 1.559216e-07 7.632607e-07 4.499617e-12 9.191868e-07 fanout2141
 1.353788e-07 7.823284e-07 4.414662e-12 9.177116e-07 fanout1934
 1.552979e-07 7.605382e-07 4.702073e-12 9.158409e-07 fanout3166
 1.681581e-07 7.399481e-07 7.373445e-12 9.081136e-07 fanout887
 1.965299e-07 7.104720e-07 4.523661e-12 9.070065e-07 fanout1207
 1.917133e-07 7.143472e-07 4.602945e-12 9.060651e-07 fanout2671
 1.550951e-07 7.503055e-07 4.702073e-12 9.054053e-07 fanout3176
 1.554178e-07 7.495529e-07 4.499617e-12 9.049752e-07 fanout2139
 1.996954e-07 7.027405e-07 4.541047e-12 9.024404e-07 fanout1177
 1.625199e-07 7.379307e-07 4.466203e-12 9.004552e-07 fanout1191
 1.312167e-07 7.689576e-07 6.910817e-12 9.001812e-07 fanout844
 2.109259e-07 6.865750e-07 4.516140e-12 8.975053e-07 fanout3695
 1.471018e-07 7.445294e-07 7.428862e-12 8.916386e-07 fanout1044
 1.552683e-07 7.363557e-07 4.702073e-12 8.916287e-07 fanout3194
 1.839370e-07 7.005860e-07 4.512934e-12 8.845275e-07 fanout1168
 1.550360e-07 7.283767e-07 4.702073e-12 8.834174e-07 fanout3220
 1.229851e-07 7.599750e-07 6.906755e-12 8.829670e-07 fanout609
 2.033119e-07 6.763225e-07 4.520579e-12 8.796389e-07 fanout1172
 8.774237e-07 0.000000e+00 4.048403e-12 8.774277e-07 clkload29
 2.077888e-07 6.695792e-07 4.535252e-12 8.773725e-07 fanout1188
 1.757786e-07 6.994316e-07 4.731543e-12 8.752149e-07 fanout3287
 1.967795e-07 6.770450e-07 4.512811e-12 8.738290e-07 fanout1190
 1.982947e-07 6.755219e-07 4.501713e-12 8.738211e-07 fanout3664
 1.153746e-07 7.583516e-07 4.011367e-12 8.737302e-07 fanout3607
 1.301322e-07 7.430512e-07 4.797880e-12 8.731882e-07 fanout1155
 2.026216e-07 6.693288e-07 4.483094e-12 8.719549e-07 fanout1192
 1.551404e-07 7.142260e-07 4.499617e-12 8.693709e-07 fanout2121
 9.801100e-08 7.703007e-07 4.657315e-12 8.683164e-07 fanout2195
 1.235700e-07 7.411227e-07 4.804168e-12 8.646975e-07 fanout1106
 1.064501e-07 7.573449e-07 6.899356e-12 8.638019e-07 fanout1825
 2.073735e-07 6.557736e-07 4.526497e-12 8.631517e-07 fanout1201
 1.000968e-07 7.624786e-07 4.815635e-12 8.625802e-07 fanout1126
 1.836468e-07 6.769466e-07 4.526497e-12 8.605979e-07 fanout1170
 1.773877e-07 6.809900e-07 4.731543e-12 8.583824e-07 fanout3255
 2.035026e-07 6.547918e-07 4.498754e-12 8.582989e-07 fanout1189
 1.751512e-07 6.826256e-07 4.731543e-12 8.577816e-07 fanout3272
 1.959775e-07 6.593206e-07 4.504550e-12 8.553026e-07 fanout3637
 1.903330e-07 6.647585e-07 4.475820e-12 8.550961e-07 fanout1169
 9.481888e-08 7.580574e-07 3.887711e-12 8.528801e-07 wire505
 1.819984e-07 6.704859e-07 4.675194e-12 8.524889e-07 fanout1206
 1.151022e-07 7.362988e-07 4.398016e-12 8.514054e-07 fanout1970
 1.491226e-07 7.020111e-07 4.428472e-12 8.511381e-07 fanout1776
 1.356242e-07 7.139671e-07 4.414662e-12 8.495958e-07 fanout1924
 1.060140e-07 7.406675e-07 4.293400e-12 8.466859e-07 wire507
 8.453336e-07 0.000000e+00 4.048403e-12 8.453376e-07 clkload309
 8.440934e-07 0.000000e+00 4.048403e-12 8.440974e-07 clkload277
 1.952199e-07 6.477589e-07 4.541047e-12 8.429833e-07 fanout3566
 1.150861e-07 7.278256e-07 4.398016e-12 8.429161e-07 fanout1969
 8.427110e-07 0.000000e+00 4.048403e-12 8.427150e-07 clkload387
 1.374819e-07 7.049651e-07 4.417374e-12 8.424515e-07 fanout1111
 8.423146e-07 0.000000e+00 4.048403e-12 8.423187e-07 clkload10
 1.776920e-07 6.644114e-07 4.487904e-12 8.421079e-07 fanout1202
 8.410327e-07 0.000000e+00 4.048403e-12 8.410367e-07 clkload214
 1.566030e-07 6.834013e-07 4.702073e-12 8.400090e-07 fanout3153
 8.398786e-07 0.000000e+00 4.048403e-12 8.398826e-07 clkload198
 8.396643e-07 0.000000e+00 4.048403e-12 8.396683e-07 clkload99
 2.020620e-07 6.370605e-07 4.493206e-12 8.391270e-07 fanout1215
 1.756492e-07 6.611897e-07 4.731543e-12 8.368436e-07 fanout3279
 8.358353e-07 0.000000e+00 4.048403e-12 8.358393e-07 clkload98
 8.351586e-07 0.000000e+00 4.048403e-12 8.351626e-07 clkload402
 8.346971e-07 0.000000e+00 4.048403e-12 8.347012e-07 clkload128
 8.345480e-07 0.000000e+00 4.048403e-12 8.345520e-07 clkload264
 8.337337e-07 0.000000e+00 4.048403e-12 8.337377e-07 clkload237
 8.334006e-07 0.000000e+00 4.048403e-12 8.334046e-07 clkload195
 1.152489e-07 7.179836e-07 4.803675e-12 8.332373e-07 fanout1983
 8.317232e-07 0.000000e+00 4.048403e-12 8.317272e-07 clkload310
 8.311131e-07 0.000000e+00 4.048403e-12 8.311172e-07 clkload259
 8.307523e-07 0.000000e+00 4.048403e-12 8.307563e-07 clkload193
 8.306594e-07 0.000000e+00 4.048403e-12 8.306635e-07 clkload401
 1.907723e-07 6.390937e-07 4.516633e-12 8.298704e-07 fanout3611
 8.283569e-07 0.000000e+00 4.048403e-12 8.283610e-07 clkload419
 8.280844e-07 0.000000e+00 4.048403e-12 8.280884e-07 clkload421
 8.274353e-07 0.000000e+00 4.048403e-12 8.274393e-07 clkload358
 2.048793e-07 6.218552e-07 4.498754e-12 8.267390e-07 fanout3622
 8.262932e-07 0.000000e+00 4.048403e-12 8.262973e-07 clkload418
 8.257458e-07 0.000000e+00 4.048403e-12 8.257498e-07 clkload89
 8.256447e-07 0.000000e+00 4.048403e-12 8.256487e-07 clkload86
 8.256254e-07 0.000000e+00 4.048403e-12 8.256295e-07 clkload90
 1.914665e-07 6.330513e-07 4.542157e-12 8.245224e-07 fanout3648
 9.792599e-08 7.251864e-07 4.544376e-12 8.231169e-07 fanout3062
 8.216855e-07 0.000000e+00 4.048403e-12 8.216896e-07 clkload352
 8.207303e-07 0.000000e+00 4.048403e-12 8.207343e-07 clkload347
 1.023276e-07 7.129138e-07 4.350052e-12 8.152458e-07 fanout1338
 1.358346e-07 6.715408e-07 4.414662e-12 8.073798e-07 fanout1936
 1.727905e-07 6.300328e-07 4.505043e-12 8.028278e-07 fanout1185
 1.582595e-07 6.435954e-07 4.499617e-12 8.018594e-07 fanout2079
 1.739000e-07 6.248990e-07 4.731543e-12 7.988037e-07 fanout3256
 1.558886e-07 6.422333e-07 4.702073e-12 7.981266e-07 fanout3170
 1.802514e-07 6.169238e-07 4.512934e-12 7.971797e-07 fanout3539
 1.558924e-07 6.388917e-07 4.702073e-12 7.947888e-07 fanout3186
 1.561330e-07 6.370494e-07 4.702073e-12 7.931871e-07 fanout3150
 9.795898e-08 6.917604e-07 4.544376e-12 7.897239e-07 fanout3070
 1.566629e-07 6.330497e-07 4.702073e-12 7.897173e-07 fanout3115
 1.758061e-07 6.098655e-07 4.731543e-12 7.856763e-07 fanout3285
 1.864796e-07 5.956430e-07 4.483958e-12 7.821271e-07 fanout1194
 9.988884e-08 6.802544e-07 4.400023e-12 7.801476e-07 wire506
 8.247475e-08 6.972187e-07 3.869793e-12 7.796973e-07 wire546
 1.995194e-07 5.737750e-07 4.507878e-12 7.732990e-07 fanout1209
 1.135342e-07 6.576909e-07 6.904143e-12 7.712320e-07 fanout1123
 1.110269e-07 6.579403e-07 4.805278e-12 7.689720e-07 fanout1162
 1.020904e-07 6.659648e-07 4.851640e-12 7.680600e-07 fanout1484
 1.064530e-07 6.601778e-07 4.802319e-12 7.666355e-07 fanout3521
 1.860128e-07 5.780452e-07 4.611576e-12 7.640626e-07 fanout2283
 1.027891e-07 6.608782e-07 4.851640e-12 7.636722e-07 fanout1565
 1.758434e-07 5.877981e-07 4.487904e-12 7.636460e-07 fanout3666
 1.574277e-07 6.052666e-07 4.702073e-12 7.626991e-07 fanout3193
 1.047080e-07 6.544373e-07 4.027737e-12 7.591494e-07 fanout3589
 1.025568e-07 6.547867e-07 4.819704e-12 7.573483e-07 fanout1665
 1.023302e-07 6.524614e-07 4.350052e-12 7.547960e-07 fanout1316
 1.818622e-07 5.719216e-07 4.467066e-12 7.537883e-07 fanout3686
 9.744580e-08 6.561112e-07 4.388299e-12 7.535614e-07 fanout3262
 1.559084e-07 5.953684e-07 4.499617e-12 7.512813e-07 fanout2131
 1.020356e-07 6.488887e-07 4.350052e-12 7.509287e-07 fanout1275
 1.064848e-07 6.419234e-07 4.819704e-12 7.484130e-07 fanout3517
 1.036095e-07 6.424632e-07 4.745722e-12 7.460774e-07 fanout2036
 1.573269e-07 5.884442e-07 4.702073e-12 7.457759e-07 fanout3139
 9.817585e-08 6.434654e-07 4.657315e-12 7.416459e-07 fanout2203
 6.382242e-08 6.748518e-07 1.053409e-11 7.386848e-07 fanout821
 1.027872e-07 6.346048e-07 4.851640e-12 7.373968e-07 fanout1479
 1.028257e-07 6.335647e-07 4.350052e-12 7.363948e-07 fanout1317
 1.128456e-07 6.172396e-07 4.078173e-12 7.300893e-07 fanout3584
 9.260347e-08 6.371841e-07 4.729570e-12 7.297924e-07 fanout1731
 1.569531e-07 5.683210e-07 4.702073e-12 7.252788e-07 fanout3205
 1.158248e-07 6.058058e-07 4.345827e-12 7.216349e-07 fanout3581
 1.030013e-07 6.176168e-07 4.350052e-12 7.206224e-07 fanout1308
 9.299720e-08 6.223153e-07 4.729570e-12 7.153172e-07 fanout1709
 5.034305e-08 6.647451e-07 6.882818e-12 7.150950e-07 fanout770
 1.570366e-07 5.543695e-07 4.499617e-12 7.114106e-07 fanout2115
 1.025748e-07 6.084406e-07 4.381987e-12 7.110198e-07 fanout456
 1.561691e-07 5.545920e-07 4.702073e-12 7.107658e-07 fanout3169
 1.043756e-07 6.054626e-07 4.350052e-12 7.098425e-07 fanout1306
 8.450063e-08 6.225097e-07 4.756943e-12 7.070151e-07 fanout923
 1.024150e-07 6.032404e-07 4.851640e-12 7.056603e-07 fanout1483
 1.556511e-07 5.482900e-07 4.433034e-12 7.039455e-07 fanout1195
 1.025692e-07 6.005434e-07 4.350052e-12 7.031171e-07 fanout1358
 1.031346e-07 5.989712e-07 4.381987e-12 7.021102e-07 fanout1630
 9.268080e-08 6.089231e-07 4.821184e-12 7.016088e-07 fanout1963
 1.036104e-07 5.964200e-07 4.381987e-12 7.000348e-07 fanout184
 8.695898e-08 6.122947e-07 4.335430e-12 6.992581e-07 fanout3126
 1.026209e-07 5.957476e-07 4.350052e-12 6.983728e-07 fanout1241
 8.444289e-08 6.127883e-07 4.444748e-12 6.972356e-07 fanout622
 1.567803e-07 5.400334e-07 4.702073e-12 6.968185e-07 fanout3118
 1.026394e-07 5.936373e-07 4.350052e-12 6.962811e-07 fanout1277
 1.054197e-07 5.901485e-07 4.381987e-12 6.955726e-07 fanout1646
 1.033041e-07 5.922036e-07 4.851640e-12 6.955125e-07 fanout1371
 1.025579e-07 5.918075e-07 4.350052e-12 6.943698e-07 fanout1273
 8.700319e-08 6.070293e-07 3.972213e-12 6.940364e-07 fanout2082
 9.865447e-08 5.944167e-07 4.544376e-12 6.930757e-07 fanout3075
 9.349331e-08 5.986930e-07 4.472121e-12 6.921908e-07 fanout1697
 8.743155e-08 6.038970e-07 4.335430e-12 6.913329e-07 fanout3223
 1.026111e-07 5.876913e-07 4.350052e-12 6.903068e-07 fanout1281
 1.026553e-07 5.875550e-07 4.350052e-12 6.902146e-07 fanout1246
 9.840899e-08 5.905485e-07 4.544376e-12 6.889620e-07 fanout3061
 9.868804e-08 5.901049e-07 4.544376e-12 6.887975e-07 fanout3067
 1.026475e-07 5.858559e-07 4.851640e-12 6.885083e-07 fanout1534
 1.025193e-07 5.856465e-07 4.802319e-12 6.881706e-07 fanout3520
 1.123475e-07 5.757329e-07 3.995883e-12 6.880843e-07 fanout3595
 1.025243e-07 5.852291e-07 4.851640e-12 6.877582e-07 fanout1554
 1.025682e-07 5.844272e-07 4.851640e-12 6.870002e-07 fanout280
 1.032125e-07 5.827758e-07 4.851640e-12 6.859931e-07 fanout214
 1.025546e-07 5.807568e-07 4.350052e-12 6.833158e-07 fanout1299
 1.022924e-07 5.809501e-07 4.350052e-12 6.832469e-07 fanout1284
 9.291049e-08 5.886787e-07 4.729570e-12 6.815940e-07 fanout1721
 1.025449e-07 5.786447e-07 4.350052e-12 6.811940e-07 fanout1296
 1.020988e-07 5.786447e-07 4.851640e-12 6.807483e-07 fanout1384
 9.281578e-08 5.855983e-07 4.729570e-12 6.784189e-07 fanout1733
 1.042295e-07 5.738455e-07 4.851640e-12 6.780798e-07 fanout192
 9.109968e-08 5.862972e-07 4.137015e-12 6.774010e-07 fanout3089
 1.026353e-07 5.745025e-07 4.350052e-12 6.771422e-07 fanout1315
 9.743189e-08 5.793445e-07 7.474851e-12 6.767839e-07 fanout1674
 9.296629e-08 5.835378e-07 4.729570e-12 6.765088e-07 fanout1722
 1.045635e-07 5.718140e-07 4.851640e-12 6.763823e-07 fanout206
 1.031282e-07 5.730707e-07 4.350052e-12 6.762033e-07 fanout1336
 8.478392e-08 5.898033e-07 4.756943e-12 6.745920e-07 fanout901
 1.027429e-07 5.712978e-07 4.851640e-12 6.740456e-07 fanout1506
 1.027802e-07 5.712488e-07 4.851640e-12 6.740339e-07 fanout1500
 1.032849e-07 5.694006e-07 4.381987e-12 6.726900e-07 fanout1631
 1.026531e-07 5.693620e-07 4.350052e-12 6.720195e-07 fanout1314
 1.554574e-07 5.163024e-07 4.702073e-12 6.717646e-07 fanout3113
 1.026904e-07 5.671101e-07 4.851640e-12 6.698054e-07 fanout1586
 1.029723e-07 5.654591e-07 4.381987e-12 6.684357e-07 fanout459
 9.277583e-08 5.751436e-07 4.729570e-12 6.679242e-07 fanout1723
 9.295938e-08 5.749487e-07 4.729570e-12 6.679128e-07 fanout1738
 1.316115e-07 5.353587e-07 6.896310e-12 6.669771e-07 fanout386
 1.024115e-07 5.644297e-07 4.350052e-12 6.668456e-07 fanout1344
 1.029599e-07 5.628053e-07 4.350052e-12 6.657696e-07 fanout1356
 1.027052e-07 5.618425e-07 4.819704e-12 6.645525e-07 fanout3516
 1.027020e-07 5.618174e-07 4.350052e-12 6.645238e-07 fanout1318
 1.027351e-07 5.597321e-07 4.851640e-12 6.624721e-07 fanout1386
 8.755569e-08 5.746751e-07 4.335430e-12 6.622352e-07 fanout3127
 1.049783e-07 5.557690e-07 4.851640e-12 6.607522e-07 fanout258
 8.728624e-08 5.728818e-07 4.335430e-12 6.601724e-07 fanout3213
 1.032575e-07 5.567984e-07 4.851640e-12 6.600607e-07 fanout1570
 9.274783e-08 5.669292e-07 4.729570e-12 6.596817e-07 fanout1726
 1.025092e-07 5.571030e-07 4.350052e-12 6.596165e-07 fanout1337
 1.110085e-07 5.485946e-07 3.975974e-12 6.596071e-07 fanout3665
 1.027441e-07 5.565436e-07 4.350052e-12 6.592921e-07 fanout1260
 8.466344e-08 5.742119e-07 4.756943e-12 6.588801e-07 fanout926
 1.024451e-07 5.554967e-07 4.350052e-12 6.579462e-07 fanout1342
 9.352163e-08 5.641832e-07 4.729570e-12 6.577096e-07 fanout1741
 1.026816e-07 5.547207e-07 4.350052e-12 6.574066e-07 fanout1302
 1.027860e-07 5.546149e-07 4.851640e-12 6.574057e-07 fanout1603
 8.486440e-08 5.712949e-07 4.756943e-12 6.561640e-07 fanout912
 1.027869e-07 5.526902e-07 4.851640e-12 6.554820e-07 fanout1434
 8.467851e-08 5.703259e-07 4.756943e-12 6.550092e-07 fanout925
 1.032803e-07 5.508856e-07 4.851640e-12 6.541707e-07 fanout1566
 1.026960e-07 5.507273e-07 4.819704e-12 6.534281e-07 fanout1658
 1.039208e-07 5.491419e-07 4.851640e-12 6.530674e-07 fanout1581
 9.850988e-08 5.543828e-07 4.544376e-12 6.528972e-07 fanout3073
 1.041596e-07 5.483428e-07 4.851640e-12 6.525072e-07 fanout230
 1.027027e-07 5.491574e-07 4.851640e-12 6.518650e-07 fanout1493
 8.724481e-08 5.643265e-07 3.972213e-12 6.515753e-07 fanout2097
 1.026762e-07 5.488123e-07 4.851640e-12 6.514933e-07 fanout1429
 1.031037e-07 5.481916e-07 4.851640e-12 6.513001e-07 fanout1382
 8.493966e-08 5.660162e-07 4.444748e-12 6.509603e-07 fanout884
 8.483131e-08 5.657189e-07 4.756943e-12 6.505550e-07 fanout898
 8.729602e-08 5.621374e-07 4.335430e-12 6.494377e-07 fanout3177
 1.556924e-07 4.933551e-07 4.702073e-12 6.490521e-07 fanout3209
 9.303955e-08 5.557456e-07 4.729570e-12 6.487899e-07 fanout1718
 1.027468e-07 5.456513e-07 4.381987e-12 6.484025e-07 fanout1628
 1.030891e-07 5.452421e-07 4.851640e-12 6.483360e-07 fanout1529
 1.034726e-07 5.442226e-07 4.350052e-12 6.476997e-07 fanout1255
 1.026890e-07 5.447791e-07 4.819704e-12 6.474729e-07 fanout451
 1.034060e-07 5.433275e-07 4.350052e-12 6.467379e-07 fanout1253
 1.028172e-07 5.438630e-07 4.819704e-12 6.466850e-07 fanout443
 9.279804e-08 5.536493e-07 4.729570e-12 6.464521e-07 fanout1725
 1.039296e-07 5.424841e-07 4.851640e-12 6.464185e-07 fanout1576
 1.028116e-07 5.435243e-07 4.350052e-12 6.463403e-07 fanout1293
 9.306568e-08 5.520521e-07 4.729570e-12 6.451225e-07 fanout1716
 1.025002e-07 5.419536e-07 4.350052e-12 6.444581e-07 fanout1262
 1.031662e-07 5.401345e-07 4.350052e-12 6.433050e-07 fanout1295
 6.430018e-07 0.000000e+00 1.452127e-13 6.430020e-07 clkload146
 6.423953e-07 0.000000e+00 1.452127e-13 6.423954e-07 clkload371
 8.473948e-08 5.573077e-07 4.756943e-12 6.420519e-07 fanout922
 1.028147e-07 5.391393e-07 4.350052e-12 6.419584e-07 fanout1257
 6.406426e-07 0.000000e+00 1.452127e-13 6.406428e-07 clkload120
 1.089754e-07 5.314785e-07 4.349808e-12 6.404583e-07 fanout3643
 6.403837e-07 0.000000e+00 1.452127e-13 6.403839e-07 clkload71
 6.400086e-07 0.000000e+00 1.452127e-13 6.400087e-07 clkload70
 1.038951e-07 5.357144e-07 4.851640e-12 6.396143e-07 fanout318
 8.453043e-08 5.545426e-07 4.756943e-12 6.390778e-07 fanout918
 6.388803e-07 0.000000e+00 1.452127e-13 6.388805e-07 clkload155
 1.035214e-07 5.349966e-07 4.851640e-12 6.385228e-07 fanout1397
 8.732739e-08 5.510140e-07 3.972213e-12 6.383454e-07 fanout2151
 8.733314e-08 5.501295e-07 4.335430e-12 6.374669e-07 fanout3195
 1.025291e-07 5.336915e-07 4.350052e-12 6.362249e-07 fanout1331
 6.361421e-07 0.000000e+00 1.452127e-13 6.361423e-07 clkload329
 1.025619e-07 5.335440e-07 4.350052e-12 6.361103e-07 fanout1250
 1.034499e-07 5.325994e-07 4.851640e-12 6.360542e-07 fanout1573
 8.489734e-08 5.504428e-07 4.756943e-12 6.353449e-07 fanout899
 1.041376e-07 5.310503e-07 4.851640e-12 6.351927e-07 fanout222
 6.347305e-07 0.000000e+00 1.452127e-13 6.347307e-07 clkload122
 6.342892e-07 0.000000e+00 1.452127e-13 6.342893e-07 clkload293
 6.339801e-07 0.000000e+00 1.452127e-13 6.339803e-07 clkload74
 1.028107e-07 5.310788e-07 4.851640e-12 6.338943e-07 fanout1544
 6.337660e-07 0.000000e+00 1.452127e-13 6.337662e-07 clkload311
 6.336163e-07 0.000000e+00 1.452127e-13 6.336164e-07 clkload92
 6.333678e-07 0.000000e+00 1.452127e-13 6.333680e-07 clkload285
 1.047914e-07 5.285694e-07 4.350052e-12 6.333652e-07 fanout1304
 9.293903e-08 5.402555e-07 4.821184e-12 6.331994e-07 fanout1962
 6.331078e-07 0.000000e+00 1.452127e-13 6.331080e-07 clkload60
 6.324863e-07 0.000000e+00 1.452127e-13 6.324864e-07 clkload337
 1.032592e-07 5.289621e-07 4.851640e-12 6.322261e-07 fanout1451
 9.312677e-08 5.388353e-07 4.729570e-12 6.319668e-07 fanout1712
 1.032037e-07 5.287512e-07 4.350052e-12 6.319593e-07 fanout1298
 1.038219e-07 5.273235e-07 4.819704e-12 6.311502e-07 fanout1661
 9.305509e-08 5.378614e-07 4.729570e-12 6.309212e-07 fanout1713
 1.033280e-07 5.273351e-07 4.350052e-12 6.306676e-07 fanout1335
 6.302101e-07 0.000000e+00 1.452127e-13 6.302103e-07 clkload185
 1.161694e-07 5.138959e-07 3.991237e-12 6.300693e-07 fanout3698
 1.025620e-07 5.272162e-07 4.350052e-12 6.297826e-07 fanout1254
 8.783146e-08 5.417759e-07 4.335430e-12 6.296117e-07 fanout3159
 1.032021e-07 5.249155e-07 4.851640e-12 6.281225e-07 fanout1373
 1.036793e-07 5.241751e-07 4.350052e-12 6.278588e-07 fanout1287
 1.028320e-07 5.246354e-07 4.381987e-12 6.274718e-07 fanout1632
 1.031827e-07 5.242678e-07 4.851640e-12 6.274553e-07 fanout1532
 1.033479e-07 5.233975e-07 4.350052e-12 6.267498e-07 fanout1301
 6.264837e-07 0.000000e+00 1.452127e-13 6.264838e-07 clkload331
 1.027507e-07 5.230882e-07 4.350052e-12 6.258433e-07 fanout249
 6.257314e-07 0.000000e+00 1.452127e-13 6.257316e-07 clkload306
 6.248368e-07 0.000000e+00 1.452127e-13 6.248370e-07 clkload343
 1.044871e-07 5.197739e-07 4.851640e-12 6.242659e-07 fanout271
 8.497609e-08 5.388142e-07 4.444748e-12 6.237947e-07 fanout891
 6.236903e-07 0.000000e+00 1.452127e-13 6.236904e-07 clkload184
 1.031512e-07 5.203313e-07 4.350052e-12 6.234869e-07 fanout1362
 6.234073e-07 0.000000e+00 1.452127e-13 6.234075e-07 clkload260
 6.231260e-07 0.000000e+00 1.452127e-13 6.231261e-07 clkload286
 6.227563e-07 0.000000e+00 1.452127e-13 6.227564e-07 clkload136
 6.226519e-07 0.000000e+00 1.452127e-13 6.226521e-07 clkload197
 1.029056e-07 5.197296e-07 4.350052e-12 6.226395e-07 fanout1292
 1.102318e-07 5.119048e-07 3.987034e-12 6.221405e-07 fanout3684
 1.026547e-07 5.190520e-07 4.350052e-12 6.217111e-07 fanout1330
 1.042146e-07 5.171132e-07 4.350052e-12 6.213322e-07 fanout1311
 6.204962e-07 0.000000e+00 1.452127e-13 6.204963e-07 clkload385
 1.031403e-07 5.165237e-07 4.851640e-12 6.196688e-07 fanout3527
 6.194998e-07 0.000000e+00 1.452127e-13 6.194999e-07 clkload262
 6.193902e-07 0.000000e+00 1.452127e-13 6.193903e-07 clkload390
 6.189260e-07 0.000000e+00 1.452127e-13 6.189262e-07 clkload305
 6.186685e-07 0.000000e+00 1.452127e-13 6.186687e-07 clkload308
 1.029712e-07 5.155177e-07 4.851640e-12 6.184937e-07 fanout1604
 6.183146e-07 0.000000e+00 1.452127e-13 6.183148e-07 clkload391
 6.180110e-07 0.000000e+00 1.452127e-13 6.180112e-07 clkload204
 6.179878e-07 0.000000e+00 1.452127e-13 6.179880e-07 clkload115
 6.179764e-07 0.000000e+00 1.452127e-13 6.179766e-07 clkload236
 6.176900e-07 0.000000e+00 1.452127e-13 6.176902e-07 clkload278
 6.176757e-07 0.000000e+00 1.452127e-13 6.176758e-07 clkload403
 9.315378e-08 5.242029e-07 4.729570e-12 6.173614e-07 fanout1732
 1.034607e-07 5.138076e-07 4.350052e-12 6.172727e-07 fanout1309
 6.168672e-07 0.000000e+00 1.452127e-13 6.168673e-07 clkload203
 1.136234e-07 5.029073e-07 4.345827e-12 6.165350e-07 fanout3579
 1.031773e-07 5.132215e-07 4.350052e-12 6.164032e-07 fanout1237
 1.029416e-07 5.131228e-07 4.851640e-12 6.160692e-07 fanout1398
 1.026114e-07 5.132363e-07 4.350052e-12 6.158521e-07 fanout1256
 1.034987e-07 5.121876e-07 4.851640e-12 6.156911e-07 fanout1487
 8.733846e-08 5.280857e-07 4.335430e-12 6.154285e-07 fanout3189
 6.153885e-07 0.000000e+00 1.452127e-13 6.153887e-07 clkload312
 6.135143e-07 0.000000e+00 1.452127e-13 6.135145e-07 clkload362
 1.029395e-07 5.104764e-07 4.350052e-12 6.134202e-07 fanout1264
 6.126538e-07 0.000000e+00 1.452127e-13 6.126539e-07 clkload191
 1.096142e-07 5.027828e-07 4.048531e-12 6.124010e-07 fanout3647
 1.031468e-07 5.087092e-07 4.350052e-12 6.118603e-07 fanout1349
 1.029673e-07 5.085409e-07 4.851640e-12 6.115130e-07 fanout1432
 1.035001e-07 5.078012e-07 4.851640e-12 6.113061e-07 fanout1522
 7.379296e-08 5.373939e-07 4.804045e-12 6.111918e-07 fanout1050
 6.102475e-07 0.000000e+00 1.452127e-13 6.102476e-07 clkload194
 9.158831e-08 5.182628e-07 4.170628e-12 6.098553e-07 fanout2188
 1.035401e-07 5.057115e-07 4.851640e-12 6.092564e-07 fanout291
 1.031901e-07 5.057316e-07 4.851640e-12 6.089265e-07 fanout1466
 1.035202e-07 5.053803e-07 4.851640e-12 6.089053e-07 fanout1537
 1.029927e-07 5.058262e-07 4.350052e-12 6.088232e-07 fanout1327
 1.029471e-07 5.056147e-07 4.851640e-12 6.085667e-07 fanout1511
 6.084504e-07 0.000000e+00 1.452127e-13 6.084505e-07 clkload87
 1.032684e-07 5.047997e-07 4.819704e-12 6.080730e-07 fanout452
 8.480966e-08 5.223575e-07 4.756943e-12 6.071720e-07 fanout907
 1.034296e-07 5.026706e-07 4.350052e-12 6.061045e-07 fanout1300
 1.058937e-07 4.992834e-07 4.851640e-12 6.051819e-07 fanout286
 1.034301e-07 5.016476e-07 4.851640e-12 6.050826e-07 fanout1598
 1.036310e-07 5.009939e-07 4.851640e-12 6.046297e-07 fanout1531
 7.400764e-08 5.306136e-07 4.804045e-12 6.046261e-07 fanout1060
 1.027887e-07 5.012788e-07 4.851640e-12 6.040724e-07 fanout1462
 1.030797e-07 5.004093e-07 4.819704e-12 6.034939e-07 fanout1663
 1.029591e-07 5.004697e-07 4.851640e-12 6.034336e-07 fanout1480
 1.033778e-07 4.992753e-07 4.350052e-12 6.026575e-07 fanout1313
 9.164594e-08 5.102988e-07 4.170628e-12 6.019489e-07 fanout2186
 1.033940e-07 4.984327e-07 4.851640e-12 6.018316e-07 fanout1505
 1.038403e-07 4.979691e-07 4.350052e-12 6.018138e-07 fanout1353
 1.047178e-07 4.970027e-07 4.851640e-12 6.017254e-07 fanout301
 1.035524e-07 4.976451e-07 4.851640e-12 6.012024e-07 fanout1535
 1.031409e-07 4.961075e-07 4.851640e-12 5.992533e-07 fanout1558
 1.035152e-07 4.954466e-07 4.350052e-12 5.989662e-07 fanout1268
 1.035295e-07 4.951666e-07 4.851640e-12 5.987009e-07 fanout1528
 1.029857e-07 4.953924e-07 4.851640e-12 5.983829e-07 fanout1412
 1.119189e-07 4.861625e-07 4.003404e-12 5.980854e-07 fanout3651
 1.029796e-07 4.941917e-07 4.350052e-12 5.971756e-07 fanout1319
 1.037530e-07 4.914943e-07 4.851640e-12 5.952521e-07 fanout1521
 1.036100e-07 4.915658e-07 4.350052e-12 5.951802e-07 fanout1248
 8.756286e-08 5.069472e-07 4.335430e-12 5.945143e-07 fanout3156
 1.042105e-07 4.895446e-07 4.851640e-12 5.937599e-07 fanout1578
 1.032251e-07 4.903895e-07 4.350052e-12 5.936190e-07 fanout1305
 1.029261e-07 4.902923e-07 4.851640e-12 5.932232e-07 fanout1369
 1.030294e-07 4.901570e-07 4.350052e-12 5.931907e-07 fanout1347
 1.052510e-07 4.879160e-07 4.851640e-12 5.931718e-07 fanout215
 1.030418e-07 4.900073e-07 4.851640e-12 5.930540e-07 fanout1591
 1.046872e-07 4.867587e-07 4.851640e-12 5.914507e-07 fanout299
 1.030875e-07 4.883494e-07 4.851640e-12 5.914417e-07 fanout1407
 1.036307e-07 4.877501e-07 4.350052e-12 5.913852e-07 fanout1249
 1.033130e-07 4.880058e-07 4.851640e-12 5.913236e-07 fanout1365
 1.030238e-07 4.880453e-07 4.350052e-12 5.910734e-07 fanout1258
 1.062944e-07 4.846694e-07 4.851640e-12 5.909687e-07 fanout252
 1.035387e-07 4.871197e-07 4.851640e-12 5.906633e-07 fanout233
 1.032812e-07 4.867154e-07 4.851640e-12 5.900014e-07 fanout245
 8.796930e-08 5.019752e-07 3.972213e-12 5.899485e-07 fanout2104
 7.407431e-08 5.157846e-07 4.804045e-12 5.898637e-07 fanout1078
 1.041676e-07 4.847875e-07 4.381987e-12 5.889595e-07 fanout457
 1.029663e-07 4.857592e-07 4.350052e-12 5.887299e-07 fanout1354
 1.112308e-07 4.767488e-07 3.992122e-12 5.879836e-07 fanout3572
 1.030007e-07 4.849142e-07 4.350052e-12 5.879192e-07 fanout1324
 1.030589e-07 4.845971e-07 4.851640e-12 5.876608e-07 fanout1596
 1.034890e-07 4.840791e-07 4.851640e-12 5.875729e-07 fanout1438
 7.401465e-08 5.134593e-07 4.804045e-12 5.874788e-07 fanout1072
 7.397997e-08 5.131315e-07 4.804045e-12 5.871163e-07 fanout1076
 1.034956e-07 4.827288e-07 4.851640e-12 5.862292e-07 fanout247
 8.747377e-08 4.985787e-07 3.972213e-12 5.860564e-07 fanout2148
 1.033871e-07 4.821721e-07 4.851640e-12 5.855641e-07 fanout209
 1.033946e-07 4.818514e-07 4.851640e-12 5.852509e-07 fanout1390
 1.029580e-07 4.820583e-07 4.851640e-12 5.850210e-07 fanout1367
 1.047441e-07 4.801079e-07 4.851640e-12 5.848569e-07 fanout254
 7.431852e-08 5.104961e-07 4.804045e-12 5.848195e-07 fanout1081
 7.397523e-08 5.106883e-07 4.804045e-12 5.846683e-07 fanout1052
 1.032377e-07 4.808941e-07 4.851640e-12 5.841366e-07 fanout1406
 1.036848e-07 4.803338e-07 4.851640e-12 5.840235e-07 fanout1542
 1.043543e-07 4.790051e-07 4.851640e-12 5.833642e-07 fanout227
 1.034728e-07 4.794097e-07 4.851640e-12 5.828874e-07 fanout1452
 1.030797e-07 4.762635e-07 4.350052e-12 5.793476e-07 fanout1265
 1.030514e-07 4.762892e-07 4.350052e-12 5.793450e-07 fanout1321
 8.519233e-08 4.929978e-07 4.756943e-12 5.781949e-07 fanout919
 1.030474e-07 4.730496e-07 4.851640e-12 5.761019e-07 fanout1547
 1.037904e-07 4.705429e-07 4.350052e-12 5.743377e-07 fanout1291
 1.136692e-07 4.604658e-07 4.318175e-12 5.741393e-07 fanout3533
 1.064056e-07 4.656296e-07 4.851640e-12 5.720401e-07 fanout251
 1.031603e-07 4.687421e-07 4.851640e-12 5.719073e-07 fanout1509
 1.037430e-07 4.678491e-07 4.350052e-12 5.715965e-07 fanout1297
 1.113261e-07 4.594719e-07 3.995883e-12 5.708019e-07 fanout3625
 1.032179e-07 4.657441e-07 4.819704e-12 5.689669e-07 fanout1662
 1.229301e-07 4.455759e-07 4.042337e-12 5.685101e-07 fanout3599
 1.035796e-07 4.646611e-07 4.851640e-12 5.682456e-07 fanout1608
 1.030518e-07 4.648056e-07 4.350052e-12 5.678618e-07 fanout1352
 1.031569e-07 4.634890e-07 4.350052e-12 5.666503e-07 fanout1339
 7.411196e-08 4.920508e-07 4.804045e-12 5.661676e-07 fanout1066
 1.032301e-07 4.628071e-07 4.851640e-12 5.660420e-07 fanout1503
 1.045211e-07 4.612999e-07 4.851640e-12 5.658258e-07 fanout239
 1.030654e-07 4.620064e-07 4.350052e-12 5.650762e-07 fanout1270
 7.397675e-08 4.903497e-07 4.804045e-12 5.643313e-07 fanout1056
 5.639957e-07 0.000000e+00 1.452127e-13 5.639959e-07 clkload16
 1.057111e-07 4.570383e-07 4.015570e-12 5.627534e-07 fanout3553
 5.625736e-07 0.000000e+00 1.452127e-13 5.625738e-07 clkload1
 1.031803e-07 4.592198e-07 4.350052e-12 5.624044e-07 fanout1240
 1.179330e-07 4.444558e-07 4.005616e-12 5.623929e-07 fanout3571
 5.620282e-07 0.000000e+00 1.452127e-13 5.620283e-07 clkload5
 1.034857e-07 4.565211e-07 4.350052e-12 5.600111e-07 fanout1234
 1.035165e-07 4.529683e-07 3.942350e-12 5.564887e-07 fanout3575
 7.422293e-08 4.820764e-07 4.804045e-12 5.563042e-07 fanout1067
 1.097787e-07 4.446721e-07 4.015349e-12 5.544548e-07 fanout3682
 7.414894e-08 4.796979e-07 4.804045e-12 5.538516e-07 fanout1048
 5.537191e-07 0.000000e+00 1.452127e-13 5.537192e-07 clkload38
 5.530577e-07 0.000000e+00 1.452127e-13 5.530579e-07 clkload41
 5.500526e-07 0.000000e+00 1.452127e-13 5.500528e-07 clkload40
 1.032450e-07 4.455775e-07 4.381987e-12 5.488269e-07 fanout458
 5.474008e-07 0.000000e+00 1.452127e-13 5.474009e-07 clkload26
 1.032139e-07 4.439538e-07 4.851640e-12 5.471725e-07 fanout1539
 1.048227e-07 4.423397e-07 4.851640e-12 5.471672e-07 fanout235
 1.057003e-07 4.407325e-07 3.929519e-12 5.464367e-07 fanout3543
 1.137420e-07 4.322198e-07 4.011367e-12 5.459659e-07 fanout3604
 1.163160e-07 4.295377e-07 3.971107e-12 5.458577e-07 fanout3694
 7.427036e-08 4.713563e-07 4.804045e-12 5.456315e-07 fanout1057
 1.094122e-07 4.359276e-07 3.998095e-12 5.453438e-07 fanout3560
 1.039822e-07 4.407713e-07 4.350052e-12 5.447579e-07 fanout1242
 8.776771e-08 4.568797e-07 4.335430e-12 5.446518e-07 fanout3130
 1.039904e-07 4.392734e-07 4.350052e-12 5.432681e-07 fanout1243
 1.035230e-07 4.394054e-07 3.942350e-12 5.429322e-07 fanout3577
 1.159631e-07 4.267976e-07 3.970665e-12 5.427647e-07 fanout3623
 1.072804e-07 4.352480e-07 4.608487e-12 5.425330e-07 fanout2644
 8.753139e-08 4.539039e-07 3.972213e-12 5.414392e-07 fanout2101
 7.728924e-08 4.639995e-07 4.482977e-12 5.412932e-07 fanout1122
 1.093634e-07 4.311968e-07 3.970665e-12 5.405642e-07 fanout3660
 1.071314e-07 4.328744e-07 3.981725e-12 5.400098e-07 fanout3608
 1.157933e-07 4.241783e-07 4.020437e-12 5.399756e-07 fanout3658
 1.033840e-07 4.365686e-07 4.000307e-12 5.399565e-07 fanout3707
 7.653907e-08 4.609244e-07 4.487843e-12 5.374679e-07 fanout1941
 1.241187e-07 4.119032e-07 3.998758e-12 5.360259e-07 fanout3691
 1.031562e-07 4.323816e-07 4.350052e-12 5.355421e-07 fanout1271
 1.032448e-07 4.317132e-07 4.350052e-12 5.349625e-07 fanout1285
 1.090590e-07 4.251050e-07 4.331669e-12 5.341683e-07 fanout3656
 1.030687e-07 4.305364e-07 4.851640e-12 5.336099e-07 fanout1577
 9.510690e-08 4.360633e-07 3.981946e-12 5.311742e-07 fanout3598
 1.036108e-07 4.258139e-07 4.350052e-12 5.294290e-07 fanout1245
 1.125081e-07 4.154951e-07 4.345827e-12 5.280075e-07 fanout3580
 7.537089e-08 4.521278e-07 4.833391e-12 5.275036e-07 fanout1671
 1.029305e-07 4.215259e-07 3.944119e-12 5.244604e-07 fanout3635
 1.142949e-07 4.076557e-07 4.036143e-12 5.219547e-07 fanout3620
 7.418984e-08 4.463016e-07 4.804045e-12 5.204963e-07 fanout1051
 9.530397e-08 4.246465e-07 3.981946e-12 5.199544e-07 fanout3596
 7.425618e-08 4.397290e-07 4.804045e-12 5.139900e-07 fanout1053
 1.093407e-07 4.046212e-07 4.331669e-12 5.139663e-07 fanout3655
 9.485063e-08 4.179997e-07 4.015349e-12 5.128543e-07 fanout3703
 1.098051e-07 4.016992e-07 3.998095e-12 5.115082e-07 fanout3562
 1.049822e-07 4.064055e-07 4.287206e-12 5.113920e-07 fanout3680
 1.051316e-07 4.055401e-07 4.851640e-12 5.106766e-07 fanout1415
 7.434138e-08 4.353244e-07 4.804045e-12 5.096707e-07 fanout1065
 1.062305e-07 4.029341e-07 4.851640e-12 5.091694e-07 fanout224
 9.830507e-08 4.104674e-07 4.388299e-12 5.087768e-07 fanout3297
 9.655962e-08 4.098037e-07 3.933280e-12 5.063673e-07 fanout3602
 1.057895e-07 3.976713e-07 4.366620e-12 5.034652e-07 fanout3675
 7.426183e-08 4.273258e-07 4.804045e-12 5.015925e-07 fanout1075
 1.028159e-07 3.980944e-07 3.913814e-12 5.009142e-07 fanout3687
 1.013642e-07 3.990008e-07 4.287206e-12 5.003694e-07 fanout3678
 8.765980e-08 4.120087e-07 4.335430e-12 4.996729e-07 fanout3200
 1.202671e-07 3.790645e-07 4.400112e-12 4.993361e-07 fanout1173
 1.101772e-07 3.889997e-07 4.048531e-12 4.991810e-07 fanout1198
 1.034489e-07 3.915210e-07 4.851640e-12 4.949747e-07 fanout1418
 1.052131e-07 3.897479e-07 4.851640e-12 4.949658e-07 fanout255
 9.118787e-08 4.018084e-07 3.906735e-12 4.930002e-07 fanout3556
 1.146924e-07 3.781981e-07 4.318175e-12 4.928949e-07 fanout3532
 1.069891e-07 3.849829e-07 3.981725e-12 4.919760e-07 fanout3609
 7.472233e-08 4.167018e-07 4.804045e-12 4.914289e-07 fanout1082
 7.433462e-08 4.155696e-07 4.804045e-12 4.899090e-07 fanout1083
 1.146284e-07 3.742064e-07 3.942571e-12 4.888388e-07 fanout3633
 1.176358e-07 3.697069e-07 3.991237e-12 4.873467e-07 fanout1214
 1.103871e-07 3.766633e-07 3.987034e-12 4.870543e-07 fanout3685
 1.092847e-07 3.721015e-07 3.998095e-12 4.813901e-07 fanout3561
 4.795717e-08 4.327137e-07 4.512177e-12 4.806753e-07 wire467
 1.156951e-07 3.647601e-07 3.970665e-12 4.804592e-07 fanout3624
 1.043971e-07 3.726282e-07 4.851640e-12 4.770301e-07 fanout1527
 9.893797e-08 3.773200e-07 4.388299e-12 4.762623e-07 fanout3270
 1.089083e-07 3.667026e-07 3.970665e-12 4.756148e-07 fanout3661
 1.037012e-07 3.712574e-07 4.381987e-12 4.749630e-07 fanout455
 1.108738e-07 3.630276e-07 4.276809e-12 4.739057e-07 fanout3565
 8.755128e-08 3.830856e-07 4.335430e-12 4.706413e-07 fanout3173
 1.034487e-07 3.633819e-07 4.350052e-12 4.668350e-07 fanout1332
 1.040608e-07 3.624061e-07 4.851640e-12 4.664718e-07 fanout1396
 1.089093e-07 3.555354e-07 3.929519e-12 4.644486e-07 fanout3545
 1.041632e-07 3.555587e-07 4.350052e-12 4.597262e-07 fanout1326
 1.032295e-07 3.564168e-07 4.851640e-12 4.596512e-07 fanout1428
 8.845661e-08 3.709845e-07 3.972213e-12 4.594451e-07 fanout2138
 1.012224e-07 3.578103e-07 4.583709e-12 4.590373e-07 fanout2295
 1.040772e-07 3.539453e-07 4.350052e-12 4.580269e-07 fanout1236
 8.557495e-08 3.698595e-07 3.852759e-12 4.554383e-07 fanout3640
 5.778854e-08 3.970957e-07 3.703885e-12 4.548879e-07 fanout1346
 5.765893e-08 3.960480e-07 3.703885e-12 4.537106e-07 fanout1334
 6.451234e-08 3.886143e-07 3.777548e-12 4.531304e-07 max_cap551
 8.785528e-08 3.649871e-07 3.972213e-12 4.528463e-07 fanout2127
 6.524206e-08 3.870569e-07 4.357326e-12 4.523033e-07 fanout464
 8.815400e-08 3.637299e-07 4.335430e-12 4.518882e-07 fanout3116
 1.040691e-07 3.471885e-07 4.350052e-12 4.512619e-07 fanout1360
 1.013689e-07 3.484619e-07 3.913814e-12 4.498347e-07 fanout3688
 4.981333e-08 3.992889e-07 4.549340e-12 4.491068e-07 wire511
 1.126917e-07 3.352889e-07 4.276809e-12 4.479848e-07 fanout1176
 1.081118e-07 3.383159e-07 3.998095e-12 4.464317e-07 fanout3563
 4.458941e-07 0.000000e+00 3.807352e-12 4.458979e-07 clkload161
 4.456006e-07 0.000000e+00 3.807352e-12 4.456044e-07 clkload159
 8.785425e-08 3.571940e-07 3.972213e-12 4.450523e-07 fanout2129
 4.447273e-07 0.000000e+00 3.807352e-12 4.447311e-07 clkload205
 1.125042e-07 3.316368e-07 3.987034e-12 4.441450e-07 fanout1210
 4.438292e-07 0.000000e+00 3.807352e-12 4.438330e-07 clkload174
 4.436999e-07 0.000000e+00 3.807352e-12 4.437037e-07 clkload281
 8.788134e-08 3.554652e-07 4.335430e-12 4.433509e-07 fanout3151
 4.432552e-07 0.000000e+00 3.807352e-12 4.432590e-07 clkload176
 4.431670e-07 0.000000e+00 3.807352e-12 4.431708e-07 clkload67
 4.431008e-07 0.000000e+00 3.807352e-12 4.431046e-07 clkload208
 4.428902e-07 0.000000e+00 3.807352e-12 4.428940e-07 clkload231
 4.426108e-07 0.000000e+00 3.807352e-12 4.426146e-07 clkload157
 1.110288e-07 3.307804e-07 3.992122e-12 4.418131e-07 fanout3573
 1.079663e-07 3.335519e-07 4.366620e-12 4.415226e-07 fanout3677
 8.761349e-08 3.533550e-07 3.972213e-12 4.409725e-07 fanout2119
 4.403790e-07 0.000000e+00 3.807352e-12 4.403828e-07 clkload79
 1.039438e-07 3.353553e-07 4.851640e-12 4.393040e-07 fanout1465
 4.386425e-07 0.000000e+00 3.807352e-12 4.386463e-07 clkload273
 4.385485e-07 0.000000e+00 3.807352e-12 4.385523e-07 clkload396
 8.837036e-08 3.499756e-07 4.335430e-12 4.383503e-07 fanout3163
 4.378180e-07 0.000000e+00 3.807352e-12 4.378218e-07 clkload314
 4.378125e-07 0.000000e+00 3.807352e-12 4.378163e-07 clkload180
 8.195985e-08 3.556045e-07 4.616255e-12 4.375690e-07 fanout2309
 4.369296e-07 0.000000e+00 3.807352e-12 4.369334e-07 clkload319
 1.044546e-07 3.315356e-07 4.020437e-12 4.359942e-07 fanout3548
 7.437399e-08 3.615315e-07 4.397646e-12 4.359099e-07 fanout1042
 4.356977e-07 0.000000e+00 3.807352e-12 4.357015e-07 clkload179
 4.351868e-07 0.000000e+00 3.807352e-12 4.351907e-07 clkload58
 1.031114e-07 3.317751e-07 4.381987e-12 4.348908e-07 fanout1639
 4.345961e-07 0.000000e+00 3.807352e-12 4.345999e-07 clkload73
 4.345568e-07 0.000000e+00 3.807352e-12 4.345606e-07 clkload141
 4.343223e-07 0.000000e+00 3.807352e-12 4.343262e-07 clkload178
 4.334239e-07 0.000000e+00 3.807352e-12 4.334277e-07 clkload226
 4.333620e-07 0.000000e+00 3.807352e-12 4.333658e-07 clkload303
 4.322320e-07 0.000000e+00 3.807352e-12 4.322358e-07 clkload93
 4.316922e-07 0.000000e+00 3.807352e-12 4.316960e-07 clkload124
 8.757971e-08 3.439980e-07 3.972213e-12 4.315817e-07 fanout2084
 4.313416e-07 0.000000e+00 3.807352e-12 4.313454e-07 clkload299
 4.310972e-07 0.000000e+00 3.807352e-12 4.311010e-07 clkload369
 4.310484e-07 0.000000e+00 3.807352e-12 4.310522e-07 clkload61
 4.309068e-07 0.000000e+00 3.807352e-12 4.309106e-07 clkload316
 4.307908e-07 0.000000e+00 3.807352e-12 4.307946e-07 clkload287
 4.307137e-07 0.000000e+00 3.807352e-12 4.307175e-07 clkload335
 4.306581e-07 0.000000e+00 3.807352e-12 4.306619e-07 clkload170
 4.302696e-07 0.000000e+00 3.807352e-12 4.302734e-07 clkload341
 4.301997e-07 0.000000e+00 3.807352e-12 4.302035e-07 clkload94
 4.301566e-07 0.000000e+00 3.807352e-12 4.301604e-07 clkload380
 9.880652e-08 3.312752e-07 3.951198e-12 4.300856e-07 fanout3667
 4.299509e-07 0.000000e+00 3.807352e-12 4.299548e-07 clkload338
 4.299237e-07 0.000000e+00 3.807352e-12 4.299275e-07 clkload110
 4.298714e-07 0.000000e+00 3.807352e-12 4.298752e-07 clkload383
 4.297432e-07 0.000000e+00 3.807352e-12 4.297470e-07 clkload213
 4.296961e-07 0.000000e+00 3.807352e-12 4.296999e-07 clkload123
 4.296936e-07 0.000000e+00 3.807352e-12 4.296975e-07 clkload148
 8.756891e-08 3.421018e-07 4.335430e-12 4.296751e-07 fanout3111
 4.296245e-07 0.000000e+00 3.807352e-12 4.296283e-07 clkload100
 4.296212e-07 0.000000e+00 3.807352e-12 4.296250e-07 clkload65
 4.294633e-07 0.000000e+00 3.807352e-12 4.294671e-07 clkload181
 4.294629e-07 0.000000e+00 3.807352e-12 4.294667e-07 clkload247
 4.294607e-07 0.000000e+00 3.807352e-12 4.294645e-07 clkload393
 4.293701e-07 0.000000e+00 3.807352e-12 4.293739e-07 clkload372
 4.291826e-07 0.000000e+00 3.807352e-12 4.291865e-07 clkload379
 4.291343e-07 0.000000e+00 3.807352e-12 4.291381e-07 clkload127
 4.290273e-07 0.000000e+00 3.807352e-12 4.290311e-07 clkload154
 4.289381e-07 0.000000e+00 3.807352e-12 4.289419e-07 clkload307
 4.289091e-07 0.000000e+00 3.807352e-12 4.289129e-07 clkload210
 4.288117e-07 0.000000e+00 3.807352e-12 4.288155e-07 clkload113
 4.287641e-07 0.000000e+00 3.807352e-12 4.287679e-07 clkload211
 4.284145e-07 0.000000e+00 3.807352e-12 4.284183e-07 clkload250
 4.283969e-07 0.000000e+00 3.807352e-12 4.284007e-07 clkload215
 4.282903e-07 0.000000e+00 3.807352e-12 4.282941e-07 clkload263
 4.282266e-07 0.000000e+00 3.807352e-12 4.282304e-07 clkload117
 4.281679e-07 0.000000e+00 3.807352e-12 4.281717e-07 clkload201
 4.280065e-07 0.000000e+00 3.807352e-12 4.280103e-07 clkload192
 4.278958e-07 0.000000e+00 3.807352e-12 4.278996e-07 clkload190
 4.278588e-07 0.000000e+00 3.807352e-12 4.278626e-07 clkload97
 4.278364e-07 0.000000e+00 3.807352e-12 4.278402e-07 clkload112
 4.274354e-07 0.000000e+00 3.807352e-12 4.274392e-07 clkload336
 4.272069e-07 0.000000e+00 3.807352e-12 4.272108e-07 clkload404
 4.268511e-07 0.000000e+00 3.807352e-12 4.268549e-07 clkload409
 4.267757e-07 0.000000e+00 3.807352e-12 4.267795e-07 clkload365
 4.267074e-07 0.000000e+00 3.807352e-12 4.267112e-07 clkload135
 4.255995e-07 0.000000e+00 3.807352e-12 4.256033e-07 clkload424
 4.217698e-07 0.000000e+00 3.807352e-12 4.217736e-07 clkload6
 7.474073e-08 3.470044e-07 4.397646e-12 4.217495e-07 fanout1038
 4.204060e-07 0.000000e+00 3.807352e-12 4.204098e-07 clkload3
 8.548231e-08 3.343976e-07 3.852759e-12 4.198837e-07 fanout3638
 5.789653e-08 3.615249e-07 4.603758e-12 4.194260e-07 fanout1498
 5.804951e-08 3.604353e-07 4.603758e-12 4.184894e-07 fanout1431
 5.797815e-08 3.598007e-07 4.603758e-12 4.177835e-07 fanout1370
 8.765154e-08 3.286422e-07 3.972213e-12 4.162977e-07 fanout2132
 5.077798e-08 3.628247e-07 6.882818e-12 4.136096e-07 fanout769
 8.448536e-08 3.274503e-07 4.637469e-12 4.119403e-07 fanout2349
 5.784455e-08 3.540447e-07 3.703885e-12 4.118930e-07 fanout1325
 8.753779e-08 3.239530e-07 4.335430e-12 4.114951e-07 fanout3222
 5.801000e-08 3.531309e-07 4.603758e-12 4.111455e-07 fanout246
 5.382956e-08 3.556451e-07 4.384759e-12 4.094790e-07 fanout1728
 5.811969e-08 3.502424e-07 4.603758e-12 4.083667e-07 fanout1575
 5.795708e-08 3.496473e-07 3.703885e-12 4.076081e-07 fanout1294
 5.808971e-08 3.486862e-07 4.603758e-12 4.067805e-07 fanout1597
 8.810383e-08 3.179696e-07 4.335430e-12 4.060777e-07 fanout3120
 5.788312e-08 3.479934e-07 4.603758e-12 4.058811e-07 fanout1419
 5.797708e-08 3.454921e-07 4.603758e-12 4.034737e-07 fanout1410
 5.791596e-08 3.453284e-07 3.703885e-12 4.032480e-07 fanout1320
 5.803669e-08 3.442734e-07 4.603758e-12 4.023146e-07 fanout1510
 8.757181e-08 3.116122e-07 3.972213e-12 3.991880e-07 fanout2086
 5.791497e-08 3.403813e-07 3.703885e-12 3.982999e-07 fanout1286
 6.495003e-08 3.299167e-07 4.357326e-12 3.948711e-07 fanout463
 5.806635e-08 3.358847e-07 4.546464e-12 3.939556e-07 fanout446
 8.483703e-08 3.089875e-07 4.642149e-12 3.938292e-07 fanout2454
 5.784698e-08 3.356993e-07 4.603758e-12 3.935509e-07 fanout1559
 5.807737e-08 3.339727e-07 4.603758e-12 3.920547e-07 fanout1377
 5.792956e-08 3.331712e-07 4.603758e-12 3.911054e-07 fanout1411
 8.455194e-08 3.037961e-07 4.581120e-12 3.883526e-07 fanout2630
 5.786636e-08 3.304076e-07 4.603758e-12 3.882786e-07 fanout1555
 5.798894e-08 3.301454e-07 3.703885e-12 3.881381e-07 fanout1350
 5.804853e-08 3.297382e-07 4.603758e-12 3.877914e-07 fanout1471
 5.784401e-08 3.281563e-07 4.603758e-12 3.860049e-07 fanout1472
 9.206136e-08 2.932931e-07 4.650410e-12 3.853591e-07 fanout2225
 5.816279e-08 3.258752e-07 3.703885e-12 3.840417e-07 fanout1238
 4.812177e-08 3.351747e-07 4.433868e-12 3.833009e-07 fanout908
 6.163226e-08 3.186994e-07 4.855462e-12 3.803365e-07 fanout388
 5.790802e-08 3.180033e-07 4.603758e-12 3.759159e-07 fanout1427
 8.350680e-08 2.918369e-07 4.584820e-12 3.753483e-07 fanout2639
 7.967493e-08 2.940008e-07 4.617741e-12 3.736804e-07 fanout2301
 8.452885e-08 2.888309e-07 4.595787e-12 3.733643e-07 fanout2487
 8.765389e-08 2.856634e-07 4.335430e-12 3.733217e-07 fanout3158
 5.784461e-08 3.147393e-07 3.703885e-12 3.725876e-07 fanout1343
 5.791213e-08 3.107876e-07 4.603758e-12 3.687044e-07 fanout1564
 5.981161e-08 3.088817e-07 4.854475e-12 3.686982e-07 fanout384
 5.799592e-08 3.101835e-07 4.603758e-12 3.681840e-07 fanout1453
 5.547001e-08 3.120579e-07 4.844981e-12 3.675327e-07 fanout865
 5.800864e-08 3.072499e-07 4.603758e-12 3.652632e-07 fanout1515
 5.801172e-08 3.061963e-07 4.603758e-12 3.642127e-07 fanout1440
 8.335785e-08 2.802131e-07 4.606890e-12 3.635756e-07 fanout2218
 5.818761e-08 2.971643e-07 4.603758e-12 3.553565e-07 fanout1383
 5.803263e-08 2.960478e-07 4.603758e-12 3.540850e-07 fanout1538
 6.171057e-08 2.917266e-07 4.855462e-12 3.534420e-07 fanout387
 5.809994e-08 2.937889e-07 4.603758e-12 3.518934e-07 fanout1490
 5.809624e-08 2.914460e-07 4.603758e-12 3.495468e-07 fanout1546
 9.478478e-08 2.539558e-07 4.015349e-12 3.487445e-07 fanout3704
 5.804532e-08 2.887489e-07 4.603758e-12 3.467989e-07 fanout1574
 5.813678e-08 2.882132e-07 3.761178e-12 3.463537e-07 fanout460
 8.190163e-08 2.640175e-07 4.594184e-12 3.459237e-07 fanout2657
 5.925887e-08 2.866230e-07 4.603758e-12 3.458864e-07 fanout259
 5.822174e-08 2.855639e-07 4.603758e-12 3.437903e-07 fanout1374
 8.414034e-08 2.581402e-07 4.571256e-12 3.422851e-07 fanout2581
 5.908111e-08 2.831516e-07 4.603758e-12 3.422374e-07 fanout207
 5.249428e-08 2.874423e-07 4.384759e-12 3.399409e-07 fanout1727
 4.932135e-08 2.890675e-07 4.340187e-12 3.383932e-07 fanout420
 5.454087e-08 2.833640e-07 4.341914e-12 3.379092e-07 fanout413
 5.804236e-08 2.780834e-07 3.703885e-12 3.361295e-07 fanout1244
 5.550683e-08 2.786252e-07 4.859778e-12 3.341369e-07 fanout416
 5.066820e-08 2.817387e-07 4.857928e-12 3.324118e-07 fanout502
 5.997492e-08 2.698324e-07 4.854475e-12 3.298122e-07 fanout385
 4.190585e-08 2.869727e-07 4.518370e-12 3.288830e-07 fanout1079
 5.482500e-08 2.735283e-07 4.607076e-12 3.283579e-07 fanout398
 4.832728e-08 2.780191e-07 4.433868e-12 3.263509e-07 fanout911
 6.681493e-08 2.592322e-07 3.793696e-12 3.260509e-07 fanout3552
 5.091142e-08 2.746289e-07 4.343763e-12 3.255447e-07 fanout544
 5.827509e-08 2.662889e-07 4.603758e-12 3.245686e-07 fanout234
 4.184091e-08 2.820594e-07 4.518370e-12 3.239048e-07 fanout1054
 5.848158e-08 2.638012e-07 4.603758e-12 3.222873e-07 fanout3526
 4.977976e-08 2.712441e-07 4.858791e-12 3.210288e-07 fanout347
 5.810147e-08 2.624560e-07 4.603758e-12 3.205621e-07 fanout1389
 5.811374e-08 2.613109e-07 4.603758e-12 3.194292e-07 fanout1421
 5.786314e-08 2.584603e-07 4.857065e-12 3.163283e-07 fanout482
 5.768391e-08 2.570925e-07 4.343147e-12 3.147807e-07 fanout343
 5.816162e-08 2.557586e-07 4.603758e-12 3.139248e-07 fanout1508
 5.814161e-08 2.530760e-07 3.703885e-12 3.112213e-07 fanout1266
 5.076312e-08 2.602631e-07 4.857928e-12 3.110310e-07 fanout503
 4.815371e-08 2.585596e-07 4.433868e-12 3.067178e-07 fanout913
 5.844181e-08 2.478387e-07 4.857065e-12 3.062854e-07 fanout479
 5.817067e-08 2.475703e-07 4.603758e-12 3.057456e-07 fanout1444
 5.866139e-08 2.467395e-07 4.603758e-12 3.054055e-07 fanout1388
 5.810087e-08 2.471894e-07 3.703885e-12 3.052940e-07 fanout1272
 5.628517e-08 2.452329e-07 4.343147e-12 3.015224e-07 fanout342
 5.934501e-08 2.412261e-07 4.603758e-12 3.005757e-07 fanout274
 5.816798e-08 2.415710e-07 4.603758e-12 2.997436e-07 fanout1436
 5.847043e-08 2.399019e-07 4.603758e-12 2.983770e-07 fanout1488
 5.815089e-08 2.399789e-07 4.603758e-12 2.981344e-07 fanout1422
 5.822935e-08 2.379969e-07 4.603758e-12 2.962309e-07 fanout1557
 5.812657e-08 2.340052e-07 3.703885e-12 2.921355e-07 fanout1340
 5.840354e-08 2.325189e-07 4.546464e-12 2.909270e-07 fanout1654
 5.822645e-08 2.326640e-07 4.603758e-12 2.908950e-07 fanout1548
 5.837925e-08 2.319313e-07 4.603758e-12 2.903151e-07 fanout1602
 5.829373e-08 2.316028e-07 4.603758e-12 2.899011e-07 fanout1366
 5.884560e-08 2.281034e-07 4.603758e-12 2.869536e-07 fanout1463
 4.399798e-08 2.424386e-07 4.863353e-12 2.864414e-07 fanout407
 5.857044e-08 2.269925e-07 4.603758e-12 2.855676e-07 fanout1379
 5.400476e-08 2.309124e-07 4.607076e-12 2.849218e-07 fanout397
 5.816285e-08 2.266061e-07 4.603758e-12 2.847735e-07 fanout1404
 5.828831e-08 2.259868e-07 4.603758e-12 2.842797e-07 fanout1392
 4.335680e-08 2.395637e-07 4.863353e-12 2.829253e-07 fanout406
 5.821212e-08 2.233916e-07 3.761178e-12 2.816074e-07 fanout1629
 5.837547e-08 2.230929e-07 4.603758e-12 2.814730e-07 fanout1439
 5.816963e-08 2.225361e-07 4.603758e-12 2.807103e-07 fanout1540
 5.901516e-08 2.188394e-07 4.603758e-12 2.778591e-07 fanout193
 5.843324e-08 2.173501e-07 4.603758e-12 2.757879e-07 fanout1536
 4.310207e-08 2.325148e-07 4.338338e-12 2.756212e-07 fanout408
 3.933584e-08 2.360937e-07 4.865079e-12 2.754344e-07 fanout374
 4.959167e-08 2.239441e-07 4.340187e-12 2.735401e-07 fanout419
 5.622041e-08 2.169683e-07 4.858544e-12 2.731936e-07 fanout341
 5.972077e-08 2.127950e-07 4.603758e-12 2.725204e-07 fanout287
 5.819404e-08 2.134483e-07 4.603758e-12 2.716469e-07 fanout1584
 2.709838e-07 0.000000e+00 1.567550e-12 2.709854e-07 clkload0
 5.862946e-08 2.077980e-07 4.857065e-12 2.664323e-07 fanout481
 5.827028e-08 2.068526e-07 3.761178e-12 2.651267e-07 fanout1645
 5.882040e-08 2.047936e-07 4.603758e-12 2.636186e-07 fanout223
 2.605590e-07 0.000000e+00 1.525705e-12 2.605605e-07 clkload414
 5.815836e-08 2.013071e-07 4.603758e-12 2.594701e-07 fanout1442
 5.389090e-08 2.054857e-07 4.607076e-12 2.593812e-07 fanout395
 2.587244e-07 0.000000e+00 1.525705e-12 2.587259e-07 clkload412
 5.826099e-08 2.003719e-07 4.546464e-12 2.586375e-07 fanout453
 2.584704e-07 0.000000e+00 1.525705e-12 2.584720e-07 clkload416
 6.132384e-08 1.957410e-07 4.617371e-12 2.570694e-07 fanout2361
 5.805640e-08 1.984129e-07 4.603758e-12 2.564739e-07 fanout1430
 4.224401e-08 2.138659e-07 4.864956e-12 2.561148e-07 fanout474
 5.415873e-08 2.006927e-07 6.875419e-12 2.548583e-07 fanout435
 5.821012e-08 1.945637e-07 3.761178e-12 2.527776e-07 fanout1627
 3.684962e-08 2.144754e-07 3.716936e-12 2.513287e-07 fanout466
 5.819260e-08 1.912606e-07 4.603758e-12 2.494578e-07 fanout1589
 5.842463e-08 1.905606e-07 4.603758e-12 2.489898e-07 fanout1572
 2.479948e-07 0.000000e+00 1.525705e-12 2.479963e-07 clkload410
 5.812943e-08 1.878760e-07 4.603758e-12 2.460100e-07 fanout1606
 5.093506e-08 1.941899e-07 4.857928e-12 2.451298e-07 fanout501
 5.787265e-08 1.868725e-07 4.857065e-12 2.447500e-07 fanout478
 5.005507e-08 1.926375e-07 4.342900e-12 2.426969e-07 fanout344
 5.041062e-08 1.857585e-07 4.861504e-12 2.361740e-07 fanout422
 5.600553e-08 1.800367e-07 4.613179e-12 2.360468e-07 fanout2513
 5.816601e-08 1.753563e-07 3.703885e-12 2.335260e-07 fanout1307
 5.102205e-08 1.816007e-07 4.343763e-12 2.326271e-07 fanout543
 5.819128e-08 1.735841e-07 4.603758e-12 2.317800e-07 fanout1587
 5.611302e-08 1.750160e-07 4.596903e-12 2.311336e-07 fanout2440
 3.696263e-08 1.920367e-07 4.590707e-12 2.290039e-07 fanout489
 5.005789e-08 1.723395e-07 4.342900e-12 2.224017e-07 fanout346
 4.330323e-08 1.789691e-07 4.338338e-12 2.222767e-07 fanout411
 4.621466e-08 1.753817e-07 4.604172e-12 2.216009e-07 fanout2348
 3.803087e-08 1.816523e-07 4.619464e-12 2.196878e-07 fanout393
 5.138183e-08 1.603784e-07 4.598376e-12 2.117648e-07 fanout2294
 4.663280e-08 1.535560e-07 4.593691e-12 2.001934e-07 fanout2683
 4.085023e-08 1.584478e-07 4.590608e-12 1.993026e-07 fanout2223
 2.466956e-08 1.706025e-07 3.682870e-12 1.952757e-07 fanout412
 4.099729e-08 1.540027e-07 4.336735e-12 1.950044e-07 fanout475
 3.678005e-08 1.556917e-07 4.590707e-12 1.924763e-07 fanout495
 4.077942e-08 1.506695e-07 4.590608e-12 1.914535e-07 fanout2221
 4.884097e-08 1.407776e-07 4.535622e-12 1.896231e-07 fanout2300
 3.702908e-08 1.502687e-07 4.590707e-12 1.873024e-07 fanout492
 4.421803e-08 1.402088e-07 4.594560e-12 1.844314e-07 fanout2433
 4.109321e-08 1.399012e-07 4.864956e-12 1.809993e-07 fanout470
 4.240735e-08 1.385660e-07 4.548069e-12 1.809779e-07 fanout2486
 4.137029e-08 1.385982e-07 4.590978e-12 1.799731e-07 fanout2224
 3.676754e-08 1.321246e-07 4.590707e-12 1.688967e-07 fanout498
 7.123050e-08 9.649187e-08 1.181000e-12 1.677235e-07 wire637
 3.575700e-08 1.290596e-07 4.566324e-12 1.648212e-07 fanout2472
 3.496642e-08 1.267762e-07 4.715267e-12 1.617474e-07 fanout2299
 3.733847e-08 1.233757e-07 4.597026e-12 1.607188e-07 fanout2573
 3.606925e-08 1.244210e-07 4.701210e-12 1.604950e-07 fanout2385
 3.385357e-08 1.256585e-07 4.158240e-12 1.595163e-07 fanout2328
 6.275027e-08 9.563841e-08 1.181000e-12 1.583899e-07 max_cap357
 6.823285e-08 8.683357e-08 1.181000e-12 1.550676e-07 max_cap373
 3.581608e-08 1.191437e-07 4.567433e-12 1.549643e-07 fanout2659
 2.919394e-08 1.242493e-07 4.610096e-12 1.534479e-07 fanout2293
 2.930124e-08 1.197576e-07 3.692603e-12 1.490625e-07 fanout545
 2.306821e-08 1.204967e-07 4.627649e-12 1.435696e-07 fanout473
 3.163647e-08 1.114883e-07 4.612803e-12 1.431293e-07 fanout2393
 6.649753e-08 7.598346e-08 1.181000e-12 1.424822e-07 max_cap642
 2.975639e-08 1.115235e-07 4.868285e-12 1.412848e-07 fanout349
 6.808265e-08 7.174413e-08 1.181000e-12 1.398279e-07 max_cap372
 2.826936e-08 1.098951e-07 4.044759e-12 1.381686e-07 fanout2394
 6.316358e-08 7.490355e-08 1.181000e-12 1.380683e-07 wire635
 6.667337e-08 6.958577e-08 1.181000e-12 1.362603e-07 max_cap636
 3.063425e-08 1.052337e-07 4.823403e-12 1.358728e-07 fanout2519
 2.340106e-08 1.123093e-07 4.869888e-12 1.357152e-07 fanout751
 6.204531e-08 7.347485e-08 1.181000e-12 1.355213e-07 wire634
 2.454189e-08 1.107398e-07 4.624773e-12 1.352863e-07 fanout405
 3.032524e-08 1.009652e-07 4.436240e-12 1.312949e-07 fanout2627
 3.156849e-08 9.937244e-08 4.697265e-12 1.309456e-07 fanout2380
 3.284166e-08 9.679272e-08 4.613491e-12 1.296390e-07 fanout480
 4.233579e-08 8.700637e-08 1.181000e-12 1.293433e-07 wire354
 2.278303e-08 1.052104e-07 4.843501e-12 1.279983e-07 fanout86
 2.441092e-08 1.016600e-07 3.682870e-12 1.260746e-07 fanout410
 5.937012e-08 6.608438e-08 1.181000e-12 1.254557e-07 wire639
 2.748911e-08 9.713549e-08 4.505283e-12 1.246291e-07 fanout2340
 2.340992e-08 1.008977e-07 4.178160e-12 1.243118e-07 fanout2611
 3.051867e-08 9.340832e-08 4.823403e-12 1.239318e-07 fanout2517
 2.405326e-08 9.881151e-08 4.294295e-12 1.228691e-07 fanout2656
 5.959194e-08 6.207873e-08 1.181000e-12 1.216718e-07 wire640
 5.508472e-08 6.516575e-08 1.181000e-12 1.202517e-07 wire638
 3.974316e-08 8.049183e-08 1.181000e-12 1.202362e-07 max_cap360
 3.031946e-08 8.793071e-08 4.823403e-12 1.182550e-07 fanout2514
 2.296485e-08 9.463229e-08 4.135455e-12 1.176013e-07 fanout2220
 1.857661e-08 9.667473e-08 4.836596e-12 1.152562e-07 fanout68
 2.390734e-08 8.892323e-08 4.331433e-12 1.128349e-07 fanout381
 2.588497e-08 8.692202e-08 4.485561e-12 1.128115e-07 fanout2557
 2.507747e-08 8.682051e-08 4.484574e-12 1.119025e-07 fanout2554
 2.020970e-08 8.862092e-08 4.065331e-12 1.088347e-07 fanout2241
 2.024679e-08 8.760902e-08 4.065331e-12 1.078599e-07 fanout2238
 2.097169e-08 8.623645e-08 4.168858e-12 1.072123e-07 fanout2243
 4.888965e-08 5.822488e-08 1.181000e-12 1.071157e-07 max_cap434
 2.310272e-08 8.340412e-08 4.627649e-12 1.065115e-07 fanout472
 2.344444e-08 8.272630e-08 4.493699e-12 1.061752e-07 fanout2466
 2.552016e-08 7.940395e-08 4.215102e-12 1.049283e-07 fanout2585
 2.485039e-08 7.754640e-08 4.506276e-12 1.024013e-07 fanout2526
 2.077121e-08 7.695936e-08 4.430198e-12 9.773500e-08 fanout2655
 2.297119e-08 7.459432e-08 4.135455e-12 9.756965e-08 fanout2222
 2.128527e-08 7.610144e-08 4.404428e-12 9.739112e-08 fanout2347
 1.431738e-08 8.302656e-08 4.818594e-12 9.734876e-08 fanout136
 1.801445e-08 7.784440e-08 3.896559e-12 9.586275e-08 fanout2670
 1.589084e-08 7.950287e-08 4.381740e-12 9.539809e-08 fanout80
 1.817872e-08 7.358767e-08 4.326802e-12 9.177072e-08 fanout2379
 1.281542e-08 7.704377e-08 4.589158e-12 8.986378e-08 fanout88
 1.514827e-08 7.423437e-08 4.019773e-12 8.938666e-08 fanout2350
 2.019130e-08 6.642266e-08 4.093879e-12 8.661806e-08 fanout2661
 3.544294e-08 5.104803e-08 1.181000e-12 8.649215e-08 wire213
 4.209553e-08 4.413914e-08 1.181000e-12 8.623584e-08 max_cap353
 1.094237e-08 7.503012e-08 3.807411e-12 8.597630e-08 fanout2539
 3.758548e-08 4.830475e-08 1.181000e-12 8.589140e-08 max_cap356
 1.962509e-08 6.587184e-08 4.401839e-12 8.550133e-08 fanout2319
 1.591588e-08 6.922040e-08 4.452886e-12 8.514073e-08 fanout2257
 1.771073e-08 6.685548e-08 4.329707e-12 8.457054e-08 fanout380
 1.712162e-08 6.714870e-08 3.858511e-12 8.427418e-08 fanout2622
 2.015925e-08 6.288184e-08 4.411703e-12 8.304550e-08 fanout2619
 1.712316e-08 6.568298e-08 3.858511e-12 8.280999e-08 fanout2626
 1.407450e-08 6.771056e-08 4.328720e-12 8.178938e-08 fanout756
 4.898409e-08 3.242925e-08 1.181000e-12 8.141453e-08 max_cap433
 3.352943e-08 4.748812e-08 1.181000e-12 8.101873e-08 wire364
 1.614198e-08 6.451652e-08 4.472244e-12 8.066297e-08 fanout2500
 1.926534e-08 6.019173e-08 4.401839e-12 7.946148e-08 fanout2315
 2.011332e-08 5.934056e-08 4.435377e-12 7.945832e-08 fanout2281
 1.602547e-08 6.318563e-08 4.561515e-12 7.921567e-08 fanout2682
 1.786441e-08 6.117047e-08 4.326802e-12 7.903920e-08 fanout2383
 1.756552e-08 6.127019e-08 4.413922e-12 7.884012e-08 fanout2480
 1.592466e-08 6.037136e-08 4.779261e-12 7.630081e-08 fanout2210
 1.595394e-08 5.617141e-08 4.452886e-12 7.212980e-08 fanout2255
 1.286571e-08 5.856680e-08 3.886605e-12 7.143640e-08 fanout2307
 3.451607e-08 3.590112e-08 1.181000e-12 7.041837e-08 max_cap378
 1.267837e-08 5.630219e-08 3.886605e-12 6.898444e-08 fanout2305
 8.277827e-09 5.995401e-08 4.333282e-12 6.823618e-08 max_cap157
 9.339120e-09 5.826768e-08 4.865203e-12 6.761167e-08 max_cap189
 1.055781e-08 5.632025e-08 4.576770e-12 6.688263e-08 fanout69
 1.460076e-08 5.219589e-08 4.351038e-12 6.680099e-08 fanout123
 1.683165e-08 4.795196e-08 3.858511e-12 6.478746e-08 fanout2624
 1.285148e-08 5.183056e-08 4.589158e-12 6.468663e-08 fanout87
 3.788374e-08 2.544019e-08 1.181000e-12 6.332511e-08 max_cap538
 1.105409e-08 5.046430e-08 3.796793e-12 6.152219e-08 fanout2317
 1.287397e-08 4.821517e-08 3.886605e-12 6.109302e-08 fanout2302
 1.458076e-08 4.637090e-08 4.382850e-12 6.095605e-08 fanout2339
 1.409216e-08 4.639734e-08 4.872971e-12 6.049437e-08 fanout755
 9.378113e-09 5.079223e-08 4.338584e-12 6.017468e-08 fanout166
 1.428279e-08 4.480757e-08 4.408990e-12 5.909477e-08 fanout2532
 1.109084e-08 4.496817e-08 3.807411e-12 5.606282e-08 fanout2537
 1.288534e-08 4.312865e-08 3.886605e-12 5.601788e-08 fanout2303
 1.023545e-08 4.470022e-08 3.892345e-12 5.493956e-08 fanout2416
 9.645627e-09 4.311048e-08 4.640700e-12 5.276075e-08 fanout391
 2.149461e-08 2.964157e-08 1.181000e-12 5.113736e-08 max_cap260
 8.953104e-09 4.102339e-08 3.785290e-12 4.998028e-08 fanout2298
 8.950061e-09 4.035788e-08 3.888374e-12 4.931182e-08 fanout2256
 9.883245e-09 3.839446e-08 3.818472e-12 4.828152e-08 fanout2483
 1.136756e-08 3.613082e-08 3.856962e-12 4.750224e-08 fanout2279
 8.956971e-09 3.801557e-08 3.833735e-12 4.697638e-08 fanout2465
 2.103928e-08 2.571433e-08 1.181000e-12 4.675479e-08 max_cap363
 8.941220e-09 3.705286e-08 3.833735e-12 4.599791e-08 fanout2463
 1.107260e-08 3.441568e-08 3.796793e-12 4.549208e-08 fanout2316
 5.205754e-09 3.998377e-08 4.869272e-12 4.519439e-08 wire72
 1.127080e-08 3.377203e-08 3.814490e-12 4.504664e-08 fanout2616
 9.051288e-09 3.577260e-08 3.923104e-12 4.482781e-08 fanout2501
 9.513620e-09 3.518074e-08 4.375822e-12 4.469873e-08 fanout2264
 6.886696e-09 3.759617e-08 4.869025e-12 4.448774e-08 fanout174
 2.121980e-08 2.118482e-08 1.181000e-12 4.240581e-08 max_cap362
 7.591798e-09 3.262470e-08 3.744588e-12 4.022024e-08 fanout2571
 1.654235e-08 2.316247e-08 1.181000e-12 3.970601e-08 max_cap361
 8.749854e-09 3.053012e-08 3.786396e-12 3.928376e-08 fanout2443
 9.170780e-09 2.984306e-08 4.399613e-12 3.901824e-08 fanout2329
 7.434147e-09 3.103701e-08 3.814700e-12 3.847497e-08 fanout2431
 7.465949e-09 2.926822e-08 3.775115e-12 3.673794e-08 fanout2375
 6.536064e-09 2.966422e-08 3.742597e-12 3.620402e-08 fanout2215
 7.470250e-09 2.802111e-08 3.775115e-12 3.549514e-08 fanout2374
 7.297934e-09 2.813131e-08 3.775115e-12 3.543302e-08 fanout2370
 7.713896e-09 2.747579e-08 3.814700e-12 3.519350e-08 fanout2432
 6.374528e-09 2.808900e-08 3.742597e-12 3.446727e-08 fanout2211
 8.874387e-09 2.549069e-08 3.833735e-12 3.436891e-08 fanout2462
 6.562539e-09 2.726010e-08 3.742597e-12 3.382638e-08 fanout2212
 7.881232e-09 2.522424e-08 4.354861e-12 3.310982e-08 fanout2579
 7.472374e-09 2.473059e-08 3.775115e-12 3.220674e-08 fanout2372
 5.267851e-09 2.640501e-08 4.332296e-12 3.167719e-08 fanout105
 5.281402e-09 2.520103e-08 4.864340e-12 3.048730e-08 fanout83
 5.326302e-09 2.449402e-08 3.750118e-12 2.982407e-08 fanout2262
 5.213110e-09 2.324549e-08 4.348572e-12 2.846295e-08 fanout2407
 6.805654e-09 2.149405e-08 4.352764e-12 2.830405e-08 fanout2569
 6.808087e-09 2.140413e-08 4.352764e-12 2.821657e-08 fanout2570
 1.143950e-08 1.651421e-08 1.181000e-12 2.795489e-08 max_cap355
 6.274476e-09 2.113599e-08 4.343147e-12 2.741480e-08 fanout2359
 6.101374e-09 2.108822e-08 4.343147e-12 2.719394e-08 fanout2356
 5.353469e-09 2.152232e-08 3.750118e-12 2.687954e-08 fanout2261
 4.920735e-09 1.986788e-08 3.762063e-12 2.479237e-08 fanout2587
 5.100346e-09 1.945046e-08 3.762063e-12 2.455457e-08 fanout2588
 4.140378e-09 1.981696e-08 4.350052e-12 2.396168e-08 fanout2343
 3.758720e-09 1.960152e-08 4.334269e-12 2.336457e-08 fanout111
 3.756956e-09 1.934671e-08 4.330570e-12 2.310800e-08 fanout135
 3.521828e-09 1.957728e-08 3.699903e-12 2.310281e-08 fanout2412
 4.342521e-09 1.751873e-08 3.712512e-12 2.186496e-08 fanout2576
 6.296371e-09 1.540109e-08 3.664288e-12 2.170113e-08 wire1625
 3.604916e-09 1.757186e-08 4.350421e-12 2.118113e-08 fanout2423
 4.005079e-09 1.702119e-08 3.718042e-12 2.102998e-08 fanout2250
 5.197287e-09 1.559971e-08 4.341051e-12 2.080134e-08 fanout2470
 5.191054e-09 1.496782e-08 4.342160e-12 2.016322e-08 fanout2547
 4.059343e-09 1.596325e-08 4.655101e-12 2.002725e-08 fanout2680
 3.736452e-09 1.617455e-08 4.334269e-12 1.991533e-08 fanout112
 3.219228e-09 1.635320e-08 4.872354e-12 1.957730e-08 fanout129
 3.846250e-09 1.548998e-08 3.689064e-12 1.933992e-08 fanout2322
 3.448640e-09 1.548801e-08 3.692382e-12 1.894034e-08 fanout2645
 3.536074e-09 1.501872e-08 3.692382e-12 1.855849e-08 fanout2649
 3.417341e-09 1.481371e-08 3.699903e-12 1.823475e-08 fanout2411
 4.147862e-09 1.398462e-08 4.655101e-12 1.813713e-08 fanout2679
 3.215928e-09 1.479847e-08 4.329830e-12 1.801872e-08 fanout179
 2.695430e-09 1.493079e-08 4.330323e-12 1.763055e-08 fanout150
 3.586420e-09 1.373784e-08 3.692382e-12 1.732795e-08 fanout2646
 3.615950e-09 1.284726e-08 4.350421e-12 1.646756e-08 fanout2422
 2.698130e-09 1.373064e-08 4.873834e-12 1.643364e-08 fanout92
 2.700949e-09 1.364057e-08 4.872847e-12 1.634639e-08 fanout186
 2.697776e-09 1.361306e-08 4.873710e-12 1.631571e-08 fanout101
 2.932749e-09 1.248056e-08 3.689727e-12 1.541700e-08 fanout2545
 3.031767e-09 1.234614e-08 4.626543e-12 1.538253e-08 fanout84
 2.871318e-09 1.245997e-08 3.701230e-12 1.533499e-08 fanout2404
 3.508681e-09 1.127103e-08 3.692382e-12 1.478340e-08 fanout2653
 2.896482e-09 1.109729e-08 3.689727e-12 1.399746e-08 fanout2546
 2.718761e-09 1.110047e-08 4.329090e-12 1.382356e-08 fanout74
 5.369170e-09 7.763926e-09 1.181000e-12 1.313428e-08 wire367
 3.076527e-09 1.004335e-08 4.335748e-12 1.312421e-08 fanout2439
 2.632413e-09 1.046553e-08 3.723794e-12 1.310167e-08 fanout2428
 2.873277e-09 9.997837e-09 3.689727e-12 1.287480e-08 fanout2541
 5.396850e-09 7.410003e-09 1.181000e-12 1.280803e-08 wire359
 2.331130e-09 1.037040e-08 3.703885e-12 1.270523e-08 fanout2345
 2.639636e-09 9.752349e-09 3.723794e-12 1.239571e-08 fanout2430
 1.653452e-09 1.056928e-08 4.874204e-12 1.222761e-08 wire153
 2.809912e-09 9.285499e-09 4.838692e-12 1.210025e-08 fanout2674
 2.275557e-09 9.199278e-09 3.703885e-12 1.147854e-08 fanout2341
 1.932962e-09 9.368960e-09 4.339201e-12 1.130626e-08 fanout173
 2.462025e-09 8.569221e-09 4.330693e-12 1.103558e-08 fanout2362
 3.950955e-09 7.081444e-09 1.181000e-12 1.103358e-08 wire1618
 1.531221e-09 9.114555e-09 4.643576e-12 1.065042e-08 fanout94
 2.241243e-09 8.349390e-09 4.840419e-12 1.059547e-08 fanout2673
 2.535834e-09 7.940701e-09 4.330693e-12 1.048087e-08 fanout2367
 2.261653e-09 7.924542e-09 4.840419e-12 1.019104e-08 fanout2672
 2.037549e-09 8.078310e-09 3.704548e-12 1.011956e-08 fanout2419
 1.730537e-09 7.710724e-09 3.675349e-12 9.444936e-09 fanout2609
 1.431380e-09 7.825838e-09 4.872354e-12 9.262091e-09 fanout144
 2.010684e-09 6.985847e-09 4.337474e-12 9.000869e-09 fanout2600
 1.733429e-09 7.189787e-09 3.678224e-12 8.926894e-09 fanout2436
 1.426085e-09 7.474653e-09 3.669155e-12 8.904407e-09 fanout2363
 3.948618e-09 4.573209e-09 1.181000e-12 8.523009e-09 max_cap1617
 2.004560e-09 6.458347e-09 4.335255e-12 8.467242e-09 fanout2636
 2.004410e-09 6.377277e-09 4.332789e-12 8.386019e-09 fanout2521
 2.003252e-09 6.287832e-09 4.332049e-12 8.295415e-09 fanout2288
 1.524439e-09 6.716154e-09 4.643576e-12 8.245237e-09 fanout93
 1.980109e-09 6.169301e-09 4.332789e-12 8.153743e-09 fanout2525
 1.968568e-09 6.001323e-09 4.337474e-12 7.974228e-09 fanout2602
 1.154703e-09 6.128580e-09 4.874820e-12 7.288158e-09 fanout79
 1.152637e-09 6.127563e-09 4.327857e-12 7.284528e-09 fanout91
 1.390003e-09 5.672435e-09 3.669155e-12 7.066106e-09 fanout2368
 1.699103e-09 5.170138e-09 3.675349e-12 6.872916e-09 fanout2606
 1.424421e-09 5.242177e-09 4.329337e-12 6.670927e-09 fanout2456
 1.728630e-09 4.922863e-09 3.675349e-12 6.655168e-09 fanout2607
 1.159073e-09 5.386399e-09 4.874820e-12 6.550347e-09 fanout178
 2.526114e-09 3.857177e-09 1.181000e-12 6.384472e-09 wire1616
 7.587960e-10 5.376661e-09 7.510248e-12 6.142968e-09 fanout2780
 2.348994e-09 3.792628e-09 1.181000e-12 6.142803e-09 wire365
 1.428533e-09 4.631456e-09 3.669155e-12 6.063658e-09 fanout2366
 1.130152e-09 4.894956e-09 3.677340e-12 6.028786e-09 fanout2634
 3.250837e-09 1.867889e-09 1.181000e-12 5.119907e-09 max_cap295
 8.158838e-10 3.672390e-09 3.666721e-12 4.491941e-09 fanout2457
 1.145510e-09 3.229538e-09 3.681321e-12 4.378729e-09 fanout2603
 9.114093e-10 3.017656e-09 4.328843e-12 3.933394e-09 fanout2493
 6.430905e-10 3.271061e-09 4.876054e-12 3.919027e-09 fanout169
 1.823720e-09 1.867109e-09 1.181000e-12 3.692010e-09 max_cap358
 6.479545e-10 2.693685e-09 4.875930e-12 3.346516e-09 fanout97
 3.895895e-10 2.840304e-09 4.328473e-12 3.234222e-09 fanout2872
 1.296887e-09 1.784675e-09 1.181000e-12 3.082744e-09 max_cap348
 3.817404e-10 2.555691e-09 4.328473e-12 2.941760e-09 fanout2779
 5.276662e-10 2.247196e-09 3.667828e-12 2.778530e-09 fanout2401
 5.275645e-10 2.214328e-09 3.668270e-12 2.745560e-09 fanout2392
 3.916343e-10 2.259519e-09 4.328473e-12 2.655482e-09 fanout2832
 3.838466e-10 2.253268e-09 4.328473e-12 2.641444e-09 fanout2962
 5.156820e-10 2.112040e-09 3.665837e-12 2.631387e-09 fanout2488
 3.840867e-10 2.186702e-09 4.328473e-12 2.575117e-09 fanout2908
 3.842680e-10 2.153666e-09 4.328473e-12 2.542262e-09 fanout3000
 3.843578e-10 2.118894e-09 4.328473e-12 2.507581e-09 fanout2889
 3.841721e-10 2.113631e-09 4.328473e-12 2.502132e-09 fanout2950
 3.852015e-10 2.100149e-09 4.328473e-12 2.489679e-09 fanout2740
 5.273643e-10 1.953715e-09 3.668270e-12 2.484748e-09 fanout2387
 3.847558e-10 2.038409e-09 4.328473e-12 2.427493e-09 fanout3051
 3.857020e-10 2.009271e-09 4.328473e-12 2.399301e-09 fanout2918
 3.872838e-10 1.988826e-09 4.328473e-12 2.380439e-09 fanout3016
 5.282546e-10 1.834439e-09 3.665837e-12 2.366360e-09 fanout2489
 5.141416e-10 1.826693e-09 3.668270e-12 2.344503e-09 fanout2386
 4.005447e-10 1.926622e-09 4.328597e-12 2.331495e-09 fanout2234
 3.859958e-10 1.872685e-09 4.328473e-12 2.263010e-09 fanout2797
 3.860257e-10 1.854651e-09 4.328473e-12 2.245006e-09 fanout2835
 2.566839e-10 1.941243e-09 7.513875e-12 2.205441e-09 fanout126
 3.859360e-10 1.773636e-09 4.328473e-12 2.163901e-09 fanout2928
 3.879017e-10 1.736374e-09 4.328473e-12 2.128604e-09 fanout3049
 3.914907e-10 1.729899e-09 4.328473e-12 2.125718e-09 fanout2718
 3.884350e-10 1.702203e-09 4.328473e-12 2.094966e-09 fanout2827
 3.915923e-10 1.678398e-09 4.328473e-12 2.074319e-09 fanout2975
 3.873784e-10 1.606830e-09 4.328473e-12 1.998537e-09 fanout2917
 3.642101e-10 1.561672e-09 4.647336e-12 1.930529e-09 fanout98
 4.018040e-10 1.508019e-09 4.328597e-12 1.914151e-09 fanout2562
 4.022917e-10 1.471605e-09 4.328597e-12 1.878225e-09 fanout2292
 3.635452e-10 1.474777e-09 4.647558e-12 1.842970e-09 fanout170
 4.010902e-10 1.380684e-09 4.331926e-12 1.786107e-09 fanout2506
 3.899426e-10 1.359086e-09 4.328473e-12 1.753357e-09 fanout3002
 3.868486e-10 1.346588e-09 4.328473e-12 1.737765e-09 fanout2970
 3.870071e-10 1.325800e-09 4.328473e-12 1.717136e-09 fanout2856
 2.160468e-10 1.491721e-09 3.665173e-12 1.711433e-09 fanout2704
 2.160379e-10 1.465451e-09 3.665173e-12 1.685154e-09 fanout2862
 4.004829e-10 1.268958e-09 4.328597e-12 1.673769e-09 fanout2642
 3.877113e-10 1.279470e-09 4.328473e-12 1.671509e-09 fanout2816
 3.866308e-10 1.250665e-09 4.328473e-12 1.641624e-09 fanout2706
 2.165146e-10 1.419726e-09 3.665173e-12 1.639906e-09 fanout2702
 3.869594e-10 1.237713e-09 4.328473e-12 1.629001e-09 fanout2943
 3.995883e-10 1.205946e-09 4.331556e-12 1.609866e-09 fanout2230
 2.178164e-10 1.379571e-09 3.665173e-12 1.601053e-09 fanout2997
 2.174389e-10 1.370834e-09 3.665173e-12 1.591938e-09 fanout3008
 2.173226e-10 1.342698e-09 3.665173e-12 1.563685e-09 fanout2875
 2.168965e-10 1.327810e-09 3.665173e-12 1.548372e-09 fanout2930
 2.172480e-10 1.280073e-09 3.665173e-12 1.500987e-09 fanout2958
 2.174620e-10 1.260237e-09 3.665173e-12 1.481364e-09 fanout2899
 2.164772e-10 1.252570e-09 3.665173e-12 1.472712e-09 fanout2758
 2.177186e-10 1.240187e-09 3.665173e-12 1.461571e-09 fanout2799
 2.177244e-10 1.236377e-09 3.665173e-12 1.457766e-09 fanout2944
 2.171678e-10 1.236707e-09 3.665173e-12 1.457540e-09 fanout2937
 2.165463e-10 1.224364e-09 3.665173e-12 1.444575e-09 fanout2748
 2.176006e-10 1.213905e-09 3.665173e-12 1.435170e-09 fanout2907
 5.764273e-10 8.529921e-10 1.181000e-12 1.430601e-09 wire1615
 2.170568e-10 1.195907e-09 3.665173e-12 1.416629e-09 fanout3041
 2.170600e-10 1.180833e-09 3.665173e-12 1.401559e-09 fanout2814
 2.172625e-10 1.179899e-09 3.665173e-12 1.400827e-09 fanout2991
 2.176425e-10 1.172637e-09 3.665173e-12 1.393945e-09 fanout2906
 2.169638e-10 1.166905e-09 3.665173e-12 1.387534e-09 fanout2726
 2.171160e-10 1.159735e-09 3.665173e-12 1.380516e-09 fanout2806
 2.168675e-10 1.150525e-09 3.665173e-12 1.371058e-09 fanout2853
 2.173111e-10 1.134567e-09 3.665173e-12 1.355543e-09 fanout2732
 2.175523e-10 1.128749e-09 3.665173e-12 1.349966e-09 fanout2914
 2.174500e-10 1.113951e-09 3.665173e-12 1.335066e-09 fanout2828
 2.178218e-10 1.065778e-09 3.665173e-12 1.287265e-09 fanout2971
 2.195072e-10 1.056258e-09 3.665173e-12 1.279430e-09 fanout2826
 2.174015e-10 1.054364e-09 3.665173e-12 1.275430e-09 fanout3023
 2.169695e-10 1.052304e-09 3.665173e-12 1.272938e-09 fanout2763
 2.181825e-10 1.046659e-09 3.665173e-12 1.268507e-09 fanout2998
 2.204556e-10 1.040207e-09 3.665173e-12 1.264327e-09 fanout2887
 2.186546e-10 1.023255e-09 3.665173e-12 1.245575e-09 fanout2851
 2.185224e-10 1.020671e-09 3.665173e-12 1.242858e-09 fanout2728
 2.180946e-10 1.019716e-09 3.665173e-12 1.241476e-09 fanout2960
 2.225132e-10 1.002673e-09 3.667164e-12 1.228854e-09 fanout2476
 2.182348e-10 9.984529e-10 3.665173e-12 1.220353e-09 fanout2893
 2.178900e-10 9.937497e-10 3.665173e-12 1.215305e-09 fanout2924
 2.184023e-10 9.915945e-10 3.665173e-12 1.213662e-09 fanout2881
 2.186356e-10 9.863796e-10 3.665173e-12 1.208680e-09 fanout3004
 2.194620e-10 9.818707e-10 3.665173e-12 1.204998e-09 fanout2878
 2.184498e-10 9.778992e-10 3.665173e-12 1.200014e-09 fanout2905
 2.192715e-10 9.760383e-10 3.665173e-12 1.198975e-09 fanout2792
 2.256239e-10 9.675338e-10 3.665837e-12 1.196824e-09 fanout2510
 2.185789e-10 9.729422e-10 3.665173e-12 1.195186e-09 fanout2850
 2.186953e-10 9.708262e-10 3.665173e-12 1.193187e-09 fanout2846
 2.206972e-10 9.670494e-10 3.665173e-12 1.191412e-09 fanout2773
 2.187103e-10 9.658970e-10 3.665173e-12 1.188272e-09 fanout3034
 2.258674e-10 9.564129e-10 3.668712e-12 1.185949e-09 fanout2270
 2.208666e-10 9.582739e-10 3.665173e-12 1.182806e-09 fanout3012
 2.199769e-10 9.585120e-10 3.665173e-12 1.182154e-09 fanout2755
 2.211735e-10 9.546531e-10 3.665173e-12 1.179492e-09 fanout2987
 2.185466e-10 9.552654e-10 3.665173e-12 1.177477e-09 fanout2725
 2.205643e-10 9.478528e-10 3.665173e-12 1.172082e-09 fanout3020
 2.200489e-10 9.374521e-10 3.665173e-12 1.161166e-09 fanout2711
 2.178933e-10 9.379476e-10 3.665173e-12 1.159506e-09 fanout2868
 2.202592e-10 9.319443e-10 3.665173e-12 1.155869e-09 fanout2749
 2.184390e-10 9.136919e-10 3.665173e-12 1.135796e-09 fanout2712
 2.185421e-10 9.134843e-10 3.665173e-12 1.135692e-09 fanout2812
 2.181178e-10 9.122625e-10 3.665173e-12 1.134046e-09 fanout2757
 2.184326e-10 9.107602e-10 3.665173e-12 1.132858e-09 fanout2705
 2.184325e-10 9.100837e-10 3.665173e-12 1.132181e-09 fanout2709
 2.206276e-10 9.070802e-10 3.665173e-12 1.131373e-09 fanout3027
 2.183404e-10 9.084263e-10 3.665173e-12 1.130432e-09 fanout2979
 2.200497e-10 9.066739e-10 3.665173e-12 1.130389e-09 fanout2794
 2.181934e-10 8.936645e-10 3.665173e-12 1.115523e-09 fanout2933
 2.219431e-10 8.892067e-10 3.665173e-12 1.114815e-09 fanout2836
 2.177473e-10 8.932975e-10 3.665173e-12 1.114710e-09 fanout2955
 2.188011e-10 8.875772e-10 3.665173e-12 1.110044e-09 fanout3010
 2.216475e-10 8.827071e-10 3.665173e-12 1.108020e-09 fanout2946
 2.207396e-10 8.836060e-10 3.665173e-12 1.108011e-09 fanout2720
 2.186666e-10 8.832722e-10 3.665173e-12 1.105604e-09 fanout2739
 2.177095e-10 8.829764e-10 3.665173e-12 1.104351e-09 fanout2810
 2.205096e-10 8.785307e-10 3.665173e-12 1.102705e-09 fanout2974
 2.180840e-10 8.809414e-10 3.665173e-12 1.102691e-09 fanout2750
 2.211572e-10 8.738070e-10 3.665173e-12 1.098629e-09 fanout2789
 2.202553e-10 8.715423e-10 3.665173e-12 1.095463e-09 fanout2911
 2.201910e-10 8.706469e-10 3.665173e-12 1.094503e-09 fanout2973
 2.196159e-10 8.692702e-10 3.665173e-12 1.092551e-09 fanout2751
 2.184835e-10 8.659077e-10 3.665173e-12 1.088056e-09 fanout2989
 2.197091e-10 8.598475e-10 3.665837e-12 1.083222e-09 fanout2509
 2.174280e-10 8.620247e-10 3.665173e-12 1.083118e-09 fanout2848
 2.177310e-10 8.590812e-10 3.665173e-12 1.080477e-09 fanout2781
 2.181812e-10 8.563616e-10 3.665173e-12 1.078208e-09 fanout2942
 2.182876e-10 8.558025e-10 3.665173e-12 1.077755e-09 fanout2901
 2.204157e-10 8.507907e-10 3.665173e-12 1.074872e-09 fanout2939
 2.210586e-10 8.465844e-10 3.665394e-12 1.071308e-09 fanout2640
 2.204541e-10 8.468253e-10 3.665173e-12 1.070945e-09 fanout2879
 2.171685e-10 8.469421e-10 3.665173e-12 1.067776e-09 fanout2701
 2.201875e-10 8.409120e-10 3.668712e-12 1.064768e-09 fanout2268
 2.195104e-10 8.384149e-10 3.665173e-12 1.061590e-09 fanout2880
 2.187061e-10 8.379845e-10 3.665173e-12 1.060356e-09 fanout2730
 2.177288e-10 8.375898e-10 3.665173e-12 1.058984e-09 fanout2804
 2.191417e-10 8.335984e-10 3.665173e-12 1.056405e-09 fanout3022
 2.180268e-10 8.330008e-10 3.665173e-12 1.054693e-09 fanout2765
 2.183359e-10 8.308608e-10 3.665173e-12 1.052862e-09 fanout2976
 1.275587e-10 9.180148e-10 4.876300e-12 1.050450e-09 wire147
 2.185147e-10 8.266818e-10 3.665173e-12 1.048862e-09 fanout2719
 2.194587e-10 8.224723e-10 3.665173e-12 1.045596e-09 fanout2892
 2.207499e-10 8.132926e-10 3.665173e-12 1.037708e-09 fanout2777
 2.182964e-10 8.141734e-10 3.665173e-12 1.036135e-09 fanout2978
 2.177605e-10 8.111097e-10 3.665173e-12 1.032535e-09 fanout2858
 1.276671e-10 8.998157e-10 4.325391e-12 1.031808e-09 wire116
 2.180213e-10 8.066804e-10 3.665173e-12 1.028367e-09 fanout2769
 2.184851e-10 8.024749e-10 3.665173e-12 1.024625e-09 fanout2722
 2.187414e-10 7.828552e-10 3.665173e-12 1.005262e-09 fanout3013
 2.192108e-10 7.817382e-10 3.665173e-12 1.004614e-09 fanout2788
 2.182774e-10 7.824463e-10 3.665173e-12 1.004389e-09 fanout2983
 2.172085e-10 7.820577e-10 3.665173e-12 1.002931e-09 fanout2778
 2.199399e-10 7.645290e-10 3.665173e-12 9.881341e-10 fanout2715
 2.182663e-10 7.611500e-10 3.665173e-12 9.830814e-10 fanout2980
 2.194421e-10 7.492689e-10 3.665173e-12 9.723763e-10 fanout2790
 2.186273e-10 7.480647e-10 3.665173e-12 9.703571e-10 fanout2913
 2.200100e-10 7.421707e-10 3.665173e-12 9.658458e-10 fanout2988
 2.180326e-10 7.423288e-10 3.665173e-12 9.640266e-10 fanout2936
 2.211915e-10 7.374535e-10 3.665173e-12 9.623101e-10 fanout3045
 1.290064e-10 8.134560e-10 4.325391e-12 9.467878e-10 max_cap78
 2.186614e-10 7.223936e-10 3.665173e-12 9.447202e-10 fanout2825
 2.179503e-10 7.102243e-10 3.665173e-12 9.318397e-10 fanout2864
 1.304842e-10 7.940448e-10 4.876300e-12 9.294053e-10 fanout1612
 2.177829e-10 6.988196e-10 3.665173e-12 9.202676e-10 fanout2830
 1.286284e-10 7.869541e-10 4.325391e-12 9.199078e-10 fanout190
 2.182783e-10 6.920393e-10 3.665173e-12 9.139828e-10 fanout2813
 2.212662e-10 6.842735e-10 3.665173e-12 9.092048e-10 fanout2947
 2.183797e-10 6.761988e-10 3.665173e-12 8.982437e-10 fanout2948
 2.175261e-10 6.764020e-10 3.665173e-12 8.975933e-10 fanout2929
 2.182531e-10 6.724296e-10 3.665173e-12 8.943478e-10 fanout2808
 1.284459e-10 7.512878e-10 4.876300e-12 8.846101e-10 fanout2690
 2.186620e-10 6.598757e-10 3.665173e-12 8.822029e-10 fanout3038
 2.182971e-10 6.493607e-10 3.665173e-12 8.713230e-10 fanout2724
 2.177207e-10 6.427390e-10 3.665173e-12 8.641249e-10 fanout2837
 2.170920e-10 6.396402e-10 3.665173e-12 8.603974e-10 fanout2855
 1.283773e-10 7.197437e-10 4.325391e-12 8.524464e-10 fanout1232
 1.299771e-10 7.172214e-10 4.325391e-12 8.515240e-10 fanout1230
 2.200561e-10 6.264294e-10 3.665173e-12 8.501507e-10 fanout3021
 1.284725e-10 7.097778e-10 4.325391e-12 8.425756e-10 fanout114
 1.284298e-10 7.069485e-10 4.325391e-12 8.397036e-10 fanout1231
 1.290787e-10 7.044393e-10 4.876300e-12 8.383944e-10 fanout2688
 1.297517e-10 7.030419e-10 4.325391e-12 8.371189e-10 fanout185
 1.285369e-10 6.992133e-10 4.876300e-12 8.326266e-10 fanout117
 1.295686e-10 6.863341e-10 4.876300e-12 8.207790e-10 fanout298
 1.322217e-10 6.702324e-10 4.325391e-12 8.067795e-10 fanout282
 1.299282e-10 6.694536e-10 4.325391e-12 8.037072e-10 fanout182
 1.289419e-10 6.656195e-10 4.876300e-12 7.994377e-10 fanout309
 1.302791e-10 6.623878e-10 4.325391e-12 7.969923e-10 fanout334
 1.289406e-10 6.621291e-10 4.876300e-12 7.959460e-10 fanout2687
 1.292489e-10 6.595889e-10 4.325391e-12 7.931631e-10 fanout1227
 1.287091e-10 6.573553e-10 4.876300e-12 7.909408e-10 fanout2689
 1.290883e-10 6.565518e-10 4.876300e-12 7.905163e-10 fanout290
 1.294485e-10 6.511259e-10 4.325391e-12 7.848998e-10 fanout148
 1.287277e-10 6.494782e-10 4.876300e-12 7.830823e-10 fanout2692
 1.287602e-10 6.480596e-10 4.876300e-12 7.816961e-10 fanout142
 1.283624e-10 6.472929e-10 4.876300e-12 7.805316e-10 fanout120
 1.289605e-10 6.464208e-10 4.325391e-12 7.797067e-10 fanout1229
 1.306613e-10 6.377222e-10 4.325391e-12 7.727088e-10 fanout296
 1.298477e-10 6.381840e-10 4.325391e-12 7.723570e-10 fanout76
 1.280475e-10 6.393965e-10 4.325391e-12 7.717694e-10 fanout125
 1.322189e-10 6.254374e-10 4.325391e-12 7.619816e-10 fanout168
 1.308122e-10 6.248482e-10 4.325391e-12 7.599858e-10 fanout297
 1.285946e-10 6.228883e-10 4.325391e-12 7.558082e-10 fanout162
 1.293344e-10 6.219313e-10 4.325391e-12 7.555911e-10 fanout325
 1.284337e-10 6.196154e-10 4.876300e-12 7.529255e-10 fanout138
 1.304816e-10 6.138463e-10 4.325391e-12 7.486532e-10 fanout305
 1.309063e-10 6.084315e-10 4.876300e-12 7.442141e-10 fanout67
 1.284362e-10 6.062827e-10 4.325391e-12 7.390443e-10 fanout149
 1.297874e-10 5.884093e-10 4.325391e-12 7.225222e-10 fanout277
 1.304809e-10 5.834620e-10 4.325391e-12 7.182683e-10 fanout331
 1.297163e-10 5.816062e-10 4.325391e-12 7.156478e-10 fanout167
 7.224207e-11 5.263225e-10 4.648000e-12 6.032126e-10 wire143
 1.329348e-10 4.226575e-10 1.181000e-12 5.567733e-10 fanout2752
 1.298176e-10 4.113269e-10 4.876300e-12 5.460208e-10 fanout66
 7.353466e-11 4.518676e-10 4.648000e-12 5.300503e-10 fanout1613
 7.236894e-11 4.529643e-10 4.648000e-12 5.299812e-10 fanout139
 7.484110e-11 4.103746e-10 4.648000e-12 4.898637e-10 fanout2693
 7.317351e-11 4.127848e-10 3.659643e-12 4.896179e-10 fanout183
 7.262929e-11 4.100070e-10 4.648000e-12 4.872843e-10 fanout118
 7.310721e-11 3.556069e-10 3.659643e-12 4.323738e-10 fanout278
 7.269107e-11 2.739039e-10 3.659643e-12 3.502546e-10 fanout115
 7.363846e-11 2.343462e-10 4.648000e-12 3.126326e-10 max_cap321
 7.352618e-11 2.185699e-10 4.648000e-12 2.967440e-10 max_cap268
 7.386591e-11 2.071460e-10 4.648000e-12 2.856599e-10 max_cap303
 7.419768e-11 1.896781e-10 4.648000e-12 2.685238e-10 max_cap304
 7.337029e-11 1.898566e-10 4.648000e-12 2.678749e-10 max_cap311
 7.350299e-11 1.897070e-10 4.648000e-12 2.678580e-10 max_cap262
 7.352752e-11 1.856656e-10 4.648000e-12 2.638411e-10 max_cap265
 7.377601e-11 1.849120e-10 4.648000e-12 2.633360e-10 max_cap266
 7.396488e-11 1.746277e-10 4.648000e-12 2.532405e-10 max_cap203
 7.369397e-11 1.738255e-10 4.648000e-12 2.521675e-10 max_cap307
 7.319620e-11 1.565233e-10 4.648000e-12 2.343675e-10 max_cap332
 7.390027e-11 1.439279e-10 4.648000e-12 2.224762e-10 max_cap326
 4.486719e-11 1.738770e-10 1.181000e-12 2.199252e-10 max_cap328
 7.404344e-11 1.364846e-10 4.648000e-12 2.151760e-10 max_cap204
 4.463174e-11 7.513332e-11 1.181000e-12 1.209461e-10 max_cap338
 4.459525e-11 6.545509e-11 1.181000e-12 1.112313e-10 max_cap352
 4.436901e-11 6.137482e-11 1.181000e-12 1.069248e-10 max_cap539
 4.445989e-11 5.838349e-11 1.181000e-12 1.040244e-10 max_cap336
 4.553892e-11 3.916542e-11 1.181000e-12 8.588534e-11 wire237
 4.454006e-11 3.822628e-11 1.181000e-12 8.394734e-11 max_cap317
 4.433731e-11 2.497579e-11 1.181000e-12 7.049410e-11 max_cap238
 2.039677e-17 1.678261e-16 1.415089e-11 1.415108e-11 fanout4007
 2.104515e-17 1.017361e-16 1.049531e-11 1.049543e-11 input10
 1.010514e-17 6.214836e-17 7.511197e-12 7.511269e-12 fanout3895
 9.995001e-18 5.120520e-17 7.511197e-12 7.511259e-12 fanout3943
 1.012050e-17 6.867476e-17 6.868601e-12 6.868680e-12 fanout4050
 1.009091e-17 6.734161e-17 6.868601e-12 6.868678e-12 fanout4062
 5.106354e-18 3.404367e-17 4.873834e-12 4.873873e-12 fanout4072
 5.107856e-18 3.318453e-17 4.873834e-12 4.873872e-12 fanout4070
 5.098449e-18 3.277025e-17 4.873834e-12 4.873872e-12 fanout4049
 5.115757e-18 3.192333e-17 4.873834e-12 4.873871e-12 fanout4058
 5.111346e-18 3.154243e-17 4.873834e-12 4.873871e-12 fanout4080
 5.137987e-18 3.115187e-17 4.873834e-12 4.873870e-12 fanout4036
 5.119193e-18 3.125999e-17 4.873834e-12 4.873870e-12 fanout4059
 5.141297e-18 3.063851e-17 4.873834e-12 4.873870e-12 fanout4041
 5.119967e-18 3.067347e-17 4.873834e-12 4.873870e-12 fanout4077
 5.120849e-18 3.038701e-17 4.873834e-12 4.873870e-12 fanout4024
 5.119077e-18 2.986589e-17 4.873834e-12 4.873869e-12 fanout4047
 5.124085e-18 3.017309e-17 4.873834e-12 4.873869e-12 fanout4063
 5.122067e-18 3.006290e-17 4.873834e-12 4.873869e-12 fanout4071
 5.160714e-18 2.861001e-17 4.873834e-12 4.873868e-12 fanout4068
 5.152333e-18 2.804467e-17 4.873834e-12 4.873867e-12 fanout4037
 5.133576e-18 2.764513e-17 4.873834e-12 4.873867e-12 fanout4078
 5.128904e-18 2.741206e-17 4.873834e-12 4.873867e-12 fanout4044
 5.142866e-18 2.544692e-17 4.873834e-12 4.873865e-12 fanout4052
 5.152126e-18 2.486337e-17 4.873834e-12 4.873864e-12 fanout4081
 5.150555e-18 2.421802e-17 4.873834e-12 4.873863e-12 fanout4035
 5.169234e-18 2.445429e-17 4.873834e-12 4.873863e-12 fanout4043
 5.142747e-18 2.386270e-17 4.873834e-12 4.873863e-12 fanout4045
 1.495296e-15 5.705697e-15 4.789372e-12 4.796572e-12 fanout4009
 3.241887e-15 1.642604e-14 4.633456e-12 4.653124e-12 fanout4017
 0.000000e+00 0.000000e+00 4.648000e-12 4.648000e-12 input12
 2.883510e-18 1.921706e-17 4.643576e-12 4.643598e-12 fanout4046
 2.884108e-18 1.901405e-17 4.643576e-12 4.643598e-12 fanout4048
 2.890700e-18 1.756913e-17 4.643576e-12 4.643596e-12 fanout4079
 2.905002e-18 1.506599e-17 4.643576e-12 4.643594e-12 fanout4031
 2.954213e-16 6.542453e-16 4.614818e-12 4.615768e-12 max_cap3808
 3.864432e-16 1.016318e-15 4.607961e-12 4.609364e-12 max_cap3809
 1.798225e-15 7.936434e-15 4.591287e-12 4.601021e-12 input7
 4.528103e-16 1.321185e-15 4.591812e-12 4.593586e-12 max_cap3810
 2.761159e-15 1.545129e-14 4.560276e-12 4.578488e-12 fanout4015
 5.084837e-18 3.691423e-17 4.327666e-12 4.327708e-12 fanout3949
 5.075842e-18 3.506836e-17 4.327666e-12 4.327706e-12 fanout3913
 5.116219e-18 3.450199e-17 4.327666e-12 4.327705e-12 fanout3951
 5.100078e-18 3.307681e-17 4.327666e-12 4.327704e-12 fanout3851
 5.136062e-18 3.261776e-17 4.327666e-12 4.327704e-12 fanout3965
 5.112621e-18 3.239931e-17 4.327666e-12 4.327703e-12 fanout3876
 5.115322e-18 3.223673e-17 4.327666e-12 4.327703e-12 fanout3911
 5.133650e-18 3.115690e-17 4.327666e-12 4.327702e-12 fanout3813
 5.128707e-18 3.103369e-17 4.327666e-12 4.327702e-12 fanout3929
 5.112771e-18 3.074196e-17 4.327666e-12 4.327702e-12 fanout3939
 5.133982e-18 3.091006e-17 4.327666e-12 4.327702e-12 fanout3958
 5.122889e-18 3.038210e-17 4.327666e-12 4.327701e-12 fanout3848
 5.125016e-18 3.044817e-17 4.327666e-12 4.327701e-12 fanout3861
 5.119751e-18 3.034096e-17 4.327666e-12 4.327701e-12 fanout3922
 5.131919e-18 2.978105e-17 4.327666e-12 4.327701e-12 fanout3903
 5.140099e-18 2.961019e-17 4.327666e-12 4.327701e-12 fanout3812
 5.148636e-18 2.935312e-17 4.327666e-12 4.327701e-12 fanout3879
 5.128371e-18 2.974839e-17 4.327666e-12 4.327701e-12 fanout3905
 5.125416e-18 2.936372e-17 4.327666e-12 4.327701e-12 fanout3933
 5.135014e-18 2.938430e-17 4.327666e-12 4.327701e-12 fanout3937
 5.139093e-18 2.945331e-17 4.327666e-12 4.327701e-12 fanout3953
 5.130134e-18 2.904863e-17 4.327666e-12 4.327700e-12 fanout3842
 5.130254e-18 2.918347e-17 4.327666e-12 4.327700e-12 fanout3863
 5.125528e-18 2.892195e-17 4.327666e-12 4.327700e-12 fanout3923
 5.114191e-18 2.920428e-17 4.327666e-12 4.327700e-12 fanout3950
 5.126190e-18 2.907061e-17 4.327666e-12 4.327700e-12 fanout3976
 5.126503e-18 2.883293e-17 4.327666e-12 4.327700e-12 fanout3814
 5.127002e-18 2.873864e-17 4.327666e-12 4.327700e-12 fanout3833
 5.130380e-18 2.858821e-17 4.327666e-12 4.327700e-12 fanout3910
 5.152237e-18 2.888022e-17 4.327666e-12 4.327700e-12 fanout3963
 5.133474e-18 2.817696e-17 4.327666e-12 4.327699e-12 fanout3830
 5.124120e-18 2.835078e-17 4.327666e-12 4.327699e-12 fanout3887
 5.153407e-18 2.825394e-17 4.327666e-12 4.327699e-12 fanout3890
 5.131428e-18 2.822739e-17 4.327666e-12 4.327699e-12 fanout3919
 5.134501e-18 2.813632e-17 4.327666e-12 4.327699e-12 fanout3928
 5.125807e-18 2.791060e-17 4.327666e-12 4.327699e-12 fanout3825
 5.121867e-18 2.762357e-17 4.327666e-12 4.327699e-12 fanout3875
 5.132049e-18 2.765411e-17 4.327666e-12 4.327699e-12 fanout3884
 5.140118e-18 2.781800e-17 4.327666e-12 4.327699e-12 fanout3902
 5.141956e-18 2.799229e-17 4.327666e-12 4.327699e-12 fanout3926
 5.131967e-18 2.778696e-17 4.327666e-12 4.327699e-12 fanout3973
 5.132738e-18 2.721403e-17 4.327666e-12 4.327698e-12 fanout3837
 5.136925e-18 2.737665e-17 4.327666e-12 4.327698e-12 fanout3845
 5.141211e-18 2.756440e-17 4.327666e-12 4.327698e-12 fanout3857
 5.146233e-18 2.757338e-17 4.327666e-12 4.327698e-12 fanout3872
 5.156800e-18 2.725171e-17 4.327666e-12 4.327698e-12 fanout3883
 5.123036e-18 2.738656e-17 4.327666e-12 4.327698e-12 fanout3894
 5.125213e-18 2.754207e-17 4.327666e-12 4.327698e-12 fanout3940
 5.133695e-18 2.720723e-17 4.327666e-12 4.327698e-12 fanout3977
 5.129961e-18 2.690779e-17 4.327666e-12 4.327698e-12 fanout3827
 5.138269e-18 2.701457e-17 4.327666e-12 4.327698e-12 fanout3828
 5.143107e-18 2.705980e-17 4.327666e-12 4.327698e-12 fanout3855
 5.145338e-18 2.681280e-17 4.327666e-12 4.327698e-12 fanout3858
 5.140001e-18 2.689480e-17 4.327666e-12 4.327698e-12 fanout3906
 5.135529e-18 2.715322e-17 4.327666e-12 4.327698e-12 fanout3920
 5.135943e-18 2.683885e-17 4.327666e-12 4.327698e-12 fanout3971
 5.148383e-18 2.661970e-17 4.327666e-12 4.327697e-12 fanout3817
 5.160742e-18 2.669716e-17 4.327666e-12 4.327697e-12 fanout3836
 5.146461e-18 2.649867e-17 4.327666e-12 4.327697e-12 fanout3859
 5.133647e-18 2.655136e-17 4.327666e-12 4.327697e-12 fanout3880
 5.170298e-18 2.670467e-17 4.327666e-12 4.327697e-12 fanout3897
 5.123534e-18 2.642992e-17 4.327666e-12 4.327697e-12 fanout3900
 5.149471e-18 2.665601e-17 4.327666e-12 4.327697e-12 fanout3936
 5.152152e-18 2.656033e-17 4.327666e-12 4.327697e-12 fanout3959
 5.127069e-18 2.668916e-17 4.327666e-12 4.327697e-12 fanout3966
 5.136684e-18 2.589710e-17 4.327666e-12 4.327697e-12 fanout3866
 5.136360e-18 2.597915e-17 4.327666e-12 4.327697e-12 fanout3867
 5.168177e-18 2.611034e-17 4.327666e-12 4.327697e-12 fanout3899
 5.165563e-18 2.602515e-17 4.327666e-12 4.327697e-12 fanout3970
 5.134417e-18 2.545115e-17 4.327666e-12 4.327697e-12 fanout3816
 5.168400e-18 2.547682e-17 4.327666e-12 4.327697e-12 fanout3826
 5.159380e-18 2.557160e-17 4.327666e-12 4.327697e-12 fanout3839
 5.141894e-18 2.578609e-17 4.327666e-12 4.327697e-12 fanout3847
 5.175894e-18 2.558306e-17 4.327666e-12 4.327697e-12 fanout3870
 5.134392e-18 2.572927e-17 4.327666e-12 4.327697e-12 fanout3888
 5.127130e-18 2.552651e-17 4.327666e-12 4.327697e-12 fanout3898
 5.160075e-18 2.583455e-17 4.327666e-12 4.327697e-12 fanout3918
 5.146932e-18 2.553349e-17 4.327666e-12 4.327697e-12 fanout3938
 5.158832e-18 2.568400e-17 4.327666e-12 4.327697e-12 fanout3979
 5.165725e-18 2.507265e-17 4.327666e-12 4.327696e-12 fanout3901
 5.162905e-18 2.525175e-17 4.327666e-12 4.327696e-12 fanout3968
 5.213915e-18 2.489784e-17 4.327666e-12 4.327696e-12 fanout3925
 5.143527e-18 2.495043e-17 4.327666e-12 4.327696e-12 fanout3932
 5.163263e-18 2.467490e-17 4.327666e-12 4.327696e-12 fanout3978
 5.167178e-18 2.448895e-17 4.327666e-12 4.327695e-12 fanout3972
 5.179719e-18 2.400663e-17 4.327666e-12 4.327695e-12 fanout3865
 5.161987e-18 2.407718e-17 4.327666e-12 4.327695e-12 fanout3975
 5.195629e-18 2.365596e-17 4.327666e-12 4.327695e-12 fanout4004
 5.139585e-18 2.332079e-17 4.327666e-12 4.327694e-12 fanout4005
 5.164168e-18 2.307375e-17 4.327666e-12 4.327694e-12 fanout3820
 5.164224e-18 2.323903e-17 4.327666e-12 4.327694e-12 fanout3952
 5.190281e-18 2.265995e-17 4.327666e-12 4.327694e-12 fanout3967
 1.961409e-15 1.360664e-14 4.145189e-12 4.160756e-12 fanout4018
 9.784091e-16 3.183285e-15 4.107030e-12 4.111191e-12 fanout1220
 1.548568e-15 6.926848e-15 4.084577e-12 4.093052e-12 fanout1218
 1.552388e-15 7.757631e-15 4.081038e-12 4.090347e-12 fanout4014
 1.551340e-15 6.866890e-15 4.081038e-12 4.089456e-12 fanout4011
 1.559076e-15 5.970130e-15 4.081038e-12 4.088567e-12 fanout4013
 2.894414e-18 1.816274e-17 3.663724e-12 3.663745e-12 fanout3942
 2.900589e-18 1.794565e-17 3.663724e-12 3.663745e-12 fanout3889
 2.899511e-18 1.754771e-17 3.663724e-12 3.663744e-12 fanout3841
 2.901344e-18 1.701413e-17 3.663724e-12 3.663744e-12 fanout3846
 2.893332e-18 1.697575e-17 3.663724e-12 3.663744e-12 fanout3864
 2.886137e-18 1.690916e-17 3.663724e-12 3.663744e-12 fanout3907
 2.900493e-18 1.714760e-17 3.663724e-12 3.663744e-12 fanout3980
 2.887151e-18 1.651312e-17 3.663724e-12 3.663743e-12 fanout3904
 2.893779e-18 1.646345e-17 3.663724e-12 3.663743e-12 fanout3989
 2.906357e-18 1.614558e-17 3.663724e-12 3.663743e-12 fanout3891
 2.894587e-18 1.618679e-17 3.663724e-12 3.663743e-12 fanout3986
 2.894430e-18 1.554867e-17 3.663724e-12 3.663742e-12 fanout3981
 2.897265e-18 1.485309e-17 3.663724e-12 3.663742e-12 fanout3834
 2.896609e-18 1.499880e-17 3.663724e-12 3.663742e-12 fanout3882
 2.917273e-18 1.491369e-17 3.663724e-12 3.663742e-12 fanout3931
 2.907177e-18 1.339933e-17 3.663724e-12 3.663740e-12 fanout3873
 2.911995e-18 1.280792e-17 3.663724e-12 3.663739e-12 fanout3962
 2.905983e-18 1.172234e-17 3.663724e-12 3.663739e-12 fanout3843
 2.906587e-18 1.197366e-17 3.663724e-12 3.663739e-12 fanout3862
 2.910020e-18 1.136852e-17 3.663724e-12 3.663738e-12 fanout3955
 2.928408e-18 1.117321e-17 3.663724e-12 3.663738e-12 fanout3993
 2.909046e-18 1.069904e-17 3.663724e-12 3.663737e-12 fanout3927
 2.915392e-18 1.018022e-17 3.663724e-12 3.663737e-12 fanout3893
 2.903423e-18 9.205614e-18 3.663724e-12 3.663736e-12 fanout3998
 1.212641e-15 8.452161e-16 1.181000e-12 1.183058e-12 input1
 1.303661e-15 5.888360e-16 1.181000e-12 1.182892e-12 input3
 1.180215e-15 6.543400e-16 1.181000e-12 1.182835e-12 input2
 4.562654e-16 4.659642e-16 1.181000e-12 1.181922e-12 max_cap3811
