     Internal    Switching      Leakage        Total
        Power        Power        Power        Power (Watts)
----------------------------------------------------
 1.714133e-06 7.311684e-07 8.422650e-11 2.445385e-06 clkbuf_0_clk
 1.678268e-06 2.254082e-07 8.422650e-11 1.903761e-06 clkbuf_1_1__f_clk
 1.673550e-06 1.206159e-07 8.422650e-11 1.794250e-06 clkbuf_1_0__f_clk
 1.912860e-10 5.495471e-10 8.162308e-11 8.224562e-10 clkbuf_1_1__f_core_clk
 1.198111e-10 5.200270e-10 8.162297e-11 7.214610e-10 clkbuf_0_w_clk
 1.904914e-10 4.439856e-10 8.162308e-11 7.161001e-10 clkbuf_1_0__f_core_clk
 1.231323e-10 4.213530e-10 8.162298e-11 6.261082e-10 clkbuf_0_v_clk
 1.188765e-10 3.396007e-10 8.162297e-11 5.401001e-10 clkbuf_4_8__f_w_clk
 1.185100e-10 3.137166e-10 8.162297e-11 5.138496e-10 clkbuf_4_12__f_w_clk
 1.184382e-10 2.986912e-10 8.162297e-11 4.987524e-10 clkbuf_4_7__f_w_clk
 1.182487e-10 2.822695e-10 8.162297e-11 4.821412e-10 clkbuf_4_3__f_w_clk
 6.094986e-11 3.749257e-10 4.405151e-11 4.799270e-10 clkbuf_2_3_0_v_clk
 6.093669e-11 3.711965e-10 4.405151e-11 4.761847e-10 clkbuf_2_0_0_v_clk
 6.093374e-11 3.703466e-10 4.405151e-11 4.753319e-10 clkbuf_2_2_0_v_clk
 1.183079e-10 2.746554e-10 8.162297e-11 4.745862e-10 clkbuf_4_9__f_w_clk
 1.180564e-10 2.649554e-10 8.162297e-11 4.646348e-10 clkbuf_4_6__f_w_clk
 1.179826e-10 2.594368e-10 8.162297e-11 4.590424e-10 clkbuf_4_4__f_w_clk
 1.213166e-10 2.557357e-10 8.162298e-11 4.586753e-10 clkbuf_5_5__f_v_clk
 6.085950e-11 3.493724e-10 4.405151e-11 4.542835e-10 clkbuf_2_1_0_v_clk
 1.212264e-10 2.483671e-10 8.162298e-11 4.512164e-10 clkbuf_5_16__f_v_clk
 1.178129e-10 2.495572e-10 8.162297e-11 4.489931e-10 clkbuf_4_2__f_w_clk
 1.211341e-10 2.424815e-10 8.162298e-11 4.452386e-10 clkbuf_5_27__f_v_clk
 1.179116e-10 2.453412e-10 8.162297e-11 4.448759e-10 clkbuf_4_11__f_w_clk
 1.209968e-10 2.307180e-10 8.162298e-11 4.333378e-10 clkbuf_5_3__f_v_clk
 1.176230e-10 2.324855e-10 8.162297e-11 4.317314e-10 clkbuf_4_5__f_w_clk
 1.176727e-10 2.276438e-10 8.162297e-11 4.269395e-10 clkbuf_4_10__f_w_clk
 1.208641e-10 2.214375e-10 8.162298e-11 4.239245e-10 clkbuf_5_26__f_v_clk
 1.174762e-10 2.246006e-10 8.162297e-11 4.236998e-10 clkbuf_4_13__f_w_clk
 1.208463e-10 2.199423e-10 8.162298e-11 4.224116e-10 clkbuf_5_28__f_v_clk
 1.174511e-10 2.223100e-10 8.162297e-11 4.213841e-10 clkbuf_4_1__f_w_clk
 1.208263e-10 2.171707e-10 8.162298e-11 4.196200e-10 clkbuf_5_17__f_v_clk
 1.847181e-10 1.518276e-10 8.162308e-11 4.181688e-10 clkbuf_0_core_clk
 1.174026e-10 2.190522e-10 8.162297e-11 4.180777e-10 clkbuf_4_14__f_w_clk
 1.207966e-10 2.148258e-10 8.162298e-11 4.172454e-10 clkbuf_5_20__f_v_clk
 1.207375e-10 2.115477e-10 8.162298e-11 4.139082e-10 clkbuf_5_30__f_v_clk
 1.207233e-10 2.103673e-10 8.162298e-11 4.127136e-10 clkbuf_5_29__f_v_clk
 1.207213e-10 2.088527e-10 8.162298e-11 4.111970e-10 clkbuf_5_23__f_v_clk
 1.206899e-10 2.067905e-10 8.162298e-11 4.091033e-10 clkbuf_5_2__f_v_clk
 1.206734e-10 2.055845e-10 8.162298e-11 4.078808e-10 clkbuf_5_4__f_v_clk
 1.206678e-10 2.050794e-10 8.162298e-11 4.073701e-10 clkbuf_5_1__f_v_clk
 1.205973e-10 1.993019e-10 8.162298e-11 4.015222e-10 clkbuf_5_18__f_v_clk
 1.205795e-10 1.992477e-10 8.162298e-11 4.014502e-10 clkbuf_5_24__f_v_clk
 1.205948e-10 1.990782e-10 8.162298e-11 4.012959e-10 clkbuf_5_19__f_v_clk
 1.205756e-10 1.989402e-10 8.162298e-11 4.011388e-10 clkbuf_5_31__f_v_clk
 1.205870e-10 1.983829e-10 8.162298e-11 4.005929e-10 clkbuf_5_22__f_v_clk
 1.171155e-10 1.974600e-10 8.162297e-11 3.961986e-10 clkbuf_4_15__f_w_clk
 1.204572e-10 1.896945e-10 8.162298e-11 3.917747e-10 clkbuf_5_25__f_v_clk
 1.204585e-10 1.884790e-10 8.162298e-11 3.905605e-10 clkbuf_5_21__f_v_clk
 1.205124e-10 1.871241e-10 8.162298e-11 3.892595e-10 clkbuf_5_15__f_v_clk
 1.205004e-10 1.861862e-10 8.162298e-11 3.883096e-10 clkbuf_5_14__f_v_clk
 1.204150e-10 1.854102e-10 8.162298e-11 3.874482e-10 clkbuf_5_7__f_v_clk
 1.170008e-10 1.884476e-10 8.162297e-11 3.870714e-10 clkbuf_4_0__f_w_clk
 1.204037e-10 1.844998e-10 8.162298e-11 3.865265e-10 clkbuf_5_6__f_v_clk
 1.202907e-10 1.756780e-10 8.162298e-11 3.775916e-10 clkbuf_5_0__f_v_clk
 1.203194e-10 1.718700e-10 8.162298e-11 3.738124e-10 clkbuf_5_9__f_v_clk
 1.202595e-10 1.671943e-10 8.162298e-11 3.690768e-10 clkbuf_5_8__f_v_clk
 1.202563e-10 1.669738e-10 8.162298e-11 3.688531e-10 clkbuf_5_11__f_v_clk
 1.200553e-10 1.513967e-10 8.162298e-11 3.530750e-10 clkbuf_5_13__f_v_clk
 1.200522e-10 1.510918e-10 8.162298e-11 3.527670e-10 clkbuf_5_12__f_v_clk
 1.200190e-10 1.484428e-10 8.162298e-11 3.500848e-10 clkbuf_5_10__f_v_clk
 5.787651e-11 2.181306e-10 4.405151e-11 3.200586e-10 clkbuf_2_3_0_w_clk
 5.787403e-11 2.179582e-10 4.405151e-11 3.198837e-10 clkbuf_2_0_0_w_clk
 5.783448e-11 2.125486e-10 4.405151e-11 3.144346e-10 clkbuf_2_1_0_w_clk
 5.772407e-11 1.978786e-10 4.405151e-11 2.996542e-10 clkbuf_2_2_0_w_clk
 9.034372e-11 1.428999e-10 4.405156e-11 2.772952e-10 clkbuf_leaf_14_core_clk
 9.028447e-11 1.381943e-10 4.405156e-11 2.725304e-10 clkbuf_leaf_20_core_clk
 9.023914e-11 1.345328e-10 4.405156e-11 2.688235e-10 clkbuf_leaf_17_core_clk
 9.021953e-11 1.329815e-10 4.405156e-11 2.672526e-10 clkbuf_leaf_19_core_clk
 8.984159e-11 1.232596e-10 4.405156e-11 2.571527e-10 clkbuf_leaf_3_core_clk
 9.009307e-11 1.228640e-10 4.405156e-11 2.570087e-10 clkbuf_leaf_22_core_clk
 9.008252e-11 1.219694e-10 4.405156e-11 2.561035e-10 clkbuf_leaf_16_core_clk
 8.982922e-11 1.221230e-10 4.405156e-11 2.560037e-10 clkbuf_leaf_0_core_clk
 9.000718e-11 1.159855e-10 4.405156e-11 2.500443e-10 clkbuf_leaf_21_core_clk
 8.996990e-11 1.129949e-10 4.405156e-11 2.470164e-10 clkbuf_leaf_24_core_clk
 8.995633e-11 1.118932e-10 4.405156e-11 2.459011e-10 clkbuf_leaf_18_core_clk
 8.986968e-11 1.049224e-10 4.405156e-11 2.388437e-10 clkbuf_leaf_15_core_clk
 8.961170e-11 1.049440e-10 4.405156e-11 2.386072e-10 clkbuf_leaf_1_core_clk
 8.953201e-11 9.880172e-11 4.405156e-11 2.323853e-10 clkbuf_leaf_9_core_clk
 8.942136e-11 9.115016e-11 4.405156e-11 2.246231e-10 clkbuf_leaf_26_core_clk
 8.939221e-11 8.991552e-11 4.405156e-11 2.233593e-10 clkbuf_leaf_13_core_clk
 8.938728e-11 8.971413e-11 4.405156e-11 2.231530e-10 clkbuf_leaf_11_core_clk
 8.958322e-11 8.739401e-11 4.405156e-11 2.210288e-10 clkbuf_leaf_23_core_clk
 8.928875e-11 8.573227e-11 4.405156e-11 2.190726e-10 clkbuf_leaf_2_core_clk
 8.946575e-11 8.275608e-11 4.405156e-11 2.162734e-10 clkbuf_leaf_12_core_clk
 8.917640e-11 8.110564e-11 4.405156e-11 2.143336e-10 clkbuf_leaf_7_core_clk
 8.917392e-11 8.086078e-11 4.405156e-11 2.140862e-10 clkbuf_leaf_10_core_clk
 8.916252e-11 8.038237e-11 4.405156e-11 2.135964e-10 clkbuf_leaf_5_core_clk
 8.912793e-11 7.911008e-11 4.405156e-11 2.122896e-10 clkbuf_leaf_8_core_clk
 8.909085e-11 7.740290e-11 4.405156e-11 2.105453e-10 clkbuf_leaf_6_core_clk
 8.908635e-11 7.736039e-11 4.405156e-11 2.104983e-10 clkbuf_leaf_4_core_clk
 5.656068e-11 4.619323e-11 4.405151e-11 1.468054e-10 clkbuf_leaf_93_w_clk
 5.655850e-11 4.611380e-11 4.405151e-11 1.467238e-10 clkbuf_leaf_81_w_clk
 5.636307e-11 4.169749e-11 4.405151e-11 1.421121e-10 clkbuf_leaf_5_w_clk
 5.642512e-11 4.085732e-11 4.405151e-11 1.413339e-10 clkbuf_leaf_161_w_clk
 5.640475e-11 4.026881e-11 4.405151e-11 1.407251e-10 clkbuf_leaf_92_w_clk
 5.828087e-11 3.811744e-11 4.405151e-11 1.404498e-10 clkbuf_leaf_271_v_clk
 5.639688e-11 3.978582e-11 4.405151e-11 1.402342e-10 clkbuf_leaf_160_w_clk
 5.636838e-11 3.888466e-11 4.405151e-11 1.393045e-10 clkbuf_leaf_95_w_clk
 5.627842e-11 3.842831e-11 4.405151e-11 1.387582e-10 clkbuf_leaf_11_w_clk
 5.837052e-11 3.520976e-11 4.405151e-11 1.376318e-10 clkbuf_leaf_124_v_clk
 5.631384e-11 3.681678e-11 4.405151e-11 1.371821e-10 clkbuf_leaf_90_w_clk
 5.822987e-11 3.463443e-11 4.405151e-11 1.369158e-10 clkbuf_leaf_117_v_clk
 5.629307e-11 3.602614e-11 4.405151e-11 1.363707e-10 clkbuf_leaf_94_w_clk
 5.829967e-11 3.390972e-11 4.405151e-11 1.362609e-10 clkbuf_leaf_160_v_clk
 5.636863e-11 3.578419e-11 4.405151e-11 1.362043e-10 clkbuf_leaf_79_w_clk
 5.629043e-11 3.574381e-11 4.405151e-11 1.360858e-10 clkbuf_leaf_165_w_clk
 5.616865e-11 3.578717e-11 4.405151e-11 1.360073e-10 clkbuf_leaf_135_w_clk
 5.620015e-11 3.539633e-11 4.405151e-11 1.356480e-10 clkbuf_leaf_6_w_clk
 5.627759e-11 3.525633e-11 4.405151e-11 1.355854e-10 clkbuf_leaf_167_w_clk
 5.608091e-11 3.491211e-11 4.405151e-11 1.350445e-10 clkbuf_leaf_115_w_clk
 5.614212e-11 3.474866e-11 4.405151e-11 1.349423e-10 clkbuf_leaf_132_w_clk
 5.817931e-11 3.269481e-11 4.405151e-11 1.349256e-10 clkbuf_leaf_127_v_clk
 5.826125e-11 3.246539e-11 4.405151e-11 1.347782e-10 clkbuf_leaf_142_v_clk
 5.625072e-11 3.378193e-11 4.405151e-11 1.340842e-10 clkbuf_leaf_73_w_clk
 5.811936e-11 3.187905e-11 4.405151e-11 1.340499e-10 clkbuf_leaf_274_v_clk
 5.615667e-11 3.371594e-11 4.405151e-11 1.339241e-10 clkbuf_leaf_4_w_clk
 5.836390e-11 3.137912e-11 4.405151e-11 1.337945e-10 clkbuf_leaf_45_v_clk
 5.630565e-11 3.343400e-11 4.405151e-11 1.337912e-10 clkbuf_leaf_80_w_clk
 5.814969e-11 3.157291e-11 4.405151e-11 1.337741e-10 clkbuf_leaf_108_v_clk
 5.604528e-11 3.348694e-11 4.405151e-11 1.335837e-10 clkbuf_leaf_111_w_clk
 5.810328e-11 3.124909e-11 4.405151e-11 1.334039e-10 clkbuf_leaf_289_v_clk
 5.621558e-11 3.308228e-11 4.405151e-11 1.333494e-10 clkbuf_leaf_89_w_clk
 5.829138e-11 3.074725e-11 4.405151e-11 1.330901e-10 clkbuf_leaf_77_v_clk
 5.622304e-11 3.273308e-11 4.405151e-11 1.330076e-10 clkbuf_leaf_70_w_clk
 5.821522e-11 3.073507e-11 4.405151e-11 1.330018e-10 clkbuf_leaf_161_v_clk
 5.613080e-11 3.272539e-11 4.405151e-11 1.329077e-10 clkbuf_leaf_8_w_clk
 5.824816e-11 3.058912e-11 4.405151e-11 1.328888e-10 clkbuf_leaf_227_v_clk
 5.609064e-11 3.273463e-11 4.405151e-11 1.328768e-10 clkbuf_leaf_123_w_clk
 5.627621e-11 3.233500e-11 4.405151e-11 1.326627e-10 clkbuf_leaf_85_w_clk
 5.808424e-11 3.052479e-11 4.405151e-11 1.326605e-10 clkbuf_leaf_279_v_clk
 5.594017e-11 3.244862e-11 4.405151e-11 1.324403e-10 clkbuf_leaf_26_w_clk
 5.837170e-11 2.999060e-11 4.405151e-11 1.324138e-10 clkbuf_leaf_72_v_clk
 5.817681e-11 3.014339e-11 4.405151e-11 1.323717e-10 clkbuf_leaf_163_v_clk
 5.809804e-11 3.022006e-11 4.405151e-11 1.323696e-10 clkbuf_leaf_253_v_clk
 5.823438e-11 3.007554e-11 4.405151e-11 1.323614e-10 clkbuf_leaf_225_v_clk
 5.618666e-11 3.198373e-11 4.405151e-11 1.322219e-10 clkbuf_leaf_100_w_clk
 5.619097e-11 3.151898e-11 4.405151e-11 1.317615e-10 clkbuf_leaf_67_w_clk
 5.819240e-11 2.948604e-11 4.405151e-11 1.317299e-10 clkbuf_leaf_199_v_clk
 5.805685e-11 2.946893e-11 4.405151e-11 1.315773e-10 clkbuf_leaf_276_v_clk
 5.624386e-11 3.112812e-11 4.405151e-11 1.314235e-10 clkbuf_leaf_76_w_clk
 5.804944e-11 2.917327e-11 4.405151e-11 1.312742e-10 clkbuf_leaf_270_v_clk
 5.816191e-11 2.901773e-11 4.405151e-11 1.312311e-10 clkbuf_leaf_210_v_clk
 5.818320e-11 2.896998e-11 4.405151e-11 1.312047e-10 clkbuf_leaf_41_v_clk
 5.814024e-11 2.899858e-11 4.405151e-11 1.311903e-10 clkbuf_leaf_104_v_clk
 5.608637e-11 3.100881e-11 4.405151e-11 1.311467e-10 clkbuf_leaf_7_w_clk
 5.817101e-11 2.890489e-11 4.405151e-11 1.311274e-10 clkbuf_leaf_178_v_clk
 5.819657e-11 2.872110e-11 4.405151e-11 1.309692e-10 clkbuf_leaf_122_v_clk
 5.590488e-11 3.097676e-11 4.405151e-11 1.309332e-10 clkbuf_leaf_31_w_clk
 5.803631e-11 2.865932e-11 4.405151e-11 1.307471e-10 clkbuf_leaf_267_v_clk
 5.612463e-11 3.051463e-11 4.405151e-11 1.306908e-10 clkbuf_leaf_138_w_clk
 5.615120e-11 3.045784e-11 4.405151e-11 1.306606e-10 clkbuf_leaf_166_w_clk
 5.613551e-11 3.042310e-11 4.405151e-11 1.306101e-10 clkbuf_leaf_42_w_clk
 5.821463e-11 2.824269e-11 4.405151e-11 1.305088e-10 clkbuf_leaf_217_v_clk
 5.806515e-11 2.833003e-11 4.405151e-11 1.304467e-10 clkbuf_leaf_109_v_clk
 5.602653e-11 3.022724e-11 4.405151e-11 1.303053e-10 clkbuf_leaf_133_w_clk
 5.612711e-11 3.010183e-11 4.405151e-11 1.302805e-10 clkbuf_leaf_59_w_clk
 5.612294e-11 2.994177e-11 4.405151e-11 1.301162e-10 clkbuf_leaf_45_w_clk
 5.605807e-11 2.990402e-11 4.405151e-11 1.300136e-10 clkbuf_leaf_2_w_clk
 5.801709e-11 2.792336e-11 4.405151e-11 1.299920e-10 clkbuf_leaf_269_v_clk
 5.812947e-11 2.779591e-11 4.405151e-11 1.299769e-10 clkbuf_leaf_211_v_clk
 5.602383e-11 2.971069e-11 4.405151e-11 1.297860e-10 clkbuf_leaf_143_w_clk
 5.612225e-11 2.953211e-11 4.405151e-11 1.297059e-10 clkbuf_leaf_99_w_clk
 5.813976e-11 2.751078e-11 4.405151e-11 1.297021e-10 clkbuf_leaf_194_v_clk
 5.813360e-11 2.749984e-11 4.405151e-11 1.296849e-10 clkbuf_leaf_173_v_clk
 5.587211e-11 2.967217e-11 4.405151e-11 1.295958e-10 clkbuf_leaf_23_w_clk
 5.610216e-11 2.915088e-11 4.405151e-11 1.293045e-10 clkbuf_leaf_44_w_clk
 5.824365e-11 2.698664e-11 4.405151e-11 1.292818e-10 clkbuf_leaf_40_v_clk
 5.603895e-11 2.916450e-11 4.405151e-11 1.292550e-10 clkbuf_leaf_178_w_clk
 5.612647e-11 2.907687e-11 4.405151e-11 1.292549e-10 clkbuf_leaf_77_w_clk
 5.810242e-11 2.704645e-11 4.405151e-11 1.292004e-10 clkbuf_leaf_239_v_clk
 5.818573e-11 2.684127e-11 4.405151e-11 1.290785e-10 clkbuf_leaf_83_v_clk
 5.823789e-11 2.677645e-11 4.405151e-11 1.290658e-10 clkbuf_leaf_47_v_clk
 5.822370e-11 2.672122e-11 4.405151e-11 1.289964e-10 clkbuf_leaf_55_v_clk
 5.604230e-11 2.886250e-11 4.405151e-11 1.289563e-10 clkbuf_leaf_56_w_clk
 5.599167e-11 2.886300e-11 4.405151e-11 1.289062e-10 clkbuf_leaf_121_w_clk
 5.798925e-11 2.685359e-11 4.405151e-11 1.288943e-10 clkbuf_leaf_275_v_clk
 5.812300e-11 2.671452e-11 4.405151e-11 1.288890e-10 clkbuf_leaf_17_v_clk
 5.798810e-11 2.680763e-11 4.405151e-11 1.288472e-10 clkbuf_leaf_273_v_clk
 5.801866e-11 2.653535e-11 4.405151e-11 1.286055e-10 clkbuf_leaf_126_v_clk
 5.800241e-11 2.655146e-11 4.405151e-11 1.286054e-10 clkbuf_leaf_256_v_clk
 5.811483e-11 2.640837e-11 4.405151e-11 1.285747e-10 clkbuf_leaf_23_v_clk
 5.800055e-11 2.647779e-11 4.405151e-11 1.285299e-10 clkbuf_leaf_259_v_clk
 5.826526e-11 2.615740e-11 4.405151e-11 1.284742e-10 clkbuf_leaf_75_v_clk
 5.808984e-11 2.630355e-11 4.405151e-11 1.284449e-10 clkbuf_leaf_231_v_clk
 5.589289e-11 2.848273e-11 4.405151e-11 1.284271e-10 clkbuf_leaf_96_w_clk
 5.606634e-11 2.828363e-11 4.405151e-11 1.284015e-10 clkbuf_leaf_136_w_clk
 5.810502e-11 2.620853e-11 4.405151e-11 1.283651e-10 clkbuf_leaf_200_v_clk
 5.821923e-11 2.607353e-11 4.405151e-11 1.283443e-10 clkbuf_leaf_60_v_clk
 5.610179e-11 2.814029e-11 4.405151e-11 1.282936e-10 clkbuf_leaf_66_w_clk
 5.810312e-11 2.613735e-11 4.405151e-11 1.282920e-10 clkbuf_leaf_198_v_clk
 5.800915e-11 2.617010e-11 4.405151e-11 1.282308e-10 clkbuf_leaf_116_v_clk
 5.601241e-11 2.814857e-11 4.405151e-11 1.282125e-10 clkbuf_leaf_9_w_clk
 5.807930e-11 2.590678e-11 4.405151e-11 1.280376e-10 clkbuf_leaf_223_v_clk
 5.583510e-11 2.812546e-11 4.405151e-11 1.280121e-10 clkbuf_leaf_21_w_clk
 5.796693e-11 2.598896e-11 4.405151e-11 1.280074e-10 clkbuf_leaf_278_v_clk
 5.806393e-11 2.588173e-11 4.405151e-11 1.279972e-10 clkbuf_leaf_167_v_clk
 5.815961e-11 2.576161e-11 4.405151e-11 1.279727e-10 clkbuf_leaf_0_v_clk
 5.809443e-11 2.581160e-11 4.405151e-11 1.279575e-10 clkbuf_leaf_203_v_clk
 5.809395e-11 2.579232e-11 4.405151e-11 1.279378e-10 clkbuf_leaf_197_v_clk
 5.799831e-11 2.575625e-11 4.405151e-11 1.278061e-10 clkbuf_leaf_125_v_clk
 5.820318e-11 2.550848e-11 4.405151e-11 1.277632e-10 clkbuf_leaf_44_v_clk
 5.606243e-11 2.763719e-11 4.405151e-11 1.277511e-10 clkbuf_leaf_46_w_clk
 5.811379e-11 2.557900e-11 4.405151e-11 1.277443e-10 clkbuf_leaf_233_v_clk
 5.807827e-11 2.558670e-11 4.405151e-11 1.277165e-10 clkbuf_leaf_134_v_clk
 5.614386e-11 2.739650e-11 4.405151e-11 1.275919e-10 clkbuf_leaf_78_w_clk
 5.589914e-11 2.763336e-11 4.405151e-11 1.275840e-10 clkbuf_leaf_118_w_clk
 5.589885e-11 2.762283e-11 4.405151e-11 1.275732e-10 clkbuf_leaf_113_w_clk
 5.614313e-11 2.736852e-11 4.405151e-11 1.275632e-10 clkbuf_leaf_83_w_clk
 5.589737e-11 2.756277e-11 4.405151e-11 1.275116e-10 clkbuf_leaf_119_w_clk
 5.599284e-11 2.738294e-11 4.405151e-11 1.274273e-10 clkbuf_leaf_3_w_clk
 5.586765e-11 2.747847e-11 4.405151e-11 1.273976e-10 clkbuf_leaf_102_w_clk
 5.798753e-11 2.535720e-11 4.405151e-11 1.273962e-10 clkbuf_leaf_105_v_clk
 5.596262e-11 2.732642e-11 4.405151e-11 1.273406e-10 clkbuf_leaf_144_w_clk
 5.813657e-11 2.510524e-11 4.405151e-11 1.272933e-10 clkbuf_leaf_86_v_clk
 5.794896e-11 2.528093e-11 4.405151e-11 1.272814e-10 clkbuf_leaf_268_v_clk
 5.606423e-11 2.715648e-11 4.405151e-11 1.272722e-10 clkbuf_leaf_155_w_clk
 5.589058e-11 2.729320e-11 4.405151e-11 1.272353e-10 clkbuf_leaf_112_w_clk
 5.594975e-11 2.722375e-11 4.405151e-11 1.272250e-10 clkbuf_leaf_131_w_clk
 5.581544e-11 2.729843e-11 4.405151e-11 1.271654e-10 clkbuf_leaf_30_w_clk
 5.594674e-11 2.710764e-11 4.405151e-11 1.271059e-10 clkbuf_leaf_124_w_clk
 5.604503e-11 2.697452e-11 4.405151e-11 1.270710e-10 clkbuf_leaf_47_w_clk
 5.812964e-11 2.484896e-11 4.405151e-11 1.270301e-10 clkbuf_leaf_95_v_clk
 5.605277e-11 2.689402e-11 4.405151e-11 1.269983e-10 clkbuf_leaf_91_w_clk
 5.612509e-11 2.669523e-11 4.405151e-11 1.268718e-10 clkbuf_leaf_87_w_clk
 5.795844e-11 2.485809e-11 4.405151e-11 1.268680e-10 clkbuf_leaf_257_v_clk
 5.805547e-11 2.472976e-11 4.405151e-11 1.268367e-10 clkbuf_leaf_141_v_clk
 5.817750e-11 2.457032e-11 4.405151e-11 1.267993e-10 clkbuf_leaf_52_v_clk
 5.594788e-11 2.675362e-11 4.405151e-11 1.267530e-10 clkbuf_leaf_141_w_clk
 5.795179e-11 2.460348e-11 4.405151e-11 1.266068e-10 clkbuf_leaf_255_v_clk
 5.804948e-11 2.450437e-11 4.405151e-11 1.266054e-10 clkbuf_leaf_146_v_clk
 5.815908e-11 2.435435e-11 4.405151e-11 1.265649e-10 clkbuf_leaf_53_v_clk
 5.796616e-11 2.452681e-11 4.405151e-11 1.265445e-10 clkbuf_leaf_118_v_clk
 5.810658e-11 2.438240e-11 4.405151e-11 1.265405e-10 clkbuf_leaf_132_v_clk
 5.579941e-11 2.666835e-11 4.405151e-11 1.265193e-10 clkbuf_leaf_22_w_clk
 5.579895e-11 2.659623e-11 4.405151e-11 1.264467e-10 clkbuf_leaf_32_w_clk
 5.804379e-11 2.429027e-11 4.405151e-11 1.263856e-10 clkbuf_leaf_159_v_clk
 5.804765e-11 2.427200e-11 4.405151e-11 1.263712e-10 clkbuf_leaf_177_v_clk
 5.593826e-11 2.637687e-11 4.405151e-11 1.263666e-10 clkbuf_leaf_156_w_clk
 5.794572e-11 2.436287e-11 4.405151e-11 1.263601e-10 clkbuf_leaf_260_v_clk
 5.805198e-11 2.421826e-11 4.405151e-11 1.263217e-10 clkbuf_leaf_196_v_clk
 5.584150e-11 2.641889e-11 4.405151e-11 1.263119e-10 clkbuf_leaf_98_w_clk
 5.803450e-11 2.421946e-11 4.405151e-11 1.263055e-10 clkbuf_leaf_213_v_clk
 5.801595e-11 2.406887e-11 4.405151e-11 1.261363e-10 clkbuf_leaf_168_v_clk
 5.593229e-11 2.614541e-11 4.405151e-11 1.261292e-10 clkbuf_leaf_159_w_clk
 5.586313e-11 2.619092e-11 4.405151e-11 1.261055e-10 clkbuf_leaf_109_w_clk
 5.603414e-11 2.601460e-11 4.405151e-11 1.261002e-10 clkbuf_leaf_164_w_clk
 5.810970e-11 2.391798e-11 4.405151e-11 1.260792e-10 clkbuf_leaf_294_v_clk
 5.803577e-11 2.398886e-11 4.405151e-11 1.260761e-10 clkbuf_leaf_143_v_clk
 5.802827e-11 2.398481e-11 4.405151e-11 1.260646e-10 clkbuf_leaf_230_v_clk
 5.810590e-11 2.390115e-11 4.405151e-11 1.260586e-10 clkbuf_leaf_290_v_clk
 5.592999e-11 2.605555e-11 4.405151e-11 1.260370e-10 clkbuf_leaf_158_w_clk
 5.820518e-11 2.369785e-11 4.405151e-11 1.259545e-10 clkbuf_leaf_66_v_clk
 5.578664e-11 2.610986e-11 4.405151e-11 1.259480e-10 clkbuf_leaf_29_w_clk
 5.809391e-11 2.377050e-11 4.405151e-11 1.259159e-10 clkbuf_leaf_214_v_clk
 5.591701e-11 2.594317e-11 4.405151e-11 1.259117e-10 clkbuf_leaf_122_w_clk
 5.595831e-11 2.562452e-11 4.405151e-11 1.256343e-10 clkbuf_leaf_49_w_clk
 5.589296e-11 2.567905e-11 4.405151e-11 1.256235e-10 clkbuf_leaf_35_w_clk
 5.582354e-11 2.567622e-11 4.405151e-11 1.255513e-10 clkbuf_leaf_97_w_clk
 5.805634e-11 2.343670e-11 4.405151e-11 1.255445e-10 clkbuf_leaf_235_v_clk
 5.599316e-11 2.549397e-11 4.405151e-11 1.255386e-10 clkbuf_leaf_127_w_clk
 5.595379e-11 2.544961e-11 4.405151e-11 1.254549e-10 clkbuf_leaf_52_w_clk
 5.800503e-11 2.337322e-11 4.405151e-11 1.254297e-10 clkbuf_leaf_240_v_clk
 5.792202e-11 2.344725e-11 4.405151e-11 1.254208e-10 clkbuf_leaf_254_v_clk
 5.802037e-11 2.324734e-11 4.405151e-11 1.253192e-10 clkbuf_leaf_175_v_clk
 5.793464e-11 2.332916e-11 4.405151e-11 1.253153e-10 clkbuf_leaf_107_v_clk
 5.800793e-11 2.321895e-11 4.405151e-11 1.252784e-10 clkbuf_leaf_228_v_clk
 5.804940e-11 2.316370e-11 4.405151e-11 1.252646e-10 clkbuf_leaf_148_v_clk
 5.576621e-11 2.527145e-11 4.405151e-11 1.250892e-10 clkbuf_leaf_27_w_clk
 5.801016e-11 2.302611e-11 4.405151e-11 1.250878e-10 clkbuf_leaf_133_v_clk
 5.804429e-11 2.298799e-11 4.405151e-11 1.250838e-10 clkbuf_leaf_248_v_clk
 5.804165e-11 2.294286e-11 4.405151e-11 1.250360e-10 clkbuf_leaf_123_v_clk
 5.576108e-11 2.509844e-11 4.405151e-11 1.249110e-10 clkbuf_leaf_24_w_clk
 5.801913e-11 2.282289e-11 4.405151e-11 1.248935e-10 clkbuf_leaf_21_v_clk
 5.590085e-11 2.492034e-11 4.405151e-11 1.248727e-10 clkbuf_leaf_142_w_clk
 5.797969e-11 2.269510e-11 4.405151e-11 1.247263e-10 clkbuf_leaf_165_v_clk
 5.803492e-11 2.263825e-11 4.405151e-11 1.247247e-10 clkbuf_leaf_237_v_clk
 5.801307e-11 2.259582e-11 4.405151e-11 1.246604e-10 clkbuf_leaf_42_v_clk
 5.810777e-11 2.247469e-11 4.405151e-11 1.246340e-10 clkbuf_leaf_46_v_clk
 5.815989e-11 2.232981e-11 4.405151e-11 1.245412e-10 clkbuf_leaf_71_v_clk
 5.798181e-11 2.249740e-11 4.405151e-11 1.245307e-10 clkbuf_leaf_252_v_clk
 5.575232e-11 2.469767e-11 4.405151e-11 1.245015e-10 clkbuf_leaf_28_w_clk
 5.791137e-11 2.243131e-11 4.405151e-11 1.243942e-10 clkbuf_leaf_111_v_clk
 5.584940e-11 2.445723e-11 4.405151e-11 1.243581e-10 clkbuf_leaf_1_w_clk
 5.592601e-11 2.437693e-11 4.405151e-11 1.243544e-10 clkbuf_leaf_50_w_clk
 5.581881e-11 2.441773e-11 4.405151e-11 1.242881e-10 clkbuf_leaf_114_w_clk
 5.809854e-11 2.213641e-11 4.405151e-11 1.242865e-10 clkbuf_leaf_54_v_clk
 5.596004e-11 2.422168e-11 4.405151e-11 1.242332e-10 clkbuf_leaf_137_w_clk
 5.801970e-11 2.205667e-11 4.405151e-11 1.241279e-10 clkbuf_leaf_156_v_clk
 5.796364e-11 2.209236e-11 4.405151e-11 1.241075e-10 clkbuf_leaf_179_v_clk
 5.795462e-11 2.197520e-11 4.405151e-11 1.239813e-10 clkbuf_leaf_103_v_clk
 5.810271e-11 2.181807e-11 4.405151e-11 1.239723e-10 clkbuf_leaf_62_v_clk
 5.795994e-11 2.194896e-11 4.405151e-11 1.239604e-10 clkbuf_leaf_166_v_clk
 5.808968e-11 2.181200e-11 4.405151e-11 1.239532e-10 clkbuf_leaf_39_v_clk
 5.805302e-11 2.182381e-11 4.405151e-11 1.239283e-10 clkbuf_leaf_1_v_clk
 5.803479e-11 2.172079e-11 4.405151e-11 1.238071e-10 clkbuf_leaf_129_v_clk
 5.798500e-11 2.170737e-11 4.405151e-11 1.237439e-10 clkbuf_leaf_191_v_clk
 5.792569e-11 2.176011e-11 4.405151e-11 1.237373e-10 clkbuf_leaf_29_v_clk
 5.594574e-11 2.368086e-11 4.405151e-11 1.236781e-10 clkbuf_leaf_128_w_clk
 5.594538e-11 2.366890e-11 4.405151e-11 1.236658e-10 clkbuf_leaf_126_w_clk
 5.814333e-11 2.146470e-11 4.405151e-11 1.236595e-10 clkbuf_leaf_49_v_clk
 5.803853e-11 2.147892e-11 4.405151e-11 1.235690e-10 clkbuf_leaf_93_v_clk
 5.800382e-11 2.147860e-11 4.405151e-11 1.235339e-10 clkbuf_leaf_226_v_clk
 5.577423e-11 2.369447e-11 4.405151e-11 1.235202e-10 clkbuf_leaf_106_w_clk
 5.796121e-11 2.145981e-11 4.405151e-11 1.234725e-10 clkbuf_leaf_222_v_clk
 5.794721e-11 2.147158e-11 4.405151e-11 1.234703e-10 clkbuf_leaf_183_v_clk
 5.787141e-11 2.150082e-11 4.405151e-11 1.234237e-10 clkbuf_leaf_262_v_clk
 5.803600e-11 2.130589e-11 4.405151e-11 1.233934e-10 clkbuf_leaf_87_v_clk
 5.812837e-11 2.120563e-11 4.405151e-11 1.233855e-10 clkbuf_leaf_78_v_clk
 5.797948e-11 2.133716e-11 4.405151e-11 1.233681e-10 clkbuf_leaf_13_v_clk
 5.799737e-11 2.123802e-11 4.405151e-11 1.232869e-10 clkbuf_leaf_244_v_clk
 5.586097e-11 2.336398e-11 4.405151e-11 1.232764e-10 clkbuf_leaf_145_w_clk
 5.597265e-11 2.325217e-11 4.405151e-11 1.232763e-10 clkbuf_leaf_72_w_clk
 5.794156e-11 2.125463e-11 4.405151e-11 1.232477e-10 clkbuf_leaf_185_v_clk
 5.589691e-11 2.325506e-11 4.405151e-11 1.232035e-10 clkbuf_leaf_51_w_clk
 5.803073e-11 2.111089e-11 4.405151e-11 1.231931e-10 clkbuf_leaf_76_v_clk
 5.802858e-11 2.111068e-11 4.405151e-11 1.231908e-10 clkbuf_leaf_96_v_clk
 5.803332e-11 2.109623e-11 4.405151e-11 1.231810e-10 clkbuf_leaf_293_v_clk
 5.799332e-11 2.108711e-11 4.405151e-11 1.231319e-10 clkbuf_leaf_232_v_clk
 5.797791e-11 2.109738e-11 4.405151e-11 1.231268e-10 clkbuf_leaf_8_v_clk
 5.799145e-11 2.107018e-11 4.405151e-11 1.231131e-10 clkbuf_leaf_138_v_clk
 5.794449e-11 2.108979e-11 4.405151e-11 1.230858e-10 clkbuf_leaf_241_v_clk
 5.797100e-11 2.101932e-11 4.405151e-11 1.230418e-10 clkbuf_leaf_22_v_clk
 5.802496e-11 2.090862e-11 4.405151e-11 1.229851e-10 clkbuf_leaf_291_v_clk
 5.585216e-11 2.302240e-11 4.405151e-11 1.229261e-10 clkbuf_leaf_157_w_clk
 5.795761e-11 2.089054e-11 4.405151e-11 1.228997e-10 clkbuf_leaf_174_v_clk
 5.798562e-11 2.085298e-11 4.405151e-11 1.228901e-10 clkbuf_leaf_119_v_clk
 5.796804e-11 2.082575e-11 4.405151e-11 1.228453e-10 clkbuf_leaf_280_v_clk
 5.583911e-11 2.289718e-11 4.405151e-11 1.227878e-10 clkbuf_leaf_125_w_clk
 5.790067e-11 2.080965e-11 4.405151e-11 1.227618e-10 clkbuf_leaf_35_v_clk
 5.792730e-11 2.071572e-11 4.405151e-11 1.226945e-10 clkbuf_leaf_164_v_clk
 5.801534e-11 2.062092e-11 4.405151e-11 1.226878e-10 clkbuf_leaf_90_v_clk
 5.793402e-11 2.069471e-11 4.405151e-11 1.226802e-10 clkbuf_leaf_236_v_clk
 5.796108e-11 2.064750e-11 4.405151e-11 1.226601e-10 clkbuf_leaf_19_v_clk
 5.797924e-11 2.054826e-11 4.405151e-11 1.225790e-10 clkbuf_leaf_152_v_clk
 5.577601e-11 2.270503e-11 4.405151e-11 1.225325e-10 clkbuf_leaf_110_w_clk
 5.794617e-11 2.046087e-11 4.405151e-11 1.224585e-10 clkbuf_leaf_171_v_clk
 5.797544e-11 2.042039e-11 4.405151e-11 1.224473e-10 clkbuf_leaf_245_v_clk
 5.804717e-11 2.025479e-11 4.405151e-11 1.223535e-10 clkbuf_leaf_37_v_clk
 5.577112e-11 2.250890e-11 4.405151e-11 1.223315e-10 clkbuf_leaf_116_w_clk
 5.569980e-11 2.257014e-11 4.405151e-11 1.223214e-10 clkbuf_leaf_25_w_clk
 5.797174e-11 2.026842e-11 4.405151e-11 1.222916e-10 clkbuf_leaf_153_v_clk
 5.784269e-11 2.039633e-11 4.405151e-11 1.222905e-10 clkbuf_leaf_263_v_clk
 5.796993e-11 2.026765e-11 4.405151e-11 1.222891e-10 clkbuf_leaf_121_v_clk
 5.794711e-11 2.028587e-11 4.405151e-11 1.222845e-10 clkbuf_leaf_192_v_clk
 5.788795e-11 2.032554e-11 4.405151e-11 1.222650e-10 clkbuf_leaf_32_v_clk
 5.791447e-11 2.023385e-11 4.405151e-11 1.221998e-10 clkbuf_leaf_169_v_clk
 5.594462e-11 2.219289e-11 4.405151e-11 1.221890e-10 clkbuf_leaf_68_w_clk
 5.796831e-11 2.014088e-11 4.405151e-11 1.221607e-10 clkbuf_leaf_154_v_clk
 5.793832e-11 2.016628e-11 4.405151e-11 1.221561e-10 clkbuf_leaf_180_v_clk
 5.810176e-11 1.996371e-11 4.405151e-11 1.221170e-10 clkbuf_leaf_50_v_clk
 5.799907e-11 1.994065e-11 4.405151e-11 1.219912e-10 clkbuf_leaf_84_v_clk
 5.791385e-11 1.993417e-11 4.405151e-11 1.218995e-10 clkbuf_leaf_250_v_clk
 5.793058e-11 1.987526e-11 4.405151e-11 1.218573e-10 clkbuf_leaf_176_v_clk
 5.794471e-11 1.985432e-11 4.405151e-11 1.218505e-10 clkbuf_leaf_3_v_clk
 5.799516e-11 1.979587e-11 4.405151e-11 1.218425e-10 clkbuf_leaf_85_v_clk
 5.808693e-11 1.969110e-11 4.405151e-11 1.218295e-10 clkbuf_leaf_64_v_clk
 5.795867e-11 1.979552e-11 4.405151e-11 1.218057e-10 clkbuf_leaf_246_v_clk
 5.573180e-11 2.197825e-11 4.405151e-11 1.217615e-10 clkbuf_leaf_105_w_clk
 5.793854e-11 1.972097e-11 4.405151e-11 1.217110e-10 clkbuf_leaf_281_v_clk
 5.809020e-11 1.954626e-11 4.405151e-11 1.216880e-10 clkbuf_leaf_51_v_clk
 5.798910e-11 1.958262e-11 4.405151e-11 1.216232e-10 clkbuf_leaf_295_v_clk
 5.579314e-11 2.175156e-11 4.405151e-11 1.215962e-10 clkbuf_leaf_34_w_clk
 5.789089e-11 1.956351e-11 4.405151e-11 1.215059e-10 clkbuf_leaf_115_v_clk
 5.790969e-11 1.951985e-11 4.405151e-11 1.214810e-10 clkbuf_leaf_208_v_clk
 5.572483e-11 2.170006e-11 4.405151e-11 1.214764e-10 clkbuf_leaf_104_w_clk
 5.797313e-11 1.943451e-11 4.405151e-11 1.214591e-10 clkbuf_leaf_137_v_clk
 5.588875e-11 2.150202e-11 4.405151e-11 1.214423e-10 clkbuf_leaf_139_w_clk
 5.793375e-11 1.944433e-11 4.405151e-11 1.214296e-10 clkbuf_leaf_2_v_clk
 5.577678e-11 2.158661e-11 4.405151e-11 1.214149e-10 clkbuf_leaf_175_w_clk
 5.794693e-11 1.940983e-11 4.405151e-11 1.214083e-10 clkbuf_leaf_139_v_clk
 5.794814e-11 1.940227e-11 4.405151e-11 1.214019e-10 clkbuf_leaf_243_v_clk
 5.788802e-11 1.945511e-11 4.405151e-11 1.213946e-10 clkbuf_leaf_114_v_clk
 5.794649e-11 1.932692e-11 4.405151e-11 1.213249e-10 clkbuf_leaf_158_v_clk
 5.581163e-11 2.144508e-11 4.405151e-11 1.213082e-10 clkbuf_leaf_147_w_clk
 5.797874e-11 1.926728e-11 4.405151e-11 1.212975e-10 clkbuf_leaf_92_v_clk
 5.794412e-11 1.923877e-11 4.405151e-11 1.212344e-10 clkbuf_leaf_149_v_clk
 5.802871e-11 1.911527e-11 4.405151e-11 1.211955e-10 clkbuf_leaf_57_v_clk
 5.797693e-11 1.913296e-11 4.405151e-11 1.211614e-10 clkbuf_leaf_292_v_clk
 5.571438e-11 2.127810e-11 4.405151e-11 1.210440e-10 clkbuf_leaf_101_w_clk
 5.789142e-11 1.908789e-11 4.405151e-11 1.210308e-10 clkbuf_leaf_249_v_clk
 5.791546e-11 1.893835e-11 4.405151e-11 1.209053e-10 clkbuf_leaf_18_v_clk
 5.791185e-11 1.880317e-11 4.405151e-11 1.207665e-10 clkbuf_leaf_24_v_clk
 5.780310e-11 1.886939e-11 4.405151e-11 1.207240e-10 clkbuf_leaf_265_v_clk
 5.586849e-11 2.072845e-11 4.405151e-11 1.206484e-10 clkbuf_leaf_140_w_clk
 5.800058e-11 1.854820e-11 4.405151e-11 1.206003e-10 clkbuf_leaf_38_v_clk
 5.786699e-11 1.865923e-11 4.405151e-11 1.205777e-10 clkbuf_leaf_100_v_clk
 5.598264e-11 2.045650e-11 4.405151e-11 1.204906e-10 clkbuf_leaf_169_w_clk
 5.783943e-11 1.847991e-11 4.405151e-11 1.203709e-10 clkbuf_leaf_15_v_clk
 5.786635e-11 1.841558e-11 4.405151e-11 1.203334e-10 clkbuf_leaf_184_v_clk
 5.795333e-11 1.832743e-11 4.405151e-11 1.203323e-10 clkbuf_leaf_94_v_clk
 5.779273e-11 1.848081e-11 4.405151e-11 1.203251e-10 clkbuf_leaf_264_v_clk
 5.788948e-11 1.833210e-11 4.405151e-11 1.202731e-10 clkbuf_leaf_170_v_clk
 5.785817e-11 1.832880e-11 4.405151e-11 1.202385e-10 clkbuf_leaf_106_v_clk
 5.791639e-11 1.827058e-11 4.405151e-11 1.202385e-10 clkbuf_leaf_140_v_clk
 5.794306e-11 1.818247e-11 4.405151e-11 1.201770e-10 clkbuf_leaf_219_v_clk
 5.791563e-11 1.811794e-11 4.405151e-11 1.200851e-10 clkbuf_leaf_206_v_clk
 5.574296e-11 2.024506e-11 4.405151e-11 1.200395e-10 clkbuf_leaf_0_w_clk
 5.791325e-11 1.802930e-11 4.405151e-11 1.199941e-10 clkbuf_leaf_202_v_clk
 5.786130e-11 1.795187e-11 4.405151e-11 1.198647e-10 clkbuf_leaf_266_v_clk
 5.786026e-11 1.791274e-11 4.405151e-11 1.198245e-10 clkbuf_leaf_251_v_clk
 5.786373e-11 1.778852e-11 4.405151e-11 1.197037e-10 clkbuf_leaf_212_v_clk
 5.793028e-11 1.770913e-11 4.405151e-11 1.196909e-10 clkbuf_leaf_220_v_clk
 5.782134e-11 1.779092e-11 4.405151e-11 1.196638e-10 clkbuf_leaf_28_v_clk
 5.573333e-11 1.986306e-11 4.405151e-11 1.196479e-10 clkbuf_leaf_17_w_clk
 5.580531e-11 1.972331e-11 4.405151e-11 1.195801e-10 clkbuf_leaf_54_w_clk
 5.789864e-11 1.760856e-11 4.405151e-11 1.195587e-10 clkbuf_leaf_120_v_clk
 5.802489e-11 1.746251e-11 4.405151e-11 1.195389e-10 clkbuf_leaf_68_v_clk
 5.797125e-11 1.747391e-11 4.405151e-11 1.194967e-10 clkbuf_leaf_36_v_clk
 5.788255e-11 1.752868e-11 4.405151e-11 1.194627e-10 clkbuf_leaf_6_v_clk
 5.783492e-11 1.744910e-11 4.405151e-11 1.193355e-10 clkbuf_leaf_110_v_clk
 5.576196e-11 1.950806e-11 4.405151e-11 1.193215e-10 clkbuf_leaf_146_w_clk
 5.595149e-11 1.930112e-11 4.405151e-11 1.193041e-10 clkbuf_leaf_174_w_clk
 5.789107e-11 1.720271e-11 4.405151e-11 1.191453e-10 clkbuf_leaf_205_v_clk
 5.791236e-11 1.704537e-11 4.405151e-11 1.190092e-10 clkbuf_leaf_215_v_clk
 5.582431e-11 1.904224e-11 4.405151e-11 1.189181e-10 clkbuf_leaf_129_w_clk
 5.790433e-11 1.688400e-11 4.405151e-11 1.188398e-10 clkbuf_leaf_135_v_clk
 5.791189e-11 1.679464e-11 4.405151e-11 1.187580e-10 clkbuf_leaf_98_v_clk
 5.788031e-11 1.680174e-11 4.405151e-11 1.187336e-10 clkbuf_leaf_189_v_clk
 5.574650e-11 1.890865e-11 4.405151e-11 1.187067e-10 clkbuf_leaf_148_w_clk
 5.800085e-11 1.657763e-11 4.405151e-11 1.186300e-10 clkbuf_leaf_73_v_clk
 5.779232e-11 1.668564e-11 4.405151e-11 1.185295e-10 clkbuf_leaf_27_v_clk
 5.785824e-11 1.661850e-11 4.405151e-11 1.185282e-10 clkbuf_leaf_4_v_clk
 5.592992e-11 1.850100e-11 4.405151e-11 1.184824e-10 clkbuf_leaf_176_w_clk
 5.784807e-11 1.633302e-11 4.405151e-11 1.182326e-10 clkbuf_leaf_288_v_clk
 5.570828e-11 1.840275e-11 4.405151e-11 1.181625e-10 clkbuf_leaf_43_w_clk
 5.798768e-11 1.610137e-11 4.405151e-11 1.181406e-10 clkbuf_leaf_70_v_clk
 5.789992e-11 1.616772e-11 4.405151e-11 1.181192e-10 clkbuf_leaf_302_v_clk
 5.788518e-11 1.617408e-11 4.405151e-11 1.181108e-10 clkbuf_leaf_131_v_clk
 5.788803e-11 1.614391e-11 4.405151e-11 1.180834e-10 clkbuf_leaf_229_v_clk
 5.798427e-11 1.597789e-11 4.405151e-11 1.180137e-10 clkbuf_leaf_61_v_clk
 5.777586e-11 1.605949e-11 4.405151e-11 1.178869e-10 clkbuf_leaf_30_v_clk
 5.798714e-11 1.582456e-11 4.405151e-11 1.178632e-10 clkbuf_leaf_65_v_clk
 5.785524e-11 1.586708e-11 4.405151e-11 1.177738e-10 clkbuf_leaf_187_v_clk
 5.785295e-11 1.583954e-11 4.405151e-11 1.177440e-10 clkbuf_leaf_145_v_clk
 5.793658e-11 1.575031e-11 4.405151e-11 1.177384e-10 clkbuf_leaf_59_v_clk
 5.590915e-11 1.773042e-11 4.405151e-11 1.176911e-10 clkbuf_leaf_170_w_clk
 5.788353e-11 1.567966e-11 4.405151e-11 1.176147e-10 clkbuf_leaf_297_v_clk
 5.787379e-11 1.561639e-11 4.405151e-11 1.175417e-10 clkbuf_leaf_221_v_clk
 5.783144e-11 1.561572e-11 4.405151e-11 1.174987e-10 clkbuf_leaf_301_v_clk
 5.569056e-11 1.771312e-11 4.405151e-11 1.174552e-10 clkbuf_leaf_39_w_clk
 5.775849e-11 1.539911e-11 4.405151e-11 1.172091e-10 clkbuf_leaf_31_v_clk
 5.796072e-11 1.514143e-11 4.405151e-11 1.171536e-10 clkbuf_leaf_69_v_clk
 5.783532e-11 1.518216e-11 4.405151e-11 1.170690e-10 clkbuf_leaf_150_v_clk
 5.783398e-11 1.514610e-11 4.405151e-11 1.170316e-10 clkbuf_leaf_224_v_clk
 5.777460e-11 1.516653e-11 4.405151e-11 1.169926e-10 clkbuf_leaf_101_v_clk
 5.795026e-11 1.476327e-11 4.405151e-11 1.167650e-10 clkbuf_leaf_82_v_clk
 5.782812e-11 1.485639e-11 4.405151e-11 1.167360e-10 clkbuf_leaf_201_v_clk
 5.567215e-11 1.698038e-11 4.405151e-11 1.167040e-10 clkbuf_leaf_41_w_clk
 5.780794e-11 1.483050e-11 4.405151e-11 1.166899e-10 clkbuf_leaf_284_v_clk
 5.790833e-11 1.471820e-11 4.405151e-11 1.166780e-10 clkbuf_leaf_58_v_clk
 5.794127e-11 1.443789e-11 4.405151e-11 1.164307e-10 clkbuf_leaf_67_v_clk
 5.785520e-11 1.451556e-11 4.405151e-11 1.164223e-10 clkbuf_leaf_300_v_clk
 5.785420e-11 1.447862e-11 4.405151e-11 1.163843e-10 clkbuf_leaf_296_v_clk
 5.779940e-11 1.451066e-11 4.405151e-11 1.163616e-10 clkbuf_leaf_287_v_clk
 5.781784e-11 1.447309e-11 4.405151e-11 1.163424e-10 clkbuf_leaf_190_v_clk
 5.784209e-11 1.421554e-11 4.405151e-11 1.161091e-10 clkbuf_leaf_286_v_clk
 5.780780e-11 1.422971e-11 4.405151e-11 1.160890e-10 clkbuf_leaf_242_v_clk
 5.783537e-11 1.409160e-11 4.405151e-11 1.159785e-10 clkbuf_leaf_89_v_clk
 5.772466e-11 1.419095e-11 4.405151e-11 1.159671e-10 clkbuf_leaf_25_v_clk
 5.777719e-11 1.389669e-11 4.405151e-11 1.157254e-10 clkbuf_leaf_283_v_clk
 5.778196e-11 1.356775e-11 4.405151e-11 1.154012e-10 clkbuf_leaf_155_v_clk
 5.563594e-11 1.555993e-11 4.405151e-11 1.152474e-10 clkbuf_leaf_37_w_clk
 5.775235e-11 1.326506e-11 4.405151e-11 1.150689e-10 clkbuf_leaf_277_v_clk
 5.560931e-11 1.451333e-11 4.405151e-11 1.141741e-10 clkbuf_leaf_36_w_clk
 5.559530e-11 1.440031e-11 4.405151e-11 1.140471e-10 clkbuf_leaf_16_w_clk
 5.777849e-11 1.200320e-11 4.405151e-11 1.138332e-10 clkbuf_leaf_10_v_clk
 5.763464e-11 1.185124e-11 4.405151e-11 1.135374e-10 clkbuf_leaf_16_v_clk
 5.761138e-11 7.863294e-12 4.405151e-11 1.095262e-10 clkbuf_leaf_14_v_clk
 5.761094e-11 7.852164e-12 4.405151e-11 1.095146e-10 clkbuf_leaf_12_v_clk
 5.760681e-11 7.749986e-12 4.405151e-11 1.094083e-10 clkbuf_leaf_7_v_clk
 5.760409e-11 7.682463e-12 4.405151e-11 1.093381e-10 clkbuf_leaf_298_v_clk
 4.350591e-11 0.000000e+00 5.975646e-11 1.032624e-10 clkload166
 4.342495e-11 0.000000e+00 5.975646e-11 1.031814e-10 clkload145
 4.165723e-11 0.000000e+00 5.975645e-11 1.014137e-10 clkload34
 4.159162e-11 0.000000e+00 5.975645e-11 1.013481e-10 clkload32
 5.721222e-11 0.000000e+00 4.405151e-11 1.012637e-10 clkload161
 3.193677e-11 0.000000e+00 4.643644e-11 7.837321e-11 clkload154
 3.193606e-11 0.000000e+00 4.643644e-11 7.837250e-11 clkload151
 3.185759e-11 0.000000e+00 4.643644e-11 7.829403e-11 clkload162
 3.182430e-11 0.000000e+00 4.643644e-11 7.826074e-11 clkload163
 4.303188e-11 0.000000e+00 2.345417e-11 6.648605e-11 clkload7
 4.302160e-11 0.000000e+00 2.345417e-11 6.647577e-11 clkload9
 3.204742e-11 0.000000e+00 3.311824e-11 6.516566e-11 clkload20
 3.201832e-11 0.000000e+00 3.311824e-11 6.513656e-11 clkload11
 3.199761e-11 0.000000e+00 3.311824e-11 6.511584e-11 clkload25
 3.176583e-11 0.000000e+00 3.311824e-11 6.488407e-11 clkload3
 3.149019e-11 0.000000e+00 3.311824e-11 6.460843e-11 clkload1
 2.079415e-11 0.000000e+00 3.311822e-11 5.391237e-11 clkload157
 2.076275e-11 0.000000e+00 3.311822e-11 5.388098e-11 clkload165
 2.072475e-11 0.000000e+00 3.311822e-11 5.384298e-11 clkload158
 2.071408e-11 0.000000e+00 3.311822e-11 5.383231e-11 clkload167
 1.990205e-11 0.000000e+00 3.311822e-11 5.302028e-11 clkload30
 2.837331e-11 0.000000e+00 2.345411e-11 5.182742e-11 clkload366
 2.837112e-11 0.000000e+00 2.345411e-11 5.182523e-11 clkload244
 2.837056e-11 0.000000e+00 2.345411e-11 5.182468e-11 clkload208
 2.837034e-11 0.000000e+00 2.345411e-11 5.182445e-11 clkload268
 2.837008e-11 0.000000e+00 2.345411e-11 5.182419e-11 clkload234
 2.836954e-11 0.000000e+00 2.345411e-11 5.182365e-11 clkload205
 2.836941e-11 0.000000e+00 2.345411e-11 5.182352e-11 clkload206
 2.836898e-11 0.000000e+00 2.345411e-11 5.182309e-11 clkload238
 2.836894e-11 0.000000e+00 2.345411e-11 5.182306e-11 clkload226
 2.836770e-11 0.000000e+00 2.345411e-11 5.182181e-11 clkload236
 2.836711e-11 0.000000e+00 2.345411e-11 5.182122e-11 clkload265
 2.836698e-11 0.000000e+00 2.345411e-11 5.182110e-11 clkload362
 2.836676e-11 0.000000e+00 2.345411e-11 5.182087e-11 clkload318
 2.836564e-11 0.000000e+00 2.345411e-11 5.181975e-11 clkload290
 2.836546e-11 0.000000e+00 2.345411e-11 5.181958e-11 clkload211
 2.836546e-11 0.000000e+00 2.345411e-11 5.181957e-11 clkload227
 2.836545e-11 0.000000e+00 2.345411e-11 5.181957e-11 clkload176
 2.836542e-11 0.000000e+00 2.345411e-11 5.181953e-11 clkload224
 2.836487e-11 0.000000e+00 2.345411e-11 5.181899e-11 clkload230
 2.836477e-11 0.000000e+00 2.345411e-11 5.181888e-11 clkload360
 2.836446e-11 0.000000e+00 2.345411e-11 5.181857e-11 clkload232
 2.836386e-11 0.000000e+00 2.345411e-11 5.181797e-11 clkload291
 2.836383e-11 0.000000e+00 2.345411e-11 5.181795e-11 clkload207
 2.836375e-11 0.000000e+00 2.345411e-11 5.181786e-11 clkload314
 2.836285e-11 0.000000e+00 2.345411e-11 5.181696e-11 clkload233
 2.836207e-11 0.000000e+00 2.345411e-11 5.181619e-11 clkload173
 2.836170e-11 0.000000e+00 2.345411e-11 5.181581e-11 clkload250
 2.836135e-11 0.000000e+00 2.345411e-11 5.181547e-11 clkload315
 2.836083e-11 0.000000e+00 2.345411e-11 5.181494e-11 clkload287
 2.835987e-11 0.000000e+00 2.345411e-11 5.181398e-11 clkload235
 2.835960e-11 0.000000e+00 2.345411e-11 5.181371e-11 clkload216
 2.835902e-11 0.000000e+00 2.345411e-11 5.181313e-11 clkload174
 2.835759e-11 0.000000e+00 2.345411e-11 5.181170e-11 clkload263
 2.835746e-11 0.000000e+00 2.345411e-11 5.181157e-11 clkload264
 2.835655e-11 0.000000e+00 2.345411e-11 5.181067e-11 clkload247
 2.835626e-11 0.000000e+00 2.345411e-11 5.181037e-11 clkload344
 2.835614e-11 0.000000e+00 2.345411e-11 5.181025e-11 clkload320
 2.835503e-11 0.000000e+00 2.345411e-11 5.180914e-11 clkload317
 2.835385e-11 0.000000e+00 2.345411e-11 5.180797e-11 clkload210
 2.835237e-11 0.000000e+00 2.345411e-11 5.180648e-11 clkload322
 2.835025e-11 0.000000e+00 2.345411e-11 5.180437e-11 clkload217
 2.834990e-11 0.000000e+00 2.345411e-11 5.180401e-11 clkload364
 2.834989e-11 0.000000e+00 2.345411e-11 5.180400e-11 clkload307
 2.834978e-11 0.000000e+00 2.345411e-11 5.180389e-11 clkload339
 2.834974e-11 0.000000e+00 2.345411e-11 5.180385e-11 clkload298
 2.834827e-11 0.000000e+00 2.345411e-11 5.180238e-11 clkload259
 2.834793e-11 0.000000e+00 2.345411e-11 5.180204e-11 clkload305
 2.834790e-11 0.000000e+00 2.345411e-11 5.180201e-11 clkload209
 2.834728e-11 0.000000e+00 2.345411e-11 5.180140e-11 clkload204
 2.834722e-11 0.000000e+00 2.345411e-11 5.180133e-11 clkload249
 2.834720e-11 0.000000e+00 2.345411e-11 5.180131e-11 clkload310
 2.834623e-11 0.000000e+00 2.345411e-11 5.180035e-11 clkload177
 2.834506e-11 0.000000e+00 2.345411e-11 5.179918e-11 clkload229
 2.834498e-11 0.000000e+00 2.345411e-11 5.179909e-11 clkload297
 2.834393e-11 0.000000e+00 2.345411e-11 5.179805e-11 clkload319
 2.834356e-11 0.000000e+00 2.345411e-11 5.179768e-11 clkload340
 2.834196e-11 0.000000e+00 2.345411e-11 5.179607e-11 clkload275
 2.834155e-11 0.000000e+00 2.345411e-11 5.179566e-11 clkload335
 2.834126e-11 0.000000e+00 2.345411e-11 5.179537e-11 clkload181
 2.833729e-11 0.000000e+00 2.345411e-11 5.179140e-11 clkload284
 2.833658e-11 0.000000e+00 2.345411e-11 5.179069e-11 clkload300
 2.833568e-11 0.000000e+00 2.345411e-11 5.178979e-11 clkload254
 2.833131e-11 0.000000e+00 2.345411e-11 5.178542e-11 clkload301
 2.833109e-11 0.000000e+00 2.345411e-11 5.178520e-11 clkload331
 2.833017e-11 0.000000e+00 2.345411e-11 5.178429e-11 clkload201
 2.832926e-11 0.000000e+00 2.345411e-11 5.178338e-11 clkload183
 2.832862e-11 0.000000e+00 2.345411e-11 5.178273e-11 clkload253
 2.832823e-11 0.000000e+00 2.345411e-11 5.178235e-11 clkload178
 2.832728e-11 0.000000e+00 2.345411e-11 5.178140e-11 clkload199
 2.832556e-11 0.000000e+00 2.345411e-11 5.177967e-11 clkload299
 2.832455e-11 0.000000e+00 2.345411e-11 5.177866e-11 clkload279
 2.832249e-11 0.000000e+00 2.345411e-11 5.177660e-11 clkload327
 2.832159e-11 0.000000e+00 2.345411e-11 5.177570e-11 clkload308
 2.832045e-11 0.000000e+00 2.345411e-11 5.177456e-11 clkload278
 2.831855e-11 0.000000e+00 2.345411e-11 5.177266e-11 clkload200
 2.831474e-11 0.000000e+00 2.345411e-11 5.176885e-11 clkload359
 2.831262e-11 0.000000e+00 2.345411e-11 5.176673e-11 clkload202
 2.737080e-11 0.000000e+00 2.345411e-11 5.082491e-11 clkload58
 2.737066e-11 0.000000e+00 2.345411e-11 5.082477e-11 clkload105
 2.736715e-11 0.000000e+00 2.345411e-11 5.082126e-11 clkload106
 2.736240e-11 0.000000e+00 2.345411e-11 5.081651e-11 clkload108
 2.735867e-11 0.000000e+00 2.345411e-11 5.081278e-11 clkload40
 2.735765e-11 0.000000e+00 2.345411e-11 5.081176e-11 clkload109
 2.735255e-11 0.000000e+00 2.345411e-11 5.080666e-11 clkload59
 2.735128e-11 0.000000e+00 2.345411e-11 5.080539e-11 clkload56
 2.735071e-11 0.000000e+00 2.345411e-11 5.080482e-11 clkload76
 2.734797e-11 0.000000e+00 2.345411e-11 5.080208e-11 clkload64
 2.734684e-11 0.000000e+00 2.345411e-11 5.080095e-11 clkload120
 2.734648e-11 0.000000e+00 2.345411e-11 5.080059e-11 clkload104
 2.734597e-11 0.000000e+00 2.345411e-11 5.080008e-11 clkload135
 2.734089e-11 0.000000e+00 2.345411e-11 5.079500e-11 clkload69
 2.734085e-11 0.000000e+00 2.345411e-11 5.079496e-11 clkload70
 2.733882e-11 0.000000e+00 2.345411e-11 5.079293e-11 clkload124
 2.733838e-11 0.000000e+00 2.345411e-11 5.079249e-11 clkload114
 2.733229e-11 0.000000e+00 2.345411e-11 5.078640e-11 clkload68
 2.733005e-11 0.000000e+00 2.345411e-11 5.078416e-11 clkload100
 2.732979e-11 0.000000e+00 2.345411e-11 5.078390e-11 clkload119
 2.732820e-11 0.000000e+00 2.345411e-11 5.078231e-11 clkload94
 2.732767e-11 0.000000e+00 2.345411e-11 5.078179e-11 clkload111
 2.732643e-11 0.000000e+00 2.345411e-11 5.078055e-11 clkload92
 2.732307e-11 0.000000e+00 2.345411e-11 5.077718e-11 clkload77
 2.731826e-11 0.000000e+00 2.345411e-11 5.077237e-11 clkload95
 2.731225e-11 0.000000e+00 2.345411e-11 5.076636e-11 clkload142
 2.730062e-11 0.000000e+00 2.345411e-11 5.075473e-11 clkload44
 2.728633e-11 0.000000e+00 2.345411e-11 5.074044e-11 clkload128
 1.059608e-19 4.773318e-19 4.699079e-11 4.699079e-11 max_cap248
 1.058061e-19 5.751649e-19 4.699079e-11 4.699079e-11 max_cap343
 1.060337e-19 4.860122e-19 4.699079e-11 4.699079e-11 max_cap432
 1.051598e-19 4.722779e-19 4.699079e-11 4.699079e-11 wire310
 5.243385e-19 1.644240e-18 4.699078e-11 4.699078e-11 fanout179
 5.437518e-19 3.600773e-18 4.699078e-11 4.699078e-11 wire1041
 5.308853e-19 3.405500e-18 4.699077e-11 4.699078e-11 fanout198
 5.300728e-19 3.189248e-18 4.699077e-11 4.699078e-11 fanout220
 5.295514e-19 2.314238e-18 4.699077e-11 4.699078e-11 fanout570
 5.268930e-19 2.193746e-18 4.699077e-11 4.699078e-11 fanout574
 5.344220e-19 2.080880e-18 4.699077e-11 4.699078e-11 max_cap1247
 5.329174e-19 2.842044e-18 4.699077e-11 4.699078e-11 max_cap1249
 5.355469e-19 2.456546e-18 4.699077e-11 4.699078e-11 max_cap1251
 5.377986e-19 2.250600e-18 4.699077e-11 4.699078e-11 max_cap1253
 5.304261e-19 3.286208e-18 4.699077e-11 4.699078e-11 max_cap155
 5.358792e-19 4.149935e-18 4.699077e-11 4.699078e-11 max_cap162
 5.328285e-19 3.124498e-18 4.699077e-11 4.699078e-11 max_cap315
 5.289165e-19 2.612762e-18 4.699077e-11 4.699078e-11 max_cap330
 5.410643e-19 3.419161e-18 4.699077e-11 4.699078e-11 max_cap350
 5.275870e-19 2.574458e-18 4.699077e-11 4.699078e-11 max_cap418
 5.304621e-19 2.968862e-18 4.699077e-11 4.699078e-11 wire463
 5.266986e-19 2.164272e-18 4.699077e-11 4.699077e-11 fanout261
 5.268726e-19 2.121103e-18 4.699077e-11 4.699077e-11 fanout263
 5.256653e-19 2.065339e-18 4.699077e-11 4.699077e-11 fanout266
 5.255233e-19 2.046918e-18 4.699077e-11 4.699077e-11 fanout268
 5.237793e-19 1.891242e-18 4.699077e-11 4.699077e-11 fanout271
 5.247124e-19 1.805665e-18 4.699077e-11 4.699077e-11 fanout275
 5.254679e-19 2.330207e-18 4.699077e-11 4.699077e-11 fanout467
 5.255205e-19 1.773862e-18 4.699077e-11 4.699077e-11 fanout683
 5.253034e-19 2.001670e-18 4.699077e-11 4.699077e-11 fanout684
 5.258028e-19 2.063513e-18 4.699077e-11 4.699077e-11 fanout687
 5.263370e-19 1.888662e-18 4.699077e-11 4.699077e-11 fanout689
 5.268436e-19 2.023697e-18 4.699077e-11 4.699077e-11 fanout690
 5.238429e-19 1.657367e-18 4.699077e-11 4.699077e-11 fanout691
 5.266223e-19 2.240359e-18 4.699077e-11 4.699077e-11 fanout696
 5.234256e-19 1.852015e-18 4.699077e-11 4.699077e-11 fanout697
 5.246484e-19 2.000624e-18 4.699077e-11 4.699077e-11 fanout699
 5.256392e-19 1.983242e-18 4.699077e-11 4.699077e-11 fanout703
 5.343198e-19 1.961358e-18 4.699077e-11 4.699077e-11 max_cap1202
 5.393038e-19 2.163557e-18 4.699077e-11 4.699077e-11 max_cap1204
 5.345781e-19 2.240164e-18 4.699077e-11 4.699077e-11 max_cap694
 5.365623e-19 2.156880e-18 4.699077e-11 4.699077e-11 max_cap701
 5.388689e-19 2.475221e-18 4.699077e-11 4.699077e-11 wire273
 5.326804e-19 3.474944e-18 4.699077e-11 4.699077e-11 wire873
 3.397082e-18 2.038409e-17 4.699074e-11 4.699077e-11 fanout1195
 9.665071e-19 4.382758e-18 4.699076e-11 4.699077e-11 max_cap1351
 9.785843e-19 7.532770e-18 4.699076e-11 4.699077e-11 max_cap159
 9.736044e-19 5.618594e-18 4.699076e-11 4.699077e-11 max_cap224
 9.593799e-19 6.027612e-18 4.699076e-11 4.699077e-11 max_cap240
 9.671161e-19 5.132750e-18 4.699076e-11 4.699077e-11 max_cap302
 9.560544e-19 5.750544e-18 4.699076e-11 4.699077e-11 max_cap443
 9.653488e-19 5.276215e-18 4.699076e-11 4.699077e-11 max_cap471
 9.542924e-19 5.304545e-18 4.699076e-11 4.699077e-11 max_cap521
 9.648211e-19 4.258149e-18 4.699076e-11 4.699077e-11 wire515
 3.380320e-18 1.599608e-17 4.699074e-11 4.699076e-11 fanout1189
 5.318789e-19 2.605579e-18 4.699076e-11 4.699076e-11 fanout1236
 9.544599e-19 2.698714e-18 4.699076e-11 4.699076e-11 fanout1349
 9.464811e-19 3.815974e-18 4.699076e-11 4.699076e-11 fanout1354
 9.495636e-19 3.661828e-18 4.699076e-11 4.699076e-11 fanout1357
 5.336955e-19 3.617700e-18 4.699076e-11 4.699076e-11 max_cap1155
 9.604847e-19 3.604681e-18 4.699076e-11 4.699076e-11 max_cap1348
 9.636122e-19 3.462447e-18 4.699076e-11 4.699076e-11 max_cap1353
 9.647215e-19 5.625382e-18 4.699076e-11 4.699076e-11 max_cap295
 9.440173e-19 4.008635e-18 4.699076e-11 4.699076e-11 max_cap366
 9.469488e-19 4.086132e-18 4.699076e-11 4.699076e-11 max_cap567
 5.343629e-19 3.382754e-18 4.699076e-11 4.699076e-11 wire499
 3.359645e-18 1.327530e-17 4.699074e-11 4.699076e-11 fanout1171
 9.617967e-19 3.060311e-18 4.699076e-11 4.699076e-11 max_cap1346
 9.436897e-19 3.078651e-18 4.699076e-11 4.699076e-11 max_cap363
 9.517693e-19 4.566556e-18 4.699074e-11 4.699075e-11 fanout253
 1.377850e-18 7.580610e-18 4.699074e-11 4.699075e-11 fanout312
 1.377820e-18 7.459140e-18 4.699074e-11 4.699075e-11 max_cap201
 9.699496e-19 6.269742e-18 4.699074e-11 4.699075e-11 max_cap400
 9.647426e-19 4.526611e-18 4.699074e-11 4.699075e-11 max_cap731
 9.672168e-19 6.056580e-18 4.699074e-11 4.699075e-11 wire150
 1.400631e-18 7.741669e-18 4.699074e-11 4.699075e-11 wire902
 9.538024e-19 5.594112e-18 4.699074e-11 4.699074e-11 fanout360
 5.244903e-19 1.956663e-18 4.699074e-11 4.699074e-11 fanout815
 5.249337e-19 1.685783e-18 4.699074e-11 4.699074e-11 fanout821
 5.267416e-19 1.975276e-18 4.699074e-11 4.699074e-11 fanout822
 5.273180e-19 1.938731e-18 4.699074e-11 4.699074e-11 fanout825
 5.232249e-19 1.834624e-18 4.699074e-11 4.699074e-11 fanout826
 5.230112e-19 1.986356e-18 4.699074e-11 4.699074e-11 fanout831
 5.240357e-19 1.604064e-18 4.699074e-11 4.699074e-11 fanout833
 5.235892e-19 2.055677e-18 4.699074e-11 4.699074e-11 fanout834
 5.247254e-19 1.882972e-18 4.699074e-11 4.699074e-11 fanout835
 5.272742e-19 2.498150e-18 4.699074e-11 4.699074e-11 fanout837
 5.254361e-19 1.681091e-18 4.699074e-11 4.699074e-11 fanout838
 5.234726e-19 1.816464e-18 4.699074e-11 4.699074e-11 fanout839
 5.260219e-19 1.775802e-18 4.699074e-11 4.699074e-11 fanout840
 5.248667e-19 1.617688e-18 4.699074e-11 4.699074e-11 fanout841
 9.615392e-19 4.381853e-18 4.699074e-11 4.699074e-11 max_cap481
 5.334433e-19 2.072097e-18 4.699074e-11 4.699074e-11 max_cap818
 5.350021e-19 2.092395e-18 4.699074e-11 4.699074e-11 max_cap824
 9.614255e-19 4.115681e-18 4.699074e-11 4.699074e-11 max_cap479
 5.334067e-19 3.229139e-18 4.699074e-11 4.699074e-11 wire370
 9.571270e-19 5.903646e-18 4.699073e-11 4.699074e-11 wire285
 9.714979e-19 6.046887e-18 4.699073e-11 4.699074e-11 wire511
 9.659876e-19 3.593111e-18 4.699073e-11 4.699073e-11 max_cap489
 9.571496e-19 4.192104e-18 4.699073e-11 4.699073e-11 max_cap491
 5.416745e-19 2.830194e-18 4.699073e-11 4.699073e-11 max_cap892
 9.709839e-19 5.445137e-18 4.699072e-11 4.699073e-11 wire1257
 9.566625e-19 3.885638e-18 4.699072e-11 4.699073e-11 fanout1340
 9.571789e-19 3.728847e-18 4.699072e-11 4.699073e-11 max_cap1255
 9.642803e-19 3.483129e-18 4.699072e-11 4.699073e-11 max_cap1339
 9.648888e-19 8.148358e-18 4.699072e-11 4.699073e-11 wire211
 9.529314e-19 4.591917e-18 4.699072e-11 4.699072e-11 fanout1369
 9.605588e-19 6.562763e-18 4.699072e-11 4.699072e-11 max_cap203
 9.561139e-19 6.252920e-18 4.699072e-11 4.699072e-11 max_cap255
 9.553090e-19 5.641392e-18 4.699072e-11 4.699072e-11 max_cap291
 9.521582e-19 5.182160e-18 4.699072e-11 4.699072e-11 max_cap306
 9.508844e-19 4.723895e-18 4.699072e-11 4.699072e-11 max_cap406
 9.571003e-19 6.030635e-18 4.699072e-11 4.699072e-11 wire289
 9.439409e-19 3.455884e-18 4.699072e-11 4.699072e-11 fanout1363
 9.407251e-19 2.918250e-18 4.699072e-11 4.699072e-11 fanout1364
 9.469963e-19 3.193899e-18 4.699072e-11 4.699072e-11 fanout1373
 9.446067e-19 3.425198e-18 4.699072e-11 4.699072e-11 fanout1374
 9.434738e-19 3.276600e-18 4.699072e-11 4.699072e-11 fanout1376
 9.405580e-19 2.894150e-18 4.699072e-11 4.699072e-11 fanout1377
 9.492819e-19 3.405964e-18 4.699072e-11 4.699072e-11 fanout1382
 9.529373e-19 3.881699e-18 4.699072e-11 4.699072e-11 fanout1383
 9.402979e-19 3.090048e-18 4.699072e-11 4.699072e-11 fanout1384
 9.405714e-19 2.962980e-18 4.699072e-11 4.699072e-11 fanout1386
 9.444962e-19 3.472984e-18 4.699072e-11 4.699072e-11 fanout1387
 9.463768e-19 3.249106e-18 4.699072e-11 4.699072e-11 fanout1390
 9.444897e-19 3.599232e-18 4.699072e-11 4.699072e-11 fanout1391
 9.439099e-19 3.528676e-18 4.699072e-11 4.699072e-11 fanout1392
 9.439858e-19 3.015720e-18 4.699072e-11 4.699072e-11 fanout1396
 1.384970e-18 1.046969e-17 4.699071e-11 4.699072e-11 fanout449
 9.575331e-19 3.461350e-18 4.699072e-11 4.699072e-11 max_cap1371
 5.392001e-19 2.860382e-18 4.699072e-11 4.699072e-11 wire1263
 9.547866e-19 4.308989e-18 4.699071e-11 4.699072e-11 fanout556
 9.554716e-19 4.264833e-18 4.699071e-11 4.699072e-11 max_cap1265
 1.389518e-18 5.322156e-18 4.699071e-11 4.699072e-11 max_cap448
 9.453959e-19 3.444035e-18 4.699071e-11 4.699071e-11 fanout555
 5.280701e-19 1.666081e-18 4.699071e-11 4.699071e-11 max_cap523
 5.317804e-19 1.958518e-18 4.699071e-11 4.699071e-11 max_cap525
 9.563616e-19 3.844596e-18 4.699071e-11 4.699071e-11 max_cap554
 5.289907e-19 2.186274e-18 4.699070e-11 4.699070e-11 max_cap420
 2.114801e-19 9.767911e-19 4.699065e-11 4.699065e-11 fanout1741
 2.116145e-19 9.943506e-19 4.699065e-11 4.699065e-11 fanout1760
 3.130252e-19 9.058495e-19 4.699057e-11 4.699057e-11 fanout765
 3.130307e-19 9.063785e-19 4.699057e-11 4.699057e-11 fanout766
 3.152054e-19 1.028702e-18 4.699057e-11 4.699057e-11 fanout769
 3.145479e-19 1.153354e-18 4.699057e-11 4.699057e-11 fanout770
 3.140445e-19 1.088781e-18 4.699057e-11 4.699057e-11 fanout771
 3.136677e-19 1.040615e-18 4.699057e-11 4.699057e-11 fanout772
 3.143366e-19 1.015500e-18 4.699057e-11 4.699057e-11 fanout774
 3.153612e-19 1.132833e-18 4.699057e-11 4.699057e-11 fanout776
 3.158626e-19 1.168800e-18 4.699057e-11 4.699057e-11 fanout777
 3.164754e-19 1.278253e-18 4.699057e-11 4.699057e-11 fanout779
 3.151162e-19 1.100892e-18 4.699057e-11 4.699057e-11 fanout780
 3.155737e-19 1.089245e-18 4.699057e-11 4.699057e-11 fanout786
 3.151752e-19 1.175633e-18 4.699057e-11 4.699057e-11 fanout787
 3.137527e-19 1.119724e-18 4.699057e-11 4.699057e-11 fanout791
 3.154822e-19 1.196280e-18 4.699057e-11 4.699057e-11 fanout795
 3.146549e-19 1.091216e-18 4.699057e-11 4.699057e-11 fanout796
 3.147122e-19 1.105975e-18 4.699057e-11 4.699057e-11 fanout798
 7.368834e-19 2.468055e-18 4.699055e-11 4.699055e-11 fanout1576
 7.340339e-19 2.434214e-18 4.699055e-11 4.699055e-11 fanout1577
 7.395350e-19 3.205088e-18 4.699055e-11 4.699055e-11 fanout1578
 7.366543e-19 2.837447e-18 4.699055e-11 4.699055e-11 fanout1582
 7.367683e-19 2.762757e-18 4.699055e-11 4.699055e-11 fanout1590
 7.351593e-19 2.550268e-18 4.699055e-11 4.699055e-11 fanout1592
 7.302381e-19 2.281396e-18 4.699055e-11 4.699055e-11 fanout1596
 7.334116e-19 2.391911e-18 4.699055e-11 4.699055e-11 fanout1602
 7.351835e-19 2.619800e-18 4.699055e-11 4.699055e-11 fanout1603
 7.376619e-19 2.639299e-18 4.699055e-11 4.699055e-11 fanout1604
 7.349237e-19 2.585610e-18 4.699055e-11 4.699055e-11 fanout1605
 7.433777e-19 3.952573e-18 4.699055e-11 4.699055e-11 fanout1612
 3.167363e-19 1.436799e-18 4.699052e-11 4.699053e-11 fanout1561
 3.178561e-19 1.741142e-18 4.699052e-11 4.699053e-11 fanout1562
 3.215584e-19 1.961227e-18 4.699052e-11 4.699053e-11 fanout1575
 3.221676e-19 1.545912e-18 4.699052e-11 4.699053e-11 max_cap1560
 3.217668e-19 1.578593e-18 4.699052e-11 4.699053e-11 max_cap1565
 3.153491e-19 1.313757e-18 4.699052e-11 4.699052e-11 fanout1566
 3.177429e-19 1.351952e-18 4.699052e-11 4.699052e-11 fanout1568
 7.415583e-19 3.581532e-18 4.699052e-11 4.699052e-11 fanout969
 3.184724e-19 2.041574e-18 4.405169e-11 4.405169e-11 fanout326
 3.176475e-19 1.821388e-18 4.405167e-11 4.405167e-11 fanout1410
 3.174687e-19 1.774787e-18 4.405167e-11 4.405167e-11 fanout1411
 3.228055e-19 2.458707e-18 4.405167e-11 4.405167e-11 fanout1413
 7.423591e-19 3.554089e-18 4.405164e-11 4.405165e-11 fanout1400
 7.381232e-19 3.205524e-18 4.405164e-11 4.405165e-11 fanout1402
 7.370443e-19 3.116835e-18 4.405164e-11 4.405165e-11 fanout1403
 7.363094e-19 3.027065e-18 4.405164e-11 4.405165e-11 fanout1404
 7.416446e-19 3.781415e-18 4.405164e-11 4.405165e-11 fanout1408
 7.457168e-19 3.937047e-18 4.405164e-11 4.405165e-11 fanout1409
 3.616674e-18 2.255737e-17 4.405161e-11 4.405164e-11 fanout986
 3.604609e-18 2.029747e-17 4.405161e-11 4.405163e-11 fanout985
 3.168923e-19 1.455905e-18 4.405162e-11 4.405163e-11 fanout1208
 3.231671e-19 1.545442e-18 4.405162e-11 4.405163e-11 max_cap1216
 3.139397e-19 1.097591e-18 4.405162e-11 4.405162e-11 fanout1210
 3.159636e-19 1.342342e-18 4.405162e-11 4.405162e-11 fanout1213
 3.153343e-19 1.242551e-18 4.405162e-11 4.405162e-11 fanout1220
 3.130615e-19 9.637976e-19 4.405162e-11 4.405162e-11 fanout1221
 3.144723e-19 1.140215e-18 4.405162e-11 4.405162e-11 fanout1226
 7.522468e-19 4.302138e-18 4.405160e-11 4.405160e-11 max_cap1200
 3.263152e-19 2.518892e-18 4.405158e-11 4.405158e-11 max_cap508
 2.191563e-19 1.123935e-18 4.405155e-11 4.405155e-11 input9
 5.349047e-19 3.147101e-18 4.405151e-11 4.405151e-11 fanout976
 5.335062e-19 2.079830e-18 4.405151e-11 4.405151e-11 wire975
 9.750659e-19 6.068065e-18 4.405150e-11 4.405150e-11 max_cap357
 5.377011e-19 2.593631e-18 4.405150e-11 4.405150e-11 max_cap875
 9.502694e-19 4.899328e-18 4.405148e-11 4.405149e-11 fanout562
 1.401190e-18 5.988017e-18 4.405148e-11 4.405149e-11 max_cap728
 5.276602e-19 2.153633e-18 4.405148e-11 4.405148e-11 fanout532
 5.269614e-19 2.226358e-18 4.405148e-11 4.405148e-11 fanout533
 9.434119e-19 3.357159e-18 4.405148e-11 4.405148e-11 fanout559
 9.580565e-19 5.981969e-18 4.405148e-11 4.405148e-11 max_cap348
 9.680736e-19 4.703817e-18 4.405148e-11 4.405148e-11 max_cap374
 9.566565e-19 5.401149e-18 4.405148e-11 4.405148e-11 max_cap431
 5.379470e-19 2.802948e-18 4.405148e-11 4.405148e-11 max_cap529
 5.268789e-19 1.564805e-18 4.405148e-11 4.405148e-11 max_cap531
 9.449708e-19 3.269842e-18 4.405148e-11 4.405148e-11 fanout1615
 9.393025e-19 3.225109e-18 4.405148e-11 4.405148e-11 fanout1617
 9.439301e-19 2.925098e-18 4.405148e-11 4.405148e-11 fanout1619
 9.424108e-19 3.281345e-18 4.405148e-11 4.405148e-11 fanout1621
 9.397427e-19 2.954579e-18 4.405148e-11 4.405148e-11 fanout1623
 9.436058e-19 2.860236e-18 4.405148e-11 4.405148e-11 fanout1626
 9.451422e-19 3.061946e-18 4.405148e-11 4.405148e-11 fanout1627
 9.462897e-19 3.212521e-18 4.405148e-11 4.405148e-11 fanout1630
 9.485801e-19 3.428430e-18 4.405148e-11 4.405148e-11 fanout1632
 9.426765e-19 2.729870e-18 4.405148e-11 4.405148e-11 fanout1635
 9.462451e-19 3.119629e-18 4.405148e-11 4.405148e-11 fanout1640
 9.414610e-19 2.822891e-18 4.405148e-11 4.405148e-11 fanout1645
 9.417521e-19 2.788355e-18 4.405148e-11 4.405148e-11 fanout1647
 9.427759e-19 2.923416e-18 4.405148e-11 4.405148e-11 fanout1648
 9.464626e-19 2.904545e-18 4.405148e-11 4.405148e-11 fanout1651
 9.436217e-19 2.534502e-18 4.405148e-11 4.405148e-11 fanout1652
 9.372056e-19 2.843654e-18 4.405148e-11 4.405148e-11 fanout1653
 9.442552e-19 2.771623e-18 4.405148e-11 4.405148e-11 fanout1656
 9.395509e-19 3.127101e-18 4.405148e-11 4.405148e-11 fanout1657
 9.392303e-19 3.089050e-18 4.405148e-11 4.405148e-11 fanout1664
 9.423369e-19 2.914714e-18 4.405148e-11 4.405148e-11 fanout1667
 9.406912e-19 2.558198e-18 4.405148e-11 4.405148e-11 fanout1668
 9.461666e-19 2.879684e-18 4.405148e-11 4.405148e-11 fanout1670
 9.452181e-19 3.447335e-18 4.405148e-11 4.405148e-11 fanout1676
 9.456888e-19 3.232896e-18 4.405148e-11 4.405148e-11 fanout1682
 9.438999e-19 2.728949e-18 4.405148e-11 4.405148e-11 fanout1690
 9.443261e-19 3.150945e-18 4.405148e-11 4.405148e-11 fanout1691
 5.294714e-19 2.937171e-18 4.405148e-11 4.405148e-11 fanout1734
 5.270941e-19 2.418019e-18 4.405148e-11 4.405148e-11 fanout979
 9.533811e-19 2.968710e-18 4.405148e-11 4.405148e-11 max_cap1614
 9.616544e-19 2.960485e-18 4.405148e-11 4.405148e-11 max_cap1655
 5.325840e-19 2.079884e-18 4.405148e-11 4.405148e-11 max_cap1729
 5.373523e-19 2.704985e-18 4.405148e-11 4.405148e-11 max_cap1731
 5.379714e-19 2.650851e-18 4.405148e-11 4.405148e-11 max_cap1736
 5.382283e-19 3.531257e-18 4.405148e-11 4.405148e-11 max_cap1738
 3.378824e-18 1.444380e-17 4.405146e-11 4.405148e-11 fanout737
 3.383603e-18 1.553032e-17 4.405146e-11 4.405148e-11 fanout750
 3.354680e-18 1.234122e-17 4.405146e-11 4.405148e-11 fanout755
 3.444120e-18 1.549625e-17 4.405146e-11 4.405148e-11 max_cap745
 3.352865e-18 1.121116e-17 4.405146e-11 4.405147e-11 fanout749
 3.345768e-18 1.125812e-17 4.405146e-11 4.405147e-11 fanout754
 9.660222e-19 4.395317e-18 4.405147e-11 4.405147e-11 max_cap1727
 9.624093e-19 4.398306e-18 4.405147e-11 4.405147e-11 max_cap424
 1.383182e-18 5.653115e-18 4.405147e-11 4.405147e-11 max_cap501
 1.398944e-18 7.017819e-18 4.405147e-11 4.405147e-11 max_cap547
 9.691862e-19 4.623550e-18 4.405147e-11 4.405147e-11 max_cap972
 9.706777e-19 4.496648e-18 4.405147e-11 4.405147e-11 wire1725
 9.723798e-19 6.469161e-18 4.405147e-11 4.405147e-11 wire475
 9.602425e-19 3.653906e-18 4.405147e-11 4.405147e-11 fanout1723
 9.476724e-19 3.938883e-18 4.405147e-11 4.405147e-11 fanout973
 9.588741e-19 3.632406e-18 4.405147e-11 4.405147e-11 max_cap1722
 1.378237e-18 7.359130e-18 4.405146e-11 4.405147e-11 max_cap284
 9.665109e-19 8.597927e-18 4.405146e-11 4.405147e-11 wire197
 1.373285e-18 5.955799e-18 4.405146e-11 4.405147e-11 max_cap352
 9.653267e-19 7.544503e-18 4.405146e-11 4.405147e-11 max_cap419
 9.613673e-19 4.722497e-18 4.405146e-11 4.405147e-11 max_cap496
 9.703881e-19 4.640006e-18 4.405146e-11 4.405147e-11 wire493
 9.521874e-19 3.372223e-18 4.405146e-11 4.405146e-11 fanout494
 5.421821e-19 3.969332e-18 4.405146e-11 4.405146e-11 max_cap897
 1.397956e-18 8.234804e-18 4.405145e-11 4.405146e-11 max_cap904
 9.553810e-19 5.496682e-18 4.405144e-11 4.405145e-11 max_cap254
 9.516476e-19 4.426544e-18 4.405144e-11 4.405145e-11 max_cap300
 9.645245e-19 7.001888e-18 4.405144e-11 4.405145e-11 max_cap503
 9.676636e-19 4.689737e-18 4.405144e-11 4.405145e-11 max_cap888
 9.610417e-19 5.636505e-18 4.405144e-11 4.405145e-11 wire309
 9.760774e-19 5.578108e-18 4.405144e-11 4.405145e-11 wire890
 9.624269e-19 5.005960e-18 4.405144e-11 4.405145e-11 fanout1720
 5.251589e-19 2.074060e-18 4.405144e-11 4.405145e-11 fanout849
 5.265136e-19 2.247071e-18 4.405144e-11 4.405145e-11 fanout855
 5.262130e-19 1.994858e-18 4.405144e-11 4.405145e-11 fanout856
 5.268858e-19 2.294723e-18 4.405144e-11 4.405145e-11 fanout857
 5.314615e-19 3.026052e-18 4.405144e-11 4.405145e-11 fanout858
 5.245215e-19 1.917667e-18 4.405144e-11 4.405145e-11 fanout861
 5.267679e-19 2.033806e-18 4.405144e-11 4.405145e-11 fanout867
 5.258218e-19 2.206925e-18 4.405144e-11 4.405145e-11 fanout868
 9.521281e-19 4.049539e-18 4.405144e-11 4.405144e-11 fanout1714
 9.459683e-19 3.712497e-18 4.405144e-11 4.405144e-11 fanout1717
 9.628250e-19 3.800073e-18 4.405144e-11 4.405144e-11 max_cap1716
 9.512433e-19 4.134070e-18 4.405144e-11 4.405144e-11 max_cap915
 9.639064e-19 7.951767e-18 4.405143e-11 4.405144e-11 max_cap189
 9.649740e-19 5.875575e-18 4.405143e-11 4.405144e-11 fanout1711
 9.700115e-19 6.234801e-18 4.405143e-11 4.405144e-11 fanout882
 9.535629e-19 4.260244e-18 4.405143e-11 4.405144e-11 max_cap919
 9.580301e-19 5.939765e-18 4.405143e-11 4.405144e-11 wire241
 9.689955e-19 4.963633e-18 4.405143e-11 4.405144e-11 wire520
 9.553680e-19 4.364489e-18 4.405143e-11 4.405144e-11 wire935
 9.468409e-19 3.554978e-18 4.405143e-11 4.405143e-11 fanout1707
 5.353167e-19 4.021315e-18 4.405143e-11 4.405143e-11 fanout671
 9.520053e-19 2.766945e-18 4.405143e-11 4.405143e-11 max_cap1698
 9.610034e-19 3.405247e-18 4.405143e-11 4.405143e-11 max_cap1706
 9.556242e-19 3.805949e-18 4.405143e-11 4.405143e-11 max_cap808
 9.636150e-19 3.598078e-18 4.405143e-11 4.405143e-11 wire1704
 5.365895e-19 3.845822e-18 4.405142e-11 4.405143e-11 fanout377
 5.256690e-19 2.099232e-18 4.405142e-11 4.405143e-11 fanout714
 5.387771e-19 2.881960e-18 4.405142e-11 4.405143e-11 max_cap379
 5.342221e-19 3.602944e-18 4.405142e-11 4.405143e-11 max_cap666
 5.411328e-19 2.992354e-18 4.405142e-11 4.405143e-11 max_cap670
 5.330731e-19 2.115679e-18 4.405142e-11 4.405143e-11 max_cap708
 5.328096e-19 2.037587e-18 4.405142e-11 4.405143e-11 max_cap712
 5.230500e-19 1.930748e-18 4.405142e-11 4.405142e-11 fanout677
 5.324112e-19 3.304619e-18 4.405142e-11 4.405142e-11 max_cap434
 5.396275e-19 4.185487e-18 4.405142e-11 4.405142e-11 max_cap438
 5.414261e-19 2.469022e-18 4.405142e-11 4.405142e-11 max_cap539
 5.380867e-19 2.335701e-18 4.405142e-11 4.405142e-11 max_cap930
 5.300029e-19 1.998045e-18 4.405142e-11 4.405142e-11 max_cap946
 5.356396e-19 3.005732e-18 4.405142e-11 4.405142e-11 wire537
 5.382530e-19 2.720330e-18 4.405142e-11 4.405142e-11 wire676
 5.351455e-19 2.707813e-18 4.405142e-11 4.405142e-11 wire925
 5.398665e-19 4.693420e-18 4.405140e-11 4.405141e-11 fanout1121
 1.063561e-19 5.234810e-19 4.405140e-11 4.405140e-11 max_cap517
 1.056914e-19 4.029118e-19 4.405140e-11 4.405140e-11 max_cap942
 1.078221e-19 5.417926e-19 4.405140e-11 4.405140e-11 wire944
 2.373452e-11 0.000000e+00 1.689928e-11 4.063379e-11 clkload13
 1.560683e-11 0.000000e+00 1.980002e-11 3.540685e-11 clkload15
 1.559884e-11 0.000000e+00 1.980002e-11 3.539886e-11 clkload24
 1.556640e-11 0.000000e+00 1.980002e-11 3.536641e-11 clkload14
 1.553228e-11 0.000000e+00 1.980002e-11 3.533230e-11 clkload5
 3.837771e-19 5.387360e-18 3.382378e-11 3.382378e-11 _18114_
 1.568450e-11 0.000000e+00 1.689929e-11 3.258379e-11 clkload186
 1.568092e-11 0.000000e+00 1.689929e-11 3.258021e-11 clkload189
 1.567877e-11 0.000000e+00 1.689929e-11 3.257806e-11 clkload190
 1.567697e-11 0.000000e+00 1.689929e-11 3.257625e-11 clkload294
 1.567596e-11 0.000000e+00 1.689929e-11 3.257525e-11 clkload295
 1.567596e-11 0.000000e+00 1.689929e-11 3.257524e-11 clkload191
 1.567423e-11 0.000000e+00 1.689929e-11 3.257351e-11 clkload188
 1.567333e-11 0.000000e+00 1.689929e-11 3.257261e-11 clkload292
 1.567251e-11 0.000000e+00 1.689929e-11 3.257180e-11 clkload187
 1.567089e-11 0.000000e+00 1.689929e-11 3.257018e-11 clkload293
 1.566985e-11 0.000000e+00 1.689929e-11 3.256913e-11 clkload296
 1.566898e-11 0.000000e+00 1.689929e-11 3.256827e-11 clkload321
 1.566862e-11 0.000000e+00 1.689929e-11 3.256791e-11 clkload289
 1.566661e-11 0.000000e+00 1.689929e-11 3.256590e-11 clkload218
 1.566477e-11 0.000000e+00 1.689929e-11 3.256406e-11 clkload262
 1.566460e-11 0.000000e+00 1.689929e-11 3.256388e-11 clkload246
 1.566432e-11 0.000000e+00 1.689929e-11 3.256361e-11 clkload367
 1.566423e-11 0.000000e+00 1.689929e-11 3.256352e-11 clkload223
 1.566413e-11 0.000000e+00 1.689929e-11 3.256341e-11 clkload316
 1.566383e-11 0.000000e+00 1.689929e-11 3.256312e-11 clkload231
 1.566349e-11 0.000000e+00 1.689929e-11 3.256278e-11 clkload323
 1.566315e-11 0.000000e+00 1.689929e-11 3.256244e-11 clkload222
 1.566290e-11 0.000000e+00 1.689929e-11 3.256219e-11 clkload172
 1.566221e-11 0.000000e+00 1.689929e-11 3.256150e-11 clkload365
 1.566148e-11 0.000000e+00 1.689929e-11 3.256077e-11 clkload270
 1.566115e-11 0.000000e+00 1.689929e-11 3.256044e-11 clkload363
 1.566108e-11 0.000000e+00 1.689929e-11 3.256037e-11 clkload245
 1.565968e-11 0.000000e+00 1.689929e-11 3.255896e-11 clkload175
 1.565958e-11 0.000000e+00 1.689929e-11 3.255887e-11 clkload261
 1.565936e-11 0.000000e+00 1.689929e-11 3.255865e-11 clkload269
 1.565874e-11 0.000000e+00 1.689929e-11 3.255803e-11 clkload267
 1.565865e-11 0.000000e+00 1.689929e-11 3.255794e-11 clkload282
 1.565820e-11 0.000000e+00 1.689929e-11 3.255748e-11 clkload313
 1.565729e-11 0.000000e+00 1.689929e-11 3.255658e-11 clkload220
 1.565494e-11 0.000000e+00 1.689929e-11 3.255423e-11 clkload309
 1.565483e-11 0.000000e+00 1.689929e-11 3.255412e-11 clkload271
 1.565438e-11 0.000000e+00 1.689929e-11 3.255366e-11 clkload361
 1.565344e-11 0.000000e+00 1.689929e-11 3.255273e-11 clkload225
 1.565289e-11 0.000000e+00 1.689929e-11 3.255218e-11 clkload286
 1.565154e-11 0.000000e+00 1.689929e-11 3.255082e-11 clkload219
 1.565140e-11 0.000000e+00 1.689929e-11 3.255069e-11 clkload349
 1.565022e-11 0.000000e+00 1.689929e-11 3.254950e-11 clkload251
 1.565012e-11 0.000000e+00 1.689929e-11 3.254940e-11 clkload248
 1.564777e-11 0.000000e+00 1.689929e-11 3.254706e-11 clkload203
 1.564715e-11 0.000000e+00 1.689929e-11 3.254644e-11 clkload337
 1.564711e-11 0.000000e+00 1.689929e-11 3.254640e-11 clkload228
 1.564703e-11 0.000000e+00 1.689929e-11 3.254631e-11 clkload237
 1.564640e-11 0.000000e+00 1.689929e-11 3.254569e-11 clkload303
 1.564539e-11 0.000000e+00 1.689929e-11 3.254468e-11 clkload221
 1.564496e-11 0.000000e+00 1.689929e-11 3.254425e-11 clkload240
 1.564417e-11 0.000000e+00 1.689929e-11 3.254345e-11 clkload260
 1.564130e-11 0.000000e+00 1.689929e-11 3.254058e-11 clkload288
 1.563940e-11 0.000000e+00 1.689929e-11 3.253869e-11 clkload350
 1.563792e-11 0.000000e+00 1.689929e-11 3.253721e-11 clkload302
 1.563647e-11 0.000000e+00 1.689929e-11 3.253575e-11 clkload266
 1.563514e-11 0.000000e+00 1.689929e-11 3.253442e-11 clkload272
 1.562643e-11 0.000000e+00 1.689929e-11 3.252572e-11 clkload358
 1.561581e-11 0.000000e+00 1.689929e-11 3.251510e-11 clkload196
 1.550924e-11 0.000000e+00 1.689929e-11 3.240852e-11 clkload168
 1.511709e-11 0.000000e+00 1.689929e-11 3.201638e-11 clkload39
 1.511599e-11 0.000000e+00 1.689929e-11 3.201527e-11 clkload107
 1.511001e-11 0.000000e+00 1.689929e-11 3.200930e-11 clkload38
 1.510269e-11 0.000000e+00 1.689929e-11 3.200198e-11 clkload66
 1.510181e-11 0.000000e+00 1.689929e-11 3.200109e-11 clkload62
 1.509987e-11 0.000000e+00 1.689929e-11 3.199915e-11 clkload73
 1.509842e-11 0.000000e+00 1.689929e-11 3.199770e-11 clkload57
 1.509658e-11 0.000000e+00 1.689929e-11 3.199586e-11 clkload115
 1.509486e-11 0.000000e+00 1.689929e-11 3.199414e-11 clkload67
 1.509447e-11 0.000000e+00 1.689929e-11 3.199376e-11 clkload118
 1.509376e-11 0.000000e+00 1.689929e-11 3.199305e-11 clkload143
 1.509306e-11 0.000000e+00 1.689929e-11 3.199234e-11 clkload60
 1.509157e-11 0.000000e+00 1.689929e-11 3.199086e-11 clkload61
 1.508985e-11 0.000000e+00 1.689929e-11 3.198913e-11 clkload121
 1.508984e-11 0.000000e+00 1.689929e-11 3.198913e-11 clkload134
 1.508936e-11 0.000000e+00 1.689929e-11 3.198865e-11 clkload72
 1.508776e-11 0.000000e+00 1.689929e-11 3.198704e-11 clkload117
 1.508359e-11 0.000000e+00 1.689929e-11 3.198288e-11 clkload74
 1.508027e-11 0.000000e+00 1.689929e-11 3.197955e-11 clkload102
 1.507795e-11 0.000000e+00 1.689929e-11 3.197724e-11 clkload136
 1.507630e-11 0.000000e+00 1.689929e-11 3.197559e-11 clkload140
 1.507477e-11 0.000000e+00 1.689929e-11 3.197406e-11 clkload86
 1.507228e-11 0.000000e+00 1.689929e-11 3.197156e-11 clkload82
 1.507020e-11 0.000000e+00 1.689929e-11 3.196949e-11 clkload139
 1.504986e-11 0.000000e+00 1.689929e-11 3.194915e-11 clkload129
 1.011225e-11 0.000000e+00 1.980001e-11 2.991227e-11 clkload169
 1.011052e-11 0.000000e+00 1.980001e-11 2.991054e-11 clkload170
 1.009017e-11 0.000000e+00 1.980001e-11 2.989018e-11 clkload48
 1.005192e-11 0.000000e+00 1.980001e-11 2.985193e-11 clkload47
 1.004496e-11 0.000000e+00 1.980001e-11 2.984498e-11 clkload45
 1.002170e-11 0.000000e+00 1.980001e-11 2.982171e-11 clkload133
 1.000495e-11 0.000000e+00 1.980001e-11 2.980496e-11 clkload125
 9.968549e-12 0.000000e+00 1.980001e-11 2.976856e-11 clkload50
 9.960176e-12 0.000000e+00 1.980001e-11 2.976019e-11 clkload130
 9.943177e-12 0.000000e+00 1.980001e-11 2.974319e-11 clkload54
 2.802972e-12 1.576559e-12 2.345429e-11 2.783383e-11 output14
 2.800528e-12 1.039990e-12 2.345418e-11 2.729469e-11 output16
 5.212382e-20 2.158732e-19 2.663999e-11 2.663999e-11 fanout169
 5.239212e-20 1.681407e-19 2.663999e-11 2.663999e-11 fanout171
 5.191707e-20 2.441360e-19 2.663999e-11 2.663999e-11 fanout86
 5.379126e-20 5.358442e-19 2.663999e-11 2.663999e-11 max_cap69
 5.368246e-20 4.610056e-19 2.663999e-11 2.663999e-11 max_cap73
 5.356827e-20 4.524198e-19 2.663999e-11 2.663999e-11 max_cap79
 5.390950e-20 5.636949e-19 2.663999e-11 2.663999e-11 max_cap82
 5.195446e-20 2.715217e-19 2.663999e-11 2.663999e-11 wire67
 2.632316e-19 1.043844e-18 2.663998e-11 2.663998e-11 fanout1003
 2.610703e-19 1.335594e-18 2.663998e-11 2.663998e-11 fanout1004
 2.599964e-19 9.591973e-19 2.663998e-11 2.663998e-11 fanout1005
 2.637511e-19 9.968511e-19 2.663998e-11 2.663998e-11 fanout1007
 2.638996e-19 1.082146e-18 2.663998e-11 2.663998e-11 fanout1009
 2.629925e-19 1.204054e-18 2.663998e-11 2.663998e-11 fanout1010
 2.646658e-19 1.214642e-18 2.663998e-11 2.663998e-11 fanout1013
 2.589532e-19 1.266591e-18 2.663998e-11 2.663998e-11 fanout1014
 2.612577e-19 9.402497e-19 2.663998e-11 2.663998e-11 fanout1015
 2.632300e-19 8.521402e-19 2.663998e-11 2.663998e-11 fanout1017
 2.612514e-19 9.392017e-19 2.663998e-11 2.663998e-11 fanout1018
 2.642607e-19 9.683200e-19 2.663998e-11 2.663998e-11 fanout1019
 2.604338e-19 1.240982e-18 2.663998e-11 2.663998e-11 fanout1022
 2.591323e-19 1.265608e-18 2.663998e-11 2.663998e-11 fanout1023
 2.610268e-19 1.770573e-18 2.663998e-11 2.663998e-11 fanout1024
 2.619625e-19 9.108055e-19 2.663998e-11 2.663998e-11 fanout1025
 2.634827e-19 1.278021e-18 2.663998e-11 2.663998e-11 fanout1028
 2.620471e-19 8.818990e-19 2.663998e-11 2.663998e-11 fanout1032
 2.623985e-19 1.023284e-18 2.663998e-11 2.663998e-11 fanout1033
 2.586050e-19 1.131721e-18 2.663998e-11 2.663998e-11 fanout1034
 2.635114e-19 1.083259e-18 2.663998e-11 2.663998e-11 fanout1038
 2.637356e-19 1.342123e-18 2.663998e-11 2.663998e-11 fanout1039
 2.642081e-19 1.611686e-18 2.663998e-11 2.663998e-11 fanout137
 2.639487e-19 1.030564e-18 2.663998e-11 2.663998e-11 fanout167
 2.639690e-19 1.093124e-18 2.663998e-11 2.663998e-11 fanout168
 2.585822e-19 1.047297e-18 2.663998e-11 2.663998e-11 fanout181
 2.571958e-19 8.718334e-19 2.663998e-11 2.663998e-11 fanout96
 2.623593e-19 8.299666e-19 2.663998e-11 2.663998e-11 fanout987
 2.617105e-19 9.002741e-19 2.663998e-11 2.663998e-11 fanout988
 2.594368e-19 1.222647e-18 2.663998e-11 2.663998e-11 fanout992
 2.627492e-19 1.049722e-18 2.663998e-11 2.663998e-11 fanout993
 2.638133e-19 9.031370e-19 2.663998e-11 2.663998e-11 fanout995
 2.642925e-19 9.683393e-19 2.663998e-11 2.663998e-11 fanout996
 2.594821e-19 1.326216e-18 2.663997e-11 2.663997e-11 fanout1245
 2.631458e-19 1.065187e-18 2.663997e-11 2.663997e-11 fanout643
 2.614651e-19 1.419521e-18 2.663997e-11 2.663997e-11 fanout644
 2.589517e-19 9.923417e-19 2.663997e-11 2.663997e-11 fanout1205
 2.601754e-19 1.142232e-18 2.663997e-11 2.663997e-11 fanout258
 2.604731e-19 1.331805e-18 2.663997e-11 2.663997e-11 fanout262
 2.632802e-19 1.395708e-18 2.663997e-11 2.663997e-11 fanout269
 2.606122e-19 1.241144e-18 2.663997e-11 2.663997e-11 fanout280
 4.777642e-19 3.073833e-18 2.663996e-11 2.663996e-11 fanout403
 1.670716e-18 1.053679e-17 2.663994e-11 2.663995e-11 fanout1181
 1.662505e-18 8.476554e-18 2.663994e-11 2.663995e-11 fanout1185
 1.662888e-18 8.600551e-18 2.663994e-11 2.663995e-11 fanout1186
 1.660774e-18 8.071149e-18 2.663994e-11 2.663995e-11 fanout1191
 1.664715e-18 9.044809e-18 2.663994e-11 2.663995e-11 fanout1194
 1.686333e-18 6.621974e-18 2.663994e-11 2.663995e-11 fanout1159
 1.667184e-18 7.828867e-18 2.663994e-11 2.663995e-11 fanout1160
 1.685244e-18 7.183734e-18 2.663994e-11 2.663995e-11 fanout1162
 1.688914e-18 7.092761e-18 2.663994e-11 2.663995e-11 fanout1164
 1.652100e-18 7.210281e-18 2.663994e-11 2.663995e-11 fanout1168
 1.683758e-18 7.587358e-18 2.663994e-11 2.663995e-11 fanout1170
 1.688634e-18 6.988063e-18 2.663994e-11 2.663995e-11 fanout1176
 1.661668e-18 7.053328e-18 2.663994e-11 2.663995e-11 fanout1182
 1.681465e-18 6.648872e-18 2.663994e-11 2.663995e-11 fanout1187
 1.657656e-18 6.305278e-18 2.663994e-11 2.663995e-11 fanout1192
 1.655066e-18 6.848901e-18 2.663994e-11 2.663995e-11 fanout1193
 1.674356e-18 5.674203e-18 2.663994e-11 2.663994e-11 fanout1158
 1.674443e-18 5.721840e-18 2.663994e-11 2.663994e-11 fanout1172
 1.679461e-18 5.799995e-18 2.663994e-11 2.663994e-11 fanout1178
 1.680155e-18 6.032729e-18 2.663994e-11 2.663994e-11 fanout1184
 2.624248e-19 1.043043e-18 2.663994e-11 2.663994e-11 fanout816
 2.644397e-19 1.561139e-18 2.663994e-11 2.663994e-11 fanout830
 2.614130e-19 1.276937e-18 2.663994e-11 2.663994e-11 fanout844
 2.628404e-19 1.042447e-18 2.663994e-11 2.663994e-11 fanout846
 2.593238e-19 1.469351e-18 2.663994e-11 2.663994e-11 fanout847
 2.621350e-19 2.073284e-18 2.663994e-11 2.663994e-11 fanout848
 4.670840e-19 2.239889e-18 2.663991e-11 2.663991e-11 fanout1362
 4.676530e-19 2.352876e-18 2.663991e-11 2.663991e-11 fanout1378
 4.676938e-19 2.472721e-18 2.663991e-11 2.663991e-11 fanout1389
 4.636295e-19 1.632330e-18 2.663991e-11 2.663991e-11 fanout1365
 4.724575e-19 1.672967e-18 2.663991e-11 2.663991e-11 fanout1375
 4.631328e-19 1.611180e-18 2.663991e-11 2.663991e-11 fanout1388
 4.628062e-19 1.715841e-18 2.663991e-11 2.663991e-11 fanout1393
 4.684414e-19 2.071260e-18 2.663991e-11 2.663991e-11 fanout1397
 1.039622e-19 5.511792e-19 2.663984e-11 2.663984e-11 fanout1739
 1.053592e-19 3.772985e-19 2.663984e-11 2.663984e-11 fanout1755
 1.042315e-19 5.268165e-19 2.663984e-11 2.663984e-11 fanout1758
 1.043728e-19 5.397099e-19 2.663984e-11 2.663984e-11 fanout1759
 1.562291e-19 9.311866e-19 2.663979e-11 2.663979e-11 fanout1459
 1.567457e-19 1.055061e-18 2.663979e-11 2.663979e-11 fanout1489
 1.586299e-19 8.186724e-19 2.663979e-11 2.663979e-11 fanout1557
 1.803869e-18 1.132431e-17 2.663978e-11 2.663979e-11 fanout1299
 1.575272e-19 5.358838e-19 2.663979e-11 2.663979e-11 fanout1475
 1.574550e-19 5.299574e-19 2.663979e-11 2.663979e-11 fanout1517
 1.766017e-18 9.411748e-18 2.663978e-11 2.663979e-11 fanout1274
 1.765272e-18 8.952850e-18 2.663978e-11 2.663979e-11 fanout1288
 1.785763e-18 6.464747e-18 2.663978e-11 2.663979e-11 fanout1285
 1.779009e-18 6.485511e-18 2.663978e-11 2.663979e-11 fanout1293
 1.794254e-18 6.855538e-18 2.663978e-11 2.663979e-11 fanout1305
 1.789045e-18 6.892094e-18 2.663978e-11 2.663979e-11 fanout1310
 1.779400e-18 6.606850e-18 2.663978e-11 2.663979e-11 fanout1331
 1.784296e-18 5.294542e-18 2.663978e-11 2.663978e-11 fanout1275
 1.775196e-18 6.028187e-18 2.663978e-11 2.663978e-11 fanout1325
 1.591468e-19 4.774128e-19 2.663978e-11 2.663978e-11 fanout1135
 1.569114e-19 4.495579e-19 2.663978e-11 2.663978e-11 fanout1151
 3.640338e-19 1.143085e-18 2.663978e-11 2.663978e-11 fanout581
 5.768026e-19 1.825047e-18 2.663976e-11 2.663976e-11 fanout596
 5.805703e-19 1.606132e-18 2.663976e-11 2.663976e-11 fanout617
 3.643023e-19 1.244655e-18 2.663976e-11 2.663976e-11 fanout620
 5.792570e-19 1.492868e-18 2.663976e-11 2.663976e-11 fanout626
 3.671004e-19 9.629579e-19 2.663976e-11 2.663976e-11 fanout632
 5.766190e-19 1.528785e-18 2.663976e-11 2.663976e-11 fanout635
 5.696499e-19 1.792770e-18 2.663976e-11 2.663976e-11 fanout640
 1.565614e-19 4.181864e-19 2.663976e-11 2.663976e-11 fanout628
 3.614995e-19 1.359307e-18 2.663975e-11 2.663975e-11 fanout627
 1.590926e-19 8.726259e-19 2.663975e-11 2.663975e-11 fanout768
 1.560173e-19 8.902712e-19 2.663975e-11 2.663975e-11 fanout773
 1.581371e-19 7.658236e-19 2.663975e-11 2.663975e-11 fanout800
 1.552374e-19 5.734753e-19 2.663975e-11 2.663975e-11 fanout778
 1.550443e-19 5.706988e-19 2.663975e-11 2.663975e-11 fanout781
 1.561552e-19 6.521624e-19 2.663975e-11 2.663975e-11 fanout790
 3.610871e-19 1.280200e-18 2.663974e-11 2.663974e-11 fanout585
 5.673224e-19 1.927618e-18 2.663974e-11 2.663974e-11 fanout587
 5.704712e-19 1.898686e-18 2.663974e-11 2.663974e-11 fanout603
 3.690061e-19 1.116422e-18 2.663974e-11 2.663974e-11 fanout604
 3.665210e-19 1.080072e-18 2.663974e-11 2.663974e-11 fanout609
 5.765614e-19 1.830567e-18 2.663974e-11 2.663974e-11 fanout636
 7.878446e-19 2.318152e-18 2.663973e-11 2.663974e-11 fanout629
 5.714101e-19 2.092535e-18 2.663973e-11 2.663974e-11 fanout637
 3.668371e-19 1.274629e-18 2.663973e-11 2.663973e-11 fanout1134
 5.800122e-19 1.600375e-18 2.663973e-11 2.663973e-11 fanout586
 5.704803e-19 1.855448e-18 2.663973e-11 2.663973e-11 fanout599
 5.793999e-19 1.708363e-18 2.663973e-11 2.663973e-11 fanout633
 5.668444e-19 1.807028e-18 2.663973e-11 2.663973e-11 fanout642
 3.645215e-19 1.761654e-18 2.663973e-11 2.663973e-11 fanout1580
 3.670434e-19 1.319544e-18 2.663973e-11 2.663973e-11 fanout1587
 3.696240e-19 1.385603e-18 2.663973e-11 2.663973e-11 fanout1589
 3.689747e-19 1.584945e-18 2.663973e-11 2.663973e-11 fanout1593
 3.621868e-19 1.646799e-18 2.663973e-11 2.663973e-11 fanout1595
 3.662664e-19 1.333993e-18 2.663973e-11 2.663973e-11 fanout1599
 3.630982e-19 1.602925e-18 2.663973e-11 2.663973e-11 fanout1610
 3.708795e-19 1.912401e-18 2.663973e-11 2.663973e-11 fanout1611
 7.729120e-19 2.656327e-18 2.663972e-11 2.663972e-11 fanout598
 7.851209e-19 2.247817e-18 2.663972e-11 2.663972e-11 fanout606
 5.722560e-19 1.915876e-18 2.663972e-11 2.663972e-11 fanout593
 5.787704e-19 1.607083e-18 2.663972e-11 2.663972e-11 fanout601
 5.712670e-19 1.878006e-18 2.663972e-11 2.663972e-11 fanout624
 5.769077e-19 1.620417e-18 2.663972e-11 2.663972e-11 fanout638
 1.588303e-19 4.422344e-19 2.663972e-11 2.663972e-11 fanout1140
 3.612283e-19 1.146818e-18 2.663971e-11 2.663971e-11 fanout580
 3.631691e-19 1.241487e-18 2.663971e-11 2.663971e-11 fanout597
 5.680507e-19 1.939020e-18 2.663970e-11 2.663970e-11 fanout584
 5.665628e-19 1.926718e-18 2.663970e-11 2.663970e-11 fanout613
 5.695292e-19 1.794486e-18 2.663970e-11 2.663970e-11 fanout622
 1.587580e-19 4.550902e-19 2.663970e-11 2.663970e-11 fanout1143
 1.582210e-19 5.513333e-19 2.663970e-11 2.663970e-11 fanout1569
 1.546946e-19 6.383467e-19 2.663970e-11 2.663970e-11 fanout1574
 1.561077e-19 5.152811e-19 2.663969e-11 2.663969e-11 fanout605
 3.648277e-19 1.138651e-18 2.663969e-11 2.663969e-11 fanout582
 3.632130e-19 1.181846e-18 2.663969e-11 2.663969e-11 fanout590
 1.593706e-19 4.790959e-19 2.663966e-11 2.663966e-11 fanout1124
 1.508282e-19 7.502698e-21 2.663965e-11 2.663965e-11 output28
 1.503581e-19 1.190323e-20 2.663965e-11 2.663965e-11 output36
 1.500463e-19 3.104060e-21 2.663965e-11 2.663965e-11 output58
 1.506548e-19 1.319236e-20 2.663965e-11 2.663965e-11 output60
 1.771624e-12 7.833368e-13 2.345434e-11 2.600930e-11 output13
 1.554028e-19 8.377798e-19 2.345429e-11 2.345429e-11 fanout1412
 3.650939e-19 1.743495e-18 2.345426e-11 2.345426e-11 fanout1401
 1.560498e-19 8.659685e-19 2.345424e-11 2.345424e-11 fanout1209
 1.043547e-19 5.692716e-19 2.345416e-11 2.345416e-11 fanout1770
 1.042378e-19 5.543912e-19 2.345416e-11 2.345416e-11 fanout1779
 1.052751e-19 4.250661e-19 2.345416e-11 2.345416e-11 fanout1786
 1.052687e-19 4.297106e-19 2.345416e-11 2.345416e-11 fanout1800
 1.054811e-19 4.194247e-19 2.345416e-11 2.345416e-11 fanout1803
 1.053518e-19 3.880312e-19 2.345416e-11 2.345416e-11 fanout1823
 1.060840e-19 5.730898e-19 2.345416e-11 2.345416e-11 fanout1862
 4.560035e-19 1.768574e-19 2.345415e-11 2.345415e-11 output12
 4.679823e-19 1.759950e-18 2.345409e-11 2.345409e-11 fanout982
 4.703933e-19 2.160357e-18 2.345408e-11 2.345408e-11 fanout1629
 4.707632e-19 3.245711e-18 2.345408e-11 2.345408e-11 fanout1666
 4.770163e-19 2.235596e-18 2.345408e-11 2.345408e-11 fanout1680
 4.751795e-19 2.134844e-18 2.345408e-11 2.345408e-11 fanout1681
 2.640184e-19 7.411315e-19 2.345408e-11 2.345408e-11 fanout1122
 4.696056e-19 2.067177e-18 2.345408e-11 2.345408e-11 fanout1616
 4.640060e-19 1.825097e-18 2.345408e-11 2.345408e-11 fanout1620
 4.705835e-19 1.587581e-18 2.345408e-11 2.345408e-11 fanout1622
 4.707198e-19 1.797176e-18 2.345408e-11 2.345408e-11 fanout1631
 4.739925e-19 1.562513e-18 2.345408e-11 2.345408e-11 fanout1634
 4.700111e-19 1.699217e-18 2.345408e-11 2.345408e-11 fanout1638
 4.713236e-19 1.267375e-18 2.345408e-11 2.345408e-11 fanout1643
 4.648413e-19 2.078323e-18 2.345408e-11 2.345408e-11 fanout1646
 4.690503e-19 2.002658e-18 2.345408e-11 2.345408e-11 fanout1649
 4.639246e-19 1.679996e-18 2.345408e-11 2.345408e-11 fanout1659
 4.683575e-19 1.933464e-18 2.345408e-11 2.345408e-11 fanout1662
 4.755639e-19 2.055438e-18 2.345408e-11 2.345408e-11 fanout1672
 4.653260e-19 1.802227e-18 2.345408e-11 2.345408e-11 fanout1677
 4.722342e-19 1.448382e-18 2.345408e-11 2.345408e-11 fanout1683
 4.673514e-19 1.851036e-18 2.345408e-11 2.345408e-11 fanout1684
 4.644678e-19 1.561650e-18 2.345408e-11 2.345408e-11 fanout1688
 4.667565e-19 2.027835e-18 2.345408e-11 2.345408e-11 fanout1692
 4.675640e-19 1.930352e-18 2.345408e-11 2.345408e-11 fanout1693
 4.670166e-19 1.907788e-18 2.345408e-11 2.345408e-11 fanout1694
 4.666017e-19 2.007356e-18 2.345408e-11 2.345408e-11 fanout1695
 1.667270e-18 1.005444e-17 2.345406e-11 2.345408e-11 fanout743
 1.673584e-18 9.932670e-18 2.345406e-11 2.345408e-11 fanout752
 4.671053e-19 1.568330e-18 2.345407e-11 2.345407e-11 fanout618
 1.666541e-18 8.233435e-18 2.345406e-11 2.345407e-11 fanout732
 1.672247e-18 8.905012e-18 2.345406e-11 2.345407e-11 fanout736
 1.667495e-18 8.573487e-18 2.345406e-11 2.345407e-11 fanout740
 1.662424e-18 8.882342e-18 2.345406e-11 2.345407e-11 fanout741
 1.669620e-18 8.879090e-18 2.345406e-11 2.345407e-11 fanout748
 1.686652e-18 8.518681e-18 2.345406e-11 2.345407e-11 fanout753
 1.665411e-18 9.389166e-18 2.345406e-11 2.345407e-11 fanout756
 1.684571e-18 7.666596e-18 2.345406e-11 2.345407e-11 fanout738
 1.690681e-18 7.508334e-18 2.345406e-11 2.345407e-11 fanout739
 1.694478e-18 7.479629e-18 2.345406e-11 2.345407e-11 fanout758
 2.642494e-19 7.995818e-19 2.345405e-11 2.345405e-11 fanout1147
 2.590716e-19 1.400547e-18 2.345405e-11 2.345405e-11 fanout862
 4.709409e-19 1.391442e-18 2.345403e-11 2.345404e-11 fanout589
 4.715363e-19 1.393180e-18 2.345403e-11 2.345404e-11 fanout594
 4.648570e-19 1.499589e-18 2.345403e-11 2.345404e-11 fanout623
 2.573519e-19 9.056271e-19 2.345403e-11 2.345404e-11 fanout630
 2.636465e-19 2.396880e-18 2.345402e-11 2.345403e-11 fanout382
 2.590262e-19 1.433582e-18 2.345402e-11 2.345403e-11 fanout381
 2.636742e-19 7.515456e-19 2.345402e-11 2.345403e-11 fanout621
 2.633683e-19 1.116095e-18 2.345402e-11 2.345403e-11 fanout715
 2.598578e-19 1.467669e-18 2.345402e-11 2.345403e-11 fanout717
 2.607634e-19 1.243796e-18 2.345402e-11 2.345403e-11 fanout719
 2.625568e-19 1.165365e-18 2.345402e-11 2.345403e-11 fanout721
 2.647469e-19 7.482320e-19 2.345402e-11 2.345402e-11 fanout1132
 2.624169e-19 9.316013e-19 2.345402e-11 2.345402e-11 fanout118
 2.650513e-19 1.275673e-18 2.345402e-11 2.345402e-11 fanout645
 2.645304e-19 1.057757e-18 2.345402e-11 2.345402e-11 fanout657
 2.626286e-19 9.433421e-19 2.345401e-11 2.345401e-11 fanout1042
 2.624967e-19 9.380040e-19 2.345401e-11 2.345401e-11 fanout1045
 2.582695e-19 1.015776e-18 2.345401e-11 2.345401e-11 fanout1054
 2.638913e-19 9.484364e-19 2.345401e-11 2.345401e-11 fanout1055
 2.624185e-19 9.521600e-19 2.345401e-11 2.345401e-11 fanout1056
 2.641108e-19 1.378682e-18 2.345401e-11 2.345401e-11 fanout1058
 2.636641e-19 9.213904e-19 2.345401e-11 2.345401e-11 fanout1059
 2.618908e-19 9.578487e-19 2.345401e-11 2.345401e-11 fanout1060
 2.610253e-19 8.337980e-19 2.345401e-11 2.345401e-11 fanout1061
 2.612126e-19 8.606308e-19 2.345401e-11 2.345401e-11 fanout1062
 2.586758e-19 1.012846e-18 2.345401e-11 2.345401e-11 fanout1064
 2.590793e-19 9.248576e-19 2.345401e-11 2.345401e-11 fanout1066
 2.631816e-19 9.167111e-19 2.345401e-11 2.345401e-11 fanout1067
 2.620733e-19 8.852952e-19 2.345401e-11 2.345401e-11 fanout1072
 2.639408e-19 1.335345e-18 2.345401e-11 2.345401e-11 fanout1074
 2.594889e-19 1.119622e-18 2.345401e-11 2.345401e-11 fanout1076
 2.590186e-19 1.243275e-18 2.345401e-11 2.345401e-11 fanout1078
 2.602963e-19 1.740556e-18 2.345401e-11 2.345401e-11 fanout1079
 2.623683e-19 8.194549e-19 2.345401e-11 2.345401e-11 fanout1080
 2.616584e-19 8.031591e-19 2.345401e-11 2.345401e-11 fanout1082
 2.632756e-19 9.020454e-19 2.345401e-11 2.345401e-11 fanout1086
 2.637023e-19 9.426009e-19 2.345401e-11 2.345401e-11 fanout1090
 2.617592e-19 9.881133e-19 2.345401e-11 2.345401e-11 fanout1091
 2.633670e-19 9.224531e-19 2.345401e-11 2.345401e-11 fanout1092
 2.621188e-19 1.037265e-18 2.345401e-11 2.345401e-11 fanout1093
 2.644717e-19 1.686449e-18 2.345401e-11 2.345401e-11 fanout1095
 2.612480e-19 1.245142e-18 2.345401e-11 2.345401e-11 fanout1096
 2.629020e-19 8.509030e-19 2.345401e-11 2.345401e-11 fanout1097
 2.642176e-19 1.036759e-18 2.345401e-11 2.345401e-11 fanout1101
 2.639211e-19 1.088761e-18 2.345401e-11 2.345401e-11 fanout1103
 2.623114e-19 8.611956e-19 2.345401e-11 2.345401e-11 fanout1104
 2.640592e-19 1.006729e-18 2.345401e-11 2.345401e-11 fanout1106
 2.628542e-19 8.425273e-19 2.345401e-11 2.345401e-11 fanout1107
 2.588436e-19 1.023187e-18 2.345401e-11 2.345401e-11 fanout1108
 2.623892e-19 8.926890e-19 2.345401e-11 2.345401e-11 fanout1111
 2.605761e-19 1.091513e-18 2.345401e-11 2.345401e-11 fanout1113
 2.633820e-19 8.513514e-19 2.345401e-11 2.345401e-11 fanout1117
 2.638507e-19 9.020195e-19 2.345401e-11 2.345401e-11 fanout1118
 2.616271e-19 8.726467e-19 2.345401e-11 2.345401e-11 fanout1119
 2.625426e-19 1.042010e-18 2.345401e-11 2.345401e-11 fanout138
 2.619584e-19 1.575637e-18 2.345401e-11 2.345401e-11 fanout139
 2.614076e-19 8.980025e-19 2.345401e-11 2.345401e-11 fanout163
 2.620075e-19 9.782916e-19 2.345401e-11 2.345401e-11 fanout165
 2.585941e-19 8.581775e-19 2.345401e-11 2.345401e-11 fanout176
 2.637817e-19 9.042965e-19 2.345401e-11 2.345401e-11 fanout177
 2.613128e-19 8.936386e-19 2.345401e-11 2.345401e-11 fanout178
 2.564798e-19 9.534011e-19 2.345401e-11 2.345401e-11 fanout384
 2.545226e-19 1.315302e-19 2.345401e-11 2.345401e-11 output15
 5.306066e-20 1.641006e-19 2.345400e-11 2.345400e-11 fanout1123
 5.263459e-20 1.442462e-19 2.345400e-11 2.345400e-11 fanout1126
 5.215134e-20 1.588947e-19 2.345400e-11 2.345400e-11 fanout1139
 5.253793e-20 1.451977e-19 2.345400e-11 2.345400e-11 fanout1144
 5.172190e-20 1.653104e-19 2.345400e-11 2.345400e-11 fanout1148
 5.256161e-20 2.281439e-19 2.345400e-11 2.345400e-11 fanout122
 5.210813e-20 1.768432e-19 2.345400e-11 2.345400e-11 fanout123
 5.252537e-20 2.080410e-19 2.345400e-11 2.345400e-11 fanout1421
 5.261323e-20 1.797285e-19 2.345400e-11 2.345400e-11 fanout1422
 5.307951e-20 2.147315e-19 2.345400e-11 2.345400e-11 fanout1423
 5.167192e-20 2.123594e-19 2.345400e-11 2.345400e-11 fanout1427
 5.203915e-20 2.066354e-19 2.345400e-11 2.345400e-11 fanout173
 5.268114e-20 1.709839e-19 2.345400e-11 2.345400e-11 fanout174
 5.006940e-20 1.918058e-21 2.345400e-11 2.345400e-11 output17
 5.026243e-20 1.114604e-20 2.345400e-11 2.345400e-11 output18
 5.032894e-20 6.933384e-21 2.345400e-11 2.345400e-11 output19
 5.020000e-20 6.943773e-21 2.345400e-11 2.345400e-11 output20
 5.079238e-20 6.474767e-21 2.345400e-11 2.345400e-11 output21
 5.090100e-20 1.012770e-20 2.345400e-11 2.345400e-11 output22
 5.068812e-20 4.414531e-21 2.345400e-11 2.345400e-11 output23
 5.079481e-20 6.388681e-21 2.345400e-11 2.345400e-11 output24
 5.054810e-20 1.175509e-20 2.345400e-11 2.345400e-11 output25
 5.071812e-20 6.080993e-21 2.345400e-11 2.345400e-11 output26
 5.082069e-20 7.417382e-21 2.345400e-11 2.345400e-11 output27
 5.078531e-20 6.642892e-21 2.345400e-11 2.345400e-11 output29
 5.064715e-20 6.766775e-21 2.345400e-11 2.345400e-11 output30
 5.077794e-20 9.480954e-21 2.345400e-11 2.345400e-11 output31
 5.023576e-20 8.972748e-21 2.345400e-11 2.345400e-11 output32
 5.022364e-20 5.599283e-21 2.345400e-11 2.345400e-11 output33
 5.027137e-20 5.619127e-21 2.345400e-11 2.345400e-11 output34
 5.007265e-20 2.322481e-21 2.345400e-11 2.345400e-11 output35
 5.020561e-20 5.391754e-21 2.345400e-11 2.345400e-11 output37
 5.031275e-20 9.613961e-21 2.345400e-11 2.345400e-11 output38
 5.003234e-20 2.652291e-21 2.345400e-11 2.345400e-11 output39
 5.037460e-20 9.256670e-21 2.345400e-11 2.345400e-11 output40
 5.013896e-20 3.968233e-21 2.345400e-11 2.345400e-11 output41
 5.009873e-20 3.428517e-21 2.345400e-11 2.345400e-11 output42
 5.023806e-20 8.715073e-21 2.345400e-11 2.345400e-11 output43
 5.019422e-20 8.500904e-21 2.345400e-11 2.345400e-11 output44
 5.039579e-20 6.312531e-21 2.345400e-11 2.345400e-11 output45
 5.082182e-20 1.482542e-20 2.345400e-11 2.345400e-11 output46
 5.095561e-20 2.291364e-20 2.345400e-11 2.345400e-11 output47
 5.056004e-20 1.969483e-20 2.345400e-11 2.345400e-11 output48
 5.060211e-20 2.331817e-20 2.345400e-11 2.345400e-11 output49
 5.079055e-20 4.041104e-20 2.345400e-11 2.345400e-11 output50
 5.050348e-20 1.065025e-20 2.345400e-11 2.345400e-11 output51
 5.079293e-20 1.052337e-20 2.345400e-11 2.345400e-11 output52
 5.056897e-20 3.093708e-20 2.345400e-11 2.345400e-11 output53
 5.086314e-20 2.124722e-20 2.345400e-11 2.345400e-11 output54
 5.098635e-20 1.551122e-20 2.345400e-11 2.345400e-11 output55
 5.016911e-20 5.860381e-21 2.345400e-11 2.345400e-11 output56
 5.011894e-20 7.380622e-21 2.345400e-11 2.345400e-11 output57
 5.018765e-20 2.573423e-21 2.345400e-11 2.345400e-11 output59
 5.030798e-20 6.099980e-21 2.345400e-11 2.345400e-11 output61
 5.023861e-20 1.940222e-21 2.345400e-11 2.345400e-11 output62
 5.025945e-20 5.609418e-21 2.345400e-11 2.345400e-11 output63
 5.007781e-20 3.445989e-21 2.345400e-11 2.345400e-11 output64
 2.711654e-19 4.842853e-18 2.015279e-11 2.015280e-11 _18557_
 1.889377e-19 2.823262e-18 2.015279e-11 2.015279e-11 _19732_
 1.943835e-19 4.567656e-18 2.015279e-11 2.015279e-11 _20108_
 5.216891e-12 0.000000e+00 1.314019e-11 1.835708e-11 clkload171
 1.413358e-19 3.519618e-19 1.689930e-11 1.689930e-11 fanout1043
 1.422882e-19 4.730971e-19 1.689930e-11 1.689930e-11 fanout1046
 1.433960e-19 6.106744e-19 1.689930e-11 1.689930e-11 fanout1052
 1.425689e-19 5.413017e-19 1.689930e-11 1.689930e-11 fanout1073
 1.428431e-19 5.707782e-19 1.689930e-11 1.689930e-11 fanout1077
 1.421220e-19 5.035230e-19 1.689930e-11 1.689930e-11 fanout1085
 1.424805e-19 5.468201e-19 1.689930e-11 1.689930e-11 fanout1089
 1.431343e-19 6.266803e-19 1.689930e-11 1.689930e-11 fanout1110
 1.440495e-19 4.562670e-19 1.689930e-11 1.689930e-11 fanout1146
 1.418708e-19 3.879419e-19 1.689930e-11 1.689930e-11 fanout164
 1.420440e-19 4.164786e-19 1.689930e-11 1.689930e-11 fanout649
 5.666381e-20 1.728990e-19 1.689928e-11 1.689928e-11 fanout1773
 5.694605e-20 1.903900e-19 1.689928e-11 1.689928e-11 fanout1791
 5.740299e-20 2.486794e-19 1.689928e-11 1.689928e-11 fanout1795
 5.728137e-20 2.338845e-19 1.689928e-11 1.689928e-11 fanout1813
 5.730140e-20 2.515672e-19 1.689928e-11 1.689928e-11 fanout1840
 5.707443e-20 2.239395e-19 1.689928e-11 1.689928e-11 fanout1851
 5.690767e-20 1.868519e-19 1.689928e-11 1.689928e-11 fanout1860
 1.605349e-19 2.972455e-18 1.673460e-11 1.673460e-11 _19268_
 9.120688e-20 3.230833e-18 1.673460e-11 1.673460e-11 _20052_
 8.629845e-20 1.578116e-18 1.673460e-11 1.673460e-11 _18157_
 1.579973e-19 2.236361e-18 1.673460e-11 1.673460e-11 _18544_
 8.382430e-20 8.711794e-19 1.673460e-11 1.673460e-11 _19277_
 2.224788e-19 3.150752e-18 1.673459e-11 1.673460e-11 _19821_
 1.561653e-19 2.762258e-18 1.673459e-11 1.673460e-11 _20472_
 1.501180e-19 1.412291e-18 1.673459e-11 1.673459e-11 _19949_
 1.159032e-19 8.213529e-19 1.673458e-11 1.673458e-11 _16998_
 5.084121e-20 3.672652e-19 1.673458e-11 1.673458e-11 _17428_
 3.153239e-19 8.944364e-19 1.653897e-11 1.653897e-11 fanout602
 9.703467e-19 3.560312e-18 1.653896e-11 1.653897e-11 fanout1276
 9.729345e-19 3.839205e-18 1.653896e-11 1.653897e-11 fanout1313
 9.675622e-19 3.274118e-18 1.653896e-11 1.653897e-11 fanout1267
 9.648763e-19 3.135462e-18 1.653896e-11 1.653897e-11 fanout1273
 9.662045e-19 3.273553e-18 1.653896e-11 1.653897e-11 fanout1287
 9.693416e-19 3.341081e-18 1.653896e-11 1.653897e-11 fanout1296
 2.016074e-19 5.719711e-19 1.653896e-11 1.653896e-11 fanout1142
 8.642128e-20 2.543820e-19 1.653896e-11 1.653896e-11 fanout1153
 8.579989e-20 3.212509e-19 1.653896e-11 1.653896e-11 fanout1442
 8.471378e-20 2.302130e-19 1.653896e-11 1.653896e-11 fanout1450
 8.510972e-20 2.462349e-19 1.653896e-11 1.653896e-11 fanout1456
 8.575983e-20 3.295314e-19 1.653896e-11 1.653896e-11 fanout1457
 8.553700e-20 3.300536e-19 1.653896e-11 1.653896e-11 fanout1458
 8.519333e-20 2.588227e-19 1.653896e-11 1.653896e-11 fanout1479
 8.534145e-20 2.775734e-19 1.653896e-11 1.653896e-11 fanout1481
 8.501139e-20 2.725403e-19 1.653896e-11 1.653896e-11 fanout1488
 8.510777e-20 2.432434e-19 1.653896e-11 1.653896e-11 fanout1493
 8.572537e-20 3.241172e-19 1.653896e-11 1.653896e-11 fanout1494
 8.580259e-20 3.281990e-19 1.653896e-11 1.653896e-11 fanout1495
 8.527687e-20 2.726249e-19 1.653896e-11 1.653896e-11 fanout1513
 8.572168e-20 3.179254e-19 1.653896e-11 1.653896e-11 fanout1519
 8.605864e-20 3.739166e-19 1.653896e-11 1.653896e-11 fanout1522
 8.522301e-20 2.522625e-19 1.653896e-11 1.653896e-11 fanout1526
 8.629690e-20 4.282849e-19 1.653896e-11 1.653896e-11 fanout1534
 8.547766e-20 2.860839e-19 1.653896e-11 1.653896e-11 fanout1547
 8.550406e-20 3.209211e-19 1.653896e-11 1.653896e-11 fanout1552
 5.695028e-20 1.921712e-19 1.653896e-11 1.653896e-11 fanout1742
 5.694383e-20 1.935652e-19 1.653896e-11 1.653896e-11 fanout1744
 5.701180e-20 2.021377e-19 1.653896e-11 1.653896e-11 fanout1745
 5.699447e-20 1.983644e-19 1.653896e-11 1.653896e-11 fanout1749
 5.713366e-20 2.227704e-19 1.653896e-11 1.653896e-11 fanout1750
 5.704091e-20 2.109509e-19 1.653896e-11 1.653896e-11 fanout1751
 9.126012e-19 3.267533e-18 1.653895e-11 1.653895e-11 fanout1179
 1.423645e-19 4.825627e-19 1.653894e-11 1.653894e-11 fanout126
 1.420375e-19 4.476357e-19 1.653894e-11 1.653894e-11 fanout127
 1.428194e-19 5.460096e-19 1.653894e-11 1.653894e-11 fanout128
 1.427241e-19 5.197723e-19 1.653894e-11 1.653894e-11 fanout132
 1.434644e-19 5.957556e-19 1.653894e-11 1.653894e-11 fanout133
 1.423947e-19 5.439398e-19 1.653894e-11 1.653894e-11 fanout135
 1.430863e-19 5.779916e-19 1.653894e-11 1.653894e-11 fanout989
 1.421306e-19 4.578541e-19 1.653894e-11 1.653894e-11 fanout997
 3.418115e-20 3.871568e-19 1.647001e-11 1.647001e-11 _16850_
 1.674668e-20 1.469049e-19 1.647000e-11 1.647000e-11 _16765_
 1.844565e-20 1.058668e-20 1.348146e-11 1.348146e-11 _35008_
 1.848858e-20 1.255161e-20 1.348146e-11 1.348146e-11 _35009_
 1.846807e-20 1.161287e-20 1.348146e-11 1.348146e-11 _35010_
 1.844032e-20 1.034277e-20 1.348146e-11 1.348146e-11 _35011_
 1.871783e-20 3.260519e-20 1.348146e-11 1.348146e-11 _35012_
 1.849703e-20 1.293839e-20 1.348146e-11 1.348146e-11 _35013_
 1.845526e-20 1.102651e-20 1.348146e-11 1.348146e-11 _35014_
 1.851156e-20 1.131391e-20 1.348146e-11 1.348146e-11 _35015_
 1.862565e-20 1.826409e-20 1.348146e-11 1.348146e-11 _35016_
 1.855851e-20 1.663515e-20 1.348146e-11 1.348146e-11 _35017_
 1.871065e-20 2.981899e-20 1.348146e-11 1.348146e-11 _35018_
 1.863860e-20 2.325874e-20 1.348146e-11 1.348146e-11 _35019_
 1.867407e-20 2.648857e-20 1.348146e-11 1.348146e-11 _35020_
 1.880573e-20 4.559480e-20 1.348146e-11 1.348146e-11 _35021_
 1.881756e-20 4.851701e-20 1.348146e-11 1.348146e-11 _35022_
 1.888210e-20 6.450106e-20 1.348146e-11 1.348146e-11 _35023_
 1.874645e-20 3.307846e-20 1.348146e-11 1.348146e-11 _35024_
 1.889363e-20 6.913450e-20 1.348146e-11 1.348146e-11 _35025_
 1.869665e-20 2.854414e-20 1.348146e-11 1.348146e-11 _35026_
 1.857147e-20 1.714612e-20 1.348146e-11 1.348146e-11 _35027_
 0.000000e+00 0.000000e+00 1.348146e-11 1.348146e-11 input11
 7.937752e-20 4.374474e-19 1.348146e-11 1.348146e-11 input10
 5.560609e-19 4.055465e-18 1.348145e-11 1.348146e-11 input8
 1.577800e-19 3.452997e-19 1.348146e-11 1.348146e-11 input4
 7.854320e-20 1.063139e-19 1.348146e-11 1.348146e-11 input6
 9.379308e-20 1.254957e-19 1.348146e-11 1.348146e-11 wire121
 7.866468e-20 1.239696e-19 1.348145e-11 1.348145e-11 input1
 1.573393e-19 2.490156e-19 1.348145e-11 1.348145e-11 input5
 1.324834e-19 2.511467e-19 1.348144e-11 1.348144e-11 wire142
 9.894473e-20 4.523452e-18 1.331658e-11 1.331658e-11 _17674_
 1.022125e-20 1.262577e-19 1.331658e-11 1.331658e-11 _18206_
 9.750810e-21 6.939335e-20 1.331658e-11 1.331658e-11 _18535_
 5.076340e-20 3.778359e-19 1.331658e-11 1.331658e-11 _26326_
 9.190043e-20 1.261196e-18 1.331658e-11 1.331658e-11 _18405_
 1.366006e-19 2.187527e-18 1.331658e-11 1.331658e-11 _20909_
 9.230689e-20 1.082030e-18 1.331658e-11 1.331658e-11 _20104_
 9.175905e-20 7.307569e-19 1.331658e-11 1.331658e-11 _18713_
 8.809568e-20 7.101538e-19 1.331658e-11 1.331658e-11 _19209_
 9.161302e-20 7.154407e-19 1.331658e-11 1.331658e-11 _18504_
 3.040527e-20 2.784661e-19 1.331657e-11 1.331657e-11 _16879_
 7.166938e-20 5.423329e-19 1.331657e-11 1.331657e-11 _16905_
 3.035694e-20 2.351623e-19 1.331657e-11 1.331657e-11 _16980_
 3.096819e-20 2.490603e-19 1.331657e-11 1.331657e-11 _16988_
 3.068414e-20 2.429851e-19 1.331657e-11 1.331657e-11 _16990_
 7.040499e-20 5.198000e-19 1.331657e-11 1.331657e-11 _17072_
 3.082189e-20 2.566661e-19 1.331657e-11 1.331657e-11 _17198_
 3.079703e-20 2.383539e-19 1.331657e-11 1.331657e-11 _17291_
 3.054992e-20 2.445928e-19 1.331657e-11 1.331657e-11 _17402_
 1.534139e-19 1.217260e-18 1.331657e-11 1.331657e-11 _17023_
 3.036968e-20 2.523066e-19 1.331657e-11 1.331657e-11 _17040_
 1.592215e-19 1.504072e-18 1.331657e-11 1.331657e-11 _17084_
 3.103455e-20 2.832592e-19 1.331657e-11 1.331657e-11 _17097_
 3.023617e-20 2.255475e-19 1.331657e-11 1.331657e-11 _17127_
 7.190841e-20 5.402292e-19 1.331657e-11 1.331657e-11 _16929_
 7.107784e-20 6.720933e-19 1.331657e-11 1.331657e-11 _17079_
 7.360356e-20 5.792362e-19 1.331657e-11 1.331657e-11 _17121_
 7.130137e-20 5.496098e-19 1.331657e-11 1.331657e-11 _17194_
 7.157242e-20 6.254828e-19 1.331657e-11 1.331657e-11 _17216_
 1.135755e-19 9.639812e-19 1.331657e-11 1.331657e-11 _17339_
 1.138539e-19 8.069456e-19 1.331656e-11 1.331657e-11 _16878_
 1.143078e-19 9.099086e-19 1.331656e-11 1.331657e-11 _16900_
 7.070242e-20 5.675339e-19 1.331656e-11 1.331657e-11 _17226_
 7.041021e-20 4.986031e-19 1.331656e-11 1.331657e-11 _17263_
 7.253819e-20 5.868403e-19 1.331656e-11 1.331657e-11 _17337_
 7.247182e-20 6.184105e-19 1.331656e-11 1.331657e-11 _17416_
 1.123902e-19 8.222010e-19 1.331656e-11 1.331656e-11 _17028_
 3.095502e-20 2.682404e-19 1.331656e-11 1.331656e-11 _17090_
 7.327846e-20 5.699678e-19 1.331656e-11 1.331656e-11 _17093_
 7.259972e-20 8.291156e-19 1.331656e-11 1.331656e-11 _17167_
 1.160252e-19 6.782575e-19 1.331656e-11 1.331656e-11 _17334_
 2.998887e-20 2.277959e-19 1.331656e-11 1.331656e-11 _17397_
 3.157742e-20 2.611112e-19 1.331656e-11 1.331656e-11 _17002_
 3.097795e-20 2.684905e-19 1.331656e-11 1.331656e-11 _17060_
 7.162331e-20 6.386056e-19 1.331656e-11 1.331656e-11 _17134_
 3.038983e-20 2.838303e-19 1.331656e-11 1.331656e-11 _16969_
 2.988225e-20 2.125487e-19 1.331656e-11 1.331656e-11 _17301_
 3.093416e-20 2.709256e-19 1.331656e-11 1.331656e-11 _16896_
 3.178998e-20 2.349913e-19 1.331656e-11 1.331656e-11 _17418_
 3.117199e-20 2.206472e-19 1.331656e-11 1.331656e-11 _16775_
 1.183406e-19 2.600265e-19 1.320968e-11 1.320968e-11 input3
 3.922221e-20 4.713235e-20 1.320968e-11 1.320968e-11 input7
 1.179205e-19 1.750812e-19 1.320968e-11 1.320968e-11 input2
 3.786428e-20 1.335480e-19 1.320967e-11 1.320967e-11 fanout1752
 9.421298e-20 2.587268e-19 1.320966e-11 1.320966e-11 fanout129
 9.542749e-20 2.205677e-18 1.314019e-11 1.314019e-11 _16825_
 9.562059e-20 5.919753e-19 1.314019e-11 1.314019e-11 _17363_
 5.011378e-20 4.992121e-19 1.314019e-11 1.314019e-11 _19890_
 9.295235e-20 1.402034e-18 1.314019e-11 1.314019e-11 _20064_
 5.117887e-20 4.011199e-19 1.314019e-11 1.314019e-11 _16861_
 1.337732e-19 9.740396e-19 1.314019e-11 1.314019e-11 _16974_
 5.263029e-20 4.209974e-19 1.314019e-11 1.314019e-11 _17148_
 1.382881e-19 1.000691e-18 1.314019e-11 1.314019e-11 _17186_
 1.802515e-19 1.274890e-18 1.314018e-11 1.314019e-11 _17205_
 8.821884e-20 7.360089e-19 1.314019e-11 1.314019e-11 _17848_
 8.866132e-20 6.649822e-19 1.314019e-11 1.314019e-11 _18326_
 8.819814e-20 6.863063e-19 1.314019e-11 1.314019e-11 _20501_
 1.366658e-19 1.053137e-18 1.314018e-11 1.314019e-11 _16965_
 5.121432e-20 3.712122e-19 1.314019e-11 1.314019e-11 _17420_
 9.207260e-20 7.069028e-19 1.314018e-11 1.314018e-11 _16956_
 9.511634e-20 8.351869e-19 1.314018e-11 1.314018e-11 _17101_
 9.266587e-20 7.704623e-19 1.314018e-11 1.314018e-11 _17314_
 1.366900e-19 1.168875e-18 1.314018e-11 1.314018e-11 _17075_
 1.383673e-19 1.418028e-18 1.314018e-11 1.314018e-11 _17297_
 9.508515e-20 7.993553e-19 1.314018e-11 1.314018e-11 _16891_
 9.067288e-20 6.273606e-19 1.314018e-11 1.314018e-11 _17322_
 5.014308e-20 3.950723e-19 1.314018e-11 1.314018e-11 _16943_
 5.284110e-20 4.807162e-19 1.314018e-11 1.314018e-11 _16948_
 5.054836e-20 4.334899e-19 1.314018e-11 1.314018e-11 _16951_
 5.094104e-20 3.350486e-19 1.314018e-11 1.314018e-11 _16854_
 5.094429e-20 3.912425e-19 1.314018e-11 1.314018e-11 _31781_
 1.032560e-20 9.348335e-20 1.314018e-11 1.314018e-11 _16758_
 1.033075e-20 1.051729e-19 1.314018e-11 1.314018e-11 _16771_
 1.054960e-20 9.029569e-20 1.314018e-11 1.314018e-11 _16866_
 1.022426e-20 8.469166e-20 1.314018e-11 1.314018e-11 _17031_
 1.017033e-20 6.887797e-20 1.314018e-11 1.314018e-11 _17105_
 1.003221e-20 6.545215e-20 1.314018e-11 1.314018e-11 _17179_
 1.017409e-20 7.381000e-20 1.314018e-11 1.314018e-11 _17245_
 1.035552e-20 8.490995e-20 1.314018e-11 1.314018e-11 _17281_
 1.024059e-20 7.852371e-20 1.314018e-11 1.314018e-11 _17384_
 1.007126e-20 7.433957e-20 1.314018e-11 1.314018e-11 _17393_
 1.015076e-20 6.928162e-20 1.314018e-11 1.314018e-11 _17411_
 2.434704e-20 2.103143e-20 9.898740e-12 9.898740e-12 _21888_
 2.468815e-20 2.632374e-20 9.898740e-12 9.898740e-12 _22530_
 2.530719e-20 1.734298e-19 9.898740e-12 9.898740e-12 _23248_
 5.775926e-20 4.002211e-19 9.898738e-12 9.898739e-12 _17628_
 6.940491e-21 2.090042e-20 9.898739e-12 9.898739e-12 _18094_
 8.286873e-20 4.677019e-19 9.898738e-12 9.898739e-12 _18342_
 2.442416e-20 2.812308e-20 9.898739e-12 9.898739e-12 _19052_
 4.908456e-20 7.238599e-20 9.898739e-12 9.898739e-12 _19316_
 4.894664e-20 6.355669e-20 9.898739e-12 9.898739e-12 _19464_
 2.453836e-20 3.944859e-20 9.898739e-12 9.898739e-12 _19509_
 2.434464e-20 2.955244e-20 9.898739e-12 9.898739e-12 _20061_
 4.885131e-20 6.322414e-20 9.898739e-12 9.898739e-12 _20097_
 4.867507e-20 5.015698e-20 9.898739e-12 9.898739e-12 _20232_
 2.441840e-20 2.796313e-20 9.898739e-12 9.898739e-12 _20240_
 2.486723e-20 2.100817e-20 9.898739e-12 9.898739e-12 _20452_
 2.448181e-20 2.585242e-20 9.898739e-12 9.898739e-12 _20754_
 2.449653e-20 3.184494e-20 9.898739e-12 9.898739e-12 _20966_
 4.872696e-20 5.156166e-20 9.898739e-12 9.898739e-12 _21035_
 4.883094e-20 6.149084e-20 9.898739e-12 9.898739e-12 _21564_
 4.888616e-20 5.822207e-20 9.898739e-12 9.898739e-12 _21579_
 2.437564e-20 2.617204e-20 9.898739e-12 9.898739e-12 _21807_
 4.855534e-20 4.475839e-20 9.898739e-12 9.898739e-12 _21874_
 4.890232e-20 6.504082e-20 9.898739e-12 9.898739e-12 _21920_
 2.456921e-20 4.115514e-20 9.898739e-12 9.898739e-12 _21954_
 4.897325e-20 6.745838e-20 9.898739e-12 9.898739e-12 _21963_
 4.867949e-20 4.230748e-20 9.898739e-12 9.898739e-12 _22051_
 4.900937e-20 4.486867e-20 9.898739e-12 9.898739e-12 _22297_
 4.898937e-20 4.505397e-20 9.898739e-12 9.898739e-12 _22486_
 4.865936e-20 4.269153e-20 9.898739e-12 9.898739e-12 _22758_
 4.872364e-20 5.137499e-20 9.898739e-12 9.898739e-12 _22806_
 2.440738e-20 2.877117e-20 9.898739e-12 9.898739e-12 _22865_
 2.451068e-20 2.858507e-20 9.898739e-12 9.898739e-12 _22880_
 6.713839e-21 4.374224e-20 9.898739e-12 9.898739e-12 _23127_
 6.373938e-21 4.250406e-20 9.898739e-12 9.898739e-12 _23314_
 6.345235e-21 1.824430e-20 9.898739e-12 9.898739e-12 _23533_
 6.194575e-21 1.865065e-20 9.898739e-12 9.898739e-12 _23644_
 3.222100e-20 1.674082e-19 9.898739e-12 9.898739e-12 _24024_
 8.311254e-20 2.526503e-19 9.898739e-12 9.898739e-12 _24057_
 6.424727e-21 1.897417e-20 9.898739e-12 9.898739e-12 _24421_
 3.197372e-20 1.753275e-19 9.898739e-12 9.898739e-12 _24448_
 6.413263e-21 3.824446e-20 9.898739e-12 9.898739e-12 _26121_
 6.213538e-21 2.041715e-20 9.898739e-12 9.898739e-12 _26703_
 6.378616e-21 2.897828e-20 9.898739e-12 9.898739e-12 _26712_
 6.324971e-21 1.661072e-20 9.898739e-12 9.898739e-12 _27286_
 5.632175e-20 1.738857e-19 9.898739e-12 9.898739e-12 _27396_
 3.195837e-20 1.388281e-19 9.898739e-12 9.898739e-12 _28167_
 8.114062e-20 3.971559e-19 9.898738e-12 9.898739e-12 _29428_
 3.097711e-20 5.194704e-20 9.898739e-12 9.898739e-12 _31536_
 8.064789e-20 2.857077e-19 9.898738e-12 9.898738e-12 _17740_
 5.633414e-20 2.700700e-19 9.898738e-12 9.898738e-12 _18130_
 7.334757e-20 1.009086e-19 9.898738e-12 9.898738e-12 _18562_
 7.307455e-20 6.872175e-20 9.898738e-12 9.898738e-12 _18922_
 5.634478e-20 3.288493e-19 9.898738e-12 9.898738e-12 _19351_
 7.300903e-20 6.586496e-20 9.898738e-12 9.898738e-12 _19390_
 7.339950e-20 9.017573e-20 9.898738e-12 9.898738e-12 _19402_
 7.382601e-20 1.392399e-19 9.898738e-12 9.898738e-12 _19526_
 7.307396e-20 6.808574e-20 9.898738e-12 9.898738e-12 _19707_
 5.720504e-20 1.173992e-19 9.898738e-12 9.898738e-12 _19735_
 4.876418e-20 4.709116e-20 9.898738e-12 9.898738e-12 _19791_
 4.945257e-20 9.349948e-20 9.898738e-12 9.898738e-12 _19887_
 5.617904e-20 3.020082e-19 9.898738e-12 9.898738e-12 _19959_
 4.892520e-20 6.623207e-20 9.898738e-12 9.898738e-12 _20032_
 5.620787e-20 9.127716e-20 9.898738e-12 9.898738e-12 _20177_
 4.876207e-20 5.402067e-20 9.898738e-12 9.898738e-12 _20692_
 4.978820e-20 9.374786e-20 9.898738e-12 9.898738e-12 _20787_
 4.858249e-20 4.166980e-20 9.898738e-12 9.898738e-12 _20805_
 3.099488e-20 8.357255e-20 9.898738e-12 9.898738e-12 _20886_
 2.450152e-20 3.516254e-20 9.898738e-12 9.898738e-12 _20925_
 7.335757e-20 9.712067e-20 9.898738e-12 9.898738e-12 _21115_
 4.871749e-20 5.459989e-20 9.898738e-12 9.898738e-12 _21212_
 4.879407e-20 6.163673e-20 9.898738e-12 9.898738e-12 _21276_
 2.446581e-20 2.514109e-20 9.898738e-12 9.898738e-12 _21376_
 7.310858e-20 6.181610e-20 9.898738e-12 9.898738e-12 _21476_
 4.935728e-20 8.646912e-20 9.898738e-12 9.898738e-12 _21692_
 4.870803e-20 5.385674e-20 9.898738e-12 9.898738e-12 _21938_
 7.328893e-20 9.118662e-20 9.898738e-12 9.898738e-12 _21990_
 4.865786e-20 4.618982e-20 9.898738e-12 9.898738e-12 _22097_
 2.426377e-20 2.295181e-20 9.898738e-12 9.898738e-12 _22174_
 7.293561e-20 6.768177e-20 9.898738e-12 9.898738e-12 _22352_
 7.303799e-20 7.781492e-20 9.898738e-12 9.898738e-12 _22405_
 4.882628e-20 5.110884e-20 9.898738e-12 9.898738e-12 _22494_
 4.914191e-20 6.311528e-20 9.898738e-12 9.898738e-12 _22547_
 7.317758e-20 6.932528e-20 9.898738e-12 9.898738e-12 _22613_
 7.318785e-20 6.575410e-20 9.898738e-12 9.898738e-12 _22737_
 4.876718e-20 5.618581e-20 9.898738e-12 9.898738e-12 _23005_
 9.756531e-20 8.744408e-20 9.898738e-12 9.898738e-12 _23015_
 5.509399e-20 9.455416e-20 9.898738e-12 9.898738e-12 _23475_
 5.735137e-20 2.302823e-19 9.898738e-12 9.898738e-12 _27414_
 8.221521e-20 3.020604e-19 9.898738e-12 9.898738e-12 _29764_
 5.607150e-20 1.342910e-19 9.898738e-12 9.898738e-12 _32065_
 5.565790e-20 1.699712e-19 9.898737e-12 9.898737e-12 _17554_
 4.904045e-20 7.371191e-20 9.898737e-12 9.898737e-12 _17941_
 4.895332e-20 5.744659e-20 9.898737e-12 9.898737e-12 _18643_
 5.649370e-20 3.149683e-19 9.898737e-12 9.898737e-12 _18942_
 4.887937e-20 6.390646e-20 9.898737e-12 9.898737e-12 _19818_
 7.292921e-20 7.250805e-20 9.898737e-12 9.898737e-12 _19996_
 7.339350e-20 9.295738e-20 9.898737e-12 9.898737e-12 _20013_
 2.437279e-20 2.442536e-20 9.898737e-12 9.898737e-12 _20070_
 4.869964e-20 5.723242e-20 9.898737e-12 9.898737e-12 _20141_
 2.438979e-20 2.326641e-20 9.898737e-12 9.898737e-12 _20914_
 2.447301e-20 3.059305e-20 9.898737e-12 9.898737e-12 _21231_
 4.896295e-20 7.004076e-20 9.898737e-12 9.898737e-12 _21251_
 8.304027e-20 1.239090e-19 9.898737e-12 9.898737e-12 _21308_
 2.436926e-20 2.160965e-20 9.898737e-12 9.898737e-12 _21367_
 4.873651e-20 4.376456e-20 9.898737e-12 9.898737e-12 _21401_
 2.477831e-20 7.077286e-20 9.898737e-12 9.898737e-12 _21644_
 4.881992e-20 5.464707e-20 9.898737e-12 9.898737e-12 _21667_
 2.447317e-20 2.655737e-20 9.898737e-12 9.898737e-12 _22228_
 7.372355e-20 1.098478e-19 9.898737e-12 9.898737e-12 _22471_
 4.890518e-20 6.239293e-20 9.898737e-12 9.898737e-12 _22945_
 5.728225e-20 2.389071e-19 9.898737e-12 9.898737e-12 _28595_
 5.646002e-20 1.680490e-19 9.898737e-12 9.898737e-12 _30912_
 8.004048e-20 1.350376e-19 9.898736e-12 9.898736e-12 _27067_
 5.633876e-20 1.255998e-19 9.898736e-12 9.898736e-12 _27828_
 8.146292e-20 1.696705e-19 9.898736e-12 9.898736e-12 _29117_
 5.610189e-20 1.619577e-19 9.898736e-12 9.898736e-12 _30397_
 7.235361e-20 4.435955e-19 9.898734e-12 9.898735e-12 _17160_
 7.188136e-20 3.967672e-19 9.898734e-12 9.898735e-12 _17197_
 7.020775e-20 4.116427e-19 9.898734e-12 9.898735e-12 _17256_
 1.852000e-20 3.479861e-20 9.898734e-12 9.898734e-12 _16821_
 4.311751e-20 7.982708e-20 9.898734e-12 9.898734e-12 _16831_
 1.863030e-20 4.308157e-20 9.898734e-12 9.898734e-12 _16843_
 7.015930e-20 1.404777e-19 9.898734e-12 9.898734e-12 _16848_
 7.270510e-20 4.613140e-19 9.898733e-12 9.898734e-12 _16859_
 1.911679e-20 7.349135e-20 9.898734e-12 9.898734e-12 _16870_
 1.931280e-20 1.513491e-19 9.898734e-12 9.898734e-12 _16871_
 1.932316e-20 1.357466e-19 9.898734e-12 9.898734e-12 _16872_
 1.921767e-20 8.212081e-20 9.898734e-12 9.898734e-12 _16880_
 1.906752e-20 7.292568e-20 9.898734e-12 9.898734e-12 _16915_
 1.879945e-20 7.809298e-20 9.898734e-12 9.898734e-12 _16978_
 1.949904e-20 1.257203e-19 9.898734e-12 9.898734e-12 _16979_
 1.882888e-20 8.044888e-20 9.898734e-12 9.898734e-12 _16989_
 9.664078e-20 4.303960e-19 9.898733e-12 9.898734e-12 _17003_
 9.957139e-20 5.596092e-19 9.898733e-12 9.898734e-12 _17037_
 9.778687e-20 6.322375e-19 9.898733e-12 9.898734e-12 _17056_
 4.531761e-20 3.192295e-19 9.898734e-12 9.898734e-12 _17143_
 1.973817e-20 1.458498e-19 9.898734e-12 9.898734e-12 _17199_
 1.920320e-20 1.316721e-19 9.898734e-12 9.898734e-12 _17200_
 1.898928e-20 8.898492e-20 9.898734e-12 9.898734e-12 _17202_
 7.273576e-20 4.904965e-19 9.898733e-12 9.898734e-12 _17204_
 1.954489e-20 1.258584e-19 9.898734e-12 9.898734e-12 _17209_
 1.961103e-20 1.449171e-19 9.898734e-12 9.898734e-12 _17210_
 1.920453e-20 8.697972e-20 9.898734e-12 9.898734e-12 _17211_
 7.097769e-20 5.147635e-19 9.898733e-12 9.898734e-12 _17230_
 7.190856e-20 4.151041e-19 9.898733e-12 9.898734e-12 _17252_
 1.908954e-20 8.160943e-20 9.898734e-12 9.898734e-12 _17254_
 1.931483e-20 8.308293e-20 9.898734e-12 9.898734e-12 _17257_
 9.537606e-20 3.454964e-19 9.898733e-12 9.898734e-12 _17289_
 1.921999e-20 7.736909e-20 9.898734e-12 9.898734e-12 _17292_
 1.888186e-20 8.011864e-20 9.898734e-12 9.898734e-12 _17293_
 1.912326e-20 1.122861e-19 9.898734e-12 9.898734e-12 _17294_
 7.367973e-20 5.607986e-19 9.898733e-12 9.898734e-12 _17308_
 1.900905e-20 7.515733e-20 9.898734e-12 9.898734e-12 _17329_
 4.515715e-20 2.216455e-19 9.898734e-12 9.898734e-12 _17373_
 1.893416e-20 8.733850e-20 9.898734e-12 9.898734e-12 _17403_
 1.836925e-20 3.149186e-20 9.898734e-12 9.898734e-12 _17404_
 1.920961e-20 8.533200e-20 9.898734e-12 9.898734e-12 _17405_
 1.835807e-20 2.896008e-20 9.898734e-12 9.898734e-12 _25320_
 7.088132e-20 2.683236e-19 9.898733e-12 9.898733e-12 _16833_
 6.940809e-20 1.395245e-19 9.898733e-12 9.898733e-12 _16835_
 4.501231e-20 1.259379e-19 9.898733e-12 9.898733e-12 _16839_
 6.960778e-20 1.038246e-19 9.898733e-12 9.898733e-12 _16841_
 4.374685e-20 9.355809e-20 9.898733e-12 9.898733e-12 _16844_
 4.382342e-20 2.089926e-19 9.898733e-12 9.898733e-12 _16847_
 7.005649e-20 2.149277e-19 9.898733e-12 9.898733e-12 _16849_
 7.261652e-20 4.661981e-19 9.898732e-12 9.898733e-12 _16868_
 4.438620e-20 2.205756e-19 9.898733e-12 9.898733e-12 _16888_
 4.456925e-20 1.823971e-19 9.898733e-12 9.898733e-12 _16889_
 4.526470e-20 2.569944e-19 9.898733e-12 9.898733e-12 _16906_
 6.902948e-20 3.281158e-19 9.898733e-12 9.898733e-12 _16918_
 4.441093e-20 1.668209e-19 9.898733e-12 9.898733e-12 _16934_
 4.479817e-20 1.915482e-19 9.898733e-12 9.898733e-12 _16942_
 7.067582e-20 4.606088e-19 9.898732e-12 9.898733e-12 _16964_
 4.524429e-20 2.370261e-19 9.898733e-12 9.898733e-12 _16973_
 9.704783e-20 4.422245e-19 9.898732e-12 9.898733e-12 _16976_
 9.704613e-20 4.054646e-19 9.898732e-12 9.898733e-12 _16977_
 4.500948e-20 2.843563e-19 9.898733e-12 9.898733e-12 _16981_
 4.491629e-20 2.977053e-19 9.898733e-12 9.898733e-12 _16983_
 7.055970e-20 3.226726e-19 9.898733e-12 9.898733e-12 _16986_
 9.752989e-20 4.618168e-19 9.898732e-12 9.898733e-12 _16996_
 4.464567e-20 1.873461e-19 9.898733e-12 9.898733e-12 _16999_
 4.495585e-20 3.045437e-19 9.898733e-12 9.898733e-12 _17018_
 1.902863e-20 1.005269e-19 9.898733e-12 9.898733e-12 _17041_
 1.894726e-20 6.688342e-20 9.898733e-12 9.898733e-12 _17042_
 4.531824e-20 2.394330e-19 9.898733e-12 9.898733e-12 _17048_
 1.902898e-20 7.758444e-20 9.898733e-12 9.898733e-12 _17055_
 7.266336e-20 3.324638e-19 9.898733e-12 9.898733e-12 _17059_
 7.184299e-20 5.444981e-19 9.898732e-12 9.898733e-12 _17069_
 4.420800e-20 1.972330e-19 9.898733e-12 9.898733e-12 _17070_
 4.418556e-20 2.273366e-19 9.898733e-12 9.898733e-12 _17080_
 9.676964e-20 4.413632e-19 9.898732e-12 9.898733e-12 _17094_
 6.978728e-20 2.941027e-19 9.898733e-12 9.898733e-12 _17103_
 7.303667e-20 4.568622e-19 9.898732e-12 9.898733e-12 _17111_
 4.472422e-20 1.811626e-19 9.898733e-12 9.898733e-12 _17117_
 4.575116e-20 2.949742e-19 9.898733e-12 9.898733e-12 _17119_
 1.923648e-20 1.098235e-19 9.898733e-12 9.898733e-12 _17125_
 1.874020e-20 7.277438e-20 9.898733e-12 9.898733e-12 _17126_
 4.463221e-20 1.762444e-19 9.898733e-12 9.898733e-12 _17153_
 4.527131e-20 3.118137e-19 9.898733e-12 9.898733e-12 _17155_
 6.720614e-20 9.248933e-20 9.898733e-12 9.898733e-12 _17159_
 4.458801e-20 2.472492e-19 9.898733e-12 9.898733e-12 _17174_
 4.421015e-20 1.988529e-19 9.898733e-12 9.898733e-12 _17183_
 4.452238e-20 2.663295e-19 9.898733e-12 9.898733e-12 _17218_
 4.489967e-20 2.170045e-19 9.898733e-12 9.898733e-12 _17220_
 4.674072e-20 3.672316e-19 9.898733e-12 9.898733e-12 _17231_
 7.219144e-20 4.045394e-19 9.898732e-12 9.898733e-12 _17233_
 7.055316e-20 3.003378e-19 9.898733e-12 9.898733e-12 _17242_
 4.513400e-20 2.774047e-19 9.898733e-12 9.898733e-12 _17268_
 7.149330e-20 3.658283e-19 9.898732e-12 9.898733e-12 _17287_
 6.957485e-20 3.759609e-19 9.898732e-12 9.898733e-12 _17296_
 4.552292e-20 2.147601e-19 9.898733e-12 9.898733e-12 _17333_
 9.906340e-20 7.078870e-19 9.898732e-12 9.898733e-12 _17335_
 9.894645e-20 5.397703e-19 9.898732e-12 9.898733e-12 _17345_
 4.476428e-20 2.405342e-19 9.898733e-12 9.898733e-12 _17352_
 4.506941e-20 2.401445e-19 9.898733e-12 9.898733e-12 _17401_
 4.521023e-20 2.588994e-19 9.898733e-12 9.898733e-12 _17408_
 1.920232e-20 7.463539e-20 9.898733e-12 9.898733e-12 _17429_
 1.919101e-20 1.335886e-19 9.898733e-12 9.898733e-12 _17430_
 1.902476e-20 1.003505e-19 9.898733e-12 9.898733e-12 _23111_
 1.435360e-19 2.412253e-19 9.898733e-12 9.898733e-12 _31819_
 9.423580e-20 2.432384e-19 9.898733e-12 9.898733e-12 _31946_
 4.536584e-20 3.240763e-19 9.898732e-12 9.898732e-12 _16824_
 6.889008e-20 3.295506e-19 9.898732e-12 9.898732e-12 _16832_
 6.977040e-20 1.286322e-19 9.898732e-12 9.898732e-12 _16837_
 4.329024e-20 1.268989e-19 9.898732e-12 9.898732e-12 _16840_
 9.208308e-20 1.483830e-19 9.898732e-12 9.898732e-12 _16876_
 9.469818e-20 2.990469e-19 9.898732e-12 9.898732e-12 _16893_
 7.013209e-20 4.328770e-19 9.898731e-12 9.898732e-12 _16895_
 7.050601e-20 4.715073e-19 9.898731e-12 9.898732e-12 _16938_
 7.260546e-20 4.364673e-19 9.898731e-12 9.898732e-12 _16941_
 7.029369e-20 2.820967e-19 9.898732e-12 9.898732e-12 _16959_
 9.656611e-20 3.789938e-19 9.898731e-12 9.898732e-12 _16967_
 4.403136e-20 1.902619e-19 9.898732e-12 9.898732e-12 _17019_
 1.948184e-20 1.395027e-19 9.898732e-12 9.898732e-12 _17034_
 6.987935e-20 3.869269e-19 9.898731e-12 9.898732e-12 _17045_
 9.610066e-20 5.795673e-19 9.898731e-12 9.898732e-12 _17050_
 4.506616e-20 3.213681e-19 9.898732e-12 9.898732e-12 _17065_
 1.953560e-20 1.266377e-19 9.898732e-12 9.898732e-12 _17091_
 9.492916e-20 2.945923e-19 9.898732e-12 9.898732e-12 _17113_
 7.154396e-20 3.416720e-19 9.898732e-12 9.898732e-12 _17114_
 7.015596e-20 4.043450e-19 9.898731e-12 9.898732e-12 _17139_
 7.196011e-20 3.901078e-19 9.898731e-12 9.898732e-12 _17169_
 7.149295e-20 3.151891e-19 9.898732e-12 9.898732e-12 _17176_
 6.990459e-20 4.118680e-19 9.898731e-12 9.898732e-12 _17191_
 7.276469e-20 4.501478e-19 9.898731e-12 9.898732e-12 _17222_
 4.444191e-20 2.214972e-19 9.898732e-12 9.898732e-12 _17225_
 6.974873e-20 2.801386e-19 9.898732e-12 9.898732e-12 _17232_
 4.554460e-20 2.755726e-19 9.898732e-12 9.898732e-12 _17264_
 4.376053e-20 1.700626e-19 9.898732e-12 9.898732e-12 _17267_
 6.973453e-20 3.681773e-19 9.898731e-12 9.898732e-12 _17324_
 6.948774e-20 3.256299e-19 9.898732e-12 9.898732e-12 _17331_
 4.393149e-20 1.847027e-19 9.898732e-12 9.898732e-12 _17340_
 4.519475e-20 3.573964e-19 9.898732e-12 9.898732e-12 _17342_
 9.174110e-20 1.415490e-19 9.898732e-12 9.898732e-12 _17344_
 9.785115e-20 5.059197e-19 9.898731e-12 9.898732e-12 _17353_
 7.173300e-20 3.863023e-19 9.898731e-12 9.898732e-12 _17356_
 7.260825e-20 5.566051e-19 9.898731e-12 9.898732e-12 _17361_
 7.023899e-20 4.236172e-19 9.898731e-12 9.898732e-12 _17370_
 4.449240e-20 2.660477e-19 9.898732e-12 9.898732e-12 _17379_
 4.506393e-20 3.360065e-19 9.898732e-12 9.898732e-12 _17431_
 4.321002e-20 1.133814e-19 9.898732e-12 9.898732e-12 _25562_
 1.865234e-20 7.705041e-20 9.898731e-12 9.898731e-12 _16823_
 6.748442e-20 1.186688e-19 9.898731e-12 9.898731e-12 _16834_
 4.490043e-20 1.069995e-19 9.898731e-12 9.898731e-12 _16836_
 4.542894e-20 1.399818e-19 9.898731e-12 9.898731e-12 _16838_
 1.993626e-20 4.438336e-20 9.898731e-12 9.898731e-12 _16842_
 7.064866e-20 1.508764e-19 9.898731e-12 9.898731e-12 _16845_
 1.920046e-20 4.391741e-20 9.898731e-12 9.898731e-12 _16846_
 4.459779e-20 1.721344e-19 9.898731e-12 9.898731e-12 _16860_
 1.955421e-20 1.614051e-19 9.898731e-12 9.898731e-12 _16897_
 1.948302e-20 1.437643e-19 9.898731e-12 9.898731e-12 _16899_
 4.485441e-20 2.509294e-19 9.898731e-12 9.898731e-12 _16903_
 4.455062e-20 1.700349e-19 9.898731e-12 9.898731e-12 _16985_
 4.376601e-20 1.184149e-19 9.898731e-12 9.898731e-12 _17021_
 6.739824e-20 1.008133e-19 9.898731e-12 9.898731e-12 _17029_
 4.422536e-20 2.009907e-19 9.898731e-12 9.898731e-12 _17044_
 7.148924e-20 3.578286e-19 9.898731e-12 9.898731e-12 _17049_
 1.915181e-20 8.697361e-20 9.898731e-12 9.898731e-12 _17061_
 1.937170e-20 9.415772e-20 9.898731e-12 9.898731e-12 _17062_
 7.139961e-20 3.192375e-19 9.898731e-12 9.898731e-12 _17068_
 7.105931e-20 2.648521e-19 9.898731e-12 9.898731e-12 _17086_
 4.480264e-20 2.019064e-19 9.898731e-12 9.898731e-12 _17104_
 4.470312e-20 1.839618e-19 9.898731e-12 9.898731e-12 _17131_
 4.513189e-20 2.208293e-19 9.898731e-12 9.898731e-12 _17135_
 4.425576e-20 2.503531e-19 9.898731e-12 9.898731e-12 _17136_
 4.463834e-20 1.950938e-19 9.898731e-12 9.898731e-12 _17138_
 1.907512e-20 8.953837e-20 9.898731e-12 9.898731e-12 _17147_
 1.934033e-20 1.400066e-19 9.898731e-12 9.898731e-12 _17149_
 6.946775e-20 3.276546e-19 9.898731e-12 9.898731e-12 _17175_
 4.439840e-20 1.446900e-19 9.898731e-12 9.898731e-12 _17189_
 4.554287e-20 2.757468e-19 9.898731e-12 9.898731e-12 _17190_
 4.411780e-20 1.720602e-19 9.898731e-12 9.898731e-12 _17192_
 9.460927e-20 2.628043e-19 9.898731e-12 9.898731e-12 _17213_
 4.575471e-20 2.149478e-19 9.898731e-12 9.898731e-12 _17215_
 4.597986e-20 3.420920e-19 9.898731e-12 9.898731e-12 _17240_
 4.515217e-20 3.189600e-19 9.898731e-12 9.898731e-12 _17249_
 4.567501e-20 2.143147e-19 9.898731e-12 9.898731e-12 _17259_
 7.143742e-20 3.546884e-19 9.898731e-12 9.898731e-12 _17298_
 1.982240e-20 1.799740e-19 9.898731e-12 9.898731e-12 _17302_
 1.964890e-20 1.369180e-19 9.898731e-12 9.898731e-12 _17303_
 1.964128e-20 1.201999e-19 9.898731e-12 9.898731e-12 _17304_
 6.944841e-20 3.498388e-19 9.898731e-12 9.898731e-12 _17310_
 6.852277e-20 1.996211e-19 9.898731e-12 9.898731e-12 _17327_
 4.443007e-20 1.493253e-19 9.898731e-12 9.898731e-12 _17355_
 1.956982e-20 1.127237e-19 9.898731e-12 9.898731e-12 _17357_
 1.928311e-20 1.304476e-19 9.898731e-12 9.898731e-12 _17358_
 1.909250e-20 1.062538e-19 9.898731e-12 9.898731e-12 _17360_
 7.185937e-20 3.480280e-19 9.898731e-12 9.898731e-12 _17362_
 1.887949e-20 8.538254e-20 9.898731e-12 9.898731e-12 _17366_
 1.939302e-20 1.411545e-19 9.898731e-12 9.898731e-12 _17368_
 4.551168e-20 2.933605e-19 9.898731e-12 9.898731e-12 _17424_
 4.566867e-20 2.053489e-19 9.898731e-12 9.898731e-12 _17433_
 6.934078e-20 2.067873e-19 9.898731e-12 9.898731e-12 _24425_
 4.307837e-20 8.422769e-20 9.898730e-12 9.898730e-12 _16949_
 1.964495e-20 8.893560e-20 9.898730e-12 9.898730e-12 _17195_
 4.423810e-20 2.316743e-19 9.898730e-12 9.898730e-12 _17316_
 1.862661e-20 5.779480e-20 9.898729e-12 9.898729e-12 _16762_
 1.906579e-20 9.346256e-20 9.898729e-12 9.898729e-12 _16772_
 6.131769e-20 8.979868e-20 9.810549e-12 9.810549e-12 _17691_
 6.112301e-20 6.961246e-20 9.810549e-12 9.810549e-12 _20162_
 3.668341e-20 4.121797e-20 9.810549e-12 9.810549e-12 _20191_
 6.122225e-20 7.114962e-20 9.810549e-12 9.810549e-12 _20342_
 3.685180e-20 5.062791e-20 9.810549e-12 9.810549e-12 _20620_
 1.222378e-20 1.318478e-20 9.810549e-12 9.810549e-12 _21340_
 3.645874e-20 3.077518e-20 9.810549e-12 9.810549e-12 _21486_
 6.093421e-20 5.997649e-20 9.810549e-12 9.810549e-12 _21541_
 3.647790e-20 3.483989e-20 9.810549e-12 9.810549e-12 _21588_
 6.096435e-20 5.873259e-20 9.810549e-12 9.810549e-12 _21771_
 6.138102e-20 7.573911e-20 9.810549e-12 9.810549e-12 _22588_
 1.906334e-20 7.759388e-20 9.810549e-12 9.810549e-12 _25996_
 6.108639e-20 5.505794e-20 9.810548e-12 9.810548e-12 _17616_
 6.180546e-20 1.366422e-19 9.810548e-12 9.810548e-12 _17811_
 3.674394e-20 4.856356e-20 9.810548e-12 9.810548e-12 _18365_
 6.098928e-20 5.525689e-20 9.810548e-12 9.810548e-12 _19105_
 3.663733e-20 3.996107e-20 9.810548e-12 9.810548e-12 _19343_
 3.658648e-20 4.033996e-20 9.810548e-12 9.810548e-12 _19359_
 3.660255e-20 3.933251e-20 9.810548e-12 9.810548e-12 _19490_
 3.689775e-20 5.620646e-20 9.810548e-12 9.810548e-12 _19718_
 6.094745e-20 5.623322e-20 9.810548e-12 9.810548e-12 _19728_
 6.132444e-20 7.168769e-20 9.810548e-12 9.810548e-12 _19748_
 6.097234e-20 5.754846e-20 9.810548e-12 9.810548e-12 _19897_
 3.656569e-20 4.037638e-20 9.810548e-12 9.810548e-12 _19946_
 8.523632e-20 7.648378e-20 9.810548e-12 9.810548e-12 _20212_
 6.156906e-20 1.206306e-19 9.810548e-12 9.810548e-12 _20318_
 6.081917e-20 5.693365e-20 9.810548e-12 9.810548e-12 _20466_
 6.096727e-20 5.717431e-20 9.810548e-12 9.810548e-12 _20527_
 4.343781e-20 1.464318e-19 9.810548e-12 9.810548e-12 _20595_
 6.969051e-20 4.993322e-19 9.810547e-12 9.810548e-12 _20694_
 3.652118e-20 3.260783e-20 9.810548e-12 9.810548e-12 _20702_
 3.673784e-20 5.860668e-20 9.810548e-12 9.810548e-12 _20709_
 3.690198e-20 8.226119e-20 9.810548e-12 9.810548e-12 _20942_
 3.649845e-20 3.624225e-20 9.810548e-12 9.810548e-12 _21139_
 3.667435e-20 4.260411e-20 9.810548e-12 9.810548e-12 _21424_
 6.137559e-20 8.636495e-20 9.810548e-12 9.810548e-12 _21627_
 3.657568e-20 4.136857e-20 9.810548e-12 9.810548e-12 _21707_
 3.669170e-20 4.455187e-20 9.810548e-12 9.810548e-12 _21847_
 6.083091e-20 5.622266e-20 9.810548e-12 9.810548e-12 _21897_
 1.221302e-20 1.082744e-20 9.810548e-12 9.810548e-12 _22218_
 3.641798e-20 3.571783e-20 9.810548e-12 9.810548e-12 _22284_
 6.103987e-20 7.380681e-20 9.810548e-12 9.810548e-12 _22538_
 3.684485e-20 6.714037e-20 9.810548e-12 9.810548e-12 _22700_
 1.216718e-20 1.082751e-20 9.810548e-12 9.810548e-12 _22709_
 6.093935e-20 5.451790e-20 9.810548e-12 9.810548e-12 _22747_
 6.107226e-20 7.102073e-20 9.810548e-12 9.810548e-12 _22857_
 3.727679e-20 9.931995e-20 9.810548e-12 9.810548e-12 _22903_
 6.095863e-20 6.634105e-20 9.810548e-12 9.810548e-12 _22922_
 1.907563e-20 5.856448e-20 9.810548e-12 9.810548e-12 _23726_
 6.994507e-20 2.493888e-19 9.810548e-12 9.810548e-12 _27940_
 4.339271e-20 1.380366e-19 9.810548e-12 9.810548e-12 _29652_
 9.586965e-20 3.926567e-19 9.810547e-12 9.810548e-12 _30508_
 9.281352e-20 1.776243e-19 9.810548e-12 9.810548e-12 _30924_
 6.097546e-20 5.896814e-20 9.810547e-12 9.810547e-12 _20326_
 6.095192e-20 5.669332e-20 9.810547e-12 9.810547e-12 _20485_
 3.659805e-20 4.032529e-20 9.810547e-12 9.810547e-12 _20590_
 3.687779e-20 5.763424e-20 9.810547e-12 9.810547e-12 _20601_
 6.090752e-20 5.850219e-20 9.810547e-12 9.810547e-12 _20629_
 6.121934e-20 9.381979e-20 9.810547e-12 9.810547e-12 _21003_
 6.804439e-20 2.123503e-19 9.810547e-12 9.810547e-12 _22009_
 6.120547e-20 7.795291e-20 9.810547e-12 9.810547e-12 _22026_
 8.568912e-20 1.234369e-19 9.810547e-12 9.810547e-12 _22114_
 6.087976e-20 6.233095e-20 9.810547e-12 9.810547e-12 _22253_
 6.114073e-20 6.375198e-20 9.810547e-12 9.810547e-12 _22435_
 3.657386e-20 4.249880e-20 9.810547e-12 9.810547e-12 _22621_
 8.506712e-20 8.207583e-20 9.810547e-12 9.810547e-12 _22727_
 3.694873e-20 7.931495e-20 9.810547e-12 9.810547e-12 _22797_
 4.537589e-20 1.866499e-19 9.810547e-12 9.810547e-12 _24383_
 1.840351e-20 3.681910e-20 9.810547e-12 9.810547e-12 _24530_
 4.361516e-20 1.591458e-19 9.810547e-12 9.810547e-12 _25360_
 4.452858e-20 1.906378e-19 9.810547e-12 9.810547e-12 _26965_
 4.388701e-20 9.625437e-20 9.810547e-12 9.810547e-12 _28698_
 9.336886e-20 1.719371e-19 9.810547e-12 9.810547e-12 _29863_
 4.461577e-20 1.651461e-19 9.810547e-12 9.810547e-12 _29976_
 6.855877e-20 1.364828e-19 9.810547e-12 9.810547e-12 _30848_
 4.329625e-20 6.712312e-20 9.810547e-12 9.810547e-12 _31222_
 6.924648e-20 1.569737e-19 9.810547e-12 9.810547e-12 _31428_
 6.834768e-20 1.107812e-19 9.810547e-12 9.810547e-12 _31849_
 4.331343e-20 8.990137e-20 9.810547e-12 9.810547e-12 _31883_
 4.446104e-20 1.544194e-19 9.810547e-12 9.810547e-12 _31953_
 6.986366e-20 2.209769e-19 9.810547e-12 9.810547e-12 _32053_
 4.374482e-20 9.395735e-20 9.810547e-12 9.810547e-12 _32371_
 4.319665e-20 6.871676e-20 9.810547e-12 9.810547e-12 _32404_
 4.346573e-20 7.409483e-20 9.810547e-12 9.810547e-12 _32789_
 4.417513e-20 1.424797e-19 9.810547e-12 9.810547e-12 _33315_
 6.092629e-20 6.824117e-20 9.810546e-12 9.810546e-12 _19981_
 3.693871e-20 6.348350e-20 9.810546e-12 9.810546e-12 _20771_
 6.123484e-20 7.805150e-20 9.810546e-12 9.810546e-12 _20901_
 6.083308e-20 5.612143e-20 9.810546e-12 9.810546e-12 _21169_
 6.120212e-20 9.098234e-20 9.810546e-12 9.810546e-12 _22246_
 4.322288e-20 7.847840e-20 9.810546e-12 9.810546e-12 _26854_
 6.978177e-20 2.164046e-19 9.810546e-12 9.810546e-12 _30813_
 1.854099e-20 3.412368e-20 9.810546e-12 9.810546e-12 _31019_
 1.220780e-20 1.211690e-20 9.810546e-12 9.810546e-12 _19614_
 3.689363e-20 5.829874e-20 9.810546e-12 9.810546e-12 _21683_
 3.664409e-20 4.477181e-20 9.810546e-12 9.810546e-12 _22841_
 1.217792e-20 1.129225e-20 9.810546e-12 9.810546e-12 _23351_
 3.167457e-20 1.117584e-19 9.810544e-12 9.810544e-12 _16858_
 5.752409e-20 3.796224e-19 9.810543e-12 9.810544e-12 _16917_
 5.884401e-20 4.006413e-19 9.810543e-12 9.810544e-12 _16958_
 5.760844e-20 3.923599e-19 9.810543e-12 9.810544e-12 _16968_
 8.392434e-20 4.767846e-19 9.810543e-12 9.810544e-12 _16975_
 8.350037e-20 3.562824e-19 9.810543e-12 9.810544e-12 _17013_
 5.986333e-20 4.119999e-19 9.810543e-12 9.810544e-12 _17066_
 8.370656e-20 3.577959e-19 9.810543e-12 9.810544e-12 _17095_
 8.362804e-20 5.172500e-19 9.810543e-12 9.810544e-12 _17115_
 6.077416e-20 5.648090e-19 9.810543e-12 9.810544e-12 _17140_
 8.418678e-20 3.699513e-19 9.810543e-12 9.810544e-12 _17243_
 8.394155e-20 3.942980e-19 9.810543e-12 9.810544e-12 _17343_
 3.309221e-20 2.053425e-19 9.810544e-12 9.810544e-12 _17364_
 5.890759e-20 4.353945e-19 9.810543e-12 9.810544e-12 _17380_
 5.671772e-20 4.231347e-19 9.810543e-12 9.810544e-12 _18355_
 5.715698e-20 3.818980e-19 9.810543e-12 9.810544e-12 _20039_
 2.193715e-19 1.704935e-18 9.810541e-12 9.810543e-12 _16822_
 5.778053e-20 4.446775e-19 9.810542e-12 9.810543e-12 _16828_
 3.186569e-20 1.698130e-19 9.810543e-12 9.810543e-12 _16829_
 5.885110e-20 3.759594e-19 9.810542e-12 9.810543e-12 _16851_
 3.225919e-20 2.408135e-19 9.810543e-12 9.810543e-12 _16863_
 3.171266e-20 1.224261e-19 9.810543e-12 9.810543e-12 _16864_
 5.503940e-20 8.676168e-20 9.810543e-12 9.810543e-12 _16867_
 5.820451e-20 2.327034e-19 9.810543e-12 9.810543e-12 _16877_
 5.708459e-20 3.045614e-19 9.810543e-12 9.810543e-12 _16882_
 8.072695e-20 1.700106e-19 9.810543e-12 9.810543e-12 _16901_
 5.764459e-20 2.219629e-19 9.810543e-12 9.810543e-12 _16902_
 8.359685e-20 6.025523e-19 9.810542e-12 9.810543e-12 _16909_
 1.084020e-19 4.110116e-19 9.810542e-12 9.810543e-12 _16911_
 5.868491e-20 3.375047e-19 9.810543e-12 9.810543e-12 _16912_
 5.516864e-20 8.799855e-20 9.810543e-12 9.810543e-12 _16921_
 8.333454e-20 5.304528e-19 9.810542e-12 9.810543e-12 _16923_
 1.103422e-19 6.039217e-19 9.810542e-12 9.810543e-12 _16930_
 8.569947e-20 5.205824e-19 9.810542e-12 9.810543e-12 _16932_
 5.762085e-20 3.637650e-19 9.810543e-12 9.810543e-12 _16987_
 3.226524e-20 1.416456e-19 9.810543e-12 9.810543e-12 _16995_
 8.377263e-20 3.601342e-19 9.810542e-12 9.810543e-12 _17022_
 8.508523e-20 6.036652e-19 9.810542e-12 9.810543e-12 _17036_
 3.223951e-20 2.122408e-19 9.810543e-12 9.810543e-12 _17043_
 5.937961e-20 2.963739e-19 9.810543e-12 9.810543e-12 _17047_
 3.179384e-20 1.267211e-19 9.810543e-12 9.810543e-12 _17067_
 8.489155e-20 5.418792e-19 9.810542e-12 9.810543e-12 _17077_
 5.737400e-20 2.063366e-19 9.810543e-12 9.810543e-12 _17123_
 8.331152e-20 3.644038e-19 9.810542e-12 9.810543e-12 _17132_
 5.760520e-20 2.650603e-19 9.810543e-12 9.810543e-12 _17141_
 5.760545e-20 3.725401e-19 9.810543e-12 9.810543e-12 _17157_
 8.641728e-20 6.089732e-19 9.810542e-12 9.810543e-12 _17177_
 8.428059e-20 3.924177e-19 9.810542e-12 9.810543e-12 _17185_
 5.802300e-20 3.764062e-19 9.810542e-12 9.810543e-12 _17221_
 1.106617e-19 4.837505e-19 9.810542e-12 9.810543e-12 _17271_
 3.158029e-20 1.073718e-19 9.810543e-12 9.810543e-12 _17276_
 5.824780e-20 2.654582e-19 9.810543e-12 9.810543e-12 _17278_
 5.864179e-20 2.926528e-19 9.810543e-12 9.810543e-12 _17290_
 3.182934e-20 1.167725e-19 9.810543e-12 9.810543e-12 _17330_
 8.541433e-20 4.373608e-19 9.810542e-12 9.810543e-12 _17381_
 5.735743e-20 2.278691e-19 9.810543e-12 9.810543e-12 _17391_
 8.347816e-20 5.397073e-19 9.810542e-12 9.810543e-12 _17398_
 8.350567e-20 3.421538e-19 9.810543e-12 9.810543e-12 _17400_
 5.887592e-20 2.917413e-19 9.810543e-12 9.810543e-12 _17417_
 8.413524e-20 4.477122e-19 9.810542e-12 9.810543e-12 _17419_
 3.211995e-20 1.520777e-19 9.810543e-12 9.810543e-12 _17421_
 3.163868e-20 1.212538e-19 9.810543e-12 9.810543e-12 _17422_
 3.279679e-20 2.483411e-19 9.810543e-12 9.810543e-12 _17423_
 5.766051e-20 3.311517e-19 9.810543e-12 9.810543e-12 _17432_
 8.149101e-20 3.934491e-19 9.810542e-12 9.810543e-12 _18333_
 5.612854e-20 1.343078e-19 9.810543e-12 9.810543e-12 _18599_
 3.149892e-20 1.151849e-19 9.810543e-12 9.810543e-12 _19136_
 5.649084e-20 3.457275e-19 9.810543e-12 9.810543e-12 _19331_
 5.622383e-20 2.769525e-19 9.810543e-12 9.810543e-12 _19920_
 5.651856e-20 3.255981e-19 9.810543e-12 9.810543e-12 _20016_
 8.144298e-20 4.456153e-19 9.810542e-12 9.810543e-12 _20313_
 5.799817e-20 3.940643e-19 9.810541e-12 9.810542e-12 _16874_
 8.315194e-20 3.237283e-19 9.810542e-12 9.810542e-12 _16885_
 5.894339e-20 3.967568e-19 9.810541e-12 9.810542e-12 _16892_
 8.419179e-20 4.388055e-19 9.810541e-12 9.810542e-12 _16894_
 6.032277e-20 5.161047e-19 9.810541e-12 9.810542e-12 _16910_
 8.348950e-20 3.186241e-19 9.810542e-12 9.810542e-12 _16931_
 7.953280e-20 1.219220e-19 9.810542e-12 9.810542e-12 _16940_
 5.787828e-20 3.251329e-19 9.810542e-12 9.810542e-12 _16955_
 5.848889e-20 2.915330e-19 9.810542e-12 9.810542e-12 _16994_
 5.982319e-20 4.311136e-19 9.810541e-12 9.810542e-12 _17004_
 8.507125e-20 4.032767e-19 9.810541e-12 9.810542e-12 _17011_
 5.859569e-20 2.621027e-19 9.810542e-12 9.810542e-12 _17039_
 8.506101e-20 4.206336e-19 9.810541e-12 9.810542e-12 _17057_
 8.257640e-20 3.420897e-19 9.810542e-12 9.810542e-12 _17078_
 3.161864e-20 1.093779e-19 9.810542e-12 9.810542e-12 _17092_
 5.827887e-20 4.011731e-19 9.810541e-12 9.810542e-12 _17096_
 3.201423e-20 1.110962e-19 9.810542e-12 9.810542e-12 _17102_
 8.414128e-20 3.443462e-19 9.810542e-12 9.810542e-12 _17133_
 5.510973e-20 7.479608e-20 9.810542e-12 9.810542e-12 _17150_
 8.290548e-20 3.745059e-19 9.810541e-12 9.810542e-12 _17161_
 7.957675e-20 1.174515e-19 9.810542e-12 9.810542e-12 _17168_
 5.853970e-20 4.127705e-19 9.810541e-12 9.810542e-12 _17184_
 5.800757e-20 3.973873e-19 9.810541e-12 9.810542e-12 _17193_
 5.838194e-20 2.390640e-19 9.810542e-12 9.810542e-12 _17224_
 8.603414e-20 5.193648e-19 9.810541e-12 9.810542e-12 _17250_
 5.672560e-20 2.470100e-19 9.810542e-12 9.810542e-12 _17265_
 5.772799e-20 3.862226e-19 9.810541e-12 9.810542e-12 _17305_
 5.866786e-20 4.448819e-19 9.810541e-12 9.810542e-12 _17346_
 7.949714e-20 1.089716e-19 9.810542e-12 9.810542e-12 _17372_
 5.774126e-20 3.978315e-19 9.810541e-12 9.810542e-12 _17374_
 8.171974e-20 2.525453e-19 9.810542e-12 9.810542e-12 _17392_
 5.964559e-20 3.774173e-19 9.810541e-12 9.810542e-12 _17399_
 5.880137e-20 3.887601e-19 9.810541e-12 9.810542e-12 _17410_
 8.619104e-20 4.974617e-19 9.810541e-12 9.810542e-12 _17425_
 3.158833e-20 2.053059e-19 9.810542e-12 9.810542e-12 _22377_
 5.626336e-20 1.884629e-19 9.810541e-12 9.810541e-12 _16826_
 3.227293e-20 2.284002e-19 9.810541e-12 9.810541e-12 _16873_
 5.865095e-20 2.961067e-19 9.810541e-12 9.810541e-12 _16884_
 5.791524e-20 2.648530e-19 9.810541e-12 9.810541e-12 _16920_
 5.784916e-20 2.182630e-19 9.810541e-12 9.810541e-12 _16922_
 5.791523e-20 3.741455e-19 9.810541e-12 9.810541e-12 _16936_
 5.813688e-20 3.201776e-19 9.810541e-12 9.810541e-12 _16950_
 5.665836e-20 2.656224e-19 9.810541e-12 9.810541e-12 _16957_
 5.693902e-20 2.026715e-19 9.810541e-12 9.810541e-12 _16966_
 5.954874e-20 3.511600e-19 9.810541e-12 9.810541e-12 _16984_
 5.673840e-20 2.785638e-19 9.810541e-12 9.810541e-12 _17001_
 3.200066e-20 2.090421e-19 9.810541e-12 9.810541e-12 _17016_
 5.819305e-20 3.521439e-19 9.810541e-12 9.810541e-12 _17027_
 5.661602e-20 2.504179e-19 9.810541e-12 9.810541e-12 _17035_
 5.850100e-20 3.554482e-19 9.810541e-12 9.810541e-12 _17074_
 3.253492e-20 1.408766e-19 9.810541e-12 9.810541e-12 _17076_
 5.522903e-20 8.724483e-20 9.810541e-12 9.810541e-12 _17085_
 5.685882e-20 2.782346e-19 9.810541e-12 9.810541e-12 _17108_
 5.776854e-20 2.269404e-19 9.810541e-12 9.810541e-12 _17122_
 3.237072e-20 1.338980e-19 9.810541e-12 9.810541e-12 _17142_
 5.899599e-20 3.481676e-19 9.810541e-12 9.810541e-12 _17151_
 3.158354e-20 1.603652e-19 9.810541e-12 9.810541e-12 _17165_
 5.708406e-20 3.152486e-19 9.810541e-12 9.810541e-12 _17173_
 3.176422e-20 1.813717e-19 9.810541e-12 9.810541e-12 _17178_
 3.205345e-20 1.371145e-19 9.810541e-12 9.810541e-12 _17182_
 8.212999e-20 3.514974e-19 9.810541e-12 9.810541e-12 _17187_
 5.771038e-20 2.589731e-19 9.810541e-12 9.810541e-12 _17196_
 5.697663e-20 1.893823e-19 9.810541e-12 9.810541e-12 _17206_
 3.170951e-20 1.143502e-19 9.810541e-12 9.810541e-12 _17223_
 3.099443e-20 9.519498e-20 9.810541e-12 9.810541e-12 _17239_
 5.853276e-20 3.155439e-19 9.810541e-12 9.810541e-12 _17241_
 5.718853e-20 2.231355e-19 9.810541e-12 9.810541e-12 _17251_
 3.269777e-20 2.371948e-19 9.810541e-12 9.810541e-12 _17255_
 5.502152e-20 8.055137e-20 9.810541e-12 9.810541e-12 _17270_
 5.762972e-20 2.139321e-19 9.810541e-12 9.810541e-12 _17279_
 3.179581e-20 1.852387e-19 9.810541e-12 9.810541e-12 _17284_
 5.854187e-20 3.146325e-19 9.810541e-12 9.810541e-12 _17300_
 5.903266e-20 3.068991e-19 9.810541e-12 9.810541e-12 _17307_
 5.708759e-20 2.378552e-19 9.810541e-12 9.810541e-12 _17309_
 5.692051e-20 2.007478e-19 9.810541e-12 9.810541e-12 _17318_
 5.656569e-20 2.647047e-19 9.810541e-12 9.810541e-12 _17321_
 8.344716e-20 3.327680e-19 9.810541e-12 9.810541e-12 _17326_
 5.812202e-20 2.328854e-19 9.810541e-12 9.810541e-12 _17336_
 5.702199e-20 2.954256e-19 9.810541e-12 9.810541e-12 _17388_
 5.912386e-20 2.915601e-19 9.810541e-12 9.810541e-12 _17390_
 3.190805e-20 2.058381e-19 9.810541e-12 9.810541e-12 _17406_
 5.691516e-20 2.504262e-19 9.810541e-12 9.810541e-12 _17407_
 5.688539e-20 2.890342e-19 9.810541e-12 9.810541e-12 _17415_
 5.578153e-20 1.243713e-19 9.810541e-12 9.810541e-12 _18655_
 3.136510e-20 7.423743e-20 9.810541e-12 9.810541e-12 _19593_
 8.216036e-20 2.472697e-19 9.810541e-12 9.810541e-12 _21133_
 3.088827e-20 8.858533e-20 9.810541e-12 9.810541e-12 _21326_
 5.688244e-20 3.364290e-19 9.810541e-12 9.810541e-12 _21574_
 3.174529e-20 1.067044e-19 9.810541e-12 9.810541e-12 _22561_
 3.325880e-20 2.204206e-19 9.810541e-12 9.810541e-12 _24764_
 1.078483e-19 3.003662e-19 9.810541e-12 9.810541e-12 _31012_
 6.399477e-21 4.089458e-20 9.810540e-12 9.810540e-12 _16756_
 6.310168e-21 3.761360e-20 9.810540e-12 9.810540e-12 _16763_
 6.356381e-21 2.865936e-20 9.810540e-12 9.810540e-12 _16770_
 6.350200e-21 3.096375e-20 9.810540e-12 9.810540e-12 _16773_
 6.244012e-21 2.086401e-20 9.810540e-12 9.810540e-12 _16776_
 6.514177e-21 3.539422e-20 9.810540e-12 9.810540e-12 _16777_
 6.546778e-21 4.726450e-20 9.810540e-12 9.810540e-12 _16778_
 6.540940e-21 2.451692e-20 9.810540e-12 9.810540e-12 _16779_
 6.499783e-21 4.345381e-20 9.810540e-12 9.810540e-12 _16780_
 6.520120e-21 3.550447e-20 9.810540e-12 9.810540e-12 _16781_
 6.566867e-21 3.049133e-20 9.810540e-12 9.810540e-12 _16782_
 6.529725e-21 3.782324e-20 9.810540e-12 9.810540e-12 _16783_
 6.188976e-21 1.104381e-20 9.810540e-12 9.810540e-12 _16784_
 6.358490e-21 2.217419e-20 9.810540e-12 9.810540e-12 _16785_
 6.286828e-21 1.409601e-20 9.810540e-12 9.810540e-12 _16786_
 6.287561e-21 1.347230e-20 9.810540e-12 9.810540e-12 _16787_
 6.138949e-21 1.012355e-20 9.810540e-12 9.810540e-12 _16788_
 6.471945e-21 3.151693e-20 9.810540e-12 9.810540e-12 _16789_
 6.469936e-21 3.828608e-20 9.810540e-12 9.810540e-12 _16790_
 6.195405e-21 9.645773e-21 9.810540e-12 9.810540e-12 _16792_
 6.402885e-21 4.492494e-20 9.810540e-12 9.810540e-12 _16793_
 6.225315e-21 1.020399e-20 9.810540e-12 9.810540e-12 _16794_
 6.347531e-21 3.376304e-20 9.810540e-12 9.810540e-12 _16795_
 6.208419e-21 1.010794e-20 9.810540e-12 9.810540e-12 _16796_
 6.311847e-21 2.167021e-20 9.810540e-12 9.810540e-12 _16797_
 6.146308e-21 1.297121e-20 9.810540e-12 9.810540e-12 _16798_
 6.557474e-21 3.899688e-20 9.810540e-12 9.810540e-12 _16799_
 6.611643e-21 3.182633e-20 9.810540e-12 9.810540e-12 _16800_
 6.401332e-21 2.475405e-20 9.810540e-12 9.810540e-12 _16801_
 6.175091e-21 8.517557e-21 9.810540e-12 9.810540e-12 _16802_
 6.481567e-21 2.711048e-20 9.810540e-12 9.810540e-12 _16803_
 6.455343e-21 4.187777e-20 9.810540e-12 9.810540e-12 _16804_
 6.220949e-21 1.117420e-20 9.810540e-12 9.810540e-12 _16805_
 6.310357e-21 2.834223e-20 9.810540e-12 9.810540e-12 _16806_
 6.164948e-21 1.423086e-20 9.810540e-12 9.810540e-12 _16807_
 6.240757e-21 1.926175e-20 9.810540e-12 9.810540e-12 _16809_
 6.435670e-21 4.339984e-20 9.810540e-12 9.810540e-12 _16810_
 6.522951e-21 2.224700e-20 9.810540e-12 9.810540e-12 _16812_
 6.576431e-21 3.478793e-20 9.810540e-12 9.810540e-12 _16813_
 6.493381e-21 1.878442e-20 9.810540e-12 9.810540e-12 _16814_
 6.449812e-21 2.347041e-20 9.810540e-12 9.810540e-12 _16815_
 6.531369e-21 3.263240e-20 9.810540e-12 9.810540e-12 _16816_
 6.537807e-21 2.429624e-20 9.810540e-12 9.810540e-12 _16817_
 6.417583e-21 3.960725e-20 9.810540e-12 9.810540e-12 _16818_
 6.200019e-21 1.935869e-20 9.810540e-12 9.810540e-12 _16819_
 6.369840e-21 3.424272e-20 9.810540e-12 9.810540e-12 _16820_
 3.155504e-20 1.319595e-19 9.810540e-12 9.810540e-12 _16853_
 6.416722e-21 4.103356e-20 9.810540e-12 9.810540e-12 _16926_
 3.221519e-20 2.270182e-19 9.810540e-12 9.810540e-12 _16944_
 3.194259e-20 2.188751e-19 9.810540e-12 9.810540e-12 _16945_
 3.292536e-20 2.290681e-19 9.810540e-12 9.810540e-12 _16946_
 3.149376e-20 1.498532e-19 9.810540e-12 9.810540e-12 _16952_
 3.136696e-20 1.026140e-19 9.810540e-12 9.810540e-12 _16953_
 6.410428e-21 2.567272e-20 9.810540e-12 9.810540e-12 _17006_
 6.479723e-21 3.841195e-20 9.810540e-12 9.810540e-12 _17007_
 6.401562e-21 3.738979e-20 9.810540e-12 9.810540e-12 _17008_
 3.185227e-20 1.983348e-19 9.810540e-12 9.810540e-12 _17025_
 3.244421e-20 1.945367e-19 9.810540e-12 9.810540e-12 _17026_
 6.383733e-21 2.673146e-20 9.810540e-12 9.810540e-12 _17032_
 6.451448e-21 2.870379e-20 9.810540e-12 9.810540e-12 _17033_
 6.427927e-21 2.955987e-20 9.810540e-12 9.810540e-12 _17051_
 6.525590e-21 4.509169e-20 9.810540e-12 9.810540e-12 _17052_
 6.433037e-21 4.667368e-20 9.810540e-12 9.810540e-12 _17053_
 6.450010e-21 4.405766e-20 9.810540e-12 9.810540e-12 _17054_
 6.531674e-21 4.242374e-20 9.810540e-12 9.810540e-12 _17106_
 6.518849e-21 4.108304e-20 9.810540e-12 9.810540e-12 _17107_
 6.333430e-21 3.304912e-20 9.810540e-12 9.810540e-12 _17109_
 6.325484e-21 3.342805e-20 9.810540e-12 9.810540e-12 _17171_
 6.418230e-21 3.701449e-20 9.810540e-12 9.810540e-12 _17172_
 6.298544e-21 2.639593e-20 9.810540e-12 9.810540e-12 _17180_
 6.143320e-21 1.034231e-20 9.810540e-12 9.810540e-12 _17181_
 3.174414e-20 1.343726e-19 9.810540e-12 9.810540e-12 _17236_
 3.205385e-20 2.357602e-19 9.810540e-12 9.810540e-12 _17237_
 3.227797e-20 1.548702e-19 9.810540e-12 9.810540e-12 _17238_
 6.418061e-21 3.707362e-20 9.810540e-12 9.810540e-12 _17244_
 6.524540e-21 4.143846e-20 9.810540e-12 9.810540e-12 _17246_
 6.530666e-21 4.476519e-20 9.810540e-12 9.810540e-12 _17248_
 3.172728e-20 1.206836e-19 9.810540e-12 9.810540e-12 _17261_
 6.383209e-21 2.684371e-20 9.810540e-12 9.810540e-12 _17282_
 6.413002e-21 2.570088e-20 9.810540e-12 9.810540e-12 _17283_
 6.302166e-21 2.862919e-20 9.810540e-12 9.810540e-12 _17285_
 3.173480e-20 1.813114e-19 9.810540e-12 9.810540e-12 _17295_
 6.683782e-21 4.294807e-20 9.810540e-12 9.810540e-12 _17299_
 6.293205e-21 2.601642e-20 9.810540e-12 9.810540e-12 _17311_
 6.445906e-21 5.414140e-20 9.810540e-12 9.810540e-12 _17312_
 6.346679e-21 2.904429e-20 9.810540e-12 9.810540e-12 _17315_
 6.337832e-21 2.349194e-20 9.810540e-12 9.810540e-12 _17349_
 6.373423e-21 4.012812e-20 9.810540e-12 9.810540e-12 _17350_
 6.397030e-21 2.645274e-20 9.810540e-12 9.810540e-12 _17376_
 6.430017e-21 3.169708e-20 9.810540e-12 9.810540e-12 _17377_
 6.392845e-21 4.344241e-20 9.810540e-12 9.810540e-12 _17378_
 3.232114e-20 1.345630e-19 9.810540e-12 9.810540e-12 _17383_
 6.548318e-21 4.433525e-20 9.810540e-12 9.810540e-12 _17385_
 6.368427e-21 3.868581e-20 9.810540e-12 9.810540e-12 _17387_
 6.353435e-21 2.421586e-20 9.810540e-12 9.810540e-12 _17394_
 6.544945e-21 3.880433e-20 9.810540e-12 9.810540e-12 _17396_
 6.476601e-21 3.167490e-20 9.810540e-12 9.810540e-12 _17412_
 6.370891e-21 2.819862e-20 9.810540e-12 9.810540e-12 _17413_
 3.195065e-20 2.128636e-19 9.810540e-12 9.810540e-12 _17414_
 3.144262e-20 2.058963e-19 9.810540e-12 9.810540e-12 _20332_
 3.273668e-20 1.438668e-19 9.810540e-12 9.810540e-12 _23082_
 6.510326e-21 3.581238e-20 9.810540e-12 9.810540e-12 _23498_
 6.517400e-21 3.773715e-20 9.810540e-12 9.810540e-12 _23594_
 6.172542e-21 1.620377e-20 9.810540e-12 9.810540e-12 _23807_
 6.325627e-21 3.225672e-20 9.810540e-12 9.810540e-12 _23896_
 3.103626e-20 9.944305e-20 9.810540e-12 9.810540e-12 _24042_
 6.626921e-21 3.745870e-20 9.810540e-12 9.810540e-12 _24136_
 6.183826e-21 1.734200e-20 9.810540e-12 9.810540e-12 _24222_
 6.445611e-21 2.494805e-20 9.810540e-12 9.810540e-12 _24269_
 6.124862e-21 1.019306e-20 9.810540e-12 9.810540e-12 _24456_
 6.336336e-21 3.066722e-20 9.810540e-12 9.810540e-12 _24584_
 6.182679e-21 1.727768e-20 9.810540e-12 9.810540e-12 _24630_
 6.503202e-21 2.565218e-20 9.810540e-12 9.810540e-12 _24716_
 6.131578e-21 1.123654e-20 9.810540e-12 9.810540e-12 _24836_
 6.495316e-21 3.968313e-20 9.810540e-12 9.810540e-12 _24844_
 6.298349e-21 2.921773e-20 9.810540e-12 9.810540e-12 _24936_
 6.330195e-21 3.868770e-20 9.810540e-12 9.810540e-12 _25022_
 6.611248e-21 4.260146e-20 9.810540e-12 9.810540e-12 _25071_
 6.133645e-21 1.183342e-20 9.810540e-12 9.810540e-12 _25156_
 6.424052e-21 2.506970e-20 9.810540e-12 9.810540e-12 _25229_
 6.189184e-21 1.791852e-20 9.810540e-12 9.810540e-12 _25330_
 6.154909e-21 1.197451e-20 9.810540e-12 9.810540e-12 _25474_
 6.519776e-21 3.767396e-20 9.810540e-12 9.810540e-12 _25576_
 6.523235e-21 2.893165e-20 9.810540e-12 9.810540e-12 _25708_
 6.463145e-21 2.966997e-20 9.810540e-12 9.810540e-12 _25779_
 6.321318e-21 3.255361e-20 9.810540e-12 9.810540e-12 _25781_
 6.124983e-21 1.025133e-20 9.810540e-12 9.810540e-12 _25836_
 6.322877e-21 3.199098e-20 9.810540e-12 9.810540e-12 _26081_
 6.382317e-21 3.857239e-20 9.810540e-12 9.810540e-12 _26130_
 6.177778e-21 1.669694e-20 9.810540e-12 9.810540e-12 _26137_
 6.456207e-21 2.766577e-20 9.810540e-12 9.810540e-12 _26177_
 3.142517e-20 1.426344e-19 9.810540e-12 9.810540e-12 _26434_
 3.065406e-20 5.778993e-20 9.810540e-12 9.810540e-12 _26446_
 3.156881e-20 1.599550e-19 9.810540e-12 9.810540e-12 _26696_
 3.057000e-20 4.398563e-20 9.810540e-12 9.810540e-12 _26709_
 6.238758e-21 2.437790e-20 9.810540e-12 9.810540e-12 _27749_
 6.194583e-21 1.342664e-20 9.810540e-12 9.810540e-12 _28077_
