     Internal    Switching      Leakage        Total
        Power        Power        Power        Power (Watts)
----------------------------------------------------
 8.647417e-07 8.585922e-06 1.226512e-11 9.450675e-06 clkbuf_0_core_clk
 4.297248e-07 4.447646e-06 7.176568e-12 4.877378e-06 clkbuf_2_3_0_core_clk
 4.286996e-07 4.302201e-06 7.176568e-12 4.730908e-06 clkbuf_2_2_0_core_clk
 4.300972e-07 4.198591e-06 7.176568e-12 4.628695e-06 clkbuf_2_1_0_core_clk
 8.645388e-07 3.195234e-06 1.226512e-11 4.059785e-06 clkbuf_5_16__f_core_clk
 4.296070e-07 3.589904e-06 7.176568e-12 4.019519e-06 clkbuf_2_0_0_core_clk
 8.661516e-07 3.110286e-06 1.226512e-11 3.976450e-06 clkbuf_5_13__f_core_clk
 8.685629e-07 2.817848e-06 1.226512e-11 3.686423e-06 clkbuf_5_5__f_core_clk
 8.655826e-07 2.815386e-06 1.226512e-11 3.680981e-06 clkbuf_5_15__f_core_clk
 8.655123e-07 2.768881e-06 1.226512e-11 3.634406e-06 clkbuf_5_14__f_core_clk
 8.637599e-07 2.760542e-06 1.226512e-11 3.624314e-06 clkbuf_5_17__f_core_clk
 8.640625e-07 2.695179e-06 1.226512e-11 3.559254e-06 clkbuf_5_26__f_core_clk
 8.652800e-07 2.623696e-06 1.226512e-11 3.488988e-06 clkbuf_5_12__f_core_clk
 8.631858e-07 2.608280e-06 1.226512e-11 3.471478e-06 clkbuf_5_18__f_core_clk
 8.639324e-07 2.572092e-06 1.226512e-11 3.436037e-06 clkbuf_5_25__f_core_clk
 8.637521e-07 2.556295e-06 1.226512e-11 3.420060e-06 clkbuf_5_24__f_core_clk
 8.639655e-07 2.506045e-06 1.226512e-11 3.370023e-06 clkbuf_5_23__f_core_clk
 8.636453e-07 2.465910e-06 1.226512e-11 3.329568e-06 clkbuf_5_27__f_core_clk
 8.680772e-07 2.446935e-06 1.226512e-11 3.315025e-06 clkbuf_5_7__f_core_clk
 8.680194e-07 2.418990e-06 1.226512e-11 3.287022e-06 clkbuf_5_6__f_core_clk
 8.642211e-07 2.414797e-06 1.226512e-11 3.279031e-06 clkbuf_5_19__f_core_clk
 8.637177e-07 2.393641e-06 1.226512e-11 3.257371e-06 clkbuf_5_22__f_core_clk
 8.676432e-07 2.374160e-06 1.226512e-11 3.241815e-06 clkbuf_5_4__f_core_clk
 8.632942e-07 2.347979e-06 1.226512e-11 3.211286e-06 clkbuf_5_28__f_core_clk
 8.631927e-07 2.334175e-06 1.226512e-11 3.197380e-06 clkbuf_5_20__f_core_clk
 8.632545e-07 2.332888e-06 1.226512e-11 3.196154e-06 clkbuf_5_29__f_core_clk
 8.643050e-07 2.314004e-06 1.226512e-11 3.178321e-06 clkbuf_5_10__f_core_clk
 8.675989e-07 2.300922e-06 1.226512e-11 3.168534e-06 clkbuf_5_3__f_core_clk
 8.631847e-07 2.289064e-06 1.226512e-11 3.152261e-06 clkbuf_5_31__f_core_clk
 8.641642e-07 2.266751e-06 1.226512e-11 3.130927e-06 clkbuf_5_8__f_core_clk
 8.631102e-07 2.250289e-06 1.226512e-11 3.113412e-06 clkbuf_5_30__f_core_clk
 8.673498e-07 2.194713e-06 1.226512e-11 3.062075e-06 clkbuf_5_2__f_core_clk
 8.672694e-07 2.180572e-06 1.226512e-11 3.047853e-06 clkbuf_5_0__f_core_clk
 8.638044e-07 2.114219e-06 1.226512e-11 2.978036e-06 clkbuf_5_9__f_core_clk
 8.638203e-07 2.021010e-06 1.226512e-11 2.884842e-06 clkbuf_5_11__f_core_clk
 8.627608e-07 1.999845e-06 1.226512e-11 2.862618e-06 clkbuf_5_21__f_core_clk
 8.667400e-07 1.961028e-06 1.226512e-11 2.827780e-06 clkbuf_5_1__f_core_clk
 4.210607e-07 2.290873e-06 8.296883e-12 2.711942e-06 u_icg
 2.942910e-07 1.801009e-06 1.296562e-11 2.095313e-06 fanout590
 2.984307e-07 1.625499e-06 1.167933e-11 1.923941e-06 fanout595
 4.427958e-07 1.018120e-06 7.179708e-12 1.460923e-06 clkbuf_leaf_1_core_clk
 4.419305e-07 9.859460e-07 7.179708e-12 1.427884e-06 clkbuf_leaf_0_core_clk
 4.416165e-07 9.739377e-07 7.179708e-12 1.415561e-06 clkbuf_leaf_2_core_clk
 4.406304e-07 9.370762e-07 7.179708e-12 1.377714e-06 clkbuf_leaf_9_core_clk
 4.401168e-07 9.178208e-07 7.179708e-12 1.357945e-06 clkbuf_leaf_10_core_clk
 4.399153e-07 9.103022e-07 7.179708e-12 1.350225e-06 clkbuf_leaf_3_core_clk
 4.383421e-07 8.513513e-07 7.179708e-12 1.289701e-06 clkbuf_leaf_4_core_clk
 4.361269e-07 7.685998e-07 7.179708e-12 1.204734e-06 clkbuf_leaf_388_core_clk
 8.695566e-07 2.995190e-07 1.232310e-11 1.169088e-06 clkbuf_0_clk
 4.341033e-07 7.323436e-07 7.179708e-12 1.166454e-06 clkbuf_leaf_371_core_clk
 1.476826e-07 1.008592e-06 7.076734e-12 1.156282e-06 fanout2204
 4.343170e-07 7.005842e-07 7.179708e-12 1.134908e-06 clkbuf_leaf_5_core_clk
 1.481287e-07 9.855783e-07 7.076734e-12 1.133714e-06 fanout592
 4.342595e-07 6.985362e-07 7.179708e-12 1.132803e-06 clkbuf_leaf_387_core_clk
 4.340398e-07 6.979679e-07 7.176568e-12 1.132015e-06 clkbuf_leaf_107_core_clk
 4.329264e-07 6.958809e-07 7.176568e-12 1.128814e-06 clkbuf_leaf_207_core_clk
 4.338564e-07 6.912445e-07 7.176568e-12 1.125108e-06 clkbuf_leaf_105_core_clk
 4.298207e-07 6.699001e-07 7.176568e-12 1.099728e-06 clkbuf_leaf_26_core_clk
 4.286735e-07 6.671983e-07 7.176568e-12 1.095879e-06 clkbuf_leaf_67_core_clk
 4.315934e-07 6.450872e-07 7.176568e-12 1.076688e-06 clkbuf_leaf_203_core_clk
 4.298205e-07 6.431612e-07 7.176568e-12 1.072989e-06 clkbuf_leaf_224_core_clk
 4.305345e-07 6.422634e-07 7.176568e-12 1.072805e-06 clkbuf_leaf_209_core_clk
 4.317349e-07 6.404200e-07 7.179708e-12 1.072162e-06 clkbuf_leaf_373_core_clk
 1.479520e-07 9.191297e-07 7.076734e-12 1.067089e-06 fanout594
 4.315771e-07 6.340387e-07 7.179708e-12 1.065623e-06 clkbuf_leaf_365_core_clk
 4.312522e-07 6.311435e-07 7.176568e-12 1.062403e-06 clkbuf_leaf_208_core_clk
 4.290694e-07 6.315117e-07 7.176568e-12 1.060588e-06 clkbuf_leaf_25_core_clk
 4.302803e-07 6.298667e-07 7.176568e-12 1.060154e-06 clkbuf_leaf_205_core_clk
 4.314114e-07 6.270139e-07 7.179708e-12 1.058432e-06 clkbuf_leaf_363_core_clk
 4.312302e-07 6.212710e-07 7.179708e-12 1.052508e-06 clkbuf_leaf_359_core_clk
 4.305589e-07 6.218937e-07 7.179708e-12 1.052460e-06 clkbuf_leaf_17_core_clk
 4.309919e-07 6.213750e-07 7.176568e-12 1.052374e-06 clkbuf_leaf_180_core_clk
 4.277223e-07 6.236721e-07 7.176568e-12 1.051402e-06 clkbuf_leaf_71_core_clk
 4.297009e-07 6.086140e-07 7.176568e-12 1.038322e-06 clkbuf_leaf_210_core_clk
 4.308057e-07 6.046882e-07 7.179708e-12 1.035501e-06 clkbuf_leaf_368_core_clk
 4.315313e-07 6.036348e-07 7.176568e-12 1.035173e-06 clkbuf_leaf_100_core_clk
 4.280402e-07 6.052681e-07 7.176568e-12 1.033315e-06 clkbuf_leaf_29_core_clk
 1.484236e-07 8.834929e-07 7.299101e-12 1.031924e-06 fanout1729
 4.301384e-07 5.998552e-07 7.176568e-12 1.030001e-06 clkbuf_leaf_161_core_clk
 4.294575e-07 5.976024e-07 7.176568e-12 1.027067e-06 clkbuf_leaf_216_core_clk
 4.294077e-07 5.953167e-07 7.176568e-12 1.024732e-06 clkbuf_leaf_206_core_clk
 4.311546e-07 5.920426e-07 7.176568e-12 1.023204e-06 clkbuf_leaf_304_core_clk
 4.302190e-07 5.913513e-07 7.176568e-12 1.021578e-06 clkbuf_leaf_198_core_clk
 4.294221e-07 5.918273e-07 7.176568e-12 1.021257e-06 clkbuf_leaf_213_core_clk
 4.304196e-07 5.895745e-07 7.179708e-12 1.020001e-06 clkbuf_leaf_366_core_clk
 4.280851e-07 5.910272e-07 7.176568e-12 1.019120e-06 clkbuf_leaf_24_core_clk
 4.301193e-07 5.877478e-07 7.176568e-12 1.017874e-06 clkbuf_leaf_184_core_clk
 4.292061e-07 5.881934e-07 7.176568e-12 1.017407e-06 clkbuf_leaf_212_core_clk
 4.300804e-07 5.852409e-07 7.176568e-12 1.015329e-06 clkbuf_leaf_200_core_clk
 1.480778e-07 8.665317e-07 7.076734e-12 1.014617e-06 fanout593
 1.480381e-07 8.662773e-07 7.076734e-12 1.014322e-06 fanout1310
 4.293711e-07 5.843548e-07 7.179708e-12 1.013733e-06 clkbuf_leaf_11_core_clk
 4.298718e-07 5.832444e-07 7.179708e-12 1.013123e-06 clkbuf_leaf_356_core_clk
 4.302322e-07 5.828215e-07 7.179708e-12 1.013061e-06 clkbuf_leaf_360_core_clk
 4.302087e-07 5.822552e-07 7.179708e-12 1.012471e-06 clkbuf_leaf_370_core_clk
 4.309268e-07 5.808567e-07 7.176568e-12 1.011791e-06 clkbuf_leaf_101_core_clk
 4.278430e-07 5.839282e-07 7.176568e-12 1.011778e-06 clkbuf_leaf_32_core_clk
 4.296848e-07 5.815881e-07 7.176568e-12 1.011280e-06 clkbuf_leaf_167_core_clk
 4.276005e-07 5.751452e-07 7.176568e-12 1.002753e-06 clkbuf_leaf_263_core_clk
 4.297082e-07 5.711172e-07 7.176568e-12 1.000833e-06 clkbuf_leaf_192_core_clk
 1.481264e-07 8.501729e-07 7.330517e-12 9.983066e-07 fanout555
 4.296120e-07 5.677859e-07 7.176568e-12 9.974052e-07 clkbuf_leaf_201_core_clk
 8.448930e-07 1.522494e-07 1.232310e-11 9.971546e-07 clkbuf_1_1__f_clk
 4.288063e-07 5.672653e-07 7.176568e-12 9.960787e-07 clkbuf_leaf_215_core_clk
 4.278391e-07 5.664380e-07 7.176568e-12 9.942843e-07 clkbuf_leaf_225_core_clk
 4.295312e-07 5.646216e-07 7.176568e-12 9.941600e-07 clkbuf_leaf_199_core_clk
 4.297227e-07 5.625992e-07 7.179708e-12 9.923291e-07 clkbuf_leaf_364_core_clk
 4.293074e-07 5.613917e-07 7.179708e-12 9.907063e-07 clkbuf_leaf_357_core_clk
 8.980767e-08 9.004644e-07 1.111135e-11 9.902833e-07 fanout447
 4.293374e-07 5.569934e-07 7.176568e-12 9.863380e-07 clkbuf_leaf_181_core_clk
 4.301547e-07 5.544382e-07 7.176568e-12 9.846000e-07 clkbuf_leaf_291_core_clk
 4.294845e-07 5.539200e-07 7.179708e-12 9.834117e-07 clkbuf_leaf_361_core_clk
 4.289825e-07 5.540979e-07 7.176568e-12 9.830875e-07 clkbuf_leaf_173_core_clk
 4.271628e-07 5.557754e-07 7.176568e-12 9.829454e-07 clkbuf_leaf_261_core_clk
 4.261416e-07 5.557154e-07 7.176568e-12 9.818642e-07 clkbuf_leaf_69_core_clk
 4.288628e-07 5.500183e-07 7.176568e-12 9.788884e-07 clkbuf_leaf_163_core_clk
 4.293554e-07 5.492891e-07 7.179708e-12 9.786517e-07 clkbuf_leaf_369_core_clk
 4.282332e-07 5.490151e-07 7.176568e-12 9.772555e-07 clkbuf_leaf_117_core_clk
 4.299092e-07 5.447084e-07 7.176568e-12 9.746248e-07 clkbuf_leaf_303_core_clk
 4.288873e-07 5.451761e-07 7.179708e-12 9.740706e-07 clkbuf_leaf_358_core_clk
 4.298716e-07 5.437902e-07 7.176568e-12 9.736690e-07 clkbuf_leaf_290_core_clk
 4.294864e-07 5.433274e-07 7.176568e-12 9.728210e-07 clkbuf_leaf_309_core_clk
 4.270136e-07 5.444940e-07 7.176568e-12 9.715147e-07 clkbuf_leaf_268_core_clk
 1.482598e-07 8.224603e-07 7.077795e-12 9.707271e-07 fanout2175
 4.286586e-07 5.409372e-07 7.176568e-12 9.696030e-07 clkbuf_leaf_169_core_clk
 1.464832e-07 8.228498e-07 7.330516e-12 9.693402e-07 fanout570
 4.287864e-07 5.399021e-07 7.176568e-12 9.686956e-07 clkbuf_leaf_183_core_clk
 4.280490e-07 5.405772e-07 7.176568e-12 9.686333e-07 clkbuf_leaf_204_core_clk
 4.291132e-07 5.386414e-07 7.179708e-12 9.677618e-07 clkbuf_leaf_367_core_clk
 4.283420e-07 5.377423e-07 7.179708e-12 9.660914e-07 clkbuf_leaf_21_core_clk
 1.476035e-07 8.168233e-07 7.076734e-12 9.644339e-07 fanout1308
 4.285280e-07 5.357898e-07 7.176568e-12 9.643250e-07 clkbuf_leaf_170_core_clk
 4.287090e-07 5.327009e-07 7.176568e-12 9.614171e-07 clkbuf_leaf_320_core_clk
 4.278907e-07 5.331715e-07 7.176568e-12 9.610693e-07 clkbuf_leaf_218_core_clk
 1.464878e-07 8.131429e-07 7.330516e-12 9.596381e-07 fanout569
 4.283725e-07 5.306732e-07 7.176568e-12 9.590530e-07 clkbuf_leaf_162_core_clk
 4.278205e-07 5.292661e-07 7.176568e-12 9.570937e-07 clkbuf_leaf_217_core_clk
 4.270062e-07 5.288097e-07 7.176568e-12 9.558230e-07 clkbuf_leaf_223_core_clk
 4.269913e-07 5.283511e-07 7.176568e-12 9.553496e-07 clkbuf_leaf_233_core_clk
 4.265994e-07 5.276521e-07 7.176568e-12 9.542587e-07 clkbuf_leaf_267_core_clk
 4.294179e-07 5.239864e-07 7.176568e-12 9.534115e-07 clkbuf_leaf_106_core_clk
 4.294131e-07 5.238782e-07 7.176568e-12 9.532985e-07 clkbuf_leaf_102_core_clk
 4.263021e-07 5.254051e-07 7.176568e-12 9.517144e-07 clkbuf_leaf_28_core_clk
 4.284421e-07 5.219866e-07 7.176568e-12 9.504358e-07 clkbuf_leaf_193_core_clk
 4.278284e-07 5.225859e-07 7.179708e-12 9.504215e-07 clkbuf_leaf_13_core_clk
 4.264421e-07 5.210704e-07 7.176568e-12 9.475197e-07 clkbuf_leaf_277_core_clk
 4.281959e-07 5.177358e-07 7.176568e-12 9.459388e-07 clkbuf_leaf_187_core_clk
 4.265227e-07 5.189797e-07 7.176568e-12 9.455096e-07 clkbuf_leaf_276_core_clk
 4.280431e-07 5.170748e-07 7.176568e-12 9.451251e-07 clkbuf_leaf_171_core_clk
 4.279804e-07 5.166268e-07 7.176568e-12 9.446144e-07 clkbuf_leaf_93_core_clk
 4.282423e-07 5.149137e-07 7.176568e-12 9.431632e-07 clkbuf_leaf_179_core_clk
 4.281182e-07 5.139611e-07 7.176568e-12 9.420865e-07 clkbuf_leaf_191_core_clk
 4.280631e-07 5.130224e-07 7.176568e-12 9.410927e-07 clkbuf_leaf_313_core_clk
 4.279012e-07 5.123545e-07 7.176568e-12 9.402629e-07 clkbuf_leaf_165_core_clk
 4.276169e-07 5.117358e-07 7.179708e-12 9.393598e-07 clkbuf_leaf_18_core_clk
 4.280066e-07 5.107653e-07 7.176568e-12 9.387791e-07 clkbuf_leaf_185_core_clk
 4.262227e-07 5.120260e-07 7.176568e-12 9.382559e-07 clkbuf_leaf_270_core_clk
 4.261364e-07 5.106705e-07 7.176568e-12 9.368140e-07 clkbuf_leaf_91_core_clk
 1.478003e-07 7.883553e-07 7.077795e-12 9.361626e-07 fanout2177
 4.261887e-07 5.075423e-07 7.176568e-12 9.337382e-07 clkbuf_leaf_78_core_clk
 8.388362e-07 9.470459e-08 1.232310e-11 9.335531e-07 clkbuf_1_0__f_clk
 4.259550e-07 5.064149e-07 7.176568e-12 9.323771e-07 clkbuf_leaf_265_core_clk
 4.260396e-07 5.051925e-07 7.176568e-12 9.312392e-07 clkbuf_leaf_92_core_clk
 4.270852e-07 5.031652e-07 7.176568e-12 9.302576e-07 clkbuf_leaf_118_core_clk
 1.475028e-07 7.822783e-07 7.077795e-12 9.297882e-07 fanout2182
 4.273403e-07 5.018250e-07 7.176568e-12 9.291725e-07 clkbuf_leaf_113_core_clk
 4.256723e-07 5.033929e-07 7.176568e-12 9.290724e-07 clkbuf_leaf_34_core_clk
 4.276321e-07 5.012454e-07 7.176568e-12 9.288847e-07 clkbuf_leaf_166_core_clk
 4.277517e-07 5.007401e-07 7.179708e-12 9.284990e-07 clkbuf_leaf_355_core_clk
 4.286821e-07 4.961141e-07 7.176568e-12 9.248033e-07 clkbuf_leaf_103_core_clk
 4.258402e-07 4.983776e-07 7.176568e-12 9.242249e-07 clkbuf_leaf_23_core_clk
 4.274098e-07 4.967946e-07 7.176568e-12 9.242116e-07 clkbuf_leaf_154_core_clk
 4.276426e-07 4.960828e-07 7.176568e-12 9.237325e-07 clkbuf_leaf_190_core_clk
 4.254863e-07 4.981826e-07 7.176568e-12 9.236760e-07 clkbuf_leaf_30_core_clk
 4.275710e-07 4.946480e-07 7.179708e-12 9.222261e-07 clkbuf_leaf_374_core_clk
 4.275841e-07 4.946313e-07 7.176568e-12 9.222226e-07 clkbuf_leaf_293_core_clk
 4.285418e-07 4.933361e-07 7.176568e-12 9.218850e-07 clkbuf_leaf_284_core_clk
 4.285889e-07 4.928040e-07 7.176568e-12 9.214000e-07 clkbuf_leaf_99_core_clk
 4.276675e-07 4.919111e-07 7.176568e-12 9.195858e-07 clkbuf_leaf_319_core_clk
 4.275073e-07 4.912657e-07 7.176568e-12 9.187802e-07 clkbuf_leaf_298_core_clk
 4.256111e-07 4.927079e-07 7.176568e-12 9.183262e-07 clkbuf_leaf_262_core_clk
 4.274708e-07 4.906913e-07 7.179708e-12 9.181692e-07 clkbuf_leaf_351_core_clk
 4.259542e-07 4.920893e-07 7.176568e-12 9.180507e-07 clkbuf_leaf_232_core_clk
 4.274394e-07 4.899183e-07 7.179708e-12 9.173649e-07 clkbuf_leaf_375_core_clk
 4.267864e-07 4.902220e-07 7.176568e-12 9.170155e-07 clkbuf_leaf_219_core_clk
 4.247392e-07 4.921603e-07 7.176568e-12 9.169066e-07 clkbuf_leaf_72_core_clk
 4.272469e-07 4.885941e-07 7.176568e-12 9.158482e-07 clkbuf_leaf_168_core_clk
 4.272733e-07 4.874304e-07 7.176568e-12 9.147109e-07 clkbuf_leaf_172_core_clk
 4.259382e-07 4.873206e-07 7.176568e-12 9.132659e-07 clkbuf_leaf_226_core_clk
 4.246428e-07 4.885362e-07 7.176568e-12 9.131862e-07 clkbuf_leaf_65_core_clk
 4.245526e-07 4.882344e-07 7.176568e-12 9.127942e-07 clkbuf_leaf_68_core_clk
 4.276903e-07 4.847888e-07 7.179708e-12 9.124863e-07 clkbuf_leaf_362_core_clk
 4.258391e-07 4.861773e-07 7.176568e-12 9.120236e-07 clkbuf_leaf_227_core_clk
 4.272970e-07 4.834222e-07 7.176568e-12 9.107263e-07 clkbuf_leaf_314_core_clk
 4.269613e-07 4.831865e-07 7.179708e-12 9.101549e-07 clkbuf_leaf_19_core_clk
 4.266185e-07 4.833448e-07 7.176568e-12 9.099704e-07 clkbuf_leaf_220_core_clk
 4.277238e-07 4.822206e-07 7.179708e-12 9.099516e-07 clkbuf_leaf_383_core_clk
 4.273867e-07 4.820164e-07 7.176568e-12 9.094102e-07 clkbuf_leaf_323_core_clk
 4.271103e-07 4.814056e-07 7.176568e-12 9.085230e-07 clkbuf_leaf_97_core_clk
 4.267364e-07 4.803186e-07 7.179708e-12 9.070621e-07 clkbuf_leaf_12_core_clk
 4.253226e-07 4.810793e-07 7.176568e-12 9.064091e-07 clkbuf_leaf_264_core_clk
 4.254493e-07 4.800875e-07 7.176568e-12 9.055440e-07 clkbuf_leaf_269_core_clk
 4.267957e-07 4.786665e-07 7.179708e-12 9.054694e-07 clkbuf_leaf_20_core_clk
 4.255083e-07 4.786376e-07 7.176568e-12 9.041531e-07 clkbuf_leaf_79_core_clk
 4.253114e-07 4.764961e-07 7.176568e-12 9.018146e-07 clkbuf_leaf_260_core_clk
 4.269121e-07 4.736921e-07 7.176568e-12 9.006113e-07 clkbuf_leaf_164_core_clk
 4.263763e-07 4.738558e-07 7.176568e-12 9.002393e-07 clkbuf_leaf_221_core_clk
 4.280192e-07 4.714644e-07 7.176568e-12 8.994907e-07 clkbuf_leaf_104_core_clk
 4.265538e-07 4.715338e-07 7.179708e-12 8.980948e-07 clkbuf_leaf_8_core_clk
 4.241947e-07 4.722497e-07 7.176568e-12 8.964515e-07 clkbuf_leaf_66_core_clk
 4.262432e-07 4.700696e-07 7.176568e-12 8.963200e-07 clkbuf_leaf_123_core_clk
 4.269571e-07 4.689442e-07 7.176568e-12 8.959085e-07 clkbuf_leaf_189_core_clk
 4.270566e-07 4.681000e-07 7.176568e-12 8.951638e-07 clkbuf_leaf_318_core_clk
 4.253332e-07 4.689763e-07 7.176568e-12 8.943166e-07 clkbuf_leaf_287_core_clk
 4.262133e-07 4.679478e-07 7.176568e-12 8.941682e-07 clkbuf_leaf_121_core_clk
 4.269877e-07 4.664464e-07 7.176568e-12 8.934412e-07 clkbuf_leaf_310_core_clk
 4.273040e-07 4.659772e-07 7.179708e-12 8.932884e-07 clkbuf_leaf_379_core_clk
 1.474346e-07 7.457223e-07 7.301783e-12 8.931642e-07 fanout1831
 4.247700e-07 4.678525e-07 7.176568e-12 8.926296e-07 clkbuf_leaf_31_core_clk
 4.241147e-07 4.676807e-07 7.176568e-12 8.918026e-07 clkbuf_leaf_70_core_clk
 4.263832e-07 4.652976e-07 7.179708e-12 8.916879e-07 clkbuf_leaf_7_core_clk
 4.272659e-07 4.642899e-07 7.179708e-12 8.915629e-07 clkbuf_leaf_380_core_clk
 4.252240e-07 4.662933e-07 7.176568e-12 8.915245e-07 clkbuf_leaf_283_core_clk
 4.268156e-07 4.646597e-07 7.176568e-12 8.914825e-07 clkbuf_leaf_297_core_clk
 4.268213e-07 4.640074e-07 7.176568e-12 8.908360e-07 clkbuf_leaf_195_core_clk
 4.266516e-07 4.633385e-07 7.176568e-12 8.899972e-07 clkbuf_leaf_160_core_clk
 4.260552e-07 4.623941e-07 7.176568e-12 8.884564e-07 clkbuf_leaf_127_core_clk
 8.756236e-08 8.002481e-07 1.258765e-11 8.878230e-07 fanout517
 4.276624e-07 4.599128e-07 7.176568e-12 8.875824e-07 clkbuf_leaf_302_core_clk
 4.240481e-07 4.623214e-07 7.176568e-12 8.863766e-07 clkbuf_leaf_81_core_clk
 1.464533e-07 7.398588e-07 7.330516e-12 8.863195e-07 fanout566
 4.266898e-07 4.587315e-07 7.176568e-12 8.854284e-07 clkbuf_leaf_194_core_clk
 4.240256e-07 4.613862e-07 7.176568e-12 8.854190e-07 clkbuf_leaf_74_core_clk
 4.267779e-07 4.582781e-07 7.176568e-12 8.850632e-07 clkbuf_leaf_202_core_clk
 4.240073e-07 4.605685e-07 7.176568e-12 8.845831e-07 clkbuf_leaf_73_core_clk
 4.250076e-07 4.594149e-07 7.176568e-12 8.844297e-07 clkbuf_leaf_76_core_clk
 4.262239e-07 4.580928e-07 7.176568e-12 8.843238e-07 clkbuf_leaf_114_core_clk
 4.264998e-07 4.577485e-07 7.176568e-12 8.842555e-07 clkbuf_leaf_87_core_clk
 4.264856e-07 4.575279e-07 7.176568e-12 8.840207e-07 clkbuf_leaf_96_core_clk
 4.250232e-07 4.573494e-07 7.176568e-12 8.823798e-07 clkbuf_leaf_282_core_clk
 4.271514e-07 4.549611e-07 7.176568e-12 8.821196e-07 clkbuf_leaf_324_core_clk
 4.238250e-07 4.569537e-07 7.176568e-12 8.807858e-07 clkbuf_leaf_62_core_clk
 4.274769e-07 4.529512e-07 7.176568e-12 8.804353e-07 clkbuf_leaf_301_core_clk
 4.258726e-07 4.542842e-07 7.176568e-12 8.801641e-07 clkbuf_leaf_122_core_clk
 4.247484e-07 4.553382e-07 7.176568e-12 8.800938e-07 clkbuf_leaf_85_core_clk
 4.249358e-07 4.539272e-07 7.176568e-12 8.788701e-07 clkbuf_leaf_278_core_clk
 4.266237e-07 4.519074e-07 7.176568e-12 8.785382e-07 clkbuf_leaf_317_core_clk
 4.247237e-07 4.536352e-07 7.176568e-12 8.783661e-07 clkbuf_leaf_37_core_clk
 4.266311e-07 4.517114e-07 7.176568e-12 8.783497e-07 clkbuf_leaf_325_core_clk
 7.877225e-08 7.988731e-07 1.193163e-11 8.776573e-07 fanout1097
 4.263120e-07 4.508854e-07 7.176568e-12 8.772046e-07 clkbuf_leaf_109_core_clk
 4.245549e-07 4.522140e-07 7.176568e-12 8.767761e-07 clkbuf_leaf_27_core_clk
 4.265146e-07 4.480451e-07 7.176568e-12 8.745669e-07 clkbuf_leaf_322_core_clk
 4.273317e-07 4.454023e-07 7.176568e-12 8.727412e-07 clkbuf_leaf_110_core_clk
 4.247870e-07 4.470679e-07 7.176568e-12 8.718621e-07 clkbuf_leaf_230_core_clk
 4.262949e-07 4.441171e-07 7.179708e-12 8.704192e-07 clkbuf_leaf_352_core_clk
 4.244912e-07 4.452517e-07 7.176568e-12 8.697500e-07 clkbuf_leaf_259_core_clk
 1.480962e-07 7.211649e-07 7.299101e-12 8.692684e-07 fanout1731
 4.246451e-07 4.445639e-07 7.176568e-12 8.692161e-07 clkbuf_leaf_75_core_clk
 4.262188e-07 4.412792e-07 7.179708e-12 8.675052e-07 clkbuf_leaf_354_core_clk
 4.261961e-07 4.405736e-07 7.176568e-12 8.667769e-07 clkbuf_leaf_292_core_clk
 4.259301e-07 4.408360e-07 7.179708e-12 8.667733e-07 clkbuf_leaf_16_core_clk
 4.235951e-07 4.428179e-07 7.176568e-12 8.664201e-07 clkbuf_leaf_59_core_clk
 4.245446e-07 4.402424e-07 7.176568e-12 8.647942e-07 clkbuf_leaf_80_core_clk
 4.261258e-07 4.369844e-07 7.176568e-12 8.631174e-07 clkbuf_leaf_197_core_clk
 4.265221e-07 4.362067e-07 7.179708e-12 8.627360e-07 clkbuf_leaf_382_core_clk
 4.253827e-07 4.357041e-07 7.176568e-12 8.610939e-07 clkbuf_leaf_115_core_clk
 4.242916e-07 4.357849e-07 7.176568e-12 8.600837e-07 clkbuf_leaf_90_core_clk
 4.256588e-07 4.338367e-07 7.176568e-12 8.595026e-07 clkbuf_leaf_120_core_clk
 4.258735e-07 4.329661e-07 7.176568e-12 8.588468e-07 clkbuf_leaf_108_core_clk
 4.244111e-07 4.330870e-07 7.176568e-12 8.575053e-07 clkbuf_leaf_235_core_clk
 4.259730e-07 4.309894e-07 7.176568e-12 8.569696e-07 clkbuf_leaf_188_core_clk
 4.244097e-07 4.317226e-07 7.176568e-12 8.561395e-07 clkbuf_leaf_286_core_clk
 4.252162e-07 4.304971e-07 7.176568e-12 8.557204e-07 clkbuf_leaf_211_core_clk
 4.257451e-07 4.299117e-07 7.176568e-12 8.556640e-07 clkbuf_leaf_175_core_clk
 4.252063e-07 4.286450e-07 7.176568e-12 8.538585e-07 clkbuf_leaf_116_core_clk
 4.243535e-07 4.294544e-07 7.176568e-12 8.538150e-07 clkbuf_leaf_229_core_clk
 4.257333e-07 4.278308e-07 7.176568e-12 8.535714e-07 clkbuf_leaf_89_core_clk
 4.242770e-07 4.258727e-07 7.176568e-12 8.501569e-07 clkbuf_leaf_285_core_clk
 4.231530e-07 4.265330e-07 7.176568e-12 8.496932e-07 clkbuf_leaf_64_core_clk
 4.254982e-07 4.239236e-07 7.179708e-12 8.494289e-07 clkbuf_leaf_15_core_clk
 4.255395e-07 4.218560e-07 7.176568e-12 8.474027e-07 clkbuf_leaf_176_core_clk
 4.241937e-07 4.229768e-07 7.176568e-12 8.471776e-07 clkbuf_leaf_274_core_clk
 4.257067e-07 4.211160e-07 7.176568e-12 8.468298e-07 clkbuf_leaf_186_core_clk
 4.250299e-07 4.209180e-07 7.176568e-12 8.459551e-07 clkbuf_leaf_119_core_clk
 4.240019e-07 4.217652e-07 7.176568e-12 8.457743e-07 clkbuf_leaf_256_core_clk
 4.241506e-07 4.205630e-07 7.176568e-12 8.447207e-07 clkbuf_leaf_273_core_clk
 4.262082e-07 4.178337e-07 7.176568e-12 8.440491e-07 clkbuf_leaf_330_core_clk
 4.240796e-07 4.183914e-07 7.176568e-12 8.424781e-07 clkbuf_leaf_231_core_clk
 4.260166e-07 4.164012e-07 7.179708e-12 8.424249e-07 clkbuf_leaf_376_core_clk
 9.798592e-08 7.444027e-07 1.276121e-11 8.424014e-07 fanout477
 4.252665e-07 4.169414e-07 7.179708e-12 8.422151e-07 clkbuf_leaf_22_core_clk
 4.264569e-07 4.149257e-07 7.176568e-12 8.413897e-07 clkbuf_leaf_306_core_clk
 4.252307e-07 4.158803e-07 7.176568e-12 8.411182e-07 clkbuf_leaf_133_core_clk
 1.478607e-07 6.917322e-07 7.077795e-12 8.396000e-07 fanout2180
 4.241714e-07 4.133487e-07 7.176568e-12 8.375273e-07 clkbuf_leaf_214_core_clk
 4.258821e-07 4.114005e-07 7.179708e-12 8.372898e-07 clkbuf_leaf_381_core_clk
 4.241259e-07 4.115927e-07 7.176568e-12 8.357258e-07 clkbuf_leaf_222_core_clk
 4.254088e-07 4.097988e-07 7.176568e-12 8.352147e-07 clkbuf_leaf_299_core_clk
 4.259067e-07 4.070720e-07 7.176568e-12 8.329858e-07 clkbuf_leaf_327_core_clk
 4.237871e-07 4.069252e-07 7.176568e-12 8.307195e-07 clkbuf_leaf_281_core_clk
 1.193546e-07 7.111577e-07 1.263861e-11 8.305249e-07 fanout543
 1.479871e-07 6.818696e-07 7.299101e-12 8.298639e-07 fanout1733
 4.248401e-07 4.019232e-07 7.179708e-12 8.267704e-07 clkbuf_leaf_6_core_clk
 4.257414e-07 4.000986e-07 7.176568e-12 8.258472e-07 clkbuf_leaf_326_core_clk
 4.250313e-07 4.000546e-07 7.176568e-12 8.250931e-07 clkbuf_leaf_88_core_clk
 4.234705e-07 4.008981e-07 7.176568e-12 8.243757e-07 clkbuf_leaf_33_core_clk
 4.231619e-07 3.995917e-07 7.176568e-12 8.227608e-07 clkbuf_leaf_35_core_clk
 4.225104e-07 3.995200e-07 7.176568e-12 8.220376e-07 clkbuf_leaf_63_core_clk
 4.250467e-07 3.954299e-07 7.176568e-12 8.204837e-07 clkbuf_leaf_300_core_clk
 4.251294e-07 3.944281e-07 7.176568e-12 8.195646e-07 clkbuf_leaf_311_core_clk
 4.251371e-07 3.941408e-07 7.176568e-12 8.192850e-07 clkbuf_leaf_316_core_clk
 4.251157e-07 3.936078e-07 7.176568e-12 8.187307e-07 clkbuf_leaf_321_core_clk
 4.245059e-07 3.932000e-07 7.176568e-12 8.177131e-07 clkbuf_leaf_136_core_clk
 4.234670e-07 3.938199e-07 7.176568e-12 8.172941e-07 clkbuf_leaf_57_core_clk
 4.232506e-07 3.933023e-07 7.176568e-12 8.165601e-07 clkbuf_leaf_86_core_clk
 1.477538e-07 6.684227e-07 7.077795e-12 8.161836e-07 fanout1324
 8.372756e-08 7.322175e-07 1.129759e-11 8.159564e-07 wire494
 4.244754e-07 3.909755e-07 7.176568e-12 8.154581e-07 clkbuf_leaf_56_core_clk
 1.473445e-07 6.680162e-07 7.076734e-12 8.153678e-07 fanout1316
 4.252885e-07 3.888378e-07 7.179708e-12 8.141334e-07 clkbuf_leaf_385_core_clk
 4.257239e-07 3.871873e-07 7.176568e-12 8.129184e-07 clkbuf_leaf_307_core_clk
 4.222994e-07 3.867005e-07 7.176568e-12 8.090070e-07 clkbuf_leaf_60_core_clk
 4.237772e-07 3.847827e-07 7.176568e-12 8.085671e-07 clkbuf_leaf_244_core_clk
 4.232427e-07 3.833930e-07 7.176568e-12 8.066428e-07 clkbuf_leaf_288_core_clk
 4.245519e-07 3.815488e-07 7.176568e-12 8.061079e-07 clkbuf_leaf_98_core_clk
 4.232121e-07 3.821915e-07 7.176568e-12 8.054108e-07 clkbuf_leaf_289_core_clk
 4.239868e-07 3.801198e-07 7.176568e-12 8.041137e-07 clkbuf_leaf_125_core_clk
 4.231872e-07 3.806743e-07 7.176568e-12 8.038687e-07 clkbuf_leaf_275_core_clk
 4.244689e-07 3.790882e-07 7.176568e-12 8.035643e-07 clkbuf_leaf_94_core_clk
 4.239688e-07 3.787272e-07 7.176568e-12 8.027031e-07 clkbuf_leaf_130_core_clk
 4.241130e-07 3.778323e-07 7.176568e-12 8.019525e-07 clkbuf_leaf_135_core_clk
 4.251204e-07 3.767170e-07 7.176568e-12 8.018445e-07 clkbuf_leaf_308_core_clk
 4.249391e-07 3.752025e-07 7.179708e-12 8.001488e-07 clkbuf_leaf_384_core_clk
 4.244561e-07 3.744106e-07 7.179708e-12 7.988739e-07 clkbuf_leaf_372_core_clk
 4.238621e-07 3.745259e-07 7.176568e-12 7.983952e-07 clkbuf_leaf_129_core_clk
 1.480282e-07 6.492836e-07 7.077795e-12 7.973189e-07 fanout2228
 4.240180e-07 3.714881e-07 7.179708e-12 7.955132e-07 clkbuf_leaf_14_core_clk
 4.243921e-07 3.699922e-07 7.176568e-12 7.943914e-07 clkbuf_leaf_294_core_clk
 4.229231e-07 3.710672e-07 7.176568e-12 7.939974e-07 clkbuf_leaf_228_core_clk
 4.229219e-07 3.702558e-07 7.176568e-12 7.931849e-07 clkbuf_leaf_272_core_clk
 4.243523e-07 3.686349e-07 7.176568e-12 7.929943e-07 clkbuf_leaf_312_core_clk
 4.241328e-07 3.658046e-07 7.176568e-12 7.899446e-07 clkbuf_leaf_111_core_clk
 4.228113e-07 3.665771e-07 7.176568e-12 7.893956e-07 clkbuf_leaf_271_core_clk
 4.246389e-07 3.639917e-07 7.179708e-12 7.886377e-07 clkbuf_leaf_378_core_clk
 4.240927e-07 3.642302e-07 7.176568e-12 7.883301e-07 clkbuf_leaf_95_core_clk
 4.239994e-07 3.627475e-07 7.176568e-12 7.867541e-07 clkbuf_leaf_155_core_clk
 4.241830e-07 3.620034e-07 7.176568e-12 7.861936e-07 clkbuf_leaf_174_core_clk
 4.233288e-07 3.622950e-07 7.176568e-12 7.856310e-07 clkbuf_leaf_241_core_clk
 4.241267e-07 3.592632e-07 7.176568e-12 7.833971e-07 clkbuf_leaf_196_core_clk
 4.241902e-07 3.578765e-07 7.176568e-12 7.820738e-07 clkbuf_leaf_315_core_clk
 4.224609e-07 3.570725e-07 7.176568e-12 7.795406e-07 clkbuf_leaf_266_core_clk
 4.234753e-07 3.540969e-07 7.176568e-12 7.775794e-07 clkbuf_leaf_44_core_clk
 4.237366e-07 3.536834e-07 7.176568e-12 7.774272e-07 clkbuf_leaf_156_core_clk
 4.236538e-07 3.532950e-07 7.176568e-12 7.769560e-07 clkbuf_leaf_134_core_clk
 4.236092e-07 3.521582e-07 7.176568e-12 7.757745e-07 clkbuf_leaf_132_core_clk
 4.224360e-07 3.517596e-07 7.176568e-12 7.742028e-07 clkbuf_leaf_234_core_clk
 4.223064e-07 3.458931e-07 7.176568e-12 7.682067e-07 clkbuf_leaf_84_core_clk
 4.229739e-07 3.398420e-07 7.176568e-12 7.628231e-07 clkbuf_leaf_126_core_clk
 4.227735e-07 3.399273e-07 7.176568e-12 7.627079e-07 clkbuf_leaf_237_core_clk
 4.220731e-07 3.396906e-07 7.176568e-12 7.617709e-07 clkbuf_leaf_77_core_clk
 1.463462e-07 6.154126e-07 7.330516e-12 7.617661e-07 fanout567
 4.232773e-07 3.363212e-07 7.176568e-12 7.596057e-07 clkbuf_leaf_158_core_clk
 4.224835e-07 3.349282e-07 7.176568e-12 7.574188e-07 clkbuf_leaf_54_core_clk
 4.220252e-07 3.341318e-07 7.176568e-12 7.561641e-07 clkbuf_leaf_279_core_clk
 4.218793e-07 3.327361e-07 7.176568e-12 7.546225e-07 clkbuf_leaf_82_core_clk
 4.226611e-07 3.296770e-07 7.176568e-12 7.523453e-07 clkbuf_leaf_138_core_clk
 4.232887e-07 3.258353e-07 7.176568e-12 7.491311e-07 clkbuf_leaf_329_core_clk
 4.214288e-07 3.273124e-07 7.176568e-12 7.487484e-07 clkbuf_leaf_305_core_clk
 4.221130e-07 3.210315e-07 7.176568e-12 7.431516e-07 clkbuf_leaf_157_core_clk
 4.225835e-07 3.179361e-07 7.176568e-12 7.405268e-07 clkbuf_leaf_328_core_clk
 4.211801e-07 3.170269e-07 7.176568e-12 7.382141e-07 clkbuf_leaf_152_core_clk
 4.218802e-07 3.155079e-07 7.176568e-12 7.373953e-07 clkbuf_leaf_296_core_clk
 7.385974e-08 6.624827e-07 4.673051e-12 7.363471e-07 fanout837
 4.211213e-07 3.120932e-07 7.176568e-12 7.332217e-07 clkbuf_leaf_46_core_clk
 4.215145e-07 3.111003e-07 7.176568e-12 7.326220e-07 clkbuf_leaf_295_core_clk
 4.206231e-07 3.106860e-07 7.176568e-12 7.313162e-07 clkbuf_leaf_149_core_clk
 6.783140e-08 6.591472e-07 1.118564e-11 7.269898e-07 fanout482
 4.200389e-07 3.052313e-07 7.176568e-12 7.252773e-07 clkbuf_leaf_61_core_clk
 8.500209e-08 6.396122e-07 1.193596e-11 7.246263e-07 fanout1102
 4.188383e-07 3.055936e-07 7.176568e-12 7.244391e-07 clkbuf_leaf_246_core_clk
 4.184976e-07 3.000405e-07 7.176568e-12 7.185453e-07 clkbuf_leaf_250_core_clk
 4.201289e-07 2.962035e-07 7.176568e-12 7.163396e-07 clkbuf_leaf_159_core_clk
 8.535877e-08 6.303119e-07 1.237638e-11 7.156830e-07 max_cap457
 4.197676e-07 2.956118e-07 7.176568e-12 7.153865e-07 clkbuf_leaf_45_core_clk
 4.192111e-07 2.928639e-07 7.176568e-12 7.120822e-07 clkbuf_leaf_239_core_clk
 4.190320e-07 2.924760e-07 7.176568e-12 7.115152e-07 clkbuf_leaf_280_core_clk
 4.190477e-07 2.907666e-07 7.176568e-12 7.098214e-07 clkbuf_leaf_151_core_clk
 7.258869e-08 6.344353e-07 1.124232e-11 7.070353e-07 fanout516
 4.186272e-07 2.876052e-07 7.176568e-12 7.062396e-07 clkbuf_leaf_53_core_clk
 4.184535e-07 2.856435e-07 7.176568e-12 7.041042e-07 clkbuf_leaf_337_core_clk
 4.188477e-07 2.845762e-07 7.176568e-12 7.034311e-07 clkbuf_leaf_43_core_clk
 9.656542e-08 6.063273e-07 1.272412e-11 7.029055e-07 fanout476
 4.183667e-07 2.843003e-07 7.176568e-12 7.026741e-07 clkbuf_leaf_336_core_clk
 4.189429e-07 2.820858e-07 7.176568e-12 7.010358e-07 clkbuf_leaf_177_core_clk
 4.180919e-07 2.808144e-07 7.176568e-12 6.989135e-07 clkbuf_leaf_333_core_clk
 4.169406e-07 2.807168e-07 7.176568e-12 6.976645e-07 clkbuf_leaf_341_core_clk
 4.183384e-07 2.775097e-07 7.176568e-12 6.958553e-07 clkbuf_leaf_141_core_clk
 4.181499e-07 2.751887e-07 7.176568e-12 6.933457e-07 clkbuf_leaf_140_core_clk
 4.176958e-07 2.693987e-07 7.176568e-12 6.871016e-07 clkbuf_leaf_142_core_clk
 6.790839e-08 6.167353e-07 1.336369e-11 6.846570e-07 fanout1075
 4.165721e-07 2.631340e-07 7.176568e-12 6.797133e-07 clkbuf_leaf_143_core_clk
 4.165894e-07 2.628693e-07 7.176568e-12 6.794659e-07 clkbuf_leaf_338_core_clk
 6.506854e-08 6.094264e-07 1.099553e-11 6.745059e-07 fanout654
 4.162648e-07 2.571948e-07 7.176568e-12 6.734667e-07 clkbuf_leaf_153_core_clk
 4.152126e-07 2.581724e-07 7.176568e-12 6.733921e-07 clkbuf_leaf_255_core_clk
 4.159651e-07 2.532983e-07 7.176568e-12 6.692705e-07 clkbuf_leaf_146_core_clk
 4.153193e-07 2.475940e-07 7.176568e-12 6.629205e-07 clkbuf_leaf_48_core_clk
 4.156046e-07 2.450976e-07 7.176568e-12 6.607094e-07 clkbuf_leaf_36_core_clk
 4.155396e-07 2.438597e-07 7.179708e-12 6.594065e-07 clkbuf_leaf_348_core_clk
 4.150143e-07 2.434431e-07 7.176568e-12 6.584645e-07 clkbuf_leaf_254_core_clk
 4.137901e-07 2.404427e-07 7.176568e-12 6.542400e-07 clkbuf_leaf_258_core_clk
 8.477684e-08 5.684981e-07 4.530316e-12 6.532795e-07 fanout954
 4.145397e-07 2.364928e-07 7.176568e-12 6.510397e-07 clkbuf_leaf_148_core_clk
 4.135206e-07 2.368995e-07 7.176568e-12 6.504273e-07 clkbuf_leaf_339_core_clk
 4.148718e-07 2.352438e-07 7.176568e-12 6.501227e-07 clkbuf_leaf_139_core_clk
 4.145153e-07 2.355966e-07 7.176568e-12 6.501191e-07 clkbuf_leaf_243_core_clk
 6.354846e-08 5.864282e-07 1.332870e-11 6.499899e-07 fanout1600
 4.134656e-07 2.359299e-07 7.176568e-12 6.494027e-07 clkbuf_leaf_249_core_clk
 4.143702e-07 2.338509e-07 7.176568e-12 6.482284e-07 clkbuf_leaf_240_core_clk
 4.142473e-07 2.335107e-07 7.176568e-12 6.477652e-07 clkbuf_leaf_236_core_clk
 4.132050e-07 2.333398e-07 7.176568e-12 6.465520e-07 clkbuf_leaf_247_core_clk
 4.133052e-07 2.222190e-07 7.176568e-12 6.355314e-07 clkbuf_leaf_332_core_clk
 4.130657e-07 2.145304e-07 7.179708e-12 6.276032e-07 clkbuf_leaf_38_core_clk
 7.701141e-08 5.473392e-07 1.321596e-11 6.243638e-07 max_cap539
 7.438915e-08 5.474255e-07 4.696032e-12 6.218194e-07 fanout2224
 4.121713e-07 2.037545e-07 7.179708e-12 6.159330e-07 clkbuf_leaf_40_core_clk
 7.393214e-08 5.407741e-07 1.185204e-11 6.147181e-07 fanout1227
 8.501199e-08 5.260870e-07 4.530193e-12 6.111036e-07 fanout952
 4.113870e-07 1.935480e-07 7.179708e-12 6.049421e-07 clkbuf_leaf_349_core_clk
 8.735293e-08 5.158374e-07 1.117393e-11 6.032015e-07 fanout471
 8.504038e-08 5.115376e-07 4.530193e-12 5.965825e-07 fanout979
 4.101568e-07 1.823721e-07 7.176568e-12 5.925361e-07 clkbuf_leaf_242_core_clk
 4.103690e-07 1.812712e-07 7.176568e-12 5.916473e-07 clkbuf_leaf_137_core_clk
 5.806051e-08 5.310553e-07 1.105279e-11 5.891268e-07 max_cap473
 8.511716e-08 5.013352e-07 4.530440e-12 5.864569e-07 fanout943
 7.456430e-08 5.118241e-07 4.504753e-12 5.863928e-07 fanout1844
 6.323712e-08 5.101476e-07 1.095206e-11 5.733957e-07 fanout500
 8.459961e-08 4.854232e-07 1.256344e-11 5.700354e-07 fanout474
 5.149159e-08 5.155144e-07 1.322202e-11 5.670193e-07 fanout1057
 8.478966e-08 4.793950e-07 4.530193e-12 5.641892e-07 fanout989
 4.080175e-07 1.532632e-07 7.179708e-12 5.612878e-07 clkbuf_leaf_39_core_clk
 7.540082e-08 4.856221e-07 4.696933e-12 5.610277e-07 fanout2181
 8.882881e-08 4.700997e-07 1.295078e-11 5.589415e-07 fanout454
 7.449069e-08 4.809282e-07 4.507935e-12 5.554234e-07 fanout1746
 7.460171e-08 4.770719e-07 4.504753e-12 5.516781e-07 fanout1850
 8.949466e-08 4.616526e-07 1.154478e-11 5.511588e-07 fanout1164
 7.566386e-08 4.695256e-07 4.481229e-12 5.451940e-07 fanout563
 8.487424e-08 4.578574e-07 4.530193e-12 5.427362e-07 fanout987
 7.516896e-08 4.664606e-07 4.696933e-12 5.416343e-07 fanout1321
 8.560767e-08 4.475119e-07 4.530316e-12 5.331241e-07 fanout988
 8.541260e-08 4.476907e-07 1.277561e-11 5.331161e-07 fanout481
 9.937165e-08 4.336694e-07 1.322339e-11 5.330543e-07 max_cap1166
 7.484329e-08 4.543489e-07 4.696032e-12 5.291969e-07 fanout2207
 7.484611e-08 4.543449e-07 4.505655e-12 5.291955e-07 fanout1832
 7.512105e-08 4.538997e-07 4.481234e-12 5.290253e-07 fanout560
 8.167355e-08 4.352609e-07 1.239528e-11 5.169469e-07 fanout1055
 7.470106e-08 4.404529e-07 4.507935e-12 5.151584e-07 fanout1743
 8.581833e-08 4.258731e-07 4.530316e-12 5.116960e-07 fanout986
 7.491240e-08 4.360476e-07 4.696032e-12 5.109647e-07 fanout2214
 7.489770e-08 4.359058e-07 4.696032e-12 5.108082e-07 fanout2199
 9.793108e-08 4.114121e-07 1.331107e-11 5.093565e-07 fanout1257
 7.489196e-08 4.319985e-07 4.696032e-12 5.068952e-07 fanout2194
 7.485191e-08 4.243352e-07 4.507935e-12 4.991916e-07 fanout1728
 8.503907e-08 4.122332e-07 4.530193e-12 4.972768e-07 fanout970
 7.502464e-08 4.210700e-07 4.507935e-12 4.960991e-07 fanout1734
 7.498831e-08 4.208406e-07 4.696032e-12 4.958336e-07 fanout2186
 7.492591e-08 4.208851e-07 4.696032e-12 4.958158e-07 fanout2220
 6.788458e-08 4.274431e-07 1.243883e-11 4.953401e-07 fanout1717
 7.493689e-08 4.200122e-07 4.504753e-12 4.949536e-07 fanout1846
 7.727559e-08 4.157537e-07 4.672273e-12 4.930340e-07 fanout931
 6.312326e-08 4.289659e-07 1.096227e-11 4.921001e-07 fanout550
 7.502341e-08 4.164526e-07 4.507935e-12 4.914805e-07 fanout1744
 7.500810e-08 4.149545e-07 4.505655e-12 4.899671e-07 fanout1833
 8.550769e-08 4.019397e-07 4.530193e-12 4.874520e-07 fanout971
 8.575073e-08 4.004748e-07 4.530316e-12 4.862301e-07 fanout932
 7.500918e-08 4.094499e-07 1.227886e-11 4.844713e-07 fanout547
 7.491339e-08 4.085129e-07 4.673051e-12 4.834309e-07 fanout861
 5.891750e-08 4.227792e-07 1.342446e-11 4.817101e-07 fanout714
 6.318430e-08 4.174630e-07 1.104172e-11 4.806583e-07 fanout486
 7.552678e-08 4.046722e-07 4.696032e-12 4.802038e-07 fanout2196
 7.471422e-08 4.024679e-07 4.672273e-12 4.771867e-07 fanout816
 8.559764e-08 3.878981e-07 4.530316e-12 4.735003e-07 fanout984
 5.714741e-08 4.095128e-07 1.110676e-11 4.666713e-07 max_cap1294
 7.482462e-08 3.913879e-07 4.696032e-12 4.662172e-07 fanout2203
 6.567218e-08 3.979423e-07 1.238519e-11 4.636269e-07 fanout2077
 7.509335e-08 3.876924e-07 4.696032e-12 4.627904e-07 fanout1322
 7.500817e-08 3.854039e-07 4.673051e-12 4.604167e-07 fanout795
 7.487107e-08 3.838706e-07 4.696032e-12 4.587464e-07 fanout2210
 3.487784e-08 4.234759e-07 7.192972e-12 4.583609e-07 max_cap1053
 7.510126e-08 3.827740e-07 4.696933e-12 4.578800e-07 fanout1320
 5.291150e-08 4.047403e-07 1.098441e-11 4.576628e-07 fanout695
 7.494523e-08 3.824115e-07 4.481229e-12 4.573613e-07 fanout557
 8.566442e-08 3.704452e-07 4.530316e-12 4.561141e-07 fanout288
 7.489728e-08 3.782120e-07 4.696032e-12 4.531140e-07 fanout2218
 8.666140e-08 3.660780e-07 4.530316e-12 4.527439e-07 fanout975
 7.498733e-08 3.753657e-07 4.673051e-12 4.503577e-07 fanout883
 8.568575e-08 3.575712e-07 4.530316e-12 4.432614e-07 fanout951
 8.616682e-08 3.566881e-07 4.529414e-12 4.428595e-07 fanout191
 8.644425e-08 3.561549e-07 4.530315e-12 4.426037e-07 fanout252
 7.494267e-08 3.671483e-07 4.481229e-12 4.420955e-07 fanout561
 8.581191e-08 3.558412e-07 4.529415e-12 4.416576e-07 fanout143
 8.633640e-08 3.499800e-07 4.529415e-12 4.363210e-07 fanout141
 8.577579e-08 3.505225e-07 4.530315e-12 4.363028e-07 fanout273
 8.629570e-08 3.499588e-07 4.529415e-12 4.362590e-07 fanout139
 8.822152e-08 3.470431e-07 4.530316e-12 4.352691e-07 fanout74
 8.587364e-08 3.493064e-07 4.529415e-12 4.351846e-07 fanout133
 7.356071e-08 3.614255e-07 1.210148e-11 4.349983e-07 max_cap1687
 8.305547e-08 3.484590e-07 1.166963e-11 4.315261e-07 max_cap1091
 7.537903e-08 3.551431e-07 4.673051e-12 4.305268e-07 fanout918
 7.518592e-08 3.546483e-07 4.696933e-12 4.298389e-07 fanout2189
 4.678712e-08 3.797936e-07 1.350130e-11 4.265943e-07 fanout620
 7.529613e-08 3.512867e-07 4.696032e-12 4.265875e-07 fanout2225
 7.552303e-08 3.466221e-07 4.672273e-12 4.221498e-07 fanout866
 8.663834e-08 3.345029e-07 4.529415e-12 4.211458e-07 fanout82
 8.590570e-08 3.347424e-07 4.529415e-12 4.206526e-07 fanout278
 7.530183e-08 3.446977e-07 4.672273e-12 4.200042e-07 fanout921
 8.587629e-08 3.338936e-07 4.529415e-12 4.197744e-07 fanout128
 7.573880e-08 3.439706e-07 4.672273e-12 4.197140e-07 fanout793
 8.585412e-08 3.333901e-07 4.530440e-12 4.192487e-07 fanout964
 7.509644e-08 3.438705e-07 4.672273e-12 4.189716e-07 fanout784
 8.586126e-08 3.321627e-07 4.530316e-12 4.180285e-07 fanout212
 8.610576e-08 3.309038e-07 4.530192e-12 4.170141e-07 fanout243
 7.592226e-08 3.410271e-07 4.672273e-12 4.169540e-07 fanout917
 8.574234e-08 3.301530e-07 4.530316e-12 4.158999e-07 fanout955
 6.388218e-08 3.512410e-07 1.309927e-11 4.151363e-07 fanout511
 8.594785e-08 3.280871e-07 4.530316e-12 4.140395e-07 fanout978
 8.595061e-08 3.280222e-07 4.529415e-12 4.139773e-07 fanout147
 7.585555e-08 3.367900e-07 4.696032e-12 4.126503e-07 fanout2191
 3.017972e-08 3.805380e-07 7.070686e-12 4.107248e-07 fanout2147
 8.589883e-08 3.243645e-07 4.530316e-12 4.102679e-07 fanout225
 6.728722e-08 3.413905e-07 1.243883e-11 4.086902e-07 fanout1716
 8.657691e-08 3.213536e-07 4.530315e-12 4.079351e-07 fanout259
 8.622237e-08 3.210641e-07 4.530315e-12 4.072909e-07 fanout283
 8.659570e-08 3.203424e-07 4.529415e-12 4.069426e-07 fanout206
 3.497478e-08 3.714287e-07 7.232974e-12 4.064107e-07 max_cap1621
 7.098532e-08 3.352765e-07 1.173405e-11 4.062735e-07 fanout2171
 7.541453e-08 3.298109e-07 4.696933e-12 4.052301e-07 fanout2206
 3.995693e-07 0.000000e+00 7.176568e-12 3.995765e-07 clkload95
 3.991559e-07 0.000000e+00 7.176568e-12 3.991631e-07 clkload97
 3.990507e-07 0.000000e+00 7.176568e-12 3.990579e-07 clkload96
 3.989356e-07 0.000000e+00 7.176568e-12 3.989428e-07 clkload94
 3.988264e-07 0.000000e+00 7.176568e-12 3.988336e-07 clkload139
 3.986256e-07 0.000000e+00 7.176568e-12 3.986328e-07 clkload143
 3.985920e-07 0.000000e+00 7.176568e-12 3.985992e-07 clkload145
 3.983595e-07 0.000000e+00 7.176568e-12 3.983667e-07 clkload144
 3.982375e-07 0.000000e+00 7.176568e-12 3.982447e-07 clkload211
 3.981050e-07 0.000000e+00 7.176568e-12 3.981122e-07 clkload141
 3.980595e-07 0.000000e+00 7.176568e-12 3.980667e-07 clkload258
 3.980381e-07 0.000000e+00 7.176568e-12 3.980453e-07 clkload252
 3.980162e-07 0.000000e+00 7.176568e-12 3.980234e-07 clkload100
 7.570652e-08 3.221837e-07 4.672273e-12 3.978948e-07 fanout856
 3.976776e-07 0.000000e+00 7.176568e-12 3.976847e-07 clkload208
 7.565021e-08 3.220010e-07 4.529537e-12 3.976558e-07 fanout89
 3.975221e-07 0.000000e+00 7.176568e-12 3.975292e-07 clkload34
 3.973647e-07 0.000000e+00 7.176568e-12 3.973719e-07 clkload31
 3.973146e-07 0.000000e+00 7.176568e-12 3.973217e-07 clkload298
 3.972955e-07 0.000000e+00 7.176568e-12 3.973027e-07 clkload156
 7.533330e-08 3.219610e-07 4.672273e-12 3.972990e-07 fanout797
 3.972798e-07 0.000000e+00 7.176568e-12 3.972870e-07 clkload297
 3.972416e-07 0.000000e+00 7.176568e-12 3.972488e-07 clkload119
 3.972320e-07 0.000000e+00 7.176568e-12 3.972392e-07 clkload195
 3.971917e-07 0.000000e+00 7.176568e-12 3.971988e-07 clkload111
 7.518182e-08 3.220036e-07 4.673174e-12 3.971901e-07 fanout891
 3.971774e-07 0.000000e+00 7.176568e-12 3.971846e-07 clkload244
 3.971486e-07 0.000000e+00 7.176568e-12 3.971558e-07 clkload192
 3.971305e-07 0.000000e+00 7.176568e-12 3.971377e-07 clkload30
 3.971080e-07 0.000000e+00 7.176568e-12 3.971151e-07 clkload245
 3.970634e-07 0.000000e+00 7.176568e-12 3.970706e-07 clkload172
 3.970594e-07 0.000000e+00 7.176568e-12 3.970665e-07 clkload218
 3.970571e-07 0.000000e+00 7.176568e-12 3.970642e-07 clkload110
 3.970513e-07 0.000000e+00 7.176568e-12 3.970585e-07 clkload128
 3.970336e-07 0.000000e+00 7.176568e-12 3.970408e-07 clkload267
 3.970153e-07 0.000000e+00 7.176568e-12 3.970225e-07 clkload124
 3.969994e-07 0.000000e+00 7.176568e-12 3.970066e-07 clkload120
 3.969789e-07 0.000000e+00 7.176568e-12 3.969861e-07 clkload291
 3.969590e-07 0.000000e+00 7.176568e-12 3.969662e-07 clkload242
 3.969424e-07 0.000000e+00 7.176568e-12 3.969496e-07 clkload202
 3.969211e-07 0.000000e+00 7.176568e-12 3.969282e-07 clkload173
 3.969206e-07 0.000000e+00 7.176568e-12 3.969278e-07 clkload332
 3.969035e-07 0.000000e+00 7.176568e-12 3.969107e-07 clkload328
 3.967824e-07 0.000000e+00 7.176568e-12 3.967896e-07 clkload133
 3.967704e-07 0.000000e+00 7.176568e-12 3.967776e-07 clkload171
 3.967166e-07 0.000000e+00 7.176568e-12 3.967238e-07 clkload165
 3.965689e-07 0.000000e+00 7.176568e-12 3.965760e-07 clkload279
 3.964678e-07 0.000000e+00 7.176568e-12 3.964750e-07 clkload75
 3.964449e-07 0.000000e+00 7.176568e-12 3.964521e-07 clkload278
 3.963954e-07 0.000000e+00 7.176568e-12 3.964026e-07 clkload280
 3.963794e-07 0.000000e+00 7.176568e-12 3.963866e-07 clkload266
 8.600271e-08 3.085007e-07 4.529414e-12 3.945080e-07 fanout287
 3.944266e-07 0.000000e+00 7.179708e-12 3.944338e-07 clkload3
 3.936952e-07 0.000000e+00 7.176568e-12 3.937024e-07 clkload5
 7.666330e-08 3.150236e-07 4.672273e-12 3.916916e-07 fanout849
 7.537901e-08 3.153295e-07 4.673051e-12 3.907131e-07 fanout811
 6.011877e-08 3.286400e-07 1.248237e-11 3.887712e-07 fanout1242
 7.521655e-08 3.126864e-07 4.673174e-12 3.879076e-07 fanout894
 7.626901e-08 3.109436e-07 4.672273e-12 3.872173e-07 fanout779
 7.588782e-08 3.028932e-07 4.672273e-12 3.787856e-07 fanout875
 7.546799e-08 3.015517e-07 4.696032e-12 3.770243e-07 fanout2205
 7.549006e-08 3.012504e-07 4.672273e-12 3.767451e-07 fanout801
 7.620855e-08 2.979438e-07 4.673174e-12 3.741571e-07 fanout783
 6.768335e-08 3.052210e-07 1.250733e-11 3.729169e-07 fanout1606
 6.104280e-08 3.115247e-07 1.338984e-11 3.725809e-07 max_cap1101
 7.574904e-08 2.946727e-07 4.672273e-12 3.704264e-07 fanout862
 7.544499e-08 2.943528e-07 4.672273e-12 3.698024e-07 fanout799
 7.564136e-08 2.902258e-07 4.673174e-12 3.658719e-07 fanout830
 7.661662e-08 2.862243e-07 4.528514e-12 3.628455e-07 fanout72
 3.239348e-08 3.302141e-07 7.031447e-12 3.626146e-07 fanout1060
 4.444303e-08 3.179435e-07 1.095341e-11 3.623975e-07 wire1276
 7.624766e-08 2.856783e-07 4.673174e-12 3.619307e-07 fanout864
 3.077616e-08 3.310122e-07 6.948035e-12 3.617953e-07 max_cap472
 7.641675e-08 2.850703e-07 4.672273e-12 3.614917e-07 fanout890
 6.330529e-08 2.975102e-07 1.127392e-11 3.608268e-07 fanout1233
 7.630476e-08 2.839499e-07 4.672273e-12 3.602593e-07 fanout924
 7.586841e-08 2.802998e-07 4.672273e-12 3.561728e-07 fanout871
 7.995815e-08 2.698663e-07 1.096533e-11 3.498354e-07 fanout1300
 7.298177e-08 2.753337e-07 1.310160e-11 3.483286e-07 fanout1160
 7.636618e-08 2.710695e-07 4.672273e-12 3.474403e-07 fanout922
 7.698761e-08 2.702269e-07 1.159962e-11 3.472261e-07 fanout2159
 3.731793e-08 3.077242e-07 1.088908e-11 3.450530e-07 fanout1056
 4.264484e-08 3.006845e-07 7.261129e-12 3.433366e-07 max_cap478
 7.556396e-08 2.669428e-07 4.672273e-12 3.425114e-07 fanout926
 4.219490e-08 2.981234e-07 7.264527e-12 3.403256e-07 max_cap537
 7.617970e-08 2.638874e-07 4.672273e-12 3.400717e-07 fanout916
 4.839460e-08 2.907146e-07 4.027290e-12 3.391132e-07 fanout939
 7.099809e-09 3.313303e-07 4.688978e-12 3.384348e-07 _24870_
 5.451330e-08 2.833630e-07 1.097238e-11 3.378873e-07 fanout625
 7.543261e-08 2.622074e-07 4.672273e-12 3.376447e-07 fanout850
 2.622505e-08 3.107951e-07 7.012803e-12 3.370272e-07 fanout1601
 3.310704e-08 3.033846e-07 6.981566e-12 3.364987e-07 max_cap531
 4.283606e-08 2.935964e-07 1.078783e-11 3.364433e-07 fanout532
 3.986271e-08 2.959937e-07 7.237149e-12 3.358636e-07 max_cap548
 6.846963e-08 2.639138e-07 1.144629e-11 3.323948e-07 fanout2150
 6.628795e-08 2.618958e-07 1.242811e-11 3.281962e-07 fanout1704
 6.846918e-08 2.553727e-07 1.368317e-11 3.238555e-07 fanout1301
 6.882906e-08 2.546543e-07 1.144768e-11 3.234948e-07 fanout2149
 4.230387e-08 2.797074e-07 4.283361e-12 3.220156e-07 fanout805
 6.849260e-08 2.526995e-07 1.144629e-11 3.212036e-07 fanout2148
 4.548965e-08 2.754641e-07 7.223634e-12 3.209610e-07 max_cap651
 4.809883e-08 2.701559e-07 4.027289e-12 3.182587e-07 fanout933
 3.932910e-08 2.770252e-07 7.217823e-12 3.163615e-07 max_cap617
 4.241494e-08 2.733183e-07 4.281965e-12 3.157375e-07 fanout789
 4.607571e-08 2.695169e-07 6.993850e-12 3.155996e-07 max_cap671
 4.561582e-08 2.674545e-07 4.281965e-12 3.130746e-07 fanout904
 6.601139e-08 2.458415e-07 1.221548e-11 3.118651e-07 fanout1701
 3.270500e-08 2.791311e-07 7.207041e-12 3.118433e-07 max_cap698
 3.519217e-08 2.759740e-07 7.403479e-12 3.111736e-07 fanout1292
 4.137257e-08 2.687514e-07 1.064386e-11 3.101346e-07 fanout1581
 3.282013e-08 2.761490e-07 6.960631e-12 3.089761e-07 fanout450
 4.940402e-08 2.580721e-07 1.103669e-11 3.074871e-07 fanout1081
 3.106819e-08 2.667531e-07 6.999550e-12 2.978283e-07 max_cap549
 4.824673e-08 2.471112e-07 4.027287e-12 2.953619e-07 fanout188
 6.163823e-08 2.278711e-07 1.349969e-11 2.895228e-07 max_cap693
 4.824770e-08 2.366297e-07 4.027067e-12 2.848814e-07 fanout972
 4.843806e-08 2.299413e-07 4.025670e-12 2.783835e-07 fanout123
 4.254990e-08 2.350857e-07 4.324590e-12 2.776399e-07 fanout2217
 4.620672e-08 2.314210e-07 7.271252e-12 2.776350e-07 max_cap491
 4.308538e-08 2.325123e-07 1.092279e-11 2.756086e-07 fanout1072
 4.265303e-08 2.302516e-07 4.281965e-12 2.729089e-07 fanout845
 2.566730e-08 2.468183e-07 1.068472e-11 2.724963e-07 fanout479
 4.275617e-08 2.284734e-07 7.217204e-12 2.712368e-07 max_cap622
 3.604584e-08 2.337165e-07 7.006011e-12 2.697694e-07 fanout1157
 4.268339e-08 2.267377e-07 4.281965e-12 2.694254e-07 fanout887
 4.236464e-08 2.269603e-07 4.324590e-12 2.693293e-07 fanout2212
 4.915156e-08 2.184057e-07 4.027287e-12 2.675613e-07 fanout97
 6.064325e-08 2.052791e-07 1.124676e-11 2.659336e-07 max_cap1683
 4.824950e-08 2.173708e-07 4.027511e-12 2.656244e-07 fanout941
 4.923776e-08 2.133809e-07 4.025670e-12 2.626227e-07 fanout132
 4.831229e-08 2.140903e-07 4.027067e-12 2.624066e-07 fanout977
 4.865181e-08 2.129524e-07 4.025670e-12 2.616083e-07 fanout83
 2.624665e-08 2.336841e-07 7.347917e-12 2.599381e-07 fanout1058
 3.932389e-08 2.194893e-07 6.953107e-12 2.588201e-07 max_cap650
 4.047443e-08 2.175198e-07 1.085775e-11 2.580051e-07 fanout641
 4.236737e-08 2.156321e-07 4.281965e-12 2.580038e-07 fanout776
 4.038745e-08 2.165156e-07 1.064386e-11 2.569137e-07 fanout1580
 4.067033e-08 2.145770e-07 1.072030e-11 2.552580e-07 fanout462
 4.321907e-08 2.114923e-07 4.027287e-12 2.547154e-07 fanout171
 4.846524e-08 2.054517e-07 4.025670e-12 2.539210e-07 fanout113
 4.257322e-08 2.106520e-07 4.281965e-12 2.532295e-07 fanout874
 3.897351e-08 2.119556e-07 1.086584e-11 2.509400e-07 fanout680
 4.229591e-08 2.078098e-07 4.281965e-12 2.501100e-07 fanout788
 4.253136e-08 2.070413e-07 4.283582e-12 2.495770e-07 fanout844
 4.230062e-08 2.062264e-07 4.283582e-12 2.485314e-07 fanout903
 4.002091e-08 2.074567e-07 1.127925e-11 2.474889e-07 fanout588
 4.833956e-08 1.986546e-07 4.027066e-12 2.469982e-07 fanout93
 4.870123e-08 1.976440e-07 4.027289e-12 2.463492e-07 fanout976
 3.266667e-08 2.135492e-07 6.980467e-12 2.462228e-07 max_cap501
 4.873950e-08 1.971021e-07 4.025670e-12 2.458457e-07 fanout77
 4.250526e-08 2.030984e-07 4.281965e-12 2.456079e-07 fanout869
 4.835637e-08 1.945552e-07 4.027288e-12 2.429156e-07 fanout226
 4.239902e-08 1.988061e-07 4.281965e-12 2.412094e-07 fanout825
 4.239925e-08 1.987935e-07 4.281965e-12 2.411971e-07 fanout819
 4.867328e-08 1.919316e-07 4.025670e-12 2.406090e-07 fanout151
 4.228341e-08 1.973992e-07 3.939232e-12 2.396866e-07 fanout553
 4.470767e-08 1.937027e-07 1.369078e-11 2.384240e-07 max_cap1275
 4.019872e-08 1.973469e-07 1.085595e-11 2.375565e-07 fanout1038
 5.355479e-08 1.833803e-07 1.356865e-11 2.369487e-07 fanout1723
 4.860655e-08 1.882633e-07 4.025670e-12 2.368739e-07 fanout207
 4.248935e-08 1.938052e-07 4.281965e-12 2.362989e-07 fanout846
 4.584095e-08 1.898954e-07 1.194788e-11 2.357483e-07 fanout720
 4.284933e-08 1.912414e-07 4.281965e-12 2.340950e-07 fanout780
 4.252441e-08 1.906412e-07 4.281965e-12 2.331698e-07 fanout835
 4.837073e-08 1.847177e-07 4.025670e-12 2.330925e-07 fanout204
 4.243072e-08 1.883206e-07 4.324590e-12 2.307557e-07 fanout2187
 4.827962e-08 1.809659e-07 4.027066e-12 2.292495e-07 fanout161
 4.269589e-08 1.865442e-07 4.281965e-12 2.292443e-07 fanout794
 3.957805e-08 1.881978e-07 1.079740e-11 2.277867e-07 fanout664
 4.264302e-08 1.800127e-07 4.281965e-12 2.226600e-07 fanout860
 4.286332e-08 1.793934e-07 4.281965e-12 2.222610e-07 fanout913
 3.225574e-08 1.896511e-07 7.368759e-12 2.219143e-07 max_cap468
 4.280567e-08 1.765821e-07 4.324590e-12 2.193920e-07 fanout2185
 4.828578e-08 1.683685e-07 4.025670e-12 2.166583e-07 fanout134
 4.469887e-08 1.683759e-07 7.232974e-12 2.130820e-07 max_cap1620
 4.924423e-08 1.634624e-07 4.027068e-12 2.127107e-07 fanout275
 4.244334e-08 1.698833e-07 4.281965e-12 2.123309e-07 fanout929
 3.816316e-08 1.735270e-07 7.062998e-12 2.116972e-07 fanout2163
 4.303198e-08 1.678501e-07 4.024055e-12 2.108861e-07 fanout73
 3.264305e-08 1.769206e-07 7.031382e-12 2.095706e-07 fanout1059
 4.392727e-08 1.648136e-07 1.371802e-11 2.087545e-07 fanout1608
 4.266999e-08 1.639202e-07 4.324590e-12 2.065945e-07 fanout2202
 3.008315e-08 1.764067e-07 7.309112e-12 2.064971e-07 fanout1777
 2.056023e-07 0.000000e+00 4.612081e-12 2.056069e-07 clkload137
 2.054420e-07 0.000000e+00 4.612081e-12 2.054467e-07 clkload99
 2.054313e-07 0.000000e+00 4.612081e-12 2.054360e-07 clkload140
 2.054229e-07 0.000000e+00 4.612081e-12 2.054276e-07 clkload146
 2.053959e-07 0.000000e+00 4.612081e-12 2.054006e-07 clkload138
 2.053220e-07 0.000000e+00 4.612081e-12 2.053266e-07 clkload257
 2.053200e-07 0.000000e+00 4.612081e-12 2.053246e-07 clkload101
 2.053153e-07 0.000000e+00 4.612081e-12 2.053200e-07 clkload142
 2.052920e-07 0.000000e+00 4.612081e-12 2.052966e-07 clkload259
 2.051468e-07 0.000000e+00 4.612081e-12 2.051514e-07 clkload254
 2.050526e-07 0.000000e+00 4.612081e-12 2.050572e-07 clkload233
 2.050473e-07 0.000000e+00 4.612081e-12 2.050519e-07 clkload32
 2.050001e-07 0.000000e+00 4.612081e-12 2.050047e-07 clkload213
 2.049870e-07 0.000000e+00 4.612081e-12 2.049916e-07 clkload248
 2.049823e-07 0.000000e+00 4.612081e-12 2.049869e-07 clkload29
 2.049768e-07 0.000000e+00 4.612081e-12 2.049815e-07 clkload106
 2.049694e-07 0.000000e+00 4.612081e-12 2.049740e-07 clkload158
 2.049439e-07 0.000000e+00 4.612081e-12 2.049485e-07 clkload33
 2.048978e-07 0.000000e+00 4.612081e-12 2.049025e-07 clkload232
 2.048809e-07 0.000000e+00 4.612081e-12 2.048855e-07 clkload194
 2.048544e-07 0.000000e+00 4.612081e-12 2.048590e-07 clkload152
 2.048519e-07 0.000000e+00 4.612081e-12 2.048565e-07 clkload174
 2.048369e-07 0.000000e+00 4.612081e-12 2.048415e-07 clkload274
 2.048361e-07 0.000000e+00 4.612081e-12 2.048407e-07 clkload265
 2.048296e-07 0.000000e+00 4.612081e-12 2.048342e-07 clkload107
 2.048098e-07 0.000000e+00 4.612081e-12 2.048144e-07 clkload130
 2.047882e-07 0.000000e+00 4.612081e-12 2.047928e-07 clkload241
 5.182214e-08 1.528760e-07 1.350911e-11 2.047117e-07 fanout1100
 2.046977e-07 0.000000e+00 4.612081e-12 2.047023e-07 clkload134
 2.046627e-07 0.000000e+00 4.612081e-12 2.046674e-07 clkload281
 2.045270e-07 0.000000e+00 4.612081e-12 2.045316e-07 clkload182
 4.274176e-08 1.612708e-07 4.283582e-12 2.040169e-07 fanout868
 4.289064e-08 1.604167e-07 4.024055e-12 2.033113e-07 fanout121
 4.295209e-08 1.600416e-07 4.283582e-12 2.029980e-07 fanout828
 4.299309e-08 1.578266e-07 4.281965e-12 2.008240e-07 fanout827
 3.164292e-08 1.680334e-07 6.998843e-12 1.996833e-07 fanout1250
 4.127737e-08 1.563537e-07 6.979736e-12 1.976380e-07 max_cap1296
 3.429137e-08 1.622424e-07 1.077051e-11 1.965446e-07 fanout669
 4.869251e-08 1.465112e-07 4.027288e-12 1.952077e-07 fanout105
 4.423555e-08 1.508402e-07 1.371802e-11 1.950895e-07 max_cap1610
 4.022868e-08 1.533841e-07 1.087271e-11 1.936236e-07 max_cap1245
 1.937209e-08 1.739081e-07 6.928159e-12 1.932871e-07 max_cap606
 4.278850e-08 1.499504e-07 4.283582e-12 1.927432e-07 fanout833
 2.773090e-08 1.630363e-07 1.072721e-11 1.907779e-07 fanout660
 3.200485e-08 1.571605e-07 7.178765e-12 1.891726e-07 fanout1805
 4.257070e-08 1.461128e-07 4.283582e-12 1.886878e-07 fanout840
 4.273280e-08 1.437370e-07 4.281965e-12 1.864741e-07 fanout818
 3.176441e-08 1.544224e-07 7.200815e-12 1.861940e-07 fanout2072
 3.175465e-08 1.525209e-07 7.200815e-12 1.842827e-07 fanout2073
 3.445621e-08 1.488469e-07 7.036014e-12 1.833101e-07 fanout2154
 2.884515e-08 1.533456e-07 6.914275e-12 1.821976e-07 fanout681
 9.462688e-09 1.708636e-07 5.768724e-12 1.803320e-07 _24959_
 4.254913e-08 1.368007e-07 4.281965e-12 1.793540e-07 fanout863
 2.614411e-08 1.520090e-07 1.073496e-11 1.781638e-07 fanout1076
 4.243879e-08 1.346144e-07 4.281965e-12 1.770574e-07 fanout927
 2.056805e-08 1.562476e-07 4.497023e-12 1.768201e-07 hold726
 2.164397e-08 1.544730e-07 6.898160e-12 1.761239e-07 max_cap678
 3.082105e-08 1.425180e-07 7.308892e-12 1.733463e-07 fanout1762
 3.450442e-08 1.375827e-07 7.036014e-12 1.720942e-07 fanout2152
 3.195570e-08 1.400541e-07 7.178765e-12 1.720170e-07 fanout1819
 2.585491e-08 1.445999e-07 6.928887e-12 1.704618e-07 fanout466
 2.785480e-08 1.418024e-07 6.977971e-12 1.696642e-07 fanout1287
 1.726766e-08 1.515553e-07 6.916978e-12 1.688298e-07 fanout670
 2.410364e-08 1.425796e-07 6.927018e-12 1.666902e-07 max_cap445
 1.840011e-08 1.478712e-07 7.038335e-12 1.662784e-07 fanout1678
 3.038473e-08 1.341651e-07 7.070467e-12 1.645569e-07 fanout2092
 2.974346e-08 1.335942e-07 7.000906e-12 1.633447e-07 fanout1685
 3.038612e-08 1.317518e-07 7.070467e-12 1.621450e-07 fanout2079
 3.003345e-08 1.320160e-07 7.070686e-12 1.620565e-07 fanout2139
 3.043006e-08 1.312364e-07 7.308892e-12 1.616738e-07 fanout1798
 3.053966e-08 1.295687e-07 7.308892e-12 1.601157e-07 fanout1774
 1.596613e-07 0.000000e+00 6.786840e-12 1.596681e-07 clkload23
 1.594299e-07 0.000000e+00 6.786840e-12 1.594367e-07 clkload231
 1.589746e-07 0.000000e+00 6.786840e-12 1.589814e-07 clkload48
 1.585804e-07 0.000000e+00 6.786840e-12 1.585872e-07 clkload24
 1.583334e-07 0.000000e+00 6.786840e-12 1.583402e-07 clkload10
 1.581497e-07 0.000000e+00 6.786840e-12 1.581565e-07 clkload8
 1.576502e-07 0.000000e+00 6.811656e-12 1.576570e-07 clkload1
 1.949133e-08 1.380646e-07 4.501462e-12 1.575605e-07 hold414
 1.565967e-07 0.000000e+00 6.811656e-12 1.566035e-07 clkload2
 3.090333e-08 1.224767e-07 7.308892e-12 1.533873e-07 fanout1787
 2.069215e-08 1.321737e-07 6.938877e-12 1.528727e-07 max_cap645
 3.060787e-08 1.221045e-07 7.308892e-12 1.527197e-07 fanout1788
 1.983936e-08 1.305679e-07 7.372899e-12 1.504146e-07 fanout582
 3.082942e-08 1.179511e-07 7.308892e-12 1.487878e-07 fanout1773
 3.081356e-08 1.178309e-07 7.308892e-12 1.486518e-07 fanout1760
 8.849360e-09 1.394898e-07 3.017385e-12 1.483422e-07 _26543_
 3.043497e-08 1.141256e-07 7.308892e-12 1.445678e-07 fanout1794
 3.080638e-08 1.127526e-07 7.070686e-12 1.435660e-07 fanout2090
 2.065189e-08 1.217561e-07 1.074044e-11 1.424187e-07 fanout643
 1.281518e-08 1.285400e-07 6.905502e-12 1.413621e-07 max_cap495
 1.200471e-08 1.291694e-07 6.904801e-12 1.411810e-07 fanout712
 3.051963e-08 1.095390e-07 7.070686e-12 1.400657e-07 fanout2128
 3.058513e-08 1.093772e-07 7.308892e-12 1.399697e-07 fanout1786
 3.100328e-08 1.087084e-07 7.308892e-12 1.397190e-07 fanout1785
 3.060164e-08 1.089288e-07 7.308891e-12 1.395377e-07 fanout1765
 3.082210e-08 1.083958e-07 7.070686e-12 1.392250e-07 fanout2080
 3.076070e-08 1.073038e-07 7.070467e-12 1.380716e-07 fanout2125
 1.821734e-08 1.183051e-07 7.341244e-12 1.365298e-07 fanout1632
 3.096862e-08 1.019439e-07 7.070686e-12 1.329196e-07 fanout2089
 3.064457e-08 1.021606e-07 7.070686e-12 1.328122e-07 fanout2103
 1.990915e-08 1.126916e-07 7.485011e-12 1.326083e-07 fanout1034
 3.050727e-08 9.938218e-08 7.070467e-12 1.298965e-07 fanout2118
 3.043673e-08 9.937675e-08 7.070467e-12 1.298205e-07 fanout2109
 1.827240e-08 1.109435e-07 7.341112e-12 1.292232e-07 fanout1625
 3.063908e-08 9.691129e-08 7.070686e-12 1.275574e-07 fanout2102
 1.665338e-08 1.082647e-07 4.804016e-12 1.249229e-07 fanout1209
 1.665382e-08 1.082464e-07 4.804016e-12 1.249050e-07 fanout1213
 3.096178e-08 9.315731e-08 7.070686e-12 1.241262e-07 fanout2107
 1.942601e-08 1.016437e-07 7.256231e-12 1.210770e-07 fanout2061
 1.541214e-08 1.029872e-07 4.499613e-12 1.184038e-07 fanout1771
 1.172416e-07 0.000000e+00 4.173978e-12 1.172458e-07 clkload26
 1.669199e-08 9.999854e-08 4.804016e-12 1.166953e-07 fanout1219
 1.717878e-08 9.941748e-08 6.918199e-12 1.166032e-07 fanout1078
 1.672460e-08 9.947217e-08 4.804016e-12 1.162016e-07 fanout1214
 1.948001e-08 9.622875e-08 7.123348e-12 1.157159e-07 fanout1828
 1.668332e-08 9.788931e-08 4.804016e-12 1.145774e-07 fanout1206
 1.671816e-08 9.749686e-08 4.804216e-12 1.142198e-07 fanout1188
 1.960884e-08 9.448195e-08 7.373030e-12 1.140982e-07 fanout577
 1.683523e-08 9.634209e-08 4.804016e-12 1.131821e-07 fanout1211
 1.672593e-08 9.303353e-08 4.804016e-12 1.097643e-07 fanout1203
 1.983970e-08 8.880602e-08 7.372899e-12 1.086531e-07 fanout579
 1.675293e-08 9.009978e-08 4.804216e-12 1.068575e-07 fanout1189
 1.545863e-08 9.100469e-08 4.499613e-12 1.064678e-07 fanout1793
 1.626725e-08 8.980158e-08 4.610213e-12 1.060734e-07 fanout1812
 1.679038e-08 8.902288e-08 4.804016e-12 1.058181e-07 fanout1182
 1.558605e-08 9.014444e-08 4.702073e-12 1.057352e-07 fanout2091
 1.562203e-08 9.003960e-08 4.499613e-12 1.056661e-07 fanout1778
 1.546353e-08 8.799672e-08 4.702260e-12 1.034649e-07 fanout2112
 1.677712e-08 8.655903e-08 4.804016e-12 1.033409e-07 fanout1200
 1.636579e-08 8.656632e-08 4.610213e-12 1.029367e-07 fanout1813
 1.547123e-08 8.712129e-08 4.702260e-12 1.025972e-07 fanout2106
 1.739953e-08 8.492669e-08 4.397547e-12 1.023306e-07 fanout1302
 1.832228e-08 8.380520e-08 7.341112e-12 1.021348e-07 fanout1630
 1.620939e-08 8.585560e-08 4.610213e-12 1.020696e-07 fanout1801
 1.611011e-08 8.550553e-08 7.428854e-12 1.016231e-07 fanout1181
 1.682887e-08 8.460247e-08 4.804016e-12 1.014361e-07 fanout1197
 1.677189e-08 8.442277e-08 4.804216e-12 1.011995e-07 fanout1193
 1.681411e-08 8.296242e-08 4.804016e-12 9.978132e-08 fanout1210
 1.675349e-08 8.132871e-08 4.804016e-12 9.808701e-08 fanout1212
 1.630391e-08 8.152931e-08 7.428854e-12 9.784066e-08 fanout1177
 1.559654e-08 8.194605e-08 4.702073e-12 9.754729e-08 fanout2142
 1.919672e-08 7.748059e-08 4.699979e-12 9.668201e-08 fanout1465
 1.545163e-08 8.112175e-08 4.702073e-12 9.657808e-08 fanout2135
 1.635323e-08 7.972718e-08 4.610213e-12 9.608502e-08 fanout1814
 1.550314e-08 7.980774e-08 4.499613e-12 9.531538e-08 fanout1767
 1.612187e-08 7.895954e-08 7.428854e-12 9.508885e-08 fanout1175
 1.554166e-08 7.932360e-08 4.702073e-12 9.486996e-08 fanout2144
 1.967836e-08 7.404580e-08 4.520808e-12 9.372869e-08 fanout1348
 1.551280e-08 7.812587e-08 4.702260e-12 9.364338e-08 fanout2088
 1.553529e-08 7.794203e-08 4.702073e-12 9.348203e-08 fanout2115
 1.935618e-08 7.368354e-08 4.504546e-12 9.304423e-08 fanout1442
 1.560971e-08 7.726513e-08 4.702073e-12 9.287955e-08 fanout2132
 1.553347e-08 7.693359e-08 4.499613e-12 9.247156e-08 fanout1783
 1.681688e-08 7.561972e-08 4.804016e-12 9.244141e-08 fanout1201
 1.564570e-08 7.606579e-08 4.499614e-12 9.171598e-08 fanout1781
 1.554192e-08 7.602057e-08 4.702260e-12 9.156719e-08 fanout2120
 1.980541e-08 7.160172e-08 4.516999e-12 9.141164e-08 fanout1461
 1.456821e-08 7.612424e-08 6.914643e-12 9.069937e-08 max_cap655
 1.832360e-08 7.149534e-08 6.914792e-12 8.982585e-08 max_cap661
 2.040179e-08 6.903971e-08 4.558914e-12 8.944606e-08 fanout1383
 2.012793e-08 6.911022e-08 4.483090e-12 8.924263e-08 fanout1438
 1.563135e-08 7.359225e-08 4.702260e-12 8.922831e-08 fanout2141
 1.564348e-08 7.327499e-08 4.499613e-12 8.892297e-08 fanout1763
 2.020103e-08 6.852775e-08 4.521437e-12 8.873329e-08 fanout1408
 1.962202e-08 6.902174e-08 4.557195e-12 8.864831e-08 fanout1326
 1.558214e-08 7.266267e-08 4.702073e-12 8.824951e-08 fanout2085
 1.693076e-08 7.096443e-08 4.804216e-12 8.789999e-08 fanout1196
 1.976868e-08 6.797524e-08 4.541043e-12 8.774845e-08 fanout1366
 1.014965e-08 7.756058e-08 4.851640e-12 8.771509e-08 fanout1579
 2.045775e-08 6.722163e-08 4.498991e-12 8.768388e-08 fanout1424
 1.684264e-08 7.071984e-08 4.804016e-12 8.756727e-08 fanout1218
 1.696755e-08 7.017346e-08 4.819677e-12 8.714584e-08 fanout414
 1.571558e-08 7.134746e-08 4.702260e-12 8.706774e-08 fanout2130
 1.683058e-08 7.016388e-08 4.804216e-12 8.699926e-08 fanout1192
 1.564309e-08 7.126408e-08 4.702260e-12 8.691187e-08 fanout2140
 1.572990e-08 7.091996e-08 4.702073e-12 8.665457e-08 fanout2100
 1.990808e-08 6.616761e-08 4.669399e-12 8.608036e-08 fanout1363
 1.941152e-08 6.662911e-08 4.516628e-12 8.604515e-08 fanout1413
 1.290862e-08 7.273534e-08 6.904090e-12 8.565087e-08 fanout1226
 1.933084e-08 6.500154e-08 4.498750e-12 8.433687e-08 fanout1470
 1.018692e-08 7.409422e-08 4.349924e-12 8.428550e-08 fanout1033
 1.635134e-08 6.789092e-08 4.610213e-12 8.424686e-08 fanout1816
 1.933890e-08 6.473288e-08 4.507257e-12 8.407629e-08 fanout1420
 8.403111e-08 0.000000e+00 4.026867e-12 8.403514e-08 clkload299
 8.373243e-08 0.000000e+00 4.026867e-12 8.373646e-08 clkload296
 1.579656e-08 6.790545e-08 4.702260e-12 8.370672e-08 fanout2116
 8.335189e-08 0.000000e+00 4.026867e-12 8.335592e-08 clkload123
 8.316740e-08 0.000000e+00 4.026867e-12 8.317143e-08 clkload161
 8.309453e-08 0.000000e+00 4.026867e-12 8.309856e-08 clkload247
 8.303819e-08 0.000000e+00 4.026867e-12 8.304222e-08 clkload236
 8.303612e-08 0.000000e+00 4.026867e-12 8.304015e-08 clkload293
 8.301507e-08 0.000000e+00 4.026867e-12 8.301910e-08 clkload169
 8.297911e-08 0.000000e+00 4.026867e-12 8.298314e-08 clkload292
 8.295169e-08 0.000000e+00 4.026867e-12 8.295572e-08 clkload147
 8.291826e-08 0.000000e+00 4.026867e-12 8.292229e-08 clkload112
 8.290151e-08 0.000000e+00 4.026867e-12 8.290554e-08 clkload237
 8.287368e-08 0.000000e+00 4.026867e-12 8.287771e-08 clkload136
 8.279106e-08 0.000000e+00 4.026867e-12 8.279509e-08 clkload114
 8.269630e-08 0.000000e+00 4.026867e-12 8.270033e-08 clkload235
 8.269325e-08 0.000000e+00 4.026867e-12 8.269728e-08 clkload118
 8.265798e-08 0.000000e+00 4.026867e-12 8.266201e-08 clkload162
 8.262208e-08 0.000000e+00 4.026867e-12 8.262611e-08 clkload329
 1.951672e-08 6.308598e-08 4.542152e-12 8.260724e-08 fanout1455
 8.252691e-08 0.000000e+00 4.026867e-12 8.253094e-08 clkload163
 8.251980e-08 0.000000e+00 4.026867e-12 8.252383e-08 clkload271
 8.245482e-08 0.000000e+00 4.026867e-12 8.245885e-08 clkload300
 8.243772e-08 0.000000e+00 4.026867e-12 8.244174e-08 clkload334
 8.243531e-08 0.000000e+00 4.026867e-12 8.243934e-08 clkload68
 8.243202e-08 0.000000e+00 4.026867e-12 8.243605e-08 clkload187
 8.239846e-08 0.000000e+00 4.026867e-12 8.240249e-08 clkload304
 8.235786e-08 0.000000e+00 4.026867e-12 8.236189e-08 clkload78
 8.230317e-08 0.000000e+00 4.026867e-12 8.230720e-08 clkload288
 8.228159e-08 0.000000e+00 4.026867e-12 8.228562e-08 clkload65
 8.224210e-08 0.000000e+00 4.026867e-12 8.224613e-08 clkload87
 1.554042e-08 6.665560e-08 4.499613e-12 8.220052e-08 fanout1769
 8.209036e-08 0.000000e+00 4.026867e-12 8.209439e-08 clkload85
 8.208003e-08 0.000000e+00 4.026867e-12 8.208406e-08 clkload286
 8.196414e-08 0.000000e+00 4.026867e-12 8.196817e-08 clkload303
 8.193344e-08 0.000000e+00 4.026867e-12 8.193747e-08 clkload314
 8.185958e-08 0.000000e+00 4.026867e-12 8.186360e-08 clkload284
 8.166156e-08 0.000000e+00 4.026867e-12 8.166559e-08 clkload45
 8.162760e-08 0.000000e+00 4.026867e-12 8.163163e-08 clkload51
 8.161046e-08 0.000000e+00 4.026867e-12 8.161449e-08 clkload57
 8.088199e-08 0.000000e+00 4.026867e-12 8.088602e-08 clkload38
 1.712818e-08 6.354419e-08 4.819609e-12 8.067718e-08 fanout416
 1.769612e-08 6.264307e-08 4.507258e-12 8.034370e-08 fanout1433
 1.019747e-08 6.962969e-08 4.851640e-12 7.983202e-08 fanout1573
 1.566909e-08 6.411636e-08 4.702073e-12 7.979015e-08 fanout2134
 8.421312e-09 6.908566e-08 4.756830e-12 7.751172e-08 fanout1132
 1.855120e-08 5.887123e-08 4.482967e-12 7.742691e-08 fanout1376
 1.018539e-08 6.715071e-08 4.851640e-12 7.734096e-08 fanout1556
 1.751907e-08 5.937668e-08 4.487900e-12 7.690025e-08 fanout1476
 1.833909e-08 5.799475e-08 4.515489e-12 7.633835e-08 fanout1522
 9.249947e-09 6.700838e-08 4.729570e-12 7.626306e-08 fanout1657
 1.805127e-08 5.817505e-08 4.675194e-12 7.623100e-08 fanout1490
 1.649455e-08 5.898583e-08 4.603758e-12 7.548498e-08 fanout200
 1.019580e-08 6.505983e-08 4.349924e-12 7.525998e-08 fanout1025
 1.830939e-08 5.639786e-08 4.487529e-12 7.471174e-08 fanout1452
 1.562658e-08 5.856857e-08 4.702073e-12 7.419985e-08 fanout2145
 1.022373e-08 6.388087e-08 4.349924e-12 7.410895e-08 fanout1030
 1.561395e-08 5.842899e-08 4.702260e-12 7.404765e-08 fanout2119
 1.031168e-08 6.363024e-08 4.349924e-12 7.394626e-08 fanout1010
 1.563756e-08 5.768578e-08 4.702260e-12 7.332805e-08 fanout2122
 1.714834e-08 5.455669e-08 4.478114e-12 7.170951e-08 fanout1403
 1.617295e-08 5.541368e-08 4.466199e-12 7.159110e-08 fanout1430
 9.854119e-09 6.121114e-08 4.544372e-12 7.106981e-08 fanout2059
 1.025440e-08 6.048717e-08 4.851640e-12 7.074642e-08 fanout1541
 9.290332e-09 6.116399e-08 4.729570e-12 7.045905e-08 fanout1670
 9.658712e-09 6.056677e-08 7.474896e-12 7.023296e-08 fanout1598
 9.302710e-09 6.052463e-08 4.729570e-12 6.983207e-08 fanout1661
 1.216669e-08 5.735182e-08 4.005607e-12 6.952252e-08 fanout1371
 1.199542e-08 5.667451e-08 3.991231e-12 6.867392e-08 fanout1514
 9.281779e-09 5.926891e-08 4.729570e-12 6.855542e-08 fanout1645
 1.498361e-08 5.321280e-08 4.342994e-12 6.820076e-08 fanout360
 1.026503e-08 5.748831e-08 4.349924e-12 6.775769e-08 fanout1000
 1.565681e-08 5.150782e-08 4.702073e-12 6.716933e-08 fanout2133
 9.262400e-09 5.783658e-08 4.729570e-12 6.710371e-08 fanout1667
 1.221114e-08 5.480072e-08 4.001847e-12 6.701586e-08 fanout1511
 1.102000e-08 5.586771e-08 3.987444e-12 6.689169e-08 fanout1498
 1.256917e-08 5.388955e-08 4.035030e-12 6.646275e-08 fanout1386
 1.143975e-08 5.498947e-08 4.003817e-12 6.643322e-08 fanout1463
 9.769420e-09 5.664667e-08 7.474901e-12 6.642357e-08 fanout1596
 1.146005e-08 5.487630e-08 4.276811e-12 6.634062e-08 fanout1365
 1.496082e-08 5.108552e-08 4.342994e-12 6.605067e-08 fanout356
 9.337801e-09 5.630312e-08 4.729570e-12 6.564566e-08 fanout1658
 9.268846e-09 5.621339e-08 4.729570e-12 6.548697e-08 fanout1674
 1.029760e-08 5.445324e-08 4.851640e-12 6.475569e-08 fanout1540
 9.385031e-09 5.509915e-08 4.729570e-12 6.448892e-08 fanout1647
 9.611862e-09 5.470570e-08 4.518318e-12 6.432208e-08 fanout1191
 1.066114e-08 5.365196e-08 3.950526e-12 6.431704e-08 fanout1454
 1.180745e-08 5.247862e-08 4.001847e-12 6.429006e-08 fanout1509
 1.172515e-08 5.235377e-08 3.971538e-12 6.408289e-08 fanout1505
 1.027738e-08 5.374398e-08 4.349924e-12 6.402571e-08 fanout1027
 1.025922e-08 5.354066e-08 4.851640e-12 6.380473e-08 fanout1567
 1.420217e-08 4.954574e-08 4.784606e-12 6.375269e-08 fanout1460
 9.277010e-09 5.407389e-08 4.729570e-12 6.335563e-08 fanout1663
 9.304519e-09 5.373301e-08 4.729570e-12 6.304226e-08 fanout1651
 9.882737e-09 5.309135e-08 4.657315e-12 6.297874e-08 fanout1823
 1.030471e-08 5.255834e-08 4.349925e-12 6.286739e-08 fanout1021
 8.262700e-09 5.455881e-08 4.397654e-12 6.282591e-08 fanout1172
 9.289409e-09 5.318787e-08 4.729570e-12 6.248201e-08 fanout1652
 6.226011e-08 0.000000e+00 1.447161e-13 6.226025e-08 clkload295
 6.206719e-08 0.000000e+00 1.447161e-13 6.206733e-08 clkload103
 6.199171e-08 0.000000e+00 1.447161e-13 6.199186e-08 clkload28
 6.192953e-08 0.000000e+00 1.447161e-13 6.192968e-08 clkload121
 6.189357e-08 0.000000e+00 1.447161e-13 6.189371e-08 clkload148
 1.045839e-08 5.141105e-08 4.020428e-12 6.187347e-08 fanout1347
 6.180132e-08 0.000000e+00 1.447161e-13 6.180146e-08 clkload219
 1.532912e-08 4.645144e-08 4.433030e-12 6.178499e-08 fanout1447
 6.178311e-08 0.000000e+00 1.447161e-13 6.178325e-08 clkload151
 6.154133e-08 0.000000e+00 1.447161e-13 6.154147e-08 clkload115
 1.099373e-08 5.050385e-08 3.981716e-12 6.150156e-08 fanout1412
 6.147015e-08 0.000000e+00 1.447161e-13 6.147029e-08 clkload264
 6.139152e-08 0.000000e+00 1.447161e-13 6.139166e-08 clkload272
 6.118789e-08 0.000000e+00 1.447161e-13 6.118803e-08 clkload200
 8.483448e-09 5.265473e-08 4.756830e-12 6.114293e-08 fanout1143
 6.106479e-08 0.000000e+00 1.447161e-13 6.106493e-08 clkload131
 6.096931e-08 0.000000e+00 1.447161e-13 6.096946e-08 clkload198
 6.086675e-08 0.000000e+00 1.447161e-13 6.086689e-08 clkload330
 6.082923e-08 0.000000e+00 1.447161e-13 6.082937e-08 clkload185
 6.077524e-08 0.000000e+00 1.447161e-13 6.077538e-08 clkload181
 6.071524e-08 0.000000e+00 1.447161e-13 6.071539e-08 clkload77
 9.321280e-09 5.126005e-08 4.729570e-12 6.058606e-08 fanout1640
 6.042355e-08 0.000000e+00 1.447161e-13 6.042369e-08 clkload168
 9.306186e-09 5.109479e-08 4.729570e-12 6.040570e-08 fanout1668
 6.040051e-08 0.000000e+00 1.447161e-13 6.040065e-08 clkload76
 1.027531e-08 4.993039e-08 4.349924e-12 6.021004e-08 fanout1014
 6.020744e-08 0.000000e+00 1.447161e-13 6.020758e-08 clkload302
 6.014892e-08 0.000000e+00 1.447161e-13 6.014906e-08 clkload308
 6.008859e-08 0.000000e+00 1.447161e-13 6.008873e-08 clkload277
 5.994482e-08 0.000000e+00 1.447161e-13 5.994496e-08 clkload311
 9.324550e-09 5.057493e-08 4.729570e-12 5.990421e-08 fanout1665
 9.324010e-09 5.053094e-08 4.729570e-12 5.985968e-08 fanout1649
 5.984998e-08 0.000000e+00 1.447161e-13 5.985012e-08 clkload184
 5.984659e-08 0.000000e+00 1.447161e-13 5.984673e-08 clkload319
 1.041049e-08 4.924437e-08 4.349925e-12 5.965921e-08 fanout998
 1.240847e-08 4.718771e-08 4.042794e-12 5.960023e-08 fanout1401
 8.534503e-09 5.098748e-08 4.757044e-12 5.952674e-08 fanout1150
 1.145996e-08 4.794111e-08 4.078594e-12 5.940515e-08 fanout1382
 1.036492e-08 4.879139e-08 4.851640e-12 5.916117e-08 fanout1575
 1.102224e-08 4.811094e-08 4.015340e-12 5.913720e-08 fanout1494
 5.888833e-08 0.000000e+00 1.447161e-13 5.888847e-08 clkload229
 1.028125e-08 4.848588e-08 4.851640e-12 5.877198e-08 fanout1555
 9.325909e-09 4.910752e-08 4.729662e-12 5.843816e-08 fanout1638
 1.139926e-08 4.688308e-08 4.046950e-12 5.828639e-08 fanout1368
 1.030785e-08 4.797332e-08 4.851763e-12 5.828602e-08 fanout1546
 1.031010e-08 4.796965e-08 4.851640e-12 5.828460e-08 fanout1577
 9.437371e-09 4.878924e-08 4.518318e-12 5.823113e-08 fanout1208
 9.360292e-09 4.877941e-08 4.015343e-12 5.814372e-08 fanout1520
 1.037440e-08 4.769972e-08 4.851763e-12 5.807897e-08 fanout286
 8.539395e-09 4.940384e-08 4.756943e-12 5.794799e-08 fanout1154
 8.483560e-09 4.931468e-08 4.756943e-12 5.780300e-08 fanout1122
 9.911314e-09 4.781440e-08 4.657315e-12 5.773038e-08 fanout1829
 1.029634e-08 4.691531e-08 4.819827e-12 5.721648e-08 fanout1039
 1.168362e-08 4.552813e-08 4.011360e-12 5.721576e-08 fanout1409
 1.033005e-08 4.681194e-08 4.851640e-12 5.714684e-08 fanout1539
 8.522170e-09 4.848301e-08 4.757044e-12 5.700993e-08 fanout1149
 9.459065e-09 4.739579e-08 4.518318e-12 5.685937e-08 fanout1215
 9.345562e-09 4.749548e-08 4.729570e-12 5.684577e-08 fanout1675
 1.092051e-08 4.591384e-08 3.998088e-12 5.683835e-08 fanout1361
 9.354260e-09 4.736898e-08 4.729570e-12 5.672797e-08 fanout1646
 1.046046e-08 4.612838e-08 4.851640e-12 5.659369e-08 fanout1557
 1.032717e-08 4.624983e-08 4.349924e-12 5.658136e-08 fanout1018
 9.465900e-09 4.703507e-08 4.518318e-12 5.650549e-08 fanout1184
 8.498088e-09 4.794303e-08 4.756830e-12 5.644587e-08 fanout1120
 1.044449e-08 4.592709e-08 4.851640e-12 5.637643e-08 fanout1533
 5.577380e-08 0.000000e+00 1.447161e-13 5.577395e-08 clkload27
 1.110795e-08 4.465118e-08 4.046532e-12 5.576318e-08 fanout1367
 5.571309e-08 0.000000e+00 1.447161e-13 5.571324e-08 clkload25
 8.529272e-09 4.714492e-08 4.757044e-12 5.567895e-08 fanout1129
 1.037678e-08 4.519271e-08 4.349924e-12 5.557384e-08 fanout1007
 5.547496e-08 0.000000e+00 1.447161e-13 5.547511e-08 clkload21
 8.548372e-09 4.689746e-08 4.757044e-12 5.545059e-08 fanout1153
 1.125448e-08 4.380973e-08 3.998088e-12 5.506821e-08 fanout1362
 8.552802e-09 4.643288e-08 4.756943e-12 5.499044e-08 fanout1115
 1.035789e-08 4.454266e-08 4.349925e-12 5.490489e-08 fanout999
 1.060020e-08 4.403375e-08 4.851763e-12 5.463880e-08 fanout193
 1.388875e-08 4.069368e-08 4.343172e-12 5.458677e-08 fanout352
 1.131923e-08 4.271800e-08 3.966676e-12 5.404119e-08 fanout1485
 8.587357e-09 4.539566e-08 4.757044e-12 5.398777e-08 fanout1127
 1.031492e-08 4.360087e-08 4.349924e-12 5.392014e-08 fanout1028
 1.029719e-08 4.360775e-08 4.851640e-12 5.390979e-08 fanout1568
 8.867556e-09 4.484466e-08 4.850274e-12 5.371707e-08 fanout419
 1.032400e-08 4.331726e-08 4.851640e-12 5.364612e-08 fanout1544
 9.608111e-09 4.373532e-08 4.546294e-12 5.334798e-08 fanout415
 1.144942e-08 4.183056e-08 4.000519e-12 5.328398e-08 fanout1392
 1.032117e-08 4.289156e-08 4.349924e-12 5.321708e-08 fanout1002
 1.138411e-08 4.177251e-08 3.995875e-12 5.316061e-08 fanout1395
 1.034977e-08 4.271592e-08 4.349924e-12 5.307004e-08 fanout995
 1.019975e-08 4.282765e-08 3.996097e-12 5.303140e-08 fanout1334
 1.120609e-08 4.168136e-08 3.975967e-12 5.289142e-08 fanout1474
 9.324959e-09 4.351088e-08 4.729570e-12 5.284057e-08 fanout1656
 1.032998e-08 4.220858e-08 4.851640e-12 5.254341e-08 fanout1548
 1.145601e-08 4.105500e-08 4.036135e-12 5.251504e-08 fanout1422
 9.379329e-09 4.279444e-08 4.729570e-12 5.217850e-08 fanout1648
 1.030371e-08 4.186375e-08 4.851640e-12 5.217231e-08 fanout1570
 1.030517e-08 4.175514e-08 4.382107e-12 5.206469e-08 fanout231
 1.036336e-08 4.169475e-08 4.851763e-12 5.206297e-08 fanout67
 8.568473e-09 4.339822e-08 4.756943e-12 5.197145e-08 fanout1119
 1.110255e-08 4.078698e-08 4.276810e-12 5.189380e-08 fanout1364
 1.083613e-08 4.085107e-08 3.966676e-12 5.169117e-08 fanout1483
 9.366123e-09 4.198446e-08 4.729570e-12 5.135531e-08 fanout1673
 9.544334e-09 4.179455e-08 3.761343e-12 5.134265e-08 fanout402
 8.582636e-09 4.247598e-08 4.757044e-12 5.106337e-08 fanout1113
 8.548739e-09 4.217668e-08 4.756943e-12 5.073018e-08 fanout1142
 8.574457e-09 4.207911e-08 4.756943e-12 5.065832e-08 fanout1133
 1.081365e-08 3.982130e-08 4.331671e-12 5.063928e-08 fanout1466
 9.376160e-09 4.124603e-08 4.729570e-12 5.062691e-08 fanout1633
 8.628810e-09 4.198765e-08 4.757044e-12 5.062122e-08 fanout1146
 1.037619e-08 4.006588e-08 4.350048e-12 5.044642e-08 fanout138
 9.972486e-09 4.020957e-08 3.916606e-12 5.018597e-08 fanout1333
 1.097202e-08 3.910417e-08 4.048523e-12 5.008024e-08 fanout1456
 1.037678e-08 3.966715e-08 4.350048e-12 5.004828e-08 fanout173
 9.764902e-09 3.978845e-08 3.916239e-12 4.955726e-08 fanout1331
 1.041458e-08 3.908531e-08 4.851640e-12 4.950475e-08 fanout214
 1.033825e-08 3.888788e-08 4.349557e-12 4.923048e-08 fanout179
 1.077087e-08 3.837813e-08 4.349808e-12 4.915335e-08 fanout1450
 1.064813e-08 3.834553e-08 4.350048e-12 4.899800e-08 fanout109
 1.033822e-08 3.863962e-08 4.349924e-12 4.898219e-08 fanout1004
 9.376215e-09 3.957340e-08 4.729570e-12 4.895435e-08 fanout1671
 1.038172e-08 3.809546e-08 4.381983e-12 4.848156e-08 fanout1592
 1.039914e-08 3.790616e-08 4.851763e-12 4.831015e-08 fanout1562
 8.585891e-09 3.968994e-08 4.756943e-12 4.828059e-08 fanout1137
 1.044243e-08 3.781855e-08 4.851640e-12 4.826584e-08 fanout1554
 1.049659e-08 3.770395e-08 4.349924e-12 4.820489e-08 fanout1015
 8.790064e-09 3.931535e-08 3.972207e-12 4.810938e-08 fanout1795
 8.642592e-09 3.908962e-08 4.757044e-12 4.773697e-08 fanout1147
 8.789083e-09 3.883894e-08 4.335764e-12 4.763236e-08 fanout2110
 8.557187e-09 3.892567e-08 4.756943e-12 4.748762e-08 fanout1111
 1.047091e-08 3.602158e-08 4.015563e-12 4.649650e-08 fanout1355
 1.085731e-08 3.562686e-08 3.970657e-12 4.648814e-08 fanout1471
 1.054838e-08 3.592842e-08 4.851764e-12 4.648166e-08 fanout80
 1.127945e-08 3.502141e-08 4.345828e-12 4.630520e-08 fanout1379
 1.040435e-08 3.579752e-08 4.349924e-12 4.620622e-08 fanout1011
 1.118996e-08 3.500795e-08 4.048522e-12 4.620196e-08 fanout1457
 1.114126e-08 3.499819e-08 3.960703e-12 4.614341e-08 fanout1516
 8.599546e-09 3.741440e-08 4.756943e-12 4.601870e-08 fanout1135
 8.620023e-09 3.729661e-08 4.757044e-12 4.592139e-08 fanout1118
 1.101520e-08 3.472879e-08 4.015340e-12 4.574801e-08 fanout1493
 1.047009e-08 3.515061e-08 4.851747e-12 4.562556e-08 fanout265
 1.004285e-08 3.555454e-08 4.348942e-12 4.560173e-08 fanout142
 5.826995e-09 3.976598e-08 3.707699e-12 4.559668e-08 fanout390
 8.802583e-09 3.624746e-08 4.335430e-12 4.505438e-08 fanout2104
 7.929708e-09 3.708195e-08 4.483198e-12 4.501614e-08 fanout1458
 1.133075e-08 3.326738e-08 4.011360e-12 4.460214e-08 fanout1407
 4.441720e-08 0.000000e+00 3.775678e-12 4.442098e-08 clkload207
 4.438435e-08 0.000000e+00 3.775678e-12 4.438812e-08 clkload262
 1.166275e-08 3.262653e-08 4.318177e-12 4.429360e-08 fanout1330
 4.390844e-08 0.000000e+00 3.775678e-12 4.391221e-08 clkload209
 4.390328e-08 0.000000e+00 3.775678e-12 4.390705e-08 clkload251
 4.390037e-08 0.000000e+00 3.775678e-12 4.390415e-08 clkload261
 4.388288e-08 0.000000e+00 3.775678e-12 4.388665e-08 clkload253
 4.387384e-08 0.000000e+00 3.775678e-12 4.387762e-08 clkload256
 8.839719e-09 3.497964e-08 4.335430e-12 4.382369e-08 fanout2081
 4.380822e-08 0.000000e+00 3.775678e-12 4.381200e-08 clkload98
 8.621432e-09 3.514430e-08 4.757045e-12 4.377049e-08 fanout1126
 4.370660e-08 0.000000e+00 3.775678e-12 4.371038e-08 clkload255
 4.366697e-08 0.000000e+00 3.775678e-12 4.367075e-08 clkload260
 4.356337e-08 0.000000e+00 3.775678e-12 4.356715e-08 clkload212
 4.350154e-08 0.000000e+00 3.775678e-12 4.350532e-08 clkload210
 4.316927e-08 0.000000e+00 3.775678e-12 4.317305e-08 clkload205
 9.933683e-09 3.311463e-08 3.985921e-12 4.305230e-08 fanout1435
 4.291960e-08 0.000000e+00 3.775678e-12 4.292338e-08 clkload127
 4.287259e-08 0.000000e+00 3.775678e-12 4.287637e-08 clkload159
 4.286546e-08 0.000000e+00 3.775678e-12 4.286924e-08 clkload35
 4.285542e-08 0.000000e+00 3.775678e-12 4.285920e-08 clkload108
 4.281067e-08 0.000000e+00 3.775678e-12 4.281444e-08 clkload125
 5.785183e-09 3.700493e-08 3.761393e-12 4.279387e-08 fanout1590
 4.277855e-08 0.000000e+00 3.775678e-12 4.278233e-08 clkload243
 4.277486e-08 0.000000e+00 3.775678e-12 4.277864e-08 clkload149
 4.275808e-08 0.000000e+00 3.775678e-12 4.276185e-08 clkload240
 4.275513e-08 0.000000e+00 3.775678e-12 4.275891e-08 clkload270
 4.274882e-08 0.000000e+00 3.775678e-12 4.275260e-08 clkload220
 4.274452e-08 0.000000e+00 3.775678e-12 4.274830e-08 clkload157
 4.274314e-08 0.000000e+00 3.775678e-12 4.274691e-08 clkload336
 4.273871e-08 0.000000e+00 3.775678e-12 4.274248e-08 clkload239
 4.271021e-08 0.000000e+00 3.775678e-12 4.271398e-08 clkload109
 4.269986e-08 0.000000e+00 3.775678e-12 4.270363e-08 clkload221
 4.269844e-08 0.000000e+00 3.775678e-12 4.270221e-08 clkload105
 4.269266e-08 0.000000e+00 3.775678e-12 4.269644e-08 clkload113
 4.268446e-08 0.000000e+00 3.775678e-12 4.268824e-08 clkload333
 4.261459e-08 0.000000e+00 3.775678e-12 4.261836e-08 clkload167
 4.260285e-08 0.000000e+00 3.775678e-12 4.260663e-08 clkload268
 4.259440e-08 0.000000e+00 3.775678e-12 4.259817e-08 clkload129
 4.258268e-08 0.000000e+00 3.775678e-12 4.258645e-08 clkload166
 4.258196e-08 0.000000e+00 3.775678e-12 4.258574e-08 clkload331
 4.257990e-08 0.000000e+00 3.775678e-12 4.258368e-08 clkload186
 4.254168e-08 0.000000e+00 3.775678e-12 4.254546e-08 clkload326
 4.253099e-08 0.000000e+00 3.775678e-12 4.253477e-08 clkload201
 4.250972e-08 0.000000e+00 3.775678e-12 4.251350e-08 clkload71
 4.248817e-08 0.000000e+00 3.775678e-12 4.249195e-08 clkload170
 4.240862e-08 0.000000e+00 3.775678e-12 4.241240e-08 clkload62
 4.233900e-08 0.000000e+00 3.775678e-12 4.234278e-08 clkload89
 4.233172e-08 0.000000e+00 3.775678e-12 4.233549e-08 clkload283
 4.232701e-08 0.000000e+00 3.775678e-12 4.233079e-08 clkload82
 4.232121e-08 0.000000e+00 3.775678e-12 4.232498e-08 clkload301
 4.230440e-08 0.000000e+00 3.775678e-12 4.230818e-08 clkload86
 4.226699e-08 0.000000e+00 3.775678e-12 4.227076e-08 clkload83
 4.217691e-08 0.000000e+00 3.775678e-12 4.218069e-08 clkload324
 8.773702e-09 3.316118e-08 4.335430e-12 4.193921e-08 fanout2094
 4.168007e-08 0.000000e+00 3.775678e-12 4.168385e-08 clkload36
 4.913923e-09 3.660402e-08 4.611297e-12 4.152255e-08 fanout371
 5.778837e-09 3.564041e-08 4.603758e-12 4.142385e-08 fanout1565
 5.793612e-09 3.535636e-08 3.703656e-12 4.115367e-08 fanout1001
 7.245395e-09 3.365776e-08 4.863306e-12 4.090802e-08 fanout433
 8.642059e-09 3.202201e-08 4.757044e-12 4.066882e-08 fanout1116
 5.794792e-09 3.371368e-08 4.603758e-12 3.951308e-08 fanout1543
 5.780910e-09 3.323151e-08 4.603758e-12 3.901702e-08 fanout1572
 7.964846e-09 3.104480e-08 4.483497e-12 3.901413e-08 fanout1459
 8.460793e-09 3.054456e-08 3.691166e-12 3.900905e-08 fanout359
 9.298389e-09 2.969757e-08 3.906728e-12 3.899986e-08 fanout1359
 5.803314e-09 3.302562e-08 4.603758e-12 3.883354e-08 fanout1536
 8.404623e-09 3.010975e-08 3.691224e-12 3.851807e-08 fanout357
 7.721694e-09 2.979464e-08 4.861495e-12 3.752119e-08 fanout437
 5.804624e-09 3.162952e-08 3.703656e-12 3.743784e-08 fanout1005
 5.857405e-09 3.032157e-08 3.707699e-12 3.618268e-08 fanout386
 5.796889e-09 3.020537e-08 4.603758e-12 3.600686e-08 fanout1564
 5.802137e-09 3.016867e-08 3.707693e-12 3.597452e-08 fanout388
 7.800293e-09 2.737607e-08 3.691544e-12 3.518005e-08 fanout355
 5.804808e-09 2.936996e-08 3.703656e-12 3.517847e-08 fanout1008
 5.799443e-09 2.923916e-08 4.603758e-12 3.504321e-08 fanout1561
 5.831884e-09 2.911782e-08 4.603979e-12 3.495431e-08 fanout261
 5.904024e-09 2.893718e-08 4.603979e-12 3.484580e-08 fanout91
 5.839258e-09 2.896800e-08 4.603758e-12 3.481186e-08 fanout1551
 5.844270e-09 2.892854e-08 3.703656e-12 3.477651e-08 fanout1013
 5.807250e-09 2.864759e-08 3.703656e-12 3.445854e-08 fanout1019
 5.259448e-09 2.879654e-08 4.384759e-12 3.406037e-08 fanout1643
 7.308528e-09 2.673736e-08 4.338437e-12 3.405022e-08 fanout434
 6.007430e-09 2.780299e-08 3.703657e-12 3.381412e-08 fanout145
 5.808249e-09 2.771935e-08 3.707693e-12 3.353131e-08 fanout389
 5.872132e-09 2.738083e-08 4.546907e-12 3.325751e-08 fanout1041
 5.866410e-09 2.733788e-08 4.603758e-12 3.320889e-08 fanout190
 7.277855e-09 2.591333e-08 4.863306e-12 3.319605e-08 fanout432
 5.883334e-09 2.694078e-08 3.707699e-12 3.282783e-08 fanout387
 8.840134e-09 2.386365e-08 3.852753e-12 3.270763e-08 fanout1448
 5.281990e-09 2.709883e-08 4.384759e-12 3.238520e-08 fanout1659
 6.394576e-09 2.586648e-08 3.703669e-12 3.226476e-08 fanout95
 5.276834e-09 2.662164e-08 4.384759e-12 3.190286e-08 fanout1662
 1.377504e-08 1.789963e-08 3.888701e-12 3.167856e-08 fanout1254
 5.920986e-09 2.544952e-08 4.603980e-12 3.137511e-08 fanout81
 5.849146e-09 2.523598e-08 3.703656e-12 3.108883e-08 fanout1012
 6.059745e-09 2.476128e-08 4.603760e-12 3.082563e-08 fanout99
 4.824254e-09 2.585246e-08 4.433868e-12 3.068115e-08 fanout1136
 6.074138e-09 2.429101e-08 3.702985e-12 3.036885e-08 fanout219
 5.276567e-09 2.473703e-08 4.384925e-12 3.001798e-08 fanout1637
 5.820804e-09 2.382051e-08 3.761393e-12 2.964507e-08 fanout1586
 5.264206e-09 2.397729e-08 4.384759e-12 2.924588e-08 fanout1653
 5.916224e-09 2.331860e-08 3.703435e-12 2.923852e-08 fanout149
 5.828745e-09 2.303362e-08 4.546686e-12 2.886692e-08 fanout1048
 6.018892e-09 2.242267e-08 4.603759e-12 2.844617e-08 fanout136
 5.841072e-09 2.186036e-08 3.703656e-12 2.770513e-08 fanout1016
 5.813765e-09 2.173654e-08 4.546907e-12 2.755485e-08 fanout1044
 5.962931e-09 2.141253e-08 4.603979e-12 2.738006e-08 fanout101
 5.851541e-09 2.151944e-08 4.603758e-12 2.737559e-08 fanout1558
 4.886873e-09 2.226219e-08 3.694231e-12 2.715276e-08 fanout425
 2.703297e-08 0.000000e+00 1.567550e-12 2.703453e-08 clkload0
 5.801239e-09 2.080494e-08 3.761172e-12 2.660994e-08 fanout1589
 4.829458e-09 2.105093e-08 4.613399e-12 2.588500e-08 fanout427
 4.840017e-09 2.102017e-08 4.433868e-12 2.586462e-08 fanout1138
 4.822575e-09 2.010063e-08 4.433868e-12 2.492764e-08 fanout1123
 5.898817e-09 1.837130e-08 3.707699e-12 2.427382e-08 fanout384
 4.847220e-09 1.850819e-08 4.611346e-12 2.336002e-08 fanout369
 4.481897e-09 1.869112e-08 4.256682e-12 2.317727e-08 fanout1873
 9.884202e-09 1.225599e-08 3.876227e-12 2.214407e-08 fanout1229
 4.840595e-09 1.718800e-08 4.433868e-12 2.203303e-08 fanout1140
 4.334232e-09 1.646501e-08 4.621439e-12 2.080386e-08 fanout438
 7.137365e-09 1.311170e-08 1.181000e-12 2.025025e-08 max_cap772
 6.476593e-09 1.331826e-08 1.181000e-12 1.979604e-08 max_cap736
 4.096818e-09 1.557700e-08 4.864920e-12 1.967868e-08 fanout601
 6.717822e-09 1.199203e-08 1.181000e-12 1.871104e-08 max_cap735
 6.977698e-09 1.155598e-08 1.181000e-12 1.853486e-08 max_cap748
 6.343795e-09 1.095612e-08 1.181000e-12 1.730110e-08 wire754
 6.529436e-09 1.009172e-08 1.181000e-12 1.662234e-08 wire769
 7.161715e-09 9.157162e-09 1.181000e-12 1.632006e-08 wire744
 5.548252e-09 1.066190e-08 1.181000e-12 1.621134e-08 max_cap759
 6.931172e-09 9.222079e-09 1.181000e-12 1.615443e-08 max_cap755
 6.396041e-09 9.649172e-09 1.181000e-12 1.604639e-08 max_cap727
 6.228558e-09 9.627200e-09 1.181000e-12 1.585694e-08 max_cap771
 5.932895e-09 9.921075e-09 1.181000e-12 1.585515e-08 wire738
 6.472306e-09 9.380400e-09 1.181000e-12 1.585389e-08 max_cap749
 6.378225e-09 9.168284e-09 1.181000e-12 1.554769e-08 wire750
 3.510415e-09 1.199740e-08 3.685017e-12 1.551150e-08 max_cap300
 6.471837e-09 8.946121e-09 1.181000e-12 1.541914e-08 max_cap742
 6.544039e-09 8.871110e-09 1.181000e-12 1.541633e-08 max_cap765
 2.883455e-09 1.246769e-08 3.692703e-12 1.535484e-08 fanout605
 6.300236e-09 8.877181e-09 1.181000e-12 1.517860e-08 max_cap752
 6.545199e-09 8.261348e-09 1.181000e-12 1.480773e-08 max_cap766
 6.619498e-09 8.096259e-09 1.181000e-12 1.471694e-08 max_cap763
 6.629830e-09 8.049217e-09 1.181000e-12 1.468023e-08 wire757
 6.186669e-09 8.293474e-09 1.181000e-12 1.448132e-08 wire741
 6.658522e-09 7.641540e-09 1.181000e-12 1.430124e-08 max_cap761
 7.068223e-09 6.744702e-09 1.181000e-12 1.381411e-08 max_cap773
 5.908453e-09 7.856695e-09 1.181000e-12 1.376633e-08 max_cap731
 6.388316e-09 7.326811e-09 1.181000e-12 1.371631e-08 max_cap751
 6.278726e-09 7.149641e-09 1.181000e-12 1.342955e-08 max_cap740
 5.516161e-09 7.744712e-09 1.181000e-12 1.326205e-08 max_cap746
 5.612836e-09 7.608207e-09 1.181000e-12 1.322223e-08 max_cap760
 6.343767e-09 6.858682e-09 1.181000e-12 1.320363e-08 max_cap739
 5.956526e-09 7.201256e-09 1.181000e-12 1.315896e-08 max_cap737
 5.855150e-09 7.195899e-09 1.181000e-12 1.305223e-08 wire730
 6.565898e-09 6.459968e-09 1.181000e-12 1.302705e-08 max_cap768
 6.348895e-09 6.635021e-09 1.181000e-12 1.298510e-08 max_cap753
 4.104366e-09 8.511720e-09 1.181000e-12 1.261727e-08 max_cap747
 5.524098e-09 7.053951e-09 1.181000e-12 1.257923e-08 max_cap734
 5.841715e-09 6.398641e-09 1.181000e-12 1.224154e-08 max_cap770
 3.503419e-09 8.403842e-09 3.685007e-12 1.191095e-08 max_cap299
 6.012101e-09 5.761628e-09 1.181000e-12 1.177491e-08 max_cap767
 7.180997e-09 4.504280e-09 1.181000e-12 1.168646e-08 max_cap743
 2.301950e-09 8.400931e-09 4.627583e-12 1.070751e-08 fanout598
 5.939782e-09 4.536520e-09 1.181000e-12 1.047748e-08 max_cap729
 6.687557e-09 3.744074e-09 1.181000e-12 1.043281e-08 max_cap756
 4.193522e-09 5.800036e-09 1.181000e-12 9.994739e-09 wire733
 4.241356e-09 5.060223e-09 1.181000e-12 9.302759e-09 max_cap732
 2.822902e-09 6.423599e-09 3.672400e-12 9.250173e-09 max_cap303
 9.544616e-10 8.091662e-09 4.640737e-12 9.050765e-09 fanout374
 1.706096e-09 7.269678e-09 4.553101e-12 8.980327e-09 fanout1874
 2.117232e-09 6.275509e-09 3.671221e-12 8.396411e-09 max_cap306
 1.356778e-09 4.088635e-09 3.671177e-12 5.449084e-09 wire1052
 2.104031e-09 3.167174e-09 1.181000e-12 5.272386e-09 max_cap341
 1.429989e-09 3.561087e-09 3.672087e-12 4.994749e-09 max_cap317
 1.429900e-09 3.211790e-09 3.672087e-12 4.645362e-09 max_cap318
 9.125838e-10 2.983691e-09 3.660562e-12 3.899935e-09 max_cap302
 1.508353e-09 2.341966e-09 1.181000e-12 3.851500e-09 max_cap327
 1.427668e-09 1.832804e-09 1.181000e-12 3.261654e-09 max_cap337
 8.047240e-10 2.448186e-09 3.663649e-12 3.256574e-09 max_cap309
 1.397348e-09 1.705441e-09 1.181000e-12 3.103970e-09 max_cap340
 8.028642e-10 2.056486e-09 3.663650e-12 2.863014e-09 max_cap308
 1.258671e-09 1.588283e-09 1.181000e-12 2.848136e-09 max_cap764
 8.062094e-10 1.975938e-09 3.663642e-12 2.785811e-09 max_cap307
 3.537806e-10 2.308707e-09 3.659653e-12 2.666148e-09 wire235
 7.872645e-10 1.798607e-09 4.325399e-12 2.590197e-09 wire321
 4.439171e-10 1.915913e-09 3.659656e-12 2.363490e-09 max_cap323
 6.637408e-10 1.656924e-09 1.181000e-12 2.321845e-09 max_cap1050
 1.085974e-09 1.215300e-09 1.181000e-12 2.302456e-09 max_cap331
 6.799168e-10 1.562036e-09 1.181000e-12 2.243133e-09 max_cap1051
 4.468735e-10 1.718136e-09 3.659656e-12 2.168669e-09 wire322
 5.342527e-10 1.532649e-09 1.181000e-12 2.068082e-09 max_cap365
 5.297584e-10 1.404313e-09 4.325764e-12 1.938398e-09 wire314
 7.103685e-10 1.139817e-09 1.181000e-12 1.851366e-09 max_cap336
 3.304908e-10 1.439661e-09 3.664078e-12 1.773816e-09 wire312
 8.151789e-10 9.520665e-10 1.181000e-12 1.768427e-09 max_cap326
 2.990604e-10 1.457997e-09 3.660313e-12 1.760718e-09 wire316
 6.035271e-10 1.137796e-09 1.181000e-12 1.742504e-09 max_cap338
 6.435533e-10 9.742659e-10 1.181000e-12 1.619000e-09 max_cap363
 2.994112e-10 1.307597e-09 3.660314e-12 1.610669e-09 wire315
 3.294076e-10 1.269347e-09 3.664075e-12 1.602418e-09 max_cap313
 6.887740e-10 8.791068e-10 1.181000e-12 1.569062e-09 max_cap345
 3.293786e-10 1.185674e-09 3.664076e-12 1.518717e-09 wire311
 5.461137e-10 9.600414e-10 1.181000e-12 1.507336e-09 wire362
 5.329284e-10 8.412875e-10 1.181000e-12 1.375397e-09 wire366
 2.327478e-10 1.075132e-09 4.251152e-12 1.312131e-09 fanout1892
 5.469901e-10 7.296913e-10 1.181000e-12 1.277862e-09 max_cap361
 5.517286e-10 6.927531e-10 1.181000e-12 1.245663e-09 max_cap329
 2.266797e-10 9.584518e-10 4.251152e-12 1.189383e-09 fanout1891
 2.336823e-10 9.346800e-10 3.722236e-12 1.172085e-09 fanout1862
 5.243315e-10 5.720937e-10 1.181000e-12 1.097606e-09 max_cap364
 4.249258e-10 6.646693e-10 1.181000e-12 1.090776e-09 max_cap330
 1.523890e-10 8.778610e-10 1.414552e-11 1.044395e-09 fanout2055
 3.059165e-10 6.149091e-10 1.181000e-12 9.220065e-10 max_cap333
 2.635289e-10 4.199502e-10 1.181000e-12 6.846602e-10 max_cap332
 1.256835e-10 4.985398e-10 4.583628e-12 6.288068e-10 fanout1887
 1.122208e-10 4.604479e-10 3.677332e-12 5.763460e-10 fanout1884
 1.131164e-10 4.433754e-10 3.672908e-12 5.601647e-10 fanout1875
 1.280403e-10 3.768889e-10 4.583628e-12 5.095128e-10 fanout1888
 2.091334e-10 2.620312e-10 1.181000e-12 4.723456e-10 max_cap335
 3.579320e-11 3.617704e-10 3.659639e-12 4.012232e-10 wire320
 1.565680e-10 2.124732e-10 1.181000e-12 3.702222e-10 max_cap334
 6.415252e-11 2.698279e-10 4.876299e-12 3.388567e-10 fanout232
 3.807697e-11 2.938165e-10 4.328469e-12 3.362220e-10 fanout1964
 1.020308e-10 1.797543e-10 1.181000e-12 2.829660e-10 wire347
 3.835426e-11 2.173743e-10 4.328469e-12 2.600570e-10 fanout2016
 1.022451e-10 1.318455e-10 1.181000e-12 2.352716e-10 max_cap346
 3.840373e-11 1.842311e-10 4.328469e-12 2.269633e-10 fanout2033
 2.156414e-11 1.721777e-10 3.665165e-12 1.974070e-10 fanout2040
 3.659366e-11 1.510934e-10 3.659641e-12 1.913467e-10 max_cap301
 6.690713e-11 1.005652e-10 1.181000e-12 1.686534e-10 max_cap325
 2.187818e-11 1.324255e-10 3.665165e-12 1.579688e-10 fanout1969
 2.172732e-11 1.325011e-10 3.665165e-12 1.578936e-10 fanout1996
 2.164656e-11 1.308257e-10 3.665165e-12 1.561374e-10 fanout1936
 2.175974e-11 1.297809e-10 3.665165e-12 1.552058e-10 fanout1933
 2.189905e-11 1.279591e-10 3.665165e-12 1.535234e-10 fanout1925
 2.167490e-11 1.266733e-10 3.665165e-12 1.520134e-10 fanout2022
 2.168658e-11 1.248480e-10 3.665165e-12 1.501998e-10 fanout2009
 2.168345e-11 1.232968e-10 3.665165e-12 1.486454e-10 fanout2027
 6.697678e-11 7.732637e-11 1.181000e-12 1.454842e-10 max_cap342
 2.176147e-11 1.192483e-10 3.665165e-12 1.446750e-10 fanout2014
 2.172932e-11 1.180362e-10 3.665165e-12 1.434307e-10 fanout1959
 2.172700e-11 1.174380e-10 3.665165e-12 1.428301e-10 fanout1914
 2.171047e-11 1.166867e-10 3.665165e-12 1.420623e-10 fanout2047
 2.189722e-11 1.156966e-10 3.665166e-12 1.412590e-10 fanout1921
 2.193117e-11 1.105930e-10 3.665165e-12 1.361893e-10 fanout1983
 2.174308e-11 1.089217e-10 3.665166e-12 1.343299e-10 fanout1955
 2.196861e-11 1.085718e-10 3.665165e-12 1.342056e-10 fanout1967
 2.197042e-11 1.080954e-10 3.665165e-12 1.337310e-10 fanout1966
 2.185230e-11 1.067197e-10 3.665165e-12 1.322372e-10 fanout1931
 2.201434e-11 1.055349e-10 3.665166e-12 1.312144e-10 fanout2012
 2.173391e-11 1.056027e-10 3.665165e-12 1.310018e-10 fanout2052
 2.180685e-11 1.042417e-10 3.665165e-12 1.297137e-10 fanout2008
 2.174775e-11 1.037295e-10 3.665165e-12 1.291424e-10 fanout2003
 2.188977e-11 1.035286e-10 3.665165e-12 1.290835e-10 fanout1949
 2.182741e-11 1.029492e-10 3.665165e-12 1.284418e-10 fanout1913
 2.196925e-11 1.025952e-10 3.665166e-12 1.282296e-10 fanout1999
 2.174729e-11 1.025695e-10 3.665165e-12 1.279819e-10 fanout1909
 2.196102e-11 1.023342e-10 3.665165e-12 1.279604e-10 fanout1982
 2.197102e-11 1.014050e-10 3.665166e-12 1.270412e-10 fanout1950
 2.183264e-11 1.012708e-10 3.665165e-12 1.267686e-10 fanout1912
 2.175686e-11 1.011807e-10 3.665165e-12 1.266027e-10 fanout1934
 2.196829e-11 1.004317e-10 3.665165e-12 1.260651e-10 fanout1979
 2.175052e-11 1.002749e-10 3.665165e-12 1.256906e-10 fanout1993
 2.183612e-11 1.001792e-10 3.665165e-12 1.256805e-10 fanout1911
 2.175469e-11 1.002087e-10 3.665165e-12 1.256285e-10 fanout2048
 2.203230e-11 9.977217e-11 3.665166e-12 1.254696e-10 fanout2005
 2.175207e-11 9.996826e-11 3.665165e-12 1.253855e-10 fanout1968
 2.177612e-11 9.975429e-11 3.665166e-12 1.251956e-10 fanout2045
 2.206469e-11 9.863438e-11 3.665166e-12 1.243642e-10 fanout1975
 2.179220e-11 9.815002e-11 3.665166e-12 1.236074e-10 fanout1923
 2.189663e-11 9.790536e-11 3.665165e-12 1.234672e-10 fanout1965
 2.193475e-11 9.691858e-11 3.665166e-12 1.225185e-10 fanout2029
 2.179209e-11 9.676494e-11 3.665165e-12 1.222222e-10 fanout1985
 2.177089e-11 9.678357e-11 3.665165e-12 1.222196e-10 fanout1945
 2.193160e-11 9.646134e-11 3.665166e-12 1.220581e-10 fanout1908
 2.179494e-11 9.650107e-11 3.665165e-12 1.219612e-10 fanout2018
 2.179544e-11 9.633556e-11 3.665165e-12 1.217962e-10 fanout2017
 2.191051e-11 9.603217e-11 3.665166e-12 1.216078e-10 fanout1930
 2.179395e-11 9.598362e-11 3.665165e-12 1.214427e-10 fanout1957
 2.203638e-11 9.552582e-11 3.665165e-12 1.212274e-10 fanout1901
 2.179002e-11 9.563656e-11 3.665165e-12 1.210917e-10 fanout1918
 2.177972e-11 9.537543e-11 3.665166e-12 1.208203e-10 fanout1954
 2.178311e-11 9.494770e-11 3.665166e-12 1.203960e-10 fanout2038
 2.187972e-11 9.451456e-11 3.665165e-12 1.200594e-10 fanout1971
 2.181797e-11 9.450431e-11 3.665165e-12 1.199875e-10 fanout2025
 2.177501e-11 9.429962e-11 3.665165e-12 1.197398e-10 fanout2028
 2.206680e-11 9.337881e-11 3.665166e-12 1.191108e-10 fanout1939
 2.180208e-11 9.336212e-11 3.665165e-12 1.188294e-10 fanout1984
 2.201208e-11 9.269698e-11 3.665166e-12 1.183742e-10 fanout1997
 2.200983e-11 9.256518e-11 3.665166e-12 1.182402e-10 fanout1951
 2.182148e-11 9.176967e-11 3.665165e-12 1.172563e-10 fanout2023
 2.192460e-11 9.115842e-11 3.665165e-12 1.167482e-10 fanout1952
 2.193513e-11 9.061284e-11 3.665166e-12 1.162131e-10 fanout1998
 2.177241e-11 9.058614e-11 3.665165e-12 1.160237e-10 fanout2041
 2.180068e-11 9.023714e-11 3.665165e-12 1.157030e-10 fanout2020
 2.180123e-11 8.964427e-11 3.665165e-12 1.151107e-10 fanout1977
 2.192370e-11 8.906839e-11 3.665166e-12 1.146573e-10 fanout2011
 2.186359e-11 8.865330e-11 3.665166e-12 1.141821e-10 fanout1920
 2.201603e-11 8.770055e-11 3.665166e-12 1.133817e-10 fanout2031
 2.180059e-11 8.789223e-11 3.665166e-12 1.133580e-10 fanout1991
 2.180661e-11 8.767191e-11 3.665165e-12 1.131437e-10 fanout1906
 2.188099e-11 8.714927e-11 3.665165e-12 1.126954e-10 fanout1970
 2.197394e-11 8.669881e-11 3.665165e-12 1.123379e-10 fanout1917
 2.196889e-11 8.656418e-11 3.665166e-12 1.121982e-10 fanout1944
 2.209951e-11 8.630519e-11 3.665166e-12 1.120699e-10 fanout1987
 2.201512e-11 8.613405e-11 3.665165e-12 1.118143e-10 fanout1905
 2.183726e-11 8.605300e-11 3.665166e-12 1.115554e-10 fanout1902
 2.202480e-11 8.579939e-11 3.665166e-12 1.114894e-10 fanout1916
 2.177425e-11 8.601304e-11 3.665165e-12 1.114525e-10 fanout2043
 2.183403e-11 8.568086e-11 3.665165e-12 1.111801e-10 fanout2015
 2.197456e-11 8.468899e-11 3.665166e-12 1.103287e-10 fanout2037
 2.180645e-11 8.483963e-11 3.665165e-12 1.103112e-10 fanout1904
 2.181448e-11 8.465482e-11 3.665165e-12 1.101345e-10 fanout1937
 2.186347e-11 8.414465e-11 3.665166e-12 1.096733e-10 fanout2050
 2.183097e-11 8.337644e-11 3.665166e-12 1.088726e-10 fanout2006
 2.186194e-11 8.266069e-11 3.665166e-12 1.081878e-10 fanout2035
 2.177372e-11 8.271304e-11 3.665166e-12 1.081519e-10 fanout1960
 2.181348e-11 8.239830e-11 3.665165e-12 1.078769e-10 fanout1940
 2.192382e-11 8.226804e-11 3.665166e-12 1.078570e-10 fanout1948
 2.205880e-11 8.194786e-11 3.665166e-12 1.076718e-10 fanout1994
 2.177464e-11 8.218107e-11 3.665166e-12 1.076209e-10 fanout1980
 2.177307e-11 7.963848e-11 3.665166e-12 1.050767e-10 fanout1961
 2.193332e-11 7.638699e-11 3.665166e-12 1.019855e-10 fanout1989
 2.181037e-11 7.504039e-11 3.665165e-12 1.005159e-10 fanout1938
 1.278514e-11 6.584933e-11 4.325386e-12 8.295986e-11 fanout1531
 1.317987e-11 6.448021e-11 4.876300e-12 8.253638e-11 fanout1897
 3.130979e-11 4.696538e-11 1.181000e-12 7.945617e-11 max_cap344
 1.320287e-11 5.659247e-11 4.325386e-12 7.412073e-11 fanout1854
 1.324442e-11 5.867266e-11 1.181000e-12 7.309808e-11 fanout1935
 1.296623e-11 5.481789e-11 4.325386e-12 7.210951e-11 fanout1527
 1.290776e-11 5.228314e-11 4.876300e-12 7.006720e-11 fanout1583
 3.096761e-11 3.778333e-11 1.181000e-12 6.993194e-11 max_cap339
 3.125189e-11 3.730507e-11 1.181000e-12 6.973797e-11 max_cap343
 1.307946e-11 4.944237e-11 4.325386e-12 6.684722e-11 fanout296
 1.299741e-11 4.852785e-11 4.325386e-12 6.585064e-11 fanout1530
 7.296791e-12 5.355786e-11 3.659634e-12 6.451429e-11 fanout1526
 2.211979e-11 3.359592e-11 1.181000e-12 5.689672e-11 wire348
 7.361567e-12 3.465942e-11 3.659635e-12 4.568062e-11 fanout228
 7.241008e-12 3.176552e-11 3.659634e-12 4.266617e-11 fanout1532
 1.332218e-11 1.810365e-11 1.181000e-12 3.260683e-11 max_cap328
 3.060071e-17 1.741273e-16 1.049531e-11 1.049551e-11 fanout2479
 1.512366e-17 7.102293e-17 6.868601e-12 6.868687e-12 fanout2462
 7.653397e-18 5.775304e-17 4.873834e-12 4.873899e-12 fanout2458
 7.645087e-18 5.299723e-17 4.873834e-12 4.873895e-12 fanout2467
 7.633841e-18 5.182521e-17 4.873834e-12 4.873893e-12 fanout2453
 7.636277e-18 4.991593e-17 4.873834e-12 4.873892e-12 fanout2455
 7.659996e-18 4.670586e-17 4.873834e-12 4.873888e-12 fanout2451
 7.670423e-18 4.621836e-17 4.873834e-12 4.873888e-12 fanout2454
 7.671673e-18 4.361233e-17 4.873834e-12 4.873885e-12 fanout2450
 7.730196e-18 4.312932e-17 4.873834e-12 4.873885e-12 fanout2461
 7.678529e-18 4.183317e-17 4.873834e-12 4.873883e-12 fanout2452
 7.746093e-18 4.120496e-17 4.873834e-12 4.873883e-12 fanout2474
 7.769663e-18 3.971501e-17 4.873834e-12 4.873881e-12 fanout2464
 7.705732e-18 3.903718e-17 4.873834e-12 4.873881e-12 fanout2476
 7.716094e-18 3.762058e-17 4.873834e-12 4.873880e-12 fanout2459
 7.741254e-18 3.675258e-17 4.873834e-12 4.873879e-12 fanout2446
 7.747079e-18 3.540858e-17 4.873834e-12 4.873877e-12 fanout2447
 7.759037e-18 3.277967e-17 4.873834e-12 4.873874e-12 fanout2449
 7.788520e-18 3.186412e-17 4.873834e-12 4.873873e-12 fanout2475
 0.000000e+00 0.000000e+00 4.648000e-12 4.648000e-12 input12
 4.368644e-18 1.967424e-17 4.643576e-12 4.643600e-12 fanout2465
 8.287615e-16 4.763002e-15 4.492046e-12 4.497638e-12 fanout2438
 2.477213e-15 1.162491e-14 4.422894e-12 4.436996e-12 fanout993
 7.623706e-18 5.759391e-17 4.327668e-12 4.327733e-12 fanout2290
 7.647382e-18 5.306161e-17 4.327668e-12 4.327728e-12 fanout2341
 7.638654e-18 5.207081e-17 4.327667e-12 4.327727e-12 fanout2258
 7.652349e-18 5.138385e-17 4.327668e-12 4.327727e-12 fanout2361
 7.656331e-18 4.744038e-17 4.327668e-12 4.327723e-12 fanout2256
 7.649468e-18 4.836021e-17 4.327667e-12 4.327723e-12 fanout2378
 7.672511e-18 4.696621e-17 4.327668e-12 4.327722e-12 fanout2266
 7.678820e-18 4.634341e-17 4.327668e-12 4.327722e-12 fanout2275
 7.675425e-18 4.548749e-17 4.327668e-12 4.327721e-12 fanout2364
 7.677178e-18 4.517826e-17 4.327668e-12 4.327720e-12 fanout2394
 7.677348e-18 4.365101e-17 4.327668e-12 4.327719e-12 fanout2316
 7.686098e-18 4.295869e-17 4.327668e-12 4.327718e-12 fanout2387
 7.686157e-18 4.281935e-17 4.327668e-12 4.327718e-12 fanout2309
 7.682835e-18 4.197806e-17 4.327668e-12 4.327717e-12 fanout2331
 7.707082e-18 4.087463e-17 4.327668e-12 4.327716e-12 fanout2274
 7.683283e-18 3.998888e-17 4.327668e-12 4.327715e-12 fanout2339
 7.706163e-18 3.976428e-17 4.327668e-12 4.327715e-12 fanout2397
 7.680444e-18 3.977156e-17 4.327668e-12 4.327715e-12 fanout2432
 7.750154e-18 3.881394e-17 4.327668e-12 4.327714e-12 fanout2338
 7.701238e-18 3.729514e-17 4.327668e-12 4.327713e-12 fanout2336
 7.726513e-18 3.582580e-17 4.327668e-12 4.327711e-12 fanout2265
 7.718975e-18 3.556745e-17 4.327668e-12 4.327711e-12 fanout2273
 7.779032e-18 3.560225e-17 4.327668e-12 4.327711e-12 fanout2332
 7.695431e-18 3.578412e-17 4.327668e-12 4.327711e-12 fanout2428
 7.699913e-18 3.459234e-17 4.327668e-12 4.327710e-12 fanout2426
 7.722620e-18 3.416207e-17 4.327668e-12 4.327710e-12 fanout2380
 7.761608e-18 3.345034e-17 4.327668e-12 4.327709e-12 fanout2329
 7.712977e-18 3.257107e-17 4.327668e-12 4.327708e-12 fanout2257
 7.709921e-18 3.220774e-17 4.327668e-12 4.327707e-12 fanout2281
 7.711117e-18 3.237572e-17 4.327668e-12 4.327707e-12 fanout2286
 7.718204e-18 3.160244e-17 4.327668e-12 4.327707e-12 fanout2351
 7.713854e-18 3.175453e-17 4.327668e-12 4.327707e-12 fanout2374
 7.745670e-18 3.108782e-17 4.327668e-12 4.327707e-12 fanout2406
 7.774561e-18 3.073070e-17 4.327668e-12 4.327706e-12 fanout2314
 7.800636e-18 3.093357e-17 4.327668e-12 4.327706e-12 fanout2335
 7.737505e-18 3.058886e-17 4.327668e-12 4.327706e-12 fanout2379
 7.769005e-18 3.055577e-17 4.327668e-12 4.327706e-12 fanout2386
 7.738299e-18 3.044509e-17 4.327668e-12 4.327706e-12 fanout2421
 7.817165e-18 2.977527e-17 4.327668e-12 4.327705e-12 fanout2427
 7.791506e-18 3.008335e-17 4.327668e-12 4.327705e-12 fanout2430
 7.823195e-18 2.929649e-17 4.327668e-12 4.327705e-12 fanout2259
 7.764003e-18 2.940277e-17 4.327668e-12 4.327705e-12 fanout2292
 7.793563e-18 2.962130e-17 4.327668e-12 4.327705e-12 fanout2431
 7.766073e-18 2.890666e-17 4.327668e-12 4.327704e-12 fanout2296
 7.743031e-18 2.929548e-17 4.327668e-12 4.327704e-12 fanout2419
 7.817422e-18 2.856137e-17 4.327668e-12 4.327704e-12 fanout2312
 7.764226e-18 2.738444e-17 4.327668e-12 4.327703e-12 fanout2362
 1.552767e-15 1.290739e-14 4.226262e-12 4.240722e-12 fanout2234
 2.223898e-15 1.471294e-14 4.223093e-12 4.240030e-12 fanout994
 1.560068e-15 9.693450e-15 4.081038e-12 4.092291e-12 fanout2441
 4.319562e-18 3.098371e-17 3.663726e-12 3.663762e-12 fanout2377
 4.325561e-18 2.967585e-17 3.663726e-12 3.663760e-12 fanout2433
 4.323641e-18 2.822371e-17 3.663726e-12 3.663759e-12 fanout2287
 4.321852e-18 2.820442e-17 3.663726e-12 3.663759e-12 fanout2376
 4.341087e-18 2.778201e-17 3.663726e-12 3.663759e-12 fanout2322
 4.363930e-18 2.694207e-17 3.663726e-12 3.663758e-12 fanout2272
 4.337056e-18 2.554728e-17 3.663726e-12 3.663756e-12 fanout2411
 4.346687e-18 2.501964e-17 3.663726e-12 3.663756e-12 fanout2248
 4.344099e-18 2.415122e-17 3.663727e-12 3.663756e-12 fanout2410
 4.378386e-18 2.395840e-17 3.663726e-12 3.663755e-12 fanout2237
 4.368206e-18 2.369809e-17 3.663726e-12 3.663755e-12 fanout2244
 4.335224e-18 2.382818e-17 3.663726e-12 3.663755e-12 fanout2282
 4.332714e-18 2.405221e-17 3.663726e-12 3.663755e-12 fanout2321
 4.385434e-18 2.322113e-17 3.663726e-12 3.663754e-12 fanout2240
 4.333209e-18 2.357997e-17 3.663726e-12 3.663754e-12 fanout2346
 4.346011e-18 2.214397e-17 3.663726e-12 3.663753e-12 fanout2416
 4.368860e-18 2.177446e-17 3.663726e-12 3.663752e-12 fanout2415
 4.339783e-18 2.109201e-17 3.663726e-12 3.663752e-12 fanout2245
 4.356926e-18 1.997060e-17 3.663727e-12 3.663752e-12 fanout2418
 4.343951e-18 2.051638e-17 3.663726e-12 3.663751e-12 fanout2280
 4.341897e-18 2.037338e-17 3.663726e-12 3.663751e-12 fanout2371
 4.364597e-18 2.007117e-17 3.663726e-12 3.663751e-12 fanout2313
 4.358927e-18 2.009508e-17 3.663726e-12 3.663751e-12 fanout2389
 4.391945e-18 1.932145e-17 3.663726e-12 3.663750e-12 fanout2383
 4.345217e-18 1.891019e-17 3.663726e-12 3.663750e-12 fanout2238
 4.357344e-18 1.920433e-17 3.663726e-12 3.663750e-12 fanout2262
 4.395869e-18 1.868698e-17 3.663726e-12 3.663749e-12 fanout2261
 4.386695e-18 1.760013e-17 3.663727e-12 3.663749e-12 fanout2333
 4.345297e-18 1.778049e-17 3.663726e-12 3.663749e-12 fanout2354
 4.346088e-18 1.756619e-17 3.663726e-12 3.663749e-12 fanout2366
 4.345158e-18 1.749094e-17 3.663726e-12 3.663748e-12 fanout2360
 4.394059e-18 1.657267e-17 3.663727e-12 3.663748e-12 fanout2425
 4.368510e-18 1.543062e-17 3.663727e-12 3.663747e-12 fanout2326
 4.353453e-18 1.608134e-17 3.663726e-12 3.663747e-12 fanout2299
 4.344487e-18 1.617366e-17 3.663726e-12 3.663747e-12 fanout2358
 4.373249e-18 1.523091e-17 3.663726e-12 3.663746e-12 fanout2294
 4.355561e-18 1.409843e-17 3.663727e-12 3.663746e-12 fanout2405
 4.375117e-18 1.403797e-17 3.663727e-12 3.663746e-12 fanout2414
 5.415442e-16 2.562116e-15 1.181000e-12 1.184104e-12 input6
 7.737290e-16 8.997594e-16 1.181000e-12 1.182673e-12 input11
