     Internal    Switching      Leakage        Total
        Power        Power        Power        Power (Watts)
----------------------------------------------------
 1.707430e-06 4.905289e-06 8.414977e-11 6.612804e-06 clkbuf_1_1__f_core_clk
 1.700337e-06 3.963041e-06 8.414977e-11 5.663462e-06 clkbuf_1_0__f_core_clk
 5.713320e-07 2.479805e-06 8.247616e-11 3.051219e-06 clkbuf_0_w_clk
 1.648805e-06 1.355222e-06 8.414977e-11 3.004111e-06 clkbuf_0_core_clk
 6.485916e-07 2.219451e-06 8.259973e-11 2.868125e-06 clkbuf_0_v_clk
 1.714133e-06 7.311684e-07 8.422650e-11 2.445385e-06 clkbuf_0_clk
 3.210496e-07 1.974898e-06 4.460284e-11 2.295992e-06 clkbuf_2_3_0_v_clk
 3.209803e-07 1.955255e-06 4.460284e-11 2.276280e-06 clkbuf_2_0_0_v_clk
 3.209647e-07 1.950778e-06 4.460284e-11 2.271788e-06 clkbuf_2_2_0_v_clk
 5.668754e-07 1.619422e-06 8.247616e-11 2.186380e-06 clkbuf_4_8__f_w_clk
 3.205737e-07 1.840298e-06 4.460284e-11 2.160916e-06 clkbuf_2_1_0_v_clk
 8.064133e-07 1.275533e-06 4.547778e-11 2.081991e-06 clkbuf_leaf_14_core_clk
 5.651277e-07 1.495992e-06 8.247616e-11 2.061202e-06 clkbuf_4_12__f_w_clk
 8.058844e-07 1.233530e-06 4.547778e-11 2.039460e-06 clkbuf_leaf_20_core_clk
 8.054798e-07 1.200847e-06 4.547778e-11 2.006373e-06 clkbuf_leaf_17_core_clk
 8.053047e-07 1.187001e-06 4.547778e-11 1.992351e-06 clkbuf_leaf_19_core_clk
 5.647851e-07 1.424341e-06 8.247616e-11 1.989209e-06 clkbuf_4_7__f_w_clk
 6.390277e-07 1.347072e-06 8.259973e-11 1.986183e-06 clkbuf_5_5__f_v_clk
 6.385525e-07 1.308258e-06 8.259973e-11 1.946893e-06 clkbuf_5_16__f_v_clk
 6.380668e-07 1.277256e-06 8.259973e-11 1.915406e-06 clkbuf_5_27__f_v_clk
 5.638819e-07 1.346032e-06 8.247616e-11 1.909997e-06 clkbuf_4_3__f_w_clk
 1.678268e-06 2.254082e-07 8.422650e-11 1.903761e-06 clkbuf_1_1__f_clk
 8.019313e-07 1.100222e-06 4.547778e-11 1.902199e-06 clkbuf_leaf_3_core_clk
 8.041760e-07 1.096691e-06 4.547778e-11 1.900913e-06 clkbuf_leaf_22_core_clk
 8.040819e-07 1.088706e-06 4.547778e-11 1.892834e-06 clkbuf_leaf_16_core_clk
 8.018208e-07 1.090077e-06 4.547778e-11 1.891943e-06 clkbuf_leaf_0_core_clk
 5.641638e-07 1.309724e-06 8.247616e-11 1.873970e-06 clkbuf_4_9__f_w_clk
 6.373435e-07 1.215293e-06 8.259973e-11 1.852719e-06 clkbuf_5_3__f_v_clk
 8.034093e-07 1.035294e-06 4.547778e-11 1.838748e-06 clkbuf_leaf_21_core_clk
 5.629648e-07 1.263468e-06 8.247616e-11 1.826516e-06 clkbuf_4_6__f_w_clk
 8.030765e-07 1.008599e-06 4.547778e-11 1.811721e-06 clkbuf_leaf_24_core_clk
 6.366442e-07 1.166408e-06 8.259973e-11 1.803135e-06 clkbuf_5_26__f_v_clk
 8.029555e-07 9.987654e-07 4.547778e-11 1.801766e-06 clkbuf_leaf_18_core_clk
 5.626129e-07 1.237152e-06 8.247616e-11 1.799848e-06 clkbuf_4_4__f_w_clk
 6.365504e-07 1.158533e-06 8.259973e-11 1.795166e-06 clkbuf_5_28__f_v_clk
 1.673550e-06 1.206159e-07 8.422650e-11 1.794250e-06 clkbuf_1_0__f_clk
 6.364452e-07 1.143933e-06 8.259973e-11 1.780461e-06 clkbuf_5_17__f_v_clk
 6.362886e-07 1.131582e-06 8.259973e-11 1.767953e-06 clkbuf_5_20__f_v_clk
 5.618035e-07 1.190041e-06 8.247616e-11 1.751926e-06 clkbuf_4_2__f_w_clk
 6.359776e-07 1.114315e-06 8.259973e-11 1.750375e-06 clkbuf_5_30__f_v_clk
 6.359029e-07 1.108097e-06 8.259973e-11 1.744082e-06 clkbuf_5_29__f_v_clk
 8.021820e-07 9.365436e-07 4.547778e-11 1.738771e-06 clkbuf_leaf_15_core_clk
 7.998792e-07 9.367359e-07 4.547778e-11 1.736661e-06 clkbuf_leaf_1_core_clk
 6.358919e-07 1.100119e-06 8.259973e-11 1.736093e-06 clkbuf_5_23__f_v_clk
 5.622742e-07 1.169936e-06 8.247616e-11 1.732293e-06 clkbuf_4_11__f_w_clk
 6.357265e-07 1.089256e-06 8.259973e-11 1.725065e-06 clkbuf_5_2__f_v_clk
 6.356396e-07 1.082904e-06 8.259973e-11 1.718626e-06 clkbuf_5_4__f_v_clk
 6.356103e-07 1.080243e-06 8.259973e-11 1.715936e-06 clkbuf_5_1__f_v_clk
 6.352387e-07 1.049811e-06 8.259973e-11 1.685132e-06 clkbuf_5_18__f_v_clk
 6.351452e-07 1.049525e-06 8.259973e-11 1.684753e-06 clkbuf_5_24__f_v_clk
 6.352257e-07 1.048632e-06 8.259973e-11 1.683940e-06 clkbuf_5_19__f_v_clk
 6.351245e-07 1.047905e-06 8.259973e-11 1.683113e-06 clkbuf_5_31__f_v_clk
 7.991679e-07 8.819099e-07 4.547778e-11 1.681123e-06 clkbuf_leaf_9_core_clk
 6.351846e-07 1.044970e-06 8.259973e-11 1.680237e-06 clkbuf_5_22__f_v_clk
 5.608977e-07 1.108632e-06 8.247616e-11 1.669612e-06 clkbuf_4_5__f_w_clk
 5.611352e-07 1.085544e-06 8.247616e-11 1.646762e-06 clkbuf_4_10__f_w_clk
 6.345009e-07 9.992041e-07 8.259973e-11 1.633788e-06 clkbuf_5_25__f_v_clk
 5.601978e-07 1.071032e-06 8.247616e-11 1.631313e-06 clkbuf_4_13__f_w_clk
 6.345078e-07 9.928017e-07 8.259973e-11 1.627392e-06 clkbuf_5_21__f_v_clk
 6.347917e-07 9.856648e-07 8.259973e-11 1.620539e-06 clkbuf_5_15__f_v_clk
 5.600783e-07 1.060109e-06 8.247616e-11 1.620270e-06 clkbuf_4_1__f_w_clk
 6.347283e-07 9.807246e-07 8.259973e-11 1.615536e-06 clkbuf_5_14__f_v_clk
 7.981802e-07 8.136116e-07 4.547778e-11 1.611837e-06 clkbuf_leaf_26_core_clk
 6.342784e-07 9.766371e-07 8.259973e-11 1.610998e-06 clkbuf_5_7__f_v_clk
 6.342194e-07 9.718414e-07 8.259973e-11 1.606143e-06 clkbuf_5_6__f_v_clk
 5.598470e-07 1.044574e-06 8.247616e-11 1.604503e-06 clkbuf_4_14__f_w_clk
 7.979201e-07 8.025912e-07 4.547778e-11 1.600557e-06 clkbuf_leaf_13_core_clk
 7.978760e-07 8.007935e-07 4.547778e-11 1.598715e-06 clkbuf_leaf_11_core_clk
 7.996250e-07 7.800840e-07 4.547778e-11 1.579754e-06 clkbuf_leaf_23_core_clk
 7.969965e-07 7.652512e-07 4.547778e-11 1.562293e-06 clkbuf_leaf_2_core_clk
 6.336236e-07 9.253729e-07 8.259973e-11 1.559079e-06 clkbuf_5_0__f_v_clk
 6.337754e-07 9.053146e-07 8.259973e-11 1.539173e-06 clkbuf_5_9__f_v_clk
 7.985764e-07 7.386856e-07 4.547778e-11 1.537308e-06 clkbuf_leaf_12_core_clk
 7.959937e-07 7.239536e-07 4.547778e-11 1.519993e-06 clkbuf_leaf_7_core_clk
 7.959716e-07 7.217680e-07 4.547778e-11 1.517785e-06 clkbuf_leaf_10_core_clk
 6.334596e-07 8.806859e-07 8.259973e-11 1.514228e-06 clkbuf_5_8__f_v_clk
 7.958698e-07 7.174976e-07 4.547778e-11 1.513413e-06 clkbuf_leaf_5_core_clk
 6.334428e-07 8.795245e-07 8.259973e-11 1.513050e-06 clkbuf_5_11__f_v_clk
 7.955610e-07 7.061412e-07 4.547778e-11 1.501748e-06 clkbuf_leaf_8_core_clk
 5.584781e-07 9.416095e-07 8.247616e-11 1.500170e-06 clkbuf_4_15__f_w_clk
 7.952301e-07 6.909028e-07 4.547778e-11 1.486178e-06 clkbuf_leaf_6_core_clk
 7.951899e-07 6.905233e-07 4.547778e-11 1.485759e-06 clkbuf_leaf_4_core_clk
 5.579309e-07 8.986327e-07 8.247616e-11 1.456646e-06 clkbuf_4_0__f_w_clk
 6.323839e-07 7.974727e-07 8.259973e-11 1.429939e-06 clkbuf_5_13__f_v_clk
 6.323677e-07 7.958667e-07 8.259973e-11 1.428317e-06 clkbuf_5_12__f_v_clk
 6.321928e-07 7.819132e-07 8.259973e-11 1.414189e-06 clkbuf_5_10__f_v_clk
 2.759904e-07 1.040179e-06 4.453310e-11 1.316214e-06 clkbuf_2_3_0_w_clk
 2.759785e-07 1.039357e-06 4.453310e-11 1.315380e-06 clkbuf_2_0_0_w_clk
 2.757899e-07 1.013561e-06 4.453310e-11 1.289396e-06 clkbuf_2_1_0_w_clk
 2.752635e-07 9.436054e-07 4.453310e-11 1.218913e-06 clkbuf_2_2_0_w_clk
 3.069909e-07 2.007813e-07 4.460284e-11 5.078168e-07 clkbuf_leaf_271_v_clk
 3.074632e-07 1.854653e-07 4.460284e-11 4.929731e-07 clkbuf_leaf_124_v_clk
 2.697157e-07 2.202774e-07 4.453310e-11 4.900376e-07 clkbuf_leaf_93_w_clk
 2.697053e-07 2.198986e-07 4.453310e-11 4.896485e-07 clkbuf_leaf_81_w_clk
 3.067223e-07 1.824347e-07 4.460284e-11 4.892017e-07 clkbuf_leaf_117_v_clk
 3.070900e-07 1.786174e-07 4.460284e-11 4.857520e-07 clkbuf_leaf_160_v_clk
 3.064559e-07 1.722179e-07 4.460284e-11 4.787185e-07 clkbuf_leaf_127_v_clk
 3.068876e-07 1.710095e-07 4.460284e-11 4.779417e-07 clkbuf_leaf_142_v_clk
 3.061402e-07 1.679210e-07 4.460284e-11 4.741057e-07 clkbuf_leaf_274_v_clk
 3.074283e-07 1.652876e-07 4.460284e-11 4.727605e-07 clkbuf_leaf_45_v_clk
 3.063000e-07 1.663084e-07 4.460284e-11 4.726529e-07 clkbuf_leaf_108_v_clk
 3.060555e-07 1.646027e-07 4.460284e-11 4.707028e-07 clkbuf_leaf_289_v_clk
 3.070463e-07 1.619592e-07 4.460284e-11 4.690501e-07 clkbuf_leaf_77_v_clk
 3.066451e-07 1.618951e-07 4.460284e-11 4.685848e-07 clkbuf_leaf_161_v_clk
 3.068186e-07 1.611263e-07 4.460284e-11 4.679895e-07 clkbuf_leaf_227_v_clk
 2.687734e-07 1.988390e-07 4.453310e-11 4.676569e-07 clkbuf_leaf_5_w_clk
 3.059552e-07 1.607875e-07 4.460284e-11 4.667873e-07 clkbuf_leaf_279_v_clk
 3.074693e-07 1.579736e-07 4.460284e-11 4.654876e-07 clkbuf_leaf_72_v_clk
 3.064428e-07 1.587785e-07 4.460284e-11 4.652659e-07 clkbuf_leaf_163_v_clk
 3.060279e-07 1.591823e-07 4.460284e-11 4.652548e-07 clkbuf_leaf_253_v_clk
 3.067460e-07 1.584211e-07 4.460284e-11 4.652117e-07 clkbuf_leaf_225_v_clk
 2.690693e-07 1.948325e-07 4.453310e-11 4.639463e-07 clkbuf_leaf_161_w_clk
 3.065249e-07 1.553159e-07 4.460284e-11 4.618854e-07 clkbuf_leaf_199_v_clk
 3.058109e-07 1.552258e-07 4.460284e-11 4.610813e-07 clkbuf_leaf_276_v_clk
 2.689721e-07 1.920261e-07 4.453310e-11 4.610428e-07 clkbuf_leaf_92_w_clk
 3.057719e-07 1.536685e-07 4.460284e-11 4.594849e-07 clkbuf_leaf_270_v_clk
 3.063643e-07 1.528491e-07 4.460284e-11 4.592580e-07 clkbuf_leaf_210_v_clk
 3.064764e-07 1.525976e-07 4.460284e-11 4.591186e-07 clkbuf_leaf_41_v_clk
 3.062501e-07 1.527483e-07 4.460284e-11 4.590430e-07 clkbuf_leaf_104_v_clk
 3.064123e-07 1.522547e-07 4.460284e-11 4.587116e-07 clkbuf_leaf_178_v_clk
 2.689346e-07 1.897230e-07 4.453310e-11 4.587021e-07 clkbuf_leaf_160_w_clk
 3.065469e-07 1.512866e-07 4.460284e-11 4.578781e-07 clkbuf_leaf_122_v_clk
 3.057027e-07 1.509612e-07 4.460284e-11 4.567085e-07 clkbuf_leaf_267_v_clk
 3.066421e-07 1.487667e-07 4.460284e-11 4.554533e-07 clkbuf_leaf_217_v_clk
 3.058546e-07 1.492267e-07 4.460284e-11 4.551260e-07 clkbuf_leaf_109_v_clk
 2.687987e-07 1.854257e-07 4.453310e-11 4.542689e-07 clkbuf_leaf_95_w_clk
 3.056015e-07 1.470846e-07 4.460284e-11 4.527307e-07 clkbuf_leaf_269_v_clk
 3.061934e-07 1.464133e-07 4.460284e-11 4.526513e-07 clkbuf_leaf_211_v_clk
 2.683697e-07 1.832495e-07 4.453310e-11 4.516637e-07 clkbuf_leaf_11_w_clk
 3.062477e-07 1.449114e-07 4.460284e-11 4.512036e-07 clkbuf_leaf_194_v_clk
 3.062152e-07 1.448537e-07 4.460284e-11 4.511135e-07 clkbuf_leaf_173_v_clk
 3.067948e-07 1.421505e-07 4.460284e-11 4.489899e-07 clkbuf_leaf_40_v_clk
 3.060509e-07 1.424656e-07 4.460284e-11 4.485611e-07 clkbuf_leaf_239_v_clk
 3.064898e-07 1.413848e-07 4.460284e-11 4.479191e-07 clkbuf_leaf_83_v_clk
 3.067645e-07 1.410433e-07 4.460284e-11 4.478524e-07 clkbuf_leaf_47_v_clk
 3.066897e-07 1.407524e-07 4.460284e-11 4.474868e-07 clkbuf_leaf_55_v_clk
 3.054548e-07 1.414497e-07 4.460284e-11 4.469491e-07 clkbuf_leaf_275_v_clk
 3.061594e-07 1.407171e-07 4.460284e-11 4.469211e-07 clkbuf_leaf_17_v_clk
 3.054488e-07 1.412076e-07 4.460284e-11 4.467009e-07 clkbuf_leaf_273_v_clk
 3.056098e-07 1.397733e-07 4.460284e-11 4.454277e-07 clkbuf_leaf_126_v_clk
 3.055241e-07 1.398582e-07 4.460284e-11 4.454269e-07 clkbuf_leaf_256_v_clk
 3.061163e-07 1.391045e-07 4.460284e-11 4.452654e-07 clkbuf_leaf_23_v_clk
 3.055144e-07 1.394702e-07 4.460284e-11 4.450291e-07 clkbuf_leaf_259_v_clk
 3.069087e-07 1.377825e-07 4.460284e-11 4.447358e-07 clkbuf_leaf_75_v_clk
 3.059847e-07 1.385523e-07 4.460284e-11 4.445816e-07 clkbuf_leaf_231_v_clk
 3.060647e-07 1.380518e-07 4.460284e-11 4.441611e-07 clkbuf_leaf_200_v_clk
 2.685386e-07 1.755648e-07 4.453310e-11 4.441479e-07 clkbuf_leaf_90_w_clk
 3.066662e-07 1.373407e-07 4.460284e-11 4.440516e-07 clkbuf_leaf_60_v_clk
 3.060546e-07 1.376769e-07 4.460284e-11 4.437761e-07 clkbuf_leaf_198_v_clk
 3.055596e-07 1.378494e-07 4.460284e-11 4.434536e-07 clkbuf_leaf_116_v_clk
 3.059292e-07 1.364624e-07 4.460284e-11 4.424361e-07 clkbuf_leaf_223_v_clk
 3.053373e-07 1.368953e-07 4.460284e-11 4.422771e-07 clkbuf_leaf_278_v_clk
 3.058482e-07 1.363304e-07 4.460284e-11 4.422232e-07 clkbuf_leaf_167_v_clk
 3.063522e-07 1.356977e-07 4.460284e-11 4.420945e-07 clkbuf_leaf_0_v_clk
 3.060088e-07 1.359610e-07 4.460284e-11 4.420145e-07 clkbuf_leaf_203_v_clk
 3.060063e-07 1.358595e-07 4.460284e-11 4.419104e-07 clkbuf_leaf_197_v_clk
 3.055026e-07 1.356695e-07 4.460284e-11 4.412167e-07 clkbuf_leaf_125_v_clk
 3.065817e-07 1.343644e-07 4.460284e-11 4.409907e-07 clkbuf_leaf_44_v_clk
 3.061108e-07 1.347358e-07 4.460284e-11 4.408912e-07 clkbuf_leaf_233_v_clk
 3.059237e-07 1.347764e-07 4.460284e-11 4.407447e-07 clkbuf_leaf_134_v_clk
 2.684396e-07 1.717946e-07 4.453310e-11 4.402787e-07 clkbuf_leaf_94_w_clk
 2.687999e-07 1.706408e-07 4.453310e-11 4.394852e-07 clkbuf_leaf_79_w_clk
 3.054458e-07 1.335675e-07 4.460284e-11 4.390579e-07 clkbuf_leaf_105_v_clk
 2.684270e-07 1.704482e-07 4.453310e-11 4.389197e-07 clkbuf_leaf_165_w_clk
 2.678462e-07 1.706550e-07 4.453310e-11 4.385458e-07 clkbuf_leaf_135_w_clk
 3.062308e-07 1.322403e-07 4.460284e-11 4.385157e-07 clkbuf_leaf_86_v_clk
 3.052426e-07 1.331657e-07 4.460284e-11 4.384529e-07 clkbuf_leaf_268_v_clk
 3.061943e-07 1.308904e-07 4.460284e-11 4.371293e-07 clkbuf_leaf_95_v_clk
 2.679965e-07 1.687912e-07 4.453310e-11 4.368322e-07 clkbuf_leaf_6_w_clk
 2.683658e-07 1.681236e-07 4.453310e-11 4.365339e-07 clkbuf_leaf_167_w_clk
 3.052926e-07 1.309385e-07 4.460284e-11 4.362757e-07 clkbuf_leaf_257_v_clk
 3.058037e-07 1.302625e-07 4.460284e-11 4.361108e-07 clkbuf_leaf_141_v_clk
 3.064464e-07 1.294227e-07 4.460284e-11 4.359137e-07 clkbuf_leaf_52_v_clk
 3.052575e-07 1.295973e-07 4.460284e-11 4.348994e-07 clkbuf_leaf_255_v_clk
 3.057721e-07 1.290753e-07 4.460284e-11 4.348920e-07 clkbuf_leaf_146_v_clk
 3.063494e-07 1.282851e-07 4.460284e-11 4.346790e-07 clkbuf_leaf_53_v_clk
 3.053332e-07 1.291935e-07 4.460284e-11 4.345713e-07 clkbuf_leaf_118_v_clk
 3.060728e-07 1.284328e-07 4.460284e-11 4.345502e-07 clkbuf_leaf_132_v_clk
 2.674279e-07 1.664822e-07 4.453310e-11 4.339546e-07 clkbuf_leaf_115_w_clk
 3.057421e-07 1.279475e-07 4.460284e-11 4.337342e-07 clkbuf_leaf_159_v_clk
 3.057625e-07 1.278513e-07 4.460284e-11 4.336583e-07 clkbuf_leaf_177_v_clk
 3.052255e-07 1.283299e-07 4.460284e-11 4.336000e-07 clkbuf_leaf_260_v_clk
 2.677197e-07 1.657027e-07 4.453310e-11 4.334670e-07 clkbuf_leaf_132_w_clk
 3.057852e-07 1.275682e-07 4.460284e-11 4.333980e-07 clkbuf_leaf_196_v_clk
 3.056932e-07 1.275745e-07 4.460284e-11 4.333123e-07 clkbuf_leaf_213_v_clk
 3.055955e-07 1.267813e-07 4.460284e-11 4.324214e-07 clkbuf_leaf_168_v_clk
 3.060893e-07 1.259865e-07 4.460284e-11 4.321204e-07 clkbuf_leaf_294_v_clk
 3.056999e-07 1.263598e-07 4.460284e-11 4.321043e-07 clkbuf_leaf_143_v_clk
 3.056604e-07 1.263385e-07 4.460284e-11 4.320435e-07 clkbuf_leaf_230_v_clk
 3.060693e-07 1.258979e-07 4.460284e-11 4.320117e-07 clkbuf_leaf_290_v_clk
 3.065922e-07 1.248270e-07 4.460284e-11 4.314638e-07 clkbuf_leaf_66_v_clk
 3.060061e-07 1.252097e-07 4.460284e-11 4.312604e-07 clkbuf_leaf_214_v_clk
 2.682376e-07 1.610928e-07 4.453310e-11 4.293749e-07 clkbuf_leaf_73_w_clk
 3.058082e-07 1.234514e-07 4.460284e-11 4.293042e-07 clkbuf_leaf_235_v_clk
 3.055380e-07 1.231170e-07 4.460284e-11 4.286996e-07 clkbuf_leaf_240_v_clk
 3.051007e-07 1.235070e-07 4.460284e-11 4.286523e-07 clkbuf_leaf_254_v_clk
 2.677891e-07 1.607781e-07 4.453310e-11 4.286118e-07 clkbuf_leaf_4_w_clk
 3.056187e-07 1.224539e-07 4.460284e-11 4.281173e-07 clkbuf_leaf_175_v_clk
 3.051672e-07 1.228849e-07 4.460284e-11 4.280967e-07 clkbuf_leaf_107_v_clk
 2.684996e-07 1.594336e-07 4.453310e-11 4.279778e-07 clkbuf_leaf_80_w_clk
 3.055532e-07 1.223044e-07 4.460284e-11 4.279023e-07 clkbuf_leaf_228_v_clk
 3.057716e-07 1.220134e-07 4.460284e-11 4.278296e-07 clkbuf_leaf_148_v_clk
 2.672579e-07 1.596861e-07 4.453310e-11 4.269885e-07 clkbuf_leaf_111_w_clk
 3.055650e-07 1.212886e-07 4.460284e-11 4.268982e-07 clkbuf_leaf_133_v_clk
 3.057448e-07 1.210879e-07 4.460284e-11 4.268772e-07 clkbuf_leaf_248_v_clk
 3.057309e-07 1.208501e-07 4.460284e-11 4.266256e-07 clkbuf_leaf_123_v_clk
 3.056122e-07 1.202182e-07 4.460284e-11 4.258750e-07 clkbuf_leaf_21_v_clk
 2.680701e-07 1.577564e-07 4.453310e-11 4.258710e-07 clkbuf_leaf_89_w_clk
 3.054045e-07 1.195450e-07 4.460284e-11 4.249941e-07 clkbuf_leaf_165_v_clk
 3.056954e-07 1.192456e-07 4.460284e-11 4.249856e-07 clkbuf_leaf_237_v_clk
 3.055803e-07 1.190221e-07 4.460284e-11 4.246470e-07 clkbuf_leaf_42_v_clk
 3.060792e-07 1.183840e-07 4.460284e-11 4.245078e-07 clkbuf_leaf_46_v_clk
 2.681056e-07 1.560912e-07 4.453310e-11 4.242414e-07 clkbuf_leaf_70_w_clk
 3.063537e-07 1.176209e-07 4.460284e-11 4.240192e-07 clkbuf_leaf_71_v_clk
 3.054157e-07 1.185037e-07 4.460284e-11 4.239639e-07 clkbuf_leaf_252_v_clk
 2.676658e-07 1.560546e-07 4.453310e-11 4.237649e-07 clkbuf_leaf_8_w_clk
 2.674742e-07 1.560986e-07 4.453310e-11 4.236174e-07 clkbuf_leaf_123_w_clk
 3.050446e-07 1.181556e-07 4.460284e-11 4.232448e-07 clkbuf_leaf_111_v_clk
 3.060305e-07 1.166022e-07 4.460284e-11 4.226773e-07 clkbuf_leaf_54_v_clk
 2.683592e-07 1.541929e-07 4.453310e-11 4.225966e-07 clkbuf_leaf_85_w_clk
 3.056152e-07 1.161821e-07 4.460284e-11 4.218420e-07 clkbuf_leaf_156_v_clk
 3.053200e-07 1.163702e-07 4.460284e-11 4.217347e-07 clkbuf_leaf_179_v_clk
 2.667568e-07 1.547347e-07 4.453310e-11 4.215360e-07 clkbuf_leaf_26_w_clk
 3.052724e-07 1.157530e-07 4.460284e-11 4.210700e-07 clkbuf_leaf_103_v_clk
 3.060525e-07 1.149254e-07 4.460284e-11 4.210225e-07 clkbuf_leaf_62_v_clk
 3.053005e-07 1.156148e-07 4.460284e-11 4.209599e-07 clkbuf_leaf_166_v_clk
 3.059838e-07 1.148934e-07 4.460284e-11 4.209218e-07 clkbuf_leaf_39_v_clk
 3.057907e-07 1.149556e-07 4.460284e-11 4.207909e-07 clkbuf_leaf_1_v_clk
 2.679322e-07 1.525179e-07 4.453310e-11 4.204946e-07 clkbuf_leaf_100_w_clk
 3.056947e-07 1.144129e-07 4.460284e-11 4.201522e-07 clkbuf_leaf_129_v_clk
 3.054324e-07 1.143422e-07 4.460284e-11 4.198193e-07 clkbuf_leaf_191_v_clk
 3.051200e-07 1.146201e-07 4.460284e-11 4.197847e-07 clkbuf_leaf_29_v_clk
 3.062665e-07 1.130640e-07 4.460284e-11 4.193750e-07 clkbuf_leaf_49_v_clk
 3.057144e-07 1.131389e-07 4.460284e-11 4.188979e-07 clkbuf_leaf_93_v_clk
 3.055316e-07 1.131372e-07 4.460284e-11 4.187134e-07 clkbuf_leaf_226_v_clk
 3.053071e-07 1.130383e-07 4.460284e-11 4.183900e-07 clkbuf_leaf_222_v_clk
 3.052334e-07 1.131002e-07 4.460284e-11 4.183782e-07 clkbuf_leaf_183_v_clk
 2.679527e-07 1.503017e-07 4.453310e-11 4.182989e-07 clkbuf_leaf_67_w_clk
 3.048341e-07 1.132542e-07 4.460284e-11 4.181329e-07 clkbuf_leaf_262_v_clk
 3.057011e-07 1.122275e-07 4.460284e-11 4.179732e-07 clkbuf_leaf_87_v_clk
 3.061876e-07 1.116994e-07 4.460284e-11 4.179316e-07 clkbuf_leaf_78_v_clk
 3.054034e-07 1.123922e-07 4.460284e-11 4.178401e-07 clkbuf_leaf_13_v_clk
 3.054976e-07 1.118700e-07 4.460284e-11 4.174121e-07 clkbuf_leaf_244_v_clk
 3.052037e-07 1.119575e-07 4.460284e-11 4.172057e-07 clkbuf_leaf_185_v_clk
 3.056733e-07 1.112003e-07 4.460284e-11 4.169182e-07 clkbuf_leaf_76_v_clk
 3.056620e-07 1.111992e-07 4.460284e-11 4.169057e-07 clkbuf_leaf_96_v_clk
 3.056870e-07 1.111231e-07 4.460284e-11 4.168546e-07 clkbuf_leaf_293_v_clk
 2.682049e-07 1.484378e-07 4.453310e-11 4.166872e-07 clkbuf_leaf_76_w_clk
 3.054763e-07 1.110750e-07 4.460284e-11 4.165960e-07 clkbuf_leaf_232_v_clk
 3.053951e-07 1.111292e-07 4.460284e-11 4.165689e-07 clkbuf_leaf_8_v_clk
 3.054664e-07 1.109859e-07 4.460284e-11 4.164969e-07 clkbuf_leaf_138_v_clk
 3.052191e-07 1.110892e-07 4.460284e-11 4.163528e-07 clkbuf_leaf_241_v_clk
 3.053587e-07 1.107180e-07 4.460284e-11 4.161213e-07 clkbuf_leaf_22_v_clk
 3.056429e-07 1.101349e-07 4.460284e-11 4.158224e-07 clkbuf_leaf_291_v_clk
 3.052882e-07 1.100396e-07 4.460284e-11 4.153725e-07 clkbuf_leaf_174_v_clk
 2.674539e-07 1.478689e-07 4.453310e-11 4.153673e-07 clkbuf_leaf_7_w_clk
 3.054357e-07 1.098418e-07 4.460284e-11 4.153222e-07 clkbuf_leaf_119_v_clk
 3.053431e-07 1.096984e-07 4.460284e-11 4.150861e-07 clkbuf_leaf_280_v_clk
 3.049882e-07 1.096136e-07 4.460284e-11 4.146464e-07 clkbuf_leaf_35_v_clk
 2.665885e-07 1.477160e-07 4.453310e-11 4.143490e-07 clkbuf_leaf_31_w_clk
 3.051285e-07 1.091188e-07 4.460284e-11 4.142919e-07 clkbuf_leaf_164_v_clk
 3.055922e-07 1.086195e-07 4.460284e-11 4.142563e-07 clkbuf_leaf_90_v_clk
 3.051639e-07 1.090081e-07 4.460284e-11 4.142166e-07 clkbuf_leaf_236_v_clk
 3.053064e-07 1.087594e-07 4.460284e-11 4.141105e-07 clkbuf_leaf_19_v_clk
 3.054021e-07 1.082367e-07 4.460284e-11 4.136834e-07 clkbuf_leaf_152_v_clk
 2.676364e-07 1.455123e-07 4.453310e-11 4.131932e-07 clkbuf_leaf_138_w_clk
 2.677631e-07 1.452415e-07 4.453310e-11 4.130491e-07 clkbuf_leaf_166_w_clk
 3.052279e-07 1.077764e-07 4.460284e-11 4.130489e-07 clkbuf_leaf_171_v_clk
 3.053821e-07 1.075632e-07 4.460284e-11 4.129899e-07 clkbuf_leaf_245_v_clk
 2.676882e-07 1.450758e-07 4.453310e-11 4.128086e-07 clkbuf_leaf_42_w_clk
 3.057599e-07 1.066909e-07 4.460284e-11 4.124954e-07 clkbuf_leaf_37_v_clk
 3.053626e-07 1.067626e-07 4.460284e-11 4.121698e-07 clkbuf_leaf_153_v_clk
 3.046828e-07 1.074364e-07 4.460284e-11 4.121638e-07 clkbuf_leaf_263_v_clk
 3.053531e-07 1.067586e-07 4.460284e-11 4.121563e-07 clkbuf_leaf_121_v_clk
 3.052328e-07 1.068546e-07 4.460284e-11 4.121320e-07 clkbuf_leaf_192_v_clk
 3.049213e-07 1.070635e-07 4.460284e-11 4.120294e-07 clkbuf_leaf_32_v_clk
 3.050609e-07 1.065806e-07 4.460284e-11 4.116861e-07 clkbuf_leaf_169_v_clk
 3.053445e-07 1.060908e-07 4.460284e-11 4.114800e-07 clkbuf_leaf_154_v_clk
 3.051866e-07 1.062246e-07 4.460284e-11 4.114558e-07 clkbuf_leaf_180_v_clk
 2.671685e-07 1.441419e-07 4.453310e-11 4.113549e-07 clkbuf_leaf_133_w_clk
 3.060475e-07 1.051576e-07 4.460284e-11 4.112497e-07 clkbuf_leaf_50_v_clk
 2.676482e-07 1.435438e-07 4.453310e-11 4.112366e-07 clkbuf_leaf_59_w_clk
 3.055066e-07 1.050361e-07 4.460284e-11 4.105873e-07 clkbuf_leaf_84_v_clk
 2.676283e-07 1.427806e-07 4.453310e-11 4.104534e-07 clkbuf_leaf_45_w_clk
 3.050577e-07 1.050020e-07 4.460284e-11 4.101042e-07 clkbuf_leaf_250_v_clk
 2.673190e-07 1.426006e-07 4.453310e-11 4.099641e-07 clkbuf_leaf_2_w_clk
 3.051458e-07 1.046917e-07 4.460284e-11 4.098821e-07 clkbuf_leaf_176_v_clk
 3.052202e-07 1.045814e-07 4.460284e-11 4.098462e-07 clkbuf_leaf_3_v_clk
 3.054859e-07 1.042735e-07 4.460284e-11 4.098041e-07 clkbuf_leaf_85_v_clk
 3.059694e-07 1.037217e-07 4.460284e-11 4.097356e-07 clkbuf_leaf_64_v_clk
 3.052938e-07 1.042717e-07 4.460284e-11 4.096101e-07 clkbuf_leaf_246_v_clk
 3.051877e-07 1.038790e-07 4.460284e-11 4.091113e-07 clkbuf_leaf_281_v_clk
 3.059866e-07 1.029588e-07 4.460284e-11 4.089899e-07 clkbuf_leaf_51_v_clk
 2.671557e-07 1.416786e-07 4.453310e-11 4.088788e-07 clkbuf_leaf_143_w_clk
 3.054540e-07 1.031503e-07 4.460284e-11 4.086489e-07 clkbuf_leaf_295_v_clk
 2.676250e-07 1.408271e-07 4.453310e-11 4.084966e-07 clkbuf_leaf_99_w_clk
 3.049367e-07 1.030496e-07 4.460284e-11 4.080309e-07 clkbuf_leaf_115_v_clk
 2.664322e-07 1.414950e-07 4.453310e-11 4.079717e-07 clkbuf_leaf_23_w_clk
 3.050358e-07 1.028196e-07 4.460284e-11 4.079000e-07 clkbuf_leaf_208_v_clk
 3.053699e-07 1.023701e-07 4.460284e-11 4.077846e-07 clkbuf_leaf_137_v_clk
 3.051625e-07 1.024218e-07 4.460284e-11 4.076289e-07 clkbuf_leaf_2_v_clk
 3.052319e-07 1.022401e-07 4.460284e-11 4.075166e-07 clkbuf_leaf_139_v_clk
 3.052383e-07 1.022003e-07 4.460284e-11 4.074832e-07 clkbuf_leaf_243_v_clk
 3.049216e-07 1.024786e-07 4.460284e-11 4.074448e-07 clkbuf_leaf_114_v_clk
 3.052296e-07 1.018034e-07 4.460284e-11 4.070775e-07 clkbuf_leaf_158_v_clk
 3.053995e-07 1.014892e-07 4.460284e-11 4.069333e-07 clkbuf_leaf_92_v_clk
 3.052171e-07 1.013390e-07 4.460284e-11 4.066008e-07 clkbuf_leaf_149_v_clk
 2.675292e-07 1.390091e-07 4.453310e-11 4.065829e-07 clkbuf_leaf_44_w_clk
 3.056627e-07 1.006885e-07 4.460284e-11 4.063958e-07 clkbuf_leaf_57_v_clk
 2.672278e-07 1.390741e-07 4.453310e-11 4.063464e-07 clkbuf_leaf_178_w_clk
 2.676451e-07 1.386562e-07 4.453310e-11 4.063458e-07 clkbuf_leaf_77_w_clk
 3.053899e-07 1.007817e-07 4.460284e-11 4.062162e-07 clkbuf_leaf_292_v_clk
 3.049395e-07 1.005443e-07 4.460284e-11 4.055284e-07 clkbuf_leaf_249_v_clk
 2.672437e-07 1.376339e-07 4.453310e-11 4.049222e-07 clkbuf_leaf_56_w_clk
 3.050661e-07 9.975660e-08 4.460284e-11 4.048673e-07 clkbuf_leaf_18_v_clk
 2.670023e-07 1.376363e-07 4.453310e-11 4.046832e-07 clkbuf_leaf_121_w_clk
 3.050471e-07 9.904453e-08 4.460284e-11 4.041362e-07 clkbuf_leaf_24_v_clk
 3.044743e-07 9.939336e-08 4.460284e-11 4.039123e-07 clkbuf_leaf_265_v_clk
 3.055145e-07 9.770149e-08 4.460284e-11 4.032606e-07 clkbuf_leaf_38_v_clk
 3.048108e-07 9.828638e-08 4.460284e-11 4.031418e-07 clkbuf_leaf_100_v_clk
 2.665313e-07 1.358230e-07 4.453310e-11 4.023988e-07 clkbuf_leaf_96_w_clk
 2.673584e-07 1.348735e-07 4.453310e-11 4.022765e-07 clkbuf_leaf_136_w_clk
 3.046657e-07 9.734180e-08 4.460284e-11 4.020521e-07 clkbuf_leaf_15_v_clk
 3.048075e-07 9.700295e-08 4.460284e-11 4.018550e-07 clkbuf_leaf_184_v_clk
 3.052656e-07 9.653864e-08 4.460284e-11 4.018488e-07 clkbuf_leaf_94_v_clk
 3.044197e-07 9.734652e-08 4.460284e-11 4.018108e-07 clkbuf_leaf_264_v_clk
 2.675274e-07 1.341900e-07 4.453310e-11 4.017620e-07 clkbuf_leaf_66_w_clk
 3.049293e-07 9.656323e-08 4.460284e-11 4.015372e-07 clkbuf_leaf_170_v_clk
 2.671012e-07 1.342295e-07 4.453310e-11 4.013752e-07 clkbuf_leaf_9_w_clk
 3.047644e-07 9.654584e-08 4.460284e-11 4.013548e-07 clkbuf_leaf_106_v_clk
 3.050710e-07 9.623917e-08 4.460284e-11 4.013548e-07 clkbuf_leaf_140_v_clk
 3.052115e-07 9.577503e-08 4.460284e-11 4.010311e-07 clkbuf_leaf_219_v_clk
 3.050670e-07 9.543515e-08 4.460284e-11 4.005468e-07 clkbuf_leaf_206_v_clk
 2.662557e-07 1.341193e-07 4.453310e-11 4.004196e-07 clkbuf_leaf_21_w_clk
 3.050545e-07 9.496823e-08 4.460284e-11 4.000673e-07 clkbuf_leaf_202_v_clk
 3.047809e-07 9.456040e-08 4.460284e-11 3.993858e-07 clkbuf_leaf_266_v_clk
 2.673397e-07 1.317909e-07 4.453310e-11 3.991751e-07 clkbuf_leaf_46_w_clk
 3.047754e-07 9.435428e-08 4.460284e-11 3.991743e-07 clkbuf_leaf_251_v_clk
 3.047936e-07 9.369993e-08 4.460284e-11 3.985382e-07 clkbuf_leaf_212_v_clk
 3.051442e-07 9.328178e-08 4.460284e-11 3.984706e-07 clkbuf_leaf_220_v_clk
 2.677281e-07 1.306432e-07 4.453310e-11 3.984158e-07 clkbuf_leaf_78_w_clk
 2.665611e-07 1.317726e-07 4.453310e-11 3.983783e-07 clkbuf_leaf_118_w_clk
 3.045704e-07 9.371260e-08 4.460284e-11 3.983276e-07 clkbuf_leaf_28_v_clk
 2.665597e-07 1.317224e-07 4.453310e-11 3.983267e-07 clkbuf_leaf_113_w_clk
 2.677245e-07 1.305097e-07 4.453310e-11 3.982788e-07 clkbuf_leaf_83_w_clk
 2.665527e-07 1.314360e-07 4.453310e-11 3.980332e-07 clkbuf_leaf_119_w_clk
 3.049775e-07 9.275201e-08 4.460284e-11 3.977741e-07 clkbuf_leaf_120_v_clk
 3.056425e-07 9.198269e-08 4.460284e-11 3.976698e-07 clkbuf_leaf_68_v_clk
 2.670079e-07 1.305785e-07 4.453310e-11 3.976309e-07 clkbuf_leaf_3_w_clk
 2.664109e-07 1.310341e-07 4.453310e-11 3.974895e-07 clkbuf_leaf_102_w_clk
 3.053600e-07 9.204278e-08 4.460284e-11 3.974474e-07 clkbuf_leaf_36_v_clk
 3.048928e-07 9.233123e-08 4.460284e-11 3.972686e-07 clkbuf_leaf_6_v_clk
 2.668638e-07 1.303090e-07 4.453310e-11 3.972173e-07 clkbuf_leaf_144_w_clk
 2.673484e-07 1.294986e-07 4.453310e-11 3.968915e-07 clkbuf_leaf_155_w_clk
 2.665203e-07 1.301506e-07 4.453310e-11 3.967154e-07 clkbuf_leaf_112_w_clk
 2.668024e-07 1.298194e-07 4.453310e-11 3.966663e-07 clkbuf_leaf_131_w_clk
 3.046419e-07 9.191209e-08 4.460284e-11 3.965986e-07 clkbuf_leaf_110_v_clk
 2.661619e-07 1.301755e-07 4.453310e-11 3.963820e-07 clkbuf_leaf_30_w_clk
 2.667881e-07 1.292657e-07 4.453310e-11 3.960983e-07 clkbuf_leaf_124_w_clk
 2.672568e-07 1.286309e-07 4.453310e-11 3.959322e-07 clkbuf_leaf_47_w_clk
 3.049377e-07 9.061422e-08 4.460284e-11 3.955965e-07 clkbuf_leaf_205_v_clk
 2.672937e-07 1.282470e-07 4.453310e-11 3.955853e-07 clkbuf_leaf_91_w_clk
 2.676385e-07 1.272991e-07 4.453310e-11 3.949822e-07 clkbuf_leaf_87_w_clk
 3.050498e-07 8.978544e-08 4.460284e-11 3.948799e-07 clkbuf_leaf_215_v_clk
 2.667935e-07 1.275775e-07 4.453310e-11 3.944155e-07 clkbuf_leaf_141_w_clk
 3.050075e-07 8.893545e-08 4.460284e-11 3.939876e-07 clkbuf_leaf_135_v_clk
 3.050474e-07 8.846474e-08 4.460284e-11 3.935567e-07 clkbuf_leaf_98_v_clk
 3.048810e-07 8.850211e-08 4.460284e-11 3.934277e-07 clkbuf_leaf_189_v_clk
 2.660855e-07 1.271709e-07 4.453310e-11 3.933010e-07 clkbuf_leaf_22_w_clk
 2.660833e-07 1.268270e-07 4.453310e-11 3.929549e-07 clkbuf_leaf_32_w_clk
 3.055160e-07 8.732167e-08 4.460284e-11 3.928822e-07 clkbuf_leaf_73_v_clk
 2.667476e-07 1.257809e-07 4.453310e-11 3.925731e-07 clkbuf_leaf_156_w_clk
 3.044175e-07 8.789060e-08 4.460284e-11 3.923527e-07 clkbuf_leaf_27_v_clk
 3.047648e-07 8.753695e-08 4.460284e-11 3.923463e-07 clkbuf_leaf_4_v_clk
 2.662862e-07 1.259813e-07 4.453310e-11 3.923121e-07 clkbuf_leaf_98_w_clk
 2.667191e-07 1.246772e-07 4.453310e-11 3.914409e-07 clkbuf_leaf_159_w_clk
 2.663893e-07 1.248942e-07 4.453310e-11 3.913281e-07 clkbuf_leaf_109_w_clk
 2.672048e-07 1.240534e-07 4.453310e-11 3.913027e-07 clkbuf_leaf_164_w_clk
 2.667082e-07 1.242487e-07 4.453310e-11 3.910014e-07 clkbuf_leaf_158_w_clk
 3.047112e-07 8.603318e-08 4.460284e-11 3.907889e-07 clkbuf_leaf_288_v_clk
 2.660246e-07 1.245077e-07 4.453310e-11 3.905768e-07 clkbuf_leaf_29_w_clk
 2.666463e-07 1.237128e-07 4.453310e-11 3.904036e-07 clkbuf_leaf_122_w_clk
 3.054466e-07 8.481295e-08 4.460284e-11 3.903042e-07 clkbuf_leaf_70_v_clk
 3.049843e-07 8.516249e-08 4.460284e-11 3.901914e-07 clkbuf_leaf_302_v_clk
 3.049067e-07 8.519598e-08 4.460284e-11 3.901472e-07 clkbuf_leaf_131_v_clk
 3.049217e-07 8.503707e-08 4.460284e-11 3.900033e-07 clkbuf_leaf_229_v_clk
 3.054286e-07 8.416259e-08 4.460284e-11 3.896358e-07 clkbuf_leaf_61_v_clk
 2.668432e-07 1.221933e-07 4.453310e-11 3.890811e-07 clkbuf_leaf_49_w_clk
 2.665316e-07 1.224533e-07 4.453310e-11 3.890295e-07 clkbuf_leaf_35_w_clk
 3.043308e-07 8.459239e-08 4.460284e-11 3.889678e-07 clkbuf_leaf_30_v_clk
 3.054437e-07 8.335492e-08 4.460284e-11 3.888432e-07 clkbuf_leaf_65_v_clk
 2.662006e-07 1.224398e-07 4.453310e-11 3.886849e-07 clkbuf_leaf_97_w_clk
 2.670094e-07 1.215708e-07 4.453310e-11 3.886247e-07 clkbuf_leaf_127_w_clk
 3.047489e-07 8.357888e-08 4.460284e-11 3.883724e-07 clkbuf_leaf_187_v_clk
 2.668217e-07 1.213592e-07 4.453310e-11 3.882255e-07 clkbuf_leaf_52_w_clk
 3.047369e-07 8.343383e-08 4.460284e-11 3.882153e-07 clkbuf_leaf_145_v_clk
 3.051774e-07 8.296377e-08 4.460284e-11 3.881858e-07 clkbuf_leaf_59_v_clk
 3.048980e-07 8.259165e-08 4.460284e-11 3.875342e-07 clkbuf_leaf_297_v_clk
 3.048467e-07 8.225840e-08 4.460284e-11 3.871496e-07 clkbuf_leaf_221_v_clk
 3.046236e-07 8.225484e-08 4.460284e-11 3.869230e-07 clkbuf_leaf_301_v_clk
 2.659272e-07 1.205096e-07 4.453310e-11 3.864814e-07 clkbuf_leaf_27_w_clk
 2.659027e-07 1.196846e-07 4.453310e-11 3.856319e-07 clkbuf_leaf_24_w_clk
 2.665693e-07 1.188353e-07 4.453310e-11 3.854491e-07 clkbuf_leaf_142_w_clk
 3.042393e-07 8.111389e-08 4.460284e-11 3.853978e-07 clkbuf_leaf_31_v_clk
 3.053046e-07 7.975657e-08 4.460284e-11 3.851057e-07 clkbuf_leaf_69_v_clk
 3.046440e-07 7.997111e-08 4.460284e-11 3.846597e-07 clkbuf_leaf_150_v_clk
 3.046370e-07 7.978117e-08 4.460284e-11 3.844627e-07 clkbuf_leaf_224_v_clk
 3.043242e-07 7.988877e-08 4.460284e-11 3.842575e-07 clkbuf_leaf_101_v_clk
 3.841050e-07 0.000000e+00 2.500005e-11 3.841301e-07 clkload7
 3.840133e-07 0.000000e+00 2.500005e-11 3.840383e-07 clkload9
 2.658610e-07 1.177735e-07 4.453310e-11 3.836790e-07 clkbuf_leaf_28_w_clk
 3.052495e-07 7.776462e-08 4.460284e-11 3.830587e-07 clkbuf_leaf_82_v_clk
 2.663239e-07 1.166269e-07 4.453310e-11 3.829954e-07 clkbuf_leaf_1_w_clk
 2.666892e-07 1.162440e-07 4.453310e-11 3.829778e-07 clkbuf_leaf_50_w_clk
 3.046061e-07 7.825513e-08 4.460284e-11 3.829058e-07 clkbuf_leaf_201_v_clk
 3.044998e-07 7.811875e-08 4.460284e-11 3.826631e-07 clkbuf_leaf_284_v_clk
 2.661780e-07 1.164386e-07 4.453310e-11 3.826611e-07 clkbuf_leaf_114_w_clk
 3.050286e-07 7.752721e-08 4.460284e-11 3.826004e-07 clkbuf_leaf_58_v_clk
 2.668515e-07 1.155037e-07 4.453310e-11 3.823997e-07 clkbuf_leaf_137_w_clk
 3.052021e-07 7.605072e-08 4.460284e-11 3.812974e-07 clkbuf_leaf_67_v_clk
 3.047487e-07 7.645985e-08 4.460284e-11 3.812532e-07 clkbuf_leaf_300_v_clk
 3.047435e-07 7.626524e-08 4.460284e-11 3.810533e-07 clkbuf_leaf_296_v_clk
 3.044548e-07 7.643403e-08 4.460284e-11 3.809334e-07 clkbuf_leaf_287_v_clk
 3.045519e-07 7.623611e-08 4.460284e-11 3.808326e-07 clkbuf_leaf_190_v_clk
 2.667833e-07 1.129247e-07 4.453310e-11 3.797526e-07 clkbuf_leaf_128_w_clk
 2.667815e-07 1.128677e-07 4.453310e-11 3.796938e-07 clkbuf_leaf_126_w_clk
 3.046797e-07 7.487948e-08 4.460284e-11 3.796037e-07 clkbuf_leaf_286_v_clk
 3.044990e-07 7.495413e-08 4.460284e-11 3.794977e-07 clkbuf_leaf_242_v_clk
 2.659654e-07 1.129896e-07 4.453310e-11 3.789996e-07 clkbuf_leaf_106_w_clk
 3.046443e-07 7.422665e-08 4.460284e-11 3.789155e-07 clkbuf_leaf_89_v_clk
 3.040611e-07 7.474998e-08 4.460284e-11 3.788557e-07 clkbuf_leaf_25_v_clk
 2.663790e-07 1.114136e-07 4.453310e-11 3.778372e-07 clkbuf_leaf_145_w_clk
 2.669116e-07 1.108805e-07 4.453310e-11 3.778366e-07 clkbuf_leaf_72_w_clk
 3.043378e-07 7.319995e-08 4.460284e-11 3.775824e-07 clkbuf_leaf_283_v_clk
 2.665504e-07 1.108943e-07 4.453310e-11 3.774892e-07 clkbuf_leaf_51_w_clk
 2.663371e-07 1.097848e-07 4.453310e-11 3.761664e-07 clkbuf_leaf_157_w_clk
 3.043629e-07 7.146730e-08 4.460284e-11 3.758748e-07 clkbuf_leaf_155_v_clk
 2.662748e-07 1.091877e-07 4.453310e-11 3.755070e-07 clkbuf_leaf_125_w_clk
 2.659739e-07 1.082714e-07 4.453310e-11 3.742898e-07 clkbuf_leaf_110_w_clk
 3.042070e-07 6.987289e-08 4.460284e-11 3.741245e-07 clkbuf_leaf_277_v_clk
 2.659506e-07 1.073361e-07 4.453310e-11 3.733312e-07 clkbuf_leaf_116_w_clk
 2.656105e-07 1.076282e-07 4.453310e-11 3.732832e-07 clkbuf_leaf_25_w_clk
 2.667780e-07 1.058292e-07 4.453310e-11 3.726517e-07 clkbuf_leaf_68_w_clk
 2.657631e-07 1.048056e-07 4.453310e-11 3.706133e-07 clkbuf_leaf_105_w_clk
 2.660556e-07 1.037247e-07 4.453310e-11 3.698248e-07 clkbuf_leaf_34_w_clk
 2.657299e-07 1.034791e-07 4.453310e-11 3.692535e-07 clkbuf_leaf_104_w_clk
 2.665115e-07 1.025347e-07 4.453310e-11 3.690907e-07 clkbuf_leaf_139_w_clk
 2.659776e-07 1.029381e-07 4.453310e-11 3.689602e-07 clkbuf_leaf_175_w_clk
 2.661438e-07 1.022632e-07 4.453310e-11 3.684515e-07 clkbuf_leaf_147_w_clk
 3.043447e-07 6.322613e-08 4.460284e-11 3.676154e-07 clkbuf_leaf_10_v_clk
 2.656800e-07 1.014669e-07 4.453310e-11 3.671915e-07 clkbuf_leaf_101_w_clk
 3.035870e-07 6.242570e-08 4.460284e-11 3.660573e-07 clkbuf_leaf_16_v_clk
 2.664149e-07 9.884585e-08 4.453310e-11 3.653053e-07 clkbuf_leaf_140_w_clk
 2.669592e-07 9.754901e-08 4.453310e-11 3.645528e-07 clkbuf_leaf_169_w_clk
 2.658163e-07 9.654074e-08 4.453310e-11 3.624016e-07 clkbuf_leaf_0_w_clk
 2.657704e-07 9.471913e-08 4.453310e-11 3.605340e-07 clkbuf_leaf_17_w_clk
 2.661137e-07 9.405273e-08 4.453310e-11 3.602109e-07 clkbuf_leaf_54_w_clk
 2.659069e-07 9.302627e-08 4.453310e-11 3.589778e-07 clkbuf_leaf_146_w_clk
 2.668107e-07 9.203946e-08 4.453310e-11 3.588947e-07 clkbuf_leaf_174_w_clk
 2.662043e-07 9.080498e-08 4.453310e-11 3.570538e-07 clkbuf_leaf_129_w_clk
 2.658332e-07 9.016791e-08 4.453310e-11 3.560457e-07 clkbuf_leaf_148_w_clk
 2.667078e-07 8.822403e-08 4.453310e-11 3.549764e-07 clkbuf_leaf_176_w_clk
 2.656509e-07 8.775550e-08 4.453310e-11 3.534510e-07 clkbuf_leaf_43_w_clk
 2.666088e-07 8.454944e-08 4.453310e-11 3.512028e-07 clkbuf_leaf_170_w_clk
 2.655665e-07 8.446690e-08 4.453310e-11 3.500779e-07 clkbuf_leaf_39_w_clk
 2.654786e-07 8.097279e-08 4.453310e-11 3.464960e-07 clkbuf_leaf_41_w_clk
 3.034644e-07 4.141942e-08 4.460284e-11 3.449285e-07 clkbuf_leaf_14_v_clk
 3.034621e-07 4.136080e-08 4.460284e-11 3.448675e-07 clkbuf_leaf_12_v_clk
 3.034403e-07 4.082257e-08 4.460284e-11 3.443075e-07 clkbuf_leaf_7_v_clk
 3.034260e-07 4.046690e-08 4.460284e-11 3.439375e-07 clkbuf_leaf_298_v_clk
 2.653060e-07 7.419920e-08 4.453310e-11 3.395497e-07 clkbuf_leaf_37_w_clk
 2.651790e-07 6.920835e-08 4.453310e-11 3.344319e-07 clkbuf_leaf_36_w_clk
 2.651122e-07 6.866942e-08 4.453310e-11 3.338261e-07 clkbuf_leaf_16_w_clk
 3.013619e-07 0.000000e+00 4.460284e-11 3.014065e-07 clkload161
 2.860571e-07 0.000000e+00 3.346060e-11 2.860906e-07 clkload20
 2.857974e-07 0.000000e+00 3.346060e-11 2.858308e-07 clkload11
 2.856125e-07 0.000000e+00 3.346060e-11 2.856459e-07 clkload25
 2.835436e-07 0.000000e+00 3.346060e-11 2.835771e-07 clkload3
 2.810833e-07 0.000000e+00 3.346060e-11 2.811167e-07 clkload1
 2.291647e-07 0.000000e+00 6.002115e-11 2.292248e-07 clkload166
 2.287383e-07 0.000000e+00 6.002115e-11 2.287983e-07 clkload145
 2.118557e-07 0.000000e+00 1.672443e-11 2.118724e-07 clkload13
 1.986470e-07 0.000000e+00 5.998766e-11 1.987070e-07 clkload34
 1.983341e-07 0.000000e+00 5.998766e-11 1.983941e-07 clkload32
 1.682250e-07 0.000000e+00 4.663496e-11 1.682716e-07 clkload154
 1.682212e-07 0.000000e+00 4.663496e-11 1.682679e-07 clkload151
 1.678079e-07 0.000000e+00 4.663496e-11 1.678546e-07 clkload162
 1.676326e-07 0.000000e+00 4.663496e-11 1.676792e-07 clkload163
 1.494547e-07 0.000000e+00 2.405171e-11 1.494787e-07 clkload366
 1.494431e-07 0.000000e+00 2.405171e-11 1.494672e-07 clkload244
 1.494402e-07 0.000000e+00 2.405171e-11 1.494643e-07 clkload208
 1.494390e-07 0.000000e+00 2.405171e-11 1.494631e-07 clkload268
 1.494377e-07 0.000000e+00 2.405171e-11 1.494617e-07 clkload234
 1.494348e-07 0.000000e+00 2.405171e-11 1.494588e-07 clkload205
 1.494341e-07 0.000000e+00 2.405171e-11 1.494582e-07 clkload206
 1.494319e-07 0.000000e+00 2.405171e-11 1.494559e-07 clkload238
 1.494317e-07 0.000000e+00 2.405171e-11 1.494557e-07 clkload226
 1.494251e-07 0.000000e+00 2.405171e-11 1.494492e-07 clkload236
 1.494220e-07 0.000000e+00 2.405171e-11 1.494460e-07 clkload265
 1.494214e-07 0.000000e+00 2.405171e-11 1.494454e-07 clkload362
 1.494202e-07 0.000000e+00 2.405171e-11 1.494442e-07 clkload318
 1.494143e-07 0.000000e+00 2.405171e-11 1.494383e-07 clkload290
 1.494134e-07 0.000000e+00 2.405171e-11 1.494374e-07 clkload211
 1.494133e-07 0.000000e+00 2.405171e-11 1.494374e-07 clkload227
 1.494133e-07 0.000000e+00 2.405171e-11 1.494373e-07 clkload176
 1.494131e-07 0.000000e+00 2.405171e-11 1.494372e-07 clkload224
 1.494102e-07 0.000000e+00 2.405171e-11 1.494343e-07 clkload230
 1.494097e-07 0.000000e+00 2.405171e-11 1.494337e-07 clkload360
 1.494081e-07 0.000000e+00 2.405171e-11 1.494321e-07 clkload232
 1.494049e-07 0.000000e+00 2.405171e-11 1.494290e-07 clkload291
 1.494048e-07 0.000000e+00 2.405171e-11 1.494288e-07 clkload207
 1.494043e-07 0.000000e+00 2.405171e-11 1.494283e-07 clkload314
 1.493996e-07 0.000000e+00 2.405171e-11 1.494236e-07 clkload233
 1.493955e-07 0.000000e+00 2.405171e-11 1.494195e-07 clkload173
 1.493935e-07 0.000000e+00 2.405171e-11 1.494176e-07 clkload250
 1.493917e-07 0.000000e+00 2.405171e-11 1.494158e-07 clkload315
 1.493889e-07 0.000000e+00 2.405171e-11 1.494130e-07 clkload287
 1.493839e-07 0.000000e+00 2.405171e-11 1.494079e-07 clkload235
 1.493824e-07 0.000000e+00 2.405171e-11 1.494065e-07 clkload216
 1.493794e-07 0.000000e+00 2.405171e-11 1.494034e-07 clkload174
 1.493719e-07 0.000000e+00 2.405171e-11 1.493959e-07 clkload263
 1.493712e-07 0.000000e+00 2.405171e-11 1.493952e-07 clkload264
 1.493664e-07 0.000000e+00 2.405171e-11 1.493905e-07 clkload247
 1.493649e-07 0.000000e+00 2.405171e-11 1.493889e-07 clkload344
 1.493642e-07 0.000000e+00 2.405171e-11 1.493883e-07 clkload320
 1.493584e-07 0.000000e+00 2.405171e-11 1.493824e-07 clkload317
 1.493522e-07 0.000000e+00 2.405171e-11 1.493762e-07 clkload210
 1.493444e-07 0.000000e+00 2.405171e-11 1.493684e-07 clkload322
 1.493332e-07 0.000000e+00 2.405171e-11 1.493573e-07 clkload217
 1.493314e-07 0.000000e+00 2.405171e-11 1.493554e-07 clkload364
 1.493313e-07 0.000000e+00 2.405171e-11 1.493554e-07 clkload307
 1.493307e-07 0.000000e+00 2.405171e-11 1.493548e-07 clkload339
 1.493305e-07 0.000000e+00 2.405171e-11 1.493545e-07 clkload298
 1.493228e-07 0.000000e+00 2.405171e-11 1.493468e-07 clkload259
 1.493210e-07 0.000000e+00 2.405171e-11 1.493450e-07 clkload305
 1.493208e-07 0.000000e+00 2.405171e-11 1.493449e-07 clkload209
 1.493176e-07 0.000000e+00 2.405171e-11 1.493416e-07 clkload204
 1.493172e-07 0.000000e+00 2.405171e-11 1.493413e-07 clkload249
 1.493172e-07 0.000000e+00 2.405171e-11 1.493412e-07 clkload310
 1.493121e-07 0.000000e+00 2.405171e-11 1.493361e-07 clkload177
 1.493059e-07 0.000000e+00 2.405171e-11 1.493299e-07 clkload229
 1.493054e-07 0.000000e+00 2.405171e-11 1.493295e-07 clkload297
 1.492999e-07 0.000000e+00 2.405171e-11 1.493240e-07 clkload319
 1.492980e-07 0.000000e+00 2.405171e-11 1.493220e-07 clkload340
 1.492895e-07 0.000000e+00 2.405171e-11 1.493136e-07 clkload275
 1.492874e-07 0.000000e+00 2.405171e-11 1.493114e-07 clkload335
 1.492859e-07 0.000000e+00 2.405171e-11 1.493099e-07 clkload181
 1.492649e-07 0.000000e+00 2.405171e-11 1.492890e-07 clkload284
 1.492612e-07 0.000000e+00 2.405171e-11 1.492852e-07 clkload300
 1.492565e-07 0.000000e+00 2.405171e-11 1.492805e-07 clkload254
 1.492334e-07 0.000000e+00 2.405171e-11 1.492575e-07 clkload301
 1.492323e-07 0.000000e+00 2.405171e-11 1.492563e-07 clkload331
 1.492275e-07 0.000000e+00 2.405171e-11 1.492515e-07 clkload201
 1.492227e-07 0.000000e+00 2.405171e-11 1.492467e-07 clkload183
 1.492193e-07 0.000000e+00 2.405171e-11 1.492433e-07 clkload253
 1.492172e-07 0.000000e+00 2.405171e-11 1.492413e-07 clkload178
 1.492122e-07 0.000000e+00 2.405171e-11 1.492363e-07 clkload199
 1.492032e-07 0.000000e+00 2.405171e-11 1.492272e-07 clkload299
 1.491978e-07 0.000000e+00 2.405171e-11 1.492219e-07 clkload279
 1.491870e-07 0.000000e+00 2.405171e-11 1.492110e-07 clkload327
 1.491823e-07 0.000000e+00 2.405171e-11 1.492063e-07 clkload308
 1.491763e-07 0.000000e+00 2.405171e-11 1.492003e-07 clkload278
 1.491662e-07 0.000000e+00 2.405171e-11 1.491903e-07 clkload200
 1.491462e-07 0.000000e+00 2.405171e-11 1.491702e-07 clkload359
 1.491350e-07 0.000000e+00 2.405171e-11 1.491590e-07 clkload202
 1.393075e-07 0.000000e+00 1.997120e-11 1.393274e-07 clkload15
 1.392361e-07 0.000000e+00 1.997120e-11 1.392561e-07 clkload24
 1.389465e-07 0.000000e+00 1.997120e-11 1.389665e-07 clkload14
 1.386420e-07 0.000000e+00 1.997120e-11 1.386620e-07 clkload5
 1.305206e-07 0.000000e+00 2.397611e-11 1.305446e-07 clkload58
 1.305199e-07 0.000000e+00 2.397611e-11 1.305439e-07 clkload105
 1.305032e-07 0.000000e+00 2.397611e-11 1.305272e-07 clkload106
 1.304805e-07 0.000000e+00 2.397611e-11 1.305045e-07 clkload108
 1.304627e-07 0.000000e+00 2.397611e-11 1.304867e-07 clkload40
 1.304579e-07 0.000000e+00 2.397611e-11 1.304819e-07 clkload109
 1.304336e-07 0.000000e+00 2.397611e-11 1.304576e-07 clkload59
 1.304275e-07 0.000000e+00 2.397611e-11 1.304515e-07 clkload56
 1.304248e-07 0.000000e+00 2.397611e-11 1.304488e-07 clkload76
 1.304118e-07 0.000000e+00 2.397611e-11 1.304357e-07 clkload64
 1.304063e-07 0.000000e+00 2.397611e-11 1.304303e-07 clkload120
 1.304046e-07 0.000000e+00 2.397611e-11 1.304286e-07 clkload104
 1.304022e-07 0.000000e+00 2.397611e-11 1.304262e-07 clkload135
 1.303780e-07 0.000000e+00 2.397611e-11 1.304019e-07 clkload69
 1.303778e-07 0.000000e+00 2.397611e-11 1.304018e-07 clkload70
 1.303681e-07 0.000000e+00 2.397611e-11 1.303921e-07 clkload124
 1.303660e-07 0.000000e+00 2.397611e-11 1.303900e-07 clkload114
 1.303370e-07 0.000000e+00 2.397611e-11 1.303610e-07 clkload68
 1.303263e-07 0.000000e+00 2.397611e-11 1.303503e-07 clkload100
 1.303250e-07 0.000000e+00 2.397611e-11 1.303490e-07 clkload119
 1.303174e-07 0.000000e+00 2.397611e-11 1.303414e-07 clkload94
 1.303150e-07 0.000000e+00 2.397611e-11 1.303389e-07 clkload111
 1.303090e-07 0.000000e+00 2.397611e-11 1.303330e-07 clkload92
 1.302930e-07 0.000000e+00 2.397611e-11 1.303170e-07 clkload77
 1.302701e-07 0.000000e+00 2.397611e-11 1.302941e-07 clkload95
 1.302414e-07 0.000000e+00 2.397611e-11 1.302654e-07 clkload142
 1.301859e-07 0.000000e+00 2.397611e-11 1.302099e-07 clkload44
 1.301178e-07 0.000000e+00 2.397611e-11 1.301418e-07 clkload128
 1.095319e-07 0.000000e+00 3.325057e-11 1.095652e-07 clkload157
 1.093665e-07 0.000000e+00 3.325057e-11 1.093998e-07 clkload165
 1.091664e-07 0.000000e+00 3.325057e-11 1.091996e-07 clkload158
 1.091102e-07 0.000000e+00 3.325057e-11 1.091434e-07 clkload167
 9.490508e-08 0.000000e+00 3.323383e-11 9.493831e-08 clkload30
 8.261714e-08 0.000000e+00 1.683169e-11 8.263397e-08 clkload186
 8.259831e-08 0.000000e+00 1.683169e-11 8.261514e-08 clkload189
 8.258697e-08 0.000000e+00 1.683169e-11 8.260380e-08 clkload190
 8.257746e-08 0.000000e+00 1.683169e-11 8.259429e-08 clkload294
 8.257217e-08 0.000000e+00 1.683169e-11 8.258900e-08 clkload295
 8.257214e-08 0.000000e+00 1.683169e-11 8.258897e-08 clkload191
 8.256303e-08 0.000000e+00 1.683169e-11 8.257987e-08 clkload188
 8.255829e-08 0.000000e+00 1.683169e-11 8.257512e-08 clkload292
 8.255397e-08 0.000000e+00 1.683169e-11 8.257081e-08 clkload187
 8.254546e-08 0.000000e+00 1.683169e-11 8.256229e-08 clkload293
 8.253997e-08 0.000000e+00 1.683169e-11 8.255680e-08 clkload296
 8.253539e-08 0.000000e+00 1.683169e-11 8.255222e-08 clkload321
 8.253351e-08 0.000000e+00 1.683169e-11 8.255034e-08 clkload289
 8.252292e-08 0.000000e+00 1.683169e-11 8.253975e-08 clkload218
 8.251323e-08 0.000000e+00 1.683169e-11 8.253006e-08 clkload262
 8.251231e-08 0.000000e+00 1.683169e-11 8.252914e-08 clkload246
 8.251087e-08 0.000000e+00 1.683169e-11 8.252770e-08 clkload367
 8.251040e-08 0.000000e+00 1.683169e-11 8.252723e-08 clkload223
 8.250983e-08 0.000000e+00 1.683169e-11 8.252666e-08 clkload316
 8.250829e-08 0.000000e+00 1.683169e-11 8.252512e-08 clkload231
 8.250649e-08 0.000000e+00 1.683169e-11 8.252332e-08 clkload323
 8.250467e-08 0.000000e+00 1.683169e-11 8.252150e-08 clkload222
 8.250336e-08 0.000000e+00 1.683169e-11 8.252020e-08 clkload172
 8.249974e-08 0.000000e+00 1.683169e-11 8.251657e-08 clkload365
 8.249592e-08 0.000000e+00 1.683169e-11 8.251275e-08 clkload270
 8.249417e-08 0.000000e+00 1.683169e-11 8.251100e-08 clkload363
 8.249380e-08 0.000000e+00 1.683169e-11 8.251063e-08 clkload245
 8.248639e-08 0.000000e+00 1.683169e-11 8.250322e-08 clkload175
 8.248590e-08 0.000000e+00 1.683169e-11 8.250274e-08 clkload261
 8.248475e-08 0.000000e+00 1.683169e-11 8.250158e-08 clkload269
 8.248146e-08 0.000000e+00 1.683169e-11 8.249829e-08 clkload267
 8.248097e-08 0.000000e+00 1.683169e-11 8.249781e-08 clkload282
 8.247859e-08 0.000000e+00 1.683169e-11 8.249542e-08 clkload313
 8.247382e-08 0.000000e+00 1.683169e-11 8.249065e-08 clkload220
 8.246145e-08 0.000000e+00 1.683169e-11 8.247828e-08 clkload309
 8.246086e-08 0.000000e+00 1.683169e-11 8.247769e-08 clkload271
 8.245846e-08 0.000000e+00 1.683169e-11 8.247530e-08 clkload361
 8.245355e-08 0.000000e+00 1.683169e-11 8.247038e-08 clkload225
 8.245065e-08 0.000000e+00 1.683169e-11 8.246748e-08 clkload286
 8.244351e-08 0.000000e+00 1.683169e-11 8.246034e-08 clkload219
 8.244281e-08 0.000000e+00 1.683169e-11 8.245964e-08 clkload349
 8.243658e-08 0.000000e+00 1.683169e-11 8.245341e-08 clkload251
 8.243604e-08 0.000000e+00 1.683169e-11 8.245287e-08 clkload248
 8.242365e-08 0.000000e+00 1.683169e-11 8.244049e-08 clkload203
 8.242043e-08 0.000000e+00 1.683169e-11 8.243726e-08 clkload337
 8.242020e-08 0.000000e+00 1.683169e-11 8.243703e-08 clkload228
 8.241975e-08 0.000000e+00 1.683169e-11 8.243659e-08 clkload237
 8.241648e-08 0.000000e+00 1.683169e-11 8.243331e-08 clkload303
 8.241116e-08 0.000000e+00 1.683169e-11 8.242799e-08 clkload221
 8.240887e-08 0.000000e+00 1.683169e-11 8.242571e-08 clkload240
 8.240469e-08 0.000000e+00 1.683169e-11 8.242152e-08 clkload260
 8.238957e-08 0.000000e+00 1.683169e-11 8.240640e-08 clkload288
 8.237960e-08 0.000000e+00 1.683169e-11 8.239643e-08 clkload350
 8.237181e-08 0.000000e+00 1.683169e-11 8.238865e-08 clkload302
 8.236413e-08 0.000000e+00 1.683169e-11 8.238096e-08 clkload266
 8.235713e-08 0.000000e+00 1.683169e-11 8.237396e-08 clkload272
 8.231129e-08 0.000000e+00 1.683169e-11 8.232812e-08 clkload358
 8.225535e-08 0.000000e+00 1.683169e-11 8.227218e-08 clkload196
 8.169395e-08 0.000000e+00 1.683169e-11 8.171079e-08 clkload168
 7.208747e-08 0.000000e+00 1.684025e-11 7.210431e-08 clkload39
 7.208222e-08 0.000000e+00 1.684025e-11 7.209906e-08 clkload107
 7.205372e-08 0.000000e+00 1.684025e-11 7.207056e-08 clkload38
 7.201879e-08 0.000000e+00 1.684025e-11 7.203563e-08 clkload66
 7.201459e-08 0.000000e+00 1.684025e-11 7.203143e-08 clkload62
 7.200534e-08 0.000000e+00 1.684025e-11 7.202217e-08 clkload73
 7.199843e-08 0.000000e+00 1.684025e-11 7.201527e-08 clkload57
 7.198965e-08 0.000000e+00 1.684025e-11 7.200649e-08 clkload115
 7.198145e-08 0.000000e+00 1.684025e-11 7.199829e-08 clkload67
 7.197963e-08 0.000000e+00 1.684025e-11 7.199647e-08 clkload118
 7.197622e-08 0.000000e+00 1.684025e-11 7.199306e-08 clkload143
 7.197286e-08 0.000000e+00 1.684025e-11 7.198970e-08 clkload60
 7.196579e-08 0.000000e+00 1.684025e-11 7.198263e-08 clkload61
 7.195757e-08 0.000000e+00 1.684025e-11 7.197441e-08 clkload121
 7.195754e-08 0.000000e+00 1.684025e-11 7.197438e-08 clkload134
 7.195524e-08 0.000000e+00 1.684025e-11 7.197208e-08 clkload72
 7.194760e-08 0.000000e+00 1.684025e-11 7.196444e-08 clkload117
 7.192775e-08 0.000000e+00 1.684025e-11 7.194459e-08 clkload74
 7.191188e-08 0.000000e+00 1.684025e-11 7.192872e-08 clkload102
 7.190086e-08 0.000000e+00 1.684025e-11 7.191770e-08 clkload136
 7.189296e-08 0.000000e+00 1.684025e-11 7.190980e-08 clkload140
 7.188569e-08 0.000000e+00 1.684025e-11 7.190253e-08 clkload86
 7.187379e-08 0.000000e+00 1.684025e-11 7.189063e-08 clkload82
 7.186389e-08 0.000000e+00 1.684025e-11 7.188073e-08 clkload139
 7.176688e-08 0.000000e+00 1.684025e-11 7.178372e-08 clkload129
 5.326567e-08 0.000000e+00 1.986619e-11 5.328554e-08 clkload169
 5.325656e-08 0.000000e+00 1.986619e-11 5.327642e-08 clkload170
 3.854406e-08 1.431353e-08 2.388251e-11 5.288147e-08 output16
 3.099191e-08 1.743169e-08 2.577618e-11 4.844938e-08 output14
 4.811605e-08 0.000000e+00 1.985782e-11 4.813591e-08 clkload48
 4.793368e-08 0.000000e+00 1.985782e-11 4.795353e-08 clkload47
 4.790050e-08 0.000000e+00 1.985782e-11 4.792036e-08 clkload45
 4.778958e-08 0.000000e+00 1.985782e-11 4.780943e-08 clkload133
 4.770969e-08 0.000000e+00 1.985782e-11 4.772955e-08 clkload125
 4.753610e-08 0.000000e+00 1.985782e-11 4.755596e-08 clkload50
 4.749617e-08 0.000000e+00 1.985782e-11 4.751603e-08 clkload130
 4.741511e-08 0.000000e+00 1.985782e-11 4.743497e-08 clkload54
 2.747966e-08 0.000000e+00 1.317327e-11 2.749283e-08 clkload171
 1.156121e-08 5.111874e-09 2.654610e-11 1.669963e-08 output13
 8.030333e-18 3.709076e-17 4.698522e-11 4.698527e-11 fanout1741
 8.035433e-18 3.775753e-17 4.698522e-11 4.698527e-11 fanout1760
 2.249852e-15 7.055169e-15 4.694435e-11 4.695365e-11 fanout179
 8.263072e-15 5.471881e-14 4.685088e-11 4.691386e-11 wire1041
 3.459213e-15 1.880438e-14 4.685702e-11 4.687928e-11 max_cap343
 3.461247e-15 1.441108e-14 4.685842e-11 4.687629e-11 fanout574
 3.611507e-15 1.601536e-14 4.684781e-11 4.686744e-11 fanout467
 3.917604e-15 1.795659e-14 4.683554e-11 4.685741e-11 max_cap432
 3.392442e-15 2.299595e-14 4.682801e-11 4.685440e-11 max_cap1155
 4.061018e-15 1.823823e-14 4.682354e-11 4.684584e-11 wire310
 4.435428e-15 2.482397e-14 4.680736e-11 4.683661e-11 wire463
 5.011854e-15 3.015443e-14 4.679285e-11 4.682802e-11 fanout220
 5.458747e-15 3.201001e-14 4.676941e-11 4.680688e-11 max_cap315
 5.875600e-15 2.567746e-14 4.676132e-11 4.679288e-11 fanout570
 5.901884e-15 2.879933e-14 4.673286e-11 4.676757e-11 max_cap418
 6.013160e-15 2.970404e-14 4.673008e-11 4.676580e-11 max_cap330
 6.361227e-15 2.865603e-14 4.673008e-11 4.676510e-11 max_cap248
 6.448432e-15 4.082142e-14 4.669827e-11 4.674554e-11 wire499
 7.319373e-15 4.534653e-14 4.667901e-11 4.673168e-11 max_cap155
 7.619648e-15 4.583119e-14 4.664805e-11 4.670150e-11 max_cap443
 8.140057e-15 5.143965e-14 4.663354e-11 4.669313e-11 max_cap350
 8.531717e-15 5.565672e-14 4.662657e-11 4.669076e-11 wire873
 8.523880e-15 4.523856e-14 4.661318e-11 4.666694e-11 max_cap302
 5.161586e-15 2.445486e-14 4.663494e-11 4.666455e-11 fanout837
 5.237236e-15 2.048285e-14 4.663494e-11 4.666065e-11 max_cap824
 5.221977e-15 2.028414e-14 4.663494e-11 4.666044e-11 max_cap818
 5.125512e-15 2.012341e-14 4.663494e-11 4.666019e-11 fanout834
 5.119855e-15 1.944481e-14 4.663494e-11 4.665950e-11 fanout831
 5.156372e-15 1.933635e-14 4.663494e-11 4.665943e-11 fanout822
 5.134334e-15 1.915415e-14 4.663494e-11 4.665923e-11 fanout815
 5.162014e-15 1.897860e-14 4.663494e-11 4.665908e-11 fanout825
 5.136635e-15 1.843276e-14 4.663494e-11 4.665850e-11 fanout835
 5.121946e-15 1.795948e-14 4.663494e-11 4.665802e-11 fanout826
 5.124371e-15 1.778171e-14 4.663494e-11 4.665784e-11 fanout839
 5.149327e-15 1.738366e-14 4.663494e-11 4.665747e-11 fanout840
 5.138674e-15 1.650244e-14 4.663494e-11 4.665658e-11 fanout821
 5.143593e-15 1.645651e-14 4.663494e-11 4.665654e-11 fanout838
 5.138018e-15 1.583585e-14 4.663494e-11 4.665591e-11 fanout841
 5.129884e-15 1.570249e-14 4.663494e-11 4.665577e-11 fanout833
 8.508518e-15 2.775781e-14 4.661875e-11 4.665502e-11 max_cap363
 9.535148e-15 6.116565e-14 4.656798e-11 4.663868e-11 fanout198
 9.749039e-15 6.104716e-14 4.655682e-11 4.662761e-11 wire150
 8.948454e-15 5.417217e-14 4.655570e-11 4.661882e-11 wire370
 9.950358e-15 7.705718e-14 4.651050e-11 4.659751e-11 max_cap162
 1.037551e-14 7.986672e-14 4.650046e-11 4.659070e-11 max_cap159
 1.011224e-14 4.056789e-14 4.652752e-11 4.657820e-11 max_cap1204
 1.001879e-14 3.677654e-14 4.652752e-11 4.657432e-11 max_cap1202
 1.099380e-14 6.410590e-14 4.649292e-11 4.656802e-11 max_cap295
 1.042003e-14 5.444358e-14 4.649767e-11 4.656253e-11 max_cap892
 9.562954e-15 4.060772e-14 4.649571e-11 4.654589e-11 max_cap366
 1.031184e-14 4.449610e-14 4.648149e-11 4.653629e-11 max_cap567
 1.026904e-14 6.451852e-14 4.646084e-11 4.653563e-11 max_cap240
 9.697600e-15 5.300325e-14 4.647256e-11 4.653526e-11 max_cap471
 9.989168e-15 5.552595e-14 4.646056e-11 4.652607e-11 max_cap521
 1.121380e-14 6.198175e-14 4.643824e-11 4.651144e-11 wire902
 1.104474e-14 5.890153e-14 4.644103e-11 4.651098e-11 max_cap1249
 1.114411e-14 6.131234e-14 4.643573e-11 4.650819e-11 fanout312
 1.109924e-14 5.091205e-14 4.644103e-11 4.650304e-11 max_cap1251
 1.114591e-14 4.664382e-14 4.644103e-11 4.649882e-11 max_cap1253
 1.149710e-14 6.743122e-14 4.641927e-11 4.649820e-11 fanout360
 1.107593e-14 4.312635e-14 4.644103e-11 4.649523e-11 max_cap1247
 1.127269e-14 6.102724e-14 4.640420e-11 4.647650e-11 max_cap201
 1.137622e-14 5.458270e-14 4.640420e-11 4.647016e-11 fanout253
 1.124945e-14 5.510903e-14 4.637798e-11 4.644434e-11 fanout1236
 1.193296e-14 6.886418e-14 4.634840e-11 4.642920e-11 max_cap224
 1.146712e-14 5.060907e-14 4.636012e-11 4.642220e-11 wire515
 5.537065e-14 3.322499e-13 4.603271e-11 4.642033e-11 fanout1195
 6.519174e-15 2.994495e-14 4.637881e-11 4.641528e-11 wire273
 6.467265e-15 2.710125e-14 4.637881e-11 4.641238e-11 max_cap694
 6.371016e-15 2.710361e-14 4.637881e-11 4.641229e-11 fanout696
 6.491269e-15 2.609369e-14 4.637881e-11 4.641140e-11 max_cap701
 6.371940e-15 2.618312e-14 4.637881e-11 4.641137e-11 fanout261
 6.374044e-15 2.566086e-14 4.637881e-11 4.641085e-11 fanout263
 6.359439e-15 2.498623e-14 4.637881e-11 4.641016e-11 fanout266
 6.361102e-15 2.496415e-14 4.637881e-11 4.641014e-11 fanout687
 6.357721e-15 2.476338e-14 4.637881e-11 4.640993e-11 fanout268
 6.373694e-15 2.448246e-14 4.637881e-11 4.640967e-11 fanout690
 6.355061e-15 2.421598e-14 4.637881e-11 4.640939e-11 fanout684
 6.347136e-15 2.420332e-14 4.637881e-11 4.640937e-11 fanout699
 6.359123e-15 2.399304e-14 4.637881e-11 4.640916e-11 fanout703
 6.336623e-15 2.288002e-14 4.637881e-11 4.640803e-11 fanout271
 6.367565e-15 2.284882e-14 4.637881e-11 4.640803e-11 fanout689
 6.332343e-15 2.240547e-14 4.637881e-11 4.640755e-11 fanout697
 6.347911e-15 2.184473e-14 4.637881e-11 4.640701e-11 fanout275
 6.357687e-15 2.145997e-14 4.637881e-11 4.640663e-11 fanout683
 6.337392e-15 2.005064e-14 4.637881e-11 4.640520e-11 fanout691
 1.270137e-14 5.732179e-14 4.628619e-11 4.635621e-11 fanout556
 1.272232e-14 5.114404e-14 4.628619e-11 4.635006e-11 max_cap554
 5.509744e-14 2.607277e-13 4.603271e-11 4.634854e-11 fanout1189
 1.257645e-14 4.581544e-14 4.628619e-11 4.634458e-11 fanout555
 1.275572e-14 8.245281e-14 4.624601e-11 4.634122e-11 max_cap400
 1.136850e-14 5.334146e-14 4.626052e-11 4.632523e-11 max_cap731
 1.253104e-14 5.682370e-14 4.623569e-11 4.630504e-11 max_cap1351
 5.476046e-14 2.163805e-13 4.603271e-11 4.630385e-11 fanout1171
 1.227140e-14 4.947519e-14 4.623569e-11 4.629743e-11 fanout1354
 1.231136e-14 4.747665e-14 4.623569e-11 4.629548e-11 fanout1357
 1.245296e-14 4.673572e-14 4.623569e-11 4.629488e-11 max_cap1348
 1.249351e-14 4.489161e-14 4.623569e-11 4.629307e-11 max_cap1353
 1.237484e-14 3.498959e-14 4.623569e-11 4.628305e-11 fanout1349
 1.344326e-14 8.291923e-14 4.618323e-11 4.627960e-11 wire285
 7.030069e-15 2.839464e-14 4.617626e-11 4.621168e-11 fanout779
 7.008007e-15 2.657374e-14 4.617626e-11 4.620984e-11 fanout795
 7.001186e-15 2.611509e-14 4.617626e-11 4.620938e-11 fanout787
 7.016455e-15 2.596329e-14 4.617626e-11 4.620924e-11 fanout777
 6.987253e-15 2.562019e-14 4.617626e-11 4.620887e-11 fanout770
 7.005319e-15 2.516434e-14 4.617626e-11 4.620843e-11 fanout776
 6.969588e-15 2.487314e-14 4.617626e-11 4.620810e-11 fanout791
 6.990903e-15 2.456772e-14 4.617626e-11 4.620782e-11 fanout798
 6.999877e-15 2.445482e-14 4.617626e-11 4.620771e-11 fanout780
 6.989628e-15 2.423988e-14 4.617626e-11 4.620749e-11 fanout796
 7.010040e-15 2.419610e-14 4.617626e-11 4.620747e-11 fanout786
 6.976070e-15 2.418579e-14 4.617626e-11 4.620742e-11 fanout771
 6.967700e-15 2.311584e-14 4.617626e-11 4.620634e-11 fanout772
 7.001858e-15 2.285121e-14 4.617626e-11 4.620612e-11 fanout769
 6.982558e-15 2.255795e-14 4.617626e-11 4.620580e-11 fanout774
 6.953551e-15 2.013396e-14 4.617626e-11 4.620335e-11 fanout766
 6.953427e-15 2.012221e-14 4.617626e-11 4.620334e-11 fanout765
 1.421978e-14 5.237067e-14 4.613385e-11 4.620044e-11 max_cap525
 1.412057e-14 4.455094e-14 4.613385e-11 4.619253e-11 max_cap523
 1.392817e-14 6.100231e-14 4.611600e-11 4.619093e-11 max_cap491
 1.405678e-14 5.228594e-14 4.611600e-11 4.618234e-11 max_cap489
 1.311381e-14 5.326382e-14 4.610344e-11 4.616982e-11 fanout1340
 1.321823e-14 4.774629e-14 4.610344e-11 4.616441e-11 max_cap1339
 1.436911e-14 4.572061e-14 4.607722e-11 4.613731e-11 max_cap1346
 1.142230e-14 5.504095e-14 4.606215e-11 4.612861e-11 fanout1369
 1.142237e-14 4.652793e-14 4.606215e-11 4.612010e-11 fanout1383
 1.132111e-14 4.314215e-14 4.606215e-11 4.611661e-11 fanout1391
 1.131416e-14 4.229643e-14 4.606215e-11 4.611576e-11 fanout1392
 1.147746e-14 4.148943e-14 4.606215e-11 4.611512e-11 max_cap1371
 1.132119e-14 4.162888e-14 4.606215e-11 4.611510e-11 fanout1387
 1.131453e-14 4.142391e-14 4.606215e-11 4.611489e-11 fanout1363
 1.166610e-14 7.350742e-14 4.602951e-11 4.611468e-11 wire289
 1.132251e-14 4.105609e-14 4.606215e-11 4.611453e-11 fanout1374
 1.137855e-14 4.082554e-14 4.606215e-11 4.611436e-11 fanout1382
 1.130894e-14 3.927492e-14 4.606215e-11 4.611274e-11 fanout1376
 1.134373e-14 3.894537e-14 4.606215e-11 4.611244e-11 fanout1390
 1.135116e-14 3.828362e-14 4.606215e-11 4.611178e-11 fanout1373
 1.127087e-14 3.703882e-14 4.606215e-11 4.611046e-11 fanout1384
 1.131507e-14 3.614788e-14 4.606215e-11 4.610961e-11 fanout1396
 1.127415e-14 3.551573e-14 4.606215e-11 4.610894e-11 fanout1386
 1.127599e-14 3.497956e-14 4.606215e-11 4.610841e-11 fanout1364
 1.127399e-14 3.469069e-14 4.606215e-11 4.610811e-11 fanout1377
 1.479275e-14 9.207437e-14 4.598905e-11 4.609592e-11 wire511
 1.289651e-14 8.434230e-14 4.592321e-11 4.602044e-11 max_cap255
 1.373235e-14 6.258003e-14 4.592767e-11 4.600399e-11 max_cap481
 1.373073e-14 5.877867e-14 4.592767e-11 4.600018e-11 max_cap479
 1.260216e-14 6.858778e-14 4.590257e-11 4.598375e-11 max_cap306
 1.255428e-14 5.188577e-14 4.590424e-11 4.596868e-11 max_cap420
 1.229835e-14 1.038580e-13 4.582165e-11 4.593781e-11 wire211
 1.197547e-14 5.949290e-14 4.582416e-11 4.589563e-11 max_cap406
 7.929012e-15 5.082910e-14 4.583253e-11 4.589129e-11 fanout326
 1.233753e-14 7.285687e-14 4.580603e-11 4.589122e-11 max_cap291
 7.647673e-15 4.664417e-14 4.582082e-11 4.587511e-11 fanout1575
 7.559623e-15 4.140984e-14 4.582082e-11 4.586978e-11 fanout1562
 7.652631e-15 3.754393e-14 4.582082e-11 4.586601e-11 max_cap1565
 7.662163e-15 3.676667e-14 4.582082e-11 4.586525e-11 max_cap1560
 7.532988e-15 3.417161e-14 4.582082e-11 4.586252e-11 fanout1561
 7.556930e-15 3.215368e-14 4.582082e-11 4.586053e-11 fanout1568
 1.238910e-14 8.464526e-14 4.576278e-11 4.585982e-11 max_cap203
 7.499996e-15 3.124528e-14 4.582082e-11 4.585956e-11 fanout1566
 1.358868e-14 7.620335e-14 4.572317e-11 4.581296e-11 wire1257
 1.339548e-14 5.218430e-14 4.572317e-11 4.578875e-11 max_cap1255
 1.242024e-14 5.543885e-14 4.565314e-11 4.572100e-11 max_cap1265
 1.244766e-14 9.409823e-14 4.560989e-11 4.571644e-11 fanout449
 1.292764e-14 6.857933e-14 4.559901e-11 4.568052e-11 wire1263
 1.248854e-14 4.783382e-14 4.560989e-11 4.567021e-11 max_cap448
 1.175478e-14 6.250072e-14 4.556470e-11 4.563895e-11 fanout1612
 1.169402e-14 5.068098e-14 4.556470e-11 4.562707e-11 fanout1578
 1.246101e-14 7.754780e-14 4.553121e-11 4.562122e-11 max_cap357
 1.164847e-14 4.486759e-14 4.556470e-11 4.562122e-11 fanout1582
 1.165027e-14 4.368656e-14 4.556470e-11 4.562004e-11 fanout1590
 1.166440e-14 4.173434e-14 4.556470e-11 4.561810e-11 fanout1604
 1.162521e-14 4.142602e-14 4.556470e-11 4.561775e-11 fanout1603
 1.162110e-14 4.088538e-14 4.556470e-11 4.561720e-11 fanout1605
 1.162483e-14 4.032652e-14 4.556470e-11 4.561665e-11 fanout1592
 1.165209e-14 3.902653e-14 4.556470e-11 4.561538e-11 fanout1576
 1.160703e-14 3.849140e-14 4.556470e-11 4.561480e-11 fanout1577
 1.159719e-14 3.782249e-14 4.556470e-11 4.561412e-11 fanout1602
 1.154701e-14 3.607495e-14 4.556470e-11 4.561232e-11 fanout1596
 1.179177e-14 6.225520e-14 4.547709e-11 4.555114e-11 fanout1409
 1.172738e-14 5.979424e-14 4.547709e-11 4.554861e-11 fanout1408
 1.173868e-14 5.619963e-14 4.547709e-11 4.554503e-11 fanout1400
 1.167169e-14 5.068788e-14 4.547709e-11 4.553945e-11 fanout1402
 1.165463e-14 4.928547e-14 4.547709e-11 4.553803e-11 fanout1403
 1.164301e-14 4.786597e-14 4.547709e-11 4.553660e-11 fanout1404
 1.251603e-14 6.037174e-14 4.545728e-11 4.553017e-11 max_cap875
 1.263739e-14 5.797342e-14 4.544277e-11 4.551338e-11 fanout979
 1.084102e-14 5.235929e-14 4.540232e-11 4.546552e-11 fanout969
 1.235344e-14 7.268122e-14 4.536800e-11 4.545304e-11 fanout976
 1.232114e-14 4.803296e-14 4.536800e-11 4.542836e-11 wire975
 1.283905e-14 5.486798e-14 4.535823e-11 4.542594e-11 max_cap728
 5.549042e-14 3.460964e-13 4.501506e-11 4.541665e-11 fanout986
 1.356352e-14 6.470544e-14 4.531862e-11 4.539688e-11 max_cap972
 1.326244e-14 5.512369e-14 4.531862e-11 4.538700e-11 fanout973
 5.530530e-14 3.114228e-13 4.501506e-11 4.538179e-11 fanout985
 5.613735e-14 2.525808e-13 4.500949e-11 4.531821e-11 max_cap745
 5.515095e-14 2.531361e-13 4.500949e-11 4.531778e-11 fanout750
 5.507306e-14 2.354263e-13 4.500949e-11 4.529999e-11 fanout737
 7.677333e-15 5.847581e-14 4.522097e-11 4.528712e-11 fanout1413
 7.554659e-15 4.331836e-14 4.522097e-11 4.527184e-11 fanout1410
 7.550408e-15 4.221003e-14 4.522097e-11 4.527072e-11 fanout1411
 5.467952e-14 2.011555e-13 4.500949e-11 4.526532e-11 fanout755
 5.453425e-14 1.835014e-13 4.500949e-11 4.524752e-11 fanout754
 5.464993e-14 1.827360e-13 4.500949e-11 4.524688e-11 fanout749
 1.395594e-14 6.378004e-14 4.515959e-11 4.523732e-11 max_cap424
 1.378724e-14 9.045657e-14 4.509346e-11 4.519771e-11 max_cap1738
 1.447794e-14 9.632053e-14 4.507589e-11 4.518668e-11 wire475
 1.356292e-14 7.523847e-14 4.509346e-11 4.518226e-11 fanout1734
 1.376480e-14 6.929079e-14 4.509346e-11 4.517652e-11 max_cap1731
 1.378066e-14 6.790411e-14 4.509346e-11 4.517515e-11 max_cap1736
 1.364265e-14 5.327823e-14 4.509346e-11 4.516039e-11 max_cap1729
 1.426332e-14 1.035434e-13 4.501060e-11 4.512840e-11 max_cap503
 1.439642e-14 6.243585e-14 4.501869e-11 4.509552e-11 max_cap352
 1.437852e-14 7.478833e-14 4.496457e-11 4.505374e-11 fanout1720
 1.422466e-14 6.049954e-14 4.496457e-11 4.503929e-11 fanout1714
 1.365986e-14 5.582832e-14 4.496820e-11 4.503769e-11 max_cap501
 1.438447e-14 5.677255e-14 4.496457e-11 4.503573e-11 max_cap1716
 1.413263e-14 5.546419e-14 4.496457e-11 4.503416e-11 fanout1717
 1.132984e-14 4.132144e-14 4.497963e-11 4.503228e-11 fanout1676
 1.137014e-14 4.109483e-14 4.497963e-11 4.503210e-11 fanout1632
 1.129619e-14 3.933179e-14 4.497963e-11 4.503026e-11 fanout1621
 1.132688e-14 3.919392e-14 4.497963e-11 4.503015e-11 fanout1615
 1.133549e-14 3.875107e-14 4.497963e-11 4.502972e-11 fanout1682
 1.125894e-14 3.865772e-14 4.497963e-11 4.502955e-11 fanout1617
 1.134269e-14 3.850684e-14 4.497963e-11 4.502948e-11 fanout1630
 1.131915e-14 3.776876e-14 4.497963e-11 4.502872e-11 fanout1691
 1.126191e-14 3.748295e-14 4.497963e-11 4.502838e-11 fanout1657
 1.134215e-14 3.739338e-14 4.497963e-11 4.502837e-11 fanout1640
 1.125807e-14 3.702685e-14 4.497963e-11 4.502792e-11 fanout1664
 1.132893e-14 3.670197e-14 4.497963e-11 4.502766e-11 fanout1627
 1.142769e-14 3.558440e-14 4.497963e-11 4.502664e-11 max_cap1614
 1.152686e-14 3.548581e-14 4.497963e-11 4.502664e-11 max_cap1655
 1.126421e-14 3.541501e-14 4.497963e-11 4.502631e-11 fanout1623
 1.131441e-14 3.506164e-14 4.497963e-11 4.502601e-11 fanout1619
 1.130057e-14 3.504148e-14 4.497963e-11 4.502597e-11 fanout1648
 1.129531e-14 3.493717e-14 4.497963e-11 4.502586e-11 fanout1667
 1.134476e-14 3.481529e-14 4.497963e-11 4.502579e-11 fanout1651
 1.134121e-14 3.451729e-14 4.497963e-11 4.502549e-11 fanout1670
 1.131052e-14 3.428418e-14 4.497963e-11 4.502523e-11 fanout1626
 1.123380e-14 3.408542e-14 4.497963e-11 4.502495e-11 fanout1653
 1.128481e-14 3.383655e-14 4.497963e-11 4.502475e-11 fanout1645
 1.128830e-14 3.342259e-14 4.497963e-11 4.502434e-11 fanout1647
 1.131830e-14 3.322202e-14 4.497963e-11 4.502417e-11 fanout1656
 1.131404e-14 3.271050e-14 4.497963e-11 4.502365e-11 fanout1690
 1.129938e-14 3.272155e-14 4.497963e-11 4.502365e-11 fanout1635
 1.127558e-14 3.066380e-14 4.497963e-11 4.502157e-11 fanout1668
 1.131071e-14 3.037978e-14 4.497963e-11 4.502132e-11 fanout1652
 1.330593e-14 6.163947e-14 4.493834e-11 4.501329e-11 wire1725
 1.324211e-14 6.025044e-14 4.493834e-11 4.501184e-11 max_cap1727
 1.398954e-14 6.872043e-14 4.492579e-11 4.500850e-11 max_cap496
 1.412081e-14 6.752005e-14 4.492579e-11 4.500742e-11 wire493
 1.316288e-14 5.008728e-14 4.493834e-11 4.500160e-11 fanout1723
 1.314412e-14 4.979255e-14 4.493834e-11 4.500128e-11 max_cap1722
 1.438468e-14 7.495069e-14 4.490793e-11 4.499727e-11 max_cap529
 1.193642e-14 7.452932e-14 4.490486e-11 4.499133e-11 max_cap348
 1.385596e-14 4.907163e-14 4.492579e-11 4.498871e-11 fanout494
 1.149927e-14 6.492327e-14 4.490514e-11 4.498156e-11 max_cap431
 1.409093e-14 5.953271e-14 4.490793e-11 4.498156e-11 fanout533
 1.410961e-14 5.758805e-14 4.490793e-11 4.497963e-11 fanout532
 1.157110e-14 5.622333e-14 4.490821e-11 4.497600e-11 max_cap374
 1.408872e-14 4.184281e-14 4.490793e-11 4.496386e-11 max_cap531
 1.142421e-14 8.928583e-14 4.485408e-11 4.495479e-11 max_cap419
 7.178716e-15 3.432989e-14 4.486552e-11 4.490703e-11 max_cap1216
 7.039331e-15 3.234094e-14 4.486552e-11 4.490490e-11 fanout1208
 7.018699e-15 2.981830e-14 4.486552e-11 4.490236e-11 fanout1213
 1.182969e-14 1.052351e-13 4.478433e-11 4.490140e-11 wire197
 7.004721e-15 2.760157e-14 4.486552e-11 4.490013e-11 fanout1220
 6.985573e-15 2.532832e-14 4.486552e-11 4.489784e-11 fanout1226
 6.973743e-15 2.438149e-14 4.486552e-11 4.489688e-11 fanout1210
 1.251116e-14 7.617849e-14 4.480610e-11 4.489479e-11 fanout1711
 6.954235e-15 2.140945e-14 4.486552e-11 4.489388e-11 fanout1221
 1.298189e-14 6.512381e-14 4.480805e-11 4.488615e-11 max_cap547
 1.249354e-14 4.665010e-14 4.480610e-11 4.486524e-11 wire1704
 1.227606e-14 4.609130e-14 4.480610e-11 4.486446e-11 fanout1707
 1.245968e-14 4.414999e-14 4.480610e-11 4.486271e-11 max_cap1706
 1.145322e-14 6.115471e-14 4.478573e-11 4.485834e-11 max_cap284
 1.234302e-14 3.587422e-14 4.480610e-11 4.485431e-11 max_cap1698
 1.264128e-14 6.517498e-14 4.475560e-11 4.483341e-11 fanout562
 1.255006e-14 4.465975e-14 4.475560e-11 4.481281e-11 fanout559
 1.008320e-14 5.766633e-14 4.471123e-11 4.477898e-11 max_cap1200
 1.249042e-14 7.138054e-14 4.468808e-11 4.477195e-11 wire890
 1.238276e-14 6.001245e-14 4.468808e-11 4.476047e-11 max_cap888
 1.135781e-14 4.523457e-14 4.468166e-11 4.473825e-11 max_cap808
 1.021170e-14 6.887057e-14 4.465042e-11 4.472950e-11 max_cap666
 6.491598e-15 4.652631e-14 4.466297e-11 4.471598e-11 fanout377
 9.427239e-15 5.529072e-14 4.464065e-11 4.470537e-11 wire309
 6.518063e-15 3.486562e-14 4.466297e-11 4.470435e-11 max_cap379
 1.125704e-14 6.979336e-14 4.461861e-11 4.469966e-11 wire241
 1.108995e-14 5.604860e-14 4.463200e-11 4.469914e-11 wire676
 6.449058e-15 2.559524e-14 4.466297e-11 4.469501e-11 max_cap708
 6.359484e-15 2.539627e-14 4.466297e-11 4.469472e-11 fanout714
 6.445869e-15 2.465050e-14 4.466297e-11 4.469406e-11 max_cap712
 1.146784e-14 5.229587e-14 4.462307e-11 4.468683e-11 max_cap539
 1.077671e-14 3.978036e-14 4.463200e-11 4.468256e-11 fanout677
 1.119239e-14 6.592992e-14 4.460354e-11 4.468067e-11 max_cap904
 9.832973e-15 4.573761e-14 4.462084e-11 4.467641e-11 max_cap300
 9.774808e-15 5.623831e-14 4.460298e-11 4.466900e-11 max_cap254
 1.098434e-14 4.140959e-14 4.460075e-11 4.465315e-11 max_cap946
 1.014307e-14 5.195741e-14 4.458122e-11 4.464332e-11 wire520
 1.061739e-14 5.225847e-14 4.457648e-11 4.463935e-11 max_cap517
 1.042979e-14 7.635683e-14 4.454411e-11 4.463090e-11 max_cap897
 1.032647e-14 4.487847e-14 4.456392e-11 4.461913e-11 max_cap915
 8.837244e-15 7.290304e-14 4.452347e-11 4.460521e-11 max_cap189
 9.058890e-15 4.583759e-14 4.447129e-11 4.452619e-11 wire925
 8.146937e-15 3.639816e-14 4.445679e-11 4.450133e-11 max_cap919
 8.094276e-15 4.067274e-14 4.440071e-11 4.444948e-11 wire944
 7.839902e-15 3.581570e-14 4.440545e-11 4.444911e-11 wire935
 5.202576e-15 2.962259e-14 4.440685e-11 4.444167e-11 fanout858
 5.266111e-15 4.065017e-14 4.439429e-11 4.444020e-11 max_cap508
 7.934330e-15 3.024687e-14 4.440071e-11 4.443889e-11 max_cap942
 5.157784e-15 2.246347e-14 4.440685e-11 4.443447e-11 fanout857
 5.154140e-15 2.199700e-14 4.440685e-11 4.443400e-11 fanout855
 5.147368e-15 2.160401e-14 4.440685e-11 4.443360e-11 fanout868
 5.140878e-15 2.030336e-14 4.440685e-11 4.443229e-11 fanout849
 5.156630e-15 1.990931e-14 4.440685e-11 4.443191e-11 fanout867
 5.151198e-15 1.952804e-14 4.440685e-11 4.443152e-11 fanout856
 5.134639e-15 1.877240e-14 4.440685e-11 4.443075e-11 fanout861
 7.637574e-15 3.315281e-14 4.438620e-11 4.442699e-11 max_cap930
 7.352043e-15 4.065530e-14 4.435942e-11 4.440743e-11 max_cap670
 6.214629e-15 3.857354e-14 4.432064e-11 4.436542e-11 max_cap434
 5.619108e-15 3.611712e-14 4.428102e-11 4.432275e-11 fanout882
 3.561292e-15 2.762228e-14 4.424447e-11 4.427565e-11 max_cap438
 8.204029e-15 7.132311e-14 4.419090e-11 4.427043e-11 fanout1121
 4.283463e-15 2.403657e-14 4.422549e-11 4.425382e-11 wire537
 3.402748e-15 2.556154e-14 4.421378e-11 4.424274e-11 fanout671
 8.321814e-18 4.267810e-17 4.405698e-11 4.405703e-11 input9
 4.762063e-15 6.684857e-14 3.361715e-11 3.368876e-11 _18114_
 2.047054e-18 2.140465e-17 2.663955e-11 2.663957e-11 max_cap82
 2.034097e-18 1.717931e-17 2.663955e-11 2.663957e-11 max_cap79
 3.947657e-18 2.092940e-17 2.663395e-11 2.663398e-11 fanout1739
 3.957883e-18 2.000430e-17 2.663395e-11 2.663398e-11 fanout1758
 3.963249e-18 2.049389e-17 2.663395e-11 2.663398e-11 fanout1759
 4.000703e-18 1.432680e-17 2.663395e-11 2.663397e-11 fanout1755
 5.951964e-18 4.006287e-17 2.663199e-11 2.663204e-11 fanout1489
 5.932348e-18 3.535911e-17 2.663199e-11 2.663203e-11 fanout1459
 6.023509e-18 3.108671e-17 2.663199e-11 2.663202e-11 fanout1557
 5.981640e-18 2.034863e-17 2.663199e-11 2.663201e-11 fanout1475
 5.978895e-18 2.012359e-17 2.663199e-11 2.663201e-11 fanout1517
 4.280706e-17 3.676116e-16 2.663108e-11 2.663149e-11 max_cap73
 1.407258e-17 3.918258e-17 2.662866e-11 2.662872e-11 fanout1140
 6.505595e-17 3.059206e-16 2.662806e-11 2.662843e-11 fanout86
 1.410063e-17 4.229944e-17 2.662775e-11 2.662781e-11 fanout1135
 6.051637e-18 1.819228e-17 2.662715e-11 2.662717e-11 fanout1124
 2.979123e-17 8.535317e-17 2.662019e-11 2.662031e-11 fanout1151
 9.449783e-17 2.670713e-16 2.659600e-11 2.659636e-11 fanout1132
 1.109535e-15 4.493782e-15 2.658965e-11 2.659525e-11 fanout181
 1.453400e-15 6.018683e-15 2.657574e-11 2.658321e-11 fanout168
 1.453288e-15 5.674230e-15 2.657574e-11 2.658287e-11 fanout167
 1.580179e-15 5.356436e-15 2.656001e-11 2.656695e-11 fanout96
 1.390226e-16 4.299547e-16 2.656364e-11 2.656421e-11 fanout1123
 3.018408e-16 1.577465e-15 2.654338e-11 2.654526e-11 wire67
 2.060397e-15 8.533231e-15 2.653340e-11 2.654400e-11 fanout169
 2.071003e-15 6.646417e-15 2.653340e-11 2.654212e-11 fanout171
 4.105554e-16 4.089768e-15 2.651496e-11 2.651946e-11 max_cap69
 3.966669e-15 2.690634e-14 2.648834e-11 2.651922e-11 fanout1024
 4.007832e-15 2.039544e-14 2.648834e-11 2.651275e-11 fanout1039
 3.967329e-15 2.029623e-14 2.648834e-11 2.651261e-11 fanout1004
 4.003990e-15 1.942132e-14 2.648834e-11 2.651177e-11 fanout1028
 3.935158e-15 1.924763e-14 2.648834e-11 2.651153e-11 fanout1014
 3.937879e-15 1.923268e-14 2.648834e-11 2.651152e-11 fanout1023
 3.957657e-15 1.885847e-14 2.648834e-11 2.651116e-11 fanout1022
 3.942506e-15 1.857983e-14 2.648834e-11 2.651087e-11 fanout992
 4.021969e-15 1.845819e-14 2.648834e-11 2.651082e-11 fanout1013
 3.996540e-15 1.829729e-14 2.648834e-11 2.651064e-11 fanout1010
 3.929866e-15 1.719809e-14 2.648834e-11 2.650947e-11 fanout1034
 4.004426e-15 1.646165e-14 2.648834e-11 2.650881e-11 fanout1038
 4.010324e-15 1.644472e-14 2.648834e-11 2.650880e-11 fanout1009
 3.992842e-15 1.595200e-14 2.648834e-11 2.650829e-11 fanout993
 4.000173e-15 1.586268e-14 2.648834e-11 2.650821e-11 fanout1003
 3.987513e-15 1.555024e-14 2.648834e-11 2.650788e-11 fanout1033
 4.008069e-15 1.514855e-14 2.648834e-11 2.650750e-11 fanout1007
 4.015813e-15 1.471498e-14 2.648834e-11 2.650708e-11 fanout1019
 4.016295e-15 1.471527e-14 2.648834e-11 2.650708e-11 fanout996
 3.951010e-15 1.457635e-14 2.648834e-11 2.650687e-11 fanout1005
 3.970176e-15 1.428841e-14 2.648834e-11 2.650660e-11 fanout1015
 3.970082e-15 1.427249e-14 2.648834e-11 2.650659e-11 fanout1018
 3.980888e-15 1.384097e-14 2.648834e-11 2.650617e-11 fanout1025
 4.009013e-15 1.372443e-14 2.648834e-11 2.650608e-11 fanout995
 3.977059e-15 1.368093e-14 2.648834e-11 2.650600e-11 fanout988
 3.982173e-15 1.340169e-14 2.648834e-11 2.650573e-11 fanout1032
 4.000150e-15 1.294947e-14 2.648834e-11 2.650529e-11 fanout1017
 3.986918e-15 1.261251e-14 2.648834e-11 2.650494e-11 fanout987
 2.449939e-15 1.494478e-14 2.647474e-11 2.649213e-11 fanout137
 1.970036e-16 6.845179e-16 2.648169e-11 2.648257e-11 fanout1134
 1.655826e-16 4.576162e-16 2.646506e-11 2.646568e-11 fanout1144
 2.356547e-16 7.179927e-16 2.640155e-11 2.640251e-11 fanout1139
 3.017951e-16 8.270760e-16 2.636980e-11 2.637093e-11 fanout1126
 3.973329e-15 2.157162e-14 2.632353e-11 2.634908e-11 fanout644
 3.998870e-15 1.618701e-14 2.632353e-11 2.634372e-11 fanout643
 3.743223e-15 2.408310e-14 2.629239e-11 2.632021e-11 fanout403
 3.833021e-16 1.159819e-15 2.631325e-11 2.631479e-11 fanout1147
 3.683075e-15 1.882424e-14 2.627666e-11 2.629917e-11 fanout1245
 2.566088e-15 2.029576e-14 2.625428e-11 2.627714e-11 fanout848
 2.588650e-15 1.528229e-14 2.625428e-11 2.627215e-11 fanout830
 2.538570e-15 1.438375e-14 2.625428e-11 2.627120e-11 fanout847
 2.559021e-15 1.250017e-14 2.625428e-11 2.626934e-11 fanout844
 2.568926e-15 1.021054e-14 2.625428e-11 2.626706e-11 fanout816
 2.572994e-15 1.020471e-14 2.625428e-11 2.626706e-11 fanout846
 4.401281e-15 1.560433e-14 2.620136e-11 2.622137e-11 fanout585
 4.855487e-15 1.860695e-14 2.613786e-11 2.616132e-11 fanout1205
 7.207827e-16 2.303722e-15 2.615026e-11 2.615328e-11 fanout1148
 5.537421e-15 1.531913e-14 2.604260e-11 2.606345e-11 fanout617
 7.636057e-15 2.961585e-15 2.599814e-11 2.600874e-11 output12
 3.185134e-15 1.688512e-14 2.597667e-11 2.599674e-11 fanout269
 3.151173e-15 1.611202e-14 2.597667e-11 2.599593e-11 fanout262
 3.152857e-15 1.501522e-14 2.597667e-11 2.599484e-11 fanout280
 3.147572e-15 1.381859e-14 2.597667e-11 2.599364e-11 fanout258
 5.497226e-15 1.867818e-14 2.590288e-11 2.592706e-11 fanout587
 6.494969e-15 1.722006e-14 2.583666e-11 2.586037e-11 fanout635
 6.393868e-15 2.029909e-14 2.577769e-11 2.580438e-11 fanout580
 2.723179e-14 1.717441e-13 2.560154e-11 2.580051e-11 fanout1181
 6.299702e-15 2.096716e-14 2.577164e-11 2.579891e-11 fanout603
 2.767665e-14 1.737483e-13 2.559549e-11 2.579691e-11 fanout1299
 6.469550e-15 2.165964e-14 2.576408e-11 2.579221e-11 fanout593
 3.465711e-15 1.977616e-14 2.575713e-11 2.578037e-11 fanout773
 3.534025e-15 1.938419e-14 2.575713e-11 2.578004e-11 fanout768
 3.512799e-15 1.701173e-14 2.575713e-11 2.577765e-11 fanout800
 2.713398e-14 1.474257e-13 2.560154e-11 2.577610e-11 fanout1194
 3.468776e-15 1.448690e-14 2.575713e-11 2.577508e-11 fanout790
 3.448387e-15 1.273897e-14 2.575713e-11 2.577331e-11 fanout778
 3.444098e-15 1.267729e-14 2.575713e-11 2.577325e-11 fanout781
 2.710420e-14 1.401845e-13 2.560154e-11 2.576882e-11 fanout1186
 2.709589e-14 1.444039e-13 2.559549e-11 2.576699e-11 fanout1274
 2.709795e-14 1.381634e-13 2.560154e-11 2.576680e-11 fanout1185
 2.706975e-14 1.315555e-13 2.560154e-11 2.576016e-11 fanout1191
 2.708446e-14 1.373631e-13 2.559549e-11 2.575994e-11 fanout1288
 2.717422e-14 1.276064e-13 2.560154e-11 2.575632e-11 fanout1160
 2.744438e-14 1.236700e-13 2.560154e-11 2.575265e-11 fanout1170
 6.320243e-15 2.376531e-14 2.571721e-11 2.574729e-11 fanout627
 2.746860e-14 1.170911e-13 2.560154e-11 2.574610e-11 fanout1162
 2.692836e-14 1.175238e-13 2.560154e-11 2.574599e-11 fanout1168
 2.752841e-14 1.156083e-13 2.560154e-11 2.574467e-11 fanout1164
 2.708431e-14 1.149655e-13 2.560154e-11 2.574359e-11 fanout1182
 2.752385e-14 1.139018e-13 2.560154e-11 2.574296e-11 fanout1176
 2.697671e-14 1.116335e-13 2.560154e-11 2.574015e-11 fanout1193
 2.740700e-14 1.083731e-13 2.560154e-11 2.573732e-11 fanout1187
 2.748634e-14 1.079347e-13 2.560154e-11 2.573696e-11 fanout1159
 2.701893e-14 1.027727e-13 2.560154e-11 2.573133e-11 fanout1192
 2.744921e-14 1.057450e-13 2.559549e-11 2.572868e-11 fanout1310
 2.752912e-14 1.051841e-13 2.559549e-11 2.572820e-11 fanout1305
 2.738565e-14 9.833032e-14 2.560154e-11 2.572725e-11 fanout1184
 6.998547e-15 2.202543e-14 2.569604e-11 2.572506e-11 fanout640
 2.730123e-14 1.013685e-13 2.559549e-11 2.572416e-11 fanout1331
 2.737434e-14 9.453687e-14 2.560154e-11 2.572345e-11 fanout1178
 2.729522e-14 9.950681e-14 2.559549e-11 2.572229e-11 fanout1293
 2.729255e-14 9.326300e-14 2.560154e-11 2.572209e-11 fanout1172
 2.739886e-14 9.918822e-14 2.559549e-11 2.572208e-11 fanout1285
 2.729113e-14 9.248653e-14 2.560154e-11 2.572131e-11 fanout1158
 2.723672e-14 9.249012e-14 2.559549e-11 2.571522e-11 fanout1325
 6.925880e-15 1.849952e-14 2.568969e-11 2.571512e-11 fanout628
 6.994383e-15 2.058026e-14 2.567850e-11 2.570608e-11 fanout629
 6.972606e-15 1.796988e-14 2.568031e-11 2.570526e-11 fanout626
 2.737635e-14 8.123383e-14 2.559549e-11 2.570410e-11 fanout1275
 7.414882e-16 2.125524e-15 2.569393e-11 2.569679e-11 fanout1143
 6.366079e-15 2.164922e-14 2.565068e-11 2.567870e-11 fanout613
 2.347539e-16 5.205826e-17 2.567759e-11 2.567788e-11 output18
 5.606006e-15 2.963923e-14 2.563344e-11 2.566869e-11 fanout1389
 5.605516e-15 2.820271e-14 2.563344e-11 2.566725e-11 fanout1378
 4.418614e-16 8.119499e-17 2.566580e-11 2.566632e-11 output40
 5.598696e-15 2.684840e-14 2.563344e-11 2.566589e-11 fanout1362
 5.614967e-15 2.482713e-14 2.563344e-11 2.566389e-11 fanout1397
 5.547421e-15 2.056691e-14 2.563344e-11 2.565956e-11 fanout1393
 5.663106e-15 2.005300e-14 2.563344e-11 2.565916e-11 fanout1375
 5.557289e-15 1.956590e-14 2.563344e-11 2.565857e-11 fanout1365
 5.551335e-15 1.931239e-14 2.563344e-11 2.565831e-11 fanout1388
 7.264770e-15 2.660398e-14 2.561953e-11 2.565340e-11 fanout637
 7.006313e-15 2.065814e-14 2.562497e-11 2.565264e-11 fanout633
 2.053774e-16 4.776102e-17 2.563435e-11 2.563460e-11 output25
 2.068112e-16 4.114891e-17 2.563435e-11 2.563460e-11 output22
 2.063112e-16 3.852120e-17 2.563435e-11 2.563459e-11 output31
 2.041083e-16 3.645635e-17 2.563435e-11 2.563459e-11 output32
 2.064849e-16 3.013689e-17 2.563435e-11 2.563458e-11 output27
 2.063411e-16 2.699013e-17 2.563435e-11 2.563458e-11 output29
 2.044869e-16 2.817040e-17 2.563435e-11 2.563458e-11 output19
 2.039630e-16 2.821261e-17 2.563435e-11 2.563458e-11 output20
 2.063698e-16 2.630703e-17 2.563435e-11 2.563458e-11 output21
 2.063797e-16 2.595727e-17 2.563435e-11 2.563458e-11 output24
 2.057798e-16 2.749347e-17 2.563435e-11 2.563458e-11 output30
 2.060681e-16 2.470713e-17 2.563435e-11 2.563458e-11 output26
 2.059463e-16 1.793628e-17 2.563435e-11 2.563457e-11 output23
 6.486627e-15 2.067854e-14 2.560290e-11 2.563007e-11 fanout642
 6.546217e-15 2.055546e-14 2.560260e-11 2.562970e-11 fanout581
 7.245063e-15 2.356407e-14 2.558929e-11 2.562010e-11 fanout599
 7.071768e-15 2.334252e-14 2.558264e-11 2.561305e-11 fanout605
 7.146487e-15 2.251732e-14 2.558294e-11 2.561261e-11 fanout622
 7.605491e-15 2.136229e-14 2.557780e-11 2.560676e-11 fanout638
 7.198354e-15 2.473914e-14 2.556298e-11 2.559492e-11 fanout598
 6.790652e-15 2.317964e-14 2.555694e-11 2.558691e-11 fanout584
 6.843016e-15 1.959169e-14 2.555905e-11 2.558549e-11 fanout606
 7.425796e-15 2.357670e-14 2.554907e-11 2.558007e-11 fanout636
 6.637311e-15 1.831373e-14 2.555330e-11 2.557825e-11 fanout586
 6.975731e-15 1.829836e-14 2.554423e-11 2.556951e-11 fanout632
 7.148093e-15 2.162645e-14 2.554030e-11 2.556908e-11 fanout604
 7.193796e-15 2.245231e-14 2.549796e-11 2.552761e-11 fanout582
 7.318173e-15 2.405806e-14 2.549222e-11 2.552360e-11 fanout624
 6.436107e-15 2.200172e-14 2.547891e-11 2.550735e-11 fanout597
 7.747466e-15 2.451357e-14 2.546439e-11 2.549666e-11 fanout596
 7.027986e-15 2.286811e-14 2.545442e-11 2.548431e-11 fanout590
 7.290823e-15 2.148476e-14 2.545321e-11 2.548198e-11 fanout609
 7.861840e-15 2.183012e-14 2.542357e-11 2.545326e-11 fanout601
 6.938384e-15 2.370530e-14 2.542176e-11 2.545240e-11 fanout620
 3.679126e-15 1.518190e-14 2.537186e-11 2.539072e-11 fanout1574
 3.762996e-15 1.311245e-14 2.537186e-11 2.538874e-11 fanout1569
 8.872220e-16 4.703301e-17 2.532741e-11 2.532834e-11 output39
 1.224502e-15 1.484742e-16 2.522973e-11 2.523110e-11 output61
 1.477732e-15 4.148173e-15 2.519375e-11 2.519937e-11 fanout1122
 1.729548e-15 1.514509e-16 2.515473e-11 2.515661e-11 output60
 1.635932e-15 1.828578e-16 2.515171e-11 2.515353e-11 output34
 1.500344e-15 1.611271e-16 2.514899e-11 2.515065e-11 output37
 1.956814e-15 9.733844e-17 2.513387e-11 2.513592e-11 output28
 5.864594e-15 3.024016e-14 2.509425e-11 2.513036e-11 fanout1611
 5.764057e-15 2.785644e-14 2.509425e-11 2.512787e-11 fanout1580
 5.727139e-15 2.604028e-14 2.509425e-11 2.512602e-11 fanout1595
 5.741549e-15 2.534652e-14 2.509425e-11 2.512534e-11 fanout1610
 5.834474e-15 2.506220e-14 2.509425e-11 2.512515e-11 fanout1593
 2.106200e-15 4.357171e-17 2.512026e-11 2.512241e-11 output58
 5.844741e-15 2.191008e-14 2.509425e-11 2.512201e-11 fanout1589
 5.791647e-15 2.109398e-14 2.509425e-11 2.512114e-11 fanout1599
 5.803933e-15 2.086550e-14 2.509425e-11 2.512092e-11 fanout1587
 2.420276e-15 9.271586e-17 2.510090e-11 2.510342e-11 output17
 2.495984e-15 1.975439e-16 2.509123e-11 2.509392e-11 output41
 1.656384e-15 3.165085e-16 2.507550e-11 2.507748e-11 output38
 1.804724e-15 9.253907e-17 2.505827e-11 2.506017e-11 output59
 1.543428e-15 2.272885e-16 2.505161e-11 2.505338e-11 output57
 1.501572e-15 1.188732e-16 2.503831e-11 2.503993e-11 output36
 5.773107e-15 2.756931e-14 2.499930e-11 2.503264e-11 fanout1401
 1.792985e-15 8.316265e-17 2.502500e-11 2.502688e-11 output35
 1.066385e-15 4.118393e-17 2.502470e-11 2.502580e-11 output62
 2.084452e-15 2.323893e-16 2.500172e-11 2.500403e-11 output33
 1.899780e-15 3.935998e-16 2.497177e-11 2.497407e-11 output52
 6.083333e-15 2.287770e-14 2.490343e-11 2.493239e-11 fanout982
 3.695969e-15 1.992505e-14 2.472169e-11 2.474531e-11 fanout1412
 5.362769e-16 5.985345e-17 2.471655e-11 2.471714e-11 output63
 2.717563e-14 1.638821e-13 2.449247e-11 2.468352e-11 fanout743
 2.727854e-14 1.618973e-13 2.449247e-11 2.468164e-11 fanout752
 2.714533e-14 1.530385e-13 2.449247e-11 2.467265e-11 fanout756
 2.725675e-14 1.451470e-13 2.449247e-11 2.466487e-11 fanout736
 2.721393e-14 1.447245e-13 2.449247e-11 2.466440e-11 fanout748
 2.709665e-14 1.447775e-13 2.449247e-11 2.466434e-11 fanout741
 2.717929e-14 1.397433e-13 2.449247e-11 2.465939e-11 fanout740
 2.749154e-14 1.388500e-13 2.449247e-11 2.465881e-11 fanout753
 6.932463e-15 2.048266e-14 2.463006e-11 2.465747e-11 fanout589
 2.716374e-14 1.342007e-13 2.449247e-11 2.465383e-11 fanout732
 2.745762e-14 1.249615e-13 2.449247e-11 2.464489e-11 fanout738
 2.755721e-14 1.223819e-13 2.449247e-11 2.464240e-11 fanout739
 2.761909e-14 1.219140e-13 2.449247e-11 2.464200e-11 fanout758
 6.968413e-15 2.247951e-14 2.450093e-11 2.453038e-11 fanout623
 5.642796e-15 3.890467e-14 2.446011e-11 2.450465e-11 fanout1666
 5.717750e-15 2.679694e-14 2.446011e-11 2.449262e-11 fanout1680
 5.638363e-15 2.589509e-14 2.446011e-11 2.449164e-11 fanout1629
 5.695732e-15 2.558927e-14 2.446011e-11 2.449139e-11 fanout1681
 5.571814e-15 2.491180e-14 2.446011e-11 2.449059e-11 fanout1646
 5.628921e-15 2.477819e-14 2.446011e-11 2.449051e-11 fanout1616
 5.700341e-15 2.463748e-14 2.446011e-11 2.449044e-11 fanout1672
 5.594771e-15 2.430662e-14 2.446011e-11 2.449001e-11 fanout1692
 5.592915e-15 2.406114e-14 2.446011e-11 2.448976e-11 fanout1695
 5.622265e-15 2.400484e-14 2.446011e-11 2.448973e-11 fanout1649
 5.613961e-15 2.317543e-14 2.446011e-11 2.448890e-11 fanout1662
 5.604450e-15 2.313813e-14 2.446011e-11 2.448885e-11 fanout1693
 5.597888e-15 2.286768e-14 2.446011e-11 2.448857e-11 fanout1694
 5.601901e-15 2.218742e-14 2.446011e-11 2.448789e-11 fanout1684
 5.561802e-15 2.187650e-14 2.446011e-11 2.448754e-11 fanout1620
 5.642277e-15 2.154183e-14 2.446011e-11 2.448729e-11 fanout1631
 5.577624e-15 2.160237e-14 2.446011e-11 2.448729e-11 fanout1677
 5.633781e-15 2.036764e-14 2.446011e-11 2.448611e-11 fanout1638
 5.560826e-15 2.013724e-14 2.446011e-11 2.448580e-11 fanout1659
 5.640643e-15 1.902952e-14 2.446011e-11 2.448478e-11 fanout1622
 5.681505e-15 1.872904e-14 2.446011e-11 2.448452e-11 fanout1634
 5.567337e-15 1.871870e-14 2.446011e-11 2.448439e-11 fanout1688
 5.660429e-15 1.736102e-14 2.446011e-11 2.448313e-11 fanout1683
 5.649515e-15 1.519138e-14 2.446011e-11 2.448095e-11 fanout1643
 7.179961e-15 2.121359e-14 2.441414e-11 2.444253e-11 fanout594
 6.576432e-15 2.208071e-14 2.437936e-11 2.440802e-11 fanout618
 6.607965e-15 2.325358e-14 2.437180e-11 2.440166e-11 fanout630
 3.466433e-15 1.923631e-14 2.433642e-11 2.435912e-11 fanout1209
 1.768448e-16 1.216917e-17 2.434035e-11 2.434054e-11 output64
 3.189565e-15 2.899718e-14 2.411687e-11 2.414906e-11 fanout382
 3.143730e-15 1.775570e-14 2.411687e-11 2.413777e-11 fanout717
 3.133670e-15 1.734331e-14 2.411687e-11 2.413735e-11 fanout381
 3.154687e-15 1.504730e-14 2.411687e-11 2.413508e-11 fanout719
 3.176382e-15 1.409846e-14 2.411687e-11 2.413415e-11 fanout721
 3.186199e-15 1.350239e-14 2.411687e-11 2.413356e-11 fanout715
 7.038705e-17 4.816953e-18 2.408664e-11 2.408671e-11 output42
 6.364434e-17 5.063804e-17 2.408240e-11 2.408252e-11 output50
 6.336668e-17 3.876646e-17 2.408240e-11 2.408250e-11 output53
 6.385118e-17 2.871250e-17 2.408240e-11 2.408249e-11 output47
 6.340822e-17 2.921940e-17 2.408240e-11 2.408249e-11 output49
 6.373529e-17 2.662434e-17 2.408240e-11 2.408249e-11 output54
 6.335549e-17 2.467909e-17 2.408240e-11 2.408249e-11 output48
 6.388970e-17 1.943671e-17 2.408240e-11 2.408248e-11 output55
 6.368352e-17 1.857735e-17 2.408240e-11 2.408248e-11 output46
 6.328461e-17 1.334556e-17 2.408240e-11 2.408248e-11 output51
 6.295202e-17 1.092063e-17 2.408240e-11 2.408248e-11 output43
 6.289709e-17 1.065227e-17 2.408240e-11 2.408247e-11 output44
 6.314967e-17 7.910071e-18 2.408240e-11 2.408247e-11 output45
 6.286563e-17 7.343493e-18 2.408240e-11 2.408247e-11 output56
 5.280445e-15 1.505076e-14 2.404521e-11 2.406554e-11 fanout621
 2.536100e-15 1.371021e-14 2.383927e-11 2.385551e-11 fanout862
 4.027825e-15 1.938564e-14 2.377002e-11 2.379343e-11 fanout645
 4.019910e-15 1.607410e-14 2.377002e-11 2.379011e-11 fanout657
 3.987794e-15 1.415699e-14 2.377002e-11 2.378816e-11 fanout118
 2.429078e-15 1.461051e-14 2.361881e-11 2.363585e-11 fanout139
 3.955567e-15 2.645019e-14 2.360520e-11 2.363561e-11 fanout1079
 4.019019e-15 2.562796e-14 2.360520e-11 2.363485e-11 fanout1095
 2.434496e-15 9.662316e-15 2.361881e-11 2.363091e-11 fanout138
 4.013533e-15 2.095100e-14 2.360520e-11 2.363017e-11 fanout1058
 4.010952e-15 2.029244e-14 2.360520e-11 2.362951e-11 fanout1074
 3.970029e-15 1.892168e-14 2.360520e-11 2.362810e-11 fanout1096
 3.936151e-15 1.889331e-14 2.360520e-11 2.362803e-11 fanout1078
 3.943298e-15 1.701423e-14 2.360520e-11 2.362616e-11 fanout1076
 4.010651e-15 1.654526e-14 2.360520e-11 2.362576e-11 fanout1103
 3.959819e-15 1.658707e-14 2.360520e-11 2.362575e-11 fanout1113
 4.015157e-15 1.575501e-14 2.360520e-11 2.362498e-11 fanout1101
 3.983263e-15 1.576271e-14 2.360520e-11 2.362495e-11 fanout1093
 3.933492e-15 1.554877e-14 2.360520e-11 2.362469e-11 fanout1108
 3.924768e-15 1.543614e-14 2.360520e-11 2.362457e-11 fanout1054
 3.930942e-15 1.539161e-14 2.360520e-11 2.362453e-11 fanout1064
 4.012750e-15 1.529866e-14 2.360520e-11 2.362452e-11 fanout1106
 3.977799e-15 1.501577e-14 2.360520e-11 2.362420e-11 fanout1091
 3.979798e-15 1.455585e-14 2.360520e-11 2.362374e-11 fanout1060
 3.987817e-15 1.446941e-14 2.360520e-11 2.362366e-11 fanout1056
 4.010200e-15 1.441282e-14 2.360520e-11 2.362363e-11 fanout1055
 4.007327e-15 1.432414e-14 2.360520e-11 2.362354e-11 fanout1090
 3.991010e-15 1.433541e-14 2.360520e-11 2.362353e-11 fanout1042
 3.989006e-15 1.425429e-14 2.360520e-11 2.362345e-11 fanout1045
 4.002232e-15 1.401797e-14 2.360520e-11 2.362322e-11 fanout1092
 4.006746e-15 1.400182e-14 2.360520e-11 2.362321e-11 fanout1059
 3.937073e-15 1.405451e-14 2.360520e-11 2.362320e-11 fanout1066
 3.999414e-15 1.393071e-14 2.360520e-11 2.362313e-11 fanout1067
 4.009582e-15 1.370745e-14 2.360520e-11 2.362292e-11 fanout1118
 4.000842e-15 1.370785e-14 2.360520e-11 2.362291e-11 fanout1086
 3.987372e-15 1.356566e-14 2.360520e-11 2.362276e-11 fanout1111
 3.982572e-15 1.345330e-14 2.360520e-11 2.362264e-11 fanout1072
 3.975791e-15 1.326109e-14 2.360520e-11 2.362244e-11 fanout1119
 3.986190e-15 1.308708e-14 2.360520e-11 2.362228e-11 fanout1104
 3.969492e-15 1.307849e-14 2.360520e-11 2.362225e-11 fanout1062
 4.002459e-15 1.293748e-14 2.360520e-11 2.362214e-11 fanout1117
 3.995165e-15 1.293067e-14 2.360520e-11 2.362213e-11 fanout1097
 3.994438e-15 1.280338e-14 2.360520e-11 2.362200e-11 fanout1107
 3.966646e-15 1.267073e-14 2.360520e-11 2.362184e-11 fanout1061
 3.987055e-15 1.245277e-14 2.360520e-11 2.362164e-11 fanout1080
 3.976266e-15 1.220513e-14 2.360520e-11 2.362139e-11 fanout1082
 3.867828e-15 1.998785e-15 2.360520e-11 2.361107e-11 output15
 2.057050e-15 8.168068e-15 2.356015e-11 2.357037e-11 fanout173
 2.082427e-15 6.758805e-15 2.356015e-11 2.356899e-11 fanout174
 2.037784e-15 8.845011e-15 2.355712e-11 2.356801e-11 fanout122
 1.762769e-15 6.552664e-15 2.355198e-11 2.356030e-11 fanout384
 1.798596e-15 6.104028e-15 2.353777e-11 2.354567e-11 fanout123
 1.442600e-15 5.386424e-15 2.351781e-11 2.352464e-11 fanout165
 1.439297e-15 4.944356e-15 2.351781e-11 2.352419e-11 fanout163
 1.131845e-15 3.880191e-15 2.350390e-11 2.350891e-11 fanout177
 1.121251e-15 3.834460e-15 2.350390e-11 2.350885e-11 fanout178
 1.109586e-15 3.682302e-15 2.350390e-11 2.350869e-11 fanout176
 3.962560e-18 2.161641e-17 2.346005e-11 2.346007e-11 fanout1770
 4.028225e-18 2.176139e-17 2.346005e-11 2.346007e-11 fanout1862
 3.958121e-18 2.105137e-17 2.346005e-11 2.346007e-11 fanout1779
 3.997510e-18 1.614063e-17 2.346005e-11 2.346007e-11 fanout1786
 3.997269e-18 1.631699e-17 2.346005e-11 2.346007e-11 fanout1800
 4.005334e-18 1.592641e-17 2.346005e-11 2.346007e-11 fanout1803
 4.000423e-18 1.473434e-17 2.346005e-11 2.346007e-11 fanout1823
 1.994496e-18 7.899742e-18 2.345400e-11 2.345401e-11 fanout1421
 2.015538e-18 8.153793e-18 2.345400e-11 2.345401e-11 fanout1423
 1.962088e-18 8.063721e-18 2.345400e-11 2.345401e-11 fanout1427
 1.997832e-18 6.824658e-18 2.345400e-11 2.345401e-11 fanout1422
 2.104478e-15 3.758473e-14 2.007660e-11 2.011629e-11 _18557_
 2.352942e-15 5.528981e-14 2.005182e-11 2.010946e-11 _20108_
 2.255125e-15 3.369793e-14 2.006605e-11 2.010201e-11 _19732_
 2.179709e-18 9.442867e-18 1.689862e-11 1.689863e-11 fanout1795
 2.175851e-18 9.552521e-18 1.689862e-11 1.689863e-11 fanout1840
 2.175091e-18 8.881075e-18 1.689862e-11 1.689863e-11 fanout1813
 2.167233e-18 8.503439e-18 1.689862e-11 1.689863e-11 fanout1851
 2.151641e-18 6.565329e-18 1.689862e-11 1.689862e-11 fanout1773
 2.162358e-18 7.229498e-18 1.689862e-11 1.689862e-11 fanout1791
 2.160900e-18 7.095148e-18 1.689862e-11 1.689862e-11 fanout1860
 7.811333e-16 2.135989e-15 1.689208e-11 1.689500e-11 fanout164
 2.175126e-15 9.523285e-15 1.688220e-11 1.689390e-11 fanout1110
 2.179104e-15 9.280053e-15 1.688220e-11 1.689366e-11 fanout1052
 2.170701e-15 8.673777e-15 1.688220e-11 1.689304e-11 fanout1077
 2.165191e-15 8.309699e-15 1.688220e-11 1.689267e-11 fanout1089
 2.166535e-15 8.225839e-15 1.688220e-11 1.689259e-11 fanout1073
 2.159743e-15 7.651739e-15 1.688220e-11 1.689201e-11 fanout1085
 2.162268e-15 7.189374e-15 1.688220e-11 1.689155e-11 fanout1046
 2.147796e-15 5.348553e-15 1.688220e-11 1.688969e-11 fanout1043
 2.158558e-15 6.328976e-15 1.686356e-11 1.687204e-11 fanout649
 1.837638e-15 6.509488e-14 1.668049e-11 1.674742e-11 _20052_
 1.492768e-14 5.890470e-14 1.665708e-11 1.673091e-11 fanout1313
 1.488797e-14 5.462566e-14 1.665708e-11 1.672659e-11 fanout1276
 1.487492e-14 5.325907e-14 1.665640e-11 1.672453e-11 fanout1179
 1.332399e-15 2.436520e-14 1.669875e-11 1.672445e-11 _18157_
 1.487255e-14 5.126200e-14 1.665708e-11 1.672321e-11 fanout1296
 1.484525e-14 5.023459e-14 1.665708e-11 1.672216e-11 fanout1267
 1.482442e-14 5.022592e-14 1.665708e-11 1.672213e-11 fanout1287
 1.480404e-14 4.810720e-14 1.665708e-11 1.671999e-11 fanout1273
 9.202263e-17 6.647504e-16 1.671864e-11 1.671939e-11 _17428_
 7.481833e-17 5.302033e-16 1.671776e-11 1.671837e-11 _16998_
 1.569341e-15 2.905783e-14 1.668697e-11 1.671760e-11 _19268_
 1.900861e-15 3.362251e-14 1.666296e-11 1.669848e-11 _20472_
 1.734728e-15 1.802890e-14 1.667642e-11 1.669618e-11 _19277_
 1.820219e-15 2.577800e-14 1.666700e-11 1.669460e-11 _19821_
 4.283264e-15 1.214975e-14 1.667652e-11 1.669296e-11 fanout602
 1.853829e-15 2.623989e-14 1.666436e-11 1.669246e-11 _18544_
 1.794316e-15 1.688069e-14 1.666012e-11 1.667880e-11 _19949_
 6.804190e-17 5.968758e-16 1.665108e-11 1.665174e-11 _16765_
 2.180143e-15 9.053342e-15 1.655609e-11 1.656733e-11 fanout133
 2.174396e-15 8.783393e-15 1.655609e-11 1.656705e-11 fanout989
 2.170341e-15 8.297382e-15 1.655609e-11 1.656656e-11 fanout128
 2.163887e-15 8.265929e-15 1.655609e-11 1.656652e-11 fanout135
 2.168893e-15 7.898669e-15 1.655609e-11 1.656616e-11 fanout132
 2.163428e-15 7.333217e-15 1.655609e-11 1.656559e-11 fanout126
 2.159874e-15 6.957735e-15 1.655609e-11 1.656521e-11 fanout997
 2.158458e-15 6.802452e-15 1.655609e-11 1.656505e-11 fanout127
 1.520470e-16 4.475520e-16 1.655671e-11 1.655731e-11 fanout1153
 1.640956e-17 5.197617e-17 1.654104e-11 1.654111e-11 fanout1146
 7.655442e-18 2.171890e-17 1.653995e-11 1.653998e-11 fanout1142
 3.276874e-18 1.626288e-17 1.653985e-11 1.653986e-11 fanout1534
 3.267827e-18 1.419840e-17 1.653985e-11 1.653986e-11 fanout1522
 3.258002e-18 1.219857e-17 1.653985e-11 1.653986e-11 fanout1442
 3.256481e-18 1.251300e-17 1.653985e-11 1.653986e-11 fanout1457
 3.248019e-18 1.253283e-17 1.653985e-11 1.653986e-11 fanout1458
 3.255172e-18 1.230741e-17 1.653985e-11 1.653986e-11 fanout1494
 3.258105e-18 1.246240e-17 1.653985e-11 1.653986e-11 fanout1495
 3.255032e-18 1.207230e-17 1.653985e-11 1.653986e-11 fanout1519
 3.246768e-18 1.218605e-17 1.653985e-11 1.653986e-11 fanout1552
 3.234970e-18 9.828040e-18 1.653985e-11 1.653986e-11 fanout1479
 3.240594e-18 1.054004e-17 1.653985e-11 1.653986e-11 fanout1481
 3.228061e-18 1.034893e-17 1.653985e-11 1.653986e-11 fanout1488
 3.238142e-18 1.035214e-17 1.653985e-11 1.653986e-11 fanout1513
 3.245766e-18 1.086320e-17 1.653985e-11 1.653986e-11 fanout1547
 3.216760e-18 8.741671e-18 1.653985e-11 1.653986e-11 fanout1450
 3.231794e-18 9.350055e-18 1.653985e-11 1.653986e-11 fanout1456
 3.231721e-18 9.236463e-18 1.653985e-11 1.653986e-11 fanout1493
 3.236096e-18 9.578934e-18 1.653985e-11 1.653986e-11 fanout1526
 2.164855e-18 7.675581e-18 1.653962e-11 1.653963e-11 fanout1745
 2.164196e-18 7.532302e-18 1.653962e-11 1.653963e-11 fanout1749
 2.169482e-18 8.459049e-18 1.653962e-11 1.653963e-11 fanout1750
 2.165960e-18 8.010237e-18 1.653962e-11 1.653963e-11 fanout1751
 2.162519e-18 7.297134e-18 1.653962e-11 1.653963e-11 fanout1742
 2.162274e-18 7.350067e-18 1.653962e-11 1.653963e-11 fanout1744
 1.297928e-18 1.470114e-17 1.647050e-11 1.647052e-11 _16850_
 0.000000e+00 0.000000e+00 1.348146e-11 1.348146e-11 input11
 8.850113e-15 6.454567e-14 1.339813e-11 1.347153e-11 input8
 1.507063e-15 8.305386e-15 1.345576e-11 1.346558e-11 input10
 9.484172e-16 1.283751e-15 1.343716e-11 1.343940e-11 input6
 2.367512e-17 8.663068e-17 1.342785e-11 1.342796e-11 _35025_
 2.366068e-17 8.082462e-17 1.342785e-11 1.342795e-11 _35023_
 2.357980e-17 6.079543e-17 1.342785e-11 1.342793e-11 _35022_
 2.356498e-17 5.713368e-17 1.342785e-11 1.342793e-11 _35021_
 2.349069e-17 4.144977e-17 1.342785e-11 1.342792e-11 _35024_
 2.344584e-17 3.736541e-17 1.342785e-11 1.342791e-11 _35018_
 2.342829e-17 3.576792e-17 1.342785e-11 1.342791e-11 _35026_
 2.340000e-17 3.319215e-17 1.342785e-11 1.342791e-11 _35020_
 2.335555e-17 2.914493e-17 1.342785e-11 1.342790e-11 _35019_
 2.327143e-17 2.148536e-17 1.342785e-11 1.342790e-11 _35027_
 2.195526e-15 4.162024e-15 1.340755e-11 1.341391e-11 wire142
 2.621986e-15 3.508232e-15 1.339550e-11 1.340163e-11 wire121
 2.099927e-15 4.595666e-15 1.336237e-11 1.336907e-11 input4
 2.164214e-15 3.213294e-15 1.334424e-11 1.334961e-11 input2
 1.143819e-15 1.374498e-15 1.334481e-11 1.334732e-11 input7
 2.317220e-15 5.091560e-15 1.333979e-11 1.334720e-11 input3
 1.042392e-15 4.765499e-14 1.328153e-11 1.333022e-11 _17674_
 1.847619e-15 2.924165e-15 1.332495e-11 1.332973e-11 input5
 2.137233e-15 3.368117e-15 1.332000e-11 1.332551e-11 input1
 1.160044e-18 9.287701e-18 1.331612e-11 1.331613e-11 _17402_
 2.730863e-18 2.274097e-17 1.331590e-11 1.331593e-11 _17198_
 1.037877e-17 8.622521e-17 1.331563e-11 1.331573e-11 _17040_
 5.902336e-18 4.775041e-17 1.331565e-11 1.331571e-11 _17337_
 3.118840e-16 2.321377e-15 1.331215e-11 1.331479e-11 _26326_
 2.005424e-17 1.644345e-16 1.331433e-11 1.331451e-11 _17281_
 2.474733e-17 2.258744e-16 1.331306e-11 1.331331e-11 _17097_
 2.659568e-17 1.815226e-16 1.331235e-11 1.331256e-11 _17411_
 2.138707e-17 1.639937e-16 1.331213e-11 1.331232e-11 _17384_
 1.172516e-17 8.339957e-17 1.331182e-11 1.331191e-11 _17301_
 8.851570e-18 8.106693e-17 1.331118e-11 1.331127e-11 _16879_
 4.076097e-17 2.659327e-16 1.331029e-11 1.331060e-11 _17179_
 3.346497e-17 3.125511e-16 1.330944e-11 1.330979e-11 _16969_
 3.843676e-17 3.359049e-16 1.330781e-11 1.330819e-11 _17216_
 4.623460e-17 4.122355e-16 1.330689e-11 1.330735e-11 _17134_
 4.836247e-17 3.810431e-16 1.330550e-11 1.330593e-11 _16943_
 6.042033e-17 4.676237e-16 1.330530e-11 1.330583e-11 _17291_
 4.595638e-17 3.112368e-16 1.330338e-11 1.330374e-11 _17105_
 1.040987e-15 1.667040e-14 1.328083e-11 1.329854e-11 _20909_
 8.178999e-16 5.820729e-15 1.329179e-11 1.329843e-11 _18535_
 7.600718e-17 5.382375e-16 1.329668e-11 1.329730e-11 _17263_
 7.605069e-17 1.324752e-16 1.329545e-11 1.329566e-11 _35012_
 7.567619e-17 7.420716e-17 1.329545e-11 1.329560e-11 _35016_
 7.540340e-17 6.758876e-17 1.329545e-11 1.329560e-11 _35017_
 7.515357e-17 5.256881e-17 1.329545e-11 1.329558e-11 _35013_
 7.511924e-17 5.099729e-17 1.329545e-11 1.329558e-11 _35009_
 7.503593e-17 4.718319e-17 1.329545e-11 1.329557e-11 _35010_
 7.521264e-17 4.596850e-17 1.329545e-11 1.329557e-11 _35015_
 7.498388e-17 4.480080e-17 1.329545e-11 1.329557e-11 _35014_
 7.494485e-17 4.301378e-17 1.329545e-11 1.329557e-11 _35008_
 7.492319e-17 4.202276e-17 1.329545e-11 1.329557e-11 _35011_
 9.831159e-16 1.214391e-14 1.328044e-11 1.329357e-11 _18206_
 1.030215e-15 1.413815e-14 1.327661e-11 1.329177e-11 _18405_
 9.833677e-16 1.152713e-14 1.327800e-11 1.329051e-11 _20104_
 1.291648e-16 1.221348e-15 1.328883e-11 1.329018e-11 _17079_
 1.006892e-15 8.116719e-15 1.327779e-11 1.328692e-11 _19209_
 1.156328e-16 9.299716e-16 1.328332e-11 1.328436e-11 _16988_
 1.132384e-15 9.018158e-15 1.326812e-11 1.327827e-11 _18713_
 1.286509e-16 1.008315e-15 1.327525e-11 1.327639e-11 _16861_
 1.108942e-15 8.660150e-15 1.326353e-11 1.327330e-11 _18504_
 2.173069e-16 1.903204e-15 1.327093e-11 1.327305e-11 _16896_
 1.648261e-16 1.216640e-15 1.326892e-11 1.327030e-11 _17393_
 1.324402e-16 1.135773e-15 1.326857e-11 1.326984e-11 _16951_
 1.446842e-16 1.254000e-15 1.326420e-11 1.326560e-11 _17060_
 1.757809e-16 1.275238e-15 1.325497e-11 1.325642e-11 _17245_
 1.437844e-15 1.642071e-14 1.323220e-11 1.325006e-11 _17167_
 1.678482e-15 1.720156e-14 1.322718e-11 1.324606e-11 _17297_
 1.671085e-15 1.381807e-14 1.322892e-11 1.324441e-11 _17002_
 1.633687e-15 1.189532e-14 1.323006e-11 1.324359e-11 _16974_
 1.441762e-15 1.361948e-14 1.322838e-11 1.324345e-11 _17084_
 1.407940e-15 1.084949e-14 1.323098e-11 1.324324e-11 _16965_
 1.779974e-15 1.258947e-14 1.322855e-11 1.324292e-11 _17205_
 1.339171e-15 1.146218e-14 1.322967e-11 1.324248e-11 _16866_
 3.142046e-16 2.343817e-15 1.323980e-11 1.324246e-11 _17127_
 1.434999e-15 1.138598e-14 1.322951e-11 1.324233e-11 _17023_
 3.334293e-16 2.889328e-15 1.323841e-11 1.324164e-11 _17090_
 1.567701e-15 1.177773e-14 1.322780e-11 1.324114e-11 _16929_
 1.323908e-15 1.162483e-14 1.322786e-11 1.324081e-11 _17101_
 1.228372e-15 1.117498e-14 1.322810e-11 1.324050e-11 _16948_
 1.677306e-15 1.410066e-14 1.322470e-11 1.324048e-11 _16891_
 1.606315e-15 1.249409e-14 1.322601e-11 1.324011e-11 _17093_
 1.336480e-15 1.063860e-14 1.322790e-11 1.323987e-11 _16900_
 1.383123e-15 1.011836e-14 1.322827e-11 1.323977e-11 _17028_
 1.443850e-15 1.112957e-14 1.322691e-11 1.323948e-11 _17194_
 1.561115e-15 1.332117e-14 1.322457e-11 1.323945e-11 _17416_
 1.452128e-15 1.050800e-14 1.322746e-11 1.323942e-11 _17186_
 1.160002e-15 9.644734e-15 1.322860e-11 1.323941e-11 _17314_
 1.571283e-15 1.161491e-14 1.322579e-11 1.323898e-11 _17418_
 2.866507e-16 2.077705e-15 1.323650e-11 1.323887e-11 _17420_
 2.222660e-16 1.537846e-15 1.323709e-11 1.323885e-11 _17322_
 1.422945e-15 1.092490e-14 1.322631e-11 1.323866e-11 _16956_
 1.213515e-15 9.217875e-15 1.322728e-11 1.323771e-11 _17397_
 3.087239e-16 3.142984e-15 1.323403e-11 1.323748e-11 _16771_
 4.044190e-16 2.862631e-15 1.323319e-11 1.323646e-11 _16775_
 2.670896e-16 2.021106e-15 1.323403e-11 1.323631e-11 _16905_
 1.530397e-15 1.204373e-14 1.322241e-11 1.323598e-11 _17121_
 1.206380e-15 1.023925e-14 1.322422e-11 1.323566e-11 _17339_
 1.150722e-15 9.204794e-15 1.322438e-11 1.323474e-11 _17148_
 3.072080e-16 2.432754e-15 1.323195e-11 1.323469e-11 _16990_
 1.195970e-15 8.476507e-15 1.322455e-11 1.323422e-11 _16878_
 6.952001e-16 4.572459e-15 1.322706e-11 1.323233e-11 _16854_
 1.376586e-15 8.047219e-15 1.322249e-11 1.323191e-11 _17334_
 1.230258e-15 1.855643e-14 1.320876e-11 1.322855e-11 _20064_
 3.133448e-16 2.515244e-15 1.322550e-11 1.322833e-11 _17226_
 1.431698e-15 3.931716e-15 1.322260e-11 1.322796e-11 fanout129
 3.346713e-16 2.592555e-15 1.322197e-11 1.322490e-11 _16980_
 1.143840e-15 2.643832e-14 1.319589e-11 1.322347e-11 _16825_
 1.215204e-15 1.210534e-14 1.320953e-11 1.322285e-11 _19890_
 1.311562e-15 8.119721e-15 1.321052e-11 1.321995e-11 _17363_
 1.159994e-15 8.700251e-15 1.320943e-11 1.321929e-11 _18326_
 1.156914e-15 9.002428e-15 1.320782e-11 1.321798e-11 _20501_
 1.097628e-15 9.157499e-15 1.320437e-11 1.321463e-11 _17848_
 1.043267e-15 8.921273e-15 1.320252e-11 1.321248e-11 _17075_
 1.101759e-16 9.974834e-16 1.321008e-11 1.321119e-11 _16758_
 1.437784e-18 5.071092e-18 1.321018e-11 1.321018e-11 fanout1752
 6.607172e-17 4.878075e-16 1.317295e-11 1.317350e-11 _17072_
 2.364358e-16 1.958493e-15 1.316903e-11 1.317122e-11 _17031_
 7.757181e-16 5.957368e-15 1.314857e-11 1.315530e-11 _31781_
 2.549382e-19 1.660982e-18 9.898728e-12 9.898729e-12 _23127_
 2.420314e-19 1.613966e-18 9.898728e-12 9.898729e-12 _23314_
 2.422091e-19 1.100364e-18 9.898728e-12 9.898729e-12 _26712_
 2.116984e-18 6.373823e-18 9.898685e-12 9.898694e-12 _23644_
 2.168472e-18 6.234953e-18 9.898677e-12 9.898686e-12 _23533_
 7.032434e-19 1.321376e-18 9.898526e-12 9.898528e-12 _16821_
 1.678667e-18 7.489336e-18 9.898493e-12 9.898502e-12 _17070_
 4.580491e-18 2.282903e-17 9.898368e-12 9.898395e-12 _17225_
 4.804828e-16 3.292742e-15 9.894554e-12 9.898327e-12 _23248_
 3.569269e-18 1.482675e-17 9.898192e-12 9.898210e-12 _16978_
 1.636613e-16 4.928454e-16 9.895387e-12 9.896043e-12 _18094_
 2.025875e-17 9.316316e-17 9.893896e-12 9.894010e-12 _17051_
 3.539803e-17 1.867150e-16 9.893386e-12 9.893609e-12 _23111_
 6.573500e-16 1.726341e-15 9.889360e-12 9.891744e-12 _27286_
 2.857100e-17 1.445567e-16 9.890071e-12 9.890245e-12 _26081_
 1.339154e-17 7.645401e-17 9.889803e-12 9.889894e-12 _17125_
 5.640799e-17 2.904906e-16 9.888639e-12 9.888986e-12 _25781_
 5.615713e-17 2.321564e-16 9.888639e-12 9.888927e-12 _17311_
 4.664482e-17 1.223941e-16 9.888756e-12 9.888926e-12 _25562_
 7.806033e-16 2.410005e-15 9.885584e-12 9.888775e-12 _27396_
 1.222836e-15 2.928686e-15 9.883449e-12 9.887600e-12 _32065_
 5.425521e-16 2.916661e-15 9.883466e-12 9.886925e-12 _19959_
 5.703386e-16 9.261850e-16 9.884730e-12 9.886226e-12 _20177_
 6.328691e-16 4.385228e-15 9.880427e-12 9.885445e-12 _17628_
 5.833040e-16 7.080841e-16 9.882716e-12 9.884008e-12 _20061_
 6.110363e-16 6.997383e-16 9.882374e-12 9.883684e-12 _20240_
 6.380722e-16 3.557432e-15 9.879163e-12 9.883358e-12 _18942_
 9.558949e-17 4.111790e-16 9.882620e-12 9.883126e-12 _17257_
 6.312540e-16 6.777752e-16 9.881795e-12 9.883104e-12 _21807_
 9.952133e-17 4.349624e-16 9.882001e-12 9.882535e-12 _17138_
 6.045929e-16 1.240778e-15 9.880536e-12 9.882381e-12 _19735_
 6.547515e-16 3.695345e-15 9.877388e-12 9.881738e-12 _18342_
 6.924920e-16 4.041644e-15 9.876542e-12 9.881276e-12 _19351_
 1.339600e-16 5.602051e-16 9.880319e-12 9.881013e-12 _16853_
 9.179220e-16 4.492918e-15 9.875236e-12 9.880647e-12 _29428_
 8.130973e-17 5.505058e-16 9.879967e-12 9.880598e-12 _17385_
 7.694819e-16 2.074780e-15 9.877179e-12 9.880023e-12 _20886_
 6.915305e-16 5.973569e-16 9.878732e-12 9.880020e-12 _21888_
 8.713370e-16 3.498669e-15 9.875270e-12 9.879640e-12 _27414_
 7.518288e-16 8.661996e-16 9.877836e-12 9.879454e-12 _23005_
 6.942643e-16 3.328354e-15 9.875403e-12 9.879426e-12 _18130_
 8.013663e-16 3.821692e-15 9.874550e-12 9.879173e-12 _16847_
 7.603486e-16 1.273637e-15 9.877016e-12 9.879050e-12 _21954_
 7.169993e-16 2.117517e-15 9.876132e-12 9.878967e-12 _24421_
 7.902662e-16 1.582324e-15 9.876501e-12 9.878873e-12 _16848_
 1.506753e-16 6.034299e-16 9.878066e-12 9.878820e-12 _17006_
 7.239010e-16 1.340219e-15 9.876744e-12 9.878808e-12 _16831_
 7.315470e-16 8.531518e-16 9.877073e-12 9.878658e-12 _22880_
 6.680828e-16 2.040229e-15 9.875948e-12 9.878656e-12 _17554_
 7.705814e-16 8.125134e-16 9.876789e-12 9.878372e-12 _22806_
 7.797781e-16 3.730237e-15 9.873621e-12 9.878131e-12 _16832_
 6.579376e-16 2.330846e-15 9.875135e-12 9.878124e-12 _17740_
 7.144339e-16 8.777253e-16 9.876338e-12 9.877930e-12 _19402_
 7.550201e-16 9.537424e-16 9.876179e-12 9.877888e-12 _21276_
 7.513289e-16 7.742031e-16 9.875935e-12 9.877461e-12 _20232_
 7.203010e-16 6.955886e-16 9.875718e-12 9.877134e-12 _19791_
 7.898877e-16 6.930119e-16 9.875325e-12 9.876808e-12 _22758_
 8.233400e-16 1.550294e-15 9.874403e-12 9.876777e-12 _20787_
 7.982056e-16 7.437180e-16 9.875107e-12 9.876649e-12 _19707_
 1.142900e-15 4.964790e-15 9.870472e-12 9.876580e-12 _28167_
 7.538705e-16 9.682317e-16 9.874856e-12 9.876578e-12 _22547_
 8.129236e-16 2.321906e-15 9.873223e-12 9.876358e-12 _21644_
 8.396614e-16 1.238266e-15 9.874144e-12 9.876222e-12 _19316_
 7.511236e-16 1.420142e-15 9.873977e-12 9.876148e-12 _19887_
 8.404507e-16 1.254083e-15 9.873972e-12 9.876067e-12 _21308_
 1.500171e-16 4.192274e-16 9.875345e-12 9.875914e-12 _24630_
 7.841427e-16 1.019368e-15 9.874002e-12 9.875805e-12 _20966_
 8.738212e-16 1.866122e-15 9.872901e-12 9.875641e-12 _16845_
 7.498587e-16 8.393621e-16 9.873834e-12 9.875423e-12 _21667_
 7.873468e-16 1.265762e-15 9.873332e-12 9.875385e-12 _19509_
 8.240375e-16 8.467817e-16 9.873558e-12 9.875228e-12 _21376_
 8.620631e-16 2.527009e-15 9.871838e-12 9.875227e-12 _16840_
 7.933180e-16 9.323170e-16 9.873408e-12 9.875134e-12 _20141_
 7.508092e-16 1.077499e-15 9.873088e-12 9.874917e-12 _20925_
 1.109754e-16 5.709732e-16 9.874048e-12 9.874730e-12 _17080_
 8.239753e-16 1.656359e-15 9.872173e-12 9.874653e-12 _16835_
 8.225462e-16 1.131626e-15 9.872679e-12 9.874633e-12 _18562_
 8.087116e-16 7.265700e-16 9.873097e-12 9.874632e-12 _22737_
 1.188113e-16 5.437156e-16 9.873906e-12 9.874568e-12 _17315_
 8.272278e-16 1.454649e-15 9.872281e-12 9.874563e-12 _16834_
 7.011465e-17 1.402753e-16 9.874315e-12 9.874526e-12 _24530_
 7.855884e-16 7.054450e-16 9.873030e-12 9.874521e-12 _21401_
 8.420955e-16 7.709486e-16 9.872805e-12 9.874418e-12 _22297_
 8.452928e-16 1.144308e-15 9.872377e-12 9.874367e-12 _20032_
 8.386880e-16 1.155254e-15 9.872160e-12 9.874154e-12 _21963_
 7.998897e-16 8.861514e-16 9.872428e-12 9.874114e-12 _20692_
 8.906811e-16 2.732539e-15 9.870490e-12 9.874113e-12 _16849_
 8.197914e-16 7.124829e-16 9.872578e-12 9.874111e-12 _22051_
 7.994356e-16 1.192411e-15 9.872105e-12 9.874096e-12 _16841_
 7.655342e-16 9.024039e-16 9.872386e-12 9.874054e-12 _22865_
 8.437974e-16 1.054808e-15 9.872093e-12 9.873991e-12 _21231_
 8.498661e-16 9.397017e-16 9.872185e-12 9.873974e-12 _21938_
 7.780595e-16 7.172165e-16 9.872218e-12 9.873714e-12 _21874_
 8.244246e-16 1.519950e-15 9.871293e-12 9.873637e-12 _16837_
 1.474740e-16 2.869138e-16 9.873085e-12 9.873520e-12 _25474_
 7.973961e-16 7.606685e-16 9.871942e-12 9.873500e-12 _20914_
 7.877215e-16 6.756386e-16 9.871934e-12 9.873397e-12 _20805_
 7.909099e-16 1.385597e-15 9.871189e-12 9.873365e-12 _21692_
 7.135471e-16 7.150862e-16 9.871875e-12 9.873304e-12 _20070_
 7.710042e-16 8.214305e-16 9.871540e-12 9.873133e-12 _22405_
 8.460088e-16 1.052610e-15 9.871096e-12 9.872995e-12 _21990_
 1.581551e-16 1.305450e-15 9.871528e-12 9.872991e-12 _16897_
 8.556662e-16 1.286138e-15 9.870829e-12 9.872970e-12 _17941_
 1.164905e-16 4.888277e-16 9.872223e-12 9.872828e-12 _16999_
 8.000914e-16 1.007523e-15 9.871005e-12 9.872813e-12 _21564_
 8.185587e-16 7.698000e-16 9.871189e-12 9.872777e-12 _18922_
 9.441356e-16 3.003392e-15 9.868766e-12 9.872713e-12 _29652_
 8.354419e-16 1.084812e-15 9.870762e-12 9.872683e-12 _19464_
 8.568398e-16 9.136054e-16 9.870879e-12 9.872650e-12 _22530_
 8.048874e-16 9.445332e-16 9.870795e-12 9.872545e-12 _18643_
 9.299366e-17 6.374356e-16 9.871779e-12 9.872509e-12 _17248_
 9.139022e-17 5.279112e-16 9.871779e-12 9.872398e-12 _17244_
 7.856227e-16 6.637047e-16 9.870937e-12 9.872387e-12 _20452_
 8.104137e-16 7.263430e-16 9.870820e-12 9.872357e-12 _23015_
 8.395943e-16 2.587072e-15 9.868899e-12 9.872326e-12 _16838_
 7.994680e-16 1.143627e-15 9.870284e-12 9.872227e-12 _21251_
 8.892572e-16 2.119135e-15 9.869201e-12 9.872209e-12 _16836_
 7.964449e-16 3.014969e-15 9.868388e-12 9.872199e-12 _16833_
 7.629363e-16 7.986025e-16 9.870611e-12 9.872173e-12 _22494_
 1.945045e-16 8.828283e-16 9.871084e-12 9.872161e-12 _26434_
 8.506390e-16 1.893747e-15 9.869360e-12 9.872104e-12 _16842_
 8.040107e-16 7.993678e-16 9.870443e-12 9.872047e-12 _19996_
 8.382390e-16 7.941115e-16 9.870243e-12 9.871875e-12 _22613_
 7.945462e-16 8.622120e-16 9.870092e-12 9.871748e-12 _22228_
 8.281967e-16 7.002719e-16 9.870176e-12 9.871704e-12 _21476_
 8.298172e-16 1.918907e-15 9.868874e-12 9.871623e-12 _16843_
 8.093521e-16 9.639160e-16 9.869850e-12 9.871623e-12 _21579_
 8.719428e-16 2.439569e-15 9.868296e-12 9.871608e-12 _16839_
 8.390949e-16 8.879094e-16 9.869380e-12 9.871107e-12 _21035_
 8.327002e-16 7.727176e-16 9.869489e-12 9.871094e-12 _22352_
 8.495812e-16 1.099541e-15 9.868987e-12 9.870936e-12 _20097_
 1.888002e-16 3.559317e-16 9.870373e-12 9.870917e-12 _26446_
 8.538227e-16 1.272193e-15 9.868635e-12 9.870761e-12 _22471_
 8.259408e-16 7.595917e-16 9.869080e-12 9.870665e-12 _22486_
 1.211530e-15 4.451189e-15 9.864923e-12 9.870586e-12 _29764_
 8.396554e-16 1.920553e-15 9.867693e-12 9.870453e-12 _16846_
 7.335220e-16 1.568728e-15 9.868120e-12 9.870422e-12 _16844_
 8.134208e-16 8.589602e-16 9.868434e-12 9.870106e-12 _20754_
 8.064530e-16 1.054383e-15 9.868083e-12 9.869943e-12 _19818_
 8.107833e-17 3.397830e-16 9.869485e-12 9.869906e-12 _17180_
 3.467546e-15 2.694945e-14 9.839289e-12 9.869706e-12 _16822_
 8.397493e-16 7.971552e-16 9.867982e-12 9.869619e-12 _22097_
 1.568325e-15 3.001424e-15 9.865015e-12 9.869585e-12 _30924_
 8.671578e-16 1.635508e-15 9.866643e-12 9.869145e-12 _19526_
 8.616602e-16 1.099301e-15 9.867145e-12 9.869106e-12 _22945_
 8.463281e-16 9.485182e-16 9.867079e-12 9.868873e-12 _21212_
 8.820859e-16 1.167825e-15 9.866618e-12 9.868668e-12 _21115_
 8.374717e-16 9.643029e-16 9.866668e-12 9.868470e-12 _19052_
 8.189026e-16 1.089153e-15 9.865956e-12 9.867864e-12 _21920_
 8.104353e-16 7.311327e-16 9.866183e-12 9.867724e-12 _19390_
 9.652096e-17 4.123984e-16 9.867058e-12 9.867567e-12 _16989_
 7.582681e-16 7.172680e-16 9.865664e-12 9.867139e-12 _22174_
 7.689644e-16 6.818859e-16 9.865614e-12 9.867065e-12 _21367_
 8.741548e-16 1.107171e-15 9.864541e-12 9.866523e-12 _20013_
 4.436116e-16 1.832502e-15 9.863633e-12 9.865909e-12 _16823_
 9.843526e-17 3.825972e-16 9.865424e-12 9.865906e-12 _17429_
 9.025423e-17 3.469675e-16 9.865232e-12 9.865669e-12 _16870_
 1.677241e-16 2.823644e-16 9.864796e-12 9.865247e-12 _17181_
 1.389017e-16 6.307906e-16 9.864454e-12 9.865223e-12 _17061_
 1.037361e-16 4.031402e-16 9.864411e-12 9.864918e-12 _17267_
 1.209497e-15 8.642818e-15 9.854692e-12 9.864544e-12 _17335_
 1.013051e-15 7.710638e-15 9.855254e-12 9.863978e-12 _17308_
 2.487983e-16 1.730939e-15 9.861943e-12 9.863922e-12 _16946_
 1.358190e-15 8.164749e-15 9.854324e-12 9.863847e-12 _16941_
 1.112328e-15 8.015949e-15 9.854591e-12 9.863719e-12 _17004_
 1.370881e-15 7.478396e-15 9.854851e-12 9.863701e-12 _17345_
 9.689826e-16 9.005310e-15 9.853713e-12 9.863688e-12 _17140_
 1.060454e-15 7.222547e-15 9.855396e-12 9.863679e-12 _16968_
 1.618806e-16 6.170014e-16 9.862604e-12 9.863383e-12 _17394_
 9.546586e-16 8.167792e-15 9.854182e-12 9.863304e-12 _16910_
 8.783108e-17 6.189394e-16 9.862528e-12 9.863235e-12 _16944_
 1.284627e-15 7.581285e-15 9.854173e-12 9.863039e-12 _17151_
 1.054126e-15 7.262825e-15 9.854685e-12 9.863002e-12 _17374_
 1.240055e-15 7.915508e-15 9.853822e-12 9.862978e-12 _17077_
 1.178841e-15 6.805055e-15 9.854961e-12 9.862945e-12 _17252_
 1.043748e-15 7.355181e-15 9.854441e-12 9.862840e-12 _17177_
 1.115599e-15 6.047846e-15 9.855538e-12 9.862702e-12 _17169_
 8.464200e-16 5.968209e-15 9.855881e-12 9.862696e-12 _17184_
 1.266233e-15 6.989291e-15 9.854266e-12 9.862521e-12 _17197_
 1.208806e-15 7.342904e-15 9.853965e-12 9.862516e-12 _16932_
 1.235212e-15 5.848890e-15 9.855412e-12 9.862496e-12 _16996_
 8.835659e-16 4.015535e-15 9.857597e-12 9.862496e-12 _17044_
 1.131304e-16 5.382955e-16 9.861808e-12 9.862460e-12 _16952_
 1.001482e-15 5.177963e-15 9.856233e-12 9.862412e-12 _17353_
 9.890199e-16 5.964862e-15 9.855220e-12 9.862174e-12 _17370_
 9.512396e-16 7.213308e-15 9.853989e-12 9.862154e-12 _17346_
 1.042828e-15 7.758686e-15 9.853194e-12 9.861995e-12 _17240_
 1.032483e-15 6.518148e-15 9.854407e-12 9.861958e-12 _16987_
 9.267264e-16 5.993231e-15 9.855035e-12 9.861955e-12 _17157_
 9.576143e-16 7.077864e-15 9.853872e-12 9.861907e-12 _17380_
 9.206055e-16 5.424078e-15 9.855546e-12 9.861891e-12 _17191_
 1.746334e-16 1.290406e-15 9.860385e-12 9.861850e-12 _17199_
 1.060205e-15 6.708623e-15 9.854081e-12 9.861850e-12 _17399_
 4.053697e-16 2.552274e-15 9.858862e-12 9.861820e-12 _17350_
 7.173547e-16 5.124510e-15 9.855948e-12 9.861789e-12 _16824_
 1.067783e-15 6.605677e-15 9.854090e-12 9.861763e-12 _17222_
 1.093904e-15 6.603603e-15 9.854022e-12 9.861720e-12 _17250_
 7.707824e-16 4.952827e-15 9.855940e-12 9.861664e-12 _17299_
 1.214010e-15 7.793943e-15 9.852650e-12 9.861657e-12 _16868_
 1.091276e-15 6.971416e-15 9.853587e-12 9.861650e-12 _16851_
 8.895939e-16 5.999013e-15 9.854759e-12 9.861648e-12 _17204_
 8.137322e-16 5.179683e-15 9.855648e-12 9.861641e-12 _16923_
 8.629356e-16 5.773374e-15 9.854985e-12 9.861621e-12 _17305_
 1.063005e-15 6.268558e-15 9.854266e-12 9.861598e-12 _16984_
 1.064860e-15 6.137334e-15 9.854382e-12 9.861585e-12 _17139_
 7.605323e-17 1.272896e-16 9.861382e-12 9.861585e-12 _25836_
 3.954610e-16 2.711589e-15 9.858460e-12 9.861566e-12 _17200_
 1.018529e-15 7.386847e-15 9.853152e-12 9.861558e-12 _17230_
 7.213129e-16 5.322534e-15 9.855396e-12 9.861440e-12 _16899_
 8.361038e-16 5.138900e-15 9.855463e-12 9.861438e-12 _17268_
 9.306785e-16 6.636694e-15 9.853738e-12 9.861305e-12 _17065_
 1.014628e-15 6.262596e-15 9.853965e-12 9.861242e-12 _16895_
 6.862979e-16 4.472744e-15 9.856082e-12 9.861241e-12 _16964_
 8.345216e-16 4.203812e-15 9.856191e-12 9.861229e-12 _17310_
 1.093933e-15 5.033542e-15 9.855094e-12 9.861221e-12 _17141_
 9.459171e-16 6.511390e-15 9.853738e-12 9.861195e-12 _17096_
 1.123099e-15 7.425271e-15 9.852600e-12 9.861148e-12 _17410_
 9.049165e-16 7.109732e-15 9.853044e-12 9.861058e-12 _17231_
 9.823294e-16 6.022600e-15 9.853981e-12 9.860986e-12 _17160_
 1.162818e-15 5.707477e-15 9.854106e-12 9.860977e-12 _17373_
 1.004800e-15 7.242436e-15 9.852700e-12 9.860947e-12 _16909_
 9.948011e-16 4.631880e-15 9.855320e-12 9.860946e-12 _17185_
 1.034423e-15 3.144499e-15 9.856753e-12 9.860932e-12 _24057_
 1.049615e-15 4.783510e-15 9.855078e-12 9.860911e-12 _17278_
 9.120849e-16 4.866214e-15 9.855112e-12 9.860890e-12 _16882_
 1.076227e-15 4.404434e-15 9.855396e-12 9.860877e-12 _17133_
 1.281626e-15 5.602549e-15 9.853955e-12 9.860840e-12 _17271_
 8.846991e-16 5.863788e-15 9.854081e-12 9.860829e-12 _16983_
 9.486798e-16 4.710217e-15 9.855153e-12 9.860812e-12 _17298_
 9.540498e-16 5.558184e-15 9.854299e-12 9.860811e-12 _17284_
 1.498740e-16 1.043273e-15 9.859598e-12 9.860792e-12 _17430_
 7.360159e-16 5.208890e-15 9.854818e-12 9.860763e-12 _16873_
 8.477564e-16 4.700974e-15 9.855211e-12 9.860760e-12 _17174_
 1.121481e-15 4.685615e-15 9.854952e-12 9.860759e-12 _16977_
 9.140240e-16 5.219021e-15 9.854591e-12 9.860724e-12 _17178_
 8.590901e-16 4.744354e-15 9.855103e-12 9.860706e-12 _17173_
 1.229332e-15 5.775193e-15 9.853696e-12 9.860701e-12 _17215_
 6.862822e-16 3.941407e-15 9.856007e-12 9.860634e-12 _17432_
 8.788438e-16 4.553208e-15 9.855186e-12 9.860618e-12 _17388_
 9.540957e-16 6.495992e-15 9.853152e-12 9.860602e-12 _16958_
 9.735907e-16 6.315866e-15 9.853302e-12 9.860592e-12 _17221_
 1.491382e-15 4.153620e-15 9.854943e-12 9.860588e-12 _31012_
 1.635301e-15 4.220986e-15 9.854718e-12 9.860574e-12 _31946_
 1.411444e-15 6.457919e-15 9.852641e-12 9.860511e-12 _17059_
 9.511524e-16 6.462534e-15 9.853094e-12 9.860507e-12 _16874_
 7.952587e-16 5.602017e-15 9.854072e-12 9.860470e-12 _17143_
 8.508625e-16 4.246243e-15 9.855354e-12 9.860452e-12 _17290_
 8.936821e-16 4.829180e-15 9.854718e-12 9.860441e-12 _17296_
 1.198075e-15 4.702095e-15 9.854534e-12 9.860434e-12 _16967_
 1.031952e-15 5.648050e-15 9.853721e-12 9.860402e-12 _16930_
 1.098131e-15 4.190836e-15 9.855112e-12 9.860401e-12 _16931_
 2.621310e-16 1.586053e-15 9.858543e-12 9.860391e-12 _17264_
 8.989545e-16 5.578157e-15 9.853897e-12 9.860375e-12 _17364_
 1.315500e-16 6.864549e-16 9.859556e-12 9.860374e-12 _17109_
 1.073607e-16 6.922095e-16 9.859556e-12 9.860356e-12 _16979_
 1.146243e-15 4.775818e-15 9.854391e-12 9.860313e-12 _17309_
 1.016168e-15 6.128345e-15 9.853103e-12 9.860247e-12 _17050_
 4.161535e-16 2.697675e-15 9.857112e-12 9.860225e-12 _17091_
 9.138782e-16 4.679478e-15 9.854600e-12 9.860193e-12 _17381_
 9.225195e-16 5.770585e-15 9.853470e-12 9.860164e-12 _17111_
 1.126556e-15 5.638804e-15 9.853396e-12 9.860161e-12 _17049_
 9.844760e-16 3.925862e-15 9.855245e-12 9.860155e-12 _17326_
 9.519875e-16 4.337987e-15 9.854860e-12 9.860150e-12 _16976_
 1.065069e-15 5.551115e-15 9.853529e-12 9.860146e-12 _16894_
 8.404195e-16 5.620286e-15 9.853672e-12 9.860133e-12 _16938_
 9.478441e-16 4.724449e-15 9.854441e-12 9.860114e-12 _16994_
 1.154814e-15 6.665143e-15 9.852290e-12 9.860110e-12 _17425_
 1.030716e-15 3.888859e-15 9.855177e-12 9.860097e-12 _16922_
 8.298712e-16 5.585987e-15 9.853680e-12 9.860096e-12 _16892_
 9.311540e-16 4.105154e-15 9.855044e-12 9.860080e-12 _17176_
 9.670216e-16 6.135754e-15 9.852967e-12 9.860070e-12 _16859_
 9.983237e-16 4.135760e-15 9.854927e-12 9.860061e-12 _17078_
 1.040959e-15 4.386886e-15 9.854608e-12 9.860036e-12 _17103_
 8.727844e-16 5.019499e-15 9.854081e-12 9.859973e-12 _16912_
 7.353375e-16 4.449751e-15 9.854785e-12 9.859970e-12 _17027_
 8.853053e-16 3.768657e-15 9.855287e-12 9.859941e-12 _17242_
 9.904133e-16 4.517242e-15 9.854407e-12 9.859915e-12 _17094_
 9.663956e-16 4.336663e-15 9.854575e-12 9.859879e-12 _17196_
 1.014895e-15 4.584550e-15 9.854274e-12 9.859873e-12 _17161_
 1.265490e-15 4.716733e-15 9.853872e-12 9.859854e-12 _17086_
 9.257527e-16 3.808006e-15 9.855119e-12 9.859853e-12 _24383_
 8.807772e-16 5.003805e-15 9.853948e-12 9.859832e-12 _16975_
 1.066481e-15 4.236905e-15 9.854517e-12 9.859820e-12 _17391_
 1.038730e-15 4.253419e-15 9.854517e-12 9.859808e-12 _17224_
 8.513071e-16 5.504096e-15 9.853444e-12 9.859800e-12 _17056_
 8.522331e-16 4.880370e-15 9.854039e-12 9.859772e-12 _17408_
 9.423371e-16 6.485486e-15 9.852332e-12 9.859760e-12 _17066_
 1.103369e-15 4.848657e-15 9.853797e-12 9.859748e-12 _17243_
 8.412312e-16 3.942135e-15 9.854952e-12 9.859735e-12 _17331_
 9.706068e-16 4.786396e-15 9.853965e-12 9.859722e-12 _17390_
 1.404566e-16 9.624286e-16 9.858602e-12 9.859705e-12 _16945_
 9.243748e-16 5.976315e-15 9.852784e-12 9.859684e-12 _17398_
 7.710309e-16 4.037877e-15 9.854868e-12 9.859676e-12 _17316_
 1.015061e-15 4.198692e-15 9.854458e-12 9.859672e-12 _17142_
 1.254832e-15 3.877912e-15 9.854492e-12 9.859625e-12 _17392_
 8.136548e-16 4.559480e-15 9.854240e-12 9.859613e-12 _17233_
 9.264677e-16 4.126084e-15 9.854558e-12 9.859611e-12 _17003_
 2.254585e-16 1.632117e-15 9.857748e-12 9.859606e-12 _17149_
 9.659967e-16 5.191737e-15 9.853444e-12 9.859602e-12 _17300_
 9.214830e-16 3.516994e-15 9.855144e-12 9.859583e-12 _16985_
 8.584973e-16 4.362017e-15 9.854359e-12 9.859579e-12 _17415_
 1.028142e-15 4.497083e-15 9.854048e-12 9.859573e-12 _17132_
 6.409849e-16 4.527989e-15 9.854399e-12 9.859568e-12 _17249_
 8.778510e-16 4.491928e-15 9.854182e-12 9.859552e-12 _17287_
 9.564773e-16 5.350830e-15 9.853236e-12 9.859544e-12 _16903_
 9.791092e-16 3.929278e-15 9.854626e-12 9.859534e-12 _16959_
 8.557058e-16 3.077412e-15 9.855571e-12 9.859505e-12 _17123_
 1.203053e-15 4.809844e-15 9.853487e-12 9.859500e-12 _16877_
 7.709764e-16 4.142728e-15 9.854567e-12 9.859480e-12 _17352_
 9.151407e-16 4.026612e-15 9.854525e-12 9.859467e-12 _17407_
 8.724986e-16 5.977148e-15 9.852616e-12 9.859466e-12 _17193_
 4.551140e-16 2.635208e-15 9.856350e-12 9.859441e-12 _23594_
 1.004922e-15 4.300834e-15 9.854124e-12 9.859429e-12 _17187_
 9.159595e-16 4.937841e-15 9.853554e-12 9.859408e-12 _17241_
 8.705575e-16 5.205605e-15 9.853294e-12 9.859370e-12 _17379_
 1.029984e-15 4.394774e-15 9.853863e-12 9.859287e-12 _17013_
 2.125697e-16 1.123359e-15 9.857949e-12 9.859284e-12 _17171_
 8.800224e-17 4.222362e-16 9.858761e-12 9.859271e-12 _17238_
 1.023474e-15 3.707498e-15 9.854541e-12 9.859271e-12 _17289_
 7.378707e-16 4.759987e-15 9.853771e-12 9.859270e-12 _17406_
 7.108207e-16 3.378724e-15 9.855170e-12 9.859259e-12 _16918_
 7.282851e-16 4.270088e-15 9.854248e-12 9.859247e-12 _17256_
 9.426253e-16 4.238508e-15 9.854065e-12 9.859245e-12 _17433_
 8.466328e-16 3.976882e-15 9.854416e-12 9.859239e-12 _17343_
 7.783524e-16 3.240524e-15 9.855220e-12 9.859238e-12 _17383_
 1.051021e-15 7.456814e-15 9.850716e-12 9.859224e-12 _17036_
 1.086138e-15 5.148790e-15 9.852976e-12 9.859211e-12 _17011_
 3.964245e-16 2.885425e-15 9.855898e-12 9.859180e-12 _17368_
 1.015694e-15 5.404852e-15 9.852757e-12 9.859178e-12 _17419_
 1.032018e-15 4.719463e-15 9.853420e-12 9.859172e-12 _16986_
 1.021597e-15 4.391794e-15 9.853738e-12 9.859151e-12 _17022_
 9.761620e-16 3.767697e-15 9.854374e-12 9.859118e-12 _16860_
 7.936353e-16 4.534300e-15 9.853788e-12 9.859116e-12 _17295_
 1.132027e-15 5.063638e-15 9.852893e-12 9.859088e-12 _17039_
 4.960398e-16 1.987939e-15 9.856593e-12 9.859077e-12 _17283_
 1.067561e-15 4.047711e-15 9.853955e-12 9.859071e-12 _16911_
 1.049616e-15 3.130154e-15 9.854876e-12 9.859056e-12 _24425_
 1.756609e-16 7.453564e-16 9.858107e-12 9.859029e-12 _17293_
 3.754623e-16 2.564646e-15 9.856074e-12 9.859015e-12 _17054_
 1.070673e-15 5.896522e-15 9.852013e-12 9.858981e-12 _16950_
 6.712924e-16 3.771004e-15 9.854517e-12 9.858959e-12 _16955_
 7.006790e-16 3.440065e-15 9.854810e-12 9.858950e-12 _17001_
 8.649702e-16 4.079756e-15 9.853981e-12 9.858926e-12 _17175_
 3.060066e-16 1.972935e-15 9.856617e-12 9.858896e-12 _17119_
 8.645055e-16 4.494393e-15 9.853537e-12 9.858896e-12 _17307_
 6.598803e-16 2.896899e-15 9.855328e-12 9.858885e-12 _16995_
 9.532119e-16 6.144241e-15 9.851770e-12 9.858868e-12 _17424_
 8.186573e-16 5.545817e-15 9.852332e-12 9.858696e-12 _17018_
 8.545520e-16 4.009699e-15 9.853830e-12 9.858695e-12 _17259_
 9.315556e-16 4.198124e-15 9.853554e-12 9.858683e-12 _17104_
 7.611808e-16 3.724784e-15 9.854190e-12 9.858676e-12 _17108_
 1.908439e-16 7.073860e-16 9.857773e-12 9.858671e-12 _17349_
 1.021311e-15 3.976181e-15 9.853672e-12 9.858669e-12 _16885_
 2.306551e-16 1.464929e-15 9.856961e-12 9.858656e-12 _17246_
 6.453918e-16 2.194308e-15 9.855797e-12 9.858636e-12 _17276_
 1.025696e-15 6.344062e-15 9.851219e-12 9.858589e-12 _17115_
 6.387415e-16 3.243204e-15 9.854700e-12 9.858583e-12 _17165_
 8.582809e-16 3.304847e-15 9.854399e-12 9.858563e-12 _16902_
 9.314229e-16 3.832983e-15 9.853788e-12 9.858552e-12 _17131_
 9.582033e-17 3.496354e-16 9.858100e-12 9.858545e-12 _25360_
 7.816674e-16 3.341165e-15 9.854416e-12 9.858538e-12 _17095_
 7.959319e-16 4.169734e-15 9.853570e-12 9.858536e-12 _16973_
 3.471702e-16 2.081646e-15 9.856082e-12 9.858511e-12 _17026_
 3.720060e-16 2.613369e-15 9.855471e-12 9.858456e-12 _16872_
 8.416886e-16 3.810448e-15 9.853797e-12 9.858449e-12 _17195_
 4.284525e-16 2.911538e-15 9.855085e-12 9.858426e-12 _17378_
 7.519380e-16 3.547363e-15 9.854124e-12 9.858423e-12 _17333_
 8.662136e-16 3.123722e-15 9.854382e-12 9.858372e-12 _17223_
 4.457204e-16 3.278331e-15 9.854634e-12 9.858359e-12 _17237_
 9.176043e-16 3.580264e-15 9.853797e-12 9.858295e-12 _17251_
 9.128839e-16 3.220958e-15 9.854140e-12 9.858274e-12 _16858_
 8.482565e-16 3.019325e-15 9.854399e-12 9.858267e-12 _16966_
 7.909032e-16 4.214190e-15 9.853261e-12 9.858265e-12 _17401_
 9.171251e-16 2.481407e-15 9.854860e-12 9.858258e-12 _17021_
 4.294717e-16 2.706613e-15 9.855112e-12 9.858248e-12 _17107_
 7.586768e-16 3.047147e-15 9.854441e-12 9.858247e-12 _17232_
 9.418986e-16 3.774034e-15 9.853521e-12 9.858237e-12 _17336_
 1.049233e-15 3.700445e-15 9.853478e-12 9.858228e-12 _17318_
 8.837566e-16 4.143176e-15 9.853143e-12 9.858171e-12 _16957_
 4.765609e-16 2.885417e-15 9.854801e-12 9.858163e-12 _17190_
 1.009717e-15 3.503935e-15 9.853646e-12 9.858159e-12 _17102_
 9.880958e-16 4.048596e-15 9.853103e-12 9.858139e-12 _17400_
 2.016409e-16 1.309673e-15 9.856609e-12 9.858120e-12 _17106_
 1.001501e-15 1.372818e-15 9.855681e-12 9.858054e-12 _17372_
 8.293687e-16 2.546262e-15 9.854676e-12 9.858052e-12 _23726_
 7.512294e-16 3.062892e-15 9.854232e-12 9.858046e-12 _17055_
 7.777689e-16 3.556826e-15 9.853696e-12 9.858030e-12 _16920_
 8.001401e-16 4.430433e-15 9.852784e-12 9.858014e-12 _17045_
 9.397561e-16 3.488547e-15 9.853570e-12 9.857998e-12 _17279_
 8.023001e-16 3.466783e-15 9.853696e-12 9.857965e-12 _17019_
 9.426094e-16 3.168022e-15 9.853839e-12 9.857950e-12 _17355_
 9.020911e-16 2.848709e-15 9.854182e-12 9.857932e-12 _16893_
 8.653624e-16 3.700120e-15 9.853302e-12 9.857868e-12 _16942_
 6.800253e-16 3.362780e-15 9.853763e-12 9.857806e-12 _17057_
 1.915860e-16 1.050559e-15 9.856551e-12 9.857793e-12 _24448_
 3.715315e-16 1.363040e-15 9.856057e-12 9.857792e-12 _17330_
 8.055720e-16 3.991761e-15 9.852967e-12 9.857765e-12 _17417_
 4.070105e-16 2.571369e-15 9.854768e-12 9.857747e-12 _16981_
 2.614618e-16 8.112658e-16 9.856668e-12 9.857740e-12 _16762_
 8.599515e-16 3.271067e-15 9.853604e-12 9.857735e-12 _17261_
 9.116801e-16 1.469085e-15 9.855337e-12 9.857718e-12 _16876_
 3.421712e-16 2.204878e-15 9.855136e-12 9.857683e-12 _25071_
 3.628367e-16 2.394491e-15 9.854919e-12 9.857676e-12 _16917_
 1.088845e-16 4.946353e-16 9.857061e-12 9.857665e-12 _17285_
 1.955665e-16 1.642631e-15 9.855756e-12 9.857594e-12 _17312_
 8.431791e-16 1.329150e-15 9.855420e-12 9.857593e-12 _16867_
 1.980092e-16 8.103409e-16 9.856584e-12 9.857593e-12 _16889_
 7.623564e-16 3.805052e-15 9.852985e-12 9.857552e-12 _17047_
 8.241390e-16 3.935835e-15 9.852792e-12 9.857552e-12 _17114_
 5.664241e-16 2.990549e-15 9.853921e-12 9.857479e-12 _17324_
 3.018256e-16 1.008533e-15 9.856132e-12 9.857443e-12 _16776_
 8.986038e-16 5.050315e-15 9.851419e-12 9.857368e-12 _17037_
 2.033860e-16 1.002601e-15 9.856107e-12 9.857313e-12 _17377_
 6.357678e-16 2.859621e-15 9.853814e-12 9.857309e-12 _17183_
 1.483205e-15 2.492661e-15 9.853294e-12 9.857270e-12 _31819_
 9.658864e-16 1.490283e-15 9.854776e-12 9.857232e-12 _17344_
 7.650625e-17 2.926060e-16 9.856810e-12 9.857179e-12 _16915_
 8.584441e-16 2.969602e-15 9.853245e-12 9.857073e-12 _17092_
 3.833470e-16 2.640366e-15 9.853989e-12 9.857013e-12 _17155_
 8.813084e-16 4.656279e-15 9.851469e-12 9.857006e-12 _17048_
 3.848951e-16 1.709762e-15 9.854902e-12 9.856996e-12 _17405_
 2.008179e-16 8.500599e-16 9.855932e-12 9.856983e-12 _17236_
 9.011983e-16 1.546667e-15 9.854359e-12 9.856806e-12 _23475_
 5.220284e-16 3.738066e-15 9.852516e-12 9.856777e-12 _17034_
 8.938328e-16 1.747640e-15 9.854098e-12 9.856740e-12 _16949_
 9.632302e-16 2.028558e-15 9.853680e-12 9.856672e-12 _16901_
 4.296995e-16 2.547646e-15 9.853680e-12 9.856658e-12 _17396_
 3.957513e-16 2.323735e-15 9.853921e-12 9.856641e-12 _17294_
 4.262546e-16 2.458248e-15 9.853755e-12 9.856640e-12 _17172_
 9.010731e-16 3.539814e-15 9.852189e-12 9.856629e-12 _17122_
 1.068661e-15 3.316359e-15 9.852223e-12 9.856609e-12 _17113_
 2.092632e-16 9.435165e-16 9.855429e-12 9.856582e-12 _16770_
 3.955779e-16 1.754455e-15 9.854382e-12 9.856532e-12 _25708_
 8.988211e-16 2.987555e-15 9.852641e-12 9.856528e-12 _17206_
 9.308113e-16 3.709946e-15 9.851855e-12 9.856495e-12 _17067_
 1.020514e-15 2.834769e-15 9.852449e-12 9.856304e-12 _17213_
 8.796384e-16 1.389557e-15 9.853998e-12 9.856267e-12 _17085_
 2.377783e-16 9.999440e-16 9.855011e-12 9.856249e-12 _17282_
 4.107530e-16 2.653558e-15 9.853161e-12 9.856225e-12 _16936_
 7.485485e-16 3.779141e-15 9.851653e-12 9.856181e-12 _16884_
 3.726577e-16 2.229211e-15 9.853578e-12 9.856180e-12 _17218_
 1.943236e-16 1.158322e-15 9.854768e-12 9.856120e-12 _16763_
 4.533450e-16 2.647866e-15 9.852993e-12 9.856093e-12 _17008_
 8.102752e-17 5.598985e-16 9.855438e-12 9.856079e-12 _17052_
 9.326803e-16 1.487702e-15 9.853604e-12 9.856025e-12 _16921_
 4.044826e-16 2.475336e-15 9.853068e-12 9.855948e-12 _17304_
 8.160836e-17 3.182741e-16 9.855546e-12 9.855946e-12 _17192_
 8.475471e-16 1.240807e-15 9.853830e-12 9.855919e-12 _17270_
 8.219849e-16 1.229512e-15 9.853805e-12 9.855857e-12 _17029_
 1.782797e-16 1.110096e-15 9.854534e-12 9.855822e-12 _17025_
 1.295316e-16 4.256296e-16 9.855195e-12 9.855750e-12 _26703_
 1.995244e-16 1.303379e-15 9.854182e-12 9.855685e-12 _17016_
 3.449230e-16 2.571821e-15 9.852757e-12 9.855674e-12 _17431_
 3.872309e-16 2.190550e-15 9.853094e-12 9.855672e-12 _17136_
 7.971038e-16 3.525665e-15 9.851335e-12 9.855658e-12 _17035_
 9.397789e-16 2.737772e-15 9.851980e-12 9.855658e-12 _17327_
 8.782037e-16 1.191916e-15 9.853537e-12 9.855608e-12 _17150_
 1.904031e-16 9.333767e-16 9.854399e-12 9.855524e-12 _16772_
 1.990671e-16 1.272991e-15 9.854031e-12 9.855503e-12 _16926_
 9.183616e-16 1.355457e-15 9.853219e-12 9.855493e-12 _17168_
 1.174296e-16 5.032025e-16 9.854868e-12 9.855489e-12 _26177_
 7.641527e-16 2.576011e-15 9.852047e-12 9.855387e-12 _20595_
 2.273859e-16 1.108740e-15 9.854031e-12 9.855367e-12 _16773_
 9.351820e-16 2.872279e-15 9.851360e-12 9.855168e-12 _17239_
 4.913471e-16 2.139557e-15 9.852473e-12 9.855104e-12 _17265_
 1.946331e-16 9.523352e-16 9.853955e-12 9.855102e-12 _17135_
 1.674459e-16 1.324148e-15 9.853595e-12 9.855087e-12 _17342_
 1.152748e-16 5.317332e-16 9.854182e-12 9.854829e-12 _17403_
 3.998238e-16 2.632141e-15 9.851754e-12 9.854786e-12 _17043_
 3.331543e-16 2.207959e-15 9.852081e-12 9.854622e-12 _24764_
 3.454226e-16 1.477609e-15 9.852766e-12 9.854589e-12 _17182_
 8.581527e-16 1.180993e-15 9.852465e-12 9.854504e-12 _17159_
 9.652427e-16 1.479696e-15 9.851988e-12 9.854433e-12 _16940_
 1.986128e-16 8.790931e-16 9.853252e-12 9.854330e-12 _17413_
 3.205566e-16 1.237502e-15 9.852666e-12 9.854224e-12 _16864_
 3.597186e-16 2.042335e-15 9.851562e-12 9.853964e-12 _16906_
 5.630004e-16 3.420752e-15 9.849979e-12 9.853963e-12 _17074_
 1.983724e-16 8.480590e-16 9.852884e-12 9.853930e-12 _17254_
 4.141183e-16 1.633509e-15 9.851855e-12 9.853902e-12 _24716_
 1.299557e-16 5.373876e-16 9.853219e-12 9.853886e-12 _17376_
 4.117706e-16 2.743324e-15 9.850724e-12 9.853880e-12 _17414_
 3.154935e-16 1.386489e-15 9.851503e-12 9.853205e-12 _23082_
 2.894084e-16 1.672321e-15 9.851243e-12 9.853205e-12 _25576_
 3.395982e-16 9.831826e-16 9.851721e-12 9.853044e-12 _25330_
 2.369444e-16 1.404612e-15 9.851335e-12 9.852977e-12 _17007_
 3.716686e-16 2.100859e-15 9.850289e-12 9.852762e-12 _24136_
 9.171437e-17 3.691916e-16 9.852055e-12 9.852516e-12 _17292_
 3.189635e-16 1.937584e-15 9.850096e-12 9.852353e-12 _17387_
 1.898561e-16 6.210965e-16 9.851462e-12 9.852273e-12 _16953_
 1.023835e-16 4.791135e-16 9.851679e-12 9.852260e-12 _17321_
 3.707422e-16 2.689423e-15 9.848965e-12 9.852025e-12 _17255_
 7.257454e-16 4.441608e-15 9.846748e-12 9.851916e-12 _19331_
 7.277071e-16 5.428959e-15 9.845693e-12 9.851849e-12 _18355_
 1.067999e-15 5.751474e-15 9.844897e-12 9.851717e-12 _17356_
 1.001909e-15 4.479672e-15 9.845885e-12 9.851366e-12 _17068_
 9.016957e-16 4.367076e-15 9.846011e-12 9.851280e-12 _17362_
 7.385021e-16 4.254442e-15 9.846212e-12 9.851205e-12 _20016_
 7.943536e-16 6.020407e-15 9.844361e-12 9.851176e-12 _17069_
 1.992260e-16 1.561280e-15 9.849285e-12 9.851045e-12 _16871_
 1.813044e-16 1.263370e-15 9.849385e-12 9.850830e-12 _17303_
 6.415468e-17 2.503620e-16 9.850490e-12 9.850805e-12 _25229_
 3.145076e-16 1.217317e-15 9.849184e-12 9.850716e-12 _24269_
 7.391307e-16 4.938548e-15 9.845022e-12 9.850700e-12 _20039_
 5.014454e-16 2.790650e-15 9.847376e-12 9.850668e-12 _17360_
 1.856123e-16 9.021838e-16 9.849116e-12 9.850204e-12 _17062_
 1.866078e-16 8.835286e-16 9.849108e-12 9.850178e-12 _17421_
 8.531817e-16 3.694288e-15 9.845425e-12 9.849972e-12 _17076_
 2.164897e-16 8.296866e-16 9.848648e-12 9.849694e-12 _17422_
 8.062366e-16 8.889501e-16 9.847965e-12 9.849660e-12 _19359_
 8.091100e-17 3.957088e-16 9.849108e-12 9.849585e-12 _17412_
 2.622775e-16 8.547366e-16 9.848430e-12 9.849547e-12 _17189_
 1.741686e-16 1.263647e-15 9.847919e-12 9.849357e-12 _17053_
 1.876324e-16 3.216731e-16 9.848807e-12 9.849316e-12 _17404_
 8.301677e-16 7.672783e-16 9.847648e-12 9.849246e-12 _21897_
 8.243681e-16 6.319495e-15 9.842101e-12 9.849245e-12 _17361_
 8.210485e-17 4.080171e-16 9.848690e-12 9.849180e-12 _16888_
 3.997607e-16 3.027034e-15 9.845685e-12 9.849112e-12 _17423_
 7.800799e-16 2.852588e-15 9.844856e-12 9.848488e-12 _19136_
 7.412937e-16 3.651532e-15 9.842930e-12 9.847323e-12 _19920_
 3.378320e-16 2.496434e-15 9.844420e-12 9.847255e-12 _17210_
 8.162702e-16 4.349923e-15 9.841808e-12 9.846974e-12 _16829_
 4.769583e-17 1.883420e-16 9.846697e-12 9.846933e-12 _17153_
 9.864234e-17 4.767482e-16 9.846346e-12 9.846921e-12 _17220_
 7.578488e-16 8.571576e-16 9.845162e-12 9.846777e-12 _21707_
 1.164517e-15 1.964676e-15 9.843642e-12 9.846771e-12 _27067_
 8.297997e-16 7.423600e-16 9.844902e-12 9.846474e-12 _22747_
 7.288425e-17 3.296192e-16 9.845919e-12 9.846322e-12 _17366_
 8.678730e-16 3.619639e-15 9.841666e-12 9.846153e-12 _28595_
 1.668378e-16 1.245437e-15 9.844729e-12 9.846141e-12 _16863_
 1.148719e-15 1.780885e-15 9.842981e-12 9.845911e-12 _31222_
 1.055110e-15 1.769366e-15 9.842922e-12 9.845746e-12 _31536_
 1.037407e-15 3.087763e-15 9.841314e-12 9.845440e-12 _30912_
 8.589559e-17 3.396110e-16 9.844831e-12 9.845257e-12 _17329_
 8.702169e-16 1.940033e-15 9.842403e-12 9.845213e-12 _27828_
 8.278201e-16 3.390532e-15 9.840745e-12 9.844963e-12 _30508_
 8.503899e-16 9.882831e-16 9.843077e-12 9.844916e-12 _20342_
 9.666795e-16 2.997830e-15 9.840578e-12 9.844543e-12 _30813_
 1.011555e-15 2.218575e-15 9.841248e-12 9.844478e-12 _28698_
 8.153214e-16 7.854744e-16 9.842859e-12 9.844460e-12 _21771_
 1.053460e-15 1.707499e-15 9.841322e-12 9.844083e-12 _31849_
 7.920481e-16 6.095582e-15 9.837154e-12 9.844041e-12 _16828_
 7.959327e-16 1.657764e-15 9.841532e-12 9.843986e-12 _29117_
 7.354564e-16 6.566502e-16 9.842340e-12 9.843732e-12 _20702_
 7.081646e-16 1.676141e-15 9.841289e-12 9.843674e-12 _19593_
 8.622441e-16 1.906286e-15 9.840808e-12 9.843576e-12 _17811_
 7.381555e-16 4.797584e-15 9.837941e-12 9.843477e-12 _22377_
 9.988325e-17 1.830429e-16 9.843123e-12 9.843406e-12 _24836_
 9.134104e-16 3.256760e-15 9.839138e-12 9.843308e-12 _27940_
 6.784493e-17 3.184633e-16 9.842779e-12 9.843165e-12 _17147_
 8.337342e-16 9.687985e-16 9.841268e-12 9.843071e-12 _22621_
 8.023069e-16 5.748526e-15 9.836368e-12 9.842919e-12 _20694_
 8.492336e-16 9.542104e-16 9.841101e-12 9.842904e-12 _20191_
 2.707390e-16 7.592636e-16 9.841792e-12 9.842823e-12 _24222_
 8.440068e-16 8.277805e-16 9.841135e-12 9.842806e-12 _22284_
 7.423918e-16 7.371806e-16 9.841185e-12 9.842665e-12 _21139_
 8.069117e-16 9.956626e-16 9.840515e-12 9.842317e-12 _22588_
 7.966040e-16 1.710987e-15 9.839774e-12 9.842282e-12 _32371_
 8.010711e-16 7.650998e-16 9.840615e-12 9.842182e-12 _21588_
 7.363769e-17 3.095975e-16 9.841523e-12 9.841907e-12 _17340_
 7.957391e-16 7.140281e-16 9.840323e-12 9.841833e-12 _20212_
 8.434411e-16 9.605877e-16 9.839795e-12 9.841599e-12 _20162_
 8.100266e-16 9.409971e-16 9.839829e-12 9.841580e-12 _21424_
 8.458398e-16 1.349341e-15 9.839360e-12 9.841556e-12 _20709_
 8.303863e-16 8.956686e-16 9.839803e-12 9.841530e-12 _21340_
 7.784999e-16 6.571394e-16 9.839812e-12 9.841248e-12 _21486_
 8.783962e-16 8.437070e-16 9.839460e-12 9.841182e-12 _20629_
 8.031221e-16 2.318493e-15 9.838042e-12 9.841163e-12 _30397_
 1.374181e-16 4.850831e-16 9.840494e-12 9.841117e-12 _17042_
 8.085193e-16 1.802336e-15 9.838356e-12 9.840967e-12 _20942_
 7.685458e-16 9.390105e-16 9.839251e-12 9.840959e-12 _22841_
 8.395512e-16 8.119130e-16 9.838949e-12 9.840601e-12 _20326_
 9.535840e-17 4.862677e-16 9.840017e-12 9.840599e-12 _23896_
 8.268433e-16 9.261149e-16 9.838824e-12 9.840577e-12 _19981_
 8.344743e-16 9.214390e-16 9.838614e-12 9.840370e-12 _19946_
 3.047230e-16 8.235876e-16 9.838987e-12 9.840116e-12 _26137_
 2.755357e-16 8.828418e-16 9.838829e-12 9.839987e-12 _24042_
 8.457898e-16 1.453589e-15 9.837568e-12 9.839868e-12 _20771_
 8.476500e-16 9.224944e-16 9.838096e-12 9.839866e-12 _22922_
 2.491503e-16 6.540536e-16 9.838811e-12 9.839714e-12 _23807_
 8.412850e-16 7.761258e-16 9.838063e-12 9.839680e-12 _21169_
 8.122218e-16 1.244745e-15 9.837552e-12 9.839609e-12 _21003_
 8.658657e-16 1.353213e-15 9.837351e-12 9.839569e-12 _20601_
 8.584087e-16 7.610216e-16 9.837929e-12 9.839548e-12 _22218_
 8.354907e-16 1.014471e-15 9.837627e-12 9.839477e-12 _21847_
 8.130776e-16 8.737202e-16 9.837778e-12 9.839465e-12 _19490_
 7.906788e-16 1.549156e-15 9.837015e-12 9.839355e-12 _20318_
 8.253064e-16 7.438590e-16 9.837727e-12 9.839296e-12 _17616_
 7.936386e-16 1.703642e-15 9.836731e-12 9.839228e-12 _22797_
 8.487029e-16 1.081778e-15 9.837049e-12 9.838979e-12 _20901_
 7.044874e-17 2.735757e-16 9.838469e-12 9.838813e-12 _17126_
 1.556063e-16 1.002019e-15 9.837589e-12 9.838747e-12 _17209_
 7.517076e-16 7.252747e-16 9.837008e-12 9.838485e-12 _22727_
 1.422010e-16 6.440459e-16 9.837673e-12 9.838459e-12 _17211_
 9.462226e-17 4.043391e-16 9.837832e-12 9.838331e-12 _16880_
 6.849544e-17 6.218924e-16 9.837564e-12 9.838254e-12 _17302_
 9.445895e-17 4.426403e-16 9.837530e-12 9.838067e-12 _17202_
 8.288241e-16 9.638369e-16 9.836262e-12 9.838055e-12 _22857_
 8.018272e-16 1.155049e-15 9.836061e-12 9.838018e-12 _22114_
 6.708879e-16 1.605342e-15 9.835739e-12 9.838015e-12 _18599_
 7.958274e-16 7.449849e-16 9.836363e-12 9.837903e-12 _20466_
 1.452277e-16 2.290985e-16 9.837506e-12 9.837881e-12 _25320_
 8.219111e-16 1.203674e-15 9.835835e-12 9.837861e-12 _17691_
 7.495792e-16 1.029790e-15 9.835710e-12 9.837488e-12 _20620_
 7.494951e-16 1.184341e-15 9.835459e-12 9.837393e-12 _21683_
 8.025998e-16 1.462534e-15 9.835090e-12 9.837356e-12 _22700_
 7.695473e-16 2.050375e-15 9.834404e-12 9.837224e-12 _22903_
 7.449094e-16 1.134723e-15 9.835182e-12 9.837062e-12 _19718_
 3.324305e-16 1.479050e-15 9.835179e-12 9.836990e-12 _17033_
 7.647496e-16 7.974112e-16 9.835391e-12 9.836953e-12 _22435_
 5.426756e-17 1.046965e-16 9.836652e-12 9.836811e-12 _25156_
 7.609070e-16 9.691114e-16 9.834781e-12 9.836511e-12 _22026_
 7.987585e-16 7.539046e-16 9.834939e-12 9.836492e-12 _19897_
 7.294705e-16 2.443476e-15 9.833185e-12 9.836358e-12 _16826_
 7.780780e-16 1.028366e-15 9.834529e-12 9.836336e-12 _18365_
 7.810992e-16 9.444718e-16 9.834454e-12 9.836179e-12 _22538_
 7.465908e-16 6.888427e-16 9.834387e-12 9.835822e-12 _19728_
 7.698393e-16 8.999349e-16 9.833960e-12 9.835630e-12 _19748_
 7.790520e-16 7.246211e-16 9.834002e-12 9.835506e-12 _20485_
 8.052897e-16 7.166233e-16 9.833785e-12 9.835307e-12 _22709_
 7.200367e-16 3.476429e-15 9.831034e-12 9.835230e-12 _18333_
 7.940689e-16 7.881564e-16 9.833424e-12 9.835006e-12 _19614_
 7.154186e-16 4.231315e-15 9.829921e-12 9.834867e-12 _21574_
 7.688796e-16 7.872074e-16 9.832671e-12 9.834227e-12 _22253_
 7.053415e-16 3.859277e-15 9.829577e-12 9.834142e-12 _20313_
 7.667933e-16 7.547412e-16 9.832579e-12 9.834101e-12 _21541_
 7.477604e-16 7.012399e-16 9.832051e-12 9.833500e-12 _20527_
 7.267252e-16 6.584203e-16 9.831507e-12 9.832892e-12 _19105_
 6.763282e-16 9.516984e-16 9.830947e-12 9.832575e-12 _21627_
 7.490492e-16 8.253345e-16 9.830485e-12 9.832060e-12 _20590_
 8.020365e-17 4.237103e-16 9.831445e-12 9.831949e-12 _17041_
 2.438221e-16 1.235414e-15 9.829811e-12 9.831290e-12 _26696_
 7.331011e-16 3.138587e-15 9.827326e-12 9.831197e-12 _26965_
 8.120606e-16 2.820399e-15 9.827326e-12 9.830958e-12 _31953_
 6.846730e-16 2.060591e-15 9.827693e-12 9.830439e-12 _21133_
 6.892884e-16 1.024688e-15 9.828653e-12 9.830367e-12 _22246_
 2.361078e-16 3.397237e-16 9.829694e-12 9.830270e-12 _26709_
 6.886409e-16 7.511146e-16 9.828367e-12 9.829807e-12 _19343_
 7.140121e-16 1.618582e-15 9.826806e-12 9.829138e-12 _31428_
 6.469735e-16 1.442501e-15 9.826530e-12 9.828620e-12 _18655_
 8.019021e-18 5.124395e-17 9.827937e-12 9.827996e-12 _16756_
 4.506043e-16 7.168164e-16 9.826823e-12 9.827991e-12 _32404_
 5.805933e-17 2.180885e-16 9.827644e-12 9.827920e-12 _16934_
 5.735731e-17 3.880143e-16 9.827108e-12 9.827553e-12 _17358_
 5.484690e-16 1.711641e-15 9.825057e-12 9.827317e-12 _22009_
 7.039774e-16 2.226662e-15 9.824086e-12 9.827017e-12 _32053_
 6.638659e-16 2.457312e-15 9.823809e-12 9.826930e-12 _29976_
 4.304949e-16 8.570040e-16 9.825391e-12 9.826679e-12 _30848_
 5.575918e-16 1.599133e-15 9.824403e-12 9.826561e-12 _21326_
 7.751483e-16 1.426619e-15 9.824027e-12 9.826228e-12 _31019_
 7.108881e-16 1.211831e-15 9.824220e-12 9.826143e-12 _32789_
 1.582896e-16 6.628273e-16 9.825274e-12 9.826096e-12 _17032_
 6.356360e-17 2.917975e-16 9.825274e-12 9.825630e-12 _25779_
 6.271974e-16 1.138782e-15 9.822863e-12 9.824629e-12 _26854_
 5.767936e-16 1.860354e-15 9.821968e-12 9.824405e-12 _33315_
 7.007438e-17 3.250716e-16 9.822437e-12 9.822833e-12 _24936_
 1.465749e-16 7.615484e-16 9.821767e-12 9.822675e-12 _24024_
 4.351616e-16 1.462694e-15 9.820586e-12 9.822484e-12 _22561_
 3.522004e-16 7.310273e-16 9.820561e-12 9.821644e-12 _31883_
 5.708144e-16 1.051144e-15 9.819683e-12 9.821305e-12 _29863_
 7.935448e-17 4.365177e-16 9.819984e-12 9.820500e-12 _23498_
 3.030224e-16 1.984286e-15 9.816760e-12 9.819047e-12 _20332_
 4.932373e-17 2.387218e-16 9.818636e-12 9.818924e-12 _24584_
 1.273632e-16 7.595099e-16 9.817079e-12 9.817965e-12 _26121_
 2.838539e-17 1.149796e-16 9.817765e-12 9.817908e-12 _17117_
 1.510980e-17 8.703361e-17 9.817145e-12 9.817248e-12 _17357_
 1.292123e-16 5.404569e-16 9.812014e-12 9.812684e-12 _16803_
 6.388900e-17 4.612470e-16 9.811653e-12 9.812178e-12 _16778_
 6.453392e-17 1.057784e-16 9.811553e-12 9.811723e-12 _16794_
 1.307196e-17 7.986316e-17 9.811035e-12 9.811128e-12 _24844_
 1.434846e-17 3.110001e-17 9.810959e-12 9.811004e-12 _28077_
 7.238749e-19 2.946403e-18 9.810883e-12 9.810886e-12 _25996_
 1.203815e-17 7.123619e-17 9.810750e-12 9.810834e-12 _16790_
 1.783943e-17 1.203027e-16 9.810691e-12 9.810829e-12 _16810_
 4.086296e-18 2.497386e-17 9.810732e-12 9.810762e-12 _25022_
 4.624204e-19 4.287898e-19 9.810754e-12 9.810755e-12 _23351_
 8.635360e-18 1.822412e-17 9.810724e-12 9.810751e-12 _16798_
 6.233908e-18 2.894533e-17 9.810708e-12 9.810743e-12 _16782_
 7.126839e-18 3.470612e-17 9.810684e-12 9.810725e-12 _16789_
 3.223312e-18 1.867094e-17 9.810684e-12 9.810705e-12 _16783_
 9.685095e-18 1.739657e-17 9.810657e-12 9.810684e-12 _16805_
 6.128038e-18 3.975445e-17 9.810615e-12 9.810661e-12 _16804_
 5.070339e-18 1.768197e-17 9.810624e-12 9.810646e-12 _16785_
 3.237010e-18 1.925029e-17 9.810615e-12 9.810638e-12 _16799_
 4.895275e-18 8.072646e-18 9.810624e-12 9.810637e-12 _16788_
 1.237911e-18 6.740887e-18 9.810607e-12 9.810615e-12 _16781_
 3.159933e-18 1.221951e-17 9.810599e-12 9.810615e-12 _16801_
 2.148511e-18 4.817283e-18 9.810607e-12 9.810614e-12 _16786_
 2.188174e-18 1.535301e-17 9.810591e-12 9.810608e-12 _16793_
 2.169257e-18 1.153845e-17 9.810591e-12 9.810605e-12 _16795_
 1.211748e-18 7.323362e-18 9.810574e-12 9.810583e-12 _26130_
 2.132767e-18 6.582665e-18 9.810566e-12 9.810574e-12 _16809_
 2.106859e-18 4.863369e-18 9.810557e-12 9.810564e-12 _16807_
 1.198369e-18 4.114311e-18 9.810557e-12 9.810562e-12 _16797_
 1.178732e-18 1.919096e-18 9.810557e-12 9.810560e-12 _16796_
 2.473566e-19 1.343991e-18 9.810540e-12 9.810542e-12 _16777_
 2.468101e-19 1.650030e-18 9.810540e-12 9.810542e-12 _16780_
 2.510576e-19 1.208511e-18 9.810540e-12 9.810542e-12 _16800_
 2.396171e-19 1.076212e-18 9.810540e-12 9.810542e-12 _16806_
 2.497206e-19 1.320969e-18 9.810540e-12 9.810542e-12 _16813_
 2.480095e-19 1.239119e-18 9.810540e-12 9.810542e-12 _16816_
 2.436888e-19 1.503968e-18 9.810540e-12 9.810542e-12 _16818_
 2.418759e-19 1.300266e-18 9.810540e-12 9.810542e-12 _16820_
 2.483729e-19 9.309575e-19 9.810540e-12 9.810541e-12 _16779_
 2.350081e-19 4.193560e-19 9.810540e-12 9.810541e-12 _16784_
 2.387515e-19 5.115709e-19 9.810540e-12 9.810541e-12 _16787_
 2.352522e-19 3.662697e-19 9.810540e-12 9.810541e-12 _16792_
 2.344808e-19 3.234291e-19 9.810540e-12 9.810541e-12 _16802_
 2.476898e-19 8.447642e-19 9.810540e-12 9.810541e-12 _16812_
 2.465670e-19 7.132830e-19 9.810540e-12 9.810541e-12 _16814_
 2.449125e-19 8.912194e-19 9.810540e-12 9.810541e-12 _16815_
 2.482539e-19 9.225778e-19 9.810540e-12 9.810541e-12 _16817_
 2.354274e-19 7.350890e-19 9.810540e-12 9.810541e-12 _16819_
 2.325736e-19 3.870513e-19 9.810540e-12 9.810541e-12 _24456_
 2.368984e-19 9.256787e-19 9.810540e-12 9.810541e-12 _27749_
