     Internal    Switching      Leakage        Total
        Power        Power        Power        Power (Watts)
----------------------------------------------------
 8.695566e-07 2.995190e-07 1.232310e-11 1.169088e-06 clkbuf_0_clk
 8.448930e-07 1.522494e-07 1.232310e-11 9.971546e-07 clkbuf_1_1__f_clk
 8.388362e-07 9.470459e-08 1.232310e-11 9.335531e-07 clkbuf_1_0__f_clk
 1.353800e-07 2.571386e-10 9.134014e-12 1.356463e-07 u_icg
 2.703297e-08 0.000000e+00 1.567550e-12 2.703453e-08 clkload0
 9.706275e-11 9.637250e-10 1.047900e-11 1.071267e-09 clkbuf_0_core_clk
 4.823438e-11 4.992252e-10 6.865734e-12 5.543253e-10 clkbuf_2_3_0_core_clk
 4.811930e-11 4.828997e-10 6.865734e-12 5.378847e-10 clkbuf_2_2_0_core_clk
 4.827617e-11 4.712700e-10 6.865734e-12 5.264119e-10 clkbuf_2_1_0_core_clk
 9.703998e-11 3.586484e-10 1.047900e-11 4.661674e-10 clkbuf_5_16__f_core_clk
 4.822114e-11 4.029481e-10 6.865734e-12 4.580349e-10 clkbuf_2_0_0_core_clk
 9.722101e-11 3.491134e-10 1.047900e-11 4.568134e-10 clkbuf_5_13__f_core_clk
 9.749167e-11 3.162887e-10 1.047900e-11 4.242594e-10 clkbuf_5_5__f_core_clk
 9.715714e-11 3.160124e-10 1.047900e-11 4.236486e-10 clkbuf_5_15__f_core_clk
 9.714925e-11 3.107925e-10 1.047900e-11 4.184208e-10 clkbuf_5_14__f_core_clk
 9.695256e-11 3.098564e-10 1.047900e-11 4.172880e-10 clkbuf_5_17__f_core_clk
 9.698652e-11 3.025198e-10 1.047900e-11 4.099854e-10 clkbuf_5_26__f_core_clk
 9.712317e-11 2.944962e-10 1.047900e-11 4.020984e-10 clkbuf_5_12__f_core_clk
 9.688812e-11 2.927659e-10 1.047900e-11 4.001330e-10 clkbuf_5_18__f_core_clk
 9.697192e-11 2.887039e-10 1.047900e-11 3.961549e-10 clkbuf_5_25__f_core_clk
 9.695168e-11 2.869308e-10 1.047900e-11 3.943615e-10 clkbuf_5_24__f_core_clk
 9.697564e-11 2.812905e-10 1.047900e-11 3.887452e-10 clkbuf_5_23__f_core_clk
 9.693969e-11 2.767856e-10 1.047900e-11 3.842043e-10 clkbuf_5_27__f_core_clk
 9.743715e-11 2.746557e-10 1.047900e-11 3.825719e-10 clkbuf_5_7__f_core_clk
 9.743065e-11 2.715191e-10 1.047900e-11 3.794287e-10 clkbuf_5_6__f_core_clk
 9.700431e-11 2.710484e-10 1.047900e-11 3.785318e-10 clkbuf_5_19__f_core_clk
 9.694782e-11 2.686737e-10 1.047900e-11 3.761006e-10 clkbuf_5_22__f_core_clk
 9.738844e-11 2.664871e-10 1.047900e-11 3.743545e-10 clkbuf_5_4__f_core_clk
 9.690028e-11 2.635485e-10 1.047900e-11 3.709277e-10 clkbuf_5_28__f_core_clk
 9.688889e-11 2.619990e-10 1.047900e-11 3.693668e-10 clkbuf_5_20__f_core_clk
 9.689582e-11 2.618545e-10 1.047900e-11 3.692293e-10 clkbuf_5_29__f_core_clk
 9.701374e-11 2.597349e-10 1.047900e-11 3.672276e-10 clkbuf_5_10__f_core_clk
 9.738346e-11 2.582665e-10 1.047900e-11 3.661290e-10 clkbuf_5_3__f_core_clk
 9.688799e-11 2.569355e-10 1.047900e-11 3.643025e-10 clkbuf_5_31__f_core_clk
 9.699793e-11 2.544309e-10 1.047900e-11 3.619079e-10 clkbuf_5_8__f_core_clk
 9.687962e-11 2.525832e-10 1.047900e-11 3.599419e-10 clkbuf_5_30__f_core_clk
 9.735550e-11 2.463451e-10 1.047900e-11 3.541796e-10 clkbuf_5_2__f_core_clk
 9.734647e-11 2.447578e-10 1.047900e-11 3.525833e-10 clkbuf_5_0__f_core_clk
 9.695755e-11 2.373101e-10 1.047900e-11 3.447466e-10 clkbuf_5_9__f_core_clk
 9.695934e-11 2.268478e-10 1.047900e-11 3.342862e-10 clkbuf_5_11__f_core_clk
 9.684041e-11 2.244722e-10 1.047900e-11 3.317916e-10 clkbuf_5_21__f_core_clk
 9.728705e-11 2.201152e-10 1.047900e-11 3.278812e-10 clkbuf_5_1__f_core_clk
 4.970152e-11 1.142786e-10 6.865734e-12 1.708459e-10 clkbuf_leaf_1_core_clk
 4.960439e-11 1.106673e-10 6.865734e-12 1.671374e-10 clkbuf_leaf_0_core_clk
 4.956915e-11 1.093194e-10 6.865734e-12 1.657543e-10 clkbuf_leaf_2_core_clk
 4.945847e-11 1.051819e-10 6.865734e-12 1.615061e-10 clkbuf_leaf_9_core_clk
 4.940083e-11 1.030206e-10 6.865734e-12 1.592872e-10 clkbuf_leaf_10_core_clk
 4.937820e-11 1.021767e-10 6.865734e-12 1.584206e-10 clkbuf_leaf_3_core_clk
 4.920162e-11 9.555975e-11 6.865734e-12 1.516271e-10 clkbuf_leaf_4_core_clk
 1.855022e-11 1.135241e-10 1.416731e-11 1.462416e-10 fanout590
 4.895297e-11 8.627132e-11 6.865734e-12 1.420900e-10 clkbuf_leaf_388_core_clk
 4.872584e-11 8.220176e-11 6.865734e-12 1.377933e-10 clkbuf_leaf_371_core_clk
 4.874982e-11 7.863694e-11 6.865734e-12 1.342525e-10 clkbuf_leaf_5_core_clk
 4.874337e-11 7.840704e-11 6.865734e-12 1.340161e-10 clkbuf_leaf_387_core_clk
 4.871871e-11 7.834326e-11 6.865734e-12 1.339277e-10 clkbuf_leaf_107_core_clk
 4.859373e-11 7.810902e-11 6.865734e-12 1.335685e-10 clkbuf_leaf_207_core_clk
 4.869812e-11 7.758860e-11 6.865734e-12 1.331524e-10 clkbuf_leaf_105_core_clk
 1.881116e-11 1.024610e-10 1.047887e-11 1.317511e-10 fanout595
 4.824514e-11 7.519280e-11 6.865734e-12 1.303037e-10 clkbuf_leaf_26_core_clk
 4.811637e-11 7.488954e-11 6.865734e-12 1.298716e-10 clkbuf_leaf_67_core_clk
 4.844411e-11 7.240768e-11 6.865734e-12 1.277175e-10 clkbuf_leaf_203_core_clk
 4.824511e-11 7.219150e-11 6.865734e-12 1.273023e-10 clkbuf_leaf_224_core_clk
 4.832526e-11 7.209072e-11 6.865734e-12 1.272817e-10 clkbuf_leaf_209_core_clk
 4.845999e-11 7.188381e-11 6.865734e-12 1.272095e-10 clkbuf_leaf_373_core_clk
 4.844228e-11 7.116754e-11 6.865734e-12 1.264756e-10 clkbuf_leaf_365_core_clk
 4.840582e-11 7.084257e-11 6.865734e-12 1.261141e-10 clkbuf_leaf_208_core_clk
 4.816080e-11 7.088390e-11 6.865734e-12 1.259104e-10 clkbuf_leaf_25_core_clk
 4.829672e-11 7.069927e-11 6.865734e-12 1.258617e-10 clkbuf_leaf_205_core_clk
 4.842369e-11 7.037904e-11 6.865734e-12 1.256685e-10 clkbuf_leaf_363_core_clk
 4.840334e-11 6.973443e-11 6.865734e-12 1.250035e-10 clkbuf_leaf_359_core_clk
 4.832799e-11 6.980433e-11 6.865734e-12 1.249981e-10 clkbuf_leaf_17_core_clk
 4.837660e-11 6.974610e-11 6.865734e-12 1.249884e-10 clkbuf_leaf_180_core_clk
 4.800960e-11 7.000394e-11 6.865734e-12 1.248793e-10 clkbuf_leaf_71_core_clk
 4.823169e-11 6.831375e-11 6.865734e-12 1.234112e-10 clkbuf_leaf_210_core_clk
 4.835569e-11 6.787310e-11 6.865734e-12 1.230945e-10 clkbuf_leaf_368_core_clk
 4.843714e-11 6.775486e-11 6.865734e-12 1.230577e-10 clkbuf_leaf_100_core_clk
 4.804528e-11 6.793820e-11 6.865734e-12 1.228492e-10 clkbuf_leaf_29_core_clk
 4.828080e-11 6.733063e-11 6.865734e-12 1.224772e-10 clkbuf_leaf_161_core_clk
 4.820437e-11 6.707776e-11 6.865734e-12 1.221479e-10 clkbuf_leaf_216_core_clk
 4.819878e-11 6.682120e-11 6.865734e-12 1.218857e-10 clkbuf_leaf_206_core_clk
 4.839486e-11 6.645370e-11 6.865734e-12 1.217143e-10 clkbuf_leaf_304_core_clk
 4.828984e-11 6.637611e-11 6.865734e-12 1.215317e-10 clkbuf_leaf_198_core_clk
 4.820040e-11 6.642954e-11 6.865734e-12 1.214957e-10 clkbuf_leaf_213_core_clk
 4.831235e-11 6.617667e-11 6.865734e-12 1.213548e-10 clkbuf_leaf_366_core_clk
 4.805033e-11 6.633973e-11 6.865734e-12 1.212558e-10 clkbuf_leaf_24_core_clk
 4.827866e-11 6.597163e-11 6.865734e-12 1.211160e-10 clkbuf_leaf_184_core_clk
 4.817615e-11 6.602165e-11 6.865734e-12 1.210635e-10 clkbuf_leaf_212_core_clk
 4.827429e-11 6.569024e-11 6.865734e-12 1.208303e-10 clkbuf_leaf_200_core_clk
 4.819467e-11 6.559078e-11 6.865734e-12 1.206512e-10 clkbuf_leaf_11_core_clk
 4.825088e-11 6.546615e-11 6.865734e-12 1.205828e-10 clkbuf_leaf_356_core_clk
 4.829133e-11 6.541868e-11 6.865734e-12 1.205757e-10 clkbuf_leaf_360_core_clk
 4.828869e-11 6.535511e-11 6.865734e-12 1.205095e-10 clkbuf_leaf_370_core_clk
 4.836929e-11 6.519814e-11 6.865734e-12 1.204332e-10 clkbuf_leaf_101_core_clk
 4.802314e-11 6.554290e-11 6.865734e-12 1.204318e-10 clkbuf_leaf_32_core_clk
 4.822989e-11 6.528024e-11 6.865734e-12 1.203759e-10 clkbuf_leaf_167_core_clk
 4.799593e-11 6.455705e-11 6.865734e-12 1.194187e-10 clkbuf_leaf_263_core_clk
 4.823250e-11 6.410494e-11 6.865734e-12 1.192032e-10 clkbuf_leaf_192_core_clk
 4.822171e-11 6.373102e-11 6.865734e-12 1.188185e-10 clkbuf_leaf_201_core_clk
 4.813128e-11 6.367257e-11 6.865734e-12 1.186696e-10 clkbuf_leaf_215_core_clk
 4.802271e-11 6.357972e-11 6.865734e-12 1.184682e-10 clkbuf_leaf_225_core_clk
 4.821265e-11 6.337584e-11 6.865734e-12 1.184542e-10 clkbuf_leaf_199_core_clk
 4.823414e-11 6.314883e-11 6.865734e-12 1.182487e-10 clkbuf_leaf_364_core_clk
 4.818752e-11 6.301330e-11 6.865734e-12 1.180666e-10 clkbuf_leaf_357_core_clk
 4.819089e-11 6.251961e-11 6.865734e-12 1.175762e-10 clkbuf_leaf_181_core_clk
 4.828262e-11 6.223280e-11 6.865734e-12 1.173812e-10 clkbuf_leaf_291_core_clk
 4.820740e-11 6.217463e-11 6.865734e-12 1.172478e-10 clkbuf_leaf_361_core_clk
 4.815105e-11 6.219460e-11 6.865734e-12 1.172114e-10 clkbuf_leaf_173_core_clk
 4.794680e-11 6.238290e-11 6.865734e-12 1.171954e-10 clkbuf_leaf_261_core_clk
 4.783218e-11 6.237616e-11 6.865734e-12 1.170741e-10 clkbuf_leaf_69_core_clk
 4.813762e-11 6.173669e-11 6.865734e-12 1.167400e-10 clkbuf_leaf_163_core_clk
 4.819291e-11 6.165484e-11 6.865734e-12 1.167135e-10 clkbuf_leaf_369_core_clk
 4.806695e-11 6.162409e-11 6.865734e-12 1.165568e-10 clkbuf_leaf_117_core_clk
 4.825507e-11 6.114068e-11 6.865734e-12 1.162615e-10 clkbuf_leaf_303_core_clk
 4.814037e-11 6.119318e-11 6.865734e-12 1.161993e-10 clkbuf_leaf_358_core_clk
 4.825085e-11 6.103763e-11 6.865734e-12 1.161542e-10 clkbuf_leaf_290_core_clk
 4.820762e-11 6.098567e-11 6.865734e-12 1.160590e-10 clkbuf_leaf_309_core_clk
 4.793005e-11 6.111661e-11 6.865734e-12 1.159124e-10 clkbuf_leaf_268_core_clk
 4.811470e-11 6.071738e-11 6.865734e-12 1.156978e-10 clkbuf_leaf_169_core_clk
 4.812904e-11 6.060120e-11 6.865734e-12 1.155960e-10 clkbuf_leaf_183_core_clk
 4.804628e-11 6.067698e-11 6.865734e-12 1.155890e-10 clkbuf_leaf_204_core_clk
 4.816573e-11 6.045969e-11 6.865734e-12 1.154912e-10 clkbuf_leaf_367_core_clk
 4.807916e-11 6.035877e-11 6.865734e-12 1.153037e-10 clkbuf_leaf_21_core_clk
 4.810004e-11 6.013962e-11 6.865734e-12 1.151054e-10 clkbuf_leaf_170_core_clk
 4.812035e-11 5.979291e-11 6.865734e-12 1.147790e-10 clkbuf_leaf_320_core_clk
 4.802850e-11 5.984573e-11 6.865734e-12 1.147400e-10 clkbuf_leaf_218_core_clk
 4.808259e-11 5.956531e-11 6.865734e-12 1.145136e-10 clkbuf_leaf_162_core_clk
 4.802062e-11 5.940737e-11 6.865734e-12 1.142937e-10 clkbuf_leaf_217_core_clk
 4.792922e-11 5.935614e-11 6.865734e-12 1.141511e-10 clkbuf_leaf_223_core_clk
 4.792755e-11 5.930467e-11 6.865734e-12 1.140980e-10 clkbuf_leaf_233_core_clk
 4.788357e-11 5.922620e-11 6.865734e-12 1.139755e-10 clkbuf_leaf_267_core_clk
 4.819993e-11 5.881475e-11 6.865734e-12 1.138804e-10 clkbuf_leaf_106_core_clk
 4.819939e-11 5.880260e-11 6.865734e-12 1.138677e-10 clkbuf_leaf_102_core_clk
 4.785019e-11 5.897399e-11 6.865734e-12 1.136899e-10 clkbuf_leaf_28_core_clk
 4.809039e-11 5.859027e-11 6.865734e-12 1.135464e-10 clkbuf_leaf_193_core_clk
 4.802151e-11 5.865755e-11 6.865734e-12 1.135448e-10 clkbuf_leaf_13_core_clk
 4.786591e-11 5.848744e-11 6.865734e-12 1.132191e-10 clkbuf_leaf_277_core_clk
 4.806276e-11 5.811315e-11 6.865734e-12 1.130416e-10 clkbuf_leaf_187_core_clk
 4.787495e-11 5.825277e-11 6.865734e-12 1.129935e-10 clkbuf_leaf_276_core_clk
 4.804561e-11 5.803895e-11 6.865734e-12 1.129503e-10 clkbuf_leaf_171_core_clk
 4.803857e-11 5.798867e-11 6.865734e-12 1.128930e-10 clkbuf_leaf_93_core_clk
 4.806797e-11 5.779638e-11 6.865734e-12 1.127301e-10 clkbuf_leaf_179_core_clk
 4.805404e-11 5.768946e-11 6.865734e-12 1.126092e-10 clkbuf_leaf_191_core_clk
 4.804785e-11 5.758410e-11 6.865734e-12 1.124977e-10 clkbuf_leaf_313_core_clk
 4.802968e-11 5.750913e-11 6.865734e-12 1.124046e-10 clkbuf_leaf_165_core_clk
 4.799777e-11 5.743968e-11 6.865734e-12 1.123032e-10 clkbuf_leaf_18_core_clk
 4.804152e-11 5.733074e-11 6.865734e-12 1.122380e-10 clkbuf_leaf_185_core_clk
 4.784128e-11 5.747226e-11 6.865734e-12 1.121793e-10 clkbuf_leaf_270_core_clk
 4.783159e-11 5.732010e-11 6.865734e-12 1.120174e-10 clkbuf_leaf_91_core_clk
 4.783746e-11 5.696898e-11 6.865734e-12 1.116722e-10 clkbuf_leaf_78_core_clk
 4.781123e-11 5.684244e-11 6.865734e-12 1.115194e-10 clkbuf_leaf_265_core_clk
 4.782073e-11 5.670523e-11 6.865734e-12 1.113917e-10 clkbuf_leaf_92_core_clk
 4.793809e-11 5.647767e-11 6.865734e-12 1.112815e-10 clkbuf_leaf_118_core_clk
 4.796672e-11 5.632725e-11 6.865734e-12 1.111597e-10 clkbuf_leaf_113_core_clk
 4.777950e-11 5.650324e-11 6.865734e-12 1.111485e-10 clkbuf_leaf_34_core_clk
 4.799948e-11 5.626219e-11 6.865734e-12 1.111274e-10 clkbuf_leaf_166_core_clk
 4.801290e-11 5.620547e-11 6.865734e-12 1.110841e-10 clkbuf_leaf_355_core_clk
 4.811733e-11 5.568622e-11 6.865734e-12 1.106693e-10 clkbuf_leaf_103_core_clk
 4.779834e-11 5.594029e-11 6.865734e-12 1.106044e-10 clkbuf_leaf_23_core_clk
 4.797453e-11 5.576261e-11 6.865734e-12 1.106029e-10 clkbuf_leaf_154_core_clk
 4.800065e-11 5.568272e-11 6.865734e-12 1.105491e-10 clkbuf_leaf_190_core_clk
 4.775862e-11 5.591841e-11 6.865734e-12 1.105428e-10 clkbuf_leaf_30_core_clk
 4.799262e-11 5.552166e-11 6.865734e-12 1.103800e-10 clkbuf_leaf_374_core_clk
 4.799409e-11 5.551979e-11 6.865734e-12 1.103796e-10 clkbuf_leaf_293_core_clk
 4.810159e-11 5.537441e-11 6.865734e-12 1.103417e-10 clkbuf_leaf_284_core_clk
 4.810687e-11 5.531468e-11 6.865734e-12 1.102873e-10 clkbuf_leaf_99_core_clk
 4.800345e-11 5.521446e-11 6.865734e-12 1.100837e-10 clkbuf_leaf_319_core_clk
 4.798547e-11 5.514202e-11 6.865734e-12 1.099932e-10 clkbuf_leaf_298_core_clk
 4.777264e-11 5.530390e-11 6.865734e-12 1.099423e-10 clkbuf_leaf_262_core_clk
 4.798138e-11 5.507754e-11 6.865734e-12 1.099247e-10 clkbuf_leaf_351_core_clk
 4.781114e-11 5.523446e-11 6.865734e-12 1.099113e-10 clkbuf_leaf_232_core_clk
 4.797785e-11 5.499078e-11 6.865734e-12 1.098344e-10 clkbuf_leaf_375_core_clk
 4.790455e-11 5.502487e-11 6.865734e-12 1.097952e-10 clkbuf_leaf_219_core_clk
 4.767476e-11 5.524243e-11 6.865734e-12 1.097829e-10 clkbuf_leaf_72_core_clk
 4.795624e-11 5.484215e-11 6.865734e-12 1.096641e-10 clkbuf_leaf_168_core_clk
 4.795921e-11 5.471152e-11 6.865734e-12 1.095365e-10 clkbuf_leaf_172_core_clk
 4.780934e-11 5.469920e-11 6.865734e-12 1.093743e-10 clkbuf_leaf_226_core_clk
 4.766395e-11 5.483565e-11 6.865734e-12 1.093653e-10 clkbuf_leaf_65_core_clk
 4.765382e-11 5.480177e-11 6.865734e-12 1.093213e-10 clkbuf_leaf_68_core_clk
 4.800601e-11 5.441502e-11 6.865734e-12 1.092868e-10 clkbuf_leaf_362_core_clk
 4.779822e-11 5.457087e-11 6.865734e-12 1.092348e-10 clkbuf_leaf_227_core_clk
 4.796186e-11 5.426163e-11 6.865734e-12 1.090892e-10 clkbuf_leaf_314_core_clk
 4.792419e-11 5.423516e-11 6.865734e-12 1.090251e-10 clkbuf_leaf_19_core_clk
 4.788570e-11 5.425294e-11 6.865734e-12 1.090044e-10 clkbuf_leaf_220_core_clk
 4.800977e-11 5.412676e-11 6.865734e-12 1.090023e-10 clkbuf_leaf_383_core_clk
 4.797193e-11 5.410383e-11 6.865734e-12 1.089415e-10 clkbuf_leaf_323_core_clk
 4.794090e-11 5.403527e-11 6.865734e-12 1.088419e-10 clkbuf_leaf_97_core_clk
 4.789894e-11 5.391326e-11 6.865734e-12 1.086779e-10 clkbuf_leaf_12_core_clk
 4.774025e-11 5.399864e-11 6.865734e-12 1.086046e-10 clkbuf_leaf_264_core_clk
 4.775446e-11 5.388732e-11 6.865734e-12 1.085075e-10 clkbuf_leaf_269_core_clk
 4.790560e-11 5.372783e-11 6.865734e-12 1.084992e-10 clkbuf_leaf_20_core_clk
 4.776110e-11 5.372457e-11 6.865734e-12 1.083514e-10 clkbuf_leaf_79_core_clk
 4.773898e-11 5.348421e-11 6.865734e-12 1.080889e-10 clkbuf_leaf_260_core_clk
 4.791866e-11 5.316948e-11 6.865734e-12 1.079539e-10 clkbuf_leaf_164_core_clk
 4.785852e-11 5.318785e-11 6.865734e-12 1.079121e-10 clkbuf_leaf_221_core_clk
 4.804293e-11 5.291943e-11 6.865734e-12 1.078281e-10 clkbuf_leaf_104_core_clk
 4.787844e-11 5.292722e-11 6.865734e-12 1.076714e-10 clkbuf_leaf_8_core_clk
 4.761365e-11 5.300757e-11 6.865734e-12 1.074870e-10 clkbuf_leaf_66_core_clk
 4.784359e-11 5.276287e-11 6.865734e-12 1.074722e-10 clkbuf_leaf_123_core_clk
 4.792372e-11 5.263654e-11 6.865734e-12 1.074260e-10 clkbuf_leaf_189_core_clk
 4.793488e-11 5.254179e-11 6.865734e-12 1.073424e-10 clkbuf_leaf_318_core_clk
 4.774144e-11 5.264014e-11 6.865734e-12 1.072473e-10 clkbuf_leaf_287_core_clk
 4.784022e-11 5.252470e-11 6.865734e-12 1.072307e-10 clkbuf_leaf_121_core_clk
 4.792714e-11 5.235618e-11 6.865734e-12 1.071491e-10 clkbuf_leaf_310_core_clk
 4.796265e-11 5.230352e-11 6.865734e-12 1.071319e-10 clkbuf_leaf_379_core_clk
 4.767822e-11 5.251400e-11 6.865734e-12 1.070580e-10 clkbuf_leaf_31_core_clk
 4.760467e-11 5.249472e-11 6.865734e-12 1.069651e-10 clkbuf_leaf_70_core_clk
 4.785929e-11 5.222724e-11 6.865734e-12 1.069523e-10 clkbuf_leaf_7_core_clk
 4.795837e-11 5.211412e-11 6.865734e-12 1.069382e-10 clkbuf_leaf_380_core_clk
 4.772918e-11 5.233900e-11 6.865734e-12 1.069339e-10 clkbuf_leaf_283_core_clk
 4.790783e-11 5.215563e-11 6.865734e-12 1.069292e-10 clkbuf_leaf_297_core_clk
 4.790848e-11 5.208242e-11 6.865734e-12 1.068566e-10 clkbuf_leaf_195_core_clk
 4.788942e-11 5.200734e-11 6.865734e-12 1.067625e-10 clkbuf_leaf_160_core_clk
 4.782248e-11 5.190133e-11 6.865734e-12 1.065895e-10 clkbuf_leaf_127_core_clk
 4.800288e-11 5.162282e-11 6.865734e-12 1.064914e-10 clkbuf_leaf_302_core_clk
 4.759719e-11 5.189317e-11 6.865734e-12 1.063561e-10 clkbuf_leaf_81_core_clk
 4.789371e-11 5.149023e-11 6.865734e-12 1.062497e-10 clkbuf_leaf_194_core_clk
 4.759467e-11 5.178820e-11 6.865734e-12 1.062486e-10 clkbuf_leaf_74_core_clk
 4.790360e-11 5.143934e-11 6.865734e-12 1.062087e-10 clkbuf_leaf_202_core_clk
 4.759262e-11 5.169642e-11 6.865734e-12 1.061548e-10 clkbuf_leaf_73_core_clk
 4.770489e-11 5.156693e-11 6.865734e-12 1.061376e-10 clkbuf_leaf_76_core_clk
 4.784141e-11 5.141853e-11 6.865734e-12 1.061257e-10 clkbuf_leaf_114_core_clk
 4.787238e-11 5.137989e-11 6.865734e-12 1.061180e-10 clkbuf_leaf_87_core_clk
 4.787079e-11 5.135513e-11 6.865734e-12 1.060917e-10 clkbuf_leaf_96_core_clk
 4.770664e-11 5.133509e-11 6.865734e-12 1.059075e-10 clkbuf_leaf_282_core_clk
 4.794552e-11 5.106701e-11 6.865734e-12 1.058783e-10 clkbuf_leaf_324_core_clk
 4.757215e-11 5.129067e-11 6.865734e-12 1.057286e-10 clkbuf_leaf_62_core_clk
 4.798206e-11 5.084142e-11 6.865734e-12 1.056892e-10 clkbuf_leaf_301_core_clk
 4.780198e-11 5.099104e-11 6.865734e-12 1.056588e-10 clkbuf_leaf_122_core_clk
 4.767580e-11 5.110935e-11 6.865734e-12 1.056509e-10 clkbuf_leaf_85_core_clk
 4.769683e-11 5.095096e-11 6.865734e-12 1.055135e-10 clkbuf_leaf_278_core_clk
 4.788629e-11 5.072425e-11 6.865734e-12 1.054763e-10 clkbuf_leaf_317_core_clk
 4.767303e-11 5.091820e-11 6.865734e-12 1.054570e-10 clkbuf_leaf_37_core_clk
 4.788712e-11 5.070225e-11 6.865734e-12 1.054551e-10 clkbuf_leaf_325_core_clk
 4.785130e-11 5.060954e-11 6.865734e-12 1.053266e-10 clkbuf_leaf_109_core_clk
 4.765408e-11 5.075866e-11 6.865734e-12 1.052785e-10 clkbuf_leaf_27_core_clk
 4.787405e-11 5.029073e-11 6.865734e-12 1.050305e-10 clkbuf_leaf_322_core_clk
 4.796576e-11 4.999409e-11 6.865734e-12 1.048256e-10 clkbuf_leaf_110_core_clk
 4.768013e-11 5.018105e-11 6.865734e-12 1.047269e-10 clkbuf_leaf_230_core_clk
 4.784938e-11 4.984984e-11 6.865734e-12 1.045650e-10 clkbuf_leaf_352_core_clk
 4.764692e-11 4.997719e-11 6.865734e-12 1.044898e-10 clkbuf_leaf_259_core_clk
 4.766421e-11 4.989998e-11 6.865734e-12 1.044299e-10 clkbuf_leaf_75_core_clk
 4.784084e-11 4.953129e-11 6.865734e-12 1.042379e-10 clkbuf_leaf_354_core_clk
 4.783829e-11 4.945210e-11 6.865734e-12 1.041561e-10 clkbuf_leaf_292_core_clk
 4.780844e-11 4.948155e-11 6.865734e-12 1.041557e-10 clkbuf_leaf_16_core_clk
 4.754634e-11 4.970400e-11 6.865734e-12 1.041161e-10 clkbuf_leaf_59_core_clk
 4.765292e-11 4.941492e-11 6.865734e-12 1.039336e-10 clkbuf_leaf_80_core_clk
 4.783041e-11 4.904922e-11 6.865734e-12 1.037454e-10 clkbuf_leaf_197_core_clk
 4.787488e-11 4.896193e-11 6.865734e-12 1.037026e-10 clkbuf_leaf_382_core_clk
 4.774699e-11 4.890552e-11 6.865734e-12 1.035182e-10 clkbuf_leaf_115_core_clk
 4.762453e-11 4.891459e-11 6.865734e-12 1.034048e-10 clkbuf_leaf_90_core_clk
 4.777798e-11 4.869591e-11 6.865734e-12 1.033396e-10 clkbuf_leaf_120_core_clk
 4.780208e-11 4.859819e-11 6.865734e-12 1.032660e-10 clkbuf_leaf_108_core_clk
 4.763794e-11 4.861176e-11 6.865734e-12 1.031154e-10 clkbuf_leaf_235_core_clk
 4.781325e-11 4.837632e-11 6.865734e-12 1.030553e-10 clkbuf_leaf_188_core_clk
 4.763778e-11 4.845862e-11 6.865734e-12 1.029621e-10 clkbuf_leaf_286_core_clk
 4.772830e-11 4.832106e-11 6.865734e-12 1.029151e-10 clkbuf_leaf_211_core_clk
 4.778767e-11 4.825534e-11 6.865734e-12 1.029088e-10 clkbuf_leaf_175_core_clk
 4.772720e-11 4.811317e-11 6.865734e-12 1.027061e-10 clkbuf_leaf_116_core_clk
 4.763147e-11 4.820402e-11 6.865734e-12 1.027012e-10 clkbuf_leaf_229_core_clk
 4.778635e-11 4.802178e-11 6.865734e-12 1.026739e-10 clkbuf_leaf_89_core_clk
 4.762289e-11 4.780200e-11 6.865734e-12 1.022906e-10 clkbuf_leaf_285_core_clk
 4.749672e-11 4.787611e-11 6.865734e-12 1.022386e-10 clkbuf_leaf_64_core_clk
 4.775996e-11 4.758322e-11 6.865734e-12 1.022089e-10 clkbuf_leaf_15_core_clk
 4.776460e-11 4.735114e-11 6.865734e-12 1.019815e-10 clkbuf_leaf_176_core_clk
 4.761353e-11 4.747694e-11 6.865734e-12 1.019562e-10 clkbuf_leaf_274_core_clk
 4.778336e-11 4.726808e-11 6.865734e-12 1.019172e-10 clkbuf_leaf_186_core_clk
 4.770740e-11 4.724586e-11 6.865734e-12 1.018190e-10 clkbuf_leaf_119_core_clk
 4.759200e-11 4.734095e-11 6.865734e-12 1.017987e-10 clkbuf_leaf_256_core_clk
 4.760869e-11 4.720601e-11 6.865734e-12 1.016804e-10 clkbuf_leaf_273_core_clk
 4.783965e-11 4.689966e-11 6.865734e-12 1.016051e-10 clkbuf_leaf_330_core_clk
 4.760073e-11 4.696225e-11 6.865734e-12 1.014287e-10 clkbuf_leaf_231_core_clk
 4.781814e-11 4.673887e-11 6.865734e-12 1.014228e-10 clkbuf_leaf_376_core_clk
 4.773395e-11 4.679951e-11 6.865734e-12 1.013992e-10 clkbuf_leaf_22_core_clk
 4.786757e-11 4.657325e-11 6.865734e-12 1.013066e-10 clkbuf_leaf_306_core_clk
 4.772994e-11 4.668040e-11 6.865734e-12 1.012761e-10 clkbuf_leaf_133_core_clk
 4.761104e-11 4.639624e-11 6.865734e-12 1.008730e-10 clkbuf_leaf_214_core_clk
 4.780305e-11 4.617756e-11 6.865734e-12 1.008464e-10 clkbuf_leaf_381_core_clk
 4.760593e-11 4.619914e-11 6.865734e-12 1.006708e-10 clkbuf_leaf_222_core_clk
 4.774992e-11 4.599778e-11 6.865734e-12 1.006134e-10 clkbuf_leaf_299_core_clk
 4.780581e-11 4.569171e-11 6.865734e-12 1.003633e-10 clkbuf_leaf_327_core_clk
 4.756790e-11 4.567524e-11 6.865734e-12 1.001089e-10 clkbuf_leaf_281_core_clk
 4.768608e-11 4.511379e-11 6.865734e-12 9.966561e-11 clkbuf_leaf_6_core_clk
 4.778726e-11 4.490899e-11 6.865734e-12 9.956198e-11 clkbuf_leaf_326_core_clk
 4.770756e-11 4.490405e-11 6.865734e-12 9.947735e-11 clkbuf_leaf_88_core_clk
 4.753236e-11 4.499872e-11 6.865734e-12 9.939682e-11 clkbuf_leaf_33_core_clk
 4.749772e-11 4.485209e-11 6.865734e-12 9.921555e-11 clkbuf_leaf_35_core_clk
 4.742459e-11 4.484405e-11 6.865734e-12 9.913437e-11 clkbuf_leaf_63_core_clk
 4.770928e-11 4.438494e-11 6.865734e-12 9.895996e-11 clkbuf_leaf_300_core_clk
 4.771856e-11 4.427250e-11 6.865734e-12 9.885679e-11 clkbuf_leaf_311_core_clk
 4.771943e-11 4.424025e-11 6.865734e-12 9.882541e-11 clkbuf_leaf_316_core_clk
 4.771702e-11 4.418042e-11 6.865734e-12 9.876319e-11 clkbuf_leaf_321_core_clk
 4.764858e-11 4.413466e-11 6.865734e-12 9.864897e-11 clkbuf_leaf_136_core_clk
 4.753197e-11 4.420424e-11 6.865734e-12 9.860194e-11 clkbuf_leaf_57_core_clk
 4.750768e-11 4.414614e-11 6.865734e-12 9.851956e-11 clkbuf_leaf_86_core_clk
 4.764516e-11 4.388497e-11 6.865734e-12 9.839587e-11 clkbuf_leaf_56_core_clk
 4.773642e-11 4.364502e-11 6.865734e-12 9.824717e-11 clkbuf_leaf_385_core_clk
 4.778529e-11 4.345976e-11 6.865734e-12 9.811079e-11 clkbuf_leaf_307_core_clk
 4.740091e-11 4.340512e-11 6.865734e-12 9.767177e-11 clkbuf_leaf_60_core_clk
 4.756679e-11 4.318986e-11 6.865734e-12 9.762239e-11 clkbuf_leaf_244_core_clk
 4.750678e-11 4.303387e-11 6.865734e-12 9.740640e-11 clkbuf_leaf_288_core_clk
 4.765374e-11 4.282687e-11 6.865734e-12 9.734635e-11 clkbuf_leaf_98_core_clk
 4.750336e-11 4.289901e-11 6.865734e-12 9.726810e-11 clkbuf_leaf_289_core_clk
 4.759031e-11 4.266646e-11 6.865734e-12 9.712251e-11 clkbuf_leaf_125_core_clk
 4.750056e-11 4.272871e-11 6.865734e-12 9.709501e-11 clkbuf_leaf_275_core_clk
 4.764443e-11 4.255068e-11 6.865734e-12 9.706084e-11 clkbuf_leaf_94_core_clk
 4.758829e-11 4.251016e-11 6.865734e-12 9.696418e-11 clkbuf_leaf_130_core_clk
 4.760448e-11 4.240970e-11 6.865734e-12 9.687993e-11 clkbuf_leaf_135_core_clk
 4.771755e-11 4.228452e-11 6.865734e-12 9.686781e-11 clkbuf_leaf_308_core_clk
 4.769720e-11 4.211453e-11 6.865734e-12 9.667747e-11 clkbuf_leaf_384_core_clk
 4.764299e-11 4.202564e-11 6.865734e-12 9.653436e-11 clkbuf_leaf_372_core_clk
 4.757631e-11 4.203858e-11 6.865734e-12 9.648064e-11 clkbuf_leaf_129_core_clk
 4.759382e-11 4.169760e-11 6.865734e-12 9.615716e-11 clkbuf_leaf_14_core_clk
 4.763580e-11 4.152970e-11 6.865734e-12 9.603125e-11 clkbuf_leaf_294_core_clk
 4.747092e-11 4.165036e-11 6.865734e-12 9.598701e-11 clkbuf_leaf_228_core_clk
 4.747078e-11 4.155929e-11 6.865734e-12 9.589581e-11 clkbuf_leaf_272_core_clk
 4.763133e-11 4.137735e-11 6.865734e-12 9.587443e-11 clkbuf_leaf_312_core_clk
 4.760670e-11 4.105966e-11 6.865734e-12 9.553210e-11 clkbuf_leaf_111_core_clk
 4.745837e-11 4.114637e-11 6.865734e-12 9.547047e-11 clkbuf_leaf_271_core_clk
 4.766350e-11 4.085618e-11 6.865734e-12 9.538541e-11 clkbuf_leaf_378_core_clk
 4.760220e-11 4.088295e-11 6.865734e-12 9.535088e-11 clkbuf_leaf_95_core_clk
 4.759173e-11 4.071652e-11 6.865734e-12 9.517399e-11 clkbuf_leaf_155_core_clk
 4.761233e-11 4.063300e-11 6.865734e-12 9.511108e-11 clkbuf_leaf_174_core_clk
 4.751646e-11 4.066573e-11 6.865734e-12 9.504792e-11 clkbuf_leaf_241_core_clk
 4.760602e-11 4.032542e-11 6.865734e-12 9.479718e-11 clkbuf_leaf_196_core_clk
 4.761314e-11 4.016978e-11 6.865734e-12 9.464866e-11 clkbuf_leaf_315_core_clk
 4.741904e-11 4.007953e-11 6.865734e-12 9.436431e-11 clkbuf_leaf_266_core_clk
 4.753290e-11 3.974553e-11 6.865734e-12 9.414417e-11 clkbuf_leaf_44_core_clk
 4.756222e-11 3.969913e-11 6.865734e-12 9.412709e-11 clkbuf_leaf_156_core_clk
 4.755294e-11 3.965552e-11 6.865734e-12 9.407420e-11 clkbuf_leaf_134_core_clk
 4.754792e-11 3.952792e-11 6.865734e-12 9.394158e-11 clkbuf_leaf_132_core_clk
 4.741625e-11 3.948318e-11 6.865734e-12 9.376517e-11 clkbuf_leaf_234_core_clk
 4.740170e-11 3.882470e-11 6.865734e-12 9.309214e-11 clkbuf_leaf_84_core_clk
 4.747662e-11 3.814550e-11 6.865734e-12 9.248786e-11 clkbuf_leaf_126_core_clk
 4.745412e-11 3.815507e-11 6.865734e-12 9.247493e-11 clkbuf_leaf_237_core_clk
 4.737551e-11 3.812850e-11 6.865734e-12 9.236975e-11 clkbuf_leaf_77_core_clk
 4.751067e-11 3.775030e-11 6.865734e-12 9.212671e-11 clkbuf_leaf_158_core_clk
 4.742157e-11 3.759394e-11 6.865734e-12 9.188125e-11 clkbuf_leaf_54_core_clk
 4.737014e-11 3.750455e-11 6.865734e-12 9.174043e-11 clkbuf_leaf_279_core_clk
 4.735376e-11 3.734789e-11 6.865734e-12 9.156739e-11 clkbuf_leaf_82_core_clk
 4.744151e-11 3.700453e-11 6.865734e-12 9.131177e-11 clkbuf_leaf_138_core_clk
 4.751196e-11 3.657331e-11 6.865734e-12 9.095100e-11 clkbuf_leaf_329_core_clk
 4.730319e-11 3.673912e-11 6.865734e-12 9.090804e-11 clkbuf_leaf_305_core_clk
 4.737999e-11 3.603411e-11 6.865734e-12 9.027983e-11 clkbuf_leaf_157_core_clk
 4.743280e-11 3.568668e-11 6.865734e-12 8.998521e-11 clkbuf_leaf_328_core_clk
 4.727527e-11 3.558462e-11 6.865734e-12 8.972562e-11 clkbuf_leaf_152_core_clk
 4.735386e-11 3.541413e-11 6.865734e-12 8.963372e-11 clkbuf_leaf_296_core_clk
 4.726868e-11 3.503084e-11 6.865734e-12 8.916525e-11 clkbuf_leaf_46_core_clk
 4.731281e-11 3.491939e-11 6.865734e-12 8.909794e-11 clkbuf_leaf_295_core_clk
 4.721275e-11 3.487289e-11 6.865734e-12 8.895137e-11 clkbuf_leaf_149_core_clk
 4.714718e-11 3.426062e-11 6.865734e-12 8.827353e-11 clkbuf_leaf_61_core_clk
 4.701242e-11 3.430129e-11 6.865734e-12 8.817944e-11 clkbuf_leaf_246_core_clk
 4.697418e-11 3.367799e-11 6.865734e-12 8.751790e-11 clkbuf_leaf_250_core_clk
 4.715729e-11 3.324730e-11 6.865734e-12 8.727032e-11 clkbuf_leaf_159_core_clk
 4.711672e-11 3.318088e-11 6.865734e-12 8.716334e-11 clkbuf_leaf_45_core_clk
 4.705427e-11 3.287245e-11 6.865734e-12 8.679246e-11 clkbuf_leaf_239_core_clk
 4.703416e-11 3.282891e-11 6.865734e-12 8.672880e-11 clkbuf_leaf_280_core_clk
 4.703592e-11 3.263704e-11 6.865734e-12 8.653869e-11 clkbuf_leaf_151_core_clk
 4.698872e-11 3.228219e-11 6.865734e-12 8.613665e-11 clkbuf_leaf_53_core_clk
 4.696923e-11 3.206200e-11 6.865734e-12 8.589696e-11 clkbuf_leaf_337_core_clk
 4.701348e-11 3.194220e-11 6.865734e-12 8.582141e-11 clkbuf_leaf_43_core_clk
 4.695948e-11 3.191123e-11 6.865734e-12 8.573645e-11 clkbuf_leaf_336_core_clk
 4.702416e-11 3.166266e-11 6.865734e-12 8.555255e-11 clkbuf_leaf_177_core_clk
 4.692864e-11 3.151996e-11 6.865734e-12 8.531433e-11 clkbuf_leaf_333_core_clk
 4.679941e-11 3.150900e-11 6.865734e-12 8.517415e-11 clkbuf_leaf_341_core_clk
 4.695631e-11 3.114902e-11 6.865734e-12 8.497106e-11 clkbuf_leaf_141_core_clk
 4.693515e-11 3.088849e-11 6.865734e-12 8.468937e-11 clkbuf_leaf_140_core_clk
 4.688418e-11 3.023860e-11 6.865734e-12 8.398852e-11 clkbuf_leaf_142_core_clk
 4.675806e-11 2.953542e-11 6.865734e-12 8.315921e-11 clkbuf_leaf_143_core_clk
 4.676000e-11 2.950571e-11 6.865734e-12 8.313145e-11 clkbuf_leaf_338_core_clk
 4.672356e-11 2.886877e-11 6.865734e-12 8.245807e-11 clkbuf_leaf_153_core_clk
 4.660545e-11 2.897851e-11 6.865734e-12 8.244969e-11 clkbuf_leaf_255_core_clk
 4.668992e-11 2.843141e-11 6.865734e-12 8.198707e-11 clkbuf_leaf_146_core_clk
 4.661743e-11 2.779113e-11 6.865734e-12 8.127430e-11 clkbuf_leaf_48_core_clk
 4.664946e-11 2.751093e-11 6.865734e-12 8.102612e-11 clkbuf_leaf_36_core_clk
 4.664216e-11 2.737198e-11 6.865734e-12 8.087987e-11 clkbuf_leaf_348_core_clk
 4.658319e-11 2.732522e-11 6.865734e-12 8.077414e-11 clkbuf_leaf_254_core_clk
 4.644579e-11 2.698844e-11 6.865734e-12 8.029997e-11 clkbuf_leaf_258_core_clk
 4.652993e-11 2.654509e-11 6.865734e-12 7.994075e-11 clkbuf_leaf_148_core_clk
 4.641554e-11 2.659074e-11 6.865734e-12 7.987201e-11 clkbuf_leaf_339_core_clk
 4.656720e-11 2.640489e-11 6.865734e-12 7.983783e-11 clkbuf_leaf_139_core_clk
 4.652719e-11 2.644449e-11 6.865734e-12 7.983741e-11 clkbuf_leaf_243_core_clk
 4.640937e-11 2.648190e-11 6.865734e-12 7.975701e-11 clkbuf_leaf_249_core_clk
 9.308962e-12 6.357517e-11 6.865712e-12 7.974985e-11 fanout2204
 4.651090e-11 2.624855e-11 6.865734e-12 7.962519e-11 clkbuf_leaf_240_core_clk
 4.649711e-11 2.621037e-11 6.865734e-12 7.957321e-11 clkbuf_leaf_236_core_clk
 4.638011e-11 2.619118e-11 6.865734e-12 7.943703e-11 clkbuf_leaf_247_core_clk
 9.337084e-12 6.212454e-11 6.865712e-12 7.832734e-11 fanout592
 4.639136e-11 2.494292e-11 6.865734e-12 7.820002e-11 clkbuf_leaf_332_core_clk
 4.636447e-11 2.407992e-11 6.865734e-12 7.731012e-11 clkbuf_leaf_38_core_clk
 7.286930e-12 5.535908e-11 1.416728e-11 7.681329e-11 fanout477
 4.626408e-11 2.287039e-11 6.865734e-12 7.600021e-11 clkbuf_leaf_40_core_clk
 4.617605e-11 2.172475e-11 6.865734e-12 7.476653e-11 clkbuf_leaf_349_core_clk
 9.635887e-12 5.735769e-11 7.514054e-12 7.450763e-11 fanout1729
 9.325949e-12 5.793605e-11 6.865712e-12 7.412770e-11 fanout594
 7.245653e-12 5.199324e-11 1.416731e-11 7.340620e-11 fanout714
 4.603797e-11 2.047032e-11 6.865734e-12 7.337403e-11 clkbuf_leaf_242_core_clk
 4.606178e-11 2.034675e-11 6.865734e-12 7.327426e-11 clkbuf_leaf_137_core_clk
 9.333877e-12 5.462061e-11 6.865712e-12 7.082020e-11 fanout593
 4.579784e-11 1.720300e-11 6.865734e-12 6.986657e-11 clkbuf_leaf_39_core_clk
 9.048607e-12 5.294989e-11 6.865712e-12 6.886421e-11 fanout1310
 9.345345e-12 5.184263e-11 6.865712e-12 6.805369e-11 fanout2175
 5.035317e-12 5.106594e-11 1.047889e-11 6.658015e-11 fanout1097
 9.316381e-12 4.969287e-11 6.865712e-12 6.587497e-11 fanout2177
 9.022043e-12 4.992709e-11 6.865712e-12 6.581484e-11 fanout1308
 5.013973e-12 5.027304e-11 1.047885e-11 6.576586e-11 fanout447
 9.297632e-12 4.930981e-11 6.865712e-12 6.547315e-11 fanout2182
 7.342201e-12 4.374748e-11 1.416731e-11 6.525699e-11 fanout543
 5.033962e-12 4.600628e-11 1.416727e-11 6.520751e-11 fanout517
 9.614631e-12 4.681911e-11 7.514054e-12 6.394780e-11 fanout1731
 9.293332e-12 4.700556e-11 7.514084e-12 6.381298e-11 fanout1831
 8.227697e-12 4.722294e-11 7.514086e-12 6.296472e-11 fanout555
 5.028936e-12 4.710058e-11 1.047885e-11 6.260836e-11 fanout654
 9.607545e-12 4.426800e-11 7.514054e-12 6.138960e-11 fanout1733
 8.136426e-12 4.570528e-11 7.514086e-12 6.135579e-11 fanout570
 8.136682e-12 4.516611e-11 7.514086e-12 6.081688e-11 fanout569
 5.155426e-12 4.508543e-11 1.047886e-11 6.071971e-11 wire494
 5.065091e-12 4.426961e-11 1.047884e-11 5.981354e-11 fanout516
 9.320192e-12 4.360236e-11 6.865712e-12 5.978826e-11 fanout2180
 4.999413e-12 4.058265e-11 1.416735e-11 5.974941e-11 fanout620
 5.154852e-12 3.806480e-11 1.416729e-11 5.738695e-11 max_cap457
 9.330752e-12 4.092668e-11 6.865712e-12 5.712315e-11 fanout2228
 5.036671e-12 4.153245e-11 1.047884e-11 5.704796e-11 fanout1056
 9.031225e-12 4.085633e-11 6.865712e-12 5.675327e-11 fanout1324
 8.134764e-12 4.109554e-11 7.514086e-12 5.674439e-11 fanout566
 9.006211e-12 4.083149e-11 6.865712e-12 5.670341e-11 fanout1316
 5.158895e-12 3.666555e-11 1.416731e-11 5.599175e-11 max_cap539
 7.396734e-12 3.335589e-11 1.416728e-11 5.491992e-11 fanout1606
 5.133312e-12 3.862645e-11 1.047889e-11 5.423866e-11 fanout1102
 5.052473e-12 3.864830e-11 1.047886e-11 5.417963e-11 fanout695
 3.910185e-12 3.608337e-11 1.416714e-11 5.416070e-11 fanout1600
 7.270850e-12 3.173083e-11 1.416730e-11 5.316898e-11 max_cap1166
 5.181402e-12 3.712942e-11 1.047885e-11 5.278967e-11 max_cap1294
 5.060504e-12 3.701489e-11 1.047889e-11 5.255428e-11 fanout1227
 5.142403e-12 3.678854e-11 1.047884e-11 5.240978e-11 wire1276
 4.484958e-11 0.000000e+00 6.865734e-12 5.171531e-11 clkload95
 4.480317e-11 0.000000e+00 6.865734e-12 5.166890e-11 clkload97
 4.479137e-11 0.000000e+00 6.865734e-12 5.165710e-11 clkload96
 4.477844e-11 0.000000e+00 6.865734e-12 5.164418e-11 clkload94
 4.476618e-11 0.000000e+00 6.865734e-12 5.163192e-11 clkload139
 4.474365e-11 0.000000e+00 6.865734e-12 5.160938e-11 clkload143
 4.473987e-11 0.000000e+00 6.865734e-12 5.160561e-11 clkload145
 4.471378e-11 0.000000e+00 6.865734e-12 5.157951e-11 clkload144
 4.470008e-11 0.000000e+00 6.865734e-12 5.156582e-11 clkload211
 4.468522e-11 0.000000e+00 6.865734e-12 5.155095e-11 clkload141
 4.468011e-11 0.000000e+00 6.865734e-12 5.154584e-11 clkload258
 4.467770e-11 0.000000e+00 6.865734e-12 5.154344e-11 clkload252
 4.467524e-11 0.000000e+00 6.865734e-12 5.154098e-11 clkload100
 4.463723e-11 0.000000e+00 6.865734e-12 5.150297e-11 clkload208
 4.461978e-11 0.000000e+00 6.865734e-12 5.148552e-11 clkload34
 4.460212e-11 0.000000e+00 6.865734e-12 5.146785e-11 clkload31
 4.459649e-11 0.000000e+00 6.865734e-12 5.146223e-11 clkload298
 4.459436e-11 0.000000e+00 6.865734e-12 5.146009e-11 clkload156
 4.459259e-11 0.000000e+00 6.865734e-12 5.145833e-11 clkload297
 4.458831e-11 0.000000e+00 6.865734e-12 5.145404e-11 clkload119
 4.458723e-11 0.000000e+00 6.865734e-12 5.145296e-11 clkload195
 4.458270e-11 0.000000e+00 6.865734e-12 5.144843e-11 clkload111
 4.458110e-11 0.000000e+00 6.865734e-12 5.144683e-11 clkload244
 4.457787e-11 0.000000e+00 6.865734e-12 5.144360e-11 clkload192
 4.457583e-11 0.000000e+00 6.865734e-12 5.144157e-11 clkload30
 4.457330e-11 0.000000e+00 6.865734e-12 5.143903e-11 clkload245
 4.456830e-11 0.000000e+00 6.865734e-12 5.143403e-11 clkload172
 4.456784e-11 0.000000e+00 6.865734e-12 5.143358e-11 clkload218
 4.456759e-11 0.000000e+00 6.865734e-12 5.143332e-11 clkload110
 4.456694e-11 0.000000e+00 6.865734e-12 5.143267e-11 clkload128
 4.456496e-11 0.000000e+00 6.865734e-12 5.143069e-11 clkload267
 4.456290e-11 0.000000e+00 6.865734e-12 5.142863e-11 clkload124
 4.456112e-11 0.000000e+00 6.865734e-12 5.142685e-11 clkload120
 4.455882e-11 0.000000e+00 6.865734e-12 5.142455e-11 clkload291
 4.455658e-11 0.000000e+00 6.865734e-12 5.142232e-11 clkload242
 4.455472e-11 0.000000e+00 6.865734e-12 5.142045e-11 clkload202
 4.455232e-11 0.000000e+00 6.865734e-12 5.141806e-11 clkload173
 4.455227e-11 0.000000e+00 6.865734e-12 5.141801e-11 clkload332
 4.455035e-11 0.000000e+00 6.865734e-12 5.141609e-11 clkload328
 4.453676e-11 0.000000e+00 6.865734e-12 5.140249e-11 clkload133
 4.453541e-11 0.000000e+00 6.865734e-12 5.140115e-11 clkload171
 4.452937e-11 0.000000e+00 6.865734e-12 5.139511e-11 clkload165
 4.451279e-11 0.000000e+00 6.865734e-12 5.137852e-11 clkload279
 4.450144e-11 0.000000e+00 6.865734e-12 5.136718e-11 clkload75
 4.449888e-11 0.000000e+00 6.865734e-12 5.136461e-11 clkload278
 4.449332e-11 0.000000e+00 6.865734e-12 5.135906e-11 clkload280
 4.449153e-11 0.000000e+00 6.865734e-12 5.135726e-11 clkload266
 4.655645e-12 4.175867e-11 4.876287e-12 5.129060e-11 fanout837
 4.427233e-11 0.000000e+00 6.865734e-12 5.113806e-11 clkload3
 5.075619e-12 3.186944e-11 1.416729e-11 5.111236e-11 fanout476
 4.419024e-11 0.000000e+00 6.865734e-12 5.105597e-11 clkload5
 8.128814e-12 3.418316e-11 7.514086e-12 4.982606e-11 fanout567
 5.061746e-12 2.783081e-11 1.416729e-11 4.705985e-11 fanout511
 5.065263e-12 2.764957e-11 1.416727e-11 4.688210e-11 fanout547
 5.078713e-12 2.706587e-11 1.416728e-11 4.631187e-11 fanout1055
 5.060476e-12 2.678105e-11 1.416731e-11 4.600884e-11 fanout454
 5.084808e-12 2.665206e-11 1.416729e-11 4.590416e-11 fanout481
 5.091792e-12 3.006810e-11 1.047886e-11 4.563875e-11 fanout471
 5.110622e-12 2.608145e-11 1.416735e-11 4.535942e-11 max_cap1101
 2.806223e-12 2.809485e-11 1.416733e-11 4.506841e-11 fanout1057
 4.689015e-12 3.450620e-11 4.876289e-12 4.407150e-11 fanout2224
 5.095954e-12 2.771410e-11 1.047884e-11 4.328889e-11 fanout680
 4.066455e-12 2.464079e-11 1.416708e-11 4.287432e-11 fanout2077
 2.779077e-12 2.523922e-11 1.416736e-11 4.218566e-11 fanout1075
 3.628754e-12 3.097074e-11 7.514079e-12 4.211358e-11 max_cap698
 5.070597e-12 2.635723e-11 1.047884e-11 4.190667e-11 fanout625
 5.173025e-12 2.241290e-11 1.416735e-11 4.175328e-11 max_cap1275
 5.041284e-12 2.600515e-11 1.047887e-11 4.152531e-11 fanout1164
 4.700056e-12 3.226211e-11 4.325213e-12 4.128738e-11 fanout1844
 2.509985e-12 3.164857e-11 6.865716e-12 4.102427e-11 fanout2147
 5.158185e-12 2.166972e-11 1.416728e-11 4.099519e-11 fanout1257
 4.700830e-12 3.152292e-11 4.325215e-12 4.054896e-11 fanout954
 4.836048e-12 3.122258e-11 4.325239e-12 4.038387e-11 fanout1746
 2.816904e-12 2.708753e-11 1.047882e-11 4.038325e-11 fanout479
 4.752785e-12 3.061051e-11 4.876289e-12 4.023958e-11 fanout2181
 2.775926e-12 2.697488e-11 1.047882e-11 4.022963e-11 fanout482
 5.096357e-12 2.395089e-11 1.047884e-11 3.952608e-11 fanout1233
 2.822738e-12 2.581841e-11 1.047882e-11 3.911997e-11 max_cap473
 4.702414e-12 3.007155e-11 4.325213e-12 3.909918e-11 fanout1850
 5.106695e-12 1.926571e-11 1.416731e-11 3.853971e-11 fanout1160
 4.717641e-12 2.863925e-11 4.876289e-12 3.823317e-11 fanout2207
 4.713870e-12 2.917125e-11 4.325215e-12 3.821033e-11 fanout952
 4.594589e-12 2.851170e-11 4.876289e-12 3.798258e-11 fanout1321
 4.849706e-12 2.859487e-11 4.325239e-12 3.776981e-11 fanout1743
 4.717819e-12 2.863899e-11 4.325213e-12 3.768203e-11 fanout1832
 5.190324e-12 2.177599e-11 1.047886e-11 3.744517e-11 max_cap1091
 4.715444e-12 2.836449e-11 4.325215e-12 3.740514e-11 fanout979
 4.721998e-12 2.748565e-11 4.876289e-12 3.708393e-11 fanout2214
 4.721071e-12 2.747671e-11 4.876289e-12 3.707407e-11 fanout2199
 4.719701e-12 2.779877e-11 4.325215e-12 3.684368e-11 fanout943
 4.720710e-12 2.723042e-11 4.876289e-12 3.682742e-11 fanout2194
 2.517334e-12 2.673384e-11 7.514082e-12 3.676526e-11 max_cap1621
 3.632664e-12 2.561355e-11 7.514079e-12 3.676030e-11 max_cap478
 4.859499e-12 2.754848e-11 4.325239e-12 3.673321e-11 fanout1728
 4.870713e-12 2.733650e-11 4.325239e-12 3.653245e-11 fanout1734
 4.028812e-12 2.202355e-11 1.047914e-11 3.653151e-11 fanout1242
 4.870633e-12 2.703673e-11 4.325239e-12 3.623260e-11 fanout1744
 4.726783e-12 2.652709e-11 4.876289e-12 3.613017e-11 fanout2186
 4.722850e-12 2.652990e-11 4.876289e-12 3.612904e-11 fanout2220
 4.870958e-12 2.620645e-11 4.876287e-12 3.595370e-11 fanout931
 4.701542e-12 2.658220e-11 4.325215e-12 3.560895e-11 fanout989
 4.723542e-12 2.647488e-11 4.325213e-12 3.552363e-11 fanout1846
 4.722060e-12 2.575004e-11 4.876287e-12 3.534838e-11 fanout861
 4.728030e-12 2.615607e-11 4.325213e-12 3.520932e-11 fanout1833
 5.088414e-12 1.961311e-11 1.047884e-11 3.518037e-11 fanout2150
 4.760724e-12 2.550795e-11 4.876289e-12 3.514496e-11 fanout2196
 4.709506e-12 2.536900e-11 4.876287e-12 3.495479e-11 fanout816
 2.844794e-12 1.791257e-11 1.416729e-11 3.492466e-11 fanout1717
 4.202757e-12 2.607985e-11 4.325212e-12 3.460782e-11 fanout563
 5.115126e-12 1.892498e-11 1.047884e-11 3.451895e-11 fanout2149
 4.706231e-12 2.538795e-11 4.325215e-12 3.441939e-11 fanout987
 5.090121e-12 1.877971e-11 1.047884e-11 3.434867e-11 fanout2148
 4.716465e-12 2.467059e-11 4.876289e-12 3.426334e-11 fanout2203
 5.063866e-12 1.493848e-11 1.416735e-11 3.416969e-11 fanout1100
 4.728035e-12 2.429339e-11 4.876287e-12 3.389771e-11 fanout795
 4.746900e-12 2.481430e-11 4.325215e-12 3.388641e-11 fanout988
 4.719393e-12 2.419675e-11 4.876289e-12 3.379243e-11 fanout2210
 4.172607e-12 2.521191e-11 4.325212e-12 3.370973e-11 fanout560
 4.721045e-12 2.384007e-11 4.876289e-12 3.343740e-11 fanout2218
 5.089487e-12 1.786412e-11 1.047885e-11 3.343245e-11 fanout2159
 4.726721e-12 2.366065e-11 4.876287e-12 3.326366e-11 fanout883
 4.589968e-12 2.369711e-11 4.876289e-12 3.316337e-11 fanout1322
 2.818027e-12 1.616953e-11 1.416727e-11 3.315482e-11 fanout474
 4.590451e-12 2.339649e-11 4.876289e-12 3.286323e-11 fanout1320
 4.758581e-12 2.361444e-11 4.325215e-12 3.269823e-11 fanout986
 2.823168e-12 1.918537e-11 1.047882e-11 3.248735e-11 fanout550
 2.885291e-12 1.874252e-11 1.047881e-11 3.210662e-11 fanout1581
 4.751412e-12 2.238595e-11 4.876287e-12 3.201365e-11 fanout918
 4.739239e-12 2.235476e-11 4.876289e-12 3.197029e-11 fanout2189
 4.715371e-12 2.285811e-11 4.325215e-12 3.189870e-11 fanout970
 2.807913e-12 1.855208e-11 1.047882e-11 3.183881e-11 fanout486
 4.746186e-12 2.214286e-11 4.876289e-12 3.176534e-11 fanout2225
 1.936682e-12 2.295177e-11 6.865743e-12 3.175419e-11 fanout1601
 4.760488e-12 2.184884e-11 4.876287e-12 3.148561e-11 fanout866
 4.741355e-12 2.228735e-11 4.325215e-12 3.135392e-11 fanout971
 4.746545e-12 2.172754e-11 4.876287e-12 3.135037e-11 fanout921
 4.774089e-12 2.168170e-11 4.876287e-12 3.133208e-11 fanout793
 2.819760e-12 1.430642e-11 1.416729e-11 3.129348e-11 fanout1716
 4.754832e-12 2.220612e-11 4.325215e-12 3.128616e-11 fanout932
 4.733598e-12 2.167540e-11 4.876287e-12 3.128528e-11 fanout784
 4.785653e-12 2.149617e-11 4.876287e-12 3.115811e-11 fanout917
 5.199462e-13 2.426459e-11 6.341672e-12 3.112621e-11 _24870_
 4.781448e-12 2.122909e-11 4.876289e-12 3.088682e-11 fanout2191
 4.746344e-12 2.150874e-11 4.325215e-12 3.058030e-11 fanout984
 4.753649e-12 2.078916e-11 4.876289e-12 3.041910e-11 fanout2206
 4.772054e-12 2.030839e-11 4.876287e-12 2.995674e-11 fanout856
 2.820630e-12 1.662942e-11 1.047882e-11 2.992887e-11 fanout643
 4.748528e-12 2.029436e-11 4.876287e-12 2.991917e-11 fanout797
 4.738980e-12 2.029705e-11 4.876287e-12 2.991231e-11 fanout891
 4.162841e-12 2.124109e-11 4.325212e-12 2.972914e-11 fanout557
 2.504299e-12 1.963850e-11 7.514089e-12 2.965689e-11 fanout1292
 4.750047e-12 2.054099e-11 4.325215e-12 2.961625e-11 fanout288
 2.803148e-12 1.629826e-11 1.047882e-11 2.958023e-11 fanout1076
 4.832364e-12 1.985707e-11 4.876287e-12 2.956572e-11 fanout849
 4.751410e-12 1.987635e-11 4.876287e-12 2.950405e-11 fanout811
 4.805328e-12 2.029883e-11 4.325215e-12 2.942937e-11 fanout975
 4.768505e-12 2.029688e-11 4.325215e-12 2.939060e-11 fanout89
 4.741170e-12 1.970975e-11 4.876287e-12 2.932720e-11 fanout894
 4.807510e-12 1.959990e-11 4.876287e-12 2.928369e-11 fanout779
 4.751229e-12 1.982713e-11 4.325215e-12 2.890357e-11 fanout951
 4.777904e-12 1.977817e-11 4.325215e-12 2.888129e-11 fanout191
 4.162698e-12 2.039329e-11 4.325212e-12 2.888120e-11 fanout561
 4.793288e-12 1.974860e-11 4.325215e-12 2.886710e-11 fanout252
 4.758224e-12 1.973121e-11 4.325215e-12 2.881465e-11 fanout143
 2.522465e-12 1.873013e-11 7.514076e-12 2.876667e-11 max_cap548
 4.783482e-12 1.909244e-11 4.876287e-12 2.875221e-11 fanout875
 4.757019e-12 1.900789e-11 4.876289e-12 2.864119e-11 fanout2205
 4.758409e-12 1.898890e-11 4.876287e-12 2.862359e-11 fanout801
 2.821569e-12 1.522673e-11 1.047882e-11 2.852712e-11 fanout1072
 4.787307e-12 1.940621e-11 4.325215e-12 2.851873e-11 fanout141
 4.756222e-12 1.943628e-11 4.325215e-12 2.851772e-11 fanout273
 4.785050e-12 1.940503e-11 4.325215e-12 2.851529e-11 fanout139
 4.803699e-12 1.878047e-11 4.876287e-12 2.846046e-11 fanout783
 4.761647e-12 1.936886e-11 4.325215e-12 2.845572e-11 fanout133
 4.883023e-12 1.920868e-11 4.325215e-12 2.841692e-11 fanout74
 2.816590e-12 1.509964e-11 1.047881e-11 2.839504e-11 fanout1580
 2.794744e-12 1.501966e-11 1.047882e-11 2.829322e-11 fanout641
 4.774734e-12 1.857428e-11 4.876287e-12 2.822530e-11 fanout862
 4.755569e-12 1.855411e-11 4.876287e-12 2.818597e-11 fanout799
 2.808271e-12 1.481646e-11 1.047882e-11 2.810355e-11 fanout462
 2.847915e-12 1.476276e-11 1.047883e-11 2.808950e-11 fanout588
 2.803119e-12 1.107479e-11 1.416727e-11 2.804518e-11 fanout1704
 2.813216e-12 1.469542e-11 1.047882e-11 2.798745e-11 fanout1081
 2.307779e-11 0.000000e+00 4.876270e-12 2.795406e-11 clkload137
 4.767947e-12 1.829398e-11 4.876287e-12 2.793821e-11 fanout830
 2.305980e-11 0.000000e+00 4.876270e-12 2.793607e-11 clkload99
 2.305860e-11 0.000000e+00 4.876270e-12 2.793487e-11 clkload140
 2.305765e-11 0.000000e+00 4.876270e-12 2.793392e-11 clkload146
 2.305462e-11 0.000000e+00 4.876270e-12 2.793089e-11 clkload138
 2.304632e-11 0.000000e+00 4.876270e-12 2.792259e-11 clkload257
 2.304610e-11 0.000000e+00 4.876270e-12 2.792237e-11 clkload101
 2.304558e-11 0.000000e+00 4.876270e-12 2.792185e-11 clkload142
 2.304295e-11 0.000000e+00 4.876270e-12 2.791922e-11 clkload259
 2.302666e-11 0.000000e+00 4.876270e-12 2.790293e-11 clkload254
 2.301609e-11 0.000000e+00 4.876270e-12 2.789236e-11 clkload233
 2.301549e-11 0.000000e+00 4.876270e-12 2.789176e-11 clkload32
 2.301020e-11 0.000000e+00 4.876270e-12 2.788647e-11 clkload213
 2.300872e-11 0.000000e+00 4.876270e-12 2.788499e-11 clkload248
 2.300819e-11 0.000000e+00 4.876270e-12 2.788446e-11 clkload29
 2.300758e-11 0.000000e+00 4.876270e-12 2.788385e-11 clkload106
 2.300674e-11 0.000000e+00 4.876270e-12 2.788301e-11 clkload158
 2.300388e-11 0.000000e+00 4.876270e-12 2.788015e-11 clkload33
 2.299872e-11 0.000000e+00 4.876270e-12 2.787499e-11 clkload232
 2.299682e-11 0.000000e+00 4.876270e-12 2.787309e-11 clkload194
 2.299384e-11 0.000000e+00 4.876270e-12 2.787011e-11 clkload152
 2.299356e-11 0.000000e+00 4.876270e-12 2.786983e-11 clkload174
 2.299187e-11 0.000000e+00 4.876270e-12 2.786814e-11 clkload274
 2.299178e-11 0.000000e+00 4.876270e-12 2.786805e-11 clkload265
 2.299105e-11 0.000000e+00 4.876270e-12 2.786732e-11 clkload107
 2.298884e-11 0.000000e+00 4.876270e-12 2.786511e-11 clkload130
 2.298640e-11 0.000000e+00 4.876270e-12 2.786267e-11 clkload241
 2.297625e-11 0.000000e+00 4.876270e-12 2.785252e-11 clkload134
 2.297233e-11 0.000000e+00 4.876270e-12 2.784860e-11 clkload281
 2.295709e-11 0.000000e+00 4.876270e-12 2.783336e-11 clkload182
 2.514014e-12 1.770814e-11 7.514079e-12 2.773623e-11 max_cap617
 2.849973e-12 1.069300e-11 1.416737e-11 2.771034e-11 fanout1608
 4.806164e-12 1.800733e-11 4.876287e-12 2.768978e-11 fanout864
 2.500117e-12 1.766431e-11 7.514087e-12 2.767851e-11 max_cap537
 4.804050e-12 1.854801e-11 4.325215e-12 2.767727e-11 fanout82
 4.816822e-12 1.796901e-11 4.876287e-12 2.766212e-11 fanout890
 4.763426e-12 1.856129e-11 4.325215e-12 2.764993e-11 fanout278
 4.761795e-12 1.851422e-11 4.325215e-12 2.760123e-11 fanout128
 4.809763e-12 1.789838e-11 4.876287e-12 2.758443e-11 fanout924
 2.835261e-12 1.057480e-11 1.416736e-11 2.757742e-11 fanout1301
 4.760565e-12 1.848630e-11 4.325215e-12 2.757208e-11 fanout964
 4.760961e-12 1.841824e-11 4.325215e-12 2.750442e-11 fanout212
 2.875567e-12 1.412851e-11 1.047894e-11 2.748302e-11 max_cap1687
 4.774519e-12 1.834844e-11 4.325215e-12 2.744818e-11 fanout243
 4.754367e-12 1.830681e-11 4.325215e-12 2.738639e-11 fanout955
 4.782258e-12 1.766830e-11 4.876287e-12 2.732685e-11 fanout871
 4.765763e-12 1.819226e-11 4.325215e-12 2.728323e-11 fanout978
 4.765916e-12 1.818866e-11 4.325215e-12 2.727979e-11 fanout147
 4.829421e-12 1.804175e-11 4.325215e-12 2.719638e-11 fanout72
 4.763044e-12 1.798584e-11 4.325215e-12 2.707410e-11 fanout225
 2.803428e-12 1.376282e-11 1.047882e-11 2.704507e-11 fanout1038
 4.800643e-12 1.781889e-11 4.325215e-12 2.694475e-11 fanout259
 4.780985e-12 1.780283e-11 4.325215e-12 2.690903e-11 fanout283
 4.801686e-12 1.776281e-11 4.325215e-12 2.688971e-11 fanout206
 2.869975e-12 9.786418e-12 1.416737e-11 2.682376e-11 max_cap1610
 2.846293e-12 1.346664e-11 1.047882e-11 2.679175e-11 fanout669
 4.813635e-12 1.708649e-11 4.876287e-12 2.677641e-11 fanout922
 2.830304e-12 9.691422e-12 1.416736e-11 2.668908e-11 fanout1723
 2.787988e-12 1.325718e-11 1.047882e-11 2.652399e-11 fanout664
 2.798392e-12 1.321731e-11 1.047889e-11 2.649459e-11 fanout2171
 4.763068e-12 1.682637e-11 4.876287e-12 2.646572e-11 fanout926
 4.801880e-12 1.663377e-11 4.876287e-12 2.631194e-11 fanout916
 4.768805e-12 1.710620e-11 4.325215e-12 2.620022e-11 fanout287
 4.754789e-12 1.652788e-11 4.876287e-12 2.615895e-11 fanout850
 2.524701e-12 1.650452e-11 6.865711e-12 2.589493e-11 max_cap501
 1.702525e-12 9.807662e-12 1.416716e-11 2.567734e-11 fanout2055
 1.378850e-12 1.674158e-11 7.514076e-12 2.563450e-11 max_cap1053
 2.517329e-12 1.524377e-11 7.514079e-12 2.527518e-11 max_cap651
 2.666565e-12 1.763096e-11 4.647978e-12 2.494551e-11 fanout805
 2.508365e-12 1.474821e-11 7.514087e-12 2.477066e-11 max_cap468
 2.501954e-12 1.467138e-11 7.514081e-12 2.468742e-11 fanout1777
 2.673566e-12 1.722823e-11 4.647978e-12 2.454978e-11 fanout789
 2.875329e-12 1.685862e-11 4.647978e-12 2.438193e-11 fanout904
 2.538583e-12 1.484928e-11 6.865709e-12 2.425358e-11 max_cap671
 2.791424e-12 1.039590e-11 1.047892e-11 2.366625e-11 fanout1701
 2.539512e-12 1.417447e-11 6.865711e-12 2.357970e-11 max_cap650
 1.408019e-12 1.514392e-11 6.865703e-12 2.341764e-11 max_cap472
 2.887980e-12 9.775896e-12 1.047884e-11 2.314271e-11 max_cap1683
 1.382674e-12 1.487742e-11 6.865703e-12 2.312580e-11 fanout712
 2.541965e-12 1.351350e-11 6.865705e-12 2.292117e-11 fanout681
 1.693976e-12 7.017270e-12 1.416703e-11 2.287827e-11 fanout720
 2.531183e-12 1.344134e-11 6.865709e-12 2.283823e-11 fanout1250
 2.803863e-12 9.463300e-12 1.047886e-11 2.274602e-11 fanout1300
 2.683455e-12 1.611997e-11 3.659326e-12 2.246275e-11 fanout939
 1.386618e-12 1.413497e-11 6.865709e-12 2.238730e-11 fanout1060
 1.792115e-11 0.000000e+00 4.330275e-12 2.225142e-11 clkload23
 1.789518e-11 0.000000e+00 4.330275e-12 2.222546e-11 clkload231
 1.784408e-11 0.000000e+00 4.330275e-12 2.217435e-11 clkload48
 2.682073e-12 1.481830e-11 4.647980e-12 2.214835e-11 fanout2217
 1.779982e-11 0.000000e+00 4.330275e-12 2.213010e-11 clkload24
 1.777210e-11 0.000000e+00 4.330275e-12 2.210238e-11 clkload10
 1.775148e-11 0.000000e+00 4.330275e-12 2.208176e-11 clkload8
 1.769542e-11 0.000000e+00 4.330275e-12 2.202569e-11 clkload1
 2.563323e-12 1.185293e-11 7.514081e-12 2.193033e-11 fanout1762
 1.757716e-11 0.000000e+00 4.330275e-12 2.190744e-11 clkload2
 2.688574e-12 1.451358e-11 4.647978e-12 2.185014e-11 fanout845
 1.430408e-12 1.273547e-11 7.514087e-12 2.167997e-11 fanout1058
 2.690487e-12 1.429209e-11 4.647978e-12 2.163056e-11 fanout887
 2.670395e-12 1.430613e-11 4.647980e-12 2.162450e-11 fanout2212
 2.667055e-12 1.498000e-11 3.659326e-12 2.130638e-11 fanout933
 2.530806e-12 1.091466e-11 7.514081e-12 2.095955e-11 fanout1798
 1.383244e-12 1.267570e-11 6.865703e-12 2.092465e-11 max_cap531
 2.670568e-12 1.359207e-11 4.647978e-12 2.091062e-11 fanout776
 1.433271e-12 1.257957e-11 6.865703e-12 2.087854e-11 fanout670
 2.522885e-12 1.147150e-11 6.865708e-12 2.086009e-11 fanout2163
 2.539921e-12 1.077597e-11 7.514081e-12 2.082997e-11 fanout1774
 2.683543e-12 1.327815e-11 4.647978e-12 2.060967e-11 fanout874
 2.527036e-12 1.115823e-11 6.865716e-12 2.055098e-11 fanout2092
 2.560661e-12 1.106176e-11 6.865705e-12 2.048812e-11 fanout2154
 1.416738e-12 1.216419e-11 6.865703e-12 2.044663e-11 max_cap549
 2.666064e-12 1.309900e-11 4.647978e-12 2.041304e-11 fanout788
 2.680905e-12 1.305056e-11 4.647978e-12 2.037944e-11 fanout844
 2.527152e-12 1.095753e-11 6.865716e-12 2.035039e-11 fanout2079
 2.497820e-12 1.097950e-11 6.865716e-12 2.034303e-11 fanout2139
 1.431202e-12 1.204215e-11 6.865703e-12 2.033906e-11 fanout450
 2.666360e-12 1.299919e-11 4.647978e-12 2.031353e-11 fanout903
 2.570167e-12 1.018613e-11 7.514081e-12 2.027038e-11 fanout1787
 2.545594e-12 1.015518e-11 7.514081e-12 2.021486e-11 fanout1788
 2.679259e-12 1.280202e-11 4.647978e-12 2.012926e-11 fanout869
 2.675255e-12 1.370218e-11 3.659326e-12 2.003676e-11 fanout188
 2.564020e-12 9.809752e-12 7.514081e-12 1.988785e-11 fanout1773
 2.562701e-12 9.799756e-12 7.514081e-12 1.987654e-11 fanout1760
 2.672562e-12 1.253146e-11 4.647978e-12 1.985200e-11 fanout825
 2.672577e-12 1.253067e-11 4.647978e-12 1.985123e-11 fanout819
 2.724254e-12 1.333112e-11 3.659326e-12 1.971470e-11 fanout171
 2.564244e-12 1.022465e-11 6.865705e-12 1.965460e-11 fanout2152
 2.529248e-12 9.527408e-12 7.514082e-12 1.957074e-11 max_cap1620
 2.678256e-12 1.221624e-11 4.647978e-12 1.954248e-11 fanout846
 2.531214e-12 9.491591e-12 7.514081e-12 1.953689e-11 fanout1794
 2.675309e-12 1.312099e-11 3.659326e-12 1.945562e-11 fanout972
 2.700947e-12 1.205463e-11 4.647978e-12 1.940356e-11 fanout780
 2.680466e-12 1.201680e-11 4.647978e-12 1.934524e-11 fanout835
 2.674561e-12 1.187053e-11 4.647980e-12 1.919307e-11 fanout2187
 2.566755e-12 9.722553e-12 6.865708e-12 1.915501e-11 max_cap1296
 2.543702e-12 9.096682e-12 7.514081e-12 1.915446e-11 fanout1786
 2.578479e-12 9.041059e-12 7.514081e-12 1.913362e-11 fanout1785
 2.545076e-12 9.059383e-12 7.514081e-12 1.911854e-11 fanout1765
 2.691275e-12 1.175855e-11 4.647978e-12 1.909780e-11 fanout794
 2.685865e-12 1.275013e-11 3.659326e-12 1.909532e-11 fanout123
 1.966868e-12 9.561913e-12 7.514044e-12 1.904283e-11 fanout2072
 1.966264e-12 9.444170e-12 7.514044e-12 1.892448e-11 fanout2073
 2.562104e-12 9.377401e-12 6.865716e-12 1.880522e-11 fanout2090
 2.687943e-12 1.134685e-11 4.647978e-12 1.868277e-11 fanout860
 2.701829e-12 1.130781e-11 4.647978e-12 1.865762e-11 fanout913
 1.981756e-12 9.731459e-12 6.865753e-12 1.857897e-11 fanout1805
 2.538255e-12 9.110134e-12 6.865716e-12 1.851411e-11 fanout2128
 2.725428e-12 1.211048e-11 3.659326e-12 1.849523e-11 fanout97
 2.698195e-12 1.113060e-11 4.647980e-12 1.847678e-11 fanout2185
 2.563411e-12 9.015055e-12 6.865716e-12 1.844418e-11 fanout2080
 2.675409e-12 1.205309e-11 3.659326e-12 1.838783e-11 fanout941
 2.558304e-12 8.924236e-12 6.865716e-12 1.834826e-11 fanout2125
 1.397754e-12 9.975769e-12 6.865704e-12 1.823923e-11 max_cap678
 2.730208e-12 1.183186e-11 3.659326e-12 1.822139e-11 fanout132
 1.411782e-12 9.291300e-12 7.514092e-12 1.821717e-11 fanout582
 2.678891e-12 1.187119e-11 3.659326e-12 1.820941e-11 fanout977
 2.697717e-12 1.180810e-11 3.659326e-12 1.816514e-11 fanout83
 2.675357e-12 1.070836e-11 4.647978e-12 1.803169e-11 fanout929
 2.575597e-12 8.478466e-12 6.865716e-12 1.791978e-11 fanout2089
 2.548646e-12 8.496485e-12 6.865716e-12 1.791085e-11 fanout2103
 1.315976e-11 0.000000e+00 4.647947e-12 1.780771e-11 clkload26
 2.687372e-12 1.139219e-11 3.659326e-12 1.773889e-11 fanout113
 1.449648e-12 9.399333e-12 6.865704e-12 1.771469e-11 fanout1157
 2.689643e-12 1.033248e-11 4.647980e-12 1.767010e-11 fanout2202
 2.537227e-12 8.265412e-12 6.865716e-12 1.766835e-11 fanout2118
 2.531360e-12 8.264960e-12 6.865716e-12 1.766204e-11 fanout2109
 1.387009e-12 8.697503e-12 7.514091e-12 1.759860e-11 fanout1598
 1.978713e-12 8.672219e-12 6.865753e-12 1.751669e-11 fanout1819
 2.694167e-12 1.016548e-11 4.647978e-12 1.750763e-11 fanout868
 2.548189e-12 8.059913e-12 6.865716e-12 1.747382e-11 fanout2102
 2.707425e-12 1.008800e-11 4.647978e-12 1.744340e-11 fanout828
 2.680403e-12 1.101529e-11 3.659326e-12 1.735502e-11 fanout93
 2.700457e-12 1.095925e-11 3.659326e-12 1.731904e-11 fanout976
 2.710009e-12 9.948381e-12 4.647978e-12 1.730637e-11 fanout827
 2.702580e-12 1.092921e-11 3.659326e-12 1.729111e-11 fanout77
 2.575028e-12 7.747703e-12 6.865716e-12 1.718845e-11 fanout2107
 2.681335e-12 1.078799e-11 3.659326e-12 1.712865e-11 fanout226
 5.633356e-13 1.017190e-11 6.341716e-12 1.707695e-11 _24959_
 1.402907e-12 8.134569e-12 7.514091e-12 1.705157e-11 fanout1596
 2.698908e-12 1.064251e-11 3.659326e-12 1.700074e-11 fanout151
 2.348636e-12 1.096456e-11 3.659321e-12 1.697252e-11 fanout553
 1.564583e-12 1.108255e-11 4.325248e-12 1.697238e-11 hold414
 2.712460e-12 1.058020e-11 3.659326e-12 1.695198e-11 fanout73
 5.772308e-13 2.133971e-12 1.416739e-11 1.687859e-11 max_cap693
 2.697113e-12 9.451911e-12 4.647978e-12 1.679700e-11 fanout833
 2.695207e-12 1.043910e-11 3.659326e-12 1.679363e-11 fanout207
 1.388449e-12 7.859029e-12 7.514096e-12 1.676157e-11 fanout1034
 1.406956e-12 8.322530e-12 6.865703e-12 1.659519e-11 max_cap445
 2.682131e-12 1.024250e-11 3.659326e-12 1.658395e-11 fanout204
 2.683384e-12 9.210015e-12 4.647978e-12 1.654138e-11 fanout840
 2.703552e-12 1.011164e-11 3.659326e-12 1.647452e-11 fanout121
 2.693602e-12 9.060259e-12 4.647978e-12 1.640184e-11 fanout818
 1.397547e-12 7.467985e-12 7.514079e-12 1.637961e-11 max_cap622
 2.677079e-12 1.003446e-11 3.659326e-12 1.637087e-11 fanout161
 1.395239e-12 7.405327e-12 7.514087e-12 1.631465e-11 fanout1181
 1.425750e-12 7.973855e-12 6.865703e-12 1.626531e-11 fanout466
 1.405634e-12 7.920232e-12 6.865703e-12 1.619157e-11 fanout1226
 1.412023e-12 7.060962e-12 7.514087e-12 1.598707e-11 fanout1177
 2.682024e-12 8.623037e-12 4.647978e-12 1.595304e-11 fanout863
 1.395976e-12 6.991584e-12 7.514079e-12 1.590164e-11 max_cap491
 1.397301e-12 7.573168e-12 6.865709e-12 1.583618e-11 fanout1059
 2.675069e-12 8.485226e-12 4.647978e-12 1.580827e-11 fanout927
 1.396257e-12 6.838403e-12 7.514087e-12 1.574875e-11 fanout1175
 2.677421e-12 9.335943e-12 3.659326e-12 1.567269e-11 fanout134
 1.395379e-12 6.723400e-12 7.514092e-12 1.563287e-11 fanout577
 5.638464e-13 4.548672e-12 1.047880e-11 1.559132e-11 fanout500
 2.730566e-12 9.063905e-12 3.659326e-12 1.545380e-11 fanout275
 1.408146e-12 7.168547e-12 6.865703e-12 1.544240e-11 fanout1287
 1.411807e-12 6.319497e-12 7.514092e-12 1.524540e-11 fanout579
 5.610483e-13 3.845400e-12 1.047880e-11 1.488525e-11 fanout532
 1.416456e-12 6.362084e-12 6.865705e-12 1.464425e-11 fanout1685
 8.482953e-13 6.817266e-12 6.865748e-12 1.453131e-11 fanout1678
 2.699974e-12 8.123967e-12 3.659326e-12 1.448327e-11 fanout105
 5.684697e-13 3.342162e-12 1.047880e-11 1.438943e-11 fanout660
 1.281796e-12 8.565233e-12 4.325216e-12 1.417224e-11 fanout1771
 2.199492e-12 7.549651e-12 4.325249e-12 1.407439e-11 fanout1413
 8.398692e-13 5.454187e-12 7.514048e-12 1.380810e-11 fanout1632
 1.296259e-12 7.497129e-12 4.876286e-12 1.366967e-11 fanout2091
 1.286070e-12 7.318506e-12 4.876286e-12 1.348086e-11 fanout2112
 8.424076e-13 5.114797e-12 7.514048e-12 1.347125e-11 fanout1625
 1.286711e-12 7.245699e-12 4.876286e-12 1.340870e-11 fanout2106
 5.725401e-13 2.182983e-12 1.047880e-11 1.323432e-11 max_cap1245
 1.285663e-12 7.568673e-12 4.325216e-12 1.317955e-11 fanout1793
 1.299252e-12 7.488409e-12 4.325216e-12 1.311288e-11 fanout1778
 1.297132e-12 6.815285e-12 4.876286e-12 1.298870e-11 fanout2142
 1.285080e-12 6.746729e-12 4.876286e-12 1.290810e-11 fanout2135
 8.444817e-13 4.418626e-12 7.514039e-12 1.277715e-11 fanout2061
 1.292568e-12 6.597181e-12 4.876286e-12 1.276604e-11 fanout2144
 1.290168e-12 6.497569e-12 4.876286e-12 1.266402e-11 fanout2088
 1.292038e-12 6.482279e-12 4.876286e-12 1.265060e-11 fanout2115
 1.298227e-12 6.425983e-12 4.876286e-12 1.260050e-11 fanout2132
 1.292590e-12 6.322475e-12 4.876286e-12 1.249135e-11 fanout2120
 1.300028e-12 6.120516e-12 4.876286e-12 1.229683e-11 fanout2141
 1.289364e-12 6.637446e-12 4.325216e-12 1.225203e-11 fanout1767
 8.447073e-13 3.863649e-12 7.514048e-12 1.222240e-11 fanout1630
 1.295934e-12 6.043205e-12 4.876286e-12 1.221542e-11 fanout2085
 1.307032e-12 5.933822e-12 4.876286e-12 1.211714e-11 fanout2130
 1.301003e-12 5.926887e-12 4.876286e-12 1.210418e-11 fanout2140
 1.308224e-12 5.898268e-12 4.876286e-12 1.208278e-11 fanout2100
 1.291887e-12 6.398409e-12 4.325216e-12 1.201551e-11 fanout1783
 1.301220e-12 6.326236e-12 4.325216e-12 1.195267e-11 fanout1781
 1.592076e-12 5.990666e-12 4.325252e-12 1.190799e-11 fanout1348
 8.468294e-13 4.183228e-12 6.865758e-12 1.189581e-11 fanout1828
 1.313768e-12 5.647558e-12 4.876286e-12 1.183761e-11 fanout2116
 1.301036e-12 6.094130e-12 4.325216e-12 1.172038e-11 fanout1763
 1.598145e-12 5.777713e-12 4.325252e-12 1.170111e-11 fanout1461
 5.774196e-13 9.101693e-12 1.894867e-12 1.157398e-11 _26543_
 1.590897e-12 5.631667e-12 4.325252e-12 1.154782e-11 fanout1433
 1.303166e-12 5.332426e-12 4.876286e-12 1.151188e-11 fanout2134
 1.007276e-12 5.560559e-12 4.876254e-12 1.144409e-11 fanout1812
 1.296327e-12 5.232153e-12 4.876294e-12 1.140477e-11 fanout1465
 1.612391e-12 5.456335e-12 4.325245e-12 1.139397e-11 fanout1383
 7.074046e-13 5.803314e-12 4.876296e-12 1.138701e-11 fanout1132
 1.620071e-12 5.422846e-12 4.325245e-12 1.136816e-11 fanout1420
 9.432055e-12 0.000000e+00 1.895039e-12 1.132709e-11 clkload299
 1.601924e-12 5.386603e-12 4.325249e-12 1.131378e-11 fanout1470
 9.398530e-12 0.000000e+00 1.895039e-12 1.129357e-11 clkload296
 9.355816e-12 0.000000e+00 1.895039e-12 1.125085e-11 clkload123
 1.013378e-12 5.360230e-12 4.876254e-12 1.124986e-11 fanout1813
 9.335107e-12 0.000000e+00 1.895039e-12 1.123015e-11 clkload161
 9.326928e-12 0.000000e+00 1.895039e-12 1.122197e-11 clkload247
 9.320605e-12 0.000000e+00 1.895039e-12 1.121564e-11 clkload236
 9.320373e-12 0.000000e+00 1.895039e-12 1.121541e-11 clkload293
 9.318009e-12 0.000000e+00 1.895039e-12 1.121305e-11 clkload169
 9.313974e-12 0.000000e+00 1.895039e-12 1.120901e-11 clkload292
 9.310896e-12 0.000000e+00 1.895039e-12 1.120593e-11 clkload147
 9.307144e-12 0.000000e+00 1.895039e-12 1.120218e-11 clkload112
 9.305263e-12 0.000000e+00 1.895039e-12 1.120030e-11 clkload237
 9.302140e-12 0.000000e+00 1.895039e-12 1.119718e-11 clkload136
 1.003694e-12 5.316222e-12 4.876254e-12 1.119617e-11 fanout1801
 9.292866e-12 0.000000e+00 1.895039e-12 1.118790e-11 clkload114
 1.600347e-12 5.258541e-12 4.325249e-12 1.118414e-11 fanout1424
 9.282230e-12 0.000000e+00 1.895039e-12 1.117727e-11 clkload235
 9.281887e-12 0.000000e+00 1.895039e-12 1.117693e-11 clkload118
 9.277928e-12 0.000000e+00 1.895039e-12 1.117297e-11 clkload162
 9.273898e-12 0.000000e+00 1.895039e-12 1.116894e-11 clkload329
 1.292465e-12 5.543610e-12 4.325216e-12 1.116129e-11 fanout1769
 9.263216e-12 0.000000e+00 1.895039e-12 1.115825e-11 clkload163
 9.262419e-12 0.000000e+00 1.895039e-12 1.115746e-11 clkload271
 9.255124e-12 0.000000e+00 1.895039e-12 1.115016e-11 clkload300
 9.253205e-12 0.000000e+00 1.895039e-12 1.114824e-11 clkload334
 9.252935e-12 0.000000e+00 1.895039e-12 1.114797e-11 clkload68
 9.252565e-12 0.000000e+00 1.895039e-12 1.114760e-11 clkload187
 9.248799e-12 0.000000e+00 1.895039e-12 1.114384e-11 clkload304
 9.244242e-12 0.000000e+00 1.895039e-12 1.113928e-11 clkload78
 9.238102e-12 0.000000e+00 1.895039e-12 1.113314e-11 clkload288
 9.235680e-12 0.000000e+00 1.895039e-12 1.113072e-11 clkload65
 9.231248e-12 0.000000e+00 1.895039e-12 1.112629e-11 clkload87
 9.214215e-12 0.000000e+00 1.895039e-12 1.110925e-11 clkload85
 9.213056e-12 0.000000e+00 1.895039e-12 1.110809e-11 clkload286
 9.200048e-12 0.000000e+00 1.895039e-12 1.109509e-11 clkload303
 9.196603e-12 0.000000e+00 1.895039e-12 1.109164e-11 clkload314
 9.188312e-12 0.000000e+00 1.895039e-12 1.108335e-11 clkload284
 9.166085e-12 0.000000e+00 1.895039e-12 1.106112e-11 clkload45
 9.162273e-12 0.000000e+00 1.895039e-12 1.105731e-11 clkload51
 9.160350e-12 0.000000e+00 1.895039e-12 1.105539e-11 clkload57
 1.299630e-12 4.871028e-12 4.876286e-12 1.104694e-11 fanout2145
 1.298581e-12 4.859419e-12 4.876286e-12 1.103429e-11 fanout2119
 1.602614e-12 5.098644e-12 4.325245e-12 1.102650e-11 fanout1403
 1.602137e-12 5.084294e-12 4.325249e-12 1.101168e-11 fanout1376
 7.078291e-13 5.409017e-12 4.876299e-12 1.099314e-11 fanout1579
 1.601829e-12 5.065555e-12 4.325246e-12 1.099263e-11 fanout1522
 1.300544e-12 4.797608e-12 4.876286e-12 1.097444e-11 fanout2122
 9.078583e-12 0.000000e+00 1.895039e-12 1.097362e-11 clkload38
 1.614280e-12 4.891711e-12 4.325242e-12 1.083123e-11 fanout1447
 1.012600e-12 4.936747e-12 4.876254e-12 1.082560e-11 fanout1814
 1.316081e-12 4.374199e-12 4.876294e-12 1.056657e-11 fanout1363
 2.279188e-19 1.296927e-18 1.047898e-11 1.047899e-11 fanout2479
 1.302145e-12 4.283800e-12 4.876286e-12 1.046223e-11 fanout2133
 7.111641e-13 4.855922e-12 4.876299e-12 1.044338e-11 fanout1573
 1.314305e-12 4.235702e-12 4.876292e-12 1.042630e-11 fanout1490
 7.103216e-13 4.683040e-12 4.876299e-12 1.026966e-11 fanout1556
 7.128556e-13 4.634322e-12 4.876292e-12 1.022347e-11 fanout1209
 7.128744e-13 4.633538e-12 4.876292e-12 1.022270e-11 fanout1213
 7.104283e-13 5.167275e-12 4.325203e-12 1.020291e-11 fanout1033
 1.012483e-12 4.203840e-12 4.876254e-12 1.009258e-11 fanout1816
 7.126242e-13 4.423087e-12 4.876296e-12 1.001201e-11 fanout1143
 2.769326e-13 2.777714e-12 6.865699e-12 9.920346e-12 max_cap495
 7.169129e-13 4.283036e-12 4.876296e-12 9.876246e-12 fanout1150
 7.145085e-13 4.280484e-12 4.876292e-12 9.871284e-12 fanout1219
 7.159044e-13 4.257953e-12 4.876292e-12 9.850149e-12 fanout1214
 7.151338e-13 4.218330e-12 4.876299e-12 9.809762e-12 fanout1541
 7.141373e-13 4.190198e-12 4.876292e-12 9.780626e-12 fanout1206
 7.156028e-13 4.725143e-12 4.325210e-12 9.765956e-12 fanout1172
 7.156288e-13 4.173399e-12 4.876292e-12 9.765319e-12 fanout1188
 7.173238e-13 4.150007e-12 4.876296e-12 9.743627e-12 fanout1154
 1.272243e-12 4.801360e-12 3.659383e-12 9.732985e-12 fanout1485
 7.126336e-13 4.142517e-12 4.876296e-12 9.731447e-12 fanout1122
 7.206400e-13 4.123969e-12 4.876292e-12 9.720900e-12 fanout1211
 7.158768e-13 4.072656e-12 4.876296e-12 9.664829e-12 fanout1149
 2.785449e-13 2.500567e-12 6.865699e-12 9.644811e-12 max_cap606
 7.138540e-13 4.027296e-12 4.876296e-12 9.617446e-12 fanout1120
 7.159611e-13 3.982344e-12 4.876292e-12 9.574596e-12 fanout1203
 7.110474e-13 4.537223e-12 4.325203e-12 9.573474e-12 fanout1025
 7.164735e-13 3.960254e-12 4.876296e-12 9.553023e-12 fanout1129
 7.180779e-13 3.939467e-12 4.876296e-12 9.533841e-12 fanout1153
 7.184500e-13 3.900441e-12 4.876296e-12 9.495188e-12 fanout1115
 7.129955e-13 4.455004e-12 4.325203e-12 9.493203e-12 fanout1030
 7.191285e-13 4.437525e-12 4.325203e-12 9.481856e-12 fanout1010
 1.217945e-12 4.591524e-12 3.659383e-12 9.468851e-12 fanout1483
 7.171168e-13 3.856763e-12 4.876292e-12 9.450172e-12 fanout1189
 7.213527e-13 3.813313e-12 4.876296e-12 9.410962e-12 fanout1127
 7.187202e-13 3.810666e-12 4.876292e-12 9.405678e-12 fanout1182
 1.233911e-12 4.508108e-12 3.659387e-12 9.401407e-12 fanout1392
 7.181467e-13 3.797528e-12 4.876299e-12 9.391973e-12 fanout1540
 7.154701e-13 3.733886e-12 4.876299e-12 9.325655e-12 fanout1567
 7.181523e-13 3.705200e-12 4.876292e-12 9.299644e-12 fanout1200
 7.197664e-13 3.645525e-12 4.876296e-12 9.241588e-12 fanout1119
 7.203678e-13 3.621449e-12 4.876292e-12 9.218108e-12 fanout1197
 7.179284e-13 3.613756e-12 4.876292e-12 9.207976e-12 fanout1193
 8.910368e-13 4.643471e-12 3.659387e-12 9.193896e-12 fanout1520
 1.009847e-12 3.844207e-12 4.325245e-12 9.179299e-12 fanout1442
 7.209561e-13 3.568055e-12 4.876296e-12 9.165307e-12 fanout1113
 7.197357e-13 3.551245e-12 4.876292e-12 9.147272e-12 fanout1210
 7.181088e-13 3.542914e-12 4.876296e-12 9.137319e-12 fanout1142
 7.202691e-13 3.534717e-12 4.876296e-12 9.131283e-12 fanout1133
 7.248348e-13 3.527035e-12 4.876296e-12 9.128165e-12 fanout1146
 8.939260e-13 4.531903e-12 3.659383e-12 9.085212e-12 fanout1498
 7.171411e-13 3.481314e-12 4.876292e-12 9.074746e-12 fanout1212
 7.158752e-13 4.009191e-12 4.325203e-12 9.050270e-12 fanout1000
 7.575993e-13 3.627755e-12 4.647990e-12 9.033344e-12 fanout1365
 9.083245e-13 4.465114e-12 3.659383e-12 9.032821e-12 fanout1347
 9.231010e-13 4.437231e-12 3.659393e-12 9.019725e-12 fanout1463
 7.228420e-13 3.402675e-12 4.876299e-12 9.001815e-12 fanout1575
 7.170067e-13 3.381369e-12 4.876299e-12 8.974673e-12 fanout1555
 7.214546e-13 3.351446e-12 4.876299e-12 8.949199e-12 fanout433
 7.188616e-13 3.345623e-12 4.876299e-12 8.940783e-12 fanout1546
 7.190186e-13 3.345367e-12 4.876299e-12 8.940685e-12 fanout1577
 2.802151e-13 1.789908e-12 6.865699e-12 8.935823e-12 max_cap645
 7.212296e-13 3.334023e-12 4.876296e-12 8.931548e-12 fanout1137
 7.235027e-13 3.326543e-12 4.876299e-12 8.926344e-12 fanout286
 1.033563e-12 3.548789e-12 4.325243e-12 8.907595e-12 fanout1438
 7.259926e-13 3.283595e-12 4.876296e-12 8.885883e-12 fanout1147
 7.180590e-13 3.271839e-12 4.876297e-12 8.866195e-12 fanout1039
 7.188184e-13 3.269823e-12 4.876296e-12 8.864937e-12 fanout1111
 7.204096e-13 3.264629e-12 4.876299e-12 8.861337e-12 fanout1539
 1.020476e-12 3.508940e-12 4.325255e-12 8.854670e-12 fanout1366
 1.020836e-12 3.497708e-12 4.325245e-12 8.843789e-12 fanout1430
 7.198545e-13 3.236938e-12 4.876292e-12 8.833084e-12 fanout1201
 7.295045e-13 3.216958e-12 4.876299e-12 8.822762e-12 fanout1557
 1.021224e-12 3.464288e-12 4.325245e-12 8.810756e-12 fanout1408
 7.283907e-13 3.202920e-12 4.876299e-12 8.807609e-12 fanout1533
 7.167367e-13 3.748065e-12 4.325203e-12 8.790005e-12 fanout1027
 1.014130e-12 3.437150e-12 4.325243e-12 8.776523e-12 fanout1476
 2.801829e-13 1.621481e-12 6.865699e-12 8.767364e-12 fanout1078
 9.292146e-13 4.170097e-12 3.659387e-12 8.758699e-12 fanout1511
 7.223766e-13 3.142874e-12 4.876296e-12 8.741546e-12 fanout1135
 7.240967e-13 3.132979e-12 4.876296e-12 8.733372e-12 fanout1118
 7.186424e-13 3.665379e-12 4.325203e-12 8.709224e-12 fanout1021
 7.392501e-13 3.070880e-12 4.876299e-12 8.686428e-12 fanout193
 1.026441e-12 3.317873e-12 4.325242e-12 8.669555e-12 fanout1455
 7.247293e-13 3.037666e-12 4.876292e-12 8.638687e-12 fanout1196
 7.181183e-13 3.041172e-12 4.876299e-12 8.635589e-12 fanout1568
 7.209570e-13 3.027196e-12 4.876292e-12 8.624445e-12 fanout1218
 2.820786e-13 1.473964e-12 6.865699e-12 8.621742e-12 max_cap655
 9.079749e-13 4.054185e-12 3.659383e-12 8.621543e-12 fanout1505
 7.199878e-13 3.020913e-12 4.876299e-12 8.617200e-12 fanout1544
 7.309701e-13 3.230155e-12 4.647975e-12 8.609100e-12 fanout2110
 7.263041e-13 3.003808e-12 4.876297e-12 8.606409e-12 fanout414
 7.204411e-13 3.003398e-12 4.876292e-12 8.600131e-12 fanout1192
 9.310918e-13 3.992001e-12 3.659375e-12 8.582468e-12 fanout1386
 7.205023e-13 3.516754e-12 4.325206e-12 8.562463e-12 fanout1302
 7.242151e-13 2.952182e-12 4.876296e-12 8.552693e-12 fanout1126
 8.984955e-13 3.993395e-12 3.659387e-12 8.551278e-12 fanout1509
 7.204051e-13 2.943594e-12 4.876299e-12 8.540299e-12 fanout1548
 7.165922e-13 3.482108e-12 4.325203e-12 8.523904e-12 fanout1014
 7.185729e-13 2.919547e-12 4.876299e-12 8.514418e-12 fanout1570
 7.227330e-13 2.907761e-12 4.876299e-12 8.506792e-12 fanout67
 7.260199e-13 3.434265e-12 4.325203e-12 8.485488e-12 fanout998
 1.014810e-12 3.125888e-12 4.325255e-12 8.465953e-12 fanout1452
 7.320927e-13 3.014627e-12 4.647975e-12 8.394695e-12 fanout2104
 4.264478e-13 3.089269e-12 4.876259e-12 8.391975e-12 fanout1657
 9.025358e-13 3.794593e-12 3.659381e-12 8.356509e-12 fanout1361
 9.057019e-13 3.788874e-12 3.659381e-12 8.353956e-12 fanout1382
 7.219336e-13 2.744949e-12 4.876299e-12 8.343182e-12 fanout601
 7.331797e-13 2.720039e-12 4.876297e-12 8.329516e-12 fanout416
 7.263053e-13 2.725780e-12 4.876299e-12 8.328384e-12 fanout214
 7.351813e-13 2.909185e-12 4.647975e-12 8.292342e-12 fanout2081
 7.259478e-13 2.689904e-12 4.876296e-12 8.292147e-12 fanout1116
 7.202093e-13 3.225429e-12 4.325203e-12 8.270841e-12 fanout1018
 7.252279e-13 2.643547e-12 4.876299e-12 8.245073e-12 fanout1562
 2.808167e-13 1.095696e-12 6.865699e-12 8.242212e-12 max_cap661
 7.282475e-13 2.637437e-12 4.876299e-12 8.241983e-12 fanout1554
 9.301369e-13 3.620696e-12 3.659381e-12 8.210214e-12 fanout1362
 7.236689e-13 3.151705e-12 4.325203e-12 8.200577e-12 fanout1007
 7.246867e-13 2.580300e-12 4.876299e-12 8.181286e-12 fanout432
 7.339031e-13 2.560298e-12 4.876296e-12 8.170497e-12 fanout1460
 4.456192e-13 3.385198e-12 4.325250e-12 8.156067e-12 hold726
 7.223514e-13 3.106371e-12 4.325203e-12 8.153926e-12 fanout999
 7.296908e-13 2.757947e-12 4.647975e-12 8.135613e-12 fanout2094
 4.283097e-13 2.819827e-12 4.876259e-12 8.124395e-12 fanout1670
 4.103100e-13 3.056416e-12 4.647997e-12 8.114723e-12 fanout371
 7.319809e-13 2.493171e-12 4.876299e-12 8.101450e-12 fanout80
 4.288803e-13 2.790351e-12 4.876259e-12 8.095490e-12 fanout1661
 7.193550e-13 3.040692e-12 4.325203e-12 8.085249e-12 fanout1028
 7.339656e-13 2.696340e-12 4.647990e-12 8.078295e-12 fanout1364
 7.302306e-13 2.689075e-12 4.647990e-12 8.067296e-12 fanout1466
 7.301763e-13 2.451377e-12 4.876299e-12 8.057852e-12 fanout265
 7.453627e-13 2.655831e-12 4.647978e-12 8.049172e-12 fanout1450
 4.279154e-13 2.732458e-12 4.876259e-12 8.036632e-12 fanout1645
 7.197903e-13 2.991225e-12 4.325203e-12 8.036218e-12 fanout1002
 4.254046e-13 3.282585e-12 4.325236e-12 8.033227e-12 fanout1964
 7.217852e-13 2.978976e-12 4.325203e-12 8.025964e-12 fanout995
 9.082387e-13 3.453907e-12 3.659387e-12 8.021533e-12 fanout1401
 4.270219e-13 2.666424e-12 4.876259e-12 7.969705e-12 fanout1667
 7.186748e-13 2.911972e-12 4.325205e-12 7.955852e-12 fanout231
 9.018774e-13 3.354558e-12 3.659375e-12 7.915810e-12 fanout1474
 4.304981e-13 2.595728e-12 4.876259e-12 7.902484e-12 fanout1658
 4.273191e-13 2.591591e-12 4.876259e-12 7.895169e-12 fanout1674
 9.043597e-13 3.318430e-12 3.659383e-12 7.882172e-12 fanout1395
 4.326756e-13 2.540221e-12 4.876259e-12 7.849155e-12 fanout1647
 7.236276e-13 2.794164e-12 4.325203e-12 7.842995e-12 fanout138
 7.236686e-13 2.766357e-12 4.325203e-12 7.815229e-12 fanout173
 7.319474e-13 2.753259e-12 4.325203e-12 7.810409e-12 fanout179
 4.276955e-13 2.492954e-12 4.876259e-12 7.796908e-12 fanout1663
 4.289637e-13 2.477238e-12 4.876259e-12 7.782460e-12 fanout1651
 4.282671e-13 2.452106e-12 4.876259e-12 7.756632e-12 fanout1652
 7.425927e-13 2.674188e-12 4.325203e-12 7.741984e-12 fanout109
 7.209795e-13 2.694698e-12 4.325203e-12 7.740881e-12 fanout1004
 7.277410e-13 2.662352e-12 4.325203e-12 7.715296e-12 fanout434
 7.240130e-13 2.656749e-12 4.325205e-12 7.705967e-12 fanout1592
 7.320240e-13 2.629445e-12 4.325203e-12 7.686672e-12 fanout1015
 4.297364e-13 2.363228e-12 4.876259e-12 7.669223e-12 fanout1640
 7.340769e-13 2.279226e-12 4.647990e-12 7.661293e-12 fanout1379
 4.290406e-13 2.355609e-12 4.876259e-12 7.660908e-12 fanout1668
 7.310516e-13 3.269777e-12 3.659328e-12 7.660157e-12 fanout1795
 7.284610e-13 2.587056e-12 4.325203e-12 7.640721e-12 fanout360
 4.298872e-13 2.331642e-12 4.876259e-12 7.637788e-12 fanout1665
 7.295252e-13 2.582727e-12 4.325203e-12 7.637455e-12 fanout142
 4.298623e-13 2.329614e-12 4.876259e-12 7.635735e-12 fanout1649
 8.942439e-13 3.076341e-12 3.659383e-12 7.629968e-12 fanout1355
 4.296194e-13 2.307972e-12 4.876250e-12 7.613841e-12 fanout1823
 4.299499e-13 2.263991e-12 4.876259e-12 7.570200e-12 fanout1638
 7.255915e-13 2.496492e-12 4.325203e-12 7.547287e-12 fanout1011
 4.030117e-13 2.485535e-12 4.647997e-12 7.536544e-12 fanout1565
 7.273526e-13 2.483634e-12 4.325203e-12 7.536190e-12 fanout356
 8.930469e-13 2.977034e-12 3.659393e-12 7.529474e-12 fanout1435
 8.997328e-13 2.952357e-12 3.659387e-12 7.511478e-12 fanout1471
 9.163760e-13 2.926758e-12 3.659381e-12 7.502514e-12 fanout1359
 4.308559e-13 2.189671e-12 4.876259e-12 7.496786e-12 fanout1675
 7.493226e-13 2.096230e-12 4.647973e-12 7.493526e-12 fanout1330
 4.312569e-13 2.183839e-12 4.876259e-12 7.491355e-12 fanout1646
 4.864298e-13 3.319611e-12 3.659352e-12 7.465393e-12 fanout390
 4.283754e-13 2.660953e-12 4.325252e-12 7.414579e-12 fanout2059
 4.041244e-13 2.351167e-12 4.647997e-12 7.403288e-12 fanout1543
 4.114403e-13 2.341703e-12 4.647985e-12 7.401128e-12 fanout1191
 4.308617e-13 2.078574e-12 4.876250e-12 7.385686e-12 fanout1829
 8.990146e-13 2.824088e-12 3.659375e-12 7.382477e-12 fanout1516
 4.031563e-13 2.317541e-12 4.647997e-12 7.368694e-12 fanout1572
 4.047187e-13 2.303182e-12 4.647997e-12 7.355899e-12 fanout1536
 4.299060e-13 2.005970e-12 4.876259e-12 7.312135e-12 fanout1656
 4.324127e-13 1.972940e-12 4.876259e-12 7.281612e-12 fanout1648
 4.318038e-13 1.935598e-12 4.876259e-12 7.243661e-12 fanout1673
 4.052457e-13 2.171651e-12 4.647992e-12 7.224889e-12 fanout1136
 5.909004e-13 2.973695e-12 3.659398e-12 7.223993e-12 fanout1454
 4.322666e-13 1.901554e-12 4.876259e-12 7.210080e-12 fanout1633
 7.284895e-13 2.134456e-12 4.325203e-12 7.188149e-12 fanout352
 4.285026e-13 2.428555e-12 4.325236e-12 7.182294e-12 fanout2016
 4.042706e-13 2.106500e-12 4.647997e-12 7.158768e-12 fanout1564
 4.039711e-13 2.088446e-12 4.647985e-12 7.140403e-12 fanout1208
 4.322691e-13 1.824442e-12 4.876259e-12 7.132970e-12 fanout1671
 9.309373e-13 2.513034e-12 3.659375e-12 7.103347e-12 fanout1448
 4.044488e-13 2.039117e-12 4.647997e-12 7.091563e-12 fanout1561
 4.067112e-13 2.030655e-12 4.647997e-12 7.085363e-12 fanout261
 6.988373e-12 0.000000e+00 9.555461e-14 7.083928e-12 clkload295
 4.048997e-13 2.028799e-12 4.647985e-12 7.081683e-12 fanout1215
 4.117422e-13 2.018057e-12 4.647997e-12 7.077797e-12 fanout91
 4.072255e-13 2.020206e-12 4.647997e-12 7.075429e-12 fanout1551
 4.051923e-13 2.013358e-12 4.647985e-12 7.066536e-12 fanout1184
 6.966719e-12 0.000000e+00 9.555461e-14 7.062274e-12 clkload103
 6.958247e-12 0.000000e+00 9.555461e-14 7.053802e-12 clkload28
 6.951268e-12 0.000000e+00 9.555461e-14 7.046822e-12 clkload121
 6.947231e-12 0.000000e+00 9.555461e-14 7.042785e-12 clkload148
 5.896346e-13 2.785835e-12 3.659375e-12 7.034845e-12 fanout1514
 6.936876e-12 0.000000e+00 9.555461e-14 7.032430e-12 clkload219
 6.934832e-12 0.000000e+00 9.555461e-14 7.030387e-12 clkload151
 5.877104e-13 2.770373e-12 3.659381e-12 7.017464e-12 fanout1371
 6.907694e-12 0.000000e+00 9.555461e-14 7.003249e-12 clkload115
 6.899704e-12 0.000000e+00 9.555461e-14 6.995259e-12 clkload264
 6.890878e-12 0.000000e+00 9.555461e-14 6.986433e-12 clkload272
 4.097711e-13 1.916226e-12 4.647992e-12 6.973989e-12 fanout1458
 4.095180e-13 1.909518e-12 4.647995e-12 6.967031e-12 fanout1041
 4.091190e-13 1.906523e-12 4.647997e-12 6.963639e-12 fanout190
 6.868022e-12 0.000000e+00 9.555461e-14 6.963577e-12 clkload200
 6.854205e-12 0.000000e+00 9.555461e-14 6.949759e-12 clkload131
 6.843488e-12 0.000000e+00 9.555461e-14 6.939043e-12 clkload198
 4.112797e-13 1.872111e-12 4.647995e-12 6.931386e-12 fanout415
 6.831976e-12 0.000000e+00 9.555461e-14 6.927530e-12 clkload330
 6.827764e-12 0.000000e+00 9.555461e-14 6.923319e-12 clkload185
 6.821705e-12 0.000000e+00 9.555461e-14 6.917259e-12 clkload181
 6.814970e-12 0.000000e+00 9.555461e-14 6.910525e-12 clkload77
 6.782230e-12 0.000000e+00 9.555461e-14 6.877784e-12 clkload168
 6.779643e-12 0.000000e+00 9.555461e-14 6.875197e-12 clkload76
 1.126433e-19 5.289896e-19 6.865732e-12 6.865732e-12 fanout2462
 6.757972e-12 0.000000e+00 9.555461e-14 6.853527e-12 clkload302
 6.751403e-12 0.000000e+00 9.555461e-14 6.846957e-12 clkload308
 6.744631e-12 0.000000e+00 9.555461e-14 6.840186e-12 clkload277
 4.108734e-13 1.766011e-12 4.647997e-12 6.824882e-12 fanout81
 6.728494e-12 0.000000e+00 9.555461e-14 6.824049e-12 clkload311
 4.065697e-13 1.765731e-12 4.647992e-12 6.820293e-12 fanout1138
 6.717848e-12 0.000000e+00 9.555461e-14 6.813403e-12 clkload184
 6.717469e-12 0.000000e+00 9.555461e-14 6.813023e-12 clkload319
 4.290553e-13 2.058272e-12 4.325236e-12 6.812564e-12 fanout2033
 4.184231e-13 1.709757e-12 4.647997e-12 6.776178e-12 fanout99
 5.765891e-13 2.516753e-12 3.659375e-12 6.752717e-12 fanout1494
 4.051046e-13 1.688487e-12 4.647992e-12 6.741584e-12 fanout1123
 4.212543e-13 1.651164e-12 4.647995e-12 6.720412e-12 fanout1875
 6.609908e-12 0.000000e+00 9.555461e-14 6.705463e-12 clkload229
 4.889683e-13 2.531204e-12 3.659352e-12 6.679524e-12 fanout386
 5.884395e-13 2.420145e-12 3.659398e-12 6.667982e-12 fanout1368
 4.115868e-13 1.604253e-12 4.647992e-12 6.663833e-12 fanout1459
 4.843546e-13 2.518441e-12 3.659352e-12 6.662147e-12 fanout388
 4.064923e-13 1.606348e-12 4.647995e-12 6.660835e-12 fanout1048
 5.850861e-13 2.400640e-12 3.659383e-12 6.645109e-12 fanout1884
 4.034543e-13 2.580696e-12 3.659309e-12 6.643458e-12 fanout1590
 4.197530e-13 1.563740e-12 4.647997e-12 6.631490e-12 fanout136
 5.701772e-13 2.394111e-12 3.659370e-12 6.623659e-12 fanout1334
 5.859535e-13 2.362595e-12 3.659390e-12 6.607938e-12 fanout1333
 4.047403e-13 1.545424e-12 4.647997e-12 6.598162e-12 fanout369
 4.240240e-13 1.516344e-12 4.647997e-12 6.588365e-12 fanout200
 5.737566e-13 2.337851e-12 3.659390e-12 6.570998e-12 fanout1331
 4.054476e-13 1.515890e-12 4.647995e-12 6.569332e-12 fanout1044
 4.158503e-13 1.493293e-12 4.647997e-12 6.557141e-12 fanout101
 4.080821e-13 1.500750e-12 4.647997e-12 6.556829e-12 fanout1558
 5.906430e-13 2.301587e-12 3.659381e-12 6.551610e-12 fanout1409
 5.734018e-13 2.304932e-12 3.659398e-12 6.537732e-12 fanout1367
 4.056452e-13 1.480396e-12 4.647997e-12 6.534039e-12 fanout598
 4.040421e-13 2.465726e-12 3.659306e-12 6.529074e-12 fanout1001
 4.066182e-13 1.443821e-12 4.647992e-12 6.498432e-12 fanout1140
 4.848649e-13 2.313975e-12 3.659352e-12 6.458192e-12 fanout389
 4.911329e-13 2.248981e-12 3.659352e-12 6.399466e-12 fanout387
 6.260319e-12 0.000000e+00 9.555461e-14 6.355873e-12 clkload27
 6.253505e-12 0.000000e+00 9.555461e-14 6.349059e-12 clkload25
 6.226776e-12 0.000000e+00 9.555461e-14 6.322331e-12 clkload21
 4.387359e-13 1.543282e-12 4.325242e-12 6.307260e-12 fanout1326
 5.770502e-13 2.056600e-12 3.659375e-12 6.293026e-12 fanout1456
 5.717449e-13 2.048966e-12 3.659381e-12 6.280092e-12 fanout1422
 4.048101e-13 2.205819e-12 3.659306e-12 6.269935e-12 fanout1005
 2.424749e-13 1.327599e-12 4.647926e-12 6.218000e-12 fanout1643
 2.435142e-13 1.249330e-12 4.647926e-12 6.140770e-12 fanout1659
 2.432764e-13 1.227330e-12 4.647926e-12 6.118533e-12 fanout1662
 4.048229e-13 2.048239e-12 3.659306e-12 6.112368e-12 fanout1008
 5.885120e-13 1.841168e-12 3.659375e-12 6.089056e-12 fanout1457
 4.075750e-13 2.017455e-12 3.659306e-12 6.084335e-12 fanout1013
 4.049932e-13 1.997861e-12 3.659306e-12 6.062160e-12 fanout1019
 5.762210e-13 1.816713e-12 3.659375e-12 6.052309e-12 fanout1493
 2.432641e-13 1.140445e-12 4.647926e-12 6.031634e-12 fanout1637
 4.189536e-13 1.938959e-12 3.659306e-12 6.017219e-12 fanout145
 2.426943e-13 1.105418e-12 4.647926e-12 5.996039e-12 fanout1653
 5.728042e-13 1.681768e-12 3.659381e-12 5.913953e-12 fanout1407
 4.085497e-13 1.789035e-12 3.659309e-12 5.856894e-12 fanout402
 4.098552e-13 1.772162e-12 3.659306e-12 5.841323e-12 fanout605
 4.079150e-13 1.759938e-12 3.659306e-12 5.827159e-12 fanout1012
 2.409195e-13 1.923609e-12 3.659365e-12 5.823893e-12 fanout2040
 4.207401e-13 1.701921e-12 3.659306e-12 5.781967e-12 fanout95
 1.463373e-13 7.400514e-13 4.876300e-12 5.762689e-12 fanout419
 4.173534e-13 1.669033e-12 3.659306e-12 5.745692e-12 fanout219
 1.472485e-13 7.203877e-13 4.876300e-12 5.743936e-12 fanout1897
 4.059385e-13 1.661224e-12 3.659309e-12 5.726471e-12 fanout1586
 4.167554e-13 1.642627e-12 3.659306e-12 5.718689e-12 fanout149
 4.924254e-13 1.533611e-12 3.659352e-12 5.685389e-12 fanout384
 4.985600e-12 0.000000e+00 6.403514e-13 5.625951e-12 clkload207
 1.433453e-13 6.029158e-13 4.876300e-12 5.622561e-12 fanout232
 4.981912e-12 0.000000e+00 6.403514e-13 5.622264e-12 clkload262
 1.442085e-13 5.841192e-13 4.876300e-12 5.604627e-12 fanout1583
 1.474676e-13 5.690128e-13 4.876300e-12 5.592780e-12 fanout437
 4.073519e-13 1.524525e-12 3.659306e-12 5.591183e-12 fanout1016
 4.928493e-12 0.000000e+00 6.403514e-13 5.568845e-12 clkload209
 4.927914e-12 0.000000e+00 6.403514e-13 5.568266e-12 clkload251
 4.927588e-12 0.000000e+00 6.403514e-13 5.567939e-12 clkload261
 4.925625e-12 0.000000e+00 6.403514e-13 5.565976e-12 clkload253
 4.924610e-12 0.000000e+00 6.403514e-13 5.564962e-12 clkload256
 4.917245e-12 0.000000e+00 6.403514e-13 5.557596e-12 clkload98
 4.113399e-13 1.484990e-12 3.659306e-12 5.555636e-12 fanout359
 4.905838e-12 0.000000e+00 6.403514e-13 5.546189e-12 clkload255
 4.901390e-12 0.000000e+00 6.403514e-13 5.541742e-12 clkload260
 4.086090e-13 1.463851e-12 3.659306e-12 5.531766e-12 fanout357
 4.889762e-12 0.000000e+00 6.403514e-13 5.530113e-12 clkload212
 4.882822e-12 0.000000e+00 6.403514e-13 5.523173e-12 clkload210
 4.045741e-13 1.450921e-12 3.659309e-12 5.514803e-12 fanout1589
 4.091392e-13 1.435923e-12 3.659306e-12 5.504369e-12 fanout355
 4.845526e-12 0.000000e+00 6.403514e-13 5.485877e-12 clkload205
 4.817502e-12 0.000000e+00 6.403514e-13 5.457853e-12 clkload127
 4.812225e-12 0.000000e+00 6.403514e-13 5.452577e-12 clkload159
 4.811425e-12 0.000000e+00 6.403514e-13 5.451777e-12 clkload35
 4.810298e-12 0.000000e+00 6.403514e-13 5.450649e-12 clkload108
 4.805274e-12 0.000000e+00 6.403514e-13 5.445626e-12 clkload125
 4.801669e-12 0.000000e+00 6.403514e-13 5.442021e-12 clkload243
 4.801256e-12 0.000000e+00 6.403514e-13 5.441608e-12 clkload149
 4.799371e-12 0.000000e+00 6.403514e-13 5.439723e-12 clkload240
 4.799041e-12 0.000000e+00 6.403514e-13 5.439392e-12 clkload270
 4.798333e-12 0.000000e+00 6.403514e-13 5.438684e-12 clkload220
 4.797850e-12 0.000000e+00 6.403514e-13 5.438202e-12 clkload157
 4.797694e-12 0.000000e+00 6.403514e-13 5.438046e-12 clkload336
 4.797197e-12 0.000000e+00 6.403514e-13 5.437548e-12 clkload239
 4.793998e-12 0.000000e+00 6.403514e-13 5.434350e-12 clkload109
 4.792836e-12 0.000000e+00 6.403514e-13 5.433188e-12 clkload221
 4.792677e-12 0.000000e+00 6.403514e-13 5.433029e-12 clkload105
 4.792029e-12 0.000000e+00 6.403514e-13 5.432381e-12 clkload113
 4.791108e-12 0.000000e+00 6.403514e-13 5.431460e-12 clkload333
 4.783266e-12 0.000000e+00 6.403514e-13 5.423617e-12 clkload167
 4.781949e-12 0.000000e+00 6.403514e-13 5.422300e-12 clkload268
 4.780999e-12 0.000000e+00 6.403514e-13 5.421351e-12 clkload129
 4.779684e-12 0.000000e+00 6.403514e-13 5.420035e-12 clkload166
 4.779604e-12 0.000000e+00 6.403514e-13 5.419955e-12 clkload331
 4.779373e-12 0.000000e+00 6.403514e-13 5.419724e-12 clkload186
 4.775082e-12 0.000000e+00 6.403514e-13 5.415434e-12 clkload326
 4.773882e-12 0.000000e+00 6.403514e-13 5.414234e-12 clkload201
 4.771495e-12 0.000000e+00 6.403514e-13 5.411846e-12 clkload71
 4.769076e-12 0.000000e+00 6.403514e-13 5.409427e-12 clkload170
 4.760147e-12 0.000000e+00 6.403514e-13 5.400498e-12 clkload62
 4.752332e-12 0.000000e+00 6.403514e-13 5.392684e-12 clkload89
 4.751515e-12 0.000000e+00 6.403514e-13 5.391866e-12 clkload283
 4.750986e-12 0.000000e+00 6.403514e-13 5.391338e-12 clkload82
 4.750336e-12 0.000000e+00 6.403514e-13 5.390687e-12 clkload301
 4.748449e-12 0.000000e+00 6.403514e-13 5.388800e-12 clkload86
 4.744249e-12 0.000000e+00 6.403514e-13 5.384601e-12 clkload83
 2.444280e-13 1.479487e-12 3.659365e-12 5.383281e-12 fanout1969
 2.427426e-13 1.480332e-12 3.659365e-12 5.382440e-12 fanout1996
 4.734139e-12 0.000000e+00 6.403514e-13 5.374490e-12 clkload324
 2.418403e-13 1.461614e-12 3.659365e-12 5.362820e-12 fanout1936
 2.431047e-13 1.449942e-12 3.659365e-12 5.352412e-12 fanout1933
 4.187358e-13 1.261855e-12 3.659306e-12 5.339897e-12 wire1052
 2.446611e-13 1.429589e-12 3.659365e-12 5.333615e-12 fanout1925
 7.255532e-13 9.428019e-13 3.659331e-12 5.327686e-12 fanout1254
 4.678371e-12 0.000000e+00 6.403514e-13 5.318723e-12 clkload36
 2.421570e-13 1.415223e-12 3.659365e-12 5.316745e-12 fanout2022
 2.422874e-13 1.394831e-12 3.659365e-12 5.296484e-12 fanout2009
 7.259729e-13 9.001754e-13 3.659314e-12 5.285462e-12 fanout1229
 2.422525e-13 1.377500e-12 3.659365e-12 5.279118e-12 fanout2027
 2.431240e-13 1.332270e-12 3.659365e-12 5.234759e-12 fanout2014
 2.427650e-13 1.318728e-12 3.659365e-12 5.220858e-12 fanout1959
 2.427390e-13 1.312044e-12 3.659365e-12 5.214148e-12 fanout1914
 2.425543e-13 1.303651e-12 3.659365e-12 5.205570e-12 fanout2047
 1.428385e-13 7.356838e-13 4.325202e-12 5.203725e-12 fanout1531
 2.446407e-13 1.292589e-12 3.659365e-12 5.196595e-12 fanout1921
 2.450201e-13 1.235570e-12 3.659365e-12 5.139955e-12 fanout1983
 8.388100e-14 3.874715e-13 4.648000e-12 5.119352e-12 fanout1892
 2.429186e-13 1.216898e-12 3.659365e-12 5.119182e-12 fanout1955
 2.454383e-13 1.212989e-12 3.659365e-12 5.117792e-12 fanout1967
 2.454585e-13 1.207667e-12 3.659365e-12 5.112491e-12 fanout1966
 1.475055e-13 6.322640e-13 4.325202e-12 5.104972e-12 fanout1854
 2.441389e-13 1.192297e-12 3.659365e-12 5.095801e-12 fanout1931
 8.212452e-14 3.579693e-13 4.648000e-12 5.088094e-12 fanout427
 8.323533e-14 3.546659e-13 4.648000e-12 5.085901e-12 fanout1874
 2.459492e-13 1.179059e-12 3.659365e-12 5.084374e-12 fanout2012
 1.448617e-13 6.124380e-13 4.325202e-12 5.082502e-12 fanout1527
 2.428162e-13 1.179818e-12 3.659365e-12 5.081999e-12 fanout2052
 2.532463e-13 1.163383e-12 3.659395e-12 5.076024e-12 fanout1412
 8.169411e-14 3.454207e-13 4.648000e-12 5.075115e-12 fanout1891
 2.436311e-13 1.164612e-12 3.659365e-12 5.067609e-12 fanout2008
 2.429709e-13 1.158890e-12 3.659365e-12 5.061226e-12 fanout2003
 2.445575e-13 1.156645e-12 3.659365e-12 5.060567e-12 fanout1949
 8.259792e-14 3.276353e-13 4.648000e-12 5.058233e-12 fanout1887
 2.438608e-13 1.150173e-12 3.659365e-12 5.053399e-12 fanout1913
 2.454455e-13 1.146217e-12 3.659365e-12 5.051028e-12 fanout1999
 2.429657e-13 1.145929e-12 3.659365e-12 5.048260e-12 fanout1909
 2.453535e-13 1.143301e-12 3.659365e-12 5.048020e-12 fanout1982
 8.277440e-14 3.144459e-13 4.648000e-12 5.045220e-12 fanout438
 2.454652e-13 1.132919e-12 3.659365e-12 5.037750e-12 fanout1950
 2.439192e-13 1.131420e-12 3.659365e-12 5.034704e-12 fanout1912
 2.430726e-13 1.130414e-12 3.659365e-12 5.032852e-12 fanout1934
 2.454348e-13 1.122045e-12 3.659365e-12 5.026845e-12 fanout1979
 1.461268e-13 5.523814e-13 4.325202e-12 5.023710e-12 fanout296
 2.430018e-13 1.120294e-12 3.659365e-12 5.022662e-12 fanout1993
 2.439581e-13 1.119225e-12 3.659365e-12 5.022548e-12 fanout1911
 2.430484e-13 1.119554e-12 3.659365e-12 5.021968e-12 fanout2048
 2.461499e-13 1.114677e-12 3.659365e-12 5.020193e-12 fanout2005
 2.430191e-13 1.116868e-12 3.659365e-12 5.019253e-12 fanout1968
 2.432878e-13 1.114478e-12 3.659365e-12 5.017131e-12 fanout2045
 1.452101e-13 5.421642e-13 4.325202e-12 5.012576e-12 fanout1530
 2.465117e-13 1.101966e-12 3.659365e-12 5.007843e-12 fanout1975
 2.434674e-13 1.096554e-12 3.659365e-12 4.999387e-12 fanout1923
 2.446341e-13 1.093821e-12 3.659365e-12 4.997821e-12 fanout1965
 2.450600e-13 1.082797e-12 3.659365e-12 4.987222e-12 fanout2029
 2.434662e-13 1.081080e-12 3.659365e-12 4.983912e-12 fanout1985
 2.432294e-13 1.081288e-12 3.659365e-12 4.983883e-12 fanout1945
 2.450248e-13 1.077688e-12 3.659365e-12 4.982078e-12 fanout1908
 2.434981e-13 1.078132e-12 3.659365e-12 4.980995e-12 fanout2018
 8.414676e-14 2.476876e-13 4.648000e-12 4.979834e-12 fanout1888
 2.435036e-13 1.076283e-12 3.659365e-12 4.979152e-12 fanout2017
 2.447892e-13 1.072893e-12 3.659365e-12 4.977048e-12 fanout1930
 2.434870e-13 1.072351e-12 3.659365e-12 4.975203e-12 fanout1957
 2.461955e-13 1.067236e-12 3.659365e-12 4.972797e-12 fanout1901
 2.434430e-13 1.068474e-12 3.659365e-12 4.971282e-12 fanout1918
 2.433280e-13 1.065556e-12 3.659365e-12 4.968249e-12 fanout1954
 2.524677e-13 1.052881e-12 3.659393e-12 4.964742e-12 fanout1873
 2.433658e-13 1.060777e-12 3.659365e-12 4.963509e-12 fanout2038
 2.444452e-13 1.055938e-12 3.659365e-12 4.959749e-12 fanout1971
 2.437553e-13 1.055824e-12 3.659365e-12 4.958944e-12 fanout2025
 2.432754e-13 1.053537e-12 3.659365e-12 4.956178e-12 fanout2028
 2.465353e-13 1.043249e-12 3.659365e-12 4.949150e-12 fanout1939
 2.435778e-13 1.043063e-12 3.659365e-12 4.946006e-12 fanout1984
 2.459240e-13 1.035632e-12 3.659365e-12 4.940921e-12 fanout1997
 2.458988e-13 1.034159e-12 3.659365e-12 4.939423e-12 fanout1951
 2.437945e-13 1.025272e-12 3.659365e-12 4.928431e-12 fanout2023
 2.449467e-13 1.018443e-12 3.659365e-12 4.922755e-12 fanout1952
 2.526534e-13 1.010560e-12 3.659398e-12 4.922612e-12 fanout1862
 2.450643e-13 1.012347e-12 3.659365e-12 4.916777e-12 fanout1998
 2.432463e-13 1.012049e-12 3.659365e-12 4.914661e-12 fanout2041
 2.435621e-13 1.008150e-12 3.659365e-12 4.911077e-12 fanout2020
 2.435683e-13 1.001526e-12 3.659365e-12 4.904460e-12 fanout1977
 2.449366e-13 9.950924e-13 3.659365e-12 4.899394e-12 fanout2011
 2.442650e-13 9.904549e-13 3.659365e-12 4.894085e-12 fanout1920
 2.459681e-13 9.798105e-13 3.659365e-12 4.885144e-12 fanout2031
 2.435612e-13 9.819520e-13 3.659365e-12 4.884879e-12 fanout1991
 2.436284e-13 9.794906e-13 3.659365e-12 4.882484e-12 fanout1906
 2.444595e-13 9.736515e-13 3.659365e-12 4.877476e-12 fanout1970
 5.765804e-20 2.737388e-19 4.876273e-12 4.876273e-12 fanout2446
 5.770142e-20 2.637284e-19 4.876273e-12 4.876273e-12 fanout2447
 5.779048e-20 2.441479e-19 4.876273e-12 4.876273e-12 fanout2449
 5.713979e-20 3.248313e-19 4.876273e-12 4.876273e-12 fanout2450
 5.705281e-20 3.478723e-19 4.876273e-12 4.876273e-12 fanout2451
 5.719085e-20 3.115798e-19 4.876273e-12 4.876273e-12 fanout2452
 5.685801e-20 3.860020e-19 4.876273e-12 4.876273e-12 fanout2453
 5.713048e-20 3.442414e-19 4.876273e-12 4.876273e-12 fanout2454
 5.687615e-20 3.717814e-19 4.876273e-12 4.876273e-12 fanout2455
 5.700367e-20 4.301534e-19 4.876273e-12 4.876273e-12 fanout2458
 5.747063e-20 2.802038e-19 4.876273e-12 4.876273e-12 fanout2459
 5.757567e-20 3.212337e-19 4.876273e-12 4.876273e-12 fanout2461
 5.786963e-20 2.958034e-19 4.876273e-12 4.876273e-12 fanout2464
 5.694177e-20 3.947314e-19 4.876273e-12 4.876273e-12 fanout2467
 5.769408e-20 3.069008e-19 4.876273e-12 4.876273e-12 fanout2474
 5.801008e-20 2.373288e-19 4.876273e-12 4.876273e-12 fanout2475
 5.739346e-20 2.907549e-19 4.876273e-12 4.876273e-12 fanout2476
 2.454979e-13 9.686188e-13 3.659365e-12 4.873482e-12 fanout1917
 2.454414e-13 9.671147e-13 3.659365e-12 4.871921e-12 fanout1944
 2.469007e-13 9.642212e-13 3.659365e-12 4.870487e-12 fanout1987
 2.459580e-13 9.623092e-13 3.659365e-12 4.867632e-12 fanout1905
 2.439709e-13 9.614038e-13 3.659365e-12 4.864740e-12 fanout1902
 2.460661e-13 9.585704e-13 3.659365e-12 4.864002e-12 fanout1916
 2.432669e-13 9.609573e-13 3.659365e-12 4.863590e-12 fanout2043
 2.439347e-13 9.572461e-13 3.659365e-12 4.860546e-12 fanout2015
 1.443556e-13 3.826661e-13 4.325202e-12 4.852224e-12 wire314
 2.455047e-13 9.461648e-13 3.659365e-12 4.851035e-12 fanout2037
 2.436266e-13 9.478477e-13 3.659365e-12 4.850840e-12 fanout1904
 2.437163e-13 9.457829e-13 3.659365e-12 4.848864e-12 fanout1937
 2.442637e-13 9.400833e-13 3.659365e-12 4.843712e-12 fanout2050
 2.439005e-13 9.315006e-13 3.659365e-12 4.834766e-12 fanout2006
 2.442465e-13 9.235041e-13 3.659365e-12 4.827116e-12 fanout2035
 2.432610e-13 9.240890e-13 3.659365e-12 4.826715e-12 fanout1960
 2.437051e-13 9.205726e-13 3.659365e-12 4.823643e-12 fanout1940
 2.449379e-13 9.191173e-13 3.659365e-12 4.823421e-12 fanout1948
 2.464460e-13 9.155401e-13 3.659365e-12 4.821352e-12 fanout1994
 2.432712e-13 9.181457e-13 3.659365e-12 4.820782e-12 fanout1980
 1.441885e-13 3.294171e-13 4.325202e-12 4.798808e-12 wire321
 2.432538e-13 8.897393e-13 3.659365e-12 4.792358e-12 fanout1961
 2.450441e-13 8.534128e-13 3.659365e-12 4.757822e-12 fanout1989
 2.436704e-13 8.383684e-13 3.659365e-12 4.741404e-12 fanout1938
 0.000000e+00 0.000000e+00 4.648000e-12 4.648000e-12 fanout374
 0.000000e+00 0.000000e+00 4.648000e-12 4.648000e-12 input12
 6.463604e-20 3.714719e-19 4.647985e-12 4.647986e-12 fanout2438
 1.304355e-19 8.104579e-19 4.647973e-12 4.647974e-12 fanout2441
 3.253833e-20 1.465367e-19 4.647950e-12 4.647950e-12 fanout2465
 7.997796e-14 8.083563e-13 3.659303e-12 4.547637e-12 wire320
 8.152141e-14 5.983607e-13 3.659303e-12 4.339185e-12 fanout1526
 1.753494e-19 8.228689e-19 4.325241e-12 4.325242e-12 fanout993
 5.702551e-20 3.533431e-19 4.325227e-12 4.325228e-12 fanout2256
 5.744742e-20 2.425943e-19 4.325227e-12 4.325228e-12 fanout2257
 5.689385e-20 3.878313e-19 4.325227e-12 4.325228e-12 fanout2258
 5.826835e-20 2.182047e-19 4.325227e-12 4.325228e-12 fanout2259
 5.754824e-20 2.668360e-19 4.325227e-12 4.325228e-12 fanout2265
 5.714603e-20 3.498114e-19 4.325227e-12 4.325228e-12 fanout2266
 5.749210e-20 2.649118e-19 4.325227e-12 4.325228e-12 fanout2273
 5.740352e-20 3.044404e-19 4.325227e-12 4.325228e-12 fanout2274
 5.719302e-20 3.451728e-19 4.325227e-12 4.325228e-12 fanout2275
 5.742466e-20 2.398881e-19 4.325227e-12 4.325228e-12 fanout2281
 5.743357e-20 2.411393e-19 4.325227e-12 4.325228e-12 fanout2286
 5.678252e-20 4.289682e-19 4.325227e-12 4.325228e-12 fanout2290
 5.782748e-20 2.189963e-19 4.325227e-12 4.325228e-12 fanout2292
 5.784289e-20 2.153012e-19 4.325227e-12 4.325228e-12 fanout2296
 5.724767e-20 3.189250e-19 4.325227e-12 4.325228e-12 fanout2309
 5.822534e-20 2.127294e-19 4.325227e-12 4.325228e-12 fanout2312
 5.790611e-20 2.288869e-19 4.325227e-12 4.325228e-12 fanout2314
 5.718205e-20 3.251193e-19 4.325227e-12 4.325228e-12 fanout2316
 5.780963e-20 2.491432e-19 4.325227e-12 4.325228e-12 fanout2329
 5.722292e-20 3.126589e-19 4.325227e-12 4.325228e-12 fanout2331
 5.793941e-20 2.651710e-19 4.325227e-12 4.325228e-12 fanout2332
 5.810032e-20 2.303980e-19 4.325227e-12 4.325228e-12 fanout2335
 5.735999e-20 2.777798e-19 4.325227e-12 4.325228e-12 fanout2336
 5.772432e-20 2.890921e-19 4.325227e-12 4.325228e-12 fanout2338
 5.722626e-20 2.978433e-19 4.325227e-12 4.325228e-12 fanout2339
 5.695886e-20 3.952109e-19 4.325227e-12 4.325228e-12 fanout2341
 5.748636e-20 2.353797e-19 4.325227e-12 4.325228e-12 fanout2351
 5.699585e-20 3.827147e-19 4.325227e-12 4.325228e-12 fanout2361
 5.782913e-20 2.039635e-19 4.325227e-12 4.325228e-12 fanout2362
 5.716773e-20 3.387977e-19 4.325227e-12 4.325228e-12 fanout2364
 5.745396e-20 2.365125e-19 4.325227e-12 4.325228e-12 fanout2374
 5.697440e-20 3.601942e-19 4.325227e-12 4.325228e-12 fanout2378
 5.763011e-20 2.278305e-19 4.325227e-12 4.325228e-12 fanout2379
 5.751925e-20 2.544443e-19 4.325227e-12 4.325228e-12 fanout2380
 5.786473e-20 2.275840e-19 4.325227e-12 4.325228e-12 fanout2386
 5.724722e-20 3.199628e-19 4.325227e-12 4.325228e-12 fanout2387
 5.718079e-20 3.364946e-19 4.325227e-12 4.325228e-12 fanout2394
 5.739667e-20 2.961704e-19 4.325227e-12 4.325228e-12 fanout2397
 5.769093e-20 2.315468e-19 4.325227e-12 4.325228e-12 fanout2406
 5.767127e-20 2.181972e-19 4.325227e-12 4.325228e-12 fanout2419
 5.763603e-20 2.267596e-19 4.325227e-12 4.325228e-12 fanout2421
 5.735012e-20 2.576490e-19 4.325227e-12 4.325228e-12 fanout2426
 5.822343e-20 2.217707e-19 4.325227e-12 4.325228e-12 fanout2427
 5.731673e-20 2.665256e-19 4.325227e-12 4.325228e-12 fanout2428
 5.803232e-20 2.240654e-19 4.325227e-12 4.325228e-12 fanout2430
 5.804765e-20 2.206239e-19 4.325227e-12 4.325228e-12 fanout2431
 5.720511e-20 2.962246e-19 4.325227e-12 4.325228e-12 fanout2432
 8.066363e-14 5.263960e-13 3.659303e-12 4.266363e-12 wire235
 8.149197e-14 3.972945e-13 3.659303e-12 4.138090e-12 wire316
 8.224511e-14 3.872229e-13 3.659303e-12 4.128771e-12 fanout228
 8.310084e-14 3.785667e-13 3.659303e-12 4.120971e-12 fanout425
 8.205153e-14 3.574271e-13 3.659303e-12 4.098782e-12 wire312
 8.158758e-14 3.563115e-13 3.659303e-12 4.097203e-12 wire315
 8.089819e-14 3.548917e-13 3.659303e-12 4.095093e-12 fanout1532
 8.130398e-14 3.509020e-13 3.659303e-12 4.091509e-12 max_cap323
 8.176655e-14 3.376100e-13 3.659303e-12 4.078680e-12 max_cap301
 8.178259e-14 3.151428e-13 3.659303e-12 4.056229e-12 max_cap313
 8.184545e-14 3.146789e-13 3.659303e-12 4.055828e-12 wire322
 8.177539e-14 2.943693e-13 3.659303e-12 4.035448e-12 wire311
 8.222044e-14 2.810015e-13 3.659303e-12 4.022525e-12 max_cap300
 8.156475e-14 2.666758e-13 3.659303e-12 4.007544e-12 max_cap302
 8.248220e-14 2.509330e-13 3.659303e-12 3.992718e-12 max_cap309
 8.184842e-14 2.426000e-13 3.659303e-12 3.983752e-12 max_cap306
 8.229158e-14 2.107847e-13 3.659303e-12 3.952380e-12 max_cap308
 8.263446e-14 2.025287e-13 3.659303e-12 3.944466e-12 max_cap307
 8.109729e-14 2.019557e-13 3.659303e-12 3.942356e-12 max_cap317
 8.205659e-14 1.968336e-13 3.659303e-12 3.938194e-12 max_cap299
 8.191715e-14 1.864050e-13 3.659303e-12 3.927626e-12 max_cap303
 8.109222e-14 1.821465e-13 3.659303e-12 3.922542e-12 max_cap318
 1.010681e-19 6.686496e-19 3.659387e-12 3.659387e-12 fanout994
 3.237479e-20 1.863501e-19 3.659349e-12 3.659350e-12 fanout2248
 3.250321e-20 2.006686e-19 3.659349e-12 3.659350e-12 fanout2272
 3.220313e-20 2.102145e-19 3.659349e-12 3.659350e-12 fanout2287
 3.233307e-20 2.069246e-19 3.659349e-12 3.659350e-12 fanout2322
 3.218981e-20 2.100708e-19 3.659349e-12 3.659350e-12 fanout2376
 3.217275e-20 2.307714e-19 3.659349e-12 3.659350e-12 fanout2377
 3.230305e-20 1.902800e-19 3.659349e-12 3.659350e-12 fanout2411
 3.221744e-20 2.210302e-19 3.659349e-12 3.659350e-12 fanout2433
 3.261088e-20 1.784458e-19 3.659349e-12 3.659349e-12 fanout2237
 3.236384e-20 1.408460e-19 3.659349e-12 3.659349e-12 fanout2238
 3.266338e-20 1.729545e-19 3.659349e-12 3.659349e-12 fanout2240
 3.253506e-20 1.765069e-19 3.659349e-12 3.659349e-12 fanout2244
 3.232337e-20 1.570965e-19 3.659349e-12 3.659349e-12 fanout2245
 3.274110e-20 1.391835e-19 3.659349e-12 3.659349e-12 fanout2261
 3.245416e-20 1.430367e-19 3.659349e-12 3.659349e-12 fanout2262
 3.235441e-20 1.528091e-19 3.659349e-12 3.659349e-12 fanout2280
 3.228941e-20 1.774759e-19 3.659349e-12 3.659349e-12 fanout2282
 3.257262e-20 1.134422e-19 3.659349e-12 3.659349e-12 fanout2294
 3.242518e-20 1.197763e-19 3.659349e-12 3.659349e-12 fanout2299
 3.250819e-20 1.494931e-19 3.659349e-12 3.659349e-12 fanout2313
 3.227071e-20 1.791445e-19 3.659349e-12 3.659349e-12 fanout2321
 3.253733e-20 1.149296e-19 3.659349e-12 3.659349e-12 fanout2326
 3.267277e-20 1.310884e-19 3.659349e-12 3.659349e-12 fanout2333
 3.227440e-20 1.756272e-19 3.659349e-12 3.659349e-12 fanout2346
 3.236443e-20 1.324318e-19 3.659349e-12 3.659349e-12 fanout2354
 3.235840e-20 1.204639e-19 3.659349e-12 3.659349e-12 fanout2358
 3.236340e-20 1.302752e-19 3.659349e-12 3.659349e-12 fanout2360
 3.237033e-20 1.308356e-19 3.659349e-12 3.659349e-12 fanout2366
 3.233911e-20 1.517440e-19 3.659349e-12 3.659349e-12 fanout2371
 3.271187e-20 1.439091e-19 3.659349e-12 3.659349e-12 fanout2383
 3.246595e-20 1.496712e-19 3.659349e-12 3.659349e-12 fanout2389
 3.244088e-20 1.050072e-19 3.659349e-12 3.659349e-12 fanout2405
 3.235551e-20 1.798820e-19 3.659349e-12 3.659349e-12 fanout2410
 3.258654e-20 1.045569e-19 3.659349e-12 3.659349e-12 fanout2414
 3.253993e-20 1.621795e-19 3.659349e-12 3.659349e-12 fanout2415
 3.236975e-20 1.649316e-19 3.659349e-12 3.659349e-12 fanout2416
 3.245105e-20 1.487441e-19 3.659349e-12 3.659349e-12 fanout2418
 3.272762e-20 1.234358e-19 3.659349e-12 3.659349e-12 fanout2425
 1.298250e-19 1.079172e-18 3.659327e-12 3.659328e-12 fanout2234
 5.476700e-13 1.135769e-12 1.181000e-12 2.864439e-12 max_cap747
 5.485572e-13 1.007727e-12 1.181000e-12 2.737285e-12 max_cap772
 5.552007e-13 9.910927e-13 1.181000e-12 2.727293e-12 max_cap735
 5.448062e-13 9.409133e-13 1.181000e-12 2.666719e-12 wire754
 5.487136e-13 8.481219e-13 1.181000e-12 2.577836e-12 max_cap771
 4.506725e-13 9.267487e-13 1.181000e-12 2.558421e-12 max_cap736
 5.471395e-13 7.681860e-13 1.181000e-12 2.496325e-12 max_cap746
 5.463286e-13 6.985504e-13 1.181000e-12 2.425879e-12 wire744
 5.483088e-13 6.920752e-13 1.181000e-12 2.421384e-12 max_cap766
 5.448037e-13 5.890247e-13 1.181000e-12 2.314828e-12 max_cap739
 5.452441e-13 5.698167e-13 1.181000e-12 2.296061e-12 max_cap753
 4.440184e-13 5.952243e-13 1.181000e-12 2.220243e-12 wire741
 3.502052e-13 6.729786e-13 1.181000e-12 2.204184e-12 max_cap759
 4.479032e-13 5.231167e-13 1.181000e-12 2.152020e-12 max_cap326
 4.506253e-13 5.131311e-13 1.181000e-12 2.144757e-12 max_cap740
 3.527441e-13 5.841904e-13 1.181000e-12 2.117934e-12 max_cap748
 3.494012e-13 5.606293e-13 1.181000e-12 2.091030e-12 max_cap336
 5.477995e-13 3.436072e-13 1.181000e-12 2.072406e-12 max_cap743
 3.519543e-13 5.328185e-13 1.181000e-12 2.065773e-12 max_cap363
 3.498001e-13 5.247079e-13 1.181000e-12 2.055508e-12 max_cap344
 3.488173e-13 4.821756e-13 1.181000e-12 2.011993e-12 max_cap742
 3.498427e-13 4.747598e-13 1.181000e-12 2.005602e-12 max_cap334
 1.479697e-13 6.555044e-13 1.181000e-12 1.984474e-12 fanout1935
 3.486807e-13 4.452449e-13 1.181000e-12 1.974925e-12 max_cap734
 3.481384e-13 4.258055e-13 1.181000e-12 1.954944e-12 max_cap763
 3.459772e-13 4.221240e-13 1.181000e-12 1.949101e-12 max_cap339
 3.491533e-13 4.167807e-13 1.181000e-12 1.946934e-12 max_cap343
 3.473874e-13 3.986732e-13 1.181000e-12 1.927061e-12 max_cap761
 3.480237e-13 3.335245e-13 1.181000e-12 1.862548e-12 max_cap767
 3.474385e-13 3.315358e-13 1.181000e-12 1.859974e-12 max_cap773
 2.500247e-13 3.882044e-13 1.181000e-12 1.819229e-12 max_cap327
 2.495405e-13 3.756304e-13 1.181000e-12 1.806171e-12 max_cap341
 2.471274e-13 3.753413e-13 1.181000e-12 1.803469e-12 wire348
 2.505547e-13 3.631322e-13 1.181000e-12 1.794687e-12 max_cap749
 2.515642e-13 3.544599e-13 1.181000e-12 1.787024e-12 max_cap752
 2.469126e-13 3.549208e-13 1.181000e-12 1.782833e-12 wire750
 1.504738e-13 4.316748e-13 1.181000e-12 1.763148e-12 max_cap365
 2.479736e-13 3.297400e-13 1.181000e-12 1.758714e-12 max_cap731
 2.482303e-13 3.168252e-13 1.181000e-12 1.746055e-12 max_cap345
 2.492933e-13 2.730599e-13 1.181000e-12 1.703353e-12 max_cap770
 1.530344e-13 3.076076e-13 1.181000e-12 1.641642e-12 max_cap333
 1.498387e-13 2.824825e-13 1.181000e-12 1.613321e-12 max_cap338
 1.501008e-13 2.369510e-13 1.181000e-12 1.568052e-12 wire366
 1.499169e-13 2.345001e-13 1.181000e-12 1.565417e-12 max_cap330
 1.483695e-13 2.293159e-13 1.181000e-12 1.558685e-12 wire769
 1.498072e-13 2.260016e-13 1.181000e-12 1.556809e-12 max_cap727
 1.484192e-13 2.052777e-13 1.181000e-12 1.534697e-12 wire733
 1.488384e-13 2.022581e-13 1.181000e-12 1.532096e-12 max_cap328
 1.490121e-13 1.982640e-13 1.181000e-12 1.528276e-12 max_cap755
 1.500022e-13 1.925690e-13 1.181000e-12 1.523571e-12 max_cap337
 1.491374e-13 1.868599e-13 1.181000e-12 1.516997e-12 max_cap335
 1.486808e-13 1.814627e-13 1.181000e-12 1.511143e-12 max_cap340
 1.501121e-13 1.790939e-13 1.181000e-12 1.510206e-12 max_cap732
 1.478443e-13 1.794964e-13 1.181000e-12 1.508341e-12 wire757
 1.496560e-13 1.727816e-13 1.181000e-12 1.503438e-12 max_cap342
 1.476794e-13 1.611318e-13 1.181000e-12 1.489811e-12 max_cap364
 1.491981e-13 1.467910e-13 1.181000e-12 1.476989e-12 max_cap768
 1.491316e-13 8.349231e-14 1.181000e-12 1.413624e-12 max_cap756
 4.976821e-14 1.242385e-13 1.181000e-12 1.355007e-12 max_cap1050
 5.098111e-14 1.171236e-13 1.181000e-12 1.349105e-12 max_cap1051
 4.956134e-14 8.731545e-14 1.181000e-12 1.317877e-12 wire347
 4.960412e-14 8.720164e-14 1.181000e-12 1.317806e-12 wire362
 4.950235e-14 8.277858e-14 1.181000e-12 1.313281e-12 wire738
 4.990179e-14 7.952169e-14 1.181000e-12 1.310423e-12 max_cap332
 4.983345e-14 7.490252e-14 1.181000e-12 1.305736e-12 max_cap325
 4.997369e-14 6.774441e-14 1.181000e-12 1.298718e-12 max_cap765
 4.996644e-14 6.772958e-14 1.181000e-12 1.298696e-12 max_cap760
 4.968372e-14 6.627868e-14 1.181000e-12 1.296962e-12 max_cap361
 4.966545e-14 6.404383e-14 1.181000e-12 1.294709e-12 max_cap346
 5.004329e-14 6.314826e-14 1.181000e-12 1.294192e-12 max_cap764
 5.011413e-14 6.292354e-14 1.181000e-12 1.294038e-12 max_cap329
 4.929545e-14 6.058344e-14 1.181000e-12 1.290879e-12 wire730
 4.969953e-14 6.008520e-14 1.181000e-12 1.290785e-12 max_cap737
 4.973640e-14 5.704307e-14 1.181000e-12 1.287779e-12 max_cap751
 4.992901e-14 5.587495e-14 1.181000e-12 1.286804e-12 max_cap331
 5.000799e-14 3.819370e-14 1.181000e-12 1.269202e-12 max_cap729
 4.230947e-20 2.001716e-19 1.181000e-12 1.181000e-12 input6
 4.322138e-20 5.026158e-20 1.181000e-12 1.181000e-12 input11
