     Internal    Switching      Leakage        Total
        Power        Power        Power        Power (Watts)
----------------------------------------------------
 1.715877e-06 7.921911e-07 8.422650e-11 2.508152e-06 clkbuf_0_clk
 1.687884e-06 4.853146e-07 8.422650e-11 2.173282e-06 clkbuf_1_0__f_clk
 1.680600e-06 2.879753e-07 8.422650e-11 1.968660e-06 clkbuf_1_1__f_clk
 1.877473e-10 5.314502e-10 8.162308e-11 8.008206e-10 clkbuf_0_core_clk
 9.312390e-11 5.342451e-10 4.405156e-11 6.714205e-10 clkbuf_2_0_0_core_clk
 9.305876e-11 5.150755e-10 4.405156e-11 6.521859e-10 clkbuf_2_3_0_core_clk
 1.850989e-10 3.768923e-10 8.162308e-11 6.436143e-10 clkbuf_5_4__f_core_clk
 9.301634e-11 5.017667e-10 4.405156e-11 6.388345e-10 clkbuf_2_1_0_core_clk
 1.848058e-10 3.539718e-10 8.162308e-11 6.204008e-10 clkbuf_5_3__f_core_clk
 9.293581e-11 4.770830e-10 4.405156e-11 6.140704e-10 clkbuf_2_2_0_core_clk
 1.847087e-10 3.463871e-10 8.162308e-11 6.127188e-10 clkbuf_5_0__f_core_clk
 1.847483e-10 3.400220e-10 8.162308e-11 6.063933e-10 clkbuf_5_14__f_core_clk
 1.846929e-10 3.398354e-10 8.162308e-11 6.061514e-10 clkbuf_5_25__f_core_clk
 1.845924e-10 3.373314e-10 8.162308e-11 6.035469e-10 clkbuf_5_5__f_core_clk
 1.845166e-10 3.313868e-10 8.162308e-11 5.975265e-10 clkbuf_5_2__f_core_clk
 1.844540e-10 3.211724e-10 8.162308e-11 5.872495e-10 clkbuf_5_27__f_core_clk
 1.844112e-10 3.178144e-10 8.162308e-11 5.838487e-10 clkbuf_5_24__f_core_clk
 1.844054e-10 3.173520e-10 8.162308e-11 5.833805e-10 clkbuf_5_28__f_core_clk
 1.841644e-10 3.038960e-10 8.162308e-11 5.696835e-10 clkbuf_5_7__f_core_clk
 1.842686e-10 3.025106e-10 8.162308e-11 5.684024e-10 clkbuf_5_15__f_core_clk
 1.841293e-10 3.011347e-10 8.162308e-11 5.668870e-10 clkbuf_5_1__f_core_clk
 1.840898e-10 2.980653e-10 8.162308e-11 5.637782e-10 clkbuf_5_6__f_core_clk
 1.841567e-10 2.872121e-10 8.162308e-11 5.529919e-10 clkbuf_5_17__f_core_clk
 1.839563e-10 2.822624e-10 8.162308e-11 5.478417e-10 clkbuf_5_26__f_core_clk
 1.839481e-10 2.816107e-10 8.162308e-11 5.471819e-10 clkbuf_5_29__f_core_clk
 1.839130e-10 2.788570e-10 8.162308e-11 5.443931e-10 clkbuf_5_30__f_core_clk
 1.839615e-10 2.784656e-10 8.162308e-11 5.440502e-10 clkbuf_5_9__f_core_clk
 1.839872e-10 2.739316e-10 8.162308e-11 5.395419e-10 clkbuf_5_16__f_core_clk
 1.837381e-10 2.651849e-10 8.162308e-11 5.305461e-10 clkbuf_5_31__f_core_clk
 1.837594e-10 2.626523e-10 8.162308e-11 5.280348e-10 clkbuf_5_11__f_core_clk
 1.837318e-10 2.605006e-10 8.162308e-11 5.258555e-10 clkbuf_5_12__f_core_clk
 1.837872e-10 2.582520e-10 8.162308e-11 5.236623e-10 clkbuf_5_18__f_core_clk
 1.837565e-10 2.558480e-10 8.162308e-11 5.212276e-10 clkbuf_5_21__f_core_clk
 1.836874e-10 2.504301e-10 8.162308e-11 5.157406e-10 clkbuf_5_20__f_core_clk
 1.835821e-10 2.487997e-10 8.162308e-11 5.140049e-10 clkbuf_5_13__f_core_clk
 1.835248e-10 2.443046e-10 8.162308e-11 5.094525e-10 clkbuf_5_8__f_core_clk
 1.835625e-10 2.406587e-10 8.162308e-11 5.058443e-10 clkbuf_5_19__f_core_clk
 1.835138e-10 2.368234e-10 8.162308e-11 5.019604e-10 clkbuf_5_23__f_core_clk
 1.835041e-10 2.360613e-10 8.162308e-11 5.011884e-10 clkbuf_5_22__f_core_clk
 1.832362e-10 2.217350e-10 8.162308e-11 4.865943e-10 clkbuf_5_10__f_core_clk
 8.952183e-11 7.462451e-11 4.405156e-11 2.081979e-10 clkbuf_leaf_2_core_clk
 8.950803e-11 7.410149e-11 4.405156e-11 2.076611e-10 clkbuf_leaf_3_core_clk
 8.969124e-11 7.209774e-11 4.405156e-11 2.058405e-10 clkbuf_leaf_223_core_clk
 8.935929e-11 6.772324e-11 4.405156e-11 2.011341e-10 clkbuf_leaf_97_core_clk
 8.954171e-11 6.724383e-11 4.405156e-11 2.008371e-10 clkbuf_leaf_43_core_clk
 8.954230e-11 6.661976e-11 4.405156e-11 2.002136e-10 clkbuf_leaf_224_core_clk
 8.938161e-11 6.571935e-11 4.405156e-11 1.991525e-10 clkbuf_leaf_149_core_clk
 8.937023e-11 6.529979e-11 4.405156e-11 1.987216e-10 clkbuf_leaf_155_core_clk
 8.915917e-11 6.454686e-11 4.405156e-11 1.977576e-10 clkbuf_leaf_233_core_clk
 8.945841e-11 6.417251e-11 4.405156e-11 1.976825e-10 clkbuf_leaf_44_core_clk
 8.932145e-11 6.360761e-11 4.405156e-11 1.969806e-10 clkbuf_leaf_101_core_clk
 8.936055e-11 6.354753e-11 4.405156e-11 1.969596e-10 clkbuf_leaf_237_core_clk
 8.922879e-11 6.350788e-11 4.405156e-11 1.967882e-10 clkbuf_leaf_9_core_clk
 8.913344e-11 6.356114e-11 4.405156e-11 1.967461e-10 clkbuf_leaf_254_core_clk
 8.924151e-11 6.326626e-11 4.405156e-11 1.965593e-10 clkbuf_leaf_96_core_clk
 8.955310e-11 6.285063e-11 4.405156e-11 1.964553e-10 clkbuf_leaf_169_core_clk
 8.923811e-11 6.313761e-11 4.405156e-11 1.964273e-10 clkbuf_leaf_95_core_clk
 8.930111e-11 6.271130e-11 4.405156e-11 1.960640e-10 clkbuf_leaf_131_core_clk
 8.920330e-11 6.253954e-11 4.405156e-11 1.957944e-10 clkbuf_leaf_4_core_clk
 8.921743e-11 6.221167e-11 4.405156e-11 1.954806e-10 clkbuf_leaf_72_core_clk
 8.951541e-11 6.148482e-11 4.405156e-11 1.950518e-10 clkbuf_leaf_171_core_clk
 8.929919e-11 6.096466e-11 4.405156e-11 1.943154e-10 clkbuf_leaf_10_core_clk
 8.928876e-11 6.087220e-11 4.405156e-11 1.942125e-10 clkbuf_leaf_221_core_clk
 8.914149e-11 6.019553e-11 4.405156e-11 1.933886e-10 clkbuf_leaf_267_core_clk
 8.904713e-11 6.024066e-11 4.405156e-11 1.933393e-10 clkbuf_leaf_253_core_clk
 8.925986e-11 5.946652e-11 4.405156e-11 1.927779e-10 clkbuf_leaf_84_core_clk
 8.910005e-11 5.959085e-11 4.405156e-11 1.927424e-10 clkbuf_leaf_38_core_clk
 8.945097e-11 5.906314e-11 4.405156e-11 1.925657e-10 clkbuf_leaf_170_core_clk
 8.911821e-11 5.931145e-11 4.405156e-11 1.924812e-10 clkbuf_leaf_268_core_clk
 8.911397e-11 5.915059e-11 4.405156e-11 1.923161e-10 clkbuf_leaf_269_core_clk
 8.920054e-11 5.893817e-11 4.405156e-11 1.921902e-10 clkbuf_leaf_152_core_clk
 8.937217e-11 5.858874e-11 4.405156e-11 1.920125e-10 clkbuf_leaf_204_core_clk
 8.943080e-11 5.842006e-11 4.405156e-11 1.919024e-10 clkbuf_leaf_146_core_clk
 8.931474e-11 5.824988e-11 4.405156e-11 1.916162e-10 clkbuf_leaf_206_core_clk
 8.918027e-11 5.818496e-11 4.405156e-11 1.914168e-10 clkbuf_leaf_156_core_clk
 8.908111e-11 5.790327e-11 4.405156e-11 1.910359e-10 clkbuf_leaf_0_core_clk
 8.928157e-11 5.765326e-11 4.405156e-11 1.909864e-10 clkbuf_leaf_45_core_clk
 8.920398e-11 5.771248e-11 4.405156e-11 1.909680e-10 clkbuf_leaf_238_core_clk
 8.904818e-11 5.761542e-11 4.405156e-11 1.907152e-10 clkbuf_leaf_13_core_clk
 8.928898e-11 5.730288e-11 4.405156e-11 1.906434e-10 clkbuf_leaf_226_core_clk
 8.908792e-11 5.745414e-11 4.405156e-11 1.905936e-10 clkbuf_leaf_116_core_clk
 8.939476e-11 5.702761e-11 4.405156e-11 1.904739e-10 clkbuf_leaf_167_core_clk
 8.919515e-11 5.705745e-11 4.405156e-11 1.903042e-10 clkbuf_leaf_87_core_clk
 8.915130e-11 5.709288e-11 4.405156e-11 1.902957e-10 clkbuf_leaf_150_core_clk
 8.896944e-11 5.725202e-11 4.405156e-11 1.902730e-10 clkbuf_leaf_250_core_clk
 8.918540e-11 5.672859e-11 4.405156e-11 1.899655e-10 clkbuf_leaf_259_core_clk
 8.905097e-11 5.676032e-11 4.405156e-11 1.898628e-10 clkbuf_leaf_5_core_clk
 8.895375e-11 5.664638e-11 4.405156e-11 1.896517e-10 clkbuf_leaf_251_core_clk
 8.902094e-11 5.657512e-11 4.405156e-11 1.896476e-10 clkbuf_leaf_36_core_clk
 8.901180e-11 5.622791e-11 4.405156e-11 1.892913e-10 clkbuf_leaf_35_core_clk
 8.928471e-11 5.518101e-11 4.405156e-11 1.885173e-10 clkbuf_leaf_177_core_clk
 8.903240e-11 5.521362e-11 4.405156e-11 1.882976e-10 clkbuf_leaf_88_core_clk
 8.909909e-11 5.513659e-11 4.405156e-11 1.882872e-10 clkbuf_leaf_147_core_clk
 8.914023e-11 5.504668e-11 4.405156e-11 1.882385e-10 clkbuf_leaf_11_core_clk
 8.912911e-11 5.492210e-11 4.405156e-11 1.881028e-10 clkbuf_leaf_222_core_clk
 8.926438e-11 5.464984e-11 4.405156e-11 1.879658e-10 clkbuf_leaf_165_core_clk
 8.890725e-11 5.486562e-11 4.405156e-11 1.878244e-10 clkbuf_leaf_257_core_clk
 8.912849e-11 5.461007e-11 4.405156e-11 1.877901e-10 clkbuf_leaf_265_core_clk
 8.921126e-11 5.444442e-11 4.405156e-11 1.877072e-10 clkbuf_leaf_219_core_clk
 8.907762e-11 5.446980e-11 4.405156e-11 1.875990e-10 clkbuf_leaf_99_core_clk
 8.919883e-11 5.398758e-11 4.405156e-11 1.872380e-10 clkbuf_leaf_227_core_clk
 8.911266e-11 5.398809e-11 4.405156e-11 1.871523e-10 clkbuf_leaf_82_core_clk
 8.916948e-11 5.390277e-11 4.405156e-11 1.871238e-10 clkbuf_leaf_142_core_clk
 8.924605e-11 5.376981e-11 4.405156e-11 1.870674e-10 clkbuf_leaf_178_core_clk
 8.895401e-11 5.402901e-11 4.405156e-11 1.870346e-10 clkbuf_leaf_14_core_clk
 8.910648e-11 5.379033e-11 4.405156e-11 1.869484e-10 clkbuf_leaf_1_core_clk
 8.897603e-11 5.391733e-11 4.405156e-11 1.869449e-10 clkbuf_leaf_6_core_clk
 8.923032e-11 5.340428e-11 4.405156e-11 1.866862e-10 clkbuf_leaf_189_core_clk
 8.909701e-11 5.340491e-11 4.405156e-11 1.865535e-10 clkbuf_leaf_86_core_clk
 8.895952e-11 5.329107e-11 4.405156e-11 1.863021e-10 clkbuf_leaf_8_core_clk
 8.925548e-11 5.294759e-11 4.405156e-11 1.862546e-10 clkbuf_leaf_48_core_clk
 8.902661e-11 5.242255e-11 4.405156e-11 1.855007e-10 clkbuf_leaf_154_core_clk
 8.891311e-11 5.246973e-11 4.405156e-11 1.854344e-10 clkbuf_leaf_31_core_clk
 8.893390e-11 5.231964e-11 4.405156e-11 1.853051e-10 clkbuf_leaf_7_core_clk
 8.901975e-11 5.216584e-11 4.405156e-11 1.852371e-10 clkbuf_leaf_157_core_clk
 8.912398e-11 5.184395e-11 4.405156e-11 1.850195e-10 clkbuf_leaf_33_core_clk
 8.905363e-11 5.182273e-11 4.405156e-11 1.849279e-10 clkbuf_leaf_258_core_clk
 8.913587e-11 5.167148e-11 4.405156e-11 1.848589e-10 clkbuf_leaf_225_core_clk
 8.904016e-11 5.132187e-11 4.405156e-11 1.844136e-10 clkbuf_leaf_266_core_clk
 8.908829e-11 5.090469e-11 4.405156e-11 1.840445e-10 clkbuf_leaf_144_core_clk
 8.896524e-11 5.063223e-11 4.405156e-11 1.836490e-10 clkbuf_leaf_117_core_clk
 8.914411e-11 5.025543e-11 4.405156e-11 1.834511e-10 clkbuf_leaf_203_core_clk
 8.879468e-11 5.052624e-11 4.405156e-11 1.833725e-10 clkbuf_leaf_246_core_clk
 8.900494e-11 5.001012e-11 4.405156e-11 1.830666e-10 clkbuf_leaf_263_core_clk
 8.906383e-11 4.962672e-11 4.405156e-11 1.827421e-10 clkbuf_leaf_46_core_clk
 8.883808e-11 4.961241e-11 4.405156e-11 1.825020e-10 clkbuf_leaf_17_core_clk
 8.883524e-11 4.950507e-11 4.405156e-11 1.823919e-10 clkbuf_leaf_32_core_clk
 8.896975e-11 4.866793e-11 4.405156e-11 1.816892e-10 clkbuf_leaf_79_core_clk
 8.892317e-11 4.868174e-11 4.405156e-11 1.816565e-10 clkbuf_leaf_100_core_clk
 8.892542e-11 4.863331e-11 4.405156e-11 1.816103e-10 clkbuf_leaf_153_core_clk
 8.874092e-11 4.845940e-11 4.405156e-11 1.812519e-10 clkbuf_leaf_248_core_clk
 8.889837e-11 4.775223e-11 4.405156e-11 1.807021e-10 clkbuf_leaf_98_core_clk
 8.884106e-11 4.779925e-11 4.405156e-11 1.806919e-10 clkbuf_leaf_240_core_clk
 8.883408e-11 4.771297e-11 4.405156e-11 1.805986e-10 clkbuf_leaf_73_core_clk
 8.899703e-11 4.753580e-11 4.405156e-11 1.805844e-10 clkbuf_leaf_140_core_clk
 8.893786e-11 4.751326e-11 4.405156e-11 1.805027e-10 clkbuf_leaf_262_core_clk
 8.902044e-11 4.742606e-11 4.405156e-11 1.804980e-10 clkbuf_leaf_207_core_clk
 8.897458e-11 4.714370e-11 4.405156e-11 1.801698e-10 clkbuf_leaf_211_core_clk
 8.892149e-11 4.690345e-11 4.405156e-11 1.798765e-10 clkbuf_leaf_260_core_clk
 8.904517e-11 4.664012e-11 4.405156e-11 1.797368e-10 clkbuf_leaf_164_core_clk
 8.876499e-11 4.682891e-11 4.405156e-11 1.796455e-10 clkbuf_leaf_16_core_clk
 8.880909e-11 4.676796e-11 4.405156e-11 1.796286e-10 clkbuf_leaf_74_core_clk
 8.869770e-11 4.679693e-11 4.405156e-11 1.795462e-10 clkbuf_leaf_252_core_clk
 8.907240e-11 4.629335e-11 4.405156e-11 1.794173e-10 clkbuf_leaf_51_core_clk
 8.901744e-11 4.624217e-11 4.405156e-11 1.793112e-10 clkbuf_leaf_42_core_clk
 8.903234e-11 4.617008e-11 4.405156e-11 1.792540e-10 clkbuf_leaf_190_core_clk
 8.902021e-11 4.612622e-11 4.405156e-11 1.791980e-10 clkbuf_leaf_61_core_clk
 8.896928e-11 4.614133e-11 4.405156e-11 1.791622e-10 clkbuf_leaf_47_core_clk
 8.902736e-11 4.598958e-11 4.405156e-11 1.790685e-10 clkbuf_leaf_187_core_clk
 8.889511e-11 4.592134e-11 4.405156e-11 1.788680e-10 clkbuf_leaf_264_core_clk
 8.893938e-11 4.584208e-11 4.405156e-11 1.788330e-10 clkbuf_leaf_213_core_clk
 8.895273e-11 4.564669e-11 4.405156e-11 1.786510e-10 clkbuf_leaf_133_core_clk
 8.895574e-11 4.564151e-11 4.405156e-11 1.786488e-10 clkbuf_leaf_29_core_clk
 8.877629e-11 4.552756e-11 4.405156e-11 1.783554e-10 clkbuf_leaf_75_core_clk
 8.892515e-11 4.531506e-11 4.405156e-11 1.782918e-10 clkbuf_leaf_199_core_clk
 8.904102e-11 4.515283e-11 4.405156e-11 1.782454e-10 clkbuf_leaf_50_core_clk
 8.891671e-11 4.500320e-11 4.405156e-11 1.779715e-10 clkbuf_leaf_214_core_clk
 8.886766e-11 4.486689e-11 4.405156e-11 1.777861e-10 clkbuf_leaf_85_core_clk
 8.892911e-11 4.477543e-11 4.405156e-11 1.777561e-10 clkbuf_leaf_129_core_clk
 8.893127e-11 4.474018e-11 4.405156e-11 1.777230e-10 clkbuf_leaf_34_core_clk
 8.890996e-11 4.475325e-11 4.405156e-11 1.777148e-10 clkbuf_leaf_208_core_clk
 8.904807e-11 4.455437e-11 4.405156e-11 1.776540e-10 clkbuf_leaf_172_core_clk
 8.894038e-11 4.448114e-11 4.405156e-11 1.774731e-10 clkbuf_leaf_205_core_clk
 8.884729e-11 4.441906e-11 4.405156e-11 1.773179e-10 clkbuf_leaf_220_core_clk
 8.881008e-11 4.431164e-11 4.405156e-11 1.771733e-10 clkbuf_leaf_158_core_clk
 8.902202e-11 4.399605e-11 4.405156e-11 1.770696e-10 clkbuf_leaf_202_core_clk
 8.895729e-11 4.382377e-11 4.405156e-11 1.768326e-10 clkbuf_leaf_40_core_clk
 8.884254e-11 4.393265e-11 4.405156e-11 1.768267e-10 clkbuf_leaf_78_core_clk
 8.888554e-11 4.352613e-11 4.405156e-11 1.764632e-10 clkbuf_leaf_108_core_clk
 8.881951e-11 4.307596e-11 4.405156e-11 1.759470e-10 clkbuf_leaf_81_core_clk
 8.860268e-11 4.314674e-11 4.405156e-11 1.758010e-10 clkbuf_leaf_249_core_clk
 8.860200e-11 4.312231e-11 4.405156e-11 1.757759e-10 clkbuf_leaf_261_core_clk
 8.875688e-11 4.281238e-11 4.405156e-11 1.756208e-10 clkbuf_leaf_121_core_clk
 8.885168e-11 4.259882e-11 4.405156e-11 1.755020e-10 clkbuf_leaf_215_core_clk
 8.898774e-11 4.236896e-11 4.405156e-11 1.754083e-10 clkbuf_leaf_148_core_clk
 8.897430e-11 4.226510e-11 4.405156e-11 1.752910e-10 clkbuf_leaf_201_core_clk
 8.874660e-11 4.242661e-11 4.405156e-11 1.752248e-10 clkbuf_leaf_110_core_clk
 8.896907e-11 4.207486e-11 4.405156e-11 1.750955e-10 clkbuf_leaf_194_core_clk
 8.892296e-11 4.197397e-11 4.405156e-11 1.749485e-10 clkbuf_leaf_176_core_clk
 8.891755e-11 4.197580e-11 4.405156e-11 1.749449e-10 clkbuf_leaf_193_core_clk
 8.893498e-11 4.179441e-11 4.405156e-11 1.747810e-10 clkbuf_leaf_182_core_clk
 8.889766e-11 4.164165e-11 4.405156e-11 1.745909e-10 clkbuf_leaf_58_core_clk
 8.896783e-11 4.156584e-11 4.405156e-11 1.745852e-10 clkbuf_leaf_166_core_clk
 8.878388e-11 4.174930e-11 4.405156e-11 1.745847e-10 clkbuf_leaf_80_core_clk
 8.877955e-11 4.130403e-11 4.405156e-11 1.741351e-10 clkbuf_leaf_235_core_clk
 8.883243e-11 4.121021e-11 4.405156e-11 1.740942e-10 clkbuf_leaf_128_core_clk
 8.865163e-11 4.063993e-11 4.405156e-11 1.733431e-10 clkbuf_leaf_241_core_clk
 8.887687e-11 4.029147e-11 4.405156e-11 1.732199e-10 clkbuf_leaf_174_core_clk
 8.876892e-11 3.953790e-11 4.405156e-11 1.723584e-10 clkbuf_leaf_197_core_clk
 8.882432e-11 3.916881e-11 4.405156e-11 1.720447e-10 clkbuf_leaf_41_core_clk
 8.884523e-11 3.913589e-11 4.405156e-11 1.720327e-10 clkbuf_leaf_175_core_clk
 8.882070e-11 3.903631e-11 4.405156e-11 1.719086e-10 clkbuf_leaf_57_core_clk
 8.865801e-11 3.910215e-11 4.405156e-11 1.718117e-10 clkbuf_leaf_113_core_clk
 8.871535e-11 3.891707e-11 4.405156e-11 1.716840e-10 clkbuf_leaf_234_core_clk
 8.880686e-11 3.852958e-11 4.405156e-11 1.713880e-10 clkbuf_leaf_56_core_clk
 8.869925e-11 3.859893e-11 4.405156e-11 1.713497e-10 clkbuf_leaf_83_core_clk
 8.864345e-11 3.855558e-11 4.405156e-11 1.712506e-10 clkbuf_leaf_114_core_clk
 8.882910e-11 3.792942e-11 4.405156e-11 1.708101e-10 clkbuf_leaf_69_core_clk
 8.872927e-11 3.775466e-11 4.405156e-11 1.705355e-10 clkbuf_leaf_112_core_clk
 8.880310e-11 3.759815e-11 4.405156e-11 1.704528e-10 clkbuf_leaf_173_core_clk
 8.852907e-11 3.784862e-11 4.405156e-11 1.704292e-10 clkbuf_leaf_15_core_clk
 8.872514e-11 3.760227e-11 4.405156e-11 1.703790e-10 clkbuf_leaf_102_core_clk
 8.867349e-11 3.736080e-11 4.405156e-11 1.700858e-10 clkbuf_leaf_255_core_clk
 8.880140e-11 3.692071e-11 4.405156e-11 1.697737e-10 clkbuf_leaf_90_core_clk
 8.880088e-11 3.690180e-11 4.405156e-11 1.697542e-10 clkbuf_leaf_68_core_clk
 8.857284e-11 3.709656e-11 4.405156e-11 1.697210e-10 clkbuf_leaf_21_core_clk
 8.879614e-11 3.673636e-11 4.405156e-11 1.695841e-10 clkbuf_leaf_179_core_clk
 8.855056e-11 3.682010e-11 4.405156e-11 1.694222e-10 clkbuf_leaf_242_core_clk
 8.854949e-11 3.678147e-11 4.405156e-11 1.693825e-10 clkbuf_leaf_217_core_clk
 8.859467e-11 3.672496e-11 4.405156e-11 1.693712e-10 clkbuf_leaf_109_core_clk
 8.880146e-11 3.644517e-11 4.405156e-11 1.692982e-10 clkbuf_leaf_27_core_clk
 8.877051e-11 3.640813e-11 4.405156e-11 1.692302e-10 clkbuf_leaf_143_core_clk
 8.869660e-11 3.644448e-11 4.405156e-11 1.691926e-10 clkbuf_leaf_145_core_clk
 8.875305e-11 3.634949e-11 4.405156e-11 1.691541e-10 clkbuf_leaf_60_core_clk
 8.878417e-11 3.630247e-11 4.405156e-11 1.691382e-10 clkbuf_leaf_185_core_clk
 8.869235e-11 3.639116e-11 4.405156e-11 1.691351e-10 clkbuf_leaf_107_core_clk
 8.869614e-11 3.618362e-11 4.405156e-11 1.689313e-10 clkbuf_leaf_127_core_clk
 8.854696e-11 3.612028e-11 4.405156e-11 1.687188e-10 clkbuf_leaf_25_core_clk
 8.853040e-11 3.606045e-11 4.405156e-11 1.686424e-10 clkbuf_leaf_218_core_clk
 8.876881e-11 3.574211e-11 4.405156e-11 1.685625e-10 clkbuf_leaf_181_core_clk
 8.850231e-11 3.594448e-11 4.405156e-11 1.684983e-10 clkbuf_leaf_19_core_clk
 8.878937e-11 3.555528e-11 4.405156e-11 1.683962e-10 clkbuf_leaf_196_core_clk
 8.862338e-11 3.549720e-11 4.405156e-11 1.681721e-10 clkbuf_leaf_239_core_clk
 8.876924e-11 3.527297e-11 4.405156e-11 1.680937e-10 clkbuf_leaf_49_core_clk
 8.875893e-11 3.489860e-11 4.405156e-11 1.677091e-10 clkbuf_leaf_28_core_clk
 8.864770e-11 3.463954e-11 4.405156e-11 1.673388e-10 clkbuf_leaf_139_core_clk
 8.870105e-11 3.444645e-11 4.405156e-11 1.671990e-10 clkbuf_leaf_59_core_clk
 8.869524e-11 3.444150e-11 4.405156e-11 1.671883e-10 clkbuf_leaf_62_core_clk
 8.850408e-11 3.450373e-11 4.405156e-11 1.670594e-10 clkbuf_leaf_20_core_clk
 8.875240e-11 3.421381e-11 4.405156e-11 1.670178e-10 clkbuf_leaf_192_core_clk
 8.864538e-11 3.431137e-11 4.405156e-11 1.670083e-10 clkbuf_leaf_134_core_clk
 8.872651e-11 3.419321e-11 4.405156e-11 1.669713e-10 clkbuf_leaf_65_core_clk
 8.848457e-11 3.432748e-11 4.405156e-11 1.668636e-10 clkbuf_leaf_216_core_clk
 8.858785e-11 3.417605e-11 4.405156e-11 1.668155e-10 clkbuf_leaf_232_core_clk
 8.862122e-11 3.407578e-11 4.405156e-11 1.667486e-10 clkbuf_leaf_200_core_clk
 8.866070e-11 3.346309e-11 4.405156e-11 1.661753e-10 clkbuf_leaf_137_core_clk
 8.868734e-11 3.337154e-11 4.405156e-11 1.661104e-10 clkbuf_leaf_168_core_clk
 8.847924e-11 3.356178e-11 4.405156e-11 1.660926e-10 clkbuf_leaf_30_core_clk
 8.861722e-11 3.327314e-11 4.405156e-11 1.659419e-10 clkbuf_leaf_119_core_clk
 8.845622e-11 3.325415e-11 4.405156e-11 1.657619e-10 clkbuf_leaf_244_core_clk
 8.869293e-11 3.297903e-11 4.405156e-11 1.657235e-10 clkbuf_leaf_183_core_clk
 8.846867e-11 3.316816e-11 4.405156e-11 1.656884e-10 clkbuf_leaf_22_core_clk
 8.849568e-11 3.300978e-11 4.405156e-11 1.655570e-10 clkbuf_leaf_118_core_clk
 8.875807e-11 3.266114e-11 4.405156e-11 1.654708e-10 clkbuf_leaf_55_core_clk
 8.849314e-11 3.291470e-11 4.405156e-11 1.654594e-10 clkbuf_leaf_115_core_clk
 8.844934e-11 3.243900e-11 4.405156e-11 1.649399e-10 clkbuf_leaf_26_core_clk
 8.853500e-11 3.221159e-11 4.405156e-11 1.647981e-10 clkbuf_leaf_256_core_clk
 8.857585e-11 3.208871e-11 4.405156e-11 1.647161e-10 clkbuf_leaf_105_core_clk
 8.862112e-11 3.201168e-11 4.405156e-11 1.646843e-10 clkbuf_leaf_136_core_clk
 8.861630e-11 3.183464e-11 4.405156e-11 1.645025e-10 clkbuf_leaf_124_core_clk
 8.843291e-11 3.181493e-11 4.405156e-11 1.642994e-10 clkbuf_leaf_23_core_clk
 8.857084e-11 3.156227e-11 4.405156e-11 1.641847e-10 clkbuf_leaf_132_core_clk
 8.841237e-11 3.159797e-11 4.405156e-11 1.640619e-10 clkbuf_leaf_243_core_clk
 8.860152e-11 3.080435e-11 4.405156e-11 1.634574e-10 clkbuf_leaf_66_core_clk
 8.841014e-11 3.095620e-11 4.405156e-11 1.634179e-10 clkbuf_leaf_24_core_clk
 8.865204e-11 3.057180e-11 4.405156e-11 1.632754e-10 clkbuf_leaf_195_core_clk
 8.839939e-11 3.055082e-11 4.405156e-11 1.630018e-10 clkbuf_leaf_18_core_clk
 8.856856e-11 3.008427e-11 4.405156e-11 1.627044e-10 clkbuf_leaf_135_core_clk
 8.860787e-11 2.987227e-11 4.405156e-11 1.625317e-10 clkbuf_leaf_71_core_clk
 8.840290e-11 2.952754e-11 4.405156e-11 1.619820e-10 clkbuf_leaf_111_core_clk
 8.858612e-11 2.908014e-11 4.405156e-11 1.617178e-10 clkbuf_leaf_70_core_clk
 8.854465e-11 2.872326e-11 4.405156e-11 1.613195e-10 clkbuf_leaf_67_core_clk
 8.853062e-11 2.841188e-11 4.405156e-11 1.609941e-10 clkbuf_leaf_52_core_clk
 8.860711e-11 2.722330e-11 4.405156e-11 1.598820e-10 clkbuf_leaf_53_core_clk
 8.844344e-11 2.719873e-11 4.405156e-11 1.596937e-10 clkbuf_leaf_104_core_clk
 8.848607e-11 2.705961e-11 4.405156e-11 1.595972e-10 clkbuf_leaf_125_core_clk
 8.856360e-11 2.565564e-11 4.405156e-11 1.582708e-10 clkbuf_leaf_63_core_clk
 8.841988e-11 2.303435e-11 4.405156e-11 1.555058e-10 clkbuf_leaf_186_core_clk
 8.836672e-11 2.268303e-11 4.405156e-11 1.551013e-10 clkbuf_leaf_123_core_clk
 8.840502e-11 2.059432e-11 4.405156e-11 1.530509e-10 clkbuf_leaf_64_core_clk
 8.747705e-11 0.000000e+00 4.405156e-11 1.315286e-10 clkload16
 6.679623e-11 0.000000e+00 5.975648e-11 1.265527e-10 clkload10
 6.672381e-11 0.000000e+00 5.975648e-11 1.264803e-10 clkload20
 6.646318e-11 0.000000e+00 5.975648e-11 1.262196e-10 clkload26
 6.636723e-11 0.000000e+00 5.975648e-11 1.261237e-10 clkload6
 4.881659e-11 0.000000e+00 4.643646e-11 9.525305e-11 clkload21
 4.878730e-11 0.000000e+00 4.643646e-11 9.522375e-11 clkload8
 4.877073e-11 0.000000e+00 4.643646e-11 9.520719e-11 clkload13
 4.872239e-11 0.000000e+00 4.643646e-11 9.515885e-11 clkload11
 4.866330e-11 0.000000e+00 4.643646e-11 9.509976e-11 clkload27
 4.847658e-11 0.000000e+00 4.643646e-11 9.491304e-11 clkload2
 4.845314e-11 0.000000e+00 4.643646e-11 9.488960e-11 clkload14
 4.329892e-11 0.000000e+00 2.345417e-11 6.675309e-11 clkload208
 4.329793e-11 0.000000e+00 2.345417e-11 6.675210e-11 clkload158
 4.328416e-11 0.000000e+00 2.345417e-11 6.673834e-11 clkload210
 4.328350e-11 0.000000e+00 2.345417e-11 6.673767e-11 clkload178
 4.327965e-11 0.000000e+00 2.345417e-11 6.673383e-11 clkload103
 4.327756e-11 0.000000e+00 2.345417e-11 6.673173e-11 clkload114
 4.327524e-11 0.000000e+00 2.345417e-11 6.672941e-11 clkload184
 4.327401e-11 0.000000e+00 2.345417e-11 6.672818e-11 clkload211
 4.327266e-11 0.000000e+00 2.345417e-11 6.672683e-11 clkload153
 4.327169e-11 0.000000e+00 2.345417e-11 6.672586e-11 clkload45
 4.327033e-11 0.000000e+00 2.345417e-11 6.672450e-11 clkload50
 4.326813e-11 0.000000e+00 2.345417e-11 6.672229e-11 clkload76
 4.326709e-11 0.000000e+00 2.345417e-11 6.672127e-11 clkload179
 4.326537e-11 0.000000e+00 2.345417e-11 6.671955e-11 clkload51
 4.326359e-11 0.000000e+00 2.345417e-11 6.671776e-11 clkload188
 4.326316e-11 0.000000e+00 2.345417e-11 6.671733e-11 clkload204
 4.326293e-11 0.000000e+00 2.345417e-11 6.671710e-11 clkload48
 4.326044e-11 0.000000e+00 2.345417e-11 6.671461e-11 clkload151
 4.326041e-11 0.000000e+00 2.345417e-11 6.671458e-11 clkload112
 4.325992e-11 0.000000e+00 2.345417e-11 6.671409e-11 clkload78
 4.325968e-11 0.000000e+00 2.345417e-11 6.671386e-11 clkload207
 4.325943e-11 0.000000e+00 2.345417e-11 6.671361e-11 clkload108
 4.325594e-11 0.000000e+00 2.345417e-11 6.671011e-11 clkload154
 4.325550e-11 0.000000e+00 2.345417e-11 6.670967e-11 clkload80
 4.325340e-11 0.000000e+00 2.345417e-11 6.670758e-11 clkload205
 4.325320e-11 0.000000e+00 2.345417e-11 6.670737e-11 clkload73
 4.325305e-11 0.000000e+00 2.345417e-11 6.670722e-11 clkload109
 4.325188e-11 0.000000e+00 2.345417e-11 6.670606e-11 clkload156
 4.325066e-11 0.000000e+00 2.345417e-11 6.670483e-11 clkload75
 4.324811e-11 0.000000e+00 2.345417e-11 6.670228e-11 clkload181
 4.324503e-11 0.000000e+00 2.345417e-11 6.669920e-11 clkload186
 4.324404e-11 0.000000e+00 2.345417e-11 6.669822e-11 clkload79
 4.324377e-11 0.000000e+00 2.345417e-11 6.669795e-11 clkload163
 4.324359e-11 0.000000e+00 2.345417e-11 6.669776e-11 clkload102
 4.323531e-11 0.000000e+00 2.345417e-11 6.668949e-11 clkload107
 4.323426e-11 0.000000e+00 2.345417e-11 6.668843e-11 clkload164
 4.323312e-11 0.000000e+00 2.345417e-11 6.668729e-11 clkload169
 4.323186e-11 0.000000e+00 2.345417e-11 6.668603e-11 clkload144
 4.322762e-11 0.000000e+00 2.345417e-11 6.668180e-11 clkload155
 4.322580e-11 0.000000e+00 2.345417e-11 6.667997e-11 clkload171
 4.322276e-11 0.000000e+00 2.345417e-11 6.667693e-11 clkload139
 4.322153e-11 0.000000e+00 2.345417e-11 6.667570e-11 clkload119
 4.322057e-11 0.000000e+00 2.345417e-11 6.667474e-11 clkload43
 4.321988e-11 0.000000e+00 2.345417e-11 6.667406e-11 clkload91
 4.321860e-11 0.000000e+00 2.345417e-11 6.667276e-11 clkload145
 4.321729e-11 0.000000e+00 2.345417e-11 6.667146e-11 clkload40
 4.321536e-11 0.000000e+00 2.345417e-11 6.666953e-11 clkload201
 4.321422e-11 0.000000e+00 2.345417e-11 6.666839e-11 clkload117
 4.320249e-11 0.000000e+00 2.345417e-11 6.665667e-11 clkload44
 4.320095e-11 0.000000e+00 2.345417e-11 6.665512e-11 clkload93
 4.319551e-11 0.000000e+00 2.345417e-11 6.664969e-11 clkload34
 4.319421e-11 0.000000e+00 2.345417e-11 6.664838e-11 clkload37
 4.318917e-11 0.000000e+00 2.345417e-11 6.664334e-11 clkload120
 4.318442e-11 0.000000e+00 2.345417e-11 6.663860e-11 clkload59
 4.318392e-11 0.000000e+00 2.345417e-11 6.663810e-11 clkload167
 4.318388e-11 0.000000e+00 2.345417e-11 6.663805e-11 clkload32
 4.318172e-11 0.000000e+00 2.345417e-11 6.663589e-11 clkload177
 4.318024e-11 0.000000e+00 2.345417e-11 6.663442e-11 clkload29
 4.317973e-11 0.000000e+00 2.345417e-11 6.663390e-11 clkload131
 4.316572e-11 0.000000e+00 2.345417e-11 6.661989e-11 clkload31
 4.316541e-11 0.000000e+00 2.345417e-11 6.661958e-11 clkload190
 4.316347e-11 0.000000e+00 2.345417e-11 6.661764e-11 clkload176
 4.315593e-11 0.000000e+00 2.345417e-11 6.661011e-11 clkload192
 3.183977e-11 0.000000e+00 3.311824e-11 6.495800e-11 clkload17
 3.181938e-11 0.000000e+00 3.311824e-11 6.493762e-11 clkload18
 3.175400e-11 0.000000e+00 3.311824e-11 6.487223e-11 clkload9
 3.158410e-11 0.000000e+00 3.311824e-11 6.470233e-11 clkload3
 1.058262e-19 5.892702e-19 4.699079e-11 4.699079e-11 fanout200
 1.059775e-19 5.442265e-19 4.699079e-11 4.699079e-11 fanout226
 1.050451e-19 4.523691e-19 4.699079e-11 4.699079e-11 fanout227
 1.052225e-19 4.709511e-19 4.699079e-11 4.699079e-11 fanout260
 1.050415e-19 3.901279e-19 4.699079e-11 4.699079e-11 fanout478
 1.057292e-19 5.025894e-19 4.699079e-11 4.699079e-11 fanout479
 1.065055e-19 5.143761e-19 4.699079e-11 4.699079e-11 fanout635
 1.061138e-19 5.076167e-19 4.699079e-11 4.699079e-11 max_cap214
 1.067250e-19 4.549437e-19 4.699079e-11 4.699079e-11 max_cap216
 1.062135e-19 3.497650e-19 4.699079e-11 4.699079e-11 max_cap634
 5.265776e-19 2.148403e-18 4.699077e-11 4.699078e-11 fanout219
 5.293311e-19 2.481143e-18 4.699077e-11 4.699078e-11 fanout259
 5.249830e-19 1.859714e-18 4.699077e-11 4.699078e-11 fanout616
 5.266655e-19 2.453940e-18 4.699077e-11 4.699078e-11 max_cap181
 5.338734e-19 2.991397e-18 4.699077e-11 4.699078e-11 max_cap201
 5.396116e-19 2.199104e-18 4.699077e-11 4.699078e-11 max_cap459
 5.366140e-19 2.187249e-18 4.699077e-11 4.699078e-11 max_cap475
 5.386891e-19 2.213544e-18 4.699077e-11 4.699078e-11 max_cap625
 5.372435e-19 2.295201e-18 4.699077e-11 4.699078e-11 max_cap627
 5.240056e-19 2.078579e-18 4.699077e-11 4.699077e-11 fanout183
 5.272294e-19 2.120866e-18 4.699077e-11 4.699077e-11 fanout186
 5.273617e-19 2.138409e-18 4.699077e-11 4.699077e-11 fanout187
 5.243807e-19 1.817086e-18 4.699077e-11 4.699077e-11 fanout375
 5.247043e-19 1.902488e-18 4.699077e-11 4.699077e-11 fanout377
 5.251451e-19 1.906545e-18 4.699077e-11 4.699077e-11 fanout607
 5.236433e-19 2.077454e-18 4.699077e-11 4.699077e-11 fanout610
 5.347137e-19 2.640100e-18 4.699077e-11 4.699077e-11 max_cap408
 5.368147e-19 2.406903e-18 4.699077e-11 4.699077e-11 max_cap609
 9.519517e-19 4.639612e-18 4.699076e-11 4.699077e-11 fanout205
 9.493539e-19 4.267248e-18 4.699076e-11 4.699077e-11 fanout746
 9.656823e-19 5.203827e-18 4.699076e-11 4.699077e-11 max_cap204
 9.517591e-19 5.145020e-18 4.699076e-11 4.699076e-11 fanout180
 9.545200e-19 4.681775e-18 4.699076e-11 4.699076e-11 fanout453
 5.262998e-19 2.275220e-18 4.699076e-11 4.699076e-11 fanout618
 5.327136e-19 3.264334e-18 4.699076e-11 4.699076e-11 fanout621
 9.439350e-19 3.502531e-18 4.699076e-11 4.699076e-11 fanout631
 9.455406e-19 3.510210e-18 4.699076e-11 4.699076e-11 fanout751
 5.362692e-19 2.724316e-18 4.699076e-11 4.699076e-11 max_cap213
 9.680408e-19 3.508323e-18 4.699076e-11 4.699076e-11 max_cap748
 9.622006e-19 3.391965e-18 4.699076e-11 4.699076e-11 wire745
 9.487164e-19 4.253508e-18 4.699076e-11 4.699076e-11 fanout454
 3.355868e-18 1.299443e-17 4.699074e-11 4.699076e-11 fanout706
 9.609987e-19 2.980675e-18 4.699076e-11 4.699076e-11 max_cap737
 3.508167e-18 1.684353e-17 4.699073e-11 4.699075e-11 fanout262
 3.477203e-18 1.432979e-17 4.699073e-11 4.699075e-11 fanout261
 3.453008e-18 1.250547e-17 4.699073e-11 4.699075e-11 fanout785
 3.465837e-18 1.298609e-17 4.699073e-11 4.699075e-11 fanout787
 3.476690e-18 1.473612e-17 4.699073e-11 4.699075e-11 fanout790
 9.683768e-19 4.915623e-18 4.699074e-11 4.699075e-11 max_cap367
 9.699514e-19 4.317230e-18 4.699074e-11 4.699075e-11 max_cap405
 5.271387e-19 1.980303e-18 4.699074e-11 4.699074e-11 fanout419
 5.225921e-19 1.969254e-18 4.699074e-11 4.699074e-11 fanout420
 5.255200e-19 1.949317e-18 4.699074e-11 4.699074e-11 fanout421
 5.262906e-19 1.797281e-18 4.699074e-11 4.699074e-11 fanout424
 5.213041e-19 1.813805e-18 4.699074e-11 4.699074e-11 fanout425
 1.368229e-18 5.325199e-18 4.699074e-11 4.699074e-11 fanout441
 5.258156e-19 2.176497e-18 4.699074e-11 4.699074e-11 fanout462
 5.354939e-19 3.101620e-18 4.699074e-11 4.699074e-11 fanout463
 9.570060e-19 3.515811e-18 4.699074e-11 4.699074e-11 max_cap365
 1.379271e-18 7.243224e-18 4.699073e-11 4.699074e-11 fanout211
 9.461296e-19 3.418447e-18 4.699073e-11 4.699073e-11 fanout228
 9.554847e-19 4.057643e-18 4.699073e-11 4.699073e-11 fanout230
 5.375709e-19 2.479336e-18 4.699073e-11 4.699073e-11 wire258
 1.373980e-18 6.824894e-18 4.699072e-11 4.699073e-11 fanout220
 9.489172e-19 2.511373e-18 4.699072e-11 4.699073e-11 max_cap732
 1.379127e-18 7.394153e-18 4.699071e-11 4.699072e-11 fanout589
 5.309997e-19 2.839177e-18 4.699072e-11 4.699072e-11 fanout629
 5.289262e-19 2.400071e-18 4.699072e-11 4.699072e-11 fanout630
 9.454353e-19 3.436553e-18 4.699072e-11 4.699072e-11 fanout756
 9.432453e-19 3.156891e-18 4.699072e-11 4.699072e-11 fanout760
 9.364728e-19 2.853355e-18 4.699072e-11 4.699072e-11 fanout767
 9.418211e-19 2.707135e-18 4.699072e-11 4.699072e-11 fanout771
 9.422970e-19 3.039247e-18 4.699072e-11 4.699072e-11 fanout773
 5.283874e-19 1.584755e-18 4.699072e-11 4.699072e-11 max_cap730
 9.710689e-19 4.710957e-18 4.699071e-11 4.699072e-11 max_cap250
 9.647754e-19 3.702295e-18 4.699071e-11 4.699071e-11 fanout247
 9.514114e-19 4.409801e-18 4.699069e-11 4.699070e-11 fanout202
 5.245238e-19 1.903837e-18 4.699069e-11 4.699070e-11 max_cap611
 5.347983e-19 2.493599e-18 4.699068e-11 4.699069e-11 max_cap623
 3.147728e-19 1.153675e-18 4.699057e-11 4.699057e-11 fanout393
 3.160881e-19 1.318737e-18 4.699057e-11 4.699057e-11 fanout396
 3.155185e-19 1.185981e-18 4.699057e-11 4.699057e-11 fanout398
 7.339893e-19 2.225945e-18 4.699055e-11 4.699055e-11 fanout915
 7.326867e-19 2.311127e-18 4.699055e-11 4.699055e-11 fanout918
 3.174330e-19 1.535972e-18 4.699052e-11 4.699053e-11 fanout905
 3.150675e-19 1.168870e-18 4.699052e-11 4.699052e-11 fanout904
 3.151565e-19 1.224936e-18 4.699052e-11 4.699052e-11 fanout909
 3.149449e-19 1.272487e-18 4.405167e-11 4.405167e-11 fanout782
 7.406825e-19 3.599271e-18 4.405164e-11 4.405165e-11 fanout779
 7.488881e-19 4.067101e-18 4.405164e-11 4.405165e-11 fanout780
 3.154004e-19 1.010144e-18 4.405162e-11 4.405162e-11 fanout593
 3.146718e-19 1.056075e-18 4.405162e-11 4.405162e-11 fanout594
 3.142694e-19 1.109256e-18 4.405162e-11 4.405162e-11 fanout601
 5.238063e-19 2.106059e-18 4.405150e-11 4.405150e-11 fanout406
 9.487269e-19 4.467857e-18 4.405148e-11 4.405149e-11 fanout449
 9.701739e-19 4.463029e-18 4.405148e-11 4.405149e-11 max_cap252
 9.390618e-19 3.310099e-18 4.405148e-11 4.405148e-11 fanout448
 5.293051e-19 1.930028e-18 4.405148e-11 4.405148e-11 max_cap242
 5.335139e-19 2.349717e-18 4.405148e-11 4.405148e-11 wire244
 5.271385e-19 2.257190e-18 4.405148e-11 4.405148e-11 fanout1019
 9.437489e-19 2.561460e-18 4.405148e-11 4.405148e-11 fanout946
 9.398632e-19 3.126338e-18 4.405148e-11 4.405148e-11 fanout970
 9.409696e-19 2.554171e-18 4.405148e-11 4.405148e-11 fanout982
 5.292619e-19 2.539649e-18 4.405148e-11 4.405148e-11 wire471
 3.481446e-18 1.249718e-17 4.405146e-11 4.405148e-11 fanout1028
 3.369258e-18 1.413733e-17 4.405146e-11 4.405148e-11 fanout485
 3.354722e-18 1.347827e-17 4.405146e-11 4.405148e-11 fanout488
 3.462132e-18 1.309336e-17 4.405146e-11 4.405148e-11 fanout797
 3.516900e-18 1.284726e-17 4.405146e-11 4.405148e-11 max_cap1027
 1.401598e-18 7.520887e-18 4.405147e-11 4.405148e-11 max_cap225
 3.452788e-18 1.170752e-17 4.405146e-11 4.405147e-11 fanout808
 9.669886e-19 5.685552e-18 4.405147e-11 4.405147e-11 max_cap1018
 9.749180e-19 5.290481e-18 4.405147e-11 4.405147e-11 max_cap416
 9.633528e-19 3.772387e-18 4.405147e-11 4.405147e-11 max_cap1012
 9.561415e-19 3.408894e-18 4.405147e-11 4.405147e-11 max_cap1014
 9.639938e-19 4.206849e-18 4.405147e-11 4.405147e-11 wire1016
 9.522113e-19 5.107186e-18 4.405146e-11 4.405147e-11 fanout233
 9.482805e-19 4.039441e-18 4.405146e-11 4.405146e-11 fanout231
 9.483446e-19 4.048314e-18 4.405146e-11 4.405146e-11 fanout232
 5.250040e-19 1.868365e-18 4.405144e-11 4.405145e-11 fanout436
 9.492485e-19 4.284255e-18 4.405144e-11 4.405145e-11 fanout469
 9.623159e-19 5.632395e-18 4.405144e-11 4.405145e-11 fanout470
 9.648037e-19 3.682295e-18 4.405144e-11 4.405145e-11 wire369
 9.643807e-19 4.213519e-18 4.405144e-11 4.405144e-11 max_cap1007
 9.516084e-19 4.383853e-18 4.405143e-11 4.405144e-11 fanout412
 9.685741e-19 5.768660e-18 4.405143e-11 4.405144e-11 max_cap235
 9.721890e-19 5.046136e-18 4.405143e-11 4.405144e-11 max_cap473
 9.424763e-19 2.949650e-18 4.405143e-11 4.405143e-11 fanout1001
 9.487284e-19 4.059714e-18 4.405143e-11 4.405143e-11 fanout1002
 9.463953e-19 3.773455e-18 4.405143e-11 4.405143e-11 fanout1005
 9.454451e-19 3.082631e-18 4.405143e-11 4.405143e-11 fanout998
 9.456864e-19 3.489542e-18 4.405143e-11 4.405143e-11 fanout999
 9.596138e-19 3.420144e-18 4.405143e-11 4.405143e-11 max_cap997
 5.258000e-19 1.874461e-18 4.405142e-11 4.405143e-11 fanout381
 5.260281e-19 2.025487e-18 4.405142e-11 4.405143e-11 fanout385
 5.257753e-19 2.055888e-18 4.405142e-11 4.405142e-11 fanout476
 1.044959e-19 3.570184e-19 4.405140e-11 4.405140e-11 fanout477
 1.071528e-19 4.503587e-19 4.405140e-11 4.405140e-11 max_cap210
 2.393371e-11 0.000000e+00 1.689928e-11 4.083299e-11 clkload101
 2.391940e-11 0.000000e+00 1.689928e-11 4.081868e-11 clkload100
 2.391531e-11 0.000000e+00 1.689928e-11 4.081459e-11 clkload99
 2.390291e-11 0.000000e+00 1.689928e-11 4.080219e-11 clkload209
 2.390234e-11 0.000000e+00 1.689928e-11 4.080162e-11 clkload49
 2.390009e-11 0.000000e+00 1.689928e-11 4.079937e-11 clkload157
 2.389868e-11 0.000000e+00 1.689928e-11 4.079796e-11 clkload212
 2.389578e-11 0.000000e+00 1.689928e-11 4.079506e-11 clkload71
 2.389537e-11 0.000000e+00 1.689928e-11 4.079465e-11 clkload46
 2.389093e-11 0.000000e+00 1.689928e-11 4.079020e-11 clkload180
 2.388943e-11 0.000000e+00 1.689928e-11 4.078871e-11 clkload72
 2.388866e-11 0.000000e+00 1.689928e-11 4.078794e-11 clkload47
 2.388804e-11 0.000000e+00 1.689928e-11 4.078732e-11 clkload161
 2.388723e-11 0.000000e+00 1.689928e-11 4.078651e-11 clkload113
 2.388424e-11 0.000000e+00 1.689928e-11 4.078352e-11 clkload104
 2.388357e-11 0.000000e+00 1.689928e-11 4.078285e-11 clkload185
 2.388105e-11 0.000000e+00 1.689928e-11 4.078033e-11 clkload162
 2.387655e-11 0.000000e+00 1.689928e-11 4.077583e-11 clkload152
 2.387496e-11 0.000000e+00 1.689928e-11 4.077425e-11 clkload183
 2.387396e-11 0.000000e+00 1.689928e-11 4.077325e-11 clkload189
 2.387183e-11 0.000000e+00 1.689928e-11 4.077111e-11 clkload106
 2.386922e-11 0.000000e+00 1.689928e-11 4.076850e-11 clkload141
 2.386303e-11 0.000000e+00 1.689928e-11 4.076231e-11 clkload142
 2.386092e-11 0.000000e+00 1.689928e-11 4.076020e-11 clkload74
 2.384666e-11 0.000000e+00 1.689928e-11 4.074594e-11 clkload129
 2.384514e-11 0.000000e+00 1.689928e-11 4.074442e-11 clkload125
 2.383473e-11 0.000000e+00 1.689928e-11 4.073401e-11 clkload168
 2.382618e-11 0.000000e+00 1.689928e-11 4.072546e-11 clkload170
 2.382460e-11 0.000000e+00 1.689928e-11 4.072388e-11 clkload85
 2.382450e-11 0.000000e+00 1.689928e-11 4.072379e-11 clkload35
 2.381880e-11 0.000000e+00 1.689928e-11 4.071808e-11 clkload134
 2.381756e-11 0.000000e+00 1.689928e-11 4.071685e-11 clkload95
 2.380414e-11 0.000000e+00 1.689928e-11 4.070342e-11 clkload30
 2.370603e-11 0.000000e+00 1.689928e-11 4.060531e-11 clkload15
 1.607528e-11 0.000000e+00 1.980002e-11 3.587530e-11 clkload36
 1.604584e-11 0.000000e+00 1.980002e-11 3.584586e-11 clkload54
 1.603764e-11 0.000000e+00 1.980002e-11 3.583766e-11 clkload126
 1.599622e-11 0.000000e+00 1.980002e-11 3.579624e-11 clkload166
 1.598880e-11 0.000000e+00 1.980002e-11 3.578882e-11 clkload149
 1.594544e-11 0.000000e+00 1.980002e-11 3.574546e-11 clkload94
 1.593168e-11 0.000000e+00 1.980002e-11 3.573170e-11 clkload92
 1.591115e-11 0.000000e+00 1.980002e-11 3.571117e-11 clkload118
 1.588397e-11 0.000000e+00 1.980002e-11 3.568399e-11 clkload195
 1.585204e-11 0.000000e+00 1.980002e-11 3.565206e-11 clkload61
 1.584001e-11 0.000000e+00 1.980002e-11 3.564003e-11 clkload135
 1.579759e-11 0.000000e+00 1.980002e-11 3.559761e-11 clkload133
 1.578879e-11 0.000000e+00 1.980002e-11 3.558881e-11 clkload84
 5.179467e-20 2.876689e-19 2.663999e-11 2.663999e-11 fanout217
 5.265056e-20 1.995110e-19 2.663999e-11 2.663999e-11 fanout356
 5.196950e-20 2.402658e-19 2.663999e-11 2.663999e-11 fanout577
 2.639292e-19 9.137749e-19 2.663998e-11 2.663998e-11 fanout494
 2.620778e-19 8.758280e-19 2.663998e-11 2.663998e-11 fanout495
 2.569283e-19 9.135474e-19 2.663998e-11 2.663998e-11 fanout497
 2.634830e-19 1.131904e-18 2.663998e-11 2.663998e-11 fanout500
 2.614102e-19 8.361946e-19 2.663998e-11 2.663998e-11 fanout502
 2.602275e-19 1.667818e-18 2.663998e-11 2.663998e-11 fanout517
 2.637291e-19 8.940200e-19 2.663998e-11 2.663998e-11 fanout522
 2.631517e-19 8.928646e-19 2.663998e-11 2.663998e-11 fanout523
 2.591566e-19 1.055969e-18 2.663998e-11 2.663998e-11 fanout529
 2.630543e-19 8.705398e-19 2.663998e-11 2.663998e-11 fanout533
 2.590809e-19 1.068120e-18 2.663998e-11 2.663998e-11 fanout537
 2.589699e-19 1.235836e-18 2.663998e-11 2.663998e-11 fanout538
 2.610023e-19 1.092753e-18 2.663997e-11 2.663997e-11 fanout583
 2.648095e-19 1.773557e-18 2.663997e-11 2.663997e-11 fanout628
 2.624303e-19 1.152465e-18 2.663997e-11 2.663997e-11 fanout188
 2.634438e-19 1.927657e-18 2.663997e-11 2.663997e-11 fanout189
 2.630633e-19 1.060163e-18 2.663997e-11 2.663997e-11 fanout378
 1.707713e-18 1.370338e-17 2.663994e-11 2.663995e-11 fanout710
 4.688071e-19 1.595077e-18 2.663995e-11 2.663995e-11 fanout738
 1.664512e-18 1.069851e-17 2.663994e-11 2.663995e-11 fanout709
 1.659230e-18 9.456914e-18 2.663994e-11 2.663995e-11 fanout699
 1.663409e-18 8.998625e-18 2.663994e-11 2.663995e-11 fanout701
 1.693708e-18 8.117988e-18 2.663994e-11 2.663995e-11 fanout704
 1.659056e-18 7.955726e-18 2.663994e-11 2.663995e-11 fanout708
 1.649931e-18 6.354406e-18 2.663994e-11 2.663995e-11 fanout698
 1.681801e-18 6.468672e-18 2.663994e-11 2.663995e-11 fanout700
 1.676093e-18 6.350621e-18 2.663994e-11 2.663995e-11 fanout707
 1.681684e-18 6.106258e-18 2.663994e-11 2.663994e-11 fanout703
 2.598744e-19 1.197153e-18 2.663994e-11 2.663994e-11 fanout422
 6.852666e-19 2.720033e-18 2.663994e-11 2.663994e-11 fanout442
 1.727234e-18 1.116721e-17 2.663992e-11 2.663994e-11 fanout789
 1.778277e-18 9.597532e-18 2.663992e-11 2.663994e-11 fanout793
 1.743422e-18 1.529887e-17 2.663992e-11 2.663994e-11 fanout355
 1.732135e-18 7.109789e-18 2.663992e-11 2.663993e-11 fanout786
 1.734238e-18 1.237755e-17 2.663992e-11 2.663993e-11 fanout327
 1.742627e-18 8.389435e-18 2.663992e-11 2.663993e-11 fanout306
 1.729945e-18 6.550442e-18 2.663992e-11 2.663993e-11 fanout302
 1.728599e-18 7.040468e-18 2.663992e-11 2.663993e-11 fanout310
 1.738110e-18 6.174486e-18 2.663992e-11 2.663993e-11 fanout311
 1.739614e-18 6.175684e-18 2.663992e-11 2.663993e-11 fanout325
 1.725100e-18 7.078841e-18 2.663992e-11 2.663993e-11 fanout345
 1.725837e-18 7.178222e-18 2.663992e-11 2.663993e-11 fanout354
 4.645492e-19 1.625950e-18 2.663992e-11 2.663993e-11 fanout653
 1.724778e-18 5.666993e-18 2.663992e-11 2.663992e-11 fanout348
 1.731965e-18 5.410337e-18 2.663992e-11 2.663992e-11 fanout353
 4.859699e-19 3.226907e-18 2.663991e-11 2.663991e-11 fanout775
 4.646916e-19 2.073810e-18 2.663991e-11 2.663991e-11 fanout768
 4.719655e-19 1.385694e-18 2.663991e-11 2.663991e-11 fanout770
 4.658482e-19 1.897320e-18 2.663991e-11 2.663991e-11 fanout772
 6.738776e-19 3.173507e-18 2.663990e-11 2.663991e-11 fanout590
 1.052483e-19 4.128602e-19 2.663984e-11 2.663984e-11 fanout1047
 1.041959e-19 5.390568e-19 2.663984e-11 2.663984e-11 fanout1048
 1.052007e-19 4.109177e-19 2.663984e-11 2.663984e-11 fanout1050
 1.045131e-19 5.484399e-19 2.663984e-11 2.663984e-11 fanout1055
 1.056330e-19 4.728975e-19 2.663984e-11 2.663984e-11 fanout1056
 1.053846e-19 4.376502e-19 2.663984e-11 2.663984e-11 fanout1058
 1.054651e-19 4.572162e-19 2.663984e-11 2.663984e-11 fanout1060
 1.049389e-19 3.605851e-19 2.663984e-11 2.663984e-11 fanout1067
 1.038438e-19 5.128484e-19 2.663984e-11 2.663984e-11 fanout1068
 1.052059e-19 4.688591e-19 2.663984e-11 2.663984e-11 fanout1070
 1.055255e-19 5.179027e-19 2.663984e-11 2.663984e-11 fanout1073
 1.040424e-19 4.685763e-19 2.663984e-11 2.663984e-11 fanout1076
 1.801562e-18 1.041915e-17 2.663978e-11 2.663979e-11 fanout726
 1.779773e-18 6.528662e-18 2.663978e-11 2.663979e-11 fanout712
 1.785514e-18 7.334481e-18 2.663978e-11 2.663979e-11 fanout715
 1.793708e-18 6.702555e-18 2.663978e-11 2.663979e-11 fanout717
 1.779784e-18 6.792409e-18 2.663978e-11 2.663979e-11 fanout721
 1.796133e-18 7.326650e-18 2.663978e-11 2.663979e-11 fanout724
 1.790488e-18 7.712665e-18 2.663978e-11 2.663979e-11 fanout725
 3.667097e-19 1.202736e-18 2.663976e-11 2.663976e-11 fanout668
 1.593823e-19 1.455973e-18 2.663975e-11 2.663975e-11 fanout403
 1.554480e-19 7.025276e-19 2.663975e-11 2.663975e-11 fanout395
 3.693572e-19 1.042785e-18 2.663974e-11 2.663974e-11 fanout645
 5.779238e-19 1.609928e-18 2.663974e-11 2.663974e-11 fanout670
 5.826723e-19 1.917524e-18 2.663974e-11 2.663974e-11 fanout673
 5.796628e-19 1.609676e-18 2.663974e-11 2.663974e-11 fanout688
 5.797527e-19 1.686830e-18 2.663973e-11 2.663973e-11 fanout652
 5.760351e-19 1.727362e-18 2.663973e-11 2.663973e-11 fanout687
 5.794171e-19 1.618132e-18 2.663973e-11 2.663973e-11 fanout690
 3.693487e-19 1.417715e-18 2.663973e-11 2.663973e-11 fanout912
 3.637275e-19 1.529276e-18 2.663973e-11 2.663973e-11 fanout913
 3.611448e-19 1.537937e-18 2.663973e-11 2.663973e-11 fanout923
 3.685742e-19 1.244664e-18 2.663973e-11 2.663973e-11 fanout929
 3.708711e-19 1.786101e-18 2.663973e-11 2.663973e-11 fanout931
 5.751552e-19 1.912444e-18 2.663972e-11 2.663972e-11 fanout655
 5.764836e-19 1.893649e-18 2.663972e-11 2.663972e-11 fanout677
 5.788004e-19 1.785320e-18 2.663972e-11 2.663972e-11 fanout684
 1.553628e-19 7.253516e-19 2.663970e-11 2.663970e-11 fanout908
 3.677670e-19 1.147896e-18 2.663969e-11 2.663969e-11 fanout686
 1.509554e-19 2.388651e-20 2.663965e-11 2.663965e-11 output41
 1.503441e-19 2.085937e-20 2.663965e-11 2.663965e-11 output42
 1.511488e-19 2.983395e-20 2.663965e-11 2.663965e-11 output43
 1.501129e-19 7.046958e-21 2.663965e-11 2.663965e-11 output44
 1.501684e-19 9.784375e-21 2.663965e-11 2.663965e-11 output45
 1.505286e-19 3.068457e-20 2.663965e-11 2.663965e-11 output46
 1.515182e-19 4.863377e-20 2.663965e-11 2.663965e-11 output47
 1.522569e-19 2.442721e-20 2.663965e-11 2.663965e-11 output48
 1.515751e-19 4.255907e-20 2.663965e-11 2.663965e-11 output49
 1.514928e-19 2.924980e-20 2.663965e-11 2.663965e-11 output50
 1.504259e-19 2.700584e-20 2.663965e-11 2.663965e-11 output51
 1.510522e-19 3.142032e-20 2.663965e-11 2.663965e-11 output52
 1.505822e-19 1.317471e-20 2.663965e-11 2.663965e-11 output53
 1.504653e-19 2.709440e-20 2.663965e-11 2.663965e-11 output54
 1.520440e-19 3.435587e-20 2.663965e-11 2.663965e-11 output55
 1.500665e-19 4.897515e-21 2.663965e-11 2.663965e-11 output56
 1.501026e-19 8.471492e-21 2.663965e-11 2.663965e-11 output58
 1.502630e-19 1.262333e-20 2.663965e-11 2.663965e-11 output59
 1.515795e-19 3.196559e-20 2.663965e-11 2.663965e-11 output61
 1.505396e-19 1.939559e-20 2.663965e-11 2.663965e-11 output62
 1.503607e-19 2.001223e-20 2.663965e-11 2.663965e-11 output63
 1.506271e-19 1.647179e-20 2.663965e-11 2.663965e-11 output64
 2.772905e-12 1.504163e-13 2.345418e-11 2.637750e-11 output16
 2.761402e-12 6.946119e-14 2.345429e-11 2.628516e-11 output14
 1.754257e-12 1.805257e-13 2.345434e-11 2.538912e-11 output13
 1.591824e-19 1.031124e-18 2.345429e-11 2.345429e-11 fanout784
 1.567188e-19 9.751717e-19 2.345424e-11 2.345424e-11 fanout598
 1.563257e-19 8.744245e-19 2.345424e-11 2.345424e-11 fanout602
 1.561276e-19 8.180746e-19 2.345424e-11 2.345424e-11 fanout604
 1.558862e-19 6.747366e-19 2.345424e-11 2.345424e-11 fanout592
 1.581435e-19 6.960294e-19 2.345424e-11 2.345424e-11 fanout595
 1.576963e-19 6.210721e-19 2.345424e-11 2.345424e-11 fanout600
 1.051630e-19 4.079998e-19 2.345416e-11 2.345416e-11 fanout1080
 1.047333e-19 3.408523e-19 2.345416e-11 2.345416e-11 fanout1093
 1.054316e-19 5.224858e-19 2.345416e-11 2.345416e-11 fanout1104
 1.058376e-19 6.593267e-19 2.345416e-11 2.345416e-11 fanout1139
 4.509538e-19 2.449360e-20 2.345415e-11 2.345415e-11 output12
 4.675321e-19 2.327195e-18 2.345409e-11 2.345409e-11 fanout253
 4.740745e-19 2.375973e-18 2.345408e-11 2.345408e-11 fanout939
 4.651767e-19 2.210787e-18 2.345408e-11 2.345408e-11 fanout951
 4.760968e-19 2.778305e-18 2.345408e-11 2.345408e-11 fanout995
 2.591655e-19 1.204171e-18 2.345408e-11 2.345408e-11 fanout1022
 4.663106e-19 1.916581e-18 2.345408e-11 2.345408e-11 fanout942
 4.640579e-19 1.418985e-18 2.345408e-11 2.345408e-11 fanout948
 4.760210e-19 1.734932e-18 2.345408e-11 2.345408e-11 fanout949
 4.745290e-19 1.707804e-18 2.345408e-11 2.345408e-11 fanout954
 4.647630e-19 1.661514e-18 2.345408e-11 2.345408e-11 fanout959
 4.653548e-19 1.737336e-18 2.345408e-11 2.345408e-11 fanout960
 4.644933e-19 2.009114e-18 2.345408e-11 2.345408e-11 fanout965
 4.644349e-19 1.559266e-18 2.345408e-11 2.345408e-11 fanout967
 4.670328e-19 1.888249e-18 2.345408e-11 2.345408e-11 fanout968
 4.694061e-19 1.909670e-18 2.345408e-11 2.345408e-11 fanout974
 4.692300e-19 1.395031e-18 2.345408e-11 2.345408e-11 fanout975
 4.645600e-19 1.892327e-18 2.345408e-11 2.345408e-11 fanout987
 4.717506e-19 1.742852e-18 2.345408e-11 2.345408e-11 fanout988
 4.701763e-19 1.525740e-18 2.345408e-11 2.345408e-11 fanout989
 4.636814e-19 1.781729e-18 2.345408e-11 2.345408e-11 fanout994
 1.727430e-18 6.206705e-18 2.345407e-11 2.345408e-11 fanout268
 1.748770e-18 7.112145e-18 2.345407e-11 2.345408e-11 fanout269
 1.734827e-18 7.267139e-18 2.345407e-11 2.345408e-11 fanout274
 1.741801e-18 6.512532e-18 2.345407e-11 2.345408e-11 fanout276
 1.735253e-18 6.241610e-18 2.345407e-11 2.345408e-11 fanout278
 1.741976e-18 7.191939e-18 2.345407e-11 2.345408e-11 fanout279
 1.727955e-18 6.538896e-18 2.345407e-11 2.345408e-11 fanout282
 1.734591e-18 6.846132e-18 2.345407e-11 2.345408e-11 fanout285
 1.734573e-18 6.844174e-18 2.345407e-11 2.345408e-11 fanout287
 1.705412e-18 6.772985e-18 2.345407e-11 2.345408e-11 fanout288
 1.704981e-18 7.607117e-18 2.345407e-11 2.345408e-11 fanout300
 1.733795e-18 5.699221e-18 2.345407e-11 2.345408e-11 fanout273
 1.742760e-18 6.062470e-18 2.345407e-11 2.345408e-11 fanout293
 1.739147e-18 5.888951e-18 2.345407e-11 2.345408e-11 fanout295
 1.735028e-18 6.046887e-18 2.345407e-11 2.345408e-11 fanout298
 1.683440e-18 1.255918e-17 2.345406e-11 2.345408e-11 fanout489
 1.717049e-18 9.762703e-18 2.345406e-11 2.345408e-11 fanout263
 8.902841e-19 2.629988e-18 2.345407e-11 2.345408e-11 fanout667
 4.760214e-19 1.353760e-18 2.345407e-11 2.345407e-11 fanout641
 1.718540e-18 8.682931e-18 2.345406e-11 2.345407e-11 fanout803
 1.719020e-18 8.809710e-18 2.345406e-11 2.345407e-11 fanout804
 1.716951e-18 9.303936e-18 2.345406e-11 2.345407e-11 fanout805
 1.719426e-18 8.077225e-18 2.345406e-11 2.345407e-11 fanout810
 1.739571e-18 7.852778e-18 2.345406e-11 2.345407e-11 fanout811
 1.706013e-18 6.476992e-18 2.345406e-11 2.345407e-11 fanout794
 1.704859e-18 7.381344e-18 2.345406e-11 2.345407e-11 fanout798
 1.708215e-18 6.894211e-18 2.345406e-11 2.345407e-11 fanout800
 1.738624e-18 6.533848e-18 2.345406e-11 2.345407e-11 fanout806
 1.752886e-18 7.612818e-18 2.345406e-11 2.345407e-11 fanout807
 4.788546e-19 1.661072e-18 2.345406e-11 2.345407e-11 fanout654
 6.892563e-19 2.290743e-18 2.345405e-11 2.345406e-11 fanout680
 4.734456e-19 2.534848e-18 2.345405e-11 2.345405e-11 fanout371
 4.667130e-19 2.071411e-18 2.345405e-11 2.345405e-11 fanout370
 2.609754e-19 8.266069e-19 2.345405e-11 2.345405e-11 fanout427
 2.606940e-19 1.570068e-18 2.345405e-11 2.345405e-11 fanout430
 2.601851e-19 1.453917e-18 2.345405e-11 2.345405e-11 fanout431
 2.596607e-19 1.342333e-18 2.345405e-11 2.345405e-11 fanout439
 4.660607e-19 1.898153e-18 2.345404e-11 2.345404e-11 fanout1010
 2.605567e-19 1.772930e-18 2.345402e-11 2.345403e-11 fanout190
 2.617727e-19 2.088595e-18 2.345402e-11 2.345403e-11 fanout193
 2.590708e-19 1.092036e-18 2.345402e-11 2.345403e-11 fanout382
 2.613664e-19 1.501218e-18 2.345402e-11 2.345403e-11 fanout391
 2.642633e-19 1.310670e-18 2.345402e-11 2.345403e-11 fanout392
 2.611054e-19 8.865980e-19 2.345402e-11 2.345402e-11 fanout176
 2.650489e-19 1.192147e-18 2.345402e-11 2.345402e-11 fanout457
 2.643006e-19 1.115692e-18 2.345402e-11 2.345402e-11 fanout586
 2.641216e-19 1.171727e-18 2.345402e-11 2.345402e-11 fanout588
 2.623651e-19 8.553960e-19 2.345401e-11 2.345401e-11 fanout144
 2.643577e-19 1.171898e-18 2.345401e-11 2.345401e-11 fanout145
 2.593349e-19 1.068275e-18 2.345401e-11 2.345401e-11 fanout196
 2.646581e-19 1.129947e-18 2.345401e-11 2.345401e-11 fanout540
 2.596853e-19 1.282510e-18 2.345401e-11 2.345401e-11 fanout542
 2.632280e-19 1.010691e-18 2.345401e-11 2.345401e-11 fanout543
 2.624818e-19 9.050549e-19 2.345401e-11 2.345401e-11 fanout545
 2.633117e-19 9.363779e-19 2.345401e-11 2.345401e-11 fanout547
 2.583228e-19 1.119573e-18 2.345401e-11 2.345401e-11 fanout551
 2.580733e-19 1.046554e-18 2.345401e-11 2.345401e-11 fanout552
 2.631964e-19 9.245317e-19 2.345401e-11 2.345401e-11 fanout556
 2.632804e-19 9.363728e-19 2.345401e-11 2.345401e-11 fanout557
 2.641028e-19 1.132122e-18 2.345401e-11 2.345401e-11 fanout559
 2.599756e-19 1.084965e-18 2.345401e-11 2.345401e-11 fanout561
 2.633373e-19 1.023825e-18 2.345401e-11 2.345401e-11 fanout562
 2.597880e-19 8.569525e-19 2.345401e-11 2.345401e-11 fanout566
 2.630348e-19 8.636843e-19 2.345401e-11 2.345401e-11 fanout567
 2.588698e-19 1.017240e-18 2.345401e-11 2.345401e-11 fanout568
 2.611728e-19 8.746666e-19 2.345401e-11 2.345401e-11 fanout570
 2.634253e-19 2.311535e-18 2.345401e-11 2.345401e-11 fanout573
 2.517921e-19 1.272577e-20 2.345401e-11 2.345401e-11 output15
 5.299164e-20 2.168829e-19 2.345400e-11 2.345400e-11 fanout103
 5.321578e-20 2.322271e-19 2.345400e-11 2.345400e-11 fanout105
 5.327301e-20 2.615712e-19 2.345400e-11 2.345400e-11 fanout111
 5.228578e-20 1.737059e-19 2.345400e-11 2.345400e-11 fanout139
 5.289555e-20 2.196871e-19 2.345400e-11 2.345400e-11 fanout146
 5.266730e-20 2.172990e-19 2.345400e-11 2.345400e-11 fanout147
 5.276204e-20 2.194095e-19 2.345400e-11 2.345400e-11 fanout359
 5.189910e-20 1.955854e-19 2.345400e-11 2.345400e-11 fanout361
 5.288581e-20 1.841130e-19 2.345400e-11 2.345400e-11 fanout362
 5.270390e-20 1.598583e-19 2.345400e-11 2.345400e-11 fanout648
 5.263166e-20 1.584421e-19 2.345400e-11 2.345400e-11 fanout649
 5.316044e-20 1.969491e-19 2.345400e-11 2.345400e-11 fanout817
 5.268838e-20 1.809011e-19 2.345400e-11 2.345400e-11 fanout819
 5.232115e-20 1.789598e-19 2.345400e-11 2.345400e-11 fanout82
 5.317211e-20 2.070263e-19 2.345400e-11 2.345400e-11 fanout820
 5.259171e-20 1.917264e-19 2.345400e-11 2.345400e-11 fanout821
 5.273089e-20 1.955545e-19 2.345400e-11 2.345400e-11 fanout823
 5.319848e-20 2.142583e-19 2.345400e-11 2.345400e-11 fanout825
 5.227371e-20 2.406178e-19 2.345400e-11 2.345400e-11 fanout826
 5.365719e-20 2.041871e-19 2.345400e-11 2.345400e-11 fanout829
 5.362398e-20 3.422998e-19 2.345400e-11 2.345400e-11 fanout89
 5.017237e-20 4.906672e-21 2.345400e-11 2.345400e-11 output17
 5.028170e-20 1.663461e-20 2.345400e-11 2.345400e-11 output18
 5.026553e-20 9.942454e-21 2.345400e-11 2.345400e-11 output19
 5.030742e-20 1.059431e-20 2.345400e-11 2.345400e-11 output20
 5.043239e-20 1.196758e-20 2.345400e-11 2.345400e-11 output21
 5.034836e-20 1.715715e-20 2.345400e-11 2.345400e-11 output22
 5.026105e-20 1.005276e-20 2.345400e-11 2.345400e-11 output23
 5.043140e-20 6.178340e-21 2.345400e-11 2.345400e-11 output24
 5.062359e-20 1.547350e-20 2.345400e-11 2.345400e-11 output25
 5.030240e-20 8.686079e-21 2.345400e-11 2.345400e-11 output26
 5.050272e-20 1.506593e-20 2.345400e-11 2.345400e-11 output27
 5.027222e-20 1.505039e-20 2.345400e-11 2.345400e-11 output28
 5.037279e-20 8.845873e-21 2.345400e-11 2.345400e-11 output29
 5.044527e-20 1.803890e-20 2.345400e-11 2.345400e-11 output30
 5.034262e-20 8.128892e-21 2.345400e-11 2.345400e-11 output31
 5.000923e-20 5.318166e-21 2.345400e-11 2.345400e-11 output32
 5.035295e-20 2.051016e-20 2.345400e-11 2.345400e-11 output33
 5.027560e-20 9.396294e-21 2.345400e-11 2.345400e-11 output34
 5.031982e-20 1.282870e-20 2.345400e-11 2.345400e-11 output35
 5.018983e-20 3.661760e-21 2.345400e-11 2.345400e-11 output36
 5.026759e-20 1.479231e-20 2.345400e-11 2.345400e-11 output37
 5.004452e-20 3.263983e-21 2.345400e-11 2.345400e-11 output38
 5.008144e-20 4.323710e-21 2.345400e-11 2.345400e-11 output39
 5.042743e-20 8.464768e-21 2.345400e-11 2.345400e-11 output40
 5.019998e-20 3.841387e-21 2.345400e-11 2.345400e-11 output57
 5.012738e-20 4.178922e-21 2.345400e-11 2.345400e-11 output60
 1.817338e-19 2.222379e-18 2.015279e-11 2.015279e-11 _21114_
 2.904780e-20 1.656681e-19 1.689930e-11 1.689930e-11 fanout818
 2.866349e-20 1.122028e-19 1.689930e-11 1.689930e-11 fanout99
 1.422790e-19 5.389611e-19 1.689930e-11 1.689930e-11 fanout173
 1.419887e-19 5.044934e-19 1.689930e-11 1.689930e-11 fanout177
 9.432274e-19 3.769979e-18 1.689929e-11 1.689930e-11 fanout264
 9.396144e-19 3.211602e-18 1.689929e-11 1.689930e-11 fanout286
 2.565918e-19 8.736346e-19 1.689929e-11 1.689929e-11 fanout953
 2.554967e-19 7.691170e-19 1.689929e-11 1.689929e-11 fanout956
 5.755618e-20 2.932879e-19 1.689928e-11 1.689928e-11 fanout1079
 5.689372e-20 1.836249e-19 1.689928e-11 1.689928e-11 fanout1111
 5.716117e-20 2.191794e-19 1.689928e-11 1.689928e-11 fanout1113
 5.704702e-20 2.060254e-19 1.689928e-11 1.689928e-11 fanout1120
 5.708341e-20 2.289314e-19 1.689928e-11 1.689928e-11 fanout1124
 5.694421e-20 1.905656e-19 1.689928e-11 1.689928e-11 fanout1126
 1.571620e-19 3.018874e-18 1.673459e-11 1.673460e-11 _20760_
 5.038506e-20 3.438568e-19 1.673458e-11 1.673458e-11 _11991_
 5.047614e-20 3.348216e-19 1.673458e-11 1.673458e-11 _12087_
 5.026230e-20 3.641471e-19 1.673458e-11 1.673458e-11 _12103_
 5.001399e-20 3.517412e-19 1.673458e-11 1.673458e-11 _12194_
 3.121859e-19 7.713889e-19 1.653897e-11 1.653897e-11 fanout643
 3.140499e-19 8.508945e-19 1.653897e-11 1.653897e-11 fanout674
 9.699901e-19 3.490816e-18 1.653896e-11 1.653897e-11 fanout714
 8.548114e-20 2.998355e-19 1.653896e-11 1.653896e-11 fanout831
 8.508883e-20 2.357278e-19 1.653896e-11 1.653896e-11 fanout850
 8.595161e-20 3.676629e-19 1.653896e-11 1.653896e-11 fanout852
 8.518747e-20 2.467505e-19 1.653896e-11 1.653896e-11 fanout860
 8.506908e-20 2.251008e-19 1.653896e-11 1.653896e-11 fanout867
 8.550998e-20 2.986840e-19 1.653896e-11 1.653896e-11 fanout869
 8.525308e-20 2.649288e-19 1.653896e-11 1.653896e-11 fanout877
 8.524608e-20 2.640507e-19 1.653896e-11 1.653896e-11 fanout879
 8.537191e-20 2.799960e-19 1.653896e-11 1.653896e-11 fanout881
 8.598550e-20 3.436456e-19 1.653896e-11 1.653896e-11 fanout899
 5.678565e-20 1.782335e-19 1.653896e-11 1.653896e-11 fanout1031
 5.720596e-20 2.317267e-19 1.653896e-11 1.653896e-11 fanout1033
 5.716265e-20 2.187313e-19 1.653896e-11 1.653896e-11 fanout1035
 5.753435e-20 2.964705e-19 1.653896e-11 1.653896e-11 fanout1040
 5.703603e-20 2.025226e-19 1.653896e-11 1.653896e-11 fanout1042
 5.707096e-20 2.069439e-19 1.653896e-11 1.653896e-11 fanout1043
 9.401447e-19 3.616652e-18 1.653895e-11 1.653895e-11 fanout312
 9.439047e-19 3.764755e-18 1.653895e-11 1.653895e-11 fanout332
 9.396154e-19 3.388551e-18 1.653895e-11 1.653895e-11 fanout304
 9.410011e-19 3.380573e-18 1.653895e-11 1.653895e-11 fanout316
 9.377401e-19 3.042879e-18 1.653895e-11 1.653895e-11 fanout329
 1.437958e-19 7.712194e-19 1.653894e-11 1.653894e-11 fanout198
 1.439848e-19 6.577058e-19 1.653894e-11 1.653894e-11 fanout156
 1.420737e-19 4.606488e-19 1.653894e-11 1.653894e-11 fanout158
 1.431803e-19 5.934073e-19 1.653894e-11 1.653894e-11 fanout159
 1.436431e-19 6.754018e-19 1.653894e-11 1.653894e-11 fanout160
 1.432569e-19 5.940678e-19 1.653894e-11 1.653894e-11 fanout162
 1.436294e-19 6.461177e-19 1.653894e-11 1.653894e-11 fanout164
 1.428456e-19 5.396658e-19 1.653894e-11 1.653894e-11 fanout168
 1.427450e-19 5.543600e-19 1.653894e-11 1.653894e-11 fanout169
 1.433240e-19 6.193752e-19 1.653894e-11 1.653894e-11 fanout170
 1.426537e-19 5.667758e-19 1.653894e-11 1.653894e-11 fanout510
 1.427722e-19 5.342791e-19 1.653894e-11 1.653894e-11 fanout524
 2.903867e-20 1.026293e-19 1.653894e-11 1.653894e-11 fanout121
 2.864465e-20 1.100240e-19 1.653894e-11 1.653894e-11 fanout91
 2.858172e-20 9.615871e-20 1.653894e-11 1.653894e-11 fanout94
 1.523795e-19 1.116393e-18 1.647000e-11 1.647000e-11 _12009_
 1.693100e-20 1.590781e-19 1.647000e-11 1.647000e-11 _12027_
 1.703118e-20 1.356452e-19 1.647000e-11 1.647000e-11 _12163_
 1.693869e-20 1.269184e-19 1.647000e-11 1.647000e-11 _12181_
 1.676259e-20 1.388009e-19 1.647000e-11 1.647000e-11 _12282_
 1.882659e-20 5.142786e-20 1.348146e-11 1.348146e-11 _24762_
 1.866095e-20 2.709010e-20 1.348146e-11 1.348146e-11 _24763_
 1.874115e-20 3.465695e-20 1.348146e-11 1.348146e-11 _24764_
 1.878202e-20 4.352422e-20 1.348146e-11 1.348146e-11 _24765_
 1.877579e-20 4.217209e-20 1.348146e-11 1.348146e-11 _24766_
 1.875842e-20 3.840506e-20 1.348146e-11 1.348146e-11 _24767_
 1.882201e-20 5.219905e-20 1.348146e-11 1.348146e-11 _24768_
 1.876117e-20 3.900092e-20 1.348146e-11 1.348146e-11 _24769_
 7.920442e-20 2.702292e-19 1.348146e-11 1.348146e-11 input10
 1.578623e-19 3.661499e-19 1.348146e-11 1.348146e-11 input4
 5.541922e-19 1.758815e-18 1.348145e-11 1.348146e-11 input8
 7.878656e-20 1.401866e-19 1.348146e-11 1.348146e-11 input6
 7.899653e-20 2.009214e-19 1.348145e-11 1.348145e-11 input1
 1.578683e-19 3.678655e-19 1.348145e-11 1.348145e-11 input5
 3.947370e-20 9.302937e-20 1.348145e-11 1.348145e-11 input9
 9.236871e-20 1.367459e-18 1.331658e-11 1.331658e-11 _22124_
 9.084160e-20 9.377653e-19 1.331658e-11 1.331658e-11 _21801_
 9.341034e-20 1.430967e-18 1.331658e-11 1.331658e-11 _21942_
 9.280829e-20 8.444737e-19 1.331658e-11 1.331658e-11 _22150_
 3.173707e-20 2.978680e-19 1.331657e-11 1.331657e-11 _11996_
 3.139195e-20 2.547130e-19 1.331657e-11 1.331657e-11 _12054_
 7.045435e-20 5.505413e-19 1.331657e-11 1.331657e-11 _12070_
 7.006517e-20 5.385346e-19 1.331657e-11 1.331657e-11 _12075_
 3.162689e-20 3.011732e-19 1.331657e-11 1.331657e-11 _12108_
 3.017956e-20 2.238946e-19 1.331657e-11 1.331657e-11 _12147_
 3.168837e-20 3.155116e-19 1.331657e-11 1.331657e-11 _12152_
 3.175465e-20 3.071183e-19 1.331657e-11 1.331657e-11 _12199_
 3.031557e-20 2.397473e-19 1.331657e-11 1.331657e-11 _11970_
 1.549888e-19 1.226265e-18 1.331657e-11 1.331657e-11 _12109_
 3.145675e-20 2.595087e-19 1.331657e-11 1.331657e-11 _12118_
 7.314866e-20 5.383342e-19 1.331657e-11 1.331657e-11 _12022_
 7.085586e-20 4.970237e-19 1.331657e-11 1.331657e-11 _12124_
 7.331101e-20 6.589551e-19 1.331657e-11 1.331657e-11 _12143_
 7.299054e-20 5.538586e-19 1.331657e-11 1.331657e-11 _12243_
 1.115364e-19 7.497133e-19 1.331657e-11 1.331657e-11 _12248_
 1.154054e-19 1.058110e-18 1.331657e-11 1.331657e-11 _12253_
 1.130719e-19 8.658101e-19 1.331657e-11 1.331657e-11 _12254_
 1.141921e-19 8.450667e-19 1.331656e-11 1.331657e-11 _12079_
 1.153212e-19 8.828568e-19 1.331656e-11 1.331657e-11 _12091_
 1.118692e-19 1.049116e-18 1.331656e-11 1.331657e-11 _12093_
 1.112603e-19 1.010497e-18 1.331656e-11 1.331657e-11 _12098_
 1.139478e-19 9.827567e-19 1.331656e-11 1.331657e-11 _12186_
 1.105093e-19 9.341682e-19 1.331656e-11 1.331657e-11 _12228_
 1.153875e-19 9.780803e-19 1.331656e-11 1.331657e-11 _12232_
 1.159175e-19 1.041675e-18 1.331656e-11 1.331657e-11 _12244_
 7.322518e-20 5.874528e-19 1.331656e-11 1.331656e-11 _12101_
 7.388372e-20 7.213150e-19 1.331656e-11 1.331656e-11 _12064_
 7.116559e-20 5.388792e-19 1.331656e-11 1.331656e-11 _12065_
 3.024530e-20 2.367243e-19 1.331656e-11 1.331656e-11 _11913_
 3.165375e-20 2.839975e-19 1.331656e-11 1.331656e-11 _11918_
 3.082452e-20 2.654251e-19 1.331656e-11 1.331656e-11 _12260_
 3.152817e-20 2.596236e-19 1.331656e-11 1.331656e-11 _12265_
 3.125134e-20 3.270448e-19 1.331656e-11 1.331656e-11 _12274_
 3.106092e-20 3.217713e-19 1.331656e-11 1.331656e-11 _12276_
 5.662264e-20 1.312172e-19 1.320969e-11 1.320969e-11 _24770_
 5.583165e-20 4.444228e-20 1.320969e-11 1.320969e-11 _24771_
 5.657051e-20 1.176926e-19 1.320969e-11 1.320969e-11 _24772_
 5.612157e-20 9.371910e-20 1.320969e-11 1.320969e-11 _24773_
 5.687284e-20 1.983626e-19 1.320969e-11 1.320969e-11 _24774_
 5.660026e-20 1.254113e-19 1.320969e-11 1.320969e-11 _24775_
 5.683844e-20 1.871952e-19 1.320969e-11 1.320969e-11 _24776_
 5.616274e-20 7.266471e-20 1.320969e-11 1.320969e-11 _24777_
 1.182116e-19 2.199750e-19 1.320968e-11 1.320968e-11 input3
 3.954864e-20 1.152521e-19 1.320968e-11 1.320968e-11 input7
 1.177954e-19 1.558078e-19 1.320968e-11 1.320968e-11 input2
 3.792805e-20 1.622171e-19 1.320967e-11 1.320967e-11 fanout1032
 3.784876e-20 1.723188e-19 1.320967e-11 1.320967e-11 fanout1036
 2.473840e-19 5.476915e-19 1.320967e-11 1.320967e-11 wire157
 9.419127e-20 2.799817e-19 1.320966e-11 1.320966e-11 fanout163
 9.446359e-20 7.487358e-19 1.314019e-11 1.314019e-11 _12000_
 9.348791e-20 6.582607e-19 1.314019e-11 1.314019e-11 _11929_
 1.349872e-19 1.005402e-18 1.314019e-11 1.314019e-11 _11941_
 5.294067e-20 5.327122e-19 1.314019e-11 1.314019e-11 _11975_
 9.471963e-20 8.715700e-19 1.314019e-11 1.314019e-11 _12018_
 9.292913e-20 6.685391e-19 1.314019e-11 1.314019e-11 _12020_
 9.391604e-20 6.945055e-19 1.314019e-11 1.314019e-11 _12213_
 9.495014e-20 8.339441e-19 1.314019e-11 1.314019e-11 _12256_
 1.376128e-19 1.301654e-18 1.314018e-11 1.314019e-11 _12142_
 1.360718e-19 1.042307e-18 1.314018e-11 1.314019e-11 _12236_
 9.423941e-20 7.389515e-19 1.314018e-11 1.314018e-11 _11954_
 9.150639e-20 7.466552e-19 1.314018e-11 1.314018e-11 _12200_
 9.409210e-20 6.728410e-19 1.314018e-11 1.314018e-11 _12207_
 9.478833e-20 1.462212e-18 1.314018e-11 1.314018e-11 _12315_
 9.257486e-20 7.168468e-19 1.314018e-11 1.314018e-11 _11919_
 9.210775e-20 7.441328e-19 1.314018e-11 1.314018e-11 _11952_
 9.018179e-20 6.817564e-19 1.314018e-11 1.314018e-11 _12004_
 9.438398e-20 7.513275e-19 1.314018e-11 1.314018e-11 _12005_
 9.457000e-20 8.496912e-19 1.314018e-11 1.314018e-11 _12010_
 5.164365e-20 4.105208e-19 1.314018e-11 1.314018e-11 _11939_
 5.099891e-20 4.876485e-19 1.314018e-11 1.314018e-11 _12319_
 5.183634e-20 3.970497e-19 1.314018e-11 1.314018e-11 _12321_
 1.011054e-20 9.770043e-20 1.314018e-11 1.314018e-11 _11945_
 1.048180e-20 8.702644e-20 1.314018e-11 1.314018e-11 _11951_
 1.054536e-20 9.550044e-20 1.314018e-11 1.314018e-11 _11986_
 1.025128e-20 1.016922e-19 1.314018e-11 1.314018e-11 _12032_
 1.009936e-20 7.915875e-20 1.314018e-11 1.314018e-11 _12037_
 1.051106e-20 9.240733e-20 1.314018e-11 1.314018e-11 _12042_
 5.198726e-20 3.705536e-19 1.314018e-11 1.314018e-11 _12132_
 1.054516e-20 1.043381e-19 1.314018e-11 1.314018e-11 _12185_
 1.005657e-20 7.980708e-20 1.314018e-11 1.314018e-11 _12216_
 1.059804e-20 1.074337e-19 1.314018e-11 1.314018e-11 _12221_
 1.046546e-20 1.766325e-19 1.314018e-11 1.314018e-11 _12286_
 1.065194e-20 1.166003e-19 1.314018e-11 1.314018e-11 _12290_
 1.047724e-20 1.393493e-19 1.314018e-11 1.314018e-11 _12309_
 1.007032e-20 1.093476e-19 1.314018e-11 1.314018e-11 _13969_
 1.016695e-20 9.429033e-20 1.314018e-11 1.314018e-11 _15007_
 1.025160e-20 5.834089e-20 1.314018e-11 1.314018e-11 _18066_
 9.978302e-21 7.440707e-20 1.314018e-11 1.314018e-11 _18223_
 2.143219e-19 2.286503e-18 9.898737e-12 9.898740e-12 _12406_
 8.334578e-20 3.974044e-19 9.898739e-12 9.898740e-12 _19261_
 2.432428e-20 2.823403e-20 9.898740e-12 9.898740e-12 _21337_
 2.442068e-20 2.700440e-20 9.898740e-12 9.898740e-12 _22345_
 2.433634e-20 2.842691e-20 9.898740e-12 9.898740e-12 _22412_
 2.453053e-20 4.060425e-20 9.898740e-12 9.898740e-12 _22873_
 2.438872e-20 2.696714e-20 9.898740e-12 9.898740e-12 _23619_
 6.250492e-21 1.152646e-20 9.898739e-12 9.898739e-12 _12670_
 6.134111e-21 8.321586e-21 9.898739e-12 9.898739e-12 _12754_
 6.324461e-21 1.164859e-20 9.898739e-12 9.898739e-12 _12882_
 6.247079e-21 1.448266e-20 9.898739e-12 9.898739e-12 _13212_
 6.252973e-21 2.561672e-20 9.898739e-12 9.898739e-12 _13214_
 6.123800e-21 9.208255e-21 9.898739e-12 9.898739e-12 _13221_
 6.332145e-21 1.656701e-20 9.898739e-12 9.898739e-12 _13444_
 6.529551e-21 3.377169e-20 9.898739e-12 9.898739e-12 _13477_
 5.737344e-20 2.624319e-19 9.898739e-12 9.898739e-12 _13485_
 6.454543e-21 2.471798e-20 9.898739e-12 9.898739e-12 _13516_
 3.181614e-20 1.222395e-19 9.898739e-12 9.898739e-12 _13555_
 6.629706e-21 3.384382e-20 9.898739e-12 9.898739e-12 _13594_
 6.298660e-21 9.910746e-21 9.898739e-12 9.898739e-12 _13666_
 6.265931e-21 7.507473e-21 9.898739e-12 9.898739e-12 _13739_
 3.194070e-20 1.121871e-19 9.898739e-12 9.898739e-12 _13775_
 6.294216e-21 8.248406e-21 9.898739e-12 9.898739e-12 _13883_
 3.248284e-20 1.238135e-19 9.898739e-12 9.898739e-12 _13917_
 6.477710e-21 1.677780e-20 9.898739e-12 9.898739e-12 _13955_
 6.341911e-21 1.910735e-20 9.898739e-12 9.898739e-12 _14030_
 6.288980e-21 7.960702e-21 9.898739e-12 9.898739e-12 _14102_
 6.328897e-21 1.262163e-20 9.898739e-12 9.898739e-12 _14176_
 5.542832e-20 1.249858e-19 9.898739e-12 9.898739e-12 _14220_
 6.274652e-21 2.457056e-20 9.898739e-12 9.898739e-12 _14255_
 6.172288e-21 1.144973e-20 9.898739e-12 9.898739e-12 _14402_
 6.178808e-21 8.105804e-21 9.898739e-12 9.898739e-12 _14472_
 6.420756e-21 1.490109e-20 9.898739e-12 9.898739e-12 _14543_
 6.407013e-21 1.722498e-20 9.898739e-12 9.898739e-12 _14616_
 6.430099e-21 4.325286e-20 9.898739e-12 9.898739e-12 _14764_
 6.674347e-21 3.969927e-20 9.898739e-12 9.898739e-12 _14797_
 6.319596e-21 1.359851e-20 9.898739e-12 9.898739e-12 _14903_
 6.374843e-21 1.825448e-20 9.898739e-12 9.898739e-12 _14975_
 6.194357e-21 1.687430e-20 9.898739e-12 9.898739e-12 _15068_
 6.470008e-21 5.766557e-20 9.898739e-12 9.898739e-12 _15174_
 6.142631e-21 8.225864e-21 9.898739e-12 9.898739e-12 _15392_
 5.875455e-20 2.955748e-19 9.898739e-12 9.898739e-12 _15488_
 8.463714e-20 4.057523e-19 9.898738e-12 9.898739e-12 _15495_
 5.523285e-20 8.640934e-20 9.898739e-12 9.898739e-12 _15499_
 8.108411e-20 2.142095e-19 9.898739e-12 9.898739e-12 _15658_
 5.756188e-20 1.987330e-19 9.898739e-12 9.898739e-12 _15812_
 3.093953e-20 4.253915e-20 9.898739e-12 9.898739e-12 _15819_
 3.142151e-20 7.777181e-20 9.898739e-12 9.898739e-12 _16130_
 5.709915e-20 2.689611e-19 9.898739e-12 9.898739e-12 _16295_
 3.174267e-20 1.224622e-19 9.898739e-12 9.898739e-12 _16446_
 3.208400e-20 1.787332e-19 9.898739e-12 9.898739e-12 _16730_
 1.322498e-19 5.579321e-19 9.898738e-12 9.898739e-12 _16899_
 5.768006e-20 2.483048e-19 9.898739e-12 9.898739e-12 _17063_
 6.238425e-21 1.683303e-20 9.898739e-12 9.898739e-12 _17381_
 5.644014e-20 1.520604e-19 9.898739e-12 9.898739e-12 _17388_
 5.729462e-20 2.158853e-19 9.898739e-12 9.898739e-12 _17699_
 3.182334e-20 1.131706e-19 9.898739e-12 9.898739e-12 _17706_
 5.599210e-20 2.081561e-19 9.898739e-12 9.898739e-12 _17710_
 5.583406e-20 1.189570e-19 9.898739e-12 9.898739e-12 _18026_
 5.765950e-20 2.497269e-19 9.898739e-12 9.898739e-12 _18173_
 5.839553e-20 2.639513e-19 9.898739e-12 9.898739e-12 _18337_
 5.795231e-20 2.556663e-19 9.898739e-12 9.898739e-12 _18650_
 5.792190e-20 2.061512e-19 9.898739e-12 9.898739e-12 _18799_
 5.550191e-20 1.038336e-19 9.898739e-12 9.898739e-12 _18963_
 3.204379e-20 1.278174e-19 9.898739e-12 9.898739e-12 _19408_
 3.163614e-20 1.089947e-19 9.898739e-12 9.898739e-12 _19577_
 5.661742e-20 1.779438e-19 9.898739e-12 9.898739e-12 _19733_
 5.560253e-20 1.202549e-19 9.898739e-12 9.898739e-12 _19771_
 5.735467e-20 1.737086e-19 9.898739e-12 9.898739e-12 _19878_
 8.147726e-20 2.137644e-19 9.898739e-12 9.898739e-12 _19885_
 3.099722e-20 6.618952e-20 9.898739e-12 9.898739e-12 _20037_
 1.073043e-19 3.481371e-19 9.898738e-12 9.898739e-12 _20054_
 8.053445e-20 1.653026e-19 9.898739e-12 9.898739e-12 _20058_
 3.194953e-20 8.641737e-20 9.898739e-12 9.898739e-12 _20366_
 6.431200e-21 9.965766e-21 9.898739e-12 9.898739e-12 _21014_
 5.614235e-20 3.109657e-19 9.898739e-12 9.898739e-12 _21043_
 3.102519e-20 9.333816e-20 9.898739e-12 9.898739e-12 _21119_
 4.897189e-20 5.782032e-20 9.898739e-12 9.898739e-12 _21151_
 2.435228e-20 2.803119e-20 9.898739e-12 9.898739e-12 _21248_
 3.073663e-20 5.472771e-20 9.898739e-12 9.898739e-12 _21328_
 3.229690e-20 8.554068e-20 9.898739e-12 9.898739e-12 _21417_
 4.862111e-20 4.312132e-20 9.898739e-12 9.898739e-12 _21637_
 3.138975e-20 1.948298e-19 9.898739e-12 9.898739e-12 _21806_
 5.761102e-20 1.806709e-19 9.898739e-12 9.898739e-12 _21936_
 4.863689e-20 4.144888e-20 9.898739e-12 9.898739e-12 _21964_
 4.868586e-20 4.494719e-20 9.898739e-12 9.898739e-12 _22158_
 5.690683e-20 4.595060e-19 9.898738e-12 9.898739e-12 _22377_
 2.450403e-20 3.502276e-20 9.898739e-12 9.898739e-12 _22431_
 7.318360e-20 9.726141e-20 9.898739e-12 9.898739e-12 _22472_
 4.898869e-20 7.438851e-20 9.898739e-12 9.898739e-12 _22550_
 4.880904e-20 5.818077e-20 9.898739e-12 9.898739e-12 _22558_
 4.875795e-20 6.790943e-20 9.898739e-12 9.898739e-12 _22577_
 4.848561e-20 4.470199e-20 9.898739e-12 9.898739e-12 _22716_
 4.876471e-20 5.222161e-20 9.898739e-12 9.898739e-12 _22754_
 2.437003e-20 2.688679e-20 9.898739e-12 9.898739e-12 _22846_
 2.462841e-20 4.692230e-20 9.898739e-12 9.898739e-12 _23157_
 2.430111e-20 2.735521e-20 9.898739e-12 9.898739e-12 _23370_
 2.443511e-20 3.637424e-20 9.898739e-12 9.898739e-12 _23432_
 1.791028e-19 3.830330e-19 9.898738e-12 9.898739e-12 _23473_
 4.883430e-20 6.170868e-20 9.898739e-12 9.898739e-12 _23518_
 4.873683e-20 6.032228e-20 9.898739e-12 9.898739e-12 _23569_
 4.927437e-20 8.809311e-20 9.898739e-12 9.898739e-12 _23710_
 2.430004e-20 2.365873e-20 9.898739e-12 9.898739e-12 _23762_
 2.442019e-20 3.153427e-20 9.898739e-12 9.898739e-12 _23799_
 3.282084e-20 1.698218e-19 9.898738e-12 9.898738e-12 _12843_
 3.210849e-20 1.222475e-19 9.898738e-12 9.898738e-12 _13040_
 8.366763e-20 3.775781e-19 9.898737e-12 9.898738e-12 _13563_
 8.043342e-20 2.318392e-19 9.898738e-12 9.898738e-12 _13780_
 5.786844e-20 2.322162e-19 9.898738e-12 9.898738e-12 _14215_
 5.958962e-20 3.585767e-19 9.898738e-12 9.898738e-12 _14289_
 8.465705e-20 4.102578e-19 9.898737e-12 9.898738e-12 _14724_
 5.717436e-20 2.248957e-19 9.898738e-12 9.898738e-12 _14727_
 5.749499e-20 2.225740e-19 9.898738e-12 9.898738e-12 _14801_
 5.791378e-20 2.372571e-19 9.898738e-12 9.898738e-12 _14806_
 8.063318e-20 2.190585e-19 9.898738e-12 9.898738e-12 _15976_
 8.106988e-20 1.459730e-19 9.898738e-12 9.898738e-12 _16133_
 5.725466e-20 1.631786e-19 9.898738e-12 9.898738e-12 _16588_
 3.130787e-20 8.730984e-20 9.898738e-12 9.898738e-12 _16594_
 5.769659e-20 2.642689e-19 9.898738e-12 9.898738e-12 _17056_
 3.239645e-20 1.621082e-19 9.898738e-12 9.898738e-12 _17546_
 5.803276e-20 3.193227e-19 9.898738e-12 9.898738e-12 _17553_
 8.078535e-20 2.549580e-19 9.898738e-12 9.898738e-12 _17891_
 5.839374e-20 2.582462e-19 9.898738e-12 9.898738e-12 _18488_
 5.857870e-20 2.631925e-19 9.898738e-12 9.898738e-12 _18495_
 5.541694e-20 1.014795e-19 9.898738e-12 9.898738e-12 _18499_
 5.844276e-20 2.848555e-19 9.898738e-12 9.898738e-12 _18643_
 8.254673e-20 2.685702e-19 9.898738e-12 9.898738e-12 _18952_
 1.040613e-19 1.414045e-19 9.898738e-12 9.898738e-12 _19148_
 5.849675e-20 2.811600e-19 9.898738e-12 9.898738e-12 _19415_
 8.097158e-20 2.492518e-19 9.898738e-12 9.898738e-12 _19419_
 8.152185e-20 2.603344e-19 9.898738e-12 9.898738e-12 _19889_
 3.179389e-20 9.820395e-20 9.898738e-12 9.898738e-12 _20047_
 5.739519e-20 2.745451e-19 9.898738e-12 9.898738e-12 _20207_
 5.884072e-20 3.002355e-19 9.898738e-12 9.898738e-12 _20214_
 5.777882e-20 1.934029e-19 9.898738e-12 9.898738e-12 _20374_
 7.379911e-20 1.434784e-19 9.898738e-12 9.898738e-12 _20872_
 7.403130e-20 1.711408e-19 9.898738e-12 9.898738e-12 _21071_
 7.976521e-20 1.118328e-19 9.898738e-12 9.898738e-12 _21255_
 5.521130e-20 1.031259e-19 9.898738e-12 9.898738e-12 _21266_
 5.817687e-20 1.680495e-19 9.898738e-12 9.898738e-12 _21315_
 5.567726e-20 1.738131e-19 9.898738e-12 9.898738e-12 _21339_
 5.510118e-20 9.174461e-20 9.898738e-12 9.898738e-12 _21441_
 4.865577e-20 4.129736e-20 9.898738e-12 9.898738e-12 _21562_
 4.887167e-20 4.674088e-20 9.898738e-12 9.898738e-12 _21698_
 3.071778e-20 5.737145e-20 9.898738e-12 9.898738e-12 _21727_
 5.598851e-20 8.108170e-20 9.898738e-12 9.898738e-12 _21803_
 4.884398e-20 6.288857e-20 9.898738e-12 9.898738e-12 _21815_
 5.808719e-20 4.388966e-19 9.898737e-12 9.898738e-12 _21997_
 4.866264e-20 5.484282e-20 9.898738e-12 9.898738e-12 _22194_
 5.510904e-20 8.626126e-20 9.898738e-12 9.898738e-12 _22244_
 7.383572e-20 1.682523e-19 9.898738e-12 9.898738e-12 _22462_
 2.446994e-20 4.043983e-20 9.898738e-12 9.898738e-12 _22481_
 2.450655e-20 3.607999e-20 9.898738e-12 9.898738e-12 _22506_
 7.325939e-20 1.096628e-19 9.898738e-12 9.898738e-12 _22597_
 9.747374e-20 1.133911e-19 9.898738e-12 9.898738e-12 _22646_
 7.317390e-20 9.294670e-20 9.898738e-12 9.898738e-12 _22763_
 7.296632e-20 8.523074e-20 9.898738e-12 9.898738e-12 _22773_
 4.864025e-20 5.544107e-20 9.898738e-12 9.898738e-12 _22800_
 4.849827e-20 4.572756e-20 9.898738e-12 9.898738e-12 _23001_
 2.429305e-20 2.491588e-20 9.898738e-12 9.898738e-12 _23008_
 4.863508e-20 5.678154e-20 9.898738e-12 9.898738e-12 _23025_
 4.859158e-20 4.439390e-20 9.898738e-12 9.898738e-12 _23049_
 7.284985e-20 7.049656e-20 9.898738e-12 9.898738e-12 _23067_
 5.542400e-20 1.151922e-19 9.898738e-12 9.898738e-12 _23069_
 4.878980e-20 4.775784e-20 9.898738e-12 9.898738e-12 _23175_
 7.279007e-20 6.979177e-20 9.898738e-12 9.898738e-12 _23551_
 4.891925e-20 7.647234e-20 9.898738e-12 9.898738e-12 _23651_
 4.880476e-20 5.545748e-20 9.898738e-12 9.898738e-12 _23666_
 5.593555e-20 1.746533e-19 9.898737e-12 9.898737e-12 _12806_
 8.245960e-20 2.915741e-19 9.898737e-12 9.898737e-12 _13558_
 5.750788e-20 2.460281e-19 9.898737e-12 9.898737e-12 _14298_
 8.161304e-20 1.970182e-19 9.898737e-12 9.898737e-12 _19580_
 5.802420e-20 3.408303e-19 9.898737e-12 9.898737e-12 _20672_
 2.452372e-20 4.220399e-20 9.898737e-12 9.898737e-12 _20909_
 4.871989e-20 4.571851e-20 9.898737e-12 9.898737e-12 _21228_
 2.459350e-20 5.292150e-20 9.898737e-12 9.898737e-12 _21287_
 4.881151e-20 5.074466e-20 9.898737e-12 9.898737e-12 _21376_
 5.571279e-20 1.163243e-19 9.898737e-12 9.898737e-12 _21447_
 7.355123e-20 1.112117e-19 9.898737e-12 9.898737e-12 _22032_
 4.873074e-20 4.643952e-20 9.898737e-12 9.898737e-12 _22490_
 4.865636e-20 4.517923e-20 9.898737e-12 9.898737e-12 _22912_
 4.910452e-20 9.187304e-20 9.898737e-12 9.898737e-12 _22978_
 7.346141e-20 1.094623e-19 9.898737e-12 9.898737e-12 _23078_
 4.886166e-20 4.673589e-20 9.898737e-12 9.898737e-12 _23182_
 4.887489e-20 6.160431e-20 9.898737e-12 9.898737e-12 _23199_
 4.858019e-20 5.074288e-20 9.898737e-12 9.898737e-12 _23238_
 2.423781e-20 2.106525e-20 9.898737e-12 9.898737e-12 _23265_
 7.318858e-20 9.570132e-20 9.898737e-12 9.898737e-12 _23584_
 5.786138e-20 2.617271e-19 9.898736e-12 9.898736e-12 _13338_
 5.643114e-20 3.121264e-19 9.898736e-12 9.898736e-12 _22264_
 3.208572e-20 1.844959e-19 9.898736e-12 9.898736e-12 _22446_
 7.058197e-20 1.482333e-19 9.898734e-12 9.898734e-12 _11906_
 4.475747e-20 9.050088e-20 9.898734e-12 9.898734e-12 _11909_
 7.038135e-20 1.385851e-19 9.898734e-12 9.898734e-12 _11912_
 7.059102e-20 5.111642e-19 9.898733e-12 9.898734e-12 _11953_
 7.014435e-20 1.278801e-19 9.898734e-12 9.898734e-12 _11969_
 1.884833e-20 7.550565e-20 9.898734e-12 9.898734e-12 _11993_
 1.980753e-20 9.152519e-20 9.898734e-12 9.898734e-12 _12049_
 1.942558e-20 6.989431e-20 9.898734e-12 9.898734e-12 _12050_
 1.832504e-20 2.851273e-20 9.898734e-12 9.898734e-12 _12051_
 2.001508e-20 1.331379e-19 9.898734e-12 9.898734e-12 _12052_
 2.000712e-20 1.563101e-19 9.898734e-12 9.898734e-12 _12053_
 4.518003e-20 4.027449e-19 9.898733e-12 9.898734e-12 _12073_
 7.196874e-20 5.005185e-19 9.898733e-12 9.898734e-12 _12078_
 1.940648e-20 5.772331e-20 9.898734e-12 9.898734e-12 _12080_
 1.846369e-20 3.609799e-20 9.898734e-12 9.898734e-12 _12084_
 1.918048e-20 1.363794e-19 9.898734e-12 9.898734e-12 _12085_
 1.925823e-20 1.466024e-19 9.898734e-12 9.898734e-12 _12086_
 1.974956e-20 1.023576e-19 9.898734e-12 9.898734e-12 _12104_
 1.874712e-20 5.645121e-20 9.898734e-12 9.898734e-12 _12105_
 4.677886e-20 3.173862e-19 9.898734e-12 9.898734e-12 _12133_
 1.876444e-20 6.799235e-20 9.898734e-12 9.898734e-12 _12138_
 1.959640e-20 7.965232e-20 9.898734e-12 9.898734e-12 _12139_
 1.985514e-20 9.738912e-20 9.898734e-12 9.898734e-12 _12148_
 1.879768e-20 6.041390e-20 9.898734e-12 9.898734e-12 _12149_
 2.007646e-20 1.673244e-19 9.898734e-12 9.898734e-12 _12150_
 1.996392e-20 1.515086e-19 9.898734e-12 9.898734e-12 _12151_
 4.506617e-20 3.609921e-19 9.898734e-12 9.898734e-12 _12153_
 1.992791e-20 1.064251e-19 9.898734e-12 9.898734e-12 _12195_
 1.927327e-20 1.364169e-19 9.898734e-12 9.898734e-12 _12196_
 4.473883e-20 2.221270e-19 9.898734e-12 9.898734e-12 _12224_
 4.519227e-20 4.158069e-19 9.898733e-12 9.898734e-12 _12239_
 7.318617e-20 4.672771e-19 9.898733e-12 9.898734e-12 _12251_
 1.178687e-19 3.680694e-19 9.898733e-12 9.898734e-12 _19134_
 9.740798e-20 4.865295e-19 9.898733e-12 9.898734e-12 _19726_
 7.010680e-20 1.390561e-19 9.898733e-12 9.898733e-12 _11905_
 1.977126e-20 9.312340e-20 9.898733e-12 9.898733e-12 _11924_
 1.892340e-20 6.614723e-20 9.898733e-12 9.898733e-12 _11925_
 1.921283e-20 1.395183e-19 9.898733e-12 9.898733e-12 _11926_
 2.000681e-20 1.682684e-19 9.898733e-12 9.898733e-12 _11927_
 4.423801e-20 1.738979e-19 9.898733e-12 9.898733e-12 _11966_
 1.989269e-20 1.007858e-19 9.898733e-12 9.898733e-12 _11971_
 1.895209e-20 6.965886e-20 9.898733e-12 9.898733e-12 _11972_
 2.023774e-20 1.695831e-19 9.898733e-12 9.898733e-12 _11973_
 1.938599e-20 1.606886e-19 9.898733e-12 9.898733e-12 _11974_
 6.949780e-20 1.202443e-19 9.898733e-12 9.898733e-12 _12002_
 7.325242e-20 5.088356e-19 9.898732e-12 9.898733e-12 _12066_
 9.722965e-20 3.656102e-19 9.898732e-12 9.898733e-12 _12069_
 4.627870e-20 2.477290e-19 9.898733e-12 9.898733e-12 _12071_
 4.452657e-20 1.791977e-19 9.898733e-12 9.898733e-12 _12072_
 4.606218e-20 2.853215e-19 9.898733e-12 9.898733e-12 _12074_
 4.553259e-20 1.597972e-19 9.898733e-12 9.898733e-12 _12076_
 7.125739e-20 4.955895e-19 9.898732e-12 9.898733e-12 _12095_
 1.888769e-20 1.034897e-19 9.898733e-12 9.898733e-12 _12114_
 1.900152e-20 7.172099e-20 9.898733e-12 9.898733e-12 _12115_
 1.928927e-20 1.692142e-19 9.898733e-12 9.898733e-12 _12116_
 1.995657e-20 1.522897e-19 9.898733e-12 9.898733e-12 _12117_
 1.950388e-20 7.668669e-20 9.898733e-12 9.898733e-12 _12120_
 6.981315e-20 3.071075e-19 9.898733e-12 9.898733e-12 _12121_
 4.292545e-20 8.426293e-20 9.898733e-12 9.898733e-12 _12126_
 4.564901e-20 1.570910e-19 9.898733e-12 9.898733e-12 _12127_
 1.233183e-19 3.967024e-19 9.898732e-12 9.898733e-12 _12157_
 7.047287e-20 1.377324e-19 9.898733e-12 9.898733e-12 _12192_
 9.832890e-20 4.316978e-19 9.898732e-12 9.898733e-12 _12193_
 4.522775e-20 1.320007e-19 9.898733e-12 9.898733e-12 _12241_
 4.652817e-20 2.975660e-19 9.898733e-12 9.898733e-12 _12242_
 4.646540e-20 2.925095e-19 9.898733e-12 9.898733e-12 _12257_
 4.403896e-20 1.339893e-19 9.898733e-12 9.898733e-12 _13705_
 4.495787e-20 1.800193e-19 9.898733e-12 9.898733e-12 _13996_
 4.534174e-20 2.312981e-19 9.898733e-12 9.898733e-12 _14439_
 1.695552e-19 7.741046e-19 9.898732e-12 9.898733e-12 _17857_
 7.056980e-20 1.478557e-19 9.898732e-12 9.898732e-12 _11907_
 7.322183e-20 4.414971e-19 9.898731e-12 9.898732e-12 _11944_
 4.517898e-20 2.356009e-19 9.898732e-12 9.898732e-12 _11961_
 9.410742e-20 2.996346e-19 9.898732e-12 9.898732e-12 _12056_
 9.580843e-20 5.277844e-19 9.898731e-12 9.898732e-12 _12090_
 7.210102e-20 3.518475e-19 9.898732e-12 9.898732e-12 _12094_
 7.278621e-20 3.785145e-19 9.898731e-12 9.898732e-12 _12131_
 9.507923e-20 1.490423e-19 9.898732e-12 9.898732e-12 _12146_
 4.542901e-20 1.354128e-19 9.898732e-12 9.898732e-12 _12154_
 9.643217e-20 7.443383e-19 9.898731e-12 9.898732e-12 _12177_
 7.036599e-20 3.253195e-19 9.898732e-12 9.898732e-12 _12201_
 4.565793e-20 1.650009e-19 9.898732e-12 9.898732e-12 _12203_
 7.313065e-20 4.822571e-19 9.898731e-12 9.898732e-12 _12215_
 9.798108e-20 3.969662e-19 9.898731e-12 9.898732e-12 _12226_
 7.371964e-20 5.510728e-19 9.898731e-12 9.898732e-12 _12234_
 7.288235e-20 3.621735e-19 9.898731e-12 9.898732e-12 _12258_
 6.957434e-20 2.466281e-19 9.898732e-12 9.898732e-12 _12267_
 4.445549e-20 2.153143e-19 9.898732e-12 9.898732e-12 _12313_
 9.815821e-20 6.566259e-19 9.898731e-12 9.898732e-12 _13632_
 7.058627e-20 3.127480e-19 9.898732e-12 9.898732e-12 _14067_
 1.211243e-19 4.657054e-19 9.898731e-12 9.898732e-12 _18014_
 7.102621e-20 1.312678e-19 9.898732e-12 9.898732e-12 _19912_
 1.977515e-20 9.749527e-20 9.898731e-12 9.898731e-12 _11914_
 1.879547e-20 6.490531e-20 9.898731e-12 9.898731e-12 _11915_
 1.931607e-20 1.560215e-19 9.898731e-12 9.898731e-12 _11916_
 1.989392e-20 1.538170e-19 9.898731e-12 9.898731e-12 _11917_
 6.903138e-20 2.344990e-19 9.898731e-12 9.898731e-12 _11920_
 4.600300e-20 2.084098e-19 9.898731e-12 9.898731e-12 _11980_
 7.207241e-20 3.330268e-19 9.898731e-12 9.898731e-12 _12036_
 4.581199e-20 1.686209e-19 9.898731e-12 9.898731e-12 _12060_
 4.403296e-20 1.369125e-19 9.898731e-12 9.898731e-12 _12061_
 4.626402e-20 2.504024e-19 9.898731e-12 9.898731e-12 _12089_
 9.594491e-20 1.840223e-19 9.898731e-12 9.898731e-12 _12135_
 4.657102e-20 3.306131e-19 9.898731e-12 9.898731e-12 _12144_
 4.566557e-20 1.797464e-19 9.898731e-12 9.898731e-12 _12167_
 4.684920e-20 3.392517e-19 9.898731e-12 9.898731e-12 _12202_
 7.097763e-20 1.735715e-19 9.898731e-12 9.898731e-12 _12214_
 4.534999e-20 3.808711e-19 9.898731e-12 9.898731e-12 _12222_
 6.961499e-20 2.478961e-19 9.898731e-12 9.898731e-12 _12229_
 1.960994e-20 1.315134e-19 9.898731e-12 9.898731e-12 _12235_
 7.115918e-20 2.260804e-19 9.898731e-12 9.898731e-12 _12237_
 4.657701e-20 2.862365e-19 9.898731e-12 9.898731e-12 _12247_
 1.983765e-20 1.379951e-19 9.898731e-12 9.898731e-12 _12261_
 1.854777e-20 5.149878e-20 9.898731e-12 9.898731e-12 _12262_
 1.943921e-20 1.767144e-19 9.898731e-12 9.898731e-12 _12263_
 1.985864e-20 1.095991e-19 9.898731e-12 9.898731e-12 _12264_
 1.855944e-20 5.425976e-20 9.898731e-12 9.898731e-12 _12312_
 7.073214e-20 2.961841e-19 9.898731e-12 9.898731e-12 _12848_
 4.443954e-20 1.705118e-19 9.898731e-12 9.898731e-12 _13922_
 7.056644e-20 3.096416e-19 9.898731e-12 9.898731e-12 _14142_
 7.026952e-20 3.232016e-19 9.898731e-12 9.898731e-12 _14686_
 1.930571e-20 9.362845e-20 9.898731e-12 9.898731e-12 _14870_
 6.733536e-20 1.209220e-19 9.898731e-12 9.898731e-12 _16154_
 6.977734e-20 1.574127e-19 9.898731e-12 9.898731e-12 _19880_
 4.575257e-20 2.124616e-19 9.898730e-12 9.898730e-12 _11977_
 4.481966e-20 2.240110e-19 9.898730e-12 9.898730e-12 _11999_
 4.586903e-20 2.064941e-19 9.898730e-12 9.898730e-12 _12001_
 4.454508e-20 2.855132e-19 9.898730e-12 9.898730e-12 _19566_
 1.944553e-20 1.669926e-19 9.898729e-12 9.898729e-12 _12272_
 1.934375e-20 1.478745e-19 9.898729e-12 9.898729e-12 _12273_
 1.960699e-20 1.722628e-19 9.898729e-12 9.898729e-12 _12277_
 1.895119e-20 1.046161e-19 9.898729e-12 9.898729e-12 _12280_
 1.920971e-20 9.786963e-20 9.810550e-12 9.810550e-12 _15372_
 7.056532e-20 3.947883e-19 9.810548e-12 9.810549e-12 _14732_
 1.512402e-19 7.638996e-19 9.810548e-12 9.810549e-12 _15979_
 7.187849e-20 4.703978e-19 9.810548e-12 9.810549e-12 _16737_
 7.158998e-20 3.893455e-19 9.810548e-12 9.810549e-12 _18180_
 4.385660e-20 1.233864e-19 9.810549e-12 9.810549e-12 _18845_
 9.981359e-20 5.387826e-19 9.810548e-12 9.810549e-12 _19572_
 3.661756e-20 4.686241e-20 9.810549e-12 9.810549e-12 _21625_
 6.161738e-20 1.023521e-19 9.810549e-12 9.810549e-12 _22326_
 3.677390e-20 4.930126e-20 9.810549e-12 9.810549e-12 _22353_
 6.106812e-20 6.997292e-20 9.810549e-12 9.810549e-12 _23403_
 6.115936e-20 9.886551e-20 9.810549e-12 9.810549e-12 _23412_
 3.645333e-20 3.526506e-20 9.810549e-12 9.810549e-12 _23424_
 6.096049e-20 7.852509e-20 9.810549e-12 9.810549e-12 _23561_
 6.996000e-20 2.265617e-19 9.810548e-12 9.810548e-12 _12705_
 9.702006e-20 4.263304e-19 9.810547e-12 9.810548e-12 _12775_
 9.240140e-20 1.522901e-19 9.810548e-12 9.810548e-12 _13045_
 9.572517e-20 4.615265e-19 9.810547e-12 9.810548e-12 _13480_
 7.079628e-20 2.987607e-19 9.810548e-12 9.810548e-12 _14293_
 4.446940e-20 1.460472e-19 9.810548e-12 9.810548e-12 _14362_
 6.747516e-20 1.244018e-19 9.810548e-12 9.810548e-12 _14367_
 6.746031e-20 1.185627e-19 9.810548e-12 9.810548e-12 _14659_
 1.927462e-20 1.059049e-19 9.810548e-12 9.810548e-12 _15527_
 7.143078e-20 2.857386e-19 9.810548e-12 9.810548e-12 _15965_
 1.169610e-19 2.111240e-19 9.810548e-12 9.810548e-12 _16316_
 6.954073e-20 2.839061e-19 9.810548e-12 9.810548e-12 _16440_
 4.424735e-20 2.226071e-19 9.810548e-12 9.810548e-12 _17245_
 9.319192e-20 2.174566e-19 9.810548e-12 9.810548e-12 _17392_
 6.992075e-20 4.358969e-19 9.810547e-12 9.810548e-12 _17588_
 7.003187e-20 2.621427e-19 9.810548e-12 9.810548e-12 _18022_
 7.064640e-20 3.134027e-19 9.810548e-12 9.810548e-12 _18959_
 7.008657e-20 3.012832e-19 9.810548e-12 9.810548e-12 _19112_
 6.914597e-20 1.289022e-19 9.810548e-12 9.810548e-12 _20369_
 3.683244e-20 5.881499e-20 9.810548e-12 9.810548e-12 _22617_
 3.671798e-20 4.505497e-20 9.810548e-12 9.810548e-12 _22823_
 3.684949e-20 4.603590e-20 9.810548e-12 9.810548e-12 _22990_
 6.980891e-20 3.385525e-19 9.810547e-12 9.810547e-12 _12710_
 4.322057e-20 8.295409e-20 9.810547e-12 9.810547e-12 _12804_
 4.525659e-20 2.030564e-19 9.810547e-12 9.810547e-12 _13333_
 7.045099e-20 2.801345e-19 9.810547e-12 9.810547e-12 _14654_
 4.409642e-20 1.010994e-19 9.810547e-12 9.810547e-12 _18527_
 4.465539e-20 1.822252e-19 9.810547e-12 9.810547e-12 _19128_
 4.333328e-20 8.274380e-20 9.810547e-12 9.810547e-12 _19749_
 4.433467e-20 2.895102e-19 9.810547e-12 9.810547e-12 _21387_
 6.091152e-20 5.495125e-20 9.810547e-12 9.810547e-12 _21456_
 6.134761e-20 8.820876e-20 9.810547e-12 9.810547e-12 _21917_
 6.089635e-20 6.372158e-20 9.810547e-12 9.810547e-12 _21951_
 6.109710e-20 8.226048e-20 9.810547e-12 9.810547e-12 _22135_
 6.100673e-20 6.637923e-20 9.810547e-12 9.810547e-12 _22183_
 6.130116e-20 8.683928e-20 9.810547e-12 9.810547e-12 _22522_
 6.731649e-20 1.019449e-19 9.810547e-12 9.810547e-12 _22614_
 6.094598e-20 6.762838e-20 9.810547e-12 9.810547e-12 _22736_
 3.646954e-20 3.125002e-20 9.810547e-12 9.810547e-12 _22743_
 1.847558e-20 3.150867e-20 9.810547e-12 9.810547e-12 _22879_
 8.524029e-20 8.768390e-20 9.810547e-12 9.810547e-12 _22900_
 8.487166e-20 7.583823e-20 9.810547e-12 9.810547e-12 _23017_
 6.088823e-20 6.665336e-20 9.810547e-12 9.810547e-12 _23148_
 3.673061e-20 3.718141e-20 9.810547e-12 9.810547e-12 _23208_
 6.092265e-20 6.215508e-20 9.810547e-12 9.810547e-12 _23362_
 3.658959e-20 3.330032e-20 9.810547e-12 9.810547e-12 _23464_
 6.073176e-20 5.366447e-20 9.810547e-12 9.810547e-12 _23592_
 6.087459e-20 5.609085e-20 9.810547e-12 9.810547e-12 _23600_
 8.541135e-20 8.056762e-20 9.810547e-12 9.810547e-12 _23676_
 1.217483e-20 1.097312e-20 9.810546e-12 9.810546e-12 _12502_
 1.902900e-20 2.581160e-20 9.810546e-12 9.810546e-12 _13139_
 1.216126e-20 1.089696e-20 9.810546e-12 9.810546e-12 _22059_
 3.688146e-20 6.438880e-20 9.810546e-12 9.810546e-12 _22276_
 8.357258e-20 4.375028e-19 9.810543e-12 9.810544e-12 _11930_
 5.769930e-20 4.406705e-19 9.810543e-12 9.810544e-12 _12017_
 5.860220e-20 5.359426e-19 9.810543e-12 9.810544e-12 _12019_
 5.811768e-20 5.020518e-19 9.810543e-12 9.810544e-12 _12077_
 8.106272e-20 4.439085e-19 9.810543e-12 9.810544e-12 _21180_
 5.765405e-20 5.767859e-19 9.810543e-12 9.810544e-12 _22424_
 5.923203e-20 3.069521e-19 9.810543e-12 9.810543e-12 _11922_
 5.711148e-20 9.758830e-20 9.810543e-12 9.810543e-12 _11943_
 8.618697e-20 5.711573e-19 9.810542e-12 9.810543e-12 _11955_
 8.257687e-20 3.889033e-19 9.810542e-12 9.810543e-12 _11978_
 5.821910e-20 2.837371e-19 9.810543e-12 9.810543e-12 _12016_
 5.898880e-20 2.862886e-19 9.810543e-12 9.810543e-12 _12026_
 5.544205e-20 1.218762e-19 9.810543e-12 9.810543e-12 _12034_
 5.786627e-20 3.011721e-19 9.810543e-12 9.810543e-12 _12045_
 8.542389e-20 3.620992e-19 9.810542e-12 9.810543e-12 _12047_
 5.678465e-20 1.902656e-19 9.810543e-12 9.810543e-12 _12110_
 8.504994e-20 3.452876e-19 9.810543e-12 9.810543e-12 _12112_
 8.577612e-20 4.604222e-19 9.810542e-12 9.810543e-12 _12134_
 5.655924e-20 2.283272e-19 9.810543e-12 9.810543e-12 _12176_
 8.479415e-20 3.383482e-19 9.810543e-12 9.810543e-12 _12187_
 5.682535e-20 2.141148e-19 9.810543e-12 9.810543e-12 _12188_
 5.542617e-20 1.110044e-19 9.810543e-12 9.810543e-12 _12212_
 8.599605e-20 4.857605e-19 9.810542e-12 9.810543e-12 _12255_
 5.758852e-20 2.441524e-19 9.810543e-12 9.810543e-12 _12314_
 1.793364e-19 1.268643e-18 9.810541e-12 9.810543e-12 _12324_
 8.214279e-20 2.698701e-19 9.810543e-12 9.810543e-12 _12636_
 8.235592e-20 3.789948e-19 9.810542e-12 9.810543e-12 _13257_
 8.357994e-20 3.684156e-19 9.810542e-12 9.810543e-12 _14509_
 3.050747e-20 4.379445e-20 9.810543e-12 9.810543e-12 _14525_
 5.824315e-20 2.690708e-19 9.810543e-12 9.810543e-12 _14941_
 1.347120e-19 5.952057e-19 9.810542e-12 9.810543e-12 _15640_
 1.345696e-19 5.669825e-19 9.810542e-12 9.810543e-12 _15967_
 1.058128e-19 3.863521e-19 9.810542e-12 9.810543e-12 _18947_
 5.623369e-20 9.775087e-20 9.810543e-12 9.810543e-12 _21004_
 2.034557e-19 5.067601e-19 9.810541e-12 9.810542e-12 _11903_
 5.673638e-20 7.987194e-20 9.810542e-12 9.810542e-12 _11911_
 8.606213e-20 4.616928e-19 9.810541e-12 9.810542e-12 _11932_
 5.937887e-20 2.671947e-19 9.810542e-12 9.810542e-12 _11942_
 5.793539e-20 1.295556e-19 9.810542e-12 9.810542e-12 _11957_
 3.162476e-20 1.283112e-19 9.810542e-12 9.810542e-12 _12011_
 5.660216e-20 7.643098e-20 9.810542e-12 9.810542e-12 _12025_
 8.519078e-20 3.425207e-19 9.810542e-12 9.810542e-12 _12044_
 8.546120e-20 3.713299e-19 9.810541e-12 9.810542e-12 _12081_
 8.153530e-20 2.445170e-19 9.810542e-12 9.810542e-12 _12100_
 8.604066e-20 4.975273e-19 9.810541e-12 9.810542e-12 _12145_
 1.086807e-19 2.381633e-19 9.810542e-12 9.810542e-12 _12168_
 5.770378e-20 4.260522e-19 9.810541e-12 9.810542e-12 _12175_
 5.837185e-20 2.002959e-19 9.810542e-12 9.810542e-12 _12178_
 5.803040e-20 4.593876e-19 9.810541e-12 9.810542e-12 _12211_
 5.557578e-20 1.526644e-19 9.810542e-12 9.810542e-12 _12317_
 5.751189e-20 2.522813e-19 9.810542e-12 9.810542e-12 _13409_
 8.356525e-20 5.075481e-19 9.810541e-12 9.810542e-12 _14582_
 7.976763e-20 1.461941e-19 9.810542e-12 9.810542e-12 _15478_
 8.026943e-20 2.140417e-19 9.810542e-12 9.810542e-12 _17210_
 1.070547e-19 1.875273e-19 9.810542e-12 9.810542e-12 _19874_
 8.434393e-20 4.661419e-19 9.810541e-12 9.810542e-12 _20035_
 8.257813e-20 4.347259e-19 9.810541e-12 9.810542e-12 _20043_
 8.037368e-20 2.268401e-19 9.810542e-12 9.810542e-12 _20850_
 5.700832e-20 8.136154e-20 9.810541e-12 9.810541e-12 _11904_
 5.698414e-20 1.043403e-19 9.810541e-12 9.810541e-12 _11908_
 5.761737e-20 1.191681e-19 9.810541e-12 9.810541e-12 _11910_
 3.220003e-20 2.261208e-19 9.810541e-12 9.810541e-12 _11934_
 3.170618e-20 1.494312e-19 9.810541e-12 9.810541e-12 _11935_
 3.260963e-20 1.287861e-19 9.810541e-12 9.810541e-12 _11936_
 3.318646e-20 1.939373e-19 9.810541e-12 9.810541e-12 _11938_
 3.286658e-20 1.599844e-19 9.810541e-12 9.810541e-12 _11956_
 5.747842e-20 3.027161e-19 9.810541e-12 9.810541e-12 _11988_
 5.633310e-20 1.851609e-19 9.810541e-12 9.810541e-12 _12006_
 5.706002e-20 9.178812e-20 9.810541e-12 9.810541e-12 _12023_
 5.869697e-20 2.318252e-19 9.810541e-12 9.810541e-12 _12024_
 3.155757e-20 1.167469e-19 9.810541e-12 9.810541e-12 _12067_
 5.910431e-20 2.862230e-19 9.810541e-12 9.810541e-12 _12123_
 5.743289e-20 2.672708e-19 9.810541e-12 9.810541e-12 _12155_
 3.220451e-20 2.429947e-19 9.810541e-12 9.810541e-12 _12189_
 5.681766e-20 7.665822e-20 9.810541e-12 9.810541e-12 _12190_
 5.840394e-20 1.777028e-19 9.810541e-12 9.810541e-12 _12191_
 5.943485e-20 3.067085e-19 9.810541e-12 9.810541e-12 _12205_
 5.559010e-20 1.017496e-19 9.810541e-12 9.810541e-12 _12245_
 8.240879e-20 1.263495e-19 9.810541e-12 9.810541e-12 _12259_
 3.217362e-20 2.390460e-19 9.810541e-12 9.810541e-12 _12266_
 5.777626e-20 2.484871e-19 9.810541e-12 9.810541e-12 _12955_
 5.554655e-20 1.455738e-19 9.810541e-12 9.810541e-12 _13071_
 5.803517e-20 2.598512e-19 9.810541e-12 9.810541e-12 _13849_
 5.567152e-20 1.650001e-19 9.810541e-12 9.810541e-12 _14394_
 5.614699e-20 2.334053e-19 9.810541e-12 9.810541e-12 _16472_
 8.158130e-20 3.189546e-19 9.810541e-12 9.810541e-12 _17372_
 5.699032e-20 3.087927e-19 9.810541e-12 9.810541e-12 _17690_
 1.048354e-19 2.656731e-19 9.810541e-12 9.810541e-12 _17969_
 5.512471e-20 8.978762e-20 9.810541e-12 9.810541e-12 _18478_
 8.131195e-20 2.479625e-19 9.810541e-12 9.810541e-12 _18910_
 8.348651e-20 1.477197e-19 9.810541e-12 9.810541e-12 _20246_
 8.116559e-20 3.015513e-19 9.810541e-12 9.810541e-12 _20362_
 8.220471e-20 1.238786e-19 9.810541e-12 9.810541e-12 _20405_
 5.580766e-20 1.680561e-19 9.810541e-12 9.810541e-12 _20952_
 3.202263e-20 4.775792e-20 9.810541e-12 9.810541e-12 _21849_
 5.557577e-20 1.121763e-19 9.810541e-12 9.810541e-12 _22803_
 6.440898e-21 3.771774e-20 9.810540e-12 9.810540e-12 _11947_
 6.232329e-21 2.468702e-20 9.810540e-12 9.810540e-12 _11948_
 6.567710e-21 3.066324e-20 9.810540e-12 9.810540e-12 _11949_
 6.517913e-21 2.675817e-20 9.810540e-12 9.810540e-12 _11982_
 6.154533e-21 1.168097e-20 9.810540e-12 9.810540e-12 _11983_
 6.439541e-21 5.156273e-20 9.810540e-12 9.810540e-12 _11984_
 6.663855e-21 5.019011e-20 9.810540e-12 9.810540e-12 _11985_
 3.257646e-20 1.391888e-19 9.810540e-12 9.810540e-12 _11998_
 6.111819e-21 9.913045e-21 9.810540e-12 9.810540e-12 _12029_
 6.770130e-21 7.031069e-20 9.810540e-12 9.810540e-12 _12031_
 6.613434e-21 3.589787e-20 9.810540e-12 9.810540e-12 _12038_
 6.350923e-21 2.489843e-20 9.810540e-12 9.810540e-12 _12039_
 6.403946e-21 4.646542e-20 9.810540e-12 9.810540e-12 _12040_
 6.666348e-21 3.961449e-20 9.810540e-12 9.810540e-12 _12041_
 3.207132e-20 2.413870e-19 9.810540e-12 9.810540e-12 _12043_
 6.603477e-21 3.918543e-20 9.810540e-12 9.810540e-12 _12161_
 6.480791e-21 4.665931e-20 9.810540e-12 9.810540e-12 _12170_
 6.637448e-21 6.209748e-20 9.810540e-12 9.810540e-12 _12171_
 6.667393e-21 4.006989e-20 9.810540e-12 9.810540e-12 _12172_
 6.675685e-21 4.518804e-20 9.810540e-12 9.810540e-12 _12180_
 6.546524e-21 5.489369e-20 9.810540e-12 9.810540e-12 _12182_
 6.407301e-21 5.429275e-20 9.810540e-12 9.810540e-12 _12217_
 6.302241e-21 2.753951e-20 9.810540e-12 9.810540e-12 _12218_
 6.639652e-21 4.222915e-20 9.810540e-12 9.810540e-12 _12219_
 6.341777e-21 3.547592e-20 9.810540e-12 9.810540e-12 _12220_
 6.622364e-21 4.353332e-20 9.810540e-12 9.810540e-12 _12281_
 6.378271e-21 4.262019e-20 9.810540e-12 9.810540e-12 _12287_
 6.717173e-21 8.936925e-20 9.810540e-12 9.810540e-12 _12289_
 6.840754e-21 8.811909e-20 9.810540e-12 9.810540e-12 _12291_
 6.660834e-21 5.104802e-20 9.810540e-12 9.810540e-12 _12292_
 6.259254e-21 3.049524e-20 9.810540e-12 9.810540e-12 _12293_
 6.269361e-21 2.242789e-20 9.810540e-12 9.810540e-12 _12294_
 3.332542e-20 2.091477e-19 9.810540e-12 9.810540e-12 _12295_
 6.517478e-21 2.563543e-20 9.810540e-12 9.810540e-12 _12296_
 6.614442e-21 4.248569e-20 9.810540e-12 9.810540e-12 _12297_
 6.591468e-21 3.128531e-20 9.810540e-12 9.810540e-12 _12298_
 6.514641e-21 2.934543e-20 9.810540e-12 9.810540e-12 _12299_
 6.685385e-21 4.796118e-20 9.810540e-12 9.810540e-12 _12300_
 6.618586e-21 6.849211e-20 9.810540e-12 9.810540e-12 _12301_
 6.711773e-21 6.119955e-20 9.810540e-12 9.810540e-12 _12302_
 6.414911e-21 4.767631e-20 9.810540e-12 9.810540e-12 _12303_
 6.784717e-21 6.668637e-20 9.810540e-12 9.810540e-12 _12304_
 6.317401e-21 3.201046e-20 9.810540e-12 9.810540e-12 _12305_
 6.384103e-21 2.506470e-20 9.810540e-12 9.810540e-12 _12306_
 6.463628e-21 4.051497e-20 9.810540e-12 9.810540e-12 _12307_
 6.411478e-21 3.677632e-20 9.810540e-12 9.810540e-12 _12310_
 6.425503e-21 3.176193e-20 9.810540e-12 9.810540e-12 _12423_
 6.200841e-21 1.924594e-20 9.810540e-12 9.810540e-12 _12619_
 6.151949e-21 1.311780e-20 9.810540e-12 9.810540e-12 _12652_
 6.173404e-21 1.630254e-20 9.810540e-12 9.810540e-12 _12723_
 6.139299e-21 1.248257e-20 9.810540e-12 9.810540e-12 _12793_
 6.198828e-21 1.901675e-20 9.810540e-12 9.810540e-12 _12829_
 6.294941e-21 1.506977e-20 9.810540e-12 9.810540e-12 _12831_
 6.261471e-21 1.507213e-20 9.810540e-12 9.810540e-12 _12939_
 6.107522e-21 8.823418e-21 9.810540e-12 9.810540e-12 _13059_
 6.220140e-21 2.235079e-20 9.810540e-12 9.810540e-12 _13130_
 6.237175e-21 2.358398e-20 9.810540e-12 9.810540e-12 _13201_
 6.133327e-21 1.196573e-20 9.810540e-12 9.810540e-12 _13273_
 6.136345e-21 1.138206e-20 9.810540e-12 9.810540e-12 _13317_
 6.432418e-21 3.133173e-20 9.810540e-12 9.810540e-12 _13319_
 6.185178e-21 1.664887e-20 9.810540e-12 9.810540e-12 _13351_
 6.173595e-21 1.629585e-20 9.810540e-12 9.810540e-12 _13391_
 6.346572e-21 2.418584e-20 9.810540e-12 9.810540e-12 _13393_
 6.207757e-21 2.009048e-20 9.810540e-12 9.810540e-12 _13497_
 6.308023e-21 3.199070e-20 9.810540e-12 9.810540e-12 _13523_
 6.199540e-21 1.917389e-20 9.810540e-12 9.810540e-12 _13575_
 6.215103e-21 2.021194e-20 9.810540e-12 9.810540e-12 _13614_
 6.120650e-21 1.017867e-20 9.810540e-12 9.810540e-12 _13648_
 6.176184e-21 1.654987e-20 9.810540e-12 9.810540e-12 _13688_
 6.106505e-21 9.770889e-21 9.810540e-12 9.810540e-12 _13721_
 6.213925e-21 2.091760e-20 9.810540e-12 9.810540e-12 _13794_
 6.198224e-21 1.839715e-20 9.810540e-12 9.810540e-12 _13831_
 6.111693e-21 9.556212e-21 9.810540e-12 9.810540e-12 _13865_
 6.102969e-21 8.821556e-21 9.810540e-12 9.810540e-12 _13903_
 6.227315e-21 2.230100e-20 9.810540e-12 9.810540e-12 _13937_
 6.218005e-21 2.087283e-20 9.810540e-12 9.810540e-12 _13978_
 6.149696e-21 1.077600e-20 9.810540e-12 9.810540e-12 _14012_
 6.168203e-21 1.559088e-20 9.810540e-12 9.810540e-12 _14050_
 6.264345e-21 1.558381e-20 9.810540e-12 9.810540e-12 _14052_
 6.115164e-21 8.603447e-21 9.810540e-12 9.810540e-12 _14124_
 6.171462e-21 1.311220e-20 9.810540e-12 9.810540e-12 _14158_
 6.468925e-21 5.673400e-20 9.810540e-12 9.810540e-12 _14198_
 6.158051e-21 1.459593e-20 9.810540e-12 9.810540e-12 _14234_
 6.188802e-21 1.854691e-20 9.810540e-12 9.810540e-12 _14247_
 6.491773e-21 3.630777e-20 9.810540e-12 9.810540e-12 _14274_
 6.112117e-21 9.358953e-21 9.810540e-12 9.810540e-12 _14310_
 6.309540e-21 2.047941e-20 9.810540e-12 9.810540e-12 _14346_
 6.182270e-21 1.447615e-20 9.810540e-12 9.810540e-12 _14381_
 6.204696e-21 1.936330e-20 9.810540e-12 9.810540e-12 _14454_
 6.132455e-21 1.151338e-20 9.810540e-12 9.810540e-12 _14492_
 6.169630e-21 1.578239e-20 9.810540e-12 9.810540e-12 _14564_
 6.289645e-21 2.330252e-20 9.810540e-12 9.810540e-12 _14566_
 6.293392e-21 2.124519e-20 9.810540e-12 9.810540e-12 _14712_
 6.424261e-21 4.141744e-20 9.810540e-12 9.810540e-12 _14770_
 6.115736e-21 1.015961e-20 9.810540e-12 9.810540e-12 _14819_
 6.184617e-21 1.748131e-20 9.810540e-12 9.810540e-12 _14853_
 6.154614e-21 1.355089e-20 9.810540e-12 9.810540e-12 _14885_
 6.224006e-21 2.147379e-20 9.810540e-12 9.810540e-12 _14924_
 6.215351e-21 1.612023e-20 9.810540e-12 9.810540e-12 _14957_
 6.213650e-21 1.115473e-20 9.810540e-12 9.810540e-12 _15072_
 6.149812e-21 1.379924e-20 9.810540e-12 9.810540e-12 _15077_
 3.186997e-20 7.809216e-20 9.810540e-12 9.810540e-12 _15808_
 5.623468e-20 8.561558e-20 9.810540e-12 9.810540e-12 _15814_
 6.482480e-21 4.033193e-20 9.810540e-12 9.810540e-12 _16170_
 6.420689e-21 1.976294e-20 9.810540e-12 9.810540e-12 _17383_
 3.288295e-20 1.504921e-19 9.810540e-12 9.810540e-12 _19609_
