     Internal    Switching      Leakage        Total
        Power        Power        Power        Power (Watts)
----------------------------------------------------
 1.390852e-06 6.414124e-07 4.299075e-10 2.032694e-06 clkbuf_0_clk
 1.370831e-06 3.931180e-07 4.299075e-10 1.764379e-06 clkbuf_1_0__f_clk
 1.364851e-06 2.332206e-07 4.299075e-10 1.598501e-06 clkbuf_1_1__f_clk
 1.524491e-10 4.301951e-10 4.218327e-10 1.004477e-09 clkbuf_0_core_clk
 1.501442e-10 3.045323e-10 4.218327e-10 8.765091e-10 clkbuf_5_4__f_core_clk
 1.498791e-10 2.858811e-10 4.218327e-10 8.575928e-10 clkbuf_5_3__f_core_clk
 1.497907e-10 2.796647e-10 4.218327e-10 8.512880e-10 clkbuf_5_0__f_core_clk
 1.498349e-10 2.753551e-10 4.218327e-10 8.470227e-10 clkbuf_5_25__f_core_clk
 1.499030e-10 2.749370e-10 4.218327e-10 8.466726e-10 clkbuf_5_14__f_core_clk
 1.496935e-10 2.728390e-10 4.218327e-10 8.443651e-10 clkbuf_5_5__f_core_clk
 1.496211e-10 2.677371e-10 4.218327e-10 8.391908e-10 clkbuf_5_2__f_core_clk
 1.496099e-10 2.595133e-10 4.218327e-10 8.309559e-10 clkbuf_5_27__f_core_clk
 1.495820e-10 2.575410e-10 4.218327e-10 8.289556e-10 clkbuf_5_24__f_core_clk
 1.495638e-10 2.562604e-10 4.218327e-10 8.276568e-10 clkbuf_5_28__f_core_clk
 1.493129e-10 2.460658e-10 4.218327e-10 8.172114e-10 clkbuf_5_7__f_core_clk
 1.494685e-10 2.443102e-10 4.218327e-10 8.156114e-10 clkbuf_5_15__f_core_clk
 1.492721e-10 2.431929e-10 4.218327e-10 8.142976e-10 clkbuf_5_1__f_core_clk
 1.492394e-10 2.408936e-10 4.218327e-10 8.119656e-10 clkbuf_5_6__f_core_clk
 1.494302e-10 2.319912e-10 4.218327e-10 8.032541e-10 clkbuf_5_17__f_core_clk
 7.512095e-11 4.326244e-10 2.936097e-10 8.013550e-10 clkbuf_2_0_0_core_clk
 1.491674e-10 2.283486e-10 4.218327e-10 7.993486e-10 clkbuf_5_26__f_core_clk
 1.491577e-10 2.276637e-10 4.218327e-10 7.986541e-10 clkbuf_5_29__f_core_clk
 1.491246e-10 2.253277e-10 4.218327e-10 7.962849e-10 clkbuf_5_30__f_core_clk
 1.491934e-10 2.249122e-10 4.218327e-10 7.959382e-10 clkbuf_5_9__f_core_clk
 1.492779e-10 2.212311e-10 4.218327e-10 7.923416e-10 clkbuf_5_16__f_core_clk
 7.506505e-11 4.170971e-10 2.936097e-10 7.857718e-10 clkbuf_2_3_0_core_clk
 1.489714e-10 2.145415e-10 4.218327e-10 7.853456e-10 clkbuf_5_31__f_core_clk
 1.490141e-10 2.122718e-10 4.218327e-10 7.831186e-10 clkbuf_5_11__f_core_clk
 1.489926e-10 2.107587e-10 4.218327e-10 7.815839e-10 clkbuf_5_12__f_core_clk
 1.490981e-10 2.085307e-10 4.218327e-10 7.794614e-10 clkbuf_5_18__f_core_clk
 1.490730e-10 2.067632e-10 4.218327e-10 7.776688e-10 clkbuf_5_21__f_core_clk
 7.502681e-11 4.063169e-10 2.936097e-10 7.749534e-10 clkbuf_2_1_0_core_clk
 1.490097e-10 2.022919e-10 4.218327e-10 7.731342e-10 clkbuf_5_20__f_core_clk
 1.488545e-10 2.010255e-10 4.218327e-10 7.717126e-10 clkbuf_5_13__f_core_clk
 1.488032e-10 1.974102e-10 4.218327e-10 7.680461e-10 clkbuf_5_8__f_core_clk
 1.488980e-10 1.944028e-10 4.218327e-10 7.651334e-10 clkbuf_5_19__f_core_clk
 1.488554e-10 1.913947e-10 4.218327e-10 7.620827e-10 clkbuf_5_23__f_core_clk
 1.488482e-10 1.908800e-10 4.218327e-10 7.615608e-10 clkbuf_5_22__f_core_clk
 7.495552e-11 3.863231e-10 2.936097e-10 7.548883e-10 clkbuf_2_2_0_core_clk
 1.485457e-10 1.792586e-10 4.218327e-10 7.496370e-10 clkbuf_5_10__f_core_clk
 7.239114e-11 6.026894e-11 2.936097e-10 4.262698e-10 clkbuf_leaf_2_core_clk
 7.238003e-11 5.987382e-11 2.936097e-10 4.258635e-10 clkbuf_leaf_3_core_clk
 7.254006e-11 5.819371e-11 2.936097e-10 4.243434e-10 clkbuf_leaf_223_core_clk
 7.224866e-11 5.465037e-11 2.936097e-10 4.205087e-10 clkbuf_leaf_97_core_clk
 7.241413e-11 5.432054e-11 2.936097e-10 4.203444e-10 clkbuf_leaf_43_core_clk
 7.241346e-11 5.378936e-11 2.936097e-10 4.198125e-10 clkbuf_leaf_224_core_clk
 7.227153e-11 5.308856e-11 2.936097e-10 4.189698e-10 clkbuf_leaf_149_core_clk
 7.226018e-11 5.268880e-11 2.936097e-10 4.185587e-10 clkbuf_leaf_155_core_clk
 7.208834e-11 5.207892e-11 2.936097e-10 4.177770e-10 clkbuf_leaf_233_core_clk
 7.234179e-11 5.179996e-11 2.936097e-10 4.177514e-10 clkbuf_leaf_44_core_clk
 7.221657e-11 5.134381e-11 2.936097e-10 4.171701e-10 clkbuf_leaf_101_core_clk
 7.225318e-11 5.129943e-11 2.936097e-10 4.171623e-10 clkbuf_leaf_237_core_clk
 7.207131e-11 5.146883e-11 2.936097e-10 4.171498e-10 clkbuf_leaf_254_core_clk
 7.213868e-11 5.129442e-11 2.936097e-10 4.170428e-10 clkbuf_leaf_9_core_clk
 7.214931e-11 5.112434e-11 2.936097e-10 4.168833e-10 clkbuf_leaf_95_core_clk
 7.214866e-11 5.110157e-11 2.936097e-10 4.168599e-10 clkbuf_leaf_96_core_clk
 7.242811e-11 5.076205e-11 2.936097e-10 4.167998e-10 clkbuf_leaf_169_core_clk
 7.220255e-11 5.065775e-11 2.936097e-10 4.164700e-10 clkbuf_leaf_131_core_clk
 7.211894e-11 5.059283e-11 2.936097e-10 4.163214e-10 clkbuf_leaf_4_core_clk
 7.212609e-11 5.021167e-11 2.936097e-10 4.159474e-10 clkbuf_leaf_72_core_clk
 7.239668e-11 4.968001e-11 2.936097e-10 4.156864e-10 clkbuf_leaf_171_core_clk
 7.220306e-11 4.920160e-11 2.936097e-10 4.150144e-10 clkbuf_leaf_10_core_clk
 7.219058e-11 4.910101e-11 2.936097e-10 4.149013e-10 clkbuf_leaf_221_core_clk
 7.199633e-11 4.877925e-11 2.936097e-10 4.143852e-10 clkbuf_leaf_253_core_clk
 7.206227e-11 4.857860e-11 2.936097e-10 4.142506e-10 clkbuf_leaf_267_core_clk
 7.217141e-11 4.812366e-11 2.936097e-10 4.139048e-10 clkbuf_leaf_84_core_clk
 7.203115e-11 4.822293e-11 2.936097e-10 4.138638e-10 clkbuf_leaf_38_core_clk
 7.233986e-11 4.766279e-11 2.936097e-10 4.136123e-10 clkbuf_leaf_170_core_clk
 7.204213e-11 4.786250e-11 2.936097e-10 4.135143e-10 clkbuf_leaf_268_core_clk
 7.211785e-11 4.767286e-11 2.936097e-10 4.134004e-10 clkbuf_leaf_152_core_clk
 7.203846e-11 4.773221e-11 2.936097e-10 4.133804e-10 clkbuf_leaf_269_core_clk
 7.226983e-11 4.727710e-11 2.936097e-10 4.131566e-10 clkbuf_leaf_204_core_clk
 7.232390e-11 4.717472e-11 2.936097e-10 4.131083e-10 clkbuf_leaf_146_core_clk
 7.221942e-11 4.703830e-11 2.936097e-10 4.128674e-10 clkbuf_leaf_206_core_clk
 7.210040e-11 4.705848e-11 2.936097e-10 4.127686e-10 clkbuf_leaf_156_core_clk
 7.219569e-11 4.670913e-11 2.936097e-10 4.125145e-10 clkbuf_leaf_45_core_clk
 7.212306e-11 4.672999e-11 2.936097e-10 4.124627e-10 clkbuf_leaf_238_core_clk
 7.201176e-11 4.678322e-11 2.936097e-10 4.124047e-10 clkbuf_leaf_0_core_clk
 7.198624e-11 4.662283e-11 2.936097e-10 4.122188e-10 clkbuf_leaf_13_core_clk
 7.220102e-11 4.639821e-11 2.936097e-10 4.122089e-10 clkbuf_leaf_226_core_clk
 7.201605e-11 4.639517e-11 2.936097e-10 4.120209e-10 clkbuf_leaf_116_core_clk
 7.229369e-11 4.607394e-11 2.936097e-10 4.119773e-10 clkbuf_leaf_167_core_clk
 7.207684e-11 4.622812e-11 2.936097e-10 4.119146e-10 clkbuf_leaf_150_core_clk
 7.192887e-11 4.635987e-11 2.936097e-10 4.118984e-10 clkbuf_leaf_250_core_clk
 7.211193e-11 4.603676e-11 2.936097e-10 4.117584e-10 clkbuf_leaf_87_core_clk
 7.210908e-11 4.590450e-11 2.936097e-10 4.116233e-10 clkbuf_leaf_259_core_clk
 7.198725e-11 4.591165e-11 2.936097e-10 4.115086e-10 clkbuf_leaf_5_core_clk
 7.191540e-11 4.587643e-11 2.936097e-10 4.114015e-10 clkbuf_leaf_251_core_clk
 7.196060e-11 4.570885e-11 2.936097e-10 4.112791e-10 clkbuf_leaf_36_core_clk
 7.195099e-11 4.536626e-11 2.936097e-10 4.109269e-10 clkbuf_leaf_35_core_clk
 7.220057e-11 4.470518e-11 2.936097e-10 4.105155e-10 clkbuf_leaf_177_core_clk
 7.203195e-11 4.464637e-11 2.936097e-10 4.102880e-10 clkbuf_leaf_147_core_clk
 7.207036e-11 4.454644e-11 2.936097e-10 4.102265e-10 clkbuf_leaf_11_core_clk
 7.196805e-11 4.460460e-11 2.936097e-10 4.101823e-10 clkbuf_leaf_88_core_clk
 7.205293e-11 4.426717e-11 2.936097e-10 4.099298e-10 clkbuf_leaf_222_core_clk
 7.187492e-11 4.442545e-11 2.936097e-10 4.099101e-10 clkbuf_leaf_257_core_clk
 7.217770e-11 4.408659e-11 2.936097e-10 4.098740e-10 clkbuf_leaf_165_core_clk
 7.205633e-11 4.405437e-11 2.936097e-10 4.097204e-10 clkbuf_leaf_265_core_clk
 7.201040e-11 4.407488e-11 2.936097e-10 4.096950e-10 clkbuf_leaf_99_core_clk
 7.212870e-11 4.388168e-11 2.936097e-10 4.096201e-10 clkbuf_leaf_219_core_clk
 7.212384e-11 4.371282e-11 2.936097e-10 4.094464e-10 clkbuf_leaf_227_core_clk
 7.209936e-11 4.369834e-11 2.936097e-10 4.094074e-10 clkbuf_leaf_142_core_clk
 7.190622e-11 4.377206e-11 2.936097e-10 4.092880e-10 clkbuf_leaf_14_core_clk
 7.204205e-11 4.358482e-11 2.936097e-10 4.092366e-10 clkbuf_leaf_82_core_clk
 7.216367e-11 4.342799e-11 2.936097e-10 4.092013e-10 clkbuf_leaf_178_core_clk
 7.203915e-11 4.345174e-11 2.936097e-10 4.091006e-10 clkbuf_leaf_1_core_clk
 7.191926e-11 4.349468e-11 2.936097e-10 4.090236e-10 clkbuf_leaf_6_core_clk
 7.215244e-11 4.321181e-11 2.936097e-10 4.089740e-10 clkbuf_leaf_189_core_clk
 7.202851e-11 4.310958e-11 2.936097e-10 4.087478e-10 clkbuf_leaf_86_core_clk
 7.190671e-11 4.304877e-11 2.936097e-10 4.085652e-10 clkbuf_leaf_8_core_clk
 7.217344e-11 4.273773e-11 2.936097e-10 4.085209e-10 clkbuf_leaf_48_core_clk
 7.196949e-11 4.244514e-11 2.936097e-10 4.080243e-10 clkbuf_leaf_154_core_clk
 7.187078e-11 4.250905e-11 2.936097e-10 4.079895e-10 clkbuf_leaf_31_core_clk
 7.188815e-11 4.238890e-11 2.936097e-10 4.078867e-10 clkbuf_leaf_7_core_clk
 7.196382e-11 4.224577e-11 2.936097e-10 4.078193e-10 clkbuf_leaf_157_core_clk
 7.205700e-11 4.187661e-11 2.936097e-10 4.075433e-10 clkbuf_leaf_33_core_clk
 7.199201e-11 4.179806e-11 2.936097e-10 4.073998e-10 clkbuf_leaf_258_core_clk
 7.206409e-11 4.163417e-11 2.936097e-10 4.073080e-10 clkbuf_leaf_225_core_clk
 7.198216e-11 4.145229e-11 2.936097e-10 4.070441e-10 clkbuf_leaf_266_core_clk
 7.202439e-11 4.108298e-11 2.936097e-10 4.067170e-10 clkbuf_leaf_144_core_clk
 7.191339e-11 4.088513e-11 2.936097e-10 4.064082e-10 clkbuf_leaf_117_core_clk
 7.207879e-11 4.066124e-11 2.936097e-10 4.063497e-10 clkbuf_leaf_203_core_clk
 7.177133e-11 4.070938e-11 2.936097e-10 4.060904e-10 clkbuf_leaf_246_core_clk
 7.195394e-11 4.046254e-11 2.936097e-10 4.060262e-10 clkbuf_leaf_263_core_clk
 7.200906e-11 4.020621e-11 2.936097e-10 4.058250e-10 clkbuf_leaf_46_core_clk
 7.180586e-11 4.019604e-11 2.936097e-10 4.056116e-10 clkbuf_leaf_17_core_clk
 7.180186e-11 4.005345e-11 2.936097e-10 4.054650e-10 clkbuf_leaf_32_core_clk
 7.192216e-11 3.937823e-11 2.936097e-10 4.049101e-10 clkbuf_leaf_79_core_clk
 7.187743e-11 3.938655e-11 2.936097e-10 4.048737e-10 clkbuf_leaf_100_core_clk
 7.187663e-11 3.917325e-11 2.936097e-10 4.046596e-10 clkbuf_leaf_153_core_clk
 7.173034e-11 3.923928e-11 2.936097e-10 4.045793e-10 clkbuf_leaf_248_core_clk
 7.185608e-11 3.863365e-11 2.936097e-10 4.040994e-10 clkbuf_leaf_98_core_clk
 7.180449e-11 3.862037e-11 2.936097e-10 4.040346e-10 clkbuf_leaf_240_core_clk
 7.197132e-11 3.840656e-11 2.936097e-10 4.039876e-10 clkbuf_leaf_207_core_clk
 7.194791e-11 3.841554e-11 2.936097e-10 4.039731e-10 clkbuf_leaf_140_core_clk
 7.189629e-11 3.844009e-11 2.936097e-10 4.039461e-10 clkbuf_leaf_262_core_clk
 7.179693e-11 3.853336e-11 2.936097e-10 4.039400e-10 clkbuf_leaf_73_core_clk
 7.192642e-11 3.806797e-11 2.936097e-10 4.036041e-10 clkbuf_leaf_211_core_clk
 7.188014e-11 3.787337e-11 2.936097e-10 4.033632e-10 clkbuf_leaf_260_core_clk
 7.199218e-11 3.766150e-11 2.936097e-10 4.032634e-10 clkbuf_leaf_164_core_clk
 7.174102e-11 3.788576e-11 2.936097e-10 4.032365e-10 clkbuf_leaf_16_core_clk
 7.169292e-11 3.789695e-11 2.936097e-10 4.031996e-10 clkbuf_leaf_252_core_clk
 7.177314e-11 3.768943e-11 2.936097e-10 4.030723e-10 clkbuf_leaf_74_core_clk
 7.201897e-11 3.740772e-11 2.936097e-10 4.030364e-10 clkbuf_leaf_51_core_clk
 7.198333e-11 3.735496e-11 2.936097e-10 4.029480e-10 clkbuf_leaf_190_core_clk
 7.196765e-11 3.732775e-11 2.936097e-10 4.029051e-10 clkbuf_leaf_42_core_clk
 7.192648e-11 3.732882e-11 2.936097e-10 4.028650e-10 clkbuf_leaf_47_core_clk
 7.198067e-11 3.726298e-11 2.936097e-10 4.028534e-10 clkbuf_leaf_187_core_clk
 7.196983e-11 3.723526e-11 2.936097e-10 4.028148e-10 clkbuf_leaf_61_core_clk
 7.190065e-11 3.716775e-11 2.936097e-10 4.026781e-10 clkbuf_leaf_213_core_clk
 7.185746e-11 3.707786e-11 2.936097e-10 4.025450e-10 clkbuf_leaf_264_core_clk
 7.191015e-11 3.684969e-11 2.936097e-10 4.023695e-10 clkbuf_leaf_133_core_clk
 7.191061e-11 3.677558e-11 2.936097e-10 4.022959e-10 clkbuf_leaf_29_core_clk
 7.199430e-11 3.655667e-11 2.936097e-10 4.021607e-10 clkbuf_leaf_50_core_clk
 7.174708e-11 3.676461e-11 2.936097e-10 4.021214e-10 clkbuf_leaf_75_core_clk
 7.188488e-11 3.661674e-11 2.936097e-10 4.021113e-10 clkbuf_leaf_199_core_clk
 7.187588e-11 3.630277e-11 2.936097e-10 4.017884e-10 clkbuf_leaf_214_core_clk
 7.183432e-11 3.629652e-11 2.936097e-10 4.017405e-10 clkbuf_leaf_85_core_clk
 7.188986e-11 3.614254e-11 2.936097e-10 4.016421e-10 clkbuf_leaf_129_core_clk
 7.187091e-11 3.612886e-11 2.936097e-10 4.016095e-10 clkbuf_leaf_208_core_clk
 7.199927e-11 3.599915e-11 2.936097e-10 4.016081e-10 clkbuf_leaf_172_core_clk
 7.188965e-11 3.604550e-11 2.936097e-10 4.015449e-10 clkbuf_leaf_34_core_clk
 7.190277e-11 3.602116e-11 2.936097e-10 4.015336e-10 clkbuf_leaf_205_core_clk
 7.181668e-11 3.597088e-11 2.936097e-10 4.013972e-10 clkbuf_leaf_220_core_clk
 7.178333e-11 3.588530e-11 2.936097e-10 4.012783e-10 clkbuf_leaf_158_core_clk
 7.197717e-11 3.556975e-11 2.936097e-10 4.011566e-10 clkbuf_leaf_202_core_clk
 7.181287e-11 3.554408e-11 2.936097e-10 4.009666e-10 clkbuf_leaf_78_core_clk
 7.191690e-11 3.540023e-11 2.936097e-10 4.009268e-10 clkbuf_leaf_40_core_clk
 7.185112e-11 3.513346e-11 2.936097e-10 4.005943e-10 clkbuf_leaf_108_core_clk
 7.179309e-11 3.485016e-11 2.936097e-10 4.002529e-10 clkbuf_leaf_81_core_clk
 7.161054e-11 3.494316e-11 2.936097e-10 4.001634e-10 clkbuf_leaf_249_core_clk
 7.160998e-11 3.492337e-11 2.936097e-10 4.001430e-10 clkbuf_leaf_261_core_clk
 7.173489e-11 3.458671e-11 2.936097e-10 3.999313e-10 clkbuf_leaf_121_core_clk
 7.182188e-11 3.441658e-11 2.936097e-10 3.998482e-10 clkbuf_leaf_215_core_clk
 7.194777e-11 3.422611e-11 2.936097e-10 3.997836e-10 clkbuf_leaf_148_core_clk
 7.193479e-11 3.410917e-11 2.936097e-10 3.996536e-10 clkbuf_leaf_201_core_clk
 7.172599e-11 3.427281e-11 2.936097e-10 3.996085e-10 clkbuf_leaf_110_core_clk
 7.193127e-11 3.398789e-11 2.936097e-10 3.995289e-10 clkbuf_leaf_194_core_clk
 7.188941e-11 3.393471e-11 2.936097e-10 3.994338e-10 clkbuf_leaf_176_core_clk
 7.188090e-11 3.380778e-11 2.936097e-10 3.992984e-10 clkbuf_leaf_193_core_clk
 7.189954e-11 3.375216e-11 2.936097e-10 3.992614e-10 clkbuf_leaf_182_core_clk
 7.176401e-11 3.382978e-11 2.936097e-10 3.992035e-10 clkbuf_leaf_80_core_clk
 7.186687e-11 3.366553e-11 2.936097e-10 3.991421e-10 clkbuf_leaf_58_core_clk
 7.192763e-11 3.347429e-11 2.936097e-10 3.990116e-10 clkbuf_leaf_166_core_clk
 7.175793e-11 3.332785e-11 2.936097e-10 3.986955e-10 clkbuf_leaf_235_core_clk
 7.180705e-11 3.325614e-11 2.936097e-10 3.986729e-10 clkbuf_leaf_128_core_clk
 7.164018e-11 3.279421e-11 2.936097e-10 3.980441e-10 clkbuf_leaf_241_core_clk
 7.184921e-11 3.254335e-11 2.936097e-10 3.980022e-10 clkbuf_leaf_174_core_clk
 7.175449e-11 3.206279e-11 2.936097e-10 3.974270e-10 clkbuf_leaf_197_core_clk
 7.180424e-11 3.165967e-11 2.936097e-10 3.970736e-10 clkbuf_leaf_41_core_clk
 7.182296e-11 3.163444e-11 2.936097e-10 3.970671e-10 clkbuf_leaf_175_core_clk
 7.180029e-11 3.152239e-11 2.936097e-10 3.969324e-10 clkbuf_leaf_57_core_clk
 7.164959e-11 3.157715e-11 2.936097e-10 3.968364e-10 clkbuf_leaf_113_core_clk
 7.170452e-11 3.145577e-11 2.936097e-10 3.967700e-10 clkbuf_leaf_234_core_clk
 7.178767e-11 3.108482e-11 2.936097e-10 3.964822e-10 clkbuf_leaf_56_core_clk
 7.163790e-11 3.116438e-11 2.936097e-10 3.964120e-10 clkbuf_leaf_114_core_clk
 7.168538e-11 3.107108e-11 2.936097e-10 3.963662e-10 clkbuf_leaf_83_core_clk
 7.181044e-11 3.062866e-11 2.936097e-10 3.960488e-10 clkbuf_leaf_69_core_clk
 7.171874e-11 3.051422e-11 2.936097e-10 3.958426e-10 clkbuf_leaf_112_core_clk
 7.178610e-11 3.035890e-11 2.936097e-10 3.957547e-10 clkbuf_leaf_173_core_clk
 7.171356e-11 3.033371e-11 2.936097e-10 3.956570e-10 clkbuf_leaf_102_core_clk
 7.153272e-11 3.046476e-11 2.936097e-10 3.956072e-10 clkbuf_leaf_15_core_clk
 7.167063e-11 3.026796e-11 2.936097e-10 3.955483e-10 clkbuf_leaf_255_core_clk
 7.178967e-11 2.991148e-11 2.936097e-10 3.953108e-10 clkbuf_leaf_90_core_clk
 7.157684e-11 2.997830e-11 2.936097e-10 3.951648e-10 clkbuf_leaf_21_core_clk
 7.178552e-11 2.976776e-11 2.936097e-10 3.951630e-10 clkbuf_leaf_68_core_clk
 7.178275e-11 2.971650e-11 2.936097e-10 3.951089e-10 clkbuf_leaf_179_core_clk
 7.159793e-11 2.975436e-11 2.936097e-10 3.949620e-10 clkbuf_leaf_109_core_clk
 7.179145e-11 2.955769e-11 2.936097e-10 3.949588e-10 clkbuf_leaf_27_core_clk
 7.155457e-11 2.975864e-11 2.936097e-10 3.949229e-10 clkbuf_leaf_242_core_clk
 7.176122e-11 2.949772e-11 2.936097e-10 3.948686e-10 clkbuf_leaf_143_core_clk
 7.155284e-11 2.969739e-11 2.936097e-10 3.948599e-10 clkbuf_leaf_217_core_clk
 7.169232e-11 2.950006e-11 2.936097e-10 3.948021e-10 clkbuf_leaf_145_core_clk
 7.174315e-11 2.937603e-11 2.936097e-10 3.947289e-10 clkbuf_leaf_60_core_clk
 7.177080e-11 2.930370e-11 2.936097e-10 3.946842e-10 clkbuf_leaf_185_core_clk
 7.168634e-11 2.938410e-11 2.936097e-10 3.946801e-10 clkbuf_leaf_107_core_clk
 7.169190e-11 2.924309e-11 2.936097e-10 3.945447e-10 clkbuf_leaf_127_core_clk
 7.155367e-11 2.915755e-11 2.936097e-10 3.943209e-10 clkbuf_leaf_25_core_clk
 7.153726e-11 2.914476e-11 2.936097e-10 3.942917e-10 clkbuf_leaf_218_core_clk
 7.175771e-11 2.885123e-11 2.936097e-10 3.942186e-10 clkbuf_leaf_181_core_clk
 7.177890e-11 2.873700e-11 2.936097e-10 3.941256e-10 clkbuf_leaf_196_core_clk
 7.150926e-11 2.892098e-11 2.936097e-10 3.940399e-10 clkbuf_leaf_19_core_clk
 7.176385e-11 2.860535e-11 2.936097e-10 3.939789e-10 clkbuf_leaf_49_core_clk
 7.162549e-11 2.868568e-11 2.936097e-10 3.939208e-10 clkbuf_leaf_239_core_clk
 7.175362e-11 2.825217e-11 2.936097e-10 3.936155e-10 clkbuf_leaf_28_core_clk
 7.165048e-11 2.804091e-11 2.936097e-10 3.933011e-10 clkbuf_leaf_139_core_clk
 7.169595e-11 2.790333e-11 2.936097e-10 3.932090e-10 clkbuf_leaf_62_core_clk
 7.169868e-11 2.783457e-11 2.936097e-10 3.931429e-10 clkbuf_leaf_59_core_clk
 7.174732e-11 2.764899e-11 2.936097e-10 3.930060e-10 clkbuf_leaf_192_core_clk
 7.151751e-11 2.787811e-11 2.936097e-10 3.930053e-10 clkbuf_leaf_20_core_clk
 7.164840e-11 2.772658e-11 2.936097e-10 3.929847e-10 clkbuf_leaf_134_core_clk
 7.172367e-11 2.763087e-11 2.936097e-10 3.929642e-10 clkbuf_leaf_65_core_clk
 7.159496e-11 2.761554e-11 2.936097e-10 3.928202e-10 clkbuf_leaf_232_core_clk
 7.149686e-11 2.771251e-11 2.936097e-10 3.928191e-10 clkbuf_leaf_216_core_clk
 7.162622e-11 2.758283e-11 2.936097e-10 3.928187e-10 clkbuf_leaf_200_core_clk
 7.169020e-11 2.703951e-11 2.936097e-10 3.923394e-10 clkbuf_leaf_168_core_clk
 7.166302e-11 2.703518e-11 2.936097e-10 3.923079e-10 clkbuf_leaf_137_core_clk
 7.149511e-11 2.708517e-11 2.936097e-10 3.921900e-10 clkbuf_leaf_30_core_clk
 7.162431e-11 2.688704e-11 2.936097e-10 3.921211e-10 clkbuf_leaf_119_core_clk
 7.147520e-11 2.694443e-11 2.936097e-10 3.920293e-10 clkbuf_leaf_244_core_clk
 7.169385e-11 2.664453e-11 2.936097e-10 3.919481e-10 clkbuf_leaf_183_core_clk
 7.148784e-11 2.682769e-11 2.936097e-10 3.919252e-10 clkbuf_leaf_22_core_clk
 7.151054e-11 2.667086e-11 2.936097e-10 3.917911e-10 clkbuf_leaf_118_core_clk
 7.151042e-11 2.666662e-11 2.936097e-10 3.917867e-10 clkbuf_leaf_115_core_clk
 7.175607e-11 2.637990e-11 2.936097e-10 3.917457e-10 clkbuf_leaf_55_core_clk
 7.147110e-11 2.623564e-11 2.936097e-10 3.913164e-10 clkbuf_leaf_26_core_clk
 7.155165e-11 2.609709e-11 2.936097e-10 3.912584e-10 clkbuf_leaf_256_core_clk
 7.158728e-11 2.592765e-11 2.936097e-10 3.911246e-10 clkbuf_leaf_105_core_clk
 7.162834e-11 2.583101e-11 2.936097e-10 3.910690e-10 clkbuf_leaf_136_core_clk
 7.162503e-11 2.571614e-11 2.936097e-10 3.909509e-10 clkbuf_leaf_124_core_clk
 7.158656e-11 2.557115e-11 2.936097e-10 3.907674e-10 clkbuf_leaf_132_core_clk
 7.145602e-11 2.570161e-11 2.936097e-10 3.907673e-10 clkbuf_leaf_23_core_clk
 7.143527e-11 2.552872e-11 2.936097e-10 3.905737e-10 clkbuf_leaf_243_core_clk
 7.161578e-11 2.496009e-11 2.936097e-10 3.901856e-10 clkbuf_leaf_66_core_clk
 7.143718e-11 2.503457e-11 2.936097e-10 3.900814e-10 clkbuf_leaf_24_core_clk
 7.166173e-11 2.469896e-11 2.936097e-10 3.899704e-10 clkbuf_leaf_195_core_clk
 7.142785e-11 2.470479e-11 2.936097e-10 3.897423e-10 clkbuf_leaf_18_core_clk
 7.158505e-11 2.432831e-11 2.936097e-10 3.895231e-10 clkbuf_leaf_135_core_clk
 7.162443e-11 2.420225e-11 2.936097e-10 3.894364e-10 clkbuf_leaf_71_core_clk
 7.143065e-11 2.385167e-11 2.936097e-10 3.888920e-10 clkbuf_leaf_111_core_clk
 2.813108e-11 0.000000e+00 3.606261e-10 3.887572e-10 clkload10
 7.160375e-11 2.348785e-11 2.936097e-10 3.887013e-10 clkbuf_leaf_70_core_clk
 2.803390e-11 0.000000e+00 3.606261e-10 3.886600e-10 clkload20
 7.156715e-11 2.327440e-11 2.936097e-10 3.884512e-10 clkbuf_leaf_67_core_clk
 2.769708e-11 0.000000e+00 3.606261e-10 3.883232e-10 clkload26
 2.757486e-11 0.000000e+00 3.606261e-10 3.882010e-10 clkload6
 7.155310e-11 2.294799e-11 2.936097e-10 3.881108e-10 clkbuf_leaf_52_core_clk
 7.162852e-11 2.200664e-11 2.936097e-10 3.872448e-10 clkbuf_leaf_53_core_clk
 7.147380e-11 2.196819e-11 2.936097e-10 3.870517e-10 clkbuf_leaf_104_core_clk
 7.151444e-11 2.187691e-11 2.936097e-10 3.870010e-10 clkbuf_leaf_125_core_clk
 7.159153e-11 2.073827e-11 2.936097e-10 3.859395e-10 clkbuf_leaf_63_core_clk
 7.146152e-11 1.861644e-11 2.936097e-10 3.836877e-10 clkbuf_leaf_186_core_clk
 7.141237e-11 1.833330e-11 2.936097e-10 3.833553e-10 clkbuf_leaf_123_core_clk
 7.147195e-11 1.663860e-11 2.936097e-10 3.817202e-10 clkbuf_leaf_64_core_clk
 7.064864e-11 0.000000e+00 2.936097e-10 3.642583e-10 clkload16
 1.992011e-11 0.000000e+00 3.117674e-10 3.316876e-10 clkload21
 1.987528e-11 0.000000e+00 3.117674e-10 3.316427e-10 clkload8
 1.984944e-11 0.000000e+00 3.117674e-10 3.316169e-10 clkload13
 1.977284e-11 0.000000e+00 3.117674e-10 3.315403e-10 clkload11
 1.968133e-11 0.000000e+00 3.117674e-10 3.314488e-10 clkload27
 1.939018e-11 0.000000e+00 3.117674e-10 3.311576e-10 clkload2
 1.934577e-11 0.000000e+00 3.117674e-10 3.311132e-10 clkload14
 8.512302e-20 4.782175e-19 3.099383e-10 3.099383e-10 fanout200
 8.518119e-20 4.429490e-19 3.099383e-10 3.099383e-10 fanout226
 8.435353e-20 3.681098e-19 3.099383e-10 3.099383e-10 fanout227
 8.409426e-20 3.825627e-19 3.099383e-10 3.099383e-10 fanout260
 8.477121e-20 3.180734e-19 3.099383e-10 3.099383e-10 fanout478
 8.503024e-20 4.087424e-19 3.099383e-10 3.099383e-10 fanout479
 8.586180e-20 4.177927e-19 3.099383e-10 3.099383e-10 fanout635
 8.545389e-20 4.132918e-19 3.099383e-10 3.099383e-10 max_cap214
 8.623413e-20 3.709250e-19 3.099383e-10 3.099383e-10 max_cap216
 8.586885e-20 2.855959e-19 3.099383e-10 3.099383e-10 max_cap634
 4.213786e-19 1.690849e-18 3.099382e-10 3.099382e-10 fanout183
 4.254908e-19 1.726946e-18 3.099382e-10 3.099382e-10 fanout186
 4.255958e-19 1.742156e-18 3.099382e-10 3.099382e-10 fanout187
 4.246776e-19 1.749834e-18 3.099382e-10 3.099382e-10 fanout219
 4.265821e-19 2.019624e-18 3.099382e-10 3.099382e-10 fanout259
 4.227230e-19 1.474423e-18 3.099382e-10 3.099382e-10 fanout375
 4.226471e-19 1.542573e-18 3.099382e-10 3.099382e-10 fanout377
 4.239400e-19 1.557200e-18 3.099382e-10 3.099382e-10 fanout607
 4.205364e-19 1.693890e-18 3.099382e-10 3.099382e-10 fanout610
 4.233478e-19 1.517808e-18 3.099382e-10 3.099382e-10 fanout616
 4.223157e-19 1.996589e-18 3.099382e-10 3.099382e-10 max_cap181
 4.305366e-19 2.432429e-18 3.099382e-10 3.099382e-10 max_cap201
 4.312389e-19 2.151773e-18 3.099382e-10 3.099382e-10 max_cap408
 4.359973e-19 1.792648e-18 3.099382e-10 3.099382e-10 max_cap459
 4.336611e-19 1.783570e-18 3.099382e-10 3.099382e-10 max_cap475
 4.334390e-19 1.955881e-18 3.099382e-10 3.099382e-10 max_cap609
 4.353611e-19 1.802065e-18 3.099382e-10 3.099382e-10 max_cap625
 4.340106e-19 1.869232e-18 3.099382e-10 3.099382e-10 max_cap627
 7.658376e-19 3.773658e-18 3.099382e-10 3.099382e-10 fanout205
 4.235662e-19 1.850218e-18 3.099382e-10 3.099382e-10 fanout618
 4.290418e-19 2.648736e-18 3.099382e-10 3.099382e-10 fanout621
 7.602722e-19 2.854423e-18 3.099382e-10 3.099382e-10 fanout631
 7.641369e-19 3.470552e-18 3.099382e-10 3.099382e-10 fanout746
 7.617809e-19 2.851802e-18 3.099382e-10 3.099382e-10 fanout751
 7.793889e-19 4.226864e-18 3.099382e-10 3.099382e-10 max_cap204
 4.327376e-19 2.217586e-18 3.099382e-10 3.099382e-10 max_cap213
 7.824506e-19 2.863144e-18 3.099382e-10 3.099382e-10 max_cap748
 7.777959e-19 2.772850e-18 3.099382e-10 3.099382e-10 wire745
 7.652954e-19 4.187718e-18 3.099381e-10 3.099381e-10 fanout180
 7.690032e-19 3.808695e-18 3.099381e-10 3.099381e-10 fanout453
 7.628518e-19 3.452087e-18 3.099381e-10 3.099381e-10 fanout454
 7.769043e-19 2.433963e-18 3.099381e-10 3.099381e-10 max_cap737
 4.256774e-19 1.606218e-18 3.099381e-10 3.099381e-10 fanout419
 4.195611e-19 1.597048e-18 3.099381e-10 3.099381e-10 fanout420
 4.236101e-19 1.586483e-18 3.099381e-10 3.099381e-10 fanout421
 4.252588e-19 1.459316e-18 3.099381e-10 3.099381e-10 fanout424
 4.186675e-19 1.470142e-18 3.099381e-10 3.099381e-10 fanout425
 4.234886e-19 1.772220e-18 3.099381e-10 3.099381e-10 fanout462
 4.322226e-19 2.519865e-18 3.099381e-10 3.099381e-10 fanout463
 7.734686e-19 2.870450e-18 3.099381e-10 3.099381e-10 max_cap365
 7.810805e-19 4.001065e-18 3.099381e-10 3.099381e-10 max_cap367
 7.833806e-19 3.516484e-18 3.099381e-10 3.099381e-10 max_cap405
 1.103922e-18 4.336885e-18 3.099380e-10 3.099380e-10 fanout441
 2.702141e-18 1.052880e-17 3.099380e-10 3.099380e-10 fanout706
 2.804967e-18 1.161530e-17 3.099380e-10 3.099380e-10 fanout261
 2.826210e-18 1.364228e-17 3.099380e-10 3.099380e-10 fanout262
 2.801453e-18 1.195179e-17 3.099380e-10 3.099380e-10 fanout790
 1.110534e-18 5.885114e-18 3.099380e-10 3.099380e-10 fanout211
 7.637179e-19 2.791938e-18 3.099380e-10 3.099380e-10 fanout228
 7.722004e-19 3.300669e-18 3.099380e-10 3.099380e-10 fanout230
 2.781310e-18 1.015087e-17 3.099380e-10 3.099380e-10 fanout785
 2.790460e-18 1.053984e-17 3.099380e-10 3.099380e-10 fanout787
 4.337284e-19 2.018348e-18 3.099380e-10 3.099380e-10 wire258
 1.104551e-18 5.545796e-18 3.099380e-10 3.099380e-10 fanout220
 7.677149e-19 2.058434e-18 3.099380e-10 3.099380e-10 max_cap732
 4.275670e-19 2.306146e-18 3.099379e-10 3.099379e-10 fanout629
 4.253284e-19 1.954136e-18 3.099379e-10 3.099379e-10 fanout630
 7.621558e-19 2.795402e-18 3.099379e-10 3.099379e-10 fanout756
 7.607432e-19 2.567444e-18 3.099379e-10 3.099379e-10 fanout760
 7.547271e-19 2.313801e-18 3.099379e-10 3.099379e-10 fanout767
 7.608553e-19 2.198640e-18 3.099379e-10 3.099379e-10 fanout771
 7.600523e-19 2.463768e-18 3.099379e-10 3.099379e-10 fanout773
 4.273230e-19 1.293992e-18 3.099379e-10 3.099379e-10 max_cap730
 7.797422e-19 3.021413e-18 3.099379e-10 3.099379e-10 fanout247
 1.110251e-18 6.017237e-18 3.099379e-10 3.099379e-10 fanout589
 7.834756e-19 3.831063e-18 3.099379e-10 3.099379e-10 max_cap250
 7.645206e-19 3.585371e-18 3.099378e-10 3.099378e-10 fanout202
 4.223522e-19 1.554556e-18 3.099378e-10 3.099378e-10 max_cap611
 4.314191e-19 2.027999e-18 3.099377e-10 3.099377e-10 max_cap623
 2.534513e-19 9.376211e-19 3.099371e-10 3.099371e-10 fanout393
 2.542411e-19 1.070622e-18 3.099371e-10 3.099371e-10 fanout396
 2.543353e-19 9.634245e-19 3.099371e-10 3.099371e-10 fanout398
 5.926966e-19 1.804898e-18 3.099370e-10 3.099370e-10 fanout915
 5.911472e-19 1.878109e-18 3.099370e-10 3.099370e-10 fanout918
 2.542536e-19 9.517688e-19 3.099368e-10 3.099368e-10 fanout904
 2.550556e-19 1.245864e-18 3.099368e-10 3.099368e-10 fanout905
 2.536680e-19 9.965133e-19 3.099368e-10 3.099368e-10 fanout909
 2.534785e-19 1.033869e-18 2.936103e-10 2.936103e-10 fanout782
 5.960782e-19 2.919026e-18 2.936101e-10 2.936101e-10 fanout779
 6.042433e-19 3.296223e-18 2.936101e-10 2.936101e-10 fanout780
 2.549356e-19 8.232993e-19 2.936101e-10 2.936101e-10 fanout593
 2.540477e-19 8.591750e-19 2.936101e-10 2.936101e-10 fanout594
 2.534465e-19 9.033288e-19 2.936101e-10 2.936101e-10 fanout601
 4.202986e-19 1.718446e-18 2.936093e-10 2.936093e-10 fanout406
 7.550774e-19 2.703084e-18 2.936092e-10 2.936092e-10 fanout448
 7.613887e-19 3.638286e-18 2.936092e-10 2.936092e-10 fanout449
 4.275649e-19 1.574951e-18 2.936092e-10 2.936092e-10 max_cap242
 7.830028e-19 3.636190e-18 2.936092e-10 2.936092e-10 max_cap252
 4.308389e-19 1.915440e-18 2.936092e-10 2.936092e-10 wire244
 4.239370e-19 1.835680e-18 2.936092e-10 2.936092e-10 fanout1019
 7.622411e-19 2.084096e-18 2.936092e-10 2.936092e-10 fanout946
 7.563037e-19 2.543197e-18 2.936092e-10 2.936092e-10 fanout970
 7.600203e-19 2.075358e-18 2.936092e-10 2.936092e-10 fanout982
 4.260026e-19 2.068530e-18 2.936092e-10 2.936092e-10 wire471
 7.783643e-19 3.073922e-18 2.936092e-10 2.936092e-10 max_cap1012
 7.729691e-19 2.775522e-18 2.936092e-10 2.936092e-10 max_cap1014
 7.801163e-19 4.614833e-18 2.936092e-10 2.936092e-10 max_cap1018
 1.130814e-18 6.119230e-18 2.936092e-10 2.936092e-10 max_cap225
 7.866830e-19 4.304611e-18 2.936092e-10 2.936092e-10 max_cap416
 7.785650e-19 3.428877e-18 2.936092e-10 2.936092e-10 wire1016
 2.709534e-18 1.148724e-17 2.936091e-10 2.936091e-10 fanout485
 2.810519e-18 1.016055e-17 2.936091e-10 2.936091e-10 fanout1028
 7.642260e-19 3.286531e-18 2.936091e-10 2.936091e-10 fanout231
 7.643005e-19 3.297807e-18 2.936091e-10 2.936091e-10 fanout232
 7.655316e-19 4.149116e-18 2.936091e-10 2.936091e-10 fanout233
 2.696836e-18 1.094883e-17 2.936091e-10 2.936091e-10 fanout488
 2.786290e-18 1.063804e-17 2.936091e-10 2.936091e-10 fanout797
 2.781863e-18 9.535805e-18 2.936091e-10 2.936091e-10 fanout808
 2.841639e-18 1.044102e-17 2.936091e-10 2.936091e-10 max_cap1027
 4.233033e-19 1.523659e-18 2.936091e-10 2.936091e-10 fanout436
 7.797845e-19 3.012992e-18 2.936091e-10 2.936091e-10 wire369
 7.640122e-19 3.484919e-18 2.936090e-10 2.936090e-10 fanout469
 7.749410e-19 4.571318e-18 2.936090e-10 2.936090e-10 fanout470
 7.789300e-19 3.432301e-18 2.936090e-10 2.936090e-10 max_cap1007
 7.609242e-19 2.397719e-18 2.936090e-10 2.936090e-10 fanout1001
 7.629827e-19 3.303335e-18 2.936090e-10 2.936090e-10 fanout1002
 7.615507e-19 3.070418e-18 2.936090e-10 2.936090e-10 fanout1005
 7.646246e-19 3.567792e-18 2.936090e-10 2.936090e-10 fanout412
 7.638548e-19 2.515293e-18 2.936090e-10 2.936090e-10 fanout998
 7.621325e-19 2.840625e-18 2.936090e-10 2.936090e-10 fanout999
 7.818957e-19 4.687434e-18 2.936090e-10 2.936090e-10 max_cap235
 7.845176e-19 4.103622e-18 2.936090e-10 2.936090e-10 max_cap473
 7.755995e-19 2.785564e-18 2.936090e-10 2.936090e-10 max_cap997
 4.245013e-19 1.527333e-18 2.936089e-10 2.936089e-10 fanout381
 4.237553e-19 1.647434e-18 2.936089e-10 2.936089e-10 fanout385
 4.229234e-19 1.677881e-18 2.936089e-10 2.936089e-10 fanout476
 8.404742e-20 2.910841e-19 2.936088e-10 2.936088e-10 fanout477
 8.654219e-20 3.667700e-19 2.936088e-10 2.936088e-10 max_cap210
 1.260238e-11 0.000000e+00 2.628926e-10 2.754950e-10 clkload17
 1.256795e-11 0.000000e+00 2.628926e-10 2.754605e-10 clkload18
 1.246273e-11 0.000000e+00 2.628926e-10 2.753553e-10 clkload9
 1.218746e-11 0.000000e+00 2.628926e-10 2.750800e-10 clkload3
 3.371841e-11 0.000000e+00 2.231395e-10 2.568579e-10 clkload208
 3.371751e-11 0.000000e+00 2.231395e-10 2.568570e-10 clkload158
 3.370640e-11 0.000000e+00 2.231395e-10 2.568459e-10 clkload210
 3.370603e-11 0.000000e+00 2.231395e-10 2.568455e-10 clkload178
 3.370279e-11 0.000000e+00 2.231395e-10 2.568422e-10 clkload103
 3.369959e-11 0.000000e+00 2.231395e-10 2.568391e-10 clkload114
 3.369954e-11 0.000000e+00 2.231395e-10 2.568390e-10 clkload184
 3.369812e-11 0.000000e+00 2.231395e-10 2.568376e-10 clkload211
 3.369695e-11 0.000000e+00 2.231395e-10 2.568364e-10 clkload153
 3.369663e-11 0.000000e+00 2.231395e-10 2.568361e-10 clkload45
 3.369552e-11 0.000000e+00 2.231395e-10 2.568350e-10 clkload50
 3.369383e-11 0.000000e+00 2.231395e-10 2.568333e-10 clkload76
 3.369267e-11 0.000000e+00 2.231395e-10 2.568321e-10 clkload179
 3.369147e-11 0.000000e+00 2.231395e-10 2.568309e-10 clkload51
 3.369004e-11 0.000000e+00 2.231395e-10 2.568295e-10 clkload188
 3.368947e-11 0.000000e+00 2.231395e-10 2.568289e-10 clkload48
 3.368944e-11 0.000000e+00 2.231395e-10 2.568289e-10 clkload204
 3.368703e-11 0.000000e+00 2.231395e-10 2.568265e-10 clkload112
 3.368700e-11 0.000000e+00 2.231395e-10 2.568264e-10 clkload151
 3.368692e-11 0.000000e+00 2.231395e-10 2.568264e-10 clkload78
 3.368662e-11 0.000000e+00 2.231395e-10 2.568261e-10 clkload207
 3.368631e-11 0.000000e+00 2.231395e-10 2.568258e-10 clkload108
 3.368333e-11 0.000000e+00 2.231395e-10 2.568228e-10 clkload154
 3.368332e-11 0.000000e+00 2.231395e-10 2.568228e-10 clkload80
 3.368165e-11 0.000000e+00 2.231395e-10 2.568211e-10 clkload73
 3.368151e-11 0.000000e+00 2.231395e-10 2.568210e-10 clkload205
 3.368111e-11 0.000000e+00 2.231395e-10 2.568206e-10 clkload109
 3.368000e-11 0.000000e+00 2.231395e-10 2.568195e-10 clkload156
 3.367958e-11 0.000000e+00 2.231395e-10 2.568190e-10 clkload75
 3.367721e-11 0.000000e+00 2.231395e-10 2.568167e-10 clkload181
 3.367490e-11 0.000000e+00 2.231395e-10 2.568143e-10 clkload186
 3.367399e-11 0.000000e+00 2.231395e-10 2.568134e-10 clkload79
 3.367352e-11 0.000000e+00 2.231395e-10 2.568130e-10 clkload163
 3.367341e-11 0.000000e+00 2.231395e-10 2.568128e-10 clkload102
 3.366665e-11 0.000000e+00 2.231395e-10 2.568061e-10 clkload107
 3.366576e-11 0.000000e+00 2.231395e-10 2.568052e-10 clkload164
 3.366483e-11 0.000000e+00 2.231395e-10 2.568043e-10 clkload169
 3.366405e-11 0.000000e+00 2.231395e-10 2.568035e-10 clkload144
 3.366029e-11 0.000000e+00 2.231395e-10 2.567997e-10 clkload155
 3.365885e-11 0.000000e+00 2.231395e-10 2.567983e-10 clkload171
 3.365663e-11 0.000000e+00 2.231395e-10 2.567961e-10 clkload139
 3.365598e-11 0.000000e+00 2.231395e-10 2.567954e-10 clkload119
 3.365503e-11 0.000000e+00 2.231395e-10 2.567945e-10 clkload43
 3.365408e-11 0.000000e+00 2.231395e-10 2.567935e-10 clkload91
 3.365322e-11 0.000000e+00 2.231395e-10 2.567927e-10 clkload145
 3.365244e-11 0.000000e+00 2.231395e-10 2.567919e-10 clkload40
 3.365077e-11 0.000000e+00 2.231395e-10 2.567902e-10 clkload201
 3.365026e-11 0.000000e+00 2.231395e-10 2.567897e-10 clkload117
 3.364112e-11 0.000000e+00 2.231395e-10 2.567806e-10 clkload44
 3.363983e-11 0.000000e+00 2.231395e-10 2.567793e-10 clkload93
 3.363598e-11 0.000000e+00 2.231395e-10 2.567754e-10 clkload34
 3.363479e-11 0.000000e+00 2.231395e-10 2.567742e-10 clkload37
 3.363108e-11 0.000000e+00 2.231395e-10 2.567705e-10 clkload120
 3.362754e-11 0.000000e+00 2.231395e-10 2.567670e-10 clkload59
 3.362691e-11 0.000000e+00 2.231395e-10 2.567664e-10 clkload32
 3.362662e-11 0.000000e+00 2.231395e-10 2.567661e-10 clkload167
 3.362541e-11 0.000000e+00 2.231395e-10 2.567649e-10 clkload177
 3.362416e-11 0.000000e+00 2.231395e-10 2.567636e-10 clkload29
 3.362350e-11 0.000000e+00 2.231395e-10 2.567629e-10 clkload131
 3.361210e-11 0.000000e+00 2.231395e-10 2.567516e-10 clkload31
 3.361195e-11 0.000000e+00 2.231395e-10 2.567514e-10 clkload190
 3.361050e-11 0.000000e+00 2.231395e-10 2.567500e-10 clkload176
 3.360479e-11 0.000000e+00 2.231395e-10 2.567442e-10 clkload192
 4.035545e-20 2.334218e-19 2.351105e-10 2.351105e-10 fanout217
 4.123151e-20 1.620188e-19 2.351105e-10 2.351105e-10 fanout356
 4.049242e-20 1.955124e-19 2.351105e-10 2.351105e-10 fanout577
 2.069293e-19 7.426506e-19 2.351105e-10 2.351105e-10 fanout494
 2.050296e-19 7.110526e-19 2.351105e-10 2.351105e-10 fanout495
 2.002595e-19 7.438521e-19 2.351105e-10 2.351105e-10 fanout497
 2.062829e-19 9.198351e-19 2.351105e-10 2.351105e-10 fanout500
 2.043651e-19 6.797613e-19 2.351105e-10 2.351105e-10 fanout502
 2.028193e-19 1.353377e-18 2.351105e-10 2.351105e-10 fanout517
 2.067518e-19 7.264114e-19 2.351105e-10 2.351105e-10 fanout522
 2.061513e-19 7.235484e-19 2.351105e-10 2.351105e-10 fanout523
 2.023240e-19 8.599106e-19 2.351105e-10 2.351105e-10 fanout529
 2.059862e-19 7.077858e-19 2.351105e-10 2.351105e-10 fanout533
 2.024164e-19 8.688832e-19 2.351105e-10 2.351105e-10 fanout537
 2.017130e-19 1.003127e-18 2.351105e-10 2.351105e-10 fanout538
 2.053612e-19 9.350218e-19 2.351105e-10 2.351105e-10 fanout188
 2.058370e-19 1.561230e-18 2.351105e-10 2.351105e-10 fanout189
 2.058911e-19 8.598225e-19 2.351105e-10 2.351105e-10 fanout378
 2.030948e-19 8.864585e-19 2.351105e-10 2.351105e-10 fanout583
 2.067503e-19 1.437524e-18 2.351105e-10 2.351105e-10 fanout628
 3.668668e-19 1.303540e-18 2.351104e-10 2.351104e-10 fanout738
 2.027369e-19 9.776725e-19 2.351104e-10 2.351104e-10 fanout422
 5.369544e-19 2.215721e-18 2.351103e-10 2.351103e-10 fanout442
 1.287907e-18 5.166277e-18 2.351103e-10 2.351103e-10 fanout698
 1.294512e-18 7.664090e-18 2.351103e-10 2.351103e-10 fanout699
 1.317224e-18 5.255684e-18 2.351103e-10 2.351103e-10 fanout700
 1.298023e-18 7.302951e-18 2.351103e-10 2.351103e-10 fanout701
 1.317241e-18 4.942133e-18 2.351103e-10 2.351103e-10 fanout703
 1.325884e-18 6.573628e-18 2.351103e-10 2.351103e-10 fanout704
 1.311517e-18 5.154342e-18 2.351103e-10 2.351103e-10 fanout707
 1.293190e-18 6.494101e-18 2.351103e-10 2.351103e-10 fanout708
 1.300492e-18 8.668212e-18 2.351103e-10 2.351103e-10 fanout709
 1.339508e-18 1.110499e-17 2.351103e-10 2.351103e-10 fanout710
 3.627847e-19 1.326348e-18 2.351103e-10 2.351103e-10 fanout653
 1.355845e-18 5.765695e-18 2.351103e-10 2.351103e-10 fanout786
 1.348387e-18 9.041980e-18 2.351103e-10 2.351103e-10 fanout789
 1.392809e-18 7.774542e-18 2.351103e-10 2.351103e-10 fanout793
 1.353402e-18 5.310459e-18 2.351103e-10 2.351103e-10 fanout302
 1.364593e-18 6.805347e-18 2.351103e-10 2.351103e-10 fanout306
 1.352331e-18 5.712413e-18 2.351103e-10 2.351103e-10 fanout310
 1.361733e-18 5.006692e-18 2.351103e-10 2.351103e-10 fanout311
 1.362640e-18 5.009773e-18 2.351103e-10 2.351103e-10 fanout325
 1.354865e-18 1.003328e-17 2.351103e-10 2.351103e-10 fanout327
 1.347985e-18 5.740790e-18 2.351103e-10 2.351103e-10 fanout345
 1.348359e-18 4.596381e-18 2.351103e-10 2.351103e-10 fanout348
 1.356132e-18 4.376419e-18 2.351103e-10 2.351103e-10 fanout353
 1.348672e-18 5.820097e-18 2.351103e-10 2.351103e-10 fanout354
 1.420835e-18 1.239712e-17 2.351103e-10 2.351103e-10 fanout355
 3.695664e-19 1.123062e-18 2.351103e-10 2.351103e-10 fanout770
 3.802703e-19 2.614385e-18 2.351103e-10 2.351103e-10 fanout775
 3.622611e-19 1.678502e-18 2.351102e-10 2.351102e-10 fanout768
 3.634220e-19 1.537981e-18 2.351102e-10 2.351102e-10 fanout772
 5.248713e-19 2.588024e-18 2.351102e-10 2.351102e-10 fanout590
 8.245333e-20 3.358206e-19 2.351100e-10 2.351100e-10 fanout1047
 8.122664e-20 4.381678e-19 2.351100e-10 2.351100e-10 fanout1048
 8.234978e-20 3.342472e-19 2.351100e-10 2.351100e-10 fanout1050
 8.154856e-20 4.458535e-19 2.351100e-10 2.351100e-10 fanout1055
 8.273331e-20 3.839950e-19 2.351100e-10 2.351100e-10 fanout1056
 8.251628e-20 3.559989e-19 2.351100e-10 2.351100e-10 fanout1058
 8.258546e-20 3.718441e-19 2.351100e-10 2.351100e-10 fanout1060
 8.218394e-20 2.935041e-19 2.351100e-10 2.351100e-10 fanout1067
 8.095284e-20 4.168012e-19 2.351100e-10 2.351100e-10 fanout1068
 8.231632e-20 3.805007e-19 2.351100e-10 2.351100e-10 fanout1070
 8.260953e-20 4.205345e-19 2.351100e-10 2.351100e-10 fanout1073
 8.121154e-20 3.811770e-19 2.351100e-10 2.351100e-10 fanout1076
 1.391682e-18 5.303272e-18 2.351098e-10 2.351098e-10 fanout712
 1.397075e-18 5.953588e-18 2.351098e-10 2.351098e-10 fanout715
 1.405240e-18 5.447471e-18 2.351098e-10 2.351098e-10 fanout717
 1.390978e-18 5.510104e-18 2.351098e-10 2.351098e-10 fanout721
 1.407776e-18 5.944791e-18 2.351098e-10 2.351098e-10 fanout724
 1.402512e-18 6.257185e-18 2.351098e-10 2.351098e-10 fanout725
 1.442022e-18 8.445588e-18 2.351098e-10 2.351098e-10 fanout726
 2.867937e-19 9.875792e-19 2.351097e-10 2.351097e-10 fanout668
 1.211866e-19 5.701741e-19 2.351097e-10 2.351097e-10 fanout395
 1.266005e-19 1.179333e-18 2.351097e-10 2.351097e-10 fanout403
 2.892389e-19 8.554590e-19 2.351097e-10 2.351097e-10 fanout645
 4.521466e-19 1.320296e-18 2.351097e-10 2.351097e-10 fanout670
 4.565301e-19 1.566851e-18 2.351097e-10 2.351097e-10 fanout673
 4.538016e-19 1.319803e-18 2.351097e-10 2.351097e-10 fanout688
 4.540800e-19 1.388630e-18 2.351096e-10 2.351096e-10 fanout652
 4.505182e-19 1.410817e-18 2.351096e-10 2.351096e-10 fanout687
 4.537327e-19 1.325769e-18 2.351096e-10 2.351096e-10 fanout690
 2.893323e-19 1.151070e-18 2.351096e-10 2.351096e-10 fanout912
 2.886822e-19 1.014010e-18 2.351096e-10 2.351096e-10 fanout929
 2.904062e-19 1.449784e-18 2.351096e-10 2.351096e-10 fanout931
 4.496385e-19 1.571197e-18 2.351095e-10 2.351095e-10 fanout655
 4.508948e-19 1.554674e-18 2.351095e-10 2.351095e-10 fanout677
 4.529740e-19 1.460794e-18 2.351095e-10 2.351095e-10 fanout684
 2.839681e-19 1.237486e-18 2.351095e-10 2.351095e-10 fanout913
 2.813443e-19 1.245844e-18 2.351095e-10 2.351095e-10 fanout923
 1.210813e-19 5.882975e-19 2.351095e-10 2.351095e-10 fanout908
 2.877975e-19 9.386358e-19 2.351094e-10 2.351094e-10 fanout686
 1.177154e-19 1.934807e-20 2.351093e-10 2.351093e-10 output41
 1.166937e-19 1.689609e-20 2.351093e-10 2.351093e-10 output42
 1.179543e-19 2.416550e-20 2.351093e-10 2.351093e-10 output43
 1.167792e-19 5.708036e-21 2.351093e-10 2.351093e-10 output44
 1.168289e-19 7.925344e-21 2.351093e-10 2.351093e-10 output45
 1.169180e-19 2.485450e-20 2.351093e-10 2.351093e-10 output46
 1.183496e-19 3.939336e-20 2.351093e-10 2.351093e-10 output47
 1.190257e-19 1.978604e-20 2.351093e-10 2.351093e-10 output48
 1.184256e-19 3.447285e-20 2.351093e-10 2.351093e-10 output49
 1.183781e-19 2.369234e-20 2.351093e-10 2.351093e-10 output50
 1.171828e-19 2.187473e-20 2.351093e-10 2.351093e-10 output51
 1.178407e-19 2.545046e-20 2.351093e-10 2.351093e-10 output52
 1.174638e-19 1.067152e-20 2.351093e-10 2.351093e-10 output53
 1.172691e-19 2.194647e-20 2.351093e-10 2.351093e-10 output54
 1.188359e-19 2.782826e-20 2.351093e-10 2.351093e-10 output55
 1.167055e-19 3.966988e-21 2.351093e-10 2.351093e-10 output56
 1.165597e-19 6.861909e-21 2.351093e-10 2.351093e-10 output58
 1.169222e-19 1.022490e-20 2.351093e-10 2.351093e-10 output59
 1.183797e-19 2.589213e-20 2.351093e-10 2.351093e-10 output61
 1.173201e-19 1.571043e-20 2.351093e-10 2.351093e-10 output62
 1.169219e-19 1.620990e-20 2.351093e-10 2.351093e-10 output63
 1.173955e-19 1.334215e-20 2.351093e-10 2.351093e-10 output64
 2.165170e-12 1.218372e-13 2.232853e-10 2.255723e-10 output16
 2.152851e-12 5.626357e-14 2.232857e-10 2.254948e-10 output14
 1.356451e-12 1.462258e-13 2.232859e-10 2.247885e-10 output13
 1.238161e-19 5.651714e-19 2.232855e-10 2.232855e-10 fanout595
 1.235085e-19 5.053366e-19 2.232855e-10 2.232855e-10 fanout600
 8.230086e-20 3.298796e-19 2.232852e-10 2.232852e-10 fanout1080
 8.192055e-20 2.761757e-19 2.232852e-10 2.232852e-10 fanout1093
 8.245383e-20 4.238072e-19 2.232852e-10 2.232852e-10 fanout1104
 3.518929e-19 1.983982e-20 2.232851e-10 2.232851e-10 output12
 3.714559e-19 1.925497e-18 2.232849e-10 2.232849e-10 fanout939
 3.728803e-19 1.410417e-18 2.232849e-10 2.232849e-10 fanout949
 3.716939e-19 1.384709e-18 2.232849e-10 2.232849e-10 fanout954
 3.668623e-19 1.127480e-18 2.232849e-10 2.232849e-10 fanout975
 3.691850e-19 1.410455e-18 2.232849e-10 2.232849e-10 fanout988
 3.677747e-19 1.238654e-18 2.232849e-10 2.232849e-10 fanout989
 3.767459e-19 2.251903e-18 2.232849e-10 2.232849e-10 fanout995
 1.370355e-18 5.783569e-18 2.232849e-10 2.232849e-10 fanout269
 1.358178e-18 5.906354e-18 2.232849e-10 2.232849e-10 fanout274
 1.364866e-18 5.851665e-18 2.232849e-10 2.232849e-10 fanout279
 1.351199e-18 5.050704e-18 2.232849e-10 2.232849e-10 fanout268
 1.357908e-18 4.641048e-18 2.232849e-10 2.232849e-10 fanout273
 1.364717e-18 5.303674e-18 2.232849e-10 2.232849e-10 fanout276
 1.358728e-18 5.081682e-18 2.232849e-10 2.232849e-10 fanout278
 1.351067e-18 5.322701e-18 2.232849e-10 2.232849e-10 fanout282
 1.357457e-18 5.569289e-18 2.232849e-10 2.232849e-10 fanout285
 1.357434e-18 5.566512e-18 2.232849e-10 2.232849e-10 fanout287
 1.364950e-18 4.936633e-18 2.232849e-10 2.232849e-10 fanout293
 1.362284e-18 4.794837e-18 2.232849e-10 2.232849e-10 fanout295
 1.359126e-18 4.923956e-18 2.232849e-10 2.232849e-10 fanout298
 3.730168e-19 1.109609e-18 2.232849e-10 2.232849e-10 fanout641
 6.963615e-19 2.150420e-18 2.232849e-10 2.232849e-10 fanout667
 1.375045e-18 6.185542e-18 2.232848e-10 2.232848e-10 fanout807
 1.362213e-18 6.371738e-18 2.232848e-10 2.232848e-10 fanout811
 3.754698e-19 1.359357e-18 2.232848e-10 2.232848e-10 fanout654
 1.362310e-18 5.317854e-18 2.232848e-10 2.232848e-10 fanout806
 5.400886e-19 1.873177e-18 2.232848e-10 2.232848e-10 fanout680
 2.041370e-19 6.753327e-19 2.232848e-10 2.232848e-10 fanout427
 2.067391e-19 1.062504e-18 2.232847e-10 2.232847e-10 fanout392
 2.043342e-19 7.223265e-19 2.232847e-10 2.232847e-10 fanout176
 2.077064e-19 9.710182e-19 2.232847e-10 2.232847e-10 fanout457
 2.071361e-19 9.057280e-19 2.232847e-10 2.232847e-10 fanout586
 2.910776e-19 9.525510e-19 2.232847e-10 2.232847e-10 fanout588
 2.054776e-19 6.982254e-19 2.232846e-10 2.232846e-10 fanout144
 2.069185e-19 9.538218e-19 2.232846e-10 2.232846e-10 fanout145
 2.074435e-19 9.173397e-19 2.232846e-10 2.232846e-10 fanout540
 2.061065e-19 8.192914e-19 2.232846e-10 2.232846e-10 fanout543
 2.054350e-19 7.350954e-19 2.232846e-10 2.232846e-10 fanout545
 2.062067e-19 7.590975e-19 2.232846e-10 2.232846e-10 fanout547
 2.061211e-19 7.498465e-19 2.232846e-10 2.232846e-10 fanout556
 2.061891e-19 7.583882e-19 2.232846e-10 2.232846e-10 fanout557
 2.069292e-19 9.192902e-19 2.232846e-10 2.232846e-10 fanout559
 2.062251e-19 8.310205e-19 2.232846e-10 2.232846e-10 fanout562
 2.027260e-19 6.939184e-19 2.232846e-10 2.232846e-10 fanout566
 2.060775e-19 7.015196e-19 2.232846e-10 2.232846e-10 fanout567
 2.041571e-19 7.103906e-19 2.232846e-10 2.232846e-10 fanout570
 1.965862e-19 1.030787e-20 2.232846e-10 2.232846e-10 output15
 4.153200e-20 1.756981e-19 2.232846e-10 2.232846e-10 fanout103
 4.174010e-20 1.882499e-19 2.232846e-10 2.232846e-10 fanout105
 4.172208e-20 2.121548e-19 2.232846e-10 2.232846e-10 fanout111
 4.084096e-20 1.412676e-19 2.232846e-10 2.232846e-10 fanout139
 4.147195e-20 1.793799e-19 2.232846e-10 2.232846e-10 fanout146
 4.122651e-20 1.769945e-19 2.232846e-10 2.232846e-10 fanout147
 4.131691e-20 1.786532e-19 2.232846e-10 2.232846e-10 fanout359
 4.149974e-20 1.499679e-19 2.232846e-10 2.232846e-10 fanout362
 4.131279e-20 1.306168e-19 2.232846e-10 2.232846e-10 fanout648
 4.118540e-20 1.295222e-19 2.232846e-10 2.232846e-10 fanout649
 4.166183e-20 1.599454e-19 2.232846e-10 2.232846e-10 fanout817
 4.125639e-20 1.472318e-19 2.232846e-10 2.232846e-10 fanout819
 4.086183e-20 1.454871e-19 2.232846e-10 2.232846e-10 fanout82
 4.166519e-20 1.681604e-19 2.232846e-10 2.232846e-10 fanout820
 4.117627e-20 1.554395e-19 2.232846e-10 2.232846e-10 fanout821
 4.131828e-20 1.579514e-19 2.232846e-10 2.232846e-10 fanout823
 4.168367e-20 1.728539e-19 2.232846e-10 2.232846e-10 fanout825
 4.202439e-20 1.660624e-19 2.232846e-10 2.232846e-10 fanout829
 4.199723e-20 2.774810e-19 2.232846e-10 2.232846e-10 fanout89
 3.908752e-20 3.974405e-21 2.232846e-10 2.232846e-10 output17
 3.910223e-20 1.347404e-20 2.232846e-10 2.232846e-10 output18
 3.919720e-20 8.053388e-21 2.232846e-10 2.232846e-10 output19
 3.923637e-20 8.581393e-21 2.232846e-10 2.232846e-10 output20
 3.935391e-20 9.693744e-21 2.232846e-10 2.232846e-10 output21
 3.922464e-20 1.389730e-20 2.232846e-10 2.232846e-10 output22
 3.920327e-20 8.142736e-21 2.232846e-10 2.232846e-10 output23
 3.939640e-20 5.004456e-21 2.232846e-10 2.232846e-10 output24
 3.957129e-20 1.253354e-20 2.232846e-10 2.232846e-10 output25
 3.926082e-20 7.035724e-21 2.232846e-10 2.232846e-10 output26
 3.945038e-20 1.220340e-20 2.232846e-10 2.232846e-10 output27
 3.904086e-20 1.219082e-20 2.232846e-10 2.232846e-10 output28
 3.933700e-20 7.165157e-21 2.232846e-10 2.232846e-10 output29
 3.937681e-20 1.461151e-20 2.232846e-10 2.232846e-10 output30
 3.930661e-20 6.584403e-21 2.232846e-10 2.232846e-10 output31
 3.884550e-20 4.307715e-21 2.232846e-10 2.232846e-10 output32
 3.918958e-20 1.661323e-20 2.232846e-10 2.232846e-10 output33
 3.920035e-20 7.610998e-21 2.232846e-10 2.232846e-10 output34
 3.925974e-20 1.039125e-20 2.232846e-10 2.232846e-10 output35
 3.911789e-20 2.966026e-21 2.232846e-10 2.232846e-10 output36
 3.904150e-20 1.198177e-20 2.232846e-10 2.232846e-10 output37
 3.888857e-20 2.643826e-21 2.232846e-10 2.232846e-10 output38
 3.897014e-20 3.502205e-21 2.232846e-10 2.232846e-10 output39
 3.935730e-20 6.856462e-21 2.232846e-10 2.232846e-10 output40
 3.913198e-20 3.111524e-21 2.232846e-10 2.232846e-10 output57
 3.904673e-20 3.384927e-21 2.232846e-10 2.232846e-10 output60
 1.243692e-19 8.360368e-19 2.231399e-10 2.231399e-10 fanout784
 1.217798e-19 5.486966e-19 2.231397e-10 2.231397e-10 fanout592
 1.223311e-19 7.914684e-19 2.231397e-10 2.231397e-10 fanout598
 1.219111e-19 7.088940e-19 2.231397e-10 2.231397e-10 fanout602
 1.216913e-19 6.654351e-19 2.231397e-10 2.231397e-10 fanout604
 8.266921e-20 5.347107e-19 2.231394e-10 2.231394e-10 fanout1139
 3.644579e-19 1.894918e-18 2.231391e-10 2.231391e-10 fanout253
 2.020739e-19 9.803640e-19 2.231391e-10 2.231391e-10 fanout1022
 3.643548e-19 1.559545e-18 2.231391e-10 2.231391e-10 fanout942
 3.630317e-19 1.154647e-18 2.231391e-10 2.231391e-10 fanout948
 3.617766e-19 1.791446e-18 2.231391e-10 2.231391e-10 fanout951
 3.629491e-19 1.349723e-18 2.231391e-10 2.231391e-10 fanout959
 3.633927e-19 1.411833e-18 2.231391e-10 2.231391e-10 fanout960
 3.618270e-19 1.629581e-18 2.231391e-10 2.231391e-10 fanout965
 3.627582e-19 1.257013e-18 2.231391e-10 2.231391e-10 fanout967
 3.647057e-19 1.530913e-18 2.231391e-10 2.231391e-10 fanout968
 3.673936e-19 1.549505e-18 2.231391e-10 2.231391e-10 fanout974
 3.624890e-19 1.539250e-18 2.231391e-10 2.231391e-10 fanout987
 3.618325e-19 1.452175e-18 2.231391e-10 2.231391e-10 fanout994
 1.328288e-18 6.187039e-18 2.231391e-10 2.231391e-10 fanout300
 1.330062e-18 5.509552e-18 2.231391e-10 2.231391e-10 fanout288
 1.341037e-18 7.926137e-18 2.231390e-10 2.231390e-10 fanout263
 1.316087e-18 1.018013e-17 2.231390e-10 2.231390e-10 fanout489
 1.329126e-18 6.002106e-18 2.231390e-10 2.231390e-10 fanout798
 1.332899e-18 5.615485e-18 2.231390e-10 2.231390e-10 fanout800
 1.340153e-18 7.058340e-18 2.231390e-10 2.231390e-10 fanout803
 1.340599e-18 7.157623e-18 2.231390e-10 2.231390e-10 fanout804
 1.339482e-18 7.550639e-18 2.231390e-10 2.231390e-10 fanout805
 1.342100e-18 6.569451e-18 2.231390e-10 2.231390e-10 fanout810
 1.331652e-18 5.279053e-18 2.231390e-10 2.231390e-10 fanout794
 3.643672e-19 1.690360e-18 2.231390e-10 2.231390e-10 fanout370
 3.692035e-19 2.057714e-18 2.231390e-10 2.231390e-10 fanout371
 2.064606e-19 1.274617e-18 2.231390e-10 2.231390e-10 fanout430
 2.047959e-19 1.180592e-18 2.231390e-10 2.231390e-10 fanout431
 2.025089e-19 1.090209e-18 2.231390e-10 2.231390e-10 fanout439
 3.637088e-19 1.545976e-18 2.231389e-10 2.231389e-10 fanout1010
 2.036712e-19 1.439181e-18 2.231389e-10 2.231389e-10 fanout190
 2.113952e-19 1.692992e-18 2.231389e-10 2.231389e-10 fanout193
 2.023326e-19 8.881818e-19 2.231389e-10 2.231389e-10 fanout382
 2.039767e-19 1.218398e-18 2.231389e-10 2.231389e-10 fanout391
 2.022202e-19 8.660242e-19 2.231388e-10 2.231388e-10 fanout196
 2.024227e-19 1.043974e-18 2.231388e-10 2.231388e-10 fanout542
 2.013939e-19 9.098717e-19 2.231388e-10 2.231388e-10 fanout551
 2.011604e-19 8.468477e-19 2.231388e-10 2.231388e-10 fanout552
 2.032442e-19 8.832911e-19 2.231388e-10 2.231388e-10 fanout561
 2.020981e-19 8.253178e-19 2.231388e-10 2.231388e-10 fanout568
 2.169279e-19 1.873672e-18 2.231388e-10 2.231388e-10 fanout573
 4.059720e-20 1.589556e-19 2.231388e-10 2.231388e-10 fanout361
 4.081354e-20 1.960517e-19 2.231388e-10 2.231388e-10 fanout826
 1.948470e-11 0.000000e+00 2.035852e-10 2.230699e-10 clkload101
 1.947443e-11 0.000000e+00 2.035852e-10 2.230596e-10 clkload100
 1.947127e-11 0.000000e+00 2.035852e-10 2.230564e-10 clkload99
 1.946193e-11 0.000000e+00 2.035852e-10 2.230471e-10 clkload209
 1.946181e-11 0.000000e+00 2.035852e-10 2.230470e-10 clkload49
 1.945966e-11 0.000000e+00 2.035852e-10 2.230448e-10 clkload157
 1.945865e-11 0.000000e+00 2.035852e-10 2.230438e-10 clkload212
 1.945680e-11 0.000000e+00 2.035852e-10 2.230420e-10 clkload71
 1.945641e-11 0.000000e+00 2.035852e-10 2.230416e-10 clkload46
 1.945278e-11 0.000000e+00 2.035852e-10 2.230380e-10 clkload180
 1.945188e-11 0.000000e+00 2.035852e-10 2.230371e-10 clkload72
 1.945120e-11 0.000000e+00 2.035852e-10 2.230364e-10 clkload47
 1.945042e-11 0.000000e+00 2.035852e-10 2.230356e-10 clkload161
 1.944977e-11 0.000000e+00 2.035852e-10 2.230350e-10 clkload113
 1.944752e-11 0.000000e+00 2.035852e-10 2.230327e-10 clkload104
 1.944554e-11 0.000000e+00 2.035852e-10 2.230307e-10 clkload185
 1.944500e-11 0.000000e+00 2.035852e-10 2.230302e-10 clkload162
 1.944144e-11 0.000000e+00 2.035852e-10 2.230266e-10 clkload152
 1.944057e-11 0.000000e+00 2.035852e-10 2.230257e-10 clkload183
 1.943979e-11 0.000000e+00 2.035852e-10 2.230250e-10 clkload189
 1.943789e-11 0.000000e+00 2.035852e-10 2.230231e-10 clkload106
 1.943603e-11 0.000000e+00 2.035852e-10 2.230212e-10 clkload141
 1.943145e-11 0.000000e+00 2.035852e-10 2.230166e-10 clkload142
 1.943024e-11 0.000000e+00 2.035852e-10 2.230154e-10 clkload74
 1.942101e-11 0.000000e+00 2.035852e-10 2.230062e-10 clkload129
 1.942003e-11 0.000000e+00 2.035852e-10 2.230052e-10 clkload125
 1.941268e-11 0.000000e+00 2.035852e-10 2.229979e-10 clkload168
 1.940525e-11 0.000000e+00 2.035852e-10 2.229904e-10 clkload170
 1.940408e-11 0.000000e+00 2.035852e-10 2.229893e-10 clkload85
 1.940404e-11 0.000000e+00 2.035852e-10 2.229892e-10 clkload35
 1.939986e-11 0.000000e+00 2.035852e-10 2.229850e-10 clkload134
 1.939904e-11 0.000000e+00 2.035852e-10 2.229842e-10 clkload95
 1.939060e-11 0.000000e+00 2.035852e-10 2.229758e-10 clkload30
 1.930141e-11 0.000000e+00 2.035852e-10 2.228866e-10 clkload15
 6.444172e-12 0.000000e+00 2.140177e-10 2.204619e-10 clkload36
 6.416524e-12 0.000000e+00 2.140177e-10 2.204342e-10 clkload54
 6.406692e-12 0.000000e+00 2.140177e-10 2.204244e-10 clkload126
 6.365002e-12 0.000000e+00 2.140177e-10 2.203827e-10 clkload166
 6.358698e-12 0.000000e+00 2.140177e-10 2.203764e-10 clkload149
 6.318385e-12 0.000000e+00 2.140177e-10 2.203361e-10 clkload94
 6.305346e-12 0.000000e+00 2.140177e-10 2.203230e-10 clkload92
 6.289992e-12 0.000000e+00 2.140177e-10 2.203077e-10 clkload118
 6.276046e-12 0.000000e+00 2.140177e-10 2.202937e-10 clkload195
 6.260853e-12 0.000000e+00 2.140177e-10 2.202785e-10 clkload61
 6.252932e-12 0.000000e+00 2.140177e-10 2.202706e-10 clkload135
 6.231600e-12 0.000000e+00 2.140177e-10 2.202493e-10 clkload133
 6.227813e-12 0.000000e+00 2.140177e-10 2.202455e-10 clkload84
 7.794750e-20 1.801603e-18 2.045415e-10 2.045415e-10 _21114_
 2.363005e-20 1.341485e-19 2.035854e-10 2.035854e-10 fanout818
 2.335040e-20 9.107779e-20 2.035854e-10 2.035854e-10 fanout99
 1.156114e-19 4.382723e-19 2.035854e-10 2.035854e-10 fanout173
 1.153760e-19 4.099927e-19 2.035854e-10 2.035854e-10 fanout177
 7.632966e-19 3.058716e-18 2.035853e-10 2.035853e-10 fanout264
 7.620097e-19 2.618067e-18 2.035853e-10 2.035853e-10 fanout286
 2.089866e-19 7.108765e-19 2.035853e-10 2.035853e-10 fanout953
 2.075829e-19 6.233685e-19 2.035853e-10 2.035853e-10 fanout956
 4.666221e-20 2.376026e-19 2.035852e-10 2.035852e-10 fanout1079
 4.631649e-20 1.482967e-19 2.035852e-10 2.035852e-10 fanout1111
 4.646823e-20 1.775878e-19 2.035852e-10 2.035852e-10 fanout1113
 4.631189e-20 1.669921e-19 2.035852e-10 2.035852e-10 fanout1120
 4.631514e-20 1.855099e-19 2.035852e-10 2.035852e-10 fanout1124
 4.631185e-20 1.535808e-19 2.035852e-10 2.035852e-10 fanout1126
 8.127002e-21 1.293420e-19 2.019168e-10 2.019168e-10 _12027_
 8.204632e-21 1.106729e-19 2.019168e-10 2.019168e-10 _12163_
 8.124907e-21 1.028613e-19 2.019168e-10 2.019168e-10 _12181_
 8.000184e-21 1.130060e-19 2.019168e-10 2.019168e-10 _12282_
 7.310085e-20 9.104928e-19 2.019167e-10 2.019167e-10 _12009_
 2.541811e-19 6.316442e-19 1.993900e-10 1.993900e-10 fanout643
 2.557758e-19 6.993993e-19 1.993899e-10 1.993899e-10 fanout674
 7.900318e-19 2.836372e-18 1.993899e-10 1.993899e-10 fanout714
 6.929801e-20 2.432259e-19 1.993899e-10 1.993899e-10 fanout831
 6.928697e-20 1.913331e-19 1.993899e-10 1.993899e-10 fanout850
 6.954242e-20 2.982645e-19 1.993899e-10 1.993899e-10 fanout852
 6.938154e-20 2.000500e-19 1.993899e-10 1.993899e-10 fanout860
 6.930108e-20 1.837338e-19 1.993899e-10 1.993899e-10 fanout867
 6.955326e-20 2.424064e-19 1.993899e-10 1.993899e-10 fanout869
 6.936467e-20 2.149220e-19 1.993899e-10 1.993899e-10 fanout877
 6.935911e-20 2.142157e-19 1.993899e-10 1.993899e-10 fanout879
 6.946663e-20 2.278988e-19 1.993899e-10 1.993899e-10 fanout881
 7.007251e-20 2.792533e-19 1.993899e-10 1.993899e-10 fanout899
 4.595890e-20 1.442051e-19 1.993898e-10 1.993898e-10 fanout1031
 4.629945e-20 1.875346e-19 1.993898e-10 1.993898e-10 fanout1033
 4.649847e-20 1.770084e-19 1.993898e-10 1.993898e-10 fanout1035
 4.660873e-20 2.405150e-19 1.993898e-10 1.993898e-10 fanout1040
 4.639542e-20 1.638793e-19 1.993898e-10 1.993898e-10 fanout1042
 4.642352e-20 1.674605e-19 1.993898e-10 1.993898e-10 fanout1043
 7.649927e-19 2.749164e-18 1.993897e-10 1.993897e-10 fanout304
 7.614357e-19 2.930571e-18 1.993897e-10 1.993897e-10 fanout312
 7.631859e-19 2.746328e-18 1.993897e-10 1.993897e-10 fanout316
 7.590202e-19 2.464895e-18 1.993897e-10 1.993897e-10 fanout329
 7.648462e-19 3.054322e-18 1.993897e-10 1.993897e-10 fanout332
 1.170767e-19 5.333485e-19 1.993896e-10 1.993896e-10 fanout156
 2.438453e-20 8.316911e-20 1.993896e-10 1.993896e-10 fanout121
 1.157234e-19 3.741096e-19 1.993896e-10 1.993896e-10 fanout158
 1.159456e-19 4.815783e-19 1.993896e-10 1.993896e-10 fanout159
 1.162678e-19 5.480594e-19 1.993896e-10 1.993896e-10 fanout160
 1.164076e-19 4.821790e-19 1.993896e-10 1.993896e-10 fanout162
 1.165706e-19 5.243393e-19 1.993896e-10 1.993896e-10 fanout164
 1.163540e-19 4.381134e-19 1.993896e-10 1.993896e-10 fanout168
 1.162718e-19 4.498516e-19 1.993896e-10 1.993896e-10 fanout169
 1.163032e-19 5.022269e-19 1.993896e-10 1.993896e-10 fanout170
 1.163931e-19 6.250567e-19 1.993896e-10 1.993896e-10 fanout198
 1.157329e-19 4.605809e-19 1.993896e-10 1.993896e-10 fanout510
 1.159148e-19 4.328317e-19 1.993896e-10 1.993896e-10 fanout524
 2.304068e-20 8.918665e-20 1.993896e-10 1.993896e-10 fanout91
 2.293170e-20 7.795908e-20 1.993896e-10 1.993896e-10 fanout94
 2.403528e-20 2.796851e-19 1.947893e-10 1.947893e-10 _11991_
 2.414918e-20 2.727406e-19 1.947893e-10 1.947893e-10 _12087_
 2.388631e-20 2.971584e-19 1.947893e-10 1.947893e-10 _12103_
 2.367760e-20 2.859732e-19 1.947893e-10 1.947893e-10 _12194_
 7.918167e-20 2.447915e-18 1.947890e-10 1.947890e-10 _20760_
 1.564161e-20 4.165984e-20 1.938816e-10 1.938816e-10 _24762_
 1.544320e-20 2.194626e-20 1.938816e-10 1.938816e-10 _24763_
 1.549798e-20 2.807541e-20 1.938816e-10 1.938816e-10 _24764_
 1.552886e-20 3.525790e-20 1.938816e-10 1.938816e-10 _24765_
 1.552415e-20 3.416267e-20 1.938816e-10 1.938816e-10 _24766_
 1.551104e-20 3.111138e-20 1.938816e-10 1.938816e-10 _24767_
 1.555907e-20 4.228451e-20 1.938816e-10 1.938816e-10 _24768_
 1.551311e-20 3.159402e-20 1.938816e-10 1.938816e-10 _24769_
 6.556109e-20 2.188398e-19 1.938815e-10 1.938815e-10 input10
 1.309192e-19 2.968832e-19 1.938815e-10 1.938815e-10 input4
 6.539628e-20 1.138595e-19 1.938815e-10 1.938815e-10 input6
 4.588662e-19 1.425697e-18 1.938815e-10 1.938815e-10 input8
 6.548762e-20 1.627791e-19 1.938814e-10 1.938814e-10 input1
 1.309218e-19 2.982729e-19 1.938814e-10 1.938814e-10 input5
 3.273293e-20 7.536037e-20 1.938813e-10 1.938813e-10 input9
 4.499714e-21 7.950801e-20 1.895724e-10 1.895724e-10 _11945_
 4.805572e-21 7.075875e-20 1.895724e-10 1.895724e-10 _11951_
 4.852014e-21 7.756201e-20 1.895724e-10 1.895724e-10 _11986_
 4.642872e-21 8.277087e-20 1.895724e-10 1.895724e-10 _12032_
 4.529162e-21 6.449251e-20 1.895724e-10 1.895724e-10 _12037_
 4.829685e-21 7.505658e-20 1.895724e-10 1.895724e-10 _12042_
 4.868796e-21 8.488782e-20 1.895724e-10 1.895724e-10 _12185_
 4.486658e-21 6.508327e-20 1.895724e-10 1.895724e-10 _12216_
 4.898711e-21 8.728045e-20 1.895724e-10 1.895724e-10 _12221_
 4.694920e-21 1.432052e-19 1.895724e-10 1.895724e-10 _12286_
 4.942955e-21 9.484152e-20 1.895724e-10 1.895724e-10 _12290_
 4.775964e-21 1.134699e-19 1.895724e-10 1.895724e-10 _12309_
 4.350859e-21 8.860931e-20 1.895724e-10 1.895724e-10 _13969_
 4.556348e-21 7.687046e-20 1.895724e-10 1.895724e-10 _15007_
 4.597243e-21 4.778585e-20 1.895724e-10 1.895724e-10 _18066_
 4.373421e-21 6.091262e-20 1.895724e-10 1.895724e-10 _18223_
 2.367936e-20 3.020755e-19 1.895724e-10 1.895724e-10 _12132_
 2.307593e-20 3.953151e-19 1.895724e-10 1.895724e-10 _12319_
 2.333438e-20 3.234717e-19 1.895724e-10 1.895724e-10 _12321_
 2.319151e-20 3.348917e-19 1.895724e-10 1.895724e-10 _11939_
 4.147191e-20 5.843213e-19 1.895723e-10 1.895723e-10 _11919_
 4.123514e-20 6.058030e-19 1.895723e-10 1.895723e-10 _11952_
 3.998639e-20 5.561194e-19 1.895723e-10 1.895723e-10 _12004_
 4.321518e-20 6.106417e-19 1.895723e-10 1.895723e-10 _12005_
 4.347742e-20 6.923976e-19 1.895723e-10 1.895723e-10 _12010_
 4.297126e-20 1.183698e-18 1.895723e-10 1.895723e-10 _12315_
 6.247859e-20 1.061141e-18 1.895723e-10 1.895723e-10 _12142_
 4.101034e-20 6.087908e-19 1.895723e-10 1.895723e-10 _12200_
 6.222359e-20 8.484262e-19 1.895723e-10 1.895723e-10 _12236_
 4.312657e-20 6.017833e-19 1.895723e-10 1.895723e-10 _11954_
 4.293090e-20 5.468167e-19 1.895723e-10 1.895723e-10 _12207_
 4.289083e-20 5.668595e-19 1.895723e-10 1.895723e-10 _12213_
 4.255039e-20 5.354495e-19 1.895723e-10 1.895723e-10 _11929_
 6.154380e-20 8.205799e-19 1.895723e-10 1.895723e-10 _11941_
 4.365366e-20 6.798343e-19 1.895723e-10 1.895723e-10 _12256_
 4.325074e-20 6.087490e-19 1.895723e-10 1.895723e-10 _12000_
 2.447450e-20 4.327925e-19 1.895722e-10 1.895722e-10 _11975_
 4.360486e-20 7.080382e-19 1.895722e-10 1.895722e-10 _12018_
 4.163082e-20 5.455168e-19 1.895722e-10 1.895722e-10 _12020_
 4.662466e-20 1.062958e-19 1.872565e-10 1.872565e-10 _24770_
 4.604778e-20 3.600809e-20 1.872565e-10 1.872565e-10 _24771_
 4.657911e-20 9.534084e-20 1.872565e-10 1.872565e-10 _24772_
 4.658339e-20 7.592231e-20 1.872565e-10 1.872565e-10 _24773_
 4.684021e-20 1.606835e-19 1.872565e-10 1.872565e-10 _24774_
 4.660511e-20 1.015930e-19 1.872565e-10 1.872565e-10 _24775_
 4.680907e-20 1.516379e-19 1.872565e-10 1.872565e-10 _24776_
 4.629821e-20 5.886826e-20 1.872565e-10 1.872565e-10 _24777_
 3.276621e-20 9.350839e-20 1.872564e-10 1.872564e-10 input7
 9.810803e-20 1.784061e-19 1.872564e-10 1.872564e-10 input3
 9.782470e-20 1.264307e-19 1.872563e-10 1.872563e-10 input2
 3.130075e-20 1.312974e-19 1.872561e-10 1.872561e-10 fanout1032
 3.135341e-20 1.394799e-19 1.872561e-10 1.872561e-10 fanout1036
 2.021304e-19 4.437368e-19 1.872560e-10 1.872560e-10 wire157
 7.804032e-20 2.273756e-19 1.872558e-10 1.872558e-10 fanout163
 1.424777e-20 2.659985e-19 1.848101e-10 1.848101e-10 _12274_
 1.414136e-20 2.614761e-19 1.848101e-10 1.848101e-10 _12276_
 1.353374e-20 1.928685e-19 1.848101e-10 1.848101e-10 _11913_
 1.455971e-20 2.306580e-19 1.848101e-10 1.848101e-10 _11918_
 3.410792e-20 5.861824e-19 1.848101e-10 1.848101e-10 _12064_
 3.175487e-20 4.394770e-19 1.848101e-10 1.848101e-10 _12065_
 1.386808e-20 2.162243e-19 1.848101e-10 1.848101e-10 _12260_
 1.445405e-20 2.109151e-19 1.848101e-10 1.848101e-10 _12265_
 3.353519e-20 4.791890e-19 1.848100e-10 1.848100e-10 _12101_
 5.274231e-20 7.182711e-19 1.848100e-10 1.848100e-10 _12091_
 5.049531e-20 8.545645e-19 1.848100e-10 1.848100e-10 _12093_
 4.987688e-20 8.204871e-19 1.848100e-10 1.848100e-10 _12098_
 5.131521e-20 8.009218e-19 1.848100e-10 1.848100e-10 _12186_
 4.890604e-20 7.623229e-19 1.848100e-10 1.848100e-10 _12228_
 5.289906e-20 7.932012e-19 1.848100e-10 1.848100e-10 _12232_
 5.330879e-20 8.490607e-19 1.848100e-10 1.848100e-10 _12244_
 5.203264e-20 6.869937e-19 1.848100e-10 1.848100e-10 _12079_
 4.972357e-20 6.113269e-19 1.848100e-10 1.848100e-10 _12248_
 5.307617e-20 8.604248e-19 1.848100e-10 1.848100e-10 _12253_
 5.063379e-20 7.059967e-19 1.848100e-10 1.848100e-10 _12254_
 6.957780e-20 9.996705e-19 1.848100e-10 1.848100e-10 _12109_
 3.366194e-20 5.369452e-19 1.848100e-10 1.848100e-10 _12143_
 3.340559e-20 4.388519e-19 1.848100e-10 1.848100e-10 _12022_
 3.152927e-20 4.051952e-19 1.848100e-10 1.848100e-10 _12124_
 3.334084e-20 4.500720e-19 1.848100e-10 1.848100e-10 _12243_
 1.358013e-20 1.952974e-19 1.848099e-10 1.848099e-10 _11970_
 3.148213e-20 4.485560e-19 1.848099e-10 1.848099e-10 _12070_
 3.096708e-20 4.373151e-19 1.848099e-10 1.848099e-10 _12075_
 1.439791e-20 2.108219e-19 1.848099e-10 1.848099e-10 _12118_
 1.462513e-20 2.418930e-19 1.848099e-10 1.848099e-10 _11996_
 1.437865e-20 2.072966e-19 1.848099e-10 1.848099e-10 _12054_
 1.457467e-20 2.447523e-19 1.848099e-10 1.848099e-10 _12108_
 1.346867e-20 1.824567e-19 1.848099e-10 1.848099e-10 _12147_
 1.463387e-20 2.563417e-19 1.848099e-10 1.848099e-10 _12152_
 1.465171e-20 2.493858e-19 1.848099e-10 1.848099e-10 _12199_
 4.167145e-20 1.164500e-18 1.848097e-10 1.848097e-10 _21942_
 3.965030e-20 7.613463e-19 1.848097e-10 1.848097e-10 _21801_
 4.253306e-20 6.887470e-19 1.848097e-10 1.848097e-10 _22150_
 4.027965e-20 1.109945e-18 1.848097e-10 1.848097e-10 _22124_
 3.418136e-21 3.080557e-20 1.774872e-10 1.774872e-10 _11947_
 3.206840e-21 2.002601e-20 1.774872e-10 1.774872e-10 _11948_
 3.521066e-21 2.487987e-20 1.774872e-10 1.774872e-10 _11949_
 3.482225e-21 2.180532e-20 1.774872e-10 1.774872e-10 _11982_
 3.168056e-21 9.528830e-21 1.774872e-10 1.774872e-10 _11983_
 3.400875e-21 4.177893e-20 1.774872e-10 1.774872e-10 _11984_
 3.582836e-21 4.077207e-20 1.774872e-10 1.774872e-10 _11985_
 3.117692e-21 8.096807e-21 1.774872e-10 1.774872e-10 _12029_
 3.639932e-21 5.714027e-20 1.774872e-10 1.774872e-10 _12031_
 3.547768e-21 2.918224e-20 1.774872e-10 1.774872e-10 _12038_
 3.343821e-21 2.019725e-20 1.774872e-10 1.774872e-10 _12039_
 3.370726e-21 3.765339e-20 1.774872e-10 1.774872e-10 _12040_
 3.586635e-21 3.220910e-20 1.774872e-10 1.774872e-10 _12041_
 3.540583e-21 3.185664e-20 1.774872e-10 1.774872e-10 _12161_
 3.445863e-21 3.792525e-20 1.774872e-10 1.774872e-10 _12170_
 3.553960e-21 5.048264e-20 1.774872e-10 1.774872e-10 _12171_
 3.586856e-21 3.247301e-20 1.774872e-10 1.774872e-10 _12172_
 3.592908e-21 3.667776e-20 1.774872e-10 1.774872e-10 _12180_
 3.493684e-21 4.461150e-20 1.774872e-10 1.774872e-10 _12182_
 3.368482e-21 4.407061e-20 1.774872e-10 1.774872e-10 _12217_
 3.313324e-21 2.237424e-20 1.774872e-10 1.774872e-10 _12218_
 3.566371e-21 3.421053e-20 1.774872e-10 1.774872e-10 _12219_
 3.322972e-21 2.885686e-20 1.774872e-10 1.774872e-10 _12220_
 3.554173e-21 3.531611e-20 1.774872e-10 1.774872e-10 _12281_
 3.351312e-21 3.464208e-20 1.774872e-10 1.774872e-10 _12287_
 3.577065e-21 7.247602e-20 1.774872e-10 1.774872e-10 _12289_
 3.669523e-21 7.162412e-20 1.774872e-10 1.774872e-10 _12291_
 3.578601e-21 4.149978e-20 1.774872e-10 1.774872e-10 _12292_
 3.218536e-21 2.482907e-20 1.774872e-10 1.774872e-10 _12293_
 3.283698e-21 1.820267e-20 1.774872e-10 1.774872e-10 _12294_
 3.480919e-21 2.085982e-20 1.774872e-10 1.774872e-10 _12296_
 3.544006e-21 3.453313e-20 1.774872e-10 1.774872e-10 _12297_
 3.539630e-21 2.543623e-20 1.774872e-10 1.774872e-10 _12298_
 3.478408e-21 2.384032e-20 1.774872e-10 1.774872e-10 _12299_
 3.600296e-21 3.901420e-20 1.774872e-10 1.774872e-10 _12300_
 3.527324e-21 5.563278e-20 1.774872e-10 1.774872e-10 _12301_
 3.611574e-21 4.976024e-20 1.774872e-10 1.774872e-10 _12302_
 3.382618e-21 3.889662e-20 1.774872e-10 1.774872e-10 _12303_
 3.656043e-21 5.420456e-20 1.774872e-10 1.774872e-10 _12304_
 3.311977e-21 2.620400e-20 1.774872e-10 1.774872e-10 _12305_
 3.383526e-21 2.034012e-20 1.774872e-10 1.774872e-10 _12306_
 3.433657e-21 3.298441e-20 1.774872e-10 1.774872e-10 _12307_
 3.404653e-21 2.987410e-20 1.774872e-10 1.774872e-10 _12310_
 3.429904e-21 2.575997e-20 1.774872e-10 1.774872e-10 _12423_
 3.190981e-21 1.562037e-20 1.774872e-10 1.774872e-10 _12619_
 3.167778e-21 1.070250e-20 1.774872e-10 1.774872e-10 _12652_
 3.175696e-21 1.329690e-20 1.774872e-10 1.774872e-10 _12723_
 3.136411e-21 1.018797e-20 1.774872e-10 1.774872e-10 _12793_
 3.192700e-21 1.543473e-20 1.774872e-10 1.774872e-10 _12829_
 3.295321e-21 1.209991e-20 1.774872e-10 1.774872e-10 _12831_
 3.264828e-21 1.210183e-20 1.774872e-10 1.774872e-10 _12939_
 3.111256e-21 7.224049e-21 1.774872e-10 1.774872e-10 _13059_
 3.195272e-21 1.818122e-20 1.774872e-10 1.774872e-10 _13130_
 3.222957e-21 1.919487e-20 1.774872e-10 1.774872e-10 _13201_
 3.132262e-21 9.769324e-21 1.774872e-10 1.774872e-10 _13273_
 3.104958e-21 9.250626e-21 1.774872e-10 1.774872e-10 _13317_
 3.411521e-21 2.527210e-20 1.774872e-10 1.774872e-10 _13319_
 3.206365e-21 1.357743e-20 1.774872e-10 1.774872e-10 _13351_
 3.175264e-21 1.323080e-20 1.774872e-10 1.774872e-10 _13391_
 3.334962e-21 1.948393e-20 1.774872e-10 1.774872e-10 _13393_
 3.212687e-21 1.636513e-20 1.774872e-10 1.774872e-10 _13497_
 3.297883e-21 2.625359e-20 1.774872e-10 1.774872e-10 _13523_
 3.204258e-21 1.562270e-20 1.774872e-10 1.774872e-10 _13575_
 3.217506e-21 1.640283e-20 1.774872e-10 1.774872e-10 _13614_
 3.129628e-21 8.321801e-21 1.774872e-10 1.774872e-10 _13648_
 3.169164e-21 1.343656e-20 1.774872e-10 1.774872e-10 _13688_
 3.114122e-21 7.991501e-21 1.774872e-10 1.774872e-10 _13721_
 3.204098e-21 1.703510e-20 1.774872e-10 1.774872e-10 _13794_
 3.197530e-21 1.493285e-20 1.774872e-10 1.774872e-10 _13831_
 3.118806e-21 7.817614e-21 1.774872e-10 1.774872e-10 _13865_
 3.093731e-21 7.176621e-21 1.774872e-10 1.774872e-10 _13903_
 3.225273e-21 1.814089e-20 1.774872e-10 1.774872e-10 _13937_
 3.218961e-21 1.693815e-20 1.774872e-10 1.774872e-10 _13978_
 3.149512e-21 8.805643e-21 1.774872e-10 1.774872e-10 _14012_
 3.135093e-21 1.265977e-20 1.774872e-10 1.774872e-10 _14050_
 3.267924e-21 1.251628e-20 1.774872e-10 1.774872e-10 _14052_
 3.076124e-21 6.999953e-21 1.774872e-10 1.774872e-10 _14124_
 3.179969e-21 1.069797e-20 1.774872e-10 1.774872e-10 _14158_
 3.432356e-21 4.604146e-20 1.774872e-10 1.774872e-10 _14198_
 3.156092e-21 1.189979e-20 1.774872e-10 1.774872e-10 _14234_
 3.161896e-21 1.515420e-20 1.774872e-10 1.774872e-10 _14247_
 3.446766e-21 2.952410e-20 1.774872e-10 1.774872e-10 _14274_
 3.094728e-21 7.657834e-21 1.774872e-10 1.774872e-10 _14310_
 3.319538e-21 1.667524e-20 1.774872e-10 1.774872e-10 _14346_
 3.199612e-21 1.180276e-20 1.774872e-10 1.774872e-10 _14381_
 3.217435e-21 1.576135e-20 1.774872e-10 1.774872e-10 _14454_
 3.136189e-21 9.356995e-21 1.774872e-10 1.774872e-10 _14492_
 3.137241e-21 1.281490e-20 1.774872e-10 1.774872e-10 _14564_
 3.284809e-21 1.876844e-20 1.774872e-10 1.774872e-10 _14566_
 3.292909e-21 1.710200e-20 1.774872e-10 1.774872e-10 _14712_
 3.405537e-21 3.385809e-20 1.774872e-10 1.774872e-10 _14770_
 3.115459e-21 8.306364e-21 1.774872e-10 1.774872e-10 _14819_
 3.183208e-21 1.419102e-20 1.774872e-10 1.774872e-10 _14853_
 3.177385e-21 1.105330e-20 1.774872e-10 1.774872e-10 _14885_
 3.227041e-21 1.742493e-20 1.774872e-10 1.774872e-10 _14924_
 3.220168e-21 1.314923e-20 1.774872e-10 1.774872e-10 _14957_
 3.076744e-21 9.035329e-21 1.774872e-10 1.774872e-10 _15072_
 3.146542e-21 1.124790e-20 1.774872e-10 1.774872e-10 _15077_
 3.448757e-21 3.268691e-20 1.774872e-10 1.774872e-10 _16170_
 3.411963e-21 1.609982e-20 1.774872e-10 1.774872e-10 _17383_
 1.704602e-20 1.838139e-19 1.774872e-10 1.774872e-10 _11934_
 1.675733e-20 1.217281e-19 1.774872e-10 1.774872e-10 _11935_
 1.741920e-20 1.044561e-19 1.774872e-10 1.774872e-10 _11936_
 1.782679e-20 1.577124e-19 1.774872e-10 1.774872e-10 _11938_
 1.738878e-20 1.130135e-19 1.774872e-10 1.774872e-10 _11998_
 1.692248e-20 1.969257e-19 1.774872e-10 1.774872e-10 _12043_
 1.702923e-20 1.950295e-19 1.774872e-10 1.774872e-10 _12266_
 1.793112e-20 1.707873e-19 1.774872e-10 1.774872e-10 _12295_
 1.689009e-20 6.364005e-20 1.774872e-10 1.774872e-10 _15808_
 2.950909e-20 7.004235e-20 1.774872e-10 1.774872e-10 _15814_
 4.274613e-20 2.602507e-19 1.774872e-10 1.774872e-10 _17372_
 2.789555e-20 7.191616e-20 1.774872e-10 1.774872e-10 _18478_
 1.764561e-20 1.238584e-19 1.774872e-10 1.774872e-10 _19609_
 1.545359e-20 3.872493e-20 1.774872e-10 1.774872e-10 _21849_
 3.054986e-20 9.682141e-20 1.774872e-10 1.774872e-10 _11910_
 4.618250e-20 3.744189e-19 1.774872e-10 1.774872e-10 _11932_
 3.079085e-20 1.050139e-19 1.774872e-10 1.774872e-10 _11957_
 2.944611e-20 1.511316e-19 1.774872e-10 1.774872e-10 _12006_
 1.662451e-20 1.045143e-19 1.774872e-10 1.774872e-10 _12011_
 4.560795e-20 2.781453e-19 1.774872e-10 1.774872e-10 _12044_
 4.579020e-20 2.937481e-19 1.774872e-10 1.774872e-10 _12047_
 1.657486e-20 9.471261e-20 1.774872e-10 1.774872e-10 _12067_
 4.257075e-20 1.989329e-19 1.774872e-10 1.774872e-10 _12100_
 3.039234e-20 2.167550e-19 1.774872e-10 1.774872e-10 _12155_
 3.041651e-20 3.476263e-19 1.774872e-10 1.774872e-10 _12175_
 2.986120e-20 6.216697e-20 1.774872e-10 1.774872e-10 _12190_
 3.071728e-20 3.734619e-19 1.774872e-10 1.774872e-10 _12211_
 2.867113e-20 8.302235e-20 1.774872e-10 1.774872e-10 _12245_
 4.342668e-20 1.024497e-19 1.774872e-10 1.774872e-10 _12259_
 2.832772e-20 1.348309e-19 1.774872e-10 1.774872e-10 _14394_
 4.068646e-20 1.172446e-19 1.774872e-10 1.774872e-10 _15478_
 7.139999e-20 4.851819e-19 1.774872e-10 1.774872e-10 _15640_
 7.123923e-20 4.593936e-19 1.774872e-10 1.774872e-10 _15967_
 2.882604e-20 1.896930e-19 1.774872e-10 1.774872e-10 _16472_
 4.078839e-20 1.741626e-19 1.774872e-10 1.774872e-10 _17210_
 2.979524e-20 2.529266e-19 1.774872e-10 1.774872e-10 _17690_
 5.641439e-20 1.532075e-19 1.774872e-10 1.774872e-10 _19874_
 4.218014e-20 2.455997e-19 1.774872e-10 1.774872e-10 _20362_
 4.338827e-20 1.005122e-19 1.774872e-10 1.774872e-10 _20405_
 2.796371e-20 1.367601e-19 1.774872e-10 1.774872e-10 _20952_
 2.998650e-20 8.481083e-20 1.774872e-10 1.774872e-10 _11908_
 2.977917e-20 6.499148e-20 1.774872e-10 1.774872e-10 _11911_
 3.188672e-20 2.167377e-19 1.774872e-10 1.774872e-10 _11942_
 4.622776e-20 4.640019e-19 1.774872e-10 1.774872e-10 _11955_
 1.762397e-20 1.291036e-19 1.774872e-10 1.774872e-10 _11956_
 4.364155e-20 3.153954e-19 1.774872e-10 1.774872e-10 _11978_
 3.040305e-20 2.454657e-19 1.774872e-10 1.774872e-10 _11988_
 2.965009e-20 6.198291e-20 1.774872e-10 1.774872e-10 _12025_
 4.596236e-20 3.716841e-19 1.774872e-10 1.774872e-10 _12134_
 5.756122e-20 1.930517e-19 1.774872e-10 1.774872e-10 _12168_
 3.109218e-20 1.625496e-19 1.774872e-10 1.774872e-10 _12178_
 1.704846e-20 1.972521e-19 1.774872e-10 1.774872e-10 _12189_
 3.111665e-20 1.440131e-19 1.774872e-10 1.774872e-10 _12191_
 4.613618e-20 3.950864e-19 1.774872e-10 1.774872e-10 _12255_
 2.825438e-20 1.236877e-19 1.774872e-10 1.774872e-10 _12317_
 3.062546e-20 2.022488e-19 1.774872e-10 1.774872e-10 _12955_
 4.336583e-20 3.083930e-19 1.774872e-10 1.774872e-10 _13257_
 3.043290e-20 2.053221e-19 1.774872e-10 1.774872e-10 _13409_
 4.437444e-20 2.998238e-19 1.774872e-10 1.774872e-10 _14509_
 4.256395e-20 2.017664e-19 1.774872e-10 1.774872e-10 _18910_
 5.441345e-20 3.112445e-19 1.774872e-10 1.774872e-10 _18947_
 4.438707e-20 1.198236e-19 1.774872e-10 1.774872e-10 _20246_
 4.100907e-20 1.843375e-19 1.774872e-10 1.774872e-10 _20850_
 2.783875e-20 9.149750e-20 1.774872e-10 1.774872e-10 _22803_
 1.048189e-19 4.105839e-19 1.774871e-10 1.774871e-10 _11903_
 3.004063e-20 6.619806e-20 1.774871e-10 1.774871e-10 _11904_
 3.171682e-20 2.489412e-19 1.774871e-10 1.774871e-10 _11922_
 4.425913e-20 3.547610e-19 1.774871e-10 1.774871e-10 _11930_
 3.010306e-20 7.912034e-20 1.774871e-10 1.774871e-10 _11943_
 3.006298e-20 7.442219e-20 1.774871e-10 1.774871e-10 _12023_
 3.135505e-20 1.880884e-19 1.774871e-10 1.774871e-10 _12024_
 3.159832e-20 2.328384e-19 1.774871e-10 1.774871e-10 _12026_
 3.073879e-20 4.091860e-19 1.774871e-10 1.774871e-10 _12077_
 4.582070e-20 3.012250e-19 1.774871e-10 1.774871e-10 _12081_
 2.977229e-20 1.543808e-19 1.774871e-10 1.774871e-10 _12110_
 4.549822e-20 2.801307e-19 1.774871e-10 1.774871e-10 _12112_
 3.169307e-20 2.321506e-19 1.774871e-10 1.774871e-10 _12123_
 4.615626e-20 4.017393e-19 1.774871e-10 1.774871e-10 _12145_
 2.961233e-20 1.852107e-19 1.774871e-10 1.774871e-10 _12176_
 4.529672e-20 2.744245e-19 1.774871e-10 1.774871e-10 _12187_
 3.187168e-20 2.498952e-19 1.774871e-10 1.774871e-10 _12205_
 2.859968e-20 9.051876e-20 1.774871e-10 1.774871e-10 _12212_
 3.060761e-20 1.977930e-19 1.774871e-10 1.774871e-10 _12314_
 9.493977e-20 1.029024e-18 1.774871e-10 1.774871e-10 _12324_
 4.310163e-20 2.198101e-19 1.774871e-10 1.774871e-10 _12636_
 2.847795e-20 1.190956e-19 1.774871e-10 1.774871e-10 _13071_
 3.082914e-20 2.114537e-19 1.774871e-10 1.774871e-10 _13849_
 1.554098e-20 3.585891e-20 1.774871e-10 1.774871e-10 _14525_
 4.419323e-20 4.125212e-19 1.774871e-10 1.774871e-10 _14582_
 3.100872e-20 2.189215e-19 1.774871e-10 1.774871e-10 _14941_
 5.406692e-20 2.163941e-19 1.774871e-10 1.774871e-10 _17969_
 4.485112e-20 3.788328e-19 1.774871e-10 1.774871e-10 _20035_
 4.327938e-20 3.519148e-19 1.774871e-10 1.774871e-10 _20043_
 2.758474e-20 7.947341e-20 1.774871e-10 1.774871e-10 _21004_
 4.162834e-20 3.599923e-19 1.774871e-10 1.774871e-10 _21180_
 3.102168e-20 2.314802e-19 1.774871e-10 1.774871e-10 _12016_
 3.036654e-20 3.574745e-19 1.774871e-10 1.774871e-10 _12017_
 3.118817e-20 4.357815e-19 1.774871e-10 1.774871e-10 _12019_
 2.863583e-20 9.932489e-20 1.774871e-10 1.774871e-10 _12034_
 3.065469e-20 2.442151e-19 1.774871e-10 1.774871e-10 _12045_
 2.985369e-20 1.736986e-19 1.774871e-10 1.774871e-10 _12188_
 3.014844e-20 4.678904e-19 1.774871e-10 1.774871e-10 _22424_
 6.193915e-21 8.812790e-21 1.774871e-10 1.774871e-10 _12502_
 6.172710e-21 8.751102e-21 1.774871e-10 1.774871e-10 _22059_
 1.006683e-20 2.093200e-20 1.774870e-10 1.774870e-10 _13139_
 2.312205e-20 8.119025e-20 1.774870e-10 1.774870e-10 _18527_
 2.242295e-20 6.727505e-20 1.774870e-10 1.774870e-10 _19749_
 1.893885e-20 5.192861e-20 1.774870e-10 1.774870e-10 _22276_
 3.678338e-20 2.731992e-19 1.774870e-10 1.774870e-10 _12710_
 5.157623e-20 3.439254e-19 1.774870e-10 1.774870e-10 _12775_
 2.156955e-20 6.777831e-20 1.774870e-10 1.774870e-10 _12804_
 3.729295e-20 2.253575e-19 1.774870e-10 1.774870e-10 _14654_
 3.656039e-20 3.544837e-19 1.774870e-10 1.774870e-10 _17588_
 2.362451e-20 1.492900e-19 1.774870e-10 1.774870e-10 _19128_
 3.088556e-20 4.413331e-20 1.774870e-10 1.774870e-10 _21456_
 3.116087e-20 6.625378e-20 1.774870e-10 1.774870e-10 _22135_
 3.378087e-20 8.219657e-20 1.774870e-10 1.774870e-10 _22614_
 3.073480e-20 5.440179e-20 1.774870e-10 1.774870e-10 _22736_
 1.822284e-20 2.508619e-20 1.774870e-10 1.774870e-10 _22743_
 1.882428e-20 3.626820e-20 1.774870e-10 1.774870e-10 _22823_
 9.152950e-21 2.541870e-20 1.774870e-10 1.774870e-10 _22879_
 1.887719e-20 2.989062e-20 1.774870e-10 1.774870e-10 _23208_
 1.856867e-20 2.674694e-20 1.774870e-10 1.774870e-10 _23464_
 2.404637e-20 1.634884e-19 1.774870e-10 1.774870e-10 _13333_
 5.051047e-20 3.724343e-19 1.774870e-10 1.774870e-10 _13480_
 2.339850e-20 1.173109e-19 1.774870e-10 1.774870e-10 _14362_
 8.125826e-20 6.217010e-19 1.774870e-10 1.774870e-10 _15979_
 5.984503e-20 1.713844e-19 1.774870e-10 1.774870e-10 _16316_
 3.713018e-20 2.432096e-19 1.774870e-10 1.774870e-10 _19112_
 2.300502e-20 2.345033e-19 1.774870e-10 1.774870e-10 _21387_
 3.157005e-20 7.107189e-20 1.774870e-10 1.774870e-10 _21917_
 3.084340e-20 5.123728e-20 1.774870e-10 1.774870e-10 _21951_
 1.886838e-20 4.741382e-20 1.774870e-10 1.774870e-10 _22617_
 4.274118e-20 7.049588e-20 1.774870e-10 1.774870e-10 _22900_
 4.276035e-20 6.090088e-20 1.774870e-10 1.774870e-10 _23017_
 3.057536e-20 5.361202e-20 1.774870e-10 1.774870e-10 _23148_
 3.094679e-20 4.505639e-20 1.774870e-10 1.774870e-10 _23600_
 3.682028e-20 1.819636e-19 1.774870e-10 1.774870e-10 _12705_
 4.603881e-20 1.220020e-19 1.774870e-10 1.774870e-10 _13045_
 3.755143e-20 2.404447e-19 1.774870e-10 1.774870e-10 _14293_
 3.420237e-20 9.977325e-20 1.774870e-10 1.774870e-10 _14367_
 3.726306e-20 3.187502e-19 1.774870e-10 1.774870e-10 _14732_
 3.653711e-20 2.295130e-19 1.774870e-10 1.774870e-10 _16440_
 4.848910e-20 1.769517e-19 1.774870e-10 1.774870e-10 _17392_
 3.822648e-20 3.145400e-19 1.774870e-10 1.774870e-10 _18180_
 3.762361e-20 2.534052e-19 1.774870e-10 1.774870e-10 _18959_
 3.097745e-20 5.338998e-20 1.774870e-10 1.774870e-10 _22183_
 3.147345e-20 6.996262e-20 1.774870e-10 1.774870e-10 _22522_
 1.899463e-20 3.706276e-20 1.774870e-10 1.774870e-10 _22990_
 3.052297e-20 4.996842e-20 1.774870e-10 1.774870e-10 _23362_
 3.062922e-20 4.309102e-20 1.774870e-10 1.774870e-10 _23592_
 4.363449e-20 6.473169e-20 1.774870e-10 1.774870e-10 _23676_
 3.407668e-20 9.504360e-20 1.774870e-10 1.774870e-10 _14659_
 1.020600e-20 8.573375e-20 1.774870e-10 1.774870e-10 _15527_
 3.821487e-20 2.326570e-19 1.774870e-10 1.774870e-10 _15965_
 3.849802e-20 3.801924e-19 1.774870e-10 1.774870e-10 _16737_
 2.326561e-20 1.801281e-19 1.774870e-10 1.774870e-10 _17245_
 3.710418e-20 2.118846e-19 1.774870e-10 1.774870e-10 _18022_
 5.366435e-20 4.383327e-19 1.774870e-10 1.774870e-10 _19572_
 3.625759e-20 1.047535e-19 1.774870e-10 1.774870e-10 _20369_
 3.145195e-20 8.252804e-20 1.774870e-10 1.774870e-10 _22326_
 3.114477e-20 5.630087e-20 1.774870e-10 1.774870e-10 _23403_
 3.102793e-20 7.970387e-20 1.774870e-10 1.774870e-10 _23412_
 3.094277e-20 6.322812e-20 1.774870e-10 1.774870e-10 _23561_
 2.292170e-20 9.978227e-20 1.774870e-10 1.774870e-10 _18845_
 1.840812e-20 3.773223e-20 1.774870e-10 1.774870e-10 _21625_
 1.889138e-20 3.970770e-20 1.774870e-10 1.774870e-10 _22353_
 1.832359e-20 2.833838e-20 1.774870e-10 1.774870e-10 _23424_
 1.019458e-20 7.958437e-20 1.774870e-10 1.774870e-10 _15372_
 1.033967e-20 1.357560e-19 1.751061e-10 1.751061e-10 _12272_
 1.025427e-20 1.202703e-19 1.751061e-10 1.751061e-10 _12273_
 1.047493e-20 1.405218e-19 1.751061e-10 1.751061e-10 _12277_
 9.891139e-21 8.508841e-20 1.751061e-10 1.751061e-10 _12280_
 2.448123e-20 1.722891e-19 1.751061e-10 1.751061e-10 _11977_
 2.373205e-20 1.816555e-19 1.751061e-10 1.751061e-10 _11999_
 2.456401e-20 1.675013e-19 1.751061e-10 1.751061e-10 _12001_
 1.023822e-20 7.616378e-20 1.751061e-10 1.751061e-10 _14870_
 2.331996e-20 2.330796e-19 1.751061e-10 1.751061e-10 _19566_
 1.061444e-20 7.936477e-20 1.751060e-10 1.751060e-10 _11914_
 9.834032e-21 5.266186e-20 1.751060e-10 1.751060e-10 _11915_
 1.019722e-20 1.264266e-19 1.751060e-10 1.751060e-10 _11916_
 1.068296e-20 1.249558e-19 1.751060e-10 1.751060e-10 _11917_
 3.608578e-20 1.902689e-19 1.751060e-10 1.751060e-10 _11920_
 3.859949e-20 2.701306e-19 1.751060e-10 1.751060e-10 _12036_
 2.451356e-20 1.372947e-19 1.751060e-10 1.751060e-10 _12060_
 2.304371e-20 1.118405e-19 1.751060e-10 1.751060e-10 _12061_
 3.905748e-20 3.082564e-19 1.751060e-10 1.751060e-10 _12131_
 2.503671e-20 2.685313e-19 1.751060e-10 1.751060e-10 _12144_
 2.523580e-20 2.751039e-19 1.751060e-10 1.751060e-10 _12202_
 2.504240e-20 2.327700e-19 1.751060e-10 1.751060e-10 _12247_
 1.062520e-20 1.121697e-19 1.751060e-10 1.751060e-10 _12261_
 9.610792e-21 4.191573e-20 1.751060e-10 1.751060e-10 _12262_
 1.029660e-20 1.431878e-19 1.751060e-10 1.751060e-10 _12263_
 1.065694e-20 8.913934e-20 1.751060e-10 1.751060e-10 _12264_
 3.699564e-20 1.283522e-19 1.751060e-10 1.751060e-10 _19880_
 3.937267e-20 3.589837e-19 1.751060e-10 1.751060e-10 _11944_
 2.466544e-20 1.690530e-19 1.751060e-10 1.751060e-10 _11980_
 2.481342e-20 2.038821e-19 1.751060e-10 1.751060e-10 _12089_
 5.065282e-20 4.279482e-19 1.751060e-10 1.751060e-10 _12090_
 5.084347e-20 1.491811e-19 1.751060e-10 1.751060e-10 _12135_
 2.438979e-20 1.451813e-19 1.751060e-10 1.751060e-10 _12167_
 5.090767e-20 6.052511e-19 1.751060e-10 1.751060e-10 _12177_
 3.771089e-20 1.406831e-19 1.751060e-10 1.751060e-10 _12214_
 3.930629e-20 3.920715e-19 1.751060e-10 1.751060e-10 _12215_
 2.408432e-20 3.104687e-19 1.751060e-10 1.751060e-10 _12222_
 5.238027e-20 3.220592e-19 1.751060e-10 1.751060e-10 _12226_
 3.664511e-20 2.022751e-19 1.751060e-10 1.751060e-10 _12229_
 3.973327e-20 4.480287e-19 1.751060e-10 1.751060e-10 _12234_
 1.045990e-20 1.066734e-19 1.751060e-10 1.751060e-10 _12235_
 3.785409e-20 1.835039e-19 1.751060e-10 1.751060e-10 _12237_
 3.916656e-20 2.922962e-19 1.751060e-10 1.751060e-10 _12258_
 9.571123e-21 4.398484e-20 1.751060e-10 1.751060e-10 _12312_
 3.754667e-20 2.410998e-19 1.751060e-10 1.751060e-10 _12848_
 5.239103e-20 5.334907e-19 1.751060e-10 1.751060e-10 _13632_
 2.341631e-20 1.385853e-19 1.751060e-10 1.751060e-10 _13922_
 3.743355e-20 2.520004e-19 1.751060e-10 1.751060e-10 _14142_
 3.725968e-20 2.631644e-19 1.751060e-10 1.751060e-10 _14686_
 3.437350e-20 9.695462e-20 1.751060e-10 1.751060e-10 _16154_
 6.383885e-20 3.751960e-19 1.751060e-10 1.751060e-10 _18014_
 3.746672e-20 1.201239e-19 1.751060e-10 1.751060e-10 _11907_
 2.397818e-20 1.917322e-19 1.751060e-10 1.751060e-10 _11961_
 4.913494e-20 2.431468e-19 1.751060e-10 1.751060e-10 _12056_
 3.939429e-20 4.138165e-19 1.751060e-10 1.751060e-10 _12066_
 5.178589e-20 2.966609e-19 1.751060e-10 1.751060e-10 _12069_
 3.861805e-20 2.857001e-19 1.751060e-10 1.751060e-10 _12094_
 3.786931e-20 4.028347e-19 1.751060e-10 1.751060e-10 _12095_
 5.009471e-20 1.208472e-19 1.751060e-10 1.751060e-10 _12146_
 2.420795e-20 1.100632e-19 1.751060e-10 1.751060e-10 _12154_
 6.570939e-20 3.219834e-19 1.751060e-10 1.751060e-10 _12157_
 5.266930e-20 3.512497e-19 1.751060e-10 1.751060e-10 _12193_
 3.722555e-20 2.638335e-19 1.751060e-10 1.751060e-10 _12201_
 2.438829e-20 1.338918e-19 1.751060e-10 1.751060e-10 _12203_
 3.653802e-20 2.000935e-19 1.751060e-10 1.751060e-10 _12267_
 2.351040e-20 1.738421e-19 1.751060e-10 1.751060e-10 _12313_
 3.739465e-20 2.543542e-19 1.751060e-10 1.751060e-10 _14067_
 8.830784e-20 6.292830e-19 1.751060e-10 1.751060e-10 _17857_
 3.784018e-20 1.064712e-19 1.751060e-10 1.751060e-10 _19912_
 3.706084e-20 1.129962e-19 1.751060e-10 1.751060e-10 _11905_
 3.726358e-20 4.161537e-19 1.751060e-10 1.751060e-10 _11953_
 2.323482e-20 1.416724e-19 1.751060e-10 1.751060e-10 _11966_
 3.650902e-20 9.748812e-20 1.751060e-10 1.751060e-10 _12002_
 3.845109e-20 4.059612e-19 1.751060e-10 1.751060e-10 _12078_
 3.678305e-20 2.490818e-19 1.751060e-10 1.751060e-10 _12121_
 2.200699e-20 6.872366e-20 1.751060e-10 1.751060e-10 _12126_
 2.438211e-20 1.276226e-19 1.751060e-10 1.751060e-10 _12127_
 3.738264e-20 1.116535e-19 1.751060e-10 1.751060e-10 _12192_
 2.386534e-20 3.377220e-19 1.751060e-10 1.751060e-10 _12239_
 2.404509e-20 1.072994e-19 1.751060e-10 1.751060e-10 _12241_
 2.500561e-20 2.418780e-19 1.751060e-10 1.751060e-10 _12242_
 3.934421e-20 3.794326e-19 1.751060e-10 1.751060e-10 _12251_
 2.495947e-20 2.376674e-19 1.751060e-10 1.751060e-10 _12257_
 2.304315e-20 1.091857e-19 1.751060e-10 1.751060e-10 _13705_
 2.384412e-20 1.465733e-19 1.751060e-10 1.751060e-10 _13996_
 2.411401e-20 1.881091e-19 1.751060e-10 1.751060e-10 _14439_
 6.088816e-20 2.976065e-19 1.751060e-10 1.751060e-10 _19134_
 5.180555e-20 3.958355e-19 1.751060e-10 1.751060e-10 _19726_
 3.747720e-20 1.204297e-19 1.751060e-10 1.751060e-10 _11906_
 2.371158e-20 7.353532e-20 1.751060e-10 1.751060e-10 _11909_
 3.730695e-20 1.126147e-19 1.751060e-10 1.751060e-10 _11912_
 1.061735e-20 7.582356e-20 1.751060e-10 1.751060e-10 _11924_
 9.916744e-21 5.366781e-20 1.751060e-10 1.751060e-10 _11925_
 1.011266e-20 1.130590e-19 1.751060e-10 1.751060e-10 _11926_
 1.075161e-20 1.366615e-19 1.751060e-10 1.751060e-10 _11927_
 3.709678e-20 1.036731e-19 1.751060e-10 1.751060e-10 _11969_
 1.068906e-20 8.203008e-20 1.751060e-10 1.751060e-10 _11971_
 9.941622e-21 5.651224e-20 1.751060e-10 1.751060e-10 _11972_
 1.093006e-20 1.373771e-19 1.751060e-10 1.751060e-10 _11973_
 1.026789e-20 1.305218e-19 1.751060e-10 1.751060e-10 _11974_
 2.482329e-20 2.013952e-19 1.751060e-10 1.751060e-10 _12071_
 2.350878e-20 1.453568e-19 1.751060e-10 1.751060e-10 _12072_
 2.387734e-20 3.263382e-19 1.751060e-10 1.751060e-10 _12073_
 2.462012e-20 2.317763e-19 1.751060e-10 1.751060e-10 _12074_
 2.428796e-20 1.296310e-19 1.751060e-10 1.751060e-10 _12076_
 9.822567e-21 8.422030e-20 1.751060e-10 1.751060e-10 _12114_
 1.000377e-20 5.818257e-20 1.751060e-10 1.751060e-10 _12115_
 1.017294e-20 1.371127e-19 1.751060e-10 1.751060e-10 _12116_
 1.072234e-20 1.237187e-19 1.751060e-10 1.751060e-10 _12117_
 1.040372e-20 6.227858e-20 1.751060e-10 1.751060e-10 _12120_
 2.383455e-20 2.943667e-19 1.751060e-10 1.751060e-10 _12153_
 2.370480e-20 1.801295e-19 1.751060e-10 1.751060e-10 _12224_
 9.890954e-21 6.156303e-20 1.751060e-10 1.751060e-10 _11993_
 1.064343e-20 7.452901e-20 1.751060e-10 1.751060e-10 _12049_
 1.034159e-20 5.691943e-20 1.751060e-10 1.751060e-10 _12050_
 9.323563e-21 2.329703e-20 1.751060e-10 1.751060e-10 _12051_
 1.076928e-20 1.078564e-19 1.751060e-10 1.751060e-10 _12052_
 1.076043e-20 1.269752e-19 1.751060e-10 1.751060e-10 _12053_
 1.032226e-20 4.678049e-20 1.751060e-10 1.751060e-10 _12080_
 9.510129e-21 2.944110e-20 1.751060e-10 1.751060e-10 _12084_
 1.008156e-20 1.105166e-19 1.751060e-10 1.751060e-10 _12085_
 1.015124e-20 1.191121e-19 1.751060e-10 1.751060e-10 _12086_
 1.057712e-20 8.330329e-20 1.751060e-10 1.751060e-10 _12104_
 9.771737e-21 4.612893e-20 1.751060e-10 1.751060e-10 _12105_
 2.518780e-20 2.578175e-19 1.751060e-10 1.751060e-10 _12133_
 9.804394e-21 5.545757e-20 1.751060e-10 1.751060e-10 _12138_
 1.047679e-20 6.468075e-20 1.751060e-10 1.751060e-10 _12139_
 1.067339e-20 7.920008e-20 1.751060e-10 1.751060e-10 _12148_
 9.821240e-21 4.902382e-20 1.751060e-10 1.751060e-10 _12149_
 1.081451e-20 1.355475e-19 1.751060e-10 1.751060e-10 _12150_
 1.073455e-20 1.230860e-19 1.751060e-10 1.751060e-10 _12151_
 1.070854e-20 8.659792e-20 1.751060e-10 1.751060e-10 _12195_
 1.019360e-20 1.109897e-19 1.751060e-10 1.751060e-10 _12196_
 3.063136e-20 2.111577e-19 1.751059e-10 1.751059e-10 _13338_
 1.706012e-20 1.505897e-19 1.751059e-10 1.751059e-10 _22446_
 2.876484e-20 2.556269e-19 1.751059e-10 1.751059e-10 _22264_
 2.810742e-20 1.422220e-19 1.751059e-10 1.751059e-10 _12806_
 4.426111e-20 3.046230e-19 1.751059e-10 1.751059e-10 _13563_
 4.539486e-20 3.317331e-19 1.751059e-10 1.751059e-10 _14724_
 4.278795e-20 1.599899e-19 1.751059e-10 1.751059e-10 _19580_
 3.091683e-20 2.781390e-19 1.751059e-10 1.751059e-10 _20672_
 2.891582e-20 9.451788e-20 1.751059e-10 1.751059e-10 _21447_
 3.085163e-20 3.572627e-19 1.751059e-10 1.751059e-10 _21997_
 2.451426e-20 4.079997e-20 1.751059e-10 1.751059e-10 _23238_
 1.132704e-19 1.859049e-18 1.751059e-10 1.751059e-10 _12406_
 4.331758e-20 2.343415e-19 1.751059e-10 1.751059e-10 _13558_
 4.110051e-20 1.866171e-19 1.751059e-10 1.751059e-10 _13780_
 3.206090e-20 2.931482e-19 1.751059e-10 1.751059e-10 _14289_
 3.026766e-20 1.984414e-19 1.751059e-10 1.751059e-10 _14298_
 3.005982e-20 1.813242e-19 1.751059e-10 1.751059e-10 _14727_
 3.033316e-20 1.790156e-19 1.751059e-10 1.751059e-10 _14801_
 3.117374e-20 2.085005e-19 1.751059e-10 1.751059e-10 _18488_
 3.126496e-20 2.270606e-19 1.751059e-10 1.751059e-10 _19415_
 4.195659e-20 2.025335e-19 1.751059e-10 1.751059e-10 _19419_
 1.237082e-20 3.403435e-20 1.751059e-10 1.751059e-10 _20909_
 2.472927e-20 3.673023e-20 1.751059e-10 1.751059e-10 _21228_
 1.253603e-20 4.271554e-20 1.751059e-10 1.751059e-10 _21287_
 2.835420e-20 1.381423e-19 1.751059e-10 1.751059e-10 _21315_
 2.828663e-20 1.426041e-19 1.751059e-10 1.751059e-10 _21339_
 2.492369e-20 4.080142e-20 1.751059e-10 1.751059e-10 _21376_
 1.566342e-20 4.663487e-20 1.751059e-10 1.751059e-10 _21727_
 2.736137e-20 6.573522e-20 1.751059e-10 1.751059e-10 _21803_
 3.681126e-20 8.962882e-20 1.751059e-10 1.751059e-10 _22032_
 2.915778e-20 3.731593e-19 1.751059e-10 1.751059e-10 _22377_
 2.432683e-20 3.731425e-20 1.751059e-10 1.751059e-10 _22490_
 2.434972e-20 3.629341e-20 1.751059e-10 1.751059e-10 _22912_
 2.512492e-20 7.411541e-20 1.751059e-10 1.751059e-10 _22978_
 3.744925e-20 8.821178e-20 1.751059e-10 1.751059e-10 _23078_
 2.500150e-20 3.755431e-20 1.751059e-10 1.751059e-10 _23182_
 2.490049e-20 4.959773e-20 1.751059e-10 1.751059e-10 _23199_
 1.220534e-20 1.691197e-20 1.751059e-10 1.751059e-10 _23265_
 3.691786e-20 7.706543e-20 1.751059e-10 1.751059e-10 _23584_
 1.701762e-20 9.831531e-20 1.751058e-10 1.751058e-10 _13040_
 3.065831e-20 1.913369e-19 1.751058e-10 1.751058e-10 _14806_
 4.528691e-20 3.276786e-19 1.751058e-10 1.751058e-10 _15495_
 4.158085e-20 1.762648e-19 1.751058e-10 1.751058e-10 _15976_
 4.239719e-20 1.186432e-19 1.751058e-10 1.751058e-10 _16133_
 1.643127e-20 7.051597e-20 1.751058e-10 1.751058e-10 _16594_
 6.927780e-20 4.540948e-19 1.751058e-10 1.751058e-10 _16899_
 3.068180e-20 2.133789e-19 1.751058e-10 1.751058e-10 _17056_
 1.731738e-20 1.309304e-19 1.751058e-10 1.751058e-10 _17546_
 2.847164e-20 8.264121e-20 1.751058e-10 1.751058e-10 _18499_
 4.360588e-20 2.170088e-19 1.751058e-10 1.751058e-10 _18952_
 5.195054e-20 1.148165e-19 1.751058e-10 1.751058e-10 _19148_
 1.678361e-20 7.934019e-20 1.751058e-10 1.751058e-10 _20047_
 5.635529e-20 2.812940e-19 1.751058e-10 1.751058e-10 _20054_
 3.034636e-20 2.220125e-19 1.751058e-10 1.751058e-10 _20207_
 3.066394e-20 1.562873e-19 1.751058e-10 1.751058e-10 _20374_
 3.784789e-20 1.157649e-19 1.751058e-10 1.751058e-10 _20872_
 3.810005e-20 1.381714e-19 1.751058e-10 1.751058e-10 _21071_
 3.955727e-20 9.028609e-20 1.751058e-10 1.751058e-10 _21255_
 2.800113e-20 7.400318e-20 1.751058e-10 1.751058e-10 _21441_
 2.428848e-20 3.314910e-20 1.751058e-10 1.751058e-10 _21562_
 2.506439e-20 3.755835e-20 1.751058e-10 1.751058e-10 _21698_
 2.480360e-20 5.063798e-20 1.751058e-10 1.751058e-10 _21815_
 2.466658e-20 4.412093e-20 1.751058e-10 1.751058e-10 _22194_
 3.785104e-20 1.358317e-19 1.751058e-10 1.751058e-10 _22462_
 1.243328e-20 3.260538e-20 1.751058e-10 1.751058e-10 _22481_
 1.253048e-20 2.907391e-20 1.751058e-10 1.751058e-10 _22506_
 3.719591e-20 8.837424e-20 1.751058e-10 1.751058e-10 _22597_
 4.903531e-20 9.124324e-20 1.751058e-10 1.751058e-10 _22646_
 3.690409e-20 7.483418e-20 1.751058e-10 1.751058e-10 _22763_
 3.698341e-20 6.858426e-20 1.751058e-10 1.751058e-10 _22773_
 2.457459e-20 4.460551e-20 1.751058e-10 1.751058e-10 _22800_
 2.448414e-20 3.673756e-20 1.751058e-10 1.751058e-10 _23001_
 1.223132e-20 2.003098e-20 1.751058e-10 1.751058e-10 _23008_
 2.461750e-20 4.569128e-20 1.751058e-10 1.751058e-10 _23025_
 2.438758e-20 3.565729e-20 1.751058e-10 1.751058e-10 _23049_
 3.669170e-20 5.664957e-20 1.751058e-10 1.751058e-10 _23067_
 2.481212e-20 3.838209e-20 1.751058e-10 1.751058e-10 _23175_
 9.190711e-20 3.124921e-19 1.751058e-10 1.751058e-10 _23473_
 3.668499e-20 5.607868e-20 1.751058e-10 1.751058e-10 _23551_
 2.470485e-20 6.164083e-20 1.751058e-10 1.751058e-10 _23651_
 2.486335e-20 4.461879e-20 1.751058e-10 1.751058e-10 _23666_
 1.756913e-20 1.386627e-19 1.751058e-10 1.751058e-10 _12843_
 3.019490e-20 2.117285e-19 1.751058e-10 1.751058e-10 _13485_
 3.066758e-20 1.868257e-19 1.751058e-10 1.751058e-10 _14215_
 2.809311e-20 1.004267e-19 1.751058e-10 1.751058e-10 _14220_
 3.143840e-20 2.387367e-19 1.751058e-10 1.751058e-10 _15488_
 2.820143e-20 7.043436e-20 1.751058e-10 1.751058e-10 _15499_
 4.232893e-20 1.742133e-19 1.751058e-10 1.751058e-10 _15658_
 3.047786e-20 1.606047e-19 1.751058e-10 1.751058e-10 _15812_
 1.651839e-20 6.264256e-20 1.751058e-10 1.751058e-10 _16130_
 3.023646e-20 1.318057e-19 1.751058e-10 1.751058e-10 _16588_
 1.698133e-20 1.443967e-19 1.751058e-10 1.751058e-10 _16730_
 3.060699e-20 2.004479e-19 1.751058e-10 1.751058e-10 _17063_
 2.969318e-20 1.220471e-19 1.751058e-10 1.751058e-10 _17388_
 3.084910e-20 2.579725e-19 1.751058e-10 1.751058e-10 _17553_
 3.037957e-20 1.744981e-19 1.751058e-10 1.751058e-10 _17699_
 4.197105e-20 2.060469e-19 1.751058e-10 1.751058e-10 _17891_
 2.866131e-20 9.679795e-20 1.751058e-10 1.751058e-10 _18026_
 3.069217e-20 2.015998e-19 1.751058e-10 1.751058e-10 _18173_
 3.117804e-20 2.131216e-19 1.751058e-10 1.751058e-10 _18337_
 3.131628e-20 2.125069e-19 1.751058e-10 1.751058e-10 _18495_
 3.126700e-20 2.300540e-19 1.751058e-10 1.751058e-10 _18643_
 3.082961e-20 2.064107e-19 1.751058e-10 1.751058e-10 _18650_
 3.076039e-20 1.666134e-19 1.751058e-10 1.751058e-10 _18799_
 2.858571e-20 8.454799e-20 1.751058e-10 1.751058e-10 _18963_
 4.438156e-20 3.209168e-19 1.751058e-10 1.751058e-10 _19261_
 1.699940e-20 1.031549e-19 1.751058e-10 1.751058e-10 _19408_
 2.772210e-20 9.755408e-20 1.751058e-10 1.751058e-10 _19771_
 4.285450e-20 1.719765e-19 1.751058e-10 1.751058e-10 _19885_
 4.262345e-20 2.115744e-19 1.751058e-10 1.751058e-10 _19889_
 4.194306e-20 1.345347e-19 1.751058e-10 1.751058e-10 _20058_
 3.147139e-20 2.428218e-19 1.751058e-10 1.751058e-10 _20214_
 2.906215e-20 2.546867e-19 1.751058e-10 1.751058e-10 _21043_
 2.513755e-20 4.653270e-20 1.751058e-10 1.751058e-10 _21151_
 1.230431e-20 2.255438e-20 1.751058e-10 1.751058e-10 _21248_
 2.796908e-20 8.385674e-20 1.751058e-10 1.751058e-10 _21266_
 2.434039e-20 3.462651e-20 1.751058e-10 1.751058e-10 _21637_
 2.469829e-20 3.327183e-20 1.751058e-10 1.751058e-10 _21964_
 2.433492e-20 3.610546e-20 1.751058e-10 1.751058e-10 _22158_
 2.809617e-20 6.951737e-20 1.751058e-10 1.751058e-10 _22244_
 1.254697e-20 2.821755e-20 1.751058e-10 1.751058e-10 _22431_
 3.697382e-20 7.832910e-20 1.751058e-10 1.751058e-10 _22472_
 2.505152e-20 5.995294e-20 1.751058e-10 1.751058e-10 _22550_
 2.476286e-20 4.682466e-20 1.751058e-10 1.751058e-10 _22558_
 2.477304e-20 5.470488e-20 1.751058e-10 1.751058e-10 _22577_
 2.445978e-20 3.590685e-20 1.751058e-10 1.751058e-10 _22716_
 2.478751e-20 4.199775e-20 1.751058e-10 1.751058e-10 _22754_
 1.235914e-20 2.162742e-20 1.751058e-10 1.751058e-10 _22846_
 2.791286e-20 9.337950e-20 1.751058e-10 1.751058e-10 _23069_
 1.268115e-20 3.785619e-20 1.751058e-10 1.751058e-10 _23157_
 1.230834e-20 2.200684e-20 1.751058e-10 1.751058e-10 _23370_
 1.236713e-20 2.931226e-20 1.751058e-10 1.751058e-10 _23432_
 2.479871e-20 4.968227e-20 1.751058e-10 1.751058e-10 _23518_
 2.457156e-20 4.855928e-20 1.751058e-10 1.751058e-10 _23569_
 2.540976e-20 7.105366e-20 1.751058e-10 1.751058e-10 _23710_
 1.221945e-20 1.901269e-20 1.751058e-10 1.751058e-10 _23762_
 1.239025e-20 2.539188e-20 1.751058e-10 1.751058e-10 _23799_
 3.263720e-21 9.246235e-21 1.751058e-10 1.751058e-10 _12670_
 3.051540e-21 6.756886e-21 1.751058e-10 1.751058e-10 _12754_
 3.335385e-21 9.345159e-21 1.751058e-10 1.751058e-10 _12882_
 3.081033e-21 1.181459e-20 1.751058e-10 1.751058e-10 _13212_
 3.135932e-21 2.075774e-20 1.751058e-10 1.751058e-10 _13214_
 3.116495e-21 7.368485e-21 1.751058e-10 1.751058e-10 _13221_
 3.343116e-21 1.332908e-20 1.751058e-10 1.751058e-10 _13444_
 3.498571e-21 2.731080e-20 1.751058e-10 1.751058e-10 _13477_
 3.439182e-21 1.997892e-20 1.751058e-10 1.751058e-10 _13516_
 1.687560e-20 9.879264e-20 1.751058e-10 1.751058e-10 _13555_
 3.569690e-21 2.723474e-20 1.751058e-10 1.751058e-10 _13594_
 3.310853e-21 7.937502e-21 1.751058e-10 1.751058e-10 _13666_
 3.287037e-21 5.990852e-21 1.751058e-10 1.751058e-10 _13739_
 1.688112e-20 9.016634e-20 1.751058e-10 1.751058e-10 _13775_
 3.310226e-21 6.591007e-21 1.751058e-10 1.751058e-10 _13883_
 1.739446e-20 1.013960e-19 1.751058e-10 1.751058e-10 _13917_
 3.457342e-21 1.349982e-20 1.751058e-10 1.751058e-10 _13955_
 3.340067e-21 1.538676e-20 1.751058e-10 1.751058e-10 _14030_
 3.306421e-21 6.357967e-21 1.751058e-10 1.751058e-10 _14102_
 3.337875e-21 1.013332e-20 1.751058e-10 1.751058e-10 _14176_
 3.271499e-21 1.981195e-20 1.751058e-10 1.751058e-10 _14255_
 3.196191e-21 9.184077e-21 1.751058e-10 1.751058e-10 _14402_
 3.199765e-21 6.475500e-21 1.751058e-10 1.751058e-10 _14472_
 3.416218e-21 1.197968e-20 1.751058e-10 1.751058e-10 _14543_
 3.392195e-21 1.386203e-20 1.751058e-10 1.751058e-10 _14616_
 3.406009e-21 3.499218e-20 1.751058e-10 1.751058e-10 _14764_
 3.602907e-21 3.245654e-20 1.751058e-10 1.751058e-10 _14797_
 3.325065e-21 1.092459e-20 1.751058e-10 1.751058e-10 _14903_
 3.366019e-21 1.469593e-20 1.751058e-10 1.751058e-10 _14975_
 3.119652e-21 1.373870e-20 1.751058e-10 1.751058e-10 _15068_
 3.427584e-21 4.681244e-20 1.751058e-10 1.751058e-10 _15174_
 3.161591e-21 6.572749e-21 1.751058e-10 1.751058e-10 _15392_
 1.602270e-20 3.400571e-20 1.751058e-10 1.751058e-10 _15819_
 3.012683e-20 2.191869e-19 1.751058e-10 1.751058e-10 _16295_
 1.680434e-20 9.898936e-20 1.751058e-10 1.751058e-10 _16446_
 3.253959e-21 1.362819e-20 1.751058e-10 1.751058e-10 _17381_
 1.682963e-20 9.146318e-20 1.751058e-10 1.751058e-10 _17706_
 2.887257e-20 1.690493e-19 1.751058e-10 1.751058e-10 _17710_
 1.673067e-20 8.793311e-20 1.751058e-10 1.751058e-10 _19577_
 2.981828e-20 1.437655e-19 1.751058e-10 1.751058e-10 _19733_
 3.030813e-20 1.403350e-19 1.751058e-10 1.751058e-10 _19878_
 1.618679e-20 5.391692e-20 1.751058e-10 1.751058e-10 _20037_
 1.689898e-20 6.964547e-20 1.751058e-10 1.751058e-10 _20366_
 3.081144e-21 8.129672e-21 1.751058e-10 1.751058e-10 _21014_
 1.553847e-20 7.721115e-20 1.751058e-10 1.751058e-10 _21119_
 1.542023e-20 4.466566e-20 1.751058e-10 1.751058e-10 _21328_
 1.229312e-20 2.271868e-20 1.751058e-10 1.751058e-10 _21337_
 1.552618e-20 6.945196e-20 1.751058e-10 1.751058e-10 _21417_
 1.635239e-20 1.593702e-19 1.751058e-10 1.751058e-10 _21806_
 2.798677e-20 1.455316e-19 1.751058e-10 1.751058e-10 _21936_
 1.247601e-20 2.172269e-20 1.751058e-10 1.751058e-10 _22345_
 1.228152e-20 2.287491e-20 1.751058e-10 1.751058e-10 _22412_
 1.252224e-20 3.273856e-20 1.751058e-10 1.751058e-10 _22873_
 1.241379e-20 2.169250e-20 1.751058e-10 1.751058e-10 _23619_
