0 22 21 5
1 11 11 5
2 13 12 4
3 28 27 7
4 15 15 5
5 21 20 8
6 18 18 4
7 14 13 5
8 19 18 4
9 22 21 7
10 13 13 5
11 13 12 6
12 6 6 6
13 9 8 4
14 14 13 5
15 15 15 7
16 13 13 5
17 25 24 8
18 12 12 6
19 14 14 6
20 16 16 6
21 12 12 6
22 16 16 6
23 14 13 5
24 9 8 4
25 12 11 5
26 15 14 6
27 8 8 4
28 10 9 5
29 17 17 7
30 15 14 6
31 12 12 4
32 10 9 5
33 9 8 4
34 14 13 7
35 11 10 4
36 14 13 5
37 5 5 5
38 22 21 7
39 17 16 6
40 12 11 5
41 15 15 7
42 15 14 6
43 8 8 4
44 12 11 5
45 11 11 5
46 13 12 4
47 12 11 5
48 27 27 9
49 11 10 4
50 18 17 5
51 23 22 6
52 6 6 6
53 15 15 7
54 7 6 5
55 11 10 6
56 14 14 6
57 16 16 4
58 26 25 5
59 17 16 4
60 24 23 7
61 15 14 4
62 16 15 5
63 35 34 6
64 30 30 6
65 36 35 5
66 25 25 7
67 15 14 4
68 14 13 5
69 21 21 5
70 17 17 5
71 21 20 6
72 26 26 6
73 20 20 4
74 12 11 5
75 19 18 4
76 18 17 7
77 25 24 6
78 22 22 4
79 18 17 7
80 19 19 5
81 11 11 5
82 31 30 8
83 22 22 4
84 24 23 7
85 23 23 5
86 39 39 5
87 35 35 7
88 15 15 5
89 19 18 4
90 28 27 7
91 37 36 6
92 22 22 6
93 32 32 4
94 26 25 5
95 21 21 5
96 21 21 5
97 23 23 5
98 21 21 5
99 19 18 4
100 24 23 5
101 21 21 5
102 31 30 6
103 22 22 6
104 16 16 4
105 14 13 5
106 17 16 4
107 26 25 5
108 21 20 6
109 20 19 5
110 17 17 5
111 27 26 6
112 18 18 4
113 22 21 7
114 35 34 10
115 18 18 4
116 22 21 5
117 31 31 7
118 25 24 8
119 28 28 8
120 14 14 6
121 18 17 5
122 17 16 4
123 34 33 5
124 21 21 5
125 27 27 5
126 27 26 8
127 34 34 6
128 28 27 5
129 19 19 7
130 15 14 4
131 24 23 7
132 21 20 8
133 18 18 6
134 24 24 4
135 32 31 7
136 17 16 4
137 16 15 5
138 25 24 6
139 22 21 5
140 17 17 5
141 27 26 6
142 22 22 6
143 32 32 6
144 20 20 6
145 26 26 8
146 14 14 6
147 20 19 5
148 23 22 8
149 20 20 6
150 28 28 6
151 26 25 5
152 23 23 5
153 25 24 4
154 18 17 5
155 33 32 6
156 16 16 4
157 26 25 5
158 17 17 5
159 27 26 4
160 26 25 7
161 19 19 5
162 31 31 7
163 29 28 4
164 24 23 7
165 15 14 4
166 18 17 5
167 19 18 4
168 32 31 7
169 25 24 4
170 20 19 5
171 23 23 5
172 23 23 5
173 21 21 5
174 31 30 6
175 20 20 6
176 24 23 5
177 37 36 6
178 32 32 10
179 28 28 4
180 26 25 5
181 25 25 5
182 23 22 4
183 30 29 7
184 25 24 4
185 32 31 7
186 31 30 4
187 30 29 7
188 25 24 4
189 22 21 5
190 31 30 6
191 26 25 5
192 13 13 5
193 17 17 7
194 19 18 6
195 18 18 6
196 24 23 7
197 19 18 4
198 28 27 7
199 25 25 5
200 13 12 4
201 22 21 5
202 23 23 5
203 23 23 5
204 19 18 6
205 20 20 4
206 28 27 7
207 17 17 5
208 37 36 6
209 24 23 5
210 21 20 6
211 18 18 4
212 28 27 5
213 43 42 8
214 20 20 6
215 22 22 6
216 18 18 4
217 30 29 5
218 25 24 8
219 14 14 4
220 22 21 5
221 17 17 5
222 21 20 6
223 26 25 5
224 23 23 5
225 23 22 6
226 30 30 6
227 32 31 5
228 21 21 7
229 25 24 4
230 26 25 5
231 27 26 4
232 16 15 5
233 19 19 5
234 19 19 5
235 33 32 6
236 26 25 5
237 25 25 5
238 17 17 7
239 25 24 6
240 24 24 6
241 22 22 4
242 18 17 5
243 35 34 6
244 12 12 4
245 10 9 5
246 15 15 5
247 15 15 5
248 23 22 4
249 18 17 5
250 11 11 5
251 9 8 4
252 12 11 5
253 13 13 5
254 13 12 4
255 10 9 5
256 9 8 4
257 16 15 5
258 15 14 6
259 16 16 4
260 18 17 5
261 11 10 4
262 16 15 5
263 9 9 5
264 23 22 8
265 8 8 4
266 22 21 7
267 23 23 7
268 19 18 4
269 28 27 5
270 17 17 5
271 19 19 5
272 17 17 5
273 15 14 4
274 12 11 5
275 19 18 6
276 20 19 5
277 23 22 6
278 14 14 4
279 20 19 5
280 23 23 7
281 15 14 4
282 14 13 5
283 39 39 5
284 23 23 7
285 17 17 5
286 23 22 4
287 16 15 5
288 13 13 5
289 15 15 5
290 19 18 4
291 22 21 5
292 27 27 5
293 9 9 5
294 21 20 6
295 14 14 4
296 22 21 5
297 41 40 8
298 30 30 4
299 22 21 5
300 33 32 6
301 50 49 5
302 25 24 6
303 30 30 8
304 32 32 6
305 34 33 5
306 41 41 5
307 41 41 7
308 43 43 7
309 35 34 6
310 34 33 5
311 37 36 6
312 18 18 6
313 40 39 7
314 29 29 7
315 23 22 6
316 36 36 10
317 20 20 6
318 24 23 5
319 21 21 5
320 43 43 5
321 37 37 7
322 43 42 6
323 52 51 9
324 39 39 7
325 17 17 5
326 33 32 8
327 26 26 4
328 36 35 7
329 31 30 6
330 26 25 7
331 21 20 4
332 26 25 5
333 21 21 5
334 11 11 5
335 13 12 6
336 14 14 4
337 24 23 5
338 17 16 6
339 16 16 4
340 32 31 5
341 23 23 7
342 9 8 4
343 16 15 5
344 21 20 6
345 26 26 6
346 16 16 4
347 20 19 5
348 23 23 5
349 17 17 5
350 25 24 6
351 16 16 6
352 16 15 5
353 11 10 6
354 16 16 6
355 18 18 6
356 22 22 4
357 14 13 5
358 11 10 4
359 22 21 5
360 21 20 4
361 14 13 5
362 13 13 7
363 21 20 4
364 18 17 5
365 21 20 8
366 14 14 4
367 28 27 7
368 15 14 4
369 26 25 5
370 13 12 4
371 22 21 5
372 15 15 5
373 19 18 4
374 20 19 5
375 21 20 8
376 16 16 4
377 12 11 5
378 17 16 4
379 18 17 5
380 31 30 8
381 16 15 5
382 11 11 5
383 15 14 4
384 20 19 5
385 15 14 6
386 24 24 4
387 14 13 5
388 19 18 6
389 18 17 5
390 19 18 6
391 14 13 5
392 11 10 4
393 16 15 5
394 17 16 6
395 20 20 4
396 20 19 5
397 21 21 5
398 15 15 5
399 11 10 6
400 8 8 4
401 20 19 7
402 11 11 5
403 15 14 4
404 12 11 5
405 13 12 6
406 6 5 4
407 10 9 5
408 11 10 4
409 28 27 9
410 9 8 4
411 10 9 5
412 11 10 6
413 12 12 6
414 14 14 4
415 22 21 7
416 19 18 6
417 14 14 4
418 12 11 5
419 15 14 6
420 8 8 4
421 14 13 5
422 13 12 6
423 14 14 6
424 12 12 6
425 18 18 4
426 14 13 7
427 11 10 4
428 14 13 5
429 15 15 5
430 17 17 7
431 11 10 4
432 24 23 7
433 35 34 10
434 22 22 4
435 26 25 5
436 15 14 4
437 10 9 5
438 15 14 6
439 16 15 5
440 15 14 4
441 14 13 5
442 21 21 5
443 23 23 7
444 17 17 5
445 11 10 4
446 10 9 5
447 19 18 6
448 10 10 4
449 10 9 5
450 17 17 5
451 11 11 5
452 17 16 4
453 10 9 5
454 15 15 5
455 19 19 7
456 19 18 6
457 12 12 4
458 18 17 7
459 17 17 5
460 13 12 4
461 10 9 5
462 9 8 4
463 18 17 5
464 9 9 5
465 13 13 5
466 13 12 6
467 14 14 6
468 8 8 4
469 6 5 4
470 10 9 5
471 15 15 7
472 9 8 4
473 16 15 5
474 19 18 4
475 30 29 7
476 13 12 4
477 12 11 5
478 7 7 7
479 12 12 4
480 18 17 5
481 9 9 5
482 9 8 4
483 10 9 5
484 7 7 7
485 8 8 4
486 12 11 5
487 15 15 5
488 15 15 5
489 17 16 6
490 10 9 5
491 11 11 5
492 13 13 5
493 13 13 5
494 11 10 6
495 18 18 4
496 10 9 5
497 9 9 5
498 17 16 6
499 10 9 5
500 11 11 5
501 13 12 4
502 16 15 5
503 9 9 5
504 13 12 4
505 18 17 5
506 9 8 4
507 18 17 7
508 9 8 4
509 16 15 5
510 13 13 5
511 17 17 7
512 13 12 4
513 18 17 5
514 13 12 6
515 12 12 4
516 16 15 7
517 15 15 5
518 21 20 6
519 16 15 5
520 9 8 4
521 10 9 5
522 17 16 6
523 10 10 4
524 12 11 5
525 11 10 4
526 12 11 5
527 13 13 5
528 13 12 6
529 6 6 6
530 11 10 4
531 12 11 7
532 13 12 4
533 20 19 7
534 9 8 4
535 10 9 5
536 9 8 4
537 16 15 7
538 19 18 4
539 34 33 7
540 21 21 5
541 15 15 5
542 17 17 5
543 9 8 4
544 10 9 5
545 13 12 6
546 6 6 6
547 19 18 6
548 16 16 4
549 26 25 7
550 23 22 6
551 22 21 5
552 21 20 6
553 12 12 4
554 12 11 5
555 11 10 4
556 14 13 7
557 5 5 5
558 18 17 7
559 15 14 4
560 20 19 5
561 23 23 5
562 13 13 5
563 21 20 4
564 20 19 5
565 15 14 4
566 22 21 7
567 9 8 4
568 8 7 6
569 20 20 4
570 14 13 5
571 13 12 4
572 28 27 5
573 13 13 5
574 13 13 5
575 15 14 6
576 18 18 4
577 22 21 5
578 17 17 5
579 9 8 4
580 26 25 5
581 25 24 6
582 16 16 6
583 24 23 5
584 17 17 5
585 19 19 5
586 21 20 6
587 24 23 5
588 29 29 5
589 23 23 5
590 33 33 5
591 35 35 5
592 23 22 6
593 24 23 5
594 33 32 6
595 16 16 4
596 22 21 5
597 47 47 7
598 35 35 5
599 21 21 5
600 21 20 4
601 22 21 5
602 25 25 5
603 29 28 6
604 36 36 6
605 40 40 10
606 36 36 6
607 44 43 11
608 21 21 5
609 29 28 8
610 36 36 8
611 22 22 6
612 34 34 6
613 28 28 6
614 34 33 7
615 29 28 6
616 28 27 5
617 17 16 6
618 30 30 4
619 32 31 7
620 29 28 6
621 26 25 7
622 37 37 7
623 31 31 7
624 27 27 7
625 33 33 11
626 25 24 8
627 28 28 6
628 24 23 7
629 39 38 6
630 52 52 12
631 26 26 4
632 24 23 7
633 19 19 5
634 27 26 8
635 38 37 9
636 23 22 8
637 28 27 7
638 31 31 7
639 31 30 6
640 32 32 10
641 22 22 6
642 22 22 8
643 28 28 6
644 30 29 9
645 29 28 10
646 32 31 11
647 39 39 7
648 29 28 4
649 26 25 7
650 21 20 4
651 38 37 9
652 25 24 8
653 22 22 6
654 44 43 11
655 23 22 6
656 22 22 6
657 22 21 5
658 37 36 8
659 38 37 9
660 19 19 5
661 35 35 7
662 37 37 9
663 41 40 8
664 36 35 7
665 35 35 9
666 33 32 8
667 22 22 4
668 36 35 7
669 43 43 7
670 33 32 10
671 12 12 4
672 18 17 5
673 35 34 4
674 28 27 9
675 39 39 11
676 29 29 5
677 41 41 7
678 25 25 7
679 31 30 6
680 28 28 4
681 18 17 5
682 27 27 7
683 27 26 4
684 24 23 5
685 27 26 6
686 32 32 6
687 16 15 5
688 33 32 8
689 28 27 7
690 17 16 4
691 26 25 5
692 15 15 5
693 23 22 6
694 32 31 7
695 27 26 6
696 22 22 6
697 30 30 6
698 18 17 5
699 19 18 4
700 28 27 7
701 17 16 6
702 14 14 6
703 16 16 6
704 30 30 6
705 20 20 6
706 10 10 4
707 14 13 5
708 19 19 5
709 17 17 5
710 17 16 6
711 20 20 6
712 20 19 7
713 19 19 5
714 17 16 4
715 22 21 5
716 23 23 7
717 25 24 6
718 12 12 4
719 10 9 5
720 15 14 4
721 16 15 5
722 17 16 4
723 10 9 5
724 9 8 4
725 16 15 5
726 11 11 5
727 19 19 5
728 17 16 4
729 22 21 5
730 15 15 5
731 21 21 5
732 13 13 5
733 15 14 4
734 12 11 5
735 17 17 5
736 15 14 4
737 18 17 7
738 21 20 6
739 16 16 4
740 24 23 5
741 19 18 4
742 14 13 5
743 23 22 6
744 18 18 4
745 20 19 5
746 15 14 6
747 12 11 5
748 21 20 6
749 12 12 4
750 28 27 7
751 15 14 4
752 14 13 5
753 25 24 4
754 16 15 5
755 15 15 5
756 29 29 9
757 13 12 4
758 12 11 5
759 15 14 4
760 20 19 5
761 19 18 6
762 10 10 4
763 20 19 5
764 13 12 6
765 14 14 6
766 8 8 4
767 10 9 5
768 17 16 8
769 12 12 4
770 12 11 5
771 17 16 6
772 24 24 6
773 18 18 6
774 24 23 5
775 21 21 7
776 19 18 4
777 20 19 7
778 15 14 6
779 10 10 6
780 10 10 4
781 14 13 5
782 11 11 5
783 11 10 4
784 14 13 5
785 27 27 5
786 17 17 7
787 11 11 5
788 17 16 6
789 28 28 6
790 8 8 4
791 14 13 5
792 17 16 6
793 14 13 5
794 17 17 7
795 31 30 4
796 14 13 5
797 27 26 6
798 30 29 5
799 35 34 6
800 26 26 4
801 14 13 5
802 9 8 4
803 12 11 5
804 11 10 4
805 18 17 5
806 17 16 4
807 24 23 5
808 15 14 4
809 24 23 5
810 23 23 5
811 11 10 4
812 12 11 5
813 13 12 4
814 16 15 7
815 19 19 5
816 15 14 4
817 28 27 7
818 11 11 5
819 17 16 4
820 20 19 7
821 11 10 4
822 18 17 5
823 27 26 4
824 18 17 7
825 11 10 4
826 26 25 5
827 19 19 5
828 17 17 5
829 13 13 7
830 23 22 6
831 6 6 6
832 11 10 4
833 18 17 5
834 13 12 4
835 12 11 5
836 15 14 6
837 10 9 5
838 15 14 6
839 20 19 7
840 13 12 4
841 14 13 5
842 15 14 6
843 16 16 4
844 24 23 7
845 17 17 5
846 21 21 5
847 15 14 4
848 20 19 7
849 21 20 6
850 22 22 6
851 24 24 6
852 8 7 6
853 24 24 6
854 10 10 6
855 10 9 5
856 17 16 4
857 20 19 5
858 19 19 5
859 9 8 4
860 16 15 5
861 11 11 5
862 19 18 8
863 10 10 4
864 12 11 5
865 13 13 5
866 11 10 6
867 8 8 4
868 26 25 5
869 11 10 4
870 20 19 5
871 21 21 7
872 13 12 4
873 10 9 5
874 17 17 5
875 11 11 5
876 9 8 4
877 14 13 5
878 17 16 6
879 22 22 8
880 8 8 4
881 16 15 5
882 15 14 8
883 16 16 6
884 12 12 4
885 16 15 5
886 15 14 4
887 16 15 5
888 11 11 5
889 7 7 7
890 18 18 6
891 10 10 6
892 14 14 6
893 14 14 6
894 12 12 6
895 12 12 4
896 16 15 7
897 19 18 6
898 18 17 5
899 17 17 7
900 13 12 4
901 20 19 5
902 25 24 6
903 14 14 6
904 10 10 4
905 12 11 5
906 13 13 7
907 9 8 4
908 10 9 5
909 15 14 4
910 12 11 5
911 17 16 6
912 12 11 5
913 11 11 7
914 7 6 5
915 13 12 4
916 12 11 5
917 11 11 5
918 13 12 6
919 12 12 4
920 22 21 7
921 19 18 6
922 10 9 5
923 11 10 4
924 10 9 5
925 11 11 5
926 7 6 5
927 11 10 6
928 10 9 5
929 17 17 5
930 17 16 6
931 24 24 6
932 12 12 6
933 16 16 4
934 16 15 7
935 19 18 6
936 18 18 4
937 16 15 7
938 9 8 4
939 14 13 5
940 19 19 5
941 9 8 4
942 12 11 5
943 11 11 5
944 13 13 5
945 11 10 4
946 30 29 7
947 21 20 4
948 20 19 5
949 19 18 4
950 18 17 7
951 17 16 4
952 6 5 4
953 12 11 5
954 11 10 4
955 10 9 5
956 19 18 6
957 12 12 4
958 14 13 7
959 11 11 5
960 13 13 5
961 21 20 8
962 12 12 4
963 18 17 7
964 13 12 4
965 16 15 5
966 19 18 4
967 18 17 9
968 17 16 6
969 16 16 6
970 12 12 4
971 16 15 7
972 17 17 5
973 11 11 5
974 13 13 5
975 11 10 4
976 10 9 5
977 13 13 5
978 27 26 6
979 22 22 4
980 10 9 5
981 25 25 5
982 19 19 5
983 11 10 4
984 28 27 7
985 19 18 4
986 20 19 5
987 17 16 4
988 14 13 5
989 21 20 6
990 24 24 4
991 34 33 5
992 27 26 6
993 18 18 6
994 24 24 6
995 34 34 6
996 32 31 5
997 29 29 9
998 53 52 12
999 24 24 6
1000 28 27 7
1001 39 39 7
1002 27 27 7
1003 27 26 4
1004 26 25 5
1005 21 21 5
1006 25 25 5
1007 25 24 4
1008 38 37 5
1009 27 27 7
1010 23 22 4
1011 26 25 5
1012 27 27 5
1013 29 28 4
1014 22 21 5
1015 37 37 9
1016 25 25 5
1017 27 27 7
1018 29 29 5
1019 35 35 5
1020 21 21 5
1021 35 35 7
1022 19 19 5
1023 29 29 7
1024 25 24 6
1025 36 35 11
1026 23 23 5
1027 23 22 6
1028 24 24 4
1029 26 25 5
1030 13 13 5
1031 13 13 5
1032 15 14 6
1033 16 16 4
1034 22 21 5
1035 23 22 6
1036 24 24 4
1037 24 23 5
1038 23 23 5
1039 31 31 7
1040 23 23 9
1041 37 37 15
1042 35 34 8
1043 26 26 6
1044 32 32 6
1045 20 20 4
1046 20 19 5
1047 11 10 4
1048 28 27 5
1049 19 19 7
1050 15 14 6
1051 20 20 6
1052 22 22 6
1053 12 12 4
1054 32 31 5
1055 37 36 6
1056 24 23 5
1057 19 18 6
1058 20 20 6
1059 24 24 6
1060 24 23 5
1061 23 23 5
1062 33 33 7
1063 21 20 4
1064 22 21 5
1065 15 15 5
1066 29 28 6
1067 30 29 5
1068 21 21 5
1069 27 27 5
1070 27 26 6
1071 26 25 7
1072 17 16 6
1073 10 10 4
1074 24 23 5
1075 17 17 5
1076 23 23 5
1077 23 22 4
1078 6 5 4
1079 22 21 5
1080 25 24 8
1081 24 24 6
1082 20 20 4
1083 18 17 5
1084 23 23 5
1085 27 27 7
1086 21 20 6
1087 16 16 4
1088 20 19 5
1089 25 24 8
1090 18 18 4
1091 16 15 7
1092 23 22 4
1093 16 15 5
1094 15 14 6
1095 18 18 6
1096 20 20 4
1097 18 17 5
1098 25 24 6
1099 20 20 6
1100 20 20 4
1101 16 15 5
1102 9 9 5
1103 15 14 4
1104 20 19 7
1105 19 18 6
1106 10 10 4
1107 12 11 5
1108 27 27 7
1109 19 18 6
1110 22 21 5
1111 21 20 6
1112 16 16 4
1113 14 13 5
1114 27 26 6
1115 22 22 4
1116 24 23 7
1117 21 20 4
1118 22 21 5
1119 13 13 5
1120 19 18 4
1121 12 11 5
1122 15 15 5
1123 13 12 6
1124 14 14 4
1125 20 19 7
1126 15 14 6
1127 14 14 4
1128 20 19 5
1129 13 12 4
1130 10 9 5
1131 21 21 5
1132 15 14 4
1133 30 29 7
1134 13 12 4
1135 14 13 5
1136 19 18 6
1137 20 20 8
1138 12 12 4
1139 24 23 5
1140 19 18 6
1141 12 11 5
1142 11 10 6
1143 22 22 6
1144 12 12 4
1145 14 13 5
1146 23 23 7
1147 27 27 5
1148 23 22 6
1149 12 12 4
1150 30 29 7
1151 15 14 4
1152 12 11 5
1153 15 14 6
1154 18 18 6
1155 16 16 6
1156 18 17 5
1157 15 15 5
1158 17 16 6
1159 14 14 4
1160 24 23 5
1161 11 11 5
1162 11 11 5
1163 25 24 6
1164 12 12 4
1165 20 19 5
1166 17 16 4
1167 16 15 5
1168 17 17 7
1169 17 16 6
1170 14 14 4
1171 16 15 5
1172 19 18 6
1173 18 18 4
1174 16 15 5
1175 13 12 6
1176 10 10 4
1177 12 11 5
1178 13 13 5
1179 15 14 6
1180 16 16 6
1181 12 12 4
1182 6 5 4
1183 6 5 4
1184 18 17 7
1185 17 16 6
1186 12 12 6
1187 14 13 5
1188 9 9 5
1189 17 17 5
1190 13 12 6
1191 6 5 4
1192 16 15 5
1193 13 13 7
1194 7 6 5
1195 13 12 4
1196 12 11 5
1197 13 13 5
1198 19 18 8
1199 10 10 4
1200 28 27 7
1201 13 13 5
1202 23 22 8
1203 8 8 4
1204 10 9 5
1205 15 14 6
1206 14 14 4
1207 12 11 5
1208 17 17 5
1209 7 6 5
1210 11 11 5
1211 13 12 6
1212 22 22 6
1213 14 13 5
1214 13 12 4
1215 12 11 5
1216 19 19 7
1217 13 12 6
1218 12 12 4
1219 10 9 5
1220 9 8 4
1221 14 13 7
1222 11 11 5
1223 13 13 5
1224 11 10 6
1225 10 10 4
1226 10 9 5
1227 19 19 7
1228 11 10 4
1229 20 19 5
1230 9 9 5
1231 13 13 5
1232 11 11 7
1233 9 8 4
1234 12 11 5
1235 7 6 5
1236 19 18 6
1237 18 17 5
1238 7 6 5
1239 9 8 4
1240 12 11 5
1241 9 8 4
1242 14 13 7
1243 13 12 6
1244 20 20 6
1245 10 10 6
1246 12 12 6
1247 14 14 6
1248 10 9 5
1249 9 9 5
1250 9 8 4
1251 12 11 7
1252 9 9 5
1253 17 16 6
1254 16 16 4
1255 14 13 5
1256 15 15 5
1257 13 13 5
1258 9 9 5
1259 13 12 4
1260 20 19 7
1261 13 12 6
1262 6 6 6
1263 9 8 4
1264 6 5 4
1265 18 17 7
1266 7 6 5
1267 17 16 8
1268 10 10 4
1269 22 21 5
1270 15 14 4
1271 16 15 7
1272 13 13 5
1273 9 8 4
1274 14 13 7
1275 9 8 4
1276 14 13 5
1277 17 17 5
1278 17 17 5
1279 13 13 7
1280 19 18 6
1281 14 14 6
1282 18 18 6
1283 6 5 4
1284 22 21 7
1285 15 14 6
1286 8 8 4
1287 12 11 5
1288 15 14 6
1289 12 12 6
1290 16 16 6
1291 10 10 4
1292 16 15 7
1293 19 18 6
1294 16 16 6
1295 12 11 5
1296 17 16 4
1297 12 11 5
1298 9 8 4
1299 12 11 5
1300 11 10 4
1301 10 9 5
1302 25 24 8
1303 8 8 4
1304 14 13 5
1305 21 20 6
1306 14 14 6
1307 8 8 4
1308 6 5 4
1309 18 17 5
1310 15 15 7
1311 13 12 4
1312 10 9 5
1313 11 11 5
1314 23 22 8
1315 18 18 4
1316 6 5 4
1317 16 15 7
1318 9 8 4
1319 12 11 5
1320 9 8 4
1321 12 11 5
1322 13 12 6
1323 30 30 4
1324 16 15 5
1325 9 9 5
1326 9 9 5
1327 19 18 8
1328 12 12 4
1329 16 15 5
1330 15 14 4
1331 16 15 5
1332 11 11 5
1333 15 14 6
1334 18 17 5
1335 19 19 5
1336 25 25 7
1337 11 11 5
1338 17 16 4
1339 12 11 5
1340 11 11 5
1341 23 22 8
1342 12 12 4
1343 10 9 5
1344 25 24 6
1345 6 5 4
1346 18 17 5
1347 17 16 6
1348 20 20 8
1349 12 11 5
1350 25 24 6
1351 14 14 4
1352 12 11 5
1353 23 22 8
1354 12 11 5
1355 21 20 6
1356 14 13 5
1357 11 10 6
1358 20 20 4
1359 40 39 7
1360 17 17 5
1361 19 18 4
1362 22 21 5
1363 25 24 6
1364 20 20 6
1365 20 20 4
1366 22 21 7
1367 17 16 4
1368 16 15 5
1369 23 22 4
1370 20 19 5
1371 19 19 5
1372 17 17 5
1373 11 10 4
1374 26 25 5
1375 23 23 7
1376 19 18 4
1377 28 27 5
1378 19 18 4
1379 14 13 5
1380 15 14 4
1381 14 13 5
1382 29 28 6
1383 14 13 7
1384 21 20 6
1385 14 13 5
1386 15 14 4
1387 20 19 5
1388 25 25 5
1389 19 18 6
1390 14 14 6
1391 20 20 4
1392 22 21 5
1393 33 32 8
1394 16 15 5
1395 11 11 5
1396 15 15 5
1397 19 18 6
1398 16 16 6
1399 18 17 5
1400 21 21 5
1401 21 20 6
1402 26 26 6
1403 12 12 4
1404 14 13 5
1405 15 15 5
1406 5 5 5
1407 20 19 5
1408 19 19 5
1409 17 17 5
1410 15 14 6
1411 16 16 6
1412 12 12 4
1413 14 13 5
1414 17 17 5
1415 21 20 6
1416 18 18 6
1417 12 12 4
1418 18 17 5
1419 15 15 5
1420 19 19 5
1421 29 28 6
1422 22 21 5
1423 17 16 4
1424 16 15 5
1425 21 20 6
1426 18 17 5
1427 11 10 6
1428 10 10 4
1429 16 15 7
1430 11 10 4
1431 12 11 5
1432 15 14 6
1433 12 12 4
1434 12 11 7
1435 9 8 4
1436 10 9 5
1437 13 13 5
1438 11 10 6
1439 16 16 4
1440 10 9 5
1441 11 10 4
1442 10 9 5
1443 11 11 5
1444 9 8 4
1445 12 11 5
1446 15 14 6
1447 12 11 5
1448 13 12 6
1449 26 26 6
1450 12 12 4
1451 16 15 7
1452 17 17 5
1453 17 16 6
1454 12 12 4
1455 10 9 5
1456 11 11 5
1457 11 10 6
1458 14 13 5
1459 11 11 5
1460 13 12 6
1461 8 8 4
1462 10 9 5
1463 11 10 6
1464 14 14 6
1465 18 17 5
1466 11 11 5
1467 11 11 5
1468 13 13 5
1469 9 8 4
1470 10 9 5
1471 33 32 6
1472 14 14 6
1473 16 16 6
1474 12 12 6
1475 8 8 4
1476 18 17 5
1477 17 16 8
1478 22 22 6
1479 10 10 4
1480 16 15 5
1481 19 19 5
1482 17 17 5
1483 11 11 5
1484 11 11 5
1485 13 12 4
1486 30 29 9
1487 15 14 6
1488 14 14 4
1489 20 19 7
1490 13 12 6
1491 24 24 6
1492 20 20 4
1493 12 11 5
1494 31 30 6
1495 14 14 6
1496 24 24 6
1497 8 8 4
1498 36 35 7
1499 25 24 4
1500 42 41 5
1501 25 24 4
1502 18 17 5
1503 17 16 6
1504 40 39 5
1505 15 15 5
1506 29 29 5
1507 17 17 5
1508 29 29 7
1509 15 14 4
1510 18 17 5
1511 21 20 4
1512 24 23 5
1513 27 27 5
1514 9 8 4
1515 18 17 5
1516 31 30 6
1517 30 30 4
1518 18 17 5
1519 23 22 6
1520 20 19 5
1521 19 18 4
1522 26 25 5
1523 21 21 5
1524 25 25 7
1525 21 20 6
1526 20 20 6
1527 20 20 4
1528 16 15 5
1529 19 18 6
1530 22 22 4
1531 18 17 5
1532 21 20 8
1533 28 28 6
1534 32 32 8
1535 22 22 8
1536 18 17 5
1537 23 23 5
1538 27 27 5
1539 23 22 4
1540 24 23 5
1541 19 18 4
1542 40 39 5
1543 39 38 6
1544 30 29 7
1545 29 29 5
1546 19 19 5
1547 15 14 4
1548 18 17 5
1549 23 23 5
1550 27 27 5
1551 17 17 5
1552 15 15 5
1553 21 20 4
1554 24 23 7
1555 19 19 5
1556 13 13 5
1557 13 12 4
1558 26 25 5
1559 21 20 4
1560 16 15 5
1561 25 25 5
1562 19 18 4
1563 18 17 7
1564 17 16 4
1565 30 29 5
1566 27 26 6
1567 24 23 7
1568 19 18 4
1569 20 19 5
1570 21 21 7
1571 25 24 8
1572 20 20 6
1573 6 6 6
1574 31 30 4
1575 20 19 5
1576 23 22 6
1577 12 12 4
1578 18 17 5
1579 17 17 5
1580 19 18 4
1581 22 21 5
1582 23 23 5
1583 25 24 6
1584 22 21 7
1585 17 16 4
1586 24 23 5
1587 29 29 5
1588 17 17 5
1589 9 9 5
1590 21 20 6
1591 26 25 5
1592 11 10 6
1593 18 18 4
1594 24 23 7
1595 15 15 5
1596 19 19 5
1597 35 34 8
1598 18 18 6
1599 12 12 4
1600 14 13 5
1601 7 6 5
1602 27 26 6
1603 16 16 6
1604 18 18 6
1605 16 16 6
1606 16 16 6
1607 18 18 6
1608 18 17 5
1609 21 21 7
1610 13 12 4
1611 14 13 5
1612 19 18 6
1613 14 14 4
1614 14 13 5
1615 15 14 6
1616 24 24 6
1617 20 20 6
1618 14 14 4
1619 14 13 5
1620 25 24 6
1621 14 14 4
1622 16 15 5
1623 11 11 5
1624 21 20 6
1625 12 11 5
1626 17 16 6
1627 12 11 5
1628 11 11 5
1629 23 23 7
1630 11 10 4
1631 24 23 7
1632 15 15 5
1633 13 13 5
1634 27 27 7
1635 17 16 6
1636 16 16 4
1637 12 11 5
1638 15 14 6
1639 12 12 4
1640 20 19 5
1641 15 15 5
1642 17 16 6
1643 30 30 8
1644 24 24 6
1645 28 28 4
1646 24 23 5
1647 15 15 5
1648 21 20 6
1649 32 32 8
1650 26 26 4
1651 24 23 5
1652 23 22 6
1653 34 34 6
1654 28 27 5
1655 21 21 5
1656 25 24 6
1657 18 18 4
1658 36 35 7
1659 33 33 5
1660 29 28 6
1661 30 30 8
1662 24 23 5
1663 23 22 6
1664 18 17 5
1665 27 26 6
1666 30 29 5
1667 23 23 5
1668 19 18 6
1669 28 27 5
1670 21 20 6
1671 14 13 5
1672 21 20 6
1673 18 17 5
1674 15 14 6
1675 12 12 4
1676 26 25 5
1677 19 18 4
1678 14 13 7
1679 17 16 6
1680 18 17 5
1681 11 11 5
1682 21 20 6
1683 14 13 5
1684 15 15 5
1685 11 10 4
1686 6 5 4
1687 22 21 7
1688 19 18 6
1689 12 11 5
1690 13 12 6
1691 14 14 6
1692 16 16 4
1693 20 19 7
1694 11 10 4
1695 14 13 5
1696 13 12 6
1697 18 18 6
1698 12 12 6
1699 16 16 6
1700 8 8 4
1701 16 15 7
1702 13 12 4
1703 16 15 5
1704 7 6 5
1705 7 6 5
1706 7 6 5
1707 13 12 6
1708 10 10 4
1709 16 15 5
1710 21 21 7
1711 21 20 8
1712 14 14 6
1713 20 20 6
1714 12 11 5
1715 11 10 4
1716 12 11 5
1717 11 10 6
1718 16 16 6
1719 10 9 5
1720 17 16 4
1721 24 23 7
1722 19 19 5
1723 17 16 6
1724 16 16 6
1725 12 12 4
1726 14 13 7
1727 23 22 6
1728 28 28 6
1729 20 20 6
1730 18 18 6
1731 18 17 5
1732 13 12 6
1733 20 20 6
1734 18 18 4
1735 14 13 5
1736 9 8 4
1737 12 11 5
1738 15 15 7
1739 13 12 6
1740 12 12 6
1741 20 20 8
1742 10 10 4
1743 12 11 5
1744 11 10 4
1745 6 5 4
1746 16 15 5
1747 17 16 6
1748 14 14 6
1749 18 18 6
1750 14 14 6
1751 12 12 4
1752 12 11 5
1753 11 11 5
1754 13 12 6
1755 16 16 6
1756 12 12 6
1757 6 6 6
1758 13 12 4
1759 16 15 7
1760 11 11 5
1761 17 17 5
1762 25 25 5
1763 21 21 7
1764 11 10 4
1765 12 11 5
1766 9 9 5
1767 13 12 6
1768 16 16 6
1769 14 14 4
1770 18 17 7
1771 17 17 5
1772 11 11 5
1773 15 14 6
1774 16 16 4
1775 16 15 5
1776 17 17 5
1777 17 16 6
1778 10 10 4
1779 22 21 5
1780 11 11 5
1781 25 24 6
1782 22 22 8
1783 16 16 6
1784 16 16 6
1785 12 11 5
1786 7 6 5
1787 13 12 6
1788 12 12 4
1789 10 9 5
1790 15 14 6
1791 10 10 6
1792 10 10 6
1793 6 5 4
1794 14 13 5
1795 15 14 6
1796 14 14 6
1797 14 14 6
1798 16 16 6
1799 12 12 6
1800 16 15 5
1801 29 29 7
1802 9 8 4
1803 16 15 5
1804 11 11 5
1805 9 8 4
1806 12 11 5
1807 11 10 4
1808 14 13 5
1809 23 23 7
1810 17 16 4
1811 18 17 7
1812 13 12 4
1813 28 27 7
1814 23 23 5
1815 23 22 4
1816 18 17 5
1817 7 6 5
1818 17 16 4
1819 14 13 5
1820 15 14 4
1821 22 21 7
1822 23 23 5
1823 21 20 4
1824 14 13 5
1825 11 10 4
1826 16 15 5
1827 11 10 4
1828 22 21 5
1829 13 13 5
1830 13 12 6
1831 10 10 4
1832 12 11 5
1833 17 16 6
1834 12 12 4
1835 22 21 5
1836 17 16 6
1837 26 25 7
1838 15 15 5
1839 13 12 4
1840 18 17 5
1841 19 18 4
1842 26 25 7
1843 27 26 6
1844 34 33 7
1845 37 36 4
1846 14 13 5
1847 21 20 6
1848 34 34 8
1849 24 24 4
1850 32 31 7
1851 31 30 6
1852 18 17 5
1853 23 22 6
1854 26 26 4
1855 32 31 7
1856 19 18 6
1857 24 23 5
1858 21 20 4
1859 32 31 5
1860 25 25 5
1861 35 34 8
1862 36 36 6
1863 28 27 7
1864 23 23 5
1865 23 23 7
1866 31 30 6
1867 32 32 6
1868 30 29 9
1869 23 22 6
1870 38 37 9
1871 31 31 7
1872 31 31 9
1873 41 40 10
1874 24 23 5
1875 47 47 11
1876 25 24 6
1877 32 32 8
1878 24 24 6
1879 26 26 4
1880 30 29 5
1881 31 31 5
1882 31 31 9
1883 43 42 10
1884 34 33 15
1885 45 44 6
1886 26 25 7
1887 55 54 16
1888 26 26 6
1889 24 24 4
1890 22 21 5
1891 33 32 4
1892 26 25 5
1893 31 30 4
1894 36 35 7
1895 19 18 6
1896 10 10 4
1897 44 43 5
1898 53 53 7
1899 21 21 5
1900 23 22 6
1901 32 31 9
1902 27 27 5
1903 31 31 7
1904 29 28 6
1905 36 36 6
1906 32 32 6
1907 24 23 5
1908 39 39 9
1909 27 26 8
1910 28 28 8
1911 38 38 8
1912 48 48 14
1913 44 44 10
1914 34 34 6
1915 32 32 6
1916 24 24 6
1917 22 21 9
1918 53 52 12
1919 28 28 6
1920 42 42 8
1921 26 26 6
1922 42 42 12
1923 34 33 9
1924 31 31 7
1925 29 28 6
1926 28 27 9
1927 43 43 13
1928 49 48 10
1929 24 24 4
1930 24 23 5
1931 21 21 7
1932 25 24 4
1933 34 33 7
1934 23 22 4
1935 30 29 5
1936 39 38 10
1937 28 28 8
1938 36 36 6
1939 42 41 7
1940 31 30 8
1941 18 17 5
1942 27 26 6
1943 22 22 6
1944 22 22 6
1945 28 27 7
1946 29 29 7
1947 33 32 6
1948 20 20 4
1949 24 23 7
1950 27 26 6
1951 26 25 5
1952 17 17 5
1953 19 19 5
1954 19 19 5
1955 19 18 4
1956 24 23 5
1957 21 20 6
1958 20 20 6
1959 28 28 6
1960 24 24 4
1961 18 17 5
1962 21 21 5
1963 25 25 5
1964 23 23 5
1965 23 23 7
1966 19 18 4
1967 20 19 5
1968 21 20 6
1969 22 22 6
1970 24 24 8
1971 18 17 5
1972 23 22 4
1973 30 29 5
1974 21 21 5
1975 23 22 4
1976 12 11 5
1977 21 20 6
1978 20 20 6
1979 30 30 6
1980 20 19 5
1981 15 15 5
1982 15 14 6
1983 12 12 4
1984 18 17 7
1985 9 9 5
1986 17 16 4
1987 20 19 5
1988 15 14 6
1989 22 21 5
1990 17 17 5
1991 13 12 4
1992 12 11 5
1993 21 21 7
1994 15 14 4
1995 22 21 5
1996 15 14 6
1997 18 17 5
1998 7 6 5
1999 21 21 7
2000 13 12 4
2001 12 11 5
2002 13 13 5
2003 17 16 6
2004 22 21 5
2005 9 9 5
2006 21 20 6
2007 16 16 4
2008 8 7 6
2009 16 16 6
2010 12 12 4
2011 20 19 5
2012 17 17 7
2013 13 12 4
2014 24 23 7
2015 27 26 6
2016 20 19 5
2017 19 18 6
2018 10 10 6
2019 16 16 6
2020 20 20 6
2021 20 19 5
2022 17 16 4
2023 14 13 5
2024 15 15 7
2025 13 12 4
2026 20 19 5
2027 13 12 4
2028 16 15 5
2029 15 14 6
2030 6 6 6
2031 7 6 5
2032 11 10 6
2033 16 15 5
2034 15 15 5
2035 19 19 7
2036 21 21 5
2037 15 14 6
2038 10 10 4
2039 16 15 7
2040 11 10 4
2041 12 11 5
2042 11 11 7
2043 17 16 6
2044 14 14 4
2045 14 13 5
2046 29 28 8
2047 10 10 4
2048 10 9 5
2049 11 10 6
2050 12 11 5
2051 11 10 4
2052 6 5 4
2053 8 7 6
2054 10 10 6
2055 14 14 6
2056 16 15 5
2057 27 26 8
2058 26 25 5
2059 25 24 8
2060 16 16 4
2061 14 13 5
2062 19 18 6
2063 18 17 5
2064 13 13 5
2065 11 10 4
2066 14 13 5
2067 15 14 6
2068 12 12 4
2069 12 11 5
2070 23 22 6
2071 24 24 8
2072 20 20 6
2073 24 24 6
2074 16 16 6
2075 8 8 4
2076 10 9 5
2077 15 14 6
2078 22 22 6
2079 12 11 5
2080 17 16 6
2081 8 8 4
2082 24 23 5
2083 29 29 9
2084 13 12 6
2085 6 6 6
2086 11 10 4
2087 14 13 5
2088 11 11 5
2089 13 12 6
2090 14 14 6
2091 10 10 4
2092 6 5 4
2093 20 19 7
2094 9 9 5
2095 11 10 6
2096 8 8 4
2097 6 5 4
2098 24 23 7
2099 19 18 4
2100 20 19 5
2101 7 6 5
2102 13 12 6
2103 16 15 5
2104 11 10 4
2105 6 5 4
2106 14 13 7
2107 15 15 5
2108 19 18 6
2109 12 12 6
2110 10 10 4
2111 10 9 5
2112 23 22 4
2113 20 19 5
2114 15 15 5
2115 11 10 4
2116 10 9 5
2117 15 14 6
2118 18 18 6
2119 18 17 7
2120 41 40 8
2121 24 24 4
2122 28 27 7
2123 19 19 5
2124 31 30 6
2125 22 21 5
2126 25 24 6
2127 22 22 6
2128 24 23 5
2129 21 20 4
2130 24 23 5
2131 19 19 5
2132 23 23 5
2133 29 28 8
2134 22 22 4
2135 30 29 5
2136 25 24 6
2137 32 31 5
2138 31 30 6
2139 46 46 6
2140 26 25 5
2141 25 25 5
2142 15 15 5
2143 19 18 4
2144 20 19 5
2145 21 20 6
2146 38 38 6
2147 28 27 5
2148 23 22 4
2149 20 19 5
2150 27 26 6
2151 22 21 5
2152 29 28 6
2153 18 18 4
2154 24 23 5
2155 19 19 5
2156 35 35 5
2157 19 18 6
2158 26 26 4
2159 18 17 5
2160 33 32 6
2161 18 17 5
2162 29 28 6
2163 22 21 5
2164 15 14 6
2165 16 16 4
2166 28 27 7
2167 21 20 4
2168 20 19 7
2169 23 22 6
2170 26 25 5
2171 27 26 6
2172 20 19 5
2173 27 26 6
2174 18 18 8
2175 28 28 8
2176 24 24 6
2177 28 27 5
2178 21 21 7
2179 29 29 7
2180 13 13 5
2181 31 30 6
2182 24 23 5
2183 25 24 6
2184 14 14 4
2185 12 11 5
2186 27 26 6
2187 18 18 4
2188 24 23 5
2189 21 21 5
2190 15 14 4
2191 20 19 7
2192 21 20 6
2193 30 30 4
2194 20 19 5
2195 31 30 6
2196 16 15 5
2197 21 20 6
2198 18 18 6
2199 14 14 4
2200 16 15 5
2201 23 23 5
2202 21 21 5
2203 7 6 5
2204 23 22 6
2205 14 14 4
2206 16 15 5
2207 19 18 4
2208 24 23 7
2209 11 11 5
2210 23 22 6
2211 14 14 4
2212 16 15 5
2213 19 18 4
2214 24 23 5
2215 13 13 5
2216 17 17 5
2217 37 36 6
2218 12 12 4
2219 20 19 5
2220 11 10 4
2221 22 21 5
2222 21 21 5
2223 19 18 6
2224 16 15 5
2225 13 13 5
2226 15 14 4
2227 22 21 7
2228 19 18 4
2229 24 23 5
2230 21 20 6
2231 10 10 4
2232 28 27 7
2233 13 12 4
2234 24 23 7
2235 13 12 4
2236 28 27 7
2237 25 24 6
2238 14 14 4
2239 10 9 5
2240 25 24 6
2241 12 11 5
2242 15 14 6
2243 20 20 6
2244 14 14 4
2245 12 11 5
2246 9 9 5
2247 19 19 7
2248 7 6 5
2249 13 12 6
2250 18 17 5
2251 11 11 5
2252 17 17 5
2253 15 14 6
2254 16 15 5
2255 13 13 5
2256 23 22 4
2257 14 13 5
2258 11 11 5
2259 17 16 6
2260 12 12 4
2261 14 13 5
2262 15 14 6
2263 16 16 6
2264 12 11 5
2265 13 12 6
2266 12 11 5
2267 13 12 6
2268 12 11 5
2269 17 16 4
2270 16 15 5
2271 5 5 5
2272 12 11 5
2273 5 5 5
2274 20 19 5
2275 9 9 5
2276 19 19 7
2277 15 14 6
2278 14 14 6
2279 14 13 5
2280 5 5 5
2281 16 15 5
2282 13 12 6
2283 8 8 4
2284 12 11 5
2285 19 19 7
2286 17 17 7
2287 15 14 6
2288 12 11 5
2289 9 8 4
2290 10 9 5
2291 13 12 6
2292 12 11 5
2293 7 6 5
2294 23 22 6
2295 16 16 4
2296 20 19 5
2297 9 9 5
2298 11 10 4
2299 6 5 4
2300 6 5 4
2301 10 9 5
2302 11 10 6
2303 14 13 5
2304 11 11 5
2305 17 17 5
2306 17 17 5
2307 19 18 8
2308 18 17 5
2309 21 20 4
2310 16 15 7
2311 11 10 6
2312 8 8 4
2313 16 15 5
2314 17 17 5
2315 11 11 5
2316 11 10 6
2317 10 10 6
2318 10 10 4
2319 16 15 7
2320 17 16 6
2321 14 14 6
2322 6 6 6
2323 19 18 6
2324 20 20 8
2325 6 6 6
2326 13 12 6
2327 6 6 6
2328 9 9 5
2329 9 8 4
2330 10 9 5
2331 11 11 5
2332 15 15 5
2333 17 17 7
2334 7 6 5
2335 11 10 6
2336 20 20 6
2337 12 12 4
2338 12 11 5
2339 11 11 5
2340 13 12 8
2341 10 10 4
2342 10 9 5
2343 13 12 4
2344 12 11 5
2345 13 13 5
2346 9 9 5
2347 7 7 7
2348 12 12 4
2349 14 13 5
2350 13 13 5
2351 13 13 5
2352 13 12 8
2353 8 8 4
2354 12 11 5
2355 13 12 8
2356 6 6 6
2357 13 12 4
2358 6 5 4
2359 12 11 5
2360 15 14 6
2361 14 14 4
2362 10 9 5
2363 7 6 5
2364 13 12 4
2365 10 9 5
2366 5 5 5
2367 14 13 7
2368 5 5 5
2369 14 13 5
2370 17 17 7
2371 15 14 6
2372 10 10 4
2373 16 15 7
2374 7 6 5
2375 5 5 5
2376 12 11 7
2377 13 12 4
2378 10 9 5
2379 9 9 5
2380 13 12 6
2381 10 10 6
2382 12 12 4
2383 12 11 5
2384 9 8 4
2385 14 13 5
2386 15 14 6
2387 8 8 4
2388 16 15 7
2389 7 6 5
2390 9 8 4
2391 14 13 7
2392 13 13 5
2393 15 15 5
2394 11 11 5
2395 13 13 5
2396 13 13 7
2397 7 6 5
2398 11 10 4
2399 12 11 5
2400 15 14 4
2401 12 11 7
2402 17 16 4
2403 16 15 5
2404 13 12 4
2405 14 13 5
2406 9 9 5
2407 13 12 6
2408 14 14 6
2409 14 14 6
2410 12 12 6
2411 16 16 6
2412 10 10 4
2413 20 19 5
2414 17 16 6
2415 12 11 5
2416 9 8 4
2417 14 13 7
2418 13 12 4
2419 22 21 5
2420 23 22 6
2421 14 13 5
2422 15 14 4
2423 30 29 5
2424 37 36 6
2425 30 29 5
2426 25 24 6
2427 24 24 6
2428 14 14 6
2429 20 19 5
2430 31 30 4
2431 16 15 5
2432 17 16 6
2433 16 15 5
2434 17 16 4
2435 34 33 7
2436 25 24 6
2437 36 36 6
2438 26 25 7
2439 23 22 4
2440 36 35 7
2441 33 33 5
2442 23 23 7
2443 25 24 6
2444 28 28 8
2445 34 34 6
2446 26 25 7
2447 25 24 4
2448 22 21 5
2449 43 42 12
2450 26 26 6
2451 26 25 7
2452 51 51 5
2453 35 34 6
2454 30 29 5
2455 27 26 4
2456 46 45 7
2457 35 34 6
2458 20 20 6
2459 34 34 6
2460 38 37 7
2461 37 36 6
2462 34 33 5
2463 31 31 7
2464 27 27 5
2465 27 27 7
2466 25 24 6
2467 26 26 6
2468 26 25 5
2469 29 28 4
2470 40 39 11
2471 17 16 4
2472 32 31 5
2473 17 17 5
2474 19 19 5
2475 19 19 5
2476 19 19 5
2477 29 28 8
2478 18 17 7
2479 31 30 6
2480 18 17 5
2481 19 19 5
2482 17 16 6
2483 20 20 6
2484 22 22 4
2485 32 31 7
2486 23 22 6
2487 24 24 6
2488 32 32 4
2489 18 17 7
2490 19 18 6
2491 24 23 5
2492 17 16 6
2493 18 17 5
2494 21 21 5
2495 23 22 6
2496 14 13 5
2497 15 14 4
2498 28 27 7
2499 15 14 6
2500 14 14 4
2501 18 17 5
2502 23 22 6
2503 14 14 6
2504 10 10 6
2505 8 8 4
2506 12 11 5
2507 17 17 5
2508 21 21 7
2509 21 20 4
2510 26 25 7
2511 23 22 6
2512 16 16 4
2513 16 15 5
2514 19 19 5
2515 15 15 5
2516 17 16 6
2517 18 17 5
2518 21 21 5
2519 13 13 5
2520 15 14 4
2521 12 11 5
2522 21 20 6
2523 10 10 6
2524 16 16 6
2525 12 11 5
2526 25 24 8
2527 12 12 6
2528 12 12 4
2529 24 23 5
2530 13 13 5
2531 21 21 5
2532 15 15 5
2533 11 10 4
2534 12 11 5
2535 19 19 7
2536 11 10 4
2537 22 21 7
2538 13 12 4
2539 14 13 5
2540 15 15 5
2541 17 16 6
2542 14 14 4
2543 28 27 7
2544 19 18 6
2545 14 14 6
2546 8 8 4
2547 14 13 5
2548 21 20 8
2549 16 16 4
2550 14 13 5
2551 19 19 5
2552 11 11 5
2553 21 21 5
2554 11 11 5
2555 19 19 5
2556 21 20 4
2557 24 23 7
2558 21 20 6
2559 18 18 4
2560 18 17 5
2561 21 20 4
2562 20 19 5
2563 29 28 6
2564 26 25 5
2565 17 16 4
2566 12 11 5
2567 13 12 4
2568 16 15 5
2569 29 29 5
2570 21 21 5
2571 21 20 6
2572 16 15 5
2573 17 16 4
2574 24 23 5
2575 25 25 5
2576 11 10 4
2577 32 31 5
2578 17 17 5
2579 29 28 6
2580 22 22 4
2581 18 17 5
2582 19 18 6
2583 20 20 6
2584 16 16 4
2585 22 21 5
2586 17 17 5
2587 19 18 4
2588 22 21 5
2589 21 21 7
2590 19 18 4
2591 16 15 5
2592 15 14 4
2593 22 21 5
2594 11 11 5
2595 21 21 5
2596 17 17 7
2597 19 18 6
2598 18 18 4
2599 20 19 5
2600 21 21 5
2601 15 15 5
2602 13 13 5
2603 19 19 5
2604 9 9 5
2605 15 14 6
2606 10 10 4
2607 14 13 5
2608 19 18 6
2609 12 12 6
2610 24 24 6
2611 20 20 6
2612 16 15 7
2613 11 10 4
2614 14 13 5
2615 15 14 4
2616 18 17 7
2617 9 8 4
2618 22 21 7
2619 21 20 4
2620 16 15 5
2621 17 16 4
2622 18 17 7
2623 13 12 4
2624 14 13 5
2625 13 12 6
2626 12 12 4
2627 12 11 5
2628 5 5 5
2629 22 21 5
2630 15 14 4
2631 18 17 5
2632 13 12 6
2633 16 16 6
2634 16 16 6
2635 24 24 6
2636 12 11 5
2637 13 13 5
2638 9 8 4
2639 22 21 7
2640 9 9 5
2641 15 14 6
2642 14 13 5
2643 13 12 4
2644 18 17 5
2645 11 11 5
2646 13 12 6
2647 8 8 4
2648 24 23 7
2649 11 10 4
2650 16 15 5
2651 9 9 5
2652 21 21 7
2653 13 12 4
2654 14 13 5
2655 13 13 7
2656 17 16 4
2657 14 13 5
2658 11 10 6
2659 14 14 6
2660 12 11 5
2661 27 26 8
2662 10 9 5
2663 9 8 4
2664 12 11 5
2665 11 10 4
2666 12 11 5
2667 13 12 6
2668 16 15 5
2669 15 15 5
2670 13 13 5
2671 15 15 7
2672 7 6 5
2673 5 5 5
2674 14 13 5
2675 7 6 5
2676 13 13 5
2677 13 13 5
2678 11 11 5
2679 11 10 4
2680 24 23 5
2681 17 17 5
2682 17 17 5
2683 17 17 7
2684 7 6 5
2685 15 15 5
2686 7 6 5
2687 19 19 5
2688 15 14 6
2689 14 14 4
2690 10 9 5
2691 9 9 5
2692 17 17 5
2693 13 13 5
2694 13 12 6
2695 14 13 5
2696 23 22 6
2697 20 19 5
2698 13 12 4
2699 12 11 5
2700 21 20 6
2701 18 17 5
2702 19 19 5
2703 17 17 5
2704 29 29 7
2705 15 14 6
2706 26 26 6
2707 26 25 7
2708 25 24 4
2709 18 17 5
2710 27 26 6
2711 20 19 5
2712 21 21 7
2713 27 27 5
2714 25 25 5
2715 27 27 5
2716 27 27 7
2717 27 27 7
2718 27 27 5
2719 19 19 7
2720 17 16 4
2721 28 27 7
2722 19 19 5
2723 21 21 5
2724 21 21 5
2725 27 27 5
2726 21 21 5
2727 29 28 6
2728 30 29 5
2729 27 27 7
2730 31 30 6
2731 26 25 5
2732 23 23 7
2733 31 31 9
2734 41 40 6
2735 28 27 7
2736 41 41 7
2737 19 19 5
2738 27 27 5
2739 33 32 8
2740 18 18 4
2741 20 19 7
2742 17 17 5
2743 21 20 4
2744 20 19 5
2745 25 24 6
2746 28 27 7
2747 25 24 6
2748 20 19 5
2749 13 13 5
2750 27 26 10
2751 34 34 10
2752 12 12 4
2753 18 17 5
2754 17 16 4
2755 34 33 7
2756 25 24 6
2757 22 22 8
2758 24 24 4
2759 32 31 5
2760 27 27 7
2761 19 18 6
2762 16 16 4
2763 24 23 5
2764 29 29 7
2765 19 18 8
2766 38 38 10
2767 32 32 6
2768 24 24 6
2769 26 26 8
2770 36 36 8
2771 36 35 9
2772 23 22 4
2773 24 23 5
2774 25 25 5
2775 33 33 5
2776 17 17 7
2777 39 38 10
2778 20 20 6
2779 20 20 4
2780 18 17 5
2781 29 28 10
2782 26 25 7
2783 37 37 9
2784 27 26 8
2785 20 20 4
2786 18 17 5
2787 25 25 9
2788 31 30 10
2789 22 22 4
2790 16 15 5
2791 11 11 5
2792 37 36 10
2793 16 16 4
2794 28 27 5
2795 23 23 5
2796 29 29 5
2797 43 42 14
2798 20 19 5
2799 17 17 5
2800 15 14 6
2801 14 14 4
2802 14 13 5
2803 11 11 5
2804 13 13 5
2805 27 26 6
2806 34 34 6
2807 18 18 6
2808 34 34 6
2809 26 25 7
2810 11 10 4
2811 34 33 7
2812 9 9 5
2813 27 26 6
2814 16 16 4
2815 20 19 5
2816 27 27 7
2817 9 8 4
2818 22 21 7
2819 15 14 4
2820 28 27 5
2821 15 14 6
2822 24 24 4
2823 10 9 5
2824 17 16 4
2825 18 17 5
2826 17 16 6
2827 16 16 4
2828 10 9 5
2829 9 8 4
2830 12 11 5
2831 15 15 5
2832 11 11 5
2833 11 10 4
2834 12 11 5
2835 13 12 4
2836 16 15 5
2837 9 9 5
2838 13 12 6
2839 16 15 5
2840 13 13 5
2841 19 18 6
2842 30 30 6
2843 20 19 7
2844 19 19 5
2845 15 14 6
2846 22 22 6
2847 12 12 4
2848 18 17 5
2849 13 12 6
2850 10 10 4
2851 12 11 5
2852 21 20 6
2853 30 30 6
2854 24 23 7
2855 21 20 6
2856 14 13 5
2857 13 12 4
2858 12 11 5
2859 17 16 6
2860 10 10 4
2861 12 11 5
2862 13 12 4
2863 14 13 5
2864 11 11 5
2865 13 13 7
2866 17 16 4
2867 18 17 7
2868 7 6 5
2869 25 24 6
2870 16 16 8
2871 18 18 4
2872 16 15 5
2873 11 10 6
2874 14 14 6
2875 16 16 4
2876 14 13 5
2877 9 9 5
2878 7 6 5
2879 19 19 7
2880 25 24 6
2881 8 8 4
2882 10 9 5
2883 7 6 5
2884 9 9 5
2885 19 19 5
2886 15 14 4
2887 16 15 5
2888 15 14 4
2889 32 31 7
2890 19 19 7
2891 21 20 4
2892 10 9 5
2893 19 18 8
2894 18 18 4
2895 16 15 5
2896 9 8 4
2897 14 13 5
2898 17 17 5
2899 17 16 4
2900 14 13 5
2901 19 18 6
2902 10 10 4
2903 18 17 5
2904 13 12 4
2905 18 17 5
2906 15 14 6
2907 12 11 5
2908 11 11 5
2909 17 17 5
2910 17 16 6
2911 22 22 6
2912 20 19 7
2913 17 16 6
2914 20 20 4
2915 14 13 5
2916 23 23 5
2917 15 15 5
2918 13 12 4
2919 18 17 5
2920 11 10 6
2921 12 12 6
2922 16 16 6
2923 10 10 4
2924 16 15 5
2925 21 20 4
2926 20 19 5
2927 17 17 5
2928 19 18 6
2929 10 10 6
2930 12 11 5
2931 11 10 4
2932 22 21 7
2933 17 16 4
2934 14 13 5
2935 11 11 5
2936 17 17 5
2937 13 12 4
2938 18 17 5
2939 17 16 6
2940 10 10 6
2941 14 14 6
2942 8 8 4
2943 16 15 5
2944 15 14 4
2945 18 17 5
2946 15 15 5
2947 13 13 5
2948 13 13 5
2949 11 11 5
2950 17 17 5
2951 33 32 8
2952 14 14 4
2953 20 19 5
2954 23 22 6
2955 14 14 4
2956 16 15 5
2957 19 19 5
2958 13 12 4
2959 24 23 5
2960 23 22 6
2961 16 15 5
2962 21 20 4
2963 24 23 5
2964 13 13 7
2965 27 26 8
2966 24 24 8
2967 30 30 10
2968 18 17 5
2969 21 21 5
2970 27 27 5
2971 29 29 9
2972 27 26 6
2973 18 18 6
2974 18 18 4
2975 22 21 5
2976 17 17 5
2977 17 16 6
2978 24 24 4
2979 20 19 5
2980 19 18 6
2981 14 13 5
2982 19 18 6
2983 12 12 4
2984 14 13 5
2985 21 20 6
2986 20 20 6
2987 22 21 7
2988 15 14 4
2989 18 17 5
2990 23 22 6
2991 20 19 5
2992 17 17 7
2993 23 22 6
2994 24 23 7
2995 31 30 6
2996 26 26 6
2997 24 24 6
2998 34 34 6
2999 24 24 8
3000 28 28 6
3001 14 13 5
3002 19 18 6
3003 26 26 6
3004 26 25 5
3005 25 25 5
3006 25 25 5
3007 27 26 6
3008 18 18 4
3009 20 19 5
3010 23 23 5
3011 13 12 4
3012 20 19 7
3013 25 25 5
3014 25 25 5
3015 15 15 5
3016 29 28 10
3017 10 10 4
3018 18 17 5
3019 33 33 5
3020 15 14 6
3021 18 18 4
3022 28 27 7
3023 17 17 5
3024 25 24 10
3025 18 17 5
3026 17 17 5
3027 23 22 6
3028 24 24 6
3029 28 27 7
3030 21 21 5
3031 27 26 8
3032 22 22 6
3033 32 32 10
3034 22 22 4
3035 20 19 7
3036 25 24 6
3037 20 20 6
3038 28 27 5
3039 27 27 5
3040 27 27 7
3041 25 24 4
3042 34 33 7
3043 29 28 8
3044 30 30 6
3045 26 25 7
3046 27 26 6
3047 24 24 8
3048 22 21 5
3049 13 13 5
3050 29 28 6
3051 30 29 9
3052 17 16 4
3053 14 13 5
3054 17 16 6
3055 16 16 6
3056 16 16 4
3057 24 23 5
3058 21 20 6
3059 20 20 6
3060 24 24 10
3061 12 12 4
3062 20 19 5
3063 19 19 5
3064 21 20 6
3065 14 14 6
3066 24 24 6
3067 14 13 5
3068 15 14 4
3069 20 19 5
3070 21 20 6
3071 24 23 5
3072 13 12 6
3073 16 16 6
3074 12 12 4
3075 24 23 5
3076 21 20 6
3077 18 18 4
3078 22 21 5
3079 17 17 5
3080 17 17 5
3081 19 19 5
3082 11 11 5
3083 21 20 4
3084 16 15 5
3085 13 12 4
3086 16 15 5
3087 13 13 5
3088 19 19 7
3089 27 27 5
3090 11 10 4
3091 14 13 5
3092 15 14 4
3093 12 11 5
3094 13 13 5
3095 17 16 6
3096 12 11 5
3097 15 15 5
3098 11 10 4
3099 14 13 5
3100 27 26 6
3101 14 13 5
3102 21 20 6
3103 18 18 4
3104 22 21 5
3105 11 11 5
3106 33 32 6
3107 18 18 6
3108 24 24 4
3109 22 21 7
3110 23 22 4
3111 18 17 7
3112 23 22 6
3113 28 27 5
3114 33 33 7
3115 23 23 7
3116 23 23 5
3117 27 27 5
3118 31 30 8
3119 40 40 8
3120 22 22 4
3121 18 17 5
3122 31 31 5
3123 27 26 4
3124 24 23 5
3125 33 32 8
3126 34 34 6
3127 32 32 6
3128 38 38 6
3129 24 24 4
3130 28 27 7
3131 29 29 5
3132 29 29 7
3133 13 12 6
3134 26 26 6
3135 26 26 8
3136 20 20 4
3137 26 25 7
3138 19 19 5
3139 19 19 5
3140 19 19 5
3141 23 22 6
3142 12 11 5
3143 17 16 4
3144 20 19 7
3145 17 16 6
3146 14 14 6
3147 16 16 6
3148 14 14 4
3149 12 11 5
3150 13 13 5
3151 17 16 8
3152 14 14 6
3153 10 10 4
3154 10 9 5
3155 11 10 6
3156 12 11 5
3157 13 13 5
3158 15 14 6
3159 12 11 5
3160 19 19 5
3161 13 13 5
3162 11 11 5
3163 17 16 8
3164 8 8 4
3165 10 9 5
3166 17 16 6
3167 20 20 6
3168 16 15 5
3169 11 10 4
3170 12 11 5
3171 9 9 5
3172 9 8 4
3173 14 13 5
3174 25 25 7
3175 21 21 7
3176 21 20 6
3177 8 8 4
3178 10 9 5
3179 11 10 4
3180 10 9 5
3181 15 14 4
3182 14 13 7
3183 11 10 4
3184 10 9 5
3185 9 9 5
3186 7 6 5
3187 15 15 7
3188 13 13 5
3189 13 13 5
3190 13 13 7
3191 17 16 6
3192 16 15 5
3193 9 9 5
3194 9 9 5
3195 17 16 6
3196 14 14 6
3197 6 6 6
3198 11 10 6
3199 10 10 6
3200 12 11 5
3201 13 12 6
3202 18 17 7
3203 15 14 6
3204 22 21 5
3205 15 14 6
3206 14 14 6
3207 8 7 6
3208 12 12 4
3209 12 11 5
3210 9 8 4
3211 12 11 5
3212 11 10 4
3213 6 5 4
3214 22 21 7
3215 25 24 6
3216 20 20 6
3217 20 20 6
3218 12 11 5
3219 15 14 4
3220 22 21 7
3221 15 15 5
3222 15 14 6
3223 10 9 5
3224 21 20 6
3225 6 6 6
3226 11 10 4
3227 10 9 5
3228 15 14 6
3229 20 19 5
3230 11 10 4
3231 12 11 5
3232 5 5 5
3233 12 11 5
3234 19 18 6
3235 18 18 6
3236 22 22 6
3237 16 16 6
3238 18 18 6
3239 14 13 5
3240 13 13 5
3241 15 14 6
3242 12 12 4
3243 12 11 5
3244 15 15 7
3245 15 14 6
3246 12 11 5
3247 15 14 4
3248 10 9 5
3249 11 11 5
3250 13 12 6
3251 18 18 6
3252 16 16 6
3253 18 17 5
3254 15 14 4
3255 16 15 5
3256 13 13 5
3257 11 10 6
3258 6 6 6
3259 9 9 5
3260 15 15 5
3261 17 16 6
3262 10 9 5
3263 17 17 5
3264 11 11 5
3265 21 20 8
3266 16 16 4
3267 6 5 4
3268 10 9 5
3269 13 13 7
3270 13 12 6
3271 10 9 5
3272 13 12 4
3273 14 13 5
3274 13 13 5
3275 21 21 5
3276 13 13 5
3277 19 19 5
3278 13 13 5
3279 19 19 5
3280 23 23 5
3281 23 22 4
3282 30 29 7
3283 21 20 6
3284 22 22 4
3285 20 19 5
3286 19 18 6
3287 14 14 6
3288 18 18 6
3289 16 16 4
3290 14 13 5
3291 15 15 5
3292 29 28 4
3293 16 15 5
3294 13 12 4
3295 14 13 5
3296 9 9 5
3297 21 21 5
3298 13 13 5
3299 29 28 6
3300 16 15 5
3301 19 19 5
3302 19 19 5
3303 19 19 5
3304 23 22 6
3305 14 14 4
3306 16 15 5
3307 23 22 6
3308 22 22 6
3309 22 21 5
3310 23 23 5
3311 15 14 4
3312 16 15 5
3313 29 28 6
3314 12 12 4
3315 18 17 5
3316 19 19 5
3317 17 16 4
3318 12 11 5
3319 11 10 4
3320 16 15 5
3321 19 19 5
3322 9 9 5
3323 19 18 8
3324 10 10 4
3325 16 15 5
3326 17 16 4
3327 12 11 5
3328 23 22 6
3329 14 13 5
3330 17 17 7
3331 13 12 4
3332 18 17 5
3333 17 17 7
3334 11 10 4
3335 24 23 7
3336 13 13 5
3337 15 14 4
3338 20 19 5
3339 17 16 6
3340 6 5 4
3341 10 9 5
3342 15 14 6
3343 10 10 6
3344 20 20 6
3345 18 17 7
3346 21 20 6
3347 10 10 4
3348 12 11 5
3349 13 13 5
3350 5 5 5
3351 18 17 7
3352 11 11 5
3353 21 20 6
3354 12 12 6
3355 8 8 4
3356 16 15 5
3357 19 19 7
3358 13 12 6
3359 16 16 8
3360 22 22 6
3361 10 10 4
3362 20 19 7
3363 15 14 4
3364 16 15 5
3365 17 16 6
3366 14 13 5
3367 17 16 6
3368 12 12 4
3369 14 13 7
3370 17 17 5
3371 13 12 4
3372 26 25 5
3373 15 14 6
3374 16 16 6
3375 18 18 4
3376 18 17 5
3377 15 14 6
3378 12 11 5
3379 23 22 6
3380 14 14 4
3381 20 19 7
3382 17 16 6
3383 14 14 4
3384 16 15 7
3385 5 5 5
3386 16 15 5
3387 13 12 4
3388 10 9 5
3389 19 18 6
3390 16 15 5
3391 13 13 5
3392 17 16 4
3393 12 11 5
3394 11 10 6
3395 8 8 4
3396 12 11 5
3397 15 14 6
3398 16 15 5
3399 11 10 4
3400 14 13 5
3401 17 17 7
3402 17 16 4
3403 16 15 5
3404 25 25 7
3405 9 8 4
3406 14 13 5
3407 13 12 6
3408 14 14 6
3409 12 12 4
3410 26 25 7
3411 9 8 4
3412 12 11 5
3413 11 11 5
3414 11 10 4
3415 10 9 5
3416 15 14 6
3417 14 14 6
3418 16 16 6
3419 12 12 4
3420 10 9 5
3421 13 12 4
3422 22 21 5
3423 15 15 7
3424 19 18 6
3425 10 10 4
3426 16 15 5
3427 17 17 5
3428 17 16 6
3429 16 16 4
3430 18 17 5
3431 11 10 6
3432 12 11 5
3433 31 30 6
3434 10 10 4
3435 12 11 5
3436 19 18 6
3437 16 15 5
3438 11 10 4
3439 10 9 5
3440 15 14 4
3441 16 15 5
3442 15 15 5
3443 19 18 6
3444 14 13 5
3445 17 16 4
3446 20 19 7
3447 15 14 6
3448 12 12 6
3449 12 12 6
3450 18 18 6
3451 12 11 5
3452 13 12 4
3453 16 15 7
3454 15 14 4
3455 14 13 5
3456 11 10 6
3457 14 14 6
3458 14 14 4
3459 10 9 5
3460 9 9 5
3461 11 10 4
3462 6 5 4
3463 12 11 5
3464 17 17 5
3465 15 15 7
3466 7 6 5
3467 19 18 4
3468 8 7 6
3469 22 22 6
3470 18 18 6
3471 6 6 6
3472 11 10 4
3473 12 11 5
3474 13 12 4
3475 14 13 7
3476 15 14 4
3477 18 17 5
3478 11 11 5
3479 11 10 4
3480 10 9 5
3481 25 24 8
3482 28 28 6
3483 18 18 4
3484 20 19 5
3485 13 13 5
3486 13 13 5
3487 21 20 6
3488 12 12 4
3489 18 17 5
3490 13 12 4
3491 20 19 7
3492 25 25 5
3493 9 8 4
3494 12 11 5
3495 15 15 5
3496 9 8 4
3497 12 11 5
3498 17 16 6
3499 26 25 5
3500 37 36 6
3501 10 10 4
3502 14 13 5
3503 23 22 4
3504 20 19 5
3505 21 20 6
3506 16 16 4
3507 14 13 5
3508 21 20 6
3509 18 18 6
3510 20 20 6
3511 14 14 6
3512 12 12 4
3513 6 5 4
3514 16 15 5
3515 21 20 6
3516 22 22 6
3517 24 24 6
3518 18 18 4
3519 14 13 5
3520 15 14 4
3521 12 11 5
3522 21 21 5
3523 23 23 5
3524 25 24 4
3525 22 21 5
3526 27 27 5
3527 25 25 5
3528 17 17 7
3529 15 15 5
3530 15 14 4
3531 30 29 7
3532 45 45 5
3533 21 21 5
3534 21 21 7
3535 21 20 4
3536 18 17 5
3537 11 11 5
3538 21 21 5
3539 19 18 6
3540 20 20 4
3541 18 17 5
3542 25 25 5
3543 27 27 5
3544 25 24 4
3545 24 23 5
3546 13 13 5
3547 23 22 6
3548 14 13 5
3549 21 20 6
3550 18 18 6
3551 22 22 8
3552 16 16 4
3553 34 33 5
3554 15 15 5
3555 19 19 5
3556 23 22 4
3557 24 23 5
3558 21 21 5
3559 29 29 5
3560 31 31 5
3561 31 31 5
3562 21 21 5
3563 37 36 8
3564 28 27 7
3565 41 40 8
3566 30 30 8
3567 18 17 5
3568 43 43 7
3569 49 49 9
3570 45 44 10
3571 22 21 5
3572 27 27 7
3573 35 34 10
3574 28 28 6
3575 32 32 6
3576 30 29 7
3577 25 24 4
3578 32 31 5
3579 19 19 5
3580 43 43 9
3581 33 33 5
3582 21 20 6
3583 22 21 5
3584 29 28 6
3585 24 23 5
3586 29 28 6
3587 22 22 6
3588 18 18 4
3589 22 21 5
3590 21 21 5
3591 21 21 5
3592 13 12 4
3593 26 25 5
3594 17 17 5
3595 17 16 6
3596 18 18 4
3597 24 23 5
3598 17 17 5
3599 15 14 6
3600 24 23 5
3601 19 19 5
3602 19 18 4
3603 16 15 5
3604 13 12 6
3605 10 10 4
3606 28 27 7
3607 13 12 4
3608 14 13 5
3609 21 20 6
3610 22 21 5
3611 19 18 6
3612 16 15 7
3613 15 14 4
3614 18 17 7
3615 15 14 4
3616 16 15 7
3617 9 8 4
3618 14 13 5
3619 9 9 5
3620 9 8 4
3621 20 19 7
3622 21 20 8
3623 10 10 4
3624 12 11 5
3625 13 13 5
3626 13 12 4
3627 12 11 5
3628 19 18 8
3629 10 10 4
3630 14 13 5
3631 13 12 4
3632 20 19 5
3633 17 16 8
3634 22 21 5
3635 17 17 7
3636 17 16 4
3637 16 15 5
3638 11 11 5
3639 11 11 5
3640 21 20 6
3641 8 8 4
3642 14 13 5
3643 19 18 6
3644 18 18 4
3645 12 11 5
3646 21 20 6
3647 6 6 6
3648 9 8 4
3649 18 17 5
3650 23 22 6
3651 8 8 4
3652 28 27 7
3653 25 24 6
3654 26 25 7
3655 37 36 6
3656 36 36 6
3657 30 30 6
3658 18 18 4
3659 18 17 5
3660 19 18 4
3661 24 23 5
3662 23 23 5
3663 19 18 4
3664 24 23 5
3665 11 11 5
3666 19 18 4
3667 36 35 7
3668 25 24 8
3669 16 15 5
3670 25 25 5
3671 29 29 5
3672 17 17 5
3673 13 12 4
3674 22 21 5
3675 21 20 6
3676 34 34 6
3677 20 19 5
3678 27 26 4
3679 28 27 5
3680 15 14 6
3681 20 20 4
3682 12 11 5
3683 17 16 4
3684 10 9 5
3685 19 19 5
3686 13 12 4
3687 18 17 7
3688 25 25 5
3689 21 20 6
3690 14 13 5
3691 23 22 4
3692 22 21 5
3693 21 21 5
3694 11 10 6
3695 16 16 6
3696 16 15 5
3697 25 24 6
3698 18 17 5
3699 21 20 6
3700 14 14 6
3701 22 22 6
3702 14 14 6
3703 20 20 4
3704 22 21 5
3705 13 13 5
3706 11 10 4
3707 16 15 5
3708 15 15 5
3709 27 26 8
3710 20 19 5
3711 11 10 4
3712 18 17 5
3713 19 19 5
3714 13 13 5
3715 9 8 4
3716 14 13 5
3717 11 11 5
3718 15 15 5
3719 19 18 6
3720 12 11 5
3721 19 18 6
3722 10 9 5
3723 17 17 7
3724 15 14 4
3725 20 19 7
3726 17 16 6
3727 6 6 6
3728 19 19 5
3729 27 27 7
3730 7 6 5
3731 19 18 6
3732 12 12 4
3733 22 21 5
3734 11 11 5
3735 15 14 8
3736 8 8 4
3737 12 11 5
3738 11 10 4
3739 10 9 5
3740 11 10 4
3741 14 13 5
3742 9 9 5
3743 9 8 4
3744 14 13 5
3745 15 15 5
3746 21 20 6
3747 8 8 4
3748 12 11 5
3749 11 11 5
3750 9 9 5
3751 13 12 4
3752 12 11 5
3753 11 10 6
3754 10 9 5
3755 9 9 5
3756 17 16 6
3757 12 12 6
3758 12 12 4
3759 12 11 5
3760 9 8 4
3761 16 15 5
3762 11 11 5
3763 19 18 6
3764 18 17 7
3765 13 13 5
3766 17 16 6
3767 10 10 4
3768 10 9 5
3769 17 17 7
3770 7 6 5
3771 13 12 4
3772 16 15 7
3773 5 5 5
3774 12 11 5
3775 15 14 6
3776 16 16 6
3777 16 16 6
3778 14 14 6
3779 12 12 8
3780 6 6 6
3781 9 8 4
3782 10 9 5
3783 15 14 6
3784 20 20 6
3785 8 8 4
3786 22 21 5
3787 23 22 6
3788 24 24 6
3789 12 12 6
3790 8 8 4
3791 18 17 5
3792 13 12 6
3793 18 18 6
3794 10 10 4
3795 10 9 5
3796 17 17 7
3797 23 22 6
3798 18 18 6
3799 6 6 6
3800 13 12 4
3801 12 11 5
3802 13 12 6
3803 12 11 5
3804 17 16 6
3805 12 11 5
3806 13 12 6
3807 8 8 4
3808 18 17 5
3809 21 20 8
3810 8 8 4
3811 12 11 5
3812 7 6 5
3813 15 14 6
3814 18 18 6
3815 14 13 5
3816 11 11 7
3817 13 12 4
3818 20 19 5
3819 15 15 5
3820 11 10 6
3821 12 11 5
3822 11 10 4
3823 16 15 7
3824 19 18 4
3825 24 23 5
3826 13 13 5
3827 15 15 5
3828 9 8 4
3829 6 5 4
3830 18 17 5
3831 13 12 4
3832 20 19 5
3833 21 21 7
3834 15 14 4
3835 16 15 5
3836 13 13 5
3837 17 16 4
3838 22 21 5
3839 9 8 4
3840 18 17 5
3841 13 13 5
3842 17 16 4
3843 16 15 5
3844 17 16 4
3845 20 19 5
3846 15 15 5
3847 17 16 4
3848 16 15 5
3849 11 10 4
3850 20 19 5
3851 19 18 6
3852 16 16 4
3853 18 17 5
3854 33 32 8
3855 36 36 6
3856 26 25 5
3857 27 26 6
3858 24 23 7
3859 25 24 6
3860 26 26 6
3861 22 22 6
3862 12 12 6
3863 22 22 6
3864 26 26 8
3865 22 22 4
3866 24 23 7
3867 31 30 4
3868 14 13 5
3869 29 29 5
3870 17 16 6
3871 14 14 4
3872 16 15 5
3873 23 23 7
3874 25 25 7
3875 23 22 6
3876 14 14 4
3877 16 15 5
3878 15 15 5
3879 23 22 6
3880 20 20 6
3881 22 21 5
3882 17 16 4
3883 32 31 11
3884 19 18 4
3885 32 31 7
3886 21 20 4
3887 16 15 5
3888 21 21 5
3889 23 22 6
3890 20 19 5
3891 19 18 6
3892 18 17 5
3893 15 14 6
3894 22 21 5
3895 17 16 6
3896 20 19 5
3897 17 17 5
3898 19 19 7
3899 11 11 5
3900 19 19 5
3901 13 12 6
3902 12 11 5
3903 13 12 4
3904 12 11 5
3905 17 16 4
3906 16 15 7
3907 21 20 6
3908 16 15 5
3909 21 21 5
3910 13 13 5
3911 23 23 5
3912 9 9 5
3913 5 5 5
3914 16 15 5
3915 13 12 6
3916 12 12 4
3917 12 11 7
3918 13 12 6
3919 20 20 6
3920 20 19 5
3921 11 10 6
3922 22 22 4
3923 10 9 5
3924 7 6 5
3925 27 26 6
3926 24 23 5
3927 17 16 4
3928 14 13 5
3929 17 16 6
3930 14 13 5
3931 23 22 4
3932 14 13 5
3933 17 17 5
3934 21 21 7
3935 17 16 6
3936 10 10 4
3937 18 17 7
3938 15 14 4
3939 14 13 5
3940 25 24 8
3941 18 18 6
3942 14 14 4
3943 16 15 5
3944 15 14 6
3945 10 10 4
3946 18 17 5
3947 17 16 6
3948 14 13 5
3949 11 11 5
3950 15 14 6
3951 12 11 5
3952 15 14 4
3953 16 15 5
3954 13 13 5
3955 13 12 4
3956 14 13 5
3957 11 11 5
3958 21 20 6
3959 12 12 6
3960 16 15 5
3961 15 14 6
3962 10 9 5
3963 17 16 6
3964 20 19 5
3965 21 20 6
3966 20 19 5
3967 19 18 6
3968 22 22 6
3969 24 24 6
3970 12 12 4
3971 18 17 7
3972 15 14 4
3973 14 13 5
3974 11 10 4
3975 16 15 5
3976 27 26 6
3977 12 11 5
3978 15 14 4
3979 12 11 5
3980 17 17 5
3981 11 10 6
3982 12 12 8
3983 6 6 6
3984 9 8 4
3985 12 11 5
3986 9 9 5
3987 13 12 6
3988 22 21 5
3989 15 14 4
3990 26 25 7
3991 15 14 6
3992 12 11 5
3993 17 17 5
3994 27 27 5
3995 21 20 6
3996 16 15 5
3997 23 22 6
3998 14 13 5
3999 23 22 8
4000 8 8 4
4001 8 7 6
4002 12 12 4
4003 10 9 5
4004 13 13 5
4005 13 12 6
4006 8 8 8
4007 19 18 6
4008 14 14 6
4009 10 9 5
4010 11 11 5
4011 17 16 6
4012 6 5 4
4013 14 13 7
4014 15 14 6
4015 6 5 4
4016 10 9 5
4017 15 14 4
4018 12 11 5
4019 17 16 8
4020 14 14 6
4021 16 16 4
4022 16 15 7
4023 9 8 4
4024 8 7 6
4025 10 10 4
4026 8 7 6
4027 18 18 6
4028 10 9 5
4029 9 8 4
4030 16 15 5
4031 11 11 5
4032 9 9 5
4033 15 15 7
4034 13 12 6
4035 8 8 4
4036 16 15 7
4037 23 22 6
4038 16 15 5
4039 15 14 6
4040 6 6 6
4041 9 8 4
4042 16 15 7
4043 9 9 5
4044 13 12 6
4045 16 16 6
4046 12 12 6
4047 16 16 6
4048 12 11 5
4049 13 13 5
4050 11 11 5
4051 11 10 6
4052 10 10 4
4053 14 13 5
4054 15 15 5
4055 9 8 4
4056 12 11 5
4057 9 8 4
4058 12 11 5
4059 11 10 4
4060 12 11 5
4061 15 14 6
4062 6 6 6
4063 7 6 5
4064 19 19 7
4065 11 11 5
4066 9 9 5
4067 11 11 7
4068 9 8 4
4069 14 13 7
4070 13 12 6
4071 10 10 4
4072 12 11 5
4073 15 14 4
4074 12 11 5
4075 15 14 6
4076 14 14 6
4077 14 14 4
4078 16 15 5
4079 19 19 5
4080 17 16 4
4081 12 11 5
4082 21 20 6
4083 14 13 5
4084 19 18 6
4085 20 20 4
4086 24 23 5
4087 39 38 8
4088 40 39 5
4089 21 21 5
4090 35 34 6
4091 14 14 6
4092 16 16 4
4093 26 25 5
4094 11 10 4
4095 16 15 5
4096 17 16 6
4097 22 22 6
4098 24 24 4
4099 28 27 7
4100 21 20 4
4101 24 23 5
4102 25 25 5
4103 21 21 5
4104 27 27 5
4105 33 32 8
4106 36 36 4
4107 26 25 5
4108 37 37 5
4109 21 21 5
4110 17 16 4
4111 26 25 5
4112 31 30 6
4113 20 19 5
4114 25 24 6
4115 16 16 6
4116 22 22 6
4117 22 22 4
4118 16 15 5
4119 17 16 4
4120 22 21 5
4121 25 25 5
4122 17 17 5
4123 25 25 5
4124 25 24 6
4125 20 19 5
4126 15 15 5
4127 11 10 4
4128 16 15 5
4129 25 24 6
4130 22 21 5
4131 27 26 6
4132 20 19 5
4133 35 34 8
4134 36 36 6
4135 20 20 4
4136 36 35 5
4137 15 14 4
4138 22 21 5
4139 31 31 7
4140 39 39 5
4141 27 26 6
4142 14 14 4
4143 20 19 5
4144 17 17 5
4145 15 15 5
4146 33 32 6
4147 28 28 8
4148 20 20 6
4149 20 20 6
4150 38 38 6
4151 22 22 6
4152 26 26 6
4153 12 11 5
4154 13 12 4
4155 28 27 5
4156 33 32 6
4157 34 33 7
4158 23 22 4
4159 14 13 7
4160 25 24 4
4161 36 35 7
4162 17 16 6
4163 18 18 4
4164 20 19 5
4165 19 19 5
4166 25 25 7
4167 21 20 8
4168 14 14 4
4169 18 17 5
4170 23 22 6
4171 22 22 4
4172 22 21 5
4173 19 19 7
4174 15 14 4
4175 24 23 5
4176 17 17 5
4177 17 16 4
4178 26 25 5
4179 19 19 5
4180 21 21 5
4181 15 15 5
4182 33 32 6
4183 24 24 4
4184 16 15 5
4185 23 22 4
4186 28 27 5
4187 23 23 7
4188 9 9 5
4189 29 28 6
4190 34 34 6
4191 18 17 7
4192 17 16 4
4193 22 21 5
4194 21 21 5
4195 17 17 5
4196 21 20 4
4197 22 21 5
4198 21 21 5
4199 23 23 5
4200 19 19 5
4201 19 19 5
4202 27 27 5
4203 21 20 4
4204 24 23 5
4205 13 12 6
4206 18 18 4
4207 20 19 5
4208 21 20 6
4209 20 19 7
4210 31 30 6
4211 18 17 5
4212 17 17 5
4213 21 21 7
4214 17 16 6
4215 18 18 4
4216 14 13 5
4217 7 6 5
4218 15 14 6
4219 12 12 4
4220 14 13 5
4221 11 10 4
4222 24 23 5
4223 19 18 6
4224 16 16 6
4225 12 12 4
4226 18 17 5
4227 13 13 5
4228 25 24 6
4229 14 14 4
4230 20 19 5
4231 19 19 7
4232 15 14 4
4233 14 13 5
4234 9 9 5
4235 13 12 6
4236 8 8 4
4237 14 13 5
4238 17 16 6
4239 20 19 5
4240 15 15 5
4241 19 19 7
4242 13 12 6
4243 12 11 5
4244 5 5 5
4245 16 15 5
4246 9 9 5
4247 19 18 6
4248 12 12 4
4249 6 5 4
4250 14 13 5
4251 11 11 5
4252 5 5 5
4253 16 15 5
4254 17 16 6
4255 14 14 4
4256 8 7 6
4257 16 16 6
4258 14 13 5
4259 15 15 5
4260 13 13 5
4261 11 10 4
4262 16 15 5
4263 13 13 5
4264 13 12 6
4265 14 14 4
4266 10 9 5
4267 11 10 6
4268 12 12 4
4269 14 13 5
4270 13 12 6
4271 10 10 6
4272 16 16 6
4273 14 14 6
4274 10 9 5
4275 7 6 5
4276 15 14 4
4277 14 13 7
4278 13 13 5
4279 13 12 4
4280 14 13 5
4281 13 12 6
4282 12 11 5
4283 15 14 6
4284 10 10 6
4285 12 12 6
4286 14 14 6
4287 12 12 6
4288 6 5 4
4289 12 11 5
4290 15 15 7
4291 11 10 4
4292 14 13 5
4293 11 10 4
4294 20 19 5
4295 11 10 4
4296 16 15 5
4297 9 9 5
4298 17 16 6
4299 10 10 6
4300 10 10 6
4301 8 8 4
4302 14 13 7
4303 11 10 4
4304 16 15 7
4305 23 22 6
4306 10 10 6
4307 10 9 5
4308 17 16 6
4309 24 24 8
4310 10 10 4
4311 10 9 5
4312 15 14 6
4313 14 13 5
4314 11 10 4
4315 10 9 5
4316 11 10 4
4317 18 17 7
4318 7 6 5
4319 13 12 6
4320 12 12 4
4321 12 11 5
4322 19 18 8
4323 12 12 6
4324 12 12 4
4325 10 9 5
4326 13 12 4
4327 20 19 7
4328 13 12 6
4329 14 14 8
4330 10 10 4
4331 14 13 5
4332 9 8 4
4333 14 13 5
4334 13 13 5
4335 13 12 6
4336 8 8 4
4337 10 9 5
4338 9 9 5
4339 15 14 8
4340 12 12 4
4341 14 13 5
4342 11 11 5
4343 15 14 4
4344 16 15 7
4345 7 6 5
4346 13 12 4
4347 6 5 4
4348 10 9 5
4349 15 14 6
4350 12 12 6
4351 12 12 4
4352 6 5 4
4353 12 11 5
4354 11 10 6
4355 18 18 4
4356 20 19 5
4357 11 10 4
4358 12 11 5
4359 17 16 6
4360 26 25 5
4361 11 10 4
4362 20 19 5
4363 15 14 6
4364 22 22 4
4365 10 9 5
4366 19 19 5
4367 19 19 5
4368 19 19 5
4369 23 23 7
4370 15 15 5
4371 13 13 5
4372 25 24 4
4373 16 15 5
4374 25 24 6
4375 16 15 5
4376 11 10 4
4377 22 21 5
4378 27 27 5
4379 43 42 6
4380 22 22 6
4381 30 30 4
4382 24 23 5
4383 25 25 5
4384 27 26 6
4385 22 22 4
4386 34 33 7
4387 39 38 6
4388 32 32 4
4389 36 35 11
4390 43 42 10
4391 34 34 6
4392 46 45 9
4393 29 28 6
4394 24 23 5
4395 23 22 6
4396 54 54 12
4397 20 20 6
4398 16 16 4
4399 20 19 5
4400 29 29 9
4401 11 11 5
4402 25 24 6
4403 14 13 5
4404 23 22 4
4405 20 19 5
4406 29 28 8
4407 28 28 6
4408 16 16 4
4409 22 21 7
4410 17 16 6
4411 28 28 8
4412 20 20 6
4413 30 29 7
4414 23 22 6
4415 18 18 4
4416 20 19 5
4417 21 21 5
4418 25 24 6
4419 10 10 4
4420 22 21 5
4421 27 26 6
4422 14 14 4
4423 38 37 5
4424 37 37 9
4425 19 18 4
4426 26 25 7
4427 27 26 4
4428 18 17 5
4429 23 22 4
4430 36 35 7
4431 25 25 5
4432 21 21 5
4433 19 19 5
4434 17 16 4
4435 36 35 9
4436 29 29 5
4437 19 19 7
4438 17 16 4
4439 18 17 5
4440 17 16 6
4441 26 26 6
4442 26 26 6
4443 24 23 7
4444 17 16 6
4445 26 25 5
4446 13 13 5
4447 23 23 5
4448 27 27 7
4449 23 22 4
4450 20 19 5
4451 19 19 5
4452 19 19 5
4453 11 11 5
4454 29 28 6
4455 16 15 5
4456 29 28 6
4457 18 18 6
4458 12 12 4
4459 34 33 9
4460 23 22 10
4461 18 18 4
4462 28 27 7
4463 25 24 6
4464 16 15 5
4465 23 22 4
4466 28 27 9
4467 19 18 6
4468 34 34 6
4469 36 36 6
4470 20 19 5
4471 33 32 6
4472 16 15 5
4473 23 22 4
4474 30 29 9
4475 19 19 5
4476 21 21 5
4477 25 25 5
4478 27 27 5
4479 13 13 5
4480 35 34 6
4481 24 24 4
4482 30 29 7
4483 25 25 5
4484 23 22 4
4485 22 21 5
4486 21 21 5
4487 17 16 4
4488 26 25 5
4489 27 26 8
4490 16 16 4
4491 14 13 5
4492 35 34 6
4493 20 20 6
4494 26 26 6
4495 26 26 6
4496 12 12 4
4497 18 17 5
4498 19 18 6
4499 30 30 6
4500 22 22 6
4501 14 14 4
4502 26 25 5
4503 19 19 5
4504 15 15 7
4505 21 20 4
4506 16 15 5
4507 15 14 6
4508 26 26 6
4509 18 17 5
4510 15 14 4
4511 34 33 7
4512 23 22 6
4513 22 22 4
4514 14 13 5
4515 23 22 6
4516 34 34 8
4517 12 12 4
4518 16 15 5
4519 13 12 6
4520 28 28 6
4521 22 21 5
4522 21 21 5
4523 19 18 4
4524 24 23 5
4525 21 20 6
4526 14 14 4
4527 22 21 7
4528 17 16 6
4529 18 17 5
4530 17 16 6
4531 20 20 8
4532 12 12 4
4533 18 17 5
4534 25 24 6
4535 10 9 5
4536 21 20 6
4537 10 10 4
4538 10 9 5
4539 13 13 7
4540 13 12 6
4541 16 16 6
4542 10 10 4
4543 10 9 5
4544 13 12 6
4545 16 16 6
4546 14 13 5
4547 11 11 5
4548 23 23 5
4549 15 14 6
4550 20 19 5
4551 13 12 4
4552 12 11 5
4553 19 18 6
4554 16 16 4
4555 14 13 5
4556 15 14 4
4557 20 19 7
4558 11 10 4
4559 14 13 5
4560 15 15 5
4561 15 14 6
4562 14 14 6
4563 22 22 4
4564 14 13 5
4565 11 11 5
4566 19 19 5
4567 9 8 4
4568 12 11 5
4569 13 12 6
4570 14 13 5
4571 15 14 6
4572 16 15 5
4573 7 6 5
4574 9 8 4
4575 14 13 5
4576 15 15 7
4577 21 20 6
4578 6 5 4
4579 10 9 5
4580 17 16 6
4581 18 17 5
4582 7 6 5
4583 19 18 4
4584 10 9 5
4585 19 18 6
4586 12 12 6
4587 20 19 5
4588 21 21 5
4589 11 10 4
4590 20 19 5
4591 19 18 6
4592 16 16 4
4593 22 21 7
4594 25 24 4
4595 42 41 5
4596 35 35 5
4597 31 31 5
4598 17 16 4
4599 24 23 5
4600 31 31 7
4601 37 37 7
4602 35 34 4
4603 44 43 7
4604 35 34 6
4605 46 46 8
4606 36 35 5
4607 33 33 5
4608 31 30 6
4609 18 18 4
4610 38 37 5
4611 39 39 9
4612 27 27 7
4613 23 22 4
4614 26 25 5
4615 29 29 5
4616 31 31 5
4617 31 31 5
4618 27 27 7
4619 19 19 5
4620 29 29 7
4621 29 29 7
4622 17 16 4
4623 36 35 7
4624 31 30 6
4625 28 27 5
4626 13 13 5
4627 15 14 6
4628 16 16 6
4629 16 16 4
4630 30 29 7
4631 29 29 5
4632 23 23 9
4633 29 29 7
4634 37 37 5
4635 27 26 8
4636 16 16 6
4637 16 16 4
4638 14 13 5
4639 17 16 6
4640 20 19 5
4641 13 12 6
4642 24 24 6
4643 20 20 4
4644 22 21 7
4645 17 16 4
4646 10 9 5
4647 15 15 5
4648 21 20 8
4649 12 12 4
4650 22 21 7
4651 11 10 4
4652 22 21 7
4653 19 19 5
4654 19 18 6
4655 10 10 4
4656 14 13 5
4657 19 18 8
4658 10 10 4
4659 24 23 7
4660 15 14 4
4661 18 17 5
4662 19 18 6
4663 16 16 6
4664 12 12 4
4665 18 17 5
4666 17 16 6
4667 14 14 6
4668 14 14 4
4669 6 5 4
4670 12 11 5
4671 19 18 6
4672 10 10 4
4673 28 27 9
4674 13 12 4
4675 20 19 7
4676 11 10 4
4677 16 15 5
4678 19 19 5
4679 23 23 5
4680 19 18 4
4681 16 15 5
4682 17 17 5
4683 13 12 4
4684 18 17 5
4685 17 17 5
4686 11 10 6
4687 26 26 4
4688 36 35 7
4689 17 17 5
4690 33 33 5
4691 33 33 7
4692 23 22 6
4693 14 13 5
4694 29 28 6
4695 18 18 6
4696 24 24 6
4697 18 18 6
4698 16 16 4
4699 30 29 5
4700 21 21 7
4701 21 20 4
4702 34 33 7
4703 19 19 5
4704 29 28 6
4705 16 16 6
4706 22 22 4
4707 24 23 5
4708 25 25 5
4709 21 21 5
4710 43 43 5
4711 25 25 5
4712 25 24 6
4713 32 32 4
4714 20 19 5
4715 29 28 6
4716 24 24 6
4717 24 24 4
4718 20 19 5
4719 27 27 5
4720 31 31 5
4721 29 29 5
4722 25 24 6
4723 30 30 6
4724 28 28 6
4725 22 22 6
4726 34 34 6
4727 24 24 4
4728 24 23 5
4729 25 24 6
4730 20 19 5
4731 25 24 4
4732 36 35 5
4733 19 19 5
4734 29 28 8
4735 26 26 4
4736 40 39 9
4737 35 34 6
4738 28 27 7
4739 37 37 7
4740 49 48 10
4741 32 31 7
4742 37 37 9
4743 27 26 8
4744 52 52 14
4745 32 32 6
4746 30 30 6
4747 20 20 6
4748 30 29 7
4749 33 32 6
4750 26 25 5
4751 37 37 7
4752 29 28 6
4753 36 35 5
4754 25 24 6
4755 22 21 5
4756 27 26 6
4757 28 27 9
4758 23 22 6
4759 30 29 5
4760 31 30 6
4761 30 29 7
4762 31 30 8
4763 20 20 4
4764 28 27 9
4765 33 32 6
4766 26 25 7
4767 23 22 4
4768 32 31 7
4769 33 32 6
4770 16 16 4
4771 38 37 5
4772 19 18 6
4773 30 30 4
4774 42 41 9
4775 39 38 8
4776 34 34 10
4777 46 46 4
4778 34 33 5
4779 29 29 7
4780 29 28 6
4781 22 21 5
4782 27 27 7
4783 29 28 6
4784 22 22 6
4785 28 28 6
4786 28 28 8
4787 22 21 5
4788 25 24 6
4789 24 24 6
4790 28 27 5
4791 25 25 5
4792 27 27 7
4793 23 22 8
4794 36 36 6
4795 14 14 4
4796 16 15 5
4797 25 24 8
4798 16 16 6
4799 12 12 4
4800 26 25 5
4801 25 25 5
4802 11 10 4
4803 16 15 5
4804 23 22 6
4805 12 12 4
4806 20 19 5
4807 21 20 4
4808 14 13 5
4809 19 18 6
4810 14 13 5
4811 19 19 5
4812 25 24 6
4813 18 17 5
4814 17 16 6
4815 14 14 6
4816 14 14 4
4817 24 23 5
4818 21 21 5
4819 23 22 4
4820 20 19 5
4821 17 17 5
4822 21 20 4
4823 24 23 5
4824 21 20 6
4825 20 19 5
4826 13 12 6
4827 16 15 5
4828 23 22 6
4829 14 14 6
4830 12 11 5
4831 35 34 6
4832 24 23 7
4833 27 26 6
4834 22 21 5
4835 25 24 6
4836 18 18 4
4837 18 17 5
4838 15 14 4
4839 22 21 7
4840 23 22 4
4841 18 17 5
4842 21 20 6
4843 18 18 6
4844 14 14 4
4845 20 19 5
4846 23 22 4
4847 24 23 5
4848 21 20 6
4849 16 16 4
4850 20 19 5
4851 25 24 8
4852 10 10 4
4853 12 11 5
4854 21 20 4
4855 12 11 5
4856 21 20 6
4857 14 14 4
4858 12 11 5
4859 13 12 4
4860 22 21 7
4861 11 10 4
4862 16 15 5
4863 15 14 6
4864 10 9 5
4865 13 12 6
4866 10 9 5
4867 13 12 4
4868 12 11 5
4869 21 20 4
4870 10 9 5
4871 15 15 5
4872 13 12 6
4873 12 11 5
4874 21 21 5
4875 21 20 6
4876 16 15 5
4877 19 18 6
4878 12 11 5
4879 11 11 5
4880 15 15 7
4881 19 18 6
4882 10 10 4
4883 6 5 4
4884 16 15 7
4885 11 10 4
4886 24 23 7
4887 11 10 4
4888 14 13 5
4889 11 10 6
4890 14 14 4
4891 20 19 9
4892 15 14 4
4893 14 13 5
4894 11 11 5
4895 11 10 4
4896 16 15 5
4897 11 11 5
4898 21 20 6
4899 12 12 6
4900 10 10 6
4901 12 12 4
4902 12 11 5
4903 11 10 4
4904 12 11 5
4905 13 12 6
4906 12 11 5
4907 15 15 5
4908 9 9 5
4909 13 12 6
4910 8 8 4
4911 14 13 5
4912 11 11 5
4913 19 18 6
4914 16 16 6
4915 18 18 6
4916 12 12 4
4917 12 11 5
4918 13 12 6
4919 10 10 6
4920 18 18 6
4921 12 11 5
4922 21 20 6
4923 12 12 4
4924 14 13 7
4925 11 10 6
4926 12 12 6
4927 8 8 4
4928 10 9 5
4929 11 11 5
4930 17 16 6
4931 14 13 5
4932 13 12 4
4933 10 9 5
4934 11 10 6
4935 12 12 6
4936 14 14 6
4937 12 11 5
4938 11 10 4
4939 10 9 5
4940 17 16 6
4941 14 13 5
4942 15 14 4
4943 16 15 7
4944 15 14 6
4945 12 12 6
4946 8 8 4
4947 14 13 7
4948 7 6 5
4949 15 14 6
4950 16 16 6
4951 14 14 6
4952 14 14 6
4953 26 26 6
4954 12 11 5
4955 11 11 5
4956 13 12 4
4957 14 13 5
4958 9 9 5
4959 15 14 6
4960 14 14 4
4961 12 11 5
4962 11 10 6
4963 6 6 6
4964 17 17 5
4965 15 14 6
4966 6 6 6
4967 11 11 5
4968 11 10 6
4969 16 16 4
4970 16 15 5
4971 9 9 5
4972 13 12 6
4973 14 14 6
4974 14 14 4
4975 16 15 7
4976 13 13 5
4977 7 6 5
4978 21 20 8
4979 14 14 6
4980 18 18 4
4981 36 35 7
4982 21 21 5
4983 15 15 5
4984 29 28 6
4985 14 14 4
4986 18 17 5
4987 15 15 5
4988 15 15 5
4989 15 14 4
4990 18 17 5
4991 33 32 6
4992 20 19 5
4993 23 22 4
4994 24 23 5
4995 15 14 6
4996 16 16 4
4997 18 17 5
4998 29 28 8
4999 14 13 5
5000 31 30 4
5001 18 17 5
5002 15 15 5
5003 31 31 7
5004 21 20 4
5005 24 23 5
5006 25 25 5
5007 17 17 5
5008 15 15 5
5009 11 11 5
5010 21 21 5
5011 19 18 4
5012 22 21 5
5013 25 25 5
5014 23 22 8
5015 18 18 6
5016 22 21 5
5017 25 25 5
5018 33 33 5
5019 21 20 6
5020 32 32 6
5021 24 23 5
5022 29 28 6
5023 16 16 4
5024 28 27 5
5025 25 25 5
5026 29 29 7
5027 19 18 6
5028 16 16 6
5029 30 30 6
5030 16 16 4
5031 28 27 5
5032 21 21 7
5033 19 18 4
5034 30 29 7
5035 29 28 6
5036 22 22 6
5037 22 22 6
5038 18 18 6
5039 22 22 6
5040 32 32 8
5041 24 23 7
5042 15 14 6
5043 16 16 4
5044 26 25 7
5045 25 25 7
5046 21 20 6
5047 14 13 5
5048 19 18 4
5049 18 17 5
5050 11 11 5
5051 29 28 6
5052 16 16 4
5053 32 31 5
5054 25 25 7
5055 23 22 6
5056 16 16 6
5057 16 16 4
5058 30 29 7
5059 17 16 4
5060 18 17 5
5061 21 20 6
5062 14 13 5
5063 17 16 4
5064 18 17 5
5065 21 20 6
5066 24 23 5
5067 29 29 5
5068 27 26 6
5069 18 18 6
5070 16 16 6
5071 20 19 5
5072 19 19 5
5073 25 25 7
5074 15 15 5
5075 11 10 4
5076 18 17 5
5077 11 11 5
5078 13 12 6
5079 20 20 6
5080 10 10 4
5081 20 19 5
5082 9 9 5
5083 25 24 6
5084 16 15 5
5085 13 12 4
5086 8 7 6
5087 12 12 4
5088 16 15 5
5089 13 13 5
5090 9 9 5
5091 19 19 7
5092 17 16 6
5093 14 14 6
5094 20 19 5
5095 11 10 4
5096 16 15 5
5097 7 7 7
5098 6 6 6
5099 7 6 5
5100 7 6 5
5101 13 12 4
5102 22 21 7
5103 13 13 5
5104 19 19 5
5105 15 15 5
5106 5 5 5
5107 10 9 5
5108 11 11 5
5109 13 12 4
5110 12 11 5
5111 11 11 5
5112 21 21 5
5113 15 14 6
5114 8 8 4
5115 12 11 5
5116 9 9 5
5117 11 11 5
5118 9 9 5
5119 21 20 4
5120 14 13 5
5121 11 10 4
5122 16 15 5
5123 11 11 5
5124 17 16 6
5125 14 14 4
5126 22 21 7
5127 13 12 6
5128 24 24 6
5129 16 15 5
5130 21 20 4
5131 22 21 7
5132 13 12 4
5133 16 15 5
5134 17 16 8
5135 20 20 6
5136 24 24 6
5137 14 14 4
5138 14 13 5
5139 13 12 4
5140 14 13 5
5141 11 11 5
5142 15 14 4
5143 18 17 5
5144 13 13 5
5145 21 20 6
5146 16 15 5
5147 23 22 4
5148 10 9 5
5149 23 22 6
5150 16 16 6
5151 14 14 4
5152 10 9 5
5153 11 11 5
5154 25 25 5
5155 13 13 5
5156 17 16 6
5157 10 10 4
5158 10 9 5
5159 17 16 6
5160 10 10 4
5161 8 7 6
5162 8 8 4
5163 10 9 5
5164 9 8 4
5165 12 11 5
5166 17 16 6
5167 20 20 6
5168 20 19 5
5169 5 5 5
5170 10 9 5
5171 13 12 6
5172 6 6 6
5173 17 16 6
5174 22 21 7
5175 7 6 5
5176 15 14 6
5177 10 10 4
5178 14 13 5
5179 13 12 4
5180 10 9 5
5181 13 12 4
5182 18 17 5
5183 17 17 7
5184 7 6 5
5185 15 14 6
5186 10 9 5
5187 13 12 4
5188 14 13 5
5189 11 10 6
5190 16 15 5
5191 11 11 5
5192 17 16 4
5193 12 11 5
5194 19 18 4
5195 14 13 7
5196 11 10 6
5197 10 10 4
5198 18 17 7
5199 11 10 4
5200 12 11 5
5201 17 17 7
5202 13 13 5
5203 11 11 5
5204 19 19 5
5205 17 17 7
5206 13 12 4
5207 18 17 7
5208 13 12 6
5209 18 18 6
5210 12 12 6
5211 8 8 4
5212 14 13 5
5213 11 10 4
5214 12 11 5
5215 9 9 5
5216 15 14 6
5217 16 16 6
5218 12 11 5
5219 11 11 5
5220 9 9 5
5221 7 6 5
5222 9 8 4
5223 6 5 4
5224 6 5 4
5225 10 9 5
5226 11 11 5
5227 11 11 7
5228 13 12 6
5229 18 18 6
5230 12 12 6
5231 8 8 4
5232 16 15 7
5233 7 6 5
5234 11 11 5
5235 9 8 4
5236 18 17 5
5237 15 15 5
5238 15 15 5
5239 7 6 5
5240 13 12 6
5241 10 9 5
5242 7 6 5
5243 17 16 6
5244 10 10 4
5245 16 15 7
5246 7 6 5
5247 13 12 4
5248 20 19 7
5249 13 12 6
5250 20 19 5
5251 21 20 6
5252 8 8 4
5253 16 15 5
5254 19 18 6
5255 16 16 6
5256 10 10 4
5257 14 13 5
5258 11 10 4
5259 18 17 7
5260 17 17 5
5261 19 18 8
5262 14 14 6
5263 28 28 4
5264 14 13 5
5265 17 17 5
5266 13 12 6
5267 14 14 6
5268 16 16 6
5269 8 8 4
5270 14 13 5
5271 21 20 6
5272 16 16 6
5273 22 22 6
5274 16 15 5
5275 15 14 4
5276 14 13 5
5277 19 19 5
5278 27 27 5
5279 21 21 5
5280 21 20 6
5281 14 14 6
5282 12 12 6
5283 18 18 6
5284 16 16 4
5285 14 13 5
5286 33 33 7
5287 19 18 8
5288 22 22 6
5289 22 22 6
5290 32 32 4
5291 18 17 7
5292 25 24 6
5293 32 32 4
5294 24 23 5
5295 23 23 5
5296 19 19 7
5297 17 16 4
5298 26 25 7
5299 19 19 5
5300 25 24 6
5301 24 23 5
5302 31 31 9
5303 27 26 8
5304 18 17 7
5305 39 38 6
5306 30 30 6
5307 26 25 5
5308 13 13 5
5309 37 36 8
5310 22 21 5
5311 21 21 7
5312 19 18 6
5313 34 34 6
5314 36 35 9
5315 29 28 6
5316 18 17 5
5317 33 32 8
5318 16 16 6
5319 26 26 8
5320 20 19 5
5321 31 30 6
5322 30 29 5
5323 27 27 7
5324 23 23 7
5325 23 22 6
5326 26 26 8
5327 30 30 6
5328 18 18 4
5329 26 25 5
5330 17 17 5
5331 13 13 5
5332 45 44 14
5333 14 14 6
5334 30 29 7
5335 27 26 6
5336 24 24 10
5337 14 14 6
5338 34 33 7
5339 13 12 4
5340 12 11 5
5341 23 23 7
5342 21 21 5
5343 27 26 8
5344 30 30 8
5345 22 21 5
5346 23 22 4
5347 36 35 7
5348 13 12 4
5349 28 27 9
5350 17 16 4
5351 24 23 5
5352 17 17 5
5353 23 22 6
5354 16 16 4
5355 22 21 7
5356 17 16 6
5357 22 22 4
5358 18 17 5
5359 31 30 6
5360 22 22 6
5361 28 28 6
5362 22 21 5
5363 21 21 5
5364 29 29 5
5365 23 22 6
5366 18 17 5
5367 7 6 5
5368 17 17 5
5369 17 16 4
5370 18 17 5
5371 15 14 6
5372 16 16 4
5373 18 17 7
5374 15 14 4
5375 20 19 7
5376 13 12 6
5377 10 10 6
5378 10 10 6
5379 20 20 6
5380 14 13 7
5381 17 16 6
5382 10 10 4
5383 20 19 5
5384 13 13 5
5385 7 6 5
5386 11 10 6
5387 16 16 6
5388 18 17 5
5389 13 12 6
5390 16 15 5
5391 15 14 6
5392 8 8 4
5393 16 15 5
5394 13 13 7
5395 15 14 6
5396 16 16 4
5397 20 19 5
5398 13 12 6
5399 14 13 5
5400 15 14 4
5401 12 11 5
5402 25 24 4
5403 16 15 5
5404 19 18 4
5405 28 27 5
5406 13 13 7
5407 25 24 6
5408 36 36 6
5409 20 19 5
5410 11 10 4
5411 26 25 5
5412 13 13 5
5413 9 9 5
5414 9 8 4
5415 20 19 5
5416 17 17 5
5417 11 11 5
5418 13 12 6
5419 20 20 6
5420 14 14 4
5421 24 23 5
5422 21 20 6
5423 18 18 6
5424 12 12 4
5425 12 11 5
5426 15 15 5
5427 13 12 4
5428 12 11 5
5429 9 9 5
5430 29 28 6
5431 14 14 4
5432 14 13 5
5433 15 14 4
5434 18 17 5
5435 13 13 5
5436 19 18 4
5437 14 13 5
5438 17 16 6
5439 16 16 4
5440 18 17 7
5441 13 12 6
5442 12 12 4
5443 16 15 5
5444 25 24 6
5445 16 16 6
5446 20 20 6
5447 14 14 4
5448 18 17 5
5449 17 16 6
5450 16 16 6
5451 24 24 8
5452 10 10 4
5453 20 19 5
5454 17 16 4
5455 26 25 5
5456 19 18 4
5457 14 13 5
5458 33 32 8
5459 20 20 4
5460 24 23 5
5461 33 32 6
5462 24 24 6
5463 28 28 6
5464 32 32 8
5465 20 20 4
5466 16 15 5
5467 23 22 6
5468 32 31 5
5469 19 19 5
5470 25 25 5
5471 17 16 6
5472 20 20 4
5473 28 27 5
5474 15 14 4
5475 22 21 5
5476 11 11 5
5477 19 19 7
5478 23 23 5
5479 27 26 6
5480 18 18 4
5481 20 19 7
5482 13 12 4
5483 18 17 5
5484 15 14 6
5485 14 14 6
5486 20 20 6
5487 10 10 6
5488 12 12 6
5489 20 20 6
5490 10 10 4
5491 10 9 5
5492 13 13 5
5493 17 16 6
5494 10 9 5
5495 13 12 6
5496 8 8 4
5497 12 11 5
5498 17 17 5
5499 15 15 5
5500 11 11 5
5501 15 15 5
5502 13 13 5
5503 15 15 7
5504 17 16 6
5505 12 12 4
5506 10 9 5
5507 17 16 6
5508 16 16 8
5509 14 14 4
5510 10 9 5
5511 11 11 5
5512 5 5 5
5513 12 11 5
5514 9 8 4
5515 14 13 5
5516 13 12 4
5517 18 17 5
5518 5 5 5
5519 14 13 5
5520 15 14 4
5521 12 11 5
5522 31 30 8
5523 18 18 4
5524 14 13 5
5525 13 12 6
5526 20 19 7
5527 11 10 4
5528 6 5 4
5529 10 9 5
5530 13 12 6
5531 18 18 6
5532 16 15 5
5533 11 11 5
5534 15 15 5
5535 13 12 4
5536 14 13 5
5537 13 13 5
5538 19 19 5
5539 17 16 4
5540 24 23 7
5541 17 16 6
5542 20 20 4
5543 12 11 5
5544 9 8 4
5545 10 9 5
5546 17 16 4
5547 14 13 5
5548 9 9 5
5549 13 13 5
5550 5 5 5
5551 20 19 7
5552 9 9 5
5553 15 14 6
5554 12 12 4
5555 14 13 5
5556 13 12 6
5557 10 10 4
5558 14 13 5
5559 13 13 5
5560 11 10 4
5561 12 11 5
5562 13 13 5
5563 17 17 7
5564 13 12 4
5565 18 17 5
5566 17 16 6
5567 14 14 6
5568 12 12 6
5569 6 6 6
5570 5 5 5
5571 10 9 5
5572 9 8 4
5573 16 15 5
5574 13 13 5
5575 19 19 7
5576 17 16 4
5577 10 9 5
5578 15 15 5
5579 5 5 5
5580 22 21 5
5581 7 6 5
5582 9 9 5
5583 13 12 6
5584 12 11 5
5585 13 12 6
5586 18 17 5
5587 11 11 5
5588 7 6 5
5589 21 20 8
5590 18 18 6
5591 18 18 6
5592 32 31 7
5593 17 16 6
5594 18 18 4
5595 12 11 5
5596 17 17 5
5597 13 12 6
5598 14 13 5
5599 15 15 5
5600 9 8 4
5601 18 17 7
5602 15 14 4
5603 30 29 5
5604 13 13 5
5605 17 16 6
5606 22 22 6
5607 20 19 5
5608 15 15 5
5609 15 15 5
5610 21 20 6
5611 18 17 5
5612 15 14 4
5613 16 15 5
5614 11 11 5
5615 23 22 6
5616 10 10 4
5617 10 9 5
5618 11 10 6
5619 14 14 6
5620 16 16 4
5621 14 13 5
5622 19 19 5
5623 17 17 7
5624 7 6 5
5625 13 12 6
5626 10 10 6
5627 8 8 4
5628 12 11 5
5629 13 12 4
5630 16 15 5
5631 17 16 6
5632 10 9 5
5633 13 12 6
5634 18 17 5
5635 15 15 7
5636 15 14 6
5637 10 9 5
5638 13 12 6
5639 12 12 6
5640 16 15 5
5641 13 13 5
5642 11 10 4
5643 24 23 7
5644 15 14 4
5645 14 13 5
5646 17 17 5
5647 15 14 6
5648 16 16 6
5649 14 14 6
5650 20 20 8
5651 10 10 4
5652 8 7 6
5653 8 8 4
5654 10 9 5
5655 9 9 5
5656 9 9 5
5657 19 19 5
5658 15 15 5
5659 11 11 5
5660 11 11 5
5661 19 18 6
5662 6 6 6
5663 9 9 5
5664 15 14 4
5665 12 11 5
5666 13 13 5
5667 9 9 5
5668 21 20 6
5669 12 12 4
5670 20 19 7
5671 17 16 6
5672 20 20 6
5673 12 12 4
5674 28 27 5
5675 21 20 6
5676 26 26 4
5677 20 19 5
5678 25 25 7
5679 27 26 6
5680 46 46 6
5681 24 23 5
5682 29 29 5
5683 35 34 6
5684 44 44 4
5685 36 35 7
5686 25 24 4
5687 26 25 7
5688 31 30 6
5689 30 29 5
5690 31 30 6
5691 32 32 6
5692 22 22 8
5693 34 34 6
5694 36 36 8
5695 34 34 8
5696 30 30 6
5697 44 43 9
5698 35 35 7
5699 37 36 10
5700 34 34 8
5701 20 20 6
5702 48 48 10
5703 40 39 7
5704 37 36 6
5705 26 26 6
5706 22 21 5
5707 41 41 11
5708 35 34 8
5709 26 25 5
5710 41 40 6
5711 22 21 5
5712 33 32 8
5713 18 17 5
5714 37 36 6
5715 34 34 8
5716 38 38 8
5717 32 32 6
5718 24 23 9
5719 41 41 7
5720 27 26 6
5721 32 32 6
5722 24 24 8
5723 36 36 6
5724 32 32 6
5725 24 24 6
5726 36 36 8
5727 32 32 6
5728 26 25 5
5729 33 32 8
5730 36 35 5
5731 29 28 4
5732 24 23 5
5733 25 25 5
5734 23 23 5
5735 33 33 9
5736 21 21 5
5737 27 27 5
5738 21 21 5
5739 23 23 5
5740 9 9 5
5741 17 16 4
5742 16 15 5
5743 23 22 6
5744 18 18 6
5745 14 14 4
5746 18 17 7
5747 21 20 6
5748 18 18 6
5749 22 22 4
5750 18 17 5
5751 19 18 4
5752 20 19 5
5753 19 19 5
5754 15 15 5
5755 21 21 5
5756 11 10 4
5757 16 15 5
5758 17 16 6
5759 16 16 4
5760 18 17 7
5761 21 20 6
5762 14 14 4
5763 16 15 5
5764 11 10 4
5765 10 9 5
5766 19 19 7
5767 25 24 4
5768 22 21 7
5769 29 28 6
5770 22 21 5
5771 15 15 5
5772 15 15 5
5773 25 24 6
5774 16 15 5
5775 23 22 4
5776 18 17 5
5777 27 26 8
5778 26 26 8
5779 16 15 5
5780 17 16 6
5781 32 32 8
5782 26 26 6
5783 16 15 5
5784 19 19 5
5785 19 18 6
5786 22 21 5
5787 25 24 6
5788 28 27 7
5789 23 22 6
5790 16 16 4
5791 20 19 5
5792 21 20 6
5793 20 20 6
5794 22 22 6
5795 30 29 5
5796 25 25 7
5797 19 18 4
5798 26 25 7
5799 29 29 5
5800 35 35 9
5801 25 25 5
5802 29 28 4
5803 18 17 5
5804 43 42 6
5805 26 26 6
5806 28 27 5
5807 29 29 7
5808 17 16 6
5809 22 22 4
5810 18 17 5
5811 25 24 6
5812 32 32 6
5813 24 24 8
5814 14 14 4
5815 22 21 7
5816 13 13 5
5817 13 12 4
5818 16 15 5
5819 15 15 5
5820 11 10 6
5821 16 16 6
5822 28 27 5
5823 15 14 8
5824 12 12 4
5825 20 19 5
5826 13 12 4
5827 14 13 5
5828 15 15 5
5829 13 13 5
5830 21 20 6
5831 28 27 7
5832 15 14 4
5833 10 9 5
5834 13 12 4
5835 20 19 7
5836 21 20 4
5837 22 21 7
5838 7 6 5
5839 13 12 4
5840 14 13 5
5841 13 12 4
5842 14 13 5
5843 11 10 4
5844 10 9 5
5845 13 12 6
5846 18 18 6
5847 12 11 5
5848 11 10 4
5849 16 15 7
5850 11 10 4
5851 12 11 5
5852 11 11 7
5853 11 10 4
5854 6 5 4
5855 10 9 5
5856 17 16 6
5857 14 13 5
5858 13 12 4
5859 20 19 7
5860 7 6 5
5861 11 10 4
5862 6 5 4
5863 10 9 5
5864 17 16 6
5865 12 11 5
5866 9 9 5
5867 7 6 5
5868 11 10 6
5869 6 6 6
5870 9 8 4
5871 22 21 9
5872 21 20 6
5873 22 22 8
5874 14 14 4
5875 12 11 5
5876 9 9 5
5877 15 14 4
5878 12 11 5
5879 13 13 5
5880 15 15 7
5881 11 10 4
5882 10 9 5
5883 11 10 6
5884 10 10 4
5885 12 11 7
5886 15 14 4
5887 24 23 7
5888 11 11 5
5889 21 20 6
5890 16 16 6
5891 12 12 6
5892 12 12 4
5893 12 11 5
5894 7 6 5
5895 15 14 6
5896 8 8 4
5897 14 13 7
5898 19 18 6
5899 10 10 4
5900 12 11 5
5901 15 14 6
5902 14 14 6
5903 10 9 5
5904 15 14 6
5905 16 15 5
5906 11 10 4
5907 12 11 5
5908 9 9 5
5909 9 9 5
5910 11 11 5
5911 13 13 5
5912 17 17 5
5913 15 14 6
5914 10 10 4
5915 14 13 7
5916 9 9 5
5917 9 8 4
5918 6 5 4
5919 12 11 5
5920 11 11 5
5921 7 7 7
5922 20 20 6
5923 18 17 5
5924 11 11 5
5925 17 16 6
5926 12 11 5
5927 21 20 8
5928 18 18 6
5929 8 8 4
5930 14 13 5
5931 9 9 5
5932 11 10 4
5933 18 17 7
5934 27 26 8
5935 26 26 6
5936 20 20 4
5937 16 15 5
5938 13 13 5
5939 9 9 5
5940 15 14 4
5941 12 11 5
5942 19 18 6
5943 12 12 4
5944 10 9 5
5945 15 14 4
5946 16 15 5
5947 9 9 5
5948 15 15 5
5949 5 5 5
5950 12 11 5
5951 23 22 6
5952 14 13 5
5953 11 10 4
5954 12 11 7
5955 13 12 6
5956 8 8 4
5957 12 11 5
5958 9 9 5
5959 9 9 5
5960 9 8 4
5961 10 9 5
5962 15 14 6
5963 16 15 7
5964 9 8 4
5965 14 13 7
5966 11 10 4
5967 16 15 5
5968 15 15 7
5969 29 28 8
5970 14 14 4
5971 18 17 5
5972 11 10 4
5973 12 11 5
5974 7 6 5
5975 15 14 6
5976 18 18 8
5977 10 9 5
5978 7 6 5
5979 17 16 6
5980 16 16 4
5981 20 19 5
5982 13 12 4
5983 12 11 5
5984 11 10 4
5985 8 7 6
5986 16 15 5
5987 13 13 5
5988 11 10 6
5989 14 14 6
5990 6 5 4
5991 12 11 5
5992 11 10 6
5993 12 11 5
5994 11 10 4
5995 12 11 5
5996 9 8 4
5997 10 9 5
5998 33 32 6
5999 6 6 6
6000 9 8 4
6001 16 15 7
6002 17 16 4
6003 10 9 5
6004 11 10 6
6005 14 14 6
6006 16 16 4
6007 12 11 5
6008 11 10 4
6009 10 9 5
6010 15 15 7
6011 19 18 6
6012 12 12 4
6013 18 17 5
6014 15 15 5
6015 13 13 5
6016 27 26 6
6017 26 26 4
6018 14 13 5
6019 21 21 5
6020 21 20 4
6021 18 17 5
6022 27 26 6
6023 22 22 4
6024 32 31 7
6025 39 38 6
6026 32 32 6
6027 36 35 5
6028 19 19 5
6029 29 28 4
6030 34 33 5
6031 21 21 7
6032 33 32 6
6033 44 44 6
6034 24 23 7
6035 23 22 4
6036 30 29 7
6037 19 18 6
6038 34 33 7
6039 25 25 5
6040 41 40 8
6041 18 17 5
6042 21 20 8
6043 24 24 6
6044 28 28 4
6045 22 21 5
6046 15 15 5
6047 23 22 6
6048 22 22 4
6049 26 25 5
6050 33 33 5
6051 21 21 5
6052 41 41 7
6053 15 14 4
6054 32 31 11
6055 25 24 6
6056 24 23 7
6057 13 12 4
6058 20 19 5
6059 23 22 6
6060 20 20 6
6061 18 18 4
6062 26 25 7
6063 25 24 6
6064 18 18 4
6065 12 11 5
6066 25 24 6
6067 24 24 6
6068 32 32 6
6069 16 16 6
6070 12 12 4
6071 20 19 7
6072 27 27 5
6073 25 25 5
6074 15 14 4
6075 18 17 5
6076 15 15 5
6077 27 26 4
6078 26 25 7
6079 27 27 7
6080 17 17 5
6081 25 24 6
6082 16 15 5
6083 23 22 6
6084 12 12 4
6085 22 21 5
6086 29 28 6
6087 12 12 4
6088 22 21 5
6089 25 25 5
6090 29 29 5
6091 19 18 6
6092 16 16 4
6093 12 11 5
6094 15 14 4
6095 22 21 5
6096 15 15 5
6097 17 17 5
6098 15 14 4
6099 10 9 5
6100 15 14 4
6101 22 21 5
6102 21 20 6
6103 12 12 6
6104 14 13 5
6105 19 19 5
6106 21 20 4
6107 26 25 7
6108 13 12 4
6109 16 15 5
6110 21 20 6
6111 18 18 4
6112 14 13 5
6113 13 13 5
6114 9 8 4
6115 14 13 5
6116 7 6 5
6117 19 18 6
6118 10 9 5
6119 15 14 6
6120 20 19 5
6121 13 12 6
6122 18 18 6
6123 16 16 6
6124 8 8 4
6125 12 11 5
6126 15 14 4
6127 14 13 5
6128 9 9 5
6129 23 22 6
6130 12 11 5
6131 15 14 6
6132 16 15 5
6133 13 12 6
6134 10 10 4
6135 16 15 5
6136 13 13 5
6137 15 15 5
6138 13 13 5
6139 11 11 5
6140 9 8 4
6141 24 23 7
6142 11 10 4
6143 32 31 5
6144 17 16 4
6145 24 23 5
6146 17 16 6
6147 20 20 4
6148 20 19 5
6149 19 19 5
6150 9 8 4
6151 18 17 5
6152 13 13 5
6153 13 12 4
6154 12 11 5
6155 15 14 6
6156 20 20 6
6157 10 10 4
6158 10 9 5
6159 15 14 6
6160 8 8 4
6161 6 5 4
6162 16 15 5
6163 23 23 7
6164 17 16 6
6165 20 20 4
6166 20 19 7
6167 15 14 6
6168 12 12 4
6169 12 11 5
6170 13 13 5
6171 15 14 6
6172 26 25 7
6173 13 12 4
6174 20 19 7
6175 25 24 6
6176 14 13 5
6177 9 9 5
6178 11 10 4
6179 20 19 5
6180 11 10 6
6181 10 10 6
6182 6 6 6
6183 17 16 6
6184 10 10 6
6185 14 14 4
6186 22 21 7
6187 23 22 6
6188 18 18 6
6189 10 10 4
6190 18 17 7
6191 11 11 5
6192 15 14 4
6193 8 7 6
6194 16 16 6
6195 8 8 4
6196 16 15 7
6197 13 12 6
6198 8 8 4
6199 16 15 5
6200 15 15 5
6201 15 14 4
6202 12 11 5
6203 9 8 4
6204 22 21 7
6205 15 14 6
6206 12 12 6
6207 10 10 4
6208 10 9 5
6209 17 16 8
6210 6 6 6
6211 17 16 4
6212 12 11 5
6213 5 5 5
6214 14 13 5
6215 11 10 4
6216 12 11 5
6217 13 12 6
6218 12 12 6
6219 6 5 4
6220 12 11 5
6221 15 15 7
6222 11 11 5
6223 13 13 5
6224 11 10 4
6225 12 11 5
6226 11 10 6
6227 14 14 6
6228 14 14 6
6229 6 5 4
6230 14 13 5
6231 23 22 4
6232 6 5 4
6233 14 13 5
6234 13 12 6
6235 10 10 4
6236 18 17 5
6237 17 17 5
6238 21 20 4
6239 16 15 5
6240 19 19 5
6241 23 23 5
6242 13 12 6
6243 12 11 5
6244 23 22 6
6245 10 10 4
6246 16 15 5
6247 11 11 5
6248 15 14 4
6249 16 15 5
6250 21 20 4
6251 24 23 7
6252 29 28 4
6253 20 19 5
6254 17 16 4
6255 32 31 7
6256 25 24 4
6257 20 19 7
6258 21 21 5
6259 39 38 6
6260 22 22 6
6261 26 26 4
6262 24 23 5
6263 13 12 4
6264 18 17 5
6265 23 22 6
6266 24 24 6
6267 24 24 4
6268 32 31 7
6269 17 17 7
6270 29 28 4
6271 18 17 5
6272 19 18 4
6273 20 19 5
6274 27 27 5
6275 25 24 4
6276 30 29 5
6277 27 27 5
6278 25 25 7
6279 15 14 6
6280 14 14 4
6281 24 23 7
6282 29 28 6
6283 30 29 7
6284 21 20 4
6285 28 27 7
6286 31 30 6
6287 26 26 6
6288 28 28 6
6289 22 21 7
6290 17 16 6
6291 22 22 6
6292 24 23 7
6293 21 20 4
6294 30 29 7
6295 23 22 6
6296 14 14 4
6297 28 27 7
6298 19 19 5
6299 25 24 6
6300 28 28 10
6301 16 15 5
6302 21 21 5
6303 19 18 4
6304 28 27 7
6305 23 22 4
6306 32 31 5
6307 39 38 6
6308 26 25 5
6309 21 21 5
6310 19 18 6
6311 18 18 6
6312 22 22 4
6313 22 21 5
6314 25 25 7
6315 15 14 4
6316 24 23 7
6317 29 28 8
6318 28 28 4
6319 24 23 7
6320 23 23 5
6321 21 20 6
6322 18 18 6
6323 28 28 4
6324 36 35 7
6325 21 21 5
6326 17 17 5
6327 11 10 4
6328 14 13 5
6329 33 33 5
6330 19 19 5
6331 31 30 6
6332 16 16 4
6333 18 17 5
6334 17 17 5
6335 23 23 5
6336 21 21 5
6337 21 21 5
6338 17 17 5
6339 15 14 4
6340 20 19 5
6341 21 21 5
6342 19 18 6
6343 18 18 4
6344 22 21 5
6345 17 17 5
6346 21 20 6
6347 12 12 4
6348 16 15 5
6349 19 18 6
6350 8 8 4
6351 18 17 5
6352 11 10 6
6353 22 21 5
6354 11 11 5
6355 13 12 4
6356 12 11 5
6357 13 13 5
6358 19 18 6
6359 6 6 6
6360 23 22 6
6361 8 8 4
6362 18 17 7
6363 15 14 6
6364 18 17 5
6365 17 16 6
6366 12 12 4
6367 16 15 5
6368 15 14 6
6369 18 17 5
6370 13 12 4
6371 8 7 6
6372 12 12 4
6373 16 15 5
6374 17 17 7
6375 19 19 5
6376 9 8 4
6377 10 9 5
6378 17 16 6
6379 10 9 5
6380 9 8 4
6381 12 11 7
6382 15 15 5
6383 13 12 4
6384 20 19 7
6385 19 18 6
6386 14 14 4
6387 12 11 7
6388 9 8 4
6389 12 11 5
6390 5 5 5
6391 6 5 4
6392 10 9 5
6393 13 13 5
6394 9 9 5
6395 13 12 4
6396 28 27 7
6397 9 9 5
6398 17 16 4
6399 14 13 5
6400 11 10 6
6401 18 18 6
6402 10 9 5
6403 17 17 7
6404 15 14 6
6405 24 24 6
6406 14 13 5
6407 27 26 6
6408 12 11 5
6409 5 5 5
6410 16 15 5
6411 15 14 6
6412 8 8 4
6413 12 11 5
6414 15 14 6
6415 12 12 6
6416 14 14 4
6417 18 17 5
6418 21 20 4
6419 10 9 5
6420 17 17 5
6421 17 17 5
6422 15 14 4
6423 18 17 7
6424 11 11 5
6425 13 13 7
6426 17 16 6
6427 12 12 6
6428 12 12 6
6429 12 11 5
6430 11 10 4
6431 26 25 5
6432 19 19 5
6433 15 14 4
6434 20 19 7
6435 17 16 4
6436 16 15 5
6437 17 16 4
6438 16 15 5
6439 15 14 6
6440 10 10 4
6441 16 15 5
6442 19 18 4
6443 16 15 5
6444 15 15 5
6445 19 19 5
6446 13 12 4
6447 28 27 7
6448 27 26 6
6449 30 29 5
6450 27 26 4
6451 34 33 7
6452 13 12 4
6453 14 13 5
6454 31 31 5
6455 25 25 5
6456 27 26 6
6457 22 22 4
6458 38 37 9
6459 25 24 6
6460 20 20 4
6461 34 33 5
6462 37 37 9
6463 33 32 6
6464 34 33 7
6465 31 30 6
6466 40 40 8
6467 28 28 6
6468 32 32 6
6469 28 28 8
6470 20 20 4
6471 42 41 7
6472 41 41 5
6473 31 31 5
6474 19 18 6
6475 32 31 7
6476 29 28 6
6477 36 35 5
6478 39 38 8
6479 26 26 6
6480 40 40 8
6481 16 16 4
6482 26 25 5
6483 21 21 7
6484 29 28 6
6485 32 32 6
6486 34 34 6
6487 34 34 6
6488 12 12 4
6489 28 27 5
6490 13 12 4
6491 22 21 5
6492 31 30 8
6493 14 14 4
6494 20 19 5
6495 27 27 7
6496 25 24 6
6497 12 12 4
6498 20 19 5
6499 21 21 7
6500 21 20 4
6501 18 17 5
6502 31 30 6
6503 16 16 6
6504 12 12 4
6505 12 11 5
6506 23 22 6
6507 18 18 6
6508 20 20 6
6509 14 14 4
6510 20 19 5
6511 17 17 5
6512 17 16 4
6513 14 13 5
6514 19 19 5
6515 19 19 5
6516 15 14 6
6517 18 17 5
6518 13 13 7
6519 7 6 5
6520 13 12 4
6521 26 25 7
6522 21 20 8
6523 8 8 4
6524 12 11 5
6525 13 12 4
6526 20 19 5
6527 21 20 4
6528 20 19 5
6529 11 10 4
6530 16 15 5
6531 11 10 4
6532 14 13 5
6533 13 12 4
6534 26 25 5
6535 11 11 5
6536 25 24 6
6537 22 21 5
6538 13 13 5
6539 15 15 5
6540 9 9 5
6541 17 16 4
6542 14 13 5
6543 19 18 6
6544 22 22 4
6545 24 23 7
6546 17 17 5
6547 31 30 6
6548 24 24 6
6549 18 18 4
6550 28 27 7
6551 13 13 5
6552 19 18 6
6553 20 20 4
6554 18 17 7
6555 27 26 6
6556 18 18 6
6557 18 17 7
6558 11 10 4
6559 20 19 5
6560 11 10 6
6561 20 20 6
6562 22 22 4
6563 24 23 7
6564 17 17 5
6565 19 19 5
6566 19 18 6
6567 28 28 8
6568 14 14 4
6569 26 25 5
6570 13 12 6
6571 14 14 6
6572 16 16 4
6573 28 27 7
6574 17 17 5
6575 23 22 6
6576 22 22 6
6577 12 12 4
6578 14 13 5
6579 11 10 4
6580 12 11 5
6581 19 18 6
6582 20 20 6
6583 12 12 6
6584 18 18 6
6585 14 14 6
6586 12 11 5
6587 17 16 6
6588 12 12 4
6589 6 5 4
6590 14 13 5
6591 17 16 6
6592 14 14 6
6593 10 10 4
6594 14 13 5
6595 13 12 6
6596 16 16 4
6597 10 9 5
6598 13 13 5
6599 15 14 6
6600 12 12 4
6601 16 15 7
6602 15 14 6
6603 20 20 6
6604 12 12 4
6605 14 13 5
6606 13 13 5
6607 13 12 4
6608 10 9 5
6609 13 12 6
6610 14 14 6
6611 14 14 4
6612 8 7 6
6613 10 10 4
6614 22 21 5
6615 13 13 5
6616 15 15 5
6617 13 13 5
6618 15 15 5
6619 11 11 5
6620 13 12 6
6621 16 16 6
6622 16 16 4
6623 16 15 7
6624 11 10 6
6625 14 14 4
6626 14 13 5
6627 11 10 6
6628 14 14 4
6629 12 11 5
6630 19 19 7
6631 15 14 4
6632 18 17 7
6633 13 13 5
6634 9 8 4
6635 16 15 5
6636 25 24 6
6637 20 19 5
6638 11 10 4
6639 18 17 5
6640 19 19 5
6641 11 10 4
6642 24 23 7
6643 21 20 6
6644 16 16 4
6645 16 15 5
6646 17 16 6
6647 18 17 5
6648 19 18 6
6649 14 13 5
6650 23 22 6
6651 24 23 5
6652 19 19 5
6653 33 32 4
6654 22 21 5
6655 25 25 7
6656 37 36 6
6657 28 28 8
6658 24 23 5
6659 21 21 5
6660 23 22 4
6661 38 37 7
6662 17 16 4
6663 28 27 7
6664 23 22 4
6665 28 27 5
6666 23 23 5
6667 17 16 4
6668 18 17 5
6669 29 29 7
6670 17 17 5
6671 21 20 4
6672 40 39 5
6673 21 20 6
6674 18 17 5
6675 35 34 8
6676 20 20 4
6677 22 21 5
6678 33 32 8
6679 24 24 6
6680 18 18 4
6681 22 21 7
6682 23 22 6
6683 20 20 6
6684 26 25 7
6685 19 18 6
6686 32 31 5
6687 17 17 5
6688 27 27 7
6689 25 25 5
6690 23 23 5
6691 23 22 6
6692 20 20 6
6693 24 24 6
6694 40 40 6
6695 20 19 5
6696 21 20 6
6697 14 14 4
6698 24 23 7
6699 13 12 4
6700 18 17 5
6701 25 24 4
6702 28 27 7
6703 21 20 6
6704 22 22 4
6705 22 21 5
6706 17 16 4
6707 14 13 5
6708 21 20 6
6709 22 22 6
6710 18 18 6
6711 18 17 5
6712 15 14 8
6713 24 24 6
6714 16 16 6
6715 22 22 6
6716 20 20 4
6717 36 35 5
6718 21 20 4
6719 30 29 5
6720 25 25 5
6721 41 40 10
6722 24 24 6
6723 12 12 4
6724 24 23 5
6725 23 22 8
6726 24 24 4
6727 12 11 5
6728 19 18 4
6729 18 17 5
6730 15 14 4
6731 24 23 5
6732 21 21 5
6733 25 24 4
6734 20 19 5
6735 23 23 5
6736 31 30 6
6737 26 26 6
6738 22 21 5
6739 29 28 6
6740 38 38 6
6741 26 26 6
6742 20 19 5
6743 19 18 4
6744 30 29 5
6745 29 28 6
6746 14 14 6
6747 16 16 4
6748 32 31 5
6749 17 17 7
6750 27 26 6
6751 20 20 6
6752 22 22 4
6753 28 27 7
6754 21 21 7
6755 25 24 6
6756 22 22 6
6757 24 24 4
6758 32 31 7
6759 33 32 8
6760 16 16 6
6761 18 18 4
6762 10 9 5
6763 15 14 4
6764 22 21 7
6765 25 25 7
6766 29 28 6
6767 22 22 6
6768 24 24 4
6769 16 15 5
6770 15 14 6
6771 26 26 4
6772 28 27 5
6773 19 18 4
6774 26 25 7
6775 25 24 6
6776 18 18 4
6777 20 19 5
6778 13 13 5
6779 17 17 5
6780 25 24 6
6781 16 16 4
6782 18 17 5
6783 13 12 4
6784 18 17 5
6785 23 22 4
6786 24 23 5
6787 33 32 6
6788 16 16 6
6789 18 17 5
6790 17 17 5
6791 17 17 5
6792 23 22 6
6793 18 18 4
6794 18 17 5
6795 19 19 5
6796 15 15 5
6797 17 16 4
6798 18 17 5
6799 17 17 5
6800 17 16 6
6801 12 12 6
6802 12 12 4
6803 20 19 5
6804 27 26 6
6805 22 22 6
6806 18 17 5
6807 15 14 6
6808 20 20 6
6809 20 20 6
6810 26 25 5
6811 13 12 4
6812 20 19 5
6813 15 14 4
6814 24 23 5
6815 15 14 6
6816 22 22 4
6817 18 17 5
6818 23 22 4
6819 16 15 5
6820 13 13 5
6821 19 18 6
6822 10 9 5
6823 21 20 8
6824 10 10 4
6825 6 5 4
6826 20 19 7
6827 9 8 4
6828 18 17 5
6829 19 19 5
6830 41 41 7
6831 17 16 6
6832 16 16 4
6833 26 25 5
6834 15 15 7
6835 21 20 4
6836 24 23 5
6837 15 15 5
6838 23 22 6
6839 8 8 4
6840 12 11 5
6841 15 14 6
6842 18 18 8
6843 18 18 6
6844 16 16 6
6845 14 13 5
6846 5 5 5
6847 12 11 5
6848 7 6 5
6849 15 14 6
6850 12 12 6
6851 14 14 6
6852 18 17 5
6853 13 12 6
6854 12 11 5
6855 15 15 7
6856 13 12 6
6857 12 12 4
6858 14 13 7
6859 11 10 4
6860 10 9 5
6861 15 14 6
6862 10 9 5
6863 17 17 5
6864 13 13 5
6865 15 15 7
6866 9 8 4
6867 14 13 5
6868 5 5 5
6869 14 13 5
6870 27 26 8
6871 10 10 6
6872 14 14 6
6873 8 8 4
6874 14 13 5
6875 17 16 4
6876 12 11 5
6877 19 18 4
6878 14 13 5
6879 15 15 7
6880 13 12 4
6881 14 13 5
6882 13 12 6
6883 16 15 5
6884 15 14 4
6885 10 9 5
6886 15 15 5
6887 13 12 6
6888 16 15 5
6889 19 18 4
6890 12 11 5
6891 11 10 4
6892 14 13 7
6893 15 14 6
6894 12 11 5
6895 9 8 4
6896 16 15 5
6897 17 17 7
6898 21 21 5
6899 21 20 8
6900 12 12 4
6901 24 23 7
6902 13 12 4
6903 20 19 5
6904 9 8 4
6905 16 15 5
6906 13 13 5
6907 11 11 5
6908 11 11 5
6909 9 8 4
6910 14 13 5
6911 13 12 6
6912 10 10 6
6913 12 12 4
6914 14 13 7
6915 19 18 4
6916 10 9 5
6917 19 18 6
6918 10 9 5
6919 17 16 6
6920 14 14 4
6921 16 15 5
6922 11 11 7
6923 9 8 4
6924 14 13 5
6925 19 19 5
6926 11 11 5
6927 13 13 5
6928 15 15 5
6929 13 12 4
6930 16 15 5
6931 11 11 5
6932 13 12 4
6933 10 9 5
6934 11 10 4
6935 14 13 7
6936 11 11 5
6937 7 6 5
6938 15 14 6
6939 10 10 6
6940 12 12 4
6941 18 17 7
6942 15 14 6
6943 16 16 4
6944 16 15 5
6945 15 14 6
6946 14 13 5
6947 27 26 6
6948 24 24 6
6949 28 28 4
6950 24 23 5
6951 7 6 5
6952 19 18 6
6953 18 18 4
6954 12 11 5
6955 19 18 6
6956 14 13 5
6957 17 16 6
6958 12 12 4
6959 10 9 5
6960 19 18 4
6961 10 9 5
6962 11 10 6
6963 16 16 8
6964 8 8 4
6965 18 17 7
6966 9 8 4
6967 16 15 5
6968 13 13 5
6969 11 11 5
6970 15 15 5
6971 19 18 6
6972 28 28 4
6973 14 13 5
6974 19 18 4
6975 18 17 5
6976 5 5 5
6977 18 17 5
6978 17 16 4
6979 18 17 5
6980 25 25 5
6981 13 13 5
6982 25 24 6
6983 18 18 4
6984 18 17 5
6985 15 14 4
6986 14 13 5
6987 21 21 5
6988 23 23 5
6989 23 22 6
6990 18 17 5
6991 9 8 4
6992 20 19 5
6993 19 19 5
6994 15 14 6
6995 28 28 4
6996 14 13 5
6997 21 21 5
6998 11 10 4
6999 18 17 5
7000 25 24 6
7001 14 13 5
7002 25 25 5
7003 13 12 6
7004 12 12 4
7005 22 21 5
7006 31 31 5
7007 21 20 6
7008 18 18 6
7009 12 12 4
7010 10 9 5
7011 35 35 5
7012 27 27 5
7013 21 21 5
7014 19 19 5
7015 27 26 6
7016 16 16 4
7017 22 21 7
7018 11 10 4
7019 24 23 5
7020 15 14 4
7021 22 21 5
7022 33 33 9
7023 13 13 5
7024 23 22 6
7025 24 24 4
7026 16 15 5
7027 19 19 5
7028 19 19 5
7029 21 20 4
7030 30 29 7
7031 15 14 6
7032 20 20 6
7033 12 12 4
7034 18 17 5
7035 19 18 6
7036 16 16 6
7037 22 22 4
7038 10 9 5
7039 23 22 6
7040 18 18 4
7041 22 21 7
7042 19 19 5
7043 25 24 6
7044 16 16 6
7045 20 19 5
7046 21 20 4
7047 18 17 5
7048 17 16 4
7049 18 17 5
7050 15 15 7
7051 25 24 6
7052 20 20 6
7053 20 20 4
7054 24 23 5
7055 23 22 6
7056 20 20 6
7057 36 35 7
7058 27 27 7
7059 29 29 7
7060 33 33 9
7061 17 16 4
7062 34 33 11
7063 37 37 9
7064 37 37 9
7065 23 22 4
7066 22 21 5
7067 37 36 8
7068 30 29 5
7069 21 21 5
7070 29 29 5
7071 25 25 5
7072 21 20 8
7073 14 14 6
7074 36 36 10
7075 26 26 8
7076 28 27 5
7077 39 38 8
7078 34 34 6
7079 32 31 7
7080 35 35 5
7081 25 24 8
7082 44 43 5
7083 31 31 7
7084 23 23 7
7085 13 12 4
7086 30 29 5
7087 21 21 5
7088 33 33 9
7089 15 14 6
7090 28 28 6
7091 26 26 4
7092 24 23 7
7093 21 21 5
7094 27 26 6
7095 30 30 6
7096 30 29 5
7097 19 19 5
7098 23 23 5
7099 29 28 6
7100 38 37 9
7101 43 43 7
7102 25 24 4
7103 30 29 7
7104 31 30 8
7105 18 17 5
7106 19 19 5
7107 33 32 6
7108 18 17 5
7109 39 39 7
7110 25 25 5
7111 41 41 9
7112 17 17 5
7113 19 18 6
7114 14 14 4
7115 34 33 5
7116 21 21 7
7117 23 22 4
7118 24 23 5
7119 33 33 7
7120 23 23 5
7121 35 34 6
7122 28 27 5
7123 39 39 9
7124 17 17 5
7125 21 20 6
7126 24 24 8
7127 14 13 5
7128 29 29 9
7129 27 26 4
7130 30 29 9
7131 13 12 4
7132 26 25 5
7133 35 35 5
7134 13 13 7
7135 25 24 4
7136 14 13 5
7137 23 23 5
7138 27 26 6
7139 22 21 5
7140 19 18 6
7141 12 12 4
7142 20 19 7
7143 21 20 6
7144 20 20 6
7145 16 16 6
7146 14 14 4
7147 28 27 7
7148 17 16 4
7149 16 15 5
7150 11 10 4
7151 14 13 5
7152 25 24 6
7153 20 20 6
7154 16 15 5
7155 17 16 4
7156 16 15 5
7157 15 15 5
7158 17 17 5
7159 13 12 4
7160 16 15 7
7161 11 11 5
7162 19 18 6
7163 16 16 6
7164 18 17 5
7165 13 12 6
7166 6 6 6
7167 21 20 4
7168 18 17 5
7169 17 16 6
7170 16 15 5
7171 15 14 6
7172 12 12 4
7173 10 9 5
7174 9 9 5
7175 13 12 4
7176 12 11 5
7177 17 17 7
7178 23 22 6
7179 16 16 4
7180 14 13 7
7181 9 8 4
7182 12 11 5
7183 13 12 4
7184 18 17 7
7185 17 16 4
7186 20 19 5
7187 5 5 5
7188 20 19 7
7189 15 14 6
7190 12 11 5
7191 11 10 4
7192 6 5 4
7193 14 13 7
7194 13 12 4
7195 12 11 5
7196 9 8 4
7197 16 15 7
7198 13 13 7
7199 13 12 4
7200 8 7 6
7201 8 8 4
7202 10 9 5
7203 13 12 6
7204 10 10 6
7205 6 6 6
7206 11 10 6
7207 8 8 4
7208 12 11 5
7209 13 12 6
7210 14 14 6
7211 18 17 5
7212 11 11 5
7213 21 21 5
7214 15 15 5
7215 19 19 5
7216 11 11 5
7217 11 10 6
7218 16 16 6
7219 14 13 7
7220 13 12 4
7221 12 11 5
7222 13 13 5
7223 23 22 6
7224 14 14 6
7225 24 24 6
7226 14 14 4
7227 10 9 5
7228 9 8 4
7229 6 5 4
7230 6 5 4
7231 14 13 5
7232 11 11 5
7233 11 10 4
7234 14 13 5
7235 9 8 4
7236 12 11 5
7237 13 13 7
7238 13 13 5
7239 15 15 5
7240 13 12 6
7241 10 10 4
7242 14 13 5
7243 15 14 6
7244 16 16 4
7245 12 11 5
7246 15 14 8
7247 10 10 4
7248 6 5 4
7249 14 13 5
7250 13 13 5
7251 17 16 6
7252 14 13 5
7253 11 10 4
7254 10 9 5
7255 9 9 5
7256 17 16 6
7257 18 18 6
7258 12 11 5
7259 9 9 5
7260 11 11 5
7261 13 12 6
7262 14 14 4
7263 18 17 7
7264 15 14 6
7265 12 12 4
7266 12 11 5
7267 11 10 4
7268 10 9 5
7269 11 11 5
7270 11 10 4
7271 12 11 5
7272 17 16 6
7273 18 18 6
7274 14 13 5
7275 21 21 5
7276 21 21 5
7277 11 10 6
7278 10 10 6
7279 12 12 4
7280 6 5 4
7281 16 15 5
7282 15 15 7
7283 25 24 4
7284 14 13 5
7285 15 15 5
7286 15 14 4
7287 12 11 7
7288 9 8 4
7289 14 13 5
7290 23 22 8
7291 18 18 6
7292 14 14 4
7293 12 11 5
7294 19 18 6
7295 6 6 6
7296 13 12 6
7297 12 12 6
7298 6 5 4
7299 10 9 5
7300 11 10 4
7301 10 9 5
7302 13 13 7
7303 13 13 5
7304 13 13 5
7305 13 13 5
7306 15 14 8
7307 18 18 4
7308 16 15 5
7309 23 22 6
7310 10 10 4
7311 22 21 7
7312 11 11 5
7313 7 6 5
7314 13 12 6
7315 12 12 6
7316 12 12 4
7317 10 9 5
7318 9 9 5
7319 13 12 4
7320 12 11 5
7321 21 20 4
7322 22 21 7
7323 11 10 4
7324 16 15 5
7325 25 24 6
7326 16 16 6
7327 24 24 6
7328 14 14 6
7329 20 20 4
7330 26 25 5
7331 15 15 5
7332 15 14 4
7333 16 15 7
7334 17 16 4
7335 18 17 5
7336 19 19 5
7337 17 17 5
7338 33 32 6
7339 12 12 6
7340 28 27 5
7341 15 14 4
7342 20 19 5
7343 21 21 5
7344 13 13 5
7345 13 12 4
7346 32 31 7
7347 23 23 5
7348 31 30 6
7349 12 12 4
7350 22 21 7
7351 29 28 6
7352 20 20 6
7353 18 17 5
7354 39 39 5
7355 19 19 5
7356 17 16 4
7357 24 23 5
7358 21 20 6
7359 30 30 8
7360 28 28 6
7361 22 21 7
7362 29 28 6
7363 12 11 5
7364 19 19 7
7365 21 20 6
7366 24 24 6
7367 22 22 4
7368 14 13 5
7369 23 22 6
7370 20 19 5
7371 17 17 5
7372 15 14 4
7373 16 15 5
7374 17 16 6
7375 32 32 8
7376 12 12 4
7377 20 19 5
7378 13 12 4
7379 12 11 5
7380 11 11 5
7381 19 18 6
7382 14 14 6
7383 14 13 5
7384 21 20 4
7385 32 31 5
7386 23 23 5
7387 25 24 8
7388 14 14 4
7389 18 17 7
7390 23 22 6
7391 20 20 4
7392 20 19 5
7393 15 15 5
7394 13 13 5
7395 17 17 5
7396 21 20 6
7397 10 9 5
7398 25 24 8
7399 16 16 6
7400 10 10 4
7401 14 13 5
7402 13 13 5
7403 13 13 5
7404 19 18 8
7405 16 15 5
7406 9 8 4
7407 10 9 5
7408 7 6 5
7409 11 10 4
7410 14 13 7
7411 19 18 6
7412 26 25 5
7413 19 19 5
7414 13 13 5
7415 5 5 5
7416 12 11 5
7417 9 8 4
7418 10 9 5
7419 15 14 6
7420 6 6 6
7421 7 6 5
7422 23 22 6
7423 12 11 5
7424 27 26 6
7425 16 15 5
7426 11 10 4
7427 16 15 5
7428 7 6 5
7429 13 12 6
7430 8 8 4
7431 6 5 4
7432 14 13 7
7433 7 6 5
7434 11 10 6
7435 8 8 4
7436 12 11 5
7437 13 12 6
7438 14 13 5
7439 11 11 5
7440 11 10 4
7441 18 17 7
7442 19 18 6
7443 18 18 6
7444 16 16 4
7445 16 15 5
7446 15 15 5
7447 15 15 5
7448 7 7 7
7449 14 14 4
7450 20 19 7
7451 15 14 6
7452 16 16 6
7453 18 17 5
7454 13 13 5
7455 11 10 6
7456 10 10 4
7457 16 15 7
7458 13 13 7
7459 11 10 4
7460 16 15 5
7461 9 9 5
7462 19 18 6
7463 14 13 7
7464 11 10 4
7465 10 9 5
7466 13 12 6
7467 10 10 6
7468 10 10 4
7469 18 17 9
7470 9 8 4
7471 12 11 5
7472 13 12 6
7473 10 10 4
7474 16 15 5
7475 11 11 5
7476 7 7 7
7477 20 20 6
7478 10 10 6
7479 10 9 5
7480 9 9 5
7481 9 9 5
7482 15 14 4
7483 16 15 5
7484 9 9 5
7485 23 22 6
7486 38 37 7
7487 9 8 4
7488 14 13 5
7489 7 6 5
7490 9 8 4
7491 10 9 5
7492 9 9 5
7493 13 13 7
7494 13 12 6
7495 12 12 6
7496 12 12 4
7497 18 17 5
7498 11 11 5
7499 17 17 5
7500 11 11 5
7501 9 8 4
7502 14 13 5
7503 15 14 8
7504 12 12 4
7505 18 17 5
7506 13 12 6
7507 14 14 6
7508 6 6 6
7509 13 13 5
7510 15 14 6
7511 12 12 6
7512 8 8 4
7513 8 7 6
7514 12 12 6
7515 12 12 6
7516 18 18 6
7517 6 6 6
7518 13 12 6
7519 10 10 4
7520 16 15 7
7521 19 18 6
7522 12 12 6
7523 18 18 6
7524 22 21 5
7525 27 26 6
7526 14 14 4
7527 10 9 5
7528 9 9 5
7529 9 8 4
7530 18 17 5
7531 9 9 5
7532 13 13 5
7533 9 9 5
7534 11 11 5
7535 11 11 5
7536 13 13 5
7537 9 8 4
7538 14 13 5
7539 9 8 4
7540 10 9 5
7541 15 14 6
7542 16 16 6
7543 14 14 4
7544 12 11 5
7545 25 24 6
7546 12 11 5
7547 19 18 4
7548 30 29 5
7549 19 19 5
7550 11 11 5
7551 27 26 6
7552 16 15 5
7553 15 14 4
7554 22 21 5
7555 25 24 4
7556 14 13 5
7557 19 18 6
7558 14 14 4
7559 18 17 5
7560 29 29 5
7561 21 21 5
7562 17 17 5
7563 19 18 6
7564 22 22 6
7565 18 17 5
7566 19 18 6
7567 12 11 5
7568 11 10 4
7569 30 29 7
7570 33 32 6
7571 28 27 5
7572 21 20 4
7573 36 35 7
7574 27 26 6
7575 26 26 6
7576 24 24 8
7577 30 30 4
7578 20 19 5
7579 15 15 5
7580 37 36 6
7581 20 20 6
7582 22 22 4
7583 26 25 5
7584 27 26 4
7585 32 31 7
7586 21 21 5
7587 31 31 9
7588 21 20 6
7589 22 22 6
7590 22 21 5
7591 25 24 6
7592 20 20 6
7593 14 14 4
7594 20 19 5
7595 19 18 4
7596 22 21 7
7597 23 22 6
7598 18 18 6
7599 24 24 8
7600 24 23 5
7601 33 33 5
7602 17 17 5
7603 9 8 4
7604 20 19 5
7605 15 15 5
7606 33 33 7
7607 27 26 8
7608 20 20 4
7609 24 23 5
7610 21 20 6
7611 24 24 4
7612 28 27 5
7613 41 41 7
7614 41 41 7
7615 23 22 6
7616 22 21 5
7617 17 16 6
7618 24 24 6
7619 38 38 8
7620 12 12 4
7621 14 13 5
7622 17 17 5
7623 23 22 8
7624 28 27 5
7625 21 21 5
7626 21 21 7
7627 33 32 8
7628 24 23 5
7629 21 20 6
7630 18 18 4
7631 30 29 9
7632 31 30 8
7633 32 31 9
7634 23 23 5
7635 29 29 5
7636 29 29 7
7637 25 25 7
7638 13 12 6
7639 14 14 6
7640 20 20 6
7641 20 19 5
7642 35 34 4
7643 28 27 7
7644 33 33 7
7645 43 42 10
7646 22 22 4
7647 26 25 5
7648 29 29 5
7649 23 22 6
7650 24 24 6
7651 18 17 5
7652 15 15 5
7653 19 18 6
7654 10 10 4
7655 16 15 5
7656 21 21 5
7657 15 15 5
7658 29 28 8
7659 22 22 6
7660 12 11 5
7661 23 22 4
7662 18 17 5
7663 15 14 4
7664 20 19 5
7665 15 15 5
7666 15 15 5
7667 17 16 6
7668 8 8 4
7669 18 17 5
7670 21 20 4
7671 22 21 7
7672 17 16 4
7673 18 17 5
7674 13 12 6
7675 6 6 6
7676 13 12 4
7677 18 17 5
7678 25 25 5
7679 13 13 5
7680 9 8 4
7681 12 11 5
7682 23 23 5
7683 15 14 4
7684 20 19 7
7685 19 18 4
7686 24 23 7
7687 13 12 6
7688 12 12 6
7689 24 24 4
7690 24 23 7
7691 19 18 6
7692 12 12 4
7693 12 11 5
7694 21 21 7
7695 13 12 6
7696 14 14 6
7697 12 12 4
7698 26 25 9
7699 11 10 4
7700 16 15 5
7701 23 23 5
7702 29 28 6
7703 30 29 5
7704 15 15 5
7705 17 17 5
7706 17 16 4
7707 14 13 7
7708 27 26 6
7709 12 12 6
7710 20 20 6
7711 24 24 6
7712 14 14 4
7713 14 13 5
7714 13 13 5
7715 17 17 5
7716 15 14 4
7717 22 21 7
7718 21 20 6
7719 26 25 5
7720 21 21 5
7721 17 17 5
7722 17 17 5
7723 15 14 4
7724 22 21 5
7725 21 20 8
7726 10 10 4
7727 18 17 5
7728 21 21 7
7729 23 22 6
7730 22 22 6
7731 18 18 4
7732 18 17 5
7733 13 12 4
7734 20 19 5
7735 13 13 5
7736 31 30 6
7737 26 26 4
7738 16 15 5
7739 25 25 5
7740 13 12 4
7741 16 15 5
7742 25 25 5
7743 15 15 5
7744 23 22 4
7745 12 11 5
7746 29 28 6
7747 22 22 6
7748 24 24 6
7749 10 10 4
7750 18 17 5
7751 25 24 6
7752 12 12 4
7753 20 19 5
7754 21 20 8
7755 20 20 4
7756 14 13 5
7757 21 20 6
7758 24 24 6
7759 18 18 6
7760 22 22 6
7761 20 19 5
7762 21 20 6
7763 12 11 5
7764 19 18 6
7765 18 18 6
7766 18 17 5
7767 21 20 4
7768 10 9 5
7769 13 12 4
7770 18 17 5
7771 19 18 6
7772 16 16 6
7773 20 20 4
7774 10 9 5
7775 9 8 4
7776 14 13 5
7777 19 18 6
7778 14 14 6
7779 14 14 4
7780 10 9 5
7781 17 17 5
7782 17 16 4
7783 6 5 4
7784 12 11 5
7785 15 14 6
7786 16 16 6
7787 14 14 4
7788 10 9 5
7789 11 11 5
7790 19 18 4
7791 22 21 7
7792 11 10 4
7793 22 21 5
7794 13 12 6
7795 14 14 6
7796 14 13 7
7797 9 8 4
7798 14 13 5
7799 15 15 7
7800 9 8 4
7801 12 11 5
7802 21 21 7
7803 9 8 4
7804 12 11 5
7805 13 13 5
7806 11 11 5
7807 11 11 5
7808 13 12 6
7809 10 9 5
7810 11 10 4
7811 10 9 5
7812 9 8 4
7813 12 11 7
7814 17 17 5
7815 17 16 6
7816 18 17 5
7817 11 10 6
7818 12 12 6
7819 6 5 4
7820 12 11 5
7821 15 14 6
7822 8 8 4
7823 12 11 5
7824 15 14 8
7825 14 14 6
7826 8 8 4
7827 10 9 5
7828 17 16 8
7829 6 6 6
7830 17 16 6
7831 12 12 4
7832 22 21 5
7833 25 25 7
7834 17 17 5
7835 13 12 4
7836 20 19 7
7837 13 12 6
7838 6 6 6
7839 11 10 6
7840 10 10 6
7841 10 10 4
7842 12 11 5
7843 11 10 4
7844 12 11 5
7845 5 5 5
7846 14 13 5
7847 13 13 7
7848 13 13 5
7849 9 9 5
7850 15 14 4
7851 6 5 4
7852 10 9 5
7853 5 5 5
7854 14 13 7
7855 7 6 5
7856 11 11 5
7857 15 14 6
7858 16 16 4
7859 14 13 7
7860 15 14 6
7861 16 16 4
7862 12 11 5
7863 31 31 5
7864 9 9 5
7865 17 16 6
7866 14 14 6
7867 8 8 4
7868 14 13 5
7869 19 18 6
7870 16 16 6
7871 6 5 4
7872 20 19 7
7873 9 8 4
7874 16 15 5
7875 33 32 8
7876 26 26 6
7877 28 28 6
7878 26 25 5
7879 9 9 5
7880 15 14 4
7881 20 19 5
7882 31 30 8
7883 16 16 4
7884 16 15 5
7885 15 14 6
7886 10 10 4
7887 14 13 5
7888 13 13 5
7889 21 21 7
7890 19 18 4
7891 24 23 5
7892 21 20 6
7893 14 14 6
7894 18 18 6
7895 22 22 4
7896 22 21 5
7897 13 12 4
7898 22 21 5
7899 25 25 5
7900 31 30 4
7901 24 23 7
7902 21 20 4
7903 16 15 7
7904 21 20 6
7905 24 24 8
7906 22 21 5
7907 23 23 5
7908 21 21 5
7909 17 17 5
7910 17 17 7
7911 17 16 6
7912 12 12 4
7913 20 19 5
7914 17 17 5
7915 19 18 6
7916 18 18 6
7917 32 31 5
7918 27 26 6
7919 22 22 8
7920 16 16 6
7921 14 14 4
7922 26 25 5
7923 27 27 7
7924 23 22 4
7925 24 23 5
7926 19 18 6
7927 24 24 6
7928 22 22 6
7929 22 22 4
7930 14 13 5
7931 15 15 5
7932 21 20 6
7933 12 12 4
7934 10 9 5
7935 21 20 6
7936 26 26 6
7937 12 12 6
7938 30 30 8
7939 26 25 5
7940 15 15 7
7941 13 12 6
7942 10 10 4
7943 12 11 5
7944 13 13 5
7945 19 19 5
7946 23 23 7
7947 13 13 5
7948 23 22 4
7949 14 13 5
7950 21 21 5
7951 17 17 5
7952 17 17 5
7953 13 13 5
7954 23 23 5
7955 17 17 5
7956 21 21 5
7957 17 16 4
7958 26 25 7
7959 27 26 8
7960 12 12 4
7961 26 25 7
7962 15 15 5
7963 19 18 6
7964 22 21 5
7965 31 31 9
7966 23 23 5
7967 27 26 10
7968 16 16 6
7969 20 20 6
7970 24 23 7
7971 25 24 6
7972 18 17 5
7973 17 16 4
7974 22 21 5
7975 19 19 5
7976 25 24 6
7977 14 13 5
7978 19 19 5
7979 29 29 5
7980 33 33 7
7981 27 26 6
7982 16 16 6
7983 12 12 4
7984 12 11 5
7985 13 13 5
7986 23 23 5
7987 19 18 6
7988 18 17 5
7989 27 27 5
7990 19 18 4
7991 26 25 5
7992 19 18 6
7993 14 13 5
7994 11 10 4
7995 22 21 5
7996 13 12 6
7997 30 29 5
7998 23 22 6
7999 12 12 4
8000 16 15 5
8001 17 16 6
8002 20 19 5
8003 13 13 5
8004 21 21 5
8005 21 21 5
8006 15 15 5
8007 11 11 5
8008 19 18 6
8009 24 24 6
8010 20 19 7
8011 11 10 4
8012 18 17 5
8013 19 18 4
8014 14 13 7
8015 19 18 6
8016 14 14 6
8017 12 11 5
8018 21 20 8
8019 16 16 6
8020 8 8 4
8021 18 17 5
8022 19 18 6
8023 6 6 6
8024 21 20 6
8025 14 13 5
8026 9 8 4
8027 14 13 5
8028 27 26 6
8029 22 21 5
8030 19 18 6
8031 16 16 4
8032 10 9 5
8033 17 17 5
8034 17 16 4
8035 20 19 5
8036 11 11 5
8037 15 14 4
8038 18 17 5
8039 17 17 5
8040 23 23 5
8041 29 29 5
8042 21 20 4
8043 20 19 5
8044 21 20 6
8045 26 26 8
8046 22 22 4
8047 12 11 5
8048 17 17 5
8049 23 22 8
8050 26 26 6
8051 22 22 4
8052 18 17 5
8053 25 25 7
8054 21 21 5
8055 13 12 4
8056 28 27 7
8057 35 34 4
8058 12 11 5
8059 21 21 5
8060 19 18 6
8061 24 24 6
8062 20 19 5
8063 13 13 5
8064 19 18 6
8065 18 18 4
8066 32 31 7
8067 19 18 4
8068 16 15 5
8069 27 26 6
8070 28 28 8
8071 24 24 6
8072 28 27 7
8073 21 20 4
8074 16 15 5
8075 19 19 7
8076 19 18 6
8077 20 19 5
8078 15 15 5
8079 21 21 7
8080 17 16 6
8081 16 15 5
8082 11 10 4
8083 14 13 5
8084 13 13 5
8085 21 21 7
8086 17 16 6
8087 10 10 4
8088 18 17 7
8089 21 20 6
8090 10 10 4
8091 12 11 5
8092 17 16 6
8093 14 14 4
8094 14 13 5
8095 13 13 5
8096 9 8 4
8097 20 19 5
8098 9 9 5
8099 21 21 5
8100 15 15 7
8101 9 9 5
8102 9 8 4
8103 20 19 7
8104 9 8 4
8105 12 11 5
8106 9 9 5
8107 7 6 5
8108 13 13 5
8109 15 15 7
8110 15 15 7
8111 15 14 6
8112 10 10 6
8113 8 8 4
8114 10 9 5
8115 19 18 6
8116 20 19 5
8117 19 18 6
8118 14 13 5
8119 21 21 7
8120 19 18 4
8121 16 15 5
8122 21 20 8
8123 6 6 6
8124 11 10 4
8125 12 11 5
8126 15 14 4
8127 18 17 7
8128 17 17 5
8129 9 9 5
8130 21 20 6
8131 10 10 6
8132 10 10 6
8133 12 12 6
8134 18 17 5
8135 9 8 4
8136 16 15 5
8137 9 9 5
8138 11 10 6
8139 20 19 5
8140 9 9 5
8141 21 21 5
8142 15 15 5
8143 23 22 6
8144 10 10 4
8145 14 13 5
8146 9 9 5
8147 17 16 6
8148 14 13 5
8149 5 5 5
8150 10 9 5
8151 9 9 5
8152 15 14 6
8153 14 14 4
8154 22 21 7
8155 19 19 5
8156 11 10 4
8157 14 13 5
8158 13 12 4
8159 14 13 7
8160 7 6 5
8161 15 14 6
8162 12 12 4
8163 22 21 7
8164 19 18 4
8165 14 13 5
8166 17 17 5
8167 9 8 4
8168 12 11 5
8169 9 8 4
8170 12 11 5
8171 7 6 5
8172 9 9 5
8173 19 18 8
8174 18 18 6
8175 30 30 8
8176 18 18 6
8177 8 8 4
8178 16 15 5
8179 11 10 4
8180 22 21 5
8181 13 12 4
8182 24 23 5
8183 15 15 5
8184 15 15 7
8185 15 14 6
8186 12 12 4
8187 16 15 5
8188 15 15 5
8189 17 16 4
8190 26 25 5
8191 25 25 5
8192 25 25 5
8193 13 12 4
8194 24 23 7
8195 31 30 6
8196 28 28 4
8197 24 23 7
8198 33 33 7
8199 29 29 7
8200 29 29 5
8201 25 25 7
8202 21 21 7
8203 29 29 11
8204 23 22 4
8205 40 39 5
8206 45 45 9
8207 35 34 10
8208 32 31 5
8209 31 31 7
8210 31 30 10
8211 38 37 9
8212 39 39 7
8213 33 32 6
8214 42 42 14
8215 46 46 10
8216 26 26 6
8217 30 29 7
8218 23 22 6
8219 36 36 8
8220 26 25 5
8221 31 30 4
8222 36 35 7
8223 33 33 7
8224 39 38 8
8225 32 32 10
8226 34 34 6
8227 56 56 16
8228 14 14 4
8229 26 25 7
8230 29 28 6
8231 30 29 7
8232 37 36 8
8233 32 31 7
8234 27 26 6
8235 24 24 6
8236 22 22 4
8237 46 45 9
8238 23 22 4
8239 28 27 7
8240 17 16 6
8241 40 40 8
8242 16 16 4
8243 32 31 5
8244 41 41 7
8245 25 25 7
8246 23 22 8
8247 24 24 6
8248 38 37 7
8249 29 29 7
8250 35 35 11
8251 35 35 7
8252 19 19 5
8253 45 44 10
8254 26 26 6
8255 30 30 6
8256 26 26 4
8257 26 25 5
8258 29 28 6
8259 26 26 6
8260 18 18 4
8261 52 51 11
8262 31 30 6
8263 20 20 4
8264 24 23 5
8265 39 39 9
8266 23 23 5
8267 37 36 10
8268 32 32 10
8269 24 24 6
8270 16 16 4
8271 26 25 7
8272 21 21 7
8273 29 28 6
8274 20 20 4
8275 20 19 5
8276 19 19 5
8277 21 20 4
8278 32 31 5
8279 13 13 5
8280 31 30 8
8281 26 26 8
8282 28 28 6
8283 24 23 5
8284 27 26 6
8285 16 16 6
8286 24 24 6
8287 10 10 4
8288 28 27 5
8289 17 16 4
8290 14 13 5
8291 27 27 5
8292 15 15 5
8293 21 21 7
8294 23 23 7
8295 21 20 6
8296 18 18 4
8297 20 19 5
8298 19 18 4
8299 26 25 7
8300 21 20 6
8301 18 18 4
8302 10 9 5
8303 17 16 4
8304 20 19 5
8305 15 14 4
8306 12 11 5
8307 19 18 6
8308 14 14 6
8309 10 10 6
8310 16 16 6
8311 20 20 4
8312 14 13 5
8313 15 14 6
8314 12 11 5
8315 17 16 6
8316 16 16 6
8317 20 20 6
8318 18 17 5
8319 17 17 5
8320 17 17 5
8321 19 19 5
8322 13 12 4
8323 24 23 5
8324 17 17 7
8325 15 15 5
8326 17 17 5
8327 15 15 5
8328 19 18 6
8329 12 12 6
8330 12 12 6
8331 10 10 4
8332 12 11 5
8333 19 18 4
8334 12 11 5
8335 21 20 8
8336 18 18 6
8337 18 18 4
8338 20 19 5
8339 25 24 6
8340 22 21 7
8341 15 14 6
8342 16 16 6
8343 14 14 6
8344 12 12 6
8345 24 24 6
8346 8 7 6
8347 16 16 4
8348 12 11 5
8349 11 10 6
8350 12 11 5
8351 27 27 7
8352 31 30 4
8353 34 33 5
8354 21 21 5
8355 17 16 6
8356 20 20 4
8357 10 9 5
8358 19 18 6
8359 16 16 4
8360 24 23 5
8361 19 19 7
8362 23 22 6
8363 18 18 4
8364 28 27 7
8365 15 14 4
8366 26 25 5
8367 21 21 5
8368 25 24 4
8369 16 15 5
8370 31 30 6
8371 34 33 5
8372 37 37 5
8373 35 35 5
8374 21 20 6
8375 18 18 6
8376 26 26 6
8377 26 26 4
8378 20 19 5
8379 29 29 7
8380 21 20 6
8381 20 20 6
8382 16 15 5
8383 29 28 6
8384 28 28 6
8385 30 30 4
8386 20 19 5
8387 23 22 8
8388 12 12 4
8389 20 19 5
8390 13 13 5
8391 27 26 6
8392 32 32 6
8393 24 24 4
8394 14 13 5
8395 29 28 6
8396 18 17 5
8397 13 13 5
8398 23 22 8
8399 16 16 4
8400 20 19 5
8401 27 26 10
8402 16 16 6
8403 18 18 4
8404 16 15 5
8405 27 26 10
8406 16 16 4
8407 20 19 7
8408 17 17 5
8409 17 16 4
8410 10 9 5
8411 23 22 6
8412 14 14 4
8413 18 17 5
8414 23 22 4
8415 10 9 5
8416 25 24 6
8417 12 11 5
8418 19 19 5
8419 17 16 6
8420 14 14 6
8421 10 10 4
8422 6 5 4
8423 20 19 7
8424 11 11 5
8425 21 20 6
8426 12 12 6
8427 12 12 4
8428 12 11 5
8429 15 15 5
8430 11 11 5
8431 17 16 6
8432 14 14 6
8433 10 9 5
8434 17 17 5
8435 11 11 5
8436 13 13 5
8437 11 11 5
8438 21 20 6
8439 10 9 5
8440 17 16 6
8441 12 12 6
8442 16 15 5
8443 11 10 4
8444 26 25 5
8445 7 7 7
8446 16 16 6
8447 18 18 6
8448 12 11 5
8449 9 8 4
8450 14 13 5
8451 11 11 5
8452 11 10 4
8453 14 13 7
8454 7 6 5
8455 13 12 4
8456 14 13 5
8457 11 10 4
8458 10 9 5
8459 9 8 4
8460 18 17 7
8461 19 19 7
8462 9 8 4
8463 12 11 5
8464 5 5 5
8465 10 9 5
8466 13 12 6
8467 12 11 5
8468 17 17 7
8469 19 18 4
8470 22 21 5
8471 23 22 4
8472 12 11 5
8473 13 12 6
8474 16 16 6
8475 12 11 5
8476 13 13 5
8477 15 14 4
8478 16 15 5
8479 13 12 4
8480 10 9 5
8481 15 14 6
8482 14 14 6
8483 12 12 6
8484 10 10 4
8485 10 9 5
8486 11 10 4
8487 8 7 6
8488 10 10 4
8489 14 13 7
8490 17 16 6
8491 12 12 6
8492 22 22 6
8493 14 14 6
8494 14 14 6
8495 6 6 6
8496 15 14 6
8497 16 15 7
8498 19 18 6
8499 12 11 5
8500 11 10 4
8501 12 11 5
8502 13 12 6
8503 10 10 4
8504 16 15 5
8505 13 13 5
8506 23 22 6
8507 12 11 5
8508 11 11 5
8509 19 19 5
8510 15 14 6
8511 22 22 6
8512 14 14 6
8513 12 12 4
8514 14 13 5
8515 25 25 7
8516 21 20 6
8517 24 24 4
8518 14 13 5
8519 9 9 5
8520 15 14 4
8521 14 13 5
8522 15 14 6
8523 20 20 6
8524 10 9 5
8525 9 8 4
8526 14 13 5
8527 13 13 5
8528 13 13 5
8529 19 19 5
8530 25 25 5
8531 15 15 5
8532 11 10 6
8533 8 8 4
8534 28 27 7
8535 23 22 4
8536 24 23 5
8537 17 16 4
8538 30 29 5
8539 15 15 5
8540 13 12 4
8541 24 23 5
8542 37 36 6
8543 16 16 4
8544 16 15 7
8545 21 20 6
8546 20 20 6
8547 22 22 6
8548 16 15 5
8549 21 20 6
8550 22 21 5
8551 27 26 8
8552 20 20 6
8553 24 24 6
8554 24 23 5
8555 33 32 6
8556 18 17 5
8557 15 14 4
8558 18 17 5
8559 21 21 5
8560 21 20 6
8561 28 28 6
8562 18 18 4
8563 18 17 5
8564 19 18 4
8565 22 21 5
8566 29 29 7
8567 15 14 4
8568 18 17 5
8569 19 19 7
8570 19 18 4
8571 24 23 5
8572 25 25 7
8573 25 24 6
8574 24 23 5
8575 17 16 4
8576 32 31 7
8577 17 17 5
8578 19 19 5
8579 53 53 7
8580 31 30 6
8581 20 20 4
8582 30 29 7
8583 23 23 5
8584 31 30 6
8585 22 21 7
8586 37 36 6
8587 14 13 5
8588 39 39 5
8589 29 28 6
8590 40 40 6
8591 52 51 7
8592 25 25 5
8593 33 33 9
8594 31 30 8
8595 22 22 6
8596 34 34 6
8597 24 24 6
8598 20 19 5
8599 27 27 7
8600 17 17 5
8601 21 21 5
8602 21 21 5
8603 23 23 5
8604 21 20 4
8605 26 25 5
8606 25 24 6
8607 22 21 5
8608 19 19 7
8609 37 36 8
8610 16 15 5
8611 21 20 6
8612 20 19 5
8613 27 27 5
8614 37 36 8
8615 20 20 4
8616 22 21 7
8617 25 24 6
8618 26 26 6
8619 26 25 7
8620 17 16 8
8621 18 18 6
8622 30 30 6
8623 22 21 7
8624 35 34 8
8625 24 23 5
8626 33 32 10
8627 18 18 4
8628 28 27 9
8629 27 26 8
8630 16 15 5
8631 17 17 5
8632 21 20 6
8633 50 50 10
8634 40 40 8
8635 32 32 8
8636 34 33 11
8637 39 38 10
8638 30 30 6
8639 24 23 9
8640 19 18 6
8641 26 26 8
8642 28 27 5
8643 33 33 9
8644 17 16 4
8645 20 19 7
8646 29 28 6
8647 18 18 6
8648 28 27 5
8649 15 14 4
8650 26 25 5
8651 31 31 7
8652 21 20 6
8653 22 22 6
8654 28 28 8
8655 32 31 7
8656 19 18 6
8657 20 19 7
8658 17 17 5
8659 27 26 6
8660 34 33 7
8661 21 20 6
8662 30 29 5
8663 15 15 5
8664 17 17 5
8665 25 24 4
8666 24 23 5
8667 27 27 5
8668 27 27 5
8669 17 17 5
8670 17 17 5
8671 19 18 4
8672 18 17 5
8673 27 27 7
8674 15 14 4
8675 20 19 5
8676 29 29 5
8677 15 15 5
8678 25 24 6
8679 14 14 6
8680 16 16 6
8681 12 12 4
8682 22 21 5
8683 21 20 6
8684 24 23 5
8685 21 20 4
8686 22 21 5
8687 25 24 4
8688 16 15 5
8689 15 15 5
8690 17 16 4
8691 16 15 5
8692 17 16 4
8693 18 17 5
8694 17 16 4
8695 32 31 5
8696 21 21 5
8697 23 22 4
8698 18 17 5
8699 17 17 5
8700 19 18 4
8701 20 19 5
8702 17 17 5
8703 19 18 6
8704 16 16 4
8705 26 25 7
8706 21 21 7
8707 23 22 6
8708 20 20 4
8709 22 21 5
8710 25 24 4
8711 18 17 7
8712 17 16 4
8713 34 33 5
8714 19 18 4
8715 18 17 5
8716 21 20 6
8717 22 21 5
8718 15 15 5
8719 15 14 4
8720 24 23 7
8721 21 20 6
8722 12 12 4
8723 32 31 7
8724 21 20 6
8725 20 20 4
8726 32 31 7
8727 15 15 5
8728 17 16 4
8729 16 15 5
8730 15 14 4
8731 32 31 7
8732 7 6 5
8733 13 12 4
8734 22 21 5
8735 17 17 5
8736 15 14 4
8737 20 19 5
8738 21 21 5
8739 29 28 4
8740 18 17 7
8741 19 18 4
8742 16 15 5
8743 11 10 6
8744 18 18 6
8745 18 18 4
8746 10 9 5
8747 15 14 4
8748 22 21 7
8749 19 19 5
8750 11 11 5
8751 27 26 6
8752 18 18 4
8753 14 13 5
8754 15 14 4
8755 24 23 5
8756 19 18 6
8757 18 18 8
8758 14 14 4
8759 16 15 5
8760 21 20 8
8761 14 14 4
8762 16 15 5
8763 13 13 5
8764 15 14 4
8765 20 19 7
8766 11 11 5
8767 11 10 4
8768 22 21 5
8769 13 12 4
8770 14 13 5
8771 11 10 4
8772 16 15 5
8773 17 16 6
8774 20 20 6
8775 18 17 5
8776 15 14 6
8777 14 14 6
8778 16 16 8
8779 8 8 4
8780 18 17 7
8781 25 24 6
8782 8 8 4
8783 12 11 5
8784 29 28 6
8785 22 22 4
8786 14 13 5
8787 9 8 4
8788 20 19 5
8789 21 21 5
8790 17 16 6
8791 20 20 4
8792 18 17 5
8793 13 13 5
8794 13 13 5
8795 9 8 4
8796 20 19 5
8797 15 15 5
8798 17 16 6
8799 12 11 5
8800 9 8 4
8801 12 11 5
8802 11 10 6
8803 20 20 6
8804 20 20 8
8805 14 14 4
8806 16 15 7
8807 27 26 6
8808 16 15 5
8809 13 12 4
8810 16 15 5
8811 21 20 4
8812 14 13 5
8813 11 10 4
8814 16 15 5
8815 9 8 4
8816 12 11 5
8817 11 11 5
8818 9 8 4
8819 16 15 7
8820 15 14 4
8821 18 17 7
8822 15 14 6
8823 10 10 4
8824 12 11 5
8825 13 12 4
8826 14 13 5
8827 13 12 4
8828 8 7 6
8829 14 14 4
8830 22 21 7
8831 17 16 6
8832 16 16 6
8833 12 11 5
8834 11 10 4
8835 30 29 7
8836 13 12 6
8837 14 14 4
8838 14 13 5
8839 11 10 4
8840 10 9 5
8841 21 20 4
8842 16 15 5
8843 11 10 4
8844 12 11 5
8845 35 34 8
8846 16 15 5
8847 11 11 5
8848 23 22 4
8849 14 13 5
8850 17 16 4
8851 10 9 5
8852 17 16 6
8853 14 13 5
8854 15 15 5
8855 13 12 4
8856 8 7 6
8857 16 16 6
8858 10 10 6
8859 28 27 5
8860 13 12 6
8861 12 12 4
8862 22 21 5
8863 19 19 5
8864 13 13 5
8865 23 22 6
8866 32 31 7
8867 35 34 6
8868 36 35 5
8869 21 20 6
8870 24 24 6
8871 20 20 6
8872 30 30 6
8873 32 32 4
8874 22 21 5
8875 25 25 5
8876 29 28 4
8877 38 37 7
8878 19 18 6
8879 26 26 6
8880 22 21 5
8881 27 26 6
8882 38 38 8
8883 16 16 4
8884 16 15 5
8885 27 27 7
8886 31 31 5
8887 19 19 5
8888 37 36 6
8889 26 26 6
8890 22 22 4
8891 40 39 7
8892 21 21 5
8893 29 28 6
8894 36 36 6
8895 12 11 5
8896 23 22 6
8897 26 25 5
8898 31 30 6
8899 38 37 5
8900 27 26 4
8901 26 25 7
8902 17 16 4
8903 32 31 5
8904 31 30 6
8905 20 19 5
8906 23 22 4
8907 46 45 7
8908 23 22 4
8909 34 33 5
8910 19 19 5
8911 21 20 8
8912 36 36 10
8913 22 22 6
8914 26 25 5
8915 35 34 10
8916 24 24 4
8917 32 31 7
8918 17 16 4
8919 28 27 7
8920 33 33 7
8921 17 17 5
8922 41 40 8
8923 28 27 5
8924 43 43 9
8925 27 26 6
8926 34 33 7
8927 27 27 5
8928 39 38 10
8929 34 34 6
8930 32 31 7
8931 19 19 5
8932 33 32 4
8933 30 29 7
8934 41 40 4
8935 22 21 5
8936 33 32 8
8937 36 36 6
8938 22 21 5
8939 33 32 6
8940 28 27 5
8941 31 31 5
8942 29 29 7
8943 13 12 4
8944 24 23 5
8945 27 27 7
8946 27 26 6
8947 20 20 6
8948 32 32 6
8949 32 31 7
8950 29 28 4
8951 26 25 5
8952 17 17 5
8953 19 18 4
8954 30 29 5
8955 27 26 4
8956 14 13 5
8957 23 22 6
8958 20 19 5
8959 33 32 6
8960 22 22 6
8961 20 20 6
8962 24 24 4
8963 20 19 5
8964 21 20 6
8965 20 19 5
8966 21 21 5
8967 17 17 5
8968 17 16 4
8969 14 13 5
8970 17 17 5
8971 19 18 4
8972 20 19 5
8973 29 28 6
8974 14 14 6
8975 22 22 6
8976 14 14 4
8977 18 17 5
8978 11 10 4
8979 16 15 5
8980 13 12 4
8981 14 13 5
8982 19 18 6
8983 8 8 4
8984 10 9 5
8985 11 10 4
8986 18 17 5
8987 15 15 5
8988 11 10 4
8989 22 21 5
8990 11 10 4
8991 30 29 7
8992 23 22 6
8993 22 21 5
8994 25 24 4
8995 14 13 5
8996 27 26 6
8997 12 11 5
8998 23 22 4
8999 20 19 7
9000 17 16 6
9001 12 12 4
9002 14 13 5
9003 15 15 5
9004 7 6 5
9005 9 8 4
9006 16 15 7
9007 19 18 6
9008 16 15 5
9009 15 14 6
9010 16 16 6
9011 16 15 5
9012 17 17 5
9013 15 14 6
9014 18 17 5
9015 13 12 4
9016 30 29 7
9017 13 12 4
9018 12 11 5
9019 19 18 6
9020 8 8 4
9021 10 9 5
9022 13 13 5
9023 13 12 6
9024 12 11 5
9025 11 11 5
9026 11 10 4
9027 12 11 7
9028 13 12 6
9029 12 12 4
9030 18 17 7
9031 15 14 6
9032 18 18 6
9033 14 14 6
9034 14 14 6
9035 14 13 5
9036 11 10 4
9037 14 13 7
9038 15 14 6
9039 18 18 6
9040 18 18 6
9041 18 18 6
9042 14 14 6
9043 16 15 7
9044 5 5 5
9045 16 15 5
9046 11 10 4
9047 14 13 5
9048 9 9 5
9049 9 8 4
9050 12 11 7
9051 11 10 4
9052 18 17 7
9053 19 19 5
9054 13 12 4
9055 18 17 7
9056 11 11 5
9057 17 16 4
9058 12 11 5
9059 11 11 5
9060 9 9 5
9061 11 11 5
9062 11 10 6
9063 18 18 6
9064 12 11 5
9065 13 12 6
9066 14 14 4
9067 22 21 7
9068 9 8 4
9069 6 5 4
9070 14 13 7
9071 11 10 4
9072 18 17 7
9073 21 20 8
9074 10 10 4
9075 18 17 5
9076 13 12 4
9077 16 15 7
9078 13 12 6
9079 12 11 5
9080 15 14 6
9081 8 8 4
9082 6 5 4
9083 12 11 5
9084 13 12 6
9085 10 10 4
9086 16 15 7
9087 15 14 6
9088 8 8 4
9089 26 25 7
9090 15 15 5
9091 17 16 4
9092 18 17 5
9093 17 16 6
9094 16 15 5
9095 13 12 4
9096 18 17 5
9097 15 15 5
9098 13 13 7
9099 9 8 4
9100 16 15 5
9101 19 19 5
9102 19 18 6
9103 12 11 5
9104 9 9 5
9105 17 16 4
9106 14 13 5
9107 13 12 6
9108 14 13 5
9109 15 14 6
9110 10 9 5
9111 9 8 4
9112 14 13 5
9113 9 9 5
9114 17 16 6
9115 14 13 5
9116 13 13 5
9117 15 14 6
9118 10 10 4
9119 14 13 5
9120 9 9 5
9121 15 14 6
9122 16 15 5
9123 13 12 6
9124 12 12 6
9125 8 8 4
9126 10 9 5
9127 11 10 4
9128 22 21 5
9129 19 18 6
9130 16 16 6
9131 18 17 5
9132 9 9 5
9133 19 18 4
9134 14 13 5
9135 15 15 5
9136 11 11 5
9137 9 9 5
9138 9 9 5
9139 9 9 5
9140 9 9 5
9141 9 9 5
9142 7 6 5
9143 13 13 5
9144 17 17 5
9145 19 18 6
9146 18 17 7
9147 19 18 6
9148 14 14 6
9149 6 6 6
9150 15 14 4
9151 10 9 5
9152 11 11 5
9153 11 10 4
9154 18 17 5
9155 13 12 8
9156 10 10 6
9157 14 14 4
9158 10 9 5
9159 5 5 5
9160 8 7 6
9161 12 12 4
9162 18 17 5
9163 11 11 5
9164 17 16 6
9165 16 16 6
9166 16 16 4
9167 14 13 5
9168 15 15 5
9169 13 13 5
9170 23 23 5
9171 13 12 4
9172 20 19 5
9173 21 20 4
9174 22 21 7
9175 37 36 6
9176 12 12 4
9177 14 13 5
9178 19 18 4
9179 16 15 5
9180 19 18 6
9181 26 26 8
9182 10 10 4
9183 14 13 5
9184 19 18 6
9185 14 14 4
9186 18 17 7
9187 15 14 4
9188 18 17 5
9189 21 20 6
9190 28 28 4
9191 26 25 5
9192 27 27 7
9193 35 34 6
9194 40 39 7
9195 37 36 6
9196 38 38 6
9197 32 31 5
9198 27 26 6
9199 38 37 7
9200 23 22 4
9201 38 37 9
9202 25 24 6
9203 28 28 6
9204 18 18 4
9205 28 27 7
9206 23 23 5
9207 31 30 4
9208 28 27 5
9209 15 15 5
9210 31 30 4
9211 24 23 5
9212 19 19 5
9213 23 22 4
9214 24 23 7
9215 33 32 10
9216 26 25 5
9217 21 20 4
9218 12 11 5
9219 27 26 6
9220 18 17 5
9221 17 16 6
9222 22 22 6
9223 24 24 6
9224 24 23 5
9225 11 11 5
9226 17 17 5
9227 19 18 6
9228 16 16 6
9229 20 20 4
9230 14 13 5
9231 15 15 5
9232 21 20 6
9233 18 18 6
9234 12 12 4
9235 22 21 7
9236 19 18 6
9237 14 14 4
9238 18 17 7
9239 17 16 6
9240 14 14 6
9241 16 15 5
9242 13 13 5
9243 15 14 6
9244 22 22 4
9245 14 13 5
9246 9 8 4
9247 14 13 5
9248 13 12 6
9249 26 26 8
9250 20 20 4
9251 16 15 5
9252 11 10 4
9253 24 23 7
9254 13 12 4
9255 10 9 5
9256 17 16 4
9257 16 15 5
9258 17 17 5
9259 13 13 5
9260 21 21 7
9261 11 10 4
9262 16 15 5
9263 23 22 4
9264 26 25 7
9265 17 16 4
9266 26 25 7
9267 33 32 6
9268 18 18 4
9269 28 27 5
9270 29 28 4
9271 20 19 5
9272 29 28 6
9273 28 27 7
9274 27 26 6
9275 22 21 7
9276 29 28 6
9277 20 19 5
9278 33 32 6
9279 18 17 5
9280 31 30 8
9281 18 18 4
9282 22 21 5
9283 29 28 6
9284 18 17 5
9285 21 21 5
9286 27 27 7
9287 17 16 4
9288 20 19 5
9289 41 41 7
9290 27 26 6
9291 22 21 5
9292 21 20 6
9293 18 18 4
9294 22 21 7
9295 13 12 4
9296 22 21 5
9297 19 19 5
9298 29 28 6
9299 22 21 7
9300 35 34 6
9301 26 26 6
9302 12 11 5
9303 25 24 6
9304 28 28 6
9305 24 24 6
9306 30 29 7
9307 19 19 5
9308 19 19 7
9309 15 14 6
9310 18 18 4
9311 14 13 5
9312 17 16 4
9313 22 21 5
9314 19 18 6
9315 10 10 6
9316 14 14 6
9317 26 26 8
9318 18 18 4
9319 18 17 5
9320 17 16 6
9321 20 20 4
9322 16 15 5
9323 15 15 5
9324 19 19 7
9325 17 16 6
9326 20 20 4
9327 16 15 5
9328 25 24 6
9329 20 20 4
9330 20 19 5
9331 11 11 5
9332 23 22 4
9333 18 17 5
9334 21 21 5
9335 25 25 5
9336 21 20 6
9337 14 14 6
9338 28 28 6
9339 16 16 6
9340 20 20 6
9341 20 19 5
9342 17 16 6
9343 16 15 5
9344 9 8 4
9345 14 13 7
9346 21 21 7
9347 23 22 4
9348 20 19 5
9349 15 14 6
9350 20 20 6
9351 14 14 4
9352 16 15 5
9353 11 11 5
9354 19 19 7
9355 15 14 4
9356 14 13 5
9357 11 11 5
9358 9 9 5
9359 9 9 5
9360 27 27 5
9361 15 14 6
9362 16 16 6
9363 12 11 5
9364 15 14 4
9365 16 15 5
9366 17 16 4
9367 22 21 7
9368 13 13 5
9369 17 16 4
9370 16 15 5
9371 19 18 6
9372 16 15 7
9373 19 18 6
9374 16 16 6
9375 10 10 4
9376 14 13 5
9377 11 11 5
9378 25 24 6
9379 12 11 5
9380 9 8 4
9381 12 11 5
9382 9 8 4
9383 20 19 7
9384 21 20 6
9385 18 17 5
9386 7 6 5
9387 11 10 6
9388 10 10 4
9389 14 13 5
9390 11 10 4
9391 10 9 5
9392 17 16 6
9393 20 19 5
9394 17 17 7
9395 15 14 4
9396 16 15 5
9397 15 14 6
9398 6 6 6
9399 17 16 6
9400 6 5 4
9401 12 11 5
9402 15 14 6
9403 14 14 6
9404 8 8 4
9405 10 9 5
9406 15 15 5
9407 15 14 4
9408 10 9 5
9409 9 9 5
9410 7 6 5
9411 13 13 7
9412 11 10 6
9413 6 6 6
9414 17 16 6
9415 8 8 4
9416 12 11 5
9417 17 16 8
9418 18 18 4
9419 16 15 5
9420 19 18 8
9421 12 11 5
9422 11 10 4
9423 14 13 5
9424 21 21 5
9425 9 9 5
9426 15 14 6
9427 22 22 4
9428 16 15 5
9429 13 13 5
9430 19 18 4
9431 16 15 7
9432 19 18 6
9433 10 10 6
9434 14 14 6
9435 14 14 4
9436 20 19 9
9437 13 12 4
9438 10 9 5
9439 11 10 4
9440 18 17 9
9441 11 10 4
9442 10 9 5
9443 7 6 5
9444 5 5 5
9445 22 21 5
9446 13 12 6
9447 12 12 6
9448 20 19 5
9449 15 15 5
9450 9 8 4
9451 20 19 7
9452 19 19 5
9453 9 8 4
9454 8 7 6
9455 8 8 4
9456 18 17 5
9457 17 17 7
9458 11 10 4
9459 10 9 5
9460 15 14 4
9461 12 11 5
9462 11 11 5
9463 21 21 7
9464 17 16 4
9465 18 17 5
9466 13 13 5
9467 15 14 6
9468 10 10 6
9469 14 14 4
9470 12 11 5
9471 13 12 6
9472 6 6 6
9473 15 14 6
9474 14 14 4
9475 20 19 5
9476 11 11 5
9477 15 14 6
9478 10 10 6
9479 12 12 4
9480 16 15 5
9481 21 20 4
9482 18 17 5
9483 19 19 7
9484 13 12 4
9485 14 13 5
9486 19 18 4
9487 16 15 5
9488 11 11 5
9489 7 6 5
9490 13 12 6
9491 14 14 4
9492 20 19 5
9493 9 9 5
9494 19 18 6
9495 14 13 5
9496 17 16 6
9497 8 8 4
9498 30 29 9
9499 19 18 4
9500 14 13 5
9501 13 13 5
9502 13 13 5
9503 21 21 7
9504 13 12 4
9505 20 19 5
9506 25 25 5
9507 21 21 7
9508 29 28 4
9509 32 31 5
9510 9 9 5
9511 17 16 6
9512 18 18 6
9513 22 21 7
9514 11 11 5
9515 19 18 4
9516 10 9 5
9517 17 16 4
9518 10 9 5
9519 29 28 8
9520 20 20 4
9521 16 15 5
9522 23 23 5
9523 11 11 5
9524 19 19 5
9525 13 12 4
9526 18 17 5
9527 19 19 5
9528 19 19 5
9529 19 18 4
9530 12 11 5
9531 15 15 5
9532 15 15 5
9533 19 18 6
9534 14 14 6
9535 10 10 4
9536 12 11 5
9537 21 20 4
9538 18 17 5
9539 21 21 5
9540 27 27 5
9541 23 23 5
9542 31 31 5
9543 27 26 6
9544 28 27 5
9545 21 21 5
9546 19 18 6
9547 24 24 6
9548 36 36 6
9549 18 17 5
9550 17 17 5
9551 25 25 7
9552 13 12 4
9553 26 25 5
9554 27 26 4
9555 32 31 7
9556 31 31 7
9557 21 20 4
9558 28 27 5
9559 35 34 6
9560 18 17 5
9561 19 19 7
9562 19 18 4
9563 24 23 7
9564 13 12 4
9565 16 15 5
9566 21 20 6
9567 28 28 6
9568 20 20 4
9569 20 19 5
9570 19 19 7
9571 9 8 4
9572 20 19 5
9573 15 14 6
9574 28 28 6
9575 12 12 4
9576 30 29 9
9577 31 30 10
9578 24 24 6
9579 20 20 6
9580 20 20 4
9581 22 21 5
9582 21 21 5
9583 17 17 5
9584 25 24 6
9585 26 26 8
9586 32 32 6
9587 24 23 7
9588 25 25 7
9589 23 22 6
9590 18 18 6
9591 20 20 6
9592 18 17 5
9593 21 20 4
9594 24 23 5
9595 29 28 6
9596 30 29 5
9597 39 38 10
9598 22 22 4
9599 26 25 5
9600 25 25 5
9601 15 15 5
9602 21 21 5
9603 19 19 5
9604 17 16 4
9605 24 23 5
9606 17 17 5
9607 21 20 6
9608 30 30 6
9609 24 24 8
9610 20 20 4
9611 10 9 5
9612 13 12 6
9613 22 22 6
9614 18 18 6
9615 18 18 6
9616 14 13 5
9617 23 22 6
9618 28 27 7
9619 23 22 6
9620 16 16 6
9621 10 10 4
9622 12 11 5
9623 17 17 5
9624 17 17 5
9625 9 9 5
9626 9 8 4
9627 10 9 5
9628 13 12 6
9629 16 16 4
9630 22 21 7
9631 15 14 4
9632 14 13 5
9633 13 13 5
9634 17 16 8
9635 22 21 5
9636 15 15 5
9637 17 17 7
9638 13 12 4
9639 18 17 5
9640 9 9 5
9641 15 15 5
9642 9 8 4
9643 12 11 5
9644 17 17 5
9645 17 16 4
9646 14 13 7
9647 13 12 6
9648 30 29 5
9649 23 22 6
9650 24 24 6
9651 20 20 6
9652 20 20 6
9653 30 30 4
9654 16 15 5
9655 33 32 6
9656 18 17 5
9657 35 34 6
9658 18 17 5
9659 27 26 4
9660 22 21 5
9661 21 20 6
9662 24 24 4
9663 30 29 7
9664 19 19 5
9665 27 27 7
9666 23 23 5
9667 19 19 7
9668 17 16 6
9669 16 15 5
9670 23 23 9
9671 19 18 4
9672 22 21 5
9673 17 17 5
9674 11 10 4
9675 22 21 5
9676 19 19 5
9677 15 14 4
9678 22 21 5
9679 17 17 5
9680 17 16 6
9681 16 15 5
9682 33 32 6
9683 20 19 7
9684 13 12 4
9685 18 17 5
9686 9 8 4
9687 20 19 5
9688 13 13 5
9689 25 25 7
9690 21 20 4
9691 32 31 7
9692 15 15 5
9693 19 18 4
9694 24 23 5
9695 33 33 7
9696 21 20 6
9697 16 16 4
9698 18 17 5
9699 23 23 7
9700 25 24 4
9701 24 23 5
9702 25 24 8
9703 18 18 6
9704 10 10 4
9705 22 21 7
9706 17 17 5
9707 15 14 6
9708 10 10 4
9709 6 5 4
9710 12 11 5
9711 17 16 6
9712 12 11 5
9713 23 22 6
9714 6 5 4
9715 6 5 4
9716 14 13 5
9717 19 18 4
9718 24 23 5
9719 17 17 5
9720 17 16 4
9721 16 15 5
9722 13 12 4
9723 12 11 5
9724 13 12 6
9725 6 6 6
9726 9 9 5
9727 13 12 6
9728 16 15 7
9729 7 6 5
9730 9 8 4
9731 12 11 5
9732 11 11 5
9733 5 5 5
9734 12 11 5
9735 11 10 4
9736 10 9 5
9737 13 12 6
9738 10 9 5
9739 7 6 5
9740 15 14 6
9741 14 14 6
9742 22 21 7
9743 13 12 4
9744 12 11 5
9745 13 12 6
9746 12 11 5
9747 17 17 7
9748 15 14 6
9749 14 14 6
9750 12 12 4
9751 6 5 4
9752 6 5 4
9753 22 21 7
9754 5 5 5
9755 14 13 5
9756 13 13 5
9757 17 17 5
9758 13 12 4
9759 8 7 6
9760 12 12 6
9761 8 8 4
9762 6 5 4
9763 12 11 5
9764 17 17 7
9765 19 18 6
9766 18 18 8
9767 8 8 4
9768 6 5 4
9769 12 11 5
9770 21 20 6
9771 16 15 5
9772 13 12 4
9773 14 13 7
9774 11 10 4
9775 6 5 4
9776 10 9 5
9777 5 5 5
9778 6 5 4
9779 12 11 7
9780 9 8 4
9781 20 19 7
9782 9 9 5
9783 15 14 4
9784 14 13 7
9785 9 8 4
9786 12 11 5
9787 9 9 5
9788 13 12 6
9789 14 14 6
9790 10 10 4
9791 10 9 5
9792 9 8 4
9793 12 11 5
9794 5 5 5
9795 10 9 5
9796 11 11 5
9797 7 6 5
9798 13 12 6
9799 14 13 5
9800 15 15 7
9801 19 19 7
9802 11 10 6
9803 10 10 6
9804 12 12 8
9805 8 8 4
9806 10 9 5
9807 11 11 5
9808 13 12 6
9809 14 13 5
9810 15 14 4
9811 16 15 5
9812 7 6 5
9813 13 12 4
9814 10 9 5
9815 13 12 6
9816 8 8 8
9817 15 14 6
9818 14 13 5
9819 11 10 4
9820 10 9 5
9821 15 14 6
9822 14 13 5
9823 11 10 4
9824 32 31 7
9825 19 18 4
9826 30 29 7
9827 11 10 6
9828 12 12 4
9829 14 13 5
9830 13 13 5
9831 9 9 5
9832 13 12 4
9833 20 19 7
9834 9 8 4
9835 10 9 5
9836 9 8 4
9837 10 9 5
9838 5 5 5
9839 14 13 7
9840 7 6 5
9841 19 18 6
9842 10 10 4
9843 16 15 7
9844 7 6 5
9845 19 18 4
9846 22 21 7
9847 23 23 5
9848 31 31 7
9849 17 16 4
9850 18 17 5
9851 15 14 6
9852 14 14 6
9853 12 12 4
9854 16 15 5
9855 17 16 4
9856 22 21 7
9857 19 18 6
9858 16 16 6
9859 28 28 6
9860 16 16 4
9861 20 19 5
9862 9 8 4
9863 14 13 5
9864 23 22 6
9865 10 10 4
9866 18 17 7
9867 33 32 6
9868 24 24 4
9869 20 19 7
9870 17 16 4
9871 18 17 5
9872 17 16 6
9873 28 28 6
9874 24 23 5
9875 27 27 5
9876 25 25 5
9877 19 19 5
9878 15 15 5
9879 35 34 8
9880 24 24 4
9881 20 19 5
9882 25 24 8
9883 24 24 4
9884 14 13 5
9885 17 16 6
9886 18 18 6
9887 20 20 4
9888 14 13 5
9889 21 20 6
9890 20 19 7
9891 27 26 4
9892 28 27 7
9893 15 14 4
9894 20 19 5
9895 15 14 6
9896 22 22 4
9897 32 31 7
9898 25 24 6
9899 28 27 7
9900 23 22 4
9901 22 21 5
9902 23 23 5
9903 15 15 5
9904 27 26 4
9905 24 23 5
9906 21 20 6
9907 26 26 4
9908 32 31 7
9909 21 20 4
9910 34 33 7
9911 15 14 4
9912 30 29 7
9913 29 28 6
9914 38 37 5
9915 35 35 9
9916 27 26 6
9917 22 22 6
9918 22 22 6
9919 22 21 5
9920 29 28 6
9921 20 20 6
9922 24 23 7
9923 15 14 4
9924 26 25 5
9925 17 17 5
9926 25 25 5
9927 17 16 4
9928 20 19 5
9929 13 12 6
9930 12 12 4
9931 16 15 5
9932 21 20 6
9933 18 17 5
9934 17 17 5
9935 27 26 6
9936 20 19 5
9937 19 19 5
9938 19 19 5
9939 13 13 5
9940 13 12 4
9941 20 19 7
9942 15 14 4
9943 18 17 5
9944 21 21 7
9945 9 8 4
9946 10 9 5
9947 17 17 5
9948 13 13 5
9949 9 8 4
9950 20 19 7
9951 9 8 4
9952 14 13 5
9953 19 18 6
9954 16 16 4
9955 12 11 5
9956 13 12 4
9957 10 9 5
9958 13 12 4
9959 14 13 5
9960 9 9 5
9961 13 13 7
9962 11 10 4
9963 20 19 7
9964 19 18 6
9965 16 16 4
9966 10 9 5
9967 19 19 5
9968 15 14 4
9969 12 11 5
9970 13 12 6
9971 6 6 6
9972 13 12 4
9973 14 13 7
9974 15 14 4
9975 24 23 7
9976 13 13 5
9977 13 13 5
9978 13 13 5
9979 5 5 5
9980 14 13 5
9981 17 16 6
9982 28 28 6
9983 16 15 5
9984 23 23 5
9985 17 17 5
9986 17 16 4
9987 12 11 5
9988 9 9 5
9989 13 12 6
9990 18 18 6
9991 12 11 5
9992 11 10 6
9993 8 8 4
9994 14 13 5
9995 13 13 5
9996 13 12 6
9997 14 14 4
9998 12 11 5
9999 11 10 4
10000 6 5 4
10001 14 13 5
10002 11 11 5
10003 17 16 6
10004 12 12 6
10005 12 11 5
10006 15 14 6
10007 12 12 6
10008 14 14 6
10009 12 11 5
10010 11 11 5
10011 9 8 4
10012 20 19 5
10013 9 9 5
10014 35 34 8
10015 10 9 5
10016 9 8 4
10017 20 19 5
10018 5 5 5
10019 12 11 5
10020 17 16 8
10021 18 18 6
10022 16 16 8
10023 18 18 4
10024 14 13 5
10025 9 9 5
10026 9 9 5
10027 11 11 5
10028 25 24 8
10029 12 12 4
10030 10 9 5
10031 21 21 5
10032 9 9 5
10033 17 16 6
10034 6 6 6
10035 9 9 5
10036 13 12 6
10037 12 12 4
10038 18 17 5
10039 11 10 4
10040 20 19 7
10041 23 22 6
10042 10 10 4
10043 12 11 5
10044 15 14 4
10045 10 9 5
10046 7 6 5
10047 11 11 5
10048 9 8 4
10049 14 13 7
10050 9 8 4
10051 8 7 6
10052 10 10 4
10053 14 13 5
10054 15 15 7
10055 11 11 5
10056 15 15 5
10057 11 10 4
10058 14 13 5
10059 17 17 5
10060 17 16 6
10061 14 14 6
10062 12 12 6
10063 24 23 5
10064 21 20 4
10065 18 17 5
10066 17 16 6
10067 12 12 4
10068 18 17 5
10069 17 17 5
10070 13 12 4
10071 16 15 5
10072 21 20 6
10073 8 8 4
10074 14 13 5
10075 17 16 6
10076 14 14 6
10077 22 22 6
10078 22 22 4
10079 14 13 5
10080 15 15 5
10081 17 16 6
10082 32 32 4
10083 24 23 7
10084 29 29 7
10085 17 16 4
10086 22 21 5
10087 15 14 4
10088 18 17 5
10089 15 14 4
10090 22 21 7
10091 13 12 4
10092 16 15 5
10093 19 18 6
10094 22 22 6
10095 24 23 5
10096 17 16 6
10097 30 29 7
10098 15 14 6
10099 24 24 6
10100 26 26 8
10101 16 15 5
10102 19 19 7
10103 15 14 6
10104 20 19 7
10105 5 5 5
10106 20 19 5
10107 27 26 6
10108 24 23 7
10109 23 22 6
10110 24 24 6
10111 20 20 6
10112 16 16 4
10113 24 23 7
10114 19 18 6
10115 34 34 6
10116 24 23 5
10117 15 15 5
10118 15 15 5
10119 15 15 5
10120 13 12 4
10121 20 19 5
10122 23 22 6
10123 12 12 4
10124 26 25 5
10125 21 21 7
10126 17 16 4
10127 20 19 7
10128 19 19 5
10129 13 12 4
10130 22 21 7
10131 13 12 4
10132 16 15 5
10133 11 10 4
10134 20 19 7
10135 21 21 5
10136 17 17 5
10137 13 12 6
10138 16 16 6
10139 22 22 4
10140 18 17 7
10141 23 22 6
10142 18 18 4
10143 26 25 5
10144 25 25 7
10145 39 38 8
10146 36 36 8
10147 22 22 4
10148 30 29 5
10149 25 24 6
10150 14 13 5
10151 13 13 5
10152 17 17 5
10153 15 14 4
10154 14 13 5
10155 25 24 8
10156 18 18 4
10157 18 17 5
10158 21 21 7
10159 19 18 4
10160 18 17 5
10161 31 30 8
10162 22 22 6
10163 32 31 11
10164 19 18 6
10165 22 21 5
10166 31 31 7
10167 23 22 4
10168 20 19 5
10169 33 33 7
10170 33 33 11
10171 19 19 5
10172 25 24 6
10173 18 18 6
10174 26 26 8
10175 16 16 6
10176 38 37 11
10177 23 22 4
10178 28 27 7
10179 15 15 5
10180 15 14 6
10181 30 30 8
10182 22 21 5
10183 25 25 5
10184 13 13 5
10185 17 17 5
10186 29 29 9
10187 23 22 8
10188 24 24 6
10189 24 23 5
10190 23 23 7
10191 25 25 9
10192 27 26 8
10193 26 26 8
10194 32 32 8
10195 24 24 8
10196 28 28 6
10197 26 26 6
10198 24 23 5
10199 31 30 8
10200 26 25 9
10201 21 20 4
10202 30 29 7
10203 17 17 5
10204 39 39 11
10205 23 22 6
10206 14 14 4
10207 16 15 5
10208 9 9 5
10209 29 29 5
10210 25 25 7
10211 31 30 10
10212 16 16 4
10213 38 37 5
10214 13 12 6
10215 22 22 4
10216 16 15 7
10217 25 24 4
10218 22 21 5
10219 21 20 6
10220 24 23 5
10221 17 17 5
10222 21 20 6
10223 10 10 4
10224 14 13 5
10225 17 16 6
10226 18 17 5
10227 29 28 6
10228 28 27 5
10229 23 22 4
10230 12 11 5
10231 13 12 4
10232 16 15 5
10233 17 17 5
10234 17 16 6
10235 22 22 6
10236 20 19 5
10237 23 22 6
10238 12 11 5
10239 13 12 4
10240 18 17 5
10241 15 15 7
10242 13 12 4
10243 10 9 5
10244 23 22 8
10245 20 20 6
10246 24 23 5
10247 9 9 5
10248 25 25 9
10249 19 18 4
10250 30 29 7
10251 21 20 6
10252 20 20 4
10253 22 21 5
10254 27 26 6
10255 20 20 6
10256 12 11 5
10257 25 24 6
10258 26 26 4
10259 18 17 5
10260 15 15 5
10261 33 32 6
10262 34 34 6
10263 16 16 6
10264 26 25 5
10265 25 24 6
10266 20 20 4
10267 14 13 5
10268 29 29 7
10269 37 36 8
10270 30 29 5
10271 27 27 5
10272 21 21 5
10273 21 21 7
10274 27 26 8
10275 24 24 6
10276 34 34 6
10277 30 30 4
10278 20 19 5
10279 33 33 9
10280 15 15 5
10281 25 24 6
10282 28 28 6
10283 16 16 4
10284 20 19 5
10285 11 11 5
10286 15 15 5
10287 21 21 5
10288 31 30 6
10289 18 17 5
10290 21 21 5
10291 25 24 4
10292 24 23 7
10293 19 18 4
10294 24 23 5
10295 15 14 4
10296 22 21 7
10297 13 12 6
10298 14 14 6
10299 18 18 6
10300 10 10 4
10301 14 13 5
10302 11 11 5
10303 15 14 6
10304 16 15 5
10305 17 16 6
10306 16 15 5
10307 15 14 6
10308 8 8 4
10309 18 17 5
10310 11 10 6
10311 12 12 4
10312 16 15 5
10313 17 17 5
10314 17 16 4
10315 18 17 5
10316 11 11 5
10317 29 29 9
10318 11 10 4
10319 14 13 5
10320 13 12 6
10321 16 16 4
10322 24 23 7
10323 17 17 5
10324 13 13 7
10325 15 14 4
10326 12 11 5
10327 17 16 8
10328 8 8 4
10329 16 15 5
10330 11 11 5
10331 15 14 4
10332 12 11 7
10333 9 8 4
10334 20 19 5
10335 15 15 5
10336 15 15 5
10337 11 11 5
10338 13 13 5
10339 17 17 5
10340 13 12 4
10341 14 13 5
10342 17 16 6
10343 26 25 7
10344 15 14 6
10345 14 13 7
10346 15 14 6
10347 10 10 4
10348 18 17 5
10349 17 16 6
10350 18 18 6
10351 12 11 5
10352 9 8 4
10353 14 13 5
10354 15 15 7
10355 7 6 5
10356 19 18 6
10357 18 18 4
10358 14 13 7
10359 17 16 6
10360 8 8 4
10361 12 11 5
10362 15 14 6
10363 14 14 6
10364 16 15 5
10365 13 13 5
10366 13 13 7
10367 15 14 4
10368 6 5 4
10369 10 9 5
10370 15 14 6
10371 24 24 8
10372 12 12 4
10373 14 13 5
10374 23 23 7
10375 13 12 4
10376 10 9 5
10377 11 10 6
10378 12 11 5
10379 15 14 8
10380 18 18 4
10381 10 9 5
10382 9 8 4
10383 12 11 5
10384 11 10 4
10385 18 17 5
10386 11 11 5
10387 9 9 5
10388 25 24 8
10389 18 18 6
10390 6 6 6
10391 13 12 6
10392 16 16 6
10393 14 13 5
10394 13 12 4
10395 12 11 5
10396 15 14 6
10397 8 8 4
10398 10 9 5
10399 13 13 5
10400 9 9 5
10401 11 10 6
10402 16 16 8
10403 14 14 4
10404 12 11 5
10405 23 22 6
10406 14 14 6
10407 6 6 6
10408 9 8 4
10409 18 17 5
10410 15 14 6
10411 16 16 4
10412 16 15 5
10413 15 14 6
10414 8 8 4
10415 16 15 7
10416 11 10 4
10417 14 13 7
10418 11 10 4
10419 14 13 7
10420 15 14 6
10421 12 12 6
10422 10 10 4
10423 16 15 7
10424 19 18 6
10425 12 11 5
10426 11 10 4
10427 14 13 7
10428 11 10 4
10429 12 11 5
10430 15 15 7
10431 13 12 4
10432 14 13 5
10433 9 9 5
10434 13 12 4
10435 16 15 5
10436 11 10 6
10437 14 14 6
10438 8 8 4
10439 12 11 5
10440 15 14 6
10441 14 13 5
10442 17 17 5
10443 11 10 4
10444 14 13 7
10445 15 14 6
10446 20 20 6
10447 6 6 6
10448 9 9 5
10449 7 6 5
10450 11 11 5
10451 7 6 5
10452 7 6 5
10453 11 10 4
10454 22 21 7
10455 11 10 4
10456 12 11 5
10457 11 11 7
10458 7 6 5
10459 23 22 6
10460 12 12 6
10461 20 20 4
10462 18 17 5
10463 13 12 6
10464 12 12 6
10465 8 8 4
10466 12 11 5
10467 7 6 5
10468 13 13 7
10469 19 18 4
10470 16 15 5
10471 15 14 6
10472 12 11 5
10473 13 13 5
10474 9 9 5
10475 17 17 5
10476 21 20 6
10477 16 16 4
10478 16 15 5
10479 19 18 4
10480 22 21 5
10481 33 32 8
10482 20 20 6
10483 12 12 6
10484 26 26 6
10485 18 17 5
10486 17 17 5
10487 11 10 4
10488 16 15 7
10489 27 27 7
10490 15 15 5
10491 9 8 4
10492 18 17 5
10493 21 20 6
10494 22 22 6
10495 28 28 8
10496 30 30 4
10497 24 23 5
10498 39 38 8
10499 20 20 4
10500 28 27 7
10501 19 18 4
10502 14 13 5
10503 35 34 8
10504 18 18 6
10505 20 20 6
10506 22 22 6
10507 18 18 6
10508 10 10 4
10509 18 17 5
10510 17 16 4
10511 20 19 5
10512 31 30 4
10513 16 15 5
10514 21 21 5
10515 23 23 5
10516 13 12 6
10517 18 18 4
10518 26 25 7
10519 21 20 4
10520 14 13 5
10521 19 18 6
10522 24 24 4
10523 34 33 9
10524 11 10 4
10525 16 15 5
10526 13 13 5
10527 13 12 6
10528 28 27 9
10529 21 20 6
10530 18 18 6
10531 24 23 5
10532 25 24 8
10533 14 14 6
10534 30 30 12
10535 12 12 4
10536 18 17 5
10537 17 16 4
10538 14 13 5
10539 19 19 7
10540 17 17 5
10541 23 23 7
10542 17 16 4
10543 24 23 7
10544 33 33 9
10545 23 22 6
10546 18 18 4
10547 20 19 5
10548 15 15 5
10549 23 23 7
10550 15 15 5
10551 17 16 6
10552 22 22 8
10553 12 12 4
10554 14 13 5
10555 23 22 8
10556 12 12 4
10557 18 17 5
10558 29 29 11
10559 15 14 6
10560 14 14 4
10561 22 21 5
10562 21 21 5
10563 21 21 7
10564 29 28 4
10565 22 21 7
10566 21 20 6
10567 16 15 7
10568 9 8 4
10569 20 19 5
10570 15 14 6
10571 12 12 6
10572 10 10 4
10573 22 21 5
10574 15 14 6
10575 26 25 5
10576 25 25 7
10577 23 22 4
10578 18 17 5
10579 17 16 6
10580 18 18 6
10581 16 16 4
10582 16 15 7
10583 13 12 4
10584 20 19 5
10585 13 13 5
10586 11 11 5
10587 11 11 5
10588 9 8 4
10589 10 9 5
10590 9 8 4
10591 10 9 5
10592 11 10 4
10593 6 5 4
10594 12 11 5
10595 13 13 5
10596 15 15 7
10597 13 13 5
10598 13 13 7
10599 13 12 6
10600 6 6 6
10601 11 10 4
10602 18 17 5
10603 13 13 5
10604 11 10 6
10605 14 14 6
10606 8 8 4
10607 12 11 5
10608 17 16 8
10609 18 18 8
10610 16 16 6
10611 10 10 4
10612 22 21 5
10613 15 15 5
10614 11 11 5
10615 11 11 7
10616 13 12 6
10617 12 12 6
10618 14 13 5
10619 9 9 5
10620 17 16 6
10621 16 15 7
10622 13 12 4
10623 6 5 4
10624 12 11 5
10625 19 18 6
10626 18 17 7
10627 15 14 4
10628 10 9 5
10629 15 14 6
10630 14 13 5
10631 11 10 4
10632 10 9 5
10633 13 12 6
10634 18 17 7
10635 15 14 6
10636 14 14 6
10637 6 6 6
10638 5 5 5
10639 12 11 5
10640 11 11 5
10641 15 14 4
10642 12 11 7
10643 13 12 6
10644 8 8 4
10645 16 15 5
10646 31 30 8
10647 12 12 4
10648 12 11 5
10649 11 11 5
10650 11 10 4
10651 10 9 5
10652 11 10 4
10653 8 7 6
10654 6 6 6
10655 19 19 7
10656 9 8 4
10657 6 5 4
10658 12 11 5
10659 13 13 7
10660 17 16 6
10661 16 15 5
10662 15 14 4
10663 18 17 5
10664 5 5 5
10665 12 11 5
10666 17 16 6
10667 6 6 6
10668 13 12 6
10669 12 12 4
10670 12 11 5
10671 17 16 6
10672 6 5 4
10673 6 5 4
10674 6 5 4
10675 12 11 5
10676 13 13 5
10677 9 8 4
10678 12 11 5
10679 7 6 5
10680 9 8 7
10681 19 18 6
10682 8 8 4
10683 10 9 5
10684 13 12 6
10685 22 22 6
10686 12 12 4
10687 18 17 7
10688 11 10 4
10689 12 11 5
10690 9 8 4
10691 10 9 5
10692 9 9 5
10693 13 12 6
10694 10 9 5
10695 13 12 4
10696 10 9 5
10697 13 12 6
10698 10 9 5
10699 7 6 5
10700 9 8 4
10701 12 11 5
10702 17 16 6
10703 6 5 4
10704 10 9 5
10705 19 19 5
10706 7 6 5
10707 11 11 5
10708 5 5 5
10709 14 13 7
10710 13 12 6
10711 16 15 5
10712 15 14 6
10713 16 16 6
10714 14 13 5
10715 15 15 5
10716 13 12 4
10717 10 9 5
10718 15 14 4
10719 10 9 5
10720 13 12 6
10721 12 11 5
10722 23 22 6
10723 12 12 6
10724 12 12 6
10725 14 13 5
10726 11 11 5
10727 19 18 6
10728 12 12 6
10729 14 13 5
10730 11 10 4
10731 14 13 5
10732 7 6 5
10733 15 14 6
10734 14 13 5
10735 15 15 5
10736 9 9 5
10737 25 25 7
10738 7 6 5
10739 11 10 4
10740 16 15 5
10741 13 12 4
10742 6 5 4
10743 16 15 5
10744 17 16 6
10745 16 15 5
10746 7 6 5
10747 15 14 6
10748 10 10 4
10749 10 9 5
10750 13 12 6
10751 16 16 6
10752 14 13 5
10753 21 20 6
10754 6 6 6
10755 9 9 5
10756 7 6 5
10757 9 9 5
10758 9 9 5
10759 11 10 4
10760 14 13 5
10761 9 8 4
10762 6 5 4
10763 12 11 7
10764 11 10 4
10765 6 5 4
10766 12 11 7
10767 11 10 4
10768 14 13 5
10769 15 14 6
10770 20 19 5
10771 9 9 5
10772 13 12 4
10773 18 17 7
10774 11 10 6
10775 10 10 4
10776 12 11 5
10777 11 10 6
10778 14 14 6
10779 22 22 6
10780 6 6 6
10781 17 17 7
10782 13 12 6
10783 6 6 6
10784 11 10 4
10785 12 11 7
10786 11 11 5
10787 27 26 8
10788 12 12 4
10789 20 19 5
10790 15 15 5
10791 9 8 4
10792 10 9 5
10793 17 16 4
10794 18 17 7
10795 17 16 6
10796 16 15 5
10797 15 14 4
10798 16 15 5
10799 17 17 5
10800 17 16 4
10801 20 19 5
10802 17 16 4
10803 22 21 5
10804 23 23 5
10805 27 26 6
10806 18 18 4
10807 34 33 7
10808 35 34 6
10809 28 27 5
10810 27 26 4
10811 34 33 5
10812 25 24 6
10813 14 14 4
10814 20 19 5
10815 15 14 4
10816 40 39 5
10817 29 29 7
10818 39 39 7
10819 19 18 6
10820 14 14 4
10821 20 19 5
10822 17 16 4
10823 22 21 7
10824 19 18 4
10825 26 25 5
10826 29 28 6
10827 38 38 6
10828 18 17 7
10829 29 28 6
10830 20 20 4
10831 14 13 5
10832 15 14 6
10833 24 24 6
10834 24 24 8
10835 12 11 5
10836 19 18 4
10837 16 15 5
10838 25 25 7
10839 15 14 4
10840 18 17 5
10841 9 9 5
10842 21 20 6
10843 20 19 5
10844 29 28 6
10845 22 21 5
10846 17 16 6
10847 12 12 4
10848 12 11 5
10849 25 24 8
10850 8 8 4
10851 6 5 4
10852 18 17 5
10853 17 17 5
10854 11 11 5
10855 11 10 4
10856 12 11 5
10857 25 24 6
10858 20 19 7
10859 17 16 4
10860 10 9 5
10861 29 28 6
10862 24 24 8
10863 10 10 4
10864 18 17 5
10865 17 17 5
10866 19 19 7
10867 17 17 5
10868 21 21 7
10869 9 9 5
10870 25 24 6
10871 20 19 5
10872 13 13 5
10873 35 35 9
10874 21 20 6
10875 20 20 6
10876 22 22 6
10877 18 17 5
10878 13 12 4
10879 14 13 5
10880 21 20 6
10881 20 19 7
10882 15 14 4
10883 20 19 7
10884 13 12 4
10885 22 21 5
10886 15 14 6
10887 20 20 4
10888 24 23 5
10889 9 9 5
10890 21 21 5
10891 15 15 5
10892 11 10 4
10893 18 17 5
10894 13 12 6
10895 12 12 6
10896 12 11 5
10897 15 14 6
10898 16 15 5
10899 11 11 5
10900 17 16 6
10901 12 11 5
10902 7 6 5
10903 17 16 6
10904 18 18 6
10905 20 19 7
10906 11 10 4
10907 14 13 5
10908 21 20 6
10909 12 12 4
10910 24 23 7
10911 13 12 4
10912 14 13 5
10913 5 5 5
10914 14 13 5
10915 9 8 4
10916 12 11 5
10917 13 13 5
10918 15 15 5
10919 17 16 6
10920 16 15 5
10921 13 12 4
10922 12 11 5
10923 11 11 7
10924 7 6 5
10925 13 12 6
10926 10 10 4
10927 18 17 5
10928 19 19 5
10929 13 13 5
10930 17 16 6
10931 12 11 5
10932 15 14 6
10933 6 5 4
10934 14 13 5
10935 13 13 5
10936 19 18 8
10937 18 18 6
10938 20 20 8
10939 8 8 4
10940 16 15 5
10941 17 16 6
10942 12 12 6
10943 12 11 5
10944 13 12 6
10945 8 8 4
10946 14 13 5
10947 11 10 4
10948 18 17 7
10949 15 15 5
10950 15 14 6
10951 14 14 6
10952 10 10 6
10953 12 12 4
10954 6 5 4
10955 10 9 5
10956 13 13 5
10957 13 13 5
10958 19 18 6
10959 20 20 6
10960 20 20 6
10961 12 12 6
10962 16 16 4
10963 12 11 5
10964 15 14 4
10965 12 11 7
10966 13 13 5
10967 17 17 5
10968 17 17 5
10969 25 25 5
10970 11 11 5
10971 9 9 5
10972 19 19 7
10973 9 9 5
10974 21 20 4
10975 20 19 5
10976 13 13 5
10977 7 6 5
10978 13 12 4
10979 22 21 7
10980 17 16 6
10981 16 16 6
10982 20 20 6
10983 12 11 5
10984 7 6 5
10985 19 18 6
10986 10 10 4
10987 16 15 5
10988 19 19 5
10989 15 15 5
10990 23 22 8
10991 8 8 4
10992 12 11 5
10993 11 10 6
10994 8 8 4
10995 10 9 5
10996 15 14 6
10997 12 11 5
10998 21 21 7
10999 11 10 4
11000 18 17 5
11001 5 5 5
11002 16 15 5
11003 13 13 5
11004 15 15 5
11005 17 16 6
11006 22 21 5
11007 19 18 6
11008 12 12 6
11009 20 19 5
11010 21 20 6
11011 14 14 4
11012 14 13 5
11013 23 22 6
11014 20 19 5
11015 17 17 7
11016 17 16 6
11017 14 14 6
11018 18 18 6
11019 12 12 6
11020 12 11 5
11021 9 9 5
11022 11 10 4
11023 20 19 7
11024 9 8 4
11025 14 13 5
11026 11 10 4
11027 8 7 6
11028 14 14 4
11029 14 13 5
11030 15 15 5
11031 15 15 7
11032 13 12 6
11033 14 13 5
11034 13 12 4
11035 10 9 5
11036 17 16 6
11037 16 16 6
11038 10 10 4
11039 10 9 5
11040 11 11 5
11041 9 8 4
11042 14 13 7
11043 15 14 6
11044 16 16 4
11045 10 9 5
11046 13 12 6
11047 14 14 4
11048 10 9 5
11049 9 9 5
11050 13 12 4
11051 10 9 5
11052 11 11 5
11053 17 17 7
11054 21 20 6
11055 18 17 5
11056 17 16 6
11057 8 8 4
11058 18 17 7
11059 13 12 6
11060 8 8 4
11061 6 5 4
11062 20 19 7
11063 9 8 4
11064 10 9 5
11065 13 12 8
11066 12 12 4
11067 8 7 6
11068 10 10 4
11069 6 5 4
11070 12 11 7
11071 9 9 5
11072 21 20 6
11073 10 10 4
11074 16 15 5
11075 9 9 5
11076 15 14 6
11077 16 16 6
11078 14 14 6
11079 16 15 5
11080 29 29 7
11081 13 13 5
11082 11 11 5
11083 11 10 4
11084 14 13 5
11085 17 16 6
11086 14 13 5
11087 15 14 4
11088 22 21 5
11089 15 14 4
11090 10 9 5
11091 15 14 4
11092 10 9 5
11093 15 14 6
11094 10 10 4
11095 10 9 5
11096 21 21 5
11097 13 12 6
11098 14 13 5
11099 29 28 8
11100 14 14 4
11101 14 13 5
11102 21 21 5
11103 9 9 5
11104 17 16 6
11105 16 16 4
11106 10 9 5
11107 7 6 5
11108 11 10 6
11109 18 17 5
11110 23 22 8
11111 10 10 4
11112 14 13 5
11113 11 10 6
11114 10 10 4
11115 10 9 5
11116 17 17 5
11117 13 13 5
11118 19 19 5
11119 15 14 6
11120 20 19 5
11121 15 15 7
11122 9 8 4
11123 16 15 5
11124 13 13 5
11125 15 14 4
11126 12 11 5
11127 15 14 6
11128 10 10 4
11129 14 13 5
11130 7 6 5
11131 19 18 6
11132 12 12 6
11133 14 14 4
11134 20 19 7
11135 21 20 4
11136 12 11 5
11137 21 20 6
11138 20 20 6
11139 16 15 5
11140 11 10 4
11141 20 19 7
11142 11 10 4
11143 14 13 5
11144 13 12 4
11145 18 17 5
11146 17 16 4
11147 20 19 7
11148 27 26 6
11149 28 28 4
11150 24 23 7
11151 17 16 6
11152 20 19 5
11153 15 14 4
11154 16 15 5
11155 11 11 5
11156 9 9 5
11157 9 8 4
11158 14 13 5
11159 11 11 5
11160 13 12 4
11161 16 15 7
11162 15 14 4
11163 14 13 5
11164 17 17 5
11165 15 14 4
11166 18 17 7
11167 19 18 6
11168 14 14 4
11169 14 13 5
11170 9 9 5
11171 7 6 5
11172 11 10 4
11173 34 33 7
11174 13 13 5
11175 7 6 5
11176 13 12 6
11177 16 16 6
11178 20 19 7
11179 13 12 4
11180 16 15 7
11181 23 22 8
11182 10 10 4
11183 14 13 5
11184 9 9 5
11185 11 10 4
11186 16 15 7
11187 13 12 4
11188 18 17 7
11189 13 12 6
11190 14 14 6
11191 20 19 7
11192 23 22 4
11193 12 11 5
11194 21 21 5
11195 15 15 5
11196 11 10 4
11197 10 9 5
11198 13 12 4
11199 8 7 6
11200 12 11 5
11201 11 10 6
11202 14 14 6
11203 14 14 6
11204 12 12 6
11205 12 12 4
11206 16 15 7
11207 17 16 4
11208 6 5 4
11209 14 13 5
11210 11 11 5
11211 15 15 5
11212 21 20 6
11213 16 15 5
11214 19 18 6
11215 12 12 4
11216 18 17 5
11217 17 16 4
11218 10 9 5
11219 11 11 5
11220 17 16 6
11221 14 13 5
11222 23 22 6
11223 16 16 4
11224 22 21 5
11225 7 6 5
11226 17 16 6
11227 14 13 5
11228 23 22 4
11229 18 17 5
11230 23 23 5
11231 25 25 5
11232 19 19 7
11233 13 12 4
11234 10 9 5
11235 19 19 5
11236 9 8 4
11237 26 25 5
11238 17 16 6
11239 20 20 6
11240 18 18 6
11241 14 14 4
11242 18 17 5
11243 23 22 6
11244 12 12 4
11245 10 9 5
11246 17 16 4
11247 22 21 5
11248 13 12 4
11249 14 13 5
11250 17 17 5
11251 39 39 7
11252 33 32 8
11253 36 36 6
11254 30 30 4
11255 32 31 7
11256 27 27 5
11257 37 36 6
11258 26 26 6
11259 28 28 4
11260 44 43 5
11261 25 25 5
11262 33 33 5
11263 31 30 8
11264 28 27 5
11265 25 24 4
11266 42 41 9
11267 35 35 7
11268 39 39 7
11269 41 41 9
11270 33 33 7
11271 25 24 4
11272 28 27 7
11273 23 23 5
11274 29 28 4
11275 42 41 7
11276 25 24 4
11277 28 27 7
11278 31 30 4
11279 22 21 5
11280 29 29 7
11281 25 24 6
11282 32 32 4
11283 34 33 5
11284 47 47 13
11285 21 21 5
11286 17 17 5
11287 31 31 7
11288 39 39 11
11289 21 20 8
11290 32 31 11
11291 27 26 6
11292 30 29 9
11293 17 17 5
11294 35 34 8
11295 26 25 5
11296 27 27 9
11297 29 28 4
11298 38 37 11
11299 31 31 9
11300 17 17 5
11301 23 23 7
11302 43 43 9
11303 15 15 5
11304 19 19 5
11305 31 30 6
11306 22 21 5
11307 25 25 5
11308 21 21 7
11309 23 23 5
11310 23 23 7
11311 17 17 5
11312 21 20 6
11313 28 27 9
11314 23 22 6
11315 26 26 8
11316 20 20 6
11317 18 18 4
11318 26 25 5
11319 21 20 6
11320 20 19 5
11321 21 20 4
11322 22 21 5
11323 29 28 6
11324 14 13 5
11325 21 20 6
11326 14 13 5
11327 21 20 6
11328 18 18 4
11329 24 23 5
11330 15 14 4
11331 30 29 7
11332 31 31 7
11333 23 22 4
11334 28 27 7
11335 27 26 6
11336 16 16 4
11337 22 21 5
11338 31 31 7
11339 19 18 4
11340 16 15 5
11341 25 25 5
11342 31 30 6
11343 30 29 7
11344 25 25 7
11345 23 23 5
11346 25 25 5
11347 19 19 5
11348 15 14 4
11349 22 21 5
11350 21 21 5
11351 23 22 6
11352 22 22 6
11353 16 16 6
11354 22 22 6
11355 18 18 4
11356 24 23 5
11357 31 30 4
11358 18 17 5
11359 27 27 5
11360 33 33 7
11361 25 25 5
11362 23 22 6
11363 38 37 5
11364 33 32 8
11365 18 18 4
11366 24 23 5
11367 17 16 4
11368 46 45 11
11369 21 20 6
11370 30 30 4
11371 22 21 5
11372 19 18 4
11373 22 21 5
11374 21 21 7
11375 29 28 6
11376 22 22 4
11377 26 25 7
11378 17 17 5
11379 29 28 6
11380 22 22 6
11381 40 40 10
11382 32 32 6
11383 30 30 8
11384 20 20 6
11385 26 26 4
11386 18 17 5
11387 23 22 4
11388 28 27 7
11389 19 18 4
11390 22 21 5
11391 21 21 5
11392 15 14 6
11393 14 14 4
11394 18 17 7
11395 15 14 6
11396 22 21 5
11397 17 17 5
11398 15 14 6
11399 16 16 4
11400 22 21 5
11401 21 21 7
11402 15 15 5
11403 15 15 5
11404 17 17 5
11405 9 8 4
11406 14 13 5
11407 23 22 8
11408 20 19 5
11409 21 21 5
11410 25 25 5
11411 9 9 5
11412 13 12 4
11413 14 13 5
11414 17 16 4
11415 12 11 5
11416 23 23 7
11417 9 8 4
11418 14 13 5
11419 11 11 5
11420 15 14 6
11421 20 19 5
11422 15 14 6
11423 12 12 4
11424 18 17 5
11425 25 24 6
11426 6 5 4
11427 18 17 5
11428 13 12 6
11429 18 18 4
11430 16 15 5
11431 11 10 4
11432 24 23 5
11433 19 18 4
11434 24 23 7
11435 15 14 4
11436 20 19 5
11437 17 16 6
11438 12 11 5
11439 13 13 5
11440 17 16 6
11441 16 16 6
11442 16 16 6
11443 14 14 4
11444 16 15 7
11445 17 16 4
11446 10 9 5
11447 27 26 6
11448 16 16 4
11449 12 11 5
11450 13 13 7
11451 37 36 6
11452 26 26 8
11453 36 36 4
11454 26 25 5
11455 17 17 5
11456 25 24 4
11457 16 15 5
11458 17 16 4
11459 20 19 5
11460 23 22 6
11461 22 22 4
11462 24 23 5
11463 19 18 4
11464 14 13 5
11465 17 16 6
11466 20 20 4
11467 22 21 5
11468 23 22 6
11469 24 23 5
11470 23 22 6
11471 16 16 4
11472 12 11 5
11473 15 14 4
11474 16 15 5
11475 11 11 5
11476 15 14 6
11477 8 8 4
11478 24 23 7
11479 19 18 4
11480 18 17 5
11481 13 13 5
11482 15 14 4
11483 20 19 5
11484 19 19 5
11485 13 12 4
11486 14 13 5
11487 15 14 4
11488 26 25 7
11489 17 17 5
11490 13 12 6
11491 14 14 6
11492 12 12 4
11493 22 21 5
11494 19 19 5
11495 27 26 6
11496 10 10 4
11497 12 11 5
11498 19 18 6
11499 10 10 4
11500 14 13 5
11501 13 12 4
11502 14 13 7
11503 13 12 6
11504 22 22 4
11505 20 19 7
11506 15 14 4
11507 14 13 7
11508 21 20 6
11509 16 15 5
11510 23 22 4
11511 18 17 5
11512 15 15 5
11513 35 35 5
11514 13 12 4
11515 10 9 5
11516 19 18 6
11517 10 10 4
11518 12 11 5
11519 19 19 5
11520 21 20 8
11521 16 16 4
11522 16 15 5
11523 17 17 5
11524 13 12 4
11525 20 19 5
11526 25 24 6
11527 28 27 7
11528 27 26 4
11529 14 13 5
11530 31 30 8
11531 16 16 6
11532 20 20 4
11533 24 23 5
11534 23 22 4
11535 18 17 5
11536 23 22 4
11537 18 17 5
11538 27 26 4
11539 40 39 5
11540 23 23 5
11541 23 22 6
11542 20 20 4
11543 34 33 5
11544 25 25 5
11545 29 29 5
11546 29 29 5
11547 33 33 9
11548 17 16 4
11549 26 25 5
11550 29 28 6
11551 50 49 9
11552 21 20 4
11553 14 13 5
11554 23 23 5
11555 17 16 4
11556 28 27 5
11557 29 28 8
11558 44 43 5
11559 23 22 4
11560 36 35 7
11561 31 30 6
11562 30 29 5
11563 31 30 8
11564 20 20 8
11565 26 25 5
11566 43 43 11
11567 25 24 6
11568 24 24 6
11569 26 26 4
11570 38 37 7
11571 27 27 9
11572 33 33 7
11573 25 24 4
11574 30 29 7
11575 45 44 14
11576 32 31 7
11577 31 30 8
11578 22 22 4
11579 38 37 7
11580 35 34 6
11581 50 49 9
11582 25 25 5
11583 39 39 11
11584 31 31 5
11585 31 31 7
11586 35 34 12
11587 38 38 8
11588 34 33 13
11589 21 20 6
11590 20 20 6
11591 20 19 5
11592 25 24 6
11593 30 30 6
11594 36 36 6
11595 20 20 6
11596 50 50 10
11597 42 41 11
11598 23 22 8
11599 26 25 5
11600 17 16 4
11601 16 15 5
11602 19 18 4
11603 20 19 5
11604 21 21 5
11605 21 20 4
11606 18 17 5
11607 19 18 6
11608 16 16 4
11609 20 19 5
11610 21 20 6
11611 20 20 6
11612 16 16 4
11613 20 19 7
11614 15 14 4
11615 18 17 5
11616 19 18 6
11617 10 10 4
11618 30 29 7
11619 15 15 5
11620 11 10 4
11621 10 9 5
11622 13 13 5
11623 19 19 5
11624 19 18 6
11625 12 12 4
11626 18 17 5
11627 11 10 6
11628 18 18 4
11629 20 19 5
11630 15 14 6
11631 16 15 5
11632 15 14 4
11633 10 9 5
11634 9 8 4
11635 16 15 5
11636 17 16 6
11637 20 19 5
11638 21 20 6
11639 20 20 6
11640 14 14 6
11641 24 24 6
11642 14 14 6
11643 12 12 6
11644 10 10 4
11645 16 15 5
11646 13 12 6
11647 20 20 6
11648 12 12 4
11649 14 13 7
11650 13 12 4
11651 18 17 5
11652 15 15 5
11653 15 14 4
11654 22 21 5
11655 29 29 7
11656 9 8 4
11657 18 17 7
11658 21 20 6
11659 10 9 5
11660 15 14 4
11661 26 25 7
11662 13 13 5
11663 15 15 7
11664 23 22 4
11665 10 9 5
11666 15 14 6
11667 14 14 6
11668 10 10 4
11669 18 17 5
11670 17 17 5
11671 15 14 6
11672 14 14 6
11673 14 14 4
11674 20 19 5
11675 23 23 5
11676 15 14 4
11677 12 11 5
11678 21 21 5
11679 11 11 5
11680 9 8 4
11681 32 31 7
11682 29 28 6
11683 22 21 5
11684 33 32 6
11685 20 19 5
11686 21 20 4
11687 18 17 7
11688 11 11 5
11689 15 14 4
11690 22 21 5
11691 27 27 5
11692 23 22 6
11693 24 24 6
11694 24 24 6
11695 24 23 5
11696 21 20 6
11697 14 14 4
11698 28 27 5
11699 23 22 4
11700 12 11 5
11701 17 17 5
11702 13 12 4
11703 20 19 5
11704 27 27 7
11705 17 16 4
11706 32 31 7
11707 13 13 5
11708 25 24 6
11709 24 24 8
11710 18 18 4
11711 20 19 5
11712 17 16 6
11713 12 12 4
11714 18 17 5
11715 17 17 5
11716 25 25 5
11717 13 13 5
11718 27 26 6
11719 16 16 4
11720 12 11 5
11721 17 16 4
11722 12 11 5
11723 13 12 6
11724 16 16 6
11725 14 13 5
11726 17 17 5
11727 21 21 5
11728 15 14 6
11729 18 18 6
11730 14 13 5
11731 17 16 6
11732 16 16 6
11733 18 18 8
11734 14 14 4
11735 10 9 5
11736 9 9 5
11737 11 11 5
11738 13 13 5
11739 7 6 5
11740 17 16 8
11741 22 22 6
11742 12 12 4
11743 16 15 5
11744 17 16 4
11745 16 15 5
11746 15 14 4
11747 12 11 5
11748 13 12 6
11749 8 8 4
11750 14 13 7
11751 13 12 6
11752 16 16 6
11753 12 11 5
11754 17 16 6
11755 16 15 5
11756 17 16 6
11757 10 10 4
11758 16 15 7
11759 17 16 6
11760 12 12 4
11761 6 5 4
11762 20 19 7
11763 11 10 4
11764 16 15 5
11765 9 9 5
11766 11 10 4
11767 14 13 7
11768 17 16 6
11769 16 16 6
11770 16 16 6
11771 6 6 6
11772 9 9 5
11773 9 8 4
11774 22 21 5
11775 17 17 5
11776 17 16 6
11777 12 11 5
11778 15 15 5
11779 17 17 5
11780 23 23 5
11781 21 21 5
11782 17 17 5
11783 17 16 4
11784 18 17 5
11785 13 13 5
11786 9 9 5
11787 9 8 4
11788 18 17 7
11789 11 10 4
11790 18 17 7
11791 15 14 6
11792 18 18 6
11793 12 12 4
11794 12 11 5
11795 17 16 6
11796 16 15 5
11797 21 20 8
11798 14 14 4
11799 16 15 5
11800 23 22 6
11801 12 12 6
11802 18 18 4
11803 30 29 7
11804 25 24 6
11805 30 30 6
11806 32 32 4
11807 10 9 5
11808 33 32 6
11809 16 16 6
11810 18 17 5
11811 25 25 5
11812 15 14 4
11813 18 17 5
11814 27 26 6
11815 18 18 6
11816 28 28 6
11817 16 16 4
11818 34 33 5
11819 27 27 5
11820 23 23 5
11821 19 19 5
11822 21 20 4
11823 16 15 5
11824 21 20 4
11825 16 15 5
11826 9 9 5
11827 21 20 4
11828 18 17 5
11829 27 27 5
11830 15 15 5
11831 19 18 6
11832 22 22 4
11833 14 13 5
11834 27 26 6
11835 16 16 6
11836 18 18 6
11837 18 18 6
11838 20 19 7
11839 29 29 9
11840 21 20 6
11841 20 19 7
11842 19 18 6
11843 18 18 6
11844 24 24 4
11845 28 27 7
11846 29 28 8
11847 28 28 4
11848 30 29 5
11849 15 15 5
11850 27 26 6
11851 28 27 5
11852 21 21 5
11853 11 11 5
11854 25 24 4
11855 24 23 5
11856 19 19 5
11857 31 30 6
11858 22 22 6
11859 20 19 5
11860 21 21 5
11861 15 14 4
11862 40 39 9
11863 19 19 5
11864 25 24 10
11865 24 24 4
11866 20 19 7
11867 17 16 4
11868 28 27 9
11869 25 24 6
11870 20 20 8
11871 12 11 5
11872 21 20 8
11873 14 14 4
11874 22 21 5
11875 19 18 6
11876 20 20 6
11877 24 23 5
11878 21 21 7
11879 11 11 5
11880 33 32 8
11881 18 18 4
11882 26 25 5
11883 15 14 4
11884 24 23 5
11885 15 15 5
11886 19 18 6
11887 20 20 4
11888 18 17 5
11889 17 17 5
11890 19 19 5
11891 19 18 4
11892 20 19 7
11893 17 16 4
11894 20 19 5
11895 25 24 6
11896 12 12 4
11897 20 19 7
11898 27 27 7
11899 11 11 5
11900 17 17 7
11901 15 14 4
11902 12 11 5
11903 11 11 5
11904 23 22 6
11905 16 15 5
11906 17 17 5
11907 19 19 5
11908 15 15 5
11909 13 13 5
11910 13 13 5
11911 23 22 6
11912 16 15 5
11913 15 14 6
11914 20 20 6
11915 18 18 4
11916 18 17 5
11917 19 18 6
11918 20 19 5
11919 13 12 4
11920 16 15 7
11921 9 8 4
11922 14 13 5
11923 11 11 5
11924 17 16 6
11925 20 20 6
11926 12 12 6
11927 6 6 6
11928 13 12 6
11929 12 11 5
11930 9 9 5
11931 11 10 4
11932 10 9 5
11933 17 16 6
11934 12 11 5
11935 9 9 5
11936 9 9 5
11937 7 6 5
11938 9 8 4
11939 12 11 5
11940 13 13 5
11941 19 18 6
11942 18 18 6
11943 14 14 4
11944 16 15 5
11945 9 9 5
11946 9 8 4
11947 6 5 4
11948 12 11 5
11949 11 10 4
11950 18 17 7
11951 17 17 7
11952 23 22 6
11953 10 10 4
11954 14 13 5
11955 11 10 4
11956 14 13 5
11957 15 14 4
11958 22 21 5
11959 17 17 5
11960 13 12 4
11961 14 13 7
11962 11 10 4
11963 20 19 5
11964 19 18 6
11965 12 12 4
11966 20 19 7
11967 11 10 4
11968 16 15 5
11969 21 21 5
11970 27 27 5
11971 13 13 5
11972 15 14 4
11973 16 15 5
11974 9 8 4
11975 18 17 5
11976 11 11 5
11977 11 10 4
11978 14 13 5
11979 11 10 6
11980 8 8 4
11981 16 15 5
11982 17 16 6
11983 16 15 5
11984 11 11 5
11985 11 11 5
11986 17 17 5
11987 7 6 5
11988 17 16 6
11989 16 16 8
11990 6 6 6
11991 15 14 6
11992 14 14 4
11993 22 21 5
11994 17 16 4
11995 10 9 5
11996 9 9 5
11997 15 14 4
11998 10 9 5
11999 15 14 6
12000 16 16 6
12001 6 5 4
12002 10 9 5
12003 11 10 6
12004 12 12 6
12005 18 18 6
12006 8 8 4
12007 12 11 5
12008 15 14 4
12009 16 15 5
12010 23 23 7
12011 15 15 5
12012 19 18 6
12013 18 18 6
12014 18 18 6
12015 12 12 6
12016 12 11 5
12017 11 10 4
12018 14 13 5
12019 19 19 5
12020 15 15 5
12021 13 12 6
12022 10 10 6
12023 10 9 5
12024 13 12 6
12025 8 8 4
12026 22 21 5
12027 11 11 5
12028 15 14 6
12029 6 6 6
12030 11 10 6
12031 6 5 4
12032 14 13 5
12033 11 11 7
12034 15 14 6
12035 10 10 6
12036 12 11 5
12037 21 20 6
12038 18 17 7
12039 31 30 8
12040 18 18 6
12041 14 14 4
12042 12 11 5
12043 15 15 5
12044 11 11 5
12045 11 10 6
12046 16 15 7
12047 13 12 4
12048 12 11 5
12049 19 18 8
12050 12 12 4
12051 10 9 5
12052 9 9 5
12053 13 12 4
12054 18 17 7
12055 11 10 6
12056 18 18 6
12057 6 6 6
12058 17 16 4
12059 20 19 5
12060 9 9 5
12061 7 7 7
12062 14 14 6
12063 16 15 5
12064 5 5 5
12065 16 15 5
12066 15 15 5
12067 11 11 5
12068 11 10 4
12069 10 9 5
12070 9 9 5
12071 15 14 6
12072 10 9 5
12073 11 11 5
12074 9 8 4
12075 18 17 7
12076 13 13 5
12077 25 25 5
12078 17 16 6
12079 16 16 6
12080 18 17 5
12081 13 13 5
12082 17 16 6
12083 12 11 5
12084 13 12 6
12085 10 9 5
12086 15 14 4
12087 10 9 5
12088 9 9 5
12089 17 16 6
12090 12 11 5
12091 21 21 5
12092 15 15 5
12093 17 16 4
12094 22 21 7
12095 17 16 4
12096 22 21 5
12097 13 13 7
12098 15 14 4
12099 18 17 5
12100 13 13 5
12101 13 12 6
12102 14 14 6
12103 14 14 6
12104 14 13 5
12105 13 12 6
12106 20 20 8
12107 16 16 4
12108 22 21 7
12109 15 14 4
12110 6 5 4
12111 14 13 5
12112 11 11 5
12113 19 19 5
12114 17 17 5
12115 19 19 5
12116 17 17 5
12117 15 15 5
12118 17 16 6
12119 18 17 5
12120 11 10 4
12121 10 9 5
12122 21 20 6
12123 12 11 5
12124 11 10 4
12125 10 9 5
12126 7 6 5
12127 19 18 6
12128 16 15 5
12129 21 20 8
12130 14 14 6
12131 6 5 4
12132 12 11 5
12133 15 14 6
12134 10 10 4
12135 14 13 7
12136 13 12 4
12137 12 11 5
12138 19 19 7
12139 11 11 5
12140 15 15 5
12141 7 6 5
12142 7 6 5
12143 17 16 6
12144 6 5 4
12145 14 13 5
12146 11 10 4
12147 18 17 7
12148 17 16 6
12149 14 14 6
12150 14 13 5
12151 15 14 4
12152 16 15 5
12153 13 12 6
12154 26 25 7
12155 15 14 6
12156 14 13 5
12157 5 5 5
12158 14 13 5
12159 13 12 6
12160 10 9 5
12161 27 26 6
12162 16 15 7
12163 15 14 4
12164 10 9 5
12165 15 15 5
12166 19 19 7
12167 13 12 4
12168 18 17 5
12169 25 24 6
12170 16 15 5
12171 13 13 5
12172 15 14 6
12173 12 12 4
12174 10 9 5
12175 17 16 6
12176 16 15 5
12177 15 15 5
12178 17 17 5
12179 9 8 4
12180 16 15 7
12181 11 10 4
12182 12 11 5
12183 19 18 8
12184 10 10 4
12185 18 17 5
12186 11 11 5
12187 11 11 5
12188 11 11 5
12189 15 15 5
12190 9 8 4
12191 14 13 5
12192 21 20 6
12193 16 16 6
12194 14 14 4
12195 10 9 5
12196 13 12 6
12197 6 6 6
12198 13 12 4
12199 14 13 7
12200 9 8 4
12201 12 11 5
12202 11 11 5
12203 17 16 6
12204 20 20 6
12205 16 16 6
12206 6 6 6
12207 19 18 6
12208 10 10 4
12209 26 25 7
12210 13 13 5
12211 13 12 6
12212 6 6 6
12213 13 12 4
12214 16 15 5
12215 17 16 6
12216 12 12 6
12217 18 18 6
12218 14 13 5
12219 23 22 6
12220 20 20 6
12221 14 14 6
12222 12 11 5
12223 13 12 4
12224 16 15 5
12225 13 13 7
12226 9 8 4
12227 10 9 5
12228 25 25 5
12229 11 11 5
12230 23 22 6
12231 16 16 6
12232 18 18 8
12233 6 6 6
12234 19 18 6
12235 12 11 5
12236 9 9 5
12237 15 14 6
12238 10 9 5
12239 15 14 4
12240 14 13 5
12241 9 8 4
12242 12 11 5
12243 7 6 5
12244 9 8 4
12245 26 25 7
12246 15 14 4
12247 16 15 7
12248 13 13 5
12249 5 5 5
12250 6 5 4
12251 14 13 7
12252 15 14 6
12253 10 10 4
12254 14 13 5
12255 17 16 4
12256 18 17 7
12257 7 6 5
12258 9 9 5
12259 13 12 4
12260 14 13 5
12261 17 16 8
12262 6 6 6
12263 21 20 8
12264 20 20 4
12265 26 25 7
12266 15 14 6
12267 16 16 6
12268 8 8 4
12269 10 9 5
12270 19 18 6
12271 10 10 6
12272 14 14 6
12273 12 12 6
12274 14 14 4
12275 10 9 5
12276 13 13 5
12277 15 15 5
12278 15 15 5
12279 13 13 5
12280 11 10 6
12281 12 11 5
12282 9 8 4
12283 10 9 5
12284 15 15 7
12285 13 12 4
12286 18 17 9
12287 11 10 4
12288 14 13 5
12289 15 14 4
12290 14 13 5
12291 13 13 5
12292 19 19 5
12293 17 17 7
12294 9 8 4
12295 16 15 5
12296 19 19 5
12297 11 11 5
12298 13 12 6
12299 12 11 5
12300 17 17 5
12301 13 12 6
12302 10 10 6
12303 12 12 6
12304 6 6 6
12305 13 12 6
12306 10 10 6
12307 16 16 6
12308 14 14 6
12309 6 5 4
12310 10 9 5
12311 15 14 6
12312 10 9 5
12313 9 8 4
12314 10 9 5
12315 15 14 6
12316 20 20 4
12317 18 17 7
12318 21 21 5
12319 9 8 4
12320 16 15 5
12321 23 23 5
12322 11 11 5
12323 9 9 5
12324 13 12 6
12325 18 17 5
12326 19 18 6
12327 14 14 6
12328 8 8 4
12329 14 13 5
12330 13 13 7
12331 7 6 5
12332 13 13 5
12333 13 12 4
12334 10 9 5
12335 19 18 6
12336 12 11 5
12337 11 10 4
12338 16 15 5
12339 11 11 5
12340 11 11 5
12341 17 16 6
12342 12 12 6
12343 8 8 4
12344 14 13 5
12345 17 17 5
12346 13 13 5
12347 11 10 4
12348 14 13 5
12349 15 15 7
12350 13 12 6
12351 6 6 6
12352 19 18 6
12353 14 13 5
12354 17 16 6
12355 16 15 7
12356 17 16 6
12357 14 14 6
12358 14 13 5
12359 11 10 4
12360 16 15 5
12361 19 19 7
12362 13 12 4
12363 14 13 5
12364 9 9 5
12365 19 19 7
12366 9 8 4
12367 12 11 7
12368 13 12 4
12369 12 11 5
12370 7 6 5
12371 17 17 5
12372 13 12 6
12373 18 17 5
12374 9 8 4
12375 10 9 5
12376 17 16 6
12377 14 14 6
12378 8 8 4
12379 12 11 5
12380 15 15 7
12381 11 11 5
12382 11 10 6
12383 10 10 4
12384 14 13 7
12385 13 12 4
12386 14 13 5
12387 17 16 4
12388 18 17 5
12389 15 14 6
12390 14 14 6
12391 20 20 6
12392 28 27 7
12393 15 14 6
12394 8 8 4
12395 10 9 5
12396 19 18 6
12397 14 13 5
12398 11 10 6
12399 6 6 6
12400 13 13 5
12401 13 12 6
12402 6 6 6
12403 17 17 5
12404 19 19 7
12405 13 13 5
12406 19 19 5
12407 9 9 5
12408 21 21 5
12409 13 12 6
12410 10 10 4
12411 14 13 5
12412 15 14 6
12413 14 14 6
12414 12 11 5
12415 13 13 5
12416 25 24 6
12417 18 17 5
12418 11 11 5
12419 9 8 4
12420 12 11 5
12421 17 16 4
12422 16 15 5
12423 13 13 5
12424 9 8 4
12425 14 13 7
12426 7 6 5
12427 13 12 4
12428 12 11 5
12429 11 11 5
12430 13 12 6
12431 18 17 7
12432 13 13 5
12433 13 12 4
12434 12 11 5
12435 9 9 5
12436 7 6 5
12437 11 11 5
12438 13 12 4
12439 20 19 7
12440 9 9 5
12441 15 14 6
12442 16 15 7
12443 9 8 4
12444 12 11 5
12445 7 7 7
12446 6 5 4
12447 12 11 5
12448 15 14 4
12449 16 15 5
12450 15 15 7
12451 15 14 6
12452 12 12 4
12453 18 17 7
12454 15 14 6
12455 14 13 5
12456 13 12 4
12457 10 9 5
12458 9 8 4
12459 18 17 5
12460 11 11 7
12461 13 13 5
12462 7 6 5
12463 15 14 6
12464 12 11 5
12465 17 16 6
12466 12 12 6
12467 10 9 5
12468 17 17 5
12469 11 11 5
12470 19 19 5
12471 9 9 5
12472 11 11 5
12473 13 12 6
12474 18 18 6
12475 14 14 6
12476 6 6 6
12477 19 18 8
12478 16 16 6
12479 24 24 8
12480 6 5 4
12481 10 9 5
12482 9 8 4
12483 18 17 5
12484 13 12 4
12485 20 19 7
12486 15 15 5
12487 17 16 4
12488 12 11 5
12489 21 20 6
12490 12 12 4
12491 18 17 7
12492 9 8 4
12493 6 5 4
12494 14 13 5
12495 13 13 7
12496 15 14 4
12497 14 13 5
12498 11 11 7
12499 17 16 6
12500 10 10 4
12501 12 11 5
12502 13 13 5
12503 13 12 4
12504 12 11 5
12505 9 9 5
12506 9 9 5
12507 11 10 6
12508 12 12 4
12509 12 11 5
12510 13 12 6
12511 6 5 4
12512 16 15 5
12513 15 14 4
12514 10 9 5
12515 9 8 4
12516 16 15 5
12517 11 10 6
12518 14 14 4
12519 14 13 7
12520 21 20 6
12521 10 9 5
12522 13 12 4
12523 10 9 5
12524 7 6 5
12525 11 10 6
12526 10 10 6
12527 12 12 4
12528 12 11 5
12529 5 5 5
12530 12 11 5
12531 11 11 5
12532 19 19 7
12533 13 12 6
12534 12 12 4
12535 14 13 5
12536 13 13 5
12537 11 11 5
12538 17 17 7
12539 15 14 6
12540 10 10 4
12541 6 5 4
12542 6 5 4
12543 16 15 7
12544 11 10 6
12545 6 6 6
12546 11 10 4
12547 10 9 5
12548 9 9 5
12549 13 12 6
12550 18 18 6
12551 14 13 5
12552 9 8 4
12553 12 11 5
12554 15 15 5
12555 11 10 6
12556 6 5 4
12557 14 13 5
12558 7 7 7
12559 14 14 6
12560 12 12 4
12561 18 17 5
12562 13 13 5
12563 15 15 7
12564 21 20 4
12565 16 15 7
12566 9 8 4
12567 20 19 5
12568 11 11 5
12569 13 12 4
12570 10 9 5
12571 15 15 5
12572 7 6 5
12573 19 18 6
12574 14 14 4
12575 14 13 5
12576 19 18 6
12577 12 11 5
12578 11 10 4
12579 14 13 5
12580 11 10 6
12581 10 10 4
12582 22 21 5
12583 13 13 5
12584 11 11 5
12585 15 14 4
12586 12 11 5
12587 13 13 5
12588 15 15 7
12589 11 10 6
12590 6 6 6
12591 13 13 5
12592 15 14 6
12593 6 6 6
12594 15 14 6
12595 14 13 5
12596 15 14 4
12597 24 23 5
12598 11 11 5
12599 11 11 5
12600 11 10 6
12601 8 8 4
12602 12 11 5
12603 17 16 6
12604 10 10 4
12605 12 11 5
12606 9 9 5
12607 13 12 6
12608 14 13 5
12609 17 16 6
12610 20 20 6
12611 22 22 6
12612 14 14 6
12613 14 13 5
12614 11 10 6
12615 12 12 6
12616 12 12 4
12617 14 13 5
12618 11 10 4
12619 16 15 5
12620 9 8 4
12621 16 15 5
12622 13 13 7
12623 15 14 4
12624 18 17 5
12625 15 15 5
12626 13 12 6
12627 10 9 5
12628 11 10 4
12629 18 17 5
12630 13 13 5
12631 13 13 5
12632 13 12 6
12633 20 20 6
12634 18 17 5
12635 11 11 5
12636 13 12 6
12637 8 8 4
12638 10 9 5
12639 11 10 6
12640 10 10 4
12641 14 13 5
12642 9 9 5
12643 9 9 5
12644 17 17 5
12645 17 17 5
12646 19 19 7
12647 13 13 5
12648 11 11 5
12649 7 6 5
12650 15 14 6
12651 10 9 5
12652 11 10 4
12653 22 21 5
12654 11 11 5
12655 15 14 6
12656 12 12 6
12657 12 11 5
12658 11 10 6
12659 6 6 6
12660 11 10 4
12661 20 19 7
12662 7 6 5
12663 15 14 6
12664 14 14 4
12665 16 15 5
12666 11 11 5
12667 7 6 5
12668 13 12 6
12669 18 18 8
12670 10 10 4
12671 14 13 5
12672 11 11 5
12673 15 15 7
12674 15 14 4
12675 12 11 5
12676 13 12 4
12677 16 15 5
12678 13 13 7
12679 15 14 6
12680 18 18 4
12681 24 23 7
12682 11 10 4
12683 10 9 5
12684 11 10 4
12685 12 11 5
12686 11 10 4
12687 6 5 4
12688 10 9 5
12689 15 14 6
12690 16 15 5
12691 23 22 6
12692 12 12 6
12693 12 12 6
12694 10 10 4
12695 18 17 5
12696 13 13 5
12697 15 15 7
12698 11 10 4
12699 20 19 7
12700 9 8 4
12701 10 9 5
12702 19 18 6
12703 10 10 6
12704 12 12 4
12705 10 9 5
12706 17 16 6
12707 10 9 5
12708 9 8 4
12709 8 7 6
12710 6 6 6
12711 27 26 6
12712 20 19 5
12713 11 10 4
12714 24 23 7
12715 13 12 4
12716 20 19 5
12717 15 14 6
12718 12 11 5
12719 7 6 5
12720 7 6 5
12721 21 20 6
12722 6 6 6
12723 9 8 4
12724 20 19 9
12725 13 12 4
12726 14 13 5
12727 9 8 4
12728 10 9 5
12729 13 12 4
12730 10 9 5
12731 11 10 6
12732 16 16 6
12733 18 18 6
12734 20 19 7
12735 13 12 4
12736 10 9 5
12737 11 10 4
12738 16 15 7
12739 13 13 5
12740 11 10 4
12741 14 13 5
12742 7 6 5
12743 11 11 5
12744 5 5 5
12745 12 11 5
12746 11 10 6
12747 6 6 6
12748 17 16 6
12749 16 15 5
12750 11 10 4
12751 12 11 5
12752 7 7 7
12753 8 8 4
12754 14 13 5
12755 13 13 5
12756 21 20 8
12757 16 16 6
12758 12 12 6
12759 10 10 4
12760 8 7 6
12761 14 14 6
12762 16 16 4
12763 14 13 5
12764 13 13 5
12765 5 5 5
12766 10 9 5
12767 11 10 6
12768 18 18 6
12769 14 13 5
12770 9 9 5
12771 11 11 5
12772 25 24 6
12773 12 11 5
12774 7 6 5
12775 11 10 6
12776 10 10 6
12777 10 10 6
12778 10 10 4
12779 16 15 5
12780 11 10 6
12781 16 16 6
12782 16 16 4
12783 16 15 5
12784 5 5 5
12785 14 13 7
12786 9 8 4
12787 12 11 5
12788 9 8 4
12789 10 9 5
12790 19 18 8
12791 20 20 6
12792 16 16 4
12793 6 5 4
12794 10 9 5
12795 15 14 8
12796 10 10 4
12797 10 9 5
12798 17 16 4
12799 14 13 5
12800 11 11 5
12801 13 13 7
12802 13 12 6
12803 12 12 4
12804 14 13 5
12805 11 10 4
12806 12 11 7
12807 15 14 4
12808 10 9 5
12809 9 8 4
12810 12 11 5
12811 13 13 7
12812 13 12 6
12813 12 12 6
12814 12 11 5
12815 9 8 4
12816 10 9 5
12817 17 16 4
12818 10 9 5
12819 15 14 6
12820 10 10 4
12821 14 13 7
12822 15 14 6
12823 18 18 6
12824 22 22 6
12825 10 9 5
12826 13 12 6
12827 14 14 4
12828 12 11 5
12829 13 12 6
12830 10 9 5
12831 13 12 6
12832 12 11 5
12833 15 14 6
12834 8 8 4
12835 10 9 5
12836 9 8 4
12837 22 21 5
12838 9 9 5
12839 23 22 4
12840 10 9 5
12841 13 12 6
12842 14 14 6
12843 6 6 6
12844 7 6 5
12845 9 9 5
12846 17 16 4
12847 18 17 7
12848 11 10 4
12849 14 13 5
12850 15 15 7
12851 15 15 5
12852 9 8 4
12853 10 9 5
12854 17 17 7
12855 5 5 5
12856 12 11 5
12857 15 14 4
12858 18 17 7
12859 9 8 4
12860 10 9 5
12861 17 16 6
12862 18 18 6
12863 12 12 6
12864 20 20 4
12865 20 19 5
12866 17 17 5
12867 9 9 5
12868 15 15 5
12869 11 10 6
12870 10 9 5
12871 13 12 6
12872 16 16 4
12873 16 15 5
12874 15 14 6
12875 18 18 6
12876 16 15 5
12877 11 10 4
12878 10 9 5
12879 17 16 6
12880 16 15 7
12881 15 14 4
12882 12 11 5
12883 7 7 7
12884 10 10 6
12885 12 12 6
12886 10 9 5
12887 13 13 7
12888 11 10 4
12889 12 11 5
12890 11 10 4
12891 16 15 5
12892 9 9 5
12893 13 12 6
12894 12 12 6
12895 12 12 6
12896 16 16 6
12897 12 11 5
12898 17 16 6
12899 14 14 4
12900 14 13 5
12901 21 21 7
12902 11 10 4
12903 10 9 5
12904 9 8 4
12905 6 5 4
12906 12 11 5
12907 17 16 6
12908 14 13 5
12909 11 10 4
12910 12 11 5
12911 17 17 5
12912 9 9 5
12913 9 9 5
12914 9 8 4
12915 10 9 5
12916 11 10 4
12917 24 23 7
12918 19 18 6
12919 14 13 5
12920 5 5 5
12921 18 17 7
12922 19 18 6
12923 22 22 6
12924 14 14 6
12925 14 14 4
12926 6 5 4
12927 14 13 5
12928 15 14 8
12929 12 12 4
12930 16 15 5
12931 7 6 5
12932 13 12 4
12933 14 13 5
12934 17 16 6
12935 14 14 6
12936 12 12 4
12937 12 11 5
12938 11 11 5
12939 7 6 5
12940 15 14 4
12941 16 15 7
12942 19 18 4
12943 12 11 5
12944 17 16 6
12945 16 15 7
12946 11 10 6
12947 16 16 6
12948 18 18 6
12949 18 17 5
12950 11 10 4
12951 10 9 5
12952 11 11 5
12953 11 11 5
12954 11 11 5
12955 9 9 5
12956 13 12 6
12957 12 12 6
12958 10 10 4
12959 14 13 7
12960 19 19 5
12961 11 10 4
12962 12 11 5
12963 17 16 6
12964 10 10 6
12965 6 6 6
12966 15 14 6
12967 16 15 5
12968 9 9 5
12969 13 13 5
12970 19 18 4
12971 16 15 5
12972 17 16 6
12973 10 9 5
12974 19 18 6
12975 8 8 4
12976 20 19 7
12977 11 10 4
12978 12 11 5
12979 11 10 4
12980 16 15 5
12981 15 14 6
12982 10 10 4
12983 10 9 5
12984 11 10 4
12985 10 9 5
12986 13 13 7
12987 15 14 6
12988 10 10 6
12989 10 10 6
12990 16 16 6
12991 18 18 6
12992 18 18 6
12993 22 22 6
12994 6 5 4
12995 12 11 5
12996 9 9 5
12997 7 7 7
12998 10 10 4
12999 10 9 5
13000 9 9 5
13001 9 9 5
13002 21 20 6
13003 12 11 5
13004 13 13 5
13005 13 12 4
13006 14 13 5
13007 15 15 7
13008 11 10 4
13009 28 27 7
13010 17 16 6
13011 12 12 6
13012 14 14 4
13013 16 15 5
13014 15 14 4
13015 10 9 5
13016 17 16 6
13017 10 10 6
13018 14 14 6
13019 14 13 5
13020 11 11 5
13021 15 14 6
13022 10 10 6
13023 18 17 5
13024 17 16 6
13025 12 12 6
13026 6 5 4
13027 12 11 7
13028 13 12 6
13029 14 14 4
13030 6 5 4
13031 10 9 5
13032 17 16 6
13033 10 9 5
13034 15 14 6
13035 14 14 6
13036 8 8 4
13037 12 11 5
13038 17 17 7
13039 15 14 4
13040 18 17 7
13041 13 12 4
13042 18 17 7
13043 11 10 4
13044 18 17 5
13045 9 9 5
13046 9 9 5
13047 13 12 4
13048 12 11 5
13049 9 9 5
13050 13 13 5
13051 15 15 5
13052 9 8 4
13053 12 11 5
13054 9 9 5
13055 23 22 6
13056 14 13 7
13057 11 10 4
13058 18 17 5
13059 17 17 7
13060 15 15 5
13061 15 14 6
13062 12 12 4
13063 18 17 5
13064 13 13 5
13065 13 12 6
13066 8 8 4
13067 18 17 5
13068 15 15 5
13069 9 9 5
13070 9 8 4
13071 18 17 5
13072 17 17 7
13073 9 8 4
13074 16 15 5
13075 19 19 5
13076 15 14 6
13077 22 22 6
13078 18 17 5
13079 23 22 8
13080 22 22 6
13081 14 14 4
13082 24 23 5
13083 17 17 5
13084 13 13 5
13085 15 15 5
13086 25 24 4
13087 10 9 5
13088 21 21 5
13089 13 13 5
13090 17 16 4
13091 14 13 5
13092 35 34 4
13093 18 17 5
13094 21 20 6
13095 10 10 4
13096 16 15 5
13097 13 13 5
13098 13 12 4
13099 22 21 7
13100 15 15 5
13101 13 12 4
13102 16 15 5
13103 19 19 5
13104 15 15 5
13105 13 13 5
13106 13 12 6
13107 18 18 6
13108 20 20 6
13109 26 26 6
13110 36 35 5
13111 11 11 5
13112 29 28 6
13113 16 15 5
13114 25 24 6
13115 24 24 4
13116 18 17 5
13117 11 10 4
13118 12 11 5
13119 27 26 6
13120 10 10 4
13121 16 15 5
13122 15 14 6
13123 12 12 4
13124 18 17 5
13125 17 16 4
13126 14 13 5
13127 15 14 4
13128 14 13 5
13129 21 20 6
13130 18 18 4
13131 18 17 5
13132 25 25 5
13133 23 23 5
13134 17 16 4
13135 18 17 5
13136 19 18 4
13137 28 27 5
13138 23 22 4
13139 22 21 5
13140 27 27 5
13141 23 22 6
13142 16 16 4
13143 20 19 5
13144 13 13 5
13145 15 14 6
13146 26 25 7
13147 27 27 5
13148 27 26 6
13149 38 38 6
13150 28 27 7
13151 19 18 4
13152 24 23 7
13153 45 44 6
13154 32 32 6
13155 44 44 6
13156 20 20 4
13157 30 29 7
13158 41 40 6
13159 26 25 7
13160 33 32 8
13161 36 36 8
13162 24 24 6
13163 48 47 9
13164 31 31 5
13165 37 37 5
13166 25 25 5
13167 23 22 6
13168 30 30 6
13169 26 25 5
13170 17 16 4
13171 38 37 5
13172 49 48 6
13173 22 21 5
13174 37 37 9
13175 21 21 5
13176 37 36 10
13177 28 28 6
13178 34 34 12
13179 64 64 14
13180 32 32 8
13181 46 46 12
13182 32 32 8
13183 38 38 8
13184 46 45 9
13185 29 29 9
13186 23 22 6
13187 30 30 8
13188 40 40 12
13189 30 30 8
13190 32 32 8
13191 34 34 8
13192 34 34 12
13193 30 29 7
13194 47 47 9
13195 29 28 8
13196 54 54 6
13197 32 31 7
13198 37 37 11
13199 35 35 9
13200 41 40 10
13201 32 31 5
13202 41 40 8
13203 46 46 8
13204 26 26 4
13205 36 35 9
13206 31 30 6
13207 44 44 6
13208 32 31 5
13209 29 29 9
13210 27 26 6
13211 28 28 6
13212 24 23 5
13213 33 32 10
13214 34 34 8
13215 30 29 7
13216 15 15 5
13217 25 24 6
13218 34 33 7
13219 35 34 6
13220 18 18 6
13221 18 18 6
13222 32 32 6
13223 18 18 6
13224 20 20 6
13225 28 28 8
13226 24 24 6
13227 22 21 5
13228 13 12 4
13229 22 21 5
13230 27 27 5
13231 35 35 7
13232 25 24 4
13233 20 19 5
13234 27 26 6
13235 24 24 6
13236 36 36 6
13237 28 28 4
13238 18 17 5
13239 33 32 6
13240 30 29 5
13241 33 33 9
13242 33 33 5
13243 21 21 5
13244 33 33 5
13245 23 23 5
13246 33 32 8
13247 20 20 4
13248 24 23 5
13249 25 24 6
13250 22 21 5
13251 25 24 6
13252 20 20 4
13253 22 21 7
13254 23 22 6
13255 24 24 6
13256 24 24 6
13257 12 12 6
13258 26 26 4
13259 18 17 5
13260 19 18 6
13261 26 26 6
13262 28 28 6
13263 24 24 6
13264 14 14 6
13265 14 14 4
13266 16 15 5
13267 19 18 4
13268 18 17 5
13269 19 18 6
13270 20 19 5
13271 17 16 4
13272 16 15 7
13273 23 22 4
13274 16 15 7
13275 13 12 4
13276 22 21 5
13277 15 14 6
13278 16 16 6
13279 18 18 6
13280 14 14 4
13281 16 15 5
13282 21 20 6
13283 14 14 4
13284 26 25 5
13285 13 13 5
13286 13 12 4
13287 20 19 7
13288 17 17 5
13289 11 10 4
13290 14 13 5
13291 19 19 5
13292 21 21 7
13293 15 14 6
13294 12 11 5
13295 19 18 6
13296 20 19 5
13297 15 14 4
13298 12 11 5
13299 11 11 5
13300 21 20 4
13301 18 17 5
13302 11 10 4
13303 26 25 7
13304 17 17 5
13305 17 16 6
13306 16 16 6
13307 10 9 5
13308 17 16 6
13309 10 10 4
13310 14 13 5
13311 21 21 5
13312 19 18 8
13313 10 10 4
13314 20 19 5
13315 17 17 5
13316 19 18 6
13317 12 11 5
13318 9 9 5
13319 5 5 5
13320 12 11 5
13321 13 12 4
13322 12 11 5
13323 23 23 5
13324 21 21 5
13325 15 15 5
13326 11 10 4
13327 12 11 5
13328 13 12 6
13329 14 14 4
13330 28 27 7
13331 15 15 5
13332 19 18 4
13333 12 11 5
13334 11 11 5
13335 7 6 5
13336 9 8 4
13337 8 7 6
13338 16 16 6
13339 22 21 7
13340 7 6 5
13341 15 14 4
13342 16 15 7
13343 19 18 6
13344 16 16 6
13345 10 9 5
13346 9 8 4
13347 14 13 5
13348 5 5 5
13349 10 9 5
13350 15 14 6
13351 12 12 4
13352 16 15 7
13353 11 11 5
13354 17 16 4
13355 6 5 4
13356 12 11 5
13357 15 15 7
13358 13 12 6
13359 14 14 6
13360 18 18 6
13361 14 13 5
13362 21 20 6
13363 6 6 6
13364 11 11 5
13365 15 14 6
13366 16 15 5
13367 11 10 6
13368 12 12 4
13369 14 13 5
13370 15 15 7
13371 19 19 5
13372 11 10 6
13373 14 14 6
13374 8 8 4
13375 14 13 5
13376 17 16 6
13377 12 12 4
13378 14 13 5
13379 11 11 5
13380 9 8 4
13381 10 9 5
13382 17 16 4
13383 10 9 5
13384 15 15 5
13385 17 16 6
13386 12 12 6
13387 12 12 6
13388 14 14 6
13389 18 17 5
13390 11 10 4
13391 12 11 5
13392 15 15 5
13393 15 15 7
13394 13 12 4
13395 16 15 5
13396 15 14 6
13397 12 12 4
13398 14 13 5
13399 9 9 5
13400 21 20 6
13401 12 11 5
13402 19 19 7
13403 17 16 4
13404 18 17 5
13405 13 13 5
13406 13 13 5
13407 13 12 4
13408 14 13 5
13409 5 5 5
13410 14 13 5
13411 13 13 5
13412 9 9 5
13413 9 9 5
13414 7 6 5
13415 11 10 6
13416 8 8 4
13417 14 13 7
13418 13 12 6
13419 18 17 5
13420 11 11 5
13421 15 14 6
13422 12 11 5
13423 13 12 4
13424 14 13 5
13425 15 14 6
13426 6 6 6
13427 19 18 6
13428 18 17 5
13429 15 14 6
13430 20 20 4
13431 8 7 6
13432 18 18 6
13433 18 17 7
13434 11 10 4
13435 14 13 5
13436 17 16 6
13437 14 13 7
13438 11 10 4
13439 12 11 5
13440 11 11 5
13441 17 17 5
13442 17 16 4
13443 14 13 5
13444 15 14 6
13445 16 15 5
13446 9 8 4
13447 12 11 5
13448 15 14 6
13449 12 12 6
13450 16 15 5
13451 11 10 6
13452 10 10 4
13453 12 11 5
13454 13 12 6
13455 10 9 5
13456 11 10 6
13457 12 11 5
13458 17 16 8
13459 10 10 6
13460 10 10 4
13461 10 9 5
13462 23 22 6
13463 6 6 6
13464 13 13 5
13465 9 9 5
13466 17 16 6
13467 12 11 5
13468 13 13 5
13469 9 9 5
13470 21 20 6
13471 26 25 7
13472 11 10 4
13473 14 13 5
13474 9 8 4
13475 14 13 7
13476 11 10 6
13477 12 12 4
13478 12 11 5
13479 13 12 6
13480 18 18 8
13481 16 16 6
13482 14 13 5
13483 29 28 6
13484 14 14 4
13485 12 11 7
13486 11 10 4
13487 10 9 5
13488 15 15 7
13489 11 10 4
13490 16 15 7
13491 13 12 6
13492 12 12 4
13493 16 15 5
13494 13 12 6
13495 10 9 5
13496 13 13 5
13497 15 14 6
13498 16 15 7
13499 11 10 4
13500 16 15 5
13501 23 22 4
13502 10 9 5
13503 13 12 4
13504 24 23 5
13505 15 14 4
13506 16 15 5
13507 11 10 6
13508 18 18 6
13509 10 9 5
13510 15 14 4
13511 10 9 5
13512 15 14 4
13513 22 21 7
13514 23 22 4
13515 18 17 5
13516 13 13 5
13517 37 36 4
13518 16 15 5
13519 21 20 6
13520 28 28 6
13521 22 22 4
13522 22 21 5
13523 25 25 5
13524 27 27 5
13525 35 35 5
13526 17 17 5
13527 29 29 5
13528 29 28 8
13529 18 18 6
13530 16 16 6
13531 40 40 8
13532 20 19 5
13533 35 34 4
13534 34 33 9
13535 33 32 8
13536 14 14 4
13537 26 25 5
13538 17 17 5
13539 21 21 5
13540 31 31 7
13541 35 35 9
13542 33 33 5
13543 29 29 9
13544 27 26 8
13545 16 15 5
13546 19 18 4
13547 20 19 5
13548 21 21 5
13549 37 36 8
13550 26 26 8
13551 18 18 4
13552 22 21 5
13553 27 26 10
13554 18 18 6
13555 24 23 5
13556 39 39 9
13557 15 14 4
13558 22 21 5
13559 45 45 5
13560 17 17 5
13561 27 26 6
13562 12 12 4
13563 18 17 5
13564 13 12 4
13565 16 15 5
13566 15 14 6
13567 22 22 4
13568 24 23 5
13569 33 32 8
13570 14 14 6
13571 30 29 9
13572 17 16 6
13573 24 24 6
13574 28 28 6
13575 20 20 4
13576 16 15 5
13577 23 22 8
13578 22 21 5
13579 23 23 5
13580 39 38 12
13581 20 20 6
13582 24 24 6
13583 18 18 4
13584 32 31 7
13585 27 26 6
13586 18 18 6
13587 32 31 5
13588 17 17 5
13589 29 28 8
13590 34 34 6
13591 34 34 8
13592 26 25 5
13593 21 20 4
13594 46 45 9
13595 11 11 5
13596 25 24 6
13597 30 29 7
13598 25 25 7
13599 11 11 5
13600 35 34 10
13601 26 25 7
13602 17 16 4
13603 38 37 7
13604 19 18 4
13605 22 21 5
13606 23 22 6
13607 24 23 5
13608 37 36 4
13609 26 25 5
13610 17 17 5
13611 19 19 5
13612 27 26 6
13613 22 21 5
13614 19 19 7
13615 13 12 4
13616 26 25 5
13617 23 22 6
13618 26 26 6
13619 16 16 4
13620 16 15 5
13621 25 24 4
13622 18 17 5
13623 13 12 4
13624 14 13 5
13625 13 12 4
13626 28 27 7
13627 21 21 5
13628 11 10 4
13629 26 25 7
13630 19 18 4
13631 14 13 5
13632 21 21 5
13633 17 17 5
13634 19 18 4
13635 14 13 5
13636 31 31 7
13637 13 13 5
13638 15 14 4
13639 10 9 5
13640 17 16 4
13641 16 15 5
13642 19 18 8
13643 20 20 6
13644 8 8 4
13645 10 9 5
13646 19 18 4
13647 16 15 7
13648 19 18 4
13649 16 15 5
13650 15 14 6
13651 22 22 6
13652 12 12 6
13653 14 14 4
13654 12 11 5
13655 15 14 4
13656 12 11 5
13657 21 20 6
13658 24 23 5
13659 17 17 5
13660 17 16 6
13661 12 12 6
13662 24 24 8
13663 10 10 4
13664 18 17 5
13665 19 19 5
13666 11 11 5
13667 17 17 7
13668 13 12 6
13669 16 16 6
13670 16 16 6
13671 10 10 4
13672 10 9 5
13673 17 16 6
13674 10 10 6
13675 12 12 4
13676 14 13 7
13677 19 18 6
13678 12 12 4
13679 20 19 7
13680 7 6 5
13681 23 22 8
13682 28 28 8
13683 20 20 6
13684 32 32 8
13685 20 20 4
13686 16 15 5
13687 17 17 5
13688 15 15 5
13689 11 10 4
13690 24 23 9
13691 19 18 6
13692 16 16 4
13693 16 15 5
13694 21 21 5
13695 21 21 5
13696 11 11 5
13697 27 26 8
13698 12 12 6
13699 24 24 4
13700 14 13 5
13701 13 12 4
13702 20 19 5
13703 29 29 5
13704 11 10 6
13705 26 26 6
13706 18 17 5
13707 17 17 5
13708 25 24 6
13709 14 13 5
13710 17 17 5
13711 27 26 6
13712 24 23 7
13713 15 14 6
13714 10 10 4
13715 16 15 7
13716 19 19 5
13717 27 27 5
13718 25 24 6
13719 34 34 6
13720 24 24 6
13721 24 24 6
13722 12 12 4
13723 24 23 5
13724 27 26 6
13725 8 8 4
13726 26 25 5
13727 27 26 6
13728 26 26 6
13729 24 24 6
13730 12 12 4
13731 22 21 5
13732 23 23 5
13733 17 17 5
13734 15 15 5
13735 19 18 4
13736 20 19 5
13737 13 13 5
13738 19 18 6
13739 10 10 4
13740 20 19 5
13741 19 18 6
13742 14 14 6
13743 10 10 4
13744 20 19 7
13745 21 20 6
13746 14 14 6
13747 12 12 4
13748 12 11 5
13749 13 12 6
13750 12 12 4
13751 12 11 5
13752 17 17 7
13753 17 17 5
13754 13 12 4
13755 12 11 5
13756 23 22 6
13757 14 13 5
13758 11 11 5
13759 25 24 6
13760 20 20 8
13761 10 10 4
13762 10 9 5
13763 19 18 6
13764 12 12 6
13765 10 10 4
13766 22 21 5
13767 13 12 6
13768 8 8 4
13769 16 15 5
13770 13 13 5
13771 15 14 6
13772 12 12 4
13773 14 13 7
13774 19 18 6
13775 10 10 4
13776 14 13 5
13777 13 12 6
13778 12 12 4
13779 16 15 5
13780 15 15 5
13781 9 9 5
13782 17 17 5
13783 17 16 6
13784 16 16 6
13785 14 14 6
13786 14 14 4
13787 16 15 5
13788 17 16 4
13789 10 9 5
13790 21 20 4
13791 24 23 9
13792 11 10 6
13793 12 12 4
13794 20 19 5
13795 15 14 4
13796 18 17 7
13797 15 14 4
13798 12 11 5
13799 11 11 5
13800 17 16 4
13801 22 21 7
13802 11 10 4
13803 30 29 7
13804 19 18 4
13805 12 11 5
13806 23 22 8
13807 12 12 4
13808 18 17 5
13809 15 14 4
13810 14 13 5
13811 11 11 5
13812 15 15 5
13813 17 17 7
13814 11 10 4
13815 18 17 5
13816 13 13 5
13817 11 10 4
13818 18 17 5
13819 9 9 5
13820 17 17 5
13821 17 17 5
13822 21 20 6
13823 6 6 6
13824 17 16 6
13825 12 12 4
13826 14 13 5
13827 11 10 4
13828 6 5 4
13829 12 11 5
13830 13 12 6
13831 10 9 5
13832 9 8 4
13833 12 11 5
13834 13 12 8
13835 14 14 4
13836 6 5 4
13837 12 11 5
13838 11 10 4
13839 20 19 7
13840 13 13 5
13841 9 9 5
13842 13 13 5
13843 13 13 5
13844 19 18 8
13845 6 5 4
13846 16 15 5
13847 11 10 6
13848 10 9 5
13849 13 12 4
13850 10 9 5
13851 23 22 8
13852 10 9 5
13853 9 8 4
13854 10 9 5
13855 9 8 4
13856 12 11 7
13857 15 14 4
13858 18 17 5
13859 11 10 4
13860 20 19 5
13861 13 12 6
13862 10 9 5
13863 19 18 4
13864 12 11 5
13865 11 10 4
13866 26 25 7
13867 25 25 5
13868 13 12 4
13869 16 15 5
13870 27 26 6
13871 28 28 6
13872 18 18 4
13873 20 19 5
13874 15 14 4
13875 18 17 5
13876 19 19 5
13877 29 29 9
13878 27 26 6
13879 24 24 4
13880 34 33 5
13881 17 17 5
13882 23 22 6
13883 18 17 5
13884 21 20 4
13885 36 35 5
13886 25 25 5
13887 19 19 5
13888 17 17 5
13889 21 20 6
13890 34 34 4
13891 32 31 7
13892 31 30 8
13893 30 30 10
13894 26 26 8
13895 32 32 6
13896 34 33 7
13897 19 18 4
13898 38 37 7
13899 25 25 9
13900 23 22 4
13901 52 51 9
13902 39 38 4
13903 46 45 11
13904 41 40 8
13905 28 28 6
13906 40 40 12
13907 38 38 6
13908 14 14 4
13909 18 17 5
13910 41 41 11
13911 39 39 11
13912 31 30 8
13913 36 36 12
13914 20 20 6
13915 34 34 10
13916 32 32 6
13917 24 24 6
13918 32 31 7
13919 37 36 8
13920 20 20 6
13921 24 23 7
13922 25 24 6
13923 28 28 8
13924 26 26 10
13925 14 13 5
13926 15 15 5
13927 31 30 6
13928 28 27 9
13929 23 23 9
13930 19 18 4
13931 30 29 5
13932 17 17 5
13933 19 18 4
13934 22 21 5
13935 35 34 6
13936 20 19 5
13937 17 16 4
13938 22 21 5
13939 21 20 6
13940 26 26 4
13941 40 39 13
13942 21 21 5
13943 27 27 7
13944 17 16 4
13945 22 21 5
13946 19 18 6
13947 20 20 4
13948 28 27 7
13949 21 20 6
13950 30 30 8
13951 20 20 6
13952 14 14 6
13953 18 18 4
13954 14 13 5
13955 19 19 7
13956 25 24 6
13957 12 12 4
13958 14 13 5
13959 29 28 6
13960 16 16 4
13961 16 15 5
13962 17 17 5
13963 11 10 4
13964 40 39 5
13965 21 21 5
13966 31 30 6
13967 26 26 6
13968 14 14 6
13969 16 16 4
13970 36 35 5
13971 17 17 5
13972 19 18 6
13973 18 18 6
13974 24 24 4
13975 30 29 5
13976 31 31 7
13977 27 27 5
13978 43 42 6
13979 20 19 5
13980 33 33 7
13981 33 32 6
13982 30 29 5
13983 35 35 9
13984 29 28 6
13985 22 21 5
13986 25 25 5
13987 29 29 5
13988 39 39 5
13989 21 20 6
13990 30 30 6
13991 22 21 7
13992 33 32 6
13993 22 22 6
13994 24 24 4
13995 20 19 5
13996 17 16 6
13997 30 29 5
13998 19 18 4
13999 26 25 7
14000 17 17 5
14001 35 34 8
14002 18 18 6
14003 30 30 6
14004 14 13 5
14005 19 18 6
14006 16 16 6
14007 14 14 4
14008 28 27 9
14009 13 12 4
14010 16 15 5
14011 21 20 6
14012 16 16 4
14013 26 25 5
14014 11 10 4
14015 18 17 5
14016 19 19 5
14017 21 20 6
14018 14 14 6
14019 24 23 5
14020 27 27 7
14021 21 21 5
14022 17 16 4
14023 10 9 5
14024 23 23 5
14025 23 23 5
14026 23 22 4
14027 24 23 5
14028 23 22 6
14029 24 24 6
14030 30 29 5
14031 33 32 6
14032 18 17 5
14033 27 26 4
14034 28 27 5
14035 35 34 6
14036 20 20 6
14037 26 26 4
14038 18 17 5
14039 23 23 5
14040 35 34 6
14041 30 30 4
14042 18 17 5
14043 17 17 5
14044 25 24 4
14045 28 27 5
14046 19 18 4
14047 24 23 5
14048 27 27 7
14049 23 22 4
14050 12 11 5
14051 33 32 8
14052 16 16 6
14053 22 22 6
14054 16 16 4
14055 18 17 5
14056 15 14 4
14057 16 15 5
14058 23 22 6
14059 20 20 4
14060 12 11 5
14061 23 22 6
14062 16 15 5
14063 17 16 4
14064 18 17 5
14065 15 15 5
14066 23 22 4
14067 16 15 5
14068 25 25 5
14069 15 14 4
14070 16 15 5
14071 19 18 6
14072 12 12 6
14073 30 30 6
14074 12 12 6
14075 18 18 8
14076 14 14 6
14077 14 14 6
14078 10 10 4
14079 14 13 5
14080 21 21 5
14081 17 17 7
14082 19 18 6
14083 12 12 4
14084 20 19 7
14085 17 16 6
14086 18 18 6
14087 12 12 4
14088 14 13 5
14089 11 11 5
14090 13 13 5
14091 15 14 6
14092 12 12 6
14093 18 17 5
14094 19 18 4
14095 12 11 5
14096 13 12 6
14097 16 16 6
14098 20 20 6
14099 12 12 4
14100 18 17 5
14101 11 11 5
14102 25 24 6
14103 18 17 5
14104 11 11 5
14105 13 12 6
14106 8 8 4
14107 18 17 5
14108 17 17 5
14109 13 12 6
14110 14 14 6
14111 14 14 4
14112 14 13 5
14113 17 17 5
14114 21 20 6
14115 6 6 6
14116 13 12 4
14117 22 21 5
14118 15 14 4
14119 18 17 5
14120 19 18 8
14121 22 22 4
14122 10 9 5
14123 17 16 6
14124 16 15 5
14125 17 17 5
14126 21 20 4
14127 18 17 5
14128 17 16 6
14129 16 16 4
14130 20 19 5
14131 11 10 6
14132 10 10 4
14133 18 17 5
14134 25 25 5
14135 27 27 5
14136 19 19 5
14137 17 17 5
14138 19 19 5
14139 21 20 6
14140 12 12 4
14141 12 11 5
14142 21 20 6
14143 10 10 4
14144 14 13 5
14145 27 26 4
14146 18 17 5
14147 15 15 5
14148 25 25 7
14149 15 14 6
14150 10 10 4
14151 12 11 7
14152 9 8 4
14153 12 11 5
14154 13 12 4
14155 20 19 7
14156 11 11 5
14157 11 11 5
14158 19 19 5
14159 9 9 5
14160 17 16 6
14161 16 15 5
14162 19 18 4
14163 22 21 5
14164 15 15 7
14165 15 14 6
14166 10 9 5
14167 11 10 4
14168 16 15 5
14169 23 23 7
14170 9 8 4
14171 10 9 5
14172 27 26 6
14173 16 16 4
14174 22 21 5
14175 21 20 6
14176 10 9 5
14177 19 18 6
14178 8 7 6
14179 8 8 4
14180 12 11 5
14181 13 13 5
14182 11 10 4
14183 16 15 5
14184 25 25 7
14185 9 8 4
14186 14 13 5
14187 11 11 5
14188 9 8 4
14189 20 19 7
14190 19 19 5
14191 29 29 7
14192 21 20 4
14193 16 15 5
14194 13 12 4
14195 24 23 5
14196 17 16 6
14197 20 20 6
14198 16 16 6
14199 14 14 4
14200 22 21 5
14201 15 15 5
14202 11 10 4
14203 14 13 5
14204 13 12 4
14205 18 17 5
14206 19 18 6
14207 6 6 6
14208 19 18 4
14209 18 17 7
14210 21 20 4
14211 18 17 5
14212 11 10 4
14213 18 17 5
14214 9 8 4
14215 12 11 5
14216 13 12 4
14217 16 15 5
14218 19 19 5
14219 11 10 4
14220 14 13 5
14221 17 16 6
14222 16 16 6
14223 6 6 6
14224 21 20 6
14225 18 18 6
14226 24 24 6
14227 18 17 5
14228 17 16 4
14229 16 15 5
14230 19 18 4
14231 20 19 5
14232 27 27 5
14233 13 12 6
14234 14 14 4
14235 24 23 5
14236 21 20 6
14237 22 22 4
14238 24 23 5
14239 23 22 6
14240 12 12 6
14241 12 12 6
14242 8 8 4
14243 18 17 5
14244 31 30 4
14245 32 31 7
14246 17 17 5
14247 17 16 6
14248 10 9 5
14249 19 18 4
14250 14 13 5
14251 15 14 6
14252 30 29 5
14253 15 15 5
14254 23 23 5
14255 15 15 5
14256 11 10 4
14257 22 21 5
14258 13 13 5
14259 23 22 6
14260 24 23 5
14261 23 23 5
14262 29 29 5
14263 17 16 6
14264 8 8 4
14265 26 25 5
14266 13 12 4
14267 30 29 5
14268 11 11 5
14269 11 11 5
14270 23 22 4
14271 30 29 7
14272 29 29 5
14273 19 18 4
14274 28 27 5
14275 29 28 8
14276 18 18 6
14277 16 15 5
14278 25 24 6
14279 32 31 5
14280 27 27 7
14281 37 37 5
14282 25 25 5
14283 37 36 10
14284 26 25 7
14285 25 24 6
14286 26 26 8
14287 28 28 4
14288 32 31 7
14289 31 31 5
14290 29 29 5
14291 23 22 6
14292 28 27 5
14293 39 38 6
14294 32 31 5
14295 37 36 6
14296 32 32 10
14297 34 34 6
14298 28 27 5
14299 45 45 9
14300 35 35 9
14301 27 26 8
14302 28 27 7
14303 53 52 10
14304 26 25 7
14305 41 40 8
14306 32 31 9
14307 45 44 12
14308 36 35 9
14309 35 34 4
14310 32 31 5
14311 37 37 9
14312 45 45 9
14313 41 40 6
14314 18 17 7
14315 43 43 11
14316 57 57 11
14317 29 29 7
14318 49 49 11
14319 33 32 6
14320 34 33 9
14321 47 46 12
14322 32 32 8
14323 16 16 6
14324 42 41 9
14325 25 24 8
14326 30 29 7
14327 33 32 6
14328 40 40 8
14329 30 29 7
14330 19 18 4
14331 42 41 11
14332 45 44 12
14333 34 34 8
14334 46 45 9
14335 47 46 14
14336 44 44 12
14337 32 32 8
14338 24 24 10
14339 42 42 8
14340 32 32 8
14341 52 52 14
14342 18 17 5
14343 41 41 9
14344 37 36 6
14345 44 44 10
14346 40 40 6
14347 30 29 7
14348 35 35 5
14349 29 29 7
14350 27 26 6
14351 12 12 4
14352 30 29 7
14353 21 20 6
14354 24 23 7
14355 35 34 8
14356 30 30 6
14357 34 34 6
14358 24 23 7
14359 39 39 13
14360 27 26 8
14361 28 28 6
14362 24 24 4
14363 32 31 5
14364 19 18 4
14365 30 29 7
14366 23 22 6
14367 30 30 4
14368 18 17 5
14369 33 33 5
14370 31 30 4
14371 40 39 9
14372 21 21 5
14373 23 23 5
14374 23 22 4
14375 26 25 7
14376 31 31 7
14377 27 26 4
14378 30 29 5
14379 29 29 7
14380 23 22 6
14381 30 29 5
14382 19 19 5
14383 23 22 6
14384 28 28 8
14385 16 16 4
14386 24 23 5
14387 19 18 6
14388 38 38 6
14389 18 18 6
14390 22 22 6
14391 14 14 4
14392 16 15 5
14393 27 27 7
14394 23 22 4
14395 24 23 5
14396 17 17 7
14397 37 36 6
14398 42 42 8
14399 32 31 7
14400 21 21 7
14401 15 14 4
14402 32 31 5
14403 31 30 8
14404 38 37 5
14405 27 26 8
14406 28 28 6
14407 22 22 4
14408 24 23 5
14409 15 14 4
14410 20 19 5
14411 29 29 5
14412 27 26 6
14413 22 21 5
14414 17 17 5
14415 29 29 5
14416 21 20 6
14417 20 20 4
14418 28 27 5
14419 19 19 5
14420 19 18 6
14421 18 17 5
14422 15 14 4
14423 22 21 5
14424 29 29 5
14425 35 34 6
14426 16 16 4
14427 36 35 5
14428 17 17 5
14429 23 22 6
14430 26 26 4
14431 30 29 7
14432 21 20 4
14433 34 33 7
14434 25 25 5
14435 21 20 4
14436 18 17 5
14437 21 20 6
14438 16 16 4
14439 14 13 5
14440 27 26 6
14441 26 26 6
14442 14 14 4
14443 16 15 5
14444 11 11 5
14445 19 18 6
14446 14 14 4
14447 12 11 5
14448 15 14 4
14449 20 19 5
14450 23 22 6
14451 18 18 6
14452 14 14 6
14453 24 24 8
14454 12 12 6
14455 12 12 4
14456 26 25 9
14457 19 18 6
14458 12 12 4
14459 18 17 5
14460 7 6 5
14461 9 8 4
14462 20 19 5
14463 13 13 5
14464 15 14 4
14465 18 17 5
14466 15 14 6
14467 10 10 4
14468 12 11 5
14469 13 12 6
14470 14 14 4
14471 30 29 7
14472 15 15 5
14473 19 19 7
14474 11 10 6
14475 6 6 6
14476 17 16 6
14477 8 8 4
14478 18 17 5
14479 5 5 5
14480 14 13 5
14481 13 12 4
14482 14 13 5
14483 13 13 5
14484 9 9 5
14485 9 9 5
14486 11 10 6
14487 8 8 4
14488 30 29 7
14489 17 17 5
14490 15 14 6
14491 16 15 5
14492 17 17 5
14493 9 8 4
14494 14 13 5
14495 11 11 5
14496 19 18 6
14497 12 11 5
14498 13 12 4
14499 24 23 5
14500 21 20 6
14501 12 11 5
14502 7 6 5
14503 9 9 5
14504 13 12 6
14505 18 18 8
14506 10 10 4
14507 10 9 5
14508 13 13 5
14509 19 19 7
14510 17 16 4
14511 20 19 5
14512 9 9 5
14513 11 10 4
14514 26 25 7
14515 5 5 5
14516 10 9 5
14517 13 12 6
14518 12 12 4
14519 12 11 5
14520 11 10 6
14521 18 18 4
14522 16 15 7
14523 17 17 7
14524 13 12 6
14525 8 8 4
14526 20 19 5
14527 9 8 4
14528 14 13 5
14529 19 18 8
14530 14 14 6
14531 10 10 4
14532 14 13 5
14533 9 9 5
14534 17 16 6
14535 6 5 4
14536 16 15 5
14537 9 8 4
14538 18 17 7
14539 17 16 6
14540 12 12 6
14541 10 10 4
14542 10 9 5
14543 17 16 4
14544 14 13 5
14545 17 16 6
14546 32 32 10
14547 16 16 6
14548 12 12 4
14549 14 13 5
14550 9 9 5
14551 21 20 6
14552 14 14 4
14553 20 19 7
14554 21 20 6
14555 22 22 8
14556 14 14 4
14557 22 21 5
14558 11 11 5
14559 7 6 5
14560 11 10 6
14561 10 9 5
14562 17 16 6
14563 18 18 6
14564 14 14 4
14565 12 11 5
14566 11 10 4
14567 14 13 5
14568 11 11 5
14569 13 13 5
14570 9 8 4
14571 26 25 5
14572 13 13 5
14573 17 16 6
14574 12 12 6
14575 6 6 6
14576 13 12 4
14577 10 9 5
14578 7 7 7
14579 12 12 6
14580 8 8 4
14581 16 15 7
14582 17 16 6
14583 14 14 4
14584 16 15 5
14585 13 13 5
14586 13 13 5
14587 11 11 5
14588 13 12 4
14589 14 13 7
14590 13 12 4
14591 16 15 5
14592 15 15 5
14593 11 11 5
14594 17 16 6
14595 8 8 4
14596 6 5 4
14597 16 15 5
14598 11 11 5
14599 11 11 5
14600 9 8 4
14601 6 5 4
14602 14 13 5
14603 11 11 5
14604 17 17 5
14605 11 11 5
14606 13 12 6
14607 16 15 5
14608 11 10 4
14609 6 5 4
14610 10 9 5
14611 19 18 6
14612 12 12 4
14613 12 11 5
14614 11 11 5
14615 9 8 4
14616 12 11 5
14617 19 19 7
14618 15 15 5
14619 17 16 6
14620 14 14 4
14621 12 11 5
14622 13 13 5
14623 5 5 5
14624 18 17 5
14625 9 9 5
14626 19 18 8
14627 8 8 4
14628 12 11 5
14629 9 8 4
14630 16 15 7
14631 13 12 6
14632 12 11 5
14633 7 6 5
14634 15 14 6
14635 12 12 4
14636 10 9 5
14637 21 20 6
14638 12 12 4
14639 18 17 7
14640 25 24 6
14641 20 19 7
14642 23 22 4
14643 12 11 5
14644 15 14 6
14645 6 6 6
14646 15 14 6
14647 10 10 6
14648 10 10 6
14649 12 12 6
14650 16 16 6
14651 16 16 6
14652 14 13 5
14653 9 9 5
14654 17 16 4
14655 12 11 5
14656 13 13 5
14657 13 12 6
14658 12 11 5
14659 13 12 4
14660 12 11 5
14661 23 23 5
14662 5 5 5
14663 14 13 5
14664 13 13 5
14665 13 13 5
14666 19 18 6
14667 20 20 6
14668 16 16 6
14669 16 16 4
14670 22 21 5
14671 17 16 6
14672 18 18 6
14673 12 11 5
14674 11 10 6
14675 12 12 4
14676 20 19 5
14677 13 13 5
14678 17 17 5
14679 11 11 5
14680 13 12 4
14681 14 13 5
14682 13 12 4
14683 14 13 5
14684 13 13 5
14685 17 17 5
14686 13 12 6
14687 20 20 6
14688 14 13 5
14689 11 11 5
14690 13 13 5
14691 11 10 4
14692 6 5 4
14693 12 11 5
14694 13 13 5
14695 15 14 6
14696 14 14 4
14697 14 13 7
14698 9 8 4
14699 12 11 5
14700 13 12 4
14701 12 11 5
14702 13 12 6
14703 10 10 4
14704 10 9 5
14705 21 21 7
14706 9 8 7
14707 15 14 4
14708 20 19 7
14709 19 18 4
14710 24 23 5
14711 15 15 5
14712 11 11 5
14713 9 8 4
14714 14 13 5
14715 17 16 6
14716 16 16 6
14717 16 16 6
14718 10 10 4
14719 20 19 5
14720 13 13 5
14721 15 14 6
14722 10 10 6
14723 14 14 6
14724 16 16 6
14725 14 13 5
14726 9 9 5
14727 21 20 6
14728 20 20 8
14729 12 12 4
14730 22 21 7
14731 19 18 6
14732 28 27 5
14733 7 7 7
14734 8 8 4
14735 14 13 5
14736 15 14 6
14737 8 8 4
14738 16 15 5
14739 9 9 5
14740 13 12 6
14741 6 6 6
14742 13 13 5
14743 15 15 7
14744 25 24 6
14745 8 8 4
14746 18 17 5
14747 13 13 7
14748 9 9 5
14749 13 12 4
14750 14 13 5
14751 9 8 4
14752 20 19 7
14753 15 14 4
14754 14 13 5
14755 11 10 6
14756 20 20 4
14757 14 13 5
14758 19 18 6
14759 12 12 4
14760 16 15 5
14761 11 10 4
14762 12 11 5
14763 15 14 6
14764 16 16 6
14765 14 13 5
14766 13 13 5
14767 17 16 6
14768 12 12 4
14769 20 19 5
14770 17 17 5
14771 9 8 4
14772 14 13 7
14773 29 28 4
14774 16 15 5
14775 13 12 4
14776 20 19 5
14777 13 13 5
14778 13 12 4
14779 14 13 5
14780 13 12 4
14781 16 15 5
14782 11 11 5
14783 21 20 6
14784 16 16 6
14785 14 14 6
14786 12 12 4
14787 14 13 5
14788 13 13 5
14789 25 24 4
14790 18 17 5
14791 15 14 6
14792 16 15 5
14793 19 18 4
14794 16 15 5
14795 15 14 6
14796 14 14 4
14797 16 15 5
14798 19 19 7
14799 11 10 4
14800 12 11 5
14801 17 16 6
14802 16 15 5
14803 17 16 6
14804 12 12 6
14805 16 16 4
14806 6 5 4
14807 14 13 5
14808 17 16 6
14809 20 19 7
14810 17 16 6
14811 36 36 4
14812 24 23 7
14813 17 17 5
14814 25 24 6
14815 22 22 4
14816 30 29 5
14817 33 33 5
14818 31 30 4
14819 26 25 5
14820 37 36 8
14821 36 35 9
14822 33 32 4
14823 22 21 5
14824 27 27 7
14825 31 30 4
14826 22 21 5
14827 33 33 5
14828 41 41 9
14829 45 44 8
14830 26 26 6
14831 32 32 8
14832 18 18 4
14833 36 35 5
14834 33 33 5
14835 21 21 5
14836 35 34 6
14837 26 25 5
14838 23 22 4
14839 20 19 7
14840 21 20 6
14841 26 26 6
14842 26 26 6
14843 26 25 7
14844 15 15 5
14845 17 16 4
14846 24 23 5
14847 25 25 5
14848 37 36 8
14849 32 31 5
14850 17 17 5
14851 23 23 5
14852 31 31 7
14853 45 44 8
14854 22 22 6
14855 22 22 6
14856 22 21 5
14857 21 21 5
14858 19 18 4
14859 20 19 5
14860 19 19 5
14861 21 20 4
14862 30 29 5
14863 27 26 6
14864 32 31 7
14865 23 22 6
14866 28 28 6
14867 16 16 6
14868 18 17 5
14869 27 27 5
14870 13 13 5
14871 23 23 5
14872 23 23 5
14873 15 14 4
14874 22 21 7
14875 11 10 6
14876 18 18 4
14877 16 15 5
14878 19 18 6
14879 10 10 4
14880 28 27 7
14881 23 22 8
14882 14 14 4
14883 22 21 5
14884 15 14 6
14885 20 20 4
14886 22 21 5
14887 25 25 7
14888 33 32 4
14889 18 17 5
14890 25 25 7
14891 29 28 6
14892 18 18 6
14893 16 15 5
14894 35 34 10
14895 18 18 4
14896 26 25 7
14897 17 16 4
14898 18 17 5
14899 29 28 8
14900 26 26 6
14901 20 20 6
14902 18 18 6
14903 12 12 6
14904 16 16 6
14905 28 28 6
14906 26 26 6
14907 22 22 4
14908 14 13 5
14909 19 18 8
14910 32 32 6
14911 12 12 4
14912 16 15 5
14913 23 22 4
14914 18 17 5
14915 19 18 4
14916 14 13 5
14917 23 22 6
14918 22 21 5
14919 23 22 6
14920 24 24 4
14921 16 15 5
14922 33 32 4
14923 36 35 7
14924 13 12 4
14925 18 17 5
14926 21 20 6
14927 22 22 4
14928 28 27 7
14929 23 22 4
14930 24 23 5
14931 17 17 5
14932 21 21 5
14933 17 16 6
14934 26 26 4
14935 18 17 5
14936 23 23 5
14937 21 21 7
14938 29 29 5
14939 19 18 4
14940 22 21 5
14941 31 30 6
14942 16 15 5
14943 21 20 6
14944 14 14 4
14945 12 11 5
14946 23 22 6
14947 20 19 5
14948 23 23 7
14949 23 22 6
14950 8 8 4
14951 10 9 5
14952 15 15 5
14953 21 20 6
14954 8 8 4
14955 16 15 5
14956 17 17 7
14957 11 10 4
14958 14 13 5
14959 11 11 5
14960 21 20 8
14961 14 14 4
14962 22 21 7
14963 17 16 6
14964 12 12 4
14965 10 9 5
14966 21 21 5
14967 23 23 7
14968 21 20 4
14969 12 11 5
14970 17 17 7
14971 19 18 6
14972 14 13 5
14973 19 18 4
14974 14 13 5
14975 13 12 4
14976 12 11 5
14977 17 17 5
14978 15 15 7
14979 9 8 4
14980 18 17 7
14981 13 12 4
14982 14 13 5
14983 11 10 4
14984 12 11 5
14985 17 16 6
14986 10 10 6
14987 18 18 4
14988 10 9 5
14989 13 12 6
14990 16 15 5
14991 15 14 4
14992 16 15 5
14993 17 17 5
14994 13 13 5
14995 13 12 4
14996 20 19 7
14997 11 11 5
14998 15 14 6
14999 22 22 6
15000 12 11 5
15001 11 10 6
15002 16 16 6
15003 16 15 5
15004 9 8 4
15005 24 23 7
15006 17 16 4
15007 24 23 9
15008 13 12 4
15009 16 15 5
15010 19 18 8
15011 10 10 4
15012 18 17 5
15013 17 17 5
15014 13 12 6
15015 14 14 6
15016 18 17 5
15017 13 13 7
15018 9 8 4
15019 14 13 5
15020 13 12 4
15021 12 11 5
15022 15 15 5
15023 17 16 6
15024 14 14 6
15025 12 12 6
15026 14 14 6
15027 8 8 4
15028 16 15 5
15029 9 9 5
15030 17 16 6
15031 18 18 6
15032 16 15 5
15033 15 14 4
15034 10 9 5
15035 11 10 4
15036 16 15 7
15037 19 18 6
15038 12 12 4
15039 22 21 5
15040 15 15 5
15041 13 12 6
15042 14 14 6
15043 14 13 5
15044 9 9 5
15045 17 16 6
15046 14 14 6
15047 12 12 4
15048 24 23 5
15049 15 15 5
15050 15 14 4
15051 12 11 7
15052 11 10 6
15053 10 10 4
15054 12 11 5
15055 13 13 5
15056 17 16 8
15057 14 14 4
15058 18 17 5
15059 15 15 5
15060 15 15 5
15061 13 13 5
15062 9 9 5
15063 11 10 4
15064 14 13 7
15065 13 12 4
15066 22 21 5
15067 13 12 8
15068 16 16 4
15069 24 23 5
15070 15 15 5
15071 9 9 5
15072 17 16 6
15073 8 8 4
15074 16 15 5
15075 9 8 4
15076 22 21 7
15077 11 10 4
15078 18 17 5
15079 15 14 6
15080 10 10 6
15081 12 12 6
15082 10 10 6
15083 12 12 4
15084 16 15 5
15085 9 9 5
15086 9 9 5
15087 15 14 4
15088 16 15 5
15089 17 17 5
15090 15 14 6
15091 20 20 6
15092 16 16 6
15093 20 19 5
15094 15 15 5
15095 15 15 5
15096 21 21 7
15097 23 22 6
15098 14 14 6
15099 16 16 4
15100 10 9 5
15101 23 22 6
15102 18 18 6
15103 16 16 6
15104 18 18 4
15105 16 15 5
15106 27 27 7
15107 21 21 5
15108 21 20 4
15109 22 21 5
15110 25 24 8
15111 6 6 6
15112 13 12 4
15113 18 17 7
15114 29 28 6
15115 24 23 5
15116 17 16 4
15117 22 21 5
15118 9 9 5
15119 17 16 6
15120 16 16 6
15121 24 24 6
15122 14 14 4
15123 18 17 5
15124 15 15 5
15125 13 12 4
15126 20 19 5
15127 15 15 5
15128 19 18 6
15129 18 18 6
15130 22 22 6
15131 28 27 7
15132 19 18 6
15133 14 14 4
15134 18 17 5
15135 15 14 6
15136 24 24 6
15137 20 20 6
15138 12 12 6
15139 12 11 5
15140 23 22 6
15141 22 22 6
15142 10 10 4
15143 14 13 5
15144 15 14 6
15145 22 21 5
15146 17 17 5
15147 17 16 6
15148 20 19 5
15149 13 13 5
15150 19 18 4
15151 20 19 5
15152 15 14 4
15153 32 31 5
15154 29 28 6
15155 18 18 4
15156 16 15 5
15157 21 20 6
15158 18 18 4
15159 20 19 5
15160 39 38 6
15161 34 33 5
15162 31 30 6
15163 22 21 5
15164 23 23 5
15165 23 22 6
15166 36 35 5
15167 23 22 4
15168 30 29 11
15169 43 42 6
15170 30 30 4
15171 32 31 5
15172 27 27 5
15173 19 19 5
15174 37 37 7
15175 19 19 5
15176 39 38 6
15177 28 27 7
15178 29 29 7
15179 35 35 5
15180 35 35 9
15181 31 31 9
15182 31 30 10
15183 24 24 6
15184 30 29 7
15185 27 26 4
15186 18 17 5
15187 45 45 11
15188 41 40 6
15189 38 38 8
15190 26 26 6
15191 40 40 8
15192 32 31 7
15193 25 24 4
15194 34 33 5
15195 17 16 4
15196 28 27 5
15197 37 36 10
15198 30 30 8
15199 14 14 6
15200 30 30 6
15201 36 35 7
15202 33 32 8
15203 16 16 4
15204 16 15 5
15205 33 32 8
15206 22 22 4
15207 42 41 11
15208 17 17 5
15209 23 22 6
15210 32 32 6
15211 28 27 9
15212 25 24 8
15213 24 23 5
15214 21 20 4
15215 36 35 9
15216 17 16 4
15217 36 35 5
15218 31 31 7
15219 13 12 4
15220 26 25 9
15221 21 20 6
15222 26 26 6
15223 26 25 7
15224 27 27 7
15225 31 31 7
15226 25 25 5
15227 23 23 5
15228 19 18 6
15229 32 31 7
15230 19 18 4
15231 26 25 7
15232 21 21 5
15233 37 37 7
15234 19 18 6
15235 36 36 10
15236 20 20 6
15237 20 19 5
15238 23 23 7
15239 29 28 6
15240 36 35 9
15241 15 15 5
15242 23 23 7
15243 29 28 8
15244 30 29 9
15245 29 29 9
15246 37 36 12
15247 24 24 6
15248 26 26 6
15249 34 33 5
15250 17 17 5
15251 19 19 7
15252 17 16 4
15253 22 21 5
15254 27 26 10
15255 30 30 6
15256 20 20 6
15257 14 14 4
15258 26 25 7
15259 35 34 6
15260 20 20 6
15261 22 22 4
15262 24 23 5
15263 25 24 6
15264 18 18 6
15265 22 22 6
15266 38 37 7
15267 19 18 4
15268 24 23 5
15269 17 16 4
15270 16 15 5
15271 21 20 4
15272 14 13 5
15273 35 34 8
15274 36 36 6
15275 20 20 4
15276 20 19 7
15277 21 21 5
15278 31 31 9
15279 17 17 5
15280 23 22 4
15281 14 13 5
15282 23 22 4
15283 38 37 5
15284 19 19 5
15285 21 21 5
15286 15 15 7
15287 25 24 6
15288 22 22 4
15289 26 25 5
15290 19 19 5
15291 31 31 5
15292 27 27 5
15293 17 17 5
15294 33 32 6
15295 18 18 6
15296 14 13 5
15297 23 22 6
15298 32 32 6
15299 14 13 5
15300 25 24 4
15301 18 17 5
15302 15 15 7
15303 15 14 6
15304 20 20 8
15305 26 26 4
15306 26 25 5
15307 21 20 4
15308 30 29 5
15309 27 26 6
15310 30 29 5
15311 21 21 5
15312 19 18 6
15313 24 23 5
15314 41 41 7
15315 21 20 6
15316 28 28 4
15317 18 17 5
15318 21 21 5
15319 15 14 4
15320 14 13 5
15321 21 21 5
15322 17 16 6
15323 26 26 6
15324 24 24 4
15325 18 17 5
15326 17 17 5
15327 15 15 5
15328 13 12 4
15329 16 15 5
15330 23 22 6
15331 16 16 4
15332 20 19 5
15333 19 18 6
15334 18 18 4
15335 16 15 5
15336 15 14 6
15337 16 16 6
15338 20 19 5
15339 19 19 5
15340 11 11 5
15341 15 14 4
15342 14 13 5
15343 15 14 6
15344 20 20 4
15345 18 17 7
15346 15 15 5
15347 21 21 5
15348 21 20 4
15349 24 23 7
15350 17 16 6
15351 10 10 4
15352 22 21 5
15353 17 17 5
15354 19 19 5
15355 31 30 6
15356 16 15 5
15357 23 22 6
15358 20 19 7
15359 19 18 4
15360 22 21 5
15361 21 21 7
15362 15 14 4
15363 18 17 5
15364 17 16 6
15365 8 8 4
15366 16 15 5
15367 19 18 4
15368 18 17 5
15369 15 14 6
15370 20 20 4
15371 20 19 5
15372 21 21 5
15373 37 37 7
15374 21 20 6
15375 26 26 8
15376 18 18 6
15377 18 18 4
15378 20 19 5
15379 21 20 6
15380 30 30 6
15381 20 19 5
15382 23 22 6
15383 18 17 5
15384 23 22 4
15385 16 15 5
15386 31 30 8
15387 24 24 4
15388 22 21 5
15389 29 29 7
15390 25 24 8
15391 10 10 4
15392 20 19 5
15393 31 30 6
15394 28 28 6
15395 26 25 5
15396 25 24 4
15397 20 19 5
15398 27 26 8
15399 10 10 4
15400 36 35 7
15401 25 24 6
15402 12 12 4
15403 16 15 5
15404 15 14 6
15405 14 14 6
15406 12 12 4
15407 16 15 7
15408 19 18 6
15409 16 15 5
15410 29 29 5
15411 21 20 6
15412 26 26 4
15413 24 23 5
15414 25 25 5
15415 13 13 5
15416 15 14 4
15417 20 19 5
15418 17 17 5
15419 19 18 4
15420 22 21 5
15421 11 11 5
15422 25 25 7
15423 27 26 6
15424 14 14 6
15425 12 12 4
15426 30 29 5
15427 15 15 5
15428 15 15 5
15429 13 13 5
15430 19 19 5
15431 15 14 4
15432 12 11 5
15433 19 18 6
15434 14 14 4
15435 14 13 5
15436 11 10 4
15437 20 19 7
15438 21 20 4
15439 34 33 5
15440 13 13 5
15441 25 24 6
15442 20 19 7
15443 17 17 5
15444 29 28 6
15445 20 20 6
15446 24 24 4
15447 20 19 5
15448 21 21 5
15449 15 15 5
15450 21 20 6
15451 28 28 6
15452 18 18 4
15453 14 13 5
15454 13 12 6
15455 14 14 6
15456 10 10 4
15457 20 19 5
15458 15 15 5
15459 23 22 4
15460 14 13 5
15461 9 8 4
15462 22 21 7
15463 11 10 6
15464 16 16 4
15465 16 15 7
15466 23 22 6
15467 16 16 4
15468 20 19 5
15469 11 10 4
15470 18 17 7
15471 11 10 4
15472 16 15 5
15473 19 18 6
15474 10 10 4
15475 18 17 7
15476 9 8 4
15477 14 13 5
15478 13 12 4
15479 14 13 5
15480 13 12 6
15481 10 10 4
15482 6 5 4
15483 16 15 7
15484 19 18 4
15485 14 13 5
15486 17 17 5
15487 21 21 5
15488 17 17 5
15489 17 16 4
15490 12 11 5
15491 29 28 6
15492 18 18 6
15493 10 10 4
15494 18 17 5
15495 17 16 6
15496 16 16 6
15497 8 8 4
15498 18 17 5
15499 19 19 5
15500 21 20 6
15501 12 12 4
15502 10 9 5
15503 11 10 6
15504 20 20 6
15505 18 18 6
15506 14 14 6
15507 16 16 4
15508 20 19 5
15509 7 7 7
15510 10 10 4
15511 12 11 5
15512 17 16 6
15513 14 14 4
15514 20 19 5
15515 23 22 6
15516 16 16 4
15517 12 11 5
15518 9 9 5
15519 13 12 4
15520 28 27 5
15521 21 21 5
15522 11 11 5
15523 13 13 5
15524 15 14 4
15525 12 11 5
15526 21 20 6
15527 14 14 4
15528 12 11 5
15529 13 12 4
15530 20 19 5
15531 11 11 5
15532 17 16 4
15533 18 17 5
15534 13 12 6
15535 10 10 4
15536 12 11 5
15537 9 9 5
15538 15 14 4
15539 10 9 5
15540 13 12 4
15541 12 11 5
15542 11 10 4
15543 18 17 7
15544 7 7 7
15545 8 8 4
15546 14 13 5
15547 15 15 5
15548 17 17 5
15549 19 18 4
15550 18 17 5
15551 23 22 6
15552 18 18 6
15553 24 24 6
15554 36 36 6
15555 34 34 6
15556 34 34 8
15557 20 20 6
15558 22 22 6
15559 18 17 5
15560 17 16 6
15561 20 20 6
15562 16 16 4
15563 14 13 5
15564 23 23 5
15565 19 19 5
15566 27 27 7
15567 17 16 4
15568 16 15 5
15569 27 26 6
15570 38 38 8
15571 18 18 4
15572 24 23 5
15573 21 20 4
15574 20 19 7
15575 13 12 6
15576 14 14 4
15577 28 27 5
15578 21 21 5
15579 19 19 5
15580 19 18 6
15581 20 20 6
15582 22 22 6
15583 32 32 6
15584 14 13 5
15585 19 18 6
15586 34 34 6
15587 34 33 5
15588 29 28 4
15589 20 19 5
15590 27 26 6
15591 50 49 7
15592 19 18 4
15593 14 13 5
15594 15 14 4
15595 22 21 7
15596 35 34 6
15597 18 17 5
15598 25 25 7
15599 23 22 6
15600 38 37 9
15601 33 33 7
15602 47 46 8
15603 32 31 9
15604 39 38 6
15605 36 36 10
15606 32 32 6
15607 30 30 6
15608 22 22 6
15609 44 44 10
15610 14 14 6
15611 28 28 8
15612 32 32 6
15613 40 39 7
15614 21 21 7
15615 35 34 6
15616 40 40 8
15617 24 23 5
15618 37 37 5
15619 27 27 5
15620 27 26 6
15621 28 28 8
15622 36 35 9
15623 39 38 8
15624 30 29 11
15625 33 32 8
15626 38 38 10
15627 32 31 7
15628 47 47 13
15629 27 26 6
15630 32 31 9
15631 35 34 10
15632 34 34 8
15633 36 36 10
15634 44 44 16
15635 38 38 10
15636 40 40 8
15637 22 21 5
15638 29 29 7
15639 47 46 10
15640 18 18 4
15641 30 29 9
15642 27 26 8
15643 18 18 4
15644 28 27 5
15645 43 42 6
15646 36 35 7
15647 23 22 4
15648 42 41 7
15649 27 26 8
15650 26 26 8
15651 38 37 9
15652 33 32 8
15653 30 30 10
15654 36 36 4
15655 40 39 7
15656 23 23 5
15657 43 43 9
15658 45 44 8
15659 28 27 5
15660 39 39 9
15661 31 31 7
15662 25 25 5
15663 21 21 5
15664 35 35 9
15665 31 31 9
15666 25 24 4
15667 36 35 9
15668 35 34 12
15669 40 40 8
15670 38 38 8
15671 28 28 6
15672 34 34 6
15673 18 17 7
15674 39 38 6
15675 36 35 7
15676 23 23 7
15677 31 31 5
15678 33 33 9
15679 45 44 8
15680 34 33 7
15681 27 26 4
15682 26 25 7
15683 33 33 7
15684 21 21 5
15685 21 20 6
15686 34 34 8
15687 24 24 6
15688 22 22 4
15689 26 25 7
15690 27 27 7
15691 43 42 6
15692 26 26 8
15693 26 26 4
15694 20 19 5
15695 41 40 10
15696 28 28 6
15697 22 21 7
15698 17 16 4
15699 26 25 5
15700 25 24 6
15701 26 25 5
15702 27 27 7
15703 21 21 5
15704 25 25 5
15705 13 13 5
15706 29 29 5
15707 21 21 5
15708 27 26 6
15709 20 20 4
15710 14 13 5
15711 15 14 6
15712 16 16 6
15713 18 17 5
15714 25 24 6
15715 20 19 5
15716 9 8 4
15717 10 9 5
15718 17 16 4
15719 16 15 5
15720 15 14 6
15721 12 12 4
15722 10 9 5
15723 9 8 4
15724 20 19 7
15725 17 16 6
15726 16 16 6
15727 24 24 6
15728 14 13 5
15729 17 16 6
15730 10 10 6
15731 20 20 4
15732 14 13 5
15733 15 15 5
15734 17 16 6
15735 18 17 7
15736 15 14 6
15737 6 6 6
15738 9 8 4
15739 18 17 5
15740 15 15 5
15741 29 29 7
15742 23 23 5
15743 15 15 5
15744 5 5 5
15745 16 15 5
15746 15 14 4
15747 12 11 5
15748 13 13 7
15749 7 6 5
15750 15 15 5
15751 29 29 5
15752 13 12 6
15753 16 16 6
15754 16 16 4
15755 10 9 5
15756 11 10 4
15757 12 11 5
15758 23 23 7
15759 13 12 4
15760 16 15 5
15761 13 12 4
15762 22 21 7
15763 9 8 4
15764 10 9 5
15765 11 11 5
15766 9 8 4
15767 20 19 7
15768 9 9 5
15769 15 14 4
15770 18 17 5
15771 21 21 5
15772 21 20 6
15773 14 14 4
15774 18 17 5
15775 15 15 7
15776 19 18 6
15777 14 14 6
15778 12 12 4
15779 16 15 5
15780 13 13 5
15781 21 20 6
15782 16 16 4
15783 18 17 5
15784 29 28 8
15785 22 21 5
15786 17 16 4
15787 16 15 7
15788 19 18 6
15789 10 9 5
15790 21 21 5
15791 21 21 5
15792 17 16 6
15793 18 17 5
15794 21 20 6
15795 12 11 5
15796 9 9 5
15797 25 24 8
15798 10 9 5
15799 23 22 6
15800 18 17 5
15801 23 22 6
15802 22 22 6
15803 14 13 5
15804 13 12 4
15805 12 11 5
15806 13 12 4
15807 14 13 5
15808 17 16 8
15809 12 12 4
15810 14 13 5
15811 27 26 8
15812 16 16 6
15813 12 12 6
15814 12 12 4
15815 26 25 7
15816 17 16 4
15817 18 17 5
15818 13 13 5
15819 21 20 6
15820 16 16 6
15821 14 14 6
15822 12 12 4
15823 16 15 5
15824 21 20 6
15825 16 15 5
15826 21 21 7
15827 13 12 4
15828 18 17 5
15829 19 18 4
15830 20 19 5
15831 13 13 5
15832 9 8 4
15833 16 15 5
15834 27 26 8
15835 16 15 5
15836 11 10 4
15837 12 11 5
15838 23 22 6
15839 10 10 4
15840 10 9 5
15841 11 10 6
15842 6 6 6
15843 11 10 4
15844 18 17 5
15845 25 25 7
15846 9 9 5
15847 7 6 5
15848 15 14 6
15849 12 12 4
15850 16 15 7
15851 17 16 4
15852 18 17 5
15853 15 14 6
15854 30 29 5
15855 23 22 4
15856 22 21 5
15857 19 18 6
15858 18 18 6
15859 6 6 6
15860 15 14 4
15861 6 5 4
15862 10 9 5
15863 13 12 4
15864 12 11 5
15865 13 13 5
15866 11 11 5
15867 9 8 4
15868 10 9 5
15869 15 14 6
15870 8 8 4
15871 10 9 5
15872 13 12 4
15873 12 11 7
15874 13 13 5
15875 17 17 5
15876 9 8 4
15877 12 11 5
15878 15 15 5
15879 13 13 5
15880 17 17 5
15881 15 14 4
15882 14 13 5
15883 11 10 6
15884 12 11 5
15885 17 16 6
15886 10 10 6
15887 10 9 5
15888 9 9 5
15889 17 16 6
15890 12 12 6
15891 12 12 4
15892 10 9 5
15893 9 8 4
15894 16 15 7
15895 13 12 4
15896 14 13 5
15897 13 13 5
15898 15 15 5
15899 5 5 5
15900 14 13 5
15901 15 15 5
15902 15 14 8
15903 16 16 6
15904 8 8 4
15905 24 23 9
15906 15 14 4
15907 16 15 5
15908 13 13 5
15909 15 15 7
15910 9 8 4
15911 6 5 4
15912 20 19 5
15913 23 22 6
15914 16 16 4
15915 14 13 5
15916 17 17 7
15917 9 8 4
15918 12 11 5
15919 13 12 4
15920 18 17 5
15921 17 17 5
15922 19 18 6
15923 14 13 5
15924 15 15 5
15925 17 16 6
15926 22 21 5
15927 13 12 4
15928 14 13 5
15929 11 11 5
15930 13 12 4
15931 10 9 5
15932 21 20 6
15933 12 12 6
15934 12 12 6
15935 8 8 4
15936 10 9 5
15937 13 13 5
15938 17 16 6
15939 14 14 6
15940 10 10 6
15941 10 10 6
15942 16 16 4
15943 10 9 5
15944 17 16 6
15945 16 16 6
15946 12 12 6
15947 16 16 6
15948 14 14 6
15949 18 18 6
15950 18 18 4
15951 16 15 5
15952 11 11 5
15953 11 10 6
15954 18 18 6
15955 14 13 5
15956 9 9 5
15957 15 14 6
15958 8 7 6
15959 8 8 4
15960 18 17 5
15961 15 15 5
15962 11 10 4
15963 10 9 5
15964 21 20 8
15965 16 16 4
15966 12 11 5
15967 17 16 6
15968 16 16 6
15969 22 22 6
15970 8 8 4
15971 16 15 5
15972 13 12 4
15973 18 17 5
15974 27 26 4
15975 14 13 7
15976 13 12 4
15977 12 11 5
15978 13 12 4
15979 20 19 5
15980 17 16 6
15981 18 18 6
15982 28 27 5
15983 21 21 5
15984 23 23 5
15985 23 23 5
15986 27 26 4
15987 32 31 5
15988 35 35 5
15989 31 30 6
15990 24 24 6
15991 32 32 6
15992 28 27 5
15993 35 34 8
15994 40 40 4
15995 34 33 7
15996 41 41 5
15997 35 34 4
15998 24 23 5
15999 39 38 6
16000 30 30 4
16001 22 21 5
16002 25 25 5
16003 29 29 7
16004 35 34 4
16005 30 29 7
16006 35 34 6
16007 42 42 6
16008 16 16 4
16009 18 17 5
16010 43 42 8
16011 32 31 5
16012 31 30 8
16013 28 28 6
16014 26 25 7
16015 35 35 9
16016 39 38 10
16017 32 31 7
16018 21 20 6
16019 34 33 13
16020 23 23 5
16021 23 23 9
16022 31 31 7
16023 17 17 5
16024 31 31 7
16025 35 34 6
16026 16 15 5
16027 17 16 4
16028 48 47 7
16029 35 34 10
16030 34 33 9
16031 23 22 6
16032 32 31 5
16033 21 21 7
16034 47 46 12
16035 34 33 7
16036 23 22 8
16037 18 17 5
16038 23 22 6
16039 28 27 7
16040 17 17 5
16041 31 31 9
16042 23 22 6
16043 20 19 5
16044 23 22 6
16045 28 28 8
16046 32 31 5
16047 27 26 6
16048 20 19 5
16049 19 18 4
16050 16 15 5
16051 17 17 5
16052 27 27 7
16053 21 20 4
16054 20 19 5
16055 31 30 6
16056 20 20 8
16057 12 12 4
16058 18 17 5
16059 27 26 6
16060 18 18 4
16061 14 13 5
16062 17 16 6
16063 14 14 6
16064 16 16 4
16065 24 23 5
16066 17 17 7
16067 23 22 4
16068 18 17 5
16069 17 17 5
16070 23 22 4
16071 18 17 5
16072 31 31 5
16073 21 21 5
16074 23 23 5
16075 23 23 5
16076 13 13 5
16077 15 15 5
16078 13 13 5
16079 21 21 5
16080 17 17 5
16081 17 16 6
16082 16 16 6
16083 32 32 6
16084 10 10 4
16085 24 23 7
16086 25 25 5
16087 17 17 5
16088 17 16 4
16089 20 19 7
16090 21 20 6
16091 10 10 4
16092 20 19 5
16093 21 20 6
16094 38 37 7
16095 13 12 4
16096 14 13 5
16097 21 20 6
16098 22 21 7
16099 33 32 10
16100 10 10 4
16101 20 19 5
16102 15 14 4
16103 26 25 7
16104 15 14 4
16105 22 21 5
16106 19 19 7
16107 11 11 5
16108 19 19 7
16109 23 22 8
16110 14 14 6
16111 26 26 6
16112 8 8 4
16113 18 17 5
16114 23 22 4
16115 18 17 7
16116 11 10 4
16117 22 21 7
16118 19 18 6
16119 18 18 6
16120 14 14 4
16121 14 13 5
16122 15 14 4
16123 16 15 5
16124 15 15 5
16125 15 15 5
16126 11 10 4
16127 14 13 7
16128 17 16 6
16129 16 16 6
16130 12 12 4
16131 16 15 5
16132 17 16 6
16133 28 28 8
16134 20 20 4
16135 18 17 5
16136 13 13 5
16137 13 13 5
16138 17 16 4
16139 28 27 5
16140 15 14 6
16141 12 12 6
16142 18 18 4
16143 12 11 5
16144 13 12 4
16145 16 15 7
16146 11 10 4
16147 12 11 5
16148 15 14 6
16149 10 10 4
16150 16 15 5
16151 21 20 4
16152 6 5 4
16153 16 15 7
16154 15 15 5
16155 7 6 5
16156 7 6 5
16157 17 16 8
16158 18 18 6
16159 16 16 6
16160 6 5 4
16161 10 9 5
16162 13 13 5
16163 5 5 5
16164 12 11 5
16165 11 11 5
16166 15 14 8
16167 16 16 6
16168 6 6 6
16169 19 18 6
16170 16 16 4
16171 30 29 7
16172 11 10 4
16173 14 13 5
16174 11 10 4
16175 14 13 5
16176 9 9 5
16177 13 13 5
16178 15 15 7
16179 17 16 6
16180 6 5 4
16181 14 13 5
16182 15 15 5
16183 7 7 7
16184 8 8 4
16185 10 9 5
16186 13 12 6
16187 18 18 6
16188 8 8 4
16189 12 11 5
16190 13 13 5
16191 13 12 6
16192 8 8 4
16193 20 19 9
16194 11 10 4
16195 12 11 5
16196 11 11 5
16197 15 14 4
16198 6 5 4
16199 6 5 4
16200 18 17 7
16201 13 12 6
16202 6 6 6
16203 15 14 8
16204 6 6 6
16205 7 6 5
16206 21 20 8
16207 12 12 4
16208 6 5 4
16209 16 15 5
16210 7 6 5
16211 15 14 4
16212 10 9 5
16213 9 9 5
16214 15 14 6
16215 14 14 4
16216 14 13 5
16217 23 22 4
16218 18 17 7
16219 15 14 4
16220 6 5 4
16221 6 5 4
16222 12 11 5
16223 17 17 5
16224 19 19 7
16225 13 12 4
16226 16 15 5
16227 15 14 4
16228 14 13 5
16229 9 8 4
16230 14 13 5
16231 17 16 4
16232 14 13 5
16233 11 11 5
16234 11 10 4
16235 18 17 5
16236 11 11 5
16237 7 6 5
16238 9 8 4
16239 12 11 7
16240 11 10 4
16241 12 11 5
16242 17 16 6
16243 14 13 5
16244 13 12 6
16245 16 15 5
16246 9 8 4
16247 12 11 5
16248 15 15 5
16249 13 13 5
16250 13 12 6
16251 14 14 6
16252 8 8 4
16253 12 11 5
16254 11 11 5
16255 17 16 6
16256 10 10 6
16257 12 12 4
16258 20 19 5
16259 19 18 6
16260 12 12 4
16261 10 9 5
16262 9 8 4
16263 20 19 7
16264 15 14 6
16265 12 12 6
16266 12 12 6
16267 18 17 5
16268 15 14 6
16269 10 9 5
16270 9 8 4
16271 14 13 5
16272 9 9 5
16273 13 12 4
16274 14 13 5
16275 15 15 5
16276 11 10 6
16277 12 11 5
16278 11 10 6
16279 12 12 6
16280 18 18 4
16281 12 11 5
16282 21 21 5
16283 11 10 4
16284 20 19 5
16285 7 6 5
16286 15 14 6
16287 24 24 4
16288 10 9 5
16289 13 12 4
16290 10 9 5
16291 11 10 6
16292 10 10 4
16293 12 11 5
16294 15 15 7
16295 23 23 5
16296 15 15 5
16297 15 15 5
16298 13 13 5
16299 11 10 4
16300 12 11 5
16301 13 12 4
16302 16 15 5
16303 17 16 6
16304 20 20 4
16305 12 11 5
16306 11 11 5
16307 19 18 6
16308 22 22 6
16309 16 16 6
16310 8 8 4
16311 10 9 5
16312 13 13 5
16313 15 14 4
16314 18 17 7
16315 13 12 4
16316 10 9 5
16317 11 10 4
16318 14 13 7
16319 13 12 4
16320 20 19 5
16321 11 11 5
16322 13 12 4
16323 12 11 5
16324 11 10 6
16325 14 14 4
16326 18 17 7
16327 19 18 4
16328 12 11 5
16329 13 13 5
16330 7 6 5
16331 21 20 6
16332 14 13 5
16333 15 15 5
16334 9 9 5
16335 21 20 4
16336 10 9 5
16337 15 14 4
16338 12 11 5
16339 13 12 4
16340 24 23 5
16341 13 12 6
16342 16 15 5
16343 15 14 4
16344 28 27 5
16345 29 28 6
16346 20 19 5
16347 21 21 5
16348 15 14 6
16349 20 20 6
16350 10 10 4
16351 12 11 5
16352 25 24 4
16353 14 13 5
16354 31 30 6
16355 32 32 6
16356 32 32 4
16357 26 25 7
16358 31 31 7
16359 43 42 6
16360 22 22 4
16361 20 19 5
16362 41 40 10
16363 30 30 6
16364 42 41 5
16365 33 32 6
16366 20 19 5
16367 39 38 8
16368 42 41 11
16369 27 26 4
16370 22 21 5
16371 37 36 8
16372 32 32 8
16373 22 21 5
16374 35 35 7
16375 43 43 7
16376 23 23 5
16377 25 24 8
16378 44 43 9
16379 29 28 6
16380 22 21 5
16381 31 31 7
16382 31 30 8
16383 42 42 8
16384 32 32 6
16385 34 33 7
16386 27 27 7
16387 27 26 8
16388 24 24 6
16389 44 43 7
16390 29 28 6
16391 26 26 8
16392 28 28 6
16393 30 30 4
16394 32 31 5
16395 31 30 6
16396 38 38 8
16397 16 16 4
16398 30 29 5
16399 29 29 7
16400 19 19 5
16401 29 29 7
16402 27 26 4
16403 30 29 5
16404 35 34 8
16405 30 29 7
16406 21 20 6
16407 52 51 9
16408 25 24 4
16409 32 31 5
16410 51 50 6
16411 26 25 5
16412 33 33 5
16413 33 33 7
16414 45 45 5
16415 33 33 7
16416 23 22 4
16417 42 41 9
16418 31 31 5
16419 31 31 5
16420 49 49 9
16421 23 23 5
16422 29 28 4
16423 36 35 9
16424 29 28 4
16425 26 25 7
16426 37 37 5
16427 37 37 7
16428 43 43 13
16429 31 30 10
16430 30 30 8
16431 38 37 9
16432 27 26 4
16433 18 17 5
16434 23 23 5
16435 27 26 4
16436 28 27 5
16437 23 23 7
16438 29 28 6
16439 20 20 6
16440 26 25 5
16441 25 25 5
16442 27 26 8
16443 30 30 6
16444 28 28 4
16445 44 43 7
16446 19 19 5
16447 23 22 6
16448 20 20 6
16449 34 34 6
16450 16 15 5
16451 23 22 6
16452 24 23 7
16453 19 18 4
16454 24 23 5
16455 21 20 6
16456 20 20 6
16457 28 28 6
16458 22 21 5
16459 19 19 5
16460 19 18 4
16461 16 15 5
16462 19 18 6
16463 16 16 4
16464 20 19 5
16465 13 13 5
16466 15 14 4
16467 18 17 5
16468 11 10 4
16469 16 15 5
16470 15 14 4
16471 10 9 5
16472 13 12 4
16473 12 11 5
16474 13 13 5
16475 29 28 8
16476 14 14 6
16477 24 24 6
16478 10 9 5
16479 17 17 5
16480 19 18 8
16481 14 14 4
16482 22 21 5
16483 9 9 5
16484 19 18 4
16485 16 15 5
16486 17 17 7
16487 15 14 4
16488 12 11 5
16489 13 12 6
16490 12 11 5
16491 13 12 6
16492 12 12 4
16493 16 15 7
16494 13 12 6
16495 10 10 4
16496 14 13 5
16497 13 12 4
16498 8 7 6
16499 24 24 8
16500 20 20 6
16501 8 8 4
16502 14 13 5
16503 31 31 7
16504 19 19 5
16505 21 21 5
16506 7 6 5
16507 13 12 6
16508 10 9 5
16509 9 8 4
16510 10 9 5
16511 13 12 6
16512 18 17 5
16513 21 21 5
16514 17 16 6
16515 12 11 5
16516 11 10 4
16517 10 9 5
16518 13 12 4
16519 12 11 5
16520 11 11 5
16521 21 20 6
16522 10 10 6
16523 12 11 5
16524 17 17 7
16525 19 18 6
16526 14 13 5
16527 21 20 6
16528 8 8 4
16529 8 7 6
16530 14 14 6
16531 10 10 4
16532 6 5 4
16533 12 11 5
16534 13 13 5
16535 9 9 5
16536 11 10 6
16537 14 14 6
16538 16 16 6
16539 12 11 5
16540 11 11 5
16541 9 8 4
16542 16 15 5
16543 9 8 4
16544 12 11 7
16545 13 12 6
16546 12 12 6
16547 8 8 4
16548 14 13 5
16549 13 12 6
16550 20 19 5
16551 13 12 6
16552 16 15 5
16553 9 9 5
16554 9 8 4
16555 18 17 7
16556 11 10 4
16557 18 17 5
16558 17 16 6
16559 12 12 6
16560 12 12 6
16561 16 16 6
16562 16 16 6
16563 6 6 6
16564 13 13 5
16565 11 10 6
16566 12 11 5
16567 11 11 5
16568 31 30 8
16569 20 20 6
16570 16 16 6
16571 32 32 6
16572 20 20 4
16573 20 19 5
16574 11 10 6
16575 18 18 4
16576 12 11 5
16577 11 10 6
16578 10 9 5
16579 11 10 6
16580 6 6 6
16581 13 12 4
16582 14 13 5
16583 9 9 5
16584 9 9 5
16585 13 12 6
16586 14 13 7
16587 19 18 6
16588 8 8 4
16589 16 15 5
16590 19 18 6
16591 6 6 6
16592 15 14 6
16593 18 17 5
16594 17 17 5
16595 11 11 7
16596 21 20 6
16597 18 18 6
16598 10 9 5
16599 9 8 4
16600 10 9 5
16601 7 6 5
16602 7 6 5
16603 13 12 6
16604 16 16 8
16605 12 12 6
16606 10 10 6
16607 10 10 4
16608 6 5 4
16609 10 9 5
16610 15 14 6
16611 12 12 4
16612 12 11 7
16613 7 6 5
16614 11 10 4
16615 20 19 7
16616 13 12 4
16617 20 19 5
16618 19 19 7
16619 13 12 6
16620 14 14 4
16621 14 13 5
16622 11 11 5
16623 9 8 4
16624 6 5 4
16625 14 13 5
16626 11 10 6
16627 18 17 5
16628 13 12 6
16629 16 15 7
16630 11 10 4
16631 6 5 4
16632 8 7 6
16633 20 20 6
16634 22 21 5
16635 13 13 5
16636 17 16 6
16637 14 14 6
16638 14 13 5
16639 15 15 5
16640 13 12 6
16641 14 14 6
16642 10 10 4
16643 16 15 5
16644 19 18 6
16645 40 39 5
16646 29 29 7
16647 25 25 5
16648 15 14 4
16649 22 21 5
16650 13 13 5
16651 29 28 6
16652 22 21 7
16653 17 16 4
16654 22 21 5
16655 25 24 4
16656 12 11 5
16657 21 20 4
16658 18 17 5
16659 19 19 5
16660 19 19 5
16661 21 20 6
16662 26 26 6
16663 28 28 4
16664 22 21 5
16665 25 24 8
16666 26 26 4
16667 28 27 5
16668 37 36 6
16669 28 28 6
16670 36 36 8
16671 36 36 4
16672 32 31 5
16673 39 39 7
16674 31 31 7
16675 31 30 6
16676 32 31 7
16677 49 48 8
16678 26 26 6
16679 38 37 7
16680 43 42 8
16681 30 29 5
16682 29 29 9
16683 45 44 8
16684 24 23 7
16685 15 14 4
16686 28 27 7
16687 21 21 5
16688 13 12 4
16689 18 17 5
16690 29 29 9
16691 13 13 5
16692 13 12 4
16693 26 25 5
16694 35 35 5
16695 21 21 5
16696 19 19 5
16697 33 33 11
16698 23 22 6
16699 20 20 4
16700 28 27 7
16701 25 24 6
16702 20 20 6
16703 24 23 5
16704 9 9 5
16705 17 16 4
16706 18 17 7
16707 21 20 4
16708 20 19 7
16709 27 26 4
16710 26 25 5
16711 25 25 5
16712 17 16 4
16713 32 31 9
16714 29 28 8
16715 18 17 5
16716 45 44 8
16717 24 23 5
16718 27 27 5
16719 25 25 5
16720 23 23 5
16721 27 27 7
16722 25 25 5
16723 23 23 5
16724 29 29 7
16725 37 36 4
16726 24 23 5
16727 19 19 5
16728 21 20 8
16729 16 15 5
16730 33 32 6
16731 26 26 4
16732 22 21 5
16733 19 19 5
16734 25 25 7
16735 13 13 5
16736 23 22 8
16737 26 25 9
16738 19 18 6
16739 28 28 10
16740 20 20 8
16741 24 24 8
16742 20 20 6
16743 30 30 6
16744 42 41 7
16745 19 18 4
16746 32 31 11
16747 37 36 8
16748 26 25 7
16749 15 14 4
16750 20 19 5
16751 27 26 6
16752 24 23 7
16753 29 29 9
16754 13 13 5
16755 21 20 6
16756 22 22 6
16757 16 16 6
16758 40 39 11
16759 35 34 8
16760 18 17 7
16761 37 36 6
16762 24 23 7
16763 31 30 6
16764 28 27 5
16765 25 25 7
16766 19 19 5
16767 21 20 4
16768 30 29 9
16769 29 28 6
16770 30 30 8
16771 24 24 4
16772 28 27 7
16773 27 26 6
16774 36 36 10
16775 30 30 6
16776 30 29 5
16777 23 22 6
16778 48 48 6
16779 34 33 7
16780 51 51 9
16781 31 31 5
16782 33 33 5
16783 33 32 6
16784 36 36 6
16785 34 34 6
16786 40 40 6
16787 30 30 4
16788 22 21 5
16789 37 37 5
16790 39 39 7
16791 37 36 6
16792 30 30 6
16793 42 41 7
16794 29 29 5
16795 19 19 5
1679