     Internal    Switching      Leakage        Total
        Power        Power        Power        Power (Watts)
----------------------------------------------------
 1.390852e-06 6.414124e-07 4.299075e-10 2.032694e-06 clkbuf_0_clk
 1.370831e-06 3.931180e-07 4.299075e-10 1.764379e-06 clkbuf_1_0__f_clk
 1.364851e-06 2.332206e-07 4.299075e-10 1.598501e-06 clkbuf_1_1__f_clk
 1.524491e-10 4.301951e-10 4.218327e-10 1.004477e-09 clkbuf_0_core_clk
 1.501442e-10 3.045323e-10 4.218327e-10 8.765091e-10 clkbuf_5_4__f_core_clk
 1.498791e-10 2.858811e-10 4.218327e-10 8.575928e-10 clkbuf_5_3__f_core_clk
 1.497907e-10 2.796647e-10 4.218327e-10 8.512880e-10 clkbuf_5_0__f_core_clk
 1.498349e-10 2.753551e-10 4.218327e-10 8.470227e-10 clkbuf_5_25__f_core_clk
 1.499030e-10 2.749370e-10 4.218327e-10 8.466726e-10 clkbuf_5_14__f_core_clk
 1.496935e-10 2.728390e-10 4.218327e-10 8.443651e-10 clkbuf_5_5__f_core_clk
 1.496211e-10 2.677371e-10 4.218327e-10 8.391908e-10 clkbuf_5_2__f_core_clk
 1.496099e-10 2.595133e-10 4.218327e-10 8.309559e-10 clkbuf_5_27__f_core_clk
 1.495820e-10 2.575410e-10 4.218327e-10 8.289556e-10 clkbuf_5_24__f_core_clk
 1.495638e-10 2.562604e-10 4.218327e-10 8.276568e-10 clkbuf_5_28__f_core_clk
 1.493129e-10 2.460658e-10 4.218327e-10 8.172114e-10 clkbuf_5_7__f_core_clk
 1.494685e-10 2.443102e-10 4.218327e-10 8.156114e-10 clkbuf_5_15__f_core_clk
 1.492721e-10 2.431929e-10 4.218327e-10 8.142976e-10 clkbuf_5_1__f_core_clk
 1.492394e-10 2.408936e-10 4.218327e-10 8.119656e-10 clkbuf_5_6__f_core_clk
 1.494302e-10 2.319912e-10 4.218327e-10 8.032541e-10 clkbuf_5_17__f_core_clk
 7.512095e-11 4.326244e-10 2.936097e-10 8.013550e-10 clkbuf_2_0_0_core_clk
 1.491674e-10 2.283486e-10 4.218327e-10 7.993486e-10 clkbuf_5_26__f_core_clk
 1.491577e-10 2.276637e-10 4.218327e-10 7.986541e-10 clkbuf_5_29__f_core_clk
 1.491246e-10 2.253277e-10 4.218327e-10 7.962849e-10 clkbuf_5_30__f_core_clk
 1.491934e-10 2.249122e-10 4.218327e-10 7.959382e-10 clkbuf_5_9__f_core_clk
 1.492779e-10 2.212311e-10 4.218327e-10 7.923416e-10 clkbuf_5_16__f_core_clk
 7.506505e-11 4.170971e-10 2.936097e-10 7.857718e-10 clkbuf_2_3_0_core_clk
 1.489714e-10 2.145415e-10 4.218327e-10 7.853456e-10 clkbuf_5_31__f_core_clk
 1.490141e-10 2.122718e-10 4.218327e-10 7.831186e-10 clkbuf_5_11__f_core_clk
 1.489926e-10 2.107587e-10 4.218327e-10 7.815839e-10 clkbuf_5_12__f_core_clk
 1.490981e-10 2.085307e-10 4.218327e-10 7.794614e-10 clkbuf_5_18__f_core_clk
 1.490730e-10 2.067632e-10 4.218327e-10 7.776688e-10 clkbuf_5_21__f_core_clk
 7.502681e-11 4.063169e-10 2.936097e-10 7.749534e-10 clkbuf_2_1_0_core_clk
 1.490097e-10 2.022919e-10 4.218327e-10 7.731342e-10 clkbuf_5_20__f_core_clk
 1.488545e-10 2.010255e-10 4.218327e-10 7.717126e-10 clkbuf_5_13__f_core_clk
 1.488032e-10 1.974102e-10 4.218327e-10 7.680461e-10 clkbuf_5_8__f_core_clk
 1.488980e-10 1.944028e-10 4.218327e-10 7.651334e-10 clkbuf_5_19__f_core_clk
 1.488554e-10 1.913947e-10 4.218327e-10 7.620827e-10 clkbuf_5_23__f_core_clk
 1.488482e-10 1.908800e-10 4.218327e-10 7.615608e-10 clkbuf_5_22__f_core_clk
 7.495552e-11 3.863231e-10 2.936097e-10 7.548883e-10 clkbuf_2_2_0_core_clk
 1.485457e-10 1.792586e-10 4.218327e-10 7.496370e-10 clkbuf_5_10__f_core_clk
 7.239114e-11 6.026894e-11 2.936097e-10 4.262698e-10 clkbuf_leaf_2_core_clk
 7.238003e-11 5.987382e-11 2.936097e-10 4.258635e-10 clkbuf_leaf_3_core_clk
 7.254006e-11 5.819371e-11 2.936097e-10 4.243434e-10 clkbuf_leaf_223_core_clk
 7.224866e-11 5.465037e-11 2.936097e-10 4.205087e-10 clkbuf_leaf_97_core_clk
 7.241413e-11 5.432054e-11 2.936097e-10 4.203444e-10 clkbuf_leaf_43_core_clk
 7.241346e-11 5.378936e-11 2.936097e-10 4.198125e-10 clkbuf_leaf_224_core_clk
 7.227153e-11 5.308856e-11 2.936097e-10 4.189698e-10 clkbuf_leaf_149_core_clk
 7.226018e-11 5.268880e-11 2.936097e-10 4.185587e-10 clkbuf_leaf_155_core_clk
 7.208834e-11 5.207892e-11 2.936097e-10 4.177770e-10 clkbuf_leaf_233_core_clk
 7.234179e-11 5.179996e-11 2.936097e-10 4.177514e-10 clkbuf_leaf_44_core_clk
 7.221657e-11 5.134381e-11 2.936097e-10 4.171701e-10 clkbuf_leaf_101_core_clk
 7.225318e-11 5.129943e-11 2.936097e-10 4.171623e-10 clkbuf_leaf_237_core_clk
 7.207131e-11 5.146883e-11 2.936097e-10 4.171498e-10 clkbuf_leaf_254_core_clk
 7.213868e-11 5.129442e-11 2.936097e-10 4.170428e-10 clkbuf_leaf_9_core_clk
 7.214931e-11 5.112434e-11 2.936097e-10 4.168833e-10 clkbuf_leaf_95_core_clk
 7.214866e-11 5.110157e-11 2.936097e-10 4.168599e-10 clkbuf_leaf_96_core_clk
 7.242811e-11 5.076205e-11 2.936097e-10 4.167998e-10 clkbuf_leaf_169_core_clk
 7.220255e-11 5.065775e-11 2.936097e-10 4.164700e-10 clkbuf_leaf_131_core_clk
 7.211894e-11 5.059283e-11 2.936097e-10 4.163214e-10 clkbuf_leaf_4_core_clk
 7.212609e-11 5.021167e-11 2.936097e-10 4.159474e-10 clkbuf_leaf_72_core_clk
 7.239668e-11 4.968001e-11 2.936097e-10 4.156864e-10 clkbuf_leaf_171_core_clk
 7.220306e-11 4.920160e-11 2.936097e-10 4.150144e-10 clkbuf_leaf_10_core_clk
 7.219058e-11 4.910101e-11 2.936097e-10 4.149013e-10 clkbuf_leaf_221_core_clk
 7.199633e-11 4.877925e-11 2.936097e-10 4.143852e-10 clkbuf_leaf_253_core_clk
 7.206227e-11 4.857860e-11 2.936097e-10 4.142506e-10 clkbuf_leaf_267_core_clk
 7.217141e-11 4.812366e-11 2.936097e-10 4.139048e-10 clkbuf_leaf_84_core_clk
 7.203115e-11 4.822293e-11 2.936097e-10 4.138638e-10 clkbuf_leaf_38_core_clk
 7.233986e-11 4.766279e-11 2.936097e-10 4.136123e-10 clkbuf_leaf_170_core_clk
 7.204213e-11 4.786250e-11 2.936097e-10 4.135143e-10 clkbuf_leaf_268_core_clk
 7.211785e-11 4.767286e-11 2.936097e-10 4.134004e-10 clkbuf_leaf_152_core_clk
 7.203846e-11 4.773221e-11 2.936097e-10 4.133804e-10 clkbuf_leaf_269_core_clk
 7.226983e-11 4.727710e-11 2.936097e-10 4.131566e-10 clkbuf_leaf_204_core_clk
 7.232390e-11 4.717472e-11 2.936097e-10 4.131083e-10 clkbuf_leaf_146_core_clk
 7.221942e-11 4.703830e-11 2.936097e-10 4.128674e-10 clkbuf_leaf_206_core_clk
 7.210040e-11 4.705848e-11 2.936097e-10 4.127686e-10 clkbuf_leaf_156_core_clk
 7.219569e-11 4.670913e-11 2.936097e-10 4.125145e-10 clkbuf_leaf_45_core_clk
 7.212306e-11 4.672999e-11 2.936097e-10 4.124627e-10 clkbuf_leaf_238_core_clk
 7.201176e-11 4.678322e-11 2.936097e-10 4.124047e-10 clkbuf_leaf_0_core_clk
 7.198624e-11 4.662283e-11 2.936097e-10 4.122188e-10 clkbuf_leaf_13_core_clk
 7.220102e-11 4.639821e-11 2.936097e-10 4.122089e-10 clkbuf_leaf_226_core_clk
 7.201605e-11 4.639517e-11 2.936097e-10 4.120209e-10 clkbuf_leaf_116_core_clk
 7.229369e-11 4.607394e-11 2.936097e-10 4.119773e-10 clkbuf_leaf_167_core_clk
 7.207684e-11 4.622812e-11 2.936097e-10 4.119146e-10 clkbuf_leaf_150_core_clk
 7.192887e-11 4.635987e-11 2.936097e-10 4.118984e-10 clkbuf_leaf_250_core_clk
 7.211193e-11 4.603676e-11 2.936097e-10 4.117584e-10 clkbuf_leaf_87_core_clk
 7.210908e-11 4.590450e-11 2.936097e-10 4.116233e-10 clkbuf_leaf_259_core_clk
 7.198725e-11 4.591165e-11 2.936097e-10 4.115086e-10 clkbuf_leaf_5_core_clk
 7.191540e-11 4.587643e-11 2.936097e-10 4.114015e-10 clkbuf_leaf_251_core_clk
 7.196060e-11 4.570885e-11 2.936097e-10 4.112791e-10 clkbuf_leaf_36_core_clk
 7.195099e-11 4.536626e-11 2.936097e-10 4.109269e-10 clkbuf_leaf_35_core_clk
 7.220057e-11 4.470518e-11 2.936097e-10 4.105155e-10 clkbuf_leaf_177_core_clk
 7.203195e-11 4.464637e-11 2.936097e-10 4.102880e-10 clkbuf_leaf_147_core_clk
 7.207036e-11 4.454644e-11 2.936097e-10 4.102265e-10 clkbuf_leaf_11_core_clk
 7.196805e-11 4.460460e-11 2.936097e-10 4.101823e-10 clkbuf_leaf_88_core_clk
 7.205293e-11 4.426717e-11 2.936097e-10 4.099298e-10 clkbuf_leaf_222_core_clk
 7.187492e-11 4.442545e-11 2.936097e-10 4.099101e-10 clkbuf_leaf_257_core_clk
 7.217770e-11 4.408659e-11 2.936097e-10 4.098740e-10 clkbuf_leaf_165_core_clk
 7.205633e-11 4.405437e-11 2.936097e-10 4.097204e-10 clkbuf_leaf_265_core_clk
 7.201040e-11 4.407488e-11 2.936097e-10 4.096950e-10 clkbuf_leaf_99_core_clk
 7.212870e-11 4.388168e-11 2.936097e-10 4.096201e-10 clkbuf_leaf_219_core_clk
 7.212384e-11 4.371282e-11 2.936097e-10 4.094464e-10 clkbuf_leaf_227_core_clk
 7.209936e-11 4.369834e-11 2.936097e-10 4.094074e-10 clkbuf_leaf_142_core_clk
 7.190622e-11 4.377206e-11 2.936097e-10 4.092880e-10 clkbuf_leaf_14_core_clk
 7.204205e-11 4.358482e-11 2.936097e-10 4.092366e-10 clkbuf_leaf_82_core_clk
 7.216367e-11 4.342799e-11 2.936097e-10 4.092013e-10 clkbuf_leaf_178_core_clk
 7.203915e-11 4.345174e-11 2.936097e-10 4.091006e-10 clkbuf_leaf_1_core_clk
 7.191926e-11 4.349468e-11 2.936097e-10 4.090236e-10 clkbuf_leaf_6_core_clk
 7.215244e-11 4.321181e-11 2.936097e-10 4.089740e-10 clkbuf_leaf_189_core_clk
 7.202851e-11 4.310958e-11 2.936097e-10 4.087478e-10 clkbuf_leaf_86_core_clk
 7.190671e-11 4.304877e-11 2.936097e-10 4.085652e-10 clkbuf_leaf_8_core_clk
 7.217344e-11 4.273773e-11 2.936097e-10 4.085209e-10 clkbuf_leaf_48_core_clk
 7.196949e-11 4.244514e-11 2.936097e-10 4.080243e-10 clkbuf_leaf_154_core_clk
 7.187078e-11 4.250905e-11 2.936097e-10 4.079895e-10 clkbuf_leaf_31_core_clk
 7.188815e-11 4.238890e-11 2.936097e-10 4.078867e-10 clkbuf_leaf_7_core_clk
 7.196382e-11 4.224577e-11 2.936097e-10 4.078193e-10 clkbuf_leaf_157_core_clk
 7.205700e-11 4.187661e-11 2.936097e-10 4.075433e-10 clkbuf_leaf_33_core_clk
 7.199201e-11 4.179806e-11 2.936097e-10 4.073998e-10 clkbuf_leaf_258_core_clk
 7.206409e-11 4.163417e-11 2.936097e-10 4.073080e-10 clkbuf_leaf_225_core_clk
 7.198216e-11 4.145229e-11 2.936097e-10 4.070441e-10 clkbuf_leaf_266_core_clk
 7.202439e-11 4.108298e-11 2.936097e-10 4.067170e-10 clkbuf_leaf_144_core_clk
 7.191339e-11 4.088513e-11 2.936097e-10 4.064082e-10 clkbuf_leaf_117_core_clk
 7.207879e-11 4.066124e-11 2.936097e-10 4.063497e-10 clkbuf_leaf_203_core_clk
 7.177133e-11 4.070938e-11 2.936097e-10 4.060904e-10 clkbuf_leaf_246_core_clk
 7.195394e-11 4.046254e-11 2.936097e-10 4.060262e-10 clkbuf_leaf_263_core_clk
 7.200906e-11 4.020621e-11 2.936097e-10 4.058250e-10 clkbuf_leaf_46_core_clk
 7.180586e-11 4.019604e-11 2.936097e-10 4.056116e-10 clkbuf_leaf_17_core_clk
 7.180186e-11 4.005345e-11 2.936097e-10 4.054650e-10 clkbuf_leaf_32_core_clk
 7.192216e-11 3.937823e-11 2.936097e-10 4.049101e-10 clkbuf_leaf_79_core_clk
 7.187743e-11 3.938655e-11 2.936097e-10 4.048737e-10 clkbuf_leaf_100_core_clk
 7.187663e-11 3.917325e-11 2.936097e-10 4.046596e-10 clkbuf_leaf_153_core_clk
 7.173034e-11 3.923928e-11 2.936097e-10 4.045793e-10 clkbuf_leaf_248_core_clk
 7.185608e-11 3.863365e-11 2.936097e-10 4.040994e-10 clkbuf_leaf_98_core_clk
 7.180449e-11 3.862037e-11 2.936097e-10 4.040346e-10 clkbuf_leaf_240_core_clk
 7.197132e-11 3.840656e-11 2.936097e-10 4.039876e-10 clkbuf_leaf_207_core_clk
 7.194791e-11 3.841554e-11 2.936097e-10 4.039731e-10 clkbuf_leaf_140_core_clk
 7.189629e-11 3.844009e-11 2.936097e-10 4.039461e-10 clkbuf_leaf_262_core_clk
 7.179693e-11 3.853336e-11 2.936097e-10 4.039400e-10 clkbuf_leaf_73_core_clk
 7.192642e-11 3.806797e-11 2.936097e-10 4.036041e-10 clkbuf_leaf_211_core_clk
 7.188014e-11 3.787337e-11 2.936097e-10 4.033632e-10 clkbuf_leaf_260_core_clk
 7.199218e-11 3.766150e-11 2.936097e-10 4.032634e-10 clkbuf_leaf_164_core_clk
 7.174102e-11 3.788576e-11 2.936097e-10 4.032365e-10 clkbuf_leaf_16_core_clk
 7.169292e-11 3.789695e-11 2.936097e-10 4.031996e-10 clkbuf_leaf_252_core_clk
 7.177314e-11 3.768943e-11 2.936097e-10 4.030723e-10 clkbuf_leaf_74_core_clk
 7.201897e-11 3.740772e-11 2.936097e-10 4.030364e-10 clkbuf_leaf_51_core_clk
 7.198333e-11 3.735496e-11 2.936097e-10 4.029480e-10 clkbuf_leaf_190_core_clk
 7.196765e-11 3.732775e-11 2.936097e-10 4.029051e-10 clkbuf_leaf_42_core_clk
 7.192648e-11 3.732882e-11 2.936097e-10 4.028650e-10 clkbuf_leaf_47_core_clk
 7.198067e-11 3.726298e-11 2.936097e-10 4.028534e-10 clkbuf_leaf_187_core_clk
 7.196983e-11 3.723526e-11 2.936097e-10 4.028148e-10 clkbuf_leaf_61_core_clk
 7.190065e-11 3.716775e-11 2.936097e-10 4.026781e-10 clkbuf_leaf_213_core_clk
 7.185746e-11 3.707786e-11 2.936097e-10 4.025450e-10 clkbuf_leaf_264_core_clk
 7.191015e-11 3.684969e-11 2.936097e-10 4.023695e-10 clkbuf_leaf_133_core_clk
 7.191061e-11 3.677558e-11 2.936097e-10 4.022959e-10 clkbuf_leaf_29_core_clk
 7.199430e-11 3.655667e-11 2.936097e-10 4.021607e-10 clkbuf_leaf_50_core_clk
 7.174708e-11 3.676461e-11 2.936097e-10 4.021214e-10 clkbuf_leaf_75_core_clk
 7.188488e-11 3.661674e-11 2.936097e-10 4.021113e-10 clkbuf_leaf_199_core_clk
 7.187588e-11 3.630277e-11 2.936097e-10 4.017884e-10 clkbuf_leaf_214_core_clk
 7.183432e-11 3.629652e-11 2.936097e-10 4.017405e-10 clkbuf_leaf_85_core_clk
 7.188986e-11 3.614254e-11 2.936097e-10 4.016421e-10 clkbuf_leaf_129_core_clk
 7.187091e-11 3.612886e-11 2.936097e-10 4.016095e-10 clkbuf_leaf_208_core_clk
 7.199927e-11 3.599915e-11 2.936097e-10 4.016081e-10 clkbuf_leaf_172_core_clk
 7.188965e-11 3.604550e-11 2.936097e-10 4.015449e-10 clkbuf_leaf_34_core_clk
 7.190277e-11 3.602116e-11 2.936097e-10 4.015336e-10 clkbuf_leaf_205_core_clk
 7.181668e-11 3.597088e-11 2.936097e-10 4.013972e-10 clkbuf_leaf_220_core_clk
 7.178333e-11 3.588530e-11 2.936097e-10 4.012783e-10 clkbuf_leaf_158_core_clk
 7.197717e-11 3.556975e-11 2.936097e-10 4.011566e-10 clkbuf_leaf_202_core_clk
 7.181287e-11 3.554408e-11 2.936097e-10 4.009666e-10 clkbuf_leaf_78_core_clk
 7.191690e-11 3.540023e-11 2.936097e-10 4.009268e-10 clkbuf_leaf_40_core_clk
 7.185112e-11 3.513346e-11 2.936097e-10 4.005943e-10 clkbuf_leaf_108_core_clk
 7.179309e-11 3.485016e-11 2.936097e-10 4.002529e-10 clkbuf_leaf_81_core_clk
 7.161054e-11 3.494316e-11 2.936097e-10 4.001634e-10 clkbuf_leaf_249_core_clk
 7.160998e-11 3.492337e-11 2.936097e-10 4.001430e-10 clkbuf_leaf_261_core_clk
 7.173489e-11 3.458671e-11 2.936097e-10 3.999313e-10 clkbuf_leaf_121_core_clk
 7.182188e-11 3.441658e-11 2.936097e-10 3.998482e-10 clkbuf_leaf_215_core_clk
 7.194777e-11 3.422611e-11 2.936097e-10 3.997836e-10 clkbuf_leaf_148_core_clk
 7.193479e-11 3.410917e-11 2.936097e-10 3.996536e-10 clkbuf_leaf_201_core_clk
 7.172599e-11 3.427281e-11 2.936097e-10 3.996085e-10 clkbuf_leaf_110_core_clk
 7.193127e-11 3.398789e-11 2.936097e-10 3.995289e-10 clkbuf_leaf_194_core_clk
 7.188941e-11 3.393471e-11 2.936097e-10 3.994338e-10 clkbuf_leaf_176_core_clk
 7.188090e-11 3.380778e-11 2.936097e-10 3.992984e-10 clkbuf_leaf_193_core_clk
 7.189954e-11 3.375216e-11 2.936097e-10 3.992614e-10 clkbuf_leaf_182_core_clk
 7.176401e-11 3.382978e-11 2.936097e-10 3.992035e-10 clkbuf_leaf_80_core_clk
 7.186687e-11 3.366553e-11 2.936097e-10 3.991421e-10 clkbuf_leaf_58_core_clk
 7.192763e-11 3.347429e-11 2.936097e-10 3.990116e-10 clkbuf_leaf_166_core_clk
 7.175793e-11 3.332785e-11 2.936097e-10 3.986955e-10 clkbuf_leaf_235_core_clk
 7.180705e-11 3.325614e-11 2.936097e-10 3.986729e-10 clkbuf_leaf_128_core_clk
 7.164018e-11 3.279421e-11 2.936097e-10 3.980441e-10 clkbuf_leaf_241_core_clk
 7.184921e-11 3.254335e-11 2.936097e-10 3.980022e-10 clkbuf_leaf_174_core_clk
 7.175449e-11 3.206279e-11 2.936097e-10 3.974270e-10 clkbuf_leaf_197_core_clk
 7.180424e-11 3.165967e-11 2.936097e-10 3.970736e-10 clkbuf_leaf_41_core_clk
 7.182296e-11 3.163444e-11 2.936097e-10 3.970671e-10 clkbuf_leaf_175_core_clk
 7.180029e-11 3.152239e-11 2.936097e-10 3.969324e-10 clkbuf_leaf_57_core_clk
 7.164959e-11 3.157715e-11 2.936097e-10 3.968364e-10 clkbuf_leaf_113_core_clk
 7.170452e-11 3.145577e-11 2.936097e-10 3.967700e-10 clkbuf_leaf_234_core_clk
 7.178767e-11 3.108482e-11 2.936097e-10 3.964822e-10 clkbuf_leaf_56_core_clk
 7.163790e-11 3.116438e-11 2.936097e-10 3.964120e-10 clkbuf_leaf_114_core_clk
 7.168538e-11 3.107108e-11 2.936097e-10 3.963662e-10 clkbuf_leaf_83_core_clk
 7.181044e-11 3.062866e-11 2.936097e-10 3.960488e-10 clkbuf_leaf_69_core_clk
 7.171874e-11 3.051422e-11 2.936097e-10 3.958426e-10 clkbuf_leaf_112_core_clk
 7.178610e-11 3.035890e-11 2.936097e-10 3.957547e-10 clkbuf_leaf_173_core_clk
 7.171356e-11 3.033371e-11 2.936097e-10 3.956570e-10 clkbuf_leaf_102_core_clk
 7.153272e-11 3.046476e-11 2.936097e-10 3.956072e-10 clkbuf_leaf_15_core_clk
 7.167063e-11 3.026796e-11 2.936097e-10 3.955483e-10 clkbuf_leaf_255_core_clk
 7.178967e-11 2.991148e-11 2.936097e-10 3.953108e-10 clkbuf_leaf_90_core_clk
 7.157684e-11 2.997830e-11 2.936097e-10 3.951648e-10 clkbuf_leaf_21_core_clk
 7.178552e-11 2.976776e-11 2.936097e-10 3.951630e-10 clkbuf_leaf_68_core_clk
 7.178275e-11 2.971650e-11 2.936097e-10 3.951089e-10 clkbuf_leaf_179_core_clk
 7.159793e-11 2.975436e-11 2.936097e-10 3.949620e-10 clkbuf_leaf_109_core_clk
 7.179145e-11 2.955769e-11 2.936097e-10 3.949588e-10 clkbuf_leaf_27_core_clk
 7.155457e-11 2.975864e-11 2.936097e-10 3.949229e-10 clkbuf_leaf_242_core_clk
 7.176122e-11 2.949772e-11 2.936097e-10 3.948686e-10 clkbuf_leaf_143_core_clk
 7.155284e-11 2.969739e-11 2.936097e-10 3.948599e-10 clkbuf_leaf_217_core_clk
 7.169232e-11 2.950006e-11 2.936097e-10 3.948021e-10 clkbuf_leaf_145_core_clk
 7.174315e-11 2.937603e-11 2.936097e-10 3.947289e-10 clkbuf_leaf_60_core_clk
 7.177080e-11 2.930370e-11 2.936097e-10 3.946842e-10 clkbuf_leaf_185_core_clk
 7.168634e-11 2.938410e-11 2.936097e-10 3.946801e-10 clkbuf_leaf_107_core_clk
 7.169190e-11 2.924309e-11 2.936097e-10 3.945447e-10 clkbuf_leaf_127_core_clk
 7.155367e-11 2.915755e-11 2.936097e-10 3.943209e-10 clkbuf_leaf_25_core_clk
 7.153726e-11 2.914476e-11 2.936097e-10 3.942917e-10 clkbuf_leaf_218_core_clk
 7.175771e-11 2.885123e-11 2.936097e-10 3.942186e-10 clkbuf_leaf_181_core_clk
 7.177890e-11 2.873700e-11 2.936097e-10 3.941256e-10 clkbuf_leaf_196_core_clk
 7.150926e-11 2.892098e-11 2.936097e-10 3.940399e-10 clkbuf_leaf_19_core_clk
 7.176385e-11 2.860535e-11 2.936097e-10 3.939789e-10 clkbuf_leaf_49_core_clk
 7.162549e-11 2.868568e-11 2.936097e-10 3.939208e-10 clkbuf_leaf_239_core_clk
 7.175362e-11 2.825217e-11 2.936097e-10 3.936155e-10 clkbuf_leaf_28_core_clk
 7.165048e-11 2.804091e-11 2.936097e-10 3.933011e-10 clkbuf_leaf_139_core_clk
 7.169595e-11 2.790333e-11 2.936097e-10 3.932090e-10 clkbuf_leaf_62_core_clk
 7.169868e-11 2.783457e-11 2.936097e-10 3.931429e-10 clkbuf_leaf_59_core_clk
 7.174732e-11 2.764899e-11 2.936097e-10 3.930060e-10 clkbuf_leaf_192_core_clk
 7.151751e-11 2.787811e-11 2.936097e-10 3.930053e-10 clkbuf_leaf_20_core_clk
 7.164840e-11 2.772658e-11 2.936097e-10 3.929847e-10 clkbuf_leaf_134_core_clk
 7.172367e-11 2.763087e-11 2.936097e-10 3.929642e-10 clkbuf_leaf_65_core_clk
 7.159496e-11 2.761554e-11 2.936097e-10 3.928202e-10 clkbuf_leaf_232_core_clk
 7.149686e-11 2.771251e-11 2.936097e-10 3.928191e-10 clkbuf_leaf_216_core_clk
 7.162622e-11 2.758283e-11 2.936097e-10 3.928187e-10 clkbuf_leaf_200_core_clk
 7.169020e-11 2.703951e-11 2.936097e-10 3.923394e-10 clkbuf_leaf_168_core_clk
 7.166302e-11 2.703518e-11 2.936097e-10 3.923079e-10 clkbuf_leaf_137_core_clk
 1.413105e-11 6.821142e-11 3.099380e-10 3.922805e-10 fanout262
 7.149511e-11 2.708517e-11 2.936097e-10 3.921900e-10 clkbuf_leaf_30_core_clk
 7.162431e-11 2.688704e-11 2.936097e-10 3.921211e-10 clkbuf_leaf_119_core_clk
 7.147520e-11 2.694443e-11 2.936097e-10 3.920293e-10 clkbuf_leaf_244_core_clk
 7.169385e-11 2.664453e-11 2.936097e-10 3.919481e-10 clkbuf_leaf_183_core_clk
 7.148784e-11 2.682769e-11 2.936097e-10 3.919252e-10 clkbuf_leaf_22_core_clk
 7.151054e-11 2.667086e-11 2.936097e-10 3.917911e-10 clkbuf_leaf_118_core_clk
 7.151042e-11 2.666662e-11 2.936097e-10 3.917867e-10 clkbuf_leaf_115_core_clk
 7.175607e-11 2.637990e-11 2.936097e-10 3.917457e-10 clkbuf_leaf_55_core_clk
 7.147110e-11 2.623564e-11 2.936097e-10 3.913164e-10 clkbuf_leaf_26_core_clk
 7.155165e-11 2.609709e-11 2.936097e-10 3.912584e-10 clkbuf_leaf_256_core_clk
 7.158728e-11 2.592765e-11 2.936097e-10 3.911246e-10 clkbuf_leaf_105_core_clk
 7.162834e-11 2.583101e-11 2.936097e-10 3.910690e-10 clkbuf_leaf_136_core_clk
 7.162503e-11 2.571614e-11 2.936097e-10 3.909509e-10 clkbuf_leaf_124_core_clk
 7.158656e-11 2.557115e-11 2.936097e-10 3.907674e-10 clkbuf_leaf_132_core_clk
 7.145602e-11 2.570161e-11 2.936097e-10 3.907673e-10 clkbuf_leaf_23_core_clk
 7.143527e-11 2.552872e-11 2.936097e-10 3.905737e-10 clkbuf_leaf_243_core_clk
 7.161578e-11 2.496009e-11 2.936097e-10 3.901856e-10 clkbuf_leaf_66_core_clk
 7.143718e-11 2.503457e-11 2.936097e-10 3.900814e-10 clkbuf_leaf_24_core_clk
 7.166173e-11 2.469896e-11 2.936097e-10 3.899704e-10 clkbuf_leaf_195_core_clk
 7.142785e-11 2.470479e-11 2.936097e-10 3.897423e-10 clkbuf_leaf_18_core_clk
 7.158505e-11 2.432831e-11 2.936097e-10 3.895231e-10 clkbuf_leaf_135_core_clk
 7.162443e-11 2.420225e-11 2.936097e-10 3.894364e-10 clkbuf_leaf_71_core_clk
 7.143065e-11 2.385167e-11 2.936097e-10 3.888920e-10 clkbuf_leaf_111_core_clk
 2.813108e-11 0.000000e+00 3.606261e-10 3.887572e-10 clkload10
 7.160375e-11 2.348785e-11 2.936097e-10 3.887013e-10 clkbuf_leaf_70_core_clk
 2.803390e-11 0.000000e+00 3.606261e-10 3.886600e-10 clkload20
 7.156715e-11 2.327440e-11 2.936097e-10 3.884512e-10 clkbuf_leaf_67_core_clk
 2.769708e-11 0.000000e+00 3.606261e-10 3.883232e-10 clkload26
 2.757486e-11 0.000000e+00 3.606261e-10 3.882010e-10 clkload6
 7.155310e-11 2.294799e-11 2.936097e-10 3.881108e-10 clkbuf_leaf_52_core_clk
 7.162852e-11 2.200664e-11 2.936097e-10 3.872448e-10 clkbuf_leaf_53_core_clk
 7.147380e-11 2.196819e-11 2.936097e-10 3.870517e-10 clkbuf_leaf_104_core_clk
 7.151444e-11 2.187691e-11 2.936097e-10 3.870010e-10 clkbuf_leaf_125_core_clk
 7.159153e-11 2.073827e-11 2.936097e-10 3.859395e-10 clkbuf_leaf_63_core_clk
 1.400726e-11 5.975897e-11 3.099380e-10 3.837042e-10 fanout790
 7.146152e-11 1.861644e-11 2.936097e-10 3.836877e-10 clkbuf_leaf_186_core_clk
 7.141237e-11 1.833330e-11 2.936097e-10 3.833553e-10 clkbuf_leaf_123_core_clk
 1.402484e-11 5.807650e-11 3.099380e-10 3.820393e-10 fanout261
 7.147195e-11 1.663860e-11 2.936097e-10 3.817202e-10 clkbuf_leaf_64_core_clk
 1.395230e-11 5.269921e-11 3.099380e-10 3.765895e-10 fanout787
 1.351070e-11 5.264398e-11 3.099380e-10 3.760927e-10 fanout706
 1.390655e-11 5.075433e-11 3.099380e-10 3.745989e-10 fanout785
 1.354767e-11 5.743622e-11 2.936091e-10 3.645930e-10 fanout485
 7.064864e-11 0.000000e+00 2.936097e-10 3.642583e-10 clkload16
 1.348418e-11 5.474417e-11 2.936091e-10 3.618374e-10 fanout488
 1.393145e-11 5.319021e-11 2.936091e-10 3.607308e-10 fanout797
 1.420820e-11 5.220512e-11 2.936091e-10 3.600224e-10 max_cap1027
 1.405260e-11 5.080274e-11 2.936091e-10 3.584645e-10 fanout1028
 1.390931e-11 4.767903e-11 2.936091e-10 3.551975e-10 fanout808
 5.551257e-12 3.008619e-11 3.099379e-10 3.455753e-10 fanout589
 5.552668e-12 2.942557e-11 3.099380e-10 3.449162e-10 fanout211
 5.522753e-12 2.772898e-11 3.099380e-10 3.431897e-10 fanout220
 5.519609e-12 2.168443e-11 3.099380e-10 3.371421e-10 fanout441
 3.896944e-12 2.113432e-11 3.099382e-10 3.349694e-10 max_cap204
 3.826477e-12 2.093859e-11 3.099381e-10 3.347032e-10 fanout180
 3.905403e-12 2.000532e-11 3.099381e-10 3.338488e-10 max_cap367
 3.917378e-12 1.915532e-11 3.099379e-10 3.330106e-10 max_cap250
 3.845016e-12 1.904348e-11 3.099381e-10 3.328266e-10 fanout453
 3.829188e-12 1.886829e-11 3.099382e-10 3.326356e-10 fanout205
 1.992011e-11 0.000000e+00 3.117674e-10 3.316876e-10 clkload21
 3.822603e-12 1.792685e-11 3.099378e-10 3.316873e-10 fanout202
 1.987528e-11 0.000000e+00 3.117674e-10 3.316427e-10 clkload8
 1.984944e-11 0.000000e+00 3.117674e-10 3.316169e-10 clkload13
 1.977284e-11 0.000000e+00 3.117674e-10 3.315403e-10 clkload11
 1.968133e-11 0.000000e+00 3.117674e-10 3.314488e-10 clkload27
 3.916903e-12 1.758242e-11 3.099381e-10 3.314374e-10 max_cap405
 1.939018e-11 0.000000e+00 3.117674e-10 3.311576e-10 clkload2
 1.934577e-11 0.000000e+00 3.117674e-10 3.311132e-10 clkload14
 3.820685e-12 1.735276e-11 3.099382e-10 3.311116e-10 fanout746
 3.814259e-12 1.726044e-11 3.099381e-10 3.310128e-10 fanout454
 3.861002e-12 1.650334e-11 3.099380e-10 3.303023e-10 fanout230
 5.654068e-12 3.059615e-11 2.936092e-10 3.298594e-10 max_cap225
 3.898711e-12 1.510706e-11 3.099379e-10 3.289437e-10 fanout247
 3.912253e-12 1.431572e-11 3.099382e-10 3.281661e-10 max_cap748
 3.867343e-12 1.435225e-11 3.099381e-10 3.281577e-10 max_cap365
 3.801361e-12 1.427212e-11 3.099382e-10 3.280116e-10 fanout631
 3.808905e-12 1.425901e-11 3.099382e-10 3.280061e-10 fanout751
 3.810779e-12 1.397701e-11 3.099379e-10 3.277257e-10 fanout756
 3.818590e-12 1.395969e-11 3.099380e-10 3.277163e-10 fanout228
 3.888980e-12 1.386425e-11 3.099382e-10 3.276914e-10 wire745
 3.803716e-12 1.283722e-11 3.099379e-10 3.265788e-10 fanout760
 3.800262e-12 1.231884e-11 3.099379e-10 3.260570e-10 fanout773
 3.884522e-12 1.216982e-11 3.099381e-10 3.259925e-10 max_cap737
 2.145209e-12 1.324368e-11 3.099382e-10 3.253270e-10 fanout621
 3.773635e-12 1.156901e-11 3.099379e-10 3.252806e-10 fanout767
 3.804276e-12 1.099320e-11 3.099379e-10 3.247354e-10 fanout771
 2.161113e-12 1.259932e-11 3.099381e-10 3.246985e-10 fanout463
 2.152683e-12 1.216214e-11 3.099382e-10 3.242530e-10 max_cap201
 3.838574e-12 1.029217e-11 3.099380e-10 3.240687e-10 max_cap732
 2.137835e-12 1.153073e-11 3.099379e-10 3.236065e-10 fanout629
 2.163688e-12 1.108793e-11 3.099382e-10 3.231898e-10 max_cap213
 2.156194e-12 1.075887e-11 3.099382e-10 3.228533e-10 max_cap408
 2.955736e-12 9.390547e-12 3.099370e-10 3.222833e-10 fanout918
 2.157096e-12 1.013999e-11 3.099377e-10 3.222348e-10 max_cap623
 2.168642e-12 1.009174e-11 3.099380e-10 3.221984e-10 wire258
 2.132910e-12 1.009812e-11 3.099382e-10 3.221692e-10 fanout259
 2.111579e-12 9.982944e-12 3.099382e-10 3.220327e-10 max_cap181
 2.963483e-12 9.024491e-12 3.099370e-10 3.219250e-10 fanout915
 2.167195e-12 9.779406e-12 3.099382e-10 3.218848e-10 max_cap609
 2.126642e-12 9.770681e-12 3.099379e-10 3.218352e-10 fanout630
 2.170053e-12 9.346161e-12 3.099382e-10 3.214544e-10 max_cap627
 2.117831e-12 9.251093e-12 3.099382e-10 3.213071e-10 fanout618
 2.176806e-12 9.010325e-12 3.099382e-10 3.211253e-10 max_cap625
 2.179987e-12 8.963240e-12 3.099382e-10 3.210814e-10 max_cap459
 2.168306e-12 8.917850e-12 3.099382e-10 3.210244e-10 max_cap475
 3.909479e-12 2.343717e-11 2.936090e-10 3.209556e-10 max_cap235
 2.117443e-12 8.861103e-12 3.099381e-10 3.209166e-10 fanout462
 2.123388e-12 8.749170e-12 3.099382e-10 3.208108e-10 fanout219
 2.127979e-12 8.710783e-12 3.099382e-10 3.207770e-10 fanout187
 2.127454e-12 8.634732e-12 3.099382e-10 3.207004e-10 fanout186
 3.900582e-12 2.307416e-11 2.936092e-10 3.205839e-10 max_cap1018
 2.102682e-12 8.469452e-12 3.099382e-10 3.205103e-10 fanout610
 2.106893e-12 8.454246e-12 3.099382e-10 3.204993e-10 fanout183
 3.874705e-12 2.285659e-11 2.936090e-10 3.203403e-10 fanout470
 2.128387e-12 8.031092e-12 3.099381e-10 3.200976e-10 fanout419
 2.097806e-12 7.985238e-12 3.099381e-10 3.200211e-10 fanout420
 2.118051e-12 7.932417e-12 3.099381e-10 3.199885e-10 fanout421
 2.119700e-12 7.786003e-12 3.099382e-10 3.198439e-10 fanout607
 2.111761e-12 7.772781e-12 3.099378e-10 3.198223e-10 max_cap611
 2.113236e-12 7.712868e-12 3.099382e-10 3.197643e-10 fanout377
 2.116739e-12 7.589039e-12 3.099382e-10 3.196440e-10 fanout616
 2.113615e-12 7.372116e-12 3.099382e-10 3.194239e-10 fanout375
 2.093338e-12 7.350709e-12 3.099381e-10 3.193821e-10 fanout425
 2.126294e-12 7.296579e-12 3.099381e-10 3.193610e-10 fanout424
 3.933415e-12 2.152305e-11 2.936092e-10 3.190656e-10 max_cap416
 2.136615e-12 6.469960e-12 3.099379e-10 3.185445e-10 max_cap730
 3.827658e-12 2.074558e-11 2.936091e-10 3.181823e-10 fanout233
 3.922588e-12 2.051811e-11 2.936090e-10 3.180497e-10 max_cap473
 1.275278e-12 6.229320e-12 3.099368e-10 3.174414e-10 fanout905
 1.271205e-12 5.353110e-12 3.099371e-10 3.165614e-10 fanout396
 1.268340e-12 4.982566e-12 3.099368e-10 3.161877e-10 fanout909
 1.271676e-12 4.817122e-12 3.099371e-10 3.160259e-10 fanout398
 1.271268e-12 4.758844e-12 3.099368e-10 3.159669e-10 fanout904
 1.267257e-12 4.688106e-12 3.099371e-10 3.158925e-10 fanout393
 3.915014e-12 1.818095e-11 2.936092e-10 3.157052e-10 max_cap252
 3.806943e-12 1.819143e-11 2.936092e-10 3.156076e-10 fanout449
 3.823123e-12 1.783896e-11 2.936090e-10 3.152711e-10 fanout412
 3.820061e-12 1.742459e-11 2.936090e-10 3.148536e-10 fanout469
 3.894650e-12 1.716150e-11 2.936090e-10 3.146652e-10 max_cap1007
 3.892825e-12 1.714439e-11 2.936092e-10 3.146464e-10 wire1016
 3.814914e-12 1.651667e-11 2.936090e-10 3.139406e-10 fanout1002
 3.821503e-12 1.648903e-11 2.936091e-10 3.139196e-10 fanout232
 3.821130e-12 1.643266e-11 2.936091e-10 3.138629e-10 fanout231
 3.021217e-12 1.648112e-11 2.936101e-10 3.131125e-10 fanout780
 3.891822e-12 1.536961e-11 2.936092e-10 3.128706e-10 max_cap1012
 3.807753e-12 1.535209e-11 2.936090e-10 3.127688e-10 fanout1005
 4.256151e-13 2.391088e-12 3.099383e-10 3.127550e-10 fanout200
 4.259060e-13 2.214745e-12 3.099383e-10 3.125789e-10 fanout226
 3.898923e-12 1.506496e-11 2.936091e-10 3.125729e-10 wire369
 4.293090e-13 2.088964e-12 3.099383e-10 3.124566e-10 fanout635
 4.272695e-13 2.066459e-12 3.099383e-10 3.124320e-10 max_cap214
 4.251512e-13 2.043712e-12 3.099383e-10 3.124072e-10 fanout479
 4.204713e-13 1.912813e-12 3.099383e-10 3.122716e-10 fanout260
 4.311707e-13 1.854625e-12 3.099383e-10 3.122241e-10 max_cap216
 4.217676e-13 1.840549e-12 3.099383e-10 3.122006e-10 fanout227
 4.238560e-13 1.590367e-12 3.099383e-10 3.119525e-10 fanout478
 4.293443e-13 1.427979e-12 3.099383e-10 3.117956e-10 max_cap634
 3.810662e-12 1.420313e-11 2.936090e-10 3.116228e-10 fanout999
 3.877998e-12 1.392782e-11 2.936090e-10 3.114148e-10 max_cap997
 3.864846e-12 1.387761e-11 2.936092e-10 3.113516e-10 max_cap1014
 2.980391e-12 1.459513e-11 2.936101e-10 3.111857e-10 fanout779
 3.775387e-12 1.351542e-11 2.936092e-10 3.109001e-10 fanout448
 3.781519e-12 1.271599e-11 2.936092e-10 3.101067e-10 fanout970
 3.819274e-12 1.257646e-11 2.936090e-10 3.100047e-10 fanout998
 3.804622e-12 1.198860e-11 2.936090e-10 3.094022e-10 fanout1001
 3.811206e-12 1.042048e-11 2.936092e-10 3.078409e-10 fanout946
 3.800102e-12 1.037679e-11 2.936092e-10 3.077861e-10 fanout982
 2.130013e-12 1.034265e-11 2.936092e-10 3.060819e-10 wire471
 2.154195e-12 9.577200e-12 2.936092e-10 3.053406e-10 wire244
 2.119685e-12 9.178398e-12 2.936092e-10 3.049073e-10 fanout1019
 2.101493e-12 8.592231e-12 2.936093e-10 3.043030e-10 fanout406
 7.104177e-12 6.198558e-11 2.351103e-10 3.042001e-10 fanout355
 2.114617e-12 8.389405e-12 2.936089e-10 3.041129e-10 fanout476
 2.118777e-12 8.237173e-12 2.936089e-10 3.039649e-10 fanout385
 2.137825e-12 7.874754e-12 2.936092e-10 3.036218e-10 max_cap242
 2.122506e-12 7.636668e-12 2.936089e-10 3.033681e-10 fanout381
 2.116517e-12 7.618293e-12 2.936091e-10 3.033439e-10 fanout436
 1.267393e-12 5.169343e-12 2.936103e-10 3.000470e-10 fanout782
 1.267232e-12 4.516644e-12 2.936101e-10 2.993939e-10 fanout601
 1.270238e-12 4.295875e-12 2.936101e-10 2.991762e-10 fanout594
 1.274678e-12 4.116497e-12 2.936101e-10 2.990012e-10 fanout593
 6.697540e-12 5.552494e-11 2.351103e-10 2.973328e-10 fanout710
 4.327110e-13 1.833850e-12 2.936088e-10 2.958754e-10 max_cap210
 4.202371e-13 1.455420e-12 2.936088e-10 2.954845e-10 fanout477
 6.774326e-12 5.016641e-11 2.351103e-10 2.920510e-10 fanout327
 6.741937e-12 4.520990e-11 2.351103e-10 2.870622e-10 fanout789
 6.502462e-12 4.334106e-11 2.351103e-10 2.849539e-10 fanout709
 7.210109e-12 4.222794e-11 2.351098e-10 2.845478e-10 fanout726
 6.964047e-12 3.887271e-11 2.351103e-10 2.809471e-10 fanout793
 6.580433e-12 5.090064e-11 2.231390e-10 2.806201e-10 fanout489
 6.472561e-12 3.832045e-11 2.351103e-10 2.799034e-10 fanout699
 6.490114e-12 3.651475e-11 2.351103e-10 2.781152e-10 fanout701
 6.822967e-12 3.402674e-11 2.351103e-10 2.759600e-10 fanout306
 1.260238e-11 0.000000e+00 2.628926e-10 2.754950e-10 clkload17
 1.256795e-11 0.000000e+00 2.628926e-10 2.754605e-10 clkload18
 1.246273e-11 0.000000e+00 2.628926e-10 2.753553e-10 clkload9
 1.218746e-11 0.000000e+00 2.628926e-10 2.750800e-10 clkload3
 6.629421e-12 3.286814e-11 2.351103e-10 2.746079e-10 fanout704
 6.465949e-12 3.247051e-11 2.351103e-10 2.740468e-10 fanout708
 7.012562e-12 3.128593e-11 2.351098e-10 2.734082e-10 fanout725
 7.038883e-12 2.972396e-11 2.351098e-10 2.718726e-10 fanout724
 6.985376e-12 2.976794e-11 2.351098e-10 2.718631e-10 fanout715
 6.743360e-12 2.910048e-11 2.351103e-10 2.709541e-10 fanout354
 6.779225e-12 2.882848e-11 2.351103e-10 2.707180e-10 fanout786
 6.739926e-12 2.870395e-11 2.351103e-10 2.705542e-10 fanout345
 6.761653e-12 2.856207e-11 2.351103e-10 2.704340e-10 fanout310
 6.954892e-12 2.755053e-11 2.351098e-10 2.696152e-10 fanout721
 6.705187e-12 3.963069e-11 2.231390e-10 2.694749e-10 fanout263
 7.026203e-12 2.723735e-11 2.351098e-10 2.693733e-10 fanout717
 6.958410e-12 2.651636e-11 2.351098e-10 2.685845e-10 fanout712
 6.767012e-12 2.655229e-11 2.351103e-10 2.684296e-10 fanout302
 6.586122e-12 2.627842e-11 2.351103e-10 2.679749e-10 fanout700
 6.697410e-12 3.775319e-11 2.231390e-10 2.675896e-10 fanout805
 6.557584e-12 2.577171e-11 2.351103e-10 2.674397e-10 fanout707
 6.439537e-12 2.583138e-11 2.351103e-10 2.673813e-10 fanout698
 6.813198e-12 2.504886e-11 2.351103e-10 2.669724e-10 fanout325
 6.808664e-12 2.503346e-11 2.351103e-10 2.669524e-10 fanout311
 6.586206e-12 2.471067e-11 2.351103e-10 2.664072e-10 fanout703
 6.702996e-12 3.578812e-11 2.231390e-10 2.656302e-10 fanout804
 6.700766e-12 3.529170e-11 2.231390e-10 2.651315e-10 fanout803
 6.741797e-12 2.298190e-11 2.351103e-10 2.648340e-10 fanout348
 6.780660e-12 2.188210e-11 2.351103e-10 2.637731e-10 fanout353
 6.710501e-12 3.284726e-11 2.231390e-10 2.626968e-10 fanout810
 6.811065e-12 3.185869e-11 2.232848e-10 2.619546e-10 fanout811
 6.875227e-12 3.092771e-11 2.232848e-10 2.610878e-10 fanout807
 6.641440e-12 3.093520e-11 2.231391e-10 2.607157e-10 fanout300
 6.645632e-12 3.001053e-11 2.231390e-10 2.597952e-10 fanout798
 6.790889e-12 2.953177e-11 2.232849e-10 2.596075e-10 fanout274
 6.824329e-12 2.925833e-11 2.232849e-10 2.593675e-10 fanout279
 6.851776e-12 2.891784e-11 2.232849e-10 2.590545e-10 fanout269
 6.787286e-12 2.784644e-11 2.232849e-10 2.579186e-10 fanout285
 6.787170e-12 2.783256e-11 2.232849e-10 2.579046e-10 fanout287
 6.664495e-12 2.807743e-11 2.231390e-10 2.578810e-10 fanout800
 6.650310e-12 2.754776e-11 2.231391e-10 2.573371e-10 fanout288
 3.371841e-11 0.000000e+00 2.231395e-10 2.568579e-10 clkload208
 3.371751e-11 0.000000e+00 2.231395e-10 2.568570e-10 clkload158
 3.370640e-11 0.000000e+00 2.231395e-10 2.568459e-10 clkload210
 3.370603e-11 0.000000e+00 2.231395e-10 2.568455e-10 clkload178
 3.370279e-11 0.000000e+00 2.231395e-10 2.568422e-10 clkload103
 3.369959e-11 0.000000e+00 2.231395e-10 2.568391e-10 clkload114
 3.369954e-11 0.000000e+00 2.231395e-10 2.568390e-10 clkload184
 3.369812e-11 0.000000e+00 2.231395e-10 2.568376e-10 clkload211
 3.369695e-11 0.000000e+00 2.231395e-10 2.568364e-10 clkload153
 3.369663e-11 0.000000e+00 2.231395e-10 2.568361e-10 clkload45
 3.369552e-11 0.000000e+00 2.231395e-10 2.568350e-10 clkload50
 3.369383e-11 0.000000e+00 2.231395e-10 2.568333e-10 clkload76
 3.369267e-11 0.000000e+00 2.231395e-10 2.568321e-10 clkload179
 3.369147e-11 0.000000e+00 2.231395e-10 2.568309e-10 clkload51
 3.369004e-11 0.000000e+00 2.231395e-10 2.568295e-10 clkload188
 3.368947e-11 0.000000e+00 2.231395e-10 2.568289e-10 clkload48
 3.368944e-11 0.000000e+00 2.231395e-10 2.568289e-10 clkload204
 3.368703e-11 0.000000e+00 2.231395e-10 2.568265e-10 clkload112
 3.368700e-11 0.000000e+00 2.231395e-10 2.568264e-10 clkload151
 3.368692e-11 0.000000e+00 2.231395e-10 2.568264e-10 clkload78
 3.368662e-11 0.000000e+00 2.231395e-10 2.568261e-10 clkload207
 3.368631e-11 0.000000e+00 2.231395e-10 2.568258e-10 clkload108
 3.368333e-11 0.000000e+00 2.231395e-10 2.568228e-10 clkload154
 3.368332e-11 0.000000e+00 2.231395e-10 2.568228e-10 clkload80
 3.368165e-11 0.000000e+00 2.231395e-10 2.568211e-10 clkload73
 3.368151e-11 0.000000e+00 2.231395e-10 2.568210e-10 clkload205
 3.368111e-11 0.000000e+00 2.231395e-10 2.568206e-10 clkload109
 3.368000e-11 0.000000e+00 2.231395e-10 2.568195e-10 clkload156
 3.367958e-11 0.000000e+00 2.231395e-10 2.568190e-10 clkload75
 3.367721e-11 0.000000e+00 2.231395e-10 2.568167e-10 clkload181
 3.367490e-11 0.000000e+00 2.231395e-10 2.568143e-10 clkload186
 3.367399e-11 0.000000e+00 2.231395e-10 2.568134e-10 clkload79
 3.367352e-11 0.000000e+00 2.231395e-10 2.568130e-10 clkload163
 3.367341e-11 0.000000e+00 2.231395e-10 2.568128e-10 clkload102
 3.366665e-11 0.000000e+00 2.231395e-10 2.568061e-10 clkload107
 3.366576e-11 0.000000e+00 2.231395e-10 2.568052e-10 clkload164
 3.366483e-11 0.000000e+00 2.231395e-10 2.568043e-10 clkload169
 3.366405e-11 0.000000e+00 2.231395e-10 2.568035e-10 clkload144
 3.366029e-11 0.000000e+00 2.231395e-10 2.567997e-10 clkload155
 3.365885e-11 0.000000e+00 2.231395e-10 2.567983e-10 clkload171
 3.365663e-11 0.000000e+00 2.231395e-10 2.567961e-10 clkload139
 3.365598e-11 0.000000e+00 2.231395e-10 2.567954e-10 clkload119
 3.365503e-11 0.000000e+00 2.231395e-10 2.567945e-10 clkload43
 3.365408e-11 0.000000e+00 2.231395e-10 2.567935e-10 clkload91
 3.365322e-11 0.000000e+00 2.231395e-10 2.567927e-10 clkload145
 3.365244e-11 0.000000e+00 2.231395e-10 2.567919e-10 clkload40
 3.365077e-11 0.000000e+00 2.231395e-10 2.567902e-10 clkload201
 3.365026e-11 0.000000e+00 2.231395e-10 2.567897e-10 clkload117
 3.364112e-11 0.000000e+00 2.231395e-10 2.567806e-10 clkload44
 3.363983e-11 0.000000e+00 2.231395e-10 2.567793e-10 clkload93
 3.363598e-11 0.000000e+00 2.231395e-10 2.567754e-10 clkload34
 3.363479e-11 0.000000e+00 2.231395e-10 2.567742e-10 clkload37
 3.363108e-11 0.000000e+00 2.231395e-10 2.567705e-10 clkload120
 3.362754e-11 0.000000e+00 2.231395e-10 2.567670e-10 clkload59
 3.362691e-11 0.000000e+00 2.231395e-10 2.567664e-10 clkload32
 3.362662e-11 0.000000e+00 2.231395e-10 2.567661e-10 clkload167
 3.362541e-11 0.000000e+00 2.231395e-10 2.567649e-10 clkload177
 3.362416e-11 0.000000e+00 2.231395e-10 2.567636e-10 clkload29
 3.362350e-11 0.000000e+00 2.231395e-10 2.567629e-10 clkload131
 3.361210e-11 0.000000e+00 2.231395e-10 2.567516e-10 clkload31
 3.361195e-11 0.000000e+00 2.231395e-10 2.567514e-10 clkload190
 3.361050e-11 0.000000e+00 2.231395e-10 2.567500e-10 clkload176
 3.360479e-11 0.000000e+00 2.231395e-10 2.567442e-10 clkload192
 6.811551e-12 2.658927e-11 2.232848e-10 2.566857e-10 fanout806
 6.755333e-12 2.661351e-11 2.232849e-10 2.566537e-10 fanout282
 6.823587e-12 2.651837e-11 2.232849e-10 2.566268e-10 fanout276
 6.658261e-12 2.639527e-11 2.231390e-10 2.561926e-10 fanout794
 6.793640e-12 2.540841e-11 2.232849e-10 2.554869e-10 fanout278
 6.755995e-12 2.525352e-11 2.232849e-10 2.552944e-10 fanout268
 6.824752e-12 2.468317e-11 2.232849e-10 2.547928e-10 fanout293
 6.795631e-12 2.461978e-11 2.232849e-10 2.547003e-10 fanout298
 6.811420e-12 2.397419e-11 2.232849e-10 2.540705e-10 fanout295
 6.789541e-12 2.320524e-11 2.232849e-10 2.532796e-10 fanout273
 2.624357e-12 1.294012e-11 2.351102e-10 2.506747e-10 fanout590
 1.901352e-12 1.307193e-11 2.351103e-10 2.500835e-10 fanout775
 2.684772e-12 1.107860e-11 2.351103e-10 2.488737e-10 fanout442
 1.811305e-12 8.392510e-12 2.351102e-10 2.453140e-10 fanout768
 2.282650e-12 7.834254e-12 2.351097e-10 2.452266e-10 fanout673
 2.248193e-12 7.855986e-12 2.351095e-10 2.452137e-10 fanout655
 2.254474e-12 7.773370e-12 2.351095e-10 2.451374e-10 fanout677
 2.264870e-12 7.303973e-12 2.351095e-10 2.446784e-10 fanout684
 1.817110e-12 7.689903e-12 2.351102e-10 2.446172e-10 fanout772
 2.252591e-12 7.054085e-12 2.351096e-10 2.444163e-10 fanout687
 2.270400e-12 6.943149e-12 2.351096e-10 2.443232e-10 fanout652
 2.268664e-12 6.628844e-12 2.351096e-10 2.440071e-10 fanout690
 2.269008e-12 6.599017e-12 2.351097e-10 2.439777e-10 fanout688
 2.260733e-12 6.601478e-12 2.351097e-10 2.439719e-10 fanout670
 1.029185e-12 7.806149e-12 2.351105e-10 2.439458e-10 fanout189
 1.452031e-12 7.248921e-12 2.351096e-10 2.438105e-10 fanout931
 1.813924e-12 6.631742e-12 2.351103e-10 2.435560e-10 fanout653
 1.834334e-12 6.517702e-12 2.351104e-10 2.434624e-10 fanout738
 1.033752e-12 7.187620e-12 2.351105e-10 2.433319e-10 fanout628
 1.014097e-12 6.766884e-12 2.351105e-10 2.428915e-10 fanout517
 1.406722e-12 6.229222e-12 2.351095e-10 2.427455e-10 fanout923
 1.419840e-12 6.187429e-12 2.351095e-10 2.427168e-10 fanout913
 1.847832e-12 5.615309e-12 2.351103e-10 2.425734e-10 fanout770
 1.446662e-12 5.755351e-12 2.351096e-10 2.423116e-10 fanout912
 6.330027e-13 5.896667e-12 2.351097e-10 2.416393e-10 fanout403
 1.443411e-12 5.070050e-12 2.351096e-10 2.416230e-10 fanout929
 1.433969e-12 4.937896e-12 2.351097e-10 2.414816e-10 fanout668
 1.438987e-12 4.693179e-12 2.351094e-10 2.412416e-10 fanout686
 1.008565e-12 5.015635e-12 2.351105e-10 2.411347e-10 fanout538
 1.013684e-12 4.888363e-12 2.351104e-10 2.410124e-10 fanout422
 1.446195e-12 4.277295e-12 2.351097e-10 2.408331e-10 fanout645
 1.026806e-12 4.675109e-12 2.351105e-10 2.408124e-10 fanout188
 1.031415e-12 4.599176e-12 2.351105e-10 2.407411e-10 fanout500
 1.015474e-12 4.432293e-12 2.351105e-10 2.405582e-10 fanout583
 1.012082e-12 4.344417e-12 2.351105e-10 2.404670e-10 fanout537
 1.029456e-12 4.299113e-12 2.351105e-10 2.404391e-10 fanout378
 1.011620e-12 4.299553e-12 2.351105e-10 2.404217e-10 fanout529
 1.034646e-12 3.713253e-12 2.351105e-10 2.398584e-10 fanout494
 1.001298e-12 3.719261e-12 2.351105e-10 2.398311e-10 fanout497
 1.033759e-12 3.632057e-12 2.351105e-10 2.397763e-10 fanout522
 1.030757e-12 3.617743e-12 2.351105e-10 2.397590e-10 fanout523
 1.025148e-12 3.555263e-12 2.351105e-10 2.396909e-10 fanout495
 1.029931e-12 3.538930e-12 2.351105e-10 2.396794e-10 fanout533
 1.021826e-12 3.398807e-12 2.351105e-10 2.395311e-10 fanout502
 6.054067e-13 2.941487e-12 2.351095e-10 2.386564e-10 fanout908
 6.059328e-13 2.850871e-12 2.351097e-10 2.385664e-10 fanout395
 3.481808e-12 1.075210e-11 2.232849e-10 2.375188e-10 fanout667
 2.017773e-13 1.167109e-12 2.351105e-10 2.364794e-10 fanout217
 1.883730e-12 1.125952e-11 2.232849e-10 2.364282e-10 fanout995
 2.024621e-13 9.775619e-13 2.351105e-10 2.362906e-10 fanout577
 2.061576e-13 8.100942e-13 2.351105e-10 2.361268e-10 fanout356
 5.917481e-13 1.969668e-13 2.351093e-10 2.358980e-10 output47
 5.921280e-13 1.723642e-13 2.351093e-10 2.358738e-10 output49
 5.941794e-13 1.391413e-13 2.351093e-10 2.358426e-10 output55
 5.918987e-13 1.294607e-13 2.351093e-10 2.358307e-10 output61
 5.892035e-13 1.272523e-13 2.351093e-10 2.358257e-10 output52
 5.897716e-13 1.208275e-13 2.351093e-10 2.358199e-10 output43
 5.918903e-13 1.184617e-13 2.351093e-10 2.358196e-10 output50
 5.845902e-13 1.242725e-13 2.351093e-10 2.358181e-10 output46
 5.863454e-13 1.097323e-13 2.351093e-10 2.358054e-10 output54
 5.859141e-13 1.093737e-13 2.351093e-10 2.358046e-10 output51
 5.951287e-13 9.893022e-14 2.351093e-10 2.358033e-10 output48
 5.885769e-13 9.674037e-14 2.351093e-10 2.357946e-10 output41
 5.834683e-13 8.448045e-14 2.351093e-10 2.357772e-10 output42
 5.846095e-13 8.104952e-14 2.351093e-10 2.357750e-10 output63
 5.866003e-13 7.855213e-14 2.351093e-10 2.357745e-10 output62
 5.869775e-13 6.671078e-14 2.351093e-10 2.357630e-10 output64
 5.873188e-13 5.335759e-14 2.351093e-10 2.357500e-10 output53
 5.846110e-13 5.112449e-14 2.351093e-10 2.357450e-10 output59
 5.841444e-13 3.962672e-14 2.351093e-10 2.357331e-10 output45
 5.827986e-13 3.430954e-14 2.351093e-10 2.357264e-10 output58
 5.838959e-13 2.854018e-14 2.351093e-10 2.357217e-10 output44
 5.835277e-13 1.983494e-14 2.351093e-10 2.357126e-10 output56
 2.700443e-12 9.365884e-12 2.232848e-10 2.353511e-10 fanout680
 1.846017e-12 1.028857e-11 2.231390e-10 2.352736e-10 fanout371
 8.245333e-20 3.358206e-19 2.351100e-10 2.351100e-10 fanout1047
 8.122664e-20 4.381678e-19 2.351100e-10 2.351100e-10 fanout1048
 8.234978e-20 3.342472e-19 2.351100e-10 2.351100e-10 fanout1050
 8.154856e-20 4.458535e-19 2.351100e-10 2.351100e-10 fanout1055
 8.273331e-20 3.839950e-19 2.351100e-10 2.351100e-10 fanout1056
 8.251628e-20 3.559989e-19 2.351100e-10 2.351100e-10 fanout1058
 8.258546e-20 3.718441e-19 2.351100e-10 2.351100e-10 fanout1060
 8.218394e-20 2.935041e-19 2.351100e-10 2.351100e-10 fanout1067
 8.095284e-20 4.168012e-19 2.351100e-10 2.351100e-10 fanout1068
 8.231632e-20 3.805007e-19 2.351100e-10 2.351100e-10 fanout1070
 8.260953e-20 4.205345e-19 2.351100e-10 2.351100e-10 fanout1073
 8.121154e-20 3.811770e-19 2.351100e-10 2.351100e-10 fanout1076
 1.857280e-12 9.627487e-12 2.232849e-10 2.347697e-10 fanout939
 1.822290e-12 9.474590e-12 2.231391e-10 2.344360e-10 fanout253
 1.808883e-12 8.957230e-12 2.231391e-10 2.339052e-10 fanout951
 1.084640e-12 9.368361e-12 2.231388e-10 2.335918e-10 fanout573
 1.821836e-12 8.451800e-12 2.231390e-10 2.334126e-10 fanout370
 1.809135e-12 8.147907e-12 2.231391e-10 2.330962e-10 fanout965
 1.821774e-12 7.797727e-12 2.231391e-10 2.327586e-10 fanout942
 1.836968e-12 7.747523e-12 2.231391e-10 2.327236e-10 fanout974
 1.818544e-12 7.729881e-12 2.231389e-10 2.326874e-10 fanout1010
 1.056976e-12 8.464963e-12 2.231389e-10 2.326608e-10 fanout193
 1.812445e-12 7.696248e-12 2.231391e-10 2.326478e-10 fanout987
 1.823529e-12 7.654567e-12 2.231391e-10 2.326172e-10 fanout968
 1.809163e-12 7.260876e-12 2.231391e-10 2.322091e-10 fanout994
 1.864401e-12 7.052085e-12 2.232849e-10 2.322014e-10 fanout949
 1.845925e-12 7.052277e-12 2.232849e-10 2.321831e-10 fanout988
 1.858469e-12 6.923543e-12 2.232849e-10 2.320669e-10 fanout954
 1.816964e-12 7.059163e-12 2.231391e-10 2.320152e-10 fanout960
 1.877349e-12 6.796787e-12 2.232848e-10 2.319590e-10 fanout654
 1.814746e-12 6.748616e-12 2.231391e-10 2.317025e-10 fanout959
 1.018356e-12 7.195905e-12 2.231389e-10 2.313532e-10 fanout190
 1.838873e-12 6.193269e-12 2.232849e-10 2.313170e-10 fanout989
 1.813791e-12 6.285067e-12 2.231391e-10 2.312380e-10 fanout967
 1.834312e-12 5.637402e-12 2.232849e-10 2.307566e-10 fanout975
 1.815158e-12 5.773237e-12 2.231391e-10 2.307275e-10 fanout948
 1.865084e-12 5.548045e-12 2.232849e-10 2.306980e-10 fanout641
 1.032303e-12 6.373085e-12 2.231390e-10 2.305443e-10 fanout430
 1.019883e-12 6.091990e-12 2.231389e-10 2.302508e-10 fanout391
 1.023979e-12 5.902963e-12 2.231390e-10 2.300659e-10 fanout431
 1.033696e-12 5.312520e-12 2.232847e-10 2.296309e-10 fanout392
 1.012545e-12 5.451044e-12 2.231390e-10 2.296026e-10 fanout439
 1.455388e-12 4.762755e-12 2.232847e-10 2.295028e-10 fanout588
 1.012113e-12 5.219872e-12 2.231388e-10 2.293708e-10 fanout542
 1.038532e-12 4.855091e-12 2.232847e-10 2.291783e-10 fanout457
 1.034593e-12 4.769109e-12 2.232846e-10 2.290883e-10 fanout145
 1.010370e-12 4.901820e-12 2.231391e-10 2.290513e-10 fanout1022
 1.034646e-12 4.596451e-12 2.232846e-10 2.289157e-10 fanout559
 1.037218e-12 4.586699e-12 2.232846e-10 2.289085e-10 fanout540
 1.035681e-12 4.528640e-12 2.232847e-10 2.288490e-10 fanout586
 1.006969e-12 4.549359e-12 2.231388e-10 2.286951e-10 fanout551
 1.011663e-12 4.440909e-12 2.231389e-10 2.285915e-10 fanout382
 1.016221e-12 4.416455e-12 2.231388e-10 2.285715e-10 fanout561
 1.011101e-12 4.330121e-12 2.231388e-10 2.284800e-10 fanout196
 1.031126e-12 4.155103e-12 2.232846e-10 2.284708e-10 fanout562
 1.030533e-12 4.096457e-12 2.232846e-10 2.284116e-10 fanout543
 1.005802e-12 4.234239e-12 2.231388e-10 2.283789e-10 fanout552
 1.010490e-12 4.126589e-12 2.231388e-10 2.282759e-10 fanout568
 1.031034e-12 3.795488e-12 2.232846e-10 2.281111e-10 fanout547
 1.030946e-12 3.791942e-12 2.232846e-10 2.281075e-10 fanout557
 1.030606e-12 3.749233e-12 2.232846e-10 2.280645e-10 fanout556
 1.027175e-12 3.675477e-12 2.232846e-10 2.279873e-10 fanout545
 6.218459e-13 4.180184e-12 2.231399e-10 2.279419e-10 fanout784
 1.021671e-12 3.611633e-12 2.232847e-10 2.279180e-10 fanout176
 1.020785e-12 3.551953e-12 2.232846e-10 2.278574e-10 fanout570
 1.030388e-12 3.507598e-12 2.232846e-10 2.278226e-10 fanout567
 1.027388e-12 3.491128e-12 2.232846e-10 2.278031e-10 fanout144
 1.013630e-12 3.469592e-12 2.232846e-10 2.277678e-10 fanout566
 6.116556e-13 3.957342e-12 2.231397e-10 2.277087e-10 fanout598
 1.020685e-12 3.376664e-12 2.232848e-10 2.276821e-10 fanout427
 6.095555e-13 3.544470e-12 2.231397e-10 2.272937e-10 fanout602
 6.084566e-13 3.327175e-12 2.231397e-10 2.270753e-10 fanout604
 6.190804e-13 2.825857e-12 2.232855e-10 2.267304e-10 fanout595
 6.088989e-13 2.743483e-12 2.231397e-10 2.264921e-10 fanout592
 6.175425e-13 2.526683e-12 2.232855e-10 2.264297e-10 fanout600
 2.165170e-12 1.218372e-13 2.232853e-10 2.255723e-10 output16
 2.152851e-12 5.626357e-14 2.232857e-10 2.254948e-10 output14
 1.759465e-12 9.919911e-14 2.232851e-10 2.251438e-10 output12
 2.099861e-13 1.387405e-12 2.232846e-10 2.248820e-10 fanout89
 1.356451e-12 1.462258e-13 2.232859e-10 2.247885e-10 output13
 2.086104e-13 1.060774e-12 2.232846e-10 2.245540e-10 fanout111
 2.087005e-13 9.412497e-13 2.232846e-10 2.244346e-10 fanout105
 2.073598e-13 8.968997e-13 2.232846e-10 2.243889e-10 fanout146
 2.065846e-13 8.932661e-13 2.232846e-10 2.243845e-10 fanout359
 2.061325e-13 8.849728e-13 2.232846e-10 2.243757e-10 fanout147
 2.076600e-13 8.784905e-13 2.232846e-10 2.243707e-10 fanout103
 2.084183e-13 8.642693e-13 2.232846e-10 2.243573e-10 fanout825
 2.083259e-13 8.408020e-13 2.232846e-10 2.243337e-10 fanout820
 2.101220e-13 8.303119e-13 2.232846e-10 2.243250e-10 fanout829
 2.040677e-13 9.802584e-13 2.231388e-10 2.243231e-10 fanout826
 9.829311e-13 5.153936e-14 2.232846e-10 2.243191e-10 output15
 2.083092e-13 7.997269e-13 2.232846e-10 2.242926e-10 fanout817
 2.065914e-13 7.897572e-13 2.232846e-10 2.242809e-10 fanout823
 2.058813e-13 7.771973e-13 2.232846e-10 2.242677e-10 fanout821
 2.074987e-13 7.498398e-13 2.232846e-10 2.242419e-10 fanout362
 2.062819e-13 7.361592e-13 2.232846e-10 2.242270e-10 fanout819
 2.043092e-13 7.274358e-13 2.232846e-10 2.242163e-10 fanout82
 2.042048e-13 7.063381e-13 2.232846e-10 2.241951e-10 fanout139
 2.065639e-13 6.530842e-13 2.232846e-10 2.241442e-10 fanout648
 2.059270e-13 6.476108e-13 2.232846e-10 2.241381e-10 fanout649
 2.029860e-13 7.947781e-13 2.231388e-10 2.241366e-10 fanout361
 1.959479e-13 8.306614e-14 2.232846e-10 2.235636e-10 output33
 1.968840e-13 7.305755e-14 2.232846e-10 2.235545e-10 output30
 1.961232e-13 6.948648e-14 2.232846e-10 2.235502e-10 output22
 1.955111e-13 6.737020e-14 2.232846e-10 2.235475e-10 output18
 1.978564e-13 6.266768e-14 2.232846e-10 2.235451e-10 output25
 1.972519e-13 6.101702e-14 2.232846e-10 2.235429e-10 output27
 1.952043e-13 6.095408e-14 2.232846e-10 2.235408e-10 output28
 1.952075e-13 5.990885e-14 2.232846e-10 2.235397e-10 output37
 1.962987e-13 5.195625e-14 2.232846e-10 2.235329e-10 output35
 1.967696e-13 4.846872e-14 2.232846e-10 2.235298e-10 output21
 1.961818e-13 4.290697e-14 2.232846e-10 2.235237e-10 output20
 1.960164e-13 4.071368e-14 2.232846e-10 2.235213e-10 output23
 1.959860e-13 4.026694e-14 2.232846e-10 2.235209e-10 output19
 1.960018e-13 3.805499e-14 2.232846e-10 2.235187e-10 output34
 1.966850e-13 3.582579e-14 2.232846e-10 2.235171e-10 output29
 1.963041e-13 3.517862e-14 2.232846e-10 2.235161e-10 output26
 1.967865e-13 3.428231e-14 2.232846e-10 2.235157e-10 output40
 1.965331e-13 3.292202e-14 2.232846e-10 2.235141e-10 output31
 1.969820e-13 2.502228e-14 2.232846e-10 2.235066e-10 output24
 1.942275e-13 2.153858e-14 2.232846e-10 2.235004e-10 output32
 1.954376e-13 1.987202e-14 2.232846e-10 2.234999e-10 output17
 1.948507e-13 1.751103e-14 2.232846e-10 2.234970e-10 output39
 1.952337e-13 1.692464e-14 2.232846e-10 2.234968e-10 output60
 1.956599e-13 1.555762e-14 2.232846e-10 2.234958e-10 output57
 1.955895e-13 1.483013e-14 2.232846e-10 2.234950e-10 output36
 1.944428e-13 1.321913e-14 2.232846e-10 2.234923e-10 output38
 8.230086e-20 3.298796e-19 2.232852e-10 2.232852e-10 fanout1080
 8.192055e-20 2.761757e-19 2.232852e-10 2.232852e-10 fanout1093
 8.245383e-20 4.238072e-19 2.232852e-10 2.232852e-10 fanout1104
 8.266921e-20 5.347107e-19 2.231394e-10 2.231394e-10 fanout1139
 1.948470e-11 0.000000e+00 2.035852e-10 2.230699e-10 clkload101
 1.947443e-11 0.000000e+00 2.035852e-10 2.230596e-10 clkload100
 1.947127e-11 0.000000e+00 2.035852e-10 2.230564e-10 clkload99
 1.946193e-11 0.000000e+00 2.035852e-10 2.230471e-10 clkload209
 1.946181e-11 0.000000e+00 2.035852e-10 2.230470e-10 clkload49
 1.945966e-11 0.000000e+00 2.035852e-10 2.230448e-10 clkload157
 1.945865e-11 0.000000e+00 2.035852e-10 2.230438e-10 clkload212
 1.945680e-11 0.000000e+00 2.035852e-10 2.230420e-10 clkload71
 1.945641e-11 0.000000e+00 2.035852e-10 2.230416e-10 clkload46
 1.945278e-11 0.000000e+00 2.035852e-10 2.230380e-10 clkload180
 1.945188e-11 0.000000e+00 2.035852e-10 2.230371e-10 clkload72
 1.945120e-11 0.000000e+00 2.035852e-10 2.230364e-10 clkload47
 1.945042e-11 0.000000e+00 2.035852e-10 2.230356e-10 clkload161
 1.944977e-11 0.000000e+00 2.035852e-10 2.230350e-10 clkload113
 1.944752e-11 0.000000e+00 2.035852e-10 2.230327e-10 clkload104
 1.944554e-11 0.000000e+00 2.035852e-10 2.230307e-10 clkload185
 1.944500e-11 0.000000e+00 2.035852e-10 2.230302e-10 clkload162
 1.944144e-11 0.000000e+00 2.035852e-10 2.230266e-10 clkload152
 1.944057e-11 0.000000e+00 2.035852e-10 2.230257e-10 clkload183
 1.943979e-11 0.000000e+00 2.035852e-10 2.230250e-10 clkload189
 1.943789e-11 0.000000e+00 2.035852e-10 2.230231e-10 clkload106
 1.943603e-11 0.000000e+00 2.035852e-10 2.230212e-10 clkload141
 1.943145e-11 0.000000e+00 2.035852e-10 2.230166e-10 clkload142
 1.943024e-11 0.000000e+00 2.035852e-10 2.230154e-10 clkload74
 1.942101e-11 0.000000e+00 2.035852e-10 2.230062e-10 clkload129
 1.942003e-11 0.000000e+00 2.035852e-10 2.230052e-10 clkload125
 1.941268e-11 0.000000e+00 2.035852e-10 2.229979e-10 clkload168
 1.940525e-11 0.000000e+00 2.035852e-10 2.229904e-10 clkload170
 1.940408e-11 0.000000e+00 2.035852e-10 2.229893e-10 clkload85
 1.940404e-11 0.000000e+00 2.035852e-10 2.229892e-10 clkload35
 1.939986e-11 0.000000e+00 2.035852e-10 2.229850e-10 clkload134
 1.939904e-11 0.000000e+00 2.035852e-10 2.229842e-10 clkload95
 1.939060e-11 0.000000e+00 2.035852e-10 2.229758e-10 clkload30
 1.930141e-11 0.000000e+00 2.035852e-10 2.228866e-10 clkload15
 3.816483e-12 1.529358e-11 2.035853e-10 2.226954e-10 fanout264
 3.810049e-12 1.309033e-11 2.035853e-10 2.204857e-10 fanout286
 6.444172e-12 0.000000e+00 2.140177e-10 2.204619e-10 clkload36
 6.416524e-12 0.000000e+00 2.140177e-10 2.204342e-10 clkload54
 6.406692e-12 0.000000e+00 2.140177e-10 2.204244e-10 clkload126
 6.365002e-12 0.000000e+00 2.140177e-10 2.203827e-10 clkload166
 6.358698e-12 0.000000e+00 2.140177e-10 2.203764e-10 clkload149
 6.318385e-12 0.000000e+00 2.140177e-10 2.203361e-10 clkload94
 6.305346e-12 0.000000e+00 2.140177e-10 2.203230e-10 clkload92
 6.289992e-12 0.000000e+00 2.140177e-10 2.203077e-10 clkload118
 6.276046e-12 0.000000e+00 2.140177e-10 2.202937e-10 clkload195
 6.260853e-12 0.000000e+00 2.140177e-10 2.202785e-10 clkload61
 6.252932e-12 0.000000e+00 2.140177e-10 2.202706e-10 clkload135
 6.231600e-12 0.000000e+00 2.140177e-10 2.202493e-10 clkload133
 6.227813e-12 0.000000e+00 2.140177e-10 2.202455e-10 clkload84
 3.824231e-12 1.527161e-11 1.993897e-10 2.184856e-10 fanout332
 3.807179e-12 1.465285e-11 1.993897e-10 2.178497e-10 fanout312
 3.950159e-12 1.418186e-11 1.993899e-10 2.175219e-10 fanout714
 3.824963e-12 1.374582e-11 1.993897e-10 2.169605e-10 fanout304
 3.815930e-12 1.373164e-11 1.993897e-10 2.169373e-10 fanout316
 3.795101e-12 1.232447e-11 1.993897e-10 2.155093e-10 fanout329
 3.897376e-13 9.008014e-12 2.045415e-10 2.139392e-10 _21114_
 1.044933e-12 3.554383e-12 2.035853e-10 2.081846e-10 fanout953
 1.037915e-12 3.116843e-12 2.035853e-10 2.077401e-10 fanout956
 3.959083e-13 1.223958e-11 1.947890e-10 2.074245e-10 _20760_
 3.655043e-13 4.552464e-12 2.019167e-10 2.068347e-10 _12009_
 5.780569e-13 2.191362e-12 2.035854e-10 2.063548e-10 fanout173
 5.768799e-13 2.049964e-12 2.035854e-10 2.062122e-10 fanout177
 1.181502e-13 6.707425e-13 2.035854e-10 2.043743e-10 fanout818
 1.278879e-12 3.496997e-12 1.993899e-10 2.041658e-10 fanout674
 1.167520e-13 4.553890e-13 2.035854e-10 2.041575e-10 fanout99
 1.270905e-12 3.158221e-12 1.993900e-10 2.038191e-10 fanout643
 4.666221e-20 2.376026e-19 2.035852e-10 2.035852e-10 fanout1079
 4.631649e-20 1.482967e-19 2.035852e-10 2.035852e-10 fanout1111
 4.646823e-20 1.775878e-19 2.035852e-10 2.035852e-10 fanout1113
 4.631189e-20 1.669921e-19 2.035852e-10 2.035852e-10 fanout1120
 4.631514e-20 1.855099e-19 2.035852e-10 2.035852e-10 fanout1124
 4.631185e-20 1.535808e-19 2.035852e-10 2.035852e-10 fanout1126
 5.819656e-13 3.125284e-12 1.993896e-10 2.030969e-10 fanout198
 5.813389e-13 2.740297e-12 1.993896e-10 2.027113e-10 fanout160
 5.853836e-13 2.666743e-12 1.993896e-10 2.026418e-10 fanout156
 4.063501e-14 6.467100e-13 2.019168e-10 2.026041e-10 _12027_
 5.828530e-13 2.621697e-12 1.993896e-10 2.025942e-10 fanout164
 4.000092e-14 5.650301e-13 2.019168e-10 2.025218e-10 _12282_
 4.102316e-14 5.533646e-13 2.019168e-10 2.025112e-10 _12163_
 5.815162e-13 2.511135e-12 1.993896e-10 2.024823e-10 fanout170
 4.062454e-14 5.143066e-13 2.019168e-10 2.024717e-10 _12181_
 5.820383e-13 2.410895e-12 1.993896e-10 2.023826e-10 fanout162
 5.797279e-13 2.407892e-12 1.993896e-10 2.023773e-10 fanout159
 5.786646e-13 2.302905e-12 1.993896e-10 2.022712e-10 fanout510
 5.813591e-13 2.249258e-12 1.993896e-10 2.022202e-10 fanout169
 5.817698e-13 2.190567e-12 1.993896e-10 2.021620e-10 fanout168
 5.795740e-13 2.164159e-12 1.993896e-10 2.021334e-10 fanout524
 5.786171e-13 1.870548e-12 1.993896e-10 2.018388e-10 fanout158
 3.477121e-13 1.491322e-12 1.993899e-10 2.012289e-10 fanout852
 3.503626e-13 1.396266e-12 1.993899e-10 2.011365e-10 fanout899
 3.464901e-13 1.216129e-12 1.993899e-10 2.009525e-10 fanout831
 3.477663e-13 1.212032e-12 1.993899e-10 2.009497e-10 fanout869
 3.473332e-13 1.139494e-12 1.993899e-10 2.008767e-10 fanout881
 3.468234e-13 1.074610e-12 1.993899e-10 2.008113e-10 fanout877
 3.467955e-13 1.071078e-12 1.993899e-10 2.008078e-10 fanout879
 3.469077e-13 1.000250e-12 1.993899e-10 2.007370e-10 fanout860
 3.464348e-13 9.566657e-13 1.993899e-10 2.006930e-10 fanout850
 3.465054e-13 9.186692e-13 1.993899e-10 2.006550e-10 fanout867
 1.152034e-13 4.459333e-13 1.993896e-10 1.999508e-10 fanout91
 1.219227e-13 4.158455e-13 1.993896e-10 1.999274e-10 fanout121
 1.146585e-13 3.897954e-13 1.993896e-10 1.998941e-10 fanout94
 4.595890e-20 1.442051e-19 1.993898e-10 1.993898e-10 fanout1031
 4.629945e-20 1.875346e-19 1.993898e-10 1.993898e-10 fanout1033
 4.649847e-20 1.770084e-19 1.993898e-10 1.993898e-10 fanout1035
 4.660873e-20 2.405150e-19 1.993898e-10 1.993898e-10 fanout1040
 4.639542e-20 1.638793e-19 1.993898e-10 1.993898e-10 fanout1042
 4.642352e-20 1.674605e-19 1.993898e-10 1.993898e-10 fanout1043
 1.194316e-13 1.485792e-12 1.947893e-10 1.963945e-10 _12103_
 1.183880e-13 1.429866e-12 1.947893e-10 1.963375e-10 _12194_
 1.201764e-13 1.398426e-12 1.947893e-10 1.963079e-10 _11991_
 1.207459e-13 1.363703e-12 1.947893e-10 1.962737e-10 _12087_
 2.148563e-13 5.918489e-12 1.895723e-10 1.957057e-10 _12315_
 3.123930e-13 5.305706e-12 1.895723e-10 1.951904e-10 _12142_
 7.779536e-14 2.114226e-13 1.938816e-10 1.941708e-10 _24768_
 7.820806e-14 2.082992e-13 1.938816e-10 1.941681e-10 _24762_
 7.764431e-14 1.762895e-13 1.938816e-10 1.941355e-10 _24765_
 7.762076e-14 1.708134e-13 1.938816e-10 1.941300e-10 _24766_
 3.111179e-13 4.242131e-12 1.895723e-10 1.941255e-10 _12236_
 7.756554e-14 1.579701e-13 1.938816e-10 1.941171e-10 _24769_
 7.755518e-14 1.555569e-13 1.938816e-10 1.941147e-10 _24767_
 7.748992e-14 1.403771e-13 1.938816e-10 1.940995e-10 _24764_
 7.721600e-14 1.097313e-13 1.938816e-10 1.940685e-10 _24763_
 3.077190e-13 4.102899e-12 1.895723e-10 1.939829e-10 _11941_
 6.556109e-20 2.188398e-19 1.938815e-10 1.938815e-10 input10
 1.309192e-19 2.968832e-19 1.938815e-10 1.938815e-10 input4
 6.539628e-20 1.138595e-19 1.938815e-10 1.938815e-10 input6
 4.588662e-19 1.425697e-18 1.938815e-10 1.938815e-10 input8
 6.548762e-20 1.627791e-19 1.938814e-10 1.938814e-10 input1
 1.309218e-19 2.982729e-19 1.938814e-10 1.938814e-10 input5
 3.273293e-20 7.536037e-20 1.938813e-10 1.938813e-10 input9
 2.180243e-13 3.540191e-12 1.895722e-10 1.933305e-10 _12018_
 2.173871e-13 3.461988e-12 1.895723e-10 1.932517e-10 _12010_
 2.182683e-13 3.399172e-12 1.895723e-10 1.931897e-10 _12256_
 2.160759e-13 3.053209e-12 1.895723e-10 1.928416e-10 _12005_
 2.162537e-13 3.043745e-12 1.895723e-10 1.928323e-10 _12000_
 2.050517e-13 3.043954e-12 1.895723e-10 1.928213e-10 _12200_
 2.061757e-13 3.029015e-12 1.895723e-10 1.928075e-10 _11952_
 2.156329e-13 3.008917e-12 1.895723e-10 1.927968e-10 _11954_
 2.073596e-13 2.921606e-12 1.895723e-10 1.927013e-10 _11919_
 2.144542e-13 2.834298e-12 1.895723e-10 1.926210e-10 _12213_
 1.999319e-13 2.780597e-12 1.895723e-10 1.925529e-10 _12004_
 2.146545e-13 2.734084e-12 1.895723e-10 1.925210e-10 _12207_
 2.081541e-13 2.727584e-12 1.895722e-10 1.925080e-10 _12020_
 2.127519e-13 2.677248e-12 1.895723e-10 1.924623e-10 _11929_
 1.223725e-13 2.163963e-12 1.895722e-10 1.918586e-10 _11975_
 1.153796e-13 1.976576e-12 1.895724e-10 1.916643e-10 _12319_
 1.159575e-13 1.674459e-12 1.895724e-10 1.913628e-10 _11939_
 1.166719e-13 1.617359e-12 1.895724e-10 1.913064e-10 _12321_
 1.183968e-13 1.510378e-12 1.895724e-10 1.912012e-10 _12132_
 2.083572e-13 5.822500e-12 1.848097e-10 1.908406e-10 _21942_
 2.013983e-13 5.549723e-12 1.848097e-10 1.905608e-10 _22124_
 1.010652e-12 2.218684e-12 1.872560e-10 1.904853e-10 wire157
 2.347460e-14 7.160258e-13 1.895724e-10 1.903119e-10 _12286_
 2.387982e-14 5.673494e-13 1.895724e-10 1.901636e-10 _12309_
 3.478890e-13 4.998353e-12 1.848100e-10 1.901562e-10 _12109_
 2.471478e-14 4.742076e-13 1.895724e-10 1.900713e-10 _12290_
 2.175430e-14 4.430465e-13 1.895724e-10 1.900372e-10 _13969_
 2.449356e-14 4.364023e-13 1.895724e-10 1.900333e-10 _12221_
 2.434398e-14 4.244391e-13 1.895724e-10 1.900212e-10 _12185_
 2.321436e-14 4.138544e-13 1.895724e-10 1.900095e-10 _12032_
 2.249857e-14 3.975400e-13 1.895724e-10 1.899924e-10 _11945_
 2.426007e-14 3.878100e-13 1.895724e-10 1.899845e-10 _11986_
 2.278174e-14 3.843523e-13 1.895724e-10 1.899795e-10 _15007_
 2.414842e-14 3.752829e-13 1.895724e-10 1.899718e-10 _12042_
 2.402786e-14 3.537938e-13 1.895724e-10 1.899502e-10 _11951_
 2.243329e-14 3.254163e-13 1.895724e-10 1.899202e-10 _12216_
 2.264581e-14 3.224626e-13 1.895724e-10 1.899175e-10 _12037_
 2.186711e-14 3.045631e-13 1.895724e-10 1.898988e-10 _18223_
 2.298622e-14 2.389293e-13 1.895724e-10 1.898343e-10 _18066_
 2.653809e-13 4.302124e-12 1.848100e-10 1.893775e-10 _12253_
 2.524766e-13 4.272822e-12 1.848100e-10 1.893353e-10 _12093_
 2.665439e-13 4.245304e-12 1.848100e-10 1.893219e-10 _12244_
 2.493844e-13 4.102435e-12 1.848100e-10 1.891619e-10 _12098_
 2.565761e-13 4.004609e-12 1.848100e-10 1.890712e-10 _12186_
 2.644953e-13 3.966006e-12 1.848100e-10 1.890405e-10 _12232_
 2.445302e-13 3.811615e-12 1.848100e-10 1.888662e-10 _12228_
 1.982515e-13 3.806732e-12 1.848097e-10 1.888147e-10 _21801_
 3.902017e-13 1.136878e-12 1.872558e-10 1.887829e-10 fanout163
 2.637116e-13 3.591356e-12 1.848100e-10 1.886651e-10 _12091_
 2.531690e-13 3.529984e-12 1.848100e-10 1.885932e-10 _12254_
 2.601632e-13 3.434968e-12 1.848100e-10 1.885051e-10 _12079_
 2.126653e-13 3.443735e-12 1.848097e-10 1.884661e-10 _22150_
 2.342011e-13 8.034177e-13 1.872565e-10 1.882942e-10 _24774_
 2.340453e-13 7.581897e-13 1.872565e-10 1.882488e-10 _24776_
 2.486179e-13 3.056634e-12 1.848100e-10 1.881153e-10 _12248_
 2.331233e-13 5.314788e-13 1.872565e-10 1.880211e-10 _24770_
 2.330255e-13 5.079653e-13 1.872565e-10 1.879975e-10 _24775_
 2.328956e-13 4.767042e-13 1.872565e-10 1.879661e-10 _24772_
 1.705396e-13 2.930912e-12 1.848101e-10 1.879115e-10 _12064_
 2.329170e-13 3.796115e-13 1.872565e-10 1.878691e-10 _24773_
 2.314911e-13 2.943413e-13 1.872565e-10 1.877824e-10 _24777_
 2.302389e-13 1.800404e-13 1.872565e-10 1.876668e-10 _24771_
 1.683097e-13 2.684726e-12 1.848100e-10 1.876630e-10 _12143_
 1.676759e-13 2.395945e-12 1.848100e-10 1.873737e-10 _12101_
 3.276621e-20 9.350839e-20 1.872564e-10 1.872564e-10 input7
 9.810803e-20 1.784061e-19 1.872564e-10 1.872564e-10 input3
 9.782470e-20 1.264307e-19 1.872563e-10 1.872563e-10 input2
 3.130075e-20 1.312974e-19 1.872561e-10 1.872561e-10 fanout1032
 3.135341e-20 1.394799e-19 1.872561e-10 1.872561e-10 fanout1036
 1.667042e-13 2.250360e-12 1.848100e-10 1.872270e-10 _12243_
 1.574107e-13 2.242780e-12 1.848099e-10 1.872101e-10 _12070_
 1.670280e-13 2.194260e-12 1.848100e-10 1.871713e-10 _12022_
 1.587743e-13 2.197385e-12 1.848101e-10 1.871662e-10 _12065_
 1.548354e-13 2.186576e-12 1.848099e-10 1.871513e-10 _12075_
 1.576464e-13 2.025976e-12 1.848100e-10 1.869936e-10 _12124_
 7.123887e-14 1.329993e-12 1.848101e-10 1.862114e-10 _12274_
 7.070678e-14 1.307380e-12 1.848101e-10 1.861882e-10 _12276_
 7.316934e-14 1.281709e-12 1.848099e-10 1.861648e-10 _12152_
 7.325857e-14 1.246929e-12 1.848099e-10 1.861301e-10 _12199_
 7.287334e-14 1.223761e-12 1.848099e-10 1.861066e-10 _12108_
 7.312568e-14 1.209465e-12 1.848099e-10 1.860925e-10 _11996_
 7.279855e-14 1.153290e-12 1.848101e-10 1.860362e-10 _11918_
 6.934038e-14 1.081122e-12 1.848101e-10 1.859605e-10 _12260_
 7.227027e-14 1.054575e-12 1.848101e-10 1.859369e-10 _12265_
 7.198957e-14 1.054110e-12 1.848099e-10 1.859360e-10 _12118_
 7.189324e-14 1.036483e-12 1.848099e-10 1.859183e-10 _12054_
 6.790067e-14 9.764870e-13 1.848099e-10 1.858543e-10 _11970_
 6.766869e-14 9.643425e-13 1.848101e-10 1.858421e-10 _11913_
 6.734334e-14 9.122837e-13 1.848099e-10 1.857896e-10 _12147_
 5.663521e-13 9.295247e-12 1.751059e-10 1.849675e-10 _12406_
 4.062913e-13 3.108505e-12 1.774870e-10 1.810018e-10 _15979_
 3.570000e-13 2.425909e-12 1.774872e-10 1.802701e-10 _15640_
 3.561962e-13 2.296968e-12 1.774872e-10 1.801403e-10 _15967_
 5.240943e-13 2.052919e-12 1.774871e-10 1.800642e-10 _11903_
 2.311388e-13 2.320009e-12 1.774872e-10 1.800383e-10 _11955_
 1.507422e-13 2.339452e-12 1.774871e-10 1.799773e-10 _22424_
 2.683218e-13 2.191664e-12 1.774870e-10 1.799470e-10 _19572_
 1.559408e-13 2.178907e-12 1.774871e-10 1.798220e-10 _12019_
 2.209662e-13 2.062606e-12 1.774871e-10 1.797707e-10 _14582_
 2.307813e-13 2.008696e-12 1.774871e-10 1.797266e-10 _12145_
 2.306809e-13 1.975432e-12 1.774872e-10 1.796933e-10 _12255_
 1.536940e-13 2.045930e-12 1.774871e-10 1.796868e-10 _12077_
 2.242556e-13 1.894164e-12 1.774871e-10 1.796056e-10 _20035_
 2.525524e-13 1.862171e-12 1.774870e-10 1.796017e-10 _13480_
 2.309125e-13 1.872094e-12 1.774872e-10 1.795902e-10 _11932_
 1.924901e-13 1.900962e-12 1.774870e-10 1.795804e-10 _16737_
 2.298118e-13 1.858421e-12 1.774872e-10 1.795754e-10 _12134_
 1.535864e-13 1.867309e-12 1.774872e-10 1.795081e-10 _12211_
 2.081417e-13 1.799962e-12 1.774871e-10 1.794953e-10 _21180_
 2.212957e-13 1.773805e-12 1.774871e-10 1.794822e-10 _11930_
 2.578812e-13 1.719627e-12 1.774870e-10 1.794645e-10 _12775_
 2.163969e-13 1.759574e-12 1.774871e-10 1.794631e-10 _20043_
 1.828019e-13 1.772418e-12 1.774870e-10 1.794422e-10 _17588_
 1.518327e-13 1.787373e-12 1.774871e-10 1.794263e-10 _12017_
 1.520825e-13 1.738132e-12 1.774872e-10 1.793774e-10 _12175_
 2.720673e-13 1.556222e-12 1.774872e-10 1.793155e-10 _18947_
 2.182077e-13 1.576977e-12 1.774872e-10 1.792824e-10 _11978_
 1.863153e-13 1.593751e-12 1.774870e-10 1.792671e-10 _14732_
 1.911324e-13 1.572700e-12 1.774870e-10 1.792508e-10 _18180_
 2.168291e-13 1.541965e-12 1.774872e-10 1.792460e-10 _13257_
 2.291035e-13 1.506125e-12 1.774871e-10 1.792224e-10 _12081_
 2.218722e-13 1.499119e-12 1.774872e-10 1.792081e-10 _14509_
 2.289510e-13 1.468740e-12 1.774872e-10 1.791849e-10 _12047_
 2.274911e-13 1.400654e-12 1.774871e-10 1.791153e-10 _12112_
 2.280398e-13 1.390727e-12 1.774872e-10 1.791059e-10 _12044_
 2.264836e-13 1.372123e-12 1.774871e-10 1.790858e-10 _12187_
 1.839169e-13 1.365996e-12 1.774870e-10 1.790369e-10 _12710_
 2.137307e-13 1.301254e-12 1.774872e-10 1.790022e-10 _17372_
 1.881180e-13 1.267026e-12 1.774870e-10 1.789421e-10 _18959_
 2.109007e-13 1.227999e-12 1.774872e-10 1.789261e-10 _20362_
 1.489762e-13 1.264633e-12 1.774872e-10 1.789008e-10 _17690_
 1.593584e-13 1.249476e-12 1.774871e-10 1.788960e-10 _12205_
 1.585841e-13 1.244706e-12 1.774871e-10 1.788904e-10 _11922_
 1.856509e-13 1.216048e-12 1.774870e-10 1.788887e-10 _19112_
 1.877571e-13 1.202223e-12 1.774870e-10 1.788770e-10 _14293_
 1.520153e-13 1.227329e-12 1.774872e-10 1.788665e-10 _11988_
 1.532734e-13 1.221076e-12 1.774871e-10 1.788615e-10 _12045_
 1.910743e-13 1.163285e-12 1.774870e-10 1.788413e-10 _15965_
 2.703346e-13 1.081970e-12 1.774871e-10 1.788395e-10 _17969_
 1.826856e-13 1.147565e-12 1.774870e-10 1.788173e-10 _16440_
 1.579916e-13 1.164192e-12 1.774871e-10 1.788093e-10 _12026_
 1.584653e-13 1.160753e-12 1.774871e-10 1.788064e-10 _12123_
 2.155081e-13 1.099050e-12 1.774871e-10 1.788017e-10 _12636_
 1.864648e-13 1.126788e-12 1.774870e-10 1.788003e-10 _14654_
 1.551084e-13 1.157401e-12 1.774871e-10 1.787996e-10 _12016_
 1.150251e-13 1.172517e-12 1.774870e-10 1.787746e-10 _21387_
 2.878061e-13 9.652585e-13 1.774872e-10 1.787402e-10 _12168_
 1.550436e-13 1.094608e-12 1.774871e-10 1.787368e-10 _14941_
 1.855209e-13 1.059423e-12 1.774870e-10 1.787319e-10 _18022_
 1.594336e-13 1.083689e-12 1.774872e-10 1.787303e-10 _11942_
 1.519617e-13 1.083775e-12 1.774872e-10 1.787229e-10 _12155_
 2.128197e-13 1.008832e-12 1.774872e-10 1.787088e-10 _18910_
 1.541457e-13 1.057268e-12 1.774871e-10 1.786986e-10 _13849_
 2.128537e-13 9.946644e-13 1.774872e-10 1.786947e-10 _12100_
 4.415392e-13 3.146415e-12 1.751060e-10 1.786940e-10 _17857_
 1.521645e-13 1.026610e-12 1.774872e-10 1.786659e-10 _13409_
 1.531273e-13 1.011244e-12 1.774872e-10 1.786515e-10 _12955_
 2.992252e-13 8.569220e-13 1.774870e-10 1.786432e-10 _16316_
 1.530381e-13 9.889651e-13 1.774871e-10 1.786292e-10 _12314_
 2.424455e-13 8.847585e-13 1.774870e-10 1.786142e-10 _17392_
 2.050453e-13 9.216874e-13 1.774872e-10 1.786139e-10 _20850_
 1.567753e-13 9.404421e-13 1.774871e-10 1.785844e-10 _12024_
 1.841014e-13 9.098178e-13 1.774870e-10 1.785809e-10 _12705_
 1.441302e-13 9.484650e-13 1.774872e-10 1.785798e-10 _16472_
 2.039420e-13 8.708132e-13 1.774872e-10 1.785619e-10 _17210_
 1.480617e-13 9.260536e-13 1.774871e-10 1.785613e-10 _12176_
 8.524231e-14 9.862608e-13 1.774872e-10 1.785587e-10 _12189_
 8.461242e-14 9.846285e-13 1.774872e-10 1.785564e-10 _12043_
 8.514614e-14 9.751477e-13 1.774872e-10 1.785475e-10 _12266_
 2.820720e-13 7.660375e-13 1.774872e-10 1.785353e-10 _19874_
 1.492685e-13 8.684933e-13 1.774871e-10 1.785049e-10 _12188_
 1.163281e-13 9.006406e-13 1.774870e-10 1.785039e-10 _17245_
 8.523012e-14 9.190695e-13 1.774872e-10 1.784915e-10 _11934_
 1.554609e-13 8.127482e-13 1.774872e-10 1.784554e-10 _12178_
 8.965558e-14 8.539365e-13 1.774872e-10 1.784308e-10 _12295_
 1.202319e-13 8.174420e-13 1.774870e-10 1.784247e-10 _13333_
 1.488615e-13 7.719040e-13 1.774871e-10 1.784079e-10 _12110_
 1.472306e-13 7.556582e-13 1.774872e-10 1.783901e-10 _12006_
 2.545384e-13 3.026256e-12 1.751060e-10 1.783868e-10 _12177_
 8.913395e-14 7.885620e-13 1.774872e-10 1.783649e-10 _11938_
 1.555832e-13 7.200657e-13 1.774872e-10 1.783628e-10 _12191_
 1.181226e-13 7.464502e-13 1.774870e-10 1.783516e-10 _19128_
 2.301941e-13 6.100098e-13 1.774870e-10 1.783272e-10 _13045_
 1.398185e-13 6.838007e-13 1.774872e-10 1.783108e-10 _20952_
 2.219353e-13 5.991178e-13 1.774872e-10 1.783082e-10 _20246_
 1.416386e-13 6.741547e-13 1.774872e-10 1.783030e-10 _14394_
 2.034323e-13 5.862230e-13 1.774872e-10 1.782768e-10 _15478_
 1.412719e-13 6.184384e-13 1.774872e-10 1.782469e-10 _12317_
 1.423897e-13 5.954782e-13 1.774871e-10 1.782250e-10 _13071_
 8.811987e-14 6.455181e-13 1.774872e-10 1.782208e-10 _11956_
 2.171334e-13 5.122487e-13 1.774872e-10 1.782166e-10 _12259_
 2.169414e-13 5.025612e-13 1.774872e-10 1.782067e-10 _20405_
 8.822804e-14 6.192922e-13 1.774872e-10 1.781947e-10 _19609_
 1.812879e-13 5.237677e-13 1.774870e-10 1.781920e-10 _20369_
 1.169925e-13 5.865548e-13 1.774870e-10 1.781906e-10 _14362_
 8.378666e-14 6.086404e-13 1.774872e-10 1.781796e-10 _11935_
 1.539543e-13 5.250693e-13 1.774872e-10 1.781662e-10 _11957_
 1.710119e-13 4.988662e-13 1.774870e-10 1.781569e-10 _14367_
 8.694390e-14 5.650675e-13 1.774872e-10 1.781392e-10 _11998_
 1.703834e-13 4.752180e-13 1.774870e-10 1.781326e-10 _14659_
 1.431792e-13 4.966244e-13 1.774871e-10 1.781269e-10 _12034_
 1.527493e-13 4.841071e-13 1.774872e-10 1.781240e-10 _11910_
 1.146085e-13 4.989114e-13 1.774870e-10 1.781005e-10 _18845_
 8.709599e-14 5.222807e-13 1.774872e-10 1.780966e-10 _11936_
 8.312254e-14 5.225713e-13 1.774872e-10 1.780929e-10 _12011_
 1.391938e-13 4.574875e-13 1.774872e-10 1.780838e-10 _22803_
 1.429984e-13 4.525938e-13 1.774871e-10 1.780827e-10 _12212_
 1.689044e-13 4.109829e-13 1.774870e-10 1.780669e-10 _22614_
 1.499325e-13 4.240542e-13 1.774872e-10 1.780611e-10 _11908_
 1.572597e-13 4.126402e-13 1.774870e-10 1.780569e-10 _22326_
 2.137059e-13 3.524794e-13 1.774870e-10 1.780532e-10 _22900_
 1.433557e-13 4.151117e-13 1.774872e-10 1.780456e-10 _12245_
 8.287431e-14 4.735631e-13 1.774872e-10 1.780436e-10 _12067_
 1.551396e-13 3.985194e-13 1.774870e-10 1.780406e-10 _23412_
 2.619551e-13 2.667454e-12 1.751060e-10 1.780354e-10 _13632_
 1.505153e-13 3.956017e-13 1.774871e-10 1.780333e-10 _11943_
 2.181725e-13 3.236585e-13 1.774870e-10 1.780288e-10 _23676_
 1.379237e-13 3.973671e-13 1.774871e-10 1.780224e-10 _21004_
 1.503149e-13 3.721110e-13 1.774871e-10 1.780096e-10 _12023_
 1.156103e-13 4.059513e-13 1.774870e-10 1.780086e-10 _18527_
 2.138018e-13 3.045044e-13 1.774870e-10 1.780053e-10 _23017_
 1.578502e-13 3.553595e-13 1.774870e-10 1.780002e-10 _21917_
 1.573672e-13 3.498131e-13 1.774870e-10 1.779942e-10 _22522_
 1.394778e-13 3.595808e-13 1.774872e-10 1.779863e-10 _18478_
 1.475454e-13 3.502118e-13 1.774872e-10 1.779849e-10 _15814_
 1.558044e-13 3.312689e-13 1.774870e-10 1.779741e-10 _22135_
 1.502031e-13 3.309903e-13 1.774871e-10 1.779683e-10 _11904_
 5.102998e-14 4.286688e-13 1.774870e-10 1.779667e-10 _15527_
 1.488959e-13 3.249574e-13 1.774872e-10 1.779610e-10 _11911_
 1.547138e-13 3.161406e-13 1.774870e-10 1.779578e-10 _23561_
 1.493060e-13 3.108349e-13 1.774872e-10 1.779473e-10 _12190_
 1.482505e-13 3.099146e-13 1.774872e-10 1.779453e-10 _12025_
 5.097288e-14 3.979218e-13 1.774870e-10 1.779358e-10 _15372_
 1.121147e-13 3.363753e-13 1.774870e-10 1.779355e-10 _19749_
 1.078478e-13 3.388916e-13 1.774870e-10 1.779338e-10 _12804_
 1.557239e-13 2.815043e-13 1.774870e-10 1.779242e-10 _23403_
 1.536740e-13 2.720090e-13 1.774870e-10 1.779127e-10 _22736_
 1.548873e-13 2.669499e-13 1.774870e-10 1.779088e-10 _22183_
 1.528768e-13 2.680601e-13 1.774870e-10 1.779080e-10 _23148_
 1.542170e-13 2.561864e-13 1.774870e-10 1.778974e-10 _21951_
 8.445049e-14 3.182003e-13 1.774872e-10 1.778898e-10 _15808_
 1.526149e-13 2.498421e-13 1.774870e-10 1.778895e-10 _23362_
 1.788533e-14 3.623801e-13 1.774872e-10 1.778675e-10 _12289_
 1.547340e-13 2.252820e-13 1.774870e-10 1.778670e-10 _23600_
 1.834761e-14 3.581206e-13 1.774872e-10 1.778637e-10 _12291_
 1.544278e-13 2.206666e-13 1.774870e-10 1.778621e-10 _21456_
 1.531461e-13 2.154551e-13 1.774870e-10 1.778556e-10 _23592_
 9.469424e-14 2.596430e-13 1.774870e-10 1.778414e-10 _22276_
 9.434190e-14 2.370691e-13 1.774870e-10 1.778184e-10 _22617_
 1.819966e-14 2.857014e-13 1.774872e-10 1.777911e-10 _12031_
 1.763662e-14 2.781639e-13 1.774872e-10 1.777830e-10 _12301_
 9.445688e-14 1.985385e-13 1.774870e-10 1.777800e-10 _22353_
 1.828022e-14 2.710228e-13 1.774872e-10 1.777765e-10 _12304_
 9.204061e-14 1.886611e-13 1.774870e-10 1.777677e-10 _21625_
 9.497315e-14 1.853138e-13 1.774870e-10 1.777673e-10 _22990_
 9.412139e-14 1.813410e-13 1.774870e-10 1.777625e-10 _22823_
 7.726793e-14 1.936246e-13 1.774872e-10 1.777581e-10 _21849_
 1.776980e-14 2.524132e-13 1.774872e-10 1.777574e-10 _12171_
 1.805787e-14 2.488012e-13 1.774872e-10 1.777541e-10 _12302_
 7.770492e-14 1.792946e-13 1.774871e-10 1.777442e-10 _14525_
 1.716178e-14 2.302073e-13 1.774872e-10 1.777346e-10 _14198_
 9.438595e-14 1.494531e-13 1.774870e-10 1.777309e-10 _23208_
 1.746842e-14 2.230575e-13 1.774872e-10 1.777277e-10 _12182_
 1.684241e-14 2.203530e-13 1.774872e-10 1.777244e-10 _12217_
 3.463890e-13 2.270474e-12 1.751058e-10 1.777227e-10 _16899_
 9.161796e-14 1.416919e-13 1.774870e-10 1.777203e-10 _23424_
 9.284336e-14 1.337347e-13 1.774870e-10 1.777136e-10 _23464_
 1.700438e-14 2.088947e-13 1.774872e-10 1.777131e-10 _11984_
 1.789300e-14 2.074989e-13 1.774872e-10 1.777126e-10 _12292_
 1.791418e-14 2.038604e-13 1.774872e-10 1.777090e-10 _11985_
 9.111418e-14 1.254310e-13 1.774870e-10 1.777036e-10 _22743_
 1.800148e-14 1.950710e-13 1.774872e-10 1.777003e-10 _12300_
 1.691309e-14 1.944831e-13 1.774872e-10 1.776986e-10 _12303_
 1.722931e-14 1.896263e-13 1.774872e-10 1.776941e-10 _12170_
 1.685363e-14 1.882670e-13 1.774872e-10 1.776923e-10 _12040_
 1.796454e-14 1.833888e-13 1.774872e-10 1.776886e-10 _12180_
 1.777087e-14 1.765806e-13 1.774872e-10 1.776816e-10 _12281_
 1.772003e-14 1.726657e-13 1.774872e-10 1.776776e-10 _12297_
 1.675656e-14 1.732104e-13 1.774872e-10 1.776772e-10 _12287_
 1.783186e-14 1.710527e-13 1.774872e-10 1.776761e-10 _12219_
 1.702769e-14 1.692905e-13 1.774872e-10 1.776735e-10 _14770_
 1.716828e-14 1.649221e-13 1.774872e-10 1.776693e-10 _12307_
 1.724378e-14 1.634345e-13 1.774872e-10 1.776679e-10 _16170_
 1.793428e-14 1.623651e-13 1.774872e-10 1.776675e-10 _12172_
 1.793317e-14 1.610455e-13 1.774872e-10 1.776662e-10 _12041_
 1.770291e-14 1.592832e-13 1.774872e-10 1.776642e-10 _12161_
 4.576475e-14 1.270935e-13 1.774870e-10 1.776599e-10 _22879_
 1.709068e-14 1.540279e-13 1.774872e-10 1.776583e-10 _11947_
 1.702327e-14 1.493705e-13 1.774872e-10 1.776536e-10 _12310_
 1.723383e-14 1.476205e-13 1.774872e-10 1.776521e-10 _14274_
 1.773884e-14 1.459112e-13 1.774872e-10 1.776509e-10 _12038_
 1.661486e-14 1.442843e-13 1.774872e-10 1.776481e-10 _12220_
 5.033416e-14 1.046600e-13 1.774870e-10 1.776420e-10 _13139_
 1.648942e-14 1.312679e-13 1.774872e-10 1.776350e-10 _13523_
 1.655988e-14 1.310200e-13 1.774872e-10 1.776348e-10 _12305_
 1.714952e-14 1.287998e-13 1.774872e-10 1.776332e-10 _12423_
 1.769815e-14 1.271811e-13 1.774872e-10 1.776321e-10 _12298_
 1.705760e-14 1.263605e-13 1.774872e-10 1.776306e-10 _13319_
 1.760533e-14 1.243993e-13 1.774872e-10 1.776292e-10 _11949_
 1.609268e-14 1.241453e-13 1.774872e-10 1.776274e-10 _12293_
 1.739204e-14 1.192016e-13 1.774872e-10 1.776238e-10 _12299_
 1.656662e-14 1.118712e-13 1.774872e-10 1.776156e-10 _12218_
 1.741113e-14 1.090266e-13 1.774872e-10 1.776136e-10 _11982_
 1.740460e-14 1.042991e-13 1.774872e-10 1.776089e-10 _12296_
 1.691763e-14 1.017006e-13 1.774872e-10 1.776058e-10 _12306_
 1.671910e-14 1.009863e-13 1.774872e-10 1.776049e-10 _12039_
 1.603420e-14 1.001300e-13 1.774872e-10 1.776034e-10 _11948_
 1.667481e-14 9.741964e-14 1.774872e-10 1.776013e-10 _13393_
 1.611478e-14 9.597435e-14 1.774872e-10 1.775993e-10 _13201_
 1.642405e-14 9.384221e-14 1.774872e-10 1.775975e-10 _14566_
 1.641849e-14 9.101336e-14 1.774872e-10 1.775946e-10 _12294_
 1.597636e-14 9.090612e-14 1.774872e-10 1.775941e-10 _13130_
 1.612637e-14 9.070447e-14 1.774872e-10 1.775940e-10 _13937_
 1.613521e-14 8.712468e-14 1.774872e-10 1.775905e-10 _14924_
 1.646455e-14 8.551003e-14 1.774872e-10 1.775892e-10 _14712_
 1.602049e-14 8.517550e-14 1.774872e-10 1.775884e-10 _13794_
 1.609481e-14 8.469075e-14 1.774872e-10 1.775880e-10 _13978_
 1.659769e-14 8.337622e-14 1.774872e-10 1.775872e-10 _14346_
 1.608753e-14 8.201415e-14 1.774872e-10 1.775853e-10 _13614_
 1.606343e-14 8.182565e-14 1.774872e-10 1.775851e-10 _13497_
 1.705981e-14 8.049912e-14 1.774872e-10 1.775848e-10 _17383_
 1.608717e-14 7.880676e-14 1.774872e-10 1.775821e-10 _14454_
 1.602129e-14 7.811349e-14 1.774872e-10 1.775813e-10 _13575_
 1.595491e-14 7.810185e-14 1.774872e-10 1.775813e-10 _12619_
 1.596350e-14 7.717367e-14 1.774872e-10 1.775803e-10 _12829_
 1.580948e-14 7.577101e-14 1.774872e-10 1.775788e-10 _14247_
 1.598765e-14 7.466425e-14 1.774872e-10 1.775779e-10 _13831_
 1.591604e-14 7.095512e-14 1.774872e-10 1.775741e-10 _14853_
 1.603182e-14 6.788714e-14 1.774872e-10 1.775711e-10 _13351_
 1.584582e-14 6.718278e-14 1.774872e-10 1.775702e-10 _13688_
 1.587848e-14 6.648450e-14 1.774872e-10 1.775696e-10 _12723_
 1.587632e-14 6.615398e-14 1.774872e-10 1.775692e-10 _13391_
 1.610084e-14 6.574616e-14 1.774872e-10 1.775691e-10 _14957_
 1.568621e-14 6.407449e-14 1.774872e-10 1.775670e-10 _14564_
 1.567547e-14 6.329886e-14 1.774872e-10 1.775662e-10 _14050_
 1.633962e-14 6.258142e-14 1.774872e-10 1.775661e-10 _14052_
 1.647660e-14 6.049957e-14 1.774872e-10 1.775642e-10 _12831_
 1.632414e-14 6.050914e-14 1.774872e-10 1.775640e-10 _12939_
 1.578046e-14 5.949895e-14 1.774872e-10 1.775625e-10 _14234_
 1.599806e-14 5.901382e-14 1.774872e-10 1.775622e-10 _14381_
 3.096958e-14 4.406395e-14 1.774871e-10 1.775621e-10 _12502_
 3.086355e-14 4.375551e-14 1.774871e-10 1.775617e-10 _22059_
 1.573271e-14 5.623953e-14 1.774872e-10 1.775592e-10 _15077_
 1.588693e-14 5.526650e-14 1.774872e-10 1.775584e-10 _14885_
 1.589984e-14 5.348984e-14 1.774872e-10 1.775566e-10 _14158_
 1.583889e-14 5.351251e-14 1.774872e-10 1.775566e-10 _12652_
 1.568205e-14 5.093983e-14 1.774872e-10 1.775538e-10 _12793_
 1.566131e-14 4.884662e-14 1.774872e-10 1.775517e-10 _13273_
 1.584028e-14 4.764415e-14 1.774872e-10 1.775507e-10 _11983_
 1.568094e-14 4.678498e-14 1.774872e-10 1.775497e-10 _14492_
 1.552479e-14 4.625313e-14 1.774872e-10 1.775490e-10 _13317_
 1.538372e-14 4.517664e-14 1.774872e-10 1.775478e-10 _15072_
 1.574756e-14 4.402822e-14 1.774872e-10 1.775470e-10 _14012_
 1.986663e-13 2.240143e-12 1.751060e-10 1.775448e-10 _12234_
 1.564814e-14 4.160901e-14 1.774872e-10 1.775445e-10 _13648_
 1.557730e-14 4.153182e-14 1.774872e-10 1.775443e-10 _14819_
 1.558846e-14 4.048404e-14 1.774872e-10 1.775433e-10 _12029_
 1.557061e-14 3.995751e-14 1.774872e-10 1.775427e-10 _13721_
 1.559403e-14 3.908807e-14 1.774872e-10 1.775419e-10 _13865_
 1.547364e-14 3.828917e-14 1.774872e-10 1.775410e-10 _14310_
 1.555628e-14 3.612025e-14 1.774872e-10 1.775389e-10 _13059_
 1.546865e-14 3.588310e-14 1.774872e-10 1.775386e-10 _13903_
 1.538062e-14 3.499977e-14 1.774872e-10 1.775376e-10 _14124_
 2.532641e-13 2.139741e-12 1.751060e-10 1.774990e-10 _12090_
 9.493977e-20 1.029024e-18 1.774871e-10 1.774871e-10 _12324_
 1.863179e-13 2.080769e-12 1.751060e-10 1.773731e-10 _11953_
 1.969714e-13 2.069083e-12 1.751060e-10 1.773721e-10 _12066_
 2.590278e-13 1.979178e-12 1.751060e-10 1.773442e-10 _19726_
 1.922554e-13 2.029806e-12 1.751060e-10 1.773281e-10 _12078_
 1.893465e-13 2.014173e-12 1.751060e-10 1.773095e-10 _12095_
 3.191942e-13 1.875980e-12 1.751060e-10 1.773012e-10 _18014_
 1.965315e-13 1.960357e-12 1.751060e-10 1.772629e-10 _12215_
 1.967210e-13 1.897163e-12 1.751060e-10 1.771999e-10 _12251_
 4.595356e-13 1.562461e-12 1.751058e-10 1.771278e-10 _23473_
 2.633466e-13 1.756248e-12 1.751060e-10 1.771256e-10 _12193_
 1.457889e-13 1.865797e-12 1.751059e-10 1.771174e-10 _22377_
 1.968634e-13 1.794919e-12 1.751060e-10 1.770978e-10 _11944_
 1.542581e-13 1.786314e-12 1.751059e-10 1.770464e-10 _21997_
 3.285469e-13 1.609917e-12 1.751060e-10 1.770445e-10 _12157_
 2.269743e-13 1.658666e-12 1.751059e-10 1.769915e-10 _14724_
 2.619014e-13 1.610296e-12 1.751060e-10 1.769782e-10 _12226_
 2.264346e-13 1.638393e-12 1.751058e-10 1.769707e-10 _15495_
 2.219078e-13 1.604584e-12 1.751058e-10 1.769323e-10 _19261_
 1.193267e-13 1.688610e-12 1.751060e-10 1.769139e-10 _12239_
 3.044408e-13 1.488032e-12 1.751060e-10 1.768985e-10 _19134_
 1.193867e-13 1.631691e-12 1.751060e-10 1.768571e-10 _12073_
 2.213056e-13 1.523115e-12 1.751059e-10 1.768503e-10 _13563_
 2.589295e-13 1.483305e-12 1.751060e-10 1.768482e-10 _12069_
 1.952874e-13 1.541282e-12 1.751060e-10 1.768426e-10 _12131_
 2.817765e-13 1.406470e-12 1.751058e-10 1.767941e-10 _20054_
 1.204216e-13 1.552344e-12 1.751060e-10 1.767788e-10 _12222_
 1.958328e-13 1.461481e-12 1.751060e-10 1.767633e-10 _12258_
 1.603045e-13 1.465741e-12 1.751059e-10 1.767319e-10 _14289_
 1.930903e-13 1.428500e-12 1.751060e-10 1.767276e-10 _12094_
 1.191728e-13 1.471834e-12 1.751060e-10 1.766970e-10 _12153_
 1.545841e-13 1.390695e-12 1.751059e-10 1.766512e-10 _20672_
 1.929974e-13 1.350653e-12 1.751060e-10 1.766497e-10 _12036_
 1.861278e-13 1.319168e-12 1.751060e-10 1.766113e-10 _12201_
 1.862984e-13 1.315822e-12 1.751060e-10 1.766081e-10 _14686_
 1.261790e-13 1.375519e-12 1.751060e-10 1.766077e-10 _12202_
 1.251835e-13 1.342657e-12 1.751060e-10 1.765739e-10 _12144_
 2.456747e-13 1.215734e-12 1.751060e-10 1.765674e-10 _12056_
 1.869732e-13 1.271771e-12 1.751060e-10 1.765648e-10 _14067_
 1.871678e-13 1.260002e-12 1.751060e-10 1.765532e-10 _14142_
 1.542455e-13 1.289862e-12 1.751058e-10 1.765499e-10 _17553_
 1.839153e-13 1.245409e-12 1.751060e-10 1.765353e-10 _12121_
 1.438242e-13 1.278134e-12 1.751059e-10 1.765278e-10 _22264_
 1.453108e-13 1.273433e-12 1.751058e-10 1.765246e-10 _21043_
 1.259390e-13 1.289088e-12 1.751060e-10 1.765210e-10 _12133_
 1.877333e-13 1.205499e-12 1.751060e-10 1.764993e-10 _12848_
 2.165879e-13 1.171708e-12 1.751059e-10 1.764942e-10 _13558_
 1.573569e-13 1.214109e-12 1.751058e-10 1.764773e-10 _20214_
 1.571920e-13 1.193683e-12 1.751058e-10 1.764567e-10 _15488_
 1.250281e-13 1.209390e-12 1.751060e-10 1.764404e-10 _12242_
 1.247973e-13 1.188337e-12 1.751060e-10 1.764191e-10 _12257_
 1.563350e-13 1.150270e-12 1.751058e-10 1.764124e-10 _18643_
 2.180294e-13 1.085044e-12 1.751058e-10 1.764089e-10 _18952_
 1.563248e-13 1.135303e-12 1.751059e-10 1.763975e-10 _19415_
 1.252120e-13 1.163850e-12 1.751060e-10 1.763951e-10 _12247_
 1.165998e-13 1.165398e-12 1.751061e-10 1.763881e-10 _19566_
 1.231006e-13 1.158881e-12 1.751060e-10 1.763880e-10 _12074_
 2.131173e-13 1.057872e-12 1.751058e-10 1.763768e-10 _19889_
 1.517318e-13 1.110063e-12 1.751058e-10 1.763676e-10 _20207_
 1.506342e-13 1.095935e-12 1.751058e-10 1.763524e-10 _16295_
 2.098553e-13 1.030235e-12 1.751058e-10 1.763459e-10 _17891_
 2.097829e-13 1.012668e-12 1.751059e-10 1.763283e-10 _19419_
 1.558902e-13 1.065608e-12 1.751058e-10 1.763273e-10 _18337_
 1.534090e-13 1.066894e-12 1.751058e-10 1.763261e-10 _17056_
 1.565814e-13 1.062535e-12 1.751058e-10 1.763250e-10 _18495_
 1.509745e-13 1.058643e-12 1.751058e-10 1.763154e-10 _13485_
 1.531568e-13 1.055788e-12 1.751059e-10 1.763149e-10 _13338_
 1.558687e-13 1.042502e-12 1.751059e-10 1.763042e-10 _18488_
 1.832255e-13 1.011376e-12 1.751060e-10 1.763006e-10 _12229_
 1.541480e-13 1.032054e-12 1.751058e-10 1.762920e-10 _18650_
 1.826901e-13 1.000467e-12 1.751060e-10 1.762892e-10 _12267_
 1.534608e-13 1.007999e-12 1.751058e-10 1.762673e-10 _18173_
 1.530349e-13 1.002240e-12 1.751058e-10 1.762611e-10 _17063_
 1.240671e-13 1.019411e-12 1.751060e-10 1.762495e-10 _12089_
 1.513383e-13 9.922072e-13 1.751059e-10 1.762494e-10 _14298_
 2.055026e-13 9.330857e-13 1.751059e-10 1.762444e-10 _13780_
 1.804289e-13 9.513445e-13 1.751060e-10 1.762378e-10 _11920_
 1.241164e-13 1.006976e-12 1.751060e-10 1.762371e-10 _12071_
 1.532916e-13 9.566846e-13 1.751058e-10 1.762158e-10 _14806_
 1.892704e-13 9.175197e-13 1.751060e-10 1.762128e-10 _12237_
 2.079043e-13 8.813240e-13 1.751058e-10 1.761951e-10 _15976_
 1.533379e-13 9.341288e-13 1.751058e-10 1.761933e-10 _14215_
 2.116447e-13 8.710665e-13 1.751058e-10 1.761885e-10 _15658_
 1.198909e-13 9.586611e-13 1.751060e-10 1.761846e-10 _11961_
 2.142725e-13 8.598827e-13 1.751058e-10 1.761800e-10 _19885_
 1.205700e-13 9.405458e-13 1.751060e-10 1.761671e-10 _14439_
 1.502991e-13 9.066211e-13 1.751059e-10 1.761628e-10 _14727_
 1.516658e-13 8.950778e-13 1.751059e-10 1.761526e-10 _14801_
 1.186603e-13 9.082778e-13 1.751061e-10 1.761330e-10 _11999_
 1.518979e-13 8.724906e-13 1.751058e-10 1.761302e-10 _17699_
 1.185240e-13 9.006477e-13 1.751060e-10 1.761252e-10 _12224_
 2.139398e-13 7.999494e-13 1.751059e-10 1.761198e-10 _19580_
 2.542174e-13 7.459056e-13 1.751060e-10 1.761061e-10 _12135_
 1.443628e-13 8.452463e-13 1.751058e-10 1.760954e-10 _17710_
 1.175520e-13 8.692106e-13 1.751060e-10 1.760928e-10 _12313_
 1.538020e-13 8.330672e-13 1.751058e-10 1.760927e-10 _18799_
 1.224062e-13 8.614454e-13 1.751061e-10 1.760899e-10 _11977_
 1.233272e-13 8.452650e-13 1.751060e-10 1.760746e-10 _11980_
 1.228201e-13 8.375064e-13 1.751061e-10 1.760664e-10 _12001_
 1.523893e-13 8.030237e-13 1.751058e-10 1.760612e-10 _15812_
 1.533197e-13 7.814366e-13 1.751058e-10 1.760406e-10 _20374_
 1.885545e-13 7.034155e-13 1.751060e-10 1.759980e-10 _12214_
 2.097153e-13 6.726736e-13 1.751058e-10 1.759882e-10 _20058_
 1.905003e-13 6.908573e-13 1.751058e-10 1.759872e-10 _21071_
 8.176198e-14 7.968511e-13 1.751058e-10 1.759844e-10 _21806_
 1.892552e-13 6.791586e-13 1.751058e-10 1.759743e-10 _22462_
 1.490914e-13 7.188276e-13 1.751058e-10 1.759737e-10 _19733_
 1.399338e-13 7.276581e-13 1.751058e-10 1.759734e-10 _21936_
 2.504736e-13 6.042363e-13 1.751060e-10 1.759607e-10 _12146_
 1.414332e-13 7.130206e-13 1.751059e-10 1.759603e-10 _21339_
 1.515406e-13 7.016749e-13 1.751058e-10 1.759590e-10 _19878_
 1.192206e-13 7.328667e-13 1.751060e-10 1.759581e-10 _13996_
 1.405371e-13 7.111099e-13 1.751059e-10 1.759575e-10 _12806_
 1.219490e-13 7.259067e-13 1.751060e-10 1.759539e-10 _12167_
 1.175439e-13 7.267840e-13 1.751060e-10 1.759503e-10 _12072_
 8.530060e-14 7.529485e-13 1.751059e-10 1.759441e-10 _22446_
 2.597527e-13 5.740824e-13 1.751058e-10 1.759397e-10 _19148_
 1.417710e-13 6.907113e-13 1.751059e-10 1.759383e-10 _21315_
 1.849782e-13 6.417609e-13 1.751060e-10 1.759328e-10 _19880_
 1.161741e-13 7.083622e-13 1.751060e-10 1.759305e-10 _11966_
 1.511823e-13 6.590284e-13 1.751058e-10 1.759160e-10 _16588_
 1.170816e-13 6.929266e-13 1.751060e-10 1.759160e-10 _13922_
 1.225678e-13 6.864736e-13 1.751060e-10 1.759151e-10 _12060_
 8.490666e-14 7.219836e-13 1.751058e-10 1.759127e-10 _16730_
 2.119860e-13 5.932160e-13 1.751058e-10 1.759110e-10 _16133_
 1.219414e-13 6.694593e-13 1.751060e-10 1.758974e-10 _12203_
 1.873860e-13 6.021488e-13 1.751060e-10 1.758955e-10 _11906_
 1.873336e-13 6.006195e-13 1.751060e-10 1.758940e-10 _11907_
 8.784565e-14 6.933136e-13 1.751058e-10 1.758870e-10 _12843_
 1.214398e-13 6.481548e-13 1.751060e-10 1.758756e-10 _12076_
 1.892395e-13 5.788246e-13 1.751058e-10 1.758739e-10 _20872_
 5.148298e-14 7.159392e-13 1.751060e-10 1.758735e-10 _12263_
 1.219106e-13 6.381129e-13 1.751060e-10 1.758660e-10 _12127_
 1.484659e-13 6.102357e-13 1.751058e-10 1.758645e-10 _17388_
 5.237466e-14 7.026089e-13 1.751061e-10 1.758610e-10 _12277_
 1.853042e-13 5.649811e-13 1.751060e-10 1.758563e-10 _11905_
 1.865347e-13 5.630735e-13 1.751060e-10 1.758556e-10 _11912_
 1.869132e-13 5.582674e-13 1.751060e-10 1.758512e-10 _12192_
 5.465028e-14 6.868853e-13 1.751060e-10 1.758475e-10 _11973_
 8.658691e-14 6.546521e-13 1.751058e-10 1.758471e-10 _17546_
 5.375807e-14 6.833075e-13 1.751060e-10 1.758430e-10 _11927_
 5.086469e-14 6.855635e-13 1.751060e-10 1.758424e-10 _12116_
 5.407257e-14 6.777376e-13 1.751060e-10 1.758378e-10 _12150_
 5.169834e-14 6.787798e-13 1.751061e-10 1.758365e-10 _12272_
 1.892009e-13 5.323561e-13 1.751060e-10 1.758276e-10 _19912_
 5.133943e-14 6.526092e-13 1.751060e-10 1.758099e-10 _11974_
 1.854839e-13 5.183655e-13 1.751060e-10 1.758098e-10 _11969_
 2.451765e-13 4.562162e-13 1.751058e-10 1.758072e-10 _22646_
 5.380214e-14 6.348763e-13 1.751060e-10 1.757947e-10 _12053_
 5.098612e-14 6.321330e-13 1.751060e-10 1.757892e-10 _11916_
 5.341479e-14 6.247791e-13 1.751060e-10 1.757842e-10 _11917_
 1.152186e-13 5.592024e-13 1.751060e-10 1.757805e-10 _12061_
 5.361172e-14 6.185936e-13 1.751060e-10 1.757782e-10 _12117_
 1.210398e-13 5.503160e-13 1.751060e-10 1.757774e-10 _12154_
 1.825451e-13 4.874406e-13 1.751060e-10 1.757760e-10 _12002_
 5.367274e-14 6.154302e-13 1.751060e-10 1.757751e-10 _12151_
 1.152158e-13 5.459287e-13 1.751060e-10 1.757671e-10 _13705_
 1.202254e-13 5.364970e-13 1.751060e-10 1.757627e-10 _12241_
 1.718675e-13 4.847731e-13 1.751060e-10 1.757627e-10 _16154_
 5.127135e-14 6.013517e-13 1.751061e-10 1.757587e-10 _12273_
 1.977863e-13 4.514305e-13 1.751058e-10 1.757551e-10 _21255_
 5.075618e-14 5.955603e-13 1.751060e-10 1.757523e-10 _12086_
 1.404655e-13 5.021336e-13 1.751058e-10 1.757484e-10 _14220_
 1.840563e-13 4.481441e-13 1.751059e-10 1.757381e-10 _22032_
 1.872463e-13 4.410589e-13 1.751059e-10 1.757342e-10 _23078_
 1.859796e-13 4.418713e-13 1.751058e-10 1.757337e-10 _22597_
 1.433065e-13 4.839897e-13 1.751058e-10 1.757331e-10 _18026_
 1.386105e-13 4.877704e-13 1.751058e-10 1.757322e-10 _19771_
 1.445791e-13 4.725894e-13 1.751059e-10 1.757230e-10 _21447_
 5.056332e-14 5.652950e-13 1.751060e-10 1.757218e-10 _11926_
 5.312600e-14 5.608483e-13 1.751060e-10 1.757200e-10 _12261_
 1.395643e-13 4.668975e-13 1.751058e-10 1.757123e-10 _23069_
 5.096798e-14 5.549486e-13 1.751060e-10 1.757119e-10 _12196_
 5.040781e-14 5.525828e-13 1.751060e-10 1.757090e-10 _12085_
 8.499703e-14 5.157744e-13 1.751058e-10 1.757066e-10 _19408_
 8.697231e-14 5.069800e-13 1.751058e-10 1.756998e-10 _13917_
 5.384640e-14 5.392822e-13 1.751060e-10 1.756991e-10 _12052_
 5.229951e-14 5.333672e-13 1.751060e-10 1.756917e-10 _12235_
 8.402172e-14 4.949469e-13 1.751058e-10 1.756848e-10 _16446_
 8.437802e-14 4.939632e-13 1.751058e-10 1.756842e-10 _13555_
 8.508809e-14 4.915766e-13 1.751058e-10 1.756825e-10 _13040_
 1.848691e-13 3.916455e-13 1.751058e-10 1.756823e-10 _22472_
 1.845893e-13 3.853272e-13 1.751059e-10 1.756758e-10 _23584_
 1.429286e-13 4.227400e-13 1.751058e-10 1.756715e-10 _18963_
 1.398454e-13 4.192837e-13 1.751058e-10 1.756650e-10 _21266_
 1.845205e-13 3.741710e-13 1.751058e-10 1.756645e-10 _22763_
 1.423582e-13 4.132061e-13 1.751058e-10 1.756614e-10 _18499_
 8.414818e-14 4.573159e-13 1.751058e-10 1.756473e-10 _17706_
 8.440559e-14 4.508317e-13 1.751058e-10 1.756411e-10 _13775_
 1.849171e-13 3.429213e-13 1.751058e-10 1.756337e-10 _22773_
 8.365335e-14 4.396656e-13 1.751058e-10 1.756291e-10 _19577_
 1.400057e-13 3.700159e-13 1.751058e-10 1.756159e-10 _21441_
 5.328471e-14 4.456967e-13 1.751060e-10 1.756050e-10 _12264_
 1.256246e-13 3.705770e-13 1.751059e-10 1.756021e-10 _22978_
 1.410072e-13 3.521718e-13 1.751058e-10 1.755990e-10 _15499_
 1.404809e-13 3.475869e-13 1.751058e-10 1.755939e-10 _22244_
 5.354271e-14 4.329896e-13 1.751060e-10 1.755925e-10 _12195_
 1.185579e-13 3.676766e-13 1.751060e-10 1.755922e-10 _11909_
 1.270488e-13 3.552683e-13 1.751058e-10 1.755882e-10 _23710_
 8.391805e-14 3.967010e-13 1.751058e-10 1.755865e-10 _20047_
 4.945570e-14 4.254420e-13 1.751061e-10 1.755810e-10 _12280_
 4.911284e-14 4.211015e-13 1.751060e-10 1.755762e-10 _12114_
 5.288562e-14 4.165165e-13 1.751060e-10 1.755754e-10 _12104_
 1.834585e-13 2.832479e-13 1.751058e-10 1.755726e-10 _23067_
 1.368069e-13 3.286761e-13 1.751059e-10 1.755713e-10 _21803_
 1.834249e-13 2.803935e-13 1.751058e-10 1.755697e-10 _23551_
 5.344529e-14 4.101504e-13 1.751060e-10 1.755696e-10 _11971_
 7.769234e-14 3.860557e-13 1.751058e-10 1.755696e-10 _21119_
 1.100350e-13 3.436183e-13 1.751060e-10 1.755597e-10 _12126_
 5.307221e-14 3.968239e-13 1.751060e-10 1.755559e-10 _11914_
 5.336692e-14 3.960004e-13 1.751060e-10 1.755553e-10 _12148_
 8.215638e-14 3.525799e-13 1.751058e-10 1.755406e-10 _16594_
 8.449493e-14 3.482274e-13 1.751058e-10 1.755385e-10 _20366_
 5.308675e-14 3.791178e-13 1.751060e-10 1.755382e-10 _11924_
 5.119109e-14 3.808189e-13 1.751061e-10 1.755381e-10 _14870_
 1.235243e-13 3.082042e-13 1.751058e-10 1.755376e-10 _23651_
 5.321713e-14 3.726451e-13 1.751060e-10 1.755318e-10 _12049_
 1.252576e-13 2.997647e-13 1.751058e-10 1.755309e-10 _22550_
 7.763089e-14 3.472598e-13 1.751058e-10 1.755307e-10 _21417_
 1.238652e-13 2.735244e-13 1.751058e-10 1.755032e-10 _22577_
 8.259197e-14 3.132128e-13 1.751058e-10 1.755016e-10 _16130_
 1.240180e-13 2.531899e-13 1.751058e-10 1.754831e-10 _21815_
 5.238397e-14 3.234038e-13 1.751060e-10 1.754818e-10 _12139_
 1.245024e-13 2.479887e-13 1.751059e-10 1.754784e-10 _23199_
 1.239935e-13 2.484114e-13 1.751058e-10 1.754782e-10 _23518_
 1.228578e-13 2.427964e-13 1.751058e-10 1.754715e-10 _23569_
 5.201860e-14 3.113929e-13 1.751060e-10 1.754694e-10 _12120_
 1.256878e-13 2.326635e-13 1.751058e-10 1.754642e-10 _21151_
 1.238143e-13 2.341233e-13 1.751058e-10 1.754638e-10 _22558_
 4.945477e-14 3.078151e-13 1.751060e-10 1.754632e-10 _11993_
 1.230875e-13 2.284564e-13 1.751058e-10 1.754574e-10 _23025_
 8.093394e-14 2.695846e-13 1.751058e-10 1.754563e-10 _20037_
 1.243168e-13 2.230940e-13 1.751058e-10 1.754533e-10 _23666_
 1.228729e-13 2.230275e-13 1.751058e-10 1.754518e-10 _22800_
 1.233329e-13 2.206046e-13 1.751058e-10 1.754498e-10 _22194_
 5.001887e-14 2.909128e-13 1.751060e-10 1.754469e-10 _12115_
 5.170795e-14 2.845971e-13 1.751060e-10 1.754423e-10 _12050_
 1.239376e-13 2.099887e-13 1.751058e-10 1.754398e-10 _22754_
 4.970811e-14 2.825612e-13 1.751060e-10 1.754383e-10 _11972_
 1.246184e-13 2.040071e-13 1.751059e-10 1.754345e-10 _21376_
 1.225713e-13 2.039999e-13 1.751059e-10 1.754324e-10 _23238_
 4.902197e-14 2.772878e-13 1.751060e-10 1.754323e-10 _12138_
 4.958372e-14 2.683391e-13 1.751060e-10 1.754239e-10 _11925_
 1.240606e-13 1.919105e-13 1.751058e-10 1.754218e-10 _23175_
 1.253220e-13 1.877918e-13 1.751058e-10 1.754190e-10 _21698_
 1.250075e-13 1.877716e-13 1.751059e-10 1.754186e-10 _23182_
 4.917016e-14 2.633093e-13 1.751060e-10 1.754185e-10 _11915_
 7.831712e-14 2.331744e-13 1.751059e-10 1.754173e-10 _21727_
 1.216342e-13 1.865713e-13 1.751059e-10 1.754141e-10 _22490_
 1.236464e-13 1.836512e-13 1.751059e-10 1.754132e-10 _21228_
 1.224207e-13 1.836878e-13 1.751058e-10 1.754119e-10 _23001_
 1.217486e-13 1.814671e-13 1.751059e-10 1.754091e-10 _22912_
 1.216746e-13 1.805273e-13 1.751058e-10 1.754080e-10 _22158_
 1.222989e-13 1.795342e-13 1.751058e-10 1.754077e-10 _22716_
 7.710115e-14 2.233283e-13 1.751058e-10 1.754062e-10 _21328_
 1.219379e-13 1.782865e-13 1.751058e-10 1.754061e-10 _23049_
 1.217020e-13 1.731325e-13 1.751058e-10 1.754007e-10 _21637_
 4.910620e-14 2.451191e-13 1.751060e-10 1.754002e-10 _12149_
 1.234915e-13 1.663592e-13 1.751058e-10 1.753957e-10 _21964_
 1.214424e-13 1.657455e-13 1.751058e-10 1.753930e-10 _21562_
 5.161130e-14 2.339024e-13 1.751060e-10 1.753915e-10 _12080_
 4.885868e-14 2.306446e-13 1.751060e-10 1.753855e-10 _12105_
 6.268017e-14 2.135777e-13 1.751059e-10 1.753821e-10 _21287_
 4.785562e-14 2.199242e-13 1.751060e-10 1.753738e-10 _12312_
 4.805396e-14 2.095787e-13 1.751060e-10 1.753637e-10 _12262_
 6.340575e-14 1.892809e-13 1.751058e-10 1.753585e-10 _23157_
 1.713792e-14 2.340622e-13 1.751058e-10 1.753570e-10 _15174_
 8.011353e-14 1.700285e-13 1.751058e-10 1.753560e-10 _15819_
 6.185409e-14 1.701718e-13 1.751059e-10 1.753379e-10 _20909_
 6.261123e-14 1.636928e-13 1.751058e-10 1.753321e-10 _22873_
 6.216639e-14 1.630269e-13 1.751058e-10 1.753310e-10 _22481_
 6.183565e-14 1.465613e-13 1.751058e-10 1.753142e-10 _23432_
 6.265242e-14 1.453695e-13 1.751058e-10 1.753139e-10 _22506_
 6.273484e-14 1.410878e-13 1.751058e-10 1.753097e-10 _22431_
 4.755064e-14 1.472055e-13 1.751060e-10 1.753007e-10 _12084_
 1.703005e-14 1.749609e-13 1.751058e-10 1.752978e-10 _14764_
 6.195126e-14 1.269594e-13 1.751058e-10 1.752947e-10 _23799_
 1.801454e-14 1.622827e-13 1.751058e-10 1.752861e-10 _14797_
 6.140762e-14 1.143746e-13 1.751058e-10 1.752816e-10 _22412_
 6.146560e-14 1.135934e-13 1.751058e-10 1.752809e-10 _21337_
 6.152153e-14 1.127719e-13 1.751058e-10 1.752801e-10 _21248_
 6.154171e-14 1.100342e-13 1.751058e-10 1.752774e-10 _23370_
 6.238004e-14 1.086134e-13 1.751058e-10 1.752768e-10 _22345_
 6.206896e-14 1.084625e-13 1.751058e-10 1.752763e-10 _23619_
 6.179568e-14 1.081371e-13 1.751058e-10 1.752758e-10 _22846_
 4.661782e-14 1.164851e-13 1.751060e-10 1.752691e-10 _12051_
 6.115658e-14 1.001549e-13 1.751058e-10 1.752672e-10 _23008_
 6.109727e-14 9.506346e-14 1.751058e-10 1.752620e-10 _23762_
 1.749285e-14 1.365540e-13 1.751058e-10 1.752599e-10 _13477_
 1.784845e-14 1.361737e-13 1.751058e-10 1.752598e-10 _13594_
 6.102668e-14 8.455985e-14 1.751059e-10 1.752515e-10 _23265_
 1.567966e-14 1.037887e-13 1.751058e-10 1.752253e-10 _13214_
 1.719591e-14 9.989463e-14 1.751058e-10 1.752229e-10 _13516_
 1.635750e-14 9.905978e-14 1.751058e-10 1.752212e-10 _14255_
 1.670033e-14 7.693379e-14 1.751058e-10 1.751995e-10 _14030_
 1.683010e-14 7.347965e-14 1.751058e-10 1.751961e-10 _14975_
 1.696098e-14 6.931015e-14 1.751058e-10 1.751921e-10 _14616_
 1.728671e-14 6.749911e-14 1.751058e-10 1.751906e-10 _13955_
 1.626980e-14 6.814098e-14 1.751058e-10 1.751902e-10 _17381_
 1.559826e-14 6.869352e-14 1.751058e-10 1.751901e-10 _15068_
 1.671558e-14 6.664539e-14 1.751058e-10 1.751892e-10 _13444_
 1.708109e-14 5.989842e-14 1.751058e-10 1.751828e-10 _14543_
 1.540516e-14 5.907297e-14 1.751058e-10 1.751803e-10 _13212_
 1.662533e-14 5.462294e-14 1.751058e-10 1.751771e-10 _14903_
 1.668938e-14 5.066661e-14 1.751058e-10 1.751732e-10 _14176_
 1.667692e-14 4.672580e-14 1.751058e-10 1.751692e-10 _12882_
 1.631860e-14 4.623118e-14 1.751058e-10 1.751684e-10 _12670_
 1.598095e-14 4.592039e-14 1.751058e-10 1.751677e-10 _14402_
 1.655426e-14 3.968752e-14 1.751058e-10 1.751621e-10 _13666_
 1.540572e-14 4.064836e-14 1.751058e-10 1.751619e-10 _21014_
 1.558248e-14 3.684242e-14 1.751058e-10 1.751582e-10 _13221_
 1.655113e-14 3.295504e-14 1.751058e-10 1.751553e-10 _13883_
 1.525770e-14 3.378443e-14 1.751058e-10 1.751549e-10 _12754_
 1.580796e-14 3.286375e-14 1.751058e-10 1.751545e-10 _15392_
 1.599882e-14 3.237750e-14 1.751058e-10 1.751542e-10 _14472_
 1.653210e-14 3.178984e-14 1.751058e-10 1.751541e-10 _14102_
 1.643519e-14 2.995426e-14 1.751058e-10 1.751522e-10 _13739_
