     Internal    Switching      Leakage        Total
        Power        Power        Power        Power (Watts)
----------------------------------------------------
 1.642244e-05 5.985223e-06 6.510500e-10 2.240832e-05 clkbuf_0_clk
 1.675934e-05 3.044378e-06 6.510500e-10 1.980437e-05 clkbuf_1_0__f_clk
 1.703752e-05 1.599958e-06 6.510500e-10 1.863813e-05 clkbuf_1_1__f_clk
 1.527380e-09 6.175502e-09 6.315513e-10 8.334434e-09 clkbuf_0_w_clk
 1.795987e-09 3.786843e-09 6.315514e-10 6.214381e-09 clkbuf_0_v_clk
 1.711292e-09 2.869627e-09 6.315520e-10 5.212471e-09 clkbuf_2_3__f_core_clk
 1.713108e-09 2.784407e-09 6.315520e-10 5.129067e-09 clkbuf_2_1__f_core_clk
 1.714187e-09 2.733449e-09 6.315520e-10 5.079189e-09 clkbuf_2_0__f_core_clk
 1.720792e-09 2.421690e-09 6.315520e-10 4.774033e-09 clkbuf_2_2__f_core_clk
 1.793416e-09 1.963379e-09 6.315520e-10 4.388347e-09 clkbuf_0_core_clk
 6.058160e-10 3.208082e-09 3.407858e-10 4.154683e-09 clkbuf_2_2_0_v_clk
 1.430874e-09 1.856186e-09 6.315514e-10 3.918610e-09 clkbuf_5_15__f_v_clk
 1.452178e-09 1.662057e-09 6.315514e-10 3.745786e-09 clkbuf_5_24__f_v_clk
 6.056728e-10 2.775199e-09 3.407858e-10 3.721658e-09 clkbuf_2_3_0_v_clk
 1.452607e-09 1.632220e-09 6.315514e-10 3.716378e-09 clkbuf_5_28__f_v_clk
 6.024618e-10 2.763498e-09 3.407858e-10 3.706746e-09 clkbuf_2_0_0_v_clk
 1.440677e-09 1.629777e-09 6.315514e-10 3.702005e-09 clkbuf_5_12__f_v_clk
 1.454478e-09 1.605147e-09 6.315514e-10 3.691176e-09 clkbuf_5_26__f_v_clk
 1.454494e-09 1.599581e-09 6.315514e-10 3.685626e-09 clkbuf_5_27__f_v_clk
 1.454530e-09 1.592235e-09 6.315514e-10 3.678316e-09 clkbuf_5_29__f_v_clk
 1.453361e-09 1.585891e-09 6.315514e-10 3.670803e-09 clkbuf_5_7__f_v_clk
 1.456886e-09 1.561330e-09 6.315514e-10 3.649768e-09 clkbuf_5_25__f_v_clk
 6.014296e-10 2.702890e-09 3.407858e-10 3.645105e-09 clkbuf_2_1_0_v_clk
 1.443332e-09 1.568820e-09 6.315514e-10 3.643704e-09 clkbuf_5_8__f_v_clk
 1.443279e-09 1.568860e-09 6.315514e-10 3.643691e-09 clkbuf_5_9__f_v_clk
 1.533869e-09 1.474466e-09 6.315514e-10 3.639887e-09 clkbuf_5_17__f_v_clk
 1.457469e-09 1.535300e-09 6.315514e-10 3.624320e-09 clkbuf_5_30__f_v_clk
 1.456116e-09 1.525239e-09 6.315514e-10 3.612906e-09 clkbuf_5_6__f_v_clk
 1.455062e-09 1.521147e-09 6.315514e-10 3.607760e-09 clkbuf_5_3__f_v_clk
 1.456622e-09 1.509921e-09 6.315514e-10 3.598095e-09 clkbuf_5_5__f_v_clk
 6.536841e-10 2.594087e-09 3.407857e-10 3.588557e-09 clkbuf_4_12_0_w_clk
 1.537991e-09 1.401983e-09 6.315514e-10 3.571525e-09 clkbuf_5_18__f_v_clk
 1.539250e-09 1.375166e-09 6.315514e-10 3.545968e-09 clkbuf_5_16__f_v_clk
 1.459019e-09 1.451865e-09 6.315514e-10 3.542435e-09 clkbuf_5_4__f_v_clk
 8.324397e-10 2.362974e-09 3.407861e-10 3.536200e-09 clkbuf_leaf_13_core_clk
 1.462911e-09 1.422305e-09 6.315514e-10 3.516768e-09 clkbuf_5_31__f_v_clk
 1.542378e-09 1.317662e-09 6.315514e-10 3.491591e-09 clkbuf_5_19__f_v_clk
 1.452076e-09 1.403231e-09 6.315514e-10 3.486859e-09 clkbuf_5_14__f_v_clk
 1.452471e-09 1.377310e-09 6.315514e-10 3.461332e-09 clkbuf_5_11__f_v_clk
 1.544520e-09 1.265844e-09 6.315514e-10 3.441914e-09 clkbuf_5_20__f_v_clk
 1.464266e-09 1.327837e-09 6.315514e-10 3.423654e-09 clkbuf_5_2__f_v_clk
 1.464843e-09 1.324940e-09 6.315514e-10 3.421335e-09 clkbuf_5_1__f_v_clk
 1.456468e-09 1.300047e-09 6.315514e-10 3.388065e-09 clkbuf_5_13__f_v_clk
 1.456266e-09 1.298790e-09 6.315514e-10 3.386607e-09 clkbuf_5_10__f_v_clk
 1.548266e-09 1.203793e-09 6.315514e-10 3.383611e-09 clkbuf_5_23__f_v_clk
 1.547798e-09 1.202691e-09 6.315514e-10 3.382040e-09 clkbuf_5_21__f_v_clk
 1.470717e-09 1.202221e-09 6.315514e-10 3.304490e-09 clkbuf_5_0__f_v_clk
 1.556976e-09 1.054753e-09 6.315514e-10 3.243280e-09 clkbuf_5_22__f_v_clk
 8.335003e-10 1.971659e-09 3.407861e-10 3.145945e-09 clkbuf_leaf_21_core_clk
 7.177622e-10 1.885900e-09 3.407857e-10 2.944448e-09 clkbuf_4_4_0_w_clk
 6.639881e-10 1.908031e-09 3.407857e-10 2.912804e-09 clkbuf_4_13_0_w_clk
 6.769215e-10 1.851442e-09 3.407857e-10 2.869149e-09 clkbuf_4_8_0_w_clk
 7.230536e-10 1.779576e-09 3.407857e-10 2.843415e-09 clkbuf_4_7_0_w_clk
 8.396923e-10 1.640840e-09 3.407861e-10 2.821319e-09 clkbuf_leaf_20_core_clk
 6.651339e-10 1.812961e-09 3.407857e-10 2.818880e-09 clkbuf_4_11_0_w_clk
 6.972833e-10 1.769867e-09 3.407857e-10 2.807936e-09 clkbuf_4_2_0_w_clk
 7.059982e-10 1.755382e-09 3.407857e-10 2.802166e-09 clkbuf_4_0_0_w_clk
 7.247728e-10 1.716837e-09 3.407857e-10 2.782396e-09 clkbuf_4_5_0_w_clk
 8.408204e-10 1.591352e-09 3.407861e-10 2.772958e-09 clkbuf_leaf_19_core_clk
 7.084388e-10 1.710448e-09 3.407857e-10 2.759672e-09 clkbuf_4_1_0_w_clk
 6.659193e-10 1.742415e-09 3.407857e-10 2.749120e-09 clkbuf_4_15_0_w_clk
 6.734706e-10 1.696616e-09 3.407857e-10 2.710872e-09 clkbuf_4_10_0_w_clk
 6.802464e-10 1.681656e-09 3.407857e-10 2.702689e-09 clkbuf_4_9_0_w_clk
 7.032967e-10 1.628835e-09 3.407857e-10 2.672918e-09 clkbuf_4_3_0_w_clk
 7.273939e-10 1.558969e-09 3.407857e-10 2.627148e-09 clkbuf_4_6_0_w_clk
 6.694860e-10 1.580001e-09 3.407857e-10 2.590272e-09 clkbuf_4_14_0_w_clk
 8.484540e-10 1.192388e-09 3.407861e-10 2.381628e-09 clkbuf_leaf_26_core_clk
 8.529663e-10 9.933708e-10 3.407861e-10 2.187123e-09 clkbuf_leaf_25_core_clk
 8.546208e-10 9.887762e-10 3.407861e-10 2.184183e-09 clkbuf_leaf_24_core_clk
 8.542609e-10 9.378562e-10 3.407861e-10 2.132903e-09 clkbuf_leaf_27_core_clk
 8.551544e-10 9.107261e-10 3.407861e-10 2.106667e-09 clkbuf_leaf_33_core_clk
 8.565859e-10 9.042071e-10 3.407861e-10 2.101579e-09 clkbuf_leaf_22_core_clk
 8.553590e-10 8.927920e-10 3.407861e-10 2.088937e-09 clkbuf_leaf_28_core_clk
 8.570267e-10 8.844071e-10 3.407861e-10 2.082220e-09 clkbuf_leaf_23_core_clk
 8.575237e-10 8.607740e-10 3.407861e-10 2.059084e-09 clkbuf_leaf_16_core_clk
 8.562658e-10 8.571413e-10 3.407861e-10 2.054193e-09 clkbuf_leaf_31_core_clk
 8.568012e-10 8.276750e-10 3.407861e-10 2.025262e-09 clkbuf_leaf_29_core_clk
 8.591048e-10 7.936333e-10 3.407861e-10 1.993524e-09 clkbuf_leaf_15_core_clk
 8.574883e-10 7.944904e-10 3.407861e-10 1.992765e-09 clkbuf_leaf_34_core_clk
 8.595722e-10 7.720063e-10 3.407861e-10 1.972365e-09 clkbuf_leaf_18_core_clk
 8.605832e-10 7.336556e-10 3.407861e-10 1.935025e-09 clkbuf_leaf_0_core_clk
 8.628239e-10 7.253596e-10 3.407861e-10 1.928970e-09 clkbuf_leaf_17_core_clk
 8.635243e-10 6.976021e-10 3.407861e-10 1.901913e-09 clkbuf_leaf_30_core_clk
 8.636759e-10 6.966698e-10 3.407861e-10 1.901132e-09 clkbuf_leaf_32_core_clk
 8.688258e-10 6.774162e-10 3.407861e-10 1.887028e-09 clkbuf_leaf_9_core_clk
 8.722180e-10 6.338766e-10 3.407861e-10 1.846881e-09 clkbuf_leaf_12_core_clk
 8.592217e-10 6.375004e-10 3.407861e-10 1.837508e-09 clkbuf_leaf_5_core_clk
 8.616619e-10 6.060546e-10 3.407861e-10 1.808503e-09 clkbuf_leaf_4_core_clk
 8.617512e-10 6.054204e-10 3.407861e-10 1.807958e-09 clkbuf_leaf_3_core_clk
 8.615104e-10 6.044862e-10 3.407861e-10 1.806783e-09 clkbuf_leaf_6_core_clk
 8.625228e-10 5.859223e-10 3.407861e-10 1.789231e-09 clkbuf_leaf_8_core_clk
 1.203049e-10 1.469138e-09 1.814455e-10 1.770888e-09 fanout401
 8.807417e-10 5.260394e-10 3.407861e-10 1.747567e-09 clkbuf_leaf_10_core_clk
 8.669865e-10 5.317428e-10 3.407861e-10 1.739516e-09 clkbuf_leaf_7_core_clk
 9.604911e-11 1.414350e-09 2.056733e-10 1.716072e-09 fanout740
 8.736411e-10 4.470448e-10 3.407861e-10 1.661472e-09 clkbuf_leaf_1_core_clk
 8.881589e-10 4.317916e-10 3.407861e-10 1.660737e-09 clkbuf_leaf_11_core_clk
 8.752502e-10 4.182052e-10 3.407861e-10 1.634242e-09 clkbuf_leaf_2_core_clk
 8.923720e-10 3.771379e-10 3.407861e-10 1.610296e-09 clkbuf_leaf_14_core_clk
 6.840204e-10 5.046915e-10 3.407857e-10 1.529498e-09 clkbuf_leaf_85_w_clk
 6.844726e-10 4.980418e-10 3.407857e-10 1.523300e-09 clkbuf_leaf_73_w_clk
 6.847837e-10 4.927145e-10 3.407857e-10 1.518284e-09 clkbuf_leaf_75_w_clk
 5.217860e-11 1.333060e-09 1.270301e-10 1.512269e-09 _25740_
 6.289851e-10 4.701444e-10 3.407857e-10 1.439915e-09 clkbuf_leaf_19_w_clk
 6.986783e-10 3.813654e-10 3.407857e-10 1.420829e-09 clkbuf_leaf_74_w_clk
 5.704526e-10 5.018523e-10 3.407858e-10 1.413091e-09 clkbuf_leaf_181_v_clk
 6.299536e-10 4.371754e-10 3.407857e-10 1.407915e-09 clkbuf_leaf_41_w_clk
 6.253368e-10 4.397873e-10 3.407857e-10 1.405910e-09 clkbuf_leaf_133_w_clk
 9.331250e-10 0.000000e+00 4.608255e-10 1.393951e-09 clkload35
 6.403950e-10 4.020611e-10 3.407857e-10 1.383242e-09 clkbuf_leaf_95_w_clk
 6.361182e-10 4.024370e-10 3.407857e-10 1.379341e-09 clkbuf_leaf_20_w_clk
 6.296046e-10 4.086333e-10 3.407857e-10 1.379024e-09 clkbuf_leaf_7_w_clk
 6.409824e-10 3.961841e-10 3.407857e-10 1.377952e-09 clkbuf_leaf_82_w_clk
 7.049490e-10 3.294576e-10 3.407857e-10 1.375192e-09 clkbuf_leaf_86_w_clk
 6.367347e-10 3.971310e-10 3.407857e-10 1.374652e-09 clkbuf_leaf_16_w_clk
 6.339859e-10 3.984655e-10 3.407857e-10 1.373237e-09 clkbuf_leaf_57_w_clk
 9.102027e-10 0.000000e+00 4.608255e-10 1.371028e-09 clkload45
 6.419797e-10 3.856751e-10 3.407857e-10 1.368441e-09 clkbuf_leaf_81_w_clk
 6.354139e-10 3.847108e-10 3.407857e-10 1.360910e-09 clkbuf_leaf_58_w_clk
 6.358634e-10 3.802687e-10 3.407857e-10 1.356918e-09 clkbuf_leaf_42_w_clk
 6.433552e-10 3.670444e-10 3.407857e-10 1.351185e-09 clkbuf_leaf_114_w_clk
 6.331937e-10 3.737382e-10 3.407857e-10 1.347718e-09 clkbuf_leaf_23_w_clk
 6.400634e-10 3.656146e-10 3.407857e-10 1.346464e-09 clkbuf_leaf_27_w_clk
 6.336738e-10 3.688896e-10 3.407857e-10 1.343349e-09 clkbuf_leaf_9_w_clk
 2.534084e-10 7.484750e-10 3.407854e-10 1.342669e-09 fanout811
 6.375650e-10 3.638888e-10 3.407857e-10 1.342240e-09 clkbuf_leaf_43_w_clk
 6.288064e-10 3.710337e-10 3.407857e-10 1.340626e-09 clkbuf_leaf_125_w_clk
 6.223866e-10 3.737944e-10 3.407857e-10 1.336967e-09 clkbuf_leaf_10_w_clk
 6.383936e-10 3.561784e-10 3.407857e-10 1.335358e-09 clkbuf_leaf_39_w_clk
 6.335581e-10 3.593925e-10 3.407857e-10 1.333736e-09 clkbuf_leaf_1_w_clk
 6.455499e-10 3.462400e-10 3.407857e-10 1.332576e-09 clkbuf_leaf_112_w_clk
 6.232034e-10 3.655813e-10 3.407857e-10 1.329570e-09 clkbuf_leaf_11_w_clk
 6.390651e-10 3.496693e-10 3.407857e-10 1.329520e-09 clkbuf_leaf_38_w_clk
 6.301633e-10 3.576462e-10 3.407857e-10 1.328595e-09 clkbuf_leaf_124_w_clk
 6.461901e-10 3.404106e-10 3.407857e-10 1.327386e-09 clkbuf_leaf_127_w_clk
 6.424996e-10 3.420808e-10 3.407857e-10 1.325366e-09 clkbuf_leaf_22_w_clk
 6.472736e-10 3.370734e-10 3.407857e-10 1.325133e-09 clkbuf_leaf_83_w_clk
 6.473616e-10 3.365104e-10 3.407857e-10 1.324658e-09 clkbuf_leaf_97_w_clk
 6.237447e-10 3.600888e-10 3.407857e-10 1.324619e-09 clkbuf_leaf_8_w_clk
 6.306245e-10 3.530908e-10 3.407857e-10 1.324501e-09 clkbuf_leaf_126_w_clk
 6.466975e-10 3.350987e-10 3.407857e-10 1.322582e-09 clkbuf_leaf_128_w_clk
 6.467372e-10 3.348669e-10 3.407857e-10 1.322390e-09 clkbuf_leaf_109_w_clk
 6.474845e-10 3.281386e-10 3.407857e-10 1.316409e-09 clkbuf_leaf_110_w_clk
 6.482608e-10 3.271383e-10 3.407857e-10 1.316185e-09 clkbuf_leaf_84_w_clk
 6.435494e-10 3.317762e-10 3.407857e-10 1.316111e-09 clkbuf_leaf_21_w_clk
 6.316266e-10 3.430905e-10 3.407857e-10 1.315503e-09 clkbuf_leaf_123_w_clk
 6.195103e-10 3.508407e-10 3.407857e-10 1.311137e-09 clkbuf_leaf_53_w_clk
 6.362376e-10 3.332160e-10 3.407857e-10 1.310239e-09 clkbuf_leaf_13_w_clk
 6.324034e-10 3.354308e-10 3.407857e-10 1.308620e-09 clkbuf_leaf_122_w_clk
 6.257748e-10 3.395997e-10 3.407857e-10 1.306160e-09 clkbuf_leaf_12_w_clk
 6.200648e-10 3.451824e-10 3.407857e-10 1.306033e-09 clkbuf_leaf_63_w_clk
 6.380655e-10 3.260828e-10 3.407857e-10 1.304934e-09 clkbuf_leaf_5_w_clk
 6.352166e-10 3.270755e-10 3.407857e-10 1.303078e-09 clkbuf_leaf_64_w_clk
 6.382853e-10 3.236888e-10 3.407857e-10 1.302760e-09 clkbuf_leaf_2_w_clk
 6.210807e-10 3.350093e-10 3.407857e-10 1.296876e-09 clkbuf_leaf_54_w_clk
 6.342663e-10 3.174527e-10 3.407857e-10 1.292505e-09 clkbuf_leaf_131_w_clk
 6.345822e-10 3.142359e-10 3.407857e-10 1.289604e-09 clkbuf_leaf_132_w_clk
 5.764170e-10 3.683933e-10 3.407858e-10 1.285596e-09 clkbuf_leaf_209_v_clk
 6.522821e-10 2.896911e-10 3.407857e-10 1.282759e-09 clkbuf_leaf_80_w_clk
 6.445156e-10 2.969368e-10 3.407857e-10 1.282238e-09 clkbuf_leaf_40_w_clk
 9.405847e-10 0.000000e+00 3.407861e-10 1.281371e-09 clkload1
 6.397192e-10 2.989156e-10 3.407857e-10 1.279420e-09 clkbuf_leaf_134_w_clk
 6.518898e-10 2.863822e-10 3.407857e-10 1.279058e-09 clkbuf_leaf_111_w_clk
 6.524267e-10 2.810611e-10 3.407857e-10 1.274274e-09 clkbuf_leaf_113_w_clk
 6.343415e-10 2.929640e-10 3.407857e-10 1.268091e-09 clkbuf_leaf_46_w_clk
 6.434670e-10 2.809613e-10 3.407857e-10 1.265214e-09 clkbuf_leaf_93_w_clk
 6.535199e-10 2.708996e-10 3.407857e-10 1.265205e-09 clkbuf_leaf_129_w_clk
 6.542306e-10 2.696447e-10 3.407857e-10 1.264661e-09 clkbuf_leaf_76_w_clk
 6.496516e-10 2.739331e-10 3.407857e-10 1.264370e-09 clkbuf_leaf_25_w_clk
 6.545619e-10 2.686409e-10 3.407857e-10 1.263988e-09 clkbuf_leaf_79_w_clk
 6.242788e-10 2.976199e-10 3.407857e-10 1.262684e-09 clkbuf_leaf_116_w_clk
 6.383571e-10 2.830391e-10 3.407857e-10 1.262182e-09 clkbuf_leaf_103_w_clk
 6.499034e-10 2.703339e-10 3.407857e-10 1.261023e-09 clkbuf_leaf_28_w_clk
 5.929068e-10 3.261482e-10 3.407858e-10 1.259841e-09 clkbuf_leaf_71_v_clk
 6.250909e-10 2.934266e-10 3.407857e-10 1.259303e-09 clkbuf_leaf_52_w_clk
 6.443254e-10 2.716823e-10 3.407857e-10 1.256793e-09 clkbuf_leaf_94_w_clk
 6.384347e-10 2.762833e-10 3.407857e-10 1.255504e-09 clkbuf_leaf_130_w_clk
 6.554852e-10 2.577633e-10 3.407857e-10 1.254034e-09 clkbuf_leaf_77_w_clk
 6.408410e-10 2.723232e-10 3.407857e-10 1.253950e-09 clkbuf_leaf_68_w_clk
 6.558334e-10 2.566008e-10 3.407857e-10 1.253220e-09 clkbuf_leaf_78_w_clk
 6.258842e-10 2.809632e-10 3.407857e-10 1.247633e-09 clkbuf_leaf_90_w_clk
 6.452039e-10 2.616126e-10 3.407857e-10 1.247602e-09 clkbuf_leaf_91_w_clk
 5.841919e-10 3.182793e-10 3.407858e-10 1.243257e-09 clkbuf_leaf_180_v_clk
 6.371328e-10 2.647886e-10 3.407857e-10 1.242707e-09 clkbuf_leaf_29_w_clk
 6.269851e-10 2.742221e-10 3.407857e-10 1.241993e-09 clkbuf_leaf_55_w_clk
 6.272144e-10 2.721980e-10 3.407857e-10 1.240198e-09 clkbuf_leaf_60_w_clk
 6.423742e-10 2.567772e-10 3.407857e-10 1.239937e-09 clkbuf_leaf_70_w_clk
 5.891604e-10 3.097155e-10 3.407858e-10 1.239662e-09 clkbuf_leaf_87_v_clk
 6.425660e-10 2.549426e-10 3.407857e-10 1.238294e-09 clkbuf_leaf_71_w_clk
 6.376328e-10 2.596291e-10 3.407857e-10 1.238048e-09 clkbuf_leaf_48_w_clk
 6.377421e-10 2.585603e-10 3.407857e-10 1.237088e-09 clkbuf_leaf_17_w_clk
 6.468740e-10 2.487492e-10 3.407857e-10 1.236409e-09 clkbuf_leaf_98_w_clk
 6.276688e-10 2.672048e-10 3.407857e-10 1.235659e-09 clkbuf_leaf_56_w_clk
 6.429936e-10 2.513419e-10 3.407857e-10 1.235121e-09 clkbuf_leaf_62_w_clk
 6.380095e-10 2.558290e-10 3.407857e-10 1.234624e-09 clkbuf_leaf_18_w_clk
 6.433965e-10 2.473234e-10 3.407857e-10 1.231506e-09 clkbuf_leaf_69_w_clk
 5.851838e-10 3.047468e-10 3.407858e-10 1.230716e-09 clkbuf_leaf_183_v_clk
 5.953084e-10 2.945229e-10 3.407858e-10 1.230617e-09 clkbuf_leaf_74_v_clk
 6.277720e-10 2.616083e-10 3.407857e-10 1.230166e-09 clkbuf_leaf_115_w_clk
 5.900469e-10 2.978285e-10 3.407858e-10 1.228661e-09 clkbuf_leaf_86_v_clk
 5.803222e-10 3.072032e-10 3.407858e-10 1.228311e-09 clkbuf_leaf_11_v_clk
 9.006743e-11 9.557892e-10 1.814454e-10 1.227302e-09 fanout314
 6.388889e-10 2.473766e-10 3.407857e-10 1.227051e-09 clkbuf_leaf_34_w_clk
 6.438269e-10 2.422607e-10 3.407857e-10 1.226873e-09 clkbuf_leaf_65_w_clk
 6.424173e-10 2.428130e-10 3.407857e-10 1.226016e-09 clkbuf_leaf_106_w_clk
 5.856587e-10 2.983304e-10 3.407858e-10 1.224775e-09 clkbuf_leaf_190_v_clk
 5.959859e-10 2.864383e-10 3.407858e-10 1.223210e-09 clkbuf_leaf_69_v_clk
 5.961205e-10 2.852862e-10 3.407858e-10 1.222192e-09 clkbuf_leaf_72_v_clk
 5.877638e-10 2.916258e-10 3.407858e-10 1.220175e-09 clkbuf_leaf_96_v_clk
 6.484571e-10 2.306253e-10 3.407857e-10 1.219868e-09 clkbuf_leaf_92_w_clk
 6.431807e-10 2.356157e-10 3.407857e-10 1.219582e-09 clkbuf_leaf_101_w_clk
 5.810868e-10 2.956742e-10 3.407858e-10 1.217547e-09 clkbuf_leaf_257_v_clk
 5.965363e-10 2.797640e-10 3.407858e-10 1.217086e-09 clkbuf_leaf_73_v_clk
 5.842671e-10 2.920147e-10 3.407858e-10 1.217068e-09 clkbuf_leaf_197_v_clk
 6.403128e-10 2.332615e-10 3.407857e-10 1.214360e-09 clkbuf_leaf_47_w_clk
 5.885291e-10 2.832425e-10 3.407858e-10 1.212557e-09 clkbuf_leaf_35_v_clk
 5.914090e-10 2.802412e-10 3.407858e-10 1.212436e-09 clkbuf_leaf_93_v_clk
 5.915450e-10 2.785803e-10 3.407858e-10 1.210911e-09 clkbuf_leaf_76_v_clk
 6.442017e-10 2.253795e-10 3.407857e-10 1.210367e-09 clkbuf_leaf_102_w_clk
 5.893141e-10 2.797788e-10 3.407858e-10 1.209879e-09 clkbuf_leaf_199_v_clk
 6.460504e-10 2.211941e-10 3.407857e-10 1.208030e-09 clkbuf_leaf_67_w_clk
 5.899614e-10 2.739686e-10 3.407858e-10 1.204716e-09 clkbuf_leaf_132_v_clk
 5.976645e-10 2.651775e-10 3.407858e-10 1.203628e-09 clkbuf_leaf_67_v_clk
 5.829320e-10 2.795225e-10 3.407858e-10 1.203240e-09 clkbuf_leaf_206_v_clk
 5.898975e-10 2.720095e-10 3.407858e-10 1.202693e-09 clkbuf_leaf_220_v_clk
 5.923638e-10 2.680437e-10 3.407858e-10 1.201193e-09 clkbuf_leaf_77_v_clk
 5.875803e-10 2.727703e-10 3.407858e-10 1.201136e-09 clkbuf_leaf_191_v_clk
 6.426850e-10 2.172430e-10 3.407857e-10 1.200714e-09 clkbuf_leaf_35_w_clk
 5.825040e-10 2.773735e-10 3.407858e-10 1.200663e-09 clkbuf_leaf_5_v_clk
 5.895176e-10 2.684294e-10 3.407858e-10 1.198733e-09 clkbuf_leaf_95_v_clk
 5.902300e-10 2.676274e-10 3.407858e-10 1.198643e-09 clkbuf_leaf_204_v_clk
 5.907906e-10 2.664192e-10 3.407858e-10 1.197996e-09 clkbuf_leaf_110_v_clk
 6.512069e-10 2.059472e-10 3.407857e-10 1.197940e-09 clkbuf_leaf_96_w_clk
 5.906388e-10 2.649433e-10 3.407858e-10 1.196368e-09 clkbuf_leaf_140_v_clk
 5.887175e-10 2.664499e-10 3.407858e-10 1.195953e-09 clkbuf_leaf_215_v_clk
 5.889449e-10 2.634224e-10 3.407858e-10 1.193153e-09 clkbuf_leaf_223_v_clk
 5.985582e-10 2.529396e-10 3.407858e-10 1.192284e-09 clkbuf_leaf_78_v_clk
 5.882937e-10 2.631103e-10 3.407858e-10 1.192190e-09 clkbuf_leaf_189_v_clk
 5.907842e-10 2.603192e-10 3.407858e-10 1.191889e-09 clkbuf_leaf_226_v_clk
 5.985922e-10 2.524800e-10 3.407858e-10 1.191858e-09 clkbuf_leaf_80_v_clk
 5.901448e-10 2.600907e-10 3.407858e-10 1.191021e-09 clkbuf_leaf_85_v_clk
 5.846941e-10 2.654284e-10 3.407858e-10 1.190908e-09 clkbuf_leaf_47_v_clk
 6.320739e-10 2.169793e-10 3.407857e-10 1.189839e-09 clkbuf_leaf_118_w_clk
 5.990073e-10 2.483476e-10 3.407858e-10 1.188141e-09 clkbuf_leaf_70_v_clk
 5.913598e-10 2.554387e-10 3.407858e-10 1.187584e-09 clkbuf_leaf_143_v_clk
 5.893608e-10 2.561932e-10 3.407858e-10 1.186340e-09 clkbuf_leaf_22_v_clk
 5.763739e-10 2.678531e-10 3.407858e-10 1.185013e-09 clkbuf_leaf_168_v_clk
 6.471501e-10 1.963018e-10 3.407857e-10 1.184238e-09 clkbuf_leaf_108_w_clk
 5.914482e-10 2.515926e-10 3.407858e-10 1.183827e-09 clkbuf_leaf_205_v_clk
 5.844789e-10 2.583574e-10 3.407858e-10 1.183622e-09 clkbuf_leaf_210_v_clk
 5.861659e-10 2.566247e-10 3.407858e-10 1.183576e-09 clkbuf_leaf_212_v_clk
 5.845587e-10 2.572802e-10 3.407858e-10 1.182625e-09 clkbuf_leaf_213_v_clk
 6.473504e-10 1.942436e-10 3.407857e-10 1.182380e-09 clkbuf_leaf_107_w_clk
 5.863230e-10 2.543875e-10 3.407858e-10 1.181496e-09 clkbuf_leaf_185_v_clk
 5.930283e-10 2.475084e-10 3.407858e-10 1.181322e-09 clkbuf_leaf_154_v_clk
 5.911258e-10 2.489194e-10 3.407858e-10 1.180831e-09 clkbuf_leaf_29_v_clk
 5.910845e-10 2.476663e-10 3.407858e-10 1.179536e-09 clkbuf_leaf_98_v_clk
 5.923610e-10 2.456663e-10 3.407858e-10 1.178813e-09 clkbuf_leaf_112_v_clk
 5.942272e-10 2.431970e-10 3.407858e-10 1.178210e-09 clkbuf_leaf_88_v_clk
 5.913394e-10 2.460769e-10 3.407858e-10 1.178202e-09 clkbuf_leaf_20_v_clk
 5.901638e-10 2.472015e-10 3.407858e-10 1.178151e-09 clkbuf_leaf_224_v_clk
 5.871713e-10 2.501326e-10 3.407858e-10 1.178090e-09 clkbuf_leaf_119_v_clk
 5.866014e-10 2.506533e-10 3.407858e-10 1.178040e-09 clkbuf_leaf_184_v_clk
 5.942781e-10 2.426343e-10 3.407858e-10 1.177698e-09 clkbuf_leaf_90_v_clk
 5.920293e-10 2.438534e-10 3.407858e-10 1.176668e-09 clkbuf_leaf_225_v_clk
 5.922879e-10 2.432596e-10 3.407858e-10 1.176333e-09 clkbuf_leaf_145_v_clk
 6.000156e-10 2.351864e-10 3.407858e-10 1.175988e-09 clkbuf_leaf_68_v_clk
 5.808268e-10 2.537452e-10 3.407858e-10 1.175358e-09 clkbuf_leaf_253_v_clk
 5.846705e-10 2.477430e-10 3.407858e-10 1.173199e-09 clkbuf_leaf_8_v_clk
 5.935871e-10 2.379630e-10 3.407858e-10 1.172336e-09 clkbuf_leaf_25_v_clk
 5.917192e-10 2.392953e-10 3.407858e-10 1.171800e-09 clkbuf_leaf_84_v_clk
 5.869619e-10 2.430581e-10 3.407858e-10 1.170806e-09 clkbuf_leaf_62_v_clk
 5.925206e-10 2.374178e-10 3.407858e-10 1.170724e-09 clkbuf_leaf_219_v_clk
 5.863746e-10 2.426045e-10 3.407858e-10 1.169765e-09 clkbuf_leaf_27_v_clk
 5.880955e-10 2.403754e-10 3.407858e-10 1.169257e-09 clkbuf_leaf_201_v_clk
 5.880961e-10 2.403516e-10 3.407858e-10 1.169233e-09 clkbuf_leaf_187_v_clk
 5.912846e-10 2.366962e-10 3.407858e-10 1.168767e-09 clkbuf_leaf_126_v_clk
 5.921490e-10 2.353735e-10 3.407858e-10 1.168308e-09 clkbuf_leaf_36_v_clk
 5.932252e-10 2.342613e-10 3.407858e-10 1.168272e-09 clkbuf_leaf_111_v_clk
 6.463267e-10 1.810569e-10 3.407857e-10 1.168169e-09 clkbuf_leaf_45_w_clk
 5.851169e-10 2.415639e-10 3.407858e-10 1.167466e-09 clkbuf_leaf_13_v_clk
 5.872872e-10 2.386558e-10 3.407858e-10 1.166729e-09 clkbuf_leaf_79_v_clk
 5.907967e-10 2.342312e-10 3.407858e-10 1.165814e-09 clkbuf_leaf_214_v_clk
 5.934638e-10 2.313988e-10 3.407858e-10 1.165648e-09 clkbuf_leaf_157_v_clk
 5.911408e-10 2.325406e-10 3.407858e-10 1.164467e-09 clkbuf_leaf_2_v_clk
 5.853767e-10 2.380168e-10 3.407858e-10 1.164179e-09 clkbuf_leaf_10_v_clk
 5.875624e-10 2.350313e-10 3.407858e-10 1.163380e-09 clkbuf_leaf_65_v_clk
 5.780248e-10 2.443732e-10 3.407858e-10 1.163184e-09 clkbuf_leaf_172_v_clk
 5.906656e-10 2.316106e-10 3.407858e-10 1.163062e-09 clkbuf_leaf_179_v_clk
 5.926427e-10 2.288194e-10 3.407858e-10 1.162248e-09 clkbuf_leaf_15_v_clk
 5.926435e-10 2.287941e-10 3.407858e-10 1.162223e-09 clkbuf_leaf_17_v_clk
 5.911245e-10 2.298416e-10 3.407858e-10 1.161752e-09 clkbuf_leaf_235_v_clk
 5.856443e-10 2.343330e-10 3.407858e-10 1.160763e-09 clkbuf_leaf_12_v_clk
 5.938939e-10 2.254675e-10 3.407858e-10 1.160147e-09 clkbuf_leaf_113_v_clk
 5.936657e-10 2.250131e-10 3.407858e-10 1.159465e-09 clkbuf_leaf_142_v_clk
 5.948442e-10 2.236853e-10 3.407858e-10 1.159315e-09 clkbuf_leaf_131_v_clk
 5.949107e-10 2.228104e-10 3.407858e-10 1.158507e-09 clkbuf_leaf_153_v_clk
 5.938339e-10 2.228513e-10 3.407858e-10 1.157471e-09 clkbuf_leaf_139_v_clk
 5.922372e-10 2.241181e-10 3.407858e-10 1.157141e-09 clkbuf_leaf_156_v_clk
 5.931424e-10 2.221968e-10 3.407858e-10 1.156125e-09 clkbuf_leaf_19_v_clk
 5.937209e-10 2.215626e-10 3.407858e-10 1.156069e-09 clkbuf_leaf_227_v_clk
 5.929959e-10 2.222770e-10 3.407858e-10 1.156059e-09 clkbuf_leaf_105_v_clk
 5.915993e-10 2.235381e-10 3.407858e-10 1.155923e-09 clkbuf_leaf_229_v_clk
 5.931567e-10 2.219719e-10 3.407858e-10 1.155914e-09 clkbuf_leaf_33_v_clk
 5.932126e-10 2.212585e-10 3.407858e-10 1.155257e-09 clkbuf_leaf_30_v_clk
 5.867405e-10 2.275212e-10 3.407858e-10 1.155048e-09 clkbuf_leaf_203_v_clk
 5.938142e-10 2.202836e-10 3.407858e-10 1.154884e-09 clkbuf_leaf_221_v_clk
 5.943603e-10 2.193343e-10 3.407858e-10 1.154480e-09 clkbuf_leaf_107_v_clk
 5.945842e-10 2.174747e-10 3.407858e-10 1.152845e-09 clkbuf_leaf_83_v_clk
 5.934555e-10 2.180852e-10 3.407858e-10 1.152326e-09 clkbuf_leaf_16_v_clk
 5.923033e-10 2.188044e-10 3.407858e-10 1.151893e-09 clkbuf_leaf_217_v_clk
 5.895543e-10 2.206627e-10 3.407858e-10 1.151003e-09 clkbuf_leaf_202_v_clk
 5.870574e-10 2.231531e-10 3.407858e-10 1.150996e-09 clkbuf_leaf_186_v_clk
 5.927567e-10 2.171211e-10 3.407858e-10 1.150664e-09 clkbuf_leaf_125_v_clk
 5.901050e-10 2.194654e-10 3.407858e-10 1.150356e-09 clkbuf_leaf_245_v_clk
 6.483988e-10 1.608698e-10 3.407857e-10 1.150054e-09 clkbuf_leaf_30_w_clk
 5.948584e-10 2.138048e-10 3.407858e-10 1.149449e-09 clkbuf_leaf_106_v_clk
 5.967395e-10 2.105763e-10 3.407858e-10 1.148102e-09 clkbuf_leaf_91_v_clk
 5.925364e-10 2.138917e-10 3.407858e-10 1.147214e-09 clkbuf_leaf_21_v_clk
 5.898715e-10 2.164776e-10 3.407858e-10 1.147135e-09 clkbuf_leaf_198_v_clk
 5.958855e-10 2.099800e-10 3.407858e-10 1.146651e-09 clkbuf_leaf_148_v_clk
 5.950185e-10 2.107982e-10 3.407858e-10 1.146602e-09 clkbuf_leaf_109_v_clk
 5.840554e-10 2.212342e-10 3.407858e-10 1.146075e-09 clkbuf_leaf_171_v_clk
 5.950642e-10 2.100650e-10 3.407858e-10 1.145915e-09 clkbuf_leaf_115_v_clk
 5.897718e-10 2.150204e-10 3.407858e-10 1.145578e-09 clkbuf_leaf_122_v_clk
 5.969803e-10 2.074147e-10 3.407858e-10 1.145181e-09 clkbuf_leaf_92_v_clk
 5.948454e-10 2.095315e-10 3.407858e-10 1.145163e-09 clkbuf_leaf_138_v_clk
 5.952284e-10 2.089404e-10 3.407858e-10 1.144955e-09 clkbuf_leaf_100_v_clk
 5.932662e-10 2.103501e-10 3.407858e-10 1.144402e-09 clkbuf_leaf_124_v_clk
 5.953224e-10 2.076213e-10 3.407858e-10 1.143729e-09 clkbuf_leaf_102_v_clk
 5.906621e-10 2.122292e-10 3.407858e-10 1.143677e-09 clkbuf_leaf_243_v_clk
 5.860534e-10 2.164265e-10 3.407858e-10 1.143266e-09 clkbuf_leaf_45_v_clk
 5.833239e-10 2.188728e-10 3.407858e-10 1.142982e-09 clkbuf_leaf_255_v_clk
 5.907357e-10 2.113063e-10 3.407858e-10 1.142828e-09 clkbuf_leaf_239_v_clk
 5.892186e-10 2.126181e-10 3.407858e-10 1.142622e-09 clkbuf_leaf_66_v_clk
 5.934463e-10 2.079931e-10 3.407858e-10 1.142225e-09 clkbuf_leaf_130_v_clk
 5.929685e-10 2.081112e-10 3.407858e-10 1.141865e-09 clkbuf_leaf_4_v_clk
 5.894459e-10 2.094679e-10 3.407858e-10 1.139700e-09 clkbuf_leaf_64_v_clk
 5.945185e-10 2.039412e-10 3.407858e-10 1.139245e-09 clkbuf_leaf_31_v_clk
 5.903690e-10 2.070136e-10 3.407858e-10 1.138168e-09 clkbuf_leaf_134_v_clk
 5.896103e-10 2.071680e-10 3.407858e-10 1.137564e-09 clkbuf_leaf_60_v_clk
 5.865705e-10 2.096798e-10 3.407858e-10 1.137036e-09 clkbuf_leaf_59_v_clk
 5.847880e-10 2.110487e-10 3.407858e-10 1.136622e-09 clkbuf_leaf_173_v_clk
 5.897188e-10 2.056749e-10 3.407858e-10 1.136179e-09 clkbuf_leaf_63_v_clk
 5.928914e-10 2.019941e-10 3.407858e-10 1.135671e-09 clkbuf_leaf_178_v_clk
 5.890807e-10 2.057919e-10 3.407858e-10 1.135658e-09 clkbuf_leaf_53_v_clk
 5.932407e-10 2.016194e-10 3.407858e-10 1.135646e-09 clkbuf_leaf_233_v_clk
 5.934047e-10 1.994396e-10 3.407858e-10 1.133630e-09 clkbuf_leaf_234_v_clk
 5.907524e-10 2.018275e-10 3.407858e-10 1.133366e-09 clkbuf_leaf_123_v_clk
 5.935198e-10 1.979217e-10 3.407858e-10 1.132227e-09 clkbuf_leaf_230_v_clk
 5.937977e-10 1.971811e-10 3.407858e-10 1.131764e-09 clkbuf_leaf_23_v_clk
 5.950025e-10 1.956925e-10 3.407858e-10 1.131481e-09 clkbuf_leaf_89_v_clk
 5.851936e-10 2.053527e-10 3.407858e-10 1.131332e-09 clkbuf_leaf_164_v_clk
 5.938435e-10 1.965869e-10 3.407858e-10 1.131216e-09 clkbuf_leaf_24_v_clk
 5.952736e-10 1.940365e-10 3.407858e-10 1.130096e-09 clkbuf_leaf_14_v_clk
 5.879910e-10 2.011270e-10 3.407858e-10 1.129904e-09 clkbuf_leaf_0_v_clk
 5.941186e-10 1.945849e-10 3.407858e-10 1.129489e-09 clkbuf_leaf_222_v_clk
 6.506498e-10 1.380281e-10 3.407857e-10 1.129464e-09 clkbuf_leaf_36_w_clk
 5.944935e-10 1.940914e-10 3.407858e-10 1.129371e-09 clkbuf_leaf_129_v_clk
 5.971744e-10 1.907720e-10 3.407858e-10 1.128732e-09 clkbuf_leaf_81_v_clk
 5.844324e-10 2.034594e-10 3.407858e-10 1.128678e-09 clkbuf_leaf_254_v_clk
 5.844579e-10 2.030684e-10 3.407858e-10 1.128312e-09 clkbuf_leaf_251_v_clk
 5.954425e-10 1.917537e-10 3.407858e-10 1.127982e-09 clkbuf_leaf_32_v_clk
 5.954511e-10 1.916691e-10 3.407858e-10 1.127906e-09 clkbuf_leaf_41_v_clk
 5.882002e-10 1.982810e-10 3.407858e-10 1.127267e-09 clkbuf_leaf_1_v_clk
 5.874440e-10 1.990118e-10 3.407858e-10 1.127242e-09 clkbuf_leaf_163_v_clk
 5.942193e-10 1.914516e-10 3.407858e-10 1.126457e-09 clkbuf_leaf_18_v_clk
 5.915220e-10 1.941217e-10 3.407858e-10 1.126430e-09 clkbuf_leaf_195_v_clk
 5.913385e-10 1.938863e-10 3.407858e-10 1.126011e-09 clkbuf_leaf_135_v_clk
 5.964211e-10 1.887150e-10 3.407858e-10 1.125922e-09 clkbuf_leaf_147_v_clk
 5.964657e-10 1.881212e-10 3.407858e-10 1.125373e-09 clkbuf_leaf_146_v_clk
 5.941300e-10 1.897680e-10 3.407858e-10 1.124684e-09 clkbuf_leaf_231_v_clk
 5.977029e-10 1.861005e-10 3.407858e-10 1.124589e-09 clkbuf_leaf_149_v_clk
 5.943933e-10 1.892116e-10 3.407858e-10 1.124391e-09 clkbuf_leaf_3_v_clk
 5.884271e-10 1.951003e-10 3.407858e-10 1.124313e-09 clkbuf_leaf_256_v_clk
 5.917403e-10 1.912537e-10 3.407858e-10 1.123780e-09 clkbuf_leaf_200_v_clk
 5.978016e-10 1.848373e-10 3.407858e-10 1.123425e-09 clkbuf_leaf_151_v_clk
 5.876386e-10 1.949983e-10 3.407858e-10 1.123423e-09 clkbuf_leaf_57_v_clk
 5.946766e-10 1.871780e-10 3.407858e-10 1.122640e-09 clkbuf_leaf_216_v_clk
 5.911064e-10 1.897022e-10 3.407858e-10 1.121594e-09 clkbuf_leaf_194_v_clk
 5.902243e-10 1.902582e-10 3.407858e-10 1.121268e-09 clkbuf_leaf_28_v_clk
 5.911320e-10 1.893305e-10 3.407858e-10 1.121248e-09 clkbuf_leaf_211_v_clk
 5.948612e-10 1.846536e-10 3.407858e-10 1.120301e-09 clkbuf_leaf_237_v_clk
 5.961110e-10 1.828904e-10 3.407858e-10 1.119787e-09 clkbuf_leaf_37_v_clk
 5.861395e-10 1.921106e-10 3.407858e-10 1.119036e-09 clkbuf_leaf_160_v_clk
 5.888560e-10 1.891821e-10 3.407858e-10 1.118824e-09 clkbuf_leaf_244_v_clk
 5.864287e-10 1.882602e-10 3.407858e-10 1.115475e-09 clkbuf_leaf_174_v_clk
 5.882664e-10 1.864162e-10 3.407858e-10 1.115468e-09 clkbuf_leaf_56_v_clk
 5.816609e-10 1.927694e-10 3.407858e-10 1.115216e-09 clkbuf_leaf_170_v_clk
 5.818173e-10 1.905293e-10 3.407858e-10 1.113132e-09 clkbuf_leaf_169_v_clk
 5.966691e-10 1.755124e-10 3.407858e-10 1.112967e-09 clkbuf_leaf_39_v_clk
 5.923968e-10 1.795847e-10 3.407858e-10 1.112767e-09 clkbuf_leaf_136_v_clk
 5.867826e-10 1.832329e-10 3.407858e-10 1.110801e-09 clkbuf_leaf_166_v_clk
 5.933929e-10 1.755222e-10 3.407858e-10 1.109701e-09 clkbuf_leaf_238_v_clk
 5.960950e-10 1.727778e-10 3.407858e-10 1.109658e-09 clkbuf_leaf_117_v_clk
 5.887411e-10 1.794595e-10 3.407858e-10 1.108986e-09 clkbuf_leaf_42_v_clk
 5.988504e-10 1.687443e-10 3.407858e-10 1.108380e-09 clkbuf_leaf_49_v_clk
 5.982388e-10 1.692850e-10 3.407858e-10 1.108310e-09 clkbuf_leaf_104_v_clk
 5.898422e-10 1.769135e-10 3.407858e-10 1.107541e-09 clkbuf_leaf_7_v_clk
 5.936368e-10 1.723212e-10 3.407858e-10 1.106744e-09 clkbuf_leaf_240_v_clk
 5.990007e-10 1.669518e-10 3.407858e-10 1.106738e-09 clkbuf_leaf_26_v_clk
 5.980008e-10 1.679012e-10 3.407858e-10 1.106688e-09 clkbuf_leaf_137_v_clk
 5.992214e-10 1.663944e-10 3.407858e-10 1.106402e-09 clkbuf_leaf_158_v_clk
 5.983521e-10 1.668650e-10 3.407858e-10 1.106003e-09 clkbuf_leaf_127_v_clk
 5.929713e-10 1.718175e-10 3.407858e-10 1.105575e-09 clkbuf_leaf_120_v_clk
 5.862515e-10 1.781668e-10 3.407858e-10 1.105204e-09 clkbuf_leaf_252_v_clk
 5.991348e-10 1.650117e-10 3.407858e-10 1.104932e-09 clkbuf_leaf_48_v_clk
 5.993338e-10 1.647847e-10 3.407858e-10 1.104904e-09 clkbuf_leaf_152_v_clk
 5.958462e-10 1.669002e-10 3.407858e-10 1.103532e-09 clkbuf_leaf_232_v_clk
 5.966020e-10 1.660263e-10 3.407858e-10 1.103414e-09 clkbuf_leaf_118_v_clk
 5.874564e-10 1.740761e-10 3.407858e-10 1.102318e-09 clkbuf_leaf_177_v_clk
 5.986481e-10 1.628490e-10 3.407858e-10 1.102283e-09 clkbuf_leaf_114_v_clk
 5.935730e-10 1.664622e-10 3.407858e-10 1.100821e-09 clkbuf_leaf_196_v_clk
 5.960917e-10 1.635891e-10 3.407858e-10 1.100466e-09 clkbuf_leaf_236_v_clk
 5.968819e-10 1.623317e-10 3.407858e-10 1.099999e-09 clkbuf_leaf_116_v_clk
 5.919550e-10 1.666917e-10 3.407858e-10 1.099433e-09 clkbuf_leaf_52_v_clk
 5.998710e-10 1.577762e-10 3.407858e-10 1.098433e-09 clkbuf_leaf_155_v_clk
 5.896106e-10 1.678662e-10 3.407858e-10 1.098262e-09 clkbuf_leaf_58_v_clk
 5.991030e-10 1.579104e-10 3.407858e-10 1.097799e-09 clkbuf_leaf_99_v_clk
 5.997895e-10 1.563921e-10 3.407858e-10 1.096967e-09 clkbuf_leaf_50_v_clk
 5.999947e-10 1.537190e-10 3.407858e-10 1.094499e-09 clkbuf_leaf_51_v_clk
 5.923899e-10 1.607887e-10 3.407858e-10 1.093964e-09 clkbuf_leaf_54_v_clk
 5.939031e-10 1.592386e-10 3.407858e-10 1.093927e-09 clkbuf_leaf_121_v_clk
 5.900979e-10 1.625895e-10 3.407858e-10 1.093473e-09 clkbuf_leaf_182_v_clk
 5.886567e-10 1.573436e-10 3.407858e-10 1.086786e-09 clkbuf_leaf_175_v_clk
 5.939417e-10 1.513572e-10 3.407858e-10 1.086085e-09 clkbuf_leaf_193_v_clk
 5.955008e-10 1.469520e-10 3.407858e-10 1.083238e-09 clkbuf_leaf_242_v_clk
 5.955072e-10 1.467848e-10 3.407858e-10 1.083078e-09 clkbuf_leaf_247_v_clk
 6.011152e-10 1.390479e-10 3.407858e-10 1.080949e-09 clkbuf_leaf_82_v_clk
 5.911124e-10 1.485713e-10 3.407858e-10 1.080469e-09 clkbuf_leaf_161_v_clk
 5.918820e-10 1.477351e-10 3.407858e-10 1.080403e-09 clkbuf_leaf_250_v_clk
 5.959972e-10 1.404096e-10 3.407858e-10 1.077193e-09 clkbuf_leaf_241_v_clk
 5.914822e-10 1.418793e-10 3.407858e-10 1.074147e-09 clkbuf_leaf_40_v_clk
 5.896498e-10 1.435908e-10 3.407858e-10 1.074026e-09 clkbuf_leaf_176_v_clk
 5.898065e-10 1.412486e-10 3.407858e-10 1.071841e-09 clkbuf_leaf_159_v_clk
 6.014751e-10 1.266498e-10 3.407858e-10 1.068911e-09 clkbuf_leaf_97_v_clk
 5.922415e-10 1.313119e-10 3.407858e-10 1.064339e-09 clkbuf_leaf_46_v_clk
 5.970667e-10 1.257745e-10 3.407858e-10 1.063627e-09 clkbuf_leaf_246_v_clk
 7.019009e-10 0.000000e+00 3.581204e-10 1.060021e-09 clkload42
 5.927944e-10 1.241931e-10 3.407858e-10 1.057773e-09 clkbuf_leaf_55_v_clk
 5.928579e-10 1.229111e-10 3.407858e-10 1.056555e-09 clkbuf_leaf_43_v_clk
 6.764411e-10 0.000000e+00 3.581204e-10 1.034562e-09 clkload44
 6.462212e-10 0.000000e+00 3.581204e-10 1.004342e-09 clkload48
 1.572206e-10 6.319723e-10 1.814455e-10 9.706382e-10 fanout396
 6.270504e-10 0.000000e+00 3.407858e-10 9.678361e-10 clkload149
 6.260693e-10 0.000000e+00 3.407858e-10 9.668550e-10 clkload152
 6.226777e-10 0.000000e+00 3.407858e-10 9.634635e-10 clkload133
 1.604370e-10 5.856874e-10 2.056733e-10 9.517978e-10 fanout734
 4.645186e-11 7.187778e-10 1.294849e-10 8.947146e-10 _26346_
 1.883362e-10 4.610890e-10 2.056744e-10 8.550996e-10 fanout809
 1.683777e-10 4.439888e-10 2.056733e-10 8.180398e-10 fanout739
 4.321611e-10 0.000000e+00 3.581204e-10 7.902815e-10 clkload139
 4.139674e-10 0.000000e+00 3.581204e-10 7.720878e-10 clkload130
 4.340033e-11 3.627944e-10 3.628096e-10 7.690043e-10 max_cap369
 9.782119e-11 4.521025e-10 2.056733e-10 7.555970e-10 fanout726
 4.858124e-10 0.000000e+00 2.554152e-10 7.412277e-10 clkload39
 1.033551e-10 4.289680e-10 2.056733e-10 7.379964e-10 fanout754
 4.777855e-10 0.000000e+00 2.554152e-10 7.332008e-10 clkload43
 4.721648e-10 0.000000e+00 2.554152e-10 7.275801e-10 clkload46
 4.584790e-10 0.000000e+00 2.554152e-10 7.138943e-10 clkload49
 1.294359e-10 4.012219e-10 1.814455e-10 7.121033e-10 fanout407
 1.224340e-10 3.821678e-10 2.056745e-10 7.102764e-10 fanout705
 8.983042e-11 4.141079e-10 2.056745e-10 7.096128e-10 fanout704
 1.215578e-10 3.716709e-10 2.056745e-10 6.989033e-10 fanout710
 1.035978e-10 3.857729e-10 2.056733e-10 6.950440e-10 fanout769
 4.384033e-10 0.000000e+00 2.554154e-10 6.938187e-10 clkload2
 9.355629e-11 4.127691e-10 1.814455e-10 6.877708e-10 fanout418
 1.664043e-10 3.332858e-10 1.814455e-10 6.811355e-10 fanout400
 4.962993e-11 2.896771e-10 3.407852e-10 6.800922e-10 fanout365
 1.049621e-10 3.627677e-10 2.056733e-10 6.734031e-10 fanout763
 1.056078e-10 3.502585e-10 2.056733e-10 6.615395e-10 fanout712
 4.042499e-10 0.000000e+00 2.554154e-10 6.596653e-10 clkload12
 4.015299e-10 0.000000e+00 2.554154e-10 6.569453e-10 clkload7
 3.907147e-10 0.000000e+00 2.554154e-10 6.461300e-10 clkload8
 1.006959e-10 3.627224e-10 1.814455e-10 6.448637e-10 fanout390
 1.621817e-10 2.717864e-10 2.056746e-10 6.396427e-10 fanout233
 1.067874e-10 3.262889e-10 2.056745e-10 6.387509e-10 fanout697
 1.057684e-10 3.236556e-10 2.056733e-10 6.350974e-10 fanout773
 9.416252e-11 3.346761e-10 2.056745e-10 6.345131e-10 fanout706
 3.748455e-10 0.000000e+00 2.554154e-10 6.302609e-10 clkload15
 4.481948e-10 0.000000e+00 1.814463e-10 6.296411e-10 clkload26
 4.481770e-10 0.000000e+00 1.814463e-10 6.296233e-10 clkload25
 1.010058e-10 3.228230e-10 2.056733e-10 6.295021e-10 fanout738
 4.462304e-10 0.000000e+00 1.814463e-10 6.276766e-10 clkload28
 3.706278e-10 0.000000e+00 2.554154e-10 6.260431e-10 clkload9
 5.314639e-11 2.082396e-10 3.628097e-10 6.241957e-10 fanout247
 1.004417e-10 3.177938e-10 2.056744e-10 6.239099e-10 fanout808
 1.770467e-10 2.628326e-10 1.814455e-10 6.213248e-10 fanout398
 5.404730e-11 2.011031e-10 3.628097e-10 6.179601e-10 fanout785
 4.798222e-11 2.279910e-10 3.407853e-10 6.167585e-10 fanout357
 1.005842e-10 3.074036e-10 2.056744e-10 6.136622e-10 fanout807
 1.089417e-10 3.222364e-10 1.814455e-10 6.126236e-10 fanout395
 1.014008e-10 3.266279e-10 1.814455e-10 6.094741e-10 fanout391
 4.210332e-11 2.199339e-10 3.407855e-10 6.028228e-10 wire345
 5.186872e-11 1.876950e-10 3.628096e-10 6.023733e-10 fanout355
 5.745038e-11 1.790193e-10 3.628094e-10 5.992791e-10 fanout684
 2.721091e-11 2.312617e-10 3.407851e-10 5.992576e-10 fanout167
 6.252643e-11 1.719312e-10 3.628093e-10 5.972670e-10 fanout671
 3.985213e-11 1.917264e-10 3.628079e-10 5.943864e-10 fanout341
 9.336715e-11 3.181934e-10 1.814455e-10 5.930060e-10 fanout402
 9.070654e-11 1.567494e-10 3.407853e-10 5.882412e-10 fanout1017
 9.477789e-11 3.086705e-10 1.814455e-10 5.848938e-10 fanout410
 8.982549e-11 3.127507e-10 1.814455e-10 5.840217e-10 fanout399
 3.227653e-11 2.106918e-10 3.407851e-10 5.837534e-10 fanout351
 5.540376e-11 1.634365e-10 3.628097e-10 5.816500e-10 fanout690
 1.030413e-10 2.968223e-10 1.814454e-10 5.813090e-10 fanout315
 4.709494e-11 1.712680e-10 3.628096e-10 5.811726e-10 fanout781
 5.118584e-11 1.887391e-10 3.407853e-10 5.807101e-10 fanout1015
 8.603736e-11 3.060635e-10 1.814455e-10 5.735463e-10 fanout392
 4.679667e-11 1.858051e-10 3.407854e-10 5.733872e-10 fanout266
 4.292463e-11 1.674794e-10 3.628096e-10 5.732137e-10 max_cap362
 9.824027e-11 2.654316e-10 2.056745e-10 5.693464e-10 fanout700
 5.308183e-11 1.528647e-10 3.628094e-10 5.687560e-10 fanout780
 5.436756e-11 1.720208e-10 3.407855e-10 5.671739e-10 fanout1021
 4.362947e-11 1.601797e-10 3.628097e-10 5.666189e-10 max_cap788
 9.309006e-11 2.909999e-10 1.814455e-10 5.655354e-10 fanout408
 9.220375e-11 2.663699e-10 2.056745e-10 5.642481e-10 fanout709
 4.845693e-11 1.519909e-10 3.628093e-10 5.632571e-10 fanout197
 5.166794e-11 1.474063e-10 3.628097e-10 5.618840e-10 fanout784
 5.827223e-11 1.402887e-10 3.628094e-10 5.613703e-10 fanout682
 4.953156e-11 1.461865e-10 3.628094e-10 5.585274e-10 fanout791
 3.030732e-10 0.000000e+00 2.554152e-10 5.584885e-10 clkload140
 4.362817e-11 1.732977e-10 3.407856e-10 5.577114e-10 max_cap338
 3.016382e-10 0.000000e+00 2.554152e-10 5.570535e-10 clkload151
 2.988954e-10 0.000000e+00 2.554152e-10 5.543107e-10 clkload136
 4.944212e-11 1.637400e-10 3.407853e-10 5.539674e-10 fanout370
 2.985386e-10 0.000000e+00 2.554152e-10 5.539538e-10 clkload150
 4.907258e-11 1.405893e-10 3.628097e-10 5.524716e-10 fanout786
 6.780955e-11 2.751925e-10 2.056746e-10 5.486767e-10 fanout232
 4.401099e-11 1.366213e-10 3.628096e-10 5.434419e-10 max_cap783
 2.870641e-10 0.000000e+00 2.554152e-10 5.424793e-10 clkload142
 1.154187e-10 2.435387e-10 1.814454e-10 5.404028e-10 fanout306
 3.966082e-11 1.363280e-10 3.628084e-10 5.387973e-10 fanout300
 8.495227e-11 2.718144e-10 1.814455e-10 5.382121e-10 fanout405
 2.818260e-10 0.000000e+00 2.554152e-10 5.372412e-10 clkload131
 8.817552e-11 2.648953e-10 1.814455e-10 5.345163e-10 fanout415
 4.286805e-11 1.497057e-10 3.407852e-10 5.333589e-10 max_cap1009
 5.486641e-11 1.367503e-10 3.407852e-10 5.324019e-10 fanout1010
 4.464353e-11 1.468629e-10 3.407852e-10 5.322917e-10 max_cap1003
 9.449692e-11 2.560387e-10 1.814455e-10 5.319811e-10 fanout406
 4.209558e-11 1.262963e-10 3.628098e-10 5.312016e-10 fanout201
 5.809251e-11 1.323202e-10 3.407852e-10 5.311979e-10 fanout363
 4.882089e-11 1.180742e-10 3.628094e-10 5.297045e-10 fanout793
 4.826507e-11 1.382484e-10 3.407852e-10 5.272987e-10 fanout1001
 9.688001e-11 2.482216e-10 1.814455e-10 5.265470e-10 fanout413
 6.904900e-11 2.497096e-10 2.056746e-10 5.244333e-10 fanout231
 1.161991e-10 2.267308e-10 1.814454e-10 5.243753e-10 fanout307
 6.334997e-11 1.198948e-10 3.407868e-10 5.240316e-10 fanout798
 8.943237e-11 2.509908e-10 1.814455e-10 5.218687e-10 fanout411
 9.502200e-11 2.180231e-10 2.056745e-10 5.187196e-10 fanout694
 5.522303e-11 1.209598e-10 3.407852e-10 5.169680e-10 fanout1004
 4.909391e-11 1.239362e-10 3.407855e-10 5.138157e-10 fanout998
 2.809395e-11 1.440938e-10 3.407851e-10 5.129728e-10 fanout178
 3.053613e-11 1.191616e-10 3.628098e-10 5.125074e-10 fanout687
 3.176040e-11 1.154754e-10 3.628098e-10 5.100456e-10 fanout198
 5.022520e-11 1.170151e-10 3.407865e-10 5.080268e-10 fanout667
 4.867893e-11 1.161373e-10 3.407852e-10 5.056014e-10 fanout1006
 4.996487e-11 1.144601e-10 3.407855e-10 5.052105e-10 fanout986
 2.890754e-11 1.328347e-10 3.407853e-10 5.025276e-10 fanout336
 4.107455e-11 1.172916e-10 3.407868e-10 4.991529e-10 fanout800
 7.298201e-11 2.398501e-10 1.814454e-10 4.942775e-10 fanout301
 2.802619e-11 1.025810e-10 3.628097e-10 4.934169e-10 fanout663
 2.355365e-10 0.000000e+00 2.554152e-10 4.909517e-10 clkload85
 5.139899e-11 9.853006e-11 3.407852e-10 4.907142e-10 fanout293
 3.020900e-11 9.760760e-11 3.628097e-10 4.906263e-10 fanout268
 3.022076e-11 9.612211e-11 3.628095e-10 4.891523e-10 fanout353
 2.948058e-11 1.180193e-10 3.407858e-10 4.882857e-10 fanout288
 2.308839e-10 0.000000e+00 2.554152e-10 4.862991e-10 clkload90
 2.293159e-10 0.000000e+00 2.554152e-10 4.847311e-10 clkload101
 3.012733e-11 9.043075e-11 3.628098e-10 4.833678e-10 fanout287
 3.066802e-11 8.943897e-11 3.628092e-10 4.829162e-10 fanout685
 2.986209e-10 0.000000e+00 1.814459e-10 4.800667e-10 clkload284
 2.985346e-10 0.000000e+00 1.814459e-10 4.799805e-10 clkload242
 2.984728e-10 0.000000e+00 1.814459e-10 4.799187e-10 clkload289
 2.983563e-10 0.000000e+00 1.814459e-10 4.798021e-10 clkload240
 2.983206e-10 0.000000e+00 1.814459e-10 4.797664e-10 clkload257
 2.982492e-10 0.000000e+00 1.814459e-10 4.796951e-10 clkload247
 2.981874e-10 0.000000e+00 1.814459e-10 4.796333e-10 clkload192
 2.981628e-10 0.000000e+00 1.814459e-10 4.796087e-10 clkload199
 2.981615e-10 0.000000e+00 1.814459e-10 4.796074e-10 clkload285
 2.981582e-10 0.000000e+00 1.814459e-10 4.796041e-10 clkload323
 2.981230e-10 0.000000e+00 1.814459e-10 4.795688e-10 clkload290
 2.981093e-10 0.000000e+00 1.814459e-10 4.795552e-10 clkload239
 2.981037e-10 0.000000e+00 1.814459e-10 4.795495e-10 clkload241
 2.980591e-10 0.000000e+00 1.814459e-10 4.795050e-10 clkload309
 2.980412e-10 0.000000e+00 1.814459e-10 4.794871e-10 clkload186
 2.980044e-10 0.000000e+00 1.814459e-10 4.794503e-10 clkload322
 2.979800e-10 0.000000e+00 1.814459e-10 4.794259e-10 clkload295
 2.979755e-10 0.000000e+00 1.814459e-10 4.794214e-10 clkload201
 2.979718e-10 0.000000e+00 1.814459e-10 4.794176e-10 clkload211
 2.979598e-10 0.000000e+00 1.814459e-10 4.794056e-10 clkload265
 2.979451e-10 0.000000e+00 1.814459e-10 4.793910e-10 clkload203
 2.979350e-10 0.000000e+00 1.814459e-10 4.793809e-10 clkload330
 2.978856e-10 0.000000e+00 1.814459e-10 4.793315e-10 clkload302
 2.978607e-10 0.000000e+00 1.814459e-10 4.793065e-10 clkload288
 2.978588e-10 0.000000e+00 1.814459e-10 4.793046e-10 clkload332
 2.978009e-10 0.000000e+00 1.814459e-10 4.792468e-10 clkload338
 2.977725e-10 0.000000e+00 1.814459e-10 4.792183e-10 clkload182
 2.977616e-10 0.000000e+00 1.814459e-10 4.792075e-10 clkload175
 2.977452e-10 0.000000e+00 1.814459e-10 4.791911e-10 clkload190
 2.977364e-10 0.000000e+00 1.814459e-10 4.791822e-10 clkload260
 2.977234e-10 0.000000e+00 1.814459e-10 4.791693e-10 clkload213
 2.977228e-10 0.000000e+00 1.814459e-10 4.791686e-10 clkload207
 2.977183e-10 0.000000e+00 1.814459e-10 4.791642e-10 clkload171
 2.977120e-10 0.000000e+00 1.814459e-10 4.791579e-10 clkload263
 2.977059e-10 0.000000e+00 1.814459e-10 4.791517e-10 clkload276
 2.976615e-10 0.000000e+00 1.814459e-10 4.791074e-10 clkload193
 2.976339e-10 0.000000e+00 1.814459e-10 4.790798e-10 clkload274
 2.975857e-10 0.000000e+00 1.814459e-10 4.790315e-10 clkload164
 2.975621e-10 0.000000e+00 1.814459e-10 4.790079e-10 clkload327
 2.975567e-10 0.000000e+00 1.814459e-10 4.790025e-10 clkload281
 2.975327e-10 0.000000e+00 1.814459e-10 4.789785e-10 clkload226
 2.975237e-10 0.000000e+00 1.814459e-10 4.789695e-10 clkload318
 2.975177e-10 0.000000e+00 1.814459e-10 4.789635e-10 clkload224
 2.975132e-10 0.000000e+00 1.814459e-10 4.789591e-10 clkload316
 2.975112e-10 0.000000e+00 1.814459e-10 4.789571e-10 clkload184
 2.975076e-10 0.000000e+00 1.814459e-10 4.789534e-10 clkload233
 2.974997e-10 0.000000e+00 1.814459e-10 4.789456e-10 clkload313
 2.974417e-10 0.000000e+00 1.814459e-10 4.788876e-10 clkload336
 2.974406e-10 0.000000e+00 1.814459e-10 4.788865e-10 clkload315
 2.974403e-10 0.000000e+00 1.814459e-10 4.788862e-10 clkload298
 2.974286e-10 0.000000e+00 1.814459e-10 4.788745e-10 clkload227
 2.974155e-10 0.000000e+00 1.814459e-10 4.788613e-10 clkload279
 2.974060e-10 0.000000e+00 1.814459e-10 4.788518e-10 clkload228
 2.973741e-10 0.000000e+00 1.814459e-10 4.788200e-10 clkload249
 2.973393e-10 0.000000e+00 1.814459e-10 4.787851e-10 clkload178
 2.973390e-10 0.000000e+00 1.814459e-10 4.787848e-10 clkload160
 2.972992e-10 0.000000e+00 1.814459e-10 4.787450e-10 clkload280
 2.972879e-10 0.000000e+00 1.814459e-10 4.787337e-10 clkload215
 2.972841e-10 0.000000e+00 1.814459e-10 4.787299e-10 clkload177
 2.972821e-10 0.000000e+00 1.814459e-10 4.787279e-10 clkload230
 2.972793e-10 0.000000e+00 1.814459e-10 4.787251e-10 clkload272
 2.971983e-10 0.000000e+00 1.814459e-10 4.786442e-10 clkload218
 2.971760e-10 0.000000e+00 1.814459e-10 4.786218e-10 clkload297
 2.971600e-10 0.000000e+00 1.814459e-10 4.786058e-10 clkload180
 2.971381e-10 0.000000e+00 1.814459e-10 4.785840e-10 clkload231
 2.971271e-10 0.000000e+00 1.814459e-10 4.785730e-10 clkload217
 2.915998e-11 8.650413e-11 3.628098e-10 4.784739e-10 fanout686
 3.149058e-11 8.356422e-11 3.628098e-10 4.778646e-10 fanout186
 2.905351e-11 8.448796e-11 3.628098e-10 4.763513e-10 fanout349
 2.441519e-11 8.861390e-11 3.628091e-10 4.758381e-10 max_cap670
 3.246066e-11 7.923404e-11 3.628098e-10 4.745045e-10 fanout199
 1.479668e-11 9.689993e-11 3.628078e-10 4.745044e-10 max_cap146
 2.967236e-11 8.066244e-11 3.628096e-10 4.731444e-10 fanout317
 2.384698e-11 8.642111e-11 3.628098e-10 4.730779e-10 max_cap212
 1.688973e-11 9.334260e-11 3.628078e-10 4.730401e-10 fanout147
 2.642113e-11 8.319406e-11 3.628079e-10 4.724231e-10 fanout960
 2.892382e-10 0.000000e+00 1.814458e-10 4.706840e-10 clkload54
 2.892259e-10 0.000000e+00 1.814458e-10 4.706717e-10 clkload117
 2.890649e-10 0.000000e+00 1.814458e-10 4.705107e-10 clkload53
 7.668730e-11 2.119940e-10 1.814454e-10 4.701267e-10 fanout308
 2.881967e-10 0.000000e+00 1.814458e-10 4.696425e-10 clkload120
 2.881533e-10 0.000000e+00 1.814458e-10 4.695991e-10 clkload80
 2.335459e-11 8.325661e-11 3.628094e-10 4.694206e-10 max_cap777
 2.390100e-11 1.046819e-10 3.407857e-10 4.693686e-10 max_cap348
 2.878989e-10 0.000000e+00 1.814458e-10 4.693448e-10 clkload81
 2.872966e-10 0.000000e+00 1.814458e-10 4.687424e-10 clkload98
 2.871069e-10 0.000000e+00 1.814458e-10 4.685528e-10 clkload99
 2.532264e-11 7.914119e-11 3.628091e-10 4.672729e-10 max_cap210
 2.336856e-11 8.044409e-11 3.628094e-10 4.666220e-10 fanout775
 2.817846e-11 9.338785e-11 3.407855e-10 4.623519e-10 fanout1025
 2.818933e-11 8.959759e-11 3.407852e-10 4.585721e-10 fanout330
 2.410633e-11 9.346668e-11 3.407855e-10 4.583585e-10 max_cap1024
 2.890413e-11 8.866236e-11 3.407852e-10 4.583516e-10 fanout359
 2.908379e-11 8.822027e-11 3.407851e-10 4.580892e-10 fanout281
 3.139585e-11 6.235543e-11 3.628100e-10 4.565613e-10 fanout188
 1.503133e-11 9.920656e-11 3.407870e-10 4.550249e-10 fanout805
 2.975379e-11 8.334136e-11 3.407852e-10 4.538804e-10 fanout291
 3.187506e-11 7.985505e-11 3.407853e-10 4.525154e-10 fanout380
 3.028123e-11 7.950839e-11 3.407853e-10 4.505749e-10 fanout335
 2.982473e-11 7.818102e-11 3.407858e-10 4.487916e-10 fanout319
 2.910789e-11 7.774007e-11 3.407853e-10 4.476333e-10 fanout245
 3.558580e-11 7.019538e-11 3.407856e-10 4.465667e-10 fanout259
 2.992052e-11 7.486007e-11 3.407852e-10 4.455658e-10 fanout289
 2.986204e-11 7.381135e-11 3.407852e-10 4.444585e-10 fanout204
 2.743724e-11 7.429576e-11 3.407852e-10 4.425181e-10 fanout326
 2.134576e-11 2.387194e-10 1.814470e-10 4.415122e-10 fanout799
 2.322491e-11 2.056895e-10 2.056749e-10 4.345893e-10 fanout106
 2.610149e-11 1.836316e-10 2.056743e-10 4.154074e-10 fanout797
 1.936709e-11 5.085607e-11 3.407870e-10 4.110101e-10 fanout804
 4.184941e-11 1.865016e-10 1.814452e-10 4.097962e-10 fanout239
 1.684790e-11 5.162450e-11 3.407863e-10 4.092587e-10 fanout217
 1.686958e-11 5.039364e-11 3.407863e-10 4.080495e-10 fanout218
 6.626422e-12 3.608985e-11 3.628099e-10 4.055262e-10 fanout182
 1.157677e-10 1.082875e-10 1.814456e-10 4.055008e-10 fanout982
 2.740708e-10 0.000000e+00 1.305749e-10 4.046457e-10 clkload33
 1.707185e-11 4.675926e-11 3.407866e-10 4.046177e-10 fanout676
 1.602096e-11 4.636571e-11 3.407866e-10 4.031733e-10 fanout678
 6.681282e-11 1.522455e-10 1.814452e-10 4.005035e-10 fanout224
 1.176315e-10 1.009394e-10 1.814456e-10 4.000165e-10 fanout1000
 5.761999e-12 3.011848e-11 3.628099e-10 3.986904e-10 fanout166
 1.639278e-11 4.100655e-11 3.407871e-10 3.981865e-10 fanout112
 5.875127e-11 2.106806e-10 1.276902e-10 3.971220e-10 fanout752
 4.203669e-11 1.720167e-10 1.814452e-10 3.954985e-10 fanout240
 6.913540e-12 2.278585e-11 3.628099e-10 3.925093e-10 fanout203
 6.148793e-12 1.924904e-11 3.628099e-10 3.882077e-10 fanout216
 6.124904e-12 1.899691e-11 3.628099e-10 3.879317e-10 fanout283
 2.563590e-10 0.000000e+00 1.305749e-10 3.869339e-10 clkload18
 5.670060e-12 1.832758e-11 3.628099e-10 3.868076e-10 fanout183
 6.361972e-12 1.669751e-11 3.628099e-10 3.858694e-10 fanout260
 5.875583e-12 1.396653e-11 3.628099e-10 3.826520e-10 fanout214
 5.414719e-12 1.410001e-11 3.628099e-10 3.823246e-10 fanout160
 5.807368e-12 1.342809e-11 3.628099e-10 3.820454e-10 fanout161
 1.183668e-10 7.991070e-11 1.814456e-10 3.797231e-10 fanout979
 9.345615e-12 2.079477e-11 3.407850e-10 3.709254e-10 fanout168
 4.858334e-11 1.403611e-10 1.814452e-10 3.703896e-10 fanout225
 7.521279e-12 2.097488e-11 3.407850e-10 3.692811e-10 fanout265
 5.842105e-12 2.107399e-11 3.407850e-10 3.677011e-10 fanout285
 4.850271e-11 1.371084e-10 1.814452e-10 3.670563e-10 fanout228
 5.568756e-12 2.027115e-11 3.407850e-10 3.666249e-10 fanout284
 2.352974e-10 0.000000e+00 1.305749e-10 3.658722e-10 clkload27
 5.218771e-11 1.859903e-10 1.276902e-10 3.658683e-10 fanout762
 2.135432e-18 1.541521e-17 3.628089e-10 3.628089e-10 fanout1052
 5.829159e-12 1.519587e-11 3.407850e-10 3.618100e-10 fanout250
 5.616609e-12 1.439183e-11 3.407850e-10 3.607934e-10 fanout162
 5.650614e-12 1.289828e-11 3.407850e-10 3.593339e-10 fanout159
 2.187770e-11 1.313053e-10 2.056746e-10 3.588577e-10 fanout691
 2.050896e-10 0.000000e+00 1.527102e-10 3.577998e-10 clkload22
 5.943018e-11 1.695980e-10 1.276902e-10 3.567184e-10 fanout716
 3.306517e-11 1.378115e-10 1.814452e-10 3.523219e-10 fanout237
 4.315475e-11 1.273760e-10 1.814452e-10 3.519759e-10 fanout241
 3.653959e-11 1.328920e-10 1.814452e-10 3.508768e-10 fanout238
 1.970283e-10 0.000000e+00 1.527102e-10 3.497384e-10 clkload21
 5.128891e-11 1.692934e-10 1.276902e-10 3.482725e-10 fanout715
 1.897302e-10 0.000000e+00 1.527102e-10 3.424404e-10 clkload14
 3.533665e-11 1.236010e-10 1.814452e-10 3.403829e-10 fanout1012
 3.379380e-11 1.111022e-10 1.814452e-10 3.263412e-10 fanout226
 1.734409e-10 0.000000e+00 1.527102e-10 3.261511e-10 clkload29
 2.038827e-11 9.433588e-11 2.056729e-10 3.203970e-10 fanout968
 1.677843e-11 9.250436e-11 2.056729e-10 3.149557e-10 fanout978
 3.255846e-11 7.539392e-11 2.056727e-10 3.136251e-10 fanout582
 3.135368e-11 7.658014e-11 2.056743e-10 3.136081e-10 fanout795
 2.625763e-11 1.036815e-10 1.814456e-10 3.113847e-10 fanout994
 3.230779e-11 7.236955e-11 2.056727e-10 3.103501e-10 fanout597
 2.021573e-11 8.432983e-11 2.056729e-10 3.102185e-10 fanout975
 2.708548e-11 7.691352e-11 2.056727e-10 3.096717e-10 fanout601
 1.374448e-11 1.136166e-10 1.814451e-10 3.088061e-10 fanout143
 5.140212e-11 1.244458e-10 1.276902e-10 3.035381e-10 fanout721
 1.745956e-10 0.000000e+00 1.270301e-10 3.016257e-10 clkload5
 4.939634e-11 1.176213e-10 1.305750e-10 2.975926e-10 fanout416
 1.651504e-10 0.000000e+00 1.305749e-10 2.957253e-10 clkload134
 1.417518e-10 0.000000e+00 1.527101e-10 2.944619e-10 clkload143
 1.397383e-10 0.000000e+00 1.527101e-10 2.924485e-10 clkload144
 2.049710e-11 6.620007e-11 2.056729e-10 2.923701e-10 fanout972
 2.082698e-11 6.509266e-11 2.056729e-10 2.915926e-10 fanout963
 2.051481e-11 6.484516e-11 2.056729e-10 2.910329e-10 fanout976
 1.658687e-11 9.298379e-11 1.814451e-10 2.910157e-10 fanout549
 1.721544e-11 6.808707e-11 2.056747e-10 2.909772e-10 fanout324
 2.193138e-11 8.697292e-11 1.814470e-10 2.903513e-10 fanout803
 2.296601e-11 8.492088e-11 1.814456e-10 2.893325e-10 fanout997
 1.996719e-11 6.331223e-11 2.056729e-10 2.889523e-10 fanout974
 1.565850e-10 0.000000e+00 1.305749e-10 2.871599e-10 clkload166
 1.565263e-10 0.000000e+00 1.305749e-10 2.871012e-10 clkload245
 1.565132e-10 0.000000e+00 1.305749e-10 2.870881e-10 clkload162
 1.564016e-10 0.000000e+00 1.305749e-10 2.869765e-10 clkload163
 1.563903e-10 0.000000e+00 1.305749e-10 2.869652e-10 clkload317
 1.563346e-10 0.000000e+00 1.305749e-10 2.869095e-10 clkload321
 1.563229e-10 0.000000e+00 1.305749e-10 2.868978e-10 clkload191
 1.563056e-10 0.000000e+00 1.305749e-10 2.868805e-10 clkload200
 1.563037e-10 0.000000e+00 1.305749e-10 2.868786e-10 clkload291
 1.562779e-10 0.000000e+00 1.305749e-10 2.868528e-10 clkload173
 1.562761e-10 0.000000e+00 1.305749e-10 2.868510e-10 clkload251
 1.562391e-10 0.000000e+00 1.305749e-10 2.868140e-10 clkload248
 1.562374e-10 0.000000e+00 1.305749e-10 2.868123e-10 clkload334
 1.562346e-10 0.000000e+00 1.305749e-10 2.868095e-10 clkload210
 1.562185e-10 0.000000e+00 1.305749e-10 2.867934e-10 clkload165
 1.562162e-10 0.000000e+00 1.305749e-10 2.867911e-10 clkload304
 1.561886e-10 0.000000e+00 1.305749e-10 2.867635e-10 clkload219
 1.561806e-10 0.000000e+00 1.305749e-10 2.867555e-10 clkload168
 1.561773e-10 0.000000e+00 1.305749e-10 2.867522e-10 clkload264
 1.561460e-10 0.000000e+00 1.305749e-10 2.867210e-10 clkload303
 1.561431e-10 0.000000e+00 1.305749e-10 2.867180e-10 clkload237
 1.561357e-10 0.000000e+00 1.305749e-10 2.867107e-10 clkload167
 1.560918e-10 0.000000e+00 1.305749e-10 2.866667e-10 clkload305
 1.560822e-10 0.000000e+00 1.305749e-10 2.866571e-10 clkload310
 1.560811e-10 0.000000e+00 1.305749e-10 2.866560e-10 clkload333
 1.560767e-10 0.000000e+00 1.305749e-10 2.866516e-10 clkload314
 1.560765e-10 0.000000e+00 1.305749e-10 2.866514e-10 clkload181
 1.560704e-10 0.000000e+00 1.305749e-10 2.866453e-10 clkload208
 1.560689e-10 0.000000e+00 1.305749e-10 2.866438e-10 clkload214
 1.560517e-10 0.000000e+00 1.305749e-10 2.866266e-10 clkload277
 1.560429e-10 0.000000e+00 1.305749e-10 2.866178e-10 clkload296
 1.560210e-10 0.000000e+00 1.305749e-10 2.865959e-10 clkload337
 1.560203e-10 0.000000e+00 1.305749e-10 2.865952e-10 clkload300
 1.560174e-10 0.000000e+00 1.305749e-10 2.865924e-10 clkload172
 1.560046e-10 0.000000e+00 1.305749e-10 2.865795e-10 clkload179
 1.559979e-10 0.000000e+00 1.305749e-10 2.865728e-10 clkload311
 1.559965e-10 0.000000e+00 1.305749e-10 2.865714e-10 clkload329
 1.559932e-10 0.000000e+00 1.305749e-10 2.865681e-10 clkload319
 1.559822e-10 0.000000e+00 1.305749e-10 2.865571e-10 clkload170
 1.559134e-10 0.000000e+00 1.305749e-10 2.864883e-10 clkload159
 1.558939e-10 0.000000e+00 1.305749e-10 2.864688e-10 clkload161
 2.011968e-11 6.066888e-11 2.056726e-10 2.864612e-10 fanout612
 1.558792e-10 0.000000e+00 1.305749e-10 2.864541e-10 clkload229
 1.558720e-10 0.000000e+00 1.305749e-10 2.864469e-10 clkload273
 1.558637e-10 0.000000e+00 1.305749e-10 2.864386e-10 clkload250
 1.558484e-10 0.000000e+00 1.305749e-10 2.864233e-10 clkload278
 1.558429e-10 0.000000e+00 1.305749e-10 2.864178e-10 clkload312
 1.558394e-10 0.000000e+00 1.305749e-10 2.864143e-10 clkload232
 1.557964e-10 0.000000e+00 1.305749e-10 2.863713e-10 clkload216
 1.557586e-10 0.000000e+00 1.305749e-10 2.863335e-10 clkload176
 1.557460e-10 0.000000e+00 1.305749e-10 2.863209e-10 clkload299
 1.557204e-10 0.000000e+00 1.305749e-10 2.862953e-10 clkload225
 1.556057e-10 0.000000e+00 1.305749e-10 2.861806e-10 clkload271
 1.862038e-11 6.172517e-11 2.056728e-10 2.860183e-10 fanout554
 1.388056e-11 6.631241e-11 2.056749e-10 2.858678e-10 fanout457
 1.691058e-11 6.250896e-11 2.056749e-10 2.850944e-10 fanout476
 1.455237e-11 6.481227e-11 2.056747e-10 2.850394e-10 fanout323
 2.052450e-11 5.799686e-11 2.056726e-10 2.841939e-10 fanout609
 1.262775e-11 8.958289e-11 1.814451e-10 2.836557e-10 fanout195
 1.530287e-10 0.000000e+00 1.305749e-10 2.836036e-10 clkload116
 1.524098e-10 0.000000e+00 1.305749e-10 2.829847e-10 clkload62
 1.519616e-10 0.000000e+00 1.305749e-10 2.825365e-10 clkload68
 1.518513e-10 0.000000e+00 1.305749e-10 2.824262e-10 clkload70
 1.516580e-10 0.000000e+00 1.305749e-10 2.822329e-10 clkload66
 1.516092e-10 0.000000e+00 1.305749e-10 2.821841e-10 clkload119
 1.984698e-11 5.662007e-11 2.056728e-10 2.821398e-10 fanout559
 1.512240e-10 0.000000e+00 1.305749e-10 2.817990e-10 clkload95
 1.511161e-10 0.000000e+00 1.305749e-10 2.816911e-10 clkload82
 1.509790e-10 0.000000e+00 1.305749e-10 2.815539e-10 clkload84
 1.509297e-10 0.000000e+00 1.305749e-10 2.815046e-10 clkload75
 1.507209e-10 0.000000e+00 1.305749e-10 2.812958e-10 clkload83
 2.069349e-11 5.491663e-11 2.056729e-10 2.812830e-10 fanout977
 1.460048e-11 5.978139e-11 2.056747e-10 2.800566e-10 fanout321
 1.778071e-11 5.635507e-11 2.056726e-10 2.798084e-10 fanout566
 1.260135e-11 5.994888e-11 2.056749e-10 2.782252e-10 fanout107
 1.718008e-11 5.462577e-11 2.056749e-10 2.774807e-10 fanout459
 1.851747e-11 5.246368e-11 2.056726e-10 2.766538e-10 fanout599
 1.910615e-11 5.144590e-11 2.056729e-10 2.762250e-10 fanout973
 2.774233e-11 6.684814e-11 1.814456e-10 2.760361e-10 fanout985
 1.700515e-11 5.284749e-11 2.056749e-10 2.755275e-10 fanout455
 1.823141e-11 5.137842e-11 2.056726e-10 2.752824e-10 fanout560
 1.881888e-11 5.055883e-11 2.056726e-10 2.750503e-10 fanout585
 1.664272e-11 5.218783e-11 2.056749e-10 2.745054e-10 fanout441
 1.797055e-11 5.080111e-11 2.056726e-10 2.744442e-10 fanout565
 2.472227e-11 6.800879e-11 1.814466e-10 2.741777e-10 fanout668
 1.874086e-11 4.891323e-11 2.056726e-10 2.733267e-10 fanout573
 1.957536e-11 4.802037e-11 2.056726e-10 2.732683e-10 fanout564
 1.341450e-11 5.350383e-11 2.056749e-10 2.725932e-10 fanout443
 2.052697e-11 4.632638e-11 2.056726e-10 2.725259e-10 fanout611
 1.887033e-11 4.771293e-11 2.056726e-10 2.722558e-10 fanout552
 1.825877e-11 4.818076e-11 2.056730e-10 2.721126e-10 fanout639
 1.894182e-11 4.722888e-11 2.056727e-10 2.718434e-10 fanout598
 1.808877e-11 4.798971e-11 2.056726e-10 2.717511e-10 fanout574
 1.370105e-11 5.033747e-11 2.056749e-10 2.697134e-10 fanout439
 1.799216e-11 4.583185e-11 2.056728e-10 2.694968e-10 fanout631
 1.420655e-11 4.956792e-11 2.056748e-10 2.694492e-10 fanout350
 1.615371e-11 4.738107e-11 2.056749e-10 2.692097e-10 fanout451
 1.423964e-11 4.917424e-11 2.056749e-10 2.690888e-10 fanout462
 1.163717e-10 0.000000e+00 1.527101e-10 2.690818e-10 clkload107
 1.464275e-11 7.243085e-11 1.814454e-10 2.685190e-10 fanout387
 1.372137e-11 7.227619e-11 1.814451e-10 2.674426e-10 fanout194
 1.709655e-11 6.732805e-11 1.814451e-10 2.658697e-10 fanout257
 1.131319e-10 0.000000e+00 1.527101e-10 2.658420e-10 clkload104
 1.470044e-11 4.477558e-11 2.056749e-10 2.651509e-10 fanout456
 1.094009e-11 7.272226e-11 1.814451e-10 2.651074e-10 fanout196
 1.116035e-10 0.000000e+00 1.527101e-10 2.643136e-10 clkload88
 1.372415e-11 4.450918e-11 2.056749e-10 2.639082e-10 fanout445
 1.366438e-11 4.434549e-11 2.056749e-10 2.636847e-10 fanout438
 1.109561e-10 0.000000e+00 1.527101e-10 2.636662e-10 clkload65
 1.108157e-10 0.000000e+00 1.527101e-10 2.635258e-10 clkload51
 1.491232e-11 4.245593e-11 2.056749e-10 2.630431e-10 fanout428
 1.102720e-10 0.000000e+00 1.527101e-10 2.629821e-10 clkload59
 1.631794e-11 6.506728e-11 1.814451e-10 2.628303e-10 fanout523
 1.475297e-11 4.234364e-11 2.056749e-10 2.627715e-10 fanout426
 1.471126e-11 4.232194e-11 2.056749e-10 2.627080e-10 fanout424
 9.340815e-12 4.766686e-11 2.056734e-10 2.626811e-10 fanout299
 1.467055e-11 4.194166e-11 2.056749e-10 2.622871e-10 fanout467
 1.320673e-11 4.289003e-11 2.056749e-10 2.617716e-10 fanout448
 1.081464e-10 0.000000e+00 1.527101e-10 2.608565e-10 clkload69
 1.634149e-11 3.853817e-11 2.056749e-10 2.605545e-10 fanout450
 1.075746e-10 0.000000e+00 1.527101e-10 2.602847e-10 clkload109
 1.404232e-11 4.013122e-11 2.056749e-10 2.598484e-10 fanout436
 1.594752e-11 6.237324e-11 1.814452e-10 2.597659e-10 fanout206
 1.066170e-10 0.000000e+00 1.527101e-10 2.593271e-10 clkload128
 1.449357e-11 3.846417e-11 2.056749e-10 2.586326e-10 fanout420
 1.058699e-10 0.000000e+00 1.527101e-10 2.585800e-10 clkload124
 2.513488e-11 5.196037e-11 1.814466e-10 2.585419e-10 fanout666
 1.330987e-11 3.904037e-11 2.056749e-10 2.580251e-10 fanout435
 1.408168e-11 6.248225e-11 1.814451e-10 2.580091e-10 fanout179
 1.476289e-11 3.707355e-11 2.056749e-10 2.575113e-10 fanout473
 1.047890e-10 0.000000e+00 1.527101e-10 2.574991e-10 clkload125
 1.298708e-11 3.873541e-11 2.056734e-10 2.573959e-10 fanout917
 1.355416e-11 3.816007e-11 2.056749e-10 2.573891e-10 fanout468
 1.484570e-11 3.625640e-11 2.056749e-10 2.567769e-10 fanout460
 1.344682e-11 3.747929e-11 2.056749e-10 2.566010e-10 fanout465
 3.817188e-12 4.465513e-11 2.056749e-10 2.541472e-10 fanout273
 1.624758e-11 5.594342e-11 1.814451e-10 2.536361e-10 fanout352
 1.748660e-11 5.372235e-11 1.814451e-10 2.526541e-10 fanout254
 1.435878e-11 5.661623e-11 1.814452e-10 2.524202e-10 fanout208
 1.628620e-11 5.444653e-11 1.814452e-10 2.521779e-10 fanout333
 1.409560e-11 5.554023e-11 1.814452e-10 2.510810e-10 fanout360
 1.346898e-11 5.503861e-11 1.814456e-10 2.499532e-10 fanout1026
 1.379664e-11 5.468397e-11 1.814454e-10 2.499260e-10 fanout376
 1.394781e-11 5.424532e-11 1.814451e-10 2.496382e-10 fanout192
 8.119797e-12 3.527913e-11 2.056725e-10 2.490715e-10 fanout149
 1.445363e-11 5.248772e-11 1.814454e-10 2.483867e-10 fanout384
 4.016264e-11 7.696371e-11 1.305750e-10 2.477013e-10 fanout304
 1.395952e-11 5.218592e-11 1.814451e-10 2.475906e-10 fanout253
 1.424792e-11 5.025356e-11 1.814451e-10 2.459465e-10 fanout519
 1.504548e-11 4.923164e-11 1.814454e-10 2.457225e-10 fanout383
 1.647674e-11 4.637754e-11 1.814452e-10 2.442995e-10 fanout328
 1.647278e-11 4.592266e-11 1.814451e-10 2.438405e-10 fanout524
 1.341822e-11 4.894305e-11 1.814451e-10 2.438063e-10 fanout487
 1.313551e-11 4.830002e-11 1.814451e-10 2.428806e-10 fanout495
 7.419499e-12 2.909688e-11 2.056728e-10 2.421892e-10 fanout634
 1.447768e-11 4.590072e-11 1.814451e-10 2.418235e-10 fanout536
 1.333819e-11 4.635369e-11 1.814452e-10 2.411371e-10 fanout329
 4.701526e-11 1.235328e-11 1.814461e-10 2.408146e-10 output12
 1.431867e-11 4.492921e-11 1.814451e-10 2.406929e-10 fanout479
 1.163677e-11 4.747123e-11 1.814451e-10 2.405530e-10 fanout190
 1.345927e-11 4.490961e-11 1.814454e-10 2.398142e-10 fanout378
 8.643597e-12 2.534029e-11 2.056734e-10 2.396573e-10 fanout912
 1.345964e-11 4.448419e-11 1.814451e-10 2.393889e-10 fanout484
 1.451874e-11 4.337104e-11 1.814451e-10 2.393348e-10 fanout537
 1.435410e-11 4.334731e-11 1.814451e-10 2.391465e-10 fanout517
 1.358053e-11 4.393670e-11 1.814451e-10 2.389623e-10 fanout486
 1.416430e-11 4.329998e-11 1.814451e-10 2.389093e-10 fanout525
 8.663644e-12 2.439314e-11 2.056725e-10 2.387293e-10 fanout148
 1.680829e-11 4.044812e-11 1.814451e-10 2.387014e-10 fanout542
 1.474840e-11 4.226731e-11 1.814451e-10 2.384608e-10 fanout508
 1.307757e-11 4.393112e-11 1.814451e-10 2.384537e-10 fanout491
 1.380529e-11 4.316867e-11 1.814451e-10 2.384190e-10 fanout501
 1.312125e-11 4.382890e-11 1.814451e-10 2.383952e-10 fanout539
 7.928978e-12 2.473417e-11 2.056725e-10 2.383356e-10 fanout576
 1.328342e-11 4.344728e-11 1.814451e-10 2.381758e-10 fanout543
 8.112986e-12 2.407547e-11 2.056725e-10 2.378610e-10 fanout588
 7.830933e-12 2.388407e-11 2.056727e-10 2.373877e-10 fanout563
 2.008483e-11 1.407215e-10 7.649498e-11 2.373013e-10 _15416_
 8.340605e-12 2.318671e-11 2.056725e-10 2.371998e-10 fanout575
 1.382482e-11 4.181671e-11 1.814451e-10 2.370866e-10 fanout532
 1.477420e-11 4.076390e-11 1.814451e-10 2.369832e-10 fanout505
 1.528267e-11 4.014926e-11 1.814451e-10 2.368770e-10 fanout481
 1.519763e-11 3.963665e-11 1.814451e-10 2.362793e-10 fanout499
 1.413183e-11 4.059623e-11 1.814451e-10 2.361731e-10 fanout545
 1.402811e-11 4.022868e-11 1.814451e-10 2.357018e-10 fanout500
 1.301851e-11 4.067153e-11 1.814451e-10 2.351351e-10 fanout529
 7.632977e-12 2.174634e-11 2.056726e-10 2.350519e-10 fanout645
 9.025753e-12 2.000605e-11 2.056725e-10 2.347043e-10 fanout579
 7.885716e-12 2.113846e-11 2.056725e-10 2.346967e-10 fanout562
 7.624374e-12 2.132642e-11 2.056725e-10 2.346233e-10 fanout558
 8.602251e-12 2.027507e-11 2.056725e-10 2.345498e-10 fanout572
 1.332368e-11 3.905790e-11 1.814451e-10 2.338266e-10 fanout509
 7.459732e-12 2.058946e-11 2.056728e-10 2.337220e-10 fanout653
 7.956504e-12 2.008350e-11 2.056725e-10 2.337125e-10 fanout553
 7.518418e-12 2.030370e-11 2.056728e-10 2.334949e-10 fanout660
 7.557118e-12 2.021516e-11 2.056725e-10 2.334448e-10 fanout561
 7.596957e-12 1.993433e-11 2.056733e-10 2.332046e-10 fanout655
 1.354222e-11 3.814404e-11 1.814451e-10 2.331313e-10 fanout482
 8.284989e-12 1.890946e-11 2.056725e-10 2.328669e-10 fanout608
 8.227708e-12 1.889471e-11 2.056728e-10 2.327952e-10 fanout659
 9.221177e-12 9.649392e-11 1.270300e-10 2.327451e-10 _25744_
 1.304578e-11 3.822907e-11 1.814451e-10 2.327199e-10 fanout528
 7.623524e-12 1.923635e-11 2.056727e-10 2.325325e-10 fanout581
 7.442626e-12 1.932918e-11 2.056731e-10 2.324449e-10 fanout652
 1.419447e-11 3.641433e-11 1.814451e-10 2.320539e-10 fanout547
 8.052151e-12 1.827437e-11 2.056728e-10 2.319994e-10 fanout633
 1.390681e-11 3.646157e-11 1.814451e-10 2.318134e-10 fanout489
 3.575348e-12 2.239673e-11 2.056749e-10 2.316470e-10 fanout136
 7.885240e-12 1.808824e-11 2.056725e-10 2.316460e-10 fanout605
 8.110911e-12 1.749441e-11 2.056725e-10 2.312778e-10 fanout557
 1.529316e-11 3.440437e-11 1.814451e-10 2.311426e-10 fanout503
 7.412264e-12 1.796647e-11 2.056733e-10 2.310520e-10 fanout637
 4.113488e-11 5.879826e-11 1.305750e-10 2.305081e-10 fanout223
 7.741276e-12 1.645845e-11 2.056725e-10 2.298722e-10 fanout613
 3.151489e-12 2.081943e-11 2.056749e-10 2.296458e-10 fanout172
 1.404131e-11 3.379126e-11 1.814451e-10 2.292777e-10 fanout595
 1.423938e-11 3.339167e-11 1.814451e-10 2.290761e-10 fanout546
 2.678186e-12 2.055857e-11 2.056749e-10 2.289117e-10 fanout121
 7.277641e-12 3.962611e-11 1.814474e-10 2.283511e-10 fanout117
 8.664641e-12 3.645713e-11 1.814474e-10 2.265691e-10 fanout111
 1.257327e-11 3.224122e-11 1.814452e-10 2.262597e-10 fanout570
 3.040053e-12 1.676723e-11 2.056749e-10 2.254822e-10 fanout118
 3.111792e-12 1.647104e-11 2.056749e-10 2.252577e-10 fanout140
 3.486957e-12 1.599903e-11 2.056749e-10 2.251609e-10 fanout135
 3.032620e-12 1.625512e-11 2.056749e-10 2.249626e-10 max_cap79
 1.498499e-11 2.824928e-11 1.814452e-10 2.246794e-10 fanout593
 2.933980e-12 1.567222e-11 2.056749e-10 2.242811e-10 max_cap74
 3.175491e-12 1.532381e-11 2.056749e-10 2.241742e-10 fanout83
 8.895777e-12 3.301180e-11 1.814468e-10 2.233544e-10 fanout677
 3.139462e-12 1.413404e-11 2.056749e-10 2.229484e-10 wire71
 8.202935e-12 3.293428e-11 1.814464e-10 2.225837e-10 fanout219
 8.332052e-12 3.267738e-11 1.814468e-10 2.224563e-10 fanout680
 3.432625e-12 1.266568e-11 2.056749e-10 2.217732e-10 fanout154
 3.226869e-11 8.051415e-12 1.814472e-10 2.217673e-10 output14
 3.213007e-12 1.198596e-11 2.056749e-10 2.208739e-10 max_cap68
 7.374351e-12 3.186200e-11 1.814464e-10 2.206828e-10 fanout220
 3.070394e-12 1.121893e-11 2.056749e-10 2.199642e-10 fanout261
 8.122761e-12 3.019624e-11 1.814468e-10 2.197658e-10 fanout673
 8.316572e-12 2.978717e-11 1.814468e-10 2.195506e-10 fanout674
 3.090652e-11 7.116632e-12 1.814463e-10 2.194695e-10 output16
 2.959231e-12 8.956221e-12 2.056749e-10 2.175903e-10 fanout278
 8.181789e-12 2.782760e-11 1.814468e-10 2.174562e-10 fanout672
 3.030217e-12 8.012584e-12 2.056749e-10 2.167177e-10 fanout82
 8.519159e-11 0.000000e+00 1.270301e-10 2.122217e-10 clkload156
 1.171740e-11 6.868900e-11 1.305750e-10 2.109814e-10 fanout91
 8.316455e-12 7.019568e-11 1.305750e-10 2.090871e-10 fanout619
 2.086578e-11 5.217105e-12 1.814475e-10 2.075304e-10 output13
 2.880825e-12 2.267225e-11 1.814450e-10 2.069981e-10 fanout122
 1.134727e-18 1.848870e-17 2.056738e-10 2.056738e-10 fanout1048
 1.896857e-11 5.603041e-11 1.305750e-10 2.055740e-10 fanout227
 3.003824e-12 1.995234e-11 1.814450e-10 2.044012e-10 fanout827
 3.004868e-12 1.973880e-11 1.814450e-10 2.041887e-10 fanout826
 5.768495e-12 1.667146e-11 1.814450e-10 2.038850e-10 fanout276
 4.062380e-12 1.544403e-11 1.814450e-10 2.009514e-10 fanout269
 3.034050e-12 1.595827e-11 1.814450e-10 2.004373e-10 fanout824
 9.387900e-12 6.266633e-11 1.276900e-10 1.997442e-10 fanout129
 2.525637e-12 1.488746e-11 1.814450e-10 1.988581e-10 fanout819
 5.984938e-12 1.105565e-11 1.814450e-10 1.984856e-10 fanout277
 2.692927e-12 1.338548e-11 1.814450e-10 1.975234e-10 fanout821
 9.399047e-12 6.040597e-11 1.276900e-10 1.974950e-10 fanout133
 1.425993e-11 1.426659e-12 1.814451e-10 1.971316e-10 output15
 3.036774e-12 1.241976e-11 1.814450e-10 1.969015e-10 fanout157
 1.385449e-11 3.963491e-13 1.814450e-10 1.956958e-10 output31
 4.278152e-12 8.337464e-12 1.814450e-10 1.940606e-10 fanout270
 3.116188e-12 9.330767e-12 1.814450e-10 1.938920e-10 fanout155
 2.365267e-12 9.497375e-12 1.814450e-10 1.933076e-10 fanout823
 3.138347e-12 8.329124e-12 1.814450e-10 1.929125e-10 fanout825
 2.464462e-12 8.849248e-12 1.814450e-10 1.927587e-10 fanout176
 4.520054e-12 6.549269e-12 1.814450e-10 1.925143e-10 max_cap171
 3.388502e-12 7.611017e-12 1.814450e-10 1.924445e-10 fanout119
 2.745640e-12 8.213950e-12 1.814450e-10 1.924046e-10 fanout822
 1.041866e-11 2.065174e-13 1.814450e-10 1.920702e-10 output23
 2.525591e-12 7.638710e-12 1.814450e-10 1.916093e-10 fanout602
 9.614278e-12 4.987470e-13 1.814450e-10 1.915580e-10 output21
 2.679068e-12 7.184557e-12 1.814450e-10 1.913086e-10 fanout589
 2.529176e-12 7.052602e-12 1.814450e-10 1.910268e-10 fanout632
 2.551121e-12 6.828052e-12 1.814450e-10 1.908242e-10 fanout636
 2.450121e-12 6.803101e-12 1.814450e-10 1.906982e-10 fanout654
 2.488066e-12 6.741427e-12 1.814450e-10 1.906745e-10 fanout638
 2.517227e-12 6.486939e-12 1.814450e-10 1.904492e-10 fanout635
 2.760222e-12 5.891666e-12 1.814450e-10 1.900969e-10 fanout603
 2.739343e-12 5.847765e-12 1.814450e-10 1.900321e-10 fanout175
 7.128408e-12 2.652824e-13 1.814450e-10 1.888387e-10 output57
 6.496130e-12 4.321756e-13 1.814450e-10 1.883733e-10 output34
 6.500515e-12 2.127455e-13 1.814450e-10 1.881583e-10 output28
 6.540795e-12 1.309316e-13 1.814450e-10 1.881167e-10 output35
 5.785340e-12 6.088287e-13 1.814450e-10 1.878392e-10 output26
 5.662161e-12 7.126606e-13 1.814450e-10 1.878198e-10 output25
 5.664622e-12 3.155680e-13 1.814450e-10 1.874252e-10 output18
 5.642113e-12 1.819734e-13 1.814450e-10 1.872691e-10 output32
 5.565124e-12 1.924494e-13 1.814450e-10 1.872026e-10 output33
 5.502106e-12 2.246216e-13 1.814450e-10 1.871717e-10 output61
 4.854411e-12 7.925807e-13 1.814450e-10 1.870920e-10 output22
 5.211139e-12 2.617581e-13 1.814450e-10 1.869179e-10 output52
 4.783577e-12 5.764464e-13 1.814450e-10 1.868050e-10 output24
 4.802291e-12 4.218780e-13 1.814450e-10 1.866692e-10 output19
 4.554216e-12 3.143056e-13 1.814450e-10 1.863135e-10 output41
 4.325587e-12 5.268155e-13 1.814450e-10 1.862974e-10 output27
 4.489692e-12 3.104079e-13 1.814450e-10 1.862451e-10 output36
 4.435953e-12 3.637285e-13 1.814450e-10 1.862447e-10 output40
 4.414389e-12 3.557889e-13 1.814450e-10 1.862152e-10 output29
 4.281942e-12 3.662646e-13 1.814450e-10 1.860932e-10 output30
 4.412102e-12 2.327074e-13 1.814450e-10 1.860898e-10 output20
 4.227249e-12 1.871674e-13 1.814450e-10 1.858594e-10 output62
 4.146330e-12 1.956936e-13 1.814450e-10 1.857870e-10 output38
 3.897604e-12 4.266887e-13 1.814450e-10 1.857693e-10 output60
 4.213835e-12 1.012957e-13 1.814450e-10 1.857601e-10 output39
 3.924501e-12 3.716503e-13 1.814450e-10 1.857411e-10 output44
 3.682066e-12 2.351591e-13 1.814450e-10 1.853622e-10 output58
 3.666146e-12 1.875209e-13 1.814450e-10 1.852987e-10 output43
 3.491072e-12 2.009578e-13 1.814450e-10 1.851370e-10 output17
 3.580057e-12 1.040450e-13 1.814450e-10 1.851291e-10 output59
 3.586157e-12 9.715236e-14 1.814450e-10 1.851283e-10 output42
 3.269062e-12 3.493876e-13 1.814450e-10 1.850635e-10 output63
 3.240112e-12 3.370137e-13 1.814450e-10 1.850221e-10 output56
 3.362702e-12 1.077526e-13 1.814450e-10 1.849155e-10 output37
 2.807310e-12 4.747235e-13 1.814450e-10 1.847270e-10 output45
 2.809534e-12 4.132032e-13 1.814450e-10 1.846677e-10 output48
 2.762851e-12 4.580415e-13 1.814450e-10 1.846659e-10 output53
 2.909999e-12 2.056610e-13 1.814450e-10 1.845607e-10 output64
 2.771212e-12 2.641649e-13 1.814450e-10 1.844804e-10 output47
 2.716073e-12 2.369415e-13 1.814450e-10 1.843980e-10 output49
 2.770102e-12 1.795614e-13 1.814450e-10 1.843947e-10 output55
 2.686098e-12 2.316304e-13 1.814450e-10 1.843627e-10 output50
 2.704637e-12 1.775683e-13 1.814450e-10 1.843272e-10 output54
 2.661279e-12 1.924650e-13 1.814450e-10 1.842987e-10 output46
 2.697346e-12 1.539359e-13 1.814450e-10 1.842963e-10 output51
 8.417208e-12 4.449533e-11 1.305750e-10 1.834875e-10 fanout630
 1.460366e-18 7.464657e-18 1.814462e-10 1.814462e-10 fanout1092
 1.249237e-18 4.734533e-18 1.814462e-10 1.814462e-10 fanout1099
 9.504297e-12 4.297366e-11 1.276900e-10 1.801680e-10 fanout127
 8.367055e-12 4.063680e-11 1.276900e-10 1.766939e-10 fanout123
 2.868321e-12 6.886670e-11 1.013550e-10 1.730900e-10 _17063_
 7.443068e-12 3.745537e-11 1.276902e-10 1.725886e-10 fanout878
 1.160881e-11 3.201516e-11 1.276900e-10 1.713140e-10 fanout125
 7.827420e-12 3.240836e-11 1.305750e-10 1.708108e-10 fanout518
 1.433954e-11 2.718698e-11 1.276900e-10 1.692166e-10 fanout105
 6.984481e-12 3.247320e-11 1.294848e-10 1.689425e-10 _25879_
 9.605897e-12 3.129926e-11 1.276900e-10 1.685952e-10 fanout131
 9.278120e-12 2.830780e-11 1.305750e-10 1.681609e-10 fanout526
 4.934659e-12 5.993867e-11 1.029899e-10 1.678632e-10 _25742_
 1.111843e-11 2.441898e-11 1.305750e-10 1.661124e-10 fanout96
 7.499217e-12 2.736053e-11 1.305750e-10 1.654347e-10 fanout94
 8.287689e-12 5.342032e-11 1.013550e-10 1.630631e-10 _25746_
 7.154739e-12 5.355281e-11 1.020200e-10 1.627276e-10 fanout128
 8.364779e-12 2.118447e-11 1.305750e-10 1.601242e-10 fanout256
 8.627063e-12 1.996886e-11 1.305750e-10 1.591709e-10 fanout496
 7.081687e-12 2.129678e-11 1.305750e-10 1.589535e-10 fanout530
 7.338202e-12 2.120695e-11 1.276900e-10 1.562352e-10 fanout466
 7.753832e-12 1.951662e-11 1.276900e-10 1.549605e-10 fanout437
 6.395546e-12 1.560077e-11 1.276902e-10 1.496865e-10 fanout870
 4.607205e-12 1.680918e-11 1.276902e-10 1.491066e-10 fanout939
 4.899745e-12 1.601590e-11 1.276902e-10 1.486058e-10 fanout900
 4.640052e-12 1.591860e-11 1.276902e-10 1.482488e-10 fanout938
 5.813428e-12 3.730091e-11 1.029899e-10 1.461042e-10 _26280_
 4.603394e-12 1.337196e-11 1.276902e-10 1.456655e-10 fanout867
 4.949176e-12 1.279734e-11 1.276902e-10 1.454367e-10 fanout893
 4.960014e-12 1.268190e-11 1.276902e-10 1.453321e-10 fanout906
 6.325118e-12 3.739683e-11 1.013550e-10 1.450770e-10 _25911_
 5.046951e-12 1.222803e-11 1.276902e-10 1.449652e-10 fanout853
 5.340905e-12 1.177567e-11 1.276902e-10 1.448068e-10 fanout844
 4.318982e-12 1.275463e-11 1.276902e-10 1.447638e-10 fanout843
 4.979807e-12 1.160933e-11 1.276902e-10 1.442793e-10 fanout910
 4.373482e-12 1.177253e-11 1.276902e-10 1.438362e-10 fanout837
 4.648794e-12 1.129933e-11 1.276902e-10 1.436383e-10 fanout895
 4.320237e-12 1.132423e-11 1.276902e-10 1.433347e-10 fanout909
 4.428511e-12 1.109274e-11 1.276902e-10 1.432114e-10 fanout922
 4.815542e-12 1.056667e-11 1.276902e-10 1.430724e-10 fanout915
 5.197515e-12 3.441842e-11 1.029900e-10 1.426059e-10 _27553_
 3.990043e-12 1.036752e-11 1.276902e-10 1.420478e-10 fanout650
 4.394808e-12 9.795341e-12 1.276902e-10 1.418803e-10 fanout835
 4.727700e-12 3.429076e-11 1.013550e-10 1.403735e-10 _25750_
 2.018831e-12 3.368305e-11 1.040800e-10 1.397819e-10 _30967_
 3.350925e-12 3.417000e-11 1.013550e-10 1.388759e-10 _25749_
 4.895965e-12 3.261840e-11 1.013550e-10 1.388694e-10 _26198_
 2.513482e-12 4.940597e-12 1.305750e-10 1.380291e-10 fanout817
 6.035610e-12 3.041097e-11 1.013550e-10 1.378016e-10 _25748_
 1.266210e-12 7.786481e-12 1.270300e-10 1.360827e-10 _25680_
 1.311186e-12 3.522949e-12 1.305750e-10 1.354091e-10 fanout658
 3.622684e-12 2.790330e-11 1.029899e-10 1.345159e-10 _25831_
 4.289923e-12 2.862173e-11 1.013550e-10 1.342667e-10 _26010_
 4.388073e-12 2.638315e-11 1.029898e-10 1.337611e-10 _26227_
 1.051269e-12 5.560937e-12 1.270300e-10 1.336422e-10 _25870_
 1.241097e-12 5.292365e-12 1.270300e-10 1.335635e-10 _25959_
 9.779765e-13 5.393264e-12 1.270300e-10 1.334012e-10 _26311_
 3.993275e-12 2.588154e-11 1.029899e-10 1.328647e-10 _25891_
 3.629849e-12 2.621519e-11 1.029898e-10 1.328349e-10 _25856_
 6.323545e-19 1.676449e-18 1.305749e-10 1.305749e-10 fanout1067
 7.140968e-19 1.735049e-18 1.305749e-10 1.305749e-10 fanout1101
 6.135250e-19 1.711338e-18 1.305749e-10 1.305749e-10 fanout1111
 6.305887e-19 1.936452e-18 1.305749e-10 1.305749e-10 fanout1115
 6.300601e-19 1.967063e-18 1.305749e-10 1.305749e-10 fanout1124
 6.708217e-19 1.802293e-18 1.305749e-10 1.305749e-10 fanout1126
 6.742302e-19 1.592442e-18 1.305749e-10 1.305749e-10 fanout1128
 4.047142e-12 2.501073e-11 1.013550e-10 1.304129e-10 _25763_
 7.264482e-12 1.979350e-11 1.020200e-10 1.290780e-10 fanout132
 1.544451e-12 2.329172e-11 1.040800e-10 1.289162e-10 _30960_
 3.350859e-12 2.197093e-11 1.029899e-10 1.283117e-10 _26208_
 9.301179e-19 2.682953e-18 1.276902e-10 1.276902e-10 fanout1036
 6.924055e-19 3.497147e-18 1.276902e-10 1.276902e-10 fanout1038
 9.121513e-19 2.422860e-18 1.276902e-10 1.276902e-10 fanout1041
 9.229839e-19 2.002494e-18 1.276902e-10 1.276902e-10 fanout1042
 9.857782e-19 2.108130e-18 1.276902e-10 1.276902e-10 fanout1044
 2.781466e-11 2.288603e-11 7.649495e-11 1.271956e-10 _26344_
 1.546626e-12 2.132772e-11 1.040800e-10 1.269543e-10 _30958_
 2.634224e-12 2.180309e-11 1.013550e-10 1.257923e-10 _25840_
 2.638639e-12 2.103998e-11 1.013550e-10 1.250336e-10 _26082_
 6.059163e-13 2.110487e-11 1.029900e-10 1.247008e-10 _27460_
 3.088246e-12 2.010081e-11 1.013551e-10 1.245441e-10 _26264_
 3.958422e-12 1.800524e-11 1.013550e-10 1.233187e-10 _25747_
 2.754793e-12 1.893885e-11 1.013551e-10 1.230487e-10 _26251_
 2.660185e-12 1.889698e-11 1.013550e-10 1.229122e-10 _25812_
 2.387910e-12 1.913308e-11 1.013550e-10 1.228760e-10 _25939_
 2.570452e-12 1.880423e-11 1.013550e-10 1.227297e-10 _25786_
 2.864885e-12 1.837907e-11 1.013551e-10 1.225990e-10 _25804_
 9.012035e-13 1.902381e-11 1.013550e-10 1.212800e-10 _25695_
 3.270370e-12 1.637468e-11 1.013550e-10 1.210001e-10 _26022_
 2.019245e-12 1.594196e-11 1.029899e-10 1.209511e-10 _26147_
 8.308246e-13 1.805850e-11 1.013550e-10 1.202443e-10 _25686_
 1.053916e-12 1.773628e-11 1.013550e-10 1.201452e-10 _25691_
 1.628224e-12 1.396945e-11 1.029898e-10 1.185875e-10 _25921_
 2.223726e-12 1.222232e-11 1.029899e-10 1.174359e-10 _26224_
 1.961190e-12 1.188412e-11 1.029899e-10 1.168352e-10 _25792_
 1.568113e-12 1.212902e-11 1.029899e-10 1.166870e-10 _25887_
 2.428187e-12 1.111507e-11 1.029899e-10 1.165331e-10 _26228_
 2.063041e-12 1.009352e-11 1.040800e-10 1.162366e-10 _30963_
 1.937032e-12 1.125564e-11 1.029898e-10 1.161825e-10 _26155_
 1.552831e-12 1.149687e-11 1.029898e-10 1.160395e-10 _25795_
 1.813426e-12 1.110256e-11 1.029898e-10 1.159058e-10 _25924_
 2.183175e-12 1.063538e-11 1.029899e-10 1.158084e-10 _26051_
 6.296139e-13 1.376756e-11 1.013550e-10 1.157522e-10 _25684_
 2.628743e-12 3.725732e-11 7.568006e-11 1.155661e-10 _19170_
 1.882909e-12 1.060910e-11 1.029899e-10 1.154819e-10 _25817_
 1.772212e-12 1.062928e-11 1.029899e-10 1.153914e-10 _26219_
 1.940878e-12 1.034073e-11 1.029899e-10 1.152715e-10 _25888_
 2.306503e-12 9.964580e-12 1.029899e-10 1.152610e-10 _26033_
 1.052706e-12 9.807091e-12 1.040800e-10 1.149398e-10 _30962_
 2.327217e-12 9.579416e-12 1.029898e-10 1.148965e-10 _26058_
 1.901460e-12 9.790274e-12 1.029898e-10 1.146816e-10 _26140_
 1.998288e-12 9.543803e-12 1.029898e-10 1.145319e-10 _25776_
 7.426961e-13 1.235585e-11 1.013550e-10 1.144535e-10 _25687_
 1.890099e-12 9.548342e-12 1.029898e-10 1.144283e-10 _25851_
 2.176094e-12 9.137260e-12 1.029898e-10 1.143032e-10 _26041_
 1.726545e-12 9.448724e-12 1.029899e-10 1.141652e-10 _26066_
 1.958781e-12 8.886621e-12 1.029899e-10 1.138353e-10 _25896_
 1.853932e-12 8.858059e-12 1.029899e-10 1.137019e-10 _26322_
 1.464237e-12 9.167293e-12 1.029898e-10 1.136214e-10 _25886_
 2.077973e-12 7.178613e-12 1.040800e-10 1.133366e-10 _30961_
 1.733637e-12 8.376642e-12 1.029899e-10 1.131001e-10 _25771_
 1.054490e-12 7.523242e-12 1.040800e-10 1.126577e-10 _30959_
 3.461337e-12 3.189957e-11 7.649494e-11 1.118558e-10 _26037_
 1.055805e-12 5.924694e-12 1.040800e-10 1.110605e-10 _30965_
 5.405362e-13 9.136190e-12 1.013550e-10 1.110317e-10 _26255_
 1.055868e-12 5.844998e-12 1.040800e-10 1.109809e-10 _30964_
 1.056104e-12 5.564405e-12 1.040800e-10 1.107005e-10 _30966_
 2.817007e-12 4.192323e-12 1.029900e-10 1.099993e-10 _17271_
 2.150699e-12 3.194217e-11 7.568002e-11 1.097729e-10 _25764_
 4.775486e-12 2.756243e-11 7.649492e-11 1.088328e-10 _26272_
 1.022499e-12 6.390883e-12 1.013550e-10 1.087684e-10 _25767_
 2.794246e-13 3.277068e-11 7.568000e-11 1.087301e-10 _25699_
 1.842051e-12 3.011566e-11 7.568002e-11 1.076377e-10 _25905_
 7.862733e-13 4.780345e-12 1.013550e-10 1.069216e-10 _25826_
 1.088112e-12 1.396268e-12 1.040800e-10 1.065644e-10 _30968_
 1.089023e-12 1.356383e-12 1.040800e-10 1.065254e-10 _30971_
 1.092734e-12 1.198678e-12 1.040800e-10 1.063714e-10 _30975_
 1.095924e-12 1.060617e-12 1.040800e-10 1.062365e-10 _30970_
 8.537169e-13 4.017874e-12 1.013550e-10 1.062266e-10 _26067_
 1.133128e-12 9.777228e-13 1.040800e-10 1.061908e-10 _30977_
 1.101784e-12 8.051999e-13 1.040800e-10 1.059870e-10 _30972_
 1.104013e-12 7.074617e-13 1.040800e-10 1.058915e-10 _30976_
 1.104751e-12 6.747709e-13 1.040800e-10 1.058595e-10 _30973_
 1.105160e-12 6.572559e-13 1.040800e-10 1.058424e-10 _30974_
 1.111769e-12 5.325915e-13 1.040800e-10 1.057244e-10 _30969_
 6.205953e-13 3.711592e-12 1.013550e-10 1.056872e-10 _25844_
 6.805889e-13 3.606770e-12 1.013550e-10 1.056424e-10 _26265_
 6.323503e-13 3.593714e-12 1.013550e-10 1.055811e-10 _26003_
 5.173160e-13 3.664614e-12 1.013550e-10 1.055369e-10 _25848_
 7.400441e-13 3.325751e-12 1.013550e-10 1.054208e-10 _25801_
 6.508542e-13 3.399685e-12 1.013550e-10 1.054055e-10 _25972_
 6.368382e-13 3.250014e-12 1.013550e-10 1.052418e-10 _25952_
 7.690287e-13 3.117048e-12 1.013550e-10 1.052411e-10 _26284_
 6.562389e-13 3.170894e-12 1.013550e-10 1.051821e-10 _25968_
 7.589637e-13 2.982206e-12 1.013550e-10 1.050962e-10 _25754_
 6.778456e-13 3.024330e-12 1.013550e-10 1.050572e-10 _25781_
 6.861289e-13 2.871210e-12 1.013550e-10 1.049123e-10 _26282_
 6.876280e-13 2.686368e-12 1.013550e-10 1.047290e-10 _26301_
 3.255593e-12 2.570636e-11 7.568002e-11 1.046420e-10 _26261_
 6.307651e-19 4.333730e-18 1.040800e-10 1.040800e-10 input10
 0.000000e+00 0.000000e+00 1.040800e-10 1.040800e-10 input11
 1.262296e-18 4.542028e-18 1.040800e-10 1.040800e-10 input4
 6.309832e-19 2.091348e-18 1.040799e-10 1.040799e-10 input1
 1.262241e-18 3.960575e-18 1.040799e-10 1.040799e-10 input5
 2.457836e-12 2.534729e-11 7.568002e-11 1.034852e-10 _25766_
 9.461728e-19 4.892226e-18 1.020202e-10 1.020202e-10 input3
 9.468221e-19 3.482161e-18 1.020202e-10 1.020202e-10 input2
 7.051533e-19 2.900024e-18 1.020201e-10 1.020201e-10 fanout1040
 3.430673e-12 2.257332e-11 7.568001e-11 1.016840e-10 _25910_
 3.975123e-12 2.052130e-11 7.649494e-11 1.009914e-10 _25864_
 1.958457e-12 2.093067e-11 7.649498e-11 9.938410e-11 _28122_
 3.018900e-12 2.053463e-11 7.568000e-11 9.923352e-11 _26259_
 2.926693e-12 1.991370e-11 7.568000e-11 9.852039e-11 _25922_
 3.878927e-12 1.812634e-11 7.649492e-11 9.850018e-11 _26191_
 1.649755e-12 2.084709e-11 7.568002e-11 9.817687e-11 _26279_
 1.751139e-12 2.030807e-11 7.568002e-11 9.773923e-11 _26278_
 2.753555e-12 1.811698e-11 7.649494e-11 9.736548e-11 _26129_
 3.091119e-12 1.741264e-11 7.649494e-11 9.699871e-11 _26036_
 2.754052e-12 1.851073e-11 7.568000e-11 9.694479e-11 _26055_
 2.705506e-13 2.078631e-11 7.568000e-11 9.673686e-11 _25730_
 2.075445e-12 1.868031e-11 7.568002e-11 9.643578e-11 _15698_
 5.180562e-13 2.019474e-11 7.568000e-11 9.639280e-11 _25694_
 3.403551e-12 1.729877e-11 7.568002e-11 9.638234e-11 _25914_
 4.265639e-12 1.526534e-11 7.649494e-11 9.602592e-11 _25825_
 3.521047e-12 1.576506e-11 7.649494e-11 9.578104e-11 _26135_
 3.000331e-12 1.690972e-11 7.568001e-11 9.559006e-11 _25833_
 2.705514e-13 1.963741e-11 7.568000e-11 9.558795e-11 _25734_
 1.646583e-12 1.757934e-11 7.568000e-11 9.490592e-11 _25904_
 3.253562e-12 1.478654e-11 7.649492e-11 9.453503e-11 _25830_
 3.588522e-12 1.410081e-11 7.649498e-11 9.418432e-11 _26776_
 1.788851e-12 1.670916e-11 7.568000e-11 9.417801e-11 _26150_
 2.775791e-12 1.471333e-11 7.649494e-11 9.398406e-11 _25883_
 4.886577e-12 1.302901e-11 7.568002e-11 9.359561e-11 _22355_
 3.031639e-12 1.380494e-11 7.649494e-11 9.333151e-11 _25882_
 2.045996e-12 1.558354e-11 7.568002e-11 9.330956e-11 _25768_
 2.511768e-12 1.507220e-11 7.568002e-11 9.326398e-11 _25838_
 2.132164e-12 1.448390e-11 7.649494e-11 9.311101e-11 _25876_
 2.738247e-12 1.437067e-11 7.568002e-11 9.278894e-11 _26171_
 1.080449e-12 1.594842e-11 7.568000e-11 9.270887e-11 _25689_
 3.145151e-12 1.363121e-11 7.568000e-11 9.245636e-11 _18618_
 3.606082e-12 1.232597e-11 7.649494e-11 9.242699e-11 _26166_
 3.495212e-12 1.322595e-11 7.568001e-11 9.240117e-11 _26320_
 3.322339e-12 1.228610e-11 7.649494e-11 9.210338e-11 _26167_
 2.343247e-12 1.302639e-11 7.649494e-11 9.186458e-11 _26111_
 4.220067e-13 1.449052e-11 7.649500e-11 9.140753e-11 _18819_
 2.485911e-12 1.238418e-11 7.649494e-11 9.136503e-11 _25881_
 1.538813e-12 1.411218e-11 7.568001e-11 9.133100e-11 _25912_
 2.301597e-12 1.306090e-11 7.568002e-11 9.104253e-11 _26179_
 1.856070e-12 1.348373e-11 7.568001e-11 9.101981e-11 _25913_
 3.038882e-12 1.225969e-11 7.568001e-11 9.097859e-11 _25993_
 2.363667e-12 1.210738e-11 7.649494e-11 9.096599e-11 _25941_
 2.210349e-12 1.222984e-11 7.649494e-11 9.093513e-11 _26127_
 1.879275e-12 1.254888e-11 7.649500e-11 9.092316e-11 _18622_
 2.401203e-12 1.201279e-11 7.649491e-11 9.090891e-11 _26200_
 2.508973e-12 1.183398e-11 7.649493e-11 9.083788e-11 _26327_
 2.524077e-12 1.164298e-11 7.649493e-11 9.066199e-11 _25858_
 5.207125e-12 8.944590e-12 7.649498e-11 9.064670e-11 _26855_
 5.144865e-12 8.821820e-12 7.649498e-11 9.046166e-11 _29301_
 3.404483e-12 1.052982e-11 7.649494e-11 9.042923e-11 _26326_
 2.276287e-12 1.159070e-11 7.649494e-11 9.036193e-11 _26236_
 2.219839e-12 1.153925e-11 7.649492e-11 9.025401e-11 _25761_
 2.178950e-12 1.149188e-11 7.649494e-11 9.016577e-11 _26243_
 2.496734e-12 1.098419e-11 7.649492e-11 8.997584e-11 _25895_
 3.367861e-12 1.085845e-11 7.568000e-11 8.990632e-11 _26021_
 1.511299e-12 1.186529e-11 7.649494e-11 8.987152e-11 _26276_
 2.279275e-12 1.107538e-11 7.649494e-11 8.984959e-11 _26218_
 4.308567e-12 9.045781e-12 7.649494e-11 8.984928e-11 _26169_
 2.284068e-12 1.106034e-11 7.649494e-11 8.983935e-11 _26225_
 2.327648e-12 1.095019e-11 7.649492e-11 8.977276e-11 _26153_
 3.500013e-12 1.054753e-11 7.568002e-11 8.972756e-11 _26254_
 1.784070e-12 1.206314e-11 7.568001e-11 8.952723e-11 _25775_
 2.663796e-12 1.005707e-11 7.649494e-11 8.921581e-11 _25933_
 2.725858e-12 9.897563e-12 7.649494e-11 8.911837e-11 _26030_
 3.431216e-12 1.000393e-11 7.568000e-11 8.911515e-11 _26173_
 1.647121e-12 1.096729e-11 7.649494e-11 8.910934e-11 _26277_
 2.444986e-12 1.001109e-11 7.649494e-11 8.895101e-11 _26090_
 2.607830e-12 9.808136e-12 7.649494e-11 8.891090e-11 _26199_
 4.216153e-12 8.120630e-12 7.649494e-11 8.883173e-11 _24549_
 2.329920e-12 9.935219e-12 7.649492e-11 8.876006e-11 _26170_
 3.506652e-12 8.630711e-12 7.649494e-11 8.863230e-11 _25808_
 5.607288e-12 6.501610e-12 7.649499e-11 8.860389e-11 _15178_
 2.217143e-12 9.845760e-12 7.649494e-11 8.855784e-11 _25902_
 3.337220e-12 9.539146e-12 7.568000e-11 8.855636e-11 _22872_
 1.538969e-12 1.131119e-11 7.568003e-11 8.853019e-11 _25965_
 1.952293e-12 1.089252e-11 7.568000e-11 8.852481e-11 _26158_
 2.474758e-12 9.427420e-12 7.649494e-11 8.839711e-11 _26065_
 2.165624e-12 1.053407e-11 7.568000e-11 8.837969e-11 _25859_
 3.760638e-12 8.008779e-12 7.649492e-11 8.826434e-11 _26159_
 3.022913e-12 8.671543e-12 7.649494e-11 8.818939e-11 _26038_
 2.732516e-12 8.952027e-12 7.649494e-11 8.817948e-11 _26145_
 2.722573e-12 8.953700e-12 7.649494e-11 8.817121e-11 _26165_
 2.504171e-12 9.112525e-12 7.649492e-11 8.811162e-11 _16865_
 2.752225e-12 9.583047e-12 7.568007e-11 8.801534e-11 _24239_
 1.500362e-12 1.080714e-11 7.568001e-11 8.798752e-11 _26046_
 2.006816e-12 1.022111e-11 7.568000e-11 8.790792e-11 _26239_
 1.813042e-12 1.041188e-11 7.568002e-11 8.790495e-11 _25919_
 2.244093e-12 9.917899e-12 7.568001e-11 8.784200e-11 _25794_
 1.040847e-12 1.028926e-11 7.649494e-11 8.782505e-11 _26274_
 4.478654e-12 6.776113e-12 7.649500e-11 8.774977e-11 _28754_
 3.360506e-12 7.882684e-12 7.649494e-11 8.773812e-11 _25810_
 2.952267e-12 8.201541e-12 7.649494e-11 8.764874e-11 _26092_
 1.544760e-12 1.033808e-11 7.568002e-11 8.756287e-11 _26109_
 2.666856e-12 8.390700e-12 7.649492e-11 8.755248e-11 _26001_
 2.102124e-12 9.765835e-12 7.568000e-11 8.754796e-11 _26027_
 2.619419e-12 8.346003e-12 7.649494e-11 8.746036e-11 _25880_
 2.956216e-12 7.991242e-12 7.649494e-11 8.744239e-11 _26128_
 2.797712e-13 1.142944e-11 7.568000e-11 8.738921e-11 _25735_
 2.717620e-12 8.148603e-12 7.649494e-11 8.736116e-11 _25834_
 2.743658e-12 8.119685e-12 7.649494e-11 8.735828e-11 _26011_
 1.844491e-12 9.724057e-12 7.568001e-11 8.724856e-11 _26084_
 4.113512e-12 7.396435e-12 7.568002e-11 8.718997e-11 _15676_
 4.916894e-12 5.759830e-12 7.649494e-11 8.717166e-11 _20454_
 1.797124e-12 9.656648e-12 7.568001e-11 8.713379e-11 _26231_
 2.598650e-12 7.736392e-12 7.649492e-11 8.682996e-11 _25894_
 3.865212e-12 7.197377e-12 7.568000e-11 8.674259e-11 _25745_
 2.362094e-12 8.678798e-12 7.568000e-11 8.672089e-11 _26081_
 9.454947e-13 9.262330e-12 7.649492e-11 8.670275e-11 _26151_
 1.736123e-12 9.261640e-12 7.568003e-11 8.667780e-11 _26182_
 1.392272e-12 8.757038e-12 7.649492e-11 8.664423e-11 _26097_
 5.172138e-12 5.744182e-12 7.568007e-11 8.659638e-11 _28623_
 2.562311e-12 8.295934e-12 7.568002e-11 8.653827e-11 _16569_
 2.192480e-12 8.657061e-12 7.568001e-11 8.652955e-11 _25780_
 1.591397e-12 9.217746e-12 7.568000e-11 8.648915e-11 _16093_
 3.331436e-12 6.623806e-12 7.649491e-11 8.645015e-11 _25940_
 2.135180e-12 8.628859e-12 7.568002e-11 8.644406e-11 _25920_
 1.597189e-12 9.095431e-12 7.568000e-11 8.637262e-11 _25823_
 1.923553e-12 8.747498e-12 7.568002e-11 8.635107e-11 _26325_
 1.701131e-12 8.965483e-12 7.568003e-11 8.634665e-11 _25877_
 1.453165e-12 8.398245e-12 7.649493e-11 8.634634e-11 _26079_
 2.121658e-12 8.536265e-12 7.568001e-11 8.633794e-11 _26045_
 9.758610e-13 8.793696e-12 7.649494e-11 8.626450e-11 _26273_
 2.388721e-12 7.331773e-12 7.649492e-11 8.621542e-11 _25815_
 2.230806e-12 8.202623e-12 7.568001e-11 8.611344e-11 _25820_
 2.352435e-12 7.262588e-12 7.649494e-11 8.610996e-11 _17772_
 2.152620e-12 8.250068e-12 7.568000e-11 8.608269e-11 _26197_
 2.563879e-12 7.829258e-12 7.568000e-11 8.607313e-11 _25938_
 1.975789e-12 8.409886e-12 7.568000e-11 8.606567e-11 _25789_
 3.714707e-12 5.851552e-12 7.649500e-11 8.606126e-11 _27169_
 3.057333e-12 6.497253e-12 7.649494e-11 8.604952e-11 _25809_
 1.462316e-12 8.077310e-12 7.649492e-11 8.603455e-11 _26096_
 1.672420e-12 8.598792e-12 7.568002e-11 8.595124e-11 _26281_
 2.598512e-12 7.655888e-12 7.568000e-11 8.593441e-11 _26007_
 2.786785e-12 6.642066e-12 7.649494e-11 8.592379e-11 _26039_
 2.224740e-12 7.993701e-12 7.568000e-11 8.589844e-11 _26017_
 2.345738e-12 7.789929e-12 7.568000e-11 8.581567e-11 _25865_
 2.002484e-12 8.118801e-12 7.568003e-11 8.580132e-11 _25805_
 1.639178e-12 8.365952e-12 7.568000e-11 8.568513e-11 _26009_
 1.584493e-12 8.376395e-12 7.568000e-11 8.564089e-11 _26328_
 1.929643e-12 7.965506e-12 7.568001e-11 8.557516e-11 _25777_
 1.720026e-12 8.143992e-12 7.568002e-11 8.554404e-11 _26048_
 1.173994e-12 7.848499e-12 7.649492e-11 8.551741e-11 _26094_
 1.669909e-12 8.128744e-12 7.568003e-11 8.547869e-11 _25966_
 2.570993e-12 6.380156e-12 7.649494e-11 8.544608e-11 _26168_
 3.812736e-12 5.136985e-12 7.649498e-11 8.544470e-11 _22983_
 4.009732e-12 4.882276e-12 7.649500e-11 8.538700e-11 _27183_
 1.966768e-12 7.717767e-12 7.568002e-11 8.536456e-11 _25917_
 1.464666e-12 7.391790e-12 7.649494e-11 8.535139e-11 _25773_
 1.442084e-12 7.396448e-12 7.649494e-11 8.533347e-11 _25955_
 1.801289e-12 7.791030e-12 7.568001e-11 8.527233e-11 _25982_
 2.315716e-12 7.273918e-12 7.568002e-11 8.526966e-11 _25758_
 1.602466e-12 7.950124e-12 7.568002e-11 8.523261e-11 _26207_
 2.465469e-12 6.982725e-12 7.568002e-11 8.512822e-11 _26071_
 2.398905e-12 6.946525e-12 7.568000e-11 8.502543e-11 _26132_
 1.791250e-12 7.533663e-12 7.568000e-11 8.500491e-11 _26083_
 1.828491e-12 7.407436e-12 7.568001e-11 8.491594e-11 _17606_
 1.718392e-12 7.509317e-12 7.568003e-11 8.490774e-11 _26181_
 2.397148e-12 6.731985e-12 7.568000e-11 8.480913e-11 _25855_
 9.988079e-13 7.309803e-12 7.649494e-11 8.480355e-11 _25793_
 1.161171e-12 7.147298e-12 7.649492e-11 8.480339e-11 _27665_
 3.804600e-12 4.487010e-12 7.649498e-11 8.478659e-11 _22057_
 1.719915e-12 7.384045e-12 7.568000e-11 8.478396e-11 _26020_
 2.869847e-12 5.390004e-12 7.649494e-11 8.475479e-11 _26298_
 3.842011e-12 4.396186e-12 7.649500e-11 8.473319e-11 _14886_
 2.309750e-12 5.841933e-12 7.649493e-11 8.464661e-11 _26234_
 1.240316e-12 6.830653e-12 7.649494e-11 8.456591e-11 _26222_
 1.864117e-12 7.007357e-12 7.568000e-11 8.455147e-11 _26310_
 2.252391e-12 6.591109e-12 7.568002e-11 8.452353e-11 _25893_
 2.417771e-12 5.572531e-12 7.649492e-11 8.448522e-11 _25266_
 2.194037e-12 5.780393e-12 7.649500e-11 8.446943e-11 _18069_
 2.457468e-12 5.484571e-12 7.649494e-11 8.443697e-11 _22976_
 1.892110e-12 6.863746e-12 7.568002e-11 8.443588e-11 _25797_
 2.423807e-12 6.290675e-12 7.568002e-11 8.439451e-11 _26223_
 1.790334e-12 6.924100e-12 7.568002e-11 8.439446e-11 _25760_
 1.191626e-12 6.691498e-12 7.649494e-11 8.437806e-11 _26321_
 2.396360e-12 5.423644e-12 7.649500e-11 8.431500e-11 _21000_
 2.378844e-12 6.243992e-12 7.568000e-11 8.430284e-11 _25753_
 1.729234e-12 6.890560e-12 7.568001e-11 8.429980e-11 _25787_
 1.375906e-12 6.422219e-12 7.649494e-11 8.429306e-11 _25862_
 3.895254e-12 3.895228e-12 7.649500e-11 8.428548e-11 _29045_
 1.067625e-12 6.698370e-12 7.649494e-11 8.426093e-11 _25791_
 1.155160e-12 7.423065e-12 7.568005e-11 8.425827e-11 _19611_
 2.348886e-12 6.228919e-12 7.568002e-11 8.425783e-11 _25900_
 1.116807e-12 6.633190e-12 7.649493e-11 8.424492e-11 _26076_
 2.938896e-12 4.780177e-12 7.649500e-11 8.421408e-11 _28360_
 1.385495e-12 6.312410e-12 7.649493e-11 8.419283e-11 _26143_
 3.008322e-12 4.641993e-12 7.649499e-11 8.414530e-11 _16421_
 1.591534e-12 6.803046e-12 7.568002e-11 8.407461e-11 _26252_
 2.317415e-12 6.071648e-12 7.568001e-11 8.406907e-11 _26114_
 5.394354e-12 2.808315e-12 7.568007e-11 8.388273e-11 _27619_
 1.634527e-12 6.566394e-12 7.568001e-11 8.388093e-11 _25788_
 5.256115e-12 2.129200e-12 7.649500e-11 8.388031e-11 _14786_
 3.135048e-12 5.058138e-12 7.568006e-11 8.387324e-11 _23503_
 1.372852e-12 5.996993e-12 7.649494e-11 8.386479e-11 _25947_
 1.289681e-12 6.068422e-12 7.649494e-11 8.385304e-11 _26031_
 1.029651e-12 6.308115e-12 7.649491e-11 8.383268e-11 _26116_
 1.254257e-12 6.060311e-12 7.649494e-11 8.380950e-11 _26115_
 1.107958e-12 6.187518e-12 7.649491e-11 8.379039e-11 _25816_
 1.783499e-12 6.287100e-12 7.568000e-11 8.375060e-11 _25869_
 1.033665e-12 6.198278e-12 7.649495e-11 8.372689e-11 _26183_
 1.279335e-12 5.931006e-12 7.649492e-11 8.370526e-11 _26211_
 1.401599e-12 5.773222e-12 7.649494e-11 8.366976e-11 _25998_
 1.822999e-12 6.153602e-12 7.568003e-11 8.365664e-11 _26271_
 1.526708e-12 5.628099e-12 7.649493e-11 8.364973e-11 _26015_
 1.947070e-12 6.020883e-12 7.568000e-11 8.364795e-11 _26137_
 1.607128e-12 6.356884e-12 7.568000e-11 8.364401e-11 _26189_
 1.956920e-12 5.981692e-12 7.568000e-11 8.361861e-11 _26075_
 1.044819e-12 6.050226e-12 7.649494e-11 8.358998e-11 _25860_
 1.996477e-12 5.907700e-12 7.568003e-11 8.358421e-11 _26073_
 1.185934e-12 5.899171e-12 7.649494e-11 8.358004e-11 _26250_
 1.714917e-12 6.146971e-12 7.568000e-11 8.354188e-11 _25866_
 1.401597e-12 5.643627e-12 7.649492e-11 8.354015e-11 _25811_
 1.847009e-12 6.008877e-12 7.568001e-11 8.353589e-11 _25987_
 1.075447e-12 5.952530e-12 7.649492e-11 8.352290e-11 _26044_
 2.685006e-12 4.297171e-12 7.649500e-11 8.347718e-11 _21431_
 1.283461e-12 5.688965e-12 7.649495e-11 8.346737e-11 _26184_
 4.153463e-12 2.800731e-12 7.649500e-11 8.344919e-11 _28778_
 1.098618e-12 5.804903e-12 7.649492e-11 8.339844e-11 _26206_
 2.236177e-12 4.638688e-12 7.649500e-11 8.336987e-11 _27874_
 1.870781e-12 5.806429e-12 7.568000e-11 8.335721e-11 _26172_
 1.655989e-12 5.967073e-12 7.568000e-11 8.330306e-11 _20157_
 4.685541e-12 2.936156e-12 7.568007e-11 8.330176e-11 _27448_
 1.044820e-12 5.758817e-12 7.649493e-11 8.329856e-11 _25824_
 1.375455e-12 5.417257e-12 7.649493e-11 8.328764e-11 _26142_
 9.798447e-13 5.792980e-12 7.649492e-11 8.326775e-11 _26099_
 1.553388e-12 5.213414e-12 7.649494e-11 8.326174e-11 _26035_
 1.843944e-12 5.702822e-12 7.568002e-11 8.322679e-11 _26263_
 1.240387e-12 5.468989e-12 7.649493e-11 8.320430e-11 _26124_
 3.907315e-12 2.779374e-12 7.649500e-11 8.318168e-11 _14908_
 1.884369e-12 5.612762e-12 7.568003e-11 8.317716e-11 _26110_
 1.291597e-12 5.379943e-12 7.649492e-11 8.316646e-11 _26214_
 5.520716e-13 6.932195e-12 7.568000e-11 8.316427e-11 _25685_
 1.100215e-12 5.566258e-12 7.649494e-11 8.316141e-11 _26002_
 1.973964e-12 5.485066e-12 7.568001e-11 8.313904e-11 _26047_
 1.918157e-12 5.540544e-12 7.568002e-11 8.313873e-11 _25765_
 2.017439e-12 5.428171e-12 7.568000e-11 8.312560e-11 _26235_
 1.069017e-12 5.556133e-12 7.649495e-11 8.312010e-11 _25814_
 1.687662e-12 5.737813e-12 7.568000e-11 8.310547e-11 _26289_
 1.924111e-12 5.500201e-12 7.568000e-11 8.310431e-11 _26139_
 1.256423e-12 5.345097e-12 7.649491e-11 8.309643e-11 _26154_
 1.237692e-12 6.171010e-12 7.568007e-11 8.308877e-11 _18303_
 1.215068e-12 5.348299e-12 7.649493e-11 8.305830e-11 _26016_
 1.124212e-12 5.433049e-12 7.649493e-11 8.305219e-11 _26157_
 1.255347e-12 5.276847e-12 7.649492e-11 8.302711e-11 _25927_
 1.297067e-12 5.185912e-12 7.649495e-11 8.297793e-11 _25899_
 1.545386e-12 4.936561e-12 7.649493e-11 8.297688e-11 _26025_
 1.318487e-12 5.104218e-12 7.649494e-11 8.291764e-11 _26054_
 1.397777e-12 5.012925e-12 7.649492e-11 8.290563e-11 _26215_
 3.289833e-12 3.095080e-12 7.649500e-11 8.287991e-11 _14991_
 1.824371e-12 4.547725e-12 7.649500e-11 8.286710e-11 _19390_
 1.422965e-12 4.940912e-12 7.649495e-11 8.285882e-11 _26186_
 1.651595e-12 5.522496e-12 7.568002e-11 8.285411e-11 _25957_
 1.906317e-12 5.250065e-12 7.568000e-11 8.283638e-11 _26286_
 1.261978e-12 5.069496e-12 7.649494e-11 8.282641e-11 _25863_
 1.722970e-12 5.415434e-12 7.568000e-11 8.281840e-11 _25849_
 1.189560e-12 5.947636e-12 7.568005e-11 8.281725e-11 _15507_
 1.304655e-12 5.010654e-12 7.649493e-11 8.281024e-11 _25757_
 1.665077e-12 4.649661e-12 7.649494e-11 8.280968e-11 _25997_
 1.815908e-12 4.497017e-12 7.649497e-11 8.280789e-11 _16427_
 2.264281e-12 4.844032e-12 7.568000e-11 8.278832e-11 _25868_
 1.654069e-12 5.382941e-12 7.568001e-11 8.271702e-11 _25779_
 1.562170e-12 4.636641e-12 7.649492e-11 8.269373e-11 _25926_
 1.487826e-12 4.700222e-12 7.649493e-11 8.268298e-11 _26070_
 1.122216e-12 5.063697e-12 7.649494e-11 8.268086e-11 _26034_
 1.249553e-12 4.887767e-12 7.649495e-11 8.263227e-11 _26105_
 1.011792e-12 5.112258e-12 7.649492e-11 8.261897e-11 _25813_
 8.853671e-13 5.222423e-12 7.649491e-11 8.260270e-11 _25991_
 1.352977e-12 4.753418e-12 7.649492e-11 8.260131e-11 _25928_
 1.437311e-12 4.666917e-12 7.649491e-11 8.259914e-11 _26028_
 2.352357e-12 3.735666e-12 7.649500e-11 8.258302e-11 _27885_
 1.958832e-12 4.093333e-12 7.649498e-11 8.254714e-11 _19717_
 1.125362e-12 4.909497e-12 7.649492e-11 8.252978e-11 _26093_
 3.769835e-12 2.247898e-12 7.649500e-11 8.251273e-11 _14955_
 9.993068e-13 5.003611e-12 7.649494e-11 8.249786e-11 _26307_
 1.617218e-12 4.367031e-12 7.649491e-11 8.247916e-11 _25770_
 1.411966e-12 4.556812e-12 7.649494e-11 8.246372e-11 _26192_
 3.244401e-12 3.499679e-12 7.568007e-11 8.242415e-11 _27203_
 1.339884e-12 4.584876e-12 7.649495e-11 8.241971e-11 _26107_
 1.366416e-12 4.551339e-12 7.649494e-11 8.241269e-11 _25996_
 3.711263e-12 2.142432e-12 7.649500e-11 8.234869e-11 _29288_
 9.820786e-13 5.607549e-12 7.568007e-11 8.226969e-11 _15744_
 1.893689e-12 3.872172e-12 7.649500e-11 8.226086e-11 _14986_
 4.056107e-12 1.680781e-12 7.649500e-11 8.223189e-11 _26610_
 2.121970e-12 4.410320e-12 7.568001e-11 8.221230e-11 _26309_
 1.332023e-12 4.361950e-12 7.649492e-11 8.218889e-11 _25929_
 2.785619e-12 3.722624e-12 7.568007e-11 8.218831e-11 _29061_
 1.354591e-12 4.329372e-12 7.649492e-11 8.217888e-11 _26057_
 3.843858e-12 1.815298e-12 7.649500e-11 8.215415e-11 _15036_
 3.848873e-12 1.804257e-12 7.649500e-11 8.214813e-11 _14843_
 1.390482e-12 4.260570e-12 7.649492e-11 8.214597e-11 _26061_
 7.028793e-13 5.704466e-12 7.568000e-11 8.208734e-11 _25736_
 1.637529e-12 3.942715e-12 7.649493e-11 8.207517e-11 _26233_
 1.042860e-12 4.516453e-12 7.649491e-11 8.205422e-11 _25806_
 9.832300e-13 4.573193e-12 7.649495e-11 8.205137e-11 _26074_
 9.310819e-13 4.605333e-12 7.649491e-11 8.203133e-11 _26317_
 1.017944e-12 4.502604e-12 7.649492e-11 8.201547e-11 _25958_
 1.426081e-12 4.090087e-12 7.649494e-11 8.201111e-11 _18086_
 2.969013e-12 3.355069e-12 7.568006e-11 8.200414e-11 _20788_
 1.536095e-12 3.948691e-12 7.649492e-11 8.197971e-11 _25967_
 9.811769e-13 4.474239e-12 7.649494e-11 8.195035e-11 _26299_
 1.200308e-12 4.232766e-12 7.649494e-11 8.192801e-11 _25836_
 1.066428e-12 4.362992e-12 7.649494e-11 8.192436e-11 _26300_
 1.323333e-12 4.080008e-12 7.649493e-11 8.189827e-11 _26018_
 1.105212e-12 4.297389e-12 7.649494e-11 8.189754e-11 _26230_
 3.443438e-12 2.756597e-12 7.568007e-11 8.188010e-11 _29425_
 1.437901e-12 3.903896e-12 7.649492e-11 8.183672e-11 _26095_
 3.147599e-12 2.989130e-12 7.568007e-11 8.181680e-11 _14766_
 1.347240e-12 3.965022e-12 7.649494e-11 8.180720e-11 _26229_
 1.105910e-12 4.181590e-12 7.649494e-11 8.178243e-11 _25790_
 3.844908e-12 2.254431e-12 7.568007e-11 8.177940e-11 _28630_
 3.757496e-12 2.341069e-12 7.568007e-11 8.177863e-11 _29365_
 2.848394e-12 3.235986e-12 7.568007e-11 8.176446e-11 _21208_
 1.247318e-12 4.010439e-12 7.649494e-11 8.175269e-11 _25818_
 1.496211e-12 3.741774e-12 7.649495e-11 8.173293e-11 _26187_
 9.766230e-13 4.188905e-12 7.649491e-11 8.166044e-11 _26161_
 1.780776e-12 3.351503e-12 7.649492e-11 8.162720e-11 _25762_
 9.565761e-13 4.156894e-12 7.649492e-11 8.160839e-11 _26126_
 1.684387e-12 3.422736e-12 7.649493e-11 8.160205e-11 _25741_
 1.459100e-12 3.645413e-12 7.649494e-11 8.159945e-11 _25772_
 2.840257e-12 2.225664e-12 7.649500e-11 8.156092e-11 _18817_
 1.118313e-12 3.944856e-12 7.649495e-11 8.155811e-11 _25890_
 2.242425e-12 2.818169e-12 7.649500e-11 8.155559e-11 _22891_
 9.275512e-13 4.111236e-12 7.649491e-11 8.153370e-11 _25990_
 2.197989e-12 2.838975e-12 7.649499e-11 8.153195e-11 _23603_
 4.200030e-13 5.424291e-12 7.568000e-11 8.152429e-11 _25724_
 2.743498e-12 3.080759e-12 7.568001e-11 8.150427e-11 _25832_
 9.816345e-13 4.015292e-12 7.649491e-11 8.149184e-11 _17560_
 3.321253e-12 2.479996e-12 7.568007e-11 8.148132e-11 _28675_
 1.261453e-12 3.700838e-12 7.649494e-11 8.145723e-11 _26291_
 9.524329e-13 4.006742e-12 7.649491e-11 8.145409e-11 _26063_
 1.008953e-12 3.943364e-12 7.649494e-11 8.144725e-11 _26117_
 1.406160e-12 3.534796e-12 7.649492e-11 8.143588e-11 _26213_
 9.808016e-13 4.768005e-12 7.568008e-11 8.142888e-11 _21437_
 1.237115e-12 3.692658e-12 7.649492e-11 8.142469e-11 _26040_
 1.087517e-12 3.827934e-12 7.649495e-11 8.141040e-11 _25897_
 2.106730e-12 2.782009e-12 7.649500e-11 8.138375e-11 _28108_
 2.742312e-12 2.140470e-12 7.649500e-11 8.137778e-11 _28024_
 1.405276e-12 3.446988e-12 7.649493e-11 8.134719e-11 _26024_
 1.620014e-12 3.224164e-12 7.649494e-11 8.133912e-11 _26205_
 1.111330e-12 3.717939e-12 7.649495e-11 8.132422e-11 _26104_
 1.271776e-12 3.538731e-12 7.649493e-11 8.130543e-11 _26077_
 1.128033e-12 3.682279e-12 7.649492e-11 8.130523e-11 _25842_
 1.141471e-12 3.638734e-12 7.649494e-11 8.127515e-11 _25945_
 3.196704e-12 2.390873e-12 7.568007e-11 8.126765e-11 _28323_
 1.339313e-12 3.419765e-12 7.649495e-11 8.125402e-11 _25889_
 3.000964e-13 5.256864e-12 7.568000e-11 8.123695e-11 _25711_
 1.001530e-12 3.678329e-12 7.649492e-11 8.117478e-11 _25769_
 4.455347e-13 5.018332e-12 7.568000e-11 8.114386e-11 _25907_
 1.267781e-12 3.375009e-12 7.649494e-11 8.113773e-11 _26323_
 1.185477e-12 3.411502e-12 7.649494e-11 8.109192e-11 _26050_
 1.654107e-12 2.929955e-12 7.649494e-11 8.107900e-11 _25943_
 1.242518e-12 3.334752e-12 7.649492e-11 8.107219e-11 _26059_
 1.163155e-12 3.357165e-12 7.649492e-11 8.101524e-11 _25925_
 1.046734e-12 4.274885e-12 7.568007e-11 8.100169e-11 _21449_
 1.404363e-12 3.078779e-12 7.649494e-11 8.097808e-11 _26295_
 1.001768e-12 3.475146e-12 7.649492e-11 8.097183e-11 _25950_
 1.830640e-12 3.460393e-12 7.568000e-11 8.097103e-11 _24441_
 9.984008e-13 3.474879e-12 7.649492e-11 8.096820e-11 _25850_
 1.194481e-12 3.266627e-12 7.649493e-11 8.095603e-11 _26014_
 1.118378e-12 3.293491e-12 7.649492e-11 8.090679e-11 _26060_
 1.196126e-12 3.212657e-12 7.649492e-11 8.090371e-11 _25932_
 1.279905e-12 3.893980e-12 7.568006e-11 8.085394e-11 _19932_
 2.998805e-12 2.149229e-12 7.568007e-11 8.082811e-11 _27792_
 1.007464e-12 3.323701e-12 7.649494e-11 8.082610e-11 _18159_
 1.672656e-12 2.652970e-12 7.649493e-11 8.082055e-11 _26026_
 1.199583e-12 3.110920e-12 7.649494e-11 8.080544e-11 _26294_
 1.193632e-12 3.114825e-12 7.649494e-11 8.080340e-11 _26221_
 1.181813e-12 3.116675e-12 7.649494e-11 8.079343e-11 _26220_
 1.006984e-12 3.282516e-12 7.649493e-11 8.078443e-11 _26012_
 2.517090e-12 2.543602e-12 7.568000e-11 8.074069e-11 _25778_
 2.997081e-12 1.226310e-12 7.649500e-11 8.071840e-11 _28453_
 3.369600e-12 1.668187e-12 7.568007e-11 8.071786e-11 _28493_
 3.083905e-12 1.935289e-12 7.568007e-11 8.069926e-11 _29407_
 1.055986e-12 3.121937e-12 7.649493e-11 8.067285e-11 _25857_
 1.169894e-12 2.995467e-12 7.649495e-11 8.066031e-11 _25898_
 2.796814e-12 2.144858e-12 7.568007e-11 8.062174e-11 _28445_
 2.800442e-12 2.114075e-12 7.568007e-11 8.059459e-11 _14731_
 1.077134e-12 3.021272e-12 7.649492e-11 8.059332e-11 _25796_
 8.674300e-13 4.038714e-12 7.568000e-11 8.058614e-11 _25693_
 2.339029e-12 1.748229e-12 7.649500e-11 8.058226e-11 _27418_
 1.571135e-12 2.442249e-12 7.649495e-11 8.050834e-11 _16439_
 3.404680e-12 1.343884e-12 7.568007e-11 8.042863e-11 _27802_
 2.087213e-12 1.831958e-12 7.649500e-11 8.041418e-11 _27138_
 6.351869e-13 4.085837e-12 7.568000e-11 8.040102e-11 _26258_
 1.041072e-12 3.650528e-12 7.568007e-11 8.037167e-11 _17525_
 7.422530e-13 3.945777e-12 7.568000e-11 8.036802e-11 _15433_
 2.077787e-12 1.785961e-12 7.649500e-11 8.035875e-11 _29402_
 3.020361e-12 1.637026e-12 7.568007e-11 8.033746e-11 _15086_
 1.386670e-12 2.443757e-12 7.649492e-11 8.032535e-11 _25974_
 1.199561e-12 2.614489e-12 7.649494e-11 8.030898e-11 _26324_
 2.878924e-12 1.661468e-12 7.568007e-11 8.022047e-11 _28091_
 1.257448e-12 2.463490e-12 7.649493e-11 8.021587e-11 _26268_
 1.280829e-12 2.431881e-12 7.649492e-11 8.020763e-11 _26319_
 2.896743e-12 1.613040e-12 7.568007e-11 8.018985e-11 _14837_
 1.911148e-12 1.748526e-12 7.649500e-11 8.015468e-11 _18628_
 8.091366e-13 3.634066e-12 7.568000e-11 8.012320e-11 _17446_
 1.061442e-12 3.363452e-12 7.568008e-11 8.010497e-11 _17294_
 2.149680e-12 1.444889e-12 7.649500e-11 8.008957e-11 _15014_
 1.020250e-12 3.337071e-12 7.568007e-11 8.003739e-11 _18377_
 2.386748e-12 1.953853e-12 7.568002e-11 8.002063e-11 _25949_
 1.190936e-12 3.149538e-12 7.568007e-11 8.002055e-11 _19500_
 2.544367e-12 9.634814e-13 7.649500e-11 8.000285e-11 _15100_
 2.325894e-12 1.174755e-12 7.649500e-11 7.999566e-11 _28516_
 1.440369e-12 2.022793e-12 7.649491e-11 7.995807e-11 _26288_
 3.411477e-13 3.923340e-12 7.568000e-11 7.994448e-11 _26256_
 2.044832e-12 1.368469e-12 7.649500e-11 7.990830e-11 _28643_
 1.840287e-12 1.546415e-12 7.649500e-11 7.988171e-11 _29328_
 1.672602e-12 2.377390e-12 7.568009e-11 7.973008e-11 _23608_
 1.050992e-12 2.935380e-12 7.568000e-11 7.966637e-11 _15445_
 1.179932e-12 2.801333e-12 7.568007e-11 7.966133e-11 _20261_
 3.133458e-13 3.579222e-12 7.568000e-11 7.957256e-11 _25703_
 2.108919e-12 9.487941e-13 7.649500e-11 7.955272e-11 _29420_
 3.444358e-13 3.489403e-12 7.568000e-11 7.951383e-11 _25726_
 7.656354e-13 2.219073e-12 7.649496e-11 7.947967e-11 _22967_
 1.153449e-12 2.628094e-12 7.568005e-11 7.946159e-11 _24867_
 1.846872e-12 1.910582e-12 7.568000e-11 7.943745e-11 _29298_
 1.393570e-12 2.289310e-12 7.568007e-11 7.936295e-11 _24131_
 2.910551e-13 3.357516e-12 7.568000e-11 7.932857e-11 _25727_
 2.997728e-13 3.280925e-12 7.568000e-11 7.926070e-11 _25713_
 1.185021e-12 2.373593e-12 7.568005e-11 7.923866e-11 _19061_
 3.755823e-13 3.160140e-12 7.568000e-11 7.921572e-11 _25909_
 1.562560e-12 1.158055e-12 7.649492e-11 7.921554e-11 _25841_
 6.119186e-13 2.061579e-12 7.649500e-11 7.916851e-11 _27591_
 3.317256e-13 3.130576e-12 7.568000e-11 7.914230e-11 _25723_
 1.582353e-12 1.042263e-12 7.649491e-11 7.911953e-11 _26217_
 1.140719e-12 2.295494e-12 7.568009e-11 7.911630e-11 _18075_
 3.262187e-13 3.079680e-12 7.568000e-11 7.908590e-11 _25704_
 1.213333e-12 2.159834e-12 7.568007e-11 7.905324e-11 _22879_
 1.304309e-12 2.000945e-12 7.568007e-11 7.898533e-11 _21536_
 3.650665e-13 2.904928e-12 7.568000e-11 7.894999e-11 _25717_
 1.955071e-12 1.279519e-12 7.568007e-11 7.891465e-11 _16163_
 7.947178e-13 1.624316e-12 7.649496e-11 7.891400e-11 _24217_
 3.895591e-13 2.760120e-12 7.568000e-11 7.882968e-11 _25714_
 4.891983e-13 2.652257e-12 7.568000e-11 7.882145e-11 _25720_
 1.405316e-12 8.285474e-13 7.649500e-11 7.872887e-11 _15375_
 1.253049e-12 1.732476e-12 7.568005e-11 7.866557e-11 _23191_
 3.473547e-13 2.632784e-12 7.568000e-11 7.866013e-11 _25731_
 5.266514e-13 2.443662e-12 7.568000e-11 7.865031e-11 _15751_
 5.387021e-13 2.430581e-12 7.568000e-11 7.864928e-11 _25725_
 9.945072e-13 1.153403e-12 7.649491e-11 7.864283e-11 _25605_
 8.540465e-13 2.077655e-12 7.568000e-11 7.861170e-11 _25716_
 4.133288e-13 1.697271e-12 7.649500e-11 7.860561e-11 _16348_
 1.181035e-12 1.693930e-12 7.568007e-11 7.855503e-11 _25273_
 3.106392e-13 2.554551e-12 7.568000e-11 7.854518e-11 _25729_
 1.198211e-12 1.612779e-12 7.568007e-11 7.849106e-11 _24448_
 3.481018e-13 1.632038e-12 7.649500e-11 7.847514e-11 _18172_
 3.777039e-13 2.387128e-12 7.568000e-11 7.844483e-11 _25708_
 3.416780e-13 2.399669e-12 7.568000e-11 7.842135e-11 _26241_
 1.265267e-12 1.471359e-12 7.568000e-11 7.841662e-11 _25690_
 5.301752e-13 2.195669e-12 7.568000e-11 7.840584e-11 _25683_
 8.552491e-13 1.862908e-12 7.568000e-11 7.839816e-11 _26257_
 4.798310e-13 2.233555e-12 7.568000e-11 7.839338e-11 _26122_
 1.208650e-12 1.473338e-12 7.568005e-11 7.836203e-11 _20473_
 4.558373e-13 1.406881e-12 7.649500e-11 7.835772e-11 _28790_
 4.236772e-13 1.431044e-12 7.649500e-11 7.834972e-11 _16793_
 1.189229e-12 1.480320e-12 7.568006e-11 7.834961e-11 _25483_
 5.339771e-13 2.131791e-12 7.568000e-11 7.834577e-11 _16034_
 1.265438e-12 1.385554e-12 7.568005e-11 7.833104e-11 _24556_
 2.997549e-13 2.340433e-12 7.568000e-11 7.832018e-11 _25706_
 1.330350e-12 1.280252e-12 7.568007e-11 7.829067e-11 _24763_
 1.243628e-12 1.341651e-12 7.568007e-11 7.826535e-11 _21741_
 3.447642e-13 2.230183e-12 7.568000e-11 7.825494e-11 _25732_
 1.167182e-12 1.400755e-12 7.568005e-11 7.824799e-11 _21316_
 4.980011e-13 2.063284e-12 7.568000e-11 7.824128e-11 _26313_
 5.445210e-13 2.013785e-12 7.568000e-11 7.823830e-11 _25961_
 4.210473e-13 2.135013e-12 7.568000e-11 7.823606e-11 _26108_
 1.215296e-12 1.313463e-12 7.568005e-11 7.820880e-11 _23400_
 4.298802e-13 2.081509e-12 7.568000e-11 7.819138e-11 _25739_
 3.572508e-13 2.151175e-12 7.568000e-11 7.818842e-11 _25802_
 3.117737e-13 2.179869e-12 7.568000e-11 7.817164e-11 _25701_
 3.728422e-13 2.113823e-12 7.568000e-11 7.816666e-11 _26176_
 4.014837e-13 2.063560e-12 7.568000e-11 7.814504e-11 _25937_
 3.165645e-13 2.138059e-12 7.568000e-11 7.813462e-11 _25710_
 4.091034e-13 2.040410e-12 7.568000e-11 7.812951e-11 _25847_
 4.757031e-13 1.948904e-12 7.568000e-11 7.810461e-11 _25846_
 9.564602e-13 1.467951e-12 7.568008e-11 7.810449e-11 _28332_
 3.551287e-13 2.065328e-12 7.568000e-11 7.810046e-11 _26133_
 1.081712e-12 1.335128e-12 7.568008e-11 7.809692e-11 _28794_
 2.933673e-13 2.105465e-12 7.568000e-11 7.807883e-11 _26162_
 5.030485e-13 1.890276e-12 7.568000e-11 7.807332e-11 _17403_
 4.882728e-13 1.904423e-12 7.568000e-11 7.807269e-11 _25946_
 9.576456e-13 1.428191e-12 7.568000e-11 7.806583e-11 _16843_
 5.212614e-13 1.854129e-12 7.568000e-11 7.805539e-11 _26086_
 4.122023e-13 1.955553e-12 7.568000e-11 7.804775e-11 _26131_
 4.163226e-13 1.925113e-12 7.568000e-11 7.802143e-11 _26006_
 1.096870e-12 1.231289e-12 7.568008e-11 7.800824e-11 _28924_
 4.967486e-13 1.809623e-12 7.568000e-11 7.798637e-11 _25962_
 2.906401e-13 2.014722e-12 7.568000e-11 7.798536e-11 _25923_
 5.195947e-13 1.772588e-12 7.568000e-11 7.797218e-11 _26248_
 4.304922e-13 1.851944e-12 7.568000e-11 7.796244e-11 _26312_
 3.949655e-13 1.855904e-12 7.568000e-11 7.793086e-11 _25953_
 4.271219e-13 1.816748e-12 7.568000e-11 7.792387e-11 _26087_
 4.089109e-13 1.011569e-12 7.649500e-11 7.791549e-11 _26624_
 4.059485e-13 1.821261e-12 7.568000e-11 7.790721e-11 _26315_
 4.556518e-13 1.765243e-12 7.568000e-11 7.790089e-11 _26204_
 6.714829e-13 7.312190e-13 7.649500e-11 7.789771e-11 _28519_
 3.583112e-13 1.856016e-12 7.568000e-11 7.789432e-11 _26196_
 3.296417e-13 1.880611e-12 7.568000e-11 7.789025e-11 _25733_
 6.112677e-13 1.596566e-12 7.568000e-11 7.788783e-11 _25688_
 4.474711e-13 1.758729e-12 7.568000e-11 7.788620e-11 _18513_
 3.131650e-13 1.889052e-12 7.568000e-11 7.788221e-11 _26180_
 4.179826e-13 9.689437e-13 7.649500e-11 7.788193e-11 _17573_
 4.848107e-13 1.694807e-12 7.568000e-11 7.785961e-11 _24596_
 4.010857e-13 1.778488e-12 7.568000e-11 7.785957e-11 _26285_
 4.566007e-13 1.715443e-12 7.568000e-11 7.785204e-11 _25756_
 3.563760e-13 1.813929e-12 7.568000e-11 7.785030e-11 _26238_
 3.692792e-13 1.793246e-12 7.568000e-11 7.784252e-11 _26123_
 4.087654e-13 1.741413e-12 7.568000e-11 7.783017e-11 _25983_
 3.913397e-13 1.754574e-12 7.568000e-11 7.782591e-11 _26175_
 1.021833e-12 1.106557e-12 7.568008e-11 7.780847e-11 _14830_
 4.523439e-13 1.675002e-12 7.568000e-11 7.780734e-11 _25935_
 5.274875e-13 1.568851e-12 7.568000e-11 7.777633e-11 _25803_
 3.905526e-13 1.701489e-12 7.568000e-11 7.777204e-11 _26249_
 4.296465e-13 1.651345e-12 7.568000e-11 7.776099e-11 _26160_
 3.144108e-13 1.753360e-12 7.568000e-11 7.774777e-11 _25707_
 4.241666e-13 8.282262e-13 7.649500e-11 7.774740e-11 _25589_
 3.591431e-13 1.698267e-12 7.568000e-11 7.773741e-11 _26209_
 1.361391e-12 6.937410e-13 7.568007e-11 7.773520e-11 _29278_
 4.918705e-13 1.553887e-12 7.568000e-11 7.772576e-11 _25873_
 4.134211e-13 1.618714e-12 7.568000e-11 7.771213e-11 _17876_
 3.743618e-13 1.656825e-12 7.568000e-11 7.771118e-11 _25976_
 4.970047e-13 1.530711e-12 7.568000e-11 7.770772e-11 _25785_
 1.232888e-12 7.881763e-13 7.568008e-11 7.770114e-11 _27496_
 3.166239e-13 1.701895e-12 7.568000e-11 7.769851e-11 _25692_
 4.856849e-13 1.531906e-12 7.568000e-11 7.769759e-11 _25978_
 1.545302e-12 4.611435e-13 7.568007e-11 7.768652e-11 _14840_
 9.376945e-13 1.049865e-12 7.568008e-11 7.766764e-11 _27630_
 1.006034e-12 9.802629e-13 7.568008e-11 7.766638e-11 _28316_
 3.645525e-13 1.617051e-12 7.568000e-11 7.766160e-11 _26266_
 4.304349e-13 7.147872e-13 7.649500e-11 7.764023e-11 _23087_
 4.115171e-13 1.544375e-12 7.568000e-11 7.763589e-11 _26269_
 3.074192e-13 1.647867e-12 7.568000e-11 7.763528e-11 _25885_
 4.550546e-13 1.482343e-12 7.568000e-11 7.761739e-11 _25702_
 1.075085e-12 8.584800e-13 7.568008e-11 7.761364e-11 _28731_
 3.548003e-13 1.559027e-12 7.568000e-11 7.759383e-11 _17113_
 3.331420e-13 1.575965e-12 7.568000e-11 7.758910e-11 _17798_
 3.038892e-13 1.588982e-12 7.568000e-11 7.757286e-11 _15863_
 4.193492e-13 1.441124e-12 7.568000e-11 7.754047e-11 _25799_
 4.439531e-13 1.403395e-12 7.568000e-11 7.752735e-11 _25970_
 3.923252e-13 1.451112e-12 7.568000e-11 7.752343e-11 _25971_
 3.107261e-13 1.531360e-12 7.568000e-11 7.752209e-11 _17026_
 3.653578e-13 1.459927e-12 7.568000e-11 7.750528e-11 _26056_
 4.430401e-13 5.613390e-13 7.649500e-11 7.749938e-11 _29130_
 3.298587e-13 1.485358e-12 7.568000e-11 7.749521e-11 _17098_
 1.022382e-12 7.838855e-13 7.568007e-11 7.748634e-11 _29392_
 5.186025e-13 1.268064e-12 7.568000e-11 7.746667e-11 _25871_
 9.118468e-13 8.684678e-13 7.568008e-11 7.746039e-11 _14873_
 1.094211e-12 6.832678e-13 7.568000e-11 7.745748e-11 _18511_
 9.592397e-13 8.011749e-13 7.568008e-11 7.744049e-11 _29052_
 4.663282e-13 1.288663e-12 7.568000e-11 7.743499e-11 _26240_
 4.584086e-13 1.257220e-12 7.568000e-11 7.739562e-11 _25755_
 5.386303e-13 1.170144e-12 7.568000e-11 7.738877e-11 _21040_
 5.053627e-13 3.870219e-13 7.649500e-11 7.738739e-11 _20155_
 3.787655e-13 1.323177e-12 7.568000e-11 7.738194e-11 _26194_
 4.652903e-13 1.229203e-12 7.568000e-11 7.737449e-11 _26121_
 4.037195e-13 1.290700e-12 7.568000e-11 7.737442e-11 _19046_
 3.968227e-13 1.297560e-12 7.568000e-11 7.737438e-11 _17368_
 4.182946e-13 1.275675e-12 7.568000e-11 7.737397e-11 _25989_
 4.397903e-13 1.253057e-12 7.568000e-11 7.737284e-11 _26302_
 9.429961e-13 7.467483e-13 7.568007e-11 7.736982e-11 _29012_
 8.616182e-13 8.219711e-13 7.568007e-11 7.736366e-11 _29256_
 4.788332e-13 1.200828e-12 7.568000e-11 7.735966e-11 _15480_
 4.261660e-13 1.252113e-12 7.568000e-11 7.735827e-11 _26101_
 3.709463e-13 1.300485e-12 7.568000e-11 7.735143e-11 _26203_
 3.159996e-13 1.353343e-12 7.568000e-11 7.734934e-11 _25931_
 1.188799e-12 4.737912e-13 7.568008e-11 7.734267e-11 _28883_
 5.365514e-13 1.124474e-12 7.568000e-11 7.734102e-11 _25960_
 5.198605e-13 1.137538e-12 7.568000e-11 7.733739e-11 _26247_
 3.901075e-13 1.251020e-12 7.568000e-11 7.732112e-11 _26201_
 9.645037e-13 6.595472e-13 7.568008e-11 7.730413e-11 _29172_
 4.024665e-13 1.221184e-12 7.568000e-11 7.730365e-11 _26102_
 1.036116e-12 5.814345e-13 7.568008e-11 7.729763e-11 _28243_
 5.336421e-13 1.081095e-12 7.568000e-11 7.729473e-11 _25700_
 3.952789e-13 1.217559e-12 7.568000e-11 7.729283e-11 _18228_
 1.045630e-12 5.572298e-13 7.568007e-11 7.728293e-11 _29220_
 1.030101e-12 5.451369e-13 7.568008e-11 7.725532e-11 _28046_
 5.020134e-13 1.069319e-12 7.568000e-11 7.725133e-11 _26296_
 3.620660e-13 1.191822e-12 7.568000e-11 7.723389e-11 _26304_
 9.517040e-13 5.965390e-13 7.568008e-11 7.722832e-11 _14801_
 3.727452e-13 1.172278e-12 7.568000e-11 7.722502e-11 _26088_
 3.839501e-13 1.128148e-12 7.568000e-11 7.719209e-11 _25845_
 3.997938e-13 1.111977e-12 7.568000e-11 7.719177e-11 _25992_
 4.321177e-13 1.069403e-12 7.568000e-11 7.718152e-11 _26004_
 3.453421e-13 1.151810e-12 7.568000e-11 7.717715e-11 _16933_
 4.130164e-13 1.082370e-12 7.568000e-11 7.717538e-11 _25853_
 3.684913e-13 1.122997e-12 7.568000e-11 7.717148e-11 _25977_
 3.208674e-13 1.170585e-12 7.568000e-11 7.717145e-11 _15626_
 3.154749e-13 1.175029e-12 7.568000e-11 7.717050e-11 _16583_
 4.352830e-13 1.043928e-12 7.568000e-11 7.715921e-11 _26005_
 9.835313e-13 4.913991e-13 7.568008e-11 7.715501e-11 _14780_
 3.432096e-13 1.108612e-12 7.568000e-11 7.713182e-11 _15908_
 4.089269e-13 1.042809e-12 7.568000e-11 7.713173e-11 _25718_
 5.522956e-13 8.992107e-13 7.568000e-11 7.713150e-11 _26314_
 3.174128e-13 1.128939e-12 7.568000e-11 7.712635e-11 _25681_
 3.983660e-13 1.014156e-12 7.568000e-11 7.709252e-11 _25712_
 4.445865e-13 9.673469e-13 7.568000e-11 7.709193e-11 _17910_
 3.791274e-13 1.003004e-12 7.568000e-11 7.706213e-11 _25969_
 6.093703e-13 7.671190e-13 7.568000e-11 7.705649e-11 _25722_
 3.784358e-13 9.886989e-13 7.568000e-11 7.704713e-11 _22921_
 4.008426e-13 9.652383e-13 7.568000e-11 7.704608e-11 _25715_
 4.593940e-13 8.020319e-13 7.568000e-11 7.694143e-11 _17152_
 3.411952e-13 8.886594e-13 7.568000e-11 7.690985e-11 _25719_
 3.705254e-13 8.512552e-13 7.568000e-11 7.690178e-11 _16254_
 5.148879e-13 6.699915e-13 7.568000e-11 7.686488e-11 _15667_
 4.603359e-13 7.129042e-13 7.568000e-11 7.685324e-11 _16176_
 3.731251e-13 7.707495e-13 7.568000e-11 7.682387e-11 _15671_
 3.519512e-13 7.313614e-13 7.568000e-11 7.676331e-11 _16410_
 5.122664e-13 5.631556e-13 7.568000e-11 7.675542e-11 _22818_
 6.054599e-13 4.277521e-13 7.568000e-11 7.671321e-11 _23865_
 3.610803e-13 6.555652e-13 7.568000e-11 7.669664e-11 _25709_
 4.972410e-13 5.152835e-13 7.568000e-11 7.669252e-11 _17633_
 4.729547e-13 5.377403e-13 7.568000e-11 7.669070e-11 _25422_
 4.996914e-13 4.808450e-13 7.568000e-11 7.666053e-11 _17191_
 4.902011e-13 4.878069e-13 7.568000e-11 7.665801e-11 _17231_
 5.261479e-13 4.181957e-13 7.568000e-11 7.662434e-11 _22301_
 4.911453e-13 4.033521e-13 7.568000e-11 7.657450e-11 _17452_
 3.059692e-13 5.821011e-13 7.568000e-11 7.656806e-11 _25705_
 3.916632e-13 4.656231e-13 7.568000e-11 7.653728e-11 _25721_
 0.000000e+00 0.000000e+00 7.649500e-11 7.649500e-11 _15054_
 0.000000e+00 0.000000e+00 7.649500e-11 7.649500e-11 _27074_
 0.000000e+00 0.000000e+00 7.649500e-11 7.649500e-11 _27284_
 0.000000e+00 0.000000e+00 7.649500e-11 7.649500e-11 _27483_
 0.000000e+00 0.000000e+00 7.649500e-11 7.649500e-11 _27487_
 0.000000e+00 0.000000e+00 7.649500e-11 7.649500e-11 _27653_
 0.000000e+00 0.000000e+00 7.649500e-11 7.649500e-11 _27990_
 0.000000e+00 0.000000e+00 7.649500e-11 7.649500e-11 _27999_
 0.000000e+00 0.000000e+00 7.649500e-11 7.649500e-11 _28176_
 0.000000e+00 0.000000e+00 7.649500e-11 7.649500e-11 _28235_
 0.000000e+00 0.000000e+00 7.649500e-11 7.649500e-11 _28561_
 0.000000e+00 0.000000e+00 7.649500e-11 7.649500e-11 _29108_
 0.000000e+00 0.000000e+00 7.649500e-11 7.649500e-11 _29191_
 0.000000e+00 0.000000e+00 7.649500e-11 7.649500e-11 _29202_
 2.172132e-19 7.942858e-19 7.568004e-11 7.568004e-11 _25752_
 0.000000e+00 0.000000e+00 7.568000e-11 7.568000e-11 _25751_
