     Internal    Switching      Leakage        Total
        Power        Power        Power        Power (Watts)
----------------------------------------------------
 1.360503e-06 3.839195e-06 4.296680e-10 5.200128e-06 clkbuf_0_core_clk
 6.704028e-07 3.860875e-06 3.015314e-10 4.531579e-06 clkbuf_2_0_0_core_clk
 6.699039e-07 3.722304e-06 3.015314e-10 4.392509e-06 clkbuf_2_3_0_core_clk
 6.695627e-07 3.626098e-06 3.015314e-10 4.295962e-06 clkbuf_2_1_0_core_clk
 6.689264e-07 3.447668e-06 3.015314e-10 4.116896e-06 clkbuf_2_2_0_core_clk
 1.339933e-06 2.717741e-06 4.296680e-10 4.058104e-06 clkbuf_5_4__f_core_clk
 1.337568e-06 2.551292e-06 4.296680e-10 3.889289e-06 clkbuf_5_3__f_core_clk
 1.336779e-06 2.495814e-06 4.296680e-10 3.833023e-06 clkbuf_5_0__f_core_clk
 1.337174e-06 2.457355e-06 4.296680e-10 3.794959e-06 clkbuf_5_25__f_core_clk
 1.337781e-06 2.453623e-06 4.296680e-10 3.791834e-06 clkbuf_5_14__f_core_clk
 1.335912e-06 2.434900e-06 4.296680e-10 3.771241e-06 clkbuf_5_5__f_core_clk
 1.335265e-06 2.389369e-06 4.296680e-10 3.725064e-06 clkbuf_5_2__f_core_clk
 1.335165e-06 2.315978e-06 4.296680e-10 3.651573e-06 clkbuf_5_27__f_core_clk
 1.334916e-06 2.298376e-06 4.296680e-10 3.633722e-06 clkbuf_5_24__f_core_clk
 1.334754e-06 2.286948e-06 4.296680e-10 3.622131e-06 clkbuf_5_28__f_core_clk
 1.332515e-06 2.195968e-06 4.296680e-10 3.528913e-06 clkbuf_5_7__f_core_clk
 1.333903e-06 2.180300e-06 4.296680e-10 3.514634e-06 clkbuf_5_15__f_core_clk
 1.332151e-06 2.170329e-06 4.296680e-10 3.502909e-06 clkbuf_5_1__f_core_clk
 1.331859e-06 2.149809e-06 4.296680e-10 3.482098e-06 clkbuf_5_6__f_core_clk
 1.333562e-06 2.070362e-06 4.296680e-10 3.404354e-06 clkbuf_5_17__f_core_clk
 1.331216e-06 2.037854e-06 4.296680e-10 3.369500e-06 clkbuf_5_26__f_core_clk
 1.331130e-06 2.031742e-06 4.296680e-10 3.363302e-06 clkbuf_5_29__f_core_clk
 1.330834e-06 2.010895e-06 4.296680e-10 3.342158e-06 clkbuf_5_30__f_core_clk
 1.331448e-06 2.007187e-06 4.296680e-10 3.339065e-06 clkbuf_5_9__f_core_clk
 1.332202e-06 1.974335e-06 4.296680e-10 3.306967e-06 clkbuf_5_16__f_core_clk
 1.329467e-06 1.914635e-06 4.296680e-10 3.244532e-06 clkbuf_5_31__f_core_clk
 1.329848e-06 1.894380e-06 4.296680e-10 3.224658e-06 clkbuf_5_11__f_core_clk
 1.329656e-06 1.880876e-06 4.296680e-10 3.210962e-06 clkbuf_5_12__f_core_clk
 1.330598e-06 1.860993e-06 4.296680e-10 3.192020e-06 clkbuf_5_18__f_core_clk
 1.330374e-06 1.845219e-06 4.296680e-10 3.176023e-06 clkbuf_5_21__f_core_clk
 1.329809e-06 1.805316e-06 4.296680e-10 3.135555e-06 clkbuf_5_20__f_core_clk
 1.328424e-06 1.794014e-06 4.296680e-10 3.122868e-06 clkbuf_5_13__f_core_clk
 1.327966e-06 1.761750e-06 4.296680e-10 3.090146e-06 clkbuf_5_8__f_core_clk
 1.328812e-06 1.734911e-06 4.296680e-10 3.064152e-06 clkbuf_5_19__f_core_clk
 1.328432e-06 1.708066e-06 4.296680e-10 3.036928e-06 clkbuf_5_23__f_core_clk
 1.328367e-06 1.703473e-06 4.296680e-10 3.032270e-06 clkbuf_5_22__f_core_clk
 1.325668e-06 1.599760e-06 4.296680e-10 2.925858e-06 clkbuf_5_10__f_core_clk
 1.390852e-06 6.414124e-07 4.299075e-10 2.032694e-06 clkbuf_0_clk
 1.370831e-06 3.931180e-07 4.299075e-10 1.764379e-06 clkbuf_1_0__f_clk
 1.364851e-06 2.332206e-07 4.299075e-10 1.598501e-06 clkbuf_1_1__f_clk
 2.255276e-07 1.088635e-06 3.045620e-10 1.314467e-06 fanout262
 6.460411e-07 5.378588e-07 3.015314e-10 1.184201e-06 clkbuf_leaf_2_core_clk
 6.459420e-07 5.343326e-07 3.015314e-10 1.180576e-06 clkbuf_leaf_3_core_clk
 2.235520e-07 9.537363e-07 3.045620e-10 1.177593e-06 fanout790
 2.229573e-07 9.452419e-07 2.989829e-10 1.168498e-06 fanout485
 6.473700e-07 5.193388e-07 3.015314e-10 1.167010e-06 clkbuf_leaf_223_core_clk
 2.238324e-07 9.268846e-07 3.045620e-10 1.151022e-06 fanout261
 6.447696e-07 4.877169e-07 3.015314e-10 1.132788e-06 clkbuf_leaf_97_core_clk
 6.462463e-07 4.847735e-07 3.015314e-10 1.131321e-06 clkbuf_leaf_43_core_clk
 6.462403e-07 4.800330e-07 3.015314e-10 1.126575e-06 clkbuf_leaf_224_core_clk
 2.219125e-07 9.009383e-07 2.989829e-10 1.123150e-06 fanout488
 6.449736e-07 4.737788e-07 3.015314e-10 1.119054e-06 clkbuf_leaf_149_core_clk
 6.448724e-07 4.702113e-07 3.015314e-10 1.115385e-06 clkbuf_leaf_155_core_clk
 6.433388e-07 4.647685e-07 3.015314e-10 1.108409e-06 clkbuf_leaf_233_core_clk
 6.456007e-07 4.622790e-07 3.015314e-10 1.108181e-06 clkbuf_leaf_44_core_clk
 6.444831e-07 4.582082e-07 3.015314e-10 1.102993e-06 clkbuf_leaf_101_core_clk
 6.448099e-07 4.578121e-07 3.015314e-10 1.102924e-06 clkbuf_leaf_237_core_clk
 1.133807e-07 9.892725e-07 2.305953e-10 1.102884e-06 fanout355
 6.431869e-07 4.593239e-07 3.015314e-10 1.102812e-06 clkbuf_leaf_254_core_clk
 6.437880e-07 4.577674e-07 3.015314e-10 1.101857e-06 clkbuf_leaf_9_core_clk
 6.438829e-07 4.562496e-07 3.015314e-10 1.100434e-06 clkbuf_leaf_95_core_clk
 6.438771e-07 4.560463e-07 3.015314e-10 1.100225e-06 clkbuf_leaf_96_core_clk
 6.463710e-07 4.530163e-07 3.015314e-10 1.099689e-06 clkbuf_leaf_169_core_clk
 6.443580e-07 4.520856e-07 3.015314e-10 1.096745e-06 clkbuf_leaf_131_core_clk
 6.436118e-07 4.515061e-07 3.015314e-10 1.095419e-06 clkbuf_leaf_4_core_clk
 6.436757e-07 4.481046e-07 3.015314e-10 1.092082e-06 clkbuf_leaf_72_core_clk
 6.460905e-07 4.433599e-07 3.015314e-10 1.089752e-06 clkbuf_leaf_171_core_clk
 2.223490e-07 8.663750e-07 3.045643e-10 1.089029e-06 fanout706
 6.443626e-07 4.390904e-07 3.015314e-10 1.083754e-06 clkbuf_leaf_10_core_clk
 6.442513e-07 4.381928e-07 3.015314e-10 1.082745e-06 clkbuf_leaf_221_core_clk
 6.425176e-07 4.353212e-07 3.015314e-10 1.078140e-06 clkbuf_leaf_253_core_clk
 6.431061e-07 4.335306e-07 3.015314e-10 1.076938e-06 clkbuf_leaf_267_core_clk
 6.440802e-07 4.294705e-07 3.015314e-10 1.073852e-06 clkbuf_leaf_84_core_clk
 6.428284e-07 4.303565e-07 3.015314e-10 1.073486e-06 clkbuf_leaf_38_core_clk
 2.223420e-07 8.489009e-07 2.989829e-10 1.071542e-06 fanout797
 6.455834e-07 4.253576e-07 3.015314e-10 1.071243e-06 clkbuf_leaf_170_core_clk
 6.429264e-07 4.271398e-07 3.015314e-10 1.070368e-06 clkbuf_leaf_268_core_clk
 6.436021e-07 4.254474e-07 3.015314e-10 1.069351e-06 clkbuf_leaf_152_core_clk
 6.428937e-07 4.259771e-07 3.015314e-10 1.069172e-06 clkbuf_leaf_269_core_clk
 6.449584e-07 4.219156e-07 3.015314e-10 1.067176e-06 clkbuf_leaf_204_core_clk
 6.454410e-07 4.210019e-07 3.015314e-10 1.066744e-06 clkbuf_leaf_146_core_clk
 6.445086e-07 4.197844e-07 3.015314e-10 1.064594e-06 clkbuf_leaf_206_core_clk
 2.226748e-07 8.410646e-07 3.045620e-10 1.064044e-06 fanout787
 6.434465e-07 4.199645e-07 3.015314e-10 1.063712e-06 clkbuf_leaf_156_core_clk
 6.442968e-07 4.168468e-07 3.015314e-10 1.061445e-06 clkbuf_leaf_45_core_clk
 6.436487e-07 4.170330e-07 3.015314e-10 1.060983e-06 clkbuf_leaf_238_core_clk
 6.426554e-07 4.175080e-07 3.015314e-10 1.060465e-06 clkbuf_leaf_0_core_clk
 2.267588e-07 8.331791e-07 2.989829e-10 1.060237e-06 max_cap1027
 6.424276e-07 4.160767e-07 3.015314e-10 1.058806e-06 clkbuf_leaf_13_core_clk
 6.443444e-07 4.140721e-07 3.015314e-10 1.058718e-06 clkbuf_leaf_226_core_clk
 6.426936e-07 4.140450e-07 3.015314e-10 1.057040e-06 clkbuf_leaf_116_core_clk
 6.451714e-07 4.111781e-07 3.015314e-10 1.056651e-06 clkbuf_leaf_167_core_clk
 6.432361e-07 4.125541e-07 3.015314e-10 1.056092e-06 clkbuf_leaf_150_core_clk
 6.419157e-07 4.137299e-07 3.015314e-10 1.055947e-06 clkbuf_leaf_250_core_clk
 6.435494e-07 4.108464e-07 3.015314e-10 1.054697e-06 clkbuf_leaf_87_core_clk
 6.435238e-07 4.096661e-07 3.015314e-10 1.053491e-06 clkbuf_leaf_259_core_clk
 6.424366e-07 4.097299e-07 3.015314e-10 1.052468e-06 clkbuf_leaf_5_core_clk
 6.417954e-07 4.094156e-07 3.015314e-10 1.051513e-06 clkbuf_leaf_251_core_clk
 6.421988e-07 4.079200e-07 3.015314e-10 1.050420e-06 clkbuf_leaf_36_core_clk
 6.421130e-07 4.048626e-07 3.015314e-10 1.047277e-06 clkbuf_leaf_35_core_clk
 6.443404e-07 3.989630e-07 3.015314e-10 1.043605e-06 clkbuf_leaf_177_core_clk
 6.428356e-07 3.984381e-07 3.015314e-10 1.041575e-06 clkbuf_leaf_147_core_clk
 6.431783e-07 3.975463e-07 3.015314e-10 1.041026e-06 clkbuf_leaf_11_core_clk
 6.422653e-07 3.980654e-07 3.015314e-10 1.040632e-06 clkbuf_leaf_88_core_clk
 6.430228e-07 3.950540e-07 3.015314e-10 1.038378e-06 clkbuf_leaf_222_core_clk
 6.414342e-07 3.964666e-07 3.015314e-10 1.038202e-06 clkbuf_leaf_257_core_clk
 6.441363e-07 3.934425e-07 3.015314e-10 1.037880e-06 clkbuf_leaf_165_core_clk
 6.430532e-07 3.931550e-07 3.015314e-10 1.036510e-06 clkbuf_leaf_265_core_clk
 6.426433e-07 3.933379e-07 3.015314e-10 1.036283e-06 clkbuf_leaf_99_core_clk
 6.436990e-07 3.916138e-07 3.015314e-10 1.035614e-06 clkbuf_leaf_219_core_clk
 2.242755e-07 8.107974e-07 2.989829e-10 1.035372e-06 fanout1028
 6.436557e-07 3.901068e-07 3.015314e-10 1.034064e-06 clkbuf_leaf_227_core_clk
 6.434372e-07 3.899776e-07 3.015314e-10 1.033716e-06 clkbuf_leaf_142_core_clk
 6.417135e-07 3.906355e-07 3.015314e-10 1.032651e-06 clkbuf_leaf_14_core_clk
 2.219447e-07 8.100249e-07 3.045620e-10 1.032274e-06 fanout785
 6.429257e-07 3.889645e-07 3.015314e-10 1.032192e-06 clkbuf_leaf_82_core_clk
 6.440111e-07 3.875649e-07 3.015314e-10 1.031877e-06 clkbuf_leaf_178_core_clk
 6.428998e-07 3.877769e-07 3.015314e-10 1.030978e-06 clkbuf_leaf_1_core_clk
 6.418298e-07 3.881601e-07 3.015314e-10 1.030292e-06 clkbuf_leaf_6_core_clk
 6.439109e-07 3.856357e-07 3.015314e-10 1.029848e-06 clkbuf_leaf_189_core_clk
 6.428048e-07 3.847233e-07 3.015314e-10 1.027830e-06 clkbuf_leaf_86_core_clk
 6.417179e-07 3.841806e-07 3.015314e-10 1.026200e-06 clkbuf_leaf_8_core_clk
 6.440983e-07 3.814048e-07 3.015314e-10 1.025805e-06 clkbuf_leaf_48_core_clk
 1.102231e-07 9.137876e-07 2.311707e-10 1.024242e-06 fanout710
 6.422781e-07 3.787937e-07 3.015314e-10 1.021373e-06 clkbuf_leaf_154_core_clk
 6.413973e-07 3.793640e-07 3.015314e-10 1.021063e-06 clkbuf_leaf_31_core_clk
 6.415522e-07 3.782917e-07 3.015314e-10 1.020145e-06 clkbuf_leaf_7_core_clk
 6.422276e-07 3.770145e-07 3.015314e-10 1.019544e-06 clkbuf_leaf_157_core_clk
 6.430591e-07 3.737199e-07 3.015314e-10 1.017080e-06 clkbuf_leaf_33_core_clk
 6.424791e-07 3.730189e-07 3.015314e-10 1.015800e-06 clkbuf_leaf_258_core_clk
 6.431224e-07 3.715563e-07 3.015314e-10 1.014980e-06 clkbuf_leaf_225_core_clk
 6.423912e-07 3.699332e-07 3.015314e-10 1.012626e-06 clkbuf_leaf_266_core_clk
 6.427680e-07 3.666374e-07 3.015314e-10 1.009707e-06 clkbuf_leaf_144_core_clk
 6.417775e-07 3.648716e-07 3.015314e-10 1.006951e-06 clkbuf_leaf_117_core_clk
 6.432536e-07 3.628736e-07 3.015314e-10 1.006429e-06 clkbuf_leaf_203_core_clk
 6.405097e-07 3.633032e-07 3.015314e-10 1.004114e-06 clkbuf_leaf_246_core_clk
 6.421394e-07 3.611003e-07 3.015314e-10 1.003541e-06 clkbuf_leaf_263_core_clk
 6.426313e-07 3.588127e-07 3.015314e-10 1.001745e-06 clkbuf_leaf_46_core_clk
 6.408179e-07 3.587220e-07 3.015314e-10 9.998413e-07 clkbuf_leaf_17_core_clk
 6.407822e-07 3.574495e-07 3.015314e-10 9.985331e-07 clkbuf_leaf_32_core_clk
 6.418557e-07 3.514236e-07 3.015314e-10 9.935808e-07 clkbuf_leaf_79_core_clk
 6.414566e-07 3.514979e-07 3.015314e-10 9.932560e-07 clkbuf_leaf_100_core_clk
 6.414494e-07 3.495943e-07 3.015314e-10 9.913452e-07 clkbuf_leaf_153_core_clk
 6.401439e-07 3.501835e-07 3.015314e-10 9.906289e-07 clkbuf_leaf_248_core_clk
 6.412661e-07 3.447787e-07 3.015314e-10 9.863463e-07 clkbuf_leaf_98_core_clk
 6.408056e-07 3.446602e-07 3.015314e-10 9.857673e-07 clkbuf_leaf_240_core_clk
 6.422945e-07 3.427521e-07 3.015314e-10 9.853482e-07 clkbuf_leaf_207_core_clk
 6.420856e-07 3.428322e-07 3.015314e-10 9.852193e-07 clkbuf_leaf_140_core_clk
 6.416249e-07 3.430513e-07 3.015314e-10 9.849778e-07 clkbuf_leaf_262_core_clk
 6.407382e-07 3.438837e-07 3.015314e-10 9.849234e-07 clkbuf_leaf_73_core_clk
 2.219888e-07 7.609439e-07 2.989829e-10 9.832316e-07 fanout808
 6.418938e-07 3.397304e-07 3.015314e-10 9.819257e-07 clkbuf_leaf_211_core_clk
 6.414808e-07 3.379937e-07 3.015314e-10 9.797760e-07 clkbuf_leaf_260_core_clk
 6.424806e-07 3.361029e-07 3.015314e-10 9.788851e-07 clkbuf_leaf_164_core_clk
 6.402392e-07 3.381043e-07 3.015314e-10 9.786449e-07 clkbuf_leaf_16_core_clk
 6.398099e-07 3.382042e-07 3.015314e-10 9.783156e-07 clkbuf_leaf_252_core_clk
 6.405259e-07 3.363522e-07 3.015314e-10 9.771796e-07 clkbuf_leaf_74_core_clk
 6.427197e-07 3.338382e-07 3.015314e-10 9.768594e-07 clkbuf_leaf_51_core_clk
 6.424017e-07 3.333673e-07 3.015314e-10 9.760705e-07 clkbuf_leaf_190_core_clk
 6.422617e-07 3.331244e-07 3.015314e-10 9.756876e-07 clkbuf_leaf_42_core_clk
 6.418943e-07 3.331341e-07 3.015314e-10 9.753298e-07 clkbuf_leaf_47_core_clk
 6.423779e-07 3.325464e-07 3.015314e-10 9.752259e-07 clkbuf_leaf_187_core_clk
 6.422812e-07 3.322990e-07 3.015314e-10 9.748817e-07 clkbuf_leaf_61_core_clk
 6.416637e-07 3.316966e-07 3.015314e-10 9.736618e-07 clkbuf_leaf_213_core_clk
 6.412783e-07 3.308944e-07 3.015314e-10 9.724743e-07 clkbuf_leaf_264_core_clk
 6.417486e-07 3.288581e-07 3.015314e-10 9.709082e-07 clkbuf_leaf_133_core_clk
 6.417526e-07 3.281967e-07 3.015314e-10 9.702509e-07 clkbuf_leaf_29_core_clk
 6.424996e-07 3.262431e-07 3.015314e-10 9.690442e-07 clkbuf_leaf_50_core_clk
 6.402933e-07 3.280988e-07 3.015314e-10 9.686935e-07 clkbuf_leaf_75_core_clk
 6.415231e-07 3.267791e-07 3.015314e-10 9.686037e-07 clkbuf_leaf_199_core_clk
 6.414427e-07 3.239772e-07 3.015314e-10 9.657215e-07 clkbuf_leaf_214_core_clk
 6.410718e-07 3.239215e-07 3.015314e-10 9.652948e-07 clkbuf_leaf_85_core_clk
 6.415675e-07 3.225473e-07 3.015314e-10 9.644162e-07 clkbuf_leaf_129_core_clk
 6.413983e-07 3.224252e-07 3.015314e-10 9.641251e-07 clkbuf_leaf_208_core_clk
 6.425440e-07 3.212677e-07 3.015314e-10 9.641132e-07 clkbuf_leaf_172_core_clk
 6.415656e-07 3.216813e-07 3.015314e-10 9.635485e-07 clkbuf_leaf_34_core_clk
 6.416827e-07 3.214641e-07 3.015314e-10 9.634482e-07 clkbuf_leaf_205_core_clk
 6.409144e-07 3.210153e-07 3.015314e-10 9.622312e-07 clkbuf_leaf_220_core_clk
 6.406168e-07 3.202516e-07 3.015314e-10 9.611699e-07 clkbuf_leaf_158_core_clk
 6.423467e-07 3.174355e-07 3.015314e-10 9.600838e-07 clkbuf_leaf_202_core_clk
 6.408804e-07 3.172064e-07 3.015314e-10 9.583883e-07 clkbuf_leaf_78_core_clk
 6.418089e-07 3.159227e-07 3.015314e-10 9.580331e-07 clkbuf_leaf_40_core_clk
 6.412218e-07 3.135420e-07 3.015314e-10 9.550653e-07 clkbuf_leaf_108_core_clk
 6.407039e-07 3.110137e-07 3.015314e-10 9.520191e-07 clkbuf_leaf_81_core_clk
 6.390748e-07 3.118436e-07 3.015314e-10 9.512200e-07 clkbuf_leaf_249_core_clk
 6.390698e-07 3.116670e-07 3.015314e-10 9.510384e-07 clkbuf_leaf_261_core_clk
 6.401845e-07 3.086626e-07 3.015314e-10 9.491486e-07 clkbuf_leaf_121_core_clk
 6.409608e-07 3.071443e-07 3.015314e-10 9.484067e-07 clkbuf_leaf_215_core_clk
 6.420843e-07 3.054445e-07 3.015314e-10 9.478304e-07 clkbuf_leaf_148_core_clk
 6.419685e-07 3.044009e-07 3.015314e-10 9.466709e-07 clkbuf_leaf_201_core_clk
 6.401051e-07 3.058612e-07 3.015314e-10 9.462679e-07 clkbuf_leaf_110_core_clk
 1.082958e-07 8.376844e-07 2.270787e-10 9.462073e-07 fanout489
 6.419370e-07 3.033186e-07 3.015314e-10 9.455571e-07 clkbuf_leaf_194_core_clk
 6.415635e-07 3.028439e-07 3.015314e-10 9.447089e-07 clkbuf_leaf_176_core_clk
 6.414876e-07 3.017112e-07 3.015314e-10 9.435003e-07 clkbuf_leaf_193_core_clk
 6.416539e-07 3.012148e-07 3.015314e-10 9.431703e-07 clkbuf_leaf_182_core_clk
 6.404444e-07 3.019074e-07 3.015314e-10 9.426534e-07 clkbuf_leaf_80_core_clk
 6.413623e-07 3.004417e-07 3.015314e-10 9.421055e-07 clkbuf_leaf_58_core_clk
 6.419045e-07 2.987350e-07 3.015314e-10 9.409411e-07 clkbuf_leaf_166_core_clk
 6.403901e-07 2.974281e-07 3.015314e-10 9.381197e-07 clkbuf_leaf_235_core_clk
 6.408284e-07 2.967881e-07 3.015314e-10 9.379181e-07 clkbuf_leaf_128_core_clk
 6.393393e-07 2.926658e-07 3.015314e-10 9.323066e-07 clkbuf_leaf_241_core_clk
 6.412048e-07 2.904270e-07 3.015314e-10 9.319334e-07 clkbuf_leaf_174_core_clk
 6.403594e-07 2.861383e-07 3.015314e-10 9.267993e-07 clkbuf_leaf_197_core_clk
 6.408034e-07 2.825408e-07 3.015314e-10 9.236458e-07 clkbuf_leaf_41_core_clk
 6.409704e-07 2.823156e-07 3.015314e-10 9.235875e-07 clkbuf_leaf_175_core_clk
 6.407682e-07 2.813156e-07 3.015314e-10 9.223854e-07 clkbuf_leaf_57_core_clk
 6.394233e-07 2.818043e-07 3.015314e-10 9.215291e-07 clkbuf_leaf_113_core_clk
 6.399135e-07 2.807211e-07 3.015314e-10 9.209361e-07 clkbuf_leaf_234_core_clk
 6.406555e-07 2.774106e-07 3.015314e-10 9.183677e-07 clkbuf_leaf_56_core_clk
 6.393189e-07 2.781207e-07 3.015314e-10 9.177411e-07 clkbuf_leaf_114_core_clk
 6.397426e-07 2.772880e-07 3.015314e-10 9.173322e-07 clkbuf_leaf_83_core_clk
 6.408587e-07 2.733397e-07 3.015314e-10 9.145000e-07 clkbuf_leaf_69_core_clk
 6.400403e-07 2.723184e-07 3.015314e-10 9.126603e-07 clkbuf_leaf_112_core_clk
 6.406415e-07 2.709323e-07 3.015314e-10 9.118754e-07 clkbuf_leaf_173_core_clk
 6.399941e-07 2.707075e-07 3.015314e-10 9.110032e-07 clkbuf_leaf_102_core_clk
 6.383802e-07 2.718770e-07 3.015314e-10 9.105588e-07 clkbuf_leaf_15_core_clk
 6.396111e-07 2.701207e-07 3.015314e-10 9.100333e-07 clkbuf_leaf_255_core_clk
 1.081163e-07 8.006418e-07 2.305953e-10 9.089888e-07 fanout327
 6.406734e-07 2.669394e-07 3.015314e-10 9.079144e-07 clkbuf_leaf_90_core_clk
 6.387741e-07 2.675357e-07 3.015314e-10 9.066113e-07 clkbuf_leaf_21_core_clk
 6.406363e-07 2.656567e-07 3.015314e-10 9.065946e-07 clkbuf_leaf_68_core_clk
 6.406117e-07 2.651993e-07 3.015314e-10 9.061126e-07 clkbuf_leaf_179_core_clk
 6.389623e-07 2.655372e-07 3.015314e-10 9.048010e-07 clkbuf_leaf_109_core_clk
 6.406893e-07 2.637820e-07 3.015314e-10 9.047729e-07 clkbuf_leaf_27_core_clk
 6.385753e-07 2.655754e-07 3.015314e-10 9.044522e-07 clkbuf_leaf_242_core_clk
 6.404195e-07 2.632468e-07 3.015314e-10 9.039679e-07 clkbuf_leaf_143_core_clk
 6.385598e-07 2.650288e-07 3.015314e-10 9.038901e-07 clkbuf_leaf_217_core_clk
 6.398046e-07 2.632677e-07 3.015314e-10 9.033739e-07 clkbuf_leaf_145_core_clk
 6.402582e-07 2.621608e-07 3.015314e-10 9.027205e-07 clkbuf_leaf_60_core_clk
 6.405050e-07 2.615153e-07 3.015314e-10 9.023219e-07 clkbuf_leaf_185_core_clk
 6.397512e-07 2.622328e-07 3.015314e-10 9.022856e-07 clkbuf_leaf_107_core_clk
 6.398009e-07 2.609745e-07 3.015314e-10 9.010769e-07 clkbuf_leaf_127_core_clk
 6.385672e-07 2.602111e-07 3.015314e-10 8.990798e-07 clkbuf_leaf_25_core_clk
 6.384207e-07 2.600969e-07 3.015314e-10 8.988192e-07 clkbuf_leaf_218_core_clk
 6.403882e-07 2.574774e-07 3.015314e-10 8.981671e-07 clkbuf_leaf_181_core_clk
 6.405772e-07 2.564579e-07 3.015314e-10 8.973366e-07 clkbuf_leaf_196_core_clk
 6.381709e-07 2.580999e-07 3.015314e-10 8.965724e-07 clkbuf_leaf_19_core_clk
 6.404430e-07 2.552830e-07 3.015314e-10 8.960275e-07 clkbuf_leaf_49_core_clk
 6.392082e-07 2.559999e-07 3.015314e-10 8.955096e-07 clkbuf_leaf_239_core_clk
 6.403517e-07 2.521312e-07 3.015314e-10 8.927844e-07 clkbuf_leaf_28_core_clk
 6.394312e-07 2.502458e-07 3.015314e-10 8.899786e-07 clkbuf_leaf_139_core_clk
 6.398370e-07 2.490180e-07 3.015314e-10 8.891565e-07 clkbuf_leaf_62_core_clk
 6.398614e-07 2.484043e-07 3.015314e-10 8.885673e-07 clkbuf_leaf_59_core_clk
 6.402955e-07 2.467482e-07 3.015314e-10 8.873452e-07 clkbuf_leaf_192_core_clk
 6.382445e-07 2.487929e-07 3.015314e-10 8.873390e-07 clkbuf_leaf_20_core_clk
 6.394126e-07 2.474406e-07 3.015314e-10 8.871547e-07 clkbuf_leaf_134_core_clk
 6.400844e-07 2.465865e-07 3.015314e-10 8.869724e-07 clkbuf_leaf_65_core_clk
 6.389357e-07 2.464497e-07 3.015314e-10 8.856870e-07 clkbuf_leaf_232_core_clk
 6.380603e-07 2.473151e-07 3.015314e-10 8.856769e-07 clkbuf_leaf_216_core_clk
 6.392147e-07 2.461578e-07 3.015314e-10 8.856741e-07 clkbuf_leaf_200_core_clk
 6.397857e-07 2.413090e-07 3.015314e-10 8.813963e-07 clkbuf_leaf_168_core_clk
 6.395431e-07 2.412704e-07 3.015314e-10 8.811151e-07 clkbuf_leaf_137_core_clk
 6.380446e-07 2.417165e-07 3.015314e-10 8.800627e-07 clkbuf_leaf_30_core_clk
 6.391977e-07 2.399483e-07 3.015314e-10 8.794476e-07 clkbuf_leaf_119_core_clk
 6.378669e-07 2.404605e-07 3.015314e-10 8.786290e-07 clkbuf_leaf_244_core_clk
 6.398183e-07 2.377841e-07 3.015314e-10 8.779039e-07 clkbuf_leaf_183_core_clk
 6.379797e-07 2.394187e-07 3.015314e-10 8.777000e-07 clkbuf_leaf_22_core_clk
 6.381823e-07 2.380191e-07 3.015314e-10 8.765030e-07 clkbuf_leaf_118_core_clk
 6.381812e-07 2.379812e-07 3.015314e-10 8.764640e-07 clkbuf_leaf_115_core_clk
 6.403736e-07 2.354224e-07 3.015314e-10 8.760975e-07 clkbuf_leaf_55_core_clk
 6.378304e-07 2.341350e-07 3.015314e-10 8.722670e-07 clkbuf_leaf_26_core_clk
 6.385492e-07 2.328986e-07 3.015314e-10 8.717493e-07 clkbuf_leaf_256_core_clk
 6.388672e-07 2.313864e-07 3.015314e-10 8.705551e-07 clkbuf_leaf_105_core_clk
 6.392336e-07 2.305240e-07 3.015314e-10 8.700591e-07 clkbuf_leaf_136_core_clk
 6.392040e-07 2.294989e-07 3.015314e-10 8.690045e-07 clkbuf_leaf_124_core_clk
 6.388607e-07 2.282049e-07 3.015314e-10 8.673672e-07 clkbuf_leaf_132_core_clk
 6.376958e-07 2.293691e-07 3.015314e-10 8.673665e-07 clkbuf_leaf_23_core_clk
 6.375106e-07 2.278263e-07 3.015314e-10 8.656385e-07 clkbuf_leaf_243_core_clk
 6.391215e-07 2.227516e-07 3.015314e-10 8.621747e-07 clkbuf_leaf_66_core_clk
 6.375276e-07 2.234163e-07 3.015314e-10 8.612454e-07 clkbuf_leaf_24_core_clk
 6.395315e-07 2.204212e-07 3.015314e-10 8.602543e-07 clkbuf_leaf_195_core_clk
 6.374444e-07 2.204732e-07 3.015314e-10 8.582192e-07 clkbuf_leaf_18_core_clk
 6.388473e-07 2.171134e-07 3.015314e-10 8.562623e-07 clkbuf_leaf_135_core_clk
 6.391987e-07 2.159885e-07 3.015314e-10 8.554887e-07 clkbuf_leaf_71_core_clk
 6.374693e-07 2.128598e-07 3.015314e-10 8.506307e-07 clkbuf_leaf_111_core_clk
 6.390142e-07 2.096129e-07 3.015314e-10 8.489286e-07 clkbuf_leaf_70_core_clk
 6.386876e-07 2.077080e-07 3.015314e-10 8.466972e-07 clkbuf_leaf_67_core_clk
 6.385622e-07 2.047950e-07 3.015314e-10 8.436587e-07 clkbuf_leaf_52_core_clk
 6.392353e-07 1.963941e-07 3.015314e-10 8.359310e-07 clkbuf_leaf_53_core_clk
 6.378544e-07 1.960510e-07 3.015314e-10 8.342070e-07 clkbuf_leaf_104_core_clk
 6.382172e-07 1.952364e-07 3.015314e-10 8.337551e-07 clkbuf_leaf_125_core_clk
 1.075994e-07 7.215373e-07 2.311689e-10 8.293679e-07 fanout789
 6.389051e-07 1.850748e-07 3.015314e-10 8.242814e-07 clkbuf_leaf_63_core_clk
 1.070126e-07 7.132745e-07 2.311707e-10 8.205183e-07 fanout709
 6.377449e-07 1.661389e-07 3.015314e-10 8.041854e-07 clkbuf_leaf_186_core_clk
 6.373062e-07 1.636121e-07 3.015314e-10 8.012199e-07 clkbuf_leaf_123_core_clk
 6.378380e-07 1.484880e-07 3.015314e-10 7.866275e-07 clkbuf_leaf_64_core_clk
 1.116951e-07 6.541722e-07 2.311960e-10 7.660985e-07 fanout726
 1.070129e-07 6.324947e-07 2.270787e-10 7.397347e-07 fanout263
 1.065205e-07 6.306490e-07 2.311707e-10 7.374007e-07 fanout699
 1.111442e-07 6.203976e-07 2.312170e-10 7.317731e-07 fanout793
 1.068888e-07 6.025304e-07 2.270787e-10 7.096463e-07 fanout805
 1.068094e-07 6.009323e-07 2.311707e-10 7.079729e-07 fanout701
 1.069779e-07 5.711683e-07 2.270787e-10 6.783733e-07 fanout804
 1.069423e-07 5.632456e-07 2.270787e-10 6.704151e-07 fanout803
 1.088926e-07 5.430572e-07 2.306503e-10 6.521805e-07 fanout306
 1.091020e-07 5.409191e-07 2.312187e-10 6.502523e-07 fanout704
 1.064117e-07 5.343751e-07 2.311707e-10 6.410181e-07 fanout708
 1.070977e-07 5.242330e-07 2.270787e-10 6.315578e-07 fanout810
 6.304904e-07 0.000000e+00 3.015314e-10 6.307920e-07 clkload16
 1.087027e-07 5.084557e-07 2.271766e-10 6.173856e-07 fanout811
 1.097267e-07 4.935976e-07 2.271766e-10 6.035515e-07 fanout807
 1.059955e-07 4.937170e-07 2.276524e-10 5.999402e-07 fanout300
 1.086348e-07 4.846645e-07 2.311960e-10 5.935304e-07 fanout725
 1.060624e-07 4.789597e-07 2.270787e-10 5.852492e-07 fanout798
 1.083807e-07 4.713188e-07 2.277432e-10 5.799272e-07 fanout274
 1.089144e-07 4.669547e-07 2.277432e-10 5.760969e-07 fanout279
 1.076221e-07 4.644356e-07 2.306503e-10 5.722884e-07 fanout354
 1.093524e-07 4.615207e-07 2.277432e-10 5.711009e-07 fanout269
 1.090425e-07 4.604673e-07 2.311960e-10 5.697410e-07 fanout724
 1.082136e-07 4.611487e-07 2.311960e-10 5.695936e-07 fanout715
 1.081945e-07 4.600944e-07 2.312170e-10 5.685201e-07 fanout786
 1.075673e-07 4.581070e-07 2.306503e-10 5.659050e-07 fanout345
 1.079141e-07 4.558426e-07 2.306503e-10 5.639873e-07 fanout310
 1.063635e-07 4.481078e-07 2.270787e-10 5.546984e-07 fanout800
 1.083232e-07 4.444214e-07 2.277432e-10 5.529724e-07 fanout285
 1.083213e-07 4.441999e-07 2.277432e-10 5.527490e-07 fanout287
 1.061371e-07 4.396545e-07 2.276524e-10 5.460193e-07 fanout288
 1.083894e-07 4.324705e-07 2.312187e-10 5.410911e-07 fanout700
 1.077414e-07 4.267977e-07 2.311960e-10 5.347703e-07 fanout721
 1.087104e-07 4.243574e-07 2.271766e-10 5.332950e-07 fanout806
 1.078132e-07 4.247441e-07 2.277432e-10 5.327851e-07 fanout282
 1.089025e-07 4.232257e-07 2.277432e-10 5.323560e-07 fanout276
 1.079198e-07 4.241314e-07 2.312187e-10 5.322825e-07 fanout707
 1.079996e-07 4.237671e-07 2.306503e-10 5.319974e-07 fanout302
 1.059770e-07 4.251135e-07 2.311707e-10 5.313217e-07 fanout698
 1.088461e-07 4.219463e-07 2.311960e-10 5.310235e-07 fanout717
 1.062640e-07 4.212610e-07 2.270787e-10 5.277521e-07 fanout794
 1.077959e-07 4.107770e-07 2.311960e-10 5.188041e-07 fanout712
 1.083908e-07 4.066695e-07 2.312187e-10 5.152916e-07 fanout703
 1.084246e-07 4.055111e-07 2.277432e-10 5.141635e-07 fanout278
 1.078238e-07 4.030391e-07 2.277432e-10 5.110906e-07 fanout268
 1.087367e-07 3.997728e-07 2.306503e-10 5.087402e-07 fanout325
 1.086644e-07 3.995270e-07 2.306503e-10 5.084220e-07 fanout311
 1.089211e-07 3.939364e-07 2.277432e-10 5.030853e-07 fanout293
 1.084564e-07 3.929248e-07 2.277432e-10 5.016090e-07 fanout298
 1.087084e-07 3.826213e-07 2.277432e-10 4.915574e-07 fanout295
 1.083592e-07 3.703491e-07 2.277432e-10 4.789361e-07 fanout273
 1.075972e-07 3.667847e-07 2.306503e-10 4.746126e-07 fanout348
 1.082174e-07 3.492322e-07 2.306503e-10 4.576802e-07 fanout353
 5.398604e-08 3.193582e-07 2.985838e-10 3.736428e-07 max_cap1018
 5.623801e-08 3.048052e-07 2.985134e-10 3.613417e-07 fanout233
 5.558009e-08 3.041259e-07 3.007168e-10 3.600067e-07 max_cap416
 5.556359e-08 2.944513e-07 3.043335e-10 3.503192e-07 fanout211
 5.297623e-08 2.866730e-07 2.978530e-10 3.399470e-07 max_cap225
 5.506879e-08 2.764928e-07 3.047936e-10 3.318664e-07 fanout220
 5.175189e-08 2.791315e-07 3.021316e-10 3.311855e-07 fanout629
 5.135830e-08 2.783469e-07 3.026058e-10 3.300079e-07 fanout589
 4.581142e-08 2.828217e-07 3.065009e-10 3.289396e-07 fanout621
 5.688758e-08 2.647254e-07 3.042271e-10 3.219172e-07 wire258
 4.571572e-08 2.740640e-07 2.969734e-10 3.200767e-07 max_cap235
 5.874885e-08 2.588727e-07 2.987309e-10 3.179203e-07 max_cap1007
 5.816048e-08 2.585720e-07 2.984132e-10 3.170309e-07 wire244
 4.823589e-08 2.631328e-07 3.016057e-10 3.116703e-07 fanout780
 5.261654e-08 2.572860e-07 3.059861e-10 3.102085e-07 max_cap250
 5.045932e-08 2.584766e-07 3.063648e-10 3.092423e-07 max_cap367
 6.091000e-08 2.440813e-07 2.022046e-10 3.051935e-07 fanout264
 6.103366e-08 2.437307e-07 2.009721e-10 3.049653e-07 fanout332
 5.323269e-08 2.496452e-07 3.037012e-10 3.031816e-07 fanout202
 5.156253e-08 2.503709e-07 3.014133e-10 3.022348e-07 wire471
 3.009136e-07 0.000000e+00 2.289471e-10 3.011425e-07 clkload208
 3.009056e-07 0.000000e+00 2.289471e-10 3.011345e-07 clkload158
 3.008064e-07 0.000000e+00 2.289471e-10 3.010353e-07 clkload210
 3.008031e-07 0.000000e+00 2.289471e-10 3.010320e-07 clkload178
 3.007742e-07 0.000000e+00 2.289471e-10 3.010031e-07 clkload103
 3.007456e-07 0.000000e+00 2.289471e-10 3.009746e-07 clkload114
 3.007452e-07 0.000000e+00 2.289471e-10 3.009741e-07 clkload184
 3.007325e-07 0.000000e+00 2.289471e-10 3.009615e-07 clkload211
 3.007221e-07 0.000000e+00 2.289471e-10 3.009511e-07 clkload153
 3.007192e-07 0.000000e+00 2.289471e-10 3.009481e-07 clkload45
 3.007093e-07 0.000000e+00 2.289471e-10 3.009382e-07 clkload50
 3.006942e-07 0.000000e+00 2.289471e-10 3.009231e-07 clkload76
 3.006839e-07 0.000000e+00 2.289471e-10 3.009128e-07 clkload179
 3.006732e-07 0.000000e+00 2.289471e-10 3.009021e-07 clkload51
 3.006604e-07 0.000000e+00 2.289471e-10 3.008893e-07 clkload188
 3.006554e-07 0.000000e+00 2.289471e-10 3.008843e-07 clkload48
 3.006551e-07 0.000000e+00 2.289471e-10 3.008840e-07 clkload204
 3.006336e-07 0.000000e+00 2.289471e-10 3.008625e-07 clkload112
 3.006333e-07 0.000000e+00 2.289471e-10 3.008623e-07 clkload151
 3.006326e-07 0.000000e+00 2.289471e-10 3.008615e-07 clkload78
 3.006299e-07 0.000000e+00 2.289471e-10 3.008588e-07 clkload207
 3.006271e-07 0.000000e+00 2.289471e-10 3.008561e-07 clkload108
 3.006006e-07 0.000000e+00 2.289471e-10 3.008295e-07 clkload154
 3.006004e-07 0.000000e+00 2.289471e-10 3.008294e-07 clkload80
 3.005856e-07 0.000000e+00 2.289471e-10 3.008145e-07 clkload73
 3.005842e-07 0.000000e+00 2.289471e-10 3.008132e-07 clkload205
 3.005808e-07 0.000000e+00 2.289471e-10 3.008097e-07 clkload109
 3.005708e-07 0.000000e+00 2.289471e-10 3.007998e-07 clkload156
 3.005671e-07 0.000000e+00 2.289471e-10 3.007960e-07 clkload75
 3.005459e-07 0.000000e+00 2.289471e-10 3.007748e-07 clkload181
 3.005253e-07 0.000000e+00 2.289471e-10 3.007543e-07 clkload186
 3.005172e-07 0.000000e+00 2.289471e-10 3.007461e-07 clkload79
 3.005130e-07 0.000000e+00 2.289471e-10 3.007419e-07 clkload163
 3.005120e-07 0.000000e+00 2.289471e-10 3.007409e-07 clkload102
 3.004517e-07 0.000000e+00 2.289471e-10 3.006807e-07 clkload107
 3.004438e-07 0.000000e+00 2.289471e-10 3.006727e-07 clkload164
 3.004355e-07 0.000000e+00 2.289471e-10 3.006644e-07 clkload169
 3.004285e-07 0.000000e+00 2.289471e-10 3.006574e-07 clkload144
 3.003949e-07 0.000000e+00 2.289471e-10 3.006239e-07 clkload155
 3.003821e-07 0.000000e+00 2.289471e-10 3.006110e-07 clkload171
 3.003622e-07 0.000000e+00 2.289471e-10 3.005912e-07 clkload139
 3.003565e-07 0.000000e+00 2.289471e-10 3.005854e-07 clkload119
 3.003480e-07 0.000000e+00 2.289471e-10 3.005769e-07 clkload43
 3.003395e-07 0.000000e+00 2.289471e-10 3.005685e-07 clkload91
 3.003318e-07 0.000000e+00 2.289471e-10 3.005607e-07 clkload145
 3.003249e-07 0.000000e+00 2.289471e-10 3.005538e-07 clkload40
 3.003099e-07 0.000000e+00 2.289471e-10 3.005389e-07 clkload201
 3.003054e-07 0.000000e+00 2.289471e-10 3.005343e-07 clkload117
 3.002238e-07 0.000000e+00 2.289471e-10 3.004528e-07 clkload44
 3.002123e-07 0.000000e+00 2.289471e-10 3.004412e-07 clkload93
 3.001780e-07 0.000000e+00 2.289471e-10 3.004069e-07 clkload34
 3.001674e-07 0.000000e+00 2.289471e-10 3.003963e-07 clkload37
 3.001342e-07 0.000000e+00 2.289471e-10 3.003632e-07 clkload120
 3.001026e-07 0.000000e+00 2.289471e-10 3.003316e-07 clkload59
 3.000970e-07 0.000000e+00 2.289471e-10 3.003260e-07 clkload32
 3.000944e-07 0.000000e+00 2.289471e-10 3.003234e-07 clkload167
 3.000836e-07 0.000000e+00 2.289471e-10 3.003125e-07 clkload177
 3.000725e-07 0.000000e+00 2.289471e-10 3.003014e-07 clkload29
 3.000666e-07 0.000000e+00 2.289471e-10 3.002955e-07 clkload131
 2.999649e-07 0.000000e+00 2.289471e-10 3.001938e-07 clkload31
 2.999635e-07 0.000000e+00 2.289471e-10 3.001925e-07 clkload190
 2.999506e-07 0.000000e+00 2.289471e-10 3.001795e-07 clkload176
 2.998996e-07 0.000000e+00 2.289471e-10 3.001285e-07 clkload192
 5.672792e-08 2.424760e-07 3.050314e-10 2.995089e-07 fanout230
 5.614757e-08 2.422657e-07 2.985134e-10 2.987118e-07 fanout232
 5.614210e-08 2.414374e-07 2.985134e-10 2.978780e-07 fanout231
 5.258478e-08 2.441987e-07 2.975588e-10 2.970811e-07 max_cap252
 6.076150e-08 2.338554e-07 2.009721e-10 2.948179e-07 fanout312
 4.247001e-08 2.505274e-07 2.964836e-10 2.932939e-07 fanout470
 5.482318e-08 2.373886e-07 2.994539e-10 2.925112e-07 fanout1019
 5.387869e-08 2.372871e-07 2.985838e-10 2.914643e-07 wire1016
 4.996561e-08 2.387600e-07 3.011097e-10 2.890267e-07 fanout449
 5.148092e-08 2.365249e-07 3.021316e-10 2.883079e-07 fanout630
 5.029961e-08 2.364465e-07 3.025510e-10 2.870487e-07 max_cap623
 6.119371e-08 2.196976e-07 2.007785e-10 2.810921e-07 fanout714
 4.758407e-08 2.330217e-07 3.016057e-10 2.809074e-07 fanout779
 6.104534e-08 2.193795e-07 2.009721e-10 2.806258e-07 fanout304
 6.090117e-08 2.191532e-07 2.009721e-10 2.802553e-07 fanout316
 5.001586e-08 2.271617e-07 3.057028e-10 2.774833e-07 fanout746
 5.771851e-08 2.126082e-07 2.984132e-10 2.706251e-07 max_cap242
 6.080730e-08 2.089181e-07 2.020035e-10 2.699274e-07 fanout286
 5.386480e-08 2.127232e-07 2.985838e-10 2.668866e-07 max_cap1012
 4.994031e-08 2.162166e-07 2.978420e-10 2.664548e-07 fanout1002
 3.866083e-08 2.253933e-07 3.075260e-10 2.643616e-07 fanout463
 5.610477e-08 2.051033e-07 3.050314e-10 2.615131e-07 fanout228
 6.056875e-08 1.966951e-07 2.009721e-10 2.574648e-07 fanout329
 5.236581e-08 2.029116e-07 3.059861e-10 2.555834e-07 fanout247
 4.938979e-08 2.019366e-07 3.014946e-10 2.516279e-07 fanout406
 2.510505e-07 0.000000e+00 3.421264e-10 2.513927e-07 clkload10
 4.984658e-08 2.009713e-07 2.978420e-10 2.511158e-07 fanout1005
 2.501832e-07 0.000000e+00 3.421264e-10 2.505254e-07 clkload20
 2.471774e-07 0.000000e+00 3.421264e-10 2.475196e-07 clkload26
 2.460866e-07 0.000000e+00 3.421264e-10 2.464288e-07 clkload6
 5.349144e-08 1.920732e-07 2.985838e-10 2.458632e-07 max_cap1014
 5.037560e-08 1.946451e-07 2.971801e-10 2.453179e-07 wire369
 4.522676e-08 1.975591e-07 3.065009e-10 2.430924e-07 fanout618
 5.859606e-08 1.835756e-07 3.048139e-10 2.424765e-07 max_cap737
 4.540993e-08 1.955752e-07 3.068546e-10 2.412920e-07 max_cap627
 4.047021e-08 1.994166e-07 3.069642e-10 2.401937e-07 fanout205
 5.121456e-08 1.874044e-07 3.057028e-10 2.389247e-07 max_cap748
 4.986165e-08 1.866620e-07 3.057028e-10 2.368294e-07 fanout751
 4.988466e-08 1.859304e-07 2.978420e-10 2.361130e-07 fanout999
 4.996758e-08 1.854367e-07 3.063648e-10 2.357106e-07 max_cap365
 4.555124e-08 1.885476e-07 3.068546e-10 2.344057e-07 max_cap625
 5.076614e-08 1.823265e-07 2.978420e-10 2.333905e-07 max_cap997
 4.187108e-08 1.909881e-07 2.964836e-10 2.331557e-07 fanout469
 5.090990e-08 1.814943e-07 3.057028e-10 2.327099e-07 wire745
 4.963111e-08 1.826777e-07 3.020502e-10 2.326109e-07 max_cap611
 4.361489e-08 1.848420e-07 2.965541e-10 2.287535e-07 max_cap210
 4.955143e-08 1.773880e-07 3.011097e-10 2.272406e-07 fanout448
 4.102937e-08 1.851438e-07 3.073398e-10 2.264806e-07 max_cap609
 3.483443e-08 1.906150e-07 3.078515e-10 2.257573e-07 fanout180
 5.526107e-08 1.673380e-07 3.040909e-10 2.229031e-07 max_cap730
 4.461909e-08 1.752913e-07 3.068390e-10 2.202172e-07 fanout441
 4.611996e-08 1.691568e-07 3.047294e-10 2.155815e-07 fanout756
 4.999740e-08 1.646361e-07 2.978420e-10 2.149314e-07 fanout998
 3.609572e-08 1.756372e-07 3.076888e-10 2.120406e-07 fanout635
 4.127153e-08 1.696922e-07 3.074102e-10 2.112711e-07 max_cap459
 3.383776e-08 1.769971e-07 2.958827e-10 2.111308e-07 max_cap473
 3.486920e-08 1.739885e-07 3.078953e-10 2.091656e-07 max_cap408
 4.980558e-08 1.569404e-07 2.978420e-10 2.070439e-07 fanout1001
 3.705919e-08 1.663534e-07 3.075573e-10 2.037202e-07 max_cap405
 4.603448e-08 1.553625e-07 3.047294e-10 2.017017e-07 fanout760
 3.980800e-08 1.603438e-07 3.073398e-10 2.004591e-07 fanout610
 4.576583e-08 1.538952e-07 2.988154e-10 1.999599e-07 fanout970
 4.719044e-08 1.499268e-07 3.019391e-10 1.974192e-07 fanout918
 3.787960e-08 1.585190e-07 3.075260e-10 1.967062e-07 fanout462
 5.312783e-08 1.424489e-07 3.049610e-10 1.958817e-07 max_cap732
 4.599267e-08 1.490888e-07 3.047294e-10 1.953862e-07 fanout773
 4.731413e-08 1.440824e-07 3.019391e-10 1.916985e-07 fanout915
 3.706017e-08 1.524218e-07 3.075807e-10 1.897895e-07 max_cap475
 4.013019e-08 1.474047e-07 3.073398e-10 1.878422e-07 fanout607
 3.222533e-08 1.549079e-07 3.079767e-10 1.874412e-07 fanout479
 3.246377e-08 1.534795e-07 3.079548e-10 1.862512e-07 max_cap181
 4.567043e-08 1.400139e-07 3.047294e-10 1.859891e-07 fanout767
 2.301111e-08 1.582030e-07 2.313382e-10 1.814455e-07 fanout775
 3.062373e-08 1.495870e-07 3.033757e-10 1.805141e-07 fanout905
 3.614254e-08 1.433897e-07 2.959641e-10 1.798282e-07 fanout476
 3.167681e-08 1.478062e-07 2.955947e-10 1.797786e-07 fanout412
 4.604126e-08 1.330452e-07 3.047294e-10 1.793912e-07 fanout771
 1.777733e-07 0.000000e+00 2.978887e-10 1.780712e-07 clkload21
 1.773732e-07 0.000000e+00 2.978887e-10 1.776710e-07 clkload8
 1.771426e-07 0.000000e+00 2.978887e-10 1.774405e-07 clkload13
 1.764590e-07 0.000000e+00 2.978887e-10 1.767568e-07 clkload11
 2.658188e-08 1.493359e-07 3.084775e-10 1.762263e-07 fanout200
 1.756423e-07 0.000000e+00 2.978887e-10 1.759402e-07 clkload27
 1.738875e-07 0.000000e+00 2.015497e-10 1.740890e-07 clkload101
 1.737959e-07 0.000000e+00 2.015497e-10 1.739974e-07 clkload100
 1.737676e-07 0.000000e+00 2.015497e-10 1.739692e-07 clkload99
 1.736843e-07 0.000000e+00 2.015497e-10 1.738859e-07 clkload209
 1.736832e-07 0.000000e+00 2.015497e-10 1.738848e-07 clkload49
 1.736641e-07 0.000000e+00 2.015497e-10 1.738657e-07 clkload157
 1.736551e-07 0.000000e+00 2.015497e-10 1.738566e-07 clkload212
 1.736386e-07 0.000000e+00 2.015497e-10 1.738401e-07 clkload71
 1.736350e-07 0.000000e+00 2.015497e-10 1.738366e-07 clkload46
 1.736027e-07 0.000000e+00 2.015497e-10 1.738042e-07 clkload180
 1.735946e-07 0.000000e+00 2.015497e-10 1.737962e-07 clkload72
 1.735885e-07 0.000000e+00 2.015497e-10 1.737901e-07 clkload47
 1.735816e-07 0.000000e+00 2.015497e-10 1.737832e-07 clkload161
 1.735758e-07 0.000000e+00 2.015497e-10 1.737773e-07 clkload113
 1.735557e-07 0.000000e+00 2.015497e-10 1.737573e-07 clkload104
 1.735380e-07 0.000000e+00 2.015497e-10 1.737396e-07 clkload185
 1.735332e-07 0.000000e+00 2.015497e-10 1.737348e-07 clkload162
 1.735015e-07 0.000000e+00 2.015497e-10 1.737031e-07 clkload152
 1.734937e-07 0.000000e+00 2.015497e-10 1.736952e-07 clkload183
 1.734867e-07 0.000000e+00 2.015497e-10 1.736883e-07 clkload189
 1.734698e-07 0.000000e+00 2.015497e-10 1.736713e-07 clkload106
 1.734532e-07 0.000000e+00 2.015497e-10 1.736547e-07 clkload141
 1.734123e-07 0.000000e+00 2.015497e-10 1.736138e-07 clkload142
 1.734015e-07 0.000000e+00 2.015497e-10 1.736030e-07 clkload74
 1.733192e-07 0.000000e+00 2.015497e-10 1.735207e-07 clkload129
 1.733104e-07 0.000000e+00 2.015497e-10 1.735119e-07 clkload125
 1.732448e-07 0.000000e+00 2.015497e-10 1.734464e-07 clkload168
 1.731785e-07 0.000000e+00 2.015497e-10 1.733800e-07 clkload170
 1.731680e-07 0.000000e+00 2.015497e-10 1.733696e-07 clkload85
 1.731677e-07 0.000000e+00 2.015497e-10 1.733693e-07 clkload35
 1.730440e-07 0.000000e+00 2.978887e-10 1.733419e-07 clkload2
 1.731304e-07 0.000000e+00 2.015497e-10 1.733319e-07 clkload134
 1.731231e-07 0.000000e+00 2.015497e-10 1.733247e-07 clkload95
 1.730478e-07 0.000000e+00 2.015497e-10 1.732493e-07 clkload30
 1.726477e-07 0.000000e+00 2.978887e-10 1.729455e-07 clkload14
 4.612513e-08 1.261139e-07 2.988154e-10 1.725378e-07 fanout946
 1.722518e-07 0.000000e+00 2.015497e-10 1.724533e-07 clkload15
 2.163201e-08 1.504062e-07 2.328498e-10 1.722710e-07 fanout628
 4.599074e-08 1.255851e-07 2.988154e-10 1.718746e-07 fanout982
 3.142527e-08 1.351718e-07 3.081395e-10 1.669052e-07 max_cap216
 2.524975e-08 1.369371e-07 3.085667e-10 1.624954e-07 max_cap204
 2.636306e-08 1.350988e-07 3.082975e-10 1.617702e-07 max_cap213
 1.664216e-08 1.437434e-07 2.237125e-10 1.606093e-07 fanout573
 2.279784e-08 1.362683e-07 2.270553e-10 1.592932e-07 fanout995
 3.533296e-08 1.223698e-07 2.958561e-10 1.579986e-07 fanout477
 2.648571e-08 1.311776e-07 3.083961e-10 1.579717e-07 fanout453
 9.038820e-09 1.483495e-07 1.759572e-10 1.575643e-07 _12406_
 2.385126e-08 1.329323e-07 2.257570e-10 1.570094e-07 fanout371
 3.609868e-08 1.200626e-07 3.076888e-10 1.564689e-07 max_cap634
 3.279201e-08 1.231168e-07 3.076622e-10 1.562165e-07 fanout631
 3.043437e-08 1.241334e-07 3.001691e-10 1.548679e-07 fanout782
 2.613204e-08 1.267799e-07 2.274241e-10 1.531394e-07 fanout1022
 3.212716e-08 1.205456e-07 3.079767e-10 1.529807e-07 fanout478
 2.447621e-08 1.272586e-07 2.260346e-10 1.519608e-07 fanout253
 3.045712e-08 1.196482e-07 3.033757e-10 1.504087e-07 fanout909
 2.851142e-08 1.200630e-07 3.053695e-10 1.488798e-07 fanout396
 1.419740e-08 1.322543e-07 2.317610e-10 1.466834e-07 fanout403
 2.627385e-08 1.188954e-07 3.083961e-10 1.454777e-07 fanout454
 3.052743e-08 1.142759e-07 3.033757e-10 1.451067e-07 fanout904
 2.743183e-08 1.166014e-07 2.268940e-10 1.442601e-07 fanout1010
 2.427963e-08 1.197175e-07 2.297348e-10 1.442268e-07 fanout590
 4.481154e-09 1.385357e-07 1.966800e-10 1.432135e-07 _20760_
 3.033571e-08 1.087611e-07 3.080581e-10 1.394049e-07 fanout616
 2.247773e-08 1.165167e-07 2.270553e-10 1.392215e-07 fanout939
 2.318271e-08 1.157342e-07 2.293175e-10 1.391462e-07 fanout931
 2.852199e-08 1.080416e-07 3.053695e-10 1.368689e-07 fanout398
 3.014418e-08 1.045484e-07 2.275494e-10 1.349201e-07 fanout680
 2.842286e-08 1.051479e-07 3.053695e-10 1.338761e-07 fanout393
 2.353883e-08 1.092006e-07 2.257570e-10 1.329651e-07 fanout370
 2.599324e-08 1.064021e-07 3.065057e-10 1.327019e-07 fanout187
 2.598683e-08 1.054732e-07 3.065057e-10 1.317665e-07 fanout186
 2.828683e-08 1.024101e-07 2.266654e-10 1.309236e-07 fanout654
 2.189201e-08 1.084049e-07 2.269560e-10 1.305239e-07 fanout951
 2.229498e-08 1.078281e-07 3.086950e-10 1.304318e-07 max_cap214
 2.842232e-08 1.013022e-07 2.981753e-10 1.300227e-07 fanout601
 2.573568e-08 1.032685e-07 3.065057e-10 1.293107e-07 fanout183
 2.297199e-08 1.045045e-07 3.086747e-10 1.277852e-07 fanout260
 2.733117e-08 9.992332e-08 2.316864e-10 1.274862e-07 fanout653
 2.588083e-08 1.006170e-07 2.970392e-10 1.267948e-07 fanout385
 2.767002e-08 9.831627e-08 2.313537e-10 1.262176e-07 fanout738
 2.848974e-08 9.635068e-08 2.981753e-10 1.251386e-07 fanout594
 2.777732e-08 9.577549e-08 2.312407e-10 1.237840e-07 fanout677
 2.192133e-08 1.015704e-07 2.312917e-10 1.237230e-07 fanout768
 2.173204e-08 1.015963e-07 2.255162e-10 1.235539e-07 fanout457
 2.758354e-08 9.466910e-08 2.312883e-10 1.224839e-07 fanout673
 2.245932e-08 9.945396e-08 2.292460e-10 1.221425e-07 fanout923
 2.378793e-08 9.801537e-08 3.086512e-10 1.221119e-07 fanout219
 2.266877e-08 9.878671e-08 2.292460e-10 1.216847e-07 fanout913
 2.858931e-08 9.232748e-08 2.981753e-10 1.212150e-07 fanout593
 2.189506e-08 9.861006e-08 2.269560e-10 1.207321e-07 fanout965
 2.581315e-08 9.421260e-08 3.065057e-10 1.203322e-07 fanout377
 1.555979e-08 1.038277e-07 2.345352e-10 1.196220e-07 fanout517
 2.592639e-08 9.328182e-08 2.970392e-10 1.195052e-07 fanout381
 1.784362e-08 1.008122e-07 3.089266e-10 1.189648e-07 max_cap201
 2.650712e-08 9.127772e-08 2.311376e-10 1.180160e-07 fanout668
 2.204803e-08 9.437200e-08 2.269560e-10 1.166470e-07 fanout942
 1.291095e-08 1.033994e-07 2.256537e-10 1.165360e-07 fanout193
 2.223191e-08 9.376441e-08 2.269560e-10 1.162233e-07 fanout974
 2.581779e-08 9.005031e-08 3.065057e-10 1.161746e-07 fanout375
 2.827663e-08 8.732048e-08 2.266983e-10 1.158238e-07 fanout667
 2.569394e-08 8.978376e-08 2.311490e-10 1.157088e-07 fanout655
 1.493262e-08 1.003803e-07 2.279484e-10 1.155409e-07 fanout784
 2.947477e-08 8.572228e-08 2.302695e-10 1.154273e-07 fanout688
 2.193512e-08 9.314385e-08 2.269560e-10 1.153059e-07 fanout987
 2.199158e-08 9.306707e-08 2.312917e-10 1.152899e-07 fanout772
 2.309698e-08 9.188830e-08 2.293175e-10 1.152146e-07 fanout912
 4.763297e-09 1.100942e-07 2.074671e-10 1.150650e-07 _21114_
 2.778558e-08 8.701172e-08 2.315955e-10 1.150289e-07 fanout687
 2.206926e-08 9.263941e-08 2.269560e-10 1.149356e-07 fanout968
 2.737791e-08 8.655953e-08 2.269805e-10 1.141644e-07 fanout648
 2.860251e-08 8.459538e-08 2.310538e-10 1.134290e-07 fanout645
 2.729349e-08 8.583410e-08 2.269805e-10 1.133546e-07 fanout649
 2.641074e-08 8.613718e-08 2.309903e-10 1.127789e-07 fanout686
 1.124676e-07 0.000000e+00 2.536348e-10 1.127212e-07 clkload17
 1.121603e-07 0.000000e+00 2.536348e-10 1.124139e-07 clkload18
 2.170300e-08 8.955656e-08 2.328660e-10 1.114924e-07 fanout442
 1.112213e-07 0.000000e+00 2.536348e-10 1.114750e-07 clkload9
 2.721389e-08 8.322326e-08 2.315581e-10 1.106687e-07 fanout652
 2.189539e-08 8.787477e-08 2.269560e-10 1.099971e-07 fanout994
 1.087647e-07 0.000000e+00 2.536348e-10 1.090184e-07 clkload3
 2.773070e-08 8.102676e-08 2.313620e-10 1.089888e-07 fanout690
 1.257149e-08 9.535203e-08 2.325939e-10 1.081561e-07 fanout189
 2.256392e-08 8.534788e-08 2.270553e-10 1.081389e-07 fanout949
 2.750780e-08 8.032445e-08 2.315592e-10 1.080638e-07 fanout670
 2.234031e-08 8.535019e-08 2.270553e-10 1.079176e-07 fanout988
 2.198981e-08 8.543353e-08 2.269560e-10 1.076503e-07 fanout960
 2.249213e-08 8.379219e-08 2.270553e-10 1.065114e-07 fanout954
 2.503200e-08 8.072563e-08 2.316023e-10 1.059892e-07 fanout684
 2.304509e-08 8.094697e-08 2.293175e-10 1.042214e-07 fanout929
 2.196296e-08 8.167513e-08 2.269560e-10 1.038650e-07 fanout959
 1.800684e-08 8.525215e-08 3.089094e-10 1.035679e-07 fanout259
 1.371861e-08 8.875785e-08 2.264867e-10 1.027029e-07 fanout598
 2.562303e-08 7.622057e-08 2.260942e-10 1.020697e-07 fanout641
 2.103688e-08 7.937893e-08 3.079423e-10 1.007237e-07 fanout419
 1.243921e-08 8.789790e-08 2.256537e-10 1.005628e-07 fanout190
 1.470625e-08 8.506311e-08 2.337918e-10 1.000031e-07 fanout217
 2.073461e-08 7.892572e-08 3.079423e-10 9.996827e-08 fanout420
 2.093471e-08 7.840363e-08 3.079423e-10 9.964629e-08 fanout421
 1.588818e-08 8.261980e-08 3.090675e-10 9.881705e-08 fanout226
 2.195141e-08 7.606504e-08 2.269560e-10 9.824340e-08 fanout967
 2.225497e-08 7.495404e-08 2.270553e-10 9.743606e-08 fanout989
 2.091955e-08 7.529885e-08 2.956026e-10 9.651400e-08 fanout436
 1.552936e-08 8.009108e-08 2.237125e-10 9.584416e-08 fanout542
 2.233074e-08 7.307731e-08 2.243568e-10 9.563240e-08 fanout588
 2.069045e-08 7.265405e-08 3.079423e-10 9.365245e-08 fanout425
 2.101619e-08 7.211904e-08 3.079423e-10 9.344318e-08 fanout424
 1.367151e-08 7.949770e-08 2.264867e-10 9.339569e-08 fanout602
 1.547491e-08 7.695737e-08 2.345352e-10 9.266682e-08 fanout538
 2.196796e-08 6.987061e-08 2.269560e-10 9.206552e-08 fanout948
 2.219976e-08 6.822667e-08 2.270553e-10 9.065348e-08 fanout975
 2.236339e-08 6.795928e-08 2.313382e-10 9.055401e-08 fanout770
 1.364686e-08 7.462406e-08 2.264867e-10 8.849741e-08 fanout604
 1.245786e-08 7.441359e-08 2.256537e-10 8.709711e-08 fanout391
 1.582550e-08 7.056743e-08 2.345422e-10 8.662748e-08 fanout500
 1.587509e-08 7.052563e-08 2.238513e-10 8.662457e-08 fanout559
 1.591454e-08 7.037599e-08 2.238513e-10 8.651438e-08 fanout540
 2.965439e-09 8.286858e-08 1.870040e-10 8.602102e-08 _21942_
 1.589096e-08 6.948517e-08 2.243568e-10 8.560049e-08 fanout586
 1.545043e-08 6.980306e-08 2.237125e-10 8.547720e-08 fanout551
 1.453786e-08 7.063503e-08 2.302993e-10 8.540319e-08 fanout908
 1.558092e-08 6.800686e-08 2.340367e-10 8.382182e-08 fanout583
 1.559238e-08 6.776386e-08 2.237125e-10 8.357996e-08 fanout561
 1.552888e-08 6.665854e-08 2.345352e-10 8.242195e-08 fanout537
 1.552179e-08 6.597017e-08 2.345352e-10 8.172650e-08 fanout529
 1.543252e-08 6.496802e-08 2.237125e-10 8.062425e-08 fanout552
 2.812643e-09 7.747783e-08 1.883377e-10 8.047881e-08 _12315_
 1.582107e-08 6.375380e-08 2.238513e-10 7.979872e-08 fanout562
 1.550445e-08 6.331630e-08 2.237125e-10 7.904447e-08 fanout568
 1.581197e-08 6.285397e-08 2.238513e-10 7.888979e-08 fanout543
 1.359026e-08 6.394119e-08 2.317610e-10 7.776321e-08 fanout395
 1.262658e-08 6.489238e-08 2.257689e-10 7.774473e-08 fanout392
 1.388514e-08 6.338016e-08 2.265917e-10 7.749189e-08 fanout595
 1.365678e-08 6.153262e-08 2.264867e-10 7.541589e-08 fanout592
 1.581966e-08 5.823604e-08 2.238513e-10 7.427955e-08 fanout547
 1.581831e-08 5.818163e-08 2.238513e-10 7.422379e-08 fanout557
 1.581309e-08 5.752634e-08 2.238513e-10 7.356328e-08 fanout556
 1.020323e-08 6.299127e-08 2.246005e-10 7.341910e-08 fanout430
 1.587509e-08 5.697428e-08 2.345422e-10 7.308392e-08 fanout494
 1.536341e-08 5.706646e-08 2.345352e-10 7.266440e-08 fanout497
 1.576045e-08 5.639466e-08 2.238513e-10 7.237897e-08 fanout545
 1.586147e-08 5.572845e-08 2.345422e-10 7.182447e-08 fanout522
 1.581541e-08 5.550881e-08 2.345422e-10 7.155877e-08 fanout523
 1.567600e-08 5.541507e-08 2.243568e-10 7.131543e-08 fanout176
 1.385065e-08 5.667009e-08 2.265917e-10 7.074733e-08 fanout600
 1.572935e-08 5.455016e-08 2.345422e-10 7.051406e-08 fanout495
 1.566242e-08 5.449937e-08 2.238513e-10 7.038564e-08 fanout570
 1.580274e-08 5.429955e-08 2.345422e-10 7.033683e-08 fanout533
 1.254243e-08 5.710641e-08 2.326246e-10 6.988146e-08 fanout188
 1.580975e-08 5.381882e-08 2.238513e-10 6.985241e-08 fanout567
 1.555263e-08 5.323567e-08 2.238513e-10 6.901215e-08 fanout566
 1.012096e-08 5.834460e-08 2.246005e-10 6.869017e-08 fanout431
 1.567838e-08 5.214957e-08 2.345422e-10 6.806249e-08 fanout502
 1.235745e-08 5.424566e-08 2.256537e-10 6.682877e-08 fanout382
 1.217630e-08 5.313608e-08 3.092381e-10 6.562162e-08 fanout227
 1.257479e-08 5.251362e-08 2.326246e-10 6.532103e-08 fanout378
 1.000794e-08 5.387786e-08 2.246005e-10 6.411041e-08 fanout439
 2.162876e-09 5.960013e-08 1.858003e-10 6.194880e-08 _22124_
 3.521910e-09 5.609424e-08 1.871436e-10 5.980329e-08 _12244_
 3.254979e-09 5.528282e-08 1.872317e-10 5.872503e-08 _12142_
 1.001921e-08 4.831634e-08 2.336472e-10 5.856920e-08 fanout422
 1.545397e-08 4.225770e-08 2.007457e-10 5.791242e-08 fanout674
 3.942695e-09 5.375912e-08 1.871943e-10 5.788901e-08 _12236_
 5.750980e-08 0.000000e+00 2.094203e-10 5.771922e-08 clkload36
 3.735510e-09 5.367056e-08 1.871948e-10 5.759327e-08 _12109_
 5.726305e-08 0.000000e+00 2.094203e-10 5.747248e-08 clkload54
 5.717532e-08 0.000000e+00 2.094203e-10 5.738474e-08 clkload126
 5.680326e-08 0.000000e+00 2.094203e-10 5.701268e-08 clkload166
 5.674701e-08 0.000000e+00 2.094203e-10 5.695643e-08 clkload149
 5.638724e-08 0.000000e+00 2.094203e-10 5.659666e-08 clkload94
 5.627087e-08 0.000000e+00 2.094203e-10 5.648029e-08 clkload92
 5.613384e-08 0.000000e+00 2.094203e-10 5.634326e-08 clkload118
 5.600939e-08 0.000000e+00 2.094203e-10 5.621881e-08 clkload195
 5.587381e-08 0.000000e+00 2.094203e-10 5.608323e-08 clkload61
 5.580311e-08 0.000000e+00 2.094203e-10 5.601254e-08 clkload135
 3.361256e-09 5.234607e-08 1.872774e-10 5.589460e-08 _12256_
 1.264630e-08 4.301693e-08 2.022476e-10 5.586548e-08 fanout953
 5.561274e-08 0.000000e+00 2.094203e-10 5.582216e-08 clkload133
 5.557894e-08 0.000000e+00 2.094203e-10 5.578836e-08 clkload84
 3.207111e-09 5.115697e-08 1.871989e-10 5.455128e-08 _12143_
 1.553474e-08 3.860408e-08 2.008515e-10 5.433967e-08 fanout643
 3.713260e-09 4.902665e-08 1.871217e-10 5.292703e-08 _12079_
 3.513891e-09 4.785392e-08 1.871975e-10 5.155501e-08 _12091_
 8.919769e-09 4.204574e-08 1.995913e-10 5.116510e-08 fanout160
 3.552960e-09 4.737256e-08 1.873276e-10 5.111284e-08 _11941_
 3.390488e-09 4.731049e-08 1.872514e-10 5.088823e-08 _11954_
 2.977267e-09 4.741432e-08 1.872678e-10 5.057886e-08 _12010_
 1.256136e-08 3.772159e-08 2.022476e-10 5.048521e-08 fanout956
 8.981830e-09 4.091715e-08 1.997706e-10 5.009875e-08 fanout156
 3.173293e-09 4.662020e-08 1.872546e-10 4.998074e-08 _11952_
 3.496203e-09 4.620698e-08 1.871843e-10 4.989037e-08 _12213_
 8.943003e-09 4.022599e-08 1.995913e-10 4.936859e-08 fanout164
 3.210479e-09 4.518711e-08 1.872285e-10 4.858482e-08 _12000_
 3.513769e-09 4.421689e-08 1.872641e-10 4.791793e-08 _11929_
 8.922490e-09 3.852958e-08 1.995913e-10 4.765167e-08 fanout170
 3.136746e-09 4.419538e-08 1.871615e-10 4.751929e-08 _11919_
 8.930502e-09 3.699156e-08 1.995913e-10 4.612165e-08 fanout162
 3.091494e-09 4.278527e-08 1.873002e-10 4.606406e-08 _12065_
 8.895053e-09 3.694548e-08 1.995913e-10 4.604012e-08 fanout159
 2.264211e-09 4.347631e-08 1.858893e-10 4.592641e-08 _21801_
 4.924910e-09 4.022687e-08 1.762998e-10 4.532808e-08 _19572_
 5.184444e-09 3.966580e-08 1.763052e-10 4.502655e-08 _15979_
 2.930531e-09 4.187477e-08 1.872957e-10 4.499260e-08 _12101_
 2.584654e-09 4.185385e-08 1.861527e-10 4.462466e-08 _22150_
 8.878736e-09 3.533460e-08 1.995913e-10 4.441293e-08 fanout510
 1.008840e-08 3.337479e-08 2.247285e-10 4.368792e-08 fanout427
 8.920080e-09 3.451148e-08 1.995913e-10 4.363115e-08 fanout169
 2.583565e-09 4.032398e-08 1.872304e-10 4.309478e-08 _12186_
 2.852808e-09 3.977724e-08 1.872313e-10 4.281728e-08 _12254_
 8.926382e-09 3.361095e-08 1.995913e-10 4.273693e-08 fanout168
 8.869413e-09 3.362315e-08 2.032050e-10 4.269576e-08 fanout173
 8.892691e-09 3.320576e-08 1.995913e-10 4.229804e-08 fanout524
 8.364398e-09 3.276402e-08 1.767035e-10 4.130512e-08 _11903_
 2.985937e-09 3.809134e-08 1.872673e-10 4.126455e-08 _12132_
 2.588207e-09 3.842145e-08 1.872076e-10 4.119686e-08 _12200_
 8.851353e-09 3.145361e-08 2.032050e-10 4.050817e-08 fanout177
 2.829552e-09 3.717205e-08 1.872258e-10 4.018883e-08 _12022_
 4.440504e-09 3.392897e-08 1.763023e-10 3.854578e-08 _19726_
 8.878009e-09 2.870075e-08 1.995913e-10 3.777835e-08 fanout158
 3.280133e-09 3.340115e-08 1.762902e-10 3.685757e-08 _13632_
 2.517433e-09 3.351134e-08 1.763029e-10 3.620508e-08 _12077_
 2.929700e-09 3.303503e-08 1.762701e-10 3.614100e-08 _12234_
 6.386208e-09 2.943818e-08 2.235577e-10 3.604795e-08 fanout145
 6.582339e-09 2.818939e-08 2.234383e-10 3.499517e-08 fanout196
 1.073321e-08 2.356261e-08 1.894646e-10 3.448528e-08 wire157
 2.065805e-09 3.206038e-08 1.766106e-10 3.430280e-08 _22424_
 4.521584e-09 2.915790e-08 1.762968e-10 3.385578e-08 _15967_
 2.520145e-09 3.112486e-08 1.762537e-10 3.382126e-08 _12153_
 3.301075e-09 3.009783e-08 1.763947e-10 3.357530e-08 _11944_
 4.274407e-09 2.801743e-08 1.760412e-10 3.246788e-08 _16899_
 1.770327e-09 3.032758e-08 1.891406e-10 3.228705e-08 _12319_
 2.947312e-09 2.910657e-08 1.758894e-10 3.222977e-08 _16737_
 3.005782e-08 1.691396e-09 2.248894e-10 3.197411e-08 output16
 2.745431e-09 2.883932e-08 1.763029e-10 3.176106e-08 _12066_
 2.974846e-08 1.677226e-09 2.327073e-10 3.165839e-08 output12
 2.574863e-09 2.875566e-08 1.762886e-10 3.150681e-08 _11953_
 2.451819e-09 2.853164e-08 1.762925e-10 3.115975e-08 _12043_
 2.796551e-09 2.795111e-08 1.763290e-10 3.092399e-08 _19566_
 2.654233e-09 2.802302e-08 1.762820e-10 3.085354e-08 _12078_
 2.374025e-09 2.822524e-08 1.763217e-10 3.077559e-08 _12177_
 2.957948e-09 2.761093e-08 1.763016e-10 3.074517e-08 _14582_
 2.556359e-09 2.786773e-08 1.762890e-10 3.060038e-08 _12202_
 4.390782e-09 2.580567e-08 1.762852e-10 3.037274e-08 _18014_
 2.731078e-09 2.724190e-08 1.763198e-10 3.014929e-08 _12215_
 6.807384e-09 2.314570e-08 1.757454e-10 3.012882e-08 _23473_
 2.276208e-09 2.767423e-08 1.763087e-10 3.012674e-08 _12211_
 2.705558e-09 2.715649e-08 1.763292e-10 3.003838e-08 _11955_
 3.114374e-09 2.562608e-08 1.759727e-10 2.891643e-08 _18180_
 4.612100e-09 2.398299e-08 1.755475e-10 2.877064e-08 _21936_
 2.270059e-09 2.626478e-08 1.763568e-10 2.871119e-08 _12189_
 2.254445e-09 2.581934e-08 1.763363e-10 2.825012e-08 _12266_
 6.341738e-09 2.154961e-08 2.235577e-10 2.811491e-08 fanout144
 2.487047e-09 2.536371e-08 1.763100e-10 2.802707e-08 _12235_
 3.601802e-09 2.402028e-08 1.763201e-10 2.779840e-08 _12193_
 2.221526e-09 2.538953e-08 1.762758e-10 2.778733e-08 _12175_
 2.825245e-09 2.459064e-08 1.762810e-10 2.759216e-08 _12145_
 1.954275e-09 2.519238e-08 1.763386e-10 2.732299e-08 _12222_
 2.303061e-09 2.470149e-08 1.763185e-10 2.718087e-08 _12144_
 2.394217e-09 2.450676e-08 1.762838e-10 2.707726e-08 _12133_
 2.612207e-09 2.428055e-08 1.763274e-10 2.706908e-08 _12247_
 5.000606e-09 2.162928e-08 2.235101e-10 2.685339e-08 fanout146
 1.790155e-09 2.481594e-08 1.893442e-10 2.679544e-08 _12321_
 4.971010e-09 2.134165e-08 2.235101e-10 2.653617e-08 fanout147
 2.492820e-09 2.373697e-08 1.762984e-10 2.640609e-08 _12257_
 3.065385e-09 2.287667e-08 1.763105e-10 2.611837e-08 _12258_
 4.385698e-09 2.117578e-08 2.349242e-10 2.579640e-08 fanout577
 2.681320e-09 2.293615e-08 1.762669e-10 2.579374e-08 _14732_
 2.779184e-09 2.253189e-08 1.762931e-10 2.548737e-08 _11932_
 2.641689e-09 2.262206e-08 1.762906e-10 2.544004e-08 _12255_
 2.744253e-09 2.219197e-08 1.762842e-10 2.511251e-08 _12134_
 1.979937e-09 2.292773e-08 1.761140e-10 2.508378e-08 _21997_
 1.603143e-09 2.314982e-08 1.874380e-10 2.494040e-08 _11939_
 2.931532e-09 2.180815e-08 1.762991e-10 2.491598e-08 _14870_
 2.400409e-08 6.273334e-10 2.319865e-10 2.486341e-08 output14
 1.774352e-09 2.270803e-08 1.757888e-10 2.465817e-08 _22377_
 2.574466e-09 2.175077e-08 1.762979e-10 2.450154e-08 _12090_
 3.788637e-09 2.034582e-08 1.994952e-10 2.433395e-08 fanout198
 2.229362e-09 2.161554e-08 1.767685e-10 2.402167e-08 _17588_
 1.689210e-09 2.213486e-08 1.872628e-10 2.401133e-08 _12020_
 2.504619e-09 2.115514e-08 1.767690e-10 2.383653e-08 _20035_
 3.012949e-09 2.059541e-08 1.759330e-10 2.378429e-08 _18337_
 5.987057e-09 1.744368e-08 1.875742e-10 2.361831e-08 fanout163
 2.524435e-09 2.074229e-08 1.762591e-10 2.344299e-08 _12089_
 2.747090e-09 1.998638e-08 1.754211e-10 2.290889e-08 _16295_
 4.790806e-09 1.791346e-08 1.762692e-10 2.288054e-08 _19580_
 1.555511e-09 2.098241e-08 1.979643e-10 2.273589e-08 _12163_
 2.987529e-09 1.956887e-08 1.758798e-10 2.273228e-08 _19112_
 2.967403e-09 1.952733e-08 1.762870e-10 2.267102e-08 _16472_
 3.755438e-09 1.864125e-08 1.759036e-10 2.257259e-08 _19889_
 2.649372e-09 1.967754e-08 1.763020e-10 2.250321e-08 _12710_
 2.688381e-09 1.952426e-08 1.758650e-10 2.238851e-08 _19415_
 2.429621e-09 1.975581e-08 1.767630e-10 2.236220e-08 _20043_
 4.158188e-09 1.797989e-08 2.234659e-10 2.236154e-08 fanout359
 2.511395e-09 1.959096e-08 1.762982e-10 2.227865e-08 _14439_
 2.804565e-09 1.923620e-08 1.762913e-10 2.221706e-08 _13849_
 2.352989e-09 1.967663e-08 1.755138e-10 2.220514e-08 _17553_
 2.860003e-09 1.907134e-08 1.762931e-10 2.210763e-08 _12775_
 2.437413e-09 1.941802e-08 1.762865e-10 2.203172e-08 _12045_
 2.590469e-09 1.910058e-08 1.762712e-10 2.186732e-08 _13480_
 4.397047e-09 1.721634e-08 2.233235e-10 2.183672e-08 fanout361
 2.771992e-09 1.883642e-08 1.762810e-10 2.178469e-08 _15640_
 2.287107e-09 1.921246e-08 1.765346e-10 2.167610e-08 _15527_
 2.628872e-09 1.869504e-08 1.762872e-10 2.150020e-08 _13257_
 2.408375e-09 1.890302e-08 1.763066e-10 2.148770e-08 _11922_
 2.612050e-09 1.862887e-08 1.762769e-10 2.141720e-08 _12155_
 2.550747e-09 1.868538e-08 1.763141e-10 2.141245e-08 _11956_
 4.147689e-09 1.707066e-08 1.759907e-10 2.139434e-08 _15658_
 2.707179e-09 1.840578e-08 1.762968e-10 2.128926e-08 _13333_
 2.707030e-09 1.829053e-08 1.764171e-10 2.117398e-08 _14509_
 2.604266e-09 1.838612e-08 1.763036e-10 2.116669e-08 _14941_
 2.582526e-09 1.840312e-08 1.765378e-10 2.116218e-08 _17857_
 2.675284e-09 1.818422e-08 1.763678e-10 2.103587e-08 _11942_
 4.494801e-09 1.624290e-08 2.234671e-10 2.096117e-08 fanout362
 2.917812e-09 1.776448e-08 1.762018e-10 2.085849e-08 _17372_
 2.782589e-09 1.785055e-08 1.763082e-10 2.080945e-08 _12047_
 2.314923e-09 1.827025e-08 1.762968e-10 2.076147e-08 _12131_
 2.093698e-09 1.848107e-08 1.761982e-10 2.075097e-08 _22446_
 4.149592e-09 1.630579e-08 2.349275e-10 2.069030e-08 fanout356
 2.650540e-09 1.784327e-08 1.763278e-10 2.067014e-08 _14142_
 2.145689e-09 1.821438e-08 1.766930e-10 2.053676e-08 _17690_
 2.644675e-09 1.768848e-08 1.759001e-10 2.050906e-08 _18488_
 2.461379e-09 1.779789e-08 1.758753e-10 2.043514e-08 _19261_
 2.403408e-09 1.770998e-08 1.763217e-10 2.028971e-08 _12026_
 2.570377e-09 1.752733e-08 1.762856e-10 2.027399e-08 _12001_
 2.634699e-09 1.739940e-08 1.762708e-10 2.021037e-08 _12955_
 2.070515e-09 1.790534e-08 1.767736e-10 2.015263e-08 _21180_
 2.490888e-09 1.746626e-08 1.763027e-10 2.013345e-08 _13485_
 2.266299e-09 1.754625e-08 1.757799e-10 1.998833e-08 _17245_
 2.303892e-09 1.750696e-08 1.763408e-10 1.998719e-08 _12224_
 2.540350e-09 1.713901e-08 1.762815e-10 1.985564e-08 _13409_
 2.173962e-09 1.742549e-08 1.762774e-10 1.977573e-08 _11930_
 2.421728e-09 1.716383e-08 1.763360e-10 1.976190e-08 _12201_
 2.341754e-09 1.715327e-08 1.762986e-10 1.967132e-08 _12123_
 2.250647e-09 1.722744e-08 1.763123e-10 1.965440e-08 _11999_
 2.365007e-09 1.709180e-08 1.762833e-10 1.963309e-08 _11978_
 2.743269e-09 1.657730e-08 1.763091e-10 1.949687e-08 _14654_
 2.597031e-09 1.667641e-08 1.762998e-10 1.944975e-08 _12848_
 2.460092e-09 1.673327e-08 1.762982e-10 1.936966e-08 _14067_
 2.196674e-09 1.694874e-08 1.755037e-10 1.932091e-08 _20214_
 2.730860e-09 1.638151e-08 1.763445e-10 1.928871e-08 _12024_
 2.655670e-09 1.632480e-08 1.763132e-10 1.915678e-08 _13996_
 2.500654e-09 1.643928e-08 1.763018e-10 1.911624e-08 _12081_
 2.724731e-09 1.612584e-08 1.763057e-10 1.902688e-08 _13922_
 2.584558e-09 1.624849e-08 1.763150e-10 1.900936e-08 _12011_
 1.884020e-09 1.694933e-08 1.756614e-10 1.900901e-08 _20672_
 2.049574e-09 1.654769e-08 1.763769e-10 1.877364e-08 _11988_
 2.324109e-09 1.626480e-08 1.762918e-10 1.876520e-08 _12036_
 2.356730e-09 1.615265e-08 1.763246e-10 1.868571e-08 _11980_
 2.607295e-09 1.587354e-08 1.759408e-10 1.865678e-08 _15965_
 3.134881e-09 1.532253e-08 1.763201e-10 1.863373e-08 _19134_
 1.940795e-09 1.650309e-08 1.754658e-10 1.861935e-08 _16730_
 2.716136e-09 1.569184e-08 1.762680e-10 1.858425e-08 _13040_
 2.328082e-09 1.602281e-08 1.763278e-10 1.852722e-08 _13563_
 9.768144e-10 1.727340e-08 1.871518e-10 1.843737e-08 _11975_
 2.215094e-09 1.602757e-08 1.754985e-10 1.841816e-08 _15495_
 2.671442e-09 1.555484e-08 1.762724e-10 1.840256e-08 _20362_
 2.266725e-09 1.595230e-08 1.762886e-10 1.839531e-08 _11977_
 2.508433e-09 1.568903e-08 1.763023e-10 1.837376e-08 _12176_
 2.636680e-09 1.556076e-08 1.762082e-10 1.837364e-08 _14801_
 4.668856e-09 1.348902e-08 1.763189e-10 1.833419e-08 _20369_
 2.282717e-09 1.587532e-08 1.755181e-10 1.833356e-08 _17056_
 2.671182e-09 1.525387e-08 1.758616e-10 1.810091e-08 _18022_
 4.714541e-09 1.319305e-08 1.762904e-10 1.808388e-08 _16133_
 3.830278e-09 1.397787e-08 1.759246e-10 1.798407e-08 _17392_
 2.077468e-09 1.570698e-08 1.754978e-10 1.795994e-08 _17546_
 2.455976e-09 1.532762e-08 1.762395e-10 1.795984e-08 _14806_
 2.251569e-09 1.552122e-08 1.762673e-10 1.794906e-08 _13338_
 1.796994e-09 1.596949e-08 1.759332e-10 1.794242e-08 _22264_
 2.473488e-09 1.520820e-08 1.763068e-10 1.785799e-08 _12226_
 2.482321e-09 1.513872e-08 1.763064e-10 1.779735e-08 _12044_
 2.480073e-09 1.502521e-08 1.763356e-10 1.768162e-08 _12187_
 2.473345e-09 1.491949e-08 1.762753e-10 1.756911e-08 _14727_
 1.408865e-09 1.591170e-08 1.986447e-10 1.751921e-08 _12087_
 9.713570e-10 1.631199e-08 1.874043e-10 1.747075e-08 _12108_
 2.079367e-09 1.521255e-08 1.754893e-10 1.746741e-08 _20207_
 2.486689e-09 1.480213e-08 1.763039e-10 1.746512e-08 _12167_
 3.009463e-09 1.425979e-08 1.763447e-10 1.744560e-08 _13705_
 2.284141e-09 1.497533e-08 1.762479e-10 1.743572e-08 _14298_
 2.561725e-09 1.465305e-08 1.764935e-10 1.739127e-08 _18947_
 1.275205e-09 1.588305e-08 1.986119e-10 1.735687e-08 _12009_
 2.943117e-09 1.420706e-08 1.758876e-10 1.732607e-08 _19419_
 2.407085e-09 1.466387e-08 1.762840e-10 1.724724e-08 _14215_
 2.258906e-09 1.479378e-08 1.754925e-10 1.722818e-08 _17063_
 2.198467e-09 1.480727e-08 1.759218e-10 1.718166e-08 _18959_
 2.785723e-09 1.420666e-08 1.763742e-10 1.716876e-08 _12636_
 2.871307e-09 1.406972e-08 1.763226e-10 1.711735e-08 _12157_
 2.710604e-09 1.417102e-08 1.762950e-10 1.705792e-08 _12178_
 1.961347e-09 1.489406e-08 1.754076e-10 1.703082e-08 _15488_
 2.244710e-09 1.458886e-08 1.763267e-10 1.700990e-08 _11998_
 2.139090e-09 1.448516e-08 1.763071e-10 1.680056e-08 _12121_
 2.221727e-09 1.422589e-08 1.762146e-10 1.662383e-08 _14293_
 8.624380e-10 1.537513e-08 1.869807e-10 1.642454e-08 _12032_
 2.689349e-09 1.348334e-08 1.762639e-10 1.634896e-08 _14362_
 2.099351e-09 1.405560e-08 1.755092e-10 1.633046e-08 _18650_
 2.713333e-09 1.342707e-08 1.763205e-10 1.631672e-08 _12056_
 2.254945e-09 1.388361e-08 1.762585e-10 1.631481e-08 _12112_
 2.065786e-09 1.401807e-08 1.754298e-10 1.625929e-08 _18495_
 2.495630e-09 1.350098e-08 1.762883e-10 1.617290e-08 _13558_
 8.630923e-10 1.511880e-08 1.871961e-10 1.616909e-08 _12152_
 2.376584e-09 1.361451e-08 1.763322e-10 1.616743e-08 _12069_
 3.041840e-09 1.289462e-08 1.759663e-10 1.611243e-08 _15976_
 2.188463e-09 1.374714e-08 1.758855e-10 1.611149e-08 _16440_
 1.508160e-08 7.907939e-10 2.238513e-10 1.609624e-08 output15
 1.012939e-09 1.483199e-08 1.872879e-10 1.603222e-08 _12118_
 2.165393e-09 1.368374e-08 1.770876e-10 1.602622e-08 _19128_
 2.430421e-09 1.334303e-08 1.762925e-10 1.594974e-08 _12203_
 1.876802e-09 1.387757e-08 1.762724e-10 1.593064e-08 _12313_
 8.546640e-10 1.468835e-08 1.868994e-10 1.572991e-08 _12064_
 3.535541e-09 1.185767e-08 1.763313e-10 1.556954e-08 _12168_
 1.370260e-09 1.396785e-08 1.766820e-10 1.551479e-08 _21387_
 8.222705e-10 1.433635e-08 1.874686e-10 1.534608e-08 _12185_
 2.204695e-09 1.290852e-08 1.754964e-10 1.528871e-08 _17710_
 2.464265e-09 1.255981e-08 1.759004e-10 1.519998e-08 _20374_
 8.915845e-10 1.385583e-08 1.872176e-10 1.493463e-08 _12042_
 8.382786e-10 1.386475e-08 1.871578e-10 1.489018e-08 _11996_
 2.555152e-09 1.211222e-08 1.759802e-10 1.484335e-08 _18910_
 2.148625e-09 1.250141e-08 1.762671e-10 1.482630e-08 _12188_
 2.085453e-09 1.248390e-08 1.763082e-10 1.474567e-08 _12120_
 2.475807e-09 1.200188e-08 1.762984e-10 1.465399e-08 _12237_
 2.435148e-09 1.203435e-08 1.762991e-10 1.464580e-08 _12705_
 2.046846e-09 1.205736e-08 1.754827e-10 1.427969e-08 _16446_
 2.089408e-09 1.200141e-08 1.754549e-10 1.426627e-08 _17699_
 1.983329e-09 1.209319e-08 1.762991e-10 1.425281e-08 _11966_
 2.238012e-09 1.176255e-08 1.755051e-10 1.417607e-08 _19577_
 1.421884e-09 1.246071e-08 1.754651e-10 1.405806e-08 _21043_
 2.188239e-09 1.168794e-08 1.762030e-10 1.405238e-08 _13775_
 1.852144e-09 1.196895e-08 1.767279e-10 1.399782e-08 _12314_
 2.604949e-09 1.112289e-08 1.763009e-10 1.390414e-08 _17210_
 8.866275e-10 1.278249e-08 1.867141e-10 1.385583e-08 _12054_
 1.797109e-09 1.180421e-08 1.754346e-10 1.377676e-08 _18173_
 2.018894e-09 1.153643e-08 1.763114e-10 1.373164e-08 _12067_
 2.383564e-09 1.113838e-08 1.763449e-10 1.369829e-08 _12100_
 2.148109e-09 1.131958e-08 1.755245e-10 1.364321e-08 _15812_
 7.146351e-10 1.273267e-08 1.870578e-10 1.363436e-08 _12221_
 2.068803e-09 1.132940e-08 1.763096e-10 1.357451e-08 _12267_
 7.935928e-10 1.257226e-08 1.871856e-10 1.355304e-08 _11918_
 1.888115e-09 1.145736e-08 1.754960e-10 1.352097e-08 _19408_
 1.585698e-09 1.166713e-08 1.753775e-10 1.342821e-08 _18643_
 1.226930e-09 1.195764e-08 1.754067e-10 1.335998e-08 _21806_
 2.321708e-09 1.074526e-08 1.762717e-10 1.324324e-08 _12191_
 2.075538e-09 1.076246e-08 1.762995e-10 1.301430e-08 _12110_
 2.706974e-09 1.009855e-08 1.762735e-10 1.298180e-08 _12214_
 2.864531e-09 9.938165e-09 1.767012e-10 1.297940e-08 _19880_
 8.810955e-10 1.189401e-08 1.868497e-10 1.296196e-08 _12243_
 2.284271e-09 1.037175e-08 1.762219e-10 1.283224e-08 _13780_
 2.285466e-09 1.035774e-08 1.763283e-10 1.281953e-08 _12080_
 2.105350e-09 1.050872e-08 1.755295e-10 1.278960e-08 _20054_
 2.273243e-09 1.033546e-08 1.762986e-10 1.278500e-08 _12154_
 2.492978e-09 9.977739e-09 1.767660e-10 1.264748e-08 _17969_
 1.936372e-09 1.052350e-08 1.754718e-10 1.263535e-08 _17706_
 2.301114e-09 1.003093e-08 1.755400e-10 1.250758e-08 _16588_
 2.153842e-09 1.016320e-08 1.771022e-10 1.249415e-08 _17383_
 1.916423e-09 1.038029e-08 1.754464e-10 1.247216e-08 _18799_
 2.769603e-09 9.445880e-09 1.763075e-10 1.239179e-08 _11957_
 7.747444e-10 1.140758e-08 1.870213e-10 1.236934e-08 _11951_
 7.605493e-10 1.140415e-08 1.878233e-10 1.235252e-08 _12232_
 1.927497e-09 1.016308e-08 1.762699e-10 1.226685e-08 _11920_
 7.730560e-10 1.128051e-08 1.874038e-10 1.224097e-08 _12265_
 2.678227e-09 9.289574e-09 1.763100e-10 1.214411e-08 _12034_
 1.750608e-09 1.020466e-08 1.758260e-10 1.213110e-08 _13917_
 6.909485e-10 1.120106e-08 1.874673e-10 1.207947e-08 _12253_
 2.824647e-09 9.060216e-09 1.759159e-10 1.206078e-08 _20058_
 5.808505e-10 1.114490e-08 1.871528e-10 1.191290e-08 _12290_
 1.147935e-09 1.049612e-08 1.755176e-10 1.181957e-08 _14289_
 1.399692e-09 1.022856e-08 1.756443e-10 1.180390e-08 _14724_
 1.311157e-09 1.023525e-08 1.756749e-10 1.172208e-08 _13477_
 2.231932e-09 9.173851e-09 1.754955e-10 1.158128e-08 _17388_
 2.983769e-09 8.416085e-09 1.762678e-10 1.157612e-08 _16154_
 6.319577e-10 1.075651e-08 1.871610e-10 1.157562e-08 _12199_
 2.870058e-09 8.421109e-09 1.763055e-10 1.146747e-08 _12135_
 1.885948e-09 9.385600e-09 1.754359e-10 1.144698e-08 _18952_
 2.230081e-09 8.949390e-09 1.754604e-10 1.135493e-08 _19885_
 2.005855e-09 9.016400e-09 1.768806e-10 1.119914e-08 _20850_
 1.862282e-09 9.142431e-09 1.755316e-10 1.118024e-08 _17891_
 2.948552e-09 8.007537e-09 1.766184e-10 1.113271e-08 _19874_
 2.230512e-09 8.633942e-09 1.997883e-10 1.106424e-08 fanout91
 3.202490e-09 7.555131e-09 1.763062e-10 1.093393e-08 _12259_
 2.674289e-09 7.987494e-09 1.763132e-10 1.083810e-08 _12192_
 1.829788e-09 8.822117e-09 1.754421e-10 1.082735e-08 _19733_
 6.222506e-10 9.947005e-09 1.878137e-10 1.075707e-08 _11986_
 1.955275e-09 8.559503e-09 1.767617e-10 1.069154e-08 _12317_
 2.181742e-09 8.273803e-09 1.754838e-10 1.063103e-08 _16130_
 3.063376e-09 7.390012e-09 1.762813e-10 1.062967e-08 _12146_
 2.611431e-09 7.723831e-09 1.759894e-10 1.051125e-08 _18963_
 6.826781e-10 9.640737e-09 1.867310e-10 1.051015e-08 _12075_
 1.759267e-09 8.571182e-09 1.757328e-10 1.050618e-08 _21315_
 1.266840e-09 8.947669e-09 1.763294e-10 1.039084e-08 _14686_
 1.690006e-09 8.519989e-09 1.757522e-10 1.038575e-08 _21339_
 2.423873e-09 7.671623e-09 1.762963e-10 1.027179e-08 _12212_
 4.860768e-10 9.487562e-09 1.763014e-10 1.014994e-08 _12291_
 8.907840e-09 9.602676e-10 2.347598e-10 1.010287e-08 output13
 1.926206e-09 7.938436e-09 1.754174e-10 1.004006e-08 _20366_
 1.862811e-09 7.994383e-09 1.754693e-10 1.003266e-08 _16594_
 1.108061e-09 8.745272e-09 1.755341e-10 1.002887e-08 _12843_
 5.493954e-10 9.268887e-09 1.894816e-10 1.000776e-08 _15007_
 2.326419e-09 7.458847e-09 1.759736e-10 9.961240e-09 _11907_
 8.326780e-09 1.368616e-09 2.294149e-10 9.924811e-09 output41
 2.127219e-09 7.604343e-09 1.762833e-10 9.907845e-09 _14220_
 1.411114e-09 8.260900e-09 1.758312e-10 9.847845e-09 _13555_
 1.861974e-09 7.798296e-09 1.754275e-10 9.835698e-09 _17381_
 2.306740e-09 7.310733e-09 1.767637e-10 9.794237e-09 _11910_
 5.563345e-10 9.033537e-09 1.876928e-10 9.777565e-09 _12018_
 2.071814e-09 7.513522e-09 1.759358e-10 9.761273e-09 _21071_
 1.606387e-09 7.856245e-09 1.769906e-10 9.639623e-09 _20952_
 2.997025e-10 9.141571e-09 1.871939e-10 9.628468e-09 _12286_
 2.332217e-09 7.110788e-09 1.759271e-10 9.618931e-09 _11905_
 2.347705e-09 7.086778e-09 1.758104e-10 9.610294e-09 _11912_
 2.479284e-09 6.928771e-09 1.762737e-10 9.584329e-09 _11969_
 2.230406e-09 7.167218e-09 1.758349e-10 9.573458e-09 _11906_
 2.272082e-09 7.046273e-09 1.758566e-10 9.494211e-09 _11909_
 1.650679e-09 7.643101e-09 1.753748e-10 9.469155e-09 _19878_
 2.097940e-09 7.148563e-09 1.759521e-10 9.422455e-09 _21287_
 2.356185e-09 6.873331e-09 1.762479e-10 9.405765e-09 _14367_
 2.095765e-09 7.078035e-09 1.754871e-10 9.349287e-09 _18026_
 2.251568e-09 6.886847e-09 1.758888e-10 9.314304e-09 _20872_
 2.456547e-09 6.559588e-09 1.763189e-10 9.192454e-09 _12002_
 1.560430e-09 7.376531e-09 1.754231e-10 9.112385e-09 _20047_
 1.873393e-09 7.058744e-09 1.771720e-10 9.109309e-09 _15808_
 2.263818e-09 6.555286e-09 1.763233e-10 8.995427e-09 _12245_
 2.405856e-09 6.375470e-09 1.762699e-10 8.957596e-09 _13045_
 2.419191e-09 6.358396e-09 1.764018e-10 8.953989e-09 _11943_
 1.893802e-09 6.796068e-09 1.757165e-10 8.865586e-09 _22462_
 2.780666e-09 5.812926e-09 1.763417e-10 8.769934e-09 _12025_
 2.144912e-09 6.435330e-09 1.766754e-10 8.756918e-09 _19749_
 7.740272e-09 7.870281e-10 2.296144e-10 8.756915e-09 output17
 5.957455e-09 2.525481e-09 2.292699e-10 8.712207e-09 output33
 2.444152e-09 6.050603e-09 1.763429e-10 8.671098e-09 _12023_
 2.184458e-09 6.294867e-09 1.765782e-10 8.655902e-09 _15478_
 1.973957e-09 6.487794e-09 1.766891e-10 8.638439e-09 _22803_
 2.137695e-09 6.204831e-09 1.755092e-10 8.518036e-09 _18499_
 6.799532e-09 1.468518e-09 2.289117e-10 8.496962e-09 output52
 2.172232e-09 6.143724e-09 1.767375e-10 8.492694e-09 _11908_
 2.172931e-09 6.060541e-09 1.762779e-10 8.409748e-09 _14659_
 7.509024e-09 5.970694e-10 2.293616e-10 8.335454e-09 output57
 2.041994e-09 6.095827e-09 1.757430e-10 8.313564e-09 _23157_
 2.135930e-09 5.972731e-09 1.759233e-10 8.284584e-09 _23710_
 6.114474e-09 1.909293e-09 2.294183e-10 8.253185e-09 output28
 2.027706e-09 5.981482e-09 1.759548e-10 8.185143e-09 _22978_
 2.013575e-09 5.995039e-09 1.761373e-10 8.184752e-09 _21727_
 2.585489e-09 5.382637e-09 1.763306e-10 8.144457e-09 _12190_
 2.126289e-09 5.830091e-09 1.767321e-10 8.133112e-09 _22276_
 2.263742e-09 5.648240e-09 1.758813e-10 8.087864e-09 _23651_
 4.511198e-10 7.421033e-09 1.879593e-10 8.060112e-09 _12098_
 2.031780e-09 5.818617e-09 1.758568e-10 8.026253e-09 _16316_
 9.775797e-10 6.861848e-09 1.771695e-10 8.016597e-09 _19609_
 1.233827e-09 6.585245e-09 1.763395e-10 7.995411e-09 _12076_
 2.142707e-09 5.619095e-09 1.758083e-10 7.937611e-09 _22481_
 5.622681e-10 7.118313e-09 1.968897e-10 7.877471e-09 _12181_
 4.285533e-10 7.252681e-09 1.879598e-10 7.869194e-09 _12093_
 1.762082e-09 5.759763e-09 1.757774e-10 7.697623e-09 _21447_
 2.227055e-09 5.291289e-09 1.760835e-10 7.694428e-09 _22597_
 2.102018e-09 5.399620e-09 1.765783e-10 7.678216e-09 _23412_
 2.215588e-09 5.258889e-09 1.770650e-10 7.651543e-09 _15814_
 6.820093e-10 6.776799e-09 1.762635e-10 7.635071e-09 _12281_
 2.322036e-09 5.116880e-09 1.767888e-10 7.615705e-09 _11904_
 2.175457e-09 5.206272e-09 1.758783e-10 7.557607e-09 _22550_
 1.273481e-09 6.103488e-09 1.762708e-10 7.553241e-09 _14247_
 2.035617e-09 5.321985e-09 1.757439e-10 7.533346e-09 _22873_
 2.091844e-09 5.256537e-09 1.766865e-10 7.525069e-09 _22617_
 2.349710e-09 4.986894e-09 1.755211e-10 7.512125e-09 _15819_
 1.215902e-09 6.041859e-09 1.753882e-10 7.433150e-09 _21119_
 2.266312e-09 4.946107e-09 1.766925e-10 7.389112e-09 _11911_
 2.164259e-09 5.021631e-09 1.758948e-10 7.361784e-09 _22506_
 2.128932e-09 5.045942e-09 1.758749e-10 7.350749e-09 _23432_
 1.928166e-09 5.059393e-09 1.766762e-10 7.164235e-09 _22326_
 5.440056e-10 6.308642e-09 1.762820e-10 7.028930e-09 _12292_
 2.197216e-09 4.654805e-09 1.758352e-10 7.027857e-09 _22472_
 4.095888e-10 6.429796e-09 1.763924e-10 7.015777e-09 _12031_
 2.195804e-09 4.615351e-09 1.766981e-10 6.987853e-09 _22353_
 2.026849e-09 4.774247e-09 1.757905e-10 6.976887e-09 _23078_
 1.811792e-09 4.984566e-09 1.757654e-10 6.972123e-09 _20909_
 1.915572e-09 4.784227e-09 1.754713e-10 6.875270e-09 _15499_
 1.718574e-09 4.951324e-09 1.764230e-10 6.846321e-09 _21004_
 2.132529e-09 4.534151e-09 1.767082e-10 6.843388e-09 _22135_
 6.234042e-09 3.670001e-10 2.292438e-10 6.830286e-09 output58
 6.014361e-09 5.259584e-10 2.292540e-10 6.769573e-09 output59
 1.086604e-09 5.498156e-09 1.762562e-10 6.761016e-09 _12806_
 2.157945e-09 4.409522e-09 1.766988e-10 6.744166e-09 _23561_
 2.186775e-09 4.381032e-09 1.758019e-10 6.743610e-09 _23518_
 1.737637e-09 4.825600e-09 1.769107e-10 6.740148e-09 _22879_
 1.285928e-09 5.189995e-09 2.290647e-10 6.704987e-09 fanout820
 8.566411e-10 5.670384e-09 1.761729e-10 6.703198e-09 _13214_
 5.950719e-09 5.158627e-10 2.293526e-10 6.695934e-09 output60
 2.123018e-09 4.334264e-09 1.758471e-10 6.633129e-09 _21815_
 1.149175e-09 5.281122e-09 1.760629e-10 6.606360e-09 _12312_
 1.862948e-09 4.535943e-09 1.756510e-10 6.574541e-09 _22032_
 1.975328e-09 4.390976e-09 1.767520e-10 6.543056e-09 _22522_
 1.982683e-09 4.378244e-09 1.758286e-10 6.536756e-09 _22577_
 4.244874e-10 5.931216e-09 1.765526e-10 6.532256e-09 _12019_
 1.618123e-09 4.686994e-09 1.755619e-10 6.480679e-09 _21328_
 5.192605e-09 1.008177e-09 2.291735e-10 6.429956e-09 output34
 1.131604e-09 5.061909e-09 1.753921e-10 6.368905e-09 _21417_
 1.904939e-09 4.284121e-09 1.756928e-10 6.364752e-09 _22431_
 2.028412e-09 4.156911e-09 1.757250e-10 6.361047e-09 _23799_
 2.101389e-09 4.048687e-09 1.766805e-10 6.326756e-09 _22823_
 2.138703e-09 3.966139e-09 1.758336e-10 6.280676e-09 _22773_
 1.770227e-09 4.307367e-09 1.769744e-10 6.254569e-09 _22614_
 1.665792e-09 4.402461e-09 1.756797e-10 6.243932e-09 _21441_
 1.987907e-09 4.031082e-09 1.759813e-10 6.194971e-09 _22763_
 2.100070e-09 3.911479e-09 1.757405e-10 6.187290e-09 _22412_
 1.848248e-09 4.160858e-09 1.768070e-10 6.185914e-09 _21917_
 1.970244e-09 4.038526e-09 1.766577e-10 6.185428e-09 _21625_
 2.300297e-09 3.642349e-09 1.766404e-10 6.119287e-09 _23208_
 2.156010e-09 3.767525e-09 1.758843e-10 6.099419e-09 _23619_
 2.777154e-10 5.626876e-09 1.762682e-10 6.080859e-09 _12289_
 1.592469e-09 4.298893e-09 1.769491e-10 6.068311e-09 _20246_
 4.613443e-09 1.221084e-09 2.292925e-10 6.063819e-09 output35
 2.068586e-09 3.791817e-09 1.759144e-10 6.036317e-09 _21248_
 2.207355e-09 3.613559e-09 1.759968e-10 5.996911e-09 _21376_
 2.083421e-09 3.725076e-09 1.758496e-10 5.984347e-09 _23370_
 2.020994e-09 3.760596e-09 1.759206e-10 5.957510e-09 _22646_
 2.047848e-09 3.701925e-09 1.767358e-10 5.926509e-09 _23403_
 1.988988e-09 3.761023e-09 1.758354e-10 5.925847e-09 _22558_
 1.861265e-09 3.885360e-09 1.757362e-10 5.922362e-09 _23584_
 2.087894e-09 3.635352e-09 1.758167e-10 5.899063e-09 _22345_
 2.098599e-09 3.616959e-09 1.767082e-10 5.892266e-09 _22183_
 2.109766e-09 3.574600e-09 1.758238e-10 5.860190e-09 _22754_
 1.992586e-09 3.688520e-09 1.758336e-10 5.856940e-09 _21151_
 1.897414e-09 3.779341e-09 1.758507e-10 5.852606e-09 _23199_
 1.911652e-09 3.730059e-09 1.769232e-10 5.818634e-09 _22990_
 5.196033e-09 3.532506e-10 2.288822e-10 5.778166e-09 output38
 2.082114e-09 3.409837e-09 1.759322e-10 5.667884e-09 _23008_
 1.964702e-09 3.514247e-09 1.758423e-10 5.654791e-09 _22194_
 2.046948e-09 3.400405e-09 1.767079e-10 5.624061e-09 _21951_
 1.931469e-09 3.505823e-09 1.757578e-10 5.613049e-09 _22800_
 1.509785e-09 3.892302e-09 1.770988e-10 5.579186e-09 _18478_
 1.239608e-09 4.146976e-09 1.754375e-10 5.562022e-09 _23069_
 1.938400e-09 3.431043e-09 1.768202e-10 5.546264e-09 _22736_
 1.920806e-09 3.447003e-09 1.756716e-10 5.543481e-09 _23666_
 1.875850e-09 3.481670e-09 1.756570e-10 5.533177e-09 _23025_
 2.102344e-09 3.252135e-09 1.757866e-10 5.530265e-09 _23175_
 2.110190e-09 3.236761e-09 1.759171e-10 5.522868e-09 _22490_
 1.990167e-09 3.312307e-09 1.759975e-10 5.478471e-09 _23238_
 2.130878e-09 3.164979e-09 1.758398e-10 5.471696e-09 _21228_
 3.397329e-10 4.928151e-09 1.859258e-10 5.453810e-09 _12216_
 2.079252e-09 3.178459e-09 1.758231e-10 5.433534e-09 _23551_
 3.944246e-10 4.845411e-09 1.765889e-10 5.416424e-09 _11984_
 9.080750e-10 4.322148e-09 1.762651e-10 5.406488e-09 _14394_
 1.893010e-09 3.312604e-09 1.757362e-10 5.381350e-09 _22846_
 2.080477e-09 3.117542e-09 1.759470e-10 5.373966e-09 _21698_
 1.958230e-09 3.229839e-09 1.768787e-10 5.364948e-09 _22900_
 1.881461e-09 3.299025e-09 1.767705e-10 5.357256e-09 _23148_
 1.740468e-09 3.439582e-09 1.756613e-10 5.355711e-09 _23569_
 1.294532e-09 3.881258e-09 1.754302e-10 5.351221e-09 _21266_
 1.812203e-09 3.349099e-09 1.756732e-10 5.336975e-09 _21337_
 4.155279e-10 4.728638e-09 1.765889e-10 5.320755e-09 _11985_
 2.175548e-09 2.930749e-09 1.759877e-10 5.282285e-09 _21964_
 5.290144e-10 4.550841e-09 1.762872e-10 5.256142e-09 _12280_
 4.477802e-10 4.628646e-09 1.763600e-10 5.252786e-09 _12287_
 2.134391e-09 2.938277e-09 1.767073e-10 5.249376e-09 _22743_
 1.991642e-09 3.080177e-09 1.767120e-10 5.248531e-09 _23424_
 2.040919e-09 3.028090e-09 1.757893e-10 5.244797e-09 _22158_
 2.085574e-09 2.970352e-09 1.767524e-10 5.232678e-09 _23017_
 1.436773e-09 3.600390e-09 1.770477e-10 5.214210e-09 _21849_
 4.077206e-09 8.917705e-10 2.291928e-10 5.198169e-09 output61
 3.654537e-10 4.645522e-09 1.765031e-10 5.187479e-09 _11974_
 3.797583e-10 4.586642e-09 1.958869e-10 5.162287e-09 _12194_
 2.077692e-09 2.878893e-09 1.757989e-10 5.132384e-09 _23265_
 2.058564e-09 2.896111e-09 1.766577e-10 5.131333e-09 _23592_
 1.980681e-09 2.971940e-09 1.759865e-10 5.128608e-09 _23001_
 3.874329e-10 4.560855e-09 1.765474e-10 5.124835e-09 _12017_
 1.972212e-09 2.962424e-09 1.758341e-10 5.110470e-09 _23182_
 1.938962e-09 2.993630e-09 1.757097e-10 5.108303e-09 _23067_
 2.029717e-09 2.887464e-09 1.757378e-10 5.092919e-09 _21637_
 3.829842e-10 4.519292e-09 1.767133e-10 5.078990e-09 _12053_
 1.992118e-09 2.900386e-09 1.768319e-10 5.069336e-09 _23600_
 1.852484e-09 3.032656e-09 1.769010e-10 5.062041e-09 _23362_
 2.851012e-10 4.537411e-09 1.954873e-10 5.018000e-09 _12027_
 1.422592e-09 3.417752e-09 1.755628e-10 5.015907e-09 _21803_
 1.472862e-09 3.361681e-09 1.756112e-10 5.010154e-09 _21255_
 1.988177e-09 2.840965e-09 1.768364e-10 5.005978e-09 _21456_
 3.861785e-10 4.428057e-09 1.767309e-10 4.990966e-09 _12151_
 1.934163e-09 2.839343e-09 1.757631e-10 4.949270e-09 _22716_
 2.016073e-09 2.751551e-09 1.758799e-10 4.943503e-09 _21562_
 1.911457e-09 2.849039e-09 1.759103e-10 4.936407e-09 _22912_
 4.731088e-10 4.261968e-09 1.752960e-10 4.910373e-09 _14797_
 1.901167e-09 2.820377e-09 1.769094e-10 4.898453e-09 _23676_
 1.845841e-09 2.872010e-09 1.757574e-10 4.893608e-09 _23762_
 1.035294e-09 3.635308e-09 1.762395e-10 4.846841e-09 _18527_
 3.679251e-10 4.245268e-09 1.765535e-10 4.789746e-09 _12117_
 1.846647e-09 2.699999e-09 1.759386e-10 4.722584e-09 _23049_
 1.190299e-09 3.349153e-09 1.770718e-10 4.716523e-09 _19912_
 5.040784e-10 3.888662e-09 1.762521e-10 4.568992e-09 _12293_
 3.679414e-10 3.967655e-09 1.770408e-10 4.512637e-09 _11934_
 1.209448e-09 2.992495e-09 1.754601e-10 4.377403e-09 _22244_
 7.988559e-10 3.340840e-09 1.762824e-10 4.315978e-09 _13071_
 1.669624e-09 2.367040e-09 1.770382e-10 4.213702e-09 _22059_
 3.016116e-09 9.256409e-10 2.289808e-10 4.170738e-09 output37
 1.610111e-09 2.319257e-09 1.770286e-10 4.106397e-09 _23464_
 2.724216e-10 3.654551e-09 1.762146e-10 4.103187e-09 _12277_
 3.984644e-10 3.525187e-09 1.770312e-10 4.100683e-09 _11938_
 7.404286e-10 3.132329e-09 2.234761e-10 4.096234e-09 fanout103
 2.881638e-10 3.611803e-09 1.755094e-10 4.075476e-09 _12150_
 3.213965e-10 3.418855e-09 1.766809e-10 3.916932e-09 _12095_
 1.090863e-09 2.527069e-09 1.770876e-10 3.795019e-09 _20405_
 2.550638e-10 3.337057e-09 1.756639e-10 3.767785e-09 _12217_
 2.782738e-10 3.265195e-09 1.767950e-10 3.720264e-09 _12086_
 3.051144e-09 4.085811e-10 2.296042e-10 3.689329e-09 output62
 3.184276e-10 3.080134e-09 1.759761e-10 3.574538e-09 _12242_
 3.957915e-10 2.953351e-09 1.765474e-10 3.525690e-09 _12016_
 2.417735e-10 3.087250e-09 1.758077e-10 3.504831e-09 _12182_
 3.037025e-09 2.302756e-10 2.293379e-10 3.496639e-09 output36
 2.600828e-10 3.042122e-09 1.764924e-10 3.478697e-09 _11917_
 4.266911e-10 2.819202e-09 2.234093e-10 3.469302e-09 fanout89
 8.818387e-10 2.326752e-09 1.753047e-10 3.383896e-09 _21014_
 6.469063e-10 2.483560e-09 2.288267e-10 3.359293e-09 fanout817
 2.058727e-10 2.913336e-09 1.754690e-10 3.294677e-09 _12239_
 3.617099e-10 2.627522e-09 1.770408e-10 3.166272e-09 _11935_
 6.406107e-10 2.286150e-09 2.288267e-10 3.155587e-09 fanout819
 4.038593e-10 2.528924e-09 1.765889e-10 3.109373e-09 _11982_
 2.922085e-10 2.624123e-09 1.762931e-10 3.092625e-09 _12041_
 2.700482e-10 2.590446e-09 1.756639e-10 3.036158e-09 _12219_
 2.674266e-10 2.547140e-09 1.774539e-10 2.992020e-09 _12295_
 2.486401e-10 2.538212e-09 1.758077e-10 2.962659e-09 _12180_
 2.487678e-09 2.235650e-10 2.291905e-10 2.940433e-09 output39
 3.277511e-10 2.424734e-09 1.766809e-10 2.929166e-09 _12094_
 4.594981e-10 2.250958e-09 1.769995e-10 2.887455e-09 _14454_
 2.796462e-10 2.428462e-09 1.756740e-10 2.883782e-09 _12220_
 2.568818e-10 2.418312e-09 1.765497e-10 2.851743e-09 _12074_
 6.137686e-10 2.044415e-09 1.752531e-10 2.833437e-09 _20037_
 3.759964e-10 2.254704e-09 1.770408e-10 2.807741e-09 _11936_
 1.292181e-10 2.389265e-09 1.879210e-10 2.706404e-09 _12276_
 1.820611e-10 2.314140e-09 1.761811e-10 2.672382e-09 _11927_
 3.669168e-10 2.082998e-09 2.016191e-10 2.651534e-09 fanout818
 1.783110e-10 2.271172e-09 1.853274e-10 2.634811e-09 _12207_
 1.519403e-10 2.163538e-09 1.852279e-10 2.500706e-09 _12037_
 5.511153e-10 1.731778e-09 1.765049e-10 2.459398e-09 _12804_
 4.660055e-10 1.786955e-09 1.761795e-10 2.429140e-09 _13212_
 1.527600e-10 2.058927e-09 1.755989e-10 2.387286e-09 _12116_
 1.585424e-10 1.992678e-09 1.756345e-10 2.326855e-09 _11973_
 1.666083e-09 2.309837e-10 2.280628e-10 2.125130e-09 output63
 2.508872e-10 1.694193e-09 1.756639e-10 2.120744e-09 _12218_
 1.634922e-10 1.780132e-09 1.754727e-10 2.119097e-09 _12196_
 1.242233e-10 1.754707e-09 1.985763e-10 2.077506e-09 _12282_
 1.246755e-10 1.770968e-09 1.752670e-10 2.070911e-09 _12171_
 9.377357e-11 1.750703e-09 1.882309e-10 2.032708e-09 _12274_
 2.856125e-10 1.518504e-09 1.772948e-10 1.981411e-09 _13794_
 3.938798e-10 1.407997e-09 1.774420e-10 1.979319e-09 _15077_
 1.617148e-10 1.619606e-09 1.766531e-10 1.957974e-09 _12052_
 2.549389e-10 1.413215e-09 1.774418e-10 1.845595e-09 _12294_
 1.359274e-10 1.490069e-09 1.752134e-10 1.801210e-09 _12085_
 1.717512e-10 1.388919e-09 1.754727e-10 1.736143e-09 _12195_
 3.780651e-10 1.110246e-09 1.763796e-10 1.664691e-09 _15072_
 1.586665e-10 1.327156e-09 1.762133e-10 1.662036e-09 _12264_
 1.214698e-09 2.116135e-10 2.290647e-10 1.655377e-09 output40
 3.674228e-10 1.105129e-09 1.765889e-10 1.649140e-09 _11983_
 1.208834e-10 1.330445e-09 1.752670e-10 1.626596e-09 _12170_
 1.065843e-10 1.310401e-09 1.852147e-10 1.602200e-09 _12248_
 1.595995e-10 1.245920e-09 1.754394e-10 1.580958e-09 _15372_
 3.082849e-10 1.057559e-09 1.920153e-10 1.557860e-09 _24774_
 1.130782e-10 1.263163e-09 1.753150e-10 1.551556e-09 _12040_
 1.988242e-10 1.161595e-09 1.772213e-10 1.537641e-09 _13393_
 2.517714e-10 1.108782e-09 1.751354e-10 1.535688e-09 _15068_
 9.208830e-11 1.247498e-09 1.850851e-10 1.524671e-09 _12147_
 3.080799e-10 9.980248e-10 1.920153e-10 1.498120e-09 _24776_
 1.258295e-10 1.139177e-09 1.752670e-10 1.440274e-09 _12172_
 1.072713e-09 1.219153e-10 2.273851e-10 1.422014e-09 output64
 1.242062e-10 1.117554e-09 1.752931e-10 1.417054e-09 _12161_
 3.604805e-10 8.317644e-10 1.773126e-10 1.369558e-09 _14525_
 8.042859e-11 1.099240e-09 1.753271e-10 1.354995e-09 _12073_
 1.323772e-10 1.037925e-09 1.753647e-10 1.345667e-09 _12205_
 3.159331e-10 8.423333e-10 1.772250e-10 1.335491e-09 _14819_
 2.127973e-10 9.263450e-10 1.772800e-10 1.316422e-09 _18845_
 2.074233e-10 9.256108e-10 1.754690e-10 1.308503e-09 _12241_
 6.733105e-11 1.049523e-09 1.849458e-10 1.301800e-09 _12228_
 7.870613e-10 2.712094e-10 2.300745e-10 1.288345e-09 output18
 1.190174e-10 9.789801e-10 1.753150e-10 1.273312e-09 _12038_
 7.789332e-10 2.592725e-10 2.266155e-10 1.264821e-09 output47
 7.794334e-10 2.268875e-10 2.266155e-10 1.232936e-09 output49
 5.434287e-11 9.602152e-10 1.850307e-10 1.199589e-09 _11945_
 3.068662e-10 6.995993e-10 1.920153e-10 1.198481e-09 _24770_
 7.821337e-10 1.831553e-10 2.266155e-10 1.191904e-09 output55
 3.067375e-10 6.686477e-10 1.920153e-10 1.167401e-09 _24775_
 7.763316e-10 1.590483e-10 2.266155e-10 1.161995e-09 output43
 7.791205e-10 1.559342e-10 2.266155e-10 1.161670e-09 output50
 7.695111e-10 1.635831e-10 2.266155e-10 1.159710e-09 output46
 7.718216e-10 1.444435e-10 2.266155e-10 1.142881e-09 output54
 7.712539e-10 1.439714e-10 2.266155e-10 1.141841e-09 output51
 7.833832e-10 1.302244e-10 2.266155e-10 1.140223e-09 output48
 6.805186e-11 8.934954e-10 1.768165e-10 1.138364e-09 _12272_
 6.161113e-11 8.860364e-10 1.851905e-10 1.132838e-09 _11970_
 3.065664e-10 6.274981e-10 1.920153e-10 1.126080e-09 _24772_
 7.680345e-10 1.112038e-10 2.266155e-10 1.105854e-09 output42
 2.415943e-10 6.565750e-10 1.907765e-10 1.088946e-09 _24768_
 2.428759e-10 6.468754e-10 1.907765e-10 1.080528e-09 _24762_
 8.433573e-11 8.133274e-10 1.753084e-10 1.072971e-09 _12251_
 7.731029e-10 7.023598e-11 2.266155e-10 1.069954e-09 output53
 6.114254e-10 2.268810e-10 2.288267e-10 1.067133e-09 output30
 1.261169e-10 7.557708e-10 1.774699e-10 1.059358e-09 _12296_
 6.090627e-10 2.157910e-10 2.288267e-10 1.053680e-09 output22
 7.689243e-10 5.216168e-11 2.266155e-10 1.047701e-09 output45
 6.144452e-10 1.946151e-10 2.288267e-10 1.037887e-09 output25
 6.748981e-11 7.915747e-10 1.768165e-10 1.035881e-09 _12273_
 7.685973e-10 3.756818e-11 2.266155e-10 1.032781e-09 output44
 6.125679e-10 1.894890e-10 2.288267e-10 1.030884e-09 output27
 7.681126e-10 2.610924e-11 2.266155e-10 1.020837e-09 output56
 1.848177e-10 6.503736e-10 1.751509e-10 1.010342e-09 _19771_
 5.430779e-11 7.673832e-10 1.848509e-10 1.006542e-09 _12005_
 3.065946e-10 4.996925e-10 1.920153e-10 9.983026e-10 _24773_
 1.802347e-10 6.127295e-10 1.994196e-10 9.923838e-10 fanout94
 6.110700e-10 1.505201e-10 2.288267e-10 9.904169e-10 output21
 2.411252e-10 5.474689e-10 1.907765e-10 9.793706e-10 _24765_
 1.142993e-10 6.807289e-10 1.774281e-10 9.724562e-10 _13201_
 6.092447e-10 1.332480e-10 2.288267e-10 9.713195e-10 output20
 1.121756e-10 6.775597e-10 1.753150e-10 9.650503e-10 _12039_
 6.087308e-10 1.264368e-10 2.288267e-10 9.639942e-10 output23
 6.086366e-10 1.250494e-10 2.288267e-10 9.625127e-10 output19
 2.410521e-10 5.304627e-10 1.907765e-10 9.622912e-10 _24766_
 6.108074e-10 1.112574e-10 2.288267e-10 9.508915e-10 output29
 6.096244e-10 1.092476e-10 2.288267e-10 9.476987e-10 output26
 6.103355e-10 1.022397e-10 2.288267e-10 9.414018e-10 output31
 1.055482e-10 6.569504e-10 1.759798e-10 9.384784e-10 _11993_
 5.668878e-11 7.028354e-10 1.752130e-10 9.347372e-10 _11916_
 5.025022e-11 6.988659e-10 1.848509e-10 9.339669e-10 _12004_
 2.408806e-10 4.905779e-10 1.907765e-10 9.222350e-10 _24769_
 6.117296e-10 7.770695e-11 2.288267e-10 9.182632e-10 output24
 2.399373e-10 4.989026e-10 1.766145e-10 9.154544e-10 _13139_
 2.408484e-10 4.830836e-10 1.907765e-10 9.147085e-10 _24767_
 2.094178e-10 5.181995e-10 1.773544e-10 9.049717e-10 _14310_
 6.031755e-10 6.688827e-11 2.288267e-10 8.988904e-10 output32
 3.047177e-10 3.874490e-10 1.920153e-10 8.841821e-10 _24777_
 1.459640e-10 5.590483e-10 1.759462e-10 8.809585e-10 _14052_
 2.406458e-10 4.359424e-10 1.907765e-10 8.673647e-10 _24764_
 9.886150e-11 5.648658e-10 1.771490e-10 8.408763e-10 _14566_
 5.363394e-11 5.996244e-10 1.752504e-10 8.285087e-10 _11926_
 7.297632e-11 5.415086e-10 1.752435e-10 7.897284e-10 _12148_
 2.397951e-10 3.407718e-10 1.907765e-10 7.713434e-10 _24763_
 3.714534e-11 5.507174e-10 1.774836e-10 7.653463e-10 _12304_
 3.718621e-11 5.299385e-10 1.849500e-10 7.520746e-10 _11913_
 3.030694e-10 2.369919e-10 1.920153e-10 7.320766e-10 _24771_
 6.682315e-11 4.721726e-10 1.752216e-10 7.142174e-10 _11949_
 7.656595e-11 4.356632e-10 1.774386e-10 6.896678e-10 _13130_
 8.079339e-11 4.228945e-10 1.751967e-10 6.788847e-10 _12127_
 3.017532e-11 4.299366e-10 1.848778e-10 6.449898e-10 _12070_
 1.509119e-10 3.137363e-10 1.758438e-10 6.404920e-10 _15392_
 4.849473e-11 3.721587e-10 1.752962e-10 5.959497e-10 _11971_
 5.824298e-11 3.595756e-10 1.751874e-10 5.930060e-10 _12139_
 4.128070e-11 3.720378e-10 1.752164e-10 5.885348e-10 _11947_
 2.392643e-11 3.730493e-10 1.849760e-10 5.819517e-10 _12260_
 4.774063e-11 3.536564e-10 1.773594e-10 5.787564e-10 _13319_
 6.108953e-11 3.421481e-10 1.751942e-10 5.784319e-10 _12060_
 6.715001e-11 3.351868e-10 1.752435e-10 5.775804e-10 _12149_
 1.093709e-10 2.840419e-10 1.753392e-10 5.687519e-10 _12029_
 4.816940e-11 3.440007e-10 1.752497e-10 5.674198e-10 _11924_
 4.136909e-11 3.307918e-10 1.752301e-10 5.473910e-10 _11961_
 7.078690e-11 2.668962e-10 1.774411e-10 5.151242e-10 _14234_
 5.742656e-11 2.787144e-10 1.751942e-10 5.113352e-10 _12061_
 7.756044e-11 2.519386e-10 1.774281e-10 5.069272e-10 _12793_
 4.949305e-11 2.799524e-10 1.751867e-10 5.046322e-10 _12138_
 5.045090e-11 2.784808e-10 1.751739e-10 5.041056e-10 _12229_
 4.510372e-11 2.563880e-10 1.752962e-10 4.767879e-10 _11972_
 6.644571e-11 2.235349e-10 1.774422e-10 4.674229e-10 _14158_
 4.499085e-11 2.434832e-10 1.752497e-10 4.637238e-10 _11925_
 5.418093e-11 2.268600e-10 1.774345e-10 4.584755e-10 _12723_
 3.872889e-11 2.418533e-10 1.752164e-10 4.557986e-10 _11948_
 2.513694e-11 2.449367e-10 1.774831e-10 4.475568e-10 _12297_
 7.566268e-11 1.890603e-10 1.755156e-10 4.402386e-10 _12051_
 1.776459e-11 2.470403e-10 1.751890e-10 4.399939e-10 _12263_
 2.916496e-11 2.180680e-10 1.751760e-10 4.224089e-10 _11914_
 3.700443e-11 1.899246e-10 1.751265e-10 4.020555e-10 _12006_
 2.379288e-11 1.930354e-10 1.751399e-10 3.919682e-10 _12071_
 1.833153e-11 1.935250e-10 1.751890e-10 3.870455e-10 _12261_
 5.448057e-11 1.204081e-10 1.751135e-10 3.500022e-10 _19148_
 7.506462e-12 1.528761e-10 1.895601e-10 3.499426e-10 _13969_
 2.702065e-11 1.446973e-10 1.751760e-10 3.468939e-10 _11915_
 3.715504e-11 1.292527e-10 1.774587e-10 3.438665e-10 _14885_
 1.117003e-11 1.525553e-10 1.753029e-10 3.390282e-10 _15174_
 1.068424e-11 1.329176e-10 1.948089e-10 3.384108e-10 _12103_
 2.253294e-11 1.393231e-10 1.751399e-10 3.369959e-10 _12072_
 2.335596e-11 1.213012e-10 1.774819e-10 3.221391e-10 _14712_
 2.975556e-11 1.005307e-10 1.774589e-10 3.077452e-10 _12652_
 3.419671e-11 9.093037e-11 1.774473e-10 3.025744e-10 _13648_
 2.337234e-11 7.971679e-11 1.993910e-10 3.024801e-10 fanout121
 2.032352e-11 1.035261e-10 1.774776e-10 3.013273e-10 _13497_
 3.638175e-11 8.447508e-11 1.774612e-10 2.983180e-10 _13059_
 1.333292e-11 1.054886e-10 1.774861e-10 2.963076e-10 _12305_
 2.613067e-11 8.089433e-11 1.751495e-10 2.821745e-10 _12084_
 2.084627e-11 7.654431e-11 1.774600e-10 2.748506e-10 _12831_
 7.998042e-12 4.066967e-11 2.232846e-10 2.719523e-10 fanout111
 1.333115e-11 5.717674e-11 1.994003e-10 2.699082e-10 fanout852
 7.823878e-12 3.758274e-11 2.231388e-10 2.685454e-10 fanout826
 6.044101e-12 7.767515e-11 1.848240e-10 2.685432e-10 _12124_
 8.001498e-12 3.608715e-11 2.232846e-10 2.673733e-10 fanout105
 1.343277e-11 5.353232e-11 1.994003e-10 2.663653e-10 fanout899
 7.990679e-12 3.313575e-11 2.232846e-10 2.644110e-10 fanout825
 1.658138e-11 7.231672e-11 1.751890e-10 2.640871e-10 _12262_
 8.055995e-12 3.183384e-11 2.232846e-10 2.631744e-10 fanout829
 7.920636e-12 3.027899e-11 2.232846e-10 2.614842e-10 fanout823
 7.893412e-12 2.979745e-11 2.232846e-10 2.609755e-10 fanout821
 1.328430e-11 4.662594e-11 1.994003e-10 2.593105e-10 fanout831
 1.333323e-11 4.646885e-11 1.994003e-10 2.592023e-10 fanout869
 7.833135e-12 2.788961e-11 2.232846e-10 2.590073e-10 fanout82
 7.829134e-12 2.708073e-11 2.232846e-10 2.581945e-10 fanout139
 1.331662e-11 4.368777e-11 1.994003e-10 2.564046e-10 fanout881
 1.329708e-11 4.120013e-11 1.994003e-10 2.538975e-10 fanout877
 1.329601e-11 4.106473e-11 1.994003e-10 2.537610e-10 fanout879
 4.607517e-12 5.361511e-11 1.948076e-10 2.530302e-10 _11991_
 1.330031e-11 3.834920e-11 1.994003e-10 2.510498e-10 fanout860
 5.835973e-12 6.710766e-11 1.774868e-10 2.504304e-10 _12303_
 1.328218e-11 3.667820e-11 1.994003e-10 2.493606e-10 fanout850
 1.328488e-11 3.522143e-11 1.994003e-10 2.479066e-10 fanout867
 6.904214e-12 5.919786e-11 1.751842e-10 2.412863e-10 _12114_
 1.930411e-11 4.274420e-11 1.751080e-10 2.371563e-10 _12754_
 3.161226e-18 1.287522e-17 2.350879e-10 2.350880e-10 fanout1047
 3.157255e-18 1.281490e-17 2.350879e-10 2.350880e-10 fanout1050
 3.171960e-18 1.472220e-17 2.350879e-10 2.350880e-10 fanout1056
 3.163639e-18 1.364885e-17 2.350879e-10 2.350880e-10 fanout1058
 3.166291e-18 1.425635e-17 2.350879e-10 2.350880e-10 fanout1060
 3.150897e-18 1.125282e-17 2.350879e-10 2.350880e-10 fanout1067
 3.155973e-18 1.458824e-17 2.350879e-10 2.350880e-10 fanout1070
 3.167214e-18 1.612311e-17 2.350879e-10 2.350880e-10 fanout1073
 3.114195e-18 1.679917e-17 2.350877e-10 2.350877e-10 fanout1048
 3.126537e-18 1.709383e-17 2.350877e-10 2.350877e-10 fanout1055
 3.103698e-18 1.597998e-17 2.350877e-10 2.350877e-10 fanout1068
 3.113616e-18 1.461416e-17 2.350877e-10 2.350877e-10 fanout1076
 1.267889e-11 3.544859e-11 1.774804e-10 2.256078e-10 _14012_
 4.476227e-12 1.745944e-11 2.035854e-10 2.255211e-10 fanout99
 6.001236e-12 4.113129e-11 1.774863e-10 2.246188e-10 _12299_
 3.155380e-18 1.264744e-17 2.233073e-10 2.233073e-10 fanout1080
 3.140799e-18 1.058846e-17 2.233073e-10 2.233073e-10 fanout1093
 3.161245e-18 1.624859e-17 2.233073e-10 2.233073e-10 fanout1104
 3.169502e-18 2.050058e-17 2.231618e-10 2.231618e-10 fanout1139
 7.031582e-12 4.089612e-11 1.751842e-10 2.231119e-10 _12115_
 1.020761e-11 3.183689e-11 1.774829e-10 2.195274e-10 _13273_
 3.450849e-12 3.739473e-11 1.774868e-10 2.183323e-10 _12300_
 4.731100e-12 3.726119e-11 1.751125e-10 2.171048e-10 _12104_
 5.564508e-12 3.129817e-11 1.774808e-10 2.143435e-10 _13937_
 9.155432e-13 2.175196e-11 1.895724e-10 2.122399e-10 _12309_
 5.555701e-12 2.268614e-11 1.774831e-10 2.057249e-10 _14957_
 1.789009e-18 9.109582e-18 2.035774e-10 2.035774e-10 fanout1079
 1.775755e-18 5.685631e-18 2.035774e-10 2.035774e-10 fanout1111
 1.781572e-18 6.808642e-18 2.035774e-10 2.035774e-10 fanout1113
 1.775578e-18 6.402407e-18 2.035774e-10 2.035774e-10 fanout1120
 1.775703e-18 7.112369e-18 2.035774e-10 2.035774e-10 fanout1124
 1.775577e-18 5.888221e-18 2.035774e-10 2.035774e-10 fanout1126
 8.383766e-13 1.167683e-11 1.895724e-10 2.020876e-10 _18223_
 4.370854e-12 2.063326e-11 1.751125e-10 2.001166e-10 _12105_
 8.812827e-13 9.160456e-12 1.895724e-10 1.996141e-10 _18066_
 1.762045e-18 5.528764e-18 1.993976e-10 1.993977e-10 fanout1031
 1.775101e-18 7.189999e-18 1.993976e-10 1.993977e-10 fanout1033
 1.782732e-18 6.786427e-18 1.993976e-10 1.993977e-10 fanout1035
 1.786959e-18 9.221243e-18 1.993976e-10 1.993977e-10 fanout1040
 1.778781e-18 6.283063e-18 1.993976e-10 1.993977e-10 fanout1042
 1.779858e-18 6.420366e-18 1.993976e-10 1.993977e-10 fanout1043
 5.380822e-12 1.348759e-11 1.774840e-10 1.963524e-10 _13865_
 1.254966e-18 2.889284e-18 1.938689e-10 1.938689e-10 input9
 3.073270e-12 1.301383e-11 1.774868e-10 1.935739e-10 _13351_
 1.256792e-15 4.195112e-15 1.932498e-10 1.932552e-10 input10
 7.973113e-16 1.388175e-15 1.928059e-10 1.928081e-10 input6
 4.218698e-12 1.317419e-11 1.751130e-10 1.925059e-10 _12126_
 7.373878e-15 2.291062e-14 1.918306e-10 1.918609e-10 input8
 2.040324e-12 1.428707e-11 1.751121e-10 1.914395e-10 _12049_
 1.759296e-15 3.989525e-15 1.910045e-10 1.910102e-10 input4
 9.647947e-16 2.753336e-15 1.905562e-10 1.905599e-10 input7
 1.812769e-15 2.342860e-15 1.905320e-10 1.905362e-10 input2
 1.939637e-15 3.527164e-15 1.904238e-10 1.904292e-10 input3
 1.552276e-15 3.536476e-15 1.900853e-10 1.900904e-10 input5
 1.796452e-15 4.465346e-15 1.899431e-10 1.899493e-10 input1
 6.761813e-13 1.066470e-11 1.774872e-10 1.888281e-10 _12301_
 1.982463e-12 1.091135e-11 1.751121e-10 1.880059e-10 _12050_
 6.923319e-13 9.538943e-12 1.774872e-10 1.877185e-10 _12302_
 1.200058e-18 5.033888e-18 1.872685e-10 1.872685e-10 fanout1032
 1.202076e-18 5.347599e-18 1.872685e-10 1.872685e-10 fanout1036
 6.579760e-13 8.826061e-12 1.774872e-10 1.869712e-10 _14198_
 6.528349e-13 6.490532e-12 1.774872e-10 1.846306e-10 _14770_
 6.582254e-13 6.323048e-12 1.774872e-10 1.844685e-10 _12307_
 6.611200e-13 6.266018e-12 1.774872e-10 1.844143e-10 _16170_
 6.526655e-13 5.726808e-12 1.774872e-10 1.838667e-10 _12310_
 6.607384e-13 5.659714e-12 1.774872e-10 1.838077e-10 _14274_
 6.321980e-13 5.032763e-12 1.774872e-10 1.831522e-10 _13523_
 6.575061e-13 4.938136e-12 1.774872e-10 1.830829e-10 _12423_
 6.785403e-13 4.876076e-12 1.774872e-10 1.830418e-10 _12298_
 6.529255e-13 6.707934e-12 1.751062e-10 1.824670e-10 _14764_
 6.486154e-13 3.899163e-12 1.774872e-10 1.820350e-10 _12306_
 6.186177e-13 3.340327e-12 1.774872e-10 1.814461e-10 _14924_
 6.170687e-13 3.247011e-12 1.774872e-10 1.813513e-10 _13978_
 6.363491e-13 3.196612e-12 1.774872e-10 1.813202e-10 _14346_
 6.167898e-13 3.144391e-12 1.774872e-10 1.812484e-10 _13614_
 6.142501e-13 2.994841e-12 1.774872e-10 1.810963e-10 _13575_
 6.117051e-13 2.994395e-12 1.774872e-10 1.810933e-10 _12619_
 6.120346e-13 2.958809e-12 1.774872e-10 1.810580e-10 _12829_
 6.843027e-13 5.220847e-12 1.751062e-10 1.810113e-10 _13594_
 6.129605e-13 2.862599e-12 1.774872e-10 1.809628e-10 _13831_
 6.102149e-13 2.720392e-12 1.774872e-10 1.808178e-10 _14853_
 6.075226e-13 2.575762e-12 1.774872e-10 1.806705e-10 _13688_
 6.086921e-13 2.536318e-12 1.774872e-10 1.806322e-10 _13391_
 6.014032e-13 2.456592e-12 1.774872e-10 1.805452e-10 _14564_
 6.009914e-13 2.426854e-12 1.774872e-10 1.805150e-10 _14050_
 6.258612e-13 2.319897e-12 1.774872e-10 1.804330e-10 _12939_
 6.133595e-13 2.262567e-12 1.774872e-10 1.803631e-10 _14381_
 1.187360e-12 1.689393e-12 1.774814e-10 1.803581e-10 _12502_
 6.012014e-13 1.793718e-12 1.774872e-10 1.798821e-10 _14492_
 5.952145e-13 1.773327e-12 1.774872e-10 1.798557e-10 _13317_
 5.969713e-13 1.531956e-12 1.774872e-10 1.796161e-10 _13721_
 6.592847e-13 3.829922e-12 1.751062e-10 1.795954e-10 _13516_
 6.271401e-13 3.797914e-12 1.751062e-10 1.795312e-10 _14255_
 5.930623e-13 1.375744e-12 1.774872e-10 1.794560e-10 _13903_
 5.896872e-13 1.341878e-12 1.774872e-10 1.794188e-10 _14124_
 6.402844e-13 2.949612e-12 1.751062e-10 1.786960e-10 _14030_
 6.452595e-13 2.817182e-12 1.751062e-10 1.785686e-10 _14975_
 6.502773e-13 2.657325e-12 1.751062e-10 1.784138e-10 _14616_
 6.627657e-13 2.587890e-12 1.751062e-10 1.783568e-10 _13955_
 6.408689e-13 2.555159e-12 1.751062e-10 1.783022e-10 _13444_
 6.548825e-13 2.296483e-12 1.751062e-10 1.780575e-10 _14543_
 6.374087e-13 2.094223e-12 1.751062e-10 1.778378e-10 _14903_
 6.398643e-13 1.942539e-12 1.751062e-10 1.776886e-10 _14176_
 6.393869e-13 1.791449e-12 1.751062e-10 1.775370e-10 _12882_
 6.256488e-13 1.772486e-12 1.751062e-10 1.775043e-10 _12670_
 6.127036e-13 1.760570e-12 1.751062e-10 1.774794e-10 _14402_
 6.346841e-13 1.521604e-12 1.751062e-10 1.772624e-10 _13666_
 5.974261e-13 1.412524e-12 1.751062e-10 1.771161e-10 _13221_
 6.345640e-13 1.263484e-12 1.751062e-10 1.770042e-10 _13883_
 6.133888e-13 1.241341e-12 1.751062e-10 1.769609e-10 _14472_
 6.338346e-13 1.218810e-12 1.751062e-10 1.769588e-10 _14102_
 6.301187e-13 1.148435e-12 1.751062e-10 1.768847e-10 _13739_
 1.525661e-15 1.653619e-14 1.767500e-10 1.767681e-10 _12324_
