     Internal    Switching      Leakage        Total
        Power        Power        Power        Power (Watts)
----------------------------------------------------
 6.172014e-06 1.128296e-05 2.831058e-10 1.745526e-05 clkbuf_2_3__f_core_clk
 6.171716e-06 1.095623e-05 2.831058e-10 1.712823e-05 clkbuf_2_1__f_core_clk
 6.171527e-06 1.075327e-05 2.831058e-10 1.692508e-05 clkbuf_2_0__f_core_clk
 6.170366e-06 9.506271e-06 2.831058e-10 1.567692e-05 clkbuf_2_2__f_core_clk
 2.540116e-06 1.287700e-05 2.776611e-10 1.541739e-05 clkbuf_0_w_clk
 6.324344e-06 7.722645e-06 2.831058e-10 1.404727e-05 clkbuf_0_core_clk
 3.028000e-06 9.384277e-06 1.529581e-10 1.241243e-05 clkbuf_leaf_13_core_clk
 3.106723e-06 8.748159e-06 2.780680e-10 1.185516e-05 clkbuf_0_v_clk
 6.610414e-07 1.051244e-05 8.245973e-11 1.117356e-05 fanout401
 3.023920e-06 7.810364e-06 1.529581e-10 1.083444e-05 clkbuf_leaf_21_core_clk
 5.673823e-07 9.526930e-06 8.604122e-11 1.009440e-05 fanout740
 3.023158e-06 6.494543e-06 1.529581e-10 9.517853e-06 clkbuf_leaf_20_core_clk
 2.472398e-07 9.253255e-06 5.565408e-11 9.500551e-06 _25740_
 3.023039e-06 6.292090e-06 1.529581e-10 9.315281e-06 clkbuf_leaf_19_core_clk
 6.414518e-06 2.557069e-06 2.833496e-10 8.971871e-06 clkbuf_0_clk
 1.235687e-06 7.351335e-06 1.501249e-10 8.587172e-06 clkbuf_2_2_0_v_clk
 6.462678e-06 1.316493e-06 2.833496e-10 7.779456e-06 clkbuf_1_0__f_clk
 3.020270e-06 4.696762e-06 1.529581e-10 7.717185e-06 clkbuf_leaf_26_core_clk
 1.233833e-06 6.349146e-06 1.501249e-10 7.583129e-06 clkbuf_2_3_0_v_clk
 1.232090e-06 6.322056e-06 1.501249e-10 7.554296e-06 clkbuf_2_0_0_v_clk
 1.231360e-06 6.181738e-06 1.501249e-10 7.413248e-06 clkbuf_2_1_0_v_clk
 6.504011e-06 6.866506e-07 2.833496e-10 7.190945e-06 clkbuf_1_1__f_clk
 3.029208e-06 3.909117e-06 1.529581e-10 6.938478e-06 clkbuf_leaf_25_core_clk
 2.685901e-06 4.248618e-06 2.780680e-10 6.934797e-06 clkbuf_5_15__f_v_clk
 3.032577e-06 3.892827e-06 1.529581e-10 6.925557e-06 clkbuf_leaf_24_core_clk
 3.031745e-06 3.686315e-06 1.529581e-10 6.718213e-06 clkbuf_leaf_27_core_clk
 3.033286e-06 3.565247e-06 1.529581e-10 6.598686e-06 clkbuf_leaf_33_core_clk
 3.036498e-06 3.555679e-06 1.529581e-10 6.592330e-06 clkbuf_leaf_22_core_clk
 1.143945e-06 5.386608e-06 1.498960e-10 6.530703e-06 clkbuf_4_12_0_w_clk
 3.033958e-06 3.493817e-06 1.529581e-10 6.527928e-06 clkbuf_leaf_28_core_clk
 3.037405e-06 3.477135e-06 1.529581e-10 6.514692e-06 clkbuf_leaf_23_core_clk
 2.700737e-06 3.799180e-06 2.780680e-10 6.500195e-06 clkbuf_5_24__f_v_clk
 1.334397e-06 5.163705e-06 1.514593e-10 6.498253e-06 fanout811
 2.700737e-06 3.730104e-06 2.780680e-10 6.431118e-06 clkbuf_5_28__f_v_clk
 3.038428e-06 3.387766e-06 1.529581e-10 6.426347e-06 clkbuf_leaf_16_core_clk
 2.689652e-06 3.718963e-06 2.780680e-10 6.408893e-06 clkbuf_5_12__f_v_clk
 3.035481e-06 3.364835e-06 1.529581e-10 6.400469e-06 clkbuf_leaf_31_core_clk
 2.702782e-06 3.664044e-06 2.780680e-10 6.367105e-06 clkbuf_5_26__f_v_clk
 2.703007e-06 3.654540e-06 2.780680e-10 6.357825e-06 clkbuf_5_27__f_v_clk
 2.703488e-06 3.637532e-06 2.780680e-10 6.341298e-06 clkbuf_5_29__f_v_clk
 2.703161e-06 3.627586e-06 2.780680e-10 6.331025e-06 clkbuf_5_7__f_v_clk
 2.694197e-06 3.582055e-06 2.780680e-10 6.276530e-06 clkbuf_5_9__f_v_clk
 3.036848e-06 3.237847e-06 1.529581e-10 6.274848e-06 clkbuf_leaf_29_core_clk
 2.694305e-06 3.579943e-06 2.780680e-10 6.274525e-06 clkbuf_5_8__f_v_clk
 2.706836e-06 3.563921e-06 2.780680e-10 6.271035e-06 clkbuf_5_25__f_v_clk
 2.708756e-06 3.504359e-06 2.780680e-10 6.213392e-06 clkbuf_5_30__f_v_clk
 2.708514e-06 3.486755e-06 2.780680e-10 6.195547e-06 clkbuf_5_6__f_v_clk
 2.708149e-06 3.477694e-06 2.780680e-10 6.186121e-06 clkbuf_5_3__f_v_clk
 2.788963e-06 3.375681e-06 2.780680e-10 6.164922e-06 clkbuf_5_17__f_v_clk
 2.709738e-06 3.451643e-06 2.780680e-10 6.161659e-06 clkbuf_5_5__f_v_clk
 3.041599e-06 3.115590e-06 1.529581e-10 6.157342e-06 clkbuf_leaf_15_core_clk
 3.038257e-06 3.111917e-06 1.529581e-10 6.150326e-06 clkbuf_leaf_34_core_clk
 3.042553e-06 3.032520e-06 1.529581e-10 6.075226e-06 clkbuf_leaf_18_core_clk
 2.714703e-06 3.317295e-06 2.780680e-10 6.032276e-06 clkbuf_5_4__f_v_clk
 2.796551e-06 3.207872e-06 2.780680e-10 6.004701e-06 clkbuf_5_18__f_v_clk
 2.718853e-06 3.243706e-06 2.780680e-10 5.962837e-06 clkbuf_5_31__f_v_clk
 2.799275e-06 3.144180e-06 2.780680e-10 5.943732e-06 clkbuf_5_16__f_v_clk
 2.709302e-06 3.197897e-06 2.780680e-10 5.907478e-06 clkbuf_5_14__f_v_clk
 3.041084e-06 2.862742e-06 1.529581e-10 5.903978e-06 clkbuf_leaf_0_core_clk
 3.044861e-06 2.833719e-06 1.529581e-10 5.878733e-06 clkbuf_leaf_17_core_clk
 2.711148e-06 3.136318e-06 2.780680e-10 5.847744e-06 clkbuf_5_11__f_v_clk
 2.805214e-06 3.011047e-06 2.780680e-10 5.816539e-06 clkbuf_5_19__f_v_clk
 3.973118e-07 5.408280e-06 8.105173e-11 5.805673e-06 fanout314
 3.042770e-06 2.719937e-06 1.529581e-10 5.762859e-06 clkbuf_leaf_30_core_clk
 3.042837e-06 2.718815e-06 1.529581e-10 5.761805e-06 clkbuf_leaf_32_core_clk
 2.725405e-06 3.029740e-06 2.780680e-10 5.755422e-06 clkbuf_5_2__f_v_clk
 2.725979e-06 3.021384e-06 2.780680e-10 5.747640e-06 clkbuf_5_1__f_v_clk
 3.051007e-06 2.669051e-06 1.529581e-10 5.720211e-06 clkbuf_leaf_9_core_clk
 2.810378e-06 2.886421e-06 2.780680e-10 5.697076e-06 clkbuf_5_20__f_v_clk
 2.718123e-06 2.957443e-06 2.780680e-10 5.675844e-06 clkbuf_5_13__f_v_clk
 2.718130e-06 2.953213e-06 2.780680e-10 5.671620e-06 clkbuf_5_10__f_v_clk
 2.816802e-06 2.747301e-06 2.780680e-10 5.564381e-06 clkbuf_5_23__f_v_clk
 2.816598e-06 2.744956e-06 2.780680e-10 5.561832e-06 clkbuf_5_21__f_v_clk
 3.053034e-06 2.497594e-06 1.529581e-10 5.550780e-06 clkbuf_leaf_12_core_clk
 3.024974e-06 2.512027e-06 1.529581e-10 5.537154e-06 clkbuf_leaf_5_core_clk
 2.737007e-06 2.735703e-06 2.780680e-10 5.472988e-06 clkbuf_5_0__f_v_clk
 3.026283e-06 2.387151e-06 1.529581e-10 5.413587e-06 clkbuf_leaf_4_core_clk
 3.026344e-06 2.384626e-06 1.529581e-10 5.411122e-06 clkbuf_leaf_3_core_clk
 3.026136e-06 2.380376e-06 1.529581e-10 5.406665e-06 clkbuf_leaf_6_core_clk
 2.316634e-07 5.142930e-06 5.602452e-11 5.374649e-06 _26346_
 3.026736e-06 2.301836e-06 1.529581e-10 5.328725e-06 clkbuf_leaf_8_core_clk
 7.812387e-07 4.509668e-06 8.245973e-11 5.290989e-06 fanout396
 2.831955e-06 2.402455e-06 2.780680e-10 5.234688e-06 clkbuf_5_22__f_v_clk
 3.058258e-06 2.063010e-06 1.529581e-10 5.121421e-06 clkbuf_leaf_10_core_clk
 3.029020e-06 2.091175e-06 1.529581e-10 5.120347e-06 clkbuf_leaf_7_core_clk
 1.145796e-06 3.952337e-06 1.498960e-10 5.098282e-06 clkbuf_4_13_0_w_clk
 1.174676e-06 3.901162e-06 1.498960e-10 5.075987e-06 clkbuf_4_4_0_w_clk
 1.152706e-06 3.830779e-06 1.498960e-10 4.983635e-06 clkbuf_4_8_0_w_clk
 1.146934e-06 3.748972e-06 1.498960e-10 4.896056e-06 clkbuf_4_11_0_w_clk
 1.178191e-06 3.680623e-06 1.498960e-10 4.858964e-06 clkbuf_4_7_0_w_clk
 1.163969e-06 3.659120e-06 1.498960e-10 4.823239e-06 clkbuf_4_2_0_w_clk
 1.168806e-06 3.629842e-06 1.498960e-10 4.798798e-06 clkbuf_4_0_0_w_clk
 3.032669e-06 1.748382e-06 1.529581e-10 4.781204e-06 clkbuf_leaf_1_core_clk
 1.147668e-06 3.603421e-06 1.498960e-10 4.751239e-06 clkbuf_4_15_0_w_clk
 3.062750e-06 1.687630e-06 1.529581e-10 4.750533e-06 clkbuf_leaf_11_core_clk
 1.179508e-06 3.547291e-06 1.498960e-10 4.726949e-06 clkbuf_4_5_0_w_clk
 1.170402e-06 3.535052e-06 1.498960e-10 4.705605e-06 clkbuf_4_1_0_w_clk
 7.579340e-07 3.928071e-06 8.604122e-11 4.686091e-06 fanout734
 3.033419e-06 1.633517e-06 1.529581e-10 4.667089e-06 clkbuf_leaf_2_core_clk
 1.151706e-06 3.506674e-06 1.498960e-10 4.658530e-06 clkbuf_4_10_0_w_clk
 1.155304e-06 3.473555e-06 1.498960e-10 4.629009e-06 clkbuf_4_9_0_w_clk
 3.065285e-06 1.469949e-06 1.529581e-10 4.535387e-06 clkbuf_leaf_14_core_clk
 1.167984e-06 3.360362e-06 1.498960e-10 4.528496e-06 clkbuf_4_3_0_w_clk
 1.150306e-06 3.260494e-06 1.498960e-10 4.410950e-06 clkbuf_4_14_0_w_clk
 1.181827e-06 3.215081e-06 1.498960e-10 4.397057e-06 clkbuf_4_6_0_w_clk
 8.624383e-07 3.190294e-06 8.605985e-11 4.052818e-06 fanout809
 7.695213e-07 2.971748e-06 8.604122e-11 3.741355e-06 fanout739
 5.527044e-07 3.026427e-06 8.604122e-11 3.579217e-06 fanout726
 6.794001e-07 2.862399e-06 8.245973e-11 3.541882e-06 fanout407
 5.579971e-07 2.938085e-06 8.245973e-11 3.496165e-06 fanout418
 5.465963e-07 2.946709e-06 8.606137e-11 3.493391e-06 fanout704
 5.709344e-07 2.871135e-06 8.604122e-11 3.442155e-06 fanout754
 6.549738e-07 2.725627e-06 8.606137e-11 3.380687e-06 fanout705
 6.532676e-07 2.644894e-06 8.606137e-11 3.298248e-06 fanout710
 8.058713e-07 2.368113e-06 8.245973e-11 3.174067e-06 fanout400
 5.845628e-07 2.581414e-06 8.245973e-11 3.166059e-06 fanout390
 5.711659e-07 2.580133e-06 8.604122e-11 3.151385e-06 fanout769
 3.145903e-06 0.000000e+00 1.529581e-10 3.146056e-06 clkload1
 5.793864e-07 2.429455e-06 8.604122e-11 3.008928e-06 fanout763
 5.578018e-07 2.372881e-06 8.606137e-11 2.930768e-06 fanout706
 6.035380e-07 2.317720e-06 8.606137e-11 2.921344e-06 fanout697
 5.803165e-07 2.338920e-06 8.604122e-11 2.919322e-06 fanout712
 5.850899e-07 2.320864e-06 8.245973e-11 2.906036e-06 fanout391
 6.070355e-07 2.289690e-06 8.245973e-11 2.896808e-06 fanout395
 5.590827e-07 2.260816e-06 8.245973e-11 2.819981e-06 fanout402
 5.463224e-07 2.217240e-06 8.245973e-11 2.763645e-06 fanout399
 5.697910e-07 2.185848e-06 8.605985e-11 2.755724e-06 fanout808
 5.593697e-07 2.184607e-06 8.245973e-11 2.744059e-06 fanout410
 5.799727e-07 2.160382e-06 8.604122e-11 2.740440e-06 fanout773
 5.628854e-07 2.153621e-06 8.604122e-11 2.716592e-06 fanout738
 5.340057e-07 2.169243e-06 8.245973e-11 2.703332e-06 fanout392
 8.280535e-07 1.860398e-06 8.245973e-11 2.688534e-06 fanout398
 5.698268e-07 2.113430e-06 8.605985e-11 2.683342e-06 fanout807
 5.532435e-07 2.052822e-06 8.245973e-11 2.606148e-06 fanout408
 5.315516e-07 1.926230e-06 8.245973e-11 2.457864e-06 fanout405
 5.740815e-07 1.882563e-06 8.606137e-11 2.456730e-06 fanout700
 5.539586e-07 1.889553e-06 8.606137e-11 2.443598e-06 fanout709
 5.391931e-07 1.864395e-06 8.245973e-11 2.403671e-06 fanout415
 5.609497e-07 1.816078e-06 8.245973e-11 2.377111e-06 fanout406
 1.176577e-06 1.153186e-06 1.501249e-10 2.329913e-06 clkbuf_leaf_181_v_clk
 5.696252e-07 1.757659e-06 8.245973e-11 2.327367e-06 fanout413
 5.470227e-07 1.777140e-06 8.245973e-11 2.324245e-06 fanout411
 1.158834e-06 1.046260e-06 1.498960e-10 2.205244e-06 clkbuf_leaf_85_w_clk
 1.159410e-06 1.032323e-06 1.498960e-10 2.191883e-06 clkbuf_leaf_73_w_clk
 1.159748e-06 1.021157e-06 1.498960e-10 2.181055e-06 clkbuf_leaf_75_w_clk
 5.961973e-07 1.531843e-06 8.746937e-11 2.128128e-06 fanout233
 5.634287e-07 1.543396e-06 8.606137e-11 2.106910e-06 fanout694
 1.102389e-06 9.738526e-07 1.498960e-10 2.076392e-06 clkbuf_leaf_19_w_clk
 1.175966e-06 8.449707e-07 1.501249e-10 2.021087e-06 clkbuf_leaf_209_v_clk
 4.076589e-07 1.603703e-06 8.105173e-11 2.011443e-06 fanout315
 1.098208e-06 9.113793e-07 1.498960e-10 2.009737e-06 clkbuf_leaf_133_w_clk
 1.102150e-06 9.047524e-07 1.498960e-10 2.007052e-06 clkbuf_leaf_41_w_clk
 1.168139e-06 7.861592e-07 1.498960e-10 1.954448e-06 clkbuf_leaf_74_w_clk
 2.196158e-07 1.728323e-06 1.497930e-10 1.948089e-06 fanout351
 1.100731e-06 8.460834e-07 1.498960e-10 1.946964e-06 clkbuf_leaf_7_w_clk
 1.109846e-06 8.334075e-07 1.498960e-10 1.943404e-06 clkbuf_leaf_95_w_clk
 1.193200e-06 7.471666e-07 1.501249e-10 1.940516e-06 clkbuf_leaf_71_v_clk
 1.106085e-06 8.312777e-07 1.498960e-10 1.937512e-06 clkbuf_leaf_20_w_clk
 1.110153e-06 8.211438e-07 1.498960e-10 1.931447e-06 clkbuf_leaf_82_w_clk
 1.104229e-06 8.229538e-07 1.498960e-10 1.927333e-06 clkbuf_leaf_57_w_clk
 1.106515e-06 8.158167e-07 1.498960e-10 1.922481e-06 clkbuf_leaf_16_w_clk
 1.110678e-06 7.991180e-07 1.498960e-10 1.909946e-06 clkbuf_leaf_81_w_clk
 1.180717e-06 7.281860e-07 1.501249e-10 1.909053e-06 clkbuf_leaf_180_v_clk
 1.104990e-06 7.929187e-07 1.498960e-10 1.898059e-06 clkbuf_leaf_58_w_clk
 1.186632e-06 7.091224e-07 1.501249e-10 1.895904e-06 clkbuf_leaf_87_v_clk
 1.105216e-06 7.837526e-07 1.498960e-10 1.889119e-06 clkbuf_leaf_42_w_clk
 1.176886e-06 7.032443e-07 1.501249e-10 1.880280e-06 clkbuf_leaf_11_v_clk
 1.180971e-06 6.954750e-07 1.501249e-10 1.876597e-06 clkbuf_leaf_183_v_clk
 1.102545e-06 7.728927e-07 1.498960e-10 1.875587e-06 clkbuf_leaf_23_w_clk
 1.110892e-06 7.612224e-07 1.498960e-10 1.872265e-06 clkbuf_leaf_114_w_clk
 3.240559e-07 1.547743e-06 8.746937e-11 1.871887e-06 fanout232
 1.186908e-06 6.817464e-07 1.501249e-10 1.868805e-06 clkbuf_leaf_86_v_clk
 1.194057e-06 6.738873e-07 1.501249e-10 1.868094e-06 clkbuf_leaf_74_v_clk
 1.098610e-06 7.684308e-07 1.498960e-10 1.867191e-06 clkbuf_leaf_125_w_clk
 1.092951e-06 7.730644e-07 1.498960e-10 1.866165e-06 clkbuf_leaf_10_w_clk
 1.102802e-06 7.621182e-07 1.498960e-10 1.865070e-06 clkbuf_leaf_9_w_clk
 1.181078e-06 6.820013e-07 1.501249e-10 1.863230e-06 clkbuf_leaf_190_v_clk
 1.108232e-06 7.497612e-07 1.498960e-10 1.858143e-06 clkbuf_leaf_27_w_clk
 1.106084e-06 7.495299e-07 1.498960e-10 1.855764e-06 clkbuf_leaf_43_w_clk
 1.177035e-06 6.778722e-07 1.501249e-10 1.855057e-06 clkbuf_leaf_257_v_clk
 1.183307e-06 6.672419e-07 1.501249e-10 1.850699e-06 clkbuf_leaf_96_v_clk
 1.171878e-06 6.784099e-07 1.498960e-10 1.850438e-06 clkbuf_leaf_86_w_clk
 1.194289e-06 6.553764e-07 1.501249e-10 1.849816e-06 clkbuf_leaf_69_v_clk
 1.179382e-06 6.694617e-07 1.501249e-10 1.848994e-06 clkbuf_leaf_197_v_clk
 1.093388e-06 7.539777e-07 1.498960e-10 1.847515e-06 clkbuf_leaf_11_w_clk
 1.194361e-06 6.504205e-07 1.501249e-10 1.844932e-06 clkbuf_leaf_72_v_clk
 1.102388e-06 7.410066e-07 1.498960e-10 1.843544e-06 clkbuf_leaf_1_w_clk
 1.099299e-06 7.397057e-07 1.498960e-10 1.839154e-06 clkbuf_leaf_124_w_clk
 1.106594e-06 7.299837e-07 1.498960e-10 1.836727e-06 clkbuf_leaf_39_w_clk
 1.093649e-06 7.424659e-07 1.498960e-10 1.836264e-06 clkbuf_leaf_8_w_clk
 1.194483e-06 6.397802e-07 1.501249e-10 1.834414e-06 clkbuf_leaf_73_v_clk
 1.183662e-06 6.491526e-07 1.501249e-10 1.832964e-06 clkbuf_leaf_35_v_clk
 1.099511e-06 7.308244e-07 1.498960e-10 1.830486e-06 clkbuf_leaf_126_w_clk
 1.112040e-06 7.175643e-07 1.498960e-10 1.829754e-06 clkbuf_leaf_112_w_clk
 1.187359e-06 6.410294e-07 1.501249e-10 1.828539e-06 clkbuf_leaf_93_v_clk
 1.106854e-06 7.196190e-07 1.498960e-10 1.826623e-06 clkbuf_leaf_38_w_clk
 1.184558e-06 6.398145e-07 1.501249e-10 1.824522e-06 clkbuf_leaf_199_v_clk
 1.187431e-06 6.348955e-07 1.501249e-10 1.822477e-06 clkbuf_leaf_76_v_clk
 4.505858e-07 1.367232e-06 8.105173e-11 1.817899e-06 fanout306
 1.112374e-06 7.053463e-07 1.498960e-10 1.817870e-06 clkbuf_leaf_127_w_clk
 1.089936e-06 7.272609e-07 1.498960e-10 1.817346e-06 clkbuf_leaf_53_w_clk
 1.177835e-06 6.384582e-07 1.501249e-10 1.816444e-06 clkbuf_leaf_206_v_clk
 1.109401e-06 7.038223e-07 1.498960e-10 1.813373e-06 clkbuf_leaf_22_w_clk
 1.177495e-06 6.355034e-07 1.501249e-10 1.813148e-06 clkbuf_leaf_5_v_clk
 1.184865e-06 6.263010e-07 1.501249e-10 1.811316e-06 clkbuf_leaf_132_v_clk
 1.100005e-06 7.099907e-07 1.498960e-10 1.810146e-06 clkbuf_leaf_123_w_clk
 1.113494e-06 6.961994e-07 1.498960e-10 1.809844e-06 clkbuf_leaf_97_w_clk
 1.113501e-06 6.953804e-07 1.498960e-10 1.809032e-06 clkbuf_leaf_83_w_clk
 1.112638e-06 6.942672e-07 1.498960e-10 1.807055e-06 clkbuf_leaf_128_w_clk
 1.112658e-06 6.937813e-07 1.498960e-10 1.806589e-06 clkbuf_leaf_109_w_clk
 1.090198e-06 7.154015e-07 1.498960e-10 1.805750e-06 clkbuf_leaf_63_w_clk
 1.181681e-06 6.235884e-07 1.501249e-10 1.805420e-06 clkbuf_leaf_191_v_clk
 1.184743e-06 6.196830e-07 1.501249e-10 1.804576e-06 clkbuf_leaf_220_v_clk
 1.194882e-06 6.061545e-07 1.501249e-10 1.801187e-06 clkbuf_leaf_67_v_clk
 1.187681e-06 6.118828e-07 1.501249e-10 1.799714e-06 clkbuf_leaf_77_v_clk
 1.183870e-06 6.127759e-07 1.501249e-10 1.796796e-06 clkbuf_leaf_95_v_clk
 1.184836e-06 6.109191e-07 1.501249e-10 1.795905e-06 clkbuf_leaf_204_v_clk
 1.185225e-06 6.102042e-07 1.501249e-10 1.795579e-06 clkbuf_leaf_110_v_clk
 1.094622e-06 6.997749e-07 1.498960e-10 1.794547e-06 clkbuf_leaf_12_w_clk
 1.100390e-06 6.939367e-07 1.498960e-10 1.794476e-06 clkbuf_leaf_122_w_clk
 1.109916e-06 6.832695e-07 1.498960e-10 1.793335e-06 clkbuf_leaf_21_w_clk
 1.182739e-06 6.102754e-07 1.501249e-10 1.793165e-06 clkbuf_leaf_215_v_clk
 1.113050e-06 6.796254e-07 1.498960e-10 1.792825e-06 clkbuf_leaf_110_w_clk
 1.185050e-06 6.054062e-07 1.501249e-10 1.790606e-06 clkbuf_leaf_140_v_clk
 1.103729e-06 6.863950e-07 1.498960e-10 1.790273e-06 clkbuf_leaf_13_w_clk
 1.175232e-06 6.135240e-07 1.501249e-10 1.788906e-06 clkbuf_leaf_168_v_clk
 1.114019e-06 6.745574e-07 1.498960e-10 1.788727e-06 clkbuf_leaf_84_w_clk
 1.178723e-06 6.079104e-07 1.501249e-10 1.786783e-06 clkbuf_leaf_47_v_clk
 1.182809e-06 6.032043e-07 1.501249e-10 1.786164e-06 clkbuf_leaf_223_v_clk
 1.090682e-06 6.940257e-07 1.498960e-10 1.784857e-06 clkbuf_leaf_54_w_clk
 1.181860e-06 6.013685e-07 1.501249e-10 1.783378e-06 clkbuf_leaf_189_v_clk
 1.243157e-07 1.656258e-06 8.414893e-11 1.780657e-06 fanout799
 1.102800e-06 6.774513e-07 1.498960e-10 1.780401e-06 clkbuf_leaf_64_w_clk
 1.185006e-06 5.947004e-07 1.501249e-10 1.779857e-06 clkbuf_leaf_226_v_clk
 1.184050e-06 5.941714e-07 1.501249e-10 1.778372e-06 clkbuf_leaf_85_v_clk
 1.105045e-06 6.713367e-07 1.498960e-10 1.776532e-06 clkbuf_leaf_5_w_clk
 1.195216e-06 5.769147e-07 1.501249e-10 1.772281e-06 clkbuf_leaf_78_v_clk
 1.195217e-06 5.767577e-07 1.501249e-10 1.772125e-06 clkbuf_leaf_80_v_clk
 1.105153e-06 6.664271e-07 1.498960e-10 1.771730e-06 clkbuf_leaf_2_w_clk
 1.185265e-06 5.847827e-07 1.501249e-10 1.770198e-06 clkbuf_leaf_143_v_clk
 1.182827e-06 5.864678e-07 1.501249e-10 1.769444e-06 clkbuf_leaf_22_v_clk
 1.179514e-06 5.887862e-07 1.501249e-10 1.768450e-06 clkbuf_leaf_212_v_clk
 1.178276e-06 5.894577e-07 1.501249e-10 1.767884e-06 clkbuf_leaf_210_v_clk
 1.178311e-06 5.855825e-07 1.501249e-10 1.764044e-06 clkbuf_leaf_213_v_clk
 1.179554e-06 5.836686e-07 1.501249e-10 1.763373e-06 clkbuf_leaf_185_v_clk
 1.195365e-06 5.662834e-07 1.501249e-10 1.761799e-06 clkbuf_leaf_70_v_clk
 1.185249e-06 5.724149e-07 1.501249e-10 1.757814e-06 clkbuf_leaf_205_v_clk
 1.101335e-06 6.554639e-07 1.498960e-10 1.756949e-06 clkbuf_leaf_131_w_clk
 1.176268e-06 5.795426e-07 1.501249e-10 1.755961e-06 clkbuf_leaf_253_v_clk
 1.187194e-06 5.677422e-07 1.501249e-10 1.755087e-06 clkbuf_leaf_154_v_clk
 1.179638e-06 5.749615e-07 1.501249e-10 1.754749e-06 clkbuf_leaf_184_v_clk
 1.184486e-06 5.696276e-07 1.501249e-10 1.754263e-06 clkbuf_leaf_29_v_clk
 1.180160e-06 5.711170e-07 1.501249e-10 1.751427e-06 clkbuf_leaf_119_v_clk
 1.184356e-06 5.647061e-07 1.501249e-10 1.749212e-06 clkbuf_leaf_98_v_clk
 1.183182e-06 5.658567e-07 1.501249e-10 1.749189e-06 clkbuf_leaf_224_v_clk
 1.101520e-06 6.475152e-07 1.498960e-10 1.749185e-06 clkbuf_leaf_132_w_clk
 1.185700e-06 5.620964e-07 1.501249e-10 1.747947e-06 clkbuf_leaf_112_v_clk
 1.184555e-06 5.623459e-07 1.501249e-10 1.747051e-06 clkbuf_leaf_20_v_clk
 1.178123e-06 5.655847e-07 1.501249e-10 1.743858e-06 clkbuf_leaf_8_v_clk
 1.188268e-06 5.552661e-07 1.501249e-10 1.743684e-06 clkbuf_leaf_88_v_clk
 1.185576e-06 5.567304e-07 1.501249e-10 1.742457e-06 clkbuf_leaf_145_v_clk
 1.185388e-06 5.567857e-07 1.501249e-10 1.742324e-06 clkbuf_leaf_225_v_clk
 1.188302e-06 5.530563e-07 1.501249e-10 1.741509e-06 clkbuf_leaf_90_v_clk
 1.179734e-06 5.561197e-07 1.501249e-10 1.736004e-06 clkbuf_leaf_62_v_clk
 1.175689e-06 5.591644e-07 1.501249e-10 1.735003e-06 clkbuf_leaf_172_v_clk
 1.179209e-06 5.550077e-07 1.501249e-10 1.734366e-06 clkbuf_leaf_27_v_clk
 2.605640e-07 1.473161e-06 8.043693e-11 1.733806e-06 fanout239
 3.233388e-07 1.410349e-06 5.599679e-11 1.733743e-06 fanout752
 1.187149e-06 5.456430e-07 1.501249e-10 1.732942e-06 clkbuf_leaf_25_v_clk
 1.195713e-06 5.367204e-07 1.501249e-10 1.732584e-06 clkbuf_leaf_68_v_clk
 3.287110e-07 1.403185e-06 8.746937e-11 1.731983e-06 fanout231
 1.178236e-06 5.525985e-07 1.501249e-10 1.730985e-06 clkbuf_leaf_13_v_clk
 1.184554e-06 5.462332e-07 1.501249e-10 1.730937e-06 clkbuf_leaf_84_v_clk
 1.180508e-06 5.498470e-07 1.501249e-10 1.730505e-06 clkbuf_leaf_201_v_clk
 1.180514e-06 5.490910e-07 1.501249e-10 1.729755e-06 clkbuf_leaf_187_v_clk
 1.185569e-06 5.409791e-07 1.501249e-10 1.726698e-06 clkbuf_leaf_219_v_clk
 1.179828e-06 5.460719e-07 1.501249e-10 1.726050e-06 clkbuf_leaf_79_v_clk
 1.183723e-06 5.413909e-07 1.501249e-10 1.725264e-06 clkbuf_leaf_126_v_clk
 4.513562e-07 1.273399e-06 8.105173e-11 1.724836e-06 fanout307
 1.178309e-06 5.444483e-07 1.501249e-10 1.722908e-06 clkbuf_leaf_10_v_clk
 1.184771e-06 5.375658e-07 1.501249e-10 1.722487e-06 clkbuf_leaf_36_v_clk
 1.185966e-06 5.356919e-07 1.501249e-10 1.721808e-06 clkbuf_leaf_111_v_clk
 1.105481e-06 6.143966e-07 1.498960e-10 1.720028e-06 clkbuf_leaf_134_w_clk
 1.109613e-06 6.102492e-07 1.498960e-10 1.720012e-06 clkbuf_leaf_40_w_clk
 1.183075e-06 5.356841e-07 1.501249e-10 1.718909e-06 clkbuf_leaf_214_v_clk
 1.179921e-06 5.374746e-07 1.501249e-10 1.717546e-06 clkbuf_leaf_65_v_clk
 1.186115e-06 5.292709e-07 1.501249e-10 1.715536e-06 clkbuf_leaf_157_v_clk
 1.183383e-06 5.317700e-07 1.501249e-10 1.715303e-06 clkbuf_leaf_2_v_clk
 1.178385e-06 5.358579e-07 1.501249e-10 1.714393e-06 clkbuf_leaf_12_v_clk
 1.116124e-06 5.962157e-07 1.498960e-10 1.712489e-06 clkbuf_leaf_80_w_clk
 1.183168e-06 5.256659e-07 1.501249e-10 1.708984e-06 clkbuf_leaf_235_v_clk
 1.182646e-06 5.261533e-07 1.501249e-10 1.708949e-06 clkbuf_leaf_179_v_clk
 1.184911e-06 5.231551e-07 1.501249e-10 1.708216e-06 clkbuf_leaf_15_v_clk
 1.184949e-06 5.230964e-07 1.501249e-10 1.708196e-06 clkbuf_leaf_17_v_clk
 1.100410e-06 6.070554e-07 1.498960e-10 1.707616e-06 clkbuf_leaf_46_w_clk
 1.115366e-06 5.914956e-07 1.498960e-10 1.707011e-06 clkbuf_leaf_111_w_clk
 1.091660e-06 6.149947e-07 1.498960e-10 1.706805e-06 clkbuf_leaf_116_w_clk
 1.186183e-06 5.153328e-07 1.501249e-10 1.701666e-06 clkbuf_leaf_113_v_clk
 1.185988e-06 5.144870e-07 1.501249e-10 1.700625e-06 clkbuf_leaf_142_v_clk
 1.187779e-06 5.125264e-07 1.501249e-10 1.700456e-06 clkbuf_leaf_131_v_clk
 1.092590e-06 6.062599e-07 1.498960e-10 1.699000e-06 clkbuf_leaf_52_w_clk
 1.187801e-06 5.105006e-07 1.501249e-10 1.698452e-06 clkbuf_leaf_153_v_clk
 1.184036e-06 5.122087e-07 1.501249e-10 1.696395e-06 clkbuf_leaf_156_v_clk
 1.178935e-06 5.166857e-07 1.501249e-10 1.695771e-06 clkbuf_leaf_203_v_clk
 1.115671e-06 5.793887e-07 1.498960e-10 1.695210e-06 clkbuf_leaf_113_w_clk
 1.186068e-06 5.085750e-07 1.501249e-10 1.694793e-06 clkbuf_leaf_139_v_clk
 1.183322e-06 5.108661e-07 1.501249e-10 1.694338e-06 clkbuf_leaf_229_v_clk
 1.185106e-06 5.077607e-07 1.501249e-10 1.693017e-06 clkbuf_leaf_19_v_clk
 1.185102e-06 5.072400e-07 1.501249e-10 1.692492e-06 clkbuf_leaf_33_v_clk
 1.184922e-06 5.068331e-07 1.501249e-10 1.691906e-06 clkbuf_leaf_105_v_clk
 1.185935e-06 5.051791e-07 1.501249e-10 1.691264e-06 clkbuf_leaf_227_v_clk
 1.185124e-06 5.057946e-07 1.501249e-10 1.691069e-06 clkbuf_leaf_30_v_clk
 1.107592e-06 5.831054e-07 1.498960e-10 1.690847e-06 clkbuf_leaf_93_w_clk
 1.103437e-06 5.867939e-07 1.498960e-10 1.690381e-06 clkbuf_leaf_103_w_clk
 1.186341e-06 5.004327e-07 1.501249e-10 1.686924e-06 clkbuf_leaf_107_v_clk
 3.391768e-07 1.347341e-06 8.105173e-11 1.686598e-06 fanout301
 1.185973e-06 4.999296e-07 1.501249e-10 1.686053e-06 clkbuf_leaf_221_v_clk
 1.179025e-06 5.065730e-07 1.501249e-10 1.685748e-06 clkbuf_leaf_186_v_clk
 1.180932e-06 5.044153e-07 1.501249e-10 1.685498e-06 clkbuf_leaf_202_v_clk
 1.186596e-06 4.981479e-07 1.501249e-10 1.684895e-06 clkbuf_leaf_83_v_clk
 1.181344e-06 5.028185e-07 1.501249e-10 1.684313e-06 clkbuf_leaf_245_v_clk
 1.177119e-06 5.068517e-07 1.501249e-10 1.684120e-06 clkbuf_leaf_171_v_clk
 1.185170e-06 4.984479e-07 1.501249e-10 1.683768e-06 clkbuf_leaf_16_v_clk
 1.183864e-06 4.992058e-07 1.501249e-10 1.683220e-06 clkbuf_leaf_217_v_clk
 1.184171e-06 4.962158e-07 1.501249e-10 1.680537e-06 clkbuf_leaf_125_v_clk
 1.186666e-06 4.896514e-07 1.501249e-10 1.676468e-06 clkbuf_leaf_106_v_clk
 1.113064e-06 5.620358e-07 1.498960e-10 1.675250e-06 clkbuf_leaf_25_w_clk
 1.176968e-06 4.980446e-07 1.501249e-10 1.675163e-06 clkbuf_leaf_255_v_clk
 1.181038e-06 4.938190e-07 1.501249e-10 1.675008e-06 clkbuf_leaf_198_v_clk
 1.116248e-06 5.578389e-07 1.498960e-10 1.674237e-06 clkbuf_leaf_129_w_clk
 1.177941e-06 4.957828e-07 1.501249e-10 1.673873e-06 clkbuf_leaf_45_v_clk
 1.092414e-06 5.800838e-07 1.498960e-10 1.672648e-06 clkbuf_leaf_90_w_clk
 1.183796e-06 4.885331e-07 1.501249e-10 1.672479e-06 clkbuf_leaf_21_v_clk
 1.180909e-06 4.911464e-07 1.501249e-10 1.672206e-06 clkbuf_leaf_122_v_clk
 1.108021e-06 5.636035e-07 1.498960e-10 1.671775e-06 clkbuf_leaf_94_w_clk
 1.103428e-06 5.681141e-07 1.498960e-10 1.671692e-06 clkbuf_leaf_130_w_clk
 1.117148e-06 5.543083e-07 1.498960e-10 1.671606e-06 clkbuf_leaf_76_w_clk
 1.117319e-06 5.520964e-07 1.498960e-10 1.669566e-06 clkbuf_leaf_79_w_clk
 1.188113e-06 4.807964e-07 1.501249e-10 1.669060e-06 clkbuf_leaf_148_v_clk
 1.186580e-06 4.815774e-07 1.501249e-10 1.668308e-06 clkbuf_leaf_109_v_clk
 1.113194e-06 5.544923e-07 1.498960e-10 1.667836e-06 clkbuf_leaf_28_w_clk
 1.181531e-06 4.860036e-07 1.501249e-10 1.667685e-06 clkbuf_leaf_243_v_clk
 1.189118e-06 4.774558e-07 1.501249e-10 1.666724e-06 clkbuf_leaf_91_v_clk
 1.105662e-06 5.608227e-07 1.498960e-10 1.666635e-06 clkbuf_leaf_68_w_clk
 1.186565e-06 4.789727e-07 1.501249e-10 1.665688e-06 clkbuf_leaf_115_v_clk
 1.181557e-06 4.839289e-07 1.501249e-10 1.665636e-06 clkbuf_leaf_239_v_clk
 1.180410e-06 4.848836e-07 1.501249e-10 1.665444e-06 clkbuf_leaf_66_v_clk
 1.186785e-06 4.784513e-07 1.501249e-10 1.665386e-06 clkbuf_leaf_100_v_clk
 1.186386e-06 4.784387e-07 1.501249e-10 1.664975e-06 clkbuf_leaf_138_v_clk
 1.184330e-06 4.803338e-07 1.501249e-10 1.664814e-06 clkbuf_leaf_124_v_clk
 1.186788e-06 4.753975e-07 1.501249e-10 1.662335e-06 clkbuf_leaf_102_v_clk
 1.189171e-06 4.724246e-07 1.501249e-10 1.661746e-06 clkbuf_leaf_92_v_clk
 1.177322e-06 4.833324e-07 1.501249e-10 1.660805e-06 clkbuf_leaf_173_v_clk
 1.093471e-06 5.668015e-07 1.498960e-10 1.660422e-06 clkbuf_leaf_55_w_clk
 1.184393e-06 4.750832e-07 1.501249e-10 1.659626e-06 clkbuf_leaf_130_v_clk
 1.183921e-06 4.751503e-07 1.501249e-10 1.659221e-06 clkbuf_leaf_4_v_clk
 1.178114e-06 4.801634e-07 1.501249e-10 1.658427e-06 clkbuf_leaf_59_v_clk
 1.180473e-06 4.775904e-07 1.501249e-10 1.658214e-06 clkbuf_leaf_64_v_clk
 1.674265e-07 1.488750e-06 1.564822e-10 1.656333e-06 max_cap369
 1.093599e-06 5.617668e-07 1.498960e-10 1.655516e-06 clkbuf_leaf_60_w_clk
 1.181100e-06 4.719082e-07 1.501249e-10 1.653158e-06 clkbuf_leaf_134_v_clk
 1.180511e-06 4.722657e-07 1.501249e-10 1.652927e-06 clkbuf_leaf_60_v_clk
 1.108460e-06 5.426783e-07 1.498960e-10 1.651288e-06 clkbuf_leaf_91_w_clk
 1.185532e-06 4.647952e-07 1.501249e-10 1.650478e-06 clkbuf_leaf_31_v_clk
 1.180541e-06 4.688089e-07 1.501249e-10 1.649500e-06 clkbuf_leaf_63_v_clk
 1.179994e-06 4.690798e-07 1.501249e-10 1.649224e-06 clkbuf_leaf_53_v_clk
 1.101821e-06 5.461835e-07 1.498960e-10 1.648155e-06 clkbuf_leaf_29_w_clk
 1.177433e-06 4.701454e-07 1.501249e-10 1.647729e-06 clkbuf_leaf_164_v_clk
 1.117809e-06 5.292978e-07 1.498960e-10 1.647257e-06 clkbuf_leaf_77_w_clk
 1.093812e-06 5.513015e-07 1.498960e-10 1.645263e-06 clkbuf_leaf_56_w_clk
 1.117986e-06 5.268615e-07 1.498960e-10 1.644997e-06 clkbuf_leaf_78_w_clk
 1.183813e-06 4.601827e-07 1.501249e-10 1.644146e-06 clkbuf_leaf_233_v_clk
 1.181203e-06 4.608088e-07 1.501249e-10 1.642162e-06 clkbuf_leaf_123_v_clk
 1.183342e-06 4.575866e-07 1.501249e-10 1.641078e-06 clkbuf_leaf_178_v_clk
 1.178981e-06 4.603622e-07 1.501249e-10 1.639494e-06 clkbuf_leaf_0_v_clk
 1.102038e-06 5.365762e-07 1.498960e-10 1.638764e-06 clkbuf_leaf_48_w_clk
 1.177287e-06 4.609790e-07 1.501249e-10 1.638416e-06 clkbuf_leaf_254_v_clk
 1.183872e-06 4.543733e-07 1.501249e-10 1.638396e-06 clkbuf_leaf_234_v_clk
 1.177294e-06 4.600737e-07 1.501249e-10 1.637518e-06 clkbuf_leaf_251_v_clk
 1.102092e-06 5.343362e-07 1.498960e-10 1.636578e-06 clkbuf_leaf_17_w_clk
 1.183902e-06 4.517663e-07 1.501249e-10 1.635819e-06 clkbuf_leaf_230_v_clk
 1.178302e-06 4.567846e-07 1.501249e-10 1.635237e-06 clkbuf_leaf_163_v_clk
 1.106423e-06 5.284918e-07 1.498960e-10 1.635065e-06 clkbuf_leaf_70_w_clk
 1.093263e-06 5.413909e-07 1.498960e-10 1.634804e-06 clkbuf_leaf_115_w_clk
 1.184208e-06 4.491445e-07 1.501249e-10 1.633503e-06 clkbuf_leaf_23_v_clk
 1.184217e-06 4.486760e-07 1.501249e-10 1.633043e-06 clkbuf_leaf_24_v_clk
 1.179042e-06 4.537114e-07 1.501249e-10 1.632903e-06 clkbuf_leaf_1_v_clk
 1.106496e-06 5.256011e-07 1.498960e-10 1.632247e-06 clkbuf_leaf_71_w_clk
 1.102207e-06 5.292780e-07 1.498960e-10 1.631635e-06 clkbuf_leaf_18_w_clk
 1.185568e-06 4.429975e-07 1.501249e-10 1.628716e-06 clkbuf_leaf_89_v_clk
 1.184398e-06 4.440411e-07 1.501249e-10 1.628590e-06 clkbuf_leaf_222_v_clk
 1.185751e-06 4.418642e-07 1.501249e-10 1.627765e-06 clkbuf_leaf_14_v_clk
 1.184726e-06 4.419915e-07 1.501249e-10 1.626868e-06 clkbuf_leaf_129_v_clk
 1.109320e-06 5.155380e-07 1.498960e-10 1.625008e-06 clkbuf_leaf_98_w_clk
 1.188293e-06 4.363270e-07 1.501249e-10 1.624770e-06 clkbuf_leaf_81_v_clk
 1.178414e-06 4.461732e-07 1.501249e-10 1.624737e-06 clkbuf_leaf_57_v_clk
 1.181510e-06 4.429687e-07 1.501249e-10 1.624629e-06 clkbuf_leaf_195_v_clk
 1.179116e-06 4.450281e-07 1.501249e-10 1.624294e-06 clkbuf_leaf_256_v_clk
 1.181369e-06 4.422793e-07 1.501249e-10 1.623799e-06 clkbuf_leaf_135_v_clk
 1.106741e-06 5.168479e-07 1.498960e-10 1.623739e-06 clkbuf_leaf_62_w_clk
 1.185823e-06 4.374865e-07 1.501249e-10 1.623460e-06 clkbuf_leaf_32_v_clk
 1.185792e-06 4.372905e-07 1.501249e-10 1.623233e-06 clkbuf_leaf_41_v_clk
 1.184302e-06 4.367870e-07 1.501249e-10 1.621239e-06 clkbuf_leaf_18_v_clk
 1.181578e-06 4.363287e-07 1.501249e-10 1.618057e-06 clkbuf_leaf_200_v_clk
 2.608228e-07 1.357151e-06 8.043693e-11 1.618055e-06 fanout240
 1.177698e-06 4.394260e-07 1.501249e-10 1.617274e-06 clkbuf_leaf_160_v_clk
 1.176692e-06 4.398379e-07 1.501249e-10 1.616680e-06 clkbuf_leaf_170_v_clk
 1.186912e-06 4.295441e-07 1.501249e-10 1.616606e-06 clkbuf_leaf_147_v_clk
 1.184093e-06 4.319820e-07 1.501249e-10 1.616225e-06 clkbuf_leaf_231_v_clk
 1.106943e-06 5.084254e-07 1.498960e-10 1.615518e-06 clkbuf_leaf_69_w_clk
 1.187006e-06 4.281694e-07 1.501249e-10 1.615326e-06 clkbuf_leaf_146_v_clk
 1.184382e-06 4.306938e-07 1.501249e-10 1.615226e-06 clkbuf_leaf_3_v_clk
 1.180950e-06 4.338501e-07 1.501249e-10 1.614950e-06 clkbuf_leaf_194_v_clk
 1.188967e-06 4.255736e-07 1.501249e-10 1.614691e-06 clkbuf_leaf_149_v_clk
 1.180956e-06 4.330514e-07 1.501249e-10 1.614158e-06 clkbuf_leaf_211_v_clk
 1.180324e-06 4.331169e-07 1.501249e-10 1.613592e-06 clkbuf_leaf_28_v_clk
 1.102684e-06 5.096895e-07 1.498960e-10 1.612524e-06 clkbuf_leaf_34_w_clk
 1.179224e-06 4.327078e-07 1.501249e-10 1.612082e-06 clkbuf_leaf_244_v_clk
 1.189180e-06 4.225871e-07 1.501249e-10 1.611918e-06 clkbuf_leaf_151_v_clk
 1.184824e-06 4.259858e-07 1.501249e-10 1.610960e-06 clkbuf_leaf_216_v_clk
 1.176743e-06 4.337445e-07 1.501249e-10 1.610638e-06 clkbuf_leaf_169_v_clk
 1.105438e-06 5.030962e-07 1.498960e-10 1.608684e-06 clkbuf_leaf_106_w_clk
 1.177779e-06 4.305118e-07 1.501249e-10 1.608441e-06 clkbuf_leaf_174_v_clk
 1.185148e-06 4.210486e-07 1.501249e-10 1.606347e-06 clkbuf_leaf_237_v_clk
 1.107152e-06 4.980666e-07 1.498960e-10 1.605368e-06 clkbuf_leaf_65_w_clk
 1.178811e-06 4.262425e-07 1.501249e-10 1.605203e-06 clkbuf_leaf_56_v_clk
 1.186828e-06 4.160592e-07 1.501249e-10 1.603038e-06 clkbuf_leaf_37_v_clk
 1.178502e-06 4.190789e-07 1.501249e-10 1.597731e-06 clkbuf_leaf_166_v_clk
 1.105834e-06 4.873991e-07 1.498960e-10 1.593383e-06 clkbuf_leaf_101_w_clk
 1.182949e-06 4.084062e-07 1.501249e-10 1.591505e-06 clkbuf_leaf_136_v_clk
 1.179840e-06 4.101367e-07 1.501249e-10 1.590127e-06 clkbuf_leaf_42_v_clk
 1.110101e-06 4.777319e-07 1.498960e-10 1.587983e-06 clkbuf_leaf_92_w_clk
 1.188022e-06 3.989780e-07 1.501249e-10 1.587150e-06 clkbuf_leaf_39_v_clk
 1.184036e-06 4.010831e-07 1.501249e-10 1.585269e-06 clkbuf_leaf_238_v_clk
 1.181132e-06 4.031291e-07 1.501249e-10 1.584412e-06 clkbuf_leaf_7_v_clk
 1.103384e-06 4.801057e-07 1.498960e-10 1.583640e-06 clkbuf_leaf_47_w_clk
 1.179269e-06 4.038660e-07 1.501249e-10 1.583285e-06 clkbuf_leaf_252_v_clk
 1.187365e-06 3.935542e-07 1.501249e-10 1.581070e-06 clkbuf_leaf_117_v_clk
 1.184551e-06 3.936105e-07 1.501249e-10 1.578312e-06 clkbuf_leaf_240_v_clk
 1.179899e-06 3.978796e-07 1.501249e-10 1.577929e-06 clkbuf_leaf_177_v_clk
 1.191506e-06 3.855355e-07 1.501249e-10 1.577191e-06 clkbuf_leaf_49_v_clk
 1.190339e-06 3.865813e-07 1.501249e-10 1.577071e-06 clkbuf_leaf_104_v_clk
 1.184166e-06 3.904239e-07 1.501249e-10 1.574740e-06 clkbuf_leaf_120_v_clk
 1.191811e-06 3.813857e-07 1.501249e-10 1.573347e-06 clkbuf_leaf_26_v_clk
 1.190234e-06 3.822641e-07 1.501249e-10 1.572648e-06 clkbuf_leaf_137_v_clk
 1.192202e-06 3.800952e-07 1.501249e-10 1.572447e-06 clkbuf_leaf_158_v_clk
 1.106340e-06 4.659449e-07 1.498960e-10 1.572435e-06 clkbuf_leaf_102_w_clk
 1.190696e-06 3.789581e-07 1.501249e-10 1.569804e-06 clkbuf_leaf_127_v_clk
 1.192456e-06 3.763686e-07 1.501249e-10 1.568975e-06 clkbuf_leaf_152_v_clk
 1.192131e-06 3.766878e-07 1.501249e-10 1.568969e-06 clkbuf_leaf_48_v_clk
 1.187571e-06 3.799468e-07 1.501249e-10 1.567668e-06 clkbuf_leaf_232_v_clk
 1.188507e-06 3.770163e-07 1.501249e-10 1.565673e-06 clkbuf_leaf_118_v_clk
 1.181642e-06 3.835025e-07 1.501249e-10 1.565295e-06 clkbuf_leaf_58_v_clk
 1.185161e-06 3.780256e-07 1.501249e-10 1.563336e-06 clkbuf_leaf_196_v_clk
 1.183810e-06 3.785569e-07 1.501249e-10 1.562517e-06 clkbuf_leaf_52_v_clk
 1.108266e-06 4.539131e-07 1.498960e-10 1.562329e-06 clkbuf_leaf_67_w_clk
 1.191310e-06 3.696604e-07 1.501249e-10 1.561121e-06 clkbuf_leaf_114_v_clk
 1.188151e-06 3.713739e-07 1.501249e-10 1.559675e-06 clkbuf_leaf_236_v_clk
 1.189105e-06 3.684627e-07 1.501249e-10 1.557718e-06 clkbuf_leaf_116_v_clk
 1.104982e-06 4.507104e-07 1.498960e-10 1.555843e-06 clkbuf_leaf_35_w_clk
 1.182358e-06 3.724614e-07 1.501249e-10 1.554970e-06 clkbuf_leaf_182_v_clk
 1.193613e-06 3.601426e-07 1.501249e-10 1.553906e-06 clkbuf_leaf_155_v_clk
 1.192177e-06 3.604533e-07 1.501249e-10 1.552781e-06 clkbuf_leaf_99_v_clk
 1.193526e-06 3.569383e-07 1.501249e-10 1.550615e-06 clkbuf_leaf_50_v_clk
 1.184729e-06 3.648906e-07 1.501249e-10 1.549770e-06 clkbuf_leaf_54_v_clk
 1.186077e-06 3.622089e-07 1.501249e-10 1.548436e-06 clkbuf_leaf_121_v_clk
 1.193965e-06 3.507496e-07 1.501249e-10 1.544865e-06 clkbuf_leaf_51_v_clk
 3.008023e-07 1.243849e-06 5.599679e-11 1.544707e-06 fanout762
 1.182446e-06 3.591411e-07 1.501249e-10 1.541737e-06 clkbuf_leaf_175_v_clk
 1.095324e-06 4.459797e-07 1.498960e-10 1.541454e-06 clkbuf_leaf_118_w_clk
 1.111504e-06 4.258290e-07 1.498960e-10 1.537483e-06 clkbuf_leaf_96_w_clk
 3.474968e-07 1.189675e-06 8.105173e-11 1.537253e-06 fanout308
 1.186710e-06 3.452818e-07 1.501249e-10 1.532142e-06 clkbuf_leaf_193_v_clk
 1.531253e-06 0.000000e+00 8.410962e-11 1.531337e-06 clkload26
 1.531244e-06 0.000000e+00 8.410962e-11 1.531328e-06 clkload25
 1.530111e-06 0.000000e+00 8.410962e-11 1.530195e-06 clkload28
 1.184512e-06 3.399453e-07 1.501249e-10 1.524608e-06 clkbuf_leaf_161_v_clk
 1.188507e-06 3.350831e-07 1.501249e-10 1.523740e-06 clkbuf_leaf_242_v_clk
 1.188536e-06 3.345517e-07 1.501249e-10 1.523238e-06 clkbuf_leaf_247_v_clk
 1.185456e-06 3.368960e-07 1.501249e-10 1.522502e-06 clkbuf_leaf_250_v_clk
 2.869202e-07 1.227891e-06 1.513119e-10 1.514962e-06 fanout1015
 1.196369e-06 3.167839e-07 1.501249e-10 1.513303e-06 clkbuf_leaf_82_v_clk
 1.107804e-06 4.050007e-07 1.498960e-10 1.512955e-06 clkbuf_leaf_108_w_clk
 1.184539e-06 3.273013e-07 1.501249e-10 1.511991e-06 clkbuf_leaf_176_v_clk
 1.189548e-06 3.199363e-07 1.501249e-10 1.509635e-06 clkbuf_leaf_241_v_clk
 1.107887e-06 4.013533e-07 1.498960e-10 1.509390e-06 clkbuf_leaf_107_w_clk
 1.185598e-06 3.233389e-07 1.501249e-10 1.509087e-06 clkbuf_leaf_40_v_clk
 1.184892e-06 3.218789e-07 1.501249e-10 1.506921e-06 clkbuf_leaf_159_v_clk
 1.545740e-07 1.337276e-06 7.990276e-11 1.491930e-06 fanout195
 1.187215e-06 2.988738e-07 1.501249e-10 1.486239e-06 clkbuf_leaf_46_v_clk
 1.145815e-07 1.370975e-06 8.853922e-11 1.485645e-06 fanout106
 1.197255e-06 2.880803e-07 1.501249e-10 1.485485e-06 clkbuf_leaf_97_v_clk
 1.106844e-06 3.748679e-07 1.498960e-10 1.481861e-06 clkbuf_leaf_45_w_clk
 1.191825e-06 2.860538e-07 1.501249e-10 1.478029e-06 clkbuf_leaf_246_v_clk
 1.188351e-06 2.823928e-07 1.501249e-10 1.470894e-06 clkbuf_leaf_55_v_clk
 1.188507e-06 2.794246e-07 1.501249e-10 1.468082e-06 clkbuf_leaf_43_v_clk
 3.239292e-07 1.131819e-06 5.599679e-11 1.455805e-06 fanout716
 1.111241e-06 3.326837e-07 1.498960e-10 1.444074e-06 clkbuf_leaf_30_w_clk
 2.199293e-07 1.223865e-06 1.526624e-10 1.443947e-06 fanout341
 2.666629e-07 1.175759e-06 1.511846e-10 1.442573e-06 fanout266
 4.106687e-07 1.019164e-06 1.513119e-10 1.429984e-06 fanout1017
 2.966548e-07 1.128171e-06 5.599679e-11 1.424882e-06 fanout715
 1.116179e-06 2.848097e-07 1.498960e-10 1.401139e-06 clkbuf_leaf_36_w_clk
 2.560512e-07 1.136164e-06 1.553973e-10 1.392370e-06 fanout785
 2.737125e-07 1.112342e-06 1.548772e-10 1.386210e-06 fanout781
 2.110656e-07 1.155111e-06 1.527393e-10 1.366329e-06 wire345
 1.313949e-06 0.000000e+00 1.125612e-10 1.314061e-06 clkload2
 2.704657e-07 1.038481e-06 1.517349e-10 1.309099e-06 fanout1025
 2.248798e-07 1.083831e-06 8.043693e-11 1.308791e-06 fanout237
 2.709746e-07 1.026751e-06 1.512259e-10 1.297877e-06 fanout1021
 1.297049e-06 0.000000e+00 2.014948e-10 1.297250e-06 clkload35
 2.514868e-07 1.040477e-06 1.517349e-10 1.292115e-06 max_cap1024
 2.280938e-07 1.063143e-06 1.529288e-10 1.291389e-06 max_cap348
 2.364696e-07 1.046407e-06 8.043693e-11 1.282957e-06 fanout238
 1.274685e-06 0.000000e+00 2.014948e-10 1.274887e-06 clkload45
 2.003827e-07 1.073531e-06 1.508285e-10 1.274064e-06 fanout336
 3.500995e-07 9.233584e-07 1.570540e-10 1.273615e-06 fanout188
 2.648747e-07 1.004515e-06 8.043693e-11 1.269470e-06 fanout241
 2.817417e-07 9.732707e-07 1.534855e-10 1.255166e-06 fanout671
 1.252815e-06 0.000000e+00 1.125612e-10 1.252928e-06 clkload12
 1.249296e-06 0.000000e+00 1.125612e-10 1.249408e-06 clkload7
 1.956396e-07 1.043814e-06 1.502626e-10 1.239604e-06 fanout357
 1.235805e-06 0.000000e+00 1.125612e-10 1.235918e-06 clkload8
 1.602587e-07 1.075147e-06 7.990276e-11 1.235485e-06 fanout194
 1.435129e-07 1.085267e-06 7.990276e-11 1.228860e-06 fanout196
 1.220244e-06 0.000000e+00 1.501249e-10 1.220394e-06 clkload149
 1.219106e-06 0.000000e+00 1.501249e-10 1.219256e-06 clkload152
 1.216442e-06 0.000000e+00 1.125612e-10 1.216555e-06 clkload15
 1.214046e-06 0.000000e+00 1.501249e-10 1.214196e-06 clkload133
 2.303583e-07 9.812707e-07 1.527036e-10 1.211782e-06 max_cap338
 1.210668e-06 0.000000e+00 1.125612e-10 1.210780e-06 clkload9
 1.493430e-07 1.054511e-06 1.520288e-10 1.204006e-06 max_cap146
 2.482564e-07 9.376342e-07 1.534498e-10 1.186044e-06 fanout684
 2.073335e-07 9.742123e-07 1.563550e-10 1.181702e-06 fanout687
 2.070023e-07 9.745344e-07 1.536549e-10 1.181690e-06 fanout288
 2.670186e-07 9.094819e-07 1.549633e-10 1.176655e-06 fanout780
 1.438100e-07 1.032490e-06 1.521533e-10 1.176452e-06 fanout805
 1.592388e-07 1.015518e-06 1.520288e-10 1.174908e-06 fanout147
 2.487552e-07 9.251591e-07 1.544542e-10 1.174069e-06 max_cap777
 2.240654e-07 9.456656e-07 1.558642e-10 1.169887e-06 fanout663
 2.590114e-07 9.072371e-07 1.532603e-10 1.166402e-06 fanout685
 2.650929e-07 8.873221e-07 1.548772e-10 1.152570e-06 max_cap783
 2.487040e-07 8.917083e-07 1.544542e-10 1.140567e-06 fanout775
 3.116248e-07 8.244508e-07 1.529938e-10 1.136229e-06 fanout798
 3.223604e-07 8.123111e-07 1.511261e-10 1.134823e-06 fanout259
 2.293856e-07 9.030124e-07 1.553973e-10 1.132553e-06 max_cap788
 3.008140e-07 8.311752e-07 5.641345e-11 1.132046e-06 fanout416
 2.472030e-07 8.799252e-07 1.555630e-10 1.127284e-06 fanout197
 2.976514e-07 8.253452e-07 5.599679e-11 1.123053e-06 fanout721
 2.277718e-07 8.896942e-07 1.535533e-10 1.117620e-06 max_cap670
 1.159578e-07 9.638605e-07 8.616770e-11 1.079904e-06 fanout797
 2.483978e-07 8.292497e-07 1.553973e-10 1.077803e-06 fanout784
 2.274565e-07 8.419399e-07 1.507919e-10 1.069547e-06 max_cap1009
 9.238547e-08 9.758575e-07 3.318548e-11 1.068276e-06 _15416_
 2.005226e-07 8.649342e-07 1.540358e-10 1.065611e-06 fanout960
 2.034301e-07 8.580243e-07 1.559265e-10 1.061610e-06 fanout355
 2.314001e-07 8.252879e-07 1.507919e-10 1.056839e-06 max_cap1003
 2.384955e-07 8.065256e-07 1.529938e-10 1.045174e-06 fanout800
 9.191326e-08 9.457754e-07 7.950264e-11 1.037768e-06 fanout143
 2.521748e-07 7.819706e-07 1.526359e-10 1.034298e-06 fanout319
 2.409851e-07 7.894054e-07 1.553973e-10 1.030546e-06 fanout786
 2.564069e-07 7.686023e-07 1.507919e-10 1.025160e-06 fanout1010
 2.392185e-07 7.778603e-07 1.507919e-10 1.017230e-06 fanout1001
 2.122761e-07 8.047170e-07 1.562570e-10 1.017149e-06 fanout353
 1.999684e-07 7.966827e-07 1.557086e-10 9.968069e-07 fanout300
 2.253921e-07 7.618468e-07 1.548278e-10 9.873938e-07 fanout791
 2.494468e-07 7.319503e-07 1.534498e-10 9.815506e-07 fanout682
 9.690954e-07 0.000000e+00 1.565678e-10 9.692519e-07 clkload42
 1.608551e-07 8.058473e-07 7.990276e-11 9.667823e-07 fanout192
 9.440280e-07 0.000000e+00 1.565678e-10 9.441845e-07 clkload44
 1.235019e-07 8.187304e-07 1.494139e-10 9.423817e-07 fanout365
 2.571181e-07 6.802260e-07 1.507919e-10 9.374949e-07 fanout1004
 2.018670e-07 7.216271e-07 1.498342e-10 9.236439e-07 fanout359
 3.570746e-07 5.660234e-07 8.235189e-11 9.231804e-07 fanout982
 9.139154e-07 0.000000e+00 1.565678e-10 9.140719e-07 clkload48
 2.299645e-07 6.816814e-07 1.504806e-10 9.117963e-07 fanout667
 2.012683e-07 7.056977e-07 1.563550e-10 9.071224e-07 fanout686
 2.399931e-07 6.522882e-07 1.507919e-10 8.924321e-07 fanout1006
 8.917164e-07 0.000000e+00 5.622151e-11 8.917726e-07 clkload33
 2.016383e-07 6.878620e-07 1.563962e-10 8.896566e-07 fanout349
 3.600457e-07 5.288557e-07 8.235189e-11 8.889837e-07 fanout1000
 1.692143e-07 7.158960e-07 1.496931e-10 8.852600e-07 fanout285
 2.240682e-07 6.432655e-07 1.513614e-10 8.674851e-07 fanout998
 8.565798e-07 0.000000e+00 5.622151e-11 8.566361e-07 clkload18
 1.638518e-07 6.871914e-07 1.496931e-10 8.511929e-07 fanout284
 1.453485e-07 7.043097e-07 7.990276e-11 8.497381e-07 fanout190
 1.493109e-07 7.002809e-07 8.172499e-11 8.496735e-07 fanout1012
 1.768087e-07 6.676610e-07 1.497069e-10 8.446194e-07 fanout370
 2.026024e-07 6.398245e-07 1.508285e-10 8.425778e-07 fanout335
 1.892443e-07 6.500397e-07 1.525342e-10 8.394365e-07 max_cap210
 2.221438e-07 6.133568e-07 1.548278e-10 8.356554e-07 fanout793
 8.223124e-07 0.000000e+00 5.622151e-11 8.223686e-07 clkload27
 2.258413e-07 5.938869e-07 1.513614e-10 8.198795e-07 fanout986
 1.731058e-07 6.454717e-07 1.564960e-10 8.187340e-07 fanout283
 3.617032e-07 4.158436e-07 8.235189e-11 7.776292e-07 fanout979
 1.191997e-07 6.526764e-07 8.437066e-11 7.719604e-07 fanout968
 7.620295e-07 0.000000e+00 1.566713e-10 7.621862e-07 clkload139
 1.087125e-07 6.406123e-07 8.437066e-11 7.494092e-07 fanout978
 1.317822e-07 6.141918e-07 8.276310e-11 7.460568e-07 fanout1026
 7.453807e-07 0.000000e+00 1.566713e-10 7.455374e-07 clkload130
 6.703862e-09 7.233850e-07 3.313802e-11 7.301221e-07 _25699_
 1.226821e-07 5.995316e-07 8.414893e-11 7.222979e-07 fanout803
 8.827642e-08 6.192292e-07 7.950264e-11 7.075852e-07 fanout549
 1.176508e-07 5.801854e-07 8.437066e-11 6.979206e-07 fanout975
 1.621055e-07 5.258990e-07 1.521533e-10 6.881567e-07 fanout804
 1.514981e-07 5.127445e-07 7.961351e-11 6.643222e-07 fanout224
 6.607823e-07 0.000000e+00 1.116374e-10 6.608940e-07 clkload39
 1.145390e-07 5.413572e-07 8.235189e-11 6.559786e-07 fanout994
 6.527273e-07 0.000000e+00 1.116374e-10 6.528389e-07 clkload43
 6.472359e-07 0.000000e+00 1.116374e-10 6.473476e-07 clkload46
 1.141805e-07 5.267728e-07 1.571204e-10 6.411104e-07 fanout247
 6.339110e-07 0.000000e+00 1.116374e-10 6.340226e-07 clkload49
 6.231976e-07 0.000000e+00 6.717227e-11 6.232648e-07 clkload22
 1.200172e-07 4.974322e-07 1.569730e-10 6.176063e-07 max_cap362
 1.855144e-07 4.284891e-07 5.657725e-11 6.140600e-07 fanout304
 6.128387e-07 0.000000e+00 6.717227e-11 6.129059e-07 clkload21
 6.036037e-07 0.000000e+00 6.717227e-11 6.036709e-07 clkload14
 1.553582e-07 4.429397e-07 1.541603e-10 5.984521e-07 fanout112
 1.275481e-07 4.706171e-07 1.503222e-10 5.983155e-07 fanout330
 5.959300e-07 0.000000e+00 8.099076e-11 5.960110e-07 clkload284
 5.958508e-07 0.000000e+00 8.099076e-11 5.959319e-07 clkload242
 5.957729e-07 0.000000e+00 8.099076e-11 5.958539e-07 clkload289
 5.956618e-07 0.000000e+00 8.099076e-11 5.957428e-07 clkload240
 5.956012e-07 0.000000e+00 8.099076e-11 5.956822e-07 clkload257
 5.955487e-07 0.000000e+00 8.099076e-11 5.956297e-07 clkload247
 5.954668e-07 0.000000e+00 8.099076e-11 5.955478e-07 clkload192
 5.954426e-07 0.000000e+00 8.099076e-11 5.955236e-07 clkload285
 5.954395e-07 0.000000e+00 8.099076e-11 5.955205e-07 clkload323
 5.954391e-07 0.000000e+00 8.099076e-11 5.955201e-07 clkload199
 5.953951e-07 0.000000e+00 8.099076e-11 5.954761e-07 clkload290
 5.953943e-07 0.000000e+00 8.099076e-11 5.954753e-07 clkload241
 5.953801e-07 0.000000e+00 8.099076e-11 5.954611e-07 clkload239
 5.953344e-07 0.000000e+00 8.099076e-11 5.954154e-07 clkload309
 5.953107e-07 0.000000e+00 8.099076e-11 5.953917e-07 clkload186
 5.952761e-07 0.000000e+00 8.099076e-11 5.953571e-07 clkload322
 5.952431e-07 0.000000e+00 8.099076e-11 5.953241e-07 clkload295
 5.952401e-07 0.000000e+00 8.099076e-11 5.953211e-07 clkload201
 5.952397e-07 0.000000e+00 8.099076e-11 5.953207e-07 clkload211
 5.952211e-07 0.000000e+00 8.099076e-11 5.953021e-07 clkload265
 5.952114e-07 0.000000e+00 8.099076e-11 5.952924e-07 clkload203
 5.951989e-07 0.000000e+00 8.099076e-11 5.952799e-07 clkload330
 5.951501e-07 0.000000e+00 8.099076e-11 5.952311e-07 clkload302
 5.951232e-07 0.000000e+00 8.099076e-11 5.952042e-07 clkload288
 5.951177e-07 0.000000e+00 8.099076e-11 5.951987e-07 clkload332
 5.950523e-07 0.000000e+00 8.099076e-11 5.951333e-07 clkload338
 5.950251e-07 0.000000e+00 8.099076e-11 5.951061e-07 clkload182
 5.950141e-07 0.000000e+00 8.099076e-11 5.950951e-07 clkload175
 5.949968e-07 0.000000e+00 8.099076e-11 5.950778e-07 clkload190
 5.949836e-07 0.000000e+00 8.099076e-11 5.950646e-07 clkload260
 5.949759e-07 0.000000e+00 8.099076e-11 5.950569e-07 clkload213
 5.949751e-07 0.000000e+00 8.099076e-11 5.950561e-07 clkload207
 5.949680e-07 0.000000e+00 8.099076e-11 5.950490e-07 clkload171
 5.949589e-07 0.000000e+00 8.099076e-11 5.950399e-07 clkload276
 5.949578e-07 0.000000e+00 8.099076e-11 5.950388e-07 clkload263
 5.948874e-07 0.000000e+00 8.099076e-11 5.949684e-07 clkload193
 5.948557e-07 0.000000e+00 8.099076e-11 5.949368e-07 clkload274
 5.947751e-07 0.000000e+00 8.099076e-11 5.948561e-07 clkload164
 5.947509e-07 0.000000e+00 8.099076e-11 5.948319e-07 clkload327
 5.947485e-07 0.000000e+00 8.099076e-11 5.948295e-07 clkload281
 5.947285e-07 0.000000e+00 8.099076e-11 5.948095e-07 clkload226
 5.947109e-07 0.000000e+00 8.099076e-11 5.947919e-07 clkload224
 5.947096e-07 0.000000e+00 8.099076e-11 5.947906e-07 clkload318
 5.947064e-07 0.000000e+00 8.099076e-11 5.947874e-07 clkload316
 5.946906e-07 0.000000e+00 8.099076e-11 5.947716e-07 clkload184
 5.946905e-07 0.000000e+00 8.099076e-11 5.947715e-07 clkload313
 5.946892e-07 0.000000e+00 8.099076e-11 5.947702e-07 clkload233
 5.946217e-07 0.000000e+00 8.099076e-11 5.947027e-07 clkload315
 5.946184e-07 0.000000e+00 8.099076e-11 5.946994e-07 clkload298
 5.946069e-07 0.000000e+00 8.099076e-11 5.946879e-07 clkload227
 5.946068e-07 0.000000e+00 8.099076e-11 5.946878e-07 clkload336
 5.945834e-07 0.000000e+00 8.099076e-11 5.946644e-07 clkload279
 5.945807e-07 0.000000e+00 8.099076e-11 5.946617e-07 clkload228
 5.945331e-07 0.000000e+00 8.099076e-11 5.946141e-07 clkload249
 5.944927e-07 0.000000e+00 8.099076e-11 5.945737e-07 clkload178
 5.944925e-07 0.000000e+00 8.099076e-11 5.945735e-07 clkload160
 5.944475e-07 0.000000e+00 8.099076e-11 5.945285e-07 clkload280
 5.944363e-07 0.000000e+00 8.099076e-11 5.945173e-07 clkload230
 5.944325e-07 0.000000e+00 8.099076e-11 5.945135e-07 clkload215
 5.944283e-07 0.000000e+00 8.099076e-11 5.945093e-07 clkload177
 5.944244e-07 0.000000e+00 8.099076e-11 5.945054e-07 clkload272
 5.943281e-07 0.000000e+00 8.099076e-11 5.944091e-07 clkload218
 5.943104e-07 0.000000e+00 8.099076e-11 5.943914e-07 clkload297
 5.942837e-07 0.000000e+00 8.099076e-11 5.943647e-07 clkload180
 5.942578e-07 0.000000e+00 8.099076e-11 5.943388e-07 clkload231
 5.942450e-07 0.000000e+00 8.099076e-11 5.943260e-07 clkload217
 1.203554e-07 4.726180e-07 7.961351e-11 5.930530e-07 fanout225
 1.411607e-07 4.503618e-07 1.509869e-10 5.916734e-07 fanout676
 4.136601e-08 5.472448e-07 5.557851e-11 5.886664e-07 _25744_
 1.288104e-07 4.594150e-07 1.567752e-10 5.883822e-07 fanout690
 1.370244e-07 4.466269e-07 1.509869e-10 5.838023e-07 fanout678
 8.533657e-08 4.981552e-07 8.901847e-11 5.835808e-07 fanout107
 5.830070e-07 0.000000e+00 6.717227e-11 5.830742e-07 clkload29
 1.202973e-07 4.609567e-07 7.961351e-11 5.813336e-07 fanout228
 1.178558e-07 4.546589e-07 8.437066e-11 5.725990e-07 fanout972
 1.188697e-07 4.465406e-07 8.437066e-11 5.654946e-07 fanout963
 1.072020e-07 4.564714e-07 8.062540e-11 5.637540e-07 fanout352
 1.178593e-07 4.443910e-07 8.437066e-11 5.623347e-07 fanout976
 9.885456e-08 4.533223e-07 8.067076e-11 5.522576e-07 fanout360
 1.161516e-07 4.348469e-07 8.437066e-11 5.510828e-07 fanout974
 1.073892e-07 4.408944e-07 8.235189e-11 5.483661e-07 fanout997
 1.199734e-07 4.257992e-07 1.490669e-10 5.459216e-07 fanout281
 1.238683e-07 4.131364e-07 8.508927e-11 5.370899e-07 fanout559
 1.217997e-07 4.119792e-07 8.408241e-11 5.338630e-07 fanout588
 5.292546e-07 0.000000e+00 5.582378e-11 5.293105e-07 clkload5
 1.269216e-07 3.986008e-07 8.616770e-11 5.256085e-07 fanout795
 1.150624e-07 4.085789e-07 8.402497e-11 5.237253e-07 fanout612
 5.218484e-07 0.000000e+00 1.117065e-10 5.219601e-07 clkload140
 5.212023e-07 0.000000e+00 8.073879e-11 5.212830e-07 clkload54
 5.211897e-07 0.000000e+00 8.073879e-11 5.212704e-07 clkload117
 5.211414e-07 0.000000e+00 8.073879e-11 5.212221e-07 clkload53
 5.206311e-07 0.000000e+00 8.073879e-11 5.207118e-07 clkload120
 5.205861e-07 0.000000e+00 8.073879e-11 5.206668e-07 clkload80
 5.203424e-07 0.000000e+00 8.073879e-11 5.204231e-07 clkload81
 5.197261e-07 0.000000e+00 8.073879e-11 5.198069e-07 clkload98
 5.195285e-07 0.000000e+00 8.073879e-11 5.196092e-07 clkload99
 7.974560e-08 4.397567e-07 8.901696e-11 5.195913e-07 fanout457
 1.071291e-07 4.121704e-07 1.572156e-10 5.194568e-07 fanout268
 5.191570e-07 0.000000e+00 1.117065e-10 5.192687e-07 clkload151
 8.720319e-08 4.314716e-07 7.950264e-11 5.187543e-07 fanout523
 5.156866e-07 0.000000e+00 1.117065e-10 5.157983e-07 clkload136
 1.253606e-07 3.900878e-07 1.503222e-10 5.155987e-07 fanout326
 5.840694e-08 4.570781e-07 5.670189e-11 5.155418e-07 fanout91
 5.152966e-07 0.000000e+00 1.117065e-10 5.154083e-07 clkload150
 1.144087e-07 4.003933e-07 8.397658e-11 5.148859e-07 fanout566
 1.221200e-07 3.922692e-07 8.400985e-11 5.144732e-07 fanout599
 1.214543e-07 3.925283e-07 1.563275e-10 5.141389e-07 fanout317
 4.696627e-08 4.669693e-07 5.670189e-11 5.139923e-07 fanout619
 1.070755e-07 4.032956e-07 8.379315e-11 5.104549e-07 fanout554
 1.129142e-07 3.971110e-07 8.138232e-11 5.101066e-07 fanout668
 7.325078e-08 4.309317e-07 8.543295e-11 5.042679e-07 fanout117
 1.320860e-07 3.715499e-07 1.494139e-10 5.037853e-07 fanout363
 8.833117e-08 4.151146e-07 8.901696e-11 5.035348e-07 fanout476
 9.868342e-08 4.046373e-07 8.789418e-11 5.034086e-07 fanout350
 5.019617e-07 0.000000e+00 1.117065e-10 5.020734e-07 clkload142
 3.134439e-08 4.705788e-07 8.933543e-11 5.020125e-07 fanout273
 1.202379e-07 3.771094e-07 1.498616e-10 4.974971e-07 fanout245
 4.965091e-07 0.000000e+00 1.117065e-10 4.966208e-07 clkload131
 1.182676e-07 3.761974e-07 8.437066e-11 4.945493e-07 fanout977
 5.379268e-08 4.336635e-07 8.904317e-11 4.875452e-07 fanout136
 1.047019e-07 3.737204e-07 1.568338e-10 4.785791e-07 fanout287
 1.628871e-08 4.596268e-07 4.416205e-11 4.759596e-07 _17063_
 1.131955e-07 3.623450e-07 8.383851e-11 4.756243e-07 fanout575
 7.935967e-08 3.956670e-07 8.543295e-11 4.751121e-07 fanout111
 1.079355e-07 3.629796e-07 8.390503e-11 4.709991e-07 fanout609
 1.062063e-07 3.633519e-07 8.391209e-11 4.696421e-07 fanout563
 9.663165e-08 3.725419e-07 7.961351e-11 4.692532e-07 fanout226
 5.021428e-08 4.176710e-07 5.565060e-11 4.679409e-07 fanout129
 1.190095e-07 3.477702e-07 8.235189e-11 4.668620e-07 fanout985
 1.140705e-07 3.521708e-07 8.437066e-11 4.663257e-07 fanout973
 1.227654e-07 3.433608e-07 1.570774e-10 4.662833e-07 fanout214
 1.018028e-07 3.619745e-07 1.494405e-10 4.639268e-07 fanout217
 7.767778e-08 3.838688e-07 8.308663e-11 4.616297e-07 fanout149
 9.178324e-08 3.693587e-07 1.574445e-10 4.612994e-07 fanout201
 1.018469e-07 3.539105e-07 1.494405e-10 4.559068e-07 fanout218
 5.021368e-08 4.025736e-07 5.565060e-11 4.528430e-07 fanout133
 8.955620e-08 3.619607e-07 8.901696e-11 4.516060e-07 fanout459
 1.107563e-07 3.399814e-07 1.494817e-10 4.508872e-07 fanout380
 1.166253e-07 3.294303e-07 8.421041e-11 4.461398e-07 fanout598
 1.183268e-07 3.257910e-07 8.388688e-11 4.442017e-07 fanout582
 2.574857e-08 4.156607e-07 4.449482e-11 4.414538e-07 _25742_
 9.738038e-08 3.424230e-07 8.348171e-11 4.398869e-07 fanout576
 8.832509e-08 3.488390e-07 8.901696e-11 4.372531e-07 fanout455
 8.783326e-08 3.464495e-07 8.901696e-11 4.343718e-07 fanout441
 7.790467e-08 3.543445e-07 8.901696e-11 4.323382e-07 fanout443
 7.120589e-08 3.602603e-07 8.731164e-11 4.315535e-07 fanout324
 5.759111e-08 3.716327e-07 8.831144e-11 4.293121e-07 fanout691
 1.162632e-07 3.079679e-07 8.376191e-11 4.243148e-07 fanout597
 1.023365e-07 3.217753e-07 8.396550e-11 4.241957e-07 fanout565
 1.032503e-07 3.187984e-07 8.375889e-11 4.221324e-07 fanout601
 1.141553e-07 3.035978e-07 8.384456e-11 4.178369e-07 fanout579
 1.140063e-07 3.022057e-07 8.138232e-11 4.162934e-07 fanout666
 8.065430e-08 3.326955e-07 7.950264e-11 4.134293e-07 fanout519
 1.074725e-07 3.046695e-07 8.394837e-11 4.122260e-07 fanout564
 7.827890e-08 3.328672e-07 8.901696e-11 4.112351e-07 fanout439
 4.093833e-07 0.000000e+00 1.116374e-10 4.094950e-07 clkload85
 1.036233e-07 3.050722e-07 1.493553e-10 4.088449e-07 fanout204
 1.005555e-07 3.080505e-07 8.369136e-11 4.086897e-07 fanout585
 1.050877e-07 3.030023e-07 8.390906e-11 4.081739e-07 fanout552
 6.456674e-08 3.417341e-07 8.731164e-11 4.063881e-07 fanout323
 1.104342e-07 2.958321e-07 8.372865e-11 4.063500e-07 fanout611
 4.061708e-07 0.000000e+00 1.116374e-10 4.062825e-07 clkload90
 4.051199e-07 0.000000e+00 1.116374e-10 4.052316e-07 clkload101
 7.994076e-08 3.249257e-07 8.901696e-11 4.049555e-07 fanout462
 7.778328e-08 3.229224e-07 7.950264e-11 4.007852e-07 fanout487
 9.620427e-08 3.041337e-07 8.351499e-11 4.004214e-07 fanout560
 8.616600e-08 3.135906e-07 8.901696e-11 3.998456e-07 fanout451
 1.006548e-07 2.988075e-07 8.386673e-11 3.995461e-07 fanout573
 1.058622e-07 2.917644e-07 8.366213e-11 3.977103e-07 fanout572
 7.721960e-08 3.192797e-07 7.950264e-11 3.965788e-07 fanout495
 3.667489e-08 3.572439e-07 4.446283e-11 3.939632e-07 fanout128
 7.225039e-08 3.192816e-07 8.193968e-11 3.916140e-07 fanout677
 5.400122e-08 3.364925e-07 8.828221e-11 3.905820e-07 fanout299
 8.623784e-08 3.029340e-07 7.950264e-11 3.892513e-07 fanout524
 6.941787e-08 3.157466e-07 8.193968e-11 3.852464e-07 fanout680
 8.114616e-08 3.035101e-07 7.950264e-11 3.847357e-07 fanout536
 6.461812e-08 3.156024e-07 8.731164e-11 3.803078e-07 fanout321
 9.668972e-08 2.825559e-07 8.356134e-11 3.793292e-07 fanout561
 7.997731e-08 2.962672e-07 7.950264e-11 3.763240e-07 fanout479
 8.094349e-08 2.952673e-07 8.901696e-11 3.762998e-07 fanout456
 1.009648e-07 2.728182e-07 1.488481e-10 3.739319e-07 fanout293
 7.904057e-08 2.946175e-07 8.901696e-11 3.737471e-07 fanout445
 7.830452e-08 2.941167e-07 7.950264e-11 3.725007e-07 fanout484
 9.869686e-08 2.737169e-07 8.355831e-11 3.724973e-07 fanout581
 9.673148e-08 2.745456e-07 8.359964e-11 3.713606e-07 fanout553
 7.784360e-08 2.924702e-07 8.901696e-11 3.704028e-07 fanout438
 8.120411e-08 2.863165e-07 7.950264e-11 3.676001e-07 fanout537
 8.073477e-08 2.864815e-07 7.950264e-11 3.672958e-07 fanout517
 7.714955e-08 2.896686e-07 7.950264e-11 3.668977e-07 fanout491
 7.756607e-08 2.888086e-07 7.950264e-11 3.664541e-07 fanout486
 8.000062e-08 2.858366e-07 7.950264e-11 3.659168e-07 fanout525
 7.641396e-08 2.889442e-07 7.950264e-11 3.654376e-07 fanout539
 9.062320e-08 2.737300e-07 8.365206e-11 3.644368e-07 fanout562
 7.745145e-08 2.863301e-07 7.950264e-11 3.638610e-07 fanout543
 5.325350e-08 3.103137e-07 8.028273e-11 3.636475e-07 fanout387
 8.868405e-08 2.742757e-07 8.352406e-11 3.630433e-07 fanout558
 8.228770e-08 2.804678e-07 8.901696e-11 3.628445e-07 fanout428
 7.861374e-08 2.840987e-07 7.950264e-11 3.627920e-07 fanout501
 5.271847e-08 3.091693e-07 8.904317e-11 3.619768e-07 fanout135
 8.183715e-08 2.793932e-07 7.950264e-11 3.613099e-07 fanout508
 7.726622e-08 2.838499e-07 8.901696e-11 3.612051e-07 fanout448
 1.010188e-07 2.600316e-07 8.365710e-11 3.611340e-07 fanout605
 8.113621e-08 2.791882e-07 8.901696e-11 3.604135e-07 fanout426
 6.814569e-08 2.912249e-07 8.193968e-11 3.594525e-07 fanout673
 8.102681e-08 2.782555e-07 8.901696e-11 3.593713e-07 fanout424
 8.146664e-08 2.773094e-07 8.901696e-11 3.588651e-07 fanout467
 6.907816e-08 2.877664e-07 8.193968e-11 3.569265e-07 fanout674
 6.924713e-08 2.864588e-07 8.120797e-11 3.557871e-07 fanout333
 8.763696e-08 2.672530e-07 7.950264e-11 3.549694e-07 fanout542
 7.930742e-08 2.754471e-07 7.950264e-11 3.548340e-07 fanout532
 9.795062e-08 2.559112e-07 8.340512e-11 3.539453e-07 fanout608
 3.355860e-08 3.189718e-07 4.434662e-11 3.525748e-07 _25746_
 8.626621e-08 2.647341e-07 1.492821e-10 3.511496e-07 fanout250
 8.190875e-08 2.687126e-07 7.950264e-11 3.507008e-07 fanout505
 8.824139e-08 2.611476e-07 8.336582e-11 3.494724e-07 fanout574
 8.014133e-08 2.682031e-07 7.950264e-11 3.484239e-07 fanout545
 8.272889e-08 2.638064e-07 7.950264e-11 3.466148e-07 fanout481
 7.691737e-08 2.686252e-07 7.950264e-11 3.456221e-07 fanout529
 8.319309e-08 2.618618e-07 7.950264e-11 3.451344e-07 fanout499
 7.983511e-08 2.651195e-07 7.950264e-11 3.450341e-07 fanout500
 7.956803e-08 2.652695e-07 8.901696e-11 3.449265e-07 fanout436
 7.942217e-08 2.643383e-07 8.308663e-11 3.438435e-07 fanout148
 4.690957e-08 2.958032e-07 5.670189e-11 3.427695e-07 fanout630
 8.664354e-08 2.545431e-07 8.901696e-11 3.412757e-07 fanout450
 9.797235e-08 2.390701e-07 8.353110e-11 3.371260e-07 fanout557
 5.021162e-08 2.861406e-07 5.565060e-11 3.364079e-07 fanout127
 6.825250e-08 2.677535e-07 8.193968e-11 3.360879e-07 fanout672
 7.784362e-08 2.578893e-07 7.950264e-11 3.358124e-07 fanout509
 8.791181e-08 2.476175e-07 8.334969e-11 3.356127e-07 fanout631
 7.750398e-08 2.575661e-07 8.901696e-11 3.351591e-07 fanout435
 8.109096e-08 2.535819e-07 8.901696e-11 3.347619e-07 fanout420
 9.932592e-08 2.346386e-07 8.388286e-11 3.340485e-07 fanout613
 7.891817e-08 2.541363e-07 1.573905e-10 3.332118e-07 fanout186
 7.852374e-08 2.513760e-07 8.901696e-11 3.299888e-07 fanout468
 7.849355e-08 2.509219e-07 7.950264e-11 3.294950e-07 fanout482
 7.697471e-08 2.522960e-07 7.950264e-11 3.293502e-07 fanout528
 2.356345e-07 9.092095e-08 8.740637e-11 3.266428e-07 output12
 8.172336e-08 2.447033e-07 8.901696e-11 3.265157e-07 fanout473
 7.782508e-08 2.475699e-07 8.901696e-11 3.254840e-07 fanout465
 3.245402e-07 0.000000e+00 5.658435e-11 3.245968e-07 clkload134
 8.171760e-08 2.416082e-07 1.486457e-10 3.234745e-07 fanout162
 8.206960e-08 2.395559e-07 8.901696e-11 3.217145e-07 fanout460
 3.197771e-07 0.000000e+00 5.658435e-11 3.198337e-07 clkload166
 3.197252e-07 0.000000e+00 5.658435e-11 3.197817e-07 clkload245
 3.196922e-07 0.000000e+00 5.658435e-11 3.197488e-07 clkload162
 3.195529e-07 0.000000e+00 5.658435e-11 3.196095e-07 clkload163
 3.195413e-07 0.000000e+00 5.658435e-11 3.195979e-07 clkload317
 8.030283e-08 2.391864e-07 7.950264e-11 3.195687e-07 fanout547
 3.194720e-07 0.000000e+00 5.658435e-11 3.195286e-07 clkload321
 3.194586e-07 0.000000e+00 5.658435e-11 3.195152e-07 clkload191
 3.194360e-07 0.000000e+00 5.658435e-11 3.194926e-07 clkload200
 3.194320e-07 0.000000e+00 5.658435e-11 3.194885e-07 clkload291
 3.194025e-07 0.000000e+00 5.658435e-11 3.194591e-07 clkload173
 3.194014e-07 0.000000e+00 5.658435e-11 3.194580e-07 clkload251
 3.193554e-07 0.000000e+00 5.658435e-11 3.194120e-07 clkload248
 3.193507e-07 0.000000e+00 5.658435e-11 3.194073e-07 clkload210
 3.193446e-07 0.000000e+00 5.658435e-11 3.194012e-07 clkload334
 3.193293e-07 0.000000e+00 5.658435e-11 3.193859e-07 clkload304
 3.193206e-07 0.000000e+00 5.658435e-11 3.193772e-07 clkload165
 3.192881e-07 0.000000e+00 5.658435e-11 3.193447e-07 clkload219
 3.192778e-07 0.000000e+00 5.658435e-11 3.193344e-07 clkload168
 3.192742e-07 0.000000e+00 5.658435e-11 3.193308e-07 clkload264
 3.192419e-07 0.000000e+00 5.658435e-11 3.192985e-07 clkload303
 3.192316e-07 0.000000e+00 5.658435e-11 3.192881e-07 clkload237
 3.192220e-07 0.000000e+00 5.658435e-11 3.192786e-07 clkload167
 3.191745e-07 0.000000e+00 5.658435e-11 3.192310e-07 clkload305
 3.191698e-07 0.000000e+00 5.658435e-11 3.192264e-07 clkload310
 3.191630e-07 0.000000e+00 5.658435e-11 3.192195e-07 clkload314
 3.191581e-07 0.000000e+00 5.658435e-11 3.192147e-07 clkload333
 3.191514e-07 0.000000e+00 5.658435e-11 3.192080e-07 clkload181
 3.191462e-07 0.000000e+00 5.658435e-11 3.192028e-07 clkload208
 3.191444e-07 0.000000e+00 5.658435e-11 3.192010e-07 clkload214
 3.191224e-07 0.000000e+00 5.658435e-11 3.191790e-07 clkload277
 3.191184e-07 0.000000e+00 5.658435e-11 3.191750e-07 clkload296
 3.190902e-07 0.000000e+00 5.658435e-11 3.191468e-07 clkload300
 3.190795e-07 0.000000e+00 5.658435e-11 3.191361e-07 clkload337
 3.190783e-07 0.000000e+00 5.658435e-11 3.191349e-07 clkload172
 3.190649e-07 0.000000e+00 5.658435e-11 3.191215e-07 clkload311
 3.190637e-07 0.000000e+00 5.658435e-11 3.191203e-07 clkload179
 3.190526e-07 0.000000e+00 5.658435e-11 3.191092e-07 clkload329
 3.190517e-07 0.000000e+00 5.658435e-11 3.191082e-07 clkload319
 3.190342e-07 0.000000e+00 5.658435e-11 3.190908e-07 clkload170
 3.189492e-07 0.000000e+00 5.658435e-11 3.190058e-07 clkload159
 3.189206e-07 0.000000e+00 5.658435e-11 3.189772e-07 clkload161
 3.189168e-07 0.000000e+00 5.658435e-11 3.189734e-07 clkload229
 3.188985e-07 0.000000e+00 5.658435e-11 3.189550e-07 clkload273
 3.188877e-07 0.000000e+00 5.658435e-11 3.189442e-07 clkload250
 3.188689e-07 0.000000e+00 5.658435e-11 3.189255e-07 clkload278
 3.188576e-07 0.000000e+00 5.658435e-11 3.189142e-07 clkload312
 3.188491e-07 0.000000e+00 5.658435e-11 3.189057e-07 clkload232
 3.187660e-07 0.000000e+00 5.658435e-11 3.188226e-07 clkload216
 3.187138e-07 0.000000e+00 5.658435e-11 3.187704e-07 clkload176
 3.187031e-07 0.000000e+00 5.658435e-11 3.187597e-07 clkload299
 3.186702e-07 0.000000e+00 5.658435e-11 3.187268e-07 clkload225
 7.882158e-08 2.397811e-07 7.950264e-11 3.186821e-07 fanout489
 3.185091e-07 0.000000e+00 5.658435e-11 3.185656e-07 clkload271
 4.635204e-08 2.705323e-07 5.565060e-11 3.169400e-07 fanout123
 4.577316e-08 2.701269e-07 1.485936e-10 3.160487e-07 fanout178
 6.929230e-08 2.436180e-07 8.120797e-11 3.129915e-07 fanout328
 4.064850e-08 2.717272e-07 1.576514e-10 3.125334e-07 fanout182
 5.356645e-08 2.587952e-07 8.014365e-11 3.124418e-07 fanout206
 8.346189e-08 2.268676e-07 7.950264e-11 3.104090e-07 fanout503
 5.717735e-08 2.528068e-07 1.575562e-10 3.101418e-07 fanout198
 8.346876e-08 2.250050e-07 1.575434e-10 3.086313e-07 fanout161
 6.128905e-08 2.433853e-07 8.120797e-11 3.047556e-07 fanout329
 8.041178e-08 2.195220e-07 7.950264e-11 3.000132e-07 fanout546
 6.911223e-08 2.304284e-07 1.488481e-10 2.996895e-07 fanout291
 5.640299e-08 2.410551e-07 7.929804e-11 2.975374e-07 fanout276
 9.261134e-08 1.974015e-07 5.674457e-11 2.900696e-07 fanout223
 2.707074e-08 2.591087e-07 1.484828e-10 2.863279e-07 fanout167
 5.063156e-08 2.349294e-07 8.014365e-11 2.856411e-07 fanout208
 5.083609e-08 2.330778e-07 8.028273e-11 2.839942e-07 fanout376
 4.991931e-08 2.312024e-07 8.023737e-11 2.812020e-07 fanout219
 2.802748e-07 0.000000e+00 5.661366e-11 2.803314e-07 clkload116
 2.800577e-07 0.000000e+00 5.661366e-11 2.801144e-07 clkload62
 2.799011e-07 0.000000e+00 5.661366e-11 2.799577e-07 clkload68
 2.798620e-07 0.000000e+00 5.661366e-11 2.799186e-07 clkload70
 2.797788e-07 0.000000e+00 5.661366e-11 2.798354e-07 clkload66
 2.797674e-07 0.000000e+00 5.661366e-11 2.798240e-07 clkload119
 2.795062e-07 0.000000e+00 5.661366e-11 2.795628e-07 clkload95
 2.793841e-07 0.000000e+00 5.661366e-11 2.794407e-07 clkload82
 2.792299e-07 0.000000e+00 5.661366e-11 2.792866e-07 clkload84
 2.791782e-07 0.000000e+00 5.661366e-11 2.792348e-07 clkload75
 2.789407e-07 0.000000e+00 5.661366e-11 2.789973e-07 clkload83
 6.926986e-08 2.067288e-07 1.488481e-10 2.761475e-07 fanout289
 7.297437e-08 2.030729e-07 8.023737e-11 2.761275e-07 fanout595
 5.190400e-08 2.232048e-07 8.028273e-11 2.751891e-07 fanout384
 4.761744e-08 2.235967e-07 8.023737e-11 2.712943e-07 fanout220
 5.716289e-08 2.129471e-07 5.565060e-11 2.701657e-07 fanout125
 8.456428e-09 2.612296e-07 4.449358e-11 2.697305e-07 _25686_
 1.167323e-07 1.527213e-07 3.319462e-11 2.694868e-07 _26344_
 5.287340e-08 2.090794e-07 8.028273e-11 2.620331e-07 fanout383
 6.002767e-08 2.002001e-07 8.002572e-11 2.603078e-07 fanout602
 4.448106e-08 2.150933e-07 5.675747e-11 2.596312e-07 fanout518
 5.031553e-08 2.081655e-07 5.565060e-11 2.585367e-07 fanout131
 1.717448e-08 2.323336e-07 3.316528e-11 2.495412e-07 _28122_
 2.112729e-08 2.270871e-07 4.416205e-11 2.482585e-07 _25750_
 2.324962e-08 2.236436e-07 4.448786e-11 2.469377e-07 _25911_
 2.467520e-07 0.000000e+00 6.674487e-11 2.468187e-07 clkload143
 6.606858e-08 1.794155e-07 5.570618e-11 2.455398e-07 fanout105
 2.446635e-07 0.000000e+00 6.674487e-11 2.447302e-07 clkload144
 1.728332e-08 2.262100e-07 4.423095e-11 2.435376e-07 _25749_
 5.408280e-08 1.885082e-07 5.674457e-11 2.426478e-07 fanout227
 5.006910e-08 1.903543e-07 8.028273e-11 2.405037e-07 fanout378
 8.662676e-09 2.305028e-07 3.314311e-11 2.391986e-07 _25689_
 4.914138e-08 1.875903e-07 5.675747e-11 2.367885e-07 fanout526
 4.116809e-08 1.926835e-07 8.920744e-11 2.339408e-07 fanout154
 3.899838e-08 1.939452e-07 7.969615e-11 2.330232e-07 fanout257
 2.056781e-08 2.112216e-07 3.312608e-11 2.318226e-07 _25910_
 3.100732e-08 1.997924e-07 4.438493e-11 2.308441e-07 _25747_
 5.749004e-08 1.726794e-07 1.575562e-10 2.303270e-07 fanout199
 3.823923e-08 1.889779e-07 7.931215e-11 2.272965e-07 fanout157
 2.533652e-08 2.008212e-07 4.419470e-11 2.262019e-07 _25748_
 4.315932e-08 1.814330e-07 5.670189e-11 2.246490e-07 fanout94
 1.192936e-08 2.106704e-07 3.311455e-11 2.226329e-07 _19170_
 5.805961e-08 1.596155e-07 7.929804e-11 2.177544e-07 fanout277
 5.504476e-08 1.616111e-07 5.670189e-11 2.167126e-07 fanout96
 4.680351e-09 2.099935e-07 3.330395e-11 2.147072e-07 _18819_
 4.465309e-08 1.683609e-07 1.575809e-10 2.131716e-07 fanout216
 2.269858e-08 1.825580e-07 8.936870e-11 2.053459e-07 fanout172
 9.856317e-09 1.943743e-07 3.313606e-11 2.042638e-07 _25905_
 2.011917e-07 0.000000e+00 6.671035e-11 2.012584e-07 clkload107
 1.571873e-07 4.309309e-08 8.042132e-11 2.003608e-07 output16
 1.991228e-07 0.000000e+00 6.671035e-11 1.991895e-07 clkload104
 1.980552e-07 0.000000e+00 6.671035e-11 1.981220e-07 clkload88
 1.976659e-07 0.000000e+00 6.671035e-11 1.977326e-07 clkload65
 1.975121e-07 0.000000e+00 6.671035e-11 1.975788e-07 clkload51
 1.970483e-07 0.000000e+00 6.671035e-11 1.971150e-07 clkload59
 1.951038e-07 0.000000e+00 6.671035e-11 1.951705e-07 clkload69
 1.945143e-07 0.000000e+00 6.671035e-11 1.945810e-07 clkload109
 3.957881e-08 1.546306e-07 7.969615e-11 1.942891e-07 fanout254
 2.804929e-08 1.659032e-07 8.931528e-11 1.940418e-07 fanout83
 1.936581e-07 0.000000e+00 6.671035e-11 1.937248e-07 clkload128
 3.145277e-08 1.615247e-07 7.918415e-11 1.930567e-07 fanout269
 1.929196e-07 0.000000e+00 6.671035e-11 1.929863e-07 clkload124
 1.918493e-07 0.000000e+00 6.671035e-11 1.919160e-07 clkload125
 3.963511e-08 1.492639e-07 1.576322e-10 1.890566e-07 fanout183
 3.460377e-08 1.499915e-07 7.969615e-11 1.846750e-07 fanout253
 4.248093e-08 1.401209e-07 5.565060e-11 1.826575e-07 fanout466
 4.188953e-08 1.403348e-07 5.675747e-11 1.822811e-07 fanout530
 3.889961e-08 1.417393e-07 7.931215e-11 1.807182e-07 fanout155
 4.662194e-08 1.316663e-07 5.675747e-11 1.783450e-07 fanout496
 1.777451e-07 0.000000e+00 5.550299e-11 1.778006e-07 clkload156
 1.922445e-08 1.543950e-07 4.447085e-11 1.736639e-07 _26264_
 4.377027e-08 1.290057e-07 5.565060e-11 1.728317e-07 fanout437
 7.247587e-09 1.642103e-07 4.448759e-11 1.715024e-07 _25687_
 1.678189e-08 1.539010e-07 7.910352e-11 1.707620e-07 fanout122
 3.295964e-08 1.365206e-07 1.577064e-10 1.696380e-07 fanout203
 3.680935e-08 1.317603e-07 4.446283e-11 1.686141e-07 fanout132
 1.270941e-07 3.854112e-08 8.672606e-11 1.657219e-07 output14
 3.573493e-08 1.288721e-07 8.922155e-11 1.646962e-07 fanout278
 1.423420e-08 1.454064e-07 3.313107e-11 1.596737e-07 _26259_
 1.615699e-08 1.397252e-07 8.941607e-11 1.559716e-07 fanout121
 1.465700e-08 1.383510e-07 4.445404e-11 1.530524e-07 _25767_
 1.976753e-08 1.292586e-07 8.939189e-11 1.491155e-07 fanout118
 1.155234e-08 1.370730e-07 3.303852e-11 1.486584e-07 _18622_
 1.008741e-08 1.374447e-07 3.312800e-11 1.475653e-07 _26278_
 3.032932e-08 1.166424e-07 1.576597e-10 1.471293e-07 max_cap212
 3.607747e-08 1.101617e-07 7.958528e-11 1.463188e-07 fanout589
 1.099017e-08 1.339274e-07 3.313203e-11 1.449507e-07 _25904_
 1.671745e-08 1.271691e-07 4.448236e-11 1.439310e-07 _26198_
 4.162210e-08 1.021197e-07 7.972034e-11 1.438216e-07 fanout603
 1.645069e-08 1.258298e-07 4.448104e-11 1.423249e-07 _25891_
 3.590313e-08 1.056166e-07 1.577586e-10 1.416775e-07 fanout160
 3.389551e-08 1.076427e-07 8.926590e-11 1.416275e-07 fanout82
 2.276526e-08 1.172831e-07 7.930510e-11 1.401277e-07 fanout179
 1.505016e-08 1.241823e-07 3.323439e-11 1.392657e-07 _18618_
 9.085742e-09 1.290051e-07 3.313830e-11 1.381240e-07 _25766_
 1.453343e-08 1.234022e-07 4.450130e-11 1.379801e-07 _25831_
 3.673282e-08 9.662787e-08 1.484306e-10 1.335091e-07 fanout159
 3.482154e-08 9.741983e-08 7.950264e-11 1.323209e-07 fanout570
 1.350193e-08 1.160938e-07 4.447257e-11 1.296402e-07 _25887_
 1.356368e-08 1.111326e-07 4.452149e-11 1.247408e-07 _25795_
 1.512485e-08 1.066123e-07 4.449910e-11 1.217816e-07 _26010_
 1.343948e-08 1.077651e-07 4.447168e-11 1.212490e-07 _25812_
 3.234177e-08 8.691969e-08 7.918415e-11 1.193406e-07 fanout270
 1.500702e-08 1.042724e-07 4.448904e-11 1.193240e-07 _26208_
 1.536877e-08 1.032871e-07 4.450647e-11 1.187004e-07 _25886_
 1.301000e-08 1.041314e-07 4.446437e-11 1.171858e-07 _25856_
 1.030659e-08 1.050256e-07 3.313544e-11 1.153654e-07 _26037_
 3.499952e-09 1.086459e-07 4.449469e-11 1.121903e-07 _25695_
 2.368631e-08 8.514727e-08 1.484306e-10 1.089820e-07 fanout265
 9.678416e-09 9.816313e-08 4.480556e-11 1.078864e-07 _27553_
 9.935260e-09 9.714125e-08 4.448932e-11 1.071210e-07 _25921_
 2.480607e-08 8.074264e-08 3.313028e-11 1.055818e-07 _22355_
 9.901101e-09 9.500168e-08 3.312422e-11 1.049359e-07 _26277_
 1.195139e-08 9.257110e-08 3.312770e-11 1.045556e-07 _25922_
 1.215517e-08 9.076475e-08 4.433471e-11 1.029643e-07 _26227_
 3.392828e-08 6.661494e-08 7.916702e-11 1.006224e-07 max_cap171
 9.554207e-09 9.022184e-08 3.312897e-11 9.980917e-08 _26261_
 1.355777e-08 8.602370e-08 4.447595e-11 9.962594e-08 _26022_
 1.207512e-08 8.720387e-08 4.446878e-11 9.932344e-08 _26280_
 1.101835e-08 8.727935e-08 4.448249e-11 9.834218e-08 _26251_
 1.987889e-08 7.717614e-08 7.915089e-11 9.713418e-08 fanout176
 9.705609e-09 8.678195e-08 4.446726e-11 9.653202e-08 _26082_
 1.119105e-08 8.453400e-08 4.447732e-11 9.576953e-08 _25804_
 2.351165e-08 7.207696e-08 1.484132e-10 9.573702e-08 fanout168
 1.079714e-08 8.439550e-08 3.309944e-11 9.522574e-08 _27665_
 1.451864e-08 8.036231e-08 3.312931e-11 9.491408e-08 _26191_
 7.961826e-09 8.661137e-08 3.313447e-11 9.460633e-08 _26151_
 1.321577e-08 8.058895e-08 1.578007e-10 9.396251e-08 fanout166
 1.258369e-08 8.059709e-08 3.313268e-11 9.321392e-08 _26084_
 2.496413e-08 6.577401e-08 3.313097e-11 9.077127e-08 _22976_
 8.406151e-09 8.129267e-08 3.312800e-11 8.973195e-08 _25768_
 1.253270e-08 7.713766e-08 3.313946e-11 8.970350e-08 _25830_
 1.520603e-08 7.416942e-08 3.321136e-11 8.940867e-08 _26776_
 7.941414e-08 9.528872e-09 7.950264e-11 8.902251e-08 output15
 1.983335e-08 6.859857e-08 3.313358e-11 8.846505e-08 _22872_
 1.180607e-08 7.616769e-08 3.313440e-11 8.800689e-08 _25833_
 2.603750e-08 6.160862e-08 3.313867e-11 8.767926e-08 _24549_
 1.162652e-08 7.414395e-08 3.313544e-11 8.580361e-08 _26111_
 1.017409e-08 7.551279e-08 3.314755e-11 8.572003e-08 _26036_
 5.523866e-09 7.987600e-08 3.314787e-11 8.543302e-08 _26279_
 7.008945e-09 7.785086e-08 3.314735e-11 8.489295e-08 _26150_
 1.190253e-08 7.244442e-08 4.445976e-11 8.439141e-08 _25776_
 7.801147e-09 7.643532e-08 3.314057e-11 8.426961e-08 _26258_
 9.770648e-09 7.442063e-08 3.313265e-11 8.422440e-08 _26179_
 1.321226e-08 7.076846e-08 3.312749e-11 8.401384e-08 _26153_
 9.141866e-09 7.447183e-08 3.313768e-11 8.364684e-08 _26129_
 2.327409e-08 6.030228e-08 4.482643e-11 8.362120e-08 _17271_
 1.144488e-08 7.192303e-08 4.447140e-11 8.341238e-08 _25851_
 2.388851e-08 5.941728e-08 3.317464e-11 8.333896e-08 _29301_
 1.963603e-08 6.315133e-08 1.577668e-10 8.294512e-08 fanout260
 7.387337e-09 7.540960e-08 3.313296e-11 8.283006e-08 _25909_
 1.256721e-08 6.943797e-08 3.313499e-11 8.203831e-08 _26048_
 7.985503e-09 7.379374e-08 4.448876e-11 8.182374e-08 _25840_
 1.985520e-08 6.073820e-08 5.673496e-11 8.065015e-08 fanout256
 2.141289e-08 5.813139e-08 3.313128e-11 7.957740e-08 _25266_
 1.070092e-08 6.862972e-08 3.313864e-11 7.936378e-08 _26239_
 1.326206e-08 6.582869e-08 3.313344e-11 7.912388e-08 _25757_
 1.141373e-08 6.749308e-08 3.313121e-11 7.893993e-08 _26027_
 1.216339e-08 6.674178e-08 3.313165e-11 7.893829e-08 _26218_
 1.510031e-08 6.353043e-08 3.313286e-11 7.866387e-08 _25785_
 7.138800e-09 7.140734e-08 3.313406e-11 7.857928e-08 _25912_
 8.266007e-09 6.975487e-08 4.445342e-11 7.806533e-08 _25939_
 7.669897e-09 6.910779e-08 3.314126e-11 7.681083e-08 _26272_
 1.294140e-08 6.377173e-08 3.313685e-11 7.674626e-08 _26197_
 1.129386e-08 6.498868e-08 3.312133e-11 7.631566e-08 _26236_
 1.176577e-08 6.441022e-08 3.326581e-11 7.620926e-08 _21437_
 6.927828e-08 6.793071e-09 8.384556e-11 7.615520e-08 output41
 1.205178e-08 6.405792e-08 3.312959e-11 7.614283e-08 _26093_
 1.217301e-08 6.279409e-08 3.314236e-11 7.500024e-08 _25982_
 1.866345e-08 5.616480e-08 3.313596e-11 7.486139e-08 _26159_
 9.788974e-09 6.503886e-08 3.312904e-11 7.486096e-08 _25883_
 1.318611e-08 6.161676e-08 3.314198e-11 7.483601e-08 _26254_
 1.523289e-08 5.936818e-08 3.313128e-11 7.463421e-08 _26132_
 8.900341e-09 6.558216e-08 3.313682e-11 7.451564e-08 _25876_
 8.951654e-09 6.545512e-08 3.312773e-11 7.443990e-08 _26055_
 1.836278e-08 5.540383e-08 3.324645e-11 7.379986e-08 _27874_
 8.750566e-09 6.453335e-08 4.449007e-11 7.332841e-08 _26224_
 1.369964e-08 5.952343e-08 3.313547e-11 7.325620e-08 _26070_
 8.257824e-09 6.475551e-08 4.447918e-11 7.305781e-08 _25848_
 1.058011e-08 6.241454e-08 3.312938e-11 7.302778e-08 _25941_
 7.399135e-09 6.518834e-08 3.312883e-11 7.262060e-08 _25913_
 7.966149e-09 6.435214e-08 3.313365e-11 7.235143e-08 _25775_
 8.965801e-09 6.303152e-08 3.313475e-11 7.203045e-08 _25955_
 1.375850e-08 5.770107e-08 3.313782e-11 7.149270e-08 _26326_
 2.073544e-08 5.066160e-08 7.915089e-11 7.147619e-08 fanout175
 9.174605e-09 6.169824e-08 3.313066e-11 7.090598e-08 _26099_
 8.480579e-09 6.212925e-08 3.311964e-11 7.064295e-08 _26109_
 7.519865e-09 6.290539e-08 3.313754e-11 7.045839e-08 _25838_
 1.067984e-08 5.973470e-08 3.312959e-11 7.044767e-08 _26124_
 1.035449e-08 5.986750e-08 3.312439e-11 7.025511e-08 _25761_
 1.023057e-08 5.994453e-08 3.312797e-11 7.020822e-08 _25794_
 1.130826e-08 5.859081e-08 3.312732e-11 6.993219e-08 _25920_
 1.221886e-08 5.747407e-08 3.313151e-11 6.972606e-08 _26035_
 6.571250e-08 3.838586e-09 8.453292e-11 6.963562e-08 output57
 7.725642e-09 6.180307e-08 3.305146e-11 6.956176e-08 _19611_
 1.135393e-08 5.808326e-08 3.312876e-11 6.947032e-08 _25958_
 6.602669e-08 3.334034e-09 8.437168e-11 6.944509e-08 output28
 6.374401e-08 4.704999e-09 8.451681e-11 6.853353e-08 output52
 1.099854e-08 5.725170e-08 3.313417e-11 6.828336e-08 _25895_
 1.498297e-08 5.269402e-08 3.314236e-11 6.771013e-08 _26223_
 9.483834e-09 5.805875e-08 3.313072e-11 6.757572e-08 _25877_
 6.531478e-08 2.016925e-09 8.423359e-11 6.741594e-08 output35
 9.280829e-09 5.801767e-08 3.313417e-11 6.733163e-08 _25914_
 7.416126e-09 5.980286e-08 4.446844e-11 6.726346e-08 _25786_
 9.676443e-09 5.651604e-08 3.314019e-11 6.622562e-08 _25813_
 8.838712e-09 5.720553e-08 4.449489e-11 6.608874e-08 _26066_
 1.926918e-08 4.624982e-08 3.306678e-11 6.555207e-08 _25745_
 1.874342e-08 4.627854e-08 3.320524e-11 6.505517e-08 _26855_
 5.878495e-08 6.051542e-09 8.415095e-11 6.492064e-08 output34
 1.234683e-08 5.184548e-08 3.313881e-11 6.422545e-08 _25869_
 1.820193e-08 4.555757e-08 3.329361e-11 6.379280e-08 _28360_
 5.925312e-08 4.437201e-09 8.438376e-11 6.377471e-08 output17
 6.034058e-08 3.118749e-09 8.416103e-11 6.354350e-08 output33
 1.127401e-08 5.212370e-08 3.312924e-11 6.343084e-08 _25928_
 8.611290e-09 5.457111e-08 3.313365e-11 6.321553e-08 _25859_
 6.987926e-09 5.612380e-08 3.312188e-11 6.314485e-08 _25965_
 3.272685e-09 5.983338e-08 3.314215e-11 6.313920e-08 _25685_
 1.231479e-08 5.061754e-08 3.312546e-11 6.296546e-08 _26007_
 2.230158e-09 6.067883e-08 4.441766e-11 6.295340e-08 _25684_
 1.215162e-08 5.065070e-08 3.312374e-11 6.283545e-08 _25803_
 1.028241e-08 5.250024e-08 3.313272e-11 6.281579e-08 _26181_
 9.153688e-09 5.358287e-08 3.313189e-11 6.276969e-08 _25953_
 1.091283e-08 5.177497e-08 3.323869e-11 6.272104e-08 _21449_
 9.360026e-09 5.302394e-08 3.312622e-11 6.241709e-08 _26171_
 5.160348e-09 5.654360e-08 3.311827e-11 6.173707e-08 _26276_
 1.234737e-08 4.933322e-08 3.313334e-11 6.171372e-08 _25950_
 7.450080e-09 5.414513e-08 3.313493e-11 6.162835e-08 _25923_
 1.127882e-08 5.024417e-08 3.312722e-11 6.155611e-08 _25797_
 4.697840e-08 1.436671e-08 8.922054e-11 6.143433e-08 output13
 1.083882e-08 5.054774e-08 3.312253e-11 6.141968e-08 _26320_
 8.952428e-09 5.209442e-08 3.312388e-11 6.107997e-08 _26243_
 7.672708e-09 5.326593e-08 3.314666e-11 6.097179e-08 _26158_
 8.549073e-09 5.236747e-08 3.313268e-11 6.094967e-08 _26127_
 9.460557e-09 5.134673e-08 3.312553e-11 6.084041e-08 _25811_
 1.224143e-08 4.822542e-08 3.313423e-11 6.049999e-08 _25987_
 8.315677e-09 5.211228e-08 3.313423e-11 6.046108e-08 _26182_
 8.036760e-09 5.150306e-08 3.312952e-11 5.957295e-08 _26206_
 1.107938e-08 4.793851e-08 3.312636e-11 5.905101e-08 _16865_
 1.276661e-08 4.595561e-08 3.312267e-11 5.875534e-08 _26173_
 1.035385e-08 4.825337e-08 3.312866e-11 5.864034e-08 _25993_
 9.728657e-09 4.881466e-08 3.313138e-11 5.857645e-08 _26054_
 8.464311e-09 4.985128e-08 3.312594e-11 5.834872e-08 _26281_
 9.653089e-09 4.842473e-08 3.313957e-11 5.811096e-08 _26135_
 1.247789e-08 4.462932e-08 3.312818e-11 5.714034e-08 _25815_
 6.029107e-09 5.107351e-08 3.314463e-11 5.713576e-08 _26097_
 1.137780e-08 4.552757e-08 3.312739e-11 5.693850e-08 _25850_
 8.635357e-09 4.823724e-08 3.312945e-11 5.690573e-08 _25966_
 1.830200e-08 3.822739e-08 3.313986e-11 5.656253e-08 _28332_
 6.871650e-09 4.935053e-08 3.312418e-11 5.625531e-08 _26116_
 1.066260e-08 4.517847e-08 3.313234e-11 5.587420e-08 _25769_
 1.701990e-08 3.851074e-08 3.313210e-11 5.556377e-08 _24441_
 9.407085e-09 4.569761e-08 3.313317e-11 5.513783e-08 _17606_
 1.069466e-08 4.429388e-08 3.313314e-11 5.502168e-08 _25758_
 7.584599e-09 4.706031e-08 3.312790e-11 5.467804e-08 _25864_
 8.005140e-09 4.647738e-08 3.314253e-11 5.451566e-08 _26009_
 1.241511e-08 4.204044e-08 3.313733e-11 5.448869e-08 _25932_
 7.336763e-09 4.684607e-08 3.313936e-11 5.421597e-08 _25823_
 9.648199e-09 4.449459e-08 3.309806e-11 5.417589e-08 _25933_
 1.207667e-08 4.165152e-08 3.312980e-11 5.376132e-08 _26114_
 7.767939e-09 4.560293e-08 3.314490e-11 5.340402e-08 _25885_
 9.515611e-09 4.336253e-08 3.312780e-11 5.291127e-08 _26310_
 6.151708e-09 4.663453e-08 3.313854e-11 5.281938e-08 _26162_
 1.003070e-08 4.250315e-08 3.313379e-11 5.256697e-08 _25929_
 8.623716e-09 4.389933e-08 3.312732e-11 5.255617e-08 _25777_
 9.557297e-09 4.255092e-08 8.940297e-11 5.219762e-08 fanout261
 6.452599e-09 4.535110e-08 3.311761e-11 5.183682e-08 _26222_
 1.297591e-08 3.877160e-08 8.598427e-11 5.183350e-08 fanout654
 9.120204e-09 4.262643e-08 3.312167e-11 5.177975e-08 _25787_
 8.450952e-09 4.290732e-08 3.313778e-11 5.139141e-08 _25805_
 9.426358e-09 4.180265e-08 3.313565e-11 5.126214e-08 _25865_
 5.857217e-09 4.533041e-08 3.312742e-11 5.122076e-08 _26046_
 8.494489e-09 4.254692e-08 3.312360e-11 5.107453e-08 _26083_
 8.942620e-09 4.204163e-08 3.313754e-11 5.101738e-08 _26017_
 1.018103e-08 4.070941e-08 3.313554e-11 5.092357e-08 _25842_
 1.140938e-09 4.960783e-08 4.484179e-11 5.079361e-08 _27460_
 9.869500e-09 4.066743e-08 3.302444e-11 5.056995e-08 _20157_
 8.659858e-09 4.171632e-08 3.313007e-11 5.040931e-08 _26056_
 1.041886e-08 3.991007e-08 3.312876e-11 5.036206e-08 _25893_
 1.784789e-08 3.225499e-08 3.314041e-11 5.013602e-08 _29061_
 9.277111e-09 4.041042e-08 3.313261e-11 4.972066e-08 _26028_
 1.233138e-08 3.725637e-08 3.312897e-11 4.962088e-08 _26039_
 6.476904e-09 4.308478e-08 3.312446e-11 4.959481e-08 _26180_
 1.038924e-08 3.908826e-08 3.312388e-11 4.951063e-08 _26263_
 7.890333e-09 4.157277e-08 3.312546e-11 4.949623e-08 _25789_
 8.969094e-09 4.034932e-08 3.313523e-11 4.935155e-08 _26030_
 7.401434e-09 4.179500e-08 3.312570e-11 4.922956e-08 _26315_
 6.591270e-09 4.237422e-08 4.450571e-11 4.900999e-08 _26140_
 1.106099e-08 3.730216e-08 3.313207e-11 4.839628e-08 _25796_
 9.746135e-09 3.835726e-08 3.313468e-11 4.813653e-08 _26289_
 9.733819e-09 3.831692e-08 3.314301e-11 4.808389e-08 _26021_
 4.178213e-08 6.188352e-09 8.435252e-11 4.805483e-08 output60
 8.986844e-09 3.902321e-08 3.305008e-11 4.804311e-08 _24239_
 1.240256e-08 3.518310e-08 7.907731e-11 4.766473e-08 fanout119
 8.226176e-09 3.931012e-08 3.312178e-11 4.756942e-08 _26252_
 1.234190e-08 3.514887e-08 3.314112e-11 4.752391e-08 _25868_
 1.350766e-08 3.397274e-08 3.313527e-11 4.751353e-08 _26268_
 1.812423e-08 2.917926e-08 3.314819e-11 4.733664e-08 _28924_
 1.207077e-08 3.521516e-08 3.316917e-11 4.731910e-08 _25741_
 6.717015e-09 4.034618e-08 3.314050e-11 4.709634e-08 _26131_
 6.605045e-09 4.045760e-08 3.313527e-11 4.709579e-08 _26002_
 1.062202e-08 3.640024e-08 3.312842e-11 4.705538e-08 _26187_
 8.420732e-09 3.858526e-08 3.313782e-11 4.703913e-08 _26199_
 9.865689e-09 3.675607e-08 3.313554e-11 4.665489e-08 _25779_
 7.720371e-09 3.862482e-08 3.313606e-11 4.637833e-08 _26020_
 1.216028e-08 3.409158e-08 3.312318e-11 4.628498e-08 _15676_
 7.153242e-09 3.899014e-08 3.313386e-11 4.617651e-08 _26087_
 6.765896e-09 3.931599e-08 3.314081e-11 4.611502e-08 _26200_
 5.880612e-09 3.987633e-08 3.313014e-11 4.579007e-08 _25816_
 6.269560e-09 3.945487e-08 3.312622e-11 4.575756e-08 _25847_
 1.659665e-08 2.880595e-08 3.315518e-11 4.543575e-08 _28794_
 4.124188e-08 4.035660e-09 8.427593e-11 4.536181e-08 output36
 1.762329e-08 2.760025e-08 3.314654e-11 4.525669e-08 _28623_
 7.610112e-09 3.756624e-08 3.313368e-11 4.520948e-08 _26081_
 9.458998e-09 3.565440e-08 3.313024e-11 4.514653e-08 _25855_
 5.591134e-09 3.936635e-08 3.313771e-11 4.499062e-08 _26321_
 5.992369e-09 3.881147e-08 3.312639e-11 4.483697e-08 _25824_
 9.935664e-09 3.468270e-08 3.313678e-11 4.465150e-08 _26128_
 6.222387e-09 3.836822e-08 3.313296e-11 4.462374e-08 _26196_
 1.083941e-08 3.363246e-08 3.313423e-11 4.450500e-08 _26169_
 1.749996e-08 2.681870e-08 3.313718e-11 4.435180e-08 _27630_
 9.844428e-09 3.410866e-08 3.319209e-11 4.398628e-08 _18069_
 8.657305e-09 3.516016e-08 3.314773e-11 4.385062e-08 _26061_
 9.018724e-09 3.477732e-08 3.313128e-11 4.382917e-08 _26071_
 6.854735e-09 3.675640e-08 3.313344e-11 4.364427e-08 _26214_
 2.111636e-08 2.218307e-08 3.313064e-11 4.333256e-08 _28323_
 7.498299e-09 3.575568e-08 3.312790e-11 4.328711e-08 _25931_
 9.816936e-09 3.339644e-08 3.313089e-11 4.324651e-08 _26286_
 9.339885e-09 3.385038e-08 3.313633e-11 4.322340e-08 _25894_
 8.488443e-09 3.457316e-08 3.313055e-11 4.309473e-08 _26145_
 5.917686e-09 3.707671e-08 3.313503e-11 4.302753e-08 _25991_
 9.302388e-09 3.334831e-08 3.312645e-11 4.268382e-08 _26092_
 6.532747e-09 3.610590e-08 3.312460e-11 4.267178e-08 _25858_
 3.910555e-08 3.308521e-09 8.393022e-11 4.249800e-08 output58
 8.570551e-09 3.385692e-08 3.305366e-11 4.246052e-08 _19932_
 8.489668e-09 3.382343e-08 3.312790e-11 4.234622e-08 _26018_
 1.800591e-08 2.425151e-08 3.314595e-11 4.229057e-08 _28316_
 2.042251e-08 2.183436e-08 3.313511e-11 4.229000e-08 _28675_
 5.133123e-09 3.695771e-08 3.313114e-11 4.212397e-08 _25802_
 9.256710e-09 3.281338e-08 3.314122e-11 4.210323e-08 _25967_
 7.525238e-09 3.445735e-08 3.312388e-11 4.201572e-08 _25760_
 1.231860e-08 2.958867e-08 3.327913e-11 4.194055e-08 _27169_
 2.356641e-08 1.825880e-08 3.313009e-11 4.185834e-08 _29278_
 2.228512e-08 1.941397e-08 3.314041e-11 4.173223e-08 _28630_
 5.253206e-09 3.630871e-08 3.312722e-11 4.159504e-08 _25919_
 6.971757e-09 3.449337e-08 3.312504e-11 4.149825e-08 _25902_
 7.041006e-09 3.439016e-08 3.313792e-11 4.146430e-08 _26170_
 4.405250e-09 3.692851e-08 3.313314e-11 4.136690e-08 _25793_
 1.902108e-08 2.229834e-08 3.315156e-11 4.135257e-08 _29425_
 7.577315e-09 3.372737e-08 3.312887e-11 4.133781e-08 _26189_
 7.496295e-09 3.378639e-08 3.313303e-11 4.131581e-08 _26065_
 1.615313e-08 2.507949e-08 3.315180e-11 4.126577e-08 _27203_
 7.587453e-09 3.353336e-08 3.314659e-11 4.115396e-08 _25825_
 6.477520e-09 3.461994e-08 3.313826e-11 4.113060e-08 _25946_
 1.092919e-08 3.015865e-08 3.312336e-11 4.112096e-08 _25762_
 5.972918e-09 3.508914e-08 3.313530e-11 4.109519e-08 _26006_
 7.730516e-09 3.309583e-08 3.313940e-11 4.085949e-08 _26192_
 2.129117e-08 1.949086e-08 3.314472e-11 4.081518e-08 _29365_
 8.929326e-09 3.164556e-08 3.314205e-11 4.060803e-08 _25900_
 6.110471e-09 3.439603e-08 3.313926e-11 4.053965e-08 _26327_
 3.803585e-08 2.313030e-09 8.406226e-11 4.043294e-08 output61
 6.771633e-09 3.349889e-08 3.313151e-11 4.030365e-08 _25756_
 6.604279e-09 3.350997e-08 3.313974e-11 4.014738e-08 _25806_
 8.362734e-09 3.172958e-08 3.313695e-11 4.012545e-08 _26101_
 8.264058e-09 3.170249e-08 3.313337e-11 3.999968e-08 _25957_
 6.081462e-09 3.386006e-08 3.312931e-11 3.997465e-08 _26207_
 3.741172e-08 2.433198e-09 8.423561e-11 3.992916e-08 output38
 2.055618e-08 1.921646e-08 3.313921e-11 3.980578e-08 _27496_
 1.916365e-08 2.044051e-08 3.315983e-11 3.963732e-08 _27448_
 8.762786e-09 3.079211e-08 3.312749e-11 3.958803e-08 _25753_
 1.333250e-08 2.619015e-08 3.314257e-11 3.955580e-08 _25690_
 8.324659e-09 3.087867e-08 3.312783e-11 3.923646e-08 _26038_
 7.548531e-09 3.156551e-08 3.310006e-11 3.914714e-08 _26057_
 7.989905e-09 3.108941e-08 3.312928e-11 3.911244e-08 _26001_
 7.993468e-09 3.099810e-08 3.312770e-11 3.902470e-08 _26137_
 6.650412e-09 3.230747e-08 3.312914e-11 3.899101e-08 _26161_
 1.717148e-08 2.173693e-08 3.313590e-11 3.894154e-08 _29256_
 8.575806e-09 3.031055e-08 3.313379e-11 3.891948e-08 _25992_
 1.296207e-08 2.582709e-08 3.314187e-11 3.882230e-08 _23608_
 1.065242e-08 2.784540e-08 3.312835e-11 3.853095e-08 _19717_
 7.396288e-09 3.094002e-08 3.313885e-11 3.836945e-08 _25866_
 8.503486e-09 2.978845e-08 3.313486e-11 3.832508e-08 _26047_
 5.287644e-09 3.284728e-08 3.312897e-11 3.816805e-08 _26250_
 7.944273e-09 2.998755e-08 3.313953e-11 3.796496e-08 _17294_
 3.640848e-08 1.387433e-09 8.426483e-11 3.788018e-08 output59
 6.484356e-09 3.136258e-08 3.313733e-11 3.788007e-08 _26300_
 6.694754e-09 3.113775e-08 3.313626e-11 3.786564e-08 _17560_
 6.187226e-09 3.162195e-08 3.313579e-11 3.784231e-08 _25780_
 5.459563e-09 3.226296e-08 3.313072e-11 3.775566e-08 _25882_
 9.747305e-09 2.743673e-08 3.311850e-11 3.721715e-08 _26205_
 1.144899e-08 2.573001e-08 3.311923e-11 3.721212e-08 _21431_
 1.159744e-08 2.549237e-08 3.327554e-11 3.712308e-08 _28754_
 5.516871e-09 3.155924e-08 3.312308e-11 3.710923e-08 _15863_
 6.312753e-09 3.068828e-08 3.312980e-11 3.703417e-08 _26126_
 5.323255e-09 3.138346e-08 3.313186e-11 3.673984e-08 _26328_
 8.116587e-09 2.854313e-08 3.313805e-11 3.669286e-08 _25857_
 6.566837e-09 2.995366e-08 3.312278e-11 3.655362e-08 _25788_
 1.548590e-08 2.087717e-08 3.315924e-11 3.639622e-08 _14766_
 5.061985e-09 3.127438e-08 3.311758e-11 3.636949e-08 _25814_
 1.779434e-08 1.838518e-08 3.313336e-11 3.621265e-08 _14731_
 1.074004e-08 2.531558e-08 3.327952e-11 3.608890e-08 _27885_
 5.477895e-09 3.057553e-08 3.314229e-11 3.608657e-08 _26325_
 4.802520e-09 3.106680e-08 3.309954e-11 3.590242e-08 _16093_
 5.554164e-09 3.024702e-08 3.313234e-11 3.583432e-08 _26317_
 1.135021e-08 2.427872e-08 3.305532e-11 3.566198e-08 _23503_
 4.070312e-09 3.135359e-08 4.444108e-11 3.546834e-08 _25792_
 7.749350e-09 2.768251e-08 3.312910e-11 3.546499e-08 _17772_
 5.141958e-09 3.023443e-08 3.313413e-11 3.540952e-08 _26123_
 6.632893e-09 2.838834e-08 3.314501e-11 3.505437e-08 _25873_
 1.388131e-08 2.106225e-08 3.316313e-11 3.497673e-08 _14830_
 1.657131e-08 1.807045e-08 3.314568e-11 3.467491e-08 _29392_
 1.732005e-08 1.731427e-08 3.314244e-11 3.466746e-08 _27792_
 5.443606e-09 2.913734e-08 3.312339e-11 3.461407e-08 _25983_
 5.506742e-09 2.899941e-08 3.314343e-11 3.453929e-08 _26074_
 3.304807e-08 1.357747e-09 8.419530e-11 3.449001e-08 output37
 1.678712e-08 1.763459e-08 3.314737e-11 3.445486e-08 _28445_
 5.032144e-09 2.930601e-08 4.446561e-11 3.438262e-08 _26033_
 8.588859e-09 2.561591e-08 3.313967e-11 3.423791e-08 _16427_
 1.639490e-08 1.777941e-08 3.314709e-11 3.420746e-08 _29012_
 7.454251e-09 2.659435e-08 3.314112e-11 3.408174e-08 _26139_
 5.303531e-09 2.865177e-08 3.313843e-11 3.398844e-08 _26154_
 6.050094e-10 3.333903e-08 3.322179e-11 3.397726e-08 _25694_
 5.164957e-09 2.856611e-08 3.313547e-11 3.376421e-08 _26285_
 2.072446e-09 3.128686e-08 3.321962e-11 3.339252e-08 _25907_
 4.479855e-09 2.882714e-08 4.453616e-11 3.335153e-08 _26051_
 5.539083e-09 2.773671e-08 3.311073e-11 3.330890e-08 _25962_
 4.715149e-09 2.844443e-08 3.312367e-11 3.319270e-08 _26238_
 6.991925e-09 2.607625e-08 3.313320e-11 3.310131e-08 _26011_
 1.683882e-08 1.608467e-08 3.314578e-11 3.295663e-08 _29172_
 6.831554e-09 2.609186e-08 3.313651e-11 3.295655e-08 _18377_
 5.172623e-09 2.756814e-08 3.313134e-11 3.277389e-08 _25927_
 6.434142e-09 2.625509e-08 3.312322e-11 3.272235e-08 _26271_
 4.987838e-09 2.752607e-08 4.452783e-11 3.255844e-08 _26041_
 1.583609e-09 3.093274e-08 3.318452e-11 3.254954e-08 _25764_
 1.502718e-08 1.746054e-08 3.315422e-11 3.252087e-08 _29052_
 1.844908e-08 1.397980e-08 3.313917e-11 3.246202e-08 _28046_
 5.004971e-09 2.738331e-08 3.312267e-11 3.242140e-08 _26034_
 7.457793e-09 2.488651e-08 3.304134e-11 3.237734e-08 _19500_
 1.400632e-08 1.804100e-08 3.315869e-11 3.208048e-08 _14873_
 1.199657e-08 1.997294e-08 3.327144e-11 3.200279e-08 _27183_
 7.195782e-09 2.457285e-08 3.302603e-11 3.180166e-08 _26233_
 9.285430e-09 2.213471e-08 3.314429e-11 3.145328e-08 _26298_
 1.641085e-08 1.489584e-08 3.315449e-11 3.133984e-08 _29407_
 7.840029e-09 2.334658e-08 3.313103e-11 3.121974e-08 _20261_
 1.461955e-08 1.652105e-08 3.316347e-11 3.117377e-08 _28731_
 3.912206e-09 2.715223e-08 3.313348e-11 3.109757e-08 _26176_
 2.116058e-08 9.704382e-09 3.315466e-11 3.089811e-08 _14840_
 4.986792e-09 2.571144e-08 3.313630e-11 3.073136e-08 _26299_
 6.030687e-09 2.465183e-08 3.310701e-11 3.071562e-08 _17368_
 6.367225e-09 2.430403e-08 3.312914e-11 3.070438e-08 _25770_
 1.930871e-08 1.133633e-08 3.314086e-11 3.067817e-08 _28883_
 6.507376e-09 2.402603e-08 3.313778e-11 3.056654e-08 _25849_
 1.951683e-08 1.100861e-08 3.313549e-11 3.055858e-08 _27802_
 5.345491e-09 2.503665e-08 3.308423e-11 3.041522e-08 _26063_
 4.347918e-09 2.594317e-08 4.454402e-11 3.033564e-08 _25801_
 8.640471e-09 2.160759e-08 3.304021e-11 3.028110e-08 _19061_
 1.712834e-08 1.291894e-08 3.315091e-11 3.008043e-08 _27619_
 5.164394e-09 2.469938e-08 3.314415e-11 2.989692e-08 _25820_
 8.605884e-09 2.120727e-08 3.313286e-11 2.984629e-08 _26319_
 1.654734e-08 1.323241e-08 3.314702e-11 2.981290e-08 _28091_
 5.000282e-09 2.470503e-08 3.312408e-11 2.973844e-08 _26160_
 1.170980e-08 1.798869e-08 3.321649e-11 2.973170e-08 _20454_
 9.154194e-09 2.017103e-08 3.306116e-11 2.935829e-08 _24131_
 5.291308e-09 2.385641e-08 3.312659e-11 2.918085e-08 _26117_
 5.010492e-09 2.410152e-08 3.312753e-11 2.914514e-08 _26090_
 5.118392e-09 2.380385e-08 3.312876e-11 2.895537e-08 _26186_
 3.235196e-09 2.567031e-08 3.313413e-11 2.893864e-08 _26079_
 4.696124e-09 2.401796e-08 3.313472e-11 2.874722e-08 _26204_
 7.358833e-09 2.135371e-08 3.304396e-11 2.874558e-08 _26234_
 7.489826e-09 2.116149e-08 3.305101e-11 2.868437e-08 _24867_
 1.622221e-08 1.237328e-08 3.315511e-11 2.862865e-08 _29220_
 5.912652e-09 2.265346e-08 3.311558e-11 2.859923e-08 _26102_
 6.647059e-09 2.189588e-08 3.312987e-11 2.857607e-08 _26294_
 1.979610e-09 2.651872e-08 3.315248e-11 2.853148e-08 _26256_
 4.416195e-09 2.401930e-08 4.446630e-11 2.847997e-08 _26284_
 1.120937e-08 1.717393e-08 3.301608e-11 2.841632e-08 _18628_
 5.884509e-09 2.246363e-08 3.314009e-11 2.838128e-08 _18159_
 1.607196e-08 1.222307e-08 3.314578e-11 2.832818e-08 _15086_
 3.650688e-09 2.454922e-08 5.588795e-11 2.825580e-08 _26311_
 4.333326e-09 2.379397e-08 3.314009e-11 2.816043e-08 _26225_
 7.970808e-09 2.015463e-08 3.312880e-11 2.815856e-08 _25943_
 2.642386e-08 1.621221e-09 8.450472e-11 2.812958e-08 output62
 1.747739e-08 1.060823e-08 3.326242e-11 2.811888e-08 _14786_
 1.424641e-08 1.377012e-08 3.330057e-11 2.804983e-08 _15375_
 1.605732e-08 1.194202e-08 3.315322e-11 2.803249e-08 _28493_
 6.980291e-09 2.097677e-08 3.314728e-11 2.799021e-08 _26168_
 4.755078e-09 2.317176e-08 3.312917e-11 2.795997e-08 _25990_
 5.810278e-09 2.199547e-08 3.312253e-11 2.783887e-08 _25688_
 4.496039e-09 2.307653e-08 3.313565e-11 2.760570e-08 _26045_
 4.471822e-09 2.300097e-08 3.315086e-11 2.750594e-08 _25899_
 4.191481e-09 2.318373e-08 3.314005e-11 2.740835e-08 _25998_
 4.028860e-09 2.315021e-08 3.311345e-11 2.721218e-08 _26307_
 1.337016e-08 1.373859e-08 3.327557e-11 2.714203e-08 _29202_
 4.486298e-09 2.246967e-08 3.330078e-11 2.698927e-08 _27591_
 7.216914e-09 1.958003e-08 3.309651e-11 2.683004e-08 _25940_
 1.143267e-08 1.518704e-08 3.301567e-11 2.665273e-08 _25605_
 4.313005e-09 2.227964e-08 3.312315e-11 2.662577e-08 _17113_
 6.790984e-09 1.954041e-08 8.761602e-11 2.641901e-08 fanout655
 5.965116e-09 2.032822e-08 3.302038e-11 2.632636e-08 _26235_
 6.847188e-09 1.923687e-08 8.696492e-11 2.617102e-08 fanout635
 7.286926e-09 1.855043e-08 3.314174e-11 2.587050e-08 _25589_
 9.251152e-09 1.656745e-08 3.305521e-11 2.585166e-08 _25273_
 6.469938e-09 1.920459e-08 3.329476e-11 2.570783e-08 _19390_
 4.171739e-09 2.125632e-08 3.315499e-11 2.546121e-08 _25863_
 7.867579e-09 1.754540e-08 3.306320e-11 2.544604e-08 _22879_
 2.630171e-09 2.268475e-08 4.459163e-11 2.535952e-08 _25763_
 6.440145e-09 1.887377e-08 3.313289e-11 2.534705e-08 _26296_
 5.220263e-09 1.993896e-08 3.314590e-11 2.519237e-08 _26075_
 5.216231e-09 1.991504e-08 3.312670e-11 2.516440e-08 _26172_
 8.335935e-09 1.667722e-08 3.306330e-11 2.504622e-08 _21536_
 1.401293e-08 1.090323e-08 3.315807e-11 2.494931e-08 _14837_
 7.849137e-09 1.701765e-08 3.312666e-11 2.489992e-08 _23087_
 5.253843e-09 1.958823e-08 3.314077e-11 2.487522e-08 _26073_
 1.454348e-08 1.018466e-08 3.314823e-11 2.476128e-08 _14780_
 1.007491e-08 1.464976e-08 3.305976e-11 2.475773e-08 _20788_
 5.383776e-09 1.910598e-08 3.313599e-11 2.452289e-08 _26257_
 5.241990e-09 1.922616e-08 3.311496e-11 2.450126e-08 _26110_
 2.835199e-09 2.160337e-08 3.311957e-11 2.447169e-08 _26096_
 3.506156e-09 2.080139e-08 3.315024e-11 2.434069e-08 _26157_
 3.720147e-09 2.051453e-08 3.312835e-11 2.426781e-08 _26016_
 4.622358e-09 1.955717e-08 3.309906e-11 2.421262e-08 _25938_
 1.190736e-08 1.188656e-08 3.327106e-11 2.382719e-08 _27990_
 4.848832e-09 1.886233e-08 3.313709e-11 2.374430e-08 _25989_
 7.254577e-09 1.640810e-08 3.311479e-11 2.369579e-08 _26026_
 3.708338e-09 1.975066e-08 3.309803e-11 2.349210e-08 _26266_
 4.547311e-09 1.877258e-08 3.310350e-11 2.335300e-08 _15626_
 9.800214e-09 1.350398e-08 3.304795e-11 2.333725e-08 _21741_
 3.119444e-09 2.012442e-08 3.299116e-11 2.327685e-08 _25937_
 8.439982e-09 1.468816e-08 3.312119e-11 2.316126e-08 _22983_
 7.074738e-09 1.598163e-08 3.312560e-11 2.308949e-08 _17152_
 1.102110e-08 1.202359e-08 3.312587e-11 2.307781e-08 _25949_
 3.095011e-09 1.992437e-08 3.313916e-11 2.305252e-08 _26122_
 1.094276e-08 1.196608e-08 3.327738e-11 2.294212e-08 _28024_
 3.830724e-09 1.903933e-08 3.312718e-11 2.290318e-08 _26167_
 6.843613e-09 1.600503e-08 3.313310e-11 2.288178e-08 _25974_
 3.430484e-09 1.935369e-08 3.313912e-11 2.281731e-08 _26209_
 1.221423e-08 1.054506e-08 3.316991e-11 2.279246e-08 _14801_
 3.695800e-09 1.892093e-08 3.322905e-11 2.264996e-08 _18513_
 4.359262e-09 1.822778e-08 3.313437e-11 2.262018e-08 _16583_
 8.038007e-09 1.442556e-08 3.321608e-11 2.249678e-08 _16421_
 2.424565e-09 1.985375e-08 3.311110e-11 2.231142e-08 _26241_
 9.805170e-09 1.243388e-08 3.299870e-11 2.227205e-08 _29298_
 1.208900e-08 9.938882e-09 3.326676e-11 2.206115e-08 _14955_
 8.674614e-09 1.328049e-08 3.311510e-11 2.198822e-08 _20473_
 9.161801e-09 1.278151e-08 3.328746e-11 2.197659e-08 _14991_
 4.292952e-09 1.758052e-08 3.313909e-11 2.190662e-08 _25970_
 1.204176e-08 9.756061e-09 3.317135e-11 2.183099e-08 _28243_
 4.601634e-09 1.712759e-08 3.313069e-11 2.176236e-08 _25834_
 9.192354e-09 1.252752e-08 3.304957e-11 2.175292e-08 _23400_
 3.167417e-09 1.844422e-08 3.313189e-11 2.164477e-08 _25947_
 9.047026e-09 1.255519e-08 3.328345e-11 2.163550e-08 _29045_
 5.442531e-09 1.604604e-08 8.797985e-11 2.157655e-08 fanout636
 3.302274e-09 1.809781e-08 8.938584e-11 2.148947e-08 wire71
 8.967267e-09 1.236881e-08 3.313300e-11 2.136921e-08 _25778_
 5.149536e-09 1.586316e-08 8.653558e-11 2.109923e-08 fanout632
 1.074096e-08 1.014950e-08 3.327664e-11 2.092374e-08 _28778_
 1.164248e-08 9.238414e-09 3.326758e-11 2.091416e-08 _29288_
 4.390500e-09 1.648613e-08 3.312250e-11 2.090975e-08 _26012_
 3.226890e-09 1.763973e-08 3.313799e-11 2.089975e-08 _17026_
 4.386729e-09 1.645309e-08 3.313221e-11 2.087295e-08 _15908_
 7.188895e-09 1.359842e-08 3.313196e-11 2.082045e-08 _26288_
 6.295354e-09 1.417656e-08 7.908336e-11 2.055100e-08 fanout593
 7.083265e-09 1.342248e-08 3.329088e-11 2.053904e-08 _28108_
 1.023898e-08 1.016382e-08 3.327791e-11 2.043607e-08 _14908_
 9.935368e-09 1.045968e-08 3.313489e-11 2.042818e-08 _20155_
 3.377174e-09 1.699765e-08 3.315888e-11 2.040798e-08 _26086_
 7.983481e-09 1.211332e-08 3.313066e-11 2.012994e-08 _22057_
 2.656530e-09 1.734307e-08 3.314614e-11 2.003275e-08 _26108_
 8.733990e-09 1.103309e-08 3.305556e-11 1.980014e-08 _24763_
 2.926874e-09 1.677212e-08 5.602892e-11 1.975502e-08 _25959_
 7.913615e-09 1.174285e-08 3.312360e-11 1.968959e-08 _21316_
 7.578879e-09 1.196685e-08 3.312618e-11 1.957885e-08 _25832_
 7.941186e-09 1.139709e-08 3.307985e-11 1.937136e-08 _21208_
 4.629947e-09 1.466384e-08 3.311382e-11 1.932690e-08 _25810_
 3.805977e-09 1.548286e-08 3.318091e-11 1.932201e-08 _19046_
 3.011596e-09 1.611830e-08 3.312329e-11 1.916302e-08 _25961_
 3.482741e-09 1.561676e-08 3.310636e-11 1.913261e-08 _26025_
 1.164039e-08 7.396669e-09 3.328373e-11 1.907034e-08 _28453_
 5.489761e-09 1.341302e-08 3.323497e-11 1.893602e-08 _18075_
 7.795061e-09 1.100844e-08 3.311561e-11 1.883661e-08 _24556_
 1.188320e-08 6.912093e-09 3.327006e-11 1.882856e-08 _26610_
 9.229189e-09 9.432720e-09 3.314332e-11 1.869505e-08 _25841_
 1.481930e-09 1.710981e-08 3.318545e-11 1.862493e-08 _15698_
 8.865382e-09 9.696389e-09 3.328466e-11 1.859506e-08 _27418_
 7.207722e-09 1.132712e-08 3.328806e-11 1.856813e-08 _14886_
 4.735107e-09 1.359628e-08 5.585838e-11 1.838725e-08 fanout658
 2.289381e-09 1.601329e-08 3.315096e-11 1.833582e-08 _25773_
 4.929151e-09 1.331645e-08 3.313303e-11 1.827874e-08 _26309_
 7.876994e-10 1.742196e-08 4.461800e-11 1.825428e-08 _30967_
 6.759136e-09 1.142144e-08 3.305879e-11 1.821364e-08 _24448_
 9.304267e-09 8.827615e-09 3.328187e-11 1.816516e-08 _28643_
 2.413444e-09 1.560852e-08 8.949065e-11 1.811146e-08 fanout140
 1.743608e-08 5.798665e-10 8.436865e-11 1.810031e-08 output39
 3.023991e-09 1.491876e-08 3.307913e-11 1.797583e-08 _26105_
 5.340547e-09 1.252692e-08 3.329581e-11 1.790076e-08 _28561_
 8.453709e-09 9.230955e-09 3.328531e-11 1.771795e-08 _28176_
 3.873328e-09 1.380591e-08 3.310787e-11 1.771235e-08 _25765_
 6.520647e-09 1.113438e-08 3.329403e-11 1.768832e-08 _15178_
 2.487674e-09 1.484883e-08 3.315144e-11 1.736965e-08 _26211_
 1.001449e-08 7.131724e-09 3.328751e-11 1.717950e-08 _29191_
 6.167014e-09 1.091786e-08 3.303614e-11 1.711791e-08 _23191_
 2.393105e-09 1.464826e-08 3.314363e-11 1.707451e-08 _26143_
 5.103200e-09 1.183748e-08 3.308598e-11 1.697377e-08 _26314_
 7.512036e-09 9.250265e-09 3.328961e-11 1.679559e-08 _27138_
 3.183434e-09 1.357182e-08 3.314655e-11 1.678840e-08 _25978_
 2.582144e-09 1.387038e-08 3.314721e-11 1.648567e-08 _26249_
 2.323189e-09 1.380875e-08 3.313079e-11 1.616507e-08 _25881_
 2.199928e-09 1.381622e-08 3.318579e-11 1.604933e-08 _25862_
 2.335971e-09 1.354452e-08 3.310664e-11 1.591360e-08 _26313_
 4.097094e-09 1.154170e-08 3.329956e-11 1.567209e-08 _14986_
 9.313580e-09 6.075903e-09 3.328204e-11 1.542277e-08 _15036_
 6.407103e-09 8.850540e-09 3.331110e-11 1.529095e-08 _18817_
 4.161779e-09 1.091494e-08 8.805242e-11 1.516477e-08 fanout637
 1.015240e-08 4.857742e-09 3.328885e-11 1.504343e-08 _27487_
 6.338335e-09 8.631070e-09 3.329581e-11 1.500270e-08 _27999_
 8.977176e-09 5.785109e-09 3.327949e-11 1.479556e-08 _14843_
 1.902586e-09 1.260202e-08 4.446995e-11 1.454908e-08 _25972_
 5.616295e-09 8.737455e-09 3.312260e-11 1.438687e-08 _25483_
 7.317878e-09 7.022770e-09 3.329147e-11 1.437394e-08 _15014_
 2.754394e-09 1.148803e-08 3.312009e-11 1.427554e-08 _25926_
 4.057168e-09 1.000457e-08 3.308588e-11 1.409482e-08 _16410_
 2.133966e-09 1.190298e-08 3.319178e-11 1.407014e-08 _26175_
 5.283459e-09 8.711933e-09 3.330446e-11 1.402870e-08 _22891_
 6.126044e-09 7.840963e-09 3.311782e-11 1.400012e-08 _17191_
 7.834502e-09 6.017709e-09 3.328803e-11 1.388550e-08 _27284_
 1.922536e-09 1.186852e-08 3.313533e-11 1.382419e-08 _26115_
 3.314512e-09 1.044859e-08 3.330137e-11 1.379641e-08 _26624_
 8.262571e-09 5.475122e-09 3.328404e-11 1.377098e-08 _28235_
 2.375450e-09 1.127561e-08 3.321553e-11 1.368427e-08 _26269_
 3.129848e-09 1.040790e-08 3.310884e-11 1.357086e-08 _26221_
 3.191751e-09 1.008443e-08 3.310147e-11 1.330929e-08 _26005_
 2.013791e-09 1.122067e-08 3.312832e-11 1.326759e-08 _25846_
 1.141242e-08 1.545239e-09 8.324185e-11 1.304090e-08 output63
 6.086842e-10 1.204574e-08 4.461800e-11 1.269905e-08 _30960_
 2.542967e-09 1.003083e-08 3.310588e-11 1.260690e-08 _26304_
 6.518895e-09 6.026936e-09 3.329144e-11 1.257912e-08 _27653_
 2.008188e-09 1.052295e-08 4.477069e-11 1.257591e-08 _25754_
 6.459861e-09 6.078831e-09 3.329385e-11 1.257199e-08 _27074_
 2.140671e-09 1.026161e-08 3.314439e-11 1.243542e-08 _26166_
 2.663593e-09 9.549836e-09 3.307008e-11 1.224650e-08 _26060_
 2.405450e-09 9.626013e-09 3.313434e-11 1.206460e-08 _25997_
 1.566024e-09 1.034866e-08 3.309011e-11 1.194777e-08 _26044_
 5.540929e-09 6.364411e-09 3.329288e-11 1.193863e-08 _29328_
 1.803203e-09 1.006279e-08 3.312628e-11 1.189912e-08 _26312_
 3.121018e-09 8.600433e-09 3.313131e-11 1.175458e-08 _26324_
 2.206267e-09 9.444517e-09 3.311210e-11 1.168390e-08 _25890_
 6.035241e-10 1.102962e-08 4.461800e-11 1.167776e-08 _30958_
 1.489598e-09 1.011327e-08 4.473184e-11 1.164760e-08 _26265_
 1.721980e-09 9.821069e-09 3.319140e-11 1.157624e-08 _26184_
 5.540102e-10 1.076164e-08 4.479984e-11 1.136045e-08 _26255_
 1.520969e-09 9.756274e-09 3.298762e-11 1.131023e-08 _26231_
 1.746752e-09 9.466065e-09 3.307152e-11 1.124589e-08 _17798_
 1.755263e-09 9.436338e-09 3.319267e-11 1.122479e-08 _25976_
 6.635004e-09 4.314448e-09 3.329137e-11 1.098274e-08 _29420_
 5.308765e-09 5.396664e-09 3.322689e-11 1.073866e-08 _18511_
 1.748144e-09 8.522143e-09 3.319047e-11 1.030348e-08 _25917_
 1.519278e-09 8.699327e-09 4.471667e-11 1.026332e-08 _25896_
 1.898309e-09 8.050393e-09 3.310808e-11 9.981810e-09 _26203_
 5.200636e-09 4.744694e-09 3.313699e-11 9.978467e-09 _26217_
 1.923123e-09 7.992406e-09 3.311995e-11 9.948648e-09 _16793_
 2.110452e-09 7.791773e-09 3.317461e-11 9.935399e-09 _25977_
 1.042173e-09 8.774876e-09 4.481314e-11 9.861862e-09 _25826_
 1.685074e-09 8.136904e-09 3.318872e-11 9.855167e-09 _26248_
 5.430016e-09 4.164463e-09 3.329742e-11 9.627777e-09 _28516_
 3.179448e-09 6.372644e-09 3.309262e-11 9.585184e-09 _16176_
 3.473278e-10 9.150441e-09 4.468333e-11 9.542452e-09 _25691_
 1.754009e-09 7.751501e-09 3.313785e-11 9.538648e-09 _25836_
 2.494502e-09 6.976973e-09 5.568039e-11 9.527156e-09 fanout650
 2.474667e-09 6.960673e-09 3.312202e-11 9.468462e-09 _25809_
 2.192698e-09 7.176987e-09 3.317960e-11 9.402864e-09 _26024_
 1.934354e-09 7.401915e-09 3.320197e-11 9.369471e-09 _26088_
 2.128819e-09 7.184692e-09 3.315805e-11 9.346669e-09 _25808_
 1.605132e-09 7.645355e-09 3.312790e-11 9.283616e-09 _26215_
 1.467784e-09 7.619851e-09 3.310381e-11 9.120738e-09 _26015_
 1.488736e-09 7.583168e-09 3.304695e-11 9.104951e-09 _17098_
 5.690612e-09 3.154940e-09 3.329791e-11 8.878850e-09 _15100_
 1.896564e-09 6.847036e-09 3.318214e-11 8.776782e-09 _26050_
 1.026220e-09 7.690100e-09 3.323229e-11 8.749552e-09 _25791_
 2.468123e-09 6.183229e-09 3.304885e-11 8.684401e-09 _15671_
 6.611950e-10 7.664175e-09 3.329631e-11 8.358666e-09 _26274_
 2.100125e-09 6.215928e-09 3.313344e-11 8.349187e-09 _25960_
 1.073605e-09 7.183944e-09 4.474100e-11 8.302290e-09 _25888_
 1.036841e-09 7.205077e-09 3.322000e-11 8.275139e-09 _26133_
 1.284747e-09 6.939286e-09 4.469380e-11 8.268727e-09 _26282_
 2.019941e-09 6.215349e-09 3.330839e-11 8.268598e-09 _21000_
 1.051508e-09 7.088124e-09 4.479791e-11 8.184431e-09 _26067_
 1.912464e-09 6.151550e-09 3.323009e-11 8.097245e-09 _26004_
 1.726859e-09 6.306824e-09 3.315661e-11 8.066841e-09 _26095_
 1.882838e-09 6.117939e-09 3.313134e-11 8.033909e-09 _25969_
 1.150625e-09 6.739775e-09 4.481816e-11 7.935218e-09 _26322_
 9.341340e-10 6.857740e-09 4.478888e-11 7.836663e-09 _26155_
 3.390523e-09 4.343996e-09 3.330335e-11 7.767822e-09 _29108_
 1.613748e-09 5.846896e-09 3.326674e-11 7.493911e-09 _25755_
 1.754720e-09 5.672915e-09 3.316060e-11 7.460796e-09 _25898_
 1.323050e-09 5.918362e-09 3.305538e-11 7.274467e-09 _26107_
 1.186940e-09 6.019585e-09 4.464282e-11 7.251169e-09 _26301_
 1.657290e-09 5.553330e-09 3.314411e-11 7.243765e-09 _25853_
 1.598710e-09 5.480769e-09 3.317220e-11 7.112650e-09 _26323_
 7.500159e-10 6.288096e-09 5.548718e-11 7.093599e-09 _25680_
 8.052494e-10 6.246323e-09 3.295668e-11 7.084529e-09 _25701_
 1.768587e-09 5.208669e-09 8.939592e-11 7.066652e-09 fanout638
 1.435646e-09 5.462061e-09 3.299457e-11 6.930702e-09 _18228_
 2.624542e-09 4.260965e-09 3.330739e-11 6.918814e-09 _28519_
 1.035102e-09 5.803348e-09 3.297065e-11 6.871420e-09 _16034_
 1.278786e-09 5.546462e-09 3.323525e-11 6.858483e-09 _25799_
 3.050065e-09 3.766925e-09 3.330382e-11 6.850295e-09 _29402_
 8.027685e-10 5.933399e-09 4.472198e-11 6.780889e-09 _25844_
 2.507204e-09 4.217732e-09 3.330484e-11 6.758241e-09 _23603_
 1.420704e-09 5.232733e-09 3.324413e-11 6.686681e-09 _26240_
 1.260837e-09 5.107781e-09 3.305683e-11 6.401675e-09 _26104_
 4.942386e-10 5.838301e-09 3.295519e-11 6.365495e-09 _25726_
 1.445803e-09 4.843997e-09 3.320472e-11 6.323004e-09 _25889_
 9.941793e-10 5.206698e-09 3.324657e-11 6.234124e-09 _26142_
 1.210671e-09 4.947466e-09 3.321907e-11 6.191356e-09 _25818_
 5.498317e-09 4.702366e-10 8.196689e-11 6.050521e-09 output64
 7.487080e-10 5.217324e-09 4.461800e-11 6.010651e-09 _30963_
 5.201422e-09 6.009754e-10 8.683693e-11 5.889234e-09 output40
 7.530209e-10 5.018686e-09 5.635598e-11 5.828062e-09 _25870_
 8.931069e-10 4.854793e-09 3.304141e-11 5.780942e-09 _18172_
 3.059137e-09 2.534803e-09 3.330279e-11 5.627242e-09 _15054_
 1.376546e-09 4.199161e-09 3.322138e-11 5.608928e-09 _26247_
 4.617625e-10 5.069134e-09 4.461800e-11 5.575515e-09 _30962_
 1.123074e-09 4.402532e-09 3.311021e-11 5.558717e-09 _25945_
 2.024579e-09 3.398766e-09 3.330656e-11 5.456652e-09 _29130_
 1.009054e-09 4.315721e-09 8.934955e-11 5.414124e-09 fanout634
 1.317170e-09 3.945837e-09 8.917721e-11 5.352184e-09 fanout653
 1.125291e-09 4.089890e-09 3.316969e-11 5.248350e-09 _25845_
 9.620020e-10 4.224645e-09 3.321959e-11 5.219866e-09 _25996_
 1.199281e-09 3.964867e-09 3.311266e-11 5.197261e-09 _26220_
 1.100378e-09 3.946233e-09 3.319140e-11 5.079802e-09 _25925_
 1.070443e-09 3.974048e-09 3.319378e-11 5.077685e-09 _26302_
 9.271828e-10 4.090792e-09 3.326199e-11 5.051237e-09 _16569_
 9.404780e-10 4.035468e-09 3.313365e-11 5.009080e-09 _26194_
 9.398767e-10 3.963982e-09 3.324361e-11 4.937102e-09 _25897_
 4.475680e-09 3.739338e-10 8.736505e-11 4.936979e-09 output18
 1.240141e-09 3.487059e-09 8.919938e-11 4.816399e-09 fanout652
 6.720012e-10 4.084454e-09 3.328750e-11 4.789743e-09 _26031_
 1.051282e-09 3.695282e-09 3.328309e-11 4.779848e-09 _26121_
 1.170424e-09 3.450498e-09 8.933746e-11 4.710259e-09 fanout660
 6.543508e-10 4.005731e-09 4.470455e-11 4.704787e-09 _25968_
 9.008284e-10 3.676506e-09 3.305779e-11 4.610393e-09 _26165_
 1.030144e-09 3.462341e-09 3.318851e-11 4.525673e-09 _26213_
 7.515160e-10 3.709225e-09 4.461800e-11 4.505359e-09 _30961_
 1.006898e-09 3.412829e-09 3.324705e-11 4.452974e-09 _25772_
 4.128054e-09 2.050611e-10 8.712820e-11 4.420244e-09 output31
 4.616658e-10 3.887528e-09 4.461800e-11 4.393812e-09 _30959_
 1.213295e-09 3.117159e-09 3.331081e-11 4.363764e-09 _24217_
 5.404268e-10 3.778603e-09 3.326330e-11 4.352293e-09 _26183_
 6.265936e-10 3.575219e-09 5.635868e-11 4.258172e-09 _25879_
 8.410839e-10 3.269307e-09 3.320100e-11 4.143592e-09 _25880_
 7.136024e-10 3.271479e-09 3.318789e-11 4.018269e-09 _25971_
 7.740502e-10 3.132841e-09 3.331100e-11 3.940202e-09 _28790_
 8.755699e-10 2.980320e-09 3.329668e-11 3.889186e-09 _25871_
 1.053001e-09 2.700815e-09 8.926389e-11 3.843079e-09 fanout633
 3.398142e-10 3.425175e-09 4.483291e-11 3.809822e-09 _26147_
 8.167929e-10 2.929758e-09 3.325666e-11 3.779808e-09 _26077_
 7.367988e-10 2.925101e-09 3.326082e-11 3.695161e-09 _26201_
 4.614221e-10 3.060479e-09 4.461800e-11 3.566519e-09 _30965_
 9.318023e-10 2.540016e-09 5.587034e-11 3.527688e-09 fanout817
 4.614064e-10 3.019246e-09 4.461800e-11 3.525271e-09 _30964_
 4.434069e-10 3.025906e-09 3.328178e-11 3.502594e-09 _25860_
 9.038800e-10 2.526357e-09 3.312332e-11 3.463361e-09 _17910_
 3.236621e-09 1.068470e-10 8.712820e-11 3.430596e-09 output23
 4.131669e-10 2.969552e-09 4.480218e-11 3.427521e-09 _26219_
 4.613535e-10 2.874075e-09 4.461800e-11 3.380047e-09 _30966_
 3.000827e-09 2.580392e-10 8.712820e-11 3.345995e-09 output21
 3.141816e-09 1.118784e-10 8.069394e-11 3.334388e-09 output42
 6.636467e-10 2.590708e-09 3.303701e-11 3.287392e-09 _16933_
 5.642780e-10 2.585166e-09 8.950376e-11 3.238948e-09 max_cap68
 3.921299e-10 2.774815e-09 4.480866e-11 3.211753e-09 _26003_
 1.769916e-10 2.981984e-09 3.295440e-11 3.191930e-09 _25724_
 5.207442e-10 2.622911e-09 3.296628e-11 3.176622e-09 _16348_
 8.041497e-10 2.252912e-09 3.302062e-11 3.090082e-09 _16254_
 4.189895e-10 2.496726e-09 3.301202e-11 2.948727e-09 _25683_
 3.578693e-10 2.492632e-09 4.481823e-11 2.895319e-09 _25817_
 2.367095e-09 3.039312e-10 8.083707e-11 2.751863e-09 output44
 2.871094e-10 2.372114e-09 3.330016e-11 2.692524e-09 _26094_
 2.263814e-09 1.533524e-10 8.083707e-11 2.498004e-09 output43
 2.098647e-09 2.756058e-10 8.083707e-11 2.455090e-09 output56
 3.267265e-10 2.081090e-09 4.480907e-11 2.452625e-09 _25952_
 7.742100e-10 1.633637e-09 3.326051e-11 2.441108e-09 _16439_
 1.930587e-09 3.882233e-10 8.083707e-11 2.399647e-09 output45
 2.685422e-10 2.082457e-09 3.323174e-11 2.384231e-09 _25693_
 1.924886e-09 3.687128e-10 8.712820e-11 2.380727e-09 output25
 1.964460e-09 3.149928e-10 8.712820e-11 2.366581e-09 output26
 1.908737e-09 3.745809e-10 8.083707e-11 2.364156e-09 output53
 1.930337e-09 3.379127e-10 8.083707e-11 2.349087e-09 output48
 5.126688e-10 1.767231e-09 3.303890e-11 2.312939e-09 _26014_
 5.913924e-10 1.548951e-09 8.945537e-11 2.229799e-09 fanout659
 1.711634e-09 4.100614e-10 8.712820e-11 2.208824e-09 output22
 1.905048e-09 2.160309e-10 8.083707e-11 2.201916e-09 output47
 1.192721e-09 9.478340e-10 3.330981e-11 2.173865e-09 _27483_
 5.446533e-10 1.594937e-09 3.322830e-11 2.172818e-09 _26295_
 1.880931e-09 1.937680e-10 8.083707e-11 2.155536e-09 output49
 1.873262e-09 1.894246e-10 8.083707e-11 2.143524e-09 output50
 1.948288e-09 9.414847e-11 8.712820e-11 2.129565e-09 output32
 1.900569e-09 1.468432e-10 8.083707e-11 2.128249e-09 output55
 1.872443e-09 1.573956e-10 8.083707e-11 2.110675e-09 output46
 1.877229e-09 1.452132e-10 8.083707e-11 2.103280e-09 output54
 1.705433e-09 2.982389e-10 8.712820e-11 2.090800e-09 output24
 3.037923e-10 1.741101e-09 4.480025e-11 2.089693e-09 _25781_
 1.877318e-09 1.258870e-10 8.083707e-11 2.084042e-09 output51
 1.723094e-09 2.182691e-10 8.712820e-11 2.028492e-09 output19
 1.591076e-09 2.725611e-10 8.712820e-11 1.950766e-09 output27
 3.226242e-10 1.566532e-09 3.296211e-11 1.922118e-09 _25935_
 7.390312e-10 1.134249e-09 4.513487e-11 1.918415e-09 _30968_
 1.615612e-09 1.840763e-10 8.712820e-11 1.886817e-09 output29
 7.390857e-10 1.101632e-09 4.513487e-11 1.885853e-09 _30971_
 1.581706e-09 1.894961e-10 8.712820e-11 1.858330e-09 output30
 2.942498e-10 1.525084e-09 3.296001e-11 1.852294e-09 _17403_
 1.625093e-09 1.203970e-10 8.712820e-11 1.832618e-09 output20
 7.393245e-10 9.726625e-10 4.513487e-11 1.757122e-09 _30975_
 2.477041e-10 1.418150e-09 4.483435e-11 1.710689e-09 _25771_
 7.395214e-10 8.597581e-10 4.513487e-11 1.644414e-09 _30970_
 4.033138e-10 1.191233e-09 3.296542e-11 1.627512e-09 _17573_
 7.524946e-10 7.919682e-10 4.513487e-11 1.589598e-09 _30977_
 2.887603e-10 1.175434e-09 3.297340e-11 1.497167e-09 _17525_
 1.287272e-10 1.310975e-09 3.330760e-11 1.473010e-09 _26273_
 7.410942e-10 6.508811e-10 4.513487e-11 1.437110e-09 _30972_
 7.419925e-10 5.709520e-10 4.513487e-11 1.358079e-09 _30976_
 2.206934e-10 1.091336e-09 3.295671e-11 1.344986e-09 _17876_
 7.422915e-10 5.442178e-10 4.513487e-11 1.331644e-09 _30973_
 2.265968e-10 1.060801e-09 3.296394e-11 1.320362e-09 _26230_
 3.017926e-10 9.828864e-10 3.295482e-11 1.317634e-09 _25718_
 7.424505e-10 5.298943e-10 4.513487e-11 1.317480e-09 _30974_
 7.435942e-10 4.279452e-10 4.513487e-11 1.216674e-09 _30969_
 2.268558e-10 9.080932e-10 3.301691e-11 1.167966e-09 _25681_
 2.114929e-10 9.094342e-10 3.295485e-11 1.153882e-09 _25702_
 2.672057e-10 7.895495e-10 8.948964e-11 1.146245e-09 fanout639
 1.482796e-10 9.586624e-10 3.296039e-11 1.139902e-09 _15744_
 1.416804e-10 9.135118e-10 3.295998e-11 1.088152e-09 _18303_
 1.453418e-10 8.686358e-10 3.323174e-11 1.047209e-09 _25692_
 1.549678e-10 6.436776e-10 8.949570e-11 8.881411e-10 fanout917
 1.654130e-10 6.245839e-10 3.330212e-11 8.232990e-10 _26040_
 1.752286e-10 6.015824e-10 3.298225e-11 8.097932e-10 _26059_
 9.000239e-11 6.684928e-10 4.484317e-11 8.033383e-10 _25924_
 9.017027e-11 6.233506e-10 5.559491e-11 7.691158e-10 fanout878
 2.522562e-10 4.675806e-10 3.295465e-11 7.527914e-10 _25722_
 1.459312e-10 5.449058e-10 3.330467e-11 7.241417e-10 _26291_
 7.713206e-11 5.421974e-10 3.295437e-11 6.522838e-10 _17446_
 1.519346e-10 4.625216e-10 3.295489e-11 6.474111e-10 _25715_
 1.212900e-10 4.184604e-10 8.949570e-11 6.292460e-10 fanout912
 7.936154e-11 4.919257e-10 3.295437e-11 6.042416e-10 _25707_
 5.937999e-11 5.037897e-10 3.295437e-11 5.961240e-10 _25706_
 1.140854e-10 3.583380e-10 8.948259e-11 5.619060e-10 fanout645
 1.507609e-10 3.153025e-10 3.295457e-11 4.990179e-10 _25705_
 2.336601e-11 4.361564e-10 3.295423e-11 4.924767e-10 _25711_
 2.283041e-10 2.161777e-10 3.296273e-11 4.774445e-10 _16163_
 1.891022e-10 2.484589e-10 3.328392e-11 4.708450e-10 _17231_
 7.557504e-11 3.430187e-10 3.331121e-11 4.519050e-10 _25790_
 4.164321e-11 3.311618e-10 7.899870e-11 4.518037e-10 fanout827
 4.164326e-11 3.278403e-10 7.899870e-11 4.484823e-10 fanout826
 4.228532e-11 2.708312e-10 8.952088e-11 4.026374e-10 max_cap79
 6.599166e-11 2.788565e-10 5.559491e-11 4.004430e-10 fanout939
 7.997352e-11 2.581958e-10 5.559491e-11 3.937643e-10 fanout870
 4.152783e-11 2.607874e-10 8.952088e-11 3.918361e-10 max_cap74
 6.799080e-11 2.656639e-10 5.559491e-11 3.892496e-10 fanout900
 4.165612e-11 2.648443e-10 7.899870e-11 3.854991e-10 fanout824
 6.593484e-11 2.631521e-10 5.559491e-11 3.846819e-10 fanout938
 4.453134e-12 3.466292e-10 3.295413e-11 3.840365e-10 _25730_
 4.449369e-12 3.274545e-10 3.295413e-11 3.648580e-10 _25734_
 3.827774e-11 2.467057e-10 7.899870e-11 3.639822e-10 fanout819
 6.522554e-11 2.207515e-10 5.559491e-11 3.415720e-10 fanout867
 3.922280e-11 2.221703e-10 7.899870e-11 3.403918e-10 fanout821
 6.805883e-11 2.114585e-10 5.559491e-11 3.351123e-10 fanout893
 6.810923e-11 2.091447e-10 5.559491e-11 3.328489e-10 fanout906
 6.317436e-11 2.104993e-10 5.559491e-11 3.292686e-10 fanout843
 2.306170e-11 2.722468e-10 3.295420e-11 3.282627e-10 _25713_
 1.067704e-10 1.879414e-10 3.295554e-11 3.276674e-10 _15667_
 6.873632e-11 2.022190e-10 5.559491e-11 3.265502e-10 fanout853
 7.121523e-11 1.947437e-10 5.559491e-11 3.215539e-10 fanout844
 2.418464e-11 2.598636e-10 3.295420e-11 3.170024e-10 _25723_
 6.821541e-11 1.913652e-10 5.559491e-11 3.151756e-10 fanout910
 6.378003e-11 1.940381e-10 5.559491e-11 3.134131e-10 fanout837
 2.406703e-11 2.553035e-10 3.295420e-11 3.123247e-10 _25704_
 6.558344e-11 1.860936e-10 5.559491e-11 3.072720e-10 fanout895
 6.312571e-11 1.867596e-10 5.559491e-11 3.054802e-10 fanout909
 6.420706e-11 1.824971e-10 5.559491e-11 3.022991e-10 fanout922
 8.516728e-11 1.832722e-10 3.295454e-11 3.013940e-10 _25709_
 2.504667e-11 2.407796e-10 3.295423e-11 2.987805e-10 _25717_
 6.703411e-11 1.740144e-10 5.559491e-11 2.966435e-10 fanout915
 2.923817e-11 2.199099e-10 3.295423e-11 2.821023e-10 _25720_
 6.386119e-11 1.610905e-10 5.559491e-11 2.805466e-10 fanout835
 5.081135e-11 1.956251e-10 3.295998e-11 2.793965e-10 _26229_
 3.705868e-11 1.571598e-10 7.899870e-11 2.732172e-10 fanout823
 3.094123e-11 2.014702e-10 3.295416e-11 2.653656e-10 _25725_
 4.194843e-11 1.378344e-10 7.899870e-11 2.587815e-10 fanout825
 2.882226e-11 1.824435e-10 4.484455e-11 2.561104e-10 _26228_
 3.927361e-11 1.361351e-10 7.899870e-11 2.544074e-10 fanout822
 2.838038e-11 1.568962e-10 4.484407e-11 2.301207e-10 _26058_
 4.568670e-12 1.904676e-10 3.295413e-11 2.279903e-10 _25735_
 5.038207e-11 1.170606e-10 3.295427e-11 2.003969e-10 _16843_
 3.157536e-17 2.567881e-16 1.578570e-10 1.578573e-10 fanout1052
 1.497387e-11 1.093832e-10 3.331214e-11 1.576692e-10 _26076_
 1.360091e-11 9.919023e-11 3.295501e-11 1.457461e-10 _15507_
 7.407584e-12 9.482668e-11 3.295413e-11 1.351884e-10 _25736_
 2.407386e-11 7.335470e-11 3.295420e-11 1.303827e-10 _25719_
 1.778986e-11 6.646276e-11 3.331228e-11 1.175649e-10 _18086_
 7.721047e-12 6.569143e-11 3.295413e-11 1.063666e-10 _15433_
 4.739039e-12 5.923225e-11 3.295413e-11 9.692541e-11 _25703_
 4.554587e-12 5.560509e-11 3.295413e-11 9.311381e-11 _25727_
 1.031526e-11 4.883883e-11 3.295413e-11 9.210822e-11 _15445_
 1.652648e-17 3.081442e-16 8.950225e-11 8.950258e-11 fanout1048
 5.199895e-12 4.573914e-11 3.295413e-11 8.389317e-11 _25714_
 4.918540e-12 4.364134e-11 3.295413e-11 8.151400e-11 _25731_
 1.017447e-11 3.650338e-11 3.331281e-11 7.999067e-11 _22967_
 4.675409e-12 4.218573e-11 3.295413e-11 7.981527e-11 _25729_
 6.173605e-12 4.033637e-11 3.295413e-11 7.946410e-11 _15751_
 1.875294e-17 1.240836e-16 7.901885e-11 7.901900e-11 fanout1092
 1.700149e-17 7.850401e-17 7.901885e-11 7.901895e-11 fanout1099
 5.061455e-12 3.955318e-11 3.295413e-11 7.756876e-11 _25708_
 8.614347e-12 3.420442e-11 3.295413e-11 7.577290e-11 _25716_
 4.891194e-12 3.694559e-11 3.295413e-11 7.479091e-11 _25732_
 4.697874e-12 3.537811e-11 3.295413e-11 7.303011e-11 _25710_
 5.335905e-12 3.450601e-11 3.295413e-11 7.279604e-11 _25739_
 4.814415e-12 3.111140e-11 3.295413e-11 6.887994e-11 _25733_
 5.898936e-12 2.782791e-11 3.295413e-11 6.668097e-11 _24596_
 6.354862e-12 1.925274e-11 3.295413e-11 5.856173e-11 _21040_
 5.838434e-12 1.972053e-11 3.295413e-11 5.851310e-11 _15480_
 6.258341e-12 1.788259e-11 3.295413e-11 5.709506e-11 _25700_
 8.889320e-18 3.207025e-17 5.681376e-11 5.681380e-11 fanout1115
 8.888808e-18 3.255662e-17 5.681376e-11 5.681380e-11 fanout1124
 8.877145e-18 2.771685e-17 5.681376e-11 5.681380e-11 fanout1067
 9.528823e-18 2.867816e-17 5.681376e-11 5.681380e-11 fanout1101
 8.740042e-18 2.827878e-17 5.681376e-11 5.681380e-11 fanout1111
 9.167374e-18 2.975141e-17 5.681376e-11 5.681380e-11 fanout1126
 9.183840e-18 2.629395e-17 5.681376e-11 5.681379e-11 fanout1128
 9.487513e-18 5.819365e-17 5.559415e-11 5.559422e-11 fanout1038
 1.144238e-17 4.460513e-17 5.559415e-11 5.559420e-11 fanout1036
 1.127500e-17 4.026431e-17 5.559415e-11 5.559420e-11 fanout1041
 1.186582e-17 3.501161e-17 5.559415e-11 5.559420e-11 fanout1044
 1.130027e-17 3.324860e-17 5.559415e-11 5.559419e-11 fanout1042
 5.227586e-12 1.676541e-11 3.295413e-11 5.494713e-11 _25712_
 5.032195e-12 1.619584e-11 3.295413e-11 5.418217e-11 _22921_
 6.246654e-12 9.246262e-12 3.295413e-11 4.844704e-11 _22818_
 5.905380e-12 8.822092e-12 3.295413e-11 4.768160e-11 _25422_
 6.167696e-12 8.473372e-12 3.295413e-11 4.759520e-11 _17633_
 6.868307e-12 6.986443e-12 3.295413e-11 4.680888e-11 _23865_
 6.342859e-12 6.826950e-12 3.295413e-11 4.612394e-11 _22301_
 5.240182e-12 7.610668e-12 3.295413e-11 4.580498e-11 _25721_
 6.074924e-12 6.605292e-12 3.295413e-11 4.563434e-11 _17452_
 0.000000e+00 0.000000e+00 4.528590e-11 4.528590e-11 input11
 5.246755e-15 3.601482e-14 4.520334e-11 4.524461e-11 input10
 7.338123e-15 2.647512e-14 4.490873e-11 4.494254e-11 input4
 8.118050e-15 4.199963e-14 4.483433e-11 4.488444e-11 input3
 7.591756e-15 2.799168e-14 4.484795e-11 4.488353e-11 input2
 6.469889e-15 2.035832e-14 4.479094e-11 4.481777e-11 input5
 7.483916e-15 2.488170e-14 4.477264e-11 4.480500e-11 input1
 8.529570e-18 4.826759e-17 4.442295e-11 4.442301e-11 fanout1040
 2.482537e-18 1.313632e-17 3.295482e-11 3.295484e-11 _25752_
 0.000000e+00 0.000000e+00 3.295413e-11 3.295413e-11 _25751_
