     Internal    Switching      Leakage        Total
        Power        Power        Power        Power (Watts)
----------------------------------------------------
 4.139380e-07 1.473235e-06 6.700369e-13 1.887174e-06 clkbuf_0_core_clk
 2.076176e-07 1.020443e-06 3.062942e-13 1.228061e-06 clkbuf_4_9_0_core_clk
 2.073660e-07 9.506445e-07 3.062942e-13 1.158011e-06 clkbuf_4_8_0_core_clk
 1.610717e-07 9.938861e-07 5.608291e-13 1.154958e-06 clkbuf_0_v_clk
 2.059788e-07 5.680657e-07 3.062942e-13 7.740448e-07 clkbuf_4_12_0_core_clk
 2.059238e-07 5.512019e-07 3.062942e-13 7.571260e-07 clkbuf_4_4_0_core_clk
 2.058706e-07 5.364890e-07 3.062942e-13 7.423600e-07 clkbuf_4_5_0_core_clk
 2.058427e-07 5.286793e-07 3.062942e-13 7.345223e-07 clkbuf_4_2_0_core_clk
 2.057779e-07 5.123529e-07 3.062942e-13 7.181310e-07 clkbuf_4_13_0_core_clk
 2.057308e-07 4.989673e-07 3.062942e-13 7.046984e-07 clkbuf_4_10_0_core_clk
 2.056770e-07 4.826809e-07 3.062942e-13 6.883582e-07 clkbuf_4_1_0_core_clk
 2.056462e-07 4.757967e-07 3.062942e-13 6.814432e-07 clkbuf_4_14_0_core_clk
 2.056236e-07 4.680234e-07 3.062942e-13 6.736473e-07 clkbuf_4_7_0_core_clk
 2.055877e-07 4.580584e-07 3.062942e-13 6.636464e-07 clkbuf_4_6_0_core_clk
 2.054423e-07 4.192128e-07 3.062942e-13 6.246554e-07 clkbuf_4_15_0_core_clk
 2.054280e-07 4.136624e-07 3.062942e-13 6.190907e-07 clkbuf_4_3_0_core_clk
 2.053992e-07 4.056919e-07 3.062942e-13 6.110914e-07 clkbuf_4_0_0_core_clk
 2.053867e-07 4.035323e-07 3.062942e-13 6.089194e-07 clkbuf_4_11_0_core_clk
 2.027477e-07 3.848118e-07 1.652900e-13 5.875597e-07 u_icg
 1.411975e-07 4.426879e-07 5.519461e-13 5.838859e-07 clkbuf_2_2__f_w_clk
 4.080657e-07 1.367077e-07 6.755000e-13 5.447740e-07 clkbuf_0_clk
 1.592749e-07 3.810343e-07 5.608291e-13 5.403098e-07 clkbuf_3_3__f_v_clk
 1.407222e-07 3.741748e-07 5.519461e-13 5.148976e-07 clkbuf_2_0__f_w_clk
 4.030056e-07 1.091839e-07 6.755000e-13 5.121901e-07 clkbuf_1_1__f_clk
 1.396028e-07 3.633105e-07 5.519461e-13 5.029138e-07 clkbuf_0_w_clk
 1.589798e-07 3.434846e-07 5.608291e-13 5.024649e-07 clkbuf_3_7__f_v_clk
 1.588392e-07 3.255423e-07 5.608291e-13 4.843821e-07 clkbuf_3_4__f_v_clk
 7.080583e-08 4.101458e-07 3.342225e-13 4.809520e-07 fanout5344
 1.404679e-07 3.375514e-07 5.519461e-13 4.780199e-07 clkbuf_2_3__f_w_clk
 1.587585e-07 3.146472e-07 5.608291e-13 4.734063e-07 clkbuf_3_6__f_v_clk
 1.404282e-07 3.318056e-07 5.519461e-13 4.722343e-07 clkbuf_2_1__f_w_clk
 1.587299e-07 3.109642e-07 5.608291e-13 4.696947e-07 clkbuf_3_2__f_v_clk
 6.998297e-08 3.985409e-07 3.342225e-13 4.685242e-07 fanout5323
 1.587109e-07 3.089238e-07 5.608291e-13 4.676352e-07 clkbuf_3_5__f_v_clk
 3.981617e-07 6.221880e-08 6.755000e-13 4.603811e-07 clkbuf_1_0__f_clk
 1.586452e-07 3.004234e-07 5.608291e-13 4.590692e-07 clkbuf_3_1__f_v_clk
 1.585177e-07 2.838835e-07 5.608291e-13 4.424017e-07 clkbuf_3_0__f_v_clk
 6.979989e-08 3.243594e-07 3.345160e-13 3.941597e-07 fanout5279
 1.045261e-07 2.595458e-07 1.740815e-13 3.640720e-07 u_icg_w
 1.128289e-07 2.077558e-07 1.734316e-13 3.205848e-07 u_icg_v
 3.645275e-08 2.782741e-07 1.462845e-13 3.147270e-07 fanout5282
 3.652616e-08 2.563736e-07 1.462845e-13 2.928999e-07 wire5283
 3.658323e-08 2.469268e-07 1.462845e-13 2.835101e-07 fanout5278
 3.647254e-08 1.901378e-07 1.461796e-13 2.266104e-07 fanout5331
 3.631984e-08 1.711737e-07 1.462845e-13 2.074937e-07 fanout5280
 3.638807e-08 1.666134e-07 1.461796e-13 2.030016e-07 fanout5321
 3.634890e-08 1.593071e-07 1.461796e-13 1.956562e-07 fanout5325
 3.633782e-08 1.566217e-07 1.461796e-13 1.929596e-07 fanout5343
 3.637790e-08 1.508334e-07 1.277155e-13 1.872115e-07 fanout4478
 7.984048e-08 1.072844e-07 2.611994e-13 1.871251e-07 clkbuf_leaf_10_v_clk
 3.634135e-08 1.500268e-07 1.277155e-13 1.863683e-07 fanout4476
 3.621053e-08 1.445098e-07 1.277155e-13 1.807205e-07 fanout4468
 3.644796e-08 1.429505e-07 1.461796e-13 1.793986e-07 fanout5324
 3.637687e-08 1.426988e-07 1.461796e-13 1.790758e-07 fanout5327
 7.957844e-08 9.924415e-08 2.611994e-13 1.788229e-07 clkbuf_leaf_9_v_clk
 7.001703e-08 1.059979e-07 2.575314e-13 1.760152e-07 clkbuf_leaf_23_w_clk
 2.877361e-08 1.469393e-07 7.508722e-13 1.757137e-07 fanout2625
 7.000680e-08 1.055951e-07 2.575314e-13 1.756022e-07 clkbuf_leaf_16_w_clk
 3.646522e-08 1.384115e-07 1.277155e-13 1.748768e-07 fanout4472
 6.994321e-08 1.036049e-07 2.575314e-13 1.735484e-07 clkbuf_leaf_15_w_clk
 6.991799e-08 1.028759e-07 2.575314e-13 1.727941e-07 clkbuf_leaf_20_w_clk
 3.641121e-08 1.351437e-07 1.461796e-13 1.715550e-07 fanout5312
 3.642100e-08 1.346884e-07 1.461796e-13 1.711096e-07 fanout5319
 6.985150e-08 1.003728e-07 2.575314e-13 1.702246e-07 clkbuf_leaf_26_w_clk
 6.982564e-08 1.000004e-07 2.575314e-13 1.698263e-07 clkbuf_leaf_22_w_clk
 6.981718e-08 9.926887e-08 2.575314e-13 1.690863e-07 clkbuf_leaf_31_w_clk
 6.974802e-08 9.755094e-08 2.575314e-13 1.672992e-07 clkbuf_leaf_18_w_clk
 7.917532e-08 8.804213e-08 2.611994e-13 1.672177e-07 clkbuf_leaf_23_v_clk
 1.668700e-07 0.000000e+00 6.121159e-13 1.668706e-07 clkload8
 7.922144e-08 8.761698e-08 2.611994e-13 1.668387e-07 clkbuf_leaf_37_v_clk
 6.964615e-08 9.438415e-08 2.575314e-13 1.640306e-07 clkbuf_leaf_19_w_clk
 6.965715e-08 9.427251e-08 2.575314e-13 1.639299e-07 clkbuf_leaf_34_w_clk
 7.912029e-08 8.452003e-08 2.611994e-13 1.636406e-07 clkbuf_leaf_36_v_clk
 7.905575e-08 8.434721e-08 2.611994e-13 1.634032e-07 clkbuf_leaf_29_v_clk
 3.628857e-08 1.261902e-07 1.277155e-13 1.624789e-07 fanout4464
 7.894920e-08 8.341458e-08 2.611994e-13 1.623640e-07 clkbuf_leaf_55_v_clk
 7.898852e-08 8.227337e-08 2.611994e-13 1.612621e-07 clkbuf_leaf_32_v_clk
 7.890970e-08 8.218291e-08 2.611994e-13 1.610929e-07 clkbuf_leaf_46_v_clk
 7.897223e-08 8.177071e-08 2.611994e-13 1.607432e-07 clkbuf_leaf_35_v_clk
 7.902290e-08 8.154400e-08 2.611994e-13 1.605672e-07 clkbuf_leaf_41_v_clk
 6.951699e-08 8.996943e-08 2.575314e-13 1.594867e-07 clkbuf_leaf_24_w_clk
 7.896136e-08 8.031660e-08 2.611994e-13 1.592782e-07 clkbuf_leaf_4_v_clk
 7.899323e-08 8.027918e-08 2.611994e-13 1.592727e-07 clkbuf_leaf_13_v_clk
 7.897450e-08 8.006062e-08 2.611994e-13 1.590354e-07 clkbuf_leaf_34_v_clk
 7.897463e-08 7.983426e-08 2.611994e-13 1.588091e-07 clkbuf_leaf_57_v_clk
 7.888856e-08 7.918977e-08 2.611994e-13 1.580786e-07 clkbuf_leaf_30_v_clk
 7.891472e-08 7.888528e-08 2.611994e-13 1.578003e-07 clkbuf_leaf_5_v_clk
 6.946244e-08 8.825098e-08 2.575314e-13 1.577137e-07 clkbuf_leaf_30_w_clk
 7.890624e-08 7.862153e-08 2.611994e-13 1.575280e-07 clkbuf_leaf_8_v_clk
 7.887683e-08 7.707447e-08 2.611994e-13 1.559516e-07 clkbuf_leaf_39_v_clk
 7.888366e-08 7.693502e-08 2.611994e-13 1.558189e-07 clkbuf_leaf_21_v_clk
 6.939613e-08 8.618243e-08 2.575314e-13 1.555788e-07 clkbuf_leaf_29_w_clk
 7.880956e-08 7.675808e-08 2.611994e-13 1.555679e-07 clkbuf_leaf_25_v_clk
 6.938643e-08 8.588044e-08 2.575314e-13 1.552671e-07 clkbuf_leaf_28_w_clk
 7.872141e-08 7.631306e-08 2.611994e-13 1.550347e-07 clkbuf_leaf_44_v_clk
 6.930765e-08 8.376768e-08 2.575314e-13 1.530756e-07 clkbuf_leaf_12_w_clk
 6.931732e-08 8.368461e-08 2.575314e-13 1.530022e-07 clkbuf_leaf_35_w_clk
 6.929280e-08 8.333329e-08 2.575314e-13 1.526263e-07 clkbuf_leaf_17_w_clk
 7.864456e-08 7.391390e-08 2.611994e-13 1.525587e-07 clkbuf_leaf_47_v_clk
 7.877493e-08 7.361081e-08 2.611994e-13 1.523860e-07 clkbuf_leaf_16_v_clk
 7.873518e-08 7.337343e-08 2.611994e-13 1.521089e-07 clkbuf_leaf_6_v_clk
 7.868316e-08 7.285340e-08 2.611994e-13 1.515368e-07 clkbuf_leaf_31_v_clk
 7.873677e-08 7.244661e-08 2.611994e-13 1.511836e-07 clkbuf_leaf_14_v_clk
 7.872341e-08 7.238728e-08 2.611994e-13 1.511110e-07 clkbuf_leaf_42_v_clk
 7.878135e-08 7.231527e-08 2.611994e-13 1.510969e-07 clkbuf_leaf_62_v_clk
 7.874842e-08 7.230970e-08 2.611994e-13 1.510584e-07 clkbuf_leaf_0_v_clk
 7.877492e-08 7.212213e-08 2.611994e-13 1.508973e-07 clkbuf_leaf_69_v_clk
 7.870573e-08 7.161806e-08 2.611994e-13 1.503240e-07 clkbuf_leaf_58_v_clk
 7.855667e-08 7.117271e-08 2.611994e-13 1.497296e-07 clkbuf_leaf_53_v_clk
 7.869086e-08 7.055640e-08 2.611994e-13 1.492475e-07 clkbuf_leaf_1_v_clk
 7.867042e-08 7.054000e-08 2.611994e-13 1.492107e-07 clkbuf_leaf_52_v_clk
 7.871724e-08 7.037129e-08 2.611994e-13 1.490888e-07 clkbuf_leaf_68_v_clk
 7.865160e-08 6.997216e-08 2.611994e-13 1.486240e-07 clkbuf_leaf_50_v_clk
 6.918007e-08 7.943642e-08 2.575314e-13 1.486167e-07 clkbuf_leaf_27_w_clk
 6.917919e-08 7.940420e-08 2.575314e-13 1.485836e-07 clkbuf_leaf_32_w_clk
 6.894155e-08 7.947871e-08 2.575314e-13 1.484205e-07 clkbuf_leaf_3_w_clk
 7.863839e-08 6.978076e-08 2.611994e-13 1.484194e-07 clkbuf_leaf_43_v_clk
 7.861373e-08 6.902341e-08 2.611994e-13 1.476374e-07 clkbuf_leaf_38_v_clk
 7.861659e-08 6.889324e-08 2.611994e-13 1.475101e-07 clkbuf_leaf_60_v_clk
 7.860363e-08 6.838106e-08 2.611994e-13 1.469849e-07 clkbuf_leaf_22_v_clk
 7.859598e-08 6.814617e-08 2.611994e-13 1.467424e-07 clkbuf_leaf_19_v_clk
 6.909291e-08 7.669646e-08 2.575314e-13 1.457896e-07 clkbuf_leaf_33_w_clk
 7.853553e-08 6.629870e-08 2.611994e-13 1.448345e-07 clkbuf_leaf_18_v_clk
 7.852989e-08 6.624305e-08 2.611994e-13 1.447732e-07 clkbuf_leaf_59_v_clk
 7.846603e-08 6.616025e-08 2.611994e-13 1.446265e-07 clkbuf_leaf_27_v_clk
 7.839185e-08 6.603257e-08 2.611994e-13 1.444247e-07 clkbuf_leaf_54_v_clk
 7.856428e-08 6.573169e-08 2.611994e-13 1.442962e-07 clkbuf_leaf_63_v_clk
 7.851343e-08 6.574029e-08 2.611994e-13 1.442540e-07 clkbuf_leaf_61_v_clk
 7.851951e-08 6.532739e-08 2.611994e-13 1.438472e-07 clkbuf_leaf_67_v_clk
 7.843563e-08 6.522296e-08 2.611994e-13 1.436588e-07 clkbuf_leaf_24_v_clk
 7.835775e-08 6.496923e-08 2.611994e-13 1.433272e-07 clkbuf_leaf_48_v_clk
 6.878778e-08 7.451091e-08 2.575314e-13 1.432989e-07 clkbuf_leaf_8_w_clk
 7.847952e-08 6.316053e-08 2.611994e-13 1.416403e-07 clkbuf_leaf_64_v_clk
 6.872880e-08 7.262676e-08 2.575314e-13 1.413558e-07 clkbuf_leaf_11_w_clk
 7.842514e-08 6.292913e-08 2.611994e-13 1.413545e-07 clkbuf_leaf_20_v_clk
 7.839567e-08 6.295191e-08 2.611994e-13 1.413478e-07 clkbuf_leaf_7_v_clk
 6.895006e-08 7.230199e-08 2.575314e-13 1.412523e-07 clkbuf_leaf_25_w_clk
 7.840698e-08 6.249070e-08 2.611994e-13 1.408979e-07 clkbuf_leaf_51_v_clk
 6.870789e-08 7.191830e-08 2.575314e-13 1.406264e-07 clkbuf_leaf_7_w_clk
 6.864509e-08 6.989988e-08 2.575314e-13 1.385452e-07 clkbuf_leaf_10_w_clk
 7.831825e-08 5.920330e-08 2.611994e-13 1.375218e-07 clkbuf_leaf_3_v_clk
 6.861209e-08 6.881251e-08 2.575314e-13 1.374248e-07 clkbuf_leaf_5_w_clk
 7.823007e-08 5.887555e-08 2.611994e-13 1.371059e-07 clkbuf_leaf_28_v_clk
 7.823635e-08 5.805657e-08 2.611994e-13 1.362932e-07 clkbuf_leaf_11_v_clk
 7.829595e-08 5.759365e-08 2.611994e-13 1.358898e-07 clkbuf_leaf_65_v_clk
 7.824376e-08 5.693008e-08 2.611994e-13 1.351741e-07 clkbuf_leaf_71_v_clk
 7.816906e-08 5.699339e-08 2.611994e-13 1.351627e-07 clkbuf_leaf_26_v_clk
 7.819682e-08 5.626967e-08 2.611994e-13 1.344667e-07 clkbuf_leaf_40_v_clk
 6.864204e-08 6.528604e-08 2.575314e-13 1.339283e-07 clkbuf_leaf_43_w_clk
 7.817491e-08 5.540350e-08 2.611994e-13 1.335787e-07 clkbuf_leaf_49_v_clk
 6.844473e-08 6.339509e-08 2.575314e-13 1.318401e-07 clkbuf_leaf_0_w_clk
 7.805196e-08 5.338518e-08 2.611994e-13 1.314374e-07 clkbuf_leaf_33_v_clk
 7.809426e-08 5.238231e-08 2.611994e-13 1.304768e-07 clkbuf_leaf_2_v_clk
 7.806751e-08 5.200358e-08 2.611994e-13 1.300713e-07 clkbuf_leaf_15_v_clk
 6.838966e-08 6.160557e-08 2.575314e-13 1.299955e-07 clkbuf_leaf_6_w_clk
 6.851961e-08 6.141777e-08 2.575314e-13 1.299376e-07 clkbuf_leaf_44_w_clk
 6.835787e-08 6.058233e-08 2.575314e-13 1.289405e-07 clkbuf_leaf_2_w_clk
 7.803062e-08 5.087616e-08 2.611994e-13 1.289070e-07 clkbuf_leaf_17_v_clk
 6.847443e-08 5.997865e-08 2.575314e-13 1.284533e-07 clkbuf_leaf_40_w_clk
 6.833855e-08 5.998984e-08 2.575314e-13 1.283287e-07 clkbuf_leaf_13_w_clk
 7.805374e-08 5.024473e-08 2.611994e-13 1.282987e-07 clkbuf_leaf_66_v_clk
 7.797889e-08 4.939911e-08 2.611994e-13 1.273783e-07 clkbuf_leaf_56_v_clk
 6.843031e-08 5.858517e-08 2.575314e-13 1.270157e-07 clkbuf_leaf_38_w_clk
 7.779162e-08 4.731655e-08 2.611994e-13 1.251084e-07 clkbuf_leaf_45_v_clk
 6.832280e-08 5.518136e-08 2.575314e-13 1.235044e-07 clkbuf_leaf_37_w_clk
 7.770681e-08 4.300304e-08 2.611994e-13 1.207101e-07 clkbuf_leaf_70_v_clk
 2.116122e-08 9.910442e-08 7.111498e-14 1.202657e-07 fanout4486
 1.626042e-08 1.031472e-07 3.478455e-13 1.194080e-07 fanout3832
 2.122651e-08 9.573460e-08 7.479908e-14 1.169612e-07 fanout5340
 6.811040e-08 4.847297e-08 2.575314e-13 1.165836e-07 clkbuf_leaf_41_w_clk
 6.804979e-08 4.655912e-08 2.575314e-13 1.146092e-07 clkbuf_leaf_42_w_clk
 7.712811e-09 1.066987e-07 1.380453e-13 1.144117e-07 wire1316
 1.468883e-08 9.517581e-08 3.139823e-13 1.098650e-07 fanout5147
 2.111250e-08 8.797129e-08 7.479908e-14 1.090839e-07 fanout5320
 1.722393e-08 9.159100e-08 2.988407e-13 1.088152e-07 fanout5157
 1.747154e-08 9.016970e-08 2.781824e-13 1.076415e-07 fanout3987
 1.241815e-08 9.512013e-08 2.724749e-13 1.075385e-07 fanout3753
 2.105719e-08 8.236356e-08 7.111498e-14 1.034208e-07 fanout4490
 2.115125e-08 8.212595e-08 7.111498e-14 1.032773e-07 fanout4471
 2.114774e-08 8.043264e-08 7.479908e-14 1.015805e-07 fanout5342
 2.114853e-08 7.993878e-08 7.479908e-14 1.010874e-07 fanout5335
 1.173741e-08 8.816070e-08 3.590109e-13 9.989848e-08 fanout5138
 1.560427e-08 8.329765e-08 3.014377e-13 9.890222e-08 fanout5263
 1.825119e-08 8.042527e-08 2.802218e-13 9.867674e-08 hold8
 1.594624e-08 8.141944e-08 3.109451e-13 9.736600e-08 fanout5205
 1.173652e-08 8.491321e-08 3.622828e-13 9.665009e-08 fanout5133
 1.392193e-08 8.207998e-08 3.013642e-13 9.600220e-08 fanout3908
 5.078526e-09 8.977469e-08 7.110662e-14 9.485328e-08 wire1221
 1.568056e-08 7.777025e-08 3.025234e-13 9.345111e-08 fanout5234
 1.813158e-08 7.448973e-08 2.772434e-13 9.262158e-08 fanout3559
 1.285394e-08 7.958651e-08 3.536704e-13 9.244080e-08 fanout3840
 1.366264e-08 7.865062e-08 3.157136e-13 9.231357e-08 fanout3903
 9.217428e-08 0.000000e+00 2.789822e-13 9.217456e-08 clkload4
 9.191335e-08 0.000000e+00 2.789822e-13 9.191363e-08 clkload14
 9.169031e-08 0.000000e+00 2.789822e-13 9.169059e-08 clkload3
 9.159476e-08 0.000000e+00 2.789822e-13 9.159503e-08 clkload5
 9.152332e-08 0.000000e+00 2.789822e-13 9.152360e-08 clkload12
 1.390657e-08 7.746510e-08 3.446176e-13 9.137202e-08 max_cap2775
 1.596695e-08 7.428883e-08 2.692323e-13 9.025604e-08 fanout3827
 2.123019e-08 6.897180e-08 7.479908e-14 9.020206e-08 fanout5341
 8.203035e-09 8.128277e-08 1.229414e-13 8.948593e-08 wire3830
 8.006375e-09 8.140150e-08 1.238963e-13 8.940799e-08 max_cap3966
 1.632418e-08 7.291440e-08 3.478455e-13 8.923892e-08 fanout3833
 8.687000e-09 7.995625e-08 1.241533e-13 8.864337e-08 wire2776
 1.576421e-08 7.270975e-08 3.014377e-13 8.847426e-08 fanout5264
 1.236441e-08 7.591316e-08 2.724749e-13 8.827784e-08 fanout3751
 7.572180e-09 8.051862e-08 1.275739e-13 8.809094e-08 wire2234
 1.415025e-08 7.312421e-08 3.526726e-13 8.727481e-08 fanout5198
 4.363669e-09 8.205340e-08 7.125839e-14 8.641715e-08 wire1582
 1.150469e-08 7.491123e-08 3.627963e-13 8.641628e-08 fanout3952
 1.599358e-08 6.814940e-08 3.145545e-13 8.414329e-08 fanout5236
 1.542553e-08 6.406441e-08 3.156401e-13 7.949026e-08 fanout5266
 7.013977e-09 7.229482e-08 1.395614e-13 7.930895e-08 wire3907
 9.303225e-09 6.975000e-08 1.277365e-13 7.905335e-08 wire3480
 1.598971e-08 6.300997e-08 2.692323e-13 7.899995e-08 fanout3828
 1.481209e-08 6.406511e-08 3.099034e-13 7.887751e-08 fanout5600
 9.018505e-09 6.859060e-08 1.339113e-13 7.760924e-08 wire2327
 6.162233e-09 7.052783e-08 1.185032e-13 7.669018e-08 wire2882
 1.559683e-08 6.077419e-08 3.451899e-13 7.637137e-08 fanout5373
 1.665992e-08 5.948507e-08 2.788426e-13 7.614527e-08 fanout5658
 1.369532e-08 6.174022e-08 3.013642e-13 7.543584e-08 fanout3909
 9.069264e-09 6.602430e-08 2.750132e-13 7.509384e-08 fanout5185
 1.254910e-08 6.168607e-08 2.668995e-13 7.423544e-08 fanout5166
 4.800668e-09 6.901317e-08 7.271445e-14 7.381391e-08 wire2280
 1.115741e-08 6.198722e-08 3.638087e-13 7.314499e-08 fanout5260
 1.587883e-08 5.694172e-08 2.864134e-13 7.282083e-08 max_cap1976
 1.029834e-08 6.110130e-08 3.713208e-13 7.140001e-08 fanout5295
 1.252878e-08 5.864674e-08 3.446029e-13 7.117585e-08 fanout3746
 4.820284e-09 6.588778e-08 7.271445e-14 7.070813e-08 max_cap2278
 1.260742e-08 5.771168e-08 2.634076e-13 7.031937e-08 fanout3842
 5.139895e-09 6.462376e-08 7.513246e-14 6.976374e-08 max_cap3986
 1.576282e-08 5.150973e-08 2.718881e-13 6.727282e-08 fanout5644
 7.740484e-09 5.951033e-08 1.374839e-13 6.725095e-08 fanout5593
 9.051890e-09 5.795793e-08 1.479974e-13 6.700997e-08 wire3361
 3.589892e-09 6.329037e-08 7.618657e-14 6.688034e-08 wire3841
 8.491985e-09 5.676897e-08 1.238018e-13 6.526108e-08 wire3438
 7.891983e-09 5.676688e-08 1.278047e-13 6.465899e-08 wire2682
 1.279357e-08 5.135676e-08 3.501783e-13 6.415068e-08 fanout5163
 1.154434e-08 5.205571e-08 2.545017e-13 6.360031e-08 fanout5211
 1.276552e-08 5.065949e-08 2.558807e-13 6.342526e-08 fanout5228
 7.771818e-09 5.562559e-08 1.278152e-13 6.339754e-08 max_cap1744
 5.234178e-09 5.799338e-08 7.190215e-14 6.322763e-08 max_cap1945
 1.069611e-08 5.251769e-08 2.542815e-13 6.321405e-08 fanout4002
 1.293559e-08 5.001216e-08 3.589669e-13 6.294812e-08 fanout5256
 4.136642e-09 5.862976e-08 7.630066e-14 6.276648e-08 max_cap2220
 9.293719e-09 5.340295e-08 1.277365e-13 6.269680e-08 wire3481
 5.046612e-09 5.750763e-08 7.201311e-14 6.255432e-08 wire1299
 1.254521e-08 4.946677e-08 3.446029e-13 6.201233e-08 fanout3749
 3.601204e-09 5.839889e-08 7.667331e-14 6.200018e-08 max_cap2313
 9.421739e-09 5.224515e-08 1.268709e-13 6.166702e-08 fanout5646
 7.550729e-09 5.387606e-08 1.271541e-13 6.142692e-08 fanout5633
 1.011184e-08 5.045968e-08 3.662590e-13 6.057189e-08 fanout3968
 4.283639e-09 5.620875e-08 7.118198e-14 6.049246e-08 max_cap2291
 7.894240e-09 5.226410e-08 1.515595e-13 6.015849e-08 wire2874
 1.003582e-08 5.005591e-08 2.912112e-13 6.009202e-08 fanout1881
 7.750461e-09 5.231793e-08 1.468379e-13 6.006854e-08 fanout5395
 4.756622e-09 5.528774e-08 7.316245e-14 6.004444e-08 max_cap2170
 7.623581e-09 5.236761e-08 1.476773e-13 5.999134e-08 max_cap2977
 8.220470e-09 5.121926e-08 1.311570e-13 5.943987e-08 wire2909
 9.662739e-09 4.972625e-08 3.233724e-13 5.938931e-08 fanout1362
 1.326915e-08 4.506469e-08 2.429730e-14 5.833386e-08 max_cap5409
 7.762491e-09 5.015695e-08 1.484957e-13 5.791959e-08 wire2443
 9.404864e-09 4.849497e-08 1.268709e-13 5.789996e-08 fanout5650
 1.002835e-08 4.769398e-08 2.912112e-13 5.772262e-08 fanout1878
 5.740547e-09 5.197221e-08 7.459861e-14 5.771283e-08 wire1731
 7.635683e-09 4.992593e-08 1.367338e-13 5.756175e-08 wire3495
 4.560083e-09 5.158882e-08 7.246008e-14 5.614898e-08 max_cap5265
 1.307574e-08 4.252758e-08 2.429730e-14 5.560334e-08 max_cap5408
 8.961854e-09 4.650129e-08 3.420647e-13 5.546349e-08 fanout5170
 6.950907e-09 4.834633e-08 2.442752e-13 5.529749e-08 fanout3684
 7.565452e-09 4.757098e-08 1.271541e-13 5.513656e-08 fanout5623
 8.286810e-09 4.671723e-08 2.643612e-13 5.500431e-08 fanout3874
 7.813186e-09 4.707343e-08 1.481128e-13 5.488677e-08 wire2461
 1.307985e-08 4.178830e-08 2.429730e-14 5.486818e-08 fanout5315
 7.623301e-09 4.708621e-08 1.367338e-13 5.470965e-08 wire3494
 7.566701e-09 4.712286e-08 1.468379e-13 5.468971e-08 fanout5394
 3.659349e-09 5.098856e-08 6.920987e-14 5.464797e-08 max_cap5229
 7.457563e-09 4.679967e-08 1.534062e-13 5.425739e-08 max_cap3967
 8.263925e-09 4.512750e-08 2.643612e-13 5.339169e-08 fanout3881
 4.706900e-09 4.861618e-08 7.140076e-14 5.332316e-08 max_cap1773
 8.635495e-09 4.438569e-08 3.694722e-13 5.302156e-08 max_cap3019
 9.580108e-09 4.324962e-08 2.498064e-13 5.282998e-08 fanout5196
 7.555540e-09 4.423936e-08 1.468379e-13 5.179505e-08 fanout5381
 9.748775e-09 4.197243e-08 2.937054e-13 5.172150e-08 fanout5406
 9.539555e-09 4.214310e-08 3.233724e-13 5.168298e-08 fanout5574
 9.625276e-09 4.161911e-08 2.937054e-13 5.124468e-08 fanout5405
 7.657169e-09 4.333329e-08 1.541092e-13 5.099061e-08 max_cap2435
 1.435074e-08 3.654451e-08 3.387489e-13 5.089559e-08 max_cap2455
 7.481891e-09 4.334037e-08 1.524409e-13 5.082242e-08 wire3558
 7.636124e-09 4.305186e-08 1.470793e-13 5.068813e-08 wire2671
 8.384258e-09 4.224681e-08 3.704405e-13 5.063144e-08 fanout5245
 9.714261e-09 4.058096e-08 3.233724e-13 5.029554e-08 fanout1363
 4.780574e-09 4.548868e-08 7.274061e-14 5.026933e-08 max_cap5149
 7.650843e-09 4.245686e-08 2.569812e-13 5.010796e-08 fanout3595
 7.217520e-09 4.267994e-08 2.441724e-13 4.989770e-08 fanout2462
 7.729120e-09 4.215261e-08 1.374839e-13 4.988187e-08 fanout5592
 3.686848e-09 4.604164e-08 7.360314e-14 4.972857e-08 max_cap1435
 1.020434e-08 3.951371e-08 3.775418e-13 4.971842e-08 fanout4533
 1.296368e-08 3.655385e-08 2.429730e-14 4.951756e-08 max_cap1413
 1.002678e-08 3.939007e-08 2.912112e-13 4.941714e-08 fanout1880
 4.815714e-09 4.286494e-08 7.005671e-14 4.768073e-08 wire800
 6.851144e-09 4.019777e-08 1.550902e-13 4.704907e-08 max_cap2221
 8.895751e-09 3.771839e-08 2.750132e-13 4.661441e-08 fanout5184
 3.317878e-09 4.272414e-08 7.683765e-14 4.604210e-08 wire3953
 8.629281e-09 3.738316e-08 1.263777e-13 4.601257e-08 fanout5657
 8.142562e-09 3.771928e-08 1.501011e-13 4.586199e-08 fanout5372
 6.583358e-09 3.919833e-08 1.543295e-13 4.578184e-08 max_cap3515
 7.732136e-09 3.794300e-08 1.374839e-13 4.567527e-08 fanout5589
 4.554241e-09 4.073577e-08 7.298346e-14 4.529009e-08 wire1662
 3.191700e-09 4.154928e-08 7.694965e-14 4.474106e-08 wire3797
 7.879775e-09 3.646583e-08 1.365082e-13 4.434574e-08 fanout5401
 9.101633e-09 3.515864e-08 2.750132e-13 4.426055e-08 fanout5176
 8.921213e-09 3.494905e-08 3.420647e-13 4.387061e-08 fanout5172
 7.520705e-09 3.621805e-08 1.271541e-13 4.373888e-08 fanout5624
 5.565017e-09 3.804363e-08 7.396010e-14 4.360872e-08 wire2171
 4.888055e-09 3.871729e-08 7.290914e-14 4.360542e-08 wire851
 8.094073e-09 3.520046e-08 3.527166e-13 4.329489e-08 fanout2011
 8.618251e-09 3.424066e-08 1.263777e-13 4.285904e-08 fanout5655
 7.519313e-09 3.528478e-08 1.468379e-13 4.280423e-08 fanout5387
 7.787301e-09 3.494953e-08 3.672714e-13 4.273720e-08 fanout5141
 7.734181e-09 3.494620e-08 1.365082e-13 4.268051e-08 fanout5400
 7.541328e-09 3.472681e-08 1.468379e-13 4.226829e-08 fanout5378
 6.502419e-09 3.575184e-08 2.488675e-13 4.225450e-08 fanout3698
 6.980751e-09 3.526534e-08 2.442752e-13 4.224634e-08 fanout3683
 7.730728e-09 3.413986e-08 1.374839e-13 4.187073e-08 fanout5588
 4.489795e-09 3.717651e-08 7.556897e-14 4.166638e-08 wire1248
 7.539048e-09 3.408958e-08 1.271541e-13 4.162875e-08 fanout5630
 7.538312e-09 3.403105e-08 1.468379e-13 4.156950e-08 fanout5386
 7.538362e-09 3.401798e-08 1.271541e-13 4.155646e-08 fanout5606
 7.524403e-09 3.383644e-08 1.468379e-13 4.136099e-08 fanout5379
 7.519768e-09 3.376331e-08 1.468379e-13 4.128322e-08 fanout5391
 7.546859e-09 3.346329e-08 1.468379e-13 4.101029e-08 fanout5392
 8.238541e-09 3.273723e-08 3.704405e-13 4.097614e-08 fanout5244
 7.542233e-09 3.340780e-08 1.271541e-13 4.095017e-08 fanout5607
 6.499024e-09 3.437359e-08 3.668458e-13 4.087298e-08 fanout3569
 7.536942e-09 3.323221e-08 1.271541e-13 4.076928e-08 fanout5631
 7.530049e-09 3.304789e-08 1.271541e-13 4.057807e-08 fanout5615
 7.541857e-09 3.285339e-08 1.271541e-13 4.039538e-08 fanout5603
 7.540144e-09 3.263795e-08 1.271541e-13 4.017822e-08 fanout5613
 7.527884e-09 3.255861e-08 1.271541e-13 4.008662e-08 fanout5617
 7.529144e-09 3.254303e-08 1.271541e-13 4.007231e-08 fanout5611
 4.332772e-09 3.558345e-08 7.100298e-14 3.991630e-08 max_cap5634
 7.533957e-09 3.224826e-08 1.271541e-13 3.978234e-08 fanout5604
 7.533934e-09 3.223871e-08 1.271541e-13 3.977277e-08 fanout5608
 3.879796e-09 3.566932e-08 7.652571e-14 3.954919e-08 max_cap2414
 7.738602e-09 3.122408e-08 1.374839e-13 3.896282e-08 fanout5598
 3.330767e-09 3.548422e-08 6.915126e-14 3.881506e-08 wire2770
 7.536603e-09 3.106371e-08 1.271541e-13 3.860044e-08 fanout5629
 5.750564e-09 3.270283e-08 7.459861e-14 3.845347e-08 max_cap1732
 6.564552e-09 3.157716e-08 1.518848e-13 3.814186e-08 fanout5164
 1.319943e-08 2.451482e-08 2.429730e-14 3.771427e-08 max_cap1412
 4.819478e-09 3.274356e-08 7.242344e-14 3.756311e-08 max_cap5215
 5.303069e-09 3.213941e-08 1.308003e-13 3.744261e-08 fanout1882
 3.519913e-09 3.388258e-08 7.669110e-14 3.740257e-08 wire1118
 7.535250e-09 2.977596e-08 1.271541e-13 3.731133e-08 fanout5605
 5.326203e-09 3.193510e-08 1.123231e-13 3.726142e-08 fanout5349
 8.081541e-09 2.907652e-08 3.527166e-13 3.715841e-08 fanout3863
 5.018086e-09 3.208481e-08 7.541613e-14 3.710297e-08 wire3447
 4.278440e-09 3.278121e-08 3.763387e-13 3.706002e-08 fanout5124
 8.892689e-09 2.791681e-08 2.429730e-14 3.680952e-08 wire1365
 4.614923e-09 3.215019e-08 7.148659e-14 3.676518e-08 wire2923
 4.447096e-09 3.213139e-08 7.514607e-14 3.657856e-08 wire2672
 3.376047e-09 3.313315e-08 7.683765e-14 3.650928e-08 max_cap3954
 3.604130e-08 0.000000e+00 2.976166e-13 3.604159e-08 clkload53
 3.593978e-08 0.000000e+00 2.976166e-13 3.594008e-08 clkload57
 6.569579e-09 2.937007e-08 2.508923e-13 3.593990e-08 fanout3818
 6.544845e-09 2.933252e-08 1.184035e-13 3.587748e-08 fanout5232
 3.580404e-08 0.000000e+00 2.976166e-13 3.580434e-08 clkload56
 5.183178e-09 3.056485e-08 1.617319e-13 3.574819e-08 max_cap279
 1.336447e-08 2.236996e-08 2.429730e-14 3.573445e-08 max_cap1410
 4.363146e-09 3.127181e-08 7.523401e-14 3.563503e-08 max_cap2922
 8.584622e-09 2.698635e-08 1.263777e-13 3.557110e-08 fanout5653
 4.348001e-09 3.120407e-08 7.519842e-14 3.555214e-08 wire1719
 4.378487e-09 3.117167e-08 7.517015e-14 3.555023e-08 wire2218
 5.405700e-09 3.014044e-08 7.073397e-14 3.554621e-08 max_cap3560
 4.260798e-09 3.127056e-08 6.971965e-14 3.553143e-08 max_cap2149
 4.589100e-09 3.069528e-08 7.152322e-14 3.528445e-08 max_cap1470
 4.297053e-09 3.073744e-08 7.518794e-14 3.503456e-08 wire2626
 5.494339e-09 2.939915e-08 2.476937e-13 3.489374e-08 fanout2797
 4.673812e-09 3.008757e-08 7.136411e-14 3.476145e-08 max_cap1334
 7.485817e-09 2.691672e-08 1.468379e-13 3.440268e-08 fanout5388
 4.255953e-09 3.013108e-08 7.611538e-14 3.438711e-08 wire5200
 4.241221e-09 2.930588e-08 7.279505e-14 3.354718e-08 wire3304
 5.312436e-09 2.813688e-08 1.123231e-13 3.344944e-08 fanout5368
 5.223863e-09 2.816690e-08 1.308003e-13 3.339089e-08 fanout1879
 4.687759e-09 2.864152e-08 6.986725e-14 3.332935e-08 wire1094
 4.529214e-09 2.877714e-08 7.125735e-14 3.330642e-08 max_cap1367
 5.212627e-09 2.790324e-08 7.143006e-14 3.311593e-08 hold269
 5.293653e-09 2.778210e-08 7.335193e-14 3.307583e-08 max_cap1296
 1.329874e-08 1.945739e-08 2.429730e-14 3.275616e-08 max_cap1411
 4.460190e-09 2.827705e-08 7.120292e-14 3.273731e-08 max_cap2436
 6.506296e-09 2.619015e-08 3.661857e-13 3.269681e-08 fanout3805
 1.992517e-09 3.051731e-08 7.695174e-14 3.250991e-08 max_cap1586
 4.409634e-09 2.805245e-08 7.504244e-14 3.246216e-08 wire2154
 4.367072e-09 2.804745e-08 7.566736e-14 3.241460e-08 wire2322
 6.551044e-09 2.580825e-08 3.661857e-13 3.235966e-08 fanout3806
 4.985025e-09 2.715012e-08 7.084807e-14 3.213522e-08 fanout5654
 4.127679e-09 2.796248e-08 6.979816e-14 3.209023e-08 max_cap2324
 3.174632e-08 0.000000e+00 2.991324e-13 3.174662e-08 clkload44
 3.174003e-08 0.000000e+00 2.991324e-13 3.174033e-08 clkload36
 3.168748e-08 0.000000e+00 2.991324e-13 3.168778e-08 clkload31
 3.168347e-08 0.000000e+00 2.991324e-13 3.168377e-08 clkload25
 4.422829e-09 2.724769e-08 7.536380e-14 3.167060e-08 wire1854
 3.164947e-08 0.000000e+00 2.991324e-13 3.164977e-08 clkload50
 6.368186e-09 2.524198e-08 2.488675e-13 3.161042e-08 fanout3697
 3.791413e-09 2.781358e-08 1.598591e-13 3.160515e-08 wire3766
 4.991420e-09 2.630339e-08 1.423000e-13 3.129495e-08 fanout5582
 3.096750e-09 2.813782e-08 7.406686e-14 3.123464e-08 wire1058
 5.469419e-09 2.573714e-08 2.476937e-13 3.120681e-08 fanout2796
 4.198231e-09 2.698862e-08 6.958147e-14 3.118693e-08 wire5255
 5.417176e-09 2.569053e-08 7.486764e-14 3.110778e-08 max_cap2404
 4.407250e-09 2.641152e-08 7.118198e-14 3.081885e-08 wire2290
 5.418141e-09 2.531635e-08 3.693841e-13 3.073486e-08 fanout2794
 4.536115e-09 2.605055e-08 7.135470e-14 3.058673e-08 max_cap2298
 4.147320e-09 2.627277e-08 7.334878e-14 3.042017e-08 wire3784
 4.655873e-09 2.566454e-08 6.990912e-14 3.032048e-08 max_cap3990
 4.987514e-09 2.525972e-08 1.423000e-13 3.024737e-08 fanout5583
 1.733617e-08 1.283960e-08 2.802218e-13 3.017605e-08 fanout5651
 4.538154e-09 2.548867e-08 7.519317e-14 3.002690e-08 max_cap1713
 5.403320e-09 2.441065e-08 1.145475e-13 2.981409e-08 fanout1008
 5.402116e-09 2.431476e-08 7.388157e-14 2.971695e-08 wire901
 4.978395e-09 2.473230e-08 1.423000e-13 2.971083e-08 fanout5575
 4.777542e-09 2.493270e-08 7.242344e-14 2.971031e-08 max_cap5214
 4.986131e-09 2.467072e-08 1.423000e-13 2.965700e-08 fanout5579
 2.404559e-09 2.719659e-08 6.862159e-14 2.960122e-08 wire2151
 5.249323e-09 2.416308e-08 1.577239e-13 2.941256e-08 fanout4017
 4.004931e-09 2.539517e-08 7.644302e-14 2.940018e-08 wire4016
 5.527603e-09 2.377327e-08 8.505041e-13 2.930172e-08 fanout3715
 4.756969e-09 2.443545e-08 7.035190e-14 2.919249e-08 hold136
 4.114585e-09 2.501787e-08 7.347858e-14 2.913253e-08 fanout3905
 4.643569e-09 2.433418e-08 1.250085e-13 2.897787e-08 fanout5180
 4.685571e-09 2.403844e-08 7.148031e-14 2.872408e-08 max_cap2758
 4.488822e-09 2.417135e-08 7.535229e-14 2.866025e-08 max_cap1772
 5.534273e-09 2.306630e-08 7.486764e-14 2.860065e-08 fanout4112
 3.414084e-09 2.515326e-08 6.911148e-14 2.856741e-08 wire5213
 4.346804e-09 2.408575e-08 7.326191e-14 2.843263e-08 wire3896
 5.291770e-09 2.312556e-08 1.616690e-13 2.841749e-08 fanout4535
 3.766437e-09 2.455536e-08 7.672355e-14 2.832187e-08 wire5226
 4.336244e-09 2.395384e-08 7.571970e-14 2.829016e-08 wire2538
 5.290912e-09 2.294562e-08 1.616690e-13 2.823670e-08 fanout4549
 5.302138e-09 2.287394e-08 1.123231e-13 2.817619e-08 fanout5367
 5.301978e-09 2.279855e-08 1.123231e-13 2.810063e-08 fanout5364
 5.324950e-09 2.273614e-08 7.222352e-14 2.806116e-08 max_cap2311
 5.295002e-09 2.273885e-08 1.123231e-13 2.803396e-08 fanout5352
 4.687070e-09 2.325856e-08 7.035190e-14 2.794570e-08 fanout5639
 4.924610e-09 2.293766e-08 7.271445e-14 2.786235e-08 max_cap2279
 5.310780e-09 2.251860e-08 1.616690e-13 2.782954e-08 fanout4548
 4.093043e-09 2.369364e-08 6.947576e-14 2.778675e-08 wire3556
 5.150573e-09 2.257765e-08 7.368374e-14 2.772829e-08 max_cap2670
 5.148962e-09 2.236697e-08 7.365339e-14 2.751600e-08 wire2786
 4.452672e-09 2.304749e-08 7.546638e-14 2.750023e-08 wire1224
 4.093422e-09 2.339050e-08 6.947576e-14 2.748399e-08 max_cap3557
 5.319238e-09 2.215166e-08 1.594446e-13 2.747106e-08 fanout5293
 4.660003e-09 2.278092e-08 1.250085e-13 2.744105e-08 fanout5183
 4.376286e-09 2.299758e-08 7.500685e-14 2.737394e-08 max_cap2785
 4.120734e-09 2.322448e-08 7.334878e-14 2.734529e-08 max_cap3783
 5.345704e-09 2.196117e-08 7.332156e-14 2.730695e-08 wire1140
 5.310727e-09 2.180908e-08 1.123231e-13 2.711992e-08 fanout5350
 4.317472e-09 2.265382e-08 7.100298e-14 2.697136e-08 fanout5616
 5.466472e-09 2.148824e-08 7.156091e-14 2.695479e-08 wire1305
 4.919793e-09 2.202086e-08 7.067744e-14 2.694073e-08 max_cap3681
 4.200957e-09 2.248894e-08 7.319072e-14 2.668997e-08 wire3362
 3.538999e-09 2.311441e-08 7.679474e-14 2.665349e-08 max_cap2995
 4.499443e-09 2.209154e-08 2.391399e-13 2.659122e-08 fanout3630
 5.303889e-09 2.122547e-08 1.145475e-13 2.652948e-08 fanout1007
 5.310221e-09 2.121482e-08 1.123231e-13 2.652516e-08 fanout5351
 5.309546e-09 2.114719e-08 1.123231e-13 2.645685e-08 fanout5358
 3.120083e-09 2.331450e-08 6.861741e-14 2.643466e-08 wire105
 4.442813e-09 2.198922e-08 7.118198e-14 2.643210e-08 max_cap2292
 5.310562e-09 2.099947e-08 1.616690e-13 2.631019e-08 fanout4547
 4.423876e-09 2.181459e-08 2.423531e-13 2.623871e-08 fanout2648
 1.325966e-08 1.286799e-08 2.429730e-14 2.612768e-08 max_cap1409
 4.984054e-09 2.106810e-08 1.423000e-13 2.605230e-08 fanout5585
 5.205525e-09 2.082803e-08 7.340007e-14 2.603363e-08 fanout4155
 5.275098e-09 2.074395e-08 7.175352e-14 2.601912e-08 wire3496
 5.288227e-09 2.063972e-08 1.123231e-13 2.592805e-08 fanout5345
 5.324479e-09 2.050325e-08 1.145475e-13 2.582784e-08 fanout1010
 4.474776e-09 2.132443e-08 7.120292e-14 2.579928e-08 max_cap2437
 4.254895e-09 2.135309e-08 2.407391e-13 2.560823e-08 fanout3611
 5.292080e-09 2.027544e-08 1.616690e-13 2.556768e-08 fanout4537
 5.299223e-09 2.022769e-08 1.616690e-13 2.552708e-08 fanout4529
 5.285295e-09 2.006228e-08 1.123231e-13 2.534769e-08 fanout5353
 3.727212e-09 2.151344e-08 7.672983e-14 2.524073e-08 max_cap2816
 5.293097e-09 1.989601e-08 1.123231e-13 2.518922e-08 fanout5355
 1.706658e-09 2.343362e-08 6.822801e-14 2.514035e-08 wire1283
 4.225153e-09 2.089514e-08 1.211997e-13 2.512041e-08 fanout3870
 3.798593e-09 2.128924e-08 7.362513e-14 2.508791e-08 wire3915
 4.596362e-09 2.048400e-08 7.472422e-14 2.508044e-08 max_cap2326
 4.719527e-09 2.031004e-08 7.558049e-14 2.502964e-08 max_cap3965
 3.131608e-09 2.177069e-08 7.391194e-14 2.490237e-08 wire1057
 3.064970e-09 2.179465e-08 6.848761e-14 2.485969e-08 wire5668
 3.785828e-09 2.098315e-08 7.672355e-14 2.476906e-08 wire5225
 4.988232e-09 1.977760e-08 1.423000e-13 2.476598e-08 fanout5580
 5.284134e-09 1.938163e-08 1.123231e-13 2.466588e-08 fanout5347
 5.069828e-09 1.956469e-08 7.756044e-14 2.463459e-08 wire1120
 3.556176e-09 2.106449e-08 7.680101e-14 2.462074e-08 wire5135
 4.218827e-09 2.037759e-08 1.211997e-13 2.459654e-08 fanout3875
 5.296705e-09 1.925538e-08 1.616690e-13 2.455224e-08 fanout4526
 3.214468e-09 2.094374e-08 7.699780e-14 2.415829e-08 wire2623
 3.627545e-09 2.052661e-08 7.357175e-14 2.415423e-08 max_cap3369
 4.773153e-09 1.937353e-08 7.311954e-14 2.414676e-08 fanout4378
 5.301676e-09 1.882222e-08 1.145475e-13 2.412401e-08 fanout4502
 5.262799e-09 1.884100e-08 7.310278e-14 2.410387e-08 wire4616
 4.656503e-09 1.939697e-08 1.250085e-13 2.405360e-08 fanout5177
 2.882651e-09 2.116723e-08 7.190843e-14 2.404995e-08 max_cap1360
 2.444734e-09 2.155808e-08 7.737569e-14 2.400289e-08 wire891
 4.545695e-09 1.945248e-08 7.120920e-14 2.399825e-08 max_cap2325
 4.324930e-09 1.962541e-08 7.100298e-14 2.395041e-08 fanout5625
 5.281718e-09 1.863668e-08 1.123231e-13 2.391851e-08 fanout5346
 3.257506e-09 2.050186e-08 7.706794e-14 2.375944e-08 wire2705
 5.301692e-09 1.844633e-08 1.616690e-13 2.374819e-08 fanout4544
 5.307465e-09 1.835724e-08 1.123231e-13 2.366481e-08 fanout5366
 4.345903e-09 1.917167e-08 7.517015e-14 2.351765e-08 max_cap2217
 4.877023e-09 1.859874e-08 7.281492e-14 2.347583e-08 fanout4123
 5.128165e-09 1.825758e-08 7.309233e-14 2.338582e-08 fanout4224
 5.309818e-09 1.806589e-08 7.304941e-14 2.337578e-08 fanout4366
 5.458852e-09 1.786549e-08 7.388053e-14 2.332441e-08 fanout4201
 4.309010e-09 1.901512e-08 7.519842e-14 2.332420e-08 max_cap1718
 5.285517e-09 1.801020e-08 1.616690e-13 2.329588e-08 fanout4541
 4.444260e-09 1.875873e-08 7.522981e-14 2.320307e-08 max_cap2444
 5.299690e-09 1.787816e-08 7.246951e-14 2.317792e-08 max_cap2771
 4.562474e-09 1.851851e-08 7.468445e-14 2.308106e-08 max_cap2409
 3.060585e-09 1.998739e-08 6.848761e-14 2.304805e-08 wire4505
 4.219924e-09 1.882272e-08 7.635194e-14 2.304272e-08 max_cap5253
 1.711479e-09 2.130558e-08 4.865324e-14 2.301711e-08 _14769_
 1.336372e-09 2.157927e-08 6.194024e-14 2.291570e-08 _14414_
 4.914483e-09 1.797771e-08 7.304835e-14 2.289227e-08 fanout4027
 5.292357e-09 1.758944e-08 1.616690e-13 2.288196e-08 fanout4527
 3.374364e-09 1.935528e-08 1.602840e-13 2.272980e-08 wire1895
 2.100164e-09 2.058339e-08 7.753479e-14 2.268363e-08 max_cap2941
 3.379189e-09 1.926153e-08 6.911148e-14 2.264078e-08 wire5212
 3.810811e-09 1.882366e-08 7.667331e-14 2.263454e-08 wire2312
 4.799944e-09 1.780204e-08 7.147507e-14 2.260206e-08 max_cap1567
 3.101229e-09 1.938166e-08 7.709411e-14 2.248297e-08 max_cap1661
 3.779696e-09 1.860380e-08 7.593743e-14 2.238358e-08 fanout5162
 3.901272e-09 1.834074e-08 6.936898e-14 2.224208e-08 wire5259
 2.722879e-09 1.948906e-08 3.801828e-13 2.221231e-08 fanout2717
 5.272602e-09 1.691049e-08 7.329330e-14 2.218316e-08 fanout4272
 4.362535e-09 1.779427e-08 7.100298e-14 2.215688e-08 fanout5621
 3.768341e-09 1.831496e-08 7.672355e-14 2.208338e-08 max_cap5227
 4.195951e-09 1.785774e-08 7.245484e-14 2.205376e-08 max_cap3912
 1.384708e-09 2.065316e-08 6.810658e-14 2.203794e-08 max_cap2893
 4.177464e-09 1.784348e-08 7.603164e-14 2.202102e-08 wire3286
 4.617802e-09 1.735632e-08 7.258465e-14 2.197420e-08 fanout4390
 4.359688e-09 1.753399e-08 7.100298e-14 2.189375e-08 fanout5627
 4.705318e-09 1.718228e-08 7.447509e-14 2.188767e-08 max_cap2206
 3.224582e-09 1.861095e-08 6.888537e-14 2.183561e-08 max_cap5128
 3.324832e-09 1.850961e-08 7.408885e-14 2.183452e-08 wire3031
 4.671193e-09 1.699590e-08 7.330482e-14 2.166716e-08 fanout4190
 3.743916e-09 1.790631e-08 7.553965e-14 2.165030e-08 fanout3747
 3.253050e-09 1.830512e-08 6.888537e-14 2.155823e-08 wire5129
 4.239130e-09 1.726851e-08 3.763387e-13 2.150802e-08 fanout5121
 4.899455e-09 1.652196e-08 7.350998e-14 2.142149e-08 max_cap5217
 5.083290e-09 1.625983e-08 7.297717e-14 2.134319e-08 fanout4073
 3.087436e-09 1.817364e-08 2.429730e-14 2.126110e-08 wire2176
 4.495518e-09 1.673044e-08 7.343566e-14 2.122603e-08 fanout4144
 3.779097e-09 1.740000e-08 7.672355e-14 2.117918e-08 wire5224
 1.883949e-09 1.919505e-08 7.761435e-14 2.107908e-08 max_cap3061
 4.061203e-09 1.686224e-08 6.947471e-14 2.092351e-08 max_cap2337
 3.429880e-09 1.747845e-08 7.682194e-14 2.090841e-08 wire5209
 4.685340e-09 1.616055e-08 7.035190e-14 2.084596e-08 fanout5637
 2.984578e-09 1.782143e-08 7.179120e-14 2.080608e-08 max_cap1131
 5.119419e-09 1.565319e-08 7.299603e-14 2.077268e-08 fanout4040
 4.158715e-09 1.656668e-08 7.334878e-14 2.072547e-08 max_cap3785
 4.553349e-09 1.617152e-08 7.301696e-14 2.072494e-08 wire3315
 3.346216e-09 1.730464e-08 7.408885e-14 2.065093e-08 max_cap3032
 3.578457e-09 1.626877e-08 7.104277e-14 1.984730e-08 wire1056
 4.538307e-09 1.515803e-08 7.284109e-14 1.969642e-08 wire1445
 3.370597e-09 1.631026e-08 3.797134e-13 1.968123e-08 fanout3714
 3.417935e-09 1.617479e-08 1.163837e-13 1.959284e-08 fanout3815
 2.743554e-09 1.677476e-08 7.725740e-14 1.951839e-08 max_cap3735
 2.424464e-09 1.708406e-08 1.615694e-13 1.950869e-08 max_cap3532
 4.904529e-09 1.457721e-08 7.559932e-14 1.948182e-08 wire3437
 2.990018e-09 1.636816e-08 7.713911e-14 1.935826e-08 wire1902
 4.275005e-09 1.500540e-08 7.568725e-14 1.928048e-08 max_cap2434
 1.520684e-09 1.770644e-08 7.778707e-14 1.922721e-08 max_cap1819
 2.900751e-09 1.606451e-08 7.190843e-14 1.896533e-08 wire5407
 1.234126e-09 1.755640e-08 7.780381e-14 1.879060e-08 max_cap3457
 4.689133e-09 1.404646e-08 7.287251e-14 1.873567e-08 wire2140
 2.869723e-09 1.585287e-08 1.609083e-13 1.872276e-08 fanout3623
 3.076759e-09 1.561188e-08 7.788965e-14 1.868872e-08 max_cap4551
 2.480150e-09 1.616675e-08 6.855042e-14 1.864697e-08 wire5250
 1.858763e-08 0.000000e+00 1.321958e-13 1.858777e-08 clkload55
 3.185696e-09 1.526428e-08 4.980618e-13 1.845047e-08 fanout2894
 4.882607e-09 1.353220e-08 7.319281e-14 1.841488e-08 max_cap5153
 5.323864e-09 1.303437e-08 7.312372e-14 1.835831e-08 max_cap4247
 2.696718e-09 1.564237e-08 1.612440e-13 1.833925e-08 max_cap3498
 9.662844e-10 1.734566e-08 6.791085e-14 1.831201e-08 wire1188
 4.600533e-09 1.360018e-08 7.348695e-14 1.820079e-08 wire2117
 2.764542e-09 1.543567e-08 7.721134e-14 1.820029e-08 max_cap1364
 5.325371e-09 1.285756e-08 7.310278e-14 1.818301e-08 max_cap4259
 2.550098e-09 1.558121e-08 7.728670e-14 1.813139e-08 max_cap2575
 3.341065e-09 1.476260e-08 7.690987e-14 1.810374e-08 fanout5261
 1.404417e-09 1.669870e-08 6.810658e-14 1.810319e-08 wire2892
 4.251769e-09 1.384356e-08 7.566318e-14 1.809540e-08 wire2330
 3.505110e-09 1.445608e-08 6.903821e-14 1.796126e-08 wire890
 3.406516e-09 1.449521e-08 7.682194e-14 1.790180e-08 max_cap5208
 3.071321e-09 1.477534e-08 6.848761e-14 1.784674e-08 fanout4503
 3.050757e-09 1.474849e-08 6.848761e-14 1.779932e-08 fanout4504
 2.613315e-09 1.516278e-08 6.891049e-14 1.777617e-08 wire1223
 4.637219e-09 1.309728e-08 7.143843e-14 1.773457e-08 max_cap2189
 3.097266e-09 1.453657e-08 7.787029e-14 1.763391e-08 fanout1006
 2.976762e-09 1.463139e-08 1.119244e-13 1.760827e-08 fanout981
 4.659122e-09 1.281325e-08 7.291646e-14 1.747244e-08 wire3318
 4.227680e-09 1.313772e-08 7.319072e-14 1.736548e-08 max_cap3363
 3.525743e-09 1.382519e-08 7.656758e-14 1.735101e-08 max_cap5140
 4.888712e-09 1.231404e-08 7.352569e-14 1.720283e-08 max_cap4179
 3.906643e-09 1.327415e-08 7.670261e-14 1.718087e-08 wire929
 4.870616e-09 1.203845e-08 2.429730e-14 1.690909e-08 wire4064
 2.317948e-09 1.458827e-08 7.749710e-14 1.690630e-08 wire3486
 3.092336e-09 1.376443e-08 7.742646e-14 1.685684e-08 fanout993
 4.594433e-09 1.218069e-08 7.279923e-14 1.677519e-08 wire2318
 2.419849e-09 1.428496e-08 7.743640e-14 1.670489e-08 wire1729
 4.141311e-09 1.251888e-08 7.645767e-14 1.666026e-08 max_cap2883
 3.243323e-09 1.338221e-08 2.429730e-14 1.662556e-08 wire4613
 2.939077e-09 1.358750e-08 7.721134e-14 1.652665e-08 wire3525
 2.141871e-09 1.415585e-08 6.837456e-14 1.629778e-08 wire2463
 2.074775e-09 1.415662e-08 7.758398e-14 1.623147e-08 max_cap1654
 3.808987e-09 1.238148e-08 7.667331e-14 1.619054e-08 max_cap2314
 1.616250e-08 0.000000e+00 1.324240e-13 1.616263e-08 clkload18
 2.211900e-09 1.392962e-08 7.754108e-14 1.614160e-08 wire2370
 3.052353e-09 1.308467e-08 6.804378e-14 1.613709e-08 fanout5363
 3.994173e-09 1.194343e-08 2.429730e-14 1.593763e-08 wire4182
 3.267499e-09 1.264222e-08 6.888537e-14 1.590979e-08 max_cap5130
 1.910699e-09 1.387484e-08 7.722391e-14 1.578562e-08 wire3696
 2.131699e-09 1.363689e-08 7.756829e-14 1.576867e-08 wire2561
 3.852786e-09 1.187922e-08 2.429730e-14 1.573203e-08 max_cap3284
 1.771307e-09 1.394028e-08 7.772740e-14 1.571166e-08 max_cap2536
 2.241456e-09 1.346927e-08 7.755364e-14 1.571081e-08 wire3477
 3.066458e-09 1.250855e-08 7.788965e-14 1.557508e-08 fanout4531
 3.080026e-09 1.248476e-08 7.742646e-14 1.556486e-08 fanout992
 3.706134e-09 1.179599e-08 7.638544e-14 1.550220e-08 wire2628
 4.491506e-09 1.099514e-08 7.121967e-14 1.548672e-08 max_cap2204
 1.104903e-09 1.431388e-08 7.799433e-14 1.541886e-08 wire2243
 3.163726e-09 1.224782e-08 2.429730e-14 1.541157e-08 wire4623
 2.438379e-09 1.284924e-08 7.743640e-14 1.528770e-08 wire1730
 3.512060e-09 1.170035e-08 2.429730e-14 1.521243e-08 max_cap1191
 1.384526e-09 1.382194e-08 7.785614e-14 1.520655e-08 wire1783
 4.996649e-09 1.018169e-08 7.325353e-14 1.517841e-08 max_cap4088
 2.882921e-09 1.226734e-08 7.402499e-14 1.515033e-08 fanout5573
 2.968283e-09 1.217224e-08 7.708469e-14 1.514060e-08 max_cap3969
 4.645059e-09 1.048547e-08 7.136936e-14 1.513060e-08 max_cap2577
 5.691248e-09 9.437843e-09 7.462164e-14 1.512917e-08 max_cap4168
 1.511154e-08 0.000000e+00 1.963080e-14 1.511156e-08 clkload0
 4.774805e-09 1.026643e-08 2.429730e-14 1.504126e-08 max_cap4250
 2.431132e-09 1.260260e-08 7.611852e-14 1.503381e-08 fanout2012
 4.607662e-09 1.041439e-08 7.111813e-14 1.502212e-08 max_cap1728
 9.237905e-10 1.409483e-08 6.296351e-14 1.501868e-08 _14029_
 1.605839e-09 1.338105e-08 1.623877e-13 1.498705e-08 wire2514
 5.084621e-09 9.875829e-09 7.331947e-14 1.496052e-08 wire4612
 5.136325e-09 9.779057e-09 7.331947e-14 1.491545e-08 max_cap4234
 3.510109e-09 1.135394e-08 7.375283e-14 1.486413e-08 wire3889
 3.052173e-09 1.176227e-08 6.804378e-14 1.481451e-08 fanout5354
 2.558315e-09 1.220946e-08 2.360734e-13 1.476801e-08 fanout3686
 1.963369e-09 1.274590e-08 7.766041e-14 1.470935e-08 wire3446
 3.077856e-09 1.162106e-08 6.804378e-14 1.469899e-08 fanout5357
 3.004376e-09 1.163794e-08 2.429730e-14 1.464235e-08 wire5150
 5.306319e-09 9.318740e-09 2.429730e-14 1.462508e-08 max_cap4357
 5.228980e-09 9.375448e-09 7.466562e-14 1.460450e-08 wire3977
 1.895407e-09 1.266072e-08 6.877546e-14 1.455619e-08 max_cap1787
 3.370327e-09 1.115371e-08 2.429730e-14 1.452406e-08 wire1236
 3.492183e-09 1.102048e-08 6.912405e-14 1.451273e-08 fanout4309
 4.560787e-09 9.922926e-09 2.429730e-14 1.448374e-08 max_cap4147
 3.156184e-09 1.131326e-08 2.429730e-14 1.446947e-08 wire4633
 2.051679e-09 1.240451e-08 7.705329e-14 1.445627e-08 max_cap1298
 5.324623e-09 9.130068e-09 7.329853e-14 1.445477e-08 wire4564
 1.670575e-09 1.256987e-08 6.838712e-14 1.424052e-08 wire1267
 3.505801e-09 1.073320e-08 6.905078e-14 1.423907e-08 max_cap2556
 2.359615e-09 1.186010e-08 7.749083e-14 1.421979e-08 max_cap3931
 2.961501e-09 1.123872e-08 2.429730e-14 1.420024e-08 max_cap3424
 4.749231e-09 9.397249e-09 7.339588e-14 1.414655e-08 wire5239
 3.347910e-09 1.078232e-08 2.429730e-14 1.413025e-08 max_cap4584
 3.529056e-09 1.051449e-08 2.429730e-14 1.404357e-08 wire4590
 3.090217e-09 1.092101e-08 2.429730e-14 1.401125e-08 wire4555
 3.632581e-09 1.035880e-08 2.429730e-14 1.399141e-08 wire4804
 3.049166e-09 1.093895e-08 7.744581e-14 1.398819e-08 fanout5294
 3.873602e-09 1.005330e-08 6.961602e-14 1.392697e-08 max_cap305
 4.795808e-09 9.125357e-09 7.339588e-14 1.392124e-08 wire5238
 3.759560e-09 1.010872e-08 2.429730e-14 1.386830e-08 max_cap4092
 3.078219e-09 1.078287e-08 2.429730e-14 1.386112e-08 hold701
 3.400843e-09 1.045734e-08 7.678217e-14 1.385826e-08 max_cap2769
 3.121714e-09 1.068587e-08 6.848761e-14 1.380765e-08 max_cap1153
 1.698671e-09 1.207409e-08 6.796422e-14 1.377283e-08 max_cap1417
 3.594451e-09 1.014533e-08 2.429730e-14 1.373980e-08 max_cap4731
 3.263496e-09 1.046811e-08 2.429730e-14 1.373163e-08 wire2943
 2.615393e-09 1.109426e-08 7.719145e-14 1.370973e-08 wire1232
 3.385185e-09 1.032279e-08 2.429730e-14 1.370800e-08 wire1603
 3.768791e-09 9.935882e-09 2.429730e-14 1.370470e-08 wire4915
 2.235440e-09 1.146297e-08 7.746884e-14 1.369848e-08 max_cap2959
 2.684951e-09 1.100790e-08 6.867602e-14 1.369292e-08 max_cap2138
 3.416659e-09 1.027618e-08 7.682194e-14 1.369292e-08 max_cap5210
 1.369190e-08 0.000000e+00 1.225154e-14 1.369191e-08 clkload65
 2.431703e-09 1.124472e-08 6.981490e-14 1.367650e-08 fanout3878
 1.865838e-09 1.179908e-08 7.767716e-14 1.366499e-08 wire2629
 1.365829e-08 0.000000e+00 1.225154e-14 1.365830e-08 clkload78
 3.289741e-09 1.036204e-08 2.429730e-14 1.365180e-08 max_cap4618
 1.364380e-08 0.000000e+00 1.225154e-14 1.364381e-08 clkload73
 1.363877e-08 0.000000e+00 1.225154e-14 1.363878e-08 clkload63
 1.395400e-09 1.223591e-08 2.429730e-14 1.363133e-08 wire1237
 1.362731e-08 0.000000e+00 1.225154e-14 1.362732e-08 clkload93
 1.361822e-08 0.000000e+00 1.225154e-14 1.361823e-08 clkload116
 1.358308e-08 0.000000e+00 1.225154e-14 1.358310e-08 clkload112
 4.896267e-09 8.656364e-09 7.350789e-14 1.355270e-08 max_cap4321
 5.253668e-09 8.293879e-09 7.350266e-14 1.354762e-08 wire2551
 1.351411e-08 0.000000e+00 1.225154e-14 1.351412e-08 clkload107
 1.348998e-08 0.000000e+00 1.225154e-14 1.349000e-08 clkload86
 3.378455e-09 1.009090e-08 2.429730e-14 1.346938e-08 max_cap3663
 1.345415e-08 0.000000e+00 1.225154e-14 1.345416e-08 clkload85
 3.981043e-09 9.470889e-09 2.429730e-14 1.345196e-08 max_cap4313
 3.251361e-09 1.019640e-08 2.429730e-14 1.344778e-08 wire3978
 1.344492e-08 0.000000e+00 1.225154e-14 1.344494e-08 clkload84
 3.005706e-09 1.038603e-08 2.429730e-14 1.339176e-08 wire5220
 5.508350e-09 7.876790e-09 7.367956e-14 1.338521e-08 max_cap4296
 5.364120e-09 7.982492e-09 2.429730e-14 1.334664e-08 wire4019
 4.612698e-09 8.720821e-09 7.306720e-14 1.333359e-08 max_cap4062
 5.033215e-09 8.293997e-09 2.429730e-14 1.332724e-08 wire4237
 3.244041e-09 1.008077e-08 7.699780e-14 1.332488e-08 max_cap2624
 3.414473e-09 9.904187e-09 2.429730e-14 1.331868e-08 wire1604
 3.051952e-09 1.023133e-08 2.429730e-14 1.328331e-08 wire2179
 3.427079e-09 9.839312e-09 2.429730e-14 1.326641e-08 max_cap4932
 3.337954e-09 9.927610e-09 2.429730e-14 1.326559e-08 max_cap3076
 2.727244e-09 1.051512e-08 6.867602e-14 1.324243e-08 max_cap3743
 3.447570e-09 9.771217e-09 2.429730e-14 1.321881e-08 max_cap4600
 3.361148e-09 9.832863e-09 2.429730e-14 1.319404e-08 wire4614
 3.043336e-09 1.014729e-08 2.429730e-14 1.319065e-08 max_cap2653
 3.564923e-09 9.561569e-09 2.429730e-14 1.312652e-08 wire4973
 3.999183e-09 9.116009e-09 6.944331e-14 1.311526e-08 max_cap3983
 3.281907e-09 9.804544e-09 2.429730e-14 1.308648e-08 max_cap2948
 2.592054e-09 1.047588e-08 2.429730e-14 1.306795e-08 wire4559
 3.161945e-09 9.864108e-09 2.429730e-14 1.302608e-08 wire3448
 4.808694e-09 8.204272e-09 2.429730e-14 1.301299e-08 wire4054
 3.379314e-09 9.633619e-09 2.429730e-14 1.301296e-08 wire3069
 2.078629e-09 1.092465e-08 6.831803e-14 1.300335e-08 max_cap1771
 1.296433e-08 0.000000e+00 1.225154e-14 1.296434e-08 clkload58
 4.964587e-09 7.998964e-09 7.399673e-14 1.296362e-08 wire2177
 3.114780e-09 9.845092e-09 2.429730e-14 1.295990e-08 max_cap3994
 4.351283e-09 8.577814e-09 7.267152e-14 1.292917e-08 wire3899
 3.068893e-09 9.768669e-09 2.429730e-14 1.283759e-08 max_cap4354
 3.171315e-09 9.647206e-09 2.429730e-14 1.281855e-08 wire4601
 2.948589e-09 9.869348e-09 2.429730e-14 1.281796e-08 wire3423
 3.051037e-09 9.759419e-09 2.429730e-14 1.281048e-08 wire2656
 3.420916e-09 9.370797e-09 2.429730e-14 1.279174e-08 max_cap1601
 3.117946e-09 9.668669e-09 2.429730e-14 1.278664e-08 wire4577
 3.135596e-09 9.633972e-09 2.429730e-14 1.276959e-08 max_cap4956
 1.778747e-09 1.097640e-08 7.772740e-14 1.275523e-08 max_cap2537
 3.119331e-09 9.628272e-09 2.429730e-14 1.274763e-08 wire5659
 2.429421e-09 1.031062e-08 6.981490e-14 1.274011e-08 fanout3873
 2.159889e-09 1.057604e-08 2.429730e-14 1.273595e-08 wire967
 2.431696e-09 1.030281e-08 6.981490e-14 1.273458e-08 fanout3880
 2.233639e-09 1.050047e-08 7.746884e-14 1.273418e-08 wire2958
 3.283910e-09 9.449507e-09 2.429730e-14 1.273344e-08 max_cap4591
 3.152380e-09 9.577126e-09 2.429730e-14 1.272953e-08 wire4642
 3.229815e-09 9.491217e-09 2.429730e-14 1.272106e-08 max_cap4556
 3.043911e-09 9.676590e-09 2.429730e-14 1.272053e-08 max_cap4637
 2.458997e-09 1.024259e-08 6.853995e-14 1.270165e-08 fanout4101
 3.407145e-09 9.219838e-09 2.429730e-14 1.262701e-08 hold19
 1.615297e-09 1.099334e-08 7.730765e-14 1.260871e-08 wire2795
 2.574121e-09 1.000493e-08 6.856822e-14 1.257912e-08 wire1209
 3.283053e-09 9.293807e-09 2.429730e-14 1.257688e-08 wire2553
 5.282571e-09 7.287742e-09 7.466562e-14 1.257039e-08 wire3976
 3.315898e-09 9.242300e-09 2.429730e-14 1.255822e-08 wire4639
 3.045005e-09 9.487096e-09 2.429730e-14 1.253212e-08 wire2659
 2.030783e-09 1.047541e-08 7.757876e-14 1.250627e-08 wire3637
 2.808413e-09 9.677576e-09 2.429730e-14 1.248601e-08 wire2301
 1.139277e-09 1.133609e-08 7.794617e-14 1.247544e-08 wire2911
 2.429391e-09 1.003103e-08 6.981490e-14 1.246049e-08 fanout3871
 1.281668e-09 1.115702e-08 7.793570e-14 1.243877e-08 max_cap1623
 4.379103e-09 8.056696e-09 2.429730e-14 1.243582e-08 max_cap4262
 3.481905e-09 8.911636e-09 2.429730e-14 1.239357e-08 max_cap1605
 4.085242e-09 8.305796e-09 2.429730e-14 1.239106e-08 max_cap4246
 3.514301e-09 8.852529e-09 2.429730e-14 1.236685e-08 max_cap330
 4.556283e-09 7.796984e-09 7.457873e-14 1.235334e-08 wire2304
 3.250469e-09 9.076698e-09 2.429730e-14 1.232719e-08 wire3507
 3.368976e-09 8.952444e-09 2.429730e-14 1.232144e-08 wire3662
 3.185736e-09 9.111687e-09 2.429730e-14 1.229745e-08 wire4624
 3.338372e-09 8.956661e-09 2.429730e-14 1.229506e-08 wire3075
 5.238010e-09 7.050479e-09 2.429730e-14 1.228851e-08 max_cap4171
 4.552147e-09 7.719350e-09 7.282750e-14 1.227157e-08 max_cap3365
 3.013947e-09 9.247302e-09 2.429730e-14 1.226127e-08 wire4573
 3.103522e-09 9.135985e-09 2.429730e-14 1.223953e-08 wire2173
 3.277039e-09 8.960598e-09 2.429730e-14 1.223766e-08 max_cap2546
 2.891173e-09 9.343736e-09 2.429730e-14 1.223493e-08 wire2302
 1.746378e-09 1.047644e-08 2.429730e-14 1.222285e-08 max_cap2374
 2.982504e-09 9.227636e-09 2.429730e-14 1.221016e-08 wire5241
 3.048623e-09 9.152724e-09 2.429730e-14 1.220137e-08 wire3421
 3.299367e-09 8.880514e-09 2.429730e-14 1.217990e-08 wire5082
 3.409902e-09 8.758424e-09 2.429730e-14 1.216835e-08 wire1602
 2.942594e-09 9.214131e-09 2.429730e-14 1.215675e-08 wire5240
 3.211190e-09 8.921032e-09 2.429730e-14 1.213225e-08 max_cap4901
 3.523488e-09 8.601170e-09 2.429730e-14 1.212468e-08 max_cap4574
 3.232445e-09 8.888367e-09 2.429730e-14 1.212084e-08 wire3648
 2.899338e-09 9.192143e-09 2.429730e-14 1.209150e-08 max_cap3320
 3.277973e-09 8.768806e-09 2.429730e-14 1.204680e-08 wire3979
 3.341212e-09 8.696858e-09 2.429730e-14 1.203809e-08 wire3068
 1.688292e-09 1.034573e-08 6.796422e-14 1.203409e-08 wire1416
 3.184476e-09 8.843977e-09 2.429730e-14 1.202848e-08 max_cap4553
 3.232601e-09 8.791761e-09 2.429730e-14 1.202439e-08 wire3647
 2.623344e-09 9.395834e-09 2.429730e-14 1.201920e-08 wire1454
 2.746412e-09 9.244303e-09 6.868963e-14 1.199078e-08 wire2529
 4.658808e-09 7.324409e-09 7.269455e-14 1.198329e-08 wire1665
 2.705746e-09 9.265141e-09 2.429730e-14 1.197091e-08 wire2150
 2.913447e-09 9.049901e-09 2.429730e-14 1.196337e-08 wire4985
 4.844377e-09 7.111887e-09 7.350998e-14 1.195634e-08 wire5218
 3.294125e-09 8.649021e-09 2.429730e-14 1.194317e-08 wire2946
 3.167730e-09 8.746110e-09 7.683765e-14 1.191392e-08 max_cap4001
 4.336690e-09 7.537576e-09 2.429730e-14 1.187429e-08 max_cap623
 4.493465e-09 7.371956e-09 7.306406e-14 1.186549e-08 wire1271
 3.269325e-09 8.589184e-09 2.429730e-14 1.185853e-08 wire2552
 1.413579e-09 1.043520e-08 2.429730e-14 1.184880e-08 wire1110
 4.038125e-09 7.807379e-09 2.429730e-14 1.184553e-08 max_cap4127
 2.900648e-09 8.943335e-09 2.429730e-14 1.184401e-08 wire1667
 3.075506e-09 8.749288e-09 2.429730e-14 1.182482e-08 wire2178
 3.312655e-09 8.497774e-09 2.429730e-14 1.181045e-08 max_cap4849
 1.179989e-08 0.000000e+00 1.149897e-14 1.179990e-08 clkload40
 3.111699e-09 8.670685e-09 7.788965e-14 1.178246e-08 max_cap212
 2.605553e-09 9.144252e-09 7.726263e-14 1.174988e-08 wire2207
 4.792573e-09 6.916041e-09 7.339588e-14 1.170869e-08 wire5237
 3.330673e-09 8.373755e-09 2.429730e-14 1.170445e-08 wire2550
 2.752856e-09 8.950680e-09 2.429730e-14 1.170356e-08 max_cap4605
 3.163275e-09 8.522446e-09 2.429730e-14 1.168574e-08 wire3991
 3.373139e-09 8.292552e-09 2.429730e-14 1.166571e-08 wire3668
 3.153017e-09 8.484860e-09 2.429730e-14 1.163790e-08 max_cap3997
 3.040739e-09 8.566599e-09 2.429730e-14 1.160736e-08 max_cap4594
 3.390878e-09 8.208164e-09 2.429730e-14 1.159907e-08 max_cap3483
 3.122328e-09 8.459992e-09 7.788965e-14 1.158240e-08 max_cap178
 4.543505e-09 7.036772e-09 7.457873e-14 1.158035e-08 wire2300
 2.905633e-09 8.667492e-09 2.429730e-14 1.157315e-08 wire2749
 3.330843e-09 8.234680e-09 2.429730e-14 1.156555e-08 wire3975
 2.399910e-09 9.162210e-09 2.429730e-14 1.156214e-08 wire1121
 4.271227e-09 7.275425e-09 2.429730e-14 1.154668e-08 max_cap617
 3.233610e-09 8.295245e-09 2.429730e-14 1.152888e-08 max_cap3654
 2.772909e-09 8.750711e-09 7.719774e-14 1.152370e-08 max_cap1208
 3.335519e-09 8.167804e-09 2.429730e-14 1.150335e-08 max_cap3588
 2.847770e-09 8.650413e-09 2.429730e-14 1.149821e-08 max_cap3322
 4.185031e-09 7.296825e-09 2.429730e-14 1.148188e-08 max_cap4233
 3.346115e-09 8.132965e-09 2.429730e-14 1.147910e-08 wire3073
 2.059622e-09 9.406763e-09 1.621149e-13 1.146655e-08 max_cap3382
 3.347058e-09 8.104020e-09 2.429730e-14 1.145110e-08 max_cap4251
 3.110370e-09 8.339597e-09 6.804378e-14 1.145004e-08 max_cap136
 3.241500e-09 8.199220e-09 2.429730e-14 1.144074e-08 max_cap3649
 3.392558e-09 8.030156e-09 2.429730e-14 1.142274e-08 wire3665
 3.020944e-09 8.397866e-09 2.429730e-14 1.141883e-08 max_cap5216
 2.850437e-09 8.557812e-09 2.429730e-14 1.140827e-08 max_cap2142
 3.352572e-09 8.054989e-09 2.429730e-14 1.140758e-08 max_cap3072
 2.925809e-09 8.481418e-09 2.429730e-14 1.140725e-08 max_cap4585
 3.372586e-09 8.022498e-09 2.429730e-14 1.139511e-08 wire3669
 3.238080e-09 8.153100e-09 2.429730e-14 1.139120e-08 max_cap3652
 1.590872e-09 9.782018e-09 6.812961e-14 1.137296e-08 wire2612
 3.276430e-09 8.094461e-09 2.429730e-14 1.137091e-08 wire2547
 3.184205e-09 8.176237e-09 2.429730e-14 1.136047e-08 wire3452
 2.795447e-09 8.558859e-09 2.429730e-14 1.135433e-08 wire1272
 2.016397e-09 9.329520e-09 2.429730e-14 1.134594e-08 hold557
 3.043310e-09 8.302579e-09 2.429730e-14 1.134591e-08 wire899
 3.516377e-09 7.820426e-09 2.429730e-14 1.133683e-08 max_cap4803
 3.344659e-09 7.968457e-09 2.429730e-14 1.131314e-08 max_cap4575
 3.339024e-09 7.966564e-09 2.429730e-14 1.130561e-08 max_cap3590
 1.488102e-09 9.800436e-09 6.810135e-14 1.128861e-08 wire5132
 3.060714e-09 8.221398e-09 2.429730e-14 1.128214e-08 wire2660
 2.678466e-09 8.590911e-09 2.429730e-14 1.126940e-08 max_cap4646
 3.702229e-09 7.553944e-09 2.429730e-14 1.125620e-08 max_cap4055
 4.915828e-09 6.325081e-09 2.429730e-14 1.124093e-08 wire859
 3.352800e-09 7.878810e-09 2.429730e-14 1.123163e-08 wire3071
 3.071366e-09 8.156556e-09 2.429730e-14 1.122795e-08 wire4632
 3.187023e-09 8.037677e-09 2.429730e-14 1.122472e-08 max_cap4569
 3.289568e-09 7.921544e-09 2.429730e-14 1.121114e-08 wire2944
 2.120140e-09 9.088764e-09 7.757980e-14 1.120898e-08 max_cap2861
 2.677090e-09 8.520508e-09 2.429730e-14 1.119762e-08 max_cap3439
 4.879288e-09 6.316601e-09 2.429730e-14 1.119591e-08 wire858
 3.333898e-09 7.853179e-09 2.429730e-14 1.118710e-08 wire3589
 2.734817e-09 8.437969e-09 2.429730e-14 1.117281e-08 wire4589
 4.785519e-09 6.386408e-09 7.307557e-14 1.117200e-08 wire3422
 3.113131e-09 8.051890e-09 2.429730e-14 1.116504e-08 wire2174
 3.269331e-09 7.891061e-09 2.429730e-14 1.116042e-08 wire3974
 1.277234e-09 9.882793e-09 7.793675e-14 1.116010e-08 wire1502
 3.258646e-09 7.893836e-09 2.429730e-14 1.115251e-08 max_cap4635
 1.751283e-09 9.393134e-09 1.624717e-13 1.114458e-08 wire3425
 4.718169e-09 6.419716e-09 7.473156e-14 1.113796e-08 wire1950
 2.556669e-09 8.576688e-09 6.859124e-14 1.113342e-08 fanout4212
 3.389243e-09 7.729797e-09 2.429730e-14 1.111906e-08 max_cap4592
 2.710377e-09 8.407775e-09 2.429730e-14 1.111818e-08 max_cap5051
 2.993506e-09 8.118715e-09 2.429730e-14 1.111225e-08 max_cap4818
 2.891800e-09 8.213407e-09 2.429730e-14 1.110523e-08 wire1666
 4.572988e-09 6.527743e-09 2.429730e-14 1.110075e-08 wire4226
 3.332095e-09 7.762242e-09 2.429730e-14 1.109436e-08 wire3587
 4.797277e-09 6.283839e-09 2.429730e-14 1.108114e-08 max_cap4214
 3.384117e-09 7.681624e-09 2.429730e-14 1.106576e-08 wire3664
 3.345489e-09 7.703900e-09 2.429730e-14 1.104941e-08 max_cap3074
 2.833354e-09 8.205445e-09 2.429730e-14 1.103882e-08 wire2305
 1.953256e-09 9.071425e-09 3.819875e-13 1.102506e-08 max_cap2933
 3.232641e-09 7.786105e-09 2.429730e-14 1.101877e-08 wire3653
 3.000227e-09 8.009547e-09 2.429730e-14 1.100980e-08 wire5219
 2.943578e-09 8.065193e-09 2.429730e-14 1.100879e-08 wire1951
 3.122521e-09 7.864477e-09 2.429730e-14 1.098702e-08 wire3993
 3.182526e-09 7.804164e-09 2.429730e-14 1.098671e-08 wire4599
 2.614639e-09 8.356330e-09 2.429730e-14 1.097099e-08 wire4638
 5.478730e-09 5.485323e-09 7.494091e-14 1.096413e-08 wire2971
 2.508057e-09 8.450749e-09 2.429730e-14 1.095883e-08 wire1444
 2.945935e-09 8.011020e-09 2.429730e-14 1.095698e-08 wire4583
 2.926237e-09 8.023035e-09 2.429730e-14 1.094930e-08 wire1954
 4.859560e-09 6.086259e-09 7.350789e-14 1.094589e-08 wire4630
 3.654105e-09 7.279134e-09 2.429730e-14 1.093326e-08 max_cap4154
 3.053807e-09 7.860941e-09 2.429730e-14 1.091477e-08 wire4563
 1.283834e-09 9.617290e-09 7.780381e-14 1.090120e-08 max_cap3456
 2.928164e-09 7.971718e-09 2.429730e-14 1.089990e-08 wire2750
 3.561736e-09 7.334764e-09 2.429730e-14 1.089652e-08 max_cap4189
 2.942363e-09 7.938222e-09 2.429730e-14 1.088061e-08 wire4562
 2.740024e-09 8.138027e-09 2.429730e-14 1.087808e-08 max_cap3901
 2.875344e-09 7.999358e-09 2.429730e-14 1.087473e-08 max_cap2757
 4.600456e-09 6.248928e-09 7.457873e-14 1.084946e-08 wire2303
 2.849450e-09 7.981029e-09 2.429730e-14 1.083050e-08 wire2306
 3.327592e-09 7.483236e-09 2.429730e-14 1.081085e-08 max_cap3591
 3.232262e-09 7.536704e-09 2.429730e-14 1.076899e-08 max_cap4816
 3.077320e-09 7.688977e-09 2.429730e-14 1.076632e-08 max_cap2651
 2.775984e-09 7.981477e-09 2.429730e-14 1.075748e-08 max_cap4634
 4.334151e-09 6.421019e-09 2.429730e-14 1.075519e-08 max_cap4192
 3.116829e-09 7.625886e-09 7.788965e-14 1.074279e-08 max_cap113
 3.618973e-09 7.113946e-09 2.429730e-14 1.073294e-08 wire1760
 3.215396e-09 7.497193e-09 2.429730e-14 1.071261e-08 wire3928
 3.807588e-09 6.902418e-09 2.429730e-14 1.071003e-08 max_cap620
 3.059482e-09 7.646794e-09 2.429730e-14 1.070630e-08 wire5223
 4.892251e-09 5.811630e-09 7.313733e-14 1.070395e-08 wire2655
 3.585297e-09 7.114096e-09 2.429730e-14 1.069942e-08 wire1759
 1.350382e-09 9.346713e-09 7.786348e-14 1.069717e-08 max_cap2141
 3.415896e-09 7.269251e-09 2.429730e-14 1.068517e-08 wire1600
 3.251805e-09 7.409497e-09 2.429730e-14 1.066133e-08 max_cap3650
 3.967910e-09 6.689367e-09 2.429730e-14 1.065730e-08 max_cap4072
 3.404493e-09 7.252362e-09 2.429730e-14 1.065688e-08 max_cap3666
 3.057388e-09 7.597270e-09 2.429730e-14 1.065468e-08 wire2654
 3.444553e-09 7.196777e-09 2.429730e-14 1.064135e-08 max_cap560
 3.275244e-09 7.359839e-09 2.429730e-14 1.063511e-08 wire2549
 3.948955e-09 6.681999e-09 7.649012e-14 1.063103e-08 max_cap3982
 3.277479e-09 7.338080e-09 2.429730e-14 1.061558e-08 wire3980
 3.175014e-09 7.436623e-09 2.429730e-14 1.061166e-08 wire3450
 2.941278e-09 7.666139e-09 2.429730e-14 1.060744e-08 wire1953
 3.002054e-09 7.604864e-09 2.429730e-14 1.060694e-08 wire1949
 9.808365e-09 7.982464e-10 1.171207e-13 1.060673e-08 output16
 3.074570e-09 7.531235e-09 2.429730e-14 1.060583e-08 wire4554
 2.333032e-09 8.272460e-09 2.429730e-14 1.060552e-08 wire1596
 2.512530e-09 8.088684e-09 2.429730e-14 1.060124e-08 wire2336
 2.614831e-09 7.949287e-09 2.429730e-14 1.056414e-08 max_cap4593
 3.061385e-09 7.497655e-09 2.429730e-14 1.055906e-08 wire2650
 4.065575e-09 6.488409e-09 2.429730e-14 1.055401e-08 wire4298
 3.102851e-09 7.450990e-09 7.788965e-14 1.055392e-08 wire132
 2.510227e-09 8.043206e-09 2.429730e-14 1.055346e-08 wire4568
 3.141550e-09 7.404354e-09 2.429730e-14 1.054593e-08 wire4000
 2.770641e-09 7.759952e-09 2.429730e-14 1.053062e-08 max_cap3094
 2.857131e-09 7.659254e-09 2.429730e-14 1.051641e-08 wire4619
 3.142009e-09 7.373808e-09 2.429730e-14 1.051584e-08 wire3996
 2.428505e-09 8.084410e-09 2.429730e-14 1.051294e-08 max_cap1782
 1.871933e-09 8.629561e-09 2.429730e-14 1.050152e-08 fanout997
 3.285057e-09 7.205214e-09 2.429730e-14 1.049029e-08 max_cap358
 3.271918e-09 7.216880e-09 2.429730e-14 1.048882e-08 max_cap3981
 2.823433e-09 7.652801e-09 2.429730e-14 1.047626e-08 max_cap4807
 4.669197e-09 5.787170e-09 7.286099e-14 1.045644e-08 wire2748
 1.265023e-09 9.186550e-09 7.793884e-14 1.045165e-08 wire1894
 2.944045e-09 7.497244e-09 2.429730e-14 1.044131e-08 max_cap1952
 3.183391e-09 7.252066e-09 2.429730e-14 1.043548e-08 wire3454
 2.770363e-09 7.662692e-09 2.429730e-14 1.043308e-08 max_cap1558
 3.258812e-09 7.162113e-09 2.429730e-14 1.042095e-08 wire2554
 9.839212e-09 5.686910e-10 1.532016e-13 1.040806e-08 output12
 2.609565e-09 7.790183e-09 2.429730e-14 1.039977e-08 wire852
 3.461251e-09 6.915791e-09 2.429730e-14 1.037707e-08 wire3379
 2.624241e-09 7.751531e-09 2.429730e-14 1.037580e-08 max_cap4735
 5.109657e-09 5.249870e-09 2.429730e-14 1.035955e-08 max_cap660
 4.378930e-09 5.975344e-09 7.267152e-14 1.035435e-08 wire3898
 2.893062e-09 7.460534e-09 2.429730e-14 1.035362e-08 wire2299
 4.533367e-09 5.818921e-09 2.429730e-14 1.035231e-08 max_cap4031
 3.627820e-09 6.711032e-09 2.429730e-14 1.033888e-08 max_cap4295
 2.820714e-09 7.513284e-09 2.429730e-14 1.033402e-08 wire1273
 3.710114e-09 6.622796e-09 2.429730e-14 1.033293e-08 wire4194
 3.061058e-09 7.271490e-09 2.429730e-14 1.033257e-08 max_cap4846
 3.173714e-09 7.158748e-09 2.429730e-14 1.033249e-08 wire3455
 2.882774e-09 7.435033e-09 2.429730e-14 1.031783e-08 max_cap1671
 1.598760e-09 8.706420e-09 7.775357e-14 1.030526e-08 max_cap3943
 3.086898e-09 7.207463e-09 2.429730e-14 1.029438e-08 max_cap2038
 2.713153e-09 7.579827e-09 2.429730e-14 1.029300e-08 max_cap4645
 2.519898e-09 7.768393e-09 2.429730e-14 1.028832e-08 max_cap5115
 1.967002e-09 8.312754e-09 6.885398e-14 1.027982e-08 fanout3812
 4.895826e-09 5.383284e-09 2.429730e-14 1.027913e-08 wire854
 3.968454e-09 6.309064e-09 2.429730e-14 1.027754e-08 max_cap613
 2.882797e-09 7.377985e-09 2.429730e-14 1.026081e-08 wire1670
 3.104547e-09 7.155178e-09 2.429730e-14 1.025975e-08 wire4552
 3.563936e-09 6.683106e-09 2.429730e-14 1.024707e-08 max_cap1762
 3.047506e-09 7.187233e-09 2.429730e-14 1.023476e-08 wire4860
 4.904805e-09 5.329077e-09 2.429730e-14 1.023391e-08 wire855
 2.790058e-09 7.443792e-09 2.429730e-14 1.023387e-08 wire4861
 3.263235e-09 6.966152e-09 2.429730e-14 1.022941e-08 wire2945
 2.852491e-09 7.370226e-09 2.429730e-14 1.022274e-08 wire1270
 3.554525e-09 6.657722e-09 2.429730e-14 1.021227e-08 max_cap4039
 2.461107e-09 7.723629e-09 2.429730e-14 1.018476e-08 max_cap4588
 3.072955e-09 7.105927e-09 2.429730e-14 1.017891e-08 max_cap2657
 3.560259e-09 6.602116e-09 2.429730e-14 1.016240e-08 max_cap4730
 4.312922e-09 5.837822e-09 2.429730e-14 1.015077e-08 max_cap4203
 3.078707e-09 7.071667e-09 6.804378e-14 1.015044e-08 max_cap145
 2.645041e-09 7.495122e-09 2.429730e-14 1.014019e-08 wire4644
 2.702253e-09 7.435133e-09 2.429730e-14 1.013741e-08 wire3900
 3.141207e-09 6.937560e-09 2.429730e-14 1.007879e-08 max_cap3999
 2.851695e-09 7.212979e-09 2.429730e-14 1.006470e-08 max_cap4659
 2.601461e-09 7.450856e-09 2.429730e-14 1.005234e-08 wire3792
 2.751372e-09 7.291148e-09 2.429730e-14 1.004254e-08 wire5073
 3.157361e-09 6.880105e-09 2.429730e-14 1.003749e-08 max_cap4987
 4.903804e-09 5.129124e-09 2.429730e-14 1.003295e-08 wire862
 4.895431e-09 5.135038e-09 2.429730e-14 1.003049e-08 wire861
 3.088166e-09 6.940927e-09 2.429730e-14 1.002912e-08 wire2172
 2.144449e-09 7.884009e-09 2.429730e-14 1.002848e-08 max_cap5039
 3.096744e-09 6.930085e-09 7.788965e-14 1.002691e-08 max_cap130
 3.041023e-09 6.979947e-09 6.879431e-14 1.002104e-08 wire1909
 3.388471e-09 6.617084e-09 2.429730e-14 1.000558e-08 wire4628
 4.389713e-09 5.614421e-09 2.429730e-14 1.000416e-08 max_cap622
 3.360414e-09 6.637906e-09 2.429730e-14 9.998343e-09 max_cap5083
 2.650986e-09 7.347107e-09 2.429730e-14 9.998117e-09 max_cap4625
 3.106446e-09 6.889762e-09 6.804378e-14 9.996276e-09 max_cap143
 4.868021e-09 5.123050e-09 2.429730e-14 9.991095e-09 wire857
 3.021854e-09 6.953482e-09 2.429730e-14 9.975359e-09 wire5221
 3.228406e-09 6.741870e-09 2.429730e-14 9.970300e-09 wire4817
 3.024087e-09 6.943019e-09 6.879431e-14 9.967174e-09 wire1906
 1.295391e-09 8.671273e-09 2.429730e-14 9.966688e-09 max_cap1932
 3.665564e-09 6.298159e-09 2.429730e-14 9.963747e-09 max_cap698
 3.441301e-09 6.520025e-09 2.429730e-14 9.961350e-09 wire2974
 1.081395e-09 8.871764e-09 1.630645e-13 9.953322e-09 max_cap3579
 3.288069e-09 6.662907e-09 2.429730e-14 9.950999e-09 wire2947
 2.478105e-09 7.434282e-09 2.429730e-14 9.912411e-09 max_cap4626
 3.413477e-09 6.483545e-09 2.429730e-14 9.897046e-09 wire3563
 4.148768e-09 5.747513e-09 7.284842e-14 9.896354e-09 max_cap5054
 3.436759e-09 6.456945e-09 2.429730e-14 9.893728e-09 wire2973
 2.908284e-09 6.966094e-09 2.429730e-14 9.874402e-09 wire1669
 2.907704e-09 6.953822e-09 2.429730e-14 9.861550e-09 wire1668
 3.843581e-09 6.001217e-09 2.429730e-14 9.844822e-09 max_cap626
 3.801271e-09 6.040832e-09 2.429730e-14 9.842127e-09 max_cap4325
 2.821878e-09 7.017420e-09 2.429730e-14 9.839322e-09 wire4658
 3.107808e-09 6.699256e-09 2.429730e-14 9.807088e-09 wire1681
 3.329521e-09 6.476263e-09 2.429730e-14 9.805808e-09 max_cap4714
 3.095856e-09 6.693519e-09 7.788965e-14 9.789453e-09 max_cap75
 3.985344e-09 5.803802e-09 2.429730e-14 9.789170e-09 max_cap4087
 2.755195e-09 7.029803e-09 2.429730e-14 9.785022e-09 max_cap4602
 4.890605e-09 4.886286e-09 2.429730e-14 9.776914e-09 wire856
 2.874241e-09 6.880575e-09 2.429730e-14 9.754840e-09 max_cap4808
 2.924512e-09 6.823911e-09 2.429730e-14 9.748447e-09 max_cap2760
 2.747108e-09 6.996558e-09 6.868963e-14 9.743735e-09 wire2531
 2.770959e-09 6.965211e-09 2.429730e-14 9.736194e-09 max_cap5113
 2.689990e-09 7.045079e-09 2.429730e-14 9.735092e-09 max_cap2714
 3.101760e-09 6.622473e-09 7.788965e-14 9.724311e-09 max_cap155
 3.421008e-09 6.303222e-09 2.429730e-14 9.724254e-09 max_cap475
 2.565256e-09 7.141975e-09 2.429730e-14 9.707255e-09 max_cap2331
 4.084242e-09 5.611969e-09 2.429730e-14 9.696234e-09 max_cap4223
 2.499865e-09 7.195404e-09 2.429730e-14 9.695293e-09 max_cap4879
 2.888901e-09 6.802532e-09 2.429730e-14 9.691457e-09 max_cap3761
 3.463941e-09 6.219373e-09 2.429730e-14 9.683338e-09 max_cap2022
 4.543819e-09 5.134084e-09 7.479855e-14 9.677978e-09 wire1747
 3.069461e-09 6.596480e-09 2.429730e-14 9.665965e-09 max_cap2180
 3.025577e-09 6.634371e-09 2.429730e-14 9.659972e-09 max_cap5099
 2.981820e-09 6.671174e-09 2.429730e-14 9.653018e-09 wire3420
 3.713058e-09 5.926358e-09 2.429730e-14 9.639439e-09 max_cap4914
 3.096161e-09 6.529433e-09 6.884560e-14 9.625663e-09 wire3064
 3.078953e-09 6.544292e-09 6.804378e-14 9.623313e-09 max_cap87
 2.940715e-09 6.681223e-09 2.429730e-14 9.621963e-09 max_cap3334
 3.334540e-09 6.286286e-09 2.429730e-14 9.620850e-09 max_cap4931
 2.404038e-09 7.203237e-09 2.429730e-14 9.607299e-09 max_cap4596
 3.706693e-09 5.893580e-09 2.429730e-14 9.600297e-09 max_cap4312
 4.149673e-09 5.450428e-09 2.429730e-14 9.600126e-09 max_cap719
 2.942057e-09 6.655065e-09 2.429730e-14 9.597146e-09 wire2753
 2.491019e-09 7.104780e-09 2.429730e-14 9.595824e-09 max_cap4777
 3.232023e-09 6.360918e-09 2.429730e-14 9.592965e-09 max_cap3651
 3.144476e-09 6.445715e-09 2.429730e-14 9.590214e-09 wire3998
 3.464806e-09 6.123396e-09 2.429730e-14 9.588226e-09 wire2975
 3.702021e-09 5.885703e-09 2.429730e-14 9.587748e-09 max_cap4195
 4.886652e-09 4.700441e-09 2.429730e-14 9.587118e-09 wire860
 4.881194e-09 4.704163e-09 2.429730e-14 9.585380e-09 wire853
 2.887002e-09 6.696494e-09 2.429730e-14 9.583521e-09 max_cap4873
 2.598183e-09 6.985192e-09 2.429730e-14 9.583399e-09 max_cap4853
 1.849127e-09 7.723566e-09 2.429730e-14 9.572716e-09 wire1907
 3.436684e-09 6.133328e-09 2.429730e-14 9.570035e-09 wire2972
 3.319299e-09 6.241665e-09 2.429730e-14 9.560988e-09 wire3921
 3.417957e-09 6.139900e-09 2.429730e-14 9.557881e-09 wire3564
 3.038674e-09 6.512035e-09 2.429730e-14 9.550733e-09 max_cap4702
 3.275292e-09 6.272061e-09 2.429730e-14 9.547376e-09 max_cap4136
 4.856093e-09 4.690028e-09 7.319281e-14 9.546194e-09 max_cap5152
 3.410378e-09 6.134090e-09 2.429730e-14 9.544492e-09 max_cap4149
 3.034359e-09 6.504803e-09 2.429730e-14 9.539185e-09 wire2175
 3.083697e-09 6.455119e-09 2.429730e-14 9.538840e-09 max_cap4847
 3.108151e-09 6.422964e-09 7.788965e-14 9.531194e-09 max_cap149
 3.244174e-09 6.283361e-09 2.429730e-14 9.527559e-09 max_cap4617
 4.765669e-09 4.746001e-09 2.429730e-14 9.511694e-09 wire863
 4.271588e-09 5.232272e-09 6.972593e-14 9.503929e-09 wire2340
 2.800045e-09 6.702322e-09 2.429730e-14 9.502391e-09 max_cap4992
 3.045592e-09 6.444989e-09 2.429730e-14 9.490605e-09 wire2658
 2.096006e-09 7.385385e-09 2.429730e-14 9.481416e-09 max_cap3040
 3.258770e-09 6.213407e-09 2.429730e-14 9.472202e-09 max_cap484
 2.875848e-09 6.581727e-09 2.429730e-14 9.457599e-09 max_cap2315
 2.810135e-09 6.646664e-09 2.429730e-14 9.456823e-09 max_cap4582
 3.103732e-09 6.351071e-09 2.429730e-14 9.454827e-09 wire1690
 3.379171e-09 6.054613e-09 2.429730e-14 9.433808e-09 max_cap3667
 3.257276e-09 6.173562e-09 2.429730e-14 9.430861e-09 wire2942
 3.085543e-09 6.319008e-09 6.804378e-14 9.404620e-09 max_cap167
 2.163351e-09 7.239966e-09 2.429730e-14 9.403341e-09 wire3327
 2.290963e-09 7.107300e-09 2.429730e-14 9.398287e-09 wire4558
 2.523459e-09 6.869392e-09 2.429730e-14 9.392874e-09 wire2470
 1.902330e-09 7.487767e-09 2.429730e-14 9.390121e-09 max_cap3276
 3.016165e-09 6.360819e-09 2.429730e-14 9.377009e-09 wire1337
 2.757675e-09 6.616957e-09 6.867602e-14 9.374700e-09 wire3741
 3.082171e-09 6.279972e-09 2.429730e-14 9.362167e-09 max_cap1705
 3.182719e-09 6.178943e-09 6.890840e-14 9.361732e-09 wire2197
 2.160898e-09 7.172442e-09 2.429730e-14 9.333363e-09 wire1471
 2.693731e-09 6.623326e-09 2.429730e-14 9.317081e-09 max_cap4854
 3.471006e-09 5.836020e-09 2.429730e-14 9.307050e-09 wire3380
 2.860802e-09 6.444743e-09 2.429730e-14 9.305570e-09 max_cap5067
 1.772399e-09 7.532251e-09 2.429730e-14 9.304674e-09 max_cap4949
 2.467642e-09 6.829047e-09 2.429730e-14 9.296713e-09 wire1095
 4.158374e-09 5.132067e-09 2.429730e-14 9.290465e-09 max_cap615
 1.715660e-09 7.568429e-09 2.429730e-14 9.284112e-09 wire4609
 2.305899e-09 6.974969e-09 2.429730e-14 9.280892e-09 max_cap4571
 2.956563e-09 6.321248e-09 2.429730e-14 9.277835e-09 wire1663
 2.911977e-09 6.359894e-09 2.429730e-14 9.271895e-09 wire2755
 1.929937e-09 7.324372e-09 2.429730e-14 9.254333e-09 max_cap4438
 3.103375e-09 6.141744e-09 2.429730e-14 9.245144e-09 wire4183
 3.408152e-09 5.836678e-09 2.429730e-14 9.244853e-09 wire3562
 3.328221e-09 5.916037e-09 2.429730e-14 9.244283e-09 max_cap4367
 4.439694e-09 4.799117e-09 2.429730e-14 9.238835e-09 wire4382
 2.627331e-09 6.609162e-09 2.429730e-14 9.236517e-09 wire4821
 2.343991e-09 6.885394e-09 2.429730e-14 9.229409e-09 max_cap1598
 2.831701e-09 6.380334e-09 2.429730e-14 9.212059e-09 wire2307
 2.922961e-09 6.287943e-09 2.429730e-14 9.210928e-09 max_cap2752
 2.345194e-09 6.859892e-09 2.429730e-14 9.205110e-09 wire4865
 3.230314e-09 5.974065e-09 2.429730e-14 9.204403e-09 wire3514
 2.586704e-09 6.612614e-09 2.429730e-14 9.199342e-09 wire3788
 2.643738e-09 6.548576e-09 2.429730e-14 9.192338e-09 max_cap3682
 4.311472e-09 4.869323e-09 6.972593e-14 9.180865e-09 wire2339
 3.040187e-09 6.138852e-09 2.429730e-14 9.179062e-09 wire2652
 2.604237e-09 6.573857e-09 2.429730e-14 9.178117e-09 max_cap5096
 3.022014e-09 6.153752e-09 2.429730e-14 9.175789e-09 max_cap3188
 4.008114e-09 5.167470e-09 2.429730e-14 9.175607e-09 wire611
 2.249575e-09 6.923330e-09 2.429730e-14 9.172929e-09 wire3891
 4.568776e-09 4.602765e-09 7.479855e-14 9.171615e-09 wire1746
 3.085132e-09 6.085073e-09 6.884560e-14 9.170275e-09 wire3062
 2.444420e-09 6.725302e-09 2.429730e-14 9.169745e-09 wire1774
 2.885351e-09 6.282731e-09 2.429730e-14 9.168105e-09 max_cap2685
 3.321928e-09 5.828154e-09 2.429730e-14 9.150106e-09 max_cap348
 3.057887e-09 6.090850e-09 2.429730e-14 9.148761e-09 wire3836
 2.926158e-09 6.206863e-09 2.429730e-14 9.133044e-09 max_cap2754
 3.098533e-09 6.032519e-09 2.429730e-14 9.131075e-09 max_cap4346
 2.893355e-09 6.233470e-09 6.870743e-14 9.126894e-09 wire2983
 2.844761e-09 6.265295e-09 2.429730e-14 9.110080e-09 wire1750
 3.456094e-09 5.650683e-09 2.429730e-14 9.106802e-09 wire3565
 3.088975e-09 6.010810e-09 2.429730e-14 9.099808e-09 max_cap4276
 2.912015e-09 6.183653e-09 2.429730e-14 9.095691e-09 max_cap4979
 2.962144e-09 6.131154e-09 2.429730e-14 9.093322e-09 wire1891
 2.990866e-09 6.099907e-09 2.429730e-14 9.090797e-09 wire3419
 3.891531e-09 5.198120e-09 2.429730e-14 9.089676e-09 max_cap4335
 3.304096e-09 5.782279e-09 2.429730e-14 9.086398e-09 max_cap478
 4.390647e-09 4.692406e-09 7.064394e-14 9.083124e-09 wire1560
 3.418054e-09 5.654039e-09 2.429730e-14 9.072117e-09 max_cap4026
 3.026282e-09 6.040616e-09 2.429730e-14 9.066922e-09 max_cap4370
 3.089274e-09 5.976839e-09 7.788965e-14 9.066191e-09 max_cap147
 3.184540e-09 5.872306e-09 2.429730e-14 9.056870e-09 max_cap4958
 1.419378e-09 7.635990e-09 2.429730e-14 9.055391e-09 wire3473
 2.560562e-09 6.489876e-09 2.429730e-14 9.050462e-09 wire2464
 3.524231e-09 5.517067e-09 2.429730e-14 9.041321e-09 max_cap329
 3.304195e-09 5.730909e-09 2.429730e-14 9.035128e-09 max_cap477
 3.053535e-09 5.980727e-09 7.289030e-14 9.034336e-09 max_cap4934
 3.204464e-09 5.827086e-09 7.285157e-14 9.031623e-09 max_cap4935
 3.149082e-09 5.876684e-09 2.429730e-14 9.025789e-09 wire1899
 2.541978e-09 6.482561e-09 2.429730e-14 9.024562e-09 max_cap2333
 2.684036e-09 6.335278e-09 2.429730e-14 9.019338e-09 max_cap4360
 2.330605e-09 6.688332e-09 2.429730e-14 9.018961e-09 max_cap4866
 2.574594e-09 6.444271e-09 2.429730e-14 9.018890e-09 max_cap2465
 3.039291e-09 5.975811e-09 2.429730e-14 9.015126e-09 max_cap4703
 2.834940e-09 6.177317e-09 2.429730e-14 9.012282e-09 wire1269
 2.665033e-09 6.338634e-09 2.429730e-14 9.003691e-09 wire4770
 2.740008e-09 6.262797e-09 2.429730e-14 9.002830e-09 wire1117
 3.123031e-09 5.872149e-09 7.788965e-14 8.995258e-09 max_cap129
 3.396556e-09 5.587201e-09 2.429730e-14 8.983782e-09 max_cap4353
 2.092132e-09 6.887367e-09 2.429730e-14 8.979523e-09 wire1227
 3.332669e-09 5.623314e-09 2.429730e-14 8.956007e-09 max_cap4167
 2.999731e-09 5.952776e-09 2.429730e-14 8.952531e-09 max_cap4379
 2.707484e-09 6.239270e-09 2.429730e-14 8.946778e-09 wire1113
 2.602086e-09 6.340047e-09 2.429730e-14 8.942156e-09 max_cap3787
 3.016843e-09 5.923109e-09 2.429730e-14 8.939976e-09 wire1892
 2.185392e-09 6.737264e-09 2.429730e-14 8.922679e-09 wire966
 3.822215e-09 5.097291e-09 2.429730e-14 8.919531e-09 max_cap706
 2.449034e-09 6.463016e-09 2.429730e-14 8.912074e-09 wire1778
 2.762561e-09 6.148777e-09 2.429730e-14 8.911362e-09 wire1562
 2.979554e-09 5.927938e-09 2.429730e-14 8.907516e-09 wire1675
 2.728513e-09 6.172373e-09 6.867183e-14 8.900956e-09 wire1980
 3.834215e-09 5.063492e-09 2.429730e-14 8.897731e-09 max_cap4372
 2.604934e-09 6.284866e-09 2.429730e-14 8.889825e-09 wire4340
 1.959448e-09 6.915664e-09 2.429730e-14 8.875136e-09 wire5666
 6.120285e-09 2.746546e-09 2.429730e-14 8.866855e-09 wire65
 3.196428e-09 5.667250e-09 2.429730e-14 8.863702e-09 max_cap4275
 4.432730e-09 4.425527e-09 7.064394e-14 8.858327e-09 wire1559
 1.462349e-09 7.393898e-09 2.429730e-14 8.856271e-09 wire2955
 2.271659e-09 6.584234e-09 6.843109e-14 8.855961e-09 max_cap3018
 2.545407e-09 6.303753e-09 2.429730e-14 8.849184e-09 max_cap4323
 1.925465e-09 6.911797e-09 2.429730e-14 8.837286e-09 max_cap5038
 3.566065e-09 5.270194e-09 2.429730e-14 8.836282e-09 max_cap342
 2.169821e-09 6.665007e-09 6.836408e-14 8.834896e-09 wire3551
 2.220589e-09 6.611712e-09 2.429730e-14 8.832324e-09 wire3325
 2.376085e-09 6.454107e-09 2.429730e-14 8.830216e-09 max_cap3136
 2.956196e-09 5.865995e-09 2.429730e-14 8.822215e-09 wire1678
 2.150438e-09 6.671719e-09 2.429730e-14 8.822181e-09 wire4889
 3.043965e-09 5.774293e-09 2.429730e-14 8.818282e-09 max_cap5069
 3.061245e-09 5.756623e-09 2.429730e-14 8.817891e-09 max_cap4124
 1.881853e-09 6.929282e-09 2.429730e-14 8.811158e-09 fanout999
 2.281470e-09 6.529019e-09 7.664504e-14 8.810566e-09 max_cap3594
 2.595060e-09 6.214013e-09 2.429730e-14 8.809097e-09 wire3791
 4.117336e-09 4.691441e-09 2.429730e-14 8.808802e-09 wire775
 2.193334e-09 6.614602e-09 2.429730e-14 8.807960e-09 wire937
 4.126095e-09 4.681358e-09 2.429730e-14 8.807477e-09 wire773
 3.790992e-09 5.014700e-09 2.429730e-14 8.805716e-09 max_cap5370
 3.193081e-09 5.604472e-09 2.429730e-14 8.797578e-09 max_cap4074
 2.290267e-09 6.504812e-09 2.429730e-14 8.795102e-09 max_cap4916
 4.117278e-09 4.674957e-09 2.429730e-14 8.792258e-09 wire771
 3.089499e-09 5.690870e-09 2.429730e-14 8.780392e-09 max_cap4627
 2.198690e-09 6.577348e-09 2.429730e-14 8.776062e-09 wire3893
 2.628941e-09 6.146338e-09 2.429730e-14 8.775302e-09 wire4283
 3.280130e-09 5.492243e-09 2.429730e-14 8.772397e-09 max_cap2548
 3.032441e-09 5.739483e-09 2.429730e-14 8.771949e-09 max_cap5068
 3.049944e-09 5.718531e-09 2.429730e-14 8.768498e-09 wire3835
 3.092028e-09 5.672589e-09 7.788965e-14 8.764695e-09 max_cap217
 3.629778e-09 5.128237e-09 2.429730e-14 8.758039e-09 max_cap729
 3.397462e-09 5.359309e-09 2.429730e-14 8.756795e-09 max_cap2056
 2.630892e-09 6.125505e-09 2.429730e-14 8.756421e-09 max_cap4943
 2.370171e-09 6.384964e-09 7.280447e-14 8.755208e-09 max_cap4845
 4.374408e-09 4.371157e-09 2.429730e-14 8.745588e-09 wire621
 2.764083e-09 5.979057e-09 2.429730e-14 8.743164e-09 max_cap4805
 2.794527e-09 5.947842e-09 2.429730e-14 8.742393e-09 wire1274
 2.612017e-09 6.121497e-09 2.429730e-14 8.733537e-09 wire3793
 2.538670e-09 6.174695e-09 2.429730e-14 8.713388e-09 wire2335
 2.825371e-09 5.886793e-09 2.429730e-14 8.712188e-09 max_cap2573
 2.604942e-09 6.105120e-09 2.429730e-14 8.710086e-09 wire3789
 2.693090e-09 6.009262e-09 2.429730e-14 8.702376e-09 max_cap2026
 2.573408e-09 6.126424e-09 2.429730e-14 8.699857e-09 max_cap4946
 1.332386e-09 7.365069e-09 2.429730e-14 8.697478e-09 wire3552
 3.506867e-09 5.186333e-09 2.429730e-14 8.693224e-09 wire2969
 2.469453e-09 6.221418e-09 2.429730e-14 8.690895e-09 max_cap1780
 2.845594e-09 5.839929e-09 2.429730e-14 8.685547e-09 max_cap4161
 4.112769e-09 4.571899e-09 2.429730e-14 8.684691e-09 wire772
 3.279798e-09 5.402457e-09 6.815893e-14 8.682323e-09 max_cap158
 2.491297e-09 6.190020e-09 2.429730e-14 8.681341e-09 wire4557
 3.701298e-09 4.975275e-09 2.429730e-14 8.676597e-09 max_cap4365
 3.135049e-09 5.527882e-09 2.429730e-14 8.662955e-09 max_cap3992
 2.860934e-09 5.781648e-09 2.429730e-14 8.642606e-09 wire5066
 2.563390e-09 6.075100e-09 2.429730e-14 8.638515e-09 wire2467
 2.890955e-09 5.746811e-09 2.429730e-14 8.637790e-09 wire2394
 4.051288e-09 4.583798e-09 2.429730e-14 8.635110e-09 wire776
 2.452455e-09 6.182277e-09 2.429730e-14 8.634756e-09 max_cap4880
 1.939462e-09 6.694526e-09 2.429730e-14 8.634012e-09 wire779
 2.402587e-09 6.229409e-09 2.429730e-14 8.632020e-09 wire4567
 1.585793e-09 7.044545e-09 6.812961e-14 8.630407e-09 max_cap2613
 3.064120e-09 5.565368e-09 2.429730e-14 8.629512e-09 max_cap4181
 3.075315e-09 5.540798e-09 2.429730e-14 8.616137e-09 max_cap4028
 2.432745e-09 6.182459e-09 2.429730e-14 8.615229e-09 wire1779
 2.584059e-09 6.027113e-09 2.429730e-14 8.611196e-09 wire2468
 3.349490e-09 5.245091e-09 2.429730e-14 8.594604e-09 max_cap3070
 2.048423e-09 6.542256e-09 2.429730e-14 8.590702e-09 max_cap4576
 3.067124e-09 5.523074e-09 2.429730e-14 8.590223e-09 wire1688
 3.288702e-09 5.299699e-09 7.289449e-14 8.588474e-09 max_cap5002
 2.093008e-09 6.491419e-09 2.429730e-14 8.584451e-09 max_cap4991
 2.897322e-09 5.684568e-09 2.429730e-14 8.581914e-09 wire2391
 3.090085e-09 5.489830e-09 2.429730e-14 8.579939e-09 wire1695
 3.829448e-09 4.735829e-09 2.429730e-14 8.565301e-09 max_cap3097
 3.386342e-09 5.178417e-09 6.905391e-14 8.564828e-09 wire2250
 2.601462e-09 5.954268e-09 2.429730e-14 8.555754e-09 wire3786
 2.476640e-09 6.078695e-09 2.429730e-14 8.555359e-09 max_cap4572
 2.318318e-09 6.236561e-09 2.429730e-14 8.554903e-09 wire1238
 1.969541e-09 6.583270e-09 2.429730e-14 8.552836e-09 hold711
 4.232130e-09 4.309875e-09 2.429730e-14 8.542028e-09 max_cap618
 1.488748e-09 7.048024e-09 7.775357e-14 8.536850e-09 wire1213
 3.389796e-09 5.143159e-09 6.905391e-14 8.533024e-09 wire2252
 2.643734e-09 5.887475e-09 2.429730e-14 8.531233e-09 max_cap4629
 2.509347e-09 6.020187e-09 2.429730e-14 8.529558e-09 max_cap4945
 3.175640e-09 5.352210e-09 2.429730e-14 8.527874e-09 max_cap4988
 3.608995e-09 4.914959e-09 2.429730e-14 8.523978e-09 max_cap4974
 2.070413e-09 6.441460e-09 2.429730e-14 8.511897e-09 wire2251
 2.586005e-09 5.921888e-09 2.429730e-14 8.507917e-09 wire3795
 2.956324e-09 5.548981e-09 2.429730e-14 8.505329e-09 max_cap1664
 3.077574e-09 5.426906e-09 2.429730e-14 8.504504e-09 wire1697
 2.317744e-09 6.180543e-09 6.843109e-14 8.498355e-09 wire3017
 3.136608e-09 5.358165e-09 2.429730e-14 8.494797e-09 max_cap4957
 3.406922e-09 5.074059e-09 2.429730e-14 8.481005e-09 wire4148
 3.138059e-09 5.340960e-09 2.429730e-14 8.479042e-09 max_cap4671
 1.997427e-09 6.475644e-09 2.429730e-14 8.473095e-09 wire2201
 2.663514e-09 5.795351e-09 2.429730e-14 8.458889e-09 wire4944
 2.439475e-09 6.019262e-09 2.429730e-14 8.458760e-09 wire4620
 2.556126e-09 5.898948e-09 2.429730e-14 8.455097e-09 wire2469
 3.079248e-09 5.375469e-09 2.429730e-14 8.454740e-09 wire1684
 3.216113e-09 5.235508e-09 2.429730e-14 8.451646e-09 max_cap3926
 3.434125e-09 5.011442e-09 2.429730e-14 8.445592e-09 max_cap546
 3.566136e-09 4.878070e-09 2.429730e-14 8.444230e-09 max_cap343
 2.996293e-09 5.446308e-09 2.429730e-14 8.442625e-09 wire3837
 3.439449e-09 4.985958e-09 2.429730e-14 8.425432e-09 max_cap3381
 2.857296e-09 5.560905e-09 2.429730e-14 8.418225e-09 max_cap4580
 2.164666e-09 6.241734e-09 2.429730e-14 8.406424e-09 wire4606
 3.509313e-09 4.890629e-09 2.429730e-14 8.399966e-09 max_cap4972
 2.097233e-09 6.300561e-09 2.429730e-14 8.397818e-09 max_cap5053
 7.825492e-09 5.685181e-10 1.499647e-13 8.394161e-09 output14
 2.116397e-09 6.275919e-09 2.429730e-14 8.392340e-09 max_cap4578
 3.176772e-09 5.213195e-09 2.429730e-14 8.389991e-09 max_cap3449
 3.087225e-09 5.302456e-09 2.429730e-14 8.389704e-09 wire1698
 2.171634e-09 6.215189e-09 2.429730e-14 8.386847e-09 wire3328
 2.413428e-09 5.966133e-09 6.852843e-14 8.379629e-09 wire2954
 2.171711e-09 6.207102e-09 2.429730e-14 8.378837e-09 max_cap3329
 3.423268e-09 4.954650e-09 2.429730e-14 8.377942e-09 max_cap458
 2.231401e-09 6.131742e-09 2.429730e-14 8.363167e-09 wire3894
 3.354385e-09 5.002122e-09 2.429730e-14 8.356531e-09 max_cap4715
 3.079464e-09 5.258538e-09 2.429730e-14 8.338027e-09 wire1702
 3.259872e-09 5.072970e-09 2.429730e-14 8.332866e-09 max_cap4156
 2.324667e-09 6.006349e-09 2.429730e-14 8.331041e-09 wire808
 1.928550e-09 6.396727e-09 2.429730e-14 8.325300e-09 wire4595
 3.260768e-09 5.057221e-09 2.429730e-14 8.318013e-09 wire3508
 2.745003e-09 5.571174e-09 2.429730e-14 8.316202e-09 max_cap5112
 2.789455e-09 5.524273e-09 2.429730e-14 8.313752e-09 wire2477
 2.187850e-09 6.125429e-09 2.429730e-14 8.313304e-09 wire3890
 3.156937e-09 5.155775e-09 2.429730e-14 8.312736e-09 max_cap4673
 2.958097e-09 5.354372e-09 2.429730e-14 8.312493e-09 wire1890
 3.555460e-09 4.754267e-09 2.429730e-14 8.309751e-09 max_cap328
 2.597794e-09 5.710029e-09 2.429730e-14 8.307848e-09 wire1190
 4.105068e-09 4.191163e-09 2.429730e-14 8.296255e-09 wire774
 2.455993e-09 5.833813e-09 2.429730e-14 8.289830e-09 wire676
 2.459549e-09 5.829011e-09 7.611852e-14 8.288637e-09 max_cap2014
 3.100069e-09 5.186966e-09 7.788965e-14 8.287113e-09 max_cap169
 2.786666e-09 5.492975e-09 2.429730e-14 8.279664e-09 wire1564
 2.606365e-09 5.660681e-09 2.429730e-14 8.267071e-09 max_cap4964
 3.113671e-09 5.145525e-09 2.429730e-14 8.259220e-09 max_cap1686
 1.149444e-09 7.108595e-09 7.794617e-14 8.258117e-09 wire2910
 2.385551e-09 5.868772e-09 2.429730e-14 8.254347e-09 max_cap1461
 3.575291e-09 4.676216e-09 2.429730e-14 8.251531e-09 max_cap554
 3.774395e-09 4.471246e-09 2.429730e-14 8.245665e-09 max_cap4200
 2.674245e-09 5.569570e-09 6.863311e-14 8.243883e-09 wire4608
 1.160578e-09 7.082819e-09 7.794617e-14 8.243474e-09 max_cap2912
 3.293133e-09 4.948997e-09 2.429730e-14 8.242154e-09 wire870
 3.432794e-09 4.798568e-09 2.429730e-14 8.231386e-09 max_cap455
 3.584193e-09 4.645528e-09 2.429730e-14 8.229745e-09 wire1761
 3.486113e-09 4.734826e-09 7.220467e-14 8.221011e-09 wire3326
 3.420441e-09 4.797409e-09 2.429730e-14 8.217873e-09 wire793
 3.078513e-09 5.136022e-09 2.429730e-14 8.214559e-09 wire1685
 2.632438e-09 5.579977e-09 2.429730e-14 8.212440e-09 max_cap4771
 2.819974e-09 5.392387e-09 2.429730e-14 8.212385e-09 wire2478
 2.671711e-09 5.536418e-09 2.429730e-14 8.208153e-09 max_cap4772
 1.922005e-09 6.281181e-09 2.429730e-14 8.203210e-09 wire189
 2.978313e-09 5.219742e-09 2.429730e-14 8.198078e-09 wire1673
 2.741428e-09 5.454154e-09 2.429730e-14 8.195606e-09 wire1561
 2.995318e-09 5.199683e-09 2.429730e-14 8.195025e-09 max_cap5156
 2.811672e-09 5.382935e-09 2.429730e-14 8.194631e-09 wire1753
 2.826663e-09 5.366428e-09 2.429730e-14 8.193115e-09 wire1749
 1.919595e-09 6.272057e-09 2.429730e-14 8.191676e-09 wire128
 1.977676e-09 6.210894e-09 2.429730e-14 8.188594e-09 wire2198
 3.670906e-09 4.513764e-09 2.429730e-14 8.184695e-09 max_cap4143
 3.079132e-09 5.103515e-09 2.429730e-14 8.182671e-09 wire1704
 2.802662e-09 5.377994e-09 2.429730e-14 8.180680e-09 wire2459
 2.918574e-09 5.256544e-09 2.429730e-14 8.175142e-09 max_cap1557
 1.962719e-09 6.209651e-09 2.429730e-14 8.172394e-09 max_cap5667
 3.078836e-09 5.087557e-09 2.429730e-14 8.166416e-09 wire1703
 3.453440e-09 4.709935e-09 2.429730e-14 8.163399e-09 max_cap457
 2.890444e-09 5.271455e-09 2.429730e-14 8.161923e-09 max_cap4700
 2.273799e-09 5.883443e-09 2.429730e-14 8.157266e-09 max_cap4864
 2.749939e-09 5.403777e-09 2.429730e-14 8.153740e-09 wire2458
 2.764953e-09 5.383524e-09 2.429730e-14 8.148501e-09 max_cap4128
 3.575053e-09 4.571706e-09 2.429730e-14 8.146783e-09 max_cap487
 2.676993e-09 5.468861e-09 2.429730e-14 8.145878e-09 wire4114
 2.120392e-09 6.019256e-09 2.429730e-14 8.139673e-09 wire2253
 2.858787e-09 5.276208e-09 2.429730e-14 8.135019e-09 wire4327
 1.892182e-09 6.240580e-09 2.429730e-14 8.132786e-09 fanout995
 3.441749e-09 4.690234e-09 2.429730e-14 8.132007e-09 wire3568
 2.312281e-09 5.817022e-09 2.429730e-14 8.129326e-09 wire1433
 3.043964e-09 5.083474e-09 2.429730e-14 8.127462e-09 wire1706
 2.606393e-09 5.514635e-09 2.429730e-14 8.121052e-09 max_cap3794
 3.862901e-09 4.256738e-09 2.429730e-14 8.119663e-09 max_cap4271
 2.338465e-09 5.775084e-09 2.429730e-14 8.113573e-09 max_cap5021
 3.008050e-09 5.097849e-09 2.429730e-14 8.105923e-09 wire5242
 2.412051e-09 5.685432e-09 2.429730e-14 8.097508e-09 max_cap1594
 2.983920e-09 5.102686e-09 2.429730e-14 8.086630e-09 wire1340
 2.063887e-09 6.016900e-09 2.429730e-14 8.080811e-09 wire2710
 1.699194e-09 6.376971e-09 2.429730e-14 8.076189e-09 wire881
 2.620591e-09 5.454957e-09 2.429730e-14 8.075572e-09 max_cap4081
 2.445258e-09 5.627096e-09 2.429730e-14 8.072377e-09 wire1777
 2.924919e-09 5.143496e-09 2.429730e-14 8.068439e-09 max_cap2751
 3.438248e-09 4.628499e-09 2.429730e-14 8.066771e-09 max_cap466
 3.475913e-09 4.587933e-09 2.429730e-14 8.063870e-09 max_cap733
 3.534689e-09 4.524301e-09 7.218059e-14 8.059063e-09 wire3892
 2.403443e-09 5.652447e-09 7.740499e-14 8.055967e-09 max_cap2949
 2.341076e-09 5.691436e-09 2.429730e-14 8.032536e-09 max_cap5048
 2.229049e-09 5.798266e-09 2.429730e-14 8.027339e-09 wire4851
 3.207599e-09 4.818154e-09 2.429730e-14 8.025777e-09 max_cap4041
 2.239132e-09 5.780221e-09 2.429730e-14 8.019377e-09 max_cap4648
 2.882449e-09 5.133669e-09 2.429730e-14 8.016142e-09 max_cap4699
 2.368254e-09 5.647153e-09 6.877651e-14 8.015475e-09 wire3860
 1.821230e-09 6.169286e-09 2.429730e-14 7.990541e-09 hold580
 2.147464e-09 5.839276e-09 2.429730e-14 7.986764e-09 max_cap4607
 2.246496e-09 5.739644e-09 2.429730e-14 7.986165e-09 max_cap4717
 2.187801e-09 5.790232e-09 2.429730e-14 7.978058e-09 max_cap5040
 2.225887e-09 5.749654e-09 2.429730e-14 7.975564e-09 max_cap4622
 2.007519e-09 5.956349e-09 2.429730e-14 7.963892e-09 wire4962
 3.415896e-09 4.537503e-09 2.429730e-14 7.953423e-09 max_cap2976
 2.713642e-09 5.237736e-09 2.429730e-14 7.951402e-09 wire2617
 2.910189e-09 5.026594e-09 2.429730e-14 7.936807e-09 max_cap2756
 2.877693e-09 5.057609e-09 2.429730e-14 7.935326e-09 wire2390
 2.765655e-09 5.166417e-09 6.868963e-14 7.932140e-09 wire2528
 1.317731e-09 6.613767e-09 7.791267e-14 7.931576e-09 wire1788
 3.286988e-09 4.637477e-09 2.429730e-14 7.924489e-09 max_cap3509
 3.350667e-09 4.573536e-09 2.429730e-14 7.924227e-09 max_cap347
 3.005105e-09 4.918971e-09 2.429730e-14 7.924100e-09 max_cap3418
 2.686609e-09 5.235895e-09 2.429730e-14 7.922528e-09 max_cap4238
 3.245458e-09 4.675035e-09 2.429730e-14 7.920517e-09 max_cap704
 3.053829e-09 4.863368e-09 2.429730e-14 7.917222e-09 max_cap2044
 2.615702e-09 5.295802e-09 2.429730e-14 7.911527e-09 max_cap4342
 1.791506e-09 6.117663e-09 2.429730e-14 7.909192e-09 max_cap4947
 2.217759e-09 5.690679e-09 2.429730e-14 7.908462e-09 max_cap5005
 1.782744e-09 6.120417e-09 2.429730e-14 7.903185e-09 wire1130
 3.071115e-09 4.822925e-09 2.429730e-14 7.894063e-09 max_cap4020
 3.057636e-09 4.831458e-09 2.429730e-14 7.889119e-09 max_cap4204
 2.738783e-09 5.148957e-09 7.795036e-14 7.887818e-09 max_cap150
 3.246301e-09 4.639310e-09 2.429730e-14 7.885634e-09 wire961
 2.184958e-09 5.683607e-09 2.429730e-14 7.868589e-09 wire4749
 3.003048e-09 4.852389e-09 2.429730e-14 7.855460e-09 max_cap1676
 3.038582e-09 4.813244e-09 2.429730e-14 7.851850e-09 max_cap3078
 3.095869e-09 4.752869e-09 2.429730e-14 7.848763e-09 max_cap687
 3.751292e-09 4.097176e-09 2.429730e-14 7.848492e-09 max_cap627
 3.170642e-09 4.676589e-09 2.429730e-14 7.847255e-09 max_cap3451
 2.533613e-09 5.307438e-09 2.429730e-14 7.841074e-09 max_cap4933
 2.966382e-09 4.864459e-09 2.429730e-14 7.830865e-09 wire1336
 2.011487e-09 5.818065e-09 6.831071e-14 7.829621e-09 wire2481
 2.378996e-09 5.447317e-09 2.429730e-14 7.826337e-09 wire1597
 2.324480e-09 5.501106e-09 2.429730e-14 7.825609e-09 wire4959
 2.868715e-09 4.955566e-09 2.429730e-14 7.824304e-09 max_cap4661
 2.366287e-09 5.457602e-09 2.429730e-14 7.823913e-09 max_cap2046
 2.085109e-09 5.737065e-09 2.429730e-14 7.822198e-09 wire5071
 3.310024e-09 4.506183e-09 2.429730e-14 7.816231e-09 max_cap3923
 1.819009e-09 5.992231e-09 2.429730e-14 7.811264e-09 wire2261
 2.683740e-09 5.127348e-09 2.429730e-14 7.811113e-09 wire2341
 2.191939e-09 5.618468e-09 2.429730e-14 7.810431e-09 max_cap610
 3.090058e-09 4.703525e-09 2.429730e-14 7.793607e-09 max_cap4111
 1.537257e-09 6.255636e-09 6.808670e-14 7.792962e-09 max_cap2208
 3.792109e-09 3.998454e-09 2.429730e-14 7.790587e-09 max_cap3283
 3.130562e-09 4.655621e-09 2.429730e-14 7.786207e-09 max_cap4672
 4.821942e-09 2.952785e-09 2.429730e-14 7.774752e-09 max_cap658
 2.976544e-09 4.790728e-09 2.429730e-14 7.767296e-09 max_cap1341
 4.834515e-09 2.931046e-09 7.304418e-14 7.765633e-09 wire1694
 2.904329e-09 4.857179e-09 2.429730e-14 7.761532e-09 max_cap4875
 2.236657e-09 5.524118e-09 2.429730e-14 7.760799e-09 max_cap4650
 2.964991e-09 4.792727e-09 2.429730e-14 7.757742e-09 wire1674
 3.473461e-09 4.282228e-09 2.429730e-14 7.755713e-09 max_cap4075
 3.241255e-09 4.510394e-09 2.429730e-14 7.751674e-09 wire3513
 2.035044e-09 5.709018e-09 2.429730e-14 7.744085e-09 max_cap5035
 3.316821e-09 4.425578e-09 2.429730e-14 7.742423e-09 max_cap4850
 2.177853e-09 5.561085e-09 2.429730e-14 7.738962e-09 max_cap2791
 3.639659e-09 4.096506e-09 2.429730e-14 7.736189e-09 max_cap696
 2.552674e-09 5.182817e-09 2.429730e-14 7.735515e-09 max_cap2334
 3.540292e-09 4.187893e-09 2.429730e-14 7.728209e-09 max_cap702
 1.830394e-09 5.897092e-09 2.429730e-14 7.727509e-09 max_cap4677
 2.451551e-09 5.272262e-09 2.429730e-14 7.723838e-09 wire1776
 2.766798e-09 4.948836e-09 2.429730e-14 7.715658e-09 max_cap3897
 3.194344e-09 4.515101e-09 2.429730e-14 7.709470e-09 max_cap3485
 2.562157e-09 5.141509e-09 2.429730e-14 7.703691e-09 max_cap714
 2.861485e-09 4.840233e-09 2.429730e-14 7.701741e-09 wire1751
 3.248725e-09 4.450110e-09 2.429730e-14 7.698859e-09 wire1116
 2.703696e-09 4.979624e-09 2.429730e-14 7.683345e-09 max_cap2621
 1.413335e-09 6.253487e-09 2.429730e-14 7.666846e-09 wire3012
 2.837300e-09 4.828574e-09 2.429730e-14 7.665898e-09 max_cap3091
 1.997134e-09 5.663372e-09 2.429730e-14 7.660531e-09 max_cap4746
 2.844759e-09 4.809321e-09 2.429730e-14 7.654104e-09 max_cap2048
 3.603545e-09 4.049042e-09 2.429730e-14 7.652610e-09 max_cap4178
 3.211025e-09 4.436772e-09 6.890840e-14 7.647866e-09 wire2196
 1.935674e-09 5.703172e-09 2.429730e-14 7.638870e-09 wire135
 2.552094e-09 5.083222e-09 2.429730e-14 7.635340e-09 max_cap3914
 1.923923e-09 5.704312e-09 2.429730e-14 7.628260e-09 max_cap68
 3.443044e-09 4.182543e-09 2.429730e-14 7.625611e-09 wire3378
 3.016410e-09 4.604902e-09 2.429730e-14 7.621336e-09 max_cap5100
 2.387597e-09 5.228490e-09 2.429730e-14 7.616110e-09 max_cap5085
 2.561079e-09 5.054752e-09 2.429730e-14 7.615856e-09 max_cap2466
 2.906260e-09 4.701591e-09 2.429730e-14 7.607874e-09 max_cap727
 2.289269e-09 5.313806e-09 2.429730e-14 7.603099e-09 wire5006
 3.101672e-09 4.491929e-09 2.429730e-14 7.593625e-09 wire1699
 2.162572e-09 5.407321e-09 2.429730e-14 7.569917e-09 max_cap2060
 3.160354e-09 4.407589e-09 2.429730e-14 7.567967e-09 max_cap4146
 2.676695e-09 4.889440e-09 2.429730e-14 7.566158e-09 wire2344
 3.145212e-09 4.419957e-09 2.429730e-14 7.565193e-09 max_cap561
 1.888080e-09 5.676055e-09 2.429730e-14 7.564160e-09 max_cap126
 1.975337e-09 5.585691e-09 2.429730e-14 7.561051e-09 wire2200
 3.296810e-09 4.261061e-09 2.429730e-14 7.557895e-09 wire3918
 2.557963e-09 4.998514e-09 2.429730e-14 7.556500e-09 max_cap4586
 2.868126e-09 4.678954e-09 2.429730e-14 7.547103e-09 max_cap4874
 1.786156e-09 5.757353e-09 2.429730e-14 7.543534e-09 max_cap4722
 3.678071e-09 3.855895e-09 2.429730e-14 7.533989e-09 max_cap4173
 3.267026e-09 4.261579e-09 2.429730e-14 7.528629e-09 wire962
 2.797425e-09 4.727668e-09 2.429730e-14 7.525117e-09 max_cap5114
 2.451190e-09 5.073294e-09 2.429730e-14 7.524508e-09 max_cap4975
 2.835007e-09 4.687894e-09 2.429730e-14 7.522925e-09 wire1748
 2.056899e-09 5.461544e-09 2.429730e-14 7.518467e-09 wire2968
 2.913368e-09 4.600466e-09 2.429730e-14 7.513858e-09 max_cap2066
 3.573836e-09 3.939284e-09 2.429730e-14 7.513145e-09 wire1758
 3.074944e-09 4.436549e-09 2.429730e-14 7.511518e-09 max_cap4848
 3.073720e-09 4.433440e-09 2.429730e-14 7.507184e-09 wire1696
 3.263906e-09 4.241977e-09 2.429730e-14 7.505907e-09 wire4254
 2.912930e-09 4.589158e-09 2.429730e-14 7.502112e-09 max_cap4701
 2.866734e-09 4.633840e-09 2.429730e-14 7.500598e-09 max_cap2395
 4.068276e-09 3.429978e-09 2.429730e-14 7.498278e-09 max_cap602
 1.912528e-09 5.583361e-09 2.429730e-14 7.495914e-09 max_cap188
 3.561984e-09 3.923895e-09 2.429730e-14 7.485904e-09 max_cap547
 2.302892e-09 5.176401e-09 2.429730e-14 7.479317e-09 max_cap2401
 3.681758e-09 3.788954e-09 2.429730e-14 7.470736e-09 max_cap557
 3.021894e-09 4.440213e-09 2.429730e-14 7.462131e-09 wire1170
 3.239302e-09 4.221224e-09 2.429730e-14 7.460550e-09 wire1115
 3.271889e-09 4.184030e-09 2.429730e-14 7.455943e-09 max_cap3225
 1.983891e-09 5.467201e-09 2.429730e-14 7.451116e-09 wire2199
 2.549788e-09 4.901138e-09 2.429730e-14 7.450950e-09 wire2332
 3.360961e-09 4.088160e-09 2.429730e-14 7.449146e-09 max_cap4930
 2.671171e-09 4.774869e-09 2.429730e-14 7.446065e-09 wire2343
 3.715383e-09 3.730581e-09 2.429730e-14 7.445988e-09 max_cap4079
 2.952856e-09 4.493009e-09 2.429730e-14 7.445890e-09 max_cap1679
 3.100228e-09 4.345508e-09 2.429730e-14 7.445761e-09 wire1898
 2.967142e-09 4.476804e-09 2.429730e-14 7.443970e-09 max_cap731
 1.892602e-09 5.550172e-09 2.429730e-14 7.442799e-09 max_cap4920
 2.922805e-09 4.519249e-09 2.429730e-14 7.442079e-09 max_cap3220
 1.737873e-09 5.703409e-09 2.429730e-14 7.441306e-09 max_cap3739
 2.353278e-09 5.083155e-09 2.429730e-14 7.436458e-09 max_cap5084
 1.881285e-09 5.554525e-09 2.429730e-14 7.435834e-09 hold29
 3.226339e-09 4.206483e-09 2.429730e-14 7.432847e-09 max_cap4078
 2.706591e-09 4.724173e-09 2.429730e-14 7.430788e-09 wire2616
 3.228331e-09 4.201308e-09 2.429730e-14 7.429663e-09 max_cap564
 1.206380e-09 6.222844e-09 6.777371e-14 7.429292e-09 fanout2097
 2.179916e-09 5.245610e-09 6.836408e-14 7.425595e-09 wire3549
 1.905951e-09 5.514543e-09 2.429730e-14 7.420518e-09 max_cap5037
 2.702949e-09 4.712598e-09 2.429730e-14 7.415572e-09 wire2618
 1.856512e-09 5.555930e-09 6.827826e-14 7.412510e-09 max_cap1709
 1.873339e-09 5.537605e-09 2.429730e-14 7.410969e-09 wire1840
 2.335596e-09 5.074767e-09 7.277515e-14 7.410437e-09 max_cap4698
 2.448287e-09 4.947548e-09 2.429730e-14 7.395859e-09 max_cap4732
 2.036701e-09 5.356922e-09 2.429730e-14 7.393647e-09 wire919
 2.389904e-09 5.000683e-09 2.429730e-14 7.390612e-09 wire4976
 3.523651e-09 3.865736e-09 2.429730e-14 7.389411e-09 max_cap2021
 1.751589e-09 5.631000e-09 2.429730e-14 7.382614e-09 max_cap4604
 2.964301e-09 4.415768e-09 2.429730e-14 7.380094e-09 wire1889
 3.467345e-09 3.896624e-09 2.429730e-14 7.363993e-09 wire791
 1.968713e-09 5.394923e-09 6.880687e-14 7.363705e-09 wire3577
 3.082658e-09 4.280075e-09 7.788965e-14 7.362810e-09 max_cap213
 2.175372e-09 5.183126e-09 2.429730e-14 7.358522e-09 wire2558
 2.747832e-09 4.610421e-09 2.429730e-14 7.358277e-09 wire2457
 1.933829e-09 5.424003e-09 2.429730e-14 7.357857e-09 wire166
 4.247458e-09 3.109782e-09 2.429730e-14 7.357264e-09 max_cap3089
 3.178567e-09 4.170448e-09 2.429730e-14 7.349039e-09 max_cap4900
 3.222176e-09 4.125030e-09 2.429730e-14 7.347231e-09 max_cap3929
 3.429618e-09 3.914473e-09 2.429730e-14 7.344115e-09 max_cap474
 1.918266e-09 5.422218e-09 2.429730e-14 7.340508e-09 max_cap94
 1.201946e-09 6.135383e-09 7.799118e-14 7.337407e-09 wire3745
 3.433577e-09 3.898931e-09 2.429730e-14 7.332532e-09 max_cap723
 2.460220e-09 4.866459e-09 2.429730e-14 7.326703e-09 max_cap4878
 3.391761e-09 3.934019e-09 2.429730e-14 7.325804e-09 max_cap1606
 3.213334e-09 4.106993e-09 2.429730e-14 7.320352e-09 max_cap4389
 3.217421e-09 4.096663e-09 2.429730e-14 7.314108e-09 max_cap460
 2.974119e-09 4.337889e-09 2.429730e-14 7.312032e-09 max_cap1553
 2.203604e-09 5.104630e-09 2.429730e-14 7.308259e-09 max_cap5025
 4.093587e-09 3.214051e-09 2.429730e-14 7.307662e-09 max_cap606
 3.220061e-09 4.081724e-09 2.429730e-14 7.301809e-09 max_cap4122
 3.261021e-09 4.030477e-09 2.429730e-14 7.291522e-09 max_cap432
 3.368547e-09 3.920957e-09 2.429730e-14 7.289529e-09 max_cap346
 2.393598e-09 4.895813e-09 2.429730e-14 7.289435e-09 wire3520
 2.575563e-09 4.708668e-09 6.856297e-14 7.284299e-09 wire2501
 2.326233e-09 4.952847e-09 2.429730e-14 7.279105e-09 max_cap1646
 2.389730e-09 4.889027e-09 2.429730e-14 7.278782e-09 max_cap4977
 2.602369e-09 4.675949e-09 2.429730e-14 7.278342e-09 max_cap3790
 3.380254e-09 3.889988e-09 2.429730e-14 7.270266e-09 max_cap437
 2.130174e-09 5.138006e-09 2.429730e-14 7.268204e-09 wire4406
 3.237110e-09 4.029811e-09 7.278877e-14 7.266994e-09 max_cap4989
 2.148982e-09 5.112152e-09 2.429730e-14 7.261158e-09 max_cap4643
 2.791925e-09 4.467754e-09 2.429730e-14 7.259703e-09 max_cap1275
 3.619570e-09 3.632158e-09 2.429730e-14 7.251753e-09 max_cap1757
 3.078483e-09 4.165409e-09 2.429730e-14 7.243916e-09 max_cap693
 3.382395e-09 3.851687e-09 2.429730e-14 7.234107e-09 max_cap345
 1.708464e-09 5.523390e-09 2.429730e-14 7.231878e-09 max_cap1978
 2.252373e-09 4.979036e-09 2.429730e-14 7.231434e-09 wire4570
 3.869703e-09 3.351573e-09 2.429730e-14 7.221300e-09 wire624
 2.317594e-09 4.902831e-09 2.429730e-14 7.220449e-09 max_cap4674
 1.168131e-09 6.052280e-09 2.429730e-14 7.220436e-09 wire1093
 3.030028e-09 4.189341e-09 2.429730e-14 7.219394e-09 max_cap4288
 2.717502e-09 4.501703e-09 2.429730e-14 7.219229e-09 wire2338
 1.605873e-09 5.609728e-09 2.429730e-14 7.215625e-09 wire2503
 3.949902e-09 3.264045e-09 2.429730e-14 7.213971e-09 max_cap603
 3.470287e-09 3.741687e-09 2.429730e-14 7.211999e-09 wire788
 2.035092e-09 5.174928e-09 2.429730e-14 7.210044e-09 wire5036
 3.495304e-09 3.713005e-09 2.429730e-14 7.208333e-09 max_cap485
 3.026206e-09 4.166820e-09 2.429730e-14 7.193050e-09 max_cap678
 1.936705e-09 5.256096e-09 2.429730e-14 7.192825e-09 wire3277
 3.844432e-09 3.345302e-09 2.429730e-14 7.189759e-09 max_cap558
 3.273126e-09 3.910652e-09 2.429730e-14 7.183803e-09 wire869
 2.746448e-09 4.423149e-09 2.429730e-14 7.169622e-09 wire1563
 3.243451e-09 3.926010e-09 2.429730e-14 7.169485e-09 wire3924
 3.118228e-09 4.042034e-09 2.429730e-14 7.160287e-09 max_cap461
 3.234436e-09 3.923826e-09 2.429730e-14 7.158286e-09 wire4263
 4.185562e-09 2.969722e-09 2.429730e-14 7.155309e-09 max_cap605
 1.994639e-09 5.155924e-09 2.429730e-14 7.150587e-09 max_cap4978
 1.881936e-09 5.267882e-09 2.429730e-14 7.149842e-09 wire1842
 2.670694e-09 4.475409e-09 2.429730e-14 7.146128e-09 max_cap5072
 2.607788e-09 4.537397e-09 2.429730e-14 7.145209e-09 max_cap4032
 3.063204e-09 4.072709e-09 2.429730e-14 7.135938e-09 max_cap4184
 2.833872e-09 4.297076e-09 2.429730e-14 7.130972e-09 wire1752
 3.033689e-09 4.096870e-09 2.429730e-14 7.130583e-09 max_cap3127
 2.912122e-09 4.217279e-09 2.429730e-14 7.129425e-09 max_cap2392
 4.294528e-09 2.828000e-09 2.429730e-14 7.122553e-09 max_cap616
 2.055205e-09 5.067268e-09 2.429730e-14 7.122497e-09 wire4963
 3.138507e-09 3.981933e-09 2.429730e-14 7.120465e-09 wire1506
 2.069149e-09 5.047543e-09 2.429730e-14 7.116717e-09 wire4774
 3.348157e-09 3.765448e-09 2.429730e-14 7.113630e-09 max_cap4300
 1.639363e-09 5.473761e-09 2.429730e-14 7.113149e-09 max_cap4929
 1.896311e-09 5.215999e-09 2.429730e-14 7.112335e-09 wire1841
 2.466825e-09 4.644059e-09 2.429730e-14 7.110909e-09 max_cap4193
 2.980526e-09 4.129238e-09 2.429730e-14 7.109789e-09 wire1335
 1.506736e-09 5.602483e-09 2.429730e-14 7.109243e-09 wire1228
 2.349951e-09 4.759144e-09 2.429730e-14 7.109120e-09 max_cap4420
 2.270408e-09 4.835784e-09 2.429730e-14 7.106217e-09 max_cap4462
 3.302369e-09 3.799497e-09 2.429730e-14 7.101891e-09 max_cap4301
 3.908033e-09 3.182265e-09 2.429730e-14 7.090323e-09 wire3281
 2.302766e-09 4.784869e-09 2.429730e-14 7.087660e-09 wire2399
 1.457541e-09 5.629960e-09 2.429730e-14 7.087525e-09 wire3934
 2.635883e-09 4.447434e-09 2.429730e-14 7.083341e-09 max_cap2034
 3.731906e-09 3.337665e-09 2.429730e-14 7.069596e-09 max_cap562
 1.927816e-09 5.140223e-09 2.429730e-14 7.068063e-09 max_cap339
 9.643357e-10 6.103178e-09 7.804562e-14 7.067592e-09 max_cap2296
 2.795448e-09 4.268522e-09 2.429730e-14 7.063994e-09 max_cap2233
 2.053774e-09 5.007919e-09 2.429730e-14 7.061718e-09 max_cap5103
 2.816978e-09 4.240459e-09 2.429730e-14 7.057461e-09 max_cap3093
 2.072039e-09 4.982950e-09 2.429730e-14 7.055013e-09 wire2706
 2.451328e-09 4.602770e-09 2.429730e-14 7.054122e-09 max_cap2024
 2.871093e-09 4.169471e-09 6.875244e-14 7.040633e-09 wire2262
 2.632840e-09 4.406796e-09 2.429730e-14 7.039660e-09 max_cap2346
 2.455041e-09 4.581035e-09 2.429730e-14 7.036100e-09 max_cap4227
 2.977852e-09 4.056725e-09 2.429730e-14 7.034601e-09 wire1339
 2.046551e-09 4.987330e-09 2.429730e-14 7.033905e-09 wire2711
 3.165950e-09 3.863499e-09 2.429730e-14 7.029474e-09 wire3927
 4.183015e-09 2.846280e-09 2.429730e-14 7.029319e-09 wire604
 1.338918e-09 5.683843e-09 7.791790e-14 7.022838e-09 wire3629
 1.937540e-09 5.084642e-09 2.429730e-14 7.022206e-09 max_cap306
 3.615123e-09 3.405315e-09 2.429730e-14 7.020462e-09 max_cap340
 2.662028e-09 4.343985e-09 2.429730e-14 7.006037e-09 max_cap5050
 1.863635e-09 5.139827e-09 2.429730e-14 7.003486e-09 max_cap2323
 2.976639e-09 4.018769e-09 2.429730e-14 6.995432e-09 max_cap2016
 2.970659e-09 4.024176e-09 2.429730e-14 6.994859e-09 wire1672
 3.420440e-09 3.573341e-09 2.429730e-14 6.993805e-09 max_cap3567
 2.485743e-09 4.503654e-09 2.429730e-14 6.989421e-09 max_cap4240
 3.150096e-09 3.838577e-09 2.429730e-14 6.988697e-09 wire1507
 2.177038e-09 4.810800e-09 2.429730e-14 6.987862e-09 max_cap4641
 2.448253e-09 4.537367e-09 2.429730e-14 6.985645e-09 max_cap2074
 2.325434e-09 4.654536e-09 2.429730e-14 6.979994e-09 wire2398
 1.929104e-09 5.044730e-09 2.429730e-14 6.973858e-09 wire84
 1.800733e-09 5.170019e-09 2.429730e-14 6.970776e-09 wire2979
 2.399344e-09 4.561941e-09 2.429730e-14 6.961309e-09 max_cap5023
 1.223599e-09 5.732218e-09 2.429730e-14 6.955842e-09 max_cap2482
 9.640009e-10 5.987801e-09 7.800165e-14 6.951880e-09 max_cap1965
 2.315316e-09 4.634986e-09 6.843109e-14 6.950371e-09 wire3016
 1.772977e-09 5.172563e-09 2.429730e-14 6.945565e-09 max_cap5004
 1.947137e-09 4.997610e-09 2.429730e-14 6.944771e-09 max_cap5669
 2.784877e-09 4.158423e-09 2.429730e-14 6.943325e-09 wire2476
 1.814624e-09 5.123753e-09 2.429730e-14 6.938401e-09 max_cap4706
 2.871055e-09 4.064583e-09 2.429730e-14 6.935662e-09 max_cap4872
 3.102949e-09 3.817914e-09 2.429730e-14 6.920888e-09 max_cap1691
 2.579643e-09 4.339128e-09 2.429730e-14 6.918795e-09 wire3910
 2.600912e-09 4.311659e-09 2.429730e-14 6.912594e-09 max_cap4341
 1.643878e-09 5.267420e-09 2.429730e-14 6.911323e-09 wire1833
 2.669922e-09 4.238689e-09 2.429730e-14 6.908636e-09 max_cap2712
 3.460855e-09 3.444217e-09 2.429730e-14 6.905097e-09 max_cap473
 3.720553e-09 3.183335e-09 2.429730e-14 6.903912e-09 max_cap695
 1.635132e-09 5.261950e-09 2.429730e-14 6.897106e-09 wire2878
 2.760596e-09 4.134263e-09 2.429730e-14 6.894883e-09 max_cap4806
 1.552080e-09 5.341434e-09 2.429730e-14 6.893539e-09 wire911
 1.787603e-09 5.103687e-09 2.429730e-14 6.891315e-09 wire2263
 3.059041e-09 3.828361e-09 2.429730e-14 6.887426e-09 wire1680
 2.304848e-09 4.582014e-09 2.429730e-14 6.886887e-09 wire1643
 2.682384e-09 4.194670e-09 2.429730e-14 6.877078e-09 max_cap4359
 2.002355e-09 4.866341e-09 2.429730e-14 6.868721e-09 max_cap86
 2.406464e-09 4.461509e-09 2.429730e-14 6.867997e-09 max_cap5057
 3.131061e-09 3.736373e-09 2.429730e-14 6.867458e-09 max_cap552
 3.072639e-09 3.794388e-09 2.429730e-14 6.867052e-09 wire1683
 2.597870e-09 4.262820e-09 2.429730e-14 6.860715e-09 max_cap5098
 1.684044e-09 5.166023e-09 2.429730e-14 6.850091e-09 wire5190
 2.609334e-09 4.230357e-09 2.429730e-14 6.839715e-09 wire4345
 2.881734e-09 3.956060e-09 2.429730e-14 6.837819e-09 wire2389
 1.633686e-09 5.201242e-09 2.429730e-14 6.834953e-09 wire2880
 3.290342e-09 3.539607e-09 2.429730e-14 6.829973e-09 max_cap3922
 1.488612e-09 5.340384e-09 2.429730e-14 6.829020e-09 wire2950
 3.073733e-09 3.753488e-09 2.429730e-14 6.827245e-09 wire1701
 1.418120e-09 5.408932e-09 2.429730e-14 6.827076e-09 wire2890
 3.684907e-09 3.141104e-09 2.429730e-14 6.826035e-09 max_cap728
 1.791150e-09 5.034063e-09 2.429730e-14 6.825238e-09 wire2259
 2.445191e-09 4.374352e-09 6.860903e-14 6.819612e-09 wire2734
 3.335222e-09 3.481115e-09 2.429730e-14 6.816361e-09 max_cap469
 3.144848e-09 3.665054e-09 2.429730e-14 6.809926e-09 wire1510
 3.258192e-09 3.551620e-09 2.429730e-14 6.809837e-09 wire959
 1.926802e-09 4.881739e-09 2.429730e-14 6.808565e-09 wire5001
 2.683616e-09 4.120948e-09 2.429730e-14 6.804588e-09 wire2713
 1.802507e-09 4.996494e-09 2.429730e-14 6.799026e-09 wire2984
 2.127620e-09 4.668298e-09 2.429730e-14 6.795942e-09 wire3036
 3.587820e-09 3.207623e-09 2.429730e-14 6.795467e-09 max_cap555
 3.470351e-09 3.321810e-09 2.429730e-14 6.792185e-09 max_cap3377
 1.452775e-09 5.337087e-09 2.429730e-14 6.789886e-09 max_cap3760
 3.023263e-09 3.764192e-09 2.429730e-14 6.787479e-09 wire1448
 2.453630e-09 4.327250e-09 2.429730e-14 6.780904e-09 wire1775
 2.515756e-09 4.262724e-09 2.429730e-14 6.778504e-09 max_cap5017
 3.861671e-09 2.914570e-09 2.429730e-14 6.776265e-09 max_cap625
 1.298582e-09 5.477495e-09 2.429730e-14 6.776102e-09 max_cap2157
 3.123481e-09 3.651344e-09 2.429730e-14 6.774850e-09 wire1692
 2.469727e-09 4.304081e-09 6.860903e-14 6.773877e-09 wire2733
 4.053696e-09 2.719148e-09 2.429730e-14 6.772869e-09 wire601
 2.132496e-09 4.636964e-09 2.429730e-14 6.769485e-09 wire2248
 1.573326e-09 5.194808e-09 2.429730e-14 6.768158e-09 max_cap2524
 3.442960e-09 3.316714e-09 2.429730e-14 6.759698e-09 wire790
 3.424675e-09 3.334353e-09 2.429730e-14 6.759053e-09 wire792
 1.957783e-09 4.798238e-09 2.429730e-14 6.756046e-09 wire1158
 1.940869e-09 4.811108e-09 2.429730e-14 6.752002e-09 max_cap96
 2.127787e-09 4.623248e-09 2.429730e-14 6.751059e-09 max_cap2254
 2.024565e-09 4.721762e-09 2.429730e-14 6.746351e-09 wire4397
 2.861815e-09 3.883683e-09 2.429730e-14 6.745522e-09 max_cap3765
 1.810138e-09 4.931915e-09 2.429730e-14 6.742077e-09 max_cap4743
 3.239198e-09 3.499255e-09 2.429730e-14 6.738477e-09 wire1103
 2.598934e-09 4.138972e-09 6.856297e-14 6.737974e-09 wire2500
 2.087381e-09 4.644575e-09 2.429730e-14 6.731981e-09 max_cap4733
 3.294012e-09 3.435082e-09 2.429730e-14 6.729118e-09 wire1333
 2.095828e-09 4.632233e-09 2.429730e-14 6.728085e-09 wire3039
 3.230681e-09 3.496851e-09 2.429730e-14 6.727557e-09 wire960
 3.099554e-09 3.617399e-09 2.429730e-14 6.716978e-09 max_cap1682
 2.933517e-09 3.780013e-09 2.429730e-14 6.713554e-09 max_cap5207
 1.879495e-09 4.830029e-09 2.429730e-14 6.709548e-09 wire1844
 2.324220e-09 4.378438e-09 2.429730e-14 6.702682e-09 max_cap4837
 2.118394e-09 4.583711e-09 2.429730e-14 6.702130e-09 wire3038
 3.278685e-09 3.420580e-09 2.429730e-14 6.699290e-09 max_cap3511
 2.077795e-09 4.621290e-09 2.429730e-14 6.699110e-09 wire2707
 3.157919e-09 3.539882e-09 2.429730e-14 6.697826e-09 wire3930
 2.532883e-09 4.163474e-09 2.429730e-14 6.696381e-09 max_cap3139
 3.055158e-09 3.639187e-09 2.429730e-14 6.694369e-09 wire1512
 1.267723e-09 5.422450e-09 6.777581e-14 6.690241e-09 fanout977
 3.140707e-09 3.548957e-09 2.429730e-14 6.689689e-09 wire1511
 3.879391e-09 2.802796e-09 2.429730e-14 6.682211e-09 max_cap705
 2.525458e-09 4.156641e-09 2.429730e-14 6.682124e-09 max_cap2471
 2.582067e-09 4.099736e-09 2.429730e-14 6.681827e-09 max_cap2054
 1.826680e-09 4.853233e-09 2.429730e-14 6.679938e-09 max_cap4322
 1.697121e-09 4.970979e-09 2.429730e-14 6.668124e-09 max_cap4728
 2.990488e-09 3.674269e-09 2.429730e-14 6.664781e-09 max_cap4819
 2.879169e-09 3.783481e-09 7.308605e-14 6.662723e-09 max_cap4775
 1.894256e-09 4.767723e-09 2.429730e-14 6.662003e-09 wire4416
 2.440636e-09 4.214312e-09 2.429730e-14 6.654972e-09 max_cap1781
 2.111317e-09 4.539619e-09 2.429730e-14 6.650961e-09 max_cap3041
 1.970713e-09 4.677962e-09 2.429730e-14 6.648699e-09 max_cap4358
 2.576890e-09 4.069598e-09 2.429730e-14 6.646512e-09 max_cap4820
 2.754759e-09 3.889405e-09 2.429730e-14 6.644188e-09 max_cap680
 1.952029e-09 4.690117e-09 2.429730e-14 6.642170e-09 max_cap131
 3.143952e-09 3.497611e-09 2.429730e-14 6.641587e-09 max_cap4377
 1.778617e-09 4.862585e-09 2.429730e-14 6.641227e-09 max_cap2264
 3.263582e-09 3.371390e-09 2.429730e-14 6.634996e-09 wire3920
 1.660837e-09 4.972800e-09 2.429730e-14 6.633661e-09 wire1835
 3.413721e-09 3.215775e-09 2.429730e-14 6.629520e-09 wire3566
 2.003333e-09 4.625773e-09 2.429730e-14 6.629130e-09 wire4961
 3.251353e-09 3.377660e-09 2.429730e-14 6.629037e-09 max_cap3512
 2.974545e-09 3.653752e-09 2.429730e-14 6.628321e-09 wire778
 3.291709e-09 3.334000e-09 2.429730e-14 6.625733e-09 wire956
 2.670374e-09 3.954830e-09 2.429730e-14 6.625229e-09 wire2342
 3.315828e-09 3.307074e-09 2.429730e-14 6.622926e-09 max_cap549
 2.996242e-09 3.626417e-09 2.429730e-14 6.622683e-09 wire1887
 3.277177e-09 3.344512e-09 2.429730e-14 6.621714e-09 wire3510
 2.346920e-09 4.273967e-09 2.429730e-14 6.620911e-09 max_cap3168
 3.136327e-09 3.480622e-09 2.429730e-14 6.616974e-09 max_cap430
 3.437747e-09 3.175414e-09 2.429730e-14 6.613186e-09 max_cap468
 1.909942e-09 4.703043e-09 2.429730e-14 6.613009e-09 max_cap83
 1.133344e-09 5.479509e-09 2.429730e-14 6.612877e-09 wire1710
 3.300135e-09 3.309581e-09 2.429730e-14 6.609741e-09 wire954
 2.810303e-09 3.799044e-09 2.429730e-14 6.609371e-09 wire4305
 2.084753e-09 4.523089e-09 2.429730e-14 6.607866e-09 max_cap4434
 1.720131e-09 4.885253e-09 2.429730e-14 6.605408e-09 max_cap3736
 3.452824e-09 3.152087e-09 2.429730e-14 6.604936e-09 wire789
 2.706998e-09 3.892521e-09 2.429730e-14 6.599544e-09 max_cap3902
 3.115962e-09 3.482842e-09 2.429730e-14 6.598829e-09 max_cap1897
 3.026348e-09 3.569099e-09 2.429730e-14 6.595471e-09 max_cap445
 2.527992e-09 4.063666e-09 2.429730e-14 6.591683e-09 max_cap5018
 2.798942e-09 3.785872e-09 2.429730e-14 6.584838e-09 wire2475
 2.102974e-09 4.480326e-09 2.429730e-14 6.583325e-09 wire3035
 2.417506e-09 4.162099e-09 2.429730e-14 6.579629e-09 max_cap3516
 3.267122e-09 3.311380e-09 2.429730e-14 6.578526e-09 wire1206
 2.296252e-09 4.277284e-09 2.429730e-14 6.573560e-09 max_cap4431
 3.124750e-09 3.447055e-09 2.429730e-14 6.571830e-09 max_cap2043
 2.344428e-09 4.226951e-09 6.844574e-14 6.571447e-09 wire3469
 3.130866e-09 3.439807e-09 2.429730e-14 6.570697e-09 wire1505
 1.788487e-09 4.782174e-09 2.429730e-14 6.570685e-09 max_cap4705
 1.715390e-09 4.853825e-09 2.429730e-14 6.569240e-09 max_cap4427
 1.263315e-09 5.304284e-09 3.830292e-13 6.567982e-09 fanout3955
 1.953123e-09 4.613760e-09 2.429730e-14 6.566908e-09 max_cap206
 1.857951e-09 4.706963e-09 2.429730e-14 6.564938e-09 max_cap4801
 1.786885e-09 4.777120e-09 2.429730e-14 6.564029e-09 max_cap4750
 3.521806e-09 3.039967e-09 2.429730e-14 6.561797e-09 max_cap4177
 2.483021e-09 4.078462e-09 2.429730e-14 6.561507e-09 max_cap4172
 3.182010e-09 3.377683e-09 2.429730e-14 6.559717e-09 max_cap4320
 2.971584e-09 3.587319e-09 2.429730e-14 6.558928e-09 max_cap2058
 1.460534e-09 5.097297e-09 2.429730e-14 6.557856e-09 wire2699
 1.647056e-09 4.907779e-09 2.429730e-14 6.554859e-09 max_cap1838
 3.283283e-09 3.268500e-09 2.429730e-14 6.551808e-09 max_cap483
 2.919236e-09 3.631321e-09 2.429730e-14 6.550582e-09 wire1242
 3.280640e-09 3.266755e-09 2.429730e-14 6.547419e-09 wire949
 3.452527e-09 3.093506e-09 2.429730e-14 6.546057e-09 max_cap2055
 2.970949e-09 3.569301e-09 2.429730e-14 6.540275e-09 wire1243
 2.709905e-09 3.828963e-09 2.429730e-14 6.538893e-09 wire2615
 1.953250e-09 4.583696e-09 2.429730e-14 6.536970e-09 max_cap100
 2.172285e-09 4.356647e-09 2.429730e-14 6.528957e-09 wire3324
 2.175101e-09 4.353260e-09 2.429730e-14 6.528385e-09 max_cap2787
 3.082190e-09 3.441908e-09 2.429730e-14 6.524122e-09 max_cap725
 2.871073e-09 3.650261e-09 2.429730e-14 6.521358e-09 max_cap1572
 3.191404e-09 3.328733e-09 2.429730e-14 6.520161e-09 max_cap459
 3.596827e-09 2.922411e-09 2.429730e-14 6.519263e-09 max_cap341
 2.397923e-09 4.115616e-09 2.429730e-14 6.513563e-09 wire3519
 2.133938e-09 4.375049e-09 2.429730e-14 6.509012e-09 max_cap4839
 2.686891e-09 3.816333e-09 2.429730e-14 6.503248e-09 max_cap1727
 2.871033e-09 3.632056e-09 2.429730e-14 6.503113e-09 wire1570
 2.199928e-09 4.302017e-09 2.429730e-14 6.501969e-09 wire900
 2.545484e-09 3.950142e-09 2.429730e-14 6.495650e-09 max_cap5116
 2.028465e-09 4.466510e-09 2.429730e-14 6.495000e-09 max_cap4117
 3.147015e-09 3.346259e-09 2.429730e-14 6.493299e-09 max_cap686
 2.702023e-09 3.787617e-09 2.429730e-14 6.489665e-09 max_cap3219
 2.373222e-09 4.115129e-09 6.848551e-14 6.488419e-09 wire3756
 2.918344e-09 3.569844e-09 2.429730e-14 6.488211e-09 max_cap2205
 1.739499e-09 4.745759e-09 2.429730e-14 6.485282e-09 wire4662
 3.546171e-09 2.933681e-09 2.429730e-14 6.479877e-09 max_cap327
 3.155203e-09 3.322009e-09 2.429730e-14 6.477236e-09 wire1508
 3.358992e-09 3.111228e-09 2.429730e-14 6.470244e-09 wire783
 1.814177e-09 4.653698e-09 2.429730e-14 6.467900e-09 wire2985
 2.917546e-09 3.545357e-09 2.429730e-14 6.462928e-09 max_cap4986
 2.804159e-09 3.657174e-09 2.429730e-14 6.461357e-09 max_cap2042
 1.861765e-09 4.594376e-09 2.429730e-14 6.456165e-09 max_cap4902
 3.440395e-09 3.015405e-09 2.429730e-14 6.455824e-09 max_cap456
 1.788031e-09 4.663574e-09 2.429730e-14 6.451629e-09 wire2981
 5.423323e-10 5.907347e-09 7.822147e-14 6.449757e-09 wire2563
 3.093542e-09 3.355593e-09 2.429730e-14 6.449159e-09 wire797
 3.312313e-09 3.134380e-09 2.429730e-14 6.446718e-09 max_cap662
 2.252674e-09 4.190906e-09 2.429730e-14 6.443604e-09 max_cap4289
 3.232998e-09 3.209794e-09 2.429730e-14 6.442817e-09 wire1114
 2.810004e-09 3.630787e-09 2.429730e-14 6.440815e-09 max_cap1754
 3.348007e-09 3.089475e-09 2.429730e-14 6.437507e-09 max_cap4352
 2.210996e-09 4.225595e-09 2.429730e-14 6.436615e-09 wire608
 2.973636e-09 3.461327e-09 2.429730e-14 6.434988e-09 max_cap1888
 1.847042e-09 4.586540e-09 7.770019e-14 6.433659e-09 max_cap3524
 3.377332e-09 3.051364e-09 2.429730e-14 6.428720e-09 max_cap553
 2.084241e-09 4.342735e-09 2.429730e-14 6.427000e-09 max_cap5104
 1.725372e-09 4.701392e-09 2.429730e-14 6.426788e-09 max_cap4408
 3.257170e-09 3.161204e-09 2.429730e-14 6.418398e-09 max_cap3825
 2.065124e-09 4.352471e-09 2.429730e-14 6.417619e-09 max_cap5052
 3.004919e-09 3.411800e-09 2.429730e-14 6.416744e-09 max_cap730
 3.179841e-09 3.231488e-09 2.429730e-14 6.411353e-09 max_cap429
 2.810677e-09 3.598840e-09 2.429730e-14 6.409542e-09 max_cap1268
 1.851192e-09 4.555607e-09 2.429730e-14 6.406823e-09 max_cap4744
 3.439567e-09 2.966028e-09 2.429730e-14 6.405619e-09 wire787
 3.110899e-09 3.291231e-09 2.429730e-14 6.402154e-09 max_cap462
 1.357630e-09 5.039948e-09 2.429730e-14 6.397602e-09 max_cap3546
 3.077817e-09 3.317340e-09 2.429730e-14 6.395182e-09 wire1901
 2.955512e-09 3.431410e-09 2.429730e-14 6.386947e-09 wire1245
 1.880866e-09 4.492527e-09 2.429730e-14 6.373418e-09 wire1843
 4.068421e-09 2.304463e-09 2.429730e-14 6.372908e-09 wire770
 2.961416e-09 3.409082e-09 2.429730e-14 6.370523e-09 wire1677
 2.304099e-09 4.063550e-09 2.429730e-14 6.367673e-09 wire1641
 1.960416e-09 4.404846e-09 2.429730e-14 6.365287e-09 wire1011
 2.121841e-09 4.240322e-09 2.429730e-14 6.362188e-09 max_cap4734
 2.119269e-09 4.242857e-09 2.429730e-14 6.362150e-09 wire3034
 2.557957e-09 3.801836e-09 2.429730e-14 6.359818e-09 wire4011
 3.249983e-09 3.109770e-09 2.429730e-14 6.359778e-09 wire894
 3.360922e-09 2.994982e-09 2.429730e-14 6.355929e-09 wire784
 4.348597e-09 2.004032e-09 2.429730e-14 6.352653e-09 max_cap619
 2.061288e-09 4.284120e-09 2.429730e-14 6.345433e-09 max_cap4863
 2.723960e-09 3.617190e-09 2.429730e-14 6.341175e-09 max_cap4159
 2.915346e-09 3.425465e-09 2.429730e-14 6.340835e-09 wire2759
 3.411413e-09 2.928985e-09 2.429730e-14 6.340422e-09 max_cap563
 1.845134e-09 4.489854e-09 2.429730e-14 6.335013e-09 max_cap4707
 2.687634e-09 3.638435e-09 2.429730e-14 6.326093e-09 wire1054
 2.602472e-09 3.722517e-09 2.429730e-14 6.325014e-09 max_cap685
 3.220099e-09 3.100141e-09 2.429730e-14 6.320265e-09 wire1105
 1.782326e-09 4.530836e-09 2.429730e-14 6.313186e-09 max_cap4919
 2.686749e-09 3.624452e-09 2.429730e-14 6.311225e-09 wire1726
 1.584747e-09 4.725409e-09 2.429730e-14 6.310181e-09 max_cap2526
 1.693400e-09 4.608790e-09 2.429730e-14 6.302214e-09 max_cap4720
 1.818434e-09 4.479644e-09 2.429730e-14 6.298102e-09 max_cap5087
 1.781085e-09 4.514959e-09 2.429730e-14 6.296068e-09 wire2260
 1.929624e-09 4.365250e-09 2.429730e-14 6.294898e-09 max_cap4428
 1.821051e-09 4.472437e-09 2.429730e-14 6.293512e-09 max_cap5105
 2.027039e-09 4.262079e-09 2.429730e-14 6.289142e-09 wire3351
 2.405780e-09 3.878569e-09 2.429730e-14 6.284373e-09 wire3518
 3.963234e-09 2.312987e-09 2.429730e-14 6.276246e-09 max_cap612
 2.846719e-09 3.429464e-09 2.429730e-14 6.276207e-09 wire3367
 3.604635e-09 2.670354e-09 2.429730e-14 6.275014e-09 max_cap701
 2.396793e-09 3.877170e-09 2.429730e-14 6.273988e-09 max_cap4877
 1.504344e-09 4.767751e-09 2.429730e-14 6.272120e-09 wire3406
 2.528800e-09 3.742393e-09 2.429730e-14 6.271217e-09 max_cap4852
 3.063409e-09 3.206393e-09 2.429730e-14 6.269827e-09 wire1687
 1.698832e-09 4.570196e-09 2.429730e-14 6.269052e-09 max_cap2194
 2.077470e-09 4.184740e-09 2.429730e-14 6.262235e-09 wire2993
 2.760868e-09 3.498965e-09 2.429730e-14 6.259857e-09 wire1722
 2.884606e-09 3.371225e-09 2.429730e-14 6.255855e-09 max_cap3090
 1.938569e-09 4.315062e-09 2.429730e-14 6.253655e-09 wire1164
 3.219297e-09 3.030568e-09 2.429730e-14 6.249890e-09 max_cap3484
 2.512315e-09 3.737173e-09 2.429730e-14 6.249512e-09 max_cap5016
 2.112737e-09 4.131036e-09 2.429730e-14 6.243797e-09 max_cap5020
 2.347278e-09 3.895531e-09 6.843631e-14 6.242877e-09 wire3489
 3.163403e-09 3.078501e-09 2.429730e-14 6.241928e-09 max_cap3453
 2.861751e-09 3.379597e-09 2.429730e-14 6.241372e-09 max_cap3149
 3.233333e-09 3.005932e-09 2.429730e-14 6.239290e-09 wire896
 2.078772e-09 4.156564e-09 2.429730e-14 6.235361e-09 max_cap2255
 1.934342e-09 4.298734e-09 2.429730e-14 6.233100e-09 wire190
 2.445351e-09 3.787147e-09 2.429730e-14 6.232522e-09 max_cap5024
 3.109234e-09 3.123209e-09 2.429730e-14 6.232467e-09 wire1896
 3.091318e-09 3.140391e-09 2.429730e-14 6.231733e-09 wire798
 3.054228e-09 3.169997e-09 2.429730e-14 6.224249e-09 wire1689
 1.515721e-09 4.708271e-09 2.429730e-14 6.224016e-09 wire2646
 1.592344e-09 4.627305e-09 2.429730e-14 6.219674e-09 wire2502
 2.491769e-09 3.727026e-09 2.429730e-14 6.218820e-09 max_cap4239
 1.839903e-09 4.375766e-09 2.429730e-14 6.215693e-09 max_cap4948
 2.571351e-09 3.641785e-09 2.429730e-14 6.213160e-09 wire4007
 3.206182e-09 3.006342e-09 2.429730e-14 6.212548e-09 wire958
 2.051590e-09 4.160428e-09 2.429730e-14 6.212043e-09 wire3801
 1.890510e-09 4.318655e-09 2.429730e-14 6.209189e-09 max_cap4802
 2.522047e-09 3.683936e-09 2.429730e-14 6.206007e-09 max_cap3081
 3.279826e-09 2.925998e-09 2.429730e-14 6.205848e-09 wire868
 1.344446e-09 4.858182e-09 2.429730e-14 6.202653e-09 max_cap1927
 3.000225e-09 3.198732e-09 2.429730e-14 6.198982e-09 max_cap453
 2.872327e-09 3.325560e-09 2.429730e-14 6.197912e-09 wire2393
 3.245586e-09 2.952209e-09 2.429730e-14 6.197819e-09 wire895
 3.457724e-09 2.739862e-09 2.429730e-14 6.197610e-09 max_cap472
 2.052747e-09 4.139818e-09 2.429730e-14 6.192589e-09 max_cap2354
 2.529960e-09 3.659206e-09 2.429730e-14 6.189190e-09 wire4013
 2.340571e-09 3.848050e-09 2.429730e-14 6.188645e-09 wire1648
 2.784332e-09 3.403523e-09 2.429730e-14 6.187880e-09 wire943
 2.964459e-09 3.222097e-09 2.429730e-14 6.186581e-09 max_cap464
 1.493463e-09 4.692652e-09 2.429730e-14 6.186140e-09 wire5143
 1.573374e-09 4.612065e-09 2.429730e-14 6.185464e-09 wire1040
 2.311272e-09 3.872906e-09 2.429730e-14 6.184202e-09 max_cap2442
 2.341441e-09 3.839337e-09 2.429730e-14 6.180802e-09 max_cap4384
 1.502345e-09 4.678327e-09 7.783207e-14 6.180750e-09 max_cap3796
 2.254266e-09 3.920083e-09 2.429730e-14 6.174373e-09 max_cap3241
 3.240663e-09 2.932407e-09 2.429730e-14 6.173094e-09 max_cap550
 1.928924e-09 4.243548e-09 2.429730e-14 6.172496e-09 wire1167
 3.242713e-09 2.929514e-09 2.429730e-14 6.172252e-09 wire893
 4.179214e-09 1.991002e-09 2.429730e-14 6.170241e-09 max_cap718
 1.664554e-09 4.505352e-09 2.429730e-14 6.169930e-09 max_cap4970
 3.358362e-09 2.806046e-09 2.429730e-14 6.164432e-09 wire785
 2.631922e-09 3.531094e-09 2.429730e-14 6.163040e-09 wire2345
 3.130773e-09 3.029879e-09 2.429730e-14 6.160676e-09 max_cap1900
 2.035207e-09 4.121304e-09 2.429730e-14 6.156535e-09 wire5034
 1.889898e-09 4.263416e-09 2.429730e-14 6.153339e-09 max_cap4757
 2.059050e-09 4.092040e-09 2.429730e-14 6.151115e-09 wire2709
 2.097252e-09 4.050422e-09 2.429730e-14 6.147699e-09 max_cap4065
 3.229533e-09 2.918063e-09 2.429730e-14 6.147621e-09 wire1108
 2.880001e-09 3.265683e-09 2.429730e-14 6.145708e-09 max_cap712
 2.909072e-09 3.233571e-09 2.429730e-14 6.142667e-09 wire1246
 2.164832e-09 3.972624e-09 2.429730e-14 6.137481e-09 wire4277
 1.518230e-09 4.618676e-09 2.429730e-14 6.136931e-09 wire2736
 2.055909e-09 4.080576e-09 2.429730e-14 6.136510e-09 max_cap4838
 1.910180e-09 4.225253e-09 2.429730e-14 6.135458e-09 max_cap4598
 2.986488e-09 3.147413e-09 2.429730e-14 6.133926e-09 max_cap1338
 2.819424e-09 3.310875e-09 2.429730e-14 6.130324e-09 max_cap4331
 1.701370e-09 4.428614e-09 2.429730e-14 6.130009e-09 max_cap1984
 3.069559e-09 3.060324e-09 2.429730e-14 6.129908e-09 max_cap3187
 2.479796e-09 3.648430e-09 2.429730e-14 6.128250e-09 wire1636
 2.304772e-09 3.822509e-09 2.429730e-14 6.127306e-09 max_cap4836
 2.939287e-09 3.179506e-09 2.429730e-14 6.118818e-09 wire1241
 1.940395e-09 4.176569e-09 2.429730e-14 6.116988e-09 max_cap4822
 2.317491e-09 3.796800e-09 2.429730e-14 6.114315e-09 wire1644
 2.919660e-09 3.193693e-09 2.429730e-14 6.113377e-09 wire1568
 2.319549e-09 3.792682e-09 2.429730e-14 6.112255e-09 max_cap4917
 1.257062e-09 4.853774e-09 2.429730e-14 6.110860e-09 wire2486
 2.075946e-09 4.034703e-09 2.429730e-14 6.110674e-09 max_cap2708
 2.445626e-09 3.664386e-09 2.429730e-14 6.110036e-09 wire1235
 2.897339e-09 3.208511e-09 2.429730e-14 6.105874e-09 wire3366
 3.214818e-09 2.886391e-09 2.429730e-14 6.101233e-09 wire1107
 2.606489e-09 3.492687e-09 2.429730e-14 6.099200e-09 max_cap4106
 3.215358e-09 2.877373e-09 2.429730e-14 6.092755e-09 wire1106
 1.977485e-09 4.114824e-09 2.429730e-14 6.092333e-09 max_cap4835
 2.018739e-09 4.070130e-09 2.429730e-14 6.088894e-09 max_cap4862
 2.082558e-09 4.000837e-09 2.429730e-14 6.083420e-09 wire2992
 3.283548e-09 2.799755e-09 2.429730e-14 6.083327e-09 wire952
 2.943608e-09 3.139309e-09 2.429730e-14 6.082942e-09 max_cap1146
 1.458822e-09 4.615478e-09 2.429730e-14 6.074324e-09 wire3474
 3.322352e-09 2.747344e-09 2.429730e-14 6.069720e-09 wire786
 2.713463e-09 3.353803e-09 2.429730e-14 6.067290e-09 max_cap717
 1.684486e-09 4.382152e-09 2.429730e-14 6.066662e-09 wire5192
 2.021005e-09 4.045138e-09 2.429730e-14 6.066168e-09 wire3354
 2.421681e-09 3.642057e-09 2.429730e-14 6.063763e-09 max_cap4876
 2.134005e-09 3.925348e-09 2.429730e-14 6.059378e-09 max_cap3112
 3.012386e-09 3.045872e-09 2.429730e-14 6.058282e-09 max_cap293
 3.273820e-09 2.783386e-09 2.429730e-14 6.057230e-09 wire950
 1.946947e-09 4.109902e-09 2.429730e-14 6.056874e-09 max_cap192
 2.161815e-09 3.894497e-09 2.429730e-14 6.056336e-09 wire2559
 3.850041e-09 2.197823e-09 2.429730e-14 6.047889e-09 wire3282
 2.357936e-09 3.686331e-09 2.429730e-14 6.044292e-09 max_cap3133
 2.763762e-09 3.277176e-09 2.429730e-14 6.040962e-09 max_cap2479
 2.061609e-09 3.974740e-09 7.763109e-14 6.036427e-09 wire2132
 2.294193e-09 3.739667e-09 2.429730e-14 6.033884e-09 wire1642
 2.468537e-09 3.564250e-09 2.429730e-14 6.032812e-09 max_cap2088
 3.054212e-09 2.976080e-09 2.429730e-14 6.030316e-09 wire1447
 2.161722e-09 3.866487e-09 2.429730e-14 6.028233e-09 max_cap2560
 3.136640e-09 2.889267e-09 2.429730e-14 6.025932e-09 max_cap488
 1.551610e-09 4.473811e-09 2.429730e-14 6.025446e-09 wire2640
 1.855469e-09 4.169743e-09 2.429730e-14 6.025237e-09 max_cap4597
 3.081363e-09 2.943040e-09 2.429730e-14 6.024428e-09 max_cap3077
 2.115295e-09 3.908081e-09 2.429730e-14 6.023401e-09 max_cap4405
 1.804899e-09 4.216862e-09 2.429730e-14 6.021785e-09 wire1975
 1.914273e-09 4.106497e-09 2.429730e-14 6.020795e-09 max_cap4215
 3.123691e-09 2.895980e-09 2.429730e-14 6.019695e-09 max_cap2037
 3.360755e-09 2.656441e-09 2.429730e-14 6.017220e-09 wire2773
 2.945044e-09 3.066825e-09 6.876081e-14 6.011938e-09 wire2447
 2.366825e-09 3.644788e-09 2.429730e-14 6.011638e-09 wire1595
 1.479685e-09 4.531505e-09 2.429730e-14 6.011215e-09 wire1059
 2.934886e-09 3.072540e-09 2.429730e-14 6.007451e-09 wire887
 2.567298e-09 3.436581e-09 2.429730e-14 6.003903e-09 max_cap4063
 1.847413e-09 4.145795e-09 2.429730e-14 5.993233e-09 wire4423
 3.037381e-09 2.950446e-09 2.429730e-14 5.987852e-09 wire3834
 3.090870e-09 2.895945e-09 2.429730e-14 5.986839e-09 max_cap3126
 1.517368e-09 4.469169e-09 2.429730e-14 5.986561e-09 wire2735
 2.899368e-09 3.086999e-09 6.870743e-14 5.986435e-09 wire2982
 1.389325e-09 4.590621e-09 2.429730e-14 5.979970e-09 wire1351
 3.249235e-09 2.729261e-09 2.429730e-14 5.978520e-09 wire3824
 3.866033e-09 2.111171e-09 2.429730e-14 5.977228e-09 wire3280
 2.254079e-09 3.721310e-09 2.429730e-14 5.975413e-09 max_cap4044
 3.146280e-09 2.827094e-09 2.429730e-14 5.973398e-09 max_cap4264
 1.618982e-09 4.346516e-09 2.429730e-14 5.965523e-09 max_cap4603
 1.365166e-09 4.599141e-09 2.429730e-14 5.964332e-09 wire1469
 2.124874e-09 3.834343e-09 2.429730e-14 5.959241e-09 max_cap4736
 1.628344e-09 4.329361e-09 2.429730e-14 5.957729e-09 wire2881
 1.595201e-09 4.359329e-09 2.429730e-14 5.954555e-09 max_cap4670
 1.923449e-09 4.030378e-09 2.429730e-14 5.953851e-09 max_cap4922
 2.886819e-09 3.064429e-09 2.429730e-14 5.951273e-09 wire3763
 1.510526e-09 4.440566e-09 2.429730e-14 5.951116e-09 wire3403
 1.212662e-09 4.737756e-09 2.429730e-14 5.950442e-09 wire3574
 3.333761e-09 2.614821e-09 2.429730e-14 5.948606e-09 max_cap4376
 3.126190e-09 2.822055e-09 2.429730e-14 5.948269e-09 wire1509
 2.903205e-09 3.042935e-09 2.429730e-14 5.946164e-09 wire1569
 1.518869e-09 4.424577e-09 2.429730e-14 5.943471e-09 wire1210
 2.481215e-09 3.460022e-09 2.429730e-14 5.941261e-09 max_cap762
 2.117904e-09 3.821212e-09 2.429730e-14 5.939140e-09 max_cap3037
 2.124915e-09 3.809181e-09 2.429730e-14 5.934120e-09 wire4395
 2.795216e-09 3.138831e-09 2.429730e-14 5.934071e-09 wire2472
 2.498411e-09 3.425815e-09 2.429730e-14 5.924251e-09 max_cap700
 1.505609e-09 4.417944e-09 2.429730e-14 5.923578e-09 wire1278
 1.896846e-09 4.025612e-09 2.429730e-14 5.922483e-09 max_cap4115
 2.865892e-09 3.055253e-09 2.429730e-14 5.921170e-09 wire1716
 3.280250e-09 2.638237e-09 2.429730e-14 5.918511e-09 wire947
 3.130473e-09 2.787143e-09 2.429730e-14 5.917640e-09 wire1504
 1.651300e-09 4.265502e-09 2.429730e-14 5.916827e-09 wire4713
 1.970443e-09 3.944706e-09 2.429730e-14 5.915173e-09 max_cap3278
 1.698199e-09 4.215756e-09 2.429730e-14 5.913980e-09 max_cap5188
 2.132021e-09 3.779333e-09 2.429730e-14 5.911378e-09 max_cap4832
 1.908472e-09 4.001721e-09 2.429730e-14 5.910217e-09 max_cap4454
 2.205711e-09 3.703243e-09 6.846981e-14 5.909022e-09 wire3708
 2.751577e-09 3.156804e-09 2.429730e-14 5.908405e-09 wire2456
 1.933959e-09 3.973561e-09 2.429730e-14 5.907544e-09 max_cap4834
 1.629235e-09 4.271449e-09 2.429730e-14 5.900709e-09 max_cap4790
 1.823121e-09 4.075640e-09 2.429730e-14 5.898786e-09 wire1289
 2.934643e-09 2.958360e-09 2.429730e-14 5.893027e-09 wire888
 3.141207e-09 2.750967e-09 2.429730e-14 5.892198e-09 max_cap1693
 2.950987e-09 2.939243e-09 2.429730e-14 5.890254e-09 wire4209
 2.051322e-09 3.836343e-09 2.429730e-14 5.887689e-09 max_cap3804
 1.477356e-09 4.409594e-09 2.429730e-14 5.886975e-09 max_cap3936
 2.152771e-09 3.733815e-09 2.429730e-14 5.886611e-09 max_cap2249
 2.148945e-09 3.737597e-09 2.429730e-14 5.886567e-09 max_cap4299
 2.978799e-09 2.904520e-09 2.429730e-14 5.883344e-09 wire777
 2.419452e-09 3.458422e-09 2.429730e-14 5.877899e-09 wire1092
 2.923654e-09 2.953828e-09 2.429730e-14 5.877507e-09 wire5206
 2.131948e-09 3.745368e-09 2.429730e-14 5.877340e-09 max_cap4833
 2.084789e-09 3.792270e-09 6.834944e-14 5.877128e-09 wire1656
 2.621171e-09 3.255462e-09 2.429730e-14 5.876657e-09 wire4270
 2.486046e-09 3.389680e-09 6.855774e-14 5.875794e-09 max_cap4134
 2.979721e-09 2.893310e-09 2.429730e-14 5.873056e-09 max_cap1886
 3.022335e-09 2.849286e-09 2.429730e-14 5.871645e-09 wire1550
 2.876162e-09 2.994668e-09 2.429730e-14 5.870854e-09 max_cap4150
 2.894258e-09 2.974120e-09 2.429730e-14 5.868402e-09 max_cap4265
 2.199353e-09 3.668645e-09 2.429730e-14 5.868022e-09 max_cap4716
 1.951466e-09 3.915664e-09 2.429730e-14 5.867154e-09 max_cap142
 2.691092e-09 3.175520e-09 2.429730e-14 5.866637e-09 max_cap1391
 1.956047e-09 3.905578e-09 2.429730e-14 5.861649e-09 max_cap4823
 3.008894e-09 2.851998e-09 2.429730e-14 5.860916e-09 wire1169
 1.867409e-09 3.992001e-09 2.429730e-14 5.859434e-09 max_cap5119
 3.409201e-09 2.448554e-09 2.429730e-14 5.857780e-09 max_cap661
 1.512697e-09 4.342345e-09 2.429730e-14 5.855067e-09 wire3411
 1.847132e-09 4.007891e-09 2.429730e-14 5.855047e-09 wire4776
 3.121396e-09 2.728153e-09 2.429730e-14 5.849574e-09 max_cap4061
 3.008537e-09 2.835929e-09 2.429730e-14 5.844491e-09 max_cap292
 2.534198e-09 3.309330e-09 6.856822e-14 5.843596e-09 wire2522
 2.637725e-09 3.204904e-09 2.429730e-14 5.842653e-09 max_cap4185
 1.377242e-09 4.464065e-09 7.789173e-14 5.841385e-09 max_cap3723
 1.939540e-09 3.901565e-09 2.429730e-14 5.841130e-09 max_cap98
 3.266057e-09 2.573415e-09 2.429730e-14 5.839497e-09 wire951
 2.319045e-09 3.518475e-09 2.429730e-14 5.837544e-09 max_cap2400
 2.020633e-09 3.809055e-09 2.429730e-14 5.829712e-09 wire3348
 2.032108e-09 3.797458e-09 2.429730e-14 5.829591e-09 wire4452
 2.813950e-09 3.015192e-09 2.429730e-14 5.829167e-09 max_cap3302
 3.827368e-09 2.000445e-09 2.429730e-14 5.827837e-09 max_cap3096
 2.593320e-09 3.228716e-09 2.429730e-14 5.822060e-09 max_cap5097
 3.092312e-09 2.726364e-09 2.429730e-14 5.818700e-09 wire795
 1.963493e-09 3.852584e-09 2.429730e-14 5.816101e-09 max_cap144
 2.714237e-09 3.095174e-09 2.429730e-14 5.809436e-09 wire1100
 1.661294e-09 4.147909e-09 2.429730e-14 5.809228e-09 wire1830
 2.937535e-09 2.870723e-09 2.429730e-14 5.808282e-09 wire889
 1.873737e-09 3.931833e-09 2.429730e-14 5.805595e-09 max_cap5000
 1.899533e-09 3.904127e-09 2.429730e-14 5.803684e-09 max_cap91
 1.306821e-09 4.492962e-09 2.429730e-14 5.799808e-09 wire3660
 2.387711e-09 3.405425e-09 2.429730e-14 5.793160e-09 max_cap1143
 2.985463e-09 2.801285e-09 2.429730e-14 5.786772e-09 wire1551
 1.935760e-09 3.850442e-09 2.429730e-14 5.786227e-09 max_cap141
 1.685384e-09 4.095764e-09 2.429730e-14 5.781172e-09 max_cap4971
 1.989585e-09 3.790640e-09 2.429730e-14 5.780250e-09 wire2203
 1.968366e-09 3.804689e-09 2.429730e-14 5.773079e-09 max_cap74
 2.745403e-09 3.019647e-09 2.429730e-14 5.765074e-09 max_cap1566
 2.361604e-09 3.398654e-09 2.429730e-14 5.760283e-09 max_cap4103
 1.034693e-09 4.721865e-09 2.429730e-14 5.756581e-09 wire2997
 2.406892e-09 3.348859e-09 2.429730e-14 5.755776e-09 wire3517
 3.274245e-09 2.474318e-09 2.429730e-14 5.748587e-09 wire1205
 1.711644e-09 4.033162e-09 2.429730e-14 5.744831e-09 max_cap5187
 1.470162e-09 4.273075e-09 2.429730e-14 5.743261e-09 wire3941
 2.811170e-09 2.929254e-09 2.429730e-14 5.740448e-09 wire2256
 2.971332e-09 2.764103e-09 2.429730e-14 5.735459e-09 max_cap3245
 2.733176e-09 2.999238e-09 2.429730e-14 5.732438e-09 max_cap1721
 2.639400e-09 3.091356e-09 2.429730e-14 5.730781e-09 max_cap4138
 1.947289e-09 3.781717e-09 2.429730e-14 5.729031e-09 max_cap374
 2.048715e-09 3.678190e-09 2.429730e-14 5.726930e-09 max_cap4403
 1.896184e-09 3.830305e-09 2.429730e-14 5.726514e-09 max_cap2110
 1.967035e-09 3.756784e-09 2.429730e-14 5.723843e-09 max_cap198
 3.336924e-09 2.380096e-09 2.429730e-14 5.717045e-09 wire803
 2.025084e-09 3.691827e-09 2.429730e-14 5.716935e-09 wire3349
 2.080347e-09 3.636064e-09 2.429730e-14 5.716435e-09 max_cap5019
 2.085492e-09 3.629491e-09 2.429730e-14 5.715007e-09 wire3803
 2.778379e-09 2.935546e-09 2.429730e-14 5.713949e-09 max_cap1565
 2.797778e-09 2.915726e-09 2.429730e-14 5.713528e-09 max_cap2412
 3.074399e-09 2.636960e-09 2.429730e-14 5.711383e-09 wire796
 1.824767e-09 3.881136e-09 2.429730e-14 5.705927e-09 max_cap4792
 1.634164e-09 4.071498e-09 2.429730e-14 5.705687e-09 wire2879
 1.788984e-09 3.910948e-09 2.429730e-14 5.699956e-09 wire5089
 2.253826e-09 3.445111e-09 2.429730e-14 5.698962e-09 max_cap4068
 1.956328e-09 3.742080e-09 2.429730e-14 5.698433e-09 max_cap1165
 1.847886e-09 3.846501e-09 2.429730e-14 5.694411e-09 wire2449
 3.324178e-09 2.370130e-09 2.429730e-14 5.694332e-09 wire805
 1.770872e-09 3.922642e-09 2.429730e-14 5.693539e-09 max_cap4410
 3.270591e-09 2.422211e-09 2.429730e-14 5.692826e-09 wire945
 2.195357e-09 3.495392e-09 2.429730e-14 5.690775e-09 max_cap4228
 3.508676e-09 2.180048e-09 2.429730e-14 5.688748e-09 max_cap3162
 1.461702e-09 4.223903e-09 2.429730e-14 5.685629e-09 wire3491
 1.633925e-09 4.048344e-09 2.429730e-14 5.682294e-09 wire2499
 2.417145e-09 3.264152e-09 2.429730e-14 5.681321e-09 max_cap2052
 2.945384e-09 2.735493e-09 2.429730e-14 5.680902e-09 max_cap711
 2.617638e-09 3.059633e-09 2.429730e-14 5.677295e-09 wire4080
 1.967252e-09 3.707055e-09 2.429730e-14 5.674332e-09 max_cap4960
 2.807869e-09 2.866252e-09 2.429730e-14 5.674145e-09 max_cap1847
 3.593280e-09 2.080354e-09 2.429730e-14 5.673659e-09 max_cap4294
 2.482092e-09 3.191309e-09 2.429730e-14 5.673426e-09 max_cap3194
 2.611402e-09 3.061264e-09 2.429730e-14 5.672690e-09 max_cap4361
 1.877608e-09 3.794767e-09 2.429730e-14 5.672399e-09 max_cap4993
 2.190023e-09 3.479304e-09 2.429730e-14 5.669352e-09 max_cap3323
 1.571405e-09 4.096059e-09 2.429730e-14 5.667488e-09 wire2523
 2.090353e-09 3.569665e-09 2.429730e-14 5.660043e-09 max_cap4347
 1.859621e-09 3.799220e-09 2.429730e-14 5.658864e-09 max_cap4903
 2.359232e-09 3.296415e-09 6.844259e-14 5.655715e-09 wire3939
 1.174301e-09 4.479048e-09 6.794538e-14 5.653417e-09 max_cap2118
 1.578974e-09 4.073497e-09 2.429730e-14 5.652495e-09 max_cap4809
 3.279786e-09 2.366853e-09 2.429730e-14 5.646663e-09 max_cap703
 3.264122e-09 2.382512e-09 2.429730e-14 5.646659e-09 wire946
 2.767498e-09 2.878260e-09 2.429730e-14 5.645783e-09 max_cap4396
 2.744943e-09 2.898442e-09 2.429730e-14 5.643410e-09 wire1548
 1.741370e-09 3.900915e-09 2.429730e-14 5.642309e-09 max_cap4704
 3.080578e-09 2.560691e-09 2.429730e-14 5.641294e-09 max_cap1700
 2.579188e-09 3.056968e-09 2.429730e-14 5.636180e-09 max_cap4091
 2.441598e-09 3.191698e-09 2.429730e-14 5.633320e-09 wire1635
 3.088630e-09 2.544166e-09 2.429730e-14 5.632820e-09 wire3971
 1.937664e-09 3.693432e-09 2.429730e-14 5.631120e-09 max_cap152
 3.444252e-09 2.186741e-09 2.429730e-14 5.631018e-09 max_cap465
 2.702605e-09 2.928322e-09 2.429730e-14 5.630951e-09 max_cap4162
 2.898631e-09 2.730852e-09 2.429730e-14 5.629508e-09 wire3762
 2.860523e-09 2.764106e-09 2.429730e-14 5.624653e-09 max_cap1717
 2.754708e-09 2.869111e-09 2.429730e-14 5.623844e-09 max_cap3082
 3.422908e-09 2.193536e-09 2.429730e-14 5.616469e-09 max_cap2772
 1.373767e-09 4.238999e-09 2.429730e-14 5.612791e-09 wire1356
 1.459123e-09 4.152706e-09 2.429730e-14 5.611854e-09 wire3490
 2.998741e-09 2.612840e-09 2.429730e-14 5.611605e-09 max_cap5222
 2.565716e-09 3.044766e-09 2.429730e-14 5.610507e-09 max_cap2028
 2.203623e-09 3.404809e-09 2.429730e-14 5.608456e-09 max_cap3271
 3.200980e-09 2.406090e-09 2.429730e-14 5.607094e-09 wire1104
 2.574015e-09 3.033051e-09 2.429730e-14 5.607090e-09 wire4008
 2.324037e-09 3.281216e-09 2.429730e-14 5.605278e-09 max_cap2441
 2.335378e-09 3.268550e-09 2.429730e-14 5.603952e-09 max_cap2078
 2.782835e-09 2.819788e-09 2.429730e-14 5.602648e-09 wire941
 1.467017e-09 4.128633e-09 2.429730e-14 5.595675e-09 wire3940
 2.380803e-09 3.212180e-09 2.429730e-14 5.593008e-09 wire1460
 3.246685e-09 2.345866e-09 2.429730e-14 5.592575e-09 max_cap715
 2.034206e-09 3.554906e-09 2.429730e-14 5.589136e-09 max_cap4773
 2.894397e-09 2.687402e-09 2.429730e-14 5.581823e-09 max_cap1571
 2.698675e-09 2.882833e-09 2.429730e-14 5.581532e-09 wire1099
 2.474328e-09 3.106407e-09 2.429730e-14 5.580759e-09 wire769
 1.825670e-09 3.754387e-09 2.429730e-14 5.580081e-09 max_cap4913
 2.935441e-09 2.643137e-09 2.429730e-14 5.578603e-09 wire885
 2.186642e-09 3.391214e-09 2.429730e-14 5.577880e-09 max_cap3895
 2.736937e-09 2.839867e-09 2.429730e-14 5.576828e-09 max_cap2413
 1.881838e-09 3.693290e-09 2.429730e-14 5.575152e-09 max_cap4999
 1.609467e-09 3.964851e-09 2.429730e-14 5.574342e-09 max_cap2497
 2.778542e-09 2.795750e-09 2.429730e-14 5.574317e-09 max_cap2439
 1.930690e-09 3.630957e-09 2.429730e-14 5.561672e-09 wire1159
 2.361431e-09 3.199111e-09 6.844574e-14 5.560611e-09 wire3468
 1.928086e-09 3.629718e-09 2.429730e-14 5.557828e-09 max_cap4921
 2.885347e-09 2.672054e-09 2.429730e-14 5.557425e-09 max_cap2047
 2.095764e-09 3.459917e-09 2.429730e-14 5.555706e-09 max_cap4383
 3.055677e-09 2.495891e-09 2.429730e-14 5.551593e-09 max_cap489
 1.982404e-09 3.567850e-09 2.429730e-14 5.550278e-09 max_cap4456
 1.669350e-09 3.875407e-09 2.429730e-14 5.544781e-09 max_cap4814
 3.255631e-09 2.288450e-09 2.429730e-14 5.544105e-09 wire957
 1.841047e-09 3.697189e-09 2.429730e-14 5.538260e-09 max_cap4450
 2.932626e-09 2.603157e-09 2.429730e-14 5.535807e-09 wire884
 3.322141e-09 2.212663e-09 2.429730e-14 5.534828e-09 wire806
 1.380376e-09 4.153372e-09 6.781559e-14 5.533816e-09 max_cap1394
 2.840867e-09 2.691939e-09 2.429730e-14 5.532831e-09 max_cap3119
 2.977848e-09 2.554935e-09 2.429730e-14 5.532808e-09 max_cap3838
 3.339251e-09 2.193470e-09 2.429730e-14 5.532745e-09 max_cap3482
 2.727007e-09 2.804473e-09 2.429730e-14 5.531504e-09 max_cap3153
 1.820404e-09 3.709815e-09 2.429730e-14 5.530243e-09 max_cap4888
 2.813966e-09 2.714413e-09 2.429730e-14 5.528404e-09 wire2231
 1.361694e-09 4.165829e-09 2.429730e-14 5.527547e-09 max_cap3555
 2.354596e-09 3.172622e-09 2.429730e-14 5.527242e-09 max_cap1152
 1.782762e-09 3.743708e-09 2.429730e-14 5.526494e-09 max_cap5086
 1.339720e-09 4.186143e-09 2.429730e-14 5.525887e-09 wire1355
 1.605586e-09 3.919414e-09 2.429730e-14 5.525024e-09 wire4676
 3.400298e-09 2.124493e-09 2.429730e-14 5.524816e-09 max_cap436
 1.953920e-09 3.566084e-09 2.429730e-14 5.520028e-09 max_cap93
 3.686433e-09 1.831905e-09 2.429730e-14 5.518363e-09 max_cap697
 3.021479e-09 2.496015e-09 2.429730e-14 5.517518e-09 max_cap490
 1.489215e-09 4.027557e-09 6.808146e-14 5.516840e-09 wire1809
 1.878444e-09 3.636541e-09 2.429730e-14 5.515009e-09 wire4463
 2.365080e-09 3.147751e-09 2.429730e-14 5.512856e-09 max_cap2018
 2.706534e-09 2.805250e-09 2.429730e-14 5.511808e-09 max_cap4196
 2.883707e-09 2.624603e-09 2.429730e-14 5.508335e-09 wire2328
 2.099747e-09 3.406107e-09 6.835048e-14 5.505922e-09 wire3658
 2.934357e-09 2.570473e-09 2.429730e-14 5.504854e-09 wire1244
 1.602490e-09 3.901305e-09 2.429730e-14 5.503820e-09 wire2498
 2.282163e-09 3.219465e-09 2.429730e-14 5.501653e-09 wire1137
 2.955695e-09 2.545455e-09 2.429730e-14 5.501174e-09 max_cap491
 2.279676e-09 3.220221e-09 2.429730e-14 5.499922e-09 max_cap3222
 2.316815e-09 3.183014e-09 6.844574e-14 5.499897e-09 wire3472
 1.650324e-09 3.849516e-09 2.429730e-14 5.499865e-09 wire2875
 1.662840e-09 3.835780e-09 2.429730e-14 5.498645e-09 wire1831
 2.341866e-09 3.156378e-09 2.429730e-14 5.498269e-09 max_cap735
 1.707821e-09 3.789583e-09 2.429730e-14 5.497428e-09 max_cap1982
 2.555284e-09 2.942036e-09 2.429730e-14 5.497344e-09 max_cap4012
 3.489889e-09 2.005740e-09 2.429730e-14 5.495653e-09 max_cap722
 2.708379e-09 2.785988e-09 2.429730e-14 5.494391e-09 max_cap659
 3.191817e-09 2.296369e-09 2.429730e-14 5.488210e-09 wire1109
 1.379847e-09 4.107114e-09 2.429730e-14 5.486986e-09 wire3710
 2.703967e-09 2.781036e-09 6.880792e-14 5.485072e-09 wire923
 3.209160e-09 2.270195e-09 2.429730e-14 5.479380e-09 max_cap4142
 2.698437e-09 2.780741e-09 2.429730e-14 5.479202e-09 wire2620
 2.922020e-09 2.555558e-09 2.429730e-14 5.477602e-09 wire886
 1.331986e-09 4.142179e-09 2.429730e-14 5.474190e-09 wire2869
 2.722232e-09 2.749053e-09 2.429730e-14 5.471309e-09 max_cap1724
 1.490169e-09 3.977633e-09 2.429730e-14 5.467827e-09 max_cap4984
 1.494785e-09 3.970912e-09 2.429730e-14 5.465721e-09 max_cap4657
 1.965091e-09 3.499312e-09 2.429730e-14 5.464428e-09 max_cap4745
 1.460673e-09 4.003434e-09 2.429730e-14 5.464131e-09 wire5101
 9.514187e-10 4.509217e-09 7.805189e-14 5.460714e-09 max_cap1366
 2.028549e-09 3.430635e-09 2.429730e-14 5.459209e-09 max_cap5055
 2.795010e-09 2.664083e-09 2.429730e-14 5.459118e-09 wire2473
 2.767057e-09 2.687387e-09 2.429730e-14 5.454469e-09 max_cap4170
 2.097760e-09 3.351903e-09 2.429730e-14 5.449687e-09 max_cap4460
 1.671107e-09 3.778148e-09 6.815998e-14 5.449323e-09 wire2996
 2.773169e-09 2.673088e-09 2.429730e-14 5.446281e-09 wire1547
 1.610059e-09 3.831244e-09 2.429730e-14 5.441327e-09 max_cap4810
 3.520456e-09 1.919275e-09 2.429730e-14 5.439755e-09 max_cap732
 1.787349e-09 3.651505e-09 2.429730e-14 5.438879e-09 max_cap2986
 1.786379e-09 3.651037e-09 2.429730e-14 5.437441e-09 max_cap4057
 2.600643e-09 2.835599e-09 2.429730e-14 5.436267e-09 wire4105
 2.594437e-09 2.838953e-09 2.429730e-14 5.433415e-09 max_cap4021
 2.832158e-09 2.598570e-09 2.429730e-14 5.430752e-09 max_cap3368
 2.931406e-09 2.498563e-09 2.429730e-14 5.429993e-09 wire883
 2.904197e-09 2.525536e-09 2.429730e-14 5.429757e-09 max_cap4169
 2.409379e-09 3.018201e-09 2.429730e-14 5.427605e-09 max_cap2064
 2.777236e-09 2.647153e-09 2.429730e-14 5.424414e-09 wire1476
 2.465019e-09 2.955830e-09 2.429730e-14 5.420874e-09 wire1633
 2.467480e-09 2.948392e-09 6.860903e-14 5.415941e-09 wire2732
 1.489332e-09 3.924454e-09 2.429730e-14 5.413810e-09 wire3471
 2.773875e-09 2.633317e-09 2.429730e-14 5.407216e-09 max_cap4415
 2.766304e-09 2.634883e-09 2.429730e-14 5.401211e-09 wire940
 1.515681e-09 3.885321e-09 2.429730e-14 5.401027e-09 wire3407
 3.246301e-09 2.154692e-09 2.429730e-14 5.401017e-09 wire953
 1.669303e-09 3.731653e-09 2.429730e-14 5.400981e-09 max_cap5080
 2.102125e-09 3.298111e-09 2.429730e-14 5.400261e-09 max_cap441
 3.077393e-09 2.321880e-09 2.429730e-14 5.399297e-09 max_cap291
 3.247130e-09 2.150385e-09 2.429730e-14 5.397539e-09 wire948
 3.240527e-09 2.156863e-09 2.429730e-14 5.397414e-09 wire807
 1.384844e-09 4.007467e-09 2.429730e-14 5.392335e-09 max_cap4899
 1.506858e-09 3.883943e-09 2.429730e-14 5.390825e-09 wire3402
 2.504675e-09 2.883757e-09 2.429730e-14 5.388455e-09 wire1431
 1.290094e-09 4.093271e-09 2.429730e-14 5.383390e-09 wire2134
 9.749922e-10 4.405963e-09 7.804562e-14 5.381033e-09 wire2297
 1.575054e-09 3.804339e-09 2.429730e-14 5.379418e-09 wire2525
 2.711578e-09 2.663390e-09 2.429730e-14 5.374992e-09 max_cap3208
 2.938673e-09 2.432019e-09 2.429730e-14 5.370716e-09 max_cap4339
 2.802092e-09 2.563455e-09 2.429730e-14 5.365571e-09 max_cap679
 2.598572e-09 2.765735e-09 2.429730e-14 5.364331e-09 wire3913
 3.211992e-09 2.151656e-09 2.429730e-14 5.363673e-09 max_cap3925
 1.463675e-09 3.898478e-09 2.429730e-14 5.362178e-09 wire2700
 1.395316e-09 3.965394e-09 2.429730e-14 5.360734e-09 max_cap4759
 2.464363e-09 2.896087e-09 2.429730e-14 5.360475e-09 max_cap2086
 2.793275e-09 2.566494e-09 2.429730e-14 5.359793e-09 max_cap4660
 1.617896e-09 3.740483e-09 2.429730e-14 5.358403e-09 wire4712
 3.039146e-09 2.318040e-09 2.429730e-14 5.357210e-09 max_cap1500
 3.346009e-09 2.010922e-09 2.429730e-14 5.356955e-09 max_cap476
 3.062976e-09 2.290575e-09 2.429730e-14 5.353576e-09 max_cap4355
 1.948813e-09 3.402967e-09 2.429730e-14 5.351804e-09 wire1161
 2.941980e-09 2.406346e-09 2.429730e-14 5.348351e-09 wire2373
 2.086829e-09 3.260794e-09 2.429730e-14 5.347647e-09 wire3802
 2.909393e-09 2.435794e-09 2.429730e-14 5.345211e-09 max_cap3148
 2.514049e-09 2.829704e-09 2.429730e-14 5.343778e-09 max_cap4426
 1.756739e-09 3.583015e-09 2.429730e-14 5.339778e-09 max_cap2351
 2.407383e-09 2.931908e-09 2.429730e-14 5.339315e-09 wire1091
 2.488468e-09 2.849876e-09 2.429730e-14 5.338368e-09 wire2224
 2.924495e-09 2.413571e-09 2.429730e-14 5.338090e-09 max_cap1893
 1.836358e-09 3.494617e-09 2.429730e-14 5.331000e-09 max_cap4067
 1.892046e-09 3.436791e-09 2.429730e-14 5.328862e-09 max_cap186
 2.270854e-09 3.056512e-09 2.429730e-14 5.327391e-09 wire1136
 2.424533e-09 2.900855e-09 2.429730e-14 5.325413e-09 wire1234
 1.835290e-09 3.489939e-09 2.429730e-14 5.325254e-09 wire2451
 3.286394e-09 2.037357e-09 2.429730e-14 5.323777e-09 max_cap3919
 1.559935e-09 3.761983e-09 2.429730e-14 5.321942e-09 max_cap4675
 2.100467e-09 3.213923e-09 6.834944e-14 5.314459e-09 wire1655
 1.748841e-09 3.564658e-09 2.429730e-14 5.313523e-09 max_cap4918
 1.427370e-09 3.886087e-09 2.429730e-14 5.313481e-09 wire2889
 1.806657e-09 3.505503e-09 2.429730e-14 5.312184e-09 max_cap4912
 3.105252e-09 2.199332e-09 2.429730e-14 5.304609e-09 max_cap683
 1.473416e-09 3.829467e-09 2.429730e-14 5.302907e-09 max_cap3493
 6.246726e-10 4.678076e-09 6.775383e-14 5.302816e-09 wire2600
 1.491891e-09 3.809845e-09 2.429730e-14 5.301761e-09 max_cap4412
 2.120428e-09 3.180256e-09 2.429730e-14 5.300709e-09 max_cap710
 2.994175e-09 2.306467e-09 2.429730e-14 5.300666e-09 wire2371
 1.953147e-09 3.347132e-09 6.835782e-14 5.300348e-09 wire2212
 1.327012e-09 3.972707e-09 2.429730e-14 5.299744e-09 max_cap3176
 2.792037e-09 2.506320e-09 2.429730e-14 5.298382e-09 max_cap2474
 2.548348e-09 2.749663e-09 2.429730e-14 5.298035e-09 max_cap4010
 2.821050e-09 2.476705e-09 2.429730e-14 5.297780e-09 max_cap1850
 1.464850e-09 3.831351e-09 2.429730e-14 5.296226e-09 wire3492
 2.691301e-09 2.604282e-09 2.429730e-14 5.295608e-09 wire1101
 3.019655e-09 2.273233e-09 2.429730e-14 5.292912e-09 max_cap2057
 1.648923e-09 3.642949e-09 2.429730e-14 5.291897e-09 wire1832
 2.097581e-09 3.194035e-09 2.429730e-14 5.291641e-09 wire4425
 2.906490e-09 2.384583e-09 2.429730e-14 5.291097e-09 max_cap4337
 2.674804e-09 2.615965e-09 2.429730e-14 5.290794e-09 wire1053
 2.754142e-09 2.535644e-09 2.429730e-14 5.289811e-09 wire944
 2.933330e-09 2.354688e-09 2.429730e-14 5.288043e-09 wire1240
 2.524913e-09 2.760837e-09 2.429730e-14 5.285775e-09 max_cap4014
 2.391998e-09 2.893042e-09 2.429730e-14 5.285065e-09 max_cap4137
 1.998582e-09 3.278176e-09 2.429730e-14 5.276783e-09 max_cap2202
 2.027825e-09 3.248888e-09 2.429730e-14 5.276739e-09 max_cap2195
 1.651768e-09 3.624721e-09 2.429730e-14 5.276513e-09 wire1837
 1.324926e-09 3.951500e-09 2.429730e-14 5.276450e-09 wire2862
 1.824478e-09 3.450333e-09 2.429730e-14 5.274835e-09 wire1290
 1.683018e-09 3.591602e-09 2.429730e-14 5.274644e-09 max_cap1786
 1.802335e-09 3.472149e-09 2.429730e-14 5.274509e-09 wire2980
 2.539196e-09 2.732826e-09 2.429730e-14 5.272046e-09 max_cap689
 2.323496e-09 2.948158e-09 2.429730e-14 5.271678e-09 wire4244
 2.013148e-09 3.258498e-09 2.429730e-14 5.271671e-09 wire3350
 1.967531e-09 3.302551e-09 2.429730e-14 5.270107e-09 wire1154
 3.228661e-09 2.035653e-09 2.429730e-14 5.264338e-09 wire892
 2.295510e-09 2.968193e-09 2.429730e-14 5.263727e-09 max_cap4330
 2.288907e-09 2.974055e-09 2.429730e-14 5.262986e-09 max_cap1645
 2.894863e-09 2.367565e-09 2.429730e-14 5.262453e-09 wire1556
 1.460133e-09 3.800740e-09 2.429730e-14 5.260897e-09 wire3470
 1.933336e-09 3.327493e-09 2.429730e-14 5.260853e-09 max_cap146
 2.170455e-09 3.086986e-09 2.429730e-14 5.257465e-09 wire2555
 1.473282e-09 3.782290e-09 2.429730e-14 5.255597e-09 wire3488
 1.824004e-09 3.427577e-09 2.429730e-14 5.251605e-09 max_cap4793
 2.125084e-09 3.125549e-09 2.429730e-14 5.250657e-09 wire767
 1.981608e-09 3.266546e-09 2.429730e-14 5.248178e-09 max_cap4005
 2.740660e-09 2.504138e-09 2.429730e-14 5.244822e-09 max_cap1723
 1.277392e-09 3.966246e-09 2.429730e-14 5.243662e-09 wire3641
 2.808778e-09 2.433411e-09 2.429730e-14 5.242213e-09 max_cap2232
 1.937304e-09 3.303566e-09 2.429730e-14 5.240893e-09 max_cap85
 1.683001e-09 3.557134e-09 2.429730e-14 5.240159e-09 wire5189
 2.793491e-09 2.444737e-09 2.429730e-14 5.238252e-09 max_cap4444
 2.095847e-09 3.141932e-09 2.429730e-14 5.237804e-09 wire2990
 2.015491e-09 3.220777e-09 2.429730e-14 5.236293e-09 wire3352
 3.562327e-09 1.668556e-09 2.429730e-14 5.230907e-09 max_cap486
 1.483366e-09 3.747465e-09 2.429730e-14 5.230855e-09 max_cap4890
 4.893627e-09 3.369965e-10 1.123231e-13 5.230736e-09 output15
 8.353382e-10 4.393395e-09 2.333738e-13 5.228967e-09 fanout3053
 1.370136e-09 3.858347e-09 2.429730e-14 5.228507e-09 wire3709
 2.626429e-09 2.601287e-09 2.429730e-14 5.227741e-09 max_cap3234
 1.794377e-09 3.432060e-09 2.429730e-14 5.226461e-09 wire1293
 2.188141e-09 3.037462e-09 2.429730e-14 5.225627e-09 wire4166
 2.739733e-09 2.483812e-09 2.429730e-14 5.223570e-09 max_cap3227
 2.828813e-09 2.393751e-09 2.429730e-14 5.222588e-09 max_cap4085
 1.591969e-09 3.630372e-09 2.429730e-14 5.222365e-09 wire5246
 1.485355e-09 3.732742e-09 2.429730e-14 5.218121e-09 wire3942
 1.327645e-09 3.890190e-09 2.429730e-14 5.217859e-09 wire5015
 2.666799e-09 2.548576e-09 2.429730e-14 5.215399e-09 max_cap4163
 3.031851e-09 2.181967e-09 2.429730e-14 5.213842e-09 max_cap2015
 2.395970e-09 2.811518e-09 2.429730e-14 5.207513e-09 max_cap2108
 1.936873e-09 3.268996e-09 2.429730e-14 5.205893e-09 max_cap151
 7.443419e-10 4.460396e-09 6.823953e-14 5.204807e-09 max_cap398
 2.632151e-09 2.571574e-09 2.429730e-14 5.203750e-09 max_cap3228
 1.515641e-09 3.685154e-09 2.429730e-14 5.200819e-09 max_cap5117
 3.345671e-09 1.851744e-09 2.429730e-14 5.197440e-09 max_cap2774
 1.971799e-09 3.225363e-09 6.835782e-14 5.197231e-09 wire2211
 1.783618e-09 3.407872e-09 2.429730e-14 5.191514e-09 max_cap4887
 2.692515e-09 2.497961e-09 6.880792e-14 5.190545e-09 wire922
 1.276991e-09 3.913413e-09 2.429730e-14 5.190429e-09 wire2133
 2.711709e-09 2.471732e-09 2.429730e-14 5.183466e-09 wire1097
 2.429176e-09 2.750730e-09 2.429730e-14 5.179931e-09 max_cap3206
 1.862243e-09 3.315356e-09 2.429730e-14 5.177624e-09 max_cap2062
 1.621995e-09 3.555325e-09 2.429730e-14 5.177345e-09 max_cap3118
 2.112227e-09 3.063570e-09 2.429730e-14 5.175821e-09 wire864
 2.018566e-09 3.155051e-09 2.429730e-14 5.173642e-09 max_cap4116
 1.953973e-09 3.219126e-09 2.429730e-14 5.173123e-09 max_cap134
 1.218324e-09 3.953228e-09 6.800923e-14 5.171620e-09 max_cap2219
 1.953968e-09 3.213087e-09 2.429730e-14 5.167079e-09 max_cap133
 1.328728e-09 3.836020e-09 2.429730e-14 5.164773e-09 wire2402
 2.374673e-09 2.789797e-09 2.429730e-14 5.164495e-09 max_cap1149
 2.106781e-09 3.056633e-09 2.429730e-14 5.163438e-09 wire2987
 3.033580e-09 2.129348e-09 2.429730e-14 5.162952e-09 max_cap4188
 2.941003e-09 2.218153e-09 2.429730e-14 5.159181e-09 wire3330
 2.187562e-09 2.964236e-09 2.429730e-14 5.151823e-09 max_cap2789
 2.438530e-09 2.712274e-09 2.429730e-14 5.150829e-09 wire1175
 2.643417e-09 2.504414e-09 2.429730e-14 5.147855e-09 max_cap3254
 3.455608e-09 1.692215e-09 2.429730e-14 5.147848e-09 max_cap2970
 2.909979e-09 2.237574e-09 2.429730e-14 5.147577e-09 max_cap4121
 1.844485e-09 3.301854e-09 2.429730e-14 5.146364e-09 wire2450
 1.878436e-09 3.262986e-09 2.429730e-14 5.141447e-09 max_cap1845
 1.986281e-09 3.154170e-09 2.429730e-14 5.140475e-09 max_cap450
 2.741901e-09 2.396611e-09 2.429730e-14 5.138536e-09 max_cap607
 2.856986e-09 2.278747e-09 2.429730e-14 5.135757e-09 max_cap2041
 3.240580e-09 1.894599e-09 2.429730e-14 5.135203e-09 wire955
 1.398005e-09 3.734467e-09 2.429730e-14 5.132496e-09 max_cap4858
 2.306223e-09 2.824960e-09 2.429730e-14 5.131208e-09 max_cap4058
 1.158610e-09 3.971992e-09 2.429730e-14 5.130626e-09 max_cap1711
 2.358721e-09 2.767625e-09 2.429730e-14 5.126370e-09 max_cap3249
 3.328823e-09 1.792773e-09 2.429730e-14 5.121620e-09 wire801
 2.136975e-09 2.983412e-09 2.429730e-14 5.120411e-09 max_cap4278
 2.664093e-09 2.451553e-09 6.880792e-14 5.115715e-09 wire924
 1.690166e-09 3.423686e-09 2.429730e-14 5.113876e-09 wire3358
 2.909406e-09 2.203693e-09 2.429730e-14 5.113124e-09 wire1715
 2.598129e-09 2.514598e-09 2.429730e-14 5.112752e-09 max_cap3216
 3.354242e-09 1.758140e-09 2.429730e-14 5.112406e-09 max_cap4153
 1.724169e-09 3.382832e-09 2.429730e-14 5.107025e-09 max_cap4907
 1.518450e-09 3.585373e-09 2.429730e-14 5.103848e-09 max_cap4954
 1.840479e-09 3.262162e-09 2.429730e-14 5.102665e-09 wire2448
 3.026203e-09 2.075043e-09 2.429730e-14 5.101270e-09 max_cap1513
 1.661212e-09 3.439904e-09 2.429730e-14 5.101140e-09 max_cap4579
 2.352186e-09 2.747290e-09 2.429730e-14 5.099501e-09 max_cap2396
 1.504690e-09 3.589083e-09 2.429730e-14 5.093797e-09 max_cap4621
 2.394045e-09 2.699662e-09 2.429730e-14 5.093732e-09 max_cap721
 1.821368e-09 3.270212e-09 2.429730e-14 5.091605e-09 wire1292
 1.662231e-09 3.427989e-09 2.429730e-14 5.090245e-09 wire1836
 2.648630e-09 2.440572e-09 2.429730e-14 5.089225e-09 max_cap1856
 2.281297e-09 2.804483e-09 2.429730e-14 5.085804e-09 wire933
 1.467584e-09 3.617666e-09 2.429730e-14 5.085274e-09 wire3935
 2.480090e-09 2.602118e-09 2.429730e-14 5.082232e-09 max_cap2073
 1.578284e-09 3.503252e-09 2.429730e-14 5.081560e-09 max_cap4718
 2.365671e-09 2.714863e-09 2.429730e-14 5.080558e-09 max_cap1458
 1.954050e-09 3.124058e-09 2.429730e-14 5.078132e-09 max_cap5670
 1.154390e-09 3.923330e-09 2.429730e-14 5.077744e-09 wire2184
 2.172036e-09 2.905161e-09 2.429730e-14 5.077221e-09 wire2788
 1.299131e-09 3.776451e-09 2.429730e-14 5.075607e-09 wire3659
 2.322674e-09 2.751913e-09 2.429730e-14 5.074611e-09 wire2397
 2.915721e-09 2.157708e-09 2.429730e-14 5.073453e-09 wire3332
 2.015133e-09 3.057707e-09 2.429730e-14 5.072864e-09 max_cap3353
 3.255256e-09 1.815353e-09 2.429730e-14 5.070634e-09 max_cap2405
 2.010137e-09 3.059283e-09 2.429730e-14 5.069444e-09 max_cap2072
 2.856257e-09 2.207693e-09 2.429730e-14 5.063975e-09 wire2683
 2.335951e-09 2.726790e-09 2.429730e-14 5.062766e-09 wire781
 2.446982e-09 2.612246e-09 2.429730e-14 5.059252e-09 wire1634
 1.323429e-09 3.735563e-09 2.429730e-14 5.059016e-09 max_cap2156
 2.607628e-09 2.447572e-09 2.429730e-14 5.055224e-09 max_cap3238
 2.643320e-09 2.409484e-09 2.429730e-14 5.052828e-09 max_cap1393
 2.875300e-09 2.176800e-09 2.429730e-14 5.052125e-09 max_cap2329
 3.063891e-09 1.984302e-09 2.429730e-14 5.048217e-09 max_cap677
 1.473474e-09 3.574114e-09 2.429730e-14 5.047613e-09 max_cap5102
 3.161878e-09 1.884248e-09 2.429730e-14 5.046151e-09 max_cap5160
 2.571600e-09 2.473549e-09 2.429730e-14 5.045173e-09 max_cap559
 2.123513e-09 2.917951e-09 2.429730e-14 5.041489e-09 max_cap4692
 2.505032e-09 2.535674e-09 2.429730e-14 5.040730e-09 max_cap2023
 2.478093e-09 2.562192e-09 2.429730e-14 5.040309e-09 max_cap3221
 2.934742e-09 2.104869e-09 2.429730e-14 5.039636e-09 max_cap2065
 1.517184e-09 3.519242e-09 2.429730e-14 5.036450e-09 max_cap3404
 1.768303e-09 3.267314e-09 2.429730e-14 5.035641e-09 wire1543
 1.378695e-09 3.656713e-09 2.429730e-14 5.035433e-09 wire4941
 1.555750e-09 3.473882e-09 2.429730e-14 5.029656e-09 wire4955
 2.082131e-09 2.946132e-09 2.429730e-14 5.028288e-09 wire2991
 2.399382e-09 2.628210e-09 2.429730e-14 5.027616e-09 max_cap4381
 2.821652e-09 2.204875e-09 2.429730e-14 5.026551e-09 wire2152
 2.510835e-09 2.515147e-09 2.429730e-14 5.026007e-09 max_cap4241
 2.113440e-09 2.907190e-09 2.429730e-14 5.020655e-09 wire866
 1.507221e-09 3.510205e-09 2.429730e-14 5.017451e-09 wire3410
 2.136564e-09 2.879721e-09 2.429730e-14 5.016309e-09 wire2792
 1.582584e-09 3.432613e-09 2.429730e-14 5.015222e-09 max_cap2379
 2.605264e-09 2.407913e-09 2.429730e-14 5.013201e-09 max_cap688
 1.532468e-09 3.480565e-09 2.429730e-14 5.013058e-09 wire2730
 1.947815e-09 3.057815e-09 2.429730e-14 5.005655e-09 max_cap4324
 1.808711e-09 3.195661e-09 2.429730e-14 5.004396e-09 max_cap1455
 1.658343e-09 3.342781e-09 2.429730e-14 5.001148e-09 max_cap2876
 1.473052e-09 3.523500e-09 2.429730e-14 4.996577e-09 wire3933
 3.073870e-09 1.922265e-09 2.429730e-14 4.996159e-09 wire794
 2.869123e-09 2.126159e-09 2.429730e-14 4.995307e-09 max_cap3764
 2.677786e-09 2.316140e-09 2.429730e-14 4.993951e-09 max_cap2033
 3.039178e-09 1.952968e-09 2.429730e-14 4.992171e-09 max_cap4025
 2.017595e-09 2.974447e-09 2.429730e-14 4.992066e-09 max_cap3205
 2.552513e-09 2.437320e-09 2.429730e-14 4.989857e-09 max_cap4082
 1.597165e-09 3.391888e-09 2.429730e-14 4.989078e-09 wire2378
 1.580433e-09 3.406110e-09 2.429730e-14 4.986568e-09 max_cap3191
 6.836023e-10 4.302235e-09 7.814611e-14 4.985916e-09 wire1599
 1.331172e-09 3.654639e-09 2.429730e-14 4.985836e-09 wire3656
 2.527133e-09 2.457748e-09 2.429730e-14 4.984905e-09 max_cap3199
 1.794332e-09 3.189094e-09 2.429730e-14 4.983450e-09 max_cap1294
 8.291658e-10 4.150883e-09 7.826753e-14 4.980127e-09 fanout2090
 1.043258e-09 3.934747e-09 2.429730e-14 4.978030e-09 max_cap3001
 2.761999e-09 2.214926e-09 2.429730e-14 4.976949e-09 wire939
 1.486930e-09 3.479124e-09 2.429730e-14 4.966079e-09 wire2702
 1.563471e-09 3.401145e-09 2.429730e-14 4.964640e-09 max_cap2644
 1.337335e-09 3.622260e-09 2.429730e-14 4.959619e-09 wire2867
 2.842877e-09 2.115352e-09 2.429730e-14 4.958253e-09 max_cap4110
 2.436383e-09 2.519826e-09 2.429730e-14 4.956234e-09 wire1180
 1.485755e-09 3.467558e-09 2.429730e-14 4.953337e-09 max_cap3754
 1.520862e-09 3.431219e-09 2.429730e-14 4.952105e-09 max_cap2647
 2.280548e-09 2.669605e-09 2.429730e-14 4.950178e-09 max_cap3226
 2.930242e-09 2.019453e-09 2.429730e-14 4.949719e-09 max_cap726
 1.386628e-09 3.562445e-09 2.429730e-14 4.949097e-09 wire5111
 2.340345e-09 2.608471e-09 2.429730e-14 4.948841e-09 max_cap978
 2.744826e-09 2.201126e-09 2.429730e-14 4.945977e-09 wire942
 1.293503e-09 3.650549e-09 2.429730e-14 4.944076e-09 wire1660
 3.303076e-09 1.639694e-09 2.429730e-14 4.942794e-09 wire804
 2.726386e-09 2.212195e-09 2.429730e-14 4.938606e-09 max_cap2619
 2.740407e-09 2.197751e-09 2.429730e-14 4.938183e-09 max_cap1390
 2.580774e-09 2.353696e-09 2.429730e-14 4.934494e-09 max_cap4356
 2.032335e-09 2.899096e-09 2.429730e-14 4.931456e-09 max_cap5070
 2.144440e-09 2.786904e-09 2.429730e-14 4.931368e-09 wire4033
 1.397727e-09 3.531208e-09 2.429730e-14 4.928959e-09 wire3706
 1.959074e-09 2.969750e-09 2.429730e-14 4.928848e-09 max_cap2036
 2.218204e-09 2.710370e-09 2.429730e-14 4.928598e-09 wire1019
 2.428725e-09 2.499513e-09 2.429730e-14 4.928263e-09 wire1179
 2.375994e-09 2.544155e-09 2.429730e-14 4.920173e-09 max_cap4255
 2.472439e-09 2.447630e-09 2.429730e-14 4.920094e-09 max_cap1150
 2.439168e-09 2.475377e-09 2.429730e-14 4.914569e-09 max_cap1207
 1.597438e-09 3.315217e-09 2.429730e-14 4.912679e-09 wire2377
 1.784602e-09 3.127463e-09 2.429730e-14 4.912089e-09 wire4056
 2.515133e-09 2.392593e-09 2.429730e-14 4.907751e-09 max_cap3145
 1.448766e-09 3.457672e-09 2.429730e-14 4.906462e-09 max_cap4871
 1.938596e-09 2.966005e-09 2.429730e-14 4.904625e-09 max_cap184
 3.075251e-09 1.829019e-09 2.429730e-14 4.904295e-09 max_cap3972
 2.707513e-09 2.190072e-09 2.429730e-14 4.897609e-09 max_cap4245
 2.767233e-09 2.128005e-09 2.429730e-14 4.895262e-09 wire1546
 2.520485e-09 2.366233e-09 2.429730e-14 4.886743e-09 wire1428
 1.459056e-09 3.422578e-09 2.429730e-14 4.881659e-09 max_cap4983
 2.935914e-09 1.944070e-09 2.429730e-14 4.880009e-09 max_cap3331
 1.171960e-09 3.704636e-09 2.429730e-14 4.876621e-09 wire2630
 1.923855e-09 2.944575e-09 2.429730e-14 4.868454e-09 max_cap223
 2.407777e-09 2.455791e-09 2.429730e-14 4.863593e-09 max_cap1142
 1.932143e-09 2.930556e-09 2.429730e-14 4.862724e-09 max_cap193
 1.696370e-09 3.163238e-09 2.429730e-14 4.859632e-09 wire2193
 2.690816e-09 2.166701e-09 2.429730e-14 4.857541e-09 wire1098
 1.787230e-09 3.070107e-09 2.429730e-14 4.857362e-09 wire2258
 2.492884e-09 2.362098e-09 2.429730e-14 4.855007e-09 max_cap3243
 8.500403e-10 4.000533e-09 7.824136e-14 4.850652e-09 fanout2105
 2.524057e-09 2.326538e-09 2.429730e-14 4.850619e-09 wire1426
 1.416977e-09 3.432248e-09 2.429730e-14 4.849249e-09 max_cap3011
 3.293726e-09 1.555383e-09 2.429730e-14 4.849134e-09 max_cap467
 1.473621e-09 3.373442e-09 2.429730e-14 4.847087e-09 max_cap5065
 2.296711e-09 2.549659e-09 2.429730e-14 4.846395e-09 wire1647
 2.395481e-09 2.448715e-09 2.429730e-14 4.844220e-09 max_cap4036
 1.854287e-09 2.983773e-09 6.823115e-14 4.838129e-09 wire2183
 2.714993e-09 2.121950e-09 2.429730e-14 4.836968e-09 max_cap4236
 1.455627e-09 3.381005e-09 2.429730e-14 4.836656e-09 max_cap3010
 1.779397e-09 3.057025e-09 2.429730e-14 4.836446e-09 wire1542
 2.726313e-09 2.109330e-09 2.429730e-14 4.835667e-09 max_cap2460
 3.316384e-09 1.518058e-09 2.429730e-14 4.834467e-09 wire782
 8.281455e-10 4.004500e-09 6.766590e-14 4.832713e-09 fanout2091
 1.513562e-09 3.317061e-09 2.429730e-14 4.830647e-09 max_cap3409
 2.766445e-09 2.061402e-09 2.429730e-14 4.827871e-09 wire1855
 2.373512e-09 2.453969e-09 2.429730e-14 4.827506e-09 max_cap4457
 1.445238e-09 3.380704e-09 2.429730e-14 4.825967e-09 wire2886
 5.074832e-10 4.316647e-09 2.429730e-14 4.824155e-09 wire1247
 2.427130e-09 2.396774e-09 2.429730e-14 4.823928e-09 wire1178
 1.706214e-09 3.116385e-09 2.429730e-14 4.822624e-09 max_cap4729
 2.429310e-09 2.390509e-09 2.429730e-14 4.819844e-09 wire1177
 1.693665e-09 3.120251e-09 2.429730e-14 4.813940e-09 max_cap4414
 3.239665e-09 1.574167e-09 2.429730e-14 4.813857e-09 max_cap2738
 1.560184e-09 3.251128e-09 2.429730e-14 4.811336e-09 wire2731
 2.472876e-09 2.335559e-09 2.429730e-14 4.808460e-09 max_cap1398
 2.218672e-09 2.588419e-09 2.429730e-14 4.807115e-09 wire1017
 2.119127e-09 2.685421e-09 2.429730e-14 4.804572e-09 max_cap4253
 1.312298e-09 3.491493e-09 2.429730e-14 4.803815e-09 max_cap4561
 1.925399e-09 2.877185e-09 2.429730e-14 4.802609e-09 max_cap99
 1.172982e-09 3.627982e-09 6.775696e-14 4.801032e-09 fanout814
 2.427714e-09 2.369829e-09 2.429730e-14 4.797567e-09 max_cap3223
 3.265396e-09 1.528760e-09 2.429730e-14 4.794180e-09 max_cap548
 1.661823e-09 3.130362e-09 2.429730e-14 4.792210e-09 wire928
 2.258644e-09 2.531893e-09 2.429730e-14 4.790562e-09 max_cap3237
 3.392831e-09 1.396279e-09 2.429730e-14 4.789134e-09 max_cap454
 2.563408e-09 2.225687e-09 2.429730e-14 4.789120e-09 wire4009
 1.813757e-09 2.974567e-09 2.429730e-14 4.788349e-09 wire1288
 2.910430e-09 1.870862e-09 2.429730e-14 4.781317e-09 max_cap3333
 2.377660e-09 2.400484e-09 6.853995e-14 4.778213e-09 wire1277
 2.265292e-09 2.511654e-09 2.429730e-14 4.776970e-09 wire932
 1.937388e-09 2.837656e-09 2.429730e-14 4.775068e-09 max_cap4443
 1.034103e-09 3.737200e-09 2.429730e-14 4.771328e-09 wire1041
 3.122111e-09 1.644824e-09 2.429730e-14 4.766959e-09 max_cap724
 1.522104e-09 3.243609e-09 2.429730e-14 4.765738e-09 max_cap2737
 1.758041e-09 3.004978e-09 2.429730e-14 4.763043e-09 max_cap3240
 2.920288e-09 1.840603e-09 2.429730e-14 4.760915e-09 wire882
 1.861654e-09 2.899080e-09 7.299393e-14 4.760806e-09 max_cap5427
 2.142907e-09 2.612820e-09 2.429730e-14 4.755752e-09 wire4261
 8.524171e-10 3.902698e-09 6.769207e-14 4.755182e-09 fanout2102
 1.789627e-09 2.965486e-09 2.429730e-14 4.755137e-09 wire1536
 2.502177e-09 2.252450e-09 2.429730e-14 4.754651e-09 wire1430
 3.108522e-09 1.642335e-09 2.429730e-14 4.750882e-09 max_cap692
 2.764141e-09 1.984736e-09 2.429730e-14 4.748901e-09 max_cap4232
 1.770663e-09 2.977188e-09 2.429730e-14 4.747875e-09 max_cap5088
 1.597943e-09 3.147838e-09 2.429730e-14 4.745806e-09 wire2376
 2.143837e-09 2.601727e-09 2.429730e-14 4.745589e-09 max_cap4034
 1.822310e-09 2.919158e-09 2.429730e-14 4.741492e-09 wire1291
 2.934111e-09 1.807201e-09 2.429730e-14 4.741337e-09 max_cap4282
 4.741060e-09 0.000000e+00 1.781251e-14 4.741078e-09 clkload17
 1.951661e-09 2.785204e-09 2.429730e-14 4.736890e-09 max_cap1162
 2.986131e-09 1.750710e-09 2.429730e-14 4.736865e-09 max_cap4174
 2.855830e-09 1.881007e-09 2.429730e-14 4.736861e-09 max_cap3301
 1.293741e-09 3.442575e-09 2.429730e-14 4.736340e-09 wire2128
 1.180812e-09 3.553025e-09 2.429730e-14 4.733862e-09 wire2639
 1.561788e-09 3.171720e-09 2.429730e-14 4.733533e-09 wire2527
 3.261636e-09 1.463120e-09 2.429730e-14 4.724780e-09 max_cap4235
 1.440073e-09 3.283555e-09 2.429730e-14 4.723653e-09 wire2887
 3.290376e-09 1.432778e-09 2.429730e-14 4.723179e-09 wire802
 1.475815e-09 3.246776e-09 2.429730e-14 4.722617e-09 max_cap3475
 1.671371e-09 3.047224e-09 2.429730e-14 4.718619e-09 wire3357
 2.796113e-09 1.922463e-09 2.429730e-14 4.718600e-09 max_cap3152
 2.337390e-09 2.380222e-09 2.429730e-14 4.717637e-09 max_cap3224
 1.870009e-09 2.841440e-09 2.429730e-14 4.711473e-09 max_cap2076
 2.968093e-09 1.739155e-09 2.429730e-14 4.707272e-09 max_cap2372
 2.409585e-09 2.297657e-09 2.429730e-14 4.707266e-09 wire1090
 2.104584e-09 2.602468e-09 2.429730e-14 4.707077e-09 wire865
 2.828492e-09 1.878447e-09 2.429730e-14 4.706963e-09 max_cap3161
 2.427210e-09 2.278769e-09 2.429730e-14 4.706002e-09 wire1176
 1.951660e-09 2.753467e-09 2.429730e-14 4.705152e-09 wire297
 1.503480e-09 3.201621e-09 2.429730e-14 4.705126e-09 wire3405
 3.045207e-09 1.659701e-09 2.429730e-14 4.704932e-09 max_cap444
 1.500990e-09 3.203681e-09 2.429730e-14 4.704696e-09 wire3938
 2.593262e-09 2.108324e-09 2.429730e-14 4.701611e-09 max_cap3150
 2.695307e-09 2.003771e-09 2.429730e-14 4.699102e-09 wire1096
 1.694608e-09 2.995072e-09 2.429730e-14 4.689705e-09 max_cap3355
 1.300895e-09 3.387106e-09 2.429730e-14 4.688025e-09 wire1657
 1.255723e-09 3.431717e-09 2.429730e-14 4.687464e-09 max_cap2488
 3.169212e-09 1.504353e-09 2.429730e-14 4.673590e-09 wire1102
 2.060193e-09 2.610617e-09 2.429730e-14 4.670834e-09 max_cap2353
 2.815111e-09 1.853838e-09 2.429730e-14 4.668973e-09 max_cap2153
 2.559036e-09 2.109227e-09 2.429730e-14 4.668287e-09 max_cap1432
 1.448472e-09 3.219660e-09 6.807414e-14 4.668200e-09 max_cap3531
 2.727577e-09 1.939698e-09 2.429730e-14 4.667299e-09 max_cap4164
 2.763620e-09 1.901217e-09 2.429730e-14 4.664861e-09 wire938
 1.950688e-09 2.709084e-09 2.429730e-14 4.659797e-09 max_cap123
 2.112321e-09 2.542560e-09 2.429730e-14 4.654905e-09 wire867
 2.644479e-09 2.009103e-09 2.429730e-14 4.653606e-09 max_cap4364
 1.236712e-09 3.414108e-09 2.429730e-14 4.650845e-09 wire2210
 1.042839e-09 3.606415e-09 2.429730e-14 4.649279e-09 max_cap2999
 1.601211e-09 3.040999e-09 2.429730e-14 4.642235e-09 max_cap2504
 2.559197e-09 2.082097e-09 2.429730e-14 4.641318e-09 max_cap3911
 2.512121e-09 2.124910e-09 2.429730e-14 4.637055e-09 wire2223
 2.917503e-09 1.716129e-09 2.429730e-14 4.633657e-09 max_cap1555
 2.426763e-09 2.205946e-09 2.429730e-14 4.632734e-09 wire1181
 1.445994e-09 3.185690e-09 2.429730e-14 4.631708e-09 max_cap5064
 1.542693e-09 3.087785e-09 2.429730e-14 4.630503e-09 wire3883
 1.898872e-09 2.731402e-09 2.429730e-14 4.630298e-09 max_cap209
 1.690719e-09 2.939329e-09 2.429730e-14 4.630073e-09 wire5186
 1.961284e-09 2.666787e-09 2.429730e-14 4.628095e-09 max_cap207
 2.366266e-09 2.260928e-09 2.429730e-14 4.627218e-09 max_cap3235
 2.512133e-09 2.112031e-09 2.429730e-14 4.624188e-09 wire1429
 1.614069e-09 3.007559e-09 2.429730e-14 4.621652e-09 max_cap117
 1.997713e-09 2.622007e-09 2.429730e-14 4.619745e-09 wire964
 1.934879e-09 2.684605e-09 2.429730e-14 4.619509e-09 max_cap197
 2.217253e-09 2.401182e-09 2.429730e-14 4.618460e-09 wire1015
 1.478451e-09 3.139021e-09 2.429730e-14 4.617497e-09 max_cap2695
 2.290720e-09 2.318211e-09 2.429730e-14 4.608955e-09 max_cap3207
 1.338814e-09 3.267078e-09 2.429730e-14 4.605917e-09 max_cap2932
 1.434989e-09 3.167600e-09 2.429730e-14 4.602613e-09 max_cap4748
 2.026989e-09 2.568236e-09 2.429730e-14 4.595250e-09 wire3340
 1.797034e-09 2.794908e-09 2.429730e-14 4.591967e-09 wire1544
 2.123101e-09 2.468223e-09 2.429730e-14 4.591349e-09 max_cap4018
 2.708960e-09 1.876927e-09 2.429730e-14 4.585912e-09 max_cap1725
 2.964510e-09 1.620372e-09 2.429730e-14 4.584906e-09 max_cap4198
 2.228150e-09 2.356289e-09 2.429730e-14 4.584463e-09 max_cap4037
 3.265609e-09 1.316772e-09 2.429730e-14 4.582405e-09 max_cap431
 1.881105e-09 2.699577e-09 2.429730e-14 4.580706e-09 wire2446
 2.076864e-09 2.502850e-09 2.429730e-14 4.579738e-09 max_cap4371
 1.480989e-09 3.095812e-09 2.429730e-14 4.576826e-09 wire2696
 1.926243e-09 2.650129e-09 2.429730e-14 4.576396e-09 max_cap205
 2.096684e-09 2.477907e-09 2.429730e-14 4.574615e-09 wire1077
 2.984576e-09 1.584591e-09 2.429730e-14 4.569191e-09 max_cap4029
 9.445995e-10 3.624309e-09 2.429730e-14 4.568933e-09 max_cap2357
 2.165485e-09 2.402786e-09 2.429730e-14 4.568295e-09 wire1026
 1.967724e-09 2.600505e-09 2.429730e-14 4.568254e-09 wire1138
 2.047453e-09 2.516232e-09 2.429730e-14 4.563710e-09 max_cap3345
 1.447826e-09 3.113668e-09 2.429730e-14 4.561518e-09 max_cap4664
 1.960612e-09 2.600605e-09 2.429730e-14 4.561241e-09 max_cap124
 1.354232e-09 3.205979e-09 2.429730e-14 4.560235e-09 max_cap4904
 1.412997e-09 3.145643e-09 2.429730e-14 4.558665e-09 max_cap4762
 1.677000e-09 2.880966e-09 2.429730e-14 4.557991e-09 wire926
 2.107342e-09 2.445550e-09 2.429730e-14 4.552917e-09 max_cap2050
 1.421015e-09 3.130653e-09 2.429730e-14 4.551692e-09 max_cap4763
 1.198295e-09 3.353288e-09 2.429730e-14 4.551607e-09 wire2213
 2.950111e-09 1.600643e-09 2.429730e-14 4.550778e-09 max_cap4281
 2.277234e-09 2.272127e-09 2.429730e-14 4.549385e-09 wire936
 1.674156e-09 2.871108e-09 2.429730e-14 4.545288e-09 wire927
 1.488870e-09 3.054686e-09 6.787001e-14 4.543625e-09 max_cap1148
 1.342756e-09 3.200120e-09 2.429730e-14 4.542901e-09 max_cap5110
 2.442467e-09 2.096535e-09 2.429730e-14 4.539026e-09 wire1632
 2.416391e-09 2.120711e-09 2.429730e-14 4.537126e-09 max_cap4363
 2.632484e-09 1.902457e-09 2.429730e-14 4.534966e-09 max_cap684
 2.089868e-09 2.444881e-09 2.429730e-14 4.534773e-09 wire2988
 1.650489e-09 2.884135e-09 2.429730e-14 4.534649e-09 wire1834
 1.936849e-09 2.597429e-09 2.429730e-14 4.534303e-09 max_cap4216
 1.949448e-09 2.582791e-09 2.429730e-14 4.532263e-09 wire1139
 2.186578e-09 2.339310e-09 2.429730e-14 4.525913e-09 max_cap4280
 1.962307e-09 2.556067e-09 2.429730e-14 4.518399e-09 wire298
 1.935114e-09 2.582530e-09 2.429730e-14 4.517668e-09 max_cap92
 2.234237e-09 2.279251e-09 2.429730e-14 4.513512e-09 wire1589
 2.125115e-09 2.385314e-09 2.429730e-14 4.510454e-09 wire768
 1.922902e-09 2.587015e-09 2.429730e-14 4.509941e-09 max_cap3173
 2.144671e-09 2.365121e-09 2.429730e-14 4.509816e-09 max_cap691
 2.809525e-09 1.699165e-09 2.429730e-14 4.508715e-09 max_cap4317
 2.501411e-09 2.004729e-09 2.429730e-14 4.506165e-09 max_cap4242
 1.545573e-09 2.960407e-09 2.429730e-14 4.506004e-09 wire3884
 1.165160e-09 3.340040e-09 7.794198e-14 4.505278e-09 wire2158
 2.267627e-09 2.235413e-09 2.429730e-14 4.503065e-09 max_cap4083
 1.461545e-09 3.040645e-09 2.429730e-14 4.502215e-09 wire2698
 1.888385e-09 2.613626e-09 2.429730e-14 4.502036e-09 max_cap180
 2.030030e-09 2.470884e-09 2.429730e-14 4.500938e-09 max_cap556
 1.542313e-09 2.956411e-09 7.405221e-14 4.498798e-09 max_cap4799
 2.384328e-09 2.113570e-09 2.429730e-14 4.497922e-09 max_cap2045
 1.618125e-09 2.879506e-09 2.429730e-14 4.497656e-09 wire2275
 1.181699e-09 3.313360e-09 2.429730e-14 4.495084e-09 max_cap2633
 1.928619e-09 2.565649e-09 2.429730e-14 4.494292e-09 max_cap1163
 1.477475e-09 3.012251e-09 2.429730e-14 4.489750e-09 wire2694
 1.572854e-09 2.916450e-09 2.429730e-14 4.489328e-09 wire2641
 1.617860e-09 2.868803e-09 2.429730e-14 4.486687e-09 wire2274
 1.300839e-09 3.185495e-09 2.429730e-14 4.486359e-09 wire1658
 2.275651e-09 2.210423e-09 2.429730e-14 4.486099e-09 wire934
 2.378706e-09 2.102114e-09 2.429730e-14 4.480844e-09 max_cap3167
 2.457188e-09 2.021345e-09 2.429730e-14 4.478558e-09 max_cap4191
 1.960651e-09 2.516059e-09 6.831803e-14 4.476779e-09 wire2491
 2.324999e-09 2.149759e-09 2.429730e-14 4.474783e-09 max_cap4098
 1.912521e-09 2.562021e-09 2.429730e-14 4.474566e-09 max_cap301
 2.443593e-09 2.030084e-09 2.429730e-14 4.473701e-09 max_cap720
 2.579773e-09 1.887829e-09 2.429730e-14 4.467627e-09 max_cap4231
 2.220246e-09 2.246742e-09 2.429730e-14 4.467012e-09 wire1020
 1.463923e-09 3.002616e-09 2.429730e-14 4.466564e-09 wire3487
 1.605408e-09 2.859126e-09 2.429730e-14 4.464559e-09 wire2276
 1.176849e-09 3.285238e-09 2.429730e-14 4.462111e-09 wire2634
 2.131483e-09 2.327602e-09 2.429730e-14 4.459110e-09 wire1529
 2.045749e-09 2.412715e-09 2.429730e-14 4.458488e-09 max_cap837
 2.528694e-09 1.929761e-09 2.429730e-14 4.458479e-09 max_cap4328
 2.342333e-09 2.115880e-09 2.429730e-14 4.458237e-09 max_cap4362
 2.202662e-09 2.250642e-09 2.429730e-14 4.453328e-09 max_cap3177
 2.349412e-09 2.103272e-09 2.429730e-14 4.452708e-09 wire780
 1.859868e-09 2.583356e-09 2.429730e-14 4.443249e-09 wire1738
 2.760496e-09 1.681206e-09 2.429730e-14 4.441727e-09 max_cap3166
 1.912904e-09 2.525994e-09 2.429730e-14 4.438923e-09 max_cap104
 2.472033e-09 1.966657e-09 2.429730e-14 4.438714e-09 max_cap4269
 1.374205e-09 3.063965e-09 2.429730e-14 4.438194e-09 max_cap3108
 2.342986e-09 2.091809e-09 2.429730e-14 4.434819e-09 max_cap4139
 8.586846e-10 3.575809e-09 6.768683e-14 4.434561e-09 fanout3273
 1.296694e-09 3.133101e-09 2.429730e-14 4.429820e-09 wire1659
 1.676563e-09 2.750185e-09 2.429730e-14 4.426772e-09 wire925
 2.200998e-09 2.225305e-09 2.429730e-14 4.426327e-09 wire1018
 2.397494e-09 2.027967e-09 2.429730e-14 4.425485e-09 max_cap3253
 2.505677e-09 1.919124e-09 2.429730e-14 4.424825e-09 wire1427
 1.457765e-09 2.957400e-09 2.429730e-14 4.415190e-09 max_cap2884
 2.519505e-09 1.895381e-09 2.429730e-14 4.414911e-09 max_cap4141
 3.021482e-09 1.391429e-09 2.429730e-14 4.412934e-09 max_cap452
 2.115384e-09 2.296634e-09 2.429730e-14 4.412042e-09 max_cap4831
 2.057028e-09 2.353199e-09 2.429730e-14 4.410252e-09 max_cap3250
 1.912610e-09 2.491250e-09 2.429730e-14 4.403884e-09 max_cap4217
 2.077624e-09 2.323965e-09 7.763109e-14 4.401667e-09 wire2131
 1.340311e-09 3.061020e-09 2.429730e-14 4.401355e-09 max_cap2864
 2.068936e-09 2.331660e-09 2.429730e-14 4.400621e-09 wire1088
 2.024279e-09 2.375348e-09 2.429730e-14 4.399652e-09 wire3347
 2.103011e-09 2.294400e-09 2.429730e-14 4.397435e-09 wire1085
 1.470617e-09 2.926633e-09 2.429730e-14 4.397275e-09 wire2693
 2.095975e-09 2.300953e-09 2.429730e-14 4.396952e-09 wire1081
 1.241115e-09 3.155102e-09 2.429730e-14 4.396241e-09 wire3677
 1.514804e-09 2.879159e-09 2.429730e-14 4.393987e-09 max_cap3408
 1.753038e-09 2.630342e-09 2.429730e-14 4.383403e-09 max_cap4315
 1.476522e-09 2.906111e-09 2.429730e-14 4.382657e-09 max_cap3937
 1.378085e-09 3.002170e-09 2.429730e-14 4.380280e-09 max_cap4942
 2.117973e-09 2.261836e-09 2.429730e-14 4.379833e-09 max_cap4095
 1.685017e-09 2.691008e-09 2.429730e-14 4.376050e-09 max_cap5081
 1.780491e-09 2.594472e-09 2.429730e-14 4.374987e-09 wire1541
 1.668251e-09 2.705804e-09 2.429730e-14 4.374080e-09 max_cap4815
 2.221467e-09 2.152341e-09 2.429730e-14 4.373832e-09 max_cap836
 1.942221e-09 2.430112e-09 2.429730e-14 4.372357e-09 max_cap183
 2.535031e-09 1.835910e-09 2.429730e-14 4.370965e-09 max_cap4006
 1.421608e-09 2.948678e-09 2.429730e-14 4.370311e-09 max_cap4859
 2.607560e-09 1.762052e-09 2.429730e-14 4.369637e-09 max_cap2053
 2.694709e-09 1.673858e-09 2.429730e-14 4.368591e-09 max_cap2025
 2.212574e-09 2.153973e-09 2.429730e-14 4.366572e-09 wire1024
 1.884599e-09 2.479543e-09 2.429730e-14 4.364166e-09 wire1039
 1.300474e-09 3.061867e-09 2.429730e-14 4.362365e-09 wire2480
 1.655968e-09 2.706119e-09 2.429730e-14 4.362112e-09 max_cap4791
 2.150346e-09 2.210945e-09 2.429730e-14 4.361315e-09 wire2557
 2.130889e-09 2.230348e-09 2.429730e-14 4.361262e-09 max_cap2793
 2.651203e-09 1.706663e-09 2.429730e-14 4.357890e-09 max_cap4343
 2.269051e-09 2.088596e-09 2.429730e-14 4.357671e-09 wire935
 9.233611e-10 3.429700e-09 2.429730e-14 4.353085e-09 wire1812
 1.920983e-09 2.430723e-09 2.429730e-14 4.351730e-09 wire89
 2.202285e-09 2.147612e-09 2.429730e-14 4.349922e-09 wire1016
 2.214958e-09 2.133529e-09 2.429730e-14 4.348511e-09 wire1022
 1.304476e-09 3.038737e-09 2.429730e-14 4.343236e-09 wire3655
 2.199813e-09 2.143126e-09 2.429730e-14 4.342964e-09 max_cap609
 1.051590e-09 3.290144e-09 2.429730e-14 4.341759e-09 max_cap1421
 2.206134e-09 2.134676e-09 2.429730e-14 4.340834e-09 wire1025
 2.072748e-09 2.267952e-09 2.429730e-14 4.340725e-09 max_cap3198
 1.929181e-09 2.409801e-09 2.429730e-14 4.339006e-09 max_cap1166
 2.134731e-09 2.199419e-09 2.429730e-14 4.334174e-09 max_cap3215
 2.953161e-09 1.376686e-09 2.429730e-14 4.329871e-09 max_cap1552
 2.093821e-09 2.235568e-09 2.429730e-14 4.329414e-09 max_cap551
 1.848624e-09 2.477086e-09 2.429730e-14 4.325734e-09 max_cap4756
 2.934014e-09 1.391320e-09 2.429730e-14 4.325358e-09 max_cap4165
 1.478366e-09 2.844063e-09 2.429730e-14 4.322453e-09 max_cap2697
 1.739758e-09 2.582128e-09 2.429730e-14 4.321911e-09 max_cap4663
 1.539006e-09 2.782852e-09 2.429730e-14 4.321882e-09 max_cap5120
 1.539397e-09 2.781684e-09 2.429730e-14 4.321106e-09 wire4440
 1.979111e-09 2.341935e-09 2.429730e-14 4.321070e-09 wire4004
 1.079257e-09 3.241542e-09 2.429730e-14 4.320824e-09 wire2540
 2.422958e-09 1.887845e-09 2.429730e-14 4.310828e-09 max_cap1638
 2.817431e-09 1.490455e-09 2.429730e-14 4.307911e-09 max_cap2438
 2.874853e-09 1.432602e-09 2.429730e-14 4.307478e-09 max_cap3189
 2.739368e-09 1.567622e-09 2.429730e-14 4.307014e-09 max_cap4286
 1.295613e-09 3.006493e-09 2.429730e-14 4.302130e-09 max_cap4886
 8.333056e-10 3.466071e-09 6.769207e-14 4.299443e-09 fanout2103
 2.447097e-09 1.851796e-09 2.429730e-14 4.298918e-09 max_cap4151
 2.093920e-09 2.199630e-09 2.429730e-14 4.293575e-09 wire1078
 9.626998e-10 3.329345e-09 2.429730e-14 4.292069e-09 wire1286
 2.164739e-09 2.125659e-09 2.429730e-14 4.290424e-09 max_cap3111
 2.088936e-09 2.200960e-09 2.429730e-14 4.289921e-09 max_cap1532
 1.247812e-09 3.040705e-09 2.429730e-14 4.288542e-09 wire3674
 1.755400e-09 2.530960e-09 2.429730e-14 4.286385e-09 max_cap3099
 1.798769e-09 2.486302e-09 2.429730e-14 4.285096e-09 wire1538
 2.247473e-09 2.036197e-09 2.429730e-14 4.283694e-09 max_cap4069
 2.411227e-09 1.870069e-09 2.429730e-14 4.281321e-09 max_cap3192
 2.840284e-09 1.440902e-09 2.429730e-14 4.281210e-09 max_cap2684
 2.411969e-09 1.868086e-09 2.429730e-14 4.280079e-09 wire1174
 2.032375e-09 2.247275e-09 2.429730e-14 4.279675e-09 max_cap4206
 1.265087e-09 3.014149e-09 2.429730e-14 4.279260e-09 max_cap4760
 2.195020e-09 2.082847e-09 2.429730e-14 4.277892e-09 max_cap690
 1.895799e-09 2.380987e-09 2.429730e-14 4.276810e-09 max_cap82
 1.924693e-09 2.351774e-09 2.429730e-14 4.276492e-09 max_cap1157
 2.397938e-09 1.878288e-09 2.429730e-14 4.276250e-09 max_cap4109
 2.073809e-09 2.198206e-09 2.429730e-14 4.272039e-09 max_cap708
 1.695253e-09 2.575807e-09 2.429730e-14 4.271084e-09 max_cap3179
 1.573013e-09 2.694345e-09 2.429730e-14 4.267382e-09 max_cap2070
 2.026503e-09 2.238435e-09 2.429730e-14 4.264962e-09 wire3338
 2.011460e-09 2.249507e-09 2.429730e-14 4.260992e-09 max_cap3247
 1.984546e-09 2.270150e-09 2.429730e-14 4.254721e-09 max_cap4024
 1.287624e-09 2.966330e-09 2.429730e-14 4.253978e-09 wire3642
 1.741354e-09 2.509999e-09 2.429730e-14 4.251377e-09 max_cap1593
 2.131334e-09 2.119929e-09 2.429730e-14 4.251288e-09 wire1527
 2.179975e-09 2.070958e-09 2.429730e-14 4.250957e-09 max_cap1590
 2.089331e-09 2.160863e-09 2.429730e-14 4.250218e-09 wire1084
 1.986264e-09 2.263693e-09 2.429730e-14 4.249981e-09 wire3341
 2.089111e-09 2.157289e-09 2.429730e-14 4.246425e-09 wire1080
 2.157985e-09 2.086368e-09 2.429730e-14 4.244377e-09 max_cap2049
 1.957573e-09 2.286164e-09 2.429730e-14 4.243762e-09 max_cap4207
 2.527678e-09 1.714270e-09 2.429730e-14 4.241973e-09 max_cap3186
 1.831815e-09 2.409002e-09 2.429730e-14 4.240841e-09 max_cap3246
 2.377881e-09 1.862834e-09 2.429730e-14 4.240740e-09 max_cap4266
 1.227279e-09 3.012940e-09 2.429730e-14 4.240244e-09 max_cap4789
 1.809426e-09 2.426752e-09 2.429730e-14 4.236202e-09 max_cap980
 2.428608e-09 1.804882e-09 2.429730e-14 4.233514e-09 max_cap4035
 2.364662e-09 1.863704e-09 2.429730e-14 4.228391e-09 max_cap4229
 2.148976e-09 2.078354e-09 2.429730e-14 4.227354e-09 max_cap4387
 2.125569e-09 2.101063e-09 2.429730e-14 4.226656e-09 wire1531
 1.596020e-09 2.628372e-09 2.429730e-14 4.224416e-09 max_cap435
 2.209311e-09 2.013553e-09 2.429730e-14 4.222889e-09 wire1023
 1.943830e-09 2.277140e-09 6.831803e-14 4.221038e-09 wire2492
 2.463705e-09 1.756485e-09 2.429730e-14 4.220215e-09 max_cap4199
 1.546616e-09 2.673166e-09 2.429730e-14 4.219806e-09 wire3885
 1.503763e-09 2.714443e-09 2.429730e-14 4.218230e-09 wire1280
 2.094119e-09 2.123711e-09 2.429730e-14 4.217855e-09 wire1082
 2.380559e-09 1.836542e-09 2.429730e-14 4.217126e-09 wire1459
 6.990417e-10 3.512086e-09 7.815866e-14 4.211206e-09 max_cap3020
 1.258351e-09 2.950294e-09 2.429730e-14 4.208670e-09 max_cap1526
 2.434022e-09 1.774188e-09 2.429730e-14 4.208235e-09 max_cap4108
 2.502988e-09 1.704746e-09 2.429730e-14 4.207758e-09 max_cap761
 1.846305e-09 2.360803e-09 2.429730e-14 4.207133e-09 max_cap4066
 2.414631e-09 1.791382e-09 2.429730e-14 4.206038e-09 max_cap3109
 1.218203e-09 2.986370e-09 2.429730e-14 4.204597e-09 max_cap4795
 1.295562e-09 2.908202e-09 2.429730e-14 4.203788e-09 max_cap2135
 2.569891e-09 1.632009e-09 2.429730e-14 4.201924e-09 max_cap3144
 2.100518e-09 2.100698e-09 2.429730e-14 4.201240e-09 wire766
 2.437665e-09 1.763084e-09 2.429730e-14 4.200773e-09 max_cap4038
 2.071982e-09 2.125887e-09 2.429730e-14 4.197894e-09 max_cap4336
 2.592803e-09 1.603467e-09 2.429730e-14 4.196294e-09 max_cap4107
 8.595920e-10 3.335518e-09 6.768683e-14 4.195178e-09 fanout3272
 1.882222e-09 2.309096e-09 2.429730e-14 4.191343e-09 max_cap2309
 1.488829e-09 2.701446e-09 2.429730e-14 4.190300e-09 max_cap4691
 1.741046e-09 2.448930e-09 2.429730e-14 4.190000e-09 max_cap2813
 2.638012e-09 1.551430e-09 2.429730e-14 4.189467e-09 max_cap3116
 2.765273e-09 1.422212e-09 2.429730e-14 4.187509e-09 max_cap3146
 2.452140e-09 1.732785e-09 2.429730e-14 4.184949e-09 max_cap2087
 1.420915e-09 2.762904e-09 2.429730e-14 4.183843e-09 max_cap4870
 2.175656e-09 2.004335e-09 2.429730e-14 4.180016e-09 max_cap2059
 1.632367e-09 2.546376e-09 2.429730e-14 4.178768e-09 wire2877
 2.086875e-09 2.090590e-09 2.429730e-14 4.177489e-09 wire1530
 1.405979e-09 2.771161e-09 2.429730e-14 4.177164e-09 max_cap4747
 1.895997e-09 2.276153e-09 2.429730e-14 4.172174e-09 wire1735
 1.505885e-09 2.663200e-09 2.429730e-14 4.169110e-09 max_cap4905
 1.941249e-09 2.227689e-09 2.429730e-14 4.168963e-09 max_cap222
 2.090740e-09 2.076905e-09 2.429730e-14 4.167669e-09 wire1079
 2.302117e-09 1.864918e-09 2.429730e-14 4.167059e-09 max_cap4152
 2.260102e-09 1.906606e-09 2.429730e-14 4.166732e-09 wire931
 1.824050e-09 2.336185e-09 2.429730e-14 4.160259e-09 wire1482
 2.329698e-09 1.830190e-09 2.429730e-14 4.159912e-09 max_cap3131
 2.158178e-09 1.999449e-09 2.429730e-14 4.157651e-09 wire1030
 1.369697e-09 2.787488e-09 2.429730e-14 4.157209e-09 max_cap3712
 2.015823e-09 2.139098e-09 2.429730e-14 4.154945e-09 wire3339
 1.429276e-09 2.721315e-09 2.429730e-14 4.150615e-09 wire3599
 2.003130e-09 2.147167e-09 2.429730e-14 4.150321e-09 max_cap3335
 2.743942e-09 1.403695e-09 2.429730e-14 4.147662e-09 max_cap716
 2.529526e-09 1.617117e-09 2.429730e-14 4.146667e-09 max_cap699
 1.765315e-09 2.374772e-09 2.429730e-14 4.140112e-09 wire4222
 2.484258e-09 1.652285e-09 2.429730e-14 4.136567e-09 max_cap4248
 2.521077e-09 1.614597e-09 2.429730e-14 4.135698e-09 max_cap3193
 2.021743e-09 2.112578e-09 2.429730e-14 4.134346e-09 wire3337
 2.158410e-09 1.974159e-09 2.429730e-14 4.132593e-09 wire1033
 1.542548e-09 2.590014e-09 2.429730e-14 4.132587e-09 max_cap2645
 1.465972e-09 2.664326e-09 6.807414e-14 4.130366e-09 wire3529
 1.287825e-09 2.841545e-09 2.429730e-14 4.129394e-09 wire3638
 1.646342e-09 2.479432e-09 2.429730e-14 4.125798e-09 max_cap4928
 2.453142e-09 1.672582e-09 2.429730e-14 4.125749e-09 max_cap4071
 1.965487e-09 2.159232e-09 2.429730e-14 4.124744e-09 max_cap1155
 1.186471e-09 2.937240e-09 2.429730e-14 4.123736e-09 max_cap4409
 1.254530e-09 2.869054e-09 2.429730e-14 4.123608e-09 max_cap4769
 2.442120e-09 1.681227e-09 2.429730e-14 4.123371e-09 max_cap2051
 2.706331e-09 1.413821e-09 2.429730e-14 4.120176e-09 max_cap3100
 1.976771e-09 2.140157e-09 2.429730e-14 4.116952e-09 wire965
 1.687421e-09 2.426797e-09 2.429730e-14 4.114242e-09 max_cap5191
 1.061948e-09 3.052190e-09 2.429730e-14 4.114163e-09 max_cap1420
 2.324564e-09 1.789171e-09 2.429730e-14 4.113759e-09 max_cap4140
 2.368725e-09 1.744105e-09 2.429730e-14 4.112855e-09 max_cap2077
 1.397150e-09 2.712541e-09 2.429730e-14 4.109716e-09 max_cap3707
 1.193948e-09 2.912958e-09 2.429730e-14 4.106930e-09 max_cap4794
 1.906101e-09 2.196351e-09 2.429730e-14 4.102476e-09 wire1012
 1.826065e-09 2.268039e-09 2.429730e-14 4.094128e-09 max_cap4290
 2.018993e-09 2.074675e-09 2.429730e-14 4.093692e-09 max_cap4102
 2.501147e-09 1.591550e-09 2.429730e-14 4.092721e-09 wire1425
 2.089185e-09 2.002856e-09 2.429730e-14 4.092066e-09 wire1083
 2.207178e-09 1.884652e-09 2.429730e-14 4.091854e-09 wire1021
 1.753881e-09 2.336549e-09 2.429730e-14 4.090455e-09 wire2348
 1.406874e-09 2.683063e-09 2.429730e-14 4.089962e-09 max_cap4399
 2.275106e-09 1.813654e-09 2.429730e-14 4.088784e-09 max_cap1649
 1.173730e-09 2.914448e-09 2.429730e-14 4.088203e-09 wire2632
 1.614793e-09 2.472809e-09 2.429730e-14 4.087626e-09 max_cap118
 2.095533e-09 1.991228e-09 2.429730e-14 4.086785e-09 wire1075
 2.085282e-09 2.000599e-09 2.429730e-14 4.085905e-09 wire1087
 2.508797e-09 1.576140e-09 2.429730e-14 4.084961e-09 max_cap2085
 1.304146e-09 2.779315e-09 2.429730e-14 4.083485e-09 max_cap3661
 1.110843e-09 2.967685e-09 2.429730e-14 4.078552e-09 max_cap4741
 2.019101e-09 2.058520e-09 2.429730e-14 4.077646e-09 max_cap4053
 1.728910e-09 2.347308e-09 2.429730e-14 4.076242e-09 max_cap3740
 2.418752e-09 1.656703e-09 2.429730e-14 4.075479e-09 wire1637
 1.274162e-09 2.798373e-09 2.429730e-14 4.072559e-09 wire3640
 1.293893e-09 2.777817e-09 2.429730e-14 4.071735e-09 wire1060
 1.632337e-09 2.439104e-09 2.429730e-14 4.071465e-09 max_cap4418
 1.250391e-09 2.820994e-09 2.429730e-14 4.071410e-09 wire3679
 2.033054e-09 2.035202e-09 2.429730e-14 4.068279e-09 max_cap3346
 1.164419e-09 2.903207e-09 2.429730e-14 4.067651e-09 max_cap5672
 1.138409e-09 2.928328e-09 2.429730e-14 4.066761e-09 wire2187
 1.984812e-09 2.081372e-09 2.429730e-14 4.066209e-09 max_cap4048
 2.384448e-09 1.681191e-09 2.429730e-14 4.065664e-09 max_cap3135
 1.943729e-09 2.121597e-09 2.429730e-14 4.065350e-09 max_cap208
 2.801696e-09 1.260870e-09 2.429730e-14 4.062591e-09 wire2136
 2.390846e-09 1.671486e-09 2.429730e-14 4.062356e-09 max_cap3195
 1.916447e-09 2.145537e-09 2.429730e-14 4.062008e-09 max_cap125
 9.470822e-10 3.113310e-09 7.806132e-14 4.060470e-09 wire1443
 4.729915e-10 3.587038e-09 7.772740e-14 4.060107e-09 wire408
 1.164527e-09 2.894733e-09 2.429730e-14 4.059285e-09 max_cap2182
 2.168048e-09 1.886602e-09 2.429730e-14 4.054674e-09 max_cap4197
 1.731895e-09 2.321334e-09 2.429730e-14 4.053254e-09 max_cap3115
 1.947407e-09 2.105495e-09 2.429730e-14 4.052926e-09 max_cap299
 1.895214e-09 2.154922e-09 2.429730e-14 4.050161e-09 max_cap1112
 2.151592e-09 1.898271e-09 2.429730e-14 4.049888e-09 wire1029
 1.240341e-09 2.806347e-09 2.429730e-14 4.046712e-09 wire3678
 1.669436e-09 2.376815e-09 2.429730e-14 4.046275e-09 max_cap2815
 1.017967e-09 3.027795e-09 7.282646e-14 4.045835e-09 wire5424
 1.950547e-09 2.094101e-09 2.429730e-14 4.044672e-09 max_cap4308
 1.452121e-09 2.586438e-09 2.429730e-14 4.038584e-09 max_cap4656
 2.119163e-09 1.918898e-09 2.429730e-14 4.038085e-09 wire1528
 1.055801e-09 2.980583e-09 2.429730e-14 4.036409e-09 max_cap5032
 1.171734e-09 2.863437e-09 2.429730e-14 4.035196e-09 max_cap2638
 2.571970e-09 1.462493e-09 2.429730e-14 4.034487e-09 max_cap713
 2.499599e-09 1.534534e-09 2.429730e-14 4.034158e-09 max_cap3128
 2.661009e-09 1.372058e-09 2.429730e-14 4.033091e-09 max_cap4084
 1.524010e-09 2.508799e-09 2.429730e-14 4.032833e-09 wire3888
 1.342576e-09 2.683537e-09 2.429730e-14 4.026138e-09 wire2872
 1.452172e-09 2.571848e-09 2.429730e-14 4.024045e-09 wire3598
 1.347742e-09 2.675244e-09 2.429730e-14 4.023011e-09 max_cap2870
 2.424930e-09 1.592302e-09 2.429730e-14 4.017257e-09 max_cap2107
 1.812251e-09 2.203711e-09 2.429730e-14 4.015986e-09 wire1481
 1.293548e-09 2.718189e-09 2.429730e-14 4.011762e-09 max_cap2129
 1.205356e-09 2.803464e-09 2.429730e-14 4.008845e-09 max_cap1629
 1.287696e-09 2.720762e-09 2.429730e-14 4.008483e-09 max_cap3645
 2.317363e-09 1.690123e-09 2.429730e-14 4.007510e-09 max_cap315
 1.570753e-09 2.434492e-09 6.808565e-14 4.005313e-09 max_cap4052
 1.290761e-09 2.712880e-09 2.429730e-14 4.003665e-09 max_cap4104
 1.814252e-09 2.187984e-09 2.429730e-14 4.002261e-09 wire1480
 1.818546e-09 2.179784e-09 2.429730e-14 3.998355e-09 max_cap840
 2.495466e-09 1.499500e-09 2.429730e-14 3.994991e-09 max_cap3134
 1.171691e-09 2.822359e-09 2.429730e-14 3.994074e-09 wire2637
 1.064517e-09 2.927309e-09 2.429730e-14 3.991851e-09 max_cap2137
 1.533440e-09 2.457810e-09 2.429730e-14 3.991274e-09 max_cap4906
 2.411388e-09 1.577852e-09 2.429730e-14 3.989264e-09 max_cap2017
 2.511814e-09 1.477299e-09 2.429730e-14 3.989137e-09 max_cap3157
 1.542401e-09 2.445942e-09 2.429730e-14 3.988367e-09 wire2643
 2.376322e-09 1.609738e-09 2.429730e-14 3.986085e-09 max_cap734
 1.142501e-09 2.839296e-09 2.429730e-14 3.981822e-09 wire4742
 1.323620e-09 2.657982e-09 2.429730e-14 3.981626e-09 wire2868
 2.547253e-09 1.430827e-09 2.429730e-14 3.978105e-09 max_cap3138
 1.389967e-09 2.588000e-09 2.429730e-14 3.977991e-09 wire3770
 2.329283e-09 1.648139e-09 2.429730e-14 3.977446e-09 max_cap4256
 2.122239e-09 1.853236e-09 2.429730e-14 3.975499e-09 max_cap2089
 1.710725e-09 2.263602e-09 2.429730e-14 3.974351e-09 wire921
 1.492647e-09 2.480927e-09 2.429730e-14 3.973598e-09 wire1281
 1.819893e-09 2.152410e-09 2.429730e-14 3.972328e-09 wire1484
 1.718470e-09 2.251905e-09 2.429730e-14 3.970399e-09 max_cap640
 1.231627e-09 2.736900e-09 6.797050e-14 3.968595e-09 wire2688
 2.199986e-09 1.767621e-09 2.429730e-14 3.967632e-09 max_cap3270
 1.182811e-09 2.782420e-09 2.429730e-14 3.965255e-09 max_cap2635
 1.946672e-09 2.016294e-09 2.429730e-14 3.962990e-09 max_cap449
 2.150411e-09 1.811649e-09 2.429730e-14 3.962084e-09 wire1032
 9.349551e-10 3.024122e-09 6.790038e-14 3.959145e-09 wire2518
 2.069102e-09 1.889999e-09 2.429730e-14 3.959125e-09 wire3800
 2.153876e-09 1.801335e-09 2.429730e-14 3.955236e-09 wire1031
 2.680724e-09 1.273961e-09 2.429730e-14 3.954709e-09 max_cap2614
 1.598002e-09 2.356629e-09 2.429730e-14 3.954655e-09 wire2375
 1.458999e-09 2.495462e-09 2.429730e-14 3.954485e-09 max_cap2032
 1.284632e-09 2.667329e-09 2.429730e-14 3.951986e-09 max_cap3644
 2.107656e-09 1.837474e-09 2.429730e-14 3.945155e-09 max_cap440
 1.880240e-09 2.063464e-09 2.429730e-14 3.943728e-09 wire1737
 1.635941e-09 2.306879e-09 2.429730e-14 3.942845e-09 max_cap3164
 2.173618e-09 1.769144e-09 2.429730e-14 3.942787e-09 max_cap4221
 1.786035e-09 2.156385e-09 2.429730e-14 3.942444e-09 wire1540
 1.911449e-09 2.028026e-09 2.429730e-14 3.939500e-09 max_cap3269
 2.080164e-09 1.857827e-09 2.429730e-14 3.938015e-09 max_cap4157
 1.062830e-09 2.875132e-09 2.429730e-14 3.937987e-09 wire3848
 2.118258e-09 1.819327e-09 2.429730e-14 3.937609e-09 wire765
 1.163660e-09 2.771993e-09 2.429730e-14 3.935677e-09 max_cap2185
 2.174372e-09 1.761274e-09 2.429730e-14 3.935670e-09 max_cap4385
 1.337360e-09 2.596064e-09 2.429730e-14 3.933449e-09 wire2931
 1.812005e-09 2.118733e-09 2.429730e-14 3.930763e-09 wire1765
 2.341578e-09 1.588746e-09 2.429730e-14 3.930348e-09 max_cap4306
 5.842471e-10 3.343871e-09 2.332710e-13 3.928351e-09 fanout2380
 1.449972e-09 2.476974e-09 6.807832e-14 3.927014e-09 wire2777
 1.568224e-09 2.358407e-09 6.812857e-14 3.926698e-09 wire3502
 7.124595e-10 3.213321e-09 2.429730e-14 3.925805e-09 max_cap2921
 1.563101e-09 2.361570e-09 2.429730e-14 3.924695e-09 max_cap2068
 2.151344e-09 1.773048e-09 2.429730e-14 3.924416e-09 wire1028
 1.290077e-09 2.633695e-09 2.429730e-14 3.923796e-09 wire2130
 2.393490e-09 1.529786e-09 2.429730e-14 3.923300e-09 max_cap4230
 2.128660e-09 1.790455e-09 2.429730e-14 3.919139e-09 max_cap2790
 1.766219e-09 2.152130e-09 2.429730e-14 3.918374e-09 max_cap1545
 9.266947e-10 2.987228e-09 2.429730e-14 3.913947e-09 wire1807
 2.012861e-09 1.900964e-09 2.429730e-14 3.913849e-09 max_cap3233
 2.613642e-09 1.296247e-09 2.429730e-14 3.909913e-09 max_cap2027
 2.511016e-09 1.397888e-09 2.429730e-14 3.908928e-09 max_cap3154
 1.699769e-09 2.207936e-09 2.429730e-14 3.907729e-09 wire2192
 1.498857e-09 2.407749e-09 2.429730e-14 3.906631e-09 max_cap2703
 1.556491e-09 2.349578e-09 2.429730e-14 3.906093e-09 max_cap4669
 1.919528e-09 1.985167e-09 2.429730e-14 3.904720e-09 max_cap1168
 2.078655e-09 1.825595e-09 2.429730e-14 3.904275e-09 wire1076
 1.644118e-09 2.258130e-09 2.429730e-14 3.902273e-09 max_cap3130
 1.520421e-09 2.380952e-09 2.429730e-14 3.901398e-09 max_cap597
 2.062670e-09 1.838514e-09 2.429730e-14 3.901208e-09 max_cap2994
 1.098794e-09 2.802030e-09 2.429730e-14 3.900849e-09 wire4686
 1.258805e-09 2.641811e-09 6.801971e-14 3.900684e-09 max_cap2715
 2.254856e-09 1.642240e-09 2.429730e-14 3.897120e-09 max_cap4186
 1.728054e-09 2.167887e-09 2.429730e-14 3.895965e-09 max_cap2411
 9.944894e-10 2.899827e-09 2.429730e-14 3.894341e-09 wire1941
 2.136382e-09 1.757768e-09 2.429730e-14 3.894174e-09 max_cap4374
 1.369211e-09 2.521728e-09 2.429730e-14 3.890964e-09 wire3711
 1.000262e-09 2.887924e-09 2.429730e-14 3.888211e-09 max_cap3945
 2.310398e-09 1.575950e-09 2.429730e-14 3.886373e-09 max_cap2440
 2.938202e-09 9.461095e-10 2.429730e-14 3.884336e-09 max_cap463
 2.431555e-09 1.452674e-09 2.429730e-14 3.884253e-09 max_cap2063
 2.355523e-09 1.526343e-09 2.429730e-14 3.881890e-09 max_cap3180
 2.521553e-09 1.359443e-09 2.429730e-14 3.881020e-09 max_cap3095
 1.303156e-09 2.574049e-09 2.429730e-14 3.877229e-09 max_cap5047
 9.133864e-10 2.962771e-09 2.429730e-14 3.876182e-09 max_cap2360
 1.939620e-09 1.936305e-09 2.429730e-14 3.875949e-09 max_cap614
 1.193914e-09 2.681839e-09 2.429730e-14 3.875777e-09 wire1877
 1.283902e-09 2.591442e-09 2.429730e-14 3.875368e-09 max_cap5046
 9.770452e-10 2.897656e-09 2.429730e-14 3.874726e-09 wire3503
 2.102392e-09 1.767756e-09 2.429730e-14 3.870174e-09 wire1034
 1.413762e-09 2.455400e-09 2.429730e-14 3.869187e-09 wire3601
 1.808386e-09 2.056030e-09 2.429730e-14 3.864441e-09 wire1764
 2.508385e-09 1.355865e-09 2.429730e-14 3.864275e-09 max_cap4303
 2.541840e-09 1.321099e-09 2.429730e-14 3.862963e-09 max_cap3080
 1.047887e-09 2.811923e-09 2.429730e-14 3.859835e-09 wire3847
 1.890431e-09 1.968962e-09 2.429730e-14 3.859417e-09 wire1736
 2.087054e-09 1.769004e-09 2.429730e-14 3.856083e-09 wire1086
 1.794946e-09 2.060612e-09 2.429730e-14 3.855583e-09 max_cap1539
 1.260322e-09 2.594700e-09 2.429730e-14 3.855046e-09 wire2822
 1.813552e-09 2.034527e-09 2.429730e-14 3.848104e-09 max_cap4133
 9.949099e-10 2.853115e-09 2.429730e-14 3.848049e-09 wire1934
 1.807233e-09 2.040361e-09 2.429730e-14 3.847619e-09 wire4086
 1.883606e-09 1.963847e-09 2.429730e-14 3.847477e-09 max_cap4329
 1.003113e-09 2.841537e-09 2.429730e-14 3.844674e-09 wire1942
 9.944739e-10 2.848934e-09 2.429730e-14 3.843432e-09 wire1939
 1.433699e-09 2.409006e-09 6.808670e-14 3.842773e-09 wire2743
 1.838979e-09 2.003194e-09 2.429730e-14 3.842198e-09 wire1485
 1.999491e-09 1.839979e-09 2.429730e-14 3.839495e-09 wire4003
 2.370484e-09 1.461272e-09 2.429730e-14 3.831781e-09 max_cap3174
 1.895758e-09 1.932931e-09 2.429730e-14 3.828714e-09 max_cap179
 1.884401e-09 1.943112e-09 2.429730e-14 3.827537e-09 wire1038
 1.346632e-09 2.480328e-09 2.429730e-14 3.826985e-09 max_cap3102
 2.122288e-09 1.704543e-09 2.429730e-14 3.826855e-09 wire764
 1.215626e-09 2.606422e-09 2.429730e-14 3.822073e-09 wire2209
 2.600488e-09 1.212355e-09 2.429730e-14 3.812867e-09 max_cap4388
 1.256453e-09 2.555969e-09 2.429730e-14 3.812447e-09 wire2824
 1.570209e-09 2.241797e-09 2.429730e-14 3.812031e-09 max_cap4719
 1.966145e-09 1.841829e-09 2.429730e-14 3.807998e-09 max_cap4187
 1.811493e-09 1.995669e-09 2.429730e-14 3.807187e-09 wire1766
 1.383019e-09 2.422048e-09 2.429730e-14 3.805091e-09 wire3771
 1.227827e-09 2.576937e-09 2.429730e-14 3.804789e-09 wire3676
 1.146770e-09 2.656652e-09 2.429730e-14 3.803446e-09 max_cap2040
 2.195777e-09 1.606929e-09 2.429730e-14 3.802731e-09 wire1014
 2.333077e-09 1.468269e-09 2.429730e-14 3.801371e-09 max_cap4119
 2.208681e-09 1.592232e-09 2.429730e-14 3.800937e-09 max_cap3158
 1.448612e-09 2.349576e-09 2.429730e-14 3.798213e-09 max_cap5056
 1.955628e-09 1.838206e-09 2.429730e-14 3.793858e-09 max_cap1156
 2.350645e-09 1.442076e-09 2.429730e-14 3.792746e-09 max_cap4274
 1.365939e-09 2.425458e-09 2.429730e-14 3.791422e-09 max_cap4758
 2.386179e-09 1.400826e-09 2.429730e-14 3.787030e-09 max_cap3092
 1.284643e-09 2.498917e-09 2.429730e-14 3.783585e-09 wire3643
 1.516436e-09 2.266576e-09 2.429730e-14 3.783036e-09 max_cap1229
 9.980357e-10 2.782475e-09 2.429730e-14 3.780535e-09 max_cap3949
 1.470439e-09 2.308833e-09 2.429730e-14 3.779296e-09 wire3476
 1.438726e-09 2.340107e-09 2.429730e-14 3.778858e-09 max_cap2888
 2.599488e-09 1.179074e-09 2.429730e-14 3.778587e-09 max_cap4380
 2.372455e-09 1.405990e-09 2.429730e-14 3.778469e-09 max_cap4213
 8.577251e-10 2.918165e-09 2.429730e-14 3.775915e-09 max_cap5444
 1.939546e-09 1.830932e-09 2.429730e-14 3.770502e-09 max_cap196
 1.433190e-09 2.335738e-09 6.808670e-14 3.768996e-09 wire2739
 2.539530e-09 1.229090e-09 2.429730e-14 3.768645e-09 max_cap4030
 1.160597e-09 2.607704e-09 2.429730e-14 3.768325e-09 wire2186
 2.086488e-09 1.679694e-09 2.429730e-14 3.766206e-09 wire1074
 1.913568e-09 1.850049e-09 2.429730e-14 3.763641e-09 max_cap199
 1.783114e-09 1.979294e-09 2.429730e-14 3.762433e-09 wire81
 2.265187e-09 1.496593e-09 2.429730e-14 3.761805e-09 wire930
 1.497314e-09 2.264399e-09 2.429730e-14 3.761738e-09 max_cap4891
 9.172954e-10 2.843532e-09 2.429730e-14 3.760852e-09 max_cap1869
 1.655807e-09 2.103524e-09 2.429730e-14 3.759355e-09 wire3359
 2.436687e-09 1.317519e-09 2.429730e-14 3.754230e-09 max_cap3079
 1.500067e-09 2.252460e-09 2.429730e-14 3.752552e-09 wire1279
 2.301008e-09 1.446936e-09 2.429730e-14 3.747969e-09 max_cap3140
 1.300028e-09 2.447070e-09 2.429730e-14 3.747122e-09 max_cap4160
 1.892829e-09 1.852224e-09 2.429730e-14 3.745077e-09 wire1884
 1.584983e-09 2.158825e-09 2.429730e-14 3.743832e-09 max_cap533
 9.000944e-10 2.841166e-09 2.429730e-14 3.741285e-09 wire2778
 1.263737e-09 2.470196e-09 2.429730e-14 3.733957e-09 max_cap4761
 1.737124e-09 1.996147e-09 2.429730e-14 3.733295e-09 max_cap5003
 1.938413e-09 1.793611e-09 2.429730e-14 3.732048e-09 max_cap122
 2.210891e-09 1.517512e-09 2.429730e-14 3.728427e-09 max_cap4118
 1.274825e-09 2.453088e-09 2.429730e-14 3.727938e-09 max_cap3646
 1.274825e-09 2.452849e-09 2.429730e-14 3.727698e-09 max_cap3639
 2.223524e-09 1.503884e-09 2.429730e-14 3.727432e-09 max_cap4297
 1.600952e-09 2.126294e-09 2.429730e-14 3.727270e-09 max_cap3165
 1.344408e-09 2.382690e-09 2.429730e-14 3.727123e-09 max_cap2865
 1.689738e-09 2.036945e-09 2.429730e-14 3.726707e-09 max_cap4721
 5.420006e-10 3.181242e-09 6.833478e-14 3.723311e-09 max_cap378
 1.283223e-09 2.436136e-09 7.349429e-14 3.719432e-09 max_cap5428
 1.477612e-09 2.237611e-09 6.807414e-14 3.715291e-09 wire3528
 2.401387e-09 1.313777e-09 2.429730e-14 3.715189e-09 max_cap4293
 1.217067e-09 2.497060e-09 2.429730e-14 3.714151e-09 max_cap3704
 1.784766e-09 1.928498e-09 2.429730e-14 3.713289e-09 wire1767
 1.941988e-09 1.765568e-09 2.429730e-14 3.707580e-09 wire909
 1.136971e-09 2.569803e-09 6.796632e-14 3.706841e-09 wire3372
 1.795657e-09 1.911060e-09 2.429730e-14 3.706741e-09 wire1487
 9.962791e-10 2.710314e-09 2.429730e-14 3.706617e-09 wire1938
 1.970142e-09 1.735760e-09 2.429730e-14 3.705926e-09 max_cap4348
 2.016201e-09 1.687116e-09 2.429730e-14 3.703341e-09 wire3336
 2.058776e-09 1.642771e-09 2.429730e-14 3.701572e-09 max_cap4077
 1.139144e-09 2.560117e-09 2.429730e-14 3.699285e-09 max_cap2188
 2.353459e-09 1.343603e-09 2.429730e-14 3.697086e-09 max_cap3124
 2.165455e-09 1.527727e-09 2.429730e-14 3.693206e-09 max_cap4326
 1.481098e-09 2.211604e-09 6.807414e-14 3.692771e-09 wire3527
 1.746447e-09 1.941335e-09 2.429730e-14 3.687806e-09 wire4257
 1.263702e-09 2.422851e-09 2.429730e-14 3.686577e-09 max_cap5094
 1.533419e-09 2.150700e-09 2.429730e-14 3.684143e-09 max_cap5007
 1.472668e-09 2.209988e-09 2.429730e-14 3.682680e-09 max_cap2701
 2.456052e-09 1.225346e-09 2.429730e-14 3.681423e-09 max_cap2225
 1.844703e-09 1.824989e-09 2.429730e-14 3.669716e-09 max_cap2445
 1.772056e-09 1.895091e-09 2.429730e-14 3.667171e-09 max_cap4096
 8.951596e-10 2.771560e-09 2.429730e-14 3.666743e-09 wire2745
 2.266397e-09 1.396537e-09 2.429730e-14 3.662958e-09 max_cap4344
 1.959984e-09 1.700579e-09 2.429730e-14 3.660587e-09 max_cap4060
 2.465825e-09 1.194441e-09 2.429730e-14 3.660291e-09 max_cap4368
 1.022355e-09 2.636450e-09 2.429730e-14 3.658829e-09 max_cap2669
 1.974422e-09 1.683871e-09 2.429730e-14 3.658318e-09 wire963
 1.495361e-09 2.160831e-09 6.811287e-14 3.656260e-09 wire2358
 1.993712e-09 1.661094e-09 2.429730e-14 3.654830e-09 max_cap2035
 1.258088e-09 2.396245e-09 2.429730e-14 3.654357e-09 wire2823
 9.075218e-10 2.729715e-09 2.429730e-14 3.637261e-09 wire2782
 1.760666e-09 1.875166e-09 2.429730e-14 3.635856e-09 max_cap4314
 9.973018e-10 2.638259e-09 2.429730e-14 3.635585e-09 wire3948
 2.216515e-09 1.414080e-09 2.429730e-14 3.630619e-09 max_cap3106
 1.044876e-09 2.583580e-09 2.429730e-14 3.628480e-09 wire1442
 1.083639e-09 2.542747e-09 2.429730e-14 3.626411e-09 max_cap4581
 1.922281e-09 1.702513e-09 2.429730e-14 3.624818e-09 wire1883
 1.763448e-09 1.858545e-09 2.429730e-14 3.622018e-09 max_cap3114
 8.485627e-10 2.773189e-09 2.429730e-14 3.621776e-09 wire3780
 8.736704e-10 2.745338e-09 2.429730e-14 3.619032e-09 wire3537
 1.047863e-09 2.568026e-09 2.429730e-14 3.615913e-09 max_cap3855
 3.189859e-09 4.244813e-10 1.373475e-13 3.614478e-09 output17
 9.970553e-10 2.615984e-09 2.429730e-14 3.613063e-09 wire4560
 2.472075e-09 1.140114e-09 2.429730e-14 3.612213e-09 max_cap4225
 2.363945e-09 1.245924e-09 2.429730e-14 3.609893e-09 max_cap4319
 1.678642e-09 1.930669e-09 2.429730e-14 3.609335e-09 max_cap682
 2.066201e-09 1.540506e-09 2.429730e-14 3.606730e-09 wire2352
 2.156744e-09 1.447905e-09 2.429730e-14 3.604674e-09 max_cap4258
 9.978616e-10 2.606384e-09 2.429730e-14 3.604270e-09 wire1937
 1.331160e-09 2.269094e-09 2.429730e-14 3.600278e-09 wire2863
 1.912102e-09 1.687703e-09 2.429730e-14 3.599829e-09 wire910
 9.155143e-10 2.683624e-09 2.429730e-14 3.599163e-09 wire2355
 1.063548e-09 2.533568e-09 2.429730e-14 3.597141e-09 max_cap3852
 1.809048e-09 1.779575e-09 2.429730e-14 3.588647e-09 wire1483
 2.147308e-09 1.440055e-09 2.429730e-14 3.587387e-09 wire1027
 1.782652e-09 1.804554e-09 2.429730e-14 3.587229e-09 max_cap3210
 1.226063e-09 2.357715e-09 2.429730e-14 3.583801e-09 max_cap4788
 2.013457e-09 1.568651e-09 2.429730e-14 3.582132e-09 max_cap4158
 1.917906e-09 1.662210e-09 2.429730e-14 3.580140e-09 max_cap3279
 1.025058e-09 2.554009e-09 2.429730e-14 3.579090e-09 wire2905
 1.741130e-09 1.836006e-09 2.429730e-14 3.577161e-09 wire1498
 1.584287e-09 1.992626e-09 2.429730e-14 3.576937e-09 max_cap4097
 2.272242e-09 1.302871e-09 2.429730e-14 3.575137e-09 max_cap4070
 1.941588e-09 1.632849e-09 2.429730e-14 3.574462e-09 wire907
 2.358226e-09 1.215887e-09 2.429730e-14 3.574137e-09 max_cap3521
 1.565327e-09 2.008737e-09 2.429730e-14 3.574088e-09 wire3886
 1.999663e-09 1.574186e-09 2.429730e-14 3.573873e-09 max_cap4351
 1.925230e-09 1.646457e-09 2.429730e-14 3.571711e-09 max_cap4287
 1.894148e-09 1.676913e-09 2.429730e-14 3.571085e-09 max_cap2308
 1.413649e-09 2.156572e-09 2.429730e-14 3.570245e-09 wire2126
 1.053325e-09 2.516556e-09 2.429730e-14 3.569905e-09 max_cap3002
 1.217227e-09 2.348294e-09 2.429730e-14 3.565544e-09 wire3702
 1.598668e-09 1.966811e-09 2.429730e-14 3.565503e-09 max_cap3262
 1.907349e-09 1.655038e-09 2.429730e-14 3.562412e-09 max_cap121
 1.215704e-09 2.345237e-09 2.429730e-14 3.560965e-09 max_cap2426
 9.986950e-10 2.562187e-09 2.429730e-14 3.560906e-09 wire1935
 1.896339e-09 1.664153e-09 2.429730e-14 3.560517e-09 wire4076
 1.441926e-09 2.118334e-09 2.429730e-14 3.560285e-09 max_cap2885
 2.338446e-09 1.219382e-09 2.429730e-14 3.557852e-09 max_cap4243
 1.882540e-09 1.674746e-09 2.429730e-14 3.557310e-09 max_cap4429
 1.078532e-09 2.470945e-09 2.429730e-14 3.549501e-09 max_cap4690
 9.980409e-10 2.549937e-09 2.429730e-14 3.548002e-09 wire3950
 2.075484e-09 1.471733e-09 2.429730e-14 3.547241e-09 max_cap4180
 1.654321e-09 1.891195e-09 2.429730e-14 3.545540e-09 max_cap3360
 2.369565e-09 1.174555e-09 2.429730e-14 3.544144e-09 max_cap1151
 2.160986e-09 1.382606e-09 2.429730e-14 3.543616e-09 max_cap4175
 2.209486e-09 1.332095e-09 2.429730e-14 3.541605e-09 wire1588
 1.892096e-09 1.647130e-09 2.429730e-14 3.539250e-09 max_cap2061
 5.740255e-10 2.961250e-09 2.429730e-14 3.535300e-09 wire2516
 1.941773e-09 1.593203e-09 2.429730e-14 3.535000e-09 wire905
 1.952639e-09 1.581334e-09 2.429730e-14 3.533997e-09 max_cap3172
 1.894578e-09 1.637418e-09 2.429730e-14 3.532020e-09 wire2505
 9.276700e-10 2.601912e-09 2.429730e-14 3.529606e-09 wire2359
 1.670899e-09 1.855452e-09 2.429730e-14 3.526375e-09 wire3356
 9.086322e-10 2.617211e-09 2.429730e-14 3.525867e-09 max_cap2783
 1.187480e-09 2.329980e-09 2.429730e-14 3.517483e-09 max_cap4687
 1.514789e-09 1.995983e-09 2.429730e-14 3.510797e-09 max_cap3209
 1.176686e-09 2.332841e-09 2.429730e-14 3.509551e-09 wire2636
 1.722067e-09 1.785056e-09 2.429730e-14 3.507146e-09 max_cap3217
 1.972564e-09 1.532784e-09 2.429730e-14 3.505373e-09 max_cap3342
 2.275572e-09 1.229076e-09 2.429730e-14 3.504671e-09 max_cap4448
 1.615453e-09 1.888286e-09 2.429730e-14 3.503763e-09 wire2273
 9.920919e-10 2.511313e-09 2.429730e-14 3.503429e-09 max_cap3504
 1.561135e-09 1.940533e-09 2.429730e-14 3.501691e-09 max_cap2642
 1.068325e-09 2.428707e-09 2.429730e-14 3.497056e-09 wire3849
 1.272853e-09 2.221297e-09 2.429730e-14 3.494174e-09 max_cap2820
 6.461993e-10 2.847593e-09 6.764915e-14 3.493860e-09 fanout2095
 2.117934e-09 1.373689e-09 2.429730e-14 3.491648e-09 max_cap707
 7.082578e-10 2.783077e-09 2.429730e-14 3.491359e-09 max_cap3373
 1.541279e-09 1.943443e-09 2.429730e-14 3.484746e-09 max_cap524
 1.097334e-09 2.386698e-09 2.429730e-14 3.484056e-09 max_cap2542
 1.884037e-09 1.598112e-09 2.429730e-14 3.482173e-09 max_cap4373
 2.184945e-09 1.295544e-09 2.429730e-14 3.480514e-09 max_cap4135
 8.910082e-10 2.588989e-09 2.429730e-14 3.480021e-09 wire2740
 1.814505e-09 1.664518e-09 2.429730e-14 3.479047e-09 wire1497
 1.935712e-09 1.543035e-09 2.429730e-14 3.478771e-09 wire908
 1.932645e-09 1.545220e-09 2.429730e-14 3.477890e-09 max_cap296
 1.359400e-09 2.116194e-09 2.429730e-14 3.475619e-09 max_cap4898
 1.802307e-09 1.672959e-09 2.429730e-14 3.475290e-09 wire1763
 1.845474e-09 1.629594e-09 2.429730e-14 3.475092e-09 max_cap168
 1.215535e-09 2.258833e-09 2.429730e-14 3.474393e-09 wire2495
 9.125620e-10 2.555818e-09 2.429730e-14 3.468404e-09 wire2779
 2.070620e-09 1.394477e-09 2.429730e-14 3.465121e-09 max_cap2989
 2.361571e-09 1.103453e-09 2.429730e-14 3.465048e-09 max_cap3132
 1.361813e-09 2.098242e-09 2.429730e-14 3.460079e-09 max_cap635
 2.069749e-09 1.389681e-09 2.429730e-14 3.459455e-09 max_cap4291
 1.565470e-09 1.892033e-09 2.429730e-14 3.457527e-09 wire4349
 1.610428e-09 1.845925e-09 2.429730e-14 3.456378e-09 max_cap4436
 2.073258e-09 1.380974e-09 2.429730e-14 3.454256e-09 max_cap4218
 1.383049e-09 2.070798e-09 2.429730e-14 3.453871e-09 max_cap4100
 1.959738e-09 1.493699e-09 2.429730e-14 3.453461e-09 max_cap448
 1.835183e-09 1.617408e-09 2.429730e-14 3.452615e-09 max_cap979
 1.987783e-09 1.461651e-09 2.429730e-14 3.449458e-09 max_cap73
 9.026052e-10 2.546084e-09 2.429730e-14 3.448714e-09 wire2741
 1.445581e-09 1.998522e-09 2.429730e-14 3.444127e-09 max_cap5063
 1.241776e-09 2.200224e-09 2.429730e-14 3.442025e-09 max_cap3675
 1.932581e-09 1.507521e-09 2.429730e-14 3.440125e-09 max_cap451
 2.234419e-09 1.203120e-09 2.429730e-14 3.437563e-09 max_cap4145
 1.213714e-09 2.222959e-09 2.429730e-14 3.436698e-09 wire2494
 1.937773e-09 1.498173e-09 2.429730e-14 3.435970e-09 wire906
 7.017185e-10 2.732434e-09 2.429730e-14 3.434176e-09 wire3371
 2.045425e-09 1.386708e-09 2.429730e-14 3.432157e-09 max_cap4120
 1.432415e-09 1.999365e-09 7.278667e-14 3.431853e-09 max_cap5426
 8.681916e-10 2.561128e-09 2.429730e-14 3.429344e-09 wire3540
 8.896043e-10 2.537593e-09 2.429730e-14 3.427222e-09 wire2744
 1.733134e-09 1.693877e-09 2.429730e-14 3.427036e-09 wire2812
 1.248392e-09 2.178037e-09 2.429730e-14 3.426453e-09 max_cap5446
 1.061308e-09 2.363276e-09 2.429730e-14 3.424609e-09 wire3853
 1.322211e-09 2.102183e-09 2.429730e-14 3.424419e-09 max_cap2873
 1.160334e-09 2.263217e-09 2.429730e-14 3.423575e-09 wire2181
 1.957280e-09 1.465805e-09 2.429730e-14 3.423109e-09 max_cap4302
 2.141835e-09 1.277223e-09 2.429730e-14 3.419082e-09 max_cap709
 2.263820e-09 1.155176e-09 2.429730e-14 3.419019e-09 max_cap4268
 9.286468e-10 2.488055e-09 2.429730e-14 3.416726e-09 max_cap1806
 9.230693e-10 2.488723e-09 2.429730e-14 3.411816e-09 wire2356
 2.036343e-09 1.372184e-09 2.429730e-14 3.408551e-09 max_cap2071
 1.915689e-09 1.490680e-09 2.429730e-14 3.406393e-09 max_cap191
 1.898369e-09 1.502970e-09 2.429730e-14 3.401363e-09 max_cap2075
 1.420453e-09 1.977248e-09 2.429730e-14 3.397726e-09 max_cap303
 1.979040e-09 1.418230e-09 2.429730e-14 3.397295e-09 max_cap4316
 9.081521e-10 2.488335e-09 2.429730e-14 3.396511e-09 max_cap3197
 1.197479e-09 2.197325e-09 2.429730e-14 3.394828e-09 wire1580
 2.092709e-09 1.300759e-09 2.429730e-14 3.393493e-09 max_cap3169
 1.510443e-09 1.882275e-09 2.429730e-14 3.392743e-09 wire1259
 1.868760e-09 1.523358e-09 2.429730e-14 3.392141e-09 max_cap4208
 1.682205e-09 1.707191e-09 2.429730e-14 3.389420e-09 max_cap2190
 8.798488e-10 2.508066e-09 2.429730e-14 3.387939e-09 wire3538
 1.673589e-09 1.713517e-09 2.429730e-14 3.387130e-09 max_cap4252
 2.096855e-09 1.285743e-09 2.429730e-14 3.382622e-09 max_cap4210
 9.969158e-10 2.383549e-09 2.429730e-14 3.380489e-09 wire3501
 1.094929e-09 2.281931e-09 2.429730e-14 3.376885e-09 wire1310
 2.058505e-09 1.312119e-09 2.429730e-14 3.370648e-09 max_cap4350
 1.083873e-09 2.285495e-09 2.429730e-14 3.369392e-09 max_cap2965
 2.050629e-09 1.315116e-09 2.429730e-14 3.365770e-09 max_cap4311
 1.524656e-09 1.837748e-09 2.429730e-14 3.362428e-09 wire1265
 2.252405e-09 1.108683e-09 2.429730e-14 3.361112e-09 max_cap4279
 1.447199e-09 1.912454e-09 2.429730e-14 3.359677e-09 max_cap302
 9.960787e-10 2.362402e-09 2.429730e-14 3.358504e-09 wire3944
 2.091613e-09 1.263666e-09 2.429730e-14 3.355303e-09 max_cap4292
 1.876072e-09 1.477688e-09 2.429730e-14 3.353784e-09 wire1734
 1.081960e-09 2.271789e-09 2.429730e-14 3.353774e-09 max_cap2545
 7.600225e-10 2.593498e-09 2.429730e-14 3.353545e-09 wire3293
 1.347441e-09 2.004831e-09 2.429730e-14 3.352296e-09 max_cap3218
 1.206317e-09 2.145566e-09 2.429730e-14 3.351907e-09 wire1579
 1.620550e-09 1.730546e-09 2.429730e-14 3.351120e-09 max_cap838
 8.059191e-10 2.544709e-09 2.429730e-14 3.350652e-09 max_cap5445
 8.960894e-10 2.454142e-09 2.429730e-14 3.350255e-09 wire3530
 1.362058e-09 1.986920e-09 2.429730e-14 3.349003e-09 wire2927
 1.061430e-09 2.283921e-09 2.429730e-14 3.345375e-09 wire3851
 9.843011e-10 2.355422e-09 2.429730e-14 3.339748e-09 wire4800
 7.739055e-10 2.564856e-09 2.429730e-14 3.338785e-09 max_cap5079
 1.949381e-09 1.388455e-09 2.429730e-14 3.337860e-09 wire1111
 2.013120e-09 1.324040e-09 2.429730e-14 3.337184e-09 max_cap4059
 1.568335e-09 1.768268e-09 6.812229e-14 3.336672e-09 wire2363
 1.423219e-09 1.911990e-09 2.429730e-14 3.335233e-09 max_cap4334
 1.278867e-09 2.056096e-09 2.429730e-14 3.334987e-09 max_cap5095
 8.581668e-10 2.474238e-09 2.429730e-14 3.332429e-09 wire3725
 1.884753e-09 1.447156e-09 2.429730e-14 3.331933e-09 max_cap4375
 8.585043e-10 2.470295e-09 6.782605e-14 3.328867e-09 max_cap3434
 1.978925e-09 1.346491e-09 2.429730e-14 3.325441e-09 max_cap4176
 1.649516e-09 1.674816e-09 2.429730e-14 3.324356e-09 max_cap3230
 1.919317e-09 1.403036e-09 2.429730e-14 3.322377e-09 max_cap103
 1.777723e-09 1.543915e-09 2.429730e-14 3.321662e-09 max_cap1768
 7.579312e-10 2.557096e-09 2.429730e-14 3.315052e-09 wire3292
 9.980458e-10 2.316454e-09 2.429730e-14 3.314524e-09 max_cap3947
 1.695665e-09 1.615504e-09 2.429730e-14 3.311193e-09 max_cap3160
 1.208970e-09 2.099832e-09 2.429730e-14 3.308826e-09 wire2496
 2.222355e-09 1.086343e-09 2.429730e-14 3.308722e-09 max_cap4386
 1.133313e-09 2.170509e-09 2.429730e-14 3.303846e-09 max_cap2020
 1.459892e-09 1.842430e-09 2.429730e-14 3.302346e-09 max_cap1141
 1.681599e-09 1.616195e-09 2.429730e-14 3.297817e-09 max_cap3129
 1.686395e-09 1.609233e-09 2.429730e-14 3.295652e-09 max_cap3232
 2.145444e-09 1.145646e-09 2.429730e-14 3.291114e-09 max_cap4318
 7.117962e-10 2.578651e-09 2.429730e-14 3.290471e-09 max_cap5442
 9.959097e-10 2.292164e-09 2.429730e-14 3.288098e-09 max_cap1940
 1.234105e-09 2.050158e-09 2.429730e-14 3.284288e-09 wire2422
 2.261002e-09 1.020416e-09 2.429730e-14 3.281442e-09 max_cap4310
 1.768172e-09 1.509843e-09 2.429730e-14 3.278039e-09 max_cap650
 1.283414e-09 1.993060e-09 2.429730e-14 3.276498e-09 wire4045
 1.952589e-09 1.323696e-09 2.429730e-14 3.276309e-09 max_cap72
 1.226466e-09 2.048058e-09 2.429730e-14 3.274549e-09 wire1577
 1.808572e-09 1.462792e-09 2.429730e-14 3.271388e-09 wire1479
 1.751954e-09 1.518432e-09 2.429730e-14 3.270409e-09 max_cap1384
 1.639669e-09 1.627693e-09 2.429730e-14 3.267385e-09 max_cap4126
 1.406499e-09 1.856271e-09 6.806367e-14 3.262838e-09 wire3536
 1.326709e-09 1.935705e-09 2.429730e-14 3.262439e-09 max_cap2866
 9.655693e-10 2.295944e-09 2.429730e-14 3.261538e-09 max_cap4998
 1.387897e-09 1.873451e-09 2.429730e-14 3.261371e-09 max_cap3185
 1.576879e-09 1.684112e-09 2.429730e-14 3.261015e-09 max_cap589
 1.113898e-09 2.145250e-09 2.429730e-14 3.259172e-09 max_cap2543
 1.059434e-09 2.197503e-09 7.237844e-14 3.257009e-09 max_cap5437
 1.965140e-09 1.290037e-09 2.429730e-14 3.255201e-09 max_cap4219
 1.508775e-09 1.745541e-09 2.429730e-14 3.254340e-09 wire1256
 1.308055e-09 1.945308e-09 2.429730e-14 3.253388e-09 max_cap4461
 1.351004e-09 1.902109e-09 2.429730e-14 3.253137e-09 wire2930
 1.474764e-09 1.776491e-09 2.429730e-14 3.251279e-09 max_cap447
 1.212301e-09 2.037887e-09 2.429730e-14 3.250212e-09 wire3701
 1.890796e-09 1.358670e-09 2.429730e-14 3.249491e-09 max_cap1013
 1.934826e-09 1.312154e-09 2.429730e-14 3.247004e-09 wire904
 1.371991e-09 1.873110e-09 2.429730e-14 3.245125e-09 max_cap3101
 1.213627e-09 2.026236e-09 2.429730e-14 3.239887e-09 wire2493
 1.560657e-09 1.678288e-09 2.429730e-14 3.238969e-09 wire873
 1.735157e-09 1.503456e-09 2.429730e-14 3.238638e-09 max_cap1499
 1.203280e-09 2.034888e-09 2.429730e-14 3.238192e-09 wire3705
 1.509881e-09 1.722372e-09 2.429730e-14 3.232277e-09 wire1257
 1.564168e-09 1.667379e-09 6.812229e-14 3.231615e-09 wire2362
 1.447291e-09 1.779716e-09 6.808670e-14 3.227075e-09 wire2742
 1.764126e-09 1.459737e-09 2.429730e-14 3.223887e-09 max_cap4333
 1.514886e-09 1.708059e-09 2.429730e-14 3.222969e-09 max_cap5118
 1.696148e-09 1.526229e-09 2.429730e-14 3.222401e-09 max_cap833
 8.700816e-10 2.348328e-09 2.429730e-14 3.218434e-09 max_cap3544
 9.952893e-10 2.221344e-09 6.785222e-14 3.216701e-09 max_cap324
 1.895153e-09 1.320959e-09 2.429730e-14 3.216136e-09 max_cap300
 1.610057e-09 1.605967e-09 2.429730e-14 3.216049e-09 max_cap3231
 1.945454e-09 1.269433e-09 2.429730e-14 3.214911e-09 max_cap694
 1.331444e-09 1.879745e-09 2.429730e-14 3.211213e-09 max_cap3657
 1.505198e-09 1.699262e-09 2.429730e-14 3.204484e-09 wire1264
 1.003309e-09 2.196081e-09 2.429730e-14 3.199414e-09 wire3946
 1.902845e-09 1.295898e-09 2.429730e-14 3.198767e-09 max_cap90
 1.505745e-09 1.691242e-09 2.429730e-14 3.197011e-09 max_cap652
 9.288173e-10 2.266539e-09 6.790038e-14 3.195424e-09 wire2515
 1.434930e-09 1.759897e-09 2.429730e-14 3.194851e-09 wire2009
 1.087018e-09 2.102597e-09 2.429730e-14 3.189639e-09 wire2539
 2.111231e-09 1.073400e-09 2.429730e-14 3.184655e-09 wire763
 7.816079e-10 2.402691e-09 2.429730e-14 3.184323e-09 wire1315
 1.053909e-09 2.129869e-09 2.429730e-14 3.183802e-09 max_cap4689
 1.906275e-09 1.274998e-09 2.429730e-14 3.181297e-09 max_cap97
 1.210536e-09 1.968893e-09 2.429730e-14 3.179454e-09 wire3703
 1.466753e-09 1.712270e-09 2.429730e-14 3.179047e-09 wire4307
 8.877160e-10 2.289350e-09 2.429730e-14 3.177090e-09 max_cap3541
 8.558847e-10 2.320354e-09 2.429730e-14 3.176263e-09 wire3731
 8.195502e-10 2.356279e-09 2.429730e-14 3.175853e-09 wire1790
 1.206449e-09 1.968719e-09 2.429730e-14 3.175192e-09 wire1578
 1.359684e-09 1.814741e-09 2.429730e-14 3.174449e-09 max_cap2929
 1.859769e-09 1.310410e-09 2.429730e-14 3.170203e-09 max_cap4113
 1.334352e-09 1.828125e-09 2.429730e-14 3.162502e-09 max_cap2871
 1.876993e-09 1.285428e-09 2.429730e-14 3.162445e-09 wire101
 1.227606e-09 1.931370e-09 2.429730e-14 3.159000e-09 max_cap3680
 8.190141e-10 2.339230e-09 2.429730e-14 3.158268e-09 max_cap4969
 2.042392e-09 1.115115e-09 2.429730e-14 3.157532e-09 max_cap4023
 1.528444e-09 1.628642e-09 2.429730e-14 3.157110e-09 wire1276
 1.503270e-09 1.653789e-09 2.429730e-14 3.157083e-09 wire1258
 1.784873e-09 1.369452e-09 2.429730e-14 3.154350e-09 max_cap3098
 1.065609e-09 2.086605e-09 2.429730e-14 3.152238e-09 max_cap3845
 1.215186e-09 1.933502e-09 2.429730e-14 3.148712e-09 max_cap1628
 1.948636e-09 1.199698e-09 2.429730e-14 3.148358e-09 max_cap4369
 1.506193e-09 1.640631e-09 2.429730e-14 3.146848e-09 wire1255
 1.079540e-09 2.065653e-09 2.429730e-14 3.145217e-09 max_cap5033
 1.058968e-09 2.084935e-09 2.429730e-14 3.143927e-09 max_cap3846
 8.468379e-10 2.295828e-09 7.824869e-14 3.142744e-09 max_cap850
 1.286882e-09 1.854118e-09 2.429730e-14 3.141024e-09 max_cap4093
 1.716746e-09 1.419602e-09 2.429730e-14 3.136373e-09 max_cap681
 1.298301e-09 1.837832e-09 2.429730e-14 3.136158e-09 max_cap3203
 1.000623e-09 2.132981e-09 2.429730e-14 3.133628e-09 wire2162
 1.479048e-09 1.651953e-09 2.429730e-14 3.131025e-09 wire1260
 1.673002e-09 1.453931e-09 2.429730e-14 3.126958e-09 wire1784
 7.207121e-10 2.405893e-09 2.429730e-14 3.126630e-09 max_cap5441
 1.551638e-09 1.574938e-09 2.429730e-14 3.126600e-09 max_cap4050
 2.960403e-09 1.631048e-10 1.371325e-13 3.123645e-09 output52
 1.416913e-09 1.702446e-09 2.429730e-14 3.119383e-09 max_cap1535
 1.331679e-09 1.781088e-09 2.429730e-14 3.112791e-09 max_cap3213
 1.789646e-09 1.322344e-09 2.429730e-14 3.112014e-09 max_cap1477
 1.236836e-09 1.873445e-09 6.797050e-14 3.110349e-09 wire2687
 2.918673e-09 1.898280e-10 1.626868e-13 3.108664e-09 output13
 9.030410e-10 2.204204e-09 2.429730e-14 3.107269e-09 wire2781
 1.624794e-09 1.482176e-09 2.429730e-14 3.106994e-09 max_cap2272
 8.234916e-10 2.280682e-09 2.429730e-14 3.104198e-09 wire1350
 1.745954e-09 1.356571e-09 2.429730e-14 3.102549e-09 max_cap1592
 1.545272e-09 1.556387e-09 6.812229e-14 3.101728e-09 wire2364
 1.510019e-09 1.589020e-09 2.429730e-14 3.099064e-09 wire1253
 1.476570e-09 1.620498e-09 2.429730e-14 3.097092e-09 max_cap4043
 2.067207e-09 1.027832e-09 2.429730e-14 3.095064e-09 max_cap4338
 7.124925e-10 2.377342e-09 2.429730e-14 3.089858e-09 max_cap3374
 1.508553e-09 1.580872e-09 2.429730e-14 3.089449e-09 wire1252
 1.506080e-09 1.581637e-09 2.429730e-14 3.087741e-09 wire1263
 2.004421e-09 1.082154e-09 2.429730e-14 3.086600e-09 max_cap4249
 8.518892e-10 2.233149e-09 2.429730e-14 3.085062e-09 wire3774
 7.856508e-10 2.295864e-09 2.429730e-14 3.081539e-09 wire1233
 1.060701e-09 2.016654e-09 2.429730e-14 3.077379e-09 max_cap3854
 1.460288e-09 1.615258e-09 2.429730e-14 3.075570e-09 max_cap2704
 1.539362e-09 1.534965e-09 2.429730e-14 3.074351e-09 max_cap3887
 7.707157e-10 2.302621e-09 2.429730e-14 3.073361e-09 wire3297
 8.970875e-10 2.172110e-09 2.429730e-14 3.069222e-09 wire3535
 8.437905e-10 2.220927e-09 2.429730e-14 3.064741e-09 wire3779
 1.821778e-09 1.241604e-09 2.429730e-14 3.063406e-09 max_cap2535
 1.936129e-09 1.125630e-09 2.429730e-14 3.061783e-09 wire903
 1.260262e-09 1.795422e-09 2.429730e-14 3.055708e-09 max_cap2819
 1.842541e-09 1.212310e-09 2.429730e-14 3.054875e-09 max_cap4220
 9.970402e-10 2.056905e-09 2.429730e-14 3.053969e-09 max_cap3951
 1.424569e-09 1.625332e-09 2.429730e-14 3.049925e-09 wire3597
 1.931768e-09 1.115921e-09 2.429730e-14 3.047713e-09 max_cap182
 1.980680e-09 1.065017e-09 2.429730e-14 3.045720e-09 max_cap4260
 1.093550e-09 1.946310e-09 2.429730e-14 3.039884e-09 wire2541
 1.396640e-09 1.641743e-09 2.429730e-14 3.038408e-09 max_cap3107
 1.506404e-09 1.531224e-09 2.429730e-14 3.037653e-09 wire1254
 1.594049e-09 1.442419e-09 2.429730e-14 3.036492e-09 max_cap2277
 1.380761e-09 1.652059e-09 2.429730e-14 3.032844e-09 max_cap3772
 6.691654e-10 2.363530e-09 2.429730e-14 3.032720e-09 max_cap3445
 1.916067e-09 1.116288e-09 2.429730e-14 3.032379e-09 max_cap1160
 1.692705e-09 1.334822e-09 2.429730e-14 3.027551e-09 max_cap584
 8.502009e-10 2.176324e-09 2.429730e-14 3.026549e-09 wire3724
 1.532594e-09 1.493614e-09 2.429730e-14 3.026232e-09 wire3882
 1.242045e-09 1.780222e-09 2.429730e-14 3.022291e-09 max_cap1756
 1.597561e-09 1.422202e-09 2.429730e-14 3.019787e-09 max_cap3190
 1.002877e-09 2.016805e-09 2.429730e-14 3.019707e-09 wire2166
 1.215038e-09 1.802949e-09 2.429730e-14 3.018011e-09 wire3700
 1.879044e-09 1.138685e-09 2.429730e-14 3.017753e-09 max_cap88
 1.330720e-09 1.686835e-09 2.429730e-14 3.017579e-09 max_cap1323
 1.507289e-09 1.509082e-09 2.429730e-14 3.016396e-09 wire1262
 8.276178e-10 2.186468e-09 2.429730e-14 3.014110e-09 wire1789
 1.404091e-09 1.606420e-09 2.429730e-14 3.010534e-09 max_cap3768
 9.572894e-10 2.053193e-09 2.429730e-14 3.010506e-09 max_cap4997
 1.801376e-09 1.204873e-09 2.429730e-14 3.006273e-09 max_cap4202
 1.175126e-09 1.830013e-09 2.429730e-14 3.005163e-09 max_cap2631
 1.884843e-09 1.118575e-09 2.429730e-14 3.003442e-09 max_cap2506
 1.700883e-09 1.300751e-09 2.429730e-14 3.001658e-09 max_cap4130
 1.196150e-09 1.802201e-09 2.429730e-14 2.998375e-09 max_cap4688
 1.404129e-09 1.592971e-09 2.429730e-14 2.997124e-09 max_cap3479
 1.296297e-09 1.697013e-09 2.429730e-14 2.993334e-09 wire1466
 1.063240e-09 1.923506e-09 2.429730e-14 2.986770e-09 max_cap3850
 1.297348e-09 1.688960e-09 2.429730e-14 2.986332e-09 max_cap5013
 9.951872e-10 1.990648e-09 2.429730e-14 2.985860e-09 max_cap1943
 6.911544e-10 2.294542e-09 2.429730e-14 2.985720e-09 max_cap5443
 1.922693e-09 1.059280e-09 2.429730e-14 2.981997e-09 wire77
 6.494505e-10 2.331777e-09 2.429730e-14 2.981252e-09 max_cap2111
 1.759669e-09 1.215331e-09 2.429730e-14 2.975024e-09 wire2347
 1.885395e-09 1.087344e-09 2.429730e-14 2.972762e-09 max_cap148
 1.385637e-09 1.586343e-09 2.429730e-14 2.972004e-09 wire2125
 1.845761e-09 1.122254e-09 2.429730e-14 2.968039e-09 wire102
 9.799385e-10 1.987446e-09 2.429730e-14 2.967409e-09 max_cap3500
 8.383593e-10 2.126235e-09 6.992691e-14 2.964664e-09 max_cap4830
 1.946059e-09 1.017469e-09 2.429730e-14 2.963552e-09 max_cap3103
 7.672051e-10 2.195403e-09 2.429730e-14 2.962632e-09 wire3295
 9.907951e-10 1.958531e-09 2.429730e-14 2.949350e-09 wire3499
 4.884950e-10 2.458833e-09 2.429730e-14 2.947353e-09 wire1343
 6.952386e-10 2.251510e-09 2.429730e-14 2.946773e-09 wire2850
 1.620774e-09 1.324718e-09 2.429730e-14 2.945516e-09 max_cap4049
 1.248427e-09 1.696775e-09 7.369631e-14 2.945276e-09 max_cap4697
 1.552761e-09 1.391518e-09 2.429730e-14 2.944303e-09 wire879
 1.742101e-09 1.198488e-09 2.429730e-14 2.940612e-09 wire2349
 1.400968e-09 1.529987e-09 2.429730e-14 2.930979e-09 wire2123
 1.548283e-09 1.380525e-09 2.429730e-14 2.928832e-09 wire878
 1.002807e-09 1.925308e-09 2.429730e-14 2.928139e-09 wire2163
 1.232315e-09 1.695063e-09 2.429730e-14 2.927403e-09 wire2490
 8.532025e-10 2.065835e-09 2.429730e-14 2.919061e-09 wire3777
 7.498707e-10 2.167732e-09 2.429730e-14 2.917626e-09 wire3384
 8.767420e-10 2.035750e-09 2.429730e-14 2.912516e-09 wire3539
 1.847470e-09 1.057229e-09 2.429730e-14 2.904723e-09 wire4273
 1.383763e-09 1.513841e-09 2.429730e-14 2.897628e-09 wire3769
 1.436176e-09 1.460446e-09 2.429730e-14 2.896646e-09 max_cap1534
 1.887319e-09 1.006987e-09 2.429730e-14 2.894330e-09 max_cap4090
 1.359686e-09 1.525243e-09 2.429730e-14 2.884953e-09 max_cap3214
 1.343193e-09 1.537403e-09 2.429730e-14 2.880620e-09 wire2926
 1.733843e-09 1.144435e-09 2.429730e-14 2.878302e-09 max_cap2410
 7.512234e-10 2.124827e-09 2.429730e-14 2.876074e-09 wire3388
 8.558082e-10 2.018753e-09 2.429730e-14 2.874586e-09 wire3729
 1.269544e-09 1.603078e-09 2.429730e-14 2.872646e-09 wire1493
 1.353456e-09 1.518181e-09 2.429730e-14 2.871661e-09 max_cap3175
 1.276112e-09 1.593196e-09 2.429730e-14 2.869332e-09 max_cap591
 1.737495e-09 1.129170e-09 2.429730e-14 2.866689e-09 max_cap3159
 1.874231e-09 9.918087e-10 2.429730e-14 2.866064e-09 max_cap185
 1.257619e-09 1.602898e-09 2.429730e-14 2.860541e-09 max_cap3123
 1.278935e-09 1.580338e-09 2.429730e-14 2.859297e-09 max_cap4094
 7.673379e-10 2.091717e-09 2.429730e-14 2.859079e-09 wire2689
 1.219765e-09 1.638867e-09 2.429730e-14 2.858656e-09 wire2489
 1.551929e-09 1.304396e-09 2.429730e-14 2.856350e-09 wire875
 1.570058e-09 1.286254e-09 2.429730e-14 2.856336e-09 max_cap4047
 1.540090e-09 1.315306e-09 2.429730e-14 2.855421e-09 max_cap3113
 1.029004e-09 1.821286e-09 2.429730e-14 2.850314e-09 wire2801
 1.800373e-09 1.047824e-09 2.429730e-14 2.848222e-09 max_cap1486
 1.024653e-09 1.822743e-09 2.429730e-14 2.847421e-09 wire2800
 1.723255e-09 1.122667e-09 2.429730e-14 2.845946e-09 max_cap4304
 9.249161e-10 1.920325e-09 2.429730e-14 2.845266e-09 wire1495
 1.634360e-09 1.209904e-09 2.429730e-14 2.844288e-09 max_cap3117
 1.284506e-09 1.559648e-09 2.429730e-14 2.844179e-09 wire2826
 1.214684e-09 1.628769e-09 2.429730e-14 2.843478e-09 wire2424
 8.208932e-10 2.021375e-09 2.429730e-14 2.842292e-09 wire1795
 5.702065e-10 2.270219e-09 2.429730e-14 2.840450e-09 wire2521
 1.895125e-09 9.444386e-10 2.429730e-14 2.839588e-09 wire195
 1.610480e-09 1.228123e-09 2.429730e-14 2.838627e-09 max_cap434
 1.358405e-09 1.479389e-09 2.429730e-14 2.837818e-09 max_cap4422
 1.395829e-09 1.438910e-09 2.429730e-14 2.834763e-09 wire2124
 1.482051e-09 1.350603e-09 2.429730e-14 2.832678e-09 max_cap2031
 1.211937e-09 1.617741e-09 2.429730e-14 2.829702e-09 max_cap3105
 1.284928e-09 1.540867e-09 2.429730e-14 2.825818e-09 wire1522
 7.672629e-10 2.057392e-09 2.429730e-14 2.824679e-09 wire3299
 1.859533e-09 9.611317e-10 2.429730e-14 2.820689e-09 max_cap4022
 5.557809e-10 2.264451e-09 2.429730e-14 2.820256e-09 wire1967
 1.086213e-09 1.728102e-09 6.791190e-14 2.814383e-09 wire1822
 1.332155e-09 1.481260e-09 2.429730e-14 2.813439e-09 max_cap290
 1.267670e-09 1.539176e-09 2.429730e-14 2.806870e-09 max_cap571
 6.752744e-10 2.130336e-09 2.429730e-14 2.805634e-09 wire1823
 1.020935e-09 1.782694e-09 6.788362e-14 2.803697e-09 wire3430
 8.328800e-10 1.966941e-09 2.429730e-14 2.799845e-09 max_cap1792
 1.261943e-09 1.534113e-09 2.429730e-14 2.796080e-09 wire1491
 7.654370e-10 2.030478e-09 2.429730e-14 2.795940e-09 max_cap3300
 9.716107e-10 1.824231e-09 2.429730e-14 2.795866e-09 wire2367
 1.767952e-09 1.027083e-09 2.429730e-14 2.795059e-09 max_cap1537
 7.098132e-10 2.085081e-09 2.429730e-14 2.794918e-09 wire4869
 1.474405e-09 1.318261e-09 2.429730e-14 2.792690e-09 wire2005
 1.024499e-09 1.767343e-09 2.429730e-14 2.791867e-09 wire2799
 1.552811e-09 1.237152e-09 2.429730e-14 2.789987e-09 wire2139
 1.290865e-09 1.497513e-09 2.429730e-14 2.788403e-09 wire1523
 8.510922e-10 1.932350e-09 2.429730e-14 2.783467e-09 wire3727
 8.846887e-10 1.893671e-09 2.429730e-14 2.778384e-09 wire2746
 1.281494e-09 1.494966e-09 2.429730e-14 2.776485e-09 max_cap4046
 1.644457e-09 1.131987e-09 2.429730e-14 2.776468e-09 max_cap1785
 1.271743e-09 1.499682e-09 2.429730e-14 2.771449e-09 wire1467
 8.530082e-10 1.915166e-09 2.429730e-14 2.768199e-09 max_cap3781
 6.967725e-10 2.069499e-09 2.429730e-14 2.766295e-09 max_cap4768
 1.255711e-09 1.505539e-09 2.429730e-14 2.761274e-09 wire2821
 7.765195e-10 1.981925e-09 2.429730e-14 2.758468e-09 max_cap2690
 7.273874e-10 2.027214e-09 2.429730e-14 2.754625e-09 max_cap4684
 1.013399e-09 1.735744e-09 2.429730e-14 2.749167e-09 wire2904
 9.735965e-10 1.765100e-09 2.429730e-14 2.738721e-09 wire2365
 7.567959e-10 1.976347e-09 2.429730e-14 2.733167e-09 wire5422
 1.226050e-09 1.501826e-09 2.429730e-14 2.727901e-09 max_cap593
 1.160735e-09 1.566641e-09 2.429730e-14 2.727399e-09 max_cap2039
 1.030255e-09 1.696031e-09 2.429730e-14 2.726310e-09 max_cap2902
 1.709905e-09 1.013714e-09 2.429730e-14 2.723643e-09 max_cap4132
 8.543940e-10 1.861346e-09 2.429730e-14 2.715764e-09 max_cap3733
 9.927207e-10 1.722286e-09 2.429730e-14 2.715031e-09 max_cap2030
 5.135368e-10 2.200722e-09 2.429730e-14 2.714283e-09 max_cap849
 6.941669e-10 2.017997e-09 2.429730e-14 2.712188e-09 wire4843
 1.827966e-09 8.840236e-10 2.429730e-14 2.712014e-09 max_cap839
 1.551397e-09 1.160498e-09 2.429730e-14 2.711920e-09 wire876
 9.018465e-10 1.809310e-09 2.429730e-14 2.711181e-09 max_cap1382
 1.007659e-09 1.699473e-09 2.429730e-14 2.707156e-09 wire2167
 1.258031e-09 1.448730e-09 2.429730e-14 2.706785e-09 wire1492
 2.292682e-09 4.137972e-10 1.360937e-13 2.706615e-09 output57
 6.835946e-10 2.020962e-09 2.429730e-14 2.704581e-09 wire2852
 8.479028e-10 1.856452e-09 2.429730e-14 2.704379e-09 wire3775
 7.272825e-10 1.976032e-09 2.429730e-14 2.703339e-09 max_cap2919
 8.781458e-10 1.819636e-09 2.429730e-14 2.697806e-09 wire3543
 1.587477e-09 1.109139e-09 2.429730e-14 2.696640e-09 max_cap2069
 1.502582e-09 1.192786e-09 2.429730e-14 2.695392e-09 wire1261
 7.038141e-10 1.991445e-09 2.429730e-14 2.695283e-09 wire4953
 1.805023e-09 8.899969e-10 2.429730e-14 2.695044e-09 max_cap1478
 1.009771e-09 1.684163e-09 2.429730e-14 2.693957e-09 wire2164
 9.180065e-10 1.771069e-09 2.429730e-14 2.689099e-09 wire1872
 6.374033e-10 2.050413e-09 2.429730e-14 2.687840e-09 wire3427
 1.514682e-09 1.169452e-09 2.429730e-14 2.684158e-09 wire880
 8.116461e-10 1.871212e-09 2.429730e-14 2.682883e-09 wire5429
 7.451050e-10 1.936505e-09 2.429730e-14 2.681634e-09 max_cap3392
 7.267349e-10 1.952311e-09 2.429730e-14 2.679070e-09 wire2913
 1.675565e-09 9.979639e-10 2.429730e-14 2.673553e-09 max_cap2814
 8.252469e-10 1.847426e-09 2.429730e-14 2.672697e-09 max_cap653
 1.279870e-09 1.391829e-09 2.429730e-14 2.671723e-09 max_cap4211
 8.509369e-10 1.819600e-09 2.429730e-14 2.670561e-09 wire3730
 1.867084e-09 8.004804e-10 2.429730e-14 2.667589e-09 wire1392
 8.548288e-10 1.812374e-09 2.429730e-14 2.667227e-09 wire3732
 1.500322e-09 1.157854e-09 2.429730e-14 2.658200e-09 wire1251
 1.356250e-09 1.295513e-09 2.429730e-14 2.651787e-09 max_cap674
 1.012220e-09 1.637169e-09 2.429730e-14 2.649413e-09 max_cap2908
 6.729804e-10 1.974005e-09 2.429730e-14 2.647010e-09 wire1616
 6.070165e-10 2.039929e-09 2.429730e-14 2.646970e-09 max_cap5045
 1.067157e-09 1.578168e-09 2.429730e-14 2.645348e-09 wire2962
 1.457633e-09 1.186116e-09 2.429730e-14 2.643773e-09 wire2008
 7.652429e-10 1.876618e-09 2.429730e-14 2.641885e-09 max_cap5423
 1.779671e-09 8.603308e-10 2.429730e-14 2.640026e-09 wire80
 1.499877e-09 1.139022e-09 2.429730e-14 2.638924e-09 max_cap446
 7.649374e-10 1.871304e-09 2.429730e-14 2.636266e-09 wire3296
 1.798148e-09 8.335798e-10 2.429730e-14 2.631752e-09 wire1496
 1.544195e-09 1.084773e-09 2.429730e-14 2.628992e-09 wire874
 6.341680e-10 1.992813e-09 2.429730e-14 2.627006e-09 max_cap3432
 1.734260e-09 8.917976e-10 2.429730e-14 2.626081e-09 max_cap2811
 1.565403e-09 1.055304e-09 2.429730e-14 2.620731e-09 max_cap671
 7.053279e-10 1.915276e-09 7.310594e-14 2.620677e-09 max_cap5438
 5.320577e-10 2.088272e-09 7.831568e-14 2.620408e-09 fanout4517
 6.336539e-10 1.985066e-09 2.429730e-14 2.618745e-09 max_cap2574
 1.012144e-09 1.602141e-09 2.429730e-14 2.614309e-09 wire2907
 2.241025e-09 3.721226e-10 1.354746e-13 2.613283e-09 output33
 1.734926e-09 8.756154e-10 2.429730e-14 2.610566e-09 max_cap2350
 1.052760e-09 1.551883e-09 2.429730e-14 2.604667e-09 wire985
 1.417688e-09 1.184114e-09 2.429730e-14 2.601826e-09 max_cap3600
 6.774754e-10 1.922442e-09 2.429730e-14 2.599942e-09 max_cap4767
 1.360877e-09 1.234601e-09 2.429730e-14 2.595502e-09 max_cap2925
 1.328225e-09 1.266766e-09 2.429730e-14 2.595015e-09 max_cap288
 9.913982e-10 1.602318e-09 2.429730e-14 2.593741e-09 max_cap2611
 9.595837e-10 1.633491e-09 2.429730e-14 2.593099e-09 wire2368
 9.972076e-10 1.595497e-09 2.429730e-14 2.592729e-09 max_cap1936
 8.401184e-10 1.750664e-09 2.429730e-14 2.590806e-09 wire1793
 9.263641e-10 1.661465e-09 2.429730e-14 2.587853e-09 max_cap830
 6.727673e-10 1.911609e-09 2.429730e-14 2.584400e-09 wire1622
 7.138563e-10 1.868514e-09 2.429730e-14 2.582395e-09 wire4982
 7.568763e-10 1.821714e-09 2.429730e-14 2.578614e-09 max_cap4927
 7.447741e-10 1.831891e-09 2.429730e-14 2.576689e-09 wire1650
 6.779295e-10 1.894508e-09 2.429730e-14 2.572462e-09 wire1620
 1.470458e-09 1.098041e-09 2.429730e-14 2.568523e-09 wire2006
 6.786312e-10 1.889308e-09 2.429730e-14 2.567963e-09 wire1828
 9.106459e-10 1.656838e-09 2.429730e-14 2.567508e-09 wire1871
 1.702687e-09 8.603656e-10 2.429730e-14 2.563076e-09 max_cap3178
 8.476868e-10 1.714904e-09 2.429730e-14 2.562615e-09 wire3778
 1.098656e-09 1.461202e-09 2.429730e-14 2.559882e-09 max_cap4685
 1.541077e-09 1.014451e-09 2.429730e-14 2.555552e-09 wire877
 1.824101e-09 7.310200e-10 2.429730e-14 2.555145e-09 max_cap1739
 1.478109e-09 1.072705e-09 2.429730e-14 2.550838e-09 max_cap1282
 1.416943e-09 1.132983e-09 2.429730e-14 2.549950e-09 max_cap3200
 1.240615e-09 1.307181e-09 6.797050e-14 2.547864e-09 wire2686
 6.279715e-10 1.918877e-09 6.775383e-14 2.546916e-09 wire2605
 8.469315e-10 1.698680e-09 2.429730e-14 2.545635e-09 wire3782
 1.251796e-09 1.292306e-09 2.429730e-14 2.544127e-09 wire1525
 1.347771e-09 1.195507e-09 2.429730e-14 2.543302e-09 max_cap576
 7.463385e-10 1.796122e-09 2.429730e-14 2.542485e-09 wire3383
 1.082592e-09 1.455750e-09 2.429730e-14 2.538366e-09 wire2964
 9.063336e-10 1.631741e-09 2.429730e-14 2.538099e-09 max_cap2780
 1.467337e-09 1.070240e-09 2.429730e-14 2.537602e-09 wire2007
 1.298736e-09 1.236317e-09 2.429730e-14 2.535077e-09 max_cap4404
 8.792919e-10 1.655735e-09 2.429730e-14 2.535052e-09 max_cap3534
 7.482214e-10 1.786787e-09 2.429730e-14 2.535033e-09 wire3390
 6.787728e-10 1.853827e-09 2.429730e-14 2.532624e-09 wire1826
 8.616226e-10 1.664607e-09 2.429730e-14 2.526254e-09 max_cap651
 6.804108e-10 1.844367e-09 2.429730e-14 2.524802e-09 wire1824
 1.299193e-09 1.225112e-09 2.429730e-14 2.524330e-09 wire1463
 1.287285e-09 1.235841e-09 2.429730e-14 2.523149e-09 wire1520
 7.490869e-10 1.771506e-09 2.429730e-14 2.520617e-09 max_cap4926
 1.689489e-09 8.236400e-10 2.429730e-14 2.513153e-09 max_cap2191
 6.548296e-10 1.854050e-09 2.429730e-14 2.508904e-09 max_cap5109
 1.223077e-09 1.285538e-09 2.429730e-14 2.508640e-09 max_cap2421
 1.284868e-09 1.221723e-09 2.429730e-14 2.506615e-09 wire1519
 1.220014e-09 1.285871e-09 2.429730e-14 2.505909e-09 max_cap2425
 9.898965e-10 1.515892e-09 2.429730e-14 2.505813e-09 wire2244
 1.279877e-09 1.224806e-09 2.429730e-14 2.504708e-09 max_cap1584
 7.243638e-10 1.779573e-09 2.429730e-14 2.503961e-09 wire2918
 7.666133e-10 1.733834e-09 2.429730e-14 2.500471e-09 max_cap4885
 1.080533e-09 1.418772e-09 2.429730e-14 2.499329e-09 max_cap2963
 1.266624e-09 1.228468e-09 2.429730e-14 2.495116e-09 max_cap1468
 1.238354e-09 1.256142e-09 2.429730e-14 2.494520e-09 wire3822
 1.212369e-09 1.280060e-09 2.429730e-14 2.492454e-09 max_cap4787
 6.749890e-10 1.817173e-09 2.429730e-14 2.492187e-09 wire1617
 1.283248e-09 1.208485e-09 2.429730e-14 2.491758e-09 wire1524
 1.535993e-09 9.555173e-10 2.429730e-14 2.491535e-09 max_cap4131
 1.013337e-09 1.477354e-09 2.429730e-14 2.490715e-09 wire2803
 1.286071e-09 1.198610e-09 2.429730e-14 2.484706e-09 wire1517
 9.070262e-10 1.575897e-09 2.429730e-14 2.482948e-09 max_cap1876
 1.184163e-09 1.290929e-09 2.429730e-14 2.475117e-09 max_cap655
 1.466894e-09 9.981062e-10 2.429730e-14 2.465024e-09 max_cap1266
 5.835348e-10 1.880243e-09 2.429730e-14 2.463802e-09 max_cap5011
 1.154084e-09 1.308966e-09 2.429730e-14 2.463074e-09 max_cap1353
 1.463504e-09 9.985813e-10 2.429730e-14 2.462109e-09 max_cap1089
 6.077934e-10 1.852302e-09 2.429730e-14 2.460119e-09 wire3290
 6.052816e-10 1.854047e-09 2.429730e-14 2.459353e-09 wire3289
 1.086643e-09 1.371682e-09 2.429730e-14 2.458349e-09 wire2966
 6.783925e-10 1.777187e-09 6.777581e-14 2.455647e-09 wire2002
 1.516972e-09 9.374994e-10 2.429730e-14 2.454495e-09 max_cap585
 1.297216e-09 1.156385e-09 2.429730e-14 2.453625e-09 max_cap1464
 1.254787e-09 1.197730e-09 2.429730e-14 2.452541e-09 wire1490
 1.577366e-09 8.707003e-10 2.429730e-14 2.448090e-09 max_cap433
 1.284016e-09 1.163123e-09 2.429730e-14 2.447164e-09 wire1518
 1.260770e-09 1.186139e-09 2.429730e-14 2.446933e-09 wire3821
 1.228887e-09 1.217828e-09 2.429730e-14 2.446739e-09 max_cap2423
 1.285679e-09 1.157854e-09 2.429730e-14 2.443558e-09 wire1465
 8.056129e-10 1.635000e-09 2.429730e-14 2.440637e-09 max_cap821
 1.210740e-09 1.229058e-09 2.429730e-14 2.439821e-09 wire3699
 1.174671e-09 1.261000e-09 2.429730e-14 2.435695e-09 wire1352
 6.740277e-10 1.761300e-09 2.429730e-14 2.435351e-09 wire1619
 3.271368e-10 2.107285e-09 2.429730e-14 2.434446e-09 wire1328
 9.686548e-10 1.463460e-09 2.429730e-14 2.432139e-09 wire2366
 9.267671e-10 1.503575e-09 2.429730e-14 2.430366e-09 wire1873
 8.378320e-10 1.590312e-09 2.429730e-14 2.428168e-09 wire3632
 6.400441e-10 1.787476e-09 2.429730e-14 2.427544e-09 max_cap3426
 6.779701e-10 1.747324e-09 2.429730e-14 2.425318e-09 wire1827
 7.299572e-10 1.692051e-09 2.429730e-14 2.422032e-09 wire2914
 8.195787e-10 1.600860e-09 2.429730e-14 2.420463e-09 wire3617
 1.277157e-09 1.143203e-09 2.429730e-14 2.420384e-09 wire1521
 8.817027e-10 1.538380e-09 2.429730e-14 2.420106e-09 max_cap1383
 6.964201e-10 1.720673e-09 2.429730e-14 2.417117e-09 wire2851
 1.035149e-09 1.378609e-09 2.429730e-14 2.413782e-09 wire3625
 9.972322e-10 1.410801e-09 2.429730e-14 2.408057e-09 max_cap3505
 1.586278e-09 8.157719e-10 2.429730e-14 2.402075e-09 max_cap3137
 9.592477e-10 1.442271e-09 2.429730e-14 2.401543e-09 max_cap2369
 6.741916e-10 1.726327e-09 2.429730e-14 2.400543e-09 wire3444
 6.806609e-10 1.719801e-09 2.429730e-14 2.400486e-09 max_cap1829
 1.354349e-09 1.040972e-09 2.429730e-14 2.395345e-09 max_cap289
 2.167599e-09 2.272403e-10 1.385017e-13 2.394978e-09 output58
 7.218829e-10 1.672581e-09 2.429730e-14 2.394488e-09 max_cap4667
 7.050734e-10 1.689145e-09 2.429730e-14 2.394243e-09 max_cap2847
 8.220966e-10 1.572059e-09 2.429730e-14 2.394180e-09 wire3633
 6.902506e-10 1.703747e-09 2.429730e-14 2.394022e-09 wire4939
 1.064274e-09 1.328428e-09 2.429730e-14 2.392726e-09 max_cap3086
 1.461499e-09 9.270534e-10 2.429730e-14 2.388576e-09 wire2004
 1.039578e-09 1.347002e-09 2.429730e-14 2.386604e-09 wire1201
 1.094380e-09 1.290165e-09 2.429730e-14 2.384569e-09 wire4267
 1.294081e-09 1.087340e-09 2.429730e-14 2.381445e-09 wire1462
 8.088830e-10 1.572361e-09 2.429730e-14 2.381268e-09 wire3615
 1.516223e-09 8.647945e-10 2.429730e-14 2.381042e-09 max_cap4445
 1.006067e-09 1.374257e-09 2.429730e-14 2.380349e-09 wire2169
 8.141989e-10 1.565788e-09 2.429730e-14 2.380011e-09 wire3464
 8.823104e-10 1.494716e-09 2.429730e-14 2.377050e-09 max_cap3542
 1.632661e-09 7.433866e-10 2.429730e-14 2.376072e-09 max_cap4435
 6.898612e-10 1.686013e-09 2.429730e-14 2.375898e-09 max_cap758
 5.311426e-10 1.843137e-09 2.429730e-14 2.374304e-09 fanout3275
 1.584110e-09 7.898869e-10 2.429730e-14 2.374021e-09 max_cap2067
 8.972312e-10 1.472411e-09 6.787316e-14 2.369710e-09 wire1966
 1.276897e-09 1.091155e-09 2.429730e-14 2.368076e-09 max_cap3204
 1.077423e-09 1.290220e-09 2.429730e-14 2.367668e-09 wire984
 6.759254e-10 1.688208e-09 2.429730e-14 2.364158e-09 max_cap1614
 7.510857e-10 1.612471e-09 2.429730e-14 2.363581e-09 wire3385
 7.654701e-10 1.597879e-09 2.429730e-14 2.363374e-09 wire3294
 1.006148e-09 1.355174e-09 2.429730e-14 2.361347e-09 max_cap2168
 1.176270e-09 1.184509e-09 2.429730e-14 2.360804e-09 wire2282
 1.020782e-09 1.330970e-09 2.429730e-14 2.351777e-09 wire2901
 6.336126e-10 1.717642e-09 2.429730e-14 2.351279e-09 wire3431
 6.799571e-10 1.667042e-09 2.429730e-14 2.347024e-09 wire3440
 5.241639e-10 1.819295e-09 7.081038e-14 2.343530e-09 fanout4881
 7.479218e-10 1.595098e-09 2.429730e-14 2.343044e-09 max_cap3391
 1.289316e-09 1.053342e-09 2.429730e-14 2.342683e-09 max_cap648
 1.009753e-09 1.332219e-09 2.429730e-14 2.341996e-09 max_cap2609
 6.594988e-10 1.681140e-09 2.429730e-14 2.340663e-09 max_cap5093
 9.862178e-10 1.354191e-09 2.429730e-14 2.340433e-09 wire811
 1.270901e-09 1.068733e-09 2.429730e-14 2.339658e-09 wire1583
 7.445823e-10 1.594050e-09 2.429730e-14 2.338657e-09 wire3386
 8.534586e-10 1.482240e-09 2.429730e-14 2.335723e-09 max_cap3726
 1.387372e-09 9.461703e-10 2.429730e-14 2.333566e-09 wire2122
 8.842541e-10 1.448777e-09 2.429730e-14 2.333056e-09 max_cap2747
 8.400413e-10 1.492777e-09 2.429730e-14 2.332843e-09 wire3635
 1.028172e-09 1.304263e-09 2.429730e-14 2.332459e-09 max_cap4129
 5.872159e-10 1.744428e-09 2.429730e-14 2.331668e-09 wire2842
 7.142053e-10 1.616599e-09 2.429730e-14 2.330828e-09 wire2920
 1.077246e-09 1.251347e-09 2.429730e-14 2.328618e-09 max_cap2961
 1.029243e-09 1.298793e-09 6.788362e-14 2.328104e-09 wire3429
 6.737687e-10 1.651742e-09 2.429730e-14 2.325535e-09 wire1615
 1.406142e-09 9.163965e-10 2.429730e-14 2.322563e-09 max_cap3184
 1.214169e-09 1.107842e-09 2.429730e-14 2.322036e-09 max_cap1494
 6.825406e-10 1.638810e-09 2.429730e-14 2.321375e-09 max_cap3442
 1.254153e-09 1.066965e-09 2.429730e-14 2.321143e-09 max_cap3087
 1.529845e-09 7.864375e-10 2.429730e-14 2.316307e-09 wire872
 1.003063e-09 1.312617e-09 2.429730e-14 2.315704e-09 max_cap2608
 6.790618e-10 1.634063e-09 2.429730e-14 2.313149e-09 wire3441
 8.109833e-10 1.501295e-09 2.429730e-14 2.312302e-09 wire3619
 8.101709e-10 1.501421e-09 2.429730e-14 2.311616e-09 wire3463
 7.986490e-10 1.506235e-09 6.782186e-14 2.304952e-09 wire3413
 9.359993e-10 1.368233e-09 2.429730e-14 2.304256e-09 max_cap1859
 8.120838e-10 1.491929e-09 2.429730e-14 2.304037e-09 wire3620
 7.417700e-10 1.561524e-09 2.429730e-14 2.303318e-09 max_cap4711
 7.350637e-10 1.567338e-09 2.429730e-14 2.302426e-09 max_cap4668
 5.971717e-10 1.701146e-09 2.429730e-14 2.298342e-09 max_cap2839
 7.906055e-10 1.501661e-09 2.429730e-14 2.292291e-09 max_cap495
 6.864242e-10 1.605653e-09 6.777581e-14 2.292145e-09 wire1998
 9.965022e-10 1.295553e-09 2.429730e-14 2.292080e-09 wire2161
 5.758102e-10 1.713648e-09 2.429730e-14 2.289482e-09 wire1733
 4.966891e-10 1.792466e-09 2.429730e-14 2.289179e-09 max_cap5440
 6.037873e-10 1.676969e-09 2.429730e-14 2.280781e-09 max_cap4857
 7.077390e-10 1.572638e-09 2.429730e-14 2.280401e-09 max_cap4911
 9.316014e-10 1.347009e-09 2.429730e-14 2.278635e-09 max_cap4205
 8.602346e-10 1.417322e-09 2.429730e-14 2.277581e-09 max_cap5425
 7.489390e-10 1.527605e-09 2.429730e-14 2.276568e-09 max_cap3389
 1.331404e-09 9.444964e-10 2.429730e-14 2.275925e-09 max_cap600
 1.065559e-09 1.205997e-09 2.429730e-14 2.271581e-09 max_cap2967
 1.361832e-09 9.039025e-10 2.429730e-14 2.265759e-09 max_cap2127
 1.037663e-09 1.226989e-09 2.429730e-14 2.264676e-09 wire1199
 1.322578e-09 9.403421e-10 2.429730e-14 2.262945e-09 max_cap4449
 1.152405e-09 1.109149e-09 2.429730e-14 2.261578e-09 max_cap3156
 1.414946e-09 8.463419e-10 2.429730e-14 2.261312e-09 max_cap3478
 1.258370e-09 1.001252e-09 2.429730e-14 2.259646e-09 wire1489
 1.263250e-09 9.952222e-10 2.429730e-14 2.258496e-09 wire2082
 1.105355e-09 1.148469e-09 2.429730e-14 2.253849e-09 wire4099
 6.099281e-10 1.639109e-09 2.429730e-14 2.249061e-09 max_cap3291
 8.152046e-10 1.433049e-09 2.429730e-14 2.248277e-09 max_cap756
 1.035072e-09 1.211057e-09 2.429730e-14 2.246152e-09 wire1200
 5.191096e-10 1.725672e-09 2.429730e-14 2.244806e-09 max_cap1309
 1.042379e-09 1.201497e-09 2.429730e-14 2.243900e-09 wire1196
 9.396433e-10 1.299907e-09 6.787211e-14 2.239618e-09 wire2840
 5.783340e-10 1.654843e-09 2.429730e-14 2.233202e-09 wire1770
 1.021074e-09 1.212045e-09 2.429730e-14 2.233143e-09 wire2903
 8.976484e-10 1.334183e-09 2.429730e-14 2.231855e-09 max_cap1381
 1.214930e-09 1.016135e-09 2.429730e-14 2.231089e-09 wire2281
 5.839345e-10 1.646956e-09 2.429730e-14 2.230915e-09 wire2841
 8.482888e-10 1.382340e-09 2.429730e-14 2.230653e-09 max_cap3776
 1.211702e-09 1.017363e-09 2.429730e-14 2.229089e-09 max_cap2084
 9.975671e-10 1.231386e-09 2.429730e-14 2.228977e-09 wire2165
 2.056312e-09 1.693031e-10 1.357894e-13 2.225750e-09 output28
 9.110528e-10 1.312561e-09 2.429730e-14 2.223638e-09 wire1870
 7.099147e-10 1.513547e-09 2.429730e-14 2.223486e-09 max_cap4655
 8.106621e-10 1.412010e-09 2.429730e-14 2.222696e-09 wire3462
 1.254345e-09 9.620421e-10 2.429730e-14 2.216412e-09 wire1514
 7.663617e-10 1.449234e-09 2.429730e-14 2.215619e-09 max_cap3298
 5.534137e-10 1.661266e-09 2.429730e-14 2.214704e-09 wire1944
 1.159045e-09 1.055210e-09 2.429730e-14 2.214279e-09 max_cap656
 7.254605e-10 1.488293e-09 2.429730e-14 2.213778e-09 max_cap2917
 1.160442e-09 1.051990e-09 2.429730e-14 2.212456e-09 wire1036
 1.189187e-09 1.021812e-09 2.429730e-14 2.211023e-09 max_cap1581
 7.026095e-10 1.506916e-09 2.429730e-14 2.209549e-09 max_cap757
 5.637361e-10 1.645049e-09 2.429730e-14 2.208809e-09 wire1968
 1.178839e-09 1.029005e-09 2.429730e-14 2.207867e-09 max_cap673
 9.882404e-10 1.218390e-09 2.429730e-14 2.206654e-09 wire2361
 1.244322e-09 9.616533e-10 2.429730e-14 2.205999e-09 max_cap2827
 2.450175e-10 1.954295e-09 7.832929e-14 2.199391e-09 wire3052
 8.083757e-10 1.390244e-09 2.429730e-14 2.198644e-09 max_cap3621
 1.039120e-09 1.157216e-09 2.429730e-14 2.196360e-09 wire1202
 1.248161e-09 9.469856e-10 2.429730e-14 2.195170e-09 wire1585
 7.096993e-10 1.483624e-09 2.429730e-14 2.193347e-09 max_cap4726
 1.023013e-09 1.164334e-09 2.429730e-14 2.187371e-09 wire2798
 8.471345e-10 1.338553e-09 2.429730e-14 2.185711e-09 max_cap4394
 5.058477e-10 1.678221e-09 2.429730e-14 2.184093e-09 wire1345
 1.036774e-09 1.146783e-09 2.429730e-14 2.183581e-09 wire1195
 1.050479e-09 1.129251e-09 2.429730e-14 2.179753e-09 max_cap986
 6.943462e-10 1.482011e-09 2.429730e-14 2.176381e-09 wire2849
 1.279178e-09 8.967034e-10 2.429730e-14 2.175905e-09 wire1516
 1.403958e-09 7.684379e-10 2.429730e-14 2.172420e-09 max_cap4089
 1.417315e-09 7.547752e-10 2.429730e-14 2.172114e-09 max_cap2010
 8.223922e-10 1.348874e-09 2.429730e-14 2.171291e-09 max_cap3636
 9.292429e-10 1.236428e-09 6.785850e-14 2.165739e-09 wire1957
 6.583082e-10 1.507200e-09 2.429730e-14 2.165532e-09 max_cap5061
 6.937310e-10 1.468054e-09 2.429730e-14 2.161810e-09 wire4844
 8.094357e-10 1.349339e-09 2.429730e-14 2.158799e-09 wire3616
 5.674587e-10 1.590183e-09 2.429730e-14 2.157666e-09 wire1973
 1.213983e-09 9.407883e-10 2.429730e-14 2.154795e-09 wire1627
 9.117143e-10 1.236068e-09 2.429730e-14 2.147806e-09 wire1875
 1.949011e-09 1.922464e-10 1.369699e-13 2.141394e-09 output60
 8.083868e-10 1.329332e-09 2.429730e-14 2.137743e-09 wire3466
 2.041278e-09 9.163947e-11 1.396402e-13 2.133057e-09 output41
 1.399189e-09 7.332324e-10 2.429730e-14 2.132445e-09 wire1533
 1.088913e-09 1.043006e-09 2.429730e-14 2.131944e-09 max_cap2544
 8.209928e-10 1.310540e-09 2.429730e-14 2.131557e-09 max_cap1791
 6.132667e-10 1.516413e-09 2.429730e-14 2.129703e-09 max_cap646
 7.431848e-10 1.385941e-09 2.429730e-14 2.129150e-09 wire4813
 1.194464e-09 9.345856e-10 2.429730e-14 2.129074e-09 wire1626
 3.897817e-10 1.738998e-09 2.429730e-14 2.128804e-09 max_cap2602
 1.019934e-09 1.107743e-09 2.429730e-14 2.127701e-09 wire1203
 5.618295e-10 1.562947e-09 2.429730e-14 2.124801e-09 wire1972
 1.306639e-09 8.156802e-10 2.429730e-14 2.122344e-09 wire1370
 7.197618e-10 1.401992e-09 2.429730e-14 2.121777e-09 max_cap4727
 7.280554e-10 1.392567e-09 2.429730e-14 2.120647e-09 max_cap2916
 5.912570e-10 1.527209e-09 2.429730e-14 2.118490e-09 max_cap5031
 7.217940e-10 1.395947e-09 2.429730e-14 2.117766e-09 max_cap666
 1.353445e-09 7.620599e-10 2.429730e-14 2.115530e-09 max_cap287
 1.305242e-09 8.053940e-10 2.429730e-14 2.110660e-09 wire1369
 5.460116e-10 1.559347e-09 2.429730e-14 2.105383e-09 wire2765
 1.234234e-09 8.706794e-10 2.429730e-14 2.104937e-09 max_cap3104
 1.179629e-09 9.188960e-10 2.429730e-14 2.098549e-09 max_cap3155
 1.146183e-09 9.495416e-10 2.429730e-14 2.095749e-09 max_cap2019
 1.206055e-09 8.867450e-10 2.429730e-14 2.092824e-09 wire2119
 5.420284e-10 1.550453e-09 2.429730e-14 2.092505e-09 wire2764
 1.047416e-09 1.043401e-09 2.429730e-14 2.090841e-09 wire969
 1.305429e-09 7.847705e-10 2.429730e-14 2.090224e-09 wire1372
 1.336436e-09 7.528862e-10 2.429730e-14 2.089346e-09 max_cap1322
 7.461120e-10 1.342136e-09 2.429730e-14 2.088272e-09 wire3387
 1.384375e-09 7.023212e-10 2.429730e-14 2.086720e-09 max_cap4421
 1.050762e-09 1.035770e-09 2.429730e-14 2.086556e-09 wire3624
 6.751388e-10 1.410728e-09 2.429730e-14 2.085891e-09 wire1613
 1.138016e-09 9.471726e-10 2.429730e-14 2.085213e-09 max_cap2216
 1.836265e-09 2.470448e-10 1.374945e-13 2.083448e-09 output35
 1.028503e-09 1.052760e-09 2.429730e-14 2.081287e-09 wire1639
 9.570650e-10 1.124187e-09 2.429730e-14 2.081276e-09 wire1285
 1.258167e-09 8.191080e-10 2.429730e-14 2.077299e-09 max_cap2825
 5.870958e-10 1.488056e-09 2.429730e-14 2.075176e-09 wire1961
 5.030434e-10 1.571041e-09 2.429730e-14 2.074108e-09 max_cap2511
 4.993573e-10 1.574677e-09 2.429730e-14 2.074059e-09 max_cap5439
 1.036800e-09 1.035900e-09 2.429730e-14 2.072725e-09 wire3626
 1.013075e-09 1.056635e-09 2.429730e-14 2.069734e-09 wire1423
 5.781873e-10 1.490478e-09 2.429730e-14 2.068689e-09 wire1963
 6.786717e-10 1.388112e-09 2.429730e-14 2.066808e-09 wire3443
 1.039842e-09 1.026512e-09 2.429730e-14 2.066378e-09 max_cap3181
 1.304949e-09 7.604187e-10 2.429730e-14 2.065392e-09 wire1371
 8.247246e-10 1.240338e-09 2.429730e-14 2.065087e-09 max_cap1378
 6.996562e-10 1.364604e-09 2.429730e-14 2.064284e-09 max_cap4910
 1.273300e-09 7.878065e-10 2.429730e-14 2.061131e-09 wire1373
 6.734290e-10 1.385168e-09 2.429730e-14 2.058621e-09 max_cap1621
 5.626911e-10 1.492363e-09 2.429730e-14 2.055079e-09 max_cap1971
 1.092300e-09 9.589056e-10 2.429730e-14 2.051230e-09 max_cap3263
 5.158341e-10 1.533999e-09 2.429730e-14 2.049857e-09 wire3721
 1.039411e-09 1.006548e-09 2.429730e-14 2.045983e-09 wire1197
 1.084136e-09 9.609660e-10 2.429730e-14 2.045126e-09 wire66
 5.850168e-10 1.459910e-09 2.429730e-14 2.044951e-09 wire2838
 8.120602e-10 1.230104e-09 2.429730e-14 2.042188e-09 max_cap3465
 1.357348e-09 6.838741e-10 2.429730e-14 2.041246e-09 wire1320
 6.175054e-10 1.421151e-09 2.429730e-14 2.038680e-09 wire3608
 1.271836e-09 7.666077e-10 2.429730e-14 2.038468e-09 max_cap3122
 6.745372e-10 1.360576e-09 2.429730e-14 2.035137e-09 wire1618
 9.734636e-10 1.056802e-09 2.429730e-14 2.030290e-09 max_cap3506
 7.194093e-10 1.310491e-09 2.429730e-14 2.029924e-09 max_cap4683
 1.084968e-09 9.432253e-10 2.429730e-14 2.028218e-09 max_cap3085
 9.951828e-10 1.032358e-09 2.429730e-14 2.027565e-09 max_cap2610
 1.253017e-09 7.688579e-10 2.429730e-14 2.021899e-09 max_cap2083
 1.782062e-09 2.364061e-10 1.351126e-13 2.018603e-09 output34
 8.377133e-10 1.175535e-09 2.429730e-14 2.013272e-09 wire3634
 1.204595e-09 8.084092e-10 2.429730e-14 2.013028e-09 max_cap2120
 8.381781e-10 1.173249e-09 2.429730e-14 2.011452e-09 max_cap973
 7.624288e-10 1.242052e-09 2.429730e-14 2.004505e-09 max_cap5078
 1.032680e-09 9.659314e-10 2.429730e-14 1.998636e-09 wire1198
 5.418408e-10 1.456007e-09 2.429730e-14 1.997872e-09 wire4797
 1.007612e-09 9.900731e-10 2.429730e-14 1.997710e-09 max_cap1640
 9.913552e-10 1.005136e-09 2.429730e-14 1.996515e-09 max_cap810
 7.664872e-10 1.229949e-09 2.429730e-14 1.996460e-09 wire2692
 1.034375e-09 9.600933e-10 2.429730e-14 1.994492e-09 wire1194
 8.520946e-10 1.142328e-09 2.429730e-14 1.994447e-09 max_cap3728
 1.341912e-09 6.508704e-10 2.429730e-14 1.992806e-09 max_cap2928
 1.303013e-09 6.894149e-10 2.429730e-14 1.992452e-09 wire1368
 4.677178e-10 1.522258e-09 2.429730e-14 1.990000e-09 wire2269
 9.518267e-10 1.037951e-09 2.429730e-14 1.989801e-09 max_cap654
 7.254521e-10 1.261263e-09 2.429730e-14 1.986739e-09 max_cap636
 6.089286e-10 1.371305e-09 2.429730e-14 1.980258e-09 wire3288
 8.865161e-10 1.081812e-09 2.429730e-14 1.968353e-09 max_cap1380
 8.286190e-10 1.135102e-09 2.429730e-14 1.963745e-09 max_cap1794
 5.625679e-10 1.400466e-09 2.429730e-14 1.963057e-09 wire1970
 5.658068e-10 1.396365e-09 2.429730e-14 1.962196e-09 max_cap4897
 7.250733e-10 1.236707e-09 2.429730e-14 1.961804e-09 wire1740
 9.728663e-10 9.863146e-10 2.429730e-14 1.959205e-09 max_cap641
 5.043421e-10 1.450102e-09 2.429730e-14 1.954468e-09 max_cap2509
 5.868366e-10 1.365689e-09 2.429730e-14 1.952550e-09 wire2837
 8.489224e-10 1.102270e-09 2.429730e-14 1.951217e-09 max_cap743
 1.058079e-09 8.915458e-10 2.429730e-14 1.949650e-09 wire974
 4.753925e-10 1.473114e-09 6.768789e-14 1.948574e-09 wire2665
 1.055654e-09 8.924948e-10 2.429730e-14 1.948173e-09 max_cap1418
 4.925835e-10 1.454978e-09 7.832405e-14 1.947640e-09 max_cap1407
 1.003973e-09 9.426889e-10 2.429730e-14 1.946687e-09 max_cap2029
 8.365307e-10 1.109038e-09 2.429730e-14 1.945593e-09 wire3631
 6.204674e-10 1.324836e-09 7.101763e-14 1.945374e-09 max_cap4737
 8.714259e-10 1.071636e-09 6.783862e-14 1.943130e-09 wire2763
 7.646733e-10 1.178032e-09 2.429730e-14 1.942730e-09 wire2417
 6.899786e-10 1.252328e-09 2.429730e-14 1.942331e-09 max_cap4940
 5.093284e-10 1.432868e-09 6.770672e-14 1.942264e-09 wire2725
 7.736622e-10 1.164285e-09 2.429730e-14 1.937972e-09 max_cap2691
 6.549947e-10 1.280590e-09 2.429730e-14 1.935609e-09 max_cap5108
 4.535571e-10 1.482013e-09 2.429730e-14 1.935594e-09 wire4740
 5.801974e-10 1.354950e-09 2.429730e-14 1.935172e-09 wire1958
 1.310351e-09 6.184709e-10 2.429730e-14 1.928846e-09 wire1321
 7.495729e-10 1.176935e-09 2.429730e-14 1.926532e-09 max_cap2101
 5.891979e-10 1.337254e-09 2.429730e-14 1.926476e-09 wire2844
 7.287974e-10 1.196468e-09 2.429730e-14 1.925289e-09 max_cap2915
 8.600202e-10 1.064787e-09 2.429730e-14 1.924831e-09 wire823
 9.771685e-10 9.474443e-10 2.429730e-14 1.924637e-09 max_cap2246
 6.333880e-10 1.280866e-09 6.775383e-14 1.914322e-09 max_cap2604
 5.199207e-10 1.393158e-09 7.827904e-14 1.913157e-09 max_cap165
 8.492843e-10 1.062938e-09 2.429730e-14 1.912247e-09 max_cap828
 6.492299e-10 1.258615e-09 2.429730e-14 1.907869e-09 max_cap1376
 1.154962e-09 7.517798e-10 2.429730e-14 1.906766e-09 max_cap1037
 7.979719e-10 1.103334e-09 6.785222e-14 1.901374e-09 wire1346
 7.625787e-10 1.135632e-09 2.429730e-14 1.898234e-09 max_cap566
 5.837327e-10 1.312529e-09 2.429730e-14 1.896286e-09 wire1959
 4.329940e-10 1.462242e-09 2.429730e-14 1.895261e-09 max_cap3030
 4.655800e-10 1.428904e-09 2.429730e-14 1.894508e-09 wire1249
 1.021444e-09 8.722709e-10 2.429730e-14 1.893740e-09 max_cap2802
 6.501475e-10 1.241119e-09 2.429730e-14 1.891291e-09 wire3428
 6.775169e-10 1.213043e-09 2.429730e-14 1.890584e-09 wire1825
 3.922604e-10 1.492848e-09 2.429730e-14 1.885133e-09 wire2601
 4.984165e-10 1.385859e-09 2.429730e-14 1.884300e-09 max_cap1348
 5.931266e-10 1.289549e-09 2.429730e-14 1.882700e-09 max_cap5012
 1.082314e-09 7.962692e-10 2.429730e-14 1.878607e-09 wire2146
 2.091789e-10 1.668116e-09 4.969800e-14 1.877344e-09 _08176_
 7.721203e-10 1.104348e-09 2.429730e-14 1.876492e-09 wire2419
 7.152079e-10 1.159328e-09 2.429730e-14 1.874560e-09 max_cap667
 5.197959e-10 1.350527e-09 2.429730e-14 1.870347e-09 max_cap2093
 8.264942e-10 1.037964e-09 2.429730e-14 1.864483e-09 max_cap744
 9.591939e-10 9.038109e-10 2.429730e-14 1.863029e-09 max_cap3196
 1.232850e-09 6.283636e-10 2.429730e-14 1.861238e-09 max_cap4439
 1.246520e-09 6.137093e-10 2.429730e-14 1.860253e-09 max_cap1515
 1.668289e-09 1.914153e-10 1.340477e-13 1.859838e-09 output38
 4.968599e-10 1.362716e-09 2.429730e-14 1.859600e-09 wire1347
 1.074436e-09 7.826605e-10 2.429730e-14 1.857121e-09 wire983
 1.077773e-09 7.780198e-10 2.429730e-14 1.855817e-09 wire2145
 5.436318e-10 1.310767e-09 2.429730e-14 1.854423e-09 wire2767
 8.302589e-10 1.021466e-09 2.429730e-14 1.851749e-09 max_cap829
 4.246370e-10 1.426637e-09 2.429730e-14 1.851298e-09 wire2000
 7.990753e-10 1.051361e-09 2.429730e-14 1.850461e-09 max_cap4051
 5.876989e-10 1.260774e-09 2.429730e-14 1.848497e-09 max_cap2843
 4.984215e-10 1.347961e-09 2.429730e-14 1.846407e-09 wire3414
 1.140980e-09 7.052374e-10 2.429730e-14 1.846241e-09 max_cap95
 1.073382e-09 7.715012e-10 2.429730e-14 1.844907e-09 wire913
 7.000354e-10 1.144218e-09 2.429730e-14 1.844278e-09 max_cap2848
 5.119953e-10 1.328002e-09 2.429730e-14 1.840022e-09 wire3722
 1.070282e-09 7.686554e-10 2.429730e-14 1.838962e-09 wire912
 7.175173e-10 1.120366e-09 2.429730e-14 1.837908e-09 max_cap403
 1.059732e-09 7.780752e-10 2.429730e-14 1.837831e-09 wire2148
 7.286473e-10 1.106303e-09 2.429730e-14 1.834975e-09 max_cap4433
 5.636716e-10 1.271268e-09 2.429730e-14 1.834963e-09 wire1969
 7.636753e-10 1.069627e-09 2.429730e-14 1.833326e-09 wire2418
 5.155967e-10 1.317437e-09 2.429730e-14 1.833058e-09 wire3720
 1.018146e-09 8.143970e-10 2.429730e-14 1.832568e-09 wire1230
 8.413253e-10 9.858260e-10 2.429730e-14 1.827176e-09 max_cap819
 4.344393e-10 1.387766e-09 2.429730e-14 1.822229e-09 wire3025
 1.166791e-09 6.520621e-10 2.429730e-14 1.818878e-09 max_cap2283
 5.185276e-10 1.297333e-09 2.429730e-14 1.815885e-09 max_cap1317
 1.002074e-09 8.119867e-10 2.429730e-14 1.814085e-09 wire1422
 4.311185e-10 1.381598e-09 2.429730e-14 1.812741e-09 wire1214
 7.431326e-10 1.066900e-09 2.429730e-14 1.810057e-09 wire1173
 4.715688e-10 1.336881e-09 2.429730e-14 1.808474e-09 wire2267
 1.236217e-09 5.720690e-10 2.429730e-14 1.808310e-09 wire76
 1.141051e-09 6.484805e-10 2.429730e-14 1.789556e-09 max_cap3110
 4.101821e-10 1.378649e-09 7.834394e-14 1.788909e-09 max_cap1399
 5.081322e-10 1.278676e-09 2.429730e-14 1.786833e-09 wire1456
 7.332336e-10 1.050916e-09 2.429730e-14 1.784174e-09 max_cap747
 7.658587e-10 1.018107e-09 2.429730e-14 1.783990e-09 max_cap2100
 4.939552e-10 1.289524e-09 7.378215e-14 1.783553e-09 wire5436
 6.415439e-10 1.140194e-09 2.429730e-14 1.781763e-09 max_cap5092
 4.659297e-10 1.309731e-09 2.429730e-14 1.775685e-09 wire2270
 4.914813e-10 1.283768e-09 2.429730e-14 1.775274e-09 max_cap3417
 1.226450e-09 5.475466e-10 2.429730e-14 1.774021e-09 wire67
 9.830615e-10 7.894317e-10 2.429730e-14 1.772518e-09 max_cap1424
 6.983703e-10 1.071510e-09 6.777477e-14 1.769948e-09 wire3023
 1.072351e-09 6.966722e-10 2.429730e-14 1.769047e-09 wire916
 6.967081e-10 1.071825e-09 2.429730e-14 1.768557e-09 wire1193
 4.914835e-10 1.276983e-09 2.429730e-14 1.768491e-09 wire3412
 7.800755e-10 9.863739e-10 2.429730e-14 1.766474e-09 wire496
 7.712287e-10 9.908570e-10 2.429730e-14 1.762110e-09 wire1050
 6.380309e-10 1.116066e-09 2.429730e-14 1.754121e-09 max_cap1377
 8.094474e-10 9.436509e-10 2.429730e-14 1.753123e-09 wire3618
 1.112808e-09 6.393084e-10 2.429730e-14 1.752141e-09 max_cap3239
 7.327703e-10 1.019035e-09 2.429730e-14 1.751830e-09 max_cap572
 9.739537e-10 7.754678e-10 2.429730e-14 1.749446e-09 max_cap2245
 5.977792e-10 1.151639e-09 2.429730e-14 1.749442e-09 wire2807
 4.327822e-10 1.312784e-09 2.429730e-14 1.745591e-09 wire3024
 5.559473e-10 1.183916e-09 2.429730e-14 1.739887e-09 max_cap2762
 4.701579e-10 1.269381e-09 2.429730e-14 1.739563e-09 wire2265
 5.119741e-10 1.224769e-09 2.429730e-14 1.736767e-09 wire3718
 1.044331e-09 6.922882e-10 2.429730e-14 1.736644e-09 wire918
 1.078128e-09 6.544633e-10 2.429730e-14 1.732615e-09 wire968
 7.700645e-10 9.615291e-10 2.429730e-14 1.731618e-09 wire1049
 1.082200e-09 6.456465e-10 2.429730e-14 1.727871e-09 wire982
 4.791192e-10 1.248346e-09 6.768789e-14 1.727533e-09 wire2664
 5.304490e-10 1.194760e-09 6.968302e-14 1.725278e-09 max_cap4678
 4.432061e-10 1.278510e-09 2.429730e-14 1.721740e-09 wire3022
 1.018111e-09 7.022374e-10 2.429730e-14 1.720373e-09 max_cap522
 6.564668e-10 1.059855e-09 2.429730e-14 1.716347e-09 max_cap5062
 6.906308e-10 1.024499e-09 2.429730e-14 1.715155e-09 max_cap414
 4.994011e-10 1.215118e-09 2.429730e-14 1.714543e-09 max_cap3415
 8.130546e-10 9.009339e-10 2.429730e-14 1.714013e-09 max_cap3251
 6.003591e-10 1.113530e-09 2.429730e-14 1.713913e-09 wire2808
 8.045517e-10 9.092301e-10 2.429730e-14 1.713806e-09 max_cap529
 7.712374e-10 9.419335e-10 2.429730e-14 1.713195e-09 wire1051
 7.246878e-10 9.877253e-10 2.429730e-14 1.712437e-09 max_cap1741
 7.707100e-10 9.375525e-10 2.429730e-14 1.708287e-09 wire1048
 1.075112e-09 6.305212e-10 2.429730e-14 1.705657e-09 wire2144
 4.700607e-10 1.233599e-09 2.429730e-14 1.703684e-09 wire2266
 1.070492e-09 6.319257e-10 2.429730e-14 1.702443e-09 wire914
 6.227392e-10 1.079325e-09 2.429730e-14 1.702088e-09 wire3605
 5.416731e-10 1.157153e-09 2.429730e-14 1.698850e-09 wire4798
 1.612769e-09 8.587049e-11 1.362931e-13 1.698776e-09 output59
 9.113430e-10 7.863697e-10 2.429730e-14 1.697737e-09 max_cap1874
 1.068978e-09 6.287105e-10 2.429730e-14 1.697712e-09 wire915
 3.432964e-10 1.353746e-09 7.492103e-14 1.697118e-09 fanout4994
 7.588530e-10 9.382252e-10 2.429730e-14 1.697102e-09 wire1052
 6.136952e-10 1.069004e-09 2.429730e-14 1.682724e-09 wire3604
 5.760939e-10 1.105641e-09 2.429730e-14 1.681759e-09 max_cap1145
 4.371335e-10 1.243426e-09 2.429730e-14 1.680584e-09 wire5418
 1.074621e-09 6.059251e-10 2.429730e-14 1.680571e-09 wire2147
 1.068617e-09 6.060999e-10 2.429730e-14 1.674741e-09 wire917
 4.647415e-10 1.209449e-09 2.429730e-14 1.674215e-09 max_cap3694
 5.998423e-10 1.072790e-09 7.457244e-14 1.672707e-09 max_cap5041
 6.604107e-10 1.009924e-09 2.429730e-14 1.670359e-09 max_cap827
 9.099486e-10 7.586476e-10 2.429730e-14 1.668620e-09 max_cap1434
 1.029106e-09 6.389018e-10 2.429730e-14 1.668032e-09 max_cap1222
 5.477540e-10 1.119739e-09 2.429730e-14 1.667517e-09 max_cap2766
 9.540617e-10 7.133619e-10 2.429730e-14 1.667448e-09 wire1284
 6.889509e-10 9.743264e-10 2.429730e-14 1.663302e-09 max_cap421
 2.037692e-10 1.458715e-09 6.775592e-14 1.662552e-09 wire106
 1.051981e-09 6.100173e-10 2.429730e-14 1.662022e-09 max_cap1419
 5.643174e-10 1.095419e-09 2.429730e-14 1.659760e-09 max_cap2121
 3.198206e-10 1.338060e-09 2.429730e-14 1.657905e-09 wire2727
 4.892073e-10 1.165952e-09 2.429730e-14 1.655183e-09 wire1349
 7.236277e-10 9.266301e-10 2.429730e-14 1.650282e-09 max_cap577
 1.116469e-09 5.332759e-10 2.429730e-14 1.649769e-09 wire78
 6.112306e-10 1.036272e-09 2.429730e-14 1.647526e-09 max_cap3261
 6.883145e-10 9.501950e-10 2.429730e-14 1.638534e-09 max_cap4786
 7.808078e-10 8.572574e-10 2.429730e-14 1.638090e-09 max_cap494
 1.076728e-09 5.583123e-10 2.429730e-14 1.635065e-09 wire2143
 5.177891e-10 1.115207e-09 2.429730e-14 1.633020e-09 max_cap3717
 4.445664e-10 1.184730e-09 2.429730e-14 1.629320e-09 max_cap5419
 1.301838e-09 3.217568e-10 1.368859e-13 1.623732e-09 output61
 5.322931e-10 1.088419e-09 2.429730e-14 1.620736e-09 max_cap843
 1.061483e-09 5.577472e-10 2.429730e-14 1.619255e-09 max_cap1449
 8.621614e-10 7.557975e-10 2.429730e-14 1.617983e-09 wire1133
 8.520512e-10 7.652771e-10 2.429730e-14 1.617353e-09 max_cap748
 4.365070e-10 1.178687e-09 2.429730e-14 1.615219e-09 max_cap3026
 4.977376e-10 1.116807e-09 2.429730e-14 1.614569e-09 wire3416
 5.303279e-10 1.079572e-09 2.429730e-14 1.609925e-09 wire2859
 9.278250e-10 6.816982e-10 6.785850e-14 1.609591e-09 wire1956
 8.077232e-10 8.008170e-10 2.429730e-14 1.608565e-09 wire3461
 1.078455e-09 5.282807e-10 2.429730e-14 1.606760e-09 max_cap4453
 1.125759e-09 4.802186e-10 2.429730e-14 1.606002e-09 wire2215
 1.010356e-09 5.923508e-10 2.429730e-14 1.602731e-09 max_cap2906
 5.231405e-10 1.074070e-09 2.429730e-14 1.597235e-09 wire2858
 6.135852e-10 9.813792e-10 2.429730e-14 1.594989e-09 wire3603
 8.466941e-10 7.482529e-10 2.429730e-14 1.594971e-09 max_cap3084
 1.090233e-09 5.031138e-10 2.429730e-14 1.593371e-09 wire79
 7.904701e-10 8.011468e-10 2.429730e-14 1.591641e-09 max_cap493
 7.376805e-10 8.531297e-10 2.429730e-14 1.590835e-09 wire1743
 8.894538e-10 6.979722e-10 2.429730e-14 1.587450e-09 wire822
 8.056840e-10 7.792503e-10 2.429730e-14 1.584959e-09 wire3614
 7.097286e-10 8.729335e-10 2.429730e-14 1.582686e-09 max_cap740
 7.473012e-10 8.328717e-10 2.429730e-14 1.580197e-09 wire1172
 4.945753e-10 1.085364e-09 2.429730e-14 1.579964e-09 wire1344
 5.554851e-10 1.022740e-09 2.429730e-14 1.578249e-09 max_cap4896
 7.982165e-10 7.790761e-10 2.429730e-14 1.577317e-09 max_cap750
 5.781945e-10 9.971466e-10 2.429730e-14 1.575366e-09 wire1960
 7.672883e-10 8.055250e-10 2.429730e-14 1.572838e-09 max_cap2099
 1.027597e-09 5.443669e-10 2.429730e-14 1.571989e-09 max_cap3627
 8.738555e-10 6.978644e-10 2.429730e-14 1.571744e-09 max_cap1631
 5.231404e-10 1.046833e-09 2.429730e-14 1.569998e-09 wire2857
 7.711829e-10 7.986838e-10 2.429730e-14 1.569891e-09 max_cap412
 6.379466e-10 9.301818e-10 2.429730e-14 1.568153e-09 max_cap2294
 4.992395e-10 1.068345e-09 2.429730e-14 1.567609e-09 max_cap2094
 7.202226e-10 8.471618e-10 2.429730e-14 1.567409e-09 max_cap570
 7.524071e-10 8.143830e-10 2.429730e-14 1.566814e-09 wire1171
 5.394682e-10 1.027260e-09 2.429730e-14 1.566753e-09 wire1800
 1.108723e-09 4.576449e-10 2.429730e-14 1.566392e-09 wire1225
 1.016290e-09 5.488762e-10 2.429730e-14 1.565191e-09 max_cap975
 4.894481e-10 1.072900e-09 2.429730e-14 1.562372e-09 max_cap3313
 7.592165e-10 8.029299e-10 2.429730e-14 1.562171e-09 max_cap4391
 6.144702e-10 9.470373e-10 2.429730e-14 1.561532e-09 max_cap3602
 5.600742e-10 1.000762e-09 2.429730e-14 1.560860e-09 max_cap1974
 5.406131e-10 1.018609e-09 2.429730e-14 1.559246e-09 wire1801
 5.234203e-10 1.035466e-09 2.429730e-14 1.558911e-09 wire2856
 4.396122e-10 1.118825e-09 2.429730e-14 1.558462e-09 wire3028
 7.983678e-10 7.585237e-10 2.429730e-14 1.556916e-09 max_cap832
 6.064316e-10 9.462595e-10 2.429730e-14 1.552715e-09 max_cap583
 5.412943e-10 1.010971e-09 2.429730e-14 1.552289e-09 wire3433
 9.958117e-10 5.535499e-10 2.429730e-14 1.549386e-09 max_cap2160
 8.074643e-10 7.389681e-10 2.429730e-14 1.546457e-09 wire3460
 4.770023e-10 1.067781e-09 6.774022e-14 1.544851e-09 max_cap2898
 5.424723e-10 1.000834e-09 2.429730e-14 1.543330e-09 max_cap2768
 3.476477e-10 1.191746e-09 2.429730e-14 1.539418e-09 wire2565
 1.157463e-09 3.817285e-10 1.390578e-13 1.539330e-09 output62
 6.046326e-10 9.342932e-10 2.429730e-14 1.538950e-09 max_cap2805
 9.406215e-10 5.969613e-10 2.429730e-14 1.537607e-09 max_cap1858
 1.076101e-09 4.612347e-10 2.429730e-14 1.537360e-09 wire1226
 4.683482e-10 1.068255e-09 2.429730e-14 1.536628e-09 wire2268
 8.924591e-10 6.436663e-10 2.429730e-14 1.536150e-09 max_cap1457
 6.855220e-10 8.491103e-10 2.429730e-14 1.534657e-09 max_cap2853
 9.226515e-10 6.118017e-10 2.429730e-14 1.534478e-09 max_cap741
 6.276290e-10 9.056560e-10 2.429730e-14 1.533309e-09 max_cap535
 4.358307e-10 1.095370e-09 2.429730e-14 1.531225e-09 wire3027
 9.240421e-10 6.043640e-10 2.429730e-14 1.528430e-09 max_cap1400
 5.897885e-10 9.360916e-10 2.429730e-14 1.525904e-09 max_cap5044
 7.217553e-10 8.039236e-10 2.429730e-14 1.525703e-09 max_cap497
 7.735645e-10 7.502030e-10 2.429730e-14 1.523792e-09 max_cap520
 4.672910e-10 1.055811e-09 2.429730e-14 1.523127e-09 max_cap4996
 4.372587e-10 1.082529e-09 2.429730e-14 1.519812e-09 max_cap4739
 4.889801e-10 1.030489e-09 2.429730e-14 1.519494e-09 wire1342
 1.034725e-09 4.774914e-10 2.429730e-14 1.512241e-09 max_cap970
 4.970220e-10 1.009055e-09 2.429730e-14 1.506101e-09 wire3005
 8.993087e-10 6.029669e-10 2.429730e-14 1.502300e-09 max_cap1379
 5.054637e-10 9.963704e-10 2.429730e-14 1.501859e-09 wire5420
 3.932660e-10 1.106460e-09 2.429730e-14 1.499750e-09 max_cap3585
 6.685867e-10 8.294692e-10 2.429730e-14 1.498080e-09 max_cap1397
 7.705635e-10 7.271216e-10 2.429730e-14 1.497709e-09 max_cap2098
 8.256364e-10 6.718125e-10 2.429730e-14 1.497473e-09 max_cap2407
 6.421652e-10 8.521931e-10 2.429730e-14 1.494383e-09 max_cap4402
 3.467801e-10 1.146674e-09 2.429730e-14 1.493478e-09 wire2569
 3.387037e-10 1.152416e-09 2.429730e-14 1.491144e-09 wire1329
 7.639681e-10 7.267542e-10 2.429730e-14 1.490747e-09 wire1912
 7.721822e-10 7.176617e-10 2.429730e-14 1.489868e-09 max_cap1911
 5.219239e-10 9.678165e-10 2.429730e-14 1.489765e-09 max_cap844
 4.818068e-10 1.007619e-09 2.429730e-14 1.489450e-09 wire3692
 2.961915e-10 1.191954e-09 6.762613e-14 1.488213e-09 max_cap2678
 6.028010e-10 8.847344e-10 2.429730e-14 1.487560e-09 wire2810
 3.886252e-10 1.096512e-09 2.429730e-14 1.485162e-09 wire1503
 7.071459e-10 7.763475e-10 2.429730e-14 1.483518e-09 max_cap664
 4.975323e-10 9.856412e-10 2.429730e-14 1.483198e-09 wire3007
 8.917246e-10 5.869271e-10 2.429730e-14 1.478676e-09 wire1630
 5.687691e-10 9.056306e-10 2.429730e-14 1.474424e-09 wire760
 7.518841e-10 7.215853e-10 2.429730e-14 1.473494e-09 max_cap2420
 4.440384e-10 1.029068e-09 2.429730e-14 1.473131e-09 max_cap2081
 7.203495e-10 7.494290e-10 2.429730e-14 1.469803e-09 max_cap739
 3.434641e-10 1.126148e-09 2.429730e-14 1.469637e-09 wire2564
 5.204309e-10 9.470574e-10 2.429730e-14 1.467513e-09 max_cap848
 2.311200e-10 1.236177e-09 2.429730e-14 1.467321e-09 max_cap3961
 3.787619e-10 1.087322e-09 6.765230e-14 1.466152e-09 wire3963
 6.040319e-10 8.606434e-10 2.429730e-14 1.464700e-09 max_cap2804
 6.071314e-10 8.573209e-10 2.429730e-14 1.464477e-09 wire3609
 4.353768e-10 1.022988e-09 2.429730e-14 1.458389e-09 wire1996
 8.594866e-10 5.970442e-10 2.429730e-14 1.456555e-09 max_cap3083
 5.420332e-10 9.131427e-10 2.429730e-14 1.455200e-09 wire1802
 5.053569e-10 9.492938e-10 2.429730e-14 1.454675e-09 max_cap5421
 7.065435e-10 7.432449e-10 2.429730e-14 1.449813e-09 max_cap663
 9.064837e-10 5.402796e-10 2.429730e-14 1.446788e-09 max_cap4125
 7.780049e-10 6.667258e-10 2.429730e-14 1.444755e-09 max_cap565
 4.818323e-10 9.589729e-10 7.035818e-14 1.440876e-09 max_cap4778
 4.963067e-10 9.365109e-10 2.429730e-14 1.432842e-09 wire3006
 6.835996e-10 7.491724e-10 2.429730e-14 1.432796e-09 max_cap4784
 5.378223e-10 8.939977e-10 2.429730e-14 1.431844e-09 max_cap3256
 3.780805e-10 1.051116e-09 7.828114e-14 1.429274e-09 wire3956
 4.067560e-10 1.020880e-09 6.766695e-14 1.427703e-09 wire2828
 1.277288e-09 1.439845e-10 1.369016e-13 1.421409e-09 output36
 8.091464e-10 6.094139e-10 2.429730e-14 1.418585e-09 max_cap754
 4.874962e-10 9.303179e-10 2.429730e-14 1.417838e-09 max_cap3314
 3.962737e-10 1.021189e-09 2.429730e-14 1.417487e-09 max_cap4738
 4.062682e-10 1.010417e-09 2.429730e-14 1.416710e-09 max_cap4755
 6.271105e-10 7.895430e-10 2.429730e-14 1.416678e-09 max_cap2295
 7.506830e-10 6.573724e-10 2.429730e-14 1.408080e-09 wire2415
 5.295384e-10 8.776593e-10 2.429730e-14 1.407222e-09 max_cap3436
 3.631128e-10 1.042509e-09 2.429730e-14 1.405646e-09 max_cap816
 5.544797e-10 8.494160e-10 2.429730e-14 1.403920e-09 max_cap3670
 3.341229e-10 1.067338e-09 2.429730e-14 1.401485e-09 wire1332
 4.965854e-10 9.032990e-10 2.429730e-14 1.399909e-09 max_cap1287
 5.454173e-10 8.450952e-10 2.429730e-14 1.390537e-09 max_cap599
 5.043078e-10 8.858159e-10 2.429730e-14 1.390148e-09 wire3008
 8.390668e-10 5.475916e-10 2.429730e-14 1.386683e-09 max_cap742
 6.710261e-10 7.143185e-10 2.429730e-14 1.385369e-09 max_cap675
 5.328513e-10 8.517027e-10 2.429730e-14 1.384578e-09 max_cap753
 7.658176e-10 6.157451e-10 2.429730e-14 1.381587e-09 wire1047
 4.034596e-10 9.767485e-10 6.766695e-14 1.380276e-09 max_cap2835
 3.467761e-10 1.030475e-09 2.429730e-14 1.377275e-09 wire2571
 6.949937e-10 6.804913e-10 2.429730e-14 1.375509e-09 max_cap2846
 2.925310e-10 1.080834e-09 2.429730e-14 1.373390e-09 wire2667
 4.025206e-10 9.702451e-10 2.429730e-14 1.372790e-09 wire4710
 6.655855e-10 7.069553e-10 2.429730e-14 1.372565e-09 max_cap527
 6.604008e-10 7.120475e-10 2.429730e-14 1.372473e-09 max_cap835
 2.993076e-10 1.072780e-09 2.429730e-14 1.372112e-09 wire2668
 5.773870e-10 7.912784e-10 2.429730e-14 1.368690e-09 max_cap1964
 6.457654e-10 7.209246e-10 2.429730e-14 1.366714e-09 max_cap1375
 8.173648e-10 5.471990e-10 2.429730e-14 1.364588e-09 max_cap519
 7.994496e-10 5.593916e-10 2.429730e-14 1.358866e-09 wire1624
 7.943024e-10 5.639991e-10 2.429730e-14 1.358326e-09 max_cap749
 5.207442e-10 8.372535e-10 2.429730e-14 1.358022e-09 wire2115
 5.778106e-10 7.772411e-10 2.429730e-14 1.355076e-09 wire1962
 4.293574e-10 9.246006e-10 2.429730e-14 1.353982e-09 max_cap5306
 4.403324e-10 9.129725e-10 6.762717e-14 1.353372e-09 max_cap333
 3.310726e-10 1.022197e-09 2.429730e-14 1.353294e-09 max_cap4519
 4.652811e-10 8.845458e-10 2.429730e-14 1.349851e-09 wire3688
 3.056723e-10 1.041854e-09 2.429730e-14 1.347550e-09 wire4938
 2.305635e-10 1.116145e-09 2.429730e-14 1.346733e-09 wire3958
 6.684515e-10 6.693384e-10 2.429730e-14 1.337814e-09 max_cap645
 5.317833e-10 8.057311e-10 2.429730e-14 1.337539e-09 max_cap847
 5.442608e-10 7.925959e-10 2.429730e-14 1.336881e-09 max_cap1803
 6.201221e-10 7.129778e-10 2.429730e-14 1.333124e-09 max_cap420
 8.310722e-10 4.977375e-10 2.429730e-14 1.328834e-09 wire1192
 6.546541e-10 6.735975e-10 2.429730e-14 1.328276e-09 max_cap502
 8.568410e-10 4.673449e-10 2.429730e-14 1.324210e-09 max_cap1134
 6.969111e-10 6.236228e-10 2.429730e-14 1.320558e-09 max_cap5270
 5.210986e-10 7.992736e-10 2.429730e-14 1.320396e-09 wire2113
 2.940929e-10 1.025077e-09 2.429730e-14 1.319194e-09 max_cap2661
 6.705332e-10 6.481974e-10 2.429730e-14 1.318755e-09 max_cap574
 4.353147e-10 8.809828e-10 6.764810e-14 1.316365e-09 max_cap438
 5.168660e-10 7.955685e-10 2.429730e-14 1.312459e-09 max_cap2104
 5.387708e-10 7.723895e-10 2.429730e-14 1.311185e-09 wire1799
 3.734660e-10 9.315091e-10 6.765230e-14 1.305043e-09 wire3960
 8.601240e-10 4.445940e-10 2.429730e-14 1.304742e-09 max_cap592
 3.785275e-10 9.239738e-10 2.429730e-14 1.302526e-09 max_cap4812
 7.132522e-10 5.889127e-10 2.429730e-14 1.302189e-09 max_cap665
 4.376123e-10 8.632735e-10 2.429730e-14 1.300910e-09 max_cap4968
 3.558559e-10 9.450228e-10 2.429730e-14 1.300903e-09 wire4884
 4.347913e-10 8.627708e-10 2.429730e-14 1.297586e-09 wire3021
 3.245225e-10 9.650463e-10 2.429730e-14 1.289593e-09 wire2285
 3.319516e-10 9.574459e-10 2.429730e-14 1.289422e-09 wire4883
 5.990198e-10 6.851368e-10 2.429730e-14 1.284181e-09 max_cap2809
 3.275216e-10 9.552352e-10 2.429730e-14 1.282781e-09 fanout4882
 4.675046e-10 8.120893e-10 2.429730e-14 1.279618e-09 max_cap367
 6.940833e-10 5.834715e-10 2.429730e-14 1.277579e-09 max_cap738
 1.122614e-09 1.548136e-10 1.376938e-13 1.277566e-09 output37
 7.340242e-10 5.400340e-10 2.429730e-14 1.274083e-09 max_cap746
 3.352387e-10 9.324365e-10 2.429730e-14 1.267699e-09 wire1327
 4.601579e-10 8.074337e-10 2.429730e-14 1.267616e-09 max_cap825
 7.931170e-10 4.733774e-10 2.429730e-14 1.266519e-09 max_cap831
 5.346082e-10 7.310008e-10 2.429730e-14 1.265633e-09 max_cap752
 6.346925e-10 6.266395e-10 2.429730e-14 1.261356e-09 max_cap426
 4.945697e-10 7.658205e-10 2.429730e-14 1.260415e-09 wire3306
 7.838231e-10 4.759645e-10 2.429730e-14 1.259812e-09 max_cap672
 8.029329e-10 4.550950e-10 2.429730e-14 1.258052e-09 max_cap820
 5.956077e-10 6.620661e-10 2.429730e-14 1.257698e-09 wire2806
 3.268965e-10 9.289154e-10 2.429730e-14 1.255836e-09 max_cap4981
 5.680627e-10 6.812108e-10 2.429730e-14 1.249298e-09 max_cap3264
 4.333291e-10 8.091174e-10 2.429730e-14 1.242471e-09 wire3029
 7.418964e-10 4.990998e-10 2.429730e-14 1.241021e-09 max_cap4042
 7.972593e-10 4.436258e-10 2.429730e-14 1.240909e-09 max_cap1625
 8.157813e-10 4.236226e-10 2.429730e-14 1.239428e-09 max_cap755
 8.049355e-10 4.330927e-10 2.429730e-14 1.238052e-09 max_cap1714
 6.631524e-10 5.725417e-10 2.429730e-14 1.235719e-09 max_cap826
 3.434644e-10 8.918908e-10 2.429730e-14 1.235379e-09 wire2572
 4.662887e-10 7.676209e-10 2.429730e-14 1.233934e-09 max_cap366
 4.941692e-10 7.365899e-10 2.429730e-14 1.230783e-09 max_cap3308
 2.983606e-10 9.303908e-10 2.429730e-14 1.228776e-09 wire2896
 3.861629e-10 8.410219e-10 2.429730e-14 1.227209e-09 max_cap5091
 5.164218e-10 7.101175e-10 2.429730e-14 1.226564e-09 max_cap3719
 5.720688e-10 6.530720e-10 2.429730e-14 1.225165e-09 max_cap539
 5.853681e-10 6.388817e-10 2.429730e-14 1.224274e-09 max_cap2836
 6.516052e-10 5.723131e-10 2.429730e-14 1.223943e-09 max_cap3201
 5.180638e-10 7.033903e-10 2.429730e-14 1.221478e-09 max_cap3716
 4.955742e-10 7.233822e-10 2.429730e-14 1.218981e-09 wire3004
 3.561969e-10 8.576865e-10 2.429730e-14 1.213908e-09 max_cap4725
 8.454586e-10 3.683115e-10 2.429730e-14 1.213795e-09 max_cap824
 6.979395e-10 5.153734e-10 2.429730e-14 1.213337e-09 max_cap521
 7.836160e-10 4.265183e-10 2.429730e-14 1.210159e-09 max_cap812
 6.072718e-10 6.022011e-10 2.429730e-14 1.209497e-09 wire3607
 3.189706e-10 8.898342e-10 2.429730e-14 1.208829e-09 max_cap2729
 5.359090e-10 6.677117e-10 2.429730e-14 1.203645e-09 wire1804
 4.284217e-10 7.740292e-10 2.429730e-14 1.202475e-09 max_cap4967
 3.960205e-10 8.037301e-10 2.429730e-14 1.199775e-09 max_cap5043
 5.416498e-10 6.578730e-10 2.429730e-14 1.199547e-09 max_cap1798
 6.496544e-10 5.494911e-10 2.429730e-14 1.199170e-09 wire3202
 5.171441e-10 6.814749e-10 2.429730e-14 1.198643e-09 wire1575
 4.813110e-10 7.159854e-10 7.035818e-14 1.197367e-09 max_cap4779
 4.987797e-10 6.959068e-10 2.429730e-14 1.194711e-09 max_cap3003
 4.277870e-10 7.658208e-10 2.429730e-14 1.193632e-09 max_cap537
 6.190544e-10 5.737948e-10 2.429730e-14 1.192874e-09 max_cap3606
 3.789182e-10 8.037792e-10 2.429730e-14 1.182722e-09 max_cap2939
 5.501535e-10 6.275025e-10 2.429730e-14 1.177680e-09 max_cap3672
 7.430953e-10 4.339565e-10 2.429730e-14 1.177076e-09 max_cap745
 3.374652e-10 8.393978e-10 2.429730e-14 1.176887e-09 max_cap4681
 4.042163e-10 7.714202e-10 2.429730e-14 1.175661e-09 max_cap1818
 5.157715e-10 6.596461e-10 2.429730e-14 1.175442e-09 max_cap1319
 4.652017e-10 7.077156e-10 2.429730e-14 1.172942e-09 max_cap368
 5.444092e-10 6.248503e-10 2.429730e-14 1.169284e-09 wire1797
 3.703223e-10 7.946805e-10 2.429730e-14 1.165027e-09 max_cap5010
 4.943745e-10 6.698380e-10 2.429730e-14 1.164237e-09 max_cap3310
 3.361419e-10 8.258441e-10 7.271444e-14 1.162059e-09 max_cap5417
 3.186042e-10 8.424365e-10 2.429730e-14 1.161065e-09 max_cap4666
 5.696772e-10 5.869408e-10 2.429730e-14 1.156642e-09 max_cap759
 5.168314e-10 6.383949e-10 2.429730e-14 1.155251e-09 wire2114
 4.867390e-10 6.666192e-10 2.429730e-14 1.153383e-09 wire3305
 3.363137e-10 8.150339e-10 2.429730e-14 1.151372e-09 wire4679
 5.319701e-10 6.160265e-10 2.429730e-14 1.148021e-09 wire3435
 3.875494e-10 7.572715e-10 2.429730e-14 1.144845e-09 max_cap2607
 3.764218e-10 7.600907e-10 2.429730e-14 1.136537e-09 max_cap3397
 6.142935e-10 5.206494e-10 2.429730e-14 1.134967e-09 max_cap639
 3.017006e-10 8.330541e-10 2.429730e-14 1.134779e-09 max_cap4783
 5.938063e-10 5.375577e-10 2.429730e-14 1.131388e-09 max_cap1955
 5.224924e-10 6.082033e-10 2.429730e-14 1.130720e-09 wire2855
 2.761880e-10 8.538951e-10 2.429730e-14 1.130107e-09 wire1918
 7.515502e-10 3.763594e-10 2.429730e-14 1.127934e-09 wire2416
 2.721724e-10 8.547347e-10 2.429730e-14 1.126931e-09 wire1917
 5.991826e-10 5.252642e-10 2.429730e-14 1.124471e-09 max_cap3244
 2.979986e-10 8.263647e-10 6.762613e-14 1.124431e-09 max_cap2677
 7.394746e-10 3.838389e-10 2.429730e-14 1.123338e-09 max_cap411
 7.179005e-10 4.038060e-10 2.429730e-14 1.121731e-09 max_cap637
 2.960546e-10 8.198189e-10 2.429730e-14 1.115898e-09 wire2895
 6.030663e-10 5.126871e-10 2.429730e-14 1.115778e-09 max_cap3610
 3.464817e-10 7.647888e-10 2.429730e-14 1.111295e-09 wire2570
 5.702042e-10 5.381426e-10 2.429730e-14 1.108371e-09 max_cap598
 5.263506e-10 5.813759e-10 2.429730e-14 1.107751e-09 wire2860
 6.494238e-10 4.569283e-10 2.429730e-14 1.106376e-09 max_cap1374
 3.733729e-10 7.316474e-10 2.429730e-14 1.105045e-09 max_cap543
 3.303540e-10 7.724095e-10 2.429730e-14 1.102788e-09 wire526
 5.232867e-10 5.785933e-10 2.429730e-14 1.101904e-09 wire1574
 5.386697e-10 5.624534e-10 2.429730e-14 1.101147e-09 max_cap1055
 3.408465e-10 7.577461e-10 2.429730e-14 1.098617e-09 wire1330
 2.055519e-10 8.910078e-10 6.775592e-14 1.096627e-09 max_cap107
 3.383219e-10 7.575883e-10 2.429730e-14 1.095934e-09 wire1331
 3.983134e-10 6.962971e-10 2.429730e-14 1.094635e-09 wire3583
 3.363868e-10 7.580435e-10 2.429730e-14 1.094455e-09 max_cap4680
 5.154532e-10 5.783853e-10 2.429730e-14 1.093863e-09 max_cap2092
 4.756820e-10 6.155052e-10 2.429730e-14 1.091212e-09 wire3691
 4.740400e-10 6.170078e-10 2.429730e-14 1.091072e-09 max_cap3693
 3.784086e-10 7.089871e-10 2.429730e-14 1.087420e-09 wire2936
 5.163767e-10 5.643446e-10 2.429730e-14 1.080746e-09 wire2112
 5.316338e-10 5.487916e-10 2.429730e-14 1.080450e-09 wire846
 5.362484e-10 5.430540e-10 2.429730e-14 1.079327e-09 max_cap3255
 3.455334e-10 7.331291e-10 2.429730e-14 1.078687e-09 wire2568
 4.074765e-10 6.709329e-10 2.429730e-14 1.078434e-09 wire1817
 2.892622e-10 7.829488e-10 7.388159e-14 1.072285e-09 max_cap5435
 7.073586e-10 3.648536e-10 2.429730e-14 1.072237e-09 max_cap737
 4.808743e-10 5.907667e-10 2.429730e-14 1.071665e-09 max_cap3171
 5.775213e-10 4.932065e-10 2.429730e-14 1.070752e-09 max_cap1144
 4.362064e-10 6.339257e-10 2.429730e-14 1.070156e-09 max_cap536
 3.418708e-10 7.259464e-10 2.429730e-14 1.067841e-09 max_cap4682
 4.282583e-10 6.377130e-10 2.429730e-14 1.065996e-09 max_cap5307
 5.631008e-10 4.990041e-10 2.429730e-14 1.062129e-09 wire3265
 4.867226e-10 5.744600e-10 2.429730e-14 1.061207e-09 wire3309
 3.265512e-10 7.345906e-10 2.429730e-14 1.061166e-09 wire2286
 2.969952e-10 7.624097e-10 2.429730e-14 1.059429e-09 wire2897
 2.229806e-10 8.353380e-10 7.743849e-14 1.058396e-09 fanout4796
 3.162195e-10 7.407995e-10 2.429730e-14 1.057043e-09 wire2239
 4.089188e-10 6.455587e-10 2.429730e-14 1.054502e-09 max_cap3258
 1.362776e-10 9.180278e-10 6.772557e-14 1.054373e-09 max_cap281
 4.941753e-10 5.599409e-10 2.429730e-14 1.054140e-09 max_cap3311
 5.377057e-10 5.155948e-10 2.429730e-14 1.053325e-09 max_cap647
 3.541218e-10 6.977223e-10 2.429730e-14 1.051868e-09 max_cap4696
 6.826791e-10 3.686050e-10 2.429730e-14 1.051308e-09 wire2891
 1.724429e-10 8.770291e-10 7.162475e-14 1.049544e-09 fanout5411
 3.964408e-10 6.516578e-10 2.429730e-14 1.048123e-09 wire3582
 4.356438e-10 6.119776e-10 2.429730e-14 1.047646e-09 max_cap586
 4.901029e-10 5.569437e-10 2.429730e-14 1.047071e-09 wire3307
 4.341669e-10 6.116394e-10 2.429730e-14 1.045831e-09 wire1402
 4.732597e-10 5.704164e-10 2.429730e-14 1.043700e-09 max_cap632
 4.879588e-10 5.555403e-10 2.429730e-14 1.043523e-09 wire3312
 4.422119e-10 5.994674e-10 2.429730e-14 1.041704e-09 wire2080
 4.341494e-10 6.049323e-10 2.429730e-14 1.039106e-09 max_cap1404
 5.059000e-10 5.328201e-10 2.429730e-14 1.038744e-09 wire2718
 5.273622e-10 5.104988e-10 2.429730e-14 1.037885e-09 max_cap2854
 5.424072e-10 4.952289e-10 2.429730e-14 1.037660e-09 max_cap1796
 2.748570e-10 7.623281e-10 2.429730e-14 1.037210e-09 wire1921
 5.544395e-10 4.781642e-10 2.429730e-14 1.032628e-09 max_cap542
 3.968744e-10 6.346507e-10 2.429730e-14 1.031549e-09 wire3581
 3.544073e-10 6.756812e-10 2.429730e-14 1.030113e-09 max_cap809
 2.335179e-10 7.956698e-10 2.429730e-14 1.029212e-09 max_cap670
 6.070190e-10 4.189059e-10 2.429730e-14 1.025949e-09 wire1452
 3.407536e-10 6.817668e-10 2.429730e-14 1.022545e-09 max_cap4995
 3.697133e-10 6.520022e-10 2.429730e-14 1.021740e-09 max_cap815
 4.868606e-10 5.310953e-10 2.429730e-14 1.017980e-09 max_cap3170
 3.843957e-10 6.288696e-10 2.429730e-14 1.013290e-09 wire3395
 4.199671e-10 5.918080e-10 2.429730e-14 1.011799e-09 max_cap538
 1.701379e-10 8.370967e-10 7.162475e-14 1.007306e-09 fanout5410
 4.762888e-10 5.309153e-10 2.429730e-14 1.007228e-09 wire3687
 3.016199e-10 7.051876e-10 2.429730e-14 1.006832e-09 max_cap4952
 6.701794e-10 3.351296e-10 2.429730e-14 1.005333e-09 max_cap834
 2.516869e-10 7.530363e-10 6.760100e-14 1.004791e-09 wire322
 3.781762e-10 6.221641e-10 2.429730e-14 1.000365e-09 max_cap2937
 4.390471e-10 5.603151e-10 6.768055e-14 9.994300e-10 wire1916
 3.436892e-10 6.545896e-10 2.429730e-14 9.983031e-10 wire2566
 3.291690e-10 6.659387e-10 2.429730e-14 9.951321e-10 max_cap5076
 4.122080e-10 5.813081e-10 2.429730e-14 9.935404e-10 max_cap1813
 4.083981e-10 5.828205e-10 2.429730e-14 9.912430e-10 wire1815
 2.912851e-10 6.994585e-10 2.429730e-14 9.907679e-10 wire4909
 3.703298e-10 6.192072e-10 2.429730e-14 9.895614e-10 max_cap5009
 3.008073e-10 6.861061e-10 2.429730e-14 9.869378e-10 max_cap4780
 3.102079e-10 6.756385e-10 7.705434e-14 9.859233e-10 max_cap5008
 4.934290e-10 4.830153e-10 2.429730e-14 9.764686e-10 max_cap3009
 4.822908e-10 4.934850e-10 2.429730e-14 9.758002e-10 max_cap3689
 4.728930e-10 5.021502e-10 2.429730e-14 9.750675e-10 wire3690
 2.964006e-10 6.775529e-10 6.762613e-14 9.740211e-10 wire2674
 3.031694e-10 6.706040e-10 2.429730e-14 9.737977e-10 max_cap4937
 6.197060e-10 3.529383e-10 2.429730e-14 9.726686e-10 wire2293
 3.926591e-10 5.695449e-10 2.429730e-14 9.622283e-10 max_cap3584
 4.803620e-10 4.796131e-10 2.429730e-14 9.599993e-10 max_cap573
 3.029582e-10 6.529873e-10 2.429730e-14 9.559699e-10 max_cap4781
 3.266629e-10 6.258828e-10 2.429730e-14 9.525700e-10 wire2287
 6.027078e-10 3.461569e-10 2.429730e-14 9.488891e-10 wire1451
 2.442266e-10 7.041592e-10 2.429730e-14 9.484101e-10 wire2429
 2.366954e-10 7.113793e-10 2.429730e-14 9.480990e-10 max_cap3959
 5.183950e-10 4.264101e-10 2.429730e-14 9.448294e-10 wire841
 3.103019e-10 6.341910e-10 2.429730e-14 9.445172e-10 max_cap972
 4.252432e-10 5.187758e-10 2.429730e-14 9.440433e-10 max_cap5305
 6.107926e-10 3.293600e-10 2.429730e-14 9.401769e-10 wire638
 3.754072e-10 5.631681e-10 2.429730e-14 9.385996e-10 wire2938
 2.592934e-10 6.787899e-10 2.429730e-14 9.381076e-10 max_cap4514
 3.936674e-10 5.440451e-10 2.429730e-14 9.377369e-10 max_cap596
 5.184047e-10 4.192823e-10 2.429730e-14 9.377114e-10 max_cap595
 2.947947e-10 6.428132e-10 2.429730e-14 9.376323e-10 wire5107
 4.573267e-10 4.801953e-10 2.429730e-14 9.375464e-10 max_cap578
 5.579257e-10 3.750144e-10 2.429730e-14 9.329644e-10 max_cap400
 3.797734e-10 5.512234e-10 2.429730e-14 9.310211e-10 wire3394
 2.943754e-10 6.314275e-10 2.429730e-14 9.258272e-10 max_cap5447
 3.316202e-10 5.928208e-10 2.429730e-14 9.244653e-10 max_cap2288
 3.755832e-10 5.479814e-10 2.429730e-14 9.235889e-10 wire2940
 2.429582e-10 6.762916e-10 2.429730e-14 9.192741e-10 wire2432
 5.320512e-10 3.871929e-10 2.429730e-14 9.192683e-10 max_cap751
 2.815379e-10 6.354501e-10 2.429730e-14 9.170122e-10 max_cap4765
 2.752306e-10 6.373403e-10 2.429730e-14 9.125953e-10 wire1913
 2.763622e-10 6.353811e-10 2.429730e-14 9.117677e-10 max_cap1922
 5.219318e-10 3.887076e-10 2.429730e-14 9.106637e-10 wire1573
 4.226243e-10 4.875212e-10 2.429730e-14 9.101698e-10 max_cap492
 2.969045e-10 6.097169e-10 2.429730e-14 9.066458e-10 max_cap4782
 3.258022e-10 5.796870e-10 2.429730e-14 9.055136e-10 max_cap5030
 2.494468e-10 6.539466e-10 2.429730e-14 9.034177e-10 max_cap4841
 4.567095e-10 4.465618e-10 2.429730e-14 9.032956e-10 max_cap579
 3.306384e-10 5.674030e-10 2.429730e-14 8.980656e-10 max_cap4518
 2.744783e-10 6.211777e-10 2.429730e-14 8.956803e-10 wire1915
 2.988107e-10 5.951079e-10 2.429730e-14 8.939428e-10 max_cap2663
 4.635614e-10 4.286542e-10 2.429730e-14 8.922399e-10 max_cap634
 2.751381e-10 6.160237e-10 2.429730e-14 8.911861e-10 wire1914
 5.336951e-10 3.561997e-10 2.429730e-14 8.899191e-10 wire845
 6.020132e-10 2.859024e-10 2.429730e-14 8.879399e-10 wire1450
 4.184021e-10 4.686138e-10 2.429730e-14 8.870402e-10 max_cap3523
 4.803418e-10 4.059825e-10 2.429730e-14 8.863486e-10 wire1212
 5.914900e-10 2.916818e-10 2.429730e-14 8.831961e-10 wire1453
 3.762770e-10 5.054945e-10 2.429730e-14 8.817959e-10 wire2935
 3.929560e-10 4.860635e-10 2.429730e-14 8.790438e-10 max_cap5042
 2.978325e-10 5.801349e-10 2.429730e-14 8.779917e-10 max_cap4951
 2.536659e-10 6.241682e-10 2.429730e-14 8.778585e-10 max_cap2831
 2.739437e-10 6.012890e-10 2.429730e-14 8.752570e-10 wire1920
 2.872528e-10 5.837254e-10 2.429730e-14 8.710025e-10 max_cap4766
 4.037024e-10 4.656408e-10 2.429730e-14 8.693676e-10 wire1814
 3.485163e-10 5.205442e-10 2.429730e-14 8.690848e-10 max_cap2567
 2.653645e-10 6.016159e-10 2.429730e-14 8.670048e-10 max_cap4925
 7.817158e-10 8.025246e-11 1.410829e-13 8.621094e-10 output39
 2.386053e-10 6.228891e-10 6.760310e-14 8.615620e-10 max_cap338
 2.549990e-10 6.014933e-10 2.429730e-14 8.565166e-10 max_cap4513
 5.257866e-10 3.301169e-10 2.429730e-14 8.559278e-10 wire842
 5.123691e-10 3.396160e-10 2.429730e-14 8.520095e-10 wire1306
 4.427697e-10 4.069184e-10 2.429730e-14 8.497124e-10 max_cap594
 3.837620e-10 4.631537e-10 2.429730e-14 8.469401e-10 max_cap4413
 3.094218e-10 5.371479e-10 2.429730e-14 8.465940e-10 wire2242
 5.147123e-10 3.201867e-10 2.429730e-14 8.349234e-10 max_cap1318
 3.762611e-10 4.568840e-10 2.429730e-14 8.331694e-10 wire3396
 3.852321e-10 4.470932e-10 2.429730e-14 8.323495e-10 max_cap581
 1.934333e-10 6.383974e-10 2.429730e-14 8.318550e-10 max_cap294
 3.508336e-10 4.809495e-10 2.429730e-14 8.318075e-10 max_cap4695
 3.127599e-10 5.182308e-10 2.429730e-14 8.310150e-10 wire2235
 4.348467e-10 3.942580e-10 2.429730e-14 8.291290e-10 max_cap1403
 2.904399e-10 5.381156e-10 7.695279e-14 8.286324e-10 max_cap5074
 5.079703e-10 3.203818e-10 2.429730e-14 8.283764e-10 max_cap4419
 5.118651e-10 3.124256e-10 2.429730e-14 8.243150e-10 max_cap1307
 3.902633e-10 4.329034e-10 2.429730e-14 8.231910e-10 max_cap499
 5.113639e-10 3.062036e-10 2.429730e-14 8.175918e-10 max_cap1576
 3.933743e-10 4.226064e-10 2.429730e-14 8.160050e-10 max_cap498
 4.609169e-10 3.545525e-10 2.429730e-14 8.154937e-10 wire1304
 4.890899e-10 3.235072e-10 2.429730e-14 8.126214e-10 wire1211
 2.432313e-10 5.672320e-10 2.429730e-14 8.104876e-10 wire2431
 2.012519e-10 6.089858e-10 2.429730e-14 8.102620e-10 wire1218
 4.660939e-10 3.440733e-10 2.429730e-14 8.101915e-10 max_cap631
 4.727628e-10 3.333729e-10 2.429730e-14 8.061600e-10 wire1302
 4.708678e-10 3.348860e-10 2.429730e-14 8.057782e-10 max_cap630
 1.845916e-10 6.209552e-10 2.429730e-14 8.055711e-10 max_cap2680
 4.971740e-10 3.048499e-10 2.429730e-14 8.020482e-10 max_cap326
 3.064309e-10 4.946487e-10 2.429730e-14 8.011038e-10 max_cap1475
 1.999923e-10 5.989603e-10 2.429730e-14 7.989768e-10 wire1217
 4.102595e-10 3.836456e-10 2.429730e-14 7.939294e-10 max_cap580
 2.802246e-10 5.136173e-10 2.429730e-14 7.938661e-10 max_cap1923
 4.178370e-10 3.718609e-10 2.429730e-14 7.897222e-10 max_cap3252
 4.654775e-10 3.231442e-10 2.429730e-14 7.886460e-10 max_cap590
 2.199832e-10 5.655070e-10 7.456304e-14 7.855648e-10 max_cap5434
 3.423350e-10 4.409999e-10 2.429730e-14 7.833593e-10 max_cap1769
 2.429742e-10 5.385238e-10 2.429730e-14 7.815223e-10 wire2428
 2.138790e-10 5.629248e-10 6.758320e-14 7.768713e-10 max_cap323
 3.231273e-10 4.499838e-10 2.429730e-14 7.731354e-10 wire2284
 5.135425e-10 2.519625e-10 2.429730e-14 7.655293e-10 wire1308
 3.808177e-10 3.840484e-10 2.429730e-14 7.648904e-10 max_cap3393
 3.830401e-10 3.811673e-10 2.429730e-14 7.642317e-10 max_cap511
 2.440222e-10 5.189518e-10 2.429730e-14 7.629983e-10 max_cap2430
 3.222045e-10 4.395143e-10 6.762927e-14 7.617864e-10 wire1216
 3.721600e-10 3.869633e-10 2.429730e-14 7.591476e-10 max_cap503
 3.183085e-10 4.402595e-10 2.429730e-14 7.585923e-10 max_cap4441
 2.929940e-10 4.644383e-10 2.429730e-14 7.574567e-10 max_cap518
 3.287769e-10 4.267764e-10 2.429730e-14 7.555776e-10 max_cap5077
 3.140561e-10 4.371122e-10 2.429730e-14 7.511926e-10 max_cap2237
 3.243861e-10 4.215659e-10 2.429730e-14 7.459763e-10 max_cap5029
 4.972107e-10 2.485161e-10 2.429730e-14 7.457511e-10 max_cap2720
 2.277572e-10 5.169442e-10 2.429730e-14 7.447257e-10 max_cap4653
 3.125915e-10 4.312092e-10 2.429730e-14 7.438250e-10 wire2236
 2.228943e-10 5.184032e-10 7.172001e-14 7.413692e-10 max_cap5415
 4.279020e-10 3.122242e-10 2.429730e-14 7.401506e-10 wire1313
 4.612898e-10 2.786926e-10 2.429730e-14 7.400067e-10 max_cap365
 3.775034e-10 3.610147e-10 2.429730e-14 7.385423e-10 max_cap2934
 4.397269e-10 2.984365e-10 2.429730e-14 7.381877e-10 max_cap2079
 3.826855e-10 3.553962e-10 2.429730e-14 7.381060e-10 max_cap510
 2.568114e-10 4.802139e-10 2.429730e-14 7.370496e-10 max_cap4508
 4.211691e-10 3.143163e-10 2.429730e-14 7.355097e-10 wire1314
 3.765206e-10 3.583654e-10 2.429730e-14 7.349104e-10 max_cap1846
 2.052310e-10 5.279332e-10 2.429730e-14 7.331885e-10 max_cap1215
 4.244183e-10 3.066813e-10 2.429730e-14 7.311239e-10 max_cap3522
 3.021196e-10 4.241778e-10 2.429730e-14 7.263217e-10 max_cap818
 2.568314e-10 4.683244e-10 2.429730e-14 7.251801e-10 max_cap4509
 1.349483e-10 5.898379e-10 7.771065e-14 7.248639e-10 fanout4950
 4.296848e-10 2.942072e-10 2.429730e-14 7.239164e-10 max_cap1189
 1.410387e-10 5.826770e-10 2.429730e-14 7.237400e-10 max_cap1401
 4.689386e-10 2.539125e-10 2.429730e-14 7.228754e-10 wire1303
 2.573796e-10 4.642334e-10 2.429730e-14 7.216373e-10 max_cap4510
 2.750033e-10 4.429409e-10 2.429730e-14 7.179685e-10 max_cap1919
 4.692480e-10 2.476580e-10 2.429730e-14 7.169303e-10 wire1301
 2.512708e-10 4.623281e-10 2.429730e-14 7.136233e-10 max_cap4842
 3.528434e-10 3.563323e-10 6.764287e-14 7.092434e-10 wire1989
 3.138535e-10 3.930285e-10 2.429730e-14 7.069063e-10 max_cap971
 1.735108e-10 5.332079e-10 7.162475e-14 7.067903e-10 wire5413
 2.223551e-10 4.802468e-10 2.429730e-14 7.026262e-10 wire1990
 4.271374e-10 2.736610e-10 2.429730e-14 7.008227e-10 wire1312
 1.943114e-10 5.004479e-10 2.429730e-14 6.947837e-10 max_cap1609
 2.335390e-10 4.609404e-10 2.429730e-14 6.945038e-10 wire2227
 3.109139e-10 3.821002e-10 2.429730e-14 6.930385e-10 wire2241
 2.900629e-10 4.007228e-10 7.695279e-14 6.908626e-10 max_cap5075
 2.901422e-10 4.005315e-10 2.429730e-14 6.906981e-10 wire1183
 1.936082e-10 4.962727e-10 2.429730e-14 6.899052e-10 wire1608
 2.894085e-10 3.982130e-10 2.429730e-14 6.876458e-10 max_cap517
 2.755508e-10 4.058182e-10 2.429730e-14 6.813933e-10 wire1065
 2.225475e-10 4.579870e-10 2.429730e-14 6.805588e-10 wire1992
 6.835021e-11 6.078480e-10 7.828323e-14 6.762765e-10 max_cap266
 4.967132e-10 1.789792e-10 2.429730e-14 6.757166e-10 max_cap2719
 2.872312e-10 3.875563e-10 2.429730e-14 6.748119e-10 max_cap582
 4.274060e-10 2.468010e-10 2.429730e-14 6.742313e-10 wire1311
 3.089089e-10 3.652799e-10 2.429730e-14 6.742131e-10 wire2238
 2.753559e-10 3.987204e-10 2.429730e-14 6.741007e-10 max_cap5060
 2.326239e-10 4.361947e-10 2.429730e-14 6.688429e-10 max_cap351
 3.138722e-10 3.549382e-10 2.429730e-14 6.688347e-10 max_cap4442
 4.584828e-10 2.097252e-10 2.429730e-14 6.682322e-10 wire633
 1.847397e-10 4.822422e-10 2.429730e-14 6.670062e-10 max_cap2673
 2.752087e-10 3.898996e-10 2.429730e-14 6.651326e-10 max_cap5059
 4.041071e-10 2.593852e-10 2.429730e-14 6.635166e-10 max_cap1816
 3.480185e-10 3.153686e-10 2.429730e-14 6.634114e-10 max_cap422
 1.921558e-10 4.691178e-10 2.429730e-14 6.612980e-10 wire1612
 2.441225e-10 4.163749e-10 2.429730e-14 6.605217e-10 max_cap2427
 2.936285e-10 3.662474e-10 2.429730e-14 6.599002e-10 max_cap525
 1.947445e-10 4.637833e-10 2.429730e-14 6.585522e-10 max_cap2587
 2.511878e-10 4.071415e-10 2.429730e-14 6.583536e-10 max_cap4511
 2.025019e-10 4.551220e-10 2.429730e-14 6.576482e-10 max_cap1220
 2.913955e-10 3.635713e-10 2.429730e-14 6.549911e-10 wire1184
 2.235504e-10 4.311796e-10 7.172001e-14 6.548018e-10 max_cap5416
 2.900876e-10 3.646695e-10 2.429730e-14 6.547813e-10 wire1186
 2.888467e-10 3.636134e-10 2.429730e-14 6.524844e-10 wire1187
 2.109959e-10 4.412564e-10 7.751909e-14 6.523298e-10 max_cap4694
 2.017385e-10 4.500709e-10 2.429730e-14 6.518338e-10 wire1219
 1.362604e-10 5.132525e-10 7.836489e-14 6.495913e-10 max_cap2589
 3.059515e-10 3.387276e-10 2.429730e-14 6.447034e-10 wire1472
 3.252089e-10 3.173895e-10 2.429730e-14 6.426227e-10 max_cap501
 2.706807e-10 3.686008e-10 2.429730e-14 6.393058e-10 max_cap528
 1.623561e-10 4.769029e-10 2.429730e-14 6.392833e-10 max_cap4868
 1.853622e-10 4.525750e-10 7.799118e-14 6.380153e-10 wire4965
 3.233873e-10 3.102772e-10 2.429730e-14 6.336889e-10 max_cap544
 3.940766e-10 2.395197e-10 2.429730e-14 6.336206e-10 max_cap1300
 2.341714e-10 3.967975e-10 2.429730e-14 6.309932e-10 wire2229
 1.937554e-10 4.336786e-10 2.429730e-14 6.274583e-10 max_cap1611
 2.099830e-10 4.111299e-10 7.751909e-14 6.211904e-10 max_cap4693
 1.940482e-10 4.260023e-10 2.429730e-14 6.200748e-10 wire1610
 1.848149e-10 4.346557e-10 7.742278e-14 6.195480e-10 max_cap4811
 3.217936e-10 2.954922e-10 2.429730e-14 6.173101e-10 max_cap2289
 4.051790e-10 2.104711e-10 2.429730e-14 6.156745e-10 wire1250
 3.595670e-10 2.556782e-10 2.429730e-14 6.152696e-10 max_cap3343
 7.143262e-11 5.387298e-10 6.364896e-14 6.102261e-10 _08186_
 3.264125e-10 2.824175e-10 2.429730e-14 6.088542e-10 max_cap575
 1.921354e-10 4.138624e-10 7.790638e-14 6.060756e-10 max_cap5058
 3.304552e-10 2.754671e-10 2.429730e-14 6.059466e-10 max_cap427
 1.686158e-10 4.353132e-10 2.429730e-14 6.039533e-10 max_cap4828
 2.212697e-10 3.813695e-10 2.429730e-14 6.026635e-10 wire1991
 1.725934e-10 4.288803e-10 2.429730e-14 6.014980e-10 max_cap4829
 1.735971e-10 4.255234e-10 7.162475e-14 5.991921e-10 max_cap5414
 2.894411e-10 3.060812e-10 2.429730e-14 5.955466e-10 wire1185
 2.751667e-10 3.191082e-10 2.429730e-14 5.942993e-10 wire1071
 2.332629e-10 3.603142e-10 2.429730e-14 5.936014e-10 max_cap2230
 2.766690e-10 3.124991e-10 2.429730e-14 5.891924e-10 wire1072
 2.230016e-10 3.591538e-10 2.429730e-14 5.821797e-10 wire1993
 2.586901e-10 3.211494e-10 2.429730e-14 5.798638e-10 max_cap4515
 2.882836e-10 2.890033e-10 2.429730e-14 5.773111e-10 wire1182
 3.407059e-10 2.349704e-10 2.429730e-14 5.757005e-10 max_cap649
 1.934528e-10 3.820725e-10 2.429730e-14 5.755497e-10 max_cap2588
 1.848860e-10 3.899617e-10 2.429730e-14 5.748720e-10 max_cap4856
 1.737513e-10 3.998397e-10 7.162475e-14 5.736627e-10 wire5412
 2.520552e-10 3.212257e-10 2.429730e-14 5.733052e-10 max_cap4516
 2.757190e-10 2.973984e-10 2.429730e-14 5.731417e-10 wire1066
 2.796332e-10 2.933997e-10 2.429730e-14 5.730573e-10 max_cap540
 2.756415e-10 2.961467e-10 2.429730e-14 5.718125e-10 wire1068
 1.921258e-10 3.788682e-10 2.429730e-14 5.710183e-10 wire1607
 3.093738e-10 2.595298e-10 2.429730e-14 5.689279e-10 max_cap1474
 3.115358e-10 2.562283e-10 2.429730e-14 5.677884e-10 max_cap2240
 2.108724e-10 3.561767e-10 2.429730e-14 5.670734e-10 max_cap4446
 2.752136e-10 2.901021e-10 2.429730e-14 5.653401e-10 wire1063
 3.875461e-10 1.766749e-10 2.429730e-14 5.642453e-10 max_cap4400
 2.743484e-10 2.844970e-10 2.429730e-14 5.588697e-10 wire1070
 2.723564e-10 2.855722e-10 2.429730e-14 5.579530e-10 wire1064
 2.335893e-10 3.243275e-10 2.429730e-14 5.579411e-10 wire2228
 1.580595e-10 3.946601e-10 2.429730e-14 5.527439e-10 max_cap4894
 2.329054e-10 3.185778e-10 2.429730e-14 5.515075e-10 wire2226
 5.270712e-10 2.394364e-11 1.357317e-13 5.511505e-10 output63
 1.249752e-10 4.253757e-10 7.386903e-14 5.504249e-10 fanout5430
 2.747347e-10 2.720680e-10 2.429730e-14 5.468270e-10 wire1069
 2.794629e-10 2.667274e-10 2.429730e-14 5.462146e-10 max_cap402
 2.712945e-10 2.735785e-10 2.429730e-14 5.448973e-10 max_cap375
 2.745746e-10 2.698150e-10 2.429730e-14 5.444138e-10 wire1067
 2.773255e-10 2.663115e-10 2.429730e-14 5.436613e-10 max_cap3088
 1.595548e-10 3.824291e-10 7.768448e-14 5.420616e-10 max_cap5106
 2.004585e-10 3.415555e-10 2.429730e-14 5.420383e-10 max_cap4437
 2.231912e-10 3.167952e-10 2.429730e-14 5.400107e-10 max_cap1994
 7.061484e-11 4.680259e-10 5.206091e-14 5.386928e-10 _08153_
 2.844762e-10 2.529140e-10 2.429730e-14 5.374144e-10 max_cap530
 2.381347e-10 2.958768e-10 2.429730e-14 5.340358e-10 max_cap669
 2.728864e-10 2.611228e-10 2.429730e-14 5.340336e-10 max_cap1924
 1.995701e-10 3.344064e-10 2.429730e-14 5.340008e-10 max_cap482
 1.971362e-10 3.349847e-10 2.429730e-14 5.321452e-10 max_cap1388
 2.262890e-10 3.054683e-10 2.429730e-14 5.317816e-10 wire1988
 2.790158e-10 2.511747e-10 2.429730e-14 5.302148e-10 max_cap4407
 2.432542e-10 2.869117e-10 2.429730e-14 5.301901e-10 max_cap668
 2.066503e-10 3.207982e-10 2.429730e-14 5.274728e-10 max_cap4447
 2.850133e-10 2.423040e-10 2.429730e-14 5.273416e-10 max_cap2406
 2.227599e-10 3.006424e-10 2.429730e-14 5.234266e-10 wire1995
 2.303335e-10 2.909173e-10 2.429730e-14 5.212750e-10 max_cap4654
 2.277442e-10 2.906515e-10 2.429730e-14 5.184200e-10 max_cap1849
 1.619492e-10 3.540652e-10 6.756226e-14 5.160820e-10 max_cap127
 1.778753e-10 3.356368e-10 7.783417e-14 5.135899e-10 max_cap4980
 4.574570e-10 5.341779e-11 1.415813e-13 5.110164e-10 output40
 2.695759e-10 2.362057e-10 2.429730e-14 5.058059e-10 wire1073
 2.737790e-10 2.301497e-10 2.429730e-14 5.039530e-10 wire1062
 2.189009e-10 2.821146e-10 6.759681e-14 5.010832e-10 wire1861
 2.339054e-10 2.669667e-10 2.429730e-14 5.008964e-10 max_cap350
 1.677942e-10 3.323317e-10 2.429730e-14 5.001503e-10 wire5026
 2.119911e-10 2.847692e-10 2.429730e-14 4.967846e-10 max_cap3151
 1.663026e-10 3.284487e-10 7.783626e-14 4.948291e-10 max_cap4936
 1.467031e-10 3.456057e-10 7.773158e-14 4.923865e-10 max_cap4840
 3.014910e-10 1.892780e-10 2.429730e-14 4.907934e-10 max_cap817
 2.605048e-10 2.300469e-10 2.429730e-14 4.905761e-10 wire1045
 2.509689e-10 2.395552e-10 2.429730e-14 4.905485e-10 max_cap4512
 2.589509e-10 2.207166e-10 2.429730e-14 4.796918e-10 max_cap4506
 1.655441e-10 3.124538e-10 2.429730e-14 4.780222e-10 max_cap5028
 1.927489e-10 2.769960e-10 2.429730e-14 4.697693e-10 max_cap3183
 1.564644e-10 3.129792e-10 2.429730e-14 4.694679e-10 wire3058
 1.848881e-10 2.843338e-10 7.799118e-14 4.692999e-10 max_cap4966
 1.194670e-10 3.494521e-10 7.839106e-14 4.689975e-10 max_cap1406
 2.178777e-10 2.506596e-10 2.429730e-14 4.685616e-10 max_cap409
 2.203712e-10 2.476160e-10 6.759681e-14 4.680548e-10 wire1860
 1.920531e-10 2.738157e-10 2.429730e-14 4.658931e-10 max_cap2582
 2.017164e-10 2.638259e-10 2.429730e-14 4.655666e-10 wire1385
 1.656047e-10 2.987995e-10 2.429730e-14 4.644285e-10 max_cap5027
 2.742054e-10 1.850431e-10 2.429730e-14 4.592728e-10 wire1061
 1.200820e-10 3.382732e-10 6.755808e-14 4.584227e-10 max_cap284
 1.924072e-10 2.659515e-10 2.429730e-14 4.583830e-10 wire2584
 3.023767e-10 1.550439e-10 2.429730e-14 4.574449e-10 max_cap1473
 2.665835e-10 1.900152e-10 2.429730e-14 4.566230e-10 wire1044
 2.660994e-10 1.904093e-10 2.429730e-14 4.565330e-10 max_cap4430
 1.565112e-10 2.946373e-10 2.429730e-14 4.511728e-10 max_cap3248
 1.917798e-10 2.562467e-10 2.429730e-14 4.480507e-10 wire2583
 1.564005e-10 2.888012e-10 2.429730e-14 4.452261e-10 wire3056
 2.223743e-10 2.221905e-10 2.429730e-14 4.445891e-10 wire1987
 1.023015e-10 3.361032e-10 2.429730e-14 4.384290e-10 wire1446
 2.113510e-10 2.220418e-10 2.429730e-14 4.334171e-10 max_cap1652
 1.896249e-10 2.429308e-10 2.429730e-14 4.325801e-10 max_cap2585
 1.443116e-10 2.860134e-10 7.838790e-14 4.304034e-10 max_cap1408
 3.567678e-10 7.327636e-11 1.307478e-13 4.301750e-10 output64
 2.216193e-10 2.074462e-10 2.429730e-14 4.290898e-10 max_cap3163
 2.170535e-10 2.119317e-10 2.429730e-14 4.290095e-10 max_cap4401
 1.468177e-10 2.785167e-10 2.429730e-14 4.253587e-10 max_cap211
 2.666494e-10 1.565842e-10 2.429730e-14 4.232579e-10 wire1043
 1.559232e-10 2.672030e-10 2.429730e-14 4.231504e-10 wire3055
 9.181181e-11 3.305737e-10 7.781428e-14 4.224633e-10 fanout4708
 2.308438e-10 1.896301e-10 2.429730e-14 4.204982e-10 wire349
 1.919669e-10 2.281019e-10 2.429730e-14 4.200930e-10 wire2580
 1.256141e-10 2.899526e-10 7.386903e-14 4.156406e-10 max_cap5433
 2.466348e-10 1.675856e-10 2.429730e-14 4.142447e-10 max_cap4432
 1.561256e-10 2.549123e-10 2.429730e-14 4.110622e-10 wire3054
 2.670230e-10 1.406577e-10 2.429730e-14 4.077050e-10 wire1042
 1.918825e-10 2.144305e-10 2.429730e-14 4.063373e-10 max_cap736
 1.337880e-10 2.720959e-10 2.429730e-14 4.059082e-10 max_cap1867
 1.547482e-10 2.499261e-10 2.429730e-14 4.046986e-10 wire3059
 2.588799e-10 1.422152e-10 2.429730e-14 4.011194e-10 max_cap1046
 1.989861e-10 2.008527e-10 2.429730e-14 3.998631e-10 max_cap481
 1.527353e-10 2.467585e-10 2.429730e-14 3.995181e-10 max_cap4459
 1.161102e-10 2.831065e-10 7.768343e-14 3.992944e-10 max_cap4665
 2.009764e-10 1.953065e-10 2.429730e-14 3.963072e-10 max_cap1386
 2.100076e-10 1.848134e-10 2.429730e-14 3.948452e-10 max_cap3125
 1.058567e-10 2.875095e-10 2.429730e-14 3.933905e-10 _17149_
 1.267720e-10 2.611568e-10 7.386903e-14 3.880026e-10 max_cap5432
 2.531412e-10 1.328669e-10 2.429730e-14 3.860324e-10 max_cap4507
 1.714030e-10 2.128490e-10 2.429730e-14 3.842763e-10 wire1128
 1.205075e-10 2.604160e-10 2.429730e-14 3.809479e-10 max_cap5273
 2.290960e-10 1.516628e-10 2.429730e-14 3.807831e-10 max_cap1848
 1.957321e-10 1.824070e-10 2.429730e-14 3.781633e-10 max_cap1389
 1.368466e-10 2.401506e-10 2.429730e-14 3.770215e-10 wire1863
 9.127476e-11 2.824884e-10 2.429730e-14 3.737875e-10 wire4754
 1.985149e-10 1.751689e-10 2.429730e-14 3.737081e-10 wire480
 3.460048e-10 2.167358e-11 1.449966e-13 3.678233e-10 output18
 1.420093e-10 2.251538e-10 2.429730e-14 3.671874e-10 max_cap138
 1.906190e-10 1.740431e-10 2.429730e-14 3.646864e-10 max_cap2581
 1.623176e-10 2.021587e-10 2.429730e-14 3.645006e-10 max_cap541
 1.363233e-10 2.273787e-10 2.429730e-14 3.637263e-10 wire1864
 1.695447e-10 1.934080e-10 2.429730e-14 3.629770e-10 wire1126
 2.148238e-10 1.481116e-10 2.429730e-14 3.629597e-10 max_cap1651
 2.020824e-10 1.587206e-10 2.429730e-14 3.608273e-10 max_cap479
 1.915403e-10 1.679538e-10 2.429730e-14 3.595183e-10 max_cap2579
 8.541406e-11 2.734878e-10 2.429730e-14 3.589261e-10 max_cap5455
 1.691768e-10 1.855301e-10 2.429730e-14 3.547312e-10 wire1125
 1.366514e-10 2.177433e-10 2.429730e-14 3.544190e-10 wire1862
 1.107836e-10 2.429590e-10 7.737149e-14 3.538199e-10 max_cap5090
 1.686979e-10 1.840286e-10 2.429730e-14 3.527507e-10 wire1127
 1.692174e-10 1.785585e-10 2.429730e-14 3.478002e-10 wire1124
 1.401499e-10 2.068481e-10 2.429730e-14 3.470223e-10 max_cap139
 1.489877e-10 1.965394e-10 2.429730e-14 3.455514e-10 max_cap210
 1.822976e-10 1.602478e-10 2.429730e-14 3.425697e-10 max_cap423
 1.950285e-10 1.459188e-10 2.429730e-14 3.409715e-10 wire1387
 1.713327e-10 1.679972e-10 2.429730e-14 3.393542e-10 max_cap4451
 2.768100e-10 5.878235e-11 1.302704e-13 3.357226e-10 output42
 1.561575e-10 1.777911e-10 2.429730e-14 3.339729e-10 max_cap3211
 1.293360e-10 2.045197e-10 2.429730e-14 3.338801e-10 max_cap505
 1.694889e-10 1.569461e-10 2.429730e-14 3.264593e-10 wire1122
 1.236184e-10 2.026204e-10 2.429730e-14 3.262630e-10 max_cap3142
 8.914926e-11 2.367441e-10 6.753714e-14 3.259609e-10 max_cap310
 1.688964e-10 1.544833e-10 2.429730e-14 3.234041e-10 wire1123
 1.059673e-10 2.105001e-10 2.429730e-14 3.164916e-10 _17141_
 1.339471e-10 1.815008e-10 2.429730e-14 3.154722e-10 wire1866
 1.096975e-10 2.047673e-10 2.429730e-14 3.144891e-10 wire2384
 1.097023e-10 2.046317e-10 2.429730e-14 3.143583e-10 wire2382
 1.379897e-10 1.758822e-10 6.756855e-14 3.139395e-10 wire2593
 2.755480e-10 3.739034e-11 1.302704e-13 3.130686e-10 output51
 2.746734e-10 3.631377e-11 1.302704e-13 3.111174e-10 output43
 2.749670e-10 3.393617e-11 1.302704e-13 3.090334e-10 output44
 1.084701e-10 1.998647e-10 2.429730e-14 3.083591e-10 max_cap362
 1.549062e-10 1.520713e-10 2.429730e-14 3.070018e-10 wire3057
 2.743236e-10 2.790102e-11 1.302704e-13 3.023548e-10 output50
 1.541408e-10 1.469993e-10 2.429730e-14 3.011644e-10 max_cap4893
 1.094247e-10 1.910970e-10 2.429730e-14 3.005459e-10 wire2381
 1.912908e-10 1.091128e-10 2.429730e-14 3.004278e-10 max_cap3182
 2.724207e-10 2.758237e-11 1.302704e-13 3.001333e-10 output56
 1.231293e-10 1.762784e-10 2.429730e-14 2.994320e-10 max_cap3143
 2.748988e-10 2.384576e-11 1.302704e-13 2.988748e-10 output54
 1.572041e-10 1.415508e-10 2.429730e-14 2.987792e-10 max_cap4895
 1.059420e-10 1.899796e-10 2.429730e-14 2.959459e-10 _17145_
 2.734829e-10 2.178539e-11 1.302704e-13 2.953986e-10 output46
 2.747262e-10 1.984965e-11 1.302704e-13 2.947061e-10 output45
 1.393778e-10 1.549722e-10 6.756855e-14 2.944175e-10 wire2591
 2.726433e-10 2.131628e-11 1.302704e-13 2.940898e-10 output55
 1.100994e-10 1.828079e-10 2.429730e-14 2.929316e-10 wire2385
 2.738843e-10 1.879510e-11 1.302704e-13 2.928097e-10 output49
 2.738169e-10 1.860928e-11 1.302704e-13 2.925565e-10 output53
 1.094020e-10 1.823335e-10 2.429730e-14 2.917598e-10 wire2383
 2.742772e-10 1.709048e-11 1.302704e-13 2.914980e-10 output47
 2.735515e-10 1.605161e-11 1.302704e-13 2.897333e-10 output48
 8.884719e-11 2.008503e-10 2.429730e-14 2.897218e-10 max_cap569
 7.984625e-11 2.094500e-10 2.429730e-14 2.893205e-10 max_cap418
 9.486571e-11 1.942822e-10 2.429730e-14 2.891722e-10 max_cap319
 1.388098e-10 1.451601e-10 6.756855e-14 2.840375e-10 wire2592
 1.905921e-10 9.087989e-11 2.429730e-14 2.814963e-10 max_cap2586
 9.377217e-11 1.867223e-10 2.429730e-14 2.805187e-10 max_cap320
 1.518527e-10 1.247367e-10 2.429730e-14 2.766137e-10 max_cap4458
 1.057624e-10 1.690908e-10 2.429730e-14 2.748775e-10 _17146_
 1.307715e-10 1.431446e-10 2.429730e-14 2.739405e-10 max_cap504
 1.097460e-10 1.579145e-10 7.749083e-14 2.677380e-10 max_cap4723
 1.647297e-10 1.011854e-10 2.429730e-14 2.659394e-10 max_cap1129
 1.300255e-10 1.352153e-10 2.429730e-14 2.652651e-10 max_cap523
 1.351750e-10 1.296283e-10 2.429730e-14 2.648276e-10 wire1947
 1.057516e-10 1.590233e-10 2.429730e-14 2.647991e-10 _17143_
 8.723050e-11 1.769709e-10 2.429730e-14 2.642256e-10 max_cap2597
 1.057507e-10 1.581882e-10 2.429730e-14 2.639632e-10 _17147_
 8.522012e-11 1.775068e-10 2.429730e-14 2.627512e-10 max_cap176
 1.058993e-10 1.553061e-10 2.429730e-14 2.612297e-10 _17144_
 1.082495e-10 1.521002e-10 2.429730e-14 2.603740e-10 wire2387
 1.542250e-10 1.036996e-10 2.429730e-14 2.579489e-10 max_cap4424
 1.577729e-10 9.989262e-11 2.429730e-14 2.576898e-10 max_cap642
 1.021680e-10 1.524808e-10 2.429730e-14 2.546731e-10 max_cap629
 1.188246e-10 1.332659e-10 2.429730e-14 2.521148e-10 max_cap413
 1.365182e-10 1.126881e-10 2.429730e-14 2.492306e-10 max_cap1865
 5.738945e-11 1.870110e-10 2.429730e-14 2.444247e-10 fanout4709
 8.602755e-11 1.578269e-10 2.429730e-14 2.438787e-10 wire2596
 8.636327e-11 1.567183e-10 2.429730e-14 2.431058e-10 wire2594
 6.915517e-11 1.688402e-10 2.429730e-14 2.380196e-10 max_cap4724
 5.467439e-11 1.820271e-10 7.810529e-14 2.367796e-10 fanout4651
 8.008643e-11 1.552148e-10 2.429730e-14 2.353256e-10 max_cap419
 8.620954e-11 1.461474e-10 2.429730e-14 2.323813e-10 wire2595
 5.093056e-11 1.812138e-10 6.761146e-14 2.322120e-10 max_cap283
 1.058261e-10 1.238701e-10 2.429730e-14 2.297205e-10 _17148_
 2.013478e-10 2.773140e-11 1.415183e-13 2.292207e-10 output27
 1.404320e-10 8.841040e-11 2.429730e-14 2.288667e-10 wire137
 6.402771e-11 1.636398e-10 7.840257e-14 2.277459e-10 max_cap177
 1.057894e-10 1.219154e-10 2.429730e-14 2.277291e-10 _17142_
 2.019944e-10 2.502602e-11 1.415183e-13 2.271620e-10 output30
 1.361094e-10 9.042236e-11 2.429730e-14 2.265561e-10 max_cap401
 1.410481e-10 8.449874e-11 2.429730e-14 2.255712e-10 wire1946
 2.016613e-10 2.263861e-11 1.415183e-13 2.244414e-10 output22
 1.112558e-10 1.116535e-10 2.429730e-14 2.229335e-10 max_cap1035
 2.004429e-10 1.663683e-11 1.415183e-13 2.172212e-10 output23
 1.054311e-10 1.106566e-10 2.429730e-14 2.161120e-10 _17140_
 2.009537e-10 1.463345e-11 1.415183e-13 2.157287e-10 output25
 6.288271e-11 1.524719e-10 2.429730e-14 2.153789e-10 max_cap224
 2.000689e-10 1.331495e-11 1.415183e-13 2.135254e-10 output26
 2.008920e-10 1.206061e-11 1.415183e-13 2.130941e-10 output29
 8.226630e-11 1.303213e-10 2.429730e-14 2.126119e-10 max_cap416
 5.706194e-11 1.543743e-10 7.839628e-14 2.115146e-10 max_cap204
 1.342874e-10 7.643260e-11 2.429730e-14 2.107444e-10 max_cap1948
 1.983995e-10 1.218337e-11 1.415183e-13 2.107244e-10 output32
 1.989415e-10 1.139327e-11 1.415183e-13 2.104762e-10 output19
 1.036569e-10 1.060032e-10 2.429730e-14 2.096844e-10 max_cap628
 2.006635e-10 8.784399e-12 1.415183e-13 2.095895e-10 output31
 1.983907e-10 1.078030e-11 1.415183e-13 2.093125e-10 output20
 2.006161e-10 8.129628e-12 1.415183e-13 2.088872e-10 output24
 2.005224e-10 7.887039e-12 1.415183e-13 2.085510e-10 output21
 3.203850e-11 1.726323e-10 7.840151e-14 2.047492e-10 wire1501
 6.112209e-11 1.430912e-10 2.429730e-14 2.042375e-10 max_cap228
 6.716101e-11 1.322046e-10 2.429730e-14 1.993899e-10 max_cap471
 1.095818e-10 8.902681e-11 2.429730e-14 1.986330e-10 wire360
 8.960835e-11 1.078735e-10 2.429730e-14 1.975062e-10 max_cap567
 1.218219e-10 7.555876e-11 2.429730e-14 1.974049e-10 max_cap3141
 1.092296e-10 8.793155e-11 2.429730e-14 1.971854e-10 max_cap2386
 6.270225e-11 1.321698e-10 2.429730e-14 1.948964e-10 max_cap225
 7.789710e-11 1.090703e-10 2.429730e-14 1.869917e-10 _17136_
 4.189743e-11 1.442754e-10 7.826753e-14 1.862511e-10 fanout4855
 8.644851e-11 9.627405e-11 2.429730e-14 1.827469e-10 wire2598
 7.052424e-11 1.112242e-10 2.429730e-14 1.817727e-10 max_cap203
 1.164001e-10 6.219999e-11 2.429730e-14 1.786244e-10 wire1853
 8.517043e-11 9.318789e-11 2.429730e-14 1.783826e-10 max_cap175
 7.787383e-11 9.880415e-11 2.429730e-14 1.767023e-10 _17135_
 6.520707e-11 1.113393e-10 2.429730e-14 1.765706e-10 max_cap258
 6.796155e-11 1.076878e-10 2.429730e-14 1.756737e-10 wire229
 1.987036e-11 1.556180e-10 6.753400e-14 1.755559e-10 wire262
 6.800296e-11 1.068448e-10 2.429730e-14 1.748721e-10 max_cap509
 7.786684e-11 9.572433e-11 2.429730e-14 1.736155e-10 _17132_
 8.848005e-11 8.372433e-11 2.429730e-14 1.722287e-10 wire568
 6.894263e-11 1.013669e-10 2.429730e-14 1.703338e-10 max_cap508
 8.154863e-11 8.790656e-11 2.429730e-14 1.694795e-10 max_cap417
 7.477550e-11 9.419139e-11 2.429730e-14 1.689912e-10 max_cap286
 3.589026e-11 1.302712e-10 7.833975e-14 1.662398e-10 fanout4764
 6.324805e-11 1.006392e-10 2.429730e-14 1.639116e-10 max_cap226
 1.088788e-10 5.493209e-11 2.429730e-14 1.638352e-10 max_cap361
 9.384530e-11 6.970134e-11 2.429730e-14 1.635709e-10 max_cap318
 6.524578e-11 9.115299e-11 2.429730e-14 1.564231e-10 max_cap255
 9.829074e-11 5.738371e-11 2.429730e-14 1.556987e-10 max_cap428
 7.174655e-11 8.335026e-11 2.429730e-14 1.551211e-10 max_cap500
 6.765198e-11 8.689246e-11 2.429730e-14 1.545687e-10 max_cap470
 7.995440e-11 7.453012e-11 2.429730e-14 1.545088e-10 wire643
 6.801902e-11 8.492088e-11 2.429730e-14 1.529642e-10 wire249
 6.139978e-11 9.008419e-11 2.429730e-14 1.515083e-10 max_cap227
 6.811703e-11 8.141010e-11 2.429730e-14 1.495514e-10 wire252
 6.895638e-11 8.003113e-11 2.429730e-14 1.490118e-10 max_cap507
 6.783372e-11 8.037911e-11 2.429730e-14 1.482371e-10 wire245
 9.355412e-11 5.397689e-11 2.429730e-14 1.475553e-10 wire317
 2.747176e-11 1.195985e-10 2.429730e-14 1.470945e-10 wire5458
 6.770828e-11 7.896761e-11 2.429730e-14 1.467002e-10 wire237
 5.708671e-11 8.852811e-11 6.753295e-14 1.456823e-10 max_cap359
 6.736884e-11 7.783783e-11 2.429730e-14 1.452310e-10 wire248
 4.799201e-11 9.716530e-11 2.429730e-14 1.451816e-10 max_cap4827
 8.690080e-11 5.804133e-11 2.429730e-14 1.449664e-10 max_cap2590
 9.554271e-11 4.923962e-11 2.429730e-14 1.448066e-10 wire316
 6.765963e-11 7.652391e-11 2.429730e-14 1.442078e-10 wire243
 6.764595e-11 7.652200e-11 2.429730e-14 1.441923e-10 wire235
 5.509652e-11 8.888439e-11 2.429730e-14 1.440052e-10 max_cap173
 6.756019e-11 7.443846e-11 2.429730e-14 1.420229e-10 wire240
 4.738692e-11 9.430021e-11 2.429730e-14 1.417114e-10 wire4826
 6.777189e-11 7.377893e-11 2.429730e-14 1.415751e-10 wire241
 8.601201e-11 5.462128e-11 2.429730e-14 1.406576e-10 max_cap174
 4.836984e-11 9.136738e-11 2.429730e-14 1.397615e-10 max_cap5454
 6.739086e-11 7.181366e-11 2.429730e-14 1.392288e-10 wire236
 6.734685e-11 7.121759e-11 2.429730e-14 1.385887e-10 wire244
 6.760610e-11 7.081194e-11 2.429730e-14 1.384423e-10 wire232
 6.775856e-11 7.058926e-11 2.429730e-14 1.383721e-10 wire238
 6.674793e-11 7.148409e-11 2.429730e-14 1.382563e-10 wire256
 6.740360e-11 6.963478e-11 2.429730e-14 1.370627e-10 wire234
 6.753716e-11 6.856597e-11 2.429730e-14 1.361274e-10 wire233
 7.561989e-11 5.996222e-11 2.429730e-14 1.356064e-10 max_cap285
 1.528035e-11 1.182748e-10 3.845111e-13 1.339397e-10 hold47
 5.352326e-11 7.965081e-11 2.429730e-14 1.331984e-10 max_cap5300
 6.729366e-11 6.553270e-11 2.429730e-14 1.328507e-10 wire247
 6.756071e-11 6.512337e-11 2.429730e-14 1.327084e-10 wire246
 6.741897e-11 6.395319e-11 2.429730e-14 1.313965e-10 wire231
 7.715281e-11 5.416486e-11 2.429730e-14 1.313420e-10 _17131_
 6.729201e-11 6.395079e-11 2.429730e-14 1.312671e-10 wire242
 7.953656e-11 5.159752e-11 2.429730e-14 1.311584e-10 max_cap644
 4.393376e-11 8.716497e-11 2.429730e-14 1.311230e-10 max_cap395
 6.729518e-11 6.176600e-11 2.429730e-14 1.290855e-10 wire239
 3.201349e-11 9.647315e-11 2.429730e-14 1.285109e-10 max_cap5450
 7.709391e-11 5.101940e-11 2.429730e-14 1.281376e-10 _17134_
 7.128673e-11 5.583894e-11 2.429730e-14 1.271500e-10 wire201
 6.710197e-11 5.982344e-11 2.429730e-14 1.269497e-10 wire251
 6.747250e-11 5.896264e-11 2.429730e-14 1.264594e-10 wire230
 7.684543e-11 4.911023e-11 2.429730e-14 1.259800e-10 _17138_
 6.749495e-11 5.708251e-11 2.429730e-14 1.246018e-10 wire250
 7.123634e-11 5.309777e-11 2.429730e-14 1.243584e-10 max_cap202
 5.819341e-11 6.316395e-11 2.429730e-14 1.213817e-10 max_cap5272
 2.843319e-11 9.162116e-11 2.429730e-14 1.200787e-10 max_cap4753
 5.440162e-11 6.549174e-11 2.429730e-14 1.199177e-10 max_cap5299
 1.998730e-11 9.973309e-11 6.753400e-14 1.197879e-10 max_cap263
 6.671608e-11 5.299764e-11 2.429730e-14 1.197380e-10 wire253
 7.687024e-11 4.004394e-11 2.429730e-14 1.169385e-10 _17137_
 4.721350e-11 6.902182e-11 2.429730e-14 1.162596e-10 max_cap3242
 7.680689e-11 3.873444e-11 2.429730e-14 1.155656e-10 _17130_
 5.698620e-11 5.793015e-11 2.429730e-14 1.149406e-10 max_cap215
 3.451565e-11 8.006623e-11 2.429730e-14 1.146062e-10 max_cap4652
 6.631000e-11 4.770155e-11 2.429730e-14 1.140359e-10 max_cap257
 6.393825e-11 4.885818e-11 2.429730e-14 1.128207e-10 max_cap545
 4.428070e-11 6.843343e-11 2.429730e-14 1.127384e-10 wire4393
 6.733135e-11 4.506644e-11 2.429730e-14 1.124221e-10 max_cap506
 7.665012e-11 3.549380e-11 2.429730e-14 1.121682e-10 _17139_
 7.661035e-11 3.467173e-11 2.429730e-14 1.113064e-10 _17133_
 6.649005e-11 4.096674e-11 2.429730e-14 1.074811e-10 max_cap254
 5.678377e-11 4.798788e-11 2.429730e-14 1.047959e-10 wire214
 5.479771e-11 4.965628e-11 2.429730e-14 1.044783e-10 max_cap172
 5.592661e-11 4.801337e-11 2.429730e-14 1.039643e-10 max_cap171
 5.523841e-11 4.838348e-11 2.429730e-14 1.036462e-10 max_cap216
 2.016063e-11 8.298463e-11 6.754343e-14 1.032128e-10 max_cap272
 4.430421e-11 5.887926e-11 2.429730e-14 1.032078e-10 wire380
 4.400840e-11 5.869647e-11 2.429730e-14 1.027292e-10 wire1439
 6.947703e-11 3.307104e-11 2.429730e-14 1.025724e-10 max_cap200
 4.406291e-11 5.670535e-11 2.429730e-14 1.007926e-10 max_cap393
 4.288679e-11 5.739385e-11 2.429730e-14 1.003049e-10 max_cap396
 4.036085e-11 5.971978e-11 2.429730e-14 1.001049e-10 max_cap111
 3.234552e-11 6.709185e-11 6.752669e-14 9.950490e-11 max_cap309
 3.570783e-11 6.286479e-11 7.803620e-14 9.865066e-11 max_cap4908
 4.386716e-11 5.359413e-11 2.429730e-14 9.748560e-11 wire1438
 4.399421e-11 5.286072e-11 2.429730e-14 9.687923e-11 wire1440
 4.350057e-11 5.324065e-11 2.429730e-14 9.676553e-11 max_cap3236
 4.340665e-11 5.319980e-11 2.429730e-14 9.663075e-11 max_cap1441
 4.479624e-11 4.828499e-11 2.429730e-14 9.310552e-11 max_cap4417
 4.415425e-11 4.890738e-11 2.429730e-14 9.308593e-11 wire385
 4.342826e-11 4.943430e-11 2.429730e-14 9.288686e-11 max_cap394
 4.413459e-11 4.795531e-11 2.429730e-14 9.211421e-11 wire388
 5.517354e-11 3.546100e-11 2.429730e-14 9.065883e-11 max_cap5298
 5.567479e-11 3.431881e-11 2.429730e-14 9.001790e-11 wire170
 4.418871e-11 4.432809e-11 2.429730e-14 8.854111e-11 wire386
 4.410772e-11 4.435312e-11 2.429730e-14 8.848515e-11 wire389
 4.353697e-11 4.473046e-11 2.429730e-14 8.829172e-11 max_cap4392
 4.393979e-11 4.331256e-11 2.429730e-14 8.727665e-11 wire384
 4.405593e-11 4.285891e-11 2.429730e-14 8.693914e-11 wire383
 4.412697e-11 4.271928e-11 2.429730e-14 8.687055e-11 wire391
 4.405957e-11 4.236402e-11 2.429730e-14 8.644789e-11 wire390
 4.404217e-11 4.165897e-11 2.429730e-14 8.572545e-11 wire382
 4.323879e-11 4.239041e-11 2.429730e-14 8.565350e-11 wire1436
 4.379048e-11 4.108150e-11 2.429730e-14 8.489628e-11 wire1437
 1.661672e-11 6.816420e-11 2.429730e-14 8.480522e-11 max_cap5457
 2.822642e-11 5.631715e-11 2.429730e-14 8.456787e-11 max_cap5302
 4.370069e-11 4.010563e-11 2.429730e-14 8.383062e-11 wire392
 4.402755e-11 3.957668e-11 2.429730e-14 8.362852e-11 wire381
 4.387288e-11 3.885247e-11 2.429730e-14 8.274965e-11 wire387
 3.639105e-11 4.400458e-11 2.429730e-14 8.041992e-11 max_cap157
 4.054950e-11 3.403276e-11 2.429730e-14 7.460656e-11 max_cap110
 2.813715e-11 4.173704e-11 2.429730e-14 6.989849e-11 max_cap5303
 3.336730e-11 3.514534e-11 2.429730e-14 6.853694e-11 max_cap376
 2.005057e-11 4.740756e-11 6.752354e-14 6.752566e-11 max_cap5459
 1.720712e-11 4.841653e-11 7.837639e-14 6.570203e-11 max_cap4924
 3.680065e-11 2.495293e-11 2.429730e-14 6.177787e-11 max_cap156
 2.184429e-11 3.660462e-11 2.429730e-14 5.847321e-11 max_cap532
 2.582719e-11 3.147381e-11 2.429730e-14 5.732530e-11 max_cap588
 1.271019e-11 4.378961e-11 2.429730e-14 5.652410e-11 max_cap5452
 2.026244e-11 3.347094e-11 2.429730e-14 5.375768e-11 max_cap1396
 2.786795e-11 2.549264e-11 2.429730e-14 5.338489e-11 max_cap5301
 1.705114e-11 3.535933e-11 7.837639e-14 5.248885e-11 max_cap4923
 2.036289e-11 2.598569e-11 2.429730e-14 4.637287e-11 max_cap1395
 2.027999e-11 2.575495e-11 2.429730e-14 4.605924e-11 max_cap5297
 2.614682e-11 1.791354e-11 2.429730e-14 4.408466e-11 max_cap587
 1.283244e-11 3.059096e-11 2.429730e-14 4.344769e-11 max_cap5448
 1.649780e-11 2.660723e-11 2.429730e-14 4.312933e-11 max_cap277
 1.602699e-11 2.675274e-11 2.429730e-14 4.280403e-11 max_cap278
 7.964530e-12 3.400713e-11 1.641609e-13 4.213582e-11 fanout5570
 2.004783e-11 2.198999e-11 2.429730e-14 4.206212e-11 max_cap5304
 2.213864e-11 1.776297e-11 2.429730e-14 3.992590e-11 max_cap531
 1.259596e-11 2.652833e-11 2.429730e-14 3.914858e-11 max_cap3259
 2.012594e-11 1.776712e-11 2.429730e-14 3.791736e-11 max_cap4455
 2.017535e-11 1.619809e-11 2.429730e-14 3.639774e-11 max_cap3212
 1.228584e-11 2.376914e-11 2.429730e-14 3.607927e-11 max_cap3260
 1.255356e-11 2.294003e-11 2.429730e-14 3.551789e-11 max_cap3229
 8.854115e-12 2.651732e-11 2.429730e-14 3.539573e-11 wire5456
 2.030620e-11 1.380419e-11 2.429730e-14 3.413468e-11 max_cap5296
 7.755304e-12 2.563046e-11 6.753295e-14 3.345330e-11 max_cap274
 4.573690e-12 2.658368e-11 7.838685e-14 3.123576e-11 fanout5515
 1.598081e-11 1.429618e-11 2.429730e-14 3.030129e-11 max_cap275
 1.638259e-11 1.376074e-11 2.429730e-14 3.016763e-11 max_cap276
 4.608944e-12 2.309462e-11 7.838685e-14 2.778195e-11 fanout5539
 9.535844e-12 1.762630e-11 2.429730e-14 2.718644e-11 max_cap443
 4.602326e-12 2.239029e-11 7.838685e-14 2.707101e-11 fanout5501
 4.623020e-12 2.219487e-11 7.838685e-14 2.689628e-11 fanout5556
 4.614744e-12 2.214666e-11 7.838685e-14 2.683980e-11 fanout5545
 4.611781e-12 2.195275e-11 7.838685e-14 2.664292e-11 fanout5499
 4.601186e-12 2.189511e-11 7.838685e-14 2.657469e-11 fanout5537
 4.612966e-12 2.177489e-11 7.838685e-14 2.646625e-11 fanout5527
 4.621533e-12 2.139789e-11 7.838685e-14 2.609781e-11 fanout5523
 4.576182e-12 2.137954e-11 7.838685e-14 2.603411e-11 fanout5481
 4.559304e-12 2.066514e-11 7.838685e-14 2.530283e-11 fanout5540
 4.571430e-12 2.065152e-11 7.838685e-14 2.530134e-11 fanout5517
 4.620778e-12 2.054618e-11 7.838685e-14 2.524534e-11 fanout5549
 4.587969e-12 2.040271e-11 7.838685e-14 2.506907e-11 fanout5500
 4.614206e-12 2.016051e-11 7.838685e-14 2.485310e-11 fanout5491
 4.603220e-12 2.014836e-11 7.838685e-14 2.482996e-11 fanout5529
 4.626563e-12 2.005447e-11 7.838685e-14 2.475942e-11 fanout5479
 4.592898e-12 1.990952e-11 7.838685e-14 2.458080e-11 fanout5541
 4.627289e-12 1.987024e-11 7.838685e-14 2.457591e-11 fanout5533
 4.624324e-12 1.984136e-11 7.838685e-14 2.454407e-11 fanout5521
 4.607386e-12 1.983718e-11 7.838685e-14 2.452295e-11 fanout5555
 4.606794e-12 1.971948e-11 7.838685e-14 2.440466e-11 fanout5564
 4.612258e-12 1.971277e-11 7.838685e-14 2.440342e-11 fanout5483
 4.615569e-12 1.966310e-11 7.838685e-14 2.435706e-11 fanout5554
 4.618238e-12 1.952227e-11 7.838685e-14 2.421890e-11 fanout5562
 4.609015e-12 1.948910e-11 7.838685e-14 2.417650e-11 fanout5510
 4.617031e-12 1.941789e-11 7.838685e-14 2.411331e-11 fanout5477
 4.623862e-12 1.936782e-11 7.838685e-14 2.407007e-11 fanout5520
 1.608889e-11 7.813149e-12 2.429730e-14 2.392634e-11 max_cap3257
 4.633124e-12 1.913932e-11 7.838685e-14 2.385083e-11 fanout5508
 4.609386e-12 1.915252e-11 7.838685e-14 2.384029e-11 fanout5507
 4.618935e-12 1.914205e-11 7.838685e-14 2.383937e-11 fanout5482
 4.620924e-12 1.889737e-11 7.838685e-14 2.359669e-11 fanout5519
 4.588689e-12 1.885847e-11 7.838685e-14 2.352555e-11 fanout5495
 4.619775e-12 1.873810e-11 7.838685e-14 2.343627e-11 fanout5553
 4.557039e-12 1.867866e-11 7.838685e-14 2.331408e-11 fanout5550
 4.630109e-12 1.854857e-11 7.838685e-14 2.325706e-11 fanout5557
 4.613848e-12 1.853675e-11 7.838685e-14 2.322898e-11 fanout5484
 1.055098e-11 1.263944e-11 2.429730e-14 2.321471e-11 max_cap3147
 4.610517e-12 1.844445e-11 7.838685e-14 2.313335e-11 fanout5525
 4.609319e-12 1.842206e-11 7.838685e-14 2.310977e-11 fanout5559
 4.608873e-12 1.841661e-11 7.838685e-14 2.310387e-11 fanout5488
 4.617450e-12 1.835864e-11 7.838685e-14 2.305448e-11 fanout5561
 4.628740e-12 1.822463e-11 7.838685e-14 2.293175e-11 fanout5566
 4.610629e-12 1.818785e-11 7.838685e-14 2.287687e-11 fanout5536
 4.615999e-12 1.811561e-11 7.838685e-14 2.281000e-11 fanout5531
 4.610580e-12 1.807354e-11 7.838685e-14 2.276251e-11 fanout5502
 4.630833e-12 1.803752e-11 7.838685e-14 2.274675e-11 fanout5532
 4.625250e-12 1.796836e-11 7.838685e-14 2.267200e-11 fanout5547
 4.605353e-12 1.785629e-11 7.838685e-14 2.254003e-11 fanout5538
 9.678191e-12 1.280026e-11 2.429730e-14 2.250275e-11 max_cap442
 4.668302e-12 1.774273e-11 7.838162e-14 2.248941e-11 fanout4892
 4.631536e-12 1.767423e-11 7.838685e-14 2.238416e-11 fanout5534
 4.614939e-12 1.768681e-11 7.838685e-14 2.238013e-11 fanout5486
 4.575552e-12 1.771757e-11 7.838685e-14 2.237151e-11 fanout5493
 4.621599e-12 1.758652e-11 7.838685e-14 2.228650e-11 fanout5551
 4.570274e-12 1.758255e-11 7.838685e-14 2.223121e-11 fanout5516
 4.613696e-12 1.751400e-11 7.838685e-14 2.220608e-11 fanout5480
 4.605743e-12 1.747810e-11 7.838685e-14 2.216223e-11 fanout5535
 4.618836e-12 1.740695e-11 7.838685e-14 2.210417e-11 fanout5558
 4.619832e-12 1.712709e-11 7.838685e-14 2.182531e-11 fanout5504
 4.618149e-12 1.712541e-11 7.838685e-14 2.182195e-11 fanout5548
 4.612351e-12 1.647259e-11 7.838685e-14 2.116333e-11 fanout5509
 4.608706e-12 1.630768e-11 7.838685e-14 2.099477e-11 fanout5511
 4.900515e-12 1.584735e-11 2.429730e-14 2.077217e-11 max_cap5453
 4.631521e-12 1.582959e-11 7.838685e-14 2.053950e-11 fanout5522
 4.668487e-12 1.574806e-11 7.838372e-14 2.049493e-11 fanout4751
 4.620824e-12 1.577971e-11 7.838685e-14 2.047892e-11 fanout5498
 4.612507e-12 1.569007e-11 7.838685e-14 2.038097e-11 fanout5543
 4.602069e-12 1.532248e-11 7.838685e-14 2.000294e-11 fanout5568
 2.791037e-12 1.667964e-11 2.429730e-14 1.949498e-11 fanout5478
 4.822581e-12 1.432998e-11 2.429730e-14 1.917686e-11 max_cap1147
 4.646619e-12 1.440202e-11 7.838685e-14 1.912703e-11 fanout5497
 4.627376e-12 1.393978e-11 7.838685e-14 1.864554e-11 fanout5552
 4.898366e-12 1.255171e-11 2.429730e-14 1.747438e-11 wire5451
 1.036825e-11 4.920384e-12 2.429730e-14 1.531293e-11 max_cap534
 2.659081e-12 1.192019e-11 1.097000e-13 1.468897e-11 fanout5474
 2.840344e-12 1.141836e-11 2.429730e-14 1.428300e-11 fanout5528
 2.688595e-12 1.099306e-11 1.097000e-13 1.379135e-11 fanout5469
 2.842252e-12 1.052966e-11 2.429730e-14 1.339621e-11 fanout5503
 4.800727e-12 8.361198e-12 2.429730e-14 1.318622e-11 max_cap407
 2.855599e-12 9.968414e-12 2.429730e-14 1.284831e-11 fanout5563
 2.653895e-12 9.564939e-12 1.097000e-13 1.232853e-11 fanout5468
 2.863954e-12 9.298198e-12 2.429730e-14 1.218645e-11 fanout5506
 2.650979e-12 8.895063e-12 1.097000e-13 1.165574e-11 fanout5473
 4.844463e-12 6.604471e-12 2.429730e-14 1.147323e-11 max_cap405
 4.646935e-12 6.709262e-12 7.838372e-14 1.143458e-11 max_cap4824
 2.920233e-12 7.912100e-12 2.429730e-14 1.085663e-11 fanout4752
 4.643797e-12 5.373961e-12 7.838372e-14 1.009614e-11 max_cap4825
 2.900455e-12 7.152362e-12 2.429730e-14 1.007712e-11 max_cap512
 1.536598e-12 7.983508e-12 6.752040e-14 9.587627e-12 max_cap265
 1.551976e-12 7.386119e-12 7.841302e-14 9.016508e-12 max_cap513
 6.542248e-13 7.554065e-12 6.472495e-14 8.273015e-12 _08296_
 4.819131e-12 3.004831e-12 2.429730e-14 7.848259e-12 max_cap404
 1.557745e-12 6.069990e-12 6.752040e-14 7.695256e-12 fanout5475
 1.536136e-12 5.931821e-12 6.752040e-14 7.535477e-12 max_cap5465
 1.550352e-12 5.606184e-12 6.752040e-14 7.224056e-12 max_cap5275
 4.734566e-12 2.397437e-12 2.429730e-14 7.156301e-12 wire406
 9.185079e-13 5.888198e-12 2.429730e-14 6.831003e-12 wire2109
 9.189265e-13 5.886145e-12 2.429730e-14 6.829369e-12 max_cap5462
 1.899222e-12 4.475862e-12 2.429730e-14 6.399382e-12 max_cap164
 9.362291e-13 5.416859e-12 2.429730e-14 6.377385e-12 max_cap5464
 9.226772e-13 5.422353e-12 2.429730e-14 6.369328e-12 max_cap5288
 2.895713e-12 3.073144e-12 2.429730e-14 5.993154e-12 max_cap3121
 9.308535e-13 4.915621e-12 2.429730e-14 5.870772e-12 max_cap5289
 1.557750e-12 4.148010e-12 6.752040e-14 5.773281e-12 max_cap352
 1.555006e-12 4.088048e-12 6.752040e-14 5.710575e-12 max_cap355
 1.553734e-12 3.909760e-12 6.752040e-14 5.531014e-12 max_cap363
 1.550586e-12 3.888582e-12 6.752040e-14 5.506688e-12 max_cap344
 1.558387e-12 3.853031e-12 6.752040e-14 5.478938e-12 max_cap304
 2.921526e-12 2.354045e-12 2.429730e-14 5.299869e-12 max_cap3120
 2.858682e-12 2.265139e-12 2.429730e-14 5.148118e-12 max_cap410
 9.687858e-13 4.113254e-12 2.429730e-14 5.106338e-12 wire5285
 9.580314e-13 4.001539e-12 2.429730e-14 4.983867e-12 max_cap5460
 9.332366e-13 3.966624e-12 2.429730e-14 4.924158e-12 wire5290
 1.926433e-12 2.825679e-12 2.429730e-14 4.776409e-12 max_cap163
 1.910252e-12 2.759311e-12 2.429730e-14 4.693861e-12 max_cap154
 1.953332e-12 2.661095e-12 2.429730e-14 4.638724e-12 max_cap313
 9.371203e-13 3.644046e-12 2.429730e-14 4.605464e-12 max_cap4500
 9.359733e-13 3.548340e-12 2.429730e-14 4.508611e-12 max_cap5463
 1.916729e-12 2.425485e-12 2.429730e-14 4.366512e-12 max_cap314
 1.947423e-12 2.346557e-12 2.429730e-14 4.318278e-12 max_cap312
 9.559711e-13 3.276510e-12 2.429730e-14 4.256779e-12 max_cap5476
 9.384804e-13 3.132456e-12 2.429730e-14 4.095234e-12 max_cap271
 9.682715e-13 3.077442e-12 2.429730e-14 4.070011e-12 max_cap372
 9.691722e-13 3.030882e-12 2.429730e-14 4.024352e-12 wire5470
 1.938390e-12 1.991658e-12 2.429730e-14 3.954345e-12 wire161
 9.634078e-13 2.764571e-12 2.429730e-14 3.752276e-12 max_cap4497
 1.933236e-12 1.713440e-12 2.429730e-14 3.670974e-12 max_cap162
 1.542453e-12 2.026273e-12 6.752040e-14 3.636247e-12 max_cap5274
 9.710234e-13 2.632839e-12 2.429730e-14 3.628160e-12 wire307
 9.743531e-13 2.595852e-12 2.429730e-14 3.594503e-12 wire295
 9.696111e-13 2.462118e-12 2.429730e-14 3.456026e-12 max_cap220
 9.426937e-13 2.477933e-12 2.429730e-14 3.444924e-12 max_cap5291
 9.535360e-13 2.465082e-12 2.429730e-14 3.442915e-12 max_cap4499
 9.665948e-13 2.421638e-12 2.429730e-14 3.412531e-12 max_cap399
 9.609768e-13 2.425493e-12 2.429730e-14 3.410768e-12 max_cap4496
 1.929467e-12 1.443302e-12 2.429730e-14 3.397066e-12 max_cap153
 9.799532e-13 2.366365e-12 2.429730e-14 3.370616e-12 max_cap5449
 9.662659e-13 2.351943e-12 2.429730e-14 3.342506e-12 max_cap331
 9.729549e-13 2.327753e-12 2.429730e-14 3.325005e-12 wire187
 1.900155e-12 1.378091e-12 2.429730e-14 3.302542e-12 wire311
 1.883772e-12 1.323713e-12 2.429730e-14 3.231782e-12 wire160
 9.630330e-13 2.244433e-12 2.429730e-14 3.231763e-12 max_cap4498
 9.715470e-13 2.225914e-12 2.429730e-14 3.221758e-12 max_cap70
 9.643204e-13 2.200985e-12 2.429730e-14 3.189603e-12 max_cap5461
 9.486064e-13 2.214455e-12 2.429730e-14 3.187359e-12 max_cap4411
 9.672792e-13 2.164895e-12 2.429730e-14 3.156472e-12 wire194
 9.671495e-13 1.993584e-12 2.429730e-14 2.985031e-12 max_cap337
 9.716881e-13 1.960416e-12 2.429730e-14 2.956402e-12 wire308
 9.741259e-13 1.904154e-12 2.429730e-14 2.902578e-12 max_cap335
 9.677360e-13 1.685703e-12 2.429730e-14 2.677736e-12 wire332
 9.499197e-13 1.700978e-12 2.429730e-14 2.675195e-12 max_cap5284
 9.572675e-13 1.677187e-12 2.429730e-14 2.658752e-12 max_cap268
 9.656049e-13 1.638281e-12 2.429730e-14 2.628183e-12 max_cap71
 9.575365e-13 1.643450e-12 2.429730e-14 2.625284e-12 max_cap371
 9.602115e-13 1.596078e-12 2.429730e-14 2.580586e-12 max_cap354
 9.751622e-13 1.515498e-12 2.429730e-14 2.514958e-12 max_cap5471
 9.696653e-13 1.506345e-12 2.429730e-14 2.500308e-12 max_cap370
 9.475132e-13 1.487725e-12 2.429730e-14 2.459535e-12 max_cap516
 9.711611e-13 1.425962e-12 2.429730e-14 2.421420e-12 max_cap514
 9.658870e-13 1.386319e-12 2.429730e-14 2.376503e-12 max_cap336
 9.508685e-13 1.334885e-12 2.429730e-14 2.310051e-12 max_cap5271
 9.616617e-13 1.324039e-12 2.429730e-14 2.309998e-12 max_cap219
 9.596042e-13 1.300772e-12 2.429730e-14 2.284674e-12 max_cap4495
 9.616710e-13 1.201063e-12 2.429730e-14 2.187031e-12 max_cap4494
 9.611879e-13 1.151257e-12 2.429730e-14 2.136743e-12 max_cap5286
 9.657564e-13 1.140838e-12 2.429730e-14 2.130891e-12 max_cap114
 9.560753e-13 1.096876e-12 2.429730e-14 2.077249e-12 max_cap4398
 9.548387e-13 1.025047e-12 2.429730e-14 2.004183e-12 max_cap270
 9.630906e-13 1.003784e-12 2.429730e-14 1.991172e-12 max_cap116
 9.627106e-13 9.796686e-13 2.429730e-14 1.966677e-12 max_cap357
 9.778495e-13 9.600196e-13 2.429730e-14 1.962167e-12 max_cap115
 9.472048e-13 9.881197e-13 2.429730e-14 1.959622e-12 max_cap5268
 9.438843e-13 8.313623e-13 2.429730e-14 1.799544e-12 max_cap515
 9.566522e-13 8.021419e-13 2.429730e-14 1.783091e-12 max_cap69
 9.385438e-13 7.835158e-13 2.429730e-14 1.746357e-12 max_cap5287
 9.721927e-13 7.008280e-13 2.429730e-14 1.697318e-12 max_cap269
 9.610146e-13 6.861841e-13 2.429730e-14 1.671496e-12 max_cap353
 9.570821e-13 6.405363e-13 2.429730e-14 1.621916e-12 max_cap334
 9.523887e-13 6.005590e-13 2.429730e-14 1.577245e-12 max_cap5269
 9.684370e-13 4.871348e-13 2.429730e-14 1.479869e-12 max_cap356
 9.606504e-13 4.867491e-13 2.429730e-14 1.471697e-12 max_cap439
 2.031656e-18 8.177120e-18 2.324935e-13 2.325037e-13 fanout5696
 1.063671e-18 5.686559e-18 1.641951e-13 1.642018e-13 fanout5677
 1.061170e-18 5.166641e-18 1.641951e-13 1.642013e-13 fanout5674
 1.058823e-18 5.132614e-18 1.641951e-13 1.642013e-13 fanout5685
 1.058746e-18 5.111500e-18 1.641951e-13 1.642012e-13 fanout5684
 1.058279e-18 4.954938e-18 1.641951e-13 1.642011e-13 fanout5682
 1.059150e-18 4.453966e-18 1.641951e-13 1.642006e-13 fanout5678
 1.060363e-18 4.065280e-18 1.641951e-13 1.642002e-13 fanout5681
 1.055150e-18 3.924491e-18 1.641951e-13 1.642000e-13 fanout5683
 5.065221e-19 3.870722e-18 1.339817e-13 1.339861e-13 _08166_
 1.060153e-18 5.678560e-18 1.098049e-13 1.098117e-13 fanout5711
 1.058991e-18 5.277694e-18 1.098049e-13 1.098113e-13 fanout5722
 1.062457e-18 5.083968e-18 1.098049e-13 1.098111e-13 fanout5692
 1.062477e-18 4.815512e-18 1.098049e-13 1.098108e-13 fanout5707
 1.062423e-18 4.797744e-18 1.098049e-13 1.098108e-13 fanout5717
 1.060831e-18 4.751498e-18 1.098049e-13 1.098108e-13 fanout5715
 1.061504e-18 4.546324e-18 1.098049e-13 1.098106e-13 fanout5695
 1.060387e-18 4.506055e-18 1.098049e-13 1.098105e-13 fanout5721
 1.062389e-18 4.298781e-18 1.098049e-13 1.098103e-13 fanout5709
 1.061570e-18 4.278896e-18 1.098049e-13 1.098103e-13 fanout5694
 1.062724e-18 4.278188e-18 1.098049e-13 1.098103e-13 fanout5702
 1.055666e-18 4.170164e-18 1.098049e-13 1.098102e-13 fanout5705
 1.060855e-18 4.049743e-18 1.098049e-13 1.098100e-13 fanout5712
 1.061409e-18 3.973987e-18 1.098049e-13 1.098100e-13 fanout5719
 1.060679e-18 3.892793e-18 1.098049e-13 1.098099e-13 fanout5713
 1.059341e-18 3.819971e-18 1.098049e-13 1.098098e-13 fanout5697
 1.060420e-18 3.805737e-18 1.098049e-13 1.098098e-13 fanout5706
 1.062166e-18 3.740589e-18 1.098049e-13 1.098097e-13 fanout5699
 6.123941e-19 2.907230e-18 7.839366e-14 7.839718e-14 fanout5676
 6.157029e-19 2.487291e-18 6.754134e-14 6.754444e-14 fanout5720
 6.106551e-19 2.477470e-18 6.754134e-14 6.754443e-14 fanout5700
 6.137322e-19 2.470775e-18 6.754134e-14 6.754442e-14 fanout5718
 6.127390e-19 2.451690e-18 6.754134e-14 6.754440e-14 fanout5710
 6.106435e-19 2.362322e-18 6.754134e-14 6.754431e-14 fanout5703
 6.213131e-19 2.176567e-18 6.754134e-14 6.754414e-14 max_cap5724
 6.156827e-19 2.012630e-18 6.754134e-14 6.754397e-14 fanout5714
 6.343354e-19 1.610578e-18 6.754134e-14 6.754358e-14 input9
 2.205689e-15 1.072577e-14 2.429730e-14 3.722876e-14 max_cap5725
 2.406203e-15 7.229587e-15 2.429730e-14 3.393309e-14 input8
 6.131451e-16 1.550106e-15 2.429730e-14 2.646055e-14 wire5726
 5.751230e-16 1.516965e-15 2.429730e-14 2.638939e-14 input4
 5.748523e-16 1.475925e-15 2.429730e-14 2.634808e-14 wire5727
 5.665052e-16 1.458999e-15 2.429730e-14 2.632280e-14 wire5732
 3.943590e-16 1.211309e-15 2.429730e-14 2.590297e-14 wire5731
 5.066048e-16 1.072387e-15 2.429730e-14 2.587629e-14 input5
 3.832308e-16 7.011496e-16 2.429730e-14 2.538168e-14 max_cap5730
 3.149321e-16 7.523619e-16 2.429730e-14 2.536459e-14 input7
 2.609036e-16 6.771015e-16 2.429730e-14 2.523530e-14 input6
 6.243180e-16 2.612365e-16 2.429730e-14 2.518285e-14 input3
 5.789773e-16 2.776014e-16 2.429730e-14 2.515388e-14 input1
 5.846455e-16 2.318530e-16 2.429730e-14 2.511380e-14 input2
 4.055069e-16 2.590461e-16 2.429730e-14 2.496185e-14 input10
 0.000000e+00 0.000000e+00 2.429730e-14 2.429730e-14 input11
 0.000000e+00 0.000000e+00 2.429730e-14 2.429730e-14 wire5728
 0.000000e+00 0.000000e+00 2.429730e-14 2.429730e-14 wire5729
