0 22 21 5
1 11 11 5
2 15 14 6
3 28 27 7
4 15 15 5
5 17 17 5
6 21 20 6
7 14 13 5
8 19 19 5
9 21 21 7
10 13 12 4
11 12 11 5
12 9 8 7
13 9 8 4
14 14 13 5
15 15 15 7
16 13 13 5
17 25 24 8
18 12 11 5
19 13 12 4
20 16 15 5
21 11 11 5
22 15 14 4
23 18 17 9
24 9 8 4
25 12 11 5
26 17 16 8
27 8 8 4
28 12 11 7
29 17 16 6
30 14 14 6
31 14 13 5
32 9 8 4
33 12 11 7
34 13 12 6
35 12 11 5
36 13 13 5
37 7 6 5
38 23 22 8
39 16 15 5
40 11 10 4
41 14 13 5
42 13 13 5
43 11 10 6
44 12 11 5
45 13 13 7
46 13 13 5
47 11 10 4
48 24 23 5
49 11 10 4
50 18 17 5
51 23 22 6
52 6 6 6
53 15 15 7
54 5 5 5
55 10 9 5
56 17 16 8
57 16 16 4
58 26 25 5
59 21 20 8
60 22 22 6
61 16 16 6
62 14 14 4
63 34 33 5
64 31 31 7
65 37 36 6
66 24 24 6
67 16 16 6
68 14 14 6
69 22 22 6
70 18 17 5
71 21 20 6
72 26 25 5
73 23 22 6
74 12 11 5
75 21 20 6
76 16 15 5
77 27 27 9
78 25 24 6
79 16 15 5
80 21 21 7
81 11 10 4
82 30 29 7
83 23 23 5
84 23 22 6
85 26 25 7
86 41 40 6
87 34 33 5
88 15 15 5
89 19 19 5
90 27 26 6
91 36 36 6
92 20 20 4
93 34 33 5
94 27 27 7
95 23 22 6
96 24 24 8
97 22 22 4
98 22 21 5
99 19 18 4
100 24 23 5
101 23 23 7
102 31 30 6
103 22 22 6
104 16 16 4
105 14 13 5
106 19 18 6
107 26 26 6
108 18 18 4
109 22 21 7
110 17 16 4
111 26 25 5
112 19 18 4
113 22 21 7
114 31 31 7
115 21 21 7
116 21 20 4
117 32 31 7
118 23 23 7
119 35 34 14
120 12 12 4
121 18 17 5
122 19 18 6
123 34 33 5
124 21 21 5
125 29 28 6
126 26 25 7
127 35 34 6
128 28 28 6
129 20 19 7
130 17 16 6
131 22 22 6
132 20 19 7
133 21 21 9
134 25 24 4
135 30 29 5
136 19 18 6
137 18 18 8
138 24 24 6
139 22 21 5
140 19 19 7
141 29 28 8
142 22 21 5
143 31 31 5
144 21 21 7
145 23 23 5
146 15 15 7
147 23 22 8
148 18 18 4
149 22 21 7
150 29 28 6
151 28 28 8
152 22 22 4
153 26 25 5
154 17 17 5
155 35 34 8
156 18 17 5
157 25 24 4
158 18 17 5
159 27 27 5
160 27 26 8
161 18 18 4
162 30 29 5
163 31 30 6
164 24 23 7
165 15 14 4
166 18 17 5
167 19 18 4
168 30 29 5
169 25 24 4
170 24 23 9
171 25 24 6
172 24 23 5
173 23 22 6
174 32 31 7
175 23 23 9
176 25 24 6
177 36 35 5
178 37 36 14
179 30 30 6
180 26 25 5
181 25 25 5
182 25 24 6
183 28 28 6
184 26 25 5
185 33 32 8
186 36 35 9
187 27 27 5
188 27 26 6
189 22 21 5
190 29 29 5
191 25 25 5
192 13 12 4
193 18 17 7
194 17 16 4
195 18 17 5
196 23 22 6
197 20 19 5
198 27 27 7
199 27 26 6
200 12 12 4
201 24 23 7
202 23 22 4
203 24 23 5
204 17 17 5
205 21 21 5
206 27 27 7
207 17 17 5
208 37 36 6
209 26 25 7
210 19 18 4
211 20 19 5
212 27 27 5
213 41 41 7
214 19 18 4
215 22 21 5
216 19 19 5
217 29 28 4
218 26 25 9
219 17 16 6
220 24 24 8
221 16 16 4
222 22 21 7
223 27 26 6
224 24 24 6
225 24 23 7
226 29 28 4
227 32 31 5
228 21 21 7
229 27 26 6
230 26 25 5
231 27 26 4
232 16 15 5
233 21 20 6
234 18 18 4
235 32 31 5
236 25 25 5
237 25 25 5
238 15 15 5
239 25 25 7
240 25 24 6
241 22 22 4
242 18 17 5
243 33 33 5
244 13 12 4
245 10 9 5
246 15 15 5
247 17 16 6
248 26 26 8
249 16 16 4
250 12 11 5
251 9 9 5
252 13 12 6
253 14 13 5
254 13 13 5
255 9 9 5
256 9 8 4
257 18 17 7
258 15 14 6
259 18 18 6
260 18 18 6
261 10 10 4
262 16 15 5
263 9 8 4
264 20 19 5
265 9 9 5
266 21 21 7
267 23 22 6
268 22 21 7
269 27 27 5
270 17 17 5
271 19 18 4
272 18 17 5
273 15 15 5
274 11 11 5
275 17 16 4
276 20 19 5
277 21 21 5
278 15 15 5
279 21 20 6
280 20 20 4
281 16 15 5
282 15 15 7
283 39 38 4
284 22 21 5
285 17 17 5
286 23 22 4
287 16 15 5
288 15 14 6
289 14 14 4
290 20 19 5
291 21 21 5
292 27 27 5
293 9 8 4
294 20 19 5
295 17 16 6
296 24 24 8
297 36 36 4
298 32 31 5
299 21 21 5
300 33 32 6
301 50 50 6
302 26 26 8
303 28 28 6
304 32 32 6
305 36 35 7
306 43 43 7
307 41 40 6
308 42 42 6
309 34 34 6
310 34 33 5
311 35 35 5
312 19 19 7
313 41 41 9
314 29 29 7
315 25 24 8
316 36 36 10
317 20 20 6
318 24 24 6
319 24 24 8
320 48 47 9
321 37 36 6
322 42 41 5
323 53 53 11
324 39 39 7
325 17 17 5
326 29 29 5
327 27 27 5
328 33 32 4
329 32 31 7
330 23 23 5
331 21 21 5
332 29 28 8
333 22 21 5
334 11 11 5
335 11 10 4
336 16 15 5
337 25 24 6
338 14 14 4
339 18 17 5
340 33 32 6
341 22 22 6
342 8 8 4
343 16 15 5
344 19 19 5
345 25 25 5
346 17 16 4
347 22 21 7
348 25 24 6
349 18 17 5
350 25 24 6
351 16 16 6
352 14 14 4
353 10 9 5
354 17 16 6
355 18 18 6
356 24 23 5
357 13 13 5
358 11 10 4
359 24 23 7
360 21 20 4
361 14 13 5
362 13 12 6
363 22 21 5
364 17 17 5
365 17 17 5
366 15 15 5
367 27 26 6
368 16 15 5
369 27 26 6
370 12 12 4
371 22 21 5
372 15 14 4
373 20 19 5
374 19 19 5
375 19 18 6
376 18 18 6
377 12 11 5
378 17 16 4
379 20 19 7
380 29 28 6
381 14 14 4
382 12 11 5
383 15 14 4
384 22 21 7
385 13 12 4
386 28 27 7
387 13 13 5
388 17 17 5
389 19 18 6
390 18 18 6
391 14 13 5
392 13 12 6
393 16 16 6
394 14 14 4
395 22 21 5
396 19 18 4
397 22 21 5
398 15 15 5
399 11 10 6
400 8 8 4
401 18 17 5
402 11 11 5
403 17 17 7
404 11 11 5
405 13 12 6
406 6 6 6
407 11 10 6
408 12 11 5
409 23 23 5
410 9 9 5
411 9 8 4
412 12 11 7
413 11 10 4
414 16 15 5
415 23 22 8
416 18 18 6
417 16 16 6
418 12 11 5
419 13 12 4
420 10 9 5
421 13 13 5
422 11 11 5
423 15 14 6
424 12 12 6
425 18 18 4
426 14 13 7
427 11 10 4
428 14 13 5
429 15 15 5
430 15 15 5
431 11 11 5
432 23 22 6
433 30 29 5
434 25 25 7
435 25 24 4
436 16 15 5
437 9 8 4
438 16 15 7
439 17 16 6
440 16 15 5
441 13 13 5
442 23 22 6
443 24 24 8
444 16 16 4
445 12 11 5
446 9 9 5
447 17 16 4
448 12 11 5
449 11 10 6
450 18 18 6
451 12 12 6
452 18 17 5
453 9 8 4
454 16 15 5
455 21 20 8
456 16 16 4
457 14 13 5
458 17 17 7
459 17 17 5
460 13 13 5
461 9 8 4
462 10 9 5
463 19 19 7
464 11 10 6
465 14 13 5
466 11 10 4
467 14 13 5
468 9 8 4
469 8 7 6
470 10 9 5
471 13 13 5
472 9 8 4
473 16 15 5
474 19 19 5
475 27 26 4
476 14 13 5
477 13 12 6
478 6 6 6
479 15 14 6
480 18 18 6
481 8 8 4
482 10 9 5
483 11 10 6
484 6 5 4
485 10 9 5
486 13 12 6
487 16 15 5
488 17 16 6
489 18 17 7
490 9 8 4
491 12 11 5
492 13 13 5
493 13 13 5
494 9 8 4
495 22 21 7
496 9 9 5
497 9 9 5
498 17 16 6
499 10 10 6
500 10 10 4
501 14 13 5
502 15 15 5
503 9 9 5
504 15 14 6
505 18 17 5
506 9 9 5
507 15 14 4
508 10 9 5
509 15 15 5
510 13 13 5
511 17 16 6
512 14 14 6
513 16 16 4
514 12 11 5
515 13 13 5
516 15 15 7
517 15 15 5
518 19 18 4
519 16 15 5
520 9 9 5
521 9 8 4
522 16 15 5
523 11 11 5
524 11 11 5
525 11 10 4
526 12 11 5
527 13 13 5
528 13 12 6
529 8 7 6
530 12 12 6
531 10 10 6
532 12 12 4
533 18 17 5
534 9 9 5
535 11 10 6
536 10 10 6
537 14 14 6
538 20 19 5
539 31 31 5
540 21 21 5
541 15 15 5
542 17 17 5
543 9 9 5
544 9 8 4
545 12 11 5
546 7 7 7
547 18 18 6
548 18 18 6
549 22 22 4
550 24 23 7
551 21 21 5
552 23 22 8
553 14 13 5
554 13 12 6
555 12 12 6
556 10 10 4
557 6 5 4
558 18 17 7
559 17 16 6
560 20 19 5
561 25 24 6
562 14 14 6
563 22 22 6
564 18 18 4
565 16 15 5
566 19 19 5
567 9 9 5
568 7 6 5
569 25 24 8
570 12 12 4
571 14 13 5
572 27 26 4
573 14 13 5
574 13 13 5
575 13 12 4
576 20 19 5
577 21 20 4
578 18 17 5
579 9 9 5
580 27 26 6
581 24 24 6
582 16 15 5
583 25 24 6
584 18 18 6
585 20 19 5
586 19 18 4
587 24 23 5
588 31 30 6
589 26 25 7
590 33 33 5
591 37 36 6
592 20 20 4
593 26 25 7
594 35 34 8
595 16 16 4
596 22 21 5
597 47 46 6
598 40 39 9
599 23 22 6
600 22 22 6
601 20 20 4
602 26 25 5
603 31 30 8
604 38 38 8
605 40 40 10
606 38 38 8
607 46 46 14
608 22 22 6
609 28 28 8
610 36 35 7
611 23 23 7
612 35 35 7
613 29 28 6
614 34 34 8
615 30 29 7
616 29 29 7
617 15 14 4
618 34 33 7
619 29 29 5
620 31 30 8
621 28 28 10
622 40 40 10
623 34 34 10
624 28 28 8
625 30 29 7
626 23 22 6
627 32 31 9
628 27 26 10
629 40 39 7
630 51 51 11
631 29 28 6
632 24 24 8
633 20 20 6
634 30 29 11
635 41 40 12
636 20 20 6
637 30 29 9
638 31 31 7
639 33 32 8
640 32 31 9
641 25 24 8
642 20 20 6
643 26 26 4
644 32 31 11
645 31 30 12
646 34 34 14
647 36 36 4
648 32 31 7
649 25 25 7
650 23 22 6
651 36 36 8
652 26 25 9
653 23 22 6
654 42 41 9
655 23 23 7
656 23 23 7
657 23 23 7
658 39 38 10
659 38 38 10
660 20 20 6
661 36 36 8
662 36 36 8
663 48 47 15
664 39 38 10
665 34 34 8
666 34 33 9
667 25 24 6
668 34 33 5
669 45 44 8
670 32 31 9
671 13 12 4
672 18 17 5
673 39 38 8
674 24 24 6
675 42 42 14
676 32 32 8
677 44 44 10
678 24 24 6
679 32 32 8
680 32 31 7
681 17 17 5
682 27 27 7
683 29 29 7
684 25 24 6
685 26 26 6
686 34 33 7
687 15 15 5
688 33 32 8
689 26 25 5
690 19 18 6
691 28 27 7
692 15 14 4
693 22 21 5
694 31 31 7
695 27 27 7
696 23 22 6
697 30 30 6
698 18 17 5
699 19 18 4
700 26 25 5
701 17 16 6
702 12 12 4
703 16 15 5
704 33 32 8
705 20 19 5
706 11 11 5
707 13 12 4
708 20 19 5
709 21 20 8
710 16 15 5
711 19 19 5
712 17 17 5
713 21 20 6
714 18 17 5
715 23 23 7
716 21 21 5
717 23 23 5
718 13 13 5
719 9 8 4
720 16 15 5
721 15 14 4
722 18 17 5
723 9 9 5
724 9 8 4
725 16 15 5
726 11 10 4
727 20 19 5
728 17 17 5
729 23 22 6
730 16 16 6
731 22 22 6
732 12 12 4
733 16 15 5
734 13 12 6
735 18 18 6
736 16 16 6
737 18 17 7
738 21 20 6
739 18 17 5
740 25 24 6
741 20 20 6
742 12 12 4
743 22 21 5
744 19 18 4
745 20 19 5
746 13 12 4
747 12 11 5
748 21 20 6
749 14 13 5
750 25 25 5
751 15 15 5
752 13 12 4
753 26 25 5
754 15 15 5
755 17 16 6
756 28 27 7
757 13 13 5
758 11 11 5
759 15 14 4
760 20 19 5
761 17 17 5
762 11 10 4
763 20 19 5
764 11 10 4
765 14 13 5
766 9 9 5
767 11 10 6
768 12 12 4
769 14 13 5
770 13 13 7
771 15 14 4
772 24 23 5
773 17 16 4
774 24 23 5
775 21 20 6
776 20 20 6
777 18 17 5
778 13 12 4
779 10 9 5
780 11 11 5
781 13 13 5
782 11 11 5
783 11 11 5
784 13 13 5
785 31 30 8
786 14 14 4
787 12 11 5
788 17 17 7
789 29 28 6
790 10 9 5
791 15 14 6
792 16 15 5
793 13 13 5
794 17 16 6
795 32 31 5
796 13 13 5
797 25 25 5
798 31 30 6
799 36 35 7
800 27 27 5
801 13 12 4
802 10 9 5
803 11 10 4
804 12 11 5
805 17 17 5
806 19 18 6
807 24 24 6
808 14 14 4
809 24 23 5
810 25 24 6
811 10 10 4
812 12 11 5
813 15 14 6
814 14 13 5
815 19 18 4
816 16 15 5
817 27 26 6
818 10 10 4
819 18 17 5
820 19 18 6
821 10 10 4
822 18 17 5
823 27 27 5
824 15 15 5
825 11 11 5
826 27 26 6
827 20 19 5
828 17 16 4
829 14 13 7
830 23 22 6
831 6 5 4
832 12 11 5
833 21 20 8
834 12 12 4
835 12 11 5
836 15 14 6
837 10 10 6
838 12 12 4
839 18 17 5
840 13 13 5
841 13 13 5
842 15 14 6
843 18 18 6
844 22 22 6
845 18 17 5
846 25 24 8
847 16 16 6
848 16 16 4
849 20 19 5
850 21 21 5
851 25 25 7
852 7 6 5
853 23 23 5
854 9 8 4
855 10 9 5
856 17 17 5
857 21 20 6
858 20 20 6
859 8 8 4
860 18 17 7
861 11 10 4
862 18 17 7
863 13 12 6
864 12 12 6
865 12 12 4
866 10 9 5
867 11 10 6
868 28 28 8
869 10 10 4
870 22 21 7
871 21 20 6
872 12 12 4
873 10 9 5
874 19 18 6
875 10 10 4
876 10 9 5
877 13 12 4
878 16 15 5
879 21 20 6
880 10 9 5
881 17 17 7
882 13 12 6
883 16 16 6
884 14 13 5
885 15 15 5
886 15 15 5
887 17 16 6
888 12 12 6
889 8 7 6
890 18 18 6
891 8 8 4
892 16 15 7
893 13 13 5
894 11 11 5
895 15 14 6
896 16 15 7
897 19 18 6
898 18 18 6
899 14 14 4
900 14 13 5
901 21 20 6
902 24 23 5
903 13 13 5
904 11 11 5
905 11 11 5
906 11 10 4
907 10 9 5
908 9 9 5
909 15 15 5
910 11 10 4
911 16 15 5
912 13 12 6
913 10 9 5
914 5 5 5
915 16 15 7
916 11 10 4
917 12 11 5
918 13 12 6
919 14 14 6
920 20 20 6
921 18 18 6
922 8 8 4
923 12 11 5
924 11 10 6
925 10 10 4
926 8 7 6
927 10 10 6
928 10 10 6
929 18 17 5
930 17 16 6
931 24 24 6
932 10 10 4
933 20 19 7
934 13 12 4
935 18 17 5
936 19 19 5
937 15 14 6
938 8 8 4
939 14 13 5
940 23 22 8
941 8 8 4
942 12 11 5
943 13 12 6
944 14 13 5
945 13 12 6
946 28 28 6
947 22 22 6
948 18 18 4
949 20 19 5
950 17 17 7
951 17 16 4
952 8 7 6
953 12 12 6
954 10 10 4
955 12 11 7
956 19 18 6
957 12 12 4
958 12 11 5
959 13 13 7
960 13 12 4
961 20 19 7
962 13 12 4
963 16 15 5
964 13 13 5
965 15 15 5
966 19 18 4
967 14 13 5
968 15 14 4
969 18 17 7
970 13 12 4
971 14 13 5
972 17 17 5
973 11 11 5
974 13 13 5
975 13 12 6
976 10 10 6
977 12 12 4
978 26 25 5
979 25 24 6
980 10 9 5
981 25 25 5
982 19 19 5
983 11 10 4
984 28 27 7
985 19 19 5
986 21 21 7
987 17 16 4
988 16 15 7
989 21 20 6
990 26 26 6
991 36 35 7
992 27 26 6
993 16 16 4
994 24 23 5
995 37 36 8
996 36 35 9
997 27 26 6
998 54 54 14
999 24 24 6
1000 24 24 4
1001 42 41 9
1002 31 30 10
1003 30 29 7
1004 27 26 6
1005 20 20 4
1006 28 27 7
1007 25 24 4
1008 38 37 5
1009 25 25 5
1010 25 25 7
1011 29 28 8
1012 30 30 8
1013 30 30 6
1014 22 22 6
1015 36 35 7
1016 27 26 6
1017 30 29 9
1018 33 32 8
1019 38 38 8
1020 22 21 5
1021 37 36 8
1022 22 21 7
1023 31 30 8
1024 24 24 6
1025 40 39 15
1026 23 23 5
1027 21 20 4
1028 26 25 5
1029 25 25 5
1030 15 14 6
1031 14 13 5
1032 13 12 4
1033 18 17 5
1034 21 21 5
1035 21 21 5
1036 27 26 6
1037 24 24 6
1038 26 25 7
1039 35 34 10
1040 26 26 12
1041 32 32 10
1042 36 35 9
1043 25 25 5
1044 33 33 7
1045 23 22 6
1046 20 20 6
1047 10 10 4
1048 28 27 5
1049 17 17 5
1050 13 13 5
1051 19 19 5
1052 21 21 5
1053 13 13 5
1054 31 31 5
1055 37 36 6
1056 24 23 5
1057 21 20 8
1058 22 21 7
1059 27 26 8
1060 22 22 4
1061 26 25 7
1062 33 33 7
1063 27 26 10
1064 22 22 6
1065 16 15 5
1066 27 27 5
1067 31 31 7
1068 23 22 6
1069 28 28 6
1070 30 30 10
1071 30 30 12
1072 16 16 6
1073 12 12 6
1074 24 24 6
1075 18 18 6
1076 22 22 4
1077 24 23 5
1078 7 6 5
1079 23 22 6
1080 22 22 6
1081 26 26 8
1082 22 22 6
1083 20 20 8
1084 26 26 8
1085 32 32 12
1086 22 22 8
1087 16 16 4
1088 20 19 5
1089 27 26 10
1090 20 20 6
1091 12 12 4
1092 28 27 9
1093 15 14 4
1094 16 15 7
1095 21 20 8
1096 26 25 9
1097 19 18 6
1098 26 25 7
1099 19 18 4
1100 22 21 5
1101 15 15 5
1102 9 9 5
1103 15 15 5
1104 19 19 7
1105 17 16 4
1106 12 11 5
1107 11 11 5
1108 29 28 8
1109 20 20 8
1110 28 27 11
1111 21 20 6
1112 24 24 12
1113 12 12 4
1114 26 25 5
1115 25 25 7
1116 25 24 8
1117 20 20 4
1118 22 21 5
1119 13 12 4
1120 22 21 7
1121 11 11 5
1122 17 17 7
1123 11 11 5
1124 15 14 4
1125 18 17 5
1126 13 12 4
1127 16 15 5
1128 21 20 6
1129 14 13 5
1130 9 8 4
1131 22 21 5
1132 15 14 4
1133 30 29 7
1134 15 14 6
1135 14 14 6
1136 16 16 4
1137 20 19 7
1138 13 13 5
1139 23 22 4
1140 18 17 5
1141 11 11 5
1142 9 9 5
1143 21 20 4
1144 14 13 5
1145 13 13 5
1146 23 22 6
1147 28 27 5
1148 21 21 5
1149 13 13 5
1150 29 28 6
1151 16 16 6
1152 12 12 6
1153 12 12 4
1154 20 19 7
1155 17 16 6
1156 16 16 4
1157 16 15 5
1158 17 16 6
1159 16 15 5
1160 23 23 5
1161 11 11 5
1162 13 12 6
1163 24 24 6
1164 12 12 4
1165 20 19 5
1166 19 18 6
1167 16 16 6
1168 14 14 4
1169 18 17 7
1170 15 15 5
1171 15 14 4
1172 18 17 5
1173 19 19 5
1174 15 14 4
1175 12 11 5
1176 11 10 4
1177 12 11 5
1178 13 12 4
1179 14 13 5
1180 17 16 6
1181 14 14 6
1182 6 6 6
1183 7 6 5
1184 17 16 6
1185 18 17 7
1186 11 11 5
1187 13 13 5
1188 9 9 5
1189 17 17 5
1190 15 14 8
1191 6 5 4
1192 18 17 7
1193 11 11 5
1194 7 6 5
1195 13 13 5
1196 11 10 4
1197 14 13 5
1198 17 16 6
1199 12 11 5
1200 27 26 6
1201 14 13 5
1202 23 22 8
1203 10 10 6
1204 8 8 4
1205 14 13 5
1206 17 17 7
1207 13 12 6
1208 16 16 4
1209 8 7 6
1210 12 11 5
1211 11 10 4
1212 24 23 7
1213 13 12 4
1214 14 13 5
1215 15 14 8
1216 16 16 4
1217 12 11 5
1218 15 14 6
1219 10 9 5
1220 11 11 7
1221 11 10 4
1222 12 11 5
1223 13 13 5
1224 11 11 7
1225 11 10 4
1226 10 9 5
1227 19 19 7
1228 11 10 4
1229 20 19 5
1230 9 8 4
1231 16 15 7
1232 9 9 5
1233 9 8 4
1234 12 11 5
1235 9 8 7
1236 19 18 6
1237 16 16 4
1238 6 5 4
1239 10 9 5
1240 11 11 5
1241 9 8 4
1242 12 11 5
1243 11 11 5
1244 21 20 6
1245 10 9 5
1246 13 12 6
1247 14 13 5
1248 9 9 5
1249 9 9 5
1250 9 9 5
1251 9 9 5
1252 11 10 6
1253 16 15 5
1254 19 18 6
1255 14 14 6
1256 16 15 5
1257 15 14 6
1258 10 9 5
1259 15 14 6
1260 16 16 4
1261 12 11 5
1262 5 5 5
1263 10 9 5
1264 7 7 7
1265 16 16 6
1266 6 5 4
1267 16 15 7
1268 11 11 5
1269 23 22 6
1270 16 15 5
1271 13 13 5
1272 13 13 5
1273 11 10 6
1274 12 12 6
1275 10 9 5
1276 15 14 6
1277 16 16 4
1278 18 17 5
1279 15 14 8
1280 18 18 6
1281 14 14 6
1282 18 17 5
1283 7 7 7
1284 18 18 4
1285 14 13 5
1286 9 9 5
1287 11 11 5
1288 13 12 4
1289 12 11 5
1290 17 16 6
1291 10 10 4
1292 16 15 7
1293 17 17 5
1294 17 16 6
1295 10 10 4
1296 18 17 5
1297 11 10 4
1298 10 9 5
1299 13 12 6
1300 12 12 6
1301 8 8 4
1302 22 21 5
1303 9 9 5
1304 13 12 4
1305 20 19 5
1306 13 12 4
1307 10 9 5
1308 9 8 7
1309 17 16 4
1310 14 13 5
1311 13 13 5
1312 9 9 5
1313 11 11 5
1314 23 22 8
1315 20 20 6
1316 6 6 6
1317 13 13 5
1318 9 8 4
1319 12 11 5
1320 9 9 5
1321 11 11 5
1322 11 10 4
1323 32 31 5
1324 15 14 4
1325 10 9 5
1326 9 8 4
1327 16 15 5
1328 13 13 5
1329 15 15 5
1330 15 15 5
1331 17 16 6
1332 12 12 6
1333 14 14 6
1334 18 18 6
1335 20 20 6
1336 24 23 5
1337 11 11 5
1338 17 17 5
1339 11 11 5
1340 11 10 4
1341 22 21 7
1342 13 12 4
1343 10 9 5
1344 25 24 6
1345 6 5 4
1346 18 17 5
1347 17 16 6
1348 18 17 5
1349 13 12 6
1350 24 24 6
1351 16 16 6
1352 12 12 6
1353 20 20 6
1354 12 12 6
1355 22 22 8
1356 14 13 5
1357 11 10 6
1358 20 20 4
1359 40 39 7
1360 17 17 5
1361 21 20 6
1362 20 20 4
1363 26 25 7
1364 19 18 4
1365 22 21 5
1366 19 19 5
1367 17 17 5
1368 17 16 6
1369 24 23 5
1370 19 19 5
1371 21 21 7
1372 17 16 4
1373 12 11 5
1374 27 26 6
1375 22 22 6
1376 18 18 4
1377 30 29 7
1378 21 20 6
1379 12 12 4
1380 16 15 5
1381 13 12 4
1382 28 27 5
1383 11 11 5
1384 21 20 6
1385 12 12 4
1386 16 15 5
1387 19 19 5
1388 25 24 4
1389 18 17 5
1390 15 14 6
1391 20 20 4
1392 24 23 7
1393 33 32 8
1394 16 15 5
1395 13 12 6
1396 16 16 6
1397 18 18 6
1398 16 16 6
1399 16 16 4
1400 24 23 7
1401 23 22 8
1402 26 26 6
1403 12 12 4
1404 14 13 5
1405 15 15 5
1406 7 7 7
1407 20 20 6
1408 20 19 5
1409 19 19 7
1410 13 12 4
1411 16 15 5
1412 13 13 5
1413 13 12 4
1414 20 19 7
1415 21 20 6
1416 18 18 6
1417 14 13 5
1418 19 18 6
1419 16 15 5
1420 19 19 5
1421 29 28 6
1422 22 22 6
1423 18 18 6
1424 16 16 6
1425 20 20 6
1426 18 18 6
1427 8 8 4
1428 12 11 5
1429 13 12 4
1430 14 13 7
1431 11 10 4
1432 14 13 5
1433 15 14 6
1434 12 11 7
1435 9 8 4
1436 10 9 5
1437 15 14 6
1438 10 10 6
1439 18 18 6
1440 8 8 4
1441 12 11 5
1442 9 8 4
1443 14 13 7
1444 9 8 4
1445 12 11 5
1446 13 12 4
1447 12 11 5
1448 11 11 5
1449 25 25 5
1450 13 12 4
1451 14 13 5
1452 17 17 5
1453 15 15 5
1454 15 14 6
1455 8 8 4
1456 12 11 5
1457 11 11 7
1458 15 14 6
1459 12 12 6
1460 10 10 4
1461 10 9 5
1462 9 9 5
1463 9 9 5
1464 13 13 5
1465 17 17 5
1466 11 11 5
1467 11 10 4
1468 16 15 7
1469 9 8 4
1470 10 9 5
1471 33 32 6
1472 14 14 6
1473 16 16 6
1474 12 12 6
1475 8 8 4
1476 18 17 5
1477 15 14 6
1478 22 22 6
1479 12 11 5
1480 15 15 5
1481 19 19 5
1482 17 17 5
1483 13 12 6
1484 12 11 5
1485 13 13 5
1486 27 27 7
1487 13 12 4
1488 16 15 5
1489 19 18 6
1490 12 12 6
1491 24 24 6
1492 22 22 6
1493 12 11 5
1494 29 28 4
1495 14 13 5
1496 27 26 8
1497 8 8 4
1498 34 33 5
1499 25 25 5
1500 43 42 6
1501 26 26 6
1502 18 17 5
1503 15 15 5
1504 43 42 8
1505 14 14 4
1506 30 29 5
1507 19 18 6
1508 30 30 8
1509 14 14 4
1510 18 17 5
1511 21 20 4
1512 24 23 5
1513 27 27 5
1514 9 9 5
1515 17 16 4
1516 30 29 5
1517 31 31 5
1518 17 16 4
1519 24 23 7
1520 21 20 6
1521 20 20 6
1522 26 26 6
1523 22 22 6
1524 24 24 6
1525 20 20 6
1526 20 19 5
1527 23 22 6
1528 14 14 4
1529 18 17 5
1530 23 22 4
1531 18 17 5
1532 19 18 6
1533 26 26 4
1534 32 31 7
1535 25 25 11
1536 17 16 4
1537 24 23 5
1538 29 28 6
1539 22 22 4
1540 24 23 5
1541 21 21 7
1542 41 40 6
1543 38 38 6
1544 28 28 6
1545 32 32 8
1546 18 18 4
1547 18 17 7
1548 17 17 5
1549 25 24 6
1550 28 28 6
1551 18 18 6
1552 16 15 5
1553 23 22 6
1554 24 24 8
1555 18 18 4
1556 14 13 5
1557 13 12 4
1558 26 25 5
1559 21 21 5
1560 15 14 4
1561 28 27 7
1562 19 18 4
1563 16 15 5
1564 19 18 6
1565 28 28 4
1566 28 27 7
1567 21 20 4
1568 20 19 5
1569 21 20 6
1570 20 20 6
1571 24 23 7
1572 21 20 6
1573 6 5 4
1574 32 31 5
1575 19 19 5
1576 23 22 6
1577 14 13 5
1578 19 18 6
1579 18 17 5
1580 19 18 4
1581 24 23 7
1582 25 24 6
1583 24 24 6
1584 20 20 6
1585 18 17 5
1586 23 22 4
1587 32 31 7
1588 17 17 5
1589 9 8 4
1590 22 21 7
1591 25 24 4
1592 10 9 5
1593 19 18 4
1594 24 23 7
1595 15 15 5
1596 19 18 4
1597 38 37 11
1598 17 17 5
1599 13 13 5
1600 15 14 6
1601 6 6 6
1602 25 24 4
1603 16 15 5
1604 19 18 6
1605 14 14 4
1606 16 15 5
1607 17 17 5
1608 19 18 6
1609 20 19 5
1610 15 15 7
1611 13 12 4
1612 20 19 7
1613 15 15 5
1614 13 13 5
1615 13 12 4
1616 26 25 7
1617 21 20 6
1618 14 14 4
1619 14 13 5
1620 23 23 5
1621 15 15 5
1622 15 15 5
1623 11 10 4
1624 20 19 5
1625 13 12 6
1626 16 16 6
1627 12 11 5
1628 11 11 5
1629 23 23 7
1630 11 10 4
1631 24 23 7
1632 15 14 4
1633 14 13 5
1634 25 25 5
1635 15 15 5
1636 17 16 4
1637 12 11 5
1638 13 12 4
1639 14 13 5
1640 19 19 5
1641 17 16 6
1642 14 14 4
1643 28 27 5
1644 23 23 5
1645 29 29 5
1646 23 23 5
1647 15 15 5
1648 19 19 5
1649 33 32 8
1650 28 27 5
1651 23 22 4
1652 22 21 5
1653 33 33 5
1654 29 29 7
1655 21 20 4
1656 26 25 7
1657 19 18 4
1658 36 35 7
1659 33 32 4
1660 30 29 7
1661 31 30 8
1662 24 24 6
1663 20 20 4
1664 18 17 5
1665 25 25 5
1666 31 30 6
1667 26 26 8
1668 18 18 6
1669 26 26 4
1670 22 21 7
1671 13 12 4
1672 20 19 5
1673 17 17 5
1674 13 13 5
1675 13 12 4
1676 28 27 7
1677 19 19 5
1678 13 12 6
1679 16 16 6
1680 16 16 4
1681 12 11 5
1682 19 19 5
1683 13 12 4
1684 16 15 5
1685 13 12 6
1686 6 6 6
1687 21 20 6
1688 20 20 8
1689 12 12 6
1690 10 10 4
1691 14 13 5
1692 17 16 4
1693 18 17 5
1694 11 11 5
1695 15 15 7
1696 11 10 4
1697 22 21 9
1698 11 10 4
1699 18 17 7
1700 11 10 6
1701 14 13 5
1702 15 14 6
1703 16 15 5
1704 7 6 5
1705 7 6 5
1706 7 7 7
1707 12 12 6
1708 12 12 6
1709 14 14 4
1710 20 19 5
1711 19 18 6
1712 16 15 7
1713 21 21 7
1714 11 10 4
1715 12 11 5
1716 11 10 4
1717 10 9 5
1718 15 15 5
1719 9 9 5
1720 17 17 5
1721 21 20 4
1722 20 19 5
1723 15 15 5
1724 17 16 6
1725 14 14 6
1726 10 10 4
1727 22 21 5
1728 29 28 6
1729 20 20 6
1730 18 18 6
1731 16 16 4
1732 12 11 5
1733 19 19 5
1734 21 20 6
1735 12 12 4
1736 10 9 5
1737 13 12 6
1738 14 14 6
1739 12 12 6
1740 12 11 5
1741 19 18 6
1742 10 10 4
1743 12 11 5
1744 11 11 5
1745 7 6 5
1746 15 15 5
1747 17 16 6
1748 12 12 4
1749 20 19 7
1750 13 12 4
1751 14 13 5
1752 11 10 4
1753 14 13 7
1754 13 12 6
1755 14 14 4
1756 14 13 7
1757 7 6 5
1758 15 14 6
1759 14 14 6
1760 12 11 5
1761 19 18 6
1762 26 26 6
1763 20 20 6
1764 14 13 7
1765 13 12 6
1766 10 10 6
1767 12 12 6
1768 14 14 4
1769 18 17 7
1770 17 16 6
1771 18 18 6
1772 10 10 4
1773 14 13 5
1774 17 17 5
1775 15 15 5
1776 19 18 6
1777 16 16 6
1778 12 12 6
1779 22 22 6
1780 10 10 4
1781 24 23 5
1782 21 20 6
1783 16 15 5
1784 19 18 8
1785 12 12 6
1786 6 6 6
1787 11 11 5
1788 15 15 7
1789 11 10 6
1790 12 12 4
1791 12 11 7
1792 9 9 5
1793 5 5 5
1794 14 13 5
1795 15 14 6
1796 14 13 5
1797 13 13 5
1798 15 15 5
1799 13 12 6
1800 16 15 5
1801 27 27 5
1802 9 9 5
1803 15 15 5
1804 13 12 6
1805 10 9 5
1806 13 12 6
1807 10 10 4
1808 14 13 5
1809 23 22 6
1810 18 18 6
1811 18 17 7
1812 13 13 5
1813 27 27 7
1814 25 24 6
1815 22 22 4
1816 18 17 5
1817 5 5 5
1818 18 17 5
1819 15 14 6
1820 16 15 5
1821 19 19 5
1822 23 23 5
1823 23 22 6
1824 12 12 4
1825 12 11 5
1826 15 14 4
1827 12 11 5
1828 23 22 6
1829 12 12 4
1830 12 11 5
1831 11 11 5
1832 11 11 5
1833 15 15 5
1834 15 14 6
1835 20 20 4
1836 16 15 5
1837 23 23 5
1838 15 15 5
1839 15 14 6
1840 18 17 5
1841 23 23 9
1842 23 22 4
1843 28 27 7
1844 33 32 6
1845 38 37 5
1846 13 13 5
1847 21 20 6
1848 32 32 6
1849 28 27 7
1850 33 32 8
1851 30 30 6
1852 18 18 6
1853 22 22 6
1854 32 32 10
1855 28 28 4
1856 18 17 5
1857 25 25 7
1858 21 20 4
1859 34 33 7
1860 29 28 8
1861 34 33 7
1862 39 39 9
1863 27 26 6
1864 24 24 6
1865 22 21 5
1866 29 29 5
1867 35 35 9
1868 25 25 5
1869 25 25 9
1870 41 41 13
1871 31 31 7
1872 33 32 10
1873 44 43 13
1874 23 22 4
1875 50 49 13
1876 25 25 7
1877 31 30 6
1878 24 23 5
1879 29 29 7
1880 33 32 8
1881 34 33 7
1882 33 33 11
1883 41 40 8
1884 34 33 15
1885 45 44 6
1886 24 23 5
1887 59 58 20
1888 26 26 6
1889 24 24 4
1890 22 21 5
1891 35 35 7
1892 25 25 5
1893 31 31 5
1894 33 33 5
1895 19 18 6
1896 12 12 6
1897 44 44 6
1898 56 56 10
1899 20 20 4
1900 26 25 9
1901 31 30 8
1902 30 29 7
1903 29 28 4
1904 30 29 7
1905 37 36 6
1906 36 35 9
1907 27 26 8
1908 40 39 9
1909 23 23 5
1910 27 26 6
1911 40 40 10
1912 50 49 15
1913 41 41 7
1914 37 36 8
1915 34 34 8
1916 24 23 5
1917 21 21 9
1918 51 51 11
1919 29 28 6
1920 42 41 7
1921 27 27 7
1922 39 38 8
1923 38 37 13
1924 33 32 8
1925 28 27 5
1926 29 29 11
1927 43 43 13
1928 49 48 10
1929 26 26 6
1930 24 24 6
1931 18 18 4
1932 26 25 5
1933 35 34 8
1934 24 23 5
1935 31 30 6
1936 38 38 10
1937 26 26 6
1938 38 37 7
1939 41 41 7
1940 33 32 10
1941 16 16 4
1942 26 25 5
1943 23 22 6
1944 26 26 10
1945 28 28 8
1946 28 27 5
1947 31 31 5
1948 23 23 7
1949 25 24 8
1950 26 26 6
1951 28 28 8
1952 16 16 4
1953 20 19 5
1954 19 19 5
1955 19 18 4
1956 24 23 5
1957 21 21 7
1958 19 19 5
1959 29 28 6
1960 26 25 5
1961 17 17 5
1962 21 21 5
1963 27 27 7
1964 23 23 5
1965 23 23 7
1966 19 18 4
1967 20 19 5
1968 21 21 7
1969 25 24 8
1970 22 22 6
1971 18 18 6
1972 24 24 6
1973 30 29 5
1974 21 21 5
1975 23 23 5
1976 11 11 5
1977 19 18 4
1978 20 19 5
1979 31 30 6
1980 22 21 7
1981 17 16 6
1982 12 12 4
1983 14 13 5
1984 19 18 8
1985 10 10 6
1986 18 18 6
1987 20 19 5
1988 13 12 4
1989 24 23 7
1990 17 16 4
1991 14 13 5
1992 11 10 4
1993 22 21 7
1994 15 14 4
1995 22 21 5
1996 13 13 5
1997 17 17 5
1998 7 6 5
1999 21 20 6
2000 14 14 6
2001 12 12 6
2002 12 12 4
2003 16 15 5
2004 21 21 5
2005 9 8 4
2006 22 21 7
2007 17 17 5
2008 7 6 5
2009 15 15 5
2010 13 13 5
2011 23 22 8
2012 16 15 5
2013 13 12 4
2014 22 21 5
2015 27 27 7
2016 21 20 6
2017 16 16 4
2018 12 11 7
2019 17 16 6
2020 20 20 6
2021 20 20 6
2022 18 18 6
2023 14 13 5
2024 13 12 4
2025 14 13 5
2026 19 19 5
2027 13 12 4
2028 18 17 7
2029 13 12 4
2030 8 7 6
2031 6 6 6
2032 9 8 4
2033 18 17 7
2034 17 16 6
2035 18 18 6
2036 22 21 5
2037 13 13 5
2038 11 10 4
2039 14 13 5
2040 11 10 4
2041 14 13 7
2042 9 8 4
2043 18 17 7
2044 15 14 4
2045 14 13 5
2046 27 26 6
2047 12 11 5
2048 9 8 4
2049 10 9 5
2050 13 12 6
2051 12 12 6
2052 6 6 6
2053 7 6 5
2054 13 12 8
2055 12 12 4
2056 18 17 7
2057 25 24 6
2058 26 26 6
2059 22 21 5
2060 17 16 4
2061 16 15 7
2062 19 18 6
2063 18 18 6
2064 14 14 6
2065 10 10 4
2066 14 13 5
2067 13 12 4
2068 16 15 7
2069 11 10 4
2070 22 21 5
2071 21 21 5
2072 19 19 5
2073 23 23 5
2074 15 15 5
2075 9 9 5
2076 9 9 5
2077 15 15 7
2078 23 22 6
2079 10 10 4
2080 16 15 5
2081 11 10 6
2082 24 24 6
2083 28 27 7
2084 13 12 6
2085 6 6 6
2086 11 11 5
2087 13 13 5
2088 11 11 5
2089 11 11 5
2090 13 13 5
2091 13 12 6
2092 6 5 4
2093 20 19 7
2094 11 10 6
2095 8 8 4
2096 10 9 5
2097 5 5 5
2098 22 21 5
2099 19 19 5
2100 21 20 6
2101 6 6 6
2102 11 10 4
2103 16 15 5
2104 11 10 4
2105 8 7 6
2106 10 10 4
2107 16 15 5
2108 17 17 5
2109 11 11 5
2110 11 10 4
2111 10 9 5
2112 23 23 5
2113 19 18 4
2114 16 15 5
2115 13 12 6
2116 8 8 4
2117 14 13 5
2118 17 17 5
2119 15 15 5
2120 41 41 9
2121 27 26 6
2122 26 25 5
2123 19 19 5
2124 31 31 7
2125 21 20 4
2126 24 23 5
2127 21 21 5
2128 23 22 4
2129 24 23 7
2130 23 22 4
2131 20 19 5
2132 23 23 5
2133 27 26 6
2134 22 22 4
2135 32 31 7
2136 25 24 6
2137 32 32 6
2138 32 31 7
2139 49 48 8
2140 26 26 6
2141 26 26 6
2142 14 14 4
2143 20 19 5
2144 21 20 6
2145 18 18 4
2146 40 39 7
2147 29 28 6
2148 22 22 4
2149 20 19 5
2150 25 25 5
2151 21 20 4
2152 30 29 7
2153 19 19 5
2154 25 24 6
2155 20 20 6
2156 38 38 8
2157 18 18 6
2158 28 28 6
2159 16 16 4
2160 32 31 5
2161 19 18 6
2162 30 29 7
2163 23 23 7
2164 13 13 5
2165 17 16 4
2166 30 29 9
2167 23 22 6
2168 18 17 5
2169 27 26 10
2170 26 25 5
2171 27 26 6
2172 22 21 7
2173 27 26 6
2174 16 15 5
2175 27 26 6
2176 24 23 5
2177 31 31 9
2178 21 20 6
2179 30 29 7
2180 15 14 6
2181 34 34 10
2182 24 23 5
2183 23 22 4
2184 16 15 5
2185 11 11 5
2186 27 26 6
2187 20 19 5
2188 25 24 6
2189 22 22 6
2190 14 14 4
2191 18 17 5
2192 21 20 6
2193 32 32 6
2194 18 18 4
2195 30 29 5
2196 15 15 5
2197 21 20 6
2198 18 17 5
2199 15 15 5
2200 15 14 4
2201 26 25 7
2202 23 22 6
2203 8 7 6
2204 22 22 6
2205 14 14 4
2206 16 15 5
2207 21 20 6
2208 24 24 8
2209 12 11 5
2210 21 20 4
2211 18 17 7
2212 17 16 6
2213 20 20 6
2214 24 23 5
2215 13 12 4
2216 18 17 5
2217 35 35 5
2218 13 13 5
2219 21 20 6
2220 12 12 6
2221 22 22 6
2222 22 21 5
2223 19 18 6
2224 18 17 7
2225 13 12 4
2226 18 17 7
2227 21 20 6
2228 22 21 7
2229 25 24 6
2230 20 19 5
2231 11 11 5
2232 27 26 6
2233 14 14 6
2234 22 22 6
2235 14 13 5
2236 27 26 6
2237 24 23 5
2238 15 15 5
2239 9 8 4
2240 26 25 7
2241 11 10 4
2242 14 13 5
2243 19 19 5
2244 15 14 4
2245 12 11 5
2246 11 10 6
2247 20 20 8
2248 8 8 8
2249 11 10 4
2250 18 17 5
2251 11 11 5
2252 17 17 5
2253 15 14 6
2254 14 14 4
2255 14 13 5
2256 23 22 4
2257 14 13 5
2258 11 11 5
2259 15 15 5
2260 13 12 4
2261 16 15 7
2262 15 14 6
2263 16 16 6
2264 12 11 5
2265 11 11 5
2266 11 10 4
2267 12 11 5
2268 11 11 5
2269 17 17 5
2270 17 17 7
2271 7 6 5
2272 11 10 4
2273 8 7 6
2274 22 22 8
2275 8 8 4
2276 22 21 9
2277 15 14 6
2278 14 14 6
2279 14 14 6
2280 6 6 6
2281 15 15 5
2282 13 13 7
2283 11 10 6
2284 12 12 6
2285 16 16 4
2286 18 17 7
2287 13 13 5
2288 11 11 5
2289 11 10 6
2290 12 11 7
2291 11 10 4
2292 12 11 5
2293 7 6 5
2294 21 21 5
2295 17 17 5
2296 21 20 6
2297 10 10 6
2298 10 10 4
2299 6 5 4
2300 6 5 4
2301 10 9 5
2302 9 9 5
2303 15 15 7
2304 13 12 6
2305 16 16 4
2306 20 19 7
2307 17 16 6
2308 20 20 8
2309 20 20 4
2310 14 13 5
2311 9 9 5
2312 9 9 5
2313 17 16 6
2314 16 16 4
2315 12 11 5
2316 9 9 5
2317 9 9 5
2318 13 13 7
2319 13 13 5
2320 15 15 5
2321 13 13 5
2322 7 6 5
2323 17 17 5
2324 19 19 7
2325 5 5 5
2326 12 11 5
2327 7 6 5
2328 11 10 6
2329 10 10 6
2330 10 10 6
2331 10 10 4
2332 18 17 7
2333 15 15 5
2334 7 7 7
2335 10 10 6
2336 20 20 6
2337 14 13 5
2338 11 11 5
2339 11 10 4
2340 10 9 5
2341 11 10 4
2342 12 11 7
2343 13 13 5
2344 11 11 5
2345 15 14 6
2346 12 11 7
2347 7 6 5
2348 13 12 4
2349 14 13 5
2350 13 13 5
2351 13 13 5
2352 9 9 5
2353 9 9 5
2354 13 12 6
2355 10 10 6
2356 6 6 6
2357 15 15 7
2358 7 6 5
2359 11 10 4
2360 14 13 5
2361 19 18 8
2362 8 8 4
2363 6 5 4
2364 14 13 5
2365 9 8 4
2366 8 7 6
2367 12 12 6
2368 6 6 6
2369 15 14 6
2370 14 14 4
2371 16 15 7
2372 11 11 5
2373 15 14 6
2374 6 6 6
2375 5 5 5
2376 10 9 5
2377 15 15 7
2378 9 9 5
2379 9 8 4
2380 12 11 5
2381 9 9 5
2382 13 13 5
2383 11 10 4
2384 10 9 5
2385 13 13 5
2386 13 12 4
2387 10 9 5
2388 15 14 6
2389 6 6 6
2390 11 10 6
2391 12 12 6
2392 14 14 6
2393 16 16 6
2394 14 13 7
2395 13 12 4
2396 12 11 5
2397 5 5 5
2398 14 13 7
2399 11 10 4
2400 16 15 5
2401 11 10 6
2402 16 16 4
2403 16 15 5
2404 13 12 4
2405 16 15 7
2406 9 8 4
2407 12 11 5
2408 13 13 5
2409 15 14 6
2410 12 12 6
2411 16 16 6
2412 12 12 6
2413 18 18 4
2414 18 17 7
2415 11 10 4
2416 10 9 5
2417 11 11 5
2418 13 13 5
2419 23 22 6
2420 20 20 4
2421 14 13 5
2422 15 14 4
2423 30 29 5
2424 37 36 6
2425 30 29 5
2426 23 22 4
2427 24 23 5
2428 15 14 6
2429 20 20 6
2430 34 34 8
2431 14 14 4
2432 16 15 5
2433 17 16 6
2434 18 18 6
2435 34 34 8
2436 22 22 4
2437 40 39 9
2438 25 24 6
2439 26 26 8
2440 36 36 8
2441 36 35 7
2442 23 22 6
2443 24 24 6
2444 28 27 7
2445 35 35 7
2446 23 22 4
2447 28 27 7
2448 23 22 6
2449 38 37 7
2450 29 29 9
2451 27 27 9
2452 53 52 6
2453 34 33 5
2454 31 30 6
2455 28 28 6
2456 46 46 8
2457 34 34 6
2458 20 19 5
2459 35 35 7
2460 39 39 9
2461 37 37 7
2462 35 35 7
2463 31 30 6
2464 30 29 7
2465 29 28 8
2466 24 24 6
2467 24 24 4
2468 30 29 9
2469 31 30 6
2470 36 36 8
2471 20 19 7
2472 33 32 6
2473 18 17 5
2474 19 19 5
2475 19 19 5
2476 21 20 6
2477 28 27 7
2478 17 16 6
2479 32 31 7
2480 17 16 4
2481 20 19 5
2482 15 15 5
2483 19 18 4
2484 26 25 7
2485 31 30 6
2486 22 21 5
2487 23 23 5
2488 35 34 6
2489 16 16 6
2490 18 18 6
2491 24 24 6
2492 16 15 5
2493 21 20 8
2494 22 22 6
2495 22 21 5
2496 15 15 7
2497 17 16 6
2498 26 26 6
2499 14 13 5
2500 15 14 4
2501 18 17 5
2502 23 22 6
2503 16 15 7
2504 9 9 5
2505 9 9 5
2506 13 12 6
2507 18 18 6
2508 20 19 5
2509 23 23 7
2510 25 24 6
2511 22 22 6
2512 18 17 5
2513 15 15 5
2514 19 18 4
2515 16 15 5
2516 17 16 6
2517 20 19 7
2518 21 20 4
2519 14 13 5
2520 15 15 5
2521 11 10 4
2522 22 21 7
2523 11 10 6
2524 16 16 6
2525 10 10 4
2526 24 23 7
2527 13 12 6
2528 12 12 4
2529 24 23 5
2530 13 13 5
2531 21 21 5
2532 17 16 6
2533 10 10 4
2534 12 11 5
2535 19 18 6
2536 10 10 4
2537 20 19 5
2538 13 12 4
2539 14 13 5
2540 17 17 7
2541 15 14 4
2542 16 15 5
2543 27 27 7
2544 17 16 4
2545 14 13 5
2546 9 8 4
2547 14 13 5
2548 19 18 6
2549 18 18 6
2550 12 12 4
2551 22 21 7
2552 13 12 6
2553 22 22 6
2554 12 11 5
2555 21 20 6
2556 22 21 5
2557 21 20 4
2558 20 19 5
2559 19 19 5
2560 17 16 4
2561 22 21 5
2562 23 22 8
2563 26 26 4
2564 26 25 5
2565 19 18 6
2566 10 10 4
2567 14 13 5
2568 15 14 4
2569 32 31 7
2570 21 20 4
2571 20 19 5
2572 15 15 5
2573 17 16 4
2574 24 23 5
2575 25 25 5
2576 11 10 4
2577 34 33 7
2578 17 16 4
2579 28 27 5
2580 25 25 7
2581 17 17 5
2582 19 18 6
2583 20 19 5
2584 17 16 4
2585 22 21 5
2586 19 18 6
2587 18 18 4
2588 24 23 7
2589 19 18 4
2590 20 19 5
2591 17 16 6
2592 14 14 4
2593 22 21 5
2594 13 12 6
2595 24 24 8
2596 16 16 6
2597 18 18 6
2598 18 18 4
2599 20 19 5
2600 21 21 5
2601 17 16 6
2602 14 14 6
2603 18 18 4
2604 10 9 5
2605 15 14 6
2606 12 11 5
2607 13 13 5
2608 19 19 7
2609 11 11 5
2610 23 23 5
2611 19 18 4
2612 14 13 5
2613 11 11 5
2614 13 13 5
2615 17 16 6
2616 16 15 5
2617 9 9 5
2618 21 20 6
2619 20 20 4
2620 16 15 5
2621 17 17 5
2622 17 16 6
2623 12 12 4
2624 14 13 5
2625 11 11 5
2626 13 13 5
2627 13 12 6
2628 8 7 6
2629 20 20 4
2630 16 15 5
2631 19 19 7
2632 11 11 5
2633 15 14 4
2634 16 15 5
2635 25 24 6
2636 12 12 6
2637 14 14 6
2638 8 8 4
2639 20 19 5
2640 11 10 6
2641 12 12 4
2642 14 13 5
2643 15 14 6
2644 20 20 8
2645 12 12 6
2646 10 10 4
2647 10 9 5
2648 25 24 8
2649 10 10 4
2650 16 15 5
2651 9 8 4
2652 20 19 5
2653 13 12 4
2654 14 13 5
2655 13 13 7
2656 17 17 5
2657 15 14 6
2658 10 10 6
2659 14 14 6
2660 10 10 4
2661 26 25 7
2662 9 9 5
2663 9 8 4
2664 12 11 5
2665 13 13 7
2666 11 10 4
2667 12 11 5
2668 17 16 6
2669 14 14 4
2670 16 15 7
2671 15 14 6
2672 6 6 6
2673 7 6 5
2674 13 12 4
2675 8 7 6
2676 14 14 6
2677 14 14 6
2678 12 12 6
2679 12 11 5
2680 25 24 6
2681 18 17 5
2682 19 18 6
2683 16 16 6
2684 6 5 4
2685 16 15 5
2686 7 6 5
2687 21 20 6
2688 14 14 6
2689 16 16 6
2690 10 10 6
2691 8 8 4
2692 18 17 5
2693 13 13 5
2694 11 10 4
2695 18 17 9
2696 23 22 6
2697 18 18 4
2698 14 13 5
2699 11 11 5
2700 19 19 5
2701 17 16 4
2702 22 21 7
2703 19 18 6
2704 28 27 5
2705 13 13 5
2706 27 27 7
2707 23 23 5
2708 29 28 8
2709 16 16 4
2710 26 25 5
2711 21 20 6
2712 20 20 6
2713 28 28 6
2714 26 25 5
2715 29 29 7
2716 25 24 4
2717 26 25 5
2718 27 27 5
2719 19 18 6
2720 20 19 7
2721 25 24 4
2722 20 19 5
2723 21 21 5
2724 23 23 7
2725 29 28 6
2726 22 21 5
2727 29 28 6
2728 30 29 5
2729 25 25 5
2730 29 29 5
2731 29 28 8
2732 22 21 5
2733 31 30 8
2734 40 40 6
2735 26 26 6
2736 42 41 7
2737 21 21 7
2738 31 30 8
2739 34 34 10
2740 18 18 4
2741 18 17 5
2742 17 16 4
2743 22 21 5
2744 21 20 6
2745 26 26 8
2746 30 29 9
2747 25 25 7
2748 19 18 4
2749 14 13 5
2750 27 26 10
2751 32 31 7
2752 15 14 6
2753 18 17 5
2754 17 16 4
2755 38 37 11
2756 25 24 6
2757 22 22 8
2758 26 25 5
2759 31 31 5
2760 27 27 7
2761 19 18 6
2762 16 16 4
2763 24 23 5
2764 35 35 13
2765 19 18 8
2766 40 39 11
2767 35 34 8
2768 26 25 7
2769 29 28 10
2770 38 37 9
2771 37 37 11
2772 25 24 6
2773 28 28 10
2774 24 24 4
2775 36 35 7
2776 17 16 6
2777 40 39 11
2778 23 23 9
2779 21 20 4
2780 20 19 7
2781 27 27 9
2782 29 29 11
2783 37 36 8
2784 26 26 8
2785 22 22 6
2786 16 16 4
2787 22 21 5
2788 35 35 15
2789 25 24 6
2790 16 15 5
2791 11 10 4
2792 40 39 13
2793 21 20 8
2794 28 28 6
2795 26 25 7
2796 31 31 7
2797 45 44 16
2798 24 24 10
2799 18 18 6
2800 12 12 4
2801 16 15 5
2802 13 13 5
2803 15 14 8
2804 14 14 6
2805 26 26 6
2806 34 34 6
2807 20 20 8
2808 38 38 10
2809 28 28 10
2810 12 11 5
2811 35 35 9
2812 11 10 6
2813 28 28 8
2814 18 18 6
2815 22 22 8
2816 26 25 5
2817 9 8 4
2818 20 19 5
2819 15 15 5
2820 27 27 5
2821 13 12 4
2822 28 27 7
2823 9 8 4
2824 18 17 5
2825 17 16 4
2826 16 15 5
2827 17 17 5
2828 9 9 5
2829 9 8 4
2830 14 13 7
2831 15 14 4
2832 12 11 5
2833 11 10 4
2834 12 11 5
2835 13 13 5
2836 15 15 5
2837 9 8 4
2838 14 13 7
2839 17 16 6
2840 14 14 6
2841 18 18 6
2842 30 30 6
2843 16 16 4
2844 22 21 7
2845 13 13 5
2846 23 22 6
2847 14 13 5
2848 17 16 4
2849 12 11 5
2850 13 12 6
2851 10 10 4
2852 20 19 5
2853 29 29 5
2854 21 21 5
2855 21 20 6
2856 14 14 6
2857 12 12 4
2858 12 11 5
2859 15 14 4
2860 12 11 5
2861 11 11 5
2862 13 13 5
2863 13 12 4
2864 14 13 7
2865 13 12 6
2866 18 18 6
2867 16 16 6
2868 6 6 6
2869 23 23 5
2870 13 13 5
2871 19 19 5
2872 19 18 8
2873 8 8 4
2874 14 13 5
2875 19 19 7
2876 13 13 5
2877 9 8 4
2878 6 5 4
2879 18 17 5
2880 25 25 7
2881 9 8 4
2882 12 11 7
2883 7 6 5
2884 9 9 5
2885 19 18 4
2886 18 17 7
2887 15 15 5
2888 15 14 4
2889 30 29 5
2890 17 17 5
2891 25 24 8
2892 8 8 4
2893 16 15 5
2894 19 19 5
2895 15 15 5
2896 9 8 4
2897 14 13 5
2898 17 16 4
2899 18 17 5
2900 15 14 6
2901 18 18 6
2902 10 10 4
2903 20 19 7
2904 15 14 6
2905 18 18 6
2906 14 14 6
2907 12 11 5
2908 13 12 6
2909 16 16 4
2910 18 17 7
2911 23 22 6
2912 18 18 6
2913 14 14 4
2914 22 21 5
2915 13 12 4
2916 28 27 9
2917 15 14 4
2918 14 13 5
2919 19 18 6
2920 10 10 6
2921 12 11 5
2922 17 16 6
2923 10 10 4
2924 16 15 5
2925 23 22 6
2926 18 18 4
2927 18 17 5
2928 17 17 5
2929 11 10 6
2930 12 12 6
2931 10 10 4
2932 20 19 5
2933 19 19 7
2934 13 12 4
2935 12 11 5
2936 19 19 7
2937 13 12 4
2938 18 17 5
2939 17 16 6
2940 10 10 6
2941 14 14 6
2942 8 8 4
2943 16 15 5
2944 15 14 4
2945 18 17 5
2946 15 14 4
2947 14 13 5
2948 15 14 6
2949 12 11 5
2950 19 18 6
2951 30 30 6
2952 16 15 5
2953 19 18 4
2954 22 21 5
2955 17 17 7
2956 17 16 6
2957 20 20 6
2958 14 14 6
2959 26 26 8
2960 24 24 8
2961 16 15 5
2962 21 21 5
2963 31 30 12
2964 12 12 6
2965 28 28 10
2966 28 28 12
2967 28 28 8
2968 20 19 7
2969 23 22 6
2970 32 31 9
2971 25 25 5
2972 25 25 5
2973 17 17 5
2974 19 18 4
2975 22 21 5
2976 17 17 5
2977 15 15 5
2978 27 27 7
2979 19 18 4
2980 20 19 7
2981 15 14 6
2982 16 16 4
2983 16 15 7
2984 15 14 6
2985 18 18 4
2986 24 23 9
2987 21 20 6
2988 14 14 4
2989 20 19 7
2990 23 23 7
2991 19 18 4
2992 18 17 7
2993 25 24 8
2994 24 24 8
2995 32 31 7
2996 27 26 6
2997 24 24 6
2998 34 34 6
2999 22 21 5
3000 31 30 8
3001 12 12 4
3002 18 17 5
3003 25 24 4
3004 26 25 5
3005 29 28 8
3006 26 26 6
3007 26 26 6
3008 20 20 6
3009 20 20 6
3010 24 24 6
3011 16 16 8
3012 18 18 6
3013 26 25 5
3014 25 25 5
3015 17 16 6
3016 28 28 10
3017 12 11 5
3018 17 17 5
3019 33 33 5
3020 13 13 5
3021 21 20 6
3022 26 26 6
3023 18 17 5
3024 29 28 14
3025 18 18 6
3026 18 17 5
3027 21 20 4
3028 28 27 9
3029 29 28 8
3030 26 25 9
3031 25 24 6
3032 22 21 5
3033 33 33 11
3034 25 25 7
3035 21 20 8
3036 22 22 4
3037 20 19 5
3038 29 29 7
3039 29 29 7
3040 27 27 7
3041 27 27 7
3042 37 36 10
3043 28 28 8
3044 28 28 4
3045 28 27 9
3046 27 26 6
3047 24 24 8
3048 24 24 8
3049 12 12 4
3050 28 27 5
3051 27 26 6
3052 18 17 5
3053 13 13 5
3054 17 17 7
3055 15 14 4
3056 20 19 7
3057 25 24 6
3058 22 21 7
3059 21 21 7
3060 21 21 7
3061 13 13 5
3062 27 26 12
3063 20 19 5
3064 23 23 9
3065 15 14 6
3066 22 22 4
3067 14 13 5
3068 17 16 6
3069 20 19 5
3070 23 22 8
3071 24 24 6
3072 12 12 6
3073 16 16 6
3074 14 13 5
3075 23 23 5
3076 19 18 4
3077 20 19 5
3078 21 21 5
3079 17 17 5
3080 19 18 6
3081 18 18 4
3082 12 11 5
3083 23 22 6
3084 16 16 6
3085 14 14 6
3086 14 14 4
3087 14 13 5
3088 17 16 4
3089 30 29 7
3090 13 12 6
3091 12 12 4
3092 16 15 5
3093 11 11 5
3094 13 12 4
3095 16 15 5
3096 13 13 7
3097 15 14 4
3098 12 11 5
3099 13 12 4
3100 30 29 9
3101 13 12 4
3102 20 19 5
3103 19 18 4
3104 22 21 5
3105 13 13 7
3106 31 31 5
3107 17 17 5
3108 27 26 6
3109 20 20 6
3110 24 24 6
3111 18 17 7
3112 23 22 6
3113 30 30 8
3114 32 32 6
3115 24 24 8
3116 24 24 6
3117 26 26 4
3118 32 31 9
3119 45 44 12
3120 24 24 6
3121 18 17 5
3122 33 32 6
3123 26 26 4
3124 24 23 5
3125 31 30 6
3126 36 35 7
3127 33 32 6
3128 38 38 6
3129 26 26 6
3130 26 26 6
3131 30 29 5
3132 29 29 7
3133 11 11 5
3134 25 25 5
3135 25 25 7
3136 23 23 7
3137 31 30 12
3138 18 18 4
3139 20 19 5
3140 21 21 7
3141 25 24 8
3142 12 12 6
3143 16 16 4
3144 18 17 5
3145 15 15 5
3146 15 14 6
3147 14 14 4
3148 18 17 7
3149 13 12 6
3150 14 14 6
3151 14 14 6
3152 14 14 6
3153 10 10 4
3154 10 9 5
3155 13 12 8
3156 12 12 6
3157 14 14 6
3158 12 12 4
3159 12 11 5
3160 21 20 6
3161 16 15 7
3162 11 10 4
3163 16 15 7
3164 9 9 5
3165 9 8 4
3166 16 15 5
3167 21 21 7
3168 17 16 6
3169 10 10 4
3170 12 11 5
3171 11 10 6
3172 8 8 4
3173 14 13 5
3174 25 25 7
3175 21 20 6
3176 18 18 4
3177 10 9 5
3178 9 9 5
3179 11 10 4
3180 10 9 5
3181 17 16 6
3182 12 11 5
3183 11 11 5
3184 9 9 5
3185 9 9 5
3186 7 6 5
3187 13 13 5
3188 13 13 5
3189 13 13 5
3190 13 12 6
3191 18 17 7
3192 17 17 7
3193 9 8 4
3194 10 9 5
3195 19 18 8
3196 14 14 6
3197 6 6 6
3198 9 8 4
3199 10 9 5
3200 15 14 8
3201 12 12 6
3202 16 16 6
3203 16 16 8
3204 22 22 6
3205 12 12 4
3206 14 13 5
3207 7 6 5
3208 15 14 6
3209 12 11 5
3210 9 8 4
3211 12 11 5
3212 11 11 5
3213 5 5 5
3214 20 19 5
3215 25 25 7
3216 19 19 5
3217 19 19 5
3218 15 14 8
3219 16 16 6
3220 18 18 4
3221 16 15 5
3222 13 13 5
3223 11 11 7
3224 19 18 4
3225 6 5 4
3226 12 11 5
3227 9 9 5
3228 13 13 5
3229 19 19 5
3230 11 10 4
3231 12 11 5
3232 5 5 5
3233 12 11 5
3234 19 18 6
3235 18 17 5
3236 25 24 8
3237 14 14 4
3238 20 19 7
3239 17 16 8
3240 14 14 6
3241 14 13 5
3242 15 14 6
3243 12 12 6
3244 12 12 4
3245 14 13 5
3246 11 10 4
3247 18 17 7
3248 11 10 6
3249 10 10 4
3250 14 13 7
3251 19 18 6
3252 16 16 6
3253 18 17 5
3254 15 14 4
3255 16 15 5
3256 13 13 5
3257 11 10 6
3258 6 6 6
3259 9 9 5
3260 15 15 5
3261 15 15 5
3262 13 12 8
3263 18 18 6
3264 10 10 4
3265 18 17 5
3266 17 17 5
3267 7 6 5
3268 9 9 5
3269 11 11 5
3270 13 13 7
3271 9 8 4
3272 14 13 5
3273 13 12 4
3274 14 13 5
3275 23 23 7
3276 15 14 6
3277 20 20 6
3278 14 13 5
3279 21 20 6
3280 24 24 6
3281 24 24 6
3282 28 28 6
3283 18 18 4
3284 24 23 5
3285 19 19 5
3286 19 18 6
3287 16 15 7
3288 17 16 4
3289 18 17 5
3290 15 14 6
3291 14 14 4
3292 32 31 7
3293 15 14 4
3294 14 13 5
3295 13 13 5
3296 9 9 5
3297 21 20 4
3298 14 13 5
3299 27 27 5
3300 15 14 4
3301 22 21 7
3302 19 19 5
3303 19 19 5
3304 21 21 5
3305 17 16 6
3306 14 14 4
3307 22 21 5
3308 21 21 5
3309 21 21 5
3310 23 23 5
3311 15 15 5
3312 15 15 5
3313 27 27 5
3314 15 14 6
3315 18 18 6
3316 20 20 6
3317 16 16 4
3318 12 11 5
3319 11 10 4
3320 16 15 5
3321 19 19 5
3322 9 9 5
3323 19 18 8
3324 10 10 4
3325 16 15 5
3326 17 17 5
3327 13 12 6
3328 20 20 4
3329 14 13 5
3330 17 16 6
3331 14 13 5
3332 21 20 8
3333 16 15 5
3334 11 10 4
3335 24 23 7
3336 15 14 6
3337 16 15 5
3338 19 19 5
3339 17 16 6
3340 8 7 6
3341 10 10 6
3342 14 14 6
3343 8 8 4
3344 20 19 5
3345 17 17 7
3346 21 21 7
3347 11 10 4
3348 12 11 5
3349 15 14 6
3350 8 7 6
3351 16 15 5
3352 11 10 4
3353 20 19 5
3354 11 11 5
3355 11 11 7
3356 15 14 4
3357 20 19 7
3358 13 12 6
3359 16 15 7
3360 23 22 6
3361 12 11 5
3362 21 20 8
3363 16 16 6
3364 16 16 6
3365 16 15 5
3366 13 12 4
3367 18 17 7
3368 15 14 6
3369 12 12 6
3370 18 18 6
3371 14 14 6
3372 24 24 4
3373 14 13 5
3374 15 15 5
3375 19 19 5
3376 17 17 5
3377 15 14 6
3378 12 12 6
3379 20 20 4
3380 16 15 5
3381 19 18 6
3382 16 16 6
3383 14 14 4
3384 14 13 5
3385 7 7 7
3386 14 14 4
3387 16 15 7
3388 9 9 5
3389 17 17 5
3390 17 16 6
3391 14 13 5
3392 19 18 6
3393 12 11 5
3394 9 8 4
3395 10 9 5
3396 13 12 6
3397 16 15 7
3398 17 16 6
3399 12 12 6
3400 14 13 5
3401 15 14 4
3402 20 19 7
3403 15 15 5
3404 25 25 7
3405 9 8 4
3406 14 13 5
3407 11 10 4
3408 14 13 5
3409 13 13 5
3410 25 24 6
3411 8 8 4
3412 14 13 7
3413 11 11 5
3414 11 10 4
3415 12 11 7
3416 13 12 4
3417 14 13 5
3418 15 15 5
3419 15 14 6
3420 8 8 4
3421 14 13 5
3422 23 22 6
3423 14 13 5
3424 21 20 8
3425 10 10 4
3426 16 15 5
3427 17 16 4
3428 16 15 5
3429 19 18 6
3430 16 16 4
3431 10 9 5
3432 11 10 4
3433 30 29 5
3434 11 11 5
3435 11 10 4
3436 20 19 7
3437 15 14 4
3438 14 13 7
3439 9 8 4
3440 16 15 5
3441 15 15 5
3442 15 14 4
3443 18 17 5
3444 13 13 5
3445 19 18 6
3446 16 16 4
3447 14 13 5
3448 13 12 6
3449 12 11 5
3450 19 19 7
3451 11 10 4
3452 14 13 5
3453 13 12 4
3454 16 15 5
3455 13 13 5
3456 11 10 6
3457 14 14 6
3458 16 16 6
3459 8 8 4
3460 10 9 5
3461 13 12 6
3462 6 5 4
3463 12 11 5
3464 17 16 4
3465 14 13 5
3466 7 7 7
3467 18 18 4
3468 6 5 4
3469 22 21 5
3470 17 17 5
3471 7 6 5
3472 13 12 6
3473 10 10 4
3474 14 13 5
3475 11 10 4
3476 18 17 7
3477 17 16 4
3478 12 11 5
3479 13 12 6
3480 10 10 6
3481 20 20 4
3482 28 27 5
3483 21 20 6
3484 20 20 6
3485 14 13 5
3486 13 12 4
3487 20 19 5
3488 13 12 4
3489 20 19 7
3490 13 12 4
3491 18 17 5
3492 25 24 4
3493 10 9 5
3494 13 12 6
3495 14 14 4
3496 10 9 5
3497 11 10 4
3498 16 15 5
3499 25 25 5
3500 37 36 6
3501 12 12 6
3502 12 12 4
3503 24 23 5
3504 19 18 4
3505 20 19 5
3506 17 17 5
3507 13 13 5
3508 21 20 6
3509 18 17 5
3510 19 19 5
3511 15 14 6
3512 14 13 5
3513 5 5 5
3514 18 17 7
3515 19 18 4
3516 22 21 5
3517 25 25 7
3518 19 19 5
3519 13 13 5
3520 15 15 5
3521 13 12 6
3522 20 20 4
3523 26 25 7
3524 27 26 6
3525 24 24 8
3526 28 28 6
3527 26 26 6
3528 16 15 5
3529 15 15 5
3530 17 16 6
3531 28 28 6
3532 46 45 5
3533 21 21 5
3534 19 18 4
3535 22 21 5
3536 17 17 5
3537 11 10 4
3538 22 21 5
3539 17 17 5
3540 23 22 6
3541 18 17 5
3542 27 26 6
3543 28 27 5
3544 27 26 6
3545 24 23 5
3546 15 14 6
3547 22 22 6
3548 14 13 5
3549 21 20 6
3550 18 17 5
3551 23 23 9
3552 19 18 6
3553 32 32 4
3554 16 15 5
3555 19 19 5
3556 23 23 5
3557 25 25 7
3558 21 21 5
3559 33 32 8
3560 32 32 6
3561 32 31 5
3562 21 21 5
3563 35 35 7
3564 27 27 7
3565 39 39 7
3566 29 28 6
3567 20 19 7
3568 45 45 9
3569 51 51 11
3570 45 44 10
3571 22 21 5
3572 27 26 6
3573 32 31 7
3574 27 27 5
3575 33 33 7
3576 29 28 6
3577 26 25 5
3578 33 33 7
3579 19 19 5
3580 47 46 12
3581 34 34 6
3582 20 20 6
3583 22 22 6
3584 28 27 5
3585 25 24 6
3586 28 27 5
3587 21 20 4
3588 20 19 5
3589 21 21 5
3590 23 22 6
3591 22 21 5
3592 13 13 5
3593 25 24 4
3594 18 17 5
3595 17 16 6
3596 20 20 6
3597 24 23 5
3598 17 17 5
3599 13 13 5
3600 23 23 5
3601 19 19 5
3602 19 19 5
3603 17 16 6
3604 10 10 4
3605 12 11 5
3606 25 24 4
3607 14 13 5
3608 13 13 5
3609 21 20 6
3610 20 20 4
3611 18 17 5
3612 15 14 6
3613 16 16 6
3614 14 14 4
3615 16 15 5
3616 15 14 6
3617 10 10 6
3618 16 16 8
3619 8 8 4
3620 10 9 5
3621 17 17 5
3622 19 19 7
3623 11 11 5
3624 13 12 6
3625 14 14 6
3626 14 14 6
3627 10 10 4
3628 16 15 5
3629 11 11 5
3630 13 12 4
3631 14 13 5
3632 21 20 6
3633 14 14 6
3634 24 24 8
3635 16 16 6
3636 18 18 6
3637 16 16 6
3638 12 12 6
3639 10 10 4
3640 20 19 5
3641 9 8 4
3642 14 13 5
3643 19 18 6
3644 18 18 4
3645 12 11 5
3646 19 18 4
3647 6 5 4
3648 10 9 5
3649 17 17 5
3650 21 21 5
3651 11 10 6
3652 28 28 8
3653 24 24 6
3654 24 24 6
3655 34 34 4
3656 38 37 7
3657 31 30 6
3658 22 21 7
3659 17 17 5
3660 19 19 5
3661 23 22 4
3662 26 25 7
3663 21 20 6
3664 24 23 5
3665 11 11 5
3666 21 20 6
3667 34 34 6
3668 24 23 7
3669 17 16 6
3670 24 24 4
3671 30 29 5
3672 17 17 5
3673 13 13 5
3674 23 22 6
3675 18 18 4
3676 34 33 5
3677 19 19 5
3678 29 28 6
3679 26 26 4
3680 14 13 5
3681 21 20 4
3682 12 11 5
3683 17 16 4
3684 10 9 5
3685 21 20 6
3686 14 13 5
3687 15 14 4
3688 28 27 7
3689 21 20 6
3690 14 14 6
3691 24 23 5
3692 23 23 7
3693 23 22 6
3694 10 9 5
3695 15 15 5
3696 17 16 6
3697 24 23 5
3698 17 16 4
3699 22 21 7
3700 13 12 4
3701 22 21 5
3702 15 15 7
3703 21 20 4
3704 22 21 5
3705 13 13 5
3706 11 11 5
3707 17 16 6
3708 16 16 6
3709 24 24 6
3710 22 21 7
3711 11 10 4
3712 18 17 5
3713 19 18 4
3714 16 15 7
3715 9 8 4
3716 14 13 5
3717 11 11 5
3718 17 16 6
3719 18 18 6
3720 12 11 5
3721 21 20 8
3722 10 10 6
3723 16 16 6
3724 16 15 5
3725 19 19 7
3726 15 15 5
3727 7 6 5
3728 21 20 6
3729 26 25 5
3730 7 7 7
3731 16 16 4
3732 14 13 5
3733 23 22 6
3734 10 10 4
3735 12 11 5
3736 9 9 5
3737 13 12 6
3738 12 11 5
3739 9 9 5
3740 11 11 5
3741 13 13 5
3742 9 9 5
3743 11 10 6
3744 14 13 5
3745 15 14 4
3746 20 19 5
3747 9 9 5
3748 11 10 4
3749 12 11 5
3750 9 9 5
3751 15 14 6
3752 12 11 5
3753 11 10 6
3754 10 10 6
3755 8 8 4
3756 18 17 7
3757 11 10 4
3758 14 13 5
3759 13 12 6
3760 10 10 6
3761 18 17 7
3762 11 10 4
3763 18 17 5
3764 15 15 5
3765 13 13 5
3766 15 15 5
3767 11 10 4
3768 10 9 5
3769 17 17 7
3770 7 6 5
3771 13 12 4
3772 14 13 5
3773 7 6 5
3774 13 13 7
3775 15 14 6
3776 16 16 6
3777 16 16 6
3778 16 16 8
3779 10 9 5
3780 7 6 5
3781 11 10 6
3782 10 10 6
3783 14 14 6
3784 18 18 4
3785 10 9 5
3786 23 22 6
3787 22 22 6
3788 24 24 6
3789 12 12 6
3790 8 8 4
3791 18 17 5
3792 13 12 6
3793 18 18 6
3794 14 13 7
3795 9 8 4
3796 18 17 7
3797 23 22 6
3798 16 16 4
3799 6 5 4
3800 14 13 5
3801 11 11 5
3802 13 12 6
3803 12 11 5
3804 17 16 6
3805 12 12 6
3806 12 12 6
3807 10 9 5
3808 17 17 5
3809 17 17 5
3810 9 9 5
3811 11 10 4
3812 8 7 6
3813 14 14 6
3814 18 18 6
3815 14 14 6
3816 10 10 6
3817 12 12 4
3818 22 21 7
3819 17 16 6
3820 10 10 6
3821 10 10 4
3822 14 13 7
3823 13 13 5
3824 21 20 6
3825 24 23 5
3826 13 13 5
3827 17 16 6
3828 10 9 5
3829 5 5 5
3830 18 17 5
3831 13 12 4
3832 22 21 7
3833 19 19 5
3834 15 14 4
3835 16 15 5
3836 13 13 5
3837 17 16 4
3838 22 21 5
3839 9 8 4
3840 20 19 7
3841 13 12 4
3842 18 17 5
3843 17 16 6
3844 18 17 5
3845 19 18 4
3846 16 15 5
3847 21 20 8
3848 16 16 6
3849 10 10 4
3850 20 19 5
3851 17 17 5
3852 19 19 7
3853 19 19 7
3854 35 34 10
3855 36 36 6
3856 26 26 6
3857 26 26 6
3858 20 20 4
3859 24 23 5
3860 25 25 5
3861 23 23 7
3862 11 10 4
3863 24 23 7
3864 25 25 7
3865 25 24 6
3866 24 24 8
3867 30 30 4
3868 14 13 5
3869 31 30 6
3870 14 14 4
3871 16 15 5
3872 17 17 7
3873 23 22 6
3874 24 23 5
3875 21 21 5
3876 15 15 5
3877 17 16 6
3878 16 15 5
3879 23 22 6
3880 22 22 8
3881 22 22 6
3882 18 18 6
3883 30 29 9
3884 19 19 5
3885 29 29 5
3886 23 22 6
3887 16 15 5
3888 23 22 6
3889 20 20 4
3890 20 19 5
3891 17 17 5
3892 17 17 5
3893 15 14 6
3894 22 21 5
3895 15 15 5
3896 21 20 6
3897 16 16 4
3898 20 19 7
3899 11 10 4
3900 22 21 7
3901 13 12 6
3902 10 10 4
3903 14 13 5
3904 13 12 6
3905 18 18 6
3906 12 12 4
3907 20 19 5
3908 17 16 6
3909 24 23 7
3910 15 14 6
3911 24 24 6
3912 10 10 6
3913 6 5 4
3914 16 15 5
3915 11 10 4
3916 14 13 5
3917 11 10 6
3918 12 12 6
3919 20 19 5
3920 19 18 4
3921 10 9 5
3922 23 23 5
3923 11 10 6
3924 6 6 6
3925 29 28 8
3926 24 24 6
3927 18 18 6
3928 12 12 4
3929 16 15 5
3930 13 13 5
3931 25 24 6
3932 14 14 6
3933 18 18 6
3934 20 20 6
3935 16 16 6
3936 12 11 5
3937 15 15 5
3938 15 14 4
3939 16 15 7
3940 23 22 6
3941 18 17 5
3942 15 14 4
3943 16 15 5
3944 13 12 4
3945 12 11 5
3946 19 18 6
3947 16 15 5
3948 13 13 5
3949 11 10 4
3950 14 13 5
3951 13 13 7
3952 15 14 4
3953 16 15 5
3954 13 13 5
3955 15 14 6
3956 14 13 5
3957 11 10 4
3958 20 19 5
3959 13 12 6
3960 14 14 4
3961 14 13 5
3962 9 9 5
3963 15 15 5
3964 19 19 5
3965 21 21 7
3966 19 18 4
3967 18 17 5
3968 21 21 5
3969 27 26 8
3970 14 14 6
3971 14 14 4
3972 16 15 5
3973 17 16 8
3974 12 12 6
3975 14 14 4
3976 26 25 5
3977 11 11 5
3978 15 14 4
3979 12 11 5
3980 17 17 5
3981 13 12 8
3982 10 9 5
3983 7 6 5
3984 11 10 6
3985 12 12 6
3986 10 10 6
3987 12 12 6
3988 22 21 5
3989 15 15 5
3990 25 25 7
3991 13 13 5
3992 11 11 5
3993 19 18 6
3994 28 27 5
3995 19 19 5
3996 17 16 6
3997 22 21 5
3998 15 14 6
3999 20 20 6
4000 10 10 6
4001 6 6 6
4002 13 13 5
4003 9 9 5
4004 15 14 6
4005 12 12 6
4006 6 6 6
4007 19 19 7
4008 13 12 4
4009 10 9 5
4010 11 11 5
4011 17 17 7
4012 7 6 5
4013 11 10 4
4014 16 15 7
4015 7 7 7
4016 8 8 4
4017 16 15 5
4018 13 12 6
4019 14 14 6
4020 14 13 5
4021 19 19 7
4022 15 14 6
4023 10 10 6
4024 6 6 6
4025 11 10 4
4026 8 7 6
4027 18 18 6
4028 8 8 4
4029 10 9 5
4030 17 16 6
4031 12 11 5
4032 13 12 8
4033 14 14 6
4034 10 10 4
4035 10 9 5
4036 15 14 6
4037 24 23 7
4038 17 16 6
4039 14 14 6
4040 6 6 6
4041 9 8 4
4042 14 13 5
4043 11 10 6
4044 12 11 5
4045 15 15 5
4046 13 12 6
4047 18 18 8
4048 12 11 5
4049 13 13 5
4050 13 12 6
4051 8 8 4
4052 12 11 5
4053 15 14 6
4054 16 16 6
4055 10 10 6
4056 12 12 6
4057 8 8 4
4058 12 11 5
4059 11 10 4
4060 12 11 5
4061 13 13 5
4062 7 6 5
4063 5 5 5
4064 18 17 5
4065 15 14 8
4066 8 8 4
4067 10 9 5
4068 9 9 5
4069 13 12 6
4070 12 11 5
4071 11 11 5
4072 11 11 5
4073 17 16 6
4074 10 10 4
4075 14 13 5
4076 15 14 6
4077 14 14 4
4078 16 15 5
4079 19 18 4
4080 18 17 5
4081 13 12 6
4082 20 20 6
4083 12 12 4
4084 18 17 5
4085 23 22 6
4086 24 24 6
4087 34 34 4
4088 40 39 5
4089 21 21 5
4090 35 34 6
4091 14 14 6
4092 16 16 4
4093 26 25 5
4094 11 11 5
4095 15 15 5
4096 17 16 6
4097 20 20 4
4098 26 25 5
4099 29 28 8
4100 22 21 5
4101 23 22 4
4102 28 27 7
4103 23 22 6
4104 28 28 6
4105 30 30 6
4106 38 38 6
4107 28 27 7
4108 39 39 7
4109 21 21 5
4110 19 19 7
4111 25 24 4
4112 30 29 5
4113 19 19 5
4114 25 24 6
4115 16 15 5
4116 23 22 6
4117 24 24 6
4118 14 14 4
4119 18 17 5
4120 21 21 5
4121 25 25 5
4122 17 17 5
4123 27 27 7
4124 23 23 5
4125 19 19 5
4126 17 17 7
4127 11 10 4
4128 16 15 5
4129 23 23 5
4130 21 21 5
4131 27 26 6
4132 20 19 5
4133 33 32 6
4134 38 38 8
4135 20 20 4
4136 36 35 5
4137 17 16 6
4138 22 22 6
4139 30 29 5
4140 43 42 8
4141 26 26 6
4142 16 15 5
4143 21 20 6
4144 18 17 5
4145 15 15 5
4146 33 33 7
4147 27 26 6
4148 20 19 5
4149 19 19 5
4150 41 40 8
4151 22 22 6
4152 26 26 6
4153 12 11 5
4154 13 12 4
4155 28 27 5
4156 33 33 7
4157 31 31 5
4158 23 23 5
4159 11 11 5
4160 27 26 6
4161 34 34 6
4162 16 15 5
4163 21 21 7
4164 21 20 6
4165 20 20 6
4166 26 26 8
4167 18 18 6
4168 16 16 6
4169 18 17 5
4170 21 21 5
4171 23 23 5
4172 21 21 5
4173 17 17 5
4174 17 16 6
4175 26 26 8
4176 16 16 4
4177 18 17 5
4178 27 26 6
4179 20 19 5
4180 23 22 6
4181 14 14 4
4182 32 31 5
4183 27 26 6
4184 16 15 5
4185 23 23 5
4186 29 28 6
4187 22 21 5
4188 9 9 5
4189 29 28 6
4190 32 32 4
4191 18 17 7
4192 19 19 7
4193 23 22 6
4194 22 22 6
4195 20 19 7
4196 23 23 7
4197 23 22 6
4198 20 20 4
4199 26 25 7
4200 19 19 5
4201 21 21 7
4202 29 29 7
4203 23 22 6
4204 22 22 4
4205 12 11 5
4206 21 20 6
4207 18 18 4
4208 20 19 5
4209 17 17 5
4210 33 32 8
4211 16 16 4
4212 18 17 5
4213 21 20 6
4214 16 16 6
4215 18 18 4
4216 14 13 5
4217 5 5 5
4218 16 15 7
4219 13 12 4
4220 14 13 5
4221 11 10 4
4222 24 23 5
4223 17 17 5
4224 15 15 5
4225 13 12 4
4226 18 17 5
4227 13 13 5
4228 23 23 5
4229 15 15 5
4230 21 20 6
4231 18 18 6
4232 16 16 6
4233 14 14 6
4234 8 8 4
4235 16 15 9
4236 11 10 6
4237 12 12 4
4238 16 15 5
4239 21 21 7
4240 15 14 4
4241 20 19 7
4242 11 10 4
4243 14 13 7
4244 7 6 5
4245 17 16 6
4246 10 10 6
4247 18 17 5
4248 13 12 4
4249 6 5 4
4250 14 13 5
4251 11 10 4
4252 6 5 4
4253 16 15 5
4254 17 16 6
4255 16 16 6
4256 6 6 6
4257 15 14 4
4258 14 13 5
4259 17 17 7
4260 13 12 4
4261 12 11 5
4262 15 14 4
4263 14 13 5
4264 11 11 5
4265 15 15 5
4266 9 8 4
4267 12 11 7
4268 15 14 6
4269 12 12 4
4270 12 11 5
4271 9 8 4
4272 16 15 5
4273 15 15 7
4274 9 8 4
4275 8 7 6
4276 16 16 6
4277 12 11 5
4278 13 13 5
4279 13 13 5
4280 15 15 7
4281 11 10 4
4282 14 13 7
4283 15 14 6
4284 8 8 4
4285 12 11 5
4286 13 12 4
4287 14 13 7
4288 7 6 5
4289 11 11 5
4290 15 14 6
4291 12 11 5
4292 13 12 4
4293 12 11 5
4294 21 20 6
4295 12 12 6
4296 16 16 6
4297 8 8 4
4298 18 17 7
4299 11 10 6
4300 10 9 5
4301 9 8 4
4302 12 11 5
4303 13 13 7
4304 17 16 8
4305 22 22 6
4306 10 10 6
4307 10 9 5
4308 21 20 10
4309 22 22 6
4310 10 10 4
4311 10 9 5
4312 15 15 7
4313 13 12 4
4314 14 13 7
4315 9 9 5
4316 11 10 4
4317 16 15 5
4318 7 7 7
4319 10 10 4
4320 16 15 7
4321 11 10 4
4322 18 17 7
4323 11 11 5
4324 15 14 6
4325 10 10 6
4326 12 12 4
4327 18 17 5
4328 13 12 6
4329 12 11 5
4330 11 11 5
4331 15 14 6
4332 8 8 4
4333 14 13 5
4334 13 13 5
4335 11 11 5
4336 11 10 6
4337 10 10 6
4338 10 10 6
4339 12 11 5
4340 15 14 6
4341 12 12 4
4342 12 11 5
4343 15 15 5
4344 15 14 6
4345 6 5 4
4346 14 13 5
4347 7 6 5
4348 9 8 4
4349 14 13 5
4350 11 11 5
4351 13 12 4
4352 6 5 4
4353 12 11 5
4354 11 10 6
4355 22 22 8
4356 20 20 6
4357 12 11 5
4358 13 12 6
4359 14 14 4
4360 26 25 5
4361 11 11 5
4362 21 21 7
4363 15 14 6
4364 24 23 5
4365 9 8 4
4366 22 21 7
4367 19 18 4
4368 22 21 7
4369 25 24 8
4370 14 14 4
4371 14 13 5
4372 25 25 5
4373 19 18 8
4374 24 24 6
4375 18 17 7
4376 13 12 6
4377 20 20 4
4378 28 27 5
4379 45 45 9
4380 21 21 5
4381 31 31 5
4382 23 23 5
4383 25 24 4
4384 26 25 5
4385 25 24 6
4386 36 36 10
4387 36 36 4
4388 36 35 7
4389 33 32 8
4390 42 42 10
4391 34 34 6
4392 48 47 11
4393 31 30 8
4394 24 24 6
4395 26 25 9
4396 53 52 10
4397 20 19 5
4398 19 19 7
4399 21 20 6
4400 28 28 8
4401 12 11 5
4402 25 24 6
4403 12 12 4
4404 24 23 5
4405 21 21 7
4406 29 29 9
4407 29 29 7
4408 17 17 5
4409 25 25 11
4410 19 18 8
4411 24 24 4
4412 24 23 9
4413 29 29 7
4414 21 21 5
4415 21 20 6
4416 18 18 4
4417 22 21 5
4418 25 24 6
4419 12 12 6
4420 20 20 4
4421 26 25 5
4422 15 15 5
4423 39 38 6
4424 38 37 9
4425 21 20 6
4426 24 24 6
4427 28 28 6
4428 18 18 6
4429 24 23 5
4430 37 37 9
4431 25 24 4
4432 22 21 5
4433 21 20 6
4434 18 18 6
4435 40 39 13
4436 31 31 7
4437 19 18 6
4438 18 18 6
4439 20 19 7
4440 15 14 4
4441 30 29 9
4442 25 25 5
4443 23 22 6
4444 16 15 5
4445 25 25 5
4446 13 13 5
4447 27 26 8
4448 30 29 9
4449 25 24 6
4450 20 20 6
4451 20 20 6
4452 20 20 6
4453 12 11 5
4454 29 28 6
4455 14 14 4
4456 32 31 9
4457 19 18 6
4458 14 13 5
4459 37 37 13
4460 19 19 7
4461 25 24 10
4462 26 26 6
4463 28 28 10
4464 16 15 5
4465 27 27 9
4466 27 26 8
4467 18 18 6
4468 34 34 6
4469 38 37 7
4470 19 19 5
4471 35 34 8
4472 16 16 6
4473 24 24 6
4474 30 30 10
4475 20 20 6
4476 22 22 6
4477 26 25 5
4478 27 27 5
4479 13 12 4
4480 36 35 7
4481 27 27 7
4482 29 28 6
4483 28 27 7
4484 25 24 6
4485 20 20 4
4486 24 23 7
4487 17 16 4
4488 28 27 7
4489 23 22 4
4490 20 19 7
4491 15 14 6
4492 32 32 4
4493 20 19 5
4494 29 28 8
4495 26 26 6
4496 14 13 5
4497 17 17 5
4498 17 17 5
4499 29 29 5
4500 23 22 6
4501 16 15 5
4502 27 26 6
4503 20 19 5
4504 13 13 5
4505 21 21 5
4506 15 14 4
4507 14 13 5
4508 27 26 6
4509 16 16 4
4510 16 15 5
4511 31 31 5
4512 25 24 8
4513 22 22 4
4514 16 15 7
4515 23 22 6
4516 32 32 6
4517 12 12 4
4518 16 15 5
4519 11 10 4
4520 30 29 7
4521 21 21 5
4522 21 21 5
4523 21 20 6
4524 22 22 4
4525 20 19 5
4526 17 16 6
4527 22 22 8
4528 16 15 5
4529 17 16 4
4530 18 17 7
4531 17 17 5
4532 13 12 4
4533 18 17 5
4534 23 23 5
4535 9 9 5
4536 23 22 8
4537 10 10 4
4538 10 9 5
4539 13 12 6
4540 12 11 5
4541 17 16 6
4542 10 10 4
4543 10 9 5
4544 13 13 7
4545 15 15 5
4546 13 12 4
4547 12 11 5
4548 25 25 7
4549 15 14 6
4550 20 19 5
4551 15 14 6
4552 10 10 4
4553 18 17 5
4554 17 17 5
4555 13 12 4
4556 16 15 5
4557 17 17 5
4558 11 10 4
4559 16 15 7
4560 17 16 6
4561 12 12 4
4562 14 13 5
4563 23 23 5
4564 15 14 6
4565 10 10 4
4566 22 21 7
4567 9 8 4
4568 12 11 5
4569 11 10 4
4570 16 15 7
4571 13 12 4
4572 16 15 5
4573 7 7 7
4574 8 8 4
4575 14 13 5
4576 13 13 5
4577 19 19 5
4578 7 6 5
4579 9 9 5
4580 15 14 4
4581 22 21 9
4582 7 6 5
4583 19 18 4
4584 10 9 5
4585 19 19 7
4586 11 11 5
4587 19 18 4
4588 24 23 7
4589 11 10 4
4590 22 21 7
4591 19 18 6
4592 16 16 4
4593 20 19 5
4594 25 25 5
4595 45 44 8
4596 36 36 6
4597 30 30 4
4598 18 17 5
4599 23 23 5
4600 31 31 7
4601 39 38 8
4602 36 36 6
4603 44 43 7
4604 37 37 9
4605 47 46 8
4606 36 36 6
4607 36 35 7
4608 31 30 6
4609 20 20 6
4610 40 39 7
4611 41 41 11
4612 29 28 8
4613 24 24 6
4614 28 28 8
4615 32 32 8
4616 32 32 6
4617 36 36 10
4618 26 26 6
4619 22 21 7
4620 29 28 6
4621 30 30 8
4622 18 17 5
4623 33 33 5
4624 33 33 9
4625 31 30 8
4626 12 12 4
4627 14 13 5
4628 17 17 7
4629 17 17 5
4630 33 33 11
4631 31 30 6
4632 28 28 14
4633 30 29 7
4634 39 38 6
4635 24 23 5
4636 15 15 5
4637 17 16 4
4638 14 13 5
4639 15 15 5
4640 21 20 6
4641 12 11 5
4642 27 26 8
4643 22 22 6
4644 20 19 5
4645 17 16 4
4646 12 11 7
4647 17 16 6
4648 18 18 6
4649 14 14 6
4650 18 18 4
4651 12 11 5
4652 23 22 8
4653 18 18 4
4654 18 17 5
4655 13 12 6
4656 14 14 6
4657 16 15 5
4658 11 10 4
4659 26 25 9
4660 15 14 4
4661 18 17 5
4662 19 18 6
4663 16 15 5
4664 13 12 4
4665 20 19 7
4666 15 14 4
4667 14 13 5
4668 15 14 4
4669 6 5 4
4670 12 11 5
4671 19 18 6
4672 12 11 5
4673 25 25 7
4674 15 14 6
4675 16 16 4
4676 14 13 7
4677 17 16 6
4678 20 19 5
4679 25 24 6
4680 18 18 4
4681 16 15 5
4682 19 18 6
4683 14 13 5
4684 19 18 6
4685 18 17 5
4686 9 8 4
4687 28 27 5
4688 33 33 5
4689 17 17 5
4690 33 33 5
4691 33 33 7
4692 23 22 6
4693 14 13 5
4694 29 28 6
4695 18 18 6
4696 24 24 6
4697 20 19 7
4698 17 16 4
4699 32 31 7
4700 19 19 5
4701 21 20 4
4702 32 31 5
4703 21 20 6
4704 30 30 8
4705 16 15 5
4706 23 22 4
4707 24 23 5
4708 25 25 5
4709 23 23 7
4710 47 46 8
4711 26 26 6
4712 24 24 6
4713 36 36 8
4714 20 19 5
4715 27 27 5
4716 23 22 4
4717 26 25 5
4718 21 20 6
4719 28 28 6
4720 30 30 4
4721 32 31 7
4722 23 23 5
4723 31 30 6
4724 28 27 5
4725 21 21 5
4726 35 35 7
4727 27 26 6
4728 24 24 6
4729 24 24 6
4730 20 19 5
4731 25 24 4
4732 38 37 7
4733 21 20 6
4734 26 26 6
4735 28 28 6
4736 36 36 6
4737 38 38 10
4738 26 26 6
4739 38 38 8
4740 50 50 12
4741 32 31 7
4742 37 37 9
4743 25 25 7
4744 53 52 14
4745 34 33 7
4746 35 34 10
4747 20 20 6
4748 30 30 8
4749 34 33 7
4750 29 28 8
4751 38 37 7
4752 29 29 7
4753 37 36 6
4754 24 24 6
4755 22 21 5
4756 25 25 5
4757 27 26 8
4758 22 22 6
4759 34 34 10
4760 32 32 8
4761 30 30 8
4762 28 28 6
4763 20 20 4
4764 28 27 9
4765 33 33 7
4766 23 22 4
4767 24 23 5
4768 29 29 5
4769 35 35 9
4770 17 16 4
4771 40 39 7
4772 19 18 6
4773 30 30 4
4774 40 39 7
4775 37 36 6
4776 34 33 9
4777 47 46 4
4778 36 35 7
4779 27 27 5
4780 29 28 6
4781 22 22 6
4782 28 27 7
4783 29 29 7
4784 21 20 4
4785 28 27 5
4786 29 29 9
4787 23 22 6
4788 24 23 5
4789 23 23 5
4790 29 29 7
4791 25 25 5
4792 25 25 5
4793 21 20 6
4794 36 35 5
4795 17 16 6
4796 14 14 4
4797 24 23 7
4798 17 16 6
4799 12 12 4
4800 26 25 5
4801 25 25 5
4802 11 11 5
4803 15 14 4
4804 22 21 5
4805 13 13 5
4806 19 18 4
4807 22 21 5
4808 13 13 5
4809 19 18 6
4810 14 14 6
4811 20 19 5
4812 25 24 6
4813 18 18 6
4814 14 14 4
4815 14 13 5
4816 17 16 6
4817 24 24 6
4818 20 20 4
4819 24 23 5
4820 21 20 6
4821 18 18 6
4822 22 22 6
4823 22 22 4
4824 22 21 7
4825 21 20 6
4826 12 12 6
4827 16 16 6
4828 20 20 4
4829 14 13 5
4830 11 10 4
4831 38 37 9
4832 25 24 8
4833 26 26 6
4834 22 22 6
4835 24 24 6
4836 20 20 6
4837 18 17 5
4838 15 14 4
4839 22 21 7
4840 23 23 5
4841 17 17 5
4842 19 18 4
4843 18 17 5
4844 15 15 5
4845 19 19 5
4846 25 24 6
4847 22 22 4
4848 20 19 5
4849 19 18 6
4850 18 18 4
4851 24 23 7
4852 11 10 4
4853 12 11 5
4854 21 20 4
4855 12 11 5
4856 21 20 6
4857 16 15 5
4858 13 12 6
4859 14 14 6
4860 22 22 8
4861 10 10 4
4862 16 15 5
4863 13 13 5
4864 9 8 4
4865 12 11 5
4866 9 9 5
4867 13 13 5
4868 11 10 4
4869 22 21 5
4870 11 10 6
4871 16 16 6
4872 12 11 5
4873 13 12 6
4874 22 22 6
4875 18 18 4
4876 16 15 5
4877 19 18 6
4878 10 10 4
4879 12 11 5
4880 15 14 6
4881 20 19 7
4882 11 10 4
4883 8 7 6
4884 14 14 6
4885 12 11 5
4886 23 22 6
4887 12 11 5
4888 13 13 5
4889 11 10 6
4890 16 15 5
4891 19 18 8
4892 16 16 6
4893 14 14 6
4894 10 10 4
4895 12 11 5
4896 15 15 5
4897 11 10 4
4898 20 19 5
4899 11 11 5
4900 9 9 5
4901 13 12 4
4902 12 11 5
4903 11 11 5
4904 11 11 5
4905 11 11 5
4906 11 11 5
4907 17 16 6
4908 10 9 5
4909 11 11 5
4910 9 8 4
4911 16 15 7
4912 11 10 4
4913 18 17 5
4914 17 16 6
4915 16 16 4
4916 14 13 5
4917 11 10 4
4918 12 11 5
4919 9 9 5
4920 17 17 5
4921 11 11 5
4922 21 20 6
4923 14 14 6
4924 10 10 4
4925 10 9 5
4926 13 12 6
4927 10 10 6
4928 10 9 5
4929 11 10 4
4930 16 15 5
4931 13 13 5
4932 13 13 5
4933 11 10 6
4934 10 10 6
4935 12 12 6
4936 14 13 5
4937 11 10 4
4938 12 11 5
4939 9 9 5
4940 15 14 4
4941 16 15 7
4942 17 16 6
4943 14 14 6
4944 14 13 5
4945 13 13 7
4946 9 9 5
4947 11 10 4
4948 6 5 4
4949 18 17 9
4950 15 14 4
4951 14 13 5
4952 13 13 5
4953 27 26 6
4954 12 11 5
4955 11 11 5
4956 13 13 5
4957 13 13 5
4958 9 8 4
4959 14 13 5
4960 15 15 5
4961 13 12 6
4962 8 8 4
4963 6 5 4
4964 20 19 7
4965 13 12 4
4966 6 5 4
4967 12 11 5
4968 9 9 5
4969 19 19 7
4970 15 14 4
4971 10 9 5
4972 11 10 4
4973 14 13 5
4974 17 17 7
4975 15 14 6
4976 14 14 6
4977 6 6 6
4978 17 17 5
4979 13 13 5
4980 21 20 6
4981 34 34 6
4982 22 22 6
4983 16 16 6
4984 26 26 4
4985 16 15 5
4986 17 16 4
4987 16 15 5
4988 19 18 8
4989 16 16 6
4990 18 18 6
4991 34 33 7
4992 19 18 4
4993 24 23 5
4994 23 23 5
4995 13 13 5
4996 17 16 4
4997 18 17 5
4998 27 26 6
4999 16 16 8
5000 30 30 4
5001 18 17 5
5002 15 15 5
5003 31 30 6
5004 22 21 5
5005 23 23 5
5006 25 24 4
5007 18 17 5
5008 17 16 6
5009 10 10 4
5010 24 23 7
5011 19 18 4
5012 22 21 5
5013 27 26 6
5014 22 21 7
5015 19 18 6
5016 24 23 7
5017 25 25 5
5018 33 33 5
5019 21 20 6
5020 30 30 4
5021 24 23 5
5022 29 28 6
5023 18 17 5
5024 29 28 6
5025 24 24 4
5026 30 29 7
5027 17 17 5
5028 17 16 6
5029 30 30 6
5030 18 18 6
5031 30 29 7
5032 21 21 7
5033 21 20 6
5034 30 29 7
5035 27 27 5
5036 21 21 5
5037 23 23 7
5038 19 19 7
5039 25 24 8
5040 34 34 10
5041 24 24 8
5042 14 13 5
5043 17 17 5
5044 25 24 6
5045 24 24 6
5046 20 19 5
5047 13 13 5
5048 19 19 5
5049 17 17 5
5050 11 10 4
5051 30 29 7
5052 17 17 5
5053 35 34 8
5054 26 25 7
5055 21 21 5
5056 15 14 4
5057 18 17 5
5058 31 31 9
5059 17 16 4
5060 18 17 5
5061 19 19 5
5062 13 13 5
5063 17 17 5
5064 17 16 4
5065 20 19 5
5066 27 27 9
5067 33 32 8
5068 26 26 6
5069 20 20 8
5070 14 14 4
5071 20 19 5
5072 19 19 5
5073 25 25 7
5074 17 16 6
5075 12 12 6
5076 20 20 8
5077 12 12 6
5078 10 10 4
5079 22 21 7
5080 11 11 5
5081 21 20 6
5082 8 8 4
5083 24 23 5
5084 15 15 5
5085 13 12 4
5086 8 7 6
5087 14 13 5
5088 17 17 7
5089 13 13 5
5090 9 8 4
5091 18 17 5
5092 19 18 8
5093 16 16 8
5094 20 20 6
5095 12 11 5
5096 17 16 6
5097 6 6 6
5098 5 5 5
5099 6 5 4
5100 8 7 6
5101 14 14 6
5102 20 20 6
5103 16 15 7
5104 21 20 6
5105 16 15 5
5106 5 5 5
5107 10 9 5
5108 13 12 6
5109 14 14 6
5110 12 12 6
5111 10 10 4
5112 22 21 5
5113 15 15 7
5114 9 9 5
5115 13 12 6
5116 12 11 7
5117 13 12 6
5118 8 8 4
5119 22 21 5
5120 13 12 4
5121 12 11 5
5122 15 15 5
5123 11 11 5
5124 15 14 4
5125 16 15 5
5126 21 20 6
5127 12 12 6
5128 24 23 5
5129 17 16 6
5130 20 20 4
5131 22 21 7
5132 15 14 6
5133 16 16 6
5134 14 14 6
5135 20 20 6
5136 22 22 4
5137 16 15 5
5138 13 12 4
5139 14 13 5
5140 15 14 6
5141 10 10 4
5142 16 15 5
5143 19 18 6
5144 12 12 4
5145 20 19 5
5146 15 15 5
5147 25 24 6
5148 8 8 4
5149 22 21 5
5150 15 14 4
5151 16 15 5
5152 9 9 5
5153 11 10 4
5154 26 25 5
5155 15 14 6
5156 14 14 4
5157 12 11 5
5158 9 9 5
5159 15 14 4
5160 12 11 5
5161 7 6 5
5162 9 9 5
5163 11 10 6
5164 8 8 4
5165 12 11 5
5166 17 16 6
5167 18 18 4
5168 22 21 7
5169 7 6 5
5170 11 10 6
5171 12 11 5
5172 5 5 5
5173 16 15 5
5174 19 19 5
5175 5 5 5
5176 14 13 5
5177 13 13 7
5178 15 14 6
5179 12 12 4
5180 10 9 5
5181 15 14 6
5182 16 16 4
5183 18 17 7
5184 5 5 5
5185 16 15 7
5186 11 10 6
5187 12 12 4
5188 14 13 5
5189 9 8 4
5190 16 15 5
5191 11 11 5
5192 17 16 4
5193 12 11 5
5194 21 20 6
5195 10 10 4
5196 10 9 5
5197 13 12 6
5198 16 15 5
5199 11 11 5
5200 11 11 5
5201 17 17 7
5202 15 15 7
5203 11 10 4
5204 20 19 5
5205 15 15 5
5206 13 13 5
5207 17 17 7
5208 11 11 5
5209 19 18 6
5210 12 12 6
5211 10 10 6
5212 16 16 8
5213 10 10 4
5214 12 11 5
5215 9 8 4
5216 14 13 5
5217 15 15 5
5218 13 12 6
5219 12 11 5
5220 9 8 4
5221 8 7 6
5222 10 10 6
5223 6 6 6
5224 7 6 5
5225 9 9 5
5226 11 10 4
5227 10 9 5
5228 13 13 7
5229 19 18 6
5230 12 11 5
5231 11 10 6
5232 14 13 5
5233 7 6 5
5234 11 10 4
5235 10 9 5
5236 19 18 6
5237 16 15 5
5238 15 15 5
5239 7 6 5
5240 13 12 6
5241 10 10 6
5242 6 6 6
5243 17 17 7
5244 11 10 4
5245 16 15 7
5246 5 5 5
5247 14 13 5
5248 19 19 7
5249 13 12 6
5250 18 18 4
5251 22 21 7
5252 9 8 4
5253 16 15 5
5254 21 20 8
5255 14 14 4
5256 12 11 5
5257 15 14 6
5258 10 10 4
5259 18 17 7
5260 17 16 4
5261 18 17 7
5262 13 13 5
5263 29 28 4
5264 14 13 5
5265 19 18 6
5266 12 11 5
5267 15 14 6
5268 16 16 6
5269 10 10 6
5270 14 14 6
5271 20 20 6
5272 16 15 5
5273 23 22 6
5274 14 14 4
5275 18 17 7
5276 15 14 6
5277 18 18 4
5278 30 29 7
5279 21 20 4
5280 20 19 5
5281 13 13 5
5282 15 14 8
5283 16 16 4
5284 18 17 5
5285 17 16 8
5286 32 32 6
5287 16 15 5
5288 21 21 5
5289 23 22 6
5290 32 32 4
5291 16 15 5
5292 25 24 6
5293 32 32 4
5294 26 25 7
5295 25 24 6
5296 18 18 6
5297 16 16 4
5298 26 25 7
5299 21 20 6
5300 24 23 5
5301 25 25 7
5302 41 40 18
5303 28 27 9
5304 17 16 6
5305 42 41 9
5306 31 31 7
5307 25 24 4
5308 14 13 5
5309 43 42 14
5310 22 21 5
5311 19 19 5
5312 21 20 8
5313 34 34 6
5314 36 35 9
5315 31 30 8
5316 18 17 5
5317 31 30 6
5318 16 15 5
5319 29 28 10
5320 20 19 5
5321 33 33 9
5322 31 31 7
5323 29 28 8
5324 24 23 7
5325 21 21 5
5326 25 24 6
5327 30 29 5
5328 19 19 5
5329 31 30 10
5330 18 17 5
5331 13 13 5
5332 47 46 16
5333 16 15 7
5334 33 32 10
5335 28 28 8
5336 20 20 6
5337 16 15 7
5338 35 34 8
5339 14 14 6
5340 10 10 4
5341 26 25 9
5342 23 23 7
5343 31 30 12
5344 30 30 8
5345 22 22 6
5346 24 23 5
5347 37 36 8
5348 12 12 4
5349 26 25 7
5350 17 17 5
5351 23 22 4
5352 18 17 5
5353 21 21 5
5354 17 17 5
5355 19 19 5
5356 15 15 5
5357 25 25 7
5358 19 18 6
5359 32 31 7
5360 21 21 5
5361 27 27 5
5362 23 23 7
5363 21 20 4
5364 32 31 7
5365 23 23 7
5366 17 16 4
5367 6 5 4
5368 18 17 5
5369 17 17 5
5370 17 17 5
5371 15 14 6
5372 16 16 4
5373 18 17 7
5374 15 15 5
5375 17 16 4
5376 12 11 5
5377 11 11 7
5378 9 8 4
5379 22 21 7
5380 11 10 4
5381 16 15 5
5382 13 12 6
5383 20 20 6
5384 14 14 6
5385 8 7 6
5386 10 10 6
5387 16 16 6
5388 18 18 6
5389 12 12 6
5390 14 14 4
5391 16 15 7
5392 9 8 4
5393 18 17 7
5394 13 12 6
5395 14 14 6
5396 18 17 5
5397 19 19 5
5398 11 11 5
5399 13 13 5
5400 15 14 4
5401 14 13 7
5402 27 26 6
5403 14 14 4
5404 20 19 5
5405 29 28 6
5406 12 11 5
5407 25 24 6
5408 38 37 7
5409 19 18 4
5410 12 11 5
5411 27 26 6
5412 12 12 4
5413 10 9 5
5414 11 10 6
5415 20 20 6
5416 18 17 5
5417 11 10 4
5418 12 11 5
5419 21 21 7
5420 15 14 4
5421 24 23 5
5422 19 19 5
5423 17 17 5
5424 13 13 5
5425 11 11 5
5426 17 16 6
5427 14 14 6
5428 10 10 4
5429 10 9 5
5430 29 28 6
5431 16 16 6
5432 14 14 6
5433 16 16 6
5434 18 18 6
5435 12 12 4
5436 20 19 5
5437 15 14 6
5438 14 14 4
5439 18 17 5
5440 15 14 4
5441 12 11 5
5442 13 13 5
5443 15 15 5
5444 25 25 7
5445 15 14 4
5446 20 19 5
5447 17 16 6
5448 18 18 6
5449 16 16 6
5450 14 14 4
5451 24 23 7
5452 11 11 5
5453 19 19 5
5454 17 17 5
5455 27 26 6
5456 20 20 6
5457 14 14 6
5458 34 34 10
5459 22 21 5
5460 23 23 5
5461 33 32 6
5462 26 26 8
5463 26 26 4
5464 32 31 7
5465 23 22 6
5466 16 15 5
5467 21 21 5
5468 33 33 7
5469 19 19 5
5470 27 26 6
5471 14 14 4
5472 22 21 5
5473 29 29 7
5474 15 14 4
5475 22 21 5
5476 11 11 5
5477 19 18 6
5478 24 23 5
5479 27 27 7
5480 19 18 4
5481 18 17 5
5482 13 13 5
5483 19 18 6
5484 14 13 5
5485 13 12 4
5486 22 21 7
5487 9 8 4
5488 12 11 5
5489 21 21 7
5490 11 11 5
5491 9 8 4
5492 14 13 5
5493 19 19 9
5494 11 10 6
5495 12 12 6
5496 10 10 6
5497 12 12 6
5498 18 18 6
5499 14 14 4
5500 12 11 5
5501 17 17 7
5502 15 14 6
5503 16 16 8
5504 14 14 4
5505 14 13 5
5506 11 10 6
5507 16 15 5
5508 17 16 8
5509 16 15 5
5510 9 9 5
5511 11 11 5
5512 5 5 5
5513 12 11 5
5514 9 8 4
5515 16 15 7
5516 15 14 6
5517 18 18 6
5518 8 8 8
5519 13 12 4
5520 16 15 5
5521 11 11 5
5522 31 30 8
5523 20 20 6
5524 14 14 6
5525 12 12 6
5526 16 16 4
5527 14 13 7
5528 7 6 5
5529 11 10 6
5530 10 10 4
5531 20 19 7
5532 17 16 6
5533 12 12 6
5534 16 15 5
5535 13 12 4
5536 14 13 5
5537 17 16 8
5538 18 18 4
5539 20 19 7
5540 23 22 6
5541 16 16 6
5542 22 21 5
5543 11 10 4
5544 10 9 5
5545 11 11 7
5546 17 16 4
5547 14 13 5
5548 9 9 5
5549 15 15 7
5550 7 6 5
5551 19 18 6
5552 10 9 5
5553 13 13 5
5554 13 13 5
5555 15 14 6
5556 10 10 4
5557 12 11 5
5558 13 13 5
5559 13 12 4
5560 12 11 5
5561 13 12 6
5562 14 14 6
5563 18 17 7
5564 13 13 5
5565 19 18 6
5566 14 14 4
5567 14 13 5
5568 13 12 6
5569 8 8 8
5570 7 6 5
5571 11 10 6
5572 10 9 5
5573 15 15 5
5574 13 13 5
5575 17 17 5
5576 19 18 6
5577 10 9 5
5578 15 15 5
5579 7 6 5
5580 21 20 4
5581 6 5 4
5582 10 9 5
5583 15 14 8
5584 10 10 4
5585 12 11 5
5586 19 18 6
5587 14 13 7
5588 7 6 5
5589 19 18 6
5590 18 17 5
5591 19 18 6
5592 28 28 4
5593 16 15 5
5594 19 19 5
5595 11 10 4
5596 18 17 5
5597 11 11 5
5598 15 14 6
5599 16 15 5
5600 9 9 5
5601 17 16 6
5602 14 14 4
5603 30 29 5
5604 13 13 5
5605 17 17 7
5606 23 22 6
5607 20 20 6
5608 16 16 6
5609 14 14 4
5610 20 19 5
5611 17 17 5
5612 15 15 5
5613 17 17 7
5614 11 10 4
5615 22 21 5
5616 11 11 5
5617 11 10 6
5618 10 10 6
5619 14 14 6
5620 18 17 5
5621 13 13 5
5622 19 19 5
5623 17 16 6
5624 6 6 6
5625 13 12 6
5626 10 10 6
5627 10 9 5
5628 11 10 4
5629 14 13 5
5630 15 15 5
5631 17 16 6
5632 8 8 4
5633 12 11 5
5634 21 21 9
5635 13 12 4
5636 16 15 7
5637 11 10 6
5638 10 10 4
5639 14 13 7
5640 17 16 6
5641 14 14 6
5642 12 12 6
5643 22 21 5
5644 17 16 6
5645 12 12 4
5646 18 17 5
5647 15 14 6
5648 14 14 4
5649 16 15 7
5650 19 19 7
5651 11 10 4
5652 8 7 6
5653 8 8 4
5654 10 9 5
5655 11 10 6
5656 12 11 7
5657 19 18 4
5658 16 15 5
5659 15 15 9
5660 13 12 6
5661 18 18 6
5662 6 6 6
5663 9 9 5
5664 17 16 6
5665 10 10 4
5666 14 13 5
5667 9 9 5
5668 23 22 8
5669 14 14 6
5670 16 16 4
5671 16 15 5
5672 21 21 7
5673 13 12 4
5674 28 27 5
5675 19 18 4
5676 28 27 5
5677 19 19 5
5678 25 24 6
5679 26 26 6
5680 46 46 6
5681 24 24 6
5682 30 30 6
5683 34 33 5
5684 49 48 8
5685 34 34 6
5686 26 25 5
5687 23 23 5
5688 31 31 7
5689 29 29 5
5690 31 31 7
5691 33 33 7
5692 19 18 4
5693 36 35 7
5694 37 37 9
5695 37 37 11
5696 29 29 5
5697 43 43 9
5698 37 37 9
5699 37 36 10
5700 32 32 6
5701 22 21 7
5702 49 49 11
5703 41 40 8
5704 36 36 6
5705 26 26 6
5706 22 22 6
5707 40 39 9
5708 33 33 7
5709 25 25 5
5710 41 41 7
5711 25 24 8
5712 34 34 10
5713 18 17 5
5714 37 37 7
5715 37 37 11
5716 37 36 6
5717 36 36 10
5718 22 22 8
5719 44 44 10
5720 24 24 4
5721 32 31 5
5722 23 23 7
5723 37 36 6
5724 34 33 7
5725 25 24 6
5726 36 36 8
5727 36 35 9
5728 27 26 6
5729 34 33 9
5730 39 39 9
5731 31 30 6
5732 24 24 6
5733 26 25 5
5734 23 23 5
5735 31 31 7
5736 23 22 6
5737 28 27 5
5738 21 21 5
5739 23 22 4
5740 10 9 5
5741 17 16 4
5742 16 15 5
5743 21 21 5
5744 17 16 4
5745 16 15 5
5746 17 16 6
5747 20 19 5
5748 17 17 5
5749 23 22 4
5750 18 17 5
5751 19 18 4
5752 20 19 5
5753 19 18 4
5754 16 15 5
5755 23 22 6
5756 12 12 6
5757 14 14 4
5758 16 15 5
5759 19 19 7
5760 15 14 4
5761 22 21 7
5762 17 16 6
5763 16 15 5
5764 11 10 4
5765 10 9 5
5766 17 17 5
5767 27 26 6
5768 20 19 5
5769 31 31 9
5770 21 20 4
5771 16 15 5
5772 15 15 5
5773 25 24 6
5774 14 14 4
5775 24 23 5
5776 17 17 5
5777 25 24 6
5778 24 23 5
5779 15 15 5
5780 15 15 5
5781 31 31 7
5782 27 26 6
5783 18 18 8
5784 20 19 5
5785 17 16 4
5786 24 23 7
5787 27 26 8
5788 24 24 4
5789 24 23 7
5790 19 19 7
5791 21 20 6
5792 18 18 4
5793 20 19 5
5794 21 21 5
5795 29 29 5
5796 23 23 5
5797 23 22 8
5798 24 24 6
5799 30 30 6
5800 38 37 11
5801 25 25 5
5802 29 29 5
5803 17 17 5
5804 43 42 6
5805 30 29 9
5806 29 28 6
5807 30 29 7
5808 15 14 4
5809 24 23 5
5810 19 18 6
5811 24 23 5
5812 37 36 10
5813 20 20 4
5814 18 17 7
5815 21 20 6
5816 14 13 5
5817 13 13 5
5818 15 15 5
5819 15 15 5
5820 11 10 6
5821 16 16 6
5822 28 28 6
5823 10 10 4
5824 14 13 5
5825 19 19 5
5826 13 13 5
5827 13 13 5
5828 17 16 6
5829 14 13 5
5830 23 22 8
5831 26 25 5
5832 17 16 6
5833 8 8 4
5834 14 13 5
5835 17 16 4
5836 24 23 7
5837 21 20 6
5838 6 6 6
5839 13 12 4
5840 14 13 5
5841 13 12 4
5842 16 15 7
5843 11 10 4
5844 10 9 5
5845 11 10 4
5846 18 17 5
5847 13 12 6
5848 10 10 4
5849 14 13 5
5850 13 12 6
5851 12 11 5
5852 9 8 4
5853 12 11 5
5854 7 7 7
5855 10 10 6
5856 14 14 4
5857 14 13 5
5858 13 13 5
5859 19 18 6
5860 6 6 6
5861 11 11 5
5862 7 6 5
5863 9 8 4
5864 20 19 9
5865 11 10 4
5866 10 9 5
5867 7 6 5
5868 11 10 6
5869 6 6 6
5870 9 9 5
5871 19 18 6
5872 18 18 4
5873 20 19 5
5874 15 15 5
5875 11 11 5
5876 9 9 5
5877 15 15 5
5878 13 12 6
5879 14 14 6
5880 14 13 5
5881 11 11 5
5882 9 9 5
5883 11 10 6
5884 12 11 5
5885 9 8 4
5886 16 15 5
5887 23 23 7
5888 13 12 6
5889 22 22 8
5890 18 17 7
5891 13 12 6
5892 12 12 4
5893 12 11 5
5894 7 6 5
5895 15 14 6
5896 10 10 6
5897 10 10 4
5898 18 17 5
5899 11 10 4
5900 12 11 5
5901 17 16 8
5902 12 12 4
5903 10 9 5
5904 17 16 8
5905 18 17 7
5906 11 10 4
5907 12 11 5
5908 9 8 4
5909 10 9 5
5910 11 11 5
5911 15 14 6
5912 16 16 4
5913 16 15 7
5914 13 12 6
5915 12 11 5
5916 9 8 4
5917 12 11 7
5918 7 6 5
5919 13 12 6
5920 12 11 5
5921 7 6 5
5922 21 20 6
5923 18 17 5
5924 11 11 5
5925 19 18 8
5926 10 10 4
5927 18 17 5
5928 17 17 5
5929 11 10 6
5930 16 16 8
5931 8 8 4
5932 12 11 5
5933 15 14 4
5934 26 25 7
5935 25 25 5
5936 21 20 4
5937 16 15 5
5938 13 12 4
5939 12 11 7
5940 17 16 6
5941 12 12 6
5942 18 17 5
5943 13 12 4
5944 10 9 5
5945 15 15 5
5946 15 14 4
5947 10 9 5
5948 17 16 6
5949 6 6 6
5950 11 10 4
5951 22 21 5
5952 13 13 5
5953 13 12 6
5954 10 10 6
5955 14 14 8
5956 8 8 4
5957 12 11 5
5958 11 10 6
5959 10 9 5
5960 9 8 4
5961 10 9 5
5962 15 14 6
5963 12 12 4
5964 10 9 5
5965 15 14 8
5966 12 12 6
5967 16 16 6
5968 14 14 6
5969 28 27 7
5970 15 14 4
5971 18 17 5
5972 13 12 6
5973 12 12 6
5974 6 6 6
5975 13 12 4
5976 16 15 5
5977 9 9 5
5978 5 5 5
5979 16 15 5
5980 19 18 6
5981 18 18 4
5982 14 13 5
5983 13 12 6
5984 14 14 8
5985 6 6 6
5986 17 16 6
5987 14 14 6
5988 10 10 6
5989 14 13 5
5990 7 6 5
5991 13 12 6
5992 10 10 6
5993 12 11 5
5994 13 12 6
5995 12 12 6
5996 10 9 5
5997 9 8 4
5998 32 31 5
5999 7 6 5
6000 11 10 6
6001 12 12 4
6002 20 19 7
6003 9 9 5
6004 9 9 5
6005 15 14 6
6006 20 20 8
6007 10 10 4
6008 12 11 5
6009 11 10 6
6010 14 14 6
6011 18 18 6
6012 14 13 5
6013 19 19 7
6014 17 16 6
6015 12 12 4
6016 26 25 5
6017 27 26 4
6018 16 15 7
6019 23 22 6
6020 22 22 6
6021 18 18 6
6022 24 24 4
6023 24 23 5
6024 29 28 4
6025 40 39 7
6026 33 32 6
6027 36 35 5
6028 21 20 6
6029 30 30 6
6030 36 36 8
6031 22 22 8
6032 32 32 6
6033 48 48 10
6034 22 22 6
6035 24 24 6
6036 30 30 8
6037 18 17 5
6038 31 31 5
6039 27 27 7
6040 45 44 12
6041 20 19 7
6042 17 17 5
6043 27 27 9
6044 31 30 6
6045 22 21 5
6046 17 16 6
6047 22 22 6
6048 22 22 4
6049 26 25 5
6050 37 37 9
6051 23 22 6
6052 42 42 8
6053 16 15 5
6054 37 36 16
6055 24 24 6
6056 24 24 8
6057 14 13 5
6058 21 20 6
6059 22 22 6
6060 22 22 8
6061 20 20 6
6062 22 22 4
6063 26 25 7
6064 19 19 5
6065 11 10 4
6066 26 25 7
6067 25 24 6
6068 34 33 7
6069 19 19 9
6070 13 13 5
6071 21 20 8
6072 28 27 5
6073 27 27 7
6074 15 15 5
6075 17 17 5
6076 15 14 4
6077 30 29 7
6078 25 24 6
6079 30 29 9
6080 19 18 6
6081 28 28 10
6082 14 14 4
6083 22 21 5
6084 13 12 4
6085 24 23 7
6086 29 28 6
6087 12 12 4
6088 22 21 5
6089 25 25 5
6090 33 32 8
6091 18 18 6
6092 20 19 7
6093 11 10 4
6094 16 15 5
6095 23 22 6
6096 16 15 5
6097 19 18 6
6098 14 14 4
6099 10 9 5
6100 17 16 6
6101 22 22 6
6102 18 18 4
6103 12 11 5
6104 15 14 6
6105 20 20 6
6106 22 22 6
6107 24 23 5
6108 13 13 5
6109 17 16 6
6110 20 20 6
6111 20 20 6
6112 14 13 5
6113 15 14 6
6114 8 8 4
6115 14 13 5
6116 7 6 5
6117 21 20 8
6118 8 8 4
6119 14 13 5
6120 21 20 6
6121 12 12 6
6122 18 17 5
6123 15 14 4
6124 10 9 5
6125 13 13 7
6126 15 14 4
6127 14 13 5
6128 9 8 4
6129 22 21 5
6130 11 11 5
6131 15 14 6
6132 14 14 4
6133 12 11 5
6134 11 10 4
6135 16 15 5
6136 13 13 5
6137 15 15 5
6138 13 13 5
6139 11 11 5
6140 9 9 5
6141 23 22 6
6142 10 10 4
6143 32 31 5
6144 17 17 5
6145 23 23 5
6146 15 14 4
6147 22 21 5
6148 21 20 6
6149 20 20 6
6150 10 9 5
6151 17 16 4
6152 14 13 5
6153 13 12 4
6154 12 11 5
6155 13 13 5
6156 21 21 7
6157 11 10 4
6158 10 9 5
6159 13 12 4
6160 10 9 5
6161 7 7 7
6162 14 14 4
6163 24 23 7
6164 17 16 6
6165 22 22 6
6166 18 18 6
6167 12 12 4
6168 14 13 5
6169 11 11 5
6170 15 15 7
6171 15 14 6
6172 24 24 6
6173 14 13 5
6174 21 20 8
6175 24 23 5
6176 13 13 5
6177 9 9 5
6178 13 12 6
6179 18 18 4
6180 10 9 5
6181 9 9 5
6182 9 8 7
6183 15 14 4
6184 10 9 5
6185 17 16 6
6186 20 20 6
6187 24 23 7
6188 19 19 7
6189 11 10 4
6190 16 15 5
6191 11 11 5
6192 15 14 4
6193 8 7 6
6194 16 16 6
6195 8 8 4
6196 14 13 5
6197 13 13 7
6198 9 8 4
6199 16 15 5
6200 15 14 4
6201 16 15 5
6202 13 13 7
6203 9 8 4
6204 20 19 5
6205 15 14 6
6206 14 13 7
6207 11 10 4
6208 10 9 5
6209 17 16 8
6210 6 6 6
6211 17 16 4
6212 12 11 5
6213 7 7 7
6214 12 12 4
6215 14 13 7
6216 11 11 5
6217 13 12 6
6218 12 12 6
6219 8 7 6
6220 12 11 5
6221 15 14 6
6222 14 13 7
6223 13 12 4
6224 12 11 5
6225 13 13 7
6226 9 8 4
6227 16 15 7
6228 13 12 4
6229 8 7 6
6230 14 14 6
6231 22 22 4
6232 6 5 4
6233 14 13 5
6234 11 10 4
6235 12 11 5
6236 19 18 6
6237 18 18 6
6238 22 21 5
6239 17 17 7
6240 19 18 4
6241 26 25 7
6242 15 14 8
6243 10 10 4
6244 22 21 5
6245 11 11 5
6246 15 15 5
6247 13 12 6
6248 16 16 6
6249 16 16 6
6250 22 22 6
6251 22 21 5
6252 31 30 6
6253 20 19 5
6254 17 16 4
6255 32 31 7
6256 25 25 5
6257 17 17 5
6258 21 21 5
6259 39 38 6
6260 20 20 4
6261 28 27 5
6262 23 23 5
6263 13 13 5
6264 17 17 5
6265 23 22 6
6266 24 24 6
6267 26 25 5
6268 29 29 5
6269 15 15 5
6270 33 32 8
6271 16 16 4
6272 20 19 5
6273 21 20 6
6274 28 28 6
6275 28 27 7
6276 31 30 6
6277 28 28 6
6278 24 23 5
6279 15 14 6
6280 14 14 4
6281 22 21 5
6282 31 31 9
6283 27 26 4
6284 24 23 7
6285 25 24 4
6286 34 33 9
6287 27 26 6
6288 28 27 5
6289 23 22 8
6290 14 14 4
6291 22 21 5
6292 23 22 6
6293 22 22 6
6294 26 26 4
6295 24 23 7
6296 15 14 4
6297 26 25 5
6298 21 21 7
6299 23 22 4
6300 28 27 9
6301 15 15 5
6302 21 21 5
6303 19 19 5
6304 27 26 6
6305 24 24 6
6306 32 32 6
6307 40 39 7
6308 25 24 4
6309 22 21 5
6310 17 17 5
6311 19 18 6
6312 24 24 6
6313 22 22 6
6314 24 24 6
6315 16 16 6
6316 22 21 5
6317 25 25 5
6318 31 31 7
6319 23 22 6
6320 24 23 5
6321 19 19 5
6322 19 18 6
6323 30 30 6
6324 36 36 8
6325 26 25 9
6326 17 16 4
6327 12 11 5
6328 13 13 5
6329 33 32 4
6330 20 19 5
6331 31 31 7
6332 17 16 4
6333 18 17 5
6334 19 18 6
6335 26 26 8
6336 20 20 4
6337 22 21 5
6338 17 16 4
6339 18 17 7
6340 19 18 4
6341 22 21 5
6342 17 17 5
6343 19 19 5
6344 23 22 6
6345 16 16 4
6346 20 19 5
6347 13 13 5
6348 17 17 7
6349 17 16 4
6350 10 9 5
6351 19 18 6
6352 8 8 4
6353 22 21 5
6354 11 11 5
6355 13 12 4
6356 14 13 7
6357 13 12 4
6358 18 17 5
6359 7 7 7
6360 20 20 4
6361 10 9 5
6362 15 14 4
6363 14 13 5
6364 17 16 4
6365 16 15 5
6366 13 13 5
6367 17 16 6
6368 12 12 4
6369 18 17 5
6370 15 14 6
6371 8 7 6
6372 12 12 4
6373 16 15 5
6374 17 17 7
6375 19 19 5
6376 11 10 6
6377 10 10 6
6378 16 15 5
6379 9 9 5
6380 11 10 6
6381 8 8 4
6382 18 17 7
6383 15 14 6
6384 16 16 4
6385 18 17 5
6386 15 15 5
6387 9 8 4
6388 12 11 7
6389 11 10 4
6390 6 5 4
6391 8 7 6
6392 10 10 6
6393 14 14 6
6394 10 9 5
6395 13 13 5
6396 27 26 6
6397 10 9 5
6398 19 18 6
6399 14 14 6
6400 10 9 5
6401 17 16 4
6402 10 9 5
6403 17 17 7
6404 13 12 4
6405 24 23 5
6406 13 13 5
6407 27 26 6
6408 12 11 5
6409 5 5 5
6410 16 15 5
6411 15 14 6
6412 10 10 6
6413 12 12 6
6414 12 12 4
6415 12 11 5
6416 15 14 4
6417 18 17 5
6418 21 21 5
6419 9 9 5
6420 17 17 5
6421 17 16 4
6422 18 17 7
6423 17 16 6
6424 14 13 7
6425 13 12 6
6426 18 18 8
6427 10 10 4
6428 12 11 5
6429 11 10 4
6430 12 11 5
6431 27 26 6
6432 18 18 4
6433 16 15 5
6434 19 18 6
6435 16 16 4
6436 16 15 5
6437 17 17 5
6438 15 14 4
6439 14 13 5
6440 11 11 5
6441 15 15 5
6442 21 21 7
6443 17 17 7
6444 17 16 6
6445 20 20 6
6446 12 12 4
6447 26 25 5
6448 27 26 6
6449 28 28 4
6450 28 27 5
6451 39 38 12
6452 12 12 4
6453 14 13 5
6454 33 32 6
6455 24 24 4
6456 28 27 7
6457 23 23 5
6458 35 35 7
6459 25 25 7
6460 21 21 5
6461 33 33 5
6462 39 39 11
6463 33 32 6
6464 34 34 8
6465 30 30 6
6466 38 37 5
6467 27 27 5
6468 33 33 7
6469 25 25 5
6470 21 21 5
6471 41 41 7
6472 43 43 7
6473 31 30 4
6474 18 17 5
6475 33 33 9
6476 29 28 6
6477 38 38 8
6478 38 38 8
6479 26 25 5
6480 39 38 6
6481 18 17 5
6482 27 27 7
6483 23 22 8
6484 28 28 6
6485 34 33 7
6486 35 34 6
6487 34 33 5
6488 13 13 5
6489 27 27 5
6490 13 13 5
6491 21 21 5
6492 27 27 5
6493 15 14 4
6494 22 21 7
6495 25 25 5
6496 25 24 6
6497 12 12 4
6498 20 19 5
6499 21 20 6
6500 20 20 4
6501 18 17 5
6502 31 30 6
6503 16 15 5
6504 15 14 6
6505 10 10 4
6506 22 21 5
6507 19 18 6
6508 22 21 7
6509 15 14 4
6510 22 21 7
6511 19 18 6
6512 18 17 5
6513 13 13 5
6514 19 18 4
6515 20 19 5
6516 13 13 5
6517 19 18 6
6518 10 10 4
6519 8 7 6
6520 14 14 6
6521 24 24 6
6522 18 17 5
6523 9 9 5
6524 11 10 4
6525 14 13 5
6526 21 21 7
6527 21 21 5
6528 21 21 7
6529 11 10 4
6530 16 15 5
6531 13 12 6
6532 14 14 6
6533 12 12 4
6534 26 25 5
6535 11 11 5
6536 25 24 6
6537 20 20 4
6538 14 13 5
6539 17 17 7
6540 9 8 4
6541 18 17 5
6542 15 14 6
6543 18 18 6
6544 24 24 6
6545 22 22 6
6546 18 17 5
6547 29 29 5
6548 25 24 6
6549 20 20 6
6550 26 26 6
6551 12 12 4
6552 18 17 5
6553 23 22 6
6554 18 18 8
6555 24 24 4
6556 18 17 5
6557 15 15 5
6558 11 10 4
6559 20 19 5
6560 9 9 5
6561 21 20 6
6562 22 22 4
6563 22 21 5
6564 19 18 6
6565 18 18 4
6566 20 19 7
6567 27 26 6
6568 16 15 5
6569 25 25 5
6570 11 10 4
6571 14 13 5
6572 19 18 6
6573 26 25 5
6574 21 20 8
6575 22 21 5
6576 23 22 6
6577 14 14 6
6578 12 12 4
6579 12 11 5
6580 13 12 6
6581 18 18 6
6582 20 19 5
6583 13 12 6
6584 16 16 4
6585 14 13 5
6586 13 12 6
6587 18 18 8
6588 12 12 4
6589 8 7 6
6590 12 12 4
6591 16 15 5
6592 15 14 6
6593 12 12 6
6594 12 12 4
6595 12 11 5
6596 17 16 4
6597 10 9 5
6598 13 13 5
6599 13 13 5
6600 15 15 7
6601 15 14 6
6602 12 12 4
6603 22 21 7
6604 15 14 6
6605 14 14 6
6606 12 12 4
6607 14 13 5
6608 9 9 5
6609 13 12 6
6610 16 15 7
6611 17 16 6
6612 6 6 6
6613 13 12 6
6614 22 21 5
6615 13 13 5
6616 17 17 7
6617 13 12 4
6618 18 17 7
6619 11 10 4
6620 12 11 5
6621 17 16 6
6622 16 16 4
6623 14 13 5
6624 13 12 8
6625 14 14 4
6626 14 13 5
6627 9 8 4
6628 16 15 5
6629 13 12 6
6630 18 18 6
6631 16 16 6
6632 16 15 5
6633 15 15 7
6634 11 10 6
6635 14 14 4
6636 24 23 5
6637 21 20 6
6638 10 10 4
6639 18 17 5
6640 19 19 5
6641 11 11 5
6642 21 21 5
6643 21 21 7
6644 19 18 6
6645 14 14 4
6646 16 15 5
6647 17 17 5
6648 17 16 4
6649 14 13 5
6650 23 22 6
6651 26 25 7
6652 21 20 6
6653 34 34 6
6654 22 22 6
6655 24 24 6
6656 36 36 6
6657 28 28 8
6658 26 25 7
6659 21 20 4
6660 24 23 5
6661 37 36 6
6662 18 18 6
6663 26 26 6
6664 22 22 4
6665 30 29 7
6666 25 25 7
6667 19 18 6
6668 18 17 5
6669 29 29 7
6670 19 18 6
6671 22 22 6
6672 40 40 6
6673 18 18 4
6674 20 19 7
6675 33 32 6
6676 22 22 6
6677 22 22 6
6678 36 36 12
6679 24 24 6
6680 18 18 4
6681 24 23 9
6682 21 20 4
6683 20 19 5
6684 25 25 7
6685 21 20 8
6686 34 34 8
6687 18 17 5
6688 29 29 9
6689 27 26 6
6690 24 24 6
6691 22 22 6
6692 20 20 6
6693 24 24 6
6694 40 39 5
6695 19 19 5
6696 19 19 5
6697 15 15 5
6698 23 23 7
6699 13 12 4
6700 18 17 5
6701 27 26 6
6702 24 24 4
6703 20 19 5
6704 25 25 7
6705 21 21 5
6706 17 17 5
6707 13 12 4
6708 20 19 5
6709 23 23 7
6710 17 17 5
6711 19 19 7
6712 13 12 6
6713 26 26 8
6714 16 16 6
6715 22 22 6
6716 22 21 5
6717 39 38 8
6718 22 21 5
6719 33 32 8
6720 26 26 6
6721 40 39 9
6722 23 23 5
6723 15 15 7
6724 25 24 6
6725 18 18 4
6726 26 25 5
6727 11 10 4
6728 20 19 5
6729 17 17 5
6730 15 14 4
6731 26 25 7
6732 21 20 4
6733 28 27 7
6734 21 20 6
6735 24 24 6
6736 30 30 6
6737 28 27 7
6738 21 20 4
6739 28 27 5
6740 39 38 6
6741 26 26 6
6742 18 18 4
6743 22 21 7
6744 29 29 5
6745 27 27 5
6746 13 13 5
6747 17 16 4
6748 34 33 7
6749 17 16 6
6750 26 26 6
6751 20 19 5
6752 25 24 6
6753 28 27 7
6754 19 19 5
6755 23 23 5
6756 23 22 6
6757 28 28 8
6758 30 30 6
6759 32 31 7
6760 15 14 4
6761 20 19 5
6762 9 9 5
6763 15 15 5
6764 19 19 5
6765 23 23 5
6766 27 27 5
6767 23 23 7
6768 25 24 4
6769 16 15 5
6770 13 12 4
6771 28 27 5
6772 27 27 5
6773 21 20 6
6774 24 24 6
6775 26 25 7
6776 19 19 5
6777 19 19 5
6778 15 14 6
6779 18 18 6
6780 22 22 4
6781 18 17 5
6782 17 17 5
6783 13 12 4
6784 18 17 5
6785 23 23 5
6786 23 23 5
6787 31 30 4
6788 16 15 5
6789 21 20 8
6790 18 18 6
6791 18 17 5
6792 21 20 4
6793 20 19 5
6794 19 18 6
6795 18 18 4
6796 16 15 5
6797 19 18 6
6798 18 18 6
6799 16 16 4
6800 18 17 7
6801 11 10 4
6802 14 13 5
6803 19 19 5
6804 27 26 6
6805 22 22 6
6806 18 18 6
6807 12 12 4
6808 22 21 7
6809 19 19 5
6810 25 25 5
6811 15 14 6
6812 20 20 6
6813 16 16 6
6814 22 22 4
6815 14 13 5
6816 25 24 6
6817 18 17 5
6818 23 23 5
6819 17 16 6
6820 14 14 6
6821 18 18 6
6822 10 9 5
6823 21 20 8
6824 14 13 7
6825 7 6 5
6826 19 18 6
6827 10 10 6
6828 16 16 4
6829 22 21 7
6830 41 40 6
6831 16 15 5
6832 17 16 4
6833 28 27 7
6834 13 12 4
6835 22 21 5
6836 25 24 6
6837 14 14 4
6838 22 21 5
6839 9 9 5
6840 11 10 4
6841 14 13 5
6842 17 16 6
6843 20 19 7
6844 15 14 4
6845 16 15 7
6846 7 6 5
6847 11 10 4
6848 8 7 6
6849 12 12 4
6850 14 13 7
6851 15 14 6
6852 16 16 4
6853 12 11 5
6854 13 13 7
6855 15 14 6
6856 12 12 6
6857 16 15 7
6858 11 10 4
6859 12 11 5
6860 11 10 6
6861 12 12 4
6862 10 9 5
6863 21 21 9
6864 13 12 4
6865 14 13 5
6866 11 10 6
6867 14 13 5
6868 7 7 7
6869 14 14 6
6870 24 24 6
6871 10 9 5
6872 13 13 5
6873 9 9 5
6874 15 14 6
6875 18 17 5
6876 11 11 5
6877 19 18 4
6878 14 13 5
6879 13 13 5
6880 13 13 5
6881 15 14 6
6882 10 10 4
6883 16 15 5
6884 17 16 6
6885 8 8 4
6886 18 17 7
6887 11 10 4
6888 18 17 7
6889 21 20 6
6890 10 10 4
6891 12 11 5
6892 11 11 5
6893 13 12 4
6894 12 11 5
6895 9 9 5
6896 17 16 6
6897 16 16 6
6898 26 25 9
6899 17 16 4
6900 14 13 5
6901 23 22 6
6902 14 13 5
6903 19 18 4
6904 10 9 5
6905 15 15 5
6906 13 13 5
6907 11 10 4
6908 12 11 5
6909 9 9 5
6910 13 12 4
6911 12 11 5
6912 11 10 6
6913 16 16 8
6914 10 10 4
6915 20 19 5
6916 11 10 6
6917 16 16 4
6918 10 9 5
6919 19 18 8
6920 16 15 5
6921 17 16 6
6922 10 10 6
6923 10 10 6
6924 14 14 6
6925 20 20 6
6926 14 13 7
6927 13 12 4
6928 16 15 5
6929 13 13 5
6930 15 14 4
6931 12 11 5
6932 13 13 5
6933 9 9 5
6934 13 12 6
6935 12 12 6
6936 12 11 5
6937 7 7 7
6938 14 14 6
6939 10 9 5
6940 13 12 4
6941 18 17 7
6942 15 14 6
6943 16 16 4
6944 16 15 5
6945 13 13 5
6946 13 13 5
6947 25 25 5
6948 27 26 8
6949 28 28 4
6950 24 23 5
6951 7 6 5
6952 19 18 6
6953 20 19 5
6954 11 11 5
6955 19 18 6
6956 14 13 5
6957 17 16 6
6958 12 12 4
6959 10 9 5
6960 21 20 6
6961 8 8 4
6962 10 9 5
6963 13 12 4
6964 10 9 5
6965 17 17 7
6966 9 9 5
6967 15 14 4
6968 14 13 5
6969 13 12 6
6970 16 15 5
6971 19 18 6
6972 30 30 6
6973 14 13 5
6974 21 20 6
6975 16 16 4
6976 6 5 4
6977 18 17 5
6978 19 19 7
6979 17 16 4
6980 28 27 7
6981 13 12 4
6982 26 25 7
6983 21 20 6
6984 16 16 4
6985 16 15 5
6986 13 12 4
6987 22 21 5
6988 23 23 5
6989 21 20 4
6990 18 17 5
6991 9 9 5
6992 21 20 6
6993 20 20 6
6994 12 12 4
6995 30 29 5
6996 13 13 5
6997 21 21 5
6998 13 12 6
6999 18 18 6
7000 22 22 4
7001 14 13 5
7002 25 25 5
7003 11 11 5
7004 13 12 4
7005 22 21 5
7006 31 31 5
7007 19 19 5
7008 21 20 8
7009 12 12 4
7010 10 9 5
7011 35 35 5
7012 27 27 5
7013 27 26 10
7014 18 18 4
7015 28 27 7
7016 17 16 4
7017 20 19 5
7018 11 11 5
7019 23 22 4
7020 16 15 5
7021 23 23 7
7022 35 34 10
7023 12 12 4
7024 22 21 5
7025 25 25 5
7026 15 15 5
7027 19 19 5
7028 21 20 6
7029 24 24 8
7030 30 30 8
7031 12 12 4
7032 20 19 5
7033 13 13 5
7034 19 18 6
7035 18 17 5
7036 17 16 6
7037 24 24 6
7038 10 9 5
7039 21 20 4
7040 20 19 5
7041 19 18 4
7042 20 19 5
7043 25 25 7
7044 15 15 5
7045 19 18 4
7046 22 21 5
7047 17 17 5
7048 17 17 5
7049 17 16 4
7050 14 13 5
7051 25 24 6
7052 20 20 6
7053 20 20 4
7054 24 23 5
7055 21 21 5
7056 19 18 4
7057 38 37 9
7058 27 26 6
7059 32 32 10
7060 32 31 7
7061 19 19 7
7062 29 28 6
7063 44 44 16
7064 40 39 11
7065 23 22 4
7066 22 21 5
7067 41 41 13
7068 31 30 6
7069 22 21 5
7070 33 32 8
7071 26 26 6
7072 20 19 7
7073 15 14 6
7074 40 39 13
7075 29 28 10
7076 26 26 4
7077 40 39 9
7078 35 34 6
7079 32 31 7
7080 35 35 5
7081 27 27 11
7082 47 46 8
7083 32 32 8
7084 22 21 5
7085 13 12 4
7086 32 31 7
7087 23 22 6
7088 32 32 8
7089 12 12 4
7090 28 27 5
7091 27 27 5
7092 23 23 7
7093 21 21 5
7094 29 28 8
7095 30 30 6
7096 30 29 5
7097 19 19 5
7098 23 23 5
7099 29 28 6
7100 42 41 13
7101 45 45 9
7102 25 25 5
7103 29 28 6
7104 32 32 10
7105 18 18 6
7106 18 18 4
7107 34 33 7
7108 17 17 5
7109 41 40 8
7110 28 27 7
7111 43 43 11
7112 17 17 5
7113 17 17 5
7114 17 16 6
7115 38 37 9
7116 21 20 6
7117 24 24 6
7118 24 24 6
7119 36 35 9
7120 25 25 7
7121 35 34 6
7122 28 28 6
7123 44 43 13
7124 19 18 6
7125 22 21 7
7126 23 22 6
7127 16 15 7
7128 27 27 7
7129 27 27 5
7130 31 31 11
7131 15 14 6
7132 26 25 5
7133 37 37 7
7134 11 10 4
7135 30 29 9
7136 13 12 4
7137 24 23 5
7138 25 24 4
7139 22 21 5
7140 17 17 5
7141 13 13 5
7142 19 18 6
7143 20 20 6
7144 20 20 6
7145 16 16 6
7146 16 16 6
7147 26 26 6
7148 18 18 6
7149 16 16 6
7150 12 12 6
7151 12 12 4
7152 24 23 5
7153 21 20 6
7154 16 15 5
7155 17 17 5
7156 15 15 5
7157 15 15 5
7158 17 16 4
7159 16 15 7
7160 13 12 4
7161 14 13 7
7162 19 18 6
7163 14 14 4
7164 20 19 7
7165 11 10 4
7166 8 7 6
7167 22 21 5
7168 17 16 4
7169 18 17 7
7170 15 15 5
7171 13 12 4
7172 14 13 5
7173 11 10 6
7174 10 10 6
7175 12 12 4
7176 12 11 5
7177 19 19 9
7178 23 22 6
7179 18 17 5
7180 11 10 4
7181 10 9 5
7182 11 11 5
7183 15 14 6
7184 16 15 5
7185 17 17 5
7186 21 20 6
7187 6 5 4
7188 18 17 5
7189 15 14 6
7190 12 12 6
7191 10 10 4
7192 6 5 4
7193 12 11 5
7194 15 14 6
7195 10 10 4
7196 12 11 7
7197 13 13 5
7198 11 11 5
7199 13 13 5
7200 7 7 7
7201 10 9 5
7202 9 8 4
7203 12 11 5
7204 11 10 6
7205 6 6 6
7206 9 9 5
7207 9 9 5
7208 11 11 5
7209 15 14 8
7210 14 13 5
7211 19 18 6
7212 12 11 5
7213 23 22 6
7214 14 14 4
7215 20 19 5
7216 11 11 5
7217 11 10 6
7218 16 16 6
7219 12 12 6
7220 12 12 4
7221 12 11 5
7222 13 12 4
7223 22 21 5
7224 13 13 5
7225 25 25 7
7226 15 14 4
7227 10 9 5
7228 9 8 4
7229 8 7 6
7230 6 6 6
7231 13 12 4
7232 12 11 5
7233 11 11 5
7234 15 14 6
7235 8 8 4
7236 12 11 5
7237 11 11 5
7238 15 15 7
7239 17 16 6
7240 10 10 4
7241 12 11 5
7242 13 13 5
7243 15 15 7
7244 17 16 4
7245 12 11 5
7246 13 12 6
7247 10 10 4
7248 8 7 6
7249 14 14 6
7250 14 13 5
7251 15 14 4
7252 14 13 5
7253 13 12 6
7254 8 8 4
7255 10 9 5
7256 19 18 8
7257 18 18 6
7258 10 10 4
7259 10 9 5
7260 11 11 5
7261 13 12 6
7262 16 16 6
7263 14 14 4
7264 14 13 5
7265 13 12 4
7266 14 13 7
7267 11 10 4
7268 10 9 5
7269 13 12 6
7270 12 11 5
7271 11 10 4
7272 18 17 7
7273 19 18 6
7274 14 14 6
7275 20 20 4
7276 22 21 5
7277 11 10 6
7278 10 10 6
7279 12 12 4
7280 8 7 6
7281 16 16 6
7282 12 12 4
7283 26 25 5
7284 13 12 4
7285 16 15 5
7286 15 14 4
7287 10 9 5
7288 9 9 5
7289 13 12 4
7290 22 21 7
7291 19 18 6
7292 16 15 5
7293 11 11 5
7294 17 16 4
7295 6 5 4
7296 12 11 5
7297 13 12 6
7298 6 5 4
7299 12 11 7
7300 13 12 6
7301 8 8 4
7302 14 13 7
7303 13 12 4
7304 14 13 5
7305 15 14 6
7306 10 10 4
7307 20 19 5
7308 15 15 5
7309 23 22 6
7310 12 12 6
7311 20 20 6
7312 12 12 6
7313 6 6 6
7314 13 12 6
7315 12 11 5
7316 15 14 6
7317 10 10 6
7318 10 10 6
7319 12 12 4
7320 12 11 5
7321 23 22 6
7322 20 20 6
7323 10 10 4
7324 18 17 7
7325 23 22 4
7326 16 15 5
7327 25 24 6
7328 12 12 4
7329 22 21 5
7330 27 26 6
7331 14 14 4
7332 16 15 5
7333 13 12 4
7334 18 17 5
7335 17 16 4
7336 20 19 5
7337 17 17 5
7338 33 32 6
7339 12 12 6
7340 26 26 4
7341 18 17 7
7342 21 20 6
7343 22 22 6
7344 14 13 5
7345 13 12 4
7346 32 31 7
7347 23 23 5
7348 33 32 8
7349 12 12 4
7350 22 21 7
7351 29 28 6
7352 22 21 7
7353 19 18 6
7354 40 39 5
7355 19 19 5
7356 17 17 5
7357 27 26 8
7358 20 19 5
7359 31 30 8
7360 28 28 6
7361 20 19 5
7362 33 32 10
7363 12 12 6
7364 16 16 4
7365 22 21 7
7366 25 25 7
7367 23 23 5
7368 13 13 5
7369 23 22 6
7370 22 21 7
7371 17 17 5
7372 15 14 4
7373 16 15 5
7374 17 16 6
7375 32 32 8
7376 12 12 4
7377 20 19 5
7378 13 13 5
7379 11 10 4
7380 12 11 5
7381 19 18 6
7382 14 13 5
7383 13 12 4
7384 22 21 5
7385 31 31 5
7386 23 23 5
7387 23 23 7
7388 17 16 6
7389 16 16 6
7390 22 22 6
7391 22 21 5
7392 21 20 6
7393 16 15 5
7394 13 13 5
7395 17 16 4
7396 20 19 5
7397 9 9 5
7398 25 24 8
7399 14 14 4
7400 12 11 5
7401 13 13 5
7402 13 13 5
7403 15 14 6
7404 14 14 4
7405 16 15 5
7406 11 10 6
7407 8 8 4
7408 8 7 6
7409 12 12 6
7410 12 12 6
7411 18 17 5
7412 27 26 6
7413 20 19 5
7414 15 14 6
7415 6 6 6
7416 11 10 4
7417 10 9 5
7418 9 8 4
7419 14 13 5
7420 7 6 5
7421 5 5 5
7422 24 23 7
7423 11 10 4
7424 26 25 5
7425 15 15 5
7426 13 12 6
7427 16 16 6
7428 6 6 6
7429 11 10 4
7430 10 9 5
7431 7 6 5
7432 11 11 5
7433 5 5 5
7434 12 11 7
7435 11 10 6
7436 10 10 4
7437 12 11 5
7438 17 16 8
7439 12 12 6
7440 10 10 4
7441 18 17 7
7442 21 20 8
7443 16 16 4
7444 18 17 5
7445 15 15 5
7446 17 16 6
7447 16 15 5
7448 5 5 5
7449 18 17 7
7450 19 18 6
7451 14 13 5
7452 19 18 8
7453 18 17 5
7454 17 16 8
7455 8 8 4
7456 12 11 5
7457 17 16 8
7458 10 10 4
7459 12 11 5
7460 15 14 4
7461 10 9 5
7462 17 16 4
7463 12 11 5
7464 11 11 5
7465 11 10 6
7466 12 12 6
7467 8 8 4
7468 12 11 5
7469 15 14 6
7470 10 10 6
7471 10 10 4
7472 14 13 7
7473 11 10 4
7474 18 17 7
7475 11 11 5
7476 5 5 5
7477 22 21 7
7478 11 10 6
7479 8 8 4
7480 12 11 7
7481 11 10 6
7482 14 14 4
7483 16 15 5
7484 9 9 5
7485 23 22 6
7486 36 35 5
7487 9 9 5
7488 15 14 6
7489 6 6 6
7490 9 8 4
7491 10 9 5
7492 9 9 5
7493 13 13 7
7494 13 12 6
7495 10 10 4
7496 14 13 5
7497 17 16 4
7498 12 11 5
7499 17 17 5
7500 11 10 4
7501 10 9 5
7502 15 14 6
7503 12 11 5
7504 15 14 6
7505 18 17 5
7506 11 10 4
7507 14 13 5
7508 5 5 5
7509 14 13 5
7510 13 13 5
7511 11 11 5
7512 9 8 4
7513 6 5 4
7514 12 11 5
7515 13 12 6
7516 18 18 6
7517 6 5 4
7518 12 11 5
7519 11 10 4
7520 16 15 7
7521 19 18 6
7522 12 11 5
7523 17 16 4
7524 22 21 5
7525 25 24 4
7526 16 15 5
7527 9 8 4
7528 10 9 5
7529 9 8 4
7530 18 17 5
7531 9 9 5
7532 17 16 8
7533 8 8 4
7534 12 11 5
7535 13 13 7
7536 13 12 4
7537 10 9 5
7538 13 12 4
7539 10 9 5
7540 11 10 6
7541 12 12 4
7542 16 15 5
7543 15 15 5
7544 11 11 5
7545 25 24 6
7546 12 12 6
7547 18 18 4
7548 32 31 7
7549 19 18 4
7550 12 11 5
7551 29 28 8
7552 16 16 6
7553 14 14 4
7554 24 23 7
7555 27 26 6
7556 14 13 5
7557 19 19 7
7558 19 18 8
7559 18 18 6
7560 30 30 6
7561 22 22 6
7562 18 18 6
7563 16 16 4
7564 22 21 5
7565 17 17 5
7566 17 17 5
7567 11 11 5
7568 11 10 4
7569 30 29 7
7570 31 31 5
7571 27 27 5
7572 21 21 5
7573 33 32 4
7574 26 25 5
7575 25 25 5
7576 23 22 6
7577 34 33 7
7578 19 19 5
7579 15 14 4
7580 38 37 7
7581 21 20 6
7582 22 22 4
7583 26 25 5
7584 27 27 5
7585 29 29 5
7586 23 23 7
7587 29 29 7
7588 19 18 4
7589 22 21 5
7590 21 21 5
7591 27 27 9
7592 19 18 4
7593 16 15 5
7594 19 18 4
7595 20 19 5
7596 21 20 6
7597 22 22 6
7598 18 17 5
7599 25 24 8
7600 28 27 9
7601 37 36 8
7602 16 16 4
7603 10 9 5
7604 21 20 6
7605 14 14 4
7606 34 33 7
7607 25 25 7
7608 23 22 6
7609 22 22 4
7610 20 19 5
7611 27 26 6
7612 28 27 5
7613 43 43 9
7614 45 44 10
7615 22 21 5
7616 23 23 7
7617 19 18 8
7618 24 24 6
7619 36 35 5
7620 13 13 5
7621 13 13 5
7622 17 16 4
7623 22 21 7
7624 29 29 7
7625 21 21 5
7626 21 21 7
7627 35 34 10
7628 24 24 6
7629 18 18 4
7630 20 19 5
7631 29 28 8
7632 34 33 11
7633 33 32 10
7634 24 23 5
7635 29 29 5
7636 31 31 9
7637 23 23 5
7638 11 11 5
7639 13 13 5
7640 19 19 5
7641 19 18 4
7642 38 37 7
7643 25 24 4
7644 34 33 7
7645 45 44 12
7646 22 22 4
7647 26 25 5
7648 29 29 5
7649 23 22 6
7650 26 25 7
7651 17 17 5
7652 17 16 6
7653 18 17 5
7654 11 11 5
7655 15 14 4
7656 22 21 5
7657 15 15 5
7658 27 26 6
7659 22 21 5
7660 11 10 4
7661 24 23 5
7662 19 18 6
7663 14 14 4
7664 20 19 5
7665 17 16 6
7666 14 14 4
7667 16 15 5
7668 9 9 5
7669 17 16 4
7670 22 21 5
7671 19 19 5
7672 17 17 5
7673 17 16 4
7674 12 11 5
7675 7 6 5
7676 13 12 4
7677 18 17 5
7678 25 25 5
7679 13 13 5
7680 9 8 4
7681 12 11 5
7682 23 23 5
7683 15 15 5
7684 17 17 5
7685 19 19 5
7686 23 22 6
7687 12 11 5
7688 11 11 5
7689 27 26 6
7690 20 20 4
7691 18 17 5
7692 15 14 6
7693 12 12 6
7694 20 19 5
7695 11 11 5
7696 17 16 8
7697 14 14 6
7698 22 22 6
7699 12 11 5
7700 17 17 7
7701 23 22 4
7702 30 29 7
7703 31 30 6
7704 16 15 5
7705 17 17 5
7706 19 18 6
7707 10 10 4
7708 28 27 7
7709 11 10 4
7710 20 19 5
7711 23 23 5
7712 15 15 5
7713 15 14 6
7714 12 12 4
7715 18 17 5
7716 17 16 6
7717 20 19 5
7718 19 19 5
7719 25 25 5
7720 23 22 6
7721 18 17 5
7722 17 17 5
7723 15 14 4
7724 22 21 5
7725 17 17 5
7726 11 11 5
7727 19 18 6
7728 20 19 5
7729 23 23 7
7730 23 22 6
7731 20 19 5
7732 17 16 4
7733 14 13 5
7734 19 19 5
7735 13 13 5
7736 33 32 8
7737 28 28 6
7738 16 16 6
7739 26 25 5
7740 13 13 5
7741 15 14 4
7742 26 25 5
7743 15 15 5
7744 23 23 5
7745 11 10 4
7746 28 27 5
7747 21 21 5
7748 25 24 6
7749 12 11 5
7750 17 17 5
7751 25 24 6
7752 14 14 6
7753 20 20 6
7754 16 16 4
7755 24 23 7
7756 13 13 5
7757 21 21 7
7758 25 24 6
7759 18 18 6
7760 20 20 4
7761 22 21 7
7762 21 21 7
7763 11 11 5
7764 17 16 4
7765 20 19 7
7766 19 18 6
7767 22 22 6
7768 8 8 4
7769 14 13 5
7770 17 17 5
7771 17 16 4
7772 18 17 7
7773 23 22 6
7774 10 10 6
7775 8 8 4
7776 16 15 7
7777 19 18 6
7778 12 12 4
7779 18 17 7
7780 9 9 5
7781 17 16 4
7782 18 17 5
7783 7 6 5
7784 11 11 5
7785 15 14 6
7786 16 15 5
7787 17 16 6
7788 10 9 5
7789 15 14 8
7790 20 19 5
7791 19 19 5
7792 11 10 4
7793 24 23 7
7794 13 12 6
7795 12 12 4
7796 12 11 5
7797 9 9 5
7798 15 15 7
7799 15 14 6
7800 10 10 6
7801 10 10 4
7802 22 21 7
7803 11 10 6
7804 12 11 5
7805 13 12 4
7806 12 11 5
7807 13 12 6
7808 12 12 6
7809 10 10 6
7810 12 11 5
7811 9 8 4
7812 10 9 5
7813 11 10 6
7814 18 18 6
7815 16 16 6
7816 18 17 5
7817 9 8 4
7818 16 15 9
7819 7 6 5
7820 11 10 4
7821 14 13 5
7822 9 9 5
7823 15 14 8
7824 12 12 6
7825 14 14 6
7826 8 8 4
7827 12 11 7
7828 15 14 6
7829 6 5 4
7830 16 15 5
7831 15 15 7
7832 23 22 6
7833 22 22 4
7834 18 17 5
7835 13 12 4
7836 22 21 9
7837 11 10 4
7838 6 5 4
7839 10 9 5
7840 11 11 7
7841 13 12 6
7842 12 12 6
7843 12 11 5
7844 13 12 6
7845 6 5 4
7846 14 13 5
7847 13 12 6
7848 14 14 6
7849 10 10 6
7850 16 15 5
7851 7 7 7
7852 10 9 5
7853 7 6 5
7854 11 10 4
7855 8 7 6
7856 12 11 5
7857 13 12 4
7858 18 17 5
7859 13 12 6
7860 12 12 4
7861 20 19 7
7862 13 12 6
7863 32 32 6
7864 8 8 4
7865 16 15 5
7866 13 13 5
7867 9 8 4
7868 14 13 5
7869 17 16 4
7870 16 15 5
7871 7 6 5
7872 19 19 7
7873 9 9 5
7874 15 14 4
7875 30 29 5
7876 25 25 5
7877 29 28 6
7878 26 26 6
7879 8 8 4
7880 16 15 5
7881 19 19 5
7882 29 28 6
7883 18 17 5
7884 15 14 4
7885 16 15 7
7886 13 12 6
7887 14 13 5
7888 15 14 6
7889 20 20 6
7890 22 21 7
7891 25 24 6
7892 20 20 6
7893 14 13 5
7894 17 17 5
7895 23 23 5
7896 21 21 5
7897 13 12 4
7898 22 21 5
7899 27 26 6
7900 34 33 7
7901 21 20 4
7902 22 21 5
7903 15 15 7
7904 19 19 5
7905 25 24 8
7906 22 22 6
7907 26 25 7
7908 23 22 6
7909 18 17 5
7910 15 14 4
7911 16 15 5
7912 13 12 4
7913 24 23 9
7914 17 16 4
7915 18 17 5
7916 19 19 7
7917 31 31 5
7918 25 25 5
7919 19 19 5
7920 15 15 5
7921 17 17 7
7922 25 24 4
7923 26 25 5
7924 23 23 5
7925 23 23 5
7926 17 16 4
7927 26 25 7
7928 21 20 4
7929 24 23 5
7930 15 15 7
7931 17 16 6
7932 20 20 6
7933 16 15 7
7934 9 8 4
7935 20 19 5
7936 25 25 5
7937 11 11 5
7938 33 32 10
7939 24 24 4
7940 14 13 5
7941 11 11 5
7942 11 11 5
7943 13 13 7
7944 13 12 4
7945 22 21 7
7946 29 28 12
7947 14 13 5
7948 23 23 5
7949 13 12 4
7950 22 21 5
7951 19 19 7
7952 19 19 7
7953 15 14 6
7954 24 23 5
7955 19 18 6
7956 22 21 5
7957 17 17 5
7958 23 23 5
7959 27 27 9
7960 13 13 5
7961 25 24 6
7962 14 14 4
7963 18 17 5
7964 23 23 7
7965 33 33 11
7966 27 26 8
7967 26 25 9
7968 15 15 5
7969 19 19 5
7970 21 21 5
7971 29 28 10
7972 20 19 7
7973 17 17 5
7974 21 21 5
7975 19 19 5
7976 27 26 8
7977 14 13 5
7978 19 19 5
7979 29 28 4
7980 34 33 7
7981 27 26 6
7982 16 16 6
7983 14 13 5
7984 13 12 6
7985 12 12 4
7986 24 23 5
7987 17 17 5
7988 19 19 7
7989 29 28 6
7990 20 19 5
7991 27 27 7
7992 21 20 8
7993 14 14 6
7994 12 12 6
7995 24 23 7
7996 13 12 6
7997 28 28 4
7998 24 23 7
7999 15 14 6
8000 14 14 4
8001 16 15 5
8002 21 21 7
8003 13 12 4
8004 26 25 9
8005 23 22 6
8006 18 17 7
8007 13 12 6
8008 18 18 6
8009 24 23 5
8010 19 18 6
8011 12 12 6
8012 18 17 5
8013 21 20 6
8014 12 11 5
8015 17 17 5
8016 13 13 5
8017 11 11 5
8018 17 17 5
8019 15 15 5
8020 9 9 5
8021 17 17 5
8022 17 17 5
8023 5 5 5
8024 20 19 5
8025 13 13 5
8026 9 8 4
8027 14 13 5
8028 27 27 7
8029 21 20 4
8030 18 17 5
8031 17 17 5
8032 9 8 4
8033 18 17 5
8034 17 17 5
8035 19 19 5
8036 11 10 4
8037 18 17 7
8038 19 18 6
8039 18 18 6
8040 22 22 4
8041 32 31 7
8042 23 22 6
8043 18 18 4
8044 22 21 7
8045 23 23 5
8046 25 25 7
8047 13 12 6
8048 18 18 6
8049 20 19 5
8050 27 27 7
8051 25 24 6
8052 20 19 7
8053 23 22 4
8054 22 21 5
8055 13 13 5
8056 29 29 9
8057 39 38 8
8058 10 10 4
8059 24 23 7
8060 19 18 6
8061 24 24 6
8062 20 20 6
8063 14 13 5
8064 19 18 6
8065 22 21 7
8066 31 31 7
8067 19 18 4
8068 18 17 7
8069 29 28 8
8070 30 29 9
8071 25 25 7
8072 31 30 10
8073 22 22 6
8074 16 16 6
8075 18 18 6
8076 18 17 5
8077 19 19 5
8078 15 15 5
8079 21 21 7
8080 15 15 5
8081 15 14 4
8082 14 13 7
8083 15 14 6
8084 14 14 6
8085 20 19 5
8086 15 15 5
8087 13 12 6
8088 16 16 6
8089 20 19 5
8090 13 12 6
8091 10 10 4
8092 16 15 5
8093 19 18 8
8094 12 12 4
8095 16 15 7
8096 9 9 5
8097 19 18 4
8098 10 9 5
8099 23 22 6
8100 14 13 5
8101 9 9 5
8102 9 9 5
8103 19 19 7
8104 11 10 6
8105 10 10 4
8106 10 9 5
8107 7 7 7
8108 12 12 4
8109 18 17 9
8110 13 13 5
8111 15 14 6
8112 8 8 4
8113 12 11 7
8114 9 8 4
8115 20 19 7
8116 19 18 4
8117 18 17 5
8118 15 14 6
8119 22 21 7
8120 19 18 4
8121 16 15 5
8122 19 19 7
8123 7 6 5
8124 13 12 6
8125 12 12 6
8126 16 16 6
8127 16 16 6
8128 18 17 5
8129 9 8 4
8130 24 23 9
8131 9 8 4
8132 10 9 5
8133 11 10 4
8134 18 17 5
8135 9 9 5
8136 17 16 6
8137 12 11 7
8138 9 8 4
8139 22 21 7
8140 11 10 6
8141 22 22 6
8142 16 15 5
8143 21 21 5
8144 11 10 4
8145 14 13 5
8146 9 8 4
8147 16 15 5
8148 13 13 5
8149 7 7 7
8150 10 10 6
8151 8 8 4
8152 14 13 5
8153 17 16 6
8154 22 21 7
8155 21 20 6
8156 12 11 5
8157 13 12 4
8158 14 13 5
8159 15 14 8
8160 6 6 6
8161 13 12 4
8162 14 13 5
8163 19 18 4
8164 20 19 5
8165 13 13 5
8166 17 16 4
8167 10 9 5
8168 11 11 5
8169 11 10 6
8170 12 12 6
8171 6 6 6
8172 11 10 6
8173 16 16 6
8174 18 18 6
8175 28 28 6
8176 16 16 4
8177 10 9 5
8178 15 15 5
8179 13 12 6
8180 20 20 4
8181 14 13 5
8182 25 24 6
8183 16 15 5
8184 13 12 4
8185 14 13 5
8186 13 13 5
8187 15 14 4
8188 16 15 5
8189 19 18 6
8190 24 24 4
8191 26 25 5
8192 27 27 7
8193 13 12 4
8194 22 21 5
8195 31 31 7
8196 33 32 8
8197 22 22 6
8198 34 34 8
8199 30 30 8
8200 30 29 5
8201 25 25 7
8202 21 21 7
8203 29 28 10
8204 24 23 5
8205 43 43 9
8206 47 46 10
8207 34 33 9
8208 37 36 10
8209 34 34 10
8210 32 32 12
8211 36 36 8
8212 42 42 10
8213 32 32 6
8214 38 38 10
8215 46 45 9
8216 33 32 12
8217 32 31 9
8218 25 24 8
8219 34 34 6
8220 30 29 9
8221 33 32 6
8222 36 36 8
8223 32 32 6
8224 38 37 7
8225 33 33 11
8226 33 33 5
8227 59 58 18
8228 14 14 4
8229 26 25 7
8230 31 30 8
8231 32 32 10
8232 38 38 10
8233 32 32 8
8234 30 29 9
8235 25 24 6
8236 26 25 7
8237 41 40 4
8238 24 23 5
8239 29 29 9
8240 15 14 4
8241 40 39 7
8242 17 17 5
8243 33 33 7
8244 41 40 6
8245 26 26 8
8246 24 24 10
8247 30 30 12
8248 36 36 6
8249 30 29 7
8250 37 36 12
8251 40 39 11
8252 23 22 8
8253 44 44 10
8254 26 26 6
8255 30 30 6
8256 30 30 8
8257 24 24 4
8258 30 29 7
8259 29 28 8
8260 18 18 4
8261 52 51 11
8262 31 30 6
8263 20 20 4
8264 26 25 7
8265 41 40 10
8266 24 24 6
8267 36 35 9
8268 33 33 11
8269 23 22 4
8270 18 17 5
8271 27 26 8
8272 20 19 5
8273 27 27 5
8274 23 23 7
8275 19 19 5
8276 19 18 4
8277 24 23 7
8278 31 31 5
8279 13 13 5
8280 29 29 7
8281 25 24 6
8282 28 28 6
8283 24 23 5
8284 27 27 7
8285 17 17 7
8286 25 24 6
8287 12 11 5
8288 27 27 5
8289 17 16 4
8290 14 13 5
8291 31 30 8
8292 16 15 5
8293 21 21 7
8294 23 23 7
8295 23 22 8
8296 20 19 5
8297 19 18 4
8298 20 19 5
8299 25 25 7
8300 21 20 6
8301 20 20 6
8302 10 9 5
8303 19 18 6
8304 18 18 4
8305 16 15 5
8306 11 10 4
8307 18 17 5
8308 13 13 5
8309 11 10 6
8310 14 14 4
8311 24 23 7
8312 13 12 4
8313 14 13 5
8314 11 11 5
8315 15 15 5
8316 17 16 6
8317 20 19 5
8318 19 19 7
8319 19 19 7
8320 17 16 4
8321 22 21 7
8322 13 13 5
8323 23 22 4
8324 18 17 7
8325 15 14 4
8326 18 17 5
8327 15 14 4
8328 18 17 5
8329 11 11 5
8330 11 11 5
8331 13 12 6
8332 12 12 6
8333 20 20 6
8334 12 11 5
8335 19 19 7
8336 19 18 6
8337 20 20 6
8338 20 20 6
8339 22 22 4
8340 20 19 5
8341 13 12 4
8342 18 17 7
8343 13 12 4
8344 12 11 5
8345 27 27 9
8346 7 6 5
8347 17 16 4
8348 12 11 5
8349 9 9 5
8350 13 13 7
8351 27 26 6
8352 30 30 4
8353 34 33 5
8354 21 21 5
8355 17 16 6
8356 22 22 6
8357 10 10 6
8358 16 16 4
8359 18 17 5
8360 23 23 5
8361 17 16 4
8362 22 21 5
8363 19 19 5
8364 27 27 7
8365 15 14 4
8366 26 25 5
8367 21 21 5
8368 27 26 6
8369 16 16 6
8370 30 30 6
8371 34 33 5
8372 37 37 5
8373 37 36 6
8374 20 19 5
8375 19 18 6
8376 26 26 6
8377 30 29 7
8378 21 20 6
8379 28 28 6
8380 20 19 5
8381 21 20 6
8382 14 14 4
8383 28 27 5
8384 27 27 5
8385 31 31 5
8386 19 19 5
8387 21 21 7
8388 13 13 5
8389 19 18 4
8390 16 15 7
8391 27 26 6
8392 32 32 6
8393 26 25 5
8394 15 14 6
8395 30 30 8
8396 18 17 5
8397 13 13 5
8398 23 23 9
8399 17 16 4
8400 22 21 7
8401 25 25 9
8402 15 14 4
8403 22 21 7
8404 15 14 4
8405 24 23 7
8406 19 18 6
8407 18 18 6
8408 20 19 7
8409 19 18 6
8410 8 8 4
8411 26 25 9
8412 15 14 4
8413 18 17 5
8414 23 23 5
8415 11 11 7
8416 23 22 4
8417 12 11 5
8418 21 20 6
8419 16 15 5
8420 13 12 4
8421 12 11 5
8422 7 6 5
8423 19 18 6
8424 10 10 4
8425 20 19 5
8426 13 12 6
8427 12 12 4
8428 12 11 5
8429 17 17 7
8430 11 10 4
8431 16 15 5
8432 13 13 5
8433 11 11 7
8434 17 16 4
8435 14 13 7
8436 13 12 4
8437 12 11 5
8438 19 19 5
8439 9 9 5
8440 15 14 4
8441 12 11 5
8442 17 17 7
8443 11 10 4
8444 26 25 5
8445 5 5 5
8446 16 15 5
8447 19 18 6
8448 10 10 4
8449 10 9 5
8450 13 13 5
8451 11 10 4
8452 12 11 5
8453 11 11 5
8454 7 6 5
8455 13 13 5
8456 13 12 4
8457 12 11 5
8458 9 8 4
8459 10 9 5
8460 15 14 4
8461 18 17 5
8462 9 8 4
8463 12 11 5
8464 5 5 5
8465 10 9 5
8466 11 11 5
8467 13 13 7
8468 17 16 6
8469 20 19 5
8470 21 21 5
8471 23 23 5
8472 11 10 4
8473 12 11 5
8474 15 15 5
8475 11 10 4
8476 14 13 5
8477 15 15 5
8478 15 15 5
8479 13 13 5
8480 9 9 5
8481 13 13 5
8482 15 14 6
8483 12 12 6
8484 12 11 5
8485 9 8 4
8486 12 11 5
8487 7 7 7
8488 12 12 6
8489 12 11 5
8490 15 15 5
8491 11 11 5
8492 21 21 5
8493 17 16 8
8494 12 12 4
8495 6 5 4
8496 14 13 5
8497 17 16 8
8498 18 18 6
8499 12 12 6
8500 12 11 5
8501 11 11 5
8502 11 10 4
8503 14 13 7
8504 15 14 4
8505 14 13 5
8506 21 21 5
8507 13 12 6
8508 10 10 4
8509 20 19 5
8510 13 12 4
8511 22 21 5
8512 13 13 5
8513 15 15 7
8514 15 14 6
8515 26 26 8
8516 18 18 4
8517 28 27 7
8518 13 12 4
8519 10 9 5
8520 17 16 6
8521 14 13 5
8522 15 14 6
8523 18 18 4
8524 10 9 5
8525 11 10 6
8526 12 12 4
8527 16 15 7
8528 13 12 4
8529 22 21 7
8530 27 26 6
8531 16 15 5
8532 11 11 7
8533 9 8 4
8534 26 25 5
8535 23 23 5
8536 23 23 5
8537 19 18 6
8538 30 30 6
8539 16 16 6
8540 14 14 6
8541 24 24 6
8542 38 38 8
8543 16 16 4
8544 14 13 5
8545 21 20 6
8546 20 20 6
8547 22 22 6
8548 16 15 5
8549 19 19 5
8550 21 21 5
8551 23 23 5
8552 19 19 5
8553 23 23 5
8554 25 25 7
8555 33 33 7
8556 17 17 5
8557 15 14 4
8558 20 19 7
8559 23 22 6
8560 20 19 5
8561 29 28 6
8562 20 19 5
8563 19 18 6
8564 20 20 6
8565 22 21 5
8566 29 28 6
8567 16 15 5
8568 17 17 5
8569 21 20 8
8570 20 20 6
8571 24 23 5
8572 25 24 6
8573 26 26 8
8574 24 24 6
8575 18 18 6
8576 32 31 7
8577 19 19 7
8578 21 20 6
8579 58 58 12
8580 30 30 6
8581 22 22 6
8582 28 28 6
8583 24 24 6
8584 32 31 7
8585 21 20 6
8586 38 37 7
8587 13 13 5
8588 41 40 6
8589 30 29 7
8590 41 41 7
8591 53 53 9
8592 25 25 5
8593 33 33 9
8594 31 30 8
8595 22 21 5
8596 35 35 7
8597 27 26 8
8598 20 20 6
8599 26 26 6
8600 18 18 6
8601 26 26 10
8602 24 24 8
8603 24 24 6
8604 22 21 5
8605 27 27 7
8606 25 25 7
8607 23 23 7
8608 19 18 6
8609 40 39 11
8610 15 14 4
8611 24 23 9
8612 21 20 6
8613 30 30 8
8614 40 40 12
8615 26 25 9
8616 21 20 6
8617 24 24 6
8618 24 24 4
8619 26 25 7
8620 15 15 7
8621 19 19 7
8622 31 30 6
8623 18 18 4
8624 36 35 9
8625 25 25 7
8626 37 36 14
8627 20 20 6
8628 32 31 13
8629 25 25 7
8630 15 15 5
8631 17 17 5
8632 25 24 10
8633 52 51 11
8634 41 41 9
8635 33 33 9
8636 35 34 12
8637 40 39 11
8638 33 33 9
8639 23 23 9
8640 19 19 7
8641 29 28 10
8642 28 28 6
8643 36 36 12
8644 18 17 5
8645 17 17 5
8646 33 32 10
8647 20 20 8
8648 28 28 6
8649 16 16 6
8650 24 24 4
8651 32 31 7
8652 21 20 6
8653 22 22 6
8654 32 32 12
8655 34 34 10
8656 22 22 10
8657 20 20 8
8658 22 22 10
8659 28 28 8
8660 32 32 6
8661 22 21 7
8662 33 32 8
8663 18 18 8
8664 16 16 4
8665 28 27 7
8666 23 23 5
8667 29 28 6
8668 28 28 6
8669 18 17 5
8670 17 16 4
8671 22 21 7
8672 19 18 6
8673 32 31 11
8674 17 16 6
8675 20 20 6
8676 34 33 9
8677 15 15 5
8678 25 25 7
8679 15 14 6
8680 16 16 6
8681 14 14 6
8682 24 23 7
8683 21 20 6
8684 22 22 4
8685 22 21 5
8686 21 21 5
8687 27 26 6
8688 16 16 6
8689 16 16 6
8690 18 18 6
8691 16 16 6
8692 16 16 4
8693 18 17 5
8694 17 17 5
8695 33 32 6
8696 22 22 6
8697 24 23 5
8698 17 16 4
8699 18 17 5
8700 21 20 6
8701 22 22 8
8702 16 16 4
8703 18 17 5
8704 17 16 4
8705 24 23 5
8706 21 21 7
8707 23 22 6
8708 20 20 4
8709 22 21 5
8710 25 25 5
8711 15 15 5
8712 17 17 5
8713 33 33 5
8714 19 19 5
8715 17 17 5
8716 21 20 6
8717 22 21 5
8718 17 16 6
8719 16 16 6
8720 22 21 5
8721 21 20 6
8722 12 12 4
8723 32 31 7
8724 21 20 6
8725 22 21 5
8726 31 30 6
8727 16 16 6
8728 18 18 6
8729 18 17 7
8730 15 14 4
8731 32 31 7
8732 7 6 5
8733 15 14 6
8734 22 22 6
8735 16 16 4
8736 16 15 5
8737 19 19 5
8738 23 22 6
8739 34 33 9
8740 15 14 4
8741 20 19 5
8742 17 16 6
8743 10 9 5
8744 17 16 4
8745 20 19 5
8746 9 9 5
8747 15 15 5
8748 21 20 6
8749 20 19 5
8750 11 11 5
8751 27 26 6
8752 20 20 6
8753 12 12 4
8754 16 15 5
8755 23 23 5
8756 17 17 5
8757 17 17 7
8758 15 14 4
8759 18 17 7
8760 19 18 6
8761 16 15 5
8762 15 15 5
8763 17 16 8
8764 16 16 6
8765 16 16 4
8766 12 11 5
8767 13 12 6
8768 22 22 6
8769 16 16 8
8770 12 12 4
8771 12 11 5
8772 15 15 5
8773 15 15 5
8774 23 22 8
8775 16 16 4
8776 14 13 5
8777 15 14 6
8778 14 13 5
8779 11 10 6
8780 16 15 5
8781 23 23 5
8782 9 9 5
8783 13 12 6
8784 28 28 6
8785 24 24 6
8786 14 14 6
8787 10 9 5
8788 19 19 5
8789 25 25 9
8790 15 15 5
8791 21 20 4
8792 18 17 5
8793 13 12 4
8794 16 15 7
8795 9 8 4
8796 20 19 5
8797 17 17 7
8798 17 16 6
8799 10 10 4
8800 10 9 5
8801 13 12 6
8802 10 9 5
8803 19 19 5
8804 17 16 4
8805 18 17 7
8806 15 14 6
8807 26 26 6
8808 16 15 5
8809 13 13 5
8810 15 14 4
8811 22 21 5
8812 13 13 5
8813 11 10 4
8814 16 15 5
8815 11 10 6
8816 12 12 6
8817 12 12 6
8818 8 8 4
8819 14 13 5
8820 15 15 5
8821 15 15 5
8822 13 13 5
8823 11 10 4
8824 12 11 5
8825 15 14 6
8826 12 12 4
8827 14 13 5
8828 7 6 5
8829 17 16 6
8830 20 20 6
8831 16 16 6
8832 16 15 5
8833 11 11 5
8834 11 10 4
8835 28 27 5
8836 11 11 5
8837 15 14 4
8838 16 15 7
8839 11 10 4
8840 10 9 5
8841 21 20 4
8842 18 17 7
8843 11 10 4
8844 12 11 5
8845 33 32 6
8846 16 15 5
8847 13 12 6
8848 24 23 5
8849 13 13 5
8850 17 17 5
8851 9 9 5
8852 15 15 5
8853 13 13 5
8854 15 15 5
8855 15 14 6
8856 6 6 6
8857 15 15 5
8858 9 9 5
8859 29 28 6
8860 12 11 5
8861 13 13 5
8862 21 20 4
8863 22 21 7
8864 17 16 8
8865 22 22 6
8866 30 30 6
8867 34 33 5
8868 37 36 6
8869 20 20 6
8870 24 23 5
8871 21 21 7
8872 31 30 6
8873 34 34 6
8874 22 21 5
8875 27 26 6
8876 30 30 6
8877 38 37 7
8878 19 18 6
8879 26 26 6
8880 22 21 5
8881 27 26 6
8882 34 34 4
8883 18 17 5
8884 15 15 5
8885 27 26 6
8886 36 35 9
8887 21 20 6
8888 38 37 7
8889 27 26 6
8890 24 23 5
8891 37 37 5
8892 21 21 5
8893 27 27 5
8894 37 36 6
8895 12 11 5
8896 23 22 6
8897 26 25 5
8898 29 29 5
8899 41 40 8
8900 30 30 8
8901 26 26 8
8902 16 16 4
8903 34 33 7
8904 29 28 4
8905 20 19 5
8906 23 23 5
8907 49 48 10
8908 24 24 6
8909 36 36 8
8910 20 19 5
8911 19 19 7
8912 39 38 12
8913 22 21 5
8914 27 27 7
8915 35 35 11
8916 25 25 5
8917 33 33 9
8918 17 16 4
8919 28 27 7
8920 31 31 5
8921 19 19 7
8922 41 41 9
8923 27 27 5
8924 41 41 7
8925 27 27 7
8926 33 33 7
8927 31 31 9
8928 37 36 8
8929 36 36 8
8930 32 32 8
8931 20 19 5
8932 39 38 10
8933 28 28 6
8934 42 42 6
8935 22 22 6
8936 30 30 6
8937 36 36 6
8938 24 24 8
8939 32 32 6
8940 32 32 10
8941 32 32 6
8942 28 28 6
8943 14 13 5
8944 23 22 4
8945 30 29 9
8946 25 25 5
8947 19 18 4
8948 34 33 7
8949 29 29 5
8950 29 29 5
8951 27 27 7
8952 19 18 6
8953 20 20 6
8954 30 30 6
8955 28 28 6
8956 14 13 5
8957 23 22 6
8958 18 18 4
8959 34 33 7
8960 23 22 6
8961 20 20 6
8962 24 24 4
8963 22 21 7
8964 21 20 6
8965 20 20 6
8966 24 24 8
8967 16 16 4
8968 20 19 7
8969 13 12 4
8970 18 17 5
8971 19 19 5
8972 19 19 5
8973 27 27 5
8974 13 12 4
8975 24 23 7
8976 15 14 4
8977 18 17 5
8978 11 10 4
8979 16 15 5
8980 15 14 6
8981 14 13 5
8982 19 18 6
8983 8 8 4
8984 10 9 5
8985 11 11 5
8986 19 18 6
8987 14 14 4
8988 12 11 5
8989 23 22 6
8990 12 11 5
8991 29 28 6
8992 22 22 6
8993 20 20 4
8994 26 25 5
8995 13 13 5
8996 27 26 6
8997 10 10 4
8998 24 23 5
8999 19 18 6
9000 14 14 4
9001 14 13 5
9002 13 13 5
9003 15 15 5
9004 7 7 7
9005 8 8 4
9006 14 13 5
9007 17 16 4
9008 18 17 7
9009 15 14 6
9010 14 14 4
9011 16 15 5
9012 17 17 5
9013 13 13 5
9014 17 17 5
9015 13 13 5
9016 31 31 9
9017 13 12 4
9018 12 11 5
9019 17 17 5
9020 11 10 6
9021 10 9 5
9022 13 12 4
9023 14 13 7
9024 11 10 4
9025 12 11 5
9026 11 11 5
9027 9 9 5
9028 11 11 5
9029 13 13 5
9030 17 16 6
9031 14 13 5
9032 19 19 7
9033 15 14 6
9034 14 14 6
9035 14 14 6
9036 10 10 4
9037 12 11 5
9038 15 14 6
9039 18 18 6
9040 18 18 6
9041 20 19 7
9042 15 14 6
9043 14 13 5
9044 5 5 5
9045 18 17 7
9046 11 10 4
9047 14 13 5
9048 9 9 5
9049 9 9 5
9050 9 9 5
9051 15 14 8
9052 16 15 5
9053 21 20 6
9054 14 13 5
9055 17 16 6
9056 12 12 6
9057 18 17 5
9058 13 13 7
9059 11 10 4
9060 10 9 5
9061 11 10 4
9062 10 9 5
9063 19 18 6
9064 12 11 5
9065 13 12 6
9066 16 16 6
9067 20 20 6
9068 10 9 5
9069 7 7 7
9070 10 10 4
9071 12 11 5
9072 15 14 4
9073 22 21 9
9074 11 10 4
9075 18 17 5
9076 15 15 7
9077 13 13 5
9078 11 10 4
9079 12 11 5
9080 13 13 5
9081 11 10 6
9082 8 8 8
9083 11 10 4
9084 12 11 5
9085 13 12 6
9086 14 14 6
9087 14 14 6
9088 8 8 4
9089 28 27 9
9090 15 14 4
9091 18 17 5
9092 19 18 6
9093 16 15 5
9094 17 16 6
9095 14 14 6
9096 18 18 6
9097 16 16 6
9098 12 11 5
9099 9 8 4
9100 16 15 5
9101 21 20 6
9102 18 18 6
9103 10 10 4
9104 10 9 5
9105 19 18 6
9106 14 14 6
9107 10 10 4
9108 14 13 5
9109 15 14 6
9110 8 8 4
9111 10 9 5
9112 13 13 5
9113 9 9 5
9114 17 16 6
9115 14 13 5
9116 13 13 5
9117 13 12 4
9118 12 11 5
9119 13 12 4
9120 10 9 5
9121 15 15 7
9122 15 14 4
9123 14 13 7
9124 11 11 5
9125 9 9 5
9126 9 8 4
9127 12 11 5
9128 21 21 5
9129 17 16 4
9130 16 15 5
9131 17 17 5
9132 9 9 5
9133 19 18 4
9134 14 13 5
9135 15 14 4
9136 14 13 7
9137 9 8 4
9138 10 9 5
9139 11 10 6
9140 8 8 4
9141 10 9 5
9142 7 7 7
9143 14 14 6
9144 18 18 6
9145 18 18 6
9146 18 18 8
9147 16 16 4
9148 14 13 5
9149 9 8 7
9150 15 14 4
9151 10 9 5
9152 13 12 6
9153 10 10 4
9154 18 17 5
9155 9 9 5
9156 9 9 5
9157 15 15 5
9158 11 10 6
9159 8 7 6
9160 6 6 6
9161 15 14 6
9162 18 18 6
9163 12 12 6
9164 14 14 4
9165 16 15 5
9166 17 17 5
9167 13 13 5
9168 15 14 4
9169 16 15 7
9170 25 24 6
9171 12 12 4
9172 20 19 5
9173 21 21 5
9174 21 20 6
9175 36 36 6
9176 14 13 5
9177 13 12 4
9178 22 21 7
9179 17 16 6
9180 18 17 5
9181 25 25 7
9182 11 10 4
9183 14 13 5
9184 17 17 5
9185 15 15 5
9186 15 14 4
9187 16 15 5
9188 19 18 6
9189 18 18 4
9190 32 31 7
9191 27 26 6
9192 26 26 6
9193 32 32 4
9194 40 39 7
9195 35 35 5
9196 39 39 7
9197 33 32 6
9198 24 24 4
9199 38 37 7
9200 23 23 5
9201 37 37 9
9202 25 24 6
9203 28 27 5
9204 19 19 5
9205 27 27 7
9206 25 24 6
9207 32 32 6
9208 30 30 8
9209 14 14 4
9210 32 31 5
9211 25 24 6
9212 20 19 5
9213 25 24 6
9214 22 22 6
9215 30 29 7
9216 27 27 7
9217 23 22 6
9218 12 12 6
9219 28 27 7
9220 19 18 6
9221 16 16 6
9222 22 22 6
9223 24 24 6
9224 26 26 8
9225 12 12 6
9226 18 18 6
9227 18 17 5
9228 17 16 6
9229 22 22 6
9230 14 14 6
9231 14 14 4
9232 22 21 7
9233 19 18 6
9234 14 14 6
9235 18 18 4
9236 18 17 5
9237 15 15 5
9238 15 15 5
9239 15 15 5
9240 15 15 7
9241 15 14 4
9242 14 13 5
9243 15 14 6
9244 24 24 6
9245 12 12 4
9246 10 9 5
9247 13 13 5
9248 13 12 6
9249 24 24 6
9250 24 23 7
9251 15 14 4
9252 12 11 5
9253 23 22 6
9254 14 14 6
9255 8 8 4
9256 18 17 5
9257 17 17 7
9258 17 16 4
9259 14 13 5
9260 19 19 5
9261 11 11 5
9262 17 16 6
9263 22 22 4
9264 24 23 5
9265 19 18 6
9266 24 24 6
9267 32 32 6
9268 18 18 4
9269 30 29 7
9270 29 29 5
9271 19 18 4
9272 30 29 7
9273 31 30 10
9274 28 27 7
9275 19 19 5
9276 31 30 8
9277 18 18 4
9278 32 31 5
9279 19 18 6
9280 28 27 5
9281 19 19 5
9282 21 21 5
9283 31 30 8
9284 16 16 4
9285 22 21 5
9286 25 25 5
9287 17 17 5
9288 19 18 4
9289 40 39 5
9290 29 29 9
9291 23 22 6
9292 18 18 4
9293 20 19 5
9294 21 20 6
9295 14 14 6
9296 24 24 8
9297 18 18 4
9298 32 31 9
9299 21 20 6
9300 34 34 6
9301 26 26 6
9302 12 11 5
9303 25 24 6
9304 26 26 4
9305 26 25 7
9306 31 30 8
9307 22 21 7
9308 17 16 4
9309 14 13 5
9310 19 19 5
9311 15 14 6
9312 16 16 4
9313 22 21 5
9314 19 18 6
9315 10 9 5
9316 13 12 4
9317 26 25 7
9318 19 18 4
9319 18 17 5
9320 17 16 6
9321 22 22 6
9322 16 16 6
9323 16 16 6
9324 20 20 8
9325 14 14 4
9326 22 21 5
9327 15 14 4
9328 24 23 5
9329 21 21 5
9330 19 19 5
9331 11 11 5
9332 23 22 4
9333 18 17 5
9334 21 21 5
9335 25 25 5
9336 21 20 6
9337 14 14 6
9338 28 28 6
9339 18 17 7
9340 19 18 4
9341 20 19 5
9342 15 14 4
9343 16 15 5
9344 9 9 5
9345 11 11 5
9346 21 20 6
9347 26 25 7
9348 19 18 4
9349 14 13 5
9350 21 21 7
9351 17 16 6
9352 14 14 4
9353 14 13 7
9354 19 18 6
9355 16 16 6
9356 14 13 5
9357 11 11 5
9358 11 10 6
9359 10 10 6
9360 28 27 5
9361 13 13 5
9362 15 14 4
9363 12 11 5
9364 17 16 6
9365 14 14 4
9366 18 17 5
9367 21 20 6
9368 14 13 5
9369 17 17 5
9370 15 14 4
9371 20 19 7
9372 15 14 6
9373 18 17 5
9374 17 16 6
9375 12 12 6
9376 12 12 4
9377 12 11 5
9378 25 24 6
9379 10 10 4
9380 10 9 5
9381 13 12 6
9382 10 9 5
9383 19 19 7
9384 21 20 6
9385 16 16 4
9386 6 5 4
9387 10 9 5
9388 13 12 6
9389 14 14 6
9390 10 10 4
9391 10 9 5
9392 17 16 6
9393 18 18 4
9394 18 17 7
9395 15 14 4
9396 18 17 7
9397 15 14 6
9398 6 6 6
9399 15 14 4
9400 8 7 6
9401 12 12 6
9402 12 12 4
9403 14 13 5
9404 9 9 5
9405 11 11 7
9406 17 16 6
9407 16 16 6
9408 10 9 5
9409 9 8 4
9410 8 7 6
9411 10 10 4
9412 10 9 5
9413 5 5 5
9414 16 15 5
9415 9 9 5
9416 13 12 6
9417 14 14 6
9418 20 19 5
9419 17 16 6
9420 16 16 6
9421 12 12 6
9422 12 12 6
9423 14 14 6
9424 22 21 5
9425 9 8 4
9426 14 13 5
9427 25 25 7
9428 17 16 6
9429 14 14 6
9430 20 20 6
9431 16 15 7
9432 17 16 4
9433 10 9 5
9434 13 12 4
9435 16 15 5
9436 17 16 6
9437 12 12 4
9438 10 9 5
9439 11 11 5
9440 15 14 6
9441 12 11 5
9442 11 10 6
9443 6 6 6
9444 7 6 5
9445 21 20 4
9446 12 11 5
9447 11 10 4
9448 22 21 7
9449 15 14 4
9450 10 9 5
9451 17 16 4
9452 20 19 5
9453 9 8 4
9454 6 5 4
9455 10 9 5
9456 19 18 6
9457 16 15 5
9458 11 11 5
9459 11 10 6
9460 16 16 6
9461 10 10 4
9462 12 11 5
9463 19 19 5
9464 19 18 6
9465 16 16 4
9466 14 13 5
9467 13 13 5
9468 9 8 4
9469 16 15 5
9470 11 10 4
9471 12 11 5
9472 7 6 5
9473 13 12 4
9474 16 15 5
9475 19 18 4
9476 12 11 5
9477 15 14 6
9478 8 8 4
9479 14 13 5
9480 15 14 4
9481 22 21 5
9482 17 17 5
9483 17 16 4
9484 16 15 7
9485 13 12 4
9486 20 19 5
9487 17 16 6
9488 12 11 5
9489 7 6 5
9490 13 12 6
9491 14 14 4
9492 20 19 5
9493 11 10 6
9494 16 16 4
9495 14 13 5
9496 15 15 5
9497 9 9 5
9498 27 26 6
9499 18 18 4
9500 14 13 5
9501 13 12 4
9502 16 15 7
9503 21 20 6
9504 14 14 6
9505 20 20 6
9506 26 25 5
9507 21 20 6
9508 28 28 4
9509 34 33 7
9510 11 10 6
9511 14 14 4
9512 18 17 5
9513 19 19 5
9514 11 11 5
9515 19 18 4
9516 10 9 5
9517 21 20 8
9518 8 8 4
9519 26 25 5
9520 23 22 6
9521 16 15 5
9522 25 25 7
9523 11 11 5
9524 19 18 4
9525 14 13 5
9526 19 18 6
9527 20 19 5
9528 19 18 4
9529 20 19 5
9530 11 11 5
9531 17 16 6
9532 16 16 6
9533 16 16 4
9534 14 13 5
9535 11 11 5
9536 11 10 4
9537 22 21 5
9538 17 17 5
9539 21 21 5
9540 29 29 7
9541 25 24 6
9542 30 30 4
9543 28 27 7
9544 27 27 5
9545 21 21 5
9546 17 16 4
9547 24 23 5
9548 35 35 5
9549 17 17 5
9550 19 18 6
9551 26 26 8
9552 12 12 4
9553 28 27 7
9554 27 26 4
9555 32 31 7
9556 33 33 9
9557 23 22 6
9558 28 27 5
9559 35 35 7
9560 17 17 5
9561 17 17 5
9562 21 21 7
9563 21 20 4
9564 14 13 5
9565 17 16 6
9566 20 20 6
9567 30 30 8
9568 22 22 6
9569 20 20 6
9570 20 19 7
9571 9 8 4
9572 20 19 5
9573 15 14 6
9574 26 26 4
9575 14 13 5
9576 29 29 9
9577 31 31 11
9578 25 25 7
9579 21 20 6
9580 22 22 6
9581 22 22 6
9582 22 21 5
9583 17 17 5
9584 25 24 6
9585 26 25 7
9586 35 34 8
9587 24 24 8
9588 22 22 4
9589 22 21 5
9590 17 17 5
9591 19 19 5
9592 17 16 4
9593 22 21 5
9594 25 25 7
9595 29 28 6
9596 32 31 7
9597 35 34 6
9598 24 23 5
9599 25 24 4
9600 26 25 5
9601 19 18 8
9602 22 22 6
9603 18 18 4
9604 18 17 5
9605 23 23 5
9606 17 17 5
9607 19 18 4
9608 34 33 9
9609 21 20 4
9610 22 21 5
9611 9 9 5
9612 11 11 5
9613 23 22 6
9614 18 18 6
9615 16 16 4
9616 16 15 7
9617 23 22 6
9618 28 28 8
9619 22 22 6
9620 14 14 4
9621 12 11 5
9622 13 12 6
9623 18 18 6
9624 18 17 5
9625 9 8 4
9626 10 9 5
9627 9 9 5
9628 13 12 6
9629 18 18 6
9630 20 19 5
9631 17 17 7
9632 13 13 5
9633 15 14 6
9634 14 14 6
9635 24 24 8
9636 16 15 5
9637 19 18 8
9638 12 12 4
9639 18 17 5
9640 9 9 5
9641 15 14 4
9642 10 9 5
9643 11 11 5
9644 17 16 4
9645 18 17 5
9646 11 11 5
9647 13 12 6
9648 30 29 5
9649 21 20 4
9650 24 23 5
9651 19 19 5
9652 19 19 5
9653 31 30 4
9654 16 15 5
9655 33 32 6
9656 20 19 7
9657 37 36 8
9658 18 17 5
9659 27 27 5
9660 21 21 5
9661 21 21 7
9662 25 25 5
9663 31 31 9
9664 21 21 7
9665 25 25 5
9666 27 26 8
9667 18 18 6
9668 16 16 6
9669 16 16 6
9670 22 21 7
9671 21 21 7
9672 21 20 4
9673 18 17 5
9674 11 11 5
9675 21 20 4
9676 20 19 5
9677 15 15 5
9678 21 21 5
9679 19 18 6
9680 16 15 5
9681 15 14 4
9682 36 35 9
9683 19 18 6
9684 14 13 5
9685 17 16 4
9686 10 9 5
9687 23 22 8
9688 14 13 5
9689 23 23 5
9690 23 22 6
9691 30 30 6
9692 16 16 6
9693 20 20 6
9694 24 24 6
9695 32 32 6
9696 22 22 8
9697 18 18 6
9698 16 16 4
9699 22 21 5
9700 25 25 5
9701 27 26 8
9702 24 23 7
9703 19 19 7
9704 11 11 5
9705 25 24 10
9706 20 20 8
9707 12 12 4
9708 12 11 5
9709 5 5 5
9710 12 11 5
9711 17 16 6
9712 12 11 5
9713 23 22 6
9714 8 7 6
9715 6 6 6
9716 13 12 4
9717 20 19 5
9718 23 23 5
9719 17 17 5
9720 17 17 5
9721 17 16 6
9722 12 12 4
9723 12 11 5
9724 11 11 5
9725 5 5 5
9726 10 9 5
9727 11 11 5
9728 13 13 5
9729 5 5 5
9730 12 11 7
9731 13 12 6
9732 10 10 4
9733 8 7 6
9734 10 10 4
9735 12 11 5
9736 11 10 6
9737 12 11 5
9738 11 11 7
9739 7 6 5
9740 15 14 6
9741 16 16 8
9742 20 20 6
9743 14 13 5
9744 13 12 6
9745 12 12 6
9746 12 12 6
9747 16 16 6
9748 12 12 4
9749 14 13 5
9750 13 12 4
9751 8 7 6
9752 6 6 6
9753 23 22 8
9754 6 6 6
9755 13 12 4
9756 14 13 5
9757 19 18 6
9758 12 12 4
9759 6 5 4
9760 12 11 5
9761 9 9 5
9762 5 5 5
9763 12 11 5
9764 17 17 7
9765 19 19 7
9766 17 16 6
9767 10 10 6
9768 6 6 6
9769 11 11 5
9770 21 20 6
9771 14 14 4
9772 14 13 5
9773 11 11 5
9774 11 11 5
9775 7 6 5
9776 9 9 5
9777 7 6 5
9778 7 6 5
9779 9 9 5
9780 11 10 6
9781 20 20 8
9782 10 9 5
9783 15 14 4
9784 14 13 7
9785 9 9 5
9786 11 10 4
9787 10 9 5
9788 11 11 5
9789 13 13 5
9790 11 11 5
9791 9 8 4
9792 10 9 5
9793 13 12 6
9794 6 6 6
9795 9 9 5
9796 13 12 6
9797 6 6 6
9798 11 11 5
9799 13 13 5
9800 13 13 5
9801 17 17 5
9802 9 9 5
9803 9 9 5
9804 13 12 8
9805 10 10 6
9806 8 8 4
9807 12 11 5
9808 11 10 4
9809 14 13 5
9810 19 18 8
9811 16 16 6
9812 6 6 6
9813 13 12 4
9814 10 9 5
9815 11 10 4
9816 8 7 6
9817 14 13 5
9818 15 14 6
9819 12 11 5
9820 9 9 5
9821 13 13 5
9822 13 13 5
9823 13 12 6
9824 30 30 6
9825 22 21 7
9826 27 27 5
9827 11 11 7
9828 13 12 4
9829 16 15 7
9830 13 12 4
9831 10 9 5
9832 15 14 6
9833 18 17 5
9834 9 9 5
9835 9 8 4
9836 10 9 5
9837 9 9 5
9838 7 6 5
9839 11 11 5
9840 5 5 5
9841 18 17 5
9842 11 11 5
9843 15 14 6
9844 6 6 6
9845 21 20 6
9846 20 20 6
9847 22 22 4
9848 30 29 5
9849 17 17 5
9850 17 17 5
9851 13 12 4
9852 14 13 5
9853 15 14 6
9854 16 16 6
9855 18 18 6
9856 20 19 5
9857 17 17 5
9858 15 15 5
9859 27 27 5
9860 17 16 4
9861 20 19 5
9862 9 9 5
9863 13 12 4
9864 22 21 5
9865 11 11 5
9866 15 14 4
9867 32 31 5
9868 25 25 5
9869 19 18 6
9870 18 17 5
9871 19 18 6
9872 18 18 8
9873 26 26 4
9874 24 23 5
9875 29 28 6
9876 26 25 5
9877 19 18 4
9878 16 15 5
9879 33 32 6
9880 26 26 6
9881 20 20 6
9882 20 20 4
9883 28 27 7
9884 15 14 6
9885 14 14 4
9886 18 17 5
9887 23 22 6
9888 12 12 4
9889 20 19 5
9890 19 18 6
9891 28 28 6
9892 26 26 6
9893 16 15 5
9894 21 20 6
9895 12 12 4
9896 24 23 5
9897 29 29 5
9898 25 24 6
9899 26 25 5
9900 23 23 5
9901 25 24 8
9902 22 22 4
9903 16 15 5
9904 27 27 5
9905 25 25 7
9906 19 19 5
9907 29 28 6
9908 30 30 6
9909 26 25 9
9910 35 34 8
9911 16 16 6
9912 26 26 4
9913 30 29 7
9914 41 40 8
9915 32 32 6
9916 30 29 9
9917 23 22 6
9918 26 26 10
9919 22 21 5
9920 27 27 5
9921 19 18 4
9922 24 23 7
9923 15 15 5
9924 25 25 5
9925 17 17 5
9926 27 26 6
9927 16 16 4
9928 20 19 5
9929 11 10 4
9930 14 13 5
9931 15 14 4
9932 20 19 5
9933 17 17 5
9934 17 16 4
9935 28 27 7
9936 19 18 4
9937 22 21 7
9938 21 20 6
9939 14 14 6
9940 14 14 6
9941 16 16 4
9942 16 15 5
9943 17 17 5
9944 19 19 5
9945 9 9 5
9946 9 8 4
9947 18 17 5
9948 15 14 6
9949 8 8 4
9950 18 17 5
9951 9 9 5
9952 13 12 4
9953 18 17 5
9954 17 17 5
9955 11 10 4
9956 14 13 5
9957 9 9 5
9958 13 12 4
9959 14 13 5
9960 9 8 4
9961 12 11 5
9962 11 11 5
9963 17 17 5
9964 19 18 6
9965 18 18 6
9966 10 9 5
9967 21 20 6
9968 16 16 6
9969 10 10 4
9970 14 13 7
9971 7 6 5
9972 13 12 4
9973 12 11 5
9974 17 16 6
9975 24 23 7
9976 13 12 4
9977 14 13 5
9978 13 13 5
9979 7 6 5
9980 15 14 6
9981 14 14 4
9982 28 27 5
9983 15 15 5
9984 25 24 6
9985 16 16 4
9986 18 17 5
9987 11 10 4
9988 10 9 5
9989 13 12 6
9990 16 16 4
9991 14 13 7
9992 11 10 6
9993 10 10 6
9994 14 14 6
9995 12 12 4
9996 12 11 5
9997 15 14 4
9998 14 13 7
9999 11 10 4
10000 8 7 6
10001 12 12 4
10002 12 11 5
10003 17 17 7
10004 13 12 6
10005 10 10 4
10006 14 13 5
10007 11 11 5
10008 15 15 7
10009 11 10 4
10010 12 11 5
10011 9 9 5
10012 19 19 5
10013 9 9 5
10014 35 34 8
10015 10 10 6
10016 8 8 4
10017 22 21 7
10018 9 8 7
10019 11 10 4
10020 16 15 7
10021 19 18 6
10022 12 12 4
10023 20 19 5
10024 13 13 5
10025 9 8 4
10026 10 9 5
10027 11 10 4
10028 26 25 9
10029 15 14 6
10030 10 10 6
10031 22 22 6
10032 8 8 4
10033 16 15 5
10034 5 5 5
10035 10 9 5
10036 13 12 6
10037 14 14 6
10038 18 17 5
10039 11 10 4
10040 18 17 5
10041 21 20 4
10042 12 11 5
10043 11 10 4
10044 16 15 5
10045 9 9 5
10046 7 6 5
10047 11 10 4
10048 12 11 7
10049 11 10 4
10050 10 9 5
10051 7 6 5
10052 13 12 6
10053 14 14 6
10054 14 14 6
10055 12 11 5
10056 17 16 6
10057 12 11 5
10058 15 14 6
10059 18 18 6
10060 14 14 4
10061 14 13 5
10062 11 11 5
10063 23 23 5
10064 23 22 6
10065 18 17 5
10066 15 14 4
10067 14 13 5
10068 21 20 8
10069 16 16 4
10070 14 13 5
10071 17 17 7
10072 21 20 6
10073 10 9 5
10074 15 14 6
10075 14 14 4
10076 14 13 5
10077 23 22 6
10078 24 24 6
10079 14 13 5
10080 15 15 5
10081 15 15 5
10082 35 34 6
10083 22 21 5
10084 29 28 6
10085 16 16 4
10086 22 21 5
10087 15 15 5
10088 17 17 5
10089 17 16 6
10090 20 20 6
10091 14 13 5
10092 17 17 7
10093 19 18 6
10094 22 22 6
10095 26 25 7
10096 17 16 6
10097 30 30 8
10098 14 14 6
10099 26 25 7
10100 27 26 8
10101 16 15 5
10102 21 20 8
10103 16 15 7
10104 19 19 7
10105 5 5 5
10106 20 19 5
10107 27 27 7
10108 23 22 6
10109 24 23 7
10110 25 24 6
10111 20 19 5
10112 17 16 4
10113 22 21 5
10114 17 17 5
10115 39 38 10
10116 22 22 4
10117 16 15 5
10118 17 17 7
10119 17 16 6
10120 12 12 4
10121 20 19 5
10122 21 21 5
10123 13 13 5
10124 27 26 6
10125 22 21 7
10126 17 17 5
10127 17 17 5
10128 19 19 5
10129 13 12 4
10130 20 19 5
10131 13 13 5
10132 17 16 6
10133 12 12 6
10134 18 18 6
10135 22 22 6
10136 18 18 6
10137 12 12 6
10138 14 14 4
10139 24 23 5
10140 15 15 5
10141 23 23 7
10142 19 18 4
10143 26 25 5
10144 25 24 6
10145 36 36 6
10146 34 34 6
10147 24 23 5
10148 29 28 4
10149 26 25 7
10150 15 14 6
10151 12 12 4
10152 18 17 5
10153 15 14 4
10154 14 13 5
10155 21 21 5
10156 19 19 5
10157 17 17 5
10158 21 20 6
10159 20 20 6
10160 18 17 5
10161 29 29 7
10162 25 25 9
10163 29 29 9
10164 23 22 10
10165 22 22 6
10166 30 29 5
10167 23 23 5
10168 21 21 7
10169 39 38 12
10170 32 32 10
10171 20 20 6
10172 24 24 6
10173 16 16 4
10174 28 27 9
10175 15 15 5
10176 39 39 13
10177 25 25 7
10178 27 26 6
10179 18 17 7
10180 13 13 5
10181 29 29 7
10182 25 25 9
10183 27 27 7
10184 15 15 7
10185 21 20 8
10186 34 34 14
10187 20 20 6
10188 28 28 10
10189 26 26 8
10190 26 26 10
10191 26 26 10
10192 30 29 11
10193 23 23 5
10194 35 34 10
10195 24 23 7
10196 29 29 7
10197 31 30 10
10198 24 24 6
10199 36 36 14
10200 26 25 9
10201 23 22 6
10202 32 31 9
10203 17 16 4
10204 48 47 19
10205 23 22 6
10206 16 15 5
10207 21 20 10
10208 10 9 5
10209 31 30 6
10210 26 26 8
10211 34 33 13
10212 19 18 6
10213 38 38 6
10214 12 11 5
10215 25 24 6
10216 14 14 6
10217 26 26 6
10218 22 21 5
10219 19 19 5
10220 25 24 6
10221 18 17 5
10222 21 20 6
10223 12 11 5
10224 13 13 5
10225 17 16 6
10226 18 17 5
10227 29 28 6
10228 28 27 5
10229 23 22 4
10230 12 11 5
10231 13 12 4
10232 16 15 5
10233 17 17 5
10234 17 16 6
10235 20 20 4
10236 20 19 5
10237 23 22 6
10238 12 12 6
10239 12 12 4
10240 18 17 5
10241 15 14 6
10242 14 14 6
10243 8 8 4
10244 24 23 9
10245 21 20 6
10246 26 26 8
10247 8 8 4
10248 24 23 7
10249 19 18 4
10250 28 27 5
10251 21 21 7
10252 23 22 6
10253 22 21 5
10254 27 26 6
10255 18 18 4
10256 12 11 5
10257 25 25 7
10258 29 28 6
10259 16 16 4
10260 16 15 5
10261 33 32 6
10262 34 34 6
10263 16 15 5
10264 27 27 7
10265 25 25 7
10266 23 22 6
10267 14 13 5
10268 27 27 5
10269 39 38 10
10270 32 32 8
10271 28 28 6
10272 22 22 6
10273 22 21 7
10274 25 24 6
10275 24 23 5
10276 35 34 6
10277 32 31 5
10278 19 19 5
10279 31 31 7
10280 17 17 7
10281 25 24 6
10282 28 28 6
10283 18 18 6
10284 20 20 6
10285 10 10 4
10286 18 17 7
10287 21 20 4
10288 30 29 5
10289 17 17 5
10290 21 21 5
10291 27 26 6
10292 22 22 6
10293 20 19 5
10294 23 22 4
10295 16 15 5
10296 19 19 5
10297 11 11 5
10298 13 13 5
10299 17 17 5
10300 11 11 5
10301 15 14 6
10302 12 12 6
10303 14 13 5
10304 15 15 5
10305 15 15 5
10306 15 15 5
10307 13 13 5
10308 9 9 5
10309 19 19 7
10310 9 8 4
10311 16 15 7
10312 15 14 4
10313 18 17 5
10314 19 18 6
10315 18 18 6
10316 12 12 6
10317 26 26 6
10318 12 11 5
10319 13 12 4
10320 14 13 7
10321 17 16 4
10322 22 21 5
10323 17 17 5
10324 11 11 5
10325 15 14 4
10326 12 11 5
10327 13 13 5
10328 9 9 5
10329 17 17 7
10330 11 10 4
10331 16 15 5
10332 11 10 6
10333 10 10 6
10334 18 18 4
10335 16 15 5
10336 17 16 6
10337 12 11 5
10338 13 13 5
10339 17 17 5
10340 13 12 4
10341 14 13 5
10342 15 15 5
10343 25 25 7
10344 13 13 5
10345 11 11 5
10346 13 13 5
10347 13 12 6
10348 18 17 5
10349 15 15 5
10350 19 18 6
10351 14 14 8
10352 8 8 4
10353 14 13 5
10354 13 12 4
10355 6 5 4
10356 18 17 5
10357 21 20 6
10358 12 12 6
10359 16 16 6
10360 10 10 6
10361 10 10 4
10362 14 13 5
10363 15 14 6
10364 16 15 5
10365 13 13 5
10366 11 11 5
10367 15 15 5
10368 7 6 5
10369 9 8 4
10370 14 13 5
10371 23 22 6
10372 16 15 7
10373 15 14 6
10374 22 22 6
10375 14 13 5
10376 9 9 5
10377 11 10 6
10378 10 10 4
10379 12 11 5
10380 21 21 7
10381 9 9 5
10382 11 10 6
10383 12 11 5
10384 11 10 4
10385 20 19 7
10386 13 12 6
10387 10 9 5
10388 25 24 8
10389 18 17 5
10390 5 5 5
10391 12 11 5
10392 19 18 8
10393 14 14 6
10394 12 12 4
10395 12 11 5
10396 15 14 6
10397 10 10 6
10398 10 9 5
10399 15 14 6
10400 10 9 5
10401 11 10 6
10402 16 16 8
10403 14 14 4
10404 12 11 5
10405 23 22 6
10406 14 14 6
10407 6 6 6
10408 11 10 6
10409 16 16 4
10410 14 13 5
10411 17 16 4
10412 16 15 5
10413 17 16 8
10414 8 8 4
10415 14 13 5
10416 13 12 6
10417 14 13 7
10418 11 10 4
10419 12 11 5
10420 17 16 8
10421 10 10 4
10422 12 11 5
10423 17 16 8
10424 16 16 4
10425 14 13 7
10426 11 11 5
10427 13 13 7
10428 11 10 4
10429 12 11 5
10430 13 13 5
10431 15 14 6
10432 16 16 8
10433 8 8 4
10434 14 13 5
10435 17 16 6
10436 8 8 4
10437 16 15 7
10438 11 10 6
10439 10 10 4
10440 14 13 5
10441 13 13 5
10442 17 16 4
10443 12 11 5
10444 13 12 6
10445 14 13 5
10446 21 20 6
10447 8 7 6
10448 8 8 4
10449 6 5 4
10450 14 13 7
10451 7 6 5
10452 7 6 5
10453 11 10 4
10454 22 21 7
10455 11 10 4
10456 14 13 7
10457 9 8 4
10458 8 7 6
10459 22 22 6
10460 12 12 6
10461 20 20 4
10462 18 17 5
10463 11 11 5
10464 11 11 5
10465 9 8 4
10466 12 11 5
10467 7 6 5
10468 11 10 4
10469 20 19 5
10470 17 16 6
10471 14 14 6
10472 12 11 5
10473 13 13 5
10474 9 8 4
10475 18 17 5
10476 19 19 5
10477 19 18 6
10478 16 15 5
10479 21 20 6
10480 22 22 6
10481 32 32 8
10482 20 20 6
10483 12 11 5
10484 29 28 8
10485 16 16 4
10486 18 17 5
10487 13 12 6
10488 14 14 6
10489 30 30 10
10490 16 16 6
10491 10 9 5
10492 19 18 6
10493 18 18 4
10494 26 25 9
10495 27 27 7
10496 33 32 6
10497 24 23 5
10498 37 36 6
10499 22 22 6
10500 26 26 6
10501 20 19 5
10502 13 12 4
10503 34 33 7
10504 17 16 4
10505 20 19 5
10506 21 21 5
10507 17 17 5
10508 11 10 4
10509 18 17 5
10510 17 17 5
10511 21 20 6
10512 32 32 6
10513 14 14 4
10514 24 23 7
10515 23 23 5
10516 11 11 5
10517 21 20 6
10518 22 22 4
10519 22 21 5
10520 15 14 6
10521 16 16 4
10522 28 27 7
10523 33 32 8
10524 10 10 4
10525 16 15 5
10526 15 14 6
10527 10 10 4
10528 32 31 13
10529 19 19 5
10530 17 16 4
10531 28 27 9
10532 23 22 6
10533 16 16 8
10534 28 28 10
10535 14 13 5
10536 17 17 5
10537 19 18 6
10538 14 14 6
10539 20 19 7
10540 19 18 6
10541 22 21 5
10542 19 18 6
10543 22 22 6
10544 36 35 11
10545 23 23 7
10546 21 20 6
10547 22 21 7
10548 19 18 8
10549 26 26 10
10550 16 15 5
10551 15 14 4
10552 22 21 7
10553 15 14 6
10554 14 14 6
10555 22 22 8
10556 14 14 6
10557 18 18 6
10558 32 31 13
10559 13 13 5
10560 17 16 6
10561 22 21 5
10562 23 22 6
10563 20 19 5
10564 29 29 5
10565 23 23 9
10566 21 20 6
10567 12 12 4
10568 10 9 5
10569 21 20 6
10570 14 14 6
10571 10 10 4
10572 12 11 5
10573 23 22 6
10574 14 13 5
10575 27 26 6
10576 22 22 4
10577 24 23 5
10578 19 18 6
10579 16 15 5
10580 19 18 6
10581 18 17 5
10582 15 14 6
10583 14 14 6
10584 18 18 4
10585 16 15 7
10586 11 10 4
10587 12 11 5
10588 11 10 6
10589 10 10 6
10590 8 8 4
10591 10 9 5
10592 13 13 7
10593 7 6 5
10594 11 10 4
10595 14 13 5
10596 15 14 6
10597 14 13 5
10598 13 13 7
10599 13 12 6
10600 6 5 4
10601 12 11 5
10602 17 17 5
10603 13 12 4
10604 10 9 5
10605 13 13 5
10606 11 11 7
10607 11 10 4
10608 14 13 5
10609 19 19 9
10610 17 16 6
10611 10 10 4
10612 24 23 7
10613 15 14 4
10614 12 11 5
10615 9 9 5
10616 13 12 6
10617 14 13 7
10618 13 12 4
10619 10 9 5
10620 21 20 10
10621 14 14 6
10622 14 13 5
10623 7 6 5
10624 11 11 5
10625 17 17 5
10626 15 15 5
10627 15 15 5
10628 11 10 6
10629 16 16 8
10630 14 14 6
10631 12 12 6
10632 10 9 5
10633 11 10 4
10634 18 17 7
10635 13 13 5
10636 13 13 5
10637 5 5 5
10638 8 7 6
10639 12 12 6
10640 12 11 5
10641 15 15 5
10642 9 8 4
10643 14 13 7
10644 9 9 5
10645 15 15 5
10646 29 28 6
10647 14 13 5
10648 11 11 5
10649 11 11 5
10650 13 12 6
10651 8 8 4
10652 14 13 7
10653 5 5 5
10654 6 5 4
10655 22 21 9
10656 9 8 4
10657 6 5 4
10658 14 13 7
10659 11 10 4
10660 18 17 7
10661 15 14 4
10662 16 15 5
10663 17 16 4
10664 6 5 4
10665 14 13 7
10666 15 14 4
10667 6 5 4
10668 12 11 5
10669 13 12 4
10670 12 11 5
10671 15 14 4
10672 6 5 4
10673 6 5 4
10674 8 7 6
10675 12 12 6
10676 12 12 4
10677 12 11 7
10678 11 10 4
10679 6 5 4
10680 8 7 6
10681 18 18 6
10682 8 8 4
10683 10 9 5
10684 11 11 5
10685 23 22 6
10686 14 13 5
10687 19 18 8
10688 12 12 6
10689 10 10 4
10690 12 11 7
10691 11 10 6
10692 8 8 4
10693 12 11 5
10694 9 9 5
10695 15 14 6
10696 10 9 5
10697 13 12 6
10698 8 8 4
10699 8 7 6
10700 10 10 6
10701 12 12 6
10702 16 16 6
10703 6 5 4
10704 10 9 5
10705 21 20 6
10706 6 6 6
10707 13 12 6
10708 6 6 6
10709 13 13 7
10710 11 10 4
10711 16 15 5
10712 15 14 6
10713 14 14 4
10714 14 13 5
10715 15 14 4
10716 14 13 5
10717 11 10 6
10718 16 16 6
10719 8 8 4
10720 12 11 5
10721 11 10 4
10722 24 23 7
10723 11 10 4
10724 12 11 5
10725 13 13 5
10726 13 12 6
10727 18 18 6
10728 10 10 4
10729 16 15 7
10730 11 10 4
10731 14 13 5
10732 5 5 5
10733 14 13 5
10734 13 13 5
10735 17 17 7
10736 11 10 6
10737 24 24 6
10738 6 5 4
10739 12 11 5
10740 17 16 6
10741 12 12 4
10742 6 5 4
10743 16 15 5
10744 15 14 4
10745 16 15 5
10746 5 5 5
10747 14 13 5
10748 11 10 4
10749 12 11 7
10750 11 10 4
10751 16 15 5
10752 13 13 5
10753 23 22 8
10754 6 6 6
10755 9 8 4
10756 6 5 4
10757 10 9 5
10758 11 10 6
10759 10 10 4
10760 14 13 5
10761 9 8 4
10762 8 7 6
10763 10 10 6
10764 12 12 6
10765 6 6 6
10766 9 9 5
10767 11 11 5
10768 15 14 6
10769 14 14 6
10770 20 20 6
10771 10 9 5
10772 13 12 4
10773 16 15 5
10774 9 8 4
10775 12 11 5
10776 11 10 4
10777 10 9 5
10778 13 13 5
10779 25 24 8
10780 6 6 6
10781 15 14 4
10782 12 11 5
10783 7 7 7
10784 10 10 4
10785 10 9 5
10786 11 11 5
10787 25 24 6
10788 14 13 5
10789 21 20 6
10790 16 16 6
10791 8 8 4
10792 10 9 5
10793 17 16 4
10794 16 15 5
10795 15 15 5
10796 15 15 5
10797 17 16 6
10798 14 14 4
10799 18 17 5
10800 17 17 5
10801 19 18 4
10802 18 17 5
10803 23 22 6
10804 24 24 6
10805 26 26 6
10806 20 20 6
10807 32 31 5
10808 37 36 8
10809 28 28 6
10810 32 31 9
10811 33 33 5
10812 25 24 6
10813 16 15 5
10814 21 20 6
10815 16 16 6
10816 40 40 6
10817 30 29 7
10818 39 38 6
10819 16 16 4
10820 16 15 5
10821 21 20 6
10822 18 17 5
10823 19 19 5
10824 19 19 5
10825 25 25 5
10826 29 28 6
10827 40 40 8
10828 16 16 6
10829 26 26 4
10830 24 23 7
10831 13 12 4
10832 14 13 5
10833 25 24 6
10834 24 23 7
10835 11 11 5
10836 21 20 6
10837 18 18 8
10838 24 24 6
10839 18 17 7
10840 21 20 8
10841 10 9 5
10842 21 21 7
10843 19 18 4
10844 28 27 5
10845 21 21 5
10846 17 17 7
10847 15 14 6
10848 10 10 4
10849 24 23 7
10850 11 10 6
10851 6 6 6
10852 19 18 6
10853 20 19 7
10854 11 10 4
10855 12 11 5
10856 11 11 5
10857 27 26 8
10858 20 20 8
10859 18 18 6
10860 10 9 5
10861 31 30 8
10862 22 22 6
10863 10 10 4
10864 18 17 5
10865 19 19 7
10866 19 18 6
10867 18 18 6
10868 18 18 4
10869 12 11 7
10870 27 26 8
10871 20 19 5
10872 13 13 5
10873 35 34 8
10874 22 21 7
10875 19 18 4
10876 22 21 5
10877 19 19 7
10878 13 12 4
10879 14 13 5
10880 21 20 6
10881 18 18 6
10882 18 17 7
10883 19 19 7
10884 13 12 4
10885 24 23 7
10886 13 13 5
10887 23 22 6
10888 22 22 4
10889 10 9 5
10890 21 20 4
10891 18 17 7
10892 11 11 5
10893 17 16 4
10894 12 11 5
10895 11 10 4
10896 12 11 5
10897 13 13 5
10898 17 17 7
10899 13 12 6
10900 16 16 6
10901 10 10 4
10902 6 5 4
10903 18 17 7
10904 19 18 6
10905 18 18 6
10906 10 10 4
10907 16 15 7
10908 21 20 6
10909 12 12 4
10910 22 21 5
10911 13 12 4
10912 16 15 7
10913 7 6 5
10914 13 12 4
10915 10 9 5
10916 11 10 4
10917 16 15 7
10918 15 15 5
10919 17 16 6
10920 14 14 4
10921 14 13 5
10922 11 11 5
10923 9 9 5
10924 5 5 5
10925 12 11 5
10926 11 10 4
10927 18 17 5
10928 21 20 6
10929 14 14 6
10930 14 14 4
10931 12 11 5
10932 13 13 5
10933 5 5 5
10934 16 15 7
10935 15 14 6
10936 18 17 7
10937 17 17 5
10938 19 19 7
10939 11 10 6
10940 14 14 4
10941 18 17 7
10942 11 11 5
10943 11 11 5
10944 13 12 6
10945 10 9 5
10946 13 12 4
10947 12 11 5
10948 15 15 5
10949 15 15 5
10950 13 12 4
10951 14 13 5
10952 11 11 7
10953 13 12 4
10954 6 5 4
10955 10 9 5
10956 15 14 6
10957 12 12 4
10958 18 17 5
10959 19 19 5
10960 21 21 7
10961 11 10 4
10962 18 17 5
10963 11 11 5
10964 17 16 6
10965 10 10 6
10966 14 14 6
10967 18 18 6
10968 18 17 5
10969 25 25 5
10970 11 11 5
10971 9 9 5
10972 17 17 5
10973 9 8 4
10974 22 21 5
10975 21 21 7
10976 13 12 4
10977 6 5 4
10978 14 13 5
10979 19 19 5
10980 17 16 6
10981 18 18 8
10982 20 20 6
10983 10 10 4
10984 6 5 4
10985 18 17 5
10986 11 11 5
10987 15 14 4
10988 20 19 5
10989 17 16 6
10990 20 20 6
10991 12 11 7
10992 13 12 6
10993 8 8 4
10994 10 9 5
10995 11 10 6
10996 14 14 6
10997 12 12 6
10998 18 18 4
10999 12 11 5
11000 17 16 4
11001 8 7 6
11002 16 15 5
11003 15 14 6
11004 14 14 4
11005 16 15 5
11006 21 20 4
11007 18 17 5
11008 11 11 5
11009 19 19 5
11010 19 19 5
11011 15 15 5
11012 15 14 6
11013 22 22 6
11014 18 18 4
11015 16 15 5
11016 15 15 5
11017 13 12 4
11018 18 17 5
11019 13 12 6
11020 10 10 4
11021 10 9 5
11022 11 10 4
11023 18 17 5
11024 9 9 5
11025 15 14 6
11026 10 10 4
11027 8 7 6
11028 16 16 6
11029 12 12 4
11030 18 17 7
11031 15 14 6
11032 12 11 5
11033 13 12 4
11034 14 13 5
11035 9 8 4
11036 16 15 5
11037 17 16 6
11038 10 10 4
11039 12 11 7
11040 13 12 6
11041 8 8 4
11042 12 11 5
11043 13 13 5
11044 17 17 5
11045 9 9 5
11046 11 11 5
11047 17 16 6
11048 10 10 6
11049 8 8 4
11050 14 13 5
11051 9 9 5
11052 13 12 6
11053 16 15 5
11054 21 20 6
11055 18 17 5
11056 15 15 5
11057 9 8 4
11058 16 15 5
11059 11 11 5
11060 9 8 4
11061 6 5 4
11062 22 21 9
11063 9 8 4
11064 10 9 5
11065 9 9 5
11066 13 13 5
11067 7 6 5
11068 11 11 5
11069 5 5 5
11070 12 11 7
11071 13 12 8
11072 18 18 4
11073 12 11 5
11074 17 16 6
11075 10 10 6
11076 14 13 5
11077 17 16 6
11078 16 15 7
11079 17 16 6
11080 28 27 5
11081 15 15 7
11082 13 12 6
11083 10 10 4
11084 14 13 5
11085 15 14 4
11086 14 13 5
11087 15 15 5
11088 21 20 4
11089 16 15 5
11090 9 8 4
11091 16 15 5
11092 9 8 4
11093 14 13 5
11094 11 11 5
11095 9 9 5
11096 21 21 5
11097 13 12 6
11098 12 12 4
11099 28 27 7
11100 15 15 5
11101 15 14 6
11102 22 22 6
11103 8 8 4
11104 16 15 5
11105 17 16 4
11106 10 9 5
11107 7 6 5
11108 11 10 6
11109 18 18 6
11110 20 20 6
11111 12 11 5
11112 15 14 6
11113 10 10 6
11114 10 10 4
11115 10 9 5
11116 19 18 6
11117 16 16 8
11118 20 20 6
11119 12 12 4
11120 20 19 5
11121 13 13 5
11122 13 12 8
11123 14 14 4
11124 16 15 7
11125 17 16 6
11126 12 12 6
11127 16 15 7
11128 13 12 6
11129 14 14 6
11130 6 5 4
11131 18 17 5
11132 13 12 6
11133 16 15 5
11134 19 18 6
11135 22 22 6
11136 10 10 4
11137 20 19 5
11138 19 19 5
11139 15 15 5
11140 11 11 5
11141 19 18 6
11142 10 10 4
11143 14 13 5
11144 13 12 4
11145 18 17 5
11146 17 16 4
11147 18 17 5
11148 25 25 5
11149 31 31 7
11150 21 20 4
11151 18 17 7
11152 21 20 6
11153 16 16 6
11154 16 16 6
11155 12 11 5
11156 9 8 4
11157 10 9 5
11158 15 14 6
11159 12 12 6
11160 12 12 4
11161 14 13 5
11162 17 16 6
11163 14 13 5
11164 19 18 6
11165 14 14 4
11166 16 15 5
11167 17 16 4
11168 16 15 5
11169 15 14 6
11170 8 8 4
11171 8 7 6
11172 10 10 4
11173 32 31 5
11174 13 13 5
11175 7 7 7
11176 10 10 4
11177 18 17 7
11178 19 18 6
11179 14 13 5
11180 13 12 4
11181 22 21 7
11182 11 10 4
11183 14 13 5
11184 9 8 4
11185 12 11 5
11186 15 15 7
11187 13 12 4
11188 18 17 7
11189 13 12 6
11190 14 13 5
11191 19 19 7
11192 23 23 5
11193 11 11 5
11194 21 21 5
11195 15 15 5
11196 13 12 6
11197 8 8 4
11198 14 13 5
11199 5 5 5
11200 12 11 5
11201 9 9 5
11202 13 13 5
11203 15 15 7
11204 11 10 4
11205 16 15 7
11206 13 12 4
11207 18 17 5
11208 9 8 7
11209 13 12 4
11210 12 11 5
11211 15 15 5
11212 19 19 5
11213 15 14 4
11214 20 19 7
11215 13 12 4
11216 18 17 5
11217 19 19 7
11218 9 8 4
11219 12 11 5
11220 15 14 4
11221 14 13 5
11222 23 22 6
11223 18 17 5
11224 21 20 4
11225 6 5 4
11226 16 15 5
11227 15 14 6
11228 24 24 6
11229 18 18 6
11230 24 23 5
11231 27 26 6
11232 16 16 4
11233 14 13 5
11234 9 8 4
11235 20 19 5
11236 9 8 4
11237 28 27 7
11238 15 14 4
11239 20 19 5
11240 19 18 6
11241 16 15 5
11242 19 18 6
11243 20 20 4
11244 14 13 5
11245 9 8 4
11246 18 17 5
11247 21 20 4
11248 14 13 5
11249 15 14 6
11250 16 16 4
11251 38 37 5
11252 31 31 7
11253 35 35 5
11254 35 34 8
11255 30 30 6
11256 30 29 7
11257 37 36 6
11258 26 26 6
11259 30 30 6
11260 46 45 7
11261 25 25 5
11262 33 33 5
11263 31 31 9
11264 29 28 6
11265 28 27 7
11266 43 42 10
11267 36 36 8
11268 40 40 8
11269 44 43 11
11270 37 36 10
11271 26 25 5
11272 25 25 5
11273 23 22 4
11274 32 31 7
11275 43 43 9
11276 27 26 6
11277 24 24 4
11278 34 33 7
11279 23 22 6
11280 30 29 7
11281 25 24 6
11282 36 35 7
11283 35 35 7
11284 49 48 14
11285 24 23 7
11286 17 16 4
11287 32 31 7
11288 41 40 12
11289 24 23 11
11290 29 28 8
11291 32 31 11
11292 33 32 12
11293 20 20 8
11294 36 36 10
11295 28 27 7
11296 31 31 13
11297 29 29 5
11298 41 40 14
11299 34 34 12
11300 16 16 4
11301 26 25 9
11302 45 45 11
11303 15 15 5
11304 19 19 5
11305 37 36 12
11306 22 22 6
11307 28 28 8
11308 20 20 6
11309 28 27 9
11310 21 21 5
11311 17 16 4
11312 20 19 5
11313 27 27 9
11314 23 22 6
11315 30 29 11
11316 19 18 4
11317 22 21 7
11318 25 24 4
11319 20 19 5
11320 21 20 6
11321 20 20 4
11322 22 21 5
11323 27 27 5
11324 15 14 6
11325 22 22 8
11326 12 12 4
11327 22 21 7
11328 19 18 4
11329 24 23 5
11330 15 15 5
11331 29 28 6
11332 30 30 6
11333 24 23 5
11334 27 27 7
11335 25 25 5
11336 23 23 11
11337 23 22 6
11338 30 30 6
11339 20 19 5
11340 17 17 7
11341 27 27 7
11342 35 35 11
11343 29 28 6
11344 28 27 9
11345 23 23 5
11346 25 25 5
11347 21 20 6
11348 16 16 6
11349 20 20 4
11350 22 21 5
11351 25 24 8
11352 22 22 6
11353 16 16 6
11354 22 21 5
11355 19 19 5
11356 23 22 4
11357 32 31 5
11358 17 17 5
11359 29 28 6
11360 32 32 6
11361 24 24 4
11362 22 21 5
11363 39 38 6
11364 32 32 8
11365 18 18 4
11366 24 23 5
11367 17 17 5
11368 45 44 10
11369 20 20 6
11370 34 34 8
11371 22 22 6
11372 20 20 6
11373 22 21 5
11374 19 18 4
11375 32 31 9
11376 25 24 6
11377 26 26 8
11378 18 17 5
11379 27 27 5
11380 23 22 6
11381 44 43 13
11382 33 32 6
11383 28 28 6
11384 20 19 5
11385 27 27 5
11386 17 17 5
11387 23 23 5
11388 27 27 7
11389 19 18 4
11390 22 21 5
11391 25 24 8
11392 14 14 6
11393 18 18 8
11394 14 14 4
11395 14 13 5
11396 23 22 6
11397 20 19 7
11398 13 13 5
11399 17 17 5
11400 23 22 6
11401 18 18 4
11402 18 17 7
11403 15 14 4
11404 18 17 5
11405 11 10 6
11406 14 13 5
11407 19 19 5
11408 19 19 5
11409 23 23 7
11410 27 27 7
11411 9 8 4
11412 14 13 5
11413 13 12 4
11414 18 17 5
11415 13 12 6
11416 24 23 7
11417 9 9 5
11418 15 14 6
11419 12 12 6
11420 14 14 6
11421 20 19 5
11422 13 12 4
11423 14 13 5
11424 19 18 6
11425 24 24 6
11426 6 6 6
11427 17 16 4
11428 12 11 5
11429 19 19 5
11430 15 14 4
11431 12 11 5
11432 25 24 6
11433 18 18 4
11434 22 21 5
11435 15 15 5
11436 19 18 4
11437 16 15 5
11438 11 10 4
11439 16 15 7
11440 15 14 4
11441 16 15 5
11442 17 17 7
11443 15 15 5
11444 15 14 6
11445 16 16 4
11446 10 9 5
11447 27 26 6
11448 18 17 5
11449 13 12 6
11450 12 12 6
11451 38 37 7
11452 25 24 6
11453 36 36 4
11454 26 25 5
11455 19 18 6
11456 26 26 6
11457 14 14 4
11458 18 17 5
11459 19 19 5
11460 21 20 4
11461 24 23 5
11462 23 23 5
11463 19 19 5
11464 13 12 4
11465 16 15 5
11466 21 21 5
11467 21 21 5
11468 23 22 6
11469 22 22 4
11470 22 21 5
11471 17 17 5
11472 13 12 6
11473 14 14 4
11474 18 17 7
11475 11 10 4
11476 14 13 5
11477 9 8 4
11478 24 23 7
11479 19 19 5
11480 17 17 5
11481 13 12 4
11482 16 15 5
11483 21 20 6
11484 20 20 6
11485 12 12 4
11486 14 13 5
11487 17 16 6
11488 24 23 5
11489 17 17 5
11490 13 12 6
11491 12 12 4
11492 14 13 5
11493 23 22 6
11494 18 18 4
11495 26 25 5
11496 13 12 6
11497 10 10 4
11498 18 17 5
11499 11 11 5
11500 15 14 6
11501 12 12 4
11502 12 11 5
11503 13 12 6
11504 22 22 4
11505 18 17 5
11506 15 15 5
11507 11 11 5
11508 19 18 4
11509 16 15 5
11510 23 23 5
11511 17 17 5
11512 17 16 6
11513 36 35 5
11514 13 13 5
11515 9 8 4
11516 18 17 5
11517 11 11 5
11518 11 10 4
11519 20 19 5
11520 19 18 6
11521 18 17 5
11522 15 14 4
11523 18 17 5
11524 13 13 5
11525 21 21 7
11526 23 22 4
11527 26 25 5
11528 27 27 5
11529 13 12 4
11530 32 31 9
11531 15 14 4
11532 22 21 5
11533 23 22 4
11534 24 23 5
11535 17 17 5
11536 23 23 5
11537 19 19 7
11538 29 28 6
11539 38 38 4
11540 24 23 5
11541 21 21 5
11542 21 20 4
11543 38 37 9
11544 25 25 5
11545 31 30 6
11546 30 29 5
11547 29 29 5
11548 17 17 5
11549 27 26 6
11550 30 30 8
11551 50 50 10
11552 22 22 6
11553 14 14 6
11554 22 22 4
11555 18 17 5
11556 27 27 5
11557 25 25 5
11558 45 45 7
11559 27 26 8
11560 36 35 7
11561 35 34 10
11562 28 28 4
11563 32 31 9
11564 21 20 8
11565 26 25 5
11566 43 43 11
11567 27 27 9
11568 23 22 4
11569 28 27 5
11570 39 39 9
11571 27 26 8
11572 36 35 9
11573 27 27 7
11574 31 30 8
11575 42 42 12
11576 32 31 7
11577 33 32 10
11578 24 23 5
11579 37 37 7
11580 35 34 6
11581 54 53 13
11582 27 26 6
11583 40 40 12
11584 36 36 10
11585 30 30 6
11586 32 31 9
11587 41 41 11
11588 33 33 13
11589 21 20 6
11590 20 19 5
11591 19 19 5
11592 27 26 8
11593 32 32 8
11594 38 37 7
11595 19 18 4
11596 52 51 11
11597 39 39 9
11598 23 22 8
11599 26 25 5
11600 19 18 6
11601 16 16 6
11602 18 18 4
11603 20 19 5
11604 21 21 5
11605 21 21 5
11606 17 17 5
11607 17 17 5
11608 19 18 6
11609 22 22 8
11610 18 18 4
11611 24 23 9
11612 19 18 6
11613 16 16 4
11614 16 15 5
11615 17 16 4
11616 18 17 5
11617 11 10 4
11618 28 27 5
11619 15 15 5
11620 13 12 6
11621 8 8 4
11622 14 13 5
11623 19 19 5
11624 19 19 7
11625 13 12 4
11626 18 17 5
11627 9 8 4
11628 20 19 5
11629 19 18 4
11630 14 13 5
11631 15 15 5
11632 15 15 5
11633 11 10 6
11634 8 8 4
11635 16 15 5
11636 15 15 5
11637 19 19 5
11638 21 20 6
11639 20 19 5
11640 15 14 6
11641 24 23 5
11642 15 14 6
11643 12 11 5
11644 13 12 6
11645 16 15 5
11646 11 11 5
11647 23 22 8
11648 12 12 4
11649 12 11 5
11650 15 14 6
11651 18 17 5
11652 15 15 5
11653 15 14 4
11654 24 23 7
11655 29 28 6
11656 8 8 4
11657 16 15 5
11658 23 22 8
11659 10 10 6
11660 16 16 6
11661 22 22 4
11662 14 13 5
11663 15 14 6
11664 24 24 6
11665 8 8 4
11666 14 13 5
11667 13 13 5
11668 11 10 4
11669 18 17 5
11670 19 19 7
11671 13 12 4
11672 14 13 5
11673 15 14 4
11674 22 21 7
11675 25 24 6
11676 16 15 5
11677 11 10 4
11678 22 21 5
11679 11 11 5
11680 11 10 6
11681 28 28 4
11682 30 29 7
11683 23 22 6
11684 32 32 6
11685 20 20 6
11686 20 20 4
11687 16 15 5
11688 11 11 5
11689 17 16 6
11690 20 20 4
11691 28 27 5
11692 23 23 7
11693 23 23 5
11694 25 24 6
11695 26 25 7
11696 19 18 4
11697 16 15 5
11698 31 30 8
11699 24 23 5
11700 11 10 4
11701 20 19 7
11702 15 14 6
11703 18 18 4
11704 26 25 5
11705 17 17 5
11706 31 30 6
11707 12 12 4
11708 24 23 5
11709 21 21 5
11710 19 19 5
11711 19 19 5
11712 15 14 4
11713 14 13 5
11714 17 17 5
11715 19 18 6
11716 28 27 7
11717 13 12 4
11718 26 25 5
11719 19 18 6
11720 12 11 5
11721 17 17 5
11722 13 12 6
11723 12 11 5
11724 17 17 7
11725 13 12 4
11726 18 17 5
11727 23 22 6
11728 12 12 4
11729 18 17 5
11730 15 14 6
11731 16 15 5
11732 15 14 4
11733 18 17 7
11734 15 15 5
11735 11 10 6
11736 10 10 6
11737 12 12 6
11738 14 14 6
11739 6 5 4
11740 16 15 7
11741 23 22 6
11742 14 13 5
11743 15 15 5
11744 17 17 5
11745 15 14 4
11746 18 17 7
11747 13 12 6
11748 12 11 5
11749 9 8 4
11750 12 11 5
11751 11 10 4
11752 20 19 9
11753 11 10 4
11754 16 15 5
11755 15 15 5
11756 17 16 6
11757 12 12 6
11758 14 14 6
11759 18 18 8
11760 12 12 4
11761 6 5 4
11762 20 19 7
11763 11 10 4
11764 16 15 5
11765 9 8 4
11766 12 11 5
11767 13 12 6
11768 16 16 6
11769 14 14 4
11770 18 17 7
11771 7 6 5
11772 11 10 6
11773 10 9 5
11774 21 21 5
11775 21 20 8
11776 14 14 4
11777 14 13 7
11778 17 16 6
11779 18 18 6
11780 22 22 4
11781 26 25 9
11782 19 18 6
11783 16 16 4
11784 18 17 5
11785 15 14 6
11786 8 8 4
11787 10 9 5
11788 15 15 5
11789 13 12 6
11790 18 18 8
11791 12 12 4
11792 18 17 5
11793 13 13 5
11794 11 11 5
11795 17 17 7
11796 15 15 5
11797 19 19 7
11798 17 16 6
11799 16 15 5
11800 27 26 10
11801 10 10 4
11802 20 19 5
11803 29 28 6
11804 26 26 8
11805 30 29 5
11806 35 34 6
11807 8 8 4
11808 34 33 7
11809 15 15 5
11810 19 19 7
11811 25 24 4
11812 18 17 7
11813 17 16 4
11814 28 27 7
11815 17 17 5
11816 27 27 5
11817 19 18 6
11818 34 34 6
11819 28 27 5
11820 23 22 4
11821 20 19 5
11822 21 21 5
11823 15 14 4
11824 22 21 5
11825 15 15 5
11826 9 8 4
11827 22 21 5
11828 17 16 4
11829 28 27 5
11830 15 15 5
11831 19 18 6
11832 22 22 4
11833 14 13 5
11834 27 27 7
11835 17 16 6
11836 16 16 4
11837 18 17 5
11838 19 19 7
11839 31 30 10
11840 18 18 4
11841 18 17 5
11842 17 17 5
11843 17 17 5
11844 27 26 6
11845 26 26 6
11846 26 26 6
11847 28 28 4
11848 32 31 7
11849 15 15 5
11850 27 26 6
11851 30 30 8
11852 22 22 6
11853 10 10 4
11854 26 25 5
11855 25 25 7
11856 21 20 6
11857 28 28 4
11858 24 23 7
11859 21 20 6
11860 22 22 6
11861 16 15 5
11862 37 36 6
11863 20 19 5
11864 21 20 6
11865 28 27 7
11866 17 17 5
11867 19 18 6
11868 24 24 6
11869 26 25 7
11870 21 20 8
11871 12 11 5
11872 21 20 8
11873 16 16 6
11874 22 22 6
11875 18 17 5
11876 21 21 7
11877 25 24 6
11878 20 20 6
11879 10 10 4
11880 34 33 9
11881 23 22 8
11882 30 30 10
11883 14 14 4
11884 24 23 5
11885 15 15 5
11886 19 18 6
11887 22 21 5
11888 19 18 6
11889 18 18 6
11890 20 20 6
11891 18 18 4
11892 20 19 7
11893 17 17 5
11894 19 18 4
11895 24 23 5
11896 13 13 5
11897 17 16 4
11898 26 25 5
11899 13 12 6
11900 16 15 5
11901 17 16 6
11902 12 12 6
11903 12 11 5
11904 25 24 8
11905 16 15 5
11906 17 17 5
11907 19 18 4
11908 18 17 7
11909 15 14 6
11910 12 12 4
11911 24 23 7
11912 17 16 6
11913 14 13 5
11914 19 19 5
11915 21 20 6
11916 20 19 7
11917 17 16 4
11918 20 19 5
11919 15 14 6
11920 14 14 6
11921 8 8 4
11922 14 13 5
11923 11 11 5
11924 15 15 5
11925 19 18 4
11926 12 11 5
11927 5 5 5
11928 14 13 7
11929 13 12 6
11930 8 8 4
11931 12 11 5
11932 11 10 6
11933 14 14 4
11934 12 11 5
11935 9 8 4
11936 10 9 5
11937 5 5 5
11938 10 9 5
11939 11 10 4
11940 14 13 5
11941 19 18 6
11942 16 16 4
11943 18 17 7
11944 15 15 5
11945 9 8 4
11946 10 9 5
11947 7 6 5
11948 13 13 7
11949 11 10 4
11950 18 17 7
11951 17 16 6
11952 22 21 5
11953 11 11 5
11954 13 13 5
11955 13 13 7
11956 13 12 4
11957 16 15 5
11958 23 23 7
11959 19 19 7
11960 15 14 6
11961 12 12 6
11962 10 10 4
11963 20 19 5
11964 17 16 4
11965 16 15 7
11966 17 17 5
11967 11 11 5
11968 17 17 7
11969 23 22 6
11970 28 28 6
11971 12 12 4
11972 16 15 5
11973 15 14 4
11974 10 9 5
11975 17 17 5
11976 11 10 4
11977 12 11 5
11978 13 13 5
11979 11 10 6
11980 10 10 6
11981 16 16 6
11982 16 16 6
11983 16 15 5
11984 11 11 5
11985 11 10 4
11986 18 17 5
11987 7 6 5
11988 15 14 4
11989 14 13 5
11990 7 7 7
11991 12 12 4
11992 16 15 5
11993 23 22 6
11994 16 16 4
11995 10 9 5
11996 11 10 6
11997 16 16 6
11998 10 9 5
11999 13 13 5
12000 17 16 6
12001 6 6 6
12002 9 8 4
12003 10 9 5
12004 11 11 5
12005 19 18 6
12006 8 8 4
12007 12 11 5
12008 15 14 4
12009 16 15 5
12010 21 21 5
12011 15 15 5
12012 19 18 6
12013 16 16 4
12014 18 17 5
12015 15 14 8
12016 10 10 4
12017 12 11 5
12018 13 12 4
12019 20 19 5
12020 17 16 6
12021 12 11 5
12022 13 12 8
12023 8 8 4
12024 12 11 5
12025 9 8 4
12026 24 23 7
12027 11 10 4
12028 14 13 5
12029 7 6 5
12030 11 10 6
12031 6 6 6
12032 13 13 5
12033 11 10 6
12034 14 14 6
12035 10 9 5
12036 13 12 6
12037 18 18 4
12038 18 17 7
12039 29 28 6
12040 20 20 8
12041 16 16 6
12042 12 12 6
12043 16 16 6
12044 12 12 6
12045 10 9 5
12046 15 14 6
12047 14 13 5
12048 13 12 6
12049 14 14 4
12050 16 15 7
12051 11 10 6
12052 10 9 5
12053 13 12 4
12054 16 15 5
12055 11 10 6
12056 20 20 8
12057 6 6 6
12058 17 16 4
12059 20 19 5
12060 9 9 5
12061 5 5 5
12062 14 13 5
12063 15 15 5
12064 5 5 5
12065 16 15 5
12066 15 14 4
12067 12 11 5
12068 11 10 4
12069 10 9 5
12070 9 9 5
12071 15 15 7
12072 9 8 4
12073 12 11 5
12074 9 8 4
12075 20 19 9
12076 13 12 4
12077 28 27 7
12078 15 14 4
12079 16 15 5
12080 19 18 6
12081 14 14 6
12082 16 15 5
12083 11 11 5
12084 11 10 4
12085 10 9 5
12086 17 16 6
12087 10 9 5
12088 11 10 6
12089 16 16 6
12090 12 11 5
12091 23 22 6
12092 16 16 6
12093 18 18 6
12094 20 20 6
12095 18 18 6
12096 22 21 5
12097 11 10 4
12098 18 17 7
12099 19 18 6
12100 12 12 4
12101 12 11 5
12102 13 12 4
12103 16 15 7
12104 15 14 6
12105 12 11 5
12106 19 18 6
12107 18 17 5
12108 19 19 5
12109 19 18 8
12110 6 6 6
12111 15 15 7
12112 13 12 6
12113 20 19 5
12114 19 18 6
12115 20 19 5
12116 17 17 5
12117 15 14 4
12118 16 15 5
12119 17 17 5
12120 11 10 4
12121 10 9 5
12122 19 18 4
12123 12 11 5
12124 11 11 5
12125 11 10 6
12126 6 6 6
12127 19 18 6
12128 16 16 6
12129 18 18 6
12130 14 14 6
12131 6 6 6
12132 13 12 6
12133 12 12 4
12134 14 13 7
12135 13 12 6
12136 14 14 6
12137 10 10 4
12138 22 21 9
12139 11 11 5
12140 15 15 5
12141 7 6 5
12142 7 6 5
12143 15 15 5
12144 7 6 5
12145 15 14 6
12146 12 11 5
12147 15 15 5
12148 15 14 4
12149 14 13 5
12150 15 15 7
12151 15 14 4
12152 16 15 5
12153 13 12 6
12154 24 24 6
12155 14 13 5
12156 15 14 6
12157 6 6 6
12158 15 15 7
12159 13 12 6
12160 10 9 5
12161 25 25 5
12162 15 14 6
12163 16 15 5
12164 9 9 5
12165 15 15 5
12166 17 17 5
12167 15 14 6
12168 18 18 6
12169 24 24 6
12170 16 16 6
12171 14 13 5
12172 13 12 4
12173 14 13 5
12174 9 8 4
12175 16 15 5
12176 17 16 6
12177 16 16 6
12178 16 16 4
12179 12 11 7
12180 15 14 6
12181 12 12 6
12182 10 10 4
12183 16 15 5
12184 13 13 7
12185 19 18 6
12186 10 10 4
12187 12 11 5
12188 13 12 6
12189 14 14 4
12190 10 9 5
12191 13 12 4
12192 20 19 5
12193 15 15 5
12194 17 16 6
12195 8 8 4
12196 14 13 7
12197 7 6 5
12198 13 12 4
12199 12 11 5
12200 9 9 5
12201 13 12 6
12202 12 11 5
12203 15 14 4
12204 20 19 5
12205 15 15 5
12206 5 5 5
12207 18 17 5
12208 11 11 5
12209 27 26 8
12210 14 14 6
12211 10 10 4
12212 6 5 4
12213 14 13 5
12214 17 17 7
12215 15 15 5
12216 13 12 6
12217 16 16 4
12218 14 13 5
12219 21 20 4
12220 20 19 5
12221 13 13 5
12222 13 12 6
12223 14 14 6
12224 16 15 5
12225 13 12 6
12226 8 8 4
12227 10 9 5
12228 25 24 4
12229 12 11 5
12230 23 22 6
12231 14 14 4
12232 18 17 7
12233 7 6 5
12234 19 18 6
12235 14 13 7
12236 9 8 4
12237 14 13 5
12238 9 9 5
12239 15 14 4
12240 16 15 7
12241 11 10 6
12242 10 10 4
12243 8 7 6
12244 10 10 6
12245 22 22 4
12246 16 15 5
12247 13 12 4
12248 14 13 5
12249 7 6 5
12250 7 6 5
12251 13 13 7
12252 13 12 4
12253 12 11 5
12254 13 12 4
12255 18 17 5
12256 15 14 4
12257 6 5 4
12258 10 9 5
12259 15 15 7
12260 13 12 4
12261 14 13 5
12262 9 8 7
12263 19 18 6
12264 22 21 5
12265 25 24 6
12266 14 13 5
12267 15 14 4
12268 10 9 5
12269 9 8 4
12270 18 17 5
12271 9 9 5
12272 13 13 5
12273 11 10 4
12274 16 15 5
12275 11 10 6
12276 14 14 6
12277 16 15 5
12278 15 15 5
12279 15 14 6
12280 10 10 6
12281 10 10 4
12282 10 9 5
12283 11 10 6
12284 14 14 6
12285 14 13 5
12286 13 12 4
12287 12 11 5
12288 13 13 5
12289 17 16 6
12290 14 14 6
12291 14 14 6
12292 20 19 5
12293 17 16 6
12294 10 10 6
12295 14 14 4
12296 20 19 5
12297 13 13 7
12298 13 12 6
12299 12 11 5
12300 19 18 6
12301 12 12 6
12302 8 8 4
12303 12 11 5
12304 5 5 5
12305 12 11 5
12306 11 11 7
12307 17 16 6
12308 12 12 4
12309 6 5 4
12310 12 11 7
12311 13 13 5
12312 9 8 4
12313 10 9 5
12314 9 8 4
12315 14 13 5
12316 21 21 5
12317 15 15 5
12318 23 22 6
12319 10 9 5
12320 17 16 6
12321 24 24 6
12322 10 10 4
12323 10 9 5
12324 11 11 5
12325 17 16 4
12326 20 19 7
12327 15 14 6
12328 8 8 4
12329 16 15 7
12330 11 11 5
12331 7 6 5
12332 15 14 6
12333 14 13 5
12334 9 9 5
12335 17 16 4
12336 12 11 5
12337 11 10 4
12338 16 15 5
12339 11 10 4
12340 12 11 5
12341 15 15 5
12342 13 12 6
12343 10 10 6
12344 14 13 5
12345 19 18 6
12346 14 14 6
12347 10 10 4
12348 14 13 5
12349 15 14 6
12350 12 12 6
12351 6 6 6
12352 19 18 6
12353 14 13 5
12354 15 15 5
12355 13 13 5
12356 17 17 7
12357 13 13 5
12358 13 13 5
12359 11 10 4
12360 16 15 5
12361 17 17 5
12362 13 13 5
12363 13 13 5
12364 11 11 7
12365 19 18 6
12366 10 10 6
12367 12 11 7
12368 13 12 4
12369 12 11 5
12370 5 5 5
12371 18 17 5
12372 13 12 6
12373 18 18 6
12374 8 8 4
12375 10 9 5
12376 17 16 6
12377 12 12 4
12378 10 9 5
12379 13 12 6
12380 14 14 6
12381 12 11 5
12382 9 9 5
12383 11 11 5
12384 11 10 4
12385 14 13 5
12386 15 14 6
12387 18 18 6
12388 18 18 6
12389 14 14 6
12390 14 14 6
12391 18 18 4
12392 30 29 9
12393 15 14 6
12394 10 9 5
12395 9 8 4
12396 18 17 5
12397 15 15 7
12398 9 9 5
12399 7 6 5
12400 13 12 4
12401 14 13 7
12402 7 6 5
12403 21 20 8
12404 18 18 6
12405 14 14 6
12406 20 19 5
12407 9 8 4
12408 22 21 5
12409 13 12 6
12410 10 10 4
12411 14 13 5
12412 17 16 8
12413 14 14 6
12414 12 11 5
12415 13 13 5
12416 23 23 5
12417 19 18 6
12418 10 10 4
12419 10 9 5
12420 11 10 4
12421 18 17 5
12422 15 14 4
12423 14 13 5
12424 9 8 4
12425 12 11 5
12426 7 6 5
12427 13 13 5
12428 13 12 6
12429 10 10 4
12430 14 13 7
12431 17 16 6
12432 14 14 6
12433 12 12 4
12434 12 11 5
12435 11 10 6
12436 6 6 6
12437 13 12 6
12438 14 14 6
12439 18 17 5
12440 9 8 4
12441 16 15 7
12442 15 14 6
12443 10 9 5
12444 11 10 4
12445 8 7 6
12446 6 6 6
12447 13 12 6
12448 16 16 6
12449 16 15 5
12450 13 13 5
12451 13 13 5
12452 13 13 5
12453 17 16 6
12454 14 13 5
12455 13 13 5
12456 13 13 5
12457 9 8 4
12458 10 9 5
12459 17 17 5
12460 9 9 5
12461 15 14 6
12462 6 6 6
12463 15 15 7
12464 11 10 4
12465 16 15 5
12466 13 12 6
12467 10 10 6
12468 18 18 6
12469 12 12 6
12470 20 20 6
12471 8 8 4
12472 12 11 5
12473 13 12 6
12474 18 18 6
12475 14 14 6
12476 6 6 6
12477 17 16 6
12478 16 15 5
12479 23 23 7
12480 7 6 5
12481 9 9 5
12482 9 8 4
12483 18 17 5
12484 13 13 5
12485 19 18 6
12486 14 14 4
12487 18 17 5
12488 13 12 6
12489 18 18 4
12490 14 13 5
12491 15 14 4
12492 10 9 5
12493 7 6 5
12494 15 14 6
12495 10 10 4
12496 16 15 5
12497 13 13 5
12498 9 8 4
12499 18 17 7
12500 13 12 6
12501 10 10 4
12502 16 15 7
12503 15 14 6
12504 10 10 4
12505 10 9 5
12506 9 8 4
12507 10 9 5
12508 15 14 6
12509 12 11 5
12510 11 11 5
12511 7 6 5
12512 15 14 4
12513 16 15 5
12514 11 10 6
12515 10 10 6
12516 16 15 5
12517 9 9 5
12518 15 14 4
12519 12 11 5
12520 21 20 6
12521 10 9 5
12522 13 13 5
12523 9 9 5
12524 7 6 5
12525 9 9 5
12526 9 8 4
12527 16 15 7
12528 13 12 6
12529 6 6 6
12530 13 12 6
12531 10 10 4
12532 18 17 5
12533 11 10 4
12534 14 13 5
12535 13 13 5
12536 13 12 4
12537 12 11 5
12538 17 16 6
12539 12 12 4
12540 12 11 5
12541 7 6 5
12542 7 6 5
12543 13 12 4
12544 10 9 5
12545 9 8 7
12546 11 10 4
12547 12 11 7
12548 9 8 4
12549 12 11 5
12550 17 17 5
12551 13 13 5
12552 9 9 5
12553 13 12 6
12554 14 14 4
12555 10 9 5
12556 9 8 7
12557 13 12 4
12558 6 5 4
12559 16 15 7
12560 15 14 6
12561 18 17 5
12562 13 13 5
12563 17 16 8
12564 20 20 4
12565 14 13 5
12566 9 9 5
12567 19 19 5
12568 11 10 4
12569 14 13 5
12570 9 8 4
12571 16 15 5
12572 7 6 5
12573 17 16 4
12574 16 15 5
12575 13 12 4
12576 18 17 5
12577 11 10 4
12578 14 13 7
12579 13 13 5
12580 9 8 4
12581 12 11 5
12582 21 20 4
12583 14 13 5
12584 11 11 5
12585 15 14 4
12586 12 11 5
12587 13 13 5
12588 15 14 6
12589 10 9 5
12590 7 6 5
12591 13 12 4
12592 16 15 7
12593 5 5 5
12594 14 13 5
12595 15 14 6
12596 16 16 6
12597 24 23 5
12598 11 11 5
12599 11 11 5
12600 9 9 5
12601 9 9 5
12602 13 12 6
12603 16 16 6
12604 12 11 5
12605 13 12 6
12606 10 9 5
12607 11 11 5
12608 13 13 5
12609 17 16 6
12610 22 22 8
12611 24 24 8
12612 14 13 5
12613 15 14 6
12614 10 9 5
12615 11 11 5
12616 15 15 7
12617 13 12 4
12618 12 11 5
12619 15 15 5
12620 9 9 5
12621 15 14 4
12622 14 13 7
12623 15 14 4
12624 18 17 5
12625 15 14 4
12626 12 11 5
12627 9 9 5
12628 15 14 8
12629 16 16 4
12630 14 13 5
12631 13 13 5
12632 13 13 7
12633 21 20 6
12634 18 18 6
12635 10 10 4
12636 12 11 5
12637 9 9 5
12638 9 8 4
12639 10 9 5
12640 13 12 6
12641 14 14 6
12642 8 8 4
12643 10 9 5
12644 17 17 5
12645 19 18 6
12646 20 19 7
12647 15 15 7
12648 13 12 6
12649 6 6 6
12650 15 14 6
12651 10 10 6
12652 10 10 4
12653 22 21 5
12654 11 10 4
12655 14 13 5
12656 11 10 4
12657 12 11 5
12658 9 9 5
12659 7 6 5
12660 11 11 5
12661 17 17 5
12662 7 6 5
12663 15 14 6
12664 16 16 6
12665 14 14 4
12666 12 11 5
12667 7 6 5
12668 13 12 6
12669 14 14 4
12670 14 13 7
12671 15 14 6
12672 12 12 6
12673 14 14 6
12674 16 15 5
12675 11 11 5
12676 13 12 4
12677 16 15 5
12678 13 12 6
12679 14 13 5
12680 19 18 4
12681 22 21 5
12682 11 10 4
12683 10 9 5
12684 11 10 4
12685 12 11 5
12686 13 12 6
12687 6 6 6
12688 9 8 4
12689 14 13 5
12690 17 17 7
12691 21 20 4
12692 12 11 5
12693 13 12 6
12694 10 10 4
12695 18 17 5
12696 15 14 6
12697 14 14 6
12698 12 12 6
12699 18 18 6
12700 10 9 5
12701 11 10 6
12702 16 16 4
12703 10 9 5
12704 13 12 4
12705 12 11 7
12706 17 16 6
12707 10 10 6
12708 8 8 4
12709 6 5 4
12710 8 7 6
12711 24 24 4
12712 20 19 5
12713 11 10 4
12714 22 21 5
12715 13 13 5
12716 21 21 7
12717 13 12 4
12718 12 11 5
12719 5 5 5
12720 6 5 4
12721 20 19 5
12722 9 8 7
12723 9 8 4
12724 18 17 7
12725 13 12 4
12726 14 13 5
12727 9 9 5
12728 9 9 5
12729 13 12 4
12730 10 9 5
12731 11 10 6
12732 16 15 5
12733 19 19 7
12734 17 17 5
12735 13 12 4
12736 10 9 5
12737 13 12 6
12738 14 13 5
12739 13 13 5
12740 11 11 5
12741 13 13 5
12742 7 7 7
12743 10 10 4
12744 8 7 6
12745 12 11 5
12746 11 10 6
12747 6 6 6
12748 17 16 6
12749 14 14 4
12750 14 13 7
12751 11 11 5
12752 5 5 5
12753 12 11 7
12754 13 12 4
12755 16 15 7
12756 19 18 6
12757 16 15 5
12758 15 14 8
12759 10 10 4
12760 8 7 6
12761 12 12 4
12762 18 17 5
12763 15 14 6
12764 14 14 6
12765 8 7 6
12766 8 8 4
12767 10 9 5
12768 19 19 7
12769 15 14 6
12770 8 8 4
12771 12 11 5
12772 23 23 5
12773 11 11 5
12774 7 6 5
12775 9 8 4
12776 10 9 5
12777 9 9 5
12778 11 11 5
12779 17 16 6
12780 8 8 4
12781 16 15 5
12782 17 16 4
12783 16 15 5
12784 7 7 7
12785 12 11 5
12786 11 10 6
12787 12 12 6
12788 8 8 4
12789 12 11 7
12790 17 16 6
12791 20 19 5
12792 17 16 4
12793 6 5 4
12794 10 9 5
12795 13 12 6
12796 10 10 4
12797 10 9 5
12798 17 16 4
12799 14 13 5
12800 13 12 6
12801 12 12 6
12802 12 11 5
12803 15 14 6
12804 12 12 4
12805 12 11 5
12806 9 8 4
12807 16 15 5
12808 9 8 4
12809 10 9 5
12810 11 10 4
12811 12 11 5
12812 15 15 9
12813 11 10 4
12814 12 11 5
12815 9 9 5
12816 9 8 4
12817 18 17 5
12818 9 8 4
12819 14 13 5
12820 11 11 5
12821 13 12 6
12822 14 14 6
12823 18 17 5
12824 21 21 5
12825 9 8 4
12826 14 13 7
12827 15 15 5
12828 11 10 4
12829 12 11 5
12830 9 9 5
12831 13 13 7
12832 13 12 6
12833 14 14 6
12834 8 8 4
12835 10 9 5
12836 9 9 5
12837 23 22 6
12838 8 8 4
12839 24 23 5
12840 9 9 5
12841 13 12 6
12842 12 12 4
12843 6 5 4
12844 6 5 4
12845 10 9 5
12846 17 17 5
12847 17 16 6
12848 12 12 6
12849 14 14 6
12850 14 13 5
12851 17 17 7
12852 11 10 6
12853 8 8 4
12854 16 15 5
12855 7 7 7
12856 12 11 5
12857 15 15 5
12858 15 15 5
12859 11 10 6
12860 10 10 6
12861 16 16 6
12862 18 18 6
12863 10 10 4
12864 22 21 5
12865 21 20 6
12866 16 16 4
12867 10 9 5
12868 17 16 6
12869 8 8 4
12870 10 9 5
12871 11 10 4
12872 18 17 5
12873 17 16 6
12874 14 14 6
12875 18 18 6
12876 16 16 6
12877 12 11 5
12878 9 9 5
12879 17 16 6
12880 14 14 6
12881 14 14 4
12882 12 11 5
12883 5 5 5
12884 10 9 5
12885 13 13 7
12886 11 10 6
12887 10 10 4
12888 12 11 5
12889 11 11 5
12890 11 11 5
12891 15 14 4
12892 10 9 5
12893 13 13 7
12894 11 11 5
12895 11 10 4
12896 16 15 5
12897 11 11 5
12898 15 15 5
12899 15 14 4
12900 14 13 5
12901 21 20 6
12902 12 11 5
12903 11 10 6
12904 10 10 6
12905 6 6 6
12906 13 12 6
12907 14 14 4
12908 14 13 5
12909 11 11 5
12910 13 12 6
12911 18 17 5
12912 9 8 4
12913 10 9 5
12914 9 8 4
12915 10 9 5
12916 13 12 6
12917 22 22 6
12918 18 18 6
12919 14 14 6
12920 6 6 6
12921 17 16 6
12922 16 16 4
12923 22 21 5
12924 13 12 4
12925 16 15 5
12926 5 5 5
12927 14 13 5
12928 11 11 5
12929 15 14 6
12930 18 18 8
12931 6 6 6
12932 13 12 4
12933 14 13 5
12934 15 14 4
12935 14 13 5
12936 13 13 5
12937 11 11 5
12938 11 10 4
12939 8 7 6
12940 14 14 4
12941 14 13 5
12942 19 18 4
12943 12 11 5
12944 17 16 6
12945 14 14 6
12946 10 9 5
12947 15 14 4
12948 18 17 5
12949 21 20 8
12950 10 10 4
12951 10 9 5
12952 13 12 6
12953 10 10 4
12954 12 11 5
12955 11 10 6
12956 10 10 4
12957 14 13 7
12958 13 12 6
12959 10 10 4
12960 22 21 7
12961 11 11 5
12962 13 12 6
12963 14 14 4
12964 10 9 5
12965 5 5 5
12966 16 15 7
12967 15 14 4
12968 10 9 5
12969 15 14 6
12970 20 20 6
12971 16 16 6
12972 16 15 5
12973 9 8 4
12974 18 17 5
12975 9 9 5
12976 19 18 6
12977 10 10 4
12978 12 11 5
12979 11 11 5
12980 15 15 5
12981 13 12 4
12982 12 11 5
12983 11 10 6
12984 12 11 5
12985 9 8 4
12986 12 11 5
12987 13 13 5
12988 9 9 5
12989 9 9 5
12990 15 14 4
12991 18 17 5
12992 19 18 6
12993 22 21 5
12994 7 6 5
12995 13 12 6
12996 8 8 4
12997 8 7 6
12998 12 11 5
12999 9 8 4
13000 10 9 5
13001 11 10 6
13002 20 20 6
13003 12 11 5
13004 15 15 7
13005 13 13 5
13006 13 13 5
13007 13 13 5
13008 13 12 6
13009 26 26 6
13010 14 14 4
13011 12 11 5
13012 17 16 6
13013 14 14 4
13014 16 15 5
13015 9 9 5
13016 15 15 5
13017 11 10 6
13018 12 12 4
13019 14 13 5
13020 13 13 7
13021 13 13 5
13022 11 10 6
13023 18 18 6
13024 16 16 6
13025 14 13 7
13026 5 5 5
13027 10 9 5
13028 11 11 5
13029 17 16 6
13030 6 6 6
13031 11 10 6
13032 16 15 5
13033 13 12 8
13034 12 12 4
13035 14 13 5
13036 9 9 5
13037 11 11 5
13038 15 15 5
13039 15 15 5
13040 15 15 5
13041 13 13 5
13042 15 15 5
13043 11 11 5
13044 17 16 4
13045 10 9 5
13046 11 10 6
13047 14 14 6
13048 12 11 5
13049 9 8 4
13050 16 15 7
13051 15 14 4
13052 10 9 5
13053 11 11 5
13054 9 9 5
13055 23 23 7
13056 11 10 4
13057 12 11 5
13058 17 16 4
13059 16 15 5
13060 17 17 7
13061 13 12 4
13062 14 13 5
13063 19 19 7
13064 13 12 4
13065 12 11 5
13066 9 9 5
13067 17 16 4
13068 16 15 5
13069 9 9 5
13070 9 8 4
13071 18 17 5
13072 19 18 8
13073 8 8 4
13074 18 17 7
13075 19 18 4
13076 14 13 5
13077 21 21 5
13078 17 16 4
13079 20 19 5
13080 21 21 5
13081 17 16 6
13082 22 22 4
13083 18 17 5
13084 13 13 5
13085 15 15 5
13086 25 24 4
13087 10 9 5
13088 21 21 5
13089 15 14 6
13090 18 18 6
13091 12 12 4
13092 38 37 7
13093 19 18 6
13094 20 19 5
13095 13 12 6
13096 14 14 4
13097 14 13 5
13098 13 13 5
13099 21 20 6
13100 14 14 4
13101 16 15 7
13102 15 14 4
13103 20 19 5
13104 15 15 5
13105 13 12 4
13106 12 11 5
13107 19 19 7
13108 23 22 8
13109 24 24 4
13110 38 37 7
13111 11 10 4
13112 30 29 7
13113 17 16 6
13114 24 24 6
13115 26 26 6
13116 18 18 6
13117 10 10 4
13118 12 11 5
13119 25 24 4
13120 12 11 5
13121 19 18 8
13122 12 12 4
13123 14 13 5
13124 17 16 4
13125 20 19 7
13126 15 14 6
13127 14 14 4
13128 14 13 5
13129 19 19 5
13130 19 19 5
13131 17 17 5
13132 25 24 4
13133 26 25 7
13134 19 18 6
13135 16 16 4
13136 22 21 7
13137 27 27 5
13138 23 22 4
13139 24 23 7
13140 29 28 6
13141 22 22 6
13142 18 17 5
13143 23 22 8
13144 12 12 4
13145 14 13 5
13146 25 25 7
13147 29 29 7
13148 29 29 9
13149 39 38 6
13150 28 27 7
13151 21 20 6
13152 22 22 6
13153 46 45 7
13154 33 32 6
13155 44 44 6
13156 22 21 5
13157 31 30 8
13158 40 40 6
13159 26 25 7
13160 31 30 6
13161 38 37 9
13162 25 24 6
13163 48 48 10
13164 34 34 8
13165 38 37 5
13166 25 25 5
13167 21 20 4
13168 30 29 5
13169 25 25 5
13170 17 17 5
13171 41 40 8
13172 52 52 10
13173 22 21 5
13174 39 39 11
13175 23 22 6
13176 34 33 7
13177 31 30 8
13178 32 32 10
13179 66 65 15
13180 31 31 7
13181 47 46 12
13182 34 33 9
13183 39 39 9
13184 53 52 16
13185 30 29 9
13186 23 22 6
13187 32 32 10
13188 42 42 14
13189 30 30 8
13190 34 34 10
13191 36 35 9
13192 33 32 10
13193 34 33 11
13194 51 50 12
13195 28 28 8
13196 58 57 9
13197 31 30 6
13198 42 42 16
13199 36 36 10
13200 44 44 14
13201 32 31 5
13202 41 41 9
13203 47 46 8
13204 28 28 6
13205 36 36 10
13206 32 32 8
13207 46 46 8
13208 32 32 6
13209 32 32 12
13210 26 26 6
13211 28 28 6
13212 24 23 5
13213 33 33 11
13214 33 33 7
13215 33 32 10
13216 16 16 6
13217 24 23 5
13218 35 35 9
13219 35 35 7
13220 19 18 6
13221 18 18 6
13222 32 32 6
13223 18 17 5
13224 19 19 5
13225 27 27 7
13226 27 27 9
13227 25 24 8
13228 14 13 5
13229 21 21 5
13230 29 28 6
13231 34 34 6
13232 24 24 4
13233 20 19 5
13234 27 27 7
13235 25 24 6
13236 36 36 6
13237 30 30 6
13238 18 18 6
13239 34 34 8
13240 32 32 8
13241 32 32 8
13242 38 37 9
13243 25 24 8
13244 36 36 8
13245 24 24 6
13246 28 28 4
13247 24 23 7
13248 27 26 8
13249 24 24 6
13250 22 21 5
13251 23 23 5
13252 23 22 6
13253 18 18 4
13254 22 21 5
13255 23 23 5
13256 23 22 4
13257 12 11 5
13258 27 27 5
13259 17 17 5
13260 17 17 5
13261 25 25 5
13262 27 27 5
13263 25 25 7
13264 15 14 6
13265 14 14 4
13266 16 15 5
13267 21 20 6
13268 18 18 6
13269 16 16 4
13270 20 19 5
13271 17 17 5
13272 13 13 5
13273 25 25 7
13274 13 12 4
13275 14 13 5
13276 23 22 6
13277 14 14 6
13278 16 15 5
13279 17 17 5
13280 15 15 5
13281 17 16 6
13282 22 22 8
13283 16 15 5
13284 25 24 4
13285 14 13 5
13286 13 13 5
13287 21 20 8
13288 16 16 4
13289 12 11 5
13290 15 14 6
13291 20 20 6
13292 20 20 6
13293 14 14 6
13294 12 11 5
13295 19 18 6
13296 20 19 5
13297 17 16 6
13298 12 11 5
13299 13 12 6
13300 22 22 6
13301 18 17 5
13302 11 11 5
13303 25 25 7
13304 17 16 4
13305 16 15 5
13306 15 15 5
13307 9 9 5
13308 19 18 8
13309 10 10 4
13310 14 13 5
13311 21 20 4
13312 18 17 7
13313 11 10 4
13314 20 19 5
13315 17 16 4
13316 20 19 7
13317 13 12 6
13318 8 8 4
13319 6 5 4
13320 12 11 5
13321 13 12 4
13322 12 11 5
13323 25 25 7
13324 23 22 6
13325 14 14 4
13326 12 11 5
13327 11 11 5
13328 11 10 4
13329 16 15 5
13330 27 26 6
13331 14 14 4
13332 22 21 7
13333 11 11 5
13334 11 11 5
13335 7 6 5
13336 13 12 8
13337 6 6 6
13338 15 14 4
13339 20 19 5
13340 7 7 7
13341 16 15 5
13342 17 16 8
13343 16 16 4
13344 18 17 7
13345 11 10 6
13346 8 8 4
13347 14 13 5
13348 7 7 7
13349 8 8 4
13350 14 13 5
13351 15 14 6
13352 14 13 5
13353 15 14 8
13354 18 18 6
13355 6 6 6
13356 13 12 6
13357 14 14 6
13358 14 13 7
13359 13 12 4
13360 20 19 7
13361 13 12 4
13362 20 19 5
13363 7 6 5
13364 11 11 5
13365 15 14 6
13366 14 14 4
13367 10 9 5
13368 15 15 7
13369 13 13 5
13370 15 14 6
13371 20 20 6
13372 10 9 5
13373 13 12 4
13374 10 9 5
13375 13 12 4
13376 16 15 5
13377 13 12 4
13378 14 13 5
13379 11 11 5
13380 9 8 4
13381 10 9 5
13382 17 17 5
13383 11 10 6
13384 16 15 5
13385 17 16 6
13386 12 11 5
13387 13 12 6
13388 14 14 6
13389 18 18 6
13390 12 12 6
13391 12 12 6
13392 16 16 6
13393 16 15 7
13394 15 14 6
13395 16 16 6
13396 14 14 6
13397 14 13 5
13398 13 12 4
13399 10 9 5
13400 21 21 7
13401 11 10 4
13402 18 17 5
13403 19 19 7
13404 17 16 4
13405 14 13 5
13406 13 12 4
13407 14 13 5
13408 15 14 6
13409 6 6 6
13410 13 12 4
13411 16 15 7
13412 11 10 6
13413 10 9 5
13414 5 5 5
13415 10 9 5
13416 9 9 5
13417 13 12 6
13418 12 12 6
13419 18 17 5
13420 11 10 4
13421 14 13 5
13422 11 11 5
13423 13 13 5
13424 13 13 5
13425 13 12 4
13426 6 5 4
13427 20 19 7
13428 19 19 7
13429 13 12 4
13430 22 21 5
13431 5 5 5
13432 18 17 5
13433 17 17 7
13434 11 10 4
13435 14 13 5
13436 15 15 5
13437 11 11 5
13438 13 13 7
13439 13 12 6
13440 10 10 4
13441 18 17 5
13442 17 17 5
13443 15 14 6
13444 12 12 4
13445 16 15 5
13446 9 9 5
13447 11 10 4
13448 14 13 5
13449 11 10 4
13450 16 15 5
13451 9 8 4
13452 14 13 7
13453 11 10 4
13454 12 11 5
13455 9 9 5
13456 9 9 5
13457 11 11 5
13458 15 14 6
13459 8 8 4
13460 14 13 7
13461 11 10 6
13462 22 22 6
13463 6 6 6
13464 15 14 6
13465 8 8 4
13466 16 15 5
13467 11 10 4
13468 14 13 5
13469 11 10 6
13470 24 23 9
13471 23 22 4
13472 12 11 5
13473 15 14 6
13474 10 10 6
13475 14 14 8
13476 10 10 6
13477 12 12 4
13478 12 11 5
13479 13 12 6
13480 14 14 4
13481 16 15 5
13482 13 12 4
13483 30 29 7
13484 15 14 4
13485 10 9 5
13486 11 10 4
13487 10 9 5
13488 13 13 5
13489 11 11 5
13490 13 13 5
13491 11 11 5
13492 15 14 6
13493 14 14 4
13494 12 11 5
13495 9 9 5
13496 15 14 6
13497 16 15 7
13498 15 14 6
13499 10 10 4
13500 16 15 5
13501 25 24 6
13502 8 8 4
13503 14 13 5
13504 23 23 5
13505 17 17 7
13506 15 14 4
13507 10 9 5
13508 17 17 5
13509 9 8 4
13510 18 17 7
13511 9 8 4
13512 16 15 5
13513 21 20 6
13514 24 24 6
13515 18 17 5
13516 15 15 7
13517 39 38 6
13518 14 14 4
13519 20 19 5
13520 29 28 6
13521 24 23 5
13522 23 23 7
13523 27 26 6
13524 28 27 5
13525 37 37 7
13526 17 16 4
13527 30 29 5
13528 27 26 6
13529 18 18 6
13530 18 18 8
13531 40 40 8
13532 20 19 5
13533 35 35 5
13534 33 32 8
13535 34 33 9
13536 15 14 4
13537 26 25 5
13538 17 17 5
13539 23 23 7
13540 33 32 8
13541 36 36 10
13542 36 35 7
13543 29 29 9
13544 27 27 9
13545 15 14 4
13546 20 19 5
13547 21 21 7
13548 21 21 5
13549 33 33 5
13550 27 27 9
13551 19 18 4
13552 24 23 7
13553 25 25 9
13554 21 20 8
13555 22 22 4
13556 44 43 13
13557 15 14 4
13558 22 21 5
13559 47 46 6
13560 16 16 4
13561 26 25 5
13562 15 14 6
13563 18 18 6
13564 12 12 4
13565 16 15 5
13566 13 12 4
13567 26 25 7
13568 25 24 6
13569 30 30 6
13570 16 16 8
13571 30 30 10
13572 16 15 5
13573 23 23 5
13574 29 29 7
13575 23 22 6
13576 18 18 8
13577 22 22 8
13578 22 21 5
13579 23 23 5
13580 37 37 11
13581 19 18 4
13582 26 25 7
13583 19 18 4
13584 32 31 7
13585 27 27 7
13586 19 18 6
13587 32 32 6
13588 16 16 4
13589 26 25 5
13590 35 35 7
13591 37 36 10
13592 26 25 5
13593 23 23 7
13594 49 48 12
13595 10 10 4
13596 30 29 11
13597 27 27 5
13598 27 27 9
13599 11 11 5
13600 31 31 7
13601 25 25 7
13602 19 18 6
13603 38 38 8
13604 20 19 5
13605 21 21 5
13606 21 20 4
13607 24 23 5
13608 39 39 7
13609 27 27 7
13610 17 17 5
13611 19 19 5
13612 25 25 5
13613 21 21 5
13614 17 17 5
13615 15 14 6
13616 28 28 8
13617 24 23 7
13618 27 26 6
13619 18 18 6
13620 16 15 5
13621 27 26 6
13622 18 17 5
13623 13 12 4
13624 14 13 5
13625 13 12 4
13626 28 27 7
13627 23 22 6
13628 10 10 4
13629 26 25 7
13630 19 19 5
13631 13 13 5
13632 23 22 6
13633 18 18 6
13634 20 20 6
13635 14 13 5
13636 31 31 7
13637 13 12 4
13638 16 15 5
13639 9 9 5
13640 19 18 6
13641 16 16 6
13642 14 14 4
13643 22 21 7
13644 9 9 5
13645 9 8 4
13646 20 19 5
13647 13 13 5
13648 21 20 6
13649 14 14 4
13650 14 13 5
13651 21 21 5
13652 13 13 7
13653 15 14 4
13654 12 11 5
13655 15 14 4
13656 12 11 5
13657 19 19 5
13658 25 24 6
13659 16 16 4
13660 18 17 7
13661 11 11 5
13662 23 23 7
13663 13 12 6
13664 18 17 5
13665 21 20 6
13666 12 11 5
13667 15 15 5
13668 13 12 6
13669 18 17 7
13670 15 14 4
13671 12 11 5
13672 11 10 6
13673 16 16 6
13674 10 9 5
13675 13 12 4
13676 14 13 7
13677 19 19 7
13678 13 12 4
13679 18 17 5
13680 7 6 5
13681 21 20 6
13682 28 27 7
13683 21 20 6
13684 32 31 7
13685 25 24 8
13686 14 14 4
13687 18 17 5
13688 15 15 5
13689 13 12 6
13690 20 19 5
13691 19 19 7
13692 19 19 7
13693 17 16 6
13694 22 21 5
13695 23 23 7
13696 11 10 4
13697 30 29 11
13698 11 10 4
13699 26 25 5
13700 13 12 4
13701 14 13 5
13702 19 19 5
13703 31 30 6
13704 8 8 4
13705 26 25 5
13706 17 17 5
13707 19 19 7
13708 25 24 6
13709 12 12 4
13710 18 17 5
13711 27 26 6
13712 22 21 5
13713 13 12 4
13714 12 11 5
13715 17 16 8
13716 18 18 4
13717 28 27 5
13718 23 23 5
13719 33 33 5
13720 25 24 6
13721 24 24 6
13722 12 12 4
13723 24 23 5
13724 27 27 7
13725 9 9 5
13726 25 24 4
13727 26 25 5
13728 27 27 7
13729 23 22 4
13730 16 15 7
13731 23 22 6
13732 24 24 6
13733 18 17 5
13734 17 17 7
13735 21 20 6
13736 20 19 5
13737 13 13 5
13738 17 17 5
13739 11 10 4
13740 22 21 7
13741 17 17 5
13742 13 12 4
13743 12 11 5
13744 17 17 5
13745 19 19 5
13746 13 13 5
13747 15 14 6
13748 12 12 6
13749 10 10 4
13750 14 13 5
13751 13 12 6
13752 16 16 6
13753 20 19 7
13754 13 12 4
13755 12 11 5
13756 25 25 9
13757 15 14 6
13758 12 12 6
13759 24 23 5
13760 21 20 8
13761 12 12 6
13762 10 9 5
13763 21 20 8
13764 10 10 4
13765 12 11 5
13766 21 21 5
13767 11 10 4
13768 10 9 5
13769 17 16 6
13770 14 14 6
13771 14 14 6
13772 16 16 8
13773 10 10 4
13774 18 17 5
13775 11 10 4
13776 16 15 7
13777 11 11 5
13778 15 15 7
13779 19 18 8
13780 16 16 6
13781 10 10 6
13782 18 18 6
13783 16 16 6
13784 16 16 6
13785 14 13 5
13786 15 15 5
13787 17 17 7
13788 17 17 5
13789 11 11 7
13790 23 22 6
13791 20 20 6
13792 8 8 4
13793 14 13 5
13794 23 22 8
13795 14 14 4
13796 16 15 5
13797 17 17 7
13798 13 12 6
13799 10 10 4
13800 18 17 5
13801 19 19 5
13802 11 11 5
13803 29 29 7
13804 19 19 5
13805 11 11 5
13806 19 19 5
13807 13 13 5
13808 19 18 6
13809 16 16 6
13810 14 14 6
13811 12 11 5
13812 15 15 5
13813 17 16 6
13814 12 11 5
13815 21 20 8
13816 14 14 6
13817 12 12 6
13818 18 18 6
13819 8 8 4
13820 18 17 5
13821 19 19 7
13822 21 20 6
13823 6 6 6
13824 17 16 6
13825 14 14 6
13826 12 12 4
13827 12 11 5
13828 5 5 5
13829 12 11 5
13830 11 11 5
13831 9 8 4
13832 10 9 5
13833 11 10 4
13834 12 11 7
13835 17 16 6
13836 6 5 4
13837 12 11 5
13838 11 10 4
13839 20 19 7
13840 15 14 6
13841 8 8 4
13842 14 13 5
13843 15 15 7
13844 17 16 6
13845 6 6 6
13846 19 18 8
13847 8 8 4
13848 10 9 5
13849 15 14 6
13850 10 9 5
13851 23 22 8
13852 8 8 4
13853 10 9 5
13854 9 9 5
13855 11 10 6
13856 10 10 6
13857 16 16 6
13858 16 16 4
13859 12 11 5
13860 21 20 6
13861 10 10 4
13862 10 9 5
13863 19 19 5
13864 11 11 5
13865 11 10 4
13866 24 23 5
13867 27 26 6
13868 12 12 4
13869 16 15 5
13870 25 25 5
13871 27 27 5
13872 21 21 7
13873 21 20 6
13874 16 15 5
13875 21 20 8
13876 20 20 6
13877 26 26 6
13878 24 24 4
13879 26 25 5
13880 37 37 9
13881 17 17 5
13882 25 24 8
13883 20 20 8
13884 20 20 4
13885 38 37 7
13886 25 25 5
13887 19 19 5
13888 19 18 6
13889 18 18 4
13890 38 37 7
13891 31 30 6
13892 30 29 7
13893 27 27 7
13894 27 26 8
13895 34 34 8
13896 34 34 8
13897 20 19 5
13898 39 39 9
13899 27 27 11
13900 25 24 6
13901 50 49 7
13902 43 43 9
13903 47 46 12
13904 42 41 9
13905 29 29 7
13906 45 44 16
13907 38 38 6
13908 16 16 6
13909 18 18 6
13910 48 48 18
13911 40 40 12
13912 32 31 9
13913 37 36 12
13914 20 20 6
13915 40 40 16
13916 32 31 5
13917 23 23 5
13918 33 33 9
13919 35 35 7
13920 19 19 5
13921 25 24 8
13922 22 22 4
13923 30 29 9
13924 25 24 8
13925 16 15 7
13926 17 16 6
13927 34 34 10
13928 26 26 8
13929 24 23 9
13930 19 18 4
13931 32 31 7
13932 17 16 4
13933 20 19 5
13934 21 20 4
13935 34 33 5
13936 19 19 5
13937 17 17 5
13938 23 22 6
13939 20 20 6
13940 28 27 5
13941 43 43 17
13942 21 20 4
13943 28 27 7
13944 19 18 6
13945 22 21 5
13946 21 20 8
13947 20 20 4
13948 28 27 7
13949 21 21 7
13950 33 32 10
13951 20 19 5
13952 15 14 6
13953 20 20 6
13954 14 13 5
13955 21 20 8
13956 24 23 5
13957 13 13 5
13958 13 13 5
13959 29 28 6
13960 18 17 5
13961 15 15 5
13962 17 16 4
13963 12 11 5
13964 39 38 4
13965 22 21 5
13966 29 29 5
13967 27 26 6
13968 14 14 6
13969 18 17 5
13970 37 36 6
13971 16 16 4
13972 20 19 7
13973 17 16 4
13974 26 25 5
13975 31 31 7
13976 33 32 8
13977 28 28 6
13978 44 44 8
13979 22 21 7
13980 33 32 6
13981 34 34 8
13982 32 31 7
13983 35 34 8
13984 28 28 6
13985 22 22 6
13986 26 26 6
13987 30 30 6
13988 40 40 6
13989 22 22 8
13990 30 29 5
13991 21 20 6
13992 34 33 7
13993 23 22 6
13994 26 26 6
13995 18 18 4
13996 16 15 5
13997 33 33 9
13998 19 18 4
13999 24 23 5
14000 19 19 7
14001 33 32 6
14002 16 16 4
14003 32 31 7
14004 13 13 5
14005 17 17 5
14006 17 16 6
14007 14 14 4
14008 26 25 7
14009 13 13 5
14010 15 14 4
14011 20 19 5
14012 17 17 5
14013 27 26 6
14014 10 10 4
14015 18 17 5
14016 19 19 5
14017 19 19 5
14018 13 12 4
14019 24 23 5
14020 27 27 7
14021 21 21 5
14022 19 18 6
14023 8 8 4
14024 24 23 5
14025 25 24 6
14026 24 24 6
14027 24 24 6
14028 20 20 4
14029 24 23 5
14030 31 30 6
14031 34 34 8
14032 18 18 6
14033 28 28 6
14034 26 26 4
14035 36 35 7
14036 19 18 4
14037 28 27 5
14038 17 16 4
14039 26 25 7
14040 35 35 7
14041 33 32 6
14042 16 16 4
14043 18 17 5
14044 27 26 6
14045 28 28 6
14046 20 19 5
14047 23 23 5
14048 27 27 7
14049 23 22 4
14050 12 11 5
14051 33 33 9
14052 15 14 4
14053 22 21 5
14054 17 17 5
14055 19 19 7
14056 15 15 5
14057 15 14 4
14058 22 21 5
14059 23 22 6
14060 12 11 5
14061 23 22 6
14062 16 16 6
14063 16 16 4
14064 18 17 5
14065 15 15 5
14066 23 22 4
14067 16 15 5
14068 25 24 4
14069 16 15 5
14070 17 16 6
14071 16 16 4
14072 14 13 7
14073 31 31 7
14074 13 12 6
14075 16 16 6
14076 14 14 6
14077 12 12 4
14078 12 11 5
14079 15 14 6
14080 22 22 6
14081 16 15 5
14082 19 18 6
14083 14 14 6
14084 18 17 5
14085 15 15 5
14086 21 20 8
14087 14 13 5
14088 13 13 5
14089 15 14 8
14090 14 14 6
14091 14 14 6
14092 12 11 5
14093 17 17 5
14094 21 20 6
14095 12 12 6
14096 10 10 4
14097 16 15 5
14098 19 19 5
14099 13 12 4
14100 18 17 5
14101 13 12 6
14102 22 22 4
14103 18 17 5
14104 11 11 5
14105 13 12 6
14106 8 8 4
14107 18 17 5
14108 19 18 6
14109 10 10 4
14110 14 13 5
14111 17 17 7
14112 13 12 4
14113 18 17 5
14114 21 21 7
14115 7 6 5
14116 13 12 4
14117 22 21 5
14118 15 15 5
14119 17 17 5
14120 17 16 6
14121 24 24 6
14122 8 8 4
14123 16 15 5
14124 17 17 7
14125 19 18 6
14126 20 20 4
14127 18 17 5
14128 17 16 6
14129 16 16 4
14130 22 21 7
14131 9 9 5
14132 13 12 6
14133 18 18 6
14134 28 27 7
14135 29 28 6
14136 18 18 4
14137 18 17 5
14138 21 20 6
14139 18 18 4
14140 14 13 5
14141 11 11 5
14142 19 18 4
14143 12 11 5
14144 13 12 4
14145 28 27 5
14146 19 19 7
14147 15 14 4
14148 24 23 5
14149 13 12 4
14150 12 11 5
14151 9 8 4
14152 10 9 5
14153 11 11 5
14154 13 13 5
14155 21 20 8
14156 12 12 6
14157 12 12 6
14158 20 20 6
14159 8 8 4
14160 18 17 7
14161 15 14 4
14162 20 19 5
14163 21 21 5
14164 13 13 5
14165 15 14 6
14166 10 9 5
14167 13 12 6
14168 16 16 6
14169 20 20 4
14170 10 9 5
14171 9 8 4
14172 28 27 7
14173 17 17 5
14174 21 21 5
14175 19 19 5
14176 9 9 5
14177 19 18 6
14178 6 5 4
14179 10 9 5
14180 11 11 5
14181 13 13 5
14182 13 12 6
14183 16 15 5
14184 25 24 6
14185 10 9 5
14186 13 12 4
14187 14 13 7
14188 9 8 4
14189 18 17 5
14190 19 18 4
14191 30 29 7
14192 23 22 6
14193 16 16 6
14194 14 13 5
14195 25 25 7
14196 15 14 4
14197 20 19 5
14198 17 16 6
14199 16 15 5
14200 23 22 6
14201 14 14 4
14202 12 11 5
14203 13 13 5
14204 13 13 5
14205 17 17 5
14206 19 19 7
14207 7 6 5
14208 19 18 4
14209 18 17 7
14210 23 22 6
14211 16 16 4
14212 12 11 5
14213 19 18 6
14214 10 10 6
14215 12 12 6
14216 12 12 4
14217 16 15 5
14218 19 19 5
14219 13 12 6
14220 14 14 6
14221 14 14 4
14222 16 15 5
14223 7 7 7
14224 18 18 4
14225 18 17 5
14226 25 24 6
14227 18 17 5
14228 17 17 5
14229 15 15 5
14230 21 20 6
14231 20 20 6
14232 28 27 5
14233 11 10 4
14234 16 15 5
14235 23 23 5
14236 23 22 8
14237 24 24 6
14238 24 23 5
14239 21 20 4
14240 12 11 5
14241 11 10 4
14242 12 11 7
14243 17 16 4
14244 32 31 5
14245 35 34 10
14246 16 16 4
14247 16 15 5
14248 11 10 6
14249 20 20 6
14250 12 12 4
14251 14 13 5
14252 31 31 7
14253 17 16 6
14254 22 22 4
14255 16 15 5
14256 11 10 4
14257 22 21 5
14258 13 13 5
14259 23 22 6
14260 24 23 5
14261 23 23 5
14262 29 29 5
14263 17 17 7
14264 9 8 4
14265 26 25 5
14266 13 13 5
14267 31 30 6
14268 12 11 5
14269 11 10 4
14270 24 23 5
14271 29 29 7
14272 29 29 5
14273 19 19 5
14274 31 30 8
14275 26 26 6
14276 18 17 5
14277 17 17 7
14278 27 27 9
14279 33 33 7
14280 27 27 7
14281 37 37 5
14282 25 25 5
14283 33 33 7
14284 23 23 5
14285 23 22 4
14286 24 23 5
14287 31 30 6
14288 32 31 7
14289 33 32 6
14290 32 32 8
14291 20 20 4
14292 28 27 5
14293 39 39 7
14294 31 31 5
14295 37 36 6
14296 34 33 11
14297 41 40 12
14298 28 28 6
14299 48 47 11
14300 35 34 8
14301 26 25 7
14302 31 31 11
14303 53 53 11
14304 23 23 5
14305 41 40 8
14306 36 35 13
14307 45 45 13
14308 35 34 8
14309 36 35 5
14310 35 35 9
14311 39 38 10
14312 44 44 8
14313 42 41 7
14314 17 17 7
14315 43 42 10
14316 64 63 17
14317 29 28 6
14318 48 47 9
14319 33 32 6
14320 36 35 11
14321 47 47 13
14322 39 39 15
14323 17 16 6
14324 44 44 12
14325 24 23 7
14326 31 31 9
14327 33 32 6
14328 42 42 10
14329 30 30 8
14330 20 20 6
14331 44 44 14
14332 42 42 10
14333 36 36 10
14334 50 49 13
14335 41 41 9
14336 51 50 18
14337 34 33 9
14338 27 26 12
14339 46 46 12
14340 30 30 6
14341 56 55 17
14342 17 17 5
14343 41 40 8
14344 40 39 9
14345 43 42 8
14346 44 43 9
14347 29 29 7
14348 41 40 10
14349 30 29 7
14350 27 26 6
14351 14 13 5
14352 27 27 5
14353 21 21 7
14354 21 20 4
14355 40 39 13
14356 31 30 6
14357 34 34 6
14358 24 23 7
14359 39 39 13
14360 27 27 9
14361 29 28 6
14362 26 25 5
14363 33 33 7
14364 19 18 4
14365 30 29 7
14366 21 21 5
14367 33 33 7
14368 17 17 5
14369 35 34 6
14370 32 32 6
14371 40 40 10
14372 22 22 6
14373 26 25 7
14374 25 24 6
14375 22 22 4
14376 32 31 7
14377 31 30 8
14378 32 32 8
14379 30 30 8
14380 22 21 5
14381 33 32 8
14382 20 19 5
14383 27 26 10
14384 28 28 8
14385 18 18 6
14386 22 22 4
14387 18 17 5
14388 41 40 8
14389 18 17 5
14390 23 22 6
14391 16 16 6
14392 14 14 4
14393 30 29 9
14394 25 24 6
14395 22 22 4
14396 18 17 7
14397 37 37 7
14398 39 39 5
14399 35 34 10
14400 20 20 6
14401 16 15 5
14402 33 32 6
14403 30 29 7
14404 39 38 6
14405 26 26 8
14406 28 27 5
14407 23 23 5
14408 25 24 6
14409 16 15 5
14410 19 19 5
14411 29 29 5
14412 25 25 5
14413 21 21 5
14414 17 17 5
14415 29 28 4
14416 22 21 7
14417 21 20 4
14418 28 27 5
14419 21 20 6
14420 18 17 5
14421 19 18 6
14422 14 14 4
14423 22 21 5
14424 31 30 6
14425 34 33 5
14426 19 18 6
14427 38 38 8
14428 18 17 5
14429 23 22 6
14430 28 27 5
14431 27 26 4
14432 22 21 5
14433 31 31 5
14434 25 25 5
14435 21 21 5
14436 17 17 5
14437 21 20 6
14438 18 17 5
14439 13 13 5
14440 25 25 5
14441 27 27 7
14442 17 16 6
14443 14 14 4
14444 12 11 5
14445 19 18 6
14446 14 14 4
14447 12 11 5
14448 17 16 6
14449 20 19 5
14450 23 22 6
14451 18 18 6
14452 14 14 6
14453 22 21 5
14454 13 13 7
14455 13 12 4
14456 22 21 5
14457 17 16 4
14458 14 13 5
14459 19 18 6
14460 6 6 6
14461 11 10 6
14462 22 21 7
14463 13 12 4
14464 16 15 5
14465 17 16 4
14466 14 13 5
14467 13 13 7
14468 11 10 4
14469 12 11 5
14470 17 16 6
14471 30 29 7
14472 15 14 4
14473 18 17 5
14474 9 8 4
14475 8 7 6
14476 16 16 6
14477 10 10 6
14478 16 16 4
14479 8 7 6
14480 14 14 6
14481 12 12 4
14482 14 13 5
14483 13 13 5
14484 11 10 6
14485 8 8 4
14486 10 9 5
14487 9 9 5
14488 27 26 4
14489 18 17 5
14490 13 12 4
14491 16 15 5
14492 17 17 5
14493 9 9 5
14494 13 12 4
14495 12 11 5
14496 19 18 6
14497 10 10 4
14498 14 13 5
14499 23 22 4
14500 20 19 5
14501 11 10 4
14502 6 5 4
14503 10 9 5
14504 13 13 7
14505 15 14 4
14506 12 11 5
14507 9 9 5
14508 15 14 6
14509 18 18 6
14510 16 16 4
14511 20 19 5
14512 9 9 5
14513 11 10 4
14514 24 23 5
14515 5 5 5
14516 10 9 5
14517 13 12 6
14518 14 14 6
14519 12 12 6
14520 8 8 4
14521 20 19 5
14522 17 17 9
14523 17 16 6
14524 10 10 4
14525 10 9 5
14526 19 19 5
14527 9 9 5
14528 13 12 4
14529 16 15 5
14530 15 14 6
14531 10 10 4
14532 16 15 7
14533 9 8 4
14534 16 15 5
14535 5 5 5
14536 16 15 5
14537 9 9 5
14538 17 16 6
14539 16 16 6
14540 12 11 5
14541 11 11 5
14542 9 8 4
14543 20 19 7
14544 13 13 5
14545 17 16 6
14546 30 30 8
14547 14 14 4
14548 14 13 5
14549 15 14 6
14550 8 8 4
14551 20 19 5
14552 15 15 5
14553 17 16 4
14554 20 19 5
14555 21 20 6
14556 18 17 7
14557 23 22 6
14558 10 10 4
14559 8 7 6
14560 10 10 6
14561 10 10 6
14562 16 16 6
14563 16 16 4
14564 18 17 7
14565 11 10 4
14566 12 11 5
14567 13 12 4
14568 12 11 5
14569 13 12 4
14570 12 11 7
14571 25 24 4
14572 14 13 5
14573 15 14 4
14574 12 11 5
14575 7 6 5
14576 13 12 4
14577 10 9 5
14578 9 8 7
14579 11 10 4
14580 10 9 5
14581 15 14 6
14582 16 16 6
14583 16 15 5
14584 17 16 6
14585 14 13 5
14586 15 14 6
14587 10 10 4
14588 16 15 7
14589 13 12 6
14590 14 14 6
14591 16 16 6
14592 18 18 8
14593 10 10 4
14594 16 15 5
14595 11 10 6
14596 6 6 6
14597 15 14 4
14598 12 11 5
14599 13 12 6
14600 8 8 4
14601 6 5 4
14602 14 13 5
14603 13 12 6
14604 16 16 4
14605 12 11 5
14606 13 12 6
14607 16 15 5
14608 11 11 5
14609 7 6 5
14610 9 8 4
14611 20 19 7
14612 13 12 4
14613 12 11 5
14614 15 14 8
14615 10 10 6
14616 10 10 4
14617 20 19 7
14618 17 16 6
14619 16 15 5
14620 15 15 5
14621 15 14 8
14622 14 14 6
14623 6 6 6
14624 19 18 6
14625 8 8 4
14626 18 17 7
14627 11 10 6
14628 12 12 6
14629 8 8 4
14630 16 15 7
14631 13 13 7
14632 13 12 6
14633 6 5 4
14634 16 15 7
14635 13 12 4
14636 10 9 5
14637 19 18 4
14638 14 13 5
14639 19 18 8
14640 24 24 6
14641 16 16 4
14642 26 25 7
14643 11 10 4
14644 14 13 5
14645 7 6 5
14646 15 14 6
14647 8 8 4
14648 10 9 5
14649 11 10 4
14650 16 15 5
14651 17 17 7
14652 13 13 5
14653 9 8 4
14654 18 17 5
14655 11 11 5
14656 13 13 5
14657 11 10 4
14658 14 13 7
14659 13 12 4
14660 12 11 5
14661 25 25 7
14662 5 5 5
14663 16 15 7
14664 13 12 4
14665 14 13 5
14666 19 18 6
14667 22 22 8
14668 14 14 4
14669 18 17 5
14670 21 20 4
14671 16 15 5
14672 17 16 4
14673 12 11 5
14674 9 8 4
14675 14 13 5
14676 21 20 6
14677 14 14 6
14678 18 18 6
14679 12 12 6
14680 12 12 4
14681 14 13 5
14682 13 13 5
14683 13 13 5
14684 15 14 6
14685 16 16 4
14686 14 13 7
14687 19 18 4
14688 14 13 5
14689 13 12 6
14690 12 12 4
14691 12 11 5
14692 5 5 5
14693 12 11 5
14694 13 12 4
14695 14 13 5
14696 17 16 6
14697 10 10 4
14698 10 9 5
14699 11 11 5
14700 13 12 4
14701 12 11 5
14702 13 12 6
14703 10 10 4
14704 10 9 5
14705 19 19 5
14706 5 5 5
14707 16 15 5
14708 17 17 5
14709 21 20 6
14710 26 25 7
14711 15 14 4
14712 12 11 5
14713 9 8 4
14714 14 13 5
14715 15 15 5
14716 15 15 5
14717 15 15 5
14718 11 11 5
14719 19 19 5
14720 13 13 5
14721 15 14 6
14722 10 9 5
14723 13 12 4
14724 16 15 5
14725 13 12 4
14726 10 9 5
14727 21 21 7
14728 17 16 4
14729 14 13 5
14730 21 20 6
14731 20 20 8
14732 28 28 6
14733 6 6 6
14734 9 9 5
14735 15 14 6
14736 14 13 5
14737 9 9 5
14738 15 14 4
14739 10 9 5
14740 11 10 4
14741 8 7 6
14742 14 14 6
14743 14 13 5
14744 23 23 5
14745 11 10 6
14746 20 20 8
14747 12 12 6
14748 8 8 4
14749 14 13 5
14750 13 13 5
14751 9 9 5
14752 17 17 5
14753 15 15 5
14754 13 13 5
14755 9 9 5
14756 23 22 6
14757 14 13 5
14758 17 17 5
14759 15 14 6
14760 16 15 5
14761 11 10 4
14762 14 13 7
14763 13 13 5
14764 15 15 5
14765 13 13 5
14766 15 14 6
14767 14 14 4
14768 14 13 5
14769 19 19 5
14770 17 17 5
14771 9 9 5
14772 11 10 4
14773 30 29 5
14774 15 15 5
14775 15 14 6
14776 20 19 5
14777 13 12 4
14778 14 13 5
14779 13 13 5
14780 13 13 5
14781 15 14 4
14782 12 11 5
14783 19 18 4
14784 16 15 5
14785 13 12 4
14786 16 15 7
14787 13 12 4
14788 14 13 5
14789 27 26 6
14790 18 18 6
14791 14 14 6
14792 14 14 4
14793 20 19 5
14794 15 15 5
14795 15 14 6
14796 14 14 4
14797 16 15 5
14798 19 19 7
14799 13 12 6
14800 10 10 4
14801 18 17 7
14802 15 15 5
14803 17 16 6
14804 12 12 6
14805 18 18 6
14806 6 5 4
14807 14 13 5
14808 15 15 5
14809 19 18 6
14810 14 14 4
14811 40 39 7
14812 23 22 6
14813 16 16 4
14814 26 25 7
14815 23 23 5
14816 29 29 5
14817 33 33 5
14818 33 32 6
14819 26 26 6
14820 38 37 9
14821 33 32 6
14822 36 35 7
14823 21 20 4
14824 26 25 5
14825 33 33 7
14826 21 21 5
14827 35 34 6
14828 40 39 7
14829 43 43 7
14830 25 25 5
14831 31 31 7
14832 19 19 5
14833 37 36 6
14834 36 35 7
14835 23 22 6
14836 36 35 7
14837 27 27 7
14838 27 26 8
14839 16 16 4
14840 20 19 5
14841 25 25 5
14842 27 26 6
14843 24 23 5
14844 15 15 5
14845 19 18 6
14846 22 22 4
14847 28 27 7
14848 35 34 6
14849 34 34 8
14850 16 16 4
14851 24 23 5
14852 31 30 6
14853 42 42 6
14854 26 26 10
14855 24 23 7
14856 21 21 5
14857 21 21 5
14858 21 20 6
14859 20 20 6
14860 18 18 4
14861 22 21 5
14862 31 30 6
14863 24 24 4
14864 32 31 7
14865 23 22 6
14866 28 28 6
14867 14 14 4
14868 18 17 5
14869 31 31 9
14870 13 12 4
14871 24 23 5
14872 23 23 5
14873 15 15 5
14874 21 20 6
14875 8 8 4
14876 22 21 7
14877 15 14 4
14878 18 17 5
14879 11 10 4
14880 28 27 7
14881 21 20 6
14882 16 15 5
14883 23 22 6
14884 14 14 6
14885 22 21 5
14886 21 21 5
14887 25 24 6
14888 36 35 7
14889 17 17 5
14890 23 23 5
14891 33 32 10
14892 18 17 5
14893 17 17 7
14894 37 36 12
14895 20 20 6
14896 22 22 4
14897 18 17 5
14898 17 17 5
14899 31 30 10
14900 26 26 6
14901 20 20 6
14902 18 18 6
14903 12 12 6
14904 18 17 7
14905 27 26 4
14906 26 25 5
14907 27 26 8
14908 14 14 6
14909 16 16 6
14910 34 33 7
14911 13 12 4
14912 16 15 5
14913 23 23 5
14914 17 17 5
14915 19 19 5
14916 13 12 4
14917 22 21 5
14918 23 22 6
14919 20 20 4
14920 28 27 7
14921 15 15 5
14922 35 35 7
14923 35 34 6
14924 16 15 7
14925 17 16 4
14926 20 19 5
14927 23 23 5
14928 29 28 8
14929 24 24 6
14930 22 22 4
14931 18 17 5
14932 21 21 5
14933 17 16 6
14934 28 27 5
14935 19 19 7
14936 23 22 4
14937 22 21 7
14938 31 31 7
14939 19 19 5
14940 23 22 6
14941 30 30 6
14942 14 14 4
14943 22 21 7
14944 17 16 6
14945 10 10 4
14946 24 23 7
14947 21 20 6
14948 22 21 5
14949 21 20 4
14950 10 9 5
14951 9 9 5
14952 17 16 6
14953 20 19 5
14954 11 10 6
14955 14 14 4
14956 16 15 5
14957 11 11 5
14958 15 14 6
14959 10 10 4
14960 18 17 5
14961 17 16 6
14962 20 20 6
14963 16 15 5
14964 15 14 6
14965 10 9 5
14966 23 22 6
14967 22 22 6
14968 22 22 6
14969 12 11 5
14970 15 15 5
14971 21 20 8
14972 12 12 4
14973 20 19 5
14974 13 13 5
14975 13 12 4
14976 14 13 7
14977 17 16 4
14978 14 13 5
14979 9 8 4
14980 20 19 9
14981 13 12 4
14982 14 13 5
14983 13 12 6
14984 12 11 5
14985 17 17 7
14986 11 10 6
14987 20 19 5
14988 11 10 6
14989 12 12 6
14990 14 14 4
14991 16 15 5
14992 15 14 4
14993 18 17 5
14994 13 13 5
14995 13 13 5
14996 19 18 6
14997 12 12 6
14998 14 14 6
14999 24 24 8
15000 10 10 4
15001 10 9 5
15002 17 16 6
15003 16 16 6
15004 10 10 6
15005 22 21 5
15006 19 18 6
15007 18 18 4
15008 16 15 7
15009 17 16 6
15010 16 16 6
15011 10 10 4
15012 18 17 5
15013 17 17 5
15014 11 11 5
15015 15 14 6
15016 18 18 6
15017 14 13 7
15018 9 8 4
15019 14 13 5
15020 13 12 4
15021 12 11 5
15022 15 14 4
15023 16 15 5
15024 13 13 5
15025 11 11 5
15026 13 12 4
15027 10 9 5
15028 19 18 8
15029 10 9 5
15030 15 14 4
15031 18 17 5
15032 15 14 4
15033 16 15 5
15034 9 9 5
15035 11 11 5
15036 15 15 7
15037 17 16 4
15038 14 13 5
15039 21 21 5
15040 17 16 6
15041 12 11 5
15042 13 12 4
15043 14 13 5
15044 11 11 7
15045 17 16 6
15046 14 13 5
15047 15 14 6
15048 22 22 4
15049 18 17 7
15050 15 14 4
15051 10 9 5
15052 11 10 6
15053 12 11 5
15054 13 12 6
15055 14 14 6
15056 12 12 4
15057 18 17 7
15058 19 18 6
15059 14 14 4
15060 16 15 5
15061 13 13 5
15062 9 9 5
15063 13 12 6
15064 10 10 4
15065 16 15 7
15066 21 21 5
15067 11 10 6
15068 18 17 5
15069 25 25 7
15070 15 14 4
15071 10 9 5
15072 15 15 5
15073 9 9 5
15074 17 16 6
15075 10 10 6
15076 20 20 6
15077 12 12 6
15078 16 16 4
15079 16 15 7
15080 9 9 5
15081 15 14 8
15082 10 10 6
15083 12 12 4
15084 16 15 5
15085 9 9 5
15086 11 10 6
15087 16 15 5
15088 15 14 4
15089 18 17 5
15090 13 13 5
15091 21 20 6
15092 18 17 7
15093 21 20 6
15094 14 14 4
15095 16 15 5
15096 19 19 5
15097 21 20 4
15098 14 13 5
15099 17 16 4
15100 12 11 7
15101 21 21 5
15102 19 18 6
15103 16 15 5
15104 21 21 7
15105 15 15 5
15106 25 24 4
15107 22 21 5
15108 23 23 7
15109 21 20 4
15110 24 23 7
15111 7 6 5
15112 15 14 6
15113 14 14 4
15114 28 27 5
15115 27 26 8
15116 18 18 6
15117 20 20 4
15118 10 9 5
15119 17 16 6
15120 16 15 5
15121 23 23 5
15122 15 15 5
15123 19 18 6
15124 16 16 6
15125 12 12 4
15126 20 19 5
15127 15 14 4
15128 18 17 5
15129 17 16 4
15130 22 21 5
15131 25 25 5
15132 17 16 4
15133 16 15 5
15134 17 17 5
15135 13 13 5
15136 23 23 5
15137 21 20 6
15138 10 10 4
15139 12 11 5
15140 21 20 4
15141 22 21 5
15142 11 11 5
15143 13 13 5
15144 13 13 5
15145 23 22 6
15146 18 17 5
15147 15 14 4
15148 20 19 5
15149 15 14 6
15150 18 18 4
15151 20 19 5
15152 17 16 6
15153 34 34 8
15154 26 26 4
15155 20 19 5
15156 15 14 4
15157 20 19 5
15158 21 20 6
15159 18 18 4
15160 38 37 5
15161 33 33 5
15162 31 30 6
15163 22 21 5
15164 29 28 10
15165 20 20 4
15166 38 37 7
15167 25 24 6
15168 26 26 8
15169 44 43 7
15170 31 31 5
15171 33 33 7
15172 29 28 6
15173 20 19 5
15174 41 40 10
15175 20 19 5
15176 37 36 4
15177 30 29 9
15178 35 34 12
15179 38 37 7
15180 39 38 12
15181 34 34 12
15182 32 32 12
15183 28 28 10
15184 30 30 8
15185 28 28 6
15186 18 17 5
15187 47 47 13
15188 41 40 6
15189 42 42 12
15190 28 28 8
15191 42 42 10
15192 30 29 5
15193 25 25 5
15194 35 34 6
15195 18 17 5
15196 27 27 5
15197 45 45 19
15198 31 30 8
15199 14 14 6
15200 30 30 6
15201 36 35 7
15202 31 31 7
15203 17 17 5
15204 15 14 4
15205 32 31 7
15206 23 22 4
15207 42 41 11
15208 17 17 5
15209 21 21 5
15210 35 34 8
15211 32 32 14
15212 24 24 8
15213 24 23 5
15214 23 22 6
15215 34 33 7
15216 17 16 4
15217 36 35 5
15218 31 31 7
15219 15 14 6
15220 26 26 10
15221 20 19 5
15222 25 25 5
15223 25 25 7
15224 27 26 6
15225 32 32 8
15226 30 29 9
15227 23 23 5
15228 19 18 6
15229 30 30 6
15230 20 20 6
15231 26 25 7
15232 23 22 6
15233 38 37 7
15234 17 17 5
15235 39 38 12
15236 22 21 7
15237 19 19 5
15238 23 23 7
15239 33 32 10
15240 36 36 10
15241 16 16 6
15242 24 23 7
15243 37 36 16
15244 26 26 6
15245 34 34 14
15246 30 29 5
15247 27 26 8
15248 28 28 8
15249 38 37 9
15250 17 17 5
15251 21 21 9
15252 19 18 6
15253 24 23 7
15254 29 28 12
15255 32 32 8
15256 22 22 8
15257 16 16 6
15258 26 26 8
15259 36 35 7
15260 21 20 6
15261 22 22 4
15262 24 23 5
15263 27 26 8
15264 18 18 6
15265 22 22 6
15266 36 35 5
15267 19 19 5
15268 23 23 5
15269 17 17 5
15270 17 16 6
15271 22 22 6
15272 14 14 6
15273 36 36 10
15274 34 34 4
15275 24 23 7
15276 19 18 6
15277 24 23 7
15278 29 29 7
15279 19 19 7
15280 25 24 6
15281 12 12 4
15282 24 23 5
15283 37 36 4
15284 20 19 5
15285 23 23 7
15286 15 14 6
15287 26 26 8
15288 22 22 4
15289 26 25 5
15290 21 20 6
15291 34 34 8
15292 28 28 6
15293 20 19 7
15294 35 34 8
15295 20 20 8
15296 14 14 6
15297 22 22 6
15298 32 32 6
15299 14 13 5
15300 25 24 4
15301 18 17 5
15302 13 13 5
15303 13 13 5
15304 19 18 6
15305 28 27 5
15306 25 25 5
15307 23 23 7
15308 31 30 6
15309 30 30 10
15310 30 30 6
15311 24 23 7
15312 21 20 8
15313 24 24 6
15314 40 40 6
15315 20 20 6
15316 28 28 4
15317 20 19 7
15318 21 20 4
15319 16 15 5
15320 13 13 5
15321 21 21 5
15322 15 15 5
15323 27 27 7
15324 29 28 8
15325 18 18 6
15326 16 16 4
15327 16 15 5
15328 13 13 5
15329 17 16 6
15330 20 20 4
15331 18 17 5
15332 21 20 6
15333 18 18 6
15334 18 18 4
15335 16 15 5
15336 15 14 6
15337 14 14 4
15338 20 19 5
15339 21 20 6
15340 12 11 5
15341 15 14 4
15342 14 13 5
15343 15 14 6
15344 20 20 4
15345 16 15 5
15346 15 15 5
15347 21 21 5
15348 23 22 6
15349 20 20 4
15350 16 15 5
15351 13 13 7
15352 21 20 4
15353 18 17 5
15354 19 18 4
15355 30 29 5
15356 17 17 7
15357 23 22 6
15358 18 18 6
15359 20 20 6
15360 22 22 6
15361 20 20 6
15362 16 15 5
15363 19 18 6
15364 16 16 6
15365 10 10 6
15366 14 14 4
15367 20 19 5
15368 17 16 4
15369 14 13 5
15370 23 22 6
15371 22 22 8
15372 22 21 5
15373 41 40 10
15374 22 21 7
15375 23 23 5
15376 17 17 5
15377 19 19 5
15378 19 19 5
15379 21 20 6
15380 32 32 8
15381 20 20 6
15382 22 21 5
15383 19 18 6
15384 24 24 6
15385 16 16 6
15386 30 30 8
15387 28 27 7
15388 23 22 6
15389 28 28 6
15390 22 22 6
15391 12 12 6
15392 20 20 6
15393 30 30 6
15394 28 28 6
15395 24 24 4
15396 26 25 5
15397 19 19 5
15398 23 23 5
15399 11 11 5
15400 33 33 5
15401 23 23 5
15402 13 13 5
15403 17 16 6
15404 12 12 4
15405 14 13 5
15406 15 14 6
15407 14 14 6
15408 18 18 6
15409 16 15 5
15410 29 29 5
15411 21 21 7
15412 29 28 6
15413 24 24 6
15414 26 26 6
15415 12 12 4
15416 16 15 5
15417 21 20 6
15418 16 16 4
15419 20 19 5
15420 21 20 4
15421 12 11 5
15422 27 27 9
15423 29 28 8
15424 14 14 6
15425 12 12 4
15426 30 29 5
15427 15 15 5
15428 15 15 5
15429 13 13 5
15430 19 19 5
15431 15 15 5
15432 13 12 6
15433 18 17 5
15434 15 15 5
15435 13 12 4
15436 12 11 5
15437 17 16 4
15438 22 21 5
15439 33 33 5
15440 13 12 4
15441 26 25 7
15442 17 16 4
15443 18 17 5
15444 27 27 5
15445 19 19 5
15446 27 27 7
15447 21 20 6
15448 20 20 4
15449 16 15 5
15450 21 20 6
15451 28 27 5
15452 21 20 6
15453 12 12 4
15454 12 11 5
15455 13 12 4
15456 12 11 5
15457 21 20 6
15458 16 15 5
15459 23 23 5
15460 13 13 5
15461 9 8 4
15462 22 21 7
15463 9 8 4
15464 20 19 7
15465 15 14 6
15466 22 21 5
15467 17 16 4
15468 20 19 5
15469 13 12 6
15470 16 15 5
15471 13 12 6
15472 16 15 5
15473 17 17 5
15474 11 10 4
15475 16 15 5
15476 9 8 4
15477 14 13 5
15478 15 14 6
15479 12 12 4
15480 12 11 5
15481 13 12 6
15482 6 5 4
15483 14 13 5
15484 21 20 6
15485 12 12 4
15486 20 19 7
15487 23 22 6
15488 16 16 4
15489 18 17 5
15490 11 10 4
15491 28 27 5
15492 19 18 6
15493 10 10 4
15494 18 17 5
15495 15 15 5
15496 15 14 4
15497 10 9 5
15498 19 18 6
15499 20 19 5
15500 19 19 5
15501 15 14 6
15502 8 8 4
15503 10 9 5
15504 21 20 6
15505 16 16 4
15506 14 13 5
15507 19 18 6
15508 20 20 6
15509 6 6 6
15510 11 11 5
15511 11 10 4
15512 16 15 5
15513 15 15 5
15514 21 20 6
15515 22 21 5
15516 17 17 5
15517 11 10 4
15518 10 9 5
15519 13 13 5
15520 29 28 6
15521 22 21 5
15522 11 11 5
15523 13 12 4
15524 16 15 5
15525 11 10 4
15526 20 19 5
15527 17 16 6
15528 12 11 5
15529 13 13 5
15530 21 20 6
15531 10 10 4
15532 18 17 5
15533 17 17 5
15534 11 11 5
15535 11 10 4
15536 14 13 7
15537 9 9 5
15538 15 14 4
15539 10 9 5
15540 13 13 5
15541 11 10 4
15542 12 11 5
15543 15 15 5
15544 7 6 5
15545 9 9 5
15546 15 14 6
15547 16 16 6
15548 16 16 4
15549 20 19 5
15550 21 20 8
15551 22 22 6
15552 18 18 6
15553 26 25 7
15554 37 36 6
15555 34 34 6
15556 34 33 7
15557 19 18 4
15558 24 23 7
15559 21 20 8
15560 16 16 6
15561 22 22 8
15562 16 16 4
15563 14 13 5
15564 23 23 5
15565 19 18 4
15566 26 25 5
15567 17 17 5
15568 15 15 5
15569 27 26 6
15570 36 36 6
15571 20 19 5
15572 23 23 5
15573 21 21 5
15574 19 19 7
15575 13 12 6
15576 14 14 4
15577 28 27 5
15578 21 20 4
15579 22 21 7
15580 19 18 6
15581 20 20 6
15582 22 21 5
15583 33 32 6
15584 12 12 4
15585 18 17 5
15586 33 33 5
15587 33 33 5
15588 29 29 5
15589 19 19 5
15590 25 24 4
15591 50 49 7
15592 19 19 5
15593 13 13 5
15594 15 15 5
15595 19 19 5
15596 37 37 9
15597 17 16 4
15598 26 25 7
15599 23 22 6
15600 38 37 9
15601 35 35 9
15602 47 47 9
15603 31 31 9
15604 37 37 5
15605 35 35 9
15606 31 31 5
15607 31 31 7
15608 21 20 4
15609 44 43 9
15610 15 14 6
15611 26 26 6
15612 32 32 6
15613 42 41 9
15614 23 22 8
15615 32 32 4
15616 42 41 9
15617 23 23 5
15618 41 41 9
15619 29 28 6
15620 30 29 9
15621 27 26 6
15622 38 37 11
15623 37 36 6
15624 30 29 11
15625 29 28 4
15626 42 41 13
15627 35 34 10
15628 50 50 16
15629 28 27 7
15630 27 27 5
15631 37 37 13
15632 33 33 7
15633 31 31 5
15634 43 43 15
15635 37 36 8
15636 40 40 8
15637 22 21 5
15638 29 29 7
15639 49 48 12
15640 18 18 4
15641 34 33 13
15642 27 26 8
15643 20 19 5
15644 27 27 5
15645 43 43 7
15646 35 35 7
15647 23 22 4
15648 46 45 11
15649 25 24 6
15650 28 27 9
15651 39 38 10
15652 30 30 6
15653 30 29 9
15654 41 40 8
15655 40 40 8
15656 24 23 5
15657 45 45 11
15658 45 44 8
15659 28 28 6
15660 40 40 10
15661 32 31 7
15662 25 25 5
15663 21 21 5
15664 35 34 8
15665 30 29 7
15666 27 27 7
15667 33 33 7
15668 35 35 13
15669 41 41 9
15670 39 38 8
15671 26 26 4
15672 38 37 9
15673 17 16 6
15674 40 39 7
15675 35 34 6
15676 22 22 6
15677 34 33 7
15678 31 30 6
15679 44 43 7
15680 33 33 7
15681 27 27 5
15682 23 23 5
15683 35 35 9
15684 23 23 7
15685 19 18 4
15686 34 33 7
15687 25 24 6
15688 22 22 4
15689 24 23 5
15690 27 27 7
15691 43 42 6
15692 26 25 7
15693 29 28 6
15694 20 19 5
15695 39 38 8
15696 34 33 11
15697 21 20 6
15698 18 18 6
15699 26 26 6
15700 24 24 6
15701 26 26 6
15702 26 26 6
15703 24 24 8
15704 24 24 4
15705 14 13 5
15706 29 29 5
15707 21 21 5
15708 25 24 4
15709 22 21 5
15710 15 14 6
15711 12 12 4
15712 16 15 5
15713 17 16 4
15714 24 23 5
15715 23 22 8
15716 8 8 4
15717 10 9 5
15718 17 17 5
15719 15 14 4
15720 14 13 5
15721 13 13 5
15722 9 9 5
15723 9 8 4
15724 20 19 7
15725 15 14 4
15726 16 15 5
15727 23 22 4
15728 14 13 5
15729 15 15 5
15730 11 10 6
15731 22 22 6
15732 12 12 4
15733 16 15 5
15734 17 16 6
15735 16 15 5
15736 13 13 5
15737 7 6 5
15738 11 10 6
15739 18 18 6
15740 18 18 8
15741 30 29 7
15742 23 22 4
15743 16 15 5
15744 7 6 5
15745 15 14 4
15746 16 15 5
15747 11 11 5
15748 11 11 5
15749 7 6 5
15750 17 16 6
15751 28 28 4
15752 14 13 7
15753 15 14 4
15754 18 17 5
15755 11 10 6
15756 10 10 4
15757 12 11 5
15758 21 20 4
15759 14 13 5
15760 15 14 4
15761 14 13 5
15762 23 22 8
15763 8 8 4
15764 10 9 5
15765 11 10 4
15766 10 9 5
15767 19 18 6
15768 8 8 4
15769 16 15 5
15770 19 18 6
15771 20 20 4
15772 20 19 5
15773 15 14 4
15774 18 17 5
15775 13 13 5
15776 19 19 7
15777 13 12 4
15778 14 13 5
15779 15 15 5
15780 15 14 6
15781 22 22 8
15782 18 18 6
15783 16 16 4
15784 30 29 9
15785 25 24 8
15786 20 20 8
15787 12 12 4
15788 20 19 7
15789 9 8 4
15790 24 23 7
15791 21 21 5
15792 17 16 6
15793 18 17 5
15794 19 19 5
15795 13 12 6
15796 8 8 4
15797 22 21 5
15798 9 9 5
15799 23 22 6
15800 20 19 7
15801 21 20 4
15802 22 21 5
15803 13 13 5
15804 13 12 4
15805 12 11 5
15806 13 13 5
15807 13 13 5
15808 13 13 5
15809 15 14 6
15810 14 14 6
15811 24 24 6
15812 16 16 6
15813 12 11 5
15814 15 14 6
15815 24 23 5
15816 19 18 6
15817 18 17 5
15818 13 13 5
15819 21 20 6
15820 16 15 5
15821 15 14 6
15822 12 12 4
15823 16 15 5
15824 21 21 7
15825 15 15 5
15826 19 18 4
15827 14 13 5
15828 17 16 4
15829 20 19 5
15830 21 20 6
15831 12 12 4
15832 10 9 5
15833 15 15 5
15834 27 26 8
15835 16 16 6
15836 10 10 4
15837 12 11 5
15838 21 20 4
15839 12 11 5
15840 11 10 6
15841 10 10 6
15842 6 5 4
15843 12 11 5
15844 19 19 7
15845 25 24 6
15846 10 10 6
15847 6 6 6
15848 13 13 5
15849 13 13 5
15850 15 14 6
15851 18 18 6
15852 16 16 4
15853 14 13 5
15854 33 33 9
15855 23 22 4
15856 22 21 5
15857 17 17 5
15858 17 17 5
15859 7 6 5
15860 17 16 6
15861 6 6 6
15862 9 9 5
15863 13 12 4
15864 14 13 7
15865 13 12 4
15866 12 11 5
15867 9 8 4
15868 10 9 5
15869 13 13 5
15870 9 9 5
15871 9 8 4
15872 14 13 5
15873 9 9 5
15874 13 13 5
15875 17 17 5
15876 11 10 6
15877 10 10 4
15878 16 15 5
15879 15 14 6
15880 16 16 4
15881 16 15 5
15882 13 12 4
15883 10 9 5
15884 11 11 5
15885 15 15 5
15886 13 12 8
15887 10 10 6
15888 8 8 4
15889 16 15 5
15890 13 12 6
15891 14 14 6
15892 8 8 4
15893 12 11 7
15894 13 13 5
15895 15 14 6
15896 14 13 5
15897 15 15 7
15898 15 14 4
15899 6 5 4
15900 16 15 7
15901 15 15 5
15902 13 12 6
15903 16 16 6
15904 10 10 6
15905 20 20 6
15906 16 16 6
15907 16 15 5
15908 13 12 4
15909 14 13 5
15910 9 9 5
15911 7 6 5
15912 19 18 4
15913 24 23 7
15914 17 16 4
15915 14 13 5
15916 17 16 6
15917 10 10 6
15918 10 10 4
15919 14 13 5
15920 17 17 5
15921 17 17 5
15922 19 18 6
15923 14 14 6
15924 14 14 4
15925 16 15 5
15926 21 21 5
15927 13 12 4
15928 14 13 5
15929 13 12 6
15930 12 12 4
15931 10 9 5
15932 21 20 6
15933 12 11 5
15934 13 12 6
15935 10 9 5
15936 9 9 5
15937 13 13 5
15938 15 14 4
15939 14 13 5
15940 11 10 6
15941 10 9 5
15942 19 18 6
15943 8 8 4
15944 16 15 5
15945 17 16 6
15946 10 10 4
15947 18 17 7
15948 13 12 4
15949 18 17 5
15950 21 20 6
15951 16 15 5
15952 11 11 5
15953 9 9 5
15954 19 18 6
15955 14 13 5
15956 9 9 5
15957 15 15 7
15958 9 8 7
15959 9 8 4
15960 18 17 5
15961 15 15 5
15962 13 12 6
15963 10 9 5
15964 17 16 4
15965 18 17 5
15966 11 11 5
15967 15 14 4
15968 16 15 5
15969 21 21 5
15970 11 10 6
15971 16 16 6
15972 14 14 6
15973 16 16 4
15974 30 29 7
15975 13 12 6
15976 14 14 6
15977 12 11 5
15978 15 15 7
15979 19 18 4
15980 16 15 5
15981 19 18 6
15982 28 28 6
15983 22 21 5
15984 23 23 5
15985 23 23 5
15986 29 28 6
15987 32 32 6
15988 36 36 6
15989 32 31 7
15990 23 23 5
15991 35 35 9
15992 29 28 6
15993 32 31 5
15994 43 43 7
15995 31 31 5
15996 45 45 9
15997 35 34 4
15998 24 23 5
15999 39 39 7
16000 35 34 8
16001 20 20 4
16002 26 25 5
16003 27 27 5
16004 37 37 7
16005 29 29 7
16006 35 34 6
16007 44 44 8
16008 18 17 5
16009 17 17 5
16010 45 45 11
16011 31 31 5
16012 27 27 5
16013 31 31 9
16014 25 24 6
16015 36 35 9
16016 39 39 11
16017 33 33 9
16018 23 23 9
16019 33 33 13
16020 27 27 9
16021 25 25 11
16022 31 30 6
16023 18 17 5
16024 37 36 12
16025 34 33 5
16026 15 15 5
16027 19 18 6
16028 48 48 8
16029 38 37 13
16030 35 34 10
16031 22 22 6
16032 36 36 10
16033 24 23 9
16034 53 52 18
16035 36 35 9
16036 25 25 11
16037 21 20 8
16038 30 29 13
16039 27 26 6
16040 18 18 6
16041 34 33 11
16042 23 22 6
16043 20 19 5
16044 21 21 5
16045 31 31 11
16046 33 32 6
16047 26 25 5
16048 19 18 4
16049 20 19 5
16050 15 15 5
16051 19 19 7
16052 25 24 4
16053 22 21 5
16054 19 19 5
16055 31 30 6
16056 18 17 5
16057 13 12 4
16058 18 17 5
16059 25 24 4
16060 24 23 9
16061 13 12 4
16062 18 17 7
16063 13 13 5
16064 17 17 5
16065 27 26 8
16066 16 15 5
16067 23 23 5
16068 19 18 6
16069 18 17 5
16070 25 24 6
16071 18 18 6
16072 34 34 8
16073 22 22 6
16074 24 24 6
16075 24 24 6
16076 14 14 6
16077 14 14 4
16078 14 13 5
16079 23 22 6
16080 18 18 6
16081 14 14 4
16082 16 15 5
16083 33 33 7
16084 13 13 7
16085 21 21 5
16086 25 25 5
16087 17 17 5
16088 21 20 8
16089 16 16 4
16090 22 21 7
16091 13 12 6
16092 20 19 5
16093 19 18 4
16094 36 35 5
16095 13 13 5
16096 13 12 4
16097 24 23 9
16098 23 23 9
16099 31 30 8
16100 12 11 5
16101 19 19 5
16102 17 16 6
16103 28 28 10
16104 18 18 8
16105 24 24 8
16106 22 21 9
16107 13 12 6
16108 20 20 8
16109 24 23 9
16110 15 14 6
16111 26 25 5
16112 9 8 4
16113 18 17 5
16114 25 24 6
16115 18 18 8
16116 12 12 6
16117 20 20 6
16118 22 21 9
16119 21 20 8
16120 18 17 7
16121 15 14 6
16122 16 16 6
16123 18 17 7
16124 15 14 4
16125 18 17 7
16126 11 10 4
16127 12 11 5
16128 15 15 5
16129 15 15 5
16130 13 13 5
16131 15 15 5
16132 17 16 6
16133 24 24 4
16134 24 23 7
16135 17 16 4
16136 14 13 5
16137 13 13 5
16138 17 16 4
16139 28 27 5
16140 13 13 5
16141 11 11 5
16142 19 19 5
16143 11 11 5
16144 13 13 5
16145 15 14 6
16146 10 10 4
16147 12 11 5
16148 13 13 5
16149 11 10 4
16150 16 15 5
16151 21 21 5
16152 5 5 5
16153 14 13 5
16154 19 18 8
16155 6 6 6
16156 5 5 5
16157 14 13 5
16158 19 18 6
16159 16 15 5
16160 7 7 7
16161 8 8 4
16162 14 13 5
16163 7 6 5
16164 13 12 6
16165 10 10 4
16166 14 13 7
16167 15 15 5
16168 7 6 5
16169 17 16 4
16170 18 17 5
16171 29 28 6
16172 10 10 4
16173 14 13 5
16174 11 11 5
16175 15 14 6
16176 10 9 5
16177 15 14 6
16178 14 14 6
16179 16 15 5
16180 7 7 7
16181 14 14 6
16182 14 14 4
16183 6 5 4
16184 10 9 5
16185 11 10 6
16186 10 10 4
16187 18 17 5
16188 9 8 4
16189 12 11 5
16190 13 13 5
16191 13 12 6
16192 8 8 4
16193 16 15 5
16194 15 14 8
16195 12 12 6
16196 10 10 4
16197 16 15 5
16198 7 6 5
16199 7 6 5
16200 17 16 6
16201 12 11 5
16202 5 5 5
16203 12 11 5
16204 7 6 5
16205 7 7 7
16206 18 17 5
16207 13 13 5
16208 5 5 5
16209 18 17 7
16210 7 6 5
16211 15 15 5
16212 9 8 4
16213 10 9 5
16214 13 13 5
16215 15 15 5
16216 15 14 6
16217 24 24 6
16218 14 14 4
16219 16 15 5
16220 7 6 5
16221 7 6 5
16222 11 10 4
16223 18 17 5
16224 17 17 5
16225 13 13 5
16226 15 14 4
16227 16 15 5
16228 13 13 5
16229 9 8 4
16230 14 13 5
16231 17 17 5
16232 15 14 6
16233 12 12 6
16234 12 12 6
16235 18 17 5
16236 13 12 6
16237 6 6 6
16238 11 10 6
16239 10 10 6
16240 10 10 4
16241 12 11 5
16242 17 16 6
16243 14 13 5
16244 11 11 5
16245 15 15 5
16246 9 9 5
16247 13 12 6
16248 16 16 6
16249 12 12 4
16250 12 11 5
16251 17 16 8
16252 8 8 4
16253 12 11 5
16254 11 11 5
16255 17 16 6
16256 8 8 4
16257 14 13 5
16258 19 18 4
16259 18 17 5
16260 13 13 5
16261 9 9 5
16262 9 9 5
16263 17 16 4
16264 16 15 7
16265 11 10 4
16266 12 11 5
16267 21 20 8
16268 14 14 6
16269 8 8 4
16270 10 9 5
16271 15 14 6
16272 10 9 5
16273 13 13 5
16274 13 13 5
16275 15 15 5
16276 11 10 6
16277 12 11 5
16278 11 10 6
16279 12 12 6
16280 22 21 7
16281 11 10 4
16282 22 21 5
16283 11 11 5
16284 19 18 4
16285 6 5 4
16286 14 13 5
16287 25 24 4
16288 10 9 5
16289 15 14 6
16290 8 8 4
16291 10 9 5
16292 15 14 8
16293 10 10 4
16294 14 13 5
16295 25 24 6
16296 16 16 6
16297 16 16 6
16298 14 13 5
16299 11 10 4
16300 14 13 7
16301 13 12 4
16302 16 15 5
16303 15 15 5
16304 25 24 8
16305 10 10 4
16306 12 11 5
16307 19 18 6
16308 20 20 4
16309 16 15 5
16310 9 8 4
16311 10 9 5
16312 13 12 4
16313 16 15 5
16314 15 15 5
16315 13 12 4
16316 10 9 5
16317 11 11 5
16318 11 11 5
16319 13 12 4
16320 20 19 5
16321 11 10 4
16322 14 13 5
16323 11 10 4
16324 10 9 5
16325 15 15 5
16326 15 14 4
16327 20 19 5
16328 11 11 5
16329 13 13 5
16330 5 5 5
16331 22 21 7
16332 15 14 6
16333 14 14 4
16334 10 9 5
16335 23 22 6
16336 10 10 6
16337 16 15 5
16338 11 10 4
16339 14 13 5
16340 25 25 7
16341 13 12 6
16342 14 14 4
16343 16 15 5
16344 27 27 5
16345 29 29 7
16346 19 18 4
16347 22 21 5
16348 13 13 5
16349 21 20 6
16350 12 11 5
16351 11 11 5
16352 27 27 7
16353 15 14 6
16354 32 32 8
16355 32 32 6
16356 34 33 5
16357 25 24 6
16358 30 30 6
16359 44 43 7
16360 25 24 6
16361 20 20 6
16362 40 40 10
16363 30 29 5
16364 43 43 7
16365 31 31 5
16366 21 20 6
16367 38 37 7
16368 39 38 8
16369 28 27 5
16370 23 23 7
16371 39 38 10
16372 32 32 8
16373 22 22 6
16374 38 38 10
16375 46 46 10
16376 24 24 6
16377 22 21 5
16378 45 44 10
16379 30 29 7
16380 21 21 5
16381 31 31 7
16382 31 31 9
16383 45 44 10
16384 32 31 5
16385 37 36 10
16386 28 27 7
16387 25 25 7
16388 29 29 11
16389 43 42 6
16390 28 28 6
16391 26 25 7
16392 27 27 5
16393 31 31 5
16394 33 32 6
16395 30 29 5
16396 37 37 7
16397 19 18 6
16398 30 30 6
16399 32 31 9
16400 19 18 4
16401 30 29 7
16402 29 28 6
16403 32 31 7
16404 33 32 6
16405 30 29 7
16406 19 19 5
16407 49 49 7
16408 25 25 5
16409 33 32 6
16410 50 50 6
16411 26 25 5
16412 37 36 8
16413 34 34 8
16414 48 47 7
16415 33 32 6
16416 26 26 8
16417 40 40 8
16418 34 34 8
16419 34 34 8
16420 48 48 8
16421 24 24 6
16422 32 32 8
16423 32 32 6
16424 32 31 7
16425 25 25 7
16426 39 39 7
16427 37 37 7
16428 41 41 11
16429 29 28 8
16430 30 29 7
16431 41 41 13
16432 29 28 6
16433 16 16 4
16434 24 23 5
16435 31 30 8
16436 26 26 4
16437 24 23 7
16438 27 26 4
16439 20 19 5
16440 27 26 6
16441 26 26 6
16442 26 26 8
16443 30 30 6
16444 30 30 6
16445 48 48 12
16446 18 18 4
16447 22 21 5
16448 21 20 6
16449 34 33 5
16450 15 15 5
16451 25 25 9
16452 21 21 5
16453 21 20 6
16454 24 23 5
16455 21 20 6
16456 20 20 6
16457 30 29 7
16458 21 20 4
16459 20 19 5
16460 19 19 5
16461 17 16 6
16462 18 18 6
16463 16 16 4
16464 22 21 7
16465 13 12 4
16466 16 15 5
16467 21 20 8
16468 10 10 4
16469 16 15 5
16470 15 14 4
16471 10 9 5
16472 13 13 5
16473 11 11 5
16474 13 12 4
16475 26 25 5
16476 13 13 5
16477 25 24 6
16478 8 8 4
16479 18 17 5
16480 15 15 5
16481 17 17 7
16482 21 20 4
16483 10 9 5
16484 19 18 4
16485 16 15 5
16486 15 15 5
16487 17 16 6
16488 12 12 6
16489 14 13 7
16490 13 12 6
16491 12 12 6
16492 12 12 4
16493 14 13 5
16494 11 11 5
16495 11 11 5
16496 17 16 8
16497 14 13 5
16498 7 6 5
16499 23 23 7
16500 21 20 6
16501 10 10 6
16502 14 14 6
16503 34 33 9
16504 21 20 6
16505 20 20 4
16506 6 5 4
16507 12 11 5
16508 11 10 6
16509 10 10 6
16510 8 8 4
16511 14 13 7
16512 19 18 6
16513 22 22 6
16514 16 16 6
16515 10 10 4
16516 12 11 5
16517 11 10 6
16518 14 14 6
16519 10 10 4
16520 14 13 7
16521 21 20 6
16522 10 10 6
16523 10 10 4
16524 18 17 7
16525 17 16 4
16526 14 13 5
16527 21 20 6
16528 10 10 6
16529 6 6 6
16530 13 12 4
16531 12 11 5
16532 7 6 5
16533 13 12 6
16534 12 12 4
16535 10 9 5
16536 9 9 5
16537 15 14 6
16538 16 15 5
16539 11 11 5
16540 13 12 6
16541 10 9 5
16542 15 15 5
16543 9 9 5
16544 9 8 4
16545 12 11 5
16546 11 11 5
16547 9 9 5
16548 15 14 6
16549 12 12 6
16550 18 18 4
16551 16 15 9
16552 15 14 4
16553 10 9 5
16554 9 8 4
16555 16 15 5
16556 11 10 4
16557 18 17 5
16558 17 16 6
16559 12 11 5
16560 11 10 4
16561 16 15 5
16562 17 17 7
16563 7 6 5
16564 13 13 5
16565 9 9 5
16566 13 12 6
16567 10 10 4
16568 30 29 7
16569 21 20 6
16570 16 16 6
16571 32 32 6
16572 20 20 4
16573 20 19 5
16574 9 9 5
16575 21 20 6
16576 14 13 7
16577 9 8 4
16578 10 9 5
16579 11 10 6
16580 6 6 6
16581 15 15 7
16582 13 13 5
16583 9 9 5
16584 11 10 6
16585 12 12 6
16586 14 13 7
16587 17 16 4
16588 10 9 5
16589 17 16 6
16590 18 17 5
16591 5 5 5
16592 14 13 5
16593 19 18 6
16594 18 18 6
16595 10 9 5
16596 21 21 7
16597 17 16 4
16598 10 9 5
16599 9 9 5
16600 9 9 5
16601 7 6 5
16602 7 6 5
16603 15 14 8
16604 14 13 5
16605 13 12 6
16606 10 9 5
16607 13 12 6
16608 6 6 6
16609 9 8 4
16610 16 15 7
16611 15 14 6
16612 8 8 4
16613 8 7 6
16614 12 12 6
16615 18 18 6
16616 12 12 4
16617 22 21 7
16618 21 20 8
16619 12 12 6
16620 16 16 6
16621 14 14 6
16622 12 12 6
16623 8 8 4
16624 6 5 4
16625 14 13 5
16626 9 9 5
16627 19 18 6
16628 14 13 7
16629 13 12 4
16630 12 11 5
16631 5 5 5
16632 8 7 6
16633 20 19 5
16634 21 21 5
16635 15 14 6
16636 18 17 7
16637 13 13 5
16638 15 14 6
16639 18 17 7
16640 11 10 4
16641 14 13 5
16642 13 12 6
16643 16 16 6
16644 18 18 6
16645 42 41 7
16646 27 27 5
16647 27 27 7
16648 15 14 4
16649 24 23 7
16650 13 13 5
16651 29 28 6
16652 20 19 5
16653 17 17 5
16654 21 21 5
16655 25 25 5
16656 11 10 4
16657 22 21 5
16658 17 17 5
16659 19 18 4
16660 20 19 5
16661 19 18 4
16662 28 27 7
16663 29 29 5
16664 21 21 5
16665 23 22 6
16666 28 28 6
16667 28 27 5
16668 37 36 6
16669 30 29 7
16670 35 34 6
16671 40 40 8
16672 32 32 6
16673 40 39 7
16674 31 31 7
16675 31 30 6
16676 32 32 8
16677 48 47 7
16678 27 27 7
16679 41 41 11
16680 43 43 9
16681 37 36 12
16682 28 28 8
16683 44 43 7
16684 27 26 10
16685 18 18 8
16686 28 28 8
16687 22 21 5
16688 13 13 5
16689 17 17 5
16690 31 30 10
16691 14 13 5
16692 13 13 5
16693 25 25 5
16694 37 37 7
16695 21 20 4
16696 22 21 7
16697 35 34 12
16698 22 21 5
16699 21 20 4
16700 26 25 5
16701 23 23 5
16702 21 21 7
16703 25 24 6
16704 10 10 6
16705 16 16 4
16706 16 15 5
16707 23 23 7
16708 19 18 6
16709 34 33 11
16710 27 26 6
16711 28 27 7
16712 17 17 5
16713 39 38 16
16714 26 26 6
16715 18 17 5
16716 51 50 14
16717 24 24 6
16718 30 29 7
16719 29 28 8
16720 26 26 8
16721 30 30 10
16722 28 27 7
16723 23 23 5
16724 33 33 11
16725 39 38 6
16726 28 27 9
16727 21 20 6
16728 18 18 6
16729 16 15 5
16730 31 31 5
16731 27 27 5
16732 21 21 5
16733 19 18 4
16734 28 27 9
16735 15 14 6
16736 26 25 11
16737 25 24 8
16738 22 21 9
16739 27 27 9
16740 19 18 6
16741 28 27 11
16742 21 21 7
16743 37 36 12
16744 40 40 6
16745 22 21 7
16746 31 30 10
16747 40 39 11
16748 25 24 6
16749 16 16 6
16750 22 21 7
16751 27 27 7
16752 25 25 9
16753 37 36 16
16754 12 12 4
16755 24 23 9
16756 21 20 4
16757 20 19 9
16758 41 40 12
16759 38 37 11
16760 19 19 9
16761 39 38 8
16762 22 22 6
16763 38 38 14
16764 30 30 8
16765 28 28 10
16766 20 20 6
16767 24 23 7
16768 29 28 8
16769 30 30 8
16770 30 29 7
16771 25 25 5
16772 29 29 9
16773 29 28 8
16774 40 40 14
16775 30 30 6
16776 30 29 5
16777 21 21 5
16778 49 49 7
16779 31 31 5
16780 49 49 7
16781 33 33 7
16782 35 34 6
16783 32 32 6
16784 36 35 5
16785 33 33 5
16786 41 40 6
16787 32 31 5
16788 21 21 5
16789 41 40 8
16790 38 37 5
16791 39 38 8
16792 30 30 6
16793 40 39 5
16794 31 31 7
16795 21 21 7
16796 23 23 5
16797 23 22 4
16798 40 39 5
16799 41 41 7
16800 25 25 5
16801 41 40 6
16802 34 34 12
16803 38 37 5
16804 51 51 5
16805 31 31 5
16806 37 36 6
16807 36 36 6
16808 28 28 6
16809 28 28 6
16810 28 28 6
16811 32 32 6
16812 36 36 10
16813 36 36 8
16814 26 26 4
16815 26 25 5
16816 33 33 7
16817 31 31 9
16818 23 23 5
16819 23 23 5
16820 27 27 7
16821 27 26 6
16822 20 20 6
16823 28 28 6
16824 16 15 5
16825 25 25 5
16826 17 16 6
16827 12 12 4
16828 24 23 5
16829 17 17 5
16830 23 23 5
16831 15 15 7
16832 19 18 6
16833 20 20 6
16834 18 18 6
16835 22 22 4
16836 26 25 7
16837 19 19 5
16838 17 16 6
16839 26 26 8
16840 24 24 8
16841 16 16 6
16842 10 10 4
16843 16 15 5
16844 13 12 6
16845 16 16 4
16846 22 21 5
16847 21 21 7
16848 11 10 4
16849 14 13 5
16850 13 13 5
16851 17 17 5
16852 15 14 4
16853 16 15 7
16854 15 14 4
16855 18 17 5
16856 9 9 5
16857 25 24 6
16858 10 10 4
16859 18 17 5
16860 35 34 4
16861 16 15 5
16862 13 13 5
16863 31 30 4
16864 22 21 5
16865 19 19 5
16866 21 21 5
16867 25 25 5
16868 23 22 4
16869 34 33 7
16870 29 29 7
16871 21 20 6
16872 14 13 5
16873 19 18 6
16874 26 26 6
16875 26 25 7
16876 19 19 7
16877 31 31 9
16878 25 25 5
16879 19 19 7
16880 11 10 6
16881 22 22 6
16882 24 23 7
16883 17 17 5
16884 25 24 6
16885 18 17 5
16886 27 26 8
16887 12 12 6
16888 12 11 5
16889 9 8 4
16890 18 17 5
16891 19 19 5
16892 19 18 4
16893 20 19 7
16894 17 16 6
16895 8 8 4
16896 16 15 5
16897 13 12 4
16898 10 9 5
16899 27 27 5
16900 13 13 5
16901 13 12 4
16902 14 13 7
16903 9 8 4
16904 12 11 5
16905 25 24 6
16906 20 19 5
16907 33 33 5
16908 29 29 5
16909 29 29 7
16910 25 24 6
16911 20 20 6
16912 10 10 4
16913 6 5 4
16914 16 15 5
16915 15 14 4
16916 24 23 5
16917 21 21 5
16918 17 16 4
16919 16 15 5
16920 31 31 5
16921 15 14 6
16922 12 12 4
16923 10 9 5
16924 13 12 4
16925 14 13 5
16926 13 13 5
16927 19 18 4
16928 28 27 5
16929 9 8 4
16930 10 9 5
16931 21 20 4
16932 24 23 5
16933 13 13 5
16934 31 30 6
16935 28 27 5
16936 21 21 5
16937 27 27 5
16938 23 23 7
16939 19 18 4
16940 34 33 5
16941 35 35 5
16942 13 13 5
16943 25 25 5
16944 29 28 6
16945 28 28 6
16946 28 27 5
16947 17 16 6
16948 16 16 6
16949 20 20 4
16950 38 37 7
16951 17 17 5
16952 27 26 6
16953 26 25 5
16954 29 29 5
16955 31 31 9
16956 27 26 6
16957 42 42 10
16958 26 26 4
16959 34 33 7
16960 27 26 6
16961 24 24 6
16962 26 26 8
16963 38 38 12
16964 28 28 8
16965 40 40 12
16966 18 18 4
16967 34 33 7
16968 21 21 5
16969 27 26 6
16970 26 26 8
16971 26 26 6
16972 38 38 8
16973 18 17 5
16974 43 42 8
16975 22 22 6
16976 26 25 5
16977 23 23 5
16978 15 14 6
16979 20 20 6
16980 16 16 4
16981 18 17 5
16982 19 19 5
16983 25 24 4
16984 20 19 7
16985 13 12 4
16986 20 19 5
16987 9 8 4
16988 18 17 5
16989 17 17 5
16990 19 18 6
16991 14 14 4
16992 20 19 5
16993 17 16 6
16994 24 24 6
16995 14 14 4
16996 12 11 5
16997 19 18 6
16998 14 14 4
16999 10 9 5
17000 25 24 4
17001 14 13 5
17002 9 9 5
17003 13 12 6
17004 12 11 5
17005 19 19 5
17006 21 20 6
17007 16 16 4
17008 12 11 5
17009 17 17 7
17010 11 11 5
17011 7 7 7
17012 24 24 6
17013 24 24 6
17014 26 26 4
17015 24 23 5
17016 17 17 5
17017 23 22 4
17018 18 17 7
17019 17 16 4
17020 20 19 5
17021 15 15 7
17022 15 14 4
17023 18 17 5
17024 19 19 7
17025 31 30 6
17026 16 16 6
17027 24 24 6
17028 16 16 4
17029 18 17 5
17030 27 27 5
17031 21 20 6
17032 20 19 5
17033 17 16 4
17034 24 23 5
17035 39 38 8
17036 24 23 5
17037 19 18 4
17038 22 21 5
17039 29 28 6
17040 22 22 6
17041 24 23 5
17042 23 22 6
17043 24 24 6
17044 26 26 4
17045 18 17 7
17046 35 34 8
17047 24 24 4
17048 28 27 5
17049 15 15 5
17050 11 10 4
17051 30 29 7
17052 15 14 4
17053 26 25 7
17054 19 18 6
17055 18 17 5
17056 23 23 7
17057 23 22 6
17058 18 18 4
17059 16 15 7
17060 13 12 4
17061 26 25 5
17062 23 22 6
17063 32 32 8
17064 20 20 6
17065 18 18 4
17066 22 21 5
17067 19 18 4
17068 20 19 5
17069 19 18 6
17070 14 14 6
17071 20 20 6
17072 18 17 5
17073 21 20 6
17074 16 16 4
17075 18 17 5
17076 27 26 6
17077 18 17 5
17078 25 25 7
17079 15 15 5
17080 11 11 5
17081 29 28 6
17082 18 18 6
17083 16 16 4
17084 24 23 5
17085 21 21 5
17086 17 16 4
17087 30 29 7
17088 15 14 4
17089 20 19 5
17090 21 21 5
17091 17 16 6
17092 28 28 6
17093 18 17 5
17094 15 14 4
17095 18 17 5
17096 11 11 5
17097 27 26 6
17098 16 16 4
17099 16 15 5
17100 27 26 8
17101 26 26 6
17102 20 19 7
17103 13 12 4
17104 30 29 11
17105 25 25 7
17106 19 18 4
17107 20 19 7
17108 27 26 6
17109 24 24 8
17110 16 16 6
17111 18 18 6
17112 12 12 4
17113 26 25 7
17114 29 28 8
17115 26 26 6
17116 26 25 7
17117 15 14 4
17118 16 15 5
17119 19 18 4
17120 22 21 5
17121 19 19 5
17122 15 15 5
17123 17 16 6
17124 20 20 4
17125 18 17 5
17126 15 15 5
17127 29 28 6
17128 8 8 4
17129 24 23 5
17130 23 23 9
17131 21 21 7
17132 9 8 4
17133 36 35 11
17134 25 24 8
17135 22 22 10
17136 10 9 5
17137 11 10 4
17138 14 13 5
17139 29 28 6
17140 20 20 6
17141 28 28 8
17142 8 8 4
17143 22 21 7
17144 17 16 4
17145 24 23 7
17146 23 22 6
17147 30 30 8
17148 18 17 5
17149 21 20 8
17150 28 28 6
17151 34 33 11
17152 19 18 4
17153 26 25 7
17154 15 14 4
17155 20 19 5
17156 25 25 7
17157 17 16 4
17158 18 17 7
17159 17 16 6
17160 18 18 4
17161 20 19 5
17162 25 25 5
17163 19 19 5
17164 25 24 6
17165 26 25 5
17166 19 19 5
17167 13 12 4
17168 26 25 7
17169 13 12 4
17170 18 17 5
17171 11 11 5
17172 11 10 4
17173 16 15 5
17174 21 20 6
17175 16 16 6
17176 12 12 6
17177 12 12 4
17178 18 17 5
17179 27 27 5
17180 19 19 7
17181 23 22 6
17182 18 17 5
17183 19 18 6
17184 12 12 4
17185 24 23 5
17186 21 20 6
17187 22 22 8
17188 16 16 6
17189 28 27 7
17190 17 17 5
17191 7 6 5
17192 17 16 4
17193 24 23 5
17194 21 21 7
17195 19 18 6
17196 18 17 5
17197 23 22 8
17198 8 8 4
17199 14 13 5
17200 13 13 5
17201 25 24 6
17202 14 13 5
17203 17 17 5
17204 11 11 5
17205 23 22 8
17206 18 18 4
17207 16 15 5
17208 13 13 7
17209 17 16 6
17210 18 18 6
17211 12 12 6
17212 14 14 6
17213 14 14 4
17214 6 5 4
17215 10 9 5
17216 13 12 6
17217 16 15 5
17218 11 11 5
17219 13 12 4
17220 12 11 5
17221 7 6 5
17222 9 8 7
17223 15 14 4
17224 12 11 5
17225 9 9 5
17226 7 6 5
17227 19 19 7
17228 11 10 6
17229 10 10 4
17230 18 17 5
17231 11 11 5
17232 15 14 4
17233 26 25 5
17234 15 15 5
17235 17 16 4
17236 6 5 4
17237 14 13 5
17238 7 6 5
17239 13 12 6
17240 22 21 5
17241 17 16 6
17242 12 12 4
17243 10 9 5
17244 21 20 6
17245 12 12 6
17246 6 6 6
17247 21 20 6
17248 10 10 4
17249 12 11 5
17250 13 12 4
17251 12 11 5
17252 19 19 5
17253 19 18 8
17254 12 12 4
17255 12 11 5
17256 11 11 5
17257 21 20 6
17258 8 8 4
17259 10 9 5
17260 17 16 6
17261 14 14 4
17262 16 15 5
17263 17 16 6
17264 12 12 6
17265 8 8 4
17266 14 13 5
17267 15 14 6
17268 20 20 6
17269 10 10 4
17270 10 9 5
17271 15 14 6
17272 22 21 5
17273 15 15 5
17274 17 16 6
17275 12 12 4
17276 14 13 5
17277 21 20 6
17278 16 16 4
17279 18 17 5
17280 13 12 6
17281 6 6 6
17282 11 11 5
17283 15 14 4
17284 12 11 5
17285 11 11 5
17286 23 23 5
17287 13 13 5
17288 9 8 4
17289 10 9 5
17290 11 10 4
17291 14 13 5
17292 13 12 4
17293 10 9 5
17294 7 7 7
17295 8 8 4
17296 20 19 5
17297 15 15 5
17298 13 13 5
17299 11 10 6
17300 8 8 4
17301 16 15 5
17302 15 14 4
17303 14 13 5
17304 17 17 5
17305 19 18 6
17306 12 11 5
17307 11 10 6
17308 8 8 4
17309 10 9 5
17310 5 5 5
17311 12 11 7
17312 13 12 4
17313 16 15 5
17314 15 15 5
17315 9 8 4
17316 16 15 5
17317 17 16 4
17318 16 15 7
17319 9 8 4
17320 14 13 5
17321 9 8 4
17322 10 9 5
17323 9 8 4
17324 16 15 5
17325 13 12 4
17326 18 17 7
17327 11 10 4
17328 10 9 5
17329 11 11 5
17330 13 12 6
17331 14 14 6
17332 6 6 6
17333 19 18 6
17334 16 16 4
17335 16 15 5
17336 11 10 4
17337 12 11 5
17338 17 16 6
17339 12 12 6
17340 8 8 4
17341 16 15 5
17342 11 11 5
17343 15 14 6
17344 10 10 6
17345 16 15 5
17346 17 17 5
17347 11 11 5
17348 11 11 5
17349 21 20 6
17350 16 16 6
17351 14 13 5
17352 11 10 4
17353 14 13 5
17354 23 22 6
17355 22 21 5
17356 9 8 4
17357 14 13 7
17358 17 16 4
17359 6 5 4
17360 20 19 5
17361 19 18 4
17362 14 13 5
17363 19 18 4
17364 26 25 7
17365 17 17 5
17366 15 14 4
17367 14 13 5
17368 13 13 5
17369 17 17 5
17370 19 19 5
17371 29 29 7
17372 23 22 6
17373 32 31 7
17374 23 22 6
17375 20 20 6
17376 22 21 5
17377 21 21 5
17378 27 27 7
17379 47 46 10
17380 18 18 4
17381 34 33 7
17382 27 26 6
17383 28 27 11
17384 21 20 6
17385 28 27 9
17386 31 30 6
17387 60 60 6
17388 32 31 7
17389 31 30 8
17390 40 39 5
17391 55 54 8
17392 38 37 11
17393 37 36 8
17394 26 26 6
17395 24 23 7
17396 31 30 6
17397 40 40 10
17398 42 42 12
17399 30 29 5
17400 43 43 9
17401 47 47 11
17402 49 48 10
17403 22 22 8
17404 38 37 9
17405 37 37 9
17406 39 38 10
17407 24 24 4
17408 30 29 9
17409 53 53 17
17410 21 21 5
17411 31 30 8
17412 22 22 10
17413 26 26 6
17414 30 30 6
17415 26 25 5
17416 29 28 6
17417 54 53 11
17418 27 26 8
17419 28 28 4
17420 28 27 9
17421 33 32 6
17422 24 23 5
17423 23 23 7
17424 29 28 8
17425 22 21 5
17426 25 25 7
17427 33 32 6
17428 30 30 10
17429 28 28 4
17430 26 25 7
17431 35 34 8
17432 24 24 8
17433 20 20 4
17434 24 23 5
17435 35 34 6
17436 22 22 6
17437 22 22 6
17438 20 19 5
17439 29 28 8
17440 22 21 7
17441 35 34 6
17442 22 21 7
17443 23 22 4
17444 32 31 7
17445 31 30 8
17446 28 28 6
17447 36 35 9
17448 19 19 7
17449 39 38 10
17450 32 32 8
17451 20 19 7
17452 29 29 9
17453 35 35 9
17454 27 27 5
17455 29 29 7
17456 35 34 8
17457 26 26 6
17458 20 20 6
17459 20 20 6
17460 24 23 7
17461 39 39 13
17462 43 42 8
17463 12 12 6
17464 36 36 10
17465 22 21 5
17466 41 41 9
17467 25 24 6
17468 38 38 10
17469 28 28 6
17470 16 15 5
17471 15 14 4
17472 26 25 5
17473 27 27 9
17474 29 29 7
17475 35 35 9
17476 31 30 6
17477 28 28 4
17478 38 37 5
17479 19 18 6
17480 28 27 5
17481 31 30 6
17482 36 36 8
17483 28 28 6
17484 26 26 6
17485 18 17 5
17486 17 17 5
17487 31 31 7
17488 19 18 6
17489 28 28 6
17490 30 29 7
17491 33 32 8
17492 32 31 7
17493 21 20 6
17494 32 31 5
17495 29 28 6
17496 22 21 7
17497 25 24 6
17498 20 19 5
17499 29 29 9
17500 25 24 6
17501 16 15 5
17502 15 15 5
17503 21 21 7
17504 19 19 5
17505 19 19 7
17506 33 32 8
17507 24 24 4
17508 24 23 9
17509 29 28 6
17510 20 19 7
17511 15 15 5
17512 19 18 6
17513 22 22 4
17514 14 13 5
17515 17 16 6
17516 20 20 4
17517 18 17 5
17518 29 28 4
17519 26 25 7
17520 19 18 6
17521 18 17 5
17522 11 10 6
17523 26 26 6
17524 30 30 6
17525 16 15 5
17526 25 24 6
17527 30 30 4
17528 42 41 7
17529 23 22 4
17530 18 17 9
17531 13 12 4
17532 28 27 7
17533 27 26 6
17534 16 16 4
17535 18 17 5
17536 29 28 6
17537 16 16 6
17538 34 34 6
17539 24 24 8
17540 22 21 5
17541 23 23 5
17542 25 24 4
17543 28 27 9
17544 17 16 6
17545 20 20 6
17546 24 24 8
17547 36 36 4
17548 22 21 7
17549 21 20 6
17550 26 25 5
17551 31 30 6
17552 18 17 5
17553 9 9 5
17554 27 26 6
17555 30 29 7
17556 25 24 6
17557 24 24 6
17558 22 22 6
17559 14 13 5
17560 23 23 5
17561 27 26 6
17562 30 29 7
17563 23 22 4
17564 22 21 5
17565 25 24 6
17566 18 18 4
17567 22 21 5
17568 19 19 5
17569 13 12 4
17570 24 23 5
17571 13 13 5
17572 33 32 6
17573 24 24 6
17574 20 19 5
17575 17 17 5
17576 27 27 5
17577 27 27 7
17578 33 32 4
17579 12 11 5
17580 21 20 6
17581 26 26 6
17582 22 22 6
17583 20 19 5
17584 29 29 7
17585 17 16 4
17586 14 13 5
17587 25 25 5
17588 9 9 5
17589 15 14 6
17590 22 22 6
17591 20 20 4
17592 24 23 5
17593 25 25 5
17594 13 13 5
17595 23 22 6
17596 10 10 4
17597 36 35 7
17598 25 24 6
17599 20 19 5
17600 19 19 5
17601 19 19 7
17602 9 8 4
17603 24 23 7
17604 21 21 5
17605 27 27 5
17606 15 15 5
17607 17 17 5
17608 19 19 5
17609 15 15 5
17610 19 19 5
17611 15 15 5
17612 13 13 5
17613 19 19 5
17614 21 21 7
17615 17 16 6
17616 14 14 4
17617 30 29 5
17618 11 11 5
17619 13 12 4
17620 18 17 7
17621 31 30 6
17622 22 22 6
17623 24 24 6
17624 26 25 5
17625 33 32 8
17626 20 20 6
17627 16 16 6
17628 30 30 8
17629 12 12 4
17630 18 17 5
17631 31 30 6
17632 24 23 5
17633 15 15 5
17634 27 26 8
17635 18 18 4
17636 32 31 5
17637 13 13 5
17638 15 14 4
17639 20 19 5
17640 21 21 7
17641 27 27 7
17642 45 45 11
17643 31 30 6
17644 32 31 7
17645 31 30 6
17646 18 18 6
17647 28 27 7
17648 33 33 11
17649 33 33 13
17650 29 29 11
17651 33 33 5
17652 15 15 5
17653 35 35 11
17654 19 19 7
17655 21 20 4
17656 26 25 7
17657 13 13 5
17658 19 19 5
17659 23 23 5
17660 23 23 9
17661 19 18 6
17662 26 26 8
17663 34 34 12
17664 34 34 8
17665 22 22 10
17666 12 12 6
17667 18 18 8
17668 26 26 8
17669 20 20 6
17670 12 12 4
17671 22 21 7
17672 23 22 6
17673 16 15 5
17674 13 13 5
17675 17 16 8
17676 16 16 4
17677 20 19 5
17678 13 12 4
17679 18 17 7
17680 15 14 4
17681 14 13 5
17682 17 17 7
17683 27 27 7
17684 9 8 4
17685 20 19 5
17686 15 14 4
17687 28 27 7
17688 17 17 5
17689 13 12 4
17690 16 15 5
17691 11 11 5
17692 21 20 4
17693 16 15 5
17694 15 14 4
17695 10 9 5
17696 21 20 6
17697 12 12 4
17698 12 11 5
17699 17 17 5
17700 17 16 4
17701 18 17 5
17702 23 22 6
17703 12 12 4
17704 14 13 5
17705 17 16 6
17706 18 18 6
17707 14 14 6
17708 8 8 4
17709 18 17 5
17710 17 16 6
17711 10 10 6
17712 12 11 5
17713 7 6 5
17714 11 10 4
17715 22 21 7
17716 15 15 5
17717 11 10 4
17718 14 13 5
17719 15 15 7
17720 21 20 6
17721 8 8 4
17722 20 19 5
17723 13 12 4
17724 18 17 5
17725 11 11 5
17726 9 9 5
17727 19 18 6
17728 10 10 4
17729 12 11 5
17730 15 15 5
17731 23 22 8
17732 28 28 8
17733 18 18 4
17734 36 35 5
17735 31 31 7
17736 31 30 6
17737 22 22 6
17738 20 20 4
17739 34 33 7
17740 25 24 8
17741 22 21 5
17742 15 15 5
17743 23 22 4
17744 20 19 5
17745 23 23 5
17746 21 20 6
17747 26 26 12
17748 32 32 6
17749 22 21 5
17750 29 29 9
17751 15 14 4
17752 20 19 5
17753 21 20 8
17754 22 21 9
17755 27 26 6
17756 30 30 6
17757 38 37 5
17758 11 11 5
17759 15 14 6
17760 22 22 8
17761 28 28 10
17762 36 36 10
17763 28 27 7
17764 33 33 7
17765 19 18 6
17766 36 36 8
17767 26 25 9
17768 21 20 6
17769 22 22 4
17770 14 13 5
17771 21 20 6
17772 24 23 7
17773 25 24 6
17774 28 27 7
17775 27 26 8
17776 36 35 9
17777 33 32 8
17778 40 40 8
17779 22 21 7
17780 25 24 10
17781 12 12 4
17782 32 31 9
17783 23 22 6
17784 26 26 8
17785 30 29 7
17786 21 21 7
17787 25 25 7
17788 19 18 6
17789 22 22 8
17790 22 22 4
17791 26 25 7
17792 17 17 7
17793 13 12 6
17794 20 20 6
17795 16 15 5
17796 17 16 4
17797 18 17 5
17798 13 13 5
17799 13 13 7
17800 17 16 6
17801 10 10 4
17802 18 17 5
17803 13 12 4
17804 20 19 5
17805 11 11 5
17806 15 14 6
17807 22 22 10
17808 10 10 6
17809 16 15 5
17810 17 17 5
17811 15 14 6
17812 14 14 6
17813 8 8 4
17814 14 13 5
17815 11 10 6
17816 14 14 6
17817 16 15 5
17818 17 17 7
17819 11 10 6
17820 6 6 6
17821 9 8 4
17822 6 5 4
17823 10 9 5
17824 13 13 7
17825 13 12 6
17826 14 14 6
17827 14 14 6
17828 16 15 5
17829 19 18 4
17830 16 15 7
17831 23 22 4
17832 10 9 5
17833 15 14 6
17834 14 13 5
17835 7 6 5
17836 9 8 4
17837 14 13 5
17838 7 7 7
17839 18 18 6
17840 12 12 6
17841 14 14 6
17842 24 24 6
17843 14 13 5
17844 13 12 6
17845 18 17 5
17846 11 11 5
17847 11 10 4
17848 16 15 5
17849 19 19 5
17850 15 15 5
17851 19 19 5
17852 9 9 5
17853 19 18 6
17854 14 14 6
17855 12 12 6
17856 12 12 6
17857 8 8 4
17858 10 9 5
17859 15 14 6
17860 6 6 6
17861 9 8 4
17862 30 29 5
17863 31 30 6
17864 16 16 6
17865 10 10 4
17866 18 17 7
17867 13 12 4
17868 14 13 7
17869 13 12 8
17870 10 10 4
17871 12 11 5
17872 21 20 4
17873 20 19 5
17874 21 20 6
17875 12 12 4
17876 14 13 5
17877 7 6 5
17878 17 16 4
17879 16 15 5
17880 9 9 5
17881 23 23 5
17882 13 13 5
17883 29 29 5
17884 15 15 5
17885 15 14 4
17886 6 5 4
17887 14 13 5
17888 15 14 6
17889 14 14 6
17890 14 13 5
17891 11 10 4
17892 6 5 4
17893 18 17 7
17894 11 10 4
17895 18 17 5
17896 13 13 5
17897 17 16 4
17898 12 11 5
17899 13 12 6
17900 18 18 6
17901 16 16 6
17902 10 9 5
17903 9 8 4
17904 6 5 4
17905 10 9 5
17906 13 13 7
17907 11 10 4
17908 6 5 4
17909 14 13 5
17910 11 11 5
17911 11 11 5
17912 7 7 7
17913 12 12 4
17914 18 17 5
17915 13 13 5
17916 25 24 6
17917 10 10 6
17918 14 14 4
17919 18 17 5
17920 7 6 5
17921 15 14 6
17922 10 10 4
17923 16 15 5
17924 5 5 5
17925 12 11 5
17926 13 13 5
17927 11 10 6
17928 10 10 4
17929 8 7 6
17930 16 16 8
17931 16 16 6
17932 10 9 5
17933 11 11 5
17934 13 13 5
17935 13 12 6
17936 14 14 4
17937 22 21 9
17938 17 16 4
17939 16 15 5
17940 11 10 6
17941 8 8 4
17942 8 7 6
17943 10 10 4
17944 18 17 7
17945 9 8 4
17946 8 7 6
17947 8 8 4
17948 12 11 5
17949 17 17 5
17950 9 8 4
17951 14 13 5
17952 9 8 4
17953 14 13 5
17954 7 6 5
17955 13 12 4
17956 12 11 5
17957 13 12 6
17958 10 10 6
17959 8 8 4
17960 12 11 5
17961 13 12 4
17962 14 13 5
17963 17 17 7
17964 11 10 6
17965 14 13 5
17966 11 10 6
17967 16 16 6
17968 18 17 5
17969 13 12 4
17970 14 13 5
17971 7 6 5
17972 9 8 4
17973 16 15 7
17974 5 5 5
17975 6 5 4
17976 16 15 5
17977 15 15 5
17978 7 7 7
17979 12 12 6
17980 8 8 4
17981 12 11 5
17982 13 12 8
17983 10 10 6
17984 8 8 4
17985 10 9 5
17986 15 14 6
17987 10 9 5
17988 13 12 4
17989 18 17 7
17990 19 19 7
17991 21 20 4
17992 16 15 5
17993 15 15 5
17994 13 13 5
17995 11 10 4
17996 22 21 5
17997 23 23 7
17998 23 22 4
17999 24 23 5
18000 25 25 5
18001 21 21 7
18002 11 10 6
18003 18 18 4
18004 24 23 5
18005 21 20 6
18006 24 24 6
18007 20 20 6
18008 22 22 4
18009 34 33 7
18010 19 19 5
18011 29 28 8
18012 30 29 5
18013 27 27 5
18014 39 39 7
18015 43 42 8
18016 24 23 5
18017 23 23 7
18018 39 38 8
18019 36 36 6
18020 42 42 8
18021 26 26 6
18022 38 38 8
18023 40 40 6
18024 46 45 9
18025 23 23 7
18026 37 36 6
18027 38 38 8
18028 38 38 8
18029 36 35 7
18030 31 30 6
18031 50 49 13
18032 21 20 6
18033 42 42 6
18034 34 33 9
18035 53 52 12
18036 44 43 7
18037 35 34 6
18038 42 41 11
18039 23 22 6
18040 60 60 16
18041 30 30 8
18042 32 32 6
18043 38 37 9
18044 19 19 5
18045 27 26 6
18046 30 30 6
18047 26 26 6
18048 26 25 7
18049 33 32 8
18050 24 24 6
18051 26 25 5
18052 43 42 6
18053 26 25 7
18054 13 13 5
18055 37 36 8
18056 24 24 6
18057 26 25 5
18058 23 23 5
18059 19 19 5
18060 25 25 5
18061 23 22 6
18062 22 21 5
18063 21 20 6
18064 26 26 6
18065 26 26 6
18066 22 22 6
18067 20 20 4
18068 16 15 5
18069 31 30 6
18070 20 20 6
18071 28 28 6
18072 22 21 5
18073 29 28 8
18074 10 10 4
18075 30 29 5
18076 21 20 6
18077 14 14 6
18078 14 14 6
18079 12 12 6
18080 18 18 6
18081 22 22 6
18082 18 17 5
18083 29 29 9
18084 9 8 4
18085 20 19 5
18086 13 13 5
18087 21 20 4
18088 14 13 5
18089 15 14 4
18090 14 13 5
18091 17 16 6
18092 12 12 4
18093 14 13 5
18094 15 14 6
18095 20 20 4
18096 14 13 5
18097 21 20 6
18098 18 17 5
18099 11 10 4
18100 12 11 5
18101 21 21 5
18102 15 15 7
18103 15 14 6
18104 18 18 6
18105 12 11 5
18106 19 19 7
18107 9 9 5
18108 17 16 4
18109 26 25 7
18110 21 20 4
18111 30 29 7
18112 15 14 6
18113 18 17 5
18114 19 19 5
18115 21 21 7
18116 17 16 6
18117 14 13 5
18118 27 26 6
18119 10 10 4
18120 16 15 5
18121 23 23 5
18122 25 25 5
18123 15 15 5
18124 27 26 6
18125 14 14 6
18126 20 20 6
18127 12 12 4
18128 14 13 5
18129 23 22 6
18130 10 9 5
18131 19 18 4
18132 14 13 7
18133 29 28 8
18134 14 14 6
18135 18 18 4
18136 12 11 5
18137 7 7 7
18138 12 12 6
18139 22 22 6
18140 16 15 5
18141 13 12 4
18142 14 13 5
18143 13 12 6
18144 16 16 6
18145 12 11 5
18146 19 18 6
18147 14 14 6
18148 14 13 5
18149 11 10 6
18150 14 14 6
18151 10 10 4
18152 12 11 5
18153 19 18 6
18154 18 17 5
18155 11 10 6
18156 10 9 5
18157 9 8 4
18158 20 19 5
18159 17 17 5
18160 11 11 5
18161 11 11 5
18162 15 14 6
18163 20 20 8
18164 10 9 5
18165 11 10 4
18166 16 15 5
18167 11 10 4
18168 10 9 5
18169 9 8 4
18170 10 9 5
18171 11 11 5
18172 15 14 6
18173 12 12 4
18174 12 11 5
18175 11 11 5
18176 19 19 9
18177 35 34 6
18178 16 15 5
18179 13 12 4
18180 12 11 5
18181 11 11 5
18182 15 15 5
18183 19 18 6
18184 6 6 6
18185 11 10 4
18186 26 25 7
18187 19 19 5
18188 15 15 5
18189 17 17 7
18190 13 12 6
18191 18 17 5
18192 11 10 4
18193 18 17 7
18194 13 13 5
18195 19 19 5
18196 15 15 5
18197 13 12 6
18198 14 14 6
18199 10 9 5
18200 9 8 4
18201 14 13 5
18202 19 19 5
18203 13 12 6
18204 14 14 6
18205 18 18 4
18206 26 25 9
18207 15 14 6
18208 6 6 6
18209 13 13 7
18210 23 22 6
18211 20 19 5
18212 13 12 6
18213 8 8 4
18214 12 11 5
18215 17 16 4
18216 30 29 5
18217 33 33 5
18218 17 16 6
18219 20 20 6
18220 26 26 4
18221 18 17 5
18222 23 22 6
18223 18 18 4
18224 22 21 5
18225 17 16 4
18226 14 13 5
18227 23 23 5
18228 7 6 5
18229 19 18 6
18230 16 16 6
18231 16 15 5
18232 11 10 6
18233 18 18 4
18234 12 11 5
18235 15 14 6
18236 14 13 5
18237 11 11 5
18238 17 16 6
18239 16 15 7
18240 19 18 6
18241 6 6 6
18242 17 16 6
18243 16 16 6
18244 6 6 6
18245 15 15 7
18246 21 20 4
18247 12 11 5
18248 11 11 5
18249 25 24 6
18250 16 15 5
18251 31 31 9
18252 7 6 5
18253 9 8 4
18254 8 7 6
18255 16 16 6
18256 14 13 5
18257 13 12 4
18258 20 19 7
18259 13 12 4
18260 18 17 5
18261 37 37 7
18262 15 15 5
18263 29 29 5
18264 23 23 5
18265 31 31 5
18266 19 18 6
18267 18 18 6
18268 14 14 6
18269 18 17 5
18270 21 21 5
18271 19 18 4
18272 26 25 5
18273 23 23 7
18274 17 16 6
18275 14 13 5
18276 13 13 5
18277 17 16 6
18278 12 11 5
18279 11 11 5
18280 15 14 4
18281 12 11 5
18282 9 9 5
18283 15 14 6
18284 10 10 6
18285 16 15 5
18286 11 11 5
18287 11 11 5
18288 11 11 5
18289 13 13 5
18290 13 12 6
18291 10 10 6
18292 8 8 4
18293 16 15 5
18294 11 11 5
18295 7 7 7
18296 10 10 4
18297 16 15 7
18298 13 12 6
18299 14 13 5
18300 17 17 5
18301 13 13 7
18302 13 12 4
18303 14 13 5
18304 15 15 5
18305 9 9 5
18306 7 7 7
18307 6 6 6
18308 11 10 6
18309 12 11 5
18310 15 15 5
18311 17 16 4
18312 16 15 5
18313 11 10 4
18314 6 5 4
18315 18 17 5
18316 21 21 7
18317 17 16 6
18318 16 15 7
18319 13 12 6
18320 10 10 4
18321 10 9 5
18322 13 12 6
18323 16 16 6
18324 10 10 6
18325 18 18 8
18326 10 10 6
18327 6 6 6
18328 7 6 5
18329 9 9 5
18330 13 12 6
18331 6 6 6
18332 17 16 6
18333 6 5 4
18334 12 11 5
18335 17 17 5
18336 15 14 4
18337 14 13 5
18338 23 22 8
18339 18 18 4
18340 12 11 5
18341 27 26 6
18342 14 14 6
18343 26 26 6
18344 18 17 5
18345 27 26 4
18346 20 19 7
18347 19 18 6
18348 12 11 5
18349 17 16 6
18350 16 16 6
18351 14 13 7
18352 15 14 6
18353 20 20 4
18354 24 23 5
18355 13 13 7
18356 15 14 4
18357 18 17 5
18358 19 18 6
18359 16 15 5
18360 15 15 5
18361 13 12 4
18362 26 25 5
18363 23 23 7
18364 15 14 6
18365 18 18 6
18366 10 10 4
18367 26 25 5
18368 27 27 5
18369 23 23 5
18370 25 25 5
18371 19 19 5
18372 21 21 5
18373 11 10 4
18374 16 15 5
18375 13 12 4
18376 22 21 5
18377 17 16 6
18378 16 16 6
18379 20 19 5
18380 11 11 5
18381 13 13 5
18382 15 15 5
18383 23 22 6
18384 24 23 5
18385 35 35 5
18386 23 22 8
18387 20 19 5
18388 21 21 7
18389 17 17 5
18390 21 21 5
18391 15 14 6
18392 18 18 4
18393 16 15 5
18394 25 25 5
18395 19 18 4
18396 22 21 7
18397 15 14 4
18398 24 23 7
18399 21 21 5
18400 27 27 5
18401 17 17 5
18402 17 17 5
18403 23 23 5
18404 11 11 5
18405 25 25 5
18406 49 49 9
18407 27 27 5
18408 17 17 5
18409 33 32 6
18410 34 34 8
18411 22 22 6
18412 24 24 6
18413 30 29 5
18414 43 42 8
18415 26 26 6
18416 40 39 9
18417 17 17 7
18418 31 30 6
18419 26 25 5
18420 25 24 4
18421 20 19 5
18422 23 22 6
18423 32 32 8
18424 18 18 6
18425 18 18 6
18426 28 28 6
18427 22 22 4
18428 30 29 11
18429 17 17 5
18430 25 25 5
18431 15 14 6
18432 14 14 4
18433 26 25 5
18434 25 25 5
18435 21 20 6
18436 18 18 4
18437 18 17 5
18438 21 21 5
18439 13 13 5
18440 15 15 5
18441 15 14 6
18442 12 12 6
18443 14 14 4
18444 20 19 5
18445 13 12 6
18446 10 10 4
18447 18 17 7
18448 15 14 6
18449 14 14 4
18450 10 9 5
18451 17 17 7
18452 17 17 5
18453 15 15 5
18454 15 15 5
18455 11 10 4
18456 26 25 7
18457 21 20 6
18458 14 14 6
18459 24 24 6
18460 10 10 4
18461 12 11 5
18462 21 20 6
18463 12 11 5
18464 15 14 6
18465 8 7 6
18466 14 14 6
18467 10 10 6
18468 16 16 6
18469 12 11 5
18470 17 17 5
18471 13 12 8
18472 12 12 4
18473 18 17 7
18474 15 14 6
18475 8 8 4
18476 10 9 5
18477 15 14 6
18478 8 8 4
18479 12 11 7
18480 23 22 6
18481 16 16 6
18482 18 17 5
18483 23 22 6
18484 12 12 4
18485 16 15 7
18486 7 6 5
18487 15 14 6
18488 12 11 5
18489 13 12 4
18490 16 15 7
18491 13 13 5
18492 17 16 4
18493 12 11 7
18494 13 13 5
18495 13 12 4
18496 12 11 5
18497 13 13 7
18498 13 12 4
18499 14 13 5
18500 13 13 5
18501 13 12 6
18502 12 12 4
18503 10 9 5
18504 17 17 5
18505 13 12 4
18506 14 13 5
18507 11 10 4
18508 14 13 5
18509 11 11 5
18510 13 12 4
18511 18 17 7
18512 11 10 4
18513 6 5 4
18514 14 13 5
18515 21 20 4
18516 14 13 5
18517 15 14 8
18518 12 11 5
18519 9 8 4
18520 16 15 7
18521 23 22 6
18522 14 14 4
18523 6 5 4
18524 12 11 5
18525 13 13 5
18526 15 15 5
18527 11 11 5
18528 11 10 6
18529 20 20 6
18530 18 17 5
18531 13 12 6
18532 18 18 6
18533 18 18 8
18534 16 16 6
18535 14 14 6
18536 10 10 6
18537 18 18 6
18538 24 24 6
18539 20 20 6
18540 20 19 5
18541 23 22 6
18542 18 17 5
18543 15 14 6
18544 12 12 6
18545 14 14 4
18546 16 15 7
18547 23 22 6
18548 16 16 8
18549 18 18 4
18550 26 25 5
18551 13 12 4
18552 20 19 7
18553 13 12 6
18554 22 22 6
18555 24 24 6
18556 18 17 7
18557 13 12 4
18558 22 21 7
18559 9 8 4
18560 12 11 5
18561 23 22 6
18562 12 12 4
18563 12 11 5
18564 11 10 6
18565 16 16 4
18566 14 13 5
18567 19 19 5
18568 15 14 4
18569 24 23 5
18570 15 14 6
18571 14 13 5
18572 11 10 4
18573 12 11 7
18574 9 8 4
18575 12 11 5
18576 13 12 6
18577 16 16 6
18578 26 25 7
18579 13 13 7
18580 11 10 4
18581 12 11 5
18582 11 10 4
18583 18 17 5
18584 11 11 7
18585 11 10 4
18586 12 11 5
18587 17 16 6
18588 10 10 6
18589 16 16 6
18590 14 14 4
18591 14 13 5
18592 23 22 6
18593 14 14 6
18594 8 8 4
18595 14 13 5
18596 11 10 6
18597 8 8 4
18598 10 9 5
18599 15 15 7
18600 15 14 6
18601 10 10 4
18602 12 11 5
18603 17 17 7
18604 19 18 6
18605 14 14 4
18606 6 5 4
18607 10 9 5
18608 19 18 6
18609 14 14 6
18610 14 14 6
18611 14 14 6
18612 16 16 6
18613 12 12 6
18614 12 12 6
18615 12 12 4
18616 12 11 7
18617 17 16 4
18618 20 19 5
18619 19 19 5
18620 19 19 5
18621 17 17 5
18622 21 21 7
18623 13 12 4
18624 20 19 5
18625 17 17 5
18626 19 18 6
18627 10 10 4
18628 12 11 7
18629 15 14 6
18630 14 14 6
18631 8 8 4
18632 16 15 7
18633 11 10 4
18634 14 13 7
18635 13 12 4
18636 10 9 5
18637 15 14 4
18638 20 19 5
18639 13 13 5
18640 19 18 6
18641 16 15 7
18642 9 8 4
18643 8 7 6
18644 12 12 6
18645 12 12 4
18646 14 13 5
18647 19 19 5
18648 9 9 5
18649 11 11 5
18650 9 8 4
18651 8 7 6
18652 22 22 10
18653 10 10 4
18654 10 9 5
18655 13 13 5
18656 11 10 6
18657 10 10 4
18658 10 9 5
18659 13 13 7
18660 13 12 6
18661 6 5 4
18662 18 17 5
18663 15 14 6
18664 6 6 6
18665 7 6 5
18666 17 17 5
18667 17 16 6
18668 16 16 8
18669 14 14 6
18670 20 20 6
18671 18 17 5
18672 21 20 8
18673 22 22 6
18674 20 19 5
18675 13 13 5
18676 23 22 6
18677 20 19 5
18678 17 16 6
18679 12 12 4
18680 28 27 5
18681 13 12 4
18682 16 15 5
18683 11 11 5
18684 15 14 4
18685 12 11 5
18686 9 9 5
18687 35 35 5
18688 11 11 5
18689 27 26 4
18690 32 31 9
18691 33 33 5
18692 31 31 5
18693 25 25 7
18694 33 32 4
18695 32 31 7
18696 31 30 6
18697 32 31 7
18698 25 24 6
18699 14 14 4
18700 22 21 5
18701 27 26 6
18702 44 43 7
18703 25 25 9
18704 35 35 9
18705 31 30 6
18706 20 20 6
18707 32 31 9
18708 23 23 7
18709 33 33 7
18710 29 29 9
18711 37 36 10
18712 24 24 8
18713 28 28 6
18714 12 11 5
18715 27 26 6
18716 32 32 6
18717 26 26 6
18718 24 24 6
18719 12 12 4
18720 34 33 9
18721 19 18 4
18722 32 31 5
18723 31 31 5
18724 23 23 7
18725 33 33 7
18726 33 32 6
18727 22 21 7
18728 19 19 5
18729 15 14 4
18730 20 19 5
18731 19 18 6
18732 38 38 10
18733 16 16 4
18734 20 19 7
18735 33 32 8
18736 30 29 7
18737 31 31 7
18738 29 28 8
18739 24 24 10
18740 24 24 8
18741 36 36 12
18742 34 34 12
18743 20 20 6
18744 26 26 10
18745 24 24 8
18746 38 38 8
18747 36 35 13
18748 45 44 16
18749 16 16 4
18750 38 37 9
18751 23 22 6
18752 20 19 5
18753 25 24 4
18754 24 23 5
18755 37 36 6
18756 10 9 5
18757 23 22 4
18758 26 25 7
18759 37 36 10
18760 14 13 5
18761 21 21 7
18762 41 40 14
18763 30 30 8
18764 16 16 6
18765 24 24 6
18766 28 28 8
18767 26 25 11
18768 31 30 6
18769 28 28 6
18770 28 28 6
18771 20 19 5
18772 13 12 4
18773 16 15 5
18774 11 10 6
18775 28 28 8
18776 26 26 8
18777 18 18 6
18778 16 15 5
18779 33 32 10
18780 14 14 4
18781 22 21 7
18782 35 34 8
18783 30 30 6
18784 28 28 6
18785 18 18 4
18786 16 15 5
18787 19 19 5
18788 25 24 6
18789 22 22 6
18790 20 19 5
18791 17 16 4
18792 22 21 5
18793 25 24 6
18794 20 20 4
18795 26 25 5
18796 17 16 4
18797 24 23 5
18798 17 16 4
18799 18 17 5
18800 15 15 5
18801 17 17 5
18802 15 14 4
18803 20 19 7
18804 17 16 4
18805 16 15 5
18806 23 23 7
18807 11 10 4
18808 20 19 5
18809 21 20 6
18810 10 9 5
18811 15 14 4
18812 12 11 5
18813 25 25 5
18814 19 19 5
18815 15 15 5
18816 17 16 4
18817 14 13 5
18818 17 16 8
18819 20 19 5
18820 13 12 6
18821 16 15 5
18822 15 15 5
18823 15 14 6
18824 16 16 6
18825 10 10 4
18826 16 15 5
18827 19 18 8
18828 14 14 4
18829 20 19 5
18830 17 17 5
18831 17 16 4
18832 12 11 5
18833 15 14 4
18834 16 15 5
18835 21 21 7
18836 21 21 7
18837 17 17 5
18838 13 13 5
18839 17 17 5
18840 21 21 5
18841 31 30 6
18842 22 22 6
18843 12 12 6
18844 32 32 6
18845 20 19 7
18846 21 20 6
18847 20 19 5
18848 23 22 6
18849 14 14 6
18850 12 12 4
18851 18 17 7
18852 21 20 6
18853 14 14 4
18854 12 11 5
18855 23 22 6
18856 12 12 6
18857 18 18 6
18858 12 11 5
18859 11 10 4
18860 6 5 4
18861 20 19 7
18862 25 25 7
18863 11 10 6
18864 6 5 4
18865 12 11 5
18866 29 28 8
18867 10 10 6
18868 14 14 4
18869 10 9 5
18870 19 19 7
18871 15 14 6
18872 12 12 4
18873 12 11 5
18874 9 8 4
18875 14 13 5
18876 13 13 7
18877 11 11 5
18878 9 9 5
18879 15 15 5
18880 11 11 5
18881 11 10 6
18882 10 10 6
18883 10 10 4
18884 12 11 5
18885 13 12 6
18886 6 6 6
18887 15 14 6
18888 6 6 6
18889 11 11 5
18890 15 15 5
18891 15 15 5
18892 13 13 5
18893 11 10 6
18894 22 22 4
18895 14 13 5
18896 17 17 5
18897 11 10 6
18898 6 6 6
18899 15 14 6
18900 14 14 6
18901 10 10 4
18902 10 9 5
18903 9 8 4
18904 10 9 5
18905 13 13 7
18906 19 18 4
18907 10 9 5
18908 9 9 5
18909 15 14 6
18910 14 14 6
18911 14 13 5
18912 13 12 6
18913 14 14 8
18914 14 14 6
18915 10 10 4
18916 8 7 6
18917 12 12 6
18918 10 10 6
18919 6 6 6
18920 19 18 6
18921 12 11 7
18922 15 14 4
18923 10 9 5
18924 5 5 5
18925 16 15 5
18926 15 15 5
18927 9 9 5
18928 17 17 7
18929 9 8 4
18930 12 11 5
18931 11 10 6
18932 6 6 6
18933 17 16 6
18934 8 8 4
18935 20 19 5
18936 11 11 5
18937 11 11 5
18938 23 22 8
18939 12 11 5
18940 11 10 4
18941 14 13 5
18942 15 15 7
18943 13 12 6
18944 14 14 4
18945 14 13 7
18946 15 14 6
18947 10 10 6
18948 14 14 6
18949 6 6 6
18950 13 13 5
18951 19 18 6
18952 14 13 5
18953 15 14 6
18954 12 12 4
18955 14 13 5
18956 15 14 4
18957 12 11 5
18958 5 5 5
18959 10 9 5
18960 21 20 6
18961 12 11 5
18962 9 9 5
18963 23 23 5
18964 11 10 4
18965 16 15 7
18966 15 15 5
18967 9 8 4
18968 14 13 5
18969 13 12 4
18970 14 13 5
18971 15 14 6
18972 10 9 5
18973 5 5 5
18974 12 11 5
18975 9 9 5
18976 15 14 6
18977 12 11 5
18978 17 16 6
18979 18 18 4
18980 16 15 7
18981 13 13 5
18982 13 12 4
18983 10 9 5
18984 21 20 6
18985 16 16 4
18986 22 21 5
18987 23 23 5
18988 13 13 7
18989 7 6 5
18990 19 19 5
18991 17 17 5
18992 17 16 6
18993 18 17 5
18994 13 13 5
18995 33 32 6
18996 32 32 4
18997 22 21 5
18998 27 26 4
18999 20 19 5
19000 23 22 6
19001 18 18 6
19002 12 12 6
19003 16 16 6
19004 20 20 4
19005 34 33 5
19006 17 17 5
19007 17 16 6
19008 10 10 4
19009 26 25 7
19010 17 17 5
19011 17 17 5
19012 19 19 7
19013 15 14 4
19014 22 21 7
19015 21 21 7
19016 29 29 5
19017 29 28 6
19018 14 14 6
19019 36 36 6
19020 26 25 7
19021 21 20 6
19022 24 24 6
19023 30 30 8
19024 32 32 6
19025 18 18 6
19026 14 14 6
19027 14 14 4
19028 22 21 7
19029 27 26 8
19030 24 24 6
19031 18 18 8
19032 26 26 6
19033 28 27 5
19034 29 28 6
19035 22 21 7
19036 31 30 6
19037 26 26 8
19038 40 39 9
19039 35 34 6
19040 30 30 10
19041 26 26 6
19042 30 29 5
19043 37 37 9
19044 29 28 6
19045 20 20 4
19046 22 21 5
19047 25 24 8
19048 16 16 6
19049 32 31 7
19050 35 34 10
19051 44 43 11
19052 33 33 9
19053 23 22 8
19054 20 20 6
19055 14 14 4
19056 40 39 9
19057 29 29 5
19058 21 21 5
19059 29 29 9
19060 31 30 10
19061 20 20 6
19062 24 23 7
19063 29 29 11
19064 31 30 12
19065 24 24 6
19066 20 19 5
19067 15 14 6
19068 18 18 4
19069 26 25 5
19070 35 35 5
19071 11 10 4
19072 24 23 7
19073 21 20 8
19074 28 28 10
19075 22 22 6
19076 28 28 8
19077 22 22 4
19078 36 35 7
19079 27 26 6
19080 26 26 10
19081 38 38 6
19082 26 26 6
19083 12 11 5
19084 23 23 5
19085 27 26 4
19086 14 13 5
19087 29 29 5
19088 15 15 5
19089 19 18 6
19090 30 29 5
19091 23 23 5
19092 23 23 5
19093 21 21 7
19094 19 19 5
19095 31 30 6
19096 18 18 4
19097 38 37 15
19098 17 16 4
19099 20 19 5
19100 25 25 9
19101 43 43 15
19102 29 28 8
19103 24 24 6
19104 26 26 6
19105 22 21 7
19106 27 26 6
19107 30 29 9
19108 23 22 6
19109 22 21 5
19110 15 15 7
19111 19 19 5
19112 19 18 6
19113 24 24 6
19114 28 28 6
19115 14 14 6
19116 16 16 6
19117 24 24 8
19118 18 18 6
19119 16 16 4
19120 12 11 5
19121 7 6 5
19122 25 25 9
19123 13 12 4
19124 12 11 5
19125 13 13 7
19126 23 22 6
19127 12 12 6
19128 16 16 6
19129 26 26 6
19130 14 14 6
19131 10 10 4
19132 16 15 5
19133 15 15 5
19134 15 14 6
19135 14 13 5
19136 11 11 5
19137 13 12 6
19138 16 15 5
19139 13 13 5
19140 11 10 4
19141 12 11 5
19142 13 13 5
19143 19 18 6
19144 18 17 5
19145 11 11 5
19146 15 14 6
19147 20 20 8
19148 12 12 6
19149 14 14 4
19150 16 15 9
19151 17 16 6
19152 10 10 4
19153 18 17 9
19154 17 16 6
19155 10 10 6
19156 22 22 8
19157 16 16 6
19158 10 10 4
19159 14 13 5
19160 13 13 5
19161 13 13 7
19162 13 12 4
19163 16 15 5
19164 11 10 6
19165 10 10 4
19166 14 13 5
19167 13 13 7
19168 9 8 4
19169 14 13 7
19170 17 16 6
19171 10 10 6
19172 10 10 4
19173 12 11 5
19174 9 9 5
19175 21 20 8
19176 12 12 6
19177 12 12 6
19178 14 14 4
19179 14 13 5
19180 21 20 6
19181 18 17 5
19182 15 15 5
19183 17 17 7
19184 19 18 4
19185 12 11 5
19186 15 14 6
19187 8 8 4
19188 16 15 5
19189 19 18 6
19190 18 18 6
19191 14 14 6
19192 18 18 6
19193 22 22 4
19194 12 11 5
19195 27 27 7
19196 23 22 4
19197 24 23 5
19198 25 25 7
19199 15 14 4
19200 16 15 5
19201 21 21 5
19202 31 30 6
19203 26 26 4
19204 26 25 5
19205 25 25 5
19206 19 19 7
19207 25 24 6
19208 16 16 6
19209 14 13 5
19210 25 24 6
19211 16 16 4
19212 30 29 7
19213 17 16 8
19214 10 10 4
19215 22 21 7
19216 19 18 8
19217 14 14 4
19218 22 21 5
19219 19 19 7
19220 19 18 4
19221 18 17 5
19222 17 16 6
19223 18 18 6
19224 16 15 5
19225 21 20 6
19226 26 26 6
19227 20 20 6
19228 18 17 5
19229 13 13 5
19230 17 17 5
19231 13 12 6
19232 20 19 5
19233 9 9 5
19234 11 10 6
19235 8 8 4
19236 18 17 5
19237 17 17 7
19238 11 10 4
19239 6 5 4
19240 20 19 7
19241 7 6 5
19242 9 8 4
19243 22 21 5
19244 11 11 5
19245 21 20 4
19246 10 9 5
19247 23 23 5
19248 7 6 5
19249 11 11 5
19250 11 11 5
19251 7 7 7
19252 12 12 4
19253 14 13 5
19254 15 14 6
19255 22 22 6
19256 14 14 6
19257 12 11 5
19258 11 10 4
19259 22 21 7
19260 11 10 6
19261 10 10 4
19262 14 13 5
19263 17 16 6
19264 16 16 6
19265 12 12 4
19266 16 15 5
19267 5 5 5
19268 10 9 5
19269 17 17 5
19270 13 12 6
19271 16 16 6
19272 16 16 6
19273 18 17 5
19274 15 14 4
19275 6 5 4
19276 12 11 5
19277 9 9 5
19278 17 16 6
19279 8 8 4
19280 12 11 5
19281 13 13 5
19282 17 16 6
19283 20 20 8
19284 16 16 4
19285 10 9 5
19286 13 12 6
19287 14 13 7
19288 15 14 4
19289 16 15 5
19290 13 13 5
19291 15 14 6
19292 20 20 8
19293 24 24 4
19294 22 21 5
19295 11 11 5
19296 17 17 5
19297 15 14 4
19298 12 11 5
19299 13 12 6
19300 12 12 4
19301 14 13 5
19302 31 30 6
19303 14 14 4
19304 28 27 7
19305 17 16 4
19306 16 15 5
19307 21 21 5
19308 5 5 5
19309 10 9 5
19310 21 21 5
19311 5 5 5
19312 16 15 7
19313 25 24 6
19314 34 34 6
19315 6 6 6
19316 17 16 4
19317 12 11 5
19318 15 14 4
19319 8 7 6
19320 20 20 6
19321 14 13 7
19322 21 20 6
19323 6 6 6
19324 17 16 4
19325 12 11 5
19326 11 11 5
19327 13 12 4
19328 14 13 5
19329 15 15 5
19330 13 12 8
19331 18 18 4
19332 14 13 5
19333 7 6 5
19334 13 12 6
19335 10 10 6
19336 14 14 4
19337 14 13 5
19338 23 22 8
19339 10 9 5
19340 17 16 4
19341 18 17 5
19342 21 20 4
19343 22 21 7
19344 15 14 4
19345 18 17 5
19346 15 14 6
19347 12 12 4
19348 14 13 5
19349 11 11 5
19350 13 13 5
19351 9 9 5
19352 13 12 4
19353 16 15 5
19354 13 13 5
19355 13 13 5
19356 9 9 5
19357 13 12 6
19358 14 13 5
19359 17 16 6
19360 18 17 7
19361 13 12 4
19362 16 15 5
19363 23 22 6
19364 18 18 6
19365 10 10 4
19366 18 17 5
19367 5 5 5
19368 10 9 5
19369 17 16 8
19370 14 14 4
19371 20 19 7
19372 13 13 5
19373 15 14 6
19374 16 16 6
19375 8 8 4
19376 16 15 5
19377 21 21 5
19378 9 9 5
19379 11 10 4
19380 12 11 5
19381 11 11 5
19382 21 21 7
19383 9 8 4
19384 14 13 5
19385 15 14 4
19386 14 13 5
19387 9 9 5
19388 13 12 4
19389 20 19 5
19390 19 18 6
19391 10 10 4
19392 14 13 5
19393 19 18 4
19394 14 13 5
19395 13 13 7
19396 15 14 6
19397 18 18 6
19398 14 14 4
19399 20 19 5
19400 15 14 4
19401 14 13 5
19402 11 11 5
19403 21 20 8
19404 18 18 6
19405 10 10 4
19406 10 9 5
19407 13 13 5
19408 13 13 5
19409 11 11 5
19410 13 12 6
19411 10 10 4
19412 16 15 7
19413 15 14 6
19414 14 13 5
19415 19 18 6
19416 10 10 6
19417 6 6 6
19418 11 10 6
19419 12 12 6
19420 16 16 6
19421 10 10 6
19422 14 14 6
19423 10 10 4
19424 14 13 5
19425 13 12 4
19426 20 19 7
19427 15 14 6
19428 10 9 5
19429 13 12 4
19430 18 17 7
19431 11 11 5
19432 11 11 5
19433 21 20 6
19434 10 10 4
19435 16 15 5
19436 11 10 6
19437 22 22 6
19438 14 14 6
19439 16 16 6
19440 16 15 5
19441 11 10 4
19442 14 13 5
19443 21 20 4
19444 16 15 5
19445 19 18 6
19446 14 14 4
19447 22 21 7
19448 11 11 5
19449 15 14 4
19450 20 19 5
19451 11 10 4
19452 14 13 5
19453 15 14 6
19454 18 18 6
19455 16 16 6
19456 16 15 5
19457 15 14 6
19458 16 16 4
19459 18 17 7
19460 17 16 4
19461 26 25 7
19462 13 12 6
19463 16 16 6
19464 12 11 5
19465 13 13 5
19466 11 10 4
19467 12 11 5
19468 11 10 4
19469 10 9 5
19470 13 13 7
19471 9 8 4
19472 10 9 5
19473 13 13 7
19474 13 12 4
19475 12 11 5
19476 11 11 5
19477 19 19 5
19478 13 13 5
19479 17 16 6
19480 16 15 5
19481 17 17 5
19482 15 14 6
19483 10 10 4
19484 16 15 5
19485 21 21 5
19486 11 11 5
19487 17 17 5
19488 17 16 6
19489 10 10 4
19490 22 21 7
19491 11 10 6
19492 6 6 6
19493 11 10 4
19494 16 15 7
19495 21 20 6
19496 14 14 4
19497 16 15 7
19498 9 8 4
19499 12 11 5
19500 15 15 5
19501 11 11 7
19502 15 14 6
19503 12 12 4
19504 16 15 5
19505 19 19 5
19506 19 18 8
19507 14 14 4
19508 18 17 9
19509 17 16 6
19510 8 8 4
19511 16 15 5
19512 13 13 5
19513 15 15 5
19514 9 9 5
19515 13 13 5
19516 17 16 6
19517 12 11 5
19518 15 14 8
19519 14 14 6
19520 16 15 5
19521 13 13 7
19522 17 16 4
19523 14 13 7
19524 13 12 4
19525 10 9 5
19526 13 13 7
19527 15 14 6
19528 20 20 6
19529 18 17 5
19530 17 16 6
19531 10 10 4
19532 14 13 5
19533 15 14 4
19534 14 13 5
19535 13 12 6
19536 10 10 4
19537 24 23 9
19538 11 11 5
19539 11 10 4
19540 18 17 5
19541 15 15 5
19542 13 12 6
19543 6 5 4
19544 16 15 5
19545 11 10 6
19546 18 18 6
19547 10 9 5
19548 11 11 5
19549 11 10 4
19550 20 19 7
19551 7 7 7
19552 10 10 6
19553 12 12 4
19554 20 19 5
19555 17 16 6
19556 12 11 5
19557 11 10 6
19558 8 8 4
19559 14 13 5
19560 9 9 5
19561 19 19 5
19562 7 6 5
19563 21 20 6
19564 22 22 4
19565 10 9 5
19566 13 12 6
19567 8 8 4
19568 12 11 5
19569 11 11 7
19570 9 8 4
19571 18 17 7
19572 15 14 6
19573 14 14 4
19574 12 11 7
19575 9 8 4
19576 12 11 5
19577 25 24 6
19578 10 10 6
19579 10 10 6
19580 12 11 5
19581 9 8 4
19582 10 9 5
19583 17 16 6
19584 20 20 8
19585 10 10 4
19586 12 11 5
19587 15 14 6
19588 10 10 4
19589 10 9 5
19590 21 21 7
19591 11 10 6
19592 6 6 6
19593 11 10 4
19594 26 25 7
19595 15 14 6
19596 10 10 4
19597 20 19 9
19598 13 12 4
19599 14 13 5
19600 9 9 5
19601 13 12 6
19602 12 12 6
19603 16 16 6
19604 12 12 6
19605 8 8 8
19606 9 8 4
19607 10 9 5
19608 11 10 6
19609 6 6 6
19610 15 14 8
19611 12 11 5
19612 15 14 4
19613 10 9 5
19614 15 15 5
19615 17 16 8
19616 10 10 6
19617 12 12 4
19618 14 13 5
19619 11 11 5
19620 11 10 4
19621 12 11 5
19622 15 15 5
19623 9 8 4
19624 8 7 6
19625 6 5 4
19626 20 19 5
19627 9 8 4
19628 18 17 7
19629 11 10 6
19630 28 28 8
19631 12 12 4
19632 14 13 5
19633 7 6 5
19634 9 9 5
19635 11 10 6
19636 16 16 8
19637 10 10 4
19638 22 21 5
19639 29 29 5
19640 21 20 6
19641 20 20 4
19642 12 11 5
19643 15 14 6
19644 12 12 6
19645 8 8 4
19646 26 25 9
19647 15 15 5
19648 13 12 4
19649 16 15 5
19650 11 10 6
19651 14 14 6
19652 6 6 6
19653 11 10 6
19654 10 10 6
19655 14 14 6
19656 14 14 4
19657 16 15 9
19658 11 10 4
19659 10 9 5
19660 9 8 4
19661 16 15 7
19662 13 12 6
19663 16 16 4
19664 16 15 5
19665 9 8 4
19666 14 13 7
19667 15 14 4
19668 8 7 6
19669 18 18 6
19670 16 15 5
19671 11 11 5
19672 13 12 6
19673 8 8 4
19674 12 11 5
19675 9 8 4
19676 14 13 9
19677 11 10 4
19678 10 9 5
19679 7 6 5
19680 19 19 7
19681 7 6 5
19682 11 10 6
19683 10 9 5
19684 15 14 6
19685 12 11 5
19686 13 12 4
19687 14 13 5
19688 9 9 5
19689 19 18 4
19690 14 13 5
19691 13 12 4
19692 12 11 5
19693 9 9 5
19694 7 7 7
19695 14 14 6
19696 6 6 6
19697 9 8 4
19698 12 11 7
19699 11 10 4
19700 16 15 7
19701 13 13 5
19702 17 17 7
19703 13 12 6
19704 14 13 5
19705 11 10 6
19706 12 12 6
19707 6 6 6
19708 15 14 6
19709 16 16 8
19710 12 12 4
19711 10 9 5
19712 9 9 5
19713 11 11 5
19714 15 14 6
19715 6 6 6
19716 13 13 7
19717 19 18 6
19718 12 12 4
19719 8 7 6
19720 22 22 6
19721 12 12 6
19722 14 14 6
19723 12 12 6
19724 22 21 7
19725 17 16 6
19726 10 10 4
19727 14 13 5
19728 11 11 5
19729 9 8 4
19730 14 13 5
19731 11 10 6
19732 12 12 6
19733 10 10 4
19734 12 11 5
19735 5 5 5
19736 18 17 7
19737 11 11 5
19738 11 10 4
19739 12 11 5
19740 19 18 6
19741 24 23 5
19742 11 11 5
19743 5 5 5
19744 12 11 5
19745 19 18 6
19746 10 10 4
19747 14 13 5
19748 13 13 5
19749 15 14 4
19750 16 15 5
19751 17 17 5
19752 21 20 4
19753 12 11 5
19754 13 12 6
19755 10 10 4
19756 14 13 5
19757 21 21 9
19758 11 10 4
19759 14 13 5
19760 11 11 5
19761 13 12 4
19762 12 11 5
19763 21 20 6
19764 12 12 4
19765 16 15 5
19766 9 9 5
19767 11 11 5
19768 11 10 4
19769 6 5 4
19770 10 9 5
19771 5 5 5
19772 18 17 7
19773 11 10 4
19774 10 9 5
19775 7 6 5
19776 13 12 6
19777 28 28 6
19778 10 9 5
19779 13 12 4
19780 10 9 5
19781 11 10 4
19782 18 17 5
19783 19 18 6
19784 16 15 5
19785 11 11 5
19786 11 11 7
19787 13 12 4
19788 10 9 5
19789 9 9 5
19790 19 18 8
19791 22 22 6
19792 10 10 4
19793 10 9 5
19794 15 14 6
19795 8 8 4
19796 16 15 5
19797 15 14 4
19798 26 25 9
19799 15 14 6
19800 12 12 6
19801 12 12 4
19802 10 9 5
19803 19 19 7
19804 9 9 5
19805 15 15 7
19806 13 12 4
19807 12 11 7
19808 11 10 4
19809 10 9 5
19810 21 20 8
19811 12 12 4
19812 18 17 5
19813 9 9 5
19814 9 8 4
19815 14 13 7
19816 11 10 4
19817 10 9 5
19818 15 15 7
19819 9 8 4
19820 26 25 7
19821 17 17 5
19822 19 19 5
19823 5 5 5
19824 14 13 5
19825 9 9 5
19826 13 12 6
19827 14 13 7
19828 15 14 4
19829 18 17 5
19830 11 10 4
19831 20 19 7
19832 11 11 5
19833 11 10 6
19834 18 18 6
19835 22 21 5
19836 15 15 5
19837 11 10 4
19838 28 27 5
19839 5 5 5
19840 14 13 5
19841 15 14 4
19842 24 23 5
19843 9 9 5
19844 13 12 6
19845 10 10 4
19846 10 9 5
19847 11 11 5
19848 11 11 5
19849 15 15 5
19850 13 12 6
19851 10 10 4
19852 12 11 5
19853 13 12 4
19854 16 15 7
19855 15 14 4
19856 24 23 5
19857 15 15 7
19858 13 12 4
19859 16 15 7
19860 17 16 4
19861 12 11 5
19862 13 13 5
19863 23 22 6
19864 12 11 5
19865 13 12 4
19866 20 19 7
19867 9 8 4
19868 14 13 5
19869 19 19 7
19870 13 12 6
19871 16 16 6
19872 16 16 4
19873 10 9 5
19874 15 14 6
19875 10 9 5
19876 9 9 5
19877 13 12 6
19878 14 13 5
19879 17 16 4
19880 12 11 5
19881 17 16 6
19882 6 5 4
19883 10 9 5
19884 17 17 5
19885 11 10 4
19886 16 15 7
19887 11 10 6
19888 10 10 4
19889 14 13 5
19890 19 18 8
19891 14 14 4
19892 20 19 5
19893 9 8 4
19894 14 13 5
19895 13 12 6
19896 12 12 6
19897 14 13 7
19898 11 10 4
19899 22 21 5
19900 13 13 5
19901 13 13 5
19902 15 15 5
19903 9 9 5
19904 19 18 6
19905 26 26 6
19906 10 9 5
19907 11 11 5
19908 11 10 4
19909 12 11 5
19910 7 7 7
19911 14 14 4
19912 14 13 5
19913 11 11 5
19914 11 10 4
19915 20 19 7
19916 13 12 4
19917 10 9 5
19918 9 9 5
19919 9 8 4
19920 14 13 5
19921 19 19 5
19922 15 15 5
19923 15 14 4
19924 14 13 7
19925 11 10 4
19926 14 13 7
19927 15 15 5
19928 21 20 6
19929 18 17 5
19930 21 20 6
19931 10 9 5
19932 11 10 4
19933 12 11 5
19934 9 9 5
19935 13 12 4
19936 14 13 5
19937 17 16 6
19938 16 16 4
19939 16 15 5
19940 13 12 6
19941 10 10 4
19942 14 13 5
19943 9 8 4
19944 18 17 5
19945 15 14 6
19946 10 10 4
19947 14 13 5
19948 11 11 5
19949 15 15 5
19950 25 24 6
19951 12 12 6
19952 10 10 4
19953 16 15 7
19954 15 14 6
19955 12 11 5
19956 11 10 6
19957 12 12 4
19958 10 9 5
19959 13 12 6
19960 10 10 4
19961 14 13 5
19962 13 13 5
19963 19 19 5
19964 9 9 5
19965 13 12 4
19966 14 13 5
19967 21 21 5
19968 15 14 6
19969 16 15 5
19970 13 12 6
19971 12 12 6
19972 10 10 4
19973 12 11 7
19974 11 10 6
19975 12 11 5
19976 11 10 6
19977 8 8 4
19978 6 5 4
19979 8 7 6
19980 12 11 5
19981 15 15 5
19982 5 5 5
19983 10 9 5
19984 15 15 5
19985 13 13 5
19986 17 16 8
19987 14 13 5
19988 13 13 5
19989 19 18 8
19990 14 14 4
19991 10 9 5
19992 15 15 5
19993 17 17 7
19994 17 16 4
19995 12 11 5
19996 7 6 5
19997 13 13 5
19998 11 11 5
19999 11 11 5
20000 7 6 5
20001 7 6 5
20002 15 15 7
20003 17 16 6
20004 12 11 5
20005 23 22 6
20006 14 14 6
20007 8 8 4
20008 20 19 7
20009 11 10 4
20010 22 21 7
20011 17 16 6
20012 24 24 6
20013 12 12 4
20014 10 9 5
20015 13 12 4
20016 10 9 5
20017 19 19 5
20018 5 5 5
20019 20 19 5
20020 11 10 6
20021 10 9 5
20022 13 13 5
20023 19 18 6
20024 14 14 4
20025 10 9 5
20026 17 16 6
20027 12 12 4
20028 18 17 7
20029 7 6 5
20030 13 12 4
20031 14 13 5
20032 15 15 5
20033 13 13 5
20034 11 11 5
20035 11 11 7
20036 11 10 4
20037 12 11 5
20038 11 11 5
20039 17 16 8
20040 12 11 5
20041 11 10 6
20042 16 15 5
20043 7 7 7
20044 12 12 4
20045 12 11 7
20046 11 10 6
20047 14 14 6
20048 12 12 6
20049 18 17 5
20050 11 10 4
20051 16 15 7
20052 13 13 7
20053 15 14 4
20054 16 15 7
20055 11 11 5
20056 19 18 6
20057 14 14 4
20058 14 13 5
20059 13 13 5
20060 17 17 5
20061 11 11 5
20062 9 8 4
20063 18 17 7
20064 11 10 6
20065 12 12 6
20066 12 12 6
20067 16 15 7
20068 11 11 5
20069 9 8 4
20070 10 9 5
20071 11 10 4
20072 10 9 5
20073 15 15 5
20074 11 11 5
20075 15 14 8
20076 6 6 6
20077 13 13 5
20078 17 16 4
20079 12 11 5
20080 15 15 5
20081 15 14 8
20082 8 8 4
20083 8 7 6
20084 8 8 4
20085 16 15 7
20086 13 12 6
20087 16 16 6
20088 8 8 4
20089 12 11 5
20090 19 18 4
20091 10 9 5
20092 23 22 8
20093 16 16 6
20094 12 12 6
20095 14 13 5
20096 9 9 5
20097 5 5 5
20098 20 19 7
20099 19 18 6
20100 14 13 5
20101 25 25 5
20102 15 14 6
20103 12 11 5
20104 15 15 5
20105 11 11 5
20106 7 6 5
20107 7 6 5
20108 11 10 6
20109 16 16 4
20110 14 13 7
20111 13 12 4
20112 12 11 5
20113 23 23 5
20114 15 15 7
20115 17 16 6
20116 18 18 8
20117 16 16 8
20118 16 16 4
20119 12 11 5
20120 9 9 5
20121 21 21 5
20122 9 8 4
20123 12 11 5
20124 13 12 6
20125 6 5 4
20126 12 11 5
20127 9 9 5
20128 5 5 5
20129 16 15 7
20130 13 12 4
20131 12 11 5
20132 9 8 4
20133 14 13 7
20134 15 14 6
20135 10 10 4
20136 12 11 5
20137 19 19 7
20138 7 6 5
20139 11 10 4
20140 18 17 5
20141 17 17 5
20142 19 18 6
20143 14 14 6
20144 10 10 6
20145 12 12 6
20146 8 8 4
20147 12 11 5
20148 7 7 7
20149 20 20 6
20150 10 10 4
20151 14 13 5
20152 9 9 5
20153 9 9 5
20154 17 16 6
20155 14 13 5
20156 11 10 6
20157 10 9 5
20158 9 8 4
20159 10 9 5
20160 17 16 8
20161 14 13 5
20162 17 16 6
20163 10 10 4
20164 12 11 5
20165 9 9 5
20166 13 12 8
20167 14 14 6
20168 10 10 4
20169 12 11 5
20170 11 11 5
20171 23 22 6
20172 16 15 5
20173 13 13 5
20174 13 12 6
20175 12 12 4
20176 14 13 5
20177 7 7 7
20178 12 12 6
20179 16 16 6
20180 10 10 6
20181 14 14 4
20182 12 11 5
20183 25 24 6
20184 28 27 7
20185 9 9 5
20186 13 12 4
20187 8 7 6
20188 18 17 5
20189 13 13 5
20190 21 20 6
20191 28 27 7
20192 9 9 5
20193 21 20 4
20194 16 15 5
20195 17 16 6
20196 18 17 5
20197 9 9 5
20198 21 20 6
20199 12 12 6
20200 10 9 5
20201 11 11 5
20202 19 18 8
20203 10 10 4
20204 8 7 6
20205 14 14 6
20206 8 8 4
20207 8 7 6
20208 14 14 6
20209 10 10 4
20210 14 13 5
20211 5 5 5
20212 14 13 7
20213 13 13 5
20214 11 11 5
20215 19 18 6
20216 20 20 4
20217 16 15 7
20218 17 17 7
20219 17 16 6
20220 12 12 4
20221 12 11 5
20222 15 15 7
20223 17 16 6
20224 8 8 4
20225 14 13 5
20226 13 13 7
20227 11 10 4
20228 8 7 6
20229 10 10 6
20230 24 24 8
20231 12 12 4
20232 12 11 5
20233 13 13 5
20234 11 10 6
20235 12 11 5
20236 15 15 5
20237 13 13 5
20238 7 6 5
20239 7 7 7
20240 12 11 5
20241 7 6 5
20242 13 12 6
20243 12 12 6
20244 12 12 6
20245 14 14 6
20246 8 8 4
20247 18 17 7
20248 19 19 7
20249 11 10 4
20250 16 15 5
20251 21 21 5
20252 19 18 4
20253 16 15 5
20254 15 14 6
20255 6 6 6
20256 19 18 4
20257 12 11 5
20258 9 9 5
20259 7 6 5
20260 15 14 6
20261 16 15 5
20262 15 14 6
20263 10 10 6
20264 14 14 6
20265 12 11 5
20266 11 10 4
20267 10 9 5
20268 21 20 8
20269 8 8 4
20270 14 13 5
20271 11 10 6
20272 12 12 6
20273 12 12 6
20274 12 12 6
20275 12 11 5
20276 11 11 5
20277 13 12 6
20278 22 22 6
20279 14 13 5
20280 15 14 6
20281 10 10 6
20282 8 8 4
20283 18 17 7
20284 13 13 5
20285 11 10 6
20286 12 11 5
20287 11 10 4
20288 6 5 4
20289 12 11 5
20290 13 13 5
20291 19 19 7
20292 7 6 5
20293 9 8 4
20294 12 11 5
20295 17 16 6
20296 8 8 8
20297 9 8 4
20298 10 9 5
20299 15 15 7
20300 5 5 5
20301 12 11 5
20302 15 14 6
20303 14 14 4
20304 12 11 7
20305 11 11 7
20306 15 14 6
20307 12 12 4
20308 18 17 7
20309 13 13 5
20310 19 18 6
20311 10 9 5
20312 11 10 4
20313 8 7 6
20314 14 14 4
20315 10 9 5
20316 15 15 5
20317 9 9 5
20318 13 12 6
20319 22 21 7
20320 11 10 4
20321 10 9 5
20322 11 11 5
20323 11 10 4
20324 16 15 7
20325 13 12 4
20326 12 11 5
20327 11 11 5
20328 17 16 4
20329 14 13 5
20330 13 12 4
20331 12 11 7
20332 7 6 5
20333 15 14 4
20334 12 11 7
20335 19 18 6
20336 20 20 4
20337 12 11 7
20338 15 14 4
20339 14 13 5
20340 17 16 6
20341 14 13 5
20342 19 19 5
20343 15 15 7
20344 11 10 6
20345 12 11 5
20346 9 8 4
20347 12 11 5
20348 15 14 6
20349 12 12 6
20350 6 6 6
20351 13 12 6
20352 22 21 5
20353 13 13 7
20354 9 8 4
20355 12 11 5
20356 11 10 4
20357 12 11 5
20358 17 17 7
20359 9 8 4
20360 12 11 5
20361 9 9 5
20362 17 17 7
20363 9 9 5
20364 9 8 4
20365 14 13 5
20366 11 10 6
20367 14 13 7
20368 15 14 6
20369 12 12 4
20370 14 13 5
20371 11 10 6
20372 14 14 6
20373 12 11 5
20374 15 14 6
20375 16 16 6
20376 12 12 4
20377 16 15 5
20378 11 10 6
20379 14 13 7
20380 13 12 6
20381 12 12 4
20382 12 11 5
20383 17 16 4
20384 14 13 5
20385 17 17 7
20386 17 16 4
20387 22 21 5
20388 11 11 5
20389 17 16 6
20390 10 9 5
20391 13 12 6
20392 18 18 8
20393 14 14 6
20394 14 14 6
20395 10 10 4
20396 14 13 5
20397 11 10 6
20398 10 10 6
20399 14 13 7
20400 13 12 6
20401 10 9 5
20402 13 12 4
20403 12 11 5
20404 11 10 4
20405 12 11 5
20406 11 11 7
20407 11 10 4
20408 12 11 5
20409 9 9 5
20410 13 12 6
20411 6 6 6
20412 15 14 4
20413 16 15 7
20414 11 11 5
20415 15 14 6
20416 10 9 5
20417 15 14 6
20418 14 14 6
20419 10 10 4
20420 16 15 5
20421 9 9 5
20422 9 9 5
20423 17 16 6
20424 10 9 5
20425 19 18 8
20426 14 14 6
20427 10 10 4
20428 12 11 5
20429 7 6 5
20430 23 22 4
20431 14 13 5
20432 9 8 4
20433 10 9 5
20434 13 13 5
20435 11 10 4
20436 10 9 5
20437 17 16 4
20438 16 15 7
20439 15 14 6
20440 14 14 4
20441 20 19 5
20442 13 13 5
20443 17 16 8
20444 20 20 6
20445 18 18 6
20446 14 14 4
20447 14 13 7
20448 15 14 4
20449 12 11 5
20450 9 9 5
20451 11 11 7
20452 11 10 4
20453 18 17 5
20454 13 12 4
20455 14 13 7
20456 13 12 6
20457 12 12 6
20458 16 15 5
20459 13 12 4
20460 12 11 7
20461 11 10 6
20462 8 8 4
20463 8 7 6
20464 6 5 4
20465 12 11 5
20466 25 24 6
20467 12 12 6
20468 12 11 5
20469 13 13 7
20470 19 19 7
20471 7 6 5
20472 5 5 5
20473 12 11 5
20474 11 10 6
20475 12 12 6
20476 10 10 4
20477 18 17 5
20478 9 9 5
20479 11 11 5
20480 13 12 6
20481 10 10 4
20482 10 9 5
20483 11 10 6
20484 14 13 7
20485 13 12 4
20486 16 15 5
20487 13 12 4
20488 8 7 6
20489 10 10 4
20490 10 9 5
20491 7 6 5
20492 13 12 6
20493 14 14 6
20494 12 12 6
20495 14 13 5
20496 23 23 5
20497 17 17 7
20498 9 9 5
20499 11 10 4
20500 16 15 7
20501 15 14 6
20502 16 15 5
20503 13 13 7
20504 21 20 6
20505 16 16 6
20506 14 13 5
20507 11 11 5
20508 15 15 7
20509 13 12 6
20510 6 5 4
20511 14 13 5
20512 15 14 6
20513 12 11 5
20514 11 10 4
20515 12 11 5
20516 9 9 5
20517 7 7 7
20518 16 16 4
20519 14 13 5
20520 15 15 7
20521 11 10 4
20522 10 9 5
20523 17 16 8
20524 6 6 6
20525 19 18 4
20526 10 9 5
20527 17 16 4
20528 12 11 5
20529 13 12 8
20530 8 8 4
20531 12 11 5
20532 9 9 5
20533 15 14 8
20534 6 6 6
20535 17 16 6
20536 14 13 5
20537 17 16 6
20538 16 15 7
20539 13 12 4
20540 8 7 6
20541 16 16 4
20542 16 15 5
20543 11 10 4
20544 16 15 5
20545 7 6 5
20546 13 12 6
20547 10 9 5
20548 9 9 5
20549 11 10 4
20550 14 13 5
20551 13 12 6
20552 10 10 4
20553 16 15 5
20554 7 6 5
20555 15 15 7
20556 13 13 5
20557 9 8 4
20558 12 11 5
20559 13 12 4
20560 12 11 7
20561 11 11 5
20562 11 10 4
20563 14 13 5
20564 13 13 5
20565 5 5 5
20566 12 11 5
20567 19 18 8
20568 22 22 6
20569 16 16 4
20570 18 17 5
20571 9 9 5
20572 7 6 5
20573 15 14 6
20574 12 12 4
20575 14 13 7
20576 7 6 5
20577 15 14 6
20578 14 14 6
20579 12 12 4
20580 6 5 4
20581 12 11 5
20582 11 11 7
20583 9 8 4
20584 18 17 5
20585 11 10 4
20586 16 15 7
20587 13 13 5
20588 9 9 5
20589 17 16 4
20590 12 11 5
20591 13 12 4
20592 16 15 7
20593 11 10 4
20594 12 11 5
20595 7 6 5
20596 13 13 7
20597 13 13 5
20598 11 11 5
20599 11 11 5
20600 7 6 5
20601 9 9 5
20602 15 14 6
20603 6 6 6
20604 9 9 5
20605 17 17 7
20606 9 8 7
20607 21 20 4
20608 12 11 5
20609 5 5 5
20610 12 11 5
20611 7 6 5
20612 9 8 4
20613 8 7 6
20614 12 12 4
20615 16 15 7
20616 15 15 5
20617 17 16 6
20618 10 10 4
20619 14 13 5
20620 11 10 4
20621 6 5 4
20622 6 5 4
20623 12 11 5
20624 17 17 7
20625 11 10 6
20626 6 6 6
20627 21 20 6
20628 10 10 6
20629 10 10 6
20630 12 12 6
20631 10 9 5
20632 11 11 5
20633 11 10 4
20634 12 11 5
20635 11 11 7
20636 9 8 4
20637 10 9 5
20638 15 14 6
20639 10 10 4
20640 14 13 7
20641 13 13 5
20642 11 10 4
20643 16 15 7
20644 13 12 6
20645 14 13 5
20646 11 10 4
20647 16 15 5
20648 11 10 6
20649 12 12 6
20650 10 10 6
20651 8 8 4
20652 8 7 6
20653 10 10 6
20654 10 10 6
20655 12 12 6
20656 16 15 5
20657 9 9 5
20658 11 11 5
20659 15 14 6
20660 18 17 7
20661 7 6 5
20662 13 12 4
20663 16 15 7
20664 13 12 6
20665 16 16 6
20666 10 9 5
20667 13 12 4
20668 18 17 5
20669 23 22 6
20670 20 20 6
20671 12 12 4
20672 12 11 5
20673 15 14 4
20674 16 15 5
20675 9 9 5
20676 11 10 4
20677 14 13 7
20678 11 11 5
20679 13 13 7
20680 9 8 4
20681 18 17 5
20682 11 11 5
20683 13 13 5
20684 17 16 6
20685 12 12 6
20686 14 14 6
20687 18 18 6
20688 14 13 5
20689 15 14 6
20690 8 8 4
20691 14 13 5
20692 15 15 7
20693 17 16 6
20694 6 5 4
20695 12 11 5
20696 11 10 6
20697 6 6 6
20698 13 12 6
20699 16 16 6
20700 10 10 6
20701 20 20 8
20702 12 12 6
20703 20 20 6
20704 10 9 5
20705 13 12 6
20706 14 14 6
20707 12 11 5
20708 15 15 5
20709 11 11 5
20710 11 10 4
20711 12 11 7
20712 13 12 6
20713 8 8 4
20714 6 5 4
20715 18 17 7
20716 17 16 6
20717 10 10 4
20718 16 15 5
20719 9 9 5
20720 17 16 4
20721 12 11 7
20722 9 9 5
20723 13 12 6
20724 10 9 5
20725 17 16 6
20726 12 12 4
20727 24 23 7
20728 11 11 5
20729 9 8 4
20730 8 7 6
20731 8 8 4
20732 18 17 7
20733 13 13 5
20734 17 16 6
20735 18 18 8
20736 10 10 4
20737 14 13 7
20738 5 5 5
20739 6 5 4
20740 12 11 5
20741 7 7 7
20742 12 12 6
20743 16 15 5
20744 11 11 5
20745 17 16 8
20746 12 12 6
20747 8 8 4
20748 12 11 5
20749 17 17 5
20750 15 15 5
20751 21 21 7
20752 7 6 5
20753 11 11 5
20754 11 10 6
20755 18 18 6
20756 10 9 5
20757 13 12 6
20758 6 6 6
20759 15 14 8
20760 8 8 4
20761 12 11 5
20762 7 6 5
20763 17 16 6
20764 16 15 5
20765 9 9 5
20766 7 7 7
20767 10 10 6
20768 6 6 6
20769 11 11 5
20770 9 8 4
20771 12 11 7
20772 13 12 6
20773 6 6 6
20774 15 14 8
20775 16 16 4
20776 22 21 5
20777 13 13 5
20778 21 21 5
20779 7 7 7
20780 12 12 4
20781 10 9 5
20782 15 14 6
20783 8 8 4
20784 20 19 5
20785 13 13 5
20786 9 9 5
20787 9 9 5
20788 11 10 4
20789 12 11 5
20790 13 13 5
20791 23 22 8
20792 10 9 5
20793 11 11 5
20794 15 14 6
20795 10 10 6
20796 14 13 5
20797 11 10 4
20798 12 11 5
20799 9 9 5
20800 11 10 6
20801 12 12 4
20802 14 13 5
20803 15 15 5
20804 19 18 6
20805 18 17 5
20806 13 12 4
20807 14 13 5
20808 21 20 6
20809 16 16 4
20810 16 15 5
20811 15 14 4
20812 10 9 5
20813 7 6 5
20814 9 8 4
20815 12 11 5
20816 17 17 5
20817 11 11 7
20818 17 16 6
20819 16 16 6
20820 20 20 8
20821 6 5 4
20822 14 13 5
20823 9 9 5
20824 17 17 5
20825 11 10 4
20826 14 13 5
20827 9 8 4
20828 10 9 5
20829 11 10 4
20830 10 9 5
20831 11 10 6
20832 6 6 6
20833 7 6 5
20834 15 14 6
20835 6 5 4
20836 20 19 9
20837 15 14 6
20838 14 14 6
20839 6 5 4
20840 22 21 5
20841 15 14 8
20842 8 8 4
20843 14 13 5
20844 13 13 7
20845 13 12 6
20846 14 14 6
20847 12 12 4
20848 12 11 5
20849 13 13 5
20850 13 12 6
20851 10 9 5
20852 9 8 4
20853 12 11 5
20854 11 10 6
20855 14 14 6
20856 20 20 6
20857 20 20 6
20858 8 8 4
20859 10 9 5
20860 15 14 6
20861 8 7 6
20862 8 8 4
20863 10 9 5
20864 11 10 6
20865 10 10 6
20866 14 14 6
20867 8 7 6
20868 10 10 6
20869 18 18 4
20870 20 19 7
20871 13 12 4
20872 6 5 4
20873 20 19 5
20874 7 6 5
20875 9 8 7
20876 11 10 6
20877 16 16 6
20878 10 10 6
20879 12 12 6
20880 12 12 4
20881 14 13 5
20882 15 14 6
20883 14 13 7
20884 13 12 6
20885 8 8 4
20886 20 19 5
20887 11 11 5
20888 11 11 5
20889 17 16 4
20890 12 11 5
20891 17 17 5
20892 9 9 5
20893 17 16 6
20894 16 16 6
20895 8 8 8
20896 7 6 5
20897 15 14 6
20898 14 14 6
20899 6 6 6
20900 9 9 5
20901 19 19 5
20902 9 8 4
20903 16 15 5
20904 13 12 6
20905 12 11 5
20906 11 11 5
20907 11 10 4
20908 14 13 7
20909 9 8 4
20910 10 9 5
20911 9 8 4
20912 14 13 5
20913 13 13 5
20914 11 10 4
20915 10 9 5
20916 11 10 6
20917 28 27 9
20918 11 10 6
20919 14 14 6
20920 20 20 6
20921 10 10 4
20922 14 13 5
20923 11 10 6
20924 16 16 6
20925 10 9 5
20926 15 14 6
20927 12 12 4
20928 16 15 5
20929 11 10 4
20930 16 15 5
20931 19 18 6
20932 16 15 5
20933 7 6 5
20934 17 16 6
20935 14 13 5
20936 11 11 5
20937 15 14 6
20938 6 6 6
20939 21 21 9
20940 11 10 6
20941 10 10 4
20942 18 17 7
20943 9 9 5
20944 13 12 6
20945 18 17 7
20946 7 6 5
20947 15 14 6
20948 10 10 6
20949 14 14 6
20950 8 8 4
20951 14 13 7
20952 11 10 4
20953 12 11 5
20954 13 12 6
20955 10 10 4
20956 10 9 5
20957 15 14 6
20958 12 12 6
20959 12 11 5
20960 11 10 6
20961 20 20 6
20962 10 9 5
20963 13 12 6
20964 10 10 4
20965 18 17 5
20966 11 11 7
20967 9 8 4
20968 12 11 5
20969 11 10 6
20970 28 27 9
20971 11 10 6
20972 10 10 4
20973 18 17 5
20974 15 14 8
20975 10 10 4
20976 10 9 5
20977 17 17 5
20978 11 11 5
20979 13 12 6
20980 12 11 5
20981 19 18 8
20982 10 10 4
20983 14 13 5
20984 13 12 6
20985 10 10 6
20986 10 10 6
20987 8 8 4
20988 10 9 5
20989 17 17 7
20990 19 18 6
20991 14 13 7
20992 15 14 4
20993 10 9 5
20994 13 12 6
20995 12 11 5
20996 15 15 5
20997 17 17 7
20998 13 12 6
20999 14 14 6
21000 18 17 7
21001 9 9 5
21002 13 13 5
21003 11 10 4
21004 20 19 5
21005 9 9 5
21006 15 14 4
21007 12 11 7
21008 13 13 5
21009 11 11 5
21010 15 15 5
21011 11 10 4
21012 12 11 5
21013 9 8 7
21014 11 10 4
21015 10 9 5
21016 13 13 5
21017 11 10 4
21018 10 9 5
21019 11 11 5
21020 13 13 7
21021 11 10 4
21022 10 9 5
21023 7 6 5
21024 11 10 6
21025 12 12 4
21026 12 11 5
21027 7 7 7
21028 14 14 4
21029 10 9 5
21030 15 15 7
21031 19 19 5
21032 13 12 6
21033 10 10 6
21034 10 10 6
21035 14 14 8
21036 22 22 6
21037 12 11 5
21038 11 10 4
21039 16 15 5
21040 7 6 5
21041 11 11 5
21042 13 13 5
21043 11 11 5
21044 19 18 6
21045 14 14 6
21046 18 18 6
21047 8 8 4
21048 14 13 5
21049 11 10 6
21050 12 11 5
21051 17 17 5
21052 13 12 6
21053 14 14 6
21054 12 12 4
21055 12 11 5
21056 15 14 6
21057 22 21 9
21058 15 14 4
21059 16 15 5
21060 11 10 6
21061 10 10 4
21062 12 11 5
21063 13 12 4
21064 18 17 9
21065 13 12 4
21066 22 21 5
21067 11 10 4
21068 12 11 5
21069 21 21 5
21070 13 13 5
21071 21 20 6
21072 14 14 4
21073 8 7 6
21074 12 12 6
21075 12 12 4
21076 16 15 7
21077 11 11 5
21078 13 12 4
21079 12 11 5
21080 11 10 4
21081 14 13 7
21082 13 12 4
21083 12 11 5
21084 13 12 4
21085 6 5 4
21086 6 5 4
21087 14 13 7
21088 7 6 5
21089 5 5 5
21090 10 9 5
21091 11 11 5
21092 19 19 5
21093 13 12 6
21094 8 8 4
21095 12 11 5
21096 15 14 6
21097 10 10 6
21098 12 11 5
21099 15 14 6
21100 12 11 5
21101 13 13 5
21102 21 20 8
21103 10 10 4
21104 12 11 5
21105 11 11 5
21106 17 16 4
21107 28 27 5
21108 9 9 5
21109 13 12 4
21110 12 11 5
21111 9 8 4
21112 14 13 5
21113 15 14 6
21114 16 16 8
21115 8 8 4
21116 10 9 5
21117 7 6 5
21118 15 15 5
21119 15 15 5
21120 17 17 7
21121 11 11 5
21122 11 11 5
21123 13 13 5
21124 15 14 6
21125 8 8 4
21126 14 13 5
21127 9 9 5
21128 21 20 6
21129 6 5 4
21130 14 13 5
21131 11 10 6
21132 8 8 4
21133 12 11 5
21134 7 6 5
21135 13 12 6
21136 18 17 5
21137 13 13 5
21138 5 5 5
21139 8 7 6
21140 12 11 5
21141 7 6 5
21142 15 14 6
21143 12 11 5
21144 13 12 6
21145 8 8 8
21146 9 8 4
21147 18 17 7
21148 13 12 6
21149 14 13 5
21150 13 12 6
21151 12 12 6
21152 10 10 4
21153 6 5 4
21154 20 19 7
21155 7 6 5
21156 13 12 4
21157 24 23 9
21158 11 10 4
21159 12 11 5
21160 23 22 6
21161 16 16 4
21162 24 23 5
21163 15 15 5
21164 11 10 4
21165 14 13 5
21166 13 12 4
21167 18 17 5
21168 7 6 5
21169 11 10 4
21170 16 15 5
21171 13 12 4
21172 12 11 5
21173 5 5 5
21174 18 17 5
21175 17 17 7
21176 11 10 4
21177 14 13 5
21178 11 10 6
21179 14 14 4
21180 24 23 5
21181 15 14 6
21182 6 5 4
21183 10 9 5
21184 17 16 6
21185 16 16 4
21186 16 15 7
21187 21 20 6
21188 6 6 6
21189 13 13 5
21190 13 12 6
21191 8 8 4
21192 12 11 7
21193 7 6 5
21194 15 15 5
21195 9 9 5
21196 13 13 5
21197 15 15 7
21198 9 8 4
21199 10 9 5
21200 11 10 4
21201 8 7 6
21202 14 14 6
21203 12 12 6
21204 14 14 4
21205 8 7 6
21206 12 12 6
21207 10 9 5
21208 11 11 5
21209 11 11 5
21210 17 17 5
21211 11 10 6
21212 8 8 4
21213 14 13 5
21214 9 9 5
21215 11 10 4
21216 16 15 5
21217 17 16 4
21218 6 5 4
21219 14 13 7
21220 17 16 4
21221 18 17 7
21222 17 16 6
21223 14 14 4
21224 12 11 5
21225 19 18 8
21226 12 11 5
21227 17 16 4
21228 12 11 7
21229 15 14 6
21230 12 12 6
21231 16 16 6
21232 12 11 5
21233 9 9 5
21234 13 12 6
21235 10 10 6
21236 12 11 5
21237 9 8 4
21238 18 17 7
21239 11 10 6
21240 6 6 6
21241 19 18 6
21242 8 8 4
21243 12 11 5
21244 7 6 5
21245 7 6 5
21246 9 8 4
21247 14 13 7
21248 15 14 4
21249 10 9 5
21250 15 14 6
21251 18 17 7
21252 17 16 6
21253 8 8 4
21254 14 13 5
21255 21 20 4
21256 8 7 6
21257 16 16 6
21258 14 13 5
21259 13 12 6
21260 18 17 5
21261 19 18 4
21262 6 5 4
21263 16 15 5
21264 11 11 5
21265 9 9 5
21266 15 14 6
21267 8 8 4
21268 10 9 5
21269 13 12 6
21270 16 16 4
21271 10 9 5
21272 15 15 7
21273 17 16 6
21274 24 24 4
21275 14 13 5
21276 15 14 4
21277 18 17 5
21278 15 14 6
21279 8 8 4
21280 10 9 5
21281 15 15 5
21282 9 8 4
21283 18 17 5
21284 15 14 6
21285 8 8 4
21286 20 19 7
21287 11 10 6
21288 10 10 6
21289 10 9 5
21290 15 14 4
21291 10 9 5
21292 9 9 5
21293 21 21 5
21294 13 12 6
21295 12 12 6
21296 14 14 4
21297 18 17 7
21298 9 8 4
21299 12 11 5
21300 15 14 6
21301 12 12 6
21302 14 14 4
21303 10 9 5
21304 11 10 4
21305 18 17 5
21306 15 14 6
21307 22 21 7
21308 25 24 4
21309 14 13 5
21310 9 9 5
21311 11 11 7
21312 9 8 4
21313 16 15 5
21314 15 15 5
21315 13 12 4
21316 16 15 5
21317 13 12 4
21318 12 11 5
21319 19 18 4
21320 12 11 5
21321 13 12 6
21322 14 14 6
21323 6 5 4
21324 12 11 5
21325 11 10 4
21326 14 13 5
21327 13 12 6
21328 14 13 5
21329 9 9 5
21330 13 12 4
21331 14 13 5
21332 17 16 4
21333 14 13 5
21334 17 16 6
21335 14 14 6
21336 12 12 4
21337 6 5 4
21338 16 15 5
21339 15 15 7
21340 23 22 6
21341 14 14 4
21342 12 11 5
21343 15 14 6
21344 8 8 4
21345 18 17 7
21346 9 8 4
21347 12 11 5
21348 17 16 6
21349 14 14 6
21350 18 18 6
21351 14 13 5
21352 13 13 5
21353 17 16 8
21354 12 11 5
21355 9 8 4
21356 20 19 7
21357 9 9 5
21358 11 10 4
21359 22 21 5
21360 13 13 7
21361 11 10 4
21362 18 17 9
21363 11 10 4
21364 14 13 5
21365 15 15 5
21366 17 16 6
21367 14 13 5
21368 17 17 7
21369 9 8 4
21370 12 11 5
21371 15 15 7
21372 11 10 4
21373 12 11 5
21374 15 14 6
21375 14 13 5
21376 9 9 5
21377 13 12 4
21378 12 11 5
21379 17 17 7
21380 5 5 5
21381 16 15 7
21382 15 14 6
21383 10 9 5
21384 19 18 6
21385 16 15 5
21386 15 15 7
21387 13 12 4
21388 22 21 5
21389 11 11 5
21390 9 8 4
21391 8 7 6
21392 8 8 4
21393 14 13 5
21394 17 16 6
21395 18 17 5
21396 7 6 5
21397 17 16 4
21398 12 11 5
21399 9 9 5
21400 27 26 4
21401 14 13 5
21402 13 12 6
21403 6 6 6
21404 15 14 6
21405 8 8 4
21406 16 15 5
21407 11 10 4
21408 12 11 5
21409 11 10 4
21410 14 13 5
21411 19 19 5
21412 11 11 5
21413 15 14 6
21414 10 9 5
21415 9 8 4
21416 10 9 5
21417 13 13 5
21418 9 8 4
21419 14 13 5
21420 23 23 5
21421 21 20 6
21422 16 16 6
21423 6 6 6
21424 15 14 6
21425 10 10 4
21426 12 11 5
21427 11 11 5
21428 13 12 4
21429 12 11 5
21430 13 12 6
21431 14 13 5
21432 13 12 4
21433 16 15 5
21434 11 10 4
21435 8 7 6
21436 18 18 6
21437 12 12 4
21438 10 9 5
21439 13 12 4
21440 6 5 4
21441 8 7 6
21442 24 23 7
21443 9 8 4
21444 26 25 5
21445 19 19 5
21446 15 14 4
21447 18 17 5
21448 9 8 4
21449 14 13 5
21450 21 20 4
21451 10 9 5
21452 19 18 4
21453 12 11 5
21454 11 10 6
21455 12 11 5
21456 15 15 7
21457 13 12 6
21458 12 11 5
21459 15 14 6
21460 14 13 5
21461 11 10 6
21462 10 10 6
21463 14 14 4
21464 18 17 7
21465 17 17 5
21466 15 15 5
21467 19 18 4
21468 10 9 5
21469 7 6 5
21470 7 6 5
21471 13 12 4
21472 12 11 7
21473 13 12 6
21474 10 9 5
21475 9 8 4
21476 12 11 7
21477 11 10 4
21478 20 19 5
21479 15 15 5
21480 13 13 7
21481 9 8 4
21482 10 9 5
21483 13 12 6
21484 18 17 5
21485 15 15 7
21486 21 20 6
21487 16 16 6
21488 16 16 4
21489 18 17 5
21490 11 10 6
21491 18 17 5
21492 13 12 4
21493 14 13 7
21494 15 14 6
21495 10 10 4
21496 16 15 7
21497 11 10 6
21498 12 12 6
21499 12 11 5
21500 11 11 5
21501 17 16 4
21502 18 17 7
21503 13 13 5
21504 17 16 6
21505 22 22 6
21506 12 11 5
21507 13 13 5
21508 9 8 4
21509 12 11 5
21510 9 9 5
21511 15 15 7
21512 9 8 4
21513 18 17 5
21514 15 14 6
21515 10 10 6
21516 14 13 5
21517 11 11 5
21518 15 14 6
21519 10 9 5
21520 9 9 5
21521 15 14 6
21522 16 16 6
21523 10 9 5
21524 15 14 4
21525 12 11 5
21526 7 7 7
21527 16 16 6
21528 14 14 6
21529 12 12 4
21530 16 15 5
21531 11 10 6
21532 22 21 5
21533 15 14 6
21534 14 14 4
21535 10 9 5
21536 11 11 5
21537 7 6 5
21538 9 8 4
21539 6 5 4
21540 16 15 5
21541 15 14 6
21542 10 10 6
21543 20 20 6
21544 16 16 4
21545 10 9 5
21546 17 16 6
21547 12 12 6
21548 18 18 4
21549 12 11 5
21550 9 8 4
21551 12 11 5
21552 13 12 4
21553 10 9 5
21554 19 19 7
21555 11 10 6
21556 14 14 6
21557 16 16 6
21558 14 14 6
21559 14 13 5
21560 13 13 5
21561 13 13 5
21562 15 14 4
21563 12 11 5
21564 9 8 4
21565 16 15 5
21566 11 10 4
21567 14 13 5
21568 13 13 5
21569 7 6 5
21570 9 9 5
21571 11 10 6
21572 14 14 6
21573 14 14 6
21574 12 11 5
21575 13 13 5
21576 11 10 4
21577 14 13 5
21578 13 13 7
21579 9 9 5
21580 15 14 6
21581 12 12 4
21582 8 7 6
21583 14 14 8
21584 14 14 6
21585 10 9 5
21586 11 10 6
21587 14 14 6
21588 8 7 6
21589 20 20 4
21590 10 9 5
21591 13 12 6
21592 10 10 4
21593 12 11 5
21594 17 16 8
21595 14 14 6
21596 6 6 6
21597 13 12 4
21598 14 13 5
21599 9 9 5
21600 11 10 6
21601 14 14 6
21602 14 13 7
21603 13 13 5
21604 15 14 4
21605 18 17 5
21606 11 10 6
21607 8 8 4
21608 6 5 4
21609 10 9 5
21610 11 11 5
21611 13 12 4
21612 20 19 7
21613 5 5 5
21614 16 15 5
21615 13 12 6
21616 16 16 6
21617 10 9 5
21618 15 14 6
21619 20 20 6
21620 12 11 5
21621 13 12 4
21622 22 21 5
21623 13 12 4
21624 18 17 5
21625 13 12 4
21626 24 23 5
21627 15 14 4
21628 16 15 5
21629 19 18 6
21630 12 12 4
21631 12 11 5
21632 15 14 6
21633 12 12 4
21634 14 13 5
21635 13 13 7
21636 11 10 6
21637 14 14 4
21638 16 15 5
21639 19 19 5
21640 17 16 6
21641 10 9 5
21642 9 8 4
21643 18 17 5
21644 13 13 5
21645 15 14 6
21646 10 10 6
21647 12 12 6
21648 12 12 6
21649 16 15 5
21650 23 22 4
21651 32 31 7
21652 11 10 4
21653 6 5 4
21654 14 13 5
21655 11 11 5
21656 11 10 4
21657 10 9 5
21658 9 8 4
21659 12 11 5
21660 21 21 7
21661 13 13 5
21662 15 14 6
21663 12 12 4
21664 16 15 5
21665 7 6 5
21666 13 12 6
21667 16 15 5
21668 5 5 5
21669 10 9 5
21670 15 14 8
21671 16 16 6
21672 6 6 6
21673 7 6 5
21674 13 13 7
21675 15 14 6
21676 6 5 4
21677 14 13 5
21678 5 5 5
21679 14 13 5
21680 21 20 6
21681 22 22 8
21682 6 6 6
21683 21 20 6
21684 18 18 4
21685 14 13 7
21686 19 18 6
21687 20 20 6
21688 16 16 6
21689 12 12 6
21690 12 12 6
21691 10 9 5
21692 15 14 8
21693 6 6 6
21694 11 11 5
21695 11 10 6
21696 16 16 6
21697 10 9 5
21698 13 12 6
21699 14 14 8
21700 6 6 6
21701 15 14 6
21702 10 9 5
21703 9 8 4
21704 14 13 7
21705 11 10 6
21706 14 14 6
21707 14 14 4
21708 12 11 7
21709 13 12 6
21710 10 10 4
21711 20 19 7
21712 11 10 6
21713 18 18 4
21714 22 21 7
21715 9 8 4
21716 10 9 5
21717 11 10 4
21718 10 9 5
21719 11 11 5
21720 15 14 6
21721 12 12 4
21722 12 11 5
21723 11 11 5
21724 11 10 4
21725 14 13 5
21726 15 15 7
21727 9 8 4
21728 16 15 5
21729 15 14 4
21730 16 15 5
21731 17 16 8
21732 12 12 6
21733 14 14 4
21734 6 5 4
21735 12 11 7
21736 15 14 6
21737 12 12 6
21738 10 9 5
21739 9 8 4
21740 14 13 5
21741 13 13 5
21742 13 12 6
21743 16 16 8
21744 10 10 4
21745 12 11 5
21746 9 9 5
21747 13 12 6
21748 10 10 6
21749 6 6 6
21750 9 9 5
21751 11 11 5
21752 13 12 6
21753 12 12 6
21754 12 11 5
21755 15 14 6
21756 20 20 4
21757 14 13 5
21758 9 9 5
21759 11 10 4
21760 14 13 5
21761 11 10 4
21762 14 13 7
21763 19 19 7
21764 23 22 6
21765 12 12 4
21766 22 21 5
21767 17 16 4
21768 20 19 7
21769 11 11 5
21770 17 17 5
21771 15 15 5
21772 13 13 5
21773 15 14 6
21774 14 14 6
21775 8 8 4
21776 12 11 7
21777 15 14 6
21778 14 14 4
21779 22 21 5
21780 15 15 5
21781 13 13 7
21782 13 12 4
21783 14 13 5
21784 11 11 5
21785 17 16 8
21786 24 24 8
21787 6 6 6
21788 19 18 6
21789 14 14 6
21790 12 12 6
21791 10 10 6
21792 12 12 6
21793 10 10 4
21794 10 9 5
21795 13 12 6
21796 14 14 6
21797 14 14 6
21798 10 9 5
21799 13 12 8
21800 20 19 5
21801 17 16 6
21802 8 8 4
21803 6 5 4
21804 12 11 5
21805 9 9 5
21806 15 15 5
21807 9 9 5
21808 17 17 5
21809 11 10 4
21810 12 11 7
21811 17 17 7
21812 9 8 4
21813 16 15 5
21814 7 6 5
21815 11 11 5
21816 13 13 7
21817 17 16 6
21818 6 6 6
21819 13 12 6
21820 14 14 8
21821 12 12 6
21822 10 10 4
21823 10 9 5
21824 17 16 4
21825 10 9 5
21826 13 12 4
21827 14 13 5
21828 11 10 4
21829 10 9 5
21830 17 16 8
21831 12 11 5
21832 13 12 4
21833 12 11 5
21834 15 15 5
21835 17 17 5
21836 11 11 5
21837 19 18 6
21838 10 10 4
21839 14 13 7
21840 13 13 5
21841 15 14 6
21842 16 16 4
21843 28 27 5
21844 13 13 5
21845 15 14 6
21846 16 15 5
21847 9 9 5
21848 13 12 6
21849 10 10 4
21850 10 9 5
21851 17 17 5
21852 11 11 5
21853 19 18 8
21854 6 6 6
21855 15 14 6
21856 12 12 6
21857 14 14 6
21858 6 6 6
21859 13 12 4
21860 10 9 5
21861 15 15 5
21862 13 12 4
21863 12 11 7
21864 7 6 5
21865 13 12 4
21866 22 21 5
21867 19 18 6
21868 24 24 6
21869 10 10 6
21870 12 12 6
21871 14 14 6
21872 12 11 5
21873 13 13 5
21874 11 11 5
21875 7 6 5
21876 11 10 6
21877 18 17 5
21878 21 21 5
21879 15 15 5
21880 15 15 5
21881 9 8 4
21882 12 11 5
21883 11 10 4
21884 14 13 7
21885 15 14 6
21886 14 14 4
21887 12 11 5
21888 13 12 6
21889 12 11 5
21890 13 13 7
21891 13 13 5
21892 11 11 5
21893 11 11 5
21894 11 11 5
21895 15 14 6
21896 16 15 5
21897 11 10 4
21898 12 11 5
21899 13 12 6
21900 10 10 4
21901 22 21 7
21902 15 14 8
21903 12 12 4
21904 10 9 5
21905 7 7 7
21906 20 19 5
21907 11 11 5
21908 11 10 4
21909 14 13 7
21910 23 22 6
21911 12 12 6
21912 18 18 6
21913 12 11 5
21914 19 18 6
21915 12 12 4
21916 16 15 5
21917 7 7 7
21918 6 5 4
21919 10 9 5
21920 11 11 5
21921 9 9 5
21922 11 10 6
21923 10 10 6
21924 14 14 6
21925 14 13 5
21926 13 13 7
21927 11 10 4
21928 10 9 5
21929 15 14 4
21930 20 19 7
21931 13 13 5
21932 9 8 4
21933 12 11 5
21934 11 11 5
21935 11 10 4
21936 12 11 5
21937 9 9 5
21938 19 18 8
21939 10 10 4
21940 14 13 5
21941 15 14 6
21942 12 12 6
21943 8 8 4
21944 10 9 5
21945 9 9 5
21946 9 9 5
21947 9 8 4
21948 6 5 4
21949 10 9 5
21950 11 11 5
21951 13 13 5
21952 11 10 6
21953 12 12 6
21954 12 12 6
21955 10 10 4
21956 12 11 5
21957 13 12 6
21958 10 10 4
21959 20 19 7
21960 21 20 6
21961 8 8 4
21962 14 13 7
21963 9 8 4
21964 12 11 5
21965 11 10 6
21966 14 14 4
21967 16 15 5
21968 9 9 5
21969 21 20 8
21970 6 6 6
21971 21 20 6
21972 8 8 4
21973 10 9 5
21974 7 7 7
21975 20 19 5
21976 11 11 5
21977 9 8 4
21978 16 15 5
21979 9 8 4
21980 10 9 5
21981 11 10 6
21982 8 8 4
21983 14 13 5
21984 13 12 6
21985 16 16 6
21986 10 9 5
21987 15 14 4
21988 12 11 5
21989 13 12 4
21990 10 9 5
21991 7 6 5
21992 15 14 6
21993 8 8 4
21994 14 13 5
21995 13 12 4
21996 12 11 5
21997 11 11 5
21998 11 11 5
21999 11 10 6
22000 14 14 4
22001 12 11 5
22002 11 11 5
22003 9 8 4
22004 12 11 5
22005 9 8 4
22006 22 21 5
22007 11 10 6
22008 12 12 6
22009 10 9 5
22010 13 13 5
22011 11 11 5
22012 11 10 4
22013 18 17 7
22014 15 14 6
22015 8 8 4
22016 12 11 7
22017 13 12 4
22018 12 11 5
22019 7 6 5
22020 11 10 6
22021 14 14 6
22022 8 7 6
22023 8 8 4
22024 10 9 5
22025 11 10 4
22026 12 11 7
22027 9 8 4
22028 10 9 5
22029 9 9 5
22030 5 5 5
22031 12 11 5
22032 5 5 5
22033 28 27 7
22034 13 12 4
22035 14 13 7
22036 11 11 5
22037 15 14 4
22038 20 19 5
22039 9 8 4
22040 10 9 5
22041 13 13 5
22042 9 8 4
22043 10 9 5
22044 11 10 6
22045 14 13 5
22046 11 11 5
22047 9 9 5
22048 5 5 5
22049 6 5 4
22050 18 17 7
22051 11 10 6
22052 8 8 4
22053 24 23 5
22054 15 15 5
22055 17 16 4
22056 14 13 5
22057 13 13 5
22058 21 20 8
22059 12 12 4
22060 14 13 5
22061 19 18 6
22062 10 9 5
22063 9 8 4
22064 18 17 5
22065 11 10 4
22066 14 13 7
22067 7 6 5
22068 15 14 4
22069 14 13 5
22070 19 19 7
22071 13 12 6
22072 12 11 5
22073 11 10 4
22074 14 13 5
22075 15 14 6
22076 12 12 4
22077 10 9 5
22078 11 10 6
22079 16 16 6
22080 16 15 5
22081 9 8 4
22082 6 5 4
22083 12 11 5
22084 15 14 6
22085 10 9 5
22086 11 11 5
22087 15 14 4
22088 16 15 7
22089 13 12 4
22090 14 13 5
22091 17 16 6
22092 14 14 6
22093 12 12 4
22094 12 11 5
22095 17 16 6
22096 12 12 4
22097 14 13 5
22098 11 11 5
22099 9 9 5
22100 15 14 6
22101 16 16 4
22102 10 9 5
22103 9 9 5
22104 13 13 5
22105 21 20 6
22106 8 8 4
22107 12 11 5
22108 11 10 6
22109 18 18 6
22110 12 12 8
22111 10 10 6
22112 14 14 6
22113 6 6 6
22114 13 13 5
22115 13 13 5
22116 11 11 5
22117 13 12 6
22118 8 8 4
22119 10 9 5
22120 13 13 5
22121 11 10 6
22122 16 15 5
22123 15 15 5
22124 9 8 4
22125 14 13 5
22126 11 11 5
22127 19 18 8
22128 16 16 6
22129 6 6 6
22130 15 14 6
22131 8 7 6
22132 16 16 4
22133 12 11 5
22134 11 10 6
22135 10 10 6
22136 6 6 6
22137 9 8 4
22138 10 9 5
22139 11 10 6
22140 6 6 6
22141 11 10 6
22142 10 10 6
22143 6 6 6
22144 9 9 5
22145 11 10 6
22146 8 8 4
22147 16 15 9
22148 15 14 4
22149 8 7 6
22150 10 10 6
22151 12 12 6
22152 10 10 6
22153 14 13 5
22154 11 10 4
22155 20 19 7
22156 15 14 6
22157 12 11 5
22158 11 10 4
22159 14 13 5
22160 11 11 5
22161 11 10 4
22162 14 13 5
22163 13 12 4
22164 14 13 5
22165 13 13 5
22166 13 12 6
22167 14 13 5
22168 17 16 6
22169 16 15 5
22170 19 18 8
22171 10 10 4
22172 12 11 5
22173 15 14 6
22174 12 12 4
22175 8 7 6
22176 10 10 6
22177 12 12 6
22178 14 14 6
22179 14 14 6
22180 8 8 4
22181 16 15 7
22182 9 8 4
22183 14 13 5
22184 15 14 6
22185 14 14 6
22186 16 16 8
22187 10 9 5
22188 13 12 6
22189 12 12 6
22190 18 17 7
22191 9 8 4
22192 14 13 5
22193 11 11 5
22194 9 8 4
22195 14 13 7
22196 13 12 6
22197 16 16 4
22198 12 11 5
22199 11 10 4
22200 14 13 7
22201 15 14 4
22202 10 9 5
22203 13 12 6
22204 10 10 4
22205 10 9 5
22206 17 16 6
22207 6 5 4
22208 10 9 5
22209 13 13 7
22210 11 10 6
22211 12 12 4
22212 18 17 5
22213 9 8 4
22214 12 11 5
22215 15 14 6
22216 6 6 6
22217 9 8 4
22218 14 13 5
22219 17 16 6
22220 14 13 5
22221 13 12 4
22222 12 11 5
22223 13 12 4
22224 14 13 5
22225 17 16 4
22226 18 17 5
22227 13 12 6
22228 12 11 5
22229 11 10 6
22230 10 10 4
22231 10 9 5
22232 13 13 5
22233 11 10 6
22234 18 18 6
22235 8 8 4
22236 14 13 7
22237 15 15 5
22238 13 12 4
22239 6 5 4
22240 14 13 5
22241 19 18 6
22242 8 8 4
22243 16 15 5
22244 7 6 5
22245 13 12 6
22246 6 6 6
22247 11 10 4
22248 16 15 5
22249 17 17 7
22250 13 12 6
22251 18 17 5
22252 7 6 5
22253 15 14 6
22254 6 6 6
22255 11 11 5
22256 15 15 7
22257 11 10 4
22258 16 15 5
22259 13 13 5
22260 13 12 4
22261 8 7 6
22262 10 10 6
22263 10 10 6
22264 8 8 4
22265 14 13 7
22266 7 7 7
22267 6 6 6
22268 15 14 4
22269 14 13 7
22270 7 6 5
22271 11 10 6
22272 12 11 5
22273 9 9 5
22274 13 12 6
22275 16 16 6
22276 12 12 6
22277 8 8 4
22278 14 13 5
22279 5 5 5
22280 12 11 5
22281 17 16 6
22282 12 12 6
22283 12 12 6
22284 14 13 5
22285 11 10 4
22286 16 15 5
22287 11 10 6
22288 14 14 6
22289 14 14 4
22290 12 11 5
22291 9 8 4
22292 12 11 5
22293 13 13 5
22294 19 18 6
22295 12 11 5
22296 9 8 4
22297 18 17 7
22298 13 13 5
22299 13 13 5
22300 9 8 4
22301 22 21 9
22302 11 10 6
22303 10 10 4
22304 10 9 5
22305 5 5 5
22306 16 15 7
22307 11 10 4
22308 12 11 5
22309 13 12 6
22310 10 9 5
22311 11 10 6
22312 12 12 4
22313 26 25 5
22314 9 9 5
22315 17 16 4
22316 12 11 5
22317 17 16 6
22318 10 9 5
22319 15 14 6
22320 10 10 4
22321 8 7 6
22322 6 6 6
22323 9 8 4
22324 12 11 7
22325 11 10 4
22326 12 11 5
22327 9 9 5
22328 13 12 6
22329 10 10 6
22330 14 14 6
22331 16 15 7
22332 13 12 4
22333 6 5 4
22334 14 13 5
22335 17 17 5
22336 15 14 6
22337 20 19 5
22338 11 11 5
22339 11 10 6
22340 12 12 6
22341 14 14 6
22342 12 11 5
22343 13 13 5
22344 9 9 5
22345 11 11 5
22346 15 14 6
22347 6 6 6
22348 11 10 6
22349 14 13 5
22350 15 14 6
22351 12 11 5
22352 15 14 4
22353 14 13 5
22354 13 13 7
22355 7 6 5
22356 9 9 5
22357 11 11 5
22358 15 14 4
22359 18 17 7
22360 17 16 6
22361 12 12 6
22362 10 10 6
22363 18 17 5
22364 13 13 5
22365 13 12 6
22366 8 8 4
22367 12 11 5
22368 13 12 6
22369 12 12 6
22370 12 11 5
22371 15 14 6
22372 22 21 7
22373 7 6 5
22374 15 14 6
22375 6 6 6
22376 9 8 4
22377 10 9 5
22378 15 14 6
22379 16 15 5
22380 19 18 6
22381 12 11 5
22382 11 11 7
22383 9 9 5
22384 13 13 5
22385 15 14 6
22386 14 13 5
22387 9 8 4
22388 14 13 5
22389 23 23 7
22390 13 12 4
22391 12 11 5
22392 11 10 6
22393 16 15 7
22394 9 8 4
22395 12 11 5
22396 11 11 5
22397 7 6 5
22398 5 5 5
22399 14 13 5
22400 15 14 4
22401 16 15 5
22402 19 18 6
22403 14 14 4
22404 12 11 5
22405 11 10 6
22406 14 14 6
22407 10 10 4
22408 16 15 5
22409 11 10 4
22410 18 17 5
22411 17 17 5
22412 9 9 5
22413 11 10 4
22414 16 15 5
22415 11 10 6
22416 14 14 4
22417 10 9 5
22418 17 16 6
22419 12 12 6
22420 10 10 4
22421 6 5 4
22422 14 13 5
22423 11 11 7
22424 9 8 4
22425 10 9 5
22426 11 10 4
22427 18 17 5
22428 13 13 5
22429 13 12 6
22430 10 10 6
22431 10 10 6
22432 16 16 6
22433 16 15 7
22434 9 8 4
22435 6 5 4
22436 10 9 5
22437 7 6 5
22438 11 11 5
22439 11 11 5
22440 11 10 6
22441 12 12 6
22442 8 8 4
22443 12 11 5
22444 15 14 6
22445 12 12 6
22446 14 13 5
22447 15 14 6
22448 12 12 6
22449 12 12 6
22450 10 10 6
22451 12 12 4
22452 8 7 6
22453 10 10 4
22454 10 9 5
22455 15 14 4
22456 6 5 4
22457 12 11 5
22458 13 12 6
22459 14 13 7
22460 9 8 4
22461 14 13 5
22462 13 12 4
22463 20 19 7
22464 11 11 5
22465 9 8 4
22466 12 11 5
22467 11 10 6
22468 16 16 6
22469 14 14 4
22470 16 15 5
22471 21 20 6
22472 12 11 7
22473 9 8 4
22474 14 13 5
22475 13 13 5
22476 15 15 7
22477 17 16 4
22478 10 9 5
22479 11 10 6
22480 12 12 4
22481 16 15 5
22482 15 14 6
22483 16 15 5
22484 11 11 5
22485 15 14 6
22486 10 10 4
22487 14 13 7
22488 11 11 5
22489 13 12 4
22490 10 9 5
22491 9 9 5
22492 11 10 4
22493 18 17 7
22494 7 6 5
22495 11 11 5
22496 9 8 4
22497 16 15 7
22498 17 16 6
22499 22 21 7
22500 11 10 6
22501 10 9 5
22502 11 10 4
22503 10 9 5
22504 11 11 5
22505 11 11 7
22506 11 10 6
22507 12 12 4
22508 16 15 7
22509 5 5 5
22510 6 5 4
22511 18 17 5
22512 9 9 5
22513 13 12 4
22514 12 11 5
22515 7 6 5
22516 11 11 5
22517 11 11 5
22518 13 13 5
22519 9 8 4
22520 14 13 5
22521 13 12 6
22522 18 18 6
22523 8 8 4
22524 16 15 5
22525 17 17 7
22526 11 11 5
22527 15 14 6
22528 12 12 6
22529 24 24 4
22530 14 13 5
22531 19 18 6
22532 10 10 4
22533 12 11 5
22534 9 9 5
22535 11 10 6
22536 14 14 8
22537 8 8 4
22538 10 9 5
22539 15 14 4
22540 16 15 7
22541 9 8 4
22542 14 13 5
22543 11 11 5
22544 13 13 5
22545 11 11 5
22546 15 15 5
22547 13 13 5
22548 9 8 4
22549 14 13 5
22550 15 14 6
22551 14 13 5
22552 9 8 4
22553 10 9 5
22554 11 10 6
22555 6 6 6
22556 13 12 6
22557 10 9 5
22558 13 13 7
22559 9 8 4
22560 16 15 5
22561 13 13 7
22562 7 6 5
22563 15 14 6
22564 8 8 4
22565 14 13 7
22566 11 10 4
22567 8 7 6
22568 10 10 6
22569 18 17 5
22570 9 8 4
22571 18 17 5
22572 17 16 6
22573 10 10 4
22574 12 11 5
22575 13 12 4
22576 14 13 5
22577 5 5 5
22578 16 15 5
22579 17 17 5
22580 9 8 4
22581 10 9 5
22582 9 9 5
22583 9 9 5
22584 11 11 5
22585 9 9 5
22586 13 12 4
22587 12 11 5
22588 9 9 5
22589 9 8 4
22590 12 11 7
22591 19 18 4
22592 24 23 7
22593 13 12 4
22594 12 11 5
22595 9 8 4
22596 12 11 5
22597 15 14 6
22598 12 11 5
22599 13 12 6
22600 6 5 4
22601 18 17 5
22602 19 19 7
22603 15 14 4
22604 22 21 5
22605 11 10 4
22606 18 17 5
22607 11 10 4
22608 6 5 4
22609 16 15 7
22610 17 16 4
22611 14 13 5
22612 9 9 5
22613 11 11 5
22614 17 17 5
22615 17 16 6
22616 14 14 6
22617 18 18 4
22618 12 11 5
22619 11 10 4
22620 12 11 5
22621 15 14 6
22622 14 14 6
22623 14 13 5
22624 9 8 4
22625 16 15 5
22626 15 14 4
22627 16 15 5
22628 11 11 5
22629 11 11 5
22630 9 9 5
22631 17 17 5
22632 17 16 8
22633 12 12 4
22634 6 5 4
22635 8 7 6
22636 14 14 6
22637 12 11 5
22638 9 8 4
22639 12 11 5
22640 17 16 6
22641 22 21 7
22642 15 14 4
22643 6 5 4
22644 14 13 5
22645 15 14 6
22646 10 9 5
22647 9 9 5
22648 7 6 5
22649 11 10 4
22650 16 15 5
22651 17 17 7
22652 11 11 5
22653 23 22 8
22654 14 14 4
22655 12 11 5
22656 19 18 6
22657 14 14 4
22658 18 17 5
22659 13 12 4
22660 10 9 5
22661 13 13 5
22662 27 26 8
22663 12 12 4
22664 12 11 5
22665 11 10 6
22666 20 19 5
22667 15 15 5
22668 11 10 4
22669 14 13 5
22670 11 11 5
22671 11 11 5
22672 13 13 5
22673 11 11 7
22674 11 10 4
22675 14 13 5
22676 9 9 5
22677 15 15 7
22678 13 12 4
22679 12 11 7
22680 11 10 6
22681 12 11 5
22682 11 11 7
22683 9 8 4
22684 14 13 5
22685 13 12 4
22686 12 11 5
22687 13 12 4
22688 12 11 7
22689 17 16 6
22690 16 15 5
22691 11 10 4
22692 14 13 7
22693 9 8 4
22694 12 11 5
22695 19 18 8
22696 8 8 4
22697 22 21 7
22698 13 12 6
22699 16 15 5
22700 17 17 5
22701 19 19 7
22702 11 11 5
22703 11 11 5
22704 15 14 6
22705 12 12 4
22706 14 13 7
22707 13 12 4
22708 6 5 4
22709 10 9 5
22710 17 17 5
22711 9 9 5
22712 7 7 7
22713 8 8 4
22714 18 17 7
22715 15 14 4
22716 14 13 7
22717 7 6 5
22718 13 12 4
22719 18 17 7
22720 13 13 5
22721 15 15 5
22722 11 11 7
22723 21 20 6
22724 12 12 4
22725 12 11 5
22726 13 13 7
22727 11 10 4
22728 6 5 4
22729 18 17 5
22730 17 16 4
22731 12 11 5
22732 17 16 6
22733 10 10 4
22734 14 13 7
22735 17 16 4
22736 16 15 5
22737 11 11 7
22738 15 14 6
22739 14 14 6
22740 12 11 5
22741 13 13 5
22742 11 10 6
22743 14 13 5
22744 13 12 4
22745 14 13 5
22746 17 17 7
22747 21 20 6
22748 6 6 6
22749 9 9 5
22750 9 9 5
22751 17 16 6
22752 8 7 6
22753 16 16 6
22754 18 18 6
22755 14 13 7
22756 11 10 4
22757 16 15 5
22758 9 9 5
22759 11 11 5
22760 15 14 6
22761 10 10 6
22762 14 14 6
22763 12 11 5
22764 13 12 4
22765 14 13 5
22766 11 10 6
22767 12 12 6
22768 16 16 6
22769 10 10 4
22770 16 15 7
22771 17 16 6
22772 16 15 5
22773 15 14 4
22774 20 19 5
22775 5 5 5
22776 12 11 5
22777 13 12 4
22778 10 9 5
22779 11 10 6
22780 16 16 6
22781 10 10 4
22782 12 11 5
22783 11 10 4
22784 22 21 5
22785 23 23 7
22786 9 8 4
22787 12 11 5
22788 5 5 5
22789 10 9 5
22790 15 15 7
22791 17 16 4
22792 26 25 5
22793 13 12 6
22794 12 12 6
22795 16 16 8
22796 12 12 6
22797 12 11 7
22798 17 16 4
22799 20 19 5
22800 11 10 4
22801 18 17 5
22802 9 9 5
22803 9 9 5
22804 17 17 5
22805 9 9 5
22806 15 14 6
22807 16 16 6
22808 12 12 4
22809 22 21 7
22810 13 13 5
22811 15 14 6
22812 12 12 4
22813 14 13 5
22814 11 11 5
22815 9 8 4
22816 18 17 5
22817 9 9 5
22818 11 11 5
22819 13 12 4
22820 22 21 7
22821 7 6 5
22822 13 13 5
22823 7 6 5
22824 9 9 5
22825 7 6 5
22826 15 14 4
22827 10 9 5
22828 13 12 6
22829 12 12 6
22830 8 8 4
22831 12 11 5
22832 9 8 4
22833 8 7 6
22834 10 9 5
22835 11 11 5
22836 13 13 5
22837 7 6 5
22838 23 23 5
22839 13 13 5
22840 9 8 4
22841 16 15 5
22842 7 6 5
22843 9 8 4
22844 16 15 5
22845 13 13 5
22846 19 19 5
22847 9 9 5
22848 9 8 4
22849 12 11 5
22850 11 10 6
22851 16 15 5
22852 9 9 5
22853 11 11 5
22854 11 10 6
22855 10 10 4
22856 16 15 5
22857 17 16 6
22858 16 16 6
22859 8 8 4
22860 20 19 9
22861 19 18 4
22862 10 9 5
22863 13 12 6
22864 10 10 6
22865 10 10 6
22866 18 18 4
22867 12 11 7
22868 17 17 5
22869 9 9 5
22870 11 11 5
22871 13 13 5
22872 11 11 5
22873 11 11 5
22874 15 14 6
22875 8 8 4
22876 20 19 5
22877 9 9 5
22878 13 12 6
22879 10 10 4
22880 10 9 5
22881 15 14 4
22882 14 13 7
22883 23 22 6
22884 6 5 4
22885 6 5 4
22886 16 15 5
22887 21 20 6
22888 16 16 6
22889 10 10 6
22890 10 9 5
22891 13 12 6
22892 12 12 6
22893 10 10 4
22894 10 9 5
22895 9 9 5
22896 19 18 4
22897 16 15 5
22898 29 29 7
22899 11 10 4
22900 20 19 5
22901 19 18 8
22902 16 16 4
22903 20 19 5
22904 15 15 5
22905 21 20 6
22906 12 11 5
22907 17 16 6
22908 18 17 7
22909 15 14 4
22910 16 15 7
22911 21 20 6
22912 28 28 6
22913 14 14 6
22914 10 10 4
22915 12 11 5
22916 19 19 5
22917 17 16 4
22918 14 13 5
22919 7 7 7
22920 16 16 4
22921 6 5 4
22922 10 9 5
22923 13 12 8
22924 14 14 6
22925 10 10 4
22926 24 23 5
22927 11 10 6
22928 16 16 6
22929 8 8 4
22930 12 11 5
22931 15 14 4
22932 18 17 7
22933 9 8 4
22934 16 15 5
22935 19 19 7
22936 15 15 5
22937 13 12 4
22938 14 13 5
22939 11 10 6
22940 16 16 8
22941 12 12 4
22942 14 13 5
22943 15 14 6
22944 22 22 6
22945 18 17 5
22946 15 14 6
22947 10 10 4
22948 12 11 5
22949 13 13 5
22950 13 12 6
22951 12 12 6
22952 16 16 4
22953 12 11 5
22954 21 20 8
22955 12 12 6
22956 18 18 4
22957 16 15 5
22958 9 8 4
22959 22 21 5
22960 11 11 5
22961 13 12 4
22962 18 17 7
22963 17 16 4
22964 24 23 5
22965 21 21 7
22966 13 12 4
22967 18 17 7
22968 15 15 5
22969 9 8 4
22970 20 19 7
22971 21 21 5
22972 15 15 5
22973 21 20 6
22974 20 20 6
22975 24 24 6
22976 16 16 6
22977 10 10 4
22978 14 13 5
22979 17 17 5
22980 29 29 7
22981 21 20 6
22982 20 20 4
22983 20 19 5
22984 17 16 6
22985 18 17 5
22986 21 20 6
22987 14 14 4
22988 16 15 5
22989 21 20 6
22990 22 22 6
22991 30 30 6
22992 14 13 5
22993 23 22 8
22994 28 28 6
22995 24 23 7
22996 27 26 8
22997 14 14 6
22998 20 20 4
22999 22 21 7
23000 27 27 5
23001 21 20 6
23002 32 32 10
23003 16 16 4
23004 20 19 5
23005 45 45 11
23006 21 20 4
23007 40 39 7
23008 29 28 6
23009 28 27 9
23010 27 26 8
23011 30 29 11
23012 25 25 9
23013 39 38 10
23014 42 41 9
23015 33 32 4
23016 34 33 7
23017 27 27 7
23018 21 21 5
23019 23 22 6
23020 18 18 4
23021 28 27 5
23022 23 23 5
23023 21 21 5
23024 33 33 11
23025 21 21 5
23026 27 26 6
23027 30 30 6
23028 46 46 8
23029 22 21 5
23030 37 37 9
23031 29 28 4
23032 38 37 7
23033 27 27 7
23034 33 33 7
23035 27 26 4
23036 38 37 7
23037 33 32 10
23038 20 20 6
23039 36 35 5
23040 29 28 4
23041 36 35 7
23042 41 41 7
23043 41 40 8
23044 48 48 8
23045 24 23 5
23046 31 31 5
23047 21 21 5
23048 47 47 5
23049 23 23 7
23050 27 26 4
23051 36 35 7
23052 29 28 6
23053 36 36 8
23054 22 21 5
23055 37 37 7
23056 27 26 8
23057 22 21 5
23058 23 23 7
23059 21 21 5
23060 29 29 5
23061 23 23 7
23062 23 23 5
23063 19 18 6
23064 26 25 5
23065 27 27 5
23066 27 27 7
23067 19 18 4
23068 24 23 7
23069 13 12 6
23070 18 18 6
23071 36 36 8
23072 22 22 6
23073 32 32 10
23074 22 22 4
23075 20 19 5
23076 19 19 7
23077 17 16 6
23078 20 20 4
23079 16 15 5
23080 29 29 9
23081 21 20 6
23082 22 22 6
23083 14 14 6
23084 18 18 4
23085 24 23 7
23086 13 12 4
23087 16 15 5
23088 23 22 4
23089 20 19 7
23090 17 16 4
23091 32 31 5
23092 21 21 5
23093 29 28 6
23094 16 15 5
23095 17 16 6
23096 34 33 9
23097 25 24 6
23098 20 19 5
23099 19 19 5
23100 25 24 6
23101 22 21 5
23102 29 28 6
23103 20 20 6
23104 22 22 4
23105 22 21 7
23106 23 22 6
23107 30 29 7
23108 21 20 6
23109 26 25 5
23110 31 30 8
23111 14 14 4
23112 30 29 7
23113 21 21 9
23114 15 15 5
23115 15 15 5
23116 23 22 6
23117 16 15 7
23118 23 22 6
23119 20 19 5
23120 23 22 6
23121 22 21 7
23122 15 14 4
23123 18 17 5
23124 15 14 6
23125 14 14 4
23126 18 17 5
23127 13 12 6
23128 24 24 6
23129 22 22 6
23130 14 13 7
23131 9 8 4
23132 18 17 7
23133 19 18 4
23134 16 15 5
23135 21 21 5
23136 21 20 4
23137 10 9 5
23138 9 8 4
23139 16 15 7
23140 15 14 4
23141 26 25 5
23142 17 17 5
23143 15 15 5
23144 15 14 6
23145 18 18 6
23146 14 13 5
23147 15 14 6
23148 10 10 4
23149 16 15 7
23150 9 9 5
23151 13 12 4
23152 18 17 5
23153 17 17 5
23154 13 13 5
23155 11 11 5
23156 9 9 5
23157 13 12 4
23158 10 9 5
23159 9 8 7
23160 19 18 6
23161 14 13 5
23162 17 16 6
23163 18 18 4
23164 14 13 5
23165 17 16 6
23166 6 6 6
23167 9 8 4
23168 14 13 5
23169 21 20 6
23170 10 9 5
23171 19 18 6
23172 22 21 5
23173 17 17 7
23174 23 22 6
23175 16 16 6
23176 8 8 4
23177 20 19 5
23178 11 10 6
23179 8 8 4
23180 8 7 6
23181 12 12 6
23182 10 10 6
23183 20 19 7
23184 13 12 4
23185 16 15 5
23186 15 14 4
23187 16 15 5
23188 9 9 5
23189 13 12 6
23190 16 16 4
23191 6 5 4
23192 20 19 7
23193 17 16 4
23194 14 13 5
23195 13 12 6
23196 18 17 5
23197 19 19 7
23198 17 16 6
23199 18 17 5
23200 13 12 4
23201 16 15 7
23202 11 10 4
23203 12 11 5
23204 11 10 4
23205 14 13 5
23206 19 18 4
23207 12 11 5
23208 27 26 6
23209 12 11 7
23210 13 12 6
23211 8 8 4
23212 12 11 5
23213 9 9 5
23214 17 16 6
23215 10 10 4
23216 14 13 5
23217 11 11 5
23218 13 12 6
23219 20 20 4
23220 14 13 5
23221 13 13 5
23222 13 12 4
23223 6 5 4
23224 12 11 5
23225 15 14 4
23226 16 15 5
23227 9 9 5
23228 13 12 4
23229 14 13 5
23230 21 20 4
23231 12 11 5
23232 15 14 6
23233 16 16 8
23234 14 14 4
23235 26 25 7
23236 17 17 5
23237 25 24 6
23238 18 18 6
23239 20 20 6
23240 26 26 6
23241 24 23 7
23242 9 8 4
23243 32 31 7
23244 29 29 5
23245 21 21 5
23246 21 21 5
23247 27 26 6
23248 20 19 5
23249 23 22 6
23250 20 19 5
23251 35 35 5
23252 25 24 6
23253 24 23 7
23254 25 25 5
23255 25 24 8
23256 22 22 6
23257 42 42 12
23258 20 20 6
23259 24 24 4
23260 36 35 9
23261 27 26 8
23262 26 26 6
23263 34 33 11
23264 27 26 6
23265 40 40 12
23266 30 30 6
23267 32 31 7
23268 41 40 6
23269 24 23 9
23270 53 52 12
23271 22 22 6
23272 36 36 10
23273 36 36 12
23274 34 33 7
23275 33 32 8
23276 48 48 8
23277 42 41 7
23278 37 37 13
23279 29 28 6
23280 28 27 7
23281 39 38 8
23282 30 29 5
23283 15 15 5
23284 33 32 6
23285 38 38 8
23286 26 26 6
23287 26 26 6
23288 46 45 11
23289 39 39 9
23290 31 30 6
23291 40 39 13
23292 33 32 6
23293 34 34 10
23294 30 29 5
23295 29 29 7
23296 41 40 8
23297 30 30 10
23298 28 28 6
23299 38 37 7
23300 35 35 11
23301 27 26 4
23302 40 39 11
23303 31 31 7
23304 37 37 11
23305 37 36 6
23306 38 38 10
23307 36 35 9
23308 29 28 6
23309 34 34 6
23310 30 29 5
23311 23 22 4
23312 32 31 7
23313 27 26 8
23314 28 27 7
23315 43 42 10
23316 36 36 6
23317 26 25 7
23318 29 29 7
23319 25 25 7
23320 31 31 7
23321 27 27 7
23322 47 46 10
23323 28 28 6
23324 30 29 7
23325 45 45 9
23326 19 19 5
23327 33 32 6
23328 26 25 9
23329 33 32 6
23330 22 22 8
23331 24 23 7
23332 29 28 10
23333 22 22 6
23334 26 26 6
23335 22 21 5
23336 25 24 6
23337 12 11 5
23338 17 16 6
23339 22 21 5
23340 21 21 5
23341 15 15 5
23342 19 19 7
23343 27 26 6
23344 24 23 5
23345 13 12 4
23346 16 15 5
23347 19 19 5
23348 23 22 4
23349 12 11 5
23350 15 14 4
23351 26 25 5
23352 25 25 5
23353 35 34 6
23354 34 33 5
23355 35 35 5
23356 25 25 7
23357 19 18 6
23358 30 30 6
23359 14 14 4
23360 30 29 7
23361 35 34 10
23362 26 25 5
23363 21 21 9
23364 29 28 8
23365 32 32 10
23366 36 36 10
23367 32 31 11
23368 21 21 5
23369 11 11 5
23370 23 22 6
23371 30 30 6
23372 22 21 5
23373 11 11 5
23374 29 28 4
23375 16 15 5
23376 21 21 5
23377 25 24 6
23378 20 20 4
23379 24 23 5
23380 13 13 5
23381 25 25 5
23382 29 28 6
23383 16 15 5
23384 23 22 6
23385 24 23 7
23386 19 18 4
23387 22 21 5
23388 21 20 6
23389 18 18 4
23390 18 17 5
23391 29 29 7
23392 19 18 6
23393 14 13 5
23394 15 15 5
23395 25 24 4
23396 16 15 5
23397 17 17 5
23398 15 15 5
23399 23 22 8
23400 22 22 4
23401 16 15 5
23402 21 20 6
23403 18 18 6
23404 10 10 4
23405 14 13 5
23406 15 15 5
23407 19 19 5
23408 15 14 6
23409 14 13 5
23410 15 14 6
23411 20 20 6
23412 10 9 5
23413 13 12 4
23414 12 11 5
23415 17 17 5
23416 17 16 4
23417 6 5 4
23418 14 13 5
23419 15 14 6
23420 12 12 6
23421 8 8 4
23422 18 17 5
23423 17 16 8
23424 6 6 6
23425 9 9 5
23426 9 8 4
23427 20 19 7
23428 17 16 6
23429 20 19 5
23430 11 10 4
23431 22 21 9
23432 21 20 4
23433 12 11 5
23434 13 13 5
23435 21 20 6
23436 16 16 6
23437 8 8 4
23438 18 17 7
23439 13 13 5
23440 19 18 6
23441 10 10 4
23442 12 11 5
23443 11 11 5
23444 23 22 6
23445 12 11 5
23446 17 16 6
23447 18 18 8
23448 14 14 4
23449 18 17 7
23450 7 6 5
23451 11 10 4
23452 10 9 5
23453 13 13 7
23454 13 12 6
23455 16 16 4
23456 12 11 5
23457 13 12 4
23458 12 11 5
23459 11 10 6
23460 18 18 6
23461 18 17 5
23462 13 12 6
23463 14 14 6
23464 18 18 6
23465 14 13 5
23466 13 12 4
23467 22 21 5
23468 5 5 5
23469 18 17 5
23470 17 16 6
23471 12 12 4
23472 10 9 5
23473 11 10 4
23474 14 13 5
23475 11 10 4
23476 20 19 5
23477 13 13 5
23478 19 19 7
23479 15 15 5
23480 11 10 4
23481 12 11 5
23482 11 10 4
23483 12 11 5
23484 15 15 7
23485 13 12 6
23486 20 19 7
23487 15 14 4
23488 10 9 5
23489 11 10 4
23490 18 17 5
23491 19 19 5
23492 11 11 5
23493 23 22 6
23494 18 17 5
23495 11 10 4
23496 16 15 7
23497 7 6 5
23498 15 14 6
23499 10 10 6
23500 10 10 4
23501 12 11 7
23502 15 15 5
23503 15 14 4
23504 26 25 5
23505 27 27 7
23506 17 17 5
23507 13 12 4
23508 14 13 5
23509 21 21 7
23510 21 20 6
23511 14 14 6
23512 14 14 6
23513 10 10 4
23514 12 11 7
23515 11 10 4
23516 14 13 7
23517 29 28 8
23518 8 8 4
23519 14 13 5
23520 19 18 6
23521 12 12 6
23522 16 16 6
23523 12 12 6
23524 12 12 4
23525 16 15 5
23526 21 20 8
23527 8 8 4
23528 20 19 5
23529 11 10 4
23530 16 15 5
23531 13 13 7
23532 9 8 4
23533 10 9 5
23534 17 17 5
23535 13 12 6
23536 10 10 4
23537 16 15 5
23538 23 22 6
23539 14 14 6
23540 14 14 6
23541 12 12 6
23542 20 20 4
23543 10 9 5
23544 23 23 7
23545 17 16 6
23546 12 12 4
23547 16 15 5
23548 7 6 5
23549 17 17 5
23550 13 13 5
23551 19 18 6
23552 12 12 6
23553 14 14 6
23554 20 20 4
23555 14 13 5
23556 19 18 6
23557 14 13 5
23558 11 10 4
23559 16 15 7
23560 11 10 6
23561 12 12 6
23562 18 18 6
23563 14 13 5
23564 13 12 4
23565 24 23 7
23566 11 10 6
23567 16 15 5
23568 11 10 4
23569 14 13 5
23570 17 16 6
23571 16 16 4
23572 18 17 5
23573 15 14 4
23574 12 11 5
23575 19 19 5
23576 11 10 6
23577 12 12 4
23578 26 25 7
23579 17 16 4
23580 18 17 7
23581 15 14 4
23582 18 17 5
23583 21 21 5
23584 27 27 5
23585 29 28 4
23586 20 19 5
23587 27 27 5
23588 17 17 5
23589 37 36 8
23590 18 18 4
23591 12 11 5
23592 29 28 6
23593 26 26 6
23594 34 33 7
23595 19 18 6
23596 28 28 4
23597 30 29 7
23598 35 35 7
23599 23 23 7
23600 27 27 5
23601 43 43 7
23602 29 29 5
23603 23 23 7
23604 31 30 6
23605 28 27 7
23606 39 39 7
23607 27 26 8
23608 36 36 8
23609 26 25 5
23610 23 23 5
23611 31 31 7
23612 41 41 7
23613 17 16 4
23614 24 23 7
23615 35 34 6
23616 30 29 5
23617 37 37 7
23618 19 19 5
23619 19 19 5
23620 35 35 7
23621 27 26 6
23622 24 23 7
23623 33 32 8
23624 18 18 6
23625 14 14 4
23626 38 37 7
23627 17 17 5
23628 23 22 6
23629 36 35 7
23630 21 21 7
23631 27 27 9
23632 15 15 5
23633 41 41 9
23634 33 32 6
23635 42 42 8
23636 34 33 9
23637 45 44 8
23638 28 27 5
23639 39 39 9
23640 29 29 7
23641 29 29 7
23642 27 27 5
23643 15 15 5
23644 37 36 8
23645 32 31 5
23646 33 33 9
23647 25 25 9
23648 25 25 5
23649 19 19 5
23650 29 29 7
23651 21 20 6
23652 24 23 9
23653 19 19 7
23654 23 23 5
23655 13 13 5
23656 15 14 6
23657 16 16 4
23658 22 21 5
23659 17 16 4
23660 14 13 5
23661 23 22 6
23662 18 18 6
23663 26 26 6
23664 14 13 5
23665 23 23 7
23666 15 14 6
23667 10 10 4
23668 24 23 5
23669 25 25 7
23670 23 22 6
23671 16 16 4
23672 18 17 7
23673 25 24 6
23674 12 12 4
23675 22 21 5
23676 13 12 4
23677 8 7 6
23678 22 22 4
23679 14 13 7
23680 15 14 6
23681 10 10 4
23682 16 15 5
23683 13 12 4
23684 16 15 5
23685 11 10 4
23686 10 9 5
23687 9 9 5
23688 15 14 6
23689 20 20 6
23690 12 12 4
23691 20 19 5
23692 15 14 6
23693 12 12 4
23694 16 15 5
23695 19 18 8
23696 12 12 6
23697 16 16 6
23698 20 20 6
23699 18 17 5
23700 11 10 6
23701 16 15 5
23702 23 22 8
23703 12 12 6
23704 14 14 6
23705 10 10 4
23706 22 21 9
23707 23 22 8
23708 10 10 4
23709 16 15 5
23710 33 33 5
23711 15 15 5
23712 25 25 7
23713 25 24 6
23714 22 22 6
23715 20 20 4
23716 26 25 5
23717 13 12 6
23718 20 20 6
23719 26 25 5
23720 41 41 7
23721 27 26 6
23722 30 30 6
23723 26 25 5
23724 25 25 7
23725 31 30 12
23726 24 23 9
23727 27 26 6
23728 46 46 10
23729 36 35 7
23730 35 35 5
23731 33 32 6
23732 20 20 6
23733 32 32 6
23734 34 33 13
23735 23 23 7
23736 29 29 11
23737 21 20 4
23738 18 17 5
23739 15 15 5
23740 23 23 9
23741 31 31 11
23742 7 6 5
23743 21 20 6
23744 22 21 7
23745 21 20 6
23746 16 16 6
23747 26 26 6
23748 10 9 5
23749 19 18 6
23750 22 22 8
23751 14 14 4
23752 26 25 7
23753 11 11 5
23754 11 10 4
23755 20 19 5
23756 21 20 6
23757 12 12 6
23758 22 22 6
23759 16 16 6
23760 16 16 6
23761 14 14 6
23762 20 19 5
23763 17 17 7
23764 13 12 4
23765 16 15 7
23766 11 11 5
23767 15 15 5
23768 19 18 6
23769 20 19 5
23770 11 10 6
23771 22 22 6
23772 10 10 4
23773 6 5 4
23774 12 11 5
23775 11 10 4
23776 10 9 5
23777 21 20 6
23778 10 10 4
23779 16 15 7
23780 13 12 6
23781 12 11 5
23782 13 12 4
23783 20 19 7
23784 13 12 6
23785 12 12 4
23786 14 13 7
23787 17 16 4
23788 6 5 4
23789 6 5 4
23790 10 9 5
23791 17 16 6
23792 20 19 7
23793 19 18 4
23794 22 21 7
23795 13 13 7
23796 19 18 6
23797 10 10 6
23798 12 12 6
23799 14 14 6
23800 6 6 6
23801 23 22 8
23802 10 9 5
23803 11 10 6
23804 16 16 6
23805 16 15 7
23806 13 12 4
23807 6 5 4
23808 10 9 5
23809 9 9 5
23810 13 12 6
23811 8 7 6
23812 24 24 6
23813 24 23 7
23814 13 12 6
23815 12 12 4
23816 12 11 5
23817 11 10 6
23818 12 12 6
23819 18 17 5
23820 11 10 4
23821 8 7 6
23822 16 15 5
23823 17 17 7
23824 11 10 4
23825 16 15 5
23826 13 12 6
23827 14 14 6
23828 12 11 5
23829 13 13 5
23830 13 12 6
23831 12 12 6
23832 16 15 5
23833 9 9 5
23834 17 16 8
23835 14 13 5
23836 19 18 6
23837 22 21 7
23838 17 16 6
23839 14 14 4
23840 18 17 7
23841 17 16 4
23842 26 25 7
23843 11 11 5
23844 13 13 7
23845 21 20 6
23846 16 15 5
23847 17 16 6
23848 26 26 10
23849 8 8 4
23850 14 13 5
23851 21 20 6
23852 20 20 6
23853 16 16 4
23854 14 13 5
23855 13 12 6
23856 12 12 4
23857 18 17 5
23858 21 21 5
23859 11 11 5
23860 9 9 5
23861 13 12 6
23862 22 21 7
23863 15 14 6
23864 16 15 5
23865 13 12 6
23866 16 16 4
23867 10 9 5
23868 9 8 4
23869 12 11 5
23870 17 16 6
23871 22 21 5
23872 13 12 6
23873 10 10 6
23874 14 14 6
23875 20 20 4
23876 24 23 5
23877 17 17 5
23878 9 9 5
23879 13 12 6
23880 18 17 5
23881 13 13 5
23882 13 12 4
23883 14 13 5
23884 21 21 7
23885 13 12 6
23886 12 12 4
23887 16 15 5
23888 7 6 5
23889 11 10 6
23890 6 6 6
23891 15 15 7
23892 19 18 6
23893 12 12 4
23894 12 11 5
23895 15 14 4
23896 14 13 5
23897 15 14 8
23898 10 10 6
23899 18 18 4
23900 12 11 5
23901 17 16 8
23902 12 12 4
23903 12 11 5
23904 13 13 5
23905 15 14 6
23906 10 9 5
23907 13 12 6
23908 14 14 6
23909 12 11 5
23910 11 10 4
23911 22 21 7
23912 15 14 6
23913 14 13 5
23914 15 14 4
23915 22 21 7
23916 19 18 4
23917 12 11 5
23918 27 26 6
23919 10 10 4
23920 20 19 5
23921 17 16 6
23922 12 11 5
23923 23 22 6
23924 20 19 5
23925 23 23 5
23926 33 33 9
23927 15 14 6
23928 12 12 4
23929 16 15 5
23930 11 10 4
23931 12 11 5
23932 13 12 4
23933 12 11 5
23934 15 15 5
23935 17 17 5
23936 13 13 5
23937 19 18 6
23938 24 24 8
23939 18 17 5
23940 19 19 7
23941 19 18 4
23942 14 13 5
23943 13 13 5
23944 17 16 6
23945 24 24 8
23946 28 28 6
23947 28 28 8
23948 26 26 8
23949 24 24 6
23950 34 33 9
23951 33 33 9
23952 23 22 8
23953 24 24 8
23954 18 18 6
23955 32 32 6
23956 34 34 6
23957 38 38 12
23958 38 37 9
23959 21 21 7
23960 25 25 5
23961 23 23 5
23962 49 49 17
23963 25 24 8
23964 26 26 6
23965 34 34 8
23966 28 28 6
23967 28 28 10
23968 36 35 9
23969 17 17 5
23970 25 24 4
23971 26 25 5
23972 33 32 8
23973 20 20 4
23974 42 41 7
23975 17 17 5
23976 35 35 7
23977 35 34 8
23978 30 30 10
23979 26 25 9
23980 33 33 9
23981 35 35 7
23982 21 20 4
23983 38 37 9
23984 33 32 6
23985 30 29 5
23986 19 19 5
23987 35 34 6
23988 22 22 6
23989 56 56 12
23990 32 32 10
23991 22 21 7
23992 25 25 7
23993 27 26 8
23994 26 26 6
23995 30 30 8
23996 40 39 9
23997 33 33 7
23998 19 18 6
23999 18 17 5
24000 37 36 8
24001 26 26 6
24002 28 27 9
24003 35 34 12
24004 16 16 6
24005 34 33 5
24006 15 15 5
24007 27 26 8
24008 16 16 4
24009 24 23 5
24010 25 25 5
24011 19 18 4
24012 24 23 7
24013 33 32 6
24014 22 22 6
24015 24 24 4
24016 18 17 5
24017 25 25 7
24018 29 28 8
24019 24 24 6
24020 20 19 5
24021 25 25 7
24022 31 30 6
24023 24 23 7
24024 19 18 6
24025 30 29 7
24026 25 25 5
24027 17 17 5
24028 37 36 8
24029 26 26 8
24030 32 31 9
24031 21 21 5
24032 37 37 7
24033 15 14 4
24034 26 25 5
24035 21 21 5
24036 23 23 7
24037 31 31 5
24038 25 25 5
24039 33 32 6
24040 18 18 4
24041 20 19 5
24042 33 32 6
24043 28 27 5
24044 27 26 6
24045 28 28 6
24046 32 31 7
24047 43 43 5
24048 27 27 5
24049 35 35 5
24050 21 21 7
24051 27 26 6
24052 24 24 4
24053 24 23 5
24054 35 35 7
24055 21 20 6
24056 16 16 6
24057 34 34 6
24058 36 36 10
24059 24 24 6
24060 36 35 5
24061 21 21 7
24062 27 27 9
24063 25 25 7
24064 31 30 8
24065 26 26 6
24066 28 27 7
24067 29 28 6
24068 18 18 4
24069 30 29 7
24070 17 16 6
24071 24 24 6
24072 24 23 5
24073 31 31 7
24074 29 29 7
24075 19 19 5
24076 21 21 5
24077 19 19 5
24078 15 15 5
24079 29 29 5
24080 35 34 8
24081 20 20 6
24082 30 29 7
24083 29 28 6
24084 28 28 6
24085 28 28 8
24086 30 29 7
24087 31 30 4
24088 38 37 9
24089 21 21 5
24090 23 23 7
24091 37 36 6
24092 18 18 6
24093 32 32 6
24094 24 23 5
24095 23 23 7
24096 27 27 7
24097 25 24 4
24098 12 11 5
24099 23 22 4
24100 28 27 7
24101 21 20 6
24102 32 32 4
24103 22 21 5
24104 29 29 7
24105 35 34 8
24106 18 17 5
24107 21 21 5
24108 25 25 7
24109 39 38 6
24110 18 18 4
24111 32 31 9
24112 29 28 6
24113 22 21 7
24114 23 22 4
24115 20 19 5
24116 17 17 5
24117 21 20 6
24118 16 16 4
24119 24 23 7
24120 15 14 4
24121 16 15 5
24122 25 24 8
24123 20 20 4
24124 24 23 5
24125 25 24 6
24126 18 18 4
24127 20 19 5
24128 27 26 6
24129 22 21 5
24130 23 23 5
24131 17 17 5
24132 19 18 6
24133 20 19 5
24134 23 22 6
24135 44 43 9
24136 21 21 5
24137 15 14 6
24138 32 32 4
24139 26 25 5
24140 15 15 5
24141 37 36 6
24142 22 22 4
24143 18 17 5
24144 23 23 5
24145 35 35 9
24146 19 18 4
24147 36 35 9
24148 23 22 4
24149 14 13 5
24150 19 19 5
24151 19 18 6
24152 26 25 5
24153 13 12 6
24154 18 17 5
24155 17 17 5
24156 17 16 6
24157 24 23 7
24158 9 8 4
24159 16 15 7
24160 13 12 4
24161 12 11 7
24162 23 22 6
24163 12 11 5
24164 15 14 4
24165 16 15 5
24166 23 23 9
24167 25 24 6
24168 22 22 6
24169 22 22 6
24170 16 16 4
24171 20 19 5
24172 11 11 5
24173 13 12 4
24174 10 9 5
24175 9 9 5
24176 11 10 4
24177 12 11 5
24178 13 13 5
24179 7 6 5
24180 11 10 6
24181 14 14 6
24182 20 20 8
24183 16 15 5
24184 15 14 4
24185 16 15 5
24186 17 17 5
24187 19 19 5
24188 19 19 5
24189 17 16 6
24190 14 13 5
24191 23 22 4
24192 18 17 5
24193 13 12 6
24194 20 20 4
24195 20 19 5
24196 21 21 7
24197 17 16 6
24198 12 12 6
24199 8 8 4
24200 12 11 5
24201 15 14 4
24202 32 31 7
24203 21 20 4
24204 18 17 5
24205 21 20 4
24206 24 23 5
24207 29 28 6
24208 22 21 5
24209 21 20 6
24210 24 24 6
24211 30 30 6
24212 28 27 5
24213 17 16 6
24214 16 16 4
24215 20 19 5
24216 15 15 5
24217 21 20 6
24218 10 9 5
24219 27 26 6
24220 10 10 4
24221 14 13 5
24222 25 24 6
24223 14 13 5
24224 11 10 4
24225 26 25 5
24226 29 28 4
24227 14 13 5
24228 21 20 6
24229 28 28 6
24230 30 30 4
24231 22 21 5
24232 17 17 5
24233 21 20 4
24234 26 25 7
24235 19 18 4
24236 20 19 5
24237 31 30 6
24238 22 21 5
24239 21 21 5
24240 13 12 4
24241 24 23 5
24242 17 16 4
24243 16 15 5
24244 15 14 8
24245 10 10 4
24246 14 13 5
24247 23 22 6
24248 24 23 5
24249 13 13 5
24250 17 16 6
24251 18 18 4
24252 24 23 5
24253 25 25 5
24254 19 19 5
24255 13 13 5
24256 17 16 6
24257 10 10 6
24258 28 28 6
24259 12 12 6
24260 12 12 6
24261 8 8 4
24262 12 11 5
24263 19 18 6
24264 18 17 5
24265 17 16 6
24266 16 15 5
24267 11 11 7
24268 11 10 4
24269 14 13 5
24270 15 15 5
24271 15 14 6
24272 16 16 4
24273 24 23 5
24274 19 18 6
24275 20 19 5
24276 19 19 5
24277 23 22 4
24278 34 33 5
24279 11 10 4
24280 12 11 5
24281 21 21 5
24282 19 19 5
24283 15 15 5
24284 17 17 5
24285 25 24 4
24286 20 19 5
24287 31 31 5
24288 13 13 5
24289 23 22 4
24290 28 27 7
24291 21 20 6
24292 22 21 5
24293 23 23 7
24294 21 20 6
24295 22 22 6
24296 22 22 6
24297 24 24 6
24298 20 20 6
24299 26 26 8
24300 30 30 6
24301 30 30 6
24302 12 11 5
24303 27 26 4
24304 30 29 5
24305 29 29 7
24306 31 30 6
24307 18 18 4
24308 28 27 5
24309 17 17 5
24310 29 28 6
24311 16 16 4
24312 28 27 5
24313 17 17 5
24314 19 19 5
24315 25 24 6
24316 20 19 5
24317 19 19 7
24318 27 26 6
24319 40 40 8
24320 26 26 6
24321 40 40 12
24322 30 30 6
24323 32 31 7
24324 37 36 8
24325 20 20 4
24326 28 27 7
24327 25 24 6
24328 14 14 6
24329 32 32 6
24330 28 27 5
24331 33 32 6
24332 34 34 10
24333 20 20 6
24334 32 32 8
24335 38 37 9
24336 19 18 6
24337 32 32 8
24338 24 24 8
24339 24 24 8
24340 28 28 8
24341 38 38 8
24342 28 27 5
24343 35 35 9
24344 21 20 4
24345 20 19 5
24346 31 30 8
24347 22 22 4
24348 22 21 5
24349 25 25 7
24350 29 28 8
24351 30 29 5
24352 19 18 6
24353 26 26 4
24354 24 23 7
24355 23 22 6
24356 30 30 6
24357 28 28 8
24358 28 27 5
24359 41 41 9
24360 27 27 7
24361 31 31 11
24362 25 24 6
24363 28 28 6
24364 40 39 5
24365 31 30 8
24366 18 17 5
24367 33 33 5
24368 29 29 7
24369 15 15 5
24370 27 26 8
24371 28 28 6
24372 26 26 8
24373 28 28 8
24374 24 24 6
24375 18 18 4
24376 20 19 7
24377 13 13 5
24378 27 27 7
24379 35 34 10
24380 22 21 5
24381 19 19 5
24382 23 23 5
24383 27 27 7
24384 23 23 5
24385 25 25 7
24386 21 20 4
24387 22 21 5
24388 27 27 5
24389 21 21 5
24390 27 26 6
24391 22 21 7
24392 15 15 5
24393 23 22 6
24394 18 18 4
24395 20 19 7
24396 27 26 6
24397 12 12 6
24398 24 24 8
24399 12 12 4
24400 20 19 5
24401 27 26 8
24402 16 15 5
24403 23 23 9
24404 15 14 6
24405 14 14 4
24406 16 15 5
24407 15 14 6
24408 12 12 6
24409 18 18 6
24410 12 12 4
24411 24 23 7
24412 15 15 5
24413 15 15 7
24414 17 16 6
24415 20 20 4
24416 22 21 5
24417 5 5 5
24418 12 11 5
24419 21 20 8
24420 10 10 4
24421 14 13 5
24422 23 23 5
24423 17 16 4
24424 18 17 7
24425 13 12 4
24426 10 9 5
24427 23 23 5
24428 13 13 5
24429 15 14 6
24430 16 16 6
24431 14 14 4
24432 14 13 5
24433 21 21 7
24434 15 15 5
24435 11 11 5
24436 23 22 8
24437 10 9 5
24438 23 22 6
24439 12 11 5
24440 13 12 4
24441 14 13 5
24442 11 11 5
24443 19 19 7
24444 15 14 4
24445 14 13 5
24446 19 18 8
24447 10 10 4
24448 18 17 7
24449 15 14 6
24450 22 21 5
24451 11 10 4
24452 18 17 7
24453 9 8 7
24454 11 10 6
24455 16 16 6
24456 14 13 5
24457 15 14 6
24458 14 14 6
24459 14 14 8
24460 6 6 6
24461 11 11 5
24462 19 19 5
24463 9 8 7
24464 13 12 6
24465 6 5 4
24466 14 13 5
24467 7 6 5
24468 15 14 4
24469 10 9 5
24470 7 7 7
24471 8 8 4
24472 20 19 7
24473 15 15 7
24474 19 18 6
24475 10 9 5
24476 7 6 5
24477 13 13 5
24478 17 16 8
24479 10 10 4
24480 16 15 5
24481 15 14 6
24482 22 21 5
24483 5 5 5
24484 8 7 6
24485 12 12 4
24486 14 13 5
24487 5 5 5
24488 14 13 5
24489 15 15 5
24490 15 15 5
24491 11 11 5
24492 13 12 6
24493 12 12 6
24494 12 11 5
24495 15 15 5
24496 23 22 8
24497 12 12 6
24498 8 8 4
24499 14 13 5
24500 13 12 6
24501 16 16 6
24502 10 10 6
24503 14 14 6
24504 6 5 4
24505 8 7 6
24506 12 12 6
24507 6 5 4
24508 16 15 7
24509 17 16 6
24510 10 10 4
24511 10 9 5
24512 13 13 5
24513 15 14 6
24514 10 10 4
24515 16 15 5
24516 9 8 4
24517 14 13 5
24518 11 10 4
24519 12 11 5
24520 19 18 6
24521 18 18 6
24522 10 9 5
24523 23 22 8
24524 20 20 4
24525 14 13 7
24526 13 12 6
24527 20 20 4
24528 10 9 5
24529 17 16 6
24530 10 9 5
24531 5 5 5
24532 14 13 5
24533 15 15 5
24534 5 5 5
24535 20 19 7
24536 17 17 5
24537 11 11 5
24538 21 21 7
24539 25 25 5
24540 11 11 5
24541 11 10 4
24542 6 5 4
24543 10 9 5
24544 7 6 5
24545 15 14 4
24546 18 17 5
24547 13 12 6
24548 8 8 4
24549 18 17 7
24550 17 16 6
24551 10 9 5
24552 11 10 6
24553 10 10 6
24554 24 24 6
24555 12 12 6
24556 16 16 6
24557 6 6 6
24558 11 10 6
24559 14 14 6
24560 14 14 6
24561 22 22 6
24562 8 8 4
24563 14 13 5
24564 13 13 5
24565 17 17 7
24566 5 5 5
24567 6 5 4
24568 12 11 7
24569 7 6 5
24570 7 6 5
24571 13 13 5
24572 15 14 6
24573 14 13 5
24574 11 11 5
24575 17 16 4
24576 12 11 7
24577 19 18 6
24578 8 8 4
24579 10 9 5
24580 15 15 5
24581 15 15 5
24582 13 13 5
24583 25 25 5
24584 13 12 6
24585 16 15 7
24586 19 18 6
24587 12 12 4
24588 16 15 5
24589 15 14 4
24590 10 9 5
24591 13 12 6
24592 6 5 4
24593 24 23 5
24594 15 15 7
24595 13 12 4
24596 10 9 5
24597 13 12 4
24598 12 11 5
24599 9 9 5
24600 13 13 7
24601 11 10 6
24602 14 14 4
24603 12 11 5
24604 13 12 4
24605 10 9 5
24606 11 10 4
24607 14 13 7
24608 9 8 4
24609 16 15 7
24610 19 18 4
24611 6 5 4
24612 12 11 5
24613 19 19 5
24614 11 10 4
24615 14 13 7
24616 11 10 4
24617 20 19 7
24618 13 13 5
24619 11 11 5
24620 11 11 5
24621 21 20 6
24622 14 14 6
24623 8 8 4
24624 14 13 5
24625 25 24 6
24626 14 14 4
24627 14 13 5
24628 15 14 4
24629 14 13 7
24630 29 28 6
24631 20 19 5
24632 17 17 7
24633 13 12 6
24634 14 14 6
24635 24 24 6
24636 10 10 4
24637 18 17 5
24638 15 14 6
24639 16 16 4
24640 30 29 5
24641 21 21 5
24642 11 11 5
24643 33 32 6
24644 34 33 9
24645 39 38 8
24646 34 34 6
24647 30 29 7
24648 41 40 6
24649 34 33 9
24650 35 34 6
24651 44 43 11
24652 47 46 8
24653 36 36 4
24654 40 39 9
24655 35 34 8
24656 44 44 6
24657 28 28 8
24658 24 23 7
24659 35 35 7
24660 41 40 8
24661 24 23 5
24662 33 33 5
24663 39 39 7
24664 23 22 4
24665 24 23 7
24666 21 20 4
24667 26 25 5
24668 19 19 5
24669 25 24 6
24670 28 28 6
24671 30 29 7
24672 33 32 4
24673 22 21 5
24674 35 34 8
24675 36 36 8
24676 38 37 9
24677 23 22 6
24678 24 24 6
24679 38 38 8
24680 20 19 5
24681 27 27 5
24682 35 35 9
24683 23 23 7
24684 25 25 7
24685 27 27 5
24686 25 25 7
24687 21 21 5
24688 23 23 7
24689 19 18 6
24690 44 44 10
24691 18 18 6
24692 30 30 4
24693 24 23 5
24694 29 29 7
24695 31 30 8
24696 16 16 6
24697 22 22 6
24698 28 27 7
24699 21 20 8
24700 18 18 8
24701 16 16 4
24702 24 23 5
24703 37 37 7
24704 23 23 5
24705 25 24 6
24706 12 12 6
24707 24 24 4
24708 24 23 7
24709 31 30 6
24710 32 32 6
24711 32 31 7
24712 23 22 6
24713 36 35 9
24714 17 16 6
24715 24 24 6
24716 26 25 5
24717 21 21 7
24718 17 16 6
24719 28 27 7
24720 15 14 4
24721 24 23 5
24722 25 25 5
24723 33 33 9
24724 31 31 9
24725 25 25 7
24726 33 32 8
24727 36 35 7
24728 23 22 4
24729 24 23 5
24730 25 25 5
24731 23 23 5
24732 23 23 5
24733 19 18 6
24734 26 26 6
24735 22 22 6
24736 26 25 7
24737 35 34 8
24738 34 33 7
24739 25 24 8
24740 28 28 6
24741 18 18 6
24742 24 23 7
24743 37 37 7
24744 37 37 9
24745 39 39 9
24746 29 28 10
24747 38 38 10
24748 28 28 8
24749 36 36 8
24750 34 34 8
24751 22 22 6
24752 38 37 5
24753 25 25 7
24754 23 22 8
24755 24 24 4
24756 28 27 7
24757 17 17 5
24758 25 24 8
24759 30 30 8
24760 10 10 4
24761 28 27 5
24762 45 45 7
24763 27 26 6
24764 26 25 5
24765 27 27 7
24766 13 12 4
24767 28 27 7
24768 21 20 8
24769 36 36 8
24770 16 15 5
24771 31 31 5
24772 15 15 5
24773 15 14 6
24774 30 30 8
24775 22 21 5
24776 11 10 4
24777 26 25 7
24778 23 22 6
24779 20 20 6
24780 16 16 4
24781 14 13 5
24782 19 19 7
24783 21 20 4
24784 20 19 7
24785 19 18 4
24786 24 23 5
24787 19 19 5
24788 27 26 6
24789 20 19 7
24790 21 20 6
24791 20 20 6
24792 18 18 4
24793 20 19 5
24794 13 13 5
24795 23 22 6
24796 16 16 4
24797 26 25 5
24798 17 17 5
24799 15 14 4
24800 12 11 5
24801 17 16 6
24802 14 14 4
24803 20 19 5
24804 11 11 5
24805 21 21 7
24806 19 18 4
24807 28 27 9
24808 11 10 4
24809 26 25 5
24810 13 12 4
24811 16 15 5
24812 19 18 6
24813 14 13 7
24814 9 8 4
24815 12 11 5
24816 15 14 6
24817 12 11 5
24818 15 14 6
24819 16 16 6
24820 22 21 5
24821 13 13 5
24822 11 11 5
24823 13 12 4
24824 6 5 4
24825 22 21 7
24826 13 12 6
24827 14 14 6
24828 16 15 5
24829 21 21 7
24830 11 10 6
24831 18 18 4
24832 18 17 5
24833 19 18 6
24834 16 15 5
24835 13 12 6
24836 10 9 5
24837 7 6 5
24838 19 18 6
24839 6 6 6
24840 21 20 8
24841 20 19 5
24842 13 12 6
24843 22 22 6
24844 20 20 6
24845 16 16 6
24846 10 10 4
24847 10 9 5
24848 15 14 6
24849 10 10 4
24850 10 9 5
24851 21 20 6
24852 14 14 6
24853 8 8 4
24854 18 17 5
24855 13 12 4
24856 26 25 7
24857 15 14 6
24858 20 20 6
24859 14 14 4
24860 20 19 5
24861 13 12 6
24862 6 6 6
24863 21 20 6
24864 14 14 6
24865 8 8 8
24866 13 12 4
24867 20 19 5
24868 15 15 7
24869 13 13 5
24870 13 12 4
24871 12 11 5
24872 15 14 4
24873 14 13 7
24874 13 13 5
24875 11 10 6
24876 6 6 6
24877 7 6 5
24878 17 16 6
24879 10 10 6
24880 10 10 6
24881 20 20 8
24882 14 14 6
24883 6 6 6
24884 13 12 4
24885 14 13 5
24886 11 11 5
24887 5 5 5
24888 14 13 7
24889 15 14 6
24890 12 12 4
24891 10 9 5
24892 11 11 5
24893 17 16 6
24894 20 20 6
24895 20 19 7
24896 9 8 4
24897 16 15 5
24898 13 12 6
24899 10 10 4
24900 16 15 5
24901 9 9 5
24902 7 7 7
24903 14 14 6
24904 16 16 6
24905 8 8 4
24906 10 9 5
24907 11 11 5
24908 17 16 8
24909 16 16 6
24910 18 18 6
24911 14 14 6
24912 16 16 6
24913 10 10 4
24914 18 17 5
24915 19 18 6
24916 14 14 6
24917 8 8 4
24918 14 13 5
24919 13 13 5
24920 21 21 7
24921 9 8 4
24922 12 11 5
24923 21 20 8
24924 10 9 5
24925 17 16 6
24926 16 16 4
24927 12 11 5
24928 9 8 4
24929 18 17 5
24930 11 11 5
24931 19 19 5
24932 5 5 5
24933 16 15 5
24934 23 22 8
24935 10 9 5
24936 15 15 5
24937 19 18 8
24938 10 10 6
24939 14 14 4
24940 24 23 5
24941 19 18 4
24942 18 17 5
24943 13 13 5
24944 13 12 4
24945 16 15 7
24946 23 22 8
24947 12 12 6
24948 12 12 4
24949 18 17 5
24950 15 15 5
24951 13 13 5
24952 25 24 8
24953 20 19 7
24954 9 9 5
24955 17 17 7
24956 25 24 8
24957 20 20 4
24958 24 23 7
24959 21 21 7
24960 25 24 6
24961 18 18 6
24962 34 34 6
24963 18 17 5
24964 37 36 8
24965 30 29 5
24966 45 45 9
24967 21 20 4
24968 14 13 5
24969 21 20 6
24970 28 28 6
24971 32 32 6
24972 28 28 8
24973 16 16 6
24974 24 24 4
24975 26 25 7
24976 23 22 4
24977 24 23 5
24978 27 26 4
24979 28 27 7
24980 29 29 7
24981 29 28 6
24982 24 23 5
24983 25 25 7
24984 31 30 6
24985 36 36 4
24986 34 33 7
24987 17 17 5
24988 41 40 8
24989 26 26 6
24990 28 27 7
24991 41 40 10
24992 28 28 6
24993 24 24 8
24994 44 44 12
24995 28 28 6
24996 22 21 7
24997 17 17 5
24998 27 27 5
24999 27 27 5
25000 33 32 8
25001 24 23 5
25002 27 26 8
25003 18 17 5
25004 31 31 5
25005 25 24 6
25006 28 27 7
25007 13 12 4
25008 32 31 9
25009 19 18 6
25010 22 22 6
25011 40 39 5
25012 27 27 7
25013 27 27 7
25014 19 18 6
25015 26 26 4
25016 18 17 5
25017 23 23 7
25018 13 13 5
25019 21 20 4
25020 34 33 9
25021 23 22 6
25022 26 26 8
25023 14 14 6
25024 34 33 7
25025 19 19 7
25026 15 14 6
25027 26 25 7
25028 29 29 7
25029 25 24 6
25030 32 32 8
25031 26 25 9
25032 35 34 6
25033 24 24 4
25034 32 31 9
25035 29 29 7
25036 25 24 6
25037 18 18 6
25038 40 40 10
25039 26 26 10
25040 28 27 5
25041 37 36 8
25042 18 17 5
25043 19 18 4
25044 46 45 5
25045 23 23 5
25046 17 17 7
25047 37 37 7
25048 27 27 5
25049 37 37 11
25050 45 44 14
25051 26 26 6
25052 32 31 7
25053 21 21 7
25054 33 32 12
25055 18 18 6
25056 32 31 9
25057 27 26 6
25058 24 23 5
25059 19 19 7
25060 25 25 5
25061 33 33 11
25062 29 29 13
25063 45 45 13
25064 35 35 11
25065 43 42 14
25066 42 41 7
25067 27 27 9
25068 39 38 10
25069 40 39 15
25070 35 35 7
25071 31 30 10
25072 22 21 7
25073 41 41 11
25074 27 26 4
25075 26 25 5
25076 25 24 6
25077 34 33 5
25078 15 15 5
25079 19 19 5
25080 23 22 6
25081 28 27 5
25082 17 16 4
25083 26 25 7
25084 27 26 6
25085 30 30 6
25086 40 40 8
25087 28 28 6
25088 38 37 9
25089 17 17 5
25090 21 20 8
25091 34 33 11
25092 25 24 8
25093 26 26 4
25094 26 25 7
25095 23 23 5
25096 21 21 5
25097 27 27 7
25098 29 28 10
25099 34 34 12
25100 34 34 10
25101 18 18 8
25102 16 15 9
25103 25 25 5
25104 23 23 5
25105 21 20 6
25106 34 34 10
25107 14 13 5
25108 25 25 5
25109 27 26 6
25110 30 29 7
25111 23 23 5
25112 41 40 8
25113 14 14 6
25114 16 16 6
25115 32 31 9
25116 19 18 6
25117 18 18 8
25118 16 16 6
25119 30 30 6
25120 26 25 7
25121 31 30 8
25122 26 25 5
25123 37 37 7
25124 37 36 8
25125 34 33 5
25126 25 25 5
25127 27 27 7
25128 25 24 6
25129 42 41 9
25130 37 36 12
25131 24 24 4
25132 32 31 7
25133 39 39 7
25134 31 31 9
25135 23 22 6
25136 40 40 8
25137 36 36 10
25138 22 22 6
25139 26 26 6
25140 36 36 6
25141 36 36 6
25142 28 27 5
25143 25 25 5
25144 33 33 9
25145 37 36 6
25146 20 19 5
25147 27 26 8
25148 24 24 6
25149 22 21 5
25150 21 20 6
25151 36 35 5
25152 25 25 7
25153 21 20 6
25154 16 15 5
25155 17 16 4
25156 32 31 7
25157 29 28 8
25158 26 25 5
25159 21 21 5
25160 19 19 5
25161 27 26 4
25162 24 23 5
25163 23 23 5
25164 29 29 5
25165 21 21 5
25166 17 17 5
25167 19 18 4
25168 24 23 5
25169 17 17 5
25170 29 28 6
25171 18 18 6
25172 12 12 4
25173 14 13 5
25174 11 11 5
25175 23 23 5
25176 13 12 4
25177 14 13 5
25178 21 20 6
25179 16 15 5
25180 11 11 5
25181 27 26 6
25182 14 14 6
25183 6 6 6
25184 25 24 8
25185 10 10 6
25186 16 16 4
25187 16 15 5
25188 15 15 5
25189 21 20 6
25190 16 16 4
25191 26 25 9
25192 11 10 4
25193 24 23 5
25194 15 14 6
25195 12 11 5
25196 23 22 4
25197 12 11 5
25198 11 10 4
25199 14 13 5
25200 15 14 6
25201 6 6 6
25202 15 14 4
25203 6 5 4
25204 20 19 5
25205 17 16 6
25206 24 24 6
25207 16 16 4
25208 18 17 7
25209 11 10 4
25210 12 11 5
25211 17 16 6
25212 16 15 5
25213 15 15 7
25214 21 20 8
25215 24 24 4
25216 18 17 5
25217 17 17 5
25218 17 17 5
25219 25 24 6
25220 12 12 4
25221 22 21 5
25222 11 11 5
25223 13 13 5
25224 25 24 4
25225 10 9 5
25226 23 22 6
25227 18 17 7
25228 19 19 5
25229 15 14 6
25230 18 17 7
25231 19 18 6
25232 8 8 4
25233 16 15 5
25234 13 12 6
25235 20 20 6
25236 18 17 5
25237 11 11 5
25238 25 24 10
25239 10 10 4
25240 20 19 7
25241 17 16 6
25242 16 15 7
25243 17 16 8
25244 10 10 6
25245 20 19 5
25246 17 17 5
25247 13 13 5
25248 21 20 8
25249 20 19 7
25250 13 12 4
25251 10 9 5
25252 15 15 7
25253 11 10 4
25254 16 15 5
25255 9 9 5
25256 19 18 8
25257 12 12 4
25258 20 19 7
25259 13 12 4
25260 18 17 5
25261 13 12 6
25262 16 15 7
25263 9 8 4
25264 12 11 5
25265 17 17 7
25266 13 13 5
25267 17 17 7
25268 23 23 5
25269 13 12 4
25270 10 9 5
25271 13 13 5
25272 19 19 5
25273 15 14 6
25274 14 13 5
25275 25 24 6
25276 22 21 5
25277 25 25 5
25278 15 14 6
25279 30 30 8
25280 22 22 6
25281 16 15 5
25282 31 30 8
25283 20 20 4
25284 20 19 5
25285 23 23 5
25286 15 15 5
25287 35 34 6
25288 22 22 6
25289 26 25 5
25290 25 25 5
25291 21 20 4
25292 20 19 5
25293 19 19 7
25294 31 30 6
25295 10 9 5
25296 29 28 6
25297 14 14 4
25298 30 29 5
25299 23 23 5
25300 29 28 6
25301 18 17 5
25302 13 13 5
25303 25 24 6
25304 18 17 5
25305 19 19 5
25306 13 12 4
25307 28 27 7
25308 15 14 4
25309 18 17 5
25310 23 22 6
25311 16 16 4
25312 16 15 5
25313 31 30 6
25314 28 27 5
25315 9 9 5
25316 17 16 6
25317 22 21 5
25318 21 20 6
25319 18 17 7
25320 17 16 6
25321 10 10 6
25322 14 14 4
25323 20 19 5
25324 21 21 7
25325 15 14 4
25326 10 9 5
25327 29 28 6
25328 6 6 6
25329 15 14 6
25330 18 18 6
25331 12 12 4
25332 20 19 5
25333 13 12 4
25334 22 21 5
25335 13 13 5
25336 17 16 4
25337 20 19 5
25338 17 17 5
25339 15 14 6
25340 20 20 4
25341 10 9 5
25342 23 23 5
25343 21 20 6
25344 14 14 4
25345 16 15 5
25346 19 19 5
25347 13 12 4
25348 22 21 5
25349 13 12 6
25350 22 21 5
25351 21 20 6
25352 12 12 4
25353 20 19 5
25354 19 18 4
25355 20 19 5
25356 21 21 7
25357 19 18 4
25358 16 15 5
25359 23 22 6
25360 38 38 6
25361 28 28 8
25362 12 11 5
25363 13 12 4
25364 28 27 5
25365 27 27 7
25366 17 17 5
25367 17 17 5
25368 23 22 4
25369 20 19 5
25370 15 14 4
25371 16 15 5
25372 21 20 6
25373 14 14 4
25374 20 19 5
25375 21 21 5
25376 11 11 5
25377 19 18 4
25378 18 17 7
25379 13 13 5
25380 21 21 5
25381 17 16 6
25382 20 20 6
25383 12 12 4
25384 12 11 5
25385 25 25 5
25386 9 8 4
25387 12 11 5
25388 13 12 4
25389 22 21 5
25390 11 11 5
25391 17 16 6
25392 10 10 4
25393 14 13 5
25394 23 22 6
25395 14 13 5
25396 29 28 6
25397 18 18 6
25398 22 22 6
25399 24 23 7
25400 15 14 4
25401 18 17 5
25402 25 25 5
25403 11 10 6
25404 18 18 6
25405 12 12 4
25406 24 23 5
25407 27 26 6
25408 24 24 6
25409 28 28 6
25410 30 30 6
25411 16 16 4
25412 26 25 7
25413 19 18 4
25414 18 17 5
25415 21 21 7
25416 33 33 9
25417 23 22 4
25418 26 25 7
25419 19 18 4
25420 32 31 7
25421 29 28 4
25422 50 49 11
25423 31 30 6
25424 24 24 6
25425 24 24 6
25426 34 34 8
25427 48 47 7
25428 33 32 6
25429 50 50 8
25430 34 33 5
25431 29 29 7
25432 37 36 6
25433 38 38 10
25434 42 41 7
25435 23 22 6
25436 26 26 6
25437 32 32 8
25438 30 30 8
25439 26 26 6
25440 28 27 5
25441 27 27 5
25442 35 35 11
25443 35 34 8
25444 28 27 7
25445 49 48 12
25446 28 28 8
25447 24 24 6
25448 24 24 8
25449 26 25 7
25450 31 30 8
25451 24 24 8
25452 18 18 4
25453 32 31 7
25454 43 42 10
25455 20 19 5
25456 33 33 9
25457 23 23 5
25458 27 27 11
25459 21 20 6
25460 24 24 6
25461 40 39 7
25462 31 31 7
25463 35 34 10
25464 28 27 7
25465 35 34 10
25466 28 28 6
25467 28 27 7
25468 23 22 6
25469 40 39 11
25470 27 27 7
25471 33 32 10
25472 28 28 6
25473 24 24 6
25474 26 25 7
25475 33 33 9
25476 25 24 4
25477 18 17 5
25478 19 19 5
25479 29 28 8
25480 34 34 6
25481 42 42 6
25482 24 23 7
25483 31 30 6
25484 22 21 5
25485 27 26 6
25486 24 23 7
25487 21 20 6
25488 28 28 10
25489 22 22 6
25490 36 35 7
25491 23 22 8
25492 22 22 6
25493 22 22 4
25494 24 23 7
25495 33 32 10
25496 14 14 4
25497 38 37 11
25498 19 18 6
25499 18 17 5
25500 9 9 5
25501 23 23 9
25502 23 22 4
25503 18 17 5
25504 25 24 6
25505 32 31 7
25506 27 26 6
25507 28 28 6
25508 24 24 6
25509 26 26 8
25510 12 12 4
25511 12 11 5
25512 25 24 6
25513 28 28 10
25514 24 24 4
25515 28 27 7
25516 17 16 4
25517 20 19 5
25518 21 20 6
25519 18 18 6
25520 14 14 4
25521 28 27 7
25522 29 28 8
25523 10 10 4
25524 16 15 5
25525 19 19 5
25526 23 22 6
25527 22 22 6
25528 14 13 5
25529 15 14 4
25530 14 13 7
25531 21 20 4
25532 28 27 7
25533 19 18 4
25534 18 17 7
25535 23 22 6
25536 14 14 6
25537 16 15 5
25538 15 14 6
25539 18 17 5
25540 15 14 6
25541 22 22 6
25542 16 15 5
25543 21 20 6
25544 10 10 4
25545 10 9 5
25546 19 18 6
25547 12 11 5
25548 13 12 6
25549 14 14 6
25550 14 14 4
25551 14 13 7
25552 17 16 6
25553 12 11 5
25554 9 8 4
25555 22 21 7
25556 13 12 6
25557 20 20 4
25558 14 13 7
25559 9 9 5
25560 19 18 6
25561 14 14 4
25562 22 21 5
25563 11 10 4
25564 14 13 5
25565 11 11 5
25566 17 16 6
25567 18 18 6
25568 18 18 6
25569 12 12 6
25570 20 20 4
25571 16 15 5
25572 17 16 6
25573 12 11 5
25574 11 11 5
25575 13 12 6
25576 6 5 4
25577 12 11 5
25578 17 17 7
25579 19 18 4
25580 20 19 5
25581 13 13 5
25582 29 29 5
25583 31 31 7
25584 21 20 4
25585 6 5 4
25586 16 15 5
25587 11 10 6
25588 20 20 8
25589 14 14 6
25590 8 8 4
25591 6 5 4
25592 14 13 5
25593 9 9 5
25594 17 16 6
25595 18 18 6
25596 18 18 4
25597 14 13 5
25598 25 24 6
25599 14 14 6
25600 10 10 4
25601 12 11 5
25602 13 12 6
25603 10 10 6
25604 8 8 4
25605 20 19 5
25606 19 18 6
25607 14 13 5
25608 17 17 5
25609 17 17 7
25610 19 18 6
25611 14 14 6
25612 12 11 5
25613 9 9 5
25614 15 14 4
25615 10 9 5
25616 15 14 6
25617 20 19 5
25618 13 13 5
25619 13 12 6
25620 12 12 4
25621 18 17 7
25622 9 8 4
25623 14 13 7
25624 9 9 5
25625 13 12 4
25626 10 9 5
25627 5 5 5
25628 16 15 7
25629 11 10 4
25630 6 5 4
25631 10 9 5
25632 15 15 7
25633 17 16 4
25634 10 9 5
25635 13 12 6
25636 14 13 5
25637 13 12 4
25638 12 11 5
25639 11 10 4
25640 18 17 7
25641 13 12 6
25642 12 11 5
25643 15 15 5
25644 13 12 6
25645 12 12 4
25646 22 21 7
25647 21 20 6
25648 10 10 6
25649 10 10 4
25650 12 11 5
25651 17 17 5
25652 13 13 5
25653 11 10 4
25654 12 11 5
25655 13 13 7
25656 13 12 4
25657 16 15 5
25658 13 12 6
25659 12 12 4
25660 6 5 4
25661 12 11 5
25662 21 21 5
25663 17 16 8
25664 18 17 5
25665 19 18 6
25666 14 14 6
25667 14 13 5
25668 13 13 5
25669 9 9 5
25670 13 12 6
25671 6 6 6
25672 15 15 5
25673 15 14 6
25674 22 21 5
25675 19 18 8
25676 10 10 4
25677 14 13 5
25678 11 10 4
25679 10 9 5
25680 15 15 5
25681 17 17 7
25682 11 10 4
25683 16 15 5
25684 9 8 4
25685 8 7 6
25686 10 10 4
25687 12 11 5
25688 17 16 8
25689 10 10 4
25690 20 19 5
25691 17 16 4
25692 10 9 5
25693 25 24 6
25694 16 15 5
25695 7 6 5
25696 15 14 6
25697 18 18 6
25698 16 15 5
25699 25 24 4
25700 18 17 5
25701 21 21 5
25702 17 17 5
25703 15 15 5
25704 15 14 6
25705 12 12 4
25706 14 13 5
25707 17 16 4
25708 14 13 5
25709 27 26 6
25710 12 12 4
25711 16 15 7
25712 15 14 4
25713 14 13 5
25714 15 14 6
25715 18 18 6
25716 14 14 6
25717 14 13 5
25718 21 20 8
25719 20 19 5
25720 19 18 6
25721 18 17 7
25722 9 9 5
25723 13 13 5
25724 15 14 4
25725 10 9 5
25726 17 17 7
25727 15 14 4
25728 20 19 5
25729 13 12 6
25730 16 16 4
25731 10 9 5
25732 5 5 5
25733 18 17 5
25734 11 11 5
25735 11 11 5
25736 9 9 5
25737 11 10 6
25738 8 8 4
25739 10 9 5
25740 19 18 6
25741 12 12 6
25742 12 12 4
25743 24 23 5
25744 17 16 8
25745 14 13 5
25746 13 12 4
25747 6 5 4
25748 12 11 5
25749 13 12 6
25750 10 10 4
25751 8 7 6
25752 16 15 5
25753 11 11 5
25754 21 21 7
25755 21 21 5
25756 7 6 5
25757 9 9 5
25758 13 13 5
25759 11 11 5
25760 19 18 4
25761 24 23 5
25762 27 26 6
25763 22 22 6
25764 20 20 4
25765 24 23 5
25766 11 10 4
25767 18 17 5
25768 11 11 5
25769 13 13 5
25770 13 13 5
25771 23 23 7
25772 21 20 4
25773 18 17 7
25774 25 24 6
25775 30 30 4
25776 24 23 5
25777 23 23 5
25778 25 25 5
25779 25 25 5
25780 31 31 5
25781 31 31 5
25782 27 27 5
25783 21 21 5
25784 25 25 7
25785 29 29 5
25786 35 35 7
25787 25 24 4
25788 22 21 5
25789 13 12 6
25790 30 30 8
25791 22 21 5
25792 27 27 5
25793 25 25 5
25794 27 26 8
25795 22 22 6
25796 34 34 8
25797 26 25 7
25798 29 28 4
25799 30 29 7
25800 23 22 4
25801 26 25 7
25802 31 30 8
25803 30 29 11
25804 29 29 7
25805 23 23 5
25806 15 14 6
25807 16 16 6
25808 24 24 8
25809 16 16 6
25810 18 18 4
25811 22 21 5
25812 19 18 6
25813 22 22 6
25814 24 23 5
25815 13 13 5
25816 33 32 6
25817 18 17 5
25818 17 16 4
25819 12 11 5
25820 13 12 6
25821 18 18 6
25822 12 11 5
25823 13 12 4
25824 16 15 5
25825 21 20 6
25826 16 16 4
25827 20 19 7
25828 17 16 6
25829 14 14 6
25830 16 15 5
25831 15 15 7
25832 17 16 4
25833 16 15 5
25834 19 18 4
25835 16 15 5
25836 27 27 7
25837 19 18 6
25838 18 18 4
25839 18 17 5
25840 11 10 4
25841 18 17 5
25842 29 28 6
25843 28 28 4
25844 20 19 5
25845 17 16 4
25846 12 11 5
25847 15 15 5
25848 27 26 6
25849 14 14 4
25850 34 33 7
25851 11 10 4
25852 18 17 5
25853 17 16 4
25854 18 17 5
25855 25 25 5
25856 29 28 4
25857 30 29 5
25858 19 19 7
25859 19 18 6
25860 16 16 4
25861 38 37 7
25862 15 15 5
25863 25 25 7
25864 23 23 5
25865 13 13 5
25866 15 14 6
25867 18 17 7
25868 13 12 4
25869 18 17 5
25870 11 11 5
25871 29 29 7
25872 27 27 5
25873 15 14 6
25874 14 14 6
25875 18 18 4
25876 24 23 5
25877 17 16 4
25878 24 23 5
25879 13 12 6
25880 20 20 6
25881 6 6 6
25882 13 13 5
25883 21 20 6
25884 8 8 4
25885 16 15 7
25886 25 24 8
25887 6 6 6
25888 11 10 4
25889 12 11 5
25890 13 13 5
25891 9 8 4
25892 14 13 7
25893 13 12 4
25894 6 5 4
25895 20 19 5
25896 19 19 5
25897 7 7 7
25898 8 8 4
25899 12 11 5
25900 9 9 5
25901 11 10 6
25902 10 9 5
25903 13 13 7
25904 11 10 4
25905 16 15 5
25906 17 16 6
25907 16 16 6
25908 14 13 5
25909 13 13 5
25910 11 10 4
25911 10 9 5
25912 13 12 6
25913 12 12 4
25914 22 21 9
25915 11 10 6
25916 18 18 6
25917 20 19 5
25918 15 14 4
25919 14 13 5
25920 11 11 5
25921 13 13 5
25922 9 9 5
25923 11 10 4
25924 14 13 5
25925 11 10 4
25926 10 9 5
25927 11 10 6
25928 10 9 5
25929 15 14 6
25930 18 17 5
25931 15 15 5
25932 5 5 5
25933 18 17 7
25934 15 14 4
25935 18 17 5
25936 17 17 7
25937 11 10 4
25938 14 13 5
25939 9 9 5
25940 9 9 5
25941 11 11 5
25942 15 14 6
25943 12 12 8
25944 12 12 6
25945 22 22 8
25946 14 14 4
25947 18 17 7
25948 9 9 5
25949 17 16 6
25950 16 16 4
25951 12 11 5
25952 11 10 6
25953 12 11 5
25954 9 9 5
25955 11 11 5
25956 13 12 6
25957 10 9 5
25958 11 10 6
25959 8 8 4
25960 6 5 4
25961 10 9 5
25962 9 9 5
25963 15 14 6
25964 6 6 6
25965 19 19 7
25966 13 12 6
25967 16 16 4
25968 14 13 5
25969 13 12 6
25970 14 14 4
25971 12 11 5
25972 13 12 8
25973 16 16 6
25974 14 14 4
25975 10 9 5
25976 13 12 4
25977 20 19 5
25978 13 12 6
25979 14 14 6
25980 12 12 4
25981 16 15 5
25982 19 19 5
25983 19 18 6
25984 22 22 4
25985 22 21 5
25986 15 15 5
25987 11 10 4
25988 16 15 5
25989 17 16 6
25990 10 10 4
25991 16 15 5
25992 15 14 4
25993 12 11 5
25994 7 6 5
25995 13 12 4
25996 10 9 5
25997 17 16 6
25998 10 10 6
25999 12 12 4
26000 14 13 5
26001 13 12 6
26002 10 10 4
26003 12 11 5
26004 9 9 5
26005 9 9 5
26006 17 16 6
26007 16 15 5
26008 17 16 4
26009 12 11 5
26010 13 12 4
26011 14 13 5
26012 11 10 6
26013 14 14 8
26014 10 10 4
26015 20 19 5
26016 19 19 7
26017 21 20 4
26018 22 21 5
26019 9 9 5
26020 11 10 4
26021 14 13 7
26022 15 14 4
26023 14 13 5
26024 9 9 5
26025 7 6 5
26026 13 13 5
26027 17 17 5
26028 19 19 5
26029 17 16 4
26030 10 9 5
26031 13 13 5
26032 23 22 6
26033 14 14 6
26034 12 12 4
26035 12 11 5
26036 13 12 4
26037 10 9 5
26038 15 14 6
26039 16 16 6
26040 6 5 4
26041 20 19 7
26042 15 14 6
26043 12 12 4
26044 18 17 5
26045 7 6 5
26046 19 18 6
26047 10 10 6
26048 16 16 6
26049 14 14 4
26050 16 15 5
26051 23 22 6
26052 26 26 4
26053 16 15 5
26054 15 14 6
26055 18 18 6
26056 30 30 4
26057 16 15 5
26058 21 20 6
26059 10 10 4
26060 18 17 7
26061 27 26 6
26062 22 22 4
26063 20 19 5
26064 13 12 4
26065 24 23 5
26066 15 15 5
26067 17 16 4
26068 26 25 7
26069 15 14 4
26070 26 25 5
26071 23 23 9
26072 25 24 4
26073 34 33 7
26074 35 34 8
26075 20 20 4
26076 28 27 5
26077 37 36 6
26078 24 24 6
26079 24 24 4
26080 24 23 5
26081 31 31 7
26082 23 22 6
26083 24 24 6
26084 30 29 7
26085 17 16 4
26086 26 25 7
26087 21 20 6
26088 20 20 8
26089 16 16 6
26090 26 25 5
26091 33 33 5
26092 19 19 5
26093 29 28 6
26094 22 21 7
26095 23 23 9
26096 29 28 8
26097 26 26 10
26098 34 33 5
26099 17 16 4
26100 30 29 9
26101 21 20 4
26102 22 21 5
26103 17 17 5
26104 35 34 10
26105 18 18 6
26106 32 32 12
26107 32 32 6
26108 24 23 5
26109 31 31 7
26110 31 31 7
26111 35 34 8
26112 36 36 8
26113 16 15 5
26114 27 27 7
26115 27 26 6
26116 22 22 6
26117 24 23 9
26118 33 32 6
26119 38 37 11
26120 17 16 6
26121 44 44 12
26122 34 33 9
26123 23 22 6
26124 30 29 9
26125 39 39 11
26126 15 15 5
26127 39 38 12
26128 22 21 5
26129 33 32 8
26130 18 18 4
26131 20 19 7
26132 31 31 7
26133 29 28 6
26134 26 26 8
26135 28 27 7
26136 25 25 11
26137 23 22 8
26138 46 45 9
26139 29 28 6
26140 38 37 9
26141 15 15 5
26142 17 17 7
26143 27 26 6
26144 20 20 6
26145 20 20 6
26146 24 24 8
26147 34 33 7
26148 27 26 6
26149 20 20 8
26150 30 30 8
26151 38 37 9
26152 37 36 8
26153 14 14 6
26154 26 26 8
26155 30 30 10
26156 22 22 6
26157 22 22 6
26158 16 16 4
26159 26 25 11
26160 17 16 4
26161 26 25 7
26162 15 15 5
26163 27 26 6
26164 12 12 4
26165 18 17 5
26166 11 11 5
26167 29 28 8
26168 18 17 7
26169 17 17 5
26170 15 15 7
26171 15 15 5
26172 21 21 7
26173 25 25 7
26174 17 16 6
26175 10 10 4
26176 18 17 5
26177 19 19 5
26178 21 21 7
26179 21 21 7
26180 15 15 5
26181 27 26 6
26182 14 14 6
26183 22 21 5
26184 13 12 4
26185 18 17 5
26186 19 18 6
26187 12 12 4
26188 22 21 7
26189 15 14 6
26190 22 22 6
26191 22 21 7
26192 17 16 6
26193 16 16 6
26194 18 18 6
26195 10 10 4
26196 18 17 5
26197 11 10 4
26198 18 17 7
26199 17 16 6
26200 16 16 6
26201 14 13 5
26202 15 14 4
26203 24 23 5
26204 27 27 5
26205 25 24 6
26206 26 26 8
26207 16 16 4
26208 22 21 7
26209 15 14 4
26210 14 13 5
26211 15 15 7
26212 15 14 6
26213 22 22 6
26214 24 24 6
26215 20 20 4
26216 16 15 5
26217 15 15 5
26218 37 36 6
26219 18 17 5
26220 17 17 5
26221 25 24 4
26222 16 15 5
26223 21 20 10
26224 16 16 6
26225 24 24 6
26226 22 21 7
26227 21 20 6
26228 26 26 8
26229 18 18 6
26230 20 20 6
26231 10 10 4
26232 12 11 5
26233 25 24 8
26234 14 13 5
26235 21 20 8
26236 16 15 5
26237 9 8 4
26238 18 17 5
26239 7 6 5
26240 11 10 4
26241 24 23 7
26242 29 28 6
26243 12 11 5
26244 9 8 4
26245 14 13 5
26246 11 11 5
26247 21 21 5
26248 15 14 6
26249 12 12 6
26250 14 14 6
26251 16 16 6
26252 14 14 6
26253 8 8 4
26254 12 11 5
26255 25 25 7
26256 29 28 6
26257 16 15 5
26258 17 16 6
26259 24 24 8
26260 8 8 4
26261 14 13 5
26262 19 18 6
26263 18 18 4
26264 14 13 5
26265 15 15 7
26266 15 14 4
26267 22 21 5
26268 13 13 5
26269 11 10 6
26270 10 10 4
26271 16 15 5
26272 17 16 6
26273 12 12 4
26274 12 11 7
26275 19 18 6
26276 14 14 4
26277 24 23 7
26278 13 12 4
26279 12 11 5
26280 15 14 6
26281 18 18 6
26282 18 18 6
26283 14 14 6
26284 24 23 5
26285 7 7 7
26286 18 18 4
26287 12 11 5
26288 23 22 6
26289 14 14 4
26290 22 21 7
26291 17 16 4
26292 18 17 5
26293 23 23 5
26294 17 17 5
26295 15 14 6
26296 26 26 8
26297 14 14 4
26298 26 25 7
26299 19 18 4
26300 14 13 7
26301 15 14 4
26302 14 13 5
26303 11 10 6
26304 20 19 5
26305 15 15 5
26306 11 11 5
26307 25 24 8
26308 18 18 4
26309 14 13 5
26310 21 20 6
26311 26 25 9
26312 19 18 4
26313 18 17 7
26314 7 6 5
26315 15 14 6
26316 14 13 5
26317 13 12 6
26318 10 9 5
26319 19 18 8
26320 18 18 4
26321 16 15 5
26322 21 20 6
26323 12 11 5
26324 15 14 6
26325 12 12 6
26326 10 10 4
26327 10 9 5
26328 7 7 7
26329 14 14 6
26330 18 18 6
26331 14 14 6
26332 6 5 4
26333 10 9 5
26334 11 11 5
26335 9 8 4
26336 10 9 5
26337 15 15 5
26338 13 13 5
26339 17 17 5
26340 11 10 4
26341 12 11 7
26342 15 14 4
26343 18 17 7
26344 9 8 4
26345 14 13 5
26346 19 19 5
26347 13 12 6
26348 14 14 6
26349 8 8 4
26350 14 13 7
26351 11 10 4
26352 20 19 7
26353 9 9 5
26354 19 18 4
26355 14 13 5
26356 19 19 5
26357 9 9 5
26358 21 20 4
26359 20 19 7
26360 21 20 6
26361 12 12 6
26362 22 21 5
26363 17 16 8
26364 26 26 6
26365 16 15 5
26366 13 12 6
26367 24 23 5
26368 15 15 5
26369 27 26 8
26370 18 18 4
26371 34 33 7
26372 19 19 5
26373 17 16 6
26374 22 21 7
26375 15 15 7
26376 21 21 5
26377 15 15 5
26378 17 16 4
26379 24 23 5
26380 41 40 6
26381 18 17 5
26382 17 16 4
26383 18 17 5
26384 25 24 6
26385 20 20 6
26386 12 11 5
26387 23 22 4
26388 28 27 7
26389 13 12 6
26390 30 29 9
26391 31 30 12
26392 30 30 8
26393 22 21 5
26394 59 58 10
26395 18 17 5
26396 31 30 8
26397 22 21 5
26398 27 27 7
26399 19 19 5
26400 23 23 7
26401 37 36 8
26402 18 17 5
26403 33 32 6
26404 30 30 6
26405 26 25 7
26406 21 21 5
26407 33 33 9
26408 41 41 9
26409 29 28 6
26410 26 26 10
26411 24 24 6
26412 18 17 5
26413 49 49 11
26414 23 23 5
26415 21 20 6
26416 30 30 8
26417 20 20 8
26418 22 21 7
26419 23 23 9
26420 25 25 9
26421 23 22 8
26422 26 26 4
26423 14 13 7
26424 23 22 6
26425 14 14 4
26426 18 17 5
26427 13 13 5
26428 19 19 7
26429 11 10 4
26430 14 13 5
26431 21 20 6
26432 14 13 5
26433 11 10 6
26434 22 22 6
26435 8 8 4
26436 16 15 5
26437 19 18 6
26438 18 17 5
26439 23 22 6
26440 18 18 4
26441 18 17 5
26442 11 10 6
26443 8 8 4
26444 18 17 5
26445 9 8 4
26446 18 17 5
26447 11 10 4
26448 26 25 5
26449 11 11 7
26450 17 16 4
26451 14 13 5
26452 17 16 8
26453 12 12 4
26454 18 17 5
26455 11 11 5
26456 15 15 5
26457 11 10 4
26458 16 15 5
26459 15 14 4
26460 16 15 5
26461 21 20 6
26462 20 19 5
26463 23 23 5
26464 15 14 4
26465 16 15 5
26466 17 16 6
26467 22 21 5
26468 13 13 7
26469 11 10 6
26470 12 11 5
26471 11 11 5
26472 19 18 4
26473 12 11 5
26474 11 10 4
26475 14 13 5
26476 31 30 6
26477 24 24 4
26478 20 19 7
26479 27 26 4
26480 18 17 5
26481 23 22 6
26482 16 16 6
26483 14 14 4
26484 20 19 5
26485 13 13 5
26486 19 18 6
26487 16 16 4
26488 16 15 5
26489 23 22 6
26490 26 25 5
26491 17 16 4
26492 28 27 7
26493 23 22 6
26494 18 18 6
26495 26 25 7
26496 35 35 7
26497 21 21 9
26498 27 26 6
26499 14 14 6
26500 26 26 6
26501 28 27 7
26502 27 26 8
26503 18 18 4
26504 24 23 5
26505 21 21 5
26506 23 23 5
26507 15 14 6
26508 14 14 4
26509 18 17 5
26510 17 16 6
26511 14 14 6
26512 22 22 8
26513 26 26 8
26514 14 14 6
26515 18 18 6
26516 6 6 6
26517 19 18 6
26518 22 22 6
26519 14 13 5
26520 17 17 5
26521 11 11 5
26522 13 13 5
26523 15 14 6
26524 16 16 6
26525 8 8 4
26526 16 15 5
26527 11 10 4
26528 14 13 5
26529 23 23 7
26530 15 14 4
26531 14 13 5
26532 9 9 5
26533 9 9 5
26534 17 16 6
26535 8 8 4
26536 10 9 5
26537 11 10 4
26538 20 19 5
26539 9 9 5
26540 11 10 4
26541 10 9 5
26542 13 12 4
26543 12 11 7
26544 13 12 6
26545 10 10 6
26546 12 12 4
26547 20 19 7
26548 11 10 4
26549 10 9 5
26550 21 20 8
26551 20 20 4
26552 12 11 5
26553 21 20 4
26554 8 7 6
26555 22 22 4
26556 14 13 5
26557 15 14 6
26558 10 10 4
26559 20 19 5
26560 5 5 5
26561 12 11 5
26562 15 15 5
26563 25 24 6
26564 16 16 4
26565 6 5 4
26566 10 9 5
26567 13 12 4
26568 6 5 4
26569 14 13 5
26570 17 17 5
26571 15 15 5
26572 21 20 6
26573 6 6 6
26574 13 12 6
26575 6 6 6
26576 13 12 6
26577 10 10 6
26578 10 10 6
26579 10 10 4
26580 10 9 5
26581 29 28 8
26582 14 14 6
26583 14 14 4
26584 12 11 5
26585 21 21 9
26586 13 12 6
26587 8 8 4
26588 10 9 5
26589 11 10 4
26590 8 7 6
26591 12 12 4
26592 16 15 5
26593 11 11 5
26594 15 15 5
26595 9 8 4
26596 12 11 5
26597 11 11 5
26598 19 19 5
26599 11 11 5
26600 9 9 5
26601 11 10 6
26602 10 10 4
26603 20 19 5
26604 27 27 5
26605 17 17 5
26606 13 12 4
26607 6 5 4
26608 18 17 5
26609 15 14 4
26610 14 13 5
26611 19 18 6
26612 10 9 5
26613 11 10 4
26614 14 13 5
26615 13 12 6
26616 16 16 6
26617 10 10 6
26618 12 12 4
26619 16 15 5
26620 13 13 5
26621 29 28 6
26622 24 23 5
26623 13 13 5
26624 9 8 4
26625 12 11 5
26626 7 6 5
26627 19 19 5
26628 21 21 5
26629 13 13 5
26630 21 20 8
26631 10 10 4
26632 20 19 5
26633 19 19 7
26634 23 22 6
26635 18 18 6
26636 14 14 6
26637 16 16 6
26638 26 26 6
26639 14 13 5
26640 21 20 4
26641 10 9 5
26642 15 15 5
26643 19 18 6
26644 10 10 4
26645 12 11 5
26646 11 10 6
26647 12 12 6
26648 20 20 4
26649 16 15 5
26650 17 16 6
26651 10 9 5
26652 19 18 6
26653 10 9 5
26654 15 15 5
26655 13 13 5
26656 19 18 6
26657 12 12 4
26658 12 11 5
26659 21 21 7
26660 19 18 6
26661 8 8 4
26662 24 23 7
26663 21 20 6
26664 22 22 4
26665 22 21 5
26666 19 19 5
26667 19 18 6
26668 26 26 4
26669 20 19 5
26670 13 13 5
26671 23 22 6
26672 20 20 4
26673 34 33 7
26674 31 30 6
26675 12 11 5
26676 17 16 4
26677 16 15 5
26678 25 24 6
26679 28 27 7
26680 37 36 6
26681 28 28 4
26682 20 19 5
26683 31 30 6
26684 10 10 4
26685 32 31 9
26686 15 14 6
26687 32 31 7
26688 23 22 6
26689 38 37 9
26690 45 44 8
26691 26 26 6
26692 38 37 11
26693 31 30 8
26694 42 41 9
26695 33 32 8
26696 48 48 8
26697 36 35 5
26698 47 47 13
26699 41 40 12
26700 46 46 8
26701 40 40 10
26702 30 29 11
26703 39 39 13
26704 25 25 7
26705 21 20 6
26706 26 25 7
26707 41 40 8
26708 36 36 6
26709 24 23 5
26710 37 37 5
26711 35 35 5
26712 47 47 7
26713 29 28 8
26714 20 20 8
26715 26 26 6
26716 30 30 6
26717 20 19 5
26718 41 40 8
26719 30 29 9
26720 33 32 10
26721 40 40 14
26722 18 18 6
26723 28 27 7
26724 25 25 5
26725 29 28 4
26726 40 39 11
26727 37 36 8
26728 46 45 11
26729 23 23 9
26730 25 24 8
26731 36 36 6
26732 30 29 7
26733 37 36 8
26734 32 31 7
26735 47 47 9
26736 27 27 7
26737 21 20 6
26738 26 26 8
26739 18 18 6
26740 24 24 6
26741 32 32 8
26742 32 32 6
26743 48 48 8
26744 26 25 7
26745 27 26 6
26746 40 39 7
26747 27 27 7
26748 35 35 13
26749 31 30 6
26750 18 17 5
26751 23 22 6
26752 32 32 6
26753 32 31 7
26754 31 31 11
26755 25 24 6
26756 26 25 7
26757 19 18 4
26758 22 21 5
26759 25 25 7
26760 23 22 6
26761 18 18 4
26762 22 21 7
26763 25 25 7
26764 23 22 6
26765 20 19 7
26766 17 17 5
26767 27 26 8
26768 14 14 4
26769 34 33 7
26770 19 18 4
26771 20 19 5
26772 13 13 5
26773 27 26 6
26774 16 16 6
26775 12 12 6
26776 30 30 4
26777 12 11 5
26778 21 21 5
26779 15 15 5
26780 19 19 5
26781 23 22 6
26782 10 9 5
26783 11 11 5
26784 15 14 4
26785 22 21 7
26786 13 12 4
26787 14 13 5
26788 23 22 6
26789 20 19 7
26790 15 14 6
26791 10 10 4
26792 12 11 5
26793 11 11 5
26794 19 18 6
26795 16 16 6
26796 16 16 6
26797 14 14 6
26798 16 16 6
26799 18 18 6
26800 16 16 4
26801 16 15 5
26802 13 13 7
26803 7 6 5
26804 13 12 6
26805 6 6 6
26806 17 16 4
26807 6 5 4
26808 16 15 5
26809 11 10 4
26810 16 15 7
26811 13 12 4
26812 16 15 5
26813 13 12 4
26814 12 11 5
26815 21 20 6
26816 18 17 5
26817 13 13 7
26818 11 10 6
26819 12 12 6
26820 14 14 4
26821 16 15 5
26822 17 17 5
26823 13 12 6
26824 10 9 5
26825 23 23 5
26826 19 18 4
26827 18 17 5
26828 17 17 5
26829 17 16 6
26830 12 12 4
26831 14 13 5
26832 19 18 4
26833 20 19 7
26834 21 20 4
26835 16 15 5
26836 9 8 4
26837 14 13 5
26838 17 17 5
26839 35 34 6
26840 28 27 5
26841 17 17 5
26842 23 22 6
26843 10 9 5
26844 19 18 6
26845 16 16 4
26846 28 27 7
26847 15 15 5
26848 23 22 4
26849 26 25 5
26850 27 26 6
26851 26 25 7
26852 17 16 4
26853 20 19 5
26854 27 26 6
26855 30 30 8
26856 26 25 5
26857 27 27 5
26858 19 19 5
26859 21 20 6
26860 26 26 6
26861 22 21 5
26862 21 20 6
26863 32 31 5
26864 11 11 5
26865 23 22 6
26866 24 24 6
26867 16 16 4
26868 28 27 7
26869 25 24 6
26870 20 20 6
26871 22 21 7
26872 21 20 6
26873 16 16 6
26874 24 24 4
26875 22 21 7
26876 13 12 4
26877 26 25 7
26878 17 17 5
26879 17 16 6
26880 12 11 5
26881 17 16 4
26882 18 17 7
26883 9 9 5
26884 17 17 5
26885 13 12 6
26886 24 24 8
26887 26 26 6
26888 10 9 5
26889 11 11 5
26890 21 20 6
26891 8 8 8
26892 11 10 4
26893 14 13 5
26894 15 15 5
26895 19 19 5
26896 15 15 7
26897 9 8 4
26898 12 11 5
26899 11 10 6
26900 6 6 6
26901 7 6 5
26902 13 12 6
26903 16 15 5
26904 17 17 7
26905 17 17 5
26906 27 26 6
26907 14 13 5
26908 13 13 5
26909 17 16 6
26910 8 8 4
26911 10 9 5
26912 5 5 5
26913 18 17 5
26914 7 6 5
26915 21 20 8
26916 14 14 6
26917 14 14 4
26918 16 15 7
26919 7 6 5
26920 9 8 4
26921 12 11 7
26922 7 6 5
26923 9 8 4
26924 16 15 5
26925 9 8 4
26926 14 13 5
26927 19 19 7
26928 13 13 5
26929 11 11 5
26930 15 15 7
26931 11 10 4
26932 10 9 5
26933 9 9 5
26934 7 7 7
26935 10 10 4
26936 14 13 7
26937 11 10 4
26938 10 9 5
26939 13 12 6
26940 14 13 7
26941 15 14 6
26942 12 11 5
26943 9 9 5
26944 17 16 6
26945 14 14 4
26946 16 15 5
26947 15 14 4
26948 20 19 5
26949 11 11 5
26950 17 16 4
26951 14 13 7
26952 11 10 4
26953 12 11 5
26954 15 14 6
26955 10 9 5
26956 11 10 6
26957 8 7 6
26958 12 12 4
26959 6 5 4
26960 12 11 5
26961 15 15 7
26962 9 8 4
26963 12 11 5
26964 11 10 6
26965 16 15 5
26966 11 11 5
26967 15 14 4
26968 10 9 5
26969 13 12 6
26970 18 17 5
26971 17 17 5
26972 13 13 5
26973 25 24 6
26974 16 15 5
26975 9 8 4
26976 12 11 5
26977 25 24 6
26978 18 18 6
26979 20 19 7
26980 19 18 6
26981 12 11 5
26982 19 18 4
26983 16 15 5
26984 15 14 6
26985 8 8 4
26986 20 19 7
26987 13 12 4
26988 10 9 5
26989 9 8 4
26990 16 15 5
26991 15 14 6
26992 6 6 6
26993 13 12 4
26994 12 11 7
26995 13 12 4
26996 18 17 7
26997 11 11 5
26998 13 13 5
26999 15 15 7
27000 11 10 6
27001 10 10 6
27002 12 11 5
27003 11 10 4
27004 14 13 5
27005 15 15 7
27006 11 10 4
27007 10 9 5
27008 11 11 5
27009 19 18 6
27010 12 11 5
27011 5 5 5
27012 10 9 5
27013 13 12 6
27014 10 9 5
27015 13 12 6
27016 10 10 6
27017 18 18 6
27018 14 13 5
27019 11 10 4
27020 10 9 5
27021 15 15 5
27022 13 12 4
27023 18 17 5
27024 23 23 5
27025 9 9 5
27026 9 9 5
27027 13 12 6
27028 8 8 4
27029 20 19 7
27030 11 10 6
27031 10 9 5
27032 13 12 6
27033 10 10 4
27034 14 13 5
27035 11 10 4
27036 14 13 5
27037 9 8 4
27038 16 15 7
27039 19 19 5
27040 11 11 5
27041 9 9 5
27042 13 12 6
27043 14 13 5
27044 15 15 5
27045 13 12 6
27046 6 6 6
27047 11 10 6
27048 14 13 5
27049 5 5 5
27050 10 9 5
27051 17 16 8
27052 14 14 4
27053 14 13 5
27054 15 15 7
27055 9 8 4
27056 14 13 5
27057 17 16 4
27058 12 11 5
27059 9 8 4
27060 12 11 5
27061 11 10 4
27062 12 11 5
27063 13 12 4
27064 10 9 5
27065 13 12 4
27066 12 11 7
27067 17 16 4
27068 18 17 7
27069 15 14 6
27070 12 12 6
27071 12 12 6
27072 12 12 4
27073 10 9 5
27074 11 11 5
27075 13 13 5
27076 9 8 4
27077 16 15 7
27078 17 17 5
27079 11 10 4
27080 22 21 5
27081 9 8 4
27082 16 15 7
27083 21 21 5
27084 11 11 5
27085 11 11 5
27086 15 14 6
27087 8 8 4
27088 14 13 7
27089 13 12 6
27090 10 10 6
27091 8 8 4
27092 16 15 7
27093 9 8 4
27094 16 15 7
27095 9 8 4
27096 12 11 5
27097 7 6 5
27098 17 17 5
27099 13 12 6
27100 18 18 6
27101 10 10 4
27102 10 9 5
27103 19 18 4
27104 16 15 5
27105 15 14 6
27106 10 10 4
27107 10 9 5
27108 7 6 5
27109 9 8 4
27110 18 17 7
27111 13 12 4
27112 10 9 5
27113 19 18 4
27114 14 13 5
27115 9 8 4
27116 12 11 5
27117 9 8 4
27118 12 11 5
27119 11 11 5
27120 9 8 4
27121 22 21 5
27122 15 14 4
27123 10 9 5
27124 21 20 6
27125 10 9 5
27126 9 8 4
27127 18 17 5
27128 17 17 5
27129 17 17 5
27130 13 12 4
27131 16 15 5
27132 27 27 5
27133 19 18 6
27134 22 22 4
27135 22 21 5
27136 19 19 5
27137 11 10 6
27138 20 20 6
27139 20 20 4
27140 18 17 5
27141 11 10 4
27142 18 17 5
27143 17 17 5
27144 23 23 5
27145 15 15 5
27146 15 14 6
27147 18 18 6
27148 14 13 5
27149 11 10 6
27150 12 12 4
27151 16 15 5
27152 21 20 4
27153 12 11 5
27154 15 14 6
27155 20 20 4
27156 26 25 7
27157 23 22 6
27158 18 18 6
27159 22 22 6
27160 20 19 5
27161 19 19 7
27162 21 20 6
27163 24 23 5
27164 21 20 4
27165 22 21 7
27166 23 22 6
27167 16 15 5
27168 17 16 6
27169 24 24 4
27170 18 17 5
27171 17 17 5
27172 19 19 5
27173 15 15 5
27174 11 11 5
27175 19 18 6
27176 18 18 8
27177 12 12 4
27178 20 19 5
27179 19 18 4
27180 24 23 7
27181 13 13 5
27182 13 12 4
27183 16 15 7
27184 11 10 4
27185 18 17 5
27186 17 17 5
27187 21 21 5
27188 17 17 5
27189 13 13 5
27190 17 17 5
27191 11 11 5
27192 13 12 6
27193 18 18 6
27194 12 12 6
27195 14 14 4
27196 12 11 5
27197 21 20 6
27198 6 5 4
27199 6 5 4
27200 22 21 9
27201 11 11 5
27202 23 23 7
27203 15 15 5
27204 15 14 6
27205 14 13 5
27206 17 17 5
27207 15 15 5
27208 19 18 4
27209 12 11 7
27210 13 12 6
27211 12 12 4
27212 12 11 5
27213 17 16 6
27214 12 12 6
27215 18 17 7
27216 15 15 5
27217 13 12 6
27218 10 10 6
27219 10 9 5
27220 7 6 5
27221 7 6 5
27222 9 9 5
27223 19 18 8
27224 8 8 4
27225 10 9 5
27226 9 8 4
27227 14 13 5
27228 13 12 6
27229 6 6 6
27230 13 13 5
27231 17 17 5
27232 17 17 7
27233 17 17 5
27234 19 18 6
27235 12 12 4
27236 6 5 4
27237 12 11 7
27238 11 11 5
27239 13 12 6
27240 18 18 6
27241 18 18 6
27242 22 22 6
27243 16 16 4
27244 28 27 5
27245 15 14 4
27246 16 15 7
27247 11 10 4
27248 8 7 6
27249 18 18 8
27250 20 20 6
27251 20 20 6
27252 12 11 5
27253 13 12 6
27254 12 12 6
27255 28 28 6
27256 16 16 4
27257 14 13 5
27258 21 20 6
27259 18 18 4
27260 26 25 5
27261 21 21 5
27262 23 23 5
27263 25 25 7
27264 21 20 4
27265 34 33 9
27266 33 32 6
27267 32 32 6
27268 50 50 10
27269 42 41 9
27270 37 37 7
27271 49 48 6
27272 50 49 9
27273 47 47 9
27274 49 49 11
27275 29 29 7
27276 51 51 11
27277 49 48 8
27278 46 45 11
27279 51 50 12
27280 60 60 14
27281 34 34 6
27282 22 21 7
27283 25 24 6
27284 40 39 9
27285 29 28 4
27286 40 39 7
27287 25 24 6
27288 20 19 5
27289 11 10 4
27290 36 35 7
27291 19 18 4
27292 38 37 5
27293 21 21 5
27294 25 25 5
27295 39 39 9
27296 31 30 6
27297 30 29 5
27298 31 31 7
27299 43 42 10
27300 24 24 4
27301 28 27 7
27302 25 25 5
27303 27 27 7
27304 31 30 8
27305 28 28 6
27306 30 30 8
27307 14 14 4
27308 18 17 5
27309 25 24 6
27310 32 31 7
27311 25 25 5
27312 33 32 6
27313 24 23 5
27314 23 23 7
27315 17 17 5
27316 25 25 7
27317 31 31 7
27318 19 18 6
27319 34 33 9
27320 33 32 4
27321 20 19 5
27322 27 27 5
27323 11 11 5
27324 21 21 5
27325 21 21 5
27326 15 14 6
27327 22 22 6
27328 16 16 4
27329 22 21 5
27330 17 17 7
27331 31 30 8
27332 16 16 4
27333 18 17 5
27334 15 14 4
27335 20 19 5
27336 17 17 5
27337 19 18 6
27338 24 24 4
27339 28 27 7
27340 17 17 5
27341 17 17 5
27342 19 18 6
27343 22 22 6
27344 26 25 5
27345 17 17 5
27346 13 12 4
27347 16 15 5
27348 21 21 5
27349 23 22 4
27350 14 13 5
27351 29 28 6
27352 18 18 6
27353 28 28 4
27354 24 23 5
27355 29 29 5
27356 15 14 4
27357 22 21 7
27358 21 20 6
27359 10 10 4
27360 26 25 5
27361 17 17 5
27362 23 23 5
27363 13 13 5
27364 15 14 4
27365 18 17 5
27366 21 20 6
27367 12 12 6
27368 12 12 4
27369 18 17 5
27370 23 23 5
27371 15 14 4
27372 18 17 5
27373 19 19 5
27374 21 20 6
27375 18 17 5
27376 21 20 6
27377 16 16 6
27378 10 9 5
27379 17 16 4
27380 10 9 5
27381 17 16 6
27382 12 11 5
27383 17 16 4
27384 18 17 5
27385 15 14 4
27386 12 11 5
27387 13 12 6
27388 20 20 6
27389 18 18 6
27390 18 18 4
27391 14 13 5
27392 19 19 5
27393 17 17 5
27394 11 10 6
27395 22 21 5
27396 9 9 5
27397 17 16 4
27398 14 13 5
27399 9 9 5
27400 7 6 5
27401 15 14 6
27402 14 14 6
27403 8 8 4
27404 16 15 5
27405 15 15 5
27406 11 10 4
27407 22 21 7
27408 25 24 6
27409 16 16 4
27410 10 9 5
27411 11 10 4
27412 14 13 5
27413 21 20 6
27414 14 14 6
27415 16 16 4
27416 18 17 7
27417 21 21 5
27418 17 17 5
27419 15 14 6
27420 14 14 4
27421 12 11 5
27422 13 12 6
27423 16 16 4
27424 16 15 5
27425 13 12 4
27426 14 13 5
27427 11 10 6
27428 20 20 6
27429 10 10 4
27430 20 19 7
27431 15 14 4
27432 14 13 5
27433 17 16 4
27434 16 15 5
27435 9 9 5
27436 13 12 4
27437 12 11 5
27438 7 6 5
27439 15 14 4
27440 20 19 5
27441 11 10 4
27442 30 29 7
27443 9 8 4
27444 16 15 5
27445 11 11 5
27446 13 12 6
27447 20 20 6
27448 14 14 6
27449 16 15 5
27450 13 13 5
27451 21 20 6
27452 10 9 5
27453 15 14 4
27454 14 13 7
27455 13 12 4
27456 12 11 7
27457 19 18 6
27458 16 16 4
27459 20 19 5
27460 15 14 6
27461 20 19 5
27462 15 15 7
27463 11 10 4
27464 10 9 5
27465 19 18 8
27466 14 14 4
27467 10 9 5
27468 13 13 5
27469 13 12 4
27470 12 11 5
27471 13 12 4
27472 14 13 7
27473 11 10 4
27474 22 21 5
27475 11 10 4
27476 14 13 5
27477 15 15 7
27478 15 14 4
27479 14 13 5
27480 11 10 4
27481 6 5 4
27482 14 13 5
27483 19 18 6
27484 16 16 6
27485 14 14 6
27486 12 12 4
27487 20 19 5
27488 11 11 5
27489 13 12 4
27490 10 9 5
27491 13 12 4
27492 20 19 5
27493 9 9 5
27494 17 16 6
27495 8 8 4
27496 8 7 6
27497 10 10 4
27498 14 13 5
27499 13 12 4
27500 16 15 5
27501 17 17 5
27502 9 9 5
27503 11 10 6
27504 6 6 6
27505 21 20 8
27506 10 10 4
27507 12 11 5
27508 9 9 5
27509 11 10 6
27510 10 10 4
27511 12 11 5
27512 15 14 4
27513 12 11 5
27514 11 10 6
27515 16 15 5
27516 23 22 6
27517 22 22 8
27518 12 12 6
27519 18 18 6
27520 12 12 4
27521 12 11 5
27522 15 14 6
27523 16 15 5
27524 11 10 4
27525 12 11 5
27526 27 26 6
27527 10 10 4
27528 16 15 5
27529 15 14 6
27530 8 8 4
27531 14 13 5
27532 9 8 4
27533 26 25 7
27534 19 18 4
27535 10 9 5
27536 21 20 6
27537 16 16 4
27538 18 17 5
27539 17 16 6
27540 22 21 5
27541 29 29 7
27542 15 14 4
27543 20 19 5
27544 13 13 5
27545 17 16 6
27546 20 20 4
27547 30 29 5
27548 9 9 5
27549 17 17 5
27550 17 16 6
27551 10 10 6
27552 14 14 4
27553 20 19 7
27554 35 34 8
27555 22 21 5
27556 29 28 4
27557 16 15 5
27558 19 19 5
27559 25 25 5
27560 27 27 5
27561 29 28 6
27562 34 33 7
27563 13 12 4
27564 22 21 5
27565 29 28 6
27566 24 23 5
27567 17 17 5
27568 23 22 6
27569 24 24 6
27570 32 32 6
27571 44 43 7
27572 23 22 6
27573 34 33 7
27574 29 28 6
27575 18 18 4
27576 34 33 9
27577 23 22 6
27578 28 28 8
27579 42 42 10
27580 40 40 8
27581 38 37 9
27582 21 20 4
27583 38 37 7
27584 25 25 5
27585 23 22 6
27586 32 32 6
27587 30 29 7
27588 31 30 6
27589 30 29 9
27590 31 30 4
27591 26 25 9
27592 23 22 6
27593 26 26 8
27594 32 32 4
27595 34 33 9
27596 31 30 4
27597 26 25 7
27598 15 14 4
27599 38 37 7
27600 25 24 6
27601 22 21 5
27602 21 21 5
27603 29 28 6
27604 30 30 8
27605 28 27 7
27606 25 24 6
27607 44 43 9
27608 27 26 6
27609 24 23 5
27610 27 27 9
27611 21 20 6
27612 44 44 8
27613 38 38 10
27614 28 28 4
27615 54 53 11
27616 27 26 8
27617 22 21 9
27618 37 37 13
27619 41 40 6
27620 36 35 9
27621 31 30 8
27622 20 20 4
27623 26 25 5
27624 19 19 7
27625 33 33 9
27626 35 34 4
27627 40 39 13
27628 37 36 6
27629 34 33 5
27630 29 29 7
27631 35 34 8
27632 28 28 6
27633 24 23 5
27634 35 35 9
27635 33 32 6
27636 28 27 5
27637 39 38 10
27638 26 25 5
27639 27 27 5
27640 33 33 5
27641 31 31 9
27642 31 31 5
27643 27 27 9
27644 29 28 6
27645 36 36 8
27646 34 33 7
27647 27 26 6
27648 42 41 15
27649 45 44 16
27650 26 25 9
27651 33 32 10
27652 20 20 4
27653 38 37 5
27654 23 23 5
27655 47 47 11
27656 23 22 8
27657 16 15 5
27658 37 37 11
27659 23 22 4
27660 20 19 5
27661 25 24 4
27662 34 33 9
27663 19 19 5
27664 11 11 5
27665 19 18 4
27666 18 17 5
27667 23 22 6
27668 20 20 6
27669 30 29 9
27670 25 24 6
27671 24 24 6
27672 18 17 5
27673 25 24 8
27674 20 20 6
27675 26 25 5
27676 19 19 5
27677 21 21 7
27678 37 36 6
27679 28 28 6
27680 18 18 4
27681 12 11 5
27682 25 24 8
27683 22 22 6
27684 16 16 6
27685 34 34 10
27686 18 17 5
27687 17 16 6
27688 20 20 6
27689 22 22 6
27690 32 31 5
27691 17 17 5
27692 17 16 6
27693 16 16 4
27694 12 11 5
27695 23 22 6
27696 18 18 6
27697 26 26 6
27698 18 17 7
27699 15 14 6
27700 34 34 10
27701 12 12 4
27702 18 17 5
27703 21 21 5
27704 15 14 6
27705 20 20 4
27706 30 29 7
27707 25 25 5
27708 31 31 5
27709 21 20 6
27710 10 10 4
27711 14 13 5
27712 27 26 8
27713 20 20 6
27714 16 15 5
27715 15 14 4
27716 14 13 7
27717 17 16 4
27718 20 19 7
27719 17 16 6
27720 10 10 4
27721 16 15 7
27722 17 17 5
27723 15 15 5
27724 17 16 6
27725 10 10 4
27726 14 13 5
27727 21 21 5
27728 11 10 6
27729 14 13 5
27730 9 9 5
27731 25 24 8
27732 12 12 4
27733 20 19 5
27734 13 13 5
27735 17 16 4
27736 16 15 5
27737 13 12 4
27738 14 13 5
27739 13 12 6
27740 18 18 6
27741 18 18 4
27742 12 11 5
27743 21 20 6
27744 26 26 6
27745 26 26 6
27746 22 22 6
27747 20 19 5
27748 19 18 6
27749 16 16 4
27750 32 31 9
27751 31 30 4
27752 16 15 5
27753 9 9 5
27754 29 28 8
27755 20 20 4
27756 16 15 5
27757 35 34 6
27758 28 28 4
27759 14 13 5
27760 29 29 7
27761 23 23 5
27762 23 23 5
27763 17 16 6
27764 16 16 6
27765 12 12 6
27766 20 20 6
27767 28 28 4
27768 20 19 5
27769 31 31 5
27770 17 17 5
27771 21 21 5
27772 27 26 6
27773 16 16 4
27774 28 27 5
27775 29 29 7
27776 17 16 4
27777 16 15 5
27778 21 21 5
27779 11 11 5
27780 21 21 5
27781 31 30 8
27782 16 16 6
27783 20 20 6
27784 14 14 4
27785 12 11 5
27786 9 8 4
27787 22 21 5
27788 25 25 5
27789 29 28 6
27790 20 20 6
27791 18 18 6
27792 16 16 4
27793 12 11 5
27794 17 16 6
27795 18 18 6
27796 16 16 6
27797 12 11 5
27798 17 17 5
27799 27 27 5
27800 17 17 5
27801 21 21 5
27802 25 24 6
27803 10 10 4
27804 14 13 5
27805 17 16 4
27806 18 17 5
27807 17 17 5
27808 19 18 4
27809 16 15 5
27810 11 10 4
27811 22 21 5
27812 9 9 5
27813 13 12 4
27814 10 9 5
27815 11 10 4
27816 14 13 7
27817 13 12 4
27818 22 21 5
27819 13 13 5
27820 15 15 5
27821 13 13 5
27822 15 14 4
27823 20 19 5
27824 21 21 5
27825 19 18 6
27826 12 11 5
27827 17 17 5
27828 13 12 4
27829 12 11 5
27830 11 10 4
27831 18 17 7
27832 17 17 5
27833 17 16 6
27834 18 18 6
27835 10 10 6
27836 12 12 4
27837 14 13 5
27838 11 10 4
27839 10 9 5
27840 11 11 5
27841 11 11 5
27842 13 12 6
27843 14 14 6
27844 22 21 7
27845 11 11 5
27846 13 13 5
27847 7 6 5
27848 9 8 4
27849 14 13 5
27850 13 12 6
27851 12 12 6
27852 12 12 6
27853 6 6 6
27854 19 18 6
27855 18 18 6
27856 12 11 5
27857 15 15 5
27858 11 10 4
27859 12 11 5
27860 13 12 6
27861 8 8 4
27862 16 15 5
27863 13 13 5
27864 17 16 4
27865 18 17 5
27866 17 16 8
27867 14 14 4
27868 12 11 5
27869 21 20 6
27870 16 16 4
27871 12 11 5
27872 15 14 6
27873 26 26 8
27874 22 22 6
27875 24 24 4
27876 10 9 5
27877 19 18 4
27878 22 21 5
27879 9 9 5
27880 23 22 4
27881 16 15 5
27882 21 21 5
27883 23 22 4
27884 20 19 5
27885 23 23 5
27886 17 17 5
27887 27 27 7
27888 25 25 5
27889 31 30 8
27890 18 18 4
27891 28 27 7
27892 15 14 4
27893 28 27 7
27894 27 27 5
27895 21 21 5
27896 21 21 5
27897 29 28 8
27898 16 15 5
27899 35 35 7
27900 31 31 9
27901 33 33 9
27902 27 27 7
27903 23 23 7
27904 15 14 4
27905 28 27 9
27906 27 26 8
27907 28 28 6
27908 30 30 6
27909 32 31 7
27910 33 32 6
27911 20 20 6
27912 34 33 5
27913 19 19 5
27914 31 30 10
27915 44 43 11
27916 21 20 6
27917 32 32 6
27918 18 17 5
27919 35 35 5
27920 23 23 5
27921 23 22 6
27922 20 20 6
27923 22 22 6
27924 26 25 7
27925 15 14 4
27926 26 25 5
27927 29 28 6
27928 26 25 5
27929 25 25 5
27930 21 20 6
27931 26 26 6
27932 24 24 4
27933 20 19 5
27934 21 21 5
27935 29 29 5
27936 21 20 6
27937 40 39 9
27938 33 33 5
27939 19 19 7
27940 25 24 6
27941 22 22 4
27942 10 9 5
27943 31 30 8
27944 26 26 8
27945 26 26 4
27946 26 25 7
27947 23 23 5
27948 25 25 5
27949 19 18 6
27950 22 21 5
27951 33 32 6
27952 22 22 6
27953 22 22 6
27954 32 32 6
27955 28 28 6
27956 34 34 8
27957 20 20 6
27958 24 24 6
27959 24 24 6
27960 30 29 5
27961 19 19 5
27962 13 12 4
27963 20 19 7
27964 21 20 6
27965 18 17 7
27966 19 19 5
27967 29 29 5
27968 21 20 6
27969 14 14 4
27970 16 15 5
27971 25 24 6
27972 18 18 4
27973 14 13 5
27974 35 34 8
27975 16 15 5
27976 15 14 4
27977 20 19 7
27978 17 17 5
27979 31 30 6
27980 24 23 5
27981 19 19 7
27982 15 14 6
27983 20 20 6
27984 6 5 4
27985 14 13 5
27986 23 23 5
27987 19 19 5
27988 19 18 6
27989 12 11 5
27990 19 19 5
27991 15 15 5
27992 17 17 5
27993 15 15 5
27994 19 18 6
27995 20 20 6
27996 18 17 5
27997 13 13 5
27998 13 12 6
27999 12 12 4
28000 12 11 5
28001 19 18 6
28002 12 12 6
28003 20 19 5
28004 17 16 8
28005 18 18 4
28006 10 9 5
28007 23 22 6
28008 16 15 5
28009 13 13 7
28010 15 14 6
28011 14 14 6
28012 18 18 6
28013 12 12 6
28014 10 10 4
28015 18 17 7
28016 13 12 4
28017 12 11 5
28018 15 15 7
28019 13 13 5
28020 19 19 5
28021 9 8 4
28022 6 5 4
28023 16 15 7
28024 13 13 5
28025 23 23 7
28026 11 10 6
28027 12 12 4
28028 20 19 5
28029 15 15 7
28030 15 14 6
28031 10 10 6
28032 12 12 6
28033 18 18 6
28034 14 14 4
28035 20 19 5
28036 11 10 4
28037 16 15 7
28038 15 14 4
28039 14 13 7
28040 13 12 4
28041 12 11 5
28042 15 15 5
28043 17 16 6
28044 12 11 5
28045 9 8 4
28046 24 23 7
28047 21 20 4
28048 22 21 7
28049 15 14 6
28050 12 11 5
28051 9 8 4
28052 14 13 5
28053 19 18 6
28054 12 12 6
28055 10 10 4
28056 14 13 5
28057 13 13 5
28058 15 14 6
28059 16 16 6
28060 26 26 6
28061 14 14 6
28062 18 18 4
28063 24 23 5
28064 21 20 4
28065 10 9 5
28066 17 16 4
28067 12 11 5
28068 21 21 7
28069 23 22 6
28070 22 22 6
28071 10 10 4
28072 20 19 5
28073 13 12 4
28074 28 27 5
28075 27 27 7
28076 15 15 5
28077 15 14 4
28078 10 9 5
28079 13 13 5
28080 23 22 8
28081 22 21 5
28082 9 9 5
28083 19 18 4
28084 18 17 5
28085 13 13 5
28086 15 14 6
28087 16 15 5
28088 17 17 5
28089 19 19 5
28090 17 17 5
28091 19 18 6
28092 18 18 6
28093 20 20 6
28094 22 21 5
28095 19 18 4
28096 14 13 5
28097 21 21 5
28098 27 26 8
28099 18 18 6
28100 20 20 4
28101 14 13 5
28102 13 12 6
28103 16 15 5
28104 17 16 4
28105 20 19 5
28106 15 14 4
28107 18 17 7
28108 19 18 4
28109 14 13 5
28110 17 17 5
28111 29 28 8
28112 16 16 6
28113 14 14 6
28114 22 22 4
28115 24 23 5
28116 11 11 5
28117 17 17 5
28118 15 15 5
28119 15 14 6
28120 18 17 5
28121 7 6 5
28122 13 13 5
28123 13 12 4
28124 18 17 5
28125 23 23 7
28126 23 22 6
28127 18 18 6
28128 12 12 6
28129 14 14 6
28130 8 8 4
28131 22 21 5
28132 11 10 4
28133 12 11 5
28134 25 25 7
28135 7 6 5
28136 15 14 4
28137 20 19 5
28138 15 15 7
28139 11 11 5
28140 17 16 4
28141 18 17 5
28142 13 13 5
28143 21 20 6
28144 8 8 4
28145 16 15 5
28146 11 10 4
28147 16 15 5
28148 15 14 4
28149 10 9 5
28150 9 9 5
28151 17 16 4
28152 8 7 6
28153 12 12 6
28154 22 22 6
28155 10 10 4
28156 18 17 7
28157 17 16 8
28158 14 13 5
28159 13 12 4
28160 24 23 5
28161 17 17 7
28162 17 16 6
28163 6 6 6
28164 9 8 4
28165 16 15 5
28166 19 19 7
28167 13 13 5
28168 7 6 5
28169 17 16 6
28170 16 16 6
28171 28 28 4
28172 22 21 7
28173 17 16 4
28174 18 17 5
28175 17 17 5
28176 17 17 7
28177 13 12 4
28178 14 13 5
28179 7 6 5
28180 15 14 6
28181 18 18 4
28182 12 11 5
28183 15 14 6
28184 18 18 4
28185 6 5 4
28186 6 5 4
28187 12 11 5
28188 11 11 5
28189 11 11 5
28190 9 8 4
28191 14 13 5
28192 11 11 5
28193 5 5 5
28194 10 9 5
28195 7 6 5
28196 15 14 8
28197 18 18 6
28198 14 14 6
28199 22 22 6
28200 12 11 5
28201 13 13 7
28202 13 12 6
28203 14 14 4
28204 10 9 5
28205 11 10 6
28206 12 11 5
28207 9 9 5
28208 13 13 5
28209 13 12 4
28210 14 13 7
28211 11 10 6
28212 16 15 7
28213 19 18 6
28214 14 14 6
28215 20 20 6
28216 6 6 6
28217 11 10 4
28218 10 9 5
28219 7 7 7
28220 10 10 4
28221 12 11 5
28222 11 10 6
28223 12 11 5
28224 15 15 7
28225 13 13 5
28226 21 20 6
28227 6 5 4
28228 26 25 5
28229 17 16 6
28230 12 12 4
28231 14 13 5
28232 9 8 4
28233 16 15 7
28234 21 20 4
28235 24 23 5
28236 25 24 6
28237 18 18 6
28238 14 14 6
28239 12 11 5
28240 9 9 5
28241 11 10 4
28242 14 13 7
28243 13 13 5
28244 13 13 5
28245 13 12 4
28246 16 15 7
28247 11 11 5
28248 11 10 6
28249 16 16 8
28250 10 9 5
28251 21 20 6
28252 10 9 5
28253 11 10 4
28254 14 13 7
28255 9 8 4
28256 10 9 5
28257 9 9 5
28258 7 6 5
28259 11 10 4
28260 14 13 7
28261 9 8 4
28262 6 5 4
28263 12 11 5
28264 13 13 5
28265 9 8 4
28266 20 19 7
28267 9 9 5
28268 9 8 4
28269 12 11 7
28270 11 10 4
28271 12 11 5
28272 11 10 4
28273 12 11 5
28274 17 17 5
28275 9 9 5
28276 17 16 4
28277 16 15 5
28278 5 5 5
28279 10 9 5
28280 13 13 5
28281 15 14 6
28282 22 21 5
28283 15 14 4
28284 16 15 5
28285 15 14 4
28286 6 5 4
28287 18 17 5
28288 5 5 5
28289 16 15 5
28290 13 12 6
28291 10 10 6
28292 8 8 4
28293 8 7 6
28294 10 10 6
28295 12 12 8
28296 10 10 4
28297 12 11 7
28298 17 16 6
28299 6 6 6
28300 17 16 8
28301 14 14 4
28302 14 13 7
28303 11 10 4
28304 12 11 5
28305 7 6 5
28306 15 14 6
28307 14 14 6
28308 16 15 5
28309 25 24 10
28310 12 12 4
28311 14 13 7
28312 21 20 6
28313 12 11 5
28314 15 14 6
28315 6 6 6
28316 9 9 5
28317 15 14 4
28318 8 7 6
28319 20 19 5
28320 13 12 4
28321 12 11 5
28322 5 5 5
28323 22 21 5
28324 13 13 5
28325 15 15 5
28326 13 13 5
28327 15 14 6
28328 18 18 6
28329 14 13 5
28330 13 13 7
28331 13 12 6
28332 10 9 5
28333 25 24 4
28334 28 27 7
28335 17 16 6
28336 14 13 5
28337 21 20 8
28338 26 26 6
28339 18 17 5
28340 19 18 6
28341 20 20 6
28342 20 20 6
28343 16 15 5
28344 11 11 5
28345 15 14 4
28346 12 11 5
28347 9 8 7
28348 11 10 4
28349 18 17 7
28350 15 14 4
28351 18 17 5
28352 27 26 6
28353 22 21 5
28354 27 27 5
28355 33 33 5
28356 19 19 5
28357 31 31 5
28358 27 27 5
28359 39 39 9
28360 29 28 8
28361 30 30 8
28362 38 38 8
28363 32 32 4
28364 36 35 7
28365 47 46 8
28366 38 38 8
28367 28 28 6
28368 30 30 6
28369 26 26 4
28370 40 39 9
28371 23 22 6
28372 26 26 6
28373 40 39 7
28374 27 27 9
28375 41 40 8
28376 22 22 4
28377 28 27 7
28378 25 24 6
28379 30 30 6
28380 20 19 5
28381 27 26 6
28382 50 50 6
28383 30 30 4
28384 38 37 7
28385 27 26 8
28386 24 24 6
28387 30 29 7
28388 17 16 6
28389 30 30 8
28390 22 22 4
28391 34 33 9
28392 21 20 4
28393 26 25 7
28394 47 46 10
28395 26 26 4
28396 28 27 7
28397 15 14 6
28398 22 22 6
28399 12 11 5
28400 25 25 7
28401 23 22 8
28402 30 29 9
28403 23 23 7
28404 15 14 4
28405 18 17 5
28406 27 27 7
28407 15 15 5
28408 27 26 6
28409 30 29 7
28410 35 35 7
28411 27 27 5
28412 21 20 6
28413 18 18 4
28414 20 19 5
28415 15 15 5
28416 25 24 8
28417 14 14 4
28418 18 17 5
28419 19 18 6
28420 14 14 4
28421 20 19 5
28422 19 18 6
28423 22 21 5
28424 21 20 6
28425 22 22 6
28426 24 24 6
28427 10 9 5
28428 21 20 6
28429 16 15 5
28430 27 26 6
28431 22 22 6
28432 14 14 6
28433 22 22 6
28434 20 20 8
28435 20 20 6
28436 16 16 6
28437 12 11 5
28438 25 25 7
28439 15 15 5
28440 21 21 7
28441 13 12 6
28442 12 12 4
28443 18 17 5
28444 13 13 7
28445 19 18 4
28446 22 21 5
28447 19 19 7
28448 15 14 4
28449 22 21 5
28450 21 21 5
28451 17 16 4
28452 16 15 5
28453 21 20 6
28454 8 8 4
28455 10 9 5
28456 21 20 8
28457 16 16 6
28458 12 12 6
28459 8 8 4
28460 12 11 5
28461 21 20 6
28462 16 16 4
28463 12 11 5
28464 13 12 6
28465 14 14 4
28466 14 13 7
28467 15 15 5
28468 9 9 5
28469 11 10 4
28470 20 19 7
28471 11 10 4
28472 10 9 5
28473 17 17 7
28474 15 14 6
28475 12 12 6
28476 14 14 6
28477 14 13 5
28478 19 18 6
28479 8 8 4
28480 20 19 5
28481 17 17 5
28482 17 16 6
28483 18 18 6
28484 10 10 6
28485 16 16 6
28486 8 8 4
28487 10 9 5
28488 11 11 5
28489 11 10 6
28490 16 16 4
28491 14 13 5
28492 11 11 5
28493 11 10 6
28494 6 6 6
28495 11 10 6
28496 12 12 4
28497 24 23 5
28498 29 28 6
28499 22 22 6
28500 22 22 6
28501 24 23 5
28502 13 12 6
28503 14 13 5
28504 7 6 5
28505 13 12 4
28506 14 13 5
28507 9 8 4
28508 18 17 5
28509 7 6 5
28510 15 14 6
28511 12 12 6
28512 18 18 4
28513 14 13 5
28514 19 18 6
28515 10 9 5
28516 11 10 4
28517 8 7 6
28518 8 8 4
28519 12 11 5
28520 13 12 4
28521 24 23 7
28522 17 16 4
28523 14 13 5
28524 9 8 4
28525 6 5 4
28526 10 9 5
28527 13 12 6
28528 22 22 6
28529 12 12 6
28530 10 10 6
28531 12 12 4
28532 10 9 5
28533 13 13 5
28534 11 10 6
28535 6 5 4
28536 12 11 7
28537 9 8 4
28538 14 13 5
28539 17 16 6
28540 12 12 6
28541 14 14 6
28542 20 19 5
28543 17 16 6
28544 12 11 7
28545 15 14 6
28546 12 12 4
28547 12 11 5
28548 21 20 4
28549 12 11 5
28550 15 15 5
28551 17 16 4
28552 14 13 5
28553 13 13 5
28554 11 10 4
28555 6 5 4
28556 16 15 5
28557 11 10 6
28558 20 20 4
28559 14 13 5
28560 7 7 7
28561 22 21 5
28562 5 5 5
28563 6 5 4
28564 18 17 5
28565 5 5 5
28566 10 9 5
28567 19 19 7
28568 11 10 6
28569 16 16 6
28570 12 12 4
28571 12 11 7
28572 13 12 6
28573 10 10 6
28574 8 8 4
28575 10 9 5
28576 21 21 5
28577 13 12 8
28578 14 14 6
28579 14 14 4
28580 12 11 5
28581 11 10 6
28582 14 14 6
28583 12 11 5
28584 13 12 6
28585 10 10 4
28586 14 13 5
28587 11 11 5
28588 17 17 5
28589 17 17 7
28590 17 16 6
28591 12 11 5
28592 19 18 8
28593 24 23 5
28594 7 7 7
28595 16 16 6
28596 16 16 4
28597 12 11 5
28598 17 16 8
28599 10 9 5
28600 7 6 5
28601 21 20 6
28602 14 13 7
28603 11 10 6
28604 8 8 4
28605 20 19 5
28606 15 15 5
28607 9 8 4
28608 18 17 7
28609 15 14 4
28610 14 13 5
28611 9 9 5
28612 13 12 4
28613 22 21 5
28614 13 12 4
28615 24 23 5
28616 17 17 5
28617 11 10 6
28618 12 12 6
28619 12 12 6
28620 10 10 4
28621 16 15 5
28622 15 15 7
28623 13 12 6
28624 20 20 8
28625 10 9 5
28626 11 10 4
28627 12 11 5
28628 15 14 6
28629 6 6 6
28630 11 11 5
28631 15 15 5
28632 11 11 5
28633 13 12 4
28634 18 17 7
28635 21 20 4
28636 20 19 5
28637 23 22 6
28638 16 16 4
28639 14 13 5
28640 15 14 4
28641 10 9 5
28642 25 24 6
28643 14 14 6
28644 8 8 4
28645 10 9 5
28646 25 24 6
28647 12 11 5
28648 15 14 6
28649 16 16 8
28650 18 18 6
28651 20 20 4
28652 26 25 7
28653 9 8 4
28654 16 15 5
28655 11 11 5
28656 13 12 4
28657 14 13 7
28658 15 14 6
28659 6 5 4
28660 10 9 5
28661 17 17 5
28662 13 13 5
28663 13 13 5
28664 11 11 5
28665 11 10 6
28666 12 12 6
28667 12 11 5
28668 17 17 5
28669 11 11 7
28670 17 16 6
28671 18 17 5
28672 13 13 5
28673 15 14 6
28674 8 8 4
28675 12 11 5
28676 15 14 6
28677 12 12 6
28678 6 5 4
28679 12 11 5
28680 13 13 7
28681 11 10 4
28682 16 15 5
28683 19 19 7
28684 15 15 5
28685 13 13 5
28686 11 10 6
28687 14 14 6
28688 16 15 5
28689 5 5 5
28690 14 13 5
28691 11 10 4
28692 14 13 7
28693 11 11 5
28694 17 16 6
28695 8 8 4
28696 16 15 5
28697 13 12 6
28698 22 22 6
28699 8 8 4
28700 10 9 5
28701 19 18 6
28702 24 24 6
28703 20 20 8
28704 10 10 4
28705 20 19 7
28706 7 6 5
28707 17 16 6
28708 26 25 5
28709 15 15 5
28710 19 18 6
28711 12 12 6
28712 12 12 4
28713 16 15 5
28714 15 14 6
28715 16 16 6
28716 12 12 4
28717 12 11 5
28718 9 8 4
28719 20 19 7
28720 11 11 5
28721 15 14 4
28722 6 5 4
28723 18 17 7
28724 19 18 4
28725 20 19 5
28726 15 14 4
28727 14 13 5
28728 21 21 5
28729 19 19 5
28730 21 20 4
28731 34 33 7
28732 17 16 6
28733 16 16 4
28734 24 23 7
28735 21 20 4
28736 20 19 5
28737 23 22 6
28738 22 22 6
28739 22 22 4
28740 26 25 7
28741 13 12 4
28742 26 25 5
28743 13 12 4
28744 32 31 7
28745 17 16 4
28746 28 27 5
28747 19 18 4
28748 18 17 5
28749 17 17 5
28750 21 20 8
28751 22 22 4
28752 22 21 5
28753 31 31 7
28754 21 20 4
28755 16 15 5
28756 15 14 4
28757 26 25 7
28758 23 22 4
28759 20 19 5
28760 21 21 7
28761 23 22 6
28762 16 15 5
28763 25 24 6
28764 22 22 6
28765 22 22 4
28766 22 21 5
28767 19 18 6
28768 24 24 4
28769 30 29 7
28770 33 33 7
28771 25 24 4
28772 26 25 5
28773 19 18 6
28774 20 20 4
28775 22 21 7
28776 31 30 6
28777 24 23 5
28778 13 13 5
28779 13 12 4
28780 32 31 7
28781 21 21 5
28782 21 20 8
28783 32 32 8
28784 26 26 10
28785 32 32 8
28786 22 21 5
28787 31 31 9
28788 31 30 10
28789 22 22 8
28790 16 16 6
28791 26 26 6
28792 22 21 7
28793 31 30 8
28794 16 16 6
28795 16 16 4
28796 38 37 9
28797 13 13 5
28798 31 31 9
28799 29 29 9
28800 29 28 12
28801 28 27 9
28802 21 21 5
28803 17 16 8
28804 16 16 4
28805 14 13 5
28806 11 11 5
28807 15 14 4
28808 16 15 5
28809 17 16 8
28810 12 11 5
28811 15 14 6
28812 20 19 7
28813 17 16 6
28814 12 12 6
28815 10 10 4
28816 10 9 5
28817 15 14 6
28818 12 12 4
28819 14 13 5
28820 19 19 5
28821 17 17 5
28822 5 5 5
28823 12 11 5
28824 13 13 5
28825 11 11 5
28826 13 12 6
28827 16 16 6
28828 6 6 6
28829 27 26 10
28830 6 6 6
28831 7 6 5
28832 13 12 4
28833 16 15 7
28834 11 11 5
28835 11 10 6
28836 22 21 7
28837 11 10 4
28838 16 15 5
28839 13 13 5
28840 19 18 6
28841 20 19 7
28842 13 12 6
28843 12 12 6
28844 10 9 5
28845 11 10 6
28846 12 12 6
28847 12 12 8
28848 10 10 4
28849 14 13 5
28850 25 25 5
28851 13 13 5
28852 11 11 5
28853 13 12 6
28854 12 12 6
28855 10 9 5
28856 11 10 6
28857 10 9 5
28858 13 12 6
28859 16 16 6
28860 6 6 6
28861 17 17 7
28862 15 15 5
28863 9 8 4
28864 14 13 7
28865 7 6 5
28866 7 7 7
28867 12 12 4
28868 12 11 7
28869 11 10 6
28870 6 6 6
28871 11 10 4
28872 8 7 6
28873 16 16 8
28874 12 12 6
28875 14 14 6
28876 14 14 6
28877 10 10 6
28878 12 11 5
28879 15 14 4
28880 6 5 4
28881 12 11 5
28882 9 8 4
28883 10 9 5
28884 15 14 6
28885 12 11 5
28886 13 13 7
28887 7 6 5
28888 11 10 4
28889 10 9 5
28890 13 13 5
28891 13 13 5
28892 9 9 5
28893 9 8 4
28894 12 11 5
28895 21 20 6
28896 8 8 4
28897 10 9 5
28898 17 16 4
28899 14 13 5
28900 17 17 7
28901 9 8 4
28902 10 9 5
28903 9 9 5
28904 13 12 6
28905 12 11 5
28906 11 11 5
28907 11 10 4
28908 8 7 6
28909 12 12 6
28910 12 11 5
28911 13 13 5
28912 11 10 6
28913 12 12 6
28914 16 16 8
28915 12 11 5
28916 15 14 6
28917 10 9 5
28918 19 19 5
28919 11 10 6
28920 8 8 4
28921 16 15 5
28922 11 10 6
28923 8 8 4
28924 10 9 5
28925 5 5 5
28926 12 11 5
28927 15 15 5
28928 15 15 5
28929 11 11 5
28930 15 15 5
28931 11 10 4
28932 16 15 7
28933 13 12 6
28934 12 12 4
28935 8 7 6
28936 8 8 4
28937 12 11 5
28938 17 16 6
28939 16 15 5
28940 11 11 5
28941 9 9 5
28942 5 5 5
28943 16 15 7
28944 17 16 8
28945 12 12 6
28946 10 10 4
28947 12 11 5
28948 7 6 5
28949 13 13 5
28950 25 25 7
28951 17 16 4
28952 22 21 5
28953 13 13 5
28954 9 8 4
28955 12 11 5
28956 11 10 4
28957 20 19 5
28958 9 8 4
28959 16 15 5
28960 7 6 5
28961 11 10 6
28962 20 19 5
28963 15 15 7
28964 13 12 4
28965 12 11 5
28966 11 10 6
28967 14 14 6
28968 12 12 4
28969 18 17 7
28970 13 13 5
28971 7 6 5
28972 11 10 6
28973 10 10 6
28974 16 16 6
28975 20 20 4
28976 6 5 4
28977 14 13 5
28978 21 21 7
28979 25 24 8
28980 10 10 6
28981 12 12 6
28982 12 12 4
28983 18 17 7
28984 21 21 5
28985 15 14 6
28986 16 16 6
28987 16 16 6
28988 6 6 6
28989 9 8 7
28990 7 6 5
28991 15 14 6
28992 12 12 6
28993 10 9 5
28994 19 18 6
28995 14 14 6
28996 26 25 7
28997 23 22 6
28998 18 17 7
28999 27 27 9
29000 19 19 7
29001 13 13 5
29002 17 16 6
29003 16 16 4
29004 28 27 5
29005 17 17 5
29006 25 25 9
29007 29 29 9
29008 29 28 8
29009 36 36 6
29010 34 33 7
29011 33 32 8
29012 32 31 9
29013 25 24 8
29014 44 44 14
29015 22 21 7
29016 55 54 10
29017 26 26 4
29018 24 23 5
29019 49 49 11
29020 23 23 7
29021 31 31 7
29022 47 46 8
29023 30 29 7
29024 25 24 6
29025 40 40 12
29026 36 36 10
29027 26 26 6
29028 44 43 17
29029 17 16 6
29030 34 33 7
29031 23 23 7
29032 33 32 10
29033 30 30 6
29034 28 27 7
29035 21 20 4
29036 26 25 5
29037 27 27 5
29038 23 22 6
29039 22 22 6
29040 22 22 6
29041 16 15 5
29042 41 41 9
29043 25 24 4
29044 42 41 9
29045 27 26 8
29046 22 22 8
29047 24 24 6
29048 26 25 7
29049 23 22 4
29050 18 17 5
29051 17 16 6
29052 24 23 5
29053 19 19 5
29054 31 31 7
29055 27 26 6
29056 30 29 7
29057 31 30 8
29058 14 14 4
29059 20 19 5
29060 35 35 11
29061 35 34 12
29062 24 24 4
29063 48 47 11
29064 29 28 6
29065 30 29 5
29066 27 27 11
29067 25 25 5
29068 31 31 5
29069 37 36 6
29070 22 22 10
29071 28 28 8
29072 32 32 4
29073 48 47 9
29074 25 24 6
29075 34 33 9
29076 55 54 10
29077 30 30 8
29078 38 37 15
29079 31 30 6
29080 40 39 7
29081 25 25 5
29082 41 41 7
29083 29 28 6
29084 28 28 6
29085 28 28 8
29086 28 27 5
29087 35 34 6
29088 26 25 7
29089 35 34 8
29090 20 19 5
29091 31 30 6
29092 20 19 5
29093 27 26 6
29094 50 49 7
29095 27 26 4
29096 32 31 7
29097 29 28 8
29098 36 36 10
29099 34 34 8
29100 22 22 6
29101 36 35 7
29102 23 22 6
29103 28 28 8
29104 26 25 5
29105 35 35 7
29106 25 24 8
29107 24 23 5
29108 17 16 4
29109 18 17 5
29110 25 25 5
29111 27 27 7
29112 15 15 5
29113 21 20 6
29114 26 26 6
29115 12 11 5
29116 19 19 5
29117 17 17 7
29118 15 15 5
29119 9 9 5
29120 17 16 6
29121 22 22 6
29122 12 12 4
29123 14 13 5
29124 7 6 5
29125 17 16 6
29126 14 13 7
29127 11 10 4
29128 18 17 5
29129 15 14 8
29130 12 12 6
29131 16 16 8
29132 12 12 4
29133 22 21 5
29134 13 12 4
29135 18 17 5
29136 15 14 4
29137 10 9 5
29138 17 16 6
29139 12 11 5
29140 13 13 5
29141 13 12 4
29142 20 19 5
29143 15 14 6
29144 18 18 4
29145 22 21 5
29146 23 22 6
29147 8 8 4
29148 20 19 5
29149 21 20 6
29150 20 20 4
29151 20 19 7
29152 31 31 5
29153 15 15 7
29154 27 26 6
29155 14 14 4
29156 10 9 5
29157 21 20 6
29158 18 18 6
29159 8 7 6
29160 12 12 6
29161 20 20 6
29162 24 23 7
29163 31 30 8
29164 18 17 5
29165 27 26 6
29166 28 27 5
29167 21 21 5
29168 17 16 4
29169 20 19 5
29170 15 14 4
29171 24 23 5
29172 11 10 6
29173 16 16 6
29174 14 14 6
29175 12 12 6
29176 18 17 5
29177 17 16 6
29178 14 14 4
29179 16 15 7
29180 21 20 10
29181 12 12 4
29182 12 11 5
29183 11 11 5
29184 21 20 8
29185 10 10 4
29186 18 17 7
29187 11 11 5
29188 15 15 7
29189 25 24 8
29190 12 11 5
29191 15 14 6
29192 14 14 6
29193 12 12 4
29194 14 13 7
29195 11 10 6
29196 6 6 6
29197 13 12 4
29198 14 13 5
29199 13 13 5
29200 13 13 7
29201 9 8 4
29202 14 13 7
29203 9 8 4
29204 12 11 5
29205 13 13 7
29206 13 12 6
29207 14 14 6
29208 22 22 4
29209 18 17 5
29210 15 15 5
29211 23 23 5
29212 15 15 7
29213 15 14 4
29214 20 19 5
29215 11 11 5
29216 5 5 5
29217 16 15 5
29218 21 21 5
29219 17 17 5
29220 9 8 4
29221 22 21 5
29222 31 30 6
29223 14 13 5
29224 23 22 4
29225 28 27 7
29226 11 10 4
29227 24 23 5
29228 13 12 4
29229 26 25 7
29230 21 20 4
29231 24 23 5
29232 11 11 5
29233 23 22 8
29234 20 20 4
29235 16 15 5
29236 21 20 4
29237 28 27 5
29238 49 48 6
29239 28 28 6
29240 28 27 5
29241 21 20 6
29242 34 33 7
29243 