0 32 31 7
1 15 14 4
2 16 15 7
3 7 6 5
4 13 12 6
5 14 14 4
6 14 13 5
7 19 18 6
8 30 30 6
9 24 24 4
10 22 21 7
11 25 24 6
12 18 18 6
13 10 10 4
14 10 9 5
15 25 24 6
16 18 18 4
17 24 23 5
18 11 10 6
19 8 8 4
20 14 13 5
21 15 15 5
22 17 16 6
23 14 14 4
24 22 21 5
25 25 24 6
26 22 22 6
27 16 16 6
28 18 18 4
29 26 25 7
30 15 14 6
31 14 14 4
32 20 19 5
33 21 20 4
34 14 13 5
35 13 12 6
36 14 14 6
37 14 14 4
38 12 11 5
39 25 24 6
40 18 18 6
41 28 27 5
42 23 22 6
43 18 18 6
44 20 20 6
45 30 30 4
46 50 49 5
47 33 32 4
48 28 27 5
49 17 16 4
50 20 19 5
51 27 26 4
52 34 33 5
53 33 33 5
54 27 26 6
55 22 22 4
56 26 25 5
57 27 26 4
58 36 35 5
59 29 29 5
60 21 20 4
61 16 15 5
62 23 22 4
63 22 21 7
64 15 14 4
65 28 27 5
66 25 24 6
67 30 29 5
68 21 20 6
69 36 36 4
70 24 23 5
71 27 26 6
72 26 26 6
73 20 20 4
74 24 23 5
75 13 12 6
76 22 21 5
77 31 31 5
78 27 27 5
79 27 27 5
80 23 23 5
81 29 28 4
82 28 27 5
83 17 16 4
84 36 35 5
85 33 33 5
86 31 31 5
87 29 28 4
88 30 29 7
89 39 39 9
90 31 31 5
91 25 25 5
92 15 15 5
93 29 29 5
94 13 13 5
95 41 40 12
96 24 23 5
97 17 16 4
98 38 37 9
99 13 12 4
100 28 27 7
101 27 27 5
102 37 36 4
103 26 25 5
104 25 25 5
105 31 30 4
106 24 23 5
107 17 16 4
108 30 29 5
109 19 19 5
110 21 20 6
111 32 32 6
112 22 22 4
113 20 19 5
114 33 32 4
115 18 17 7
116 11 10 4
117 34 33 5
118 13 12 6
119 16 16 4
120 24 23 5
121 21 21 5
122 27 26 4
123 14 13 5
124 25 24 6
125 14 14 6
126 16 16 4
127 28 27 7
128 15 14 6
129 24 24 4
130 24 23 5
131 25 24 4
132 30 29 5
133 23 23 5
134 21 21 5
135 23 22 6
136 22 22 6
137 28 27 7
138 21 20 4
139 28 27 5
140 23 22 4
141 22 21 5
142 35 35 7
143 25 24 6
144 22 21 5
145 21 20 4
146 30 29 5
147 33 32 6
148 16 16 4
149 24 23 5
150 25 25 7
151 19 18 6
152 20 20 4
153 26 25 5
154 17 17 5
155 19 18 4
156 24 23 7
157 15 14 4
158 24 23 5
159 23 22 4
160 16 15 5
161 15 14 4
162 22 21 5
163 23 23 5
164 21 20 4
165 22 21 5
166 15 14 4
167 20 19 5
168 17 17 5
169 25 24 6
170 16 15 5
171 11 10 4
172 14 13 5
173 15 14 4
174 32 31 5
175 21 21 5
176 17 17 5
177 13 12 6
178 14 14 4
179 18 17 5
180 19 19 5
181 9 9 5
182 15 14 6
183 32 32 6
184 12 11 5
185 25 24 6
186 16 16 4
187 18 17 5
188 13 12 4
189 22 21 5
190 15 14 4
191 14 13 5
192 17 16 6
193 16 16 4
194 12 11 5
195 13 12 4
196 20 19 5
197 29 28 6
198 22 22 4
199 18 17 5
200 17 17 5
201 7 6 5
202 15 14 6
203 22 21 5
204 17 16 6
205 10 10 4
206 16 15 5
207 11 10 4
208 16 15 5
209 25 25 5
210 15 14 4
211 12 11 5
212 15 14 4
213 20 19 5
214 15 14 6
215 16 15 5
216 13 12 4
217 16 15 5
218 27 26 6
219 24 23 5
220 15 14 4
221 16 15 5
222 11 10 4
223 10 9 5
224 13 12 6
225 20 20 6
226 6 6 6
227 19 19 5
228 21 20 6
229 18 17 5
230 17 16 6
231 14 14 4
232 28 27 5
233 13 12 4
234 24 23 5
235 9 9 5
236 13 12 4
237 20 19 5
238 9 9 5
239 13 12 4
240 10 9 5
241 11 10 4
242 12 11 5
243 17 17 5
244 13 12 4
245 10 9 5
246 11 10 4
247 22 21 7
248 17 17 5
249 25 24 4
250 18 17 5
251 17 17 5
252 11 11 5
253 11 10 4
254 22 21 5
255 13 13 5
256 23 22 4
257 24 23 5
258 23 22 6
259 20 19 5
260 13 12 6
261 14 14 6
262 14 14 6
263 16 16 4
264 28 27 5
265 19 18 6
266 18 18 4
267 12 11 5
268 19 18 4
269 16 15 5
270 11 10 4
271 12 11 5
272 15 15 5
273 13 13 5
274 17 16 6
275 22 22 6
276 14 14 4
277 26 25 7
278 15 14 6
279 30 30 6
280 18 18 4
281 28 27 5
282 17 17 5
283 17 17 5
284 19 18 6
285 18 18 4
286 10 9 5
287 33 32 6
288 16 15 5
289 21 20 6
290 12 12 4
291 34 33 7
292 19 18 4
293 16 15 5
294 15 14 4
295 22 21 5
296 25 24 6
297 16 15 5
298 21 20 4
299 18 17 5
300 11 11 5
301 17 16 6
302 14 14 4
303 28 27 5
304 19 18 4
305 26 25 7
306 11 11 5
307 25 24 4
308 18 17 5
309 27 26 4
310 18 17 5
311 13 12 4
312 12 11 5
313 21 20 6
314 16 16 6
315 24 24 6
316 22 22 4
317 20 19 5
318 15 14 4
319 12 11 5
320 11 10 4
321 22 21 5
322 19 19 5
323 13 12 4
324 26 25 7
325 17 16 4
326 16 15 5
327 21 20 4
328 14 13 5
329 15 14 6
330 30 30 6
331 18 18 4
332 28 27 5
333 19 19 5
334 13 12 4
335 6 5 4
336 16 15 5
337 17 16 4
338 20 19 5
339 27 26 4
340 24 23 5
341 11 10 6
342 12 11 5
343 15 14 4
344 12 11 5
345 17 16 6
346 18 18 4
347 34 33 7
348 15 14 4
349 10 9 5
350 17 16 4
351 14 13 5
352 11 11 5
353 21 20 6
354 14 14 4
355 24 23 5
356 19 19 5
357 15 14 4
358 12 11 5
359 17 17 5
360 13 12 6
361 26 26 6
362 18 18 6
363 24 24 4
364 22 21 5
365 17 16 4
366 26 25 5
367 15 15 5
368 23 22 6
369 20 20 4
370 26 25 5
371 11 11 5
372 17 16 4
373 14 13 7
374 15 14 4
375 22 21 5
376 17 16 6
377 20 20 4
378 26 25 5
379 25 25 7
380 9 8 4
381 18 17 5
382 27 26 4
383 16 15 5
384 19 19 5
385 23 23 5
386 19 18 6
387 38 38 4
388 34 33 5
389 31 30 6
390 32 32 4
391 18 17 5
392 21 20 6
393 16 15 5
394 25 24 4
395 26 25 5
396 27 27 5
397 15 14 6
398 12 12 4
399 16 15 5
400 17 16 6
401 28 27 5
402 23 22 4
403 32 31 5
404 17 16 4
405 12 11 5
406 25 24 4
407 22 21 7
408 25 24 4
409 22 21 5
410 19 19 5
411 13 13 5
412 23 22 4
413 14 13 5
414 33 32 4
415 32 31 5
416 33 32 4
417 18 17 7
418 19 18 4
419 30 29 5
420 31 31 5
421 19 18 4
422 10 9 5
423 19 18 4
424 22 21 5
425 29 28 6
426 42 42 6
427 26 26 6
428 18 18 4
429 16 15 5
430 23 22 4
431 24 23 5
432 35 34 4
433 34 33 5
434 23 22 4
435 14 13 5
436 31 31 5
437 15 14 4
438 30 29 5
439 41 40 6
440 34 34 4
441 34 33 5
442 33 32 6
443 34 33 5
444 35 35 5
445 37 36 4
446 28 27 5
447 33 32 4
448 28 27 5
449 37 36 4
450 18 17 5
451 27 27 5
452 25 24 6
453 52 52 6
454 36 36 4
455 50 49 5
456 47 47 5
457 29 28 6
458 34 34 4
459 34 33 5
460 49 48 4
461 48 47 5
462 29 29 5
463 37 36 6
464 28 28 4
465 38 37 5
466 53 52 6
467 50 50 4
468 36 35 5
469 41 40 4
470 44 43 5
471 47 46 4
472 44 43 5
473 37 36 6
474 46 46 6
475 24 24 4
476 42 41 5
477 47 46 4
478 28 27 5
479 53 53 5
480 39 38 4
481 56 55 5
482 43 42 4
483 44 43 5
484 51 50 4
485 40 39 5
486 43 42 4
487 38 37 5
488 47 46 6
489 40 40 4
490 48 47 5
491 35 34 6
492 48 48 6
493 34 34 4
494 50 49 5
495 39 38 4
496 40 39 5
497 37 37 5
498 37 36 4
499 34 33 5
500 37 37 5
501 37 36 4
502 48 47 5
503 51 50 6
504 44 44 4
505 42 41 5
506 51 50 4
507 58 57 5
508 47 46 4
509 52 51 5
510 47 47 5
511 55 54 4
512 40 39 5
513 45 44 6
514 28 28 6
515 46 46 4
516 58 57 5
517 39 39 5
518 29 29 5
519 39 39 5
520 47 46 4
521 42 41 5
522 41 40 4
523 44 43 5
524 55 54 4
525 50 49 5
526 49 49 5
527 45 44 4
528 52 51 5
529 33 32 4
530 48 47 5
531 43 43 5
532 45 44 4
533 58 57 5
534 35 35 5
535 51 51 5
536 37 36 6
537 40 40 4
538 56 55 5
539 33 33 5
540 39 39 5
541 57 57 5
542 63 63 5
543 55 54 6
544 42 42 6
545 34 33 5
546 43 43 5
547 55 55 5
548 45 44 6
549 44 44 4
550 40 39 5
551 61 60 4
552 56 55 5
553 51 50 4
554 70 69 5
555 43 42 4
556 54 53 5
557 59 58 4
558 60 59 5
559 55 54 6
560 56 55 5
561 41 40 4
562 56 55 5
563 69 68 4
564 44 43 5
565 37 36 4
566 66 65 5
567 59 58 6
568 42 42 4
569 60 59 5
570 29 29 5
571 61 61 5
572 51 51 7
573 45 44 8
574 48 48 4
575 58 57 5
576 53 52 4
577 38 37 5
578 55 54 4
579 44 43 5
580 51 51 5
581 33 32 6
582 42 42 4
583 34 33 5
584 49 48 6
585 46 45 5
586 49 48 4
587 42 41 7
588 49 48 4
589 52 51 5
590 33 33 5
591 63 62 4
592 34 33 5
593 57 57 5
594 59 58 4
595 46 45 5
596 43 42 4
597 44 43 5
598 53 53 5
599 49 48 4
600 42 41 5
601 43 43 5
602 49 48 6
603 36 36 4
604 50 49 5
605 37 37 5
606 43 42 6
607 46 45 5
608 37 37 5
609 41 40 6
610 40 39 5
611 25 25 5
612 35 34 6
613 48 47 5
614 33 32 4
615 34 33 5
616 41 40 4
617 46 45 5
618 43 42 6
619 46 46 4
620 44 43 5
621 31 31 5
622 39 39 5
623 31 31 5
624 29 28 4
625 54 53 7
626 35 34 4
627 60 59 5
628 39 38 4
629 50 49 5
630 45 45 5
631 49 49 5
632 49 48 6
633 36 36 6
634 46 45 5
635 43 42 4
636 54 53 5
637 55 55 5
638 45 45 5
639 53 53 5
640 51 50 4
641 50 49 5
642 53 53 5
643 51 50 6
644 40 40 4
645 42 41 5
646 41 40 4
647 40 39 5
648 27 27 5
649 51 50 6
650 56 56 4
651 30 29 5
652 49 48 4
653 36 35 5
654 55 55 5
655 49 48 4
656 46 45 5
657 57 56 6
658 54 54 6
659 30 30 4
660 40 39 5
661 45 44 4
662 36 35 5
663 31 30 4
664 56 55 5
665 37 37 5
666 51 50 4
667 34 33 5
668 41 40 4
669 38 37 5
670 45 44 4
671 44 43 5
672 33 32 4
673 36 35 5
674 41 40 4
675 60 59 5
676 59 59 9
677 37 36 4
678 60 59 5
679 47 46 4
680 42 41 5
681 39 38 6
682 56 56 4
683 54 53 5
684 55 55 5
685 41 41 5
686 55 55 5
687 49 48 6
688 32 32 4
689 40 39 5
690 49 48 4
691 48 47 5
692 51 51 5
693 61 60 6
694 66 66 4
695 42 41 5
696 39 38 4
697 28 27 5
698 59 58 6
699 48 48 4
700 56 55 5
701 37 36 4
702 50 49 5
703 55 54 6
704 52 52 4
705 44 43 5
706 35 34 6
707 56 56 4
708 48 47 5
709 47 46 4
710 54 53 5
711 41 40 4
712 56 55 5
713 53 52 4
714 32 31 5
715 53 52 4
716 66 65 5
717 47 46 4
718 58 57 5
719 37 36 4
720 44 43 5
721 49 48 4
722 66 65 5
723 47 46 4
724 46 45 5
725 55 54 4
726 48 47 5
727 69 68 4
728 64 63 5
729 49 48 4
730 28 27 5
731 49 48 6
732 36 36 4
733 48 47 5
734 51 50 4
735 54 53 5
736 47 46 6
737 32 32 6
738 54 54 4
739 34 33 5
740 31 30 6
741 38 37 5
742 23 22 4
743 54 53 5
744 29 29 5
745 33 32 4
746 52 51 5
747 35 35 5
748 29 28 4
749 28 27 5
750 29 28 4
751 24 23 5
752 45 44 4
753 34 33 5
754 27 27 5
755 39 38 6
756 34 34 4
757 22 21 5
758 47 47 5
759 19 19 5
760 31 31 5
761 47 46 6
762 34 33 5
763 31 30 6
764 26 25 5
765 25 25 5
766 29 28 6
767 34 34 4
768 26 25 5
769 27 27 7
770 33 32 6
771 28 28 6
772 28 27 5
773 45 45 5
774 37 37 5
775 31 30 6
776 26 25 5
777 21 21 5
778 19 18 4
779 34 33 5
780 27 26 6
781 24 23 5
782 27 27 7
783 15 14 4
784 28 27 5
785 31 30 6
786 34 34 4
787 24 23 5
788 31 31 5
789 21 20 4
790 34 33 5
791 35 34 6
792 44 44 6
793 32 31 5
794 23 23 5
795 21 21 5
796 27 26 6
797 26 26 6
798 38 38 4
799 34 33 7
800 23 22 4
801 32 31 5
802 27 26 4
803 26 25 5
804 31 30 6
805 22 21 5
806 25 24 4
807 42 41 5
808 27 26 4
809 28 27 7
810 29 28 4
811 18 17 5
812 31 30 4
813 38 37 7
814 35 34 4
815 16 15 5
816 29 28 4
817 22 21 5
818 37 37 5
819 21 20 6
820 38 38 6
821 32 32 6
822 40 40 6
823 32 32 4
824 20 19 5
825 21 21 5
826 29 29 5
827 25 24 6
828 30 30 6
829 20 20 4
830 16 15 5
831 21 20 4
832 26 25 5
833 31 31 5
834 45 44 6
835 48 47 5
836 31 30 4
837 26 25 5
838 27 27 5
839 47 46 6
840 56 56 4
841 38 37 5
842 29 29 5
843 35 34 6
844 34 34 4
845 26 25 5
846 19 18 6
847 36 36 6
848 20 20 4
849 20 19 5
850 21 21 5
851 33 32 6
852 26 26 4
853 26 25 5
854 23 23 5
855 19 18 6
856 24 24 6
857 20 20 4
858 28 27 5
859 23 22 4
860 32 31 5
861 17 17 5
862 29 28 6
863 28 28 6
864 22 22 6
865 18 18 4
866 32 31 5
867 21 21 5
868 31 31 7
869 17 17 5
870 13 12 4
871 32 31 5
872 35 34 6
873 30 30 6
874 14 14 4
875 16 15 5
876 23 23 5
877 21 20 4
878 30 29 5
879 15 14 6
880 20 20 4
881 30 29 5
882 23 22 4
883 20 19 5
884 11 10 4
885 34 33 5
886 19 19 5
887 25 25 5
888 19 19 5
889 13 13 5
890 25 24 6
891 14 14 4
892 20 19 5
893 23 22 6
894 12 12 4
895 22 21 5
896 35 34 6
897 14 14 4
898 18 17 5
899 11 11 5
900 23 22 6
901 14 14 4
902 28 27 7
903 23 22 4
904 20 19 7
905 15 15 5
906 11 10 4
907 18 17 5
908 15 14 4
909 32 31 5
910 21 20 6
911 28 28 6
912 22 21 5
913 9 8 4
914 22 21 5
915 11 10 4
916 20 19 5
917 27 26 6
918 24 23 5
919 13 12 4
920 12 11 5
921 21 20 6
922 14 13 5
923 23 22 4
924 24 23 5
925 21 20 6
926 24 24 4
927 22 21 7
928 29 28 4
929 20 19 5
930 27 26 6
931 10 10 4
932 18 17 5
933 19 19 5
934 15 14 4
935 22 21 5
936 23 23 5
937 23 23 5
938 13 13 5
939 15 14 4
940 24 23 5
941 21 20 4
942 18 17 5
943 21 21 5
944 15 15 5
945 25 25 5
946 21 20 6
947 18 18 4
948 14 13 5
949 19 18 6
950 22 22 6
951 10 10 4
952 20 19 5
953 25 24 4
954 22 21 5
955 23 22 6
956 28 28 4
957 16 15 5
958 31 31 7
959 29 28 6
960 20 20 4
961 20 19 5
962 19 18 6
963 18 18 4
964 28 27 5
965 33 33 5
966 15 14 4
967 20 19 5
968 25 25 5
969 23 22 4
970 26 25 5
971 17 16 4
972 20 19 5
973 17 17 5
974 27 26 4
975 18 17 5
976 29 28 6
977 18 18 4
978 18 17 5
979 17 16 6
980 26 26 6
981 32 32 4
982 20 19 5
983 17 16 6
984 32 32 4
985 26 25 5
986 23 22 6
987 20 20 4
988 22 21 5
989 21 21 7
990 19 18 4
991 12 11 5
992 23 23 7
993 19 18 4
994 30 29 5
995 21 20 4
996 14 13 5
997 29 28 6
998 16 15 5
999 17 17 5
1000 15 14 6
1001 10 10 4
1002 12 11 5
1003 15 15 5
1004 23 22 6
1005 22 22 4
1006 22 21 5
1007 27 27 5
1008 13 12 4
1009 32 31 5
1010 39 38 4
1011 18 17 5
1012 43 42 6
1013 20 20 4
1014 26 25 5
1015 31 30 4
1016 40 39 5
1017 29 28 4
1018 26 25 5
1019 33 32 4
1020 24 23 5
1021 31 30 4
1022 30 29 5
1023 39 38 4
1024 30 29 5
1025 39 39 5
1026 35 34 6
1027 40 40 4
1028 28 27 5
1029 47 46 6
1030 20 20 4
1031 36 35 5
1032 37 36 4
1033 22 21 5
1034 19 18 4
1035 22 21 5
1036 35 34 4
1037 28 27 5
1038 21 20 4
1039 26 25 5
1040 29 28 6
1041 32 32 6
1042 36 35 5
1043 39 38 4
1044 36 35 5
1045 29 28 6
1046 46 46 10
1047 34 34 4
1048 34 33 7
1049 35 34 4
1050 18 17 5
1051 43 42 6
1052 28 28 4
1053 32 31 7
1054 25 24 4
1055 36 35 9
1056 19 18 4
1057 36 35 5
1058 29 29 5
1059 25 24 4
1060 34 33 5
1061 31 31 9
1062 33 32 8
1063 28 28 6
1064 36 35 7
1065 29 28 10
1066 28 28 8
1067 30 30 8
1068 26 26 4
1069 36 35 13
1070 35 34 10
1071 32 31 9
1072 27 27 5
1073 17 16 6
1074 14 14 4
1075 34 33 5
1076 27 27 5
1077 19 18 4
1078 34 33 5
1079 17 16 4
1080 28 27 5
1081 25 25 7
1082 21 21 5
1083 27 26 10
1084 30 30 8
1085 18 18 4
1086 24 23 7
1087 17 16 6
1088 28 27 5
1089 29 28 6
1090 22 21 5
1091 25 25 5
1092 23 22 4
1093 24 23 5
1094 29 29 7
1095 19 18 4
1096 28 27 5
1097 23 23 7
1098 23 22 8
1099 24 24 6
1100 26 26 4
1101 38 37 5
1102 23 23 5
1103 11 11 5
1104 31 30 6
1105 18 17 5
1106 21 21 5
1107 23 22 4
1108 20 19 5
1109 23 22 6
1110 14 13 5
1111 25 24 6
1112 28 28 6
1113 14 14 4
1114 24 23 5
1115 9 9 5
1116 13 13 7
1117 13 12 6
1118 14 14 4
1119 28 27 7
1120 23 22 6
1121 22 22 6
1122 16 16 4
1123 24 23 7
1124 19 18 6
1125 14 13 5
1126 13 13 5
1127 21 21 5
1128 21 20 4
1129 28 27 5
1130 23 22 6
1131 20 19 5
1132 21 20 6
1133 20 20 4
1134 20 19 5
1135 17 16 4
1136 26 25 5
1137 23 22 6
1138 16 16 4
1139 16 15 5
1140 13 12 4
1141 22 21 5
1142 19 19 5
1143 35 34 4
1144 20 19 5
1145 27 26 8
1146 12 12 4
1147 12 11 5
1148 11 10 6
1149 16 16 4
1150 24 23 5
1151 13 12 6
1152 18 18 4
1153 14 13 5
1154 15 14 4
1155 22 21 5
1156 21 20 4
1157 18 17 5
1158 13 12 4
1159 24 23 5
1160 17 17 5
1161 17 16 6
1162 12 12 4
1163 28 27 7
1164 21 20 4
1165 20 19 7
1166 27 26 6
1167 22 22 6
1168 12 12 4
1169 22 21 5
1170 15 14 4
1171 16 15 5
1172 31 31 5
1173 15 15 5
1174 15 14 4
1175 22 21 5
1176 17 17 5
1177 17 16 4
1178 14 13 5
1179 19 18 6
1180 22 22 6
1181 18 18 6
1182 16 16 4
1183 18 17 5
1184 15 15 5
1185 9 8 4
1186 12 11 5
1187 5 5 5
1188 10 9 5
1189 17 17 5
1190 13 12 6
1191 20 20 6
1192 12 12 4
1193 12 11 7
1194 33 32 4
1195 16 15 7
1196 15 15 5
1197 19 18 4
1198 16 15 5
1199 19 18 6
1200 20 20 4
1201 26 25 7
1202 25 24 4
1203 18 17 7
1204 17 16 4
1205 12 11 5
1206 23 22 4
1207 14 13 5
1208 15 14 4
1209 20 19 5
1210 21 20 4
1211 22 21 5
1212 9 8 4
1213 12 11 5
1214 11 11 5
1215 17 17 5
1216 17 17 5
1217 19 18 4
1218 16 15 5
1219 15 15 5
1220 9 8 4
1221 18 17 5
1222 15 15 5
1223 21 20 6
1224 10 10 6
1225 18 18 6
1226 12 12 4
1227 18 17 5
1228 15 15 5
1229 15 15 5
1230 23 22 6
1231 12 12 6
1232 14 14 4
1233 30 29 7
1234 15 14 4
1235 20 19 5
1236 23 22 6
1237 22 22 6
1238 16 16 6
1239 16 16 4
1240 12 11 5
1241 13 13 5
1242 13 12 4
1243 20 19 5
1244 31 30 6
1245 14 13 5
1246 15 14 4
1247 18 17 5
1248 5 5 5
1249 14 13 5
1250 23 23 7
1251 9 8 4
1252 24 23 5
1253 23 22 6
1254 18 17 5
1255 19 18 4
1256 36 35 7
1257 21 20 6
1258 18 18 4
1259 22 21 5
1260 33 33 5
1261 25 24 6
1262 18 18 4
1263 14 13 5
1264 27 27 5
1265 25 24 6
1266 20 19 5
1267 35 35 5
1268 33 33 5
1269 43 42 4
1270 26 25 5
1271 15 15 5
1272 13 13 5
1273 17 17 5
1274 23 23 5
1275 11 11 5
1276 23 23 7
1277 13 12 4
1278 18 17 5
1279 15 15 5
1280 11 11 5
1281 9 9 5
1282 27 26 4
1283 22 21 7
1284 23 22 6
1285 14 14 4
1286 12 11 5
1287 13 12 6
1288 10 10 4
1289 16 15 5
1290 17 16 6
1291 22 22 4
1292 16 15 5
1293 19 19 5
1294 13 12 6
1295 20 20 6
1296 12 12 6
1297 20 20 6
1298 8 8 4
1299 20 19 5
1300 17 16 6
1301 18 18 6
1302 22 22 6
1303 18 18 4
1304 20 19 5
1305 21 21 5
1306 15 14 6
1307 14 14 6
1308 20 20 4
1309 16 15 5
1310 9 9 5
1311 13 12 4
1312 14 13 5
1313 15 14 6
1314 14 13 5
1315 21 20 6
1316 16 16 4
1317 16 15 5
1318 21 21 7
1319 11 10 4
1320 28 27 5
1321 13 12 4
1322 16 15 5
1323 9 9 5
1324 11 11 5
1325 13 12 6
1326 14 14 4
1327 14 13 5
1328 9 8 4
1329 26 25 7
1330 15 14 4
1331 26 25 5
1332 15 14 4
1333 30 29 5
1334 21 21 5
1335 21 21 5
1336 19 19 5
1337 25 24 6
1338 12 11 5
1339 13 12 4
1340 16 15 5
1341 13 12 4
1342 16 15 5
1343 13 12 6
1344 20 20 4
1345 16 15 5
1346 25 24 4
1347 16 15 5
1348 19 18 4
1349 20 19 5
1350 23 23 5
1351 29 28 6
1352 16 16 4
1353 16 15 5
1354 17 16 6
1355 18 18 4
1356 12 11 5
1357 21 21 5
1358 29 28 6
1359 32 32 4
1360 26 25 5
1361 23 22 6
1362 10 10 4
1363 18 17 5
1364 15 15 5
1365 27 27 5
1366 15 14 4
1367 18 17 5
1368 25 24 4
1369 16 15 5
1370 17 16 4
1371 14 13 5
1372 23 22 4
1373 12 11 5
1374 23 22 4
1375 22 21 5
1376 17 17 5
1377 17 16 4
1378 22 21 5
1379 23 23 5
1380 23 22 4
1381 22 21 5
1382 19 18 4
1383 30 29 5
1384 27 26 4
1385 26 25 5
1386 27 27 5
1387 15 14 4
1388 22 21 5
1389 19 18 4
1390 30 29 5
1391 27 27 5
1392 23 22 4
1393 24 23 5
1394 31 30 4
1395 20 19 5
1396 25 24 6
1397 22 22 4
1398 30 29 5
1399 33 32 4
1400 20 19 5
1401 19 18 6
1402 16 16 4
1403 28 27 5
1404 49 48 4
1405 32 31 5
1406 15 15 5
1407 21 20 4
1408 18 17 5
1409 33 32 6
1410 38 38 6
1411 26 26 6
1412 40 40 6
1413 22 21 5
1414 21 20 4
1415 26 25 5
1416 45 44 4
1417 40 39 5
1418 33 32 6
1419 20 20 4
1420 24 23 5
1421 45 45 7
1422 27 27 5
1423 37 36 4
1424 34 33 5
1425 37 36 6
1426 30 30 4
1427 36 35 5
1428 31 31 5
1429 23 23 5
1430 33 32 6
1431 28 28 4
1432 32 31 5
1433 35 35 7
1434 25 24 4
1435 34 33 5
1436 33 33 5
1437 29 28 4
1438 30 29 11
1439 49 48 6
1440 30 30 10
1441 12 12 4
1442 20 19 5
1443 27 27 5
1444 13 13 5
1445 19 19 5
1446 31 30 4
1447 22 21 5
1448 33 33 7
1449 39 38 6
1450 22 21 5
1451 27 26 4
1452 30 29 7
1453 29 28 6
1454 38 38 8
1455 20 20 8
1456 30 30 6
1457 36 36 8
1458 32 31 5
1459 25 24 12
1460 22 22 6
1461 42 41 13
1462 49 48 14
1463 30 30 4
1464 14 13 5
1465 23 22 6
1466 32 32 6
1467 38 38 8
1468 34 34 6
1469 26 26 6
1470 22 22 6
1471 26 26 6
1472 28 27 5
1473 21 21 5
1474 23 22 6
1475 20 20 4
1476 20 19 5
1477 27 26 4
1478 44 43 7
1479 23 23 5
1480 17 17 5
1481 31 30 6
1482 34 33 13
1483 31 30 4
1484 30 29 9
1485 35 35 7
1486 23 22 4
1487 32 31 5
1488 13 13 5
1489 17 17 5
1490 45 44 6
1491 24 23 5
1492 21 21 5
1493 31 31 7
1494 21 20 6
1495 16 16 4
1496 32 31 9
1497 23 23 5
1498 33 33 7
1499 23 22 8
1500 30 29 7
1501 17 16 6
1502 28 28 10
1503 34 33 5
1504 31 31 7
1505 41 41 9
1506 39 39 11
1507 19 18 4
1508 28 27 7
1509 25 25 5
1510 55 55 15
1511 19 19 5
1512 33 32 4
1513 20 19 5
1514 21 21 5
1515 25 25 7
1516 35 34 8
1517 22 21 5
1518 21 20 8
1519 26 26 6
1520 26 26 8
1521 18 18 6
1522 20 20 4
1523 26 25 5
1524 29 28 6
1525 14 14 4
1526 26 25 5
1527 23 23 5
1528 37 37 5
1529 37 36 6
1530 18 17 5
1531 25 24 4
1532 18 17 5
1533 29 28 6
1534 44 44 4
1535 36 35 5
1536 27 26 4
1537 30 29 5
1538 21 20 4
1539 34 33 5
1540 25 24 4
1541 28 27 5
1542 23 23 5
1543 33 33 5
1544 23 22 4
1545 24 23 5
1546 21 20 4
1547 34 33 5
1548 19 18 6
1549 20 19 5
1550 17 16 4
1551 16 15 5
1552 21 20 4
1553 18 17 5
1554 15 14 6
1555 16 16 4
1556 22 21 5
1557 31 30 4
1558 20 19 5
1559 27 26 6
1560 12 12 4
1561 24 23 5
1562 21 20 4
1563 16 15 5
1564 21 20 4
1565 14 13 5
1566 15 15 5
1567 13 12 4
1568 18 17 5
1569 13 12 4
1570 12 11 5
1571 13 12 4
1572 16 15 5
1573 21 21 5
1574 21 20 6
1575 12 12 4
1576 16 15 5
1577 17 16 6
1578 16 16 4
1579 12 11 5
1580 25 24 6
1581 12 11 5
1582 9 8 4
1583 26 25 5
1584 19 18 4
1585 14 13 5
1586 11 10 4
1587 16 15 5
1588 15 15 5
1589 19 18 6
1590 10 10 6
1591 14 14 6
1592 14 14 4
1593 32 31 5
1594 27 26 4
1595 24 23 5
1596 23 22 6
1597 12 12 4
1598 20 19 5
1599 25 24 4
1600 40 39 5
1601 41 40 6
1602 28 27 5
1603 33 32 4
1604 36 35 7
1605 33 33 5
1606 35 34 6
1607 62 62 10
1608 60 60 8
1609 44 44 8
1610 26 26 6
1611 34 33 5
1612 19 19 5
1613 39 39 5
1614 35 34 4
1615 24 23 5
1616 35 34 6
1617 28 27 5
1618 25 24 6
1619 44 44 12
1620 14 14 4
1621 26 25 5
1622 19 18 6
1623 26 26 6
1624 24 24 6
1625 16 16 4
1626 28 27 7
1627 25 24 4
1628 24 23 5
1629 13 12 4
1630 22 21 5
1631 17 16 4
1632 26 25 5
1633 23 22 4
1634 20 19 5
1635 19 18 6
1636 18 18 6
1637 22 22 4
1638 22 21 5
1639 19 19 5
1640 17 16 4
1641 26 25 7
1642 25 24 6
1643 24 24 4
1644 18 17 5
1645 21 20 4
1646 22 21 5
1647 23 23 5
1648 17 16 4
1649 16 15 5
1650 15 14 6
1651 24 23 5
1652 15 15 5
1653 17 16 4
1654 20 19 5
1655 13 12 4
1656 22 21 5
1657 23 23 5
1658 27 26 4
1659 24 23 5
1660 17 16 4
1661 16 15 5
1662 13 13 5
1663 17 16 6
1664 6 6 6
1665 11 10 4
1666 14 13 5
1667 19 19 5
1668 17 17 5
1669 23 22 6
1670 12 12 4
1671 22 21 5
1672 19 19 5
1673 19 18 6
1674 14 14 4
1675 22 21 5
1676 11 11 5
1677 9 8 4
1678 18 17 5
1679 19 18 6
1680 22 22 6
1681 18 18 4
1682 12 11 5
1683 19 18 4
1684 12 11 5
1685 17 16 6
1686 16 15 5
1687 17 16 6
1688 12 12 4
1689 20 19 5
1690 9 9 5
1691 13 12 6
1692 14 14 4
1693 16 15 5
1694 17 16 6
1695 10 10 4
1696 16 15 7
1697 13 12 4
1698 20 19 5
1699 17 17 5
1700 11 10 4
1701 22 21 5
1702 15 14 4
1703 16 15 7
1704 19 18 6
1705 24 24 6
1706 16 16 4
1707 14 13 5
1708 17 16 6
1709 18 18 6
1710 16 16 4
1711 30 29 5
1712 17 16 4
1713 16 15 5
1714 19 18 4
1715 16 15 5
1716 19 18 4
1717 18 17 7
1718 19 18 4
1719 12 11 5
1720 19 19 5
1721 13 13 5
1722 19 18 6
1723 22 22 6
1724 22 22 4
1725 12 11 5
1726 23 22 6
1727 14 14 4
1728 12 11 5
1729 15 14 4
1730 18 17 7
1731 19 18 4
1732 36 35 5
1733 17 17 7
1734 11 10 4
1735 14 13 5
1736 19 18 6
1737 18 17 5
1738 15 14 4
1739 30 29 7
1740 15 14 4
1741 20 19 5
1742 7 7 7
1743 24 24 4
1744 18 17 5
1745 25 24 6
1746 20 20 6
1747 26 26 6
1748 18 18 4
1749 12 11 5
1750 13 12 4
1751 20 19 5
1752 23 22 6
1753 18 18 4
1754 10 9 5
1755 19 19 5
1756 15 15 5
1757 17 16 6
1758 12 12 4
1759 16 15 5
1760 19 18 6
1761 16 16 6
1762 16 15 5
1763 11 10 6
1764 22 22 6
1765 22 22 6
1766 16 16 6
1767 12 12 4
1768 18 17 5
1769 21 20 8
1770 18 18 4
1771 26 25 5
1772 25 24 4
1773 12 11 5
1774 9 8 4
1775 24 23 7
1776 11 10 4
1777 16 15 5
1778 9 9 5
1779 19 19 5
1780 19 18 6
1781 12 12 4
1782 12 11 5
1783 23 23 5
1784 19 18 4
1785 22 21 5
1786 15 15 5
1787 21 20 6
1788 24 24 4
1789 22 21 5
1790 9 9 5
1791 29 28 4
1792 24 23 5
1793 21 20 4
1794 22 21 5
1795 27 26 6
1796 28 28 4
1797 32 31 5
1798 33 33 5
1799 27 26 6
1800 28 27 5
1801 27 27 5
1802 21 20 4
1803 28 27 5
1804 41 41 5
1805 41 40 6
1806 26 26 6
1807 40 40 6
1808 36 36 6
1809 26 26 4
1810 34 33 5
1811 37 36 6
1812 22 22 6
1813 38 37 5
1814 57 56 6
1815 62 62 6
1816 42 42 4
1817 34 33 5
1818 31 30 4
1819 40 39 5
1820 35 34 4
1821 44 43 5
1822 45 44 4
1823 20 19 5
1824 39 38 4
1825 38 37 5
1826 25 24 4
1827 36 35 5
1828 45 44 4
1829 28 27 5
1830 27 27 9
1831 21 20 6
1832 28 27 5
1833 31 31 5
1834 53 52 10
1835 42 41 5
1836 29 29 5
1837 45 44 8
1838 26 26 6
1839 16 16 4
1840 32 31 5
1841 37 37 11
1842 23 23 5
1843 37 36 8
1844 24 24 4
1845 26 25 5
1846 27 26 4
1847 42 41 5
1848 35 35 5
1849 23 22 4
1850 34 33 5
1851 21 20 6
1852 30 29 9
1853 43 43 9
1854 51 51 7
1855 37 37 13
1856 27 26 6
1857 20 19 5
1858 33 32 6
1859 24 24 4
1860 34 33 5
1861 35 34 4
1862 20 19 5
1863 25 24 6
1864 18 18 6
1865 26 26 4
1866 32 31 5
1867 25 25 5
1868 17 16 4
1869 20 19 5
1870 25 25 5
1871 41 40 6
1872 42 42 12
1873 22 21 9
1874 37 37 7
1875 35 34 10
1876 34 34 8
1877 22 22 6
1878 28 28 4
1879 24 23 5
1880 19 18 4
1881 38 37 9
1882 49 49 7
1883 29 29 11
1884 35 34 10
1885 28 28 8
1886 22 21 5
1887 29 28 6
1888 28 28 6
1889 34 33 7
1890 31 30 4
1891 38 37 9
1892 33 33 11
1893 21 21 5
1894 29 28 6
1895 36 36 10
1896 20 20 4
1897 30 29 5
1898 41 41 13
1899 37 37 11
1900 29 28 6
1901 38 38 8
1902 28 27 5
1903 23 22 4
1904 36 35 7
1905 29 29 5
1906 29 29 7
1907 31 31 5
1908 31 31 7
1909 43 43 5
1910 27 27 5
1911 35 34 4
1912 28 27 5
1913 21 21 7
1914 11 11 5
1915 25 24 4
1916 22 21 5
1917 31 30 4
1918 26 25 5
1919 31 30 6
1920 22 22 4
1921 24 23 5
1922 27 27 5
1923 21 20 4
1924 28 27 5
1925 31 30 6
1926 34 34 4
1927 14 13 5
1928 27 26 4
1929 26 25 5
1930 21 20 4
1931 40 39 5
1932 15 14 4
1933 34 33 9
1934 29 29 5
1935 25 24 6
1936 18 18 4
1937 20 19 5
1938 31 30 4
1939 26 25 5
1940 27 26 4
1941 32 31 5
1942 21 20 6
1943 18 18 4
1944 28 27 5
1945 33 33 5
1946 31 31 5
1947 31 30 4
1948 14 13 5
1949 23 22 4
1950 26 25 5
1951 27 26 6
1952 26 26 6
1953 26 26 4
1954 28 27 5
1955 19 18 4
1956 32 31 5
1957 29 29 5
1958 27 27 5
1959 21 20 4
1960 34 33 5
1961 31 31 5
1962 17 17 5
1963 27 26 4
1964 18 17 5
1965 17 16 4
1966 20 19 5
1967 35 34 6
1968 28 28 4
1969 28 27 5
1970 35 34 4
1971 20 19 5
1972 23 22 4
1973 30 29 5
1974 35 35 5
1975 43 43 5
1976 51 50 4
1977 18 17 5
1978 27 27 5
1979 27 26 4
1980 48 47 5
1981 45 45 7
1982 39 39 7
1983 43 42 6
1984 22 22 6
1985 40 40 4
1986 26 25 5
1987 23 22 4
1988 40 39 5
1989 27 27 5
1990 35 34 6
1991 28 28 8
1992 20 19 5
1993 43 43 7
1994 55 55 9
1995 49 49 5
1996 37 37 7
1997 31 31 7
1998 35 34 8
1999 16 16 4
2000 26 25 5
2001 13 13 5
2002 27 26 8
2003 20 20 4
2004 32 31 7
2005 19 18 6
2006 20 20 4
2007 24 23 5
2008 17 17 5
2009 17 17 5
2010 37 37 5
2011 31 31 5
2012 27 26 6
2013 42 42 6
2014 14 14 4
2015 34 33 5
2016 15 15 5
2017 19 18 4
2018 28 27 5
2019 37 36 4
2020 18 17 5
2021 21 20 4
2022 26 25 5
2023 29 28 6
2024 16 16 4
2025 14 13 5
2026 17 16 4
2027 26 25 5
2028 17 16 4
2029 16 15 5
2030 21 20 6
2031 10 10 4
2032 26 25 7
2033 19 18 6
2034 18 18 4
2035 24 23 5
2036 15 14 6
2037 24 23 5
2038 19 18 4
2039 26 25 5
2040 19 18 6
2041 24 24 4
2042 24 23 5
2043 23 22 6
2044 22 22 4
2045 32 31 5
2046 29 29 5
2047 25 24 4
2048 22 21 5
2049 21 21 7
2050 21 20 4
2051 36 35 5
2052 27 27 5
2053 33 33 5
2054 13 13 5
2055 25 24 4
2056 20 19 5
2057 25 24 4
2058 20 19 5
2059 29 28 4
2060 24 23 5
2061 17 16 6
2062 22 22 6
2063 26 26 4
2064 32 31 5
2065 19 18 4
2066 32 31 5
2067 31 31 5
2068 27 26 4
2069 16 15 5
2070 9 8 4
2071 24 23 5
2072 27 27 5
2073 21 21 5
2074 19 18 4
2075 22 21 5
2076 15 14 4
2077 14 13 5
2078 17 17 5
2079 17 16 4
2080 14 13 5
2081 15 14 4
2082 20 19 5
2083 23 22 4
2084 24 23 5
2085 25 24 4
2086 24 23 5
2087 15 14 4
2088 16 15 5
2089 27 27 5
2090 21 20 4
2091 26 25 7
2092 19 18 4
2093 24 23 5
2094 15 14 4
2095 14 13 5
2096 17 16 6
2097 8 8 4
2098 22 21 5
2099 17 16 4
2100 22 21 5
2101 13 12 4
2102 14 13 5
2103 17 17 5
2104 17 16 6
2105 12 12 4
2106 14 13 5
2107 19 18 6
2108 18 17 5
2109 35 34 6
2110 22 22 6
2111 14 14 6
2112 10 10 4
2113 18 17 7
2114 19 18 4
2115 16 15 5
2116 25 24 4
2117 14 13 5
2118 25 24 4
2119 12 11 5
2120 11 10 4
2121 30 29 7
2122 11 10 4
2123 14 13 5
2124 19 18 4
2125 18 17 5
2126 13 13 5
2127 7 6 5
2128 13 12 4
2129 22 21 7
2130 17 16 4
2131 10 9 5
2132 25 24 6
2133 16 15 5
2134 19 18 6
2135 10 10 4
2136 20 19 5
2137 13 12 4
2138 14 13 5
2139 13 13 5
2140 11 11 5
2141 11 10 4
2142 30 29 7
2143 11 10 4
2144 12 11 5
2145 13 12 4
2146 14 13 7
2147 19 18 4
2148 14 13 5
2149 17 16 4
2150 18 17 5
2151 13 13 5
2152 9 8 4
2153 12 11 5
2154 23 23 5
2155 21 20 6
2156 24 24 4
2157 18 17 5
2158 15 15 5
2159 31 30 6
2160 22 22 4
2161 26 25 5
2162 23 22 6
2163 20 20 4
2164 16 15 5
2165 19 18 4
2166 20 19 5
2167 29 29 5
2168 19 19 5
2169 13 12 4
2170 26 25 5
2171 19 18 4
2172 24 23 5
2173 35 35 5
2174 29 28 4
2175 28 27 7
2176 15 14 4
2177 32 31 7
2178 23 22 4
2179 30 29 5
2180 25 24 4
2181 16 15 5
2182 11 10 4
2183 28 27 5
2184 23 22 4
2185 28 27 5
2186 31 30 6
2187 14 13 5
2188 21 20 4
2189 24 23 5
2190 17 17 5
2191 19 19 5
2192 27 26 4
2193 26 25 5
2194 23 22 6
2195 14 13 5
2196 29 28 6
2197 26 26 4
2198 28 27 5
2199 31 31 5
2200 27 27 5
2201 43 42 8
2202 18 18 4
2203 24 23 5
2204 25 24 6
2205 22 22 4
2206 28 27 5
2207 27 27 5
2208 23 22 6
2209 26 26 6
2210 16 16 4
2211 28 27 5
2212 23 23 5
2213 27 26 6
2214 12 12 6
2215 26 26 4
2216 22 21 5
2217 35 34 8
2218 20 20 8
2219 24 23 5
2220 21 20 6
2221 24 24 6
2222 34 33 9
2223 21 21 5
2224 31 31 7
2225 29 28 8
2226 20 19 5
2227 25 25 5
2228 31 30 8
2229 14 14 4
2230 20 19 5
2231 27 27 7
2232 37 37 11
2233 19 19 5
2234 15 15 5
2235 19 18 4
2236 20 19 5
2237 19 18 4
2238 20 19 7
2239 21 20 6
2240 16 16 4
2241 24 23 9
2242 17 16 4
2243 30 29 5
2244 15 15 5
2245 25 25 5
2246 15 14 4
2247 22 21 5
2248 13 13 5
2249 21 21 9
2250 17 16 4
2251 30 29 9
2252 19 18 6
2253 42 41 9
2254 29 28 10
2255 14 14 4
2256 14 13 5
2257 29 28 4
2258 22 21 5
2259 17 17 5
2260 25 25 5
2261 33 33 5
2262 33 32 8
2263 22 22 8
2264 18 18 8
2265 28 28 6
2266 26 26 6
2267 32 31 9
2268 29 29 7
2269 25 25 5
2270 33 33 11
2271 17 17 7
2272 31 30 8
2273 58 57 13
2274 33 32 6
2275 18 17 5
2276 21 21 5
2277 19 19 5
2278 37 37 7
2279 21 20 6
2280 24 23 5
2281 21 20 4
2282 22 21 5
2283 27 26 6
2284 24 23 7
2285 25 24 6
2286 14 13 5
2287 29 28 6
2288 30 29 5
2289 31 30 10
2290 32 32 8
2291 22 21 5
2292 25 24 6
2293 20 19 5
2294 19 19 5
2295 31 30 8
2296 30 30 8
2297 20 20 8
2298 22 22 6
2299 24 23 7
2300 23 22 8
2301 18 17 5
2302 27 26 8
2303 18 18 4
2304 16 15 5
2305 9 9 5
2306 23 22 6
2307 18 18 4
2308 18 17 5
2309 23 22 6
2310 24 24 4
2311 26 25 5
2312 33 32 8
2313 14 13 5
2314 33 32 6
2315 30 30 8
2316 24 24 6
2317 16 16 4
2318 26 25 5
2319 21 21 5
2320 19 19 7
2321 25 24 6
2322 16 16 4
2323 28 27 5
2324 25 24 4
2325 28 27 5
2326 17 16 6
2327 30 29 9
2328 33 32 10
2329 22 22 4
2330 32 31 5
2331 33 32 4
2332 24 23 5
2333 33 33 5
2334 33 33 9
2335 25 25 7
2336 23 23 5
2337 25 24 6
2338 16 15 5
2339 17 16 4
2340 20 19 5
2341 37 36 4
2342 32 31 9
2343 37 36 10
2344 28 27 5
2345 21 20 6
2346 34 34 8
2347 20 20 4
2348 20 19 5
2349 37 37 5
2350 17 16 4
2351 36 35 5
2352 31 30 8
2353 12 12 4
2354 40 39 5
2355 25 24 4
2356 24 23 5
2357 11 11 5
2358 19 18 4
2359 20 19 5
2360 19 18 4
2361 34 33 7
2362 39 38 8
2363 38 38 6
2364 42 42 8
2365 30 30 6
2366 22 22 4
2367 36 35 5
2368 29 28 4
2369 30 29 5
2370 23 22 6
2371 32 32 6
2372 16 16 4
2373 28 27 5
2374 31 31 5
2375 19 19 5
2376 33 32 4
2377 20 19 5
2378 23 22 4
2379 26 25 5
2380 43 42 4
2381 28 27 5
2382 21 21 5
2383 37 36 4
2384 32 31 5
2385 23 22 4
2386 24 23 5
2387 35 34 6
2388 30 30 4
2389 26 25 5
2390 31 30 4
2391 24 23 5
2392 31 30 6
2393 18 18 4
2394 24 23 5
2395 33 32 6
2396 22 22 4
2397 18 17 7
2398 13 12 4
2399 30 29 5
2400 39 38 6
2401 28 27 5
2402 21 21 5
2403 23 22 6
2404 14 14 4
2405 22 21 5
2406 31 31 5
2407 31 30 4
2408 28 27 5
2409 31 30 4
2410 36 35 5
2411 41 40 4
2412 36 35 5
2413 23 22 6
2414 18 18 4
2415 18 17 5
2416 23 22 4
2417 22 21 5
2418 39 38 4
2419 34 33 5
2420 25 25 5
2421 29 28 4
2422 16 15 5
2423 21 20 6
2424 24 24 4
2425 38 37 9
2426 25 24 4
2427 26 25 5
2428 15 14 4
2429 24 23 5
2430 19 18 4
2431 26 25 5
2432 25 25 5
2433 23 22 4
2434 24 23 7
2435 27 26 4
2436 16 15 5
2437 9 9 5
2438 31 30 6
2439 24 24 4
2440 22 21 5
2441 23 22 4
2442 16 15 5
2443 29 28 4
2444 12 11 5
2445 19 19 5
2446 11 11 5
2447 17 17 5
2448 15 15 5
2449 25 24 6
2450 20 20 4
2451 18 17 5
2452 15 14 4
2453 20 19 5
2454 23 22 6
2455 14 13 5
2456 23 23 5
2457 27 26 4
2458 10 9 5
2459 23 23 5
2460 21 20 6
2461 14 14 6
2462 14 14 4
2463 12 11 5
2464 7 6 5
2465 9 8 4
2466 22 21 5
2467 17 16 4
2468 20 19 5
2469 17 17 5
2470 15 14 4
2471 24 23 5
2472 19 19 5
2473 11 10 4
2474 14 13 5
2475 15 15 5
2476 7 6 5
2477 17 16 6
2478 22 22 4
2479 18 17 5
2480 17 16 4
2481 22 21 5
2482 7 6 5
2483 15 14 6
2484 28 28 4
2485 26 25 7
2486 21 20 6
2487 22 22 4
2488 22 21 5
2489 11 11 5
2490 15 14 4
2491 12 11 5
2492 23 23 7
2493 27 26 4
2494 18 17 5
2495 19 18 4
2496 24 23 5
2497 19 18 6
2498 22 22 4
2499 20 19 5
2500 17 16 4
2501 12 11 5
2502 11 10 4
2503 10 9 5
2504 19 18 4
2505 22 21 5
2506 25 24 6
2507 10 9 5
2508 15 14 6
2509 20 20 4
2510 20 19 5
2511 13 13 5
2512 25 24 4
2513 18 17 5
2514 19 18 6
2515 18 18 4
2516 24 23 5
2517 17 16 6
2518 22 22 4
2519 12 11 5
2520 13 13 5
2521 21 20 4
2522 18 17 5
2523 9 8 4
2524 12 11 5
2525 15 15 5
2526 15 15 7
2527 13 12 4
2528 28 27 7
2529 17 16 4
2530 24 23 5
2531 19 18 8
2532 20 20 4
2533 26 25 5
2534 11 10 4
2535 10 9 5
2536 19 18 4
2537 20 19 5
2538 21 20 6
2539 22 22 4
2540 12 11 5
2541 19 18 6
2542 24 24 4
2543 20 19 5
2544 17 17 5
2545 11 11 5
2546 15 14 6
2547 12 12 4
2548 24 23 5
2549 19 18 4
2550 16 15 5
2551 15 14 6
2552 18 18 4
2553 20 19 5
2554 19 18 4
2555 24 23 7
2556 15 14 4
2557 18 17 5
2558 25 24 4
2559 20 19 5
2560 21 20 4
2561 16 15 5
2562 25 24 6
2563 16 16 4
2564 16 15 5
2565 25 24 6
2566 28 28 4
2567 16 15 5
2568 19 18 4
2569 24 23 5
2570 21 21 5
2571 23 22 6
2572 28 27 5
2573 15 14 4
2574 8 7 6
2575 8 8 4
2576 18 17 5
2577 19 18 6
2578 12 12 4
2579 20 19 5
2580 23 22 6
2581 14 14 4
2582 18 17 5
2583 17 16 6
2584 26 26 4
2585 22 21 5
2586 35 35 5
2587 17 16 4
2588 10 9 5
2589 19 18 6
2590 26 25 5
2591 17 16 4
2592 26 25 5
2593 13 12 6
2594 22 22 6
2595 24 24 4
2596 18 17 5
2597 27 26 4
2598 22 21 5
2599 41 41 5
2600 31 31 7
2601 23 22 6
2602 14 14 4
2603 32 31 5
2604 25 24 4
2605 20 19 5
2606 35 35 5
2607 23 23 5
2608 23 22 4
2609 22 21 5
2610 27 26 6
2611 36 36 4
2612 32 31 5
2613 19 18 4
2614 30 29 5
2615 37 37 5
2616 29 28 4
2617 32 31 5
2618 23 22 4
2619 42 41 5
2620 29 29 5
2621 45 45 5
2622 35 34 4
2623 22 21 5
2624 21 20 4
2625 22 21 5
2626 37 36 4
2627 28 27 5
2628 23 22 4
2629 30 29 5
2630 23 22 4
2631 26 25 5
2632 27 26 4
2633 40 39 5
2634 35 35 5
2635 21 20 4
2636 34 33 5
2637 27 26 4
2638 34 33 5
2639 21 20 4
2640 32 31 5
2641 23 22 4
2642 22 21 5
2643 39 39 5
2644 37 36 4
2645 36 35 5
2646 35 34 4
2647 46 45 7
2648 37 36 4
2649 46 45 5
2650 45 45 5
2651 31 30 4
2652 30 29 5
2653 43 42 4
2654 28 27 5
2655 37 36 6
2656 46 45 5
2657 25 24 4
2658 20 19 5
2659 51 50 4
2660 58 57 5
2661 43 42 4
2662 50 49 5
2663 35 34 6
2664 24 24 4
2665 40 39 5
2666 51 50 4
2667 42 41 5
2668 29 29 5
2669 35 34 4
2670 46 45 5
2671 43 42 4
2672 30 29 5
2673 33 32 6
2674 36 36 4
2675 30 29 5
2676 33 32 4
2677 32 31 5
2678 25 24 4
2679 34 33 5
2680 27 27 5
2681 35 34 4
2682 40 39 5
2683 39 38 4
2684 32 31 5
2685 51 50 6
2686 44 44 6
2687 30 30 4
2688 48 47 5
2689 47 46 4
2690 44 43 5
2691 31 30 4
2692 32 31 5
2693 49 48 6
2694 52 52 6
2695 36 36 6
2696 26 26 4
2697 42 41 5
2698 37 36 4
2699 38 37 5
2700 45 44 6
2701 42 41 5
2702 29 28 6
2703 46 45 5
2704 43 43 7
2705 53 52 6
2706 40 40 4
2707 40 39 7
2708 37 36 4
2709 24 23 5
2710 67 66 6
2711 42 41 5
2712 45 44 6
2713 32 32 4
2714 42 41 7
2715 51 51 5
2716 29 28 6
2717 72 72 8
2718 38 38 4
2719 44 43 11
2720 39 39 7
2721 31 31 5
2722 23 22 6
2723 26 26 6
2724 58 58 8
2725 42 42 10
2726 30 30 4
2727 28 27 5
2728 43 42 4
2729 36 35 7
2730 35 35 5
2731 27 26 4
2732 36 35 5
2733 37 36 8
2734 40 40 8
2735 38 37 5
2736 39 38 6
2737 42 42 6
2738 42 41 7
2739 31 31 5
2740 29 28 4
2741 44 43 7
2742 45 44 6
2743 28 28 4
2744 34 33 7
2745 35 35 5
2746 47 46 6
2747 28 27 7
2748 51 50 6
2749 40 40 6
2750 30 30 8
2751 42 42 6
2752 28 28 6
2753 38 37 5
2754 33 32 8
2755 22 21 5
2756 41 40 4
2757 26 25 5
2758 37 36 8
2759 34 33 5
2760 27 27 5
2761 43 42 6
2762 32 32 4
2763 30 29 5
2764 13 12 4
2765 30 29 5
2766 31 31 5
2767 49 49 5
2768 29 28 6
2769 22 22 4
2770 10 9 5
2771 23 22 4
2772 26 25 5
2773 17 16 4
2774 24 23 5
2775 37 36 4
2776 18 17 5
2777 19 18 4
2778 18 17 5
2779 27 27 5
2780 29 29 5
2781 27 26 8
2782 22 22 6
2783 22 22 4
2784 34 33 5
2785 19 18 4
2786 20 19 5
2787 19 18 6
2788 24 24 6
2789 28 28 6
2790 18 18 4
2791 16 15 5
2792 23 22 4
2793 22 21 5
2794 35 35 7
2795 21 20 4
2796 18 17 5
2797 21 20 4
2798 26 25 7
2799 31 30 4
2800 46 45 5
2801 17 16 4
2802 16 15 5
2803 25 24 4
2804 18 17 5
2805 21 20 4
2806 28 27 5
2807 27 26 6
2808 22 22 6
2809 24 24 4
2810 34 33 5
2811 29 28 4
2812 24 23 5
2813 23 22 6
2814 6 6 6
2815 15 14 4
2816 28 27 5
2817 19 18 4
2818 14 13 5
2819 27 26 6
2820 20 20 6
2821 22 22 4
2822 26 25 5
2823 43 42 6
2824 30 30 6
2825 24 24 6
2826 30 30 4
2827 36 35 5
2828 15 14 4
2829 24 23 5
2830 29 29 5
2831 25 25 5
2832 29 29 7
2833 27 26 6
2834 28 28 4
2835 24 23 5
2836 19 19 5
2837 23 22 6
2838 14 13 5
2839 23 22 4
2840 24 23 5
2841 17 17 5
2842 37 36 6
2843 16 16 4
2844 26 25 5
2845 11 11 5
2846 31 30 6
2847 14 13 5
2848 27 26 4
2849 26 25 5
2850 21 20 6
2851 24 24 6
2852 20 20 6
2853 34 34 6
2854 22 21 5
2855 29 28 6
2856 24 24 4
2857 28 27 5
2858 13 12 4
2859 20 19 5
2860 19 19 7
2861 13 12 4
2862 22 21 5
2863 19 18 4
2864 30 29 7
2865 11 11 5
2866 11 10 4
2867 26 25 7
2868 13 12 4
2869 14 13 5
2870 21 20 6
2871 14 13 5
2872 23 23 5
2873 15 15 5
2874 21 20 4
2875 24 23 5
2876 21 20 4
2877 16 15 5
2878 13 12 4
2879 18 17 7
2880 15 14 4
2881 14 13 5
2882 25 25 5
2883 17 17 7
2884 19 18 4
2885 16 15 5
2886 17 16 4
2887 16 15 5
2888 17 17 5
2889 19 18 4
2890 18 17 7
2891 17 16 4
2892 34 33 7
2893 21 20 4
2894 22 21 5
2895 17 16 4
2896 12 11 5
2897 29 28 4
2898 24 23 7
2899 25 24 4
2900 22 21 5
2901 21 20 6
2902 22 22 6
2903 16 16 4
2904 16 15 5
2905 27 26 6
2906 32 31 5
2907 29 28 6
2908 22 22 4
2909 12 11 5
2910 15 14 6
2911 12 12 4
2912 18 17 5
2913 11 11 5
2914 21 20 6
2915 16 15 5
2916 25 25 7
2917 11 10 4
2918 16 15 5
2919 13 13 5
2920 19 18 4
2921 14 13 5
2922 37 36 4
2923 30 29 5
2924 13 12 4
2925 14 13 5
2926 15 14 6
2927 12 12 4
2928 12 11 5
2929 19 18 6
2930 24 24 4
2931 22 21 5
2932 27 27 7
2933 15 14 4
2934 12 11 5
2935 19 18 4
2936 22 21 5
2937 31 30 6
2938 18 18 4
2939 10 9 5
2940 27 26 6
2941 14 13 5
2942 9 8 4
2943 14 13 5
2944 11 10 4
2945 18 17 7
2946 23 22 4
2947 30 29 5
2948 17 16 4
2949 18 17 5
2950 15 14 4
2951 28 27 5
2952 13 13 5
2953 21 20 4
2954 14 13 5
2955 25 24 6
2956 16 16 6
2957 30 29 7
2958 23 22 6
2959 10 10 4
2960 24 23 7
2961 31 30 4
2962 18 17 5
2963 11 10 4
2964 26 25 5
2965 15 14 6
2966 18 17 5
2967 19 18 6
2968 18 18 4
2969 16 15 5
2970 17 17 5
2971 19 19 5
2972 21 21 5
2973 15 15 5
2974 23 23 5
2975 33 32 6
2976 18 18 6
2977 28 28 6
2978 26 26 6
2979 28 28 6
2980 18 18 4
2981 18 17 5
2982 27 26 6
2983 10 10 4
2984 20 19 5
2985 31 30 4
2986 26 25 5
2987 23 22 6
2988 22 22 6
2989 6 6 6
2990 13 12 4
2991 22 21 5
2992 29 28 6
2993 30 29 5
2994 15 14 4
2995 18 17 5
2996 43 42 6
2997 20 20 4
2998 14 13 5
2999 27 26 6
3000 24 24 4
3001 20 19 5
3002 25 24 6
3003 30 30 4
3004 24 23 5
3005 17 16 6
3006 28 28 4
3007 34 33 5
3008 39 38 4
3009 20 19 5
3010 19 18 4
3011 38 37 5
3012 27 26 6
3013 52 52 6
3014 42 42 4
3015 36 35 5
3016 11 11 5
3017 23 22 6
3018 14 14 4
3019 46 45 5
3020 27 26 4
3021 50 49 5
3022 27 26 4
3023 36 35 5
3024 15 15 5
3025 27 26 4
3026 38 37 5
3027 49 48 4
3028 36 35 5
3029 43 42 4
3030 26 25 5
3031 37 36 6
3032 32 31 5
3033 21 20 4
3034 56 55 5
3035 49 49 5
3036 41 40 6
3037 44 44 6
3038 22 21 5
3039 17 17 5
3040 29 28 6
3041 24 24 4
3042 42 41 5
3043 47 46 4
3044 24 23 5
3045 33 32 4
3046 30 29 7
3047 55 54 8
3048 30 30 4
3049 30 29 5
3050 41 40 4
3051 32 31 5
3052 29 28 4
3053 28 27 5
3054 43 43 5
3055 39 39 7
3056 53 53 7
3057 43 42 6
3058 32 31 9
3059 39 39 7
3060 43 42 6
3061 50 50 10
3062 54 53 5
3063 31 30 6
3064 28 28 4
3065 38 37 5
3066 39 39 7
3067 31 30 4
3068 28 27 7
3069 37 36 10
3070 18 18 4
3071 32 31 7
3072 29 28 6
3073 32 32 6
3074 46 46 8
3075 48 47 9
3076 21 20 6
3077 36 36 8
3078 52 52 12
3079 42 41 11
3080 35 35 9
3081 29 28 6
3082 48 48 14
3083 48 47 9
3084 35 35 7
3085 31 30 10
3086 30 30 6
3087 32 32 8
3088 38 37 7
3089 33 33 9
3090 29 28 10
3091 36 36 10
3092 30 29 7
3093 41 40 10
3094 36 35 7
3095 37 36 12
3096 34 34 8
3097 22 21 5
3098 31 30 8
3099 16 16 4
3100 24 23 5
3101 47 46 12
3102 26 25 7
3103 29 28 6
3104 40 39 7
3105 29 29 5
3106 43 43 5
3107 33 32 6
3108 32 32 6
3109 28 27 9
3110 39 38 8
3111 26 25 5
3112 37 36 8
3113 24 23 7
3114 31 30 6
3115 36 35 13
3116 23 22 6
3117 24 24 6
3118 28 28 8
3119 26 25 5
3120 35 35 7
3121 21 21 5
3122 29 29 9
3123 27 26 6
3124 26 26 6
3125 26 25 5
3126 15 14 4
3127 22 21 5
3128 31 30 6
3129 28 27 5
3130 25 24 6
3131 24 24 6
3132 28 28 4
3133 28 27 5
3134 33 33 5
3135 39 39 9
3136 15 14 4
3137 22 21 5
3138 29 28 4
3139 18 17 5
3140 27 27 7
3141 23 23 7
3142 23 22 6
3143 26 26 10
3144 10 9 5
3145 15 14 6
3146 20 20 6
3147 24 24 6
3148 16 15 5
3149 15 14 6
3150 22 21 7
3151 17 16 4
3152 24 23 5
3153 29 28 4
3154 24 23 5
3155 21 21 5
3156 15 14 4
3157 12 11 5
3158 15 14 4
3159 12 11 5
3160 35 34 6
3161 16 16 4
3162 18 17 5
3163 21 20 4
3164 12 11 5
3165 15 14 4
3166 24 23 5
3167 17 17 5
3168 35 34 6
3169 20 20 6
3170 22 21 5
3171 19 18 6
3172 26 25 5
3173 17 16 4
3174 18 17 5
3175 21 20 4
3176 14 13 5
3177 17 16 4
3178 26 25 7
3179 13 12 6
3180 28 28 6
3181 12 12 4
3182 20 19 5
3183 19 19 5
3184 25 24 4
3185 20 19 5
3186 31 30 4
3187 16 15 5
3188 23 22 6
3189 22 22 6
3190 14 14 4
3191 18 17 5
3192 31 31 5
3193 25 24 4
3194 20 19 5
3195 25 25 5
3196 25 24 6
3197 16 16 4
3198 30 29 5
3199 19 19 5
3200 21 20 4
3201 30 29 5
3202 19 18 4
3203 18 17 5
3204 19 19 5
3205 13 12 4
3206 26 25 5
3207 15 15 5
3208 33 32 6
3209 28 27 5
3210 21 20 6
3211 20 19 5
3212 15 15 5
3213 11 10 4
3214 24 23 5
3215 21 20 4
3216 32 31 5
3217 17 16 4
3218 22 21 5
3219 17 17 5
3220 13 12 4
3221 12 11 5
3222 17 16 4
3223 16 15 5
3224 23 23 5
3225 9 8 4
3226 16 15 5
3227 29 28 6
3228 12 12 4
3229 24 23 5
3230 11 11 5
3231 5 5 5
3232 18 17 5
3233 23 22 6
3234 24 23 5
3235 11 10 4
3236 34 33 5
3237 25 25 7
3238 11 10 4
3239 14 13 5
3240 17 16 4
3241 18 17 5
3242 15 14 4
3243 20 19 5
3244 17 16 6
3245 16 15 5
3246 11 10 4
3247 20 19 5
3248 19 19 5
3249 15 14 6
3250 30 30 6
3251 16 16 4
3252 16 15 5
3253 9 8 4
3254 18 17 5
3255 15 14 6
3256 10 10 4
3257 32 31 5
3258 23 23 5
3259 29 28 6
3260 22 22 4
3261 18 17 5
3262 17 16 4
3263 30 29 5
3264 27 26 6
3265 12 12 4
3266 26 25 5
3267 21 20 4
3268 24 23 5
3269 9 9 5
3270 19 18 4
3271 20 19 5
3272 19 18 4
3273 22 21 5
3274 29 29 7
3275 27 26 4
3276 34 33 7
3277 21 20 4
3278 24 23 5
3279 29 28 6
3280 14 14 4
3281 36 35 5
3282 29 29 5
3283 21 20 6
3284 24 24 6
3285 14 14 4
3286 30 29 5
3287 15 15 5
3288 29 28 4
3289 40 39 5
3290 31 31 5
3291 39 38 6
3292 28 28 4
3293 32 31 5
3294 31 30 4
3295 40 39 5
3296 35 34 4
3297 38 37 5
3298 19 19 5
3299 39 39 5
3300 17 16 4
3301 38 37 7
3302 29 28 4
3303 36 35 5
3304 33 33 5
3305 33 32 4
3306 18 17 5
3307 21 20 4
3308 28 27 5
3309 33 32 6
3310 44 44 4
3311 30 29 5
3312 27 26 4
3313 38 37 5
3314 19 18 6
3315 28 28 4
3316 30 29 5
3317 23 22 4
3318 24 23 5
3319 29 28 4
3320 22 21 5
3321 15 14 4
3322 26 25 5
3323 13 12 6
3324 14 14 4
3325 28 27 5
3326 21 20 4
3327 16 15 5
3328 31 30 6
3329 12 12 4
3330 22 21 5
3331 17 16 6
3332 20 20 4
3333 22 21 5
3334 5 5 5
3335 28 27 5
3336 11 10 4
3337 18 17 5
3338 13 12 4
3339 22 21 5
3340 17 16 4
3341 16 15 5
3342 15 15 5
3343 21 20 4
3344 22 21 5
3345 25 24 6
3346 16 16 4
3347 22 21 5
3348 21 20 4
3349 24 23 5
3350 9 9 5
3351 17 16 4
3352 16 15 5
3353 23 22 6
3354 14 14 4
3355 24 23 5
3356 15 14 6
3357 16 16 6
3358 18 18 4
3359 18 17 5
3360 25 24 4
3361 18 17 5
3362 15 15 5
3363 15 14 4
3364 10 9 5
3365 13 12 4
3366 24 23 5
3367 19 18 4
3368 26 25 5
3369 13 13 5
3370 15 14 6
3371 12 12 4
3372 20 19 5
3373 19 18 4
3374 22 21 5
3375 21 20 4
3376 12 11 5
3377 25 24 6
3378 18 18 4
3379 14 13 5
3380 17 16 6
3381 20 20 6
3382 18 18 4
3383 16 15 5
3384 19 18 4
3385 16 15 5
3386 9 8 4
3387 18 17 5
3388 31 31 5
3389 29 29 5
3390 17 16 4
3391 10 9 5
3392 23 22 6
3393 14 14 4
3394 20 19 5
3395 29 28 6
3396 14 14 4
3397 16 15 5
3398 11 10 4
3399 12 11 5
3400 11 10 4
3401 14 13 5
3402 21 21 5
3403 25 25 5
3404 23 23 5
3405 15 14 4
3406 18 17 5
3407 15 14 4
3408 18 17 5
3409 29 28 6
3410 24 24 4
3411 20 19 5
3412 15 14 4
3413 10 9 5
3414 13 12 4
3415 18 17 5
3416 19 19 5
3417 15 14 4
3418 28 27 7
3419 11 10 4
3420 18 17 5
3421 11 11 5
3422 17 16 4
3423 18 17 5
3424 19 18 4
3425 20 19 5
3426 19 19 5
3427 21 20 4
3428 14 13 5
3429 13 13 5
3430 25 24 4
3431 22 21 5
3432 13 12 4
3433 16 15 5
3434 13 12 4
3435 26 25 5
3436 27 26 4
3437 38 37 5
3438 31 30 4
3439 20 19 5
3440 9 8 4
3441 14 13 5
3442 35 34 6
3443 24 24 4
3444 16 15 5
3445 15 14 4
3446 14 13 5
3447 13 12 4
3448 16 15 5
3449 45 44 4
3450 50 49 5
3451 33 32 4
3452 12 11 5
3453 19 18 4
3454 20 19 5
3455 21 20 6
3456 36 36 4
3457 24 23 5
3458 31 30 4
3459 24 23 5
3460 15 15 5
3461 9 8 4
3462 30 29 5
3463 39 38 6
3464 32 32 4
3465 36 35 5
3466 23 22 4
3467 26 25 5
3468 19 18 6
3469 34 34 8
3470 38 38 4
3471 40 39 5
3472 35 35 5
3473 13 13 5
3474 19 18 6
3475 18 18 6
3476 30 30 6
3477 38 37 5
3478 21 20 4
3479 18 17 5
3480 23 23 5
3481 37 37 7
3482 33 33 5
3483 33 32 6
3484 16 15 5
3485 29 28 6
3486 14 14 4
3487 16 15 5
3488 19 19 5
3489 15 15 5
3490 23 23 5
3491 19 18 6
3492 22 22 4
3493 6 5 4
3494 18 17 5
3495 15 15 5
3496 21 20 4
3497 22 21 5
3498 21 21 5
3499 21 20 4
3500 22 21 5
3501 11 10 4
3502 24 23 7
3503 15 14 4
3504 12 11 5
3505 19 18 4
3506 18 17 5
3507 33 32 4
3508 26 25 5
3509 23 22 6
3510 12 12 4
3511 12 11 5
3512 15 14 4
3513 20 19 5
3514 15 14 4
3515 16 15 5
3516 19 18 6
3517 18 18 6
3518 20 20 4
3519 14 13 5
3520 15 14 4
3521 14 13 5
3522 19 18 6
3523 18 17 5
3524 13 12 6
3525 8 8 4
3526 12 11 5
3527 13 12 6
3528 12 12 4
3529 14 13 5
3530 21 20 6
3531 20 20 4
3532 10 9 5
3533 13 13 5
3534 17 16 4
3535 20 19 5
3536 15 14 6
3537 10 10 4
3538 10 9 5
3539 19 18 4
3540 16 15 5
3541 21 21 5
3542 13 12 6
3543 20 20 6
3544 16 15 5
3545 9 8 4
3546 18 17 5
3547 9 8 4
3548 6 5 4
3549 14 13 5
3550 21 20 4
3551 16 15 5
3552 21 21 5
3553 15 14 6
3554 12 12 4
3555 14 13 5
3556 15 15 5
3557 11 10 4
3558 10 9 5
3559 25 24 6
3560 24 24 6
3561 12 12 4
3562 10 9 5
3563 17 16 6
3564 16 16 4
3565 20 19 5
3566 21 21 5
3567 15 14 4
3568 16 15 5
3569 9 8 4
3570 10 9 5
3571 17 16 4
3572 20 19 5
3573 13 13 5
3574 15 15 5
3575 13 12 4
3576 18 17 5
3577 13 13 5
3578 11 10 4
3579 16 15 5
3580 15 14 6
3581 22 22 6
3582 36 36 6
3583 16 16 4
3584 12 11 5
3585 11 10 4
3586 14 13 5
3587 17 16 6
3588 20 20 6
3589 30 30 6
3590 20 20 4
3591 16 15 5
3592 13 12 6
3593 18 18 6
3594 8 8 4
3595 12 11 5
3596 23 22 4
3597 22 21 5
3598 31 31 5
3599 19 18 6
3600 20 20 4
3601 16 15 5
3602 23 23 5
3603 27 27 5
3604 29 28 6
3605 24 24 6
3606 18 17 5
3607 19 18 4
3608 20 19 5
3609 13 12 4
3610 12 11 5
3611 13 12 4
3612 20 19 7
3613 23 22 6
3614 10 10 4
3615 14 13 5
3616 13 12 4
3617 14 13 5
3618 23 23 5
3619 23 22 4
3620 24 23 5
3621 27 27 5
3622 15 14 6
3623 12 12 4
3624 20 19 5
3625 9 9 5
3626 11 10 4
3627 16 15 5
3628 19 19 5
3629 15 14 4
3630 18 17 5
3631 15 14 6
3632 12 12 4
3633 14 13 5
3634 23 22 4
3635 28 27 5
3636 25 24 6
3637 20 20 4
3638 16 15 5
3639 13 12 6
3640 8 8 4
3641 24 23 5
3642 9 9 5
3643 9 8 4
3644 26 25 5
3645 9 8 4
3646 18 17 5
3647 13 12 4
3648 14 13 5
3649 13 12 6
3650 18 18 6
3651 14 14 6
3652 36 36 6
3653 26 26 4
3654 12 11 5
3655 13 12 4
3656 12 11 5
3657 17 16 6
3658 20 20 4
3659 16 15 5
3660 19 18 4
3661 14 13 5
3662 11 10 4
3663 14 13 5
3664 7 6 5
3665 17 16 4
3666 30 29 5
3667 17 17 5
3668 27 26 4
3669 16 15 5
3670 13 12 4
3671 10 9 5
3672 21 21 5
3673 25 25 5
3674 27 26 6
3675 14 14 4
3676 14 13 5
3677 17 16 4
3678 12 11 5
3679 15 14 4
3680 18 17 5
3681 13 12 4
3682 24 23 5
3683 19 18 4
3684 24 23 5
3685 13 12 4
3686 16 15 5
3687 33 32 4
3688 20 19 5
3689 27 26 6
3690 10 10 4
3691 18 17 5
3692 19 18 4
3693 16 15 5
3694 21 20 4
3695 18 17 5
3696 15 14 4
3697 16 15 5
3698 21 20 6
3699 16 16 4
3700 24 23 5
3701 17 16 4
3702 14 13 5
3703 37 37 5
3704 31 30 6
3705 40 39 5
3706 37 36 6
3707 14 13 5
3708 19 18 4
3709 22 21 5
3710 45 45 5
3711 39 38 4
3712 30 29 5
3713 29 29 5
3714 21 20 4
3715 50 49 5
3716 41 40 4
3717 40 39 5
3718 35 34 4
3719 32 31 5
3720 29 28 4
3721 30 29 5
3722 51 50 4
3723 36 35 5
3724 55 55 5
3725 49 48 4
3726 30 29 7
3727 37 36 4
3728 54 53 5
3729 41 40 6
3730 40 40 4
3731 52 51 7
3732 41 40 8
3733 36 36 6
3734 38 37 7
3735 41 40 4
3736 38 37 5
3737 43 43 5
3738 31 30 6
3739 46 46 4
3740 32 31 5
3741 47 46 6
3742 50 50 4
3743 42 41 5
3744 29 28 4
3745 28 27 5
3746 37 37 5
3747 51 50 4
3748 28 27 5
3749 17 17 5
3750 31 31 5
3751 19 18 4
3752 18 17 5
3753 35 34 8
3754 38 38 4
3755 34 33 7
3756 25 24 6
3757 36 36 8
3758 22 21 5
3759 21 21 7
3760 27 26 4
3761 24 23 5
3762 21 21 5
3763 29 28 8
3764 34 34 6
3765 24 23 5
3766 15 15 5
3767 17 16 8
3768 36 36 10
3769 44 44 10
3770 34 33 9
3771 25 24 6
3772 20 20 8
3773 16 16 4
3774 18 17 5
3775 29 28 4
3776 20 19 5
3777 13 12 4
3778 28 27 5
3779 17 16 4
3780 22 21 5
3781 17 17 5
3782 27 26 8
3783 20 19 7
3784 25 25 11
3785 17 17 5
3786 21 21 5
3787 15 15 5
3788 23 22 4
3789 26 25 5
3790 31 31 9
3791 25 24 4
3792 20 19 5
3793 13 13 5
3794 23 22 6
3795 18 17 5
3796 21 20 4
3797 20 19 5
3798 15 15 5
3799 21 20 4
3800 16 15 5
3801 19 18 6
3802 16 15 5
3803 31 30 6
3804 20 20 4
3805 32 31 7
3806 25 25 5
3807 17 17 5
3808 33 32 6
3809 24 24 6
3810 24 23 7
3811 25 24 6
3812 18 18 6
3813 26 26 4
3814 24 23 5
3815 11 10 4
3816 24 23 7
3817 31 31 5
3818 27 27 5
3819 29 28 6
3820 26 26 4
3821 20 19 5
3822 29 29 5
3823 31 30 4
3824 28 27 5
3825 27 27 5
3826 25 24 4
3827 20 19 5
3828 29 28 4
3829 26 25 5
3830 15 14 4
3831 30 29 5
3832 29 29 5
3833 37 36 4
3834 34 33 5
3835 19 18 4
3836 18 17 5
3837 27 26 4
3838 26 25 7
3839 37 36 6
3840 22 22 4
3841 38 37 7
3842 33 33 5
3843 33 32 6
3844 32 32 6
3845 16 16 4
3846 30 29 5
3847 21 20 6
3848 28 28 6
3849 40 39 9
3850 27 26 6
3851 30 30 6
3852 14 14 4
3853 10 9 5
3854 27 26 4
3855 28 27 5
3856 39 39 9
3857 25 24 6
3858 22 22 6
3859 20 20 6
3860 18 18 6
3861 14 14 4
3862 28 27 5
3863 21 20 6
3864 28 28 6
3865 16 16 4
3866 16 15 5
3867 11 10 4
3868 22 21 5
3869 21 21 5
3870 21 20 4
3871 26 25 5
3872 25 25 5
3873 33 33 5
3874 21 20 4
3875 22 21 5
3876 21 20 4
3877 22 21 5
3878 31 30 4
3879 26 25 5
3880 9 8 4
3881 14 13 5
3882 17 17 5
3883 17 16 4
3884 12 11 5
3885 21 20 4
3886 28 27 5
3887 17 17 5
3888 9 9 5
3889 25 24 4
3890 18 17 5
3891 21 20 6
3892 20 20 4
3893 14 13 5
3894 15 14 4
3895 16 15 5
3896 19 18 4
3897 20 19 5
3898 17 16 6
3899 18 18 4
3900 14 13 5
3901 19 18 4
3902 20 19 5
3903 21 21 5
3904 13 12 4
3905 18 17 7
3906 23 22 6
3907 16 16 4
3908 26 25 5
3909 13 13 5
3910 13 12 6
3911 18 18 4
3912 6 5 4
3913 18 17 5
3914 35 34 6
3915 20 20 4
3916 22 21 5
3917 21 21 5
3918 17 16 4
3919 16 15 5
3920 17 16 4
3921 26 25 5
3922 25 25 5
3923 13 13 5
3924 29 28 4
3925 10 9 5
3926 15 14 4
3927 24 23 5
3928 21 20 4
3929 14 13 5
3930 11 10 4
3931 14 13 5
3932 19 19 5
3933 17 17 5
3934 25 24 8
3935 22 22 6
3936 24 24 4
3937 20 19 5
3938 17 16 6
3939 10 10 4
3940 20 19 5
3941 17 16 6
3942 16 16 6
3943 20 20 4
3944 24 23 5
3945 13 12 4
3946 24 23 5
3947 23 22 6
3948 20 20 4
3949 22 21 5
3950 23 23 5
3951 13 13 5
3952 27 26 4
3953 28 27 5
3954 23 22 6
3955 14 14 4
3956 16 15 5
3957 15 14 4
3958 20 19 7
3959 15 14 4
3960 12 11 5
3961 15 14 4
3962 18 17 7
3963 15 14 4
3964 10 9 5
3965 19 18 6
3966 20 20 6
3967 10 9 5
3968 13 12 4
3969 12 11 5
3970 19 18 6
3971 16 16 4
3972 30 29 7
3973 11 10 4
3974 18 17 5
3975 23 22 6
3976 18 18 6
3977 12 12 6
3978 14 14 4
3979 32 31 7
3980 13 12 6
3981 12 12 4
3982 18 17 5
3983 19 19 5
3984 19 18 4
3985 24 23 5
3986 23 23 5
3987 17 16 6
3988 14 13 5
3989 17 16 6
3990 16 16 6
3991 14 14 4
3992 16 15 5
3993 13 12 4
3994 12 11 5
3995 13 12 4
3996 10 9 5
3997 11 11 5
3998 11 11 5
3999 13 12 4
4000 26 25 5
4001 19 19 5
4002 25 24 6
4003 14 14 4
4004 22 21 5
4005 13 12 4
4006 16 15 5
4007 19 18 6
4008 16 16 4
4009 26 25 5
4010 17 16 6
4011 12 12 4
4012 20 19 5
4013 15 14 6
4014 8 8 4
4015 12 11 5
4016 9 8 4
4017 22 21 7
4018 15 14 4
4019 12 11 5
4020 13 12 6
4021 10 10 4
4022 12 11 5
4023 31 31 5
4024 15 15 5
4025 25 25 5
4026 15 14 6
4027 6 6 6
4028 13 13 5
4029 13 12 4
4030 10 9 5
4031 25 24 6
4032 8 8 4
4033 10 9 5
4034 15 14 4
4035 6 5 4
4036 8 7 6
4037 10 10 4
4038 10 9 5
4039 15 14 6
4040 16 16 4
4041 10 9 5
4042 13 13 5
4043 17 17 5
4044 13 13 5
4045 17 17 5
4046 15 15 5
4047 15 14 4
4048 14 13 5
4049 11 10 4
4050 16 15 5
4051 13 12 4
4052 10 9 5
4053 13 12 6
4054 18 18 6
4055 12 12 4
4056 18 17 5
4057 13 12 4
4058 14 13 5
4059 11 10 4
4060 16 15 7
4061 13 12 6
4062 18 18 4
4063 14 13 5
4064 9 9 5
4065 19 18 6
4066 8 8 4
4067 14 13 5
4068 11 11 5
4069 23 22 6
4070 18 17 5
4071 13 12 4
4072 18 17 7
4073 9 8 4
4074 26 25 5
4075 25 24 4
4076 20 19 5
4077 21 20 4
4078 16 15 5
4079 11 11 5
4080 15 14 4
4081 16 15 7
4082 11 10 4
4083 24 23 7
4084 13 12 4
4085 26 25 5
4086 23 22 4
4087 20 19 5
4088 9 9 5
4089 17 16 4
4090 14 13 5
4091 23 22 6
4092 36 36 4
4093 26 25 5
4094 29 28 6
4095 12 12 4
4096 16 15 5
4097 15 15 7
4098 25 24 4
4099 48 47 7
4100 57 56 6
4101 30 30 4
4102 20 19 5
4103 17 16 6
4104 20 20 4
4105 24 23 5
4106 31 30 6
4107 44 44 4
4108 44 43 5
4109 29 28 4
4110 14 13 5
4111 13 12 4
4112 18 17 5
4113 29 28 6
4114 36 36 4
4115 46 45 5
4116 35 34 4
4117 22 21 5
4118 11 10 4
4119 22 21 5
4120 43 42 4
4121 72 71 5
4122 59 58 4
4123 28 27 5
4124 21 21 5
4125 25 24 6
4126 24 24 4
4127 26 25 5
4128 27 27 5
4129 31 30 4
4130 34 33 5
4131 21 20 4
4132 24 23 5
4133 25 24 6
4134 30 30 4
4135 22 21 5
4136 35 34 4
4137 36 35 5
4138 31 30 6
4139 20 20 4
4140 32 31 5
4141 27 26 6
4142 28 27 5
4143 19 18 6
4144 22 22 4
4145 24 23 5
4146 21 20 6
4147 16 16 4
4148 20 19 5
4149 21 20 4
4150 18 17 5
4151 37 36 4
4152 32 31 5
4153 27 27 5
4154 19 18 6
4155 36 36 4
4156 22 21 5
4157 29 28 4
4158 40 39 5
4159 11 11 5
4160 21 20 4
4161 26 25 5
4162 23 22 4
4163 24 23 5
4164 33 32 4
4165 26 25 5
4166 23 22 4
4167 36 35 5
4168 27 27 5
4169 11 11 5
4170 27 26 4
4171 32 31 5
4172 25 24 4
4173 18 17 5
4174 21 21 5
4175 25 24 4
4176 24 23 5
4177 25 25 5
4178 23 23 5
4179 27 26 6
4180 28 27 13
4181 15 14 4
4182 20 19 5
4183 25 25 7
4184 35 35 9
4185 21 20 4
4186 30 29 5
4187 29 29 5
4188 19 18 4
4189 28 27 5
4190 27 27 5
4191 17 16 4
4192 24 23 5
4193 17 17 5
4194 25 24 6
4195 14 14 4
4196 16 15 5
4197 9 8 4
4198 28 27 5
4199 9 8 4
4200 20 19 5
4201 27 27 9
4202 19 19 7
4203 39 38 12
4204 24 24 6
4205 22 22 6
4206 14 14 6
4207 20 20 6
4208 22 22 4
4209 22 21 5
4210 19 18 4
4211 20 19 5
4212 25 24 4
4213 28 27 5
4214 13 12 4
4215 16 15 5
4216 17 17 5
4217 25 24 6
4218 50 49 9
4219 25 25 7
4220 23 23 5
4221 13 12 4
4222 18 17 5
4223 17 16 4
4224 22 21 5
4225 17 16 4
4226 26 25 5
4227 19 18 6
4228 20 20 4
4229 18 17 5
4230 11 10 4
4231 28 27 7
4232 19 18 8
4233 18 18 4
4234 18 17 5
4235 13 12 4
4236 20 19 7
4237 15 15 5
4238 15 14 4
4239 28 27 5
4240 19 19 5
4241 19 18 6
4242 20 20 4
4243 10 9 5
4244 13 12 4
4245 20 19 5
4246 19 18 4
4247 30 29 5
4248 13 13 5
4249 9 9 5
4250 17 16 4
4251 24 23 7
4252 25 24 6
4253 24 24 6
4254 20 20 4
4255 28 27 5
4256 17 16 4
4257 20 19 5
4258 19 18 6
4259 28 27 5
4260 35 34 4
4261 16 15 5
4262 23 23 5
4263 21 21 5
4264 25 24 6
4265 20 20 4
4266 26 25 5
4267 21 20 6
4268 32 32 6
4269 14 14 4
4270 12 11 5
4271 23 22 4
4272 14 13 5
4273 21 21 5
4274 19 18 4
4275 30 29 7
4276 25 24 6
4277 16 16 4
4278 22 21 5
4279 17 16 6
4280 32 31 5
4281 19 18 6
4282 32 32 4
4283 24 23 5
4284 31 31 5
4285 15 14 4
4286 20 19 5
4287 23 23 5
4288 21 21 5
4289 29 29 5
4290 17 16 4
4291 28 27 7
4292 29 28 6
4293 14 13 5
4294 13 13 5
4295 17 17 5
4296 19 19 5
4297 17 16 4
4298 24 23 5
4299 19 18 6
4300 16 16 4
4301 30 29 5
4302 23 22 6
4303 26 25 5
4304 23 23 5
4305 11 11 5
4306 21 21 5
4307 25 24 4
4308 42 41 5
4309 31 30 4
4310 16 15 5
4311 17 16 4
4312 10 9 5
4313 33 32 8
4314 24 24 4
4315 24 23 5
4316 13 12 4
4317 24 23 5
4318 13 12 4
4319 16 15 5
4320 13 12 6
4321 30 30 4
4322 16 15 5
4323 13 13 5
4324 19 18 4
4325 22 21 5
4326 15 15 5
4327 21 20 4
4328 24 23 5
4329 29 28 4
4330 12 11 5
4331 15 15 5
4332 11 10 4
4333 14 13 5
4334 11 10 4
4335 18 17 5
4336 23 22 6
4337 12 12 4
4338 14 13 5
4339 17 16 4
4340 16 15 5
4341 15 15 5
4342 19 18 4
4343 18 17 5
4344 21 21 5
4345 25 24 6
4346 16 16 6
4347 12 12 6
4348 10 10 4
4349 16 15 5
4350 19 18 6
4351 18 17 5
4352 15 14 4
4353 16 15 7
4354 15 14 4
4355 12 11 5
4356 11 10 6
4357 18 18 4
4358 14 13 5
4359 17 17 5
4360 23 22 6
4361 12 12 4
4362 18 17 5
4363 19 18 6
4364 14 14 6
4365 12 12 4
4366 16 15 5
4367 13 12 4
4368 16 15 5
4369 11 11 5
4370 25 25 5
4371 11 10 4
4372 18 17 5
4373 19 18 6
4374 22 22 6
4375 10 10 4
4376 16 15 5
4377 15 14 4
4378 14 13 5
4379 9 8 4
4380 22 21 7
4381 21 20 4
4382 28 27 5
4383 19 18 6
4384 16 15 5
4385 11 10 4
4386 8 7 6
4387 8 8 4
4388 22 21 5
4389 15 14 6
4390 10 10 6
4391 14 14 4
4392 24 23 5
4393 17 16 4
4394 16 15 5
4395 23 22 6
4396 22 21 5
4397 13 13 5
4398 17 16 6
4399 20 20 6
4400 12 12 4
4401 10 9 5
4402 17 16 6
4403 14 14 4
4404 20 19 5
4405 11 10 4
4406 14 13 5
4407 11 10 6
4408 12 12 6
4409 18 18 6
4410 10 10 4
4411 12 11 5
4412 25 24 4
4413 12 11 5
4414 11 10 4
4415 10 9 5
4416 23 23 5
4417 15 15 5
4418 5 5 5
4419 10 9 5
4420 15 14 4
4421 20 19 5
4422 13 13 5
4423 23 22 6
4424 14 14 4
4425 12 11 5
4426 13 12 4
4427 24 23 5
4428 19 19 5
4429 23 22 6
4430 12 12 6
4431 14 14 4
4432 20 19 5
4433 11 11 5
4434 13 12 4
4435 20 19 5
4436 13 13 5
4437 19 18 6
4438 16 16 6
4439 14 14 6
4440 22 22 4
4441 16 15 5
4442 13 12 4
4443 16 15 5
4444 27 27 7
4445 21 20 4
4446 16 15 5
4447 13 12 4
4448 16 15 5
4449 17 16 6
4450 28 28 6
4451 16 15 5
4452 29 28 6
4453 26 26 4
4454 12 11 5
4455 15 14 4
4456 14 13 5
4457 19 18 4
4458 22 21 5
4459 25 25 5
4460 27 26 6
4461 18 18 4
4462 24 23 5
4463 25 25 5
4464 35 34 4
4465 36 35 5
4466 15 14 6
4467 34 34 4
4468 40 39 5
4469 29 28 4
4470 32 31 5
4471 39 38 4
4472 40 39 5
4473 49 48 4
4474 34 33 5
4475 51 50 4
4476 44 43 5
4477 55 55 5
4478 33 32 4
4479 46 45 5
4480 41 40 4
4481 50 49 5
4482 51 50 4
4483 44 43 5
4484 49 49 7
4485 53 52 6
4486 42 41 5
4487 47 47 5
4488 23 22 4
4489 34 33 5
4490 29 28 6
4491 34 34 4
4492 26 25 5
4493 27 26 4
4494 30 29 5
4495 39 38 4
4496 30 29 5
4497 31 31 5
4498 21 20 4
4499 48 47 7
4500 33 33 5
4501 31 30 4
4502 30 29 5
4503 43 42 4
4504 42 41 7
4505 59 59 5
4506 39 38 4
4507 34 33 5
4508 43 42 4
4509 44 43 5
4510 19 18 4
4511 38 37 5
4512 39 39 5
4513 31 31 5
4514 39 38 6
4515 22 21 5
4516 25 24 4
4517 32 31 5
4518 29 29 5
4519 29 28 6
4520 26 25 5
4521 35 35 7
4522 39 39 5
4523 33 33 5
4524 27 27 5
4525 33 33 5
4526 31 30 6
4527 32 31 9
4528 31 30 6
4529 42 42 6
4530 22 22 8
4531 18 18 4
4532 36 35 7
4533 43 43 7
4534 41 41 9
4535 63 63 13
4536 37 36 10
4537 22 22 6
4538 44 43 13
4539 23 22 6
4540 36 35 7
4541 13 12 4
4542 52 51 11
4543 37 36 8
4544 24 24 6
4545 28 27 5
4546 35 34 8
4547 46 46 10
4548 40 39 9
4549 39 39 7
4550 13 13 5
4551 39 38 8
4552 34 33 5
4553 29 29 5
4554 25 25 5
4555 29 29 5
4556 37 36 6
4557 32 32 4
4558 26 25 7
4559 39 38 8
4560 30 30 6
4561 36 35 5
4562 37 37 11
4563 41 40 10
4564 34 34 10
4565 30 29 7
4566 37 36 6
4567 28 28 8
4568 32 32 6
4569 20 20 4
4570 30 29 5
4571 23 22 4
4572 16 15 5
4573 23 23 7
4574 31 30 6
4575 28 28 6
4576 42 41 7
4577 27 26 4
4578 32 31 5
4579 11 10 4
4580 28 27 5
4581 27 27 5
4582 21 20 4
4583 24 23 5
4584 27 27 5
4585 33 33 9
4586 17 16 4
4587 32 31 7
4588 39 38 10
4589 32 32 8
4590 26 26 8
4591 22 21 5
4592 13 13 5
4593 37 36 8
4594 30 30 4
4595 28 27 5
4596 23 23 7
4597 25 24 4
4598 28 27 5
4599 29 28 4
4600 34 33 5
4601 29 29 5
4602 31 31 5
4603 27 26 4
4604 32 31 5
4605 27 26 4
4606 26 25 5
4607 27 26 4
4608 28 27 5
4609 21 21 5
4610 37 36 4
4611 30 29 5
4612 13 12 4
4613 26 25 5
4614 15 15 5
4615 37 36 8
4616 28 28 4
4617 32 31 7
4618 35 34 8
4619 26 26 6
4620 36 36 4
4621 26 25 5
4622 27 27 5
4623 19 19 5
4624 37 36 6
4625 30 30 6
4626 24 24 4
4627 22 21 5
4628 27 27 5
4629 41 40 8
4630 30 29 5
4631 27 27 5
4632 37 36 8
4633 34 34 8
4634 34 33 7
4635 21 20 6
4636 22 22 4
4637 32 31 7
4638 31 31 7
4639 43 42 4
4640 28 27 5
4641 27 26 6
4642 26 26 4
4643 16 15 5
4644 29 28 4
4645 30 29 5
4646 23 23 5
4647 19 18 6
4648 18 18 4
4649 24 23 5
4650 29 28 6
4651 28 27 9
4652 21 20 6
4653 22 22 6
4654 22 22 6
4655 24 24 4
4656 28 27 5
4657 33 32 4
4658 18 17 5
4659 19 18 4
4660 20 19 5
4661 27 26 6
4662 22 22 4
4663 22 21 5
4664 35 34 6
4665 18 18 4
4666 30 29 5
4667 25 24 6
4668 18 18 4
4669 26 25 5
4670 33 32 4
4671 20 19 5
4672 25 24 4
4673 20 19 5
4674 31 30 6
4675 16 16 4
4676 18 17 5
4677 29 28 4
4678 34 33 5
4679 21 20 6
4680 12 12 4
4681 22 21 5
4682 17 16 4
4683 26 25 5
4684 37 37 5
4685 25 24 6
4686 16 15 5
4687 15 14 4
4688 16 15 5
4689 15 14 6
4690 10 10 4
4691 14 13 5
4692 25 24 6
4693 16 16 4
4694 22 21 5
4695 21 20 4
4696 24 23 5
4697 19 18 4
4698 16 15 5
4699 19 18 4
4700 36 35 5
4701 21 20 6
4702 10 10 4
4703 12 11 5
4704 21 20 6
4705 14 14 4
4706 26 25 5
4707 17 16 4
4708 16 15 5
4709 9 9 5
4710 17 16 4
4711 16 15 5
4712 23 22 6
4713 20 20 4
4714 22 21 5
4715 19 18 4
4716 20 19 5
4717 15 14 4
4718 24 23 5
4719 15 14 6
4720 20 20 6
4721 16 16 4
4722 22 21 5
4723 17 17 5
4724 9 9 5
4725 27 26 6
4726 18 18 4
4727 10 9 5
4728 25 24 4
4729 18 17 5
4730 17 17 5
4731 23 22 4
4732 28 27 7
4733 23 22 4
4734 18 17 5
4735 15 14 4
4736 18 17 5
4737 15 15 5
4738 19 18 4
4739 18 17 5
4740 17 16 6
4741 18 18 4
4742 28 27 5
4743 23 23 5
4744 19 18 4
4745 14 13 5
4746 13 12 6
4747 14 14 4
4748 24 23 5
4749 27 26 6
4750 18 17 5
4751 23 22 6
4752 16 15 5
4753 15 15 5
4754 19 19 5
4755 13 13 5
4756 11 11 5
4757 19 19 5
4758 13 12 4
4759 26 25 5
4760 15 14 4
4761 28 27 5
4762 23 22 4
4763 24 23 5
4764 9 9 5
4765 15 14 4
4766 22 21 5
4767 19 19 5
4768 23 22 4
4769 20 19 5
4770 19 19 5
4771 17 16 4
4772 12 11 5
4773 13 12 4
4774 12 11 5
4775 15 14 6
4776 22 22 4
4777 24 23 5
4778 35 34 6
4779 18 17 5
4780 25 24 6
4781 16 16 4
4782 18 17 5
4783 23 23 5
4784 33 32 6
4785 38 38 4
4786 24 23 7
4787 13 12 4
4788 16 15 5
4789 23 22 4
4790 24 23 5
4791 25 24 4
4792 24 23 5
4793 13 13 5
4794 25 24 4
4795 30 29 7
4796 15 14 4
4797 16 15 5
4798 25 24 6
4799 36 35 5
4800 31 30 4
4801 24 23 5
4802 13 12 4
4803 20 19 5
4804 31 30 4
4805 26 25 5
4806 15 15 5
4807 23 23 5
4808 31 31 5
4809 27 26 4
4810 18 17 5
4811 29 28 6
4812 24 23 5
4813 21 21 5
4814 23 22 6
4815 24 24 4
4816 28 27 5
4817 21 20 4
4818 26 25 5
4819 21 20 4
4820 22 21 5
4821 23 22 6
4822 14 14 4
4823 24 23 5
4824 25 24 6
4825 28 28 4
4826 12 11 5
4827 21 20 4
4828 18 17 5
4829 17 16 6
4830 34 34 4
4831 38 37 5
4832 49 48 4
4833 34 33 5
4834 17 16 4
4835 32 31 5
4836 33 33 5
4837 53 52 4
4838 36 35 5
4839 21 21 5
4840 37 36 6
4841 18 17 5
4842 41 40 6
4843 42 42 4
4844 36 35 5
4845 19 19 5
4846 31 30 6
4847 42 41 7
4848 41 41 5
4849 47 47 5
4850 25 24 4
4851 32 31 5
4852 31 31 5
4853 25 24 4
4854 56 55 7
4855 35 34 6
4856 40 39 5
4857 29 28 6
4858 52 51 5
4859 43 42 6
4860 32 31 5
4861 51 51 15
4862 43 42 4
4863 28 27 5
4864 35 34 4
4865 46 45 7
4866 37 37 5
4867 39 38 10
4868 28 27 5
4869 37 37 5
4870 45 44 8
4871 36 36 8
4872 20 19 5
4873 39 38 4
4874 30 29 9
4875 25 25 5
4876 35 34 10
4877 38 37 13
4878 23 22 4
4879 34 33 5
4880 19 18 6
4881 34 34 4
4882 24 23 5
4883 53 52 14
4884 16 16 4
4885 28 27 5
4886 25 24 4
4887 36 35 7
4888 37 37 7
4889 31 30 8
4890 28 27 5
4891 13 12 4
4892 30 29 5
4893 23 22 4
4894 16 15 5
4895 21 21 5
4896 29 28 6
4897 24 23 5
4898 31 30 4
4899 42 41 5
4900 47 46 8
4901 22 22 4
4902 34 33 9
4903 21 21 7
4904 27 26 6
4905 20 20 6
4906 42 41 7
4907 31 30 4
4908 24 23 5
4909 35 34 6
4910 30 30 6
4911 44 44 10
4912 38 37 11
4913 25 25 5
4914 31 31 5
4915 37 37 5
4916 33 33 5
4917 27 26 4
4918 48 47 9
4919 19 19 5
4920 43 42 8
4921 34 33 7
4922 25 24 4
4923 34 33 5
4924 15 15 5
4925 39 39 9
4926 43 42 10
4927 46 46 10
4928 26 25 5
4929 23 22 6
4930 26 26 4
4931 28 27 5
4932 37 36 6
4933 18 18 6
4934 24 24 6
4935 14 14 4
4936 26 25 7
4937 33 32 4
4938 22 21 5
4939 15 15 5
4940 21 20 4
4941 32 31 5
4942 33 32 6
4943 28 28 8
4944 20 20 6
4945 14 13 5
4946 19 18 6
4947 14 13 5
4948 31 31 7
4949 31 30 6
4950 28 27 5
4951 23 23 5
4952 19 18 4
4953 22 21 5
4954 25 24 6
4955 26 25 5
4956 21 20 6
4957 26 25 5
4958 27 27 7
4959 23 22 8
4960 16 16 4
4961 14 13 5
4962 29 29 11
4963 11 11 5
4964 27 26 6
4965 10 10 4
4966 18 17 5
4967 21 20 4
4968 20 19 5
4969 17 17 5
4970 15 14 4
4971 18 17 5
4972 17 17 5
4973 21 20 4
4974 16 15 5
4975 17 16 6
4976 18 17 5
4977 19 18 4
4978 24 23 5
4979 17 17 5
4980 25 25 5
4981 13 12 4
4982 26 25 5
4983 17 16 4
4984 20 19 7
4985 17 16 6
4986 14 14 4
4987 18 17 5
4988 25 24 6
4989 16 16 6
4990 20 20 6
4991 24 24 6
4992 16 15 5
4993 17 16 6
4994 22 22 6
4995 16 16 4
4996 34 33 7
4997 21 20 4
4998 12 11 5
4999 19 18 4
5000 34 33 5
5001 17 17 5
5002 23 23 5
5003 23 22 6
5004 20 20 4
5005 22 21 5
5006 19 19 5
5007 35 34 6
5008 34 33 5
5009 31 30 4
5010 24 23 5
5011 23 23 5
5012 23 22 4
5013 18 17 5
5014 29 29 5
5015 29 28 4
5016 28 27 5
5017 29 29 5
5018 15 15 5
5019 27 26 4
5020 14 13 5
5021 27 27 5
5022 29 28 6
5023 14 14 4
5024 12 11 5
5025 37 36 6
5026 28 28 4
5027 28 27 5
5028 23 22 4
5029 18 17 5
5030 17 16 4
5031 16 15 5
5032 21 21 5
5033 29 28 6
5034 14 14 4
5035 18 17 5
5036 19 18 4
5037 18 17 5
5038 27 26 4
5039 20 19 5
5040 19 18 4
5041 14 13 5
5042 7 6 5
5043 17 16 4
5044 20 19 5
5045 25 25 5
5046 25 25 5
5047 33 32 6
5048 10 10 4
5049 14 13 5
5050 15 14 4
5051 16 15 5
5052 13 13 5
5053 23 22 8
5054 22 22 4
5055 22 21 5
5056 21 20 4
5057 22 21 5
5058 9 8 4
5059 24 23 5
5060 25 24 6
5061 20 20 4
5062 20 19 7
5063 13 12 6
5064 12 12 4
5065 22 21 5
5066 27 26 6
5067 20 19 5
5068 11 10 4
5069 16 15 5
5070 21 21 5
5071 19 18 4
5072 22 21 5
5073 25 24 6
5074 22 22 4
5075 18 17 5
5076 19 18 4
5077 16 15 5
5078 17 17 5
5079 19 18 4
5080 20 19 5
5081 15 14 4
5082 14 13 5
5083 17 17 5
5084 19 18 6
5085 16 16 4
5086 12 11 5
5087 19 18 4
5088 32 31 5
5089 25 24 6
5090 16 16 4
5091 20 19 5
5092 19 18 4
5093 20 19 5
5094 17 17 7
5095 19 18 4
5096 22 21 5
5097 21 21 5
5098 17 16 4
5099 14 13 5
5100 11 10 4
5101 14 13 5
5102 17 17 5
5103 19 19 5
5104 17 17 5
5105 27 27 5
5106 13 13 5
5107 11 10 4
5108 22 21 5
5109 15 14 6
5110 8 8 4
5111 20 19 5
5112 13 12 6
5113 14 14 4
5114 16 15 5
5115 17 17 5
5116 25 24 6
5117 24 23 5
5118 19 19 5
5119 13 13 5
5120 15 15 5
5121 19 19 5
5122 19 18 4
5123 12 11 5
5124 17 16 6
5125 14 14 4
5126 18 17 5
5127 23 22 6
5128 12 11 5
5129 23 22 6
5130 16 16 6
5131 24 24 6
5132 16 16 6
5133 14 13 5
5134 13 12 4
5135 12 11 5
5136 19 18 4
5137 18 17 5
5138 17 17 7
5139 19 18 4
5140 12 11 5
5141 19 18 6
5142 16 16 4
5143 18 17 5
5144 31 30 4
5145 20 19 5
5146 19 18 6
5147 20 19 5
5148 13 12 6
5149 28 28 4
5150 18 17 5
5151 19 18 6
5152 12 11 5
5153 11 11 5
5154 15 14 4
5155 24 23 5
5156 13 12 4
5157 12 11 5
5158 23 22 4
5159 20 19 5
5160 21 21 5
5161 27 26 4
5162 20 19 5
5163 19 19 5
5164 33 32 4
5165 16 15 5
5166 23 22 4
5167 20 19 5
5168 13 12 6
5169 6 6 6
5170 13 12 4
5171 22 21 5
5172 21 21 5
5173 21 20 4
5174 22 21 5
5175 17 16 4
5176 22 21 5
5177 7 6 5
5178 13 12 4
5179 18 17 5
5180 21 21 5
5181 9 8 4
5182 18 17 5
5183 11 11 5
5184 21 20 6
5185 12 12 4
5186 26 25 5
5187 29 28 4
5188 22 21 5
5189 19 18 6
5190 18 18 4
5191 26 25 5
5192 15 14 4
5193 16 15 5
5194 19 18 4
5195 22 21 5
5196 31 30 6
5197 24 23 5
5198 21 20 4
5199 16 15 5
5200 15 14 4
5201 18 17 5
5202 23 23 5
5203 27 26 6
5204 12 12 4
5205 22 21 5
5206 19 18 6
5207 30 30 4
5208 20 19 5
5209 23 23 5
5210 15 14 6
5211 30 30 4
5212 16 15 5
5213 29 28 4
5214 26 25 5
5215 27 26 4
5216 32 31 5
5217 19 18 4
5218 18 17 5
5219 11 10 4
5220 28 27 5
5221 21 20 6
5222 30 30 6
5223 22 22 4
5224 30 29 5
5225 21 20 6
5226 14 14 4
5227 22 21 5
5228 35 34 4
5229 28 27 5
5230 43 42 6
5231 16 15 5
5232 25 24 6
5233 32 32 4
5234 30 29 5
5235 33 32 6
5236 34 33 5
5237 39 38 4
5238 20 19 5
5239 23 22 4
5240 26 25 5
5241 19 18 4
5242 30 29 5
5243 35 34 8
5244 26 26 4
5245 20 19 5
5246 33 32 6
5247 26 26 4
5248 28 27 5
5249 37 37 7
5250 21 21 5
5251 25 24 6
5252 32 31 5
5253 29 28 6
5254 42 41 9
5255 37 37 5
5256 49 49 5
5257 43 43 7
5258 29 29 5
5259 41 41 9
5260 23 23 5
5261 23 22 4
5262 18 17 5
5263 19 18 4
5264 30 29 7
5265 25 25 5
5266 19 18 6
5267 24 23 5
5268 19 18 4
5269 24 23 5
5270 19 18 4
5271 20 19 5
5272 27 27 5
5273 33 33 5
5274 15 14 4
5275 18 17 5
5276 15 15 5
5277 21 20 4
5278 22 21 5
5279 21 20 6
5280 24 24 6
5281 16 16 4
5282 20 19 5
5283 11 10 4
5284 16 15 5
5285 35 35 7
5286 21 21 5
5287 15 14 6
5288 26 26 6
5289 14 14 4
5290 10 9 5
5291 25 24 6
5292 14 14 4
5293 10 9 5
5294 13 13 5
5295 17 17 7
5296 19 19 5
5297 19 19 5
5298 17 16 6
5299 30 30 4
5300 16 15 5
5301 21 20 6
5302 24 24 6
5303 18 18 6
5304 14 14 4
5305 14 13 5
5306 29 29 5
5307 23 22 6
5308 18 17 7
5309 23 23 5
5310 19 19 7
5311 15 14 4
5312 16 15 5
5313 25 24 6
5314 26 26 8
5315 22 21 5
5316 11 11 5
5317 13 13 5
5318 21 20 6
5319 26 26 6
5320 28 28 4
5321 32 31 5
5322 29 28 6
5323 12 12 4
5324 18 17 5
5325 15 14 4
5326 26 25 5
5327 17 16 4
5328 12 11 5
5329 15 14 4
5330 12 11 5
5331 15 14 6
5332 18 18 4
5333 12 11 5
5334 19 18 6
5335 38 37 5
5336 21 20 4
5337 26 25 5
5338 15 14 6
5339 28 27 5
5340 19 19 5
5341 17 16 4
5342 20 19 5
5343 7 6 5
5344 19 18 6
5345 18 18 6
5346 14 14 4
5347 20 19 7
5348 17 16 4
5349 16 15 5
5350 9 9 5
5351 13 12 6
5352 24 24 6
5353 20 20 6
5354 22 22 4
5355 20 19 5
5356 23 22 6
5357 8 8 4
5358 14 13 5
5359 9 9 5
5360 19 18 4
5361 12 11 5
5362 17 16 4
5363 10 9 5
5364 23 22 6
5365 20 20 4
5366 24 23 5
5367 21 20 4
5368 22 21 5
5369 19 19 5
5370 15 14 4
5371 24 23 5
5372 11 10 4
5373 12 11 5
5374 9 8 4
5375 20 19 5
5376 19 19 5
5377 13 13 5
5378 19 18 6
5379 12 12 4
5380 14 13 5
5381 25 24 6
5382 14 14 4
5383 30 29 7
5384 17 16 4
5385 22 21 5
5386 15 14 4
5387 26 25 5
5388 11 10 6
5389 16 15 5
5390 23 22 4
5391 16 15 5
5392 13 13 5
5393 21 20 4
5394 14 13 5
5395 15 14 4
5396 24 23 7
5397 23 23 5
5398 19 18 6
5399 20 20 6
5400 16 15 5
5401 21 21 5
5402 21 21 5
5403 19 18 6
5404 22 22 4
5405 20 19 5
5406 19 18 4
5407 16 15 5
5408 15 14 8
5409 20 20 4
5410 30 29 5
5411 15 15 5
5412 19 18 6
5413 10 10 4
5414 12 11 5
5415 11 10 4
5416 24 23 5
5417 13 13 5
5418 31 30 6
5419 10 9 5
5420 19 18 4
5421 16 15 5
5422 19 19 5
5423 21 21 5
5424 19 19 5
5425 29 29 5
5426 23 23 5
5427 25 24 6
5428 24 24 4
5429 18 17 5
5430 21 21 7
5431 25 24 4
5432 18 17 7
5433 19 18 4
5434 10 9 5
5435 27 26 4
5436 22 21 5
5437 25 24 4
5438 18 17 5
5439 21 20 6
5440 26 25 5
5441 21 20 6
5442 22 22 4
5443 28 27 5
5444 23 23 5
5445 19 19 5
5446 17 16 4
5447 22 21 5
5448 19 18 4
5449 16 15 5
5450 13 13 5
5451 13 13 5
5452 17 17 5
5453 15 14 6
5454 28 28 6
5455 20 20 6
5456 10 10 4
5457 16 15 5
5458 19 18 6
5459 16 15 5
5460 9 8 4
5461 6 5 4
5462 22 21 7
5463 21 20 6
5464 14 14 6
5465 10 10 6
5466 12 12 4
5467 16 15 5
5468 25 24 6
5469 22 22 6
5470 22 21 5
5471 19 18 6
5472 20 20 6
5473 18 18 4
5474 22 21 5
5475 17 16 6
5476 10 10 4
5477 14 13 5
5478 25 25 5
5479 27 27 5
5480 9 8 4
5481 24 23 5
5482 21 21 5
5483 41 41 5
5484 11 10 4
5485 22 21 5
5486 19 18 4
5487 20 19 5
5488 49 48 4
5489 28 27 5
5490 29 28 4
5491 12 11 5
5492 33 32 4
5493 20 19 5
5494 21 20 4
5495 34 33 5
5496 45 44 4
5497 30 29 5
5498 13 12 4
5499 22 21 5
5500 27 26 4
5501 26 25 5
5502 25 24 4
5503 20 19 5
5504 29 28 4
5505 12 11 5
5506 15 14 4
5507 32 31 5
5508 35 35 5
5509 35 34 6
5510 28 28 4
5511 22 21 5
5512 17 16 4
5513 14 13 5
5514 15 14 4
5515 30 29 5
5516 37 36 4
5517 28 27 7
5518 17 16 4
5519 26 25 5
5520 23 22 4
5521 32 31 5
5522 25 24 4
5523 42 41 7
5524 25 24 4
5525 22 21 5
5526 17 17 5
5527 31 30 4
5528 38 37 5
5529 35 34 6
5530 32 32 4
5531 22 21 5
5532 21 20 4
5533 30 29 7
5534 21 20 4
5535 32 31 5
5536 49 49 7
5537 31 30 4
5538 52 51 7
5539 25 25 5
5540 29 29 7
5541 29 28 6
5542 34 33 5
5543 45 44 10
5544 24 23 5
5545 31 30 4
5546 36 35 5
5547 13 13 5
5548 23 22 6
5549 26 26 6
5550 36 36 6
5551 36 36 4
5552 36 35 7
5553 13 12 4
5554 38 37 9
5555 37 37 7
5556 51 50 10
5557 42 42 4
5558 40 39 13
5559 23 23 5
5560 27 26 6
5561 42 42 6
5562 20 19 5
5563 29 28 4
5564 22 21 5
5565 33 32 4
5566 26 25 5
5567 31 30 4
5568 28 27 5
5569 31 31 5
5570 27 26 4
5571 38 37 9
5572 33 32 6
5573 36 36 12
5574 34 34 6
5575 38 38 6
5576 34 34 8
5577 12 11 5
5578 23 22 4
5579 26 25 7
5580 49 49 7
5581 25 24 10
5582 22 22 4
5583 18 17 5
5584 25 24 4
5585 20 19 7
5586 17 16 4
5587 28 27 5
5588 19 19 5
5589 15 14 6
5590 10 10 4
5591 18 17 5
5592 15 14 6
5593 28 28 4
5594 22 21 5
5595 31 30 8
5596 18 18 6
5597 12 12 4
5598 18 17 5
5599 29 28 6
5600 18 17 5
5601 15 15 5
5602 27 27 5
5603 23 22 6
5604 10 10 4
5605 18 17 5
5606 25 25 5
5607 19 19 5
5608 23 22 6
5609 40 40 8
5610 24 24 6
5611 20 20 4
5612 30 29 5
5613 19 18 4
5614 24 23 5
5615 19 19 5
5616 21 21 5
5617 31 30 4
5618 20 19 5
5619 23 22 6
5620 22 22 6
5621 20 20 4
5622 24 23 5
5623 23 22 4
5624 12 11 5
5625 25 24 4
5626 24 23 7
5627 13 12 4
5628 26 25 5
5629 17 16 4
5630 36 35 5
5631 23 23 5
5632 25 24 6
5633 22 22 4
5634 16 15 5
5635 25 24 6
5636 24 24 4
5637 26 25 5
5638 17 17 5
5639 25 24 4
5640 24 23 5
5641 21 20 4
5642 16 15 5
5643 13 13 5
5644 27 26 6
5645 26 25 5
5646 15 14 4
5647 12 11 5
5648 7 6 5
5649 11 10 4
5650 24 23 5
5651 23 23 5
5652 25 24 4
5653 22 21 5
5654 15 14 4
5655 22 21 5
5656 21 21 5
5657 17 16 4
5658 20 19 5
5659 33 32 6
5660 20 19 5
5661 11 11 5
5662 11 10 4
5663 16 15 5
5664 21 20 4
5665 30 29 7
5666 11 10 4
5667 14 13 5
5668 15 15 5
5669 13 12 4
5670 12 11 5
5671 13 12 4
5672 28 27 5
5673 23 23 5
5674 19 18 4
5675 16 15 5
5676 17 17 5
5677 11 10 4
5678 10 9 5
5679 27 26 4
5680 24 23 5
5681 19 19 5
5682 13 12 4
5683 14 13 5
5684 25 24 4
5685 12 11 5
5686 17 16 4
5687 18 17 5
5688 23 22 6
5689 20 20 4
5690 12 11 5
5691 19 18 6
5692 24 23 5
5693 21 20 6
5694 24 24 4
5695 28 27 5
5696 21 21 5
5697 25 25 5
5698 13 13 5
5699 17 16 4
5700 16 15 5
5701 11 11 5
5702 21 20 6
5703 22 22 4
5704 22 21 5
5705 23 23 5
5706 25 24 6
5707 22 21 5
5708 13 13 5
5709 29 28 4
5710 28 27 5
5711 17 16 6
5712 12 12 4
5713 18 17 5
5714 9 8 4
5715 16 15 5
5716 23 23 5
5717 9 8 4
5718 14 13 5
5719 21 21 5
5720 15 15 5
5721 9 9 5
5722 25 25 5
5723 25 24 8
5724 8 8 4
5725 14 13 5
5726 17 16 4
5727 12 11 5
5728 17 16 6
5729 20 19 5
5730 27 26 4
5731 12 11 5
5732 15 14 6
5733 16 16 6
5734 10 10 6
5735 18 18 4
5736 16 15 5
5737 17 17 7
5738 19 18 4
5739 16 15 5
5740 17 16 4
5741 12 11 5
5742 23 23 7
5743 39 38 4
5744 52 51 5
5745 23 22 4
5746 16 15 5
5747 21 20 6
5748 28 27 5
5749 25 24 6
5750 36 36 4
5751 22 21 5
5752 23 22 4
5753 18 17 5
5754 29 28 4
5755 36 35 5
5756 39 38 4
5757 32 31 5
5758 35 34 4
5759 14 13 5
5760 21 20 4
5761 36 35 5
5762 51 50 4
5763 48 47 5
5764 21 20 4
5765 20 19 5
5766 43 42 6
5767 26 26 4
5768 52 51 5
5769 45 44 4
5770 30 29 5
5771 29 29 5
5772 29 28 4
5773 42 41 5
5774 43 42 6
5775 48 47 5
5776 41 41 5
5777 35 35 5
5778 39 38 4
5779 44 43 5
5780 43 43 5
5781 55 54 6
5782 42 42 4
5783 40 39 5
5784 31 30 4
5785 34 33 5
5786 33 32 4
5787 44 43 5
5788 41 40 4
5789 34 33 5
5790 41 40 4
5791 40 39 5
5792 45 44 6
5793 42 41 5
5794 21 21 5
5795 43 42 8
5796 28 28 6
5797 36 36 4
5798 48 47 7
5799 49 48 6
5800 42 42 4
5801 18 17 5
5802 33 33 7
5803 35 35 5
5804 53 52 8
5805 36 35 5
5806 45 44 8
5807 46 46 8
5808 36 36 6
5809 40 40 8
5810 42 42 8
5811 26 26 4
5812 32 31 5
5813 43 42 6
5814 36 36 4
5815 40 39 7
5816 37 36 4
5817 46 45 5
5818 25 24 4
5819 32 31 5
5820 35 35 5
5821 27 26 4
5822 24 23 5
5823 27 26 4
5824 34 33 5
5825 45 45 5
5826 37 36 6
5827 30 30 6
5828 42 42 6
5829 44 44 4
5830 28 27 5
5831 51 50 4
5832 38 37 5
5833 37 36 4
5834 34 33 5
5835 49 48 4
5836 44 43 9
5837 31 30 4
5838 42 41 5
5839 31 30 4
5840 36 35 5
5841 21 21 5
5842 47 46 6
5843 46 46 4
5844 32 31 9
5845 45 45 5
5846 45 45 5
5847 23 22 6
5848 40 40 6
5849 58 58 6
5850 46 46 6
5851 36 36 6
5852 38 38 6
5853 54 54 6
5854 22 22 4
5855 36 35 7
5856 39 39 7
5857 39 38 4
5858 44 43 7
5859 43 42 4
5860 30 29 5
5861 37 36 6
5862 56 56 4
5863 34 33 5
5864 45 45 7
5865 33 32 6
5866 60 59 9
5867 37 36 8
5868 24 24 4
5869 34 33 5
5870 57 56 4
5871 50 49 5
5872 47 47 5
5873 49 49 7
5874 53 52 6
5875 46 45 5
5876 51 51 5
5877 47 46 6
5878 56 56 8
5879 52 52 4
5880 38 37 5
5881 51 51 5
5882 33 33 5
5883 47 46 4
5884 48 47 7
5885 53 52 6
5886 58 58 4
5887 50 49 5
5888 43 42 8
5889 46 46 4
5890 64 63 7
5891 19 18 4
5892 34 33 5
5893 43 42 6
5894 18 18 4
5895 46 45 5
5896 45 44 6
5897 48 48 4
5898 50 49 5
5899 55 54 4
5900 34 33 5
5901 49 49 5
5902 43 42 6
5903 48 48 6
5904 38 38 6
5905 64 64 4
5906 54 53 5
5907 41 40 4
5908 46 45 5
5909 43 42 4
5910 30 29 5
5911 41 40 6
5912 30 30 4
5913 62 61 5
5914 37 37 5
5915 45 44 6
5916 54 54 4
5917 28 27 5
5918 49 48 6
5919 38 38 6
5920 62 61 5
5921 45 44 6
5922 48 48 4
5923 46 45 5
5924 57 57 5
5925 35 34 4
5926 40 39 5
5927 69 69 5
5928 59 59 5
5929 35 35 5
5930 53 52 6
5931 50 49 5
5932 55 55 5
5933 49 49 5
5934 49 48 4
5935 70 69 5
5936 49 49 5
5937 43 43 5
5938 37 36 4
5939 76 75 5
5940 79 78 6
5941 66 65 5
5942 47 46 6
5943 42 41 5
5944 47 46 6
5945 56 56 4
5946 46 45 5
5947 45 44 4
5948 40 39 5
5949 43 42 6
5950 42 41 5
5951 35 35 5
5952 67 66 6
5953 46 46 6
5954 48 48 6
5955 50 50 4
5956 42 41 5
5957 45 45 5
5958 41 40 4
5959 52 51 5
5960 39 39 5
5961 49 48 4
5962 66 65 5
5963 35 34 4
5964 58 57 5
5965 41 41 5
5966 45 44 4
5967 44 43 5
5968 49 48 4
5969 46 45 5
5970 51 50 4
5971 46 45 5
5972 41 40 4
5973 42 41 5
5974 57 56 6
5975 64 64 4
5976 30 29 5
5977 55 54 4
5978 32 31 5
5979 51 50 6
5980 46 46 4
5981 40 39 5
5982 55 54 4
5983 52 51 5
5984 23 22 4
5985 62 61 5
5986 29 28 4
5987 42 41 5
5988 57 56 6
5989 56 56 4
5990 44 43 5
5991 47 46 6
5992 28 28 6
5993 40 40 4
5994 28 27 5
5995 51 50 4
5996 52 51 7
5997 43 42 4
5998 56 55 5
5999 31 30 4
6000 42 41 5
6001 33 33 5
6002 35 34 6
6003 60 60 6
6004 40 40 4
6005 48 47 5
6006 45 45 5
6007 37 36 4
6008 44 43 5
6009 29 28 4
6010 50 49 5
6011 43 43 7
6012 49 48 6
6013 44 44 6
6014 42 42 6
6015 66 65 5
6016 45 44 4
6017 40 39 5
6018 63 62 6
6019 28 28 4
6020 44 43 5
6021 45 44 4
6022 48 47 5
6023 41 41 5
6024 43 42 6
6025 26 26 4
6026 34 33 5
6027 31 31 5
6028 49 49 5
6029 31 31 5
6030 37 36 4
6031 54 53 5
6032 37 36 4
6033 42 41 5
6034 33 32 4
6035 34 33 5
6036 41 41 5
6037 49 48 4
6038 44 43 5
6039 37 37 5
6040 43 42 4
6041 44 43 5
6042 37 36 6
6043 32 32 4
6044 40 39 5
6045 39 39 5
6046 33 33 5
6047 35 34 4
6048 40 39 5
6049 43 42 4
6050 40 39 5
6051 33 33 5
6052 39 38 4
6053 34 33 5
6054 53 52 6
6055 24 24 4
6056 38 37 5
6057 21 20 6
6058 36 36 4
6059 32 31 5
6060 35 35 5
6061 41 40 6
6062 38 38 4
6063 26 25 5
6064 45 44 6
6065 36 36 4
6066 48 47 5
6067 21 20 4
6068 40 39 5
6069 35 34 4
6070 38 37 5
6071 33 32 4
6072 34 33 5
6073 29 29 5
6074 35 34 6
6075 26 26 4
6076 38 37 5
6077 21 20 4
6078 42 41 5
6079 35 34 4
6080 30 29 5
6081 35 34 6
6082 34 34 6
6083 36 36 4
6084 34 33 5
6085 21 21 5
6086 43 42 4
6087 32 31 5
6088 31 31 5
6089 23 22 4
6090 34 33 5
6091 21 21 5
6092 31 30 4
6093 20 19 5
6094 37 36 6
6095 32 32 4
6096 26 25 7
6097 43 42 4
6098 34 33 5
6099 37 36 4
6100 50 49 7
6101 33 32 6
6102 36 36 4
6103 26 25 5
6104 37 36 4
6105 34 33 5
6106 25 24 4
6107 42 41 5
6108 35 34 4
6109 40 39 5
6110 49 48 6
6111 24 24 4
6112 42 41 5
6113 37 36 4
6114 32 31 5
6115 29 28 4
6116 40 39 5
6117 37 36 4
6118 38 37 5
6119 43 42 4
6120 36 35 5
6121 21 20 4
6122 28 27 5
6123 59 59 5
6124 35 34 4
6125 38 37 5
6126 37 36 4
6127 40 39 5
6128 41 40 4
6129 48 47 5
6130 35 35 5
6131 37 36 4
6132 40 39 5
6133 31 31 5
6134 51 50 4
6135 40 39 5
6136 43 42 4
6137 26 25 5
6138 25 24 6
6139 36 36 4
6140 60 59 5
6141 39 39 5
6142 43 43 7
6143 43 42 6
6144 20 20 4
6145 30 29 5
6146 35 34 4
6147 20 19 5
6148 35 34 6
6149 46 46 8
6150 44 44 6
6151 24 24 4
6152 36 35 5
6153 49 49 5
6154 35 35 7
6155 31 30 6
6156 28 28 6
6157 34 34 6
6158 24 23 5
6159 25 25 7
6160 27 26 4
6161 22 21 5
6162 31 31 5
6163 29 28 6
6164 42 42 6
6165 36 35 7
6166 29 28 6
6167 22 22 6
6168 24 23 7
6169 31 30 6
6170 32 32 6
6171 38 38 4
6172 42 41 5
6173 19 19 5
6174 31 30 4
6175 16 15 5
6176 29 28 4
6177 18 17 5
6178 23 22 6
6179 26 26 4
6180 22 21 5
6181 25 25 5
6182 19 19 5
6183 27 26 4
6184 22 21 5
6185 27 27 5
6186 21 20 4
6187 28 27 5
6188 29 28 6
6189 34 34 4
6190 20 19 5
6191 25 24 8
6192 24 24 4
6193 28 27 5
6194 29 28 4
6195 20 19 5
6196 29 28 6
6197 16 16 6
6198 40 39 9
6199 17 17 5
6200 25 24 6
6201 18 18 4
6202 40 39 5
6203 29 28 6
6204 34 34 4
6205 28 27 5
6206 41 40 6
6207 32 32 4
6208 40 39 5
6209 51 50 6
6210 20 20 4
6211 36 35 7
6212 43 43 5
6213 25 25 7
6214 35 34 8
6215 52 52 10
6216 32 31 5
6217 21 20 4
6218 26 25 5
6219 31 30 4
6220 24 23 5
6221 37 37 5
6222 21 21 5
6223 27 26 4
6224 24 23 5
6225 23 23 5
6226 15 14 4
6227 26 25 5
6228 25 25 5
6229 41 40 6
6230 24 24 4
6231 24 23 7
6232 23 22 6
6233 28 28 6
6234 20 20 6
6235 18 18 4
6236 48 47 7
6237 31 30 6
6238 22 21 7
6239 35 34 6
6240 16 16 4
6241 18 17 5
6242 35 34 4
6243 40 39 5
6244 23 22 6
6245 16 16 6
6246 20 20 4
6247 28 27 5
6248 27 26 6
6249 16 16 4
6250 36 35 5
6251 25 24 6
6252 24 24 6
6253 24 23 5
6254 33 33 5
6255 17 16 4
6256 22 21 5
6257 21 21 5
6258 17 16 4
6259 14 13 5
6260 21 20 4
6261 18 17 5
6262 25 24 6
6263 30 30 4
6264 18 17 5
6265 23 22 4
6266 10 9 5
6267 13 13 5
6268 25 24 4
6269 20 19 5
6270 27 26 6
6271 16 16 4
6272 20 19 5
6273 25 24 4
6274 28 27 7
6275 19 19 5
6276 25 25 5
6277 15 15 5
6278 13 12 4
6279 18 17 5
6280 29 29 5
6281 21 21 5
6282 25 25 7
6283 25 24 4
6284 20 19 5
6285 19 18 6
6286 22 22 6
6287 18 18 4
6288 16 15 5
6289 15 14 6
6290 18 18 4
6291 18 17 5
6292 15 14 6
6293 16 16 4
6294 20 19 5
6295 27 26 6
6296 20 19 5
6297 17 16 4
6298 24 23 5
6299 17 16 4
6300 22 21 5
6301 27 26 6
6302 10 9 5
6303 19 18 6
6304 20 20 4
6305 28 27 5
6306 23 22 6
6307 18 18 6
6308 18 18 4
6309 30 29 5
6310 21 21 5
6311 19 18 4
6312 32 31 5
6313 23 22 4
6314 22 21 5
6315 23 22 4
6316 18 17 5
6317 27 27 5
6318 19 18 6
6319 38 38 4
6320 12 11 5
6321 19 18 4
6322 22 21 5
6323 11 10 4
6324 34 33 5
6325 27 27 5
6326 27 26 4
6327 18 17 5
6328 17 16 6
6329 28 28 6
6330 22 22 6
6331 22 21 5
6332 23 22 4
6333 30 29 5
6334 19 19 5
6335 23 22 6
6336 20 20 6
6337 16 16 6
6338 16 16 4
6339 24 23 5
6340 15 14 4
6341 20 19 7
6342 23 22 6
6343 18 18 4
6344 16 15 5
6345 25 24 4
6346 20 19 5
6347 25 24 4
6348 32 31 5
6349 25 25 5
6350 23 22 4
6351 20 19 5
6352 21 21 5
6353 25 24 4
6354 18 17 5
6355 29 28 4
6356 10 9 5
6357 19 19 7
6358 21 20 4
6359 20 19 5
6360 17 16 4
6361 28 27 5
6362 23 22 6
6363 14 14 4
6364 26 25 7
6365 23 22 4
6366 32 31 5
6367 23 23 5
6368 15 14 4
6369 24 23 5
6370 35 34 6
6371 22 22 6
6372 28 28 4
6373 34 33 7
6374 19 18 4
6375 16 15 5
6376 17 16 4
6377 30 29 7
6378 13 12 4
6379 18 17 5
6380 23 23 5
6381 31 30 4
6382 20 19 5
6383 13 13 5
6384 17 16 6
6385 34 33 5
6386 27 26 4
6387 34 33 5
6388 17 16 4
6389 22 21 5
6390 15 15 5
6391 13 12 4
6392 30 29 5
6393 25 25 5
6394 27 26 6
6395 20 20 4
6396 12 11 5
6397 21 21 5
6398 15 14 4
6399 16 15 5
6400 23 22 6
6401 12 11 5
6402 27 26 4
6403 26 25 7
6404 11 10 4
6405 24 23 5
6406 27 26 6
6407 14 14 4
6408 18 17 5
6409 21 21 5
6410 21 20 4
6411 18 17 5
6412 11 11 5
6413 25 24 6
6414 18 18 4
6415 18 17 5
6416 27 27 5
6417 29 28 4
6418 22 21 5
6419 21 21 5
6420 7 6 5
6421 13 12 4
6422 16 15 5
6423 13 12 4
6424 22 21 5
6425 27 27 5
6426 21 20 4
6427 30 29 5
6428 33 32 6
6429 16 16 4
6430 16 15 7
6431 21 20 4
6432 30 29 5
6433 15 15 5
6434 15 14 6
6435 8 8 4
6436 10 9 5
6437 21 20 4
6438 18 17 5
6439 15 14 4
6440 18 17 5
6441 19 18 6
6442 12 11 5
6443 19 18 6
6444 18 18 4
6445 18 17 5
6446 23 23 5
6447 11 10 4
6448 20 19 5
6449 17 17 5
6450 21 20 6
6451 16 16 6
6452 18 18 4
6453 16 15 5
6454 17 16 6
6455 20 20 6
6456 26 26 6
6457 12 12 6
6458 16 16 6
6459 18 18 4
6460 22 21 5
6461 21 21 5
6462 17 16 4
6463 20 19 5
6464 15 14 4
6465 14 13 5
6466 21 20 4
6467 18 17 5
6468 17 16 4
6469 6 5 4
6470 14 13 5
6471 15 15 5
6472 15 14 4
6473 16 15 5
6474 23 22 6
6475 22 22 6
6476 18 18 6
6477 12 12 6
6478 12 12 4
6479 14 13 5
6480 11 11 5
6481 17 16 4
6482 26 25 5
6483 17 17 5
6484 11 11 5
6485 11 10 4
6486 10 9 5
6487 17 16 6
6488 22 22 6
6489 26 26 6
6490 6 6 6
6491 13 12 4
6492 10 9 5
6493 21 20 6
6494 16 16 4
6495 24 23 5
6496 31 30 6
6497 18 18 6
6498 10 10 4
6499 14 13 5
6500 23 22 4
6501 10 9 5
6502 9 8 4
6503 28 27 5
6504 15 14 6
6505 16 16 4
6506 20 19 7
6507 17 16 6
6508 12 12 4
6509 14 13 5
6510 23 22 4
6511 14 13 5
6512 17 16 4
6513 16 15 5
6514 21 20 6
6515 20 20 4
6516 14 13 5
6517 11 10 6
6518 28 28 6
6519 8 8 4
6520 26 25 5
6521 11 11 5
6522 11 10 4
6523 18 17 5
6524 19 18 6
6525 18 18 6
6526 12 11 5
6527 15 14 4
6528 22 21 5
6529 11 11 5
6530 13 13 5
6531 13 12 6
6532 24 24 4
6533 38 37 5
6534 21 20 6
6535 12 12 6
6536 18 18 4
6537 16 15 5
6538 15 15 5
6539 15 14 6
6540 16 16 6
6541 20 20 4
6542 26 25 5
6543 11 10 4
6544 14 13 5
6545 17 17 5
6546 17 16 6
6547 8 8 4
6548 20 19 5
6549 25 24 4
6550 16 15 5
6551 15 14 4
6552 18 17 5
6553 19 18 6
6554 24 24 6
6555 38 38 4
6556 18 17 5
6557 21 20 4
6558 10 9 5
6559 9 8 4
6560 12 11 5
6561 9 8 4
6562 32 31 5
6563 15 15 5
6564 35 34 4
6565 20 19 5
6566 31 31 5
6567 31 30 6
6568 44 44 4
6569 34 33 5
6570 37 37 5
6571 23 22 4
6572 24 23 5
6573 39 38 4
6574 52 51 5
6575 37 37 5
6576 31 30 4
6577 34 33 5
6578 37 36 4
6579 28 27 5
6580 59 58 4
6581 38 37 5
6582 45 44 4
6583 24 23 5
6584 41 40 4
6585 36 35 5
6586 45 44 4
6587 58 57 5
6588 49 48 4
6589 62 61 5
6590 53 52 4
6591 48 47 5
6592 57 56 4
6593 38 37 5
6594 55 54 4
6595 46 45 5
6596 35 34 4
6597 44 43 5
6598 45 45 5
6599 47 46 4
6600 42 41 5
6601 39 38 6
6602 30 30 6
6603 26 26 4
6604 42 41 5
6605 53 52 8
6606 26 26 4
6607 42 41 5
6608 21 21 5
6609 37 36 6
6610 64 63 7
6611 35 35 7
6612 37 37 5
6613 41 40 4
6614 36 35 5
6615 33 33 9
6616 23 22 6
6617 38 37 5
6618 25 24 4
6619 46 45 9
6620 51 50 6
6621 24 24 6
6622 30 29 7
6623 27 26 4
6624 28 27 5
6625 35 34 6
6626 16 16 4
6627 20 19 5
6628 29 29 5
6629 29 28 4
6630 42 41 11
6631 35 35 5
6632 23 23 5
6633 35 35 9
6634 19 18 4
6635 28 27 5
6636 43 43 11
6637 25 25 5
6638 25 25 7
6639 29 29 11
6640 17 17 5
6641 25 25 5
6642 29 29 7
6643 17 17 5
6644 25 24 4
6645 34 33 5
6646 25 25 5
6647 15 14 4
6648 20 19 5
6649 15 14 4
6650 26 25 5
6651 29 29 5
6652 19 18 6
6653 36 36 10
6654 20 20 4
6655 28 27 5
6656 23 22 6
6657 30 29 5
6658 21 21 9
6659 17 16 4
6660 18 17 7
6661 19 18 4
6662 30 29 5
6663 35 34 6
6664 18 17 5
6665 23 23 5
6666 25 24 6
6667 10 10 4
6668 16 15 5
6669 23 22 4
6670 22 21 5
6671 21 20 6
6672 16 16 4
6673 20 19 5
6674 27 27 7
6675 33 32 6
6676 32 31 5
6677 17 16 6
6678 22 22 4
6679 32 31 5
6680 23 22 4
6681 22 21 7
6682 21 21 5
6683 23 23 5
6684 15 15 5
6685 23 23 5
6686 17 17 5
6687 23 23 5
6688 29 28 6
6689 28 27 5
6690 21 20 4
6691 26 25 5
6692 19 19 5
6693 11 10 4
6694 22 21 7
6695 11 10 4
6696 22 21 5
6697 19 18 4
6698 24 23 5
6699 19 18 6
6700 22 22 6
6701 16 16 4
6702 16 15 5
6703 21 20 6
6704 18 18 4
6705 18 17 5
6706 21 20 4
6707 12 11 5
6708 23 22 4
6709 10 9 5
6710 27 26 4
6711 26 25 5
6712 19 19 5
6713 11 10 4
6714 24 23 5
6715 31 31 7
6716 21 20 4
6717 22 21 5
6718 11 11 5
6719 11 11 5
6720 9 8 4
6721 14 13 5
6722 27 26 6
6723 20 19 5
6724 25 25 5
6725 13 13 5
6726 27 26 4
6727 24 23 5
6728 15 15 5
6729 19 18 4
6730 28 27 5
6731 21 21 5
6732 23 22 4
6733 14 13 5
6734 17 16 4
6735 18 17 5
6736 23 22 6
6737 22 22 4
6738 40 39 5
6739 19 19 7
6740 19 18 4
6741 18 17 5
6742 15 14 4
6743 14 13 5
6744 21 20 4
6745 20 19 5
6746 21 21 5
6747 15 15 5
6748 25 24 4
6749 24 23 7
6750 31 31 5
6751 13 12 4
6752 20 19 5
6753 21 20 4
6754 32 31 7
6755 21 20 4
6756 10 9 5
6757 15 14 4
6758 16 15 7
6759 25 24 6
6760 22 22 6
6761 22 22 6
6762 24 24 4
6763 18 17 5
6764 19 18 4
6765 16 15 5
6766 11 10 4
6767 16 15 5
6768 23 22 6
6769 50 50 4
6770 24 23 5
6771 13 13 5
6772 11 10 4
6773 12 11 5
6774 23 23 5
6775 33 33 5
6776 35 35 7
6777 39 38 4
6778 16 15 5
6779 37 36 4
6780 24 23 5
6781 23 23 5
6782 23 23 5
6783 23 23 5
6784 27 26 6
6785 16 16 4
6786 26 25 5
6787 35 35 5
6788 17 16 4
6789 18 17 5
6790 35 34 6
6791 24 24 4
6792 30 29 5
6793 25 24 6
6794 34 34 4
6795 10 9 5
6796 13 12 6
6797 14 14 4
6798 22 21 5
6799 27 26 6
6800 26 25 5
6801 21 20 4
6802 18 17 5
6803 13 12 4
6804 30 29 5
6805 19 18 6
6806 36 35 5
6807 17 17 5
6808 23 22 4
6809 14 13 5
6810 21 20 4
6811 32 31 7
6812 19 18 6
6813 22 22 6
6814 8 8 4
6815 20 19 5
6816 27 26 6
6817 14 13 5
6818 21 20 4
6819 16 15 5
6820 27 26 6
6821 20 19 5
6822 23 22 6
6823 18 18 4
6824 22 21 7
6825 15 14 4
6826 12 11 5
6827 9 8 4
6828 6 5 4
6829 12 11 5
6830 21 20 6
6831 18 18 4
6832 16 15 5
6833 17 17 5
6834 15 15 5
6835 11 11 5
6836 25 24 6
6837 18 17 5
6838 23 23 5
6839 25 24 6
6840 12 12 6
6841 6 6 6
6842 19 18 6
6843 14 14 6
6844 12 11 5
6845 29 28 4
6846 26 25 5
6847 19 18 6
6848 20 20 6
6849 14 14 4
6850 20 19 5
6851 21 21 5
6852 31 30 6
6853 26 25 7
6854 23 22 6
6855 18 18 4
6856 10 9 5
6857 11 10 4
6858 26 25 5
6859 23 23 5
6860 21 21 5
6861 13 12 4
6862 18 17 5
6863 19 19 5
6864 9 8 4
6865 20 19 7
6866 23 22 4
6867 22 21 5
6868 27 26 6
6869 16 16 4
6870 18 17 5
6871 17 16 4
6872 14 13 5
6873 19 18 4
6874 34 33 5
6875 19 18 4
6876 16 15 5
6877 13 13 5
6878 19 19 5
6879 29 28 6
6880 34 34 4
6881 30 29 5
6882 25 24 4
6883 34 33 7
6884 23 22 4
6885 44 43 5
6886 43 43 5
6887 37 36 4
6888 38 37 5
6889 23 23 5
6890 27 27 5
6891 27 26 4
6892 58 57 5
6893 41 40 4
6894 26 25 5
6895 19 18 4
6896 34 33 5
6897 37 36 6
6898 30 30 6
6899 26 26 4
6900 28 27 5
6901 23 22 4
6902 26 25 5
6903 23 23 5
6904 19 18 4
6905 30 29 5
6906 25 24 4
6907 32 31 5
6908 17 16 6
6909 14 13 5
6910 17 16 4
6911 18 17 5
6912 25 24 6
6913 20 20 4
6914 12 11 5
6915 21 20 6
6916 10 10 4
6917 20 19 5
6918 17 17 5
6919 13 12 4
6920 26 25 5
6921 19 18 4
6922 14 13 5
6923 15 14 4
6924 14 13 5
6925 21 21 5
6926 13 12 4
6927 16 15 5
6928 19 18 4
6929 28 27 5
6930 9 9 5
6931 5 5 5
6932 20 19 5
6933 13 13 5
6934 25 25 5
6935 25 24 6
6936 20 20 6
6937 16 15 5
6938 15 15 5
6939 17 16 6
6940 8 8 4
6941 20 19 5
6942 21 20 4
6943 18 17 5
6944 17 17 5
6945 15 15 5
6946 11 11 5
6947 17 16 4
6948 14 13 5
6949 21 21 5
6950 19 18 4
6951 16 15 5
6952 5 5 5
6953 22 21 5
6954 17 17 5
6955 19 18 6
6956 22 22 6
6957 18 18 4
6958 12 11 5
6959 21 20 4
6960 12 11 5
6961 17 17 5
6962 15 14 4
6963 10 9 5
6964 15 15 5
6965 17 16 6
6966 18 18 4
6967 18 17 7
6968 11 11 5
6969 11 10 6
6970 14 14 4
6971 16 15 5
6972 21 20 6
6973 10 10 6
6974 18 18 6
6975 16 16 4
6976 14 13 5
6977 9 8 4
6978 22 21 7
6979 9 8 4
6980 14 13 5
6981 25 24 6
6982 20 20 4
6983 26 25 5
6984 17 16 4
6985 12 11 5
6986 19 18 4
6987 22 21 7
6988 11 10 4
6989 14 13 5
6990 9 8 4
6991 12 11 7
6992 17 16 4
6993 14 13 5
6994 23 22 6
6995 18 18 4
6996 22 21 5
6997 27 26 4
6998 24 23 5
6999 19 19 5
7000 21 20 4
7001 16 15 5
7002 25 24 4
7003 18 17 5
7004 17 17 5
7005 21 21 5
7006 31 30 4
7007 24 23 5
7008 23 22 6
7009 26 26 4
7010 20 19 5
7011 21 21 5
7012 19 18 4
7013 30 29 5
7014 19 18 4
7015 10 9 5
7016 17 16 4
7017 40 39 5
7018 29 28 4
7019 24 23 5
7020 21 20 4
7021 22 21 5
7022 27 26 4
7023 44 43 5
7024 61 60 6
7025 36 36 4
7026 26 25 5
7027 15 14 4
7028 44 43 5
7029 49 48 4
7030 18 17 5
7031 31 30 4
7032 34 33 5
7033 27 26 4
7034 30 29 5
7035 39 39 5
7036 43 42 4
7037 28 27 5
7038 35 34 6
7039 22 22 4
7040 34 33 5
7041 25 24 4
7042 34 33 5
7043 29 29 5
7044 27 27 5
7045 35 34 4
7046 32 31 5
7047 25 25 5
7048 33 32 6
7049 34 34 4
7050 42 41 5
7051 27 26 4
7052 16 15 5
7053 21 20 6
7054 42 42 6
7055 38 38 4
7056 42 41 7
7057 37 36 6
7058 36 36 6
7059 36 35 5
7060 43 43 7
7061 27 26 4
7062 30 29 5
7063 35 34 6
7064 26 25 5
7065 31 30 6
7066 26 26 6
7067 30 29 5
7068 37 37 7
7069 37 36 10
7070 56 55 11
7071 33 32 8
7072 40 40 6
7073 48 47 7
7074 23 23 7
7075 31 31 7
7076 31 30 6
7077 32 31 5
7078 23 23 5
7079 51 51 9
7080 27 27 5
7081 29 29 7
7082 35 34 12
7083 36 36 6
7084 26 25 5
7085 31 30 8
7086 26 25 5
7087 25 24 4
7088 24 23 7
7089 29 28 8
7090 42 41 7
7091 29 29 7
7092 29 28 6
7093 32 31 7
7094 19 18 6
7095 36 36 8
7096 26 25 5
7097 17 16 4
7098 32 31 7
7099 37 36 10
7100 28 28 6
7101 24 23 7
7102 39 38 8
7103 34 33 7
7104 35 34 6
7105 22 21 5
7106 35 34 10
7107 32 32 8
7108 44 44 8
7109 30 29 9
7110 35 35 9
7111 21 20 4
7112 14 13 5
7113 45 44 12
7114 38 37 7
7115 37 36 12
7116 20 20 6
7117 26 25 7
7118 31 30 6
7119 36 36 12
7120 26 25 5
7121 35 34 10
7122 30 29 15
7123 31 31 7
7124 33 33 9
7125 35 35 9
7126 31 30 10
7127 22 22 4
7128 20 19 9
7129 25 24 6
7130 30 30 10
7131 38 38 12
7132 30 29 7
7133 25 24 8
7134 56 56 12
7135 40 39 7
7136 23 23 5
7137 33 33 5
7138 25 24 6
7139 42 41 5
7140 61 60 10
7141 24 23 5
7142 31 30 8
7143 28 27 7
7144 31 30 10
7145 26 26 4
7146 20 19 5
7147 37 37 9
7148 27 26 4
7149 38 37 5
7150 23 22 4
7151 22 21 5
7152 19 18 4
7153 26 25 5
7154 37 37 5
7155 21 20 6
7156 22 21 5
7157 21 20 6
7158 20 20 6
7159 16 15 5
7160 25 24 4
7161 16 15 5
7162 25 25 5
7163 21 21 5
7164 31 31 5
7165 23 22 4
7166 36 35 5
7167 27 26 6
7168 18 18 6
7169 14 13 5
7170 21 21 5
7171 21 20 4
7172 22 21 5
7173 9 9 5
7174 11 11 5
7175 23 22 6
7176 28 27 5
7177 23 22 6
7178 18 17 5
7179 19 18 6
7180 32 31 5
7181 25 24 4
7182 22 21 5
7183 27 26 6
7184 18 18 6
7185 26 26 4
7186 16 15 5
7187 21 21 5
7188 21 21 7
7189 31 31 5
7190 17 16 6
7191 26 26 6
7192 34 34 6
7193 26 26 6
7194 22 22 6
7195 10 10 4
7196 26 25 5
7197 39 39 5
7198 41 40 12
7199 30 29 5
7200 31 30 6
7201 26 26 4
7202 30 29 5
7203 19 19 5
7204 29 28 4
7205 36 35 7
7206 31 31 5
7207 27 27 5
7208 43 43 5
7209 41 41 5
7210 33 33 5
7211 29 28 4
7212 20 19 5
7213 29 28 6
7214 34 34 6
7215 28 27 5
7216 33 32 6
7217 38 37 9
7218 27 27 5
7219 31 30 6
7220 28 28 4
7221 40 39 5
7222 27 26 4
7223 24 23 5
7224 27 26 6
7225 30 30 6
7226 22 22 4
7227 30 29 5
7228 31 30 4
7229 16 15 5
7230 27 26 6
7231 20 19 5
7232 21 20 4
7233 32 31 5
7234 31 31 7
7235 23 23 9
7236 23 23 7
7237 27 26 4
7238 22 21 5
7239 39 39 5
7240 23 23 5
7241 13 13 5
7242 25 24 4
7243 30 29 5
7244 21 20 4
7245 30 29 7
7246 31 30 8
7247 22 22 6
7248 18 18 4
7249 18 17 5
7250 23 23 5
7251 27 26 8
7252 24 23 5
7253 27 27 5
7254 21 20 4
7255 24 23 5
7256 25 24 8
7257 26 26 6
7258 26 26 4
7259 18 17 5
7260 19 18 4
7261 22 21 5
7262 13 13 5
7263 11 10 4
7264 22 21 5
7265 19 18 6
7266 20 20 4
7267 18 17 5
7268 21 20 4
7269 22 21 5
7270 23 23 5
7271 23 23 5
7272 11 11 5
7273 19 18 4
7274 16 15 5
7275 21 20 4
7276 14 13 5
7277 9 8 4
7278 22 21 5
7279 21 21 5
7280 21 21 5
7281 19 18 6
7282 22 22 4
7283 22 21 5
7284 23 22 6
7285 30 30 4
7286 14 13 5
7287 11 10 4
7288 20 19 5
7289 17 16 4
7290 24 23 5
7291 23 22 6
7292 12 12 4
7293 22 21 5
7294 23 22 6
7295 10 10 4
7296 14 13 5
7297 17 16 4
7298 14 13 5
7299 23 23 5
7300 19 18 4
7301 16 15 5
7302 13 12 4
7303 22 21 5
7304 15 15 5
7305 21 21 5
7306 13 12 4
7307 10 9 5
7308 17 16 4
7309 10 9 5
7310 15 14 6
7311 16 16 6
7312 16 16 4
7313 14 13 5
7314 13 13 5
7315 9 9 5
7316 17 16 6
7317 14 14 4
7318 12 11 5
7319 33 32 4
7320 10 9 5
7321 13 12 4
7322 16 15 5
7323 25 24 6
7324 22 22 6
7325 18 18 4
7326 18 17 5
7327 13 13 5
7328 13 13 5
7329 15 14 6
7330 14 13 5
7331 17 16 4
7332 10 9 5
7333 21 21 5
7334 17 16 4
7335 18 17 5
7336 21 20 6
7337 18 17 5
7338 11 10 4
7339 22 21 5
7340 19 18 4
7341 20 19 5
7342 13 12 4
7343 28 27 5
7344 25 25 5
7345 23 22 4
7346 14 13 5
7347 17 17 5
7348 11 10 4
7349 20 19 5
7350 15 14 4
7351 16 15 5
7352 13 12 4
7353 16 15 5
7354 15 14 4
7355 12 11 5
7356 15 14 4
7357 18 17 5
7358 17 16 6
7359 18 18 4
7360 16 15 5
7361 7 6 5
7362 19 18 4
7363 14 13 5
7364 35 34 6
7365 16 16 4
7366 18 17 5
7367 25 24 6
7368 14 14 4
7369 14 13 5
7370 11 10 4
7371 14 13 5
7372 15 14 4
7373 14 13 5
7374 11 11 5
7375 17 16 4
7376 14 13 5
7377 19 18 4
7378 18 17 5
7379 17 17 5
7380 13 12 6
7381 24 24 4
7382 10 9 5
7383 21 20 6
7384 14 14 6
7385 10 10 4
7386 14 13 5
7387 21 20 6
7388 22 22 4
7389 30 29 5
7390 11 10 4
7391 16 15 5
7392 17 17 5
7393 27 26 6
7394 10 10 4
7395 12 11 5
7396 13 13 5
7397 19 19 5
7398 35 34 4
7399 26 25 5
7400 21 21 5
7401 23 22 6
7402 14 14 4
7403 14 13 5
7404 21 20 4
7405 32 31 5
7406 19 19 5
7407 13 13 5
7408 13 12 4
7409 10 9 5
7410 19 19 5
7411 25 24 4
7412 44 43 5
7413 29 28 6
7414 20 20 4
7415 20 19 5
7416 29 28 6
7417 38 38 6
7418 56 56 4
7419 26 25 5
7420 15 14 4
7421 20 19 5
7422 11 10 4
7423 16 15 5
7424 41 40 4
7425 44 43 5
7426 27 27 5
7427 31 30 4
7428 14 13 5
7429 31 30 4
7430 46 45 5
7431 35 34 6
7432 26 26 4
7433 18 17 5
7434 23 22 4
7435 36 35 5
7436 37 37 5
7437 43 43 5
7438 43 42 4
7439 22 21 5
7440 37 36 4
7441 32 31 5
7442 35 34 6
7443 36 36 4
7444 46 45 5
7445 41 41 5
7446 31 30 6
7447 26 25 5
7448 35 34 6
7449 20 20 4
7450 28 27 7
7451 35 34 6
7452 22 22 6
7453 32 32 8
7454 46 46 6
7455 26 26 8
7456 32 32 12
7457 24 23 5
7458 25 24 4
7459 34 33 9
7460 33 32 4
7461 26 25 5
7462 23 22 6
7463 10 10 4
7464 36 35 5
7465 25 24 4
7466 30 29 5
7467 25 24 4
7468 26 25 7
7469 25 24 6
7470 26 25 7
7471 19 18 4
7472 22 21 9
7473 23 22 6
7474 26 25 5
7475 21 20 4
7476 24 23 7
7477 31 31 11
7478 27 27 5
7479 25 25 9
7480 23 22 8
7481 20 19 7
7482 15 14 6
7483 10 10 4
7484 28 27 7
7485 19 18 4
7486 20 19 5
7487 21 20 4
7488 16 15 5
7489 21 20 4
7490 24 23 5
7491 11 10 4
7492 22 21 5
7493 29 28 4
7494 16 15 5
7495 17 16 4
7496 18 17 5
7497 27 26 6
7498 20 19 5
7499 17 16 4
7500 32 31 5
7501 27 27 5
7502 21 20 6
7503 10 9 5
7504 17 16 6
7505 18 18 4
7506 18 17 5
7507 21 20 6
7508 24 24 6
7509 16 15 5
7510 27 27 9
7511 23 23 7
7512 19 18 4
7513 22 21 5
7514 25 25 5
7515 21 21 7
7516 21 20 6
7517 20 20 6
7518 10 10 4
7519 26 25 5
7520 25 24 8
7521 28 28 4
7522 26 25 5
7523 35 34 6
7524 20 19 5
7525 17 17 5
7526 21 21 7
7527 19 19 5
7528 19 19 5
7529 21 21 5
7530 17 16 4
7531 22 21 5
7532 25 25 5
7533 15 14 4
7534 18 17 7
7535 27 26 4
7536 32 31 5
7537 21 21 7
7538 15 15 5
7539 19 18 6
7540 20 19 5
7541 25 25 11
7542 27 26 6
7543 14 14 6
7544 24 24 6
7545 24 24 4
7546 30 29 11
7547 11 11 5
7548 17 16 4
7549 12 11 5
7550 25 25 5
7551 13 12 4
7552 10 9 5
7553 25 24 6
7554 22 21 5
7555 19 18 4
7556 24 23 5
7557 11 10 4
7558 26 25 5
7559 19 18 4
7560 24 23 5
7561 15 15 5
7562 23 22 4
7563 16 15 5
7564 15 14 6
7565 14 14 4
7566 18 17 5
7567 11 10 4
7568 20 19 5
7569 23 23 5
7570 17 17 5
7571 15 14 6
7572 20 20 6
7573 14 13 5
7574 13 13 5
7575 19 18 6
7576 12 12 4
7577 18 17 5
7578 27 27 9
7579 21 20 6
7580 16 16 6
7581 12 12 4
7582 20 19 5
7583 13 13 5
7584 21 21 5
7585 25 24 6
7586 24 24 6
7587 14 13 5
7588 17 16 4
7589 18 17 5
7590 21 20 4
7591 22 21 7
7592 23 23 5
7593 23 22 6
7594 12 12 4
7595 16 15 5
7596 13 12 4
7597 14 13 5
7598 7 6 5
7599 21 20 6
7600 28 27 5
7601 23 22 6
7602 18 18 6
7603 18 17 5
7604 25 24 6
7605 18 17 5
7606 17 17 5
7607 21 20 4
7608 26 25 7
7609 31 30 4
7610 20 19 5
7611 15 14 4
7612 12 11 5
7613 15 14 4
7614 18 17 5
7615 19 18 4
7616 24 23 5
7617 17 16 4
7618 14 13 5
7619 33 33 5
7620 15 14 4
7621 22 21 5
7622 21 21 5
7623 25 24 6
7624 14 14 4
7625 12 11 5
7626 11 11 5
7627 19 18 4
7628 14 13 5
7629 15 14 4
7630 30 29 5
7631 11 10 4
7632 12 11 5
7633 9 8 4
7634 18 17 5
7635 11 11 5
7636 17 16 6
7637 12 12 6
7638 18 18 4
7639 24 23 5
7640 19 19 5
7641 19 19 5
7642 13 12 4
7643 22 21 7
7644 9 8 4
7645 14 13 5
7646 29 28 4
7647 8 7 6
7648 12 12 6
7649 10 10 4
7650 14 13 5
7651 13 13 5
7652 13 12 4
7653 16 15 7
7654 21 20 6
7655 20 20 4
7656 10 9 5
7657 11 10 4
7658 20 19 7
7659 15 15 5
7660 13 12 4
7661 16 15 7
7662 19 18 4
7663 12 11 5
7664 15 14 4
7665 16 15 5
7666 15 15 5
7667 11 10 4
7668 18 17 5
7669 15 14 4
7670 20 19 5
7671 13 13 5
7672 15 14 4
7673 12 11 5
7674 15 14 6
7675 18 17 5
7676 21 20 4
7677 18 17 7
7678 11 10 4
7679 22 21 5
7680 11 10 4
7681 14 13 5
7682 11 11 5
7683 19 19 5
7684 19 19 5
7685 23 22 4
7686 12 11 7
7687 13 12 4
7688 18 17 7
7689 19 18 4
7690 16 15 5
7691 11 10 4
7692 26 25 5
7693 21 21 5
7694 13 12 6
7695 16 16 4
7696 6 5 4
7697 16 15 5
7698 13 12 6
7699 22 22 6
7700 22 22 4
7701 20 19 5
7702 11 11 5
7703 15 14 6
7704 10 9 5
7705 7 6 5
7706 21 20 6
7707 6 5 4
7708 26 25 7
7709 17 16 4
7710 22 21 5
7711 21 20 6
7712 10 10 6
7713 14 14 4
7714 24 23 5
7715 13 12 6
7716 20 20 6
7717 18 18 4
7718 18 17 5
7719 19 18 6
7720 12 12 6
7721 10 10 6
7722 16 16 4
7723 14 13 5
7724 9 8 4
7725 18 17 5
7726 23 23 5
7727 7 6 5
7728 9 8 4
7729 16 15 5
7730 21 21 5
7731 19 18 6
7732 16 15 5
7733 23 22 6
7734 12 12 4
7735 20 19 5
7736 11 11 5
7737 25 24 4
7738 24 23 5
7739 23 22 4
7740 18 17 5
7741 21 20 4
7742 18 17 5
7743 13 12 4
7744 12 11 5
7745 11 10 4
7746 18 17 5
7747 27 26 4
7748 26 25 5
7749 17 17 5
7750 25 24 4
7751 32 31 5
7752 15 14 6
7753 12 12 4
7754 14 13 5
7755 13 12 4
7756 12 11 5
7757 15 14 4
7758 16 15 5
7759 31 31 5
7760 17 16 4
7761 16 15 5
7762 17 16 4
7763 6 5 4
7764 18 17 5
7765 13 12 4
7766 20 19 5
7767 23 22 4
7768 16 15 5
7769 17 16 6
7770 26 25 7
7771 9 8 4
7772 14 13 5
7773 17 16 4
7774 24 23 5
7775 29 29 5
7776 31 31 5
7777 17 17 5
7778 15 14 4
7779 18 17 5
7780 15 14 4
7781 20 19 5
7782 53 52 6
7783 68 68 4
7784 46 45 5
7785 49 48 4
7786 32 31 5
7787 19 18 4
7788 38 37 5
7789 27 26 4
7790 36 35 5
7791 45 44 4
7792 40 39 5
7793 21 21 5
7794 23 23 5
7795 21 20 4
7796 30 29 5
7797 33 32 4
7798 44 43 5
7799 39 38 6
7800 18 18 4
7801 22 21 5
7802 37 36 4
7803 38 37 5
7804 35 35 5
7805 19 18 6
7806 20 20 4
7807 20 19 5
7808 25 24 6
7809 38 38 6
7810 24 24 6
7811 30 30 4
7812 26 25 7
7813 43 42 4
7814 26 25 5
7815 33 32 4
7816 38 37 7
7817 21 20 4
7818 30 29 5
7819 33 33 7
7820 21 21 5
7821 27 26 6
7822 46 46 8
7823 24 23 5
7824 31 30 6
7825 38 37 9
7826 19 19 5
7827 35 34 8
7828 46 46 10
7829 30 30 4
7830 16 15 5
7831 25 24 6
7832 16 16 4
7833 36 35 5
7834 23 22 4
7835 36 35 7
7836 29 29 9
7837 27 26 8
7838 26 25 7
7839 17 17 5
7840 35 34 6
7841 40 39 7
7842 47 47 11
7843 15 14 4
7844 18 17 5
7845 37 37 7
7846 29 29 5
7847 29 29 7
7848 49 48 10
7849 20 20 6
7850 28 27 5
7851 27 26 6
7852 24 24 6
7853 34 34 10
7854 32 32 8
7855 32 32 6
7856 24 23 5
7857 25 24 6
7858 22 22 6
7859 34 33 5
7860 19 18 4
7861 18 17 5
7862 19 19 5
7863 33 33 7
7864 35 34 8
7865 16 15 7
7866 33 32 6
7867 30 29 9
7868 29 29 9
7869 25 24 6
7870 32 32 10
7871 28 27 5
7872 23 23 5
7873 31 30 4
7874 40 39 7
7875 31 30 4
7876 32 31 5
7877 27 26 4
7878 20 19 5
7879 25 25 5
7880 29 28 6
7881 24 23 5
7882 33 32 4
7883 40 39 7
7884 23 22 4
7885 26 25 5
7886 29 28 4
7887 20 19 5
7888 13 12 4
7889 18 17 5
7890 25 24 4
7891 18 17 5
7892 27 26 4
7893 30 29 5
7894 29 28 4
7895 22 21 5
7896 29 28 4
7897 24 23 7
7898 21 20 4
7899 28 27 5
7900 25 24 6
7901 20 20 8
7902 28 27 5
7903 21 21 5
7904 33 32 6
7905 44 43 7
7906 23 22 4
7907 22 21 5
7908 37 37 5
7909 43 42 6
7910 34 34 6
7911 24 24 4
7912 34 33 5
7913 43 42 6
7914 48 47 5
7915 39 38 8
7916 34 34 6
7917 32 32 6
7918 32 32 6
7919 46 45 7
7920 31 31 5
7921 21 21 5
7922 31 31 9
7923 35 34 4
7924 26 25 5
7925 19 19 5
7926 17 16 4
7927 20 19 5
7928 19 18 4
7929 26 25 7
7930 11 10 4
7931 14 13 5
7932 17 16 4
7933 16 15 5
7934 19 19 5
7935 17 16 6
7936 22 22 4
7937 18 17 5
7938 19 19 5
7939 25 24 4
7940 24 23 5
7941 9 8 4
7942 22 21 5
7943 19 18 6
7944 16 16 4
7945 20 19 5
7946 21 20 4
7947 20 19 5
7948 47 46 6
7949 18 17 5
7950 13 12 4
7951 26 25 5
7952 21 21 5
7953 17 17 5
7954 23 22 4
7955 16 15 5
7956 27 27 5
7957 13 12 4
7958 24 23 5
7959 25 24 4
7960 24 23 5
7961 19 19 5
7962 27 26 6
7963 20 20 4
7964 18 17 5
7965 19 19 5
7966 15 14 4
7967 16 15 7
7968 19 18 4
7969 12 11 5
7970 21 20 4
7971 18 17 5
7972 13 13 5
7973 15 14 4
7974 20 19 5
7975 19 19 5
7976 15 15 5
7977 17 16 4
7978 12 11 5
7979 23 22 4
7980 12 11 5
7981 15 14 4
7982 16 15 5
7983 15 14 4
7984 22 21 5
7985 13 13 5
7986 15 15 5
7987 21 20 4
7988 16 15 5
7989 15 14 4
7990 34 33 5
7991 23 22 6
7992 14 14 4
7993 16 15 5
7994 11 11 5
7995 21 20 4
7996 24 23 7
7997 27 26 4
7998 20 19 7
7999 13 12 4
8000 22 21 5
8001 17 17 5
8002 19 18 4
8003 20 19 7
8004 23 22 4
8005 22 21 5
8006 21 20 4
8007 28 27 7
8008 13 13 5
8009 29 28 6
8010 20 20 4
8011 22 21 5
8012 25 25 5
8013 17 17 5
8014 13 12 4
8015 16 15 7
8016 17 16 6
8017 22 22 4
8018 14 13 5
8019 19 19 5
8020 21 20 4
8021 16 15 5
8022 23 23 5
8023 21 20 4
8024 14 13 5
8025 17 16 4
8026 18 17 5
8027 25 25 5
8028 25 24 4
8029 16 15 5
8030 17 16 4
8031 20 19 5
8032 17 17 5
8033 25 24 4
8034 18 17 5
8035 17 16 4
8036 22 21 5
8037 13 12 4
8038 18 17 5
8039 13 12 6
8040 20 20 4
8041 16 15 5
8042 25 24 6
8043 16 16 6
8044 20 20 6
8045 14 14 4
8046 14 13 5
8047 21 20 4
8048 16 15 5
8049 13 13 5
8050 11 10 4
8051 10 9 5
8052 7 6 5
8053 13 12 4
8054 22 21 5
8055 23 22 6
8056 20 20 4
8057 20 19 5
8058 17 16 6
8059 22 22 4
8060 16 15 5
8061 17 16 6
8062 8 8 4
8063 16 15 5
8064 25 24 4
8065 12 11 5
8066 13 12 6
8067 16 16 4
8068 16 15 5
8069 23 22 6
8070 20 20 6
8071 8 8 4
8072 16 15 5
8073 13 12 4
8074 20 19 5
8075 21 21 5
8076 17 16 4
8077 12 11 5
8078 15 14 4
8079 18 17 5
8080 21 21 5
8081 17 16 4
8082 12 11 5
8083 9 8 4
8084 20 19 5
8085 23 22 6
8086 18 18 4
8087 18 17 5
8088 23 22 4
8089 20 19 5
8090 25 24 6
8091 28 27 5
8092 27 26 4
8093 16 15 5
8094 21 20 4
8095 28 27 7
8096 19 18 4
8097 20 19 5
8098 11 10 4
8099 16 15 5
8100 15 14 4
8101 18 17 5
8102 25 24 6
8103 24 24 4
8104 22 21 5
8105 13 13 5
8106 15 14 4
8107 18 17 5
8108 27 26 6
8109 40 40 6
8110 20 20 4
8111 18 17 5
8112 9 9 5
8113 15 14 4
8114 24 23 5
8115 25 24 4
8116 28 27 5
8117 19 19 5
8118 29 28 4
8119 28 27 5
8120 35 34 4
8121 24 23 5
8122 15 14 4
8123 26 25 5
8124 21 21 5
8125 51 50 4
8126 34 33 5
8127 49 48 4
8128 36 35 5
8129 35 34 4
8130 40 39 5
8131 27 26 4
8132 32 31 5
8133 33 32 4
8134 38 37 5
8135 23 22 4
8136 38 37 5
8137 65 64 6
8138 30 30 4
8139 40 39 5
8140 37 36 4
8141 44 43 5
8142 43 42 4
8143 32 31 5
8144 39 38 6
8145 48 47 5
8146 17 16 4
8147 34 33 5
8148 35 34 4
8149 18 17 5
8150 21 20 4
8151 32 31 5
8152 25 24 4
8153 30 29 5
8154 33 33 5
8155 35 34 6
8156 32 31 5
8157 35 34 4
8158 16 15 5
8159 29 28 4
8160 40 39 5
8161 29 29 5
8162 15 14 4
8163 40 39 7
8164 39 38 4
8165 20 19 5
8166 37 36 4
8167 38 37 5
8168 25 25 5
8169 19 19 5
8170 17 16 4
8171 28 27 5
8172 37 37 5
8173 51 50 4
8174 48 47 5
8175 43 42 4
8176 32 31 5
8177 33 32 4
8178 44 43 5
8179 33 32 6
8180 34 34 4
8181 38 37 7
8182 25 24 6
8183 20 20 4
8184 28 27 5
8185 47 46 4
8186 42 41 5
8187 41 40 4
8188 44 43 5
8189 17 17 5
8190 33 32 6
8191 46 46 6
8192 28 28 6
8193 34 33 7
8194 37 36 6
8195 34 34 4
8196 22 21 5
8197 25 25 5
8198 23 22 6
8199 22 22 4
8200 30 29 7
8201 41 40 10
8202 30 30 6
8203 36 36 10
8204 30 29 5
8205 37 37 9
8206 27 27 5
8207 31 30 6
8208 24 24 6
8209 40 39 5
8210 25 24 6
8211 34 34 4
8212 30 29 5
8213 33 32 4
8214 26 25 5
8215 45 44 6
8216 18 17 5
8217 43 42 6
8218 44 44 10
8219 36 35 7
8220 29 29 9
8221 47 46 10
8222 32 31 7
8223 25 25 5
8224 25 25 5
8225 25 24 4
8226 26 25 5
8227 25 24 6
8228 26 26 8
8229 36 36 6
8230 28 27 5
8231 19 18 6
8232 26 26 6
8233 22 22 6
8234 36 36 4
8235 20 19 7
8236 27 26 4
8237 30 29 5
8238 29 28 6
8239 24 24 6
8240 28 27 5
8241 23 23 7
8242 19 18 6
8243 30 30 6
8244 32 32 6
8245 18 17 5
8246 15 14 6
8247 30 30 4
8248 28 27 9
8249 19 18 4
8250 42 41 9
8251 15 15 5
8252 23 22 4
8253 28 27 7
8254 15 14 4
8255 22 21 5
8256 21 21 5
8257 27 27 5
8258 19 19 5
8259 11 10 6
8260 32 32 6
8261 34 33 5
8262 19 19 5
8263 15 14 4
8264 16 15 5
8265 27 26 4
8266 16 15 5
8267 29 28 6
8268 26 26 6
8269 20 20 4
8270 22 21 5
8271 31 30 6
8272 16 16 6
8273 16 16 4
8274 26 25 7
8275 21 20 6
8276 14 13 5
8277 15 14 4
8278 20 19 5
8279 17 16 4
8280 28 27 5
8281 25 25 5
8282 17 17 5
8283 25 24 4
8284 28 27 7
8285 31 30 6
8286 26 25 5
8287 15 14 4
8288 26 25 7
8289 21 20 4
8290 22 21 5
8291 21 20 8
8292 24 24 4
8293 20 19 5
8294 31 31 5
8295 15 14 4
8296 16 15 5
8297 15 15 5
8298 23 22 6
8299 20 20 4
8300 30 29 5
8301 25 25 5
8302 27 26 4
8303 24 23 5
8304 19 19 5
8305 9 8 4
8306 14 13 5
8307 31 31 5
8308 23 23 5
8309 17 16 4
8310 32 31 5
8311 27 27 5
8312 27 26 6
8313 22 22 4
8314 12 11 5
8315 35 34 4
8316 26 25 7
8317 33 32 4
8318 30 29 5
8319 37 36 4
8320 14 13 5
8321 19 18 4
8322 24 23 5
8323 31 31 5
8324 33 32 4
8325 40 39 5
8326 25 25 5
8327 33 32 4
8328 22 21 5
8329 17 17 5
8330 41 40 6
8331 20 20 6
8332 34 34 4
8333 28 27 5
8334 29 29 5
8335 27 27 5
8336 35 34 4
8337 18 17 5
8338 27 26 4
8339 34 33 5
8340 39 39 5
8341 31 31 5
8342 27 26 4
8343 38 37 5
8344 35 34 4
8345 32 31 5
8346 43 42 4
8347 32 31 5
8348 33 32 4
8349 28 27 5
8350 29 29 5
8351 19 18 4
8352 42 41 5
8353 27 26 4
8354 26 25 5
8355 25 24 4
8356 42 41 5
8357 35 35 5
8358 33 32 4
8359 38 37 5
8360 35 34 6
8361 22 22 8
8362 28 28 4
8363 20 19 5
8364 31 30 6
8365 32 31 5
8366 29 28 4
8367 34 33 5
8368 33 33 9
8369 29 29 5
8370 21 20 6
8371 36 36 6
8372 26 26 8
8373 34 33 5
8374 27 26 6
8375 50 50 8
8376 22 22 4
8377 22 21 5
8378 25 25 5
8379 41 41 5
8380 17 17 5
8381 21 20 4
8382 36 35 5
8383 25 25 5
8384 29 28 6
8385 26 25 5
8386 21 20 8
8387 30 30 4
8388 30 29 5
8389 45 45 7
8390 23 22 6
8391 26 26 6
8392 34 33 5
8393 29 29 5
8394 31 30 4
8395 26 25 7
8396 23 22 4
8397 30 29 5
8398 41 40 6
8399 32 32 6
8400 24 24 6
8401 42 42 6
8402 14 14 4
8403 16 15 5
8404 15 15 5
8405 23 22 6
8406 12 11 5
8407 21 20 6
8408 36 36 4
8409 16 15 5
8410 19 19 5
8411 31 30 4
8412 18 17 5
8413 29 29 7
8414 15 14 4
8415 24 23 5
8416 19 18 4
8417 24 23 5
8418 19 19 5
8419 35 34 6
8420 16 16 4
8421 26 25 5
8422 21 20 6
8423 20 19 5
8424 27 26 4
8425 18 17 5
8426 25 25 5
8427 25 24 6
8428 20 19 5
8429 21 20 4
8430 22 21 5
8431 23 23 5
8432 23 23 5
8433 29 28 8
8434 20 20 4
8435 14 13 5
8436 17 16 6
8437 12 12 6
8438 24 24 4
8439 24 23 5
8440 21 20 4
8441 20 19 5
8442 29 28 4
8443 12 11 5
8444 53 52 6
8445 40 40 4
8446 38 37 5
8447 71 70 4
8448 124 123 5
8449 63 62 4
8450 42 41 5
8451 53 53 5
8452 61 60 4
8453 56 55 7
8454 29 28 4
8455 36 35 5
8456 45 44 6
8457 18 17 5
8458 17 16 4
8459 28 27 5
8460 29 29 5
8461 41 40 4
8462 48 47 5
8463 39 38 4
8464 36 35 5
8465 41 41 7
8466 27 26 4
8467 32 31 5
8468 31 30 4
8469 32 31 5
8470 31 31 5
8471 19 18 4
8472 26 25 5
8473 23 22 6
8474 28 28 6
8475 18 18 4
8476 24 23 5
8477 19 19 5
8478 17 16 4
8479 28 27 5
8480 19 18 6
8481 26 26 6
8482 28 27 5
8483 25 24 4
8484 42 41 5
8485 15 14 6
8486 14 14 4
8487 22 21 5
8488 35 34 4
8489 20 19 5
8490 23 23 5
8491 21 21 5
8492 29 29 5
8493 27 26 6
8494 28 28 4
8495 28 27 5
8496 25 25 5
8497 29 28 6
8498 32 31 5
8499 29 29 5
8500 21 20 6
8501 34 34 6
8502 32 32 6
8503 24 24 4
8504 26 25 5
8505 23 22 4
8506 22 21 5
8507 35 34 6
8508 30 30 4
8509 36 35 5
8510 27 27 5
8511 35 34 4
8512 28 27 5
8513 23 22 6
8514 28 27 5
8515 21 21 5
8516 29 29 5
8517 19 18 4
8518 40 39 5
8519 27 27 5
8520 27 27 5
8521 29 29 5
8522 23 22 6
8523 16 16 4
8524 36 35 5
8525 25 24 4
8526 20 19 5
8527 35 34 6
8528 20 20 4
8529 16 15 5
8530 41 41 5
8531 33 32 6
8532 18 18 4
8533 32 31 5
8534 37 36 4
8535 26 25 5
8536 33 33 5
8537 29 28 6
8538 22 22 4
8539 28 27 5
8540 25 25 5
8541 21 20 4
8542 36 35 5
8543 33 33 5
8544 29 28 4
8545 20 19 5
8546 33 33 5
8547 31 30 6
8548 18 18 4
8549 26 25 5
8550 23 22 4
8551 26 25 5
8552 35 34 4
8553 20 19 5
8554 33 32 6
8555 34 34 6
8556 22 22 4
8557 24 23 5
8558 17 17 5
8559 27 27 5
8560 31 30 6
8561 30 30 6
8562 26 26 6
8563 12 12 4
8564 10 9 5
8565 17 16 6
8566 20 20 6
8567 28 28 6
8568 28 28 4
8569 22 21 5
8570 21 20 6
8571 18 17 5
8572 13 12 4
8573 32 31 5
8574 33 32 6
8575 12 12 4
8576 28 27 5
8577 25 24 6
8578 22 22 4
8579 30 29 5
8580 27 26 4
8581 12 11 5
8582 27 26 6
8583 18 18 6
8584 12 12 4
8585 22 21 5
8586 15 15 5
8587 35 34 6
8588 14 13 5
8589 25 24 4
8590 20 19 5
8591 9 9 5
8592 21 20 6
8593 24 23 5
8594 25 25 5
8595 13 13 5
8596 33 32 6
8597 18 18 4
8598 16 15 5
8599 15 14 6
8600 22 22 6
8601 22 21 5
8602 13 13 5
8603 17 16 6
8604 22 22 6
8605 14 14 4
8606 16 15 5
8607 25 25 5
8608 15 14 6
8609 32 32 6
8610 20 19 5
8611 13 12 4
8612 16 15 5
8613 25 25 5
8614 17 17 5
8615 19 19 5
8616 21 21 5
8617 21 20 6
8618 16 16 4
8619 22 21 7
8620 19 18 4
8621 22 21 5
8622 27 27 5
8623 17 16 4
8624 18 17 5
8625 27 26 6
8626 18 17 5
8627 17 17 5
8628 29 28 8
8629 18 18 4
8630 20 19 7
8631 19 18 4
8632 38 37 5
8633 23 22 6
8634 22 22 4
8635 10 9 5
8636 27 27 5
8637 17 16 4
8638 30 29 5
8639 35 34 6
8640 22 22 6
8641 20 20 4
8642 24 23 5
8643 17 16 4
8644 16 15 5
8645 25 24 6
8646 20 20 6
8647 22 22 6
8648 26 26 4
8649 10 9 5
8650 25 25 7
8651 21 20 4
8652 26 25 7
8653 33 32 6
8654 18 18 4
8655 20 19 5
8656 23 22 6
8657 28 27 5
8658 21 21 5
8659 15 14 4
8660 24 23 5
8661 15 14 4
8662 18 17 5
8663 11 10 4
8664 6 5 4
8665 20 19 5
8666 21 20 4
8667 30 29 5
8668 23 23 5
8669 15 14 6
8670 18 18 4
8671 14 13 5
8672 21 20 4
8673 18 17 5
8674 17 16 6
8675 22 21 5
8676 25 25 5
8677 17 17 5
8678 21 20 4
8679 24 23 5
8680 27 27 5
8681 29 28 6
8682 16 16 4
8683 22 21 5
8684 25 24 6
8685 36 35 5
8686 19 18 4
8687 28 27 5
8688 21 20 4
8689 16 15 5
8690 21 21 5
8691 19 18 4
8692 18 17 7
8693 13 12 4
8694 22 21 5
8695 17 16 6
8696 20 20 6
8697 26 26 4
8698 14 13 5
8699 19 18 4
8700 18 17 5
8701 27 26 6
8702 8 8 4
8703 14 13 5
8704 25 24 6
8705 16 16 4
8706 20 19 5
8707 21 21 5
8708 11 10 4
8709 22 21 5
8710 21 21 5
8711 13 12 6
8712 10 10 4
8713 24 23 7
8714 11 10 4
8715 16 15 5
8716 19 18 4
8717 18 17 7
8718 23 22 6
8719 12 12 4
8720 18 17 5
8721 17 17 5
8722 17 16 4
8723 22 21 5
8724 5 5 5
8725 14 13 5
8726 19 19 5
8727 17 16 4
8728 10 9 5
8729 23 22 6
8730 10 10 4
8731 20 19 5
8732 21 20 6
8733 18 17 5
8734 19 18 4
8735 16 15 5
8736 13 12 6
8737 24 23 5
8738 19 19 5
8739 13 12 4
8740 12 11 5
8741 27 26 6
8742 22 21 5
8743 31 31 5
8744 11 10 4
8745 16 15 5
8746 15 15 5
8747 11 10 4
8748 26 25 5
8749 15 15 5
8750 21 20 6
8751 20 20 6
8752 10 10 4
8753 18 17 5
8754 17 16 6
8755 16 16 4
8756 14 13 5
8757 17 16 4
8758 34 33 5
8759 27 27 5
8760 35 35 5
8761 37 36 4
8762 20 19 5
8763 21 20 4
8764 22 21 5
8765 23 22 6
8766 30 30 4
8767 22 21 5
8768 23 22 6
8769 16 16 4
8770 24 23 5
8771 29 28 6
8772 22 21 5
8773 25 24 4
8774 24 23 5
8775 21 21 5
8776 35 34 4
8777 38 37 5
8778 43 42 6
8779 30 30 4
8780 36 35 5
8781 51 50 6
8782 22 22 4
8783 30 29 5
8784 43 42 6
8785 38 38 4
8786 40 39 5
8787 21 20 6
8788 30 30 4
8789 34 33 5
8790 31 30 6
8791 34 34 4
8792 36 35 5
8793 19 19 5
8794 25 24 6
8795 42 42 6
8796 22 22 6
8797 34 33 5
8798 35 34 4
8799 30 29 5
8800 37 37 7
8801 35 34 4
8802 34 33 5
8803 19 19 5
8804 23 22 4
8805 38 37 5
8806 33 33 7
8807 51 50 12
8808 48 48 10
8809 38 38 14
8810 26 26 4
8811 36 35 5
8812 43 42 8
8813 36 36 6
8814 24 23 5
8815 17 17 5
8816 31 30 6
8817 36 36 4
8818 40 39 9
8819 31 31 5
8820 47 46 6
8821 34 34 6
8822 30 30 6
8823 32 32 6
8824 26 26 4
8825 28 27 7
8826 17 16 6
8827 32 31 7
8828 35 34 8
8829 34 34 4
8830 24 23 5
8831 35 35 5
8832 25 25 5
8833 43 42 8
8834 22 22 6
8835 50 49 5
8836 33 32 6
8837 24 24 8
8838 36 36 8
8839 38 37 5
8840 33 32 4
8841 32 31 7
8842 47 47 15
8843 39 38 14
8844 26 26 4
8845 26 25 9
8846 27 27 5
8847 21 21 7
8848 27 27 7
8849 19 19 5
8850 31 30 6
8851 32 32 6
8852 14 14 4
8853 18 17 5
8854 21 21 5
8855 17 17 5
8856 23 22 4
8857 38 37 5
8858 31 31 9
8859 21 21 5
8860 21 21 5
8861 17 16 6
8862 18 18 8
8863 26 26 8
8864 30 29 7
8865 33 32 6
8866 36 36 8
8867 22 21 5
8868 45 45 9
8869 15 15 7
8870 17 17 5
8871 19 18 4
8872 26 25 7
8873 29 29 5
8874 19 19 5
8875 21 21 7
8876 25 24 6
8877 14 14 4
8878 28 27 5
8879 29 28 6
8880 28 28 6
8881 32 31 5
8882 13 12 4
8883 24 23 7
8884 25 24 4
8885 32 31 7
8886 23 23 7
8887 21 20 6
8888 28 28 8
8889 22 22 6
8890 18 18 4
8891 26 25 5
8892 27 26 6
8893 24 24 4
8894 22 21 7
8895 31 30 6
8896 8 8 4
8897 16 15 5
8898 19 19 5
8899 15 14 6
8900 32 32 6
8901 36 35 7
8902 29 28 4
8903 24 23 5
8904 25 25 5
8905 15 15 5
8906 25 24 6
8907 14 14 4
8908 32 31 5
8909 23 22 4
8910 16 15 5
8911 21 21 5
8912 31 31 5
8913 19 18 4
8914 28 27 5
8915 37 36 4
8916 42 41 7
8917 19 19 5
8918 17 16 6
8919 28 28 6
8920 26 25 5
8921 33 32 6
8922 34 34 6
8923 30 29 9
8924 41 40 6
8925 22 21 9
8926 47 46 10
8927 18 18 4
8928 36 35 5
8929 37 37 5
8930 37 37 5
8931 29 28 4
8932 28 27 5
8933 29 28 6
8934 24 24 4
8935 20 19 5
8936 29 29 5
8937 23 23 5
8938 39 38 6
8939 28 27 7
8940 25 25 5
8941 17 16 6
8942 24 24 8
8943 26 26 6
8944 16 15 5
8945 29 29 5
8946 27 26 8
8947 16 16 6
8948 16 16 4
8949 36 35 9
8950 23 23 5
8951 19 18 4
8952 46 45 7
8953 29 28 6
8954 30 30 6
8955 18 17 5
8956 29 29 5
8957 27 27 5
8958 21 21 5
8959 21 20 4
8960 42 41 5
8961 29 29 5
8962 17 16 4
8963 20 19 5
8964 19 18 6
8965 24 24 4
8966 18 17 5
8967 21 20 6
8968 16 16 6
8969 22 22 4
8970 14 13 5
8971 19 18 4
8972 32 31 5
8973 27 26 6
8974 16 16 4
8975 14 13 5
8976 11 10 4
8977 16 15 5
8978 21 20 6
8979 24 24 4
8980 22 21 5
8981 17 16 6
8982 16 16 6
8983 14 14 4
8984 18 17 5
8985 11 10 4
8986 20 19 5
8987 17 16 6
8988 12 12 4
8989 18 17 5
8990 17 16 4
8991 14 13 5
8992 13 12 4
8993 16 15 5
8994 11 10 4
8995 12 11 5
8996 13 13 5
8997 21 20 6
8998 24 24 6
8999 20 19 5
9000 11 10 4
9001 18 17 5
9002 9 8 4
9003 6 5 4
9004 22 21 5
9005 25 24 4
9006 26 25 5
9007 13 12 4
9008 28 27 5
9009 23 22 4
9010 18 17 7
9011 15 14 4
9012 12 11 5
9013 23 22 4
9014 20 19 5
9015 21 20 6
9016 22 22 4
9017 20 19 5
9018 11 10 4
9019 24 23 5
9020 17 16 6
9021 14 14 4
9022 6 5 4
9023 24 23 5
9024 11 11 5
9025 19 19 5
9026 25 24 4
9027 12 11 5
9028 19 18 6
9029 18 18 4
9030 20 19 5
9031 17 16 4
9032 16 15 5
9033 21 20 6
9034 16 15 5
9035 13 13 5
9036 17 17 5
9037 21 20 6
9038 20 19 5
9039 17 16 4
9040 20 19 5
9041 15 14 6
9042 14 13 5
9043 13 12 6
9044 18 18 6
9045 24 24 6
9046 14 14 4
9047 26 25 5
9048 23 23 5
9049 25 24 6
9050 16 16 6
9051 18 18 6
9052 14 14 4
9053 16 15 5
9054 27 27 5
9055 27 26 6
9056 22 21 5
9057 9 8 4
9058 16 15 5
9059 13 13 5
9060 11 11 5
9061 21 20 6
9062 12 11 5
9063 21 20 4
9064 16 15 5
9065 31 30 6
9066 20 19 5
9067 17 16 4
9068 12 11 5
9069 11 10 4
9070 18 17 5
9071 13 12 4
9072 20 19 7
9073 15 14 4
9074 16 15 5
9075 15 15 5
9076 17 16 4
9077 10 9 5
9078 17 16 4
9079 24 23 5
9080 13 13 5
9081 21 20 6
9082 14 13 5
9083 9 9 5
9084 13 12 4
9085 22 21 5
9086 11 10 4
9087 20 19 5
9088 19 18 6
9089 18 18 4
9090 14 13 5
9091 13 13 5
9092 19 18 4
9093 24 23 5
9094 23 23 5
9095 19 19 5
9096 17 17 5
9097 15 14 6
9098 14 13 5
9099 21 20 6
9100 18 18 6
9101 16 16 6
9102 18 18 6
9103 20 20 4
9104 12 11 5
9105 15 14 6
9106 18 18 4
9107 28 27 5
9108 21 21 5
9109 11 11 5
9110 11 10 4
9111 12 11 5
9112 15 14 6
9113 14 14 4
9114 22 21 5
9115 29 28 6
9116 20 20 6
9117 26 26 4
9118 18 17 5
9119 19 18 4
9120 12 11 5
9121 27 27 5
9122 21 20 6
9123 20 20 6
9124 16 16 4
9125 22 21 5
9126 15 15 5
9127 13 13 5
9128 23 22 4
9129 30 29 5
9130 33 32 6
9131 32 32 6
9132 10 9 5
9133 19 18 4
9134 26 25 5
9135 15 14 4
9136 22 21 5
9137 33 33 5
9138 19 18 4
9139 20 19 5
9140 29 28 6
9141 26 26 4
9142 48 47 7
9143 25 24 4
9144 30 29 5
9145 33 32 4
9146 40 39 5
9147 49 48 4
9148 56 55 5
9149 31 30 4
9150 34 33 5
9151 29 28 4
9152 44 43 5
9153 51 50 4
9154 60 59 5
9155 41 40 4
9156 42 41 5
9157 37 36 4
9158 54 53 5
9159 61 60 4
9160 50 49 5
9161 61 60 4
9162 52 51 5
9163 43 42 4
9164 50 49 5
9165 63 62 4
9166 42 41 5
9167 31 30 6
9168 54 54 4
9169 66 65 5
9170 29 28 4
9171 54 53 5
9172 47 47 5
9173 37 36 4
9174 66 65 5
9175 69 68 4
9176 38 37 5
9177 51 50 4
9178 58 57 5
9179 49 48 4
9180 38 37 5
9181 35 34 4
9182 66 65 5
9183 53 52 6
9184 32 31 5
9185 55 54 6
9186 54 53 5
9187 33 32 4
9188 54 53 5
9189 51 50 4
9190 44 43 5
9191 53 52 4
9192 52 51 5
9193 57 56 8
9194 58 58 6
9195 32 32 4
9196 46 45 5
9197 43 43 5
9198 55 54 6
9199 64 64 4
9200 30 29 7
9201 37 36 4
9202 38 37 5
9203 41 40 4
9204 40 39 7
9205 47 47 7
9206 43 42 4
9207 44 43 5
9208 43 42 6
9209 50 49 9
9210 33 33 5
9211 37 36 6
9212 62 62 6
9213 58 57 5
9214 55 54 4
9215 56 55 5
9216 45 45 11
9217 41 40 6
9218 44 44 6
9219 64 63 7
9220 67 66 8
9221 32 31 5
9222 29 29 5
9223 35 34 4
9224 48 47 5
9225 33 32 6
9226 58 57 7
9227 35 35 5
9228 41 41 5
9229 41 40 4
9230 52 51 5
9231 51 51 5
9232 69 68 8
9233 40 40 4
9234 34 33 7
9235 49 49 7
9236 71 71 11
9237 33 32 4
9238 50 49 9
9239 37 37 5
9240 33 32 4
9241 44 43 5
9242 29 28 4
9243 42 41 5
9244 39 39 7
9245 45 45 7
9246 41 40 4
9247 50 49 5
9248 35 35 5
9249 37 36 6
9250 50 50 6
9251 44 43 5
9252 41 41 5
9253 49 48 8
9254 52 51 5
9255 49 49 9
9256 51 51 5
9257 31 30 4
9258 36 35 5
9259 39 39 5
9260 43 42 4
9261 40 39 5
9262 43 42 6
9263 40 40 4
9264 38 37 5
9265 43 43 5
9266 43 42 6
9267 42 42 4
9268 36 35 5
9269 39 38 6
9270 52 52 6
9271 52 52 4
9272 48 47 5
9273 41 40 4
9274 32 31 5
9275 39 38 6
9276 50 50 6
9277 50 49 5
9278 37 36 4
9279 56 55 5
9280 51 50 4
9281 44 43 5
9282 43 42 4
9283 50 49 5
9284 59 58 6
9285 40 40 4
9286 38 37 5
9287 31 30 4
9288 34 33 5
9289 29 28 4
9290 46 45 5
9291 43 42 4
9292 66 65 5
9293 45 44 4
9294 24 23 5
9295 37 36 6
9296 44 44 6
9297 34 34 6
9298 38 38 4
9299 56 55 5
9300 41 40 4
9301 48 47 5
9302 23 22 4
9303 20 19 5
9304 41 40 4
9305 40 39 5
9306 35 34 4
9307 32 31 5
9308 29 28 4
9309 38 37 5
9310 39 38 6
9311 42 42 6
9312 36 36 4
9313 36 35 5
9314 33 32 4
9315 36 35 5
9316 37 37 5
9317 31 30 4
9318 52 51 5
9319 29 29 5
9320 27 26 4
9321 42 41 5
9322 41 40 4
9323 44 43 5
9324 41 41 5
9325 29 29 5
9326 23 23 5
9327 35 34 4
9328 60 59 5
9329 57 56 4
9330 50 49 7
9331 47 46 6
9332 38 38 6
9333 30 30 4
9334 46 45 5
9335 45 45 5
9336 41 41 5
9337 31 30 6
9338 42 41 5
9339 33 32 6
9340 32 32 6
9341 50 50 4
9342 40 39 5
9343 33 32 6
9344 38 38 4
9345 40 39 5
9346 27 26 4
9347 44 43 5
9348 53 53 5
9349 43 43 5
9350 29 28 4
9351 46 45 7
9352 35 34 4
9353 38 37 7
9354 45 44 4
9355 52 51 5
9356 41 40 4
9357 30 29 5
9358 35 34 4
9359 48 47 5
9360 35 35 5
9361 35 34 6
9362 40 40 6
9363 30 30 4
9364 40 39 5
9365 41 41 5
9366 43 42 6
9367 44 44 6
9368 36 36 4
9369 48 47 5
9370 25 25 5
9371 43 43 5
9372 33 32 4
9373 38 37 5
9374 43 43 5
9375 29 28 4
9376 44 43 5
9377 35 34 4
9378 44 43 5
9379 39 38 4
9380 36 35 5
9381 35 34 4
9382 26 25 5
9383 37 36 4
9384 44 43 5
9385 41 40 6
9386 56 56 6
9387 40 39 5
9388 49 48 8
9389 40 40 4
9390 26 25 5
9391 43 42 4
9392 56 55 7
9393 79 78 6
9394 46 45 5
9395 35 34 6
9396 44 43 5
9397 47 46 4
9398 46 45 5
9399 35 35 5
9400 29 29 5
9401 39 38 6
9402 42 42 4
9403 44 43 5
9404 51 51 5
9405 57 57 5
9406 53 53 7
9407 33 33 5
9408 51 51 5
9409 49 48 6
9410 48 47 7
9411 51 50 6
9412 40 39 7
9413 55 54 6
9414 52 51 5
9415 61 60 4
9416 50 49 5
9417 47 46 6
9418 44 44 4
9419 28 27 5
9420 43 43 5
9421 57 57 5
9422 41 40 4
9423 38 37 5
9424 45 45 5
9425 47 46 6
9426 44 44 6
9427 48 48 4
9428 26 25 5
9429 47 46 4
9430 36 35 5
9431 23 22 4
9432 36 35 5
9433 31 31 5
9434 53 52 4
9435 48 47 5
9436 33 32 6
9437 32 32 6
9438 44 44 4
9439 48 47 5
9440 45 44 6
9441 56 56 4
9442 26 25 5
9443 45 44 4
9444 42 41 5
9445 37 37 5
9446 51 50 4
9447 50 49 5
9448 37 36 4
9449 34 33 5
9450 19 18 4
9451 54 53 5
9452 31 31 5
9453 47 46 4
9454 42 41 5
9455 29 28 4
9456 54 53 5
9457 25 24 4
9458 40 39 5
9459 33 32 4
9460 28 27 5
9461 37 36 4
9462 46 45 5
9463 31 31 5
9464 37 37 5
9465 37 37 5
9466 45 44 6
9467 30 30 6
9468 32 32 4
9469 40 39 5
9470 37 37 5
9471 27 26 6
9472 30 29 5
9473 43 42 6
9474 46 46 6
9475 44 44 6
9476 24 24 6
9477 32 32 6
9478 34 34 4
9479 38 37 5
9480 21 21 5
9481 51 50 6
9482 34 34 6
9483 36 36 4
9484 28 27 5
9485 43 42 6
9486 16 15 5
9487 45 44 8
9488 24 24 4
9489 32 31 7
9490 39 38 6
9491 28 28 6
9492 38 38 4
9493 30 29 5
9494 41 41 7
9495 33 32 4
9496 20 19 5
9497 33 32 6
9498 22 22 4
9499 18 17 5
9500 31 30 4
9501 42 41 5
9502 27 27 5
9503 43 42 6
9504 30 30 6
9505 10 10 4
9506 28 27 7
9507 23 22 6
9508 32 31 5
9509 29 28 6
9510 26 26 4
9511 36 35 7
9512 29 28 4
9513 32 31 5
9514 41 40 4
9515 20 19 5
9516 33 32 4
9517 20 19 5
9518 41 41 5
9519 27 27 5
9520 39 39 5
9521 33 32 4
9522 32 31 5
9523 33 33 5
9524 37 36 6
9525 24 24 6
9526 38 38 6
9527 38 38 4
9528 18 17 5
9529 29 29 5
9530 33 32 6
9531 28 28 6
9532 26 26 6
9533 46 46 6
9534 26 26 4
9535 34 33 5
9536 35 35 5
9537 39 38 6
9538 28 28 6
9539 36 36 4
9540 34 33 7
9541 19 18 4
9542 42 41 5
9543 35 35 5
9544 41 40 6
9545 28 27 5
9546 41 40 6
9547 36 36 6
9548 44 44 6
9549 22 22 6
9550 30 30 4
9551 38 37 5
9552 33 32 6
9553 34 33 5
9554 35 35 5
9555 29 28 4
9556 20 19 5
9557 43 43 7
9558 27 26 4
9559 24 23 5
9560 29 28 4
9561 34 33 5
9562 29 29 5
9563 43 42 6
9564 30 30 6
9565 18 18 6
9566 22 22 4
9567 40 39 5
9568 39 38 4
9569 20 19 5
9570 23 22 6
9571 30 29 5
9572 31 30 6
9573 28 28 4
9574 48 47 5
9575 39 38 4
9576 32 31 5
9577 45 45 5
9578 35 34 4
9579 30 29 5
9580 31 30 6
9581 26 25 5
9582 19 18 6
9583 22 22 4
9584 22 21 5
9585 19 18 4
9586 32 31 5
9587 29 28 6
9588 30 30 6
9589 26 25 5
9590 29 29 5
9591 29 28 6
9592 32 31 5
9593 21 21 5
9594 21 20 4
9595 26 25 5
9596 15 14 4
9597 18 17 5
9598 17 17 5
9599 33 32 4
9600 18 17 5
9601 23 22 6
9602 28 28 4
9603 24 23 5
9604 15 15 5
9605 17 16 6
9606 26 26 4
9607 20 19 5
9608 17 17 7
9609 29 28 6
9610 20 20 6
9611 20 20 4
9612 20 19 5
9613 17 16 6
9614 24 24 4
9615 16 15 5
9616 17 16 6
9617 22 22 4
9618 28 27 5
9619 11 11 5
9620 25 25 5
9621 11 10 4
9622 26 25 5
9623 19 19 5
9624 23 22 6
9625 24 23 5
9626 15 14 4
9627 30 29 5
9628 27 27 5
9629 19 18 4
9630 18 17 5
9631 31 30 4
9632 24 23 5
9633 31 31 5
9634 17 16 4
9635 20 19 5
9636 25 24 4
9637 16 15 7
9638 15 14 6
9639 16 16 4
9640 28 27 5
9641 21 21 5
9642 21 20 6
9643 26 26 6
9644 16 16 6
9645 18 18 6
9646 24 24 4
9647 16 15 5
9648 31 30 4
9649 20 19 5
9650 19 18 4
9651 24 23 5
9652 25 25 5
9653 25 25 5
9654 31 30 4
9655 16 15 5
9656 21 20 4
9657 20 19 5
9658 13 13 5
9659 11 10 4
9660 30 29 5
9661 25 24 4
9662 22 21 7
9663 29 28 4
9664 18 17 5
9665 29 28 6
9666 14 14 4
9667 22 21 5
9668 19 18 4
9669 12 11 5
9670 25 24 4
9671 34 33 5
9672 19 19 5
9673 29 29 5
9674 39 38 6
9675 34 34 4
9676 18 17 5
9677 19 18 4
9678 26 25 5
9679 25 24 4
9680 42 41 5
9681 33 32 4
9682 28 27 5
9683 35 34 4
9684 22 21 5
9685 25 25 5
9686 41 40 4
9687 36 35 5
9688 31 30 4
9689 32 31 5
9690 43 42 4
9691 42 41 5
9692 53 52 4
9693 62 61 5
9694 39 39 5
9695 55 54 4
9696 26 25 5
9697 35 34 4
9698 44 43 5
9699 51 51 7
9700 47 46 4
9701 40 39 9
9702 37 36 4
9703 28 27 5
9704 47 46 6
9705 50 49 7
9706 33 33 5
9707 27 26 4
9708 30 29 5
9709 45 44 4
9710 40 39 5
9711 29 28 6
9712 30 30 6
9713 32 32 4
9714 26 25 5
9715 25 24 6
9716 24 24 4
9717 36 35 5
9718 23 23 7
9719 35 34 4
9720 28 27 5
9721 23 23 7
9722 23 22 8
9723 42 41 7
9724 33 33 7
9725 29 29 5
9726 31 30 4
9727 26 25 5
9728 15 15 5
9729 33 32 8
9730 28 27 5
9731 25 24 8
9732 28 28 8
9733 38 37 13
9734 47 47 13
9735 21 21 5
9736 21 20 6
9737 24 23 5
9738 27 26 6
9739 22 22 6
9740 20 19 7
9741 31 30 10
9742 22 22 4
9743 20 19 5
9744 25 24 8
9745 32 32 6
9746 28 28 6
9747 34 33 13
9748 41 40 10
9749 26 25 7
9750 19 18 4
9751 34 33 13
9752 31 30 8
9753 38 38 10
9754 28 27 5
9755 25 24 8
9756 22 21 5
9757 25 24 6
9758 22 22 4
9759 30 29 9
9760 27 27 7
9761 25 24 4
9762 22 21 5
9763 25 25 5
9764 29 29 11
9765 21 21 5
9766 27 27 9
9767 31 30 6
9768 20 19 7
9769 17 16 6
9770 22 21 5
9771 21 20 4
9772 20 19 5
9773 31 30 6
9774 32 32 6
9775 14 14 4
9776 24 23 5
9777 19 18 4
9778 24 23 7
9779 19 18 4
9780 20 19 5
9781 15 14 6
9782 12 12 4
9783 12 11 5
9784 27 27 5
9785 41 41 5
9786 27 27 5
9787 27 26 4
9788 22 21 5
9789 11 10 4
9790 16 15 5
9791 27 27 5
9792 31 31 5
9793 27 27 5
9794 21 21 5
9795 31 30 6
9796 22 22 4
9797 36 35 7
9798 17 16 4
9799 24 23 5
9800 15 14 4
9801 20 19 7
9802 25 25 5
9803 17 16 6
9804 20 20 4
9805 26 25 5
9806 13 13 5
9807 19 18 4
9808 16 15 5
9809 25 24 6
9810 26 25 5
9811 15 14 4
9812 28 27 7
9813 17 17 5
9814 15 14 4
9815 26 25 5
9816 21 21 5
9817 25 24 8
9818 14 13 5
9819 25 24 4
9820 18 17 5
9821 17 16 4
9822 26 25 5
9823 11 10 4
9824 22 21 5
9825 19 19 5
9826 29 28 4
9827 20 19 5
9828 21 20 4
9829 36 35 5
9830 39 39 5
9831 19 19 5
9832 27 26 4
9833 26 25 5
9834 33 32 4
9835 38 37 5
9836 23 22 4
9837 30 29 5
9838 23 23 5
9839 27 26 4
9840 48 47 5
9841 39 38 6
9842 32 32 4
9843 26 25 5
9844 31 31 5
9845 25 24 6
9846 32 32 4
9847 28 27 5
9848 31 31 5
9849 37 36 4
9850 34 33 5
9851 31 30 6
9852 30 29 5
9853 17 17 5
9854 31 30 6
9855 34 34 4
9856 24 23 5
9857 25 25 7
9858 39 38 8
9859 16 16 4
9860 28 27 5
9861 23 22 6
9862 32 32 8
9863 30 30 6
9864 28 28 8
9865 22 22 4
9866 30 29 5
9867 25 25 5
9868 23 22 4
9869 28 27 5
9870 31 30 4
9871 16 15 5
9872 19 18 4
9873 26 25 5
9874 19 19 5
9875 19 18 4
9876 30 29 5
9877 23 22 6
9878 22 22 4
9879 20 19 5
9880 39 39 7
9881 23 22 4
9882 10 9 5
9883 17 16 4
9884 18 17 5
9885 13 12 6
9886 16 16 4
9887 20 19 5
9888 11 10 4
9889 24 23 5
9890 17 16 4
9891 22 21 5
9892 31 30 4
9893 30 29 5
9894 21 20 4
9895 16 15 5
9896 25 24 4
9897 18 17 5
9898 19 18 4
9899 24 23 5
9900 9 9 5
9901 19 18 4
9902 14 13 5
9903 25 24 6
9904 14 14 4
9905 10 9 5
9906 27 27 5
9907 21 20 4
9908 18 17 5
9909 21 20 6
9910 14 14 4
9911 22 21 5
9912 19 18 6
9913 18 17 5
9914 23 22 4
9915 20 19 5
9916 23 22 4
9917 14 13 5
9918 23 22 6
9919 12 12 4
9920 24 23 5
9921 27 26 6
9922 26 26 4
9923 18 17 5
9924 27 26 6
9925 28 28 4
9926 30 29 5
9927 27 26 4
9928 22 21 5
9929 31 30 6
9930 20 20 6
9931 26 26 8
9932 18 18 4
9933 30 29 5
9934 21 20 4
9935 22 21 5
9936 17 16 4
9937 20 19 5
9938 23 22 4
9939 36 35 5
9940 17 17 5
9941 35 35 5
9942 33 33 7
9943 35 34 6
9944 36 36 4
9945 24 23 5
9946 37 37 5
9947 29 28 6
9948 20 19 5
9949 23 23 7
9950 31 30 6
9951 22 21 5
9952 19 18 4
9953 20 19 5
9954 23 23 5
9955 21 20 6
9956 38 37 5
9957 23 22 6
9958 22 22 4
9959 18 17 5
9960 27 27 7
9961 19 18 8
9962 12 12 4
9963 32 31 5
9964 19 19 5
9965 19 19 5
9966 9 8 4
9967 12 11 5
9968 19 18 6
9969 16 16 4
9970 26 25 5
9971 19 19 5
9972 9 9 5
9973 17 16 4
9974 26 25 5
9975 17 17 5
9976 23 22 4
9977 28 27 5
9978 11 10 4
9979 24 23 5
9980 15 15 5
9981 21 20 4
9982 30 29 5
9983 17 16 6
9984 24 24 4
9985 10 9 5
9986 19 18 4
9987 22 21 5
9988 19 19 5
9989 15 15 5
9990 19 18 6
9991 12 12 4
9992 14 13 5
9993 17 16 4
9994 16 15 5
9995 17 16 4
9996 18 17 5
9997 21 20 4
9998 18 17 5
9999 17 16 6
10000 14 14 6
10001 14 14 4
10002 22 21 7
10003 21 20 4
10004 22 21 5
10005 15 14 4
10006 16 15 5
10007 15 14 6
10008 12 11 5
10009 17 17 5
10010 27 27 5
10011 21 21 5
10012 31 30 6
10013 14 14 4
10014 14 13 5
10015 13 12 4
10016 14 13 5
10017 17 17 5
10018 25 24 6
10019 14 14 4
10020 18 17 5
10021 11 10 4
10022 10 9 5
10023 23 22 6
10024 18 18 4
10025 36 35 5
10026 37 36 4
10027 14 13 5
10028 13 12 4
10029 10 9 5
10030 23 22 6
10031 18 18 4
10032 22 21 5
10033 25 24 6
10034 16 16 6
10035 14 14 6
10036 16 16 6
10037 10 10 4
10038 12 11 5
10039 25 24 4
10040 24 23 5
10041 25 24 4
10042 20 19 5
10043 29 28 6
10044 16 16 4
10045 20 19 5
10046 19 18 6
10047 20 20 6
10048 12 12 4
10049 18 17 5
10050 11 11 5
10051 13 12 4
10052 28 27 5
10053 25 25 5
10054 13 12 4
10055 20 19 5
10056 15 14 6
10057 10 10 4
10058 22 21 5
10059 13 12 4
10060 10 9 5
10061 27 26 6
10062 18 18 4
10063 18 17 7
10064 17 16 4
10065 10 9 5
10066 11 11 5
10067 21 20 6
10068 12 12 4
10069 18 17 5
10070 17 16 4
10071 20 19 5
10072 13 13 5
10073 33 33 5
10074 25 24 6
10075 30 30 4
10076 18 17 5
10077 15 14 4
10078 14 13 5
10079 7 6 5
10080 13 12 4
10081 14 13 5
10082 17 17 5
10083 13 12 4
10084 28 27 5
10085 17 16 4
10086 20 19 5
10087 17 17 5
10088 13 12 6
10089 24 24 6
10090 32 32 6
10091 30 30 6
10092 34 34 6
10093 10 10 4
10094 16 15 5
10095 19 19 5
10096 9 8 4
10097 16 15 5
10098 15 14 4
10099 18 17 5
10100 13 13 5
10101 17 17 5
10102 17 17 5
10103 13 12 4
10104 26 25 5
10105 21 20 4
10106 18 17 5
10107 15 15 5
10108 17 16 4
10109 20 19 5
10110 27 27 5
10111 25 25 5
10112 25 24 6
10113 34 34 6
10114 34 34 6
10115 28 28 4
10116 42 41 5
10117 29 29 5
10118 23 22 4
10119 28 27 7
10120 25 24 4
10121 32 31 5
10122 19 18 6
10123 12 12 4
10124 26 25 5
10125 11 10 4
10126 30 29 5
10127 37 37 5
10128 23 22 4
10129 32 31 5
10130 35 34 4
10131 36 35 5
10132 41 40 6
10133 26 26 4
10134 36 35 5
10135 33 32 4
10136 26 25 5
10137 19 18 4
10138 38 37 5
10139 21 20 4
10140 40 39 5
10141 25 24 6
10142 30 30 4
10143 36 35 5
10144 37 36 4
10145 34 33 5
10146 35 34 4
10147 42 41 5
10148 29 28 4
10149 36 35 5
10150 41 40 4
10151 26 25 5
10152 19 18 4
10153 34 33 5
10154 45 44 4
10155 32 31 5
10156 19 18 4
10157 38 37 5
10158 35 34 4
10159 30 29 5
10160 51 50 4
10161 34 33 5
10162 31 30 4
10163 26 25 5
10164 19 19 5
10165 31 30 4
10166 32 31 5
10167 39 39 5
10168 33 33 5
10169 17 16 4
10170 30 29 5
10171 39 38 4
10172 48 47 5
10173 41 40 4
10174 36 35 5
10175 51 51 7
10176 39 39 5
10177 51 50 6
10178 38 37 5
10179 67 67 5
10180 47 46 6
10181 34 34 6
10182 62 62 4
10183 44 43 5
10184 41 40 6
10185 36 36 4
10186 32 31 5
10187 59 59 5
10188 39 39 5
10189 37 36 4
10190 40 39 5
10191 35 35 5
10192 43 43 7
10193 33 32 6
10194 54 54 6
10195 48 48 8
10196 32 32 10
10197 60 60 10
10198 44 44 6
10199 42 42 8
10200 24 24 6
10201 42 41 7
10202 19 18 6
10203 22 22 8
10204 34 33 7
10205 41 40 10
10206 36 35 9
10207 39 39 7
10208 45 44 6
10209 40 40 10
10210 38 38 6
10211 40 39 9
10212 43 42 4
10213 30 29 5
10214 37 36 8
10215 38 37 9
10216 29 28 4
10217 44 43 7
10218 37 37 11
10219 37 36 4
10220 26 25 5
10221 37 37 11
10222 45 44 12
10223 22 21 5
10224 45 45 7
10225 41 40 8
10226 24 24 6
10227 22 22 4
10228 20 19 5
10229 19 19 5
10230 37 37 7
10231 29 28 8
10232 32 31 9
10233 43 42 12
10234 22 21 5
10235 29 29 7
10236 41 41 7
10237 35 34 12
10238 26 26 6
10239 28 28 6
10240 26 25 5
10241 19 19 5
10242 21 20 6
10243 22 22 6
10244 24 24 6
10245 24 23 5
10246 29 28 8
10247 20 20 6
10248 20 20 4
10249 26 25 5
10250 27 27 5
10251 45 45 7
10252 29 29 11
10253 23 22 8
10254 22 21 5
10255 15 15 5
10256 15 14 4
10257 16 15 5
10258 27 26 8
10259 32 31 5
10260 27 27 5
10261 21 20 4
10262 20 19 5
10263 23 22 6
10264 20 20 4
10265 22 21 5
10266 23 23 5
10267 31 31 5
10268 25 25 7
10269 29 28 6
10270 34 33 7
10271 17 16 6
10272 16 15 5
10273 27 26 6
10274 20 20 4
10275 26 25 5
10276 23 22 6
10277 38 38 4
10278 22 21 5
10279 31 31 5
10280 21 20 4
10281 28 27 5
10282 17 16 6
10283 32 32 4
10284 32 31 5
10285 23 23 5
10286 33 32 6
10287 40 40 6
10288 46 46 4
10289 20 19 5
10290 35 34 4
10291 30 29 5
10292 29 28 6
10293 36 36 4
10294 34 33 5
10295 27 26 6
10296 30 30 8
10297 16 16 4
10298 22 21 5
10299 31 30 10
10300 26 26 6
10301 24 24 8
10302 30 30 6
10303 18 18 4
10304 38 37 5
10305 37 36 4
10306 40 39 7
10307 37 37 7
10308 23 22 6
10309 16 15 5
10310 23 23 5
10311 23 22 6
10312 26 26 4
10313 26 25 5
10314 19 18 6
10315 32 32 4
10316 20 19 5
10317 27 26 4
10318 30 29 7
10319 33 32 4
10320 24 23 5
10321 23 22 6
10322 26 26 6
10323 24 24 6
10324 20 20 4
10325 26 25 5
10326 19 19 5
10327 31 31 7
10328 17 16 6
10329 12 12 6
10330 28 28 8
10331 14 13 5
10332 15 14 4
10333 24 23 5
10334 25 24 6
10335 38 37 7
10336 19 18 6
10337 24 23 5
10338 25 24 4
10339 30 29 5
10340 25 24 6
10341 24 24 4
10342 20 19 7
10343 19 18 4
10344 26 25 5
10345 23 22 6
10346 28 28 6
10347 26 26 6
10348 12 11 5
10349 23 22 6
10350 38 37 5
10351 27 27 5
10352 21 20 6
10353 18 18 4
10354 22 21 5
10355 17 16 6
10356 12 12 4
10357 20 19 5
10358 23 22 6
10359 16 15 5
10360 19 18 4
10361 20 19 5
10362 17 16 4
10363 18 17 5
10364 21 21 5
10365 11 10 6
10366 20 20 6
10367 18 18 4
10368 16 15 5
10369 9 9 5
10370 27 26 4
10371 14 13 5
10372 15 14 6
10373 16 16 4
10374 22 21 5
10375 13 13 5
10376 15 14 4
10377 18 17 5
10378 13 13 5
10379 13 12 4
10380 20 19 5
10381 19 19 5
10382 17 17 5
10383 15 15 5
10384 11 10 4
10385 22 21 5
10386 21 20 6
10387 26 26 6
10388 26 26 8
10389 10 10 4
10390 10 9 5
10391 17 16 4
10392 18 17 5
10393 13 12 6
10394 16 16 6
10395 18 18 4
10396 24 23 5
10397 13 13 5
10398 9 8 4
10399 22 21 5
10400 19 18 6
10401 28 27 5
10402 21 20 4
10403 16 15 5
10404 19 18 6
10405 14 13 5
10406 11 11 5
10407 19 18 4
10408 30 29 7
10409 17 16 4
10410 26 25 5
10411 15 14 6
10412 14 14 4
10413 18 17 5
10414 13 12 4
10415 14 13 5
10416 27 27 5
10417 19 19 5
10418 27 27 5
10419 17 17 5
10420 17 17 5
10421 11 11 5
10422 23 22 6
10423 14 14 4
10424 10 9 5
10425 23 22 6
10426 18 17 5
10427 13 12 4
10428 12 11 5
10429 9 9 5
10430 17 16 4
10431 18 17 5
10432 25 25 5
10433 15 15 5
10434 11 10 6
10435 8 8 4
10436 8 7 6
10437 12 12 4
10438 24 23 5
10439 17 16 6
10440 10 10 4
10441 22 21 7
10442 25 24 6
10443 18 18 4
10444 24 23 7
10445 13 12 4
10446 20 19 5
10447 13 12 4
10448 16 15 5
10449 15 14 6
10450 20 20 6
10451 18 18 4
10452 20 19 5
10453 19 19 5
10454 17 16 4
10455 24 23 5
10456 33 32 6
10457 20 20 4
10458 24 23 5
10459 13 13 5
10460 19 18 6
10461 18 18 4
10462 16 15 7
10463 27 26 4
10464 10 9 5
10465 21 20 4
10466 18 17 5
10467 15 15 5
10468 31 30 4
10469 30 29 5
10470 21 20 4
10471 28 27 5
10472 25 24 4
10473 30 29 5
10474 29 28 4
10475 34 33 5
10476 37 36 4
10477 34 33 5
10478 47 46 4
10479 44 43 5
10480 47 47 5
10481 51 51 5
10482 37 37 5
10483 17 16 4
10484 38 37 5
10485 47 46 6
10486 22 21 5
10487 23 22 4
10488 34 33 7
10489 33 33 5
10490 47 46 8
10491 52 52 6
10492 30 30 4
10493 28 27 5
10494 21 21 5
10495 19 18 4
10496 40 39 7
10497 33 32 8
10498 34 34 6
10499 42 42 4
10500 40 39 9
10501 25 25 5
10502 25 25 5
10503 23 22 4
10504 30 29 9
10505 25 25 5
10506 27 26 4
10507 18 17 5
10508 23 22 4
10509 14 13 5
10510 19 18 6
10511 36 35 5
10512 25 24 6
10513 26 25 5
10514 35 35 5
10515 27 27 5
10516 33 33 5
10517 37 37 5
10518 27 27 5
10519 31 31 5
10520 19 18 4
10521 20 19 5
10522 31 31 5
10523 43 42 6
10524 40 40 6
10525 22 22 6
10526 18 18 4
10527 26 25 5
10528 19 19 5
10529 25 24 6
10530 46 46 8
10531 26 26 6
10532 36 36 8
10533 32 32 4
10534 30 29 7
10535 37 37 9
10536 37 37 11
10537 17 17 5
10538 21 20 6
10539 26 25 9
10540 41 40 4
10541 26 25 5
10542 17 17 5
10543 43 42 10
10544 24 23 5
10545 23 22 6
10546 28 27 9
10547 49 48 10
10548 28 27 5
10549 31 31 9
10550 33 32 14
10551 28 27 9
10552 17 17 5
10553 35 35 15
10554 21 21 5
10555 33 33 5
10556 41 41 9
10557 29 29 5
10558 19 18 6
10559 16 15 5
10560 27 26 6
10561 36 36 4
10562 32 31 5
10563 25 25 5
10564 13 12 4
10565 22 21 7
10566 19 19 5
10567 19 19 7
10568 43 42 12
10569 28 27 11
10570 25 25 5
10571 17 17 7
10572 15 15 7
10573 17 16 4
10574 24 23 5
10575 41 40 8
10576 18 18 4
10577 26 25 5
10578 19 19 5
10579 29 28 10
10580 28 27 7
10581 33 32 8
10582 28 27 5
10583 23 22 4
10584 32 31 9
10585 23 22 6
10586 24 24 8
10587 26 25 5
10588 23 22 4
10589 16 15 5
10590 31 30 6
10591 22 22 4
10592 20 19 9
10593 29 28 6
10594 24 24 8
10595 46 45 13
10596 17 16 4
10597 26 25 5
10598 19 18 4
10599 22 21 5
10600 23 22 8
10601 16 15 5
10602 13 12 4
10603 28 27 5
10604 27 26 8
10605 10 10 4
10606 12 11 5
10607 27 26 4
10608 28 27 5
10609 39 38 10
10610 20 20 4
10611 32 31 5
10612 25 24 4
10613 14 13 5
10614 21 20 4
10615 32 31 5
10616 29 28 4
10617 26 25 5
10618 13 12 4
10619 28 27 5
10620 31 30 4
10621 24 23 5
10622 29 28 4
10623 20 19 5
10624 29 28 6
10625 26 26 4
10626 16 15 5
10627 13 12 4
10628 20 19 5
10629 33 32 4
10630 22 21 5
10631 23 22 6
10632 22 22 4
10633 30 29 5
10634 23 22 4
10635 20 19 5
10636 15 14 4
10637 16 15 5
10638 17 16 4
10639 20 19 5
10640 15 14 4
10641 28 27 5
10642 29 28 6
10643 20 20 4
10644 20 19 5
10645 21 21 5
10646 23 23 5
10647 15 15 5
10648 19 18 6
10649 22 22 4
10650 12 11 5
10651 17 17 5
10652 13 12 4
10653 14 13 5
10654 21 21 5
10655 17 16 4
10656 14 13 5
10657 23 22 4
10658 20 19 5
10659 15 15 5
10660 15 14 4
10661 16 15 5
10662 13 13 5
10663 13 12 4
10664 20 19 5
10665 17 16 4
10666 18 17 5
10667 21 20 6
10668 12 11 5
10669 17 16 4
10670 18 17 5
10671 17 16 6
10672 16 16 6
10673 16 16 4
10674 18 17 5
10675 15 15 5
10676 15 15 5
10677 25 24 4
10678 22 21 5
10679 19 19 5
10680 11 10 4
10681 26 25 5
10682 19 18 4
10683 28 27 5
10684 15 15 5
10685 19 18 4
10686 24 23 5
10687 19 18 4
10688 24 23 5
10689 17 17 5
10690 13 12 4
10691 10 9 5
10692 15 14 4
10693 22 21 5
10694 9 9 5
10695 15 14 4
10696 18 17 7
10697 15 14 4
10698 14 13 5
10699 13 12 4
10700 14 13 5
10701 23 22 6
10702 18 17 5
10703 15 14 4
10704 12 11 5
10705 9 8 4
10706 16 15 5
10707 19 18 4
10708 28 27 5
10709 13 13 5
10710 17 16 4
10711 22 21 5
10712 7 6 5
10713 7 6 5
10714 13 12 4
10715 22 21 7
10716 11 11 5
10717 17 16 6
10718 18 18 6
10719 10 10 4
10720 12 11 5
10721 15 14 4
10722 16 15 5
10723 19 18 4
10724 18 17 5
10725 11 10 4
10726 12 11 5
10727 13 13 5
10728 17 16 4
10729 18 17 5
10730 21 21 5
10731 21 21 5
10732 13 13 5
10733 11 10 6
10734 14 13 5
10735 11 10 4
10736 10 9 5
10737 9 8 4
10738 26 25 5
10739 17 16 6
10740 10 10 6
10741 10 10 4
10742 20 19 5
10743 17 16 4
10744 20 19 5
10745 15 15 5
10746 17 17 5
10747 13 12 4
10748 16 15 5
10749 15 14 4
10750 14 13 5
10751 11 10 4
10752 16 15 7
10753 13 12 4
10754 24 23 5
10755 17 16 6
10756 16 16 4
10757 16 15 5
10758 13 13 5
10759 11 11 5
10760 25 24 6
10761 18 18 4
10762 24 23 5
10763 15 14 6
10764 20 19 5
10765 7 6 5
10766 13 12 4
10767 10 9 5
10768 19 18 4
10769 14 13 7
10770 23 22 6
10771 14 14 4
10772 14 13 5
10773 19 18 4
10774 6 5 4
10775 16 15 7
10776 11 10 4
10777 14 13 5
10778 21 20 4
10779 12 11 5
10780 17 16 6
10781 14 14 6
10782 18 18 4
10783 16 15 5
10784 11 10 4
10785 12 11 5
10786 17 16 4
10787 12 11 5
10788 11 11 5
10789 15 14 4
10790 6 5 4
10791 20 19 7
10792 17 17 5
10793 19 18 4
10794 18 17 5
10795 17 16 4
10796 12 11 5
10797 11 10 4
10798 22 21 5
10799 19 19 5
10800 11 11 5
10801 13 12 4
10802 14 13 5
10803 15 14 4
10804 20 19 5
10805 9 9 5
10806 9 9 5
10807 9 8 4
10808 12 11 5
10809 11 10 4
10810 20 19 5
10811 15 15 5
10812 7 6 5
10813 19 18 6
10814 10 10 4
10815 22 21 5
10816 13 12 6
10817 16 16 4
10818 14 13 5
10819 9 8 4
10820 10 9 5
10821 21 21 7
10822 27 26 6
10823 16 16 4
10824 28 27 7
10825 19 18 6
10826 12 12 4
10827 14 13 5
10828 15 14 4
10829 12 11 5
10830 19 19 5
10831 19 18 6
10832 24 24 6
10833 16 16 6
10834 10 10 4
10835 16 15 5
10836 15 14 6
10837 18 18 6
10838 32 31 7
10839 21 20 6
10840 16 16 6
10841 14 14 6
10842 10 10 4
10843 6 5 4
10844 20 19 5
10845 15 14 6
10846 18 18 6
10847 20 20 4
10848 6 5 4
10849 24 23 5
10850 13 12 4
10851 14 13 7
10852 9 8 4
10853 16 15 5
10854 21 20 6
10855 16 16 4
10856 14 13 5
10857 11 10 4
10858 18 17 7
10859 23 22 6
10860 12 12 4
10861 16 15 5
10862 21 20 4
10863 10 9 5
10864 5 5 5
10865 12 11 5
10866 15 15 5
10867 17 17 5
10868 13 13 5
10869 13 12 6
10870 12 11 5
10871 9 8 4
10872 18 17 7
10873 13 12 4
10874 16 15 5
10875 19 19 5
10876 23 23 5
10877 19 19 5
10878 23 22 4
10879 24 23 5
10880 25 25 7
10881 21 20 4
10882 22 21 5
10883 37 36 4
10884 18 17 5
10885 25 24 4
10886 14 13 5
10887 29 28 4
10888 28 27 5
10889 37 37 5
10890 51 50 6
10891 22 22 4
10892 26 25 5
10893 41 40 4
10894 32 31 5
10895 35 34 6
10896 48 48 4
10897 32 31 5
10898 31 31 5
10899 25 25 5
10900 33 32 6
10901 36 36 6
10902 32 32 4
10903 30 29 5
10904 31 31 5
10905 39 38 4
10906 50 49 5
10907 43 42 6
10908 24 24 4
10909 30 29 5
10910 27 26 4
10911 46 45 5
10912 45 45 5
10913 29 28 6
10914 40 40 4
10915 46 45 5
10916 59 59 5
10917 35 34 4
10918 44 43 5
10919 49 48 4
10920 38 37 5
10921 31 30 4
10922 40 39 5
10923 41 40 4
10924 24 23 5
10925 33 32 4
10926 34 33 5
10927 29 28 6
10928 34 34 4
10929 38 37 5
10930 27 26 4
10931 24 23 5
10932 23 22 4
10933 28 27 5
10934 29 29 5
10935 37 36 4
10936 28 27 5
10937 23 22 6
10938 26 26 4
10939 22 21 5
10940 21 20 4
10941 36 35 5
10942 39 38 4
10943 30 29 7
10944 33 32 6
10945 24 24 4
10946 18 17 5
10947 27 26 4
10948 30 29 5
10949 29 28 4
10950 34 33 5
10951 25 24 6
10952 20 20 6
10953 30 30 4
10954 32 31 5
10955 33 33 5
10956 31 31 9
10957 25 24 6
10958 20 20 4
10959 28 27 9
10960 27 27 5
10961 31 30 6
10962 36 36 4
10963 22 21 5
10964 29 28 6
10965 16 16 4
10966 26 25 5
10967 21 20 4
10968 30 29 7
10969 27 26 4
10970 26 25 5
10971 31 30 6
10972 24 24 6
10973 32 32 4
10974 22 21 7
10975 31 31 5
10976 47 46 8
10977 16 16 4
10978 32 31 5
10979 25 24 4
10980 26 25 7
10981 27 27 5
10982 19 19 5
10983 31 30 8
10984 22 22 4
10985 20 19 5
10986 25 25 5
10987 31 30 4
10988 22 21 5
10989 31 30 4
10990 30 29 5
10991 35 35 5
10992 29 28 4
10993 26 25 5
10994 27 26 6
10995 16 16 4
10996 24 23 5
10997 35 34 8
10998 28 28 8
10999 42 42 12
11000 26 26 4
11001 34 33 5
11002 17 17 7
11003 21 20 4
11004 24 23 5
11005 23 23 5
11006 23 22 4
11007 20 19 5
11008 25 24 4
11009 22 21 5
11010 19 19 5
11011 23 22 4
11012 28 27 5
11013 27 27 7
11014 19 18 6
11015 26 25 5
11016 27 27 9
11017 35 34 8
11018 44 43 9
11019 33 33 9
11020 23 23 5
11021 21 21 5
11022 27 26 8
11023 26 26 4
11024 28 27 5
11025 23 23 5
11026 29 28 6
11027 16 15 5
11028 17 16 6
11029 20 20 4
11030 22 21 5
11031 17 16 4
11032 16 15 7
11033 25 24 6
11034 16 15 5
11035 23 23 7
11036 21 20 6
11037 26 26 4
11038 28 27 5
11039 13 12 4
11040 22 21 7
11041 31 31 5
11042 17 16 4
11043 14 13 5
11044 21 20 4
11045 18 17 5
11046 27 27 5
11047 13 13 5
11048 23 23 5
11049 15 15 5
11050 27 27 5
11051 19 19 5
11052 9 8 4
11053 22 21 5
11054 17 17 5
11055 23 23 5
11056 19 18 6
11057 24 23 5
11058 29 29 7
11059 25 24 4
11060 30 29 5
11061 17 16 4
11062 18 17 5
11063 11 10 4
11064 18 17 5
11065 15 14 6
11066 24 24 6
11067 18 18 6
11068 16 16 4
11069 22 21 5
11070 15 15 5
11071 21 20 4
11072 30 29 5
11073 13 13 5
11074 11 10 4
11075 16 15 5
11076 19 18 8
11077 20 20 4
11078 12 11 5
11079 23 23 5
11080 19 19 5
11081 27 27 5
11082 25 24 4
11083 12 11 5
11084 23 22 6
11085 18 18 6
11086 22 22 4
11087 22 21 5
11088 25 25 7
11089 23 22 6
11090 12 11 5
11091 19 19 5
11092 17 16 6
11093 14 14 4
11094 24 23 5
11095 19 18 4
11096 22 21 7
11097 13 13 5
11098 25 24 6
11099 10 10 4
11100 24 23 5
11101 15 15 5
11102 21 20 4
11103 30 29 5
11104 19 19 5
11105 27 26 4
11106 20 19 5
11107 17 17 5
11108 17 16 4
11109 14 13 5
11110 21 20 6
11111 24 24 6
11112 20 20 4
11113 34 33 5
11114 31 31 5
11115 21 21 5
11116 19 19 5
11117 23 22 4
11118 28 27 5
11119 29 29 5
11120 29 28 4
11121 48 47 5
11122 37 36 4
11123 24 23 5
11124 27 26 4
11125 28 27 5
11126 31 31 5
11127 33 32 4
11128 24 23 5
11129 29 28 4
11130 28 27 5
11131 35 34 4
11132 22 21 5
11133 25 24 4
11134 32 31 5
11135 29 28 4
11136 22 21 5
11137 15 14 4
11138 20 19 5
11139 35 34 6
11140 16 16 4
11141 26 25 5
11142 17 16 4
11143 20 19 5
11144 19 18 4
11145 20 19 5
11146 19 18 4
11147 14 13 5
11148 21 21 5
11149 21 20 4
11150 32 31 5
11151 33 33 5
11152 19 18 4
11153 36 35 7
11154 11 10 4
11155 30 29 7
11156 21 20 6
11157 18 18 4
11158 22 21 5
11159 9 8 4
11160 16 15 5
11161 15 15 5
11162 19 19 5
11163 17 16 4
11164 20 19 5
11165 25 24 4
11166 30 29 5
11167 21 21 5
11168 11 10 4
11169 26 25 5
11170 19 19 5
11171 17 16 4
11172 24 23 5
11173 29 28 4
11174 14 13 5
11175 9 8 4
11176 14 13 5
11177 19 18 4
11178 14 13 5
11179 19 18 6
11180 20 20 6
11181 16 16 4
11182 20 19 5
11183 15 14 4
11184 18 17 5
11185 17 16 4
11186 20 19 5
11187 9 8 4
11188 12 11 5
11189 19 18 4
11190 24 23 5
11191 21 20 4
11192 16 15 5
11193 9 9 5
11194 19 18 4
11195 26 25 5
11196 15 15 5
11197 9 8 4
11198 18 17 5
11199 13 12 4
11200 18 17 5
11201 19 19 5
11202 23 22 6
11203 12 12 4
11204 22 21 5
11205 13 12 4
11206 16 15 5
11207 15 15 5
11208 17 17 5
11209 13 12 4
11210 16 15 5
11211 15 14 4
11212 18 17 5
11213 9 9 5
11214 19 18 4
11215 12 11 5
11216 15 14 6
11217 26 26 6
11218 18 18 6
11219 14 14 4
11220 14 13 5
11221 23 22 6
11222 10 9 5
11223 15 14 6
11224 18 18 4
11225 16 15 5
11226 15 14 4
11227 20 19 5
11228 15 15 5
11229 13 12 4
11230 14 13 5
11231 17 16 6
11232 12 12 4
11233 20 19 5
11234 13 13 5
11235 11 10 4
11236 24 23 5
11237 23 22 6
11238 16 16 6
11239 12 12 4
11240 18 17 5
11241 17 16 4
11242 20 19 5
11243 17 17 5
11244 21 20 4
11245 14 13 5
11246 13 12 6
11247 10 10 4
11248 16 15 5
11249 21 20 6
11250 18 17 5
11251 15 14 4
11252 18 17 5
11253 11 11 5
11254 17 16 4
11255 20 19 5
11256 17 16 4
11257 12 11 5
11258 17 17 5
11259 17 17 5
11260 11 10 6
11261 18 18 6
11262 16 16 6
11263 30 30 6
11264 22 22 6
11265 12 11 5
11266 15 14 6
11267 12 12 4
11268 16 15 7
11269 19 18 6
11270 26 26 4
11271 26 25 7
11272 19 18 6
11273 12 12 4
11274 22 21 5
11275 11 10 4
11276 16 15 5
11277 19 18 4
11278 18 17 7
11279 17 16 6
11280 16 16 4
11281 16 15 5
11282 23 22 4
11283 22 21 5
11284 15 15 5
11285 15 15 5
11286 21 20 6
11287 16 16 6
11288 12 12 4
11289 12 11 5
11290 17 16 6
11291 16 16 4
11292 20 19 7
11293 19 18 4
11294 18 17 5
11295 13 12 6
11296 14 14 4
11297 12 11 5
11298 15 14 6
11299 16 16 6
11300 14 14 4
11301 36 35 5
11302 11 11 5
11303 23 22 6
11304 16 15 5
11305 27 26 6
11306 14 14 4
11307 14 13 5
11308 21 21 5
11309 21 20 4
11310 18 17 5
11311 17 17 5
11312 11 11 5
11313 15 14 6
11314 10 10 4
11315 10 9 5
11316 21 20 4
11317 20 19 5
11318 25 25 5
11319 9 9 5
11320 15 15 5
11321 15 14 4
11322 20 19 5
11323 31 31 5
11324 15 15 5
11325 13 12 4
11326 16 15 5
11327 11 11 5
11328 17 16 6
11329 10 10 4
11330 22 21 5
11331 15 14 6
11332 24 23 5
11333 17 16 6
11334 20 20 4
11335 22 21 5
11336 13 13 5
11337 19 18 6
11338 22 22 6
11339 26 26 6
11340 24 23 5
11341 15 14 4
11342 14 13 5
11343 13 12 4
11344 22 21 5
11345 53 53 5
11346 45 44 4
11347 26 25 5
11348 15 14 4
11349 26 25 5
11350 17 16 4
11351 36 35 5
11352 37 36 4
11353 24 23 5
11354 23 22 4
11355 22 21 5
11356 23 22 4
11357 20 19 5
11358 33 32 4
11359 66 65 5
11360 31 30 4
11361 16 15 5
11362 27 26 4
11363 38 37 5
11364 41 41 5
11365 49 49 5
11366 33 32 6
11367 30 30 4
11368 30 29 5
11369 25 24 4
11370 36 35 5
11371 41 40 6
11372 30 30 4
11373 34 33 5
11374 47 47 5
11375 25 24 4
11376 40 39 5
11377 39 38 4
11378 40 39 5
11379 43 43 5
11380 35 34 6
11381 18 18 4
11382 36 35 5
11383 33 32 4
11384 32 31 5
11385 21 20 4
11386 42 41 5
11387 33 33 5
11388 33 32 4
11389 36 35 5
11390 37 37 5
11391 43 42 8
11392 36 36 8
11393 30 30 6
11394 28 28 8
11395 30 29 5
11396 43 42 10
11397 36 36 6
11398 42 42 8
11399 30 29 7
11400 29 28 6
11401 28 27 7
11402 43 42 10
11403 34 33 7
11404 19 19 5
11405 29 28 6
11406 32 32 8
11407 24 24 4
11408 28 27 5
11409 41 40 6
11410 20 19 5
11411 11 11 5
11412 25 24 4
11413 42 41 9
11414 33 32 4
11415 38 37 7
11416 25 24 8
11417 16 15 5
11418 25 24 6
11419 44 43 11
11420 45 45 11
11421 45 44 10
11422 34 33 15
11423 33 33 5
11424 33 32 6
11425 36 36 8
11426 38 37 5
11427 29 28 6
11428 24 23 5
11429 21 21 7
11430 19 18 6
11431 30 30 6
11432 30 30 6
11433 24 23 5
11434 17 16 6
11435 32 32 6
11436 28 27 5
11437 19 19 5
11438 33 32 4
11439 34 33 5
11440 23 22 6
11441 16 16 4
11442 28 27 5
11443 29 28 6
11444 22 22 6
11445 28 28 6
11446 22 21 5
11447 27 26 4
11448 26 25 5
11449 21 20 6
11450 30 30 4
11451 30 29 7
11452 21 20 6
11453 8 8 4
11454 22 21 5
11455 23 22 6
11456 28 28 6
11457 28 28 4
11458 14 13 5
11459 25 24 4
11460 34 33 5
11461 15 14 4
11462 20 19 5
11463 21 20 4
11464 22 21 7
11465 19 18 4
11466 26 25 5
11467 25 24 6
11468 26 26 6
11469 12 12 4
11470 12 11 5
11471 27 26 4
11472 26 25 5
11473 39 39 5
11474 25 24 6
11475 16 16 4
11476 24 23 5
11477 25 24 6
11478 28 27 7
11479 31 30 6
11480 30 29 5
11481 29 28 4
11482 20 19 5
11483 21 20 4
11484 30 29 5
11485 17 16 4
11486 36 35 7
11487 29 28 6
11488 28 28 10
11489 16 16 4
11490 30 29 5
11491 21 20 6
11492 18 18 4
11493 28 27 7
11494 23 23 5
11495 31 30 6
11496 30 29 5
11497 21 20 4
11498 18 17 5
11499 29 28 4
11500 24 23 5
11501 25 25 7
11502 15 14 4
11503 18 17 5
11504 21 20 6
11505 14 14 4
11506 24 23 5
11507 19 19 5
11508 17 16 4
11509 22 21 5
11510 11 10 4
11511 18 17 5
11512 15 14 6
11513 22 22 4
11514 26 25 5
11515 21 20 4
11516 22 21 5
11517 21 20 4
11518 18 17 5
11519 15 14 4
11520 14 13 5
11521 27 27 5
11522 25 25 5
11523 23 23 5
11524 17 16 4
11525 26 25 5
11526 29 28 4
11527 18 17 5
11528 15 14 4
11529 16 15 5
11530 21 20 4
11531 34 33 5
11532 21 21 5
11533 17 16 4
11534 20 19 5
11535 17 17 5
11536 13 12 4
11537 12 11 5
11538 9 8 4
11539 40 39 7
11540 25 24 4
11541 24 23 5
11542 21 20 4
11543 30 29 5
11544 31 31 5
11545 17 17 5
11546 21 20 4
11547 22 21 5
11548 27 27 7
11549 15 15 5
11550 17 16 4
11551 24 23 5
11552 31 30 6
11553 30 30 4
11554 32 31 5
11555 37 37 5
11556 31 31 5
11557 27 26 6
11558 38 38 6
11559 22 21 5
11560 29 28 4
11561 26 25 5
11562 27 27 5
11563 27 26 6
11564 26 25 5
11565 27 27 5
11566 27 26 4
11567 22 21 5
11568 29 29 5
11569 19 18 6
11570 22 22 4
11571 26 25 5
11572 35 34 6
11573 24 24 4
11574 24 23 5
11575 15 14 4
11576 32 31 5
11577 31 30 4
11578 28 27 5
11579 19 18 4
11580 14 13 5
11581 17 16 4
11582 20 19 5
11583 31 30 6
11584 20 20 4
11585 16 15 5
11586 27 27 5
11587 9 9 5
11588 13 12 4
11589 14 13 5
11590 27 26 4
11591 16 15 5
11592 25 24 6
11593 8 8 4
11594 16 15 5
11595 27 26 6
11596 14 14 6
11597 22 22 4
11598 12 11 5
11599 7 6 5
11600 19 19 5
11601 17 17 5
11602 15 15 5
11603 15 14 6
11604 26 26 4
11605 18 17 5
11606 13 12 4
11607 10 9 5
11608 9 9 5
11609 19 18 4
11610 12 11 5
11611 15 14 6
11612 12 12 4
11613 16 15 5
11614 23 22 4
11615 12 11 5
11616 9 9 5
11617 11 10 4
11618 20 19 5
11619 15 15 5
11620 9 9 5
11621 21 20 6
11622 20 19 5
11623 19 18 4
11624 12 11 5
11625 7 6 5
11626 17 16 6
11627 12 12 6
11628 20 20 6
11629 22 22 4
11630 10 9 5
11631 13 12 4
11632 6 5 4
11633 14 13 5
11634 19 19 5
11635 23 22 4
11636 10 9 5
11637 13 13 5
11638 9 8 4
11639 16 15 5
11640 13 13 5
11641 13 13 5
11642 11 10 4
11643 12 11 5
11644 19 18 6
11645 18 17 5
11646 19 18 6
11647 22 22 6
11648 16 15 5
11649 23 22 6
11650 16 16 4
11651 16 15 5
11652 9 9 5
11653 13 13 5
11654 19 18 6
11655 12 11 5
11656 15 14 4
11657 16 15 5
11658 13 13 5
11659 9 8 4
11660 14 13 5
11661 25 24 8
11662 20 20 4
11663 16 15 5
11664 21 20 6
11665 14 13 5
11666 11 10 4
11667 16 15 7
11668 15 14 4
11669 14 13 5
11670 13 12 4
11671 20 19 5
11672 7 6 5
11673 13 12 4
11674 16 15 5
11675 19 18 6
11676 20 19 5
11677 11 10 4
11678 6 5 4
11679 14 13 5
11680 11 10 6
11681 18 18 6
11682 14 13 5
11683 23 22 4
11684 16 15 5
11685 13 12 4
11686 14 13 5
11687 13 13 5
11688 13 12 4
11689 26 25 5
11690 15 15 5
11691 17 16 4
11692 14 13 5
11693 17 16 6
11694 16 16 6
11695 18 18 6
11696 8 8 4
11697 14 13 5
11698 17 16 4
11699 18 17 7
11700 17 16 4
11701 18 17 5
11702 15 15 5
11703 23 22 6
11704 18 17 5
11705 17 16 6
11706 20 20 4
11707 18 17 5
11708 23 23 5
11709 25 25 5
11710 15 14 6
11711 8 8 4
11712 6 5 4
11713 20 19 5
11714 13 12 6
11715 16 16 4
11716 16 15 5
11717 17 16 4
11718 12 11 5
11719 13 13 5
11720 17 16 4
11721 10 9 5
11722 17 17 7
11723 21 20 6
11724 24 24 4
11725 22 21 5
11726 13 12 4
11727 10 9 5
11728 21 20 4
11729 26 25 5
11730 15 14 4
11731 18 17 5
11732 23 23 5
11733 21 20 6
11734 18 17 5
11735 11 10 4
11736 18 17 5
11737 25 24 4
11738 22 21 5
11739 13 13 5
11740 17 17 5
11741 13 13 5
11742 23 22 4
11743 18 17 5
11744 37 37 5
11745 29 28 4
11746 22 21 5
11747 21 20 4
11748 26 25 5
11749 21 20 4
11750 32 31 5
11751 23 23 5
11752 37 36 6
11753 28 28 6
11754 30 29 5
11755 35 34 4
11756 28 27 5
11757 27 26 4
11758 32 31 5
11759 35 34 4
11760 32 31 5
11761 33 33 5
11762 37 36 4
11763 34 33 5
11764 13 12 4
11765 30 29 5
11766 25 25 5
11767 39 39 5
11768 49 48 4
11769 44 43 5
11770 25 24 4
11771 40 39 5
11772 29 29 5
11773 41 40 4
11774 66 65 5
11775 33 32 6
11776 26 26 4
11777 28 27 5
11778 31 30 4
11779 28 27 7
11780 39 38 6
11781 54 54 4
11782 42 41 5
11783 29 29 5
11784 29 28 4
11785 20 19 5
11786 43 43 5
11787 35 34 4
11788 24 23 5
11789 19 19 5
11790 33 32 4
11791 22 21 5
11792 15 14 4
11793 34 33 5
11794 31 30 4
11795 38 37 5
11796 33 32 4
11797 40 39 5
11798 21 20 6
11799 22 22 4
11800 24 23 5
11801 35 35 5
11802 23 22 4
11803 24 23 5
11804 39 38 4
11805 26 25 5
11806 27 27 5
11807 35 35 7
11808 23 22 6
11809 26 26 6
11810 32 31 7
11811 39 38 6
11812 34 33 9
11813 31 30 6
11814 26 26 4
11815 32 31 5
11816 25 24 6
11817 28 27 5
11818 19 18 4
11819 26 25 5
11820 27 26 4
11821 30 29 5
11822 29 29 5
11823 15 14 4
11824 22 21 5
11825 15 15 5
11826 33 32 6
11827 30 29 5
11828 37 36 4
11829 22 21 5
11830 29 28 4
11831 30 29 5
11832 33 33 7
11833 23 23 5
11834 39 39 7
11835 27 26 4
11836 16 15 5
11837 21 20 4
11838 20 19 5
11839 31 30 8
11840 28 28 6
11841 26 25 7
11842 25 25 5
11843 23 23 7
11844 15 15 5
11845 21 20 6
11846 26 26 4
11847 24 23 5
11848 17 17 7
11849 27 26 8
11850 22 22 4
11851 18 17 5
11852 17 17 5
11853 25 24 6
11854 12 12 4
11855 18 17 5
11856 43 42 6
11857 30 30 4
11858 18 17 5
11859 33 32 6
11860 24 23 5
11861 27 27 5
11862 19 18 4
11863 26 25 5
11864 31 30 6
11865 24 24 6
11866 40 40 6
11867 24 24 6
11868 22 22 6
11869 22 21 5
11870 17 16 4
11871 32 31 5
11872 17 16 4
11873 30 29 5
11874 25 24 4
11875 16 15 5
11876 27 26 4
11877 34 33 5
11878 33 33 5
11879 23 22 4
11880 22 21 5
11881 27 26 8
11882 16 16 6
11883 22 22 4
11884 22 21 5
11885 33 32 4
11886 20 19 7
11887 29 28 6
11888 24 24 4
11889 22 21 5
11890 29 28 4
11891 14 13 5
11892 15 15 5
11893 29 28 6
11894 34 34 6
11895 28 27 5
11896 35 35 5
11897 23 22 4
11898 34 33 7
11899 19 19 5
11900 23 22 4
11901 24 23 5
11902 29 28 4
11903 40 39 7
11904 17 16 4
11905 24 23 5
11906 17 17 5
11907 25 25 5
11908 25 25 5
11909 25 24 6
11910 38 37 5
11911 21 20 4
11912 30 29 5
11913 17 17 5
11914 31 31 5
11915 49 48 6
11916 54 53 7
11917 19 18 4
11918 24 23 5
11919 25 25 5
11920 25 25 7
11921 33 32 6
11922 28 27 5
11923 23 22 4
11924 20 19 7
11925 23 22 4
11926 26 25 5
11927 27 26 6
11928 20 19 5
11929 23 22 4
11930 28 27 7
11931 31 30 6
11932 20 20 4
11933 36 35 5
11934 23 22 6
11935 30 29 5
11936 19 18 4
11937 14 13 5
11938 21 21 5
11939 15 15 5
11940 23 23 5
11941 15 14 4
11942 26 25 5
11943 11 11 5
11944 11 11 5
11945 19 18 6
11946 18 17 5
11947 25 24 4
11948 18 17 5
11949 15 14 4
11950 24 23 7
11951 17 16 4
11952 28 27 5
11953 19 19 5
11954 19 19 7
11955 17 16 6
11956 20 19 5
11957 13 13 5
11958 15 15 5
11959 17 16 4
11960 16 15 5
11961 13 12 6
11962 22 22 6
11963 16 16 6
11964 18 18 6
11965 14 14 4
11966 20 19 5
11967 17 17 5
11968 17 16 6
11969 22 21 5
11970 19 19 5
11971 11 10 6
11972 12 12 4
11973 18 17 5
11974 15 14 6
11975 24 24 6
11976 28 27 7
11977 27 26 4
11978 28 27 7
11979 19 18 6
11980 18 18 6
11981 20 20 4
11982 22 21 5
11983 11 11 5
11984 15 14 6
11985 20 19 5
11986 19 18 4
11987 12 11 5
11988 17 16 6
11989 18 18 6
11990 20 19 5
11991 23 22 4
11992 16 15 5
11993 17 16 6
11994 22 22 6
11995 32 32 6
11996 20 19 5
11997 13 12 6
11998 12 12 6
11999 8 8 4
12000 12 11 5
12001 19 19 5
12002 17 16 6
12003 16 16 4
12004 16 15 5
12005 17 17 5
12006 9 9 5
12007 15 14 6
12008 24 23 5
12009 21 21 5
12010 15 15 5
12011 17 16 4
12012 26 25 5
12013 13 13 5
12014 31 30 4
12015 30 29 5
12016 13 12 4
12017 22 21 5
12018 13 13 5
12019 9 8 4
12020 6 5 4
12021 32 31 7
12022 9 8 4
12023 26 25 5
12024 15 14 6
12025 16 16 6
12026 10 10 6
12027 24 23 5
12028 23 22 4
12029 18 17 5
12030 5 5 5
12031 16 15 5
12032 15 15 5
12033 17 17 5
12034 15 14 4
12035 14 13 5
12036 21 20 6
12037 18 18 6
12038 24 24 6
12039 10 10 4
12040 18 17 5
12041 11 11 5
12042 19 18 6
12043 20 19 5
12044 21 21 7
12045 23 22 4
12046 16 15 5
12047 13 13 5
12048 13 12 6
12049 10 10 4
12050 8 7 6
12051 22 22 6
12052 24 24 6
12053 30 29 5
12054 17 16 4
12055 12 11 5
12056 11 10 4
12057 24 23 7
12058 17 16 4
12059 16 15 5
12060 13 13 5
12061 19 19 5
12062 27 26 4
12063 22 21 7
12064 13 12 4
12065 18 17 5
12066 15 14 4
12067 12 11 5
12068 27 27 5
12069 21 21 5
12070 19 18 6
12071 12 12 4
12072 12 11 5
12073 19 18 4
12074 18 17 5
12075 23 23 5
12076 19 18 4
12077 22 21 5
12078 27 26 4
12079 20 19 5
12080 13 12 6
12081 26 26 6
12082 16 16 4
12083 40 39 5
12084 27 27 5
12085 31 30 4
12086 12 11 5
12087 11 10 4
12088 32 31 5
12089 37 36 4
12090 26 25 5
12091 45 44 6
12092 26 26 4
12093 22 21 5
12094 33 32 4
12095 36 35 5
12096 39 38 6
12097 32 32 4
12098 24 23 5
12099 21 20 6
12100 20 20 4
12101 24 23 5
12102 31 30 4
12103 20 19 5
12104 23 22 6
12105 28 28 4
12106 32 31 5
12107 25 25 5
12108 23 22 4
12109 26 25 5
12110 37 37 9
12111 27 26 4
12112 32 31 5
12113 29 29 5
12114 29 28 4
12115 32 31 5
12116 35 35 5
12117 39 39 5
12118 29 28 4
12119 24 23 5
12120 39 39 5
12121 29 29 5
12122 31 31 5
12123 17 16 4
12124 12 11 5
12125 31 30 6
12126 18 17 5
12127 23 23 5
12128 27 26 6
12129 16 16 4
12130 34 33 7
12131 25 24 8
12132 32 32 6
12133 20 20 6
12134 26 25 5
12135 37 37 9
12136 21 20 4
12137 16 15 5
12138 33 32 6
12139 16 16 4
12140 18 17 5
12141 23 22 4
12142 18 17 5
12143 25 25 5
12144 21 21 7
12145 15 14 4
12146 14 13 5
12147 31 30 6
12148 20 19 5
12149 29 28 6
12150 30 29 5
12151 25 24 8
12152 28 28 8
12153 12 12 6
12154 30 30 6
12155 32 32 8
12156 34 34 10
12157 24 23 5
12158 19 18 4
12159 16 15 5
12160 31 30 4
12161 24 23 5
12162 29 28 6
12163 18 18 6
12164 14 13 5
12165 19 18 4
12166 20 19 5
12167 29 28 10
12168 28 28 8
12169 16 16 6
12170 26 26 4
12171 18 17 5
12172 27 26 4
12173 30 29 5
12174 25 24 4
12175 12 11 5
12176 19 19 5
12177 19 18 4
12178 26 25 5
12179 23 23 5
12180 19 18 4
12181 18 17 5
12182 13 13 5
12183 21 20 4
12184 18 17 5
12185 23 22 4
12186 36 35 5
12187 17 17 5
12188 17 16 6
12189 14 14 4
12190 18 17 5
12191 19 19 5
12192 27 26 6
12193 26 25 5
12194 11 10 4
12195 10 9 5
12196 11 10 4
12197 22 21 5
12198 19 18 6
12199 20 19 5
12200 17 16 4
12201 24 23 5
12202 11 10 4
12203 20 19 5
12204 17 16 6
12205 18 18 6
12206 16 15 5
12207 13 12 6
12208 12 12 6
12209 14 14 6
12210 16 16 6
12211 18 18 4
12212 16 15 5
12213 17 17 5
12214 25 25 5
12215 15 14 6
12216 14 14 6
12217 16 16 6
12218 26 26 6
12219 12 12 4
12220 20 19 5
12221 17 17 5
12222 13 12 6
12223 20 19 5
12224 11 10 4
12225 12 11 5
12226 15 14 6
12227 10 10 6
12228 12 12 4
12229 24 23 5
12230 15 14 4
12231 24 23 5
12232 13 13 5
12233 15 15 5
12234 15 15 5
12235 13 13 5
12236 15 14 4
12237 14 13 5
12238 19 18 4
12239 16 15 5
12240 23 23 5
12241 15 15 5
12242 19 18 4
12243 22 21 5
12244 9 8 4
12245 20 19 7
12246 17 16 4
12247 18 17 5
12248 23 22 6
12249 16 16 6
12250 6 6 6
12251 23 22 6
12252 14 14 4
12253 14 13 7
12254 15 14 6
12255 12 12 4
12256 16 15 7
12257 27 26 4
12258 12 11 5
12259 11 11 5
12260 19 18 6
12261 14 14 6
12262 20 20 4
12263 26 25 5
12264 21 21 5
12265 17 17 5
12266 7 6 5
12267 11 11 5
12268 9 8 4
12269 16 15 5
12270 13 13 5
12271 25 24 6
12272 18 18 6
12273 14 14 6
12274 8 8 4
12275 18 17 5
12276 21 20 6
12277 12 12 6
12278 16 16 4
12279 16 15 5
12280 19 19 7
12281 17 16 4
12282 12 11 5
12283 17 17 5
12284 9 8 4
12285 16 15 5
12286 23 23 5
12287 5 5 5
12288 14 13 5
12289 13 12 4
12290 16 15 7
12291 11 10 4
12292 14 13 5
12293 19 19 5
12294 33 32 6
12295 16 15 5
12296 17 16 4
12297 10 9 5
12298 15 14 6
12299 10 10 4
12300 12 11 5
12301 21 20 6
12302 18 18 6
12303 14 13 5
12304 15 14 4
12305 12 11 5
12306 13 12 4
12307 18 17 5
12308 13 13 5
12309 15 15 5
12310 21 21 5
12311 13 12 6
12312 10 10 6
12313 12 12 4
12314 16 15 5
12315 21 20 6
12316 14 13 5
12317 27 26 6
12318 12 12 6
12319 20 20 6
12320 12 12 6
12321 14 14 4
12322 14 13 5
12323 23 23 5
12324 23 23 5
12325 7 6 5
12326 11 10 4
12327 16 15 5
12328 15 14 4
12329 26 25 7
12330 39 38 6
12331 20 19 5
12332 25 25 7
12333 13 12 4
12334 16 15 5
12335 9 9 5
12336 17 16 6
12337 22 22 4
12338 16 15 5
12339 21 20 6
12340 12 12 4
12341 12 11 5
12342 13 12 6
12343 10 9 5
12344 23 22 6
12345 20 20 4
12346 20 19 5
12347 17 16 6
12348 14 14 6
12349 14 14 4
12350 12 11 5
12351 15 14 6
12352 48 48 6
12353 24 24 4
12354 30 29 5
12355 13 12 4
12356 14 13 5
12357 17 16 4
12358 32 31 5
12359 67 67 5
12360 55 54 4
12361 20 19 5
12362 17 16 4
12363 20 19 5
12364 17 16 4
12365 46 45 5
12366 45 45 5
12367 21 20 4
12368 20 19 5
12369 23 22 4
12370 14 13 5
12371 21 20 4
12372 26 25 5
12373 21 20 4
12374 22 21 5
12375 21 20 4
12376 20 19 5
12377 21 20 4
12378 18 17 5
12379 33 32 4
12380 34 33 5
12381 27 26 6
12382 30 30 4
12383 14 13 5
12384 19 18 4
12385 24 23 5
12386 35 34 6
12387 36 36 6
12388 20 20 4
12389 20 19 5
12390 37 36 4
12391 28 27 5
12392 17 16 4
12393 26 25 7
12394 35 34 4
12395 18 17 5
12396 23 23 5
12397 21 20 6
12398 20 20 4
12399 42 41 5
12400 15 15 5
12401 19 18 6
12402 26 25 5
12403 19 19 5
12404 19 19 5
12405 27 26 4
12406 10 9 5
12407 29 28 4
12408 16 15 5
12409 25 25 5
12410 13 13 5
12411 17 16 4
12412 16 15 5
12413 17 16 4
12414 22 21 5
12415 23 23 5
12416 13 12 4
12417 22 21 5
12418 21 20 4
12419 24 23 5
12420 17 16 4
12421 16 15 5
12422 21 20 6
12423 16 16 4
12424 12 11 5
12425 33 32 4
12426 28 27 5
12427 21 20 6
12428 16 16 4
12429 16 15 5
12430 13 12 6
12431 14 14 4
12432 28 27 5
12433 15 14 4
12434 24 23 5
12435 15 14 4
12436 16 15 5
12437 15 14 6
12438 14 14 4
12439 26 25 5
12440 13 13 5
12441 27 26 6
12442 16 16 4
12443 24 23 5
12444 13 13 5
12445 13 12 4
12446 18 17 5
12447 11 10 4
12448 24 23 5
12449 23 22 6
12450 16 16 6
12451 16 16 6
12452 12 12 4
12453 20 19 5
12454 15 15 5
12455 21 21 5
12456 31 31 7
12457 19 18 6
12458 8 8 4
12459 30 29 5
12460 17 16 6
12461 14 14 6
12462 18 18 4
12463 14 13 5
12464 23 23 5
12465 15 15 5
12466 15 14 4
12467 16 15 5
12468 15 14 6
12469 18 18 4
12470 16 15 5
12471 19 18 4
12472 18 17 5
12473 29 28 4
12474 12 11 5
12475 17 16 4
12476 12 11 5
12477 19 18 6
12478 14 14 4
12479 24 23 5
12480 25 24 4
12481 26 25 5
12482 17 16 4
12483 22 21 5
12484 23 22 4
12485 16 15 5
12486 23 22 4
12487 14 13 5
12488 17 17 5
12489 29 28 6
12490 18 18 4
12491 18 17 5
12492 35 34 6
12493 18 17 5
12494 27 26 4
12495 18 17 5
12496 21 20 6
12497 30 29 7
12498 19 19 5
12499 27 27 7
12500 23 23 5
12501 27 27 7
12502 21 20 4
12503 20 19 5
12504 35 35 9
12505 25 24 6
12506 20 19 5
12507 19 18 4
12508 14 13 5
12509 21 20 4
12510 22 21 7
12511 23 22 4
12512 24 23 5
12513 15 14 4
12514 22 21 5
12515 15 14 4
12516 20 19 5
12517 21 20 4
12518 16 15 5
12519 19 18 6
12520 12 12 4
12521 12 11 5
12522 15 14 4
12523 18 17 5
12524 35 35 5
12525 23 22 4
12526 12 11 5
12527 27 26 8
12528 26 26 6
12529 16 15 5
12530 17 16 4
12531 22 21 5
12532 21 20 4
12533 22 21 5
12534 19 19 5
12535 9 8 4
12536 22 21 5
12537 13 12 4
12538 16 15 5
12539 25 25 5
12540 21 21 5
12541 19 18 4
12542 26 25 5
12543 17 16 6
12544 16 16 4
12545 22 21 5
12546 25 24 6
12547 20 19 5
12548 13 12 4
12549 14 13 5
12550 9 9 5
12551 11 10 4
12552 14 13 5
12553 21 20 4
12554 16 15 5
12555 21 21 5
12556 25 25 5
12557 15 14 4
12558 14 13 5
12559 15 14 4
12560 12 11 5
12561 19 18 6
12562 20 20 4
12563 22 21 5
12564 23 22 6
12565 12 12 6
12566 10 10 4
12567 14 13 5
12568 9 8 4
12569 16 15 5
12570 13 13 5
12571 21 21 5
12572 23 22 4
12573 18 17 5
12574 11 11 5
12575 7 6 5
12576 11 10 6
12577 12 12 6
12578 24 24 4
12579 6 5 4
12580 20 19 7
12581 13 12 4
12582 14 13 5
12583 21 20 6
12584 14 14 4
12585 16 15 5
12586 17 16 4
12587 18 17 5
12588 17 16 6
12589 32 32 6
12590 8 8 4
12591 16 15 5
12592 13 12 4
12593 10 9 5
12594 15 14 6
12595 14 13 5
12596 25 24 6
12597 16 16 4
12598 20 19 5
12599 19 18 6
12600 12 11 5
12601 9 8 4
12602 18 17 5
12603 15 14 4
12604 20 19 5
12605 19 18 6
12606 16 15 5
12607 11 10 6
12608 12 12 6
12609 10 10 4
12610 22 21 5
12611 9 9 5
12612 19 19 5
12613 15 14 6
12614 14 14 4
12615 30 29 5
12616 21 21 5
12617 27 27 5
12618 17 16 4
12619 18 17 5
12620 29 28 4
12621 18 17 7
12622 13 12 6
12623 14 14 6
12624 22 22 6
12625 10 10 4
12626 18 17 7
12627 17 17 5
12628 17 16 4
12629 16 15 5
12630 13 13 5
12631 23 23 5
12632 17 16 4
12633 20 19 5
12634 13 13 5
12635 25 24 6
12636 10 9 5
12637 17 16 4
12638 14 13 5
12639 21 20 6
12640 22 22 6
12641 22 22 6
12642 14 14 4
12643 10 9 5
12644 11 10 6
12645 14 14 4
12646 16 15 5
12647 15 15 5
12648 27 26 6
12649 22 21 5
12650 13 12 4
12651 20 19 5
12652 9 9 5
12653 21 20 4
12654 22 21 7
12655 19 18 4
12656 22 21 5
12657 13 12 4
12658 14 13 5
12659 19 18 6
12660 30 30 8
12661 24 24 4
12662 14 13 5
12663 15 14 6
12664 14 14 6
12665 22 22 4
12666 20 19 5
12667 25 25 5
12668 31 31 7
12669 17 16 4
12670 14 13 5
12671 9 8 4
12672 28 27 5
12673 15 15 5
12674 21 21 5
12675 23 23 5
12676 19 18 4
12677 20 19 5
12678 29 28 6
12679 24 24 6
12680 18 18 6
12681 20 20 4
12682 34 33 5
12683 25 24 4
12684 24 23 5
12685 29 28 4
12686 18 17 5
12687 23 23 5
12688 17 16 4
12689 10 9 5
12690 21 20 4
12691 22 21 5
12692 19 18 4
12693 34 33 5
12694 25 24 4
12695 26 25 5
12696 27 27 5
12697 17 16 4
12698 26 25 5
12699 17 16 4
12700 10 9 5
12701 7 6 5
12702 17 16 4
12703 28 27 5
12704 51 50 4
12705 44 43 5
12706 41 40 4
12707 30 29 5
12708 39 38 4
12709 46 45 5
12710 43 42 4
12711 46 45 5
12712 31 30 4
12713 24 23 5
12714 25 24 4
12715 26 25 5
12716 35 34 4
12717 60 59 5
12718 51 50 4
12719 50 49 5
12720 31 30 4
12721 22 21 5
12722 23 22 4
12723 34 33 5
12724 51 50 4
12725 48 47 5
12726 35 34 4
12727 44 43 7
12728 41 40 4
12729 44 43 7
12730 37 37 5
12731 45 44 6
12732 38 37 5
12733 37 36 4
12734 42 41 5
12735 35 34 6
12736 34 34 8
12737 46 46 6
12738 44 43 5
12739 35 34 4
12740 18 17 5
12741 19 18 4
12742 32 31 5
12743 23 23 5
12744 39 39 9
12745 23 22 6
12746 30 29 7
12747 29 28 4
12748 26 25 5
12749 31 30 6
12750 38 38 6
12751 26 26 6
12752 36 35 5
12753 41 40 4
12754 46 45 5
12755 33 32 6
12756 22 22 4
12757 24 23 5
12758 35 34 4
12759 34 33 5
12760 31 30 4
12761 26 25 5
12762 21 20 4
12763 32 31 7
12764 33 32 6
12765 44 44 8
12766 32 31 9
12767 35 34 8
12768 38 37 5
12769 43 43 5
12770 39 39 5
12771 31 31 7
12772 37 36 6
12773 30 30 4
12774 30 29 9
12775 53 52 8
12776 28 27 5
12777 47 47 7
12778 19 19 5
12779 27 26 6
12780 26 26 4
12781 36 35 5
12782 27 27 5
12783 25 25 7
12784 21 20 4
12785 28 27 7
12786 33 32 6
12787 22 21 7
12788 35 35 7
12789 43 43 9
12790 35 35 9
12791 27 26 8
12792 22 22 4
12793 22 21 5
12794 19 18 4
12795 16 15 5
12796 19 19 5
12797 37 36 4
12798 22 21 5
12799 21 20 6
12800 16 16 4
12801 16 15 5
12802 13 13 5
12803 21 20 4
12804 26 25 5
12805 35 34 6
12806 12 12 4
12807 28 27 9
12808 19 18 6
12809 20 20 4
12810 22 21 5
12811 23 23 5
12812 33 32 4
12813 34 33 7
12814 31 31 9
12815 23 23 5
12816 25 25 5
12817 23 23 5
12818 27 26 6
12819 16 16 6
12820 22 21 5
12821 27 26 6
12822 24 24 4
12823 38 37 7
12824 29 29 7
12825 25 24 4
12826 30 29 5
12827 23 22 4
12828 18 17 5
12829 35 34 6
12830 28 27 7
12831 33 32 8
12832 30 30 6
12833 24 24 6
12834 28 27 5
12835 25 24 4
12836 12 11 5
12837 29 28 8
12838 30 30 6
12839 28 27 5
12840 25 24 8
12841 26 25 7
12842 27 27 5
12843 27 26 6
12844 24 23 7
12845 23 22 6
12846 24 24 4
12847 24 23 5
12848 25 24 4
12849 24 23 5
12850 31 30 4
12851 18 17 5
12852 19 18 4
12853 30 29 5
12854 25 25 5
12855 21 20 4
12856 14 13 5
12857 19 18 4
12858 26 25 7
12859 15 14 4
12860 24 23 5
12861 19 18 6
12862 28 28 4
12863 22 21 5
12864 29 29 5
12865 31 30 6
12866 24 24 6
12867 14 14 4
12868 26 25 5
12869 27 26 6
12870 24 23 5
12871 13 12 4
12872 16 15 5
12873 21 21 7
12874 27 26 4
12875 24 23 5
12876 15 15 5
12877 17 16 4
12878 30 29 7
12879 17 16 6
12880 22 22 4
12881 14 13 5
12882 17 16 4
12883 10 9 5
12884 19 18 4
12885 18 17 5
12886 21 20 6
12887 12 12 4
12888 26 25 5
12889 21 20 6
12890 12 12 4
12891 16 15 5
12892 13 12 4
12893 28 27 5
12894 17 17 5
12895 11 10 6
12896 16 16 4
12897 18 17 5
12898 13 13 5
12899 9 9 5
12900 21 20 6
12901 18 18 4
12902 22 21 5
12903 15 15 5
12904 19 19 7
12905 13 12 4
12906 18 17 5
12907 11 10 6
12908 18 17 5
12909 17 16 6
12910 16 16 4
12911 14 13 5
12912 17 17 5
12913 15 14 6
12914 18 18 6
12915 14 14 6
12916 22 22 6
12917 20 20 6
12918 20 20 4
12919 18 17 5
12920 9 8 4
12921 20 19 5
12922 25 24 6
12923 22 21 5
12924 15 14 6
12925 14 14 6
12926 22 21 5
12927 15 14 4
12928 22 21 5
12929 21 20 6
12930 18 18 6
12931 18 18 4
12932 18 17 5
12933 11 10 4
12934 22 21 7
12935 17 16 6
12936 20 20 4
12937 32 31 5
12938 23 23 5
12939 11 11 5
12940 13 13 5
12941 17 16 6
12942 30 29 5
12943 21 20 6
12944 22 22 6
12945 20 20 6
12946 22 21 5
12947 27 26 4
12948 12 11 5
12949 17 16 4
12950 30 29 5
12951 17 16 6
12952 10 9 5
12953 11 10 4
12954 22 21 5
12955 11 10 4
12956 20 19 5
12957 29 29 7
12958 19 18 4
12959 12 11 5
12960 21 20 4
12961 14 13 5
12962 11 10 4
12963 14 13 5
12964 25 25 7
12965 37 36 4
12966 20 19 7
12967 15 14 4
12968 18 17 5
12969 27 26 4
12970 6 5 4
12971 30 29 7
12972 25 24 4
12973 18 17 5
12974 15 14 4
12975 16 15 7
12976 21 20 6
12977 12 12 4
12978 20 19 7
12979 19 18 6
12980 20 20 4
12981 32 31 5
12982 31 31 5
12983 9 8 4
12984 26 25 5
12985 21 20 6
12986 18 17 5
12987 17 16 4
12988 16 15 5
12989 13 12 4
12990 6 5 4
12991 12 11 5
12992 17 16 4
12993 22 21 5
12994 17 16 4
12995 32 31 7
12996 35 34 6
12997 16 16 4
12998 18 17 5
12999 13 12 4
13000 12 11 5
13001 17 16 4
13002 22 21 7
13003 21 20 4
13004 18 17 5
13005 11 10 4
13006 14 13 5
13007 11 10 4
13008 26 25 5
13009 21 21 5
13010 25 24 6
13011 14 14 4
13012 18 17 5
13013 13 13 5
13014 15 14 4
13015 22 21 5
13016 29 28 4
13017 26 25 5
13018 23 22 4
13019 26 25 5
13020 13 12 4
13021 22 21 5
13022 19 18 4
13023 22 21 5
13024 27 26 6
13025 24 24 6
13026 38 38 4
13027 32 31 5
13028 25 25 5
13029 21 20 4
13030 18 17 5
13031 19 19 5
13032 49 48 6
13033 30 30 4
13034 34 33 5
13035 21 21 5
13036 39 38 4
13037 20 19 5
13038 23 22 4
13039 28 27 5
13040 23 22 4
13041 32 31 5
13042 37 37 5
13043 35 34 4
13044 24 23 5
13045 25 24 6
13046 20 20 4
13047 22 21 5
13048 27 26 6
13049 22 22 4
13050 34 33 5
13051 19 18 4
13052 16 15 5
13053 23 23 5
13054 35 34 6
13055 42 42 6
13056 24 23 7
13057 25 24 6
13058 24 24 4
13059 30 29 5
13060 29 28 6
13061 24 24 4
13062 50 49 7
13063 15 15 5
13064 25 24 4
13065 34 33 5
13066 31 30 6
13067 20 20 4
13068 36 35 5
13069 25 25 5
13070 33 33 5
13071 25 24 6
13072 18 18 4
13073 36 35 5
13074 17 16 4
13075 32 31 7
13076 25 24 4
13077 42 41 5
13078 33 33 9
13079 25 24 6
13080 32 31 5
13081 45 44 8
13082 32 32 8
13083 26 25 5
13084 33 32 6
13085 24 24 6
13086 32 31 7
13087 33 33 7
13088 37 37 7
13089 37 36 10
13090 22 22 6
13091 26 26 4
13092 26 25 5
13093 31 31 5
13094 39 38 10
13095 24 24 6
13096 30 30 8
13097 40 40 6
13098 34 34 8
13099 36 36 6
13100 44 44 8
13101 32 32 6
13102 40 40 6
13103 24 24 8
13104 28 28 4
13105 42 41 5
13106 21 20 4
13107 44 43 7
13108 37 37 5
13109 59 58 8
13110 20 20 6
13111 38 37 7
13112 31 31 11
13113 41 40 8
13114 32 31 7
13115 21 20 4
13116 30 29 5
13117 41 40 8
13118 32 31 5
13119 35 35 11
13120 15 14 4
13121 24 23 5
13122 41 40 6
13123 24 24 6
13124 20 20 6
13125 42 42 6
13126 40 40 4
13127 34 33 7
13128 33 32 6
13129 32 32 6
13130 28 28 6
13131 36 36 8
13132 38 37 5
13133 35 34 4
13134 14 13 5
13135 27 26 4
13136 32 31 5
13137 27 26 4
13138 22 21 5
13139 45 44 6
13140 30 30 6
13141 32 31 5
13142 23 22 6
13143 26 25 9
13144 25 24 4
13145 38 37 5
13146 27 26 6
13147 18 17 5
13148 25 24 6
13149 24 24 4
13150 24 23 7
13151 15 15 5
13152 25 24 4
13153 20 19 5
13154 43 42 6
13155 24 23 5
13156 17 17 5
13157 17 16 4
13158 16 15 5
13159 21 20 6
13160 30 30 6
13161 32 32 6
13162 18 18 4
13163 26 25 5
13164 25 25 5
13165 31 30 6
13166 28 28 4
13167 26 25 5
13168 27 27 5
13169 33 32 6
13170 18 18 4
13171 28 27 7
13172 19 19 5
13173 37 37 5
13174 33 33 5
13175 23 23 7
13176 37 37 7
13177 21 20 4
13178 30 29 7
13179 31 31 5
13180 23 23 5
13181 33 33 5
13182 25 25 5
13183 21 20 4
13184 24 23 5
13185 29 28 6
13186 22 22 4
13187 26 25 7
13188 27 26 4
13189 20 19 5
13190 37 36 4
13191 28 27 5
13192 27 26 6
13193 16 16 4
13194 18 17 5
13195 21 20 4
13196 14 13 5
13197 29 28 6
13198 24 24 4
13199 28 27 5
13200 17 16 4
13201 16 15 5
13202 27 27 5
13203 15 14 4
13204 26 25 5
13205 29 28 4
13206 28 27 5
13207 21 20 6
13208 20 20 4
13209 30 29 5
13210 37 36 6
13211 18 18 4
13212 22 21 5
13213 21 20 4
13214 22 21 5
13215 25 24 6
13216 36 36 8
13217 12 11 5
13218 21 21 7
13219 31 30 6
13220 22 21 5
13221 15 15 5
13222 25 24 4
13223 32 31 7
13224 25 24 6
13225 28 28 4
13226 24 23 5
13227 21 21 5
13228 27 26 6
13229 26 26 4
13230 20 19 5
13231 33 32 4
13232 28 27 5
13233 15 15 5
13234 15 14 4
13235 12 11 5
13236 29 28 6
13237 32 32 4
13238 30 29 5
13239 33 32 6
13240 30 29 5
13241 23 22 6
13242 18 18 4
13243 28 27 5
13244 23 22 6
13245 22 22 4
13246 20 19 5
13247 23 22 8
13248 18 17 5
13249 15 14 4
13250 18 17 5
13251 23 23 5
13252 23 23 5
13253 15 15 5
13254 15 14 4
13255 20 19 5
13256 23 23 5
13257 25 25 5
13258 19 18 4
13259 28 27 5
13260 15 14 6
13261 28 28 4
13262 20 19 7
13263 15 14 4
13264 26 25 5
13265 15 14 4
13266 18 17 5
13267 11 11 5
13268 23 22 6
13269 24 23 5
13270 13 13 5
13271 17 16 4
13272 16 15 5
13273 17 16 6
13274 18 18 6
13275 18 18 6
13276 24 24 4
13277 10 9 5
13278 17 16 4
13279 22 21 5
13280 17 16 4
13281 12 11 5
13282 13 12 4
13283 14 13 5
13284 19 18 4
13285 18 17 5
13286 25 25 7
13287 27 26 6
13288 14 14 4
13289 18 17 5
13290 15 14 6
13291 14 13 5
13292 15 14 4
13293 22 21 5
13294 21 20 4
13295 20 19 5
13296 19 18 4
13297 18 17 5
13298 13 13 5
13299 17 16 6
13300 10 10 4
13301 20 19 5
13302 7 6 5
13303 15 15 5
13304 13 12 4
13305 28 27 5
13306 19 19 5
13307 29 29 5
13308 17 17 5
13309 15 14 4
13310 28 27 5
13311 9 8 4
13312 22 21 5
13313 21 21 5
13314 11 11 5
13315 23 22 6
13316 24 24 6
13317 24 23 5
13318 11 10 4
13319 20 19 5
13320 15 15 5
13321 17 16 6
13322 24 24 6
13323 18 18 4
13324 18 17 5
13325 21 20 4
13326 20 19 5
13327 17 16 4
13328 20 19 5
13329 21 20 6
13330 22 22 6
13331 16 16 4
13332 22 21 5
13333 17 17 5
13334 21 20 4
13335 18 17 5
13336 25 24 4
13337 14 13 5
13338 17 16 4
13339 20 19 5
13340 19 18 4
13341 18 17 5
13342 17 17 5
13343 17 17 5
13344 15 15 5
13345 13 13 5
13346 21 20 4
13347 24 23 5
13348 19 19 5
13349 17 17 5
13350 9 9 5
13351 17 16 6
13352 16 15 5
13353 13 12 4
13354 22 21 5
13355 25 25 5
13356 9 8 4
13357 20 19 5
13358 15 14 4
13359 16 15 5
13360 13 12 4
13361 20 19 5
13362 21 20 4
13363 18 17 5
13364 17 17 5
13365 21 20 6
13366 14 13 5
13367 21 20 6
13368 12 12 4
13369 18 17 5
13370 13 13 5
13371 21 20 4
13372 26 25 5
13373 21 20 6
13374 12 12 4
13375 16 15 5
13376 17 17 5
13377 29 28 4
13378 32 31 7
13379 19 18 4
13380 16 15 5
13381 11 10 4
13382 6 5 4
13383 20 19 5
13384 17 17 5
13385 15 14 4
13386 20 19 5
13387 15 14 4
13388 16 15 5
13389 17 17 5
13390 21 20 4
13391 18 17 5
13392 21 21 5
13393 29 29 5
13394 9 8 4
13395 18 17 5
13396 23 22 6
13397 10 9 5
13398 15 14 4
13399 20 19 5
13400 25 25 5
13401 9 8 4
13402 20 19 5
13403 25 24 4
13404 12 11 5
13405 11 11 5
13406 25 24 6
13407 14 14 4
13408 18 17 5
13409 17 16 4
13410 14 13 5
13411 33 32 4
13412 14 13 5
13413 27 26 4
13414 16 15 5
13415 17 17 5
13416 11 10 4
13417 20 19 5
13418 33 32 6
13419 24 23 5
13420 15 14 4
13421 18 17 5
13422 13 13 5
13423 13 12 6
13424 26 26 6
13425 26 26 4
13426 24 23 5
13427 25 24 6
13428 10 10 4
13429 14 13 5
13430 25 25 5
13431 29 28 4
13432 34 33 5
13433 23 23 5
13434 13 12 4
13435 22 21 5
13436 17 17 5
13437 17 16 4
13438 32 31 5
13439 23 22 4
13440 22 21 5
13441 31 30 6
13442 18 18 4
13443 18 17 5
13444 25 24 4
13445 16 15 5
13446 33 32 4
13447 18 17 5
13448 27 26 4
13449 20 19 5
13450 19 18 4
13451 28 27 5
13452 11 10 4
13453 16 15 5
13454 29 28 4
13455 44 43 5
13456 23 22 4
13457 26 25 7
13458 27 26 4
13459 16 15 5
13460 19 18 4
13461 28 27 5
13462 21 21 5
13463 35 34 4
13464 36 35 5
13465 19 18 4
13466 24 23 5
13467 15 14 4
13468 22 21 5
13469 15 15 5
13470 31 30 4
13471 36 35 7
13472 21 20 4
13473 30 29 5
13474 9 8 4
13475 18 17 5
13476 23 22 6
13477 22 21 5
13478 13 12 4
13479 20 19 5
13480 17 17 5
13481 15 14 4
13482 16 15 5
13483 15 14 4
13484 18 17 5
13485 21 20 4
13486 24 23 5
13487 17 16 4
13488 16 15 5
13489 21 20 4
13490 12 11 5
13491 21 20 6
13492 26 26 4
13493 34 33 5
13494 37 36 6
13495 16 16 4
13496 10 9 5
13497 15 14 4
13498 10 9 5
13499 15 14 4
13500 22 21 5
13501 29 28 4
13502 22 21 5
13503 21 20 6
13504 8 8 4
13505 10 9 5
13506 13 12 4
13507 24 23 5
13508 31 30 4
13509 16 15 5
13510 19 18 4
13511 12 11 5
13512 13 12 4
13513 16 15 5
13514 15 15 5
13515 21 21 5
13516 25 24 6
13517 18 18 4
13518 24 23 5
13519 15 15 5
13520 17 16 4
13521 18 17 5
13522 19 19 5
13523 27 26 6
13524 14 13 5
13525 31 30 4
13526 14 13 5
13527 13 12 4
13528 12 11 5
13529 19 18 4
13530 18 17 5
13531 47 46 6
13532 18 18 4
13533 22 21 5
13534 17 17 5
13535 17 16 6
13536 16 16 4
13537 20 19 5
13538 23 23 7
13539 23 22 6
13540 10 10 4
13541 10 9 5
13542 15 14 6
13543 16 16 6
13544 24 24 4
13545 22 21 5
13546 17 17 7
13547 27 26 4
13548 16 15 5
13549 21 20 4
13550 22 21 7
13551 9 8 4
13552 12 11 5
13553 19 18 4
13554 14 13 5
13555 21 21 5
13556 13 13 5
13557 25 24 4
13558 12 11 5
13559 17 17 5
13560 15 14 4
13561 14 13 5
13562 9 9 5
13563 17 16 6
13564 10 10 4
13565 18 17 5
13566 9 8 4
13567 18 17 5
13568 13 12 4
13569 18 17 5
13570 21 20 4
13571 12 11 5
13572 13 13 5
13573 11 10 6
13574 18 18 6
13575 18 18 4
13576 16 15 5
13577 23 22 6
13578 16 15 5
13579 15 14 4
13580 12 11 5
13581 11 11 5
13582 11 11 5
13583 25 24 4
13584 16 15 5
13585 9 8 4
13586 12 11 5
13587 13 13 5
13588 17 16 4
13589 16 15 5
13590 11 11 5
13591 27 27 5
13592 31 31 5
13593 25 24 4
13594 12 11 5
13595 13 12 4
13596 6 5 4
13597 14 13 5
13598 25 25 5
13599 27 27 5
13600 21 21 5
13601 19 18 4
13602 10 9 5
13603 19 18 4
13604 14 13 5
13605 13 12 6
13606 22 21 5
13607 27 26 4
13608 20 19 5
13609 23 23 5
13610 17 16 6
13611 8 8 4
13612 10 9 5
13613 15 14 4
13614 26 25 5
13615 39 39 5
13616 19 18 6
13617 22 22 4
13618 20 19 5
13619 9 8 4
13620 16 15 5
13621 13 12 6
13622 18 17 5
13623 25 24 6
13624 22 22 4
13625 22 21 5
13626 23 23 5
13627 21 20 4
13628 10 9 5
13629 19 18 4
13630 18 17 5
13631 27 26 6
13632 30 30 6
13633 34 34 6
13634 18 17 5
13635 21 20 6
13636 14 14 4
13637 16 15 5
13638 15 15 5
13639 21 20 4
13640 30 29 5
13641 31 31 7
13642 25 24 4
13643 10 9 5
13644 9 8 4
13645 14 13 5
13646 19 18 4
13647 16 15 5
13648 23 23 5
13649 19 19 5
13650 15 14 4
13651 16 15 5
13652 13 13 5
13653 15 14 4
13654 26 25 5
13655 31 30 4
13656 22 21 5
13657 23 22 4
13658 20 19 5
13659 17 17 5
13660 25 24 6
13661 22 22 6
13662 20 20 6
13663 20 20 6
13664 38 38 4
13665 20 19 5
13666 13 12 4
13667 26 25 7
13668 25 24 8
13669 14 14 6
13670 22 22 4
13671 40 39 5
13672 23 23 5
13673 29 28 6
13674 38 38 4
13675 26 25 5
13676 21 20 4
13677 28 27 5
13678 21 21 5
13679 17 16 6
13680 22 22 4
13681 20 19 5
13682 23 23 7
13683 27 27 5
13684 19 19 7
13685 19 19 5
13686 33 32 4
13687 24 23 5
13688 21 21 5
13689 29 28 4
13690 24 23 5
13691 31 30 4
13692 26 25 5
13693 21 20 4
13694 48 47 5
13695 21 21 5
13696 47 46 6
13697 28 28 6
13698 20 20 4
13699 38 37 5
13700 33 32 4
13701 22 21 5
13702 33 32 4
13703 26 25 5
13704 29 29 5
13705 33 32 6
13706 16 16 4
13707 26 25 7
13708 17 16 4
13709 28 27 7
13710 17 16 4
13711 30 29 5
13712 15 14 4
13713 18 17 5
13714 29 28 4
13715 16 15 5
13716 25 24 6
13717 18 18 4
13718 20 19 5
13719 15 14 4
13720 16 15 5
13721 15 15 5
13722 23 23 5
13723 23 22 4
13724 20 19 5
13725 21 20 6
13726 22 22 6
13727 22 22 4
13728 24 23 5
13729 11 11 5
13730 15 14 6
13731 16 16 4
13732 22 21 5
13733 29 28 4
13734 18 17 5
13735 11 10 4
13736 16 15 7
13737 17 16 4
13738 14 13 5
13739 17 16 4
13740 14 13 5
13741 21 20 6
13742 20 20 6
13743 14 14 4
13744 20 19 5
13745 23 23 5
13746 19 18 6
13747 12 12 4
13748 24 23 5
13749 13 13 5
13750 17 16 6
13751 20 20 6
13752 10 10 4
13753 18 17 7
13754 13 12 4
13755 18 17 5
13756 13 12 6
13757 24 24 4
13758 20 19 5
13759 13 13 5
13760 11 11 5
13761 19 19 5
13762 7 6 5
13763 15 14 6
13764 24 23 5
13765 13 13 5
13766 13 12 4
13767 12 11 5
13768 15 15 5
13769 13 13 5
13770 15 14 4
13771 20 19 5
13772 29 28 6
13773 16 15 5
13774 17 16 6
13775 16 16 4
13776 16 15 5
13777 11 10 4
13778 24 23 7
13779 21 20 4
13780 16 15 5
13781 15 14 4
13782 28 27 7
13783 19 18 4
13784 24 23 7
13785 15 14 6
13786 18 18 4
13787 18 17 5
13788 17 16 6
13789 24 24 6
13790 24 23 5
13791 25 25 5
13792 17 16 4
13793 22 21 5
13794 17 17 5
13795 23 23 5
13796 17 16 6
13797 20 20 6
13798 14 14 4
13799 20 19 5
13800 15 14 4
13801 18 17 5
13802 9 9 5
13803 15 15 5
13804 23 22 4
13805 20 19 5
13806 13 13 5
13807 21 20 8
13808 14 14 4
13809 22 21 5
13810 15 14 4
13811 14 13 5
13812 21 21 5
13813 17 16 6
13814 12 12 4
13815 20 19 5
13816 13 13 5
13817 15 15 5
13818 25 24 6
13819 30 30 6
13820 20 20 6
13821 22 21 5
13822 17 16 4
13823 20 19 5
13824 15 14 6
13825 8 8 4
13826 20 19 5
13827 21 20 6
13828 24 24 4
13829 24 23 5
13830 15 14 4
13831 22 21 5
13832 13 13 5
13833 17 16 4
13834 16 15 5
13835 21 21 5
13836 15 14 4
13837 16 15 5
13838 15 15 5
13839 15 15 5
13840 11 11 5
13841 29 28 6
13842 28 28 6
13843 30 30 6
13844 16 16 6
13845 20 20 6
13846 18 18 4
13847 16 15 5
13848 9 8 4
13849 20 19 5
13850 27 26 6
13851 22 22 6
13852 14 14 4
13853 8 7 6
13854 22 22 6
13855 30 30 4
13856 38 37 5
13857 27 27 5
13858 19 19 5
13859 13 13 5
13860 11 10 4
13861 26 25 7
13862 17 17 5
13863 23 22 6
13864 26 25 5
13865 21 20 4
13866 18 17 5
13867 19 18 4
13868 20 19 5
13869 25 24 6
13870 40 40 6
13871 24 24 4
13872 16 15 5
13873 23 22 4
13874 30 29 5
13875 45 44 4
13876 42 41 5
13877 49 48 4
13878 26 25 5
13879 23 22 6
13880 32 32 4
13881 48 47 5
13882 41 40 4
13883 46 45 5
13884 39 39 5
13885 45 44 4
13886 44 43 5
13887 45 44 4
13888 52 51 5
13889 55 54 4
13890 52 51 5
13891 33 32 4
13892 50 49 5
13893 53 52 6
13894 46 46 4
13895 48 47 5
13896 43 42 6
13897 54 54 4
13898 56 55 5
13899 53 52 4
13900 44 43 5
13901 31 30 4
13902 34 33 7
13903 27 27 5
13904 47 47 7
13905 55 54 6
13906 40 39 5
13907 63 62 4
13908 28 27 5
13909 51 51 7
13910 57 57 5
13911 55 55 5
13912 41 40 4
13913 50 49 5
13914 47 46 4
13915 60 59 7
13916 53 53 7
13917 47 47 7
13918 53 52 12
13919 46 46 6
13920 46 45 5
13921 33 32 4
13922 42 41 5
13923 41 40 6
13924 48 48 6
13925 48 48 6
13926 26 26 4
13927 38 37 5
13928 33 33 7
13929 47 46 10
13930 28 28 4
13931 32 31 5
13932 39 38 6
13933 44 44 6
13934 42 42 6
13935 54 53 7
13936 23 22 6
13937 40 40 10
13938 42 42 8
13939 60 59 7
13940 47 46 10
13941 32 31 5
13942 27 27 5
13943 25 24 6
13944 42 41 9
13945 31 31 5
13946 33 32 6
13947 34 34 6
13948 30 30 4
13949 46 45 5
13950 21 21 5
13951 37 37 9
13952 29 28 6
13953 32 32 10
13954 26 25 7
13955 35 34 8
13956 50 49 7
13957 33 33 5
13958 23 22 6
13959 46 46 10
13960 18 18 4
13961 32 31 7
13962 43 43 7
13963 49 48 6
13964 30 29 11
13965 27 26 4
13966 26 25 7
13967 31 30 8
13968 34 33 7
13969 37 37 11
13970 31 31 5
13971 33 33 9
13972 29 29 5
13973 21 21 5
13974 21 21 5
13975 37 36 6
13976 28 28 6
13977 16 16 4
13978 16 15 5
13979 29 28 6
13980 28 27 5
13981 35 35 5
13982 23 23 5
13983 19 18 4
13984 40 39 5
13985 27 26 6
13986 18 17 5
13987 21 21 5
13988 27 27 5
13989 33 32 6
13990 16 15 5
13991 41 40 8
13992 22 22 6
13993 22 22 6
13994 34 33 5
13995 35 35 5
13996 29 28 8
13997 26 26 8
13998 24 24 6
13999 22 22 6
14000 32 32 4
14001 18 17 5
14002 29 28 4
14003 16 15 5
14004 27 26 6
14005 24 24 4
14006 20 19 5
14007 21 21 5
14008 27 26 6
14009 22 21 5
14010 31 30 4
14011 34 33 5
14012 33 32 6
14013 14 14 4
14014 32 31 7
14015 15 14 4
14016 6 5 4
14017 24 23 5
14018 21 20 4
14019 36 35 5
14020 27 26 4
14021 18 17 5
14022 27 26 6
14023 24 24 6
14024 16 16 4
14025 32 31 5
14026 27 27 5
14027 29 28 4
14028 20 19 5
14029 27 26 4
14030 16 15 5
14031 15 15 5
14032 13 12 4
14033 26 25 7
14034 25 24 6
14035 14 13 5
14036 25 24 4
14037 24 23 5
14038 19 18 6
14039 28 28 4
14040 26 25 5
14041 17 16 4
14042 24 23 5
14043 19 18 4
14044 20 19 5
14045 41 40 6
14046 28 27 5
14047 27 27 5
14048 19 19 5
14049 25 24 4
14050 28 27 5
14051 25 24 6
14052 38 38 4
14053 36 35 5
14054 29 28 6
14055 34 34 4
14056 24 23 5
14057 29 28 6
14058 30 30 4
14059 22 21 5
14060 37 36 4
14061 26 25 5
14062 35 34 4
14063 14 13 5
14064 33 32 4
14065 22 21 5
14066 23 22 4
14067 34 33 5
14068 33 33 5
14069 27 26 4
14070 24 23 5
14071 21 21 5
14072 21 20 4
14073 18 17 5
14074 21 20 4
14075 32 31 5
14076 33 32 6
14077 22 22 4
14078 32 31 5
14079 39 39 7
14080 21 21 5
14081 25 24 4
14082 26 25 5
14083 35 34 6
14084 28 28 4
14085 26 25 5
14086 33 32 6
14087 18 18 4
14088 24 23 5
14089 15 14 4
14090 30 29 5
14091 25 25 5
14092 21 21 5
14093 27 26 4
14094 30 29 5
14095 17 17 5
14096 15 15 5
14097 19 18 4
14098 24 23 5
14099 21 21 5
14100 19 19 5
14101 29 28 4
14102 14 13 5
14103 23 22 4
14104 26 25 5
14105 15 15 5
14106 11 10 4
14107 14 13 5
14108 17 17 5
14109 19 18 4
14110 18 17 5
14111 29 28 4
14112 16 15 5
14113 17 16 6
14114 16 16 6
14115 22 21 5
14116 25 24 4
14117 14 13 5
14118 11 11 5
14119 23 22 6
14120 18 18 6
14121 16 16 4
14122 22 21 5
14123 13 12 4
14124 20 19 5
14125 15 15 5
14126 29 29 5
14127 13 13 5
14128 23 23 5
14129 23 23 5
14130 25 25 5
14131 11 10 4
14132 14 13 5
14133 19 18 6
14134 18 18 6
14135 18 18 4
14136 18 17 5
14137 29 28 6
14138 18 17 5
14139 23 22 6
14140 26 26 6
14141 28 28 4
14142 20 19 5
14143 23 23 5
14144 21 20 6
14145 20 20 4
14146 38 37 5
14147 15 14 4
14148 16 15 5
14149 41 40 4
14150 22 21 5
14151 29 28 4
14152 24 23 5
14153 19 19 5
14154 23 22 4
14155 28 27 5
14156 25 24 4
14157 14 13 5
14158 25 24 6
14159 28 28 6
14160 28 28 4
14161 22 21 5
14162 33 32 6
14163 16 16 4
14164 26 25 5
14165 23 22 6
14166 22 22 6
14167 28 28 4
14168 28 27 5
14169 15 15 5
14170 19 18 4
14171 18 17 5
14172 25 24 4
14173 38 37 5
14174 27 26 4
14175 20 19 7
14176 17 16 4
14177 10 9 5
14178 15 14 6
14179 16 16 6
14180 22 22 4
14181 24 23 5
14182 25 24 4
14183 26 25 5
14184 19 19 5
14185 19 18 4
14186 28 27 5
14187 29 28 4
14188 22 21 5
14189 17 17 5
14190 15 14 4
14191 20 19 7
14192 21 20 4
14193 22 21 5
14194 23 22 4
14195 18 17 5
14196 23 23 7
14197 19 19 5
14198 13 12 6
14199 18 18 6
14200 12 12 4
14201 18 17 5
14202 19 19 5
14203 19 18 4
14204 20 19 7
14205 13 12 4
14206 22 21 5
14207 21 20 4
14208 14 13 5
14209 13 13 5
14210 19 19 5
14211 17 17 5
14212 15 14 6
14213 16 16 6
14214 10 10 4
14215 18 17 5
14216 25 24 6
14217 22 21 5
14218 15 15 5
14219 21 21 5
14220 13 12 4
14221 14 13 5
14222 19 19 5
14223 19 18 4
14224 14 13 5
14225 25 24 6
14226 20 19 5
14227 11 10 4
14228 24 23 7
14229 19 18 4
14230 14 13 5
14231 25 24 6
14232 20 20 6
14233 14 14 6
14234 20 19 5
14235 19 19 5
14236 15 15 5
14237 19 18 4
14238 14 13 5
14239 17 17 5
14240 31 31 5
14241 11 10 4
14242 12 11 5
14243 13 13 5
14244 15 14 6
14245 16 16 6
14246 20 20 6
14247 20 20 4
14248 20 19 5
14249 11 11 5
14250 11 10 4
14251 12 11 5
14252 11 11 5
14253 21 20 4
14254 32 31 5
14255 39 39 5
14256 21 20 6
14257 22 22 6
14258 10 9 5
14259 15 14 4
14260 12 11 5
14261 9 9 5
14262 17 16 6
14263 14 14 6
14264 14 13 5
14265 11 10 4
14266 16 15 7
14267 11 10 4
14268 18 17 5
14269 17 16 4
14270 16 15 5
14271 23 22 6
14272 10 10 4
14273 10 9 5
14274 15 14 6
14275 10 9 5
14276 15 14 4
14277 18 17 5
14278 21 20 4
14279 22 21 5
14280 9 8 4
14281 26 25 5
14282 17 17 5
14283 27 26 6
14284 16 15 5
14285 13 13 5
14286 35 34 6
14287 22 21 5
14288 19 18 4
14289 22 21 5
14290 25 24 6
14291 12 11 5
14292 11 10 4
14293 26 25 5
14294 27 26 6
14295 20 20 6
14296 24 24 6
14297 16 15 5
14298 23 22 6
14299 20 20 6
14300 30 29 5
14301 49 48 6
14302 30 30 6
14303 24 24 4
14304 24 23 5
14305 9 8 4
14306 14 13 5
14307 41 40 6
14308 34 33 5
14309 31 30 4
14310 16 15 5
14311 19 18 4
14312 12 11 5
14313 23 22 6
14314 40 40 4
14315 52 51 5
14316 29 28 4
14317 22 21 5
14318 9 8 4
14319 18 17 5
14320 19 19 5
14321 21 20 6
14322 34 34 4
14323 30 29 7
14324 37 36 4
14325 16 15 5
14326 17 16 4
14327 18 17 5
14328 25 24 6
14329 50 49 5
14330 43 42 6
14331 30 29 5
14332 29 28 6
14333 26 26 6
14334 10 9 5
14335 17 16 6
14336 32 32 4
14337 46 45 5
14338 23 23 5
14339 25 25 5
14340 11 10 4
14341 24 23 5
14342 29 29 5
14343 27 27 5
14344 33 32 4
14345 38 37 5
14346 33 32 4
14347 18 17 5
14348 29 29 5
14349 33 32 4
14350 32 31 5
14351 69 68 4
14352 64 63 5
14353 31 30 4
14354 34 33 5
14355 45 44 6
14356 46 46 4
14357 56 55 5
14358 33 32 4
14359 26 25 5
14360 33 32 4
14361 28 27 5
14362 25 25 5
14363 29 28 6
14364 30 30 4
14365 22 21 5
14366 49 48 6
14367 30 30 6
14368 30 29 5
14369 63 62 4
14370 40 39 5
14371 51 50 6
14372 48 48 6
14373 46 45 5
14374 41 40 4
14375 54 53 5
14376 37 36 6
14377 46 46 6
14378 62 62 6
14379 34 34 4
14380 28 27 5
14381 51 50 8
14382 36 36 6
14383 48 47 5
14384 31 30 6
14385 40 40 6
14386 36 36 6
14387 36 36 8
14388 34 34 6
14389 30 30 4
14390 32 31 5
14391 29 28 6
14392 42 41 9
14393 29 29 7
14394 37 37 9
14395 43 43 9
14396 29 29 5
14397 39 38 4
14398 28 27 5
14399 33 33 5
14400 45 45 11
14401 25 24 6
14402 40 39 5
14403 27 26 8
14404 54 54 10
14405 36 35 5
14406 37 36 6
14407 18 18 4
14408 32 31 7
14409 51 51 7
14410 41 41 11
14411 25 25 5
14412 53 53 11
14413 35 34 10
14414 44 44 14
14415 46 45 5
14416 35 35 5
14417 37 36 4
14418 28 27 5
14419 41 40 8
14420 24 23 5
14421 29 29 7
14422 35 35 7
14423 31 30 8
14424 34 33 5
14425 43 42 12
14426 36 35 7
14427 31 31 7
14428 47 47 15
14429 27 26 4
14430 26 25 5
14431 31 30 6
14432 38 38 12
14433 42 41 7
14434 25 24 12
14435 26 26 6
14436 34 34 6
14437 34 34 10
14438 34 34 8
14439 30 29 5
14440 45 45 9
14441 39 39 9
14442 27 26 4
14443 32 31 5
14444 15 14 6
14445 24 24 6
14446 18 18 6
14447 26 26 4
14448 28 27 7
14449 25 25 5
14450 25 25 5
14451 31 31 7
14452 15 14 4
14453 22 21 7
14454 9 9 5
14455 31 30 6
14456 38 37 9
14457 33 32 6
14458 34 34 6
14459 20 20 4
14460 30 29 5
14461 25 24 4
14462 22 21 5
14463 23 22 6
14464 34 34 12
14465 34 34 4
14466 20 19 5
14467 37 37 5
14468 29 28 6
14469 26 25 5
14470 31 31 5
14471 33 33 7
14472 27 27 7
14473 21 20 8
14474 18 18 4
14475 32 31 5
14476 29 28 6
14477 22 21 5
14478 33 33 11
14479 47 46 10
14480 24 24 4
14481 26 25 9
14482 29 29 7
14483 37 36 4
14484 24 23 5
14485 13 12 4
14486 22 21 5
14487 19 18 4
14488 24 23 7
14489 31 31 5
14490 41 41 11
14491 33 32 6
14492 12 11 5
14493 19 19 5
14494 17 17 5
14495 31 30 4
14496 50 49 11
14497 27 26 6
14498 34 33 9
14499 17 17 5
14500 25 25 5
14501 21 20 4
14502 24 23 5
14503 21 20 6
14504 28 28 6
14505 26 26 6
14506 24 24 6
14507 32 31 7
14508 21 20 4
14509 32 31 5
14510 25 24 4
14511 36 35 7
14512 21 20 4
14513 24 23 5
14514 33 32 6
14515 16 15 5
14516 27 26 6
14517 40 39 5
14518 33 33 5
14519 19 18 4
14520 20 19 5
14521 25 24 4
14522 34 33 5
14523 27 26 4
14524 28 27 5
14525 23 22 4
14526 22 21 5
14527 33 32 8
14528 30 30 6
14529 32 32 6
14530 32 32 4
14531 28 27 9
14532 19 18 4
14533 24 23 5
14534 15 14 4
14535 20 19 5
14536 17 17 5
14537 13 12 4
14538 20 19 5
14539 23 22 4
14540 18 17 5
14541 27 27 5
14542 17 17 5
14543 15 14 4
14544 24 23 5
14545 23 22 4
14546 18 17 5
14547 23 22 4
14548 16 15 5
14549 21 21 5
14550 19 18 6
14551 18 18 4
14552 28 27 5
14553 33 32 6
14554 14 14 4
14555 24 23 5
14556 17 16 4
14557 14 13 5
14558 23 23 5
14559 15 14 4
14560 26 25 5
14561 19 18 6
14562 22 22 4
14563 18 17 5
14564 19 19 5
14565 23 22 6
14566 30 30 4
14567 20 19 5
14568 11 10 4
14569 30 29 5
14570 9 8 4
14571 22 21 5
14572 21 21 5
14573 25 24 6
14574 20 20 4
14575 14 13 5
14576 13 12 6
14577 22 22 4
14578 18 17 5
14579 15 14 4
14580 22 21 5
14581 15 14 4
14582 20 19 5
14583 19 18 4
14584 16 15 5
14585 13 13 5
14586 17 16 4
14587 22 21 5
14588 25 24 6
14589 20 20 4
14590 20 19 5
14591 31 30 4
14592 12 11 5
14593 17 16 4
14594 14 13 5
14595 13 12 6
14596 16 16 4
14597 26 25 5
14598 27 26 6
14599 26 25 5
14600 13 12 4
14601 16 15 5
14602 19 18 4
14603 24 23 5
14604 29 28 6
14605 12 12 4
14606 16 15 5
14607 13 12 4
14608 18 17 5
14609 11 11 5
14610 17 16 4
14611 24 23 5
14612 17 16 6
14613 12 12 6
14614 12 12 4
14615 16 15 7
14616 13 12 4
14617 14 13 5
14618 13 12 4
14619 34 33 5
14620 15 15 5
14621 21 20 4
14622 16 15 5
14623 15 14 4
14624 22 21 7
14625 13 12 4
14626 16 15 5
14627 25 24 4
14628 18 17 5
14629 15 14 4
14630 16 15 5
14631 19 18 6
14632 18 17 5
14633 21 20 4
14634 14 13 5
14635 7 6 5
14636 19 19 5
14637 17 16 4
14638 22 21 5
14639 29 29 5
14640 13 12 6
14641 26 26 6
14642 12 12 4
14643 10 9 5
14644 17 16 4
14645 30 29 7
14646 21 20 6
14647 12 12 4
14648 24 23 5
14649 13 13 5
14650 19 18 4
14651 14 13 5
14652 25 24 6
14653 26 26 6
14654 18 18 4
14655 22 21 5
14656 9 9 5
14657 15 15 5
14658 13 12 4
14659 16 15 5
14660 23 23 5
14661 17 16 6
14662 12 12 4
14663 24 23 5
14664 21 20 4
14665 12 11 5
14666 13 12 4
14667 16 15 5
14668 19 18 6
14669 34 34 6
14670 20 20 6
14671 18 18 4
14672 14 13 5
14673 11 10 4
14674 14 13 5
14675 19 19 5
14676 17 16 6
14677 18 18 6
14678 20 20 6
14679 20 20 4
14680 20 19 5
14681 15 14 4
14682 22 21 5
14683 21 20 4
14684 16 15 5
14685 17 16 4
14686 16 15 5
14687 27 26 4
14688 28 27 5
14689 17 17 5
14690 21 20 4
14691 16 15 5
14692 19 18 4
14693 16 15 5
14694 15 14 4
14695 16 15 5
14696 15 14 4
14697 12 11 5
14698 23 22 6
14699 32 32 4
14700 22 21 5
14701 21 20 6
14702 16 16 4
14703 18 17 5
14704 11 10 4
14705 26 25 7
14706 11 10 4
14707 18 17 5
14708 27 26 6
14709 20 20 6
14710 16 16 4
14711 12 11 5
14712 29 28 4
14713 24 23 5
14714 17 17 5
14715 39 38 4
14716 30 29 5
14717 19 19 5
14718 21 20 4
14719 26 25 5
14720 25 25 5
14721 23 22 6
14722 32 31 5
14723 15 14 4
14724 38 37 5
14725 23 22 6
14726 26 26 6
14727 34 34 4
14728 24 23 5
14729 35 34 6
14730 32 32 4
14731 26 25 5
14732 25 24 4
14733 28 27 5
14734 23 22 4
14735 28 27 5
14736 31 31 5
14737 25 24 4
14738 28 27 5
14739 19 18 4
14740 26 25 5
14741 35 34 6
14742 20 20 4
14743 24 23 5
14744 39 38 6
14745 40 40 4
14746 30 29 5
14747 17 16 4
14748 22 21 5
14749 27 26 4
14750 32 31 5
14751 23 23 5
14752 21 20 4
14753 18 17 5
14754 23 22 4
14755 24 23 5
14756 33 33 5
14757 37 37 5
14758 31 30 4
14759 30 29 5
14760 21 21 5
14761 21 20 4
14762 30 29 5
14763 35 35 5
14764 37 36 4
14765 18 17 5
14766 29 28 4
14767 22 21 5
14768 37 36 6
14769 22 22 4
14770 34 33 5
14771 53 52 4
14772 44 43 5
14773 19 19 5
14774 41 40 6
14775 26 26 4
14776 26 25 5
14777 39 39 5
14778 49 49 5
14779 49 48 6
14780 30 30 4
14781 22 21 7
14782 29 28 4
14783 42 41 5
14784 37 37 5
14785 51 50 4
14786 26 25 5
14787 37 37 5
14788 27 27 5
14789 41 40 4
14790 54 53 5
14791 39 38 6
14792 46 45 5
14793 39 38 6
14794 40 40 6
14795 40 40 6
14796 36 36 4
14797 46 45 5
14798 33 33 5
14799 29 28 6
14800 32 32 6
14801 34 34 4
14802 30 29 5
14803 43 42 4
14804 54 53 5
14805 45 45 5
14806 37 36 4
14807 36 35 5
14808 47 46 6
14809 34 34 4
14810 40 39 5
14811 49 48 6
14812 58 58 6
14813 24 24 4
14814 40 39 5
14815 43 43 5
14816 45 44 6
14817 52 52 4
14818 36 35 5
14819 53 53 5
14820 51 50 4
14821 38 37 5
14822 37 36 6
14823 32 32 4
14824 34 33 5
14825 45 44 6
14826 48 48 4
14827 34 33 5
14828 51 51 5
14829 33 32 4
14830 28 27 5
14831 49 48 4
14832 40 39 5
14833 33 32 4
14834 42 41 5
14835 43 42 6
14836 40 40 4
14837 40 39 5
14838 41 40 6
14839 36 36 6
14840 46 46 6
14841 26 25 5
14842 23 22 4
14843 48 47 7
14844 37 36 4
14845 38 37 5
14846 27 26 4
14847 48 47 5
14848 39 39 7
14849 45 44 4
14850 48 47 5
14851 37 36 6
14852 26 25 5
14853 33 32 4
14854 46 45 5
14855 59 59 5
14856 59 59 5
14857 47 46 4
14858 32 31 5
14859 45 44 4
14860 38 37 5
14861 51 50 6
14862 30 30 4
14863 44 43 5
14864 35 35 5
14865 37 36 6
14866 46 46 4
14867 40 39 5
14868 57 56 4
14869 38 37 5
14870 39 38 4
14871 44 43 5
14872 31 31 5
14873 41 40 6
14874 32 31 5
14875 37 36 4
14876 36 35 5
14877 37 36 6
14878 36 36 4
14879 26 25 5
14880 59 58 6
14881 42 42 4
14882 30 29 5
14883 49 49 7
14884 55 54 4
14885 42 41 5
14886 41 41 5
14887 45 45 5
14888 47 46 6
14889 32 32 4
14890 28 27 5
14891 45 44 6
14892 32 32 4
14893 46 45 5
14894 37 36 6
14895 40 39 5
14896 47 47 5
14897 45 44 4
14898 54 53 5
14899 43 42 6
14900 52 52 4
14901 32 31 5
14902 55 54 4
14903 48 47 5
14904 41 41 5
14905 29 28 4
14906 44 43 5
14907 37 36 4
14908 52 51 5
14909 55 54 4
14910 46 45 5
14911 33 32 4
14912 46 45 5
14913 51 50 4
14914 66 65 5
14915 35 34 4
14916 42 41 5
14917 51 50 6
14918 50 50 6
14919 62 62 4
14920 52 51 5
14921 41 41 5
14922 47 46 4
14923 50 49 5
14924 35 35 5
14925 67 66 4
14926 38 37 5
14927 55 54 4
14928 44 43 5
14929 59 59 5
14930 51 50 4
14931 44 43 5
14932 55 54 4
14933 52 51 5
14934 57 57 5
14935 41 40 6
14936 50 50 4
14937 38 37 5
14938 41 40 4
14939 50 49 5
14940 43 42 4
14941 44 43 5
14942 43 42 4
14943 42 41 5
14944 35 34 6
14945 46 46 4
14946 64 63 5
14947 67 66 4
14948 42 41 5
14949 47 46 6
14950 60 60 4
14951 48 47 5
14952 49 48 4
14953 62 61 5
14954 45 44 4
14955 68 67 5
14956 47 46 4
14957 48 47 5
14958 49 48 4
14959 48 47 5
14960 47 46 6
14961 40 40 8
14962 44 44 4
14963 68 67 5
14964 47 46 4
14965 48 47 5
14966 51 50 4
14967 50 49 7
14968 17 17 5
14969 51 50 4
14970 44 43 5
14971 51 50 4
14972 66 65 5
14973 39 39 5
14974 47 46 6
14975 60 60 6
14976 52 52 6
14977 52 52 8
14978 44 44 6
14979 62 62 6
14980 48 47 5
14981 69 68 6
14982 42 42 6
14983 38 38 4
14984 54 53 9
14985 31 30 6
14986 60 60 8
14987 38 38 4
14988 62 61 9
14989 47 46 4
14990 62 61 5
14991 39 38 4
14992 52 51 5
14993 63 62 4
14994 54 53 5
14995 39 38 4
14996 44 43 5
14997 57 56 4
14998 36 35 5
14999 49 48 6
15000 42 41 5
15001 81 81 7
15002 27 27 9
15003 43 42 8
15004 44 43 5
15005 59 59 7
15006 55 54 10
15007 52 52 6
15008 56 55 7
15009 31 31 5
15010 33 33 5
15011 49 49 7
15012 29 28 4
15013 52 51 7
15014 25 24 8
15015 54 53 13
15016 43 42 6
15017 40 40 4
15018 46 45 7
15019 39 39 9
15020 27 26 6
15021 40 40 8
15022 36 35 5
15023 27 26 6
15024 40 40 4
15025 36 35 7
15026 25 25 5
15027 41 40 4
15028 30 29 7
15029 23 23 5
15030 55 55 11
15031 29 29 7
15032 27 26 4
15033 26 25 5
15034 25 25 5
15035 47 46 4
15036 32 31 5
15037 27 26 4
15038 34 33 5
15039 29 28 4
15040 32 31 5
15041 37 36 6
15042 34 33 5
15043 37 37 7
15044 41 40 8
15045 36 36 10
15046 34 34 6
15047 20 20 6
15048 26 25 5
15049 41 40 6
15050 30 29 5
15051 23 22 4
15052 28 27 7
15053 33 32 8
15054 20 19 5
15055 27 27 5
15056 29 28 4
15057 30 29 5
15058 37 36 6
15059 26 26 6
15060 30 30 8
15061 36 36 6
15062 38 38 6
15063 32 31 5
15064 49 48 8
15065 24 24 4
15066 28 27 5
15067 37 36 6
15068 26 26 6
15069 40 39 5
15070 35 34 6
15071 32 31 5
15072 25 24 4
15073 34 33 5
15074 23 22 4
15075 30 29 5
15076 33 33 5
15077 43 42 4
15078 34 33 5
15079 45 45 5
15080 35 34 4
15081 20 19 5
15082 35 34 8
15083 30 29 5
15084 19 18 4
15085 32 31 7
15086 35 35 7
15087 27 27 5
15088 31 30 4
15089 34 33 5
15090 39 38 6
15091 26 25 7
15092 41 41 5
15093 37 36 4
15094 32 31 5
15095 19 18 4
15096 28 27 5
15097 29 28 6
15098 28 28 4
15099 38 37 5
15100 33 32 4
15101 28 27 7
15102 21 20 6
15103 30 30 6
15104 22 21 5
15105 23 23 5
15106 31 30 4
15107 26 25 5
15108 27 27 5
15109 13 12 4
15110 38 37 5
15111 21 20 6
15112 32 32 6
15113 28 28 6
15114 26 26 4
15115 22 21 5
15116 31 31 5
15117 29 29 5
15118 31 30 8
15119 34 34 6
15120 32 32 6
15121 16 16 6
15122 20 19 5
15123 39 38 4
15124 36 35 5
15125 17 17 5
15126 23 22 4
15127 38 37 5
15128 23 22 6
15129 24 24 6
15130 20 20 4
15131 22 21 5
15132 13 12 4
15133 34 33 5
15134 29 28 4
15135 12 11 5
15136 23 22 4
15137 24 23 5
15138 19 19 5
15139 17 16 4
15140 28 27 5
15141 19 19 5
15142 23 22 4
15143 16 15 5
15144 15 15 5
15145 19 18 4
15146 24 23 5
15147 27 26 4
15148 30 29 5
15149 33 33 5
15150 21 21 5
15151 29 29 5
15152 11 10 4
15153 12 11 5
15154 17 16 4
15155 20 19 5
15156 29 29 5
15157 29 29 5
15158 31 30 6
15159 30 30 6
15160 24 24 4
15161 20 19 5
15162 21 20 4
15163 28 27 5
15164 33 33 5
15165 23 23 5
15166 29 28 6
15167 10 10 4
15168 28 27 5
15169 39 38 6
15170 30 30 6
15171 34 33 5
15172 33 32 6
15173 14 13 5
15174 19 18 4
15175 22 21 5
15176 25 24 6
15177 38 38 8
15178 16 16 4
15179 24 23 5
15180 35 34 4
15181 22 21 5
15182 25 24 4
15183 38 37 5
15184 33 32 6
15185 24 24 4
15186 26 25 5
15187 29 28 6
15188 24 24 6
15189 22 22 6
15190 22 22 8
15191 20 19 5
15192 43 42 8
15193 20 20 4
15194 16 15 5
15195 21 20 4
15196 34 33 7
15197 33 32 10
15198 20 20 4
15199 30 29 7
15200 27 26 4
15201 26 25 5
15202 15 14 6
15203 32 31 5
15204 17 16 4
15205 24 23 5
15206 27 27 5
15207 33 33 5
15208 13 13 5
15209 15 14 4
15210 16 15 5
15211 21 21 5
15212 17 17 5
15213 23 22 6
15214 26 26 6
15215 16 16 4
15216 14 13 5
15217 25 24 6
15218 14 14 4
15219 24 23 7
15220 29 28 6
15221 26 25 5
15222 11 10 4
15223 26 25 5
15224 15 14 4
15225 20 19 5
15226 25 24 4
15227 16 15 5
15228 17 17 7
15229 21 20 4
15230 22 21 5
15231 21 20 6
15232 18 18 6
15233 22 22 4
15234 32 31 5
15235 19 18 6
15236 20 20 4
15237 12 11 5
15238 13 12 4
15239 10 9 5
15240 15 14 4
15241 16 15 7
15242 25 24 6
15243 16 16 4
15244 18 17 5
15245 27 26 6
15246 24 24 6
15247 24 24 4
15248 26 25 5
15249 7 6 5
15250 21 20 6
15251 24 24 6
15252 16 16 4
15253 20 19 5
15254 13 12 4
15255 16 15 7
15256 33 32 6
15257 32 32 6
15258 14 13 5
15259 17 17 5
15260 19 18 4
15261 20 19 7
15262 23 22 4
15263 20 19 5
15264 25 25 5
15265 21 20 4
15266 28 27 5
15267 21 20 4
15268 20 19 5
15269 29 28 6
15270 22 22 4
15271 18 17 5
15272 21 20 6
15273 20 20 4
15274 18 17 5
15275 25 24 4
15276 36 35 7
15277 13 12 4
15278 12 11 5
15279 29 28 4
15280 16 15 5
15281 29 28 4
15282 18 17 5
15283 19 18 4
15284 18 17 5
15285 21 20 4
15286 30 29 5
15287 29 28 6
15288 22 22 4
15289 22 21 5
15290 31 30 4
15291 24 23 5
15292 19 18 4
15293 22 21 5
15294 27 27 5
15295 25 25 5
15296 13 12 4
15297 14 13 7
15298 19 18 4
15299 16 15 5
15300 15 15 5
15301 21 20 6
15302 28 28 6
15303 14 14 6
15304 28 28 4
15305 14 13 5
15306 25 24 6
15307 18 18 6
15308 20 20 4
15309 24 23 5
15310 15 14 4
15311 18 17 5
15312 33 32 6
15313 24 24 4
15314 26 25 5
15315 21 20 4
15316 16 15 5
15317 17 16 6
15318 16 15 5
15319 21 20 6
15320 24 24 4
15321 32 31 5
15322 19 19 5
15323 27 26 4
15324 14 13 5
15325 11 11 5
15326 9 8 4
15327 16 15 5
15328 15 15 5
15329 19 19 5
15330 17 16 4
15331 12 11 5
15332 29 28 8
15333 28 28 4
15334 14 13 5
15335 19 18 6
15336 26 25 5
15337 15 15 5
15338 17 16 6
15339 14 14 4
15340 10 9 5
15341 19 18 6
15342 18 18 6
15343 38 38 4
15344 16 15 5
15345 19 18 4
15346 32 31 5
15347 21 20 4
15348 18 17 5
15349 23 23 5
15350 29 28 6
15351 26 26 6
15352 18 18 4
15353 22 21 5
15354 17 17 5
15355 11 10 4
15356 20 19 5
15357 35 35 7
15358 15 15 5
15359 27 26 4
15360 28 27 5
15361 17 17 5
15362 17 17 5
15363 9 9 5
15364 17 16 4
15365 20 19 5
15366 17 17 5
15367 19 19 5
15368 15 14 4
15369 10 9 5
15370 21 20 6
15371 20 20 4
15372 22 21 5
15373 15 14 6
15374 16 16 4
15375 16 15 5
15376 9 8 4
15377 16 15 5
15378 27 26 4
15379 24 23 7
15380 15 14 4
15381 18 17 5
15382 21 21 7
15383 27 26 6
15384 24 24 4
15385 28 27 5
15386 29 28 6
15387 30 29 5
15388 9 8 4
15389 18 17 5
15390 27 26 6
15391 24 24 4
15392 14 13 5
15393 17 16 4
15394 24 23 5
15395 19 18 6
15396 20 19 5
15397 13 12 4
15398 10 9 5
15399 17 16 6
15400 36 36 6
15401 20 20 4
15402 30 29 5
15403 19 19 7
15404 19 18 4
15405 12 11 5
15406 27 26 4
15407 18 17 5
15408 21 20 4
15409 32 31 5
15410 15 14 4
15411 26 25 5
15412 11 10 4
15413 26 25 5
15414 9 9 5
15415 21 21 5
15416 21 20 4
15417 20 19 5
15418 17 17 5
15419 19 18 4
15420 24 23 7
15421 13 12 4
15422 18 17 5
15423 19 18 4
15424 16 15 5
15425 9 9 5
15426 23 22 6
15427 16 16 4
15428 10 9 5
15429 15 14 6
15430 22 22 6
15431 18 17 5
15432 17 16 4
15433 18 17 5
15434 15 15 5
15435 19 18 4
15436 14 13 5
15437 11 10 4
15438 14 13 5
15439 9 9 5
15440 13 13 5
15441 15 15 5
15442 11 11 5
15443 15 15 5
15444 19 18 6
15445 14 14 4
15446 20 19 5
15447 19 19 5
15448 21 20 4
15449 22 21 5
15450 17 17 5
15451 9 8 4
15452 14 13 5
15453 29 28 6
15454 40 39 5
15455 17 16 6
15456 30 30 6
15457 18 18 4
15458 16 15 5
15459 25 25 5
15460 11 10 4
15461 16 15 5
15462 19 18 6
15463 12 11 5
15464 9 9 5
15465 13 12 6
15466 18 18 6
15467 14 14 6
15468 20 20 6
15469 16 16 4
15470 22 21 5
15471 17 17 5
15472 13 12 4
15473 18 17 7
15474 17 16 4
15475 16 15 5
15476 19 19 5
15477 19 18 6
15478 28 27 5
15479 15 14 4
15480 12 11 5
15481 19 18 4
15482 30 29 5
15483 11 11 5
15484 13 13 5
15485 17 17 5
15486 23 22 6
15487 24 23 5
15488 25 25 5
15489 19 18 4
15490 24 23 5
15491 29 28 6
15492 30 30 4
15493 30 29 5
15494 25 25 5
15495 19 19 5
15496 31 30 4
15497 44 43 5
15498 45 44 4
15499 32 31 5
15500 31 31 5
15501 35 35 7
15502 29 29 5
15503 25 25 5
15504 27 26 4
15505 24 23 5
15506 39 38 6
15507 38 38 6
15508 38 38 4
15509 20 19 5
15510 35 34 4
15511 46 45 5
15512 27 26 6
15513 22 22 6
15514 18 18 4
15515 30 29 5
15516 33 33 5
15517 33 32 4
15518 48 47 5
15519 27 26 4
15520 32 31 5
15521 39 38 6
15522 30 30 6
15523 34 34 8
15524 28 27 7
15525 31 30 6
15526 42 41 9
15527 61 61 11
15528 43 43 5
15529 19 19 5
15530 27 26 4
15531 30 29 5
15532 27 26 4
15533 34 33 5
15534 31 31 7
15535 19 18 4
15536 24 23 5
15537 19 18 4
15538 42 41 7
15539 33 32 6
15540 34 34 4
15541 22 21 5
15542 23 23 5
15543 41 40 6
15544 34 34 12
15545 30 30 6
15546 34 33 5
15547 41 41 5
15548 33 33 7
15549 29 28 6
15550 30 30 6
15551 30 29 9
15552 31 31 5
15553 31 30 4
15554 14 13 5
15555 19 19 5
15556 21 20 4
15557 28 27 7
15558 21 20 4
15559 22 21 5
15560 37 36 8
15561 20 20 4
15562 30 29 5
15563 43 43 9
15564 25 24 6
15565 24 23 5
15566 35 34 4
15567 24 23 5
15568 19 19 5
15569 25 24 6
15570 34 34 4
15571 26 25 7
15572 33 32 4
15573 34 33 5
15574 27 26 6
15575 24 23 5
15576 33 33 5
15577 31 31 5
15578 41 40 10
15579 24 24 6
15580 28 28 4
15581 28 27 7
15582 35 34 6
15583 16 16 4
15584 26 25 7
15585 31 30 8
15586 26 26 4
15587 38 37 7
15588 27 26 4
15589 20 19 5
15590 29 28 6
15591 18 18 6
15592 22 21 5
15593 49 48 8
15594 30 30 6
15595 38 38 6
15596 36 36 4
15597 20 19 5
15598 15 15 5
15599 25 24 4
15600 44 43 5
15601 39 38 6
15602 44 44 8
15603 36 35 5
15604 33 32 6
15605 24 24 4
15606 38 37 5
15607 35 34 4
15608 26 25 5
15609 29 29 5
15610 19 19 5
15611 25 25 5
15612 27 26 4
15613 26 25 5
15614 37 37 5
15615 29 28 8
15616 28 27 5
15617 27 26 6
15618 20 20 4
15619 16 15 5
15620 25 24 4
15621 28 27 5
15622 31 31 5
15623 33 32 4
15624 26 25 5
15625 27 27 5
15626 33 33 5
15627 19 18 6
15628 24 24 6
15629 32 32 6
15630 28 28 6
15631 42 42 6
15632 18 18 6
15633 22 22 6
15634 28 28 4
15635 36 35 7
15636 25 24 4
15637 18 17 5
15638 25 24 4
15639 26 25 5
15640 15 14 4
15641 26 25 5
15642 23 22 6
15643 24 24 6
15644 16 16 4
15645 26 25 5
15646 15 15 5
15647 37 36 6
15648 14 14 4
15649 30 29 5
15650 27 27 5
15651 19 18 6
15652 20 20 4
15653 36 35 5
15654 23 23 5
15655 23 22 4
15656 16 15 5
15657 29 28 6
15658 16 16 4
15659 22 21 5
15660 15 14 4
15661 20 19 5
15662 21 21 5
15663 27 26 6
15664 34 34 6
15665 18 18 4
15666 30 29 5
15667 17 16 4
15668 28 27 5
15669 17 17 5
15670 15 14 4
15671 28 27 5
15672 25 24 4
15673 20 19 5
15674 21 20 4
15675 20 19 5
15676 11 11 5
15677 15 14 4
15678 24 23 5
15679 23 22 6
15680 14 14 4
15681 16 15 5
15682 15 14 4
15683 24 23 5
15684 21 20 4
15685 22 21 5
15686 23 22 6
15687 26 26 4
15688 22 21 5
15689 25 24 6
15690 22 22 4
15691 20 19 5
15692 23 23 7
15693 17 16 4
15694 20 19 5
15695 29 28 4
15696 20 19 5
15697 15 14 4
15698 24 23 5
15699 23 22 4
15700 18 17 5
15701 21 20 4
15702 14 13 5
15703 21 20 4
15704 22 21 5
15705 13 12 4
15706 18 17 5
15707 29 28 4
15708 16 15 5
15709 17 16 4
15710 24 23 5
15711 15 15 5
15712 7 6 5
15713 23 22 6
15714 18 18 4
15715 18 17 5
15716 21 21 5
15717 15 15 5
15718 23 22 4
15719 20 19 5
15720 25 24 4
15721 12 11 5
15722 15 14 6
15723 12 12 4
15724 14 13 5
15725 17 16 6
15726 26 26 6
15727 28 28 6
15728 14 14 4
15729 24 23 5
15730 31 30 4
15731 26 25 5
15732 11 10 4
15733 22 21 5
15734 15 14 4
15735 16 15 5
15736 13 13 5
15737 17 16 6
15738 16 16 6
15739 24 24 4
15740 24 23 5
15741 19 18 6
15742 10 10 4
15743 14 13 5
15744 21 20 4
15745 20 19 5
15746 19 18 6
15747 16 16 4
15748 26 25 5
15749 21 20 6
15750 16 16 6
15751 12 12 6
15752 18 18 4
15753 12 11 5
15754 17 16 6
15755 28 28 4
15756 20 19 5
15757 19 18 4
15758 20 19 5
15759 17 17 5
15760 19 18 4
15761 16 15 5
15762 17 17 5
15763 27 26 6
15764 12 12 6
15765 18 18 6
15766 12 12 4
15767 18 17 5
15768 13 13 5
15769 13 13 5
15770 17 17 5
15771 19 18 4
15772 22 21 5
15773 31 30 6
15774 8 8 4
15775 18 17 5
15776 17 16 4
15777 22 21 5
15778 9 9 5
15779 29 29 7
15780 17 16 4
15781 14 13 5
15782 21 20 4
15783 14 13 5
15784 27 26 6
15785 14 14 4
15786 18 17 5
15787 9 8 4
15788 22 21 5
15789 19 18 4
15790 12 11 5
15791 29 28 6
15792 18 18 6
15793 18 18 4
15794 14 13 5
15795 25 24 4
15796 14 13 5
15797 15 14 4
15798 18 17 5
15799 11 10 4
15800 10 9 5
15801 21 20 6
15802 14 14 4
15803 14 13 5
15804 27 27 5
15805 15 15 5
15806 27 27 5
15807 17 17 7
15808 21 20 4
15809 6 5 4
15810 28 27 5
15811 17 17 5
15812 17 16 4
15813 14 13 5
15814 19 18 4
15815 20 19 5
15816 11 10 4
15817 28 27 5
15818 25 24 6
15819 14 13 5
15820 19 18 4
15821 20 19 5
15822 11 10 4
15823 16 15 5
15824 13 13 5
15825 31 31 5
15826 15 14 6
15827 22 22 4
15828 16 15 5
15829 7 6 5
15830 23 22 6
15831 16 16 4
15832 24 23 5
15833 29 28 6
15834 32 32 6
15835 30 30 6
15836 16 16 4
15837 16 15 5
15838 19 18 4
15839 14 13 5
15840 11 11 5
15841 15 14 6
15842 16 16 6
15843 18 18 4
15844 12 11 5
15845 13 12 4
15846 14 13 5
15847 17 16 4
15848 20 19 5
15849 15 15 5
15850 11 10 4
15851 20 19 5
15852 15 14 4
15853 22 21 5
15854 13 12 4
15855 14 13 5
15856 11 10 4
15857 16 15 7
15858 15 14 4
15859 12 11 5
15860 21 20 4
15861 16 15 5
15862 19 18 6
15863 14 14 6
15864 14 14 4
15865 16 15 5
15866 23 23 5
15867 19 18 6
15868 18 18 4
15869 14 13 5
15870 23 22 6
15871 14 14 4
15872 12 11 5
15873 19 19 5
15874 11 10 4
15875 18 17 5
15876 23 22 6
15877 20 20 4
15878 26 25 5
15879 21 20 4
15880 30 29 5
15881 21 21 5
15882 25 24 4
15883 44 43 5
15884 31 31 5
15885 25 25 5
15886 27 26 4
15887 16 15 5
15888 21 20 4
15889 38 37 5
15890 33 32 6
15891 20 20 4
15892 18 17 5
15893 21 20 4
15894 26 25 5
15895 31 31 5
15896 45 45 5
15897 47 46 6
15898 44 43 5
15899 39 39 5
15900 21 21 5
15901 37 36 4
15902 36 35 5
15903 33 33 5
15904 29 28 4
15905 22 21 5
15906 23 22 4
15907 24 23 5
15908 35 34 4
15909 30 29 5
15910 35 34 4
15911 22 21 5
15912 41 41 5
15913 29 28 4
15914 28 27 5
15915 33 32 4
15916 26 25 5
15917 39 38 4
15918 38 37 5
15919 31 30 4
15920 34 33 5
15921 31 31 5
15922 17 17 5
15923 31 31 5
15924 29 28 6
15925 40 39 5
15926 35 35 9
15927 31 30 4
15928 28 27 5
15929 21 21 5
15930 25 25 5
15931 25 25 5
15932 27 27 5
15933 35 34 6
15934 28 28 6
15935 26 26 4
15936 20 19 5
15937 29 28 8
15938 30 30 6
15939 28 28 8
15940 40 39 7
15941 15 14 4
15942 24 23 5
15943 29 28 6
15944 22 22 6
15945 20 20 4
15946 38 37 7
15947 39 38 8
15948 12 12 4
15949 20 19 5
15950 19 19 5
15951 27 26 4
15952 22 21 5
15953 23 22 4
15954 26 25 9
15955 25 24 6
15956 26 26 4
15957 14 13 5
15958 23 22 4
15959 14 13 5
15960 25 24 6
15961 32 32 4
15962 20 19 5
15963 23 22 6
15964 18 18 4
15965 22 21 5
15966 21 20 4
15967 28 27 5
15968 17 16 4
15969 24 23 5
15970 19 18 6
15971 20 20 4
15972 16 15 5
15973 21 20 6
15974 26 26 4
15975 32 31 5
15976 15 14 4
15977 20 19 5
15978 17 16 6
15979 26 25 7
15980 17 16 4
15981 20 19 5
15982 13 13 5
15983 31 30 8
15984 20 20 6
15985 20 20 6
15986 22 22 8
15987 14 14 4
15988 16 15 5
15989 15 14 4
15990 20 19 5
15991 31 31 5
15992 17 17 5
15993 17 16 6
15994 22 22 6
15995 12 12 4
15996 18 17 5
15997 23 22 6
15998 18 18 4
15999 20 19 7
16000 15 15 5
16001 25 25 5
16002 15 14 4
16003 14 13 5
16004 11 11 5
16005 15 14 4
16006 18 17 5
16007 15 15 5
16008 9 9 5
16009 17 16 6
16010 14 14 6
16011 12 12 4
16012 18 17 7
16013 15 14 4
16014 26 25 5
16015 23 22 6
16016 16 16 6
16017 12 12 4
16018 18 17 5
16019 21 20 4
16020 24 23 5
16021 25 24 6
16022 24 24 6
16023 12 11 5
16024 15 15 5
16025 23 22 4
16026 18 17 5
16027 21 21 5
16028 21 20 4
16029 20 19 5
16030 27 26 4
16031 12 11 5
16032 17 17 5
16033 17 16 6
16034 18 18 4
16035 18 17 5
16036 17 16 4
16037 16 15 5
16038 25 24 4
16039 6 5 4
16040 6 5 4
16041 12 11 5
16042 15 14 6
16043 20 20 6
16044 20 20 4
16045 10 9 5
16046 17 16 6
16047 24 24 6
16048 8 8 4
16049 12 11 5
16050 21 21 7
16051 23 22 4
16052 24 23 5
16053 13 12 4
16054 18 17 5
16055 11 10 6
16056 10 10 4
16057 16 15 5
16058 11 10 4
16059 20 19 5
16060 15 15 5
16061 9 9 5
16062 13 13 5
16063 15 14 4
16064 16 15 7
16065 13 12 4
16066 18 17 5
16067 13 12 6
16068 22 22 6
16069 10 10 4
16070 10 9 5
16071 5 5 5
16072 12 11 5
16073 15 14 4
16074 18 17 5
16075 13 12 6
16076 18 18 6
16077 14 14 4
16078 10 9 5
16079 19 19 5
16080 15 15 5
16081 13 13 5
16082 15 14 4
16083 18 17 5
16084 13 13 5
16085 15 15 5
16086 17 16 6
16087 20 20 4
16088 14 13 5
16089 15 15 5
16090 21 20 6
16091 24 24 4
16092 18 17 5
16093 19 18 6
16094 18 18 4
16095 16 15 5
16096 21 20 4
16097 8 7 6
16098 18 18 6
16099 16 16 6
16100 14 13 5
16101 11 10 4
16102 14 13 5
16103 29 28 6
16104 16 16 4
16105 18 17 7
16106 19 18 4
16107 30 29 5
16108 17 16 4
16109 26 25 5
16110 13 13 5
16111 19 18 6
16112 16 16 6
16113 20 20 6
16114 22 22 4
16115 26 25 5
16116 25 24 4
16117 18 17 5
16118 25 24 4
16119 14 13 5
16120 25 24 6
16121 18 18 4
16122 16 15 5
16123 21 20 4
16124 38 37 5
16125 27 27 5
16126 17 16 4
16127 18 17 5
16128 19 18 4
16129 20 19 5
16130 27 27 5
16131 19 18 4
16132 26 25 7
16133 19 18 4
16134 26 25 5
16135 17 16 4
16136 16 15 5
16137 13 12 4
16138 24 23 5
16139 25 24 6
16140 24 24 6
16141 26 25 5
16142 11 10 4
16143 12 11 5
16144 15 14 4
16145 14 13 5
16146 25 24 4
16147 18 17 5
16148 21 20 4
16149 26 25 5
16150 25 25 5
16151 19 19 5
16152 23 23 5
16153 31 31 5
16154 17 16 4
16155 20 19 5
16156 21 20 4
16157 24 23 5
16158 15 15 5
16159 23 23 5
16160 17 16 6
16161 14 14 6
16162 20 20 4
16163 18 17 5
16164 25 25 5
16165 25 24 4
16166 20 19 5
16167 13 12 4
16168 18 17 5
16169 27 26 6
16170 20 19 5
16171 21 20 4
16172 22 21 5
16173 15 15 5
16174 13 13 5
16175 27 26 4
16176 16 15 7
16177 15 14 4
16178 28 27 5
16179 29 28 6
16180 26 26 4
16181 50 49 5
16182 19 18 4
16183 18 17 5
16184 19 19 5
16185 11 11 5
16186 15 14 4
16187 20 19 5
16188 11 10 4
16189 18 17 5
16190 21 20 4
16191 28 27 5
16192 25 25 5
16193 19 18 4
16194 16 15 5
16195 25 24 4
16196 18 17 5
16197 29 28 6
16198 20 20 4
16199 36 35 5
16200 23 23 5
16201 13 12 4
16202 20 19 5
16203 19 18 4
16204 14 13 5
16205 17 16 4
16206 22 21 5
16207 17 17 5
16208 21 20 4
16209 6 5 4
16210 20 19 5
16211 31 30 4
16212 24 23 5
16213 27 27 5
16214 23 23 5
16215 21 20 4
16216 22 21 5
16217 23 23 5
16218 23 22 4
16219 14 13 5
16220 17 17 5
16221 21 20 4
16222 26 25 5
16223 19 18 4
16224 38 37 7
16225 17 17 5
16226 15 14 4
16227 26 25 5
16228 25 25 5
16229 17 16 6
16230 18 18 4
16231 28 27 5
16232 21 20 4
16233 26 25 5
16234 15 14 4
16235 10 9 5
16236 15 14 4
16237 18 17 5
16238 43 43 9
16239 25 24 8
16240 36 36 10
16241 28 27 5
16242 29 29 9
16243 21 21 5
16244 21 20 4
16245 18 17 5
16246 29 28 6
16247 22 22 4
16248 20 19 5
16249 25 24 4
16250 22 21 5
16251 29 28 6
16252 12 12 4
16253 20 19 5
16254 19 18 6
16255 16 15 5
16256 19 18 4
16257 24 23 5
16258 31 30 8
16259 16 16 6
16260 20 19 7
16261 27 26 8
16262 22 22 6
16263 26 25 5
16264 29 29 9
16265 19 18 4
16266 20 19 5
16267 13 12 4
16268 12 11 5
16269 11 10 4
16270 30 29 5
16271 31 31 5
16272 17 17 5
16273 11 10 4
16274 20 19 5
16275 17 16 4
16276 24 23 5
16277 21 20 4
16278 18 17 5
16279 11 10 4
16280 12 11 5
16281 15 14 4
16282 16 15 5
16283 23 22 6
16284 26 25 5
16285 25 24 4
16286 30 29 5
16287 17 16 4
16288 16 15 5
16289 23 22 4
16290 16 15 5
16291 17 17 5
16292 23 23 5
16293 15 14 4
16294 28 27 5
16295 33 33 5
16296 13 12 4
16297 14 13 5
16298 15 14 4
16299 18 17 5
16300 19 19 5
16301 25 24 4
16302 14 13 5
16303 17 16 4
16304 22 21 5
16305 23 23 5
16306 15 14 4
16307 18 17 5
16308 19 18 4
16309 18 17 5
16310 27 26 8
16311 18 18 6
16312 14 14 4
16313 26 25 7
16314 17 16 4
16315 28 27 5
16316 25 25 5
16317 27 27 5
16318 25 25 5
16319 17 16 4
16320 18 17 5
16321 17 17 5
16322 15 14 4
16323 30 29 7
16324 11 10 4
16325 28 27 9
16326 21 20 4
16327 22 21 5
16328 33 32 6
16329 16 16 4
16330 24 23 5
16331 23 22 4
16332 30 29 5
16333 27 26 6
16334 30 30 6
16335 24 24 4
16336 30 29 5
16337 25 24 6
16338 36 36 6
16339 22 22 4
16340 22 21 5
16341 29 28 4
16342 32 31 5
16343 35 34 4
16344 26 25 5
16345 17 16 4
16346 36 35 5
16347 21 21 5
16348 27 26 4
16349 40 39 5
16350 19 18 4
16351 44 43 5
16352 41 40 4
16353 20 19 5
16354 19 18 4
16355 40 39 5
16356 41 40 6
16357 30 30 4
16358 18 17 5
16359 39 38 6
16360 18 18 4
16361 26 25 5
16362 19 18 4
16363 34 33 5
16364 29 29 5
16365 23 23 5
16366 15 14 4
16367 16 15 5
16368 25 24 6
16369 16 16 4
16370 18 17 7
16371 13 12 4
16372 24 23 5
16373 21 21 7
16374 21 20 4
16375 22 21 5
16376 17 16 4
16377 20 19 5
16378 23 22 6
16379 28 28 6
16380 12 12 4
16381 20 19 5
16382 17 17 5
16383 17 17 5
16384 21 20 4
16385 22 21 5
16386 13 13 5
16387 11 11 5
16388 11 10 4
16389 6 5 4
16390 20 19 7
16391 13 12 4
16392 16 15 5
16393 15 14 4
16394 20 19 7
16395 19 18 4
16396 20 19 7
16397 27 26 4
16398 16 15 5
16399 25 24 4
16400 16 15 5
16401 21 20 6
16402 20 20 4
16403 16 15 5
16404 15 14 6
16405 12 11 5
16406 17 16 4
16407 16 15 7
16408 13 12 4
16409 16 15 5
16410 21 20 4
16411 18 17 5
16412 19 18 6
16413 26 26 6
16414 24 24 4
16415 24 23 5
16416 25 25 7
16417 41 40 6
16418 24 23 5
16419 15 15 5
16420 11 10 4
16421 12 11 5
16422 15 14 4
16423 26 25 7
16424 15 14 4
16425 30 29 5
16426 23 22 6
16427 10 10 4
16428 20 19 5
16429 19 18 4
16430 20 19 5
16431 25 24 4
16432 28 27 5
16433 25 24 4
16434 14 13 5
16435 21 21 5
16436 25 24 4
16437 24 23 5
16438 19 18 4
16439 22 21 5
16440 17 17 5
16441 21 20 6
16442 14 14 6
16443 16 16 4
16444 28 27 5
16445 29 28 4
16446 20 19 5
16447 21 20 4
16448 20 19 5
16449 33 32 6
16450 24 24 4
16451 18 17 5
16452 9 9 5
16453 15 14 4
16454 18 17 5
16455 15 14 4
16456 20 19 5
16457 17 16 6
16458 14 14 4
16459 18 17 5
16460 17 17 5
16461 17 16 4
16462 18 17 5
16463 19 18 4
16464 18 17 5
16465 21 20 6
16466 14 14 4
16467 12 11 5
16468 15 15 5
16469 13 12 4
16470 16 15 5
16471 17 17 5
16472 19 18 4
16473 22 21 5
16474 15 15 5
16475 19 19 5
16476 11 10 4
16477 22 21 5
16478 13 13 5
16479 19 19 5
16480 19 18 4
16481 12 11 5
16482 5 5 5
16483 16 15 5
16484 17 16 6
16485 18 18 6
16486 18 18 4
16487 16 15 5
16488 17 16 6
16489 10 10 4
16490 20 19 5
16491 17 16 6
16492 12 12 4
16493 6 5 4
16494 20 19 7
16495 13 13 5
16496 15 14 4
16497 16 15 5
16498 11 10 4
16499 10 9 5
16500 19 18 4
16501 16 15 5
16502 15 15 5
16503 19 18 4
16504 22 21 5
16505 13 13 5
16506 13 12 4
16507 14 13 5
16508 13 12 6
16509 10 10 6
16510 14 14 4
16511 12 11 5
16512 21 20 4
16513 20 19 5
16514 15 14 4
16515 18 17 5
16516 9 9 5
16517 15 14 6
16518 18 18 4
16519 18 17 5
16520 13 13 5
16521 11 11 5
16522 13 12 4
16523 16 15 5
16524 11 11 5
16525 21 21 5
16526 19 18 6
16527 18 18 6
16528 16 16 4
16529 16 15 5
16530 15 14 6
16531 8 8 4
16532 14 13 5
16533 21 20 6
16534 28 28 4
16535 28 27 5
16536 11 10 4
16537 18 17 7
16538 11 10 4
16539 6 5 4
16540 12 11 5
16541 15 14 6
16542 14 14 4
16543 16 15 7
16544 11 10 4
16545 6 5 4
16546 10 9 5
16547 15 14 4
16548 20 19 5
16549 21 20 6
16550 20 19 5
16551 17 17 5
16552 17 16 6
16553 10 10 4
16554 14 13 5
16555 9 8 4
16556 12 11 5
16557 13 12 4
16558 26 25 5
16559 13 13 5
16560 15 14 4
16561 12 11 5
16562 13 12 4
16563 18 17 5
16564 15 14 6
16565 22 21 5
16566 21 20 4
16567 18 17 5
16568 9 8 4
16569 16 15 5
16570 13 13 5
16571 11 10 4
16572 14 13 5
16573 15 15 5
16574 31 30 4
16575 22 21 5
16576 13 13 5
16577 17 17 5
16578 15 15 5
16579 9 8 4
16580 14 13 5
16581 23 22 6
16582 36 35 5
16583 19 18 6
16584 18 18 6
16585 14 14 4
16586 12 11 5
16587 17 16 4
16588 16 15 5
16589 23 22 6
16590 22 21 5
16591 35 34 4
16592 22 21 5
16593 15 14 6
16594 10 10 4
16595 16 15 5
16596 15 14 4
16597 14 13 5
16598 19 18 6
16599 22 22 4
16600 28 27 5
16601 21 20 6
16602 22 22 4
16603 10 9 5
16604 15 14 4
16605 10 9 5
16606 31 31 5
16607 25 25 5
16608 17 16 4
16609 20 19 5
16610 15 14 6
16611 8 8 4
16612 14 13 5
16613 17 16 4
16614 22 21 5
16615 23 22 6
16616 22 22 4
16617 20 19 5
16618 17 17 5
16619 19 18 6
16620 22 22 4
16621 38 37 5
16622 41 40 4
16623 30 29 5
16624 13 12 4
16625 10 9 5
16626 11 10 4
16627 12 11 5
16628 21 20 6
16629 24 24 4
16630 36 35 5
16631 31 30 6
16632 12 12 4
16633 14 13 5
16634 11 10 4
16635 28 27 5
16636 39 39 5
16637 49 48 6
16638 34 34 4
16639 12 11 5
16640 13 12 4
16641 26 25 5
16642 27 27 5
16643 41 40 4
16644 44 43 5
16645 29 28 4
16646 24 23 5
16647 23 22 6
16648 30 30 4
16649 38 37 5
16650 35 34 4
16651 44 43 5
16652 25 25 5
16653 19 18 6
16654 12 12 4
16655 22 21 5
16656 31 30 4
16657 34 33 5
16658 27 27 7
16659 31 30 4
16660 30 29 5
16661 37 36 6
16662 22 21 5
16663 29 28 4
16664 22 21 5
16665 33 32 4
16666 26 25 5
16667 33 33 5
16668 27 26 4
16669 34 33 5
16670 27 26 4
16671 44 43 5
16672 29 28 4
16673 26 25 5
16674 49 48 6
16675 38 38 6
16676 46 45 5
16677 35 34 6
16678 32 31 5
16679 41 40 4
16680 46 45 9
16681 43 42 10
16682 62 62 6
16683 30 30 6
16684 42 41 5
16685 45 44 8
16686 46 45 5
16687 49 48 10
16688 32 32 6
16689 32 32 4
16690 32 31 5
16691 31 31 7
16692 43 42 6
16693 24 23 5
16694 29 29 5
16695 39 38 4
16696 40 39 7
16697 25 24 8
16698 40 39 5
16699 33 32 6
16700 28 28 6
16701 22 22 6
16702 30 30 6
16703 38 37 11
16704 21 20 4
16705 12 11 5
16706 43 43 13
16707 17 17 5
16708 35 34 8
16709 42 41 11
16710 27 26 6
16711 22 22 6
16712 26 26 10
16713 22 21 7
16714 35 34 4
16715 26 25 5
16716 25 25 5
16717 43 42 6
16718 28 27 5
16719 37 36 6
16720 32 31 5
16721 31 30 6
16722 26 26 6
16723 26 26 6
16724 16 16 4
16725 14 13 5
16726 23 22 6
16727 28 28 6
16728 28 28 4
16729 22 21 7
16730 31 30 6
16731 22 22 6
16732 26 25 5
16733 15 14 4
16734 36 35 7
16735 43 43 7
16736 23 23 7
16737 21 21 5
16738 19 19 5
16739 15 14 4
16740 26 25 5
16741 29 28 8
16742 24 23 5
16743 19 19 5
16744 17 17 7
16745 15 14 4
16746 18 17 5
16747 11 10 4
16748 28 27 5
16749 27 26 6
16750 18 17 5
16751 15 15 5
16752 19 18 6
16753 12 12 4
16754 26 25 5
16755 15 15 5
16756 27 26 6
16757 20 20 4
16758 10 9 5
16759 23 22 6
16760 26 26 6
16761 10 10 4
16762 16 15 5
16763 25 24 4
16764 28 27 5
16765 21 20 4
16766 20 19 5
16767 27 26 4
16768 14 13 5
16769 31 30 6
16770 24 24 4
16771 24 23 5
16772 37 36 6
16773 16 16 4
16774 18 17 5
16775 19 19 5
16776 27 27 5
16777 21 20 4
16778 38 37 5
16779 33 33 5
16780 23 22 4
16781 18 17 7
16782 19 18 4
16783 22 21 5
16784 31 30 4
16785 30 29 5
16786 23 23 5
16787 19 18 4
16788 20 19 5
16789 15 14 4
16790 30 29 5
16791 25 25 5
16792 29 29 5
16793 27 26 4
16794 32 31 5
16795 41 40 6
16796 42 41 5
16797 21 20 4
16798 20 19 5
16799 25 24 6
16800 28 28 6
16801 16 15 5
16802 13 12 4
16803 16 15 5
16804 25 24 6
16805 14 14 4
16806 24 23 5
16807 17 16 4
16808 26 25 5
16809 19 18 4
16810 22 21 5
16811 19 18 6
16812 16 16 4
16813 26 25 7
16814 19 18 4
16815 18 17 5
16816 11 10 6
16817 22 21 5
16818 15 14 4
16819 10 9 5
16820 21 20 6
16821 18 17 5
16822 23 22 6
16823 24 24 6
16824 26 26 4
16825 24 23 5
16826 15 15 5
16827 19 18 4
16828 14 13 5
16829 19 18 6
16830 20 20 4
16831 30 29 7
16832 15 14 4
16833 22 21 5
16834 17 17 5
16835 19 18 4
16836 18 17 5
16837 5 5 5
16838 20 19 5
16839 21 20 6
16840 16 16 4
16841 16 15 5
16842 13 13 5
16843 15 14 6
16844 14 14 4
16845 14 13 5
16846 19 19 5
16847 27 27 5
16848 17 17 5
16849 11 10 4
16850 24 23 5
16851 21 20 4
16852 18 17 5
16853 13 12 4
16854 24 23 5
16855 19 18 4
16856 16 15 5
16857 11 10 4
16858 18 17 7
16859 17 16 4
16860 20 19 5
16861 19 18 6
16862 20 20 4
16863 16 15 5
16864 17 17 5
16865 15 14 4
16866 30 29 7
16867 27 27 5
16868 25 25 5
16869 31 30 4
16870 20 19 5
16871 21 20 6
16872 16 16 4
16873 24 23 7
16874 21 20 4
16875 24 23 5
16876 19 18 6
16877 20 20 4
16878 22 21 5
16879 23 22 4
16880 26 25 5
16881 31 30 6
16882 30 30 6
16883 28 28 6
16884 14 14 4
16885 22 21 5
16886 29 28 6
16887 20 20 4
16888 30 29 5
16889 23 22 4
16890 22 21 5
16891 15 14 4
16892 24 23 5
16893 35 34 6
16894 30 30 4
16895 42 41 5
16896 25 24 4
16897 30 29 5
16898 27 27 5
16899 39 39 5
16900 27 26 4
16901 28 27 5
16902 23 22 4
16903 26 25 5
16904 17 16 4
16905 18 17 5
16906 41 40 6
16907 46 46 6
16908 42 42 4
16909 28 27 5
16910 19 18 4
16911 36 35 5
16912 25 24 4
16913 44 43 5
16914 21 20 4
16915 34 33 5
16916 39 39 5
16917 35 34 4
16918 30 29 5
16919 41 40 6
16920 22 22 4
16921 24 23 5
16922 21 20 4
16923 34 33 5
16924 27 26 4
16925 30 29 7
16926 31 30 4
16927 28 27 5
16928 37 36 4
16929 30 29 5
16930 35 35 5
16931 43 43 5
16932 23 22 4
16933 30 29 5
16934 17 16 4
16935 30 29 5
16936 37 37 5
16937 39 38 6
16938 28 28 6
16939 36 36 6
16940 32 32 4
16941 28 27 5
16942 45 44 6
16943 50 50 6
16944 44 44 8
16945 34 33 5
16946 25 24 4
16947 26 25 5
16948 23 22 4
16949 30 29 5
16950 37 36 6
16951 26 25 5
16952 29 28 8
16953 18 18 4
16954 30 29 5
16955 19 19 5
16956 27 27 7
16957 25 24 6
16958 30 30 6
16959 30 30 6
16960 48 47 11
16961 29 28 6
16962 28 28 4
16963 14 13 5
16964 25 24 4
16965 22 21 5
16966 23 23 5
16967 27 26 6
16968 24 24 6
16969 26 26 6
16970 20 19 5
16971 25 24 6
16972 16 16 4
16973 34 33 5
16974 21 20 6
16975 20 20 6
16976 18 18 4
16977 24 23 5
16978 23 22 4
16979 20 19 5
16980 13 12 4
16981 16 15 5
16982 17 16 4
16983 18 17 5
16984 29 28 6
16985 34 33 7
16986 17 16 8
16987 20 20 6
16988 26 26 4
16989 30 29 9
16990 17 17 5
16991 15 14 4
16992 30 29 11
16993 25 24 6
16994 16 15 5
16995 31 31 9
16996 39 38 14
16997 16 15 5
16998 15 14 4
16999 30 29 5
17000 19 19 5
17001 27 27 5
17002 29 29 5
17003 25 25 5
17004 23 22 6
17005 30 29 5
17006 25 25 7
17007 35 34 8
17008 30 29 5
17009 27 26 6
17010 24 24 8
17011 10 10 4
17012 34 33 5
17013 29 29 9
17014 29 29 5
17015 17 17 5
17016 23 23 7
17017 13 13 5
17018 27 26 6
17019 18 18 4
17020 28 27 5
17021 27 26 6
17022 20 20 4
17023 12 11 5
17024 17 17 5
17025 21 20 6
17026 28 28 4
17027 22 21 5
17028 25 24 6
17029 12 12 4
17030 16 15 5
17031 23 22 4
17032 18 17 5
17033 23 22 6
17034 28 27 5
17035 21 20 4
17036 24 23 5
17037 11 10 4
17038 24 23 5
17039 23 23 5
17040 31 30 6
17041 14 14 4
17042 24 23 5
17043 17 17 5
17044 23 22 4
17045 20 19 5
17046 23 22 4
17047 18 17 5
17048 23 22 6
17049 18 18 4
17050 14 13 5
17051 21 20 6
17052 22 22 4
17053 22 21 5
17054 15 14 6
17055 20 19 5
17056 27 27 5
17057 15 15 5
17058 13 12 4
17059 22 21 5
17060 19 18 6
17061 16 15 5
17062 17 17 7
17063 13 12 6
17064 14 14 4
17065 20 19 5
17066 27 27 5
17067 19 19 5
17068 19 18 4
17069 22 21 5
17070 15 15 5
17071 19 19 5
17072 21 20 6
17073 18 18 6
17074 12 12 4
17075 26 25 5
17076 17 16 4
17077 20 19 5
17078 25 24 4
17079 22 21 5
17080 23 23 5
17081 15 14 4
17082 20 19 5
17083 13 12 4
17084 12 11 5
17085 19 19 5
17086 11 10 4
17087 18 17 5
17088 19 18 4
17089 28 27 5
17090 19 18 4
17091 20 19 5
17092 11 11 5
17093 23 22 6
17094 20 20 6
17095 26 26 4
17096 30 29 7
17097 23 22 4
17098 16 15 5
17099 11 10 4
17100 14 13 5
17101 17 16 4
17102 10 9 5
17103 13 12 6
17104 16 15 5
17105 27 26 4
17106 12 11 5
17107 13 12 4
17108 20 19 5
17109 21 20 4
17110 16 15 5
17111 15 14 4
17112 16 15 5
17113 31 30 4
17114 24 23 5
17115 19 18 6
17116 16 16 4
17117 18 17 5
17118 15 14 4
17119 24 23 5
17120 17 17 7
17121 21 20 4
17122 12 11 5
17123 13 12 4
17124 28 27 5
17125 25 24 8
17126 46 46 8
17127 28 28 6
17128 16 15 5
17129 31 30 6
17130 12 12 4
17131 22 21 5
17132 27 26 4
17133 24 23 5
17134 21 21 5
17135 19 18 6
17136 22 22 4
17137 26 25 5
17138 15 14 6
17139 24 23 5
17140 31 30 4
17141 24 23 7
17142 23 22 4
17143 30 29 5
17144 17 16 4
17145 20 19 5
17146 31 30 6
17147 22 22 4
17148 24 23 5
17149 37 36 6
17150 30 30 6
17151 22 22 4
17152 22 21 5
17153 31 31 5
17154 27 26 6
17155 46 45 5
17156 27 26 4
17157 26 25 5
17158 23 23 5
17159 31 30 6
17160 24 24 4
17161 40 39 5
17162 27 27 5
17163 49 49 5
17164 39 38 6
17165 20 20 4
17166 24 23 5
17167 27 27 5
17168 25 24 4
17169 34 33 5
17170 41 40 4
17171 26 25 5
17172 29 28 6
17173 26 26 6
17174 24 24 4
17175 30 29 5
17176 39 38 4
17177 30 29 5
17178 31 31 5
17179 35 34 6
17180 28 28 4
17181 28 27 5
17182 43 43 5
17183 45 45 5
17184 35 34 4
17185 34 33 5
17186 31 30 4
17187 32 31 5
17188 25 25 5
17189 35 34 4
17190 50 49 7
17191 35 34 6
17192 28 28 6
17193 48 48 6
17194 48 48 4
17195 40 39 5
17196 41 40 4
17197 42 41 5
17198 39 38 6
17199 34 34 4
17200 22 21 5
17201 53 52 4
17202 24 23 5
17203 47 46 4
17204 20 19 5
17205 33 32 4
17206 46 45 7
17207 37 36 4
17208 34 33 5
17209 35 35 5
17210 59 58 6
17211 42 42 4
17212 48 47 5
17213 35 35 5
17214 27 26 4
17215 52 51 5
17216 57 56 4
17217 54 53 5
17218 29 28 4
17219 48 47 5
17220 59 58 6
17221 42 42 4
17222 56 55 5
17223 41 40 6
17224 30 30 4
17225 36 35 5
17226 29 28 4
17227 38 37 5
17228 49 49 5
17229 41 41 5
17230 55 54 4
17231 48 47 5
17232 35 35 5
17233 37 36 4
17234 46 45 5
17235 49 48 6
17236 52 52 6
17237 36 36 6
17238 42 42 4
17239 40 39 5
17240 59 58 4
17241 52 51 5
17242 43 42 4
17243 62 61 5
17244 45 44 6
17245 34 34 4
17246 42 41 5
17247 31 31 5
17248 51 50 4
17249 52 51 5
17250 37 36 4
17251 46 45 5
17252 39 38 4
17253 44 43 5
17254 47 47 5
17255 45 44 4
17256 22 21 5
17257 43 42 6
17258 36 36 4
17259 44 43 5
17260 45 45 5
17261 33 33 5
17262 45 44 6
17263 40 40 4
17264 56 55 5
17265 53 52 4
17266 58 57 5
17267 39 38 4
17268 36 35 5
17269 29 28 4
17270 40 39 5
17271 51 50 4
17272 30 29 5
17273 55 54 6
17274 48 48 4
17275 40 39 5
17276 43 43 5
17277 45 44 4
17278 30 29 5
17279 33 32 4
17280 44 43 5
17281 35 34 4
17282 32 31 5
17283 39 38 4
17284 40 39 5
17285 51 51 5
17286 39 38 4
17287 28 27 5
17288 45 44 6
17289 38 38 4
17290 40 39 5
17291 39 38 4
17292 48 47 5
17293 21 21 5
17294 35 34 4
17295 46 45 5
17296 41 41 5
17297 37 36 4
17298 64 63 7
17299 37 36 4
17300 24 23 5
17301 39 38 4
17302 44 43 5
17303 33 33 5
17304 33 32 4
17305 34 33 5
17306 45 45 5
17307 29 28 4
17308 32 31 5
17309 45 44 4
17310 36 35 5
17311 41 40 4
17312 40 39 5
17313 31 31 5
17314 17 16 4
17315 20 19 5
17316 41 41 5
17317 49 48 6
17318 40 40 6
17319 42 42 6
17320 30 30 6
17321 30 30 4
17322 38 37 5
17323 39 38 6
17324 24 24 6
17325 50 50 4
17326 28 27 5
17327 35 35 5
17328 31 30 4
17329 52 51 5
17330 21 21 5
17331 39 38 4
17332 38 37 5
17333 41 40 4
17334 46 45 5
17335 41 40 6
17336 42 42 4
17337 50 49 5
17338 43 42 4
17339 24 23 5
17340 29 29 5
17341 45 45 5
17342 25 24 6
17343 58 57 5
17344 27 26 4
17345 42 41 5
17346 27 27 5
17347 19 19 5
17348 45 44 4
17349 32 31 5
17350 39 38 4
17351 38 37 5
17352 47 47 5
17353 37 37 5
17354 35 34 4
17355 34 33 5
17356 37 36 4
17357 48 47 5
17358 41 41 5
17359 31 30 4
17360 44 43 5
17361 39 38 6
17362 40 40 4
17363 54 53 5
17364 43 43 5
17365 43 42 4
17366 36 35 5
17367 61 60 4
17368 64 63 5
17369 69 68 4
17370 40 39 5
17371 43 43 5
17372 37 36 6
17373 48 47 5
17374 55 54 4
17375 44 43 5
17376 49 49 5
17377 57 56 4
17378 36 35 5
17379 43 42 4
17380 42 41 5
17381 57 56 4
17382 36 35 5
17383 49 48 4
17384 46 45 5
17385 65 64 4
17386 48 47 5
17387 59 58 4
17388 64 63 5
17389 65 64 4
17390 72 71 5
17391 45 44 4
17392 50 49 5
17393 69 69 5
17394 39 38 6
17395 34 34 4
17396 54 53 5
17397 59 58 4
17398 42 41 5
17399 43 42 6
17400 46 46 6
17401 44 44 4
17402 50 49 5
17403 57 56 4
17404 38 37 5
17405 39 38 6
17406 42 41 5
17407 49 48 4
17408 40 39 5
17409 39 39 5
17410 29 29 5
17411 39 38 4
17412 42 41 5
17413 39 38 4
17414 54 53 7
17415 45 45 9
17416 49 48 6
17417 58 57 7
17418 43 42 6
17419 40 39 5
17420 31 31 5
17421 39 38 4
17422 36 35 5
17423 39 38 4
17424 48 47 5
17425 29 28 4
17426 38 37 5
17427 39 39 5
17428 45 45 7
17429 37 37 5
17430 55 54 4
17431 34 33 5
17432 31 30 4
17433 40 39 5
17434 27 27 5
17435 45 45 5
17436 51 50 4
17437 36 35 5
17438 29 28 4
17439 56 55 7
17440 51 50 8
17441 40 40 10
17442 28 27 5
17443 39 38 8
17444 34 34 4
17445 44 43 5
17446 29 28 4
17447 40 39 5
17448 39 38 4
17449 42 41 5
17450 35 34 6
17451 18 18 4
17452 24 23 5
17453 41 40 6
17454 50 49 5
17455 29 28 6
17456 32 32 6
17457 30 30 6
17458 40 40 6
17459 38 37 5
17460 29 29 5
17461 19 19 5
17462 29 28 6
17463 34 34 6
17464 32 32 6
17465 40 39 5
17466 31 30 4
17467 30 29 5
17468 33 32 6
17469 18 18 4
17470 32 31 5
17471 29 29 5
17472 41 40 6
17473 22 22 4
17474 34 33 5
17475 37 36 4
17476 30 29 5
17477 23 22 6
17478 36 36 6
17479 22 22 6
17480 40 39 5
17481 23 23 7
17482 29 28 6
17483 26 26 4
17484 24 23 5
17485 31 31 5
17486 25 24 6
17487 32 31 5
17488 35 34 6
17489 34 34 4
17490 14 13 5
17491 23 22 4
17492 22 21 5
17493 15 14 4
17494 32 31 5
17495 27 26 4
17496 32 31 5
17497 25 25 5
17498 13 12 4
17499 36 35 5
17500 31 31 5
17501 19 18 4
17502 34 33 7
17503 27 26 6
17504 18 18 4
17505 20 19 5
17506 23 22 4
17507 20 19 5
17508 23 22 6
17509 20 20 4
17510 18 17 5
17511 21 21 5
17512 31 30 4
17513 22 21 5
17514 19 19 5
17515 23 22 6
17516 24 24 4
17517 22 21 5
17518 19 19 5
17519 31 30 6
17520 26 26 4
17521 14 13 5
17522 23 22 4
17523 28 27 5
17524 25 25 5
17525 21 20 4
17526 32 31 5
17527 15 15 5
17528 23 22 6
17529 20 20 6
17530 34 33 5
17531 33 33 5
17532 37 36 4
17533 30 29 5
17534 17 16 4
17535 16 15 5
17536 29 29 5
17537 23 23 5
17538 23 22 4
17539 18 17 5
17540 23 23 5
17541 17 17 5
17542 27 26 6
17543 40 40 6
17544 20 20 4
17545 28 27 5
17546 19 19 5
17547 23 22 4
17548 18 17 5
17549 15 14 4
17550 36 35 5
17551 19 18 4
17552 22 21 5
17553 19 18 4
17554 30 29 5
17555 19 19 5
17556 19 18 4
17557 30 29 5
17558 41 41 5
17559 23 22 4
17560 36 35 5
17561 19 19 5
17562 21 21 5
17563 41 40 4
17564 40 39 5
17565 19 18 4
17566 16 15 5
17567 19 18 6
17568 20 20 4
17569 28 27 5
17570 23 23 5
17571 21 20 4
17572 18 17 5
17573 31 30 4
17574 20 19 5
17575 25 25 5
17576 23 23 5
17577 39 39 5
17578 25 24 6
17579 26 26 4
17580 38 37 5
17581 31 30 6
17582 60 60 8
17583 44 44 4
17584 50 49 7
17585 43 42 6
17586 28 27 5
17587 29 28 6
17588 54 54 6
17589 72 72 6
17590 66 66 4
17591 54 53 5
17592 53 53 5
17593 57 57 5
17594 63 62 4
17595 62 61 5
17596 49 49 5
17597 59 59 5
17598 41 41 5
17599 37 36 4
17600 54 53 5
17601 39 39 5
17602 19 19 5
17603 35 35 5
17604 25 24 4
17605 38 37 5
17606 21 20 6
17607 28 28 4
17608 20 19 5
17609 23 23 5
17610 27 26 6
17611 34 33 5
17612 25 24 4
17613 22 21 5
17614 13 13 5
17615 21 20 4
17616 30 29 5
17617 17 16 4
17618 22 21 5
17619 31 30 6
17620 14 13 5
17621 21 20 6
17622 30 30 6
17623 18 18 4
17624 44 43 5
17625 17 17 5
17626 13 12 4
17627 32 31 5
17628 23 22 4
17629 16 15 5
17630 25 24 6
17631 30 30 4
17632 28 27 5
17633 27 26 6
17634 20 20 6
17635 20 20 4
17636 30 29 5
17637 31 31 5
17638 35 34 6
17639 34 33 5
17640 21 21 5
17641 21 20 6
17642 26 26 6
17643 16 16 4
17644 24 23 5
17645 17 17 5
17646 27 26 4
17647 14 13 5
17648 23 23 5
17649 43 42 6
17650 28 28 4
17651 20 19 5
17652 21 20 4
17653 28 27 5
17654 13 12 4
17655 34 33 7
17656 29 28 6
17657 28 28 4
17658 14 13 5
17659 35 34 6
17660 20 20 6
17661 24 23 5
17662 29 29 5
17663 25 24 4
17664 26 25 5
17665 23 22 4
17666 18 17 5
17667 33 32 6
17668 28 28 4
17669 24 23 7
17670 17 16 4
17671 38 37 5
17672 53 52 4
17673 40 39 5
17674 21 20 6
17675 64 63 5
17676 45 44 6
17677 54 54 6
17678 36 35 5
17679 27 26 6
17680 34 34 4
17681 42 41 5
17682 47 47 5
17683 37 37 5
17684 35 34 4
17685 24 23 5
17686 37 36 4
17687 34 33 5
17688 41 40 4
17689 44 43 7
17690 25 24 4
17691 30 29 5
17692 35 34 6
17693 28 27 5
17694 39 39 7
17695 51 51 5
17696 47 46 4
17697 44 43 5
17698 35 34 6
17699 26 26 4
17700 32 31 5
17701 33 33 5
17702 47 46 4
17703 34 33 5
17704 39 38 4
17705 32 31 5
17706 39 38 6
17707 28 28 4
17708 30 29 5
17709 43 42 6
17710 36 36 4
17711 28 27 5
17712 45 45 5
17713 27 26 4
17714 34 33 5
17715 35 34 6
17716 22 22 4
17717 28 27 7
17718 35 34 6
17719 38 38 6
17720 36 36 4
17721 44 43 5
17722 35 34 4
17723 42 41 5
17724 41 40 4
17725 36 35 5
17726 57 56 6
17727 28 28 4
17728 42 41 5
17729 27 26 6
17730 32 32 4
17731 40 39 5
17732 25 25 5
17733 17 16 4
17734 36 35 5
17735 65 64 4
17736 30 29 5
17737 39 39 5
17738 45 44 4
17739 28 27 5
17740 25 24 4
17741 38 37 5
17742 33 33 5
17743 49 49 5
17744 39 38 6
17745 26 25 5
17746 23 23 5
17747 43 43 7
17748 27 26 6
17749 34 34 6
17750 30 30 4
17751 42 41 7
17752 25 25 7
17753 23 22 4
17754 36 35 5
17755 47 46 4
17756 28 27 5
17757 25 25 5
17758 39 38 4
17759 32 31 5
17760 37 36 4
17761 42 41 5
17762 23 23 5
17763 35 35 5
17764 31 30 4
17765 28 27 5
17766 33 32 4
17767 38 37 5
17768 27 26 4
17769 34 33 5
17770 31 30 6
17771 34 34 4
17772 26 25 5
17773 23 22 6
17774 36 35 5
17775 27 26 4
17776 42 41 5
17777 33 32 6
17778 28 27 5
17779 33 32 4
17780 28 27 5
17781 25 24 6
17782 28 28 4
17783 22 21 5
17784 37 36 6
17785 34 33 5
17786 23 22 4
17787 40 39 5
17788 15 15 5
17789 31 30 4
17790 36 35 5
17791 37 36 6
17792 28 28 4
17793 44 43 5
17794 37 36 6
17795 38 38 6
17796 30 29 5
17797 15 15 5
17798 25 24 6
17799 32 31 5
17800 29 28 4
17801 34 33 5
17802 35 35 5
17803 27 27 5
17804 23 23 5
17805 25 25 5
17806 21 20 4
17807 30 29 5
17808 25 25 5
17809 33 32 6
17810 24 24 4
17811 28 27 5
17812 23 23 5
17813 25 24 6
17814 22 21 5
17815 19 19 5
17816 29 28 6
17817 42 41 7
17818 35 34 6
17819 28 28 8
17820 32 32 6
17821 36 35 7
17822 37 37 5
17823 33 32 6
17824 30 30 6
17825 32 31 5
17826 33 32 4
17827 24 23 5
17828 25 25 5
17829 27 26 4
17830 20 19 5
17831 29 29 5
17832 41 40 6
17833 28 28 4
17834 24 23 5
17835 29 28 4
17836 30 29 5
17837 17 17 5
17838 19 18 6
17839 24 24 4
17840 26 25 7
17841 21 20 4
17842 28 27 5
17843 27 26 6
17844 24 24 4
17845 26 25 7
17846 25 24 6
17847 24 24 6
17848 18 18 4
17849 30 29 5
17850 27 27 5
17851 25 24 6
17852 30 29 7
17853 21 20 6
17854 36 36 8
17855 16 16 6
17856 20 20 6
17857 22 22 6
17858 16 16 4
17859 24 23 7
17860 27 26 6
17861 26 26 6
17862 18 18 4
17863 26 25 5
17864 23 22 4
17865 20 19 5
17866 27 26 6
17867 20 19 5
17868 27 27 5
17869 33 32 6
17870 16 16 4
17871 22 21 5
17872 21 20 6
17873 26 26 6
17874 26 26 6
17875 14 14 4
17876 22 21 5
17877 17 16 4
17878 22 21 5
17879 13 12 4
17880 16 15 5
17881 15 14 4
17882 24 23 5
17883 21 21 5
17884 19 19 7
17885 15 14 4
17886 28 27 5
17887 31 30 6
17888 18 17 5
17889 13 13 5
17890 19 18 4
17891 26 25 5
17892 9 8 4
17893 22 21 5
17894 23 23 5
17895 21 20 4
17896 20 19 5
17897 21 20 4
17898 22 21 5
17899 17 17 5
17900 17 16 4
17901 18 17 5
17902 23 22 4
17903 16 15 5
17904 25 24 4
17905 14 13 5
17906 23 22 4
17907 24 23 7
17908 29 28 4
17909 32 31 5
17910 21 20 4
17911 20 19 5
17912 19 18 4
17913 30 29 5
17914 29 29 5
17915 13 12 4
17916 22 21 5
17917 19 19 5
17918 25 25 5
17919 27 26 6
17920 28 28 6
17921 22 22 4
17922 14 13 5
17923 25 24 8
17924 38 38 6
17925 40 40 6
17926 30 30 4
17927 22 21 5
17928 19 18 6
17929 32 32 4
17930 26 25 5
17931 25 24 4
17932 34 33 5
17933 23 23 5
17934 17 16 4
17935 38 37 7
17936 33 32 4
17937 42 41 5
17938 27 26 4
17939 14 13 5
17940 33 32 4
17941 26 25 5
17942 13 13 5
17943 25 24 6
17944 22 22 4
17945 28 27 5
17946 41 41 5
17947 29 29 5
17948 29 29 5
17949 37 36 6
17950 20 20 4
17951 26 25 7
17952 33 32 4
17953 28 27 5
17954 25 25 5
17955 23 23 5
17956 15 14 4
17957 36 35 5
17958 35 35 5
17959 33 32 6
17960 20 19 5
17961 35 34 4
17962 28 27 5
17963 25 24 4
17964 38 37 5
17965 19 18 4
17966 30 29 5
17967 19 18 6
17968 26 26 4
17969 12 11 5
17970 19 18 4
17971 24 23 5
17972 27 27 5
17973 27 26 4
17974 16 15 5
17975 21 21 5
17976 21 20 6
17977 24 24 4
17978 30 29 5
17979 23 23 5
17980 21 20 4
17981 36 35 5
17982 27 26 4
17983 20 19 5
17984 19 18 4
17985 32 31 5
17986 33 32 6
17987 18 17 5
17988 37 36 6
17989 18 18 4
17990 32 31 5
17991 27 27 5
17992 17 16 6
17993 20 20 4
17994 28 27 5
17995 23 22 6
17996 22 22 4
17997 26 25 5
17998 19 18 4
17999 22 21 5
18000 21 20 6
18001 40 39 5
18002 23 23 5
18003 23 22 4
18004 32 31 5
18005 21 20 4
18006 28 27 5
18007 25 24 8
18008 26 26 4
18009 28 27 5
18010 19 19 7
18011 23 22 6
18012 26 25 5
18013 29 28 4
18014 26 25 5
18015 23 23 5
18016 35 34 6
18017 24 24 6
18018 20 19 5
18019 45 44 6
18020 20 20 4
18021 44 43 5
18022 33 32 4
18023 18 17 5
18024 29 28 6
18025 24 23 5
18026 35 34 6
18027 36 36 4
18028 26 25 5
18029 23 22 4
18030 34 33 7
18031 31 30 4
18032 28 27 5
18033 21 20 4
18034 14 13 5
18035 23 22 4
18036 28 27 7
18037 23 22 4
18038 20 19 5
18039 17 16 4
18040 22 21 5
18041 31 30 6
18042 26 25 5
18043 15 15 5
18044 15 14 4
18045 16 15 5
18046 23 23 7
18047 23 22 6
18048 26 26 6
18049 26 26 4
18050 24 23 5
18051 21 20 6
18052 16 16 6
18053 24 24 6
18054 18 18 4
18055 24 23 5
18056 23 23 5
18057 25 25 5
18058 15 15 5
18059 15 14 4
18060 14 13 5
18061 17 17 5
18062 19 19 5
18063 25 24 6
18064 34 34 4
18065 26 25 5
18066 19 19 7
18067 17 16 6
18068 16 16 4
18069 32 31 5
18070 21 21 5
18071 21 20 6
18072 20 19 5
18073 13 12 4
18074 18 17 5
18075 23 22 6
18076 26 26 4
18077 32 31 5
18078 39 38 6
18079 32 32 4
18080 22 21 7
18081 31 30 6
18082 24 23 5
18083 21 21 5
18084 31 31 5
18085 23 23 5
18086 21 21 5
18087 23 22 6
18088 18 18 4
18089 24 23 7
18090 17 16 4
18091 20 19 5
18092 33 32 4
18093 28 27 5
18094 25 25 5
18095 25 25 5
18096 27 27 5
18097 29 28 6
18098 36 36 6
18099 30 30 6
18100 20 20 6
18101 34 33 5
18102 13 12 6
18103 32 32 6
18104 24 24 6
18105 16 16 4
18106 16 15 5
18107 29 28 4
18108 28 27 5
18109 35 34 6
18110 32 32 6
18111 22 22 4
18112 26 25 5
18113 15 15 7
18114 25 24 4
18115 18 17 5
18116 15 15 5
18117 33 33 7
18118 15 15 5
18119 29 28 8
18120 8 8 4
18121 18 17 5
18122 17 16 4
18123 10 9 5
18124 29 28 4
18125 14 13 5
18126 27 26 6
18127 12 11 5
18128 31 31 5
18129 19 19 5
18130 23 22 4
18131 18 17 5
18132 29 28 6
18133 14 14 4
18134 22 21 5
18135 19 19 5
18136 23 22 4
18137 28 27 5
18138 19 18 6
18139 20 20 4
18140 24 23 5
18141 21 20 4
18142 20 19 5
18143 21 20 6
18144 18 18 4
18145 20 19 5
18146 17 16 4
18147 20 19 5
18148 23 23 5
18149 27 27 5
18150 27 26 4
18151 28 27 5
18152 23 23 5
18153 37 36 6
18154 34 34 4
18155 16 15 5
18156 27 26 6
18157 34 34 4
18158 24 23 5
18159 19 19 5
18160 21 20 4
18161 30 29 5
18162 47 46 4
18163 64 63 5
18164 55 55 5
18165 29 28 4
18166 26 25 5
18167 39 38 6
18168 60 60 6
18169 46 46 4
18170 28 27 5
18171 23 22 6
18172 22 22 4
18173 38 37 5
18174 39 38 4
18175 52 51 5
18176 45 44 4
18177 50 49 5
18178 45 44 4
18179 36 35 5
18180 37 36 4
18181 34 33 5
18182 53 52 6
18183 48 48 4
18184 46 45 5
18185 43 42 4
18186 34 33 5
18187 47 46 6
18188 28 28 4
18189 42 41 5
18190 49 48 6
18191 50 50 6
18192 34 34 4
18193 26 25 5
18194 29 28 6
18195 30 30 4
18196 46 45 5
18197 45 44 4
18198 28 27 5
18199 33 32 6
18200 32 32 4
18201 20 19 5
18202 35 34 4
18203 36 35 5
18204 37 36 4
18205 42 41 5
18206 37 36 6
18207 26 25 5
18208 21 21 5
18209 29 28 6
18210 48 48 8
18211 50 50 6
18212 28 28 10
18213 30 30 10
18214 60 60 6
18215 26 26 6
18216 44 43 5
18217 43 43 13
18218 29 29 5
18219 31 30 4
18220 38 37 5
18221 41 40 4
18222 20 19 5
18223 37 37 5
18224 31 31 9
18225 39 38 8
18226 14 14 4
18227 24 23 7
18228 43 43 9
18229 33 32 4
18230 38 37 5
18231 31 30 4
18232 26 25 7
18233 21 20 4
18234 42 41 7
18235 35 34 6
18236 36 35 11
18237 23 23 9
18238 31 30 14
18239 22 21 5
18240 31 31 7
18241 29 29 7
18242 39 39 7
18243 29 28 6
18244 40 39 9
18245 31 30 6
18246 28 28 4
18247 46 45 11
18248 25 25 5
18249 31 30 8
18250 34 33 11
18251 17 16 6
18252 34 34 8
18253 18 18 6
18254 30 30 8
18255 42 41 9
18256 23 23 5
18257 39 39 11
18258 33 32 4
18259 32 31 5
18260 49 48 10
18261 12 12 4
18262 34 33 7
18263 27 26 6
18264 22 22 8
18265 36 35 9
18266 53 53 13
18267 25 25 5
18268 21 20 6
18269 34 33 9
18270 45 45 13
18271 29 29 7
18272 35 35 5
18273 29 28 8
18274 30 29 5
18275 13 13 5
18276 33 32 6
18277 20 20 6
18278 24 23 7
18279 33 32 12
18280 22 22 10
18281 24 24 4
18282 32 31 5
18283 43 42 10
18284 18 18 4
18285 22 21 5
18286 39 38 8
18287 26 26 6
18288 28 28 4
18289 26 25 7
18290 25 24 8
18291 30 30 4
18292 20 19 7
18293 23 23 5
18294 19 19 5
18295 29 28 8
18296 24 24 4
18297 18 17 5
18298 25 24 4
18299 18 17 5
18300 33 32 4
18301 28 27 7
18302 11 11 5
18303 21 20 4
18304 32 31 5
18305 19 18 4
18306 30 29 5
18307 23 22 4
18308 24 23 5
18309 17 16 6
18310 36 35 9
18311 33 32 6
18312 30 29 7
18313 19 18 4
18314 22 21 5
18315 21 20 4
18316 28 27 5
18317 17 17 5
18318 31 31 5
18319 19 19 5
18320 29 28 6
18321 14 14 4
18322 20 19 5
18323 19 18 4
18324 20 19 7
18325 15 14 4
18326 22 21 5
18327 17 16 4
18328 38 37 5
18329 29 28 6
18330 34 34 4
18331 28 27 5
18332 25 24 6
18333 20 20 4
18334 20 19 5
18335 23 22 4
18336 22 21 5
18337 23 23 5
18338 35 34 6
18339 30 30 6
18340 24 24 4
18341 18 17 5
18342 27 26 6
18343 24 24 4
18344 28 27 5
18345 21 21 5
18346 37 36 6
18347 24 24 6
18348 14 14 4
18349 22 21 5
18350 23 22 4
18351 30 29 5
18352 29 28 6
18353 46 46 4
18354 30 29 5
18355 19 18 6
18356 34 34 6
18357 16 16 4
18358 30 29 7
18359 39 38 6
18360 32 32 6
18361 18 18 4
18362 42 41 7
18363 17 16 4
18364 20 19 5
18365 17 16 4
18366 46 45 5
18367 35 35 7
18368 17 17 5
18369 19 18 4
18370 24 23 5
18371 31 30 6
18372 30 30 8
18373 18 18 6
18374 16 16 4
18375 28 27 5
18376 19 18 6
18377 20 20 4
18378 24 23 5
18379 27 26 4
18380 22 21 5
18381 21 21 5
18382 15 14 4
18383 12 11 5
18384 29 28 6
18385 18 18 4
18386 12 11 5
18387 23 22 6
18388 26 26 6
18389 20 19 5
18390 19 18 4
18391 14 13 5
18392 29 28 4
18393 18 17 5
18394 23 22 4
18395 18 17 5
18396 15 14 6
18397 34 34 4
18398 20 19 5
18399 11 11 5
18400 15 14 4
18401 14 13 5
18402 23 23 5
18403 23 23 5
18404 17 16 6
18405 22 22 4
18406 32 31 5
18407 13 12 4
18408 18 17 5
18409 19 18 6
18410 14 13 5
18411 33 32 6
18412 10 10 4
18413 20 19 5
18414 15 14 4
18415 16 15 5
18416 17 16 4
18417 20 19 5
18418 15 15 5
18419 11 10 4
18420 18 17 7
18421 17 16 6
18422 16 16 4
18423 12 11 5
18424 19 18 6
18425 28 28 4
18426 16 15 5
18427 15 14 6
18428 26 26 4
18429 26 25 5
18430 19 18 4
18431 32 31 5
18432 15 14 4
18433 12 11 5
18434 11 10 4
18435 14 13 5
18436 13 12 4
18437 14 13 5
18438 21 20 6
18439 20 20 4
18440 12 11 5
18441 19 18 4
18442 14 13 5
18443 15 14 4
18444 12 11 5
18445 15 14 4
18446 14 13 5
18447 17 16 6
18448 16 16 6
18449 20 20 6
18450 16 16 6
18451 18 18 6
18452 18 18 6
18453 18 18 4
18454 20 19 5
18455 11 11 5
18456 9 9 5
18457 15 14 6
18458 8 8 4
18459 28 27 7
18460 19 18 6
18461 12 12 4
18462 26 25 5
18463 21 21 5
18464 27 27 5
18465 23 22 6
18466 14 13 5
18467 13 12 4
18468 16 15 5
18469 27 26 6
18470 20 20 4
18471 26 25 5
18472 25 24 6
18473 16 15 5
18474 23 22 4
18475 20 19 5
18476 33 32 6
18477 18 17 5
18478 9 8 4
18479 20 19 5
18480 19 18 4
18481 16 15 5
18482 21 20 6
18483 20 20 6
18484 32 31 5
18485 15 15 5
18486 19 18 6
18487 10 10 4
18488 18 17 5
18489 19 18 4
18490 26 25 5
18491 29 29 5
18492 29 28 4
18493 16 15 5
18494 21 21 5
18495 27 26 6
18496 12 11 5
18497 17 16 4
18498 20 19 7
18499 25 24 4
18500 18 17 5
18501 23 22 6
18502 28 28 6
18503 20 20 6
18504 28 28 4
18505 20 19 5
18506 25 24 4
18507 14 13 5
18508 21 20 4
18509 22 21 7
18510 23 23 5
18511 37 36 4
18512 38 37 5
18513 19 18 6
18514 24 24 4
18515 24 23 5
18516 17 16 4
18517 22 21 5
18518 29 29 5
18519 23 22 6
18520 40 39 7
18521 35 35 9
18522 33 32 4
18523 34 33 5
18524 35 34 6
18525 34 34 6
18526 28 28 6
18527 32 32 4
18528 22 21 5
18529 31 30 4
18530 24 23 5
18531 21 20 4
18532 28 27 5
18533 31 30 4
18534 32 31 5
18535 35 34 6
18536 26 26 4
18537 26 25 5
18538 19 18 4
18539 24 23 5
18540 21 20 4
18541 32 31 5
18542 25 24 4
18543 18 17 5
18544 19 18 4
18545 36 35 5
18546 23 22 4
18547 28 27 5
18548 41 40 6
18549 28 28 6
18550 16 16 4
18551 30 29 5
18552 21 21 5
18553 19 19 5
18554 21 20 4
18555 34 33 5
18556 27 26 6
18557 20 20 6
18558 22 22 4
18559 30 29 5
18560 19 19 5
18561 35 34 4
18562 26 25 7
18563 23 22 4
18564 24 23 7
18565 33 33 9
18566 29 28 8
18567 42 42 8
18568 14 14 6
18569 36 36 4
18570 32 31 9
18571 15 14 6
18572 30 30 10
18573 18 17 5
18574 39 38 8
18575 30 30 8
18576 30 30 6
18577 26 25 5
18578 21 20 4
18579 30 29 5
18580 15 15 5
18581 23 22 6
18582 14 14 4
18583 20 19 5
18584 27 27 5
18585 33 33 5
18586 21 20 6
18587 22 22 4
18588 22 21 5
18589 27 26 6
18590 16 16 4
18591 22 21 7
18592 13 12 6
18593 28 28 8
18594 18 17 5
18595 13 12 6
18596 10 10 4
18597 26 25 5
18598 37 37 7
18599 33 33 9
18600 15 15 5
18601 17 17 7
18602 17 16 4
18603 28 27 5
18604 17 17 5
18605 27 27 7
18606 21 20 8
18607 16 16 4
18608 24 23 5
18609 27 27 5
18610 29 29 5
18611 29 29 5
18612 13 13 5
18613 19 18 6
18614 12 12 4
18615 22 21 5
18616 19 18 4
18617 26 25 5
18618 15 14 6
18619 16 16 4
18620 24 23 5
18621 29 28 6
18622 20 19 5
18623 19 19 5
18624 9 8 4
18625 18 17 5
18626 15 14 4
18627 22 21 5
18628 25 24 4
18629 22 21 7
18630 19 18 4
18631 20 19 7
18632 15 15 5
18633 21 20 4
18634 18 17 5
18635 23 22 6
18636 26 26 6
18637 14 14 6
18638 16 16 4
18639 14 13 5
18640 17 16 6
18641 20 20 4
18642 18 17 5
18643 17 16 4
18644 20 19 5
18645 13 12 4
18646 18 17 5
18647 15 14 4
18648 32 31 7
18649 25 24 6
18650 20 20 6
18651 20 20 6
18652 24 24 6
18653 12 11 5
18654 17 16 6
18655 18 18 4
18656 14 13 5
18657 21 20 6
18658 26 26 6
18659 22 22 4
18660 22 21 5
18661 13 12 4
18662 26 25 5
18663 23 22 6
18664 18 18 6
18665 20 20 6
18666 20 20 4
18667 20 19 5
18668 11 11 5
18669 15 14 4
18670 18 17 5
18671 19 18 6
18672 10 10 6
18673 16 16 4
18674 10 9 5
18675 21 20 4
18676 24 23 7
18677 11 11 5
18678 11 10 4
18679 10 9 5
18680 17 16 6
18681 16 16 6
18682 24 23 5
18683 15 14 4
18684 12 11 5
18685 15 14 4
18686 14 13 5
18687 13 13 5
18688 17 16 4
18689 14 13 5
18690 13 13 5
18691 21 21 5
18692 15 14 4
18693 18 17 5
18694 15 14 6
18695 18 18 6
18696 20 20 4
18697 26 25 5
18698 15 15 5
18699 9 9 5
18700 17 16 4
18701 16 15 5
18702 25 25 5
18703 21 21 5
18704 17 16 4
18705 14 13 5
18706 21 21 5
18707 15 15 5
18708 15 15 5
18709 19 18 6
18710 14 14 6
18711 18 18 4
18712 16 15 5
18713 23 22 4
18714 18 17 5
18715 17 16 4
18716 16 15 5
18717 21 20 6
18718 28 28 6
18719 14 14 4
18720 30 29 5
18721 15 14 6
18722 8 8 4
18723 22 21 5
18724 5 5 5
18725 24 23 5
18726 23 22 6
18727 20 19 5
18728 15 14 4
18729 16 15 5
18730 11 11 5
18731 21 20 6
18732 16 15 5
18733 21 20 4
18734 22 21 7
18735 21 20 4
18736 24 23 5
18737 15 15 7
18738 21 20 4
18739 22 21 7
18740 9 8 4
18741 18 17 5
18742 23 22 6
18743 18 18 6
18744 16 16 4
18745 18 17 5
18746 25 25 5
18747 25 24 4
18748 12 11 5
18749 23 22 6
18750 18 18 6
18751 14 14 4
18752 14 13 5
18753 9 9 5
18754 13 12 4
18755 18 17 5
18756 21 20 6
18757 30 29 5
18758 13 13 5
18759 13 12 4
18760 18 17 7
18761 17 16 6
18762 10 10 4
18763 20 19 7
18764 15 14 6
18765 20 20 4
18766 14 13 5
18767 11 10 4
18768 18 17 7
18769 9 8 4
18770 18 17 5
18771 9 8 4
18772 16 15 7
18773 15 14 6
18774 16 16 4
18775 18 17 5
18776 9 9 5
18777 15 14 4
18778 12 11 5
18779 21 20 4
18780 6 5 4
18781 20 19 7
18782 15 15 5
18783 17 16 4
18784 16 15 5
18785 17 16 4
18786 10 9 5
18787 21 20 6
18788 30 30 4
18789 24 23 5
18790 19 18 4
18791 18 17 5
18792 15 14 6
18793 16 16 4
18794 22 21 5
18795 21 20 6
18796 20 20 4
18797 24 23 5
18798 15 14 4
18799 14 13 5
18800 21 20 6
18801 14 14 4
18802 18 17 5
18803 31 31 5
18804 27 27 5
18805 29 28 4
18806 34 33 5
18807 15 14 4
18808 18 17 5
18809 19 18 4
18810 22 21 5
18811 31 30 6
18812 22 21 5
18813 11 10 4
18814 20 19 5
18815 19 19 5
18816 25 24 4
18817 26 25 5
18818 35 34 6
18819 22 22 4
18820 12 11 5
18821 31 30 4
18822 40 39 5
18823 43 42 4
18824 38 37 5
18825 25 24 4
18826 22 21 5
18827 31 30 4
18828 18 17 5
18829 23 22 4
18830 30 29 5
18831 35 34 4
18832 40 39 5
18833 37 36 6
18834 10 10 4
18835 24 23 5
18836 35 34 4
18837 68 67 5
18838 33 32 4
18839 28 27 5
18840 37 36 4
18841 22 21 5
18842 37 37 5
18843 33 32 6
18844 32 32 6
18845 34 34 6
18846 18 18 4
18847 28 27 5
18848 33 33 5
18849 23 22 4
18850 36 35 5
18851 13 13 5
18852 15 14 4
18853 26 25 5
18854 25 24 4
18855 32 31 5
18856 35 34 4
18857 28 27 7
18858 35 34 6
18859 22 22 6
18860 24 24 6
18861 28 27 5
18862 21 20 4
18863 26 25 5
18864 27 27 5
18865 29 28 6
18866 28 28 8
18867 16 15 5
18868 31 30 6
18869 24 24 6
18870 26 25 5
18871 17 16 4
18872 32 31 5
18873 17 17 5
18874 15 15 5
18875 23 22 8
18876 20 20 6
18877 32 32 6
18878 28 28 4
18879 12 11 5
18880 23 22 4
18881 36 35 7
18882 21 20 8
18883 22 21 7
18884 35 35 9
18885 19 18 4
18886 42 41 9
18887 25 24 6
18888 20 19 9
18889 21 20 6
18890 16 16 4
18891 24 23 11
18892 17 17 5
18893 27 26 4
18894 22 21 7
18895 27 26 6
18896 18 17 7
18897 21 20 6
18898 30 30 8
18899 36 35 11
18900 29 28 8
18901 32 31 5
18902 33 32 6
18903 22 22 8
18904 30 30 10
18905 18 18 4
18906 32 31 9
18907 19 18 6
18908 26 26 4
18909 32 31 9
18910 23 23 7
18911 25 24 8
18912 12 12 4
18913 32 31 5
18914 33 33 5
18915 35 35 7
18916 23 22 4
18917 22 21 5
18918 19 18 6
18919 24 24 6
18920 36 36 8
18921 20 20 6
18922 32 32 8
18923 30 29 5
18924 15 14 6
18925 20 20 6
18926 22 21 7
18927 19 19 5
18928 15 15 5
18929 39 39 7
18930 29 28 6
18931 14 13 5
18932 25 25 11
18933 25 25 5
18934 13 13 5
18935 11 11 5
18936 19 18 4
18937 22 21 5
18938 37 36 4
18939 22 21 5
18940 15 15 5
18941 23 23 7
18942 15 14 4
18943 24 23 9
18944 23 22 4
18945 10 9 5
18946 19 18 4
18947 24 23 9
18948 21 20 6
18949 12 12 4
18950 20 19 5
18951 11 11 5
18952 13 13 5
18953 17 16 4
18954 16 15 5
18955 13 12 4
18956 16 15 7
18957 17 16 4
18958 24 23 5
18959 25 25 5
18960 25 24 4
18961 10 9 5
18962 9 8 4
18963 18 17 5
18964 21 20 6
18965 20 20 4
18966 14 13 5
18967 13 12 6
18968 20 20 6
18969 14 14 4
18970 18 17 5
18971 19 18 6
18972 14 13 5
18973 21 20 6
18974 20 20 6
18975 16 16 4
18976 20 19 5
18977 21 20 4
18978 14 13 5
18979 27 27 5
18980 11 11 5
18981 15 15 5
18982 15 14 6
18983 28 28 8
18984 14 14 4
18985 18 17 5
18986 17 16 4
18987 12 11 5
18988 23 22 6
18989 26 26 8
18990 24 23 5
18991 23 23 5
18992 15 15 5
18993 15 14 4
18994 12 11 5
18995 23 22 6
18996 14 14 6
18997 26 26 6
18998 20 20 6
18999 16 16 4
19000 16 15 5
19001 21 21 7
19002 29 28 6
19003 44 44 6
19004 24 23 5
19005 11 10 4
19006 12 11 5
19007 13 12 6
19008 14 14 6
19009 32 32 6
19010 24 23 5
19011 19 19 5
19012 27 26 6
19013 30 29 5
19014 17 16 4
19015 14 13 5
19016 19 18 6
19017 26 26 4
19018 28 27 5
19019 21 21 5
19020 21 21 5
19021 17 16 4
19022 24 23 5
19023 11 11 5
19024 19 18 4
19025 18 17 5
19026 25 24 6
19027 14 14 6
19028 24 24 6
19029 12 12 4
19030 16 15 5
19031 25 24 4
19032 20 19 5
19033 17 16 6
19034 24 24 4
19035 20 19 5
19036 15 15 5
19037 11 10 6
19038 18 18 6
19039 14 14 4
19040 20 19 5
19041 23 22 4
19042 24 23 5
19043 9 8 4
19044 20 19 5
19045 19 18 6
19046 24 24 4
19047 22 21 5
19048 17 16 4
19049 24 23 7
19050 17 16 6
19051 18 18 4
19052 26 25 7
19053 17 16 4
19054 30 29 5
19055 11 10 4
19056 22 21 5
19057 15 14 4
19058 16 15 5
19059 27 26 6
19060 14 14 4
19061 26 25 5
19062 11 11 5
19063 21 20 6
19064 24 23 5
19065 15 14 4
19066 18 17 5
19067 29 28 6
19068 16 15 5
19069 23 22 6
19070 18 18 4
19071 22 21 5
19072 27 26 6
19073 22 21 5
19074 15 14 4
19075 14 13 5
19076 23 22 6
19077 18 17 5
19078 15 15 5
19079 27 26 6
19080 24 23 5
19081 17 16 4
19082 18 17 5
19083 19 18 6
19084 26 26 6
19085 12 11 5
19086 19 18 6
19087 14 14 6
19088 6 6 6
19089 15 14 4
19090 18 17 5
19091 17 17 7
19092 15 14 4
19093 32 31 7
19094 19 18 6
19095 8 8 4
19096 18 17 5
19097 21 21 5
19098 21 20 6
19099 18 18 4
19100 14 13 5
19101 27 26 4
19102 30 29 5
19103 19 18 6
19104 22 22 6
19105 22 21 5
19106 21 20 4
19107 20 19 5
19108 9 8 4
19109 20 19 5
19110 29 28 4
19111 16 15 5
19112 21 21 5
19113 17 17 5
19114 15 15 5
19115 23 22 4
19116 20 19 5
19117 17 17 5
19118 19 19 5
19119 27 26 6
19120 12 12 4
19121 22 21 5
19122 17 17 5
19123 25 24 6
19124 14 13 5
19125 17 16 4
19126 20 19 5
19127 13 12 6
19128 12 12 4
19129 20 19 5
19130 15 14 4
19131 20 19 7
19132 25 24 4
19133 22 21 5
19134 35 34 6
19135 24 23 5
19136 19 18 4
19137 18 17 5
19138 17 16 4
19139 10 9 5
19140 11 10 4
19141 16 15 5
19142 31 31 5
19143 23 22 4
19144 26 25 5
19145 23 22 4
19146 14 13 5
19147 15 14 4
19148 36 35 7
19149 29 28 4
19150 26 25 5
19151 5 5 5
19152 14 13 5
19153 25 24 4
19154 20 19 5
19155 23 22 6
19156 14 13 5
19157 13 12 4
19158 16 15 5
19159 13 12 4
19160 14 13 5
19161 25 24 6
19162 22 22 4
19163 20 19 5
19164 31 30 4
19165 26 25 5
19166 21 20 6
19167 24 24 6
19168 30 30 4
19169 20 19 5
19170 15 15 5
19171 21 20 4
19172 30 29 5
19173 49 48 6
19174 48 48 4
19175 30 29 5
19176 29 28 4
19177 20 19 5
19178 33 32 4
19179 58 57 5
19180 47 47 5
19181 33 32 4
19182 28 27 5
19183 15 15 5
19184 25 24 4
19185 52 51 5
19186 45 45 5
19187 57 57 5
19188 37 37 5
19189 23 22 4
19190 36 35 5
19191 29 28 4
19192 76 75 5
19193 49 48 6
19194 58 58 6
19195 62 62 6
19196 32 32 4
19197 36 35 5
19198 67 66 4
19199 56 55 7
19200 35 34 4
19201 48 47 9
19202 27 26 6
19203 40 40 4
19204 56 55 5
19205 53 52 4
19206 44 43 5
19207 45 45 7
19208 39 38 6
19209 36 36 4
19210 36 35 5
19211 21 20 4
19212 32 31 5
19213 35 34 4
19214 44 43 5
19215 37 36 4
19216 30 29 5
19217 15 14 4
19218 20 19 5
19219 35 35 5
19220 37 37 5
19221 33 32 6
19222 30 30 8
19223 30 30 6
19224 18 17 5
19225 27 26 4
19226 18 17 5
19227 15 14 4
19228 30 29 5
19229 25 24 6
19230 26 25 5
19231 23 22 6
19232 16 15 5
19233 29 28 6
19234 28 28 4
19235 22 21 5
19236 31 31 5
19237 21 20 4
19238 18 17 5
19239 35 34 4
19240 16 15 5
19241 17 16 6
19242 20 19 7
19243 23 23 5
19244 29 28 6
19245 24 23 5
19246 17 17 5
19247 17 17 5
19248 11 11 5
19249 23 22 6
19250 34 34 6
19251 30 29 11
19252 9 8 4
19253 22 21 5
19254 17 16 4
19255 32 31 5
19256 25 24 6
19257 32 32 6
19258 18 18 4
19259 22 21 5
19260 19 18 4
19261 22 21 5
19262 23 22 4
19263 20 19 5
19264 25 24 8
19265 20 19 5
19266 21 20 4
19267 12 11 5
19268 19 18 4
19269 28 27 5
19270 27 26 6
19271 20 20 6
19272 30 29 9
19273 15 14 4
19274 16 15 5
19275 17 17 5
19276 13 13 5
19277 25 25 5
19278 23 22 4
19279 22 21 5
19280 13 13 5
19281 15 15 5
19282 19 18 6
19283 30 30 4
19284 20 19 5
19285 9 8 4
19286 26 25 7
19287 19 18 4
19288 36 35 5
19289 27 27 5
19290 25 25 5
19291 25 25 7
19292 19 19 5
19293 15 15 5
19294 25 24 4
19295 28 27 5
19296 31 30 6
19297 18 18 4
19298 12 11 5
19299 13 12 4
19300 20 19 5
19301 23 22 6
19302 34 34 6
19303 20 20 4
19304 18 17 7
19305 17 16 4
19306 14 13 5
19307 23 22 4
19308 26 25 5
19309 33 32 6
19310 22 22 6
19311 10 10 6
19312 12 12 4
19313 16 15 5
19314 27 27 5
19315 25 24 6
19316 28 28 4
19317 18 17 5
19318 17 17 5
19319 15 15 5
19320 19 19 5
19321 23 22 6
19322 24 24 6
19323 20 19 5
19324 17 16 4
19325 26 25 5
19326 17 16 6
19327 16 16 6
19328 24 23 5
19329 15 14 4
19330 16 15 5
19331 11 10 4
19332 26 25 5
19333 17 17 5
19334 15 14 4
19335 28 27 5
19336 29 28 4
19337 26 25 5
19338 21 20 6
19339 24 24 6
19340 10 10 4
19341 26 25 5
19342 17 17 5
19343 15 15 5
19344 25 24 4
19345 16 15 5
19346 17 16 4
19347 24 23 5
19348 21 20 4
19349 16 15 5
19350 13 12 4
19351 20 19 5
19352 23 22 4
19353 26 25 5
19354 19 18 6
19355 16 16 4
19356 16 15 5
19357 21 21 5
19358 21 21 5
19359 13 13 5
19360 29 28 4
19361 20 19 5
19362 21 21 5
19363 9 9 5
19364 17 16 4
19365 14 13 5
19366 23 22 6
19367 20 20 6
19368 20 20 4
19369 12 11 5
19370 21 20 4
19371 20 19 5
19372 33 33 5
19373 13 13 5
19374 27 27 5
19375 23 22 4
19376 12 11 5
19377 13 12 4
19378 20 19 7
19379 21 20 6
19380 24 24 6
19381 12 11 5
19382 29 28 4
19383 16 15 5
19384 15 14 6
19385 16 15 5
19386 31 30 6
19387 22 22 4
19388 12 11 5
19389 9 8 4
19390 14 13 5
19391 13 13 7
19392 11 10 4
19393 20 19 7
19394 15 14 4
19395 18 17 5
19396 11 10 4
19397 16 15 5
19398 13 13 5
19399 23 22 6
19400 22 21 5
19401 19 18 4
19402 16 15 5
19403 15 14 6
19404 20 20 4
19405 12 11 5
19406 21 21 5
19407 23 23 5
19408 29 29 5
19409 31 30 6
19410 18 17 5
19411 19 19 7
19412 17 16 6
19413 16 16 6
19414 28 28 6
19415 34 34 6
19416 20 20 6
19417 16 16 4
19418 10 9 5
19419 15 15 7
19420 21 20 4
19421 26 25 7
19422 23 22 6
19423 12 12 6
19424 18 18 4
19425 18 17 5
19426 23 22 6
19427 18 17 5
19428 19 18 6
19429 30 29 5
19430 31 30 6
19431 20 20 6
19432 22 22 4
19433 26 25 7
19434 21 20 6
19435 18 18 4
19436 24 23 7
19437 29 28 4
19438 20 19 5
19439 21 20 4
19440 14 13 5
19441 9 9 5
19442 11 10 4
19443 20 19 5
19444 15 15 5
19445 25 24 4
19446 16 15 5
19447 13 12 4
19448 16 15 5
19449 11 11 5
19450 15 14 6
19451 24 24 4
19452 22 21 5
19453 11 10 6
19454 8 8 4
19455 16 15 5
19456 25 24 6
19457 16 16 6
19458 12 12 4
19459 20 19 5
19460 27 26 6
19461 14 14 4
19462 10 9 5
19463 17 17 5
19464 11 10 4
19465 30 29 5
19466 11 10 4
19467 18 17 5
19468 11 11 5
19469 13 12 4
19470 14 13 5
19471 23 23 5
19472 15 14 4
19473 16 15 5
19474 17 17 5
19475 9 9 5
19476 17 16 4
19477 14 13 5
19478 13 12 4
19479 20 19 5
19480 15 15 5
19481 17 17 5
19482 17 16 6
19483 12 12 4
19484 16 15 7
19485 19 18 6
19486 18 18 6
19487 16 15 5
19488 19 18 4
19489 16 15 5
19490 15 14 4
19491 16 15 5
19492 23 22 4
19493 26 25 5
19494 19 18 6
19495 16 16 6
19496 12 12 4
19497 14 13 5
19498 11 11 5
19499 25 24 6
19500 18 17 5
19501 15 14 6
19502 14 14 4
19503 26 25 5
19504 9 9 5
19505 11 10 4
19506 12 11 5
19507 17 17 5
19508 31 31 5
19509 29 28 4
19510 18 17 5
19511 17 16 4
19512 16 15 5
19513 15 14 4
19514 14 13 5
19515 11 10 4
19516 28 27 5
19517 23 22 4
19518 22 21 5
19519 11 10 4
19520 18 17 5
19521 49 48 6
19522 50 50 4
19523 36 35 5
19524 21 21 5
19525 27 26 4
19526 30 29 5
19527 39 38 6
19528 16 16 4
19529 44 43 5
19530 39 38 6
19531 32 32 4
19532 28 27 5
19533 33 32 4
19534 24 23 5
19535 39 38 6
19536 44 44 6
19537 42 42 4
19538 32 31 5
19539 25 24 4
19540 32 31 5
19541 33 33 5
19542 37 36 6
19543 24 24 6
19544 32 32 4
19545 42 41 5
19546 33 32 6
19547 22 22 4
19548 38 37 5
19549 39 38 4
19550 26 25 5
19551 25 24 4
19552 30 29 5
19553 21 20 4
19554 30 29 5
19555 33 32 6
19556 36 36 6
19557 28 27 7
19558 25 25 7
19559 29 29 7
19560 37 36 6
19561 20 20 4
19562 18 17 5
19563 29 28 6
19564 38 38 6
19565 36 36 6
19566 20 20 4
19567 30 29 5
19568 17 16 4
19569 24 23 5
19570 25 25 5
19571 27 26 4
19572 46 45 7
19573 23 23 5
19574 17 16 4
19575 30 29 5
19576 35 34 8
19577 14 14 4
19578 22 21 7
19579 19 18 6
19580 28 28 6
19581 36 35 7
19582 29 28 10
19583 20 19 7
19584 31 30 12
19585 26 26 6
19586 18 18 4
19587 26 25 5
19588 17 17 5
19589 23 23 5
19590 35 34 6
19591 32 32 6
19592 42 41 9
19593 23 23 5
19594 27 26 6
19595 36 36 6
19596 32 31 5
19597 21 21 11
19598 33 32 4
19599 36 35 5
19600 31 30 6
19601 36 35 7
19602 49 49 15
19603 49 49 9
19604 35 34 10
19605 26 26 4
19606 42 41 11
19607 29 29 7
19608 23 23 5
19609 45 44 8
19610 34 33 7
19611 35 35 9
19612 41 40 10
19613 38 37 7
19614 43 43 9
19615 39 39 13
19616 37 36 12
19617 32 32 10
19618 24 23 5
19619 29 29 5
19620 55 54 8
19621 52 51 11
19622 25 25 7
19623 33 32 4
19624 20 19 5
19625 47 46 8
19626 44 43 9
19627 27 27 5
19628 33 32 10
19629 32 32 6
19630 34 33 7
19631 31 30 4
19632 24 23 5
19633 33 33 9
19634 35 34 10
19635 40 39 5
19636 27 26 8
19637 28 28 8
19638 34 33 7
19639 19 19 5
19640 31 31 11
19641 23 22 4
19642 24 23 7
19643 31 30 6
19644 42 41 7
19645 27 27 9
19646 43 43 11
19647 29 28 4
19648 44 43 9
19649 25 24 4
19650 36 35 5
19651 39 38 4
19652 34 33 5
19653 31 30 6
19654 16 15 5
19655 31 31 5
19656 39 39 5
19657 31 30 8
19658 20 20 4
19659 26 25 5
19660 27 27 7
19661 23 22 6
19662 24 24 6
19663 26 26 8
19664 30 30 6
19665 34 34 8
19666 30 29 9
19667 37 36 6
19668 30 30 8
19669 16 15 5
19670 27 26 6
19671 30 30 8
19672 34 33 5
19673 13 12 4
19674 26 25 9
19675 17 16 6
19676 18 18 4
19677 32 31 7
19678 27 27 5
19679 31 31 5
19680 31 31 7
19681 29 28 4
19682 28 27 5
19683 25 25 5
19684 37 37 11
19685 29 28 6
19686 24 24 4
19687 24 23 5
19688 25 25 5
19689 23 23 5
19690 25 24 4
19691 18 17 5
19692 17 16 6
19693 18 18 4
19694 18 17 5
19695 17 16 6
19696 36 36 8
19697 18 17 5
19698 35 34 6
19699 16 15 5
19700 31 30 4
19701 32 31 5
19702 33 32 6
19703 28 28 6
19704 30 29 5
19705 27 27 5
19706 27 26 4
19707 22 21 5
19708 31 31 5
19709 33 33 5
19710 37 36 6
19711 32 32 6
19712 16 16 4
19713 20 19 5
19714 19 19 5
19715 29 28 6
19716 18 18 6
19717 18 18 4
19718 30 29 5
19719 29 29 5
19720 19 18 4
19721 26 25 5
19722 17 16 4
19723 22 21 5
19724 23 22 6
19725 20 20 6
19726 22 22 4
19727 28 27 5
19728 15 14 4
19729 24 23 5
19730 21 20 4
19731 20 19 5
19732 33 32 4
19733 24 23 5
19734 25 24 6
19735 12 12 4
19736 28 27 5
19737 27 26 6
19738 18 18 4
19739 22 21 5
19740 21 20 4
19741 20 19 5
19742 17 17 5
19743 23 22 4
19744 22 21 5
19745 11 10 4
19746 26 25 5
19747 31 30 6
19748 22 22 4
19749 22 21 5
19750 27 27 5
19751 27 27 5
19752 25 25 5
19753 31 30 4
19754 22 21 5
19755 19 19 5
19756 37 36 6
19757 18 18 4
19758 40 39 5
19759 39 39 5
19760 27 26 6
19761 24 24 4
19762 42 41 5
19763 17 17 5
19764 25 24 8
19765 30 30 4
19766 36 35 5
19767 37 37 5
19768 25 25 5
19769 25 25 5
19770 23 22 6
19771 24 24 6
19772 26 26 6
19773 40 40 4
19774 24 23 5
19775 37 36 4
19776 30 29 7
19777 25 25 5
19778 23 23 5
19779 35 34 4
19780 22 21 5
19781 43 42 6
19782 22 22 4
19783 22 21 5
19784 25 25 7
19785 37 36 4
19786 30 29 5
19787 23 22 4
19788 30 29 5
19789 25 24 6
19790 22 22 4
19791 46 45 5
19792 17 16 4
19793 32 31 5
19794 15 14 4
19795 14 13 5
19796 23 22 4
19797 24 23 5
19798 23 23 5
19799 17 16 4
19800 36 35 5
19801 23 22 6
19802 24 24 6
19803 20 20 4
19804 34 33 5
19805 25 24 4
19806 42 41 5
19807 27 26 4
19808 18 17 5
19809 31 30 6
19810 30 29 5
19811 19 19 5
19812 21 21 7
19813 37 36 6
19814 32 32 6
19815 34 34 4
19816 18 17 5
19817 15 14 4
19818 22 21 5
19819 19 18 6
19820 24 24 6
19821 26 25 7
19822 23 23 5
19823 17 16 4
19824 18 17 5
19825 21 20 6
19826 18 17 5
19827 21 20 4
19828 34 33 7
19829 25 24 6
19830 18 18 4
19831 20 19 5
19832 21 20 4
19833 24 23 5
19834 15 14 6
19835 14 14 4
19836 24 23 5
19837 15 15 5
19838 25 24 4
19839 26 25 5
19840 21 21 5
19841 15 15 5
19842 25 24 4
19843 12 11 5
19844 27 27 5
19845 19 18 4
19846 16 15 5
19847 13 13 5
19848 9 8 4
19849 26 25 5
19850 15 14 4
19851 26 25 5
19852 15 14 4
19853 16 15 5
19854 25 24 6
19855 14 14 4
19856 28 27 5
19857 11 11 5
19858 25 24 4
19859 16 15 5
19860 25 24 4
19861 12 11 5
19862 21 20 6
19863 20 20 4
19864 14 13 5
19865 19 18 4
19866 18 17 5
19867 13 13 5
19868 19 18 6
19869 28 28 4
19870 14 13 5
19871 29 28 4
19872 16 15 5
19873 29 28 6
19874 14 14 4
19875 16 15 5
19876 19 18 4
19877 18 17 5
19878 15 15 5
19879 19 18 4
19880 30 29 7
19881 23 22 4
19882 18 17 5
19883 25 24 4
19884 20 19 5
19885 27 27 5
19886 17 16 4
19887 14 13 5
19888 29 28 4
19889 26 25 5
19890 17 16 4
19891 22 21 5
19892 21 21 5
19893 21 20 4
19894 22 21 5
19895 21 21 5
19896 13 13 5
19897 11 10 4
19898 22 21 5
19899 21 20 6
19900 24 24 6
19901 28 28 4
19902 18 17 5
19903 21 20 4
19904 18 17 5
19905 19 18 4
19906 20 19 5
19907 21 20 4
19908 30 29 7
19909 39 38 4
19910 16 15 5
19911 21 21 5
19912 21 20 4
19913 28 27 5
19914 19 18 4
19915 24 23 5
19916 21 20 4
19917 16 15 5
19918 23 22 4
19919 24 23 5
19920 21 21 5
19921 19 19 5
19922 25 24 6
19923 22 22 4
19924 28 27 5
19925 11 10 4
19926 28 27 5
19927 13 13 5
19928 15 14 4
19929 18 17 5
19930 11 10 4
19931 16 15 5
19932 19 18 4
19933 12 11 5
19934 21 20 4
19935 24 23 5
19936 13 13 5
19937 19 18 4
19938 12 11 5
19939 21 20 4
19940 20 19 5
19941 29 28 4
19942 28 27 5
19943 7 6 5
19944 13 12 4
19945 20 19 5
19946 13 12 4
19947 18 17 5
19948 19 18 6
19949 16 16 4
19950 26 25 5
19951 15 14 4
19952 30 29 5
19953 23 23 5
19954 19 19 5
19955 37 36 6
19956 32 32 4
19957 12 11 5
19958 15 14 4
19959 26 25 5
19960 27 26 4
19961 16 15 5
19962 31 30 4
19963 16 15 5
19964 23 22 4
19965 18 17 5
19966 27 26 6
19967 20 20 4
19968 20 19 5
19969 23 22 4
19970 24 23 5
19971 21 20 4
19972 18 17 5
19973 19 18 4
19974 44 43 5
19975 35 34 4
19976 24 23 5
19977 17 16 4
19978 22 21 5
19979 23 22 4
19980 42 41 5
19981 33 33 5
19982 43 42 4
19983 24 23 5
19984 35 34 4
19985 28 27 5
19986 23 23 5
19987 37 36 4
19988 44 43 5
19989 29 28 4
19990 30 29 5
19991 39 39 5
19992 47 46 4
19993 42 41 5
19994 27 26 4
19995 30 29 5
19996 49 48 6
19997 30 30 4
19998 28 27 5
19999 35 34 4
20000 40 39 5
20001 25 25 5
20002 27 26 4
20003 30 29 5
20004 35 35 5
20005 29 28 6
20006 22 22 4
20007 26 25 5
20008 31 30 4
20009 18 17 5
20010 21 20 4
20011 30 29 5
20012 35 34 6
20013 18 18 4
20014 26 25 7
20015 35 34 6
20016 20 20 6
20017 22 22 6
20018 32 32 6
20019 24 23 5
20020 27 26 6
20021 38 38 10
20022 40 40 8
20023 48 47 9
20024 31 31 9
20025 33 33 7
20026 35 34 8
20027 34 33 5
20028 43 42 6
20029 26 26 8
20030 40 39 5
20031 39 39 5
20032 41 40 8
20033 28 28 4
20034 22 21 5
20035 45 44 12
20036 48 47 9
20037 35 34 4
20038 40 39 5
20039 41 40 6
20040 28 28 4
20041 40 39 7
20042 39 38 6
20043 42 41 5
20044 47 47 5
20045 45 44 6
20046 40 40 6
20047 48 48 6
20048 44 43 5
20049 31 30 4
20050 32 31 5
20051 63 62 6
20052 38 38 4
20053 20 19 5
20054 31 30 6
20055 18 18 4
20056 20 19 5
20057 29 28 6
20058 16 15 5
20059 25 24 4
20060 36 35 5
20061 31 30 6
20062 26 25 5
20063 21 20 6
20064 18 17 5
20065 27 26 8
20066 22 21 7
20067 35 35 7
20068 21 20 6
20069 20 20 4
20070 16 15 5
20071 23 23 5
20072 37 36 4
20073 26 25 5
20074 39 38 6
20075 24 24 4
20076 16 15 5
20077 33 32 4
20078 42 41 5
20079 19 19 5
20080 27 26 6
20081 36 36 6
20082 28 28 6
20083 28 28 6
20084 40 39 7
20085 17 17 5
20086 23 22 6
20087 38 38 6
20088 22 21 5
20089 31 30 6
20090 30 30 4
20091 18 17 5
20092 21 21 5
20093 33 32 6
20094 24 24 4
20095 30 29 7
20096 29 28 6
20097 34 34 8
20098 34 34 8
20099 28 27 5
20100 39 39 5
20101 29 29 7
20102 25 24 6
20103 32 31 7
20104 15 15 7
20105 29 28 6
20106 22 21 5
20107 23 23 9
20108 21 20 6
20109 26 25 7
20110 19 19 7
20111 11 10 4
20112 16 15 5
20113 33 32 8
20114 10 10 4
20115 20 19 5
20116 29 29 5
20117 19 18 6
20118 12 12 4
20119 26 25 5
20120 15 15 5
20121 15 14 6
20122 26 26 4
20123 26 25 5
20124 13 13 5
20125 17 16 4
20126 12 11 5
20127 21 20 6
20128 20 20 4
20129 22 21 5
20130 17 16 4
20131 14 13 5
20132 15 14 6
20133 14 14 4
20134 20 19 5
20135 19 19 5
20136 21 20 4
20137 16 15 5
20138 15 14 4
20139 18 17 5
20140 17 16 4
20141 18 17 5
20142 11 11 5
20143 17 16 6
20144 30 30 6
20145 16 16 4
20146 16 15 5
20147 19 18 6
20148 8 8 4
20149 30 29 5
20150 23 23 5
20151 21 20 4
20152 26 25 5
20153 29 28 6
20154 18 18 4
20155 10 9 5
20156 17 16 6
20157 24 24 4
20158 30 29 7
20159 25 24 4
20160 20 19 5
20161 13 12 4
20162 18 17 5
20163 43 43 5
20164 35 35 5
20165 29 28 4
20166 26 25 7
20167 17 16 4
20168 22 21 5
20169 43 42 4
20170 40 39 5
20171 41 40 4
20172 24 23 5
20173 31 31 5
20174 33 32 8
20175 26 26 4
20176 38 37 7
20177 73 72 10
20178 18 17 5
20179 21 20 4
20180 30 29 5
20181 31 31 5
20182 41 40 6
20183 46 45 7
20184 29 29 7
20185 23 23 5
20186 25 24 6
20187 16 16 4
20188 16 15 5
20189 23 22 4
20190 28 27 5
20191 33 32 6
20192 16 16 4
20193 24 23 5
20194 27 26 4
20195 32 31 5
20196 15 15 5
20197 27 26 6
20198 32 32 4
20199 28 27 5
20200 13 13 5
20201 13 12 4
20202 22 21 5
20203 27 27 5
20204 19 19 5
20205 21 20 4
20206 18 17 5
20207 13 12 4
20208 16 15 5
20209 15 14 6
20210 16 16 4
20211 16 15 5
20212 15 14 4
20213 34 33 5
20214 15 15 5
20215 19 18 4
20216 20 19 5
20217 27 26 6
20218 14 14 4
20219 10 9 5
20220 21 20 4
20221 14 13 5
20222 11 11 5
20223 21 20 4
20224 38 37 5
20225 19 19 5
20226 15 14 4
20227 18 17 5
20228 21 20 6
20229 22 22 6
20230 12 12 6
20231 12 12 4
20232 20 19 5
20233 19 18 4
20234 14 13 5
20235 19 18 4
20236 6 5 4
20237 12 11 5
20238 19 19 5
20239 11 10 4
20240 20 19 5
20241 15 15 5
20242 19 18 6
20243 14 14 4
20244 20 19 5
20245 13 12 6
20246 12 11 5
20247 21 20 4
20248 16 15 5
20249 13 12 4
20250 14 13 5
20251 13 13 5
20252 21 20 6
20253 10 10 6
20254 14 14 4
20255 16 15 5
20256 13 12 4
20257 14 13 5
20258 15 14 4
20259 10 9 5
20260 19 18 4
20261 14 13 5
20262 25 25 5
20263 21 20 4
20264 18 17 5
20265 23 23 5
20266 23 22 6
20267 18 18 4
20268 16 15 5
20269 15 14 6
20270 18 18 4
20271 16 15 5
20272 17 16 6
20273 14 13 5
20274 11 10 4
20275 18 17 7
20276 19 18 4
20277 14 13 5
20278 15 14 6
20279 18 17 5
20280 21 20 6
20281 12 12 4
20282 16 15 5
20283 17 16 4
20284 18 17 5
20285 15 14 4
20286 16 15 5
20287 23 22 4
20288 38 37 5
20289 29 29 5
20290 27 27 5
20291 23 23 5
20292 41 40 4
20293 20 19 5
20294 21 21 5
20295 25 25 5
20296 25 25 5
20297 27 26 4
20298 34 33 5
20299 33 32 6
20300 42 42 8
20301 20 20 6
20302 18 17 5
20303 23 22 4
20304 28 27 5
20305 41 41 7
20306 23 22 6
20307 14 14 4
20308 20 19 5
20309 17 16 4
20310 22 21 5
20311 19 18 4
20312 16 15 5
20313 25 24 4
20314 24 23 5
20315 21 20 4
20316 12 11 5
20317 17 17 5
20318 21 20 6
20319 18 18 4
20320 12 11 5
20321 27 26 6
20322 18 18 6
20323 16 16 6
20324 24 24 4
20325 24 23 5
20326 13 12 6
20327 22 21 5
20328 17 16 4
20329 14 13 5
20330 25 24 6
20331 16 16 4
20332 12 11 5
20333 11 10 4
20334 18 17 5
20335 17 17 5
20336 15 14 4
20337 12 11 5
20338 11 11 5
20339 9 9 5
20340 13 12 4
20341 14 13 5
20342 17 17 5
20343 27 26 6
20344 36 36 4
20345 12 11 7
20346 13 12 4
20347 14 13 5
20348 15 14 4
20349 10 9 5
20350 13 12 4
20351 28 27 5
20352 25 24 4
20353 18 17 5
20354 17 16 4
20355 14 13 5
20356 13 13 5
20357 17 16 4
20358 12 11 5
20359 19 18 4
20360 14 13 5
20361 23 22 6
20362 18 17 5
20363 19 18 4
20364 20 19 5
20365 23 22 4
20366 22 21 5
20367 11 10 4
20368 26 25 5
20369 15 14 4
20370 20 19 7
20371 23 22 6
20372 30 29 7
20373 19 18 4
20374 14 13 5
20375 5 5 5
20376 18 17 5
20377 15 14 4
20378 22 21 5
20379 17 17 5
20380 17 16 4
20381 20 19 5
20382 11 10 4
20383 18 17 5
20384 23 22 6
20385 12 12 4
20386 18 17 5
20387 11 10 6
20388 22 22 6
20389 14 13 5
20390 19 18 4
20391 26 25 5
20392 13 13 5
20393 23 22 6
20394 16 16 6
20395 28 28 4
20396 12 11 5
20397 15 14 6
20398 16 16 4
20399 22 21 5
20400 21 20 6
20401 22 21 5
20402 19 18 6
20403 14 14 6
20404 16 16 6
20405 14 14 4
20406 16 15 5
20407 19 18 6
20408 18 17 5
20409 9 8 4
20410 18 17 5
20411 13 13 5
20412 13 12 4
20413 20 19 5
20414 11 11 5
20415 19 18 6
20416 12 11 5
20417 15 14 4
20418 14 13 7
20419 19 18 6
20420 10 10 4
20421 12 11 5
20422 19 18 4
20423 14 13 5
20424 19 18 6
20425 12 11 5
20426 15 14 6
20427 12 12 4
20428 14 13 5
20429 27 27 5
20430 13 12 4
20431 24 23 7
20432 17 16 4
20433 14 13 5
20434 9 8 4
20435 22 21 5
20436 13 12 4
20437 20 19 5
20438 21 21 5
20439 23 22 6
20440 14 14 4
20441 12 11 5
20442 11 10 4
20443 16 15 5
20444 23 22 6
20445 42 41 5
20446 19 19 5
20447 15 14 4
20448 14 13 5
20449 13 13 5
20450 19 18 4
20451 34 33 5
20452 33 32 6
20453 26 26 4
20454 26 25 5
20455 13 12 4
20456 14 13 5
20457 13 13 5
20458 17 16 4
20459 22 21 5
20460 21 20 4
20461 14 13 5
20462 19 18 4
20463 20 19 5
20464 17 16 4
20465 18 17 5
20466 25 24 4
20467 24 23 5
20468 25 24 6
20469 22 22 6
20470 28 28 4
20471 12 11 5
20472 13 12 4
20473 12 11 5
20474 9 8 4
20475 24 23 5
20476 23 22 4
20477 18 17 5
20478 27 26 6
20479 10 10 4
20480 16 15 5
20481 13 12 4
20482 18 17 5
20483 19 19 5
20484 13 13 5
20485 31 30 4
20486 20 19 5
20487 17 16 6
20488 12 12 4
20489 10 9 5
20490 17 16 4
20491 14 13 5
20492 19 18 6
20493 20 19 5
20494 31 31 5
20495 21 20 4
20496 12 11 7
20497 11 10 4
20498 18 17 5
20499 17 16 4
20500 42 41 5
20501 23 22 4
20502 28 27 5
20503 17 16 4
20504 16 15 5
20505 11 10 4
20506 22 21 5
20507 25 24 4
20508 48 47 5
20509 13 13 5
20510 17 16 4
20511 10 9 5
20512 15 14 4
20513 18 17 5
20514 27 26 4
20515 26 25 5
20516 31 30 4
20517 18 17 5
20518 13 12 6
20519 16 16 4
20520 20 19 5
20521 25 24 4
20522 26 25 5
20523 53 52 4
20524 22 21 5
20525 23 23 5
20526 19 19 5
20527 31 30 6
20528 30 30 4
20529 42 41 5
20530 33 32 4
20531 28 27 5
20532 23 22 4
20533 26 25 5
20534 37 37 5
20535 35 35 5
20536 55 54 4
20537 30 29 5
20538 23 22 4
20539 30 29 7
20540 37 36 4
20541 34 33 5
20542 45 44 4
20543 26 25 5
20544 19 18 6
20545 46 45 5
20546 39 38 4
20547 32 31 5
20548 19 18 4
20549 22 21 5
20550 21 20 4
20551 34 33 5
20552 23 23 5
20553 35 34 6
20554 16 16 6
20555 14 14 4
20556 32 31 5
20557 45 44 4
20558 40 39 5
20559 41 41 5
20560 33 33 5
20561 29 28 4
20562 18 17 5
20563 35 34 6
20564 22 22 4
20565 40 39 5
20566 23 22 6
20567 16 16 4
20568 26 25 5
20569 27 26 4
20570 20 19 5
20571 39 38 4
20572 28 27 5
20573 21 21 5
20574 27 26 4
20575 18 17 7
20576 13 12 4
20577 30 29 7
20578 25 25 5
20579 19 19 5
20580 25 24 4
20581 26 25 5
20582 21 21 5
20583 21 20 4
20584 22 21 5
20585 25 24 4
20586 20 19 5
20587 29 29 5
20588 25 24 6
20589 36 36 4
20590 24 23 5
20591 19 18 4
20592 20 19 5
20593 21 20 6
20594 18 18 6
20595 40 40 4
20596 18 17 5
20597 25 25 5
20598 17 16 4
20599 40 39 7
20600 25 25 5
20601 23 22 6
20602 18 18 6
20603 34 34 6
20604 24 23 5
20605 15 14 4
20606 22 21 5
20607 17 17 5
20608 23 22 4
20609 22 21 5
20610 29 29 7
20611 33 32 6
20612 30 29 5
20613 15 14 4
20614 16 15 5
20615 29 29 5
20616 37 36 6
20617 34 34 4
20618 24 23 5
20619 29 28 4
20620 14 13 5
20621 29 29 5
20622 27 26 4
20623 30 29 5
20624 19 18 4
20625 24 23 5
20626 37 36 4
20627 10 9 5
20628 25 24 6
20629 24 24 6
20630 34 34 4
20631 24 23 5
20632 23 22 4
20633 26 25 5
20634 29 28 4
20635 24 23 5
20636 23 22 6
20637 30 30 4
20638 44 43 5
20639 27 27 5
20640 29 28 6
20641 24 24 6
20642 28 28 4
20643 36 35 5
20644 25 24 4
20645 34 33 5
20646 29 29 5
20647 25 24 4
20648 34 33 5
20649 19 18 4
20650 36 35 5
20651 37 36 6
20652 30 29 5
20653 29 28 6
20654 42 42 6
20655 22 22 6
20656 30 30 4
20657 30 29 5
20658 19 18 4
20659 16 15 5
20660 21 20 4
20661 22 21 5
20662 27 27 5
20663 45 44 4
20664 32 31 5
20665 13 13 5
20666 15 14 6
20667 16 16 4
20668 24 23 5
20669 19 19 5
20670 39 39 5
20671 19 18 4
20672 28 27 5
20673 19 18 4
20674 32 31 5
20675 15 14 4
20676 18 17 5
20677 41 41 5
20678 23 23 5
20679 21 20 4
20680 16 15 5
20681 33 32 6
20682 32 31 5
20683 43 43 5
20684 23 22 4
20685 28 27 5
20686 33 32 6
20687 24 24 6
20688 38 37 5
20689 21 21 5
20690 33 33 5
20691 25 24 6
20692 26 26 6
20693 38 38 6
20694 32 32 6
20695 44 44 4
20696 30 29 5
20697 43 42 4
20698 40 39 5
20699 41 41 5
20700 57 57 5
20701 49 48 6
20702 40 40 6
20703 52 52 4
20704 50 49 5
20705 51 50 4
20706 34 33 5
20707 49 48 4
20708 50 49 5
20709 45 44 6
20710 40 40 4
20711 54 53 5
20712 39 38 4
20713 54 53 5
20714 45 44 4
20715 50 49 5
20716 51 51 5
20717 41 40 6
20718 38 38 4
20719 46 45 5
20720 37 36 4
20721 44 43 5
20722 51 50 4
20723 44 43 5
20724 53 52 6
20725 46 46 4
20726 60 59 5
20727 47 46 6
20728 32 32 4
20729 38 37 5
20730 51 51 5
20731 49 49 5
20732 35 34 6
20733 64 64 6
20734 46 46 4
20735 50 49 5
20736 47 46 6
20737 52 52 6
20738 42 42 4
20739 50 49 5
20740 37 37 5
20741 45 45 5
20742 37 36 4
20743 44 43 5
20744 53 52 8
20745 38 38 4
20746 42 41 5
20747 45 44 4
20748 42 41 5
20749 49 49 7
20750 41 40 4
20751 32 31 5
20752 35 35 5
20753 39 39 5
20754 63 62 4
20755 32 31 5
20756 45 45 5
20757 39 39 5
20758 41 41 5
20759 39 38 4
20760 54 53 5
20761 45 44 6
20762 26 26 4
20763 30 29 5
20764 43 42 4
20765 36 35 5
20766 33 33 5
20767 73 72 4
20768 52 51 5
20769 41 41 5
20770 45 44 6
20771 60 60 6
20772 42 42 4
20773 42 41 7
20774 37 36 4
20775 54 53 5
20776 53 53 5
20777 39 39 5
20778 57 56 4
20779 40 39 5
20780 31 30 4
20781 48 47 5
20782 55 54 6
20783 44 44 4
20784 48 47 5
20785 39 38 6
20786 44 44 6
20787 50 49 5
20788 41 40 4
20789 36 35 5
20790 35 34 6
20791 42 42 4
20792 42 41 5
20793 35 34 4
20794 54 53 5
20795 41 40 4
20796 42 41 5
20797 35 34 4
20798 50 49 5
20799 39 38 4
20800 36 35 5
20801 33 33 7
20802 47 46 4
20803 50 49 7
20804 33 32 4
20805 48 47 5
20806 57 56 4
20807 44 43 5
20808 47 46 6
20809 48 48 4
20810 48 47 5
20811 33 32 4
20812 40 39 5
20813 47 46 6
20814 42 42 4
20815 48 47 5
20816 51 50 4
20817 48 47 5
20818 43 43 5
20819 49 48 4
20820 36 35 5
20821 29 28 4
20822 38 37 5
20823 43 42 4
20824 46 45 5
20825 47 46 6
20826 36 36 6
20827 38 38 4
20828 40 39 5
20829 37 36 6
20830 42 42 6
20831 56 56 8
20832 48 48 4
20833 40 39 5
20834 53 52 4
20835 38 37 5
20836 43 42 6
20837 42 42 4
20838 48 47 5
20839 27 26 4
20840 36 35 5
20841 43 42 4
20842 54 53 5
20843 43 43 5
20844 47 46 4
20845 44 43 5
20846 61 61 7
20847 33 32 4
20848 42 41 7
20849 33 32 4
20850 38 37 5
20851 29 28 4
20852 36 35 5
20853 47 46 4
20854 48 47 5
20855 59 58 4
20856 24 23 5
20857 43 42 4
20858 38 37 5
20859 55 54 4
20860 36 35 5
20861 43 43 5
20862 41 41 5
20863 63 63 7
20864 57 56 6
20865 48 48 6
20866 34 34 6
20867 38 38 4
20868 50 49 5
20869 57 56 4
20870 64 63 5
20871 51 50 6
20872 46 46 6
20873 40 40 6
20874 52 52 4
20875 46 45 5
20876 65 64 6
20877 50 49 7
20878 37 36 4
20879 34 33 5
20880 43 42 4
20881 52 51 5
20882 45 45 5
20883 27 26 6
20884 52 52 6
20885 42 42 4
20886 44 43 5
20887 53 53 5
20888 37 37 5
20889 35 34 4
20890 42 41 5
20891 35 34 4
20892 44 43 5
20893 31 31 5
20894 45 44 6
20895 26 26 6
20896 42 42 4
20897 44 43 5
20898 29 29 5
20899 37 36 6
20900 36 36 6
20901 34 34 6
20902 40 40 4
20903 30 29 5
20904 43 43 5
20905 45 44 6
20906 34 34 4
20907 42 41 5
20908 43 42 6
20909 30 30 4
20910 44 43 5
20911 35 34 6
20912 24 23 5
20913 33 32 4
20914 50 49 9
20915 37 36 4
20916 76 75 5
20917 25 24 4
20918 46 45 9
20919 29 28 4
20920 48 47 5
20921 39 39 5
20922 39 39 5
20923 35 35 5
20924 33 32 6
20925 38 38 4
20926 26 25 5
20927 45 44 4
20928 46 45 5
20929 35 34 6
20930 40 40 4
20931 22 21 5
20932 35 34 6
20933 40 40 4
20934 30 29 5
20935 51 50 6
20936 42 42 4
20937 30 29 5
20938 33 33 5
20939 33 33 5
20940 35 34 6
20941 30 30 4
20942 36 35 5
20943 27 27 5
20944 33 32 6
20945 30 30 8
20946 40 40 8
20947 38 38 6
20948 32 31 5
20949 21 21 5
20950 35 34 8
20951 26 26 4
20952 20 19 5
20953 29 29 5
20954 25 24 4
20955 22 21 5
20956 21 20 4
20957 32 31 5
20958 27 26 4
20959 36 35 5
20960 19 18 4
20961 30 29 5
20962 19 19 5
20963 31 30 6
20964 34 34 4
20965 38 37 5
20966 29 28 6
20967 52 51 5
20968 27 27 5
20969 31 30 4
20970 42 41 5
20971 25 24 4
20972 22 21 5
20973 15 14 4
20974 36 35 5
20975 37 36 6
20976 54 54 6
20977 48 47 5
20978 23 23 5
20979 25 24 6
20980 44 44 4
20981 54 53 5
20982 31 30 6
20983 30 30 4
20984 36 35 5
20985 25 25 5
20986 33 33 5
20987 39 38 6
20988 30 30 6
20989 38 38 8
20990 36 36 4
20991 16 15 5
20992 33 33 5
20993 53 53 9
20994 23 23 5
20995 37 36 4
20996 20 19 5
20997 25 24 6
20998 36 36 6
20999 32 32 6
21000 20 20 4
21001 26 25 5
21002 25 25 5
21003 17 16 4
21004 28 27 5
21005 35 34 4
21006 36 35 5
21007 25 24 4
21008 36 35 5
21009 29 29 5
21010 25 24 4
21011 28 27 5
21012 35 35 5
21013 27 26 6
21014 32 32 4
21015 22 21 5
21016 29 28 4
21017 30 29 5
21018 27 26 4
21019 28 27 5
21020 33 33 5
21021 19 19 5
21022 17 16 4
21023 16 15 5
21024 27 27 5
21025 29 28 6
21026 18 18 4
21027 28 27 5
21028 31 30 4
21029 20 19 5
21030 33 33 5
21031 19 18 4
21032 20 19 5
21033 21 21 5
21034 25 24 6
21035 20 20 4
21036 32 31 5
21037 21 20 6
21038 28 28 6
21039 32 31 5
21040 29 28 6
21041 24 24 4
21042 26 25 5
21043 17 16 4
21044 30 29 5
21045 29 28 4
21046 28 27 5
21047 21 20 6
21048 18 18 6
21049 18 18 6
21050 14 14 6
21051 26 26 4
21052 30 29 5
21053 23 22 4
21054 22 21 5
21055 25 24 4
21056 20 19 5
21057 27 26 4
21058 18 17 5
21059 19 18 4
21060 16 15 5
21061 37 36 6
21062 28 28 4
21063 26 25 5
21064 19 19 5
21065 27 26 4
21066 32 31 7
21067 27 26 6
21068 12 12 4
21069 28 27 5
21070 33 32 4
21071 38 37 5
21072 29 28 4
21073 24 23 5
21074 15 14 6
21075 24 24 4
21076 30 29 7
21077 29 28 4
21078 26 25 5
21079 29 29 5
21080 21 21 5
21081 17 16 6
21082 22 21 5
21083 53 52 4
21084 32 31 5
21085 23 23 5
21086 21 21 5
21087 33 32 6
21088 28 28 6
21089 22 22 6
21090 16 16 4
21091 34 33 5
21092 39 38 6
21093 30 30 8
21094 28 28 4
21095 26 25 5
21096 21 20 6
21097 30 30 4
21098 38 37 5
21099 17 16 4
21100 24 23 5
21101 19 18 4
21102 30 29 5
21103 17 17 5
21104 19 18 4
21105 18 17 5
21106 21 21 5
21107 23 22 4
21108 26 25 5
21109 17 17 5
21110 29 28 6
21111 22 21 5
21112 27 26 4
21113 22 21 5
21114 23 23 5
21115 23 22 4
21116 22 21 5
21117 19 18 4
21118 30 29 5
21119 27 26 4
21120 24 23 5
21121 23 22 4
21122 30 29 5
21123 13 12 4
21124 22 21 5
21125 19 18 6
21126 20 20 4
21127 16 15 5
21128 23 22 6
21129 26 26 6
21130 20 20 4
21131 16 15 5
21132 17 16 4
21133 22 21 5
21134 25 24 4
21135 26 25 5
21136 25 24 4
21137 24 23 5
21138 17 16 4
21139 22 21 5
21140 21 21 5
21141 17 16 4
21142 34 33 5
21143 35 35 5
21144 21 20 6
21145 20 20 6
21146 18 18 4
21147 26 25 5
21148 29 29 5
21149 23 23 5
21150 13 12 4
21151 18 17 5
21152 27 26 4
21153 24 23 5
21154 23 22 4
21155 24 23 5
21156 31 30 4
21157 20 19 5
21158 27 26 4
21159 24 23 5
21160 27 26 4
21161 20 19 5
21162 21 20 4
21163 16 15 5
21164 19 18 4
21165 22 21 5
21166 31 30 4
21167 26 25 5
21168 19 18 4
21169 26 25 5
21170 25 24 4
21171 26 25 5
21172 25 24 4
21173 34 33 5
21174 25 24 4
21175 30 29 5
21176 31 30 4
21177 36 35 5
21178 23 22 4
21179 28 27 5
21180 27 26 6
21181 42 42 4
21182 36 35 5
21183 19 18 4
21184 28 27 7
21185 41 40 6
21186 34 34 8
21187 34 34 6
21188 36 36 6
21189 38 38 4
21190 46 45 5
21191 47 46 8
21192 44 44 8
21193 36 36 6
21194 52 51 9
21195 55 55 5
21196 35 35 7
21197 41 40 8
21198 42 42 4
21199 44 43 7
21200 71 70 10
21201 54 54 8
21202 42 41 11
21203 57 56 6
21204 32 31 5
21205 33 32 4
21206 34 33 5
21207 49 48 8
21208 40 40 6
21209 48 47 9
21210 25 24 6
21211 48 48 8
21212 34 34 6
21213 52 51 7
21214 33 32 6
21215 30 29 5
21216 41 40 8
21217 24 23 7
21218 31 30 4
21219 28 27 7
21220 43 42 12
21221 30 30 6
21222 30 30 8
21223 30 29 7
21224 33 33 5
21225 39 39 7
21226 35 35 5
21227 35 35 9
21228 25 24 4
21229 24 23 5
21230 23 23 5
21231 33 32 6
21232 28 28 4
21233 36 35 5
21234 37 36 4
21235 28 27 5
21236 21 21 5
21237 27 26 6
21238 32 31 7
21239 29 29 9
21240 27 26 8
21241 24 24 6
21242 44 44 10
21243 26 25 5
21244 23 22 6
21245 32 32 4
21246 20 19 5
21247 29 28 4
21248 32 31 7
21249 31 30 4
21250 32 31 5
21251 39 38 4
21252 28 27 5
21253 39 38 8
21254 46 46 10
21255 26 26 8
21256 28 28 6
21257 26 26 4
21258 26 25 5
21259 53 52 4
21260 36 35 7
21261 29 29 5
21262 37 37 5
21263 41 41 5
21264 57 57 7
21265 15 14 4
21266 18 17 5
21267 47 46 8
21268 46 46 6
21269 28 28 6
21270 20 20 4
21271 20 19 5
21272 39 38 8
21273 28 27 5
21274 23 23 7
21275 19 18 4
21276 34 33 7
21277 13 13 5
21278 23 22 4
21279 40 39 7
21280 25 24 10
21281 22 21 5
21282 29 28 8
21283 18 18 6
21284 18 18 4
21285 26 25 7
21286 21 21 5
21287 31 30 4
21288 26 25 5
21289 31 31 7
21290 13 12 4
21291 16 15 5
21292 19 18 4
21293 18 17 5
21294 11 10 4
21295 16 15 5
21296 27 26 4
21297 20 19 5
21298 13 13 5
21299 13 12 4
21300 18 17 5
21301 19 18 6
21302 18 18 4
21303 28 27 7
21304 11 10 4
21305 12 11 5
21306 17 16 6
21307 14 14 4
21308 20 19 5
21309 21 20 4
21310 28 27 5
21311 17 17 5
21312 17 16 4
21313 12 11 5
21314 15 15 5
21315 11 11 5
21316 15 14 6
21317 18 18 4
21318 20 19 5
21319 23 23 5
21320 23 22 6
21321 12 12 4
21322 18 17 5
21323 25 24 6
21324 26 26 4
21325 28 27 5
21326 13 12 4
21327 22 21 5
21328 19 19 5
21329 17 16 4
21330 20 19 5
21331 25 24 4
21332 26 25 5
21333 21 20 4
21334 18 17 5
21335 15 14 4
21336 20 19 5
21337 19 19 5
21338 11 11 5
21339 23 22 4
21340 20 19 5
21341 17 17 5
21342 31 30 4
21343 22 21 5
21344 23 22 6
21345 16 16 4
21346 26 25 5
21347 27 26 4
21348 22 21 5
21349 15 15 5
21350 29 28 4
21351 22 21 5
21352 21 21 5
21353 35 34 6
21354 28 28 4
21355 24 23 5
21356 27 26 4
21357 16 15 5
21358 19 18 6
21359 16 16 4
21360 30 29 5
21361 21 20 6
21362 20 20 8
21363 34 34 4
21364 18 17 5
21365 11 11 5
21366 25 24 6
21367 34 34 6
21368 24 24 4
21369 28 27 5
21370 11 10 4
21371 18 17 5
21372 15 14 4
21373 20 19 5
21374 25 24 6
21375 30 30 6
21376 22 22 6
21377 28 27 5
21378 21 21 5
21379 7 6 5
21380 19 18 4
21381 32 31 7
21382 19 18 4
21383 22 21 7
21384 9 8 4
21385 16 15 5
21386 21 20 4
21387 14 13 5
21388 25 24 4
21389 12 11 5
21390 25 25 5
21391 17 16 4
21392 16 15 5
21393 23 22 6
21394 14 14 4
21395 18 17 5
21396 19 18 6
21397 26 26 4
21398 16 15 5
21399 17 16 4
21400 16 15 5
21401 23 22 4
21402 22 21 5
21403 21 20 4
21404 26 25 5
21405 15 15 5
21406 27 26 4
21407 18 17 5
21408 15 15 5
21409 9 9 5
21410 17 16 4
21411 20 19 5
21412 15 14 4
21413 18 17 5
21414 25 24 6
21415 26 26 4
21416 24 23 5
21417 15 14 4
21418 16 15 5
21419 13 13 5
21420 19 18 6
21421 14 14 4
21422 18 17 7
21423 13 12 4
21424 18 17 5
21425 29 28 6
21426 26 26 6
21427 16 16 6
21428 20 20 4
21429 24 23 5
21430 17 16 6
21431 14 14 4
21432 18 17 5
21433 19 18 4
21434 18 17 5
21435 13 13 5
21436 15 14 4
21437 14 13 5
21438 11 10 4
21439 18 17 5
21440 15 14 4
21441 16 15 7
21442 31 30 6
21443 20 19 5
21444 17 17 5
21445 11 11 5
21446 13 12 4
21447 14 13 5
21448 27 27 5
21449 23 23 5
21450 17 17 5
21451 21 20 4
21452 14 13 5
21453 17 17 5
21454 17 17 5
21455 27 26 6
21456 28 28 4
21457 22 21 5
21458 17 17 5
21459 17 16 4
21460 20 19 5
21461 13 13 5
21462 11 10 6
21463 20 20 6
21464 22 22 4
21465 22 21 5
21466 15 15 5
21467 17 16 4
21468 24 23 5
21469 21 20 4
21470 16 15 5
21471 27 26 4
21472 24 23 5
21473 23 22 4
21474 8 7 6
21475 30 30 6
21476 24 24 6
21477 12 12 4
21478 38 37 7
21479 21 20 6
21480 26 25 5
21481 25 24 6
21482 16 16 4
21483 24 23 5
21484 31 30 6
21485 24 24 4
21486 20 19 5
21487 27 26 6
21488 16 16 4
21489 14 13 7
21490 19 18 4
21491 22 21 5
21492 27 27 5
21493 23 22 4
21494 26 25 5
21495 19 18 4
21496 30 29 5
21497 15 14 4
21498 20 19 5
21499 19 18 4
21500 18 17 5
21501 21 20 4
21502 18 17 5
21503 25 24 4
21504 20 19 5
21505 29 28 4
21506 18 17 5
21507 19 19 5
21508 21 20 4
21509 18 17 7
21510 25 24 6
21511 18 18 6
21512 22 22 4
21513 22 21 7
21514 21 20 6
21515 18 18 6
21516 16 16 4
21517 22 21 5
21518 29 28 4
21519 16 15 5
21520 13 12 4
21521 20 19 7
21522 11 10 4
21523 14 13 5
21524 21 21 5
21525 21 20 6
21526 20 20 6
21527 20 20 4
21528 10 9 5
21529 13 12 4
21530 20 19 5
21531 23 22 6
21532 16 16 6
21533 18 18 4
21534 26 25 7
21535 11 10 4
21536 22 21 7
21537 13 12 4
21538 12 11 5
21539 11 10 4
21540 14 13 5
21541 15 14 6
21542 16 15 5
21543 19 18 6
21544 26 26 6
21545 26 26 6
21546 22 22 6
21547 16 16 4
21548 18 17 5
21549 17 16 4
21550 12 11 5
21551 13 12 4
21552 16 15 5
21553 17 17 5
21554 13 12 4
21555 16 15 5
21556 19 19 5
21557 13 12 4
21558 16 15 5
21559 15 14 4
21560 16 15 7
21561 13 12 4
21562 18 17 5
21563 13 12 6
21564 10 10 4
21565 20 19 5
21566 23 23 5
21567 19 19 5
21568 19 18 6
21569 18 17 5
21570 9 8 4
21571 16 15 5
21572 15 15 5
21573 15 14 4
21574 22 21 5
21575 11 11 5
21576 15 14 4
21577 20 19 5
21578 15 15 5
21579 19 19 5
21580 17 17 5
21581 25 24 6
21582 14 14 4
21583 14 13 5
21584 11 10 4
21585 12 11 5
21586 17 16 6
21587 10 10 4
21588 16 15 5
21589 19 18 4
21590 14 13 5
21591 19 18 6
21592 20 19 5
21593 15 15 5
21594 13 13 5
21595 15 14 6
21596 14 14 4
21597 16 15 5
21598 17 16 4
21599 26 25 5
21600 17 17 5
21601 11 10 4
21602 14 13 7
21603 11 10 4
21604 14 13 5
21605 25 24 4
21606 18 17 5
21607 15 14 6
21608 12 12 4
21609 28 27 5
21610 17 17 5
21611 17 16 4
21612 24 23 5
21613 15 15 5
21614 29 29 5
21615 23 22 6
21616 22 22 4
21617 20 19 5
21618 21 20 4
21619 22 21 5
21620 25 25 5
21621 25 24 6
21622 18 18 4
21623 22 21 5
21624 21 20 6
21625 10 10 4
21626 12 11 5
21627 13 12 4
21628 22 21 5
21629 15 14 4
21630 14 13 5
21631 15 14 4
21632 32 31 7
21633 21 20 6
21634 10 10 4
21635 16 15 5
21636 19 18 4
21637 18 17 5
21638 25 25 5
21639 15 14 4
21640 16 15 5
21641 13 12 4
21642 16 15 5
21643 11 10 4
21644 12 11 5
21645 33 32 6
21646 18 18 6
21647 22 21 5
21648 15 15 5
21649 19 18 4
21650 16 15 5
21651 33 32 6
21652 38 37 5
21653 25 24 6
21654 20 20 6
21655 16 16 4
21656 16 15 5
21657 43 42 6
21658 42 42 6
21659 14 14 4
21660 22 21 5
21661 17 16 4
21662 32 31 5
21663 41 40 4
21664 40 39 5
21665 21 20 4
21666 22 21 5
21667 17 17 5
21668 49 48 6
21669 24 24 4
21670 24 23 5
21671 33 33 5
21672 35 35 5
21673 37 36 4
21674 24 23 5
21675 29 28 4
21676 34 33 5
21677 45 44 6
21678 24 24 4
21679 26 25 5
21680 27 26 4
21681 32 31 7
21682 27 26 4
21683 32 31 5
21684 31 30 4
21685 30 29 5
21686 33 32 4
21687 36 35 5
21688 27 26 4
21689 32 31 5
21690 23 22 4
21691 24 23 5
21692 45 44 6
21693 28 27 5
21694 33 33 5
21695 41 41 5
21696 35 35 5
21697 33 33 7
21698 55 54 8
21699 32 32 8
21700 36 35 7
21701 35 35 7
21702 41 40 8
21703 30 29 5
21704 33 32 4
21705 34 33 7
21706 21 20 4
21707 44 43 5
21708 31 31 7
21709 21 20 6
21710 40 40 10
21711 20 19 5
21712 33 33 11
21713 25 24 4
21714 36 35 5
21715 33 32 4
21716 52 51 7
21717 35 35 5
21718 23 23 5
21719 21 21 5
21720 27 26 4
21721 20 19 7
21722 35 34 8
21723 22 21 5
21724 33 32 4
21725 56 55 7
21726 23 22 6
21727 30 30 8
21728 38 38 4
21729 26 25 5
21730 27 26 4
21731 28 27 5
21732 23 23 5
21733 27 26 4
21734 20 19 5
21735 21 20 6
21736 32 31 5
21737 27 26 4
21738 24 23 5
21739 25 25 5
21740 21 20 4
21741 28 27 5
21742 15 15 5
21743 41 40 8
21744 30 30 6
21745 30 29 7
21746 19 18 4
21747 26 25 5
21748 19 19 5
21749 27 26 4
21750 40 39 5
21751 29 28 6
21752 30 30 4
21753 22 21 5
21754 21 21 5
21755 39 38 6
21756 34 33 5
21757 31 30 6
21758 34 33 5
21759 19 19 5
21760 27 26 6
21761 14 14 4
21762 20 19 5
21763 21 20 4
21764 24 23 5
21765 21 20 4
21766 38 37 5
21767 13 13 5
21768 29 28 6
21769 30 30 6
21770 24 24 4
21771 20 19 5
21772 29 28 4
21773 42 41 5
21774 31 30 6
21775 24 24 6
21776 20 20 6
21777 40 40 6
21778 32 31 5
21779 25 24 6
21780 18 17 5
21781 13 13 5
21782 17 16 4
21783 22 21 7
21784 33 33 5
21785 23 23 5
21786 17 16 4
21787 30 29 5
21788 21 20 4
21789 26 25 5
21790 19 19 5
21791 29 29 5
21792 27 27 5
21793 17 16 4
21794 32 31 5
21795 23 23 7
21796 17 16 4
21797 20 19 5
21798 15 14 4
21799 22 21 5
21800 19 19 5
21801 33 32 6
21802 24 24 4
21803 18 17 5
21804 19 19 5
21805 11 10 4
21806 20 19 7
21807 13 13 5
21808 23 22 4
21809 16 15 5
21810 19 18 4
21811 20 19 5
21812 23 23 5
21813 19 18 6
21814 12 12 6
21815 32 32 6
21816 18 17 5
21817 13 12 4
21818 20 19 5
21819 13 12 4
21820 18 17 5
21821 23 22 4
21822 26 25 5
21823 17 16 4
21824 16 15 5
21825 23 22 4
21826 16 15 5
21827 15 14 4
21828 18 17 5
21829 11 10 4
21830 10 9 5
21831 23 22 6
21832 14 14 4
21833 14 13 5
21834 13 13 5
21835 13 12 4
21836 16 15 5
21837 15 14 6
21838 14 14 6
21839 22 22 4
21840 14 13 5
21841 11 10 4
21842 14 13 5
21843 23 23 5
21844 13 12 4
21845 16 15 5
21846 21 20 6
21847 18 18 6
21848 12 12 4
21849 30 29 5
21850 17 17 5
21851 17 17 5
21852 23 22 4
21853 20 19 5
21854 19 19 5
21855 15 14 4
21856 20 19 5
21857 23 22 6
21858 10 10 4
21859 16 15 5
21860 21 20 4
21861 26 25 5
21862 11 11 5
21863 11 11 5
21864 13 12 4
21865 16 15 5
21866 13 12 6
21867 12 12 4
21868 16 15 5
21869 21 20 4
21870 26 25 5
21871 15 14 4
21872 16 15 5
21873 21 20 4
21874 14 13 5
21875 11 11 5
21876 13 12 4
21877 16 15 7
21878 21 20 6
21879 10 10 4
21880 12 11 5
21881 15 15 5
21882 15 14 4
21883 22 21 5
21884 21 21 5
21885 17 16 4
21886 14 13 5
21887 13 12 6
21888 12 12 4
21889 24 23 5
21890 33 32 6
21891 14 13 5
21892 25 24 6
21893 18 18 6
21894 14 14 4
21895 12 11 5
21896 17 17 5
21897 13 12 4
21898 18 17 5
21899 11 10 4
21900 12 11 5
21901 19 18 6
21902 18 18 6
21903 18 18 6
21904 26 26 6
21905 14 13 5
21906 23 22 4
21907 20 19 5
21908 21 20 6
21909 14 13 5
21910 23 23 5
21911 13 12 6
21912 14 14 4
21913 20 19 7
21914 15 14 4
21915 14 13 5
21916 23 23 7
21917 21 20 6
21918 10 10 4
21919 24 23 7
21920 19 18 4
21921 16 15 5
21922 19 18 4
21923 12 11 5
21924 19 19 5
21925 17 16 6
21926 20 20 6
21927 30 29 5
21928 23 23 5
21929 15 14 4
21930 16 15 5
21931 19 18 6
21932 22 22 4
21933 26 25 5
21934 15 15 5
21935 11 11 5
21936 9 9 5
21937 15 15 5
21938 21 20 6
21939 18 17 5
21940 21 20 6
21941 14 14 4
21942 14 13 7
21943 7 6 5
21944 13 12 4
21945 6 5 4
21946 20 19 5
21947 17 17 5
21948 15 15 5
21949 11 10 4
21950 22 21 5
21951 11 10 4
21952 20 19 5
21953 23 22 6
21954 20 20 4
21955 16 15 5
21956 13 13 5
21957 15 14 6
21958 6 6 6
21959 27 26 6
21960 24 24 4
21961 18 17 5
21962 23 22 6
21963 32 32 4
21964 18 17 5
21965 11 10 4
21966 20 19 5
21967 17 17 5
21968 17 16 6
21969 20 20 4
21970 20 19 5
21971 23 22 4
21972 24 23 5
21973 7 6 5
21974 9 8 4
21975 16 15 5
21976 19 18 6
21977 18 18 4
21978 22 21 7
21979 15 15 5
21980 23 22 6
21981 18 18 4
21982 14 13 5
21983 17 16 4
21984 18 17 5
21985 23 22 6
21986 28 28 6
21987 16 16 4
21988 14 13 5
21989 15 15 5
21990 19 19 5
21991 23 23 5
21992 23 23 5
21993 25 24 4
21994 38 37 5
21995 27 26 4
21996 28 27 5
21997 15 15 5
21998 21 20 6
21999 10 10 4
22000 30 29 5
22001 15 14 4
22002 24 23 5
22003 27 27 5
22004 21 21 5
22005 15 15 5
22006 9 8 4
22007 14 13 5
22008 19 18 4
22009 50 49 5
22010 35 34 4
22011 28 27 5
22012 17 17 5
22013 15 14 4
22014 20 19 5
22015 27 26 4
22016 36 35 5
22017 35 34 4
22018 34 33 5
22019 17 16 6
22020 14 14 4
22021 16 15 5
22022 13 13 5
22023 27 26 4
22024 42 41 5
22025 19 18 4
22026 24 23 5
22027 15 14 6
22028 40 40 4
22029 52 51 5
22030 53 52 4
22031 62 61 5
22032 47 46 4
22033 34 33 5
22034 25 24 4
22035 36 35 5
22036 51 50 4
22037 38 37 5
22038 27 27 5
22039 13 13 5
22040 37 36 4
22041 56 55 5
22042 67 66 4
22043 42 41 5
22044 39 38 6
22045 40 40 6
22046 66 65 5
22047 47 47 5
22048 45 44 6
22049 56 56 6
22050 28 28 4
22051 32 31 5
22052 43 43 5
22053 53 52 4
22054 46 45 5
22055 43 43 5
22056 45 44 6
22057 40 39 7
22058 51 50 6
22059 44 44 4
22060 60 59 5
22061 39 38 8
22062 52 52 6
22063 44 44 8
22064 36 36 6
22065 36 35 5
22066 49 48 8
22067 28 28 6
22068 20 19 5
22069 49 48 6
22070 26 25 5
22071 31 31 9
22072 45 44 14
22073 30 30 6
22074 50 50 10
22075 34 33 5
22076 27 26 6
22077 46 46 6
22078 30 29 11
22079 47 46 10
22080 38 38 8
22081 20 20 4
22082 36 35 7
22083 25 24 4
22084 40 39 11
22085 51 51 11
22086 29 28 6
22087 18 18 4
22088 22 21 5
22089 31 31 5
22090 35 34 8
22091 24 24 4
22092 20 19 5
22093 23 22 8
22094 28 27 7
22095 19 19 5
22096 25 25 5
22097 51 50 12
22098 36 35 7
22099 37 37 11
22100 11 11 5
22101 33 32 4
22102 10 9 5
22103 13 12 4
22104 26 25 5
22105 27 26 6
22106 22 21 9
22107 13 13 5
22108 31 30 10
22109 24 24 10
22110 32 31 7
22111 37 37 13
22112 15 15 5
22113 29 28 4
22114 16 15 7
22115 25 24 4
22116 26 25 5
22117 29 28 6
22118 46 45 7
22119 25 24 6
22120 14 14 4
22121 20 19 5
22122 15 15 5
22123 25 24 6
22124 24 23 7
22125 21 21 7
22126 21 20 6
22127 18 18 4
22128 14 13 5
22129 17 16 4
22130 16 15 5
22131 13 12 4
22132 16 15 7
22133 19 19 5
22134 31 30 6
22135 12 12 4
22136 18 17 5
22137 29 28 8
22138 20 20 6
22139 16 16 4
22140 20 19 5
22141 9 8 4
22142 28 27 5
22143 29 29 7
22144 17 16 6
22145 22 21 5
22146 25 24 4
22147 26 25 5
22148 25 24 6
22149 20 19 5
22150 23 22 6
22151 22 22 6
22152 22 22 4
22153 16 15 5
22154 15 14 4
22155 14 13 5
22156 19 19 5
22157 23 23 5
22158 13 12 4
22159 18 17 7
22160 23 22 4
22161 22 21 5
22162 15 14 4
22163 24 23 5
22164 15 14 4
22165 16 15 5
22166 21 20 6
22167 22 22 6
22168 32 31 5
22169 23 23 5
22170 15 15 5
22171 17 16 4
22172 16 15 5
22173 11 10 4
22174 16 15 5
22175 21 20 6
22176 22 22 4
22177 16 15 5
22178 19 19 5
22179 21 20 4
22180 24 23 5
22181 23 22 4
22182 24 23 5
22183 17 17 5
22184 17 16 6
22185 16 16 6
22186 14 14 4
22187 24 23 5
22188 15 15 5
22189 13 12 6
22190 16 16 4
22191 20 19 5
22192 29 28 4
22193 14 13 5
22194 15 14 6
22195 14 14 4
22196 26 25 5
22197 19 19 5
22198 27 27 5
22199 15 14 4
22200 18 17 7
22201 23 23 5
22202 23 22 6
22203 20 20 4
22204 14 13 5
22205 27 27 5
22206 25 24 4
22207 26 25 5
22208 25 24 6
22209 10 10 4
22210 16 15 5
22211 19 18 4
22212 22 21 5
22213 17 17 7
22214 21 20 4
22215 24 23 5
22216 15 14 6
22217 18 18 4
22218 28 27 5
22219 21 20 6
22220 26 26 4
22221 26 25 5
22222 21 20 6
22223 22 22 4
22224 20 19 5
22225 29 28 4
22226 16 15 5
22227 41 41 5
22228 19 18 4
22229 28 27 5
22230 23 22 4
22231 22 21 5
22232 25 24 4
22233 18 17 5
22234 35 34 4
22235 28 27 5
22236 29 29 5
22237 23 23 5
22238 19 18 4
22239 18 17 5
22240 21 20 4
22241 44 43 5
22242 25 24 6
22243 18 18 6
22244 38 38 4
22245 24 23 5
22246 21 20 4
22247 34 33 5
22248 35 35 5
22249 15 14 4
22250 24 23 5
22251 21 20 4
22252 38 37 5
22253 21 20 4
22254 22 21 5
22255 19 19 5
22256 37 36 4
22257 24 23 5
22258 25 24 6
22259 22 22 4
22260 26 25 5
22261 21 20 4
22262 34 33 5
22263 39 38 4
22264 20 19 5
22265 17 16 4
22266 32 31 5
22267 27 26 6
22268 36 36 4
22269 30 29 5
22270 41 40 6
22271 34 34 4
22272 40 39 7
22273 25 24 6
22274 24 24 6
22275 28 28 4
22276 28 27 5
22277 23 23 5
22278 31 30 4
22279 28 27 5
22280 25 24 4
22281 24 23 5
22282 21 21 5
22283 25 24 6
22284 30 29 5
22285 33 32 4
22286 30 29 5
22287 31 31 5
22288 23 22 4
22289 34 33 5
22290 25 25 5
22291 25 24 4
22292 18 17 5
22293 33 32 4
22294 20 19 5
22295 21 21 5
22296 25 24 4
22297 22 21 7
22298 25 24 4
22299 32 31 5
22300 29 28 4
22301 14 13 5
22302 29 28 6
22303 22 22 4
22304 14 13 5
22305 39 39 5
22306 37 36 6
22307 34 33 5
22308 23 23 5
22309 25 25 5
22310 25 25 5
22311 31 30 6
22312 28 27 5
22313 27 26 6
22314 18 18 6
22315 22 22 6
22316 16 16 6
22317 22 22 4
22318 20 19 5
22319 13 12 4
22320 24 23 5
22321 25 24 4
22322 14 13 5
22323 15 14 4
22324 20 19 5
22325 11 10 4
22326 28 27 5
22327 17 16 6
22328 18 18 4
22329 16 15 5
22330 9 8 4
22331 22 21 5
22332 25 25 5
22333 23 22 6
22334 20 20 4
22335 22 21 7
22336 17 16 4
22337 18 17 5
22338 15 14 4
22339 20 19 7
22340 27 26 6
22341 30 30 6
22342 20 20 6
22343 14 14 4
22344 16 15 5
22345 13 12 4
22346 6 5 4
22347 24 23 5
22348 33 32 6
22349 34 33 5
22350 15 14 4
22351 14 13 5
22352 11 11 5
22353 17 16 6
22354 22 22 6
22355 20 20 4
22356 20 19 5
22357 19 18 4
22358 18 17 5
22359 19 18 4
22360 10 9 5
22361 11 11 5
22362 13 12 4
22363 20 19 5
22364 19 18 4
22365 16 15 5
22366 11 11 5
22367 7 6 5
22368 13 12 4
22369 28 27 5
22370 19 19 5
22371 13 12 4
22372 24 23 5
22373 19 18 6
22374 12 11 5
22375 17 16 4
22376 14 13 5
22377 13 13 5
22378 17 16 4
22379 16 15 5
22380 29 28 6
22381 22 21 5
22382 37 37 5
22383 21 21 7
22384 15 14 4
22385 10 9 5
22386 21 20 4
22387 26 25 5
22388 31 31 5
22389 19 18 4
22390 26 25 5
22391 21 21 5
22392 21 21 5
22393 29 29 5
22394 21 21 5
22395 39 38 6
22396 28 28 4
22397 36 35 7
22398 21 20 4
22399 34 33 5
22400 33 32 4
22401 20 19 5
22402 23 23 5
22403 35 35 5
22404 23 22 4
22405 28 27 5
22406 45 44 4
22407 10 9 5
22408 17 16 4
22409 24 23 5
22410 19 18 4
22411 20 19 5
22412 13 13 5
22413 17 16 6
22414 16 15 5
22415 27 26 4
22416 20 19 5
22417 19 18 4
22418 18 17 5
22419 35 34 4
22420 26 25 5
22421 33 32 6
22422 14 14 4
22423 16 15 5
22424 19 19 5
22425 29 28 6
22426 40 40 4
22427 28 27 7
22428 21 21 5
22429 29 28 6
22430 14 13 5
22431 21 20 4
22432 22 21 5
22433 35 34 10
22434 12 11 5
22435 31 30 6
22436 18 17 5
22437 21 20 4
22438 36 35 11
22439 23 22 8
22440 20 19 5
22441 35 34 10
22442 22 22 6
22443 26 25 7
22444 29 29 5
22445 25 24 4
22446 20 19 5
22447 19 18 4
22448 16 15 5
22449 23 22 6
22450 24 23 5
22451 27 26 4
22452 38 37 9
22453 19 19 5
22454 21 21 5
22455 41 41 9
22456 35 34 6
22457 26 26 8
22458 22 22 4
22459 20 19 5
22460 31 30 6
22461 32 32 6
22462 36 36 10
22463 20 20 4
22464 18 17 5
22465 17 16 4
22466 30 29 7
22467 21 21 5
22468 29 29 9
22469 25 24 8
22470 34 34 6
22471 20 20 4
22472 34 33 9
22473 25 25 7
22474 25 24 8
22475 26 26 10
22476 12 11 5
22477 27 27 5
22478 17 16 4
22479 30 29 5
22480 27 26 4
22481 18 17 5
22482 25 25 7
22483 27 26 6
22484 30 30 10
22485 26 26 8
22486 22 22 6
22487 32 32 8
22488 16 16 4
22489 28 27 5
22490 19 18 6
22491 18 17 5
22492 33 32 6
22493 18 18 6
22494 30 29 5
22495 25 25 9
22496 25 24 6
22497 20 20 8
22498 28 27 5
22499 25 25 5
22500 37 37 5
22501 31 30 6
22502 16 16 4
22503 18 17 5
22504 17 16 4
22505 40 39 5
22506 47 47 5
22507 35 34 4
22508 32 31 5
22509 37 36 4
22510 22 21 5
22511 33 32 4
22512 32 31 5
22513 43 43 5
22514 49 49 5
22515 59 58 6
22516 44 44 4
22517 32 31 5
22518 45 44 6
22519 44 44 4
22520 58 57 5
22521 47 46 6
22522 28 28 4
22523 32 31 5
22524 35 35 5
22525 29 29 7
22526 37 36 4
22527 26 25 5
22528 27 26 4
22529 26 25 5
22530 45 44 6
22531 36 36 4
22532 38 37 5
22533 37 36 8
22534 34 34 4
22535 24 23 5
22536 39 38 8
22537 44 43 5
22538 31 30 6
22539 42 41 9
22540 31 30 4
22541 26 25 5
22542 31 30 6
22543 22 22 4
22544 20 19 5
22545 39 38 6
22546 22 21 5
22547 15 14 4
22548 22 21 7
22549 37 37 5
22550 33 32 4
22551 22 21 5
22552 27 27 7
22553 15 14 6
22554 32 32 4
22555 30 29 5
22556 35 34 4
22557 34 33 5
22558 23 23 5
22559 37 36 6
22560 44 43 7
22561 39 38 8
22562 30 30 4
22563 34 33 7
22564 29 29 5
22565 31 30 4
22566 26 25 7
22567 27 26 4
22568 20 19 5
22569 11 10 4
22570 28 27 7
22571 35 34 10
22572 28 27 7
22573 21 21 5
22574 17 17 5
22575 15 14 4
22576 20 19 5
22577 23 22 6
22578 28 28 4
22579 24 23 5
22580 27 27 5
22581 29 28 4
22582 18 17 5
22583 29 29 5
22584 21 20 4
22585 26 25 5
22586 21 20 4
22587 22 21 5
22588 15 14 6
22589 20 20 6
22590 36 36 6
22591 28 28 6
22592 20 19 5
22593 19 18 4
22594 32 31 5
22595 19 19 5
22596 15 14 4
22597 16 15 5
22598 17 16 4
22599 16 15 5
22600 23 22 4
22601 22 21 5
22602 17 16 6
22603 16 16 4
22604 20 19 5
22605 25 24 4
22606 22 21 5
22607 25 24 6
22608 16 15 5
22609 11 10 4
22610 18 17 5
22611 23 23 5
22612 13 13 5
22613 31 30 6
22614 28 28 6
22615 16 16 4
22616 20 19 5
22617 17 16 4
22618 18 17 5
22619 17 17 5
22620 27 26 4
22621 20 19 5
22622 33 33 5
22623 39 38 4
22624 48 47 5
22625 53 53 5
22626 103 103 5
22627 61 60 4
22628 34 33 5
22629 47 46 4
22630 32 31 5
22631 53 53 5
22632 51 50 4
22633 20 19 5
22634 35 35 5
22635 21 20 6
22636 32 32 6
22637 30 30 4
22638 40 39 5
22639 41 41 5
22640 19 19 5
22641 31 30 6
22642 22 22 4
22643 30 29 5
22644 27 27 5
22645 15 14 4
22646 28 27 5
22647 23 22 6
22648 22 22 6
22649 24 24 4
22650 14 13 5
22651 21 21 5
22652 21 21 5
22653 19 18 6
22654 24 24 4
22655 26 25 5
22656 19 19 7
22657 23 22 6
22658 28 28 8
22659 30 30 6
22660 20 19 5
22661 27 26 6
22662 34 33 5
22663 25 24 4
22664 30 29 5
22665 33 32 6
22666 22 21 5
22667 41 40 8
22668 30 30 6
22669 42 42 4
22670 42 41 5
22671 49 48 6
22672 38 38 6
22673 48 48 4
22674 36 35 5
22675 49 48 6
22676 66 66 6
22677 36 36 4
22678 44 43 5
22679 47 46 6
22680 46 45 5
22681 61 61 5
22682 45 44 4
22683 52 51 5
22684 33 32 4
22685 48 47 5
22686 41 40 6
22687 52 52 6
22688 34 34 4
22689 36 35 5
22690 33 32 6
22691 34 34 4
22692 30 29 5
22693 43 42 4
22694 50 49 5
22695 53 52 4
22696 28 27 5
22697 39 38 4
22698 48 47 5
22699 47 46 6
22700 24 24 4
22701 42 41 5
22702 53 52 4
22703 64 63 5
22704 47 47 5
22705 39 39 5
22706 45 44 4
22707 48 47 5
22708 39 38 6
22709 42 42 4
22710 56 55 5
22711 55 54 4
22712 42 41 5
22713 55 54 4
22714 38 37 5
22715 35 34 4
22716 46 45 5
22717 59 59 5
22718 37 36 4
22719 34 33 5
22720 35 34 4
22721 56 55 5
22722 35 34 6
22723 44 44 6
22724 42 41 5
22725 49 48 6
22726 40 40 4
22727 42 41 5
22728 45 44 4
22729 36 35 5
22730 27 27 5
22731 49 48 4
22732 42 41 5
22733 55 55 5
22734 57 57 5
22735 33 33 5
22736 63 62 4
22737 42 41 5
22738 53 52 4
22739 46 45 5
22740 41 40 4
22741 38 37 5
22742 45 44 4
22743 38 37 5
22744 47 46 4
22745 58 57 5
22746 39 38 4
22747 28 27 5
22748 37 36 4
22749 38 37 5
22750 55 54 4
22751 52 51 5
22752 55 54 4
22753 36 35 5
22754 41 40 4
22755 32 31 5
22756 35 34 4
22757 50 49 5
22758 47 47 5
22759 43 42 4
22760 32 31 5
22761 63 62 6
22762 30 30 4
22763 38 37 5
22764 41 40 6
22765 62 61 5
22766 41 40 4
22767 34 33 5
22768 37 36 4
22769 32 31 5
22770 49 49 5
22771 41 41 5
22772 35 34 4
22773 32 31 5
22774 41 40 6
22775 40 40 4
22776 40 39 5
22777 37 36 4
22778 38 37 5
22779 25 24 4
22780 50 49 5
22781 35 34 6
22782 34 34 4
22783 38 37 5
22784 43 42 6
22785 38 38 4
22786 44 43 5
22787 37 36 6
22788 34 34 4
22789 30 29 5
22790 39 39 5
22791 27 26 4
22792 56 55 5
22793 31 31 5
22794 23 23 5
22795 37 36 4
22796 26 25 5
22797 27 26 4
22798 38 37 7
22799 39 38 4
22800 40 39 5
22801 45 44 6
22802 42 42 6
22803 32 32 6
22804 28 28 6
22805 34 34 4
22806 46 45 5
22807 29 29 5
22808 47 46 6
22809 30 30 4
22810 32 31 5
22811 27 27 5
22812 43 43 5
22813 47 47 5
22814 43 42 6
22815 36 36 6
22816 34 34 4
22817 36 35 5
22818 53 52 6
22819 50 50 4
22820 46 45 5
22821 35 34 4
22822 40 39 5
22823 41 40 6
22824 16 16 4
22825 36 35 5
22826 43 42 6
22827 38 38 6
22828 46 46 6
22829 42 42 4
22830 42 41 7
22831 43 42 4
22832 30 29 5
22833 43 42 6
22834 34 34 6
22835 46 45 7
22836 49 48 4
22837 40 39 5
22838 45 44 4
22839 50 49 5
22840 53 52 6
22841 44 43 5
22842 41 41 5
22843 29 28 4
22844 50 49 5
22845 27 26 4
22846 52 51 5
22847 27 26 6
22848 40 40 4
22849 56 55 5
22850 43 42 6
22851 40 40 6
22852 42 42 6
22853 42 42 4
22854 56 55 5
22855 49 48 4
22856 42 41 5
22857 33 33 5
22858 39 38 4
22859 38 37 5
22860 35 34 4
22861 36 35 5
22862 27 27 5
22863 43 42 4
22864 36 35 5
22865 43 42 4
22866 32 31 5
22867 35 35 5
22868 39 38 4
22869 40 39 5
22870 39 38 6
22871 44 43 5
22872 35 34 6
22873 48 48 6
22874 42 42 4
22875 36 35 5
22876 33 33 5
22877 37 36 4
22878 40 39 5
22879 23 22 4
22880 46 45 5
22881 51 51 5
22882 21 20 4
22883 40 39 5
22884 39 39 5
22885 55 55 5
22886 53 52 4
22887 38 37 5
22888 47 46 4
22889 44 43 5
22890 59 58 6
22891 36 36 4
22892 38 37 5
22893 43 43 5
22894 37 36 4
22895 30 29 5
22896 39 39 5
22897 49 48 4
22898 34 33 5
22899 51 50 4
22900 48 47 5
22901 31 30 6
22902 52 51 5
22903 45 45 7
22904 41 40 4
22905 40 39 5
22906 25 25 5
22907 51 51 5
22908 35 34 6
22909 32 32 4
22910 36 35 5
22911 35 35 5
22912 35 35 5
22913 23 22 4
22914 32 31 5
22915 29 29 5
22916 55 55 5
22917 41 41 5
22918 47 46 4
22919 32 31 5
22920 49 48 4
22921 34 33 5
22922 21 20 4
22923 28 27 5
22924 29 28 4
22925 20 19 5
22926 29 28 4
22927 26 25 5
22928 31 30 6
22929 26 26 6
22930 16 16 6
22931 36 36 6
22932 26 26 6
22933 28 28 4
22934 32 31 7
22935 29 28 4
22936 24 23 5
22937 31 31 7
22938 31 30 8
22939 24 23 5
22940 29 29 7
22941 27 27 5
22942 25 24 6
22943 20 20 6
22944 42 42 6
22945 26 26 4
22946 40 39 5
22947 31 31 5
22948 25 24 4
22949 26 25 5
22950 17 16 4
22951 36 35 5
22952 27 27 5
22953 23 22 6
22954 26 26 4
22955 26 25 5
22956 25 25 5
22957 23 22 4
22958 22 21 5
22959 13 12 4
22960 30 29 7
22961 23 22 6
22962 24 24 4
22963 36 35 5
22964 31 31 5
22965 33 32 4
22966 20 19 5
22967 31 30 4
22968 32 31 5
22969 31 31 5
22970 43 43 7
22971 19 18 4
22972 26 25 5
22973 37 36 4
22974 30 29 5
22975 31 30 4
22976 24 23 5
22977 25 24 4
22978 30 29 5
22979 13 12 4
22980 26 25 5
22981 35 34 4
22982 26 25 5
22983 21 20 6
22984 16 16 4
22985 28 27 5
22986 19 18 6
22987 30 30 4
22988 16 15 5
22989 29 29 5
22990 13 13 5
22991 13 12 4
22992 26 25 7
22993 39 39 11
22994 29 28 4
22995 24 23 5
22996 27 26 4
22997 14 13 5
22998 25 24 4
22999 26 25 5
23000 23 22 4
23001 24 23 5
23002 21 21 5
23003 19 19 5
23004 27 26 4
23005 22 21 5
23006 21 20 4
23007 22 21 5
23008 39 38 6
23009 22 21 5
23010 23 22 4
23011 22 21 5
23012 31 30 4
23013 46 45 7
23014 25 24 4
23015 20 19 5
23016 23 23 5
23017 21 20 6
23018 16 16 4
23019 30 29 5
23020 21 21 5
23021 19 18 4
23022 28 27 7
23023 29 28 4
23024 20 19 5
23025 33 32 6
23026 22 22 4
23027 34 33 5
23028 27 27 5
23029 23 23 5
23030 23 22 4
23031 34 33 5
23032 27 26 4
23033 26 25 5
23034 21 21 5
23035 33 32 6
23036 28 28 4
23037 34 33 5
23038 17 16 4
23039 26 25 5
23040 29 28 4
23041 30 29 5
23042 19 19 5
23043 21 21 5
23044 19 18 6
23045 22 22 4
23046 36 35 7
23047 19 18 6
23048 30 30 8
23049 20 20 4
23050 34 33 7
23051 25 24 4
23052 24 23 7
23053 9 8 4
23054 20 19 5
23055 21 20 4
23056 30 29 7
23057 25 24 4
23058 24 23 5
23059 21 21 5
23060 27 26 6
23061 20 20 4
23062 24 23 5
23063 25 25 5
23064 17 16 6
23065 28 28 4
23066 20 19 5
23067 35 34 4
23068 28 27 5
23069 17 16 4
23070 18 17 5
23071 17 16 4
23072 30 29 5
23073 25 25 5
23074 29 28 4
23075 24 23 5
23076 23 22 6
23077 18 18 6
23078 20 20 6
23079 24 24 6
23080 16 16 6
23081 14 14 4
23082 20 19 5
23083 21 20 6
23084 20 20 4
23085 22 21 5
23086 21 20 4
23087 24 23 5
23088 21 21 5
23089 35 35 7
23090 15 14 6
23091 18 18 4
23092 24 23 5
23093 21 21 5
23094 27 26 4
23095 12 11 5
23096 21 20 6
23097 12 12 4
23098 20 19 7
23099 25 24 4
23100 30 29 7
23101 23 22 4
23102 16 15 5
23103 29 28 4
23104 30 29 7
23105 21 20 6
23106 22 22 4
23107 16 15 5
23108 11 10 4
23109 26 25 5
23110 13 13 5
23111 37 36 4
23112 20 19 5
23113 23 23 5
23114 29 28 4
23115 14 13 5
23116 23 23 5
23117 15 14 4
23118 28 27 5
23119 17 16 6
23120 32 31 5
23121 21 20 6
23122 8 8 4
23123 16 15 5
23124 19 18 6
23125 22 22 4
23126 28 27 5
23127 23 23 5
23128 11 10 4
23129 28 27 7
23130 21 20 4
23131 30 29 5
23132 21 20 6
23133 12 11 5
23134 17 16 6
23135 24 24 6
23136 16 16 4
23137 22 21 5
23138 13 12 4
23139 24 23 5
23140 29 29 5
23141 15 15 5
23142 23 23 5
23143 27 27 5
23144 35 34 6
23145 26 25 5
23146 15 15 5
23147 15 14 4
23148 28 27 7
23149 13 12 4
23150 28 27 5
23151 27 26 4
23152 14 13 5
23153 15 14 6
23154 14 14 4
23155 18 17 7
23156 19 18 4
23157 26 25 5
23158 13 12 4
23159 22 21 5
23160 15 15 5
23161 17 16 4
23162 24 23 5
23163 17 16 4
23164 20 19 5
23165 19 19 5
23166 19 18 6
23167 12 12 4
23168 14 13 5
23169 15 15 5
23170 25 24 6
23171 26 26 4
23172 16 15 5
23173 27 27 5
23174 21 21 5
23175 19 19 5
23176 13 13 5
23177 17 16 6
23178 14 14 6
23179 16 16 6
23180 30 30 6
23181 22 21 5
23182 15 14 4
23183 28 27 5
23184 17 16 6
23185 22 21 5
23186 29 28 4
23187 30 29 5
23188 15 14 6
23189 12 12 4
23190 18 17 5
23191 17 17 5
23192 17 16 4
23193 34 33 7
23194 19 18 6
23195 24 24 4
23196 18 17 5
23197 9 8 4
23198 20 19 5
23199 23 22 6
23200 18 18 6
23201 16 16 4
23202 26 25 5
23203 17 16 6
23204 16 16 6
23205 12 12 4
23206 18 17 5
23207 15 14 6
23208 20 20 6
23209 26 26 6
23210 32 31 5
23211 23 22 4
23212 18 17 7
23213 9 8 4
23214 10 9 5
23215 15 14 6
23216 18 18 4
23217 30 29 7
23218 19 18 4
23219 26 25 5
23220 21 20 6
23221 16 16 4
23222 14 13 5
23223 21 20 6
23224 16 16 4
23225 14 13 5
23226 17 17 5
23227 21 20 6
23228 14 14 6
23229 20 20 6
23230 24 24 6
23231 26 25 5
23232 17 17 5
23233 23 22 6
23234 24 23 5
23235 29 28 6
23236 14 14 4
23237 22 21 5
23238 31 31 5
23239 21 21 7
23240 29 28 4
23241 26 25 5
23242 21 21 5
23243 23 22 6
23244 16 16 4
23245 14 13 5
23246 19 19 5
23247 27 26 6
23248 32 32 6
23249 14 14 4
23250 22 21 5
23251 27 27 5
23252 29 28 6
23253 32 31 5
23254 35 34 4
23255 28 27 5
23256 31 30 6
23257 20 20 4
23258 24 23 5
23259 19 18 4
23260 22 21 5
23261 23 22 4
23262 26 25 5
23263 25 24 6
23264 14 14 4
23265 36 35 5
23266 45 44 6
23267 40 40 4
23268 36 35 5
23269 25 25 5
23270 21 20 4
23271 24 23 5
23272 27 26 4
23273 42 41 5
23274 27 26 6
23275 6 5 4
23276 16 15 5
23277 17 16 4
23278 18 17 5
23279 7 6 5
23280 33 32 4
23281 24 23 5
23282 37 36 6
23283 18 18 4
23284 24 23 5
23285 19 18 4
23286 40 39 5
23287 39 38 4
23288 26 25 5
23289 29 29 5
23290 29 29 5
23291 19 18 4
23292 36 35 5
23293 45 44 4
23294 56 55 5
23295 39 38 4
23296 40 39 5
23297 47 46 4
23298 32 31 5
23299 19 18 4
23300 40 39 5
23301 53 53 5
23302 41 40 4
23303 48 47 5
23304 53 52 4
23305 38 37 5
23306 35 35 5
23307 33 32 4
23308 40 39 5
23309 49 48 4
23310 40 39 5
23311 49 48 4
23312 46 45 5
23313 43 43 5
23314 35 34 6
23315 24 24 4
23316 46 45 5
23317 51 51 5
23318 53 52 6
23319 38 38 6
23320 64 63 5
23321 45 45 5
23322 47 46 6
23323 42 41 5
23324 51 51 7
23325 33 32 6
23326 38 37 5
23327 23 22 4
23328 42 41 5
23329 49 48 4
23330 30 29 5
23331 53 52 4
23332 48 47 7
23333 47 47 9
23334 49 48 6
23335 48 47 5
23336 41 41 5
23337 41 40 4
23338 22 21 5
23339 39 38 4
23340 50 49 5
23341 35 34 4
23342 38 37 5
23343 39 38 4
23344 50 49 7
23345 25 24 6
23346 30 29 7
23347 45 44 10
23348 44 44 6
23349 34 34 6
23350 42 41 5
23351 55 54 4
23352 62 61 5
23353 53 53 5
23354 17 17 5
23355 25 25 7
23356 33 32 4
23357 34 33 5
23358 21 21 5
23359 29 28 6
23360 26 26 6
23361 30 29 5
23362 27 27 5
23363 23 23 5
23364 41 41 7
23365 47 47 9
23366 55 54 10
23367 28 28 4
23368 24 23 7
23369 35 34 4
23370 24 23 5
23371 41 40 6
23372 40 39 11
23373 41 40 8
23374 30 30 4
23375 44 43 5
23376 31 30 6
23377 28 27 5
23378 13 12 4
23379 32 31 5
23380 31 30 4
23381 30 29 5
23382 25 24 4
23383 52 51 7
23384 25 24 4
23385 26 25 5
23386 27 26 4
23387 28 27 5
23388 37 36 6
23389 46 45 9
23390 35 35 5
23391 29 28 6
23392 28 28 4
23393 30 29 7
23394 23 22 6
23395 20 20 6
23396 20 20 6
23397 40 39 5
23398 41 40 4
23399 34 33 5
23400 31 31 5
23401 21 20 4
23402 34 33 5
23403 25 24 4
23404 32 31 5
23405 31 31 7
23406 25 24 6
23407 16 16 4
23408 24 23 5
23409 31 30 6
23410 28 27 7
23411 39 38 12
23412 26 26 4
23413 28 27 5
23414 19 18 4
23415 26 25 5
23416 35 34 4
23417 34 33 5
23418 33 33 5
23419 29 28 6
23420 30 30 6
23421 36 35 5
23422 21 21 5
23423 25 24 6
23424 28 28 4
23425 22 21 5
23426 23 22 4
23427 38 37 7
23428 29 28 4
23429 20 19 5
23430 25 25 5
23431 19 18 4
23432 22 21 7
23433 25 24 4
23434 26 25 7
23435 31 31 5
23436 35 34 6
23437 22 22 6
23438 14 13 5
23439 27 26 6
23440 28 28 4
23441 38 37 5
23442 21 20 4
23443 28 27 5
23444 23 22 6
23445 32 32 6
23446 34 33 5
23447 27 26 4
23448 32 31 5
23449 23 22 4
23450 38 37 5
23451 55 54 6
23452 38 38 4
23453 32 31 5
23454 37 36 6
23455 36 36 4
23456 32 31 5
23457 49 49 5
23458 31 31 5
23459 17 16 4
23460 22 21 5
23461 21 20 4
23462 40 39 5
23463 27 26 4
23464 24 23 5
23465 15 15 5
23466 23 23 5
23467 35 34 6
23468 24 23 5
23469 23 23 5
23470 33 32 4
23471 32 31 7
23472 27 26 4
23473 34 33 5
23474 35 34 6
23475 26 26 4
23476 34 33 5
23477 21 21 5
23478 31 30 4
23479 26 25 5
23480 31 31 5
23481 35 34 6
23482 28 28 6
23483 18 18 4
23484 40 39 7
23485 35 34 4
23486 24 23 5
23487 23 23 5
23488 37 37 5
23489 21 21 5
23490 21 20 6
23491 28 28 4
23492 34 33 5
23493 41 40 6
23494 28 28 4
23495 26 25 5
23496 41 40 6
23497 38 38 6
23498 42 42 4
23499 36 35 5
23500 31 30 6
23501 22 22 6
23502 20 19 5
23503 31 30 4
23504 48 47 5
23505 27 26 6
23506 36 35 5
23507 23 23 5
23508 23 22 4
23509 36 35 7
23510 27 26 4
23511 42 41 7
23512 47 46 6
23513 32 32 4
23514 38 37 5
23515 29 29 5
23516 25 24 6
23517 26 26 6
23518 36 35 7
23519 37 36 4
23520 42 41 5
23521 43 42 4
23522 26 25 5
23523 41 41 5
23524 41 41 5
23525 25 24 4
23526 18 17 5
23527 29 28 4
23528 32 31 5
23529 21 21 5
23530 35 35 5
23531 27 27 5
23532 21 20 4
23533 32 31 5
23534 29 28 4
23535 28 27 7
23536 19 18 6
23537 16 16 4
23538 30 29 7
23539 19 18 6
23540 14 14 4
23541 36 35 5
23542 23 22 6
23543 28 28 4
23544 18 17 5
23545 31 30 6
23546 32 32 4
23547 20 19 5
23548 13 12 6
23549 30 30 4
23550 22 21 5
23551 29 28 4
23552 22 21 5
23553 21 20 6
23554 20 20 6
23555 24 24 6
23556 28 28 4
23557 30 29 5
23558 31 31 5
23559 29 28 4
23560 26 25 5
23561 23 23 5
23562 37 37 5
23563 25 25 5
23564 25 25 5
23565 25 25 5
23566 23 22 4
23567 14 13 5
23568 35 35 5
23569 27 26 6
23570 32 31 5
23571 33 32 4
23572 38 37 5
23573 25 24 6
23574 34 34 6
23575 32 32 4
23576 42 41 5
23577 37 36 4
23578 46 45 5
23579 27 26 4
23580 24 23 5
23581 41 41 5
23582 47 46 4
23583 36 35 5
23584 47 46 6
23585 34 34 4
23586 34 33 5
23587 43 42 4
23588 38 37 5
23589 37 36 6
23590 44 44 4
23591 26 25 5
23592 51 51 5
23593 39 38 4
23594 42 41 5
23595 55 55 5
23596 49 48 4
23597 64 63 7
23598 59 58 4
23599 32 31 5
23600 63 62 4
23601 54 53 5
23602 35 34 4
23603 58 57 5
23604 45 44 4
23605 38 37 5
23606 33 32 4
23607 32 31 5
23608 35 34 4
23609 34 33 5
23610 19 18 4
23611 24 23 5
23612 31 31 5
23613 29 28 6
23614 32 32 4
23615 26 25 5
23616 39 38 4
23617 28 27 5
23618 11 10 4
23619 26 25 5
23620 39 38 4
23621 34 33 5
23622 29 28 4
23623 28 27 5
23624 43 42 6
23625 20 20 4
23626 28 27 5
23627 21 21 5
23628 29 28 6
23629 44 44 4
23630 42 41 5
23631 27 26 6
23632 10 10 4
23633 24 23 5
23634 27 26 4
23635 30 29 5
23636 31 30 6
23637 24 24 4
23638 24 23 5
23639 17 17 5
23640 43 43 5
23641 35 35 5
23642 39 39 5
23643 17 17 5
23644 21 20 4
23645 28 27 5
23646 21 21 5
23647 31 30 6
23648 30 30 6
23649 32 32 4
23650 26 25 5
23651 25 24 6
23652 30 29 5
23653 29 28 6
23654 30 30 6
23655 22 22 4
23656 24 23 5
23657 21 21 5
23658 25 24 4
23659 34 33 5
23660 41 40 4
23661 44 43 5
23662 29 28 4
23663 30 29 5
23664 37 36 6
23665 30 30 6
23666 28 28 6
23667 16 16 6
23668 38 38 6
23669 36 35 5
23670 41 40 6
23671 52 51 5
23672 33 32 4
23673 26 25 5
23674 33 32 6
23675 26 26 6
23676 38 38 6
23677 32 32 4
23678 26 25 5
23679 29 28 4
23680 32 31 5
23681 31 30 4
23682 16 15 5
23683 43 43 5
23684 33 32 4
23685 32 31 5
23686 35 35 5
23687 19 18 4
23688 18 17 5
23689 29 29 7
23690 19 18 6
23691 26 26 6
23692 26 26 6
23693 24 23 5
23694 21 21 5
23695 23 22 4
23696 24 23 7
23697 19 18 4
23698 20 19 5
23699 19 18 4
23700 22 21 7
23701 33 32 6
23702 16 16 6
23703 22 22 4
23704 20 19 5
23705 31 31 7
23706 21 20 6
23707 38 38 4
23708 20 19 5
23709 15 14 6
23710 16 16 6
23711 14 14 4
23712 16 15 5
23713 9 8 4
23714 24 23 5
23715 15 15 5
23716 23 22 6
23717 20 20 4
23718 20 19 7
23719 17 16 4
23720 22 21 5
23721 25 25 7
23722 17 16 4
23723 20 19 7
23724 17 16 4
23725 24 23 5
23726 17 16 4
23727 18 17 5
23728 13 12 4
23729 20 19 5
23730 19 18 6
23731 20 20 6
23732 18 18 4
23733 16 15 5
23734 9 8 4
23735 22 21 5
23736 13 13 5
23737 23 22 6
23738 32 32 6
23739 18 17 5
23740 13 12 4
23741 14 13 5
23742 25 24 4
23743 22 21 5
23744 23 23 5
23745 17 17 5
23746 15 14 4
23747 16 15 5
23748 17 16 4
23749 20 19 5
23750 15 15 5
23751 13 12 4
23752 22 21 5
23753 35 34 6
23754 22 22 6
23755 20 19 5
23756 19 18 4
23757 20 19 5
23758 17 17 5
23759 17 16 4
23760 20 19 5
23761 23 23 5
23762 17 17 5
23763 19 19 5
23764 15 15 5
23765 21 20 4
23766 22 21 5
23767 27 26 6
23768 24 24 6
23769 16 16 4
23770 14 13 5
23771 15 14 4
23772 16 15 5
23773 23 22 6
23774 14 14 4
23775 12 11 5
23776 15 14 6
23777 20 20 6
23778 12 11 5
23779 29 28 4
23780 28 27 7
23781 21 20 6
23782 12 12 4
23783 14 13 5
23784 15 14 6
23785 14 14 4
23786 16 15 5
23787 19 18 4
23788 14 13 5
23789 23 23 5
23790 21 21 5
23791 15 14 4
23792 20 19 5
23793 19 18 6
23794 16 15 5
23795 13 12 4
23796 22 21 5
23797 29 29 7
23798 27 26 6
23799 12 12 4
23800 14 13 5
23801 13 12 4
23802 30 29 5
23803 21 20 6
23804 20 20 6
23805 20 20 6
23806 20 20 4
23807 24 23 5
23808 9 9 5
23809 21 20 4
23810 24 23 5
23811 11 10 6
23812 20 20 6
23813 18 18 6
23814 14 14 4
23815 22 21 5
23816 15 15 5
23817 27 26 6
23818 14 14 4
23819 20 19 5
23820 21 21 5
23821 31 30 6
23822 20 19 5
23823 11 10 4
23824 16 15 5
23825 11 10 6
23826 10 9 5
23827 17 17 5
23828 15 14 4
23829 26 25 5
23830 27 26 4
23831 22 21 5
23832 19 19 5
23833 31 30 6
23834 34 34 6
23835 32 32 4
23836 20 19 5
23837 31 30 4
23838 20 19 5
23839 21 21 5
23840 27 27 5
23841 35 34 4
23842 40 39 5
23843 43 43 5
23844 27 26 4
23845 28 27 5
23846 37 36 4
23847 52 51 5
23848 33 32 4
23849 44 43 5
23850 23 22 6
23851 38 38 6
23852 24 24 4
23853 20 19 5
23854 37 36 4
23855 40 39 5
23856 29 28 4
23857 26 25 5
23858 31 31 5
23859 47 46 4
23860 42 41 5
23861 29 29 5
23862 29 28 4
23863 34 33 5
23864 41 40 4
23865 26 25 5
23866 25 25 5
23867 43 42 6
23868 24 24 4
23869 28 27 5
23870 39 38 6
23871 20 19 5
23872 27 26 6
23873 46 46 6
23874 28 27 7
23875 29 28 4
23876 32 31 5
23877 15 15 5
23878 35 34 6
23879 44 43 7
23880 31 31 7
23881 35 35 7
23882 27 27 7
23883 13 12 6
23884 26 26 6
23885 28 27 5
23886 27 27 9
23887 31 31 7
23888 25 24 6
23889 42 42 6
23890 20 19 5
23891 27 27 7
23892 37 37 7
23893 27 27 9
23894 21 20 8
23895 20 20 4
23896 40 39 7
23897 23 23 7
23898 15 14 6
23899 22 21 5
23900 27 26 10
23901 20 20 4
23902 26 25 7
23903 27 27 5
23904 23 23 5
23905 23 22 6
23906 40 40 4
23907 20 19 5
23908 25 24 6
23909 30 29 9
23910 21 20 6
23911 22 22 6
23912 34 33 7
23913 25 24 6
23914 38 38 6
23915 30 30 6
23916 16 16 4
23917 20 19 5
23918 21 21 5
23919 21 20 6
23920 16 16 4
23921 28 27 5
23922 25 24 4
23923 12 11 5
23924 25 25 5
23925 15 14 4
23926 22 21 5
23927 41 40 6
23928 16 16 4
23929 20 19 5
23930 13 12 4
23931 16 15 5
23932 23 22 4
23933 24 23 5
23934 27 26 8
23935 26 26 4
23936 14 13 5
23937 13 12 4
23938 36 35 5
23939 25 25 5
23940 27 27 5
23941 21 21 5
23942 21 21 5
23943 11 10 4
23944 28 27 5
23945 13 12 4
23946 18 17 5
23947 21 20 4
23948 20 19 5
23949 29 28 6
23950 14 14 4
23951 16 15 5
23952 13 12 4
23953 28 27 5
23954 19 19 5
23955 31 30 4
23956 28 27 7
23957 21 20 4
23958 22 21 5
23959 27 26 4
23960 38 37 5
23961 21 20 8
23962 18 18 4
23963 26 25 5
23964 17 16 6
23965 32 32 6
23966 28 27 5
23967 31 30 6
23968 36 36 6
23969 24 24 4
23970 20 19 5
23971 35 34 8
23972 18 18 4
23973 16 15 5
23974 19 19 5
23975 29 28 8
23976 14 14 4
23977 22 21 7
23978 15 15 5
23979 29 29 5
23980 15 15 5
23981 17 16 6
23982 16 16 4
23983 20 19 5
23984 19 18 4
23985 28 27 7
23986 23 22 6
23987 14 13 5
23988 27 26 6
23989 22 21 7
23990 35 34 8
23991 14 13 5
23992 15 14 6
23993 24 24 8
23994 22 21 7
23995 31 30 8
23996 20 19 7
23997 11 10 4
23998 24 23 7
23999 25 24 6
24000 36 35 5
24001 27 27 5
24002 15 15 5
24003 19 18 4
24004 12 11 5
24005 11 10 4
24006 22 21 7
24007 13 12 4
24008 22 21 5
24009 23 23 5
24010 19 19 5
24011 11 10 4
24012 16 15 5
24013 27 26 6
24014 34 34 6
24015 30 30 4
24016 28 27 5
24017 25 24 4
24018 20 19 7
24019 23 22 4
24020 30 29 5
24021 25 25 5
24022 29 28 4
24023 32 31 5
24024 13 12 4
24025 14 13 5
24026 15 14 4
24027 18 17 5
24028 23 23 5
24029 21 20 4
24030 24 23 5
24031 21 21 5
24032 23 22 4
24033 14 13 5
24034 21 20 6
24035 16 16 4
24036 26 25 5
24037 15 14 4
24038 16 15 5
24039 23 23 5
24040 21 20 4
24041 16 15 5
24042 21 20 6
24043 18 17 5
24044 23 22 6
24045 12 11 5
24046 11 10 4
24047 18 17 5
24048 13 12 4
24049 28 27 5
24050 17 16 4
24051 18 17 5
24052 9 9 5
24053 21 20 6
24054 14 14 6
24055 12 12 4
24056 20 19 5
24057 41 41 5
24058 17 16 4
24059 16 15 5
24060 17 16 6
24061 6 6 6
24062 15 14 4
24063 20 19 7
24064 7 6 5
24065 11 10 4
24066 18 17 5
24067 29 28 6
24068 22 21 5
24069 17 16 6
24070 16 16 4
24071 16 15 5
24072 33 32 8
24073 10 10 4
24074 26 25 5
24075 17 17 5
24076 21 20 6
24077 16 15 5
24078 11 10 4
24079 14 13 5
24080 19 18 4
24081 18 17 5
24082 15 14 4
24083 32 31 7
24084 15 15 5
24085 11 10 4
24086 28 27 5
24087 11 11 5
24088 13 13 5
24089 11 10 4
24090 12 11 5
24091 15 14 6
24092 8 8 4
24093 18 17 5
24094 19 18 6
24095 12 12 4
24096 22 21 5
24097 19 18 6
24098 10 10 4
24099 16 15 5
24100 15 15 5
24101 21 21 5
24102 21 20 6
24103 24 24 6
24104 16 15 5
24105 15 14 4
24106 22 21 5
24107 23 22 6
24108 12 12 4
24109 18 17 5
24110 19 19 5
24111 21 21 5
24112 17 16 6
24113 14 13 5
24114 17 16 6
24115 16 16 4
24116 12 11 5
24117 23 22 4
24118 12 11 5
24119 17 16 6
24120 24 24 6
24121 20 20 6
24122 12 12 4
24123 12 11 5
24124 13 13 5
24125 13 12 6
24126 14 14 6
24127 16 16 4
24128 22 21 5
24129 9 9 5
24130 13 13 5
24131 9 8 4
24132 12 11 5
24133 21 20 6
24134 18 18 4
24135 20 19 5
24136 19 18 6
24137 22 21 5
24138 15 15 5
24139 9 8 4
24140 8 7 6
24141 16 16 6
24142 12 12 4
24143 20 19 5
24144 15 15 5
24145 11 11 5
24146 13 12 6
24147 16 15 5
24148 9 8 4
24149 20 19 5
24150 19 19 5
24151 15 14 4
24152 12 11 5
24153 9 8 4
24154 16 15 5
24155 13 12 6
24156 22 22 4
24157 24 23 5
24158 13 13 7
24159 17 16 4
24160 14 13 5
24161 9 9 5
24162 17 17 5
24163 17 16 4
24164 18 17 5
24165 25 24 6
24166 16 16 4
24167 18 17 5
24168 11 10 4
24169 22 21 5
24170 13 12 4
24171 20 19 5
24172 27 26 4
24173 18 17 5
24174 21 20 4
24175 12 11 5
24176 15 15 5
24177 25 24 6
24178 22 22 4
24179 24 23 5
24180 17 16 6
24181 16 16 4
24182 20 19 5
24183 19 19 5
24184 13 12 4
24185 14 13 7
24186 21 20 4
24187 20 19 5
24188 13 13 5
24189 31 30 4
24190 24 23 5
24191 13 12 4
24192 26 25 5
24193 25 24 4
24194 40 39 5
24195 29 29 5
24196 21 21 5
24197 33 32 4
24198 20 19 5
24199 31 30 4
24200 28 27 5
24201 29 28 4
24202 20 19 5
24203 23 22 4
24204 26 25 5
24205 17 16 6
24206 18 18 4
24207 28 27 5
24208 13 13 5
24209 21 20 6
24210 30 30 6
24211 24 24 4
24212 26 25 5
24213 17 17 5
24214 29 28 4
24215 32 31 5
24216 35 35 5
24217 33 32 4
24218 28 27 5
24219 31 30 6
24220 30 30 6
24221 28 28 6
24222 32 32 4
24223 30 29 5
24224 37 36 6
24225 32 32 4
24226 38 37 5
24227 17 17 5
24228 21 21 5
24229 19 18 4
24230 34 33 5
24231 39 39 7
24232 41 40 8
24233 40 40 6
24234 28 27 5
24235 35 34 4
24236 30 29 5
24237 31 30 4
24238 22 21 5
24239 31 30 4
24240 24 23 5
24241 23 22 4
24242 40 39 11
24243 19 19 5
24244 37 36 4
24245 38 37 5
24246 39 38 6
24247 26 25 5
24248 23 22 4
24249 44 43 5
24250 29 29 5
24251 21 21 5
24252 21 20 6
24253 22 22 8
24254 28 28 6
24255 16 16 6
24256 32 31 5
24257 21 21 7
24258 35 35 5
24259 15 14 4
24260 24 23 5
24261 29 28 6
24262 18 17 5
24263 39 38 10
24264 16 15 5
24265 17 16 4
24266 34 33 7
24267 25 25 5
24268 37 36 6
24269 32 32 4
24270 30 29 9
24271 13 12 4
24272 24 23 5
24273 23 22 4
24274 34 33 5
24275 27 26 4
24276 40 39 7
24277 17 17 5
24278 23 22 6
24279 22 22 4
24280 30 29 5
24281 31 30 6
24282 24 24 4
24283 22 21 5
24284 25 24 6
24285 12 12 4
24286 32 31 5
24287 31 31 5
24288 23 22 4
24289 38 37 5
24290 17 16 4
24291 18 17 5
24292 19 18 4
24293 22 21 5
24294 25 24 6
24295 22 22 6
24296 40 39 5
24297 23 22 6
24298 18 18 6
24299 22 22 4
24300 24 23 5
24301 27 27 5
24302 19 18 6
24303 20 20 6
24304 20 20 6
24305 22 22 4
24306 14 13 5
24307 31 30 6
24308 38 38 8
24309 10 9 5
24310 33 32 6
24311 14 14 4
24312 14 13 5
24313 29 29 7
24314 35 35 5
24315 19 18 6
24316 30 30 4
24317 26 25 5
24318 21 21 5
24319 13 12 6
24320 12 12 4
24321 26 25 5
24322 35 34 4
24323 36 35 5
24324 27 26 4
24325 28 27 5
24326 15 15 5
24327 31 30 4
24328 28 27 5
24329 45 44 4
24330 30 29 5
24331 27 26 6
24332 16 16 4
24333 26 25 5
24334 37 36 4
24335 24 23 5
24336 35 34 6
24337 28 28 4
24338 32 31 5
24339 31 30 4
24340 28 27 5
24341 47 46 4
24342 26 25 5
24343 27 27 5
24344 33 32 4
24345 32 31 5
24346 31 30 4
24347 22 21 5
24348 21 20 6
24349 38 38 6
24350 40 39 5
24351 21 20 4
24352 30 29 5
24353 31 30 6
24354 40 40 6
24355 24 24 6
24356 40 39 5
24357 29 28 4
24358 26 25 5
24359 25 25 5
24360 33 32 6
24361 38 38 6
24362 36 36 6
24363 30 29 5
24364 11 10 4
24365 16 15 5
24366 29 28 4
24367 18 17 5
24368 17 16 4
24369 20 19 5
24370 21 20 4
24371 22 21 5
24372 25 25 5
24373 25 24 4
24374 22 21 5
24375 19 18 4
24376 36 35 5
24377 23 23 5
24378 23 22 4
24379 36 35 5
24380 19 19 5
24381 17 16 4
24382 22 21 5
24383 23 22 4
24384 20 19 5
24385 21 20 4
24386 20 19 5
24387 13 12 4
24388 30 29 5
24389 23 23 5
24390 13 13 5
24391 35 34 6
24392 20 19 5
24393 35 34 6
24394 20 19 5
24395 33 32 6
24396 22 22 4
24397 20 19 5
24398 35 34 6
24399 34 34 8
24400 20 19 5
24401 25 24 4
24402 14 13 5
24403 27 27 5
24404 25 25 5
24405 29 28 8
24406 30 30 6
24407 36 35 5
24408 21 20 4
24409 24 23 5
24410 11 10 4
24411 22 21 7
24412 23 23 5
24413 25 24 6
24414 20 20 4
24415 16 15 5
24416 17 17 5
24417 17 16 6
24418 12 12 4
24419 22 21 5
24420 13 12 4
24421 14 13 5
24422 19 18 6
24423 14 14 4
24424 14 13 5
24425 13 12 4
24426 18 17 5
24427 21 20 6
24428 14 14 6
24429 14 14 4
24430 10 9 5
24431 9 8 4
24432 6 5 4
24433 14 13 5
24434 17 16 4
24435 14 13 7
24436 23 22 4
24437 20 19 5
24438 25 25 5
24439 15 14 4
24440 20 19 5
24441 23 23 5
24442 17 16 4
24443 18 17 5
24444 15 14 4
24445 28 27 5
24446 25 25 5
24447 35 34 4
24448 20 19 5
24449 15 14 4
24450 22 21 5
24451 39 39 5
24452 11 10 4
24453 30 29 5
24454 23 22 4
24455 20 19 5
24456 23 23 5
24457 33 32 6
24458 30 29 5
24459 27 26 6
24460 26 26 4
24461 22 21 5
24462 25 24 6
24463 32 32 4
24464 26 25 5
24465 31 30 6
24466 42 42 6
24467 18 18 4
24468 22 21 5
24469 27 26 4
24470 42 41 5
24471 21 21 5
24472 27 27 5
24473 27 26 4
24474 24 23 7
24475 35 34 6
24476 32 32 4
24477 44 43 7
24478 27 26 6
24479 18 18 4
24480 34 33 5
24481 25 24 6
24482 32 31 5
24483 23 22 4
24484 20 19 5
24485 19 18 4
24486 16 15 5
24487 29 28 6
24488 34 34 6
24489 20 19 5
24490 23 22 6
24491 18 18 4
24492 24 23 5
24493 27 26 4
24494 28 27 5
24495 33 32 4
24496 26 25 5
24497 17 16 4
24498 12 11 5
24499 13 12 6
24500 16 16 4
24501 24 23 5
24502 19 18 4
24503 24 23 7
24504 17 16 4
24505 16 15 5
24506 21 21 5
24507 9 8 4
24508 14 13 5
24509 13 12 6
24510 24 24 6
24511 10 10 4
24512 20 19 5
24513 9 8 4
24514 14 13 5
24515 25 24 6
24516 24 24 4
24517 18 17 5
24518 15 14 4
24519 12 11 5
24520 9 8 4
24521 16 15 7
24522 27 27 5
24523 19 18 4
24524 24 23 5
24525 17 17 5
24526 15 14 6
24527 22 22 4
24528 14 13 5
24529 19 18 4
24530 18 17 5
24531 15 14 6
24532 12 12 4
24533 8 7 6
24534 24 24 4
24535 18 17 5
24536 17 17 5
24537 15 14 4
24538 12 11 5
24539 15 15 5
24540 23 22 4
24541 16 15 5
24542 13 12 4
24543 26 25 5
24544 21 20 6
24545 18 18 6
24546 16 16 4
24547 6 5 4
24548 12 11 5
24549 17 16 4
24550 14 13 5
24551 21 20 4
24552 22 21 5
24553 17 17 5
24554 21 21 5
24555 23 22 4
24556 24 23 5
24557 11 11 5
24558 13 12 4
24559 16 15 5
24560 17 16 6
24561 20 20 6
24562 14 14 4
24563 22 21 5
24564 21 20 4
24565 20 19 5
24566 11 10 4
24567 18 17 5
24568 19 19 5
24569 17 16 4
24570 22 21 5
24571 15 14 6
24572 10 10 4
24573 12 11 5
24574 11 10 6
24575 24 24 6
24576 34 34 6
24577 18 18 4
24578 12 11 5
24579 11 10 4
24580 12 11 5
24581 15 14 4
24582 28 27 5
24583 17 16 6
24584 22 21 5
24585 9 9 5
24586 11 10 4
24587 6 5 4
24588 14 13 5
24589 11 10 6
24590 16 16 6
24591 14 14 4
24592 16 15 5
24593 19 19 5
24594 15 14 4
24595 20 19 7
24596 13 12 4
24597 14 13 5
24598 19 18 4
24599 14 13 5
24600 21 20 4
24601 16 15 5
24602 13 13 5
24603 19 18 6
24604 12 12 4
24605 12 11 5
24606 15 15 5
24607 23 23 5
24608 25 24 6
24609 12 12 6
24610 14 14 4
24611 16 15 7
24612 11 10 4
24613 22 21 5
24614 21 20 4
24615 20 19 7
24616 19 18 4
24617 18 17 5
24618 17 16 6
24619 20 20 6
24620 18 18 6
24621 8 8 4
24622 20 19 7
24623 27 26 4
24624 10 9 5
24625 11 10 4
24626 14 13 5
24627 21 21 5
24628 21 20 4
24629 22 21 7
24630 17 16 4
24631 14 13 5
24632 11 10 4
24633 14 13 5
24634 13 12 6
24635 18 17 5
24636 23 23 5
24637 35 34 6
24638 22 22 4
24639 16 15 5
24640 11 11 5
24641 13 12 4
24642 24 23 5
24643 25 24 4
24644 14 13 5
24645 23 22 4
24646 18 17 5
24647 13 12 4
24648 20 19 5
24649 13 13 5
24650 15 14 6
24651 14 14 4
24652 18 17 5
24653 19 18 4
24654 24 23 5
24655 11 11 5
24656 17 16 4
24657 16 15 5
24658 17 16 4
24659 20 19 5
24660 21 21 5
24661 17 16 4
24662 16 15 5
24663 13 12 4
24664 14 13 5
24665 13 12 4
24666 20 19 5
24667 21 20 4
24668 16 15 5
24669 9 9 5
24670 29 28 6
24671 14 14 4
24672 12 11 5
24673 19 18 6
24674 24 24 4
24675 34 33 5
24676 9 9 5
24677 13 12 4
24678 22 21 5
24679 13 12 4
24680 16 15 5
24681 15 15 5
24682 19 18 4
24683 34 33 5
24684 39 38 4
24685 22 21 5
24686 11 10 4
24687 16 15 5
24688 19 18 4
24689 38 37 5
24690 21 21 5
24691 15 14 4
24692 28 27 5
24693 23 22 4
24694 12 11 5
24695 11 10 4
24696 18 17 5
24697 29 28 6
24698 20 20 4
24699 18 17 5
24700 17 16 4
24701 22 21 5
24702 15 14 6
24703 22 22 6
24704 52 52 4
24705 44 43 5
24706 31 30 4
24707 20 19 5
24708 11 10 4
24709 28 27 5
24710 43 42 4
24711 56 55 5
24712 61 60 4
24713 34 33 5
24714 19 18 4
24715 18 17 5
24716 25 24 6
24717 26 26 4
24718 58 57 5
24719 35 34 4
24720 28 27 5
24721 17 16 4
24722 12 11 5
24723 19 18 4
24724 26 25 5
24725 37 37 5
24726 39 38 4
24727 26 25 5
24728 23 22 4
24729 22 21 5
24730 11 10 4
24731 32 31 5
24732 39 38 6
24733 30 30 4
24734 32 31 5
24735 27 26 4
24736 36 35 5
24737 27 26 6
24738 48 48 6
24739 32 32 4
24740 24 23 5
24741 29 28 4
24742 28 27 5
24743 25 24 4
24744 20 19 5
24745 31 30 6
24746 20 20 4
24747 32 31 5
24748 33 32 4
24749 30 29 5
24750 31 30 6
24751 16 16 4
24752 16 15 5
24753 21 20 6
24754 16 16 4
24755 32 31 5
24756 19 18 6
24757 24 23 5
24758 19 18 4
24759 24 23 5
24760 27 26 4
24761 22 21 5
24762 15 15 5
24763 23 22 4
24764 16 15 5
24765 23 22 4
24766 30 29 5
24767 23 23 5
24768 29 29 5
24769 13 12 4
24770 20 19 5
24771 23 22 4
24772 34 33 5
24773 21 20 4
24774 26 25 5
24775 19 19 5
24776 29 28 6
24777 28 28 4
24778 14 13 5
24779 19 19 5
24780 15 15 5
24781 23 22 4
24782 44 43 7
24783 35 35 11
24784 33 32 6
24785 12 12 4
24786 28 27 5
24787 23 22 6
24788 16 16 6
24789 30 30 4
24790 18 17 5
24791 27 27 5
24792 27 26 6
24793 18 18 4
24794 24 23 5
24795 25 24 4
24796 22 21 5
24797 17 17 5
24798 11 10 4
24799 12 11 5
24800 21 20 6
24801 34 34 6
24802 22 21 5
24803 25 25 7
24804 31 30 6
24805 34 33 7
24806 37 37 5
24807 19 18 6
24808 24 24 4
24809 26 25 5
24810 21 21 5
24811 23 22 6
24812 26 26 6
24813 24 23 5
24814 25 24 6
24815 16 16 4
24816 18 17 5
24817 45 44 6
24818 26 25 5
24819 19 18 4
24820 16 15 5
24821 23 22 4
24822 18 17 5
24823 19 18 4
24824 30 29 5
24825 33 32 6
24826 16 16 4
24827 12 11 5
24828 17 16 4
24829 16 15 5
24830 17 16 4
24831 28 27 5
24832 17 17 5
24833 21 20 4
24834 18 17 5
24835 17 17 5
24836 21 21 5
24837 23 22 6
24838 22 22 4
24839 22 21 5
24840 19 19 5
24841 17 17 5
24842 29 28 4
24843 16 15 5
24844 17 16 6
24845 22 22 4
24846 22 21 5
24847 17 16 4
24848 20 19 5
24849 19 18 4
24850 24 23 7
24851 15 14 4
24852 22 21 5
24853 19 18 4
24854 20 19 5
24855 17 17 5
24856 23 22 6
24857 16 16 4
24858 26 25 7
24859 21 20 6
24860 16 16 4
24861 24 23 5
24862 15 14 4
24863 18 17 5
24864 15 15 5
24865 9 9 5
24866 21 20 4
24867 26 25 7
24868 15 14 4
24869 12 11 5
24870 15 14 6
24871 22 22 4
24872 16 15 5
24873 17 16 4
24874 34 33 5
24875 17 17 5
24876 19 18 4
24877 16 15 5
24878 17 16 4
24879 18 17 5
24880 33 33 5
24881 29 28 6
24882 12 12 4
24883 20 19 5
24884 19 19 5
24885 15 14 4
24886 14 13 5
24887 27 27 5
24888 21 21 5
24889 25 24 6
24890 24 24 4
24891 12 11 5
24892 13 12 4
24893 30 29 7
24894 15 14 6
24895 28 28 6
24896 24 24 6
24897 18 18 4
24898 22 21 5
24899 25 25 5
24900 27 27 5
24901 13 12 4
24902 22 21 5
24903 29 29 7
24904 31 30 4
24905 34 33 5
24906 37 36 4
24907 36 35 5
24908 29 29 5
24909 51 51 7
24910 35 34 6
24911 36 36 4
24912 46 45 5
24913 33 33 5
24914 35 34 4
24915 40 39 5
24916 35 35 5
24917 45 44 4
24918 18 17 5
24919 35 35 5
24920 25 24 4
24921 36 35 5
24922 25 24 4
24923 22 21 5
24924 35 35 5
24925 19 18 4
24926 34 33 5
24927 25 25 5
24928 17 16 4
24929 24 23 5
24930 21 20 6
24931 26 26 4
24932 18 17 5
24933 29 28 4
24934 34 33 5
24935 25 25 5
24936 19 18 4
24937 20 19 5
24938 15 14 4
24939 24 23 5
24940 27 26 4
24941 18 17 5
24942 23 22 6
24943 22 22 4
24944 18 17 5
24945 23 23 5
24946 29 29 5
24947 29 28 4
24948 28 27 5
24949 27 26 4
24950 18 17 5
24951 15 14 4
24952 26 25 5
24953 19 18 4
24954 38 37 5
24955 29 29 5
24956 29 29 5
24957 21 20 4
24958 18 17 5
24959 17 16 4
24960 12 11 5
24961 13 12 6
24962 16 16 4
24963 14 13 5
24964 21 20 6
24965 14 13 5
24966 19 18 6
24967 20 19 5
24968 21 20 6
24969 22 22 4
24970 16 15 5
24971 15 14 4
24972 20 19 7
24973 13 12 4
24974 16 15 5
24975 13 12 4
24976 20 19 5
24977 15 14 4
24978 14 13 5
24979 17 16 4
24980 6 5 4
24981 22 21 5
24982 21 21 5
24983 23 22 4
24984 26 25 5
24985 9 8 4
24986 12 11 5
24987 11 11 5
24988 13 12 4
24989 18 17 5
24990 19 19 5
24991 31 30 6
24992 12 12 4
24993 12 11 5
24994 15 14 6
24995 6 6 6
24996 11 10 4
24997 18 17 7
24998 21 20 4
24999 10 9 5
25000 11 10 4
25001 10 9 5
25002 9 8 4
25003 12 11 5
25004 17 17 5
25005 15 15 5
25006 21 21 5
25007 19 19 5
25008 13 13 5
25009 11 11 5
25010 11 10 4
25011 20 19 5
25012 15 14 6
25013 16 16 6
25014 18 17 5
25015 15 14 4
25016 14 13 5
25017 13 12 6
25018 18 18 4
25019 22 21 5
25020 21 20 4
25021 18 17 5
25022 15 15 5
25023 9 8 4
25024 22 21 5
25025 15 14 6
25026 16 16 4
25027 18 17 5
25028 19 19 5
25029 19 19 5
25030 21 20 6
25031 20 20 4
25032 14 13 5
25033 15 14 4
25034 18 17 5
25035 15 14 4
25036 16 15 5
25037 19 18 6
25038 12 12 4
25039 14 13 5
25040 15 15 5
25041 13 12 4
25042 20 19 5
25043 21 20 6
25044 14 14 4
25045 16 15 5
25046 19 18 6
25047 10 10 4
25048 16 15 5
25049 13 12 4
25050 22 21 7
25051 25 24 6
25052 26 26 6
25053 12 11 5
25054 11 10 6
25055 18 18 6
25056 6 5 4
25057 12 11 5
25058 9 8 4
25059 26 25 7
25060 11 10 4
25061 14 13 5
25062 13 12 6
25063 16 16 4
25064 12 11 5
25065 9 9 5
25066 19 18 4
25067 22 21 5
25068 21 20 4
25069 8 7 6
25070 10 10 6
25071 10 10 4
25072 14 13 5
25073 11 10 6
25074 16 15 5
25075 13 13 5
25076 17 16 4
25077 18 17 5
25078 15 15 5
25079 9 8 4
25080 18 17 5
25081 9 8 4
25082 14 13 5
25083 29 29 5
25084 23 22 4
25085 20 19 5
25086 17 16 4
25087 18 17 5
25088 19 18 4
25089 22 21 5
25090 19 18 4
25091 30 29 7
25092 25 24 4
25093 40 39 5
25094 23 22 6
25095 16 15 5
25096 15 14 4
25097 18 17 5
25098 27 26 6
25099 60 59 5
25100 31 31 5
25101 31 31 5
25102 11 11 5
25103 15 15 5
25104 27 26 4
25105 42 41 5
25106 35 35 5
25107 27 26 4
25108 30 29 5
25109 31 30 4
25110 24 23 5
25111 51 50 6
25112 28 28 4
25113 30 29 5
25114 33 32 6
25115 18 18 4
25116 24 23 5
25117 27 26 6
25118 40 39 5
25119 39 38 4
25120 22 21 5
25121 51 50 4
25122 32 31 5
25123 53 52 4
25124 48 47 5
25125 35 35 5
25126 33 32 4
25127 36 35 5
25128 61 60 4
25129 66 65 5
25130 49 49 5
25131 45 44 6
25132 40 40 6
25133 42 42 6
25134 70 70 4
25135 54 53 5
25136 49 49 5
25137 37 37 5
25138 29 28 6
25139 44 44 6
25140 44 43 5
25141 49 48 6
25142 38 38 4
25143 46 45 7
25144 39 38 6
25145 52 52 4
25146 36 35 5
25147 37 37 5
25148 41 40 6
25149 54 53 7
25150 33 32 4
25151 32 31 5
25152 49 49 7
25153 33 32 4
25154 32 31 5
25155 25 24 6
25156 30 30 4
25157 36 35 5
25158 31 31 5
25159 45 44 6
25160 22 22 4
25161 40 39 5
25162 33 32 6
25163 64 64 8
25164 62 61 11
25165 43 42 4
25166 36 35 11
25167 33 32 8
25168 36 36 4
25169 46 45 9
25170 35 35 7
25171 47 47 11
25172 29 29 7
25173 35 34 4
25174 36 35 9
25175 33 32 6
25176 52 51 11
25177 57 56 4
25178 26 25 9
25179 25 24 10
25180 48 47 5
25181 35 34 4
25182 36 35 7
25183 35 34 8
25184 38 38 10
25185 28 28 4
25186 30 29 5
25187 29 29 9
25188 37 36 6
25189 22 21 5
25190 51 51 11
25191 49 49 13
25192 33 32 6
25193 30 30 4
25194 28 27 5
25195 21 20 4
25196 30 29 7
25197 27 27 5
25198 39 38 8
25199 42 42 6
25200 46 45 11
25201 23 22 6
25202 32 32 6
25203 24 23 5
25204 37 36 6
25205 22 21 5
25206 43 43 7
25207 37 37 11
25208 33 32 6
25209 30 30 8
25210 36 36 6
25211 26 26 4
25212 40 39 5
25213 35 34 6
25214 30 30 6
25215 24 24 8
25216 42 41 9
25217 19 18 4
25218 28 27 5
25219 29 28 6
25220 28 27 7
25221 29 28 8
25222 36 36 6
25223 28 27 5
25224 35 34 6
25225 20 19 5
25226 31 30 6
25227 32 32 6
25228 42 42 8
25229 26 26 4
25230 26 25 5
25231 19 19 5
25232 25 24 6
25233 30 30 6
25234 32 32 4
25235 20 19 5
25236 29 28 6
25237 50 49 9
25238 33 33 11
25239 25 24 4
25240 18 17 5
25241 35 35 5
25242 51 50 8
25243 40 40 6
25244 68 67 5
25245 17 16 4
25246 32 31 5
25247 33 32 4
25248 36 35 7
25249 35 35 5
25250 39 39 5
25251 29 28 6
25252 24 24 8
25253 34 34 4
25254 32 31 5
25255 21 20 6
25256 30 30 6
25257 24 23 5
25258 35 35 7
25259 33 32 6
25260 28 28 6
25261 26 26 8
25262 24 24 4
25263 34 33 5
25264 39 38 6
25265 24 24 6
25266 24 24 4
25267 40 39 5
25268 23 22 4
25269 36 35 7
25270 27 26 4
25271 36 35 5
25272 25 25 5
25273 37 36 6
25274 30 29 5
25275 21 20 4
25276 26 25 5
25277 29 28 4
25278 40 39 5
25279 21 21 5
25280 23 23 5
25281 31 30 6
25282 32 32 4
25283 16 15 5
25284 25 24 6
25285 22 22 4
25286 20 19 5
25287 19 19 5
25288 25 24 6
25289 20 19 5
25290 33 32 6
25291 26 25 5
25292 15 14 4
25293 24 23 5
25294 9 9 5
25295 27 26 6
25296 24 23 5
25297 23 22 4
25298 22 21 5
25299 17 17 5
25300 17 17 5
25301 31 30 8
25302 20 20 4
25303 18 17 5
25304 25 24 4
25305 26 25 5
25306 19 19 5
25307 29 28 4
25308 36 35 5
25309 43 42 6
25310 30 30 4
25311 22 21 5
25312 23 22 4
25313 22 21 5
25314 27 27 5
25315 35 34 6
25316 36 36 4
25317 36 35 5
25318 25 25 5
25319 35 34 4
25320 22 21 5
25321 39 38 4
25322 26 25 5
25323 25 25 5
25324 35 34 6
25325 20 19 5
25326 23 22 6
25327 24 24 6
25328 24 24 6
25329 38 38 8
25330 30 30 6
25331 22 22 4
25332 14 13 5
25333 23 22 6
25334 30 30 4
25335 28 27 5
25336 27 27 5
25337 23 23 5
25338 29 28 6
25339 22 22 6
25340 28 28 6
25341 26 26 6
25342 32 31 9
25343 21 21 5
25344 27 26 6
25345 18 17 5
25346 31 30 6
25347 26 26 4
25348 28 27 5
25349 19 19 5
25350 29 28 6
25351 20 20 6
25352 16 16 4
25353 30 29 5
25354 21 21 5
25355 25 24 6
25356 20 20 6
25357 20 20 6
25358 6 6 6
25359 23 22 4
25360 20 19 5
25361 13 12 4
25362 16 15 5
25363 17 16 4
25364 30 29 5
25365 15 14 4
25366 22 21 5
25367 13 13 5
25368 25 24 6
25369 12 12 6
25370 30 29 5
25371 21 21 5
25372 19 18 6
25373 22 21 5
25374 29 28 4
25375 12 11 5
25376 11 10 4
25377 18 17 5
25378 21 21 5
25379 17 17 5
25380 17 17 5
25381 17 16 6
25382 14 14 6
25383 18 18 4
25384 10 9 5
25385 15 14 4
25386 16 15 5
25387 17 17 5
25388 21 21 5
25389 13 13 5
25390 19 18 6
25391 10 10 4
25392 12 11 5
25393 23 22 6
25394 14 14 4
25395 14 13 5
25396 19 18 6
25397 18 17 5
25398 19 19 5
25399 17 16 6
25400 22 22 6
25401 12 12 4
25402 24 23 5
25403 19 18 6
25404 28 27 5
25405 13 13 5
25406 11 11 5
25407 11 10 4
25408 24 23 5
25409 11 11 5
25410 19 18 6
25411 12 12 4
25412 18 17 5
25413 17 17 5
25414 15 15 5
25415 9 9 5
25416 17 16 6
25417 10 10 4
25418 14 13 5
25419 17 17 5
25420 13 13 5
25421 17 16 6
25422 12 11 5
25423 13 12 4
25424 24 23 7
25425 13 12 4
25426 16 15 5
25427 23 22 8
25428 20 20 6
25429 12 12 4
25430 10 9 5
25431 13 12 4
25432 20 19 7
25433 17 16 6
25434 26 26 6
25435 22 21 5
25436 17 16 4
25437 6 5 4
25438 12 11 5
25439 15 15 7
25440 11 10 4
25441 16 15 5
25442 25 24 6
25443 18 18 6
25444 14 14 4
25445 18 17 5
25446 21 20 6
25447 10 10 4
25448 16 15 5
25449 21 20 6
25450 16 16 6
25451 10 9 5
25452 25 24 6
25453 14 14 4
25454 16 15 5
25455 9 8 4
25456 16 15 5
25457 15 15 5
25458 17 16 6
25459 26 25 5
25460 17 16 6
25461 26 26 6
25462 20 19 5
25463 11 10 4
25464 20 19 5
25465 11 10 4
25466 18 17 5
25467 17 16 6
25468 14 13 5
25469 13 12 4
25470 12 11 5
25471 25 24 6
25472 10 9 5
25473 17 16 6
25474 26 26 4
25475 20 19 5
25476 23 23 5
25477 25 24 4
25478 18 17 5
25479 15 15 5
25480 21 20 6
25481 20 20 4
25482 24 23 7
25483 15 14 4
25484 14 13 5
25485 15 14 6
25486 18 18 6
25487 12 12 4
25488 26 25 5
25489 23 22 4
25490 14 13 5
25491 19 18 4
25492 18 17 5
25493 23 23 5
25494 15 14 4
25495 22 21 5
25496 15 14 4
25497 18 17 5
25498 15 14 4
25499 28 27 5
25500 11 11 5
25501 17 16 6
25502 26 26 4
25503 22 21 5
25504 25 25 5
25505 19 18 6
25506 16 16 6
25507 12 12 4
25508 16 15 5
25509 21 20 4
25510 14 13 5
25511 17 16 6
25512 12 12 6
25513 16 16 6
25514 8 8 4
25515 14 13 7
25516 25 24 4
25517 18 17 5
25518 21 20 4
25519 18 17 5
25520 15 14 4
25521 16 15 5
25522 15 14 6
25523 24 24 4
25524 20 19 5
25525 21 20 6
25526 12 12 4
25527 24 23 5
25528 17 16 4
25529 16 15 5
25530 13 12 4
25531 12 11 5
25532 15 14 4
25533 26 25 5
25534 19 18 4
25535 20 19 5
25536 23 22 6
25537 12 11 5
25538 19 18 4
25539 16 15 5
25540 19 19 5
25541 15 15 5
25542 23 23 5
25543 23 22 4
25544 22 21 5
25545 15 14 4
25546 14 13 5
25547 15 15 5
25548 13 13 5
25549 23 23 5
25550 17 17 5
25551 17 17 5
25552 15 15 5
25553 11 10 4
25554 18 17 7
25555 15 14 4
25556 30 29 5
25557 31 30 6
25558 24 24 4
25559 18 17 5
25560 17 16 4
25561 18 17 5
25562 19 19 5
25563 55 54 6
25564 26 26 4
25565 30 29 5
25566 17 16 4
25567 42 41 5
25568 19 18 6
25569 28 28 4
25570 32 31 5
25571 19 19 5
25572 25 24 4
25573 26 25 5
25574 23 22 4
25575 28 27 5
25576 23 23 5
25577 19 18 4
25578 28 27 5
25579 21 20 6
25580 16 16 4
25581 32 31 5
25582 21 20 6
25583 42 42 6
25584 36 36 6
25585 34 34 6
25586 30 30 8
25587 22 22 4
25588 32 31 5
25589 29 28 6
25590 36 35 5
25591 23 22 4
25592 24 23 5
25593 27 26 6
25594 24 24 4
25595 24 23 5
25596 27 26 6
25597 20 19 5
25598 21 21 5
25599 13 12 4
25600 22 21 5
25601 19 18 4
25602 36 35 5
25603 31 30 4
25604 46 45 7
25605 17 17 5
25606 15 14 4
25607 34 33 5
25608 23 22 6
25609 40 39 5
25610 63 63 7
25611 37 36 6
25612 30 30 6
25613 20 20 6
25614 14 13 5
25615 41 41 9
25616 47 47 11
25617 27 27 11
25618 19 18 4
25619 42 41 13
25620 31 30 6
25621 46 46 14
25622 34 33 7
25623 27 27 7
25624 25 25 11
25625 37 37 11
25626 17 16 4
25627 22 21 9
25628 37 36 8
25629 26 26 6
25630 42 41 13
25631 27 26 4
25632 26 25 7
25633 23 23 5
25634 27 27 9
25635 27 27 5
25636 29 28 4
25637 24 23 7
25638 31 30 6
25639 30 30 10
25640 18 17 5
25641 25 24 6
25642 36 36 12
25643 22 22 6
25644 38 37 11
25645 35 35 5
25646 29 28 8
25647 30 30 4
25648 12 11 5
25649 31 30 6
25650 14 13 5
25651 29 28 6
25652 24 24 4
25653 24 23 7
25654 29 29 7
25655 25 25 7
25656 41 40 12
25657 26 26 6
25658 20 19 5
25659 27 26 6
25660 20 20 4
25661 20 19 5
25662 21 20 6
25663 22 22 6
25664 22 22 6
25665 20 19 5
25666 23 22 6
25667 32 32 10
25668 16 15 5
25669 21 20 6
25670 18 17 5
25671 17 16 4
25672 20 19 5
25673 7 6 5
25674 19 18 4
25675 16 15 5
25676 25 25 5
25677 23 22 6
25678 24 24 6
25679 18 18 6
25680 12 12 4
25681 6 5 4
25682 14 13 5
25683 23 23 7
25684 17 17 5
25685 25 25 7
25686 21 20 6
25687 14 14 4
25688 18 17 5
25689 27 26 6
25690 28 27 5
25691 11 10 4
25692 16 15 7
25693 17 16 6
25694 26 26 4
25695 20 19 5
25696 15 15 5
25697 15 14 4
25698 20 19 5
25699 23 22 4
25700 16 15 5
25701 19 18 6
25702 18 18 4
25703 20 19 5
25704 17 16 6
25705 20 20 4
25706 16 15 5
25707 17 17 5
25708 13 12 4
25709 10 9 5
25710 17 17 5
25711 15 14 4
25712 20 19 5
25713 9 9 5
25714 17 16 6
25715 14 14 4
25716 14 13 5
25717 15 15 5
25718 11 11 5
25719 19 18 4
25720 30 29 7
25721 31 30 6
25722 32 31 9
25723 23 22 4
25724 14 13 5
25725 17 16 4
25726 24 23 5
25727 47 46 6
25728 22 22 4
25729 22 21 5
25730 37 36 6
25731 36 36 6
25732 44 44 6
25733 42 42 4
25734 28 27 5
25735 35 34 4
25736 38 37 5
25737 35 35 5
25738 53 52 4
25739 80 79 7
25740 55 54 6
25741 36 36 6
25742 40 40 4
25743 44 43 5
25744 41 41 5
25745 43 42 4
25746 48 47 5
25747 59 58 4
25748 32 31 5
25749 39 38 4
25750 44 43 5
25751 39 38 4
25752 28 27 7
25753 37 36 4
25754 50 49 5
25755 31 31 5
25756 43 43 5
25757 25 24 4
25758 40 39 5
25759 27 26 6
25760 22 22 4
25761 32 31 5
25762 35 35 7
25763 31 30 4
25764 22 21 5
25765 19 18 4
25766 20 19 5
25767 21 20 6
25768 20 20 4
25769 22 21 5
25770 29 28 4
25771 22 21 5
25772 31 30 4
25773 26 25 5
25774 29 28 6
25775 22 22 4
25776 18 17 5
25777 25 24 4
25778 18 17 5
25779 25 25 5
25780 33 32 6
25781 28 27 7
25782 41 40 4
25783 20 19 5
25784 21 20 4
25785 22 21 5
25786 17 16 4
25787 20 19 5
25788 27 27 5
25789 13 12 4
25790 20 19 5
25791 23 22 4
25792 16 15 5
25793 15 14 4
25794 20 19 5
25795 23 23 5
25796 23 22 4
25797 12 11 5
25798 15 14 4
25799 30 29 5
25800 21 21 7
25801 23 22 4
25802 12 11 5
25803 15 15 5
25804 13 13 5
25805 15 14 6
25806 22 22 4
25807 16 15 5
25808 25 25 7
25809 27 26 6
25810 20 19 5
25811 11 11 5
25812 19 18 6
25813 16 16 4
25814 16 15 5
25815 17 16 4
25816 18 17 5
25817 15 15 5
25818 17 16 4
25819 18 17 5
25820 13 12 6
25821 12 12 6
25822 24 24 4
25823 12 11 5
25824 15 14 4
25825 20 19 7
25826 11 10 4
25827 14 13 5
25828 29 29 5
25829 21 21 5
25830 11 10 4
25831 18 17 5
25832 19 19 5
25833 11 11 5
25834 15 14 6
25835 20 20 4
25836 12 11 5
25837 13 13 5
25838 9 9 5
25839 27 26 4
25840 14 13 5
25841 9 9 5
25842 17 16 6
25843 24 23 5
25844 17 16 4
25845 16 15 5
25846 13 12 4
25847 14 13 5
25848 13 13 5
25849 15 14 4
25850 14 13 7
25851 9 8 4
25852 20 19 5
25853 11 10 4
25854 16 15 5
25855 27 26 6
25856 14 13 5
25857 23 22 4
25858 18 17 5
25859 11 11 5
25860 13 12 6
25861 6 5 4
25862 6 5 4
25863 24 23 5
25864 19 19 5
25865 23 22 6
25866 8 8 4
25867 10 9 5
25868 13 12 4
25869 24 23 5
25870 13 12 4
25871 26 25 5
25872 21 21 5
25873 23 22 6
25874 10 10 6
25875 12 12 4
25876 12 11 5
25877 15 15 5
25878 23 22 6
25879 24 23 5
25880 19 18 4
25881 20 19 5
25882 15 14 4
25883 10 9 5
25884 17 16 4
25885 18 17 5
25886 27 26 6
25887 26 25 5
25888 29 29 5
25889 17 16 4
25890 12 11 5
25891 23 22 4
25892 26 25 7
25893 19 18 4
25894 26 25 7
25895 29 28 4
25896 14 13 5
25897 17 17 5
25898 25 24 6
25899 16 15 5
25900 15 14 4
25901 14 13 5
25902 17 16 6
25903 22 22 6
25904 18 18 4
25905 18 17 5
25906 9 8 4
25907 18 17 5
25908 13 12 4
25909 30 29 5
25910 23 22 4
25911 22 21 5
25912 21 21 5
25913 15 14 4
25914 6 5 4
25915 18 17 5
25916 19 18 4
25917 16 15 5
25918 21 21 5
25919 13 13 5
25920 17 16 6
25921 16 15 5
25922 19 18 4
25923 30 29 5
25924 19 18 4
25925 26 25 5
25926 19 18 4
25927 18 17 5
25928 13 12 4
25929 14 13 5
25930 19 18 6
25931 20 20 6
25932 18 18 6
25933 20 19 5
25934 23 22 6
25935 22 22 6
25936 8 8 4
25937 18 17 5
25938 25 25 5
25939 27 27 5
25940 37 37 7
25941 23 22 4
25942 12 11 5
25943 15 14 4
25944 14 13 5
25945 17 16 4
25946 26 25 5
25947 13 13 5
25948 21 20 4
25949 28 27 5
25950 17 17 5
25951 21 20 6
25952 24 24 4
25953 24 23 5
25954 23 23 5
25955 19 18 4
25956 10 9 5
25957 17 16 6
25958 18 18 4
25959 16 15 5
25960 15 14 4
25961 18 17 5
25962 9 8 4
25963 16 15 5
25964 29 29 5
25965 31 31 5
25966 21 20 4
25967 14 13 5
25968 13 12 4
25969 24 23 5
25970 19 18 6
25971 22 22 6
25972 24 24 6
25973 18 18 4
25974 24 23 5
25975 19 19 5
25976 21 20 6
25977 8 8 4
25978 28 27 5
25979 31 30 4
25980 20 19 5
25981 33 32 4
25982 18 17 5
25983 29 28 4
25984 20 19 5
25985 9 8 4
25986 36 35 5
25987 27 26 4
25988 24 23 5
25989 13 13 5
25990 19 18 4
25991 22 21 5
25992 29 28 4
25993 22 21 5
25994 23 23 5
25995 41 41 5
25996 33 33 5
25997 27 26 6
25998 20 20 4
25999 28 27 5
26000 33 32 4
26001 18 17 5
26002 21 20 4
26003 14 13 5
26004 13 12 6
26005 22 22 4
26006 26 25 5
26007 21 20 4
26008 42 41 5
26009 29 28 4
26010 22 21 5
26011 35 35 5
26012 17 17 5
26013 29 28 4
26014 30 29 7
26015 35 34 4
26016 34 33 5
26017 33 32 4
26018 28 27 5
26019 43 42 4
26020 50 49 5
26021 25 25 5
26022 29 29 5
26023 37 37 5
26024 39 38 4
26025 34 33 5
26026 37 36 6
26027 38 38 4
26028 50 49 5
26029 31 31 5
26030 27 27 5
26031 29 28 6
26032 44 44 6
26033 40 39 7
26034 35 34 4
26035 46 45 5
26036 19 19 5
26037 37 36 4
26038 26 25 5
26039 41 40 4
26040 38 37 7
26041 29 29 7
26042 39 38 4
26043 40 39 5
26044 27 27 9
26045 25 24 6
26046 30 29 7
26047 25 25 5
26048 35 34 6
26049 24 24 6
26050 32 31 5
26051 41 41 5
26052 23 23 5
26053 31 31 5
26054 23 23 7
26055 29 28 6
26056 24 23 5
26057 27 26 6
26058 24 23 5
26059 33 32 8
26060 24 24 6
26061 28 27 5
26062 43 42 6
26063 34 34 6
26064 26 25 9
26065 23 22 4
26066 22 21 5
26067 19 18 4
26068 16 15 5
26069 23 22 4
26070 26 25 5
26071 27 26 8
26072 18 18 4
26073 20 19 5
26074 29 28 6
26075 20 20 8
26076 24 24 8
26077 32 31 7
26078 27 27 7
26079 41 40 6
26080 26 25 7
26081 21 20 4
26082 32 31 9
26083 31 30 10
26084 32 31 7
26085 37 36 12
26086 16 16 6
26087 16 16 4
26088 26 25 7
26089 21 20 8
26090 40 40 4
26091 16 15 5
26092 31 31 5
26093 19 18 4
26094 28 27 7
26095 21 20 4
26096 12 11 5
26097 17 16 4
26098 22 21 5
26099 27 26 4
26100 22 21 7
26101 21 20 4
26102 26 25 5
26103 21 21 5
26104 15 14 4
26105 16 15 5
26106 31 30 6
26107 20 20 4
26108 20 19 5
26109 15 14 4
26110 18 17 5
26111 7 6 5
26112 19 18 4
26113 18 17 5
26114 15 14 4
26115 18 17 5
26116 15 14 4
26117 12 11 5
26118 23 23 5
26119 15 15 5
26120 15 14 6
26121 22 22 4
26122 14 13 5
26123 15 15 5
26124 13 12 4
26125 18 17 7
26126 23 22 6
26127 24 24 4
26128 24 23 5
26129 17 16 4
26130 18 17 7
26131 11 10 4
26132 22 21 5
26133 19 18 4
26134 22 21 5
26135 25 25 7
26136 15 14 4
26137 14 13 5
26138 19 18 6
26139 22 21 7
26140 19 18 4
26141 20 19 5
26142 19 18 6
26143 10 10 4
26144 18 17 5
26145 13 12 4
26146 16 15 5
26147 23 23 5
26148 19 18 4
26149 10 9 5
26150 19 18 6
26151 12 11 5
26152 25 24 4
26153 22 21 5
26154 17 16 6
26155 14 13 5
26156 11 10 4
26157 10 9 5
26158 13 12 4
26159 30 29 5
26160 25 25 5
26161 17 17 5
26162 17 16 4
26163 18 17 5
26164 13 12 6
26165 20 20 4
26166 18 17 5
26167 27 27 5
26168 15 15 5
26169 15 15 5
26170 11 11 5
26171 19 18 6
26172 12 12 4
26173 20 19 5
26174 19 19 7
26175 13 12 4
26176 24 23 5
26177 15 14 6
26178 10 10 4
26179 12 11 5
26180 15 15 5
26181 25 24 4
26182 24 23 7
26183 25 24 4
26184 14 13 5
26185 9 8 4
26186 12 11 7
26187 15 14 6
26188 22 22 4
26189 24 23 5
26190 37 36 4
26191 16 15 5
26192 13 13 5
26193 7 6 5
26194 15 14 6
26195 10 10 4
26196 10 9 5
26197 19 18 4
26198 22 21 5
26199 17 16 6
26200 14 14 4
26201 12 11 5
26202 13 12 4
26203 12 11 5
26204 15 14 4
26205 30 29 5
26206 17 16 6
26207 18 17 5
26208 15 14 6
26209 14 14 4
26210 16 15 5
26211 23 22 4
26212 16 15 7
26213 33 32 6
26214 20 20 4
26215 24 23 5
26216 15 15 5
26217 9 8 4
26218 16 15 5
26219 15 14 6
26220 26 25 5
26221 29 29 5
26222 17 17 5
26223 19 18 4
26224 16 15 5
26225 21 20 6
26226 22 22 6
26227 24 24 6
26228 20 19 5
26229 15 14 4
26230 26 25 5
26231 19 19 5
26232 23 23 5
26233 23 23 5
26234 17 16 4
26235 32 31 5
26236 25 24 6
26237 28 28 6
26238 22 21 5
26239 19 18 6
26240 22 22 4
26241 26 25 5
26242 21 20 6
26243 32 32 4
26244 28 27 5
26245 27 26 6
26246 40 40 6
26247 28 28 6
26248 20 20 4
26249 18 17 5
26250 15 14 4
26251 30 29 5
26252 27 26 4
26253 32 31 7
26254 19 18 4
26255 20 19 5
26256 23 22 4
26257 26 25 5
26258 37 37 5
26259 41 40 6
26260 36 36 6
26261 40 39 5
26262 31 31 5
26263 15 14 4
26264 22 21 5
26265 33 32 6
26266 36 36 6
26267 34 34 4
26268 52 51 5
26269 33 32 6
26270 24 24 4
26271 22 21 5
26272 17 16 4
26273 32 31 5
26274 21 20 4
26275 34 33 5
26276 17 16 6
26277 28 28 4
26278 32 31 5
26279 17 17 5
26280 15 15 5
26281 37 36 6
26282 22 22 4
26283 18 17 5
26284 27 26 4
26285 14 13 5
26286 21 20 6
26287 28 28 4
26288 32 31 7
26289 25 24 6
26290 30 30 6
26291 46 45 5
26292 57 56 6
26293 34 33 5
26294 29 28 4
26295 20 19 5
26296 27 27 5
26297 25 25 5
26298 27 26 4
26299 46 45 5
26300 31 31 5
26301 21 20 4
26302 14 13 5
26303 17 16 4
26304 26 25 5
26305 25 24 4
26306 22 21 5
26307 17 17 7
26308 15 14 4
26309 20 19 5
26310 15 15 5
26311 11 10 4
26312 22 21 5
26313 27 26 4
26314 20 19 5
26315 15 14 6
26316 16 16 6
26317 16 16 6
26318 28 28 6
26319 28 28 6
26320 22 22 6
26321 12 12 4
26322 18 17 5
26323 29 28 6
26324 18 18 4
26325 40 39 7
26326 29 28 6
26327 38 37 5
26328 19 19 5
26329 17 16 6
26330 22 22 6
26331 22 22 4
26332 46 45 5
26333 47 47 7
26334 23 22 4
26335 14 13 5
26336 19 18 4
26337 24 23 5
26338 21 20 6
26339 32 32 4
26340 36 35 5
26341 21 20 4
26342 26 25 5
26343 29 29 5
26344 31 30 4
26345 56 55 7
26346 49 48 4
26347 30 29 5
26348 35 34 4
26349 32 31 5
26350 21 20 4
26351 44 43 5
26352 55 55 5
26353 45 44 6
26354 38 38 4
26355 34 33 5
26356 47 46 4
26357 28 27 5
26358 41 40 6
26359 62 62 4
26360 64 63 5
26361 53 53 5
26362 45 45 5
26363 29 28 6
26364 38 38 4
26365 66 65 5
26366 63 63 5
26367 63 62 4
26368 30 29 5
26369 33 32 4
26370 32 31 5
26371 25 24 4
26372 38 37 5
26373 39 38 4
26374 36 35 5
26375 39 39 5
26376 33 32 4
26377 32 31 5
26378 53 52 4
26379 58 57 7
26380 45 44 4
26381 48 47 5
26382 51 51 5
26383 45 44 4
26384 42 41 5
26385 49 48 6
26386 52 52 4
26387 32 31 5
26388 43 42 4
26389 30 29 5
26390 35 34 6
26391 46 46 6
26392 52 52 6
26393 44 44 4
26394 46 45 5
26395 35 34 4
26396 48 47 5
26397 67 67 5
26398 61 61 5
26399 57 56 4
26400 34 33 5
26401 57 57 5
26402 37 36 4
26403 48 47 5
26404 59 58 6
26405 54 54 4
26406 38 37 5
26407 43 42 6
26408 40 40 4
26409 44 43 5
26410 41 41 5
26411 61 60 6
26412 38 38 4
26413 50 49 7
26414 45 44 4
26415 50 49 5
26416 35 34 4
26417 60 59 5
26418 45 44 4
26419 40 39 5
26420 39 39 5
26421 31 30 4
26422 48 47 5
26423 33 33 5
26424 43 42 4
26425 54 53 5
26426 37 36 6
26427 30 29 5
26428 49 48 4
26429 44 43 5
26430 47 47 5
26431 51 50 6
26432 50 50 6
26433 42 42 4
26434 30 29 5
26435 47 47 5
26436 41 40 4
26437 42 41 5
26438 43 42 4
26439 14 13 5
26440 33 32 4
26441 48 47 5
26442 29 28 4
26443 46 45 5
26444 41 41 5
26445 33 32 6
26446 38 38 4
26447 60 59 5
26448 43 43 5
26449 41 41 5
26450 47 47 5
26451 41 40 4
26452 48 47 5
26453 45 44 6
26454 26 26 4
26455 44 43 5
26456 49 49 5
26457 23 22 4
26458 50 49 5
26459 37 36 4
26460 54 53 5
26461 57 57 5
26462 45 44 4
26463 46 45 5
26464 49 48 4
26465 58 57 5
26466 45 45 5
26467 61 60 4
26468 42 41 5
26469 41 40 6
26470 56 56 4
26471 66 65 5
26472 39 38 4
26473 48 47 5
26474 37 37 5
26475 45 44 6
26476 34 34 4
26477 42 41 5
26478 47 46 4
26479 54 53 5
26480 49 48 4
26481 44 43 5
26482 41 40 6
26483 62 62 4
26484 46 45 5
26485 55 54 4
26486 46 45 5
26487 61 60 6
26488 48 48 4
26489 44 43 5
26490 53 52 4
26491 42 41 5
26492 39 39 5
26493 49 48 4
26494 36 35 5
26495 57 56 4
26496 38 37 5
26497 59 58 4
26498 54 53 5
26499 35 35 5
26500 41 41 5
26501 35 34 4
26502 42 41 5
26503 53 52 6
26504 42 42 4
26505 36 35 5
26506 45 45 5
26507 43 42 4
26508 38 37 5
26509 41 41 5
26510 33 33 5
26511 35 35 5
26512 41 40 4
26513 38 37 5
26514 31 30 6
26515 34 34 4
26516 48 47 5
26517 45 44 4
26518 40 39 5
26519 39 38 4
26520 36 35 5
26521 51 51 5
26522 45 44 4
26523 46 45 5
26524 51 50 6
26525 44 44 4
26526 40 39 5
26527 27 26 4
26528 54 53 5
26529 41 40 4
26530 42 41 5
26531 33 33 5
26532 35 34 4
26533 34 33 5
26534 39 38 6
26535 50 50 6
26536 40 40 4
26537 34 33 5
26538 43 42 4
26539 46 45 5
26540 43 43 5
26541 37 36 4
26542 44 43 5
26543 37 36 4
26544 44 43 5
26545 57 56 6
26546 22 22 4
26547 40 39 5
26548 23 22 4
26549 64 63 5
26550 41 41 5
26551 61 60 6
26552 32 32 6
26553 40 40 4
26554 36 35 5
26555 33 32 4
26556 46 45 5
26557 35 34 6
26558 26 26 4
26559 20 19 5
26560 25 24 6
26561 36 36 4
26562 28 27 5
26563 29 28 4
26564 40 39 5
26565 31 31 5
26566 21 20 4
26567 22 21 5
26568 53 52 8
26569 36 36 6
26570 38 38 4
26571 30 29 5
26572 21 20 6
26573 24 24 6
26574 50 50 4
26575 36 35 5
26576 35 34 6
26577 24 24 4
26578 36 35 7
26579 41 40 4
26580 26 25 5
26581 19 18 4
26582 24 23 5
26583 33 32 4
26584 42 41 5
26585 23 22 4
26586 28 27 5
26587 33 33 5
26588 17 16 4
26589 30 29 7
26590 35 34 4
26591 30 29 5
26592 23 22 4
26593 22 21 5
26594 25 24 6
26595 20 20 4
26596 42 41 5
26597 23 23 5
26598 25 24 4
26599 24 23 7
26600 35 34 4
26601 28 27 5
26602 19 18 4
26603 28 27 5
26604 15 14 4
26605 18 17 5
26606 25 24 4
26607 22 21 5
26608 27 26 4
26609 40 39 7
26610 37 37 5
26611 21 21 5
26612 23 22 4
26613 20 19 5
26614 21 21 5
26615 19 19 5
26616 37 36 4
26617 28 27 5
26618 21 20 6
26619 30 30 6
26620 20 20 4
26621 26 25 5
26622 25 24 4
26623 32 31 5
26624 23 22 6
26625 24 24 4
26626 30 29 5
26627 25 24 6
26628 30 30 4
26629 34 33 5
26630 19 18 4
26631 30 29 5
26632 19 18 4
26633 26 25 5
26634 15 14 4
26635 10 9 5
26636 17 16 4
26637 38 37 5
26638 31 31 5
26639 33 32 4
26640 34 33 5
26641 21 20 4
26642 16 15 5
26643 25 24 4
26644 42 41 5
26645 33 32 4
26646 38 37 5
26647 27 27 5
26648 19 18 4
26649 16 15 5
26650 17 16 4
26651 30 29 5
26652 31 30 4
26653 34 33 5
26654 23 22 4
26655 22 21 5
26656 35 34 6
26657 34 34 4
26658 22 21 5
26659 31 31 5
26660 31 30 4
26661 26 25 5
26662 23 22 4
26663 30 29 5
26664 29 28 4
26665 32 31 5
26666 29 28 4
26667 18 17 5
26668 23 22 4
26669 28 27 5
26670 27 26 6
26671 26 26 4
26672 36 35 5
26673 33 32 6
26674 26 26 4
26675 28 27 5
26676 33 33 5
26677 21 20 4
26678 28 27 7
26679 29 29 5
26680 33 33 5
26681 39 38 6
26682 26 26 4
26683 26 25 5
26684 37 36 8
26685 24 24 4
26686 24 23 5
26687 17 16 4
26688 36 35 7
26689 15 15 5
26690 21 20 6
26691 30 30 6
26692 22 22 6
26693 26 26 6
26694 28 28 4
26695 30 29 5
26696 39 38 10
26697 16 15 5
26698 23 22 4
26699 20 19 5
26700 29 28 4
26701 22 21 7
26702 33 32 6
26703 12 12 4
26704 22 21 5
26705 19 19 5
26706 17 16 4
26707 22 21 5
26708 25 25 5
26709 37 36 6
26710 18 18 4
26711 26 25 5
26712 9 9 5
26713 19 18 4
26714 16 15 5
26715 21 20 6
26716 20 20 4
26717 20 19 5
26718 21 21 5
26719 19 18 4
26720 20 19 5
26721 17 17 5
26722 13 12 4
26723 18 17 5
26724 25 24 4
26725 18 17 5
26726 21 21 5
26727 19 18 4
26728 16 15 5
26729 23 22 4
26730 26 25 5
26731 31 30 6
26732 20 20 4
26733 20 19 5
26734 13 12 4
26735 24 23 5
26736 9 9 5
26737 17 16 4
26738 12 11 5
26739 21 20 6
26740 10 10 4
26741 14 13 5
26742 17 16 4
26743 14 13 5
26744 23 22 6
26745 30 30 4
26746 20 19 5
26747 21 21 5
26748 17 16 4
26749 18 17 5
26750 25 24 4
26751 16 15 5
26752 25 24 4
26753 14 13 5
26754 11 10 4
26755 20 19 5
26756 15 15 5
26757 19 18 4
26758 16 15 5
26759 15 15 5
26760 13 13 5
26761 23 22 6
26762 18 18 6
26763 22 22 6
26764 24 24 6
26765 12 12 4
26766 24 23 5
26767 29 28 6
26768 20 20 6
26769 18 18 4
26770 22 21 7
26771 31 30 6
26772 30 30 6
26773 38 38 6
26774 16 16 6
26775 16 16 4
26776 20 19 5
26777 17 17 5
26778 13 12 4
26779 16 15 5
26780 23 22 4
26781 14 13 5
26782 23 23 7
26783 19 18 6
26784 14 14 4
26785 10 9 5
26786 21 21 7
26787 19 18 6
26788 18 17 5
26789 17 16 4
26790 24 23 5
26791 11 10 4
26792 18 17 5
26793 19 18 6
26794 24 24 6
26795 18 17 5
26796 19 19 5
26797 21 20 6
26798 14 14 4
26799 10 9 5
26800 23 22 6
26801 24 23 5
26802 15 14 4
26803 22 21 5
26804 25 24 6
26805 24 24 4
26806 22 21 5
26807 15 14 4
26808 18 17 5
26809 23 22 4
26810 24 23 5
26811 23 22 6
26812 26 25 5
26813 21 20 6
26814 14 14 4
26815 20 19 5
26816 31 31 5
26817 23 22 4
26818 26 25 9
26819 39 38 12
26820 18 18 6
26821 22 21 5
26822 17 17 5
26823 27 26 8
26824 14 14 4
26825 18 17 5
26826 27 26 4
26827 24 23 7
26828 25 24 6
26829 24 24 4
26830 16 15 5
26831 15 14 4
26832 22 21 5
26833 13 12 6
26834 18 18 6
26835 20 20 6
26836 32 32 6
26837 22 22 4
26838 20 19 5
26839 31 30 6
26840 20 20 6
26841 18 18 6
26842 18 18 6
26843 14 14 4
26844 14 13 5
26845 15 14 6
26846 24 23 5
26847 17 16 4
26848 24 23 5
26849 29 28 6
26850 16 16 4
26851 30 29 5
26852 21 21 5
26853 15 14 4
26854 34 33 5
26855 27 26 6
26856 12 11 5
26857 17 16 6
26858 34 34 4
26859 22 21 5
26860 15 15 5
26861 23 23 5
26862 21 20 4
26863 24 23 5
26864 13 13 5
26865 23 22 6
26866 16 16 6
26867 14 14 4
26868 18 17 5
26869 15 15 5
26870 19 18 6
26871 16 16 6
26872 12 12 4
26873 16 15 5
26874 23 22 6
26875 24 24 4
26876 14 13 5
26877 25 24 4
26878 28 27 5
26879 23 23 5
26880 25 24 4
26881 22 21 5
26882 13 12 4
26883 34 33 5
26884 29 28 4
26885 26 25 5
26886 17 16 4
26887 24 23 5
26888 21 21 5
26889 25 24 6
26890 26 26 4
26891 34 33 5
26892 21 20 4
26893 26 25 5
26894 31 30 6
26895 28 28 6
26896 46 46 4
26897 36 35 5
26898 47 46 6
26899 28 28 4
26900 34 33 5
26901 27 26 4
26902 38 37 5
26903 45 44 6
26904 44 43 7
26905 37 36 4
26906 26 25 5
26907 27 26 4
26908 36 35 5
26909 23 22 4
26910 24 23 5
26911 31 31 5
26912 31 30 4
26913 30 29 5
26914 33 33 5
26915 37 36 6
26916 40 39 7
26917 41 40 4
26918 36 35 5
26919 53 52 6
26920 26 26 6
26921 30 30 6
26922 48 48 8
26923 32 32 6
26924 32 31 5
26925 23 22 4
26926 32 31 5
26927 27 26 6
26928 30 30 4
26929 28 27 5
26930 31 31 5
26931 41 41 5
26932 29 28 4
26933 30 29 7
26934 25 25 5
26935 29 29 5
26936 17 17 5
26937 27 27 7
26938 19 18 4
26939 22 21 5
26940 31 30 4
26941 22 21 5
26942 33 32 4
26943 34 33 5
26944 37 37 7
26945 27 26 4
26946 28 27 5
26947 29 28 6
26948 12 12 4
26949 22 21 5
26950 25 25 5
26951 29 29 5
26952 33 32 6
26953 24 24 4
26954 22 21 5
26955 39 38 6
26956 16 16 4
26957 20 19 7
26958 21 20 4
26959 24 23 5
26960 35 34 6
26961 18 18 4
26962 44 43 11
26963 27 27 5
26964 23 22 6
26965 34 34 4
26966 30 29 5
26967 35 35 5
26968 35 34 8
26969 22 22 4
26970 24 23 5
26971 33 32 8
26972 26 26 6
26973 22 22 6
26974 20 20 4
26975 26 25 7
26976 41 41 11
26977 31 30 6
26978 30 30 6
26979 22 21 5
26980 33 33 9
26981 31 30 10
26982 28 27 9
26983 21 20 6
26984 34 33 13
26985 19 18 6
26986 32 32 6
26987 22 21 7
26988 43 42 4
26989 30 29 5
26990 25 25 7
26991 35 34 10
26992 32 32 8
26993 24 24 8
26994 24 23 9
26995 41 40 6
26996 24 23 5
26997 23 22 6
26998 32 32 4
26999 22 21 5
27000 15 14 4
27001 24 23 5
27002 17 17 5
27003 29 29 5
27004 35 34 6
27005 20 20 4
27006 30 29 5
27007 29 28 4
27008 24 23 5
27009 31 31 7
27010 25 24 4
27011 26 25 5
27012 27 26 4
27013 32 31 5
27014 19 19 5
27015 19 18 4
27016 22 21 5
27017 15 14 4
27018 22 21 5
27019 23 23 5
27020 27 27 5
27021 27 27 5
27022 23 22 4
27023 18 17 5
27024 21 21 5
27025 27 26 6
27026 20 20 4
27027 18 17 5
27028 15 14 6
27029 30 30 4
27030 22 21 5
27031 19 19 5
27032 21 20 4
27033 14 13 5
27034 19 18 4
27035 16 15 5
27036 17 16 4
27037 22 21 5
27038 21 20 6
27039 16 16 4
27040 18 17 5
27041 15 14 4
27042 26 25 5
27043 21 20 4
27044 24 23 5
27045 25 25 5
27046 23 22 4
27047 22 21 5
27048 9 8 4
27049 36 35 7
27050 15 14 6
27051 22 22 4
27052 26 25 5
27053 23 22 4
27054 20 19 5
27055 21 20 6
27056 20 20 4
27057 22 21 5
27058 21 21 5
27059 13 12 4
27060 18 17 5
27061 25 24 4
27062 24 23 5
27063 11 11 5
27064 21 20 4
27065 20 19 5
27066 19 18 6
27067 40 40 6
27068 18 18 4
27069 24 23 5
27070 17 16 4
27071 26 25 5
27072 21 21 5
27073 17 16 4
27074 24 23 5
27075 25 24 6
27076 18 18 4
27077 14 13 5
27078 21 20 4
27079 10 9 5
27080 29 28 6
27081 18 18 6
27082 14 14 4
27083 20 19 5
27084 15 14 4
27085 16 15 5
27086 17 16 4
27087 20 19 5
27088 13 12 4
27089 14 13 5
27090 15 14 4
27091 22 21 7
27092 25 24 4
27093 20 19 5
27094 15 14 6
27095 20 20 6
27096 22 22 6
27097 10 10 4
27098 20 19 5
27099 19 19 5
27100 13 12 4
27101 18 17 5
27102 11 10 4
27103 14 13 5
27104 13 12 6
27105 12 12 4
27106 16 15 5
27107 19 19 5
27108 9 8 4
27109 14 13 5
27110 11 11 5
27111 21 20 4
27112 14 13 5
27113 17 16 4
27114 22 21 5
27115 19 18 4
27116 18 17 5
27117 23 23 5
27118 17 16 4
27119 24 23 5
27120 15 15 5
27121 15 14 6
27122 20 20 6
27123 18 18 4
27124 26 25 5
27125 15 14 4
27126 16 15 5
27127 13 12 6
27128 16 16 4
27129 22 21 7
27130 13 12 4
27131 26 25 7
27132 17 16 6
27133 16 16 6
27134 14 14 4
27135 22 21 5
27136 19 18 6
27137 12 12 4
27138 16 15 5
27139 19 19 7
27140 21 20 4
27141 18 17 5
27142 9 8 4
27143 20 19 5
27144 17 16 4
27145 16 15 5
27146 17 16 4
27147 14 13 5
27148 25 25 5
27149 19 19 5
27150 23 22 4
27151 26 25 5
27152 19 18 4
27153 18 17 5
27154 21 20 4
27155 12 11 5
27156 17 16 4
27157 20 19 5
27158 13 12 6
27159 16 16 4
27160 18 17 5
27161 19 18 4
27162 22 21 5
27163 17 17 5
27164 11 10 4
27165 12 11 5
27166 15 14 6
27167 12 12 6
27168 14 14 4
27169 16 15 5
27170 13 12 6
27171 12 12 4
27172 12 11 7
27173 21 20 4
27174 26 25 5
27175 21 21 5
27176 17 16 6
27177 12 12 4
27178 22 21 5
27179 9 9 5
2