0 22 21 5
1 13 12 6
2 14 14 6
3 28 28 8
4 14 14 4
5 18 17 5
6 23 22 8
7 14 14 6
8 18 18 4
9 22 21 7
10 13 12 4
11 12 11 5
12 7 6 5
13 9 9 5
14 15 14 6
15 14 13 5
16 13 13 5
17 23 23 7
18 11 10 4
19 14 13 5
20 17 16 6
21 10 10 4
22 16 15 5
23 15 15 7
24 9 9 5
25 13 12 6
26 14 14 6
27 10 10 6
28 10 10 6
29 16 15 5
30 13 13 5
31 13 12 4
32 12 11 7
33 11 10 6
34 10 10 4
35 12 11 5
36 13 12 4
37 8 7 6
38 22 21 7
39 15 15 5
40 13 12 6
41 14 13 5
42 13 13 5
43 9 9 5
44 13 12 6
45 12 12 6
46 14 13 5
47 11 10 4
48 24 23 5
49 11 10 4
50 18 17 5
51 23 22 6
52 6 5 4
53 14 13 5
54 7 6 5
55 11 10 6
56 14 14 6
57 18 17 5
58 27 26 6
59 18 18 6
60 22 21 5
61 15 15 5
62 17 16 6
63 34 34 6
64 30 30 6
65 36 35 5
66 25 25 7
67 15 15 5
68 15 14 6
69 20 20 4
70 18 17 5
71 21 20 6
72 26 26 6
73 22 22 6
74 12 12 6
75 20 19 5
76 15 15 5
77 25 25 7
78 25 24 6
79 16 16 6
80 20 20 6
81 10 10 4
82 30 29 7
83 23 23 5
84 21 21 5
85 23 23 5
86 41 41 7
87 33 32 4
88 16 15 5
89 19 19 5
90 27 26 6
91 36 36 6
92 20 20 4
93 36 35 7
94 29 28 8
95 20 20 4
96 24 23 7
97 23 22 4
98 22 21 5
99 19 18 4
100 24 23 5
101 21 21 5
102 29 29 5
103 23 22 6
104 18 18 6
105 12 12 4
106 18 17 5
107 27 26 6
108 18 18 4
109 20 19 5
110 17 17 5
111 27 26 6
112 20 19 5
113 21 20 6
114 32 32 8
115 20 20 6
116 22 21 5
117 31 31 7
118 21 21 5
119 33 32 12
120 14 13 5
121 17 17 5
122 17 16 4
123 34 33 5
124 21 21 5
125 27 27 5
126 25 25 7
127 33 32 4
128 32 31 9
129 17 17 5
130 15 15 5
131 21 21 5
132 21 21 9
133 19 18 6
134 26 25 5
135 29 28 4
136 18 17 5
137 15 15 5
138 23 23 5
139 23 22 6
140 18 17 5
141 29 29 9
142 21 21 5
143 33 32 6
144 22 22 8
145 26 25 7
146 17 16 8
147 22 22 8
148 18 18 4
149 20 19 5
150 29 29 7
151 27 27 7
152 25 24 6
153 28 27 7
154 17 17 5
155 35 34 8
156 16 16 4
157 26 25 5
158 19 18 6
159 28 27 5
160 29 28 10
161 18 18 4
162 30 29 5
163 31 31 7
164 23 22 6
165 14 14 4
166 18 17 5
167 19 18 4
168 30 29 5
169 25 25 5
170 21 21 7
171 25 24 6
172 26 25 7
173 21 20 4
174 32 31 7
175 23 22 8
176 24 24 6
177 38 37 7
178 35 35 13
179 29 28 4
180 28 27 7
181 27 26 6
182 24 24 6
183 26 26 4
184 28 27 7
185 31 30 6
186 36 35 9
187 27 26 4
188 26 25 5
189 23 23 7
190 29 28 4
191 26 25 5
192 13 13 5
193 15 15 5
194 17 16 4
195 22 21 9
196 23 22 6
197 20 20 6
198 26 26 6
199 26 25 5
200 13 12 4
201 22 21 5
202 23 22 4
203 24 23 5
204 17 17 5
205 21 21 5
206 27 27 7
207 17 17 5
208 35 35 5
209 23 23 5
210 19 19 5
211 21 20 6
212 26 26 4
213 42 41 7
214 19 18 4
215 22 21 5
216 19 19 5
217 29 28 4
218 24 23 7
219 15 15 5
220 25 24 8
221 18 17 5
222 19 19 5
223 27 26 6
224 24 24 6
225 22 21 5
226 31 30 6
227 32 32 6
228 22 22 8
229 26 26 6
230 26 25 5
231 27 26 4
232 16 15 5
233 19 19 5
234 19 19 5
235 31 30 4
236 26 25 5
237 27 27 7
238 15 15 5
239 25 24 6
240 24 23 5
241 25 25 7
242 17 16 4
243 34 33 5
244 13 13 5
245 9 8 4
246 16 15 5
247 15 15 5
248 23 22 4
249 18 17 5
250 13 12 6
251 8 8 4
252 12 11 5
253 15 14 6
254 16 15 7
255 9 8 4
256 10 9 5
257 15 14 4
258 16 15 7
259 19 18 6
260 16 16 4
261 12 11 5
262 17 16 6
263 8 8 4
264 20 19 5
265 9 9 5
266 23 22 8
267 22 22 6
268 24 23 9
269 27 26 4
270 18 17 5
271 19 19 5
272 17 16 4
273 16 15 5
274 11 10 4
275 18 17 5
276 21 20 6
277 22 21 5
278 15 15 5
279 19 19 5
280 21 20 4
281 18 17 7
282 13 12 4
283 40 39 5
284 21 21 5
285 17 17 5
286 25 24 6
287 16 15 5
288 15 14 6
289 14 14 4
290 20 19 5
291 21 21 5
292 27 27 5
293 9 8 4
294 20 19 5
295 15 14 4
296 24 23 7
297 39 38 6
298 32 32 6
299 22 22 6
300 30 30 4
301 52 51 7
302 23 23 5
303 29 28 6
304 32 32 6
305 36 35 7
306 41 41 5
307 41 41 7
308 43 42 6
309 34 34 6
310 36 36 8
311 36 36 6
312 18 17 5
313 43 42 10
314 30 30 8
315 22 22 6
316 36 36 10
317 22 22 8
318 24 24 6
319 24 23 7
320 45 44 6
321 38 37 7
322 43 43 7
323 51 50 8
324 42 41 9
325 17 16 4
326 30 29 5
327 27 27 5
328 33 32 4
329 32 31 7
330 23 23 5
331 23 22 6
332 28 28 8
333 22 22 6
334 10 10 4
335 12 11 5
336 15 14 4
337 24 23 5
338 15 15 5
339 17 16 4
340 32 31 5
341 23 23 7
342 11 10 6
343 14 14 4
344 20 19 5
345 25 25 5
346 17 16 4
347 20 19 5
348 25 25 7
349 17 16 4
350 26 25 7
351 15 14 4
352 16 15 5
353 9 8 4
354 18 17 7
355 17 16 4
356 24 23 5
357 13 13 5
358 13 12 6
359 20 20 4
360 22 21 5
361 13 13 5
362 11 11 5
363 23 22 6
364 16 16 4
365 20 19 7
366 17 16 6
367 26 26 6
368 16 16 6
369 24 24 4
370 14 13 5
371 23 22 6
372 16 15 5
373 21 20 6
374 20 20 6
375 16 16 4
376 20 19 7
377 11 10 4
378 18 17 5
379 19 18 6
380 28 27 5
381 15 15 5
382 11 11 5
383 17 16 6
384 18 18 4
385 14 13 5
386 27 26 6
387 14 13 5
388 19 18 6
389 18 18 6
390 20 20 8
391 12 12 4
392 12 11 5
393 17 16 6
394 14 14 4
395 22 21 5
396 19 18 4
397 22 21 5
398 17 17 7
399 9 8 4
400 10 9 5
401 19 18 6
402 12 11 5
403 15 14 4
404 12 11 5
405 13 12 6
406 8 7 6
407 10 9 5
408 11 10 4
409 26 25 7
410 11 10 6
411 10 10 6
412 10 10 6
413 10 10 4
414 16 15 5
415 21 20 6
416 18 17 5
417 19 18 8
418 10 10 4
419 14 13 5
420 9 8 4
421 14 13 5
422 13 12 6
423 14 14 6
424 10 10 4
425 20 19 5
426 11 11 5
427 13 12 6
428 14 14 6
429 16 16 6
430 14 14 4
431 12 11 5
432 23 22 6
433 32 31 7
434 23 23 5
435 25 24 4
436 16 15 5
437 9 9 5
438 13 13 5
439 15 15 5
440 17 17 7
441 15 14 6
442 20 20 4
443 24 23 7
444 17 16 4
445 12 11 5
446 9 8 4
447 18 17 5
448 11 10 4
449 12 11 7
450 17 16 4
451 14 13 7
452 17 16 4
453 10 9 5
454 15 14 4
455 20 19 7
456 17 17 5
457 15 14 6
458 18 17 7
459 17 16 4
460 14 13 5
461 11 10 6
462 10 10 6
463 20 20 8
464 8 8 4
465 14 13 5
466 11 11 5
467 13 12 4
468 12 11 7
469 7 6 5
470 11 10 6
471 14 14 6
472 10 9 5
473 15 14 4
474 20 19 5
475 27 27 5
476 13 12 4
477 12 11 5
478 7 6 5
479 15 14 6
480 18 18 6
481 10 9 5
482 9 8 4
483 10 9 5
484 7 6 5
485 9 9 5
486 11 11 5
487 15 15 5
488 17 17 7
489 17 16 6
490 10 9 5
491 11 10 4
492 14 13 5
493 15 15 7
494 9 8 4
495 22 21 7
496 11 10 6
497 10 9 5
498 17 16 6
499 8 8 4
500 12 11 5
501 13 13 5
502 15 15 5
503 9 9 5
504 15 14 6
505 18 18 6
506 10 9 5
507 15 15 5
508 9 8 4
509 16 15 5
510 15 14 6
511 14 14 4
512 14 13 5
513 17 17 5
514 11 11 5
515 15 14 6
516 14 13 5
517 17 17 7
518 21 20 6
519 14 14 4
520 10 9 5
521 9 8 4
522 16 15 5
523 11 11 5
524 13 12 6
525 12 12 6
526 10 10 4
527 14 13 5
528 13 12 6
529 6 6 6
530 13 13 7
531 9 8 4
532 14 13 5
533 19 18 6
534 10 10 6
535 8 8 4
536 10 9 5
537 13 13 5
538 21 21 7
539 31 30 4
540 22 21 5
541 17 17 7
542 17 16 4
543 10 9 5
544 11 10 6
545 12 12 6
546 8 7 6
547 16 16 4
548 20 19 7
549 23 22 4
550 24 23 7
551 23 22 6
552 22 22 8
553 12 12 4
554 12 11 5
555 11 11 5
556 11 10 4
557 6 5 4
558 18 17 7
559 17 16 6
560 20 20 6
561 24 23 5
562 15 14 6
563 22 21 5
564 19 19 5
565 17 16 6
566 20 20 6
567 8 8 4
568 8 7 6
569 22 22 6
570 12 12 4
571 14 13 5
572 27 27 5
573 15 14 6
574 12 12 4
575 14 13 5
576 19 18 4
577 22 21 5
578 19 18 6
579 8 8 4
580 26 25 5
581 23 23 5
582 15 15 5
583 23 23 5
584 17 17 5
585 19 18 4
586 20 19 5
587 23 23 5
588 31 31 7
589 29 28 10
590 32 32 4
591 36 35 5
592 21 21 5
593 25 25 7
594 33 32 6
595 18 18 6
596 20 20 4
597 48 47 7
598 37 37 7
599 21 21 5
600 21 20 4
601 24 23 7
602 27 26 6
603 28 27 5
604 41 40 10
605 38 38 8
606 36 36 6
607 46 45 13
608 21 20 4
609 28 27 7
610 35 35 7
611 21 21 5
612 37 37 9
613 29 28 6
614 34 34 8
615 30 30 8
616 28 27 5
617 15 15 5
618 31 31 5
619 31 31 7
620 31 30 8
621 28 27 9
622 37 37 7
623 35 34 10
624 28 28 8
625 30 30 8
626 22 22 6
627 30 29 7
628 23 23 7
629 43 42 10
630 50 50 10
631 32 31 9
632 21 21 5
633 21 20 6
634 26 26 8
635 38 37 9
636 23 23 9
637 29 28 8
638 34 33 9
639 33 32 8
640 32 31 9
641 25 24 8
642 20 20 6
643 30 29 7
644 29 29 9
645 31 30 12
646 30 29 9
647 37 37 5
648 29 29 5
649 27 26 8
650 22 21 5
651 39 39 11
652 21 21 5
653 23 23 7
654 45 44 12
655 22 21 5
656 21 21 5
657 23 22 6
658 38 37 9
659 37 37 9
660 21 20 6
661 40 40 12
662 36 36 8
663 46 46 14
664 36 36 8
665 38 38 12
666 32 31 7
667 27 26 8
668 38 38 10
669 44 43 7
670 29 29 7
671 13 13 5
672 19 18 6
673 38 38 8
674 24 24 6
675 40 39 11
676 31 31 7
677 45 44 10
678 24 24 6
679 32 32 8
680 32 31 7
681 17 17 5
682 25 25 5
683 27 27 5
684 23 23 5
685 27 26 6
686 32 31 5
687 15 15 5
688 31 31 7
689 27 26 6
690 18 17 5
691 27 27 7
692 17 16 6
693 22 22 6
694 32 32 8
695 24 24 4
696 24 23 7
697 31 30 6
698 18 17 5
699 19 19 5
700 25 24 4
701 16 15 5
702 13 13 5
703 15 15 5
704 33 32 8
705 18 18 4
706 12 11 5
707 13 12 4
708 20 19 5
709 19 19 7
710 15 15 5
711 19 19 5
712 17 17 5
713 19 19 5
714 17 17 5
715 21 21 5
716 23 23 7
717 25 24 6
718 12 12 4
719 10 9 5
720 15 14 4
721 16 15 5
722 17 16 4
723 10 9 5
724 9 8 4
725 16 15 5
726 11 10 4
727 20 19 5
728 19 18 6
729 24 23 7
730 17 16 6
731 22 22 6
732 12 12 4
733 16 15 5
734 13 12 6
735 18 18 6
736 16 16 6
737 16 16 6
738 22 21 7
739 17 16 4
740 26 25 7
741 21 20 6
742 12 12 4
743 22 21 5
744 19 18 4
745 20 19 5
746 15 14 6
747 10 10 4
748 22 21 7
749 15 14 6
750 26 25 5
751 15 14 4
752 14 13 5
753 27 26 6
754 14 14 4
755 16 15 5
756 27 27 7
757 13 13 5
758 13 12 6
759 14 14 4
760 20 19 5
761 17 17 5
762 11 11 5
763 19 18 4
764 12 11 5
765 13 12 4
766 10 9 5
767 13 12 8
768 12 12 4
769 16 15 7
770 13 12 6
771 14 14 4
772 24 23 5
773 17 16 4
774 24 23 5
775 21 20 6
776 20 19 5
777 17 17 5
778 13 13 5
779 9 8 4
780 12 11 5
781 15 14 6
782 12 11 5
783 11 11 5
784 15 14 6
785 28 28 6
786 16 15 5
787 11 11 5
788 15 14 4
789 30 29 7
790 9 8 4
791 14 13 5
792 15 15 5
793 13 13 5
794 15 15 5
795 31 31 5
796 13 13 5
797 25 25 5
798 31 31 7
799 35 34 6
800 28 28 6
801 14 13 5
802 9 8 4
803 12 11 5
804 11 10 4
805 18 17 5
806 17 16 4
807 24 23 5
808 15 15 5
809 23 23 5
810 23 23 5
811 11 10 4
812 12 11 5
813 13 13 5
814 13 12 4
815 20 19 5
816 15 14 4
817 28 27 7
818 11 11 5
819 19 18 6
820 16 16 4
821 12 11 5
822 17 17 5
823 31 30 8
824 16 16 6
825 10 10 4
826 26 25 5
827 19 19 5
828 17 16 4
829 12 11 5
830 21 21 5
831 7 6 5
832 13 12 6
833 18 18 6
834 14 13 5
835 11 10 4
836 16 15 7
837 9 8 4
838 14 13 5
839 19 18 6
840 14 14 6
841 12 12 4
842 14 13 5
843 19 19 7
844 23 22 6
845 18 17 5
846 23 22 6
847 16 15 5
848 17 17 5
849 21 20 6
850 22 22 6
851 26 25 7
852 5 5 5
853 24 23 5
854 9 8 4
855 10 9 5
856 19 18 6
857 22 21 7
858 21 20 6
859 8 8 4
860 16 15 5
861 11 11 5
862 17 16 6
863 10 10 4
864 12 11 5
865 15 14 6
866 10 10 6
867 10 10 6
868 26 26 6
869 12 11 5
870 21 20 6
871 20 20 6
872 12 12 4
873 10 9 5
874 17 16 4
875 12 11 5
876 11 10 6
877 12 12 4
878 16 15 5
879 21 20 6
880 10 10 6
881 18 18 8
882 10 10 4
883 18 17 7
884 13 12 4
885 16 15 5
886 17 16 6
887 16 16 6
888 12 12 6
889 6 6 6
890 21 20 8
891 8 8 4
892 16 15 7
893 15 14 6
894 12 11 5
895 15 14 6
896 16 15 7
897 17 16 4
898 20 19 7
899 15 14 4
900 14 13 5
901 21 20 6
902 24 23 5
903 13 13 5
904 11 11 5
905 11 10 4
906 14 13 7
907 9 8 4
908 10 9 5
909 15 14 4
910 12 11 5
911 15 15 5
912 13 12 6
913 10 10 6
914 6 5 4
915 14 13 5
916 13 12 6
917 10 10 4
918 14 13 7
919 13 12 4
920 22 21 7
921 17 17 5
922 9 9 5
923 11 10 4
924 10 9 5
925 13 12 6
926 6 6 6
927 11 10 6
928 12 12 8
929 16 16 4
930 16 15 5
931 23 22 4
932 12 11 5
933 21 20 8
934 12 12 4
935 18 17 5
936 19 19 5
937 15 14 6
938 8 8 4
939 14 13 5
940 21 20 6
941 10 9 5
942 13 12 6
943 12 12 6
944 14 13 5
945 11 10 4
946 28 27 5
947 21 21 5
948 19 18 4
949 22 21 7
950 15 15 5
951 19 18 6
952 6 6 6
953 13 12 6
954 12 12 6
955 8 8 4
956 20 19 7
957 13 13 5
958 11 11 5
959 11 10 4
960 14 13 5
961 19 18 6
962 14 13 5
963 17 16 6
964 14 13 5
965 15 14 4
966 20 19 5
967 13 12 4
968 16 15 5
969 15 15 5
970 15 14 6
971 14 13 5
972 21 20 8
973 14 14 8
974 12 12 4
975 12 11 5
976 9 8 4
977 14 13 5
978 27 26 6
979 24 24 6
980 10 10 6
981 24 24 4
982 20 19 5
983 13 12 6
984 26 26 6
985 20 20 6
986 22 22 8
987 16 16 4
988 14 13 5
989 19 19 5
990 29 28 8
991 34 34 6
992 24 24 4
993 20 19 7
994 25 24 6
995 34 34 6
996 36 35 9
997 27 26 6
998 54 53 13
999 23 23 5
1000 27 27 7
1001 39 38 6
1002 32 31 11
1003 29 28 6
1004 26 26 6
1005 22 22 6
1006 24 24 4
1007 28 27 7
1008 39 38 6
1009 26 26 6
1010 26 25 7
1011 27 26 6
1012 30 29 7
1013 31 30 6
1014 22 21 5
1015 37 37 9
1016 27 27 7
1017 27 26 6
1018 32 31 7
1019 39 39 9
1020 21 20 4
1021 40 39 11
1022 19 19 5
1023 29 28 6
1024 26 25 7
1025 39 38 14
1026 24 24 6
1027 22 21 5
1028 27 26 6
1029 24 24 4
1030 14 13 5
1031 13 13 5
1032 13 13 5
1033 17 16 4
1034 24 23 7
1035 21 20 4
1036 26 25 5
1037 23 23 5
1038 23 23 5
1039 33 33 9
1040 27 26 12
1041 32 31 9
1042 35 35 9
1043 25 25 5
1044 31 31 5
1045 23 22 6
1046 18 18 4
1047 12 11 5
1048 27 27 5
1049 19 18 6
1050 14 14 6
1051 18 18 4
1052 24 23 7
1053 13 12 4
1054 34 33 7
1055 37 36 6
1056 24 23 5
1057 19 19 7
1058 21 21 7
1059 27 26 8
1060 24 24 6
1061 24 24 6
1062 36 35 9
1063 21 21 5
1064 21 21 5
1065 19 18 8
1066 28 28 6
1067 30 30 6
1068 22 22 6
1069 28 28 6
1070 30 29 9
1071 25 25 7
1072 15 15 5
1073 11 11 5
1074 25 24 6
1075 18 17 5
1076 27 26 8
1077 22 22 4
1078 6 5 4
1079 22 21 5
1080 21 21 5
1081 25 25 7
1082 21 21 5
1083 19 19 7
1084 27 26 8
1085 34 34 14
1086 20 20 6
1087 18 18 6
1088 20 20 6
1089 24 24 8
1090 18 18 4
1091 14 13 5
1092 25 24 6
1093 16 16 6
1094 16 15 7
1095 23 22 10
1096 22 22 6
1097 20 19 7
1098 25 24 6
1099 18 18 4
1100 22 21 5
1101 15 14 4
1102 10 9 5
1103 19 18 8
1104 16 16 4
1105 18 17 5
1106 11 11 5
1107 11 10 4
1108 26 25 5
1109 23 23 11
1110 23 23 7
1111 21 20 6
1112 20 19 7
1113 13 13 5
1114 27 26 6
1115 28 27 9
1116 23 22 6
1117 20 20 4
1118 22 21 5
1119 13 12 4
1120 22 21 7
1121 13 12 6
1122 16 15 5
1123 11 11 5
1124 15 14 4
1125 18 17 5
1126 15 14 6
1127 18 17 7
1128 21 20 6
1129 12 12 4
1130 10 9 5
1131 21 21 5
1132 15 14 4
1133 28 27 5
1134 15 14 6
1135 14 14 6
1136 18 17 5
1137 19 18 6
1138 14 14 6
1139 22 22 4
1140 18 17 5
1141 11 11 5
1142 9 9 5
1143 21 21 5
1144 15 14 6
1145 12 12 4
1146 24 23 7
1147 29 28 6
1148 22 22 6
1149 12 12 4
1150 28 27 5
1151 17 16 6
1152 10 10 4
1153 14 13 5
1154 19 19 7
1155 15 15 5
1156 17 16 4
1157 16 15 5
1158 15 14 4
1159 18 17 7
1160 25 24 6
1161 10 10 4
1162 12 11 5
1163 25 25 7
1164 13 12 4
1165 20 19 5
1166 19 18 6
1167 14 14 4
1168 16 15 5
1169 15 15 5
1170 15 15 5
1171 15 15 5
1172 19 18 6
1173 20 20 6
1174 14 14 4
1175 12 11 5
1176 11 10 4
1177 12 11 5
1178 15 14 6
1179 12 12 4
1180 16 15 5
1181 13 13 5
1182 7 6 5
1183 7 6 5
1184 17 16 6
1185 16 15 5
1186 11 11 5
1187 15 15 7
1188 9 8 4
1189 20 19 7
1190 11 10 4
1191 6 5 4
1192 18 17 7
1193 11 11 5
1194 7 6 5
1195 13 12 4
1196 12 11 5
1197 15 15 7
1198 15 14 4
1199 12 11 5
1200 27 27 7
1201 13 12 4
1202 22 21 7
1203 9 8 4
1204 12 11 7
1205 15 14 6
1206 16 15 5
1207 11 10 4
1208 18 17 5
1209 7 7 7
1210 12 12 6
1211 12 12 6
1212 22 22 6
1213 12 12 4
1214 14 13 5
1215 15 14 8
1216 18 18 6
1217 12 12 6
1218 14 14 6
1219 10 10 6
1220 10 10 6
1221 12 12 6
1222 12 12 6
1223 12 12 4
1224 10 9 5
1225 11 11 5
1226 9 9 5
1227 19 18 6
1228 12 11 5
1229 19 18 4
1230 10 9 5
1231 13 13 5
1232 9 9 5
1233 9 9 5
1234 11 11 5
1235 5 5 5
1236 18 17 5
1237 17 17 5
1238 7 6 5
1239 11 10 6
1240 10 10 4
1241 10 9 5
1242 13 12 6
1243 12 11 5
1244 21 20 6
1245 10 9 5
1246 11 11 5
1247 13 13 5
1248 11 10 6
1249 10 10 6
1250 10 9 5
1251 9 8 4
1252 10 9 5
1253 15 15 5
1254 17 16 4
1255 16 15 7
1256 17 16 6
1257 12 12 4
1258 10 9 5
1259 15 15 7
1260 19 18 6
1261 10 10 4
1262 8 7 6
1263 10 10 6
1264 6 6 6
1265 17 16 6
1266 6 6 6
1267 13 13 5
1268 13 12 6
1269 22 21 5
1270 19 18 8
1271 14 14 6
1272 12 12 4
1273 10 9 5
1274 13 13 7
1275 9 8 4
1276 14 13 5
1277 17 17 5
1278 17 17 5
1279 13 12 6
1280 20 20 8
1281 12 12 4
1282 20 19 7
1283 7 6 5
1284 19 18 4
1285 14 13 5
1286 9 9 5
1287 11 11 5
1288 13 13 5
1289 11 10 4
1290 16 15 5
1291 11 11 5
1292 15 15 7
1293 19 18 6
1294 16 16 6
1295 10 10 4
1296 18 17 5
1297 11 11 5
1298 9 8 4
1299 12 11 5
1300 11 11 5
1301 9 8 4
1302 22 21 5
1303 9 9 5
1304 13 12 4
1305 20 19 5
1306 13 12 4
1307 10 9 5
1308 7 6 5
1309 17 17 5
1310 15 14 6
1311 14 13 5
1312 9 9 5
1313 11 11 5
1314 21 20 6
1315 20 20 6
1316 6 5 4
1317 16 15 7
1318 9 8 4
1319 12 11 5
1320 9 9 5
1321 11 11 5
1322 13 12 6
1323 32 32 6
1324 14 14 4
1325 10 9 5
1326 11 10 6
1327 16 16 6
1328 12 12 4
1329 18 17 7
1330 17 16 6
1331 14 14 4
1332 12 11 5
1333 13 13 5
1334 19 18 6
1335 20 20 6
1336 24 23 5
1337 11 10 4
1338 18 17 5
1339 11 11 5
1340 11 11 5
1341 19 19 5
1342 13 13 5
1343 9 9 5
1344 25 24 6
1345 6 6 6
1346 17 16 4
1347 18 17 7
1348 17 16 4
1349 12 11 5
1350 25 25 7
1351 17 16 6
1352 12 11 5
1353 19 19 5
1354 11 11 5
1355 21 20 6
1356 14 14 6
1357 10 10 6
1358 22 22 6
1359 38 38 6
1360 18 18 6
1361 20 20 6
1362 22 22 6
1363 24 24 6
1364 18 18 4
1365 22 21 5
1366 19 19 5
1367 17 17 5
1368 15 14 4
1369 24 23 5
1370 19 19 5
1371 19 19 5
1372 17 17 5
1373 13 12 6
1374 24 24 4
1375 22 21 5
1376 19 19 5
1377 29 28 6
1378 20 20 6
1379 12 12 4
1380 16 15 5
1381 13 12 4
1382 28 27 5
1383 13 12 6
1384 20 20 6
1385 14 14 6
1386 14 14 4
1387 20 19 5
1388 25 24 4
1389 18 17 5
1390 13 12 4
1391 22 21 5
1392 23 22 6
1393 32 32 8
1394 16 15 5
1395 11 10 4
1396 16 15 5
1397 17 17 5
1398 17 16 6
1399 18 17 5
1400 23 22 6
1401 20 20 6
1402 28 27 7
1403 13 13 5
1404 15 14 6
1405 14 14 4
1406 6 5 4
1407 22 21 7
1408 21 20 6
1409 18 18 6
1410 14 13 5
1411 17 16 6
1412 12 12 4
1413 14 13 5
1414 17 16 4
1415 22 21 7
1416 19 18 6
1417 14 13 5
1418 17 16 4
1419 18 17 7
1420 19 19 5
1421 29 28 6
1422 20 20 4
1423 18 17 5
1424 15 15 5
1425 19 19 5
1426 17 17 5
1427 9 9 5
1428 11 10 4
1429 14 13 5
1430 13 12 6
1431 12 11 5
1432 13 12 4
1433 16 15 7
1434 9 8 4
1435 10 9 5
1436 9 9 5
1437 13 13 5
1438 11 10 6
1439 18 18 6
1440 8 8 4
1441 12 11 5
1442 11 10 6
1443 12 12 6
1444 8 8 4
1445 12 11 5
1446 13 13 5
1447 11 11 5
1448 13 12 6
1449 26 25 5
1450 15 14 6
1451 12 12 4
1452 18 17 5
1453 15 14 4
1454 14 13 5
1455 11 11 7
1456 11 10 4
1457 10 9 5
1458 13 13 5
1459 13 13 7
1460 13 12 6
1461 8 8 4
1462 10 9 5
1463 13 12 8
1464 14 14 6
1465 16 16 4
1466 12 11 5
1467 11 10 4
1468 16 15 7
1469 9 8 4
1470 10 9 5
1471 33 32 6
1472 12 12 4
1473 16 15 5
1474 11 11 5
1475 9 9 5
1476 17 16 4
1477 14 13 5
1478 25 25 9
1479 11 10 4
1480 16 15 5
1481 21 21 7
1482 17 16 4
1483 14 13 7
1484 13 12 6
1485 14 14 6
1486 24 24 4
1487 14 13 5
1488 17 16 6
1489 18 18 6
1490 12 12 6
1491 26 25 7
1492 23 22 6
1493 12 11 5
1494 29 28 4
1495 14 13 5
1496 23 23 5
1497 9 9 5
1498 33 32 4
1499 26 25 5
1500 43 43 7
1501 25 25 5
1502 17 17 5
1503 15 14 4
1504 42 41 7
1505 15 15 5
1506 31 30 6
1507 18 17 5
1508 31 30 8
1509 14 14 4
1510 18 17 5
1511 23 22 6
1512 24 23 5
1513 29 28 6
1514 10 9 5
1515 17 17 5
1516 31 30 6
1517 32 32 6
1518 16 16 4
1519 22 21 5
1520 21 21 7
1521 19 18 4
1522 26 25 5
1523 25 24 8
1524 22 22 4
1525 20 19 5
1526 19 19 5
1527 21 20 4
1528 16 15 5
1529 19 18 6
1530 24 24 6
1531 16 16 4
1532 18 17 5
1533 27 27 5
1534 33 32 8
1535 24 23 9
1536 17 17 5
1537 23 23 5
1538 29 29 7
1539 23 22 4
1540 26 25 7
1541 21 20 6
1542 40 39 5
1543 37 37 5
1544 29 29 7
1545 31 30 6
1546 20 19 5
1547 15 15 5
1548 19 18 6
1549 22 22 4
1550 30 29 7
1551 17 16 4
1552 16 15 5
1553 21 21 5
1554 23 22 6
1555 20 19 5
1556 15 14 6
1557 14 14 6
1558 26 26 6
1559 20 20 4
1560 16 15 5
1561 25 25 5
1562 21 20 6
1563 16 16 6
1564 16 16 4
1565 30 29 5
1566 25 25 5
1567 23 22 6
1568 20 19 5
1569 19 18 4
1570 22 21 7
1571 25 24 8
1572 18 18 4
1573 6 5 4
1574 32 31 5
1575 19 19 5
1576 21 21 5
1577 13 12 4
1578 20 19 7
1579 17 16 4
1580 20 19 5
1581 23 22 6
1582 24 24 6
1583 24 23 5
1584 21 20 6
1585 18 17 5
1586 25 24 6
1587 32 32 8
1588 18 17 5
1589 11 10 6
1590 18 18 4
1591 26 25 5
1592 9 9 5
1593 21 20 6
1594 22 22 6
1595 16 15 5
1596 19 18 4
1597 38 37 11
1598 17 16 4
1599 14 13 5
1600 13 12 4
1601 6 5 4
1602 26 25 5
1603 15 15 5
1604 17 16 4
1605 18 17 7
1606 15 14 4
1607 20 19 7
1608 17 17 5
1609 19 19 5
1610 13 13 5
1611 15 14 6
1612 18 18 6
1613 16 16 6
1614 12 12 4
1615 14 13 5
1616 23 23 5
1617 21 20 6
1618 14 14 4
1619 14 13 5
1620 23 23 5
1621 15 15 5
1622 17 16 6
1623 10 10 4
1624 20 19 5
1625 15 14 8
1626 14 14 4
1627 12 11 5
1628 11 11 5
1629 21 21 5
1630 11 11 5
1631 25 24 8
1632 14 14 4
1633 14 13 5
1634 25 25 5
1635 19 19 9
1636 17 16 4
1637 12 11 5
1638 13 12 4
1639 14 13 5
1640 19 19 5
1641 15 14 4
1642 18 17 7
1643 29 28 6
1644 22 22 4
1645 30 29 5
1646 25 24 6
1647 16 15 5
1648 21 20 6
1649 32 32 8
1650 26 26 4
1651 24 23 5
1652 23 22 6
1653 34 34 6
1654 28 28 6
1655 22 22 6
1656 24 24 6
1657 20 19 5
1658 35 34 6
1659 36 35 7
1660 29 28 6
1661 30 29 7
1662 23 23 5
1663 23 22 6
1664 18 17 5
1665 25 24 4
1666 32 31 7
1667 25 25 7
1668 17 16 4
1669 28 27 5
1670 19 19 5
1671 13 13 5
1672 21 20 6
1673 16 16 4
1674 14 13 5
1675 15 14 6
1676 28 28 8
1677 18 18 4
1678 12 11 5
1679 15 15 5
1680 17 16 4
1681 14 13 7
1682 19 18 4
1683 14 13 5
1684 15 14 4
1685 12 11 5
1686 7 6 5
1687 19 19 5
1688 19 18 6
1689 12 11 5
1690 11 11 5
1691 13 13 5
1692 17 16 4
1693 18 17 5
1694 11 11 5
1695 13 13 5
1696 13 12 6
1697 18 17 5
1698 13 13 7
1699 17 16 6
1700 8 8 4
1701 14 13 5
1702 13 13 5
1703 15 15 5
1704 5 5 5
1705 6 5 4
1706 8 7 6
1707 10 10 4
1708 12 11 5
1709 17 17 7
1710 21 20 6
1711 20 20 8
1712 14 14 6
1713 20 20 6
1714 12 11 5
1715 11 10 4
1716 12 11 5
1717 9 9 5
1718 15 15 5
1719 9 8 4
1720 18 17 5
1721 23 22 6
1722 20 20 6
1723 14 14 4
1724 16 15 5
1725 13 13 5
1726 13 12 6
1727 20 20 4
1728 28 27 5
1729 23 22 8
1730 18 18 6
1731 16 16 4
1732 12 11 5
1733 19 19 5
1734 19 18 4
1735 16 15 7
1736 9 8 4
1737 12 11 5
1738 13 13 5
1739 13 12 6
1740 12 11 5
1741 17 16 4
1742 12 11 5
1743 13 12 6
1744 10 10 4
1745 8 7 6
1746 14 14 4
1747 18 17 7
1748 13 13 5
1749 17 16 4
1750 14 13 5
1751 15 14 6
1752 10 10 4
1753 12 11 5
1754 13 13 7
1755 15 14 4
1756 12 11 5
1757 7 6 5
1758 13 13 5
1759 13 13 5
1760 11 11 5
1761 19 18 6
1762 28 27 7
1763 19 19 5
1764 11 11 5
1765 13 12 6
1766 10 10 6
1767 10 10 4
1768 16 15 5
1769 17 16 6
1770 16 15 5
1771 19 18 6
1772 14 13 7
1773 15 14 6
1774 16 16 4
1775 16 15 5
1776 19 18 6
1777 14 14 4
1778 12 11 5
1779 23 23 7
1780 11 10 4
1781 24 23 5
1782 21 20 6
1783 16 15 5
1784 15 15 5
1785 13 13 7
1786 7 6 5
1787 11 11 5
1788 13 12 4
1789 10 9 5
1790 17 16 8
1791 10 10 6
1792 10 9 5
1793 7 6 5
1794 13 13 5
1795 15 14 6
1796 14 14 6
1797 14 13 5
1798 15 14 4
1799 14 13 7
1800 17 16 6
1801 28 28 6
1802 10 10 6
1803 16 16 6
1804 12 12 6
1805 8 8 4
1806 12 11 5
1807 11 11 5
1808 13 13 5
1809 23 22 6
1810 18 17 5
1811 17 17 7
1812 15 14 6
1813 26 26 6
1814 24 24 6
1815 22 22 4
1816 18 17 5
1817 9 8 7
1818 19 18 6
1819 14 14 6
1820 14 14 4
1821 20 19 5
1822 23 23 5
1823 23 22 6
1824 12 12 4
1825 12 11 5
1826 15 14 4
1827 12 11 5
1828 23 22 6
1829 12 12 4
1830 12 11 5
1831 13 12 6
1832 12 11 5
1833 15 14 4
1834 14 13 5
1835 21 21 5
1836 15 14 4
1837 26 25 7
1838 15 14 4
1839 16 15 7
1840 19 18 6
1841 22 21 7
1842 23 23 5
1843 27 27 7
1844 33 32 6
1845 36 36 4
1846 14 13 5
1847 19 19 5
1848 35 34 8
1849 28 28 8
1850 30 30 6
1851 30 30 6
1852 18 18 6
1853 22 22 6
1854 32 32 10
1855 30 30 6
1856 20 19 7
1857 27 26 8
1858 20 20 4
1859 32 31 5
1860 27 26 6
1861 34 34 8
1862 42 41 11
1863 29 28 8
1864 22 22 4
1865 24 23 7
1866 33 32 8
1867 36 36 10
1868 28 28 8
1869 22 22 6
1870 42 41 13
1871 29 28 4
1872 34 33 11
1873 43 42 12
1874 26 25 7
1875 51 50 14
1876 24 23 5
1877 29 29 5
1878 23 23 5
1879 31 30 8
1880 32 32 8
1881 34 34 8
1882 32 32 10
1883 42 41 9
1884 31 30 12
1885 48 48 10
1886 24 23 5
1887 55 55 17
1888 27 27 7
1889 27 26 6
1890 22 22 6
1891 34 34 6
1892 28 28 8
1893 32 32 6
1894 34 33 5
1895 21 20 8
1896 12 12 6
1897 44 43 5
1898 55 55 9
1899 21 21 5
1900 27 26 10
1901 30 30 8
1902 28 28 6
1903 28 28 4
1904 30 29 7
1905 37 36 6
1906 34 34 8
1907 26 26 8
1908 40 39 9
1909 25 24 6
1910 28 28 8
1911 40 40 10
1912 50 49 15
1913 43 42 8
1914 36 35 7
1915 33 33 7
1916 25 24 6
1917 22 22 10
1918 52 52 12
1919 28 28 6
1920 40 40 6
1921 28 27 7
1922 43 42 12
1923 36 35 11
1924 29 29 5
1925 29 29 7
1926 29 28 10
1927 44 43 13
1928 49 48 10
1929 26 26 6
1930 26 26 8
1931 18 18 4
1932 26 25 5
1933 35 35 9
1934 25 24 6
1935 28 28 4
1936 38 37 9
1937 27 26 6
1938 38 37 7
1939 43 42 8
1940 32 32 10
1941 16 16 4
1942 26 25 5
1943 21 20 4
1944 26 25 9
1945 29 28 8
1946 28 28 6
1947 32 32 6
1948 22 21 5
1949 21 21 5
1950 27 27 7
1951 25 25 5
1952 17 17 5
1953 21 20 6
1954 20 20 6
1955 18 18 4
1956 24 23 5
1957 23 22 8
1958 20 19 5
1959 29 28 6
1960 26 26 6
1961 18 17 5
1962 25 24 8
1963 26 26 6
1964 24 24 6
1965 22 21 5
1966 19 19 5
1967 21 20 6
1968 18 18 4
1969 26 25 9
1970 23 22 6
1971 18 17 5
1972 23 23 5
1973 31 31 7
1974 21 20 4
1975 24 23 5
1976 11 11 5
1977 19 18 4
1978 20 19 5
1979 31 30 6
1980 20 19 5
1981 17 16 6
1982 12 12 4
1983 14 13 5
1984 15 15 5
1985 11 10 6
1986 18 18 6
1987 20 19 5
1988 13 13 5
1989 23 22 6
1990 18 17 5
1991 13 12 4
1992 12 11 5
1993 21 20 6
1994 16 15 5
1995 23 22 6
1996 14 13 5
1997 17 16 4
1998 6 5 4
1999 22 21 7
2000 15 14 6
2001 12 12 6
2002 12 12 4
2003 16 15 5
2004 23 22 6
2005 10 10 6
2006 20 20 6
2007 20 19 7
2008 7 6 5
2009 17 16 6
2010 14 14 6
2011 20 20 6
2012 14 14 4
2013 14 13 5
2014 21 21 5
2015 25 24 4
2016 22 21 7
2017 19 18 6
2018 10 10 6
2019 16 16 6
2020 20 20 6
2021 20 20 6
2022 16 16 4
2023 14 13 5
2024 15 14 6
2025 12 12 4
2026 20 19 5
2027 15 14 6
2028 16 16 6
2029 12 12 4
2030 8 7 6
2031 6 6 6
2032 11 10 6
2033 16 16 6
2034 16 15 5
2035 19 19 7
2036 23 22 6
2037 12 12 4
2038 12 11 5
2039 13 12 4
2040 12 11 5
2041 11 10 4
2042 10 9 5
2043 17 17 7
2044 15 14 4
2045 14 13 5
2046 25 25 5
2047 11 11 5
2048 11 10 6
2049 8 8 4
2050 14 13 7
2051 13 12 6
2052 8 8 8
2053 7 6 5
2054 9 8 4
2055 14 13 5
2056 19 18 8
2057 22 22 4
2058 28 27 7
2059 21 20 4
2060 18 17 5
2061 13 13 5
2062 17 17 5
2063 19 19 7
2064 13 12 4
2065 12 11 5
2066 15 14 6
2067 14 14 6
2068 12 12 4
2069 12 11 5
2070 23 22 6
2071 22 22 6
2072 20 19 5
2073 25 24 6
2074 16 15 5
2075 11 10 6
2076 8 8 4
2077 14 13 5
2078 25 24 8
2079 10 10 4
2080 16 15 5
2081 9 9 5
2082 23 22 4
2083 28 27 7
2084 13 12 6
2085 6 5 4
2086 12 11 5
2087 15 14 6
2088 12 11 5
2089 13 12 6
2090 16 15 7
2091 13 12 6
2092 6 6 6
2093 19 18 6
2094 10 9 5
2095 11 10 6
2096 10 10 6
2097 6 6 6
2098 21 20 4
2099 20 19 5
2100 19 19 5
2101 7 6 5
2102 11 10 4
2103 16 15 5
2104 11 11 5
2105 7 6 5
2106 11 11 5
2107 17 16 6
2108 18 18 6
2109 12 11 5
2110 11 10 4
2111 10 9 5
2112 25 24 6
2113 18 18 4
2114 16 15 5
2115 11 11 5
2116 11 10 6
2117 14 14 6
2118 18 18 6
2119 16 16 6
2120 38 38 6
2121 26 25 5
2122 29 28 8
2123 20 20 6
2124 30 30 6
2125 22 21 5
2126 25 24 6
2127 20 20 4
2128 24 23 5
2129 21 21 5
2130 23 22 4
2131 20 19 5
2132 23 23 5
2133 25 25 5
2134 23 22 4
2135 32 31 7
2136 25 24 6
2137 30 30 4
2138 32 31 7
2139 45 45 5
2140 25 25 5
2141 25 25 5
2142 15 15 5
2143 19 18 4
2144 22 21 7
2145 19 18 4
2146 40 39 7
2147 29 28 6
2148 22 22 4
2149 20 19 5
2150 25 25 5
2151 21 21 5
2152 29 28 6
2153 20 19 5
2154 25 24 6
2155 18 18 4
2156 36 35 5
2157 17 17 5
2158 27 26 4
2159 18 17 5
2160 31 31 5
2161 17 17 5
2162 29 29 7
2163 25 24 8
2164 14 13 5
2165 19 18 6
2166 26 26 6
2167 24 23 7
2168 17 17 5
2169 25 25 9
2170 27 26 6
2171 26 25 5
2172 21 21 7
2173 25 25 5
2174 15 14 4
2175 28 27 7
2176 25 24 6
2177 30 30 8
2178 20 19 5
2179 33 32 10
2180 14 13 5
2181 33 33 9
2182 23 23 5
2183 23 23 5
2184 17 16 6
2185 10 10 4
2186 26 25 5
2187 19 19 5
2188 25 24 6
2189 22 21 5
2190 15 15 5
2191 19 18 6
2192 20 20 6
2193 30 30 4
2194 20 19 5
2195 29 29 5
2196 15 15 5
2197 21 20 6
2198 18 18 6
2199 16 15 5
2200 15 14 4
2201 24 23 5
2202 21 21 5
2203 7 7 7
2204 22 22 6
2205 14 14 4
2206 16 15 5
2207 21 20 6
2208 24 23 7
2209 11 10 4
2210 22 21 5
2211 17 16 6
2212 16 16 6
2213 20 20 6
2214 24 24 6
2215 14 13 5
2216 17 16 4
2217 36 35 5
2218 13 13 5
2219 19 19 5
2220 11 11 5
2221 21 21 5
2222 21 21 5
2223 19 18 6
2224 16 16 6
2225 14 14 6
2226 18 18 8
2227 20 20 6
2228 20 20 6
2229 24 24 6
2230 20 20 6
2231 12 11 5
2232 27 26 6
2233 12 12 4
2234 22 21 5
2235 15 14 6
2236 26 26 6
2237 24 23 5
2238 15 15 5
2239 9 8 4
2240 24 23 5
2241 11 11 5
2242 13 13 5
2243 19 18 4
2244 16 15 5
2245 13 12 6
2246 8 8 4
2247 18 17 5
2248 5 5 5
2249 14 13 7
2250 19 18 6
2251 12 11 5
2252 17 16 4
2253 16 15 7
2254 15 14 4
2255 14 13 5
2256 23 22 4
2257 16 15 7
2258 11 10 4
2259 16 15 5
2260 13 13 5
2261 15 14 6
2262 14 13 5
2263 15 15 5
2264 11 11 5
2265 11 11 5
2266 11 10 4
2267 14 13 7
2268 11 10 4
2269 20 19 7
2270 17 16 6
2271 6 6 6
2272 13 12 6
2273 6 6 6
2274 19 19 5
2275 9 9 5
2276 21 20 8
2277 16 15 7
2278 13 12 4
2279 14 13 5
2280 7 6 5
2281 15 15 5
2282 11 11 5
2283 9 9 5
2284 11 11 5
2285 17 17 5
2286 17 17 7
2287 13 13 5
2288 11 11 5
2289 9 9 5
2290 11 10 6
2291 12 12 6
2292 12 12 6
2293 8 8 8
2294 21 20 4
2295 18 17 5
2296 21 20 6
2297 10 9 5
2298 11 10 4
2299 6 5 4
2300 6 5 4
2301 10 9 5
2302 9 9 5
2303 15 14 6
2304 14 13 7
2305 17 16 4
2306 18 17 5
2307 19 18 8
2308 18 18 6
2309 20 20 4
2310 14 13 5
2311 13 12 8
2312 8 8 4
2313 16 15 5
2314 19 18 6
2315 12 12 6
2316 8 8 4
2317 10 9 5
2318 15 14 8
2319 12 12 4
2320 16 15 5
2321 15 15 7
2322 7 6 5
2323 19 18 6
2324 18 18 6
2325 8 8 8
2326 11 10 4
2327 6 5 4
2328 10 9 5
2329 11 10 6
2330 8 8 4
2331 14 13 7
2332 17 16 6
2333 16 15 5
2334 5 5 5
2335 10 9 5
2336 19 19 5
2337 15 15 7
2338 11 10 4
2339 14 13 7
2340 9 8 4
2341 12 11 5
2342 9 8 4
2343 14 13 5
2344 15 14 8
2345 14 14 6
2346 8 8 4
2347 8 7 6
2348 12 12 4
2349 14 13 5
2350 13 12 4
2351 16 15 7
2352 9 9 5
2353 9 8 4
2354 12 11 5
2355 9 9 5
2356 7 7 7
2357 14 14 6
2358 6 5 4
2359 12 11 5
2360 13 12 4
2361 18 17 7
2362 11 10 6
2363 6 6 6
2364 13 12 4
2365 10 9 5
2366 9 8 7
2367 11 10 4
2368 6 5 4
2369 14 13 5
2370 15 15 5
2371 13 13 5
2372 13 13 7
2373 13 13 5
2374 7 6 5
2375 7 6 5
2376 9 8 4
2377 16 15 7
2378 9 8 4
2379 10 9 5
2380 13 12 6
2381 8 8 4
2382 14 13 5
2383 13 12 6
2384 8 8 4
2385 14 13 5
2386 13 12 4
2387 10 9 5
2388 13 12 4
2389 8 7 6
2390 8 8 4
2391 12 11 5
2392 13 13 5
2393 15 15 5
2394 15 14 8
2395 14 13 5
2396 13 12 6
2397 8 7 6
2398 10 10 4
2399 12 11 5
2400 15 15 5
2401 9 8 4
2402 18 17 5
2403 15 14 4
2404 14 13 5
2405 15 15 7
2406 9 8 4
2407 12 11 5
2408 13 13 5
2409 15 14 6
2410 10 10 4
2411 16 15 5
2412 13 12 6
2413 18 18 4
2414 18 17 7
2415 11 10 4
2416 10 9 5
2417 11 11 5
2418 13 13 5
2419 23 22 6
2420 22 21 5
2421 13 12 4
2422 16 15 5
2423 29 29 5
2424 37 36 6
2425 30 29 5
2426 23 23 5
2427 23 22 4
2428 14 13 5
2429 21 20 6
2430 32 32 6
2431 14 14 4
2432 18 17 7
2433 17 16 6
2434 18 18 6
2435 32 32 6
2436 24 23 5
2437 37 37 7
2438 23 23 5
2439 29 28 10
2440 34 34 6
2441 34 33 5
2442 23 23 7
2443 27 26 8
2444 26 26 6
2445 34 34 6
2446 24 24 6
2447 26 25 5
2448 21 21 5
2449 41 40 10
2450 28 28 8
2451 26 25 7
2452 53 52 6
2453 34 33 5
2454 29 28 4
2455 28 27 5
2456 45 45 7
2457 37 36 8
2458 20 20 6
2459 34 34 6
2460 40 39 9
2461 37 36 6
2462 36 35 7
2463 33 32 8
2464 30 30 8
2465 26 26 6
2466 24 23 5
2467 25 25 5
2468 27 26 6
2469 34 33 9
2470 37 37 9
2471 19 18 6
2472 34 33 7
2473 19 18 6
2474 20 20 6
2475 20 19 5
2476 19 18 4
2477 28 27 7
2478 17 16 6
2479 30 30 6
2480 18 18 6
2481 18 18 4
2482 16 15 5
2483 19 19 5
2484 23 23 5
2485 29 28 4
2486 22 21 5
2487 23 23 5
2488 33 33 5
2489 17 16 6
2490 18 17 5
2491 25 24 6
2492 16 16 6
2493 18 18 6
2494 22 22 6
2495 22 22 6
2496 14 13 5
2497 17 17 7
2498 27 26 6
2499 12 12 4
2500 16 15 5
2501 19 18 6
2502 22 22 6
2503 14 14 6
2504 10 9 5
2505 9 8 4
2506 12 11 5
2507 19 19 7
2508 19 18 4
2509 22 21 5
2510 25 25 7
2511 23 22 6
2512 18 18 6
2513 16 16 6
2514 18 18 4
2515 16 15 5
2516 17 16 6
2517 18 18 6
2518 22 21 5
2519 13 12 4
2520 18 17 7
2521 13 12 6
2522 18 18 4
2523 10 9 5
2524 15 15 5
2525 11 11 5
2526 23 22 6
2527 12 11 5
2528 13 13 5
2529 25 24 6
2530 14 14 6
2531 20 20 4
2532 16 15 5
2533 11 11 5
2534 11 11 5
2535 19 18 6
2536 10 10 4
2537 20 19 5
2538 15 14 6
2539 14 13 5
2540 17 16 6
2541 16 15 5
2542 17 16 6
2543 26 25 5
2544 21 20 8
2545 12 12 4
2546 10 9 5
2547 13 12 4
2548 18 17 5
2549 19 18 6
2550 14 13 5
2551 19 18 4
2552 12 11 5
2553 23 23 7
2554 11 11 5
2555 21 20 6
2556 20 20 4
2557 22 21 5
2558 21 20 6
2559 18 18 4
2560 18 17 5
2561 21 20 4
2562 20 19 5
2563 27 27 5
2564 25 24 4
2565 18 17 5
2566 11 11 5
2567 13 13 5
2568 15 14 4
2569 30 29 5
2570 21 21 5
2571 21 20 6
2572 14 14 4
2573 20 19 7
2574 23 22 4
2575 26 25 5
2576 11 10 4
2577 32 31 5
2578 17 16 4
2579 30 29 7
2580 25 24 6
2581 18 17 5
2582 19 18 6
2583 20 19 5
2584 17 16 4
2585 22 21 5
2586 19 18 6
2587 18 18 4
2588 22 21 5
2589 19 19 5
2590 19 18 4
2591 16 15 5
2592 15 15 5
2593 23 22 6
2594 10 10 4
2595 22 21 5
2596 17 17 7
2597 17 16 4
2598 22 21 7
2599 21 20 6
2600 20 20 4
2601 16 15 5
2602 15 14 6
2603 20 20 6
2604 8 8 4
2605 14 13 5
2606 11 11 5
2607 13 13 5
2608 19 18 6
2609 10 10 4
2610 26 25 7
2611 21 20 6
2612 12 12 4
2613 12 11 5
2614 15 14 6
2615 14 14 4
2616 18 17 7
2617 9 8 4
2618 22 21 7
2619 21 20 4
2620 16 15 5
2621 17 16 4
2622 18 17 7
2623 15 14 6
2624 12 12 4
2625 12 11 5
2626 15 14 6
2627 12 12 6
2628 8 7 6
2629 20 20 4
2630 18 17 7
2631 17 16 4
2632 12 11 5
2633 15 15 5
2634 15 14 4
2635 24 23 5
2636 11 11 5
2637 13 13 5
2638 9 8 4
2639 20 19 5
2640 9 8 4
2641 14 13 5
2642 15 15 7
2643 13 12 4
2644 22 21 9
2645 11 10 4
2646 12 11 5
2647 11 10 6
2648 22 21 5
2649 11 11 5
2650 15 14 4
2651 10 9 5
2652 21 20 6
2653 12 12 4
2654 14 13 5
2655 13 13 7
2656 19 18 6
2657 12 12 4
2658 10 9 5
2659 15 14 6
2660 12 12 6
2661 24 24 6
2662 10 9 5
2663 11 10 6
2664 12 12 6
2665 12 12 6
2666 10 10 4
2667 14 13 7
2668 15 14 4
2669 16 15 5
2670 13 13 5
2671 15 14 6
2672 6 6 6
2673 7 6 5
2674 13 13 5
2675 7 6 5
2676 15 15 7
2677 13 12 4
2678 12 11 5
2679 11 11 5
2680 25 24 6
2681 16 16 4
2682 20 19 7
2683 17 16 6
2684 6 5 4
2685 16 15 5
2686 7 6 5
2687 19 19 5
2688 13 13 5
2689 17 16 6
2690 10 9 5
2691 9 9 5
2692 17 16 4
2693 14 13 5
2694 11 11 5
2695 13 13 5
2696 21 21 5
2697 19 19 5
2698 13 13 5
2699 13 12 6
2700 20 20 6
2701 18 18 6
2702 20 20 6
2703 18 18 6
2704 28 27 5
2705 15 15 7
2706 27 26 6
2707 26 26 8
2708 26 25 5
2709 17 17 5
2710 25 25 5
2711 19 19 5
2712 21 20 6
2713 26 26 4
2714 28 27 7
2715 29 28 6
2716 26 25 5
2717 27 26 6
2718 28 28 6
2719 18 18 6
2720 18 18 6
2721 28 27 7
2722 21 20 6
2723 22 21 5
2724 23 22 6
2725 28 27 5
2726 21 21 5
2727 29 28 6
2728 32 32 8
2729 28 27 7
2730 29 28 4
2731 28 27 7
2732 23 22 6
2733 28 28 6
2734 40 39 5
2735 25 25 5
2736 43 43 9
2737 19 19 5
2738 29 28 6
2739 34 33 9
2740 19 18 4
2741 20 19 7
2742 19 18 6
2743 22 22 6
2744 20 20 6
2745 26 26 8
2746 30 29 9
2747 25 24 6
2748 20 19 5
2749 13 13 5
2750 29 28 12
2751 34 34 10
2752 12 12 4
2753 18 17 5
2754 21 20 8
2755 32 32 6
2756 26 25 7
2757 21 20 6
2758 26 25 5
2759 31 31 5
2760 25 24 4
2761 20 19 7
2762 19 18 6
2763 24 24 6
2764 34 34 12
2765 18 17 7
2766 41 40 12
2767 36 35 9
2768 27 26 8
2769 28 27 9
2770 35 35 7
2771 39 38 12
2772 22 22 4
2773 30 29 11
2774 27 27 7
2775 37 36 8
2776 16 16 6
2777 40 40 12
2778 22 22 8
2779 24 23 7
2780 21 20 8
2781 28 28 10
2782 28 28 10
2783 34 34 6
2784 26 26 8
2785 24 23 7
2786 17 17 5
2787 27 26 10
2788 32 32 12
2789 24 23 5
2790 15 14 4
2791 12 11 5
2792 41 40 14
2793 20 19 7
2794 29 28 6
2795 24 23 5
2796 29 29 5
2797 43 43 15
2798 23 23 9
2799 17 16 4
2800 14 13 5
2801 17 16 6
2802 12 12 4
2803 12 11 5
2804 13 13 5
2805 25 25 5
2806 33 33 5
2807 23 23 11
2808 37 36 8
2809 28 28 10
2810 10 10 4
2811 36 35 9
2812 9 8 4
2813 28 27 7
2814 19 19 7
2815 21 20 6
2816 24 24 4
2817 10 9 5
2818 21 20 6
2819 16 15 5
2820 29 28 6
2821 12 12 4
2822 26 25 5
2823 9 9 5
2824 17 16 4
2825 18 17 5
2826 15 14 4
2827 18 17 5
2828 9 9 5
2829 9 9 5
2830 11 10 4
2831 16 15 5
2832 11 11 5
2833 11 10 4
2834 12 11 5
2835 15 14 6
2836 14 14 4
2837 12 11 7
2838 13 12 6
2839 16 16 6
2840 14 14 6
2841 16 16 4
2842 32 31 7
2843 17 16 4
2844 20 19 5
2845 13 13 5
2846 21 21 5
2847 13 13 5
2848 17 16 4
2849 12 11 5
2850 13 12 6
2851 12 12 6
2852 20 20 6
2853 30 30 6
2854 20 20 4
2855 20 19 5
2856 13 13 5
2857 13 13 5
2858 11 10 4
2859 16 15 5
2860 11 10 4
2861 14 13 7
2862 13 12 4
2863 14 13 5
2864 13 12 6
2865 12 12 6
2866 18 17 5
2867 15 14 4
2868 8 7 6
2869 24 24 6
2870 14 14 6
2871 20 19 5
2872 15 14 4
2873 10 9 5
2874 15 15 7
2875 19 18 6
2876 14 13 5
2877 9 8 4
2878 6 5 4
2879 18 17 5
2880 23 23 5
2881 11 11 7
2882 11 10 6
2883 6 6 6
2884 9 8 4
2885 20 19 5
2886 17 16 6
2887 16 15 5
2888 15 15 5
2889 31 30 6
2890 16 16 4
2891 24 23 7
2892 9 9 5
2893 17 16 6
2894 18 18 4
2895 16 15 5
2896 9 8 4
2897 14 13 5
2898 17 16 4
2899 18 17 5
2900 17 16 8
2901 16 16 4
2902 12 11 5
2903 19 19 7
2904 15 14 6
2905 16 16 4
2906 14 13 5
2907 13 12 6
2908 12 12 6
2909 16 16 4
2910 18 17 7
2911 23 22 6
2912 18 18 6
2913 16 15 5
2914 23 22 6
2915 12 12 4
2916 26 25 7
2917 15 15 5
2918 13 12 4
2919 20 19 7
2920 9 9 5
2921 11 10 4
2922 16 15 5
2923 11 11 5
2924 17 16 6
2925 22 21 5
2926 19 18 4
2927 18 17 5
2928 17 17 5
2929 9 8 4
2930 12 11 5
2931 11 11 5
2932 19 18 4
2933 18 17 5
2934 15 15 7
2935 11 10 4
2936 18 17 5
2937 13 13 5
2938 19 18 6
2939 14 14 4
2940 10 9 5
2941 13 13 5
2942 9 9 5
2943 15 14 4
2944 16 15 5
2945 17 17 5
2946 15 15 5
2947 15 14 6
2948 14 14 6
2949 12 12 6
2950 16 16 4
2951 32 31 7
2952 15 14 4
2953 20 19 5
2954 23 22 6
2955 16 16 6
2956 18 17 7
2957 19 18 4
2958 14 13 5
2959 25 24 6
2960 24 23 7
2961 15 15 5
2962 25 24 8
2963 28 27 9
2964 13 13 7
2965 29 28 10
2966 24 24 8
2967 32 31 11
2968 19 18 6
2969 22 21 5
2970 29 29 7
2971 27 27 7
2972 27 26 6
2973 18 17 5
2974 21 20 6
2975 22 22 6
2976 16 16 4
2977 16 15 5
2978 27 26 6
2979 20 19 5
2980 21 20 8
2981 14 14 6
2982 18 18 6
2983 14 14 6
2984 12 12 4
2985 20 19 5
2986 23 22 8
2987 22 22 8
2988 16 15 5
2989 19 18 6
2990 24 24 8
2991 18 18 4
2992 18 17 7
2993 23 22 6
2994 24 24 8
2995 30 29 5
2996 25 25 5
2997 23 23 5
2998 35 35 7
2999 21 21 5
3000 27 27 5
3001 13 12 4
3002 18 17 5
3003 25 24 4
3004 28 27 7
3005 25 24 4
3006 28 27 7
3007 25 24 4
3008 22 21 7
3009 21 21 7
3010 25 24 6
3011 14 13 5
3012 17 17 5
3013 25 25 5
3014 25 25 5
3015 15 15 5
3016 29 29 11
3017 13 12 6
3018 20 19 7
3019 33 32 4
3020 14 13 5
3021 21 20 6
3022 26 26 6
3023 18 18 6
3024 28 28 14
3025 18 17 5
3026 17 17 5
3027 21 20 4
3028 26 25 7
3029 27 27 7
3030 23 23 7
3031 27 26 8
3032 22 22 6
3033 30 29 7
3034 25 25 7
3035 19 18 6
3036 24 23 5
3037 21 21 7
3038 29 28 6
3039 28 28 6
3040 30 29 9
3041 25 25 5
3042 37 37 11
3043 29 28 8
3044 30 30 6
3045 28 27 9
3046 25 25 5
3047 25 25 9
3048 21 20 4
3049 14 13 5
3050 27 26 4
3051 28 27 7
3052 17 16 4
3053 14 13 5
3054 15 14 4
3055 18 17 7
3056 19 18 6
3057 24 24 6
3058 20 20 6
3059 20 20 6
3060 24 23 9
3061 15 14 6
3062 24 24 10
3063 20 20 6
3064 22 22 8
3065 14 13 5
3066 25 24 6
3067 12 12 4
3068 16 15 5
3069 21 20 6
3070 20 20 6
3071 26 25 7
3072 11 11 5
3073 17 16 6
3074 14 14 6
3075 22 22 4
3076 20 19 5
3077 21 20 6
3078 22 22 6
3079 16 16 4
3080 18 17 5
3081 19 19 5
3082 11 10 4
3083 22 21 5
3084 15 15 5
3085 17 16 8
3086 16 15 5
3087 13 12 4
3088 18 17 5
3089 29 29 7
3090 11 10 4
3091 14 13 5
3092 15 15 5
3093 11 10 4
3094 14 13 5
3095 17 16 6
3096 12 11 5
3097 15 14 4
3098 12 11 5
3099 15 14 6
3100 28 28 8
3101 14 13 5
3102 19 18 4
3103 20 19 5
3104 23 22 6
3105 12 12 6
3106 34 34 8
3107 18 18 6
3108 24 24 4
3109 20 19 5
3110 25 24 6
3111 16 15 5
3112 21 21 5
3113 29 29 7
3114 33 33 7
3115 23 22 6
3116 26 25 7
3117 29 28 6
3118 30 30 8
3119 46 46 14
3120 24 24 6
3121 16 16 4
3122 34 33 7
3123 27 26 4
3124 24 23 5
3125 31 30 6
3126 36 36 8
3127 32 31 5
3128 37 37 5
3129 25 25 5
3130 25 25 5
3131 31 31 7
3132 31 30 8
3133 10 10 4
3134 26 25 5
3135 27 27 9
3136 23 22 6
3137 26 25 7
3138 19 19 5
3139 19 18 4
3140 22 21 7
3141 23 23 7
3142 11 11 5
3143 17 17 5
3144 17 16 4
3145 16 15 5
3146 15 14 6
3147 16 15 5
3148 17 16 6
3149 12 12 6
3150 12 12 4
3151 14 13 5
3152 13 13 5
3153 11 11 5
3154 9 8 4
3155 10 9 5
3156 13 12 6
3157 14 13 5
3158 13 13 5
3159 11 10 4
3160 20 19 5
3161 15 15 7
3162 11 11 5
3163 15 14 6
3164 10 9 5
3165 9 8 4
3166 16 15 5
3167 21 20 6
3168 16 16 6
3169 10 10 4
3170 12 11 5
3171 11 10 6
3172 10 10 6
3173 14 13 5
3174 23 22 4
3175 22 21 7
3176 19 18 4
3177 10 9 5
3178 9 9 5
3179 11 11 5
3180 9 8 4
3181 18 17 7
3182 11 10 4
3183 14 13 7
3184 11 10 6
3185 8 8 4
3186 6 5 4
3187 14 13 5
3188 13 13 5
3189 15 14 6
3190 12 11 5
3191 17 17 7
3192 19 18 8
3193 8 8 4
3194 10 9 5
3195 17 16 6
3196 14 14 6
3197 6 5 4
3198 10 9 5
3199 9 8 4
3200 14 13 7
3201 13 12 6
3202 16 16 6
3203 16 15 7
3204 21 20 4
3205 14 13 5
3206 15 14 6
3207 6 6 6
3208 15 14 6
3209 12 11 5
3210 9 9 5
3211 13 12 6
3212 10 10 4
3213 6 5 4
3214 22 21 7
3215 25 24 6
3216 20 20 6
3217 20 20 6
3218 12 11 5
3219 17 16 6
3220 20 20 6
3221 14 14 4
3222 16 15 7
3223 9 8 4
3224 20 19 5
3225 7 7 7
3226 10 10 4
3227 10 9 5
3228 13 13 5
3229 19 19 5
3230 11 11 5
3231 11 10 4
3232 6 5 4
3233 12 11 5
3234 19 18 6
3235 20 19 7
3236 23 22 6
3237 14 14 4
3238 18 17 5
3239 15 14 6
3240 16 15 7
3241 13 12 4
3242 14 13 5
3243 11 11 5
3244 13 13 5
3245 13 13 5
3246 11 10 4
3247 16 15 5
3248 9 9 5
3249 15 14 8
3250 10 10 4
3251 20 19 7
3252 15 14 4
3253 18 17 5
3254 17 16 6
3255 16 16 6
3256 16 16 8
3257 10 10 6
3258 6 6 6
3259 9 8 4
3260 18 17 7
3261 17 16 6
3262 10 10 6
3263 16 16 4
3264 12 11 5
3265 19 19 7
3266 17 16 4
3267 6 5 4
3268 10 9 5
3269 11 11 5
3270 13 13 7
3271 9 8 4
3272 14 13 5
3273 13 12 4
3274 14 13 5
3275 23 23 7
3276 13 13 5
3277 23 22 8
3278 12 12 4
3279 20 19 5
3280 23 23 5
3281 27 26 8
3282 26 26 4
3283 22 21 7
3284 25 24 6
3285 20 19 5
3286 19 18 6
3287 14 14 6
3288 16 16 4
3289 18 17 5
3290 15 14 6
3291 16 16 6
3292 30 30 6
3293 16 15 5
3294 13 13 5
3295 13 13 5
3296 9 8 4
3297 22 21 5
3298 13 12 4
3299 28 27 5
3300 15 14 4
3301 22 21 7
3302 19 19 5
3303 19 19 5
3304 23 23 7
3305 17 16 6
3306 14 14 4
3307 22 21 5
3308 21 21 5
3309 21 21 5
3310 23 22 4
3311 18 17 7
3312 17 16 6
3313 26 26 4
3314 14 13 5
3315 19 18 6
3316 18 18 4
3317 18 17 5
3318 11 10 4
3319 12 11 5
3320 17 16 6
3321 20 20 6
3322 8 8 4
3323 16 15 5
3324 11 11 5
3325 17 17 7
3326 17 16 4
3327 12 11 5
3328 21 20 4
3329 14 13 5
3330 17 16 6
3331 14 13 5
3332 21 20 8
3333 14 14 4
3334 12 11 5
3335 23 22 6
3336 14 13 5
3337 15 14 4
3338 20 19 5
3339 17 17 7
3340 7 6 5
3341 11 10 6
3342 14 14 6
3343 8 8 4
3344 22 21 7
3345 19 18 8
3346 20 20 6
3347 12 12 6
3348 10 10 4
3349 16 15 7
3350 7 6 5
3351 17 16 6
3352 12 12 6
3353 22 21 7
3354 11 10 4
3355 10 9 5
3356 17 16 6
3357 18 17 5
3358 13 13 7
3359 15 14 6
3360 24 24 8
3361 10 10 4
3362 20 19 7
3363 17 16 6
3364 16 16 6
3365 16 16 6
3366 14 13 5
3367 17 17 7
3368 15 14 6
3369 12 11 5
3370 21 20 8
3371 12 12 4
3372 26 25 5
3373 15 14 6
3374 16 16 6
3375 20 19 5
3376 17 16 4
3377 14 13 5
3378 11 11 5
3379 21 21 5
3380 15 14 4
3381 18 17 5
3382 15 15 5
3383 15 14 4
3384 16 15 7
3385 7 6 5
3386 15 14 4
3387 16 15 7
3388 9 9 5
3389 17 17 5
3390 17 16 6
3391 14 13 5
3392 17 17 5
3393 11 10 4
3394 10 9 5
3395 9 9 5
3396 11 11 5
3397 15 14 6
3398 16 16 6
3399 12 11 5
3400 15 14 6
3401 16 16 6
3402 18 18 6
3403 16 15 5
3404 23 23 5
3405 9 9 5
3406 13 12 4
3407 12 11 5
3408 13 13 5
3409 13 12 4
3410 26 25 7
3411 9 8 4
3412 12 11 5
3413 13 13 7
3414 11 10 4
3415 10 9 5
3416 15 14 6
3417 14 14 6
3418 18 17 7
3419 13 12 4
3420 10 9 5
3421 15 14 6
3422 22 21 5
3423 13 12 4
3424 20 19 7
3425 11 10 4
3426 16 15 5
3427 17 17 5
3428 15 14 4
3429 18 17 5
3430 17 17 5
3431 9 8 4
3432 12 11 5
3433 29 28 4
3434 12 11 5
3435 11 10 4
3436 20 19 7
3437 15 14 4
3438 12 11 5
3439 9 9 5
3440 15 15 5
3441 15 14 4
3442 16 15 5
3443 17 17 5
3444 13 13 5
3445 19 18 6
3446 16 16 4
3447 14 13 5
3448 11 10 4
3449 12 11 5
3450 21 20 8
3451 10 10 4
3452 14 13 5
3453 15 14 6
3454 14 14 4
3455 14 13 5
3456 11 10 6
3457 12 12 4
3458 16 15 5
3459 9 8 4
3460 10 9 5
3461 13 13 7
3462 7 6 5
3463 13 12 6
3464 18 17 5
3465 13 12 4
3466 6 5 4
3467 20 19 5
3468 7 6 5
3469 23 22 6
3470 16 16 4
3471 6 5 4
3472 14 13 7
3473 11 10 4
3474 14 13 5
3475 11 10 4
3476 16 15 5
3477 17 17 5
3478 11 11 5
3479 13 12 6
3480 8 8 4
3481 22 21 5
3482 27 26 4
3483 20 19 5
3484 19 19 5
3485 13 13 5
3486 13 13 5
3487 21 20 6
3488 14 14 6
3489 18 18 6
3490 14 13 5
3491 17 16 4
3492 28 27 7
3493 9 9 5
3494 11 11 5
3495 15 14 4
3496 10 9 5
3497 11 10 4
3498 16 15 5
3499 25 25 5
3500 37 36 6
3501 12 12 6
3502 14 13 5
3503 23 22 4
3504 20 19 5
3505 19 18 4
3506 20 19 7
3507 13 12 4
3508 20 19 5
3509 17 17 5
3510 21 21 7
3511 13 12 4
3512 14 13 5
3513 7 6 5
3514 17 16 6
3515 18 18 4
3516 24 23 7
3517 25 24 6
3518 22 21 7
3519 13 12 4
3520 16 15 5
3521 11 10 4
3522 22 21 5
3523 23 23 5
3524 27 27 7
3525 23 22 6
3526 28 28 6
3527 28 28 8
3528 16 16 6
3529 14 14 4
3530 16 15 5
3531 27 27 5
3532 47 47 7
3533 21 20 4
3534 20 19 5
3535 21 20 4
3536 18 17 5
3537 11 11 5
3538 21 21 5
3539 17 16 4
3540 24 23 7
3541 17 17 5
3542 25 25 5
3543 27 26 4
3544 28 27 7
3545 25 24 6
3546 12 12 4
3547 22 21 5
3548 13 13 5
3549 19 19 5
3550 19 18 6
3551 22 22 8
3552 18 17 5
3553 35 34 6
3554 14 14 4
3555 20 19 5
3556 27 26 8
3557 26 25 7
3558 21 21 5
3559 33 32 8
3560 32 31 5
3561 33 33 7
3562 21 21 5
3563 37 36 8
3564 26 26 6
3565 38 37 5
3566 29 29 7
3567 17 17 5
3568 43 43 7
3569 51 51 11
3570 45 44 10
3571 22 22 6
3572 28 27 7
3573 31 30 6
3574 30 29 7
3575 33 32 6
3576 30 29 7
3577 27 27 7
3578 35 34 8
3579 20 19 5
3580 47 46 12
3581 36 36 8
3582 20 20 6
3583 22 22 6
3584 28 28 6
3585 24 24 6
3586 28 28 6
3587 20 20 4
3588 20 19 5
3589 21 21 5
3590 21 21 5
3591 21 21 5
3592 13 13 5
3593 25 24 4
3594 18 17 5
3595 17 16 6
3596 20 20 6
3597 24 24 6
3598 16 16 4
3599 14 13 5
3600 25 24 6
3601 20 19 5
3602 19 19 5
3603 15 15 5
3604 11 10 4
3605 12 11 5
3606 25 25 5
3607 15 14 6
3608 12 12 4
3609 20 19 5
3610 21 21 5
3611 17 17 5
3612 15 14 6
3613 16 16 6
3614 16 16 6
3615 14 14 4
3616 14 13 5
3617 9 9 5
3618 15 14 6
3619 10 10 6
3620 10 9 5
3621 19 18 6
3622 18 17 5
3623 11 11 5
3624 13 12 6
3625 14 13 5
3626 13 12 4
3627 12 11 5
3628 15 14 4
3629 12 11 5
3630 13 13 5
3631 15 14 6
3632 20 20 6
3633 12 12 4
3634 24 23 7
3635 15 15 5
3636 19 18 6
3637 16 15 5
3638 11 10 4
3639 12 11 5
3640 19 19 5
3641 9 8 4
3642 16 15 7
3643 17 16 4
3644 20 19 5
3645 11 10 4
3646 20 19 5
3647 5 5 5
3648 10 9 5
3649 19 18 6
3650 22 21 5
3651 9 8 4
3652 26 25 5
3653 25 25 7
3654 25 24 6
3655 38 37 7
3656 37 36 6
3657 30 30 6
3658 20 20 6
3659 16 16 4
3660 20 19 5
3661 23 23 5
3662 25 25 7
3663 19 18 4
3664 26 25 7
3665 11 10 4
3666 20 19 5
3667 35 34 6
3668 24 23 7
3669 15 14 4
3670 26 25 5
3671 29 29 5
3672 19 18 6
3673 12 12 4
3674 22 21 5
3675 19 18 4
3676 34 33 5
3677 19 19 5
3678 27 27 5
3679 27 26 4
3680 14 13 5
3681 21 20 4
3682 12 11 5
3683 19 18 6
3684 8 8 4
3685 22 21 7
3686 15 14 6
3687 16 16 6
3688 26 26 6
3689 18 18 4
3690 14 13 5
3691 23 23 5
3692 23 22 6
3693 22 21 5
3694 9 9 5
3695 15 14 4
3696 16 15 5
3697 23 23 5
3698 17 17 5
3699 21 20 6
3700 14 13 5
3701 21 20 4
3702 14 13 5
3703 21 21 5
3704 23 23 7
3705 15 14 6
3706 10 10 4
3707 16 15 5
3708 17 16 6
3709 26 25 7
3710 21 20 6
3711 12 12 6
3712 16 16 4
3713 20 19 5
3714 15 14 6
3715 10 10 6
3716 16 16 8
3717 10 10 4
3718 16 15 5
3719 17 16 4
3720 12 11 5
3721 19 19 7
3722 9 9 5
3723 17 16 6
3724 16 16 6
3725 20 20 8
3726 14 14 4
3727 8 7 6
3728 20 20 6
3729 26 25 5
3730 7 6 5
3731 17 17 5
3732 13 12 4
3733 22 21 5
3734 11 11 5
3735 11 11 5
3736 9 8 4
3737 14 13 7
3738 13 12 6
3739 10 9 5
3740 11 11 5
3741 15 14 6
3742 8 8 4
3743 10 9 5
3744 13 13 5
3745 15 14 4
3746 20 19 5
3747 9 9 5
3748 11 11 5
3749 11 10 4
3750 10 9 5
3751 15 15 7
3752 11 10 4
3753 10 9 5
3754 11 10 6
3755 10 10 6
3756 16 16 6
3757 12 12 6
3758 16 16 8
3759 10 10 4
3760 10 9 5
3761 15 15 5
3762 11 11 5
3763 19 18 6
3764 16 16 6
3765 12 12 4
3766 16 15 5
3767 11 11 5
3768 9 8 4
3769 18 17 7
3770 7 6 5
3771 13 12 4
3772 16 15 7
3773 7 6 5
3774 11 11 5
3775 15 14 6
3776 18 18 8
3777 14 14 4
3778 16 15 7
3779 9 8 4
3780 6 5 4
3781 10 9 5
3782 11 11 7
3783 15 14 6
3784 20 19 5
3785 9 8 4
3786 22 21 5
3787 23 22 6
3788 24 23 5
3789 11 10 4
3790 10 9 5
3791 19 18 6
3792 10 10 4
3793 18 17 5
3794 11 11 5
3795 9 8 4
3796 16 15 5
3797 23 23 7
3798 19 18 6
3799 6 6 6
3800 13 12 4
3801 12 11 5
3802 13 12 6
3803 10 10 4
3804 18 17 7
3805 11 10 4
3806 12 11 5
3807 11 11 7
3808 19 19 7
3809 17 16 4
3810 10 9 5
3811 11 10 4
3812 6 5 4
3813 14 13 5
3814 21 20 8
3815 14 14 6
3816 8 8 4
3817 14 13 5
3818 21 20 6
3819 16 16 6
3820 8 8 4
3821 12 11 5
3822 11 11 5
3823 17 16 8
3824 18 18 4
3825 24 23 5
3826 13 12 4
3827 18 17 7
3828 11 10 6
3829 6 6 6
3830 17 16 4
3831 14 13 5
3832 23 22 8
3833 20 20 6
3834 14 14 4
3835 16 15 5
3836 13 13 5
3837 17 16 4
3838 22 21 5
3839 9 8 4
3840 18 17 5
3841 13 13 5
3842 17 16 4
3843 18 17 7
3844 17 17 5
3845 21 20 6
3846 14 14 4
3847 18 17 5
3848 15 15 5
3849 13 12 6
3850 20 19 5
3851 17 17 5
3852 19 19 7
3853 21 20 8
3854 32 31 7
3855 35 35 5
3856 25 25 5
3857 27 27 7
3858 23 22 6
3859 22 22 4
3860 26 25 5
3861 21 21 5
3862 11 11 5
3863 23 23 7
3864 23 23 5
3865 25 25 7
3866 21 20 4
3867 34 33 7
3868 15 14 6
3869 28 28 4
3870 16 15 5
3871 15 15 5
3872 15 15 5
3873 21 21 5
3874 25 24 6
3875 24 23 7
3876 15 14 4
3877 16 15 5
3878 17 16 6
3879 22 22 6
3880 20 20 6
3881 26 25 9
3882 17 17 5
3883 29 28 8
3884 18 18 4
3885 30 29 5
3886 21 20 4
3887 16 15 5
3888 21 20 4
3889 22 21 5
3890 19 19 5
3891 17 17 5
3892 17 17 5
3893 13 12 4
3894 22 21 5
3895 15 15 5
3896 19 19 5
3897 17 17 5
3898 17 17 5
3899 11 11 5
3900 19 19 5
3901 11 11 5
3902 11 11 5
3903 13 12 4
3904 12 11 5
3905 17 17 5
3906 13 13 5
3907 19 18 4
3908 16 15 5
3909 25 24 8
3910 12 12 4
3911 26 25 7
3912 9 8 4
3913 8 7 6
3914 14 14 4
3915 12 11 5
3916 13 12 4
3917 10 9 5
3918 13 13 7
3919 19 19 5
3920 19 18 4
3921 10 9 5
3922 23 23 5
3923 11 10 6
3924 6 6 6
3925 27 26 6
3926 24 23 5
3927 17 16 4
3928 14 13 5
3929 17 16 6
3930 14 14 6
3931 24 24 6
3932 12 12 4
3933 18 17 5
3934 21 21 7
3935 15 14 4
3936 12 11 5
3937 17 16 6
3938 16 15 5
3939 15 14 6
3940 22 22 6
3941 18 18 6
3942 16 15 5
3943 17 16 6
3944 14 14 6
3945 10 10 4
3946 18 17 5
3947 17 16 6
3948 14 13 5
3949 11 11 5
3950 13 12 4
3951 12 11 5
3952 17 16 6
3953 16 15 5
3954 13 13 5
3955 13 13 5
3956 13 12 4
3957 12 11 5
3958 21 20 6
3959 10 10 4
3960 16 15 5
3961 15 14 6
3962 10 10 6
3963 16 16 6
3964 18 18 4
3965 20 19 5
3966 21 20 6
3967 18 17 5
3968 21 20 4
3969 26 25 7
3970 13 12 4
3971 18 17 7
3972 17 16 6
3973 12 12 4
3974 14 13 7
3975 15 14 4
3976 26 25 5
3977 11 11 5
3978 15 14 4
3979 12 11 5
3980 19 18 6
3981 10 10 6
3982 8 8 4
3983 8 7 6
3984 10 10 6
3985 12 12 6
3986 10 10 6
3987 12 11 5
3988 23 22 6
3989 18 17 7
3990 25 24 6
3991 14 13 5
3992 13 12 6
3993 18 18 6
3994 28 28 6
3995 20 20 6
3996 14 14 4
3997 24 23 7
3998 13 12 4
3999 20 19 5
4000 9 9 5
4001 7 6 5
4002 13 13 5
4003 9 9 5
4004 13 12 4
4005 12 11 5
4006 5 5 5
4007 20 19 7
4008 13 13 5
4009 11 10 6
4010 10 10 4
4011 18 17 7
4012 7 6 5
4013 11 10 4
4014 14 13 5
4015 7 7 7
4016 10 9 5
4017 17 16 6
4018 10 10 4
4019 16 15 7
4020 13 12 4
4021 18 17 5
4022 13 13 5
4023 9 9 5
4024 7 6 5
4025 11 11 5
4026 5 5 5
4027 18 17 5
4028 9 9 5
4029 11 10 6
4030 16 16 6
4031 10 10 4
4032 12 11 7
4033 13 12 4
4034 14 13 7
4035 9 8 4
4036 16 15 7
4037 21 21 5
4038 15 14 4
4039 14 13 5
4040 7 6 5
4041 9 8 4
4042 16 15 7
4043 9 9 5
4044 13 12 6
4045 16 16 6
4046 10 10 4
4047 18 17 7
4048 13 12 6
4049 16 16 8
4050 12 12 6
4051 8 8 4
4052 12 11 5
4053 13 12 4
4054 16 15 5
4055 11 10 6
4056 12 12 6
4057 10 9 5
4058 11 10 4
4059 12 11 5
4060 13 12 6
4061 14 13 5
4062 5 5 5
4063 6 5 4
4064 18 17 5
4065 13 12 6
4066 8 8 4
4067 10 9 5
4068 9 9 5
4069 11 11 5
4070 11 11 5
4071 11 11 5
4072 13 12 6
4073 16 15 5
4074 11 11 5
4075 15 14 6
4076 14 14 6
4077 14 14 4
4078 16 15 5
4079 19 19 5
4080 19 18 6
4081 10 10 4
4082 20 19 5
4083 13 12 4
4084 18 17 5
4085 23 22 6
4086 24 24 6
4087 34 34 4
4088 40 39 5
4089 21 21 5
4090 35 34 6
4091 14 14 6
4092 16 16 4
4093 26 25 5
4094 13 12 6
4095 14 14 4
4096 16 15 5
4097 21 21 5
4098 27 26 6
4099 26 25 5
4100 23 23 7
4101 25 24 6
4102 26 25 5
4103 23 22 6
4104 28 27 5
4105 31 30 6
4106 40 40 8
4107 24 24 4
4108 40 39 7
4109 21 20 4
4110 18 17 5
4111 25 24 4
4112 30 29 5
4113 19 19 5
4114 25 24 6
4115 14 14 4
4116 22 21 5
4117 25 24 6
4118 16 16 6
4119 18 18 6
4120 20 20 4
4121 26 25 5
4122 17 17 5
4123 27 26 6
4124 24 23 5
4125 19 19 5
4126 17 16 6
4127 12 11 5
4128 17 16 6
4129 24 24 6
4130 20 20 4
4131 28 27 7
4132 19 18 4
4133 34 33 7
4134 37 36 6
4135 20 20 4
4136 36 35 5
4137 17 16 6
4138 20 20 4
4139 30 29 5
4140 43 43 9
4141 27 26 6
4142 16 15 5
4143 21 20 6
4144 20 20 8
4145 16 16 6
4146 32 32 6
4147 26 25 5
4148 19 19 5
4149 21 21 7
4150 41 40 8
4151 22 22 6
4152 26 26 6
4153 12 11 5
4154 13 13 5
4155 27 26 4
4156 34 33 7
4157 31 31 5
4158 23 23 5
4159 11 11 5
4160 27 26 6
4161 32 32 4
4162 16 15 5
4163 19 19 5
4164 19 18 4
4165 22 21 7
4166 27 26 8
4167 18 18 6
4168 18 18 8
4169 16 16 4
4170 22 21 5
4171 25 24 6
4172 22 22 6
4173 16 16 4
4174 16 15 5
4175 25 24 6
4176 18 17 5
4177 17 16 4
4178 28 27 7
4179 19 18 4
4180 22 21 5
4181 15 15 5
4182 31 30 4
4183 30 29 9
4184 15 14 4
4185 24 23 5
4186 27 27 5
4187 21 21 5
4188 9 9 5
4189 27 26 4
4190 36 35 7
4191 19 18 8
4192 16 16 4
4193 24 23 7
4194 23 22 6
4195 18 18 6
4196 22 21 5
4197 25 24 8
4198 20 20 4
4199 26 25 7
4200 21 20 6
4201 20 20 6
4202 28 28 6
4203 24 23 7
4204 23 22 4
4205 12 11 5
4206 19 18 4
4207 20 19 5
4208 21 20 6
4209 18 17 5
4210 33 32 8
4211 16 16 4
4212 18 17 5
4213 19 18 4
4214 18 17 7
4215 19 19 5
4216 13 13 5
4217 7 6 5
4218 13 13 5
4219 15 14 6
4220 12 12 4
4221 12 11 5
4222 23 23 5
4223 17 17 5
4224 17 16 6
4225 12 12 4
4226 18 17 5
4227 13 13 5
4228 23 22 4
4229 16 15 5
4230 19 19 5
4231 19 18 6
4232 16 15 5
4233 13 13 5
4234 11 10 6
4235 10 10 4
4236 12 11 7
4237 15 14 6
4238 14 14 4
4239 22 21 7
4240 15 14 4
4241 18 17 5
4242 11 11 5
4243 15 14 8
4244 6 6 6
4245 15 15 5
4246 11 10 6
4247 16 16 4
4248 14 13 5
4249 7 6 5
4250 13 12 4
4251 12 11 5
4252 7 6 5
4253 15 15 5
4254 17 16 6
4255 16 16 6
4256 6 6 6
4257 17 16 6
4258 14 13 5
4259 17 16 6
4260 14 13 5
4261 13 12 6
4262 14 14 4
4263 14 13 5
4264 13 12 6
4265 14 14 4
4266 10 9 5
4267 9 8 4
4268 16 15 7
4269 13 13 5
4270 11 10 4
4271 10 9 5
4272 17 16 6
4273 14 14 6
4274 10 10 6
4275 6 6 6
4276 17 16 6
4277 12 11 5
4278 13 13 5
4279 13 13 5
4280 13 13 5
4281 11 11 5
4282 13 13 7
4283 13 12 4
4284 10 9 5
4285 11 11 5
4286 13 13 5
4287 13 12 6
4288 6 6 6
4289 15 14 8
4290 12 12 4
4291 12 11 5
4292 13 12 4
4293 12 11 5
4294 21 21 7
4295 13 12 6
4296 16 16 6
4297 8 8 4
4298 16 15 5
4299 9 9 5
4300 9 9 5
4301 9 9 5
4302 11 11 5
4303 11 10 4
4304 16 15 7
4305 21 21 5
4306 9 9 5
4307 9 9 5
4308 15 15 5
4309 23 23 7
4310 11 11 5
4311 11 10 6
4312 14 14 6
4313 14 13 5
4314 11 11 5
4315 9 8 4
4316 12 11 5
4317 15 15 5
4318 5 5 5
4319 12 11 5
4320 15 14 6
4321 10 10 4
4322 18 17 7
4323 11 11 5
4324 15 14 6
4325 10 9 5
4326 13 12 4
4327 18 17 5
4328 11 11 5
4329 11 11 5
4330 13 12 6
4331 14 14 6
4332 8 8 4
4333 14 13 5
4334 15 14 6
4335 12 12 6
4336 10 10 6
4337 8 8 4
4338 12 11 7
4339 11 10 4
4340 14 13 5
4341 13 13 5
4342 11 10 4
4343 16 15 5
4344 15 14 6
4345 6 6 6
4346 13 13 5
4347 7 6 5
4348 9 9 5
4349 15 14 6
4350 10 10 4
4351 14 13 5
4352 7 6 5
4353 11 10 4
4354 12 11 7
4355 21 20 6
4356 20 19 5
4357 11 11 5
4358 11 11 5
4359 15 15 5
4360 25 25 5
4361 13 12 6
4362 20 20 6
4363 14 13 5
4364 23 23 5
4365 9 9 5
4366 21 20 6
4367 20 19 5
4368 21 21 7
4369 25 24 8
4370 14 14 4
4371 14 13 5
4372 27 26 6
4373 16 15 5
4374 27 26 8
4375 16 16 6
4376 12 12 6
4377 20 20 4
4378 28 27 5
4379 43 43 7
4380 23 22 6
4381 32 31 5
4382 23 23 5
4383 25 24 4
4384 26 25 5
4385 23 22 4
4386 36 35 9
4387 39 39 7
4388 35 34 6
4389 32 32 8
4390 44 44 12
4391 38 37 9
4392 45 44 8
4393 32 31 9
4394 23 23 5
4395 25 25 9
4396 57 56 14
4397 22 21 7
4398 17 16 4
4399 22 21 7
4400 29 28 8
4401 10 10 4
4402 24 23 5
4403 15 14 6
4404 24 24 6
4405 22 22 8
4406 28 27 7
4407 29 28 6
4408 20 19 7
4409 23 23 9
4410 17 16 6
4411 26 26 6
4412 26 25 11
4413 31 30 8
4414 22 22 6
4415 20 19 5
4416 19 19 5
4417 21 20 4
4418 26 25 7
4419 13 12 6
4420 20 20 4
4421 26 25 5
4422 15 15 5
4423 41 40 8
4424 36 36 8
4425 20 20 6
4426 22 22 4
4427 28 27 5
4428 17 17 5
4429 23 23 5
4430 37 36 8
4431 26 26 6
4432 20 20 4
4433 20 19 5
4434 17 17 5
4435 39 39 13
4436 31 30 6
4437 18 17 5
4438 19 18 6
4439 18 17 5
4440 17 17 7
4441 29 28 8
4442 24 24 4
4443 24 23 7
4444 15 15 5
4445 27 27 7
4446 15 14 6
4447 24 24 6
4448 30 30 10
4449 24 24 6
4450 20 19 5
4451 19 18 4
4452 22 21 7
4453 11 11 5
4454 27 26 4
4455 16 15 5
4456 31 31 9
4457 17 17 5
4458 13 13 5
4459 35 35 11
4460 17 17 5
4461 23 23 9
4462 25 25 5
4463 29 29 11
4464 15 15 5
4465 27 27 9
4466 25 24 6
4467 20 19 7
4468 35 34 6
4469 38 37 7
4470 19 19 5
4471 35 35 9
4472 15 15 5
4473 25 24 6
4474 28 28 8
4475 20 19 5
4476 23 23 7
4477 27 26 6
4478 26 26 4
4479 14 13 5
4480 35 34 6
4481 28 27 7
4482 31 30 8
4483 24 24 4
4484 24 23 5
4485 23 23 7
4486 23 22 6
4487 16 16 4
4488 28 27 7
4489 25 24 6
4490 18 18 6
4491 12 12 4
4492 34 33 5
4493 19 19 5
4494 29 28 8
4495 26 26 6
4496 14 13 5
4497 17 17 5
4498 17 17 5
4499 31 30 6
4500 22 21 5
4501 19 18 8
4502 28 28 8
4503 20 20 6
4504 14 14 6
4505 20 20 4
4506 16 15 5
4507 13 12 4
4508 26 25 5
4509 19 18 6
4510 14 14 4
4511 32 31 5
4512 21 21 5
4513 23 23 5
4514 13 13 5
4515 23 22 6
4516 32 32 6
4517 12 12 4
4518 16 15 5
4519 11 10 4
4520 32 31 9
4521 23 22 6
4522 22 21 5
4523 19 19 5
4524 23 23 5
4525 19 19 5
4526 15 15 5
4527 21 20 6
4528 16 15 5
4529 17 17 5
4530 17 16 6
4531 18 17 5
4532 13 13 5
4533 19 18 6
4534 22 22 4
4535 10 9 5
4536 19 19 5
4537 11 11 5
4538 9 8 4
4539 14 13 7
4540 11 11 5
4541 15 14 4
4542 12 11 5
4543 9 9 5
4544 13 12 6
4545 14 14 4
4546 14 13 5
4547 15 14 8
4548 24 24 6
4549 12 12 4
4550 20 19 5
4551 13 13 5
4552 11 10 4
4553 18 17 5
4554 17 17 5
4555 13 12 4
4556 16 15 5
4557 17 17 5
4558 13 12 6
4559 14 14 6
4560 16 15 5
4561 15 14 6
4562 12 12 4
4563 26 25 7
4564 13 12 4
4565 12 11 5
4566 21 20 6
4567 10 9 5
4568 11 11 5
4569 11 10 4
4570 14 13 5
4571 13 13 5
4572 17 16 6
4573 6 6 6
4574 9 8 4
4575 16 15 7
4576 13 12 4
4577 20 19 5
4578 7 7 7
4579 8 8 4
4580 16 15 5
4581 21 21 9
4582 7 6 5
4583 19 18 4
4584 10 9 5
4585 19 19 7
4586 13 12 6
4587 20 19 5
4588 23 22 6
4589 12 11 5
4590 21 20 6
4591 16 16 4
4592 18 17 5
4593 19 19 5
4594 25 24 4
4595 44 43 7
4596 35 34 4
4597 34 33 7
4598 17 16 4
4599 26 25 7
4600 31 31 7
4601 43 42 12
4602 34 34 4
4603 48 47 11
4604 37 36 8
4605 48 47 9
4606 37 36 6
4607 36 35 7
4608 29 29 5
4609 21 20 6
4610 40 40 8
4611 44 43 13
4612 27 26 6
4613 24 23 5
4614 27 26 6
4615 32 31 7
4616 31 31 5
4617 35 35 9
4618 29 28 8
4619 18 18 4
4620 30 29 7
4621 31 30 8
4622 18 18 6
4623 36 36 8
4624 30 30 6
4625 28 28 6
4626 14 13 5
4627 15 14 6
4628 16 15 5
4629 17 17 5
4630 33 33 11
4631 29 29 5
4632 27 26 12
4633 28 28 6
4634 38 37 5
4635 23 23 5
4636 15 15 5
4637 19 18 6
4638 12 12 4
4639 16 15 5
4640 21 20 6
4641 12 12 6
4642 24 24 6
4643 22 22 6
4644 18 18 4
4645 20 19 7
4646 11 10 6
4647 14 14 4
4648 18 17 5
4649 15 14 6
4650 20 19 5
4651 11 11 5
4652 21 20 6
4653 20 19 5
4654 17 16 4
4655 12 11 5
4656 15 14 6
4657 16 15 5
4658 11 11 5
4659 23 22 6
4660 16 15 5
4661 19 18 6
4662 16 16 4
4663 16 15 5
4664 13 13 5
4665 19 18 6
4666 14 14 4
4667 14 13 5
4668 15 15 5
4669 7 6 5
4670 13 12 6
4671 18 18 6
4672 12 12 6
4673 26 25 7
4674 13 12 4
4675 18 17 5
4676 13 12 6
4677 18 18 8
4678 18 18 4
4679 24 23 5
4680 21 20 6
4681 16 16 6
4682 18 18 6
4683 14 13 5
4684 19 18 6
4685 18 18 6
4686 8 8 4
4687 28 27 5
4688 33 33 5
4689 17 16 4
4690 34 33 5
4691 33 32 6
4692 24 23 7
4693 13 13 5
4694 29 28 6
4695 18 18 6
4696 24 24 6
4697 18 18 6
4698 18 18 6
4699 30 30 6
4700 20 19 5
4701 21 21 5
4702 31 31 5
4703 21 20 6
4704 32 31 9
4705 15 14 4
4706 24 23 5
4707 23 23 5
4708 25 25 5
4709 23 22 6
4710 46 45 7
4711 27 27 7
4712 23 23 5
4713 35 35 7
4714 21 20 6
4715 26 26 4
4716 24 23 5
4717 27 26 6
4718 18 18 4
4719 28 27 5
4720 33 32 6
4721 30 30 6
4722 24 23 5
4723 31 31 7
4724 29 28 6
4725 22 22 6
4726 34 33 5
4727 25 25 5
4728 25 25 7
4729 25 24 6
4730 20 20 6
4731 26 26 6
4732 36 36 6
4733 20 19 5
4734 27 26 6
4735 28 27 5
4736 39 38 8
4737 38 37 9
4738 25 24 4
4739 40 39 9
4740 53 52 14
4741 32 32 8
4742 36 36 8
4743 26 25 7
4744 53 53 15
4745 31 31 5
4746 31 31 7
4747 21 21 7
4748 29 29 7
4749 33 32 6
4750 28 27 7
4751 37 36 6
4752 28 27 5
4753 37 37 7
4754 25 25 7
4755 21 21 5
4756 27 26 6
4757 28 27 9
4758 23 23 7
4759 33 32 8
4760 34 34 10
4761 28 27 5
4762 31 31 9
4763 21 20 4
4764 28 27 9
4765 33 32 6
4766 24 23 5
4767 23 23 5
4768 29 28 4
4769 34 33 7
4770 17 17 5
4771 39 38 6
4772 18 18 6
4773 32 32 6
4774 40 40 8
4775 36 36 6
4776 34 34 10
4777 48 47 5
4778 35 34 6
4779 28 27 5
4780 27 27 5
4781 23 23 7
4782 27 26 6
4783 28 28 6
4784 22 21 5
4785 29 28 6
4786 28 27 7
4787 25 24 8
4788 22 22 4
4789 24 23 5
4790 29 29 7
4791 27 26 6
4792 26 26 6
4793 22 21 7
4794 37 36 6
4795 16 16 6
4796 14 14 4
4797 22 21 5
4798 15 15 5
4799 13 13 5
4800 27 26 6
4801 26 25 5
4802 11 10 4
4803 16 15 5
4804 23 22 6
4805 12 12 4
4806 20 19 5
4807 21 20 4
4808 14 13 5
4809 19 18 6
4810 14 13 5
4811 19 19 5
4812 23 23 5
4813 19 18 6
4814 14 14 4
4815 14 13 5
4816 17 16 6
4817 22 22 4
4818 22 21 5
4819 25 24 6
4820 18 18 4
4821 20 19 7
4822 21 20 4
4823 24 23 5
4824 21 20 6
4825 22 21 7
4826 13 12 6
4827 16 16 6
4828 20 20 4
4829 14 13 5
4830 11 10 4
4831 38 37 9
4832 23 23 7
4833 25 25 5
4834 21 21 5
4835 25 24 6
4836 20 20 6
4837 16 16 4
4838 16 15 5
4839 19 18 4
4840 24 23 5
4841 17 17 5
4842 19 18 4
4843 18 17 5
4844 17 16 6
4845 20 19 5
4846 25 24 6
4847 24 24 6
4848 18 18 4
4849 18 17 5
4850 21 20 6
4851 20 20 4
4852 12 11 5
4853 11 11 5
4854 21 20 4
4855 12 11 5
4856 21 20 6
4857 18 17 7
4858 11 10 4
4859 14 13 5
4860 21 20 6
4861 12 11 5
4862 15 15 5
4863 13 13 5
4864 9 9 5
4865 11 11 5
4866 9 8 4
4867 14 13 5
4868 13 12 6
4869 22 21 5
4870 9 9 5
4871 17 16 6
4872 10 10 4
4873 12 11 5
4874 21 21 5
4875 19 19 5
4876 17 17 7
4877 19 18 6
4878 10 10 4
4879 12 11 5
4880 17 16 8
4881 18 18 6
4882 10 10 4
4883 8 7 6
4884 14 14 6
4885 12 12 6
4886 24 24 8
4887 10 10 4
4888 14 13 5
4889 11 10 6
4890 18 17 7
4891 17 16 6
4892 18 17 7
4893 15 14 6
4894 10 10 4
4895 12 11 5
4896 17 16 6
4897 12 11 5
4898 19 18 4
4899 12 11 5
4900 9 9 5
4901 13 13 5
4902 11 11 5
4903 11 10 4
4904 12 11 5
4905 11 11 5
4906 11 11 5
4907 15 15 5
4908 9 9 5
4909 11 11 5
4910 9 8 4
4911 14 13 5
4912 11 11 5
4913 17 17 5
4914 17 16 6
4915 16 16 4
4916 14 13 5
4917 11 10 4
4918 12 11 5
4919 9 9 5
4920 19 18 6
4921 10 10 4
4922 20 19 5
4923 15 14 6
4924 10 10 4
4925 10 9 5
4926 11 11 5
4927 9 8 4
4928 10 9 5
4929 13 12 6
4930 16 16 6
4931 14 13 5
4932 15 14 6
4933 10 9 5
4934 11 10 6
4935 12 12 6
4936 14 14 6
4937 10 10 4
4938 12 11 5
4939 9 8 4
4940 18 17 7
4941 13 12 4
4942 18 17 7
4943 15 14 6
4944 14 14 6
4945 12 12 6
4946 10 10 6
4947 12 11 5
4948 7 6 5
4949 17 16 8
4950 16 15 5
4951 15 14 6
4952 12 12 4
4953 28 27 7
4954 11 11 5
4955 11 10 4
4956 14 13 5
4957 13 13 5
4958 9 8 4
4959 14 13 5
4960 15 15 5
4961 11 10 4
4962 10 9 5
4963 7 6 5
4964 19 18 6
4965 14 13 5
4966 5 5 5
4967 12 11 5
4968 11 10 6
4969 18 18 6
4970 16 15 5
4971 9 8 4
4972 12 11 5
4973 15 14 6
4974 16 15 5
4975 13 13 5
4976 15 14 6
4977 6 5 4
4978 18 17 5
4979 15 14 6
4980 20 20 6
4981 32 32 4
4982 22 21 5
4983 15 15 5
4984 27 27 5
4985 17 16 6
4986 18 18 6
4987 14 14 4
4988 16 15 5
4989 17 17 7
4990 19 18 6
4991 32 32 6
4992 18 18 4
4993 24 23 5
4994 23 23 5
4995 13 13 5
4996 17 16 4
4997 18 17 5
4998 27 26 6
4999 14 14 6
5000 32 31 5
5001 19 18 6
5002 16 16 6
5003 30 30 6
5004 22 22 6
5005 22 22 4
5006 26 25 5
5007 17 16 4
5008 16 15 5
5009 11 11 5
5010 23 22 6
5011 20 20 6
5012 20 20 4
5013 28 27 7
5014 21 20 6
5015 18 18 6
5016 24 23 7
5017 27 26 6
5018 34 33 5
5019 21 20 6
5020 32 31 5
5021 23 23 5
5022 29 28 6
5023 18 17 5
5024 29 28 6
5025 26 26 6
5026 28 27 5
5027 17 16 4
5028 16 15 5
5029 33 32 8
5030 20 20 8
5031 28 28 6
5032 20 20 6
5033 20 19 5
5034 29 28 6
5035 30 29 7
5036 23 22 6
5037 26 26 10
5038 18 18 6
5039 26 26 10
5040 34 34 10
5041 24 23 7
5042 15 14 6
5043 16 16 4
5044 24 23 5
5045 25 25 7
5046 19 19 5
5047 13 13 5
5048 19 19 5
5049 17 17 5
5050 11 10 4
5051 28 27 5
5052 17 17 5
5053 33 33 7
5054 27 27 9
5055 23 22 6
5056 16 15 5
5057 17 16 4
5058 32 31 9
5059 17 16 4
5060 18 17 5
5061 19 19 5
5062 13 12 4
5063 20 19 7
5064 17 16 4
5065 20 19 5
5066 27 26 8
5067 30 30 6
5068 26 25 5
5069 19 19 7
5070 17 16 6
5071 18 18 4
5072 20 19 5
5073 23 23 5
5074 19 18 8
5075 10 10 4
5076 20 19 7
5077 13 12 6
5078 12 12 6
5079 22 22 8
5080 12 12 6
5081 18 18 4
5082 10 9 5
5083 23 22 4
5084 16 15 5
5085 15 14 6
5086 6 6 6
5087 13 13 5
5088 15 15 5
5089 13 13 5
5090 11 10 6
5091 18 18 6
5092 18 18 8
5093 12 12 4
5094 22 21 7
5095 11 11 5
5096 15 15 5
5097 7 6 5
5098 7 6 5
5099 5 5 5
5100 8 7 6
5101 14 14 6
5102 20 20 6
5103 14 14 6
5104 22 21 7
5105 17 16 6
5106 6 6 6
5107 11 10 6
5108 10 10 4
5109 16 15 7
5110 11 11 5
5111 11 10 4
5112 24 23 7
5113 15 14 6
5114 8 8 4
5115 12 11 5
5116 11 10 6
5117 12 12 6
5118 8 8 4
5119 22 21 5
5120 13 13 5
5121 11 11 5
5122 17 16 6
5123 12 11 5
5124 15 14 4
5125 16 15 5
5126 19 19 5
5127 11 10 4
5128 26 25 7
5129 17 16 6
5130 22 22 6
5131 18 18 4
5132 14 13 5
5133 17 17 7
5134 13 12 4
5135 22 21 7
5136 23 22 4
5137 16 15 5
5138 13 12 4
5139 14 13 5
5140 15 14 6
5141 10 10 4
5142 16 15 5
5143 17 17 5
5144 13 13 5
5145 21 20 6
5146 14 14 4
5147 24 23 5
5148 9 9 5
5149 23 22 6
5150 14 14 4
5151 16 15 5
5152 9 8 4
5153 12 11 5
5154 27 26 6
5155 16 16 8
5156 14 14 4
5157 12 11 5
5158 9 8 4
5159 16 15 5
5160 11 10 4
5161 8 7 6
5162 8 8 4
5163 10 9 5
5164 9 9 5
5165 11 10 4
5166 16 15 5
5167 19 19 5
5168 21 20 6
5169 6 5 4
5170 10 9 5
5171 13 13 7
5172 7 6 5
5173 15 14 4
5174 20 19 5
5175 5 5 5
5176 14 13 5
5177 15 14 8
5178 14 14 6
5179 12 12 4
5180 10 9 5
5181 13 12 4
5182 18 17 5
5183 17 17 7
5184 7 6 5
5185 13 12 4
5186 12 11 7
5187 15 14 6
5188 12 12 4
5189 10 9 5
5190 17 16 6
5191 12 11 5
5192 17 16 4
5193 12 11 5
5194 19 18 4
5195 12 11 5
5196 9 8 4
5197 14 13 7
5198 17 16 6
5199 10 10 4
5200 12 11 5
5201 17 17 7
5202 13 13 5
5203 11 11 5
5204 21 20 6
5205 16 15 5
5206 13 13 5
5207 17 16 6
5208 12 11 5
5209 17 16 4
5210 12 11 5
5211 11 11 7
5212 15 14 6
5213 12 12 6
5214 12 11 5
5215 9 9 5
5216 13 12 4
5217 16 15 5
5218 11 10 4
5219 14 13 7
5220 9 9 5
5221 7 6 5
5222 9 8 4
5223 8 7 6
5224 6 6 6
5225 9 8 4
5226 12 11 5
5227 9 9 5
5228 15 14 8
5229 16 16 4
5230 12 11 5
5231 11 11 7
5232 13 12 4
5233 6 5 4
5234 12 11 5
5235 9 8 4
5236 18 17 5
5237 17 16 6
5238 16 16 6
5239 6 6 6
5240 11 10 4
5241 10 9 5
5242 5 5 5
5243 18 17 7
5244 11 11 5
5245 15 14 6
5246 6 5 4
5247 14 13 5
5248 17 17 5
5249 11 11 5
5250 19 19 5
5251 19 19 5
5252 9 9 5
5253 15 14 4
5254 20 19 7
5255 15 15 5
5256 11 10 4
5257 14 13 5
5258 11 10 4
5259 18 17 7
5260 17 16 4
5261 16 15 5
5262 13 13 5
5263 29 29 5
5264 13 13 5
5265 19 18 6
5266 12 11 5
5267 13 13 5
5268 17 16 6
5269 8 8 4
5270 14 13 5
5271 23 22 8
5272 14 14 4
5273 22 21 5
5274 15 15 5
5275 17 17 7
5276 13 12 4
5277 20 19 5
5278 29 28 6
5279 22 21 5
5280 19 19 5
5281 13 12 4
5282 12 11 5
5283 17 17 5
5284 17 17 5
5285 15 14 6
5286 34 33 7
5287 19 18 8
5288 20 20 4
5289 22 21 5
5290 33 33 5
5291 17 16 6
5292 24 24 6
5293 34 34 6
5294 24 24 6
5295 24 23 5
5296 17 17 5
5297 17 16 4
5298 28 27 9
5299 21 20 6
5300 22 22 4
5301 26 25 7
5302 37 37 15
5303 27 27 9
5304 17 16 6
5305 44 44 12
5306 30 30 6
5307 26 25 5
5308 13 12 4
5309 40 39 11
5310 23 22 6
5311 20 20 6
5312 18 18 6
5313 36 35 7
5314 35 35 9
5315 31 30 8
5316 18 17 5
5317 29 29 5
5318 15 15 5
5319 27 27 9
5320 21 21 7
5321 33 32 8
5322 30 30 6
5323 32 31 11
5324 21 21 5
5325 21 21 5
5326 25 24 6
5327 30 30 6
5328 20 19 5
5329 29 29 9
5330 19 18 6
5331 12 12 4
5332 48 47 17
5333 13 13 5
5334 31 30 8
5335 28 27 7
5336 23 22 8
5337 16 15 7
5338 33 33 7
5339 13 13 5
5340 11 11 5
5341 25 25 9
5342 21 21 5
5343 27 26 8
5344 34 33 11
5345 23 23 7
5346 23 22 4
5347 36 35 7
5348 13 12 4
5349 28 27 9
5350 17 17 5
5351 23 22 4
5352 18 17 5
5353 23 22 6
5354 18 18 6
5355 18 18 4
5356 18 17 7
5357 25 25 7
5358 19 18 6
5359 30 29 5
5360 21 21 5
5361 27 27 5
5362 21 21 5
5363 21 21 5
5364 31 31 7
5365 21 21 5
5366 19 19 7
5367 7 6 5
5368 17 16 4
5369 18 17 5
5370 19 18 6
5371 14 14 6
5372 16 16 4
5373 16 15 5
5374 15 15 5
5375 19 18 6
5376 12 12 6
5377 10 9 5
5378 9 8 4
5379 22 21 7
5380 11 10 4
5381 16 15 5
5382 11 11 5
5383 21 20 6
5384 14 13 5
5385 5 5 5
5386 12 11 7
5387 15 14 4
5388 18 17 5
5389 13 12 6
5390 16 15 5
5391 15 14 6
5392 8 8 4
5393 16 15 5
5394 11 11 5
5395 15 14 6
5396 18 17 5
5397 23 22 8
5398 10 10 4
5399 14 13 5
5400 15 15 5
5401 13 12 6
5402 26 26 6
5403 14 14 4
5404 20 19 5
5405 29 28 6
5406 12 11 5
5407 23 23 5
5408 37 37 7
5409 19 19 5
5410 11 10 4
5411 26 25 5
5412 13 13 5
5413 11 10 6
5414 8 8 4
5415 22 21 7
5416 17 16 4
5417 12 11 5
5418 11 11 5
5419 19 19 5
5420 17 17 7
5421 25 24 6
5422 20 20 6
5423 18 18 6
5424 12 12 4
5425 12 11 5
5426 15 15 5
5427 13 13 5
5428 11 11 5
5429 9 8 4
5430 28 27 5
5431 15 15 5
5432 13 13 5
5433 15 14 4
5434 18 17 5
5435 13 13 5
5436 19 18 4
5437 14 13 5
5438 15 15 5
5439 19 18 6
5440 14 14 4
5441 14 13 7
5442 13 12 4
5443 16 15 5
5444 23 23 5
5445 15 15 5
5446 19 19 5
5447 15 15 5
5448 19 18 6
5449 14 14 4
5450 16 15 5
5451 21 21 5
5452 11 11 5
5453 21 20 6
5454 18 18 6
5455 28 28 8
5456 20 20 6
5457 12 12 4
5458 36 35 11
5459 25 24 8
5460 22 22 4
5461 34 33 7
5462 25 24 6
5463 28 27 5
5464 31 30 6
5465 22 21 5
5466 15 15 5
5467 23 23 7
5468 33 33 7
5469 19 18 4
5470 28 27 7
5471 15 14 4
5472 22 21 5
5473 29 28 6
5474 16 16 6
5475 22 21 5
5476 11 10 4
5477 18 17 5
5478 23 23 5
5479 27 26 6
5480 20 20 6
5481 18 18 6
5482 12 12 4
5483 18 17 5
5484 15 14 6
5485 12 12 4
5486 22 21 7
5487 9 9 5
5488 11 10 4
5489 20 19 5
5490 11 11 5
5491 9 8 4
5492 14 13 5
5493 17 17 7
5494 9 9 5
5495 11 10 4
5496 12 11 7
5497 13 12 6
5498 18 17 5
5499 17 16 6
5500 12 12 6
5501 16 15 5
5502 15 14 6
5503 14 14 6
5504 18 17 7
5505 13 12 4
5506 10 9 5
5507 15 15 5
5508 15 14 6
5509 16 16 6
5510 10 10 6
5511 12 12 6
5512 6 6 6
5513 13 12 6
5514 8 8 4
5515 14 13 5
5516 13 13 5
5517 17 17 5
5518 7 6 5
5519 13 13 5
5520 15 15 5
5521 13 12 6
5522 30 30 8
5523 18 18 4
5524 14 13 5
5525 13 12 6
5526 18 18 6
5527 12 12 6
5528 6 6 6
5529 9 8 4
5530 12 11 5
5531 19 18 6
5532 16 15 5
5533 13 13 7
5534 17 16 6
5535 12 12 4
5536 14 13 5
5537 13 13 5
5538 19 19 5
5539 19 19 7
5540 21 20 4
5541 18 17 7
5542 21 21 5
5543 11 10 4
5544 12 11 7
5545 9 8 4
5546 18 17 5
5547 15 14 6
5548 10 9 5
5549 13 12 4
5550 8 7 6
5551 18 18 6
5552 12 12 8
5553 14 14 6
5554 12 12 4
5555 14 13 5
5556 11 11 5
5557 13 12 6
5558 12 12 4
5559 14 13 5
5560 11 10 4
5561 12 11 5
5562 13 13 5
5563 17 17 7
5564 15 14 6
5565 18 18 6
5566 16 15 5
5567 13 12 4
5568 12 11 5
5569 7 6 5
5570 7 6 5
5571 11 11 7
5572 11 10 6
5573 16 16 6
5574 14 14 6
5575 18 18 6
5576 18 17 5
5577 9 9 5
5578 17 16 6
5579 6 6 6
5580 21 20 4
5581 6 5 4
5582 12 11 7
5583 13 12 6
5584 12 12 6
5585 12 12 6
5586 18 18 6
5587 10 10 4
5588 6 5 4
5589 20 19 7
5590 19 18 6
5591 18 18 6
5592 30 29 5
5593 17 16 6
5594 20 20 6
5595 12 12 6
5596 16 16 4
5597 12 11 5
5598 15 14 6
5599 16 16 6
5600 8 8 4
5601 16 15 5
5602 15 15 5
5603 29 29 5
5604 13 12 4
5605 18 17 7
5606 23 22 6
5607 18 18 4
5608 16 15 5
5609 15 14 4
5610 20 19 5
5611 19 19 7
5612 15 15 5
5613 17 16 6
5614 10 10 4
5615 22 21 5
5616 11 11 5
5617 11 10 6
5618 10 9 5
5619 13 13 5
5620 17 17 5
5621 13 12 4
5622 20 19 5
5623 17 17 7
5624 7 6 5
5625 13 12 6
5626 8 8 4
5627 10 9 5
5628 11 11 5
5629 13 13 5
5630 15 14 4
5631 18 17 7
5632 11 10 6
5633 12 12 6
5634 18 18 6
5635 14 14 6
5636 14 14 6
5637 10 9 5
5638 13 12 6
5639 12 12 6
5640 16 15 5
5641 15 14 6
5642 12 12 6
5643 20 20 4
5644 16 15 5
5645 13 12 4
5646 18 17 5
5647 13 12 4
5648 16 15 5
5649 15 15 7
5650 19 18 6
5651 10 10 4
5652 8 7 6
5653 8 8 4
5654 10 9 5
5655 13 12 8
5656 8 8 4
5657 20 19 5
5658 17 16 6
5659 12 12 6
5660 14 13 7
5661 17 17 5
5662 5 5 5
5663 10 9 5
5664 17 16 6
5665 10 10 4
5666 16 15 7
5667 9 8 4
5668 24 23 9
5669 13 12 4
5670 18 17 5
5671 15 15 5
5672 23 22 8
5673 14 14 6
5674 28 28 6
5675 18 18 4
5676 28 27 5
5677 19 18 4
5678 26 25 7
5679 25 24 4
5680 46 45 5
5681 23 23 5
5682 29 29 5
5683 35 34 6
5684 46 46 6
5685 34 33 5
5686 25 25 5
5687 23 23 5
5688 35 34 10
5689 28 28 4
5690 32 31 7
5691 33 32 6
5692 22 21 7
5693 35 34 6
5694 38 37 9
5695 35 35 9
5696 29 29 5
5697 45 45 11
5698 37 37 9
5699 37 36 10
5700 34 33 7
5701 23 23 9
5702 47 46 8
5703 38 38 6
5704 38 37 7
5705 27 26 6
5706 22 22 6
5707 38 38 8
5708 36 35 9
5709 25 25 5
5710 41 41 7
5711 21 21 5
5712 35 34 10
5713 18 18 6
5714 40 39 9
5715 33 33 7
5716 35 35 5
5717 35 35 9
5718 21 20 6
5719 44 43 9
5720 27 26 6
5721 32 31 5
5722 23 22 6
5723 36 36 6
5724 34 33 7
5725 27 26 8
5726 36 36 8
5727 34 33 7
5728 29 28 8
5729 34 34 10
5730 38 38 8
5731 32 31 7
5732 23 23 5
5733 25 25 5
5734 25 24 6
5735 32 32 8
5736 22 22 6
5737 28 28 6
5738 20 20 4
5739 24 23 5
5740 9 8 4
5741 18 17 5
5742 17 16 6
5743 22 22 6
5744 16 16 4
5745 16 15 5
5746 17 16 6
5747 20 20 6
5748 16 16 4
5749 24 23 5
5750 17 17 5
5751 19 18 4
5752 20 19 5
5753 19 18 4
5754 16 15 5
5755 23 22 6
5756 12 11 5
5757 15 14 4
5758 18 17 7
5759 17 16 4
5760 16 15 5
5761 21 20 6
5762 18 17 7
5763 15 14 4
5764 12 11 5
5765 11 10 6
5766 16 16 4
5767 28 27 7
5768 19 19 5
5769 31 31 9
5770 23 22 6
5771 14 14 4
5772 16 15 5
5773 25 24 6
5774 14 14 4
5775 24 23 5
5776 17 17 5
5777 27 26 8
5778 22 22 4
5779 16 15 5
5780 15 14 4
5781 32 31 7
5782 27 27 7
5783 19 18 8
5784 20 20 6
5785 16 16 4
5786 22 21 5
5787 25 25 7
5788 25 25 5
5789 23 22 6
5790 18 17 5
5791 19 19 5
5792 19 18 4
5793 22 21 7
5794 23 22 6
5795 30 30 6
5796 24 24 6
5797 20 20 6
5798 24 24 6
5799 34 33 9
5800 37 36 10
5801 26 26 6
5802 30 29 5
5803 17 17 5
5804 41 40 4
5805 30 29 9
5806 29 28 6
5807 30 30 8
5808 14 14 4
5809 24 23 5
5810 19 18 6
5811 24 24 6
5812 32 32 6
5813 22 22 6
5814 16 15 5
5815 21 20 6
5816 14 14 6
5817 14 13 5
5818 15 15 5
5819 15 14 4
5820 10 9 5
5821 15 15 5
5822 27 27 5
5823 11 11 5
5824 15 14 6
5825 18 18 4
5826 14 13 5
5827 13 13 5
5828 15 15 5
5829 13 13 5
5830 21 21 7
5831 27 26 6
5832 14 14 4
5833 10 9 5
5834 13 12 4
5835 18 17 5
5836 23 22 6
5837 20 20 6
5838 6 6 6
5839 13 12 4
5840 14 13 5
5841 15 14 6
5842 14 14 6
5843 12 11 5
5844 11 10 6
5845 10 10 4
5846 18 17 5
5847 11 10 4
5848 12 11 5
5849 15 14 6
5850 12 12 6
5851 10 10 4
5852 10 9 5
5853 11 11 5
5854 7 6 5
5855 11 10 6
5856 16 16 6
5857 14 14 6
5858 14 14 6
5859 18 18 6
5860 6 6 6
5861 11 11 5
5862 7 6 5
5863 11 10 6
5864 18 17 7
5865 11 10 4
5866 10 9 5
5867 7 6 5
5868 9 9 5
5869 7 6 5
5870 9 9 5
5871 19 18 6
5872 20 19 5
5873 19 19 5
5874 17 16 6
5875 12 11 5
5876 11 10 6
5877 16 16 6
5878 12 12 6
5879 12 12 4
5880 14 13 5
5881 11 11 5
5882 9 8 4
5883 10 9 5
5884 11 11 5
5885 9 8 4
5886 16 15 5
5887 23 23 7
5888 11 10 4
5889 22 21 7
5890 15 15 5
5891 11 11 5
5892 13 13 5
5893 11 10 4
5894 6 5 4
5895 14 13 5
5896 9 8 4
5897 12 11 5
5898 19 18 6
5899 12 12 6
5900 12 12 6
5901 16 16 8
5902 14 14 6
5903 8 8 4
5904 14 13 5
5905 17 17 7
5906 11 10 4
5907 12 11 5
5908 9 9 5
5909 9 8 4
5910 14 13 7
5911 15 14 6
5912 18 18 6
5913 14 13 5
5914 11 11 5
5915 13 12 6
5916 8 8 4
5917 10 9 5
5918 7 7 7
5919 12 12 6
5920 10 10 4
5921 8 7 6
5922 20 19 5
5923 17 17 5
5924 11 11 5
5925 17 16 6
5926 12 11 5
5927 19 18 6
5928 18 17 5
5929 9 8 4
5930 16 15 7
5931 9 9 5
5932 11 10 4
5933 18 17 7
5934 23 22 4
5935 26 25 5
5936 23 22 6
5937 14 14 4
5938 14 13 5
5939 9 8 4
5940 16 15 5
5941 13 12 6
5942 18 18 6
5943 12 12 4
5944 10 9 5
5945 15 15 5
5946 15 14 4
5947 10 9 5
5948 17 16 6
5949 6 6 6
5950 11 10 4
5951 22 21 5
5952 13 13 5
5953 11 10 4
5954 12 11 7
5955 11 11 5
5956 11 10 6
5957 10 10 4
5958 10 9 5
5959 9 9 5
5960 9 8 4
5961 12 11 7
5962 15 14 6
5963 14 14 6
5964 8 8 4
5965 12 11 5
5966 13 12 6
5967 16 16 6
5968 14 13 5
5969 25 25 5
5970 15 14 4
5971 18 17 5
5972 11 11 5
5973 11 10 4
5974 8 7 6
5975 14 14 6
5976 16 16 6
5977 8 8 4
5978 6 5 4
5979 16 15 5
5980 19 18 6
5981 20 20 6
5982 14 14 6
5983 12 12 6
5984 14 14 8
5985 6 6 6
5986 17 16 6
5987 14 14 6
5988 10 9 5
5989 13 13 5
5990 7 6 5
5991 15 14 8
5992 10 10 6
5993 10 10 4
5994 12 11 5
5995 15 14 8
5996 8 8 4
5997 10 9 5
5998 33 32 6
5999 6 6 6
6000 9 8 4
6001 16 15 7
6002 19 18 6
6003 10 10 6
6004 10 9 5
6005 13 12 4
6006 18 17 5
6007 11 11 5
6008 11 11 5
6009 9 9 5
6010 15 14 6
6011 18 17 5
6012 15 15 7
6013 21 20 8
6014 16 16 6
6015 12 12 4
6016 26 25 5
6017 27 26 4
6018 14 13 5
6019 23 22 6
6020 22 22 6
6021 18 17 5
6022 25 25 5
6023 25 24 6
6024 28 28 4
6025 40 39 7
6026 33 32 6
6027 34 34 4
6028 20 19 5
6029 31 30 6
6030 36 36 8
6031 20 19 5
6032 33 33 7
6033 49 48 10
6034 22 22 6
6035 24 24 6
6036 30 30 8
6037 18 18 6
6038 30 30 4
6039 28 27 7
6040 45 45 13
6041 17 17 5
6042 17 17 5
6043 27 27 9
6044 31 30 6
6045 22 21 5
6046 17 16 6
6047 20 20 4
6048 24 23 5
6049 27 26 6
6050 38 37 9
6051 23 22 6
6052 44 43 9
6053 15 14 4
6054 34 33 13
6055 23 23 5
6056 25 25 9
6057 13 13 5
6058 19 18 4
6059 22 21 5
6060 21 21 7
6061 23 22 8
6062 22 22 4
6063 24 23 5
6064 19 19 5
6065 11 10 4
6066 24 23 5
6067 27 26 8
6068 34 34 8
6069 18 18 8
6070 14 13 5
6071 19 19 7
6072 27 27 5
6073 27 26 6
6074 16 15 5
6075 17 17 5
6076 15 14 4
6077 28 27 5
6078 27 26 8
6079 32 32 12
6080 18 18 6
6081 30 30 12
6082 16 15 5
6083 21 20 4
6084 14 13 5
6085 21 21 5
6086 27 27 5
6087 13 13 5
6088 21 21 5
6089 25 24 4
6090 32 31 7
6091 17 17 5
6092 17 16 4
6093 14 13 7
6094 15 14 4
6095 24 23 7
6096 15 15 5
6097 17 16 4
6098 16 15 5
6099 9 9 5
6100 17 16 6
6101 20 20 4
6102 20 19 5
6103 11 10 4
6104 14 13 5
6105 19 19 5
6106 21 21 5
6107 23 23 5
6108 13 13 5
6109 17 16 6
6110 18 18 4
6111 22 21 7
6112 13 13 5
6113 15 14 6
6114 8 8 4
6115 14 13 5
6116 7 6 5
6117 19 18 6
6118 10 9 5
6119 13 13 5
6120 19 19 5
6121 11 10 4
6122 18 17 5
6123 17 16 6
6124 10 9 5
6125 11 10 4
6126 16 15 5
6127 15 14 6
6128 8 8 4
6129 22 21 5
6130 11 11 5
6131 13 13 5
6132 15 14 4
6133 12 11 5
6134 11 11 5
6135 15 15 5
6136 13 13 5
6137 15 15 5
6138 15 15 7
6139 11 10 4
6140 10 9 5
6141 23 22 6
6142 12 11 5
6143 33 32 6
6144 16 16 4
6145 24 23 5
6146 15 14 4
6147 22 21 5
6148 19 19 5
6149 19 19 5
6150 11 10 6
6151 16 16 4
6152 14 13 5
6153 15 14 6
6154 10 10 4
6155 14 13 5
6156 21 20 6
6157 10 10 4
6158 10 9 5
6159 17 16 8
6160 8 8 4
6161 6 5 4
6162 16 15 5
6163 23 22 6
6164 16 16 6
6165 22 21 5
6166 17 17 5
6167 15 14 6
6168 14 13 5
6169 13 12 6
6170 14 14 6
6171 12 12 4
6172 26 25 7
6173 15 14 6
6174 20 20 8
6175 24 24 6
6176 12 12 4
6177 10 9 5
6178 11 11 5
6179 19 19 5
6180 11 11 7
6181 9 8 4
6182 6 5 4
6183 18 17 7
6184 9 8 4
6185 16 15 5
6186 21 20 6
6187 24 23 7
6188 19 18 6
6189 12 11 5
6190 17 16 6
6191 12 12 6
6192 16 15 5
6193 5 5 5
6194 16 15 5
6195 9 8 4
6196 14 13 5
6197 11 10 4
6198 12 11 7
6199 17 16 6
6200 14 14 4
6201 16 15 5
6202 13 12 6
6203 8 8 4
6204 22 21 7
6205 13 13 5
6206 11 11 5
6207 11 11 5
6208 9 8 4
6209 16 15 7
6210 7 6 5
6211 17 16 4
6212 12 11 5
6213 7 7 7
6214 14 14 6
6215 12 11 5
6216 13 12 6
6217 12 12 6
6218 12 12 6
6219 6 5 4
6220 12 11 5
6221 15 14 6
6222 14 13 7
6223 15 14 6
6224 10 10 4
6225 14 13 7
6226 11 10 6
6227 14 14 6
6228 14 14 6
6229 6 5 4
6230 16 15 7
6231 23 22 4
6232 6 5 4
6233 14 13 5
6234 11 10 4
6235 12 11 5
6236 17 17 5
6237 21 20 8
6238 20 20 4
6239 16 15 5
6240 21 21 7
6241 25 24 6
6242 12 12 6
6243 12 11 5
6244 21 21 5
6245 11 10 4
6246 16 15 5
6247 11 11 5
6248 15 15 5
6249 17 17 7
6250 23 22 6
6251 22 21 5
6252 31 30 6
6253 18 18 4
6254 18 17 5
6255 31 30 6
6256 28 27 7
6257 17 16 4
6258 22 21 5
6259 39 38 6
6260 20 20 4
6261 28 27 5
6262 23 23 5
6263 13 13 5
6264 17 16 4
6265 22 21 5
6266 25 25 7
6267 27 26 6
6268 32 32 8
6269 16 16 6
6270 30 30 6
6271 18 18 6
6272 18 18 4
6273 22 21 7
6274 29 28 6
6275 26 25 5
6276 31 31 7
6277 29 28 6
6278 24 23 5
6279 15 14 6
6280 14 14 4
6281 22 21 5
6282 33 32 10
6283 28 27 5
6284 25 24 8
6285 24 24 4
6286 30 29 5
6287 27 27 7
6288 29 29 7
6289 19 19 5
6290 15 15 5
6291 21 20 4
6292 22 21 5
6293 23 22 6
6294 28 27 5
6295 21 21 5
6296 15 15 5
6297 27 27 7
6298 19 18 4
6299 24 23 5
6300 27 27 9
6301 17 16 6
6302 22 21 5
6303 19 19 5
6304 27 26 6
6305 22 22 4
6306 32 31 5
6307 39 39 7
6308 27 26 6
6309 20 20 4
6310 18 17 5
6311 19 18 6
6312 24 24 6
6313 22 22 6
6314 24 24 6
6315 14 14 4
6316 24 23 7
6317 27 26 6
6318 32 31 7
6319 23 22 6
6320 24 24 6
6321 20 19 5
6322 19 18 6
6323 28 28 4
6324 38 37 9
6325 25 24 8
6326 18 17 5
6327 11 11 5
6328 15 14 6
6329 34 34 6
6330 18 18 4
6331 30 29 5
6332 19 18 6
6333 18 17 5
6334 17 16 4
6335 26 25 7
6336 21 20 4
6337 22 21 5
6338 17 17 5
6339 15 14 4
6340 20 19 5
6341 23 22 6
6342 18 18 6
6343 18 18 4
6344 22 21 5
6345 19 18 6
6346 20 20 6
6347 14 14 6
6348 16 16 6
6349 16 16 4
6350 10 9 5
6351 19 18 6
6352 8 8 4
6353 22 21 5
6354 11 11 5
6355 15 14 6
6356 12 12 6
6357 14 14 6
6358 16 16 4
6359 8 7 6
6360 22 22 6
6361 8 8 4
6362 16 15 5
6363 13 12 4
6364 18 17 5
6365 17 16 6
6366 12 12 4
6367 16 15 5
6368 15 14 6
6369 16 16 4
6370 14 13 5
6371 7 6 5
6372 13 13 5
6373 17 16 6
6374 16 15 5
6375 19 19 5
6376 9 9 5
6377 11 10 6
6378 16 15 5
6379 9 9 5
6380 9 8 4
6381 12 11 7
6382 15 14 4
6383 14 13 5
6384 19 19 7
6385 17 16 4
6386 16 15 5
6387 9 8 4
6388 10 9 5
6389 13 12 6
6390 6 6 6
6391 5 5 5
6392 10 9 5
6393 15 15 7
6394 11 10 6
6395 12 12 4
6396 28 27 7
6397 11 10 6
6398 18 17 5
6399 13 13 5
6400 11 10 6
6401 16 16 4
6402 10 9 5
6403 17 16 6
6404 14 13 5
6405 25 25 7
6406 13 13 5
6407 27 26 6
6408 10 10 4
6409 6 5 4
6410 16 15 5
6411 13 13 5
6412 9 9 5
6413 11 10 4
6414 14 13 5
6415 13 12 6
6416 14 14 4
6417 18 17 5
6418 21 20 4
6419 10 9 5
6420 17 16 4
6421 18 17 5
6422 17 17 7
6423 19 18 8
6424 12 11 5
6425 13 12 6
6426 16 15 5
6427 13 13 7
6428 11 10 4
6429 12 11 5
6430 11 10 4
6431 26 25 5
6432 19 19 5
6433 15 14 4
6434 18 17 5
6435 17 16 4
6436 16 15 5
6437 17 17 5
6438 17 16 6
6439 14 14 6
6440 10 10 4
6441 16 15 5
6442 19 19 5
6443 15 15 5
6444 15 15 5
6445 19 19 5
6446 13 13 5
6447 25 25 5
6448 27 26 6
6449 28 28 4
6450 28 27 5
6451 37 37 11
6452 13 13 5
6453 13 12 4
6454 32 31 5
6455 25 25 5
6456 27 26 6
6457 24 23 5
6458 37 37 9
6459 25 24 6
6460 22 22 6
6461 34 34 6
6462 40 39 11
6463 31 30 4
6464 34 33 7
6465 29 29 5
6466 39 39 7
6467 29 28 6
6468 32 32 6
6469 26 25 5
6470 23 22 6
6471 42 42 8
6472 44 43 7
6473 31 30 4
6474 18 17 5
6475 35 34 10
6476 26 26 4
6477 38 37 7
6478 37 37 7
6479 25 25 5
6480 37 37 5
6481 17 17 5
6482 27 27 7
6483 19 19 5
6484 29 28 6
6485 34 33 7
6486 35 34 6
6487 34 33 5
6488 13 13 5
6489 27 27 5
6490 13 13 5
6491 21 21 5
6492 29 28 6
6493 14 14 4
6494 20 19 5
6495 25 25 5
6496 23 23 5
6497 13 13 5
6498 19 18 4
6499 20 19 5
6500 21 21 5
6501 17 16 4
6502 30 29 5
6503 17 17 7
6504 13 12 4
6505 14 13 7
6506 23 22 6
6507 18 18 6
6508 20 20 6
6509 16 15 5
6510 19 18 4
6511 20 19 7
6512 17 17 5
6513 15 14 6
6514 18 18 4
6515 20 19 5
6516 15 15 7
6517 17 16 4
6518 12 11 5
6519 5 5 5
6520 14 13 5
6521 25 24 6
6522 18 17 5
6523 9 8 4
6524 12 11 5
6525 13 13 5
6526 21 21 7
6527 21 21 5
6528 19 19 5
6529 11 11 5
6530 15 14 4
6531 12 11 5
6532 15 14 6
6533 14 13 5
6534 25 25 5
6535 11 11 5
6536 23 22 4
6537 24 23 7
6538 13 12 4
6539 18 17 7
6540 9 8 4
6541 18 17 5
6542 13 12 4
6543 18 17 5
6544 23 23 5
6545 23 23 7
6546 17 17 5
6547 29 29 5
6548 23 23 5
6549 19 19 5
6550 27 27 7
6551 13 12 4
6552 18 17 5
6553 21 21 5
6554 15 15 5
6555 25 25 5
6556 19 18 6
6557 16 16 6
6558 12 11 5
6559 19 19 5
6560 9 9 5
6561 19 18 4
6562 24 23 5
6563 21 21 5
6564 17 16 4
6565 20 19 5
6566 19 18 6
6567 26 26 6
6568 16 16 6
6569 26 25 5
6570 11 10 4
6571 14 13 5
6572 17 17 5
6573 27 26 6
6574 18 18 6
6575 20 20 4
6576 22 21 5
6577 13 13 5
6578 13 13 5
6579 11 10 4
6580 12 11 5
6581 17 17 5
6582 21 21 7
6583 11 10 4
6584 18 17 5
6585 13 13 5
6586 11 11 5
6587 15 15 5
6588 13 13 5
6589 7 6 5
6590 13 13 5
6591 17 16 6
6592 12 12 4
6593 12 11 5
6594 13 13 5
6595 13 12 6
6596 18 18 6
6597 10 9 5
6598 13 12 4
6599 16 15 7
6600 13 12 4
6601 14 13 5
6602 15 15 7
6603 19 18 4
6604 14 13 5
6605 13 13 5
6606 13 13 5
6607 13 12 4
6608 10 9 5
6609 11 11 5
6610 13 13 5
6611 15 15 5
6612 7 7 7
6613 12 12 6
6614 22 22 6
6615 14 14 6
6616 16 15 5
6617 13 13 5
6618 15 15 5
6619 11 11 5
6620 13 12 6
6621 14 14 4
6622 18 17 5
6623 15 14 6
6624 10 10 6
6625 14 14 4
6626 14 13 5
6627 9 8 4
6628 16 15 5
6629 11 11 5
6630 19 18 6
6631 16 15 5
6632 19 18 8
6633 12 12 4
6634 12 11 7
6635 15 15 5
6636 25 24 6
6637 20 19 5
6638 13 12 6
6639 16 16 4
6640 20 19 5
6641 11 11 5
6642 21 21 5
6643 21 20 6
6644 18 18 6
6645 16 15 5
6646 15 14 4
6647 18 17 5
6648 17 17 5
6649 13 13 5
6650 21 20 4
6651 24 23 5
6652 19 19 5
6653 33 33 5
6654 23 23 7
6655 25 24 6
6656 38 37 7
6657 29 28 8
6658 24 24 6
6659 22 21 5
6660 25 25 7
6661 37 36 6
6662 18 18 6
6663 26 26 6
6664 24 23 5
6665 29 28 6
6666 26 25 7
6667 19 18 6
6668 18 18 6
6669 28 28 6
6670 18 17 5
6671 21 21 5
6672 39 39 5
6673 21 20 6
6674 18 17 5
6675 31 31 5
6676 25 24 8
6677 22 21 5
6678 33 32 8
6679 24 23 5
6680 19 19 5
6681 25 24 10
6682 22 21 5
6683 19 19 5
6684 25 25 7
6685 19 19 7
6686 35 34 8
6687 18 18 6
6688 26 26 6
6689 26 25 5
6690 27 26 8
6691 22 22 6
6692 20 20 6
6693 24 23 5
6694 41 40 6
6695 20 20 6
6696 18 18 4
6697 16 15 5
6698 25 24 8
6699 14 13 5
6700 19 18 6
6701 24 24 4
6702 26 25 5
6703 23 22 8
6704 24 24 6
6705 22 21 5
6706 17 17 5
6707 13 13 5
6708 19 19 5
6709 23 23 7
6710 17 17 5
6711 19 18 6
6712 12 11 5
6713 25 25 7
6714 17 16 6
6715 24 24 8
6716 22 21 5
6717 37 37 7
6718 21 20 4
6719 32 31 7
6720 27 26 6
6721 38 37 7
6722 23 23 5
6723 13 13 5
6724 23 23 5
6725 21 20 6
6726 24 24 4
6727 12 11 5
6728 21 20 6
6729 16 16 4
6730 16 15 5
6731 25 24 6
6732 20 20 4
6733 28 27 7
6734 21 20 6
6735 22 22 4
6736 32 31 7
6737 27 26 6
6738 20 20 4
6739 30 29 7
6740 39 38 6
6741 26 26 6
6742 20 20 6
6743 20 20 6
6744 30 30 6
6745 28 27 5
6746 13 13 5
6747 17 16 4
6748 34 33 7
6749 17 16 6
6750 26 26 6
6751 18 18 4
6752 24 23 5
6753 25 25 5
6754 21 21 7
6755 23 23 5
6756 23 22 6
6757 26 26 6
6758 32 32 8
6759 30 30 6
6760 16 16 6
6761 22 21 7
6762 9 9 5
6763 17 16 6
6764 20 20 6
6765 24 23 5
6766 27 27 5
6767 21 20 4
6768 26 25 5
6769 15 14 4
6770 14 13 5
6771 27 27 5
6772 27 27 5
6773 19 19 5
6774 25 24 6
6775 24 23 5
6776 21 21 7
6777 21 20 6
6778 14 14 6
6779 16 16 4
6780 24 23 5
6781 17 16 4
6782 18 17 5
6783 13 13 5
6784 19 18 6
6785 24 24 6
6786 22 22 4
6787 32 31 5
6788 17 16 6
6789 18 18 6
6790 18 17 5
6791 17 17 5
6792 21 20 4
6793 20 19 5
6794 17 17 5
6795 21 21 7
6796 17 16 6
6797 16 16 4
6798 18 17 5
6799 17 17 5
6800 15 14 4
6801 12 11 5
6802 15 14 6
6803 18 18 4
6804 26 25 5
6805 23 22 6
6806 18 18 6
6807 14 14 6
6808 18 18 4
6809 22 21 7
6810 27 26 6
6811 14 14 6
6812 18 18 4
6813 16 15 5
6814 23 23 5
6815 13 13 5
6816 23 22 4
6817 18 17 5
6818 23 23 5
6819 17 17 7
6820 13 12 4
6821 20 19 7
6822 9 8 4
6823 20 19 7
6824 13 12 6
6825 8 7 6
6826 16 16 4
6827 10 9 5
6828 17 17 5
6829 19 19 5
6830 41 41 7
6831 17 16 6
6832 16 16 4
6833 26 25 5
6834 13 12 4
6835 22 21 5
6836 23 23 5
6837 15 14 4
6838 22 21 5
6839 9 9 5
6840 13 12 6
6841 14 13 5
6842 17 16 6
6843 20 19 7
6844 15 14 4
6845 14 13 5
6846 7 7 7
6847 12 11 5
6848 7 6 5
6849 13 13 5
6850 15 14 8
6851 12 12 4
6852 18 17 5
6853 13 13 7
6854 13 12 6
6855 14 13 5
6856 15 14 8
6857 14 14 6
6858 12 11 5
6859 13 12 6
6860 8 8 4
6861 14 13 5
6862 11 11 7
6863 19 18 6
6864 14 14 6
6865 14 14 6
6866 8 8 4
6867 14 13 5
6868 7 7 7
6869 14 13 5
6870 25 24 6
6871 8 8 4
6872 14 13 5
6873 11 10 6
6874 14 14 6
6875 16 16 4
6876 12 11 5
6877 21 20 6
6878 12 12 4
6879 16 15 7
6880 13 12 4
6881 14 13 5
6882 11 11 5
6883 17 16 6
6884 14 14 4
6885 10 9 5
6886 17 16 6
6887 10 10 4
6888 18 17 7
6889 21 21 7
6890 11 10 4
6891 12 11 5
6892 11 10 4
6893 14 13 5
6894 11 10 4
6895 10 9 5
6896 15 14 4
6897 18 17 7
6898 23 22 6
6899 18 18 6
6900 14 14 6
6901 22 21 5
6902 13 13 5
6903 21 20 6
6904 10 10 6
6905 14 14 4
6906 14 13 5
6907 11 10 4
6908 12 11 5
6909 11 10 6
6910 12 12 4
6911 12 11 5
6912 9 8 4
6913 16 15 7
6914 11 10 4
6915 20 19 5
6916 11 10 6
6917 18 18 6
6918 8 8 4
6919 16 15 5
6920 15 15 5
6921 17 16 6
6922 10 10 6
6923 8 8 4
6924 16 15 7
6925 21 21 7
6926 13 12 6
6927 12 12 4
6928 16 15 5
6929 13 13 5
6930 15 15 5
6931 11 10 4
6932 14 13 5
6933 9 9 5
6934 11 11 5
6935 11 11 5
6936 13 12 6
6937 6 5 4
6938 16 15 7
6939 9 8 4
6940 14 13 5
6941 17 17 7
6942 15 14 6
6943 18 17 5
6944 17 16 6
6945 14 14 6
6946 14 14 6
6947 26 26 6
6948 26 25 7
6949 29 29 5
6950 25 24 6
6951 6 6 6
6952 19 18 6
6953 20 19 5
6954 11 11 5
6955 19 18 6
6956 14 14 6
6957 16 16 6
6958 12 12 4
6959 10 9 5
6960 19 18 4
6961 10 9 5
6962 9 9 5
6963 15 14 6
6964 8 8 4
6965 18 17 7
6966 11 10 6
6967 14 14 4
6968 14 13 5
6969 13 12 6
6970 16 16 6
6971 16 16 4
6972 30 29 5
6973 13 13 5
6974 21 20 6
6975 16 16 4
6976 6 5 4
6977 18 17 5
6978 17 17 5
6979 17 17 5
6980 29 28 8
6981 12 12 4
6982 24 23 5
6983 19 19 5
6984 17 17 5
6985 15 14 4
6986 14 13 5
6987 25 24 8
6988 22 22 4
6989 22 21 5
6990 17 16 4
6991 10 9 5
6992 21 20 6
6993 20 19 5
6994 13 12 4
6995 32 31 7
6996 15 14 6
6997 20 20 4
6998 12 11 5
6999 19 18 6
7000 22 22 4
7001 16 15 7
7002 27 26 6
7003 10 10 4
7004 14 13 5
7005 23 22 6
7006 32 32 6
7007 20 19 5
7008 17 16 4
7009 14 13 5
7010 9 9 5
7011 35 35 5
7012 29 29 7
7013 25 24 8
7014 20 19 5
7015 27 26 6
7016 18 17 5
7017 21 20 6
7018 10 10 4
7019 26 25 7
7020 15 14 4
7021 24 23 7
7022 31 30 6
7023 14 13 5
7024 23 22 6
7025 26 26 6
7026 16 16 6
7027 20 19 5
7028 21 20 6
7029 22 22 6
7030 30 30 8
7031 12 12 4
7032 20 19 5
7033 13 12 4
7034 18 17 5
7035 17 17 5
7036 17 16 6
7037 24 24 6
7038 10 9 5
7039 21 20 4
7040 20 19 5
7041 19 18 4
7042 20 19 5
7043 25 25 7
7044 15 14 4
7045 20 19 5
7046 23 22 6
7047 16 16 4
7048 20 19 7
7049 17 16 4
7050 14 13 5
7051 25 24 6
7052 18 18 4
7053 22 21 5
7054 23 23 5
7055 23 22 6
7056 18 18 4
7057 38 37 9
7058 27 27 7
7059 31 30 8
7060 32 31 7
7061 19 19 7
7062 33 33 11
7063 41 40 12
7064 38 37 9
7065 23 23 5
7066 23 22 6
7067 42 41 13
7068 31 30 6
7069 22 21 5
7070 31 30 6
7071 26 26 6
7072 18 18 6
7073 16 16 8
7074 40 40 14
7075 24 24 6
7076 28 27 5
7077 39 39 9
7078 35 35 7
7079 31 30 6
7080 38 37 7
7081 29 28 12
7082 46 46 8
7083 32 32 8
7084 22 22 6
7085 14 14 6
7086 30 30 6
7087 22 22 6
7088 32 31 7
7089 13 12 4
7090 30 29 7
7091 29 28 6
7092 22 22 6
7093 20 20 4
7094 28 27 7
7095 35 34 10
7096 30 30 6
7097 20 20 6
7098 24 24 6
7099 28 28 6
7100 40 40 12
7101 44 44 8
7102 26 25 5
7103 27 27 5
7104 33 32 10
7105 16 16 4
7106 20 19 5
7107 35 35 9
7108 17 16 4
7109 40 39 7
7110 27 27 7
7111 43 43 11
7112 17 17 5
7113 17 16 4
7114 18 17 7
7115 39 38 10
7116 20 19 5
7117 23 23 5
7118 23 23 5
7119 35 34 8
7120 24 23 5
7121 35 35 7
7122 31 30 8
7123 38 38 8
7124 22 22 10
7125 22 22 8
7126 22 21 5
7127 13 13 5
7128 29 29 9
7129 31 31 9
7130 27 26 6
7131 14 13 5
7132 25 25 5
7133 37 37 7
7134 13 12 6
7135 28 28 8
7136 14 13 5
7137 23 22 4
7138 26 25 5
7139 21 21 5
7140 19 18 6
7141 14 13 5
7142 17 16 4
7143 20 19 5
7144 19 19 5
7145 15 15 5
7146 15 15 5
7147 25 25 5
7148 19 18 6
7149 16 16 6
7150 12 12 6
7151 12 12 4
7152 24 23 5
7153 23 22 8
7154 16 16 6
7155 18 18 6
7156 14 14 4
7157 16 15 5
7158 19 18 6
7159 12 12 4
7160 14 13 5
7161 13 13 7
7162 17 17 5
7163 17 17 7
7164 19 18 6
7165 10 10 4
7166 6 5 4
7167 22 21 5
7168 19 18 6
7169 16 16 6
7170 16 15 5
7171 13 12 4
7172 14 13 5
7173 11 10 6
7174 8 8 4
7175 14 13 5
7176 11 11 5
7177 15 15 5
7178 23 23 7
7179 19 18 6
7180 10 10 4
7181 10 9 5
7182 11 11 5
7183 13 12 4
7184 18 17 7
7185 17 16 4
7186 20 19 5
7187 5 5 5
7188 18 17 5
7189 17 16 8
7190 12 11 5
7191 11 10 4
7192 6 5 4
7193 12 11 5
7194 13 13 5
7195 13 12 6
7196 8 8 4
7197 18 17 9
7198 11 10 4
7199 16 15 7
7200 7 6 5
7201 11 10 6
7202 10 10 6
7203 10 10 4
7204 10 9 5
7205 5 5 5
7206 12 11 7
7207 9 8 4
7208 12 11 5
7209 15 14 8
7210 14 13 5
7211 17 16 4
7212 12 11 5
7213 25 24 8
7214 14 14 4
7215 20 19 5
7216 11 11 5
7217 11 10 6
7218 16 16 6
7219 10 10 4
7220 14 13 5
7221 11 11 5
7222 13 12 4
7223 22 21 5
7224 13 12 4
7225 26 25 7
7226 15 14 4
7227 10 9 5
7228 9 8 4
7229 6 5 4
7230 8 7 6
7231 12 12 4
7232 12 11 5
7233 11 11 5
7234 15 14 6
7235 12 11 7
7236 11 10 4
7237 12 11 5
7238 15 14 6
7239 16 16 6
7240 12 11 5
7241 13 12 6
7242 12 12 4
7243 14 13 5
7244 19 18 6
7245 10 10 4
7246 14 13 7
7247 11 10 4
7248 6 5 4
7249 16 15 7
7250 13 12 4
7251 16 15 5
7252 13 12 4
7253 12 11 5
7254 11 10 6
7255 8 8 4
7256 18 17 7
7257 17 17 5
7258 11 10 4
7259 10 9 5
7260 11 10 4
7261 12 11 5
7262 15 15 5
7263 15 14 4
7264 14 13 5
7265 13 13 5
7266 11 11 5
7267 11 10 4
7268 10 9 5
7269 11 11 5
7270 11 11 5
7271 13 12 6
7272 16 16 6
7273 18 18 6
7274 14 13 5
7275 21 21 5
7276 21 21 5
7277 9 8 4
7278 10 9 5
7279 15 14 6
7280 6 6 6
7281 17 16 6
7282 12 12 4
7283 26 25 5
7284 13 12 4
7285 16 15 5
7286 15 15 5
7287 9 8 4
7288 10 9 5
7289 15 14 6
7290 18 18 4
7291 18 17 5
7292 15 15 5
7293 11 10 4
7294 20 19 7
7295 7 6 5
7296 13 12 6
7297 12 12 6
7298 6 6 6
7299 11 10 6
7300 12 11 5
7301 11 10 6
7302 12 12 6
7303 14 13 5
7304 13 12 4
7305 14 13 5
7306 11 10 4
7307 20 19 5
7308 17 17 7
7309 21 20 4
7310 12 11 5
7311 21 21 7
7312 13 12 6
7313 6 6 6
7314 13 12 6
7315 12 12 6
7316 12 12 4
7317 10 9 5
7318 11 11 7
7319 13 12 4
7320 12 11 5
7321 23 22 6
7322 20 20 6
7323 10 10 4
7324 16 15 5
7325 23 23 5
7326 17 16 6
7327 22 22 4
7328 14 13 5
7329 21 20 4
7330 28 27 7
7331 15 14 4
7332 16 15 5
7333 13 12 4
7334 18 17 5
7335 17 16 4
7336 20 19 5
7337 19 18 6
7338 32 32 6
7339 10 10 4
7340 30 29 7
7341 17 16 6
7342 22 22 8
7343 22 22 6
7344 14 13 5
7345 13 12 4
7346 36 35 11
7347 23 22 4
7348 30 29 5
7349 13 13 5
7350 21 20 6
7351 30 29 7
7352 21 20 6
7353 16 16 4
7354 44 43 9
7355 21 20 6
7356 16 16 4
7357 28 27 9
7358 21 20 6
7359 28 28 6
7360 28 28 6
7361 20 19 5
7362 31 31 9
7363 11 10 4
7364 18 17 5
7365 21 21 7
7366 27 26 8
7367 24 24 6
7368 12 12 4
7369 24 23 7
7370 21 20 6
7371 18 17 5
7372 15 14 4
7373 16 15 5
7374 15 14 4
7375 34 33 9
7376 13 13 5
7377 19 18 4
7378 14 13 5
7379 11 10 4
7380 12 11 5
7381 19 18 6
7382 12 12 4
7383 14 13 5
7384 23 22 6
7385 32 32 6
7386 26 25 7
7387 23 22 6
7388 14 14 4
7389 16 15 5
7390 23 22 6
7391 22 22 6
7392 20 20 6
7393 14 14 4
7394 14 13 5
7395 19 18 6
7396 18 18 4
7397 10 9 5
7398 23 23 7
7399 17 16 6
7400 10 10 4
7401 14 13 5
7402 13 13 5
7403 13 12 4
7404 16 15 5
7405 15 14 4
7406 10 9 5
7407 11 10 6
7408 6 6 6
7409 11 11 5
7410 11 10 4
7411 18 17 5
7412 27 26 6
7413 22 21 7
7414 15 14 6
7415 6 6 6
7416 11 10 4
7417 10 9 5
7418 9 8 4
7419 14 13 5
7420 7 6 5
7421 5 5 5
7422 24 23 7
7423 11 10 4
7424 26 25 5
7425 17 16 6
7426 10 10 4
7427 16 15 5
7428 5 5 5
7429 12 11 5
7430 9 8 4
7431 6 5 4
7432 14 13 7
7433 7 6 5
7434 9 8 4
7435 12 11 7
7436 13 12 6
7437 10 10 4
7438 16 15 7
7439 13 13 7
7440 11 10 4
7441 16 15 5
7442 19 19 7
7443 17 17 5
7444 19 19 7
7445 17 16 6
7446 16 16 6
7447 14 14 4
7448 6 5 4
7449 18 17 7
7450 17 16 4
7451 16 15 7
7452 17 16 6
7453 20 19 7
7454 15 14 6
7455 8 8 4
7456 12 11 5
7457 15 15 7
7458 11 10 4
7459 12 11 5
7460 17 16 6
7461 8 8 4
7462 18 17 5
7463 11 11 5
7464 11 11 5
7465 9 8 4
7466 12 11 5
7467 9 8 4
7468 14 13 7
7469 13 12 4
7470 10 9 5
7471 11 10 4
7472 12 11 5
7473 11 11 5
7474 15 15 5
7475 13 13 7
7476 7 6 5
7477 19 19 5
7478 11 11 7
7479 11 10 6
7480 8 8 4
7481 10 9 5
7482 17 16 6
7483 16 15 5
7484 9 8 4
7485 24 23 7
7486 37 36 6
7487 8 8 4
7488 14 13 5
7489 7 6 5
7490 11 10 6
7491 8 8 4
7492 10 9 5
7493 13 12 6
7494 12 11 5
7495 13 12 6
7496 14 13 5
7497 17 16 4
7498 12 11 5
7499 17 16 4
7500 12 11 5
7501 9 8 4
7502 14 13 5
7503 13 13 7
7504 13 12 4
7505 20 19 7
7506 11 10 4
7507 14 13 5
7508 7 6 5
7509 13 13 5
7510 13 13 5
7511 13 12 6
7512 10 10 6
7513 6 6 6
7514 11 10 4
7515 12 11 5
7516 19 18 6
7517 6 6 6
7518 11 10 4
7519 12 11 5
7520 13 13 5
7521 19 18 6
7522 10 10 4
7523 18 17 5
7524 21 20 4
7525 26 25 5
7526 15 14 4
7527 10 9 5
7528 11 10 6
7529 8 8 4
7530 18 17 5
7531 11 11 7
7532 17 16 8
7533 8 8 4
7534 12 11 5
7535 11 10 4
7536 14 13 5
7537 9 9 5
7538 15 14 6
7539 10 10 6
7540 8 8 4
7541 14 13 5
7542 19 18 8
7543 14 14 4
7544 12 11 5
7545 23 23 5
7546 13 12 6
7547 20 19 5
7548 31 30 6
7549 18 18 4
7550 12 11 5
7551 25 24 4
7552 16 15 5
7553 17 17 7
7554 25 24 8
7555 26 26 6
7556 14 13 5
7557 21 21 9
7558 17 16 6
7559 16 16 4
7560 30 29 5
7561 21 21 5
7562 19 18 6
7563 18 18 6
7564 22 21 5
7565 19 18 6
7566 16 16 4
7567 12 11 5
7568 11 10 4
7569 30 29 7
7570 33 32 6
7571 28 28 6
7572 20 20 4
7573 34 33 5
7574 27 27 7
7575 25 24 4
7576 24 23 7
7577 33 33 7
7578 21 20 6
7579 14 14 4
7580 38 37 7
7581 21 20 6
7582 22 22 4
7583 26 25 5
7584 27 27 5
7585 33 32 8
7586 22 22 6
7587 30 29 7
7588 21 20 6
7589 22 22 6
7590 22 21 5
7591 25 25 7
7592 19 19 5
7593 15 14 4
7594 20 19 5
7595 19 18 4
7596 20 19 5
7597 23 23 7
7598 19 18 6
7599 24 23 7
7600 25 25 7
7601 35 35 7
7602 17 17 5
7603 9 8 4
7604 20 19 5
7605 17 16 6
7606 34 34 8
7607 24 23 5
7608 23 22 6
7609 22 22 4
7610 20 19 5
7611 27 26 6
7612 30 29 7
7613 43 42 8
7614 44 44 10
7615 20 20 4
7616 24 23 7
7617 19 19 9
7618 25 24 6
7619 36 36 6
7620 14 13 5
7621 15 14 6
7622 16 16 4
7623 22 21 7
7624 31 30 8
7625 20 20 4
7626 24 23 9
7627 35 34 10
7628 22 22 4
7629 20 19 5
7630 19 19 5
7631 25 25 5
7632 33 33 11
7633 33 32 10
7634 24 24 6
7635 30 29 5
7636 29 29 7
7637 27 26 8
7638 12 12 6
7639 14 13 5
7640 21 20 6
7641 18 18 4
7642 36 35 5
7643 27 27 7
7644 33 32 6
7645 44 44 12
7646 24 24 6
7647 24 24 4
7648 30 29 5
7649 23 23 7
7650 23 23 5
7651 19 19 7
7652 15 14 4
7653 18 17 5
7654 13 12 6
7655 14 14 4
7656 22 21 5
7657 15 14 4
7658 26 25 5
7659 21 21 5
7660 13 12 6
7661 22 22 4
7662 18 17 5
7663 15 15 5
7664 19 19 5
7665 15 14 4
7666 16 15 5
7667 15 15 5
7668 9 9 5
7669 17 17 5
7670 21 20 4
7671 20 19 5
7672 17 17 5
7673 19 18 6
7674 10 10 4
7675 6 5 4
7676 14 13 5
7677 17 16 4
7678 26 25 5
7679 13 12 4
7680 10 9 5
7681 13 12 6
7682 26 25 7
7683 15 14 4
7684 18 17 5
7685 21 20 6
7686 22 22 6
7687 10 10 4
7688 12 11 5
7689 25 25 5
7690 23 22 6
7691 16 16 4
7692 14 13 5
7693 11 11 5
7694 21 20 6
7695 14 13 7
7696 15 14 6
7697 12 12 4
7698 24 23 7
7699 11 11 5
7700 15 15 5
7701 25 24 6
7702 28 28 6
7703 30 29 5
7704 15 15 5
7705 17 16 4
7706 18 17 5
7707 13 12 6
7708 24 24 4
7709 12 11 5
7710 19 19 5
7711 23 22 4
7712 16 15 5
7713 13 13 5
7714 15 14 6
7715 16 16 4
7716 16 15 5
7717 19 19 5
7718 21 20 6
7719 26 25 5
7720 23 22 6
7721 18 18 6
7722 18 17 5
7723 17 16 6
7724 20 20 4
7725 18 17 5
7726 11 10 4
7727 18 17 5
7728 21 20 6
7729 24 23 7
7730 23 22 6
7731 20 19 5
7732 17 16 4
7733 14 13 5
7734 21 21 7
7735 15 14 6
7736 28 28 4
7737 30 29 7
7738 17 16 6
7739 24 24 4
7740 14 13 5
7741 15 15 5
7742 25 25 5
7743 15 14 4
7744 24 23 5
7745 11 10 4
7746 28 27 5
7747 23 22 6
7748 24 23 5
7749 11 11 5
7750 17 17 5
7751 23 23 5
7752 13 13 5
7753 21 20 6
7754 18 17 5
7755 25 24 8
7756 14 14 6
7757 20 20 6
7758 22 22 4
7759 20 19 7
7760 25 24 8
7761 20 20 6
7762 22 21 7
7763 11 10 4
7764 18 17 5
7765 17 17 5
7766 17 17 5
7767 21 21 5
7768 9 8 4
7769 14 13 5
7770 17 17 5
7771 19 18 6
7772 16 16 6
7773 22 22 6
7774 10 10 6
7775 8 8 4
7776 14 13 5
7777 17 17 5
7778 13 13 5
7779 15 15 5
7780 11 10 6
7781 18 18 6
7782 18 18 6
7783 6 6 6
7784 13 12 6
7785 14 14 6
7786 14 14 4
7787 18 17 7
7788 11 10 6
7789 12 12 6
7790 18 18 4
7791 20 19 5
7792 13 12 6
7793 22 22 6
7794 12 11 5
7795 13 12 4
7796 12 11 5
7797 11 10 6
7798 14 14 6
7799 14 13 5
7800 9 8 4
7801 12 11 5
7802 21 21 7
7803 9 9 5
7804 13 12 6
7805 12 12 4
7806 12 11 5
7807 11 11 5
7808 11 11 5
7809 11 10 6
7810 12 11 5
7811 9 8 4
7812 10 9 5
7813 9 9 5
7814 19 18 6
7815 16 16 6
7816 18 17 5
7817 11 10 6
7818 12 12 6
7819 8 7 6
7820 10 10 4
7821 14 13 5
7822 9 9 5
7823 13 12 6
7824 12 11 5
7825 15 15 7
7826 9 8 4
7827 10 9 5
7828 13 13 5
7829 7 7 7
7830 16 16 6
7831 14 13 5
7832 21 20 4
7833 24 23 5
7834 19 18 6
7835 14 13 5
7836 19 18 6
7837 12 11 5
7838 7 6 5
7839 9 9 5
7840 11 10 6
7841 12 12 6
7842 12 11 5
7843 11 10 4
7844 12 11 5
7845 5 5 5
7846 14 13 5
7847 11 10 4
7848 16 15 7
7849 11 10 6
7850 16 16 6
7851 6 6 6
7852 9 9 5
7853 5 5 5
7854 12 11 5
7855 9 8 7
7856 11 10 4
7857 14 13 5
7858 17 16 4
7859 12 11 5
7860 17 16 8
7861 18 18 6
7862 12 11 5
7863 31 31 5
7864 9 9 5
7865 17 16 6
7866 14 13 5
7867 9 8 4
7868 14 13 5
7869 17 16 4
7870 16 15 5
7871 5 5 5
7872 18 17 5
7873 9 9 5
7874 17 16 6
7875 28 28 4
7876 26 25 5
7877 29 29 7
7878 25 24 4
7879 10 9 5
7880 15 15 5
7881 19 19 5
7882 27 27 5
7883 17 17 5
7884 15 14 4
7885 14 13 5
7886 11 11 5
7887 13 13 5
7888 13 13 5
7889 19 19 5
7890 21 21 7
7891 23 22 4
7892 22 21 7
7893 13 12 4
7894 18 17 5
7895 23 23 5
7896 23 22 6
7897 12 12 4
7898 22 21 5
7899 25 24 4
7900 32 31 5
7901 23 23 7
7902 23 22 6
7903 12 12 4
7904 20 19 5
7905 23 23 7
7906 21 21 5
7907 25 25 7
7908 23 22 6
7909 18 18 6
7910 14 14 4
7911 16 15 5
7912 13 13 5
7913 21 20 6
7914 18 17 5
7915 19 18 6
7916 20 20 8
7917 32 31 5
7918 27 27 7
7919 19 18 4
7920 16 15 5
7921 15 15 5
7922 27 26 6
7923 26 25 5
7924 23 22 4
7925 24 23 5
7926 19 18 6
7927 24 24 6
7928 22 21 5
7929 23 22 4
7930 14 13 5
7931 17 17 7
7932 21 20 6
7933 12 12 4
7934 10 9 5
7935 19 19 5
7936 27 26 6
7937 12 12 6
7938 28 28 6
7939 28 27 7
7940 15 14 6
7941 12 11 5
7942 13 12 6
7943 10 10 4
7944 14 13 5
7945 23 22 8
7946 28 28 12
7947 14 14 6
7948 24 24 6
7949 14 14 6
7950 22 22 6
7951 18 17 5
7952 21 20 8
7953 16 16 8
7954 24 24 6
7955 18 18 6
7956 22 22 6
7957 18 18 6
7958 26 26 8
7959 26 26 8
7960 14 14 6
7961 24 23 5
7962 15 15 5
7963 19 18 6
7964 26 26 10
7965 32 31 9
7966 27 26 8
7967 26 26 10
7968 14 14 4
7969 20 19 5
7970 21 20 4
7971 28 27 9
7972 19 19 7
7973 19 18 6
7974 22 21 5
7975 19 19 5
7976 27 26 8
7977 14 14 6
7978 20 19 5
7979 29 29 5
7980 33 32 6
7981 26 25 5
7982 17 17 7
7983 13 12 4
7984 12 11 5
7985 13 12 4
7986 26 25 7
7987 17 16 4
7988 20 19 7
7989 27 26 4
7990 20 19 5
7991 25 25 5
7992 19 19 7
7993 15 14 6
7994 12 12 6
7995 22 22 6
7996 10 10 4
7997 32 31 7
7998 23 22 6
7999 14 13 5
8000 17 16 6
8001 14 14 4
8002 22 21 7
8003 15 14 6
8004 24 24 8
8005 22 22 6
8006 16 15 5
8007 13 12 6
8008 18 18 6
8009 24 24 6
8010 18 17 5
8011 11 11 5
8012 19 18 6
8013 20 19 5
8014 11 11 5
8015 19 18 6
8016 14 13 5
8017 13 12 6
8018 18 18 6
8019 16 16 6
8020 8 8 4
8021 18 17 5
8022 17 17 5
8023 5 5 5
8024 20 19 5
8025 13 13 5
8026 11 10 6
8027 12 12 4
8028 28 27 7
8029 21 20 4
8030 18 17 5
8031 17 17 5
8032 9 8 4
8033 20 19 7
8034 17 16 4
8035 20 19 5
8036 11 10 4
8037 16 15 5
8038 19 18 6
8039 16 16 4
8040 24 23 5
8041 29 29 5
8042 21 21 5
8043 19 19 5
8044 23 22 8
8045 24 24 6
8046 26 26 8
8047 12 11 5
8048 17 16 4
8049 20 19 5
8050 29 28 8
8051 22 22 4
8052 20 19 7
8053 23 23 5
8054 21 21 5
8055 15 14 6
8056 26 26 6
8057 38 38 8
8058 10 10 4
8059 22 21 5
8060 19 19 7
8061 25 24 6
8062 20 20 6
8063 14 13 5
8064 19 18 6
8065 22 22 8
8066 28 28 4
8067 20 19 5
8068 17 17 7
8069 29 28 8
8070 30 30 10
8071 22 22 4
8072 30 29 9
8073 21 21 5
8074 17 16 6
8075 18 18 6
8076 16 16 4
8077 20 19 5
8078 15 15 5
8079 21 21 7
8080 17 16 6
8081 16 16 6
8082 10 10 4
8083 16 15 7
8084 13 12 4
8085 20 19 5
8086 17 17 7
8087 11 10 4
8088 16 15 5
8089 19 19 5
8090 11 10 4
8091 14 13 7
8092 15 14 4
8093 16 15 5
8094 13 13 5
8095 15 14 6
8096 10 10 6
8097 20 19 5
8098 9 8 4
8099 22 21 5
8100 13 13 5
8101 11 10 6
8102 10 9 5
8103 21 20 8
8104 10 10 6
8105 10 10 4
8106 10 9 5
8107 7 6 5
8108 15 14 6
8109 14 14 6
8110 16 15 7
8111 15 14 6
8112 8 8 4
8113 10 9 5
8114 11 10 6
8115 20 19 7
8116 19 18 4
8117 18 17 5
8118 13 12 4
8119 22 21 7
8120 19 18 4
8121 16 15 5
8122 17 17 5
8123 5 5 5
8124 12 11 5
8125 11 11 5
8126 15 15 5
8127 15 15 5
8128 17 17 5
8129 9 8 4
8130 24 23 9
8131 11 10 6
8132 8 8 4
8133 12 11 5
8134 19 18 6
8135 10 9 5
8136 17 16 6
8137 8 8 4
8138 12 11 7
8139 21 20 6
8140 8 8 4
8141 24 23 7
8142 17 16 6
8143 22 21 5
8144 11 10 4
8145 14 13 5
8146 9 8 4
8147 16 15 5
8148 13 13 5
8149 7 6 5
8150 9 8 4
8151 12 11 7
8152 15 14 6
8153 16 16 6
8154 20 19 5
8155 19 19 5
8156 11 11 5
8157 15 14 6
8158 12 12 4
8159 14 13 7
8160 5 5 5
8161 14 13 5
8162 13 12 4
8163 20 19 5
8164 21 20 6
8165 14 13 5
8166 17 16 4
8167 10 9 5
8168 11 11 5
8169 11 10 6
8170 12 12 6
8171 6 5 4
8172 10 9 5
8173 15 15 5
8174 19 18 6
8175 28 28 6
8176 16 16 4
8177 10 9 5
8178 17 16 6
8179 12 11 5
8180 21 21 5
8181 13 12 4
8182 26 25 7
8183 17 17 7
8184 13 12 4
8185 14 13 5
8186 15 14 6
8187 14 14 4
8188 16 15 5
8189 19 18 6
8190 24 24 4
8191 26 25 5
8192 27 26 6
8193 14 13 5
8194 23 22 6
8195 30 30 6
8196 32 31 7
8197 23 22 6
8198 34 34 8
8199 30 30 8
8200 30 29 5
8201 25 25 7
8202 19 19 5
8203 29 29 11
8204 25 24 6
8205 40 39 5
8206 47 47 11
8207 35 34 10
8208 36 35 9
8209 33 33 9
8210 33 32 12
8211 38 38 10
8212 42 41 9
8213 33 33 7
8214 37 36 8
8215 48 48 12
8216 30 30 10
8217 30 29 7
8218 23 23 7
8219 33 33 5
8220 27 27 7
8221 33 32 6
8222 34 34 6
8223 34 33 7
8224 43 42 12
8225 30 30 8
8226 34 34 6
8227 54 53 13
8228 15 15 5
8229 23 22 4
8230 32 31 9
8231 31 31 9
8232 39 38 10
8233 30 30 6
8234 28 27 7
8235 23 23 5
8236 27 26 8
8237 42 41 5
8238 25 24 6
8239 28 27 7
8240 15 14 4
8241 42 41 9
8242 17 16 4
8243 34 33 7
8244 41 40 6
8245 24 23 5
8246 23 23 9
8247 33 32 14
8248 38 38 8
8249 28 28 6
8250 36 36 12
8251 42 41 13
8252 21 20 6
8253 44 44 10
8254 26 26 6
8255 30 30 6
8256 30 29 7
8257 27 26 6
8258 26 26 4
8259 28 27 7
8260 21 20 6
8261 50 49 9
8262 29 29 5
8263 23 23 7
8264 25 24 6
8265 40 39 9
8266 25 24 6
8267 36 35 9
8268 31 30 8
8269 24 23 5
8270 17 16 4
8271 26 25 7
8272 23 22 8
8273 26 26 4
8274 24 23 7
8275 19 19 5
8276 19 18 4
8277 24 23 7
8278 33 32 6
8279 14 14 6
8280 30 29 7
8281 25 24 6
8282 30 30 8
8283 24 23 5
8284 31 30 10
8285 14 14 4
8286 24 23 5
8287 13 12 6
8288 26 26 4
8289 18 17 5
8290 13 12 4
8291 32 31 9
8292 17 16 6
8293 22 22 8
8294 22 22 6
8295 20 19 5
8296 19 19 5
8297 19 19 5
8298 21 20 6
8299 24 24 6
8300 20 20 6
8301 20 20 6
8302 8 8 4
8303 18 17 5
8304 19 19 5
8305 17 16 6
8306 10 10 4
8307 18 17 5
8308 13 13 5
8309 11 10 6
8310 16 15 5
8311 23 22 6
8312 12 12 4
8313 14 13 5
8314 13 12 6
8315 16 16 6
8316 16 16 6
8317 20 19 5
8318 19 18 6
8319 18 18 6
8320 18 17 5
8321 21 21 7
8322 15 14 6
8323 22 22 4
8324 18 17 7
8325 17 16 6
8326 16 16 4
8327 16 15 5
8328 19 18 6
8329 10 10 4
8330 12 11 5
8331 13 12 6
8332 12 11 5
8333 23 22 8
8334 10 10 4
8335 18 17 5
8336 17 17 5
8337 21 21 7
8338 19 18 4
8339 24 23 5
8340 19 18 4
8341 14 13 5
8342 17 16 6
8343 14 14 6
8344 10 10 4
8345 26 25 7
8346 5 5 5
8347 18 17 5
8348 13 12 6
8349 10 10 6
8350 12 11 5
8351 25 25 5
8352 31 31 5
8353 35 34 6
8354 20 20 4
8355 18 17 7
8356 23 22 6
8357 8 8 4
8358 18 17 5
8359 17 16 4
8360 24 23 5
8361 17 16 4
8362 24 23 7
8363 21 20 6
8364 26 26 6
8365 16 15 5
8366 25 25 5
8367 23 22 6
8368 26 26 6
8369 16 15 5
8370 29 29 5
8371 37 36 8
8372 38 37 5
8373 35 35 5
8374 19 19 5
8375 17 17 5
8376 29 28 8
8377 28 28 6
8378 20 19 5
8379 29 28 6
8380 18 18 4
8381 20 19 5
8382 15 14 4
8383 28 27 5
8384 27 27 5
8385 31 31 5
8386 21 20 6
8387 24 24 10
8388 14 14 6
8389 18 18 4
8390 14 13 5
8391 25 25 5
8392 31 31 5
8393 25 25 5
8394 15 14 6
8395 30 30 8
8396 20 20 8
8397 16 16 8
8398 20 20 6
8399 18 17 5
8400 21 21 7
8401 27 26 10
8402 16 16 6
8403 22 21 7
8404 15 14 4
8405 26 25 9
8406 19 18 6
8407 18 18 6
8408 20 19 7
8409 19 18 6
8410 10 10 6
8411 24 24 8
8412 14 14 4
8413 18 17 5
8414 25 25 7
8415 9 9 5
8416 25 24 6
8417 12 11 5
8418 21 20 6
8419 14 14 4
8420 16 15 7
8421 11 10 4
8422 6 5 4
8423 18 17 5
8424 11 10 4
8425 20 19 5
8426 11 11 5
8427 13 12 4
8428 12 11 5
8429 15 15 5
8430 11 11 5
8431 17 16 6
8432 12 12 4
8433 10 9 5
8434 19 19 7
8435 11 10 4
8436 14 13 5
8437 13 12 6
8438 20 20 6
8439 10 10 6
8440 14 14 4
8441 12 11 5
8442 17 16 6
8443 12 12 6
8444 26 26 6
8445 6 6 6
8446 17 16 6
8447 18 17 5
8448 11 11 5
8449 9 8 4
8450 14 13 5
8451 11 10 4
8452 12 11 5
8453 11 11 5
8454 7 6 5
8455 15 14 6
8456 12 12 4
8457 12 11 5
8458 9 9 5
8459 9 8 4
8460 16 15 5
8461 19 18 6
8462 10 9 5
8463 11 10 4
8464 8 7 6
8465 8 8 4
8466 12 11 5
8467 15 14 8
8468 14 14 4
8469 20 19 5
8470 23 22 6
8471 24 23 5
8472 11 10 4
8473 12 11 5
8474 17 16 6
8475 12 12 6
8476 12 12 4
8477 18 17 7
8478 15 14 4
8479 14 13 5
8480 9 9 5
8481 15 14 6
8482 14 13 5
8483 11 11 5
8484 11 11 5
8485 9 9 5
8486 11 10 4
8487 8 7 6
8488 12 12 6
8489 12 11 5
8490 15 15 5
8491 11 11 5
8492 23 22 6
8493 14 13 5
8494 13 13 5
8495 9 8 7
8496 13 13 5
8497 13 12 4
8498 22 21 9
8499 13 12 6
8500 12 12 6
8501 12 11 5
8502 11 10 4
8503 12 11 5
8504 17 16 6
8505 12 12 4
8506 22 21 5
8507 13 12 6
8508 10 10 4
8509 20 19 5
8510 13 12 4
8511 24 23 7
8512 15 14 6
8513 14 13 5
8514 15 14 6
8515 24 24 6
8516 20 19 5
8517 27 26 6
8518 12 12 4
8519 10 9 5
8520 15 14 4
8521 14 13 5
8522 13 13 5
8523 21 20 6
8524 8 8 4
8525 10 9 5
8526 13 12 4
8527 16 15 7
8528 15 14 6
8529 20 20 6
8530 26 26 6
8531 16 16 6
8532 10 9 5
8533 9 9 5
8534 27 26 6
8535 22 22 4
8536 24 23 5
8537 17 17 5
8538 31 31 7
8539 15 14 4
8540 14 13 5
8541 25 25 7
8542 37 36 6
8543 16 16 4
8544 14 13 5
8545 21 20 6
8546 18 18 4
8547 24 23 7
8548 17 16 6
8549 20 20 6
8550 22 22 6
8551 24 23 5
8552 19 19 5
8553 25 24 6
8554 24 23 5
8555 33 33 7
8556 17 17 5
8557 15 15 5
8558 17 16 4
8559 24 23 7
8560 19 19 5
8561 29 28 6
8562 20 20 6
8563 18 17 5
8564 21 20 6
8565 22 21 5
8566 29 28 6
8567 18 17 7
8568 17 16 4
8569 18 17 5
8570 21 21 7
8571 25 24 6
8572 28 27 9
8573 23 22 4
8574 24 23 5
8575 17 17 5
8576 31 31 7
8577 17 17 5
8578 19 19 5
8579 57 57 11
8580 31 30 6
8581 22 22 6
8582 30 29 7
8583 25 24 6
8584 32 32 8
8585 22 21 7
8586 39 39 9
8587 13 12 4
8588 42 41 7
8589 27 26 4
8590 42 41 7
8591 53 53 9
8592 27 26 6
8593 34 34 10
8594 30 30 8
8595 22 22 6
8596 34 34 6
8597 28 27 9
8598 23 22 8
8599 26 26 6
8600 18 18 6
8601 22 22 6
8602 26 25 9
8603 25 24 6
8604 22 21 5
8605 27 26 6
8606 28 27 9
8607 25 24 8
8608 18 18 6
8609 38 38 10
8610 16 15 5
8611 21 21 7
8612 19 19 5
8613 31 31 9
8614 39 39 11
8615 25 24 8
8616 20 19 5
8617 23 23 5
8618 25 25 5
8619 27 26 8
8620 18 17 9
8621 17 17 5
8622 31 31 7
8623 19 18 4
8624 40 39 13
8625 25 24 6
8626 32 32 10
8627 24 23 9
8628 31 30 12
8629 26 25 7
8630 15 15 5
8631 17 17 5
8632 25 24 10
8633 52 51 11
8634 41 40 8
8635 36 36 12
8636 38 37 15
8637 37 36 8
8638 36 35 11
8639 23 23 9
8640 19 18 6
8641 28 27 9
8642 31 30 8
8643 38 37 13
8644 17 16 4
8645 20 19 7
8646 29 28 6
8647 24 23 11
8648 27 26 4
8649 16 15 5
8650 25 25 5
8651 33 32 8
8652 18 18 4
8653 22 21 5
8654 31 31 11
8655 33 33 9
8656 23 23 11
8657 19 18 6
8658 18 18 6
8659 30 30 10
8660 36 35 9
8661 21 20 6
8662 30 30 6
8663 18 17 7
8664 17 17 5
8665 25 25 5
8666 25 24 6
8667 26 26 4
8668 32 31 9
8669 17 16 4
8670 18 17 5
8671 21 20 6
8672 18 18 6
8673 30 30 10
8674 20 19 9
8675 19 18 4
8676 34 33 9
8677 17 16 6
8678 24 24 6
8679 14 14 6
8680 18 18 8
8681 14 14 6
8682 22 22 6
8683 20 20 6
8684 24 24 6
8685 20 20 4
8686 22 21 5
8687 27 26 6
8688 16 15 5
8689 15 14 4
8690 18 17 5
8691 15 15 5
8692 19 18 6
8693 18 17 5
8694 17 16 4
8695 32 31 5
8696 23 22 6
8697 24 24 6
8698 16 16 4
8699 18 17 5
8700 21 20 6
8701 22 22 8
8702 16 16 4
8703 18 17 5
8704 17 16 4
8705 24 23 5
8706 21 21 7
8707 23 22 6
8708 20 20 4
8709 22 21 5
8710 25 25 5
8711 17 16 6
8712 18 18 6
8713 34 34 6
8714 20 19 5
8715 19 18 6
8716 20 20 6
8717 22 21 5
8718 17 16 6
8719 16 16 6
8720 20 20 4
8721 22 21 7
8722 13 12 4
8723 32 31 7
8724 19 18 4
8725 22 21 5
8726 31 31 7
8727 15 15 5
8728 19 19 7
8729 15 14 4
8730 16 15 5
8731 33 32 8
8732 8 7 6
8733 12 12 4
8734 22 21 5
8735 19 18 6
8736 16 16 6
8737 20 19 5
8738 21 21 5
8739 31 31 7
8740 15 14 4
8741 20 19 5
8742 17 16 6
8743 10 10 6
8744 16 16 4
8745 20 19 5
8746 9 9 5
8747 17 16 6
8748 20 19 5
8749 19 18 4
8750 14 13 7
8751 25 25 5
8752 19 19 5
8753 13 13 5
8754 15 14 4
8755 24 23 5
8756 17 17 5
8757 19 18 8
8758 14 14 4
8759 16 15 5
8760 21 20 8
8761 16 16 6
8762 16 16 6
8763 14 14 6
8764 16 15 5
8765 17 16 4
8766 12 11 5
8767 11 10 4
8768 24 23 7
8769 13 13 5
8770 13 12 4
8771 12 11 5
8772 15 15 5
8773 17 17 7
8774 19 18 4
8775 18 17 5
8776 13 13 5
8777 13 12 4
8778 16 15 7
8779 11 10 6
8780 16 16 6
8781 24 24 6
8782 10 10 6
8783 10 10 4
8784 30 29 7
8785 23 23 5
8786 15 14 6
8787 10 9 5
8788 19 19 5
8789 25 25 9
8790 15 14 4
8791 22 21 5
8792 17 16 4
8793 14 13 5
8794 13 13 5
8795 9 9 5
8796 21 20 6
8797 16 16 6
8798 14 14 4
8799 12 11 5
8800 9 8 4
8801 12 11 5
8802 9 9 5
8803 19 19 5
8804 17 16 4
8805 18 17 7
8806 15 14 6
8807 24 24 4
8808 18 17 7
8809 13 13 5
8810 15 15 5
8811 21 21 5
8812 13 12 4
8813 12 11 5
8814 17 16 6
8815 10 10 6
8816 10 10 4
8817 12 11 5
8818 11 10 6
8819 14 13 5
8820 17 16 6
8821 14 14 4
8822 14 13 5
8823 11 10 4
8824 12 11 5
8825 13 12 4
8826 16 15 7
8827 13 13 5
8828 7 6 5
8829 17 16 6
8830 18 18 4
8831 16 15 5
8832 15 15 5
8833 11 11 5
8834 11 10 4
8835 28 27 5
8836 11 11 5
8837 15 14 4
8838 14 13 5
8839 11 11 5
8840 9 9 5
8841 21 20 4
8842 18 17 7
8843 11 10 4
8844 12 11 5
8845 35 34 8
8846 14 14 4
8847 12 11 5
8848 25 24 6
8849 12 12 4
8850 22 21 9
8851 9 8 4
8852 16 15 5
8853 13 13 5
8854 15 14 4
8855 16 15 7
8856 7 6 5
8857 15 14 4
8858 10 9 5
8859 29 29 7
8860 11 10 4
8861 14 13 5
8862 23 22 6
8863 20 20 6
8864 14 14 6
8865 22 21 5
8866 31 31 7
8867 33 33 5
8868 35 34 4
8869 22 21 7
8870 23 22 4
8871 20 19 5
8872 31 31 7
8873 37 36 8
8874 20 20 4
8875 26 25 5
8876 33 32 8
8877 36 36 6
8878 18 18 6
8879 28 27 7
8880 21 21 5
8881 29 28 8
8882 36 36 6
8883 16 16 4
8884 18 17 7
8885 27 26 6
8886 36 35 9
8887 21 20 6
8888 36 35 5
8889 27 27 7
8890 25 24 6
8891 38 38 6
8892 22 22 6
8893 26 26 4
8894 38 37 7
8895 11 10 4
8896 22 21 5
8897 25 25 5
8898 31 31 7
8899 39 38 6
8900 32 31 9
8901 23 22 4
8902 18 17 5
8903 33 33 7
8904 31 30 6
8905 18 18 4
8906 24 23 5
8907 47 46 8
8908 24 24 6
8909 36 35 7
8910 19 19 5
8911 19 18 6
8912 38 37 11
8913 23 23 7
8914 27 26 6
8915 38 37 13
8916 25 25 5
8917 29 29 5
8918 17 17 5
8919 29 28 8
8920 34 33 7
8921 21 20 8
8922 42 42 10
8923 26 26 4
8924 42 41 7
8925 25 25 5
8926 35 35 9
8927 29 29 7
8928 39 38 10
8929 36 36 8
8930 32 31 7
8931 19 19 5
8932 35 34 6
8933 30 30 8
8934 42 42 6
8935 20 20 4
8936 32 31 7
8937 37 36 6
8938 22 21 5
8939 31 31 5
8940 29 29 7
8941 33 33 7
8942 29 28 6
8943 14 13 5
8944 23 22 4
8945 30 29 9
8946 25 24 4
8947 20 19 5
8948 35 34 8
8949 30 30 6
8950 30 29 5
8951 25 25 5
8952 17 17 5
8953 19 19 5
8954 29 29 5
8955 29 28 6
8956 14 13 5
8957 23 22 6
8958 18 18 4
8959 32 31 5
8960 25 24 8
8961 18 18 4
8962 28 27 7
8963 21 20 6
8964 20 19 5
8965 19 19 5
8966 23 22 6
8967 18 18 6
8968 16 16 4
8969 14 13 5
8970 17 17 5
8971 21 21 7
8972 19 18 4
8973 28 27 5
8974 13 13 5
8975 23 22 6
8976 16 15 5
8977 17 16 4
8978 12 11 5
8979 15 15 5
8980 15 14 6
8981 12 12 4
8982 18 17 5
8983 9 9 5
8984 11 10 6
8985 12 11 5
8986 17 16 4
8987 16 15 5
8988 11 10 4
8989 24 23 7
8990 11 10 4
8991 28 27 5
8992 21 21 5
8993 21 21 5
8994 27 26 6
8995 12 12 4
8996 26 25 5
8997 13 12 6
8998 22 22 4
8999 18 17 5
9000 15 15 5
9001 13 12 4
9002 14 13 5
9003 15 15 5
9004 5 5 5
9005 10 9 5
9006 13 12 4
9007 18 17 5
9008 17 16 6
9009 14 14 6
9010 14 14 4
9011 16 15 5
9012 17 17 5
9013 13 13 5
9014 17 17 5
9015 15 14 6
9016 32 32 10
9017 12 12 4
9018 12 11 5
9019 17 16 4
9020 12 11 7
9021 9 8 4
9022 14 13 5
9023 13 12 6
9024 10 10 4
9025 12 11 5
9026 11 11 5
9027 11 10 6
9028 14 13 7
9029 13 12 4
9030 16 15 5
9031 13 12 4
9032 20 19 7
9033 13 13 5
9034 15 14 6
9035 12 12 4
9036 12 11 5
9037 13 13 7
9038 13 13 5
9039 17 16 4
9040 20 19 7
9041 19 18 6
9042 14 14 6
9043 14 14 6
9044 6 5 4
9045 16 15 5
9046 11 11 5
9047 13 13 5
9048 9 9 5
9049 9 9 5
9050 11 10 6
9051 10 10 4
9052 18 17 7
9053 23 22 8
9054 12 12 4
9055 16 15 5
9056 13 13 7
9057 17 17 5
9058 11 10 4
9059 12 11 5
9060 9 8 4
9061 14 13 7
9062 9 8 4
9063 18 17 5
9064 11 11 5
9065 11 11 5
9066 17 16 6
9067 20 20 6
9068 8 8 4
9069 6 5 4
9070 14 13 7
9071 11 10 4
9072 16 15 5
9073 17 17 5
9074 11 11 5
9075 21 21 9
9076 13 12 4
9077 14 13 5
9078 13 12 6
9079 12 12 6
9080 14 13 5
9081 9 9 5
9082 7 6 5
9083 11 11 5
9084 11 10 4
9085 12 11 5
9086 13 13 5
9087 13 13 5
9088 9 9 5
9089 25 25 7
9090 15 14 4
9091 18 17 5
9092 17 17 5
9093 15 15 5
9094 17 16 6
9095 14 14 6
9096 18 17 5
9097 15 15 5
9098 11 11 5
9099 11 10 6
9100 14 14 4
9101 20 19 5
9102 17 16 4
9103 12 11 5
9104 11 10 6
9105 18 17 5
9106 15 14 6
9107 10 10 4
9108 14 13 5
9109 15 14 6
9110 8 8 4
9111 10 9 5
9112 13 13 5
9113 9 8 4
9114 18 17 7
9115 15 14 6
9116 14 13 5
9117 13 13 5
9118 11 10 4
9119 14 13 5
9120 11 10 6
9121 12 12 4
9122 16 15 5
9123 13 13 7
9124 13 12 6
9125 8 8 4
9126 10 9 5
9127 11 10 4
9128 22 21 5
9129 19 18 6
9130 16 16 6
9131 18 18 6
9132 8 8 4
9133 20 19 5
9134 13 12 4
9135 16 15 5
9136 11 11 5
9137 11 10 6
9138 8 8 4
9139 10 9 5
9140 9 9 5
9141 11 11 7
9142 5 5 5
9143 14 13 5
9144 19 18 6
9145 16 16 4
9146 18 17 7
9147 17 16 4
9148 14 13 5
9149 7 7 7
9150 16 15 5
9151 11 10 6
9152 12 12 6
9153 10 10 4
9154 18 17 5
9155 9 9 5
9156 9 9 5
9157 15 14 4
9158 10 9 5
9159 5 5 5
9160 10 9 8
9161 12 12 4
9162 18 17 5
9163 11 11 5
9164 17 16 6
9165 16 16 6
9166 16 16 4
9167 14 13 5
9168 15 15 5
9169 13 13 5
9170 23 23 5
9171 13 12 4
9172 22 21 7
9173 21 20 4
9174 20 19 5
9175 37 36 6
9176 14 13 5
9177 15 14 6
9178 18 18 4
9179 16 15 5
9180 17 17 5
9181 27 27 9
9182 11 10 4
9183 14 13 5
9184 17 16 4
9185 18 17 7
9186 15 14 4
9187 16 15 5
9188 19 18 6
9189 20 19 5
9190 31 30 6
9191 26 25 5
9192 25 25 5
9193 33 33 5
9194 39 38 6
9195 38 38 8
9196 38 38 6
9197 32 32 6
9198 26 25 5
9199 37 36 6
9200 24 24 6
9201 38 37 9
9202 25 24 6
9203 28 28 6
9204 20 20 6
9205 26 26 6
9206 24 23 5
9207 31 31 5
9208 27 27 5
9209 17 16 6
9210 30 30 4
9211 26 25 7
9212 19 18 4
9213 24 23 5
9214 25 24 8
9215 32 31 9
9216 25 25 5
9217 21 21 5
9218 13 12 6
9219 28 28 8
9220 18 17 5
9221 15 15 5
9222 21 20 4
9223 24 23 5
9224 25 25 7
9225 13 12 6
9226 18 18 6
9227 18 17 5
9228 17 16 6
9229 22 22 6
9230 12 12 4
9231 16 15 5
9232 21 21 7
9233 19 18 6
9234 14 14 6
9235 20 20 6
9236 16 16 4
9237 16 15 5
9238 15 15 5
9239 15 14 4
9240 14 13 5
9241 15 15 5
9242 15 15 7
9243 15 14 6
9244 22 22 4
9245 14 13 5
9246 11 10 6
9247 14 14 6
9248 12 12 6
9249 24 24 6
9250 24 23 7
9251 15 15 5
9252 11 10 4
9253 22 21 5
9254 13 13 5
9255 9 9 5
9256 19 18 6
9257 16 15 5
9258 17 16 4
9259 14 13 5
9260 19 19 5
9261 13 12 6
9262 14 14 4
9263 24 23 5
9264 25 24 6
9265 16 16 4
9266 24 23 5
9267 31 31 5
9268 21 20 6
9269 30 30 8
9270 28 28 4
9271 20 19 5
9272 29 28 6
9273 28 27 7
9274 27 27 7
9275 21 21 7
9276 29 28 6
9277 20 19 5
9278 33 32 6
9279 18 17 5
9280 29 28 6
9281 20 19 5
9282 21 21 5
9283 31 31 9
9284 19 18 6
9285 22 22 6
9286 24 24 4
9287 18 17 5
9288 19 18 4
9289 40 39 5
9290 25 25 5
9291 21 21 5
9292 23 22 8
9293 18 18 4
9294 20 19 5
9295 15 14 6
9296 24 24 8
9297 20 20 6
9298 28 28 6
9299 20 20 6
9300 36 36 8
9301 26 25 5
9302 11 10 4
9303 24 23 5
9304 27 27 5
9305 25 25 7
9306 31 30 8
9307 20 19 5
9308 19 18 6
9309 12 12 4
9310 20 19 5
9311 13 13 5
9312 17 17 5
9313 21 20 4
9314 20 19 7
9315 11 10 6
9316 12 12 4
9317 26 25 7
9318 19 18 4
9319 18 17 5
9320 17 16 6
9321 20 20 4
9322 16 15 5
9323 15 15 5
9324 17 17 5
9325 15 15 5
9326 23 22 6
9327 14 14 4
9328 26 25 7
9329 21 20 4
9330 20 19 5
9331 11 11 5
9332 23 23 5
9333 17 17 5
9334 21 20 4
9335 26 25 5
9336 23 22 8
9337 12 12 4
9338 30 29 7
9339 15 15 5
9340 21 20 6
9341 20 20 6
9342 16 16 6
9343 16 16 6
9344 8 8 4
9345 12 11 5
9346 21 20 6
9347 24 24 6
9348 20 19 5
9349 15 14 6
9350 20 20 6
9351 16 16 6
9352 16 16 6
9353 14 13 7
9354 19 18 6
9355 18 17 7
9356 15 14 6
9357 10 10 4
9358 10 9 5
9359 11 10 6
9360 28 27 5
9361 15 15 7
9362 15 14 4
9363 12 11 5
9364 15 14 4
9365 16 15 5
9366 17 17 5
9367 21 20 6
9368 14 13 5
9369 17 17 5
9370 15 14 4
9371 20 19 7
9372 15 14 6
9373 18 17 5
9374 17 16 6
9375 12 12 6
9376 12 12 4
9377 12 11 5
9378 25 24 6
9379 10 10 4
9380 10 9 5
9381 11 11 5
9382 11 10 6
9383 20 20 8
9384 20 20 6
9385 16 16 4
9386 6 5 4
9387 10 9 5
9388 13 12 6
9389 14 14 6
9390 10 10 4
9391 10 9 5
9392 17 16 6
9393 20 19 5
9394 17 16 6
9395 16 15 5
9396 17 16 6
9397 14 13 5
9398 7 7 7
9399 14 14 4
9400 6 5 4
9401 14 13 7
9402 13 12 4
9403 14 13 5
9404 9 9 5
9405 11 10 6
9406 16 16 6
9407 16 16 6
9408 10 10 6
9409 8 8 4
9410 8 7 6
9411 10 10 4
9412 10 9 5
9413 5 5 5
9414 16 15 5
9415 11 10 6
9416 10 10 4
9417 16 15 7
9418 19 18 4
9419 16 15 5
9420 15 15 5
9421 11 11 5
9422 13 12 6
9423 14 13 5
9424 21 21 5
9425 11 10 6
9426 14 14 6
9427 24 24 6
9428 18 17 7
9429 15 14 6
9430 20 20 6
9431 14 14 6
9432 18 18 6
9433 10 9 5
9434 15 14 6
9435 14 14 4
9436 16 15 5
9437 13 13 5
9438 13 12 8
9439 10 10 4
9440 16 15 7
9441 13 12 6
9442 10 10 6
9443 6 6 6
9444 7 6 5
9445 21 21 5
9446 11 10 4
9447 12 11 5
9448 21 20 6
9449 14 14 4
9450 10 9 5
9451 19 18 6
9452 18 18 4
9453 10 9 5
9454 7 6 5
9455 9 8 4
9456 18 17 5
9457 15 15 5
9458 11 10 4
9459 10 9 5
9460 17 16 6
9461 12 12 6
9462 12 12 6
9463 20 19 5
9464 19 18 6
9465 18 17 5
9466 15 14 6
9467 12 12 4
9468 10 9 5
9469 15 14 4
9470 12 11 5
9471 11 11 5
9472 7 6 5
9473 15 14 6
9474 14 14 4
9475 20 19 5
9476 11 11 5
9477 13 12 4
9478 10 9 5
9479 15 14 6
9480 14 14 4
9481 22 21 5
9482 17 16 4
9483 18 17 5
9484 13 13 5
9485 13 13 5
9486 19 19 5
9487 17 16 6
9488 12 11 5
9489 5 5 5
9490 12 11 5
9491 17 16 6
9492 20 20 6
9493 10 10 6
9494 16 16 4
9495 14 13 5
9496 17 16 6
9497 10 9 5
9498 25 24 4
9499 20 19 5
9500 15 14 6
9501 14 14 6
9502 14 14 6
9503 20 19 5
9504 13 13 5
9505 19 19 5
9506 25 24 4
9507 22 21 7
9508 29 28 4
9509 32 31 5
9510 9 9 5
9511 15 15 5
9512 17 16 4
9513 22 21 7
9514 11 10 4
9515 20 19 5
9516 11 10 6
9517 18 18 6
9518 10 9 5
9519 27 26 6
9520 20 20 4
9521 16 15 5
9522 25 25 7
9523 11 10 4
9524 20 19 5
9525 15 14 6
9526 18 18 6
9527 20 19 5
9528 19 19 5
9529 19 19 5
9530 11 11 5
9531 15 14 4
9532 16 15 5
9533 17 16 4
9534 14 13 5
9535 11 11 5
9536 13 12 6
9537 20 20 4
9538 18 17 5
9539 21 21 5
9540 27 27 5
9541 23 23 5
9542 31 31 5
9543 27 26 6
9544 30 29 7
9545 21 20 4
9546 18 17 5
9547 25 24 6
9548 36 36 6
9549 18 17 5
9550 19 18 6
9551 24 24 6
9552 12 12 4
9553 28 27 7
9554 29 28 6
9555 30 30 6
9556 34 34 10
9557 22 21 5
9558 27 27 5
9559 33 33 5
9560 19 19 7
9561 17 17 5
9562 21 21 7
9563 23 22 6
9564 14 13 5
9565 15 14 4
9566 20 19 5
9567 31 30 8
9568 22 22 6
9569 20 19 5
9570 19 19 7
9571 9 8 4
9572 20 19 5
9573 15 14 6
9574 26 26 4
9575 14 13 5
9576 31 30 10
9577 32 31 11
9578 25 24 6
9579 20 19 5
9580 21 21 5
9581 23 22 6
9582 22 21 5
9583 17 16 4
9584 24 23 5
9585 25 25 7
9586 33 33 7
9587 25 24 8
9588 24 23 5
9589 23 23 7
9590 17 16 4
9591 20 19 5
9592 17 16 4
9593 24 23 7
9594 25 24 6
9595 28 27 5
9596 33 32 8
9597 34 34 6
9598 24 24 6
9599 24 24 4
9600 28 27 7
9601 17 16 6
9602 22 22 6
9603 20 20 6
9604 16 16 4
9605 26 25 7
9606 19 18 6
9607 20 20 6
9608 30 30 6
9609 20 20 4
9610 22 21 5
9611 9 8 4
9612 12 11 5
9613 23 22 6
9614 18 17 5
9615 17 17 5
9616 15 14 6
9617 22 21 5
9618 27 27 7
9619 23 22 6
9620 14 14 4
9621 12 11 5
9622 11 11 5
9623 17 16 4
9624 20 19 7
9625 9 8 4
9626 10 9 5
9627 11 10 6
9628 12 12 6
9629 16 16 4
9630 20 19 5
9631 15 15 5
9632 17 16 8
9633 14 14 6
9634 16 16 8
9635 22 22 6
9636 18 17 7
9637 17 16 6
9638 12 12 4
9639 18 17 5
9640 9 9 5
9641 17 16 6
9642 10 10 6
9643 10 10 4
9644 18 17 5
9645 17 16 4
9646 12 11 5
9647 13 12 6
9648 30 29 5
9649 21 21 5
9650 23 22 4
9651 20 19 5
9652 21 20 6
9653 32 32 6
9654 14 14 4
9655 32 31 5
9656 19 19 7
9657 37 36 8
9658 18 17 5
9659 27 27 5
9660 23 22 6
9661 22 21 7
9662 27 26 6
9663 30 30 8
9664 24 24 10
9665 24 24 4
9666 26 25 7
9667 19 18 6
9668 16 15 5
9669 17 16 6
9670 24 24 10
9671 20 19 5
9672 21 21 5
9673 17 17 5
9674 11 10 4
9675 22 21 5
9676 19 19 5
9677 15 15 5
9678 23 22 6
9679 16 16 4
9680 18 17 7
9681 15 14 4
9682 34 33 7
9683 21 21 9
9684 15 14 6
9685 18 17 5
9686 9 9 5
9687 21 20 6
9688 16 15 7
9689 23 22 4
9690 22 21 5
9691 29 29 5
9692 15 15 5
9693 19 19 5
9694 25 24 6
9695 30 30 4
9696 20 19 5
9697 17 17 5
9698 17 16 4
9699 22 21 5
9700 27 26 6
9701 26 25 7
9702 23 23 7
9703 19 18 6
9704 12 11 5
9705 25 25 11
9706 19 18 6
9707 14 13 5
9708 13 12 6
9709 6 5 4
9710 12 11 5
9711 15 15 5
9712 11 11 5
9713 25 24 8
9714 6 6 6
9715 7 6 5
9716 15 14 6
9717 20 19 5
9718 25 24 6
9719 18 17 5
9720 19 18 6
9721 14 14 4
9722 14 13 5
9723 13 12 6
9724 10 10 4
9725 6 5 4
9726 10 9 5
9727 11 11 5
9728 13 13 5
9729 7 7 7
9730 10 9 5
9731 11 10 4
9732 12 11 5
9733 7 7 7
9734 10 10 4
9735 14 13 7
9736 9 8 4
9737 14 13 7
9738 9 9 5
9739 7 6 5
9740 13 12 4
9741 16 15 7
9742 21 20 6
9743 12 12 4
9744 12 11 5
9745 11 11 5
9746 11 11 5
9747 15 15 5
9748 13 13 5
9749 13 12 4
9750 14 13 5
9751 7 6 5
9752 7 6 5
9753 21 21 7
9754 7 6 5
9755 13 13 5
9756 13 12 4
9757 18 17 5
9758 13 12 4
9759 8 7 6
9760 10 10 4
9761 10 9 5
9762 7 6 5
9763 13 12 6
9764 16 15 5
9765 19 19 7
9766 15 14 4
9767 10 9 5
9768 7 6 5
9769 11 11 5
9770 21 21 7
9771 15 14 4
9772 14 13 5
9773 13 12 6
9774 12 12 6
9775 6 6 6
9776 9 9 5
9777 7 6 5
9778 5 5 5
9779 10 9 5
9780 11 11 7
9781 17 17 5
9782 9 8 4
9783 16 15 5
9784 13 13 7
9785 9 8 4
9786 12 11 5
9787 11 10 6
9788 12 11 5
9789 15 14 6
9790 10 10 4
9791 10 9 5
9792 9 8 4
9793 12 11 5
9794 7 7 7
9795 10 10 6
9796 12 12 6
9797 6 6 6
9798 11 10 4
9799 14 13 5
9800 13 13 5
9801 19 19 7
9802 11 10 6
9803 10 9 5
9804 11 10 6
9805 10 10 6
9806 10 9 5
9807 11 10 4
9808 12 11 5
9809 13 13 5
9810 15 15 5
9811 15 14 4
9812 6 5 4
9813 14 13 5
9814 9 9 5
9815 11 10 4
9816 8 7 6
9817 14 14 6
9818 14 14 6
9819 10 10 4
9820 10 9 5
9821 13 13 5
9822 13 13 5
9823 13 12 6
9824 30 30 6
9825 20 19 5
9826 29 28 6
9827 10 10 6
9828 16 16 8
9829 14 14 6
9830 12 12 4
9831 10 9 5
9832 15 14 6
9833 18 18 6
9834 8 8 4
9835 10 9 5
9836 13 12 8
9837 8 8 4
9838 6 5 4
9839 12 11 5
9840 7 6 5
9841 17 17 5
9842 11 11 5
9843 15 14 6
9844 6 6 6
9845 21 20 6
9846 20 20 6
9847 24 24 6
9848 30 30 6
9849 16 16 4
9850 18 17 5
9851 15 14 6
9852 12 12 4
9853 14 13 5
9854 19 18 8
9855 16 16 4
9856 20 19 5
9857 17 17 5
9858 17 16 6
9859 26 26 4
9860 18 17 5
9861 21 20 6
9862 8 8 4
9863 14 13 5
9864 23 22 6
9865 12 11 5
9866 15 15 5
9867 33 32 6
9868 26 26 6
9869 16 16 4
9870 18 17 5
9871 19 18 6
9872 16 16 6
9873 28 27 5
9874 23 23 5
9875 27 27 5
9876 25 25 5
9877 19 19 5
9878 15 14 4
9879 32 31 5
9880 25 25 5
9881 21 21 7
9882 21 20 4
9883 26 25 5
9884 13 13 5
9885 15 14 4
9886 18 17 5
9887 21 21 5
9888 13 12 4
9889 20 19 5
9890 17 17 5
9891 29 28 6
9892 28 27 7
9893 15 14 4
9894 20 19 5
9895 13 12 4
9896 24 23 5
9897 31 31 7
9898 25 24 6
9899 28 28 8
9900 22 22 4
9901 22 21 5
9902 25 24 6
9903 16 16 6
9904 28 28 6
9905 26 26 8
9906 18 18 4
9907 30 29 7
9908 31 31 7
9909 25 24 8
9910 34 34 8
9911 16 15 5
9912 27 27 5
9913 31 30 8
9914 38 38 6
9915 34 33 7
9916 29 28 8
9917 24 23 7
9918 25 24 8
9919 20 20 4
9920 28 27 5
9921 19 19 5
9922 21 21 5
9923 15 15 5
9924 27 26 6
9925 18 18 6
9926 26 26 6
9927 16 16 4
9928 20 19 5
9929 11 10 4
9930 14 13 5
9931 15 14 4
9932 20 19 5
9933 17 17 5
9934 17 16 4
9935 26 25 5
9936 19 19 5
9937 19 19 5
9938 23 22 8
9939 12 12 4
9940 14 13 5
9941 17 17 5
9942 15 14 4
9943 18 17 5
9944 19 19 5
9945 9 8 4
9946 10 9 5
9947 17 16 4
9948 14 13 5
9949 9 9 5
9950 17 17 5
9951 9 8 4
9952 14 13 5
9953 17 17 5
9954 17 16 4
9955 12 11 5
9956 13 13 5
9957 9 8 4
9958 14 13 5
9959 15 14 6
9960 8 8 4
9961 12 11 5
9962 11 11 5
9963 19 18 6
9964 18 18 6
9965 16 16 4
9966 12 11 7
9967 19 18 4
9968 18 17 7
9969 11 10 4
9970 12 11 5
9971 5 5 5
9972 14 13 5
9973 11 10 4
9974 16 15 5
9975 25 24 8
9976 12 12 4
9977 14 13 5
9978 13 12 4
9979 8 7 6
9980 14 14 6
9981 16 16 6
9982 26 26 4
9983 16 15 5
9984 25 24 6
9985 16 16 4
9986 18 17 5
9987 11 10 4
9988 10 9 5
9989 11 11 5
9990 17 17 5
9991 15 14 8
9992 8 8 4
9993 10 9 5
9994 13 13 5
9995 13 13 5
9996 13 12 6
9997 16 15 5
9998 11 10 4
9999 12 11 5
10000 7 6 5
10001 15 14 6
10002 12 11 5
10003 15 15 5
10004 13 13 7
10005 11 10 4
10006 14 13 5
10007 11 11 5
10008 15 14 6
10009 12 12 6
10010 10 10 4
10011 10 9 5
10012 19 19 5
10013 9 9 5
10014 31 31 5
10015 9 9 5
10016 9 8 4
10017 22 21 7
10018 5 5 5
10019 12 11 5
10020 15 15 7
10021 19 18 6
10022 12 12 4
10023 20 19 5
10024 15 14 6
10025 8 8 4
10026 10 9 5
10027 11 10 4
10028 22 21 5
10029 15 14 6
10030 12 11 7
10031 21 20 4
10032 10 9 5
10033 15 14 4
10034 8 7 6
10035 10 10 6
10036 12 12 6
10037 14 14 6
10038 16 16 4
10039 12 11 5
10040 17 16 4
10041 22 21 5
10042 13 12 6
10043 10 10 4
10044 16 15 5
10045 11 10 6
10046 6 6 6
10047 13 12 6
10048 10 10 6
10049 12 12 6
10050 10 9 5
10051 7 6 5
10052 13 12 6
10053 12 12 4
10054 16 15 7
10055 13 12 6
10056 16 16 6
10057 12 12 6
10058 12 12 4
10059 18 17 5
10060 15 14 4
10061 14 13 5
10062 11 11 5
10063 23 23 5
10064 23 23 7
10065 17 16 4
10066 16 15 5
10067 13 13 5
10068 19 18 6
10069 18 17 5
10070 15 14 6
10071 16 16 6
10072 18 18 4
10073 10 9 5
10074 17 16 8
10075 14 14 4
10076 14 13 5
10077 23 23 7
10078 25 24 6
10079 12 12 4
10080 16 15 5
10081 15 15 5
10082 35 34 6
10083 22 22 6
10084 26 26 4
10085 18 17 5
10086 23 22 6
10087 16 16 6
10088 16 16 4
10089 18 17 7
10090 21 20 6
10091 14 14 6
10092 16 16 6
10093 18 18 6
10094 22 22 6
10095 24 24 6
10096 16 16 6
10097 30 30 8
10098 14 14 6
10099 26 26 8
10100 28 28 10
10101 16 15 5
10102 21 20 8
10103 14 13 5
10104 23 22 10
10105 6 6 6
10106 19 18 4
10107 26 25 5
10108 23 23 7
10109 23 22 6
10110 24 23 5
10111 19 18 4
10112 18 17 5
10113 21 21 5
10114 17 16 4
10115 36 35 7
10116 25 25 7
10117 15 14 4
10118 16 15 5
10119 15 15 5
10120 13 12 4
10121 22 21 7
10122 21 20 4
10123 14 13 5
10124 27 26 6
10125 24 24 10
10126 16 16 4
10127 18 17 5
10128 21 20 6
10129 12 12 4
10130 22 21 7
10131 13 12 4
10132 16 15 5
10133 13 12 6
10134 18 18 6
10135 22 22 6
10136 16 16 4
10137 12 11 5
10138 17 16 6
10139 22 22 4
10140 16 15 5
10141 21 21 5
10142 19 19 5
10143 25 25 5
10144 25 25 7
10145 35 34 4
10146 36 35 7
10147 23 22 4
10148 30 29 5
10149 23 23 5
10150 15 14 6
10151 14 13 5
10152 17 16 4
10153 16 15 5
10154 13 12 4
10155 24 23 7
10156 21 20 6
10157 16 16 4
10158 20 19 5
10159 21 20 6
10160 20 20 8
10161 28 28 6
10162 24 24 8
10163 32 31 11
10164 21 20 8
10165 22 22 6
10166 30 30 6
10167 26 25 7
10168 21 20 6
10169 36 35 9
10170 33 33 11
10171 19 19 5
10172 25 25 7
10173 17 17 5
10174 27 26 8
10175 16 16 6
10176 40 40 14
10177 24 24 6
10178 30 29 9
10179 17 16 6
10180 14 13 5
10181 29 29 7
10182 25 25 9
10183 27 26 6
10184 14 13 5
10185 21 21 9
10186 31 30 10
10187 20 19 5
10188 25 25 7
10189 25 24 6
10190 26 25 9
10191 23 23 7
10192 27 27 9
10193 23 23 5
10194 35 35 11
10195 23 23 7
10196 31 30 8
10197 30 30 10
10198 26 26 8
10199 34 34 12
10200 24 23 7
10201 21 21 5
10202 31 30 8
10203 18 17 5
10204 47 47 19
10205 23 23 7
10206 15 15 5
10207 19 18 8
10208 10 9 5
10209 31 30 6
10210 26 25 7
10211 31 31 11
10212 19 18 6
10213 40 40 8
10214 10 10 4
10215 24 23 5
10216 13 13 5
10217 25 25 5
10218 21 21 5
10219 19 19 5
10220 25 24 6
10221 18 18 6
10222 18 18 4
10223 14 13 7
10224 13 13 5
10225 15 14 4
10226 18 17 5
10227 29 28 6
10228 28 27 5
10229 23 22 4
10230 12 11 5
10231 13 12 4
10232 16 15 5
10233 17 17 5
10234 15 14 4
10235 22 21 5
10236 19 19 5
10237 23 22 6
10238 12 12 6
10239 12 12 4
10240 18 17 5
10241 15 14 6
10242 14 14 6
10243 8 8 4
10244 22 21 7
10245 21 20 6
10246 26 25 7
10247 11 10 6
10248 22 21 5
10249 19 19 5
10250 29 29 7
10251 21 20 6
10252 20 20 4
10253 22 21 5
10254 25 25 5
10255 19 18 4
10256 12 11 5
10257 25 24 6
10258 28 27 5
10259 17 17 5
10260 17 16 6
10261 30 30 4
10262 36 35 7
10263 15 15 5
10264 25 25 5
10265 27 26 8
10266 22 22 6
10267 12 12 4
10268 30 29 7
10269 37 37 9
10270 31 31 7
10271 29 29 7
10272 23 22 6
10273 22 22 8
10274 24 23 5
10275 23 23 5
10276 37 36 8
10277 30 30 4
10278 20 19 5
10279 31 31 7
10280 15 15 5
10281 23 23 5
10282 29 28 6
10283 18 17 5
10284 19 19 5
10285 11 11 5
10286 17 16 6
10287 22 22 6
10288 28 28 4
10289 20 19 7
10290 21 20 4
10291 26 25 5
10292 25 24 8
10293 20 20 6
10294 22 22 4
10295 16 15 5
10296 19 19 5
10297 13 12 6
10298 14 14 6
10299 18 17 5
10300 13 12 6
10301 14 13 5
10302 11 10 4
10303 16 15 7
10304 17 16 6
10305 14 14 4
10306 16 15 5
10307 13 13 5
10308 9 9 5
10309 17 17 5
10310 9 9 5
10311 15 14 6
10312 16 15 5
10313 17 17 5
10314 17 16 4
10315 18 17 5
10316 11 11 5
10317 27 26 6
10318 12 11 5
10319 13 13 5
10320 13 12 6
10321 18 17 5
10322 23 22 6
10323 18 18 6
10324 12 11 5
10325 15 14 4
10326 12 11 5
10327 13 13 5
10328 11 10 6
10329 18 18 8
10330 12 11 5
10331 17 16 6
10332 8 8 4
10333 10 9 5
10334 19 19 5
10335 15 14 4
10336 18 17 7
10337 11 10 4
10338 16 15 7
10339 17 16 4
10340 14 13 5
10341 13 13 5
10342 17 16 6
10343 28 27 9
10344 13 12 4
10345 12 11 5
10346 15 14 6
10347 14 14 8
10348 16 16 4
10349 16 15 5
10350 19 19 7
10351 13 12 6
10352 10 10 6
10353 12 12 4
10354 14 13 5
10355 7 6 5
10356 19 18 6
10357 18 18 4
10358 12 11 5
10359 19 18 8
10360 8 8 4
10361 12 11 5
10362 15 14 6
10363 12 12 4
10364 16 15 5
10365 13 13 5
10366 13 12 6
10367 14 14 4
10368 6 5 4
10369 10 9 5
10370 13 13 5
10371 23 22 6
10372 14 14 6
10373 14 14 6
10374 22 22 6
10375 14 14 6
10376 10 9 5
10377 9 8 4
10378 12 11 5
10379 13 12 6
10380 20 19 5
10381 9 9 5
10382 9 8 4
10383 12 11 5
10384 11 11 5
10385 19 18 6
10386 12 11 5
10387 9 9 5
10388 21 21 5
10389 19 19 7
10390 5 5 5
10391 12 11 5
10392 15 14 4
10393 16 15 7
10394 15 14 6
10395 10 10 4
10396 14 13 5
10397 11 10 6
10398 10 10 6
10399 14 14 6
10400 8 8 4
10401 10 9 5
10402 13 13 5
10403 17 17 7
10404 11 10 4
10405 22 21 5
10406 13 13 5
10407 7 6 5
10408 9 9 5
10409 17 17 5
10410 13 12 4
10411 18 17 5
10412 15 14 4
10413 16 15 7
10414 11 10 6
10415 12 12 4
10416 12 11 5
10417 11 11 5
10418 11 11 5
10419 13 12 6
10420 12 12 4
10421 14 13 7
10422 11 11 5
10423 13 13 5
10424 17 16 4
10425 12 11 5
10426 15 15 9
10427 11 11 5
10428 11 10 4
10429 14 13 7
10430 13 12 4
10431 14 13 5
10432 17 16 8
10433 10 10 6
10434 12 12 4
10435 16 15 5
10436 9 8 4
10437 16 15 7
10438 11 10 6
10439 10 10 4
10440 14 13 5
10441 15 14 6
10442 16 16 4
10443 12 11 5
10444 11 10 4
10445 14 13 5
10446 23 22 8
10447 6 6 6
10448 9 8 4
10449 8 7 6
10450 10 10 4
10451 6 5 4
10452 8 7 6
10453 12 11 5
10454 21 20 6
10455 12 12 6
10456 10 10 4
10457 12 11 7
10458 7 6 5
10459 21 20 4
10460 12 11 5
10461 21 21 5
10462 19 18 6
10463 12 12 6
10464 10 10 4
10465 10 9 5
10466 11 10 4
10467 8 7 6
10468 10 10 4
10469 20 19 5
10470 17 16 6
10471 12 12 4
10472 14 13 7
10473 13 12 4
10474 12 11 7
10475 19 18 6
10476 22 22 8
10477 18 17 5
10478 15 14 4
10479 20 19 5
10480 21 21 5
10481 33 33 9
10482 19 19 5
10483 11 11 5
10484 29 28 8
10485 16 16 4
10486 18 17 5
10487 11 10 4
10488 16 15 7
10489 31 30 10
10490 14 14 4
10491 10 9 5
10492 19 18 6
10493 20 20 6
10494 24 23 7
10495 25 25 5
10496 35 35 9
10497 23 23 5
10498 39 38 8
10499 20 20 4
10500 26 25 5
10501 19 19 5
10502 13 13 5
10503 33 32 6
10504 18 18 6
10505 20 20 6
10506 22 22 6
10507 16 16 4
10508 12 11 5
10509 19 18 6
10510 16 16 4
10511 20 19 5
10512 31 31 5
10513 15 15 5
10514 23 22 6
10515 24 24 6
10516 12 11 5
10517 19 18 4
10518 24 23 5
10519 23 22 6
10520 14 13 5
10521 19 18 6
10522 26 26 6
10523 32 31 7
10524 11 10 4
10525 16 15 5
10526 15 14 6
10527 12 11 5
10528 35 34 16
10529 20 19 5
10530 19 18 6
10531 24 24 6
10532 26 25 9
10533 15 14 6
10534 30 30 12
10535 12 12 4
10536 18 17 5
10537 17 17 5
10538 13 13 5
10539 17 17 5
10540 19 19 7
10541 21 21 5
10542 21 20 8
10543 22 22 6
10544 36 36 12
10545 24 24 8
10546 22 22 8
10547 20 20 6
10548 18 17 7
10549 25 25 9
10550 15 14 4
10551 16 15 5
10552 23 22 8
10553 16 16 8
10554 12 12 4
10555 24 23 9
10556 15 14 6
10557 18 18 6
10558 30 29 11
10559 15 14 6
10560 16 16 6
10561 22 22 6
10562 24 23 7
10563 19 18 4
10564 30 29 5
10565 23 23 9
10566 21 20 6
10567 12 12 4
10568 10 9 5
10569 21 20 6
10570 14 13 5
10571 11 11 5
10572 11 10 4
10573 22 21 5
10574 13 13 5
10575 27 26 6
10576 22 22 4
10577 24 23 5
10578 17 16 4
10579 16 15 5
10580 17 17 5
10581 19 18 6
10582 12 12 4
10583 14 13 5
10584 19 19 5
10585 15 14 6
10586 12 12 6
10587 12 12 6
10588 10 9 5
10589 9 8 4
10590 12 11 7
10591 9 8 4
10592 12 11 5
10593 7 7 7
10594 10 10 4
10595 14 13 5
10596 15 14 6
10597 16 16 8
10598 12 12 6
10599 10 10 4
10600 8 7 6
10601 10 10 4
10602 18 17 5
10603 13 13 5
10604 9 9 5
10605 15 15 7
10606 9 8 4
10607 12 11 5
10608 13 13 5
10609 19 18 8
10610 14 14 4
10611 12 11 5
10612 21 20 4
10613 16 15 5
10614 13 13 7
10615 11 10 6
10616 12 12 6
10617 12 12 6
10618 14 14 6
10619 8 8 4
10620 18 17 7
10621 15 14 6
10622 14 14 6
10623 6 6 6
10624 13 12 6
10625 18 18 6
10626 18 17 7
10627 15 14 4
10628 10 9 5
10629 15 14 6
10630 14 13 5
10631 11 11 5
10632 9 9 5
10633 13 12 6
10634 16 16 6
10635 12 12 4
10636 16 15 7
10637 7 6 5
10638 9 8 7
10639 13 12 6
10640 12 12 6
10641 14 14 4
10642 10 9 5
10643 13 12 6
10644 10 10 6
10645 14 14 4
10646 28 27 5
10647 15 14 6
10648 14 13 7
10649 11 10 4
10650 12 11 5
10651 11 10 6
10652 12 12 6
10653 6 5 4
10654 8 7 6
10655 18 17 5
10656 9 9 5
10657 7 7 7
10658 12 12 6
10659 12 12 6
10660 16 15 5
10661 15 14 4
10662 16 15 5
10663 17 17 5
10664 7 6 5
10665 15 14 8
10666 14 14 4
10667 6 5 4
10668 12 11 5
10669 15 14 6
10670 10 10 4
10671 18 17 7
10672 7 6 5
10673 7 6 5
10674 7 6 5
10675 13 13 7
10676 13 12 4
10677 10 9 5
10678 13 12 6
10679 6 6 6
10680 7 6 5
10681 17 17 5
10682 9 9 5
10683 9 8 4
10684 12 11 5
10685 23 22 6
10686 14 13 5
10687 15 15 5
10688 11 11 5
10689 11 11 5
10690 13 12 8
10691 8 8 4
10692 10 9 5
10693 13 12 6
10694 8 8 4
10695 14 13 5
10696 9 9 5
10697 11 11 5
10698 9 9 5
10699 7 6 5
10700 11 10 6
10701 12 12 6
10702 16 15 5
10703 7 6 5
10704 11 10 6
10705 20 19 5
10706 5 5 5
10707 12 11 5
10708 7 6 5
10709 11 11 5
10710 11 11 5
10711 15 14 4
10712 14 13 5
10713 15 15 5
10714 13 13 5
10715 15 15 5
10716 13 12 4
10717 10 9 5
10718 15 15 5
10719 9 8 4
10720 12 11 5
10721 13 12 6
10722 22 22 6
10723 12 12 6
10724 10 10 4
10725 14 13 5
10726 11 11 5
10727 19 18 6
10728 12 11 5
10729 15 14 6
10730 10 10 4
10731 16 15 7
10732 5 5 5
10733 14 13 5
10734 15 14 6
10735 16 16 6
10736 10 10 6
10737 24 23 5
10738 5 5 5
10739 12 11 5
10740 15 14 4
10741 14 13 5
10742 7 6 5
10743 15 15 5
10744 15 14 4
10745 16 15 5
10746 7 6 5
10747 13 13 5
10748 11 10 4
10749 10 9 5
10750 13 12 6
10751 16 15 5
10752 13 12 4
10753 20 19 5
10754 5 5 5
10755 10 9 5
10756 7 6 5
10757 9 8 4
10758 10 9 5
10759 11 11 5
10760 13 13 5
10761 9 8 4
10762 6 5 4
10763 12 11 7
10764 11 11 5
10765 5 5 5
10766 10 9 5
10767 13 12 6
10768 14 13 5
10769 13 13 5
10770 21 20 6
10771 8 8 4
10772 14 13 5
10773 15 14 4
10774 10 9 5
10775 11 10 4
10776 12 11 5
10777 9 9 5
10778 15 14 6
10779 24 24 8
10780 6 6 6
10781 17 16 6
10782 10 10 4
10783 6 5 4
10784 12 11 5
10785 11 11 7
10786 11 10 4
10787 26 25 7
10788 13 12 4
10789 20 19 5
10790 15 15 5
10791 9 9 5
10792 9 8 4
10793 18 17 5
10794 17 16 6
10795 16 15 5
10796 15 14 4
10797 16 15 5
10798 15 15 5
10799 19 18 6
10800 18 17 5
10801 19 18 4
10802 18 17 5
10803 23 22 6
10804 22 22 4
10805 28 27 7
10806 19 18 4
10807 32 31 5
10808 35 35 7
10809 29 29 7
10810 29 28 6
10811 34 34 6
10812 26 25 7
10813 15 14 4
10814 20 19 5
10815 15 15 5
10816 43 42 8
10817 28 28 6
10818 40 40 8
10819 16 16 4
10820 16 15 5
10821 21 20 6
10822 16 16 4
10823 22 21 7
10824 21 20 6
10825 24 24 4
10826 28 27 5
10827 39 39 7
10828 15 14 4
10829 28 27 5
10830 23 22 6
10831 14 13 5
10832 13 12 4
10833 26 25 7
10834 23 22 6
10835 12 11 5
10836 23 22 8
10837 16 16 6
10838 24 23 5
10839 19 18 8
10840 20 20 8
10841 8 8 4
10842 22 21 7
10843 19 19 5
10844 27 27 5
10845 21 21 5
10846 17 16 6
10847 14 14 6
10848 12 11 5
10849 23 22 6
10850 10 10 6
10851 6 6 6
10852 17 17 5
10853 19 19 7
10854 11 10 4
10855 14 13 7
10856 11 10 4
10857 26 25 7
10858 19 19 7
10859 19 18 6
10860 10 10 6
10861 28 28 6
10862 24 23 7
10863 11 10 4
10864 18 17 5
10865 17 17 5
10866 19 19 7
10867 17 16 4
10868 22 21 7
10869 9 9 5
10870 25 24 6
10871 22 21 7
10872 13 13 5
10873 37 36 10
10874 22 21 7
10875 19 19 5
10876 21 20 4
10877 20 19 7
10878 13 12 4
10879 14 13 5
10880 21 20 6
10881 18 18 6
10882 16 15 5
10883 19 19 7
10884 15 14 6
10885 22 21 5
10886 13 13 5
10887 23 22 6
10888 24 24 6
10889 8 8 4
10890 22 21 5
10891 17 17 7
10892 13 12 6
10893 18 18 6
10894 12 12 6
10895 10 10 4
10896 12 11 5
10897 13 12 4
10898 18 17 7
10899 11 10 4
10900 16 15 5
10901 11 10 4
10902 6 5 4
10903 16 15 5
10904 19 19 7
10905 19 18 6
10906 12 12 6
10907 14 14 6
10908 20 20 6
10909 14 14 6
10910 22 21 5
10911 13 12 4
10912 16 15 7
10913 7 6 5
10914 15 14 6
10915 8 8 4
10916 12 11 5
10917 13 13 5
10918 17 16 6
10919 16 16 6
10920 14 14 4
10921 16 15 7
10922 11 10 4
10923 10 9 5
10924 7 6 5
10925 11 11 5
10926 11 10 4
10927 18 17 5
10928 19 19 5
10929 13 13 5
10930 15 14 4
10931 14 13 7
10932 13 12 4
10933 6 5 4
10934 14 13 5
10935 13 13 5
10936 17 17 7
10937 19 18 6
10938 18 18 6
10939 10 10 6
10940 16 16 6
10941 14 14 4
10942 14 13 7
10943 13 12 6
10944 10 10 4
10945 10 9 5
10946 15 14 6
10947 12 12 6
10948 16 16 6
10949 14 14 4
10950 14 13 5
10951 15 14 6
10952 8 8 4
10953 14 13 5
10954 7 6 5
10955 9 9 5
10956 15 14 6
10957 12 12 4
10958 18 17 5
10959 19 19 5
10960 21 20 6
10961 12 12 6
10962 18 18 6
10963 12 12 6
10964 16 15 5
10965 9 8 4
10966 16 15 7
10967 17 17 5
10968 17 16 4
10969 30 29 9
10970 11 10 4
10971 10 9 5
10972 17 16 4
10973 10 9 5
10974 21 21 5
10975 21 20 6
10976 12 12 4
10977 6 5 4
10978 16 15 7
10979 19 18 4
10980 16 15 5
10981 19 18 8
10982 20 20 6
10983 10 10 4
10984 6 5 4
10985 18 17 5
10986 11 11 5
10987 15 14 4
10988 20 19 5
10989 17 16 6
10990 20 20 6
10991 10 9 5
10992 11 10 4
10993 12 11 7
10994 9 8 4
10995 10 9 5
10996 15 14 6
10997 10 10 4
10998 20 19 5
10999 11 11 5
11000 19 18 6
11001 6 6 6
11002 17 16 6
11003 12 12 4
11004 16 15 5
11005 15 14 4
11006 22 21 5
11007 19 18 6
11008 12 12 6
11009 20 20 6
11010 20 20 6
11011 18 17 7
11012 15 14 6
11013 20 20 4
11014 20 19 5
11015 17 16 6
11016 16 16 6
11017 12 12 4
11018 18 17 5
11019 11 10 4
11020 12 11 5
11021 9 9 5
11022 11 10 4
11023 18 17 5
11024 9 9 5
11025 15 14 6
11026 10 10 4
11027 6 5 4
11028 16 15 5
11029 13 13 5
11030 17 17 7
11031 15 14 6
11032 12 12 6
11033 14 13 5
11034 13 13 5
11035 9 8 4
11036 16 15 5
11037 15 14 4
11038 12 11 5
11039 9 9 5
11040 11 10 4
11041 10 9 5
11042 11 10 4
11043 14 13 5
11044 17 17 5
11045 11 10 6
11046 12 12 6
11047 14 14 4
11048 10 9 5
11049 9 9 5
11050 13 13 5
11051 9 9 5
11052 13 12 6
11053 16 16 6
11054 18 18 4
11055 20 19 7
11056 15 14 4
11057 10 9 5
11058 15 14 4
11059 12 11 5
11060 9 9 5
11061 7 6 5
11062 19 18 6
11063 10 9 5
11064 9 8 4
11065 10 9 5
11066 15 15 7
11067 5 5 5
11068 14 13 7
11069 5 5 5
11070 10 9 5
11071 11 10 6
11072 20 19 5
11073 11 10 4
11074 18 17 7
11075 9 9 5
11076 13 13 5
11077 17 16 6
11078 14 14 6
11079 16 15 5
11080 27 27 5
11081 13 13 5
11082 11 11 5
11083 11 11 5
11084 13 13 5
11085 17 16 6
11086 12 12 4
11087 16 15 5
11088 21 20 4
11089 16 15 5
11090 9 8 4
11091 16 15 5
11092 11 10 6
11093 14 14 6
11094 12 12 6
11095 8 8 4
11096 22 21 5
11097 11 11 5
11098 15 14 6
11099 26 25 5
11100 17 17 7
11101 15 14 6
11102 20 20 4
11103 10 9 5
11104 17 16 6
11105 18 18 6
11106 10 9 5
11107 7 6 5
11108 11 10 6
11109 18 18 6
11110 20 20 6
11111 10 10 4
11112 14 13 5
11113 11 10 6
11114 12 11 5
11115 11 10 6
11116 18 18 6
11117 12 12 4
11118 20 19 5
11119 15 15 7
11120 21 20 6
11121 16 15 7
11122 9 8 4
11123 16 15 5
11124 13 12 4
11125 18 17 7
11126 13 12 6
11127 14 14 6
11128 14 13 7
11129 15 14 6
11130 6 6 6
11131 17 17 5
11132 13 12 6
11133 14 14 4
11134 18 17 5
11135 21 21 5
11136 11 11 5
11137 21 20 6
11138 20 19 5
11139 17 16 6
11140 10 10 4
11141 18 17 5
11142 11 11 5
11143 13 12 4
11144 14 13 5
11145 17 16 4
11146 18 17 5
11147 19 18 6
11148 26 26 6
11149 30 30 6
11150 22 21 5
11151 15 15 5
11152 21 21 7
11153 15 14 4
11154 16 15 5
11155 11 11 5
11156 9 9 5
11157 9 8 4
11158 14 13 5
11159 11 11 5
11160 13 13 5
11161 15 14 6
11162 16 16 6
11163 12 12 4
11164 18 17 5
11165 15 14 4
11166 16 15 5
11167 19 18 6
11168 14 14 4
11169 14 13 5
11170 9 8 4
11171 8 7 6
11172 10 10 4
11173 32 31 5
11174 15 14 6
11175 6 6 6
11176 11 11 5
11177 17 16 6
11178 18 18 6
11179 14 14 6
11180 12 12 4
11181 20 19 5
11182 13 12 6
11183 14 13 5
11184 9 9 5
11185 13 12 6
11186 14 14 6
11187 14 14 6
11188 16 16 6
11189 12 12 6
11190 12 12 4
11191 20 19 7
11192 25 24 6
11193 12 11 5
11194 23 22 6
11195 14 14 4
11196 12 11 5
11197 9 9 5
11198 15 14 6
11199 6 6 6
11200 13 12 6
11201 8 8 4
11202 14 13 5
11203 15 15 7
11204 13 12 6
11205 12 12 4
11206 14 13 5
11207 17 16 4
11208 8 7 6
11209 14 14 6
11210 12 11 5
11211 17 16 6
11212 18 18 4
11213 16 15 5
11214 17 16 4
11215 16 15 7
11216 17 17 5
11217 17 16 4
11218 10 9 5
11219 11 11 5
11220 17 16 6
11221 14 14 6
11222 20 20 4
11223 18 17 5
11224 23 22 6
11225 6 6 6
11226 15 15 5
11227 13 12 4
11228 24 23 5
11229 19 18 6
11230 24 23 5
11231 25 24 4
11232 18 17 5
11233 13 13 5
11234 9 9 5
11235 19 18 4
11236 10 9 5
11237 27 26 6
11238 16 16 6
11239 18 18 4
11240 20 19 7
11241 15 14 4
11242 18 17 5
11243 21 21 5
11244 13 13 5
11245 11 10 6
11246 16 16 4
11247 22 21 5
11248 15 14 6
11249 12 12 4
11250 18 17 5
11251 39 38 6
11252 28 28 4
11253 36 35 5
11254 33 32 6
11255 34 34 10
11256 28 28 6
11257 36 36 6
11258 26 26 6
11259 30 29 5
11260 47 47 9
11261 27 26 6
11262 32 32 4
11263 32 31 9
11264 31 30 8
11265 26 26 6
11266 42 42 10
11267 36 36 8
11268 42 42 10
11269 42 41 9
11270 35 34 8
11271 26 26 6
11272 28 28 8
11273 22 22 4
11274 32 31 7
11275 43 42 8
11276 26 26 6
11277 26 25 5
11278 31 31 5
11279 27 26 10
11280 28 28 6
11281 22 22 4
11282 36 35 7
11283 35 35 7
11284 51 50 16
11285 20 20 4
11286 20 19 7
11287 31 30 6
11288 40 40 12
11289 22 21 9
11290 35 34 14
11291 28 28 8
11292 26 26 6
11293 22 21 9
11294 39 39 13
11295 29 29 9
11296 33 32 14
11297 28 28 4
11298 40 39 13
11299 33 32 10
11300 18 18 6
11301 28 27 11
11302 47 46 12
11303 16 16 6
11304 20 19 5
11305 33 32 8
11306 22 22 6
11307 28 28 8
11308 24 23 9
11309 27 26 8
11310 22 22 6
11311 16 16 4
11312 20 19 5
11313 27 27 9
11314 23 23 7
11315 27 26 8
11316 20 19 5
11317 21 20 6
11318 26 25 5
11319 21 20 6
11320 18 18 4
11321 22 21 5
11322 21 21 5
11323 27 27 5
11324 13 13 5
11325 21 20 6
11326 12 12 4
11327 22 21 7
11328 19 18 4
11329 26 25 7
11330 15 14 4
11331 28 27 5
11332 31 31 7
11333 25 25 7
11334 27 26 6
11335 26 25 5
11336 19 19 7
11337 23 23 7
11338 33 33 9
11339 21 21 7
11340 15 14 4
11341 28 27 7
11342 33 32 8
11343 30 30 8
11344 26 25 7
11345 25 25 7
11346 25 24 4
11347 22 21 7
11348 15 14 4
11349 22 21 5
11350 21 21 5
11351 23 23 7
11352 21 20 4
11353 18 17 7
11354 23 22 6
11355 18 18 4
11356 24 23 5
11357 33 32 6
11358 18 18 6
11359 26 26 4
11360 34 33 7
11361 25 24 4
11362 22 21 5
11363 39 38 6
11364 34 33 9
11365 21 20 6
11366 22 22 4
11367 18 17 5
11368 43 43 9
11369 21 20 6
11370 34 33 7
11371 23 22 6
11372 22 22 8
11373 20 20 4
11374 20 19 5
11375 33 32 10
11376 22 22 4
11377 28 27 9
11378 17 16 4
11379 28 27 5
11380 21 21 5
11381 43 43 13
11382 33 32 6
11383 26 26 4
11384 20 19 5
11385 27 27 5
11386 19 18 6
11387 24 24 6
11388 28 28 8
11389 20 20 6
11390 20 20 4
11391 24 23 7
11392 15 14 6
11393 16 16 6
11394 16 16 6
11395 14 13 5
11396 23 22 6
11397 20 20 8
11398 12 12 4
11399 18 17 5
11400 23 22 6
11401 20 20 6
11402 14 14 4
11403 16 15 5
11404 17 17 5
11405 9 9 5
11406 13 13 5
11407 19 19 5
11408 19 19 5
11409 25 24 8
11410 26 26 6
11411 8 8 4
11412 14 13 5
11413 13 13 5
11414 19 18 6
11415 12 12 6
11416 22 22 6
11417 10 9 5
11418 13 13 5
11419 11 10 4
11420 14 13 5
11421 19 19 5
11422 13 12 4
11423 16 15 7
11424 19 18 6
11425 24 24 6
11426 6 6 6
11427 17 16 4
11428 12 11 5
11429 19 19 5
11430 15 14 4
11431 12 11 5
11432 25 24 6
11433 20 20 6
11434 20 20 4
11435 16 15 5
11436 21 20 6
11437 16 16 6
11438 10 10 4
11439 14 13 5
11440 15 15 5
11441 15 14 4
11442 18 17 7
11443 17 16 6
11444 14 13 5
11445 19 18 6
11446 10 10 6
11447 26 26 6
11448 18 18 6
11449 12 12 6
11450 12 11 5
11451 37 36 6
11452 26 25 7
11453 37 36 4
11454 26 25 5
11455 17 16 4
11456 28 27 7
11457 15 15 5
11458 17 16 4
11459 20 19 5
11460 23 22 6
11461 24 23 5
11462 25 24 6
11463 20 19 5
11464 13 12 4
11465 16 15 5
11466 21 20 4
11467 22 21 5
11468 21 21 5
11469 25 24 6
11470 22 22 6
11471 18 17 5
11472 13 12 6
11473 14 14 4
11474 16 15 5
11475 11 11 5
11476 13 13 5
11477 9 8 4
11478 24 23 7
11479 21 20 6
11480 16 16 4
11481 14 13 5
11482 15 14 4
11483 20 19 5
11484 19 19 5
11485 13 13 5
11486 13 12 4
11487 16 15 5
11488 25 25 7
11489 17 16 4
11490 12 11 5
11491 15 14 6
11492 12 12 4
11493 22 21 5
11494 19 18 4
11495 26 25 5
11496 13 12 6
11497 10 10 4
11498 18 17 5
11499 11 11 5
11500 15 14 6
11501 12 12 4
11502 12 11 5
11503 13 12 6
11504 22 22 4
11505 18 17 5
11506 15 15 5
11507 11 11 5
11508 21 20 6
11509 14 14 4
11510 24 23 5
11511 17 17 5
11512 17 16 6
11513 36 35 5
11514 13 13 5
11515 9 8 4
11516 18 17 5
11517 15 14 8
11518 10 10 4
11519 20 19 5
11520 19 18 6
11521 16 16 4
11522 16 15 5
11523 19 18 6
11524 12 12 4
11525 22 21 7
11526 25 24 6
11527 26 26 6
11528 26 26 4
11529 14 13 5
11530 29 28 6
11531 16 15 5
11532 21 20 4
11533 24 23 5
11534 25 25 7
11535 19 18 6
11536 24 24 6
11537 18 17 5
11538 27 27 5
11539 43 42 8
11540 24 24 6
11541 22 21 5
11542 23 23 7
11543 35 34 6
11544 26 25 5
11545 29 29 5
11546 31 31 7
11547 29 28 4
11548 18 17 5
11549 27 26 6
11550 28 28 6
11551 50 49 9
11552 23 22 6
11553 12 12 4
11554 24 23 5
11555 17 17 5
11556 27 27 5
11557 27 27 7
11558 45 44 6
11559 28 28 10
11560 36 35 7
11561 35 34 10
11562 28 28 4
11563 30 29 7
11564 21 21 9
11565 27 27 7
11566 41 41 9
11567 25 25 7
11568 23 23 5
11569 27 27 5
11570 39 38 8
11571 28 27 9
11572 35 35 9
11573 25 25 5
11574 31 30 8
11575 44 43 13
11576 31 30 6
11577 32 31 9
11578 25 25 7
11579 37 36 6
11580 38 38 10
11581 52 52 12
11582 24 24 4
11583 40 39 11
11584 37 37 11
11585 31 30 6
11586 32 32 10
11587 40 40 10
11588 32 32 12
11589 24 23 9
11590 21 20 6
11591 18 18 4
11592 26 25 7
11593 33 32 8
11594 36 36 6
11595 20 19 5
11596 53 52 12
11597 38 38 8
11598 20 20 6
11599 24 24 4
11600 18 17 5
11601 15 15 5
11602 21 20 6
11603 20 19 5
11604 21 20 4
11605 22 21 5
11606 17 17 5
11607 19 18 6
11608 18 18 6
11609 20 20 6
11610 18 18 4
11611 22 21 7
11612 19 18 6
11613 16 16 4
11614 16 15 5
11615 19 18 6
11616 16 16 4
11617 12 11 5
11618 29 28 6
11619 14 14 4
11620 14 13 7
11621 9 8 4
11622 14 13 5
11623 21 20 6
11624 18 18 6
11625 14 13 5
11626 17 17 5
11627 11 10 6
11628 18 18 4
11629 20 19 5
11630 15 14 6
11631 16 16 6
11632 16 16 6
11633 8 8 4
11634 12 11 7
11635 15 14 4
11636 16 15 5
11637 19 19 5
11638 19 19 5
11639 19 19 5
11640 15 14 6
11641 24 23 5
11642 13 13 5
11643 13 12 6
11644 12 12 6
11645 16 16 6
11646 10 10 4
11647 20 19 5
11648 13 12 4
11649 12 11 5
11650 15 15 7
11651 17 16 4
11652 16 15 5
11653 17 16 6
11654 22 22 6
11655 28 28 6
11656 10 9 5
11657 15 15 5
11658 23 22 8
11659 8 8 4
11660 18 17 7
11661 23 23 5
11662 15 14 6
11663 14 14 6
11664 22 22 4
11665 10 9 5
11666 15 14 6
11667 14 14 6
11668 12 11 5
11669 19 18 6
11670 16 16 4
11671 14 13 5
11672 13 12 4
11673 16 15 5
11674 21 20 6
11675 24 23 5
11676 15 15 5
11677 11 11 5
11678 23 22 6
11679 12 11 5
11680 9 9 5
11681 29 29 5
11682 29 29 7
11683 21 20 4
11684 32 31 5
11685 21 21 7
11686 21 20 4
11687 16 15 5
11688 13 12 6
11689 16 16 6
11690 20 20 4
11691 28 27 5
11692 23 23 7
11693 25 24 6
11694 26 26 8
11695 24 24 6
11696 20 19 5
11697 15 14 4
11698 32 31 9
11699 23 22 4
11700 12 11 5
11701 19 19 7
11702 13 12 4
11703 20 19 5
11704 25 25 5
11705 17 17 5
11706 31 30 6
11707 12 12 4
11708 24 23 5
11709 23 23 7
11710 21 20 6
11711 18 18 4
11712 18 17 7
11713 13 12 4
11714 18 17 5
11715 17 17 5
11716 29 28 8
11717 12 12 4
11718 26 25 5
11719 19 18 6
11720 12 11 5
11721 17 16 4
11722 12 11 5
11723 13 12 6
11724 18 18 8
11725 12 12 4
11726 18 17 5
11727 21 20 4
11728 14 13 5
11729 17 17 5
11730 13 13 5
11731 17 16 6
11732 16 15 5
11733 17 16 6
11734 16 15 5
11735 9 9 5
11736 11 10 6
11737 10 10 4
11738 16 15 7
11739 5 5 5
11740 14 13 5
11741 25 24 8
11742 12 12 4
11743 18 17 7
11744 17 16 4
11745 16 15 5
11746 17 16 6
11747 10 10 4
11748 12 11 5
11749 9 9 5
11750 11 11 5
11751 11 10 4
11752 18 17 7
11753 13 12 6
11754 16 16 6
11755 14 14 4
11756 16 15 5
11757 11 11 5
11758 15 14 6
11759 18 17 7
11760 15 14 6
11761 6 6 6
11762 19 18 6
11763 12 12 6
11764 14 14 4
11765 10 9 5
11766 11 10 4
11767 12 11 5
11768 15 15 5
11769 15 15 5
11770 17 16 6
11771 6 5 4
11772 10 9 5
11773 9 9 5
11774 21 21 5
11775 19 19 7
11776 15 15 5
11777 11 10 4
11778 16 15 5
11779 17 17 5
11780 23 23 5
11781 25 24 8
11782 20 19 7
11783 17 16 4
11784 18 17 5
11785 13 13 5
11786 9 9 5
11787 9 8 4
11788 16 15 5
11789 11 11 5
11790 17 16 6
11791 14 13 5
11792 19 19 7
11793 15 15 7
11794 13 13 7
11795 17 16 6
11796 16 16 6
11797 18 17 5
11798 15 15 5
11799 15 15 5
11800 23 23 7
11801 11 11 5
11802 21 20 6
11803 28 28 6
11804 26 25 7
11805 29 29 5
11806 35 35 7
11807 9 8 4
11808 34 33 7
11809 15 14 4
11810 18 17 5
11811 27 27 7
11812 15 14 4
11813 18 17 5
11814 29 28 8
11815 18 18 6
11816 28 28 6
11817 18 18 6
11818 34 34 6
11819 26 26 4
11820 24 23 5
11821 19 19 5
11822 21 20 4
11823 16 15 5
11824 21 21 5
11825 15 14 4
11826 10 9 5
11827 23 22 6
11828 16 16 4
11829 28 27 5
11830 15 15 5
11831 19 18 6
11832 22 22 4
11833 14 13 5
11834 27 27 7
11835 15 14 4
11836 18 17 5
11837 19 18 6
11838 18 18 6
11839 28 28 8
11840 20 19 5
11841 17 16 4
11842 20 19 7
11843 17 17 5
11844 27 26 6
11845 26 26 6
11846 26 25 5
11847 31 30 6
11848 32 31 7
11849 15 14 4
11850 26 25 5
11851 29 29 7
11852 23 22 6
11853 12 12 6
11854 28 27 7
11855 25 24 6
11856 20 19 5
11857 29 28 4
11858 22 21 5
11859 21 20 6
11860 22 22 6
11861 16 16 6
11862 38 38 8
11863 18 18 4
11864 22 21 7
11865 27 27 7
11866 19 18 6
11867 16 16 4
11868 30 29 11
11869 23 23 5
11870 19 18 6
11871 12 11 5
11872 19 18 6
11873 18 17 7
11874 23 22 6
11875 16 16 4
11876 24 23 9
11877 23 22 4
11878 22 21 7
11879 13 12 6
11880 32 32 8
11881 18 18 4
11882 30 29 9
11883 15 15 5
11884 23 23 5
11885 15 15 5
11886 17 16 4
11887 22 21 5
11888 19 19 7
11889 17 16 4
11890 20 19 5
11891 19 19 5
11892 19 18 6
11893 18 18 6
11894 18 18 4
11895 24 23 5
11896 13 13 5
11897 17 17 5
11898 25 24 4
11899 12 11 5
11900 17 16 6
11901 16 15 5
11902 13 12 6
11903 10 10 4
11904 24 23 7
11905 15 14 4
11906 18 17 5
11907 21 20 6
11908 16 16 6
11909 14 14 6
11910 14 14 6
11911 22 22 6
11912 16 16 6
11913 16 15 7
11914 19 18 4
11915 20 19 5
11916 19 18 6
11917 16 16 4
11918 20 19 5
11919 17 16 8
11920 12 12 4
11921 10 9 5
11922 15 14 6
11923 12 11 5
11924 15 14 4
11925 20 19 5
11926 13 12 6
11927 6 6 6
11928 11 11 5
11929 11 10 4
11930 10 9 5
11931 13 12 6
11932 10 9 5
11933 15 14 4
11934 12 11 5
11935 9 8 4
11936 10 9 5
11937 5 5 5
11938 10 9 5
11939 11 10 4
11940 14 13 5
11941 19 18 6
11942 18 17 5
11943 15 14 4
11944 16 15 5
11945 11 10 6
11946 10 10 6
11947 6 5 4
11948 12 11 5
11949 13 12 6
11950 18 17 7
11951 15 15 5
11952 23 22 6
11953 12 12 6
11954 14 14 6
11955 12 12 6
11956 14 13 5
11957 17 16 6
11958 22 22 6
11959 20 20 8
11960 14 14 6
11961 10 10 4
11962 12 11 5
11963 21 20 6
11964 18 18 6
11965 14 14 6
11966 16 16 4
11967 12 11 5
11968 19 18 8
11969 22 21 5
11970 29 28 6
11971 12 12 4
11972 16 15 5
11973 15 14 4
11974 10 9 5
11975 17 17 5
11976 13 12 6
11977 10 10 4
11978 14 13 5
11979 11 10 6
11980 10 9 5
11981 15 15 5
11982 15 15 5
11983 15 15 5
11984 11 11 5
11985 13 12 6
11986 18 17 5
11987 7 6 5
11988 15 14 4
11989 14 13 5
11990 7 6 5
11991 15 14 6
11992 14 14 4
11993 22 21 5
11994 17 17 5
11995 9 9 5
11996 9 8 4
11997 18 17 7
11998 9 8 4
11999 14 13 5
12000 17 16 6
12001 6 6 6
12002 9 8 4
12003 10 9 5
12004 11 11 5
12005 17 16 4
12006 10 9 5
12007 11 10 4
12008 16 15 5
12009 15 14 4
12010 22 21 5
12011 17 17 7
12012 19 18 6
12013 18 17 5
12014 17 16 4
12015 14 13 7
12016 11 10 4
12017 12 11 5
12018 13 12 4
12019 20 19 5
12020 15 15 5
12021 11 11 5
12022 9 9 5
12023 9 9 5
12024 11 11 5
12025 11 10 6
12026 22 22 6
12027 12 12 6
12028 12 12 4
12029 6 5 4
12030 10 9 5
12031 7 6 5
12032 13 13 5
12033 9 9 5
12034 15 15 7
12035 9 9 5
12036 11 10 4
12037 20 19 5
12038 15 14 4
12039 32 31 9
12040 17 17 5
12041 15 14 4
12042 12 11 5
12043 17 16 6
12044 12 12 6
12045 10 9 5
12046 15 14 6
12047 12 12 4
12048 14 13 7
12049 15 14 4
12050 16 15 7
12051 9 8 4
12052 10 9 5
12053 13 12 4
12054 16 15 5
12055 9 9 5
12056 17 17 5
12057 7 7 7
12058 16 16 4
12059 22 21 7
12060 9 8 4
12061 6 5 4
12062 14 13 5
12063 15 15 5
12064 7 7 7
12065 14 14 4
12066 16 15 5
12067 13 12 6
12068 10 10 4
12069 12 11 7
12070 9 8 4
12071 14 13 5
12072 9 9 5
12073 11 11 5
12074 9 8 4
12075 18 17 7
12076 15 14 6
12077 28 28 8
12078 14 14 4
12079 16 15 5
12080 17 16 4
12081 14 13 5
12082 15 15 5
12083 11 11 5
12084 13 12 6
12085 8 8 4
12086 16 15 5
12087 9 8 4
12088 12 11 7
12089 15 14 4
12090 12 11 5
12091 21 20 4
12092 18 17 7
12093 19 19 7
12094 21 20 6
12095 16 16 4
12096 22 21 5
12097 13 12 6
12098 16 16 6
12099 16 16 4
12100 14 13 5
12101 11 11 5
12102 13 13 5
12103 15 14 6
12104 14 14 6
12105 12 11 5
12106 19 18 6
12107 18 17 5
12108 21 21 7
12109 17 17 7
12110 7 6 5
12111 13 13 5
12112 13 12 6
12113 20 19 5
12114 17 17 5
12115 19 19 5
12116 19 18 6
12117 14 14 4
12118 16 15 5
12119 17 17 5
12120 11 10 4
12121 10 9 5
12122 19 18 4
12123 12 11 5
12124 13 12 6
12125 10 10 6
12126 6 6 6
12127 17 16 4
12128 16 15 5
12129 17 17 5
12130 13 13 5
12131 7 6 5
12132 13 12 6
12133 16 16 8
12134 12 12 6
12135 10 10 4
12136 14 13 5
12137 11 11 5
12138 21 20 8
12139 12 11 5
12140 15 14 4
12141 8 7 6
12142 6 6 6
12143 17 16 6
12144 6 6 6
12145 13 12 4
12146 12 11 5
12147 15 15 5
12148 15 15 5
12149 15 14 6
12150 14 13 5
12151 15 15 5
12152 15 14 4
12153 12 11 5
12154 25 25 7
12155 15 14 6
12156 14 14 6
12157 6 6 6
12158 15 14 6
12159 12 11 5
12160 11 10 6
12161 24 24 4
12162 16 15 7
12163 17 16 6
12164 8 8 4
12165 16 15 5
12166 17 17 5
12167 13 13 5
12168 17 17 5
12169 25 24 6
12170 14 14 4
12171 14 13 5
12172 13 12 4
12173 14 13 5
12174 9 9 5
12175 17 16 6
12176 14 14 4
12177 18 17 7
12178 17 17 5
12179 9 8 4
12180 14 13 5
12181 13 12 6
12182 12 11 5
12183 17 16 6
12184 12 12 6
12185 16 16 4
12186 12 11 5
12187 11 11 5
12188 13 12 6
12189 16 16 6
12190 8 8 4
12191 14 13 5
12192 19 19 5
12193 15 15 5
12194 15 15 5
12195 11 10 6
12196 12 12 6
12197 6 5 4
12198 14 13 5
12199 13 12 6
12200 8 8 4
12201 12 11 5
12202 11 11 5
12203 17 16 6
12204 18 18 4
12205 16 15 5
12206 5 5 5
12207 18 17 5
12208 11 11 5
12209 25 25 7
12210 15 14 6
12211 12 12 6
12212 6 6 6
12213 13 12 4
12214 18 17 7
12215 17 17 7
12216 13 12 6
12217 18 17 5
12218 13 12 4
12219 22 21 5
12220 19 18 4
12221 16 15 7
12222 11 10 4
12223 14 13 5
12224 15 15 5
12225 11 11 5
12226 9 9 5
12227 9 8 4
12228 26 25 5
12229 11 10 4
12230 22 21 5
12231 17 16 6
12232 16 16 6
12233 6 6 6
12234 19 18 6
12235 14 13 7
12236 9 8 4
12237 14 13 5
12238 9 8 4
12239 16 15 5
12240 15 14 6
12241 10 9 5
12242 11 11 5
12243 7 7 7
12244 8 8 4
12245 24 23 5
12246 15 14 4
12247 14 13 5
12248 15 14 6
12249 6 6 6
12250 7 6 5
12251 13 13 7
12252 13 12 4
12253 12 11 5
12254 15 14 6
12255 16 16 4
12256 16 15 5
12257 5 5 5
12258 10 9 5
12259 13 13 5
12260 15 14 6
12261 14 13 5
12262 7 6 5
12263 19 18 6
12264 20 20 4
12265 26 25 7
12266 13 12 4
12267 16 15 5
12268 9 8 4
12269 10 9 5
12270 17 17 5
12271 9 9 5
12272 13 12 4
12273 12 11 5
12274 15 15 5
12275 9 9 5
12276 15 14 6
12277 16 16 6
12278 14 14 4
12279 14 13 5
12280 9 9 5
12281 11 11 5
12282 11 10 6
12283 8 8 4
12284 14 13 5
12285 15 14 6
12286 14 13 5
12287 13 12 6
12288 14 14 6
12289 14 14 4
12290 14 13 5
12291 13 13 5
12292 21 20 6
12293 14 14 4
12294 10 9 5
12295 17 16 6
12296 20 19 5
12297 11 11 5
12298 11 11 5
12299 11 11 5
12300 17 17 5
12301 11 11 5
12302 9 8 4
12303 12 11 5
12304 7 7 7
12305 10 10 4
12306 10 9 5
12307 15 14 4
12308 14 13 5
12309 11 10 9
12310 9 8 4
12311 14 13 5
12312 9 8 4
12313 10 9 5
12314 11 10 6
12315 14 14 6
12316 20 20 4
12317 16 15 5
12318 21 21 5
12319 9 9 5
12320 15 14 4
12321 26 25 7
12322 13 12 6
12323 8 8 4
12324 12 11 5
12325 17 16 4
12326 18 17 5
12327 13 12 4
12328 10 9 5
12329 15 15 7
12330 11 10 4
12331 8 7 6
12332 14 14 6
12333 12 12 4
12334 10 9 5
12335 17 17 5
12336 11 10 4
12337 12 11 5
12338 17 16 6
12339 10 10 4
12340 12 11 5
12341 15 14 4
12342 12 11 5
12343 9 9 5
12344 13 12 4
12345 18 17 5
12346 13 13 5
12347 11 11 5
12348 13 13 5
12349 15 14 6
12350 10 10 4
12351 6 5 4
12352 18 17 5
12353 15 15 7
12354 15 14 4
12355 16 15 7
12356 17 16 6
12357 16 15 7
12358 13 13 5
12359 11 11 5
12360 17 16 6
12361 18 17 5
12362 13 12 4
12363 14 13 5
12364 11 10 6
12365 18 17 5
12366 9 9 5
12367 9 9 5
12368 13 12 4
12369 12 11 5
12370 7 7 7
12371 18 18 6
12372 10 10 4
12373 18 17 5
12374 9 9 5
12375 11 10 6
12376 14 14 4
12377 14 13 5
12378 11 10 6
12379 10 10 4
12380 14 13 5
12381 11 11 5
12382 11 10 6
12383 12 11 5
12384 11 11 5
12385 13 12 4
12386 14 13 5
12387 19 18 6
12388 18 18 6
12389 14 13 5
12390 15 14 6
12391 20 20 6
12392 28 28 8
12393 14 14 6
12394 10 9 5
12395 9 8 4
12396 18 17 5
12397 13 13 5
12398 11 11 7
12399 7 6 5
12400 13 13 5
12401 13 12 6
12402 6 6 6
12403 17 17 5
12404 17 17 5
12405 13 13 5
12406 19 19 5
12407 9 9 5
12408 21 20 4
12409 12 11 5
12410 11 11 5
12411 13 13 5
12412 13 13 5
12413 15 14 6
12414 14 13 7
12415 15 14 6
12416 24 24 6
12417 16 16 4
12418 12 11 5
12419 9 8 4
12420 12 11 5
12421 19 18 6
12422 14 14 4
12423 14 13 5
12424 9 8 4
12425 12 11 5
12426 7 6 5
12427 13 12 4
12428 14 13 7
12429 11 10 4
12430 12 11 5
12431 15 15 5
12432 13 13 5
12433 15 14 6
12434 12 12 6
12435 8 8 4
12436 8 7 6
12437 10 10 4
12438 14 13 5
12439 17 17 5
12440 9 9 5
12441 13 13 5
12442 13 13 5
12443 9 8 4
12444 12 11 5
12445 7 7 7
12446 8 8 8
12447 11 10 4
12448 18 17 7
12449 17 16 6
12450 14 14 6
12451 12 12 4
12452 14 13 5
12453 17 16 6
12454 14 14 6
12455 14 14 6
12456 12 12 4
12457 10 9 5
12458 11 10 6
12459 18 18 6
12460 10 10 6
12461 12 12 4
12462 8 7 6
12463 14 14 6
12464 10 10 4
12465 16 15 5
12466 11 11 5
12467 11 10 6
12468 18 17 5
12469 13 12 6
12470 20 20 6
12471 8 8 4
12472 12 11 5
12473 13 12 6
12474 16 16 4
12475 14 13 5
12476 5 5 5
12477 18 17 7
12478 15 15 5
12479 25 24 8
12480 6 6 6
12481 9 8 4
12482 10 9 5
12483 17 17 5
12484 13 13 5
12485 17 16 4
12486 16 15 5
12487 17 16 4
12488 12 11 5
12489 21 20 6
12490 12 12 4
12491 16 15 5
12492 9 8 4
12493 6 5 4
12494 14 13 5
12495 11 11 5
12496 17 16 6
12497 14 14 6
12498 8 8 4
12499 16 15 5
12500 11 11 5
12501 13 12 6
12502 14 14 6
12503 14 13 5
12504 11 11 5
12505 9 8 4
12506 10 9 5
12507 9 8 4
12508 14 13 5
12509 11 10 4
12510 12 11 5
12511 7 7 7
12512 16 15 5
12513 15 14 4
12514 10 9 5
12515 11 10 6
12516 18 17 7
12517 9 8 4
12518 16 15 5
12519 11 11 5
12520 21 20 6
12521 10 9 5
12522 13 12 4
12523 10 9 5
12524 7 6 5
12525 9 9 5
12526 11 10 6
12527 14 14 6
12528 12 12 6
12529 6 6 6
12530 11 10 4
12531 12 11 5
12532 17 16 4
12533 12 11 5
12534 15 14 6
12535 14 13 5
12536 13 12 4
12537 12 11 5
12538 15 14 4
12539 14 13 5
12540 11 10 4
12541 6 5 4
12542 6 5 4
12543 14 13 5
12544 9 9 5
12545 7 6 5
12546 13 12 6
12547 10 9 5
12548 9 9 5
12549 13 12 6
12550 18 18 6
12551 12 12 4
12552 10 9 5
12553 13 12 6
12554 14 14 4
12555 10 9 5
12556 7 7 7
12557 12 12 4
12558 6 5 4
12559 14 13 5
12560 15 15 7
12561 17 17 5
12562 13 13 5
12563 15 14 6
12564 20 20 4
12565 14 13 5
12566 11 10 6
12567 18 18 4
12568 12 11 5
12569 13 12 4
12570 10 9 5
12571 17 16 6
12572 6 5 4
12573 18 17 5
12574 15 14 4
12575 14 13 5
12576 17 16 4
12577 12 11 5
12578 13 12 6
12579 14 13 5
12580 9 8 4
12581 12 11 5
12582 23 22 6
12583 12 12 4
12584 12 11 5
12585 15 14 4
12586 12 11 5
12587 13 13 5
12588 13 12 4
12589 10 9 5
12590 9 8 7
12591 13 12 4
12592 14 13 5
12593 7 6 5
12594 15 15 7
12595 13 12 4
12596 16 15 5
12597 23 22 4
12598 12 11 5
12599 11 11 5
12600 9 9 5
12601 11 10 6
12602 10 10 4
12603 18 17 7
12604 11 10 4
12605 14 13 7
12606 9 8 4
12607 12 11 5
12608 13 13 5
12609 15 15 5
12610 21 21 7
12611 25 24 8
12612 14 14 6
12613 14 13 5
12614 11 10 6
12615 12 12 6
12616 14 14 6
12617 12 12 4
12618 12 11 5
12619 17 16 6
12620 10 9 5
12621 17 16 6
12622 12 12 6
12623 16 15 5
12624 17 16 4
12625 16 15 5
12626 11 11 5
12627 9 8 4
12628 14 13 7
12629 17 16 4
12630 14 13 5
12631 13 13 5
12632 13 12 6
12633 20 20 6
12634 18 17 5
12635 11 10 4
12636 14 13 7
12637 9 8 4
12638 10 9 5
12639 9 8 4
12640 12 11 5
12641 15 15 7
12642 11 10 6
12643 8 8 4
12644 18 17 5
12645 19 18 6
12646 18 18 6
12647 14 14 6
12648 12 11 5
12649 7 6 5
12650 15 14 6
12651 10 9 5
12652 13 12 6
12653 22 21 5
12654 11 10 4
12655 14 13 5
12656 11 10 4
12657 12 11 5
12658 9 8 4
12659 6 5 4
12660 12 11 5
12661 17 17 5
12662 7 6 5
12663 13 12 4
12664 16 15 5
12665 15 14 4
12666 12 11 5
12667 7 6 5
12668 13 12 6
12669 16 16 6
12670 14 14 8
12671 14 13 5
12672 11 10 4
12673 16 15 7
12674 15 14 4
12675 12 11 5
12676 13 12 4
12677 16 15 5
12678 11 11 5
12679 13 12 4
12680 20 19 5
12681 21 20 4
12682 12 11 5
12683 9 8 4
12684 12 11 5
12685 11 10 4
12686 14 13 7
12687 7 6 5
12688 9 8 4
12689 16 15 7
12690 17 16 6
12691 20 20 4
12692 12 11 5
12693 13 12 6
12694 10 10 4
12695 18 17 5
12696 13 12 4
12697 16 15 7
12698 11 11 5
12699 19 18 6
12700 8 8 4
12701 10 9 5
12702 17 17 5
12703 11 10 6
12704 12 12 4
12705 10 9 5
12706 15 15 5
12707 9 9 5
12708 9 9 5
12709 7 6 5
12710 9 8 7
12711 25 25 5
12712 19 18 4
12713 12 11 5
12714 21 20 4
12715 16 15 7
12716 21 20 6
12717 14 14 6
12718 10 10 4
12719 6 5 4
12720 6 5 4
12721 20 19 5
12722 5 5 5
12723 10 9 5
12724 17 16 6
12725 14 13 5
12726 13 12 4
12727 10 9 5
12728 9 9 5
12729 13 12 4
12730 10 9 5
12731 11 10 6
12732 16 15 5
12733 19 19 7
12734 19 19 7
12735 13 12 4
12736 10 9 5
12737 13 12 6
12738 14 14 6
12739 14 14 6
12740 12 11 5
12741 13 13 5
12742 5 5 5
12743 12 11 5
12744 5 5 5
12745 12 11 5
12746 11 10 6
12747 6 5 4
12748 16 15 5
12749 15 14 4
12750 14 13 7
12751 13 12 6
12752 6 6 6
12753 11 10 6
12754 14 14 6
12755 14 13 5
12756 19 19 7
12757 15 14 4
12758 12 11 5
12759 11 11 5
12760 7 7 7
12761 14 14 6
12762 16 16 4
12763 14 13 5
12764 13 13 5
12765 5 5 5
12766 10 9 5
12767 9 9 5
12768 21 20 8
12769 14 14 6
12770 8 8 4
12771 12 11 5
12772 23 23 5
12773 11 10 4
12774 6 5 4
12775 10 9 5
12776 11 10 6
12777 8 8 4
12778 14 13 7
12779 15 14 4
12780 10 9 5
12781 15 15 5
12782 17 17 5
12783 15 14 4
12784 6 5 4
12785 14 13 7
12786 9 8 4
12787 12 11 5
12788 9 9 5
12789 9 9 5
12790 17 16 6
12791 18 18 4
12792 18 17 5
12793 7 6 5
12794 11 10 6
12795 10 10 4
12796 12 11 5
12797 9 8 4
12798 18 17 5
12799 17 16 8
12800 12 12 6
12801 10 10 4
12802 12 11 5
12803 13 12 4
12804 14 13 5
12805 11 11 5
12806 9 8 4
12807 16 15 5
12808 11 10 6
12809 10 9 5
12810 13 12 6
12811 10 10 4
12812 14 13 7
12813 11 10 4
12814 12 11 5
12815 9 8 4
12816 10 9 5
12817 17 17 5
12818 9 9 5
12819 15 14 6
12820 12 12 6
12821 12 11 5
12822 15 14 6
12823 18 17 5
12824 23 23 7
12825 9 8 4
12826 12 11 5
12827 15 15 5
12828 11 11 5
12829 13 12 6
12830 8 8 4
12831 14 13 7
12832 13 12 6
12833 12 12 4
12834 10 9 5
12835 9 9 5
12836 9 9 5
12837 23 22 6
12838 8 8 4
12839 24 23 5
12840 9 9 5
12841 13 12 6
12842 12 12 4
12843 8 7 6
12844 6 6 6
12845 9 8 4
12846 18 17 5
12847 15 15 5
12848 11 11 5
12849 15 14 6
12850 14 14 6
12851 16 16 6
12852 10 10 6
12853 10 10 6
12854 16 16 6
12855 6 6 6
12856 11 11 5
12857 17 16 6
12858 16 16 6
12859 10 10 6
12860 10 9 5
12861 17 16 6
12862 18 18 6
12863 12 11 5
12864 21 20 4
12865 20 19 5
12866 19 18 6
12867 8 8 4
12868 16 15 5
12869 9 9 5
12870 9 8 4
12871 12 11 5
12872 17 16 4
12873 16 15 5
12874 13 13 5
12875 19 18 6
12876 18 17 7
12877 13 12 6
12878 8 8 4
12879 16 15 5
12880 15 14 6
12881 16 16 6
12882 12 12 6
12883 6 6 6
12884 11 10 6
12885 12 12 6
12886 10 9 5
12887 11 11 5
12888 11 11 5
12889 11 11 5
12890 11 11 5
12891 15 14 4
12892 12 11 7
12893 11 10 4
12894 12 11 5
12895 13 12 6
12896 16 16 6
12897 12 12 6
12898 16 15 5
12899 15 14 4
12900 14 13 5
12901 21 20 6
12902 12 12 6
12903 10 10 6
12904 8 8 4
12905 6 5 4
12906 12 11 5
12907 15 15 5
12908 15 14 6
12909 10 10 4
12910 12 11 5
12911 17 17 5
12912 11 10 6
12913 8 8 4
12914 10 9 5
12915 11 10 6
12916 12 12 6
12917 20 20 4
12918 18 17 5
12919 15 14 6
12920 6 6 6
12921 15 15 5
12922 17 17 5
12923 23 22 6
12924 14 14 6
12925 18 18 8
12926 6 6 6
12927 13 12 4
12928 12 11 5
12929 15 14 6
12930 14 14 4
12931 6 5 4
12932 14 13 5
12933 13 13 5
12934 17 16 6
12935 12 12 4
12936 16 15 7
12937 13 12 6
12938 10 10 4
12939 6 5 4
12940 18 17 7
12941 13 12 4
12942 20 19 5
12943 11 10 4
12944 16 15 5
12945 17 16 8
12946 8 8 4
12947 16 15 5
12948 17 16 4
12949 18 17 5
12950 11 11 5
12951 9 9 5
12952 13 12 6
12953 10 10 4
12954 12 11 5
12955 9 9 5
12956 11 10 4
12957 12 11 5
12958 13 13 7
12959 13 12 6
12960 20 20 6
12961 10 10 4
12962 12 11 5
12963 15 15 5
12964 9 9 5
12965 7 6 5
12966 13 13 5
12967 17 16 6
12968 10 9 5
12969 13 12 4
12970 20 19 5
12971 15 15 5
12972 15 15 5
12973 11 10 6
12974 18 17 5
12975 9 9 5
12976 17 16 4
12977 12 11 5
12978 11 11 5
12979 11 10 4
12980 16 15 5
12981 15 14 6
12982 12 12 6
12983 8 8 4
12984 12 11 5
12985 11 10 6
12986 12 11 5
12987 13 12 4
12988 10 9 5
12989 11 10 6
12990 16 16 6
12991 16 16 4
12992 18 17 5
12993 23 22 6
12994 6 6 6
12995 11 10 4
12996 10 9 5
12997 7 6 5
12998 15 14 8
12999 8 8 4
13000 10 9 5
13001 11 10 6
13002 22 22 8
13003 10 10 4
13004 14 13 5
13005 15 14 6
13006 14 13 5
13007 13 13 5
13008 13 12 6
13009 28 28 8
13010 14 14 4
13011 12 11 5
13012 15 14 4
13013 16 15 5
13014 17 16 6
13015 8 8 4
13016 16 15 5
13017 11 10 6
13018 14 14 6
13019 14 14 6
13020 12 12 6
13021 16 16 8
13022 8 8 4
13023 20 19 7
13024 17 17 7
13025 11 10 4
13026 6 5 4
13027 10 9 5
13028 11 11 5
13029 15 15 5
13030 5 5 5
13031 10 9 5
13032 17 17 7
13033 9 9 5
13034 13 12 4
13035 14 13 5
13036 9 9 5
13037 13 12 6
13038 14 14 4
13039 16 15 5
13040 15 15 5
13041 13 13 5
13042 15 15 5
13043 11 10 4
13044 18 17 5
13045 11 10 6
13046 8 8 4
13047 14 13 5
13048 13 12 6
13049 8 8 4
13050 14 13 5
13051 15 15 5
13052 9 9 5
13053 11 10 4
13054 12 11 7
13055 23 22 6
13056 10 10 4
13057 12 11 5
13058 17 16 4
13059 16 15 5
13060 17 16 6
13061 14 14 6
13062 12 12 4
13063 18 17 5
13064 13 13 5
13065 11 10 4
13066 12 11 7
13067 17 16 4
13068 16 15 5
13069 9 9 5
13070 9 8 4
13071 20 19 7
13072 15 14 4
13073 10 9 5
13074 15 14 4
13075 20 19 5
13076 13 12 4
13077 22 21 5
13078 19 18 6
13079 20 19 5
13080 21 21 5
13081 15 14 4
13082 24 23 5
13083 17 17 5
13084 13 13 5
13085 15 14 4
13086 28 27 7
13087 9 8 4
13088 22 21 5
13089 13 13 5
13090 19 18 6
13091 12 12 4
13092 36 35 5
13093 17 17 5
13094 19 19 5
13095 11 11 5
13096 15 14 4
13097 14 13 5
13098 13 13 5
13099 19 18 4
13100 16 15 5
13101 15 14 6
13102 14 14 4
13103 20 19 5
13104 15 15 5
13105 15 14 6
13106 10 10 4
13107 20 19 7
13108 21 20 6
13109 26 26 6
13110 36 35 5
13111 11 11 5
13112 27 27 5
13113 15 15 5
13114 25 24 6
13115 26 26 6
13116 18 18 6
13117 12 11 5
13118 11 10 4
13119 26 25 5
13120 11 10 4
13121 16 15 5
13122 13 13 5
13123 13 12 4
13124 18 17 5
13125 21 20 8
13126 12 12 4
13127 16 15 5
13128 15 15 7
13129 21 20 6
13130 18 18 4
13131 18 17 5
13132 25 25 5
13133 25 24 6
13134 18 18 6
13135 16 16 4
13136 22 21 7
13137 27 27 5
13138 23 23 5
13139 23 23 7
13140 29 28 6
13141 22 21 5
13142 17 17 5
13143 21 20 6
13144 12 12 4
13145 14 13 5
13146 25 25 7
13147 31 30 8
13148 28 28 8
13149 40 40 8
13150 26 26 6
13151 18 18 4
13152 26 25 9
13153 45 44 6
13154 32 31 5
13155 45 44 6
13156 22 22 6
13157 28 28 6
13158 40 40 6
13159 26 25 7
13160 31 31 7
13161 39 38 10
13162 24 23 5
13163 49 49 11
13164 33 33 7
13165 39 39 7
13166 25 24 4
13167 22 21 5
13168 31 30 6
13169 26 26 6
13170 18 17 5
13171 39 38 6
13172 56 56 14
13173 22 22 6
13174 36 36 8
13175 24 23 7
13176 35 34 8
13177 28 27 5
13178 35 35 13
13179 67 66 16
13180 34 34 10
13181 46 46 12
13182 36 35 11
13183 41 40 10
13184 48 48 12
13185 30 29 9
13186 23 22 6
13187 30 30 8
13188 40 40 12
13189 30 30 8
13190 32 32 8
13191 36 35 9
13192 37 36 14
13193 36 36 14
13194 46 46 8
13195 32 32 12
13196 56 56 8
13197 30 30 6
13198 38 38 12
13199 36 36 10
13200 42 41 11
13201 33 32 6
13202 42 41 9
13203 47 47 9
13204 27 27 5
13205 37 37 11
13206 31 30 6
13207 46 45 7
13208 31 31 5
13209 31 31 11
13210 27 26 6
13211 28 28 6
13212 24 23 5
13213 35 34 12
13214 34 34 8
13215 32 31 9
13216 15 15 5
13217 25 24 6
13218 34 34 8
13219 38 37 9
13220 17 17 5
13221 19 18 6
13222 32 32 6
13223 16 16 4
13224 22 21 7
13225 29 28 8
13226 26 26 8
13227 24 24 8
13228 12 12 4
13229 24 23 7
13230 29 28 6
13231 34 34 6
13232 24 24 4
13233 22 21 7
13234 27 26 6
13235 24 24 6
13236 36 36 6
13237 28 28 4
13238 20 19 7
13239 35 35 9
13240 31 30 6
13241 32 32 8
13242 36 36 8
13243 24 24 8
13244 34 34 6
13245 24 23 5
13246 31 30 6
13247 20 20 4
13248 28 27 9
13249 23 23 5
13250 21 21 5
13251 23 22 4
13252 22 21 5
13253 19 19 5
13254 21 21 5
13255 25 24 6
13256 26 26 8
13257 12 11 5
13258 27 26 4
13259 18 17 5
13260 17 17 5
13261 27 26 6
13262 26 26 4
13263 26 25 7
13264 13 13 5
13265 17 16 6
13266 14 14 4
13267 22 21 7
13268 17 16 4
13269 18 17 5
13270 21 20 6
13271 18 17 5
13272 15 14 6
13273 24 24 6
13274 12 12 4
13275 14 13 5
13276 25 24 8
13277 14 14 6
13278 16 16 6
13279 18 18 6
13280 14 14 4
13281 16 15 5
13282 21 20 6
13283 16 15 5
13284 25 25 5
13285 13 13 5
13286 15 14 6
13287 18 18 6
13288 18 18 6
13289 10 10 4
13290 14 13 5
13291 19 18 4
13292 20 19 5
13293 15 15 7
13294 11 10 4
13295 20 19 7
13296 19 18 4
13297 18 17 7
13298 11 10 4
13299 12 11 5
13300 21 21 5
13301 17 17 5
13302 11 11 5
13303 25 24 6
13304 18 17 5
13305 17 16 6
13306 16 15 5
13307 9 9 5
13308 15 15 5
13309 11 11 5
13310 15 14 6
13311 22 22 6
13312 16 15 5
13313 11 11 5
13314 21 20 6
13315 18 17 5
13316 17 16 4
13317 12 11 5
13318 9 9 5
13319 5 5 5
13320 12 11 5
13321 15 14 6
13322 10 10 4
13323 24 23 5
13324 21 21 5
13325 15 15 5
13326 11 10 4
13327 12 11 5
13328 11 10 4
13329 16 15 5
13330 25 25 5
13331 15 15 5
13332 19 19 5
13333 11 11 5
13334 11 11 5
13335 5 5 5
13336 12 11 7
13337 5 5 5
13338 18 17 7
13339 19 18 4
13340 6 5 4
13341 16 15 5
13342 17 16 8
13343 18 17 5
13344 17 16 6
13345 8 8 4
13346 10 9 5
13347 15 15 7
13348 7 6 5
13349 9 9 5
13350 13 12 4
13351 16 15 7
13352 15 14 6
13353 12 12 6
13354 18 18 6
13355 6 5 4
13356 12 11 5
13357 15 15 7
13358 11 11 5
13359 15 14 6
13360 18 17 5
13361 13 13 5
13362 19 18 4
13363 6 5 4
13364 12 11 5
13365 15 14 6
13366 16 15 5
13367 9 8 4
13368 14 13 5
13369 13 13 5
13370 13 13 5
13371 19 18 4
13372 10 9 5
13373 13 12 4
13374 10 9 5
13375 13 13 5
13376 17 16 6
13377 12 12 4
13378 14 13 5
13379 13 12 6
13380 8 8 4
13381 10 9 5
13382 17 17 5
13383 11 11 7
13384 15 14 4
13385 18 17 7
13386 13 12 6
13387 12 11 5
13388 13 13 5
13389 17 17 5
13390 13 12 6
13391 10 10 4
13392 16 15 5
13393 13 13 5
13394 13 13 5
13395 15 15 5
13396 15 14 6
13397 14 13 5
13398 13 12 4
13399 10 9 5
13400 21 20 6
13401 14 13 7
13402 17 16 4
13403 18 17 5
13404 17 16 4
13405 14 13 5
13406 15 14 6
13407 14 14 6
13408 14 13 5
13409 7 6 5
13410 13 13 5
13411 13 12 4
13412 12 11 7
13413 11 10 6
13414 6 5 4
13415 10 9 5
13416 9 9 5
13417 11 10 4
13418 14 13 7
13419 17 17 5
13420 11 10 4
13421 14 13 5
13422 13 13 7
13423 13 12 4
13424 14 13 5
13425 13 13 5
13426 5 5 5
13427 18 17 5
13428 17 17 5
13429 15 14 6
13430 20 20 4
13431 6 5 4
13432 18 17 5
13433 15 15 5
13434 11 11 5
13435 15 14 6
13436 16 15 5
13437 13 12 6
13438 12 12 6
13439 10 10 4
13440 12 11 5
13441 17 17 5
13442 17 17 5
13443 15 14 6
13444 12 12 4
13445 16 15 5
13446 9 8 4
13447 12 11 5
13448 13 12 4
13449 12 11 5
13450 15 15 5
13451 11 10 6
13452 12 12 6
13453 10 10 4
13454 14 13 7
13455 9 8 4
13456 10 9 5
13457 13 12 6
13458 16 16 8
13459 8 8 4
13460 12 11 5
13461 11 10 6
13462 22 22 6
13463 6 6 6
13464 15 14 6
13465 8 8 4
13466 16 15 5
13467 11 11 5
13468 13 12 4
13469 12 11 7
13470 21 20 6
13471 24 23 5
13472 11 10 4
13473 16 15 7
13474 11 10 6
13475 10 10 4
13476 10 9 5
13477 13 13 5
13478 11 10 4
13479 12 11 5
13480 15 14 4
13481 16 15 5
13482 13 13 5
13483 29 28 6
13484 14 14 4
13485 12 11 7
13486 11 10 4
13487 10 9 5
13488 13 13 5
13489 11 11 5
13490 15 14 6
13491 12 11 5
13492 15 14 6
13493 16 16 6
13494 10 10 4
13495 10 9 5
13496 15 14 6
13497 14 14 6
13498 12 12 4
13499 12 11 5
13500 15 14 4
13501 24 23 5
13502 9 9 5
13503 13 13 5
13504 23 22 4
13505 18 17 7
13506 15 14 4
13507 10 9 5
13508 19 18 6
13509 8 8 4
13510 16 15 5
13511 9 9 5
13512 15 14 4
13513 20 19 5
13514 25 25 7
13515 17 17 5
13516 13 13 5
13517 39 39 7
13518 15 14 4
13519 20 19 5
13520 29 28 6
13521 24 23 5
13522 23 22 6
13523 28 27 7
13524 29 28 6
13525 36 36 6
13526 18 18 6
13527 28 28 4
13528 28 27 7
13529 21 20 8
13530 16 16 6
13531 42 41 9
13532 23 22 8
13533 34 34 4
13534 34 33 9
13535 31 30 6
13536 16 15 5
13537 25 25 5
13538 21 20 8
13539 22 22 6
13540 32 32 8
13541 36 36 10
13542 36 36 8
13543 32 32 12
13544 26 26 8
13545 16 15 5
13546 19 19 5
13547 19 19 5
13548 25 24 8
13549 34 34 6
13550 24 24 6
13551 20 19 5
13552 23 22 6
13553 26 26 10
13554 18 18 6
13555 22 22 4
13556 44 43 13
13557 17 16 6
13558 20 20 4
13559 46 45 5
13560 19 18 6
13561 26 26 6
13562 14 14 6
13563 18 17 5
13564 13 13 5
13565 15 14 4
13566 14 13 5
13567 23 22 4
13568 26 25 7
13569 31 30 6
13570 14 14 6
13571 28 28 8
13572 16 16 6
13573 22 22 4
13574 30 29 7
13575 21 21 5
13576 17 17 7
13577 23 22 8
13578 22 22 6
13579 24 23 5
13580 39 39 13
13581 19 18 4
13582 24 23 5
13583 19 19 5
13584 31 31 7
13585 29 28 8
13586 16 16 4
13587 32 31 5
13588 17 17 5
13589 27 27 7
13590 37 36 8
13591 36 36 10
13592 26 26 6
13593 20 20 4
13594 50 49 13
13595 11 11 5
13596 27 26 8
13597 30 29 7
13598 27 26 8
13599 12 12 6
13600 32 32 8
13601 26 26 8
13602 16 16 4
13603 38 37 7
13604 19 19 5
13605 21 21 5
13606 21 20 4
13607 26 25 7
13608 39 38 6
13609 28 27 7
13610 17 17 5
13611 19 19 5
13612 25 25 5
13613 23 22 6
13614 18 18 6
13615 14 13 5
13616 29 28 8
13617 22 21 5
13618 25 25 5
13619 17 17 5
13620 15 15 5
13621 27 26 6
13622 18 17 5
13623 13 12 4
13624 14 13 5
13625 13 12 4
13626 28 27 7
13627 21 20 4
13628 12 11 5
13629 23 23 5
13630 21 20 6
13631 12 12 4
13632 24 23 7
13633 17 16 4
13634 20 19 5
13635 17 16 8
13636 32 32 8
13637 12 12 4
13638 16 15 5
13639 9 8 4
13640 18 17 5
13641 19 18 8
13642 14 14 4
13643 22 21 7
13644 11 10 6
13645 8 8 4
13646 20 19 5
13647 13 12 4
13648 20 19 5
13649 15 15 5
13650 13 13 5
13651 21 21 5
13652 11 10 4
13653 16 15 5
13654 13 12 6
13655 16 15 5
13656 11 11 5
13657 19 18 4
13658 24 23 5
13659 17 17 5
13660 17 16 6
13661 12 12 6
13662 22 22 6
13663 12 11 5
13664 19 18 6
13665 20 20 6
13666 12 12 6
13667 16 15 5
13668 11 11 5
13669 17 16 6
13670 16 16 6
13671 12 11 5
13672 11 10 6
13673 16 16 6
13674 8 8 4
13675 14 13 5
13676 13 13 7
13677 19 18 6
13678 14 14 6
13679 16 16 4
13680 6 5 4
13681 22 21 7
13682 25 25 5
13683 21 20 6
13684 30 29 5
13685 21 21 5
13686 17 16 6
13687 18 17 5
13688 15 15 5
13689 11 11 5
13690 19 19 5
13691 17 17 5
13692 17 16 4
13693 18 17 7
13694 23 22 6
13695 24 23 7
13696 13 12 6
13697 24 24 6
13698 10 10 4
13699 26 25 5
13700 13 13 5
13701 13 12 4
13702 20 19 5
13703 29 29 5
13704 9 8 4
13705 26 25 5
13706 17 17 5
13707 19 18 6
13708 24 23 5
13709 13 13 5
13710 17 16 4
13711 28 27 7
13712 21 20 4
13713 14 13 5
13714 11 11 5
13715 15 14 6
13716 20 19 5
13717 27 26 4
13718 24 23 5
13719 35 34 6
13720 24 23 5
13721 25 24 6
13722 12 12 4
13723 24 23 5
13724 27 26 6
13725 8 8 4
13726 28 27 7
13727 27 26 6
13728 26 25 5
13729 25 24 6
13730 14 13 5
13731 21 20 4
13732 26 25 7
13733 17 17 5
13734 17 16 6
13735 20 19 5
13736 21 20 6
13737 14 14 6
13738 16 16 4
13739 12 11 5
13740 21 20 6
13741 16 16 4
13742 14 13 5
13743 11 11 5
13744 17 17 5
13745 21 20 6
13746 12 12 4
13747 16 15 7
13748 11 10 4
13749 12 11 5
13750 13 12 4
13751 14 13 7
13752 15 14 4
13753 18 17 5
13754 15 15 7
13755 13 12 6
13756 22 22 6
13757 16 15 7
13758 13 12 6
13759 24 24 6
13760 20 20 8
13761 12 12 6
13762 10 10 6
13763 18 18 6
13764 12 12 6
13765 10 10 4
13766 22 21 5
13767 13 12 6
13768 8 8 4
13769 16 15 5
13770 13 13 5
13771 15 14 6
13772 16 15 7
13773 13 12 6
13774 16 16 4
13775 12 11 5
13776 15 14 6
13777 12 11 5
13778 15 15 7
13779 15 15 5
13780 17 16 6
13781 10 9 5
13782 17 17 5
13783 19 18 8
13784 16 16 6
13785 14 14 6
13786 16 16 6
13787 18 17 7
13788 17 17 5
13789 11 10 6
13790 22 21 5
13791 19 19 5
13792 9 9 5
13793 13 12 4
13794 22 21 7
13795 15 14 4
13796 16 15 5
13797 17 17 7
13798 13 12 6
13799 10 10 4
13800 18 17 5
13801 19 19 5
13802 13 13 7
13803 31 30 8
13804 18 18 4
13805 12 11 5
13806 21 21 7
13807 13 12 4
13808 20 19 7
13809 15 14 4
13810 16 15 7
13811 11 11 5
13812 15 15 5
13813 15 14 4
13814 14 13 7
13815 19 18 6
13816 14 14 6
13817 10 10 4
13818 18 17 5
13819 11 10 6
13820 18 18 6
13821 18 18 6
13822 20 19 5
13823 7 6 5
13824 15 15 5
13825 13 13 5
13826 13 13 5
13827 11 10 4
13828 6 5 4
13829 14 13 7
13830 11 10 4
13831 10 9 5
13832 9 8 4
13833 12 11 5
13834 9 9 5
13835 17 16 6
13836 6 5 4
13837 12 11 5
13838 11 11 5
13839 19 18 6
13840 14 14 6
13841 10 10 6
13842 12 12 4
13843 14 13 5
13844 15 15 5
13845 7 7 7
13846 16 16 6
13847 12 11 7
13848 9 8 4
13849 14 13 5
13850 11 10 6
13851 22 22 8
13852 8 8 4
13853 10 9 5
13854 9 9 5
13855 9 8 4
13856 10 9 5
13857 17 17 7
13858 17 16 4
13859 12 11 5
13860 19 18 4
13861 12 11 5
13862 9 9 5
13863 21 20 6
13864 10 10 4
13865 12 11 5
13866 23 22 4
13867 26 25 5
13868 13 13 5
13869 15 15 5
13870 27 26 6
13871 28 27 5
13872 21 21 7
13873 21 20 6
13874 16 15 5
13875 19 18 6
13876 18 18 4
13877 26 25 5
13878 25 25 5
13879 27 26 6
13880 38 37 9
13881 17 17 5
13882 21 21 5
13883 17 16 4
13884 22 21 5
13885 39 38 8
13886 26 25 5
13887 19 19 5
13888 17 16 4
13889 22 21 7
13890 37 36 6
13891 32 31 7
13892 31 30 8
13893 26 25 5
13894 27 27 9
13895 37 37 11
13896 35 34 8
13897 20 20 6
13898 42 42 12
13899 26 25 9
13900 23 23 5
13901 55 54 12
13902 42 42 8
13903 46 46 12
13904 40 40 8
13905 28 28 6
13906 46 45 17
13907 37 37 5
13908 15 15 5
13909 19 18 6
13910 46 46 16
13911 40 40 12
13912 32 31 9
13913 33 33 9
13914 21 21 7
13915 45 44 20
13916 32 32 6
13917 24 24 6
13918 32 32 8
13919 36 35 7
13920 23 23 9
13921 23 22 6
13922 26 25 7
13923 29 28 8
13924 24 24 8
13925 14 13 5
13926 15 14 4
13927 32 31 7
13928 25 25 7
13929 25 25 11
13930 21 20 6
13931 30 29 5
13932 17 17 5
13933 19 19 5
13934 21 20 4
13935 34 33 5
13936 19 19 5
13937 19 18 6
13938 20 20 4
13939 22 21 7
13940 29 28 6
13941 42 41 15
13942 23 23 7
13943 29 28 8
13944 18 18 6
13945 22 22 6
13946 20 20 8
13947 20 20 4
13948 28 27 7
13949 19 19 5
13950 31 31 9
13951 21 21 7
13952 15 14 6
13953 20 20 6
13954 14 13 5
13955 21 20 8
13956 24 24 6
13957 12 12 4
13958 14 13 5
13959 27 27 5
13960 17 17 5
13961 15 15 5
13962 17 16 4
13963 12 11 5
13964 41 40 6
13965 22 22 6
13966 30 29 5
13967 27 26 6
13968 12 12 4
13969 18 17 5
13970 37 36 6
13971 18 18 6
13972 16 16 4
13973 18 17 5
13974 25 25 5
13975 33 32 8
13976 34 33 9
13977 27 26 4
13978 44 43 7
13979 19 19 5
13980 35 34 8
13981 32 32 6
13982 30 30 6
13983 36 35 9
13984 27 26 4
13985 22 21 5
13986 25 25 5
13987 29 29 5
13988 39 39 5
13989 23 23 9
13990 29 28 4
13991 22 21 7
13992 33 32 6
13993 20 20 4
13994 28 27 7
13995 19 19 5
13996 17 16 6
13997 32 31 7
13998 19 18 4
13999 24 23 5
14000 17 17 5
14001 31 31 5
14002 17 17 5
14003 31 30 6
14004 16 15 7
14005 19 18 6
14006 14 14 4
14007 16 15 5
14008 25 25 7
14009 13 12 4
14010 16 15 5
14011 21 20 6
14012 16 16 4
14013 26 25 5
14014 11 10 4
14015 18 17 5
14016 19 19 5
14017 19 18 4
14018 14 13 5
14019 25 24 6
14020 26 26 6
14021 22 22 6
14022 18 18 6
14023 10 9 5
14024 23 22 4
14025 24 23 5
14026 25 24 6
14027 24 24 6
14028 20 20 4
14029 24 23 5
14030 29 29 5
14031 33 33 7
14032 17 16 4
14033 28 27 5
14034 27 26 4
14035 36 35 7
14036 21 20 6
14037 26 26 4
14038 18 17 5
14039 27 26 8
14040 36 35 7
14041 31 30 4
14042 18 17 5
14043 17 17 5
14044 25 24 4
14045 30 29 7
14046 19 19 5
14047 25 24 6
14048 26 26 6
14049 22 22 4
14050 14 13 7
14051 33 32 8
14052 16 15 5
14053 21 21 5
14054 17 17 5
14055 17 17 5
14056 15 15 5
14057 15 14 4
14058 22 21 5
14059 23 22 6
14060 12 11 5
14061 23 22 6
14062 14 14 4
14063 18 17 5
14064 17 17 5
14065 15 14 4
14066 24 23 5
14067 15 14 4
14068 26 25 5
14069 15 14 4
14070 16 15 5
14071 17 17 5
14072 13 12 6
14073 32 31 7
14074 11 11 5
14075 15 15 5
14076 13 13 5
14077 15 14 6
14078 12 12 6
14079 14 14 6
14080 20 20 4
14081 16 15 5
14082 17 17 5
14083 15 14 6
14084 16 16 4
14085 16 15 5
14086 19 19 7
14087 15 14 6
14088 14 13 5
14089 13 12 6
14090 14 14 6
14091 14 13 5
14092 11 11 5
14093 17 17 5
14094 19 19 5
14095 11 11 5
14096 11 11 5
14097 15 15 5
14098 21 20 6
14099 14 13 5
14100 17 17 5
14101 13 12 6
14102 22 22 4
14103 18 17 5
14104 11 11 5
14105 11 11 5
14106 9 8 4
14107 18 17 5
14108 17 16 4
14109 12 11 5
14110 13 13 5
14111 17 16 6
14112 14 13 5
14113 17 17 5
14114 19 19 5
14115 7 6 5
14116 13 13 5
14117 21 20 4
14118 16 15 5
14119 17 17 5
14120 17 17 7
14121 23 22 4
14122 10 9 5
14123 17 16 6
14124 14 14 4
14125 20 19 7
14126 21 20 4
14127 18 17 5
14128 17 16 6
14129 16 16 4
14130 20 19 5
14131 11 10 6
14132 12 12 6
14133 18 17 5
14134 25 25 5
14135 27 27 5
14136 19 19 5
14137 17 17 5
14138 21 20 6
14139 20 19 5
14140 13 12 4
14141 12 11 5
14142 19 18 4
14143 12 11 5
14144 13 12 4
14145 28 27 5
14146 19 18 6
14147 14 14 4
14148 24 23 5
14149 13 13 5
14150 11 11 5
14151 9 8 4
14152 10 9 5
14153 11 11 5
14154 13 13 5
14155 19 19 7
14156 11 10 4
14157 12 11 5
14158 19 19 5
14159 9 9 5
14160 15 15 5
14161 15 14 4
14162 20 19 5
14163 23 22 6
14164 12 12 4
14165 16 15 7
14166 9 8 4
14167 14 13 7
14168 17 16 6
14169 20 20 4
14170 10 9 5
14171 11 10 6
14172 26 26 6
14173 18 17 5
14174 21 20 4
14175 22 21 7
14176 9 9 5
14177 19 18 6
14178 6 6 6
14179 11 10 6
14180 12 12 6
14181 14 13 5
14182 11 10 4
14183 16 15 5
14184 25 24 6
14185 10 9 5
14186 13 13 5
14187 11 10 4
14188 10 9 5
14189 17 16 4
14190 22 21 7
14191 27 27 5
14192 21 20 4
14193 16 15 5
14194 15 15 7
14195 25 24 6
14196 14 14 4
14197 20 19 5
14198 17 16 6
14199 16 15 5
14200 21 20 4
14201 18 17 7
14202 13 12 6
14203 12 12 4
14204 14 13 5
14205 17 17 5
14206 19 18 6
14207 6 5 4
14208 20 19 5
14209 17 16 6
14210 22 22 6
14211 18 18 6
14212 10 10 4
14213 18 17 5
14214 9 8 4
14215 12 11 5
14216 15 14 6
14217 16 15 5
14218 19 18 4
14219 12 11 5
14220 15 14 6
14221 16 16 6
14222 16 15 5
14223 5 5 5
14224 20 19 5
14225 19 19 7
14226 25 24 6
14227 16 16 4
14228 18 17 5
14229 17 16 6
14230 18 18 4
14231 20 19 5
14232 27 27 5
14233 11 10 4
14234 18 17 7
14235 25 24 6
14236 18 18 4
14237 26 25 7
14238 23 22 4
14239 22 21 5
14240 11 11 5
14241 11 11 5
14242 9 9 5
14243 17 16 4
14244 34 33 7
14245 33 32 8
14246 16 16 4
14247 18 17 7
14248 9 8 4
14249 22 21 7
14250 15 14 6
14251 12 12 4
14252 30 29 5
14253 15 15 5
14254 25 24 6
14255 16 16 6
14256 10 10 4
14257 22 21 5
14258 15 14 6
14259 20 20 4
14260 26 25 7
14261 25 25 7
14262 33 32 8
14263 16 16 6
14264 8 8 4
14265 26 25 5
14266 15 14 6
14267 30 30 6
14268 10 10 4
14269 12 11 5
14270 25 24 6
14271 30 30 8
14272 30 29 5
14273 19 18 4
14274 30 29 7
14275 25 25 5
14276 21 21 9
14277 17 16 6
14278 26 26 8
14279 34 33 7
14280 27 27 7
14281 41 41 9
14282 27 26 6
14283 34 34 8
14284 24 23 5
14285 23 23 5
14286 23 23 5
14287 29 28 4
14288 30 29 5
14289 31 31 5
14290 31 30 6
14291 22 21 5
14292 29 28 6
14293 38 38 6
14294 32 31 5
14295 37 36 6
14296 34 34 12
14297 36 36 8
14298 30 29 7
14299 45 45 9
14300 35 34 8
14301 26 25 7
14302 35 34 14
14303 54 54 12
14304 24 23 5
14305 41 40 8
14306 34 34 12
14307 42 42 10
14308 36 36 10
14309 36 36 6
14310 34 33 7
14311 39 38 10
14312 44 43 7
14313 41 41 7
14314 15 15 5
14315 43 43 11
14316 61 61 15
14317 29 28 6
14318 48 47 9
14319 39 38 12
14320 36 36 12
14321 44 43 9
14322 33 33 9
14323 17 17 7
14324 45 44 12
14325 24 24 8
14326 32 31 9
14327 33 32 6
14328 40 40 8
14329 32 31 9
14330 19 19 5
14331 47 46 16
14332 42 42 10
14333 36 36 10
14334 50 50 14
14335 46 46 14
14336 46 46 14
14337 40 40 16
14338 22 22 8
14339 46 46 12
14340 32 32 8
14341 54 53 15
14342 19 18 6
14343 38 38 6
14344 36 35 5
14345 45 45 11
14346 45 44 10
14347 30 29 7
14348 37 37 7
14349 31 31 9
14350 25 25 5
14351 13 13 5
14352 27 27 5
14353 21 21 7
14354 21 21 5
14355 37 36 10
14356 30 30 6
14357 36 35 7
14358 21 21 5
14359 37 37 11
14360 27 27 9
14361 29 28 6
14362 26 26 6
14363 32 31 5
14364 21 20 6
14365 30 29 7
14366 21 20 4
14367 34 33 7
14368 17 17 5
14369 35 35 7
14370 33 32 6
14371 40 40 10
14372 22 21 5
14373 25 25 7
14374 25 24 6
14375 22 22 4
14376 32 31 7
14377 31 30 8
14378 30 30 6
14379 30 29 7
14380 21 21 5
14381 31 31 7
14382 19 19 5
14383 23 22 6
14384 28 28 8
14385 18 17 5
14386 23 22 4
14387 18 17 5
14388 39 39 7
14389 17 17 5
14390 23 23 7
14391 17 16 6
14392 14 14 4
14393 28 27 7
14394 25 24 6
14395 24 24 6
14396 16 16 6
14397 36 35 5
14398 39 39 5
14399 33 33 9
14400 21 20 6
14401 16 15 5
14402 33 33 7
14403 29 28 6
14404 40 40 8
14405 26 26 8
14406 26 26 4
14407 24 23 5
14408 25 25 7
14409 15 15 5
14410 19 19 5
14411 31 30 6
14412 26 26 6
14413 20 20 4
14414 18 17 5
14415 29 28 4
14416 22 21 7
14417 23 22 6
14418 28 28 6
14419 18 18 4
14420 20 19 7
14421 17 16 4
14422 16 15 5
14423 21 20 4
14424 30 29 5
14425 33 33 5
14426 19 18 6
14427 38 38 8
14428 18 17 5
14429 23 22 6
14430 26 26 4
14431 28 27 5
14432 23 22 6
14433 30 30 4
14434 28 27 7
14435 21 20 4
14436 18 17 5
14437 23 22 8
14438 18 18 6
14439 14 14 6
14440 26 26 6
14441 26 25 5
14442 17 16 6
14443 14 14 4
14444 12 11 5
14445 19 18 6
14446 14 14 4
14447 12 11 5
14448 15 14 4
14449 20 19 5
14450 23 22 6
14451 20 19 7
14452 15 14 6
14453 22 22 6
14454 12 12 6
14455 12 12 4
14456 24 23 7
14457 17 16 4
14458 14 13 5
14459 17 16 4
14460 6 5 4
14461 10 9 5
14462 21 20 6
14463 12 12 4
14464 18 17 7
14465 19 18 6
14466 12 12 4
14467 12 11 5
14468 11 11 5
14469 11 11 5
14470 15 15 5
14471 27 27 5
14472 17 16 6
14473 16 16 4
14474 10 9 5
14475 7 6 5
14476 17 17 7
14477 9 8 4
14478 18 17 5
14479 7 7 7
14480 14 13 5
14481 15 14 6
14482 14 14 6
14483 12 12 4
14484 10 9 5
14485 9 8 4
14486 10 9 5
14487 11 10 6
14488 28 27 5
14489 17 17 5
14490 13 12 4
14491 16 15 5
14492 19 18 6
14493 8 8 4
14494 14 13 5
14495 11 10 4
14496 18 17 5
14497 11 11 5
14498 13 12 4
14499 24 23 5
14500 19 18 4
14501 12 11 5
14502 5 5 5
14503 10 9 5
14504 13 12 6
14505 16 16 6
14506 12 11 5
14507 11 10 6
14508 14 14 6
14509 18 18 6
14510 18 18 6
14511 18 18 4
14512 10 9 5
14513 11 10 4
14514 26 25 7
14515 7 6 5
14516 11 10 6
14517 10 10 4
14518 14 13 5
14519 11 11 5
14520 11 10 6
14521 18 18 4
14522 14 13 5
14523 15 15 5
14524 11 10 4
14525 12 11 7
14526 19 18 4
14527 10 9 5
14528 13 12 4
14529 16 15 5
14530 15 14 6
14531 12 12 6
14532 14 14 6
14533 8 8 4
14534 16 15 5
14535 7 7 7
14536 16 16 6
14537 10 10 6
14538 16 16 6
14539 16 16 6
14540 12 12 6
14541 12 11 5
14542 9 8 4
14543 18 17 5
14544 15 15 7
14545 17 16 6
14546 26 26 4
14547 16 15 5
14548 15 14 6
14549 12 12 4
14550 10 9 5
14551 19 19 5
14552 15 15 5
14553 19 18 6
14554 18 18 4
14555 22 21 7
14556 15 15 5
14557 21 21 5
14558 13 12 6
14559 6 6 6
14560 11 10 6
14561 10 9 5
14562 17 16 6
14563 18 18 6
14564 14 14 4
14565 12 11 5
14566 13 12 6
14567 12 12 4
14568 12 11 5
14569 13 12 4
14570 10 9 5
14571 25 25 5
14572 13 12 4
14573 16 15 5
14574 11 10 4
14575 6 5 4
14576 16 15 7
14577 9 8 4
14578 6 5 4
14579 12 11 5
14580 9 8 4
14581 16 15 7
14582 17 16 6
14583 14 14 4
14584 16 15 5
14585 13 13 5
14586 15 14 6
14587 14 13 7
14588 13 12 4
14589 14 13 7
14590 15 14 6
14591 16 16 6
14592 18 18 8
14593 10 10 4
14594 16 15 5
14595 9 9 5
14596 5 5 5
14597 16 15 5
14598 11 10 4
14599 12 11 5
14600 9 9 5
14601 7 6 5
14602 13 12 4
14603 12 11 5
14604 19 18 6
14605 12 12 6
14606 10 10 4
14607 16 15 5
14608 13 12 6
14609 6 5 4
14610 10 9 5
14611 19 18 6
14612 14 14 6
14613 12 12 6
14614 12 12 6
14615 10 10 6
14616 10 10 4
14617 18 17 5
14618 17 17 7
14619 17 16 6
14620 16 15 5
14621 11 11 5
14622 13 13 5
14623 5 5 5
14624 18 17 5
14625 9 9 5
14626 17 17 7
14627 9 8 4
14628 12 11 5
14629 9 9 5
14630 15 14 6
14631 12 12 6
14632 12 11 5
14633 5 5 5
14634 16 15 7
14635 13 12 4
14636 10 9 5
14637 19 18 4
14638 14 13 5
14639 17 16 6
14640 24 24 6
14641 18 17 5
14642 25 24 6
14643 12 11 5
14644 13 12 4
14645 6 5 4
14646 14 13 5
14647 9 9 5
14648 9 8 4
14649 12 11 5
14650 17 16 6
14651 16 15 5
14652 13 13 5
14653 9 9 5
14654 17 17 5
14655 13 12 6
14656 14 13 5
14657 11 11 5
14658 11 10 4
14659 16 15 7
14660 13 12 6
14661 24 24 6
14662 6 6 6
14663 15 14 6
14664 12 12 4
14665 14 13 5
14666 17 17 5
14667 19 19 5
14668 15 15 5
14669 19 18 6
14670 20 20 4
14671 16 15 5
14672 17 17 5
14673 11 10 4
14674 10 9 5
14675 13 12 4
14676 20 19 5
14677 13 13 5
14678 21 20 8
14679 10 10 4
14680 14 13 5
14681 15 14 6
14682 14 13 5
14683 15 14 6
14684 14 14 6
14685 18 18 6
14686 10 10 4
14687 20 19 5
14688 13 12 4
14689 12 11 5
14690 13 12 4
14691 12 11 5
14692 7 7 7
14693 10 10 4
14694 14 13 5
14695 15 14 6
14696 16 15 5
14697 11 10 4
14698 10 9 5
14699 11 10 4
14700 14 13 5
14701 11 11 5
14702 13 12 6
14703 10 10 4
14704 10 9 5
14705 21 20 6
14706 6 6 6
14707 15 15 5
14708 19 18 6
14709 20 20 6
14710 24 23 5
14711 15 15 5
14712 11 11 5
14713 9 8 4
14714 14 13 5
14715 17 16 6
14716 16 16 6
14717 16 16 6
14718 12 11 5
14719 19 19 5
14720 13 13 5
14721 15 14 6
14722 10 10 6
14723 12 12 4
14724 16 15 5
14725 13 12 4
14726 10 9 5
14727 21 21 7
14728 17 16 4
14729 14 13 5
14730 21 21 7
14731 17 16 4
14732 28 27 5
14733 5 5 5
14734 10 9 5
14735 13 13 5
14736 13 12 4
14737 10 9 5
14738 15 15 5
14739 9 8 4
14740 12 11 5
14741 7 7 7
14742 12 12 4
14743 16 15 7
14744 23 22 4
14745 10 9 5
14746 19 19 7
14747 11 11 5
14748 9 8 4
14749 14 13 5
14750 15 15 7
14751 9 8 4
14752 18 17 5
14753 15 15 5
14754 13 13 5
14755 11 10 6
14756 20 20 4
14757 14 13 5
14758 17 17 5
14759 15 15 7
14760 17 16 6
14761 10 10 4
14762 12 11 5
14763 17 16 8
14764 14 14 4
14765 14 13 5
14766 15 14 6
14767 14 14 4
14768 14 13 5
14769 21 20 6
14770 18 18 6
14771 8 8 4
14772 12 11 5
14773 29 29 5
14774 15 15 5
14775 15 14 6
14776 20 20 6
14777 12 12 4
14778 14 13 5
14779 13 13 5
14780 13 12 4
14781 16 15 5
14782 11 11 5
14783 19 18 4
14784 16 15 5
14785 13 12 4
14786 16 15 7
14787 13 12 4
14788 14 13 5
14789 25 24 4
14790 18 17 5
14791 13 12 4
14792 16 15 5
14793 19 19 5
14794 17 16 6
14795 14 13 5
14796 15 15 5
14797 17 16 6
14798 18 17 5
14799 11 11 5
14800 11 11 5
14801 19 18 8
14802 14 14 4
14803 16 15 5
14804 13 12 6
14805 18 17 5
14806 7 7 7
14807 12 12 4
14808 16 15 5
14809 17 17 5
14810 17 17 7
14811 37 36 4
14812 22 21 5
14813 17 17 5
14814 25 24 6
14815 24 24 6
14816 30 30 6
14817 32 32 4
14818 32 31 5
14819 25 25 5
14820 37 37 9
14821 33 33 7
14822 33 33 5
14823 21 20 4
14824 26 25 5
14825 33 33 7
14826 23 23 7
14827 37 36 8
14828 40 40 8
14829 44 44 8
14830 26 26 6
14831 34 33 9
14832 19 18 4
14833 38 37 7
14834 37 36 8
14835 20 20 4
14836 36 35 7
14837 25 24 4
14838 24 23 5
14839 19 19 7
14840 19 18 4
14841 26 25 5
14842 27 26 6
14843 24 23 5
14844 15 15 5
14845 19 18 6
14846 24 24 6
14847 26 26 6
14848 34 34 6
14849 34 34 8
14850 16 16 4
14851 26 25 7
14852 31 30 6
14853 42 42 6
14854 24 24 8
14855 24 24 8
14856 20 20 4
14857 22 21 5
14858 19 19 5
14859 21 20 6
14860 18 18 4
14861 22 21 5
14862 31 30 6
14863 24 24 4
14864 30 29 5
14865 21 21 5
14866 29 28 6
14867 14 14 4
14868 18 17 5
14869 29 29 7
14870 13 13 5
14871 23 23 5
14872 23 23 5
14873 15 14 4
14874 20 19 5
14875 9 9 5
14876 19 19 5
14877 15 15 5
14878 17 17 5
14879 11 10 4
14880 26 25 5
14881 21 21 7
14882 15 14 4
14883 22 21 5
14884 15 15 7
14885 21 20 4
14886 22 21 5
14887 25 25 7
14888 35 34 6
14889 20 19 7
14890 23 22 4
14891 32 31 9
14892 19 19 7
14893 17 16 6
14894 36 35 11
14895 19 19 5
14896 23 22 4
14897 18 17 5
14898 19 18 6
14899 28 27 7
14900 27 26 6
14901 20 19 5
14902 21 20 8
14903 10 10 4
14904 18 17 7
14905 27 27 5
14906 25 24 4
14907 24 23 5
14908 13 13 5
14909 15 15 5
14910 33 33 7
14911 13 12 4
14912 16 15 5
14913 23 23 5
14914 17 17 5
14915 21 20 6
14916 14 13 5
14917 21 20 4
14918 22 21 5
14919 21 21 5
14920 27 27 7
14921 15 14 4
14922 38 37 9
14923 35 34 6
14924 14 13 5
14925 17 17 5
14926 21 20 6
14927 22 22 4
14928 26 25 5
14929 23 23 5
14930 25 24 6
14931 18 17 5
14932 23 22 6
14933 16 16 6
14934 28 28 6
14935 18 17 5
14936 23 23 5
14937 19 19 5
14938 33 32 8
14939 20 20 6
14940 22 22 6
14941 30 30 6
14942 14 14 4
14943 20 19 5
14944 15 15 5
14945 11 11 5
14946 23 22 6
14947 22 22 8
14948 22 21 5
14949 21 20 4
14950 10 9 5
14951 9 8 4
14952 18 17 7
14953 19 18 4
14954 10 9 5
14955 15 14 4
14956 16 15 5
14957 11 11 5
14958 15 14 6
14959 10 10 4
14960 18 17 5
14961 17 16 6
14962 20 20 6
14963 14 14 4
14964 14 13 5
14965 11 11 7
14966 21 20 4
14967 22 21 5
14968 21 21 5
14969 11 11 5
14970 15 14 4
14971 20 19 7
14972 13 13 5
14973 21 20 6
14974 12 12 4
14975 14 13 5
14976 13 12 6
14977 18 17 5
14978 13 12 4
14979 10 9 5
14980 17 16 6
14981 12 12 4
14982 14 13 5
14983 13 12 6
14984 12 12 6
14985 16 16 6
14986 10 9 5
14987 19 19 5
14988 9 9 5
14989 11 10 4
14990 16 15 5
14991 17 16 6
14992 16 16 6
14993 16 16 4
14994 14 13 5
14995 13 13 5
14996 17 17 5
14997 11 11 5
14998 13 13 5
14999 21 21 5
15000 11 11 5
15001 11 10 6
15002 16 16 6
15003 16 16 6
15004 10 9 5
15005 23 22 6
15006 16 16 4
15007 22 21 7
15008 13 13 5
15009 15 14 4
15010 18 17 7
15011 11 10 4
15012 18 17 5
15013 17 16 4
15014 12 11 5
15015 13 13 5
15016 19 19 7
15017 13 12 6
15018 8 8 4
15019 14 13 5
15020 13 12 4
15021 12 11 5
15022 17 16 6
15023 16 15 5
15024 15 14 6
15025 12 12 6
15026 12 12 4
15027 10 9 5
15028 17 16 6
15029 10 10 6
15030 16 16 6
15031 16 16 4
15032 16 15 5
15033 15 15 5
15034 9 8 4
15035 14 13 7
15036 13 12 4
15037 20 19 7
15038 13 12 4
15039 22 21 5
15040 17 16 6
15041 10 10 4
15042 14 13 5
15043 15 14 6
15044 10 9 5
15045 17 17 7
15046 13 12 4
15047 14 13 5
15048 23 23 5
15049 15 15 5
15050 17 16 6
15051 8 8 4
15052 10 9 5
15053 11 11 5
15054 13 12 6
15055 14 14 6
15056 12 12 4
15057 16 15 5
15058 19 19 7
15059 15 14 4
15060 16 15 5
15061 15 14 6
15062 10 10 6
15063 10 10 4
15064 12 11 5
15065 15 15 7
15066 23 23 7
15067 9 8 4
15068 18 17 5
15069 23 23 5
15070 15 15 5
15071 11 10 6
15072 16 16 6
15073 10 9 5
15074 17 16 6
15075 8 8 4
15076 22 21 7
15077 13 12 6
15078 18 18 6
15079 12 12 4
15080 10 9 5
15081 13 13 7
15082 9 9 5
15083 13 13 5
15084 17 16 6
15085 10 9 5
15086 9 9 5
15087 17 16 6
15088 16 15 5
15089 19 18 6
15090 14 13 5
15091 19 18 4
15092 16 15 5
15093 21 21 7
15094 15 15 5
15095 17 16 6
15096 18 18 4
15097 22 21 5
15098 13 12 4
15099 18 17 5
15100 9 9 5
15101 23 22 6
15102 18 17 5
15103 19 18 8
15104 22 22 8
15105 16 16 6
15106 24 24 4
15107 22 21 5
15108 21 21 5
15109 21 21 5
15110 21 21 5
15111 7 7 7
15112 14 14 6
15113 16 16 6
15114 26 26 4
15115 26 25 7
15116 17 16 4
15117 24 23 7
15118 9 8 4
15119 16 15 5
15120 15 14 4
15121 24 23 5
15122 15 15 5
15123 19 18 6
15124 16 15 5
15125 13 13 5
15126 19 18 4
15127 16 15 5
15128 17 16 4
15129 18 17 5
15130 23 22 6
15131 26 25 5
15132 17 16 4
15133 16 15 5
15134 17 17 5
15135 13 13 5
15136 25 24 6
15137 20 19 5
15138 11 10 4
15139 12 11 5
15140 21 20 4
15141 22 21 5
15142 15 14 8
15143 12 12 4
15144 14 13 5
15145 23 22 6
15146 18 18 6
15147 14 14 4
15148 20 19 5
15149 15 14 6
15150 18 18 4
15151 20 19 5
15152 15 15 5
15153 33 32 6
15154 28 27 5
15155 19 18 4
15156 16 15 5
15157 19 18 4
15158 20 19 5
15159 21 20 6
15160 38 38 6
15161 34 34 6
15162 30 30 6
15163 22 22 6
15164 28 27 9
15165 21 21 5
15166 37 36 6
15167 24 24 6
15168 26 26 8
15169 44 43 7
15170 31 31 5
15171 33 32 6
15172 28 28 6
15173 20 19 5
15174 39 38 8
15175 20 19 5
15176 37 37 5
15177 29 28 8
15178 34 33 11
15179 35 34 4
15180 38 37 11
15181 33 33 11
15182 33 32 12
15183 28 27 9
15184 31 30 8
15185 28 28 6
15186 18 17 5
15187 49 49 15
15188 41 40 6
15189 40 40 10
15190 26 26 6
15191 42 41 9
15192 31 31 7
15193 29 28 8
15194 34 34 6
15195 18 17 5
15196 27 27 5
15197 41 41 15
15198 31 30 8
15199 14 14 6
15200 30 30 6
15201 36 35 7
15202 29 29 5
15203 17 16 4
15204 16 15 5
15205 31 31 7
15206 25 25 7
15207 43 43 13
15208 17 16 4
15209 22 21 5
15210 33 33 7
15211 29 29 11
15212 27 26 10
15213 24 23 5
15214 21 21 5
15215 33 32 6
15216 18 18 6
15217 38 37 7
15218 31 30 6
15219 14 14 6
15220 26 26 10
15221 20 19 5
15222 29 28 8
15223 24 24 6
15224 28 28 8
15225 34 34 10
15226 26 26 6
15227 24 23 5
15228 19 18 6
15229 30 30 6
15230 18 18 4
15231 26 25 7
15232 25 24 8
15233 36 35 5
15234 17 17 5
15235 39 39 13
15236 23 23 9
15237 19 19 5
15238 23 23 7
15239 31 31 9
15240 35 35 9
15241 21 20 10
15242 24 24 8
15243 34 34 14
15244 26 26 6
15245 34 33 13
15246 33 33 9
15247 25 24 6
15248 30 30 10
15249 36 36 8
15250 18 18 6
15251 18 18 6
15252 18 18 6
15253 24 23 7
15254 27 26 10
15255 34 34 10
15256 20 20 6
15257 18 17 7
15258 29 28 10
15259 34 34 6
15260 20 20 6
15261 24 24 6
15262 24 24 6
15263 26 26 8
15264 16 16 4
15265 24 23 7
15266 37 36 6
15267 24 23 9
15268 25 24 6
15269 16 16 4
15270 16 15 5
15271 21 20 4
15272 14 13 5
15273 37 36 10
15274 36 35 5
15275 21 21 5
15276 21 20 8
15277 22 21 5
15278 33 33 11
15279 17 16 4
15280 24 23 5
15281 13 12 4
15282 24 23 5
15283 39 38 6
15284 20 19 5
15285 25 24 8
15286 16 15 7
15287 25 24 6
15288 22 22 4
15289 26 25 5
15290 23 22 8
15291 34 34 8
15292 28 28 6
15293 20 19 7
15294 33 32 6
15295 16 16 4
15296 14 13 5
15297 21 21 5
15298 33 32 6
15299 14 14 6
15300 26 25 5
15301 17 16 4
15302 14 13 5
15303 13 13 5
15304 21 20 8
15305 26 26 4
15306 26 25 5
15307 23 23 7
15308 29 28 4
15309 30 29 9
15310 33 32 8
15311 22 22 6
15312 18 18 6
15313 26 26 8
15314 40 40 6
15315 20 20 6
15316 30 29 5
15317 19 18 6
15318 22 22 6
15319 16 16 6
15320 14 14 6
15321 22 22 6
15322 16 16 6
15323 26 26 6
15324 28 28 8
15325 18 18 6
15326 16 16 4
15327 16 15 5
15328 13 12 4
15329 16 15 5
15330 21 21 5
15331 17 16 4
15332 20 19 5
15333 19 18 6
15334 18 18 4
15335 16 15 5
15336 15 14 6
15337 14 14 4
15338 20 19 5
15339 21 20 6
15340 12 11 5
15341 15 14 4
15342 14 13 5
15343 15 14 6
15344 20 20 4
15345 16 15 5
15346 15 14 4
15347 22 21 5
15348 23 22 6
15349 20 20 4
15350 16 15 5
15351 13 13 7
15352 21 20 4
15353 18 17 5
15354 19 18 4
15355 30 29 5
15356 15 15 5
15357 21 21 5
15358 17 17 5
15359 19 19 5
15360 25 24 8
15361 20 20 6
15362 16 15 5
15363 19 18 6
15364 14 14 4
15365 10 9 5
15366 17 16 6
15367 20 20 6
15368 16 16 4
15369 14 13 5
15370 21 21 5
15371 21 20 6
15372 24 23 7
15373 39 38 8
15374 20 19 5
15375 23 23 5
15376 17 17 5
15377 21 20 6
15378 20 20 6
15379 20 19 5
15380 33 32 8
15381 22 22 8
15382 22 22 6
15383 16 16 4
15384 26 25 7
15385 15 14 4
15386 30 29 7
15387 25 25 5
15388 21 21 5
15389 29 29 7
15390 21 21 5
15391 11 10 4
15392 20 19 5
15393 29 29 5
15394 31 30 8
15395 26 26 6
15396 24 24 4
15397 20 19 5
15398 23 23 5
15399 11 11 5
15400 35 34 6
15401 22 22 4
15402 14 13 5
15403 17 16 6
15404 12 12 4
15405 14 13 5
15406 13 13 5
15407 15 14 6
15408 18 18 6
15409 16 16 6
15410 32 31 7
15411 21 20 6
15412 28 27 5
15413 23 23 5
15414 25 25 5
15415 15 14 6
15416 16 15 5
15417 21 20 6
15418 16 16 4
15419 20 19 5
15420 21 21 5
15421 11 10 4
15422 28 27 9
15423 31 30 10
15424 14 13 5
15425 13 12 4
15426 30 29 5
15427 17 16 6
15428 14 14 4
15429 14 13 5
15430 21 21 7
15431 17 16 6
15432 12 12 6
15433 16 16 4
15434 16 15 5
15435 13 13 5
15436 11 11 5
15437 17 17 5
15438 23 22 6
15439 32 32 4
15440 16 15 7
15441 23 22 4
15442 20 19 7
15443 17 16 4
15444 28 27 5
15445 21 21 7
15446 25 24 4
15447 20 19 5
15448 21 20 4
15449 16 15 5
15450 21 20 6
15451 26 26 4
15452 20 19 5
15453 13 13 5
15454 11 10 4
15455 14 13 5
15456 11 11 5
15457 21 20 6
15458 16 15 5
15459 23 23 5
15460 13 12 4
15461 10 9 5
15462 19 19 5
15463 9 9 5
15464 17 16 4
15465 14 13 5
15466 21 21 5
15467 17 17 5
15468 19 18 4
15469 12 11 5
15470 19 18 8
15471 10 10 4
15472 16 15 5
15473 17 16 4
15474 12 11 5
15475 15 14 4
15476 10 9 5
15477 13 12 4
15478 14 13 5
15479 13 13 5
15480 13 12 6
15481 12 11 5
15482 7 6 5
15483 15 14 6
15484 20 20 6
15485 12 12 4
15486 18 17 5
15487 23 22 6
15488 16 16 4
15489 18 17 5
15490 11 10 4
15491 28 27 5
15492 19 18 6
15493 10 10 4
15494 18 17 5
15495 15 14 4
15496 18 17 7
15497 9 8 4
15498 18 17 5
15499 23 23 9
15500 19 18 4
15501 14 13 5
15502 11 10 6
15503 8 8 4
15504 20 19 5
15505 17 17 5
15506 13 13 5
15507 19 18 6
15508 18 18 4
15509 6 5 4
15510 12 11 5
15511 13 12 6
15512 16 16 6
15513 14 14 4
15514 20 19 5
15515 21 21 5
15516 17 17 5
15517 11 10 4
15518 10 9 5
15519 15 14 6
15520 28 28 6
15521 22 22 6
15522 10 10 4
15523 14 13 5
15524 15 14 4
15525 12 11 5
15526 19 18 4
15527 16 15 5
15528 11 11 5
15529 15 14 6
15530 20 20 6
15531 10 10 4
15532 18 17 5
15533 19 18 6
15534 10 10 4
15535 12 11 5
15536 13 12 6
15537 10 9 5
15538 15 14 4
15539 10 9 5
15540 15 15 7
15541 13 12 6
15542 10 10 4
15543 16 15 5
15544 5 5 5
15545 12 11 7
15546 13 13 5
15547 15 14 4
15548 18 17 5
15549 19 18 4
15550 18 17 5
15551 21 21 5
15552 17 17 5
15553 23 23 5
15554 35 35 5
15555 33 33 5
15556 37 36 10
15557 18 18 4
15558 22 21 5
15559 19 19 7
15560 15 15 5
15561 21 21 7
15562 17 16 4
15563 14 13 5
15564 23 23 5
15565 19 18 4
15566 26 25 5
15567 17 17 5
15568 17 16 6
15569 26 26 6
15570 36 36 6
15571 18 18 4
15572 24 23 5
15573 21 21 5
15574 19 19 7
15575 11 10 4
15576 16 15 5
15577 27 27 5
15578 21 20 4
15579 20 19 5
15580 17 17 5
15581 21 20 6
15582 22 21 5
15583 31 31 5
15584 13 13 5
15585 19 18 6
15586 34 34 6
15587 34 34 6
15588 30 30 6
15589 18 18 4
15590 26 25 5
15591 51 51 9
15592 19 19 5
15593 13 12 4
15594 16 15 5
15595 19 19 5
15596 37 37 9
15597 17 16 4
15598 26 25 7
15599 23 23 7
15600 35 34 6
15601 36 35 9
15602 47 47 9
15603 33 33 11
15604 39 38 6
15605 36 35 9
15606 33 33 7
15607 33 32 8
15608 20 20 4
15609 44 43 9
15610 13 12 4
15611 28 27 7
15612 31 31 5
15613 43 43 11
15614 23 22 8
15615 32 32 4
15616 42 41 9
15617 25 25 7
15618 39 38 6
15619 30 29 7
15620 29 28 8
15621 26 26 6
15622 40 39 13
15623 37 36 6
15624 28 27 9
15625 29 29 5
15626 41 41 13
15627 33 32 8
15628 50 50 16
15629 28 27 7
15630 27 27 5
15631 35 35 11
15632 35 35 9
15633 35 34 8
15634 44 44 16
15635 38 38 10
15636 40 40 8
15637 22 21 5
15638 29 29 7
15639 45 45 9
15640 21 21 7
15641 31 31 11
15642 27 26 8
15643 18 18 4
15644 28 27 5
15645 43 42 6
15646 34 34 6
15647 24 23 5
15648 43 43 9
15649 25 25 7
15650 27 26 8
15651 40 39 11
15652 31 30 6
15653 30 30 10
15654 40 39 7
15655 43 42 10
15656 22 22 4
15657 48 47 13
15658 47 46 10
15659 28 28 6
15660 40 40 10
15661 32 32 8
15662 28 27 7
15663 23 22 6
15664 34 34 8
15665 30 29 7
15666 29 28 8
15667 38 38 12
15668 32 32 10
15669 42 41 9
15670 39 39 9
15671 29 28 6
15672 38 38 10
15673 16 16 6
15674 38 38 6
15675 34 34 6
15676 24 23 7
15677 31 30 4
15678 34 33 9
15679 43 42 6
15680 34 34 8
15681 28 28 6
15682 26 26 8
15683 34 34 8
15684 24 23 7
15685 21 20 6
15686 32 32 6
15687 26 25 7
15688 23 22 4
15689 24 23 5
15690 27 27 7
15691 43 42 6
15692 24 24 6
15693 28 27 5
15694 21 21 7
15695 37 36 6
15696 34 33 11
15697 21 20 6
15698 18 18 6
15699 26 26 6
15700 24 23 5
15701 25 25 5
15702 29 28 8
15703 22 21 5
15704 25 25 5
15705 13 13 5
15706 31 30 6
15707 20 20 4
15708 26 25 5
15709 21 20 4
15710 14 13 5
15711 15 14 6
15712 14 14 4
15713 18 17 5
15714 23 22 4
15715 20 19 5
15716 9 9 5
15717 9 9 5
15718 19 18 6
15719 16 16 6
15720 14 13 5
15721 13 13 5
15722 9 8 4
15723 10 9 5
15724 21 20 8
15725 14 14 4
15726 16 15 5
15727 23 22 4
15728 14 13 5
15729 15 15 5
15730 9 8 4
15731 22 21 5
15732 13 13 5
15733 17 16 6
15734 14 14 4
15735 16 15 5
15736 13 13 5
15737 7 6 5
15738 9 8 4
15739 20 19 7
15740 17 17 7
15741 27 26 4
15742 24 23 5
15743 15 15 5
15744 7 6 5
15745 15 14 4
15746 16 15 5
15747 11 11 5
15748 11 11 5
15749 7 6 5
15750 17 16 6
15751 28 28 4
15752 12 11 5
15753 15 14 4
15754 18 17 5
15755 9 9 5
15756 11 11 5
15757 11 11 5
15758 21 21 5
15759 13 13 5
15760 15 14 4
15761 14 13 5
15762 21 20 6
15763 10 9 5
15764 9 8 4
15765 12 11 5
15766 9 8 4
15767 18 17 5
15768 9 9 5
15769 15 14 4
15770 18 17 5
15771 21 21 5
15772 19 19 5
15773 17 16 6
15774 18 17 5
15775 13 12 4
15776 18 17 5
15777 13 13 5
15778 15 14 6
15779 16 16 6
15780 14 14 6
15781 20 20 6
15782 20 19 7
15783 21 20 8
15784 26 26 6
15785 26 25 9
15786 19 18 6
15787 14 13 5
15788 21 21 9
15789 9 8 4
15790 22 21 5
15791 23 23 7
15792 17 16 6
15793 16 16 4
15794 20 19 5
15795 11 11 5
15796 9 9 5
15797 25 24 8
15798 8 8 4
15799 22 21 5
15800 17 16 4
15801 22 21 5
15802 21 21 5
15803 13 12 4
15804 16 15 7
15805 11 10 4
15806 14 13 5
15807 15 14 6
15808 14 14 6
15809 12 12 4
15810 14 13 5
15811 23 23 5
15812 15 15 5
15813 11 11 5
15814 15 14 6
15815 24 23 5
15816 17 17 5
15817 17 16 4
15818 14 13 5
15819 19 19 5
15820 15 15 5
15821 13 13 5
15822 13 12 4
15823 16 15 5
15824 23 22 8
15825 14 14 4
15826 20 19 5
15827 13 12 4
15828 18 17 5
15829 19 19 5
15830 21 20 6
15831 12 12 4
15832 10 9 5
15833 15 15 5
15834 23 23 5
15835 15 15 5
15836 11 11 5
15837 11 10 4
15838 22 21 5
15839 11 10 4
15840 12 11 7
15841 11 10 6
15842 6 5 4
15843 12 11 5
15844 17 17 5
15845 25 24 6
15846 10 10 6
15847 6 6 6
15848 13 12 4
15849 14 13 5
15850 13 13 5
15851 17 17 5
15852 19 18 6
15853 14 14 6
15854 32 31 7
15855 23 22 4
15856 24 23 7
15857 17 16 4
15858 18 17 5
15859 7 6 5
15860 15 14 4
15861 8 7 6
15862 8 8 4
15863 14 13 5
15864 13 13 7
15865 13 12 4
15866 12 11 5
15867 9 8 4
15868 10 9 5
15869 13 13 5
15870 9 9 5
15871 9 8 4
15872 14 13 5
15873 11 11 7
15874 13 13 5
15875 17 16 4
15876 10 9 5
15877 11 10 4
15878 16 15 5
15879 15 14 6
15880 16 16 4
15881 16 15 5
15882 15 14 6
15883 10 10 6
15884 12 12 6
15885 16 16 6
15886 8 8 4
15887 10 9 5
15888 9 9 5
15889 15 15 5
15890 13 12 6
15891 12 12 4
15892 12 11 7
15893 11 10 6
15894 12 12 4
15895 16 15 7
15896 15 14 6
15897 14 14 6
15898 16 15 5
15899 5 5 5
15900 16 15 7
15901 17 16 6
15902 10 10 4
15903 16 15 5
15904 9 9 5
15905 19 18 4
15906 18 17 7
15907 15 15 5
15908 13 12 4
15909 14 13 5
15910 9 8 4
15911 8 7 6
15912 20 20 6
15913 20 20 4
15914 18 17 5
15915 13 13 5
15916 17 16 6
15917 10 10 6
15918 12 12 6
15919 14 14 6
15920 16 16 4
15921 18 17 5
15922 17 17 5
15923 15 14 6
15924 14 14 4
15925 16 15 5
15926 21 20 4
15927 14 13 5
15928 13 12 4
15929 12 11 5
15930 15 14 6
15931 8 8 4
15932 20 19 5
15933 11 11 5
15934 11 11 5
15935 9 8 4
15936 10 9 5
15937 15 14 6
15938 16 15 5
15939 13 12 4
15940 12 11 7
15941 9 8 4
15942 18 17 5
15943 11 10 6
15944 16 15 5
15945 15 14 4
15946 12 11 5
15947 15 15 5
15948 13 13 5
15949 17 17 5
15950 19 18 4
15951 18 17 7
15952 11 10 4
15953 10 9 5
15954 19 19 7
15955 15 14 6
15956 10 9 5
15957 17 16 8
15958 6 6 6
15959 9 8 4
15960 20 19 7
15961 15 15 5
15962 11 10 4
15963 10 9 5
15964 17 17 5
15965 17 17 5
15966 13 12 6
15967 16 16 6
15968 16 16 6
15969 20 20 4
15970 10 9 5
15971 17 16 6
15972 14 13 5
15973 17 16 4
15974 28 27 5
15975 13 12 6
15976 14 14 6
15977 12 11 5
15978 17 16 8
15979 18 18 4
15980 16 15 5
15981 19 19 7
15982 27 26 4
15983 22 21 5
15984 23 23 5
15985 23 23 5
15986 27 27 5
15987 33 33 7
15988 37 36 6
15989 30 30 6
15990 24 24 6
15991 32 32 6
15992 32 31 9
15993 33 32 6
15994 42 42 6
15995 34 33 7
15996 41 41 5
15997 35 35 5
15998 23 23 5
15999 37 37 5
16000 33 33 7
16001 23 22 6
16002 26 26 6
16003 28 28 6
16004 36 36 6
16005 28 27 5
16006 35 35 7
16007 47 47 11
16008 19 18 6
16009 18 18 6
16010 46 46 12
16011 32 32 6
16012 28 28 6
16013 30 30 8
16014 24 24 6
16015 36 36 10
16016 36 36 8
16017 38 37 13
16018 23 22 8
16019 36 35 15
16020 25 24 6
16021 28 27 13
16022 31 31 7
16023 17 16 4
16024 36 35 11
16025 35 35 7
16026 15 14 4
16027 18 17 5
16028 47 46 6
16029 38 37 13
16030 35 34 10
16031 26 25 9
16032 37 36 10
16033 20 19 5
16034 53 53 19
16035 35 34 8
16036 26 26 12
16037 24 23 11
16038 23 22 6
16039 26 26 6
16040 22 22 10
16041 32 31 9
16042 21 20 4
16043 22 21 7
16044 21 20 4
16045 32 31 11
16046 33 32 6
16047 26 26 6
16048 20 19 5
16049 19 18 4
16050 18 17 7
16051 19 18 6
16052 26 26 6
16053 22 21 5
16054 19 19 5
16055 29 29 5
16056 19 18 6
16057 12 12 4
16058 18 17 5
16059 25 25 5
16060 23 22 8
16061 14 13 5
16062 17 17 7
16063 13 13 5
16064 19 18 6
16065 26 26 8
16066 14 14 4
16067 26 25 7
16068 17 16 4
16069 20 19 7
16070 23 22 4
16071 18 17 5
16072 33 32 6
16073 20 20 4
16074 28 27 9
16075 23 23 5
16076 15 14 6
16077 14 14 4
16078 14 13 5
16079 23 23 7
16080 17 16 4
16081 16 15 5
16082 15 15 5
16083 31 30 4
16084 14 13 7
16085 23 22 6
16086 26 25 5
16087 17 17 5
16088 19 18 6
16089 18 18 6
16090 18 18 4
16091 14 13 7
16092 21 20 6
16093 18 18 4
16094 36 35 5
16095 13 13 5
16096 13 12 4
16097 22 21 7
16098 21 20 6
16099 32 31 9
16100 13 13 7
16101 21 20 6
16102 14 14 4
16103 26 25 7
16104 15 15 5
16105 27 27 11
16106 21 20 8
16107 12 12 6
16108 18 18 6
16109 24 23 9
16110 13 13 5
16111 25 25 5
16112 9 9 5
16113 17 16 4
16114 24 23 5
16115 19 18 8
16116 10 10 4
16117 22 21 7
16118 17 17 5
16119 19 19 7
16120 17 17 7
16121 17 16 8
16122 16 16 6
16123 16 16 6
16124 16 15 5
16125 17 16 6
16126 12 11 5
16127 13 12 6
16128 14 14 4
16129 16 15 5
16130 13 13 5
16131 15 15 5
16132 15 14 4
16133 28 27 7
16134 21 20 4
16135 18 17 5
16136 13 12 4
16137 14 13 5
16138 19 18 6
16139 28 28 6
16140 14 14 6
16141 10 10 4
16142 20 19 5
16143 11 11 5
16144 15 14 6
16145 14 13 5
16146 11 10 4
16147 12 11 5
16148 13 13 5
16149 11 10 4
16150 16 15 5
16151 23 23 7
16152 7 6 5
16153 15 14 6
16154 16 16 6
16155 8 8 8
16156 7 6 5
16157 13 13 5
16158 19 18 6
16159 16 16 6
16160 6 6 6
16161 11 10 6
16162 14 13 5
16163 5 5 5
16164 12 11 5
16165 11 10 4
16166 12 11 5
16167 15 15 5
16168 7 6 5
16169 17 17 5
16170 17 17 5
16171 27 26 4
16172 12 11 5
16173 13 12 4
16174 14 13 7
16175 13 13 5
16176 11 10 6
16177 14 14 6
16178 14 13 5
16179 19 18 8
16180 6 6 6
16181 15 14 6
16182 16 15 5
16183 7 6 5
16184 9 8 4
16185 10 9 5
16186 11 10 4
16187 18 17 5
16188 11 10 6
16189 10 10 4
16190 14 13 5
16191 11 11 5
16192 9 9 5
16193 15 14 4
16194 12 11 5
16195 13 12 6
16196 12 12 6
16197 16 16 6
16198 6 6 6
16199 7 6 5
16200 17 16 6
16201 10 10 4
16202 8 7 6
16203 10 10 4
16204 6 5 4
16205 8 7 6
16206 20 19 7
16207 15 14 6
16208 6 5 4
16209 16 15 5
16210 9 8 7
16211 15 14 4
16212 10 9 5
16213 11 11 7
16214 13 12 4
16215 16 15 5
16216 15 14 6
16217 24 24 6
16218 14 14 4
16219 16 15 5
16220 5 5 5
16221 6 5 4
16222 12 11 5
16223 17 16 4
16224 20 19 7
16225 13 12 4
16226 16 15 5
16227 17 16 6
16228 12 12 4
16229 10 9 5
16230 13 12 4
16231 18 17 5
16232 15 14 6
16233 12 12 6
16234 10 10 4
16235 18 17 5
16236 11 10 4
16237 8 7 6
16238 10 10 6
16239 8 8 4
16240 12 11 5
16241 13 12 6
16242 16 16 6
16243 14 14 6
16244 12 12 6
16245 16 16 6
16246 10 10 6
16247 12 11 5
16248 15 14 4
16249 16 15 7
16250 11 10 4
16251 14 13 5
16252 9 9 5
16253 13 12 6
16254 10 10 4
16255 16 15 5
16256 11 10 6
16257 12 12 4
16258 20 19 5
16259 19 18 6
16260 12 12 4
16261 10 9 5
16262 9 8 4
16263 18 17 5
16264 13 13 5
16265 11 11 5
16266 13 12 6
16267 18 18 6
16268 14 13 5
16269 9 9 5
16270 9 9 5
16271 15 14 6
16272 10 10 6
16273 14 14 6
16274 14 14 6
16275 14 14 4
16276 12 11 7
16277 11 10 4
16278 10 9 5
16279 13 12 6
16280 20 20 6
16281 12 11 5
16282 23 22 6
16283 10 10 4
16284 20 19 5
16285 7 6 5
16286 13 13 5
16287 25 24 4
16288 10 9 5
16289 13 12 4
16290 10 9 5
16291 11 10 6
16292 12 11 5
16293 13 13 7
16294 13 12 4
16295 24 23 5
16296 17 17 7
16297 15 14 4
16298 16 15 7
16299 11 10 4
16300 12 11 5
16301 13 13 5
16302 17 16 6
16303 14 14 4
16304 22 21 5
16305 13 12 6
16306 10 10 4
16307 18 17 5
16308 21 21 5
16309 15 14 4
16310 10 9 5
16311 9 8 4
16312 14 13 5
16313 15 14 4
16314 16 15 5
16315 13 13 5
16316 9 9 5
16317 11 11 5
16318 13 12 6
16319 14 14 6
16320 18 18 4
16321 12 11 5
16322 13 12 4
16323 12 11 5
16324 9 8 4
16325 16 15 5
16326 15 14 4
16327 22 21 7
16328 13 12 6
16329 14 13 5
16330 7 6 5
16331 19 19 5
16332 13 13 5
16333 15 15 5
16334 11 10 6
16335 20 20 4
16336 10 9 5
16337 15 14 4
16338 12 11 5
16339 13 13 5
16340 23 23 5
16341 13 12 6
16342 16 16 6
16343 16 16 6
16344 26 26 4
16345 30 29 7
16346 21 20 6
16347 22 22 6
16348 12 12 4
16349 20 19 5
16350 13 12 6
16351 12 11 5
16352 27 27 7
16353 13 12 4
16354 32 31 7
16355 33 32 6
16356 34 34 6
16357 24 23 5
16358 33 32 8
16359 42 42 6
16360 26 25 7
16361 19 18 4
16362 42 41 11
16363 33 32 8
16364 42 41 5
16365 31 31 5
16366 19 19 5
16367 37 37 7
16368 37 37 7
16369 27 27 5
16370 25 24 8
16371 36 35 7
16372 33 33 9
16373 27 26 10
16374 36 35 7
16375 47 47 11
16376 25 24 6
16377 24 23 7
16378 43 43 9
16379 27 27 5
16380 21 21 5
16381 31 31 7
16382 29 28 6
16383 46 45 11
16384 31 30 4
16385 34 33 7
16386 29 29 9
16387 27 26 8
16388 30 29 11
16389 41 41 5
16390 27 27 5
16391 27 27 9
16392 29 28 6
16393 32 32 6
16394 32 32 6
16395 30 29 5
16396 37 37 7
16397 19 18 6
16398 30 30 6
16399 32 32 10
16400 18 18 4
16401 28 27 5
16402 29 29 7
16403 29 29 5
16404 33 32 6
16405 30 29 7
16406 21 21 7
16407 49 48 6
16408 26 26 6
16409 32 31 5
16410 51 51 7
16411 27 26 6
16412 36 36 8
16413 32 32 6
16414 48 47 7
16415 33 33 7
16416 27 26 8
16417 38 38 6
16418 36 35 9
16419 31 31 5
16420 47 47 7
16421 25 24 6
16422 32 31 7
16423 35 35 9
16424 31 31 7
16425 23 23 5
16426 39 39 7
16427 37 36 6
16428 44 43 13
16429 27 27 7
16430 31 31 9
16431 41 40 12
16432 28 27 5
16433 17 17 5
16434 25 24 6
16435 28 27 5
16436 27 27 5
16437 23 22 6
16438 28 28 6
16439 20 19 5
16440 29 28 8
16441 26 26 6
16442 28 27 9
16443 31 30 6
16444 30 30 6
16445 46 46 10
16446 20 19 5
16447 21 21 5
16448 21 20 6
16449 36 36 8
16450 16 15 5
16451 25 24 8
16452 20 20 4
16453 20 19 5
16454 23 23 5
16455 19 19 5
16456 23 22 8
16457 28 28 6
16458 20 20 4
16459 20 19 5
16460 21 20 6
16461 14 14 4
16462 18 17 5
16463 17 16 4
16464 20 19 5
16465 13 13 5
16466 17 16 6
16467 16 16 4
16468 12 11 5
16469 15 15 5
16470 15 15 5
16471 11 10 6
16472 14 14 6
16473 10 10 4
16474 14 13 5
16475 25 25 5
16476 15 14 6
16477 22 22 4
16478 10 9 5
16479 17 17 5
16480 17 16 6
16481 14 14 4
16482 22 21 5
16483 9 8 4
16484 20 19 5
16485 17 16 6
16486 16 15 5
16487 15 15 5
16488 15 14 8
16489 12 12 6
16490 12 11 5
16491 11 10 4
16492 16 15 7
16493 13 12 4
16494 14 13 7
16495 13 12 6
16496 14 14 6
16497 14 14 6
16498 6 6 6
16499 21 21 5
16500 21 21 7
16501 11 10 6
16502 14 14 6
16503 32 31 7
16504 19 19 5
16505 21 20 4
16506 6 5 4
16507 14 13 7
16508 9 8 4
16509 10 9 5
16510 11 10 6
16511 12 12 6
16512 18 18 6
16513 22 22 6
16514 16 16 6
16515 10 10 4
16516 12 11 5
16517 11 10 6
16518 14 13 5
16519 11 10 4
16520 12 11 5
16521 21 21 7
16522 11 10 6
16523 10 10 4
16524 16 15 5
16525 19 18 6
16526 14 13 5
16527 19 19 5
16528 9 8 4
16529 8 7 6
16530 14 13 5
16531 11 10 4
16532 8 7 6
16533 12 12 6
16534 12 12 4
16535 10 9 5
16536 9 8 4
16537 16 15 7
16538 15 14 4
16539 12 11 5
16540 11 11 5
16541 9 9 5
16542 15 15 5
16543 9 9 5
16544 9 8 4
16545 12 11 5
16546 11 11 5
16547 11 10 6
16548 14 13 5
16549 11 10 4
16550 22 21 7
16551 13 12 6
16552 16 15 5
16553 9 8 4
16554 10 9 5
16555 15 15 5
16556 13 12 6
16557 16 16 4
16558 16 15 5
16559 11 10 4
16560 14 13 7
16561 15 14 4
16562 18 17 7
16563 7 6 5
16564 15 14 6
16565 10 10 6
16566 12 11 5
16567 11 10 4
16568 30 29 7
16569 21 20 6
16570 16 16 6
16571 32 32 6
16572 20 20 4
16573 22 21 7
16574 9 8 4
16575 20 19 5
16576 11 11 5
16577 9 9 5
16578 9 8 4
16579 10 9 5
16580 5 5 5
16581 16 15 7
16582 13 13 5
16583 11 10 6
16584 10 10 6
16585 12 12 6
16586 14 13 7
16587 17 16 4
16588 10 9 5
16589 15 15 5
16590 19 18 6
16591 6 6 6
16592 13 13 5
16593 17 16 4
16594 20 19 7
16595 9 8 4
16596 20 19 5
16597 19 19 7
16598 9 8 4
16599 10 9 5
16600 11 10 6
16601 6 6 6
16602 7 6 5
16603 13 13 7
16604 15 14 6
16605 12 12 6
16606 8 8 4
16607 12 11 5
16608 7 7 7
16609 8 8 4
16610 14 13 5
16611 13 13 5
16612 9 9 5
16613 7 6 5
16614 13 12 6
16615 18 18 6
16616 12 12 4
16617 22 21 7
16618 19 18 6
16619 12 12 6
16620 16 15 5
16621 13 13 5
16622 11 11 5
16623 9 9 5
16624 7 6 5
16625 15 14 6
16626 10 10 6
16627 18 18 6
16628 12 11 5
16629 13 13 5
16630 13 12 6
16631 6 5 4
16632 6 5 4
16633 22 21 7
16634 21 21 5
16635 13 13 5
16636 15 15 5
16637 15 15 7
16638 15 14 6
16639 16 15 5
16640 11 11 5
16641 15 14 6
16642 10 10 4
16643 16 15 5
16644 19 19 7
16645 41 40 6
16646 28 27 5
16647 25 24 4
16648 16 15 5
16649 23 23 7
16650 13 13 5
16651 29 28 6
16652 20 19 5
16653 19 18 6
16654 20 20 4
16655 28 27 7
16656 11 10 4
16657 22 21 5
16658 17 17 5
16659 19 18 4
16660 20 19 5
16661 19 18 4
16662 26 25 5
16663 29 29 5
16664 21 20 4
16665 22 21 5
16666 27 27 5
16667 29 29 7
16668 37 36 6
16669 28 27 5
16670 35 34 6
16671 38 37 5
16672 33 33 7
16673 41 40 8
16674 32 32 8
16675 30 30 6
16676 30 30 6
16677 52 51 11
16678 27 26 6
16679 40 40 10
16680 46 45 11
16681 35 35 11
16682 29 28 8
16683 46 46 10
16684 24 24 8
16685 18 18 8
16686 28 27 7
16687 21 21 5
16688 13 13 5
16689 17 17 5
16690 33 32 12
16691 14 13 5
16692 15 14 6
16693 26 26 6
16694 34 34 4
16695 22 21 5
16696 23 22 8
16697 34 34 12
16698 22 21 5
16699 21 21 5
16700 27 26 6
16701 24 23 5
16702 19 19 5
16703 23 23 5
16704 9 9 5
16705 17 17 5
16706 17 16 6
16707 22 21 5
16708 17 17 5
16709 33 32 10
16710 26 25 5
16711 27 26 6
16712 18 18 6
16713 34 33 11
16714 29 29 9
16715 19 18 6
16716 48 48 12
16717 26 25 7
16718 29 28 6
16719 28 27 7
16720 27 27 9
16721 29 29 9
16722 25 25 5
16723 23 23 5
16724 31 31 9
16725 39 39 7
16726 27 26 8
16727 20 19 5
16728 19 18 6
16729 16 15 5
16730 31 31 5
16731 27 27 5
16732 21 20 4
16733 22 21 7
16734 25 25 7
16735 15 14 6
16736 24 24 10
16737 26 26 10
16738 22 22 10
16739 22 22 4
16740 22 21 9
16741 27 27 11
16742 21 20 6
16743 36 35 11
16744 43 42 8
16745 20 20 6
16746 34 33 13
16747 37 36 8
16748 22 22 4
16749 18 17 7
16750 21 20 6
16751 28 28 8
16752 24 23 7
16753 37 37 17
16754 13 12 4
16755 24 23 9
16756 21 21 5
16757 17 16 6
16758 42 42 14
16759 36 35 9
16760 17 17 7
16761 39 39 9
16762 21 21 5
16763 33 33 9
16764 29 29 7
16765 29 28 10
16766 22 22 8
16767 22 22 6
16768 26 26 6
16769 30 30 8
16770 30 30 8
16771 26 26 6
16772 28 27 7
16773 29 28 8
16774 36 35 9
16775 29 29 5
16776 29 29 5
16777 21 21 5
16778 49 49 7
16779 33 32 6
16780 52 52 10
16781 32 32 6
16782 34 34 6
16783 32 32 6
16784 36 36 6
16785 34 33 5
16786 41 41 7
16787 31 31 5
16788 21 20 4
16789 40 39 7
16790 37 37 5
16791 37 36 6
16792 34 33 9
16793 43 42 8
16794 30 30 6
16795 22 21 7
16796 23 23 5
16797 23 22 4
16798 42 41 7
16799 41 40 6
16800 26 25 5
16801 43 42 8
16802 32 32 10
16803 38 37 5
16804 51 51 5
16805 31 31 5
16806 35 35 5
16807 35 35 5
16808 29 29 7
16809 29 28 6
16810 28 28 6
16811 32 32 6
16812 34 34 8
16813 36 36 8
16814 28 28 6
16815 26 25 5
16816 33 33 7
16817 33 32 10
16818 22 22 4
16819 26 25 7
16820 27 26 6
16821 26 25 5
16822 21 21 7
16823 29 28 6
16824 16 15 5
16825 25 25 5
16826 17 16 6
16827 12 12 4
16828 26 25 7
16829 17 16 4
16830 26 25 7
16831 13 12 4
16832 18 17 5
16833 19 19 5
16834 19 19 7
16835 25 24 6
16836 26 26 8
16837 20 20 6
16838 16 16 6
16839 26 25 7
16840 21 21 5
16841 15 15 5
16842 11 11 5
16843 15 14 4
16844 12 11 5
16845 19 19 7
16846 23 22 6
16847 18 18 4
16848 12 11 5
16849 15 14 6
16850 14 14 6
16851 16 16 4
16852 16 15 5
16853 17 16 8
16854 14 14 4
16855 18 17 5
16856 9 9 5
16857 25 24 6
16858 10 10 4
16859 18 17 5
16860 35 35 5
16861 15 15 5
16862 15 14 6
16863 32 32 6
16864 20 20 4
16865 20 19 5
16866 21 21 5
16867 25 25 5
16868 23 23 5
16869 31 31 5
16870 27 27 5
16871 21 21 7
16872 15 14 6
16873 16 16 4
16874 26 25 5
16875 25 24 6
16876 20 20 8
16877 34 34 12
16878 24 24 4
16879 18 17 5
16880 11 10 6
16881 22 21 5
16882 23 23 7
16883 17 16 4
16884 24 23 5
16885 21 20 8
16886 24 24 6
16887 10 10 4
16888 12 11 5
16889 11 10 6
16890 18 18 6
16891 20 19 5
16892 19 19 5
16893 19 19 7
16894 17 16 6
16895 10 10 6
16896 14 14 4
16897 14 13 5
16898 9 8 4
16899 28 27 5
16900 15 14 6
16901 12 12 4
16902 14 13 7
16903 9 8 4
16904 12 11 5
16905 25 24 6
16906 20 20 6
16907 34 34 6
16908 30 30 6
16909 30 29 7
16910 25 24 6
16911 20 19 5
16912 11 11 5
16913 5 5 5
16914 16 15 5
16915 15 15 5
16916 25 24 6
16917 20 20 4
16918 18 17 5
16919 17 16 6
16920 30 30 4
16921 14 13 5
16922 13 12 4
16923 10 9 5
16924 13 12 4
16925 14 13 5
16926 13 12 4
16927 20 19 5
16928 27 27 5
16929 9 9 5
16930 9 8 4
16931 22 21 5
16932 23 23 5
16933 13 13 5
16934 31 30 6
16935 28 28 6
16936 22 22 6
16937 26 26 4
16938 22 21 5
16939 21 20 6
16940 34 34 6
16941 38 37 7
16942 13 12 4
16943 26 25 5
16944 27 26 4
16945 28 27 5
16946 27 27 5
16947 15 15 5
16948 17 16 6
16949 22 21 5
16950 37 36 6
16951 18 17 5
16952 27 26 6
16953 26 26 6
16954 30 30 6
16955 28 28 6
16956 26 25 5
16957 41 41 9
16958 29 28 6
16959 34 33 7
16960 25 24 4
16961 24 23 5
16962 25 25 7
16963 37 37 11
16964 31 30 10
16965 38 38 10
16966 22 21 7
16967 33 33 7
16968 23 22 6
16969 26 26 6
16970 24 23 5
16971 27 26 6
16972 38 38 8
16973 16 16 4
16974 42 41 7
16975 23 22 6
16976 24 24 4
16977 24 23 5
16978 15 14 6
16979 20 20 6
16980 16 16 4
16981 18 17 5
16982 21 20 6
16983 26 26 6
16984 16 16 4
16985 14 13 5
16986 19 18 4
16987 10 9 5
16988 17 16 4
16989 18 17 5
16990 17 17 5
16991 17 16 6
16992 18 18 4
16993 16 15 5
16994 23 22 4
16995 16 15 5
16996 11 11 5
16997 19 18 6
16998 14 14 4
16999 12 11 7
17000 27 26 6
17001 14 13 5
17002 9 8 4
17003 14 13 7
17004 11 10 4
17005 20 19 5
17006 19 19 5
17007 17 17 5
17008 13 12 6
17009 16 16 6
17010 12 12 6
17011 6 5 4
17012 24 23 5
17013 23 23 5
17014 27 26 4
17015 24 23 5
17016 17 17 5
17017 25 24 6
17018 16 16 6
17019 18 17 5
17020 19 18 4
17021 16 15 7
17022 15 14 4
17023 20 19 7
17024 19 18 6
17025 30 30 6
17026 16 16 6
17027 24 24 6
17028 16 16 4
17029 20 19 7
17030 29 28 6
17031 20 20 6
17032 18 18 4
17033 18 17 5
17034 23 23 5
17035 39 38 8
17036 24 23 5
17037 21 20 6
17038 22 22 6
17039 28 28 6
17040 20 20 4
17041 24 23 5
17042 21 21 5
17043 23 23 5
17044 29 29 7
17045 17 16 6
17046 32 32 6
17047 26 25 5
17048 27 27 5
17049 15 15 5
17050 11 10 4
17051 30 29 7
17052 15 14 4
17053 24 23 5
17054 17 17 5
17055 17 17 5
17056 23 23 7
17057 23 23 7
17058 19 19 5
17059 15 14 6
17060 12 12 4
17061 26 25 5
17062 21 21 5
17063 29 29 5
17064 21 20 6
17065 18 18 4
17066 22 21 5
17067 19 18 4
17068 20 19 5
17069 19 18 6
17070 12 12 4
17071 22 21 7
17072 17 16 4
17073 20 19 5
17074 17 17 5
17075 19 18 6
17076 26 26 6
17077 20 19 7
17078 25 24 6
17079 16 15 5
17080 11 10 4
17081 28 27 5
17082 17 17 5
17083 19 18 6
17084 22 22 4
17085 22 21 5
17086 17 17 5
17087 29 29 7
17088 17 16 6
17089 18 18 4
17090 22 21 5
17091 15 15 5
17092 29 28 6
17093 16 16 4
17094 16 15 5
17095 19 18 6
17096 10 10 4
17097 26 25 5
17098 17 17 5
17099 15 15 5
17100 25 24 6
17101 30 29 9
17102 17 16 4
17103 14 13 5
17104 27 26 8
17105 26 25 7
17106 19 18 4
17107 20 19 7
17108 27 27 7
17109 23 22 6
17110 14 14 4
17111 20 19 7
17112 13 13 5
17113 27 26 8
17114 26 26 6
17115 26 26 6
17116 26 25 7
17117 15 15 5
17118 15 15 5
17119 21 20 6
17120 22 22 6
17121 18 18 4
17122 18 17 7
17123 15 14 4
17124 22 21 5
17125 19 18 6
17126 16 15 5
17127 29 28 6
17128 8 8 4
17129 26 25 7
17130 23 22 8
17131 20 19 5
17132 11 10 6
17133 34 34 10
17134 26 26 10
17135 20 20 8
17136 10 9 5
17137 11 10 4
17138 14 13 5
17139 27 26 4
17140 20 19 5
17141 29 28 8
17142 8 8 4
17143 22 21 7
17144 17 17 5
17145 23 23 7
17146 23 22 6
17147 28 28 6
17148 18 18 6
17149 20 19 7
17150 29 29 7
17151 31 30 8
17152 18 18 4
17153 28 27 9
17154 15 14 4
17155 20 19 5
17156 25 25 7
17157 17 17 5
17158 17 16 6
17159 16 15 5
17160 21 20 6
17161 18 18 4
17162 26 25 5
17163 19 19 5
17164 23 23 5
17165 25 25 5
17166 19 19 5
17167 15 14 6
17168 24 24 6
17169 12 12 4
17170 18 17 5
17171 11 11 5
17172 13 12 6
17173 14 14 4
17174 20 19 5
17175 17 16 6
17176 12 11 5
17177 15 14 6
17178 18 18 6
17179 28 28 6
17180 18 18 6
17181 26 25 9
17182 17 16 4
17183 18 17 5
17184 13 13 5
17185 23 22 4
17186 20 19 5
17187 19 19 5
17188 17 17 7
17189 27 26 6
17190 18 17 5
17191 7 6 5
17192 17 16 4
17193 26 25 7
17194 19 18 4
17195 18 17 5
17196 17 17 5
17197 21 21 7
17198 9 9 5
17199 13 12 4
17200 14 13 5
17201 25 24 6
17202 16 15 7
17203 19 18 6
17204 10 10 4
17205 20 19 5
17206 21 20 6
17207 16 15 5
17208 11 11 5
17209 15 15 5
17210 17 17 5
17211 11 11 5
17212 15 14 6
17213 14 14 4
17214 6 5 4
17215 10 9 5
17216 13 13 7
17217 15 14 4
17218 12 11 5
17219 15 14 6
17220 10 10 4
17221 6 5 4
17222 8 7 6
17223 16 15 5
17224 13 12 6
17225 8 8 4
17226 8 7 6
17227 16 16 4
17228 12 11 7
17229 11 10 4
17230 18 17 5
17231 11 10 4
17232 16 15 5
17233 25 25 5
17234 15 15 5
17235 19 18 6
17236 6 6 6
17237 15 14 6
17238 6 6 6
17239 13 12 6
17240 22 22 6
17241 14 14 4
17242 14 13 5
17243 9 9 5
17244 21 20 6
17245 12 12 6
17246 6 5 4
17247 20 19 5
17248 11 10 4
17249 12 11 5
17250 15 14 6
17251 12 12 6
17252 20 20 6
17253 16 16 6
17254 14 13 5
17255 11 10 4
17256 12 11 5
17257 21 21 7
17258 9 8 4
17259 10 9 5
17260 15 14 4
17261 16 15 5
17262 17 16 6
17263 14 14 4
17264 12 11 5
17265 11 10 6
17266 14 13 5
17267 13 13 5
17268 19 19 5
17269 11 10 4
17270 10 9 5
17271 13 13 5
17272 21 21 5
17273 15 14 4
17274 18 17 7
17275 13 12 4
17276 14 13 5
17277 19 18 4
17278 18 17 5
17279 17 16 4
17280 12 11 5
17281 7 7 7
17282 12 11 5
17283 15 14 4
17284 12 11 5
17285 11 10 4
17286 24 23 5
17287 13 13 5
17288 9 8 4
17289 10 9 5
17290 11 11 5
17291 13 12 4
17292 14 13 5
17293 9 9 5
17294 7 6 5
17295 11 10 6
17296 18 18 4
17297 16 15 5
17298 13 13 5
17299 9 8 4
17300 10 9 5
17301 17 16 6
17302 16 16 6
17303 12 12 4
17304 20 19 7
17305 21 20 8
17306 10 10 4
17307 10 9 5
17308 9 8 4
17309 10 9 5
17310 7 6 5
17311 9 9 5
17312 13 13 5
17313 17 16 6
17314 16 16 6
17315 8 8 4
17316 16 15 5
17317 19 18 6
17318 14 14 6
17319 8 8 4
17320 14 13 5
17321 11 10 6
17322 8 8 4
17323 10 9 5
17324 17 16 6
17325 12 12 4
17326 18 17 7
17327 11 10 4
17328 10 9 5
17329 11 11 5
17330 11 11 5
17331 15 14 6
17332 6 6 6
17333 19 18 6
17334 18 18 6
17335 14 14 4
17336 12 11 5
17337 11 10 4
17338 18 17 7
17339 13 12 6
17340 10 10 6
17341 16 15 5
17342 11 10 4
17343 14 13 5
17344 9 9 5
17345 17 16 6
17346 18 18 6
17347 12 12 6
17348 10 10 4
17349 22 21 7
17350 17 16 6
17351 12 12 4
17352 12 11 5
17353 13 12 4
17354 22 21 5
17355 21 21 5
17356 11 10 6
17357 12 12 6
17358 18 17 5
17359 7 6 5
17360 19 18 4
17361 20 19 5
17362 13 12 4
17363 20 19 5
17364 25 24 6
17365 20 19 7
17366 15 15 5
17367 13 12 4
17368 14 13 5
17369 17 17 5
17370 21 20 6
17371 30 30 8
17372 22 21 5
17373 31 31 7
17374 23 23 7
17375 19 19 5
17376 25 24 8
17377 22 21 5
17378 27 26 6
17379 46 45 9
17380 19 18 4
17381 34 33 7
17382 27 26 6
17383 26 25 9
17384 21 21 7
17385 25 24 6
17386 32 32 8
17387 62 62 8
17388 30 30 6
17389 32 31 9
17390 39 38 4
17391 58 57 11
17392 33 33 7
17393 37 37 9
17394 31 30 10
17395 20 20 4
17396 30 29 5
17397 39 39 9
17398 41 41 11
17399 31 30 6
17400 44 43 9
17401 45 45 9
17402 45 45 7
17403 25 24 10
17404 36 36 8
17405 38 37 9
17406 35 35 7
17407 27 27 7
17408 27 26 6
17409 50 50 14
17410 24 23 7
17411 31 31 9
17412 19 19 7
17413 25 25 5
17414 31 31 7
17415 25 24 4
17416 30 29 7
17417 51 50 8
17418 26 25 7
17419 29 29 5
17420 27 26 8
17421 32 32 6
17422 26 25 7
17423 23 23 7
17424 27 26 6
17425 24 23 7
17426 23 23 5
17427 33 33 7
17428 27 27 7
17429 31 30 6
17430 24 24 6
17431 36 35 9
17432 23 22 6
17433 20 20 4
17434 24 23 5
17435 37 36 8
17436 22 22 6
17437 22 22 6
17438 22 22 8
17439 24 24 4
17440 24 23 9
17441 35 35 7
17442 21 21 7
17443 25 24 6
17444 30 30 6
17445 30 29 7
17446 29 28 6
17447 32 32 6
17448 20 19 7
17449 35 35 7
17450 35 34 10
17451 20 20 8
17452 28 28 8
17453 36 36 10
17454 28 27 5
17455 27 27 5
17456 35 34 8
17457 26 26 6
17458 22 22 8
17459 20 20 6
17460 24 23 7
17461 37 37 11
17462 45 44 10
17463 12 11 5
17464 37 36 10
17465 22 22 6
17466 42 41 9
17467 25 25 7
17468 37 36 8
17469 28 28 6
17470 16 15 5
17471 17 16 6
17472 26 26 6
17473 24 24 6
17474 36 35 13
17475 33 32 6
17476 30 30 6
17477 28 28 4
17478 40 39 7
17479 19 18 6
17480 28 28 6
17481 30 30 6
17482 34 34 6
17483 28 28 6
17484 28 27 7
17485 19 19 7
17486 19 18 6
17487 30 30 6
17488 20 20 8
17489 30 30 8
17490 28 28 6
17491 32 31 7
17492 33 32 8
17493 20 19 5
17494 33 32 6
17495 32 32 10
17496 22 22 8
17497 24 24 6
17498 22 21 7
17499 25 25 5
17500 23 23 5
17501 15 15 5
17502 19 18 8
17503 20 20 6
17504 22 21 7
17505 21 20 8
17506 30 30 6
17507 28 28 8
17508 22 22 8
17509 28 28 6
17510 18 18 6
17511 16 15 5
17512 17 17 5
17513 23 22 4
17514 14 13 5
17515 15 15 5
17516 21 20 4
17517 18 17 5
17518 29 29 5
17519 27 26 8
17520 16 16 4
17521 20 19 7
17522 9 8 4
17523 28 27 7
17524 31 30 6
17525 14 14 4
17526 24 23 5
17527 31 31 5
17528 41 41 7
17529 23 22 4
17530 14 13 5
17531 13 13 5
17532 25 25 5
17533 25 25 5
17534 19 18 6
17535 16 16 4
17536 30 29 7
17537 17 16 6
17538 34 34 6
17539 24 24 8
17540 22 22 6
17541 22 22 4
17542 26 25 5
17543 27 26 8
17544 16 15 5
17545 21 21 7
17546 21 20 4
17547 38 37 5
17548 23 22 8
17549 20 20 6
17550 26 25 5
17551 31 30 6
17552 18 17 5
17553 9 8 4
17554 28 27 7
17555 29 28 6
17556 26 26 8
17557 22 22 4
17558 24 23 7
17559 13 13 5
17560 23 23 5
17561 25 24 4
17562 28 27 5
17563 23 23 5
17564 23 22 6
17565 24 24 6
17566 18 18 4
17567 22 21 5
17568 19 19 5
17569 15 14 6
17570 24 24 6
17571 12 12 4
17572 32 31 5
17573 23 23 5
17574 19 19 5
17575 17 17 5
17576 27 27 5
17577 25 25 5
17578 35 34 6
17579 10 10 4
17580 20 19 5
17581 29 28 8
17582 22 22 6
17583 20 20 6
17584 28 28 6
17585 16 16 4
17586 14 13 5
17587 25 25 5
17588 9 9 5
17589 13 13 5
17590 23 22 6
17591 22 21 5
17592 23 22 4
17593 26 25 5
17594 13 13 5
17595 23 22 6
17596 12 12 6
17597 36 36 8
17598 24 24 6
17599 20 19 5
17600 19 19 5
17601 19 19 7
17602 9 8 4
17603 22 21 5
17604 21 21 5
17605 27 27 5
17606 17 17 7
17607 19 18 6
17608 22 22 8
17609 18 17 7
17610 19 18 4
17611 16 15 5
17612 13 13 5
17613 19 19 5
17614 21 21 7
17615 15 15 5
17616 17 16 6
17617 32 31 7
17618 11 10 4
17619 14 13 5
17620 15 15 5
17621 33 32 8
17622 20 20 4
17623 26 25 7
17624 25 24 4
17625 32 31 7
17626 23 22 8
17627 14 14 4
17628 28 27 5
17629 15 14 6
17630 18 17 5
17631 29 29 5
17632 23 23 5
17633 15 15 5
17634 27 26 8
17635 20 20 6
17636 32 32 6
17637 12 12 4
17638 16 15 5
17639 23 22 8
17640 20 20 6
17641 28 28 8
17642 42 41 7
17643 31 30 6
17644 30 30 6
17645 34 33 9
17646 19 18 6
17647 28 27 7
17648 33 32 10
17649 32 31 11
17650 31 31 13
17651 33 33 5
17652 17 16 6
17653 34 33 9
17654 19 18 6
17655 24 23 7
17656 25 24 6
17657 16 15 7
17658 19 19 5
17659 25 25 7
17660 21 20 6
17661 18 18 6
17662 26 25 7
17663 29 29 7
17664 35 35 9
17665 23 22 10
17666 14 13 7
17667 19 18 8
17668 22 22 4
17669 20 19 5
17670 13 13 5
17671 19 19 5
17672 23 23 7
17673 17 16 6
17674 14 14 6
17675 12 12 4
17676 18 17 5
17677 19 19 5
17678 13 13 5
17679 17 16 6
17680 16 16 6
17681 14 13 5
17682 19 18 8
17683 26 26 6
17684 10 9 5
17685 19 18 4
17686 16 15 5
17687 29 28 8
17688 16 16 4
17689 14 13 5
17690 17 16 6
17691 10 10 4
17692 22 21 5
17693 15 14 4
17694 16 15 5
17695 9 8 4
17696 22 21 7
17697 13 12 4
17698 12 11 5
17699 17 16 4
17700 18 17 5
17701 17 16 4
17702 22 21 5
17703 13 13 5
17704 13 12 4
17705 18 17 7
17706 17 16 4
17707 14 13 5
17708 9 8 4
17709 18 17 5
17710 17 17 7
17711 11 10 6
17712 10 10 4
17713 6 5 4
17714 12 11 5
17715 21 20 6
17716 16 16 6
17717 12 11 5
17718 15 14 6
17719 14 14 6
17720 20 19 5
17721 11 10 6
17722 20 20 6
17723 12 12 4
17724 18 17 5
17725 11 11 5
17726 11 10 6
17727 16 16 4
17728 12 11 5
17729 11 10 4
17730 16 15 5
17731 19 19 5
17732 25 25 5
17733 19 19 5
17734 35 35 5
17735 33 32 8
17736 28 28 4
17737 22 21 5
17738 21 21 5
17739 35 34 8
17740 24 23 7
17741 23 22 6
17742 16 16 6
17743 22 22 4
17744 20 19 5
17745 23 23 5
17746 21 21 7
17747 25 24 10
17748 36 36 10
17749 22 22 6
17750 28 27 7
17751 17 17 7
17752 21 20 6
17753 18 17 5
17754 23 22 10
17755 28 28 8
17756 28 28 4
17757 40 39 7
17758 11 10 4
17759 14 13 5
17760 21 20 6
17761 26 26 8
17762 36 35 9
17763 29 29 9
17764 31 30 4
17765 18 17 5
17766 39 39 11
17767 23 22 6
17768 20 19 5
17769 25 24 6
17770 14 14 6
17771 20 20 6
17772 22 22 6
17773 26 25 7
17774 25 25 5
17775 25 25 7
17776 35 35 9
17777 33 33 9
17778 41 40 8
17779 24 23 9
17780 21 20 6
17781 16 15 7
17782 31 30 8
17783 24 23 7
17784 27 26 8
17785 28 27 5
17786 21 21 7
17787 25 25 7
17788 19 18 6
17789 20 19 5
17790 23 23 5
17791 29 28 10
17792 16 16 6
17793 10 10 4
17794 22 21 7
17795 15 14 4
17796 18 17 5
17797 17 16 4
17798 14 13 5
17799 13 12 6
17800 16 15 5
17801 11 11 5
17802 17 16 4
17803 14 13 5
17804 21 20 6
17805 12 12 6
17806 12 12 4
17807 20 19 7
17808 11 11 7
17809 17 16 6
17810 18 18 6
17811 12 12 4
17812 14 13 5
17813 11 11 7
17814 13 12 4
17815 10 9 5
17816 13 12 4
17817 18 17 7
17818 15 15 5
17819 11 10 6
17820 6 6 6
17821 11 10 6
17822 6 6 6
17823 11 10 6
17824 12 12 6
17825 12 11 5
17826 13 13 5
17827 13 13 5
17828 17 17 7
17829 21 20 6
17830 12 12 4
17831 24 23 5
17832 9 8 4
17833 14 13 5
17834 13 13 5
17835 7 6 5
17836 9 8 4
17837 14 13 5
17838 7 6 5
17839 19 19 7
17840 11 11 5
17841 13 12 4
17842 26 25 7
17843 13 12 4
17844 12 11 5
17845 19 18 6
17846 12 11 5
17847 11 10 4
17848 16 15 5
17849 19 18 4
17850 18 17 7
17851 19 18 4
17852 10 9 5
17853 19 18 6
17854 14 13 5
17855 11 10 4
17856 12 11 5
17857 9 8 4
17858 10 9 5
17859 13 13 5
17860 5 5 5
17861 10 9 5
17862 31 30 6
17863 28 28 4
17864 18 17 7
17865 13 12 6
17866 16 16 6
17867 12 12 4
17868 14 13 7
17869 11 10 6
17870 12 12 6
17871 10 10 4
17872 22 21 5
17873 21 20 6
17874 18 18 4
17875 14 13 5
17876 13 12 4
17877 6 5 4
17878 18 17 5
17879 15 14 4
17880 10 9 5
17881 25 25 7
17882 13 12 4
17883 30 29 5
17884 15 15 5
17885 17 16 6
17886 6 6 6
17887 13 12 4
17888 14 13 5
17889 13 12 4
17890 16 15 7
17891 11 10 4
17892 6 5 4
17893 16 15 5
17894 13 12 6
17895 18 17 5
17896 15 14 6
17897 16 16 4
17898 12 11 5
17899 11 10 4
17900 20 19 7
17901 17 16 6
17902 10 10 6
17903 10 10 6
17904 6 6 6
17905 11 10 6
17906 12 12 6
17907 12 12 6
17908 6 5 4
17909 14 13 5
17910 11 10 4
17911 12 11 5
17912 7 7 7
17913 14 14 6
17914 18 18 6
17915 12 12 4
17916 24 23 5
17917 9 9 5
17918 15 14 4
17919 18 17 5
17920 7 6 5
17921 15 14 6
17922 12 12 6
17923 14 14 4
17924 6 5 4
17925 12 11 5
17926 13 13 5
17927 9 8 4
17928 14 13 7
17929 7 6 5
17930 13 12 4
17931 20 19 9
17932 9 8 4
17933 12 11 5
17934 13 12 4
17935 12 11 5
17936 15 15 5
17937 21 20 8
17938 18 17 5
17939 17 16 6
17940 10 10 6
17941 8 8 4
17942 6 5 4
17943 12 11 5
17944 15 15 5
17945 9 9 5
17946 7 6 5
17947 11 10 6
17948 12 11 5
17949 19 18 6
17950 8 8 4
17951 14 13 5
17952 9 9 5
17953 13 12 4
17954 6 5 4
17955 14 13 5
17956 11 10 4
17957 12 11 5
17958 9 8 4
17959 10 9 5
17960 11 11 5
17961 15 14 6
17962 14 14 6
17963 16 15 5
17964 9 9 5
17965 13 13 5
17966 11 10 6
17967 14 14 4
17968 18 17 5
17969 13 13 5
17970 13 12 4
17971 8 7 6
17972 8 8 4
17973 14 13 5
17974 7 7 7
17975 6 5 4
17976 16 15 5
17977 17 16 6
17978 6 6 6
17979 13 12 6
17980 10 10 6
17981 12 11 5
17982 11 10 6
17983 8 8 4
17984 12 11 7
17985 9 9 5
17986 13 12 4
17987 10 9 5
17988 13 13 5
17989 15 15 5
17990 21 20 8
17991 22 22 6
17992 14 14 4
17993 16 15 5
17994 13 13 5
17995 13 12 6
17996 22 22 6
17997 20 20 4
17998 24 23 5
17999 25 24 6
18000 24 24 4
18001 22 21 7
18002 9 8 4
18003 20 19 5
18004 23 23 5
18005 21 20 6
18006 24 24 6
18007 18 18 4
18008 24 23 5
18009 33 33 7
18010 19 19 5
18011 29 28 8
18012 30 30 6
18013 28 27 5
18014 41 40 8
18015 42 42 8
18016 24 24 6
18017 22 21 5
18018 41 40 10
18019 36 36 6
18020 40 39 5
18021 25 25 5
18022 39 38 8
18023 40 40 6
18024 46 45 9
18025 23 23 7
18026 37 36 6
18027 36 36 6
18028 38 38 8
18029 36 35 7
18030 31 30 6
18031 48 48 12
18032 20 19 5
18033 45 44 8
18034 32 32 8
18035 54 54 14
18036 42 42 6
18037 36 35 7
18038 43 43 13
18039 21 20 4
18040 62 61 17
18041 29 29 7
18042 33 32 6
18043 36 36 8
18044 20 20 6
18045 26 26 6
18046 30 29 5
18047 27 27 7
18048 25 24 6
18049 34 34 10
18050 24 23 5
18051 25 25 5
18052 43 42 6
18053 26 25 7
18054 15 14 6
18055 34 33 5
18056 23 23 5
18057 29 28 8
18058 24 24 6
18059 20 20 6
18060 24 24 4
18061 22 21 5
18062 21 21 5
18063 21 20 6
18064 26 26 6
18065 26 26 6
18066 20 20 4
18067 22 21 5
18068 15 14 4
18069 32 31 7
18070 21 20 6
18071 28 28 6
18072 22 21 5
18073 27 26 6
18074 10 10 4
18075 32 31 7
18076 19 18 4
18077 14 13 5
18078 15 14 6
18079 12 11 5
18080 17 17 5
18081 23 22 6
18082 20 19 7
18083 27 26 6
18084 8 8 4
18085 20 19 5
18086 13 13 5
18087 23 22 6
18088 14 14 6
18089 14 14 4
18090 14 13 5
18091 15 15 5
18092 13 12 4
18093 14 13 5
18094 13 13 5
18095 21 20 4
18096 16 15 7
18097 19 18 4
18098 18 17 5
18099 13 12 6
18100 12 11 5
18101 21 21 5
18102 15 14 6
18103 14 13 5
18104 17 17 5
18105 11 11 5
18106 21 21 9
18107 9 8 4
18108 18 17 5
18109 25 24 6
18110 22 22 6
18111 28 28 6
18112 12 12 4
18113 18 17 5
18114 25 24 10
18115 18 18 4
18116 16 15 5
18117 13 13 5
18118 25 24 4
18119 12 11 5
18120 17 17 7
18121 25 24 6
18122 26 26 6
18123 14 14 4
18124 26 25 5
18125 13 13 5
18126 21 20 6
18127 12 12 4
18128 14 13 5
18129 23 22 6
18130 8 8 4
18131 22 21 7
18132 11 10 4
18133 28 27 7
18134 13 12 4
18135 20 19 5
18136 13 13 7
18137 7 6 5
18138 13 12 6
18139 22 22 6
18140 16 16 6
18141 12 12 4
18142 14 13 5
18143 13 12 6
18144 16 16 6
18145 12 12 6
18146 18 18 6
18147 16 16 8
18148 14 14 6
18149 8 8 4
18150 14 13 5
18151 11 11 5
18152 13 12 6
18153 18 18 6
18154 16 16 4
18155 10 9 5
18156 9 8 4
18157 10 9 5
18158 21 21 7
18159 17 16 4
18160 12 11 5
18161 11 11 5
18162 15 15 7
18163 19 18 6
18164 8 8 4
18165 12 11 5
18166 15 14 4
18167 12 11 5
18168 9 9 5
18169 9 8 4
18170 10 9 5
18171 11 10 4
18172 16 15 7
18173 13 12 4
18174 12 11 5
18175 13 12 6
18176 16 16 6
18177 36 35 7
18178 15 14 4
18179 14 13 5
18180 11 11 5
18181 11 11 5
18182 15 15 5
18183 17 17 5
18184 7 6 5
18185 11 10 4
18186 26 25 7
18187 21 20 6
18188 14 14 4
18189 16 15 5
18190 11 11 5
18191 17 16 4
18192 14 13 7
18193 19 18 8
18194 12 12 4
18195 20 19 5
18196 15 15 5
18197 13 12 6
18198 14 14 6
18199 8 8 4
18200 10 9 5
18201 15 14 6
18202 20 20 6
18203 12 12 6
18204 12 12 4
18205 20 19 5
18206 23 23 7
18207 15 14 6
18208 6 5 4
18209 12 11 5
18210 23 23 7
18211 19 19 5
18212 11 11 5
18213 9 9 5
18214 11 10 4
18215 18 17 5
18216 31 30 6
18217 32 32 4
18218 16 15 5
18219 19 19 5
18220 27 27 5
18221 17 17 5
18222 23 22 6
18223 18 18 4
18224 22 21 5
18225 17 16 4
18226 14 13 5
18227 23 22 4
18228 6 5 4
18229 20 19 7
18230 17 16 6
18231 14 14 4
18232 10 9 5
18233 19 19 5
18234 11 10 4
18235 14 13 5
18236 15 15 7
18237 11 11 5
18238 15 15 5
18239 13 13 5
18240 17 17 5
18241 5 5 5
18242 18 17 7
18243 15 15 5
18244 5 5 5
18245 14 13 5
18246 21 21 5
18247 13 12 6
18248 12 12 6
18249 24 24 6
18250 16 15 5
18251 29 29 7
18252 7 6 5
18253 11 10 6
18254 6 6 6
18255 15 15 5
18256 13 13 5
18257 13 12 4
18258 18 17 5
18259 13 13 5
18260 19 18 6
18261 38 38 8
18262 16 15 5
18263 31 31 7
18264 25 24 6
18265 30 30 4
18266 18 17 5
18267 17 17 5
18268 15 15 7
18269 17 16 4
18270 22 21 5
18271 21 20 6
18272 26 26 6
18273 22 22 6
18274 16 16 6
18275 12 12 4
18276 14 13 5
18277 17 16 6
18278 12 11 5
18279 11 10 4
18280 16 15 5
18281 13 12 6
18282 8 8 4
18283 14 13 5
18284 9 8 4
18285 18 17 7
18286 11 11 5
18287 11 11 5
18288 13 12 6
18289 12 12 4
18290 12 11 5
18291 9 9 5
18292 11 10 6
18293 16 16 6
18294 12 11 5
18295 7 6 5
18296 11 10 4
18297 16 15 7
18298 13 12 6
18299 16 16 8
18300 18 18 6
18301 10 10 4
18302 14 13 5
18303 13 13 5
18304 17 17 7
18305 9 8 4
18306 6 5 4
18307 8 7 6
18308 10 9 5
18309 13 12 6
18310 14 14 4
18311 18 17 5
18312 17 16 6
18313 10 10 4
18314 8 7 6
18315 16 16 4
18316 20 19 5
18317 17 16 6
18318 14 13 5
18319 11 11 5
18320 11 10 4
18321 10 9 5
18322 11 11 5
18323 15 15 5
18324 9 9 5
18325 17 16 6
18326 12 11 7
18327 7 6 5
18328 7 6 5
18329 11 10 6
18330 12 12 6
18331 6 6 6
18332 17 17 7
18333 7 6 5
18334 11 11 5
18335 17 16 4
18336 16 15 5
18337 17 16 8
18338 20 20 6
18339 20 20 6
18340 12 11 5
18341 25 25 5
18342 13 12 4
18343 28 27 7
18344 17 17 5
18345 27 27 5
18346 17 16 4
18347 18 17 5
18348 11 11 5
18349 15 15 5
18350 17 16 6
18351 14 13 7
18352 15 14 6
18353 20 20 4
18354 26 25 7
18355 13 12 6
18356 16 15 5
18357 19 18 6
18358 18 18 6
18359 16 16 6
18360 16 16 6
18361 12 12 4
18362 26 25 5
18363 23 23 7
18364 13 12 4
18365 20 19 7
18366 11 10 4
18367 26 25 5
18368 29 28 6
18369 24 23 5
18370 25 25 5
18371 21 20 6
18372 22 21 5
18373 11 11 5
18374 15 15 5
18375 13 12 4
18376 22 21 5
18377 15 14 4
18378 16 15 5
18379 21 21 7
18380 11 10 4
18381 14 13 5
18382 17 16 6
18383 24 24 8
18384 24 24 6
18385 34 34 4
18386 20 19 5
18387 19 19 5
18388 21 20 6
18389 18 18 6
18390 20 20 4
18391 14 13 5
18392 19 19 5
18393 17 16 6
18394 24 24 4
18395 20 19 5
18396 21 21 7
18397 15 14 4
18398 24 23 7
18399 23 22 6
18400 26 26 4
18401 18 17 5
18402 17 17 5
18403 25 24 6
18404 12 11 5
18405 25 25 5
18406 51 51 11
18407 29 28 6
18408 18 17 5
18409 33 32 6
18410 34 33 7
18411 21 20 4
18412 26 25 7
18413 29 28 4
18414 44 43 9
18415 29 28 8
18416 40 40 10
18417 16 15 5
18418 29 29 5
18419 25 25 5
18420 27 26 6
18421 20 20 6
18422 22 22 6
18423 32 32 8
18424 18 17 5
18425 17 17 5
18426 27 27 5
18427 23 23 5
18428 29 29 11
18429 17 16 4
18430 26 25 5
18431 15 14 6
18432 14 14 4
18433 26 25 5
18434 25 25 5
18435 19 19 5
18436 19 19 5
18437 19 18 6
18438 22 21 5
18439 15 14 6
18440 14 14 4
18441 14 13 5
18442 11 11 5
18443 15 14 4
18444 20 19 5
18445 11 10 4
18446 12 11 5
18447 17 16 6
18448 14 13 5
18449 17 16 6
18450 8 8 4
18451 18 17 7
18452 19 18 6
18453 16 15 5
18454 15 15 5
18455 11 10 4
18456 24 23 5
18457 19 19 5
18458 15 14 6
18459 24 24 6
18460 10 10 4
18461 12 11 5
18462 21 20 6
18463 10 10 4
18464 14 13 5
18465 5 5 5
18466 16 15 7
18467 11 10 6
18468 16 16 6
18469 12 12 6
18470 20 19 7
18471 9 8 4
18472 14 13 5
18473 17 16 6
18474 14 14 6
18475 8 8 4
18476 10 9 5
18477 15 14 6
18478 8 8 4
18479 10 9 5
18480 21 21 5
18481 17 17 7
18482 17 16 4
18483 22 21 5
18484 15 14 6
18485 14 13 5
18486 5 5 5
18487 14 13 5
18488 11 11 5
18489 13 13 5
18490 13 12 4
18491 14 13 5
18492 19 18 6
18493 10 9 5
18494 13 12 4
18495 14 13 5
18496 13 12 6
18497 12 12 6
18498 12 12 4
18499 14 13 5
18500 13 13 5
18501 13 12 6
18502 14 14 6
18503 10 9 5
18504 17 16 4
18505 14 13 5
18506 13 12 4
18507 12 11 5
18508 13 12 4
18509 12 11 5
18510 13 12 4
18511 16 15 5
18512 11 11 5
18513 7 6 5
18514 13 13 5
18515 23 22 6
18516 12 12 4
18517 12 11 5
18518 11 11 5
18519 9 9 5
18520 15 15 7
18521 21 20 4
18522 16 15 5
18523 7 6 5
18524 11 10 4
18525 16 15 7
18526 15 14 4
18527 12 11 5
18528 9 8 4
18529 22 21 7
18530 17 17 5
18531 11 10 4
18532 18 17 5
18533 17 17 7
18534 17 16 6
18535 14 13 5
18536 9 9 5
18537 19 18 6
18538 24 23 5
18539 19 19 5
18540 19 19 5
18541 21 21 5
18542 17 17 5
18543 17 16 8
18544 10 10 4
18545 16 15 5
18546 13 13 5
18547 23 23 7
18548 15 14 6
18549 18 18 4
18550 26 25 5
18551 13 12 4
18552 20 19 7
18553 13 12 6
18554 22 22 6
18555 24 24 6
18556 16 16 6
18557 14 13 5
18558 19 18 4
18559 10 9 5
18560 11 11 5
18561 21 21 5
18562 13 12 4
18563 12 11 5
18564 11 10 6
18565 16 16 4
18566 14 13 5
18567 19 19 5
18568 15 14 4
18569 24 23 5
18570 13 13 5
18571 15 14 6
18572 12 11 5
18573 9 8 4
18574 10 9 5
18575 11 11 5
18576 11 11 5
18577 17 16 6
18578 24 23 5
18579 13 13 7
18580 11 10 4
18581 12 11 5
18582 11 10 4
18583 20 19 7
18584 11 10 6
18585 10 10 4
18586 12 11 5
18587 15 14 4
18588 10 9 5
18589 17 16 6
18590 14 14 4
18591 16 15 7
18592 23 22 6
18593 12 12 4
18594 10 9 5
18595 13 12 4
18596 10 9 5
18597 9 8 4
18598 12 11 7
18599 15 14 6
18600 14 14 6
18601 10 10 4
18602 12 11 5
18603 15 15 5
18604 19 18 6
18605 16 15 5
18606 7 6 5
18607 9 8 4
18608 18 17 5
18609 13 13 5
18610 15 14 6
18611 12 12 4
18612 18 17 7
18613 11 11 5
18614 11 11 5
18615 13 13 5
18616 11 10 6
18617 18 18 6
18618 18 18 4
18619 22 21 7
18620 21 20 6
18621 16 16 4
18622 20 19 5
18623 13 12 4
18624 20 19 5
18625 19 18 6
18626 16 16 4
18627 12 11 5
18628 11 10 6
18629 14 14 6
18630 16 15 7
18631 9 8 4
18632 14 13 5
18633 13 12 6
18634 12 11 5
18635 13 12 4
18636 12 11 7
18637 17 16 6
18638 20 20 6
18639 14 13 5
18640 17 16 4
18641 14 13 5
18642 9 9 5
18643 7 6 5
18644 11 10 4
18645 16 15 7
18646 15 14 6
18647 20 20 6
18648 8 8 4
18649 12 11 5
18650 9 9 5
18651 7 6 5
18652 19 19 7
18653 11 11 5
18654 11 10 6
18655 14 13 5
18656 9 9 5
18657 13 12 6
18658 8 8 4
18659 14 13 7
18660 13 12 6
18661 6 6 6
18662 17 17 5
18663 13 13 5
18664 9 8 7
18665 7 6 5
18666 17 16 4
18667 16 15 5
18668 13 13 5
18669 15 15 7
18670 21 20 6
18671 18 17 5
18672 19 18 6
18673 22 22 6
18674 20 19 5
18675 13 13 5
18676 25 24 8
18677 18 18 4
18678 16 15 5
18679 13 13 5
18680 27 27 5
18681 13 12 4
18682 16 15 5
18683 11 11 5
18684 15 14 4
18685 12 11 5
18686 9 8 4
18687 38 37 7
18688 11 11 5
18689 29 28 6
18690 30 30 8
18691 34 34 6
18692 32 32 6
18693 24 23 5
18694 33 33 5
18695 31 31 7
18696 29 28 4
18697 32 31 7
18698 23 23 5
18699 15 15 5
18700 21 20 4
18701 28 27 7
18702 45 44 8
18703 24 23 7
18704 35 34 8
18705 30 30 6
18706 24 23 9
18707 33 33 11
18708 21 21 5
18709 35 35 9
18710 25 25 5
18711 35 35 9
18712 21 20 4
18713 32 31 9
18714 11 10 4
18715 26 25 5
18716 31 31 5
18717 25 25 5
18718 23 23 5
18719 13 13 5
18720 31 30 6
18721 20 19 5
18722 33 32 6
18723 32 31 5
18724 25 24 8
18725 32 31 5
18726 35 35 9
18727 21 20 6
18728 18 18 4
18729 16 15 5
18730 19 19 5
18731 17 16 4
18732 36 35 7
18733 17 17 5
18734 19 18 6
18735 32 32 8
18736 30 30 8
18737 36 35 11
18738 27 26 6
18739 22 22 8
18740 24 23 7
18741 35 35 11
18742 33 32 10
18743 24 24 10
18744 26 25 9
18745 23 23 7
18746 39 38 8
18747 32 32 10
18748 42 41 13
18749 17 17 5
18750 35 35 7
18751 21 21 5
18752 19 19 5
18753 27 26 6
18754 24 24 6
18755 36 36 6
18756 10 9 5
18757 23 23 5
18758 27 26 8
18759 38 38 12
18760 14 14 6
18761 20 20 6
18762 36 35 9
18763 29 29 7
18764 15 15 5
18765 27 26 8
18766 28 27 7
18767 23 23 9
18768 31 30 6
18769 30 29 7
18770 27 26 4
18771 20 19 5
18772 15 14 6
18773 16 15 5
18774 9 9 5
18775 27 27 7
18776 29 28 10
18777 16 16 4
18778 16 15 5
18779 31 30 8
18780 16 15 5
18781 21 20 6
18782 34 34 8
18783 30 29 5
18784 29 28 6
18785 20 19 5
18786 15 14 4
18787 20 19 5
18788 23 22 4
18789 24 23 7
18790 19 18 4
18791 18 17 5
18792 21 20 4
18793 24 23 5
18794 21 21 5
18795 27 26 6
18796 16 16 4
18797 24 23 5
18798 17 16 4
18799 18 17 5
18800 15 15 5
18801 19 18 6
18802 16 16 6
18803 18 18 6
18804 16 16 4
18805 18 17 7
18806 23 22 6
18807 12 12 6
18808 18 18 4
18809 20 19 5
18810 9 9 5
18811 17 16 6
18812 12 12 6
18813 24 24 4
18814 20 19 5
18815 15 14 4
18816 18 17 5
18817 13 13 5
18818 17 16 8
18819 18 18 4
18820 14 13 7
18821 17 16 6
18822 14 14 4
18823 14 13 5
18824 15 14 4
18825 12 11 5
18826 15 15 5
18827 17 16 6
18828 16 15 5
18829 21 20 6
18830 16 16 4
18831 18 17 5
18832 13 12 6
18833 14 14 4
18834 16 15 5
18835 19 19 5
18836 23 23 9
18837 19 18 6
18838 12 12 4
18839 18 17 5
18840 21 21 5
18841 29 28 4
18842 22 21 5
18843 13 13 7
18844 31 30 4
18845 20 19 7
18846 21 20 6
18847 20 20 6
18848 22 21 5
18849 13 13 5
18850 15 14 6
18851 16 16 6
18852 18 18 4
18853 16 15 5
18854 11 10 4
18855 24 23 7
18856 11 11 5
18857 19 18 6
18858 10 10 4
18859 12 11 5
18860 5 5 5
18861 20 19 7
18862 25 24 6
18863 10 9 5
18864 7 6 5
18865 11 11 5
18866 25 25 5
18867 11 11 7
18868 17 16 6
18869 8 8 4
18870 18 17 5
18871 13 13 5
18872 13 12 4
18873 12 11 5
18874 11 11 7
18875 15 14 6
18876 12 12 6
18877 14 13 7
18878 9 8 4
18879 18 17 7
18880 11 10 4
18881 10 9 5
18882 11 10 6
18883 12 12 6
18884 10 10 4
18885 12 11 5
18886 5 5 5
18887 14 13 5
18888 5 5 5
18889 14 13 7
18890 17 16 6
18891 16 16 6
18892 12 12 4
18893 10 9 5
18894 23 22 4
18895 14 13 5
18896 19 18 6
18897 10 10 6
18898 6 6 6
18899 13 12 4
18900 16 15 7
18901 11 10 4
18902 10 9 5
18903 9 8 4
18904 12 11 7
18905 11 11 5
18906 21 20 6
18907 8 8 4
18908 10 9 5
18909 15 14 6
18910 14 13 5
18911 13 12 4
18912 12 11 5
18913 13 13 7
18914 15 14 6
18915 12 11 5
18916 7 6 5
18917 11 10 4
18918 12 11 7
18919 7 6 5
18920 17 17 5
18921 9 8 4
18922 16 15 5
18923 9 9 5
18924 7 6 5
18925 17 17 7
18926 17 16 6
18927 10 9 5
18928 17 16 6
18929 12 11 7
18930 11 10 4
18931 10 9 5
18932 7 6 5
18933 15 15 5
18934 9 8 4
18935 20 19 5
18936 11 10 4
18937 12 11 5
18938 19 19 5
18939 13 13 7
18940 13 12 6
18941 14 13 5
18942 15 14 6
18943 10 10 4
18944 18 17 7
18945 13 12 6
18946 14 14 6
18947 10 10 6
18948 14 14 6
18949 6 6 6
18950 13 13 5
18951 17 17 5
18952 15 14 6
18953 14 14 6
18954 12 12 4
18955 14 13 5
18956 15 14 4
18957 12 11 5
18958 7 6 5
18959 11 10 6
18960 20 19 5
18961 13 12 6
18962 10 9 5
18963 27 26 8
18964 10 10 4
18965 14 13 5
18966 17 16 6
18967 8 8 4
18968 14 13 5
18969 13 12 4
18970 14 13 5
18971 15 14 6
18972 10 10 6
18973 6 5 4
18974 12 11 5
18975 11 10 6
18976 12 12 4
18977 14 13 7
18978 17 16 6
18979 18 18 4
18980 14 13 5
18981 13 12 4
18982 14 13 5
18983 9 8 4
18984 20 19 5
18985 17 17 5
18986 21 20 4
18987 26 25 7
18988 11 10 4
18989 8 7 6
18990 20 20 6
18991 18 18 6
18992 18 17 7
18993 17 16 4
18994 14 13 5
18995 31 30 4
18996 34 33 5
18997 23 23 7
18998 27 26 4
18999 20 19 5
19000 23 22 6
19001 18 17 5
19002 13 12 6
19003 16 15 5
19004 23 22 6
19005 32 32 4
19006 18 17 5
19007 17 16 6
19008 12 11 5
19009 25 24 6
19010 18 17 5
19011 17 17 5
19012 17 17 5
19013 15 15 5
19014 19 19 5
19015 21 21 7
19016 31 31 7
19017 27 27 5
19018 15 14 6
19019 36 36 6
19020 26 26 8
19021 20 20 6
19022 22 22 4
19023 32 31 9
19024 31 30 4
19025 18 17 5
19026 13 13 5
19027 15 15 5
19028 21 20 6
19029 26 25 7
19030 25 25 7
19031 15 15 5
19032 27 26 6
19033 28 27 5
19034 27 27 5
19035 23 23 9
19036 31 31 7
19037 25 25 7
19038 39 38 8
19039 34 34 6
19040 30 29 9
19041 31 30 10
19042 30 30 6
19043 36 35 7
19044 27 27 5
19045 23 22 6
19046 22 22 6
19047 22 22 6
19048 16 16 6
19049 34 34 10
19050 36 36 12
19051 46 45 13
19052 33 32 8
19053 22 22 8
19054 20 20 6
19055 16 15 5
19056 41 40 10
19057 30 30 6
19058 22 21 5
19059 29 28 8
19060 30 29 9
19061 21 20 6
19062 22 21 5
19063 29 28 10
19064 32 31 13
19065 25 24 6
19066 18 18 4
19067 16 15 7
19068 19 18 4
19069 26 25 5
19070 35 35 5
19071 11 10 4
19072 22 21 5
19073 19 19 7
19074 25 25 7
19075 21 21 5
19076 27 27 7
19077 25 24 6
19078 36 36 8
19079 26 25 5
19080 25 24 8
19081 38 38 6
19082 28 27 7
19083 11 11 5
19084 23 22 4
19085 28 27 5
19086 15 14 6
19087 30 30 6
19088 14 14 4
19089 18 17 5
19090 31 31 7
19091 23 22 4
19092 24 23 5
19093 21 20 6
19094 20 19 5
19095 31 30 6
19096 24 24 10
19097 30 30 8
19098 20 20 8
19099 18 18 4
19100 26 25 9
19101 41 40 12
19102 26 25 5
19103 23 23 5
19104 25 25 5
19105 21 20 6
19106 26 25 5
19107 25 25 5
19108 25 25 9
19109 23 22 6
19110 14 13 5
19111 19 19 5
19112 17 17 5
19113 23 23 5
19114 29 28 6
19115 14 13 5
19116 17 16 6
19117 22 22 6
19118 18 17 5
19119 17 16 4
19120 12 11 5
19121 5 5 5
19122 22 21 5
19123 13 13 5
19124 13 12 6
19125 12 12 6
19126 22 21 5
19127 11 11 5
19128 17 16 6
19129 26 25 5
19130 13 13 5
19131 11 11 5
19132 17 17 7
19133 15 14 4
19134 14 13 5
19135 13 12 4
19136 12 11 5
19137 13 12 6
19138 18 17 7
19139 13 12 4
19140 12 11 5
19141 13 12 6
19142 14 14 6
19143 18 18 6
19144 16 16 4
19145 12 11 5
19146 15 14 6
19147 20 19 7
19148 11 11 5
19149 15 15 5
19150 13 12 6
19151 18 17 7
19152 11 10 4
19153 16 15 7
19154 15 15 5
19155 9 9 5
19156 19 19 5
19157 17 17 7
19158 11 10 4
19159 14 13 5
19160 15 14 6
19161 14 13 7
19162 15 14 6
19163 14 14 4
19164 10 9 5
19165 11 11 5
19166 15 14 6
19167 12 12 6
19168 10 9 5
19169 13 12 6
19170 16 16 6
19171 8 8 4
19172 12 11 5
19173 11 11 5
19174 11 10 6
19175 18 18 6
19176 12 11 5
19177 11 11 5
19178 15 15 5
19179 13 12 4
19180 20 19 5
19181 17 17 5
19182 15 15 5
19183 15 15 5
19184 19 19 5
19185 11 10 4
19186 14 13 5
19187 11 10 6
19188 16 15 5
19189 17 17 5
19190 19 18 6
19191 14 14 6
19192 16 16 4
19193 24 23 5
19194 13 12 6
19195 24 24 4
19196 24 23 5
19197 23 23 5
19198 27 26 8
19199 16 16 6
19200 14 14 4
19201 22 21 5
19202 31 30 6
19203 28 28 6
19204 24 24 4
19205 28 27 7
19206 17 16 4
19207 24 23 5
19208 15 15 5
19209 13 13 5
19210 23 23 5
19211 19 18 6
19212 28 28 6
19213 16 15 7
19214 11 10 4
19215 22 21 7
19216 19 18 8
19217 16 15 5
19218 21 20 4
19219 20 19 7
19220 21 20 6
19221 16 16 4
19222 18 17 7
19223 19 18 6
19224 14 14 4
19225 20 19 5
19226 25 25 5
19227 19 18 4
19228 18 17 5
19229 13 13 5
19230 19 18 6
19231 10 10 4
19232 22 21 7
19233 9 9 5
19234 11 10 6
19235 8 8 4
19236 18 17 5
19237 15 15 5
19238 11 10 4
19239 6 5 4
19240 20 19 7
19241 7 6 5
19242 9 8 4
19243 22 21 5
19244 11 11 5
19245 23 22 6
19246 10 10 6
19247 22 22 4
19248 6 5 4
19249 12 11 5
19250 13 12 6
19251 6 5 4
19252 14 13 5
19253 15 14 6
19254 14 14 6
19255 22 22 6
19256 12 12 4
19257 12 11 5
19258 13 12 6
19259 20 19 5
19260 9 8 4
19261 12 11 5
19262 15 14 6
19263 14 14 4
19264 18 17 7
19265 13 12 4
19266 16 15 5
19267 5 5 5
19268 10 9 5
19269 19 18 6
19270 10 10 4
19271 16 15 5
19272 15 15 5
19273 17 16 4
19274 16 15 5
19275 7 6 5
19276 11 11 5
19277 9 8 4
19278 16 15 5
19279 9 8 4
19280 12 11 5
19281 13 13 5
19282 17 17 7
19283 21 20 8
19284 16 16 4
19285 10 9 5
19286 13 12 6
19287 12 11 5
19288 15 15 5
19289 15 15 5
19290 13 12 4
19291 16 15 7
19292 19 18 6
19293 26 25 5
19294 23 22 6
19295 12 11 5
19296 17 16 4
19297 16 15 5
19298 11 10 4
19299 12 11 5
19300 13 13 5
19301 13 13 5
19302 31 30 6
19303 14 14 4
19304 26 25 5
19305 17 17 5
19306 15 14 4
19307 22 21 5
19308 5 5 5
19309 10 9 5
19310 23 22 6
19311 6 6 6
19312 13 12 4
19313 26 25 7
19314 33 32 4
19315 6 5 4
19316 18 17 5
19317 13 13 7
19318 15 14 4
19319 6 5 4
19320 20 19 5
19321 11 11 5
19322 21 21 7
19323 7 6 5
19324 19 18 6
19325 12 12 6
19326 12 12 6
19327 12 12 4
19328 14 13 5
19329 15 14 4
19330 10 9 5
19331 19 18 4
19332 14 13 5
19333 7 6 5
19334 11 11 5
19335 9 9 5
19336 17 16 6
19337 14 14 6
19338 20 20 6
19339 10 9 5
19340 17 17 5
19341 17 17 5
19342 21 20 4
19343 20 19 5
19344 15 15 5
19345 17 17 5
19346 15 14 6
19347 12 12 4
19348 14 13 5
19349 11 11 5
19350 13 12 4
19351 10 9 5
19352 13 13 5
19353 17 16 6
19354 14 13 5
19355 15 14 6
19356 10 10 6
19357 12 11 5
19358 13 12 4
19359 18 17 7
19360 17 16 6
19361 12 12 4
19362 16 15 5
19363 21 20 4
19364 18 17 5
19365 11 11 5
19366 19 19 7
19367 7 6 5
19368 9 8 4
19369 16 15 7
19370 17 16 6
19371 18 18 6
19372 14 13 5
19373 13 13 5
19374 15 14 4
19375 10 9 5
19376 15 14 4
19377 24 23 7
19378 9 8 4
19379 12 11 5
19380 13 12 6
19381 12 11 5
19382 21 20 6
19383 8 8 4
19384 14 13 5
19385 15 15 5
19386 13 12 4
19387 10 9 5
19388 13 13 5
19389 19 18 4
19390 18 17 5
19391 11 11 5
19392 13 12 4
19393 20 19 5
19394 15 14 6
19395 14 13 7
19396 13 12 4
19397 20 19 7
19398 15 14 4
19399 20 19 5
19400 17 16 6
19401 14 14 6
19402 12 12 6
19403 20 20 8
19404 18 18 6
19405 10 10 4
19406 10 9 5
19407 13 13 5
19408 15 14 6
19409 10 10 4
19410 12 11 5
19411 11 10 4
19412 16 15 7
19413 13 13 5
19414 13 12 4
19415 18 17 5
19416 9 9 5
19417 5 5 5
19418 10 9 5
19419 11 11 5
19420 15 14 4
19421 10 9 5
19422 13 13 5
19423 11 11 5
19424 13 13 5
19425 15 14 6
19426 16 16 4
19427 14 13 5
19428 11 11 7
19429 13 12 4
19430 18 17 7
19431 11 10 4
19432 12 11 5
19433 19 18 4
19434 12 11 5
19435 15 15 5
19436 9 9 5
19437 21 20 4
19438 14 13 5
19439 17 17 7
19440 15 14 4
19441 12 11 5
19442 15 14 6
19443 20 20 4
19444 16 15 5
19445 19 19 7
19446 15 14 4
19447 20 19 5
19448 11 11 5
19449 15 14 4
19450 20 19 5
19451 13 12 6
19452 12 12 4
19453 14 13 5
19454 19 18 6
19455 16 15 5
19456 15 15 5
19457 13 12 4
19458 18 17 5
19459 17 17 7
19460 17 16 4
19461 24 23 5
19462 13 12 6
19463 16 15 5
19464 13 12 6
19465 12 12 4
19466 12 11 5
19467 11 11 5
19468 11 10 4
19469 10 9 5
19470 13 12 6
19471 10 9 5
19472 9 9 5
19473 13 12 6
19474 14 13 5
19475 11 11 5
19476 13 12 6
19477 20 20 6
19478 12 12 4
19479 18 17 7
19480 15 15 5
19481 19 18 6
19482 14 13 5
19483 11 11 5
19484 17 16 6
19485 22 22 6
19486 12 11 5
19487 19 18 6
19488 16 15 5
19489 11 11 5
19490 21 20 6
19491 10 10 6
19492 6 6 6
19493 11 10 4
19494 16 15 7
19495 21 20 6
19496 16 15 5
19497 13 12 4
19498 10 9 5
19499 13 12 6
19500 16 16 6
19501 10 9 5
19502 15 14 6
19503 14 14 6
19504 16 16 6
19505 20 20 6
19506 16 16 6
19507 18 18 8
19508 12 12 4
19509 20 19 9
19510 9 8 4
19511 16 15 5
19512 15 14 6
19513 14 14 4
19514 10 9 5
19515 15 15 7
19516 15 14 4
19517 12 11 5
19518 13 12 6
19519 14 13 5
19520 15 15 5
19521 13 13 7
19522 19 18 6
19523 12 12 6
19524 14 14 6
19525 10 10 6
19526 12 12 6
19527 14 14 6
19528 20 20 6
19529 16 16 4
19530 16 15 5
19531 11 11 5
19532 13 13 5
19533 15 14 4
19534 14 13 5
19535 13 12 6
19536 12 12 6
19537 22 22 8
19538 10 10 4
19539 12 11 5
19540 19 19 7
19541 17 16 6
19542 12 12 6
19543 6 6 6
19544 17 16 6
19545 8 8 4
19546 18 17 5
19547 9 9 5
19548 11 11 5
19549 11 10 4
19550 20 19 7
19551 7 6 5
19552 9 9 5
19553 13 13 5
19554 19 18 4
19555 20 19 9
19556 11 10 4
19557 10 9 5
19558 9 9 5
19559 13 12 4
19560 12 11 7
19561 21 20 6
19562 6 6 6
19563 21 20 6
19564 22 22 4
19565 10 9 5
19566 11 10 4
19567 10 9 5
19568 11 11 5
19569 9 8 4
19570 10 9 5
19571 17 16 6
19572 14 13 5
19573 15 14 4
19574 12 11 7
19575 9 8 4
19576 12 11 5
19577 25 25 7
19578 11 10 6
19579 8 8 4
19580 12 11 5
19581 11 10 6
19582 10 10 6
19583 14 14 4
19584 20 19 7
19585 11 11 5
19586 11 11 5
19587 15 14 6
19588 12 12 6
19589 8 8 4
19590 22 21 7
19591 11 10 6
19592 6 6 6
19593 11 11 5
19594 25 24 6
19595 12 12 4
19596 12 11 5
19597 17 17 7
19598 13 13 5
19599 13 12 4
19600 10 9 5
19601 13 12 6
19602 12 12 6
19603 16 15 5
19604 11 11 5
19605 7 6 5
19606 9 9 5
19607 11 10 6
19608 8 8 4
19609 8 7 6
19610 14 13 7
19611 11 10 4
19612 16 15 5
19613 11 10 6
19614 14 14 4
19615 14 13 5
19616 9 9 5
19617 13 13 5
19618 15 14 6
19619 10 10 4
19620 12 11 5
19621 11 11 5
19622 15 14 4
19623 10 9 5
19624 7 6 5
19625 7 7 7
19626 18 18 4
19627 10 9 5
19628 15 15 5
19629 9 9 5
19630 25 25 5
19631 13 13 5
19632 17 16 8
19633 6 6 6
19634 9 8 4
19635 10 9 5
19636 15 14 6
19637 12 11 5
19638 23 22 6
19639 30 30 6
19640 18 18 4
19641 22 21 5
19642 11 10 4
19643 14 13 5
19644 11 11 5
19645 9 8 4
19646 26 25 9
19647 15 14 4
19648 14 13 5
19649 15 14 4
19650 10 9 5
19651 13 13 5
19652 5 5 5
19653 10 9 5
19654 11 11 7
19655 15 14 6
19656 14 14 4
19657 12 11 5
19658 13 13 7
19659 11 10 6
19660 8 8 4
19661 14 13 5
19662 13 12 6
19663 18 17 5
19664 15 15 5
19665 9 8 4
19666 12 11 5
19667 17 16 6
19668 6 5 4
19669 18 17 5
19670 15 15 5
19671 11 11 5
19672 11 10 4
19673 10 9 5
19674 11 11 5
19675 9 8 4
19676 12 11 7
19677 11 10 4
19678 10 9 5
19679 7 6 5
19680 19 19 7
19681 7 6 5
19682 9 9 5
19683 11 10 6
19684 12 12 4
19685 12 11 5
19686 15 14 6
19687 12 12 4
19688 10 9 5
19689 21 20 6
19690 14 13 5
19691 15 14 6
19692 10 10 4
19693 10 9 5
19694 7 6 5
19695 13 13 5
19696 7 7 7
19697 8 8 4
19698 10 9 5
19699 13 12 6
19700 16 16 8
19701 14 13 5
19702 17 16 6
19703 12 12 6
19704 14 14 6
19705 10 10 6
19706 12 11 5
19707 5 5 5
19708 14 13 5
19709 13 13 5
19710 13 13 5
19711 9 8 4
19712 10 9 5
19713 11 11 5
19714 15 14 6
19715 6 6 6
19716 13 13 7
19717 19 18 6
19718 12 12 4
19719 8 7 6
19720 20 20 4
19721 14 13 7
19722 15 14 6
19723 12 12 6
19724 20 20 6
19725 16 16 6
19726 10 10 4
19727 14 13 5
19728 11 11 5
19729 9 8 4
19730 14 13 5
19731 11 10 6
19732 12 12 6
19733 12 12 6
19734 10 10 4
19735 6 5 4
19736 18 17 7
19737 11 10 4
19738 12 11 5
19739 13 12 6
19740 18 18 6
19741 24 23 5
19742 11 11 5
19743 5 5 5
19744 12 11 5
19745 19 18 6
19746 12 11 5
19747 13 12 4
19748 14 13 5
19749 15 15 5
19750 15 15 5
19751 17 17 5
19752 21 20 4
19753 12 11 5
19754 11 11 5
19755 11 10 4
19756 14 13 5
19757 17 17 5
19758 11 11 5
19759 13 12 4
19760 12 11 5
19761 13 13 5
19762 11 10 4
19763 20 19 5
19764 13 13 5
19765 17 16 6
19766 8 8 4
19767 12 11 5
19768 11 11 5
19769 7 6 5
19770 11 10 6
19771 6 6 6
19772 17 16 6
19773 12 11 5
19774 11 10 6
19775 6 6 6
19776 13 12 6
19777 28 27 5
19778 9 8 4
19779 14 13 5
19780 9 9 5
19781 11 10 4
19782 18 17 5
19783 19 18 6
19784 16 15 5
19785 11 10 4
19786 12 11 7
19787 13 13 5
19788 9 9 5
19789 11 10 6
19790 16 16 6
19791 20 20 4
19792 12 11 5
19793 9 9 5
19794 13 13 5
19795 11 10 6
19796 14 14 4
19797 16 15 5
19798 23 23 7
19799 13 13 5
19800 13 12 6
19801 14 14 6
19802 10 10 6
19803 18 18 6
19804 10 10 6
19805 14 13 5
19806 13 12 4
19807 12 11 7
19808 11 11 5
19809 11 10 6
19810 18 18 6
19811 14 13 5
19812 19 18 6
19813 10 10 6
19814 10 9 5
19815 13 12 6
19816 10 10 4
19817 10 9 5
19818 15 15 7
19819 9 8 4
19820 26 25 7
19821 19 18 6
19822 18 18 4
19823 6 5 4
19824 14 13 5
19825 9 8 4
19826 14 13 7
19827 13 12 6
19828 16 16 6
19829 18 18 6
19830 14 13 7
19831 17 17 5
19832 11 11 5
19833 9 9 5
19834 19 18 6
19835 20 20 4
19836 16 15 5
19837 11 11 5
19838 27 27 5
19839 5 5 5
19840 14 13 5
19841 15 15 5
19842 25 24 6
19843 8 8 4
19844 12 11 5
19845 11 11 5
19846 9 9 5
19847 11 10 4
19848 12 11 5
19849 15 15 5
19850 11 10 4
19851 12 11 5
19852 13 12 6
19853 14 14 6
19854 14 14 6
19855 16 16 6
19856 24 24 6
19857 14 13 5
19858 13 12 4
19859 14 13 5
19860 19 18 6
19861 12 11 5
19862 13 13 5
19863 25 24 8
19864 10 10 4
19865 14 13 5
19866 19 18 6
19867 10 9 5
19868 13 12 4
19869 20 19 7
19870 11 11 5
19871 15 14 4
19872 18 17 5
19873 11 10 6
19874 16 16 8
19875 8 8 4
19876 10 9 5
19877 13 12 6
19878 12 12 4
19879 18 17 5
19880 11 10 4
19881 16 15 5
19882 7 6 5
19883 9 9 5
19884 17 16 4
19885 12 11 5
19886 13 13 5
19887 9 9 5
19888 11 10 4
19889 14 13 5
19890 15 15 5
19891 15 15 5
19892 19 19 5
19893 9 9 5
19894 13 12 4
19895 12 11 5
19896 11 11 5
19897 13 12 6
19898 10 10 4
19899 22 21 5
19900 13 13 5
19901 13 13 5
19902 17 16 6
19903 8 8 4
19904 18 17 5
19905 27 26 6
19906 12 11 7
19907 11 10 4
19908 12 11 5
19909 11 11 5
19910 7 6 5
19911 15 14 4
19912 16 15 7
19913 11 10 4
19914 12 11 5
19915 19 18 6
19916 14 14 6
19917 10 10 6
19918 10 9 5
19919 9 8 4
19920 14 13 5
19921 19 18 4
19922 16 15 5
19923 17 16 6
19924 12 12 6
19925 10 10 4
19926 14 13 7
19927 17 16 6
19928 20 20 6
19929 18 18 6
19930 20 20 6
19931 8 8 4
19932 12 11 5
19933 13 12 6
19934 10 9 5
19935 13 12 4
19936 14 13 5
19937 15 15 5
19938 19 18 6
19939 14 14 4
19940 14 13 7
19941 11 10 4
19942 14 13 5
19943 9 8 4
19944 18 17 5
19945 13 12 4
19946 12 11 5
19947 13 13 5
19948 11 11 5
19949 15 14 4
19950 24 23 5
19951 11 11 5
19952 11 11 5
19953 15 14 6
19954 14 14 6
19955 12 12 6
19956 8 8 4
19957 14 13 5
19958 9 8 4
19959 14 13 7
19960 13 12 6
19961 14 14 6
19962 14 14 6
19963 18 18 4
19964 10 9 5
19965 13 12 4
19966 14 13 5
19967 23 23 7
19968 13 13 5
19969 15 14 4
19970 12 11 5
19971 11 10 4
19972 14 13 7
19973 9 8 4
19974 10 9 5
19975 11 11 5
19976 9 9 5
19977 11 10 6
19978 6 5 4
19979 6 5 4
19980 12 11 5
19981 15 15 5
19982 5 5 5
19983 10 9 5
19984 19 18 8
19985 14 13 5
19986 15 14 6
19987 14 14 6
19988 16 15 7
19989 15 14 4
19990 16 15 5
19991 11 10 6
19992 16 16 6
19993 14 14 4
19994 18 17 5
19995 11 11 5
19996 7 7 7
19997 14 13 5
19998 11 10 4
19999 12 11 5
20000 5 5 5
20001 8 7 6
20002 14 14 6
20003 14 14 4
20004 12 11 5
20005 23 22 6
20006 14 13 5
20007 9 9 5
20008 19 18 6
20009 10 10 4
20010 22 21 7
20011 15 14 4
20012 24 23 5
20013 13 12 4
20014 10 9 5
20015 13 13 5
20016 9 9 5
20017 19 18 4
20018 8 7 6
20019 20 20 6
20020 10 9 5
20021 9 9 5
20022 15 14 6
20023 18 17 5
20024 15 15 5
20025 9 8 4
20026 16 15 5
20027 13 13 5
20028 15 14 4
20029 6 5 4
20030 14 13 5
20031 13 13 5
20032 17 16 6
20033 14 13 5
20034 13 12 6
20035 10 9 5
20036 13 12 6
20037 12 12 6
20038 12 11 5
20039 15 14 6
20040 12 11 5
20041 11 10 6
20042 16 15 5
20043 7 7 7
20044 12 12 4
20045 10 9 5
20046 9 9 5
20047 13 13 5
20048 13 12 6
20049 18 18 6
20050 12 11 5
20051 13 13 5
20052 13 12 6
20053 16 16 6
20054 16 16 8
20055 12 12 6
20056 16 16 4
20057 16 15 5
20058 15 14 6
20059 14 13 5
20060 17 16 4
20061 12 11 5
20062 9 9 5
20063 17 16 6
20064 10 10 6
20065 10 10 4
20066 14 13 7
20067 15 14 6
20068 12 11 5
20069 9 9 5
20070 9 8 4
20071 12 11 5
20072 11 10 6
20073 14 14 4
20074 12 11 5
20075 11 11 5
20076 5 5 5
20077 16 15 7
20078 19 18 6
20079 12 11 5
20080 15 15 5
20081 11 10 4
20082 12 11 7
20083 7 6 5
20084 11 10 6
20085 16 16 8
20086 10 10 4
20087 16 15 5
20088 9 9 5
20089 11 10 4
20090 20 19 5
20091 9 9 5
20092 21 20 6
20093 18 17 7
20094 13 12 6
20095 14 14 6
20096 10 10 6
20097 6 6 6
20098 19 18 6
20099 20 20 8
20100 14 14 6
20101 24 24 4
20102 14 13 5
20103 11 11 5
20104 17 17 7
20105 13 12 6
20106 6 6 6
20107 7 6 5
20108 9 8 4
20109 18 17 5
20110 13 13 7
20111 13 12 4
20112 12 11 5
20113 25 25 7
20114 17 16 8
20115 14 14 4
20116 18 17 7
20117 13 13 5
20118 19 19 7
20119 13 12 6
20120 8 8 4
20121 22 21 5
20122 9 8 4
20123 12 11 5
20124 13 12 6
20125 6 6 6
20126 13 12 6
20127 10 10 6
20128 6 5 4
20129 16 15 7
20130 13 12 4
20131 12 11 5
20132 9 8 4
20133 14 13 7
20134 13 13 5
20135 11 11 5
20136 15 14 8
20137 18 18 6
20138 6 6 6
20139 13 12 6
20140 18 18 6
20141 16 16 4
20142 18 17 5
20143 15 14 6
20144 8 8 4
20145 14 13 7
20146 9 8 4
20147 14 13 7
20148 7 6 5
20149 19 18 4
20150 12 11 5
20151 15 14 6
20152 8 8 4
20153 10 9 5
20154 19 18 8
20155 12 12 4
20156 10 9 5
20157 11 10 6
20158 10 10 6
20159 8 8 4
20160 14 13 5
20161 15 14 6
20162 16 15 5
20163 13 12 6
20164 12 11 5
20165 9 9 5
20166 11 10 6
20167 14 14 6
20168 12 12 6
20169 10 10 4
20170 12 11 5
20171 23 22 6
20172 16 15 5
20173 13 12 4
20174 14 13 7
20175 15 14 6
20176 14 13 5
20177 5 5 5
20178 14 13 7
20179 15 14 4
20180 10 9 5
20181 17 16 6
20182 12 12 6
20183 24 24 6
20184 26 26 6
20185 10 9 5
20186 13 13 5
20187 7 7 7
20188 18 17 5
20189 13 12 4
20190 22 21 7
20191 27 26 6
20192 10 9 5
20193 21 21 5
20194 15 14 4
20195 16 15 5
20196 17 17 5
20197 9 8 4
20198 20 19 5
20199 13 13 7
20200 9 9 5
20201 11 11 5
20202 17 16 6
20203 12 11 5
20204 7 6 5
20205 13 13 5
20206 9 9 5
20207 7 6 5
20208 13 12 4
20209 14 13 7
20210 15 14 6
20211 6 6 6
20212 13 12 6
20213 16 15 7
20214 11 10 4
20215 18 17 5
20216 23 22 6
20217 14 13 5
20218 17 16 6
20219 16 16 6
20220 14 14 6
20221 12 12 6
20222 16 16 8
20223 14 14 4
20224 10 9 5
20225 17 16 8
20226 12 12 6
20227 12 12 6
20228 6 5 4
20229 10 9 5
20230 25 24 8
20231 12 12 4
20232 12 11 5
20233 15 14 6
20234 10 9 5
20235 11 11 5
20236 17 16 6
20237 14 13 5
20238 7 6 5
20239 7 6 5
20240 11 11 5
20241 7 6 5
20242 11 11 5
20243 11 11 5
20244 13 12 6
20245 12 12 4
20246 10 9 5
20247 15 15 5
20248 17 17 5
20249 11 11 5
20250 17 16 6
20251 22 22 6
20252 18 18 4
20253 16 15 5
20254 15 14 6
20255 6 6 6
20256 19 18 4
20257 12 11 5
20258 9 9 5
20259 5 5 5
20260 14 13 5
20261 17 16 6
20262 14 14 6
20263 8 8 4
20264 16 15 7
20265 11 10 4
20266 12 11 5
20267 9 8 4
20268 20 19 7
20269 9 8 4
20270 14 13 5
20271 11 10 6
20272 12 12 6
20273 12 11 5
20274 13 13 7
20275 13 12 6
20276 12 11 5
20277 11 10 4
20278 22 21 5
20279 13 13 5
20280 15 14 6
20281 8 8 4
20282 10 9 5
20283 17 17 7
20284 13 13 5
20285 11 10 6
20286 12 12 6
20287 10 10 4
20288 6 5 4
20289 12 11 5
20290 13 13 5
20291 17 17 5
20292 7 7 7
20293 8 8 4
20294 12 11 5
20295 15 14 4
20296 8 7 6
20297 8 8 4
20298 12 11 7
20299 15 14 6
20300 6 5 4
20301 12 11 5
20302 15 14 6
20303 14 14 4
20304 10 9 5
20305 9 9 5
20306 15 15 7
20307 13 12 4
20308 18 17 7
20309 13 12 4
20310 20 19 7
20311 11 10 6
20312 10 10 4
20313 8 7 6
20314 14 14 4
20315 10 9 5
20316 15 14 4
20317 10 9 5
20318 13 13 7
20319 19 18 4
20320 12 11 5
20321 13 12 8
20322 10 10 4
20323 12 11 5
20324 15 14 6
20325 12 12 4
20326 12 11 5
20327 11 11 5
20328 17 17 5
20329 13 12 4
20330 16 15 7
20331 9 8 4
20332 6 5 4
20333 16 15 5
20334 11 10 6
20335 18 17 5
20336 21 20 4
20337 10 9 5
20338 15 15 5
20339 13 13 5
20340 15 15 5
20341 13 12 4
20342 22 21 7
20343 15 14 6
20344 10 9 5
20345 11 11 5
20346 9 8 4
20347 12 11 5
20348 15 14 6
20349 12 12 6
20350 6 6 6
20351 11 11 5
20352 21 21 5
20353 11 11 5
20354 9 8 4
20355 12 11 5
20356 13 12 6
20357 12 11 5
20358 17 17 7
20359 9 8 4
20360 12 11 5
20361 9 9 5
20362 15 15 5
20363 9 9 5
20364 9 9 5
20365 15 15 7
20366 9 8 4
20367 14 13 7
20368 13 12 4
20369 14 13 5
20370 15 14 6
20371 10 10 6
20372 14 14 6
20373 12 12 6
20374 14 14 6
20375 16 16 6
20376 14 14 6
20377 16 15 5
20378 9 8 4
20379 14 13 7
20380 11 10 4
20381 14 13 5
20382 11 11 5
20383 17 16 4
20384 14 13 5
20385 15 15 5
20386 17 16 4
20387 24 23 7
20388 11 10 4
20389 18 17 7
20390 11 10 6
20391 12 11 5
20392 19 18 8
20393 14 14 6
20394 12 12 4
20395 12 11 5
20396 13 12 4
20397 12 11 7
20398 11 10 6
20399 12 12 6
20400 10 10 4
20401 10 9 5
20402 13 13 5
20403 13 12 6
20404 12 12 6
20405 10 10 4
20406 10 9 5
20407 15 14 8
20408 10 10 4
20409 10 9 5
20410 13 12 6
20411 6 6 6
20412 17 16 6
20413 14 14 6
20414 10 10 4
20415 16 15 7
20416 11 10 6
20417 14 14 6
20418 12 12 4
20419 12 11 5
20420 17 16 6
20421 10 9 5
20422 9 8 4
20423 18 17 7
20424 11 10 6
20425 14 14 4
20426 16 15 7
20427 11 10 4
20428 12 11 5
20429 7 6 5
20430 25 24 6
20431 12 12 4
20432 10 9 5
20433 9 8 4
20434 14 13 5
20435 11 10 4
20436 10 9 5
20437 17 17 5
20438 15 14 6
20439 14 14 6
20440 16 16 6
20441 18 18 4
20442 14 13 5
20443 13 13 5
20444 19 19 5
20445 17 17 5
20446 15 15 5
20447 11 11 5
20448 15 15 5
20449 11 11 5
20450 9 9 5
20451 11 10 6
20452 12 12 6
20453 16 16 4
20454 14 13 5
20455 11 11 5
20456 11 11 5
20457 13 13 7
20458 15 14 4
20459 14 13 5
20460 9 9 5
20461 9 9 5
20462 9 9 5
20463 7 6 5
20464 7 6 5
20465 11 11 5
20466 23 23 5
20467 11 11 5
20468 13 12 6
20469 14 13 7
20470 19 18 6
20471 6 5 4
20472 6 5 4
20473 12 11 5
20474 9 9 5
20475 11 11 5
20476 11 10 4
20477 18 17 5
20478 9 9 5
20479 11 11 5
20480 11 11 5
20481 11 10 4
20482 10 9 5
20483 11 10 6
20484 12 12 6
20485 14 13 5
20486 15 15 5
20487 13 12 4
20488 6 5 4
20489 12 11 5
20490 9 8 4
20491 8 7 6
20492 10 10 4
20493 14 13 5
20494 13 12 6
20495 16 15 7
20496 25 24 6
20497 16 16 6
20498 10 10 6
20499 12 12 6
20500 14 13 5
20501 15 14 6
20502 16 15 5
20503 11 11 5
20504 23 22 8
20505 16 16 6
20506 14 14 6
20507 10 10 4
20508 16 15 7
20509 11 11 5
20510 5 5 5
20511 14 13 5
20512 15 14 6
20513 12 12 6
20514 10 10 4
20515 14 13 7
20516 9 8 4
20517 6 5 4
20518 18 17 5
20519 15 14 6
20520 14 14 6
20521 12 12 6
20522 8 8 4
20523 14 13 5
20524 5 5 5
20525 20 19 5
20526 9 9 5
20527 19 18 6
20528 12 12 6
20529 8 8 4
20530 10 9 5
20531 13 12 6
20532 10 9 5
20533 15 14 8
20534 6 6 6
20535 17 16 6
20536 14 14 6
20537 14 14 4
20538 16 15 7
20539 13 12 4
20540 6 5 4
20541 18 17 5
20542 15 15 5
20543 13 12 6
20544 14 14 4
20545 6 5 4
20546 12 11 5
20547 11 10 6
20548 8 8 4
20549 12 11 5
20550 13 13 5
20551 11 11 5
20552 11 10 4
20553 16 15 5
20554 7 6 5
20555 15 15 7
20556 13 12 4
20557 10 9 5
20558 11 11 5
20559 15 14 6
20560 8 8 4
20561 12 11 5
20562 11 10 4
20563 14 13 5
20564 15 14 6
20565 8 7 6
20566 10 10 4
20567 18 17 7
20568 23 22 6
20569 18 18 6
20570 18 17 5
20571 9 8 4
20572 8 7 6
20573 14 14 6
20574 12 12 4
20575 12 11 5
20576 9 8 7
20577 15 14 6
20578 14 14 6
20579 12 12 4
20580 6 5 4
20581 12 11 5
20582 11 10 6
20583 10 10 6
20584 16 16 4
20585 12 11 5
20586 15 15 7
20587 15 14 6
20588 10 9 5
20589 17 16 4
20590 12 11 5
20591 13 12 4
20592 14 13 5
20593 11 11 5
20594 11 11 5
20595 5 5 5
20596 12 11 5
20597 15 14 6
20598 12 11 5
20599 11 11 5
20600 7 6 5
20601 11 11 7
20602 13 12 4
20603 6 5 4
20604 12 11 7
20605 15 14 4
20606 6 5 4
20607 22 21 5
20608 13 12 6
20609 6 6 6
20610 11 10 4
20611 8 7 6
20612 8 8 4
20613 6 5 4
20614 16 15 7
20615 15 14 6
20616 16 15 5
20617 17 16 6
20618 10 10 4
20619 14 13 5
20620 13 12 6
20621 6 6 6
20622 7 6 5
20623 13 12 6
20624 16 16 6
20625 10 10 6
20626 6 5 4
20627 20 19 5
20628 9 9 5
20629 9 8 4
20630 14 13 7
20631 11 10 6
20632 12 12 6
20633 10 10 4
20634 12 11 5
20635 9 9 5
20636 9 9 5
20637 11 10 6
20638 14 14 6
20639 10 10 4
20640 12 11 5
20641 13 13 5
20642 13 12 6
20643 14 14 6
20644 12 11 5
20645 13 13 5
20646 11 10 4
20647 16 15 5
20648 11 10 6
20649 12 11 5
20650 9 9 5
20651 9 8 4
20652 6 5 4
20653 10 9 5
20654 9 9 5
20655 13 13 7
20656 17 16 6
20657 8 8 4
20658 12 11 5
20659 17 16 8
20660 16 16 6
20661 6 6 6
20662 13 12 4
20663 14 13 5
20664 13 12 6
20665 16 15 5
20666 9 8 4
20667 14 13 5
20668 17 17 5
20669 21 21 5
20670 19 19 5
20671 13 12 4
20672 12 11 5
20673 15 14 4
20674 16 15 5
20675 9 8 4
20676 12 11 5
20677 15 14 8
20678 12 12 6
20679 12 12 6
20680 10 9 5
20681 19 18 6
20682 12 11 5
20683 15 14 6
20684 16 16 6
20685 10 10 4
20686 14 13 5
20687 17 17 5
20688 15 15 7
20689 13 12 4
20690 10 9 5
20691 13 13 5
20692 15 14 6
20693 16 15 5
20694 7 6 5
20695 13 12 6
20696 8 8 4
20697 8 7 6
20698 12 11 5
20699 15 15 5
20700 11 11 7
20701 19 18 6
20702 14 13 7
20703 19 19 5
20704 9 9 5
20705 13 12 6
20706 16 16 8
20707 10 10 4
20708 18 17 7
20709 11 10 4
20710 12 11 5
20711 9 9 5
20712 13 12 6
20713 8 8 4
20714 6 5 4
20715 16 15 5
20716 15 15 5
20717 11 11 5
20718 15 14 4
20719 10 9 5
20720 17 16 4
20721 10 9 5
20722 11 11 7
20723 13 12 6
20724 10 9 5
20725 17 16 6
20726 14 14 6
20727 22 22 6
20728 10 10 4
20729 10 9 5
20730 5 5 5
20731 10 9 5
20732 15 15 5
20733 15 14 6
20734 16 15 5
20735 17 16 6
20736 12 11 5
20737 15 14 8
20738 6 5 4
20739 6 5 4
20740 12 11 5
20741 7 7 7
20742 12 12 6
20743 14 14 4
20744 12 11 5
20745 13 13 5
20746 13 12 6
20747 10 9 5
20748 13 12 6
20749 18 18 6
20750 16 16 6
20751 20 20 6
20752 6 6 6
20753 13 12 6
20754 10 10 6
20755 18 18 6
20756 10 9 5
20757 11 10 4
20758 8 7 6
20759 12 11 5
20760 11 10 6
20761 10 10 4
20762 8 7 6
20763 16 16 6
20764 16 16 6
20765 10 9 5
20766 7 6 5
20767 13 12 8
20768 6 6 6
20769 11 10 4
20770 10 9 5
20771 9 9 5
20772 13 12 6
20773 6 6 6
20774 13 13 7
20775 17 16 4
20776 22 21 5
20777 13 13 5
20778 21 21 5
20779 5 5 5
20780 14 13 5
20781 11 10 6
20782 12 12 4
20783 10 9 5
20784 19 19 5
20785 13 13 5
20786 9 9 5
20787 11 10 6
20788 10 10 4
20789 12 11 5
20790 13 13 5
20791 21 20 6
20792 10 10 6
20793 12 12 6
20794 14 13 5
20795 9 8 4
20796 14 13 5
20797 13 12 6
20798 12 12 6
20799 10 9 5
20800 9 8 4
20801 14 13 5
20802 13 13 5
20803 15 14 4
20804 18 17 5
20805 17 17 5
20806 13 12 4
20807 14 13 5
20808 21 20 6
20809 18 18 6
20810 14 14 4
20811 16 15 5
20812 9 8 4
20813 6 5 4
20814 10 9 5
20815 11 11 5
20816 19 18 6
20817 10 10 6
20818 14 14 4
20819 16 15 5
20820 19 19 7
20821 7 6 5
20822 17 16 8
20823 8 8 4
20824 18 17 5
20825 11 11 5
20826 13 12 4
20827 10 9 5
20828 9 8 4
20829 12 11 5
20830 9 8 4
20831 10 9 5
20832 7 6 5
20833 5 5 5
20834 14 13 5
20835 7 6 5
20836 17 17 7
20837 15 14 6
20838 14 14 6
20839 6 6 6
20840 23 22 6
20841 12 11 5
20842 9 9 5
20843 15 14 6
20844 12 12 6
20845 12 12 6
20846 16 15 7
20847 13 12 4
20848 12 11 5
20849 15 14 6
20850 12 12 6
20851 8 8 4
20852 10 9 5
20853 11 11 5
20854 9 9 5
20855 13 12 4
20856 22 21 7
20857 21 20 6
20858 8 8 4
20859 10 9 5
20860 17 16 8
20861 6 6 6
20862 11 10 6
20863 8 8 4
20864 10 9 5
20865 9 9 5
20866 13 13 5
20867 7 7 7
20868 8 8 4
20869 20 19 5
20870 19 19 7
20871 13 12 4
20872 6 5 4
20873 20 19 5
20874 7 6 5
20875 5 5 5
20876 10 9 5
20877 15 15 5
20878 9 9 5
20879 11 11 5
20880 13 12 4
20881 14 13 5
20882 15 15 7
20883 13 12 6
20884 12 12 6
20885 10 9 5
20886 21 20 6
20887 12 12 6
20888 12 11 5
20889 17 17 5
20890 11 10 4
20891 18 17 5
20892 9 9 5
20893 15 15 5
20894 17 17 7
20895 7 6 5
20896 7 6 5
20897 15 14 6
20898 14 14 6
20899 6 6 6
20900 9 9 5
20901 21 20 6
20902 8 8 4
20903 16 15 5
20904 13 12 6
20905 10 10 4
20906 12 11 5
20907 13 13 7
20908 11 10 4
20909 10 9 5
20910 9 8 4
20911 10 9 5
20912 13 13 5
20913 13 13 5
20914 11 10 4
20915 12 11 7
20916 9 8 4
20917 24 23 5
20918 9 9 5
20919 13 13 5
20920 21 20 6
20921 10 10 4
20922 14 13 5
20923 9 9 5
20924 15 15 5
20925 9 8 4
20926 16 15 7
20927 13 13 5
20928 15 14 4
20929 14 13 7
20930 15 14 4
20931 18 17 5
20932 15 15 5
20933 7 6 5
20934 15 15 5
20935 13 13 5
20936 15 14 8
20937 12 12 4
20938 6 5 4
20939 20 19 7
20940 11 10 6
20941 12 12 6
20942 16 16 6
20943 10 9 5
20944 11 11 5
20945 17 16 6
20946 6 5 4
20947 16 15 7
20948 11 10 6
20949 14 13 5
20950 9 8 4
20951 14 13 7
20952 11 10 4
20953 12 11 5
20954 13 12 6
20955 10 10 4
20956 10 9 5
20957 15 14 6
20958 12 11 5
20959 11 10 4
20960 12 11 7
20961 19 19 5
20962 9 9 5
20963 11 11 5
20964 11 11 5
20965 17 17 5
20966 9 8 4
20967 10 9 5
20968 11 11 5
20969 9 9 5
20970 25 25 7
20971 9 9 5
20972 11 11 5
20973 17 16 4
20974 14 13 7
20975 11 10 4
20976 10 9 5
20977 19 18 6
20978 12 12 6
20979 12 12 6
20980 12 12 6
20981 16 16 6
20982 12 11 5
20983 15 14 6
20984 12 12 6
20985 10 10 6
20986 10 10 6
20987 8 8 4
20988 10 9 5
20989 15 14 4
20990 22 21 9
20991 11 10 4
20992 16 15 5
20993 11 10 6
20994 12 12 6
20995 10 10 4
20996 18 17 7
20997 17 16 6
20998 12 12 6
20999 14 14 6
21000 16 16 6
21001 10 9 5
21002 13 13 5
21003 13 12 6
21004 20 20 6
21005 8 8 4
21006 16 15 5
21007 9 8 4
21008 16 15 7
21009 11 10 4
21010 16 15 5
21011 11 11 5
21012 11 11 5
21013 7 6 5
21014 13 12 6
21015 10 10 6
21016 12 12 4
21017 12 11 5
21018 9 9 5
21019 13 12 6
21020 12 12 6
21021 12 11 5
21022 9 8 4
21023 6 5 4
21024 10 9 5
21025 13 13 5
21026 13 12 6
21027 6 6 6
21028 15 14 4
21029 12 11 7
21030 15 14 6
21031 20 19 5
21032 13 12 6
21033 8 8 4
21034 12 11 7
21035 11 10 4
21036 24 23 7
21037 11 11 5
21038 11 10 4
21039 16 15 5
21040 7 6 5
21041 11 10 4
21042 14 13 5
21043 11 11 5
21044 19 18 6
21045 14 13 5
21046 17 17 5
21047 9 9 5
21048 13 12 4
21049 10 9 5
21050 11 11 5
21051 19 18 6
21052 12 12 6
21053 14 13 5
21054 15 14 6
21055 10 10 4
21056 14 13 5
21057 19 19 7
21058 17 16 6
21059 16 15 5
21060 9 9 5
21061 11 11 5
21062 11 10 4
21063 14 13 5
21064 15 15 7
21065 13 13 5
21066 21 21 5
21067 11 10 4
21068 12 11 5
21069 21 21 5
21070 13 13 5
21071 19 18 4
21072 16 15 5
21073 5 5 5
21074 12 11 5
21075 13 12 4
21076 14 13 5
21077 11 11 5
21078 15 14 6
21079 10 10 4
21080 12 11 5
21081 11 11 5
21082 13 13 5
21083 11 11 5
21084 13 12 4
21085 6 5 4
21086 6 5 4
21087 12 11 5
21088 7 7 7
21089 6 6 6
21090 11 10 6
21091 12 12 6
21092 18 18 4
21093 12 11 5
21094 9 9 5
21095 13 12 6
21096 14 14 6
21097 8 8 4
21098 14 13 7
21099 13 13 5
21100 13 12 6
21101 12 12 4
21102 18 17 5
21103 11 11 5
21104 13 12 6
21105 10 10 4
21106 18 17 5
21107 27 27 5
21108 9 8 4
21109 14 13 5
21110 11 10 4
21111 10 9 5
21112 13 12 4
21113 16 15 7
21114 13 12 4
21115 12 11 7
21116 9 8 4
21117 6 5 4
21118 16 15 5
21119 17 17 7
21120 17 16 6
21121 12 12 6
21122 12 12 6
21123 14 14 6
21124 12 12 4
21125 10 9 5
21126 13 12 4
21127 10 9 5
21128 19 19 5
21129 5 5 5
21130 14 13 5
21131 9 9 5
21132 9 8 4
21133 12 11 5
21134 7 6 5
21135 11 11 5
21136 19 18 6
21137 14 13 5
21138 7 6 5
21139 5 5 5
21140 12 11 5
21141 7 6 5
21142 15 14 6
21143 12 11 5
21144 11 11 5
21145 5 5 5
21146 10 9 5
21147 17 16 6
21148 12 11 5
21149 13 13 5
21150 11 11 5
21151 11 11 5
21152 11 10 4
21153 6 5 4
21154 18 17 5
21155 7 7 7
21156 14 14 6
21157 22 21 7
21158 13 12 6
21159 10 10 4
21160 22 21 5
21161 19 18 6
21162 22 22 4
21163 16 15 5
21164 11 11 5
21165 13 12 4
21166 14 13 5
21167 17 16 4
21168 6 5 4
21169 12 11 5
21170 15 14 4
21171 14 13 5
21172 11 11 5
21173 5 5 5
21174 18 17 5
21175 17 16 6
21176 12 12 6
21177 12 12 4
21178 10 9 5
21179 15 15 5
21180 23 22 4
21181 14 13 5
21182 5 5 5
21183 10 9 5
21184 17 16 6
21185 16 16 4
21186 14 13 5
21187 21 21 7
21188 7 6 5
21189 13 12 4
21190 12 11 5
21191 11 10 6
21192 10 10 6
21193 8 7 6
21194 16 16 6
21195 10 10 6
21196 12 12 4
21197 16 15 7
21198 9 8 4
21199 10 9 5
21200 11 11 5
21201 7 6 5
21202 15 14 6
21203 12 12 6
21204 14 14 4
21205 8 7 6
21206 12 12 6
21207 10 10 6
21208 12 12 6
21209 12 12 6
21210 18 18 6
21211 8 8 4
21212 10 9 5
21213 15 14 6
21214 8 8 4
21215 12 11 5
21216 17 16 6
21217 18 18 6
21218 6 6 6
21219 11 11 5
21220 17 16 4
21221 18 17 7
21222 15 14 4
21223 16 15 5
21224 11 11 5
21225 17 16 6
21226 12 12 6
21227 16 16 4
21228 12 11 7
21229 13 12 4
21230 14 13 7
21231 15 14 4
21232 12 11 5
21233 11 10 6
21234 12 12 6
21235 10 9 5
21236 11 11 5
21237 9 9 5
21238 15 14 4
21239 10 9 5
21240 9 8 7
21241 17 16 4
21242 10 9 5
21243 13 12 6
21244 6 6 6
21245 7 6 5
21246 9 8 4
21247 12 11 5
21248 17 16 6
21249 10 10 6
21250 14 14 6
21251 16 15 5
21252 17 16 6
21253 10 9 5
21254 15 14 6
21255 20 20 4
21256 6 5 4
21257 16 15 5
21258 13 13 5
21259 11 11 5
21260 19 18 6
21261 18 18 4
21262 6 5 4
21263 16 15 5
21264 11 11 5
21265 9 8 4
21266 14 13 5
21267 9 9 5
21268 9 9 5
21269 11 11 5
21270 17 17 5
21271 9 8 4
21272 14 13 5
21273 15 15 5
21274 25 25 5
21275 13 13 5
21276 15 14 4
21277 18 17 5
21278 13 13 5
21279 9 9 5
21280 9 8 4
21281 16 15 5
21282 9 8 4
21283 18 17 5
21284 15 15 7
21285 9 9 5
21286 17 16 4
21287 10 9 5
21288 11 11 7
21289 11 10 6
21290 14 14 4
21291 10 9 5
21292 9 9 5
21293 21 21 5
21294 11 11 5
21295 13 12 6
21296 16 16 6
21297 14 14 4
21298 10 9 5
21299 11 10 4
21300 14 13 5
21301 11 11 5
21302 15 15 5
21303 9 8 4
21304 12 11 5
21305 19 18 6
21306 14 14 6
21307 20 19 5
21308 25 25 5
21309 15 14 6
21310 10 10 6
21311 10 10 6
21312 8 8 4
21313 16 15 5
21314 15 15 5
21315 13 12 4
21316 16 15 5
21317 13 13 5
21318 13 12 6
21319 18 18 4
21320 12 11 5
21321 11 10 4
21322 14 13 5
21323 7 6 5
21324 13 12 6
21325 12 12 6
21326 14 13 5
21327 11 10 4
21328 14 13 5
21329 9 8 4
21330 14 13 5
21331 13 12 4
21332 18 17 5
21333 13 13 5
21334 15 14 4
21335 14 13 5
21336 13 13 5
21337 5 5 5
21338 16 15 5
21339 15 14 6
21340 20 20 4
21341 16 15 5
21342 11 11 5
21343 15 15 7
21344 9 8 4
21345 16 15 5
21346 11 11 7
21347 11 10 4
21348 16 15 5
21349 15 14 6
21350 18 18 6
21351 12 12 4
21352 14 13 5
21353 15 15 7
21354 11 10 4
21355 10 9 5
21356 17 17 5
21357 9 9 5
21358 11 11 5
21359 23 22 6
21360 12 11 5
21361 13 12 6
21362 12 12 4
21363 14 13 7
21364 13 12 4
21365 18 17 7
21366 17 16 6
21367 14 14 6
21368 16 16 6
21369 10 9 5
21370 11 11 5
21371 17 16 8
21372 10 10 4
21373 12 11 5
21374 15 14 6
21375 12 12 4
21376 10 9 5
21377 13 13 5
21378 13 13 7
21379 15 14 4
21380 6 5 4
21381 16 15 7
21382 15 14 6
21383 10 9 5
21384 19 18 6
21385 14 14 4
21386 14 13 5
21387 15 14 6
21388 22 21 5
21389 13 12 6
21390 8 8 4
21391 6 5 4
21392 10 9 5
21393 13 13 5
21394 17 16 6
21395 18 18 6
21396 6 6 6
21397 17 16 4
21398 12 11 5
21399 9 8 4
21400 28 27 5
21401 13 12 4
21402 12 11 5
21403 7 7 7
21404 12 12 4
21405 10 9 5
21406 15 14 4
21407 14 13 7
21408 11 10 4
21409 12 11 5
21410 15 14 6
21411 18 18 4
21412 12 11 5
21413 13 13 5
21414 9 9 5
21415 9 8 4
21416 10 9 5
21417 15 14 6
21418 10 10 6
21419 14 14 6
21420 24 24 6
21421 20 20 6
21422 14 14 4
21423 6 5 4
21424 14 13 5
21425 11 10 4
21426 12 11 5
21427 11 11 5
21428 13 12 4
21429 12 11 5
21430 11 10 4
21431 14 13 5
21432 13 13 5
21433 17 16 6
21434 10 10 4
21435 6 5 4
21436 20 19 7
21437 13 12 4
21438 10 9 5
21439 15 14 6
21440 6 6 6
21441 7 6 5
21442 23 22 6
21443 10 9 5
21444 25 24 4
21445 20 19 5
21446 15 14 4
21447 20 19 7
21448 11 10 6
21449 12 12 4
21450 22 21 5
21451 9 9 5
21452 19 18 4
21453 12 11 5
21454 9 8 4
21455 12 11 5
21456 13 13 5
21457 13 13 7
21458 13 12 6
21459 12 12 4
21460 16 15 7
21461 11 10 6
21462 8 8 4
21463 18 17 7
21464 17 16 6
21465 16 16 4
21466 16 15 5
21467 21 20 6
21468 8 8 4
21469 6 5 4
21470 6 5 4
21471 14 13 5
21472 11 11 7
21473 13 12 6
21474 10 9 5
21475 9 9 5
21476 11 10 6
21477 10 10 4
21478 22 21 7
21479 17 16 6
21480 12 11 5
21481 9 8 4
21482 12 11 7
21483 11 11 5
21484 17 16 4
21485 16 15 7
21486 21 20 6
21487 14 14 4
21488 18 17 5
21489 19 18 6
21490 10 10 6
21491 18 17 5
21492 15 14 6
21493 12 11 5
21494 13 12 4
21495 14 13 7
21496 13 13 5
21497 9 8 4
21498 12 11 5
21499 13 12 6
21500 10 10 4
21501 20 19 7
21502 17 16 6
21503 14 14 6
21504 16 15 5
21505 21 20 4
21506 12 11 5
21507 13 13 5
21508 9 8 4
21509 14 13 7
21510 9 9 5
21511 15 14 6
21512 8 8 4
21513 18 17 5
21514 13 13 5
21515 9 9 5
21516 13 13 5
21517 11 11 5
21518 13 12 4
21519 12 11 7
21520 9 9 5
21521 13 12 4
21522 18 17 7
21523 9 8 4
21524 16 15 5
21525 11 11 5
21526 5 5 5
21527 16 15 5
21528 13 13 5
21529 13 13 5
21530 15 14 4
21531 10 9 5
21532 23 22 6
21533 14 14 6
21534 16 16 6
21535 8 8 4
21536 12 11 5
21537 7 6 5
21538 9 8 4
21539 6 5 4
21540 16 15 5
21541 13 12 4
21542 12 11 7
21543 21 20 6
21544 16 16 4
21545 10 9 5
21546 17 16 6
21547 12 12 6
21548 18 18 4
21549 12 11 5
21550 9 8 4
21551 12 11 5
21552 13 12 4
21553 10 9 5
21554 19 18 6
21555 10 9 5
21556 15 15 7
21557 17 16 6
21558 14 13 5
21559 13 13 5
21560 13 13 5
21561 13 13 5
21562 17 16 6
21563 10 10 4
21564 10 9 5
21565 15 14 4
21566 12 11 5
21567 13 12 4
21568 14 13 5
21569 7 6 5
21570 11 10 6
21571 8 8 4
21572 14 13 5
21573 15 15 7
21574 11 11 5
21575 13 12 4
21576 12 11 5
21577 13 13 5
21578 13 13 7
21579 9 9 5
21580 13 12 4
21581 14 13 5
21582 7 6 5
21583 13 13 7
21584 15 14 6
21585 10 10 6
21586 8 8 4
21587 14 13 5
21588 5 5 5
21589 22 21 5
21590 9 9 5
21591 13 12 6
21592 10 10 4
21593 14 13 7
21594 15 14 6
21595 14 13 5
21596 7 6 5
21597 13 13 5
21598 15 14 6
21599 8 8 4
21600 10 9 5
21601 15 14 6
21602 12 11 5
21603 13 12 4
21604 16 15 5
21605 17 17 5
21606 9 9 5
21607 9 8 4
21608 8 7 6
21609 10 10 6
21610 10 10 4
21611 14 13 5
21612 19 19 7
21613 7 6 5
21614 15 14 4
21615 12 11 5
21616 17 16 6
21617 10 10 6
21618 12 12 4
21619 20 19 5
21620 13 12 6
21621 14 13 5
21622 21 20 4
21623 14 13 5
21624 17 16 4
21625 14 13 5
21626 23 23 5
21627 15 15 5
21628 15 14 4
21629 18 17 5
21630 13 13 5
21631 11 10 4
21632 14 13 5
21633 13 13 5
21634 15 14 6
21635 10 10 4
21636 10 9 5
21637 15 15 5
21638 15 15 5
21639 19 18 4
21640 16 15 5
21641 9 9 5
21642 9 9 5
21643 17 16 4
21644 14 13 5
21645 13 13 5
21646 9 9 5
21647 11 11 5
21648 13 12 6
21649 16 16 6
21650 22 22 4
21651 32 31 7
21652 11 10 4
21653 6 5 4
21654 14 13 5
21655 11 10 4
21656 12 11 5
21657 9 8 4
21658 10 9 5
21659 13 12 6
21660 20 20 6
21661 14 13 5
21662 15 14 6
21663 12 12 4
21664 16 15 5
21665 7 6 5
21666 13 12 6
21667 16 16 6
21668 6 5 4
21669 10 9 5
21670 11 10 4
21671 18 17 7
21672 7 7 7
21673 6 5 4
21674 12 11 5
21675 17 16 8
21676 6 6 6
21677 13 12 4
21678 8 7 6
21679 12 12 4
21680 22 21 7
21681 21 20 6
21682 6 6 6
21683 21 20 6
21684 20 19 5
21685 13 12 6
21686 18 17 5
21687 21 21 7
21688 17 16 6
21689 10 10 4
21690 14 13 7
21691 9 9 5
21692 11 10 4
21693 8 7 6
21694 12 12 6
21695 10 9 5
21696 17 17 7
21697 9 8 4
21698 12 11 5
21699 11 11 5
21700 5 5 5
21701 14 13 5
21702 9 9 5
21703 9 9 5
21704 13 12 6
21705 10 9 5
21706 13 13 5
21707 15 15 5
21708 9 8 4
21709 14 13 7
21710 11 11 5
21711 19 18 6
21712 10 10 6
21713 18 18 4
21714 22 21 7
21715 9 8 4
21716 10 9 5
21717 11 10 4
21718 10 9 5
21719 11 11 5
21720 13 13 5
21721 13 13 5
21722 11 11 5
21723 11 10 4
21724 12 11 5
21725 15 14 6
21726 14 14 6
21727 8 8 4
21728 16 15 5
21729 15 14 4
21730 16 15 5
21731 15 14 6
21732 12 11 5
21733 17 16 6
21734 6 5 4
21735 10 9 5
21736 13 13 5
21737 11 11 5
21738 9 9 5
21739 9 9 5
21740 13 13 5
21741 13 12 4
21742 12 11 5
21743 13 13 5
21744 13 13 7
21745 11 10 4
21746 10 9 5
21747 11 10 4
21748 12 11 7
21749 5 5 5
21750 12 11 7
21751 11 10 4
21752 12 11 5
21753 11 11 5
21754 13 12 6
21755 12 12 4
21756 22 21 5
21757 13 13 5
21758 9 8 4
21759 12 11 5
21760 13 12 4
21761 14 13 7
21762 11 10 4
21763 18 17 5
21764 21 21 5
21765 15 14 6
21766 22 21 5
21767 17 16 4
21768 20 19 7
21769 13 12 6
21770 18 18 6
21771 16 16 6
21772 12 12 4
21773 14 13 5
21774 13 13 5
21775 9 8 4
21776 10 9 5
21777 13 13 5
21778 15 15 5
21779 21 21 5
21780 15 15 5
21781 13 12 6
21782 14 13 5
21783 15 14 6
21784 12 12 6
21785 14 14 6
21786 22 22 6
21787 6 5 4
21788 20 19 7
21789 13 13 5
21790 13 12 6
21791 10 10 6
21792 12 11 5
21793 13 12 6
21794 10 10 6
21795 10 10 4
21796 14 13 5
21797 13 13 5
21798 9 9 5
21799 11 10 6
21800 20 19 5
21801 15 15 5
21802 9 9 5
21803 7 6 5
21804 11 10 4
21805 10 9 5
21806 17 16 6
21807 8 8 4
21808 18 17 5
21809 11 11 5
21810 9 9 5
21811 15 14 4
21812 10 9 5
21813 17 16 6
21814 8 8 8
21815 13 12 6
21816 12 12 6
21817 16 16 6
21818 8 7 6
21819 10 10 4
21820 12 11 5
21821 11 10 4
21822 12 11 5
21823 9 8 4
21824 18 17 5
21825 9 8 4
21826 14 13 5
21827 15 14 6
21828 10 10 4
21829 10 9 5
21830 15 15 7
21831 11 11 5
21832 13 13 5
21833 13 12 6
21834 14 14 4
21835 20 19 7
21836 11 11 5
21837 17 16 4
21838 12 11 5
21839 15 14 8
21840 14 14 6
21841 12 12 4
21842 18 17 5
21843 27 27 5
21844 13 12 4
21845 14 13 5
21846 15 15 5
21847 11 10 6
21848 10 10 4
21849 12 11 5
21850 9 9 5
21851 17 17 5
21852 11 10 4
21853 20 19 9
21854 7 6 5
21855 15 14 6
21856 10 10 4
21857 14 13 5
21858 7 7 7
21859 14 13 5
21860 9 8 4
21861 16 15 5
21862 13 12 4
21863 10 9 5
21864 9 8 7
21865 15 14 6
21866 20 20 4
21867 18 17 5
21868 25 24 6
21869 10 10 6
21870 12 12 6
21871 14 14 6
21872 12 12 6
21873 14 14 6
21874 12 12 6
21875 6 6 6
21876 9 9 5
21877 17 16 4
21878 24 23 7
21879 17 16 6
21880 16 15 5
21881 9 8 4
21882 12 11 5
21883 13 12 6
21884 10 10 4
21885 14 13 5
21886 17 16 6
21887 10 10 4
21888 14 13 7
21889 13 12 6
21890 12 12 6
21891 16 16 8
21892 12 11 5
21893 11 10 4
21894 12 11 5
21895 15 14 6
21896 16 15 5
21897 11 10 4
21898 12 11 5
21899 13 12 6
21900 10 10 4
21901 20 19 5
21902 11 11 5
21903 13 13 5
21904 11 10 6
21905 8 7 6
21906 20 20 6
21907 12 12 6
21908 10 10 4
21909 14 13 7
21910 21 20 4
21911 12 11 5
21912 17 16 4
21913 12 11 5
21914 21 20 8
21915 12 12 4
21916 16 15 5
21917 5 5 5
21918 6 5 4
21919 12 11 7
21920 11 11 5
21921 11 10 6
21922 10 10 6
21923 8 8 4
21924 14 13 5
21925 15 15 7
21926 11 10 4
21927 12 11 5
21928 11 10 6
21929 14 14 4
21930 20 19 7
21931 13 12 4
21932 10 9 5
21933 11 10 4
21934 12 11 5
21935 13 12 6
21936 10 10 4
21937 10 9 5
21938 17 16 6
21939 12 11 5
21940 13 13 5
21941 15 14 6
21942 10 10 4
21943 12 11 7
21944 9 8 4
21945 10 9 5
21946 9 9 5
21947 9 8 4
21948 8 7 6
21949 10 10 6
21950 12 12 6
21951 12 12 4
21952 10 9 5
21953 13 12 6
21954 12 11 5
21955 11 11 5
21956 11 10 4
21957 12 11 5
21958 13 12 6
21959 18 18 6
21960 20 19 5
21961 9 9 5
21962 11 10 4
21963 10 9 5
21964 13 12 6
21965 10 9 5
21966 15 15 5
21967 15 14 4
21968 10 9 5
21969 19 18 6
21970 6 6 6
21971 21 20 6
21972 12 11 7
21973 9 8 4
21974 6 5 4
21975 20 19 5
21976 11 10 4
21977 10 9 5
21978 17 16 6
21979 10 10 6
21980 10 10 6
21981 8 8 4
21982 10 9 5
21983 15 14 6
21984 10 10 4
21985 16 15 5
21986 11 10 6
21987 14 14 4
21988 12 11 5
21989 13 12 4
21990 10 9 5
21991 7 6 5
21992 13 12 4
21993 10 9 5
21994 15 14 6
21995 12 12 4
21996 12 11 5
21997 11 11 5
21998 13 12 6
21999 10 10 6
22000 14 14 4
22001 12 11 5
22002 11 10 4
22003 10 9 5
22004 11 10 4
22005 12 11 7
22006 21 20 4
22007 10 9 5
22008 11 11 5
22009 9 8 4
22010 16 15 7
22011 11 10 4
22012 12 11 5
22013 15 15 5
22014 15 14 6
22015 10 10 6
22016 10 9 5
22017 13 13 5
22018 11 10 4
22019 6 5 4
22020 10 9 5
22021 17 16 8
22022 6 6 6
22023 9 9 5
22024 9 8 4
22025 12 11 5
22026 9 9 5
22027 9 8 4
22028 10 9 5
22029 9 9 5
22030 7 6 5
22031 13 13 7
22032 7 6 5
22033 27 26 6
22034 14 14 6
22035 12 12 6
22036 10 10 4
22037 16 15 5
22038 19 19 5
22039 9 8 4
22040 10 9 5
22041 15 14 6
22042 10 9 5
22043 9 9 5
22044 9 8 4
22045 16 15 7
22046 11 10 4
22047 10 9 5
22048 7 7 7
22049 6 6 6
22050 15 14 4
22051 10 9 5
22052 11 10 6
22053 24 24 6
22054 16 16 6
22055 16 16 4
22056 14 13 5
22057 13 13 5
22058 19 18 6
22059 14 13 5
22060 13 12 4
22061 18 17 5
22062 9 9 5
22063 9 8 4
22064 18 17 5
22065 11 10 4
22066 14 13 7
22067 7 6 5
22068 17 16 6
22069 14 14 6
22070 18 18 6
22071 12 12 6
22072 10 10 4
22073 12 11 5
22074 15 14 6
22075 14 14 6
22076 12 12 4
22077 10 9 5
22078 9 8 4
22079 18 17 7
22080 15 15 5
22081 9 8 4
22082 6 5 4
22083 12 11 5
22084 17 16 8
22085 8 8 4
22086 12 11 5
22087 15 15 5
22088 13 12 4
22089 14 13 5
22090 17 16 8
22091 14 14 4
22092 14 13 5
22093 13 12 4
22094 12 11 5
22095 15 14 4
22096 14 13 5
22097 15 14 6
22098 12 11 5
22099 9 9 5
22100 13 12 4
22101 18 17 5
22102 9 9 5
22103 11 10 6
22104 14 14 6
22105 18 18 4
22106 10 9 5
22107 11 10 4
22108 10 9 5
22109 19 18 6
22110 10 10 6
22111 10 9 5
22112 13 13 5
22113 7 7 7
22114 14 14 6
22115 12 12 4
22116 12 11 5
22117 11 10 4
22118 10 9 5
22119 11 10 6
22120 14 14 6
22121 10 9 5
22122 15 15 5
22123 15 14 4
22124 10 9 5
22125 15 14 6
22126 10 10 4
22127 18 17 7
22128 15 15 5
22129 7 6 5
22130 15 14 6
22131 6 6 6
22132 17 17 5
22133 11 10 4
22134 10 9 5
22135 11 10 6
22136 6 6 6
22137 9 9 5
22138 9 8 4
22139 10 9 5
22140 7 6 5
22141 9 9 5
22142 9 9 5
22143 9 8 7
22144 9 8 4
22145 10 9 5
22146 9 8 4
22147 12 11 5
22148 17 17 7
22149 7 6 5
22150 11 10 6
22151 12 12 6
22152 10 9 5
22153 15 14 6
22154 12 11 5
22155 17 17 5
22156 17 16 8
22157 12 12 6
22158 10 10 4
22159 14 13 5
22160 11 11 5
22161 11 11 5
22162 13 12 4
22163 14 13 5
22164 13 13 5
22165 13 13 5
22166 11 10 4
22167 16 15 7
22168 15 14 4
22169 16 15 5
22170 15 14 4
22171 12 11 5
22172 11 11 5
22173 13 13 5
22174 13 13 5
22175 7 6 5
22176 9 9 5
22177 13 12 6
22178 14 14 6
22179 14 13 5
22180 9 9 5
22181 13 13 5
22182 9 8 4
22183 14 13 5
22184 13 13 5
22185 13 13 5
22186 17 16 8
22187 10 9 5
22188 11 11 5
22189 13 12 6
22190 16 16 6
22191 10 9 5
22192 13 12 4
22193 12 11 5
22194 11 11 7
22195 11 10 4
22196 12 11 5
22197 17 17 5
22198 11 11 5
22199 11 10 4
22200 12 11 5
22201 15 14 4
22202 10 9 5
22203 13 12 6
22204 12 11 5
22205 9 8 4
22206 16 15 5
22207 7 7 7
22208 8 8 4
22209 12 11 5
22210 9 9 5
22211 13 12 4
22212 18 17 5
22213 9 8 4
22214 12 11 5
22215 13 13 5
22216 7 6 5
22217 9 9 5
22218 15 14 6
22219 14 14 4
22220 14 13 5
22221 13 12 4
22222 12 11 5
22223 15 14 6
22224 14 13 5
22225 17 16 4
22226 18 17 5
22227 13 12 6
22228 12 11 5
22229 11 10 6
22230 10 10 4
22231 10 9 5
22232 15 14 6
22233 8 8 4
22234 18 17 5
22235 11 11 7
22236 13 12 6
22237 16 16 6
22238 12 12 4
22239 6 5 4
22240 14 13 5
22241 19 18 6
22242 8 8 4
22243 16 15 5
22244 7 6 5
22245 11 10 4
22246 6 5 4
22247 12 11 5
22248 15 15 5
22249 15 14 4
22250 12 11 5
22251 19 18 6
22252 6 6 6
22253 15 15 7
22254 7 6 5
22255 13 13 7
22256 13 12 4
22257 12 11 5
22258 17 16 6
22259 14 13 5
22260 13 13 5
22261 7 6 5
22262 11 10 6
22263 8 8 4
22264 10 9 5
22265 11 11 5
22266 9 8 7
22267 5 5 5
22268 16 15 5
22269 11 11 5
22270 9 8 7
22271 9 8 4
22272 12 11 5
22273 11 10 6
22274 12 11 5
22275 15 14 4
22276 12 11 5
22277 9 9 5
22278 15 14 6
22279 8 8 8
22280 11 10 4
22281 16 15 5
22282 13 12 6
22283 12 12 6
22284 12 12 4
22285 12 11 5
22286 15 15 5
22287 11 10 6
22288 12 12 4
22289 16 15 5
22290 13 12 6
22291 10 10 6
22292 10 10 4
22293 14 13 5
22294 19 18 6
22295 12 11 5
22296 11 10 6
22297 16 16 6
22298 12 12 4
22299 14 13 5
22300 11 10 6
22301 20 20 8
22302 8 8 4
22303 12 11 5
22304 11 10 6
22305 6 6 6
22306 13 13 5
22307 13 12 6
22308 12 12 6
22309 10 10 4
22310 12 11 7
22311 9 8 4
22312 14 13 5
22313 27 26 6
22314 8 8 4
22315 18 17 5
22316 11 11 5
22317 17 16 6
22318 10 9 5
22319 13 12 4
22320 12 11 5
22321 7 6 5
22322 5 5 5
22323 12 11 7
22324 11 10 6
22325 10 10 4
22326 12 11 5
22327 9 8 4
22328 12 11 5
22329 9 9 5
22330 15 14 6
22331 14 13 5
22332 13 13 5
22333 7 6 5
22334 13 12 4
22335 20 19 7
22336 13 12 4
22337 20 19 5
22338 11 11 5
22339 11 10 6
22340 12 12 6
22341 14 14 6
22342 12 11 5
22343 13 13 5
22344 9 8 4
22345 12 11 5
22346 13 13 5
22347 5 5 5
22348 12 11 7
22349 17 16 8
22350 12 12 4
22351 12 11 5
22352 15 14 4
22353 14 13 5
22354 13 12 6
22355 6 6 6
22356 9 9 5
22357 11 11 5
22358 15 14 4
22359 18 17 7
22360 17 16 6
22361 12 11 5
22362 9 8 4
22363 20 19 7
22364 15 14 6
22365 10 10 4
22366 10 9 5
22367 11 11 5
22368 11 10 4
22369 12 11 5
22370 11 10 4
22371 18 17 9
22372 21 20 6
22373 6 6 6
22374 13 12 4
22375 6 5 4
22376 10 9 5
22377 9 8 4
22378 16 15 7
22379 17 16 6
22380 18 18 6
22381 12 11 5
22382 9 9 5
22383 11 10 6
22384 12 12 4
22385 16 15 7
22386 13 13 5
22387 9 8 4
22388 14 13 5
22389 21 21 5
22390 13 13 5
22391 13 12 6
22392 10 10 6
22393 14 13 5
22394 11 10 6
22395 10 10 4
22396 12 11 5
22397 7 6 5
22398 5 5 5
22399 14 13 5
22400 15 15 5
22401 15 14 4
22402 18 17 5
22403 15 15 5
22404 13 12 6
22405 8 8 4
22406 14 13 5
22407 11 10 4
22408 16 15 5
22409 13 13 7
22410 19 18 6
22411 16 16 4
22412 10 9 5
22413 11 10 4
22414 16 15 5
22415 9 8 4
22416 16 15 5
22417 11 11 7
22418 15 14 4
22419 12 11 5
22420 13 12 6
22421 6 5 4
22422 14 13 5
22423 9 9 5
22424 9 9 5
22425 9 8 4
22426 12 11 5
22427 19 18 6
22428 14 14 6
22429 12 12 6
22430 10 10 6
22431 8 8 4
22432 18 17 7
22433 13 13 5
22434 9 8 4
22435 6 5 4
22436 10 9 5
22437 7 7 7
22438 12 12 6
22439 10 10 4
22440 10 9 5
22441 11 11 5
22442 9 8 4
22443 12 11 5
22444 13 13 5
22445 13 12 6
22446 12 12 4
22447 14 13 5
22448 11 11 5
22449 11 11 5
22450 11 10 6
22451 14 13 5
22452 5 5 5
22453 14 13 7
22454 9 8 4
22455 16 15 5
22456 7 6 5
22457 11 10 4
22458 14 13 7
22459 11 10 4
22460 10 9 5
22461 13 12 4
22462 14 13 5
22463 17 17 5
22464 11 11 5
22465 9 9 5
22466 11 10 4
22467 12 11 7
22468 17 16 6
22469 14 14 4
22470 16 15 5
22471 19 19 5
22472 9 9 5
22473 9 9 5
22474 15 14 6
22475 14 13 5
22476 15 14 6
22477 16 16 4
22478 10 9 5
22479 11 10 6
22480 14 13 5
22481 15 14 4
22482 14 13 5
22483 15 15 5
22484 11 11 5
22485 15 14 6
22486 12 12 6
22487 12 12 6
22488 10 10 4
22489 14 13 5
22490 9 8 4
22491 10 9 5
22492 11 11 5
22493 17 16 6
22494 6 6 6
22495 13 12 6
22496 10 9 5
22497 15 14 6
22498 16 16 6
22499 20 19 5
22500 9 9 5
22501 11 10 6
22502 12 12 6
22503 10 10 6
22504 12 11 5
22505 9 9 5
22506 11 11 7
22507 15 14 6
22508 12 12 4
22509 8 7 6
22510 6 6 6
22511 17 16 4
22512 10 9 5
22513 15 14 6
22514 12 12 6
22515 6 6 6
22516 11 10 4
22517 14 13 7
22518 13 12 4
22519 10 9 5
22520 13 13 5
22521 11 10 4
22522 18 17 5
22523 9 9 5
22524 15 15 5
22525 15 15 5
22526 13 12 6
22527 14 13 5
22528 11 11 5
22529 25 24 4
22530 14 13 5
22531 17 16 4
22532 12 11 5
22533 13 12 6
22534 10 9 5
22535 11 10 6
22536 12 12 6
22537 10 9 5
22538 11 10 6
22539 14 14 4
22540 16 15 7
22541 9 9 5
22542 13 12 4
22543 12 11 5
22544 13 12 4
22545 12 11 5
22546 17 17 7
22547 15 14 6
22548 8 8 4
22549 14 13 5
22550 13 13 5
22551 15 14 6
22552 8 8 4
22553 10 9 5
22554 9 9 5
22555 7 6 5
22556 13 12 6
22557 10 10 6
22558 12 11 5
22559 11 10 6
22560 14 14 4
22561 14 13 7
22562 7 6 5
22563 15 14 6
22564 10 9 5
22565 11 10 4
22566 14 13 7
22567 7 6 5
22568 11 10 6
22569 16 16 4
22570 10 9 5
22571 17 16 4
22572 16 15 5
22573 11 11 5
22574 11 10 4
22575 14 13 5
22576 13 13 5
22577 7 6 5
22578 17 16 6
22579 18 17 5
22580 9 8 4
22581 10 9 5
22582 9 9 5
22583 9 8 4
22584 14 13 7
22585 9 8 4
22586 14 13 5
22587 13 12 6
22588 8 8 4
22589 10 9 5
22590 11 10 6
22591 20 19 5
22592 21 21 5
22593 13 12 4
22594 12 11 5
22595 9 8 4
22596 12 11 5
22597 15 14 6
22598 12 12 6
22599 12 12 6
22600 6 6 6
22601 19 18 6
22602 18 18 6
22603 16 16 6
22604 22 21 5
22605 11 10 4
22606 18 17 5
22607 11 10 4
22608 6 5 4
22609 16 15 7
22610 19 18 6
22611 14 13 5
22612 11 10 6
22613 10 10 4
22614 20 19 7
22615 15 14 4
22616 16 15 7
22617 19 18 4
22618 12 11 5
22619 11 10 4
22620 14 13 7
22621 13 12 4
22622 14 13 5
22623 13 13 5
22624 9 8 4
22625 16 15 5
22626 15 14 4
22627 16 15 5
22628 11 11 5
22629 13 12 6
22630 10 9 5
22631 17 17 5
22632 13 13 5
22633 13 13 5
22634 9 8 7
22635 7 6 5
22636 13 12 4
22637 12 11 5
22638 9 9 5
22639 11 11 5
22640 17 16 6
22641 20 20 6
22642 16 16 6
22643 8 8 8
22644 15 14 6
22645 12 12 4
22646 10 9 5
22647 9 8 4
22648 8 7 6
22649 12 11 5
22650 15 15 5
22651 15 14 4
22652 14 13 7
22653 21 20 6
22654 16 15 5
22655 11 10 4
22656 18 17 5
22657 15 15 5
22658 17 16 4
22659 14 13 5
22660 9 9 5
22661 13 12 4
22662 24 23 5
22663 13 13 5
22664 11 11 5
22665 11 10 6
22666 20 19 5
22667 15 15 5
22668 13 12 6
22669 14 14 6
22670 12 12 6
22671 12 11 5
22672 15 14 6
22673 8 8 4
22674 12 11 5
22675 13 13 5
22676 9 9 5
22677 15 14 6
22678 14 13 5
22679 11 10 6
22680 10 10 6
22681 12 12 6
22682 10 9 5
22683 9 9 5
22684 13 13 5
22685 13 12 4
22686 12 11 5
22687 13 12 4
22688 10 9 5
22689 15 15 5
22690 17 17 7
22691 11 11 5
22692 11 11 5
22693 9 8 4
22694 14 13 7
22695 17 16 6
22696 8 8 4
22697 20 19 5
22698 13 13 7
22699 15 14 4
22700 18 17 5
22701 17 16 4
22702 12 11 5
22703 11 11 5
22704 13 13 5
22705 13 12 4
22706 14 13 7
22707 13 12 4
22708 6 5 4
22709 10 9 5
22710 21 20 8
22711 8 8 4
22712 8 7 6
22713 10 10 6
22714 16 16 6
22715 14 14 4
22716 12 11 5
22717 7 6 5
22718 13 13 5
22719 17 16 6
22720 14 13 5
22721 15 15 5
22722 11 11 7
22723 21 20 6
22724 14 14 6
22725 12 11 5
22726 11 10 4
22727 12 11 5
22728 7 6 5
22729 17 17 5
22730 17 16 4
22731 12 11 5
22732 15 14 4
22733 12 11 5
22734 13 12 6
22735 18 17 5
22736 17 16 6
22737 10 9 5
22738 15 14 6
22739 14 14 6
22740 12 11 5
22741 13 13 5
22742 9 9 5
22743 13 13 5
22744 13 13 5
22745 13 13 5
22746 15 14 4
22747 22 21 7
22748 5 5 5
22749 10 9 5
22750 9 9 5
22751 17 17 7
22752 7 6 5
22753 15 14 4
22754 20 19 7
22755 11 11 5
22756 13 12 6
22757 14 14 4
22758 10 9 5
22759 11 11 5
22760 13 13 5
22761 9 9 5
22762 13 13 5
22763 11 10 4
22764 14 13 5
22765 13 13 5
22766 9 9 5
22767 11 11 5
22768 17 16 6
22769 12 11 5
22770 15 14 6
22771 14 14 4
22772 16 15 5
22773 15 14 4
22774 20 19 5
22775 5 5 5
22776 12 11 5
22777 13 13 5
22778 9 8 4
22779 10 9 5
22780 15 14 4
22781 12 11 5
22782 13 12 6
22783 12 12 6
22784 22 22 6
22785 22 21 5
22786 9 9 5
22787 11 10 4
22788 8 7 6
22789 8 8 4
22790 16 15 7
22791 17 16 4
22792 26 25 5
22793 11 11 5
22794 11 10 4
22795 14 13 5
22796 11 11 5
22797 11 11 7
22798 17 17 5
22799 19 18 4
22800 12 11 5
22801 19 18 6
22802 12 11 7
22803 9 8 4
22804 18 17 5
22805 11 10 6
22806 12 12 4
22807 16 15 5
22808 13 12 4
22809 22 21 7
22810 15 14 6
22811 12 12 4
22812 14 13 5
22813 13 13 5
22814 13 12 6
22815 8 8 4
22816 18 17 5
22817 9 8 4
22818 12 11 5
22819 15 15 7
22820 19 18 4
22821 8 7 6
22822 12 12 4
22823 6 5 4
22824 10 9 5
22825 7 7 7
22826 14 14 4
22827 10 9 5
22828 11 10 4
22829 12 11 5
22830 9 8 4
22831 12 11 5
22832 9 8 4
22833 8 7 6
22834 10 10 6
22835 12 11 5
22836 13 13 5
22837 5 5 5
22838 24 23 5
22839 13 13 5
22840 11 10 6
22841 14 14 4
22842 6 5 4
22843 10 9 5
22844 17 16 6
22845 14 14 6
22846 18 18 4
22847 10 9 5
22848 9 9 5
22849 13 12 6
22850 8 8 4
22851 16 15 5
22852 11 10 6
22853 12 12 6
22854 10 10 6
22855 12 12 6
22856 14 14 4
22857 16 15 5
22858 15 15 5
22859 9 8 4
22860 18 17 7
22861 19 18 4
22862 10 9 5
22863 13 12 6
22864 10 10 6
22865 8 8 4
22866 22 21 7
22867 9 8 4
22868 20 19 7
22869 11 10 6
22870 10 10 4
22871 14 13 5
22872 13 13 7
22873 11 10 4
22874 14 13 5
22875 9 8 4
22876 20 19 5
22877 9 8 4
22878 12 11 5
22879 11 11 5
22880 9 8 4
22881 16 15 5
22882 11 11 5
22883 21 21 5
22884 7 7 7
22885 6 6 6
22886 17 16 6
22887 20 20 6
22888 16 16 6
22889 8 8 4
22890 10 9 5
22891 13 12 6
22892 12 12 6
22893 12 11 5
22894 11 10 6
22895 8 8 4
22896 20 19 5
22897 15 14 4
22898 30 29 7
22899 11 10 4
22900 20 19 5
22901 15 14 4
22902 20 19 7
22903 21 20 6
22904 14 14 4
22905 20 19 5
22906 13 12 6
22907 18 18 8
22908 14 14 4
22909 16 15 5
22910 15 14 6
22911 22 22 8
22912 28 28 6
22913 12 12 4
22914 12 11 5
22915 11 11 5
22916 19 19 5
22917 19 18 6
22918 12 12 4
22919 6 5 4
22920 18 17 5
22921 7 6 5
22922 11 10 6
22923 10 10 6
22924 14 13 5
22925 11 11 5
22926 23 22 4
22927 10 9 5
22928 15 15 5
22929 9 9 5
22930 11 10 4
22931 16 15 5
22932 17 16 6
22933 8 8 4
22934 18 17 7
22935 19 18 6
22936 14 14 4
22937 14 13 5
22938 15 14 6
22939 8 8 4
22940 16 15 7
22941 13 12 4
22942 14 13 5
22943 13 13 5
22944 25 24 8
22945 18 18 6
22946 12 12 4
22947 12 11 5
22948 11 10 4
22949 16 15 7
22950 11 11 5
22951 11 10 4
22952 18 17 5
22953 11 10 4
22954 20 19 7
22955 11 10 4
22956 20 19 5
22957 17 16 6
22958 8 8 4
22959 24 23 7
22960 13 12 6
22961 12 12 4
22962 18 17 7
22963 17 16 4
22964 24 23 5
22965 21 20 6
22966 14 13 5
22967 15 15 5
22968 15 14 4
22969 10 9 5
22970 19 18 6
22971 22 21 5
22972 15 15 5
22973 21 20 6
22974 20 19 5
22975 23 23 5
22976 17 16 6
22977 12 11 5
22978 13 13 5
22979 17 17 5
22980 29 29 7
22981 21 20 6
22982 20 20 4
22983 20 19 5
22984 17 16 6
22985 16 16 4
22986 22 21 7
22987 15 14 4
22988 16 15 5
22989 19 18 4
22990 24 23 7
22991 31 30 6
22992 14 13 5
22993 23 23 9
22994 31 30 8
22995 22 22 6
22996 26 26 8
22997 12 12 4
22998 22 21 5
22999 21 21 7
23000 27 26 4
23001 20 19 5
23002 31 31 9
23003 17 16 4
23004 20 19 5
23005 45 45 11
23006 21 20 4
23007 38 37 5
23008 29 29 7
23009 27 26 8
23010 28 28 10
23011 30 30 12
23012 24 24 8
23013 40 39 11
23014 39 39 7
23015 33 33 5
23016 33 32 6
23017 30 29 9
23018 21 21 5
23019 23 22 6
23020 18 18 4
23021 30 29 7
23022 23 22 4
23023 22 21 5
23024 33 33 11
23025 21 21 5
23026 27 26 6
23027 30 30 6
23028 46 45 7
23029 21 21 5
23030 39 39 11
23031 29 28 4
23032 36 35 5
23033 27 27 7
23034 33 32 6
23035 28 27 5
23036 35 35 5
23037 29 29 7
23038 23 22 8
23039 34 34 4
23040 30 29 5
23041 35 34 6
23042 40 39 5
23043 39 39 7
23044 51 50 10
23045 26 25 7
23046 33 32 6
23047 22 21 5
23048 47 47 5
23049 23 22 6
23050 28 28 6
23051 36 35 7
23052 29 28 6
23053 36 35 7
23054 21 21 5
23055 37 36 6
23056 28 27 9
23057 23 22 6
23058 22 22 6
23059 24 23 7
23060 29 29 5
23061 21 21 5
23062 23 23 5
23063 19 18 6
23064 28 27 7
23065 29 28 6
23066 26 26 6
23067 18 18 4
23068 22 21 5
23069 11 11 5
23070 17 17 5
23071 35 34 6
23072 22 21 5
23073 33 32 10
23074 24 24 6
23075 18 18 4
23076 18 17 5
23077 17 16 6
23078 22 22 6
23079 14 14 4
23080 28 27 7
23081 19 19 5
23082 21 21 5
23083 13 12 4
23084 22 21 7
23085 23 22 6
23086 12 12 4
23087 16 15 5
23088 25 24 6
23089 18 18 6
23090 18 17 5
23091 33 33 7
23092 21 20 4
23093 28 27 5
23094 17 16 6
23095 16 16 6
23096 32 32 8
23097 26 25 7
23098 21 21 7
23099 19 18 4
23100 26 25 7
23101 21 20 4
23102 28 27 5
23103 19 19 5
23104 23 22 4
23105 22 21 7
23106 23 22 6
23107 30 30 8
23108 18 18 4
23109 26 25 5
23110 29 29 7
23111 15 14 4
23112 30 29 7
23113 21 21 9
23114 15 14 4
23115 16 15 5
23116 23 23 7
23117 15 15 7
23118 23 22 6
23119 20 19 5
23120 23 22 6
23121 22 21 7
23122 15 14 4
23123 18 17 5
23124 13 13 5
23125 15 14 4
23126 18 17 5
23127 11 11 5
23128 25 24 6
23129 24 23 7
23130 11 10 4
23131 10 9 5
23132 17 16 6
23133 20 20 6
23134 14 14 4
23135 22 21 5
23136 21 20 4
23137 10 9 5
23138 9 8 4
23139 16 15 7
23140 15 14 4
23141 26 25 5
23142 19 18 6
23143 16 15 5
23144 13 12 4
23145 20 19 7
23146 13 12 4
23147 14 13 5
23148 11 11 5
23149 15 14 6
23150 10 9 5
23151 13 13 5
23152 19 18 6
23153 18 18 6
23154 12 12 4
23155 12 11 5
23156 11 10 6
23157 14 13 5
23158 9 8 4
23159 8 7 6
23160 20 20 8
23161 12 12 4
23162 16 15 5
23163 19 18 4
23164 14 13 5
23165 17 16 6
23166 6 6 6
23167 11 10 6
23168 12 12 4
23169 20 19 5
23170 9 9 5
23171 21 20 8
23172 22 22 6
23173 16 15 5
23174 21 21 5
23175 17 16 6
23176 10 10 6
23177 20 20 6
23178 8 8 4
23179 10 9 5
23180 7 6 5
23181 11 11 5
23182 9 9 5
23183 21 20 8
23184 14 13 5
23185 15 14 4
23186 16 15 5
23187 15 15 5
23188 9 8 4
23189 12 11 5
23190 17 17 5
23191 7 6 5
23192 19 18 6
23193 16 16 4
23194 16 15 7
23195 13 12 6
23196 18 18 6
23197 20 19 7
23198 17 16 6
23199 16 16 4
23200 14 13 5
23201 13 13 5
23202 11 11 5
23203 11 11 5
23204 11 10 4
23205 14 13 5
23206 19 18 4
23207 12 11 5
23208 27 26 6
23209 8 8 4
23210 12 11 5
23211 11 10 6
23212 12 12 6
23213 8 8 4
23214 16 15 5
23215 11 11 5
23216 15 14 6
23217 10 10 4
23218 14 13 7
23219 21 20 4
23220 14 13 5
23221 13 12 4
23222 14 13 5
23223 7 6 5
23224 11 10 4
23225 16 15 5
23226 17 16 6
23227 8 8 4
23228 14 13 5
23229 13 12 4
23230 22 21 5
23231 11 11 5
23232 13 13 5
23233 17 16 8
23234 14 14 4
23235 24 23 5
23236 19 18 6
23237 24 24 6
23238 18 18 6
23239 20 20 6
23240 26 26 6
23241 22 22 6
23242 10 10 6
23243 30 30 6
23244 30 30 6
23245 20 20 4
23246 22 21 5
23247 27 26 6
23248 20 19 5
23249 21 21 5
23250 19 19 5
23251 35 35 5
23252 25 24 6
23253 24 23 7
23254 27 26 6
23255 22 21 5
23256 23 23 7
23257 39 39 9
23258 21 20 6
23259 26 25 5
23260 37 36 10
23261 26 26 8
23262 28 28 8
23263 30 29 7
23264 27 27 7
23265 39 39 11
23266 29 29 5
23267 33 33 9
23268 41 40 6
23269 22 21 7
23270 51 51 11
23271 25 24 8
23272 34 33 7
23273 35 34 10
23274 34 33 7
23275 33 32 8
23276 50 49 9
23277 41 41 7
23278 37 37 13
23279 27 27 5
23280 25 25 5
23281 41 40 10
23282 28 28 4
23283 16 15 5
23284 31 31 5
23285 37 37 7
23286 27 27 7
23287 27 26 6
23288 44 43 9
23289 41 40 10
23290 34 33 9
23291 37 36 10
23292 34 33 7
23293 35 34 10
23294 30 29 5
23295 31 30 8
23296 38 37 5
23297 29 29 9
23298 29 28 6
23299 40 39 9
23300 33 32 8
23301 32 31 9
23302 43 42 14
23303 32 32 8
23304 38 38 12
23305 40 39 9
23306 37 36 8
23307 34 34 8
23308 28 28 6
23309 34 33 5
23310 29 29 5
23311 23 22 4
23312 32 31 7
23313 27 26 8
23314 28 28 8
23315 44 43 11
23316 35 35 5
23317 25 25 7
23318 29 29 7
23319 25 24 6
23320 32 31 7
23321 27 27 7
23322 45 45 9
23323 29 29 7
23324 29 28 6
23325 46 45 9
23326 19 19 5
23327 35 34 8
23328 22 22 6
23329 34 34 8
23330 22 22 8
23331 22 22 6
23332 32 32 14
23333 22 22 6
23334 24 24 4
23335 22 21 5
23336 23 23 5
23337 11 11 5
23338 15 14 4
23339 22 21 5
23340 23 23 7
23341 17 16 6
23342 18 18 6
23343 24 24 4
23344 24 23 5
23345 13 13 5
23346 17 16 6
23347 18 18 4
23348 24 23 5
23349 11 10 4
23350 16 15 5
23351 27 26 6
23352 24 24 4
23353 34 33 5
23354 35 35 7
23355 35 34 4
23356 26 25 7
23357 19 18 6
23358 30 30 6
23359 16 15 5
23360 29 28 6
23361 34 33 9
23362 29 28 8
23363 18 18 6
23364 30 30 10
23365 30 30 8
23366 36 36 10
23367 32 32 12
23368 22 22 6
23369 12 11 5
23370 21 20 4
23371 30 29 5
23372 21 20 4
23373 12 11 5
23374 31 30 6
23375 14 14 4
23376 24 23 7
23377 23 22 4
23378 22 21 5
23379 23 23 5
23380 13 13 5
23381 25 24 4
23382 30 29 7
23383 15 14 4
23384 24 23 7
23385 23 23 7
23386 19 18 4
23387 22 21 5
23388 19 19 5
23389 21 20 6
23390 16 16 4
23391 30 29 7
23392 21 20 8
23393 14 14 6
23394 14 14 4
23395 26 25 5
23396 17 16 6
23397 16 16 4
23398 16 15 5
23399 21 20 6
23400 24 23 5
23401 15 15 5
23402 21 20 6
23403 18 18 6
23404 10 10 4
23405 16 15 7
23406 17 16 6
23407 18 18 4
23408 14 13 5
23409 15 14 6
23410 14 13 5
23411 19 18 4
23412 10 9 5
23413 15 14 6
23414 12 11 5
23415 17 17 5
23416 17 16 4
23417 6 5 4
23418 14 13 5
23419 15 14 6
23420 10 10 4
23421 10 9 5
23422 19 18 6
23423 12 12 4
23424 8 7 6
23425 8 8 4
23426 14 13 9
23427 19 18 6
23428 14 14 4
23429 20 19 5
23430 13 12 6
23431 20 20 8
23432 22 21 5
23433 11 10 4
23434 14 13 5
23435 21 20 6
23436 16 16 6
23437 8 8 4
23438 18 17 7
23439 13 13 5
23440 17 17 5
23441 11 11 5
23442 11 10 4
23443 12 11 5
23444 21 21 5
23445 11 11 5
23446 17 16 6
23447 16 16 6
23448 16 16 6
23449 14 14 4
23450 6 5 4
23451 12 11 5
23452 9 9 5
23453 15 14 8
23454 10 10 4
23455 18 17 5
23456 13 12 6
23457 12 12 4
23458 12 11 5
23459 9 8 4
23460 18 17 5
23461 17 17 5
23462 13 13 7
23463 15 14 6
23464 18 18 6
23465 12 12 4
23466 14 13 5
23467 23 22 6
23468 6 5 4
23469 18 17 5
23470 17 16 6
23471 12 12 4
23472 10 9 5
23473 11 10 4
23474 14 13 5
23475 11 11 5
23476 21 20 6
23477 14 13 5
23478 19 18 6
23479 16 15 5
23480 11 11 5
23481 11 10 4
23482 12 11 5
23483 11 11 5
23484 13 13 5
23485 11 11 5
23486 17 17 5
23487 15 15 5
23488 9 9 5
23489 11 10 4
23490 18 17 5
23491 19 19 5
23492 13 12 6
23493 22 22 6
23494 18 17 5
23495 11 11 5
23496 13 12 4
23497 8 7 6
23498 14 14 6
23499 10 10 6
23500 12 12 6
23501 8 8 4
23502 16 15 5
23503 17 16 6
23504 26 25 5
23505 27 27 7
23506 19 18 6
23507 12 12 4
23508 14 13 5
23509 21 20 6
23510 20 19 5
23511 13 13 5
23512 13 13 5
23513 11 11 5
23514 11 10 6
23515 12 11 5
23516 11 11 5
23517 27 27 7
23518 11 10 6
23519 12 12 4
23520 18 17 5
23521 11 11 5
23522 17 16 6
23523 12 11 5
23524 13 12 4
23525 16 15 5
23526 21 20 8
23527 8 8 4
23528 20 19 5
23529 11 10 4
23530 16 15 5
23531 11 11 5
23532 9 9 5
23533 11 10 6
23534 16 16 4
23535 12 11 5
23536 11 11 5
23537 15 15 5
23538 21 20 4
23539 16 15 7
23540 15 14 6
23541 10 10 4
23542 22 21 5
23543 11 10 6
23544 22 22 6
23545 16 15 5
23546 13 12 4
23547 16 15 5
23548 5 5 5
23549 18 17 5
23550 13 13 5
23551 17 17 5
23552 11 10 4
23553 14 13 5
23554 21 21 5
23555 13 13 5
23556 19 18 6
23557 14 13 5
23558 11 10 4
23559 14 13 5
23560 9 9 5
23561 13 12 6
23562 20 19 7
23563 13 12 4
23564 14 13 5
23565 21 21 5
23566 9 8 4
23567 16 15 5
23568 11 11 5
23569 13 13 5
23570 15 15 5
23571 17 16 4
23572 18 17 5
23573 15 14 4
23574 12 11 5
23575 19 18 4
23576 10 9 5
23577 13 13 5
23578 23 23 5
23579 17 17 5
23580 17 16 6
23581 16 16 6
23582 18 18 6
23583 20 20 4
23584 28 27 5
23585 29 28 4
23586 20 19 5
23587 29 29 7
23588 19 18 6
23589 38 37 9
23590 19 18 4
23591 12 11 5
23592 29 28 6
23593 26 26 6
23594 32 31 5
23595 17 17 5
23596 29 28 4
23597 28 27 5
23598 35 35 7
23599 23 22 6
23600 30 29 7
23601 43 42 6
23602 30 30 6
23603 22 21 5
23604 29 29 5
23605 31 31 11
23606 39 38 6
23607 26 26 8
23608 36 36 8
23609 26 26 6
23610 24 23 5
23611 31 30 6
23612 42 42 8
23613 18 17 5
23614 23 22 6
23615 34 34 6
23616 30 30 6
23617 38 38 8
23618 20 19 5
23619 19 19 5
23620 35 35 7
23621 27 27 7
23622 23 22 6
23623 32 32 8
23624 20 19 7
23625 17 16 6
23626 36 36 6
23627 18 17 5
23628 23 23 7
23629 35 34 6
23630 22 22 8
23631 28 27 9
23632 15 14 4
23633 44 43 11
23634 31 30 4
23635 46 45 11
23636 31 30 6
23637 46 45 9
23638 27 27 5
23639 43 42 12
23640 28 28 6
23641 30 29 7
23642 29 29 7
23643 15 14 4
23644 36 35 7
23645 33 33 7
23646 35 34 10
23647 26 26 10
23648 26 25 5
23649 21 20 6
23650 26 26 4
23651 22 21 7
23652 23 22 8
23653 20 20 8
23654 22 22 4
23655 14 13 5
23656 15 14 6
23657 16 16 4
23658 22 21 5
23659 17 16 4
23660 14 13 5
23661 23 23 7
23662 17 17 5
23663 27 27 7
23664 15 14 6
23665 22 22 6
23666 14 13 5
23667 11 10 4
23668 26 25 7
23669 23 22 4
23670 24 23 7
23671 17 17 5
23672 17 16 6
23673 22 22 4
23674 14 13 5
23675 21 21 5
23676 13 13 5
23677 7 6 5
23678 23 22 4
23679 12 11 5
23680 13 13 5
23681 11 11 5
23682 15 15 5
23683 13 12 4
23684 16 15 5
23685 11 10 4
23686 10 9 5
23687 9 9 5
23688 13 12 4
23689 20 19 5
23690 13 13 5
23691 19 19 5
23692 13 13 5
23693 13 13 5
23694 15 15 5
23695 17 16 6
23696 10 10 4
23697 16 15 5
23698 19 19 5
23699 19 19 7
23700 11 10 6
23701 14 14 4
23702 20 19 5
23703 13 12 6
23704 14 13 5
23705 13 12 6
23706 18 18 6
23707 22 22 8
23708 10 10 4
23709 16 15 5
23710 35 34 6
23711 18 17 7
23712 23 22 4
23713 28 27 9
23714 23 22 6
23715 22 22 6
23716 26 26 6
23717 10 10 4
23718 20 19 5
23719 25 25 5
23720 39 39 5
23721 29 28 8
23722 30 30 6
23723 26 25 5
23724 27 26 8
23725 26 25 7
23726 23 23 9
23727 27 26 6
23728 46 46 10
23729 34 33 5
23730 35 35 5
23731 33 32 6
23732 20 19 5
23733 35 34 8
23734 32 31 11
23735 25 25 9
23736 27 26 8
23737 22 21 5
23738 19 18 6
23739 16 16 6
23740 24 23 9
23741 29 28 8
23742 8 7 6
23743 20 20 6
23744 20 20 6
23745 20 19 5
23746 15 14 4
23747 28 27 7
23748 11 10 6
23749 18 18 6
23750 20 20 6
23751 16 15 5
23752 25 25 7
23753 11 10 4
23754 12 11 5
23755 19 18 4
23756 22 21 7
23757 11 11 5
23758 23 22 6
23759 16 15 5
23760 15 14 4
23761 14 13 5
23762 21 21 7
23763 19 18 8
23764 12 12 4
23765 14 13 5
23766 11 11 5
23767 15 15 5
23768 19 18 6
23769 18 18 4
23770 10 9 5
23771 23 22 6
23772 10 10 4
23773 6 5 4
23774 12 11 5
23775 11 10 4
23776 10 9 5
23777 19 19 5
23778 11 11 5
23779 13 13 5
23780 11 11 5
23781 11 11 5
23782 13 12 4
23783 20 19 7
23784 13 12 6
23785 12 12 4
23786 12 11 5
23787 17 17 5
23788 7 6 5
23789 7 6 5
23790 9 9 5
23791 17 16 6
23792 18 18 6
23793 20 19 5
23794 21 21 7
23795 13 13 7
23796 19 18 6
23797 8 8 4
23798 12 11 5
23799 13 13 5
23800 7 7 7
23801 22 22 8
23802 8 8 4
23803 10 9 5
23804 15 15 5
23805 13 13 5
23806 15 15 7
23807 7 6 5
23808 9 8 4
23809 10 9 5
23810 13 13 7
23811 7 6 5
23812 25 24 6
23813 24 24 8
23814 10 10 4
23815 14 13 5
23816 13 12 6
23817 8 8 4
23818 14 13 7
23819 17 16 4
23820 12 11 5
23821 5 5 5
23822 16 15 5
23823 15 15 5
23824 11 10 4
23825 16 15 5
23826 11 11 5
23827 15 14 6
23828 12 11 5
23829 15 14 6
23830 12 12 6
23831 12 12 6
23832 16 16 6
23833 10 9 5
23834 15 14 6
23835 14 14 6
23836 18 17 5
23837 21 21 7
23838 17 16 6
23839 16 15 5
23840 17 16 6
23841 18 18 6
23842 24 24 6
23843 14 13 7
23844 11 10 4
23845 22 21 7
23846 17 16 6
23847 14 14 4
23848 22 21 5
23849 11 11 7
23850 13 12 4
23851 22 21 7
23852 19 18 4
23853 18 17 5
23854 13 13 5
23855 13 12 6
23856 12 12 4
23857 18 17 5
23858 21 20 4
23859 12 11 5
23860 9 9 5
23861 13 12 6
23862 20 20 6
23863 14 14 6
23864 14 14 4
23865 12 11 5
23866 17 17 5
23867 9 9 5
23868 9 8 4
23869 12 11 5
23870 15 15 5
23871 21 21 5
23872 13 12 6
23873 10 10 6
23874 14 14 6
23875 20 20 4
23876 24 23 5
23877 19 18 6
23878 10 10 6
23879 12 12 6
23880 16 16 4
23881 14 13 5
23882 13 12 4
23883 14 13 5
23884 19 19 5
23885 11 11 5
23886 15 14 6
23887 14 14 4
23888 6 5 4
23889 10 9 5
23890 7 7 7
23891 12 12 4
23892 18 17 5
23893 13 13 5
23894 11 11 5
23895 17 16 6
23896 12 12 4
23897 12 11 5
23898 11 10 6
23899 20 20 6
23900 10 10 4
23901 16 15 7
23902 15 14 6
23903 10 10 4
23904 14 13 5
23905 17 16 8
23906 10 10 6
23907 10 10 4
23908 14 13 5
23909 11 10 4
23910 14 13 7
23911 23 22 8
23912 14 14 6
23913 14 14 6
23914 14 14 4
23915 20 19 5
23916 19 18 4
23917 12 11 5
23918 27 26 6
23919 12 11 5
23920 19 18 4
23921 18 17 7
23922 11 10 4
23923 22 21 5
23924 21 20 6
23925 24 24 6
23926 32 32 8
23927 12 12 4
23928 14 13 5
23929 15 14 4
23930 12 11 5
23931 13 12 6
23932 12 12 4
23933 12 11 5
23934 15 14 4
23935 18 17 5
23936 13 13 5
23937 17 17 5
23938 27 27 11
23939 17 16 4
23940 18 17 5
23941 19 19 5
23942 15 14 6
23943 12 12 4
23944 16 15 5
23945 23 23 7
23946 29 29 7
23947 27 26 6
23948 26 26 8
23949 26 26 8
23950 32 32 8
23951 32 31 7
23952 21 21 7
23953 23 23 7
23954 17 17 5
23955 33 32 6
23956 36 35 7
23957 37 37 11
23958 37 36 8
23959 24 23 9
23960 27 26 6
23961 26 25 7
23962 51 50 18
23963 22 22 6
23964 26 25 5
23965 33 33 7
23966 29 29 7
23967 27 26 8
23968 40 39 13
23969 17 16 4
23970 26 25 5
23971 27 26 6
23972 30 30 6
23973 20 20 4
23974 42 41 7
23975 17 17 5
23976 37 36 8
23977 34 33 7
23978 31 30 10
23979 24 23 7
23980 33 33 9
23981 37 36 8
23982 22 22 6
23983 36 36 8
23984 34 34 8
23985 30 30 6
23986 20 20 6
23987 32 32 4
23988 24 23 7
23989 57 56 12
23990 30 30 8
23991 22 21 7
23992 25 25 7
23993 25 24 6
23994 30 29 9
23995 31 31 9
23996 39 38 8
23997 38 38 12
23998 20 20 8
23999 16 16 4
24000 36 35 7
24001 27 26 6
24002 24 24 6
24003 36 35 13
24004 17 16 6
24005 36 35 7
24006 17 16 6
24007 24 24 6
24008 18 17 5
24009 25 24 6
24010 26 26 6
24011 20 20 6
24012 22 22 6
24013 32 31 5
24014 21 20 4
24015 26 25 5
24016 19 18 6
24017 26 26 8
24018 28 28 8
24019 22 22 4
24020 20 19 5
24021 23 23 5
24022 33 32 8
24023 24 23 7
24024 19 18 6
24025 28 28 6
24026 26 25 5
24027 17 17 5
24028 39 38 10
24029 26 25 7
24030 29 29 7
24031 21 21 5
24032 37 37 7
24033 15 15 5
24034 27 26 6
24035 20 20 4
24036 24 23 7
24037 33 33 7
24038 25 24 4
24039 34 33 7
24040 19 18 4
24041 20 19 5
24042 33 32 6
24043 28 27 5
24044 25 24 4
24045 28 27 5
24046 33 32 8
24047 44 44 6
24048 28 28 6
24049 36 36 6
24050 22 21 7
24051 27 26 6
24052 24 24 4
24053 24 23 5
24054 35 35 7
24055 21 21 7
24056 15 14 4
24057 34 33 5
24058 33 33 7
24059 25 25 7
24060 35 35 5
24061 19 19 5
24062 27 27 9
24063 25 24 6
24064 28 28 6
24065 30 29 9
24066 27 26 6
24067 26 26 4
24068 22 21 7
24069 29 28 6
24070 16 15 5
24071 25 24 6
24072 26 25 7
24073 31 30 6
24074 30 29 7
24075 19 19 5
24076 21 21 5
24077 21 20 6
24078 16 15 5
24079 29 29 5
24080 33 32 6
24081 22 21 7
24082 27 26 4
24083 30 29 7
24084 29 29 7
24085 29 29 9
24086 29 28 6
24087 32 31 5
24088 39 39 11
24089 23 22 6
24090 20 20 4
24091 38 37 7
24092 17 16 4
24093 32 31 5
24094 25 25 7
24095 25 24 8
24096 28 27 7
24097 25 24 4
24098 12 11 5
24099 23 23 5
24100 25 25 5
24101 21 20 6
24102 32 32 4
24103 22 21 5
24104 29 29 7
24105 37 36 10
24106 16 16 4
24107 24 23 7
24108 25 24 6
24109 38 37 5
24110 19 19 5
24111 31 30 8
24112 30 30 8
24113 20 19 5
24114 25 24 6
24115 20 19 5
24116 19 18 6
24117 18 18 4
24118 18 17 5
24119 21 21 5
24120 15 14 4
24121 16 15 5
24122 25 24 8
24123 20 20 4
24124 24 23 5
24125 25 24 6
24126 20 20 6
24127 18 18 4
24128 26 25 5
24129 23 22 6
24130 24 23 5
24131 17 17 5
24132 19 19 7
24133 21 20 6
24134 20 20 4
24135 44 43 9
24136 21 20 4
24137 14 13 5
24138 35 34 6
24139 24 24 4
24140 16 15 5
24141 35 35 5
24142 23 22 4
24143 20 19 7
24144 23 22 4
24145 36 35 9
24146 19 18 4
24147 34 33 7
24148 25 25 7
24149 13 12 4
24150 20 19 5
24151 19 18 6
24152 26 25 5
24153 11 10 4
24154 18 17 5
24155 17 17 5
24156 15 15 5
24157 25 24 8
24158 8 8 4
24159 14 13 5
24160 13 13 5
24161 11 10 6
24162 24 24 8
24163 10 10 4
24164 16 15 5
24165 15 14 4
24166 20 19 5
24167 25 25 7
24168 23 22 6
24169 22 22 6
24170 18 18 6
24171 20 20 6
24172 12 12 6
24173 12 12 4
24174 10 9 5
24175 11 10 6
24176 10 10 4
24177 12 11 5
24178 13 12 4
24179 6 5 4
24180 12 11 7
24181 15 14 6
24182 20 19 7
24183 17 16 6
24184 14 14 4
24185 18 17 7
24186 17 16 4
24187 20 19 5
24188 19 19 5
24189 15 15 5
24190 13 12 4
24191 24 23 5
24192 17 16 4
24193 12 11 5
24194 23 22 6
24195 20 19 5
24196 21 20 6
24197 16 16 6
24198 12 12 6
24199 8 8 4
24200 12 11 5
24201 17 16 6
24202 30 29 5
24203 21 21 5
24204 17 17 5
24205 21 20 4
24206 24 23 5
24207 27 26 4
24208 24 23 7
24209 21 20 6
24210 24 24 6
24211 30 30 6
24212 28 28 6
24213 16 15 5
24214 17 16 4
24215 20 19 5
24216 15 15 5
24217 21 20 6
24218 8 8 4
24219 28 27 7
24220 11 10 4
24221 14 13 5
24222 25 24 6
24223 14 13 5
24224 11 10 4
24225 26 25 5
24226 29 28 4
24227 14 13 5
24228 19 18 4
24229 28 27 5
24230 33 32 6
24231 20 20 4
24232 18 17 5
24233 23 22 6
24234 26 26 8
24235 20 19 5
24236 19 18 4
24237 32 31 7
24238 23 22 6
24239 20 20 4
24240 14 13 5
24241 23 22 4
24242 18 17 5
24243 15 14 4
24244 12 11 5
24245 11 11 5
24246 13 13 5
24247 23 22 6
24248 24 24 6
24249 12 12 4
24250 16 15 5
24251 19 19 5
24252 23 22 4
24253 26 25 5
24254 19 19 5
24255 15 14 6
24256 16 15 5
24257 9 9 5
24258 27 26 4
24259 14 13 7
24260 11 10 4
24261 10 9 5
24262 11 10 4
24263 18 17 5
24264 17 17 5
24265 15 15 5
24266 15 15 5
24267 11 11 7
24268 13 12 6
24269 12 12 4
24270 16 15 5
24271 15 14 6
24272 18 18 6
24273 24 23 5
24274 17 17 5
24275 21 20 6
24276 18 18 4
24277 24 23 5
24278 35 34 6
24279 12 12 6
24280 10 10 4
24281 22 21 5
24282 19 18 4
24283 16 15 5
24284 17 17 5
24285 25 24 4
24286 20 19 5
24287 31 31 5
24288 13 12 4
24289 24 23 5
24290 27 26 6
24291 22 21 7
24292 21 20 4
24293 22 21 5
24294 19 19 5
24295 21 21 5
24296 23 22 6
24297 24 23 5
24298 19 19 5
24299 27 26 8
24300 30 30 6
24301 30 30 6
24302 12 11 5
24303 31 30 8
24304 28 28 4
24305 28 27 5
24306 29 29 5
24307 19 19 5
24308 27 27 5
24309 17 16 4
24310 28 27 5
24311 19 18 6
24312 28 28 6
24313 18 18 6
24314 18 18 4
24315 24 23 5
24316 21 20 6
24317 18 17 5
24318 27 26 6
24319 40 39 7
24320 27 27 7
24321 37 37 9
24322 31 31 7
24323 31 31 7
24324 35 34 6
24325 22 21 5
24326 25 25 5
24327 25 25 7
24328 13 12 4
24329 36 35 9
24330 29 28 6
24331 32 31 5
24332 33 32 8
24333 20 20 6
24334 32 32 8
24335 34 34 6
24336 18 18 6
24337 34 34 10
24338 22 21 5
24339 21 21 5
24340 27 27 7
24341 39 39 9
24342 27 27 5
24343 39 38 12
24344 20 20 4
24345 20 19 5
24346 29 28 6
24347 24 23 5
24348 21 21 5
24349 23 23 5
24350 29 29 9
24351 29 29 5
24352 17 17 5
24353 29 28 6
24354 22 22 6
24355 22 22 6
24356 30 29 5
24357 31 31 11
24358 27 26 4
24359 42 41 9
24360 27 26 6
24361 30 29 9
24362 23 23 5
24363 27 27 5
24364 41 41 7
24365 31 30 8
24366 16 16 4
24367 36 35 7
24368 29 29 7
24369 15 15 5
24370 25 24 6
24371 28 28 6
24372 26 26 8
24373 28 27 7
24374 25 24 6
24375 20 20 6
24376 18 18 6
24377 14 13 5
24378 29 28 8
24379 36 35 11
24380 23 22 6
24381 20 20 6
24382 22 22 4
24383 30 29 9
24384 23 22 4
24385 26 25 7
24386 21 20 4
24387 22 21 5
24388 27 27 5
24389 23 22 6
24390 26 26 6
24391 20 20 6
24392 16 15 5
24393 21 21 5
24394 21 21 7
24395 17 16 4
24396 26 25 5
24397 11 11 5
24398 23 22 6
24399 14 13 5
24400 19 19 5
24401 25 25 7
24402 15 14 4
24403 24 23 9
24404 15 14 6
24405 14 14 4
24406 18 17 7
24407 13 13 5
24408 13 12 6
24409 18 18 6
24410 12 12 4
24411 22 21 5
24412 17 17 7
24413 15 14 6
24414 16 16 6
24415 20 20 4
24416 22 21 5
24417 7 6 5
24418 11 11 5
24419 17 17 5
24420 11 11 5
24421 13 13 5
24422 25 24 6
24423 18 18 6
24424 14 14 4
24425 14 13 5
24426 9 9 5
24427 27 26 8
24428 12 12 4
24429 14 13 5
24430 15 15 5
24431 15 15 5
24432 13 12 4
24433 22 21 7
24434 15 14 4
24435 12 11 5
24436 23 22 8
24437 10 10 6
24438 22 21 5
24439 11 10 4
24440 14 13 5
24441 15 14 6
24442 12 12 6
24443 16 16 4
24444 18 17 7
24445 13 12 4
24446 16 15 5
24447 13 13 7
24448 15 14 4
24449 14 13 5
24450 23 23 7
24451 11 11 5
24452 17 16 6
24453 6 6 6
24454 11 10 6
24455 18 18 8
24456 14 14 6
24457 12 12 4
24458 16 15 7
24459 11 10 4
24460 6 5 4
24461 16 15 9
24462 21 20 6
24463 6 6 6
24464 13 12 6
24465 6 6 6
24466 13 13 5
24467 5 5 5
24468 16 15 5
24469 11 10 6
24470 6 6 6
24471 11 10 6
24472 20 20 8
24473 14 14 6
24474 18 18 6
24475 10 9 5
24476 7 6 5
24477 15 14 6
24478 14 13 5
24479 13 12 6
24480 14 14 4
24481 16 15 7
24482 23 22 6
24483 6 6 6
24484 7 6 5
24485 13 13 5
24486 13 13 5
24487 7 6 5
24488 15 15 7
24489 15 14 4
24490 16 15 5
24491 13 12 6
24492 10 10 4
24493 14 13 7
24494 11 11 5
24495 17 16 6
24496 22 22 8
24497 12 11 5
24498 9 8 4
24499 14 13 5
24500 11 11 5
24501 15 15 5
24502 9 9 5
24503 15 14 6
24504 6 5 4
24505 8 7 6
24506 14 14 8
24507 6 6 6
24508 13 12 4
24509 16 15 5
24510 11 11 5
24511 11 10 6
24512 12 12 4
24513 14 13 5
24514 11 11 5
24515 15 15 5
24516 9 8 4
24517 14 13 5
24518 11 10 4
24519 12 11 5
24520 19 18 6
24521 16 16 4
24522 10 9 5
24523 19 19 5
24524 21 20 4
24525 14 13 7
24526 11 10 4
24527 22 21 5
24528 9 8 4
24529 18 17 7
24530 9 9 5
24531 7 6 5
24532 15 14 6
24533 16 15 5
24534 5 5 5
24535 18 17 5
24536 21 21 9
24537 11 10 4
24538 22 21 7
24539 25 24 4
24540 12 11 5
24541 11 10 4
24542 6 5 4
24543 10 9 5
24544 7 6 5
24545 15 14 4
24546 18 17 5
24547 13 12 6
24548 8 8 4
24549 16 15 5
24550 17 17 7
24551 9 8 4
24552 10 9 5
24553 9 8 4
24554 26 25 7
24555 13 12 6
24556 16 16 6
24557 6 5 4
24558 10 9 5
24559 17 16 8
24560 12 12 4
24561 22 21 5
24562 9 8 4
24563 14 13 5
24564 13 13 5
24565 15 15 5
24566 5 5 5
24567 8 7 6
24568 8 8 4
24569 6 5 4
24570 8 7 6
24571 14 14 6
24572 14 14 6
24573 12 12 4
24574 12 11 5
24575 17 17 5
24576 11 11 7
24577 17 16 4
24578 10 9 5
24579 9 9 5
24580 17 16 6
24581 14 14 4
24582 14 13 5
24583 25 25 5
24584 11 11 5
24585 15 15 7
24586 17 17 5
24587 15 14 6
24588 14 14 4
24589 16 15 5
24590 9 8 4
24591 12 11 5
24592 7 7 7
24593 24 24 6
24594 14 13 5
24595 13 12 4
24596 10 9 5
24597 13 13 5
24598 11 10 4
24599 10 9 5
24600 15 14 8
24601 8 8 4
24602 16 15 5
24603 13 12 6
24604 12 12 4
24605 10 9 5
24606 13 12 6
24607 10 10 4
24608 10 9 5
24609 15 14 6
24610 18 18 4
24611 8 7 6
24612 10 10 4
24613 20 19 5
24614 11 11 5
24615 13 12 6
24616 12 12 6
24617 18 17 5
24618 13 13 5
24619 11 11 5
24620 11 10 4
24621 20 19 5
24622 13 13 5
24623 9 9 5
24624 13 12 4
24625 24 23 5
24626 15 15 5
24627 15 14 6
24628 14 14 4
24629 12 11 5
24630 29 29 7
24631 19 19 5
24632 15 15 5
24633 11 11 5
24634 13 13 5
24635 23 23 5
24636 11 11 5
24637 17 16 4
24638 14 13 5
24639 17 16 4
24640 30 29 5
24641 21 21 5
24642 11 10 4
24643 34 33 7
24644 33 32 8
24645 38 37 7
24646 37 36 8
24647 28 28 6
24648 42 41 7
24649 31 30 6
24650 36 35 7
24651 43 43 11
24652 47 46 8
24653 38 38 6
24654 36 36 6
24655 34 33 7
24656 45 45 7
24657 29 28 8
24658 24 24 8
24659 36 36 8
24660 40 40 8
24661 24 23 5
24662 33 33 5
24663 39 38 6
24664 24 24 6
24665 24 23 7
24666 23 22 6
24667 26 25 5
24668 21 20 6
24669 24 24 6
24670 28 28 6
24671 28 28 6
24672 34 33 5
24673 21 20 4
24674 34 33 7
24675 37 36 8
24676 36 35 7
24677 23 22 6
24678 24 24 6
24679 38 38 8
24680 20 20 6
24681 28 28 6
24682 38 38 12
24683 24 24 8
24684 24 24 6
24685 30 29 7
24686 25 24 6
24687 22 22 6
24688 22 22 6
24689 18 17 5
24690 43 42 8
24691 18 17 5
24692 33 32 6
24693 22 22 4
24694 30 29 7
24695 29 29 7
24696 15 15 5
24697 21 21 5
24698 29 28 8
24699 18 18 6
24700 20 20 10
24701 18 18 6
24702 24 24 6
24703 36 36 6
24704 24 23 5
24705 25 24 6
24706 12 11 5
24707 25 24 4
24708 22 21 5
24709 31 31 7
24710 33 33 7
24711 33 32 8
24712 24 23 7
24713 33 33 7
24714 17 16 6
24715 24 24 6
24716 28 28 8
24717 20 19 5
24718 15 15 5
24719 27 27 7
24720 15 14 4
24721 24 23 5
24722 27 27 7
24723 33 32 8
24724 34 34 12
24725 26 25 7
24726 31 30 6
24727 36 35 7
24728 25 24 6
24729 22 22 4
24730 26 25 5
24731 25 24 6
24732 24 24 6
24733 18 18 6
24734 24 24 4
24735 24 23 7
24736 25 24 6
24737 34 33 7
24738 31 31 5
24739 23 22 6
24740 30 30 8
24741 16 16 4
24742 24 23 7
24743 41 41 11
24744 37 36 8
24745 40 39 9
24746 29 29 11
24747 41 40 12
24748 28 27 7
24749 35 35 7
24750 33 32 6
24751 24 24 8
24752 36 36 4
24753 26 25 7
24754 21 20 6
24755 26 25 5
24756 27 27 7
24757 17 17 5
24758 25 24 8
24759 28 28 6
24760 12 11 5
24761 31 30 8
24762 42 42 4
24763 30 29 9
24764 27 27 7
24765 25 25 5
24766 13 13 5
24767 27 26 6
24768 18 18 6
24769 36 36 8
24770 18 17 7
24771 35 34 8
24772 14 14 4
24773 14 13 5
24774 33 32 10
24775 20 20 4
24776 12 11 5
24777 25 24 6
24778 22 22 6
24779 20 20 6
24780 18 17 5
24781 13 12 4
24782 18 17 5
24783 21 21 5
24784 21 21 9
24785 19 18 4
24786 24 23 5
24787 19 18 4
24788 26 25 5
24789 17 17 5
24790 21 21 7
24791 21 20 6
24792 20 19 5
24793 21 20 6
24794 14 14 6
24795 22 22 6
24796 18 17 5
24797 25 25 5
24798 17 17 5
24799 15 14 4
24800 12 11 5
24801 17 16 6
24802 14 14 4
24803 20 19 5
24804 11 11 5
24805 21 21 7
24806 21 20 6
24807 24 23 5
24808 11 11 5
24809 27 26 6
24810 12 12 4
24811 16 15 5
24812 19 18 6
24813 14 13 7
24814 9 8 4
24815 12 11 5
24816 13 13 5
24817 11 11 5
24818 15 14 6
24819 16 16 6
24820 22 21 5
24821 13 13 5
24822 11 11 5
24823 13 12 4
24824 6 5 4
24825 20 19 5
24826 13 13 7
24827 15 14 6
24828 14 14 4
24829 22 21 7
24830 11 10 6
24831 20 19 5
24832 17 17 5
24833 21 20 8
24834 14 14 4
24835 12 11 5
24836 9 9 5
24837 7 6 5
24838 17 17 5
24839 5 5 5
24840 18 17 5
24841 19 19 5
24842 11 11 5
24843 23 22 6
24844 20 20 6
24845 16 16 6
24846 10 10 4
24847 10 9 5
24848 13 12 4
24849 12 11 5
24850 9 9 5
24851 19 18 4
24852 14 13 5
24853 11 10 6
24854 18 17 5
24855 13 12 4
24856 24 23 5
24857 13 13 5
24858 19 19 5
24859 15 15 5
24860 19 18 4
24861 12 11 5
24862 5 5 5
24863 20 19 5
24864 15 15 7
24865 7 6 5
24866 13 13 5
24867 21 20 6
24868 14 13 5
24869 13 12 4
24870 14 13 5
24871 11 10 4
24872 16 15 5
24873 13 13 7
24874 13 12 4
24875 10 9 5
24876 7 6 5
24877 7 7 7
24878 14 14 4
24879 10 9 5
24880 13 12 8
24881 18 18 6
24882 14 13 5
24883 7 6 5
24884 13 13 5
24885 15 14 6
24886 12 12 6
24887 6 6 6
24888 13 12 6
24889 14 13 5
24890 13 13 5
24891 9 8 4
24892 14 13 7
24893 15 14 4
24894 20 19 5
24895 19 19 7
24896 9 8 4
24897 16 15 5
24898 13 12 6
24899 12 12 6
24900 16 16 6
24901 10 10 6
24902 6 6 6
24903 15 14 6
24904 14 14 4
24905 10 9 5
24906 9 9 5
24907 11 11 5
24908 15 14 6
24909 18 17 7
24910 17 16 4
24911 16 15 7
24912 17 16 6
24913 12 11 5
24914 17 16 4
24915 18 17 5
24916 13 12 4
24917 10 9 5
24918 15 14 6
24919 14 13 5
24920 21 20 6
24921 10 9 5
24922 11 10 4
24923 18 17 5
24924 11 11 7
24925 15 14 4
24926 18 17 5
24927 11 10 4
24928 10 9 5
24929 19 18 6
24930 12 11 5
24931 21 20 6
24932 6 6 6
24933 15 14 4
24934 22 21 7
24935 13 12 8
24936 14 14 4
24937 18 17 7
24938 11 10 6
24939 14 14 4
24940 24 23 5
24941 19 18 4
24942 18 17 5
24943 15 14 6
24944 12 12 4
24945 16 15 7
24946 21 20 6
24947 12 11 5
24948 13 13 5
24949 19 18 6
24950 16 16 6
24951 16 16 8
24952 22 22 6
24953 20 19 7
24954 9 9 5
24955 19 18 8
24956 22 22 6
24957 22 21 5
24958 23 22 6
24959 20 20 6
24960 26 25 7
24961 19 18 6
24962 34 34 6
24963 16 16 4
24964 36 35 7
24965 31 30 6
24966 46 45 9
24967 21 20 4
24968 14 13 5
24969 19 18 4
24970 30 29 7
24971 31 30 4
24972 30 29 9
24973 17 16 6
24974 24 24 4
24975 28 27 9
24976 23 23 5
24977 23 23 5
24978 27 26 4
24979 28 27 7
24980 29 29 7
24981 29 28 6
24982 22 22 4
24983 26 25 7
24984 29 29 5
24985 37 37 5
24986 33 32 6
24987 16 16 4
24988 40 39 7
24989 25 25 5
24990 25 25 5
24991 43 42 12
24992 28 28 6
24993 24 23 7
24994 43 42 10
24995 28 28 6
24996 24 23 9
24997 17 16 4
24998 30 29 7
24999 27 27 5
25000 29 29 5
25001 23 23 5
25002 27 26 8
25003 16 16 4
25004 32 31 5
25005 25 25 7
25006 27 26 6
25007 14 13 5
25008 31 30 8
25009 18 18 6
25010 22 22 6
25011 42 41 7
25012 27 26 6
25013 28 28 8
25014 18 18 6
25015 26 26 4
25016 18 17 5
25017 23 22 6
25018 14 14 6
25019 20 20 4
25020 34 33 9
25021 23 22 6
25022 24 24 6
25023 18 17 9
25024 35 34 8
25025 20 19 7
25026 15 14 6
25027 26 26 8
25028 30 30 8
25029 26 26 8
25030 34 34 10
25031 26 26 10
25032 32 32 4
25033 26 25 5
25034 31 31 9
25035 31 30 8
25036 26 26 8
25037 18 17 5
25038 37 36 6
25039 26 25 9
25040 27 26 4
25041 36 35 7
25042 19 19 7
25043 21 20 6
25044 48 48 8
25045 22 22 4
25046 18 17 7
25047 37 37 7
25048 29 28 6
25049 34 33 7
25050 43 43 13
25051 27 26 6
25052 34 34 10
25053 22 22 8
25054 30 30 10
25055 18 18 6
25056 30 30 8
25057 24 24 4
25058 26 25 7
25059 19 18 6
25060 30 29 9
25061 33 32 10
25062 26 26 10
25063 46 45 13
25064 37 36 12
25065 42 42 14
25066 42 42 8
25067 26 26 8
25068 38 38 10
25069 38 37 13
25070 33 33 5
25071 29 29 9
25072 21 20 6
25073 42 42 12
25074 28 28 6
25075 26 26 6
25076 24 24 6
25077 34 34 6
25078 14 14 4
25079 20 19 5
25080 21 21 5
25081 27 27 5
25082 19 18 6
25083 24 24 6
25084 26 25 5
25085 31 30 6
25086 42 41 9
25087 29 28 6
25088 36 36 8
25089 18 18 6
25090 20 20 8
25091 34 34 12
25092 22 21 5
25093 29 29 7
25094 25 24 6
25095 26 25 7
25096 23 22 6
25097 24 24 4
25098 30 29 11
25099 35 34 12
25100 34 34 10
25101 16 16 6
25102 16 15 9
25103 27 26 6
25104 24 23 5
25105 21 21 7
25106 35 35 11
25107 13 12 4
25108 28 27 7
25109 27 26 6
25110 28 28 6
25111 26 25 7
25112 39 38 6
25113 14 14 6
25114 16 16 6
25115 32 31 9
25116 19 18 6
25117 16 15 5
25118 15 15 5
25119 33 32 8
25120 26 25 7
25121 31 30 8
25122 30 29 9
25123 37 36 6
25124 38 38 10
25125 32 32 4
25126 26 25 5
25127 27 27 7
25128 27 26 8
25129 42 42 10
25130 34 34 10
25131 26 25 5
25132 31 31 7
25133 41 40 8
25134 32 32 10
25135 24 23 7
25136 41 40 8
25137 32 31 5
25138 23 23 7
25139 25 24 4
25140 36 35 5
25141 37 37 7
25142 29 28 6
25143 24 24 4
25144 30 29 5
25145 37 37 7
25146 21 20 6
25147 26 26 8
25148 24 24 6
25149 22 22 6
25150 20 20 6
25151 36 36 6
25152 24 23 5
25153 21 20 6
25154 16 15 5
25155 17 16 4
25156 32 31 7
25157 27 26 6
25158 26 25 5
25159 21 21 5
25160 19 19 5
25161 27 26 4
25162 24 23 5
25163 25 24 6
25164 28 28 4
25165 22 21 5
25166 19 19 7
25167 19 18 4
25168 24 23 5
25169 17 17 5
25170 29 28 6
25171 16 16 4
25172 14 13 5
25173 15 14 6
25174 12 12 6
25175 22 22 4
25176 14 13 5
25177 13 13 5
25178 19 19 5
25179 15 14 4
25180 12 11 5
25181 25 25 5
25182 13 13 5
25183 5 5 5
25184 24 23 7
25185 9 8 4
25186 18 17 5
25187 15 15 5
25188 15 15 5
25189 21 20 6
25190 18 17 5
25191 23 23 7
25192 11 10 4
25193 24 23 5
25194 15 14 6
25195 12 11 5
25196 23 22 4
25197 12 11 5
25198 11 10 4
25199 14 13 5
25200 15 15 7
25201 7 6 5
25202 15 14 4
25203 6 5 4
25204 20 19 5
25205 15 14 4
25206 24 23 5
25207 17 17 5
25208 17 17 7
25209 13 12 6
25210 12 11 5
25211 17 16 6
25212 14 14 4
25213 14 13 5
25214 21 20 8
25215 26 25 5
25216 19 19 7
25217 17 16 4
25218 18 17 5
25219 23 23 5
25220 13 13 5
25221 21 21 5
25222 13 12 6
25223 12 12 4
25224 26 25 5
25225 9 9 5
25226 21 20 4
25227 16 15 5
25228 19 19 5
25229 13 13 5
25230 17 16 6
25231 18 18 6
25232 10 9 5
25233 17 16 6
25234 10 10 4
25235 20 19 5
25236 21 20 8
25237 10 10 4
25238 24 23 9
25239 11 10 4
25240 20 19 7
25241 17 16 6
25242 14 13 5
25243 17 17 9
25244 9 8 4
25245 20 19 5
25246 17 17 5
25247 15 14 6
25248 20 20 8
25249 18 18 6
25250 12 12 4
25251 10 9 5
25252 17 16 8
25253 10 10 4
25254 16 15 5
25255 9 8 4
25256 18 17 7
25257 15 14 6
25258 18 18 6
25259 14 13 5
25260 17 16 4
25261 14 13 7
25262 13 13 5
25263 11 10 6
25264 12 12 6
25265 16 16 6
25266 14 14 6
25267 20 19 9
25268 25 24 6
25269 12 12 4
25270 10 9 5
25271 13 13 5
25272 19 19 5
25273 15 14 6
25274 14 13 5
25275 23 22 4
25276 22 21 5
25277 25 25 5
25278 13 13 5
25279 31 30 8
25280 22 22 6
25281 14 14 4
25282 30 29 7
25283 21 21 5
25284 19 18 4
25285 24 23 5
25286 15 15 5
25287 33 33 5
25288 23 22 6
25289 26 26 6
25290 24 24 4
25291 22 21 5
25292 19 18 4
25293 18 17 5
25294 31 31 7
25295 9 8 4
25296 28 27 5
25297 17 16 6
25298 28 28 4
25299 24 23 5
25300 27 27 5
25301 17 17 5
25302 13 12 4
25303 26 25 7
25304 19 18 6
25305 18 18 4
25306 14 13 5
25307 27 26 6
25308 16 16 6
25309 16 16 4
25310 22 21 5
25311 17 17 5
25312 15 14 4
25313 30 29 5
25314 29 29 7
25315 9 9 5
25316 17 16 6
25317 20 20 4
25318 20 19 5
25319 15 15 5
25320 15 15 5
25321 11 10 6
25322 16 15 5
25323 19 19 5
25324 19 19 5
25325 15 15 5
25326 9 8 4
25327 28 27 5
25328 5 5 5
25329 16 15 7
25330 17 16 4
25331 14 13 5
25332 19 18 4
25333 14 13 5
25334 23 22 6
25335 12 12 4
25336 18 17 5
25337 21 20 6
25338 16 16 4
25339 14 13 5
25340 21 21 5
25341 9 9 5
25342 23 22 4
25343 22 21 7
25344 15 14 4
25345 16 15 5
25346 19 19 5
25347 13 13 5
25348 23 22 6
25349 10 10 4
25350 22 21 5
25351 21 21 7
25352 13 12 4
25353 20 19 5
25354 19 18 4
25355 20 19 5
25356 21 20 6
25357 18 18 4
25358 16 15 5
25359 21 21 5
25360 39 38 6
25361 28 27 7
25362 11 11 5
25363 13 12 4
25364 30 29 7
25365 27 26 6
25366 18 18 6
25367 16 16 4
25368 24 23 5
25369 19 18 4
25370 16 15 5
25371 15 15 5
25372 19 19 5
25373 15 15 5
25374 19 19 5
25375 23 22 6
25376 12 12 6
25377 18 18 4
25378 16 15 5
25379 13 13 5
25380 21 21 5
25381 15 15 5
25382 19 18 4
25383 14 13 5
25384 11 11 5
25385 25 24 4
25386 10 9 5
25387 11 10 4
25388 14 13 5
25389 23 22 6
25390 12 11 5
25391 15 14 4
25392 12 11 5
25393 13 13 5
25394 23 22 6
25395 12 12 4
25396 30 29 7
25397 19 18 6
25398 22 22 6
25399 22 21 5
25400 15 14 4
25401 20 19 7
25402 27 26 6
25403 8 8 4
25404 18 17 5
25405 15 14 6
25406 22 22 4
25407 26 25 5
25408 23 23 5
25409 27 26 4
25410 30 29 5
25411 17 17 5
25412 25 24 6
25413 20 20 6
25414 18 18 6
25415 22 22 8
25416 32 32 8
25417 24 23 5
25418 25 25 7
25419 19 18 4
25420 30 29 5
25421 31 30 6
25422 50 50 12
25423 30 29 5
25424 23 23 5
25425 27 26 8
25426 32 32 6
25427 46 46 6
25428 32 31 5
25429 51 51 9
25430 37 36 8
25431 28 28 6
25432 38 37 7
25433 39 38 10
25434 40 39 5
25435 23 23 7
25436 27 26 6
25437 30 30 6
25438 32 32 10
25439 28 27 7
25440 29 28 6
25441 30 29 7
25442 33 32 8
25443 36 36 10
25444 28 28 8
25445 48 48 12
25446 28 28 8
25447 24 24 6
25448 24 24 8
25449 26 25 7
25450 33 32 10
25451 24 24 8
25452 20 20 6
25453 28 28 4
25454 42 41 9
25455 21 21 7
25456 33 32 8
25457 24 23 5
25458 27 27 11
25459 19 19 5
25460 25 24 6
25461 40 39 7
25462 33 33 9
25463 37 36 12
25464 26 26 6
25465 34 34 10
25466 28 27 5
25467 29 29 9
25468 25 24 8
25469 36 36 8
25470 28 27 7
25471 33 32 10
25472 28 27 5
25473 23 23 5
25474 25 25 7
25475 33 32 8
25476 24 24 4
25477 18 17 5
25478 21 20 6
25479 28 28 8
25480 34 34 6
25481 44 43 7
25482 21 20 4
25483 32 31 7
25484 21 21 5
25485 27 27 7
25486 23 22 6
25487 20 20 6
25488 26 25 7
25489 25 24 8
25490 34 34 6
25491 24 23 9
25492 21 21 5
25493 25 24 6
25494 20 20 4
25495 34 33 11
25496 17 16 6
25497 34 34 8
25498 18 17 5
25499 17 17 5
25500 9 9 5
25501 21 21 7
25502 23 23 5
25503 17 16 4
25504 26 25 7
25505 31 31 7
25506 25 24 4
25507 28 27 5
25508 25 25 7
25509 27 26 8
25510 12 12 4
25511 12 11 5
25512 23 22 4
25513 24 23 5
25514 25 25 5
25515 25 25 5
25516 17 17 5
25517 19 18 4
25518 20 19 5
25519 19 18 6
25520 14 14 4
25521 26 25 5
25522 27 27 7
25523 11 10 4
25524 18 17 7
25525 19 18 4
25526 22 21 5
25527 21 21 5
25528 13 13 5
25529 15 15 5
25530 11 11 5
25531 21 20 4
25532 28 27 7
25533 21 20 6
25534 16 16 6
25535 22 21 5
25536 15 14 6
25537 16 15 5
25538 13 13 5
25539 17 16 4
25540 14 13 5
25541 23 23 7
25542 15 14 4
25543 20 19 5
25544 11 10 4
25545 10 9 5
25546 19 18 6
25547 12 11 5
25548 11 11 5
25549 13 12 4
25550 16 15 5
25551 13 12 6
25552 14 14 4
25553 12 11 5
25554 11 11 7
25555 21 20 6
25556 12 12 6
25557 20 20 4
25558 16 15 9
25559 9 8 4
25560 18 17 5
25561 15 14 4
25562 22 21 5
25563 13 12 6
25564 14 13 5
25565 11 10 4
25566 16 15 5
25567 19 18 6
25568 18 18 6
25569 10 10 4
25570 22 21 5
25571 15 15 5
25572 17 16 6
25573 12 11 5
25574 11 10 4
25575 12 11 5
25576 5 5 5
25577 12 11 5
25578 17 16 6
25579 22 21 7
25580 21 20 6
25581 12 12 4
25582 30 29 5
25583 31 31 7
25584 21 20 4
25585 6 5 4
25586 16 15 5
25587 11 10 6
25588 18 18 6
25589 14 13 5
25590 9 8 4
25591 6 5 4
25592 14 13 5
25593 11 11 7
25594 17 16 6
25595 18 18 6
25596 18 18 4
25597 14 13 5
25598 23 23 5
25599 15 14 6
25600 10 10 4
25601 12 11 5
25602 13 12 6
25603 8 8 4
25604 10 9 5
25605 19 19 5
25606 19 19 7
25607 15 14 6
25608 18 18 6
25609 16 16 6
25610 20 19 7
25611 13 12 4
25612 14 13 7
25613 11 10 6
25614 14 14 4
25615 10 9 5
25616 15 14 6
25617 20 20 6
25618 14 13 5
25619 11 10 4
25620 14 13 5
25621 15 15 5
25622 9 8 4
25623 14 13 7
25624 9 9 5
25625 13 13 5
25626 11 10 6
25627 6 6 6
25628 15 14 6
25629 12 11 5
25630 7 6 5
25631 9 9 5
25632 13 13 5
25633 19 18 6
25634 8 8 4
25635 12 11 5
25636 13 13 5
25637 15 14 6
25638 10 10 4
25639 12 11 5
25640 15 15 5
25641 13 12 6
25642 12 11 5
25643 15 14 4
25644 14 13 7
25645 13 12 4
25646 22 21 7
25647 21 20 6
25648 8 8 4
25649 12 11 5
25650 11 11 5
25651 17 17 5
25652 13 13 5
25653 13 12 6
25654 10 10 4
25655 12 11 5
25656 13 13 5
25657 17 16 6
25658 12 12 6
25659 12 12 4
25660 8 7 6
25661 10 10 4
25662 22 21 5
25663 17 16 8
25664 18 17 5
25665 19 18 6
25666 14 13 5
25667 13 13 5
25668 13 13 5
25669 9 8 4
25670 14 13 7
25671 5 5 5
25672 16 15 5
25673 15 14 6
25674 22 22 6
25675 16 16 6
25676 12 11 5
25677 13 12 4
25678 12 11 5
25679 11 11 7
25680 15 14 4
25681 16 15 5
25682 11 10 4
25683 16 15 5
25684 9 9 5
25685 7 6 5
25686 11 11 5
25687 13 12 6
25688 12 12 4
25689 12 11 5
25690 21 20 6
25691 16 16 4
25692 10 9 5
25693 25 24 6
25694 16 16 6
25695 6 6 6
25696 15 14 6
25697 18 18 6
25698 16 15 5
25699 25 24 4
25700 18 17 5
25701 21 21 5
25702 17 17 5
25703 17 16 6
25704 12 12 4
25705 14 13 5
25706 13 12 4
25707 18 17 5
25708 13 13 5
25709 25 24 4
25710 14 13 5
25711 13 13 5
25712 17 16 6
25713 12 12 4
25714 14 13 5
25715 19 18 6
25716 16 16 8
25717 14 14 6
25718 20 20 8
25719 18 18 4
25720 18 17 5
25721 19 18 8
25722 8 8 4
25723 14 13 5
25724 15 15 5
25725 11 10 6
25726 14 14 4
25727 16 15 5
25728 21 20 6
25729 10 10 4
25730 18 17 5
25731 9 9 5
25732 7 6 5
25733 19 18 6
25734 10 10 4
25735 12 11 5
25736 9 9 5
25737 11 10 6
25738 10 10 6
25739 8 8 4
25740 18 17 5
25741 13 12 6
25742 14 14 6
25743 24 23 5
25744 15 14 6
25745 12 12 4
25746 14 13 5
25747 5 5 5
25748 14 13 7
25749 11 10 4
25750 12 11 5
25751 7 6 5
25752 17 16 6
25753 14 14 8
25754 18 18 4
25755 22 21 5
25756 9 8 7
25757 9 8 4
25758 14 13 5
25759 11 11 5
25760 21 20 6
25761 24 24 6
25762 26 26 6
25763 22 22 6
25764 22 22 6
25765 22 22 4
25766 12 11 5
25767 17 16 4
25768 12 11 5
25769 15 14 6
25770 14 14 6
25771 22 22 6
25772 20 20 4
25773 16 15 5
25774 23 23 5
25775 33 32 6
25776 22 22 4
25777 24 23 5
25778 27 27 7
25779 25 24 4
25780 32 31 5
25781 33 33 7
25782 29 28 6
25783 22 22 6
25784 28 27 9
25785 29 28 4
25786 38 37 9
25787 25 24 4
25788 22 21 5
25789 13 12 6
25790 30 30 8
25791 22 22 6
25792 30 29 7
25793 25 25 5
25794 23 22 4
25795 22 21 5
25796 37 36 10
25797 24 24 6
25798 30 29 5
25799 29 28 6
25800 22 22 4
25801 24 23 5
25802 31 31 9
25803 31 30 12
25804 28 28 6
25805 24 23 5
25806 13 12 4
25807 18 17 7
25808 23 23 7
25809 17 16 6
25810 18 18 4
25811 22 21 5
25812 19 18 6
25813 24 24 8
25814 22 22 4
25815 14 13 5
25816 33 32 6
25817 18 17 5
25818 19 18 6
25819 10 10 4
25820 12 11 5
25821 17 17 5
25822 11 11 5
25823 13 12 4
25824 16 15 5
25825 19 19 5
25826 17 17 5
25827 17 17 5
25828 17 17 7
25829 15 14 6
25830 16 16 6
25831 14 14 6
25832 18 18 6
25833 14 14 4
25834 20 19 5
25835 17 16 6
25836 26 26 6
25837 18 17 5
25838 21 20 6
25839 16 16 4
25840 12 11 5
25841 17 16 4
25842 28 27 5
25843 29 29 5
25844 19 18 4
25845 18 17 5
25846 13 12 6
25847 16 16 6
25848 26 26 6
25849 16 15 5
25850 33 32 6
25851 10 10 4
25852 18 17 5
25853 17 16 4
25854 18 17 5
25855 25 25 5
25856 29 29 5
25857 29 29 5
25858 21 20 8
25859 18 18 6
25860 18 18 6
25861 34 34 4
25862 18 17 7
25863 25 24 6
25864 24 24 6
25865 14 13 5
25866 15 14 6
25867 16 15 5
25868 13 13 5
25869 17 16 4
25870 14 13 7
25871 29 28 6
25872 28 27 5
25873 15 14 6
25874 12 12 4
25875 20 19 5
25876 23 22 4
25877 18 17 5
25878 25 24 6
25879 12 12 6
25880 20 19 5
25881 7 6 5
25882 15 14 6
25883 18 18 4
25884 10 9 5
25885 15 14 6
25886 24 24 8
25887 6 6 6
25888 11 10 4
25889 12 11 5
25890 13 13 5
25891 11 10 6
25892 10 10 4
25893 14 13 5
25894 7 6 5
25895 21 21 7
25896 19 18 4
25897 8 7 6
25898 8 8 4
25899 12 11 5
25900 9 9 5
25901 9 9 5
25902 11 10 6
25903 10 10 4
25904 12 11 5
25905 15 15 5
25906 15 15 5
25907 17 17 7
25908 13 12 4
25909 14 13 5
25910 11 10 4
25911 10 9 5
25912 11 11 5
25913 15 14 6
25914 18 18 6
25915 10 10 6
25916 18 18 6
25917 20 19 5
25918 15 14 4
25919 14 13 5
25920 11 11 5
25921 15 14 6
25922 8 8 4
25923 12 11 5
25924 13 12 4
25925 12 11 5
25926 11 11 7
25927 9 8 4
25928 10 9 5
25929 15 14 6
25930 18 18 6
25931 16 15 5
25932 7 6 5
25933 15 15 5
25934 15 15 5
25935 17 17 5
25936 15 15 5
25937 11 11 5
25938 15 14 6
25939 10 10 6
25940 12 11 7
25941 11 10 4
25942 16 15 7
25943 11 10 6
25944 12 11 5
25945 21 21 7
25946 15 14 4
25947 18 17 7
25948 9 9 5
25949 15 14 4
25950 18 17 5
25951 11 10 4
25952 10 9 5
25953 13 12 6
25954 10 9 5
25955 13 12 6
25956 10 10 4
25957 10 9 5
25958 9 9 5
25959 13 12 8
25960 6 6 6
25961 9 8 4
25962 10 9 5
25963 15 14 6
25964 8 8 8
25965 19 18 6
25966 12 12 6
25967 18 18 6
25968 14 13 5
25969 11 10 4
25970 16 15 5
25971 13 12 6
25972 8 8 4
25973 16 15 5
25974 17 16 6
25975 10 9 5
25976 15 14 6
25977 18 18 4
25978 12 11 5
25979 13 12 4
25980 14 13 5
25981 15 15 5
25982 19 19 5
25983 19 18 6
25984 22 22 4
25985 22 21 5
25986 15 15 5
25987 11 11 5
25988 17 16 6
25989 14 14 4
25990 12 11 5
25991 15 14 4
25992 16 15 5
25993 11 10 4
25994 6 5 4
25995 14 13 5
25996 9 9 5
25997 15 14 4
25998 10 9 5
25999 13 13 5
26000 15 14 6
26001 12 12 6
26002 10 10 4
26003 12 11 5
26004 9 8 4
26005 10 9 5
26006 19 18 8
26007 14 14 4
26008 20 19 7
26009 11 10 4
26010 14 13 5
26011 13 12 4
26012 10 9 5
26013 13 12 6
26014 12 12 6
26015 20 20 6
26016 18 18 6
26017 22 22 6
26018 22 22 6
26019 8 8 4
26020 12 11 5
26021 11 11 5
26022 17 16 6
26023 14 14 6
26024 8 8 4
26025 6 5 4
26026 14 13 5
26027 17 17 5
26028 19 18 4
26029 18 17 5
26030 9 8 4
26031 14 13 5
26032 23 22 6
26033 14 14 6
26034 12 12 4
26035 12 11 5
26036 13 13 5
26037 9 8 4
26038 14 13 5
26039 17 16 6
26040 6 6 6
26041 19 19 7
26042 15 14 6
26043 14 14 6
26044 16 16 4
26045 6 5 4
26046 18 17 5
26047 9 9 5
26048 15 15 5
26049 17 16 6
26050 14 14 4
26051 22 21 5
26052 27 26 4
26053 16 15 5
26054 13 12 4
26055 18 17 5
26056 31 31 5
26057 15 14 4
26058 22 21 7
26059 11 11 5
26060 17 16 6
26061 26 25 5
26062 23 22 4
26063 20 19 5
26064 13 12 4
26065 24 23 5
26066 15 15 5
26067 17 16 4
26068 24 23 5
26069 17 16 6
26070 28 27 7
26071 21 20 6
26072 26 25 5
26073 35 34 8
26074 34 33 7
26075 21 21 5
26076 27 26 4
26077 36 35 5
26078 23 23 5
26079 25 25 5
26080 23 23 5
26081 31 30 6
26082 22 21 5
26083 25 25 7
26084 27 26 4
26085 18 17 5
26086 25 24 6
26087 20 20 6
26088 22 21 9
26089 17 17 7
26090 27 26 6
26091 34 33 5
26092 21 20 6
26093 30 30 8
26094 20 20 6
26095 22 21 7
26096 31 31 11
26097 23 22 6
26098 36 35 7
26099 19 18 6
26100 26 25 5
26101 21 21 5
26102 23 23 7
26103 17 17 5
26104 33 32 8
26105 20 20 8
26106 32 31 11
26107 33 32 6
26108 26 26 8
26109 30 30 6
26110 30 29 5
26111 35 34 8
26112 38 38 10
26113 16 15 5
26114 27 26 6
26115 26 26 6
26116 26 26 10
26117 20 20 6
26118 34 33 7
26119 41 40 14
26120 16 16 6
26121 44 44 12
26122 32 32 8
26123 26 25 9
26124 27 26 6
26125 46 45 17
26126 17 16 6
26127 36 36 10
26128 22 21 5
26129 31 30 6
26130 22 21 7
26131 21 21 9
26132 31 30 6
26133 28 28 6
26134 24 24 6
26135 32 31 11
26136 25 24 10
26137 22 21 7
26138 47 46 10
26139 32 31 9
26140 39 38 10
26141 14 14 4
26142 16 15 5
26143 27 26 6
26144 18 18 4
26145 20 19 5
26146 23 22 6
26147 38 37 11
26148 27 26 6
26149 20 20 8
26150 30 30 8
26151 38 38 10
26152 36 36 8
26153 14 14 6
26154 26 25 7
26155 27 27 7
26156 21 21 5
26157 23 22 6
26158 18 18 6
26159 24 24 10
26160 18 17 5
26161 25 24 6
26162 14 14 4
26163 26 25 5
26164 15 14 6
26165 18 18 6
26166 12 12 6
26167 32 32 12
26168 16 15 5
26169 17 17 5
26170 17 16 8
26171 14 14 4
26172 20 19 5
26173 23 23 5
26174 17 16 6
26175 12 11 5
26176 21 20 8
26177 18 18 4
26178 22 21 7
26179 21 20 6
26180 16 15 5
26181 25 25 5
26182 17 17 9
26183 21 20 4
26184 14 13 5
26185 17 16 4
26186 18 17 5
26187 13 12 4
26188 22 21 7
26189 15 15 7
26190 21 21 5
26191 21 20 6
26192 16 16 6
26193 14 14 4
26194 20 19 7
26195 13 12 6
26196 16 16 4
26197 12 11 5
26198 17 16 6
26199 16 16 6
26200 16 15 5
26201 13 13 5
26202 15 15 5
26203 25 24 6
26204 28 27 5
26205 23 23 5
26206 23 23 5
26207 19 19 7
26208 19 18 4
26209 16 15 5
26210 13 13 5
26211 15 14 6
26212 14 14 6
26213 22 21 5
26214 25 24 6
26215 22 22 6
26216 14 14 4
26217 18 17 7
26218 35 34 4
26219 18 17 5
26220 17 17 5
26221 25 25 5
26222 15 14 4
26223 18 17 7
26224 17 16 6
26225 24 23 5
26226 23 23 9
26227 19 19 5
26228 25 24 6
26229 18 17 5
26230 21 20 6
26231 12 12 6
26232 10 10 4
26233 26 25 9
26234 15 14 6
26235 18 18 6
26236 16 15 5
26237 9 8 4
26238 18 17 5
26239 5 5 5
26240 12 11 5
26241 23 22 6
26242 28 28 6
26243 12 11 5
26244 9 8 4
26245 14 13 5
26246 11 11 5
26247 21 21 5
26248 15 14 6
26249 12 12 6
26250 14 14 6
26251 14 14 4
26252 16 15 7
26253 9 9 5
26254 11 10 4
26255 24 23 5
26256 29 28 6
26257 16 15 5
26258 17 16 6
26259 22 22 6
26260 10 9 5
26261 15 14 6
26262 16 16 4
26263 20 19 5
26264 13 12 4
26265 14 13 5
26266 15 15 5
26267 23 22 6
26268 14 14 6
26269 8 8 4
26270 12 11 5
26271 15 14 4
26272 18 17 7
26273 15 14 6
26274 8 8 4
26275 18 17 5
26276 15 15 5
26277 23 22 6
26278 14 14 6
26279 12 12 6
26280 12 12 4
26281 18 17 5
26282 17 17 5
26283 15 15 7
26284 25 24 6
26285 6 6 6
26286 19 19 5
26287 11 10 4
26288 22 21 5
26289 15 15 5
26290 21 20 6
26291 18 17 5
26292 19 18 6
26293 22 22 4
26294 18 17 5
26295 15 14 6
26296 24 23 5
26297 15 14 4
26298 24 23 5
26299 19 19 5
26300 13 13 7
26301 15 14 4
26302 14 13 5
26303 9 8 4
26304 20 19 5
26305 15 15 5
26306 11 11 5
26307 23 22 6
26308 20 20 6
26309 12 12 4
26310 20 19 5
26311 23 23 7
26312 23 22 8
26313 16 16 6
26314 6 6 6
26315 15 14 6
26316 14 13 5
26317 11 11 5
26318 11 10 6
26319 18 18 8
26320 18 18 4
26321 16 15 5
26322 21 20 6
26323 10 10 4
26324 14 13 5
26325 11 11 5
26326 11 11 5
26327 11 10 6
26328 6 6 6
26329 15 14 6
26330 18 18 6
26331 14 13 5
26332 7 6 5
26333 9 9 5
26334 13 12 6
26335 8 8 4
26336 10 9 5
26337 17 16 6
26338 14 13 5
26339 17 17 5
26340 11 11 5
26341 9 8 4
26342 16 15 5
26343 17 16 6
26344 10 9 5
26345 13 13 5
26346 19 18 4
26347 12 11 5
26348 13 13 5
26349 9 8 4
26350 12 11 5
26351 11 11 5
26352 21 20 8
26353 8 8 4
26354 20 19 5
26355 13 13 5
26356 19 19 5
26357 9 9 5
26358 23 22 6
26359 18 18 6
26360 22 21 7
26361 11 11 5
26362 21 21 5
26363 15 14 6
26364 26 26 6
26365 18 17 7
26366 13 12 6
26367 24 24 6
26368 16 15 5
26369 27 26 8
26370 20 19 5
26371 33 33 7
26372 19 19 5
26373 17 17 7
26374 21 21 7
26375 15 14 6
26376 22 21 5
26377 15 14 4
26378 18 17 5
26379 23 22 4
26380 42 41 7
26381 17 17 5
26382 17 16 4
26383 20 19 7
26384 23 22 4
26385 22 21 7
26386 13 12 6
26387 24 23 5
26388 25 24 4
26389 12 11 5
26390 29 29 9
26391 27 27 9
26392 31 31 9
26393 23 22 6
26394 58 58 10
26395 18 17 5
26396 29 28 6
26397 24 23 7
26398 31 30 10
26399 20 19 5
26400 25 24 8
26401 36 35 7
26402 17 17 5
26403 31 31 5
26404 31 30 6
26405 26 25 7
26406 23 22 6
26407 32 31 7
26408 41 40 8
26409 28 28 6
26410 24 24 8
26411 24 23 5
26412 17 17 5
26413 53 52 14
26414 24 23 5
26415 21 20 6
26416 28 28 6
26417 18 17 5
26418 21 21 7
26419 25 24 10
26420 26 25 9
26421 19 18 4
26422 28 27 5
26423 13 13 7
26424 21 20 4
26425 16 15 5
26426 19 18 6
26427 14 14 6
26428 18 18 6
26429 10 10 4
26430 14 13 5
26431 19 19 5
26432 15 14 6
26433 10 10 6
26434 20 20 4
26435 10 9 5
26436 17 16 6
26437 18 18 6
26438 16 16 4
26439 22 21 5
26440 19 18 4
26441 18 17 5
26442 9 9 5
26443 9 8 4
26444 18 17 5
26445 11 10 6
26446 16 16 4
26447 12 11 5
26448 27 26 6
26449 8 8 4
26450 18 17 5
26451 13 13 5
26452 13 13 5
26453 13 13 5
26454 19 18 6
26455 12 11 5
26456 15 15 5
26457 11 10 4
26458 16 15 5
26459 15 14 4
26460 16 15 5
26461 21 20 6
26462 20 20 6
26463 22 22 4
26464 16 15 5
26465 17 16 6
26466 16 16 6
26467 22 22 6
26468 12 11 5
26469 11 11 7
26470 13 12 6
26471 12 12 6
26472 18 18 4
26473 12 11 5
26474 13 12 6
26475 12 12 4
26476 30 29 5
26477 27 26 6
26478 18 17 5
26479 29 28 6
26480 18 17 5
26481 23 22 6
26482 14 14 4
26483 16 15 5
26484 19 18 4
26485 14 13 5
26486 19 18 6
26487 18 17 5
26488 17 16 6
26489 22 22 6
26490 26 26 6
26491 18 18 6
26492 26 25 5
26493 23 23 7
26494 19 18 6
26495 24 24 6
26496 36 35 7
26497 19 19 7
26498 25 24 4
26499 16 15 7
26500 27 26 6
26501 28 27 7
26502 27 26 8
26503 20 20 6
26504 24 24 6
26505 20 20 4
26506 24 23 5
26507 15 14 6
26508 16 15 5
26509 19 18 6
26510 16 16 6
26511 12 12 4
26512 22 21 7
26513 23 23 5
26514 15 14 6
26515 18 18 6
26516 6 5 4
26517 18 17 5
26518 21 20 4
26519 16 15 7
26520 19 18 6
26521 12 11 5
26522 13 12 4
26523 14 13 5
26524 15 15 5
26525 9 8 4
26526 16 15 5
26527 11 10 4
26528 14 13 5
26529 23 23 7
26530 15 14 4
26531 14 13 5
26532 11 10 6
26533 8 8 4
26534 16 15 5
26535 9 9 5
26536 9 8 4
26537 12 11 5
26538 21 20 6
26539 8 8 4
26540 12 11 5
26541 9 8 4
26542 14 13 5
26543 11 10 6
26544 10 10 4
26545 10 9 5
26546 13 13 5
26547 19 19 7
26548 11 10 4
26549 10 9 5
26550 17 16 4
26551 24 23 7
26552 11 10 4
26553 22 21 5
26554 7 6 5
26555 23 22 4
26556 14 13 5
26557 13 12 4
26558 12 11 5
26559 21 20 6
26560 6 6 6
26561 13 12 6
26562 14 14 4
26563 24 23 5
26564 17 17 5
26565 7 6 5
26566 9 8 4
26567 14 13 5
26568 7 6 5
26569 13 13 5
26570 17 16 4
26571 16 15 5
26572 21 20 6
26573 8 7 6
26574 10 10 4
26575 6 5 4
26576 12 11 5
26577 9 9 5
26578 11 10 6
26579 10 10 4
26580 10 9 5
26581 27 27 7
26582 13 13 5
26583 17 16 6
26584 12 12 6
26585 20 19 7
26586 11 11 5
26587 11 10 6
26588 8 8 4
26589 12 11 5
26590 7 6 5
26591 13 13 5
26592 17 16 6
26593 12 12 6
26594 16 16 6
26595 10 10 6
26596 10 10 4
26597 12 11 5
26598 21 20 6
26599 10 10 4
26600 10 9 5
26601 9 9 5
26602 11 11 5
26603 21 21 7
26604 29 28 6
26605 18 18 6
26606 12 12 4
26607 6 5 4
26608 18 17 5
26609 15 14 4
26610 14 13 5
26611 17 17 5
26612 9 8 4
26613 12 11 5
26614 13 13 5
26615 11 10 4
26616 18 17 7
26617 9 8 4
26618 14 13 5
26619 17 16 6
26620 12 12 4
26621 30 29 7
26622 23 22 4
26623 14 13 5
26624 9 8 4
26625 12 11 5
26626 7 6 5
26627 19 19 5
26628 21 21 5
26629 13 12 4
26630 20 19 7
26631 11 11 5
26632 21 20 6
26633 18 17 5
26634 21 20 4
26635 18 17 5
26636 13 13 5
26637 17 17 7
26638 27 26 6
26639 12 12 4
26640 22 21 5
26641 9 8 4
26642 16 15 5
26643 17 17 5
26644 11 11 5
26645 11 10 4
26646 10 9 5
26647 11 11 5
26648 21 21 5
26649 15 14 4
26650 16 15 5
26651 9 9 5
26652 19 18 6
26653 10 10 6
26654 16 15 5
26655 13 13 5
26656 17 17 5
26657 13 12 4
26658 12 11 5
26659 21 20 6
26660 18 17 5
26661 11 10 6
26662 22 22 6
26663 20 19 5
26664 25 24 6
26665 22 22 6
26666 18 18 4
26667 18 17 5
26668 27 26 4
26669 20 19 5
26670 13 13 5
26671 23 22 6
26672 20 20 4
26673 32 31 5
26674 29 29 5
26675 11 11 5
26676 17 17 5
26677 17 16 6
26678 22 22 4
26679 26 25 5
26680 37 37 7
26681 29 29 5
26682 19 19 5
26683 31 31 7
26684 11 10 4
26685 30 29 7
26686 13 13 5
26687 31 31 7
26688 23 22 6
26689 38 37 9
26690 43 42 6
26691 30 29 9
26692 33 32 6
26693 32 31 9
26694 39 39 7
26695 33 33 9
26696 51 50 10
26697 36 36 6
26698 46 46 12
26699 40 39 11
26700 45 45 7
26701 39 39 9
26702 29 28 10
26703 40 39 13
26704 23 22 4
26705 22 21 7
26706 25 24 6
26707 38 38 6
26708 38 37 7
26709 25 25 7
26710 39 38 6
26711 36 36 6
26712 48 48 8
26713 26 26 6
26714 20 19 7
26715 25 25 5
26716 29 29 5
26717 21 21 7
26718 43 42 10
26719 28 27 7
26720 29 29 7
26721 35 35 9
26722 17 16 4
26723 28 27 7
26724 27 26 6
26725 28 28 4
26726 44 43 15
26727 35 35 7
26728 47 46 12
26729 24 23 9
26730 23 22 6
26731 38 37 7
26732 31 30 8
26733 36 36 8
26734 32 32 8
26735 48 47 9
26736 29 28 8
26737 20 20 6
26738 24 24 6
26739 18 17 5
26740 25 24 6
26741 32 31 7
26742 33 32 6
26743 52 52 12
26744 24 24 6
26745 26 26 6
26746 42 42 10
26747 30 30 10
26748 36 35 13
26749 29 29 5
26750 19 18 6
26751 20 20 4
26752 34 33 7
26753 33 33 9
26754 27 27 7
26755 29 28 10
26756 24 24 6
26757 18 18 4
26758 22 21 5
26759 27 26 8
26760 20 20 4
26761 20 19 5
26762 19 19 5
26763 29 28 10
26764 22 22 6
26765 18 17 5
26766 17 17 5
26767 27 26 8
26768 16 16 6
26769 32 32 6
26770 20 19 5
26771 19 19 5
26772 13 13 5
26773 25 24 4
26774 16 15 5
26775 11 10 4
26776 32 31 5
26777 11 11 5
26778 23 22 6
26779 14 14 4
26780 22 21 7
26781 21 20 4
26782 10 9 5
26783 11 10 4
26784 18 17 7
26785 19 18 4
26786 14 13 5
26787 13 12 4
26788 24 23 7
26789 19 18 6
26790 14 13 5
26791 11 11 5
26792 13 12 6
26793 10 10 4
26794 18 17 5
26795 17 16 6
26796 16 16 6
26797 12 12 4
26798 18 17 7
26799 17 16 4
26800 18 17 5
26801 17 16 6
26802 12 12 6
26803 6 6 6
26804 11 10 4
26805 6 5 4
26806 18 17 5
26807 5 5 5
26808 16 15 5
26809 11 10 4
26810 16 15 7
26811 15 14 6
26812 14 14 4
26813 14 13 5
26814 11 10 4
26815 20 19 5
26816 21 20 8
26817 12 11 5
26818 9 9 5
26819 13 12 6
26820 14 14 4
26821 18 17 7
26822 17 16 4
26823 12 11 5
26824 13 12 8
26825 22 22 4
26826 20 19 5
26827 17 17 5
26828 17 16 4
26829 16 15 5
26830 13 13 5
26831 15 14 6
26832 18 18 4
26833 18 17 5
26834 21 21 5
26835 15 15 5
26836 9 9 5
26837 15 14 6
26838 16 16 4
26839 36 35 7
26840 27 26 4
26841 18 17 5
26842 21 21 5
26843 9 9 5
26844 19 18 6
26845 18 18 6
26846 26 25 5
26847 15 15 5
26848 23 23 5
26849 25 24 4
26850 26 25 5
26851 25 25 7
26852 17 16 4
26853 20 19 5
26854 27 26 6
26855 32 31 9
26856 25 24 4
26857 30 29 7
26858 19 18 4
26859 20 19 5
26860 27 27 7
26861 21 20 4
26862 20 19 5
26863 33 33 7
26864 13 13 7
26865 21 20 4
26866 24 23 5
26867 17 17 5
26868 27 26 6
26869 24 24 6
26870 18 18 4
26871 20 19 5
26872 21 21 7
26873 17 16 6
26874 26 26 6
26875 20 20 6
26876 12 12 4
26877 26 25 7
26878 17 16 4
26879 18 17 7
26880 11 10 4
26881 18 17 5
26882 15 15 5
26883 11 10 6
26884 18 18 6
26885 12 12 6
26886 20 20 4
26887 28 27 7
26888 9 8 4
26889 12 11 5
26890 19 19 5
26891 7 6 5
26892 11 11 5
26893 17 16 8
26894 16 16 6
26895 20 20 6
26896 12 12 4
26897 10 9 5
26898 11 11 5
26899 9 8 4
26900 6 5 4
26901 8 7 6
26902 12 12 6
26903 16 16 6
26904 16 15 5
26905 17 17 5
26906 29 28 8
26907 12 12 4
26908 14 13 5
26909 17 16 6
26910 8 8 4
26911 10 9 5
26912 7 6 5
26913 17 17 5
26914 5 5 5
26915 20 19 7
26916 15 14 6
26917 16 15 5
26918 15 14 6
26919 6 6 6
26920 11 10 6
26921 10 10 6
26922 6 6 6
26923 9 9 5
26924 15 14 4
26925 10 9 5
26926 15 15 7
26927 19 18 6
26928 14 14 6
26929 10 10 4
26930 16 15 7
26931 13 12 6
26932 10 10 6
26933 8 8 4
26934 8 7 6
26935 12 11 5
26936 11 11 5
26937 13 12 6
26938 8 8 4
26939 14 13 7
26940 13 12 6
26941 12 12 4
26942 14 13 7
26943 9 8 4
26944 16 15 5
26945 15 15 5
26946 17 16 6
26947 14 14 4
26948 20 19 5
26949 11 10 4
26950 18 17 5
26951 11 11 5
26952 11 11 5
26953 11 10 4
26954 14 13 5
26955 11 11 7
26956 9 8 4
26957 8 7 6
26958 12 12 4
26959 8 7 6
26960 10 10 4
26961 14 13 5
26962 9 9 5
26963 11 11 5
26964 9 9 5
26965 15 15 5
26966 11 10 4
26967 16 15 5
26968 11 10 6
26969 10 10 4
26970 18 17 5
26971 19 19 7
26972 13 12 4
26973 26 25 7
26974 17 16 6
26975 10 10 6
26976 10 10 4
26977 26 25 7
26978 19 18 6
26979 18 18 6
26980 20 20 8
26981 12 11 5
26982 21 20 6
26983 16 16 6
26984 14 14 6
26985 8 8 4
26986 18 17 5
26987 13 12 4
26988 10 9 5
26989 9 8 4
26990 16 15 5
26991 13 13 5
26992 7 6 5
26993 13 12 4
26994 10 9 5
26995 17 16 8
26996 16 16 6
26997 12 11 5
26998 13 13 5
26999 13 13 5
27000 9 9 5
27001 9 9 5
27002 11 11 5
27003 11 11 5
27004 15 15 7
27005 15 14 6
27006 12 12 6
27007 10 10 6
27008 10 10 4
27009 18 17 5
27010 11 11 5
27011 7 6 5
27012 11 10 6
27013 10 10 4
27014 10 9 5
27015 13 12 6
27016 10 10 6
27017 18 17 5
27018 13 13 5
27019 11 11 5
27020 11 10 6
27021 14 14 4
27022 14 13 5
27023 21 20 8
27024 24 24 6
27025 8 8 4
27026 10 9 5
27027 11 10 4
27028 10 9 5
27029 17 16 4
27030 10 9 5
27031 9 9 5
27032 11 11 5
27033 11 11 5
27034 13 12 4
27035 12 11 5
27036 15 14 6
27037 10 10 6
27038 12 12 4
27039 20 19 5
27040 15 14 8
27041 10 9 5
27042 11 10 4
27043 14 13 5
27044 17 16 6
27045 12 12 6
27046 6 5 4
27047 10 9 5
27048 17 16 8
27049 6 6 6
27050 11 10 6
27051 14 14 6
27052 16 16 6
27053 14 14 6
27054 14 14 6
27055 8 8 4
27056 14 13 5
27057 17 16 4
27058 12 11 5
27059 9 8 4
27060 12 11 5
27061 11 10 4
27062 12 11 5
27063 13 12 4
27064 12 11 7
27065 13 12 4
27066 10 9 5
27067 17 17 5
27068 17 17 7
27069 15 14 6
27070 10 10 4
27071 12 11 5
27072 13 13 5
27073 9 9 5
27074 11 11 5
27075 15 14 6
27076 8 8 4
27077 16 15 7
27078 17 17 5
27079 11 10 4
27080 22 21 5
27081 9 8 4
27082 16 15 7
27083 23 23 7
27084 11 10 4
27085 12 11 5
27086 13 12 4
27087 12 11 7
27088 13 12 6
27089 12 11 5
27090 9 8 4
27091 12 11 7
27092 13 12 4
27093 10 9 5
27094 15 15 7
27095 11 10 6
27096 10 10 4
27097 6 5 4
27098 18 17 5
27099 11 11 5
27100 19 18 6
27101 10 10 4
27102 10 9 5
27103 19 18 4
27104 16 15 5
27105 13 13 5
27106 11 10 4
27107 10 9 5
27108 7 6 5
27109 9 8 4
27110 16 15 5
27111 15 15 7
27112 9 8 4
27113 20 19 5
27114 13 13 5
27115 9 8 4
27116 12 11 5
27117 11 10 6
27118 10 10 4
27119 12 11 5
27120 9 8 4
27121 22 21 5
27122 15 15 5
27123 11 10 6
27124 20 20 6
27125 8 8 4
27126 10 9 5
27127 17 16 4
27128 18 17 5
27129 17 17 5
27130 13 12 4
27131 16 15 5
27132 27 27 5
27133 19 18 6
27134 24 23 5
27135 21 21 5
27136 19 19 5
27137 9 8 4
27138 20 19 5
27139 21 21 5
27140 19 18 6
27141 10 10 4
27142 18 17 5
27143 17 17 5
27144 25 25 7
27145 15 14 4
27146 14 13 5
27147 17 16 4
27148 14 13 5
27149 11 10 6
27150 14 14 6
27151 14 14 4
27152 22 21 5
27153 11 11 5
27154 13 12 4
27155 22 21 5
27156 25 24 6
27157 22 21 5
27158 19 19 7
27159 23 22 6
27160 20 20 6
27161 18 17 5
27162 19 19 5
27163 25 24 6
27164 22 21 5
27165 21 20 6
27166 22 22 6
27167 16 16 6
27168 16 16 6
27169 26 26 6
27170 16 16 4
27171 18 17 5
27172 19 19 5
27173 17 16 6
27174 12 11 5
27175 19 18 6
27176 18 18 8
27177 12 12 4
27178 20 19 5
27179 19 18 4
27180 24 23 7
27181 13 12 4
27182 14 13 5
27183 15 14 6
27184 12 11 5
27185 19 18 6
27186 18 18 6
27187 22 22 6
27188 18 17 5
27189 13 12 4
27190 18 17 5
27191 11 11 5
27192 13 12 6
27193 18 18 6
27194 10 10 4
27195 16 15 5
27196 11 11 5
27197 21 20 6
27198 6 6 6
27199 7 6 5
27200 21 20 8
27201 14 13 7
27202 23 22 6
27203 16 15 5
27204 13 12 4
27205 16 15 7
27206 17 17 5
27207 15 15 5
27208 21 20 6
27209 10 10 6
27210 12 12 6
27211 12 12 4
27212 12 11 5
27213 15 15 5
27214 13 12 6
27215 18 17 7
27216 15 14 4
27217 14 13 7
27218 11 10 6
27219 8 8 4
27220 6 5 4
27221 6 5 4
27222 10 9 5
27223 19 18 8
27224 8 8 4
27225 10 9 5
27226 9 8 4
27227 14 13 5
27228 11 10 4
27229 8 7 6
27230 14 13 5
27231 19 18 6
27232 16 16 6
27233 18 18 6
27234 16 16 4
27235 14 13 5
27236 9 8 7
27237 9 8 4
27238 12 11 5
27239 13 13 7
27240 17 16 4
27241 18 17 5
27242 21 21 5
27243 19 19 7
27244 27 27 5
27245 15 14 4
27246 14 13 5
27247 13 13 7
27248 7 6 5
27249 17 16 6
27250 22 22 8
27251 22 21 7
27252 11 10 4
27253 12 11 5
27254 11 11 5
27255 27 27 5
27256 17 17 5
27257 13 12 4
27258 20 19 5
27259 19 19 5
27260 25 24 4
27261 22 21 5
27262 23 23 5
27263 23 23 5
27264 21 21 5
27265 31 31 7
27266 33 33 7
27267 33 32 6
27268 50 50 10
27269 42 42 10
27270 36 35 5
27271 49 49 7
27272 49 48 8
27273 48 47 9
27274 51 50 12
27275 26 26 4
27276 52 51 11
27277 47 47 7
27278 45 45 11
27279 47 46 8
27280 60 59 13
27281 37 36 8
27282 22 21 7
27283 25 24 6
27284 38 37 7
27285 29 28 4
27286 40 39 7
27287 25 24 6
27288 20 19 5
27289 13 12 6
27290 34 34 6
27291 20 19 5
27292 39 38 6
27293 22 22 6
27294 26 26 6
27295 38 38 8
27296 32 31 7
27297 29 28 4
27298 30 29 5
27299 39 39 7
27300 25 24 4
27301 28 27 7
27302 27 26 6
27303 30 29 9
27304 29 28 6
27305 28 27 5
27306 27 27 5
27307 15 15 5
27308 19 18 6
27309 26 26 8
27310 30 30 6
27311 26 25 5
27312 33 33 7
27313 27 26 8
27314 22 22 6
27315 18 18 6
27316 26 26 8
27317 30 30 6
27318 18 17 5
27319 29 29 5
27320 37 37 9
27321 21 20 6
27322 28 28 6
27323 10 10 4
27324 22 21 5
27325 21 21 5
27326 15 14 6
27327 22 22 6
27328 16 16 4
27329 22 21 5
27330 17 17 7
27331 27 27 5
27332 17 16 4
27333 18 17 5
27334 15 14 4
27335 20 19 5
27336 17 17 5
27337 17 16 4
27338 28 27 7
27339 25 24 4
27340 18 17 5
27341 17 17 5
27342 17 17 5
27343 21 21 5
27344 25 25 5
27345 19 18 6
27346 12 12 4
27347 16 15 5
27348 21 21 5
27349 25 24 6
27350 12 12 4
27351 28 27 5
27352 17 17 5
27353 31 30 6
27354 24 23 5
27355 31 30 6
27356 14 14 4
27357 22 21 7
27358 19 18 4
27359 12 11 5
27360 25 24 4
27361 18 17 5
27362 23 23 5
27363 13 12 4
27364 16 15 5
27365 17 17 5
27366 21 20 6
27367 10 10 4
27368 14 13 5
27369 19 18 6
27370 22 22 4
27371 16 15 5
27372 17 16 4
27373 22 21 7
27374 21 20 6
27375 18 18 6
27376 22 21 7
27377 17 16 6
27378 8 8 4
27379 18 17 5
27380 9 8 4
27381 16 15 5
27382 11 11 5
27383 19 18 6
27384 18 18 6
27385 14 14 4
27386 12 11 5
27387 11 11 5
27388 19 18 4
27389 18 17 5
27390 21 20 6
27391 12 12 4
27392 20 19 5
27393 19 18 6
27394 10 9 5
27395 21 20 4
27396 10 9 5
27397 19 18 6
27398 12 12 4
27399 10 9 5
27400 7 6 5
27401 13 13 5
27402 13 13 5
27403 9 9 5
27404 15 14 4
27405 16 15 5
27406 11 10 4
27407 20 19 5
27408 25 24 6
27409 16 16 4
27410 10 9 5
27411 11 10 4
27412 14 13 5
27413 19 19 5
27414 13 13 5
27415 19 18 6
27416 14 14 4
27417 24 23 7
27418 17 17 5
27419 13 12 4
27420 16 15 5
27421 11 10 4
27422 14 13 7
27423 17 16 4
27424 16 15 5
27425 13 12 4
27426 14 13 5
27427 9 8 4
27428 20 19 5
27429 11 11 5
27430 19 18 6
27431 16 15 5
27432 13 12 4
27433 18 17 5
27434 15 15 5
27435 9 9 5
27436 15 14 6
27437 12 12 6
27438 6 6 6
27439 15 14 4
27440 20 19 5
27441 11 11 5
27442 29 28 6
27443 8 8 4
27444 18 17 7
27445 13 12 6
27446 10 10 4
27447 20 19 5
27448 15 14 6
27449 18 17 7
27450 13 12 4
27451 20 19 5
27452 9 8 4
27453 16 15 5
27454 11 10 4
27455 16 15 7
27456 9 9 5
27457 17 17 5
27458 17 17 5
27459 19 18 4
27460 14 13 5
27461 19 19 5
27462 13 13 5
27463 11 11 5
27464 9 8 4
27465 16 15 5
27466 15 15 5
27467 9 9 5
27468 13 13 5
27469 13 13 5
27470 11 10 4
27471 14 13 5
27472 13 12 6
27473 12 11 5
27474 23 22 6
27475 10 10 4
27476 14 13 5
27477 13 13 5
27478 15 14 4
27479 14 13 5
27480 11 11 5
27481 7 6 5
27482 15 14 6
27483 18 18 6
27484 16 15 5
27485 15 14 6
27486 12 12 4
27487 22 21 7
27488 11 10 4
27489 14 13 5
27490 9 8 4
27491 14 13 5
27492 21 20 6
27493 8 8 4
27494 16 15 5
27495 9 8 4
27496 8 7 6
27497 10 10 4
27498 14 13 5
27499 13 13 5
27500 15 14 4
27501 18 17 5
27502 9 9 5
27503 11 10 6
27504 6 6 6
27505 19 19 7
27506 11 11 5
27507 11 10 4
27508 10 9 5
27509 11 10 6
27510 10 10 4
27511 12 11 5
27512 17 16 6
27513 10 10 4
27514 10 9 5
27515 15 15 5
27516 23 23 7
27517 21 20 6
27518 12 11 5
27519 17 16 4
27520 14 13 5
27521 11 11 5
27522 15 14 6
27523 14 14 4
27524 12 11 5
27525 11 10 4
27526 26 25 5
27527 11 10 4
27528 16 15 5
27529 15 15 7
27530 9 8 4
27531 14 13 5
27532 9 9 5
27533 25 24 6
27534 20 19 5
27535 9 9 5
27536 21 20 6
27537 16 16 4
27538 18 17 5
27539 17 16 6
27540 22 22 6
27541 28 28 6
27542 14 14 4
27543 22 21 7
27544 15 14 6
27545 14 14 4
27546 22 21 5
27547 29 29 5
27548 9 8 4
27549 18 17 5
27550 17 16 6
27551 10 10 6
27552 16 16 6
27553 16 16 4
27554 34 33 7
27555 21 21 5
27556 31 30 6
27557 14 14 4
27558 20 19 5
27559 27 27 7
27560 29 28 6
27561 28 27 5
27562 33 32 6
27563 14 13 5
27564 23 22 6
27565 26 26 4
27566 24 23 5
27567 17 17 5
27568 23 22 6
27569 22 22 4
27570 34 33 7
27571 43 42 6
27572 22 21 5
27573 33 32 6
27574 30 30 8
27575 20 20 6
27576 30 30 6
27577 24 24 8
27578 26 26 6
27579 42 41 9
27580 41 41 9
27581 37 37 9
27582 23 22 6
27583 38 38 8
27584 26 25 5
27585 23 23 7
27586 33 32 6
27587 28 27 5
27588 33 33 9
27589 31 30 10
27590 30 30 4
27591 22 21 5
27592 23 23 7
27593 27 27 9
27594 33 33 5
27595 31 30 6
27596 34 33 7
27597 25 24 6
27598 16 16 6
27599 36 36 6
27600 22 22 4
27601 22 21 5
27602 21 21 5
27603 33 32 10
27604 28 27 5
27605 27 27 7
27606 23 22 4
27607 42 41 7
27608 27 26 6
27609 24 24 6
27610 24 24 6
27611 20 19 5
27612 47 47 11
27613 41 40 12
27614 30 30 6
27615 48 48 6
27616 28 27 9
27617 23 22 10
27618 38 38 14
27619 40 40 6
27620 36 35 9
27621 29 28 6
27622 22 22 6
27623 26 26 6
27624 22 21 9
27625 33 32 8
27626 36 35 5
27627 35 35 9
27628 37 37 7
27629 35 34 6
27630 30 30 8
27631 34 34 8
27632 28 27 5
27633 25 25 7
27634 33 32 6
27635 32 32 6
27636 28 27 5
27637 37 37 9
27638 27 26 6
27639 28 27 5
27640 35 35 7
27641 31 30 8
27642 32 32 6
27643 28 27 9
27644 29 28 6
27645 36 35 7
27646 31 31 5
27647 27 27 7
27648 37 37 11
27649 45 44 16
27650 24 24 8
27651 30 29 7
27652 21 21 5
27653 39 39 7
27654 25 24 6
27655 46 46 10
27656 22 21 7
27657 17 16 6
27658 34 34 8
27659 26 25 7
27660 21 20 6
27661 24 24 4
27662 34 33 9
27663 21 20 6
27664 10 10 4
27665 20 19 5
27666 19 18 6
27667 22 22 6
27668 18 18 4
27669 28 27 7
27670 23 23 5
27671 23 23 5
27672 19 18 6
27673 24 24 8
27674 20 20 6
27675 28 28 8
27676 20 20 6
27677 18 18 4
27678 38 37 7
27679 27 27 5
27680 21 20 6
27681 10 10 4
27682 24 23 7
27683 25 24 8
27684 16 16 6
27685 32 31 7
27686 17 17 5
27687 17 16 6
27688 20 20 6
27689 24 23 7
27690 33 32 6
27691 18 18 6
27692 16 16 6
27693 16 16 4
27694 12 11 5
27695 23 22 6
27696 18 18 6
27697 26 26 6
27698 18 18 8
27699 12 12 4
27700 34 33 9
27701 13 13 5
27702 19 18 6
27703 22 21 5
27704 13 12 4
27705 22 21 5
27706 27 27 5
27707 27 26 6
27708 32 31 5
27709 21 20 6
27710 10 10 4
27711 14 13 5
27712 25 24 6
27713 22 21 7
27714 15 14 4
27715 16 15 5
27716 13 13 7
27717 17 16 4
27718 18 17 5
27719 17 16 6
27720 12 11 5
27721 17 16 8
27722 16 16 4
27723 16 15 5
27724 17 16 6
27725 10 10 4
27726 14 13 5
27727 21 21 5
27728 9 9 5
27729 15 14 6
27730 10 9 5
27731 23 22 6
27732 14 13 5
27733 19 19 5
27734 13 13 5
27735 17 16 4
27736 16 15 5
27737 13 12 4
27738 14 13 5
27739 13 12 6
27740 16 16 4
27741 20 19 5
27742 11 10 4
27743 22 21 7
27744 27 26 6
27745 24 24 4
27746 24 23 7
27747 19 18 4
27748 18 17 5
27749 19 18 6
27750 30 30 8
27751 32 31 5
27752 15 14 4
27753 10 9 5
27754 27 27 7
27755 21 21 5
27756 15 14 4
27757 34 33 5
27758 29 29 5
27759 13 12 4
27760 30 29 7
27761 25 24 6
27762 24 23 5
27763 17 16 6
27764 14 14 4
27765 12 11 5
27766 21 20 6
27767 30 29 5
27768 19 19 5
27769 33 32 6
27770 16 16 4
27771 22 21 5
27772 27 26 6
27773 16 16 4
27774 28 27 5
27775 31 31 9
27776 17 16 4
27777 16 15 5
27778 23 22 6
27779 12 11 5
27780 23 22 6
27781 28 28 6
27782 16 15 5
27783 19 19 5
27784 15 15 5
27785 11 10 4
27786 10 9 5
27787 21 21 5
27788 27 26 6
27789 28 28 6
27790 20 20 6
27791 18 18 6
27792 18 17 5
27793 11 10 4
27794 16 15 5
27795 19 18 6
27796 16 15 5
27797 11 11 5
27798 19 18 6
27799 28 27 5
27800 17 17 5
27801 21 21 5
27802 25 24 6
27803 12 12 6
27804 12 12 4
27805 18 17 5
27806 19 18 6
27807 16 16 4
27808 20 19 5
27809 15 14 4
27810 12 11 5
27811 21 20 4
27812 10 9 5
27813 15 14 6
27814 10 9 5
27815 11 10 4
27816 12 11 5
27817 13 12 4
27818 24 23 7
27819 13 12 4
27820 16 15 5
27821 13 12 4
27822 18 17 7
27823 21 20 6
27824 22 22 6
27825 16 16 4
27826 12 11 5
27827 17 17 5
27828 15 14 6
27829 10 10 4
27830 12 11 5
27831 17 16 6
27832 18 17 5
27833 17 16 6
27834 18 17 5
27835 9 9 5
27836 13 13 5
27837 13 12 4
27838 12 11 5
27839 9 9 5
27840 11 10 4
27841 12 11 5
27842 11 11 5
27843 15 14 6
27844 20 20 6
27845 14 13 7
27846 13 13 5
27847 7 6 5
27848 9 9 5
27849 13 12 4
27850 12 11 5
27851 11 11 5
27852 11 10 4
27853 6 5 4
27854 20 19 7
27855 17 16 4
27856 12 11 5
27857 17 16 6
27858 12 11 5
27859 11 10 4
27860 12 11 5
27861 9 9 5
27862 15 15 5
27863 13 12 4
27864 18 17 5
27865 17 17 5
27866 17 16 8
27867 14 14 4
27868 12 11 5
27869 19 18 4
27870 18 17 5
27871 11 11 5
27872 15 14 6
27873 24 24 6
27874 22 21 5
27875 25 25 5
27876 9 8 4
27877 20 19 5
27878 23 22 6
27879 8 8 4
27880 24 23 5
27881 17 16 6
27882 20 20 4
27883 24 23 5
27884 21 20 6
27885 22 22 4
27886 18 17 5
27887 27 27 7
27888 25 25 5
27889 29 29 7
27890 21 20 6
27891 26 26 6
27892 16 16 6
27893 26 26 6
27894 28 28 6
27895 22 21 5
27896 21 21 5
27897 27 27 7
27898 15 15 5
27899 41 40 12
27900 30 30 8
27901 36 35 11
27902 27 26 6
27903 22 21 5
27904 15 14 4
27905 28 27 9
27906 27 27 9
27907 29 28 6
27908 34 33 9
27909 35 34 10
27910 32 32 6
27911 20 20 6
27912 34 34 6
27913 18 18 4
27914 30 29 9
27915 41 41 9
27916 21 21 7
27917 33 32 6
27918 18 17 5
27919 37 36 6
27920 22 22 4
27921 22 21 5
27922 19 19 5
27923 25 24 8
27924 24 23 5
27925 15 15 5
27926 27 26 6
27927 28 28 6
27928 26 26 6
27929 24 24 4
27930 22 21 7
27931 27 26 6
27932 24 24 4
27933 20 19 5
27934 21 21 5
27935 31 30 6
27936 22 21 7
27937 39 38 8
27938 36 36 8
27939 18 17 5
27940 25 24 6
27941 24 24 6
27942 8 8 4
27943 28 27 5
27944 25 25 7
27945 29 28 6
27946 24 24 6
27947 22 22 4
27948 26 25 5
27949 19 18 6
27950 20 20 4
27951 32 31 5
27952 21 21 5
27953 21 21 5
27954 33 33 7
27955 27 26 4
27956 34 33 7
27957 19 19 5
27958 25 25 7
27959 25 24 6
27960 30 30 6
27961 20 19 5
27962 13 13 5
27963 19 18 6
27964 20 20 6
27965 18 17 7
27966 19 19 5
27967 29 29 5
27968 21 20 6
27969 16 16 6
27970 14 14 4
27971 24 23 5
27972 19 19 5
27973 13 12 4
27974 32 31 5
27975 15 15 5
27976 17 16 6
27977 18 17 5
27978 17 17 5
27979 29 29 5
27980 25 25 7
27981 17 17 5
27982 13 13 5
27983 21 20 6
27984 6 5 4
27985 14 13 5
27986 23 23 5
27987 19 19 5
27988 19 18 6
27989 12 11 5
27990 21 20 6
27991 14 14 4
27992 18 17 5
27993 15 14 4
27994 18 17 5
27995 19 19 5
27996 17 17 5
27997 13 13 5
27998 11 10 4
27999 14 13 5
28000 13 12 6
28001 16 16 4
28002 14 13 7
28003 21 20 6
28004 14 14 6
28005 18 18 4
28006 10 9 5
28007 23 22 6
28008 16 16 6
28009 14 13 7
28010 15 14 6
28011 14 14 6
28012 18 17 5
28013 11 10 4
28014 12 11 5
28015 17 16 6
28016 12 12 4
28017 12 11 5
28018 15 15 7
28019 13 13 5
28020 21 20 6
28021 8 8 4
28022 8 7 6
28023 14 14 6
28024 14 14 6
28025 24 23 7
28026 9 8 4
28027 14 13 5
28028 21 20 6
28029 14 14 6
28030 14 13 5
28031 9 9 5
28032 11 11 5
28033 21 20 8
28034 16 16 6
28035 18 18 4
28036 12 11 5
28037 13 12 4
28038 16 15 5
28039 11 11 5
28040 13 13 5
28041 11 11 5
28042 15 15 5
28043 17 16 6
28044 12 11 5
28045 9 8 4
28046 24 23 7
28047 21 20 4
28048 20 19 5
28049 15 14 6
28050 12 11 5
28051 9 8 4
28052 14 13 5
28053 19 18 6
28054 12 12 6
28055 10 10 4
28056 14 13 5
28057 13 12 4
28058 14 13 5
28059 17 16 6
28060 26 26 6
28061 12 12 4
28062 22 21 7
28063 23 22 4
28064 22 21 5
28065 9 8 4
28066 18 17 5
28067 13 12 6
28068 20 19 5
28069 21 21 5
28070 21 20 4
28071 12 11 5
28072 21 20 6
28073 14 14 6
28074 28 28 6
28075 26 26 6
28076 16 15 5
28077 15 15 5
28078 9 8 4
28079 14 13 5
28080 21 21 7
28081 21 21 5
28082 11 10 6
28083 18 18 4
28084 18 17 5
28085 13 12 4
28086 14 13 5
28087 17 16 6
28088 20 19 7
28089 19 18 4
28090 18 17 5
28091 19 18 6
28092 16 16 4
28093 20 19 5
28094 23 23 7
28095 19 18 4
28096 14 13 5
28097 21 20 4
28098 24 23 5
28099 17 17 5
28100 23 22 6
28101 12 12 4
28102 12 11 5
28103 17 17 7
28104 17 16 4
28105 20 19 5
28106 17 16 6
28107 16 15 5
28108 19 18 4
28109 14 13 5
28110 17 17 5
28111 29 28 8
28112 14 14 4
28113 14 13 5
28114 23 23 5
28115 25 24 6
28116 12 11 5
28117 19 18 6
28118 14 14 4
28119 16 15 7
28120 17 16 4
28121 6 5 4
28122 14 13 5
28123 13 12 4
28124 18 17 5
28125 21 21 5
28126 21 21 5
28127 17 17 5
28128 13 13 7
28129 13 12 4
28130 10 9 5
28131 23 22 6
28132 12 11 5
28133 13 12 6
28134 24 24 6
28135 6 6 6
28136 15 14 4
28137 22 21 7
28138 15 14 6
28139 12 11 5
28140 19 18 6
28141 16 16 4
28142 14 13 5
28143 21 20 6
28144 8 8 4
28145 16 15 5
28146 11 11 5
28147 15 14 4
28148 16 15 5
28149 11 10 6
28150 8 8 4
28151 18 17 5
28152 7 6 5
28153 11 11 5
28154 21 20 4
28155 12 11 5
28156 15 15 5
28157 17 17 9
28158 13 12 4
28159 14 13 5
28160 25 24 6
28161 16 15 5
28162 15 15 5
28163 5 5 5
28164 10 9 5
28165 15 14 4
28166 20 19 7
28167 13 12 4
28168 8 7 6
28169 16 16 6
28170 14 14 4
28171 30 29 5
28172 19 19 5
28173 19 18 6
28174 18 18 6
28175 16 16 4
28176 18 17 7
28177 13 12 4
28178 14 13 5
28179 7 6 5
28180 13 12 4
28181 22 21 7
28182 11 10 4
28183 14 13 5
28184 19 18 4
28185 6 5 4
28186 8 7 6
28187 10 10 4
28188 12 11 5
28189 13 12 6
28190 8 8 4
28191 14 13 5
28192 11 11 5
28193 7 7 7
28194 8 8 4
28195 6 5 4
28196 12 11 5
28197 21 20 8
28198 14 13 5
28199 23 22 6
28200 12 11 5
28201 13 12 6
28202 14 13 7
28203 17 16 6
28204 8 8 4
28205 10 9 5
28206 13 12 6
28207 10 10 6
28208 14 14 6
28209 14 14 6
28210 10 10 4
28211 10 9 5
28212 15 15 7
28213 19 18 6
28214 14 13 5
28215 19 19 5
28216 5 5 5
28217 12 11 5
28218 9 9 5
28219 7 6 5
28220 13 12 6
28221 10 10 4
28222 10 9 5
28223 13 13 7
28224 13 13 5
28225 13 13 5
28226 19 19 5
28227 7 6 5
28228 27 26 6
28229 14 14 4
28230 14 13 5
28231 15 14 6
28232 8 8 4
28233 14 13 5
28234 21 21 5
28235 23 22 4
28236 26 25 7
28237 19 18 6
28238 14 14 6
28239 12 12 6
28240 10 9 5
28241 13 12 6
28242 10 10 4
28243 14 13 5
28244 13 12 4
28245 14 13 5
28246 13 13 5
28247 13 13 7
28248 11 10 6
28249 14 14 6
28250 10 9 5
28251 21 20 6
28252 8 8 4
28253 14 13 7
28254 11 10 4
28255 10 9 5
28256 9 8 4
28257 10 9 5
28258 9 8 7
28259 11 10 4
28260 12 11 5
28261 9 9 5
28262 7 6 5
28263 11 11 5
28264 13 13 5
28265 11 10 6
28266 18 18 6
28267 10 10 6
28268 8 8 4
28269 10 9 5
28270 11 10 4
28271 12 11 5
28272 11 11 5
28273 11 11 5
28274 17 17 5
28275 9 9 5
28276 17 17 5
28277 15 14 4
28278 6 5 4
28279 10 9 5
28280 13 13 5
28281 15 14 6
28282 22 21 5
28283 15 14 4
28284 16 15 5
28285 17 16 6
28286 6 6 6
28287 17 16 4
28288 6 5 4
28289 16 15 5
28290 11 11 5
28291 9 9 5
28292 11 10 6
28293 8 7 6
28294 8 8 4
28295 10 9 5
28296 11 11 5
28297 11 11 7
28298 17 16 6
28299 6 6 6
28300 15 15 7
28301 15 14 4
28302 12 11 5
28303 11 11 5
28304 11 10 4
28305 6 5 4
28306 16 15 7
28307 15 14 6
28308 14 14 4
28309 24 23 9
28310 13 13 5
28311 13 12 6
28312 20 19 5
28313 11 10 4
28314 14 13 5
28315 9 8 7
28316 9 8 4
28317 18 17 7
28318 5 5 5
28319 20 19 5
28320 13 12 4
28321 12 11 5
28322 5 5 5
28323 22 21 5
28324 13 13 5
28325 15 15 5
28326 13 13 5
28327 13 12 4
28328 20 19 7
28329 15 14 6
28330 12 11 5
28331 13 13 7
28332 9 8 4
28333 26 25 5
28334 27 27 7
28335 15 15 5
28336 13 13 5
28337 19 19 7
28338 25 25 5
28339 19 18 6
28340 16 16 4
28341 20 19 5
28342 19 19 5
28343 19 18 8
28344 10 10 4
28345 16 15 5
28346 13 12 6
28347 6 6 6
28348 13 12 6
28349 14 14 4
28350 16 15 5
28351 17 17 5
28352 27 26 6
28353 22 22 6
28354 28 28 6
28355 34 33 5
28356 19 19 5
28357 31 31 5
28358 29 28 6
28359 40 40 10
28360 24 24 4
28361 30 29 7
28362 39 39 9
28363 33 32 4
28364 36 35 7
28365 49 49 11
28366 39 38 8
28367 28 28 6
28368 28 28 4
28369 28 27 5
28370 41 40 10
28371 22 22 6
28372 28 28 8
28373 38 38 6
28374 24 24 6
28375 40 39 7
28376 25 24 6
28377 28 28 8
28378 24 24 6
28379 30 30 6
28380 20 20 6
28381 24 24 4
28382 52 51 7
28383 33 32 6
28384 38 38 8
28385 24 24 6
28386 26 25 7
28387 27 26 4
28388 16 15 5
28389 31 30 8
28390 24 24 6
28391 34 34 10
28392 22 21 5
28393 23 22 4
28394 48 47 11
28395 29 28 6
28396 26 26 6
28397 14 14 6
28398 22 22 6
28399 12 11 5
28400 27 26 8
28401 24 24 10
28402 26 26 6
28403 22 22 6
28404 14 14 4
28405 20 19 7
28406 25 25 5
28407 15 15 5
28408 27 26 6
28409 30 29 7
28410 35 35 7
28411 27 26 4
28412 22 21 7
28413 21 20 6
28414 20 19 5
28415 15 14 4
28416 22 21 5
28417 15 15 5
28418 19 18 6
28419 18 18 6
28420 16 15 5
28421 19 18 4
28422 18 17 5
28423 21 21 5
28424 21 20 6
28425 22 22 6
28426 24 24 6
28427 10 9 5
28428 21 20 6
28429 16 16 6
28430 26 26 6
28431 20 20 4
28432 16 15 7
28433 23 22 6
28434 18 18 6
28435 24 24 10
28436 14 14 4
28437 12 11 5
28438 25 24 6
28439 16 15 5
28440 19 19 5
28441 11 11 5
28442 13 13 5
28443 17 16 4
28444 12 11 5
28445 19 19 5
28446 21 21 5
28447 19 18 6
28448 16 15 5
28449 21 21 5
28450 21 21 5
28451 17 16 4
28452 16 15 5
28453 21 20 6
28454 8 8 4
28455 10 9 5
28456 21 20 8
28457 14 14 4
28458 12 11 5
28459 11 11 7
28460 11 10 4
28461 20 19 5
28462 17 16 4
28463 12 11 5
28464 11 10 4
28465 16 15 5
28466 11 11 5
28467 15 15 5
28468 9 9 5
28469 11 11 5
28470 17 17 5
28471 11 10 4
28472 10 9 5
28473 17 17 7
28474 13 13 5
28475 11 11 5
28476 17 16 8
28477 14 14 6
28478 16 16 4
28479 10 9 5
28480 21 20 6
28481 16 16 4
28482 18 17 7
28483 19 18 6
28484 8 8 4
28485 16 15 5
28486 9 9 5
28487 11 10 6
28488 10 10 4
28489 12 11 7
28490 17 16 4
28491 14 13 5
28492 11 11 5
28493 11 10 6
28494 6 6 6
28495 9 8 4
28496 14 13 5
28497 23 23 5
28498 29 28 6
28499 22 22 6
28500 22 22 6
28501 24 23 5
28502 15 14 8
28503 12 12 4
28504 6 5 4
28505 14 13 5
28506 13 12 4
28507 10 9 5
28508 17 17 5
28509 7 6 5
28510 13 13 5
28511 13 12 6
28512 18 18 4
28513 14 13 5
28514 19 18 6
28515 8 8 4
28516 12 11 5
28517 7 6 5
28518 9 8 4
28519 12 11 5
28520 15 15 7
28521 21 21 5
28522 17 16 4
28523 14 13 5
28524 9 9 5
28525 7 6 5
28526 9 9 5
28527 13 12 6
28528 20 20 4
28529 12 11 5
28530 9 8 4
28531 14 13 5
28532 11 10 6
28533 14 14 6
28534 10 9 5
28535 5 5 5
28536 10 9 5
28537 9 9 5
28538 13 13 5
28539 17 16 6
28540 12 12 6
28541 14 14 6
28542 20 20 6
28543 16 16 6
28544 10 9 5
28545 13 13 5
28546 15 15 7
28547 11 10 4
28548 22 21 5
28549 11 10 4
28550 16 15 5
28551 17 16 4
28552 14 13 5
28553 13 12 4
28554 12 11 5
28555 5 5 5
28556 16 15 5
28557 9 9 5
28558 23 22 6
28559 12 12 4
28560 8 7 6
28561 20 20 4
28562 6 5 4
28563 8 7 6
28564 16 16 4
28565 8 7 6
28566 12 12 8
28567 16 16 4
28568 10 9 5
28569 17 16 6
28570 12 12 4
28571 10 9 5
28572 11 11 5
28573 9 9 5
28574 9 9 5
28575 11 10 6
28576 22 22 6
28577 10 10 6
28578 12 12 4
28579 16 15 5
28580 11 10 4
28581 10 9 5
28582 17 16 8
28583 12 11 5
28584 11 11 5
28585 13 12 6
28586 14 14 6
28587 10 10 4
28588 18 17 5
28589 19 18 8
28590 16 16 6
28591 12 12 6
28592 16 16 6
28593 26 25 7
28594 7 6 5
28595 17 16 6
28596 18 18 6
28597 12 12 6
28598 14 14 6
28599 10 10 6
28600 6 6 6
28601 21 21 7
28602 13 12 6
28603 8 8 4
28604 10 9 5
28605 19 18 4
28606 16 15 5
28607 9 9 5
28608 15 15 5
28609 17 16 6
28610 14 14 6
28611 10 9 5
28612 13 12 4
28613 22 21 5
28614 13 12 4
28615 24 23 5
28616 17 16 4
28617 10 9 5
28618 11 11 5
28619 11 11 5
28620 11 11 5
28621 17 16 6
28622 14 13 5
28623 11 11 5
28624 19 19 7
28625 11 11 7
28626 11 10 4
28627 12 11 5
28628 13 12 4
28629 6 5 4
28630 12 11 5
28631 15 15 5
28632 11 11 5
28633 13 12 4
28634 20 19 9
28635 21 20 4
28636 20 19 5
28637 21 20 4
28638 18 17 5
28639 13 12 4
28640 16 15 5
28641 11 10 6
28642 24 24 6
28643 14 14 6
28644 8 8 4
28645 10 9 5
28646 25 24 6
28647 12 11 5
28648 15 14 6
28649 14 13 5
28650 19 18 6
28651 22 21 5
28652 25 24 6
28653 8 8 4
28654 16 15 5
28655 15 14 8
28656 12 12 4
28657 12 11 5
28658 13 12 4
28659 8 7 6
28660 10 10 6
28661 18 18 6
28662 14 14 6
28663 12 12 4
28664 12 11 5
28665 9 9 5
28666 11 11 5
28667 13 12 6
28668 18 17 5
28669 9 9 5
28670 17 17 7
28671 19 18 6
28672 12 12 4
28673 16 15 7
28674 9 8 4
28675 12 11 5
28676 15 14 6
28677 12 12 6
28678 6 6 6
28679 13 12 6
28680 14 13 7
28681 11 10 4
28682 16 15 5
28683 19 19 7
28684 17 16 6
28685 14 14 6
28686 10 9 5
28687 13 12 4
28688 18 17 7
28689 5 5 5
28690 14 13 5
28691 13 12 6
28692 12 12 6
28693 12 12 6
28694 16 16 6
28695 10 9 5
28696 15 14 4
28697 12 11 5
28698 21 21 5
28699 9 8 4
28700 12 11 7
28701 17 16 4
28702 24 23 5
28703 17 17 5
28704 11 11 5
28705 19 18 6
28706 6 6 6
28707 17 16 6
28708 26 26 6
28709 16 16 6
28710 18 18 6
28711 10 10 4
28712 14 13 5
28713 15 14 4
28714 14 13 5
28715 17 16 6
28716 14 13 5
28717 11 10 4
28718 10 9 5
28719 19 18 6
28720 12 12 6
28721 16 16 6
28722 6 6 6
28723 17 16 6
28724 18 18 4
28725 20 19 5
28726 15 14 4
28727 14 13 5
28728 23 22 6
28729 18 18 4
28730 22 21 5
28731 35 34 8
28732 14 14 4
28733 18 17 5
28734 21 21 5
28735 21 21 5
28736 21 20 6
28737 22 22 6
28738 20 20 4
28739 24 23 5
28740 25 24 6
28741 12 12 4
28742 26 25 5
28743 13 13 5
28744 31 30 6
28745 18 18 6
28746 26 26 4
28747 20 19 5
28748 17 16 4
28749 18 17 5
28750 17 17 5
28751 27 26 8
28752 20 20 4
28753 30 29 5
28754 21 21 5
28755 15 15 5
28756 17 16 6
28757 24 24 6
28758 24 23 5
28759 21 20 6
28760 20 20 6
28761 22 21 5
28762 15 14 4
28763 24 23 5
28764 21 21 5
28765 23 23 5
28766 23 22 6
28767 18 18 6
28768 26 26 6
28769 28 28 6
28770 34 33 7
28771 25 24 4
28772 26 25 5
28773 19 18 6
28774 20 20 4
28775 20 19 5
28776 31 30 6
28777 24 24 6
28778 12 12 4
28779 14 13 5
28780 33 32 8
28781 22 21 5
28782 19 18 6
28783 32 31 7
28784 27 27 11
28785 35 35 11
28786 23 22 6
28787 30 30 8
28788 32 32 12
28789 20 20 6
28790 14 14 4
28791 26 25 5
28792 21 21 7
28793 31 30 8
28794 14 14 4
28795 18 17 5
28796 39 38 10
28797 14 14 6
28798 32 32 10
28799 30 30 10
28800 24 24 8
28801 30 29 11
28802 21 20 4
28803 16 15 7
28804 19 19 7
28805 13 12 4
28806 12 11 5
28807 15 14 4
28808 16 15 5
28809 17 16 8
28810 12 11 5
28811 13 12 4
28812 20 19 7
28813 21 20 10
28814 10 10 4
28815 12 11 5
28816 11 10 6
28817 14 14 6
28818 12 12 4
28819 16 15 7
28820 19 18 4
28821 18 17 5
28822 5 5 5
28823 12 11 5
28824 13 13 5
28825 11 11 5
28826 13 12 6
28827 16 16 6
28828 6 5 4
28829 24 23 7
28830 7 6 5
28831 5 5 5
28832 14 13 5
28833 13 13 5
28834 11 11 5
28835 11 10 6
28836 20 20 6
28837 12 11 5
28838 15 15 5
28839 13 13 5
28840 17 16 4
28841 20 19 7
28842 11 10 4
28843 12 11 5
28844 11 11 7
28845 9 8 4
28846 12 11 5
28847 13 12 8
28848 12 12 6
28849 14 14 6
28850 26 26 6
28851 12 12 4
28852 14 13 7
28853 11 10 4
28854 14 13 7
28855 9 9 5
28856 9 8 4
28857 10 9 5
28858 11 11 5
28859 15 15 5
28860 5 5 5
28861 16 15 5
28862 15 15 5
28863 9 8 4
28864 14 13 7
28865 7 6 5
28866 5 5 5
28867 16 15 7
28868 9 8 4
28869 10 9 5
28870 7 7 7
28871 12 12 6
28872 6 6 6
28873 13 13 5
28874 13 12 6
28875 14 14 6
28876 16 16 8
28877 10 9 5
28878 11 10 4
28879 16 15 5
28880 5 5 5
28881 12 11 5
28882 9 8 4
28883 10 9 5
28884 15 15 7
28885 11 10 4
28886 14 13 7
28887 5 5 5
28888 12 11 5
28889 9 8 4
28890 14 13 5
28891 15 15 7
28892 11 10 6
28893 8 8 4
28894 12 11 5
28895 21 20 6
28896 8 8 4
28897 10 9 5
28898 17 17 5
28899 13 12 4
28900 16 15 5
28901 11 11 7
28902 9 8 4
28903 10 9 5
28904 11 11 5
28905 13 12 6
28906 12 12 6
28907 12 12 6
28908 6 6 6
28909 13 12 6
28910 12 11 5
28911 15 14 6
28912 10 9 5
28913 11 11 5
28914 13 13 5
28915 11 11 5
28916 15 15 7
28917 9 8 4
28918 20 19 5
28919 11 10 6
28920 8 8 4
28921 16 15 5
28922 9 8 4
28923 12 11 7
28924 9 8 4
28925 8 7 6
28926 10 10 4
28927 16 15 5
28928 17 16 6
28929 12 12 6
28930 16 15 5
28931 11 11 5
28932 15 14 6
28933 12 12 6
28934 12 12 4
28935 6 5 4
28936 10 9 5
28937 11 10 4
28938 16 15 5
28939 17 16 6
28940 12 11 5
28941 9 9 5
28942 7 6 5
28943 15 15 7
28944 15 14 6
28945 14 13 7
28946 11 11 5
28947 11 10 4
28948 6 5 4
28949 16 15 7
28950 23 22 4
28951 18 17 5
28952 23 22 6
28953 14 14 6
28954 10 10 6
28955 10 10 4
28956 12 11 5
28957 19 18 4
28958 10 9 5
28959 17 16 6
28960 6 6 6
28961 9 8 4
28962 22 21 7
28963 15 14 6
28964 14 14 6
28965 10 10 4
28966 10 9 5
28967 13 13 5
28968 13 12 4
28969 18 17 7
28970 13 13 5
28971 7 6 5
28972 11 10 6
28973 10 10 6
28974 16 15 5
28975 21 21 5
28976 7 6 5
28977 13 12 4
28978 20 19 5
28979 23 23 7
28980 9 9 5
28981 11 10 4
28982 16 15 7
28983 17 16 6
28984 22 21 5
28985 13 13 5
28986 15 14 4
28987 16 15 5
28988 5 5 5
28989 8 7 6
28990 8 8 8
28991 13 12 4
28992 12 11 5
28993 9 8 4
28994 20 19 7
28995 13 12 4
28996 28 27 9
28997 21 21 5
28998 19 18 8
28999 24 24 6
29000 22 21 9
29001 13 12 4
29002 16 15 5
29003 17 17 5
29004 29 28 6
29005 18 17 5
29006 25 25 9
29007 31 30 10
29008 28 28 8
29009 36 36 6
29010 34 33 7
29011 31 30 6
29012 30 29 7
29013 25 25 9
29014 43 42 12
29015 20 19 5
29016 51 51 7
29017 27 27 5
29018 23 23 5
29019 47 47 9
29020 23 22 6
29021 30 29 5
29022 45 45 7
29023 27 26 4
29024 24 23 5
29025 39 39 11
29026 37 36 10
29027 30 30 10
29028 42 42 16
29029 18 17 7
29030 35 34 8
29031 22 22 6
29032 32 32 10
29033 30 29 5
29034 29 29 9
29035 21 20 4
29036 26 25 5
29037 29 28 6
29038 20 20 4
29039 24 23 7
29040 21 21 5
29041 15 15 5
29042 37 37 5
29043 27 27 7
29044 41 40 8
29045 24 24 6
29046 22 22 8
29047 24 24 6
29048 24 23 5
29049 23 23 5
29050 17 17 5
29051 17 16 6
29052 26 25 7
29053 21 20 6
29054 34 34 10
29055 26 26 6
29056 30 30 8
29057 30 30 8
29058 16 15 5
29059 19 19 5
29060 35 34 10
29061 30 30 8
29062 26 25 5
29063 47 47 11
29064 31 30 8
29065 34 33 9
29066 25 24 8
29067 26 26 6
29068 32 31 5
29069 37 37 7
29070 21 20 8
29071 28 28 8
29072 34 34 6
29073 46 45 7
29074 25 24 6
29075 36 35 11
29076 55 54 10
29077 28 28 6
29078 34 33 11
29079 31 31 7
29080 41 40 8
29081 26 25 5
29082 41 41 7
29083 29 28 6
29084 28 28 6
29085 28 27 7
29086 27 26 4
29087 38 37 9
29088 25 24 6
29089 34 33 7
29090 21 20 6
29091 30 30 6
29092 20 19 5
29093 27 27 7
29094 51 50 8
29095 28 28 6
29096 32 31 7
29097 29 28 8
29098 32 32 6
29099 36 36 10
29100 22 22 6
29101 34 33 5
29102 21 21 5
29103 29 29 9
29104 29 28 8
29105 36 35 7
29106 23 22 6
29107 22 22 4
29108 18 17 5
29109 17 16 4
29110 26 25 5
29111 27 27 7
29112 17 16 6
29113 20 19 5
29114 27 27 7
29115 13 12 6
29116 20 19 5
29117 19 18 8
29118 14 14 4
29119 10 9 5
29120 17 16 6
29121 22 22 6
29122 12 12 4
29123 14 13 5
29124 7 6 5
29125 15 15 5
29126 13 12 6
29127 12 11 5
29128 17 17 5
29129 11 11 5
29130 11 11 5
29131 15 15 7
29132 13 12 4
29133 22 21 5
29134 13 12 4
29135 18 17 5
29136 15 14 4
29137 10 9 5
29138 17 17 7
29139 11 10 4
29140 14 13 5
29141 13 13 5
29142 19 19 5
29143 13 12 4
29144 20 19 5
29145 21 21 5
29146 23 22 6
29147 8 8 4
29148 20 19 5
29149 19 18 4
29150 22 21 5
29151 17 17 5
29152 33 32 6
29153 14 13 5
29154 25 25 5
29155 15 15 5
29156 9 8 4
29157 22 21 7
29158 19 18 6
29159 6 6 6
29160 13 12 6
29161 20 20 6
29162 24 23 7
29163 29 28 6
29164 20 20 8
29165 26 25 5
29166 29 28 6
29167 22 21 5
29168 17 16 4
29169 20 19 5
29170 15 15 5
29171 23 22 4
29172 10 9 5
29173 15 14 4
29174 14 13 5
29175 13 12 6
29176 18 17 5
29177 15 15 5
29178 15 15 5
29179 15 14 6
29180 16 16 6
29181 14 13 5
29182 11 11 5
29183 13 12 6
29184 18 18 6
29185 12 12 6
29186 18 17 7
29187 13 12 6
29188 14 14 6
29189 24 23 7
29190 11 10 4
29191 14 13 5
29192 17 16 8
29193 14 14 6
29194 12 12 6
29195 8 8 4
29196 8 7 6
29197 12 12 4
29198 14 13 5
29199 13 13 5
29200 13 12 6
29201 8 8 4
29202 14 13 7
29203 9 9 5
29204 11 11 5
29205 11 11 5
29206 11 10 4
29207 16 15 7
29208 23 23 5
29209 21 20 8
29210 14 14 4
29211 24 23 5
29212 13 13 5
29213 15 15 5
29214 19 18 4
29215 12 11 5
29216 7 6 5
29217 15 14 4
29218 22 21 5
29219 19 18 6
29220 10 10 6
29221 22 22 6
29222 30 30 6
29223 12 12 4
29224 24 23 5
29225 29 28 8
29226 10 10 4
29227 24 23 5
29228 13 12 4
29229 24 23 5
29230 21 21 5
29231 25 24 6
29232 12 11 5
29233 21 21 7
29234 21 20 4
29235 16 15 5
29236 21 20 4
29237 30 29 7
29238 49 48 6
29239 26 26 4
29240 28 27 5
29241 21 21 7
29242 33 32 6
29243 16 15 5
29244 27 26 6
29245 22 22 6
29246 26 26 6
29247 26 26 4
29248 16 15 5
29249 33 32 6
29250 18 18 4
29251 36 35 5
29252 25 25 5
29253 29 29 7
29254 35 35 7
29255 35 34 6
29256 34 33 7
29257 31 30 6
29258 32 32 6
29259 24 24 6
29260 28 28 6
29261 24 23 7
29262 23 22 6
29263 26 25 9
29264 25 24 6
29265 26 26 8
29266 30 29 7
29267 29 28 6
29268 22 22 6
29269 22 22 4
29270 16 15 5
29271 21 20 4
29272 28 27 5
29273 21 21 7
29274 29 28 6
29275 32 32 6
29276 20 19 5
29277 17 16 6
29278 16 16 4
29279 34 33 7
29280 25 24 6
29281 22 21 5
29282 23 23 7
29283 19 18 4
29284 16 15 5
29285 23 23 5
29286 17 16 4
29287 20 19 5
29288 29 29 7
29289 29 28 4
29290 16 15 5
29291 21 20 6
29292 10 10 4
29293 18 17 5
29294 17 16 4
29295 32 31 7
29296 33 33 7
29297 13 12 4
29298 18 17 5
29299 19 18 6
29300 30 29 5
29301 37 37 7
29302 31 31 7
29303 29 28 8
29304 32 31 7
29305 17 17 5
29306 23 22 4
29307 22 21 7
29308 13 13 5
29309 27 27 5
29310 17 17 5
29311 23 23 7
29312 21 20 4
29313 22 21 5
29314 11 11 5
29315 13 12 4
29316 22 21 7
29317 15 14 4
29318 16 15 7
29319 15 14 6
29320 22 22 8
29321 14 14 4
29322 16 15 5
29323 17 17 5
29324 15 14 6
29325 20 20 4
29326 14 13 5
29327 23 22 4
29328 18 17 7
29329 13 12 6
29330 12 12 4
29331 6 5 4
29332 14 13 5
29333 11 10 4
29334 12 11 5
29335 15 14 6
29336 14 13 5
29337 25 24 6
29338 20 20 6
29339 12 12 4
29340 6 5 4
29341 18 17 7
29342 9 8 4
29343 22 21 9
29344 11 10 4
29345 18 17 5
29346 17 17 5
29347 9 9 5
29348 15 14 6
29349 16 15 5
29350 13 13 5
29351 9 8 4
29352 16 15 5
29353 15 15 5
29354 17 16 6
29355 12 12 4
29356 16 15 5
29357 19 18 6
29358 10 10 4
29359 22 21 9
29360 19 18 4
29361 12 11 5
29362 17 16 4
29363 14 13 7
29364 13 12 4
29365 16 15 7
29366 19 18 6
29367 12 12 4
29368 22 21 9
29369 17 16 4
29370 22 21 5
29371 13 12 4
29372 8 7 6
29373 12 12 6
29374 12 12 6
29375 10 10 6
29376 22 21 5
29377 11 11 5
29378 15 15 5
29379 11 10 6
29380 20 20 6
29381 10 9 5
29382 5 5 5
29383 22 21 5
29384 19 18 6
29385 12 12 6
29386 10 10 4
29387 12 11 5
29388 13 12 4
29389 12 11 5
29390 15 14 6
29391 14 14 6
29392 10 10 4
29393 18 17 7
29394 15 14 4
29395 12 11 5
29396 13 13 7
29397 9 8 4
29398 14 13 5
29399 11 11 5
29400 9 9 5
29401 9 8 4
29402 18 17 5
29403 19 18 6
29404 10 10 6
29405 16 16 6
29406 12 12 4
29407 20 19 5
29408 11 11 5
29409 13 13 5
29410 9 8 4
29411 16 15 5
29412 13 13 7
29413 27 27 7
29414 19 18 4
29415 16 15 5
29416 17 16 6
29417 16 16 6
29418 12 12 6
29419 14 14 4
29420 22 21 7
29421 11 11 5
29422 15 15 5
29423 17 17 5
29424 15 14 4
29425 24 23 7
29426 17 16 6
29427 6 6 6
29428 15 14 6
29429 20 20 6
29430 22 21 5
29431 19 18 6
29432 24 24 6
29433 16 16 4
29434 30 29 5
29435 21 21 5
29436 9 9 5
29437 23 22 6
29438 22 21 5
29439 15 14 6
29440 26 26 6
29441 24 24 6
29442 24 24 4
29443 18 17 5
29444 23 23 7
29445 29 28 6
29446 12 12 4
29447 18 17 5
29448 25 24 6
29449 22 21 5
29450 23 23 7
29451 23 22 6
29452 32 31 5
29453 25 24 6
29454 36 36 6
29455 24 23 5
29456 21 21 5
29457 31 31 9
29458 19 18 6
29459 20 19 5
29460 23 22 6
29461 32 32 6
29462 28 28 4
29463 30 29 7
29464 25 24 6
29465 30 30 8
29466 28 28 6
29467 30 30 6
29468 24 24 8
29469 28 28 4
29470 22 21 5
29471 31 31 7
29472 23 22 6
29473 20 19 5
29474 23 22 8
29475 24 24 6
29476 36 36 6
29477 24 23 7
29478 21 21 5
29479 31 31 7
29480 41 40 8
29481 26 25 9
29482 25 24 6
29483 36 36 6
29484 28 27 5
29485 33 32 6
29486 24 24 8
29487 28 28 6
29488 22 21 7
29489 25 24 8
29490 26 26 8
29491 30 30 10
29492 20 20 6
29493 16 15 5
29494 13 13 5
29495 21 20 6
29496 18 18 6
29497 16 16 4
29498 22 21 5
29499 33 33 5
29500 13 13 5
29501 15 14 6
29502 30 29 5
29503 29 29 7
29504 19 18 6
29505 22 21 5
29506 19 19 5
29507 17 17 5
29508 11 11 5
29509 33 32 6
29510 22 22 6
29511 18 18 8
29512 10 10 4
29513 20 19 5
29514 19 18 6
29515 12 12 4
29516 16 15 7
29517 13 12 4
29518 18 17 5
29519 15 14 4
29520 16 15 5
29521 15 14 6
29522 18 17 5
29523 13 12 6
29524 16 16 6
29525 20 20 4
29526 10 9 5
29527 17 16 6
29528 14 14 6
29529 14 13 5
29530 17 16 6
29531 14 14 4
29532 14 13 5
29533 7 6 5
29534 23 22 4
29535 16 15 5
29536 15 15 5
29537 13 13 5
29538 13 12 4
29539 16 15 7
29540 11 10 4
29541 10 9 5
29542 15 15 5
29543 13 13 5
29544 13 13 5
29545 17 17 7
29546 17 16 4
29547 18 17 5
29548 15 15 5
29549 11 10 6
29550 12 12 6
29551 12 12 4
29552 16 15 5
29553 13 13 5
29554 11 10 4
29555 22 21 7
29556 7 6 5
29557 11 10 4
29558 14 13 5
29559 15 14 4
29560 14 13 5
29561 19 19 5
29562 13 13 5
29563 7 6 5
29564 9 9 5
29565 21 20 6
29566 8 8 4
29567 10 9 5
29568 5 5 5
29569 18 17 5
29570 13 13 7
29571 17 16 6
29572 16 16 4
29573 22 21 5
29574 17 17 5
29575 13 12 6
29576 12 12 4
29577 18 17 5
29578 13 12 4
29579 12 11 5
29580 9 9 5
29581 17 17 5
29582 17 17 5
29583 11 10 4
29584 10 9 5
29585 9 8 4
29586 8 7 6
29587 8 8 4
29588 12 11 5
29589 9 8 4
29590 22 21 5
29591 9 9 5
29592 13 13 5
29593 9 8 4
29594 14 13 5
29595 7 6 5
29596 9 9 5
29597 15 14 6
29598 16 16 6
29599 16 16 4
29600 10 9 5
29601 11 11 5
29602 13 13 5
29603 11 11 5
29604 9 8 4
29605 12 11 7
29606 11 10 6
29607 14 13 5
29608 7 6 5
29609 15 14 6
29610 10 10 4
29611 10 9 5
29612 7 6 5
29613 7 6 5
29614 11 10 6
29615 12 11 5
29616 7 6 5
29617 15 14 6
29618 12 12 6
29619 16 16 6
29620 14 14 6
29621 20 20 6
29622 10 10 4
29623 14 13 5
29624 11 10 4
29625 8 7 6
29626 12 12 6
29627 14 14 4
29628 12 11 5
29629 15 14 6
29630 12 11 5
29631 19 19 5
29632 17 17 5
29633 11 10 4
29634 12 11 5
29635 17 16 4
29636 14 13 5
29637 21 21 5
29638 15 14 6
29639 16 15 5
29640 9 8 4
29641 10 9 5
29642 19 18 4
29643 14 13 5
29644 13 12 6
29645 10 10 4
29646 12 11 5
29647 15 15 5
29648 17 17 5
29649 11 10 4
29650 12 11 5
29651 15 15 5
29652 23 23 5
29653 25 25 5
29654 11 11 5
29655 17 16 6
29656 12 11 5
29657 17 16 4
29658 18 17 5
29659 13 12 6
29660 10 10 6
29661 18 18 6
29662 14 14 6
29663 14 14 4
29664 14 13 5
29665 9 9 5
29666 11 11 5
29667 19 18 6
29668 20 19 5
29669 9 8 4
29670 10 9 5
29671 13 12 4
29672 14 13 5
29673 17 17 5
29674 13 12 4
29675 12 11 5
29676 13 12 4
29677 12 11 5
29678 15 14 4
29679 24 23 7
29680 19 19 5
29681 25 24 6
29682 24 24 8
29683 12 12 4
29684 18 17 5
29685 25 24 6
29686 22 22 4
29687 26 25 7
29688 23 23 5
29689 21 21 5
29690 19 19 5
29691 23 23 5
29692 35 35 11
29693 13 12 6
29694 18 18 4
29695 28 27 7
29696 33 32 8
29697 18 17 5
29698 21 21 5
29699 31 31 7
29700 31 30 8
29701 24 23 7
29702 17 17 5
29703 39 38 10
29704 26 25 5
29705 19 18 6
29706 20 20 4
29707 24 23 5
29708 23 22 6
29709 30 30 6
29710 32 32 8
29711 26 25 5
29712 39 39 7
29713 51 50 12
29714 34 33 5
29715 37 36 6
29716 26 25 7
29717 33 32 8
29718 28 28 4
29719 36 35 11
29720 45 44 8
29721 28 28 6
29722 28 28 8
29723 30 30 6
29724 32 31 7
29725 57 56 16
29726 48 48 10
29727 34 33 13
29728 27 26 4
29729 42 41 13
29730 29 29 5
29731 31 30 6
29732 36 36 6
29733 34 33 11
29734 47 47 9
29735 23 22 6
29736 24 24 6
29737 34 34 6
29738 32 32 8
29739 28 27 7
29740 33 32 6
29741 30 29 11
29742 21 21 5
29743 49 48 14
29744 24 24 4
29745 26 25 5
29746 43 43 11
29747 27 26 8
29748 26 25 7
29749 41 41 11
29750 27 26 6
29751 50 50 16
29752 16 16 4
29753 50 49 9
29754 35 35 9
29755 39 39 13
29756 31 31 7
29757 37 37 13
29758 37 36 6
29759 26 25 7
29760 35 34 8
29761 16 16 4
29762 30 29 7
29763 17 16 4
29764 30 29 5
29765 35 35 11
29766 35 34 8
29767 42 42 10
29768 20 19 5
29769 31 30 8
29770 30 29 7
29771 39 39 11
29772 27 26 8
29773 28 27 7
29774 41 40 12
29775 22 21 7
29776 29 28 6
29777 36 36 12
29778 40 40 12
29779 32 32 8
29780 36 36 10
29781 22 22 8
29782 30 30 8
29783 24 23 7
29784 31 30 10
29785 28 28 6
29786 28 28 8
29787 24 24 6
29788 18 17 5
29789 23 23 7
29790 25 25 5
29791 27 27 7
29792 27 26 6
29793 24 23 7
29794 27 27 5
29795 25 24 6
29796 22 22 6
29797 36 36 8
29798 20 19 7
29799 23 22 6
29800 12 12 4
29801 24 23 5
29802 27 27 5
29803 17 17 5
29804 17 16 4
29805 12 11 5
29806 35 34 6
29807 16 16 6
29808 16 15 5
29809 29 29 5
29810 27 27 7
29811 25 24 6
29812 16 16 4
29813 36 35 7
29814 13 12 4
29815 16 15 5
29816 25 24 6
29817 24 24 4
29818 16 15 5
29819 15 15 5
29820 9 9 5
29821 15 15 5
29822 31 30 6
29823 16 16 6
29824 24 24 6
29825 22 21 5
29826 17 16 6
29827 10 10 6
29828 18 18 4
29829 18 17 5
29830 21 20 6
29831 18 18 4
29832 10 9 5
29833 19 18 6
29834 20 19 5
29835 13 12 4
29836 18 17 5
29837 21 21 5
29838 11 10 6
29839 16 16 6
29840 6 6 6
29841 23 22 6
29842 10 10 6
29843 22 22 8
29844 22 22 4
29845 28 27 7
29846 17 16 4
29847 18 17 5
29848 21 20 6
29849 8 8 4
29850 16 15 5
29851 17 16 8
29852 8 8 4
29853 18 17 5
29854 29 28 6
29855 12 12 4
29856 16 15 7
29857 13 12 6
29858 12 11 5
29859 13 12 4
29860 20 19 7
29861 11 10 4
29862 20 19 5
29863 21 21 7
29864 21 20 4
29865 22 21 7
29866 7 6 5
29867 9 8 4
29868 14 13 7
29869 21 20 4
29870 16 15 5
29871 17 16 6
29872 22 21 5
29873 11 11 5
29874 15 14 6
29875 14 13 5
29876 13 13 5
29877 15 14 6
29878 18 18 4
29879 14 13 7
29880 17 16 4
29881 12 11 7
29882 23 22 4
29883 14 13 5
29884 13 13 5
29885 17 17 5
29886 17 16 6
29887 12 12 4
29888 14 13 5
29889 11 11 5
29890 15 14 6
29891 16 16 6
29892 12 12 4
29893 12 11 5
29894 11 11 5
29895 5 5 5
29896 10 9 5
29897 19 19 5
29898 21 20 6
29899 18 18 6
29900 12 11 5
29901 21 20 6
29902 16 16 4
29903 10 9 5
29904 15 14 6
29905 6 6 6
29906 5 5 5
29907 6 5 4
29908 10 9 5
29909 13 12 4
29910 20 19 5
29911 11 10 4
29912 6 5 4
29913 10 9 5
29914 11 10 6
29915 6 5 4
29916 8 7 6
29917 10 10 4
29918 14 13 7
29919 13 12 6
29920 10 10 4
29921 14 13 5
29922 17 16 6
29923 14 14 8
29924 18 18 4
29925 14 13 5
29926 15 14 6
29927 12 12 4
29928 12 11 5
29929 13 12 6
29930 12 11 5
29931 9 8 4
29932 12 11 5
29933 15 15 5
29934 21 20 6
29935 14 13 5
29936 15 14 4
29937 14 13 5
29938 13 12 6
29939 12 11 5
29940 11 10 6
29941 10 10 4
29942 16 15 5
29943 11 10 6
29944 8 7 6
29945 16 16 4
29946 14 13 5
29947 13 12 6
29948 10 10 4
29949 18 17 5
29950 21 20 4
29951 12 11 5
29952 11 10 4
29953 16 15 7
29954 21 20 8
29955 12 12 6
29956 12 12 4
29957 6 5 4
29958 12 11 5
29959 11 10 4
29960 10 9 5
29961 11 10 4
29962 16 15 5
29963 15 15 5
29964 15 14 4
29965 12 11 5
29966 23 23 5
29967 15 15 5
29968 17 16 6
29969 18 18 6
29970 14 14 4
29971 16 15 5
29972 19 18 6
29973 18 18 4
29974 20 19 5
29975 19 19 5
29976 13 12 4
29977 28 27 5
29978 21 21 5
29979 19 19 5
29980 11 10 4
29981 12 11 5
29982 27 26 6
29983 16 15 5
29984 13 13 5
29985 29 29 5
29986 19 18 6
29987 30 30 6
29988 40 39 7
29989 23 23 5
29990 39 39 9
29991 21 20 6
29992 32 31 9
29993 23 23 7
29994 47 46 6
29995 28 27 5
29996 47 47 11
29997 23 22 6
29998 22 22 6
29999 28 28 6
30000 38 38 12
30001 48 48 12
30002 26 26 8
30003 32 32 6
30004 52 51 11
30005 23 22 6
30006 22 21 7
30007 33 32 8
30008 48 48 10
30009 30 29 9
30010 27 27 11
30011 27 27 7
30012 27 27 7
30013 17 17 5
30014 21 21 7
30015 19 19 5
30016 21 21 5
30017 31 30 10
30018 32 31 7
30019 15 15 7
30020 27 27 5
30021 17 17 5
30022 13 12 4
30023 36 35 13
30024 39 38 10
30025 28 28 8
30026 38 38 10
30027 10 10 4
30028 18 17 5
30029 25 24 4
30030 20 19 5
30031 17 16 6
30032 24 23 7
30033 17 16 4
30034 14 13 5
30035 25 24 6
30036 36 35 7
30037 13 13 5
30038 15 15 5
30039 17 16 6
30040 24 24 6
30041 22 21 7
30042 23 22 6
30043 32 31 9
30044 19 19 5
30045 23 23 9
30046 13 12 4
30047 18 17 5
30048 25 24 8
30049 30 30 6
30050 20 20 6
30051 34 33 9
30052 19 18 6
30053 20 20 8
30054 40 40 12
30055 22 21 7
30056 21 20 4
30057 22 21 7
30058 17 17 5
30059 23 22 6
30060 24 24 6
30061 48 47 11
30062 37 36 6
30063 38 37 9
30064 19 18 4
30065 30 29 9
30066 29 29 11
30067 27 26 8
30068 16 16 4
30069 22 21 5
30070 17 17 5
30071 31 30 6
30072 18 18 6
30073 10 10 4
30074 20 19 7
30075 25 24 6
30076 22 22 6
30077 20 20 10
30078 14 14 6
30079 30 30 8
30080 22 22 6
30081 20 19 5
30082 23 23 7
30083 23 22 8
30084 26 26 6
30085 24 23 9
30086 35 35 9
30087 35 34 8
30088 20 20 6
30089 16 15 5
30090 33 33 7
30091 19 18 8
30092 16 15 5
30093 21 20 6
30094 22 21 7
30095 17 16 6
30096 20 20 8
30097 34 34 4
30098 20 19 5
30099 29 28 6
30100 18 18 6
30101 20 20 6
30102 16 15 5
30103 23 22 4
30104 10 9 5
30105 19 18 8
30106 16 16 6
30107 10 10 4
30108 18 17 5
30109 17 16 4
30110 24 23 7
30111 13 12 4
30112 20 19 7
30113 13 12 4
30114 22 21 5
30115 17 16 4
30116 24 23 5
30117 27 27 5
30118 21 20 6
30119 16 16 4
30120 10 9 5
30121 13 12 6
30122 20 20 6
30123 20 19 5
30124 21 21 7
30125 25 24 4
30126 34 33 7
30127 21 20 4
30128 26 25 7
30129 21 21 7
30130 25 24 6
30131 10 10 4
30132 24 23 7
30133 31 30 4
30134 26 25 5
30135 15 15 5
30136 19 18 6
30137 38 38 8
30138 16 16 6
30139 16 16 6
30140 12 12 6
30141 10 10 4
30142 24 23 5
30143 13 13 5
30144 15 14 6
30145 22 22 6
30146 18 18 4
30147 22 21 5
30148 17 17 5
30149 19 18 6
30150 26 26 6
30151 16 16 4
30152 24 23 5
30153 21 21 5
30154 21 20 6
30155 10 9 5
30156 13 12 4
30157 18 17 5
30158 17 16 4
30159 20 19 7
30160 7 6 5
30161 21 20 4
30162 20 19 5
30163 5 5 5
30164 12 11 5
30165 13 12 8
30166 8 8 4
30167 14 13 5
30168 25 24 8
30169 14 14 4
30170 12 11 5
30171 11 11 5
30172 17 16 4
30173 26 25 7
30174 17 16 6
30175 10 10 4
30176 14 13 5
30177 7 6 5
30178 13 13 5
30179 17 17 5
30180 19 18 4
30181 12 11 5
30182 13 13 5
30183 13 13 5
30184 11 10 4
30185 22 21 5
30186 17 17 5
30187 11 11 5
30188 5 5 5
30189 14 13 7
30190 11 10 4
30191 16 15 7
30192 7 6 5
30193 7 6 5
30194 17 16 8
30195 6 6 6
30196 15 14 6
30197 10 10 4
30198 18 17 5
30199 11 11 7
30200 9 8 4
30201 12 11 5
30202 11 11 5
30203 13 12 4
30204 18 17 7
30205 17 16 4
30206 14 13 5
30207 13 13 5
30208 11 11 5
30209 11 11 5
30210 13 13 5
30211 15 15 5
30212 17 16 6
30213 12 12 6
30214 16 16 4
30215 10 9 5
30216 13 12 6
30217 6 6 6
30218 11 10 6
30219 10 10 6
30220 6 6 6
30221 11 10 4
30222 18 17 5
30223 7 6 5
30224 21 20 6
30225 6 6 6
30226 11 11 5
30227 9 8 4
30228 10 9 5
30229 9 8 4
30230 14 13 7
30231 11 10 4
30232 12 11 5
30233 13 12 6
30234 16 16 6
30235 18 18 6
30236 10 10 4
30237 18 17 5
30238 13 13 5
30239 17 17 5
30240 19 19 5
30241 13 12 6
30242 20 20 6
30243 8 8 4
30244 22 21 5
30245 13 13 5
30246 15 15 5
30247 13 13 7
30248 11 10 4
30249 18 17 7
30250 11 10 6
30251 10 10 4
30252 18 17 7
30253 11 11 5
30254 11 10 4
30255 12 11 5
30256 9 9 5
30257 15 14 4
30258 16 15 5
30259 17 16 6
30260 16 15 5
30261 11 10 4
30262 14 13 5
30263 9 8 4
30264 12 11 5
30265 17 16 6
30266 10 10 6
30267 16 16 4
30268 14 13 5
30269 11 10 4
30270 16 15 5
30271 21 20 6
30272 16 15 5
30273 13 13 5
30274 11 10 4
30275 20 19 5
30276 21 20 6
30277 12 12 4
30278 20 19 5
30279 21 20 6
30280 16 16 4
30281 10 9 5
30282 17 17 5
30283 9 8 4
30284 18 17 5
30285 13 13 5
30286 11 11 5
30287 7 6 5
30288 11 10 6
30289 18 18 4
30290 22 21 5
30291 13 13 5
30292 15 14 6
30293 14 14 6
30294 12 12 6
30295 22 22 6
30296 16 15 5
30297 15 14 4
30298 14 13 5
30299 23 22 6
30300 14 14 6
30301 20 20 6
30302 14 14 4
30303 16 15 5
30304 15 15 5
30305 15 14 4
30306 18 17 7
30307 25 24 6
30308 14 14 4
30309 14 13 5
30310 15 14 6
30311 18 17 7
30312 17 16 4
30313 20 19 5
30314 25 24 4
30315 26 25 5
30316 25 24 6
30317 16 16 4
30318 30 29 5
30319 23 22 6
30320 18 17 5
30321 33 33 7
30322 17 16 6
30323 18 18 6
30324 36 36 10
30325 24 24 4
30326 28 27 5
30327 31 31 7
30328 31 30 8
30329 30 29 7
30330 25 25 5
30331 23 23 5
30332 21 20 6
30333 44 43 7
30334 17 17 5
30335 37 37 11
30336 21 21 5
30337 37 37 11
30338 39 38 8
30339 16 16 4
30340 20 19 5
30341 23 23 5
30342 19 19 7
30343 23 22 6
30344 24 24 6
30345 38 38 8
30346 34 34 8
30347 30 30 12
30348 22 22 8
30349 28 28 8
30350 18 17 5
30351 17 16 6
30352 28 28 8
30353 20 19 7
30354 23 22 6
30355 36 36 8
30356 32 32 8
30357 20 20 6
30358 34 34 10
30359 28 28 6
30360 30 30 6
30361 22 21 5
30362 17 16 4
30363 32 31 5
30364 27 27 7
30365 21 21 7
30366 25 24 6
30367 26 26 6
30368 14 14 4
30369 20 19 5
30370 29 29 7
30371 27 26 6
30372 34 33 7
30373 21 20 8
30374 16 16 6
30375 32 31 5
30376 39 39 5
30377 15 15 7
30378 29 28 6
30379 30 30 6
30380 20 20 4
30381 20 19 5
30382 25 24 6
30383 18 18 4
30384 40 39 9
30385 29 28 8
30386 20 19 5
30387 41 41 7
30388 25 25 7
30389 29 28 8
30390 26 26 8
30391 28 27 7
30392 25 24 6
30393 28 27 5
30394 29 29 7
30395 33 33 5
30396 53 53 13
30397 23 23 7
30398 29 28 8
30399 34 34 6
30400 24 24 10
30401 22 22 6
30402 28 28 6
30403 30 30 6
30404 22 21 7
30405 39 38 10
30406 38 38 12
30407 40 40 8
30408 28 27 5
30409 21 21 5
30410 25 25 5
30411 37 36 10
30412 24 23 5
30413 29 29 7
30414 19 19 5
30415 13 13 5
30416 19 19 5
30417 37 36 6
30418 42 41 11
30419 19 18 4
30420 36 35 7
30421 31 31 11
30422 31 30 8
30423 22 21 5
30424 15 15 5
30425 27 27 5
30426 25 25 5
30427 21 21 7
30428 21 20 6
30429 28 28 6
30430 18 18 6
30431 12 12 6
30432 22 22 4
30433 18 17 5
30434 19 19 5
30435 17 16 6
30436 18 17 5
30437 19 18 6
30438 22 22 6
30439 18 17 5
30440 25 24 6
30441 8 8 4
30442 22 21 7
30443 21 20 6
30444 22 22 4
30445 18 17 5
30446 11 10 4
30447 12 11 5
30448 17 16 4
30449 22 21 7
30450 17 16 6
30451 12 12 4
30452 10 9 5
30453 17 17 5
30454 13 12 6
30455 16 16 6
30456 18 18 6
30457 18 18 4
30458 10 9 5
30459 19 18 6
30460 10 9 5
30461 13 12 4
30462 16 15 7
30463 11 10 6
30464 18 18 6
30465 18 17 5
30466 25 24 4
30467 16 15 5
30468 13 12 6
30469 10 10 4
30470 14 13 7
30471 11 10 6
30472 8 8 4
30473 8 7 6
30474 22 22 6
30475 18 18 6
30476 12 11 5
30477 15 14 6
30478 12 11 5
30479 17 17 5
30480 17 17 7
30481 13 12 6
30482 18 18 6
30483 8 8 4
30484 26 25 7
30485 13 12 4
30486 10 9 5
30487 9 9 5
30488 19 18 6
30489 6 6 6
30490 13 12 6
30491 14 14 6
30492 14 14 6
30493 12 12 6
30494 10 10 6
30495 12 12 6
30496 10 10 6
30497 16 16 6
30498 16 16 8
30499 12 11 5
30500 21 20 6
30501 14 13 5
30502 15 15 7
30503 15 14 6
30504 14 14 4
30505 18 17 5
30506 9 9 5
30507 17 16 8
30508 10 9 5
30509 11 10 4
30510 8 7 6
30511 14 14 6
30512 14 14 4
30513 12 11 5
30514 15 15 7
30515 15 14 6
30516 14 14 6
30517 6 6 6
30518 11 10 4
30519 24 23 7
30520 11 11 5
30521 13 13 5
30522 11 11 5
30523 15 14 6
30524 18 18 6
30525 18 17 5
30526 19 18 6
30527 8 8 4
30528 6 5 4
30529 10 9 5
30530 11 10 4
30531 16 15 5
30532 11 10 6
30533 12 11 5
30534 9 9 5
30535 11 11 5
30536 15 15 5
30537 9 8 4
30538 18 17 5
30539 13 12 6
30540 10 10 4
30541 12 11 5
30542 11 11 5
30543 9 8 4
30544 12 11 5
30545 7 7 7
30546 22 22 6
30547 8 8 4
30548 16 15 7
30549 13 12 4
30550 12 11 7
30551 13 12 6
30552 16 16 4
30553 12 11 5
30554 7 6 5
30555 9 9 5
30556 13 13 5
30557 17 16 6
30558 6 5 4
30559 14 13 5
30560 17 17 7
30561 17 16 4
30562 12 11 5
30563 19 18 8
30564 16 16 6
30565 12 12 4
30566 20 19 7
30567 9 8 4
30568 14 13 5
30569 15 14 6
30570 14 14 6
30571 12 11 5
30572 11 11 5
30573 7 7 7
30574 10 10 4
30575 10 9 5
30576 13 13 7
30577 7 6 5
30578 13 13 5
30579 17 16 6
30580 20 20 6
30581 6 5 4
30582 20 19 7
30583 9 9 5
30584 13 12 6
30585 14 14 6
30586 6 6 6
30587 15 14 6
30588 12 12 6
30589 8 8 4
30590 16 15 5
30591 9 9 5
30592 11 11 5
30593 9 9 5
30594 13 12 4
30595 10 9 5
30596 13 12 4
30597 10 9 5
30598 17 17 7
30599 17 16 6
30600 12 11 5
30601 11 10 4
30602 16 15 7
30603 11 10 4
30604 18 17 9
30605 21 20 6
30606 10 10 4
30607 16 15 5
30608 9 8 4
30609 12 11 5
30610 13 13 5
30611 17 16 6
30612 10 9 5
30613 17 16 6
30614 10 9 5
30615 13 12 6
30616 20 19 7
30617 17 16 6
30618 12 12 6
30619 12 12 4
30620 22 21 5
30621 11 10 4
30622 12 11 7
30623 11 10 4
30624 14 13 5
30625 9 8 4
30626 14 13 5
30627 15 15 5
30628 7 6 5
30629 9 8 4
30630 16 15 5
30631 15 15 5
30632 11 11 5
30633 15 14 6
30634 16 16 4
30635 16 15 5
30636 13 12 6
30637 16 16 4
30638 12 11 5
30639 11 11 5
30640 17 16 6
30641 14 14 6
30642 12 12 6
30643 18 17 5
30644 17 16 6
30645 12 11 5
30646 15 14 6
30647 20 20 6
30648 12 12 6
30649 18 17 5
30650 11 10 4
30651 12 11 7
30652 13 12 4
30653 10 9 5
30654 19 18 4
30655 20 19 5
30656 17 17 5
30657 13 13 5
30658 13 13 5
30659 17 17 5
30660 9 8 4
30661 12 11 5
30662 19 18 6
30663 16 16 6
30664 26 26 6
30665 22 22 6
30666 18 18 6
30667 22 22 6
30668 14 13 5
30669 17 16 4
30670 16 15 5
30671 17 17 5
30672 19 19 7
30673 19 18 4
30674 14 13 5
30675 11 11 5
30676 15 14 4
30677 30 29 7
30678 15 14 4
30679 22 21 5
30680 17 17 5
30681 23 23 5
30682 29 28 6
30683 16 16 6
30684 20 20 4
30685 24 23 5
30686 15 15 5
30687 29 29 5
30688 33 32 6
30689 28 28 10
30690 26 26 4
30691 24 23 5
30692 11 10 4
30693 18 17 5
30694 25 24 6
30695 18 18 6
30696 20 20 4
30697 28 27 5
30698 31 31 5
30699 25 25 7
30700 23 22 6
30701 24 24 8
30702 24 24 6
30703 28 27 7
30704 27 26 4
30705 28 27 5
30706 31 30 8
30707 20 20 4
30708 16 15 5
30709 13 13 5
30710 15 14 4
30711 18 17 5
30712 25 24 6
30713 14 14 4
30714 22 21 5
30715 21 21 5
30716 15 15 5
30717 25 24 6
30718 24 23 5
30719 19 18 4
30720 12 11 5
30721 31 31 5
30722 17 17 5
30723 13 13 5
30724 15 14 4
30725 20 19 5
30726 19 18 8
30727 22 22 6
30728 16 16 6
30729 20 20 4
30730 22 21 5
30731 31 31 9
30732 21 20 6
30733 18 18 4
30734 32 31 11
30735 19 18 4
30736 14 13 5
30737 17 16 6
30738 16 15 5
30739 13 12 6
30740 10 9 5
30741 17 16 4
30742 16 15 5
30743 15 14 6
30744 20 20 6
30745 18 18 4
30746 26 25 7
30747 23 22 6
30748 20 20 6
30749 30 30 8
30750 24 24 4
30751 14 13 5
30752 25 24 4
30753 26 25 9
30754 33 32 6
30755 34 33 7
30756 27 26 6
30757 20 20 4
30758 26 25 5
30759 23 23 5
30760 33 33 9
30761 23 22 8
30762 18 18 4
30763 18 17 5
30764 15 14 4
30765 24 23 5
30766 17 16 4
30767 24 23 7
30768 25 24 8
30769 28 28 8
30770 18 18 6
30771 20 20 6
30772 32 32 6
30773 16 15 5
30774 23 23 5
30775 21 20 6
30776 16 16 6
30777 18 17 5
30778 21 21 5
30779 17 16 4
30780 16 15 5
30781 19 19 5
30782 25 25 5
30783 27 27 7
30784 21 20 8
30785 26 26 8
30786 20 20 4
30787 28 27 7
30788 13 13 5
30789 15 15 5
30790 21 20 6
30791 28 28 4
30792 28 27 7
30793 7 6 5
30794 27 26 6
30795 12 11 5
30796 17 16 6
30797 30 29 7
30798 19 18 4
30799 28 27 7
30800 21 20 4
30801 14 13 7
30802 21 20 6
30803 18 18 4
30804 14 13 5
30805 19 18 6
30806 20 20 4
30807 22 21 5
30808 13 13 5
30809 13 12 4
30810 22 21 5
30811 15 15 5
30812 17 16 4
30813 22 21 5
30814 13 13 5
30815 15 14 6
30816 18 18 6
30817 16 15 5
30818 15 15 5
30819 13 12 4
30820 10 9 5
30821 13 12 6
30822 24 23 5
30823 13 13 5
30824 13 13 5
30825 15 14 4
30826 10 9 5
30827 11 10 6
30828 12 12 4
30829 18 17 5
30830 9 9 5
30831 19 18 6
30832 10 10 4
30833 10 9 5
30834 15 14 6
30835 22 21 5
30836 9 8 4
30837 14 13 5
30838 5 5 5
30839 12 11 5
30840 17 16 6
30841 12 12 4
30842 14 13 5
30843 15 15 5
30844 19 18 6
30845 12 12 6
30846 18 18 8
30847 16 16 6
30848 12 12 4
30849 14 13 5
30850 11 11 5
30851 11 11 5
30852 13 13 5
30853 9 8 4
30854 8 7 6
30855 16 16 6
30856 18 18 6
30857 18 17 5
30858 25 25 5
30859 15 14 6
30860 10 10 4
30861 14 13 5
30862 17 16 6
30863 12 12 6
30864 10 9 5
30865 11 10 6
30866 6 5 4
30867 12 11 5
30868 11 11 7
30869 15 14 6
30870 6 6 6
30871 13 12 6
30872 6 6 6
30873 21 20 8
30874 14 14 4
30875 20 19 7
30876 17 16 6
30877 14 14 4
30878 12 11 5
30879 11 11 5
30880 13 12 6
30881 6 6 6
30882 15 14 6
30883 12 12 4
30884 8 7 6
30885 6 6 6
30886 19 18 6
30887 12 12 4
30888 12 11 5
30889 15 14 6
30890 12 12 6
30891 12 11 5
30892 9 9 5
30893 15 15 5
30894 11 10 4
30895 16 15 5
30896 7 6 5
30897 13 13 7
30898 9 9 5
30899 23 22 6
30900 24 23 5
30901 11 10 4
30902 14 13 5
30903 13 13 5
30904 11 11 5
30905 7 7 7
30906 8 8 4
30907 16 15 5
30908 9 8 4
30909 8 7 6
30910 14 14 8
30911 6 6 6
30912 15 14 4
30913 18 17 5
30914 7 7 7
30915 14 13 5
30916 13 13 5
30917 19 18 6
30918 14 14 4
30919 18 17 5
30920 17 16 4
30921 18 17 5
30922 7 6 5
30923 13 12 6
30924 8 8 4
30925 12 11 5
30926 15 14 4
30927 6 5 4
30928 14 13 7
30929 15 14 6
30930 6 6 6
30931 13 13 5
30932 11 10 4
30933 12 11 5
30934 13 13 5
30935 9 8 4
30936 14 13 5
30937 11 10 6
30938 16 16 6
30939 12 12 4
30940 16 15 7
30941 7 6 5
30942 11 11 5
30943 13 12 4
30944 16 15 5
30945 11 11 5
30946 15 14 6
30947 6 5 4
30948 14 13 5
30949 15 15 5
30950 9 9 5
30951 19 18 6
30952 18 17 5
30953 15 15 7
30954 11 11 7
30955 17 16 6
30956 12 12 6
30957 12 11 5
30958 11 10 4
30959 14 13 5
30960 11 11 5
30961 13 13 5
30962 15 15 7
30963 19 18 6
30964 14 13 5
30965 21 20 4
30966 10 9 5
30967 11 11 5
30968 11 10 4
30969 16 15 5
30970 7 6 5
30971 27 26 8
30972 10 10 4
30973 24 23 7
30974 11 10 4
30975 24 23 7
30976 17 16 4
30977 32 31 7
30978 17 16 4
30979 26 25 7
30980 13 12 4
30981 20 19 7
30982 39 38 8
30983 32 32 8
30984 20 20 4
30985 28 27 7
30986 23 22 8
30987 36 35 7
30988 25 24 4
30989 18 17 5
30990 29 29 7
30991 27 27 7
30992 33 32 6
30993 34 33 5
30994 45 45 11
30995 21 20 6
30996 18 17 5
30997 27 26 4
30998 18 17 5
30999 23 23 5
31000 23 22 6
31001 30 30 8
31002 16 16 4
31003 30 29 5
31004 27 26 10
31005 20 20 6
31006 18 17 7
31007 17 17 5
31008 45 44 10
31009 28 28 10
31010 14 13 5
31011 27 27 9
31012 35 35 7
31013 15 15 5
31014 21 20 4
31015 44 43 7
31016 31 31 15
31017 13 13 5
31018 29 28 6
31019 26 26 6
31020 26 25 7
31021 29 29 7
31022 33 32 8
31023 24 23 5
31024 47 47 11
31025 49 48 6
31026 40 39 5
31027 31 31 7
31028 21 21 5
31029 25 25 9
31030 11 10 4
31031 24 23 7
31032 17 16 4
31033 18 17 5
31034 13 12 4
31035 16 15 5
31036 17 16 4
31037 28 27 5
31038 15 15 5
31039 19 19 5
31040 17 16 4
31041 24 23 5
31042 21 20 4
31043 20 19 5
31044 19 18 6
31045 22 21 5
31046 19 19 5
31047 25 25 7
31048 37 36 6
31049 16 15 5
31050 25 25 5
31051 21 20 6
31052 14 13 5
31053 41 41 7
31054 29 28 6
31055 20 20 4
31056 22 21 7
31057 23 22 6
31058 22 22 6
31059 8 8 4
31060 20 19 5
31061 21 20 6
31062 14 14 6
31063 22 21 5
31064 19 18 8
31065 16 15 5
31066 13 12 4
31067 22 21 5
31068 15 15 5
31069 21 21 5
31070 17 17 7
31071 7 6 5
31072 11 10 4
31073 10 9 5
31074 13 12 6
31075 16 16 6
31076 6 6 6
31077 7 6 5
31078 21 21 7
31079 11 10 4
31080 14 13 5
31081 17 16 6
31082 12 12 4
31083 20 19 5
31084 13 13 5
31085 11 11 5
31086 11 10 4
31087 18 17 7
31088 19 18 4
31089 18 17 7
31090 11 10 6
31091 10 9 5
31092 13 12 4
31093 14 13 5
31094 11 10 4
31095 8 7 6
31096 10 10 6
31097 18 18 4
31098 18 17 5
31099 7 7 7
31100 12 12 6
31101 16 15 5
31102 17 17 7
31103 9 8 4
31104 18 17 5
31105 13 13 5
31106 15 15 5
31107 15 14 6
31108 20 20 6
31109 16 16 6
31110 18 18 6
31111 10 9 5
31112 17 16 4
31113 6 5 4
31114 20 19 7
31115 15 14 6
31116 22 22 4
31117 14 13 5
31118 13 12 4
31119 10 9 5
31120 15 14 6
31121 10 9 5
31122 15 14 4
31123 12 11 5
31124 9 9 5
31125 15 14 6
31126 12 12 6
31127 20 19 5
31128 7 6 5
31129 13 12 4
31130 16 15 5
31131 11 11 5
31132 7 6 5
31133 19 18 4
31134 18 17 7
31135 7 6 5
31136 15 14 6
31137 16 16 4
31138 20 19 7
31139 17 16 6
31140 14 14 4
31141 14 13 5
31142 13 13 5
31143 7 7 7
31144 12 12 4
31145 12 11 5
31146 15 14 6
31147 6 6 6
31148 19 18 4
31149 10 9 5
31150 11 11 5
31151 11 10 6
31152 12 11 5
31153 13 12 6
31154 12 12 4
31155 18 17 5
31156 13 12 4
31157 16 15 5
31158 11 11 5
31159 19 18 6
31160 10 10 4
31161 14 13 5
31162 17 16 6
31163 16 15 5
31164 11 10 6
31165 16 16 4
31166 12 11 5
31167 13 13 7
31168 7 6 5
31169 13 12 4
31170 6 5 4
31171 8 7 6
31172 8 8 4
31173 24 23 5
31174 13 12 6
31175 16 16 4
31176 16 15 5
31177 7 7 7
31178 8 8 4
31179 18 17 5
31180 17 16 8
31181 18 17 5
31182 13 12 4
31183 18 17 5
31184 13 13 7
31185 9 8 4
31186 16 15 5
31187 13 13 7
31188 21 20 6
31189 14 14 6
31190 16 16 4
31191 12 11 5
31192 9 9 5
31193 11 10 6
31194 14 14 6
31195 20 20 6
31196 6 6 6
31197 11 11 5
31198 13 13 5
31199 9 9 5
31200 11 10 4
31201 18 17 5
31202 11 11 5
31203 13 13 7
31204 17 16 6
31205 12 12 4
31206 20 19 5
31207 13 13 5
31208 19 18 6
31209 10 10 6
31210 12 12 4
31211 16 15 5
31212 13 12 4
31213 12 11 5
31214 13 13 5
31215 11 10 6
31216 6 6 6
31217 17 17 5
31218 13 12 4
31219 20 19 5
31220 27 27 7
31221 13 12 4
31222 14 13 5
31223 15 14 6
31224 14 14 4
31225 16 15 5
31226 13 12 4
31227 16 15 5
31228 19 18 4
31229 18 17 5
31230 19 18 6
31231 16 16 6
31232 28 28 4
31233 16 15 5
31234 21 20 6
31235 14 13 5
31236 15 14 6
31237 20 20 6
31238 6 6 6
31239 15 15 5
31240 11 10 4
31241 14 13 5
31242 17 17 5
31243 19 19 5
31244 13 13 5
31245 9 8 4
31246 20 19 5
31247 23 22 6
31248 14 14 4
31249 26 25 7
31250 23 22 4
31251 26 25 5
31252 19 19 5
31253 13 13 5
31254 13 12 4
31255 16 15 5
31256 13 12 6
31257 18 18 6
31258 14 14 4
31259 12 11 5
31260 17 17 5
31261 19 19 5
31262 11 10 6
31263 22 22 4
31264 16 15 5
31265 27 26 6
31266 12 11 5
31267 11 10 6
31268 20 20 6
31269 14 14 4
31270 16 15 5
31271 21 21 5
31272 19 19 5
31273 11 10 4
31274 16 15 5
31275 19 18 6
31276 12 12 6
31277 20 20 4
31278 24 23 5
31279 15 14 6
31280 10 10 4
31281 18 17 5
31282 17 17 5
31283 17 17 5
31284 11 10 4
31285 20 19 5
31286 9 8 4
31287 14 13 5
31288 9 9 5
31289 15 15 5
31290 17 16 6
31291 16 16 6
31292 14 14 4
31293 22 21 5
31294 19 18 6
31295 14 14 4
31296 14 13 5
31297 13 12 4
31298 22 21 7
31299 11 10 4
31300 14 13 5
31301 9 8 4
31302 12 11 5
31303 13 13 5
31304 13 13 5
31305 17 16 6
31306 14 14 6
31307 14 14 4
31308 18 17 7
31309 9 9 5
31310 15 14 6
31311 6 6 6
31312 11 10 4
31313 26 25 5
31314 13 13 5
31315 9 8 4
31316 12 11 5
31317 11 10 6
31318 14 14 6
31319 10 10 4
31320 16 15 5
31321 9 9 5
31322 15 15 5
31323 11 11 5
31324 13 12 4
31325 16 15 5
31326 15 15 5
31327 15 14 6
31328 14 14 4
31329 12 11 5
31330 13 12 4
31331 12 11 5
31332 17 16 6
31333 10 10 4
31334 14 13 5
31335 13 12 6
31336 14 14 4
31337 18 17 5
31338 15 14 4
31339 18 17 7
31340 7 6 5
31341 11 10 4
31342 14 13 5
31343 7 7 7
31344 10 9 5
31345 17 17 5
31346 21 20 8
31347 14 14 6
31348 16 16 6
31349 16 16 4
31350 14 13 5
31351 19 18 6
31352 20 19 5
31353 11 11 5
31354 15 14 6
31355 8 8 4
31356 14 13 5
31357 15 15 9
31358 13 12 4
31359 14 13 5
31360 27 26 6
31361 8 8 4
31362 14 13 5
31363 11 10 4
31364 18 17 7
31365 13 12 6
31366 16 15 5
31367 9 8 4
31368 14 13 5
31369 13 13 5
31370 9 9 5
31371 9 8 4
31372 6 5 4
31373 14 13 5
31374 13 13 7
31375 23 22 4
31376 18 17 7
31377 11 10 6
31378 10 10 6
31379 8 8 4
31380 20 19 7
31381 15 15 5
31382 15 15 5
31383 11 10 6
31384 12 12 6
31385 6 6 6
31386 13 13 5
31387 15 15 5
31388 11 11 5
31389 21 20 6
31390 20 19 5
31391 9 8 4
31392 12 11 5
31393 9 8 4
31394 28 27 7
31395 25 24 6
31396 18 18 4
31397 16 15 5
31398 19 19 5
31399 23 22 6
31400 26 25 5
31401 27 27 5
31402 33 33 9
31403 25 25 7
31404 15 15 5
31405 35 34 6
31406 36 35 9
31407 35 34 10
31408 14 14 4
31409 34 33 9
31410 41 40 8
31411 34 34 6
31412 18 17 5
31413 21 21 5
31414 19 18 4
31415 24 23 5
31416 27 26 6
31417 42 42 8
31418 32 31 5
31419 23 23 5
31420 31 31 5
31421 29 29 7
31422 23 22 4
31423 20 19 5
31424 25 24 4
31425 40 39 7
31426 19 18 6
31427 22 21 7
31428 15 14 6
31429 20 20 6
31430 20 20 6
31431 28 28 8
31432 26 26 6
31433 16 15 5
31434 27 26 6
31435 24 23 7
31436 25 24 6
31437 16 15 5
31438 23 22 6
31439 18 18 4
31440 42 41 7
31441 33 33 9
31442 21 20 4
31443 20 19 5
31444 23 23 5
31445 27 27 9
31446 21 20 4
31447 20 19 5
31448 19 18 8
31449 30 30 8
31450 28 27 11
31451 17 16 6
31452 32 32 6
31453 36 35 9
31454 19 18 12
31455 12 12 4
31456 28 27 7
31457 15 15 7
31458 19 18 6
31459 20 20 6
31460 24 24 6
31461 28 27 7
31462 25 25 5
31463 13 13 5
31464 19 19 5
31465 21 20 6
31466 34 34 8
31467 42 42 8
31468 18 17 7
31469 31 30 6
31470 22 22 6
31471 22 22 6
31472 22 22 6
31473 28 27 7
31474 31 30 12
31475 26 26 8
31476 22 22 6
31477 14 14 6
31478 28 28 6
31479 20 20 8
31480 24 24 8
31481 22 22 6
31482 16 16 8
31483 26 26 6
31484 20 19 5
31485 25 24 6
31486 24 24 6
31487 14 13 5
31488 17 17 5
31489 21 20 6
31490 20 19 5
31491 21 20 6
31492 22 21 5
31493 13 13 5
31494 23 23 5
31495 29 29 9
31496 21 20 6
31497 22 22 8
31498 22 21 5
31499 31 31 7
31500 19 18 8
31501 10 10 4
31502 18 17 5
31503 19 19 5
31504 15 15 5
31505 25 25 9
31506 33 32 8
31507 18 17 5
31508 21 21 5
31509 13 12 6
31510 30 29 9
31511 15 14 4
31512 18 17 7
31513 19 19 7
31514 37 37 7
31515 13 13 5
31516 43 42 8
31517 16 16 4
31518 12 11 5
31519 23 22 8
31520 18 18 4
31521 14 13 5
31522 31 30 6
31523 22 22 6
31524 18 18 4
31525 38 37 9
31526 13 12 4
31527 14 13 5
31528 29 29 9
31529 21 20 4
31530 18 17 5
31531 31 30 8
31532 22 22 6
31533 26 25 7
31534 29 29 9
31535 31 30 6
31536 18 18 6
31537 42 42 8
31538 22 21 7
31539 23 23 9
31540 23 22 6
31541 18 17 7
31542 13 13 5
31543 13 12 4
31544 14 13 5
31545 17 16 6
31546 16 16 4
31547 10 9 5
31548 17 16 4
31549 16 15 5
31550 11 11 5
31551 15 14 4
31552 16 15 5
31553 11 11 5
31554 13 13 5
31555 13 12 4
31556 14 13 5
31557 19 18 4
31558 12 11 5
31559 13 12 6
31560 16 16 4
31561 18 17 5
31562 11 10 4
31563 16 15 5
31564 19 18 6
31565 10 10 4
31566 16 15 5
31567 11 11 5
31568 13 12 6
31569 14 14 4
31570 16 15 5
31571 15 14 6
31572 10 9 5
31573 19 18 4
31574 16 15 5
31575 17 17 7
31576 13 12 4
31577 16 15 5
31578 7 6 5
31579 9 9 5
31580 17 16 6
31581 20 19 5
31582 19 19 7
31583 9 8 4
31584 12 11 5
31585 11 11 5
31586 13 12 6
31587 10 10 4
31588 18 17 7
31589 11 10 6
31590 8 8 4
31591 12 11 5
31592 11 11 5
31593 15 14 6
31594 14 14 8
31595 10 10 4
31596 10 9 5
31597 19 18 8
31598 12 11 5
31599 11 10 4
31600 14 13 5
31601 13 12 4
31602 8 7 6
31603 16 16 6
31604 6 5 4
31605 26 25 5
31606 21 20 6
31607 26 25 5
31608 17 16 6
31609 10 10 4
31610 6 5 4
31611 14 13 5
31612 13 12 6
31613 14 13 5
31614 13 12 4
31615 16 15 5
31616 19 18 6
31617 18 17 5
31618 13 13 5
31619 11 11 5
31620 15 14 4
31621 14 13 5
3162