     Internal    Switching      Leakage        Total
        Power        Power        Power        Power (Watts)
----------------------------------------------------
 1.714133e-06 7.311684e-07 8.422650e-11 2.445385e-06 clkbuf_0_clk
 1.678268e-06 2.254082e-07 8.422650e-11 1.903761e-06 clkbuf_1_1__f_clk
 1.673550e-06 1.206159e-07 8.422650e-11 1.794250e-06 clkbuf_1_0__f_clk
 1.912860e-10 5.495471e-10 8.162308e-11 8.224562e-10 clkbuf_1_1__f_core_clk
 1.198111e-10 5.200270e-10 8.162297e-11 7.214610e-10 clkbuf_0_w_clk
 1.904914e-10 4.439856e-10 8.162308e-11 7.161001e-10 clkbuf_1_0__f_core_clk
 1.231323e-10 4.213530e-10 8.162298e-11 6.261082e-10 clkbuf_0_v_clk
 1.188765e-10 3.396007e-10 8.162297e-11 5.401001e-10 clkbuf_4_8__f_w_clk
 1.185100e-10 3.137166e-10 8.162297e-11 5.138496e-10 clkbuf_4_12__f_w_clk
 1.184382e-10 2.986912e-10 8.162297e-11 4.987524e-10 clkbuf_4_7__f_w_clk
 1.182487e-10 2.822695e-10 8.162297e-11 4.821412e-10 clkbuf_4_3__f_w_clk
 6.094986e-11 3.749257e-10 4.405151e-11 4.799270e-10 clkbuf_2_3_0_v_clk
 6.093669e-11 3.711965e-10 4.405151e-11 4.761847e-10 clkbuf_2_0_0_v_clk
 6.093374e-11 3.703466e-10 4.405151e-11 4.753319e-10 clkbuf_2_2_0_v_clk
 1.183079e-10 2.746554e-10 8.162297e-11 4.745862e-10 clkbuf_4_9__f_w_clk
 1.180564e-10 2.649554e-10 8.162297e-11 4.646348e-10 clkbuf_4_6__f_w_clk
 1.179826e-10 2.594368e-10 8.162297e-11 4.590424e-10 clkbuf_4_4__f_w_clk
 1.213166e-10 2.557357e-10 8.162298e-11 4.586753e-10 clkbuf_5_5__f_v_clk
 6.085950e-11 3.493724e-10 4.405151e-11 4.542835e-10 clkbuf_2_1_0_v_clk
 1.212264e-10 2.483671e-10 8.162298e-11 4.512164e-10 clkbuf_5_16__f_v_clk
 1.178129e-10 2.495572e-10 8.162297e-11 4.489931e-10 clkbuf_4_2__f_w_clk
 1.211341e-10 2.424815e-10 8.162298e-11 4.452386e-10 clkbuf_5_27__f_v_clk
 1.179116e-10 2.453412e-10 8.162297e-11 4.448759e-10 clkbuf_4_11__f_w_clk
 1.209968e-10 2.307180e-10 8.162298e-11 4.333378e-10 clkbuf_5_3__f_v_clk
 1.176230e-10 2.324855e-10 8.162297e-11 4.317314e-10 clkbuf_4_5__f_w_clk
 1.176727e-10 2.276438e-10 8.162297e-11 4.269395e-10 clkbuf_4_10__f_w_clk
 1.208641e-10 2.214375e-10 8.162298e-11 4.239245e-10 clkbuf_5_26__f_v_clk
 1.174762e-10 2.246006e-10 8.162297e-11 4.236998e-10 clkbuf_4_13__f_w_clk
 1.208463e-10 2.199423e-10 8.162298e-11 4.224116e-10 clkbuf_5_28__f_v_clk
 1.174511e-10 2.223100e-10 8.162297e-11 4.213841e-10 clkbuf_4_1__f_w_clk
 1.208263e-10 2.171707e-10 8.162298e-11 4.196200e-10 clkbuf_5_17__f_v_clk
 1.847181e-10 1.518276e-10 8.162308e-11 4.181688e-10 clkbuf_0_core_clk
 1.174026e-10 2.190522e-10 8.162297e-11 4.180777e-10 clkbuf_4_14__f_w_clk
 1.207966e-10 2.148258e-10 8.162298e-11 4.172454e-10 clkbuf_5_20__f_v_clk
 1.207375e-10 2.115477e-10 8.162298e-11 4.139082e-10 clkbuf_5_30__f_v_clk
 1.207233e-10 2.103673e-10 8.162298e-11 4.127136e-10 clkbuf_5_29__f_v_clk
 1.207213e-10 2.088527e-10 8.162298e-11 4.111970e-10 clkbuf_5_23__f_v_clk
 1.206899e-10 2.067905e-10 8.162298e-11 4.091033e-10 clkbuf_5_2__f_v_clk
 1.206734e-10 2.055845e-10 8.162298e-11 4.078808e-10 clkbuf_5_4__f_v_clk
 1.206678e-10 2.050794e-10 8.162298e-11 4.073701e-10 clkbuf_5_1__f_v_clk
 1.205973e-10 1.993019e-10 8.162298e-11 4.015222e-10 clkbuf_5_18__f_v_clk
 1.205795e-10 1.992477e-10 8.162298e-11 4.014502e-10 clkbuf_5_24__f_v_clk
 1.205948e-10 1.990782e-10 8.162298e-11 4.012959e-10 clkbuf_5_19__f_v_clk
 1.205756e-10 1.989402e-10 8.162298e-11 4.011388e-10 clkbuf_5_31__f_v_clk
 1.205870e-10 1.983829e-10 8.162298e-11 4.005929e-10 clkbuf_5_22__f_v_clk
 1.171155e-10 1.974600e-10 8.162297e-11 3.961986e-10 clkbuf_4_15__f_w_clk
 1.204572e-10 1.896945e-10 8.162298e-11 3.917747e-10 clkbuf_5_25__f_v_clk
 1.204585e-10 1.884790e-10 8.162298e-11 3.905605e-10 clkbuf_5_21__f_v_clk
 1.205124e-10 1.871241e-10 8.162298e-11 3.892595e-10 clkbuf_5_15__f_v_clk
 1.205004e-10 1.861862e-10 8.162298e-11 3.883096e-10 clkbuf_5_14__f_v_clk
 1.204150e-10 1.854102e-10 8.162298e-11 3.874482e-10 clkbuf_5_7__f_v_clk
 1.170008e-10 1.884476e-10 8.162297e-11 3.870714e-10 clkbuf_4_0__f_w_clk
 1.204037e-10 1.844998e-10 8.162298e-11 3.865265e-10 clkbuf_5_6__f_v_clk
 1.202907e-10 1.756780e-10 8.162298e-11 3.775916e-10 clkbuf_5_0__f_v_clk
 1.203194e-10 1.718700e-10 8.162298e-11 3.738124e-10 clkbuf_5_9__f_v_clk
 1.202595e-10 1.671943e-10 8.162298e-11 3.690768e-10 clkbuf_5_8__f_v_clk
 1.202563e-10 1.669738e-10 8.162298e-11 3.688531e-10 clkbuf_5_11__f_v_clk
 1.200553e-10 1.513967e-10 8.162298e-11 3.530750e-10 clkbuf_5_13__f_v_clk
 1.200522e-10 1.510918e-10 8.162298e-11 3.527670e-10 clkbuf_5_12__f_v_clk
 1.200190e-10 1.484428e-10 8.162298e-11 3.500848e-10 clkbuf_5_10__f_v_clk
 5.787651e-11 2.181306e-10 4.405151e-11 3.200586e-10 clkbuf_2_3_0_w_clk
 5.787403e-11 2.179582e-10 4.405151e-11 3.198837e-10 clkbuf_2_0_0_w_clk
 5.783448e-11 2.125486e-10 4.405151e-11 3.144346e-10 clkbuf_2_1_0_w_clk
 5.772407e-11 1.978786e-10 4.405151e-11 2.996542e-10 clkbuf_2_2_0_w_clk
 9.034372e-11 1.428999e-10 4.405156e-11 2.772952e-10 clkbuf_leaf_14_core_clk
 9.028447e-11 1.381943e-10 4.405156e-11 2.725304e-10 clkbuf_leaf_20_core_clk
 9.023914e-11 1.345328e-10 4.405156e-11 2.688235e-10 clkbuf_leaf_17_core_clk
 9.021953e-11 1.329815e-10 4.405156e-11 2.672526e-10 clkbuf_leaf_19_core_clk
 8.984159e-11 1.232596e-10 4.405156e-11 2.571527e-10 clkbuf_leaf_3_core_clk
 9.009307e-11 1.228640e-10 4.405156e-11 2.570087e-10 clkbuf_leaf_22_core_clk
 9.008252e-11 1.219694e-10 4.405156e-11 2.561035e-10 clkbuf_leaf_16_core_clk
 8.982922e-11 1.221230e-10 4.405156e-11 2.560037e-10 clkbuf_leaf_0_core_clk
 9.000718e-11 1.159855e-10 4.405156e-11 2.500443e-10 clkbuf_leaf_21_core_clk
 8.996990e-11 1.129949e-10 4.405156e-11 2.470164e-10 clkbuf_leaf_24_core_clk
 8.995633e-11 1.118932e-10 4.405156e-11 2.459011e-10 clkbuf_leaf_18_core_clk
 8.986968e-11 1.049224e-10 4.405156e-11 2.388437e-10 clkbuf_leaf_15_core_clk
 8.961170e-11 1.049440e-10 4.405156e-11 2.386072e-10 clkbuf_leaf_1_core_clk
 8.953201e-11 9.880172e-11 4.405156e-11 2.323853e-10 clkbuf_leaf_9_core_clk
 8.942136e-11 9.115016e-11 4.405156e-11 2.246231e-10 clkbuf_leaf_26_core_clk
 8.939221e-11 8.991552e-11 4.405156e-11 2.233593e-10 clkbuf_leaf_13_core_clk
 8.938728e-11 8.971413e-11 4.405156e-11 2.231530e-10 clkbuf_leaf_11_core_clk
 8.958322e-11 8.739401e-11 4.405156e-11 2.210288e-10 clkbuf_leaf_23_core_clk
 8.928875e-11 8.573227e-11 4.405156e-11 2.190726e-10 clkbuf_leaf_2_core_clk
 8.946575e-11 8.275608e-11 4.405156e-11 2.162734e-10 clkbuf_leaf_12_core_clk
 8.917640e-11 8.110564e-11 4.405156e-11 2.143336e-10 clkbuf_leaf_7_core_clk
 8.917392e-11 8.086078e-11 4.405156e-11 2.140862e-10 clkbuf_leaf_10_core_clk
 8.916252e-11 8.038237e-11 4.405156e-11 2.135964e-10 clkbuf_leaf_5_core_clk
 8.912793e-11 7.911008e-11 4.405156e-11 2.122896e-10 clkbuf_leaf_8_core_clk
 8.909085e-11 7.740290e-11 4.405156e-11 2.105453e-10 clkbuf_leaf_6_core_clk
 8.908635e-11 7.736039e-11 4.405156e-11 2.104983e-10 clkbuf_leaf_4_core_clk
 1.808337e-11 1.127869e-10 4.405161e-11 1.749218e-10 fanout986
 1.698541e-11 1.019204e-10 4.699074e-11 1.658966e-10 fanout1195
 1.802305e-11 1.014873e-10 4.405161e-11 1.635620e-10 fanout985
 5.656068e-11 4.619323e-11 4.405151e-11 1.468054e-10 clkbuf_leaf_93_w_clk
 5.655850e-11 4.611380e-11 4.405151e-11 1.467238e-10 clkbuf_leaf_81_w_clk
 1.690160e-11 7.998040e-11 4.699074e-11 1.438727e-10 fanout1189
 5.636307e-11 4.169749e-11 4.405151e-11 1.421121e-10 clkbuf_leaf_5_w_clk
 5.642512e-11 4.085732e-11 4.405151e-11 1.413339e-10 clkbuf_leaf_161_w_clk
 5.640475e-11 4.026881e-11 4.405151e-11 1.407251e-10 clkbuf_leaf_92_w_clk
 5.828087e-11 3.811744e-11 4.405151e-11 1.404498e-10 clkbuf_leaf_271_v_clk
 5.639688e-11 3.978582e-11 4.405151e-11 1.402342e-10 clkbuf_leaf_160_w_clk
 5.636838e-11 3.888466e-11 4.405151e-11 1.393045e-10 clkbuf_leaf_95_w_clk
 5.627842e-11 3.842831e-11 4.405151e-11 1.387582e-10 clkbuf_leaf_11_w_clk
 1.722060e-11 7.748127e-11 4.405146e-11 1.387533e-10 max_cap745
 1.691801e-11 7.765161e-11 4.405146e-11 1.386211e-10 fanout750
 5.837052e-11 3.520976e-11 4.405151e-11 1.376318e-10 clkbuf_leaf_124_v_clk
 5.631384e-11 3.681678e-11 4.405151e-11 1.371821e-10 clkbuf_leaf_90_w_clk
 5.822987e-11 3.463443e-11 4.405151e-11 1.369158e-10 clkbuf_leaf_117_v_clk
 5.629307e-11 3.602614e-11 4.405151e-11 1.363707e-10 clkbuf_leaf_94_w_clk
 5.829967e-11 3.390972e-11 4.405151e-11 1.362609e-10 clkbuf_leaf_160_v_clk
 5.636863e-11 3.578419e-11 4.405151e-11 1.362043e-10 clkbuf_leaf_79_w_clk
 5.629043e-11 3.574381e-11 4.405151e-11 1.360858e-10 clkbuf_leaf_165_w_clk
 5.616865e-11 3.578717e-11 4.405151e-11 1.360073e-10 clkbuf_leaf_135_w_clk
 5.620015e-11 3.539633e-11 4.405151e-11 1.356480e-10 clkbuf_leaf_6_w_clk
 5.627759e-11 3.525633e-11 4.405151e-11 1.355854e-10 clkbuf_leaf_167_w_clk
 5.608091e-11 3.491211e-11 4.405151e-11 1.350445e-10 clkbuf_leaf_115_w_clk
 5.614212e-11 3.474866e-11 4.405151e-11 1.349423e-10 clkbuf_leaf_132_w_clk
 5.817931e-11 3.269481e-11 4.405151e-11 1.349256e-10 clkbuf_leaf_127_v_clk
 5.826125e-11 3.246539e-11 4.405151e-11 1.347782e-10 clkbuf_leaf_142_v_clk
 5.625072e-11 3.378193e-11 4.405151e-11 1.340842e-10 clkbuf_leaf_73_w_clk
 5.811936e-11 3.187905e-11 4.405151e-11 1.340499e-10 clkbuf_leaf_274_v_clk
 5.615667e-11 3.371594e-11 4.405151e-11 1.339241e-10 clkbuf_leaf_4_w_clk
 5.836390e-11 3.137912e-11 4.405151e-11 1.337945e-10 clkbuf_leaf_45_v_clk
 5.630565e-11 3.343400e-11 4.405151e-11 1.337912e-10 clkbuf_leaf_80_w_clk
 5.814969e-11 3.157291e-11 4.405151e-11 1.337741e-10 clkbuf_leaf_108_v_clk
 5.604528e-11 3.348694e-11 4.405151e-11 1.335837e-10 clkbuf_leaf_111_w_clk
 5.810328e-11 3.124909e-11 4.405151e-11 1.334039e-10 clkbuf_leaf_289_v_clk
 5.621558e-11 3.308228e-11 4.405151e-11 1.333494e-10 clkbuf_leaf_89_w_clk
 1.689412e-11 7.221900e-11 4.405146e-11 1.331646e-10 fanout737
 5.829138e-11 3.074725e-11 4.405151e-11 1.330901e-10 clkbuf_leaf_77_v_clk
 5.622304e-11 3.273308e-11 4.405151e-11 1.330076e-10 clkbuf_leaf_70_w_clk
 5.821522e-11 3.073507e-11 4.405151e-11 1.330018e-10 clkbuf_leaf_161_v_clk
 5.613080e-11 3.272539e-11 4.405151e-11 1.329077e-10 clkbuf_leaf_8_w_clk
 5.824816e-11 3.058912e-11 4.405151e-11 1.328888e-10 clkbuf_leaf_227_v_clk
 5.609064e-11 3.273463e-11 4.405151e-11 1.328768e-10 clkbuf_leaf_123_w_clk
 5.627621e-11 3.233500e-11 4.405151e-11 1.326627e-10 clkbuf_leaf_85_w_clk
 5.808424e-11 3.052479e-11 4.405151e-11 1.326605e-10 clkbuf_leaf_279_v_clk
 5.594017e-11 3.244862e-11 4.405151e-11 1.324403e-10 clkbuf_leaf_26_w_clk
 5.837170e-11 2.999060e-11 4.405151e-11 1.324138e-10 clkbuf_leaf_72_v_clk
 5.817681e-11 3.014339e-11 4.405151e-11 1.323717e-10 clkbuf_leaf_163_v_clk
 5.809804e-11 3.022006e-11 4.405151e-11 1.323696e-10 clkbuf_leaf_253_v_clk
 5.823438e-11 3.007554e-11 4.405151e-11 1.323614e-10 clkbuf_leaf_225_v_clk
 5.618666e-11 3.198373e-11 4.405151e-11 1.322219e-10 clkbuf_leaf_100_w_clk
 5.619097e-11 3.151898e-11 4.405151e-11 1.317615e-10 clkbuf_leaf_67_w_clk
 5.819240e-11 2.948604e-11 4.405151e-11 1.317299e-10 clkbuf_leaf_199_v_clk
 5.805685e-11 2.946893e-11 4.405151e-11 1.315773e-10 clkbuf_leaf_276_v_clk
 5.624386e-11 3.112812e-11 4.405151e-11 1.314235e-10 clkbuf_leaf_76_w_clk
 5.804944e-11 2.917327e-11 4.405151e-11 1.312742e-10 clkbuf_leaf_270_v_clk
 5.816191e-11 2.901773e-11 4.405151e-11 1.312311e-10 clkbuf_leaf_210_v_clk
 5.818320e-11 2.896998e-11 4.405151e-11 1.312047e-10 clkbuf_leaf_41_v_clk
 5.814024e-11 2.899858e-11 4.405151e-11 1.311903e-10 clkbuf_leaf_104_v_clk
 5.608637e-11 3.100881e-11 4.405151e-11 1.311467e-10 clkbuf_leaf_7_w_clk
 5.817101e-11 2.890489e-11 4.405151e-11 1.311274e-10 clkbuf_leaf_178_v_clk
 5.819657e-11 2.872110e-11 4.405151e-11 1.309692e-10 clkbuf_leaf_122_v_clk
 5.590488e-11 3.097676e-11 4.405151e-11 1.309332e-10 clkbuf_leaf_31_w_clk
 5.803631e-11 2.865932e-11 4.405151e-11 1.307471e-10 clkbuf_leaf_267_v_clk
 5.612463e-11 3.051463e-11 4.405151e-11 1.306908e-10 clkbuf_leaf_138_w_clk
 5.615120e-11 3.045784e-11 4.405151e-11 1.306606e-10 clkbuf_leaf_166_w_clk
 5.613551e-11 3.042310e-11 4.405151e-11 1.306101e-10 clkbuf_leaf_42_w_clk
 5.821463e-11 2.824269e-11 4.405151e-11 1.305088e-10 clkbuf_leaf_217_v_clk
 5.806515e-11 2.833003e-11 4.405151e-11 1.304467e-10 clkbuf_leaf_109_v_clk
 5.602653e-11 3.022724e-11 4.405151e-11 1.303053e-10 clkbuf_leaf_133_w_clk
 5.612711e-11 3.010183e-11 4.405151e-11 1.302805e-10 clkbuf_leaf_59_w_clk
 1.679823e-11 6.637652e-11 4.699074e-11 1.301655e-10 fanout1171
 5.612294e-11 2.994177e-11 4.405151e-11 1.301162e-10 clkbuf_leaf_45_w_clk
 5.605807e-11 2.990402e-11 4.405151e-11 1.300136e-10 clkbuf_leaf_2_w_clk
 5.801709e-11 2.792336e-11 4.405151e-11 1.299920e-10 clkbuf_leaf_269_v_clk
 5.812947e-11 2.779591e-11 4.405151e-11 1.299769e-10 clkbuf_leaf_211_v_clk
 5.602383e-11 2.971069e-11 4.405151e-11 1.297860e-10 clkbuf_leaf_143_w_clk
 5.612225e-11 2.953211e-11 4.405151e-11 1.297059e-10 clkbuf_leaf_99_w_clk
 5.813976e-11 2.751078e-11 4.405151e-11 1.297021e-10 clkbuf_leaf_194_v_clk
 5.813360e-11 2.749984e-11 4.405151e-11 1.296849e-10 clkbuf_leaf_173_v_clk
 5.587211e-11 2.967217e-11 4.405151e-11 1.295958e-10 clkbuf_leaf_23_w_clk
 5.610216e-11 2.915088e-11 4.405151e-11 1.293045e-10 clkbuf_leaf_44_w_clk
 5.824365e-11 2.698664e-11 4.405151e-11 1.292818e-10 clkbuf_leaf_40_v_clk
 5.603895e-11 2.916450e-11 4.405151e-11 1.292550e-10 clkbuf_leaf_178_w_clk
 5.612647e-11 2.907687e-11 4.405151e-11 1.292549e-10 clkbuf_leaf_77_w_clk
 5.810242e-11 2.704645e-11 4.405151e-11 1.292004e-10 clkbuf_leaf_239_v_clk
 5.818573e-11 2.684127e-11 4.405151e-11 1.290785e-10 clkbuf_leaf_83_v_clk
 5.823789e-11 2.677645e-11 4.405151e-11 1.290658e-10 clkbuf_leaf_47_v_clk
 5.822370e-11 2.672122e-11 4.405151e-11 1.289964e-10 clkbuf_leaf_55_v_clk
 5.604230e-11 2.886250e-11 4.405151e-11 1.289563e-10 clkbuf_leaf_56_w_clk
 5.599167e-11 2.886300e-11 4.405151e-11 1.289062e-10 clkbuf_leaf_121_w_clk
 5.798925e-11 2.685359e-11 4.405151e-11 1.288943e-10 clkbuf_leaf_275_v_clk
 5.812300e-11 2.671452e-11 4.405151e-11 1.288890e-10 clkbuf_leaf_17_v_clk
 5.798810e-11 2.680763e-11 4.405151e-11 1.288472e-10 clkbuf_leaf_273_v_clk
 5.801866e-11 2.653535e-11 4.405151e-11 1.286055e-10 clkbuf_leaf_126_v_clk
 5.800241e-11 2.655146e-11 4.405151e-11 1.286054e-10 clkbuf_leaf_256_v_clk
 5.811483e-11 2.640837e-11 4.405151e-11 1.285747e-10 clkbuf_leaf_23_v_clk
 5.800055e-11 2.647779e-11 4.405151e-11 1.285299e-10 clkbuf_leaf_259_v_clk
 5.826526e-11 2.615740e-11 4.405151e-11 1.284742e-10 clkbuf_leaf_75_v_clk
 5.808984e-11 2.630355e-11 4.405151e-11 1.284449e-10 clkbuf_leaf_231_v_clk
 5.589289e-11 2.848273e-11 4.405151e-11 1.284271e-10 clkbuf_leaf_96_w_clk
 5.606634e-11 2.828363e-11 4.405151e-11 1.284015e-10 clkbuf_leaf_136_w_clk
 5.810502e-11 2.620853e-11 4.405151e-11 1.283651e-10 clkbuf_leaf_200_v_clk
 5.821923e-11 2.607353e-11 4.405151e-11 1.283443e-10 clkbuf_leaf_60_v_clk
 5.610179e-11 2.814029e-11 4.405151e-11 1.282936e-10 clkbuf_leaf_66_w_clk
 5.810312e-11 2.613735e-11 4.405151e-11 1.282920e-10 clkbuf_leaf_198_v_clk
 5.800915e-11 2.617010e-11 4.405151e-11 1.282308e-10 clkbuf_leaf_116_v_clk
 5.601241e-11 2.814857e-11 4.405151e-11 1.282125e-10 clkbuf_leaf_9_w_clk
 5.807930e-11 2.590678e-11 4.405151e-11 1.280376e-10 clkbuf_leaf_223_v_clk
 5.583510e-11 2.812546e-11 4.405151e-11 1.280121e-10 clkbuf_leaf_21_w_clk
 5.796693e-11 2.598896e-11 4.405151e-11 1.280074e-10 clkbuf_leaf_278_v_clk
 5.806393e-11 2.588173e-11 4.405151e-11 1.279972e-10 clkbuf_leaf_167_v_clk
 5.815961e-11 2.576161e-11 4.405151e-11 1.279727e-10 clkbuf_leaf_0_v_clk
 5.809443e-11 2.581160e-11 4.405151e-11 1.279575e-10 clkbuf_leaf_203_v_clk
 5.809395e-11 2.579232e-11 4.405151e-11 1.279378e-10 clkbuf_leaf_197_v_clk
 5.799831e-11 2.575625e-11 4.405151e-11 1.278061e-10 clkbuf_leaf_125_v_clk
 5.820318e-11 2.550848e-11 4.405151e-11 1.277632e-10 clkbuf_leaf_44_v_clk
 5.606243e-11 2.763719e-11 4.405151e-11 1.277511e-10 clkbuf_leaf_46_w_clk
 5.811379e-11 2.557900e-11 4.405151e-11 1.277443e-10 clkbuf_leaf_233_v_clk
 5.807827e-11 2.558670e-11 4.405151e-11 1.277165e-10 clkbuf_leaf_134_v_clk
 5.614386e-11 2.739650e-11 4.405151e-11 1.275919e-10 clkbuf_leaf_78_w_clk
 5.589914e-11 2.763336e-11 4.405151e-11 1.275840e-10 clkbuf_leaf_118_w_clk
 5.589885e-11 2.762283e-11 4.405151e-11 1.275732e-10 clkbuf_leaf_113_w_clk
 5.614313e-11 2.736852e-11 4.405151e-11 1.275632e-10 clkbuf_leaf_83_w_clk
 5.589737e-11 2.756277e-11 4.405151e-11 1.275116e-10 clkbuf_leaf_119_w_clk
 5.599284e-11 2.738294e-11 4.405151e-11 1.274273e-10 clkbuf_leaf_3_w_clk
 5.586765e-11 2.747847e-11 4.405151e-11 1.273976e-10 clkbuf_leaf_102_w_clk
 5.798753e-11 2.535720e-11 4.405151e-11 1.273962e-10 clkbuf_leaf_105_v_clk
 5.596262e-11 2.732642e-11 4.405151e-11 1.273406e-10 clkbuf_leaf_144_w_clk
 5.813657e-11 2.510524e-11 4.405151e-11 1.272933e-10 clkbuf_leaf_86_v_clk
 5.794896e-11 2.528093e-11 4.405151e-11 1.272814e-10 clkbuf_leaf_268_v_clk
 5.606423e-11 2.715648e-11 4.405151e-11 1.272722e-10 clkbuf_leaf_155_w_clk
 5.589058e-11 2.729320e-11 4.405151e-11 1.272353e-10 clkbuf_leaf_112_w_clk
 5.594975e-11 2.722375e-11 4.405151e-11 1.272250e-10 clkbuf_leaf_131_w_clk
 5.581544e-11 2.729843e-11 4.405151e-11 1.271654e-10 clkbuf_leaf_30_w_clk
 5.594674e-11 2.710764e-11 4.405151e-11 1.271059e-10 clkbuf_leaf_124_w_clk
 5.604503e-11 2.697452e-11 4.405151e-11 1.270710e-10 clkbuf_leaf_47_w_clk
 5.812964e-11 2.484896e-11 4.405151e-11 1.270301e-10 clkbuf_leaf_95_v_clk
 5.605277e-11 2.689402e-11 4.405151e-11 1.269983e-10 clkbuf_leaf_91_w_clk
 5.612509e-11 2.669523e-11 4.405151e-11 1.268718e-10 clkbuf_leaf_87_w_clk
 5.795844e-11 2.485809e-11 4.405151e-11 1.268680e-10 clkbuf_leaf_257_v_clk
 5.805547e-11 2.472976e-11 4.405151e-11 1.268367e-10 clkbuf_leaf_141_v_clk
 5.817750e-11 2.457032e-11 4.405151e-11 1.267993e-10 clkbuf_leaf_52_v_clk
 5.594788e-11 2.675362e-11 4.405151e-11 1.267530e-10 clkbuf_leaf_141_w_clk
 5.795179e-11 2.460348e-11 4.405151e-11 1.266068e-10 clkbuf_leaf_255_v_clk
 5.804948e-11 2.450437e-11 4.405151e-11 1.266054e-10 clkbuf_leaf_146_v_clk
 5.815908e-11 2.435435e-11 4.405151e-11 1.265649e-10 clkbuf_leaf_53_v_clk
 5.796616e-11 2.452681e-11 4.405151e-11 1.265445e-10 clkbuf_leaf_118_v_clk
 5.810658e-11 2.438240e-11 4.405151e-11 1.265405e-10 clkbuf_leaf_132_v_clk
 5.579941e-11 2.666835e-11 4.405151e-11 1.265193e-10 clkbuf_leaf_22_w_clk
 5.579895e-11 2.659623e-11 4.405151e-11 1.264467e-10 clkbuf_leaf_32_w_clk
 5.804379e-11 2.429027e-11 4.405151e-11 1.263856e-10 clkbuf_leaf_159_v_clk
 5.804765e-11 2.427200e-11 4.405151e-11 1.263712e-10 clkbuf_leaf_177_v_clk
 5.593826e-11 2.637687e-11 4.405151e-11 1.263666e-10 clkbuf_leaf_156_w_clk
 5.794572e-11 2.436287e-11 4.405151e-11 1.263601e-10 clkbuf_leaf_260_v_clk
 5.805198e-11 2.421826e-11 4.405151e-11 1.263217e-10 clkbuf_leaf_196_v_clk
 5.584150e-11 2.641889e-11 4.405151e-11 1.263119e-10 clkbuf_leaf_98_w_clk
 5.803450e-11 2.421946e-11 4.405151e-11 1.263055e-10 clkbuf_leaf_213_v_clk
 5.801595e-11 2.406887e-11 4.405151e-11 1.261363e-10 clkbuf_leaf_168_v_clk
 5.593229e-11 2.614541e-11 4.405151e-11 1.261292e-10 clkbuf_leaf_159_w_clk
 5.586313e-11 2.619092e-11 4.405151e-11 1.261055e-10 clkbuf_leaf_109_w_clk
 5.603414e-11 2.601460e-11 4.405151e-11 1.261002e-10 clkbuf_leaf_164_w_clk
 5.810970e-11 2.391798e-11 4.405151e-11 1.260792e-10 clkbuf_leaf_294_v_clk
 5.803577e-11 2.398886e-11 4.405151e-11 1.260761e-10 clkbuf_leaf_143_v_clk
 5.802827e-11 2.398481e-11 4.405151e-11 1.260646e-10 clkbuf_leaf_230_v_clk
 5.810590e-11 2.390115e-11 4.405151e-11 1.260586e-10 clkbuf_leaf_290_v_clk
 5.592999e-11 2.605555e-11 4.405151e-11 1.260370e-10 clkbuf_leaf_158_w_clk
 5.820518e-11 2.369785e-11 4.405151e-11 1.259545e-10 clkbuf_leaf_66_v_clk
 5.578664e-11 2.610986e-11 4.405151e-11 1.259480e-10 clkbuf_leaf_29_w_clk
 5.809391e-11 2.377050e-11 4.405151e-11 1.259159e-10 clkbuf_leaf_214_v_clk
 5.591701e-11 2.594317e-11 4.405151e-11 1.259117e-10 clkbuf_leaf_122_w_clk
 5.595831e-11 2.562452e-11 4.405151e-11 1.256343e-10 clkbuf_leaf_49_w_clk
 5.589296e-11 2.567905e-11 4.405151e-11 1.256235e-10 clkbuf_leaf_35_w_clk
 5.582354e-11 2.567622e-11 4.405151e-11 1.255513e-10 clkbuf_leaf_97_w_clk
 5.805634e-11 2.343670e-11 4.405151e-11 1.255445e-10 clkbuf_leaf_235_v_clk
 5.599316e-11 2.549397e-11 4.405151e-11 1.255386e-10 clkbuf_leaf_127_w_clk
 5.595379e-11 2.544961e-11 4.405151e-11 1.254549e-10 clkbuf_leaf_52_w_clk
 5.800503e-11 2.337322e-11 4.405151e-11 1.254297e-10 clkbuf_leaf_240_v_clk
 5.792202e-11 2.344725e-11 4.405151e-11 1.254208e-10 clkbuf_leaf_254_v_clk
 5.802037e-11 2.324734e-11 4.405151e-11 1.253192e-10 clkbuf_leaf_175_v_clk
 5.793464e-11 2.332916e-11 4.405151e-11 1.253153e-10 clkbuf_leaf_107_v_clk
 5.800793e-11 2.321895e-11 4.405151e-11 1.252784e-10 clkbuf_leaf_228_v_clk
 5.804940e-11 2.316370e-11 4.405151e-11 1.252646e-10 clkbuf_leaf_148_v_clk
 5.576621e-11 2.527145e-11 4.405151e-11 1.250892e-10 clkbuf_leaf_27_w_clk
 5.801016e-11 2.302611e-11 4.405151e-11 1.250878e-10 clkbuf_leaf_133_v_clk
 5.804429e-11 2.298799e-11 4.405151e-11 1.250838e-10 clkbuf_leaf_248_v_clk
 5.804165e-11 2.294286e-11 4.405151e-11 1.250360e-10 clkbuf_leaf_123_v_clk
 5.576108e-11 2.509844e-11 4.405151e-11 1.249110e-10 clkbuf_leaf_24_w_clk
 5.801913e-11 2.282289e-11 4.405151e-11 1.248935e-10 clkbuf_leaf_21_v_clk
 5.590085e-11 2.492034e-11 4.405151e-11 1.248727e-10 clkbuf_leaf_142_w_clk
 5.797969e-11 2.269510e-11 4.405151e-11 1.247263e-10 clkbuf_leaf_165_v_clk
 5.803492e-11 2.263825e-11 4.405151e-11 1.247247e-10 clkbuf_leaf_237_v_clk
 5.801307e-11 2.259582e-11 4.405151e-11 1.246604e-10 clkbuf_leaf_42_v_clk
 5.810777e-11 2.247469e-11 4.405151e-11 1.246340e-10 clkbuf_leaf_46_v_clk
 5.815989e-11 2.232981e-11 4.405151e-11 1.245412e-10 clkbuf_leaf_71_v_clk
 5.798181e-11 2.249740e-11 4.405151e-11 1.245307e-10 clkbuf_leaf_252_v_clk
 5.575232e-11 2.469767e-11 4.405151e-11 1.245015e-10 clkbuf_leaf_28_w_clk
 5.791137e-11 2.243131e-11 4.405151e-11 1.243942e-10 clkbuf_leaf_111_v_clk
 5.584940e-11 2.445723e-11 4.405151e-11 1.243581e-10 clkbuf_leaf_1_w_clk
 5.592601e-11 2.437693e-11 4.405151e-11 1.243544e-10 clkbuf_leaf_50_w_clk
 5.581881e-11 2.441773e-11 4.405151e-11 1.242881e-10 clkbuf_leaf_114_w_clk
 5.809854e-11 2.213641e-11 4.405151e-11 1.242865e-10 clkbuf_leaf_54_v_clk
 5.596004e-11 2.422168e-11 4.405151e-11 1.242332e-10 clkbuf_leaf_137_w_clk
 5.801970e-11 2.205667e-11 4.405151e-11 1.241279e-10 clkbuf_leaf_156_v_clk
 5.796364e-11 2.209236e-11 4.405151e-11 1.241075e-10 clkbuf_leaf_179_v_clk
 5.795462e-11 2.197520e-11 4.405151e-11 1.239813e-10 clkbuf_leaf_103_v_clk
 5.810271e-11 2.181807e-11 4.405151e-11 1.239723e-10 clkbuf_leaf_62_v_clk
 5.795994e-11 2.194896e-11 4.405151e-11 1.239604e-10 clkbuf_leaf_166_v_clk
 5.808968e-11 2.181200e-11 4.405151e-11 1.239532e-10 clkbuf_leaf_39_v_clk
 5.805302e-11 2.182381e-11 4.405151e-11 1.239283e-10 clkbuf_leaf_1_v_clk
 5.803479e-11 2.172079e-11 4.405151e-11 1.238071e-10 clkbuf_leaf_129_v_clk
 5.798500e-11 2.170737e-11 4.405151e-11 1.237439e-10 clkbuf_leaf_191_v_clk
 5.792569e-11 2.176011e-11 4.405151e-11 1.237373e-10 clkbuf_leaf_29_v_clk
 5.594574e-11 2.368086e-11 4.405151e-11 1.236781e-10 clkbuf_leaf_128_w_clk
 5.594538e-11 2.366890e-11 4.405151e-11 1.236658e-10 clkbuf_leaf_126_w_clk
 5.814333e-11 2.146470e-11 4.405151e-11 1.236595e-10 clkbuf_leaf_49_v_clk
 5.803853e-11 2.147892e-11 4.405151e-11 1.235690e-10 clkbuf_leaf_93_v_clk
 5.800382e-11 2.147860e-11 4.405151e-11 1.235339e-10 clkbuf_leaf_226_v_clk
 5.577423e-11 2.369447e-11 4.405151e-11 1.235202e-10 clkbuf_leaf_106_w_clk
 5.796121e-11 2.145981e-11 4.405151e-11 1.234725e-10 clkbuf_leaf_222_v_clk
 5.794721e-11 2.147158e-11 4.405151e-11 1.234703e-10 clkbuf_leaf_183_v_clk
 5.787141e-11 2.150082e-11 4.405151e-11 1.234237e-10 clkbuf_leaf_262_v_clk
 5.803600e-11 2.130589e-11 4.405151e-11 1.233934e-10 clkbuf_leaf_87_v_clk
 5.812837e-11 2.120563e-11 4.405151e-11 1.233855e-10 clkbuf_leaf_78_v_clk
 5.797948e-11 2.133716e-11 4.405151e-11 1.233681e-10 clkbuf_leaf_13_v_clk
 5.799737e-11 2.123802e-11 4.405151e-11 1.232869e-10 clkbuf_leaf_244_v_clk
 5.586097e-11 2.336398e-11 4.405151e-11 1.232764e-10 clkbuf_leaf_145_w_clk
 5.597265e-11 2.325217e-11 4.405151e-11 1.232763e-10 clkbuf_leaf_72_w_clk
 5.794156e-11 2.125463e-11 4.405151e-11 1.232477e-10 clkbuf_leaf_185_v_clk
 5.589691e-11 2.325506e-11 4.405151e-11 1.232035e-10 clkbuf_leaf_51_w_clk
 5.803073e-11 2.111089e-11 4.405151e-11 1.231931e-10 clkbuf_leaf_76_v_clk
 5.802858e-11 2.111068e-11 4.405151e-11 1.231908e-10 clkbuf_leaf_96_v_clk
 5.803332e-11 2.109623e-11 4.405151e-11 1.231810e-10 clkbuf_leaf_293_v_clk
 5.799332e-11 2.108711e-11 4.405151e-11 1.231319e-10 clkbuf_leaf_232_v_clk
 5.797791e-11 2.109738e-11 4.405151e-11 1.231268e-10 clkbuf_leaf_8_v_clk
 5.799145e-11 2.107018e-11 4.405151e-11 1.231131e-10 clkbuf_leaf_138_v_clk
 5.794449e-11 2.108979e-11 4.405151e-11 1.230858e-10 clkbuf_leaf_241_v_clk
 5.797100e-11 2.101932e-11 4.405151e-11 1.230418e-10 clkbuf_leaf_22_v_clk
 5.802496e-11 2.090862e-11 4.405151e-11 1.229851e-10 clkbuf_leaf_291_v_clk
 5.585216e-11 2.302240e-11 4.405151e-11 1.229261e-10 clkbuf_leaf_157_w_clk
 5.795761e-11 2.089054e-11 4.405151e-11 1.228997e-10 clkbuf_leaf_174_v_clk
 5.798562e-11 2.085298e-11 4.405151e-11 1.228901e-10 clkbuf_leaf_119_v_clk
 5.796804e-11 2.082575e-11 4.405151e-11 1.228453e-10 clkbuf_leaf_280_v_clk
 5.583911e-11 2.289718e-11 4.405151e-11 1.227878e-10 clkbuf_leaf_125_w_clk
 5.790067e-11 2.080965e-11 4.405151e-11 1.227618e-10 clkbuf_leaf_35_v_clk
 5.792730e-11 2.071572e-11 4.405151e-11 1.226945e-10 clkbuf_leaf_164_v_clk
 5.801534e-11 2.062092e-11 4.405151e-11 1.226878e-10 clkbuf_leaf_90_v_clk
 5.793402e-11 2.069471e-11 4.405151e-11 1.226802e-10 clkbuf_leaf_236_v_clk
 5.796108e-11 2.064750e-11 4.405151e-11 1.226601e-10 clkbuf_leaf_19_v_clk
 5.797924e-11 2.054826e-11 4.405151e-11 1.225790e-10 clkbuf_leaf_152_v_clk
 5.577601e-11 2.270503e-11 4.405151e-11 1.225325e-10 clkbuf_leaf_110_w_clk
 1.677340e-11 6.170613e-11 4.405146e-11 1.225310e-10 fanout755
 5.794617e-11 2.046087e-11 4.405151e-11 1.224585e-10 clkbuf_leaf_171_v_clk
 5.797544e-11 2.042039e-11 4.405151e-11 1.224473e-10 clkbuf_leaf_245_v_clk
 5.804717e-11 2.025479e-11 4.405151e-11 1.223535e-10 clkbuf_leaf_37_v_clk
 5.577112e-11 2.250890e-11 4.405151e-11 1.223315e-10 clkbuf_leaf_116_w_clk
 5.569980e-11 2.257014e-11 4.405151e-11 1.223214e-10 clkbuf_leaf_25_w_clk
 5.797174e-11 2.026842e-11 4.405151e-11 1.222916e-10 clkbuf_leaf_153_v_clk
 5.784269e-11 2.039633e-11 4.405151e-11 1.222905e-10 clkbuf_leaf_263_v_clk
 5.796993e-11 2.026765e-11 4.405151e-11 1.222891e-10 clkbuf_leaf_121_v_clk
 5.794711e-11 2.028587e-11 4.405151e-11 1.222845e-10 clkbuf_leaf_192_v_clk
 5.788795e-11 2.032554e-11 4.405151e-11 1.222650e-10 clkbuf_leaf_32_v_clk
 5.791447e-11 2.023385e-11 4.405151e-11 1.221998e-10 clkbuf_leaf_169_v_clk
 5.594462e-11 2.219289e-11 4.405151e-11 1.221890e-10 clkbuf_leaf_68_w_clk
 5.796831e-11 2.014088e-11 4.405151e-11 1.221607e-10 clkbuf_leaf_154_v_clk
 5.793832e-11 2.016628e-11 4.405151e-11 1.221561e-10 clkbuf_leaf_180_v_clk
 5.810176e-11 1.996371e-11 4.405151e-11 1.221170e-10 clkbuf_leaf_50_v_clk
 5.799907e-11 1.994065e-11 4.405151e-11 1.219912e-10 clkbuf_leaf_84_v_clk
 5.791385e-11 1.993417e-11 4.405151e-11 1.218995e-10 clkbuf_leaf_250_v_clk
 5.793058e-11 1.987526e-11 4.405151e-11 1.218573e-10 clkbuf_leaf_176_v_clk
 5.794471e-11 1.985432e-11 4.405151e-11 1.218505e-10 clkbuf_leaf_3_v_clk
 5.799516e-11 1.979587e-11 4.405151e-11 1.218425e-10 clkbuf_leaf_85_v_clk
 5.808693e-11 1.969110e-11 4.405151e-11 1.218295e-10 clkbuf_leaf_64_v_clk
 5.795867e-11 1.979552e-11 4.405151e-11 1.218057e-10 clkbuf_leaf_246_v_clk
 5.573180e-11 2.197825e-11 4.405151e-11 1.217615e-10 clkbuf_leaf_105_w_clk
 5.793854e-11 1.972097e-11 4.405151e-11 1.217110e-10 clkbuf_leaf_281_v_clk
 5.809020e-11 1.954626e-11 4.405151e-11 1.216880e-10 clkbuf_leaf_51_v_clk
 5.798910e-11 1.958262e-11 4.405151e-11 1.216232e-10 clkbuf_leaf_295_v_clk
 5.579314e-11 2.175156e-11 4.405151e-11 1.215962e-10 clkbuf_leaf_34_w_clk
 5.789089e-11 1.956351e-11 4.405151e-11 1.215059e-10 clkbuf_leaf_115_v_clk
 5.790969e-11 1.951985e-11 4.405151e-11 1.214810e-10 clkbuf_leaf_208_v_clk
 5.572483e-11 2.170006e-11 4.405151e-11 1.214764e-10 clkbuf_leaf_104_w_clk
 5.797313e-11 1.943451e-11 4.405151e-11 1.214591e-10 clkbuf_leaf_137_v_clk
 5.588875e-11 2.150202e-11 4.405151e-11 1.214423e-10 clkbuf_leaf_139_w_clk
 5.793375e-11 1.944433e-11 4.405151e-11 1.214296e-10 clkbuf_leaf_2_v_clk
 5.577678e-11 2.158661e-11 4.405151e-11 1.214149e-10 clkbuf_leaf_175_w_clk
 5.794693e-11 1.940983e-11 4.405151e-11 1.214083e-10 clkbuf_leaf_139_v_clk
 5.794814e-11 1.940227e-11 4.405151e-11 1.214019e-10 clkbuf_leaf_243_v_clk
 5.788802e-11 1.945511e-11 4.405151e-11 1.213946e-10 clkbuf_leaf_114_v_clk
 5.794649e-11 1.932692e-11 4.405151e-11 1.213249e-10 clkbuf_leaf_158_v_clk
 5.581163e-11 2.144508e-11 4.405151e-11 1.213082e-10 clkbuf_leaf_147_w_clk
 5.797874e-11 1.926728e-11 4.405151e-11 1.212975e-10 clkbuf_leaf_92_v_clk
 5.794412e-11 1.923877e-11 4.405151e-11 1.212344e-10 clkbuf_leaf_149_v_clk
 5.802871e-11 1.911527e-11 4.405151e-11 1.211955e-10 clkbuf_leaf_57_v_clk
 5.797693e-11 1.913296e-11 4.405151e-11 1.211614e-10 clkbuf_leaf_292_v_clk
 5.571438e-11 2.127810e-11 4.405151e-11 1.210440e-10 clkbuf_leaf_101_w_clk
 5.789142e-11 1.908789e-11 4.405151e-11 1.210308e-10 clkbuf_leaf_249_v_clk
 5.791546e-11 1.893835e-11 4.405151e-11 1.209053e-10 clkbuf_leaf_18_v_clk
 5.791185e-11 1.880317e-11 4.405151e-11 1.207665e-10 clkbuf_leaf_24_v_clk
 5.780310e-11 1.886939e-11 4.405151e-11 1.207240e-10 clkbuf_leaf_265_v_clk
 5.586849e-11 2.072845e-11 4.405151e-11 1.206484e-10 clkbuf_leaf_140_w_clk
 5.800058e-11 1.854820e-11 4.405151e-11 1.206003e-10 clkbuf_leaf_38_v_clk
 5.786699e-11 1.865923e-11 4.405151e-11 1.205777e-10 clkbuf_leaf_100_v_clk
 5.598264e-11 2.045650e-11 4.405151e-11 1.204906e-10 clkbuf_leaf_169_w_clk
 5.783943e-11 1.847991e-11 4.405151e-11 1.203709e-10 clkbuf_leaf_15_v_clk
 5.786635e-11 1.841558e-11 4.405151e-11 1.203334e-10 clkbuf_leaf_184_v_clk
 5.795333e-11 1.832743e-11 4.405151e-11 1.203323e-10 clkbuf_leaf_94_v_clk
 5.779273e-11 1.848081e-11 4.405151e-11 1.203251e-10 clkbuf_leaf_264_v_clk
 5.788948e-11 1.833210e-11 4.405151e-11 1.202731e-10 clkbuf_leaf_170_v_clk
 5.785817e-11 1.832880e-11 4.405151e-11 1.202385e-10 clkbuf_leaf_106_v_clk
 5.791639e-11 1.827058e-11 4.405151e-11 1.202385e-10 clkbuf_leaf_140_v_clk
 5.794306e-11 1.818247e-11 4.405151e-11 1.201770e-10 clkbuf_leaf_219_v_clk
 5.791563e-11 1.811794e-11 4.405151e-11 1.200851e-10 clkbuf_leaf_206_v_clk
 5.574296e-11 2.024506e-11 4.405151e-11 1.200395e-10 clkbuf_leaf_0_w_clk
 5.791325e-11 1.802930e-11 4.405151e-11 1.199941e-10 clkbuf_leaf_202_v_clk
 5.786130e-11 1.795187e-11 4.405151e-11 1.198647e-10 clkbuf_leaf_266_v_clk
 5.786026e-11 1.791274e-11 4.405151e-11 1.198245e-10 clkbuf_leaf_251_v_clk
 5.786373e-11 1.778852e-11 4.405151e-11 1.197037e-10 clkbuf_leaf_212_v_clk
 5.793028e-11 1.770913e-11 4.405151e-11 1.196909e-10 clkbuf_leaf_220_v_clk
 5.782134e-11 1.779092e-11 4.405151e-11 1.196638e-10 clkbuf_leaf_28_v_clk
 5.573333e-11 1.986306e-11 4.405151e-11 1.196479e-10 clkbuf_leaf_17_w_clk
 5.580531e-11 1.972331e-11 4.405151e-11 1.195801e-10 clkbuf_leaf_54_w_clk
 5.789864e-11 1.760856e-11 4.405151e-11 1.195587e-10 clkbuf_leaf_120_v_clk
 5.802489e-11 1.746251e-11 4.405151e-11 1.195389e-10 clkbuf_leaf_68_v_clk
 5.797125e-11 1.747391e-11 4.405151e-11 1.194967e-10 clkbuf_leaf_36_v_clk
 5.788255e-11 1.752868e-11 4.405151e-11 1.194627e-10 clkbuf_leaf_6_v_clk
 5.783492e-11 1.744910e-11 4.405151e-11 1.193355e-10 clkbuf_leaf_110_v_clk
 5.576196e-11 1.950806e-11 4.405151e-11 1.193215e-10 clkbuf_leaf_146_w_clk
 5.595149e-11 1.930112e-11 4.405151e-11 1.193041e-10 clkbuf_leaf_174_w_clk
 5.789107e-11 1.720271e-11 4.405151e-11 1.191453e-10 clkbuf_leaf_205_v_clk
 5.791236e-11 1.704537e-11 4.405151e-11 1.190092e-10 clkbuf_leaf_215_v_clk
 5.582431e-11 1.904224e-11 4.405151e-11 1.189181e-10 clkbuf_leaf_129_w_clk
 5.790433e-11 1.688400e-11 4.405151e-11 1.188398e-10 clkbuf_leaf_135_v_clk
 5.791189e-11 1.679464e-11 4.405151e-11 1.187580e-10 clkbuf_leaf_98_v_clk
 5.788031e-11 1.680174e-11 4.405151e-11 1.187336e-10 clkbuf_leaf_189_v_clk
 5.574650e-11 1.890865e-11 4.405151e-11 1.187067e-10 clkbuf_leaf_148_w_clk
 5.800085e-11 1.657763e-11 4.405151e-11 1.186300e-10 clkbuf_leaf_73_v_clk
 5.779232e-11 1.668564e-11 4.405151e-11 1.185295e-10 clkbuf_leaf_27_v_clk
 5.785824e-11 1.661850e-11 4.405151e-11 1.185282e-10 clkbuf_leaf_4_v_clk
 5.592992e-11 1.850100e-11 4.405151e-11 1.184824e-10 clkbuf_leaf_176_w_clk
 5.784807e-11 1.633302e-11 4.405151e-11 1.182326e-10 clkbuf_leaf_288_v_clk
 5.570828e-11 1.840275e-11 4.405151e-11 1.181625e-10 clkbuf_leaf_43_w_clk
 5.798768e-11 1.610137e-11 4.405151e-11 1.181406e-10 clkbuf_leaf_70_v_clk
 5.789992e-11 1.616772e-11 4.405151e-11 1.181192e-10 clkbuf_leaf_302_v_clk
 5.788518e-11 1.617408e-11 4.405151e-11 1.181108e-10 clkbuf_leaf_131_v_clk
 5.788803e-11 1.614391e-11 4.405151e-11 1.180834e-10 clkbuf_leaf_229_v_clk
 5.798427e-11 1.597789e-11 4.405151e-11 1.180137e-10 clkbuf_leaf_61_v_clk
 5.777586e-11 1.605949e-11 4.405151e-11 1.178869e-10 clkbuf_leaf_30_v_clk
 5.798714e-11 1.582456e-11 4.405151e-11 1.178632e-10 clkbuf_leaf_65_v_clk
 5.785524e-11 1.586708e-11 4.405151e-11 1.177738e-10 clkbuf_leaf_187_v_clk
 5.785295e-11 1.583954e-11 4.405151e-11 1.177440e-10 clkbuf_leaf_145_v_clk
 5.793658e-11 1.575031e-11 4.405151e-11 1.177384e-10 clkbuf_leaf_59_v_clk
 5.590915e-11 1.773042e-11 4.405151e-11 1.176911e-10 clkbuf_leaf_170_w_clk
 5.788353e-11 1.567966e-11 4.405151e-11 1.176147e-10 clkbuf_leaf_297_v_clk
 5.787379e-11 1.561639e-11 4.405151e-11 1.175417e-10 clkbuf_leaf_221_v_clk
 5.783144e-11 1.561572e-11 4.405151e-11 1.174987e-10 clkbuf_leaf_301_v_clk
 5.569056e-11 1.771312e-11 4.405151e-11 1.174552e-10 clkbuf_leaf_39_w_clk
 5.775849e-11 1.539911e-11 4.405151e-11 1.172091e-10 clkbuf_leaf_31_v_clk
 5.796072e-11 1.514143e-11 4.405151e-11 1.171536e-10 clkbuf_leaf_69_v_clk
 1.672884e-11 5.629058e-11 4.405146e-11 1.170709e-10 fanout754
 5.783532e-11 1.518216e-11 4.405151e-11 1.170690e-10 clkbuf_leaf_150_v_clk
 5.783398e-11 1.514610e-11 4.405151e-11 1.170316e-10 clkbuf_leaf_224_v_clk
 5.777460e-11 1.516653e-11 4.405151e-11 1.169926e-10 clkbuf_leaf_101_v_clk
 1.676432e-11 5.605580e-11 4.405146e-11 1.168716e-10 fanout749
 5.795026e-11 1.476327e-11 4.405151e-11 1.167650e-10 clkbuf_leaf_82_v_clk
 5.782812e-11 1.485639e-11 4.405151e-11 1.167360e-10 clkbuf_leaf_201_v_clk
 5.567215e-11 1.698038e-11 4.405151e-11 1.167040e-10 clkbuf_leaf_41_w_clk
 5.780794e-11 1.483050e-11 4.405151e-11 1.166899e-10 clkbuf_leaf_284_v_clk
 5.790833e-11 1.471820e-11 4.405151e-11 1.166780e-10 clkbuf_leaf_58_v_clk
 5.794127e-11 1.443789e-11 4.405151e-11 1.164307e-10 clkbuf_leaf_67_v_clk
 5.785520e-11 1.451556e-11 4.405151e-11 1.164223e-10 clkbuf_leaf_300_v_clk
 5.785420e-11 1.447862e-11 4.405151e-11 1.163843e-10 clkbuf_leaf_296_v_clk
 5.779940e-11 1.451066e-11 4.405151e-11 1.163616e-10 clkbuf_leaf_287_v_clk
 5.781784e-11 1.447309e-11 4.405151e-11 1.163424e-10 clkbuf_leaf_190_v_clk
 5.784209e-11 1.421554e-11 4.405151e-11 1.161091e-10 clkbuf_leaf_286_v_clk
 5.780780e-11 1.422971e-11 4.405151e-11 1.160890e-10 clkbuf_leaf_242_v_clk
 5.783537e-11 1.409160e-11 4.405151e-11 1.159785e-10 clkbuf_leaf_89_v_clk
 5.772466e-11 1.419095e-11 4.405151e-11 1.159671e-10 clkbuf_leaf_25_v_clk
 5.777719e-11 1.389669e-11 4.405151e-11 1.157254e-10 clkbuf_leaf_283_v_clk
 5.778196e-11 1.356775e-11 4.405151e-11 1.154012e-10 clkbuf_leaf_155_v_clk
 5.563594e-11 1.555993e-11 4.405151e-11 1.152474e-10 clkbuf_leaf_37_w_clk
 5.775235e-11 1.326506e-11 4.405151e-11 1.150689e-10 clkbuf_leaf_277_v_clk
 5.560931e-11 1.451333e-11 4.405151e-11 1.141741e-10 clkbuf_leaf_36_w_clk
 5.559530e-11 1.440031e-11 4.405151e-11 1.140471e-10 clkbuf_leaf_16_w_clk
 5.777849e-11 1.200320e-11 4.405151e-11 1.138332e-10 clkbuf_leaf_10_v_clk
 5.763464e-11 1.185124e-11 4.405151e-11 1.135374e-10 clkbuf_leaf_16_v_clk
 5.761138e-11 7.863294e-12 4.405151e-11 1.095262e-10 clkbuf_leaf_14_v_clk
 5.761094e-11 7.852164e-12 4.405151e-11 1.095146e-10 clkbuf_leaf_12_v_clk
 5.760681e-11 7.749986e-12 4.405151e-11 1.094083e-10 clkbuf_leaf_7_v_clk
 5.760409e-11 7.682463e-12 4.405151e-11 1.093381e-10 clkbuf_leaf_298_v_clk
 6.924849e-12 5.234847e-11 4.699071e-11 1.062640e-10 fanout449
 4.350591e-11 0.000000e+00 5.975646e-11 1.032624e-10 clkload166
 4.342495e-11 0.000000e+00 5.975646e-11 1.031814e-10 clkload145
 4.165723e-11 0.000000e+00 5.975645e-11 1.014137e-10 clkload34
 4.159162e-11 0.000000e+00 5.975645e-11 1.013481e-10 clkload32
 5.721222e-11 0.000000e+00 4.405151e-11 1.012637e-10 clkload161
 7.003154e-12 3.870835e-11 4.699074e-11 9.270223e-11 wire902
 4.824444e-12 4.074179e-11 4.699072e-11 9.255695e-11 wire211
 9.019345e-12 5.662158e-11 2.663978e-11 9.228070e-11 fanout1299
 6.989782e-12 4.117402e-11 4.405145e-11 9.221525e-11 max_cap904
 4.832554e-12 4.298964e-11 4.405146e-11 9.187365e-11 wire197
 6.889247e-12 3.790305e-11 4.699074e-11 9.178303e-11 fanout312
 6.889100e-12 3.729570e-11 4.699074e-11 9.117554e-11 max_cap201
 4.892922e-12 3.766385e-11 4.699076e-11 8.954754e-11 max_cap159
 4.819532e-12 3.975884e-11 4.405143e-11 8.862980e-11 max_cap189
 6.891188e-12 3.679565e-11 4.405146e-11 8.773830e-11 max_cap284
 8.353580e-12 5.268393e-11 2.663994e-11 8.767745e-11 fanout1181
 4.826634e-12 3.772251e-11 4.405146e-11 8.660060e-11 max_cap419
 6.994720e-12 3.508910e-11 4.405147e-11 8.613529e-11 max_cap547
 4.802794e-12 3.281382e-11 4.699072e-11 8.460733e-11 max_cap203
 4.822623e-12 3.500944e-11 4.405144e-11 8.388351e-11 max_cap503
 4.849749e-12 3.134872e-11 4.699074e-11 8.318921e-11 max_cap400
 4.780570e-12 3.126460e-11 4.699072e-11 8.303588e-11 max_cap255
 8.830085e-12 4.705874e-11 2.663978e-11 8.252861e-11 fanout1274
 4.836084e-12 3.028290e-11 4.699074e-11 8.210972e-11 wire150
 4.857490e-12 3.023443e-11 4.699073e-11 8.208265e-11 wire511
 8.336352e-12 5.027220e-11 2.345406e-11 8.206262e-11 fanout743
 4.785502e-12 3.015318e-11 4.699072e-11 8.192939e-11 wire289
 4.796900e-12 3.013806e-11 4.699076e-11 8.192572e-11 max_cap240
 8.367919e-12 4.966335e-11 2.345406e-11 8.148534e-11 fanout752
 4.785635e-12 2.951823e-11 4.699073e-11 8.129460e-11 wire285
 4.861899e-12 3.234581e-11 4.405147e-11 8.125917e-11 wire475
 7.005950e-12 2.994009e-11 4.405148e-11 8.099751e-11 max_cap728
 6.866425e-12 2.977900e-11 4.405146e-11 8.069688e-11 max_cap352
 6.947593e-12 2.661078e-11 4.699071e-11 8.054908e-11 max_cap448
 4.780273e-12 2.875272e-11 4.699076e-11 8.052375e-11 max_cap443
 8.826359e-12 4.476426e-11 2.663978e-11 8.023039e-11 fanout1288
 8.323576e-12 4.522405e-11 2.663994e-11 8.018756e-11 fanout1194
 4.850058e-12 3.117401e-11 4.405143e-11 8.007549e-11 fanout882
 4.776545e-12 2.820696e-11 4.699072e-11 7.997422e-11 max_cap291
 4.868022e-12 2.809297e-11 4.699076e-11 7.995175e-11 max_cap224
 4.823608e-12 2.812691e-11 4.699076e-11 7.994128e-11 max_cap295
 4.769012e-12 2.797056e-11 4.699074e-11 7.973031e-11 fanout360
 4.875330e-12 3.034033e-11 4.405150e-11 7.926715e-11 max_cap357
 6.915913e-12 2.826557e-11 4.405147e-11 7.923295e-11 max_cap501
 4.854919e-12 2.722569e-11 4.699072e-11 7.907133e-11 wire1257
 4.790282e-12 2.990985e-11 4.405148e-11 7.875160e-11 max_cap348
 8.327057e-12 4.694583e-11 2.345406e-11 7.872696e-11 fanout756
 4.790151e-12 2.969883e-11 4.405143e-11 7.854041e-11 wire241
 3.193677e-11 0.000000e+00 4.643644e-11 7.837321e-11 clkload154
 3.193606e-11 0.000000e+00 4.643644e-11 7.837250e-11 clkload151
 3.185759e-11 0.000000e+00 4.643644e-11 7.829403e-11 clkload162
 4.771462e-12 2.652273e-11 4.699076e-11 7.828495e-11 max_cap521
 3.182430e-11 0.000000e+00 4.643644e-11 7.826074e-11 clkload163
 4.824870e-12 2.937788e-11 4.405143e-11 7.825417e-11 fanout1711
 4.826744e-12 2.638108e-11 4.699076e-11 7.819858e-11 max_cap471
 8.314439e-12 4.300275e-11 2.663994e-11 7.795713e-11 fanout1186
 4.760791e-12 2.591080e-11 4.699072e-11 7.766231e-11 max_cap306
 4.835581e-12 2.566375e-11 4.699076e-11 7.749009e-11 max_cap302
 8.312524e-12 4.238277e-11 2.663994e-11 7.733524e-11 fanout1185
 4.805208e-12 2.818253e-11 4.405144e-11 7.703918e-11 wire309
 4.880387e-12 2.789054e-11 4.405144e-11 7.682237e-11 wire890
 8.361234e-12 4.452506e-11 2.345406e-11 7.634036e-11 fanout736
 4.776905e-12 2.748341e-11 4.405144e-11 7.631176e-11 max_cap254
 8.348099e-12 4.439545e-11 2.345406e-11 7.619762e-11 fanout748
 8.312123e-12 4.441171e-11 2.345406e-11 7.617790e-11 fanout741
 4.783283e-12 2.700575e-11 4.405148e-11 7.584051e-11 max_cap431
 4.754422e-12 2.361948e-11 4.699072e-11 7.536462e-11 max_cap406
 8.303872e-12 4.035575e-11 2.663994e-11 7.529956e-11 fanout1191
 4.764657e-12 2.295958e-11 4.699072e-11 7.471496e-11 fanout1369
 8.337474e-12 4.286744e-11 2.345406e-11 7.465897e-11 fanout740
 4.758847e-12 2.283278e-11 4.699074e-11 7.458237e-11 fanout253
 8.433259e-12 4.259340e-11 2.345406e-11 7.448073e-11 fanout753
 4.823713e-12 2.263306e-11 4.699074e-11 7.444752e-11 max_cap731
 8.335920e-12 3.914434e-11 2.663994e-11 7.412020e-11 fanout1160
 4.812135e-12 2.502980e-11 4.405144e-11 7.389338e-11 fanout1720
 4.832536e-12 2.191379e-11 4.699076e-11 7.373709e-11 max_cap1351
 4.844977e-12 2.481817e-11 4.405143e-11 7.371458e-11 wire520
 4.807696e-12 2.190926e-11 4.699074e-11 7.370770e-11 max_cap481
 4.773933e-12 2.154494e-11 4.699071e-11 7.330959e-11 fanout556
 4.751347e-12 2.449664e-11 4.405148e-11 7.329947e-11 fanout562
 4.824106e-12 2.129074e-11 4.699076e-11 7.310560e-11 wire515
 4.777358e-12 2.132417e-11 4.699071e-11 7.309223e-11 max_cap1265
 8.418791e-12 3.793679e-11 2.663994e-11 7.299552e-11 fanout1170
 8.332703e-12 4.116718e-11 2.345406e-11 7.295394e-11 fanout732
 4.785748e-12 2.096052e-11 4.699073e-11 7.273700e-11 max_cap491
 4.806836e-12 2.361249e-11 4.405146e-11 7.247078e-11 max_cap496
 4.840368e-12 2.351908e-11 4.405148e-11 7.241093e-11 max_cap374
 4.807128e-12 2.057841e-11 4.699074e-11 7.237627e-11 max_cap479
 4.838318e-12 2.344868e-11 4.405144e-11 7.233844e-11 max_cap888
 4.734744e-12 2.043066e-11 4.699076e-11 7.215616e-11 max_cap567
 4.851940e-12 2.320003e-11 4.405146e-11 7.210343e-11 wire493
 4.845931e-12 2.311775e-11 4.405147e-11 7.201515e-11 max_cap972
 4.720087e-12 2.004318e-11 4.699076e-11 7.175402e-11 max_cap366
 4.853389e-12 2.248324e-11 4.405147e-11 7.138810e-11 wire1725
 4.783313e-12 1.942819e-11 4.699072e-11 7.120222e-11 fanout1340
 4.764687e-12 1.940849e-11 4.699072e-11 7.116389e-11 fanout1383
 4.781808e-12 1.922298e-11 4.699071e-11 7.099550e-11 max_cap554
 8.426222e-12 3.591867e-11 2.663994e-11 7.098483e-11 fanout1162
 8.260500e-12 3.605141e-11 2.663994e-11 7.095184e-11 fanout1168
 4.758239e-12 2.213272e-11 4.405144e-11 7.094240e-11 max_cap300
 4.830111e-12 2.197659e-11 4.405147e-11 7.085817e-11 max_cap1727
 4.812047e-12 2.199153e-11 4.405147e-11 7.085504e-11 max_cap424
 4.732406e-12 1.907987e-11 4.699076e-11 7.080304e-11 fanout1354
 4.776840e-12 2.182245e-11 4.405143e-11 7.065072e-11 wire935
 8.444569e-12 3.546381e-11 2.663994e-11 7.054831e-11 fanout1164
 3.716889e-12 1.976287e-11 4.699055e-11 7.047030e-11 fanout1612
 4.785894e-12 1.864424e-11 4.699072e-11 7.042086e-11 max_cap1255
 2.679396e-12 2.074968e-11 4.699077e-11 7.041984e-11 max_cap162
 2.699333e-12 2.346710e-11 4.405140e-11 7.021784e-11 fanout1121
 8.308339e-12 3.526664e-11 2.663994e-11 7.021492e-11 fanout1182
 8.422854e-12 3.833298e-11 2.345406e-11 7.020989e-11 fanout738
 4.767814e-12 2.130122e-11 4.405143e-11 7.012046e-11 max_cap919
 4.747818e-12 1.830914e-11 4.699076e-11 7.004772e-11 fanout1357
 8.945227e-12 3.446048e-11 2.663978e-11 7.004548e-11 fanout1310
 8.443170e-12 3.494032e-11 2.663994e-11 7.002342e-11 fanout1176
 8.971268e-12 3.427769e-11 2.663978e-11 6.988873e-11 fanout1305
 4.802424e-12 1.802341e-11 4.699076e-11 6.981659e-11 max_cap1348
 4.829938e-12 1.796556e-11 4.699073e-11 6.978623e-11 max_cap489
 4.722449e-12 1.799616e-11 4.699072e-11 6.970932e-11 fanout1391
 4.756217e-12 2.067035e-11 4.405144e-11 6.947801e-11 max_cap915
 8.453404e-12 3.754167e-11 2.345406e-11 6.944914e-11 fanout739
 4.719549e-12 1.764338e-11 4.699072e-11 6.935365e-11 fanout1392
 8.472388e-12 3.739815e-11 2.345406e-11 6.932460e-11 fanout758
 3.761234e-12 2.151069e-11 4.405160e-11 6.932352e-11 max_cap1200
 4.821402e-12 1.741565e-11 4.699072e-11 6.922778e-11 max_cap1339
 8.275331e-12 3.424451e-11 2.663994e-11 6.915978e-11 fanout1193
 4.818061e-12 1.731224e-11 4.699076e-11 6.912106e-11 max_cap1353
 4.787666e-12 1.730675e-11 4.699072e-11 6.908513e-11 max_cap1371
 4.722481e-12 1.736492e-11 4.699072e-11 6.907812e-11 fanout1387
 4.760641e-12 2.024770e-11 4.405144e-11 6.905977e-11 fanout1714
 4.719705e-12 1.727942e-11 4.699072e-11 6.898984e-11 fanout1363
 4.726980e-12 1.722017e-11 4.699071e-11 6.893786e-11 fanout555
 4.723034e-12 1.712599e-11 4.699072e-11 6.883974e-11 fanout1374
 4.746409e-12 1.702982e-11 4.699072e-11 6.876695e-11 fanout1382
 3.707792e-12 1.790766e-11 4.699052e-11 6.860597e-11 fanout969
 8.897003e-12 3.303425e-11 2.663978e-11 6.857102e-11 fanout1331
 4.738362e-12 1.969441e-11 4.405147e-11 6.848425e-11 fanout973
 8.407327e-12 3.324436e-11 2.663994e-11 6.829162e-11 fanout1187
 8.431664e-12 3.310987e-11 2.663994e-11 6.818147e-11 fanout1159
 4.717369e-12 1.638300e-11 4.699072e-11 6.809109e-11 fanout1376
 4.731885e-12 1.624553e-11 4.699072e-11 6.796813e-11 fanout1390
 8.895044e-12 3.242756e-11 2.663978e-11 6.796238e-11 fanout1293
 8.928817e-12 3.232373e-11 2.663978e-11 6.789233e-11 fanout1285
 4.814125e-12 1.900036e-11 4.405144e-11 6.786593e-11 max_cap1716
 4.778121e-12 1.902974e-11 4.405143e-11 6.785929e-11 max_cap808
 2.668478e-12 1.808850e-11 4.699076e-11 6.774774e-11 max_cap1155
 2.718759e-12 1.800387e-11 4.699078e-11 6.771340e-11 wire1041
 4.734982e-12 1.596949e-11 4.699072e-11 6.769519e-11 fanout1373
 2.698138e-12 2.092744e-11 4.405142e-11 6.767699e-11 max_cap438
 3.728585e-12 1.968524e-11 4.405164e-11 6.746546e-11 fanout1409
 4.729842e-12 1.856249e-11 4.405144e-11 6.734377e-11 fanout1717
 4.701489e-12 1.545024e-11 4.699072e-11 6.714244e-11 fanout1384
 4.801213e-12 1.826953e-11 4.405147e-11 6.712221e-11 fanout1723
 4.718449e-12 1.539326e-11 4.699076e-11 6.710246e-11 max_cap363
 4.808984e-12 1.530155e-11 4.699076e-11 6.710130e-11 max_cap1346
 2.663402e-12 1.737472e-11 4.699077e-11 6.702890e-11 wire873
 4.794371e-12 1.816203e-11 4.405147e-11 6.700787e-11 max_cap1722
 4.818075e-12 1.799039e-11 4.405143e-11 6.685989e-11 wire1704
 2.676584e-12 2.010658e-11 4.405143e-11 6.683459e-11 fanout671
 2.705322e-12 1.709580e-11 4.699077e-11 6.679190e-11 max_cap350
 4.719929e-12 1.507860e-11 4.699072e-11 6.678925e-11 fanout1396
 3.697675e-12 1.602544e-11 4.699055e-11 6.671366e-11 fanout1578
 2.654427e-12 1.702750e-11 4.699077e-11 6.667270e-11 fanout198
 3.708223e-12 1.890708e-11 4.405164e-11 6.666694e-11 fanout1408
 2.710911e-12 1.984666e-11 4.405146e-11 6.660903e-11 max_cap897
 2.671815e-12 1.691377e-11 4.699076e-11 6.657634e-11 wire499
 4.734205e-12 1.777489e-11 4.405143e-11 6.656052e-11 fanout1707
 4.702857e-12 1.481490e-11 4.699072e-11 6.650848e-11 fanout1386
 4.303188e-11 0.000000e+00 2.345417e-11 6.648605e-11 clkload7
 4.302160e-11 0.000000e+00 2.345417e-11 6.647577e-11 clkload9
 8.288282e-12 3.152639e-11 2.663994e-11 6.645461e-11 fanout1192
 4.703626e-12 1.459125e-11 4.699072e-11 6.628559e-11 fanout1364
 4.702790e-12 1.447075e-11 4.699072e-11 6.616425e-11 fanout1377
 2.652131e-12 1.643104e-11 4.699077e-11 6.607394e-11 max_cap155
 4.726091e-12 1.723668e-11 4.405148e-11 6.601425e-11 fanout1676
 2.682948e-12 1.922911e-11 4.405142e-11 6.596348e-11 fanout377
 4.742901e-12 1.714215e-11 4.405148e-11 6.593653e-11 fanout1632
 4.805017e-12 1.702623e-11 4.405143e-11 6.588268e-11 max_cap1706
 2.667034e-12 1.614570e-11 4.699074e-11 6.580347e-11 wire370
 4.760937e-12 1.686111e-11 4.405146e-11 6.567351e-11 fanout494
 8.875980e-12 3.014094e-11 2.663978e-11 6.565670e-11 fanout1325
 2.650364e-12 1.594624e-11 4.699077e-11 6.558738e-11 fanout220
 4.717060e-12 1.678579e-11 4.405148e-11 6.555434e-11 fanout559
 3.711796e-12 1.777045e-11 4.405164e-11 6.553389e-11 fanout1400
 2.664143e-12 1.562249e-11 4.699077e-11 6.527741e-11 max_cap315
 4.772300e-12 1.349357e-11 4.699076e-11 6.525663e-11 fanout1349
 8.400777e-12 3.016365e-11 2.663994e-11 6.520436e-11 fanout1184
 4.712054e-12 1.640672e-11 4.405148e-11 6.517026e-11 fanout1621
 3.204742e-11 0.000000e+00 3.311824e-11 6.516566e-11 clkload20
 3.201832e-11 0.000000e+00 3.311824e-11 6.513656e-11 clkload11
 4.724854e-12 1.634921e-11 4.405148e-11 6.512554e-11 fanout1615
 3.199761e-11 0.000000e+00 3.311824e-11 6.511584e-11 clkload25
 4.728445e-12 1.616448e-11 4.405148e-11 6.494440e-11 fanout1682
 3.176583e-11 0.000000e+00 3.311824e-11 6.488407e-11 clkload3
 4.696512e-12 1.612554e-11 4.405148e-11 6.487354e-11 fanout1617
 3.683272e-12 1.418723e-11 4.699055e-11 6.486105e-11 fanout1582
 4.731448e-12 1.606261e-11 4.405148e-11 6.484553e-11 fanout1630
 2.671111e-12 1.801472e-11 4.405142e-11 6.473726e-11 max_cap666
 3.149019e-11 0.000000e+00 3.311824e-11 6.460843e-11 clkload1
 4.721631e-12 1.575473e-11 4.405148e-11 6.452783e-11 fanout1691
 3.683842e-12 1.381379e-11 4.699055e-11 6.448818e-11 fanout1590
 2.652311e-12 1.484431e-11 4.699077e-11 6.448739e-11 wire463
 2.691142e-12 1.765629e-11 4.405148e-11 6.439891e-11 max_cap1738
 4.697755e-12 1.563551e-11 4.405148e-11 6.438473e-11 fanout1657
 4.731225e-12 1.559814e-11 4.405148e-11 6.438085e-11 fanout1640
 4.696151e-12 1.544525e-11 4.405148e-11 6.419287e-11 fanout1664
 4.725711e-12 1.530973e-11 4.405148e-11 6.408692e-11 fanout1627
 8.397306e-12 2.899997e-11 2.663994e-11 6.403722e-11 fanout1178
 2.696001e-12 1.430191e-11 4.699072e-11 6.398863e-11 wire1263
 3.688310e-12 1.319649e-11 4.699055e-11 6.387535e-11 fanout1604
 2.664588e-12 1.421022e-11 4.699077e-11 6.386558e-11 max_cap1249
 2.708373e-12 1.415097e-11 4.699073e-11 6.385008e-11 max_cap892
 3.690616e-12 1.602762e-11 4.405164e-11 6.376989e-11 fanout1402
 3.675918e-12 1.309900e-11 4.699055e-11 6.376547e-11 fanout1603
 4.808273e-12 1.480242e-11 4.405148e-11 6.366217e-11 max_cap1655
 4.766906e-12 1.484355e-11 4.405148e-11 6.366194e-11 max_cap1614
 8.372216e-12 2.860920e-11 2.663994e-11 6.362136e-11 fanout1172
 3.674619e-12 1.292805e-11 4.699055e-11 6.359321e-11 fanout1605
 4.698714e-12 1.477289e-11 4.405148e-11 6.352308e-11 fanout1623
 3.675797e-12 1.275134e-11 4.699055e-11 6.341768e-11 fanout1592
 4.719650e-12 1.462549e-11 4.405148e-11 6.339661e-11 fanout1619
 8.371782e-12 2.837102e-11 2.663994e-11 6.338273e-11 fanout1158
 4.713880e-12 1.461708e-11 4.405148e-11 6.338244e-11 fanout1648
 4.711685e-12 1.457357e-11 4.405148e-11 6.333673e-11 fanout1667
 3.685222e-12 1.558418e-11 4.405164e-11 6.332104e-11 fanout1403
 4.732313e-12 1.452273e-11 4.405148e-11 6.330652e-11 fanout1651
 2.662056e-12 1.652310e-11 4.405142e-11 6.323657e-11 max_cap434
 4.730833e-12 1.439842e-11 4.405148e-11 6.318073e-11 fanout1670
 4.718029e-12 1.430118e-11 4.405148e-11 6.307069e-11 fanout1626
 3.684417e-12 1.234028e-11 4.699055e-11 6.301525e-11 fanout1576
 4.686028e-12 1.421827e-11 4.405148e-11 6.295578e-11 fanout1653
 4.707305e-12 1.411446e-11 4.405148e-11 6.287324e-11 fanout1645
 3.681548e-12 1.513533e-11 4.405164e-11 6.286852e-11 fanout1404
 3.670170e-12 1.217107e-11 4.699055e-11 6.283178e-11 fanout1577
 4.708761e-12 1.394178e-11 4.405148e-11 6.270202e-11 fanout1647
 2.644583e-12 1.306381e-11 4.699077e-11 6.269917e-11 max_cap330
 1.918885e-12 2.693680e-11 3.382378e-11 6.267947e-11 _18114_
 2.659395e-12 1.302790e-11 4.699076e-11 6.267805e-11 fanout1236
 4.760027e-12 1.383472e-11 4.405143e-11 6.264618e-11 max_cap1698
 4.721276e-12 1.385811e-11 4.405148e-11 6.263087e-11 fanout1656
 3.667058e-12 1.195956e-11 4.699055e-11 6.261716e-11 fanout1602
 2.637935e-12 1.287229e-11 4.699077e-11 6.250100e-11 max_cap418
 2.674524e-12 1.573550e-11 4.405151e-11 6.246154e-11 fanout976
 4.719500e-12 1.364474e-11 4.405148e-11 6.241573e-11 fanout1690
 4.713383e-12 1.364935e-11 4.405148e-11 6.241421e-11 fanout1635
 2.636371e-12 1.249075e-11 4.699074e-11 6.211787e-11 fanout837
 2.694345e-12 1.237611e-11 4.699077e-11 6.206122e-11 wire273
 3.651191e-12 1.140698e-11 4.699055e-11 6.204872e-11 fanout1596
 8.921482e-12 2.647271e-11 2.663978e-11 6.203397e-11 fanout1275
 2.677735e-12 1.228273e-11 4.699077e-11 6.195124e-11 max_cap1251
 2.657308e-12 1.513026e-11 4.405144e-11 6.183901e-11 fanout858
 2.678198e-12 1.502866e-11 4.405142e-11 6.175827e-11 wire537
 2.705664e-12 1.496177e-11 4.405142e-11 6.171886e-11 max_cap670
 4.703456e-12 1.279099e-11 4.405148e-11 6.154592e-11 fanout1668
 4.718109e-12 1.267251e-11 4.405148e-11 6.144210e-11 fanout1652
 2.647357e-12 1.468586e-11 4.405148e-11 6.138469e-11 fanout1734
 2.627340e-12 1.165104e-11 4.699077e-11 6.126914e-11 fanout467
 2.647757e-12 1.157119e-11 4.699077e-11 6.120972e-11 fanout570
 2.693885e-12 1.440980e-11 4.405142e-11 6.115511e-11 max_cap379
 2.688993e-12 1.125300e-11 4.699077e-11 6.093277e-11 max_cap1253
 2.672891e-12 1.120082e-11 4.699077e-11 6.086448e-11 max_cap694
 2.633112e-12 1.120180e-11 4.699077e-11 6.082568e-11 fanout696
 2.689735e-12 1.401474e-11 4.405148e-11 6.075596e-11 max_cap529
 2.634465e-12 1.096873e-11 4.699077e-11 6.059397e-11 fanout574
 2.644954e-12 1.093137e-11 4.699070e-11 6.056702e-11 max_cap420
 2.696519e-12 1.081779e-11 4.699077e-11 6.050507e-11 max_cap1204
 2.682812e-12 1.078440e-11 4.699077e-11 6.045799e-11 max_cap701
 2.633493e-12 1.082136e-11 4.699077e-11 6.044562e-11 fanout261
 2.691265e-12 1.360165e-11 4.405142e-11 6.034433e-11 wire676
 2.675727e-12 1.353906e-11 4.405142e-11 6.026621e-11 wire925
 2.686762e-12 1.352492e-11 4.405148e-11 6.026316e-11 max_cap1731
 2.634363e-12 1.060551e-11 4.699077e-11 6.023065e-11 fanout263
 2.675011e-12 1.046198e-11 4.699074e-11 6.012773e-11 max_cap824
 2.672110e-12 1.040440e-11 4.699077e-11 6.006728e-11 max_cap1247
 2.667217e-12 1.036049e-11 4.699074e-11 6.001844e-11 max_cap818
 2.689857e-12 1.325426e-11 4.405148e-11 5.999559e-11 max_cap1736
 2.628327e-12 1.032669e-11 4.699077e-11 5.994579e-11 fanout266
 2.629014e-12 1.031757e-11 4.699077e-11 5.993735e-11 fanout687
 2.617946e-12 1.027839e-11 4.699074e-11 5.988707e-11 fanout834
 2.627617e-12 1.023459e-11 4.699077e-11 5.985298e-11 fanout268
 2.634218e-12 1.011849e-11 4.699077e-11 5.974347e-11 fanout690
 2.688505e-12 1.296815e-11 4.405150e-11 5.970816e-11 max_cap875
 2.626517e-12 1.000835e-11 4.699077e-11 5.962564e-11 fanout684
 2.623242e-12 1.000312e-11 4.699077e-11 5.961713e-11 fanout699
 2.615056e-12 9.931778e-12 4.699074e-11 5.953758e-11 fanout831
 2.628196e-12 9.916213e-12 4.699077e-11 5.953518e-11 fanout703
 2.633708e-12 9.876381e-12 4.699074e-11 5.950083e-11 fanout822
 2.671599e-12 9.806790e-12 4.699077e-11 5.946916e-11 max_cap1202
 2.658902e-12 9.792589e-12 4.699071e-11 5.944220e-11 max_cap525
 2.622452e-12 9.783319e-12 4.699074e-11 5.939652e-11 fanout815
 2.636590e-12 9.693656e-12 4.699074e-11 5.932099e-11 fanout825
 2.707131e-12 1.234511e-11 4.405142e-11 5.910366e-11 max_cap539
 2.618897e-12 9.456208e-12 4.699077e-11 5.906588e-11 fanout271
 2.631685e-12 9.443312e-12 4.699077e-11 5.906577e-11 fanout689
 2.623627e-12 9.414860e-12 4.699074e-11 5.902923e-11 fanout835
 2.617128e-12 9.260076e-12 4.699077e-11 5.886797e-11 fanout697
 2.616125e-12 9.173121e-12 4.699074e-11 5.877999e-11 fanout826
 2.635471e-12 1.209010e-11 4.405148e-11 5.877705e-11 fanout979
 2.617363e-12 9.082323e-12 4.699074e-11 5.869043e-11 fanout839
 2.623562e-12 9.028327e-12 4.699077e-11 5.864266e-11 fanout275
 2.630110e-12 8.879010e-12 4.699074e-11 5.849986e-11 fanout840
 2.627603e-12 8.869308e-12 4.699077e-11 5.848768e-11 fanout683
 2.690434e-12 1.167850e-11 4.405142e-11 5.842035e-11 max_cap930
 1.607792e-12 9.806135e-12 4.699052e-11 5.840445e-11 fanout1575
 1.631576e-12 1.259446e-11 4.405158e-11 5.827761e-11 max_cap508
 2.634429e-12 1.147361e-11 4.405144e-11 5.815948e-11 fanout857
 2.624668e-12 8.428914e-12 4.699074e-11 5.804432e-11 fanout821
 2.627181e-12 8.405455e-12 4.699074e-11 5.802338e-11 fanout838
 2.640351e-12 8.330408e-12 4.699071e-11 5.796147e-11 max_cap523
 1.614027e-12 1.229354e-11 4.405167e-11 5.795923e-11 fanout1413
 2.632568e-12 1.123535e-11 4.405144e-11 5.791936e-11 fanout855
 2.619215e-12 8.286836e-12 4.699077e-11 5.789682e-11 fanout691
 2.621693e-12 8.221199e-12 4.699078e-11 5.783367e-11 fanout179
 2.634807e-12 1.113179e-11 4.405148e-11 5.781808e-11 fanout533
 2.629109e-12 1.103463e-11 4.405144e-11 5.771518e-11 fanout868
 2.624334e-12 8.088442e-12 4.699074e-11 5.770352e-11 fanout841
 2.620179e-12 8.020323e-12 4.699074e-11 5.763124e-11 fanout833
 2.638301e-12 1.076817e-11 4.405148e-11 5.745795e-11 fanout532
 2.665366e-12 1.057839e-11 4.405142e-11 5.729518e-11 max_cap708
 1.589281e-12 8.705707e-12 4.699052e-11 5.728551e-11 fanout1562
 2.628345e-12 1.049616e-11 4.405142e-11 5.717593e-11 fanout714
 2.667531e-12 1.039915e-11 4.405151e-11 5.711819e-11 wire975
 2.662920e-12 1.039942e-11 4.405148e-11 5.711382e-11 max_cap1729
 2.625795e-12 1.037030e-11 4.405144e-11 5.704754e-11 fanout849
 2.664048e-12 1.018794e-11 4.405142e-11 5.690341e-11 max_cap712
 2.633840e-12 1.016903e-11 4.405144e-11 5.685431e-11 fanout867
 2.650015e-12 9.990225e-12 4.405142e-11 5.669165e-11 max_cap946
 2.631065e-12 9.974290e-12 4.405144e-11 5.665680e-11 fanout856
 1.608834e-12 7.892966e-12 4.699052e-11 5.649232e-11 max_cap1565
 1.610838e-12 7.729562e-12 4.699052e-11 5.633092e-11 max_cap1560
 2.615250e-12 9.653740e-12 4.405142e-11 5.632041e-11 fanout677
 2.622608e-12 9.588337e-12 4.405144e-11 5.626239e-11 fanout861
 1.592362e-12 1.020787e-11 4.405169e-11 5.585192e-11 fanout326
 1.583681e-12 7.183994e-12 4.699052e-11 5.575820e-11 fanout1561
 1.588715e-12 6.759759e-12 4.699052e-11 5.533900e-11 fanout1568
 1.576745e-12 6.568784e-12 4.699052e-11 5.513605e-11 fanout1566
 1.582377e-12 6.391263e-12 4.699057e-11 5.496421e-11 fanout779
 1.588237e-12 9.106942e-12 4.405167e-11 5.474685e-11 fanout1410
 1.577411e-12 5.981402e-12 4.699057e-11 5.454938e-11 fanout795
 1.587344e-12 8.873935e-12 4.405167e-11 5.451294e-11 fanout1411
 2.634395e-12 7.824024e-12 4.405148e-11 5.450990e-11 max_cap531
 1.575876e-12 5.878166e-12 4.699057e-11 5.444461e-11 fanout787
 1.579313e-12 5.843998e-12 4.699057e-11 5.441388e-11 fanout777
 1.572740e-12 5.766770e-12 4.699057e-11 5.433008e-11 fanout770
 1.576806e-12 5.664166e-12 4.699057e-11 5.423154e-11 fanout776
 1.568764e-12 5.598619e-12 4.699057e-11 5.415795e-11 fanout791
 1.573561e-12 5.529873e-12 4.699057e-11 5.409400e-11 fanout798
 1.575581e-12 5.504461e-12 4.699057e-11 5.407061e-11 fanout780
 1.573274e-12 5.456081e-12 4.699057e-11 5.401992e-11 fanout796
 1.577869e-12 5.446227e-12 4.699057e-11 5.401466e-11 fanout786
 1.570223e-12 5.443907e-12 4.699057e-11 5.400470e-11 fanout771
 2.079415e-11 0.000000e+00 3.311822e-11 5.391237e-11 clkload157
 2.076275e-11 0.000000e+00 3.311822e-11 5.388098e-11 clkload165
 2.072475e-11 0.000000e+00 3.311822e-11 5.384298e-11 clkload158
 2.071408e-11 0.000000e+00 3.311822e-11 5.383231e-11 clkload167
 1.568339e-12 5.203075e-12 4.699057e-11 5.376198e-11 fanout772
 1.576027e-12 5.143510e-12 4.699057e-11 5.371011e-11 fanout769
 1.571683e-12 5.077500e-12 4.699057e-11 5.363975e-11 fanout774
 1.615836e-12 7.727212e-12 4.405162e-11 5.339467e-11 max_cap1216
 1.565154e-12 4.531893e-12 4.699057e-11 5.308761e-11 fanout766
 1.565126e-12 4.529248e-12 4.699057e-11 5.308494e-11 fanout765
 1.990205e-11 0.000000e+00 3.311822e-11 5.302028e-11 clkload30
 1.584462e-12 7.279525e-12 4.405162e-11 5.291561e-11 fanout1208
 1.579818e-12 6.711711e-12 4.405162e-11 5.234315e-11 fanout1213
 1.576672e-12 6.212754e-12 4.405162e-11 5.184105e-11 fanout1220
 2.837331e-11 0.000000e+00 2.345411e-11 5.182742e-11 clkload366
 2.837112e-11 0.000000e+00 2.345411e-11 5.182523e-11 clkload244
 2.837056e-11 0.000000e+00 2.345411e-11 5.182468e-11 clkload208
 2.837034e-11 0.000000e+00 2.345411e-11 5.182445e-11 clkload268
 2.837008e-11 0.000000e+00 2.345411e-11 5.182419e-11 clkload234
 2.836954e-11 0.000000e+00 2.345411e-11 5.182365e-11 clkload205
 2.836941e-11 0.000000e+00 2.345411e-11 5.182352e-11 clkload206
 2.836898e-11 0.000000e+00 2.345411e-11 5.182309e-11 clkload238
 2.836894e-11 0.000000e+00 2.345411e-11 5.182306e-11 clkload226
 2.836770e-11 0.000000e+00 2.345411e-11 5.182181e-11 clkload236
 2.836711e-11 0.000000e+00 2.345411e-11 5.182122e-11 clkload265
 2.836698e-11 0.000000e+00 2.345411e-11 5.182110e-11 clkload362
 2.836676e-11 0.000000e+00 2.345411e-11 5.182087e-11 clkload318
 2.836564e-11 0.000000e+00 2.345411e-11 5.181975e-11 clkload290
 2.836546e-11 0.000000e+00 2.345411e-11 5.181958e-11 clkload211
 2.836546e-11 0.000000e+00 2.345411e-11 5.181957e-11 clkload227
 2.836545e-11 0.000000e+00 2.345411e-11 5.181957e-11 clkload176
 2.836542e-11 0.000000e+00 2.345411e-11 5.181953e-11 clkload224
 2.836487e-11 0.000000e+00 2.345411e-11 5.181899e-11 clkload230
 2.836477e-11 0.000000e+00 2.345411e-11 5.181888e-11 clkload360
 2.836446e-11 0.000000e+00 2.345411e-11 5.181857e-11 clkload232
 2.836386e-11 0.000000e+00 2.345411e-11 5.181797e-11 clkload291
 2.836383e-11 0.000000e+00 2.345411e-11 5.181795e-11 clkload207
 2.836375e-11 0.000000e+00 2.345411e-11 5.181786e-11 clkload314
 2.836285e-11 0.000000e+00 2.345411e-11 5.181696e-11 clkload233
 2.836207e-11 0.000000e+00 2.345411e-11 5.181619e-11 clkload173
 2.836170e-11 0.000000e+00 2.345411e-11 5.181581e-11 clkload250
 2.836135e-11 0.000000e+00 2.345411e-11 5.181547e-11 clkload315
 2.836083e-11 0.000000e+00 2.345411e-11 5.181494e-11 clkload287
 2.835987e-11 0.000000e+00 2.345411e-11 5.181398e-11 clkload235
 2.835960e-11 0.000000e+00 2.345411e-11 5.181371e-11 clkload216
 2.835902e-11 0.000000e+00 2.345411e-11 5.181313e-11 clkload174
 2.835759e-11 0.000000e+00 2.345411e-11 5.181170e-11 clkload263
 2.835746e-11 0.000000e+00 2.345411e-11 5.181157e-11 clkload264
 2.835655e-11 0.000000e+00 2.345411e-11 5.181067e-11 clkload247
 2.835626e-11 0.000000e+00 2.345411e-11 5.181037e-11 clkload344
 2.835614e-11 0.000000e+00 2.345411e-11 5.181025e-11 clkload320
 2.835503e-11 0.000000e+00 2.345411e-11 5.180914e-11 clkload317
 2.835385e-11 0.000000e+00 2.345411e-11 5.180797e-11 clkload210
 2.835237e-11 0.000000e+00 2.345411e-11 5.180648e-11 clkload322
 2.835025e-11 0.000000e+00 2.345411e-11 5.180437e-11 clkload217
 2.834990e-11 0.000000e+00 2.345411e-11 5.180401e-11 clkload364
 2.834989e-11 0.000000e+00 2.345411e-11 5.180400e-11 clkload307
 2.834978e-11 0.000000e+00 2.345411e-11 5.180389e-11 clkload339
 2.834974e-11 0.000000e+00 2.345411e-11 5.180385e-11 clkload298
 2.834827e-11 0.000000e+00 2.345411e-11 5.180238e-11 clkload259
 2.834793e-11 0.000000e+00 2.345411e-11 5.180204e-11 clkload305
 2.834790e-11 0.000000e+00 2.345411e-11 5.180201e-11 clkload209
 2.834728e-11 0.000000e+00 2.345411e-11 5.180140e-11 clkload204
 2.834722e-11 0.000000e+00 2.345411e-11 5.180133e-11 clkload249
 2.834720e-11 0.000000e+00 2.345411e-11 5.180131e-11 clkload310
 2.834623e-11 0.000000e+00 2.345411e-11 5.180035e-11 clkload177
 2.834506e-11 0.000000e+00 2.345411e-11 5.179918e-11 clkload229
 2.834498e-11 0.000000e+00 2.345411e-11 5.179909e-11 clkload297
 2.834393e-11 0.000000e+00 2.345411e-11 5.179805e-11 clkload319
 2.834356e-11 0.000000e+00 2.345411e-11 5.179768e-11 clkload340
 2.834196e-11 0.000000e+00 2.345411e-11 5.179607e-11 clkload275
 2.834155e-11 0.000000e+00 2.345411e-11 5.179566e-11 clkload335
 2.834126e-11 0.000000e+00 2.345411e-11 5.179537e-11 clkload181
 2.833729e-11 0.000000e+00 2.345411e-11 5.179140e-11 clkload284
 2.833658e-11 0.000000e+00 2.345411e-11 5.179069e-11 clkload300
 2.833568e-11 0.000000e+00 2.345411e-11 5.178979e-11 clkload254
 2.833131e-11 0.000000e+00 2.345411e-11 5.178542e-11 clkload301
 2.833109e-11 0.000000e+00 2.345411e-11 5.178520e-11 clkload331
 2.833017e-11 0.000000e+00 2.345411e-11 5.178429e-11 clkload201
 2.832926e-11 0.000000e+00 2.345411e-11 5.178338e-11 clkload183
 2.832862e-11 0.000000e+00 2.345411e-11 5.178273e-11 clkload253
 2.832823e-11 0.000000e+00 2.345411e-11 5.178235e-11 clkload178
 2.832728e-11 0.000000e+00 2.345411e-11 5.178140e-11 clkload199
 2.832556e-11 0.000000e+00 2.345411e-11 5.177967e-11 clkload299
 2.832455e-11 0.000000e+00 2.345411e-11 5.177866e-11 clkload279
 2.832249e-11 0.000000e+00 2.345411e-11 5.177660e-11 clkload327
 2.832159e-11 0.000000e+00 2.345411e-11 5.177570e-11 clkload308
 2.832045e-11 0.000000e+00 2.345411e-11 5.177456e-11 clkload278
 2.831855e-11 0.000000e+00 2.345411e-11 5.177266e-11 clkload200
 2.831474e-11 0.000000e+00 2.345411e-11 5.176885e-11 clkload359
 2.831262e-11 0.000000e+00 2.345411e-11 5.176673e-11 clkload202
 1.572362e-12 5.701076e-12 4.405162e-11 5.132506e-11 fanout1226
 1.569699e-12 5.487956e-12 4.405162e-11 5.110928e-11 fanout1210
 2.737080e-11 0.000000e+00 2.345411e-11 5.082491e-11 clkload58
 2.737066e-11 0.000000e+00 2.345411e-11 5.082477e-11 clkload105
 2.736715e-11 0.000000e+00 2.345411e-11 5.082126e-11 clkload106
 2.736240e-11 0.000000e+00 2.345411e-11 5.081651e-11 clkload108
 2.735867e-11 0.000000e+00 2.345411e-11 5.081278e-11 clkload40
 2.735765e-11 0.000000e+00 2.345411e-11 5.081176e-11 clkload109
 2.735255e-11 0.000000e+00 2.345411e-11 5.080666e-11 clkload59
 2.735128e-11 0.000000e+00 2.345411e-11 5.080539e-11 clkload56
 2.735071e-11 0.000000e+00 2.345411e-11 5.080482e-11 clkload76
 2.734797e-11 0.000000e+00 2.345411e-11 5.080208e-11 clkload64
 2.734684e-11 0.000000e+00 2.345411e-11 5.080095e-11 clkload120
 2.734648e-11 0.000000e+00 2.345411e-11 5.080059e-11 clkload104
 2.734597e-11 0.000000e+00 2.345411e-11 5.080008e-11 clkload135
 2.734089e-11 0.000000e+00 2.345411e-11 5.079500e-11 clkload69
 2.734085e-11 0.000000e+00 2.345411e-11 5.079496e-11 clkload70
 2.733882e-11 0.000000e+00 2.345411e-11 5.079293e-11 clkload124
 2.733838e-11 0.000000e+00 2.345411e-11 5.079249e-11 clkload114
 2.733229e-11 0.000000e+00 2.345411e-11 5.078640e-11 clkload68
 2.733005e-11 0.000000e+00 2.345411e-11 5.078416e-11 clkload100
 2.732979e-11 0.000000e+00 2.345411e-11 5.078390e-11 clkload119
 2.732820e-11 0.000000e+00 2.345411e-11 5.078231e-11 clkload94
 2.732767e-11 0.000000e+00 2.345411e-11 5.078179e-11 clkload111
 2.732643e-11 0.000000e+00 2.345411e-11 5.078055e-11 clkload92
 2.732307e-11 0.000000e+00 2.345411e-11 5.077718e-11 clkload77
 2.731826e-11 0.000000e+00 2.345411e-11 5.077237e-11 clkload95
 2.731225e-11 0.000000e+00 2.345411e-11 5.076636e-11 clkload142
 2.730062e-11 0.000000e+00 2.345411e-11 5.075473e-11 clkload44
 2.728633e-11 0.000000e+00 2.345411e-11 5.074044e-11 clkload128
 1.565308e-12 4.818988e-12 4.405162e-11 5.043592e-11 fanout1221
 5.290306e-13 2.875825e-12 4.699079e-11 5.039565e-11 max_cap343
 5.301685e-13 2.430061e-12 4.699079e-11 4.995102e-11 max_cap432
 5.298041e-13 2.386659e-12 4.699079e-11 4.990725e-11 max_cap248
 5.257992e-13 2.361390e-12 4.699079e-11 4.987798e-11 wire310
 5.391104e-13 2.708963e-12 4.405140e-11 4.729947e-11 wire944
 5.317803e-13 2.617405e-12 4.405140e-11 4.720059e-11 max_cap517
 2.114801e-19 9.767911e-19 4.699065e-11 4.699065e-11 fanout1741
 2.116145e-19 9.943506e-19 4.699065e-11 4.699065e-11 fanout1760
 5.284572e-13 2.014559e-12 4.405140e-11 4.659442e-11 max_cap942
 1.355827e-12 2.421426e-11 2.015279e-11 4.572288e-11 _18557_
 2.388821e-12 1.536916e-11 2.663996e-11 4.439794e-11 fanout403
 2.191563e-19 1.123935e-18 4.405155e-11 4.405155e-11 input9
 9.719176e-13 2.283828e-11 2.015279e-11 4.396299e-11 _20108_
 3.864560e-12 1.328163e-11 2.663972e-11 4.378591e-11 fanout598
 3.939224e-12 1.159076e-11 2.663973e-11 4.216972e-11 fanout629
 2.353816e-12 1.622855e-11 2.345408e-11 4.203645e-11 fanout1666
 3.925605e-12 1.123909e-11 2.663972e-11 4.180441e-11 fanout606
 2.338469e-12 1.236360e-11 2.663991e-11 4.134198e-11 fanout1389
 2.338265e-12 1.176438e-11 2.663991e-11 4.074255e-11 fanout1378
 2.373452e-11 0.000000e+00 1.689928e-11 4.063379e-11 clkload13
 4.864673e-12 1.919603e-11 1.653896e-11 4.059967e-11 fanout1313
 2.335420e-12 1.119945e-11 2.663991e-11 4.017477e-11 fanout1362
 2.857051e-12 1.046267e-11 2.663973e-11 3.995946e-11 fanout637
 2.342207e-12 1.035630e-11 2.663991e-11 3.933841e-11 fanout1397
 4.851734e-12 1.780156e-11 1.653896e-11 3.919226e-11 fanout1276
 2.840254e-12 9.695100e-12 2.663970e-11 3.917506e-11 fanout584
 2.836612e-12 9.638088e-12 2.663974e-11 3.911444e-11 fanout587
 2.832814e-12 9.633592e-12 2.663970e-11 3.910611e-11 fanout613
 2.861280e-12 9.579381e-12 2.663972e-11 3.908038e-11 fanout593
 2.852356e-12 9.493432e-12 2.663974e-11 3.898553e-11 fanout603
 2.856335e-12 9.390031e-12 2.663972e-11 3.888608e-11 fanout624
 2.852401e-12 9.277238e-12 2.663973e-11 3.876937e-11 fanout599
 2.882807e-12 9.152835e-12 2.663974e-11 3.867538e-11 fanout636
 2.884013e-12 9.125234e-12 2.663976e-11 3.864900e-11 fanout596
 2.834222e-12 9.035140e-12 2.663973e-11 3.850909e-11 fanout642
 2.847646e-12 8.972430e-12 2.663970e-11 3.845978e-11 fanout622
 2.848250e-12 8.963848e-12 2.663976e-11 3.845186e-11 fanout640
 1.310675e-12 1.036642e-11 2.663994e-11 3.831703e-11 fanout848
 4.846709e-12 1.670540e-11 1.653896e-11 3.809108e-11 fanout1296
 2.897000e-12 8.541816e-12 2.663973e-11 3.807855e-11 fanout633
 1.854398e-12 9.562007e-12 2.663973e-11 3.805613e-11 fanout1611
 4.837811e-12 1.637059e-11 1.653896e-11 3.774737e-11 fanout1267
 4.831023e-12 1.636776e-11 1.653896e-11 3.773775e-11 fanout1287
 2.884538e-12 8.102088e-12 2.663972e-11 3.762634e-11 fanout638
 2.902851e-12 8.030661e-12 2.663976e-11 3.757327e-11 fanout617
 2.893852e-12 8.035413e-12 2.663972e-11 3.756898e-11 fanout601
 2.900061e-12 8.001877e-12 2.663973e-11 3.754167e-11 fanout586
 2.314031e-12 8.579206e-12 2.663991e-11 3.753314e-11 fanout1393
 4.563006e-12 1.633766e-11 1.653895e-11 3.743961e-11 fanout1179
 2.362288e-12 8.364837e-12 2.663991e-11 3.736703e-11 fanout1375
 1.822608e-12 8.808268e-12 2.663973e-11 3.727060e-11 fanout1580
 2.883095e-12 7.643925e-12 2.663976e-11 3.716678e-11 fanout635
 2.318148e-12 8.161648e-12 2.663991e-11 3.711970e-11 fanout1365
 4.824382e-12 1.567731e-11 1.653896e-11 3.704066e-11 fanout1273
 2.385082e-12 1.117798e-11 2.345408e-11 3.701714e-11 fanout1680
 2.315664e-12 8.055902e-12 2.663991e-11 3.701147e-11 fanout1388
 2.896285e-12 7.464340e-12 2.663976e-11 3.700038e-11 fanout626
 1.305134e-12 8.852864e-12 2.663998e-11 3.679798e-11 fanout1024
 1.318233e-12 1.198440e-11 2.345402e-11 3.675666e-11 fanout382
 1.810934e-12 8.233998e-12 2.663973e-11 3.668466e-11 fanout1595
 2.351966e-12 1.080179e-11 2.345408e-11 3.660783e-11 fanout1629
 2.375897e-12 1.067422e-11 2.345408e-11 3.650420e-11 fanout1681
 1.815491e-12 8.014626e-12 2.663973e-11 3.646984e-11 fanout1610
 4.947237e-13 2.261726e-11 1.331658e-11 3.642856e-11 _17674_
 1.844874e-12 7.924726e-12 2.663973e-11 3.640933e-11 fanout1593
 2.324206e-12 1.039162e-11 2.345408e-11 3.616990e-11 fanout1646
 2.348028e-12 1.033588e-11 2.345408e-11 3.613799e-11 fanout1616
 2.377820e-12 1.027719e-11 2.345408e-11 3.610909e-11 fanout1672
 1.321040e-12 8.058429e-12 2.663998e-11 3.601945e-11 fanout137
 2.333783e-12 1.013918e-11 2.345408e-11 3.592704e-11 fanout1692
 2.333009e-12 1.003678e-11 2.345408e-11 3.582387e-11 fanout1695
 2.345252e-12 1.001329e-11 2.345408e-11 3.581262e-11 fanout1649
 1.322199e-12 7.805697e-12 2.663994e-11 3.576784e-11 fanout830
 2.341788e-12 9.667318e-12 2.345408e-11 3.546319e-11 fanout1662
 2.337820e-12 9.651759e-12 2.345408e-11 3.544366e-11 fanout1693
 1.848120e-12 6.928017e-12 2.663973e-11 3.541586e-11 fanout1589
 1.560683e-11 0.000000e+00 1.980002e-11 3.540685e-11 clkload15
 1.559884e-11 0.000000e+00 1.980002e-11 3.539886e-11 clkload24
 1.556640e-11 0.000000e+00 1.980002e-11 3.536641e-11 clkload14
 1.553228e-11 0.000000e+00 1.980002e-11 3.533230e-11 clkload5
 2.335083e-12 9.538942e-12 2.345408e-11 3.532811e-11 fanout1694
 1.296619e-12 7.346755e-12 2.663994e-11 3.528331e-11 fanout847
 1.807498e-12 6.796534e-12 2.663975e-11 3.524378e-11 fanout627
 9.446886e-13 1.411631e-11 2.015279e-11 3.521379e-11 _19732_
 1.831332e-12 6.669965e-12 2.663973e-11 3.514102e-11 fanout1599
 1.835217e-12 6.597720e-12 2.663973e-11 3.507266e-11 fanout1587
 2.336757e-12 9.255183e-12 2.345408e-11 3.504602e-11 fanout1684
 1.307325e-12 7.097606e-12 2.663997e-11 3.504490e-11 fanout644
 1.316401e-12 6.978542e-12 2.663997e-11 3.493491e-11 fanout269
 2.320030e-12 9.125486e-12 2.345408e-11 3.489960e-11 fanout1620
 1.834186e-12 6.373146e-12 2.663973e-11 3.484706e-11 fanout1134
 1.805436e-12 6.401002e-12 2.663974e-11 3.484618e-11 fanout585
 2.353599e-12 8.985882e-12 2.345408e-11 3.479356e-11 fanout1631
 2.326630e-12 9.011136e-12 2.345408e-11 3.479185e-11 fanout1677
 1.821512e-12 6.223276e-12 2.663976e-11 3.468455e-11 fanout620
 1.318678e-12 6.710616e-12 2.663998e-11 3.466927e-11 fanout1039
 1.815846e-12 6.207438e-12 2.663971e-11 3.466299e-11 fanout597
 1.305351e-12 6.677971e-12 2.663998e-11 3.462330e-11 fanout1004
 1.302365e-12 6.659024e-12 2.663997e-11 3.460136e-11 fanout262
 2.339912e-12 8.799748e-12 2.345409e-11 3.459375e-11 fanout982
 1.297411e-12 6.631080e-12 2.663997e-11 3.456847e-11 fanout1245
 1.816065e-12 5.909228e-12 2.663969e-11 3.436498e-11 fanout590
 1.317414e-12 6.390105e-12 2.663998e-11 3.434750e-11 fanout1028
 1.307065e-12 6.384685e-12 2.663994e-11 3.433169e-11 fanout844
 2.350055e-12 8.496084e-12 2.345408e-11 3.430022e-11 fanout1638
 1.294766e-12 6.332958e-12 2.663998e-11 3.426771e-11 fanout1014
 1.295662e-12 6.328039e-12 2.663998e-11 3.426368e-11 fanout1023
 1.806142e-12 5.734092e-12 2.663971e-11 3.417994e-11 fanout580
 1.820169e-12 5.715425e-12 2.663978e-11 3.417537e-11 fanout581
 2.319623e-12 8.399978e-12 2.345408e-11 3.417368e-11 fanout1659
 1.824139e-12 5.693257e-12 2.663969e-11 3.415708e-11 fanout582
 1.303061e-12 6.205723e-12 2.663997e-11 3.414875e-11 fanout280
 1.302169e-12 6.204912e-12 2.663998e-11 3.414706e-11 fanout1022
 1.845031e-12 5.582112e-12 2.663974e-11 3.406688e-11 fanout604
 1.297184e-12 6.113234e-12 2.663998e-11 3.405040e-11 fanout992
 1.323329e-12 6.073210e-12 2.663998e-11 3.403652e-11 fanout1013
 1.825469e-12 8.717477e-12 2.345426e-11 3.399721e-11 fanout1401
 1.314962e-12 6.020272e-12 2.663998e-11 3.397522e-11 fanout1010
 1.832605e-12 5.400363e-12 2.663974e-11 3.387271e-11 fanout609
 2.352918e-12 7.937907e-12 2.345408e-11 3.374491e-11 fanout1622
 1.300877e-12 5.711161e-12 2.663997e-11 3.365200e-11 fanout258
 2.369963e-12 7.812565e-12 2.345408e-11 3.363661e-11 fanout1634
 2.335527e-12 7.841651e-12 2.345407e-11 3.363125e-11 fanout618
 1.112394e-12 1.575376e-11 1.673459e-11 3.360075e-11 _19821_
 1.293025e-12 5.658606e-12 2.663998e-11 3.359161e-11 fanout1034
 2.322339e-12 7.808250e-12 2.345408e-11 3.358467e-11 fanout1688
 1.301481e-12 8.702781e-12 2.345401e-11 3.345827e-11 fanout1079
 1.319845e-12 5.465618e-12 2.663998e-11 3.342545e-11 fanout168
 1.317557e-12 5.416298e-12 2.663998e-11 3.337384e-11 fanout1038
 1.319498e-12 5.410728e-12 2.663998e-11 3.337021e-11 fanout1009
 4.560345e-13 1.615416e-11 1.673460e-11 3.334480e-11 _20052_
 1.835502e-12 4.814790e-12 2.663976e-11 3.329005e-11 fanout632
 1.315729e-12 5.325937e-12 2.663997e-11 3.328164e-11 fanout643
 2.324285e-12 7.497948e-12 2.345403e-11 3.327627e-11 fanout623
 1.322359e-12 8.432247e-12 2.345401e-11 3.320861e-11 fanout1095
 1.313746e-12 5.248611e-12 2.663998e-11 3.320234e-11 fanout993
 1.316158e-12 5.219223e-12 2.663998e-11 3.317536e-11 fanout1003
 1.292911e-12 5.236484e-12 2.663998e-11 3.316938e-11 fanout181
 1.312124e-12 5.215213e-12 2.663994e-11 3.316728e-11 fanout816
 1.314202e-12 5.212236e-12 2.663994e-11 3.316638e-11 fanout846
 1.319744e-12 5.152818e-12 2.663998e-11 3.311254e-11 fanout167
 1.311993e-12 5.116420e-12 2.663998e-11 3.306840e-11 fanout1033
 2.361171e-12 7.241913e-12 2.345408e-11 3.305716e-11 fanout1683
 1.318756e-12 4.984256e-12 2.663998e-11 3.294299e-11 fanout1007
 1.294759e-12 4.961709e-12 2.663997e-11 3.289644e-11 fanout1205
 1.321462e-12 4.841697e-12 2.663998e-11 3.280314e-11 fanout996
 1.321304e-12 4.841600e-12 2.663998e-11 3.280289e-11 fanout1019
 2.357682e-12 6.965900e-12 2.345403e-11 3.277761e-11 fanout594
 2.354705e-12 6.957213e-12 2.345403e-11 3.276595e-11 fanout589
 1.299982e-12 4.795987e-12 2.663998e-11 3.273595e-11 fanout1005
 7.837286e-13 5.275304e-12 2.663979e-11 3.269882e-11 fanout1489
 1.306288e-12 4.701249e-12 2.663998e-11 3.264752e-11 fanout1015
 1.306257e-12 4.696009e-12 2.663998e-11 3.264225e-11 fanout1018
 1.309792e-12 7.878187e-12 2.345401e-11 3.264199e-11 fanout139
 1.568450e-11 0.000000e+00 1.689929e-11 3.258379e-11 clkload186
 1.568092e-11 0.000000e+00 1.689929e-11 3.258021e-11 clkload189
 1.567877e-11 0.000000e+00 1.689929e-11 3.257806e-11 clkload190
 1.567697e-11 0.000000e+00 1.689929e-11 3.257625e-11 clkload294
 1.567596e-11 0.000000e+00 1.689929e-11 3.257525e-11 clkload295
 1.567596e-11 0.000000e+00 1.689929e-11 3.257524e-11 clkload191
 1.567423e-11 0.000000e+00 1.689929e-11 3.257351e-11 clkload188
 1.567333e-11 0.000000e+00 1.689929e-11 3.257261e-11 clkload292
 1.567251e-11 0.000000e+00 1.689929e-11 3.257180e-11 clkload187
 1.567089e-11 0.000000e+00 1.689929e-11 3.257018e-11 clkload293
 1.566985e-11 0.000000e+00 1.689929e-11 3.256913e-11 clkload296
 1.566898e-11 0.000000e+00 1.689929e-11 3.256827e-11 clkload321
 1.566862e-11 0.000000e+00 1.689929e-11 3.256791e-11 clkload289
 1.566661e-11 0.000000e+00 1.689929e-11 3.256590e-11 clkload218
 1.566477e-11 0.000000e+00 1.689929e-11 3.256406e-11 clkload262
 1.566460e-11 0.000000e+00 1.689929e-11 3.256388e-11 clkload246
 1.566432e-11 0.000000e+00 1.689929e-11 3.256361e-11 clkload367
 1.566423e-11 0.000000e+00 1.689929e-11 3.256352e-11 clkload223
 1.566413e-11 0.000000e+00 1.689929e-11 3.256341e-11 clkload316
 1.566383e-11 0.000000e+00 1.689929e-11 3.256312e-11 clkload231
 1.566349e-11 0.000000e+00 1.689929e-11 3.256278e-11 clkload323
 1.566315e-11 0.000000e+00 1.689929e-11 3.256244e-11 clkload222
 1.566290e-11 0.000000e+00 1.689929e-11 3.256219e-11 clkload172
 1.566221e-11 0.000000e+00 1.689929e-11 3.256150e-11 clkload365
 1.566148e-11 0.000000e+00 1.689929e-11 3.256077e-11 clkload270
 1.566115e-11 0.000000e+00 1.689929e-11 3.256044e-11 clkload363
 1.566108e-11 0.000000e+00 1.689929e-11 3.256037e-11 clkload245
 1.565968e-11 0.000000e+00 1.689929e-11 3.255896e-11 clkload175
 1.565958e-11 0.000000e+00 1.689929e-11 3.255887e-11 clkload261
 1.565936e-11 0.000000e+00 1.689929e-11 3.255865e-11 clkload269
 1.565874e-11 0.000000e+00 1.689929e-11 3.255803e-11 clkload267
 1.565865e-11 0.000000e+00 1.689929e-11 3.255794e-11 clkload282
 1.565820e-11 0.000000e+00 1.689929e-11 3.255748e-11 clkload313
 1.565729e-11 0.000000e+00 1.689929e-11 3.255658e-11 clkload220
 1.565494e-11 0.000000e+00 1.689929e-11 3.255423e-11 clkload309
 1.565483e-11 0.000000e+00 1.689929e-11 3.255412e-11 clkload271
 1.565438e-11 0.000000e+00 1.689929e-11 3.255366e-11 clkload361
 1.565344e-11 0.000000e+00 1.689929e-11 3.255273e-11 clkload225
 1.565289e-11 0.000000e+00 1.689929e-11 3.255218e-11 clkload286
 1.565154e-11 0.000000e+00 1.689929e-11 3.255082e-11 clkload219
 1.565140e-11 0.000000e+00 1.689929e-11 3.255069e-11 clkload349
 1.565022e-11 0.000000e+00 1.689929e-11 3.254950e-11 clkload251
 1.565012e-11 0.000000e+00 1.689929e-11 3.254940e-11 clkload248
 1.564777e-11 0.000000e+00 1.689929e-11 3.254706e-11 clkload203
 1.564715e-11 0.000000e+00 1.689929e-11 3.254644e-11 clkload337
 1.564711e-11 0.000000e+00 1.689929e-11 3.254640e-11 clkload228
 1.564703e-11 0.000000e+00 1.689929e-11 3.254631e-11 clkload237
 1.564640e-11 0.000000e+00 1.689929e-11 3.254569e-11 clkload303
 1.564539e-11 0.000000e+00 1.689929e-11 3.254468e-11 clkload221
 1.564496e-11 0.000000e+00 1.689929e-11 3.254425e-11 clkload240
 1.564417e-11 0.000000e+00 1.689929e-11 3.254345e-11 clkload260
 1.564130e-11 0.000000e+00 1.689929e-11 3.254058e-11 clkload288
 1.563940e-11 0.000000e+00 1.689929e-11 3.253869e-11 clkload350
 1.563792e-11 0.000000e+00 1.689929e-11 3.253721e-11 clkload302
 1.563647e-11 0.000000e+00 1.689929e-11 3.253575e-11 clkload266
 1.563514e-11 0.000000e+00 1.689929e-11 3.253442e-11 clkload272
 1.562643e-11 0.000000e+00 1.689929e-11 3.252572e-11 clkload358
 1.561581e-11 0.000000e+00 1.689929e-11 3.251510e-11 clkload196
 1.309813e-12 4.554028e-12 2.663998e-11 3.250382e-11 fanout1025
 1.319066e-12 4.515686e-12 2.663998e-11 3.247473e-11 fanout995
 1.308553e-12 4.501371e-12 2.663998e-11 3.244990e-11 fanout988
 1.550924e-11 0.000000e+00 1.689929e-11 3.240852e-11 clkload168
 8.026744e-13 1.486227e-11 1.673460e-11 3.239954e-11 _19268_
 1.310236e-12 4.409496e-12 2.663998e-11 3.235971e-11 fanout1032
 1.285979e-12 4.359167e-12 2.663998e-11 3.228513e-11 fanout96
 1.316150e-12 4.260701e-12 2.663998e-11 3.221683e-11 fanout1017
 2.356618e-12 6.336877e-12 2.345408e-11 3.214758e-11 fanout1643
 1.311797e-12 4.149833e-12 2.663998e-11 3.210161e-11 fanout987
 1.299289e-12 7.338348e-12 2.345402e-11 3.209166e-11 fanout717
 7.811457e-13 4.655933e-12 2.663979e-11 3.207687e-11 fanout1459
 1.511709e-11 0.000000e+00 1.689929e-11 3.201638e-11 clkload39
 1.511599e-11 0.000000e+00 1.689929e-11 3.201527e-11 clkload107
 1.511001e-11 0.000000e+00 1.689929e-11 3.200930e-11 clkload38
 1.510269e-11 0.000000e+00 1.689929e-11 3.200198e-11 clkload66
 1.510181e-11 0.000000e+00 1.689929e-11 3.200109e-11 clkload62
 1.509987e-11 0.000000e+00 1.689929e-11 3.199915e-11 clkload73
 1.509842e-11 0.000000e+00 1.689929e-11 3.199770e-11 clkload57
 1.509658e-11 0.000000e+00 1.689929e-11 3.199586e-11 clkload115
 1.509486e-11 0.000000e+00 1.689929e-11 3.199414e-11 clkload67
 1.509447e-11 0.000000e+00 1.689929e-11 3.199376e-11 clkload118
 1.509376e-11 0.000000e+00 1.689929e-11 3.199305e-11 clkload143
 1.509306e-11 0.000000e+00 1.689929e-11 3.199234e-11 clkload60
 1.509157e-11 0.000000e+00 1.689929e-11 3.199086e-11 clkload61
 1.508985e-11 0.000000e+00 1.689929e-11 3.198913e-11 clkload121
 1.508984e-11 0.000000e+00 1.689929e-11 3.198913e-11 clkload134
 1.508936e-11 0.000000e+00 1.689929e-11 3.198865e-11 clkload72
 1.508776e-11 0.000000e+00 1.689929e-11 3.198704e-11 clkload117
 1.508359e-11 0.000000e+00 1.689929e-11 3.198288e-11 clkload74
 1.508027e-11 0.000000e+00 1.689929e-11 3.197955e-11 clkload102
 1.507795e-11 0.000000e+00 1.689929e-11 3.197724e-11 clkload136
 1.507630e-11 0.000000e+00 1.689929e-11 3.197559e-11 clkload140
 1.507477e-11 0.000000e+00 1.689929e-11 3.197406e-11 clkload86
 1.507228e-11 0.000000e+00 1.689929e-11 3.197156e-11 clkload82
 1.507020e-11 0.000000e+00 1.689929e-11 3.196949e-11 clkload139
 1.504986e-11 0.000000e+00 1.689929e-11 3.194915e-11 clkload129
 1.295131e-12 7.167910e-12 2.345402e-11 3.191707e-11 fanout381
 7.800865e-13 4.451356e-12 2.663975e-11 3.187119e-11 fanout773
 7.954630e-13 4.363129e-12 2.663975e-11 3.179834e-11 fanout768
 1.295358e-12 7.002733e-12 2.345405e-11 3.175214e-11 fanout862
 1.320554e-12 6.893409e-12 2.345401e-11 3.166797e-11 fanout1058
 7.931494e-13 4.093362e-12 2.663979e-11 3.152630e-11 fanout1557
 1.319704e-12 6.676726e-12 2.345401e-11 3.145044e-11 fanout1074
 7.808265e-13 1.381129e-11 1.673459e-11 3.132671e-11 _20472_
 7.906853e-13 3.829118e-12 2.663975e-11 3.125955e-11 fanout800
 1.325256e-12 6.378367e-12 2.345402e-11 3.115764e-11 fanout645
 1.306240e-12 6.225710e-12 2.345401e-11 3.098596e-11 fanout1096
 1.303817e-12 6.218979e-12 2.345402e-11 3.097682e-11 fanout719
 1.295093e-12 6.216376e-12 2.345401e-11 3.096548e-11 fanout1078
 7.807763e-13 3.260812e-12 2.663975e-11 3.068134e-11 fanout790
 7.734730e-13 3.191734e-12 2.663970e-11 3.060491e-11 fanout1574
 1.312784e-12 5.826827e-12 2.345402e-11 3.059364e-11 fanout721
 1.316841e-12 5.580474e-12 2.345402e-11 3.035134e-11 fanout715
 1.297445e-12 5.598111e-12 2.345401e-11 3.034956e-11 fanout1076
 7.761870e-13 2.867376e-12 2.663975e-11 3.028331e-11 fanout778
 7.752215e-13 2.853494e-12 2.663975e-11 3.026846e-11 fanout781
 1.319606e-12 5.443807e-12 2.345401e-11 3.021742e-11 fanout1103
 1.302881e-12 5.457564e-12 2.345401e-11 3.021445e-11 fanout1113
 7.911052e-13 2.756667e-12 2.663970e-11 3.018747e-11 fanout1569
 7.876362e-13 2.679419e-12 2.663979e-11 3.010685e-11 fanout1475
 7.872749e-13 2.649787e-12 2.663979e-11 3.007685e-11 fanout1517
 1.322652e-12 5.288786e-12 2.345402e-11 3.006545e-11 fanout657
 7.805387e-13 2.576405e-12 2.663969e-11 2.999664e-11 fanout605
 1.312713e-12 5.210051e-12 2.345401e-11 2.997677e-11 fanout138
 1.321088e-12 5.183795e-12 2.345401e-11 2.995889e-11 fanout1101
 1.310594e-12 5.186328e-12 2.345401e-11 2.995093e-11 fanout1093
 1.011225e-11 0.000000e+00 1.980001e-11 2.991227e-11 clkload169
 1.011052e-11 0.000000e+00 1.980001e-11 2.991054e-11 clkload170
 1.009017e-11 0.000000e+00 1.980001e-11 2.989018e-11 clkload48
 1.294218e-12 5.115938e-12 2.345401e-11 2.986416e-11 fanout1108
 1.005192e-11 0.000000e+00 1.980001e-11 2.985193e-11 clkload47
 1.004496e-11 0.000000e+00 1.980001e-11 2.984498e-11 clkload45
 7.968531e-13 2.395480e-12 2.663966e-11 2.983200e-11 fanout1124
 1.291348e-12 5.078881e-12 2.345401e-11 2.982424e-11 fanout1054
 7.957339e-13 2.387064e-12 2.663978e-11 2.982258e-11 fanout1135
 1.002170e-11 0.000000e+00 1.980001e-11 2.982171e-11 clkload133
 1.293379e-12 5.064228e-12 2.345401e-11 2.981161e-11 fanout1064
 1.320296e-12 5.033647e-12 2.345401e-11 2.980795e-11 fanout1106
 1.000495e-11 0.000000e+00 1.980001e-11 2.980496e-11 clkload125
 9.968549e-12 0.000000e+00 1.980001e-11 2.976856e-11 clkload50
 9.960176e-12 0.000000e+00 1.980001e-11 2.976019e-11 clkload130
 9.943177e-12 0.000000e+00 1.980001e-11 2.974319e-11 clkload54
 2.695475e-13 2.818474e-12 2.663999e-11 2.972801e-11 max_cap82
 7.937903e-13 2.275451e-12 2.663970e-11 2.970894e-11 fanout1143
 1.308796e-12 4.940567e-12 2.345401e-11 2.970337e-11 fanout1091
 7.845569e-13 2.247790e-12 2.663978e-11 2.967213e-11 fanout1151
 1.310038e-12 4.891459e-12 2.345401e-11 2.965550e-11 fanout165
 7.941513e-13 2.211172e-12 2.663972e-11 2.964504e-11 fanout1140
 2.689563e-13 2.679221e-12 2.663999e-11 2.958817e-11 max_cap69
 1.309454e-12 4.789244e-12 2.345401e-11 2.955271e-11 fanout1060
 1.312093e-12 4.760800e-12 2.345401e-11 2.952690e-11 fanout1056
 1.319457e-12 4.742182e-12 2.345401e-11 2.951565e-11 fanout1055
 7.828068e-13 2.090932e-12 2.663976e-11 2.951350e-11 fanout628
 1.282399e-12 4.767006e-12 2.345401e-11 2.950341e-11 fanout384
 1.318512e-12 4.713005e-12 2.345401e-11 2.948553e-11 fanout1090
 1.313143e-12 4.716711e-12 2.345401e-11 2.948386e-11 fanout1042
 1.312484e-12 4.690021e-12 2.345401e-11 2.945651e-11 fanout1045
 1.312085e-12 4.658007e-12 2.345402e-11 2.942411e-11 fanout118
 1.316835e-12 4.612266e-12 2.345401e-11 2.938311e-11 fanout1092
 1.318321e-12 4.606952e-12 2.345401e-11 2.937928e-11 fanout1059
 1.295397e-12 4.624288e-12 2.345401e-11 2.937369e-11 fanout1066
 1.315908e-12 4.583556e-12 2.345401e-11 2.935347e-11 fanout1067
 1.318909e-12 4.521483e-12 2.345401e-11 2.929440e-11 fanout177
 1.319254e-12 4.510098e-12 2.345401e-11 2.928336e-11 fanout1118
 1.316378e-12 4.510228e-12 2.345401e-11 2.928061e-11 fanout1086
 1.286760e-12 4.528136e-12 2.345403e-11 2.926893e-11 fanout630
 1.307038e-12 4.490013e-12 2.345401e-11 2.925106e-11 fanout163
 1.311946e-12 4.463445e-12 2.345401e-11 2.922940e-11 fanout1111
 1.306564e-12 4.468193e-12 2.345401e-11 2.922877e-11 fanout178
 2.684123e-13 2.305028e-12 2.663999e-11 2.921343e-11 max_cap73
 1.310367e-12 4.426477e-12 2.345401e-11 2.919085e-11 fanout1072
 2.678414e-13 2.262099e-12 2.663999e-11 2.916993e-11 max_cap79
 1.308136e-12 4.363234e-12 2.345401e-11 2.912538e-11 fanout1119
 1.311557e-12 4.305978e-12 2.345401e-11 2.907154e-11 fanout1104
 1.306063e-12 4.303155e-12 2.345401e-11 2.906323e-11 fanout1062
 1.292971e-12 4.290888e-12 2.345401e-11 2.903787e-11 fanout176
 1.316910e-12 4.256757e-12 2.345401e-11 2.902768e-11 fanout1117
 1.314510e-12 4.254516e-12 2.345401e-11 2.902303e-11 fanout1097
 1.314271e-12 4.212637e-12 2.345401e-11 2.898091e-11 fanout1107
 1.305127e-12 4.168990e-12 2.345401e-11 2.892812e-11 fanout1061
 1.311842e-12 4.097275e-12 2.345401e-11 2.886312e-11 fanout1080
 1.308292e-12 4.015796e-12 2.345401e-11 2.877810e-11 fanout1082
 1.321247e-12 3.997910e-12 2.345405e-11 2.877320e-11 fanout1147
 7.899863e-13 1.118181e-11 1.673460e-11 2.870639e-11 _18544_
 7.802489e-13 4.329843e-12 2.345424e-11 2.856433e-11 fanout1209
 1.318371e-12 3.757729e-12 2.345402e-11 2.853012e-11 fanout621
 1.323734e-12 3.741160e-12 2.345402e-11 2.851891e-11 fanout1132
 1.320092e-12 3.705658e-12 2.345408e-11 2.847983e-11 fanout1122
 7.770140e-13 4.188899e-12 2.345429e-11 2.842020e-11 fanout1412
 2.597723e-13 1.357609e-12 2.663999e-11 2.825737e-11 wire67
 2.595853e-13 1.220680e-12 2.663999e-11 2.812025e-11 fanout86
 2.606191e-13 1.079366e-12 2.663999e-11 2.797997e-11 fanout169
 2.802972e-12 1.576559e-12 2.345429e-11 2.783383e-11 output14
 2.619606e-13 8.407036e-13 2.663999e-11 2.774265e-11 fanout171
 7.532743e-13 6.596180e-14 2.663965e-11 2.745888e-11 output60
 7.517904e-13 5.951615e-14 2.663965e-11 2.745095e-11 output36
 7.541410e-13 3.751349e-14 2.663965e-11 2.743130e-11 output28
 7.502315e-13 1.552030e-14 2.663965e-11 2.740540e-11 output58
 2.800528e-12 1.039990e-12 2.345418e-11 2.729469e-11 output16
 1.039622e-19 5.511792e-19 2.663984e-11 2.663984e-11 fanout1739
 1.053592e-19 3.772985e-19 2.663984e-11 2.663984e-11 fanout1755
 1.042315e-19 5.268165e-19 2.663984e-11 2.663984e-11 fanout1758
 1.043728e-19 5.397099e-19 2.663984e-11 2.663984e-11 fanout1759
 2.280018e-12 8.842870e-13 2.345415e-11 2.661845e-11 output12
 1.771624e-12 7.833368e-13 2.345434e-11 2.600930e-11 output13
 1.272613e-12 6.576509e-13 2.345401e-11 2.538427e-11 output15
 4.314923e-13 7.890580e-12 1.673460e-11 2.505667e-11 _18157_
 6.830029e-13 1.093763e-11 1.331658e-11 2.493721e-11 _20909_
 2.628081e-13 1.140720e-12 2.345400e-11 2.485753e-11 fanout122
 2.653976e-13 1.073657e-12 2.345400e-11 2.479306e-11 fanout1423
 2.583596e-13 1.061797e-12 2.345400e-11 2.477416e-11 fanout1427
 2.626269e-13 1.040205e-12 2.345400e-11 2.475683e-11 fanout1421
 2.601958e-13 1.033177e-12 2.345400e-11 2.474737e-11 fanout173
 4.771375e-13 1.102839e-11 1.314019e-11 2.464571e-11 _16825_
 2.630662e-13 8.986425e-13 2.345400e-11 2.461571e-11 fanout1422
 2.605407e-13 8.842159e-13 2.345400e-11 2.459876e-11 fanout123
 2.634057e-13 8.549195e-13 2.345400e-11 2.457233e-11 fanout174
 7.505899e-13 7.061454e-12 1.673459e-11 2.454664e-11 _19949_
 2.653033e-13 8.205029e-13 2.345400e-11 2.453981e-11 fanout1123
 2.586095e-13 8.265522e-13 2.345400e-11 2.453916e-11 fanout1148
 2.607567e-13 7.944734e-13 2.345400e-11 2.450923e-11 fanout1139
 2.626897e-13 7.259886e-13 2.345400e-11 2.444268e-11 fanout1144
 2.631729e-13 7.212311e-13 2.345400e-11 2.443840e-11 fanout1126
 2.539528e-13 2.020552e-13 2.345400e-11 2.391001e-11 output50
 2.528448e-13 1.546854e-13 2.345400e-11 2.386153e-11 output53
 2.530106e-13 1.165908e-13 2.345400e-11 2.382360e-11 output49
 2.547781e-13 1.145682e-13 2.345400e-11 2.382335e-11 output47
 2.543157e-13 1.062361e-13 2.345400e-11 2.381455e-11 output54
 2.528002e-13 9.847415e-14 2.345400e-11 2.380528e-11 output48
 2.549318e-13 7.755611e-14 2.345400e-11 2.378649e-11 output55
 2.541091e-13 7.412709e-14 2.345400e-11 2.378224e-11 output46
 2.527405e-13 5.877544e-14 2.345400e-11 2.376552e-11 output25
 2.513122e-13 5.573018e-14 2.345400e-11 2.376104e-11 output18
 2.539647e-13 5.261685e-14 2.345400e-11 2.376058e-11 output52
 2.525174e-13 5.325127e-14 2.345400e-11 2.375977e-11 output51
 2.545050e-13 5.063848e-14 2.345400e-11 2.375914e-11 output22
 2.538897e-13 4.740477e-14 2.345400e-11 2.375529e-11 output31
 2.515637e-13 4.806980e-14 2.345400e-11 2.375363e-11 output38
 2.518730e-13 4.628335e-14 2.345400e-11 2.375216e-11 output40
 2.511788e-13 4.486374e-14 2.345400e-11 2.375004e-11 output32
 2.511903e-13 4.357537e-14 2.345400e-11 2.374877e-11 output43
 2.509711e-13 4.250452e-14 2.345400e-11 2.374748e-11 output44
 2.541035e-13 3.708691e-14 2.345400e-11 2.374519e-11 output27
 2.505947e-13 3.690311e-14 2.345400e-11 2.374150e-11 output57
 2.539265e-13 3.321446e-14 2.345400e-11 2.374114e-11 output29
 2.532358e-13 3.383388e-14 2.345400e-11 2.374107e-11 output30
 2.539619e-13 3.237384e-14 2.345400e-11 2.374034e-11 output21
 2.516447e-13 3.466692e-14 2.345400e-11 2.374031e-11 output19
 2.539740e-13 3.194341e-14 2.345400e-11 2.373992e-11 output24
 2.510000e-13 3.471887e-14 2.345400e-11 2.373972e-11 output20
 2.535906e-13 3.040497e-14 2.345400e-11 2.373800e-11 output26
 2.519790e-13 3.156266e-14 2.345400e-11 2.373754e-11 output45
 2.515399e-13 3.049990e-14 2.345400e-11 2.373604e-11 output61
 2.508455e-13 2.930191e-14 2.345400e-11 2.373415e-11 output56
 2.513569e-13 2.809564e-14 2.345400e-11 2.373345e-11 output34
 2.512972e-13 2.804709e-14 2.345400e-11 2.373335e-11 output63
 2.511182e-13 2.799641e-14 2.345400e-11 2.373312e-11 output33
 2.510281e-13 2.695877e-14 2.345400e-11 2.373199e-11 output37
 2.534406e-13 2.207266e-14 2.345400e-11 2.372951e-11 output23
 2.506948e-13 1.984116e-14 2.345400e-11 2.372454e-11 output41
 2.504936e-13 1.714258e-14 2.345400e-11 2.372164e-11 output42
 2.503891e-13 1.722995e-14 2.345400e-11 2.372162e-11 output64
 2.509383e-13 1.286711e-14 2.345400e-11 2.371781e-11 output59
 2.501617e-13 1.326146e-14 2.345400e-11 2.371742e-11 output39
 2.503633e-13 1.161241e-14 2.345400e-11 2.371598e-11 output35
 2.511931e-13 9.701108e-15 2.345400e-11 2.371489e-11 output62
 2.503470e-13 9.590288e-15 2.345400e-11 2.371394e-11 output17
 1.043547e-19 5.692716e-19 2.345416e-11 2.345416e-11 fanout1770
 1.042378e-19 5.543912e-19 2.345416e-11 2.345416e-11 fanout1779
 1.052751e-19 4.250661e-19 2.345416e-11 2.345416e-11 fanout1786
 1.052687e-19 4.297106e-19 2.345416e-11 2.345416e-11 fanout1800
 1.054811e-19 4.194247e-19 2.345416e-11 2.345416e-11 fanout1803
 1.053518e-19 3.880312e-19 2.345416e-11 2.345416e-11 fanout1823
 1.060840e-19 5.730898e-19 2.345416e-11 2.345416e-11 fanout1862
 1.576620e-12 4.472182e-12 1.653897e-11 2.258777e-11 fanout602
 7.961078e-13 7.520363e-12 1.331657e-11 2.163304e-11 _17084_
 4.191215e-13 4.355897e-12 1.673460e-11 2.150962e-11 _19277_
 5.795160e-13 4.106765e-12 1.673458e-11 2.142086e-11 _16998_
 6.918365e-13 7.090138e-12 1.314018e-11 2.092216e-11 _17297_
 7.156714e-13 3.133402e-12 1.689930e-11 2.074837e-11 fanout1110
 7.169801e-13 3.053372e-12 1.689930e-11 2.066965e-11 fanout1052
 4.647618e-13 7.010168e-12 1.314019e-11 2.061512e-11 _20064_
 7.142153e-13 2.853892e-12 1.689930e-11 2.046741e-11 fanout1077
 9.012577e-13 6.374449e-12 1.314018e-11 2.041589e-11 _17205_
 1.008037e-12 2.859856e-12 1.653896e-11 2.040686e-11 fanout1142
 7.124026e-13 2.734101e-12 1.689930e-11 2.034580e-11 fanout1089
 7.128446e-13 2.706509e-12 1.689930e-11 2.031865e-11 fanout1073
 7.173222e-13 2.978778e-12 1.653894e-11 2.023504e-11 fanout133
 7.670695e-13 6.086300e-12 1.331657e-11 2.016994e-11 _17023_
 7.154314e-13 2.889958e-12 1.653894e-11 2.014433e-11 fanout989
 7.106099e-13 2.517615e-12 1.689930e-11 2.012752e-11 fanout1085
 4.595022e-13 6.305980e-12 1.331658e-11 2.008206e-11 _18405_
 7.140970e-13 2.730048e-12 1.653894e-11 1.998309e-11 fanout128
 7.114409e-13 2.365486e-12 1.689930e-11 1.997623e-11 fanout1046
 7.119734e-13 2.719699e-12 1.653894e-11 1.997062e-11 fanout135
 7.202474e-13 2.281335e-12 1.689930e-11 1.990088e-11 fanout1146
 7.136206e-13 2.598862e-12 1.653894e-11 1.985142e-11 fanout132
 7.102200e-13 2.082393e-12 1.689930e-11 1.969191e-11 fanout649
 6.834500e-13 5.844377e-12 1.314018e-11 1.966801e-11 _17075_
 7.118226e-13 2.412814e-12 1.653894e-11 1.966358e-11 fanout126
 7.093540e-13 1.939710e-12 1.689930e-11 1.954836e-11 fanout164
 7.106530e-13 2.289271e-12 1.653894e-11 1.953887e-11 fanout997
 7.101874e-13 2.238179e-12 1.653894e-11 1.948731e-11 fanout127
 1.096858e-12 8.524677e-12 9.810541e-12 1.943208e-11 _16822_
 7.066790e-13 1.759809e-12 1.689930e-11 1.936579e-11 fanout1043
 4.615345e-13 5.410150e-12 1.331658e-11 1.918826e-11 _20104_
 4.314845e-13 2.141424e-12 1.653896e-11 1.911187e-11 fanout1534
 6.833289e-13 5.265683e-12 1.314018e-11 1.908920e-11 _16965_
 4.302932e-13 1.869583e-12 1.653896e-11 1.883884e-11 fanout1522
 6.914407e-13 5.003455e-12 1.314019e-11 1.883508e-11 _17186_
 2.542061e-13 1.836326e-12 1.673458e-11 1.882511e-11 _17428_
 5.678776e-13 4.819906e-12 1.331657e-11 1.870435e-11 _17339_
 6.688660e-13 4.870198e-12 1.314019e-11 1.867925e-11 _16974_
 4.276850e-13 1.650268e-12 1.653896e-11 1.861692e-11 fanout1458
 4.287992e-13 1.647657e-12 1.653896e-11 1.861542e-11 fanout1457
 4.290130e-13 1.640995e-12 1.653896e-11 1.860897e-11 fanout1495
 4.286269e-13 1.620586e-12 1.653896e-11 1.858818e-11 fanout1494
 4.289994e-13 1.606254e-12 1.653896e-11 1.857422e-11 fanout1442
 4.275203e-13 1.604606e-12 1.653896e-11 1.857109e-11 fanout1552
 4.286084e-13 1.589627e-12 1.653896e-11 1.855720e-11 fanout1519
 5.715387e-13 4.549543e-12 1.331656e-11 1.843765e-11 _16900_
 4.273883e-13 1.430419e-12 1.653896e-11 1.839677e-11 fanout1547
 5.216891e-12 0.000000e+00 1.314019e-11 1.835708e-11 clkload171
 4.267073e-13 1.387867e-12 1.653896e-11 1.835354e-11 fanout1481
 4.263844e-13 1.363124e-12 1.653896e-11 1.832847e-11 fanout1513
 4.250569e-13 1.362701e-12 1.653896e-11 1.832672e-11 fanout1488
 4.259667e-13 1.294113e-12 1.653896e-11 1.825904e-11 fanout1479
 4.321064e-13 1.271910e-12 1.653896e-11 1.824298e-11 fanout1153
 4.261151e-13 1.261312e-12 1.653896e-11 1.822639e-11 fanout1526
 4.255486e-13 1.231174e-12 1.653896e-11 1.819569e-11 fanout1456
 4.255389e-13 1.216217e-12 1.653896e-11 1.818072e-11 fanout1493
 4.235689e-13 1.151065e-12 1.653896e-11 1.811360e-11 fanout1450
 5.619513e-13 4.111005e-12 1.331656e-11 1.798952e-11 _17028_
 5.692693e-13 4.034728e-12 1.331656e-11 1.792056e-11 _16878_
 3.629986e-13 4.145578e-12 1.331656e-11 1.782514e-11 _17167_
 4.755817e-13 4.175935e-12 1.314018e-11 1.779170e-11 _17101_
 4.754257e-13 3.996777e-12 1.314018e-11 1.761238e-11 _16891_
 4.633294e-13 3.852311e-12 1.314018e-11 1.745582e-11 _17314_
 4.587953e-13 3.653785e-12 1.331658e-11 1.742916e-11 _18713_
 4.580651e-13 3.577204e-12 1.331658e-11 1.735184e-11 _18504_
 4.404784e-13 3.550769e-12 1.331658e-11 1.730782e-11 _19209_
 8.373339e-14 7.345245e-13 1.647000e-11 1.728826e-11 _16765_
 5.801258e-13 3.391288e-12 1.331656e-11 1.728798e-11 _17334_
 4.410942e-13 3.680045e-12 1.314019e-11 1.726132e-11 _17848_
 4.603630e-13 3.534514e-12 1.314018e-11 1.713506e-11 _16956_
 3.553892e-13 3.360467e-12 1.331657e-11 1.703242e-11 _17079_
 4.409907e-13 3.431532e-12 1.314019e-11 1.701271e-11 _20501_
 4.433066e-13 3.324911e-12 1.314019e-11 1.690840e-11 _18326_
 5.666381e-20 1.728990e-19 1.689928e-11 1.689928e-11 fanout1773
 5.694605e-20 1.903900e-19 1.689928e-11 1.689928e-11 fanout1791
 5.740299e-20 2.486794e-19 1.689928e-11 1.689928e-11 fanout1795
 5.728137e-20 2.338845e-19 1.689928e-11 1.689928e-11 fanout1813
 5.730140e-20 2.515672e-19 1.689928e-11 1.689928e-11 fanout1840
 5.707443e-20 2.239395e-19 1.689928e-11 1.689928e-11 fanout1851
 5.690767e-20 1.868519e-19 1.689928e-11 1.689928e-11 fanout1860
 3.581166e-13 3.193028e-12 1.331656e-11 1.686771e-11 _17134_
 3.578622e-13 3.127414e-12 1.331657e-11 1.680184e-11 _17216_
 3.623591e-13 3.092053e-12 1.331656e-11 1.677098e-11 _17416_
 4.533644e-13 3.136803e-12 1.314018e-11 1.673035e-11 _17322_
 3.626910e-13 2.934202e-12 1.331656e-11 1.661346e-11 _17337_
 3.680178e-13 2.896181e-12 1.331657e-11 1.658076e-11 _17121_
 4.781030e-13 2.959877e-12 1.314019e-11 1.657817e-11 _17363_
 5.695028e-20 1.921712e-19 1.653896e-11 1.653896e-11 fanout1742
 5.694383e-20 1.935652e-19 1.653896e-11 1.653896e-11 fanout1744
 5.701180e-20 2.021377e-19 1.653896e-11 1.653896e-11 fanout1745
 5.699447e-20 1.983644e-19 1.653896e-11 1.653896e-11 fanout1749
 5.713366e-20 2.227704e-19 1.653896e-11 1.653896e-11 fanout1750
 5.704091e-20 2.109509e-19 1.653896e-11 1.653896e-11 fanout1751
 3.663924e-13 2.849839e-12 1.331656e-11 1.653280e-11 _17093_
 3.535121e-13 2.837670e-12 1.331656e-11 1.650775e-11 _17226_
 3.418115e-20 3.871568e-19 1.647001e-11 1.647001e-11 _16850_
 3.565069e-13 2.748049e-12 1.331657e-11 1.642112e-11 _17194_
 3.583470e-13 2.711665e-12 1.331657e-11 1.638658e-11 _16905_
 3.595421e-13 2.701147e-12 1.331657e-11 1.637725e-11 _16929_
 3.520250e-13 2.599000e-12 1.331657e-11 1.626759e-11 _17072_
 3.520511e-13 2.493016e-12 1.331656e-11 1.616163e-11 _17263_
 2.505689e-13 2.496061e-12 1.314019e-11 1.588682e-11 _19890_
 2.642055e-13 2.403581e-12 1.314018e-11 1.580797e-11 _16948_
 2.527418e-13 2.167450e-12 1.314018e-11 1.556037e-11 _16951_
 2.631515e-13 2.104987e-12 1.314019e-11 1.550832e-11 _17148_
 2.538170e-13 1.889179e-12 1.331658e-11 1.545958e-11 _26326_
 2.558944e-13 2.005599e-12 1.314019e-11 1.540168e-11 _16861_
 6.624170e-13 1.255734e-12 1.348144e-11 1.539959e-11 wire142
 2.507154e-13 1.975362e-12 1.314018e-11 1.536626e-11 _16943_
 2.547215e-13 1.956213e-12 1.314018e-11 1.535111e-11 _31781_
 2.560716e-13 1.856061e-12 1.314019e-11 1.525232e-11 _17420_
 2.547052e-13 1.675243e-12 1.314018e-11 1.507013e-11 _16854_
 4.710650e-13 1.293634e-12 1.320966e-11 1.497436e-11 fanout129
 1.551727e-13 1.416296e-12 1.331657e-11 1.488804e-11 _17097_
 1.519492e-13 1.419152e-12 1.331656e-11 1.488766e-11 _16969_
 1.520264e-13 1.392330e-12 1.331657e-11 1.486092e-11 _16879_
 1.546708e-13 1.354628e-12 1.331656e-11 1.482586e-11 _16896_
 1.548898e-13 1.342453e-12 1.331656e-11 1.481391e-11 _17060_
 1.547751e-13 1.341202e-12 1.331656e-11 1.481254e-11 _17090_
 1.578871e-13 1.305556e-12 1.331656e-11 1.478001e-11 _17002_
 1.541095e-13 1.283331e-12 1.331657e-11 1.475401e-11 _17198_
 1.518484e-13 1.261533e-12 1.331657e-11 1.472995e-11 _17040_
 1.548410e-13 1.245301e-12 1.331657e-11 1.471671e-11 _16988_
 1.527496e-13 1.222964e-12 1.331657e-11 1.469228e-11 _17402_
 1.534207e-13 1.214925e-12 1.331657e-11 1.468491e-11 _16990_
 1.539851e-13 1.191769e-12 1.331657e-11 1.466232e-11 _17291_
 1.589499e-13 1.174957e-12 1.331656e-11 1.465047e-11 _17418_
 1.517847e-13 1.175811e-12 1.331657e-11 1.464416e-11 _16980_
 1.499443e-13 1.138979e-12 1.331656e-11 1.460549e-11 _17397_
 1.511809e-13 1.127737e-12 1.331657e-11 1.459549e-11 _17127_
 4.689654e-13 6.274784e-13 1.348146e-11 1.457790e-11 wire121
 1.558600e-13 1.103236e-12 1.331656e-11 1.457566e-11 _16775_
 1.494112e-13 1.062743e-12 1.331656e-11 1.452872e-11 _17301_
 5.110627e-14 6.312886e-13 1.331658e-11 1.399898e-11 _18206_
 4.953170e-13 3.539435e-12 9.898732e-12 1.393348e-11 _17335_
 9.446813e-14 3.456725e-13 1.348146e-11 1.392160e-11 _35025_
 9.441052e-14 3.225053e-13 1.348146e-11 1.389838e-11 _35023_
 9.408781e-14 2.425851e-13 1.348146e-11 1.381813e-11 _35022_
 9.402865e-14 2.279740e-13 1.348146e-11 1.380346e-11 _35021_
 9.373225e-14 1.653923e-13 1.348146e-11 1.374058e-11 _35024_
 9.358914e-14 1.630260e-13 1.348146e-11 1.373807e-11 _35012_
 9.355326e-14 1.490949e-13 1.348146e-11 1.372411e-11 _35018_
 5.165374e-14 5.258644e-13 1.314018e-11 1.371770e-11 _16771_
 9.348325e-14 1.427207e-13 1.348146e-11 1.371766e-11 _35026_
 4.875405e-14 3.469668e-13 1.331658e-11 1.371230e-11 _18535_
 9.337037e-14 1.324429e-13 1.348146e-11 1.370727e-11 _35020_
 9.319301e-14 1.162937e-13 1.348146e-11 1.369095e-11 _35019_
 9.312828e-14 9.132046e-14 1.348146e-11 1.366591e-11 _35016_
 9.285735e-14 8.573060e-14 1.348146e-11 1.366005e-11 _35027_
 5.162800e-14 4.674167e-13 1.314018e-11 1.365922e-11 _16758_
 9.279257e-14 8.317576e-14 1.348146e-11 1.365743e-11 _35017_
 5.274801e-14 4.514785e-13 1.314018e-11 1.364441e-11 _16866_
 9.248514e-14 6.469197e-14 1.348146e-11 1.363864e-11 _35013_
 9.244289e-14 6.275804e-14 1.348146e-11 1.363666e-11 _35009_
 9.234035e-14 5.806436e-14 1.348146e-11 1.363186e-11 _35010_
 9.255782e-14 5.656954e-14 1.348146e-11 1.363059e-11 _35015_
 9.227631e-14 5.513254e-14 1.348146e-11 1.362887e-11 _35014_
 9.222828e-14 5.293342e-14 1.348146e-11 1.362662e-11 _35008_
 9.220162e-14 5.171386e-14 1.348146e-11 1.362538e-11 _35011_
 5.177758e-14 4.245497e-13 1.314018e-11 1.361651e-11 _17281_
 5.112129e-14 4.234583e-13 1.314018e-11 1.361476e-11 _17031_
 5.120296e-14 3.926186e-13 1.314018e-11 1.358400e-11 _17384_
 5.035630e-14 3.716979e-13 1.314018e-11 1.356223e-11 _17393_
 5.087047e-14 3.690500e-13 1.314018e-11 1.356010e-11 _17245_
 4.889344e-13 3.161188e-12 9.898733e-12 1.354885e-11 _17056_
 5.075379e-14 3.464081e-13 1.314018e-11 1.353734e-11 _17411_
 5.085167e-14 3.443899e-13 1.314018e-11 1.353542e-11 _17105_
 5.016107e-14 3.272608e-13 1.314018e-11 1.351760e-11 _17179_
 0.000000e+00 0.000000e+00 1.348146e-11 1.348146e-11 input11
 7.937752e-20 4.374474e-19 1.348146e-11 1.348146e-11 input10
 5.560609e-19 4.055465e-18 1.348145e-11 1.348146e-11 input8
 1.577800e-19 3.452997e-19 1.348146e-11 1.348146e-11 input4
 7.854320e-20 1.063139e-19 1.348146e-11 1.348146e-11 input6
 7.866468e-20 1.239696e-19 1.348145e-11 1.348145e-11 input1
 1.573393e-19 2.490156e-19 1.348145e-11 1.348145e-11 input5
 5.517109e-13 3.019609e-12 9.810542e-12 1.338186e-11 _16930_
 4.320864e-13 3.044866e-12 9.810542e-12 1.328749e-11 _17177_
 4.805033e-13 2.897837e-12 9.898731e-12 1.327707e-11 _17050_
 4.254262e-13 3.018326e-12 9.810542e-12 1.325430e-11 _17036_
 4.179843e-13 3.012762e-12 9.810542e-12 1.324129e-11 _16909_
 1.183406e-19 2.600265e-19 1.320968e-11 1.320968e-11 input3
 3.922221e-20 4.713235e-20 1.320968e-11 1.320968e-11 input7
 1.179205e-19 1.750812e-19 1.320968e-11 1.320968e-11 input2
 3.786428e-20 1.335480e-19 1.320967e-11 1.320967e-11 fanout1752
 4.978570e-13 2.798046e-12 9.898733e-12 1.319464e-11 _17037_
 4.947323e-13 2.698852e-12 9.898732e-12 1.309232e-11 _17345_
 3.683987e-13 2.803993e-12 9.898733e-12 1.307112e-11 _17308_
 3.630413e-13 2.783025e-12 9.898731e-12 1.304480e-11 _17361_
 3.592150e-13 2.722490e-12 9.898732e-12 1.298044e-11 _17069_
 4.244578e-13 2.709396e-12 9.810542e-12 1.294440e-11 _17077_
 3.038708e-13 2.824045e-12 9.810543e-12 1.293846e-11 _17140_
 4.173908e-13 2.698536e-12 9.810542e-12 1.292647e-11 _17398_
 4.892558e-13 2.529599e-12 9.898731e-12 1.291759e-11 _17353_
 4.166727e-13 2.652264e-12 9.810542e-12 1.287948e-11 _16923_
 4.284974e-13 2.602912e-12 9.810542e-12 1.284195e-11 _16932_
 4.301707e-13 2.596824e-12 9.810541e-12 1.283754e-11 _17250_
 3.548885e-13 2.573817e-12 9.898733e-12 1.282744e-11 _17230_
 4.181402e-13 2.586250e-12 9.810543e-12 1.281493e-11 _17115_
 5.533083e-13 2.418752e-12 9.810542e-12 1.278260e-11 _17271_
 4.309552e-13 2.487309e-12 9.810541e-12 1.272880e-11 _17425_
 3.636788e-13 2.452483e-12 9.898733e-12 1.271489e-11 _17204_
 4.876495e-13 2.309084e-12 9.898732e-12 1.269547e-11 _16996_
 3.016138e-13 2.580523e-12 9.810541e-12 1.269268e-11 _16910_
 3.484525e-13 2.496661e-12 9.810547e-12 1.265566e-11 _20694_
 4.143437e-13 2.338509e-12 9.898738e-12 1.265159e-11 _18342_
 4.196217e-13 2.383923e-12 9.810543e-12 1.261409e-11 _16975_
 3.525300e-13 2.357536e-12 9.898731e-12 1.260880e-11 _16938_
 4.852392e-13 2.211123e-12 9.898732e-12 1.259509e-11 _16976_
 3.630826e-13 2.330991e-12 9.898732e-12 1.259281e-11 _16868_
 4.838483e-13 2.206816e-12 9.898732e-12 1.258940e-11 _17094_
 3.635255e-13 2.306570e-12 9.898733e-12 1.256883e-11 _16859_
 3.533791e-13 2.303044e-12 9.898732e-12 1.255515e-11 _16964_
 3.651834e-13 2.284311e-12 9.898732e-12 1.254823e-11 _17111_
 4.832039e-13 2.151980e-12 9.898733e-12 1.253392e-11 _17003_
 3.638234e-13 2.250739e-12 9.898731e-12 1.251329e-11 _17222_
 3.617681e-13 2.217977e-12 9.898734e-12 1.247848e-11 _17160_
 4.206762e-13 2.238561e-12 9.810542e-12 1.246978e-11 _17419_
 4.072149e-13 2.228077e-12 9.810542e-12 1.244583e-11 _20313_
 3.630273e-13 2.182337e-12 9.898731e-12 1.244410e-11 _16941_
 4.209589e-13 2.194028e-12 9.810541e-12 1.242553e-11 _16894_
 4.270717e-13 2.186804e-12 9.810542e-12 1.242442e-11 _17381_
 3.506604e-13 2.164385e-12 9.898731e-12 1.241378e-11 _16895_
 4.852307e-13 2.027323e-12 9.898732e-12 1.241129e-11 _16977_
 5.420099e-13 2.055058e-12 9.810542e-12 1.240761e-11 _16911_
 3.511950e-13 2.118086e-12 9.898731e-12 1.236801e-11 _17370_
 4.253051e-13 2.103168e-12 9.810541e-12 1.233901e-11 _17057_
 3.595428e-13 2.075521e-12 9.898733e-12 1.233380e-11 _17252_
 2.933393e-13 2.224410e-12 9.810541e-12 1.232829e-11 _17346_
 2.889027e-13 2.223387e-12 9.810542e-12 1.232283e-11 _16828_
 3.510387e-13 2.058213e-12 9.898734e-12 1.230799e-11 _17256_
 3.495230e-13 2.059340e-12 9.898731e-12 1.230759e-11 _17191_
 4.057031e-13 1.985780e-12 9.898738e-12 1.229022e-11 _29428_
 3.609572e-13 2.022697e-12 9.898732e-12 1.228239e-11 _17233_
 2.945379e-13 2.176972e-12 9.810543e-12 1.228205e-11 _17380_
 4.828306e-13 1.894969e-12 9.898731e-12 1.227653e-11 _16967_
 3.507798e-13 2.021725e-12 9.898731e-12 1.227124e-11 _17139_
 2.991159e-13 2.155568e-12 9.810541e-12 1.226523e-11 _17004_
 4.793483e-13 1.963284e-12 9.810547e-12 1.225318e-11 _30508_
 4.253563e-13 2.016383e-12 9.810541e-12 1.225228e-11 _17011_
 3.594068e-13 1.983836e-12 9.898734e-12 1.224198e-11 _17197_
 2.835886e-13 2.115674e-12 9.810543e-12 1.220981e-11 _18355_
 3.598005e-13 1.950539e-12 9.898731e-12 1.220907e-11 _17169_
 4.197077e-13 1.971490e-12 9.810543e-12 1.220174e-11 _17343_
 4.214030e-13 1.962089e-12 9.810542e-12 1.219403e-11 _17185_
 3.586650e-13 1.931512e-12 9.898731e-12 1.218891e-11 _17356_
 2.887963e-13 2.001105e-12 9.898738e-12 1.218864e-11 _17628_
 4.074550e-13 1.967245e-12 9.810542e-12 1.218524e-11 _18333_
 3.493968e-13 1.934635e-12 9.898731e-12 1.218276e-11 _17045_
 2.993166e-13 2.060000e-12 9.810543e-12 1.216986e-11 _17066_
 2.926985e-13 2.063853e-12 9.810541e-12 1.216709e-11 _17184_
 3.478742e-13 1.879804e-12 9.898732e-12 1.212641e-11 _17296_
 2.942200e-13 2.003207e-12 9.810543e-12 1.210797e-11 _16958_
 2.913944e-13 2.005866e-12 9.810541e-12 1.210780e-11 _17096_
 4.768803e-13 1.727482e-12 9.898733e-12 1.210310e-11 _17289_
 4.145274e-13 1.872530e-12 9.810541e-12 1.209760e-11 _17161_
 2.947170e-13 1.983784e-12 9.810541e-12 1.208904e-11 _16892_
 2.887063e-13 1.989157e-12 9.810541e-12 1.208840e-11 _17374_
 3.486727e-13 1.840887e-12 9.898731e-12 1.208829e-11 _17324_
 2.900379e-13 1.986936e-12 9.810541e-12 1.208752e-11 _17193_
 3.574665e-13 1.829142e-12 9.898732e-12 1.208534e-11 _17287_
 4.209339e-13 1.849756e-12 9.810543e-12 1.208123e-11 _17243_
 2.899909e-13 1.970321e-12 9.810541e-12 1.207085e-11 _16874_
 2.880422e-13 1.961800e-12 9.810543e-12 1.206038e-11 _16968_
 4.165576e-13 1.822019e-12 9.810542e-12 1.204912e-11 _17132_
 2.940069e-13 1.943801e-12 9.810541e-12 1.204835e-11 _17410_
 3.574462e-13 1.789143e-12 9.898731e-12 1.204532e-11 _17049_
 2.886400e-13 1.931113e-12 9.810541e-12 1.203029e-11 _17305_
 4.188631e-13 1.800671e-12 9.810542e-12 1.203008e-11 _17022_
 3.571871e-13 1.773442e-12 9.898731e-12 1.202936e-11 _17298_
 4.185328e-13 1.788980e-12 9.810543e-12 1.201805e-11 _17095_
 4.175019e-13 1.781412e-12 9.810543e-12 1.200946e-11 _17013_
 2.857849e-13 1.909490e-12 9.810543e-12 1.200582e-11 _20039_
 3.592968e-13 1.740140e-12 9.898731e-12 1.199817e-11 _17362_
 2.876205e-13 1.898112e-12 9.810543e-12 1.199628e-11 _16917_
 2.982279e-13 1.887086e-12 9.810541e-12 1.199586e-11 _17399_
 3.472421e-13 1.749194e-12 9.898731e-12 1.199517e-11 _17310_
 2.942555e-13 1.879797e-12 9.810542e-12 1.198459e-11 _16851_
 2.901150e-13 1.882031e-12 9.810542e-12 1.198269e-11 _17221_
 4.106500e-13 1.757487e-12 9.810541e-12 1.197868e-11 _17187_
 2.895762e-13 1.870728e-12 9.810541e-12 1.197085e-11 _16936_
 2.337036e-13 1.836158e-12 9.898733e-12 1.196859e-11 _17231_
 3.577198e-13 1.708360e-12 9.898732e-12 1.196481e-11 _17114_
 2.880273e-13 1.862701e-12 9.810543e-12 1.196127e-11 _17157_
 4.207064e-13 1.721731e-12 9.810542e-12 1.195298e-11 _17133_
 4.175284e-13 1.710769e-12 9.810543e-12 1.193884e-11 _17400_
 4.128820e-13 1.710448e-12 9.810542e-12 1.193387e-11 _17078_
 3.633168e-13 1.662319e-12 9.898733e-12 1.192437e-11 _17059_
 2.881043e-13 1.818825e-12 9.810543e-12 1.191747e-11 _16987_
 2.259738e-13 1.786982e-12 9.898732e-12 1.191169e-11 _17342_
 4.172358e-13 1.663840e-12 9.810541e-12 1.189162e-11 _17326_
 3.444504e-13 1.647753e-12 9.898732e-12 1.189094e-11 _16832_
 3.451474e-13 1.640579e-12 9.898733e-12 1.188446e-11 _16918_
 3.473387e-13 1.638273e-12 9.898731e-12 1.188434e-11 _17175_
 2.925050e-13 1.777241e-12 9.810541e-12 1.188029e-11 _17074_
 3.474387e-13 1.628149e-12 9.898732e-12 1.187432e-11 _17331_
 4.734909e-13 1.495235e-12 9.898732e-12 1.186746e-11 _16893_
 3.527985e-13 1.613363e-12 9.898733e-12 1.186489e-11 _16986_
 2.977437e-13 1.755800e-12 9.810541e-12 1.186409e-11 _16984_
 2.909653e-13 1.760719e-12 9.810541e-12 1.186223e-11 _17027_
 3.569980e-13 1.596187e-12 9.898731e-12 1.185192e-11 _17068_
 5.392414e-13 1.501831e-12 9.810541e-12 1.185161e-11 _31012_
 2.949800e-13 1.740838e-12 9.810541e-12 1.184636e-11 _17151_
 4.746459e-13 1.472962e-12 9.898732e-12 1.184634e-11 _17113_
 4.157597e-13 1.618642e-12 9.810542e-12 1.184494e-11 _16885_
 2.298993e-13 1.710460e-12 9.898731e-12 1.183909e-11 _17240_
 3.574648e-13 1.575945e-12 9.898732e-12 1.183214e-11 _17176_
 2.817239e-13 1.644247e-12 9.898738e-12 1.182471e-11 _19351_
 7.176800e-13 1.206127e-12 9.898733e-12 1.182254e-11 _31819_
 2.824542e-13 1.728638e-12 9.810543e-12 1.182163e-11 _19331_
 4.174475e-13 1.593120e-12 9.810542e-12 1.182111e-11 _16931_
 4.110760e-13 1.510302e-12 9.898738e-12 1.182012e-11 _29764_
 2.253197e-13 1.680032e-12 9.898732e-12 1.180408e-11 _17431_
 2.934246e-13 1.687524e-12 9.810543e-12 1.179149e-11 _16912_
 2.844122e-13 1.682145e-12 9.810541e-12 1.177710e-11 _21574_
 2.824685e-13 1.574842e-12 9.898737e-12 1.175605e-11 _18942_
 2.883025e-13 1.655759e-12 9.810543e-12 1.175460e-11 _17432_
 3.527658e-13 1.501689e-12 9.898733e-12 1.175319e-11 _17242_
 2.268292e-13 1.620382e-12 9.898732e-12 1.174594e-11 _16824_
 2.253308e-13 1.606840e-12 9.898732e-12 1.173090e-11 _17065_
 4.032394e-13 1.428538e-12 9.898738e-12 1.173052e-11 _17740_
 2.893914e-13 1.625665e-12 9.810542e-12 1.172560e-11 _16955_
 2.265881e-13 1.596148e-12 9.898734e-12 1.172147e-11 _17143_
 2.825928e-13 1.627991e-12 9.810543e-12 1.172113e-11 _20016_
 2.257609e-13 1.594800e-12 9.898731e-12 1.171929e-11 _17249_
 3.489364e-13 1.470513e-12 9.898733e-12 1.171818e-11 _17103_
 2.906844e-13 1.600888e-12 9.810541e-12 1.170211e-11 _16950_
 2.808952e-13 1.510041e-12 9.898738e-12 1.168967e-11 _19959_
 4.730464e-13 1.314022e-12 9.898731e-12 1.168580e-11 _17213_
 2.263566e-13 1.559069e-12 9.898733e-12 1.168416e-11 _17155_
 2.926638e-13 1.577720e-12 9.810541e-12 1.168093e-11 _17241_
 2.927094e-13 1.573163e-12 9.810541e-12 1.167641e-11 _17300_
 2.854203e-13 1.576243e-12 9.810541e-12 1.167220e-11 _17173_
 3.514685e-13 1.410483e-12 9.898732e-12 1.166068e-11 _16959_
 3.487437e-13 1.400693e-12 9.898732e-12 1.164817e-11 _17232_
 2.247793e-13 1.522719e-12 9.898733e-12 1.164623e-11 _17018_
 2.951633e-13 1.534496e-12 9.810541e-12 1.164020e-11 _17307_
 2.854230e-13 1.522807e-12 9.810543e-12 1.161877e-11 _16882_
 2.245814e-13 1.488527e-12 9.898733e-12 1.161184e-11 _16983_
 2.287558e-13 1.474871e-12 9.898733e-12 1.160236e-11 _17119_
 3.544066e-13 1.341618e-12 9.898733e-12 1.159476e-11 _16833_
 2.275584e-13 1.466803e-12 9.898731e-12 1.159309e-11 _17424_
 2.968981e-13 1.481869e-12 9.810543e-12 1.158931e-11 _17047_
 4.711790e-13 1.216192e-12 9.898733e-12 1.158610e-11 _31946_
 2.932548e-13 1.480533e-12 9.810541e-12 1.158433e-11 _16884_
 3.552965e-13 1.324260e-12 9.898731e-12 1.157829e-11 _17086_
 4.155627e-13 1.263252e-12 9.898739e-12 1.157755e-11 _24057_
 2.851100e-13 1.477128e-12 9.810541e-12 1.157278e-11 _17388_
 2.932090e-13 1.463264e-12 9.810543e-12 1.156702e-11 _17290_
 2.956193e-13 1.457800e-12 9.810541e-12 1.156396e-11 _17390_
 2.943796e-13 1.458707e-12 9.810543e-12 1.156363e-11 _17417_
 2.924445e-13 1.457665e-12 9.810542e-12 1.156065e-11 _16994_
 2.250474e-13 1.421782e-12 9.898733e-12 1.154556e-11 _16981_
 2.844269e-13 1.445171e-12 9.810541e-12 1.154014e-11 _17415_
 2.816707e-13 1.350350e-12 9.898738e-12 1.153076e-11 _18130_
 2.256700e-13 1.387024e-12 9.898733e-12 1.151143e-11 _17268_
 2.277144e-13 1.378734e-12 9.898731e-12 1.150518e-11 _17190_
 2.277230e-13 1.377863e-12 9.898732e-12 1.150432e-11 _17264_
 2.836920e-13 1.392819e-12 9.810541e-12 1.148705e-11 _17001_
 2.842941e-13 1.391173e-12 9.810541e-12 1.148601e-11 _17108_
 4.085987e-13 1.262727e-12 9.810542e-12 1.148187e-11 _17392_
 2.811191e-13 1.384762e-12 9.810543e-12 1.147642e-11 _19920_
 4.108018e-13 1.236349e-12 9.810541e-12 1.145769e-11 _21133_
 2.226119e-13 1.331648e-12 9.898733e-12 1.145299e-11 _17218_
 2.224620e-13 1.330239e-12 9.898732e-12 1.145143e-11 _17379_
 2.912390e-13 1.327291e-12 9.810543e-12 1.142907e-11 _17278_
 2.895762e-13 1.324265e-12 9.810541e-12 1.142438e-11 _16920_
 2.880260e-13 1.325302e-12 9.810543e-12 1.142387e-11 _17141_
 2.832918e-13 1.328112e-12 9.810541e-12 1.142194e-11 _16957_
 2.260512e-13 1.294497e-12 9.898733e-12 1.141928e-11 _17408_
 2.828285e-13 1.323524e-12 9.810541e-12 1.141689e-11 _17321_
 2.929785e-13 1.310514e-12 9.810542e-12 1.141403e-11 _17039_
 2.263235e-13 1.284972e-12 9.898733e-12 1.141003e-11 _16906_
 3.497253e-13 1.246944e-12 9.810548e-12 1.140722e-11 _27940_
 2.885519e-13 1.294866e-12 9.810541e-12 1.139396e-11 _17196_
 2.864113e-13 1.194536e-12 9.898737e-12 1.137968e-11 _28595_
 2.242721e-13 1.254647e-12 9.898731e-12 1.137765e-11 _16903_
 2.212788e-13 1.251766e-12 9.898731e-12 1.137178e-11 _17136_
 2.229401e-13 1.236246e-12 9.898733e-12 1.135792e-11 _17174_
 2.845758e-13 1.252131e-12 9.810541e-12 1.134725e-11 _17407_
 2.830801e-13 1.252090e-12 9.810541e-12 1.134571e-11 _17035_
 2.867568e-13 1.151411e-12 9.898738e-12 1.133691e-11 _27414_
 2.836280e-13 1.235050e-12 9.810542e-12 1.132922e-11 _17265_
 2.238214e-13 1.202671e-12 9.898733e-12 1.132523e-11 _17352_
 2.253471e-13 1.200722e-12 9.898733e-12 1.132480e-11 _17401_
 3.502824e-13 1.074639e-12 9.898733e-12 1.132365e-11 _16849_
 2.265912e-13 1.197165e-12 9.898733e-12 1.132249e-11 _17048_
 2.262214e-13 1.185131e-12 9.898733e-12 1.131008e-11 _16973_
 2.919097e-13 1.195320e-12 9.810542e-12 1.129777e-11 _17224_
 2.854380e-13 1.189276e-12 9.810541e-12 1.128526e-11 _17309_
 3.467039e-13 1.033936e-12 9.898731e-12 1.127937e-11 _24425_
 2.211905e-13 1.158371e-12 9.898730e-12 1.127829e-11 _17316_
 2.906101e-13 1.164427e-12 9.810541e-12 1.126558e-11 _17336_
 2.910225e-13 1.163517e-12 9.810543e-12 1.126508e-11 _16877_
 3.493183e-13 1.104885e-12 9.810547e-12 1.126475e-11 _32053_
 2.209278e-13 1.136683e-12 9.898733e-12 1.125634e-11 _17080_
 3.489088e-13 1.082023e-12 9.810546e-12 1.124148e-11 _30813_
 3.426138e-13 9.981057e-13 9.898731e-12 1.123945e-11 _17327_
 2.867872e-13 1.139346e-12 9.810543e-12 1.123668e-11 _17391_
 2.888427e-13 1.134702e-12 9.810541e-12 1.123409e-11 _17122_
 2.257858e-13 1.108228e-12 9.898734e-12 1.123275e-11 _17373_
 2.256595e-13 1.104147e-12 9.898731e-12 1.122854e-11 _17135_
 2.222096e-13 1.107486e-12 9.898732e-12 1.122843e-11 _17225_
 2.219310e-13 1.102878e-12 9.898733e-12 1.122354e-11 _16888_
 1.639840e-13 1.241706e-12 9.810543e-12 1.121623e-11 _17423_
 3.402220e-13 1.061751e-12 9.810547e-12 1.121252e-11 _22009_
 2.859427e-13 1.115677e-12 9.810541e-12 1.121216e-11 _17251_
 2.882230e-13 1.109815e-12 9.810543e-12 1.120858e-11 _16902_
 2.244984e-13 1.085023e-12 9.898733e-12 1.120825e-11 _17220_
 2.287735e-13 1.074739e-12 9.898731e-12 1.120224e-11 _17215_
 2.276146e-13 1.073801e-12 9.898733e-12 1.120015e-11 _17333_
 2.283750e-13 1.071573e-12 9.898731e-12 1.119868e-11 _17259_
 2.892458e-13 1.091315e-12 9.810541e-12 1.119110e-11 _16922_
 1.612960e-13 1.204068e-12 9.810543e-12 1.117591e-11 _16863_
 2.881486e-13 1.069661e-12 9.810541e-12 1.116835e-11 _17279_
 2.191171e-13 1.044963e-12 9.898733e-12 1.116281e-11 _16847_
 4.640676e-13 8.881218e-13 9.810548e-12 1.116274e-11 _30924_
 1.634889e-13 1.185974e-12 9.810541e-12 1.116000e-11 _17255_
 4.073146e-13 8.483525e-13 9.898736e-12 1.115440e-11 _29117_
 2.283434e-13 1.026744e-12 9.898731e-12 1.115382e-11 _17433_
 1.602693e-13 1.178801e-12 9.810540e-12 1.114961e-11 _17237_
 4.668444e-13 8.596854e-13 9.810547e-12 1.113708e-11 _29863_
 2.240132e-13 1.009532e-12 9.898731e-12 1.113228e-11 _17104_
 2.868700e-13 1.031683e-12 9.810543e-12 1.112910e-11 _17123_
 2.211268e-13 1.004953e-12 9.898731e-12 1.112481e-11 _17044_
 1.646268e-13 1.145341e-12 9.810540e-12 1.112051e-11 _16946_
 2.210508e-13 9.942645e-13 9.898733e-12 1.111405e-11 _17183_
 1.613647e-13 1.142001e-12 9.810541e-12 1.111391e-11 _16873_
 2.846951e-13 1.013358e-12 9.810541e-12 1.110859e-11 _16966_
 1.610760e-13 1.135091e-12 9.810540e-12 1.110671e-11 _16944_
 2.210400e-13 9.861651e-13 9.898733e-12 1.110594e-11 _17070_
 4.604154e-13 7.419150e-13 9.898732e-12 1.110106e-11 _16876_
 2.846026e-13 1.003739e-12 9.810541e-12 1.109888e-11 _17318_
 2.231917e-13 9.754693e-13 9.898731e-12 1.109739e-11 _17138_
 2.239909e-13 9.577412e-13 9.898733e-12 1.108046e-11 _16942_
 1.662940e-13 1.102103e-12 9.810541e-12 1.107894e-11 _24764_
 2.201568e-13 9.513098e-13 9.898732e-12 1.107020e-11 _17019_
 4.587056e-13 7.077449e-13 9.898732e-12 1.106518e-11 _17344_
 1.597130e-13 1.094376e-12 9.810540e-12 1.106463e-11 _16945_
 4.036348e-13 8.500528e-13 9.810543e-12 1.106423e-11 _16901_
 2.232284e-13 9.367304e-13 9.898733e-12 1.105869e-11 _16999_
 2.816087e-13 8.694283e-13 9.898739e-12 1.104978e-11 _27396_
 2.848831e-13 9.469115e-13 9.810541e-12 1.104234e-11 _17206_
 2.235156e-13 9.198093e-13 9.898731e-12 1.104206e-11 _17131_
 2.196575e-13 9.235133e-13 9.898732e-12 1.104190e-11 _17340_
 1.597533e-13 1.064318e-12 9.810540e-12 1.103461e-11 _17414_
 2.813169e-13 9.423147e-13 9.810541e-12 1.103417e-11 _16826_
 2.228463e-13 9.119854e-13 9.898733e-12 1.103356e-11 _16889_
 1.611976e-13 1.061204e-12 9.810543e-12 1.103294e-11 _17043_
 2.236211e-13 9.058130e-13 9.898733e-12 1.102817e-11 _17117_
 2.782895e-13 8.498561e-13 9.898737e-12 1.102688e-11 _17554_
 2.823001e-13 8.402450e-13 9.898737e-12 1.102128e-11 _30912_
 1.600033e-13 1.045211e-12 9.810541e-12 1.101576e-11 _17016_
 3.532433e-13 7.543821e-13 9.898731e-12 1.100636e-11 _16845_
 2.231611e-13 8.812220e-13 9.898733e-12 1.100312e-11 _17153_
 1.654611e-13 1.026713e-12 9.810544e-12 1.100272e-11 _17364_
 1.595403e-13 1.029191e-12 9.810541e-12 1.099927e-11 _17406_
 1.572131e-13 1.029481e-12 9.810540e-12 1.099724e-11 _20332_
 1.579417e-13 1.026530e-12 9.810542e-12 1.099501e-11 _22377_
 2.805094e-13 8.097886e-13 9.898736e-12 1.098903e-11 _30397_
 2.226429e-13 9.531892e-13 9.810547e-12 1.098638e-11 _26965_
 2.229890e-13 8.606719e-13 9.898731e-12 1.098239e-11 _16860_
 2.205890e-13 8.603011e-13 9.898731e-12 1.097962e-11 _17192_
 4.002024e-13 6.751880e-13 9.898736e-12 1.097413e-11 _27067_
 2.227531e-13 8.501745e-13 9.898731e-12 1.097166e-11 _16985_
 2.268795e-13 9.332498e-13 9.810547e-12 1.097068e-11 _24383_
 2.188027e-13 8.503131e-13 9.898732e-12 1.096785e-11 _17267_
 3.691301e-13 6.961997e-13 9.898738e-12 1.096407e-11 _19526_
 1.592614e-13 9.916742e-13 9.810540e-12 1.096148e-11 _17025_
 2.220547e-13 8.341048e-13 9.898733e-12 1.095489e-11 _16934_
 3.507965e-13 7.023883e-13 9.898734e-12 1.095192e-11 _16848_
 1.622211e-13 9.726837e-13 9.810540e-12 1.094545e-11 _17026_
 3.470405e-13 6.976223e-13 9.898733e-12 1.094340e-11 _16835_
 3.462324e-13 7.848684e-13 9.810547e-12 1.094165e-11 _31428_
 1.598686e-13 8.766376e-13 9.898739e-12 1.093524e-11 _24448_
 4.152014e-13 6.195449e-13 9.898737e-12 1.093348e-11 _21308_
 9.911199e-14 8.998700e-13 9.898731e-12 1.089771e-11 _17302_
 1.611050e-13 8.370411e-13 9.898739e-12 1.089688e-11 _24024_
 1.589791e-13 9.261936e-13 9.810541e-12 1.089571e-11 _17284_
 1.265359e-13 8.671490e-13 9.898740e-12 1.089242e-11 _23248_
 3.488520e-13 6.431610e-13 9.898732e-12 1.089074e-11 _16837_
 1.588211e-13 9.068587e-13 9.810541e-12 1.087622e-11 _17178_
 1.586740e-13 9.065570e-13 9.810540e-12 1.087577e-11 _17295_
 2.221504e-13 7.466267e-13 9.898731e-12 1.086751e-11 _17355_
 2.230789e-13 8.257305e-13 9.810547e-12 1.085936e-11 _29976_
 4.284456e-13 6.171847e-13 9.810547e-12 1.085618e-11 _22114_
 2.803575e-13 6.714549e-13 9.898738e-12 1.085055e-11 _32065_
 2.219920e-13 7.234502e-13 9.898731e-12 1.084417e-11 _17189_
 3.427939e-13 6.824139e-13 9.810547e-12 1.083576e-11 _30848_
 3.374221e-13 5.933442e-13 9.898731e-12 1.082950e-11 _16834_
 2.271447e-13 6.999091e-13 9.898731e-12 1.082578e-11 _16838_
 2.180758e-13 7.957290e-13 9.810547e-12 1.082435e-11 _25360_
 4.878266e-13 4.372204e-13 9.898738e-12 1.082379e-11 _23015_
 1.593284e-13 8.490649e-13 9.810543e-12 1.081894e-11 _16829_
 3.976640e-13 6.096102e-13 9.810542e-12 1.081782e-11 _16940_
 3.686178e-13 5.492391e-13 9.898737e-12 1.081659e-11 _22471_
 2.816938e-13 6.279991e-13 9.898736e-12 1.080843e-11 _27828_
 2.223052e-13 7.720970e-13 9.810547e-12 1.080495e-11 _31953_
 9.777105e-14 8.070255e-13 9.898731e-12 1.080353e-11 _16897_
 3.090273e-13 6.832109e-13 9.810548e-12 1.080279e-11 _17811_
 3.978837e-13 5.872572e-13 9.810542e-12 1.079568e-11 _17168_
 2.860252e-13 5.869961e-13 9.898738e-12 1.077176e-11 _19735_
 1.579177e-13 8.018260e-13 9.810541e-12 1.077028e-11 _17165_
 3.667379e-13 5.045432e-13 9.898738e-12 1.077002e-11 _18562_
 1.578440e-13 7.997749e-13 9.810540e-12 1.076816e-11 _26696_
 3.480389e-13 5.191229e-13 9.898733e-12 1.076590e-11 _16841_
 2.806427e-13 6.715391e-13 9.810543e-12 1.076272e-11 _18599_
 2.171891e-13 7.321591e-13 9.810548e-12 1.075990e-11 _20595_
 2.250616e-13 6.296895e-13 9.898733e-12 1.075348e-11 _16839_
 3.974857e-13 5.448578e-13 9.810542e-12 1.075289e-11 _17372_
 1.597918e-13 6.941405e-13 9.898739e-12 1.075267e-11 _28167_
 9.656399e-14 7.567457e-13 9.898734e-12 1.075204e-11 _16871_
 3.667879e-13 4.856034e-13 9.898738e-12 1.075113e-11 _21115_
 2.164512e-13 6.344944e-13 9.898732e-12 1.074968e-11 _16840_
 1.613899e-13 7.743513e-13 9.810540e-12 1.074628e-11 _17238_
 2.208756e-13 7.123987e-13 9.810547e-12 1.074382e-11 _33315_
 3.369912e-13 5.040664e-13 9.898731e-12 1.073979e-11 _17029_
 1.605997e-13 7.603886e-13 9.810543e-12 1.073153e-11 _17421_
 3.669675e-13 4.647870e-13 9.898737e-12 1.073049e-11 _20013_
 9.869087e-14 7.292492e-13 9.898734e-12 1.072667e-11 _17199_
 3.078453e-13 6.031531e-13 9.810548e-12 1.072155e-11 _20318_
 9.805513e-14 7.245854e-13 9.898734e-12 1.072137e-11 _17210_
 3.664447e-13 4.559331e-13 9.898738e-12 1.072112e-11 _21990_
 2.169636e-13 6.901832e-13 9.810548e-12 1.071769e-11 _29652_
 1.574688e-13 7.492659e-13 9.810540e-12 1.071728e-11 _16952_
 3.669975e-13 4.508787e-13 9.898738e-12 1.071661e-11 _19402_
 9.741512e-14 7.188216e-13 9.898731e-12 1.071497e-11 _16899_
 2.789076e-13 6.218565e-13 9.810541e-12 1.071131e-11 _18655_
 2.188301e-13 5.920746e-13 9.898731e-12 1.070964e-11 _17021_
 3.417384e-13 5.539060e-13 9.810547e-12 1.070619e-11 _31849_
 9.696511e-14 7.057725e-13 9.898731e-12 1.070147e-11 _17368_
 3.360307e-13 4.624466e-13 9.898733e-12 1.069721e-11 _17159_
 9.670166e-14 7.000332e-13 9.898731e-12 1.069547e-11 _17149_
 9.740919e-14 6.975137e-13 9.898732e-12 1.069366e-11 _17034_
 1.636834e-13 7.193339e-13 9.810540e-12 1.069356e-11 _23082_
 2.160501e-13 5.669069e-13 9.898732e-12 1.068169e-11 _25562_
 9.824453e-14 6.845901e-13 9.898731e-12 1.068157e-11 _17303_
 1.571259e-13 7.131720e-13 9.810540e-12 1.068084e-11 _26434_
 1.613262e-13 7.082281e-13 9.810543e-12 1.068010e-11 _16995_
 1.626746e-13 7.043832e-13 9.810541e-12 1.067760e-11 _17076_
 9.661581e-14 6.787329e-13 9.898734e-12 1.067408e-11 _16872_
 9.595505e-14 6.679430e-13 9.898733e-12 1.066263e-11 _17430_
 2.245022e-13 5.349974e-13 9.898731e-12 1.065823e-11 _16836_
 1.602673e-13 6.855728e-13 9.810541e-12 1.065638e-11 _17182_
 9.601600e-14 6.583606e-13 9.898734e-12 1.065311e-11 _17200_
 3.651900e-13 3.890746e-13 9.898738e-12 1.065300e-11 _22405_
 9.641554e-14 6.522379e-13 9.898731e-12 1.064738e-11 _17358_
 2.754700e-13 4.727708e-13 9.898738e-12 1.064698e-11 _23475_
 4.253356e-13 4.103792e-13 9.810547e-12 1.064626e-11 _22727_
 1.616057e-13 6.728151e-13 9.810540e-12 1.064496e-11 _17383_
 1.618536e-13 6.694902e-13 9.810541e-12 1.064188e-11 _17142_
 1.587207e-13 6.718630e-13 9.810540e-12 1.064112e-11 _17236_
 2.810394e-13 4.563858e-13 9.898738e-12 1.063616e-11 _20177_
 9.767801e-14 6.331883e-13 9.898732e-12 1.062960e-11 _17091_
 1.577752e-13 6.597975e-13 9.810540e-12 1.062811e-11 _16853_
 3.646461e-13 3.625403e-13 9.898737e-12 1.062592e-11 _19996_
 9.772446e-14 6.292918e-13 9.898734e-12 1.062575e-11 _17209_
 9.749518e-14 6.286014e-13 9.898734e-12 1.062483e-11 _16979_
 4.261816e-13 3.824189e-13 9.810548e-12 1.061915e-11 _20212_
 2.489410e-13 4.687393e-13 9.898738e-12 1.061642e-11 _20787_
 2.472629e-13 4.674975e-13 9.898738e-12 1.061350e-11 _19887_
 3.658879e-13 3.466265e-13 9.898738e-12 1.061125e-11 _22613_
 3.653728e-13 3.436088e-13 9.898738e-12 1.060772e-11 _18922_
 3.653698e-13 3.404287e-13 9.898738e-12 1.060454e-11 _19707_
 1.589692e-13 6.336057e-13 9.810543e-12 1.060312e-11 _17067_
 3.646781e-13 3.384089e-13 9.898738e-12 1.060182e-11 _22352_
 9.820640e-14 6.009994e-13 9.898731e-12 1.059794e-11 _17304_
 3.659393e-13 3.287705e-13 9.898738e-12 1.059345e-11 _22737_
 3.650452e-13 3.293248e-13 9.898738e-12 1.059311e-11 _19390_
 3.060968e-13 4.690990e-13 9.810547e-12 1.058574e-11 _21003_
 2.187343e-13 4.677905e-13 9.898733e-12 1.058526e-11 _16844_
 1.585633e-13 6.121304e-13 9.810543e-12 1.058124e-11 _16864_
 2.467864e-13 4.323456e-13 9.898738e-12 1.057787e-11 _21692_
 1.581934e-13 6.062689e-13 9.810543e-12 1.057501e-11 _17422_
 3.655430e-13 3.090805e-13 9.898738e-12 1.057336e-11 _21476_
 1.586364e-13 6.034181e-13 9.810540e-12 1.057259e-11 _17261_
 3.060106e-13 4.549118e-13 9.810546e-12 1.057147e-11 _22246_
 3.065885e-13 4.489934e-13 9.810549e-12 1.056613e-11 _17691_
 9.784910e-14 5.636184e-13 9.898731e-12 1.056020e-11 _17357_
 9.561631e-14 5.614307e-13 9.898734e-12 1.055578e-11 _17294_
 1.591467e-13 5.838624e-13 9.810543e-12 1.055355e-11 _17330_
 3.068780e-13 4.318248e-13 9.810548e-12 1.054925e-11 _21627_
 9.618241e-14 5.491176e-13 9.898733e-12 1.054403e-11 _17125_
 1.574946e-13 5.759246e-13 9.810543e-12 1.054396e-11 _19136_
 1.585476e-13 5.717511e-13 9.810541e-12 1.054084e-11 _17223_
 2.153919e-13 4.211385e-13 9.898730e-12 1.053526e-11 _16949_
 1.583729e-13 5.587922e-13 9.810544e-12 1.052771e-11 _16858_
 2.758432e-13 4.399928e-13 9.810543e-12 1.052638e-11 _16921_
 1.600711e-13 5.554811e-13 9.810542e-12 1.052609e-11 _17102_
 9.546249e-14 5.312690e-13 9.898731e-12 1.052546e-11 _17360_
 2.761452e-13 4.362242e-13 9.810541e-12 1.052291e-11 _17085_
 2.751970e-13 4.338084e-13 9.810543e-12 1.051955e-11 _16867_
 1.580932e-13 5.468894e-13 9.810542e-12 1.051553e-11 _17092_
 2.155876e-13 3.991355e-13 9.898734e-12 1.051346e-11 _16831_
 2.452022e-13 3.685595e-13 9.898737e-12 1.051250e-11 _17941_
 2.194351e-13 4.812719e-13 9.810547e-12 1.051125e-11 _28698_
 3.061742e-13 3.902575e-13 9.810546e-12 1.050698e-11 _20901_
 3.060273e-13 3.897646e-13 9.810547e-12 1.050634e-11 _22026_
 2.454228e-13 3.619300e-13 9.898739e-12 1.050609e-11 _19316_
 1.579014e-13 5.368590e-13 9.810543e-12 1.050530e-11 _17276_
 1.587265e-13 5.335220e-13 9.810541e-12 1.050279e-11 _22561_
 2.187241e-13 4.697868e-13 9.810547e-12 1.049906e-11 _32371_
 9.514316e-14 5.026347e-13 9.898733e-12 1.049651e-11 _17041_
 3.069051e-13 3.786956e-13 9.810549e-12 1.049615e-11 _22588_
 9.512383e-14 5.017524e-13 9.898733e-12 1.049561e-11 _23111_
 2.448147e-13 3.502038e-13 9.898737e-12 1.049376e-11 _21251_
 1.863839e-13 4.965998e-13 9.810548e-12 1.049353e-11 _22903_
 2.751076e-13 4.027568e-13 9.810541e-12 1.048841e-11 _17270_
 3.051994e-13 3.690341e-13 9.810548e-12 1.048478e-11 _22538_
 2.448663e-13 3.372919e-13 9.898739e-12 1.048090e-11 _21963_
 1.568348e-13 5.130703e-13 9.810540e-12 1.048045e-11 _16953_
 2.165671e-13 4.495069e-13 9.810547e-12 1.047662e-11 _31883_
 3.066222e-13 3.584385e-13 9.810548e-12 1.047561e-11 _19748_
 2.446260e-13 3.311603e-13 9.898738e-12 1.047452e-11 _20032_
 3.061113e-13 3.557481e-13 9.810549e-12 1.047241e-11 _20342_
 1.549744e-13 4.178628e-13 9.898738e-12 1.047157e-11 _20886_
 3.053613e-13 3.551036e-13 9.810548e-12 1.047101e-11 _22857_
 2.445116e-13 3.252041e-13 9.898739e-12 1.046845e-11 _21920_
 9.685849e-14 4.707886e-13 9.898731e-12 1.046638e-11 _17062_
 3.056150e-13 3.480623e-13 9.810549e-12 1.046423e-11 _20162_
 1.551813e-13 4.972153e-13 9.810540e-12 1.046294e-11 _24042_
 2.443968e-13 3.195323e-13 9.898737e-12 1.046267e-11 _19818_
 9.532894e-14 4.673128e-13 9.898729e-12 1.046137e-11 _16772_
 2.447332e-13 3.177835e-13 9.898739e-12 1.046126e-11 _19464_
 2.755487e-13 3.739804e-13 9.810542e-12 1.046007e-11 _17150_
 2.457095e-13 3.155764e-13 9.898738e-12 1.046002e-11 _22547_
 2.442566e-13 3.161207e-13 9.898739e-12 1.045912e-11 _20097_
 3.046315e-13 3.412059e-13 9.810546e-12 1.045638e-11 _19981_
 2.445259e-13 3.119647e-13 9.898737e-12 1.045523e-11 _22945_
 2.439703e-13 3.081837e-13 9.898738e-12 1.045089e-11 _21276_
 2.441547e-13 3.074542e-13 9.898739e-12 1.045035e-11 _21564_
 3.047932e-13 3.317053e-13 9.810548e-12 1.044705e-11 _22922_
 9.537560e-14 4.476919e-13 9.898731e-12 1.044180e-11 _17147_
 9.822477e-14 4.446780e-13 9.898730e-12 1.044163e-11 _17195_
 1.549721e-13 4.759749e-13 9.810541e-12 1.044149e-11 _17239_
 9.494641e-14 4.449246e-13 9.898734e-12 1.043860e-11 _17202_
 3.057037e-13 3.187599e-13 9.810547e-12 1.043501e-11 _22435_
 2.444308e-13 2.911104e-13 9.898739e-12 1.043428e-11 _21579_
 2.447666e-13 2.872330e-13 9.898737e-12 1.043074e-11 _18643_
 9.467083e-14 4.366925e-13 9.898734e-12 1.043010e-11 _17403_
 9.602266e-14 4.348986e-13 9.898734e-12 1.042966e-11 _17211_
 9.575905e-14 4.348681e-13 9.898731e-12 1.042936e-11 _17061_
 2.434982e-13 2.861621e-13 9.898737e-12 1.042840e-11 _20141_
 3.043988e-13 3.116548e-13 9.810547e-12 1.042660e-11 _22253_
 2.438359e-13 2.809291e-13 9.898738e-12 1.042350e-11 _23005_
 9.604804e-14 4.266600e-13 9.898734e-12 1.042144e-11 _17405_
 9.439745e-14 4.269127e-13 9.898731e-12 1.042004e-11 _17366_
 2.161144e-13 3.923920e-13 9.810546e-12 1.041905e-11 _26854_
 2.440996e-13 2.732354e-13 9.898737e-12 1.041607e-11 _21667_
 2.435875e-13 2.729995e-13 9.898738e-12 1.041532e-11 _21212_
 3.046711e-13 2.998825e-13 9.810549e-12 1.041510e-11 _21541_
 2.438104e-13 2.701034e-13 9.898738e-12 1.041265e-11 _20692_
 2.435402e-13 2.692837e-13 9.898738e-12 1.041156e-11 _21938_
 9.657416e-14 4.154146e-13 9.898734e-12 1.041072e-11 _17257_
 3.048773e-13 2.948407e-13 9.810547e-12 1.041027e-11 _20326_
 3.048218e-13 2.936630e-13 9.810549e-12 1.040903e-11 _21771_
 1.544414e-13 4.429267e-13 9.810541e-12 1.040791e-11 _21326_
 3.045376e-13 2.925110e-13 9.810547e-12 1.040760e-11 _20629_
 1.845099e-13 4.113060e-13 9.810548e-12 1.040636e-11 _20942_
 9.608837e-14 4.106041e-13 9.898734e-12 1.040543e-11 _16880_
 3.048617e-13 2.877424e-13 9.810548e-12 1.040315e-11 _19897_
 9.544772e-14 4.080471e-13 9.898734e-12 1.040223e-11 _17254_
 3.048364e-13 2.858716e-13 9.810548e-12 1.040126e-11 _20527_
 2.436348e-13 2.578083e-13 9.898739e-12 1.040018e-11 _21035_
 3.040959e-13 2.846683e-13 9.810548e-12 1.039931e-11 _20466_
 2.436182e-13 2.568750e-13 9.898739e-12 1.039923e-11 _22806_
 3.047596e-13 2.834666e-13 9.810547e-12 1.039877e-11 _20485_
 2.441314e-13 2.555442e-13 9.898738e-12 1.039841e-11 _22494_
 2.173287e-13 3.704742e-13 9.810547e-12 1.039835e-11 _32789_
 3.047373e-13 2.811661e-13 9.810548e-12 1.039645e-11 _19728_
 3.041546e-13 2.811133e-13 9.810548e-12 1.039582e-11 _21897_
 3.041654e-13 2.806072e-13 9.810546e-12 1.039532e-11 _21169_
 9.414443e-14 4.022444e-13 9.898734e-12 1.039512e-11 _16989_
 9.440930e-14 4.005932e-13 9.898734e-12 1.039374e-11 _17293_
 2.433754e-13 2.507849e-13 9.898739e-12 1.039290e-11 _20232_
 1.847437e-13 3.965748e-13 9.810547e-12 1.039187e-11 _22797_
 3.049464e-13 2.762845e-13 9.810548e-12 1.039178e-11 _19105_
 3.054320e-13 2.752897e-13 9.810548e-12 1.039127e-11 _17616_
 3.046968e-13 2.725895e-13 9.810548e-12 1.038783e-11 _22747_
 9.399727e-14 3.904649e-13 9.898734e-12 1.038320e-11 _16978_
 9.514492e-14 3.879222e-13 9.898733e-12 1.038180e-11 _17055_
 9.609994e-14 3.868454e-13 9.898734e-12 1.038168e-11 _17292_
 2.438209e-13 2.354558e-13 9.898738e-12 1.037801e-11 _19791_
 9.326172e-14 3.852521e-13 9.898731e-12 1.037725e-11 _16823_
 1.238916e-13 3.538643e-13 9.898737e-12 1.037649e-11 _21644_
 2.432893e-13 2.309491e-13 9.898738e-12 1.037298e-11 _22097_
 2.159833e-13 3.435838e-13 9.810547e-12 1.037011e-11 _32404_
 9.504525e-14 3.757867e-13 9.898734e-12 1.036957e-11 _17329_
 2.449469e-13 2.252699e-13 9.898739e-12 1.036896e-11 _22486_
 2.450469e-13 2.243434e-13 9.898739e-12 1.036813e-11 _22297_
 9.601160e-14 3.731769e-13 9.898733e-12 1.036792e-11 _17429_
 2.427767e-13 2.237920e-13 9.898739e-12 1.036531e-11 _21874_
 2.164813e-13 3.356156e-13 9.810547e-12 1.036264e-11 _31222_
 9.558395e-14 3.674568e-13 9.898734e-12 1.036177e-11 _16870_
 2.436826e-13 2.188228e-13 9.898737e-12 1.036124e-11 _21401_
 9.533760e-14 3.646284e-13 9.898734e-12 1.035870e-11 _16915_
 9.370099e-14 3.638719e-13 9.898733e-12 1.035631e-11 _17126_
 2.432968e-13 2.134577e-13 9.898739e-12 1.035549e-11 _22758_
 2.433975e-13 2.115374e-13 9.898739e-12 1.035367e-11 _22051_
 2.429124e-13 2.083490e-13 9.898738e-12 1.035000e-11 _20805_
 1.568255e-13 3.711872e-13 9.810541e-12 1.033855e-11 _19593_
 1.842243e-13 3.357018e-13 9.810548e-12 1.033047e-11 _22700_
 9.473628e-14 3.344171e-13 9.898733e-12 1.032789e-11 _17042_
 1.548856e-13 2.597352e-13 9.898739e-12 1.031336e-11 _31536_
 1.846935e-13 3.174175e-13 9.810546e-12 1.031266e-11 _20771_
 9.531669e-14 3.879694e-13 9.810549e-12 1.029384e-11 _25996_
 1.836892e-13 2.930334e-13 9.810548e-12 1.028727e-11 _20709_
 1.844681e-13 2.914937e-13 9.810546e-12 1.028651e-11 _21683_
 1.843890e-13 2.881712e-13 9.810547e-12 1.028311e-11 _20601_
 9.313308e-14 2.889740e-13 9.898729e-12 1.028084e-11 _16762_
 1.844887e-13 2.810323e-13 9.810548e-12 1.027607e-11 _19718_
 1.532703e-13 2.889497e-13 9.810540e-12 1.025276e-11 _26446_
 1.842590e-13 2.531396e-13 9.810549e-12 1.024795e-11 _20620_
 1.837197e-13 2.428178e-13 9.810548e-12 1.023709e-11 _18365_
 1.228461e-13 2.057757e-13 9.898739e-12 1.022736e-11 _21954_
 9.968129e-14 2.219168e-13 9.898731e-12 1.022033e-11 _16842_
 1.226918e-13 1.972430e-13 9.898739e-12 1.021867e-11 _19509_
 1.832205e-13 2.238590e-13 9.810546e-12 1.021763e-11 _22841_
 1.834585e-13 2.227593e-13 9.810548e-12 1.021677e-11 _21847_
 9.600228e-14 2.195871e-13 9.898731e-12 1.021432e-11 _16846_
 9.315153e-14 2.154078e-13 9.898734e-12 1.020729e-11 _16843_
 1.833718e-13 2.130205e-13 9.810548e-12 1.020694e-11 _21424_
 1.828693e-13 2.124940e-13 9.810547e-12 1.020591e-11 _22621_
 1.828784e-13 2.068429e-13 9.810548e-12 1.020027e-11 _21707_
 1.834170e-13 2.060899e-13 9.810549e-12 1.020006e-11 _20191_
 9.537816e-14 2.928224e-13 9.810548e-12 1.019875e-11 _23726_
 1.225076e-13 1.758127e-13 9.898738e-12 1.019706e-11 _20925_
 1.828284e-13 2.018819e-13 9.810548e-12 1.019526e-11 _19946_
 1.829324e-13 2.016998e-13 9.810548e-12 1.019518e-11 _19359_
 1.829902e-13 2.016265e-13 9.810547e-12 1.019516e-11 _20590_
 1.831866e-13 1.998054e-13 9.810548e-12 1.019354e-11 _19343_
 1.830127e-13 1.966626e-13 9.810548e-12 1.019022e-11 _19490_
 1.528500e-13 2.199282e-13 9.810540e-12 1.018332e-11 _26709_
 1.224827e-13 1.592247e-13 9.898739e-12 1.018045e-11 _20966_
 1.824922e-13 1.812112e-13 9.810548e-12 1.017425e-11 _21139_
 1.223651e-13 1.529653e-13 9.898737e-12 1.017407e-11 _21231_
 1.820899e-13 1.785892e-13 9.810548e-12 1.017123e-11 _22284_
 1.217232e-13 1.477622e-13 9.898739e-12 1.016822e-11 _20061_
 1.823895e-13 1.741994e-13 9.810549e-12 1.016714e-11 _21588_
 9.260001e-14 1.739931e-13 9.898734e-12 1.016533e-11 _16821_
 1.220369e-13 1.438559e-13 9.898739e-12 1.016463e-11 _22865_
 1.225534e-13 1.429254e-13 9.898739e-12 1.016422e-11 _22880_
 1.221208e-13 1.406154e-13 9.898739e-12 1.016147e-11 _19052_
 1.220920e-13 1.398157e-13 9.898739e-12 1.016065e-11 _20240_
 1.826059e-13 1.630392e-13 9.810548e-12 1.015619e-11 _20702_
 1.223658e-13 1.327869e-13 9.898737e-12 1.015389e-11 _22228_
 1.234408e-13 1.316187e-13 9.898740e-12 1.015380e-11 _22530_
 1.218782e-13 1.308602e-13 9.898739e-12 1.015148e-11 _21807_
 3.356920e-14 2.187112e-13 9.898739e-12 1.015102e-11 _23127_
 1.224091e-13 1.292621e-13 9.898739e-12 1.015041e-11 _20754_
 9.184624e-14 1.574593e-13 9.898734e-12 1.014804e-11 _17404_
 1.223291e-13 1.257055e-13 9.898738e-12 1.014677e-11 _21376_
 1.822937e-13 1.538759e-13 9.810549e-12 1.014672e-11 _21486_
 3.186969e-14 2.125203e-13 9.898739e-12 1.014313e-11 _23314_
 1.218640e-13 1.221268e-13 9.898737e-12 1.014273e-11 _20070_
 1.219490e-13 1.163321e-13 9.898737e-12 1.013702e-11 _20914_
 9.179034e-14 1.448004e-13 9.898734e-12 1.013532e-11 _25320_
 1.213188e-13 1.147590e-13 9.898738e-12 1.013482e-11 _22174_
 1.218463e-13 1.080483e-13 9.898737e-12 1.012863e-11 _21367_
 1.243361e-13 1.050408e-13 9.898739e-12 1.012812e-11 _20452_
 1.217352e-13 1.051571e-13 9.898740e-12 1.012563e-11 _21888_
 3.206632e-14 1.912223e-13 9.898739e-12 1.012203e-11 _26121_
 3.222953e-14 2.707070e-13 9.810540e-12 1.011348e-11 _17312_
 9.201757e-14 1.840955e-13 9.810547e-12 1.008666e-11 _24530_
 3.273389e-14 2.363225e-13 9.810540e-12 1.007960e-11 _16778_
 3.216519e-14 2.333684e-13 9.810540e-12 1.007607e-11 _17053_
 3.189308e-14 1.448914e-13 9.898739e-12 1.007552e-11 _26712_
 9.270493e-14 1.706184e-13 9.810546e-12 1.007387e-11 _31019_
 3.262795e-14 2.254585e-13 9.810540e-12 1.006863e-11 _17052_
 3.201443e-14 2.246247e-13 9.810540e-12 1.006718e-11 _16793_
 3.265333e-14 2.238260e-13 9.810540e-12 1.006702e-11 _17248_
 3.274159e-14 2.216762e-13 9.810540e-12 1.006496e-11 _17385_
 3.225005e-14 2.202883e-13 9.810540e-12 1.006308e-11 _17054_
 3.249892e-14 2.172691e-13 9.810540e-12 1.006031e-11 _16780_
 3.217835e-14 2.169992e-13 9.810540e-12 1.005972e-11 _16810_
 3.196422e-14 2.172121e-13 9.810540e-12 1.005972e-11 _17378_
 3.341891e-14 2.147404e-13 9.810540e-12 1.005870e-11 _17299_
 3.305624e-14 2.130073e-13 9.810540e-12 1.005660e-11 _25071_
 3.265837e-14 2.121187e-13 9.810540e-12 1.005532e-11 _17106_
 3.227672e-14 2.093889e-13 9.810540e-12 1.005221e-11 _16804_
 3.262270e-14 2.071923e-13 9.810540e-12 1.005036e-11 _17246_
 3.259425e-14 2.054152e-13 9.810540e-12 1.004855e-11 _17107_
 3.208361e-14 2.051678e-13 9.810540e-12 1.004779e-11 _16926_
 3.199739e-14 2.044729e-13 9.810540e-12 1.004701e-11 _16756_
 3.186712e-14 2.006406e-13 9.810540e-12 1.004305e-11 _17350_
 3.247658e-14 1.984157e-13 9.810540e-12 1.004143e-11 _24844_
 3.208792e-14 1.980363e-13 9.810540e-12 1.004066e-11 _16818_
 3.278737e-14 1.949844e-13 9.810540e-12 1.003831e-11 _16799_
 3.470246e-14 1.045021e-13 9.898739e-12 1.003794e-11 _18094_
 3.272472e-14 1.940217e-13 9.810540e-12 1.003729e-11 _17396_
 3.184214e-14 1.934290e-13 9.810540e-12 1.003581e-11 _17387_
 3.165098e-14 1.934385e-13 9.810540e-12 1.003563e-11 _25022_
 3.191158e-14 1.928619e-13 9.810540e-12 1.003531e-11 _26130_
 3.239861e-14 1.920598e-13 9.810540e-12 1.003500e-11 _17007_
 3.234968e-14 1.914304e-13 9.810540e-12 1.003432e-11 _16790_
 3.264863e-14 1.891162e-13 9.810540e-12 1.003230e-11 _16783_
 3.106769e-14 1.020857e-13 9.898739e-12 1.003189e-11 _26703_
 3.258700e-14 1.886857e-13 9.810540e-12 1.003181e-11 _23594_
 3.259888e-14 1.883698e-13 9.810540e-12 1.003151e-11 _25576_
 3.313460e-14 1.872935e-13 9.810540e-12 1.003097e-11 _24136_
 3.155084e-14 1.880680e-13 9.810540e-12 1.003016e-11 _16763_
 3.200781e-14 1.869490e-13 9.810540e-12 1.002950e-11 _17008_
 3.209031e-14 1.853681e-13 9.810540e-12 1.002800e-11 _17244_
 3.209115e-14 1.850725e-13 9.810540e-12 1.002770e-11 _17172_
 3.212363e-14 9.487083e-14 9.898739e-12 1.002573e-11 _24421_
 3.097288e-14 9.325324e-14 9.898739e-12 1.002297e-11 _23644_
 3.255163e-14 1.790619e-13 9.810540e-12 1.002215e-11 _23498_
 3.172618e-14 9.122148e-14 9.898739e-12 1.002169e-11 _23533_
 3.260060e-14 1.775224e-13 9.810540e-12 1.002066e-11 _16781_
 3.257089e-14 1.769711e-13 9.810540e-12 1.002008e-11 _16777_
 3.288216e-14 1.739396e-13 9.810540e-12 1.001736e-11 _16813_
 3.184920e-14 1.712136e-13 9.810540e-12 1.001360e-11 _16820_
 3.162486e-14 8.305361e-14 9.898739e-12 1.001342e-11 _27286_
 3.173766e-14 1.688152e-13 9.810540e-12 1.001109e-11 _16795_
 3.162742e-14 1.671403e-13 9.810540e-12 1.000931e-11 _17171_
 3.166715e-14 1.652456e-13 9.810540e-12 1.000745e-11 _17109_
 3.265685e-14 1.631620e-13 9.810540e-12 1.000636e-11 _16816_
 3.160659e-14 1.627680e-13 9.810540e-12 1.000492e-11 _25781_
 3.162814e-14 1.612836e-13 9.810540e-12 1.000345e-11 _23896_
 3.305822e-14 1.591316e-13 9.810540e-12 1.000273e-11 _16800_
 3.161439e-14 1.599549e-13 9.810540e-12 1.000211e-11 _26081_
 3.238301e-14 1.583745e-13 9.810540e-12 1.000130e-11 _17412_
 3.215009e-14 1.584854e-13 9.810540e-12 1.000118e-11 _17377_
 3.235972e-14 1.575847e-13 9.810540e-12 1.000048e-11 _16789_
 3.175100e-14 1.548188e-13 9.810540e-12 9.997110e-12 _16773_
 3.283433e-14 1.524566e-13 9.810540e-12 9.995831e-12 _16782_
 3.168168e-14 1.533361e-13 9.810540e-12 9.995558e-12 _24584_
 3.231573e-14 1.483498e-13 9.810540e-12 9.991206e-12 _25779_
 3.213964e-14 1.477994e-13 9.810540e-12 9.990480e-12 _17051_
 3.149175e-14 1.460887e-13 9.810540e-12 9.988121e-12 _24936_
 3.261618e-14 1.446583e-13 9.810540e-12 9.987814e-12 _25708_
 3.173339e-14 1.452214e-13 9.810540e-12 9.987495e-12 _17315_
 3.225724e-14 1.435189e-13 9.810540e-12 9.986316e-12 _17033_
 3.178191e-14 1.432968e-13 9.810540e-12 9.985619e-12 _16770_
 3.151083e-14 1.431459e-13 9.810540e-12 9.985198e-12 _17285_
 3.155178e-14 1.417111e-13 9.810540e-12 9.983804e-12 _16806_
 3.185446e-14 1.409931e-13 9.810540e-12 9.983388e-12 _17413_
 3.228104e-14 1.383289e-13 9.810540e-12 9.981150e-12 _26177_
 3.240784e-14 1.355524e-13 9.810540e-12 9.978501e-12 _16803_
 3.191605e-14 1.342186e-13 9.810540e-12 9.976675e-12 _17282_
 3.191867e-14 1.336573e-13 9.810540e-12 9.976116e-12 _17032_
 3.198515e-14 1.322637e-13 9.810540e-12 9.974789e-12 _17376_
 3.149272e-14 1.319796e-13 9.810540e-12 9.974013e-12 _17180_
 3.146603e-14 1.300821e-13 9.810540e-12 9.972088e-12 _17311_
 3.251601e-14 1.282609e-13 9.810540e-12 9.971317e-12 _24716_
 3.206501e-14 1.285044e-13 9.810540e-12 9.971110e-12 _17283_
 3.205214e-14 1.283636e-13 9.810540e-12 9.970956e-12 _17006_
 3.212026e-14 1.253485e-13 9.810540e-12 9.968009e-12 _25229_
 3.222806e-14 1.247403e-13 9.810540e-12 9.967509e-12 _24269_
 3.200666e-14 1.237702e-13 9.810540e-12 9.966318e-12 _16801_
 3.270470e-14 1.225846e-13 9.810540e-12 9.965829e-12 _16779_
 3.268904e-14 1.214812e-13 9.810540e-12 9.964710e-12 _16817_
 3.119379e-14 1.218895e-13 9.810540e-12 9.963624e-12 _27749_
 3.176718e-14 1.210793e-13 9.810540e-12 9.963387e-12 _17394_
 3.224906e-14 1.173520e-13 9.810540e-12 9.960141e-12 _16815_
 3.168916e-14 1.174597e-13 9.810540e-12 9.959689e-12 _17349_
 3.261476e-14 1.112350e-13 9.810540e-12 9.954391e-12 _16812_
 3.179245e-14 1.108709e-13 9.810540e-12 9.953204e-12 _16785_
 3.155923e-14 1.083511e-13 9.810540e-12 9.950451e-12 _16797_
 3.122006e-14 1.043200e-13 9.810540e-12 9.946080e-12 _16776_
 3.100009e-14 9.679346e-14 9.810540e-12 9.938334e-12 _16819_
 3.120379e-14 9.630874e-14 9.810540e-12 9.938053e-12 _16809_
 6.111890e-14 6.592388e-14 9.810549e-12 9.937592e-12 _21340_
 3.246691e-14 9.392212e-14 9.810540e-12 9.936930e-12 _16814_
 6.103898e-14 6.058449e-14 9.810546e-12 9.932169e-12 _19614_
 3.094592e-14 8.959261e-14 9.810540e-12 9.931079e-12 _25330_
 3.091913e-14 8.670998e-14 9.810540e-12 9.928169e-12 _24222_
 6.088958e-14 5.646124e-14 9.810546e-12 9.927896e-12 _23351_
 3.091340e-14 8.638842e-14 9.810540e-12 9.927842e-12 _24630_
 6.106510e-14 5.413722e-14 9.810548e-12 9.925750e-12 _22218_
 6.083591e-14 5.413757e-14 9.810548e-12 9.925521e-12 _22709_
 3.088889e-14 8.348469e-14 9.810540e-12 9.924914e-12 _26137_
 3.086271e-14 8.101885e-14 9.810540e-12 9.922422e-12 _23807_
 3.082474e-14 7.115430e-14 9.810540e-12 9.912520e-12 _16807_
 3.143414e-14 7.048004e-14 9.810540e-12 9.912455e-12 _16786_
 3.143780e-14 6.736152e-14 9.810540e-12 9.909340e-12 _16787_
 3.097292e-14 6.713322e-14 9.810540e-12 9.908647e-12 _28077_
 3.073154e-14 6.485603e-14 9.810540e-12 9.906128e-12 _16798_
 3.077455e-14 5.987255e-14 9.810540e-12 9.901188e-12 _25474_
 3.066822e-14 5.916711e-14 9.810540e-12 9.900376e-12 _25156_
 3.110475e-14 5.587098e-14 9.810540e-12 9.897516e-12 _16805_
 3.065789e-14 5.618268e-14 9.810540e-12 9.897381e-12 _24836_
 3.094488e-14 5.521904e-14 9.810540e-12 9.896704e-12 _16784_
 3.071660e-14 5.171153e-14 9.810540e-12 9.892968e-12 _17181_
 3.112658e-14 5.101997e-14 9.810540e-12 9.892687e-12 _16794_
 3.062492e-14 5.125665e-14 9.810540e-12 9.892422e-12 _25836_
 3.062431e-14 5.096529e-14 9.810540e-12 9.892130e-12 _24456_
 3.104210e-14 5.053970e-14 9.810540e-12 9.892122e-12 _16796_
 3.069475e-14 5.061775e-14 9.810540e-12 9.891853e-12 _16788_
 3.097702e-14 4.822887e-14 9.810540e-12 9.889746e-12 _16792_
 3.087546e-14 4.258779e-14 9.810540e-12 9.884003e-12 _16802_
