     Internal    Switching      Leakage        Total
        Power        Power        Power        Power (Watts)
----------------------------------------------------
 1.350110e-07 1.729900e-06 5.511836e-13 1.864911e-06 clkbuf_0_w_clk
 1.543771e-07 1.372240e-06 5.583599e-13 1.526618e-06 clkbuf_0_v_clk
 4.109701e-07 9.890300e-07 6.711741e-13 1.400001e-06 clkbuf_2_2__f_core_clk
 1.360710e-07 1.082693e-06 6.140011e-13 1.218764e-06 fanout9504
 4.092014e-07 7.610836e-07 6.713960e-13 1.170286e-06 clkbuf_0_core_clk
 1.095541e-07 9.729168e-07 1.736631e-13 1.082471e-06 u_icg_v
 4.086952e-07 6.490001e-07 6.711741e-13 1.057696e-06 clkbuf_2_3__f_core_clk
 4.083714e-07 6.007229e-07 6.711741e-13 1.009095e-06 clkbuf_2_0__f_core_clk
 4.050296e-07 4.579143e-07 6.711741e-13 8.629446e-07 clkbuf_2_1__f_core_clk
 1.408900e-07 6.377268e-07 5.477497e-13 7.786173e-07 clkbuf_4_3__f_w_clk
 1.594571e-07 5.573178e-07 5.545861e-13 7.167754e-07 clkbuf_4_9__f_v_clk
 5.865047e-08 6.539161e-07 7.177367e-13 7.125673e-07 fanout2966
 1.596225e-07 5.466503e-07 5.546764e-13 7.062733e-07 clkbuf_4_13__f_v_clk
 6.845508e-08 6.312758e-07 3.327061e-13 6.997312e-07 fanout11728
 6.135474e-08 6.331019e-07 5.770973e-13 6.944572e-07 fanout9779
 1.592432e-07 5.295526e-07 5.545861e-13 6.887964e-07 clkbuf_4_10__f_v_clk
 1.591737e-07 5.120014e-07 5.546597e-13 6.711757e-07 clkbuf_4_2__f_v_clk
 6.881720e-08 5.982599e-07 2.563677e-13 6.670774e-07 clkbuf_2_3_0_w_clk
 1.590792e-07 5.078272e-07 5.545861e-13 6.669069e-07 clkbuf_4_11__f_v_clk
 1.592110e-07 4.923894e-07 5.546764e-13 6.516010e-07 clkbuf_4_14__f_v_clk
 5.545679e-08 5.924934e-07 7.382458e-13 6.479510e-07 fanout3923
 1.589873e-07 4.870456e-07 5.546597e-13 6.460334e-07 clkbuf_4_1__f_v_clk
 4.345470e-08 5.968282e-07 6.308688e-13 6.402835e-07 fanout4826
 1.401215e-07 4.869738e-07 5.477497e-13 6.270959e-07 clkbuf_4_2__f_w_clk
 5.583128e-08 5.645851e-07 5.729800e-13 6.204169e-07 fanout4375
 1.587139e-07 4.612598e-07 5.545861e-13 6.199742e-07 clkbuf_4_8__f_v_clk
 3.727955e-08 5.787577e-07 7.235773e-13 6.160381e-07 fanout9241
 1.586462e-07 4.548882e-07 5.546231e-13 6.135349e-07 clkbuf_4_7__f_v_clk
 6.896124e-08 5.406525e-07 2.563677e-13 6.096141e-07 clkbuf_2_2_0_w_clk
 5.118240e-08 5.558984e-07 5.588581e-13 6.070813e-07 fanout4563
 1.030388e-07 4.978950e-07 1.741896e-13 6.009340e-07 u_icg_w
 2.062801e-07 3.932705e-07 3.066032e-13 5.995510e-07 clkbuf_leaf_18_core_clk
 2.071557e-07 3.893751e-07 3.067289e-13 5.965311e-07 clkbuf_leaf_25_core_clk
 6.890210e-08 5.256399e-07 2.563677e-13 5.945423e-07 clkbuf_2_0_0_w_clk
 1.398442e-07 4.506306e-07 5.477497e-13 5.904754e-07 clkbuf_4_1__f_w_clk
 4.089921e-07 1.766766e-07 6.755000e-13 5.856693e-07 clkbuf_1_0__f_clk
 1.395166e-07 4.413539e-07 5.475267e-13 5.808711e-07 clkbuf_4_13__f_w_clk
 1.400437e-07 4.402716e-07 5.478658e-13 5.803159e-07 clkbuf_4_4__f_w_clk
 7.911708e-08 4.951073e-07 2.591269e-13 5.742246e-07 clkbuf_2_1_0_v_clk
 1.396407e-07 4.302674e-07 5.476479e-13 5.699087e-07 clkbuf_4_8__f_w_clk
 7.919400e-08 4.905853e-07 2.591269e-13 5.697796e-07 clkbuf_2_2_0_v_clk
 1.582964e-07 4.087173e-07 5.546231e-13 5.670142e-07 clkbuf_4_4__f_v_clk
 1.585417e-07 4.044113e-07 5.546764e-13 5.629536e-07 clkbuf_4_15__f_v_clk
 1.582735e-07 3.956125e-07 5.546597e-13 5.538866e-07 clkbuf_4_3__f_v_clk
 1.584628e-07 3.941825e-07 5.546764e-13 5.526459e-07 clkbuf_4_12__f_v_clk
 1.398301e-07 4.125922e-07 5.478658e-13 5.524228e-07 clkbuf_4_6__f_w_clk
 7.919747e-08 4.713866e-07 2.591269e-13 5.505844e-07 clkbuf_2_0_0_v_clk
 3.893897e-08 5.102357e-07 5.565576e-13 5.491752e-07 fanout3557
 1.392697e-07 4.092699e-07 5.475267e-13 5.485402e-07 clkbuf_4_12__f_w_clk
 2.062188e-07 3.386975e-07 3.067289e-13 5.449165e-07 clkbuf_leaf_28_core_clk
 1.397671e-07 4.047477e-07 5.478658e-13 5.445154e-07 clkbuf_4_7__f_w_clk
 1.394045e-07 3.997574e-07 5.476479e-13 5.391625e-07 clkbuf_4_9__f_w_clk
 5.702356e-08 4.794178e-07 6.982885e-13 5.364421e-07 fanout3488
 4.070454e-07 1.269587e-07 6.755000e-13 5.340047e-07 clkbuf_0_clk
 1.393305e-07 3.901627e-07 5.476479e-13 5.294938e-07 clkbuf_4_11__f_w_clk
 2.056408e-07 3.210526e-07 3.067289e-13 5.266938e-07 clkbuf_leaf_24_core_clk
 1.393476e-07 3.866291e-07 5.477497e-13 5.259773e-07 clkbuf_4_0__f_w_clk
 2.054136e-07 3.141153e-07 3.067289e-13 5.195291e-07 clkbuf_leaf_23_core_clk
 6.913366e-08 4.491234e-07 2.563677e-13 5.182573e-07 clkbuf_2_1_0_w_clk
 1.579995e-07 3.598689e-07 5.546597e-13 5.178690e-07 clkbuf_4_0__f_v_clk
 7.935473e-08 4.276579e-07 2.591269e-13 5.070129e-07 clkbuf_2_3_0_v_clk
 1.578136e-07 3.472806e-07 5.546231e-13 5.050948e-07 clkbuf_4_6__f_v_clk
 2.048890e-07 2.980979e-07 3.067289e-13 5.029872e-07 clkbuf_leaf_1_core_clk
 2.050046e-07 2.956977e-07 3.067710e-13 5.007026e-07 clkbuf_leaf_20_core_clk
 2.046591e-07 2.910818e-07 3.067289e-13 4.957413e-07 clkbuf_leaf_27_core_clk
 1.388437e-07 3.542773e-07 5.475267e-13 4.931215e-07 clkbuf_4_14__f_w_clk
 1.577168e-07 3.344700e-07 5.546231e-13 4.921873e-07 clkbuf_4_5__f_v_clk
 4.371387e-08 4.472959e-07 7.517495e-13 4.910105e-07 fanout5262
 2.046994e-07 2.859092e-07 3.067710e-13 4.906088e-07 clkbuf_leaf_19_core_clk
 2.044184e-07 2.837324e-07 3.067289e-13 4.881511e-07 clkbuf_leaf_26_core_clk
 2.044034e-07 2.764166e-07 3.067710e-13 4.808203e-07 clkbuf_leaf_22_core_clk
 2.012529e-07 2.670837e-07 1.651686e-13 4.683368e-07 u_icg
 6.885386e-08 3.967900e-07 2.831555e-13 4.656441e-07 fanout9528
 1.388389e-07 3.267074e-07 5.476479e-13 4.655468e-07 clkbuf_4_10__f_w_clk
 4.296861e-08 4.222325e-07 6.101208e-13 4.652017e-07 fanout9196
 4.620733e-08 4.181708e-07 7.406894e-13 4.643789e-07 fanout3386
 1.391526e-07 3.251792e-07 5.478658e-13 4.643324e-07 clkbuf_4_5__f_w_clk
 1.385978e-07 3.225953e-07 5.475267e-13 4.611937e-07 clkbuf_4_15__f_w_clk
 2.037627e-07 2.558678e-07 3.067710e-13 4.596309e-07 clkbuf_leaf_21_core_clk
 6.910486e-08 3.840811e-07 2.825107e-13 4.531862e-07 fanout9479
 3.058404e-08 4.221431e-07 6.584038e-13 4.527278e-07 fanout9835
 2.032745e-07 2.488090e-07 3.067289e-13 4.520838e-07 clkbuf_leaf_0_core_clk
 3.965791e-07 4.680788e-08 6.755000e-13 4.433877e-07 clkbuf_1_1__f_clk
 5.731419e-08 3.843514e-07 6.015762e-13 4.416661e-07 fanout7823
 3.815078e-08 3.999256e-07 5.337035e-13 4.380769e-07 fanout9453
 2.025834e-07 2.303922e-07 3.067127e-13 4.329759e-07 clkbuf_leaf_7_core_clk
 2.025479e-07 2.293235e-07 3.067127e-13 4.318717e-07 clkbuf_leaf_6_core_clk
 6.938336e-08 3.478335e-07 2.826180e-13 4.172171e-07 fanout9522
 6.900296e-08 3.437054e-07 2.825107e-13 4.127086e-07 fanout9492
 4.596323e-08 3.650528e-07 7.545285e-13 4.110168e-07 fanout9388
 6.908606e-08 3.408092e-07 3.325150e-13 4.098956e-07 fanout11715
 4.855465e-08 3.588866e-07 7.649687e-13 4.074421e-07 fanout9448
 2.016771e-07 2.031253e-07 3.067127e-13 4.048028e-07 clkbuf_leaf_4_core_clk
 2.014268e-07 1.955923e-07 3.067127e-13 3.970194e-07 clkbuf_leaf_3_core_clk
 2.014170e-07 1.952981e-07 3.067127e-13 3.967154e-07 clkbuf_leaf_8_core_clk
 3.327072e-08 3.575831e-07 5.486638e-13 3.908544e-07 fanout5239
 2.010488e-07 1.842209e-07 3.067127e-13 3.852701e-07 clkbuf_leaf_9_core_clk
 2.003459e-07 1.826039e-07 3.066032e-13 3.829501e-07 clkbuf_leaf_17_core_clk
 6.915711e-08 3.126268e-07 3.332669e-13 3.817842e-07 fanout11704
 2.008482e-07 1.781850e-07 3.067127e-13 3.790335e-07 clkbuf_leaf_5_core_clk
 6.981163e-08 3.082665e-07 2.826725e-13 3.780784e-07 fanout9510
 2.006660e-07 1.727044e-07 3.067127e-13 3.733708e-07 clkbuf_leaf_12_core_clk
 2.735323e-08 3.430166e-07 7.840892e-13 3.703706e-07 fanout11634
 6.872900e-08 3.000351e-07 2.831555e-13 3.687644e-07 fanout9520
 2.005126e-07 1.680880e-07 3.067127e-13 3.686010e-07 clkbuf_leaf_10_core_clk
 3.924749e-08 3.232032e-07 5.575823e-13 3.624512e-07 fanout4884
 6.929631e-08 2.904219e-07 3.327551e-13 3.597185e-07 fanout11730
 3.137777e-08 3.272241e-07 7.648684e-13 3.586027e-07 fanout5132
 1.496387e-08 3.419187e-07 7.006157e-14 3.568826e-07 wire1850
 1.994388e-07 1.542814e-07 3.066032e-13 3.537206e-07 clkbuf_leaf_15_core_clk
 3.772551e-08 3.129517e-07 5.524934e-13 3.506778e-07 fanout9792
 6.863020e-08 2.805742e-07 3.332904e-13 3.492047e-07 fanout11747
 3.600574e-08 3.127500e-07 5.543698e-13 3.487563e-07 fanout3496
 2.675197e-08 3.217745e-07 5.225075e-13 3.485270e-07 fanout7238
 5.102507e-08 2.952486e-07 6.752275e-13 3.462743e-07 fanout7458
 1.990694e-07 1.427475e-07 3.066032e-13 3.418173e-07 clkbuf_leaf_13_core_clk
 3.215024e-08 3.082055e-07 5.290596e-13 3.403563e-07 fanout6729
 3.538500e-08 3.036239e-07 6.026176e-13 3.390095e-07 hold8272
 9.458152e-09 3.225815e-07 1.434009e-13 3.320397e-07 wire5055
 3.139883e-08 3.002092e-07 6.870485e-13 3.316087e-07 fanout11679
 2.976462e-08 2.995407e-07 5.326492e-13 3.293058e-07 fanout8971
 6.091985e-08 2.662314e-07 5.604112e-13 3.271518e-07 fanout3521
 3.777885e-08 2.815306e-07 5.527785e-13 3.193099e-07 fanout9791
 3.418016e-08 2.817511e-07 5.362378e-13 3.159318e-07 fanout6627
 3.323169e-08 2.725139e-07 5.468081e-13 3.057461e-07 fanout4649
 3.398675e-08 2.703069e-07 7.539076e-13 3.042944e-07 fanout5133
 1.974789e-07 1.060327e-07 3.066032e-13 3.035119e-07 clkbuf_leaf_11_core_clk
 3.176512e-08 2.715003e-07 7.858472e-13 3.032662e-07 fanout7874
 3.332869e-08 2.695610e-07 5.504200e-13 3.028903e-07 fanout5443
 3.712593e-08 2.652171e-07 6.625200e-13 3.023436e-07 fanout11675
 2.857680e-08 2.715961e-07 2.780249e-13 3.001732e-07 max_cap7824
 3.619733e-08 2.622931e-07 1.463654e-13 2.984906e-07 wire11521
 3.333953e-08 2.626783e-07 7.540311e-13 2.960186e-07 fanout7872
 2.493523e-08 2.705555e-07 8.182735e-13 2.954916e-07 fanout9451
 3.168191e-08 2.631296e-07 5.417655e-13 2.948121e-07 fanout4740
 3.917438e-08 2.545189e-07 7.846276e-13 2.936941e-07 fanout9709
 2.518351e-08 2.661180e-07 2.676423e-13 2.913018e-07 fanout9780
 5.735090e-08 2.297676e-07 6.013636e-13 2.871191e-07 fanout7822
 9.473414e-09 2.767811e-07 1.202149e-13 2.862546e-07 wire2828
 3.378931e-08 2.434417e-07 5.537644e-13 2.772315e-07 fanout4159
 8.966047e-09 2.682623e-07 1.301197e-13 2.772285e-07 wire6885
 3.595113e-08 2.391135e-07 6.942751e-13 2.750653e-07 fanout11673
 3.637901e-08 2.345702e-07 7.493416e-13 2.709499e-07 fanout11775
 6.655362e-09 2.639984e-07 7.424634e-14 2.706538e-07 wire2859
 4.933966e-08 2.184787e-07 7.650333e-13 2.678192e-07 fanout9449
 4.221111e-08 2.167228e-07 6.498492e-13 2.589345e-07 fanout11643
 3.384394e-08 2.222327e-07 6.692540e-13 2.560773e-07 fanout9235
 8.937104e-09 2.468282e-07 1.295085e-13 2.557654e-07 wire4483
 3.624064e-08 2.189403e-07 1.274650e-13 2.551810e-07 fanout9490
 3.585091e-08 2.179563e-07 1.458463e-13 2.538073e-07 fanout11746
 9.099259e-09 2.417053e-07 1.212146e-13 2.508047e-07 max_cap4602
 2.625990e-08 2.223025e-07 5.420709e-13 2.485629e-07 fanout7181
 7.662002e-09 2.403775e-07 1.485767e-13 2.480396e-07 wire5134
 3.213187e-08 2.132793e-07 7.535651e-13 2.454119e-07 fanout4633
 3.627233e-08 2.074581e-07 1.456110e-13 2.437305e-07 fanout11695
 2.320227e-08 2.176071e-07 5.427514e-13 2.408099e-07 fanout11607
 3.620822e-08 2.037051e-07 1.275590e-13 2.399134e-07 fanout9491
 3.619215e-08 2.031323e-07 1.464455e-13 2.393246e-07 max_cap11522
 3.582317e-08 2.024632e-07 6.022367e-13 2.382870e-07 fanout12281
 3.583217e-08 1.993147e-07 1.458463e-13 2.351470e-07 fanout11758
 1.572956e-08 2.186735e-07 2.792001e-13 2.344033e-07 fanout12285
 3.613705e-08 1.971517e-07 1.458379e-13 2.332889e-07 fanout11697
 2.692387e-08 2.051580e-07 7.952364e-13 2.320826e-07 fanout9168
 1.197300e-08 2.194367e-07 1.295478e-13 2.314099e-07 wire3019
 3.618761e-08 1.946193e-07 1.457031e-13 2.308070e-07 fanout11694
 3.602809e-08 1.928089e-07 1.455690e-13 2.288372e-07 fanout11713
 3.617246e-08 1.917016e-07 1.456446e-13 2.278742e-07 fanout11743
 3.586228e-08 1.918153e-07 1.279199e-13 2.276777e-07 fanout9534
 4.021258e-08 1.858637e-07 6.565167e-13 2.260769e-07 fanout11638
 3.101083e-08 1.941195e-07 3.305847e-13 2.251306e-07 wire4799
 1.015248e-08 2.133904e-07 1.513502e-13 2.235430e-07 wire2540
 3.595139e-08 1.845476e-07 1.276893e-13 2.204991e-07 fanout9485
 6.692082e-09 2.132970e-07 1.533258e-13 2.199892e-07 wire2931
 2.232947e-08 1.975237e-07 5.379282e-13 2.198537e-07 fanout9574
 3.619557e-08 1.820381e-07 1.454244e-13 2.182338e-07 fanout11709
 3.617662e-08 1.820006e-07 1.457124e-13 2.181774e-07 fanout11700
 3.618069e-08 1.816533e-07 1.456549e-13 2.178341e-07 fanout11733
 2.162756e-08 1.946312e-07 5.309348e-13 2.162593e-07 fanout9271
 3.616114e-08 1.798074e-07 1.275644e-13 2.159687e-07 fanout9493
 3.612806e-08 1.796728e-07 1.277277e-13 2.158010e-07 fanout9523
 1.961338e-08 1.960458e-07 5.284106e-13 2.156597e-07 fanout7328
 3.614533e-08 1.795023e-07 1.274344e-13 2.156477e-07 fanout9474
 7.424650e-09 2.078073e-07 1.196048e-13 2.152320e-07 max_cap7910
 3.617033e-08 1.786220e-07 1.276467e-13 2.147925e-07 fanout9532
 1.170091e-08 2.014535e-07 1.391445e-13 2.131545e-07 wire4671
 1.070850e-08 2.003503e-07 7.074931e-14 2.110589e-07 wire1535
 9.623268e-09 1.998945e-07 1.540484e-13 2.095179e-07 wire2595
 3.606922e-08 1.731312e-07 1.276304e-13 2.092006e-07 fanout9515
 1.646431e-08 1.915938e-07 5.470096e-13 2.080586e-07 fanout9542
 3.617119e-08 1.701876e-07 1.455601e-13 2.063589e-07 fanout11734
 3.589989e-08 1.694313e-07 1.276893e-13 2.053313e-07 fanout9495
 3.605186e-08 1.690817e-07 1.458379e-13 2.051337e-07 fanout11701
 3.610195e-08 1.679906e-07 1.274344e-13 2.040927e-07 fanout9473
 2.215512e-08 1.800965e-07 5.087154e-13 2.022521e-07 fanout7693
 1.007460e-08 1.910360e-07 7.477321e-14 2.011106e-07 wire2544
 6.316494e-09 1.946537e-07 1.557907e-13 2.009704e-07 wire4108
 3.611247e-08 1.642554e-07 1.457031e-13 2.003680e-07 fanout11691
 3.613604e-08 1.641782e-07 1.276370e-13 2.003144e-07 fanout9535
 2.114985e-08 1.772078e-07 2.910326e-13 1.983579e-07 wire4631
 1.397323e-08 1.837869e-07 6.973878e-14 1.977602e-07 wire2545
 3.605849e-08 1.610513e-07 1.456373e-13 1.971099e-07 fanout11725
 3.612203e-08 1.609345e-07 1.457051e-13 1.970567e-07 fanout11702
 8.109771e-09 1.888115e-07 1.498222e-13 1.969214e-07 wire4664
 3.610106e-08 1.602391e-07 1.456549e-13 1.963403e-07 fanout11738
 3.613249e-08 1.601177e-07 1.277472e-13 1.962503e-07 fanout9509
 8.966164e-09 1.867055e-07 1.220236e-13 1.956718e-07 wire3891
 3.611964e-08 1.589493e-07 1.452463e-13 1.950691e-07 fanout11707
 3.606254e-08 1.588065e-07 1.274800e-13 1.948692e-07 fanout9481
 3.615701e-08 1.580314e-07 1.455292e-13 1.941885e-07 fanout11724
 1.067877e-08 1.831373e-07 1.487385e-13 1.938162e-07 wire7429
 3.587494e-08 1.579388e-07 1.276893e-13 1.938139e-07 fanout9483
 9.273436e-09 1.825493e-07 1.467620e-13 1.918229e-07 wire9202
 3.609955e-08 1.552622e-07 1.275577e-13 1.913619e-07 fanout9484
 1.128361e-08 1.798237e-07 7.535175e-14 1.911074e-07 wire2427
 1.386517e-08 1.757092e-07 2.475153e-13 1.895746e-07 fanout9804
 3.611373e-08 1.532361e-07 1.456371e-13 1.893500e-07 fanout11699
 3.607834e-08 1.525376e-07 1.456507e-13 1.886160e-07 fanout11757
 1.885559e-07 0.000000e+00 3.067289e-13 1.885562e-07 clkload1
 1.851902e-08 1.694960e-07 7.785998e-13 1.880158e-07 fanout5498
 3.605442e-08 1.518717e-07 1.454910e-13 1.879262e-07 fanout11755
 3.604295e-08 1.512610e-07 1.274800e-13 1.873041e-07 fanout9480
 3.598971e-08 1.513108e-07 1.276304e-13 1.873007e-07 fanout9518
 1.076531e-08 1.765281e-07 1.339557e-13 1.872935e-07 wire6432
 2.489992e-08 1.606515e-07 8.007372e-13 1.855522e-07 fanout11587
 3.607044e-08 1.494205e-07 1.456507e-13 1.854910e-07 fanout11748
 3.610037e-08 1.492547e-07 1.275605e-13 1.853552e-07 fanout9531
 3.613519e-08 1.485181e-07 1.274278e-13 1.846534e-07 fanout9499
 7.617922e-09 1.765466e-07 1.571659e-13 1.841647e-07 wire9573
 1.717328e-08 1.665442e-07 7.012389e-14 1.837175e-07 wire2110
 1.795202e-08 1.656255e-07 6.379468e-13 1.835782e-07 fanout11859
 3.384950e-08 1.472301e-07 5.310935e-13 1.810801e-07 fanout3164
 8.585105e-09 1.720918e-07 1.303934e-13 1.806770e-07 wire9149
 2.111964e-08 1.594943e-07 5.373494e-13 1.806144e-07 fanout9740
 3.610259e-08 1.432063e-07 1.455607e-13 1.793090e-07 fanout11750
 3.608179e-08 1.425070e-07 1.275957e-13 1.785889e-07 fanout9505
 2.632407e-08 1.520461e-07 7.970954e-13 1.783710e-07 fanout11630
 3.601391e-08 1.407473e-07 1.455357e-13 1.767614e-07 fanout11741
 3.614582e-08 1.405865e-07 1.454638e-13 1.767324e-07 fanout11723
 3.543813e-08 1.404660e-07 6.161804e-13 1.759047e-07 fanout6886
 9.148669e-09 1.655421e-07 1.311363e-13 1.746909e-07 max_cap8980
 7.461840e-09 1.661509e-07 1.202568e-13 1.736129e-07 wire4324
 1.834361e-08 1.546343e-07 5.712933e-13 1.729785e-07 fanout5500
 3.608193e-08 1.365006e-07 1.456371e-13 1.725827e-07 fanout11698
 1.260450e-08 1.597107e-07 1.331643e-13 1.723154e-07 wire4287
 6.624291e-09 1.649560e-07 1.561950e-13 1.715805e-07 wire6119
 1.101053e-08 1.600597e-07 1.312315e-13 1.710703e-07 max_cap9406
 1.303689e-08 1.580032e-07 2.529528e-13 1.710404e-07 fanout5067
 2.172648e-08 1.492075e-07 3.020870e-13 1.709343e-07 wire6051
 3.597094e-08 1.345752e-07 1.273675e-13 1.705462e-07 fanout9489
 7.404711e-09 1.625957e-07 1.197369e-13 1.700005e-07 wire7728
 5.848546e-09 1.638313e-07 7.263095e-14 1.696799e-07 max_cap11583
 8.454498e-09 1.603673e-07 1.288029e-13 1.688219e-07 wire3834
 1.040588e-08 1.579199e-07 1.307364e-13 1.683259e-07 max_cap4632
 2.780859e-08 1.402305e-07 7.915391e-13 1.680399e-07 fanout11597
 3.608496e-08 1.315107e-07 1.453181e-13 1.675958e-07 fanout11716
 8.955844e-09 1.563697e-07 1.480115e-13 1.653256e-07 wire7792
 3.599541e-08 1.280737e-07 1.274407e-13 1.640693e-07 fanout9471
 9.090710e-09 1.549200e-07 1.220236e-13 1.640109e-07 max_cap3892
 3.603053e-08 1.279270e-07 1.456154e-13 1.639577e-07 fanout11693
 7.392419e-09 1.564362e-07 1.506831e-13 1.638288e-07 wire3422
 8.089340e-09 1.547806e-07 1.491686e-13 1.628700e-07 wire7079
 8.413572e-09 1.539484e-07 1.550854e-13 1.623622e-07 wire9790
 2.901443e-08 1.311485e-07 7.441478e-13 1.601637e-07 fanout11822
 7.792872e-08 8.147246e-08 2.584412e-13 1.594015e-07 clkbuf_leaf_127_v_clk
 1.457596e-08 1.440988e-07 3.439017e-13 1.586751e-07 fanout11544
 8.850956e-09 1.494466e-07 7.001362e-14 1.582976e-07 wire2546
 1.582081e-08 1.423447e-07 2.429730e-14 1.581656e-07 max_cap11768
 9.490869e-09 1.486101e-07 1.411987e-13 1.581011e-07 wire4442
 9.230274e-09 1.487898e-07 1.218894e-13 1.580202e-07 wire3890
 7.776864e-08 7.997572e-08 2.584239e-13 1.577446e-07 clkbuf_leaf_91_v_clk
 7.926745e-09 1.492295e-07 1.493651e-13 1.571564e-07 wire3500
 1.238572e-08 1.446503e-07 1.391445e-13 1.570361e-07 wire4672
 1.812403e-08 1.387925e-07 7.030342e-14 1.569166e-07 wire2006
 7.774096e-08 7.906690e-08 2.584239e-13 1.568081e-07 clkbuf_leaf_90_v_clk
 7.803910e-08 7.867796e-08 2.584451e-13 1.567173e-07 clkbuf_leaf_198_v_clk
 2.580661e-08 1.307656e-07 5.534508e-13 1.565727e-07 fanout9806
 1.214641e-08 1.439423e-07 7.462187e-14 1.560888e-07 wire1811
 7.771855e-08 7.834235e-08 2.584239e-13 1.560612e-07 clkbuf_leaf_77_v_clk
 9.116448e-09 1.465333e-07 1.330429e-13 1.556499e-07 max_cap3519
 1.085781e-08 1.445434e-07 1.318625e-13 1.554014e-07 wire6185
 7.779678e-08 7.720883e-08 2.584412e-13 1.550059e-07 clkbuf_leaf_121_v_clk
 7.778003e-08 7.666695e-08 2.584412e-13 1.544472e-07 clkbuf_leaf_112_v_clk
 7.765065e-08 7.610743e-08 2.584239e-13 1.537584e-07 clkbuf_leaf_75_v_clk
 1.228095e-08 1.412683e-07 1.409540e-13 1.535494e-07 wire5035
 3.599194e-08 1.175244e-07 1.454807e-13 1.535165e-07 fanout11736
 9.982396e-09 1.435307e-07 1.224232e-13 1.535132e-07 wire6311
 7.791102e-08 7.553501e-08 2.584170e-13 1.534463e-07 clkbuf_leaf_26_v_clk
 9.061650e-09 1.441408e-07 1.479891e-13 1.532026e-07 max_cap7790
 7.767931e-08 7.486499e-08 2.584082e-13 1.525445e-07 clkbuf_leaf_192_v_clk
 7.772036e-08 7.474717e-08 2.584412e-13 1.524678e-07 clkbuf_leaf_123_v_clk
 9.467896e-09 1.429393e-07 1.502934e-13 1.524073e-07 wire2894
 3.606359e-08 1.158854e-07 1.275280e-13 1.519491e-07 fanout9513
 7.788349e-08 7.369400e-08 2.584731e-13 1.515778e-07 clkbuf_leaf_99_v_clk
 7.766487e-08 7.294742e-08 2.584412e-13 1.506125e-07 clkbuf_leaf_119_v_clk
 2.194928e-08 1.285968e-07 3.505929e-13 1.505464e-07 wire3466
 7.763020e-08 7.290265e-08 2.583711e-13 1.505331e-07 clkbuf_leaf_124_v_clk
 2.756045e-08 1.229451e-07 7.838332e-13 1.505063e-07 fanout11633
 9.658778e-09 1.407769e-07 1.285406e-13 1.504358e-07 wire4894
 7.754677e-08 7.268763e-08 2.584239e-13 1.502347e-07 clkbuf_leaf_87_v_clk
 7.758169e-08 7.132887e-08 2.583711e-13 1.489108e-07 clkbuf_leaf_141_v_clk
 7.750009e-08 7.116467e-08 2.584239e-13 1.486650e-07 clkbuf_leaf_76_v_clk
 7.756115e-08 7.102604e-08 2.584082e-13 1.485874e-07 clkbuf_leaf_190_v_clk
 7.774801e-08 7.039695e-08 2.584170e-13 1.481452e-07 clkbuf_leaf_35_v_clk
 9.871300e-09 1.379620e-07 1.296604e-13 1.478335e-07 wire4266
 2.206602e-08 1.255004e-07 3.270099e-13 1.475667e-07 max_cap9217
 7.842972e-09 1.396722e-07 7.609795e-14 1.475153e-07 wire2148
 7.774722e-08 6.952533e-08 2.584451e-13 1.472728e-07 clkbuf_leaf_204_v_clk
 2.696522e-08 1.200271e-07 8.131129e-13 1.469931e-07 fanout9736
 8.089726e-09 1.383283e-07 1.497109e-13 1.464182e-07 wire4404
 7.772078e-08 6.859664e-08 2.584731e-13 1.463177e-07 clkbuf_leaf_89_v_clk
 7.753487e-08 6.875456e-08 2.584412e-13 1.462897e-07 clkbuf_leaf_122_v_clk
 7.771591e-08 6.854392e-08 2.584451e-13 1.462601e-07 clkbuf_leaf_205_v_clk
 7.745930e-08 6.869905e-08 2.583648e-13 1.461586e-07 clkbuf_leaf_146_v_clk
 1.240783e-08 1.334912e-07 2.594229e-13 1.458993e-07 fanout9165
 7.767697e-08 6.816073e-08 2.584170e-13 1.458380e-07 clkbuf_leaf_25_v_clk
 6.904911e-08 7.675803e-08 2.554669e-13 1.458074e-07 clkbuf_leaf_93_w_clk
 7.751200e-08 6.773342e-08 2.584151e-13 1.452457e-07 clkbuf_leaf_17_v_clk
 7.764451e-08 6.714289e-08 2.584170e-13 1.447876e-07 clkbuf_leaf_33_v_clk
 7.773822e-09 1.366528e-07 1.504849e-13 1.444268e-07 wire2988
 7.740454e-08 6.691508e-08 2.583648e-13 1.443199e-07 clkbuf_leaf_143_v_clk
 7.740046e-08 6.678189e-08 2.583648e-13 1.441826e-07 clkbuf_leaf_144_v_clk
 5.323861e-09 1.387982e-07 6.971057e-14 1.441221e-07 max_cap2423
 7.743559e-08 6.658393e-08 2.583711e-13 1.440198e-07 clkbuf_leaf_135_v_clk
 7.747471e-08 6.653112e-08 2.584151e-13 1.440061e-07 clkbuf_leaf_8_v_clk
 7.742378e-08 6.654861e-08 2.584082e-13 1.439726e-07 clkbuf_leaf_200_v_clk
 7.763492e-08 6.600616e-08 2.584451e-13 1.436413e-07 clkbuf_leaf_196_v_clk
 7.763472e-08 6.590040e-08 2.584731e-13 1.435354e-07 clkbuf_leaf_88_v_clk
 7.763011e-08 6.575410e-08 2.584731e-13 1.433845e-07 clkbuf_leaf_97_v_clk
 7.760244e-08 6.551078e-08 2.584699e-13 1.431135e-07 clkbuf_leaf_106_v_clk
 7.733148e-08 6.563921e-08 2.584239e-13 1.429709e-07 clkbuf_leaf_83_v_clk
 7.738353e-08 6.526012e-08 2.584082e-13 1.426439e-07 clkbuf_leaf_191_v_clk
 6.581109e-09 1.360435e-07 1.170074e-13 1.426247e-07 wire7237
 2.091819e-08 1.217015e-07 7.467872e-14 1.426198e-07 fanout11756
 7.742968e-08 6.508135e-08 2.584151e-13 1.425113e-07 clkbuf_leaf_24_v_clk
 7.731715e-08 6.517367e-08 2.584239e-13 1.424911e-07 clkbuf_leaf_78_v_clk
 7.759908e-08 6.478254e-08 2.584731e-13 1.423819e-07 clkbuf_leaf_92_v_clk
 2.090133e-08 1.212238e-07 7.108525e-14 1.421252e-07 fanout9482
 7.730308e-08 6.469047e-08 2.584239e-13 1.419938e-07 clkbuf_leaf_84_v_clk
 7.741195e-08 6.451087e-08 2.584151e-13 1.419231e-07 clkbuf_leaf_20_v_clk
 7.754983e-08 6.416442e-08 2.584170e-13 1.417145e-07 clkbuf_leaf_27_v_clk
 1.139767e-08 1.302396e-07 1.299695e-13 1.416374e-07 max_cap7781
 7.735689e-08 6.402207e-08 2.583711e-13 1.413792e-07 clkbuf_leaf_134_v_clk
 4.917096e-09 1.361159e-07 7.119499e-14 1.410331e-07 max_cap5896
 7.755539e-08 6.341217e-08 2.584731e-13 1.409678e-07 clkbuf_leaf_98_v_clk
 1.252426e-08 1.283815e-07 7.482600e-14 1.409059e-07 wire2530
 1.060545e-08 1.301831e-07 1.580594e-13 1.407887e-07 wire4986
 7.729866e-08 6.345612e-08 2.583648e-13 1.407550e-07 clkbuf_leaf_150_v_clk
 7.735446e-08 6.292276e-08 2.584412e-13 1.402775e-07 clkbuf_leaf_120_v_clk
 7.741561e-08 6.277556e-08 2.584033e-13 1.401914e-07 clkbuf_leaf_63_v_clk
 7.739855e-08 6.255954e-08 2.583866e-13 1.399583e-07 clkbuf_leaf_173_v_clk
 7.748988e-08 6.227555e-08 2.584170e-13 1.397657e-07 clkbuf_leaf_28_v_clk
 7.757650e-08 6.210703e-08 2.584569e-13 1.396838e-07 clkbuf_leaf_3_v_clk
 7.751423e-08 6.212321e-08 2.584731e-13 1.396377e-07 clkbuf_leaf_95_v_clk
 1.559294e-08 1.239072e-07 5.104017e-13 1.395007e-07 fanout6603
 1.662024e-08 1.228365e-07 2.853753e-13 1.394570e-07 wire6449
 7.729660e-08 6.207699e-08 2.583711e-13 1.393739e-07 clkbuf_leaf_142_v_clk
 7.728915e-08 6.183584e-08 2.583711e-13 1.391252e-07 clkbuf_leaf_140_v_clk
 7.732681e-08 6.176560e-08 2.584151e-13 1.390927e-07 clkbuf_leaf_22_v_clk
 7.749382e-08 6.157976e-08 2.584451e-13 1.390738e-07 clkbuf_leaf_206_v_clk
 7.724736e-08 6.177485e-08 2.583648e-13 1.390225e-07 clkbuf_leaf_147_v_clk
 7.724344e-08 6.164667e-08 2.583648e-13 1.388904e-07 clkbuf_leaf_156_v_clk
 7.731254e-08 6.157676e-08 2.584412e-13 1.388895e-07 clkbuf_leaf_126_v_clk
 7.720280e-08 6.140230e-08 2.584239e-13 1.386054e-07 clkbuf_leaf_85_v_clk
 7.722153e-08 6.093075e-08 2.583648e-13 1.381525e-07 clkbuf_leaf_149_v_clk
 7.724831e-08 6.085271e-08 2.584082e-13 1.381013e-07 clkbuf_leaf_193_v_clk
 7.725851e-08 6.083748e-08 2.583711e-13 1.380962e-07 clkbuf_leaf_125_v_clk
 7.725696e-08 6.078145e-08 2.583711e-13 1.380387e-07 clkbuf_leaf_132_v_clk
 7.716246e-08 6.072688e-08 2.583553e-13 1.378896e-07 clkbuf_leaf_161_v_clk
 7.728185e-08 6.058119e-08 2.584412e-13 1.378633e-07 clkbuf_leaf_111_v_clk
 7.756368e-08 6.021781e-08 2.584412e-13 1.377817e-07 clkbuf_leaf_40_v_clk
 7.753869e-08 6.022181e-08 2.584380e-13 1.377608e-07 clkbuf_leaf_45_v_clk
 7.723738e-08 6.050757e-08 2.584082e-13 1.377452e-07 clkbuf_leaf_182_v_clk
 7.720535e-08 6.040138e-08 2.583648e-13 1.376070e-07 clkbuf_leaf_148_v_clk
 7.741926e-08 6.004722e-08 2.584170e-13 1.374667e-07 clkbuf_leaf_36_v_clk
 7.718462e-08 5.972517e-08 2.583648e-13 1.369100e-07 clkbuf_leaf_151_v_clk
 7.725757e-08 5.952955e-08 2.584151e-13 1.367874e-07 clkbuf_leaf_16_v_clk
 7.720514e-08 5.945049e-08 2.584082e-13 1.366559e-07 clkbuf_leaf_195_v_clk
 1.011000e-08 1.264716e-07 5.096044e-13 1.365821e-07 fanout8999
 7.741325e-08 5.905571e-08 2.584451e-13 1.364692e-07 clkbuf_leaf_201_v_clk
 4.185632e-08 9.423745e-08 2.543656e-13 1.360940e-07 wire1766
 7.718725e-08 5.889524e-08 2.584082e-13 1.360827e-07 clkbuf_leaf_186_v_clk
 7.728998e-08 5.876694e-08 2.584033e-13 1.360572e-07 clkbuf_leaf_71_v_clk
 6.874335e-08 6.725389e-08 2.554669e-13 1.359975e-07 clkbuf_leaf_94_w_clk
 7.710034e-08 5.869977e-08 2.583553e-13 1.358004e-07 clkbuf_leaf_170_v_clk
 7.717646e-08 5.851859e-08 2.584082e-13 1.356953e-07 clkbuf_leaf_194_v_clk
 7.738850e-08 5.818384e-08 2.584731e-13 1.355726e-07 clkbuf_leaf_94_v_clk
 2.159199e-08 1.139557e-07 3.507314e-13 1.355480e-07 wire3467
 7.743927e-08 5.784866e-08 2.584569e-13 1.352882e-07 clkbuf_leaf_12_v_clk
 7.746100e-08 5.781953e-08 2.584380e-13 1.352808e-07 clkbuf_leaf_56_v_clk
 7.737218e-08 5.776749e-08 2.584451e-13 1.351399e-07 clkbuf_leaf_197_v_clk
 7.094912e-09 1.278285e-07 1.558661e-13 1.349235e-07 wire6385
 7.747341e-08 5.743375e-08 2.584412e-13 1.349074e-07 clkbuf_leaf_39_v_clk
 7.744883e-08 5.744396e-08 2.584380e-13 1.348930e-07 clkbuf_leaf_50_v_clk
 7.735581e-08 5.725502e-08 2.584451e-13 1.346111e-07 clkbuf_leaf_2_v_clk
 7.714136e-08 5.740226e-08 2.584082e-13 1.345439e-07 clkbuf_leaf_187_v_clk
 7.711251e-08 5.737166e-08 2.583648e-13 1.344844e-07 clkbuf_leaf_145_v_clk
 8.200423e-09 1.262501e-07 1.285332e-13 1.344506e-07 max_cap3021
 6.869386e-08 6.571548e-08 2.554669e-13 1.344096e-07 clkbuf_leaf_95_w_clk
 7.741111e-08 5.697684e-08 2.584569e-13 1.343882e-07 clkbuf_leaf_5_v_clk
 9.074765e-09 1.252862e-07 7.197253e-14 1.343610e-07 wire2840
 7.717397e-08 5.683407e-08 2.584151e-13 1.340083e-07 clkbuf_leaf_7_v_clk
 1.003489e-08 1.237440e-07 7.035612e-14 1.337790e-07 wire2957
 7.716604e-08 5.657832e-08 2.584151e-13 1.337446e-07 clkbuf_leaf_13_v_clk
 7.708984e-08 5.662882e-08 2.583648e-13 1.337189e-07 clkbuf_leaf_155_v_clk
 9.792025e-09 1.237698e-07 1.291558e-13 1.335620e-07 max_cap3274
 7.740633e-08 5.612927e-08 2.584380e-13 1.335359e-07 clkbuf_leaf_48_v_clk
 7.711188e-08 5.641607e-08 2.584082e-13 1.335282e-07 clkbuf_leaf_199_v_clk
 7.721319e-08 5.631268e-08 2.584033e-13 1.335261e-07 clkbuf_leaf_73_v_clk
 7.384068e-09 1.261059e-07 1.275574e-13 1.334901e-07 wire7160
 7.711014e-08 5.637819e-08 2.584082e-13 1.334886e-07 clkbuf_leaf_185_v_clk
 6.850495e-08 6.493222e-08 2.556341e-13 1.334374e-07 clkbuf_leaf_49_w_clk
 7.720969e-08 5.619532e-08 2.584033e-13 1.334053e-07 clkbuf_leaf_62_v_clk
 7.702929e-08 5.634280e-08 2.583553e-13 1.333723e-07 clkbuf_leaf_163_v_clk
 7.718735e-09 1.252523e-07 1.206333e-13 1.329711e-07 wire3942
 7.709880e-08 5.565359e-08 2.583711e-13 1.327526e-07 clkbuf_leaf_133_v_clk
 1.514709e-08 1.175166e-07 7.477597e-14 1.326637e-07 wire1702
 6.838813e-08 6.417281e-08 2.555437e-13 1.325612e-07 clkbuf_leaf_191_w_clk
 7.727586e-08 5.524550e-08 2.584699e-13 1.325216e-07 clkbuf_leaf_107_v_clk
 6.849520e-08 6.369282e-08 2.555159e-13 1.321883e-07 clkbuf_leaf_126_w_clk
 1.099799e-08 1.211826e-07 1.434456e-13 1.321807e-07 wire5056
 1.559843e-08 1.164534e-07 1.425026e-13 1.320519e-07 max_cap2527
 6.841367e-08 6.362892e-08 2.555029e-13 1.320429e-07 clkbuf_leaf_150_w_clk
 1.241203e-08 1.195803e-07 1.529768e-13 1.319925e-07 wire4354
 7.715700e-08 5.482410e-08 2.583866e-13 1.319814e-07 clkbuf_leaf_179_v_clk
 1.052595e-08 1.212797e-07 1.341533e-13 1.318058e-07 wire3532
 7.732755e-08 5.438124e-08 2.584569e-13 1.317090e-07 clkbuf_leaf_209_v_clk
 1.602523e-08 1.155566e-07 7.009955e-14 1.315819e-07 wire2028
 7.697456e-08 5.455674e-08 2.583553e-13 1.315316e-07 clkbuf_leaf_176_v_clk
 6.835421e-08 6.307333e-08 2.555437e-13 1.314278e-07 clkbuf_leaf_10_w_clk
 7.698599e-08 5.428684e-08 2.584239e-13 1.312731e-07 clkbuf_leaf_86_v_clk
 7.723686e-08 5.401937e-08 2.584699e-13 1.312565e-07 clkbuf_leaf_109_v_clk
 7.698522e-08 5.426665e-08 2.584239e-13 1.312521e-07 clkbuf_leaf_80_v_clk
 7.733455e-08 5.391108e-08 2.584380e-13 1.312459e-07 clkbuf_leaf_51_v_clk
 9.037474e-09 1.221403e-07 1.541673e-13 1.311780e-07 wire7496
 7.456484e-09 1.235762e-07 1.196364e-13 1.310328e-07 wire5963
 7.724198e-08 5.368518e-08 2.584451e-13 1.309274e-07 clkbuf_leaf_203_v_clk
 7.707393e-08 5.360828e-08 2.584151e-13 1.306825e-07 clkbuf_leaf_15_v_clk
 7.694753e-08 5.364636e-08 2.583553e-13 1.305941e-07 clkbuf_leaf_162_v_clk
 1.064566e-08 1.198942e-07 1.292721e-13 1.305400e-07 wire4128
 1.615178e-08 1.143845e-07 1.448352e-13 1.305364e-07 wire4798
 6.825415e-08 6.225502e-08 2.555325e-13 1.305094e-07 clkbuf_leaf_171_w_clk
 7.733467e-08 5.316179e-08 2.584412e-13 1.304967e-07 clkbuf_leaf_47_v_clk
 7.702071e-08 5.347216e-08 2.584082e-13 1.304931e-07 clkbuf_leaf_189_v_clk
 7.699346e-08 5.347976e-08 2.583648e-13 1.304735e-07 clkbuf_leaf_152_v_clk
 6.834431e-08 6.207882e-08 2.554285e-13 1.304234e-07 clkbuf_leaf_83_w_clk
 7.698664e-08 5.325737e-08 2.583648e-13 1.302443e-07 clkbuf_leaf_154_v_clk
 7.711214e-08 5.308220e-08 2.584033e-13 1.301946e-07 clkbuf_leaf_58_v_clk
 6.856217e-08 6.162270e-08 2.554669e-13 1.301851e-07 clkbuf_leaf_96_w_clk
 7.718884e-08 5.279669e-08 2.584170e-13 1.299858e-07 clkbuf_leaf_31_v_clk
 2.085413e-08 1.090716e-07 7.464687e-14 1.299259e-07 fanout11712
 7.705072e-08 5.286167e-08 2.584151e-13 1.299126e-07 clkbuf_leaf_18_v_clk
 7.726074e-08 5.230900e-08 2.584569e-13 1.295700e-07 clkbuf_leaf_9_v_clk
 7.725866e-08 5.224648e-08 2.584569e-13 1.295054e-07 clkbuf_leaf_1_v_clk
 7.717668e-08 5.212680e-08 2.584699e-13 1.293037e-07 clkbuf_leaf_104_v_clk
 7.699158e-08 5.217876e-08 2.583711e-13 1.291706e-07 clkbuf_leaf_131_v_clk
 6.839635e-08 6.054742e-08 2.555159e-13 1.289440e-07 clkbuf_leaf_125_w_clk
 7.715612e-08 5.177000e-08 2.584170e-13 1.289264e-07 clkbuf_leaf_29_v_clk
 7.442501e-09 1.214420e-07 1.480367e-13 1.288847e-07 max_cap2188
 6.831707e-08 6.051513e-08 2.555029e-13 1.288325e-07 clkbuf_leaf_139_w_clk
 8.375718e-09 1.203306e-07 1.502100e-13 1.287065e-07 wire4538
 7.688736e-08 5.166610e-08 2.583553e-13 1.285537e-07 clkbuf_leaf_160_v_clk
 7.705295e-08 5.149787e-08 2.583866e-13 1.285511e-07 clkbuf_leaf_178_v_clk
 7.714586e-08 5.115917e-08 2.584699e-13 1.283053e-07 clkbuf_leaf_113_v_clk
 7.689793e-08 5.140503e-08 2.584239e-13 1.283032e-07 clkbuf_leaf_79_v_clk
 6.826125e-08 6.003962e-08 2.555437e-13 1.283011e-07 clkbuf_leaf_5_w_clk
 6.834632e-08 5.986220e-08 2.556341e-13 1.282088e-07 clkbuf_leaf_43_w_clk
 7.695842e-08 5.109911e-08 2.583711e-13 1.280578e-07 clkbuf_leaf_128_v_clk
 7.725718e-08 5.077617e-08 2.584412e-13 1.280336e-07 clkbuf_leaf_44_v_clk
 7.725556e-08 5.072620e-08 2.584412e-13 1.279820e-07 clkbuf_leaf_46_v_clk
 7.703485e-08 5.091963e-08 2.583866e-13 1.279547e-07 clkbuf_leaf_172_v_clk
 7.720951e-08 5.071977e-08 2.584569e-13 1.279295e-07 clkbuf_leaf_11_v_clk
 1.479254e-08 1.131148e-07 6.972098e-14 1.279075e-07 wire1816
 6.824505e-08 5.951150e-08 2.555437e-13 1.277568e-07 clkbuf_leaf_3_w_clk
 7.694833e-08 5.076501e-08 2.583711e-13 1.277136e-07 clkbuf_leaf_137_v_clk
 7.703579e-08 5.065790e-08 2.584033e-13 1.276940e-07 clkbuf_leaf_69_v_clk
 7.702601e-08 5.064192e-08 2.583866e-13 1.276682e-07 clkbuf_leaf_175_v_clk
 7.702800e-08 5.040624e-08 2.584033e-13 1.274345e-07 clkbuf_leaf_67_v_clk
 6.816639e-08 5.926744e-08 2.555325e-13 1.274341e-07 clkbuf_leaf_177_w_clk
 7.701835e-08 5.038367e-08 2.583866e-13 1.274023e-07 clkbuf_leaf_168_v_clk
 7.687127e-08 5.053042e-08 2.584239e-13 1.274019e-07 clkbuf_leaf_70_v_clk
 7.702561e-08 5.032362e-08 2.584033e-13 1.273495e-07 clkbuf_leaf_64_v_clk
 7.702520e-08 5.031286e-08 2.584033e-13 1.273383e-07 clkbuf_leaf_66_v_clk
 1.511746e-08 1.122007e-07 7.129251e-14 1.273182e-07 wire1804
 7.685075e-08 5.045685e-08 2.583553e-13 1.273079e-07 clkbuf_leaf_166_v_clk
 7.693627e-08 5.036816e-08 2.583711e-13 1.273047e-07 clkbuf_leaf_136_v_clk
 7.697140e-08 5.030635e-08 2.584151e-13 1.272780e-07 clkbuf_leaf_21_v_clk
 6.816166e-08 5.910037e-08 2.555325e-13 1.272623e-07 clkbuf_leaf_178_w_clk
 7.684868e-08 5.038990e-08 2.583553e-13 1.272388e-07 clkbuf_leaf_165_v_clk
 7.722041e-08 4.964947e-08 2.584412e-13 1.268701e-07 clkbuf_leaf_41_v_clk
 7.695892e-08 4.989986e-08 2.584151e-13 1.268590e-07 clkbuf_leaf_19_v_clk
 7.688448e-08 4.991915e-08 2.583648e-13 1.268039e-07 clkbuf_leaf_158_v_clk
 7.691057e-08 4.988743e-08 2.584082e-13 1.267983e-07 clkbuf_leaf_184_v_clk
 7.690868e-08 4.983470e-08 2.584082e-13 1.267436e-07 clkbuf_leaf_188_v_clk
 7.700736e-08 4.973513e-08 2.584033e-13 1.267427e-07 clkbuf_leaf_61_v_clk
 7.717159e-08 4.954346e-08 2.584569e-13 1.267153e-07 clkbuf_leaf_10_v_clk
 6.821094e-08 5.839737e-08 2.555437e-13 1.266086e-07 clkbuf_leaf_4_w_clk
 2.091837e-08 1.056644e-07 7.110678e-14 1.265828e-07 fanout9507
 7.684409e-08 4.962842e-08 2.584239e-13 1.264728e-07 clkbuf_leaf_81_v_clk
 6.813162e-08 5.815980e-08 2.555325e-13 1.262917e-07 clkbuf_leaf_181_w_clk
 6.831423e-08 5.793500e-08 2.555159e-13 1.262495e-07 clkbuf_leaf_124_w_clk
 4.030856e-09 1.220735e-07 7.709157e-14 1.261044e-07 wire2541
 1.000969e-08 1.160703e-07 1.296968e-13 1.260801e-07 wire4267
 6.827970e-08 5.772966e-08 2.556341e-13 1.260096e-07 clkbuf_leaf_53_w_clk
 6.163040e-09 1.197466e-07 7.495025e-14 1.259097e-07 max_cap4806
 6.811446e-08 5.766955e-08 2.555325e-13 1.257843e-07 clkbuf_leaf_165_w_clk
 6.822444e-08 5.752438e-08 2.555029e-13 1.257491e-07 clkbuf_leaf_145_w_clk
 7.705609e-08 4.861805e-08 2.584170e-13 1.256744e-07 clkbuf_leaf_30_v_clk
 7.708184e-08 4.857327e-08 2.584731e-13 1.256554e-07 clkbuf_leaf_96_v_clk
 6.810048e-08 5.713731e-08 2.555325e-13 1.252380e-07 clkbuf_leaf_175_w_clk
 6.827773e-08 5.677539e-08 2.555159e-13 1.250534e-07 clkbuf_leaf_120_w_clk
 6.816315e-08 5.685888e-08 2.555437e-13 1.250223e-07 clkbuf_leaf_30_w_clk
 7.703609e-08 4.798589e-08 2.584170e-13 1.250222e-07 clkbuf_leaf_34_v_clk
 7.704320e-08 4.793005e-08 2.584699e-13 1.249735e-07 clkbuf_leaf_103_v_clk
 1.812820e-08 1.066795e-07 7.131948e-13 1.248084e-07 fanout12168
 1.599230e-08 1.087898e-07 2.721677e-13 1.247823e-07 fanout12275
 6.839015e-08 5.627516e-08 2.554669e-13 1.246656e-07 clkbuf_leaf_92_w_clk
 6.818436e-08 5.623274e-08 2.555029e-13 1.244174e-07 clkbuf_leaf_141_w_clk
 6.825491e-08 5.605065e-08 2.555159e-13 1.243058e-07 clkbuf_leaf_118_w_clk
 7.701727e-08 4.711599e-08 2.584699e-13 1.241335e-07 clkbuf_leaf_105_v_clk
 6.821330e-08 5.560661e-08 2.556341e-13 1.238202e-07 clkbuf_leaf_48_w_clk
 6.816193e-08 5.550892e-08 2.555029e-13 1.236711e-07 clkbuf_leaf_154_w_clk
 7.674085e-08 4.684521e-08 2.583553e-13 1.235863e-07 clkbuf_leaf_169_v_clk
 7.690072e-08 4.662973e-08 2.583866e-13 1.235307e-07 clkbuf_leaf_177_v_clk
 7.620356e-09 1.158822e-07 1.544030e-13 1.235027e-07 wire4487
 6.815208e-08 5.519362e-08 2.555029e-13 1.233460e-07 clkbuf_leaf_148_w_clk
 6.814980e-08 5.511690e-08 2.555029e-13 1.232670e-07 clkbuf_leaf_142_w_clk
 7.708442e-08 4.617876e-08 2.584380e-13 1.232634e-07 clkbuf_leaf_54_v_clk
 6.819167e-08 5.491718e-08 2.556341e-13 1.231091e-07 clkbuf_leaf_57_w_clk
 7.698370e-08 4.606034e-08 2.584699e-13 1.230443e-07 clkbuf_leaf_114_v_clk
 7.672413e-08 4.628022e-08 2.583553e-13 1.230046e-07 clkbuf_leaf_153_v_clk
 6.812178e-08 5.487176e-08 2.554285e-13 1.229938e-07 clkbuf_leaf_84_w_clk
 6.821213e-08 5.468709e-08 2.555159e-13 1.228995e-07 clkbuf_leaf_123_w_clk
 8.239356e-09 1.144816e-07 1.302593e-13 1.227210e-07 wire9664
 7.696070e-08 4.565601e-08 2.584170e-13 1.226170e-07 clkbuf_leaf_37_v_clk
 6.831684e-08 5.399234e-08 2.554669e-13 1.223094e-07 clkbuf_leaf_91_w_clk
 5.984035e-09 1.163012e-07 1.536493e-13 1.222854e-07 wire6118
 6.945230e-09 1.152991e-07 1.601242e-13 1.222445e-07 wire3066
 7.684850e-08 4.521836e-08 2.584033e-13 1.220671e-07 clkbuf_leaf_74_v_clk
 7.668730e-08 4.514851e-08 2.584239e-13 1.218361e-07 clkbuf_leaf_82_v_clk
 6.806417e-08 5.366497e-08 2.555437e-13 1.217294e-07 clkbuf_leaf_16_w_clk
 7.692599e-08 4.479083e-08 2.584451e-13 1.217171e-07 clkbuf_leaf_202_v_clk
 6.808208e-08 5.359062e-08 2.554285e-13 1.216730e-07 clkbuf_leaf_88_w_clk
 6.797599e-08 5.310077e-08 2.555325e-13 1.210770e-07 clkbuf_leaf_169_w_clk
 1.437420e-08 1.066001e-07 7.607818e-14 1.209744e-07 wire1846
 7.661389e-08 4.434110e-08 2.583553e-13 1.209552e-07 clkbuf_leaf_164_v_clk
 7.695391e-08 4.399541e-08 2.584380e-13 1.209496e-07 clkbuf_leaf_53_v_clk
 2.311969e-08 9.777255e-08 2.626841e-13 1.208925e-07 wire7842
 6.826998e-08 5.253964e-08 2.554669e-13 1.208099e-07 clkbuf_leaf_90_w_clk
 7.671645e-08 4.404461e-08 2.584151e-13 1.207613e-07 clkbuf_leaf_14_v_clk
 5.633843e-09 1.151008e-07 1.571990e-13 1.207348e-07 wire4797
 7.670830e-08 4.392597e-08 2.584151e-13 1.206345e-07 clkbuf_leaf_23_v_clk
 6.805084e-08 5.257866e-08 2.554285e-13 1.206298e-07 clkbuf_leaf_85_w_clk
 3.263948e-09 1.173498e-07 6.889326e-14 1.206138e-07 wire3252
 7.683618e-08 4.368823e-08 2.584699e-13 1.205247e-07 clkbuf_leaf_115_v_clk
 2.253823e-08 9.788076e-08 5.273156e-13 1.204195e-07 fanout6202
 7.673383e-08 4.366682e-08 2.583866e-13 1.204009e-07 clkbuf_leaf_174_v_clk
 7.673740e-08 4.357777e-08 2.584033e-13 1.203154e-07 clkbuf_leaf_55_v_clk
 6.794128e-08 5.190314e-08 2.555325e-13 1.198447e-07 clkbuf_leaf_174_w_clk
 6.802695e-08 5.180366e-08 2.554285e-13 1.198309e-07 clkbuf_leaf_75_w_clk
 7.687986e-08 4.290055e-08 2.584380e-13 1.197807e-07 clkbuf_leaf_57_v_clk
 7.689554e-08 4.278627e-08 2.584412e-13 1.196821e-07 clkbuf_leaf_38_v_clk
 6.811211e-08 5.150715e-08 2.555159e-13 1.196195e-07 clkbuf_leaf_132_w_clk
 6.801931e-08 5.155480e-08 2.554285e-13 1.195744e-07 clkbuf_leaf_80_w_clk
 6.799681e-08 5.145380e-08 2.555437e-13 1.194509e-07 clkbuf_leaf_31_w_clk
 6.800905e-08 5.122581e-08 2.554285e-13 1.192351e-07 clkbuf_leaf_76_w_clk
 7.686695e-08 4.236105e-08 2.584412e-13 1.192282e-07 clkbuf_leaf_42_v_clk
 8.725353e-09 1.100941e-07 1.502436e-13 1.188196e-07 max_cap4539
 7.655721e-08 4.223849e-08 2.583711e-13 1.187960e-07 clkbuf_leaf_138_v_clk
 1.969834e-08 9.903425e-08 3.602495e-13 1.187329e-07 max_cap7608
 6.807884e-08 5.044716e-08 2.555159e-13 1.185263e-07 clkbuf_leaf_122_w_clk
 6.798480e-08 5.043717e-08 2.554285e-13 1.184222e-07 clkbuf_leaf_81_w_clk
 1.429408e-08 1.038096e-07 3.368650e-13 1.181040e-07 fanout11821
 7.674373e-08 4.120427e-08 2.584569e-13 1.179483e-07 clkbuf_leaf_6_v_clk
 9.661117e-09 1.081253e-07 7.123313e-14 1.177864e-07 wire1781
 7.655968e-08 4.096685e-08 2.584033e-13 1.175268e-07 clkbuf_leaf_65_v_clk
 7.643973e-08 4.106062e-08 2.583648e-13 1.175006e-07 clkbuf_leaf_130_v_clk
 7.646239e-08 4.100390e-08 2.584082e-13 1.174666e-07 clkbuf_leaf_183_v_clk
 1.942692e-08 9.791553e-08 2.849361e-13 1.173427e-07 wire4893
 7.670477e-08 4.062725e-08 2.584569e-13 1.173323e-07 clkbuf_leaf_0_v_clk
 7.660550e-08 4.028303e-08 2.584699e-13 1.168888e-07 clkbuf_leaf_116_v_clk
 6.800222e-08 4.886217e-08 2.556341e-13 1.168646e-07 clkbuf_leaf_47_w_clk
 7.638876e-08 4.030913e-08 2.583648e-13 1.166981e-07 clkbuf_leaf_157_v_clk
 7.644642e-08 4.018387e-08 2.584412e-13 1.166305e-07 clkbuf_leaf_118_v_clk
 1.216362e-08 1.043635e-07 7.434496e-14 1.165272e-07 wire1690
 2.093897e-08 9.549088e-08 7.467548e-14 1.164299e-07 fanout11735
 7.641128e-08 3.966746e-08 2.584412e-13 1.160790e-07 clkbuf_leaf_117_v_clk
 1.959765e-08 9.631255e-08 2.499732e-13 1.159105e-07 fanout9454
 6.557728e-09 1.093463e-07 6.985563e-14 1.159041e-07 wire2364
 6.790808e-08 4.795268e-08 2.554285e-13 1.158610e-07 clkbuf_leaf_82_w_clk
 7.424776e-09 1.083781e-07 1.520641e-13 1.158030e-07 wire4071
 6.782007e-08 4.796950e-08 2.555325e-13 1.157898e-07 clkbuf_leaf_168_w_clk
 6.805300e-08 4.762995e-08 2.554567e-13 1.156832e-07 clkbuf_leaf_100_w_clk
 6.794445e-08 4.750475e-08 2.556315e-13 1.154495e-07 clkbuf_leaf_65_w_clk
 6.789331e-08 4.747494e-08 2.554285e-13 1.153685e-07 clkbuf_leaf_79_w_clk
 6.804254e-08 4.729421e-08 2.554567e-13 1.153370e-07 clkbuf_leaf_102_w_clk
 2.317901e-08 9.191206e-08 3.411829e-13 1.150914e-07 wire9389
 6.786630e-08 4.718198e-08 2.555437e-13 1.150485e-07 clkbuf_leaf_8_w_clk
 3.726784e-09 1.112387e-07 6.954384e-14 1.149655e-07 wire11601
 1.601852e-08 9.885672e-08 2.723114e-13 1.148755e-07 fanout12269
 7.636957e-08 3.817137e-08 2.584033e-13 1.145412e-07 clkbuf_leaf_60_v_clk
 7.619175e-08 3.814906e-08 2.583553e-13 1.143411e-07 clkbuf_leaf_171_v_clk
 1.120149e-08 1.031162e-07 7.053225e-14 1.143178e-07 wire2450
 6.799974e-08 4.596319e-08 2.554567e-13 1.139632e-07 clkbuf_leaf_99_w_clk
 1.409200e-08 9.968445e-08 7.095955e-14 1.137765e-07 wire2023
 7.640598e-08 3.733975e-08 2.584699e-13 1.137460e-07 clkbuf_leaf_110_v_clk
 1.426510e-08 9.946061e-08 1.450401e-13 1.137259e-07 wire3158
 7.641324e-08 3.721963e-08 2.584451e-13 1.136331e-07 clkbuf_leaf_4_v_clk
 1.827330e-08 9.523835e-08 2.782189e-13 1.135119e-07 hold8273
 2.265249e-08 9.080054e-08 3.266153e-13 1.134534e-07 wire7440
 7.639814e-08 3.695526e-08 2.584731e-13 1.133537e-07 clkbuf_leaf_93_v_clk
 7.629250e-08 3.703105e-08 2.584033e-13 1.133238e-07 clkbuf_leaf_59_v_clk
 2.084884e-08 9.240838e-08 7.469355e-14 1.132573e-07 fanout11749
 1.017096e-08 1.029134e-07 1.454456e-13 1.130845e-07 wire7846
 2.499859e-08 8.779071e-08 2.643433e-13 1.127896e-07 wire4747
 1.627076e-08 9.638299e-08 2.651522e-13 1.126540e-07 fanout9292
 1.477256e-08 9.786372e-08 7.428959e-14 1.126363e-07 wire1765
 1.332203e-08 9.911233e-08 1.222300e-13 1.124345e-07 wire4765
 7.633049e-08 3.599692e-08 2.584451e-13 1.123277e-07 clkbuf_leaf_207_v_clk
 6.401798e-09 1.058989e-07 7.610939e-14 1.123007e-07 wire3868
 1.009088e-08 1.021960e-07 1.296968e-13 1.122870e-07 max_cap4268
 9.392295e-09 1.027182e-07 1.430293e-13 1.121106e-07 wire9809
 6.798875e-08 4.403707e-08 2.555363e-13 1.120261e-07 clkbuf_leaf_128_w_clk
 9.587652e-09 1.016189e-07 1.521358e-13 1.112067e-07 wire3485
 8.814382e-09 1.023806e-07 1.499453e-13 1.111952e-07 wire3537
 6.778436e-08 4.333160e-08 2.555029e-13 1.111162e-07 clkbuf_leaf_147_w_clk
 6.785167e-08 4.322218e-08 2.555159e-13 1.110741e-07 clkbuf_leaf_119_w_clk
 8.908835e-09 1.020926e-07 5.125632e-13 1.110020e-07 fanout9156
 6.784924e-08 4.295303e-08 2.555644e-13 1.108025e-07 clkbuf_leaf_188_w_clk
 1.000606e-08 1.007574e-07 7.071862e-14 1.107636e-07 wire1792
 6.777218e-08 4.293716e-08 2.555029e-13 1.107096e-07 clkbuf_leaf_146_w_clk
 2.089682e-08 8.975672e-08 7.470633e-14 1.106536e-07 fanout11689
 1.425112e-08 9.626246e-08 5.136382e-13 1.105141e-07 fanout5294
 6.780490e-08 4.254907e-08 2.556341e-13 1.103542e-07 clkbuf_leaf_54_w_clk
 1.627939e-08 9.402265e-08 2.651522e-13 1.103023e-07 fanout9291
 6.793393e-08 4.233074e-08 2.555363e-13 1.102649e-07 clkbuf_leaf_129_w_clk
 6.782871e-08 4.230034e-08 2.555644e-13 1.101293e-07 clkbuf_leaf_189_w_clk
 6.775068e-08 4.224415e-08 2.555029e-13 1.099951e-07 clkbuf_leaf_140_w_clk
 1.241691e-08 9.717799e-08 2.429730e-14 1.095949e-07 max_cap12292
 6.779062e-08 4.109105e-08 2.555644e-13 1.088819e-07 clkbuf_leaf_186_w_clk
 6.761567e-08 4.116344e-08 2.555325e-13 1.087794e-07 clkbuf_leaf_176_w_clk
 2.286700e-08 8.582649e-08 3.336029e-13 1.086938e-07 max_cap9591
 1.007665e-08 9.855932e-08 1.540236e-13 1.086361e-07 max_cap3131
 1.168747e-08 9.679426e-08 7.070439e-14 1.084818e-07 wire1823
 6.783075e-08 4.063977e-08 2.554567e-13 1.084708e-07 clkbuf_leaf_101_w_clk
 6.776479e-08 4.027054e-08 2.555644e-13 1.080356e-07 clkbuf_leaf_0_w_clk
 1.370095e-08 9.421473e-08 1.560856e-13 1.079158e-07 wire4470
 4.493946e-09 1.033933e-07 7.597772e-14 1.078873e-07 max_cap4352
 6.774747e-08 4.000994e-08 2.555644e-13 1.077577e-07 clkbuf_leaf_1_w_clk
 4.076924e-09 1.035570e-07 1.524518e-13 1.076341e-07 wire9284
 6.764240e-08 3.984712e-08 2.554285e-13 1.074898e-07 clkbuf_leaf_77_w_clk
 6.769618e-08 3.971237e-08 2.556341e-13 1.074088e-07 clkbuf_leaf_52_w_clk
 5.833920e-09 1.014027e-07 7.181565e-14 1.072367e-07 max_cap3014
 6.762723e-08 3.960797e-08 2.556223e-13 1.072355e-07 clkbuf_leaf_37_w_clk
 6.762137e-08 3.953704e-08 2.554285e-13 1.071587e-07 clkbuf_leaf_78_w_clk
 4.991018e-09 1.021517e-07 1.569586e-13 1.071428e-07 wire11613
 6.770038e-08 3.931459e-08 2.555644e-13 1.070152e-07 clkbuf_leaf_187_w_clk
 1.394564e-08 9.298891e-08 7.580667e-14 1.069346e-07 wire2063
 2.074939e-08 8.617677e-08 7.109801e-14 1.069262e-07 fanout9516
 6.759125e-08 3.908133e-08 2.556223e-13 1.066728e-07 clkbuf_leaf_29_w_clk
 7.595439e-08 3.067373e-08 2.584699e-13 1.066284e-07 clkbuf_leaf_102_v_clk
 1.218901e-08 9.443552e-08 7.146185e-14 1.066246e-07 wire2818
 1.292744e-08 9.338119e-08 7.466311e-14 1.063087e-07 wire1820
 4.784205e-09 1.014362e-07 7.553620e-14 1.062205e-07 max_cap3280
 7.607465e-09 9.808389e-08 1.196364e-13 1.056915e-07 wire5962
 5.557284e-09 9.972479e-08 7.618237e-14 1.052822e-07 wire9710
 5.961517e-09 9.902394e-08 6.839068e-14 1.049855e-07 wire2366
 1.195305e-08 9.285956e-08 1.472643e-13 1.048128e-07 max_cap7631
 1.297348e-08 9.160843e-08 7.486635e-14 1.045820e-07 wire2115
 9.648072e-09 9.468539e-08 1.312947e-13 1.043336e-07 wire3910
 8.504782e-09 9.576150e-08 1.288843e-13 1.042664e-07 max_cap7701
 2.000537e-08 8.384391e-08 2.601018e-13 1.038495e-07 max_cap3517
 6.708913e-08 3.665576e-08 2.554832e-13 1.037451e-07 clkbuf_leaf_18_w_clk
 1.883311e-08 8.481788e-08 2.884647e-13 1.036513e-07 fanout9239
 6.746630e-08 3.586779e-08 2.555644e-13 1.033343e-07 clkbuf_leaf_2_w_clk
 4.420678e-09 9.858103e-08 7.134511e-14 1.030018e-07 wire4303
 6.754183e-08 3.545019e-08 2.555363e-13 1.029923e-07 clkbuf_leaf_137_w_clk
 6.739933e-08 3.534149e-08 2.556341e-13 1.027411e-07 clkbuf_leaf_59_w_clk
 1.420741e-08 8.842932e-08 2.803958e-13 1.026370e-07 fanout12230
 6.751809e-08 3.509911e-08 2.555363e-13 1.026175e-07 clkbuf_leaf_130_w_clk
 1.605600e-08 8.649032e-08 2.723114e-13 1.025466e-07 fanout12267
 5.440479e-09 9.681056e-08 7.154512e-14 1.022511e-07 wire9240
 1.609891e-08 8.609700e-08 2.720967e-13 1.021962e-07 fanout12272
 6.736027e-08 3.476664e-08 2.556341e-13 1.021272e-07 clkbuf_leaf_51_w_clk
 1.606753e-08 8.597449e-08 2.721677e-13 1.020423e-07 fanout12273
 6.737962e-08 3.458778e-08 2.555644e-13 1.019677e-07 clkbuf_leaf_190_w_clk
 1.176446e-08 8.993586e-08 1.434595e-13 1.017005e-07 wire7441
 6.745019e-08 3.409702e-08 2.555363e-13 1.015475e-07 clkbuf_leaf_133_w_clk
 1.491414e-08 8.645071e-08 3.059150e-13 1.013652e-07 fanout11824
 1.664875e-08 8.469659e-08 3.331394e-13 1.013457e-07 fanout11769
 1.259420e-08 8.843661e-08 1.409540e-13 1.010310e-07 max_cap5033
 1.569376e-08 8.519823e-08 2.671406e-13 1.008923e-07 wire7077
 1.518469e-08 8.568718e-08 3.108605e-13 1.008722e-07 hold128
 6.727492e-08 3.350943e-08 2.556341e-13 1.007846e-07 clkbuf_leaf_56_w_clk
 1.080882e-08 8.995617e-08 7.071759e-14 1.007651e-07 wire2751
 2.086233e-08 7.982558e-08 7.470400e-14 1.006880e-07 fanout11692
 9.614790e-09 9.097683e-08 1.520935e-13 1.005918e-07 wire3484
 6.720342e-08 3.337690e-08 2.556223e-13 1.005806e-07 clkbuf_leaf_34_w_clk
 6.732445e-08 3.298448e-08 2.554567e-13 1.003092e-07 clkbuf_leaf_107_w_clk
 5.974540e-09 9.417622e-08 7.611709e-14 1.001508e-07 max_cap5153
 6.721925e-08 3.290725e-08 2.556315e-13 1.001268e-07 clkbuf_leaf_66_w_clk
 6.735948e-08 3.271860e-08 2.556599e-13 1.000783e-07 clkbuf_leaf_23_w_clk
 6.720317e-08 3.267804e-08 2.556315e-13 9.988147e-08 clkbuf_leaf_20_w_clk
 6.683655e-08 3.296701e-08 2.554832e-13 9.980381e-08 clkbuf_leaf_164_w_clk
 6.131735e-09 9.342101e-08 7.578013e-14 9.955283e-08 max_cap5057
 9.116349e-09 9.029181e-08 1.500043e-13 9.940830e-08 wire3538
 1.424494e-08 8.479994e-08 1.450401e-13 9.904502e-08 wire3157
 6.728841e-08 3.170683e-08 2.555363e-13 9.899550e-08 clkbuf_leaf_135_w_clk
 6.677266e-08 3.202992e-08 2.554832e-13 9.880284e-08 clkbuf_leaf_160_w_clk
 5.015783e-09 9.378152e-08 7.605869e-14 9.879738e-08 max_cap4926
 6.726795e-08 3.140490e-08 2.555363e-13 9.867311e-08 clkbuf_leaf_136_w_clk
 1.359139e-08 8.500237e-08 3.476730e-13 9.859411e-08 wire5198
 9.253804e-09 8.864500e-08 1.199364e-13 9.789892e-08 wire5019
 1.326996e-08 8.461440e-08 7.486083e-14 9.788445e-08 wire1776
 1.499844e-08 8.252519e-08 3.058156e-13 9.752393e-08 fanout11823
 1.336770e-08 8.410168e-08 1.212117e-13 9.746950e-08 wire4748
 1.166296e-08 8.555553e-08 1.299695e-13 9.721862e-08 wire7780
 8.165609e-09 8.904387e-08 7.012292e-14 9.720955e-08 max_cap5420
 1.248057e-08 8.468512e-08 2.429730e-14 9.716571e-08 max_cap3758
 1.026537e-08 8.684358e-08 2.525790e-13 9.710921e-08 fanout11615
 1.299390e-08 8.411076e-08 7.003793e-14 9.710473e-08 wire1881
 6.716186e-08 2.983778e-08 2.555363e-13 9.699989e-08 clkbuf_leaf_138_w_clk
 6.664569e-08 3.019621e-08 2.554832e-13 9.684216e-08 clkbuf_leaf_13_w_clk
 6.710330e-08 2.971543e-08 2.554567e-13 9.681899e-08 clkbuf_leaf_98_w_clk
 1.074062e-08 8.587788e-08 1.341533e-13 9.661863e-08 wire3533
 6.090848e-09 9.012746e-08 7.582742e-14 9.621839e-08 max_cap3397
 6.697366e-08 2.919665e-08 2.554389e-13 9.617056e-08 clkbuf_leaf_71_w_clk
 1.111516e-08 8.488075e-08 1.318055e-13 9.599604e-08 max_cap6184
 2.293209e-09 9.368713e-08 6.870282e-14 9.598040e-08 wire2738
 6.695338e-08 2.900346e-08 2.556315e-13 9.595709e-08 clkbuf_leaf_19_w_clk
 1.514251e-08 8.079166e-08 3.109465e-13 9.593450e-08 hold406
 1.019106e-08 8.546667e-08 7.553298e-14 9.565782e-08 wire2165
 6.705911e-08 2.832008e-08 2.555363e-13 9.537945e-08 clkbuf_leaf_131_w_clk
 7.355846e-09 8.785221e-08 7.553704e-14 9.520813e-08 wire2158
 6.690445e-08 2.828630e-08 2.556315e-13 9.519100e-08 clkbuf_leaf_61_w_clk
 4.846215e-09 9.033500e-08 7.686137e-14 9.518129e-08 wire2496
 2.070476e-08 7.442102e-08 3.615616e-13 9.512614e-08 wire5424
 4.210367e-09 9.081627e-08 7.550528e-14 9.502671e-08 max_cap3047
 6.703588e-08 2.797695e-08 2.555363e-13 9.501309e-08 clkbuf_leaf_134_w_clk
 1.495836e-08 8.003338e-08 3.063068e-13 9.499205e-08 fanout11853
 6.688231e-08 2.795309e-08 2.556315e-13 9.483566e-08 clkbuf_leaf_21_w_clk
 1.607589e-08 7.862332e-08 2.720309e-13 9.469948e-08 fanout12271
 2.227881e-08 7.236135e-08 1.222817e-13 9.464028e-08 wire1880
 6.701286e-08 2.759775e-08 2.556599e-13 9.461087e-08 clkbuf_leaf_39_w_clk
 2.078957e-08 7.380034e-08 7.105890e-14 9.458998e-08 fanout9475
 1.599673e-08 7.851322e-08 2.429730e-14 9.450996e-08 max_cap11767
 6.678717e-08 2.725967e-08 2.556223e-13 9.404710e-08 clkbuf_leaf_32_w_clk
 2.019650e-08 7.356467e-08 2.892383e-13 9.376146e-08 wire3196
 1.497347e-08 7.878251e-08 3.107475e-13 9.375630e-08 fanout12179
 1.104221e-08 8.253952e-08 1.508107e-13 9.358188e-08 max_cap7408
 3.868188e-09 8.956385e-08 7.614355e-14 9.343211e-08 wire5958
 6.678121e-08 2.647130e-08 2.556315e-13 9.325277e-08 clkbuf_leaf_69_w_clk
 2.093793e-08 7.223407e-08 7.465008e-14 9.317208e-08 fanout11720
 6.691613e-08 2.616879e-08 2.556599e-13 9.308518e-08 clkbuf_leaf_44_w_clk
 1.201345e-08 8.104939e-08 1.459580e-13 9.306299e-08 wire9590
 1.160296e-08 8.138869e-08 7.482032e-14 9.299173e-08 wire1763
 6.690853e-08 2.605739e-08 2.556599e-13 9.296617e-08 clkbuf_leaf_40_w_clk
 3.655985e-09 8.929794e-08 7.606875e-14 9.295400e-08 wire6047
 1.466963e-08 7.824276e-08 2.725036e-13 9.291265e-08 fanout11578
 1.645894e-08 7.644282e-08 2.650019e-13 9.290202e-08 fanout9290
 3.787982e-09 8.909797e-08 7.605044e-14 9.288603e-08 wire6043
 1.243610e-08 8.043378e-08 1.459452e-13 9.287002e-08 wire3383
 5.906468e-09 8.693231e-08 7.135954e-14 9.283885e-08 max_cap4848
 1.234841e-08 8.035068e-08 1.409031e-13 9.269923e-08 wire5034
 1.539879e-08 7.713970e-08 2.709360e-13 9.253876e-08 fanout9554
 1.489625e-08 7.754988e-08 3.439213e-13 9.244648e-08 fanout11526
 6.672549e-08 2.565065e-08 2.556315e-13 9.237640e-08 clkbuf_leaf_64_w_clk
 1.851931e-08 7.384053e-08 7.133598e-13 9.236055e-08 hold57
 1.187905e-08 8.032539e-08 7.177777e-14 9.220452e-08 wire2124
 2.089256e-08 7.127277e-08 7.109933e-14 9.216541e-08 fanout9536
 1.209065e-08 7.988843e-08 7.169142e-14 9.197915e-08 wire1705
 6.632973e-08 2.556181e-08 2.554832e-13 9.189179e-08 clkbuf_leaf_14_w_clk
 4.776504e-09 8.700386e-08 7.593270e-14 9.178044e-08 max_cap4281
 1.826244e-08 7.336354e-08 2.849317e-13 9.162627e-08 max_cap3023
 2.083390e-08 7.078312e-08 7.473568e-14 9.161709e-08 wire11762
 1.120357e-08 8.029684e-08 7.496575e-14 9.150049e-08 wire2561
 1.877523e-08 7.270586e-08 3.475375e-13 9.148143e-08 wire3079
 1.188545e-08 7.949457e-08 7.159864e-14 9.138009e-08 wire1691
 6.666760e-08 2.469242e-08 2.554389e-13 9.136028e-08 clkbuf_leaf_110_w_clk
 1.848218e-08 7.286974e-08 3.554562e-13 9.135228e-08 wire3198
 1.924326e-08 7.200288e-08 3.508804e-13 9.124649e-08 wire3486
 3.037467e-09 8.811075e-08 6.894442e-14 9.114828e-08 wire2453
 1.201952e-08 7.910616e-08 1.472643e-13 9.112582e-08 wire7630
 2.044920e-08 7.059374e-08 1.310062e-13 9.104308e-08 wire2123
 4.433075e-08 4.649135e-08 1.528527e-13 9.082225e-08 output12
 1.129151e-08 7.926256e-08 7.494684e-14 9.055415e-08 wire2431
 1.061183e-08 7.992789e-08 7.617964e-14 9.053980e-08 wire2463
 5.309309e-09 8.513201e-08 7.117765e-14 9.044139e-08 wire4503
 5.675770e-09 8.476199e-08 7.564517e-14 9.043784e-08 max_cap6158
 5.776673e-09 8.453836e-08 1.589381e-13 9.031520e-08 wire8943
 9.059648e-09 8.119396e-08 1.493892e-13 9.025376e-08 max_cap3501
 1.475030e-08 7.511763e-08 3.060936e-13 8.986824e-08 fanout11834
 6.619112e-08 2.364315e-08 2.554832e-13 8.983453e-08 clkbuf_leaf_166_w_clk
 1.641330e-08 7.339325e-08 2.649868e-13 8.980682e-08 fanout9298
 1.261822e-08 7.716675e-08 1.529427e-13 8.978513e-08 wire4353
 9.329062e-09 8.036777e-08 7.039276e-14 8.969690e-08 wire1856
 1.125686e-08 7.843101e-08 1.430293e-13 8.968802e-08 wire9811
 8.732704e-09 8.085069e-08 1.209158e-13 8.958352e-08 wire7861
 6.654592e-08 2.300933e-08 2.556315e-13 8.955551e-08 clkbuf_leaf_62_w_clk
 7.580921e-09 8.189073e-08 1.190690e-13 8.947177e-08 wire7194
 6.617280e-08 2.327234e-08 2.554832e-13 8.944539e-08 clkbuf_leaf_159_w_clk
 2.145449e-08 6.762155e-08 3.414580e-13 8.907638e-08 wire7428
 9.868633e-09 7.904785e-08 5.094935e-13 8.891700e-08 fanout9173
 1.594799e-08 7.292780e-08 3.517273e-13 8.887614e-08 fanout9727
 1.477227e-08 7.386324e-08 3.453441e-13 8.863586e-08 wire7117
 1.643813e-08 7.205418e-08 2.648283e-13 8.849257e-08 fanout9313
 5.896417e-09 8.259225e-08 7.702462e-14 8.848875e-08 wire3048
 6.662044e-08 2.180091e-08 2.556599e-13 8.842161e-08 clkbuf_leaf_45_w_clk
 6.052542e-09 8.206685e-08 7.565631e-14 8.811948e-08 max_cap6049
 1.480453e-08 7.297135e-08 2.726829e-13 8.777615e-08 fanout11556
 1.833363e-08 6.922127e-08 2.922331e-13 8.755519e-08 wire8981
 1.078776e-08 7.676627e-08 1.423217e-13 8.755417e-08 wire4745
 9.583490e-09 7.781608e-08 7.569229e-14 8.739965e-08 wire2768
 1.654123e-08 7.077514e-08 2.649378e-13 8.731664e-08 fanout9289
 1.114690e-08 7.589072e-08 1.306572e-13 8.703774e-08 wire4033
 1.862004e-08 6.831908e-08 1.257866e-13 8.693925e-08 wire1534
 1.257872e-08 7.431426e-08 1.294764e-13 8.689311e-08 wire3018
 2.105901e-08 6.562114e-08 7.476753e-14 8.668022e-08 wire11765
 1.250785e-08 7.413649e-08 1.400904e-13 8.664448e-08 wire4023
 1.371358e-08 7.260454e-08 7.486547e-14 8.631820e-08 wire2109
 6.635872e-08 1.990968e-08 2.555128e-13 8.626866e-08 clkbuf_leaf_115_w_clk
 1.273347e-08 7.348128e-08 7.523935e-14 8.621483e-08 wire1847
 6.592679e-08 1.978954e-08 2.554832e-13 8.571659e-08 clkbuf_leaf_162_w_clk
 7.152637e-09 7.845090e-08 1.556950e-13 8.560369e-08 max_cap6163
 6.328448e-09 7.916238e-08 1.503610e-13 8.549097e-08 wire9553
 1.031968e-08 7.514235e-08 1.540236e-13 8.546218e-08 wire3130
 1.492623e-08 7.036557e-08 3.108481e-13 8.529211e-08 fanout12183
 6.626896e-08 1.882728e-08 2.554389e-13 8.509650e-08 clkbuf_leaf_72_w_clk
 1.474116e-08 7.025261e-08 3.437996e-13 8.499411e-08 fanout11542
 1.628694e-08 6.857922e-08 2.896031e-13 8.486645e-08 wire9663
 4.980948e-09 7.985602e-08 7.165466e-14 8.483704e-08 wire3356
 6.623524e-08 1.833464e-08 2.554389e-13 8.457014e-08 clkbuf_leaf_86_w_clk
 8.096066e-09 7.645844e-08 1.505057e-13 8.455466e-08 wire4233
 1.057645e-08 7.358208e-08 7.081260e-14 8.415860e-08 wire2068
 1.779298e-08 6.598281e-08 2.633967e-13 8.377605e-08 wire5066
 1.480579e-08 6.894240e-08 3.437009e-13 8.374852e-08 fanout11537
 6.495640e-09 7.704488e-08 7.148074e-14 8.354059e-08 max_cap6960
 2.263805e-09 8.120846e-08 6.199418e-14 8.347233e-08 _17346_
 9.999145e-09 7.343336e-08 1.498403e-13 8.343266e-08 wire4665
 1.087339e-08 7.249215e-08 1.513639e-13 8.336569e-08 wire4301
 7.934960e-09 7.538193e-08 6.976592e-14 8.331696e-08 wire2956
 5.325449e-09 7.742589e-08 6.847705e-14 8.275141e-08 wire2508
 9.796486e-09 7.284277e-08 1.306340e-13 8.263938e-08 wire7817
 4.703712e-09 7.772173e-08 7.114152e-14 8.242552e-08 max_cap4158
 1.041886e-08 7.140218e-08 1.307976e-13 8.182117e-08 wire6565
 1.498457e-08 6.668882e-08 3.109196e-13 8.167370e-08 fanout12171
 1.891017e-08 6.221376e-08 2.890534e-13 8.112422e-08 wire6884
 1.750732e-08 6.360182e-08 6.965903e-14 8.110921e-08 wire1879
 9.940625e-09 7.114382e-08 7.061191e-14 8.108452e-08 wire2412
 2.110721e-08 5.993324e-08 7.471943e-14 8.104052e-08 wire11761
 1.436281e-08 6.653092e-08 3.368047e-13 8.089406e-08 fanout11799
 1.481403e-08 6.606297e-08 2.725980e-13 8.087727e-08 fanout11558
 1.041700e-08 7.022014e-08 1.196767e-13 8.063726e-08 wire3518
 8.820328e-09 7.175879e-08 7.685806e-14 8.057920e-08 wire2002
 5.164361e-09 7.540945e-08 7.665965e-14 8.057388e-08 wire3318
 1.514142e-08 6.504646e-08 3.109790e-13 8.018820e-08 hold405
 1.077639e-08 6.939757e-08 7.091905e-14 8.017403e-08 wire1814
 4.741920e-09 7.531355e-08 1.621066e-13 8.005564e-08 wire781
 4.210364e-09 7.577942e-08 7.543509e-14 7.998986e-08 max_cap6094
 5.209462e-09 7.469566e-08 7.242737e-14 7.990519e-08 max_cap4709
 8.700781e-09 7.114573e-08 1.287472e-13 7.984664e-08 wire6450
 8.790968e-09 7.104528e-08 1.209158e-13 7.983637e-08 max_cap7860
 1.887670e-08 6.079242e-08 3.556891e-13 7.966948e-08 wire6506
 4.969892e-09 7.447108e-08 7.774833e-14 7.944105e-08 max_cap7229
 1.565921e-08 6.370265e-08 3.647915e-13 7.936222e-08 wire9572
 4.066736e-09 7.500556e-08 1.560335e-13 7.907245e-08 wire9540
 1.641721e-08 6.224579e-08 2.650019e-13 7.866326e-08 fanout9285
 1.691983e-08 6.170522e-08 7.463952e-14 7.862512e-08 wire2153
 1.490815e-08 6.328674e-08 3.108481e-13 7.819521e-08 fanout12177
 8.718367e-09 6.946716e-08 1.526213e-13 7.818567e-08 wire4325
 9.376716e-09 6.846160e-08 1.199364e-13 7.783843e-08 max_cap5020
 1.500682e-08 6.275997e-08 3.062235e-13 7.776709e-08 fanout11836
 1.410432e-08 6.364852e-08 2.454003e-13 7.775309e-08 fanout7583
 7.056081e-09 7.069465e-08 1.557907e-13 7.775089e-08 wire4107
 5.033955e-09 7.253689e-08 6.941006e-14 7.757092e-08 max_cap4640
 9.090575e-09 6.798533e-08 1.497963e-13 7.707606e-08 wire9688
 5.827107e-09 7.073007e-08 1.282052e-13 7.655730e-08 _16947_
 4.622330e-09 7.191425e-08 1.304611e-13 7.653671e-08 fanout4753
 1.127520e-08 6.494330e-08 1.487667e-13 7.621865e-08 wire7430
 1.010405e-08 6.595930e-08 7.094718e-14 7.606342e-08 wire1858
 8.078357e-09 6.767738e-08 1.206758e-13 7.575586e-08 wire3941
 9.831066e-09 6.583291e-08 1.198329e-13 7.566410e-08 wire7890
 1.492546e-08 6.052871e-08 3.107475e-13 7.545448e-08 fanout12178
 1.479803e-08 6.055475e-08 2.725972e-13 7.535304e-08 fanout11549
 1.372903e-08 6.155694e-08 7.585393e-14 7.528605e-08 wire2370
 9.380263e-09 6.584759e-08 6.953146e-14 7.522792e-08 wire2716
 8.426055e-09 6.667459e-08 1.509673e-13 7.510079e-08 max_cap2864
 1.062716e-08 6.432575e-08 7.100481e-14 7.495298e-08 wire1837
 1.034405e-08 6.451454e-08 1.454131e-13 7.485874e-08 wire7845
 1.210406e-08 6.274710e-08 7.028675e-14 7.485124e-08 wire1857
 9.467903e-09 6.533969e-08 6.929911e-14 7.480767e-08 wire2340
 1.016296e-08 6.461162e-08 7.077021e-14 7.477465e-08 wire2073
 3.946879e-09 7.082198e-08 7.699493e-14 7.476893e-08 max_cap9734
 4.945276e-09 6.981510e-08 7.550641e-14 7.476046e-08 wire2513
 8.274756e-09 6.637286e-08 1.212709e-13 7.464774e-08 wire5322
 1.220331e-08 6.231810e-08 7.466700e-14 7.452149e-08 wire1887
 1.429941e-08 6.011395e-08 3.366732e-13 7.441370e-08 fanout11787
 6.167622e-09 6.800290e-08 7.142174e-14 7.417059e-08 hold489
 4.744743e-09 6.941087e-08 1.621080e-13 7.415578e-08 wire119
 9.773172e-09 6.383015e-08 1.480115e-13 7.360347e-08 wire7791
 1.421882e-08 5.928733e-08 2.802394e-13 7.350642e-08 fanout12240
 9.670242e-09 6.373990e-08 1.430065e-13 7.341028e-08 wire9810
 1.502227e-08 5.833932e-08 3.062317e-13 7.336189e-08 fanout11842
 9.257914e-09 6.362808e-08 1.493796e-13 7.288615e-08 wire7609
 4.657428e-09 6.810944e-08 6.911968e-14 7.276694e-08 max_cap2593
 1.146806e-08 6.113882e-08 7.091624e-14 7.260695e-08 wire1824
 4.427448e-08 2.815343e-08 1.174050e-13 7.242803e-08 output16
 4.506607e-09 6.778208e-08 7.621741e-14 7.228876e-08 max_cap3950
 9.069433e-09 6.304290e-08 1.294008e-13 7.211246e-08 wire4482
 5.847686e-09 6.616570e-08 7.240826e-14 7.201346e-08 max_cap11640
 8.283058e-09 6.358129e-08 1.202611e-13 7.186447e-08 wire9568
 9.117860e-09 6.236640e-08 6.968075e-14 7.148434e-08 wire2118
 5.156702e-09 6.597860e-08 1.586879e-13 7.113545e-08 max_cap9376
 1.421206e-08 5.675663e-08 2.802394e-13 7.096896e-08 fanout12232
 1.637945e-08 5.452864e-08 6.935517e-14 7.090816e-08 wire1764
 1.474439e-08 5.606044e-08 3.438299e-13 7.080517e-08 fanout11531
 1.737648e-08 5.340329e-08 1.256849e-13 7.077990e-08 wire1791
 9.865631e-09 6.083084e-08 1.509179e-13 7.069661e-08 max_cap3078
 1.871212e-08 5.196737e-08 2.921550e-13 7.067978e-08 wire8982
 1.610457e-08 5.453444e-08 1.240657e-13 7.063913e-08 wire1855
 8.873478e-09 6.175308e-08 1.208928e-13 7.062668e-08 wire7859
 1.775923e-08 5.278959e-08 2.645211e-13 7.054908e-08 max_cap7613
 6.992913e-09 6.346676e-08 1.520400e-13 7.045983e-08 max_cap8932
 1.481973e-08 5.560199e-08 2.723753e-13 7.042199e-08 fanout11577
 1.444373e-08 5.596162e-08 3.368160e-13 7.040569e-08 fanout11805
 5.533938e-09 6.444508e-08 7.557925e-14 6.997910e-08 max_cap4270
 1.010287e-08 5.987416e-08 7.107150e-14 6.997710e-08 wire2026
 4.428084e-09 6.545986e-08 1.602187e-13 6.988810e-08 wire7876
 1.315013e-08 5.667219e-08 2.429730e-14 6.982234e-08 wire11763
 6.913726e-09 6.290578e-08 7.591641e-14 6.981958e-08 wire3821
 6.890947e-09 6.287302e-08 7.116625e-14 6.976404e-08 max_cap4535
 1.603754e-08 5.349594e-08 6.996426e-14 6.953356e-08 wire2001
 1.494921e-08 5.428839e-08 3.062228e-13 6.923791e-08 fanout11852
 7.789991e-09 6.126605e-08 1.516140e-13 6.905619e-08 max_cap6055
 5.323928e-09 6.351581e-08 7.083621e-14 6.883981e-08 hold8271
 9.812156e-09 5.897212e-08 1.198329e-13 6.878440e-08 max_cap7891
 3.304568e-09 6.537290e-08 6.905935e-14 6.867754e-08 wire11609
 9.528228e-09 5.900045e-08 1.496763e-13 6.852882e-08 wire4035
 9.067938e-09 5.942342e-08 1.490558e-13 6.849151e-08 wire7225
 1.423629e-08 5.409604e-08 3.367680e-13 6.833267e-08 fanout11786
 5.951844e-09 6.235832e-08 1.571990e-13 6.831032e-08 wire4796
 1.207345e-08 5.620996e-08 1.544756e-13 6.828357e-08 hold8274
 9.052030e-09 5.884792e-08 7.450949e-14 6.790002e-08 max_cap4485
 8.723754e-09 5.875848e-08 1.289101e-13 6.748236e-08 wire7702
 8.282003e-09 5.908344e-08 1.512428e-13 6.736559e-08 max_cap7121
 7.787535e-09 5.947462e-08 1.501293e-13 6.726231e-08 max_cap7115
 9.312870e-09 5.783111e-08 1.212805e-13 6.714410e-08 wire7614
 1.011232e-08 5.701259e-08 7.064685e-14 6.712498e-08 wire1825
 5.766664e-09 6.129902e-08 7.253157e-14 6.706576e-08 max_cap6087
 9.450098e-09 5.758567e-08 3.780453e-13 6.703615e-08 fanout9890
 7.420774e-09 5.951359e-08 7.591122e-14 6.693445e-08 wire11510
 1.183380e-08 5.498018e-08 2.429730e-14 6.681400e-08 wire1778
 1.573711e-08 5.099561e-08 2.599007e-13 6.673299e-08 wire7909
 8.465315e-09 5.816866e-08 7.481597e-14 6.663405e-08 wire3924
 9.128022e-09 5.744492e-08 1.497698e-13 6.657309e-08 max_cap9687
 4.379062e-09 6.215229e-08 7.572237e-14 6.653143e-08 wire3946
 5.183816e-09 6.102884e-08 6.949651e-14 6.621272e-08 max_cap4286
 6.612836e-08 0.000000e+00 6.867002e-13 6.612905e-08 clkload140
 1.598443e-08 5.012156e-08 2.722309e-13 6.610626e-08 fanout12266
 9.784219e-09 5.602496e-08 1.466969e-13 6.580932e-08 wire9201
 1.022705e-08 5.549552e-08 1.554626e-13 6.572272e-08 max_cap7607
 1.297341e-08 5.267147e-08 7.059652e-14 6.564495e-08 wire1876
 8.339298e-09 5.721475e-08 1.202343e-13 6.555417e-08 wire9567
 6.549841e-08 0.000000e+00 6.867851e-13 6.549910e-08 clkload142
 8.652522e-09 5.682759e-08 1.509955e-13 6.548026e-08 wire2865
 1.093766e-08 5.444005e-08 7.097555e-14 6.537778e-08 wire2428
 1.355609e-08 5.181670e-08 3.539592e-13 6.537314e-08 max_cap2930
 8.724837e-09 5.635975e-08 1.526356e-13 6.508473e-08 wire4326
 8.944005e-09 5.613533e-08 1.486193e-13 6.507948e-08 wire6486
 1.018243e-08 5.485513e-08 7.010368e-14 6.503763e-08 wire2013
 8.012250e-09 5.698604e-08 1.493314e-13 6.499844e-08 wire4407
 1.385973e-08 5.100222e-08 7.556413e-14 6.486203e-08 wire2003
 8.327635e-09 5.614399e-08 1.202611e-13 6.447174e-08 wire9569
 7.200350e-09 5.720977e-08 7.599818e-14 6.441020e-08 max_cap4405
 8.551590e-09 5.582962e-08 1.224752e-13 6.438133e-08 wire7442
 5.850057e-09 5.852467e-08 7.734021e-14 6.437480e-08 wire1689
 8.503620e-09 5.584903e-08 1.505558e-13 6.435280e-08 wire4370
 1.426767e-08 5.008275e-08 3.367285e-13 6.435076e-08 fanout11782
 4.395623e-09 5.985823e-08 7.121918e-14 6.425392e-08 max_cap6431
 1.081762e-08 5.341427e-08 7.553948e-14 6.423196e-08 wire2824
 1.280955e-08 5.139168e-08 7.506426e-14 6.420131e-08 wire2199
 1.838720e-08 4.559876e-08 2.624979e-13 6.398623e-08 wire5026
 9.627756e-09 5.418122e-08 7.033369e-14 6.380905e-08 wire1809
 8.351985e-09 5.536766e-08 1.512259e-13 6.371980e-08 wire7120
 5.467103e-09 5.823037e-08 7.133608e-14 6.369754e-08 max_cap3034
 8.425250e-09 5.489516e-08 6.944776e-14 6.332048e-08 wire3017
 4.445151e-09 5.887103e-08 7.658771e-14 6.331626e-08 max_cap6613
 7.346531e-09 5.595005e-08 7.594766e-14 6.329665e-08 wire2923
 2.997282e-09 5.994848e-08 6.077137e-14 6.294583e-08 _17451_
 8.702289e-09 5.409206e-08 1.185323e-13 6.279446e-08 max_cap5444
 3.507373e-08 2.763002e-08 6.031102e-13 6.270435e-08 fanout12282
 9.128251e-09 5.347806e-08 3.240539e-13 6.260664e-08 fanout12165
 8.483108e-09 5.402354e-08 1.505820e-13 6.250680e-08 wire4371
 6.990648e-09 5.546792e-08 7.583167e-14 6.245865e-08 max_cap4015
 6.510068e-09 5.583923e-08 7.133295e-14 6.234937e-08 max_cap4211
 7.831460e-09 5.441821e-08 1.516140e-13 6.224982e-08 wire6054
 1.036144e-08 5.182296e-08 7.051444e-14 6.218447e-08 wire2425
 7.746255e-09 5.420519e-08 1.190690e-13 6.195156e-08 wire7195
 1.269775e-08 4.924072e-08 6.915222e-14 6.193854e-08 wire1817
 1.439966e-08 4.744412e-08 2.801514e-13 6.184406e-08 fanout12231
 4.546536e-09 5.719628e-08 7.536879e-14 6.174290e-08 max_cap5087
 8.837869e-09 5.262173e-08 1.493210e-13 6.145975e-08 wire3007
 8.330703e-09 5.301514e-08 1.212409e-13 6.134596e-08 wire7848
 3.267665e-09 5.806107e-08 6.853083e-14 6.132881e-08 wire7917
 8.670768e-09 5.244472e-08 1.505970e-13 6.111564e-08 wire7628
 7.927169e-09 5.315410e-08 7.680492e-14 6.108134e-08 wire1883
 9.124660e-09 5.194134e-08 1.595619e-13 6.106616e-08 wire7007
 7.471256e-09 5.349298e-08 7.017967e-14 6.096431e-08 wire2420
 7.789088e-09 5.314867e-08 7.432223e-14 6.093784e-08 max_cap4162
 8.098620e-09 5.271281e-08 7.009595e-14 6.081149e-08 wire2200
 7.692679e-09 5.300924e-08 7.477515e-14 6.070200e-08 max_cap4358
 7.216375e-09 5.347011e-08 7.464326e-14 6.068656e-08 max_cap6902
 9.518490e-09 5.068511e-08 7.067345e-14 6.020367e-08 wire1688
 7.342785e-09 5.278077e-08 7.605148e-14 6.012363e-08 wire4058
 1.099602e-08 4.903589e-08 7.144478e-14 6.003198e-08 wire2746
 7.500979e-09 5.248080e-08 1.470756e-13 5.998193e-08 fanout11779
 8.002740e-09 5.196226e-08 7.578350e-14 5.996508e-08 max_cap4198
 9.660156e-09 5.027567e-08 7.029050e-14 5.993590e-08 wire1808
 7.485361e-09 5.244611e-08 1.526433e-13 5.993162e-08 wire9033
 7.161405e-09 5.264814e-08 1.512293e-13 5.980969e-08 wire9258
 7.846885e-09 5.192376e-08 1.497213e-13 5.977079e-08 max_cap6857
 4.541713e-09 5.509034e-08 7.726160e-14 5.963213e-08 wire2533
 1.316723e-08 4.645268e-08 6.928546e-14 5.961999e-08 wire1886
 7.453146e-09 5.210012e-08 1.535067e-13 5.955342e-08 wire7902
 7.279422e-09 5.218488e-08 7.148619e-14 5.946437e-08 wire2939
 8.681582e-09 5.069201e-08 1.289256e-13 5.937371e-08 max_cap7703
 8.321065e-09 5.101268e-08 7.361647e-14 5.933382e-08 max_cap4971
 1.265011e-08 4.651966e-08 7.089607e-14 5.916984e-08 wire2149
 9.315919e-09 4.976190e-08 7.030676e-14 5.907789e-08 wire2170
 1.224560e-08 4.675540e-08 7.060175e-14 5.900107e-08 wire1852
 7.728864e-09 5.126165e-08 1.190321e-13 5.899064e-08 wire7193
 3.847151e-09 5.512712e-08 1.586721e-13 5.897443e-08 max_cap11500
 7.532146e-09 5.136895e-08 1.526368e-13 5.890125e-08 wire9031
 8.633315e-09 5.024613e-08 1.545524e-13 5.887960e-08 wire7900
 1.175349e-08 4.708551e-08 7.515879e-14 5.883908e-08 wire2515
 7.088457e-09 5.171993e-08 6.907635e-14 5.880846e-08 max_cap5909
 2.107849e-08 3.769551e-08 7.475742e-14 5.877408e-08 wire11764
 4.386834e-09 5.411694e-08 7.281191e-14 5.850384e-08 wire11855
 8.008447e-09 5.042176e-08 7.142649e-14 5.843027e-08 max_cap3419
 7.879898e-09 5.049499e-08 1.497019e-13 5.837504e-08 wire6855
 1.211570e-08 4.616814e-08 7.078545e-14 5.828391e-08 wire2112
 7.822961e-09 5.022302e-08 1.501293e-13 5.804613e-08 wire7116
 6.341671e-09 5.163678e-08 7.578497e-14 5.797853e-08 max_cap5058
 9.185128e-09 4.870711e-08 3.241403e-13 5.789256e-08 fanout12160
 1.406655e-08 4.371640e-08 7.111940e-14 5.778302e-08 wire1707
 7.445205e-09 5.020847e-08 1.268772e-13 5.765380e-08 fanout12246
 8.319047e-09 4.918929e-08 1.544585e-13 5.750849e-08 wire7907
 1.300022e-08 4.432327e-08 2.429730e-14 5.732351e-08 max_cap3756
 7.533022e-09 4.967364e-08 1.526368e-13 5.720681e-08 wire9032
 5.020676e-09 5.216470e-08 7.363291e-14 5.718545e-08 max_cap11666
 7.092424e-09 5.000877e-08 7.397872e-14 5.710127e-08 wire3371
 9.499608e-09 4.755657e-08 6.995843e-14 5.705625e-08 max_cap4380
 4.591149e-09 5.244079e-08 7.636970e-14 5.703201e-08 wire4880
 7.570856e-09 4.940306e-08 1.504754e-13 5.697407e-08 max_cap9034
 9.140402e-09 4.775147e-08 3.240015e-13 5.689219e-08 fanout12163
 6.755003e-09 5.012902e-08 7.154477e-14 5.688409e-08 max_cap2922
 1.432624e-08 4.232960e-08 2.801195e-13 5.665612e-08 fanout12217
 7.244589e-09 4.940591e-08 7.174760e-14 5.665056e-08 max_cap4050
 7.104979e-09 4.951585e-08 1.551535e-13 5.662099e-08 wire3080
 6.440086e-09 5.011238e-08 6.963606e-14 5.655254e-08 wire2747
 8.164141e-09 4.833824e-08 7.565350e-14 5.650245e-08 wire1946
 6.384637e-09 5.007020e-08 7.173149e-14 5.645491e-08 max_cap3406
 7.363968e-09 4.893597e-08 7.594766e-14 5.630001e-08 max_cap2924
 9.203081e-09 4.700174e-08 3.241741e-13 5.620515e-08 fanout12161
 7.552687e-09 4.828772e-08 1.504971e-13 5.584056e-08 wire9035
 4.904348e-09 5.085188e-08 1.621041e-13 5.575640e-08 max_cap382
 6.323757e-09 4.935989e-08 7.152541e-14 5.568372e-08 wire4507
 7.088001e-09 4.853216e-08 1.174897e-13 5.562028e-08 fanout3074
 7.430927e-09 4.792622e-08 1.535242e-13 5.535730e-08 wire7903
 4.034999e-09 5.128424e-08 6.875600e-14 5.531930e-08 wire2369
 7.073739e-09 4.824255e-08 7.159270e-14 5.531636e-08 max_cap4036
 6.802459e-09 4.842452e-08 2.520207e-13 5.522723e-08 fanout9636
 6.543429e-09 4.855840e-08 7.239694e-14 5.510190e-08 wire11667
 5.123070e-09 4.989649e-08 7.136873e-14 5.501963e-08 max_cap4444
 7.638827e-09 4.737004e-08 7.195518e-14 5.500894e-08 max_cap4825
 6.144508e-09 4.869613e-08 7.650369e-14 5.484072e-08 wire2448
 5.828166e-09 4.899498e-08 7.254340e-14 5.482321e-08 max_cap6090
 6.384790e-09 4.838659e-08 7.176359e-14 5.477145e-08 max_cap3216
 5.847933e-09 4.888099e-08 6.890389e-14 5.472899e-08 wire5230
 5.796211e-09 4.891550e-08 6.915398e-14 5.471178e-08 max_cap3546
 9.464141e-09 4.521075e-08 2.384828e-13 5.467513e-08 fanout9956
 6.621690e-09 4.804087e-08 6.963441e-14 5.466264e-08 wire2483
 6.520136e-09 4.813167e-08 7.186855e-14 5.465188e-08 max_cap4467
 7.429609e-09 4.720630e-08 1.535242e-13 5.463606e-08 wire7904
 6.954519e-09 4.753271e-08 7.664769e-14 5.448731e-08 max_cap2935
 7.000698e-09 4.746040e-08 7.628816e-14 5.446118e-08 max_cap2981
 6.189803e-09 4.825865e-08 6.937066e-14 5.444852e-08 wire2384
 1.146216e-08 4.292245e-08 7.066326e-14 5.438469e-08 wire1884
 5.863646e-09 4.850925e-08 7.588194e-14 5.437296e-08 wire4403
 4.257876e-09 5.009741e-08 7.580833e-14 5.435536e-08 wire6206
 9.461791e-09 4.482723e-08 3.779192e-13 5.428940e-08 fanout9880
 7.249680e-09 4.685010e-08 7.174760e-14 5.409986e-08 max_cap4049
 7.817832e-09 4.617074e-08 7.376944e-14 5.398865e-08 wire3872
 9.452298e-09 4.443384e-08 2.902872e-13 5.388643e-08 fanout4754
 7.482210e-09 4.625789e-08 1.470975e-13 5.374024e-08 fanout11809
 7.113818e-09 4.659522e-08 7.343132e-14 5.370911e-08 max_cap3887
 7.835035e-09 4.580545e-08 7.186831e-14 5.364056e-08 max_cap5167
 6.768790e-09 4.684003e-08 7.582159e-14 5.360889e-08 wire6242
 7.407222e-09 4.618102e-08 7.202355e-14 5.358831e-08 max_cap7810
 3.709434e-09 4.983835e-08 6.803623e-14 5.354785e-08 max_cap3232
 1.271550e-08 4.079545e-08 7.127618e-14 5.351101e-08 wire2105
 1.160384e-08 4.189541e-08 7.095342e-14 5.349932e-08 wire2004
 6.015912e-09 4.728794e-08 7.657725e-14 5.330393e-08 wire2913
 7.826500e-09 4.538752e-08 1.361499e-13 5.321416e-08 fanout11843
 7.718947e-09 4.546860e-08 1.537677e-13 5.318769e-08 wire2965
 5.775121e-09 4.741014e-08 7.190244e-14 5.318533e-08 wire5893
 7.024715e-09 4.608874e-08 7.489072e-14 5.311353e-08 wire3387
 8.474692e-09 4.461992e-08 1.214825e-13 5.309473e-08 fanout9293
 7.113996e-09 4.593013e-08 7.343132e-14 5.304420e-08 wire3886
 7.726205e-09 4.529451e-08 1.496590e-13 5.302086e-08 fanout11533
 1.086210e-08 4.211632e-08 7.406371e-14 5.297850e-08 wire1802
 1.276650e-08 4.015471e-08 2.429730e-14 5.292123e-08 wire11861
 8.591458e-09 4.429595e-08 1.213872e-13 5.288753e-08 fanout9288
 7.107139e-09 4.573968e-08 7.398544e-14 5.284689e-08 max_cap3372
 5.759520e-09 4.690409e-08 7.185975e-14 5.266368e-08 max_cap4861
 6.811775e-09 4.580372e-08 2.520207e-13 5.261574e-08 fanout9642
 6.342291e-09 4.626981e-08 7.175844e-14 5.261217e-08 max_cap3215
 8.590106e-09 4.386905e-08 1.213714e-13 5.245928e-08 fanout9307
 6.891326e-09 4.549952e-08 1.185770e-13 5.239096e-08 wire7082
 7.081830e-09 4.527281e-08 1.520400e-13 5.235480e-08 wire8931
 1.664856e-08 3.566094e-08 3.384628e-13 5.230984e-08 wire4997
 6.258655e-09 4.601076e-08 7.172209e-14 5.226949e-08 max_cap3403
 1.284464e-08 3.936298e-08 2.429730e-14 5.220765e-08 wire2145
 6.360457e-09 4.579430e-08 1.305128e-13 5.215489e-08 _16917_
 6.545999e-09 4.560192e-08 1.565867e-13 5.214807e-08 wire7612
 5.399677e-09 4.668028e-08 7.622024e-14 5.208003e-08 wire3912
 7.494125e-09 4.442929e-08 1.471244e-13 5.192356e-08 fanout11800
 6.636351e-09 4.526493e-08 7.184039e-14 5.190135e-08 wire3860
 3.106597e-09 4.869636e-08 6.823633e-14 5.180302e-08 max_cap2107
 6.207495e-09 4.550667e-08 7.610767e-14 5.171424e-08 wire5152
 7.296059e-09 4.437478e-08 1.556689e-13 5.167100e-08 max_cap6162
 7.803023e-09 4.385787e-08 1.361979e-13 5.166103e-08 fanout11841
 6.903927e-09 4.462488e-08 7.152809e-14 5.152888e-08 wire4506
 6.558080e-09 4.495966e-08 7.603071e-14 5.151781e-08 max_cap3421
 7.030893e-09 4.446992e-08 7.435477e-14 5.150089e-08 max_cap3428
 6.384369e-09 4.511409e-08 7.008280e-14 5.149853e-08 wire6452
 7.495651e-09 4.398463e-08 1.470748e-13 5.148043e-08 fanout11818
 5.809822e-09 4.563643e-08 7.438967e-14 5.144632e-08 wire7168
 5.972621e-09 4.545151e-08 7.569084e-14 5.142421e-08 wire4603
 1.250765e-08 3.879386e-08 2.429730e-14 5.130153e-08 wire2714
 7.740228e-09 4.346836e-08 1.495687e-13 5.120874e-08 fanout11536
 1.191599e-08 3.923118e-08 2.429730e-14 5.114720e-08 wire2025
 9.283863e-09 4.183163e-08 3.510113e-13 5.111584e-08 fanout5493
 1.124410e-08 3.981330e-08 1.148132e-13 5.105752e-08 max_cap4531
 9.233331e-09 4.171867e-08 3.510763e-13 5.095235e-08 fanout5491
 5.356494e-09 4.544049e-08 7.184748e-14 5.079706e-08 max_cap4052
 5.827917e-09 4.489950e-08 7.599061e-14 5.072749e-08 max_cap4687
 8.604765e-09 4.207190e-08 1.561469e-13 5.067682e-08 wire7036
 5.202603e-09 4.515272e-08 7.481658e-14 5.035540e-08 max_cap11225
 6.347863e-09 4.398820e-08 6.957984e-14 5.033613e-08 wire6863
 5.854584e-09 4.444981e-08 7.139328e-14 5.030446e-08 wire11041
 7.161084e-09 4.313762e-08 7.463600e-14 5.029878e-08 max_cap6901
 7.115115e-09 4.314822e-08 7.343797e-14 5.026341e-08 wire3888
 7.180016e-09 4.306994e-08 7.344293e-14 5.025003e-08 max_cap3889
 1.279698e-08 3.745275e-08 2.429730e-14 5.024976e-08 max_cap3757
 9.402208e-09 4.068248e-08 3.510282e-13 5.008503e-08 fanout5474
 7.454327e-09 4.256925e-08 1.470898e-13 5.002372e-08 fanout11793
 5.937736e-09 4.380500e-08 7.158462e-14 4.974281e-08 wire5030
 6.820191e-09 4.282177e-08 2.520207e-13 4.964221e-08 fanout9651
 6.487041e-09 4.303612e-08 7.189540e-14 4.952323e-08 max_cap4400
 1.345281e-08 3.599649e-08 7.362369e-14 4.944938e-08 wire1706
 2.172417e-09 4.726706e-08 6.837964e-14 4.943955e-08 wire2416
 7.639486e-09 4.175503e-08 1.269067e-13 4.939465e-08 hold457
 6.360563e-09 4.303388e-08 7.221607e-14 4.939451e-08 wire11645
 1.288111e-08 3.641320e-08 2.429730e-14 4.929434e-08 wire2473
 5.868393e-09 4.324710e-08 6.893215e-14 4.911556e-08 wire2860
 1.086808e-08 3.822248e-08 1.292721e-13 4.909069e-08 max_cap4129
 7.816110e-09 4.116029e-08 1.361144e-13 4.897653e-08 fanout11837
 8.311090e-09 4.062992e-08 1.528319e-13 4.894116e-08 wire9673
 6.316227e-09 4.259057e-08 7.613037e-14 4.890687e-08 max_cap3894
 6.194803e-09 4.269419e-08 7.579747e-14 4.888906e-08 wire3446
 8.231159e-09 4.055027e-08 7.382694e-14 4.878151e-08 wire3013
 9.302659e-09 3.944951e-08 3.510165e-13 4.875253e-08 fanout5485
 5.835482e-09 4.286716e-08 7.151862e-14 4.870272e-08 max_cap7415
 8.582330e-09 4.001324e-08 1.213947e-13 4.859569e-08 fanout9297
 5.632747e-09 4.289029e-08 6.991863e-14 4.852311e-08 max_cap3328
 6.239666e-09 4.217850e-08 7.172046e-14 4.841824e-08 max_cap2873
 9.518135e-09 3.880638e-08 3.787103e-13 4.832490e-08 wire381
 9.352403e-09 3.895352e-08 3.509676e-13 4.830627e-08 fanout5492
 6.446782e-09 4.183168e-08 6.974635e-14 4.827854e-08 wire5347
 7.604036e-09 4.066888e-08 3.648412e-13 4.827328e-08 fanout9624
 7.476866e-09 4.074505e-08 1.268921e-13 4.822204e-08 fanout12197
 7.487184e-09 4.064466e-08 1.470336e-13 4.813199e-08 fanout11788
 7.761177e-09 4.033031e-08 7.186446e-14 4.809155e-08 wire5166
 6.298208e-09 4.172863e-08 7.139504e-14 4.802691e-08 wire3819
 7.605053e-09 4.026865e-08 7.441077e-14 4.787377e-08 max_cap4062
 5.705170e-09 4.215732e-08 7.130548e-14 4.786256e-08 max_cap3939
 8.165904e-09 3.963661e-08 2.429730e-14 4.780254e-08 hold8281
 6.143271e-09 4.155589e-08 7.186152e-14 4.769923e-08 max_cap9020
 7.029620e-09 4.054968e-08 7.593997e-14 4.757938e-08 max_cap4996
 6.343289e-09 4.112153e-08 7.007924e-14 4.746489e-08 max_cap6451
 7.100264e-09 4.033387e-08 7.399261e-14 4.743421e-08 max_cap3373
 6.619353e-09 4.078808e-08 7.142416e-14 4.740751e-08 max_cap4701
 7.602040e-09 3.978619e-08 3.648412e-13 4.738860e-08 fanout9626
 7.426497e-09 3.994147e-08 1.268772e-13 4.736810e-08 fanout12238
 8.511618e-09 3.885610e-08 1.214099e-13 4.736783e-08 fanout9309
 6.182796e-09 4.113682e-08 7.198880e-14 4.731969e-08 wire4708
 5.689064e-09 4.161759e-08 7.695229e-14 4.730673e-08 max_cap9677
 4.061224e-09 4.315641e-08 6.853136e-14 4.721770e-08 max_cap7915
 5.367601e-09 4.178480e-08 7.546055e-14 4.715248e-08 wire4554
 7.458842e-09 3.967444e-08 1.268614e-13 4.713340e-08 fanout12222
 7.472584e-09 3.963739e-08 1.268921e-13 4.711011e-08 fanout12194
 5.450342e-09 4.162521e-08 6.846252e-14 4.707562e-08 wire2460
 7.595447e-09 3.919155e-08 7.194955e-14 4.678706e-08 max_cap4823
 4.673493e-09 4.195443e-08 7.542902e-14 4.662799e-08 wire4260
 6.491374e-09 4.010853e-08 6.985535e-14 4.659997e-08 max_cap4891
 5.294845e-09 4.121901e-08 6.853556e-14 4.651393e-08 max_cap2975
 5.530079e-09 4.090533e-08 7.625752e-14 4.643548e-08 wire2836
 5.014351e-09 4.137818e-08 7.552546e-14 4.639260e-08 max_cap3279
 1.264327e-08 3.370009e-08 2.429730e-14 4.634339e-08 wire2870
 2.041743e-09 4.424650e-08 6.826360e-14 4.628831e-08 wire2361
 8.721454e-09 3.749224e-08 6.946933e-14 4.621376e-08 max_cap3563
 6.260961e-09 3.990630e-08 7.283979e-14 4.616734e-08 max_cap7679
 6.393362e-09 3.970321e-08 7.556607e-14 4.609665e-08 wire3871
 6.223763e-09 3.986702e-08 7.691581e-14 4.609086e-08 max_cap7573
 7.357724e-09 3.867493e-08 6.956266e-14 4.603272e-08 wire3525
 7.478127e-09 3.850974e-08 1.268780e-13 4.598800e-08 fanout12249
 9.364044e-09 3.655725e-08 3.786853e-13 4.592167e-08 wire780
 5.862979e-09 4.002861e-08 7.554847e-14 4.589166e-08 wire9280
 7.409410e-09 3.847515e-08 1.269331e-13 4.588469e-08 fanout12263
 7.116884e-09 3.873480e-08 6.907635e-14 4.585175e-08 max_cap5907
 6.916590e-09 3.891455e-08 7.611345e-14 4.583121e-08 wire3869
 9.366874e-09 3.643880e-08 7.387789e-14 4.580575e-08 max_cap5229
 5.845182e-09 3.991078e-08 7.773720e-14 4.575604e-08 wire2008
 5.919633e-09 3.969879e-08 7.151692e-14 4.561849e-08 max_cap3195
 5.404813e-09 4.020791e-08 7.134498e-14 4.561279e-08 max_cap3945
 6.031117e-09 3.950757e-08 7.599388e-14 4.553876e-08 max_cap3885
 5.095031e-09 4.041961e-08 7.170450e-14 4.551472e-08 max_cap6448
 5.149162e-09 4.024848e-08 7.255645e-14 4.539771e-08 wire5905
 6.050260e-09 3.927243e-08 7.167479e-14 4.532276e-08 wire4679
 5.843017e-09 3.938694e-08 7.660094e-14 4.523004e-08 wire4060
 6.499830e-09 3.864297e-08 6.975018e-14 4.514287e-08 max_cap5348
 4.426370e-09 4.067899e-08 7.544207e-14 4.510543e-08 max_cap3193
 6.173523e-09 3.892674e-08 7.195241e-14 4.510033e-08 max_cap2963
 7.471654e-09 3.757734e-08 1.268703e-13 4.504913e-08 fanout12193
 6.168844e-09 3.886847e-08 7.691238e-14 4.503739e-08 wire7572
 7.452521e-09 3.757723e-08 1.268614e-13 4.502987e-08 fanout12216
 7.463198e-09 3.756649e-08 1.268386e-13 4.502981e-08 fanout12241
 5.944172e-09 3.907945e-08 7.592778e-14 4.502370e-08 wire9137
 7.451545e-09 3.754056e-08 1.470975e-13 4.499225e-08 fanout11817
 7.726979e-09 3.720111e-08 1.241446e-13 4.492821e-08 fanout11550
 1.044073e-08 3.439662e-08 1.182283e-13 4.483747e-08 max_cap5423
 7.656550e-09 3.716503e-08 3.647868e-13 4.482195e-08 fanout9620
 7.702710e-09 3.708913e-08 1.496148e-13 4.479199e-08 fanout11529
 5.144585e-09 3.958288e-08 6.907411e-14 4.472754e-08 wire4009
 6.760912e-09 3.785265e-08 7.121666e-14 4.461363e-08 wire6860
 3.821090e-09 4.076024e-08 6.901139e-14 4.458140e-08 wire2359
 5.881062e-09 3.867425e-08 1.571196e-13 4.455547e-08 wire6404
 7.470352e-09 3.703989e-08 1.268419e-13 4.451037e-08 fanout12236
 7.669574e-09 3.676482e-08 3.647857e-13 4.443476e-08 fanout9625
 5.002165e-09 3.938047e-08 7.575409e-14 4.438271e-08 wire3925
 1.124448e-08 3.310978e-08 2.429730e-14 4.435428e-08 wire1955
 8.055650e-09 3.628612e-08 7.618918e-14 4.434185e-08 max_cap5088
 6.140394e-09 3.819210e-08 7.131931e-14 4.433256e-08 wire4209
 1.954449e-08 2.476963e-08 6.935941e-14 4.431419e-08 wire1785
 5.356685e-09 3.892891e-08 7.449357e-14 4.428567e-08 hold6255
 9.371860e-09 3.488897e-08 3.787005e-13 4.426121e-08 wire118
 4.523454e-09 3.971778e-08 2.412151e-13 4.424147e-08 fanout9155
 4.496666e-09 3.944191e-08 7.532840e-14 4.393865e-08 max_cap3465
 6.455609e-09 3.712688e-08 6.853318e-14 4.358256e-08 max_cap4529
 5.124690e-09 3.844657e-08 7.133819e-14 4.357133e-08 wire3423
 6.031924e-09 3.750083e-08 1.589381e-13 4.353291e-08 max_cap8944
 7.456809e-09 3.599488e-08 1.268386e-13 4.345182e-08 fanout12242
 4.921799e-09 3.852920e-08 1.620364e-13 4.345117e-08 max_cap125
 7.465720e-09 3.597667e-08 1.268666e-13 4.344252e-08 fanout12198
 5.334273e-09 3.798437e-08 7.125782e-14 4.331872e-08 max_cap6985
 9.213961e-09 3.409125e-08 3.510763e-13 4.330557e-08 fanout5476
 7.467789e-09 3.581209e-08 1.268343e-13 4.328000e-08 fanout12221
 7.592869e-09 3.568318e-08 3.648412e-13 4.327642e-08 fanout9619
 4.827108e-09 3.840878e-08 7.038087e-14 4.323596e-08 hold2220
 4.795835e-09 3.843083e-08 7.579325e-14 4.322674e-08 max_cap7714
 7.245252e-09 3.598031e-08 7.155241e-14 4.322563e-08 max_cap6142
 4.811506e-09 3.839403e-08 7.108490e-14 4.320561e-08 wire4080
 5.098617e-09 3.805268e-08 6.893611e-14 4.315136e-08 wire5446
 5.121251e-09 3.793655e-08 7.633202e-14 4.305788e-08 wire3114
 4.652187e-09 3.839438e-08 7.517894e-14 4.304664e-08 wire3444
 6.347670e-09 3.665511e-08 7.613266e-14 4.300285e-08 max_cap3893
 6.990996e-09 3.599180e-08 7.116955e-14 4.298286e-08 max_cap4536
 7.456409e-09 3.549662e-08 1.268921e-13 4.295315e-08 fanout12209
 7.475772e-09 3.539022e-08 1.268539e-13 4.286612e-08 fanout12260
 4.747634e-09 3.810059e-08 7.556424e-14 4.284830e-08 wire4428
 7.684973e-09 3.514359e-08 1.361217e-13 4.282870e-08 fanout11831
 8.334773e-09 3.448648e-08 7.138985e-14 4.282132e-08 max_cap4802
 6.031766e-09 3.677463e-08 7.593201e-14 4.280647e-08 wire4885
 4.909886e-09 3.780918e-08 7.529625e-14 4.271914e-08 wire6053
 5.166538e-09 3.755111e-08 7.134170e-14 4.271772e-08 max_cap3424
 7.453802e-09 3.526272e-08 1.268386e-13 4.271665e-08 fanout12245
 7.467996e-09 3.519807e-08 1.470762e-13 4.266621e-08 fanout11803
 6.032023e-09 3.659878e-08 7.593201e-14 4.263088e-08 wire4886
 6.364808e-09 3.622323e-08 7.163355e-14 4.258811e-08 wire4807
 5.335073e-09 3.719332e-08 7.544436e-14 4.252847e-08 max_cap6726
 7.804833e-09 3.470607e-08 1.361513e-13 4.251104e-08 fanout11845
 7.571888e-09 3.491285e-08 7.414124e-14 4.248481e-08 max_cap3954
 9.315737e-09 3.311187e-08 7.433591e-14 4.242769e-08 max_cap2601
 7.470794e-09 3.487429e-08 1.268717e-13 4.234521e-08 fanout12208
 1.033940e-08 3.194291e-08 2.429730e-14 4.228233e-08 wire1854
 1.004231e-08 3.223933e-08 2.429730e-14 4.228167e-08 wire2575
 6.328906e-09 3.591838e-08 7.157349e-14 4.224736e-08 max_cap3441
 8.941453e-09 3.327719e-08 7.369104e-14 4.221872e-08 max_cap3154
 4.878880e-09 3.727085e-08 6.961157e-14 4.214980e-08 wire4255
 1.180525e-08 3.033932e-08 2.429730e-14 4.214459e-08 wire1848
 7.471153e-09 3.466041e-08 1.268440e-13 4.213170e-08 fanout12234
 5.665577e-09 3.646106e-08 7.694200e-14 4.212671e-08 max_cap9675
 7.873685e-09 3.424659e-08 7.632714e-14 4.212034e-08 wire2166
 9.525205e-09 3.258382e-08 7.364110e-14 4.210910e-08 wire3494
 5.505859e-09 3.658848e-08 7.212651e-14 4.209441e-08 wire6934
 4.747700e-09 3.734482e-08 7.556368e-14 4.209260e-08 wire4426
 1.698253e-09 4.031188e-08 6.817261e-14 4.201020e-08 wire4401
 5.787836e-09 3.621917e-08 7.167820e-14 4.200708e-08 max_cap2917
 7.684825e-09 3.419202e-08 3.647880e-13 4.187721e-08 fanout9617
 7.440068e-09 3.439271e-08 1.470975e-13 4.183293e-08 fanout11811
 4.761066e-09 3.706229e-08 7.543870e-14 4.182343e-08 wire5454
 4.133378e-09 3.766120e-08 6.902400e-14 4.179465e-08 wire2863
 6.382181e-09 3.529644e-08 7.157706e-14 4.167870e-08 max_cap3442
 4.449429e-09 3.712233e-08 7.549331e-14 4.157183e-08 wire11545
 7.477342e-09 3.408562e-08 1.470277e-13 4.156311e-08 fanout11776
 5.862099e-09 3.569839e-08 6.988275e-14 4.156056e-08 wire7443
 7.466546e-09 3.400209e-08 1.268535e-13 4.146877e-08 fanout12191
 7.469380e-09 3.393081e-08 1.268717e-13 4.140032e-08 fanout12205
 5.507758e-09 3.582116e-08 7.212655e-14 4.132898e-08 max_cap6932
 7.797862e-09 3.339913e-08 7.656807e-14 4.119707e-08 wire2837
 5.006076e-09 3.615395e-08 6.889383e-14 4.116009e-08 wire5231
 1.762808e-09 3.939510e-08 6.834426e-14 4.115797e-08 wire2869
 5.067981e-09 3.603336e-08 7.128055e-14 4.110141e-08 max_cap6279
 1.064674e-08 3.037989e-08 2.429730e-14 4.102666e-08 wire2338
 7.460937e-09 3.355877e-08 1.268700e-13 4.101983e-08 fanout12195
 7.459759e-09 3.354089e-08 1.268754e-13 4.100078e-08 fanout12256
 9.254088e-09 3.173722e-08 3.509603e-13 4.099166e-08 fanout5477
 5.914923e-09 3.507383e-08 7.255965e-14 4.098882e-08 wire5906
 6.262027e-09 3.469994e-08 7.566181e-14 4.096205e-08 wire2625
 4.938463e-09 3.586951e-08 1.587017e-13 4.080814e-08 fanout2316
 1.182702e-08 2.897736e-08 2.429730e-14 4.080440e-08 wire1805
 6.541710e-09 3.425842e-08 7.237070e-14 4.080020e-08 max_cap11669
 4.886419e-09 3.586369e-08 7.725424e-14 4.075019e-08 max_cap7103
 4.788209e-09 3.593733e-08 1.621146e-13 4.072570e-08 wire368
 6.600359e-09 3.411494e-08 6.824751e-14 4.071537e-08 wire4234
 1.032545e-08 3.038464e-08 6.983259e-14 4.071016e-08 wire2888
 6.143356e-09 3.452072e-08 7.565884e-14 4.066415e-08 max_cap2624
 1.022619e-08 3.043064e-08 2.429730e-14 4.065686e-08 wire2606
 7.470977e-09 3.317536e-08 1.268451e-13 4.064646e-08 fanout12239
 5.927846e-09 3.471520e-08 7.631602e-14 4.064312e-08 max_cap4344
 4.833704e-09 3.578263e-08 7.572167e-14 4.061641e-08 max_cap3842
 7.402318e-09 3.311829e-08 1.269331e-13 4.052074e-08 fanout12255
 1.033134e-08 3.009989e-08 6.983272e-14 4.043130e-08 wire2880
 5.295008e-09 3.511525e-08 6.948551e-14 4.041033e-08 wire4282
 5.343605e-09 3.505170e-08 7.170687e-14 4.039538e-08 wire4449
 5.603271e-09 3.466886e-08 7.441996e-14 4.027221e-08 hold1764
 5.953570e-09 3.428407e-08 7.158462e-14 4.023771e-08 max_cap5031
 4.038915e-09 3.593250e-08 7.763883e-14 3.997150e-08 wire7309
 7.463665e-09 3.248363e-08 1.268535e-13 3.994742e-08 fanout12190
 6.266202e-09 3.363698e-08 7.168694e-14 3.990325e-08 max_cap2919
 5.447421e-09 3.439526e-08 6.939904e-14 3.984276e-08 max_cap3498
 6.373212e-09 3.335245e-08 6.958763e-14 3.972573e-08 max_cap6865
 7.454276e-09 3.224291e-08 1.471244e-13 3.969733e-08 fanout11806
 4.591813e-09 3.510032e-08 6.853205e-14 3.969220e-08 wire2977
 6.761627e-09 3.288773e-08 7.267756e-14 3.964943e-08 max_cap7431
 4.995887e-09 3.464633e-08 7.136535e-14 3.964229e-08 max_cap4445
 5.336258e-09 3.423042e-08 7.712139e-14 3.956676e-08 max_cap3474
 4.768963e-09 3.474210e-08 7.571788e-14 3.951114e-08 wire3841
 4.932089e-09 3.454572e-08 1.587706e-13 3.947797e-08 fanout11443
 1.137668e-08 2.805379e-08 2.429730e-14 3.943049e-08 wire2027
 7.463282e-09 3.196011e-08 1.470744e-13 3.942353e-08 fanout11812
 7.406322e-09 3.201582e-08 7.560513e-14 3.942221e-08 max_cap9450
 4.679798e-09 3.467634e-08 7.494080e-14 3.935621e-08 hold6287
 4.735123e-09 3.458842e-08 6.914726e-14 3.932361e-08 wire2725
 6.876330e-09 3.237498e-08 2.519623e-13 3.925156e-08 fanout9643
 5.645025e-09 3.359408e-08 7.694776e-14 3.923918e-08 max_cap9676
 6.105282e-09 3.313039e-08 2.429730e-14 3.923570e-08 wire4140
 5.138569e-09 3.409358e-08 7.254623e-14 3.923222e-08 max_cap5903
 6.356690e-09 3.282988e-08 7.613266e-14 3.918664e-08 max_cap3895
 6.035656e-09 3.311532e-08 7.419559e-14 3.915105e-08 hold4676
 4.879074e-09 3.419813e-08 6.960573e-14 3.907727e-08 wire4253
 2.458726e-09 3.656303e-08 6.106275e-14 3.902182e-08 _15524_
 1.012720e-08 2.887022e-08 3.692046e-13 3.899780e-08 wire9377
 8.375072e-09 3.059617e-08 7.009632e-14 3.897132e-08 wire1963
 5.578964e-09 3.339217e-08 7.135029e-14 3.897120e-08 max_cap3937
 5.535024e-09 3.343242e-08 7.532809e-14 3.896752e-08 max_cap3062
 4.946706e-09 3.389511e-08 1.620489e-13 3.884198e-08 wire394
 8.336278e-09 3.050074e-08 1.114143e-13 3.883713e-08 fanout2690
 6.396979e-09 3.242483e-08 7.441260e-14 3.882188e-08 max_cap7170
 5.899211e-09 3.284059e-08 7.595144e-14 3.873988e-08 wire6153
 5.081049e-09 3.363752e-08 7.531778e-14 3.871864e-08 wire3060
 4.957950e-09 3.370143e-08 1.620350e-13 3.865954e-08 wire123
 7.465169e-09 3.112374e-08 1.268717e-13 3.858904e-08 fanout12204
 4.625162e-09 3.395323e-08 3.757821e-13 3.857877e-08 fanout11502
 7.467268e-09 3.104763e-08 1.470753e-13 3.851504e-08 fanout11810
 4.852283e-09 3.359958e-08 7.108779e-14 3.845194e-08 max_cap4082
 4.900396e-09 3.352906e-08 7.549904e-14 3.842953e-08 wire4674
 5.295842e-09 3.306231e-08 7.186005e-14 3.835822e-08 max_cap3213
 6.263753e-09 3.208391e-08 7.566080e-14 3.834774e-08 max_cap6050
 5.828596e-09 3.247873e-08 7.635408e-14 3.830740e-08 max_cap2594
 4.503964e-09 3.375373e-08 7.663249e-14 3.825777e-08 max_cap4086
 5.926561e-09 3.230579e-08 7.158045e-14 3.823242e-08 max_cap5029
 1.617785e-09 3.641540e-08 2.429730e-14 3.803321e-08 max_cap12296
 6.640247e-09 3.131191e-08 7.142416e-14 3.795223e-08 max_cap4703
 7.465534e-09 3.044701e-08 1.268570e-13 3.791267e-08 fanout12207
 5.819015e-09 3.209082e-08 7.435677e-14 3.790991e-08 wire9110
 6.589022e-09 3.130276e-08 7.212283e-14 3.789186e-08 wire2574
 4.866041e-09 3.302500e-08 7.644886e-14 3.789112e-08 max_cap4510
 8.739956e-09 2.907620e-08 2.429730e-14 3.781618e-08 wire1836
 4.809875e-09 3.300308e-08 7.107496e-14 3.781302e-08 max_cap4078
 5.791246e-09 3.199662e-08 7.165466e-14 3.778794e-08 max_cap3357
 4.781736e-09 3.297501e-08 6.872910e-14 3.775681e-08 max_cap7114
 4.801746e-09 3.294307e-08 7.482112e-14 3.774489e-08 hold4987
 5.599311e-09 3.213700e-08 7.504559e-14 3.773638e-08 hold4956
 8.367969e-09 2.930779e-08 3.732012e-13 3.767613e-08 max_cap9219
 8.092932e-09 2.958215e-08 6.990360e-14 3.767515e-08 wire2357
 4.868538e-09 3.277473e-08 7.564739e-14 3.764334e-08 max_cap2845
 5.658217e-09 3.196625e-08 7.645220e-14 3.762455e-08 wire3487
 4.423425e-09 3.318865e-08 7.614184e-14 3.761215e-08 max_cap2898
 4.476742e-09 3.309565e-08 1.628007e-13 3.757256e-08 max_cap9049
 5.630376e-09 3.191339e-08 7.552043e-14 3.754384e-08 max_cap4411
 7.459258e-09 3.006515e-08 1.268341e-13 3.752454e-08 fanout12225
 5.330755e-09 3.216166e-08 7.526555e-14 3.749249e-08 max_cap6931
 4.452469e-09 3.302710e-08 7.521092e-14 3.747964e-08 wire4666
 7.458903e-09 2.996434e-08 1.268350e-13 3.742338e-08 fanout12215
 6.379178e-09 3.104169e-08 7.632035e-14 3.742094e-08 max_cap4346
 4.605537e-09 3.277262e-08 7.513432e-14 3.737823e-08 wire7119
 6.947044e-09 3.041297e-08 2.519717e-13 3.736027e-08 fanout9637
 6.941744e-09 3.037728e-08 2.519317e-13 3.731928e-08 fanout9630
 4.722828e-09 3.258027e-08 7.521598e-14 3.730317e-08 max_cap4502
 5.662300e-09 3.163329e-08 7.211347e-14 3.729566e-08 max_cap3069
 7.463793e-09 2.980704e-08 1.268195e-13 3.727096e-08 fanout12244
 4.627567e-09 3.264036e-08 6.879051e-14 3.726799e-08 wire4580
 6.731619e-09 3.049579e-08 7.121166e-14 3.722748e-08 max_cap6859
 4.969992e-09 3.220726e-08 6.873493e-14 3.717732e-08 max_cap3401
 4.758630e-09 3.236786e-08 6.921532e-14 3.712656e-08 wire6388
 5.206736e-09 3.191823e-08 6.987808e-14 3.712504e-08 wire7446
 8.929380e-09 2.817651e-08 7.426508e-14 3.710597e-08 wire4392
 1.006763e-08 2.703592e-08 7.417062e-14 3.710362e-08 wire4139
 9.444596e-09 2.763748e-08 2.429730e-14 3.708210e-08 wire1704
 7.457020e-09 2.961755e-08 1.268541e-13 3.707470e-08 fanout12202
 1.921036e-08 1.785594e-08 6.936348e-14 3.706637e-08 wire1786
 4.952706e-09 3.208917e-08 7.552633e-14 3.704195e-08 max_cap4320
 4.576960e-09 3.243811e-08 6.908353e-14 3.701514e-08 max_cap4021
 5.250760e-09 3.174225e-08 6.941006e-14 3.699308e-08 max_cap4639
 4.671801e-09 3.231670e-08 7.517894e-14 3.698858e-08 wire3443
 5.771735e-09 3.121643e-08 7.139484e-14 3.698823e-08 max_cap3273
 8.262941e-09 2.871421e-08 7.330393e-14 3.697722e-08 wire2910
 7.457941e-09 2.944664e-08 1.470742e-13 3.690473e-08 fanout11816
 4.945211e-09 3.192804e-08 1.618490e-13 3.687342e-08 fanout9912
 6.929036e-09 2.990530e-08 7.187329e-14 3.683440e-08 max_cap4408
 3.779983e-09 3.303816e-08 6.803126e-14 3.681821e-08 wire3233
 7.616002e-09 2.913617e-08 1.107624e-13 3.675228e-08 fanout2245
 8.116206e-09 2.847667e-08 7.390598e-14 3.659295e-08 wire5260
 1.022091e-08 2.627633e-08 2.429730e-14 3.649726e-08 wire2096
 4.610569e-09 3.188457e-08 7.550252e-14 3.649522e-08 max_cap3045
 5.147660e-09 3.128567e-08 7.633592e-14 3.643340e-08 max_cap3116
 6.560467e-09 2.987263e-08 7.187146e-14 3.643317e-08 max_cap4469
 5.216538e-09 3.118097e-08 7.773631e-14 3.639759e-08 max_cap7227
 4.770526e-09 3.160541e-08 7.135582e-14 3.637600e-08 wire3840
 8.941314e-09 2.742909e-08 7.369081e-14 3.637048e-08 wire3152
 7.467352e-09 2.888044e-08 1.268969e-13 3.634792e-08 fanout12252
 4.774201e-09 3.156794e-08 6.902590e-14 3.634220e-08 wire4741
 5.087841e-09 3.123890e-08 6.865341e-14 3.632681e-08 max_cap6731
 5.307510e-09 3.097960e-08 7.645175e-14 3.628719e-08 max_cap6277
 4.812743e-09 3.144421e-08 7.108490e-14 3.625702e-08 max_cap4081
 6.008634e-09 3.022432e-08 7.120060e-14 3.623303e-08 max_cap3970
 5.033236e-09 3.117022e-08 7.623069e-14 3.620353e-08 max_cap4907
 5.355495e-09 3.084609e-08 7.528033e-14 3.620166e-08 max_cap4207
 4.434440e-09 3.168917e-08 7.613445e-14 3.612368e-08 max_cap4166
 7.467060e-09 2.862086e-08 1.268969e-13 3.608805e-08 fanout12254
 9.045013e-09 2.700212e-08 7.419375e-14 3.604721e-08 wire2968
 5.878053e-09 3.013469e-08 6.890099e-14 3.601281e-08 max_cap5233
 9.779537e-09 2.615119e-08 2.429730e-14 3.593076e-08 wire2509
 8.646984e-09 2.718490e-08 7.330519e-14 3.583196e-08 wire2903
 4.964568e-09 3.084559e-08 1.586897e-13 3.581032e-08 fanout2315
 9.580570e-09 2.617458e-08 7.363564e-14 3.575523e-08 wire3493
 5.204698e-09 3.049319e-08 6.987111e-14 3.569796e-08 wire7444
 6.620643e-09 2.905807e-08 7.166763e-14 3.567878e-08 max_cap9211
 7.668874e-09 2.799968e-08 7.479835e-14 3.566862e-08 wire3138
 8.380056e-09 2.727848e-08 6.907504e-14 3.565860e-08 wire3026
 8.109592e-09 2.752923e-08 7.389065e-14 3.563890e-08 wire5252
 5.197922e-09 3.042870e-08 7.129712e-14 3.562669e-08 wire6091
 6.185553e-09 2.944090e-08 7.180671e-14 3.562653e-08 max_cap4766
 8.437826e-09 2.715222e-08 7.390531e-14 3.559012e-08 wire5376
 7.454549e-09 2.812027e-08 1.268341e-13 3.557495e-08 fanout12227
 7.063683e-09 2.846457e-08 7.489072e-14 3.552832e-08 max_cap3388
 5.055449e-09 3.040393e-08 7.131242e-14 3.545945e-08 wire4373
 3.542538e-08 0.000000e+00 2.987432e-13 3.542568e-08 clkload145
 3.542114e-08 0.000000e+00 2.987548e-13 3.542144e-08 clkload138
 5.238512e-09 3.015543e-08 7.171082e-14 3.539401e-08 wire4704
 5.711922e-09 2.964754e-08 6.990677e-14 3.535953e-08 max_cap3330
 1.254224e-08 2.280276e-08 2.429730e-14 3.534502e-08 wire2857
 5.129347e-09 3.019647e-08 6.954969e-14 3.532589e-08 max_cap7896
 6.859316e-09 2.839978e-08 2.519597e-13 3.525935e-08 fanout9631
 4.053562e-09 3.118927e-08 1.606669e-13 3.524299e-08 max_cap7200
 4.291455e-09 3.094810e-08 6.861673e-14 3.523962e-08 max_cap9805
 9.100796e-09 2.608557e-08 7.438502e-14 3.518644e-08 wire3182
 3.518188e-08 0.000000e+00 2.987564e-13 3.518218e-08 clkload146
 4.868743e-09 3.025396e-08 7.527076e-14 3.512277e-08 max_cap4635
 4.130742e-09 3.096931e-08 6.853444e-14 3.510011e-08 wire7918
 9.050321e-09 2.599862e-08 7.419698e-14 3.504901e-08 wire2969
 3.501741e-08 0.000000e+00 2.987919e-13 3.501771e-08 clkload143
 5.300769e-09 2.968381e-08 7.537741e-14 3.498466e-08 max_cap5250
 5.062734e-09 2.988977e-08 6.893146e-14 3.495257e-08 wire5445
 4.704101e-09 3.021556e-08 7.102866e-14 3.491973e-08 wire7222
 9.490978e-09 2.532614e-08 6.981635e-14 3.481719e-08 wire2885
 4.827441e-09 2.994000e-08 1.522059e-13 3.476760e-08 fanout5487
 5.743893e-09 2.893487e-08 7.686728e-14 3.467884e-08 max_cap9757
 1.223016e-08 2.241834e-08 2.429730e-14 3.464853e-08 wire1784
 8.026918e-09 2.662091e-08 7.389584e-14 3.464790e-08 wire5253
 9.371985e-09 2.526664e-08 6.941838e-14 3.463870e-08 wire6037
 4.891861e-09 2.973456e-08 6.991186e-14 3.462649e-08 max_cap9726
 9.589999e-09 2.497100e-08 6.980672e-14 3.456107e-08 wire2883
 6.351469e-09 2.813665e-08 2.429730e-14 3.448814e-08 max_cap2886
 8.990982e-09 2.547568e-08 6.948306e-14 3.446673e-08 wire6592
 4.914454e-09 2.953541e-08 7.560418e-14 3.444994e-08 max_cap3822
 9.090019e-09 2.534592e-08 6.957724e-14 3.443601e-08 wire3529
 7.386364e-09 2.697402e-08 6.963103e-14 3.436045e-08 wire2734
 6.802379e-09 2.755729e-08 7.121940e-14 3.435974e-08 max_cap6861
 6.816868e-09 2.745246e-08 2.520207e-13 3.426958e-08 fanout9639
 8.401241e-09 2.584627e-08 2.429730e-14 3.424753e-08 wire1360
 4.641399e-09 2.960360e-08 6.953354e-14 3.424507e-08 max_cap7892
 4.449451e-09 2.979484e-08 7.503347e-14 3.424437e-08 wire6813
 7.386800e-09 2.684624e-08 6.915942e-14 3.423311e-08 wire3106
 5.732176e-09 2.849458e-08 7.173327e-14 3.422683e-08 max_cap4685
 1.228210e-08 2.191108e-08 2.429730e-14 3.419321e-08 wire1787
 4.945344e-09 2.923191e-08 1.152754e-13 3.417736e-08 fanout2327
 5.186692e-09 2.897806e-08 7.543564e-14 3.416483e-08 max_cap11071
 5.563125e-09 2.857056e-08 7.182361e-14 3.413376e-08 max_cap5148
 9.428054e-09 2.468375e-08 7.416687e-14 3.411188e-08 max_cap4070
 4.423939e-09 2.968520e-08 7.580338e-14 3.410921e-08 max_cap4983
 5.483536e-09 2.861479e-08 7.117765e-14 3.409840e-08 max_cap4504
 8.992640e-09 2.506548e-08 7.426196e-14 3.405819e-08 wire4383
 3.400005e-08 0.000000e+00 2.159120e-14 3.400007e-08 clkload4
 5.072671e-09 2.892718e-08 7.548840e-14 3.399993e-08 wire4053
 8.638890e-09 2.535273e-08 6.914202e-14 3.399169e-08 max_cap6241
 4.953713e-09 2.900867e-08 1.620657e-13 3.396254e-08 max_cap825
 4.735380e-09 2.919426e-08 7.637985e-14 3.392971e-08 wire4883
 9.886721e-09 2.403171e-08 7.415768e-14 3.391851e-08 wire4137
 4.986263e-09 2.886894e-08 6.873923e-14 3.385527e-08 wire3402
 5.911382e-09 2.793743e-08 6.890389e-14 3.384888e-08 max_cap5234
 8.880768e-09 2.483793e-08 7.420402e-14 3.371877e-08 wire2970
 4.491952e-09 2.921378e-08 1.628007e-13 3.370589e-08 wire9048
 8.986719e-09 2.471542e-08 6.948592e-14 3.370221e-08 wire6581
 3.368146e-08 0.000000e+00 2.160333e-14 3.368148e-08 clkload11
 5.543734e-09 2.807201e-08 7.212905e-14 3.361582e-08 max_cap6935
 7.686501e-09 2.592567e-08 2.429730e-14 3.361219e-08 wire2445
 7.626535e-09 2.598404e-08 7.480409e-14 3.361065e-08 wire3139
 4.456812e-09 2.909425e-08 7.614427e-14 3.355114e-08 wire2899
 5.192159e-09 2.834095e-08 7.471830e-14 3.353318e-08 wire11304
 1.236314e-08 2.106887e-08 2.429730e-14 3.343204e-08 wire1789
 8.844593e-09 2.456872e-08 7.414050e-14 3.341339e-08 wire4065
 7.570617e-09 2.583162e-08 6.923154e-14 3.340231e-08 wire6828
 5.091448e-09 2.829699e-08 7.122692e-14 3.338851e-08 max_cap12291
 1.227508e-08 2.107368e-08 2.429730e-14 3.334878e-08 wire1782
 4.527153e-09 2.876867e-08 7.541885e-14 3.329589e-08 max_cap4315
 9.116479e-09 2.404401e-08 7.437132e-14 3.316056e-08 wire3173
 5.518318e-09 2.763778e-08 7.587844e-14 3.315617e-08 max_cap3381
 8.904715e-09 2.424970e-08 7.426658e-14 3.315449e-08 wire4384
 6.963273e-09 2.618799e-08 7.485974e-14 3.315133e-08 max_cap5397
 1.222210e-08 2.092822e-08 2.429730e-14 3.315034e-08 wire1790
 9.663020e-09 2.345542e-08 3.778084e-13 3.311881e-08 wire803
 9.880015e-09 2.317851e-08 2.429730e-14 3.305855e-08 wire1700
 3.305314e-08 0.000000e+00 2.156708e-14 3.305317e-08 clkload3
 6.116241e-09 2.693213e-08 7.729202e-14 3.304845e-08 wire5353
 5.188972e-09 2.784492e-08 7.481276e-14 3.303397e-08 wire11224
 4.763944e-09 2.826597e-08 6.953902e-14 3.302999e-08 wire7893
 6.447221e-09 2.655460e-08 6.921445e-14 3.300189e-08 max_cap3898
 8.969274e-09 2.401218e-08 7.448272e-14 3.298153e-08 wire5400
 4.961709e-09 2.800510e-08 1.119144e-13 3.296692e-08 fanout9953
 7.493012e-09 2.544306e-08 7.021205e-14 3.293614e-08 wire3346
 2.503263e-09 3.043276e-08 1.110101e-13 3.293613e-08 max_cap6554
 6.947419e-09 2.597278e-08 7.152809e-14 3.292027e-08 max_cap4508
 9.587629e-09 2.331967e-08 3.778657e-13 3.290768e-08 wire120
 5.455546e-09 2.744486e-08 2.429730e-14 3.290043e-08 wire2971
 4.885140e-09 2.792143e-08 7.549674e-14 3.280665e-08 wire4673
 4.944729e-09 2.779975e-08 1.618223e-13 3.274464e-08 fanout9873
 7.725726e-09 2.500706e-08 2.429730e-14 3.273282e-08 wire2492
 5.145464e-09 2.758693e-08 7.525729e-14 3.273247e-08 max_cap11057
 1.235956e-08 2.030013e-08 2.429730e-14 3.265972e-08 wire1788
 5.921922e-09 2.672997e-08 1.570923e-13 3.265205e-08 fanout11618
 6.029777e-09 2.661870e-08 7.570642e-14 3.264855e-08 max_cap9418
 2.179148e-09 3.046776e-08 4.964743e-14 3.264695e-08 _17188_
 3.929859e-09 2.869718e-08 6.907998e-14 3.262711e-08 wire2847
 4.639561e-09 2.797024e-08 7.550528e-14 3.260988e-08 wire3046
 8.371634e-09 2.416644e-08 7.429874e-14 3.253815e-08 wire4116
 8.354466e-09 2.401526e-08 7.330033e-14 3.236980e-08 wire2902
 8.317179e-09 2.404595e-08 7.391479e-14 3.236320e-08 wire5378
 4.539813e-09 2.775797e-08 6.947201e-14 3.229786e-08 max_cap7035
 9.113639e-09 2.318234e-08 7.438243e-14 3.229605e-08 wire3186
 4.709524e-09 2.756404e-08 7.637804e-14 3.227364e-08 max_cap4882
 9.444739e-09 2.282442e-08 6.943689e-14 3.226923e-08 max_cap971
 6.902037e-09 2.536335e-08 7.360810e-14 3.226546e-08 wire7126
 1.894431e-08 1.329918e-08 6.935313e-14 3.224357e-08 wire1783
 8.297421e-09 2.391708e-08 7.394081e-14 3.221457e-08 wire4644
 4.957397e-09 2.720123e-08 1.618010e-13 3.215879e-08 fanout9863
 5.440473e-09 2.669404e-08 7.083310e-14 3.213459e-08 hold6259
 5.530899e-09 2.658416e-08 7.182903e-14 3.211513e-08 max_cap5149
 4.460625e-09 2.762993e-08 7.614427e-14 3.209063e-08 max_cap2900
 5.922810e-09 2.609994e-08 2.429730e-14 3.202278e-08 wire6028
 4.537578e-09 2.746039e-08 2.429730e-14 3.199800e-08 wire3107
 6.913662e-09 2.489465e-08 6.849791e-14 3.180838e-08 max_cap4916
 5.645244e-09 2.616058e-08 7.552421e-14 3.180590e-08 wire4574
 8.105637e-09 2.369720e-08 7.358917e-14 3.180292e-08 wire3918
 5.376632e-09 2.640119e-08 7.544711e-14 3.177790e-08 max_cap6728
 4.953433e-09 2.682243e-08 1.618256e-13 3.177603e-08 fanout9899
 5.361813e-09 2.640173e-08 2.429730e-14 3.176357e-08 wire6036
 4.846087e-09 2.689769e-08 7.571393e-14 3.174385e-08 hold6231
 8.882127e-09 2.279685e-08 2.429730e-14 3.167900e-08 wire1882
 9.560325e-09 2.205483e-08 6.942390e-14 3.161523e-08 wire6032
 8.839505e-09 2.276580e-08 7.444739e-14 3.160538e-08 wire5335
 4.469442e-09 2.712865e-08 7.504051e-14 3.159817e-08 max_cap6522
 5.515024e-09 2.603029e-08 7.448121e-14 3.154538e-08 hold6215
 9.101257e-09 2.236485e-08 7.436974e-14 3.146618e-08 wire3177
 8.174964e-09 2.329023e-08 7.323058e-14 3.146527e-08 max_cap6420
 4.542753e-09 2.691976e-08 2.429730e-14 3.146254e-08 wire6835
 4.505329e-09 2.695364e-08 6.873695e-14 3.145904e-08 max_cap4551
 1.546741e-08 1.598302e-08 2.429730e-14 3.145045e-08 wire1965
 7.486792e-09 2.395985e-08 6.922832e-14 3.144671e-08 wire6834
 5.101614e-09 2.634421e-08 7.122955e-14 3.144590e-08 hold1519
 7.657419e-09 2.370370e-08 7.400733e-14 3.136120e-08 wire4721
 4.455297e-09 2.689791e-08 7.503347e-14 3.135328e-08 max_cap6812
 6.344518e-09 2.497748e-08 6.958400e-14 3.132207e-08 max_cap6864
 5.102470e-09 2.620905e-08 6.954775e-14 3.131159e-08 wire11602
 3.127171e-08 0.000000e+00 2.999855e-13 3.127201e-08 clkload35
 4.786403e-09 2.647903e-08 6.921846e-14 3.126550e-08 max_cap6389
 8.380909e-09 2.287245e-08 7.391046e-14 3.125344e-08 wire5386
 7.111324e-09 2.411378e-08 7.397902e-14 3.122518e-08 max_cap3369
 4.262057e-09 2.693518e-08 6.878781e-14 3.119731e-08 wire2111
 1.372178e-08 1.744129e-08 2.429730e-14 3.116310e-08 wire2102
 5.496490e-09 2.564468e-08 7.511141e-14 3.114124e-08 wire11055
 4.726652e-09 2.638711e-08 7.539627e-14 3.111384e-08 max_cap11190
 5.537744e-09 2.555464e-08 7.706340e-14 3.109246e-08 wire2468
 8.648169e-09 2.243217e-08 6.914202e-14 3.108041e-08 wire6236
 8.326916e-09 2.274812e-08 6.907892e-14 3.107511e-08 wire3027
 7.533532e-09 2.354019e-08 6.915754e-14 3.107379e-08 wire3109
 8.300847e-09 2.276829e-08 7.430284e-14 3.106921e-08 wire4117
 3.949847e-09 2.711361e-08 6.833275e-14 3.106352e-08 max_cap1078
 5.583433e-09 2.545628e-08 7.453676e-14 3.103979e-08 hold4667
 1.168546e-08 1.934308e-08 1.544666e-13 3.102870e-08 wire7418
 5.017415e-09 2.599942e-08 1.620611e-13 3.101700e-08 max_cap828
 8.956185e-09 2.204709e-08 7.368604e-14 3.100335e-08 max_cap3153
 3.097898e-08 0.000000e+00 2.999212e-13 3.097928e-08 clkload27
 6.069349e-09 2.490660e-08 7.418838e-14 3.097603e-08 fanout8216
 8.026333e-09 2.294110e-08 6.973994e-14 3.096750e-08 wire5094
 4.184671e-09 2.677323e-08 6.892379e-14 3.095796e-08 max_cap9735
 8.277392e-09 2.264933e-08 6.907188e-14 3.092680e-08 wire3029
 5.916941e-09 2.500724e-08 2.429730e-14 3.092420e-08 wire2882
 5.932280e-09 2.498770e-08 7.595404e-14 3.092006e-08 max_cap6156
 4.955206e-09 2.594795e-08 1.617965e-13 3.090332e-08 fanout9908
 4.671070e-09 2.622973e-08 7.727003e-14 3.090087e-08 max_cap5366
 4.590140e-09 2.628101e-08 2.429730e-14 3.087118e-08 wire4662
 9.191690e-09 2.164712e-08 7.437733e-14 3.083888e-08 max_cap3185
 8.518032e-09 2.232034e-08 6.947396e-14 3.083845e-08 wire6589
 4.819226e-09 2.600266e-08 7.544051e-14 3.082197e-08 max_cap3189
 4.920857e-09 2.587397e-08 7.549904e-14 3.079490e-08 max_cap4675
 4.810372e-09 2.592524e-08 7.112356e-14 3.073568e-08 max_cap7513
 6.225752e-09 2.449587e-08 7.733394e-14 3.072170e-08 max_cap3407
 4.709805e-09 2.598680e-08 7.637804e-14 3.069668e-08 wire4879
 7.022606e-09 2.362945e-08 2.429730e-14 3.065209e-08 wire2470
 5.459596e-09 2.518167e-08 7.154950e-14 3.064133e-08 max_cap7414
 4.508866e-09 2.611994e-08 1.240663e-13 3.062893e-08 fanout11572
 4.493413e-09 2.612398e-08 7.541579e-14 3.061747e-08 wire4314
 4.501775e-09 2.611499e-08 1.240619e-13 3.061689e-08 fanout11565
 5.323094e-09 2.528875e-08 6.853556e-14 3.061191e-08 max_cap2978
 4.934976e-09 2.565320e-08 7.559129e-14 3.058825e-08 max_cap4560
 9.711294e-09 2.081103e-08 3.777903e-13 3.052271e-08 wire802
 4.619022e-09 2.587166e-08 7.543900e-14 3.049076e-08 max_cap4967
 5.123971e-09 2.535920e-08 7.554736e-14 3.048324e-08 max_cap11277
 8.341694e-09 2.205308e-08 7.323646e-14 3.039485e-08 wire4105
 7.391387e-09 2.286792e-08 7.394804e-14 3.025938e-08 wire6425
 4.350596e-09 2.590412e-08 1.601169e-13 3.025488e-08 wire9218
 3.670767e-09 2.656608e-08 7.663066e-14 3.023693e-08 max_cap4084
 3.494614e-09 2.666557e-08 1.627854e-13 3.016035e-08 wire806
 7.221660e-09 2.289253e-08 7.064165e-14 3.011426e-08 max_cap7343
 4.524789e-09 2.558294e-08 7.103145e-14 3.010780e-08 max_cap6383
 7.547944e-09 2.252821e-08 2.429730e-14 3.007618e-08 wire2371
 6.902933e-09 2.315860e-08 6.980465e-14 3.006161e-08 wire7804
 7.466493e-09 2.256694e-08 7.322704e-14 3.003351e-08 wire4102
 4.208239e-09 2.580916e-08 6.865118e-14 3.001747e-08 max_cap3121
 8.689519e-09 2.129552e-08 7.367419e-14 2.998511e-08 wire3147
 4.043426e-09 2.593309e-08 6.876476e-14 2.997659e-08 max_cap7658
 6.795722e-09 2.315698e-08 6.900042e-14 2.995277e-08 wire3337
 4.141686e-09 2.572665e-08 6.853444e-14 2.986840e-08 wire7916
 3.838595e-09 2.599546e-08 6.803470e-14 2.983412e-08 wire3234
 4.952329e-09 2.487622e-08 1.118920e-13 2.982866e-08 fanout9929
 4.934155e-09 2.487828e-08 1.119465e-13 2.981254e-08 fanout9946
 1.385298e-08 1.595942e-08 2.429730e-14 2.981243e-08 wire2099
 8.335425e-09 2.146027e-08 7.329775e-14 2.979576e-08 wire2909
 6.333998e-09 2.345820e-08 7.414106e-14 2.979228e-08 wire6979
 8.138541e-09 2.162241e-08 6.900802e-14 2.976102e-08 wire5047
 4.715607e-09 2.501305e-08 7.637368e-14 2.972873e-08 wire4881
 4.611459e-09 2.510371e-08 2.429730e-14 2.971519e-08 wire3135
 7.239093e-09 2.245503e-08 7.364133e-14 2.969419e-08 wire3903
 9.118063e-09 2.056996e-08 7.437756e-14 2.968810e-08 wire3175
 7.660732e-09 2.202558e-08 7.317377e-14 2.968638e-08 wire4653
 2.825587e-09 2.684863e-08 7.796609e-14 2.967429e-08 wire787
 8.927105e-09 2.073826e-08 7.368057e-14 2.966544e-08 wire3149
 5.944640e-09 2.368211e-08 2.429730e-14 2.962678e-08 wire5337
 4.343520e-09 2.526767e-08 7.566963e-14 2.961127e-08 max_cap4157
 5.608964e-09 2.399845e-08 7.133608e-14 2.960748e-08 max_cap3038
 4.653186e-09 2.495142e-08 6.895692e-14 2.960468e-08 max_cap4351
 6.312324e-09 2.329191e-08 7.664109e-14 2.960431e-08 wire1703
 7.505337e-09 2.204018e-08 7.148440e-14 2.954559e-08 wire6190
 7.263036e-09 2.227717e-08 7.364172e-14 2.954028e-08 wire3454
 4.936848e-09 2.456357e-08 1.618223e-13 2.950058e-08 fanout9855
 7.592336e-09 2.189151e-08 7.400183e-14 2.948392e-08 max_cap4719
 4.949250e-09 2.450873e-08 1.119400e-13 2.945809e-08 fanout9918
 3.112739e-09 2.631296e-08 6.896556e-14 2.942577e-08 wire2532
 6.856984e-09 2.256138e-08 6.950485e-14 2.941844e-08 max_cap3212
 4.945449e-09 2.446974e-08 1.119240e-13 2.941530e-08 fanout9941
 9.520603e-09 1.989320e-08 6.963229e-14 2.941388e-08 wire4339
 9.187196e-09 2.017635e-08 7.437733e-14 2.936363e-08 wire3184
 8.019216e-09 2.132935e-08 6.973030e-14 2.934863e-08 wire5096
 7.576614e-09 2.174282e-08 7.440030e-14 2.931951e-08 wire5185
 7.707945e-09 2.160775e-08 2.429730e-14 2.931572e-08 wire2168
 1.386207e-08 1.543292e-08 2.429730e-14 2.929501e-08 wire2100
 8.948298e-09 2.031365e-08 7.413531e-14 2.926202e-08 wire4064
 7.648015e-09 2.159796e-08 6.939769e-14 2.924604e-08 wire6034
 7.553422e-09 2.168743e-08 7.148068e-14 2.924093e-08 wire6189
 7.561474e-09 2.164004e-08 7.021957e-14 2.920159e-08 wire3349
 4.853851e-09 2.433884e-08 1.521871e-13 2.919284e-08 fanout5490
 4.952620e-09 2.422058e-08 1.618289e-13 2.917336e-08 fanout9891
 8.129243e-09 2.103789e-08 2.429730e-14 2.916715e-08 wire2198
 4.925278e-09 2.421958e-08 7.549904e-14 2.914494e-08 max_cap4676
 5.383269e-09 2.375808e-08 7.454723e-14 2.914142e-08 wire11409
 8.462632e-09 2.066642e-08 6.916628e-14 2.912912e-08 wire3112
 7.554614e-09 2.154340e-08 7.147789e-14 2.909808e-08 wire6188
 5.364005e-09 2.372854e-08 7.518571e-14 2.909262e-08 wire11415
 7.254169e-09 2.183643e-08 6.908802e-14 2.909067e-08 wire2946
 8.119742e-09 2.092906e-08 7.359532e-14 2.904888e-08 wire3920
 7.004952e-09 2.203219e-08 6.949857e-14 2.903722e-08 wire3211
 3.137115e-09 2.589397e-08 6.830457e-14 2.903116e-08 wire2059
 6.549008e-09 2.247944e-08 2.429730e-14 2.902847e-08 wire2866
 4.426608e-09 2.459799e-08 2.429730e-14 2.902462e-08 wire2942
 5.080620e-09 2.389513e-08 7.529722e-14 2.897582e-08 max_cap3400
 5.565526e-09 2.340684e-08 7.462960e-14 2.897244e-08 max_cap11331
 4.949752e-09 2.401439e-08 1.118779e-13 2.896426e-08 fanout9928
 1.281065e-08 1.614351e-08 2.429730e-14 2.895418e-08 wire11862
 7.200756e-09 2.175188e-08 2.429730e-14 2.895266e-08 wire2597
 4.942982e-09 2.398145e-08 1.618256e-13 2.892459e-08 fanout9877
 7.630740e-09 2.129091e-08 7.401055e-14 2.892172e-08 wire4722
 5.660703e-09 2.324164e-08 7.475516e-14 2.890242e-08 max_cap11205
 5.135736e-09 2.372392e-08 7.277826e-14 2.885973e-08 max_cap9326
 4.833433e-09 2.402458e-08 7.526328e-14 2.885809e-08 wire4573
 5.193298e-09 2.366295e-08 7.130219e-14 2.885631e-08 wire11258
 5.480609e-09 2.337171e-08 2.429730e-14 2.885234e-08 wire5399
 4.285392e-09 2.454817e-08 7.498223e-14 2.883363e-08 fanout11815
 4.953588e-09 2.386600e-08 1.617737e-13 2.881975e-08 fanout9859
 4.526826e-09 2.428401e-08 7.314556e-14 2.881091e-08 hold7941
 7.199346e-09 2.158427e-08 6.861243e-14 2.878368e-08 wire4817
 4.953292e-09 2.377122e-08 1.151866e-13 2.872463e-08 fanout11448
 6.627311e-09 2.209491e-08 7.431771e-14 2.872229e-08 wire4274
 9.270301e-09 1.944133e-08 2.429730e-14 2.871166e-08 wire2140
 3.393123e-09 2.526893e-08 6.835507e-14 2.866212e-08 wire2454
 7.274517e-09 2.138601e-08 7.173293e-14 2.866059e-08 max_cap2477
 4.868323e-09 2.379111e-08 6.990953e-14 2.865950e-08 max_cap9725
 5.119659e-09 2.352984e-08 6.865592e-14 2.864957e-08 max_cap6732
 5.414821e-09 2.319438e-08 7.497640e-14 2.860927e-08 wire11154
 6.854980e-09 2.174835e-08 2.429730e-14 2.860336e-08 wire3168
 5.654662e-09 2.294481e-08 7.156229e-14 2.859954e-08 max_cap3439
 4.328800e-09 2.425529e-08 6.889371e-14 2.858416e-08 max_cap5455
 3.799125e-09 2.477658e-08 6.946595e-14 2.857577e-08 wire9166
 5.194139e-09 2.331927e-08 7.486238e-14 2.851348e-08 wire11206
 7.006699e-09 2.148464e-08 2.429730e-14 2.849136e-08 wire3843
 7.667000e-09 2.081400e-08 6.913023e-14 2.848107e-08 wire6240
 4.964107e-09 2.350519e-08 2.429730e-14 2.846932e-08 wire5073
 6.533134e-09 2.192918e-08 7.278249e-14 2.846239e-08 wire2456
 5.423325e-09 2.302492e-08 7.613894e-14 2.844832e-08 max_cap4562
 4.811589e-09 2.359214e-08 7.593541e-14 2.840381e-08 hold4657
 4.004142e-09 2.438435e-08 1.610325e-13 2.838865e-08 wire9429
 4.823935e-09 2.354186e-08 2.429730e-14 2.836582e-08 wire6584
 1.218991e-08 1.617478e-08 7.507749e-14 2.836476e-08 wire1864
 4.943309e-09 2.342071e-08 1.618010e-13 2.836418e-08 fanout9866
 8.073404e-09 2.028516e-08 7.389692e-14 2.835864e-08 wire5258
 1.377982e-08 1.457627e-08 2.429730e-14 2.835612e-08 wire2101
 1.040600e-08 1.794560e-08 1.595134e-13 2.835176e-08 max_cap7582
 7.466977e-09 2.087811e-08 7.317021e-14 2.834516e-08 wire4652
 6.885386e-09 2.138156e-08 7.301721e-14 2.826702e-08 wire6782
 8.215689e-09 2.003078e-08 7.328110e-14 2.824654e-08 max_cap2905
 5.476138e-09 2.275497e-08 2.429730e-14 2.823113e-08 wire4394
 7.471658e-09 2.074806e-08 7.009686e-14 2.821979e-08 wire5416
 4.018759e-09 2.418988e-08 7.702154e-14 2.820871e-08 max_cap9738
 5.544614e-09 2.266295e-08 7.433800e-14 2.820764e-08 wire11062
 4.888189e-09 2.331651e-08 2.429730e-14 2.820472e-08 wire5091
 4.948134e-09 2.325087e-08 1.618007e-13 2.819916e-08 fanout9883
 8.297297e-09 1.989737e-08 7.394758e-14 2.819474e-08 wire4641
 4.257732e-09 2.392962e-08 2.429730e-14 2.818738e-08 wire4521
 4.983107e-09 2.316124e-08 2.429730e-14 2.814437e-08 wire6413
 3.097062e-09 2.499898e-08 6.813298e-14 2.809611e-08 wire4072
 5.137791e-09 2.295783e-08 7.485110e-14 2.809570e-08 wire11184
 6.929029e-09 2.114514e-08 7.360864e-14 2.807425e-08 wire7129
 7.184104e-09 2.086295e-08 6.861172e-14 2.804713e-08 wire4811
 4.210137e-09 2.383354e-08 6.865151e-14 2.804375e-08 max_cap3117
 4.494035e-09 2.353373e-08 1.240335e-13 2.802789e-08 fanout11571
 5.166456e-09 2.285469e-08 2.429730e-14 2.802117e-08 wire5387
 6.526129e-09 2.148016e-08 6.935431e-14 2.800635e-08 wire6063
 9.140190e-09 1.885711e-08 7.445768e-14 2.799737e-08 max_cap4697
 7.010392e-09 2.096706e-08 6.949562e-14 2.797752e-08 wire3210
 7.532988e-09 2.042911e-08 7.020786e-14 2.796217e-08 wire3345
 7.326986e-09 2.062450e-08 6.922150e-14 2.795156e-08 wire6833
 7.504386e-09 2.044549e-08 6.940518e-14 2.794995e-08 wire6035
 4.952122e-09 2.294290e-08 1.119433e-13 2.789514e-08 fanout9923
 5.885500e-09 2.197276e-08 6.862168e-14 2.785833e-08 wire2362
 7.173824e-09 2.066704e-08 6.900394e-14 2.784093e-08 wire3338
 3.361173e-09 2.445130e-08 6.865690e-14 2.781255e-08 wire5039
 5.621535e-09 2.219077e-08 7.616831e-14 2.781238e-08 max_cap4019
 6.336259e-09 2.145952e-08 7.353110e-14 2.779585e-08 wire5161
 7.422637e-09 2.031296e-08 7.022521e-14 2.773566e-08 wire3350
 6.153807e-09 2.157500e-08 2.429730e-14 2.772883e-08 wire1998
 5.054693e-09 2.267335e-08 1.618348e-13 2.772821e-08 hold13
 4.045099e-09 2.367798e-08 6.928844e-14 2.772314e-08 wire6963
 5.451877e-09 2.226529e-08 2.429730e-14 2.771719e-08 wire4387
 2.833707e-09 2.487779e-08 7.731135e-14 2.771158e-08 max_cap11447
 8.502210e-09 1.920877e-08 7.390448e-14 2.771106e-08 wire5385
 1.657426e-09 2.605310e-08 2.429730e-14 2.771055e-08 wire12294
 4.948450e-09 2.271171e-08 1.618119e-13 2.766033e-08 fanout9875
 7.456847e-09 2.019164e-08 7.728531e-14 2.764856e-08 wire2341
 2.829498e-09 2.480646e-08 7.795214e-14 2.763604e-08 fanout2703
 4.973939e-09 2.265012e-08 7.153226e-14 2.762413e-08 max_cap6543
 7.832412e-09 1.978344e-08 7.395489e-14 2.761593e-08 wire6427
 5.053085e-09 2.255152e-08 6.971267e-14 2.760467e-08 max_cap9351
 8.120304e-09 1.948233e-08 7.328589e-14 2.760271e-08 wire2906
 1.444643e-08 1.313535e-08 3.109127e-13 2.758209e-08 fanout12175
 4.468924e-09 2.308199e-08 7.641121e-14 2.755099e-08 wire5312
 5.294636e-09 2.225480e-08 7.469868e-14 2.754951e-08 wire11288
 7.434179e-09 2.009651e-08 7.316352e-14 2.753076e-08 wire4659
 4.946420e-09 2.255191e-08 1.618030e-13 2.749849e-08 fanout9856
 4.948142e-09 2.252210e-08 1.618119e-13 2.747040e-08 fanout9876
 8.536014e-09 1.893396e-08 6.818746e-14 2.747004e-08 max_cap311
 5.082074e-09 2.238462e-08 7.551593e-14 2.746677e-08 max_cap11076
 7.417237e-09 2.004773e-08 7.364737e-14 2.746504e-08 wire3459
 8.180846e-09 1.927429e-08 7.322724e-14 2.745521e-08 wire6419
 4.672013e-09 2.278078e-08 6.986484e-14 2.745286e-08 max_cap9204
 7.589571e-09 1.985687e-08 7.400965e-14 2.744651e-08 wire4713
 7.470669e-09 1.991261e-08 7.364386e-14 2.738335e-08 wire3458
 7.373574e-09 1.994507e-08 7.322309e-14 2.731872e-08 wire4101
 6.403444e-09 2.091362e-08 6.913647e-14 2.731713e-08 wire4941
 4.490048e-09 2.280204e-08 1.240619e-13 2.729221e-08 fanout11568
 5.067093e-09 2.217913e-08 7.443521e-14 2.724630e-08 wire11078
 7.587075e-09 1.964244e-08 7.323240e-14 2.722959e-08 wire4104
 5.794077e-09 2.143525e-08 6.897113e-14 2.722940e-08 max_cap7841
 7.211193e-09 2.001255e-08 6.972044e-14 2.722381e-08 wire5090
 3.806162e-09 2.340342e-08 7.717357e-14 2.720966e-08 wire9452
 7.892595e-09 1.929413e-08 2.429730e-14 2.718675e-08 wire2202
 8.063359e-09 1.908411e-08 7.389097e-14 2.714754e-08 wire5256
 6.850513e-09 2.028207e-08 7.308694e-14 2.713266e-08 wire7684
 7.098524e-09 2.002395e-08 7.338136e-14 2.712254e-08 wire6335
 6.893874e-09 2.021412e-08 6.940030e-14 2.710806e-08 wire3379
 4.814646e-09 2.228149e-08 2.429730e-14 2.709616e-08 wire6423
 7.607339e-09 1.948690e-08 2.429730e-14 2.709426e-08 wire1967
 8.041050e-09 1.904769e-08 7.425508e-14 2.708881e-08 wire4381
 5.820666e-09 2.125730e-08 7.307742e-14 2.707804e-08 wire7681
 7.839327e-09 1.922978e-08 6.803103e-14 2.706917e-08 max_cap230
 6.030549e-09 2.102036e-08 7.729466e-14 2.705099e-08 max_cap5354
 3.546483e-09 2.349776e-08 7.708209e-14 2.704432e-08 wire6604
 4.922105e-09 2.211758e-08 1.618490e-13 2.703984e-08 fanout9893
 5.527351e-09 2.151101e-08 7.379954e-14 2.703843e-08 wire11284
 7.234404e-09 1.980197e-08 6.955662e-14 2.703644e-08 wire3524
 6.071870e-09 2.095872e-08 2.429730e-14 2.703061e-08 wire4340
 5.397025e-09 2.161208e-08 7.432894e-14 2.700918e-08 wire11355
 4.053685e-09 2.292865e-08 7.702363e-14 2.698241e-08 wire9739
 6.578813e-09 2.040237e-08 6.885575e-14 2.698126e-08 wire6067
 7.549415e-09 1.941058e-08 7.147516e-14 2.696006e-08 wire6187
 4.754941e-09 2.217759e-08 7.611372e-14 2.693261e-08 hold6223
 4.939370e-09 2.198136e-08 1.119400e-13 2.692084e-08 fanout9916
 4.950096e-09 2.196859e-08 1.618289e-13 2.691885e-08 fanout9892
 4.933506e-09 2.197847e-08 1.617922e-13 2.691214e-08 fanout9901
 6.038645e-09 2.085974e-08 7.570827e-14 2.689846e-08 max_cap9419
 4.675149e-09 2.219799e-08 2.429730e-14 2.687316e-08 wire5196
 7.207006e-09 1.966281e-08 6.762014e-14 2.686989e-08 max_cap984
 5.038623e-09 2.182694e-08 7.551448e-14 2.686564e-08 wire11075
 4.950401e-09 2.191248e-08 1.617955e-13 2.686305e-08 fanout9843
 5.272723e-09 2.158179e-08 7.130371e-14 2.685459e-08 hold6239
 5.260841e-09 2.158955e-08 7.068634e-14 2.685046e-08 wire11351
 5.673099e-09 2.115176e-08 7.507615e-14 2.682493e-08 wire11178
 9.445781e-09 1.736481e-08 7.005372e-14 2.681066e-08 wire9782
 8.191387e-09 1.861874e-08 6.807819e-14 2.681020e-08 max_cap643
 5.142327e-09 2.164796e-08 7.543349e-14 2.679037e-08 wire11070
 6.083204e-09 2.070252e-08 7.463531e-14 2.678580e-08 wire5105
 5.629805e-09 2.113991e-08 2.429730e-14 2.676974e-08 wire4135
 7.803374e-09 1.896225e-08 2.429730e-14 2.676565e-08 wire1768
 4.934493e-09 2.182923e-08 1.618256e-13 2.676388e-08 fanout9889
 7.494326e-09 1.926214e-08 7.023477e-14 2.675654e-08 wire3342
 4.247553e-09 2.250558e-08 2.429730e-14 2.675316e-08 wire6783
 4.938497e-09 2.180918e-08 1.152682e-13 2.674779e-08 fanout2326
 7.668290e-09 1.907272e-08 6.912653e-14 2.674108e-08 wire6239
 7.295065e-09 1.944425e-08 7.601575e-14 2.673939e-08 max_cap5933
 7.460716e-09 1.927480e-08 6.802057e-14 2.673558e-08 max_cap351
 6.700528e-09 2.002995e-08 7.439214e-14 2.673055e-08 wire5193
 6.753061e-09 1.997136e-08 7.355283e-14 2.672449e-08 max_cap4737
 6.391872e-09 2.032992e-08 7.414368e-14 2.672187e-08 max_cap6980
 6.918695e-09 1.979757e-08 6.948486e-14 2.671634e-08 wire3207
 7.073648e-09 1.963152e-08 7.362959e-14 2.670524e-08 wire3450
 7.165926e-09 1.953002e-08 7.008850e-14 2.669602e-08 wire5413
 7.182063e-09 1.951201e-08 7.031336e-14 2.669415e-08 wire9444
 6.888292e-09 1.980422e-08 6.908192e-14 2.669258e-08 wire2952
 7.959011e-09 1.871276e-08 6.946913e-14 2.667184e-08 wire6588
 5.617365e-09 2.102606e-08 7.471092e-14 2.664351e-08 fanout8192
 7.649422e-09 1.898883e-08 2.429730e-14 2.663827e-08 wire1859
 7.026764e-09 1.960338e-08 6.948841e-14 2.663022e-08 wire3201
 7.012160e-09 1.961624e-08 7.301136e-14 2.662848e-08 wire6781
 5.303131e-09 2.131733e-08 7.463032e-14 2.662053e-08 wire11214
 1.265585e-08 1.395649e-08 7.444068e-14 2.661242e-08 wire1986
 5.526156e-09 2.105475e-08 2.429730e-14 2.658093e-08 wire5407
 7.155357e-09 1.940520e-08 7.363780e-14 2.656063e-08 wire3453
 6.142338e-09 2.041523e-08 7.361630e-14 2.655764e-08 wire4028
 4.579998e-09 2.195300e-08 2.429730e-14 2.653302e-08 wire3351
 7.309454e-09 1.921461e-08 7.327641e-14 2.652413e-08 max_cap6180
 4.939732e-09 2.157446e-08 1.617873e-13 2.651435e-08 fanout9850
 5.222186e-09 2.129058e-08 6.944068e-14 2.651284e-08 max_cap5986
 6.742713e-09 1.973964e-08 7.438877e-14 2.648243e-08 wire5192
 6.890296e-09 1.957281e-08 7.479521e-14 2.646318e-08 wire5179
 7.323861e-09 1.912569e-08 7.317130e-14 2.644963e-08 wire4661
 7.119251e-09 1.932699e-08 7.031692e-14 2.644632e-08 wire9445
 1.346692e-08 1.296590e-08 2.429730e-14 2.643284e-08 wire117
 6.670098e-09 1.975950e-08 2.429730e-14 2.642962e-08 wire2769
 5.528383e-09 2.082594e-08 2.429730e-14 2.635434e-08 max_cap5408
 4.302529e-09 2.205001e-08 7.608249e-14 2.635261e-08 max_cap9030
 6.311697e-09 2.002665e-08 2.429730e-14 2.633838e-08 wire2444
 3.140811e-09 2.319652e-08 2.429730e-14 2.633735e-08 wire2185
 6.831308e-09 1.946608e-08 7.479877e-14 2.629746e-08 wire5180
 4.970418e-09 2.132358e-08 6.984918e-14 2.629407e-08 fanout9308
 1.252602e-08 1.376670e-08 7.444347e-14 2.629280e-08 wire1987
 7.556831e-09 1.873382e-08 7.477603e-14 2.629072e-08 wire3134
 5.607624e-09 2.068084e-08 6.878590e-14 2.628853e-08 wire9097
 4.293998e-09 2.198917e-08 7.497787e-14 2.628324e-08 fanout11781
 4.650974e-09 2.162458e-08 2.429730e-14 2.627558e-08 wire7550
 6.978637e-09 1.925705e-08 7.301946e-14 2.623576e-08 wire6792
 4.942645e-09 2.127828e-08 1.617864e-13 2.622109e-08 fanout9907
 8.039684e-09 1.817026e-08 6.807308e-14 2.621001e-08 max_cap656
 1.217691e-08 1.403148e-08 7.507112e-14 2.620846e-08 wire1861
 4.941203e-09 2.125590e-08 1.618012e-13 2.619726e-08 fanout9887
 6.889102e-09 1.926472e-08 7.479274e-14 2.615389e-08 wire5178
 6.816526e-09 1.933277e-08 7.309131e-14 2.614937e-08 wire7689
 7.634736e-09 1.851254e-08 6.882419e-14 2.614735e-08 wire3312
 7.313457e-09 1.883077e-08 7.366078e-14 2.614430e-08 wire3462
 5.707511e-09 2.041609e-08 7.465948e-14 2.612367e-08 wire11264
 4.948195e-09 2.116242e-08 1.618306e-13 2.611078e-08 fanout9895
 4.940897e-09 2.116650e-08 1.618012e-13 2.610756e-08 fanout9886
 7.315637e-09 1.878679e-08 7.010621e-14 2.610249e-08 wire5418
 5.022509e-09 2.106801e-08 1.151908e-13 2.609064e-08 hold6199
 4.944805e-09 2.113258e-08 1.618035e-13 2.607755e-08 fanout9853
 4.930357e-09 2.108004e-08 1.617922e-13 2.601056e-08 fanout9900
 6.725287e-09 1.925813e-08 2.429730e-14 2.598344e-08 wire2855
 4.600547e-09 2.135796e-08 2.429730e-14 2.595853e-08 wire7690
 5.007720e-09 2.094679e-08 6.849115e-14 2.595458e-08 max_cap2623
 3.637435e-09 2.230224e-08 6.818602e-14 2.593974e-08 max_cap7236
 6.982661e-09 1.895624e-08 7.360485e-14 2.593897e-08 wire7128
 7.460639e-09 1.847159e-08 6.899830e-14 2.593229e-08 wire5051
 6.064374e-09 1.985026e-08 6.964638e-14 2.591471e-08 wire9398
 5.222284e-09 2.067574e-08 2.429730e-14 2.589805e-08 max_cap5261
 5.524492e-09 2.033001e-08 7.170873e-14 2.585457e-08 max_cap3426
 2.881487e-09 2.297091e-08 6.814575e-14 2.585246e-08 wire2475
 6.307657e-09 1.951784e-08 7.307702e-14 2.582557e-08 wire7489
 6.888880e-09 1.890727e-08 6.907316e-14 2.579622e-08 wire2949
 4.484792e-09 2.130411e-08 1.240619e-13 2.578902e-08 fanout11562
 4.933538e-09 2.085120e-08 1.618094e-13 2.578490e-08 fanout9909
 4.725389e-09 2.105762e-08 2.429730e-14 2.578303e-08 wire7551
 5.441012e-09 2.032564e-08 7.495989e-14 2.576673e-08 wire11096
 5.625763e-09 2.013467e-08 7.475349e-14 2.576050e-08 wire11204
 4.040384e-09 2.170414e-08 2.429730e-14 2.574455e-08 wire4272
 7.069243e-09 1.866959e-08 2.429730e-14 2.573886e-08 wire1950
 6.941345e-09 1.877563e-08 6.908240e-14 2.571704e-08 wire2945
 5.927279e-09 1.978573e-08 2.429730e-14 2.571303e-08 wire2367
 5.506432e-09 2.019712e-08 7.161504e-14 2.570362e-08 fanout8070
 9.343292e-09 1.636018e-08 7.005919e-14 2.570354e-08 wire9784
 4.940632e-09 2.076235e-08 1.587706e-13 2.570314e-08 fanout11444
 5.226842e-09 2.046294e-08 7.450141e-14 2.568986e-08 wire11216
 7.183858e-09 1.849644e-08 7.357755e-14 2.568037e-08 max_cap7025
 5.405110e-09 2.026998e-08 7.511319e-14 2.567517e-08 wire11125
 6.026546e-09 1.962905e-08 7.306830e-14 2.565567e-08 wire8892
 4.944146e-09 2.071014e-08 1.617887e-13 2.565445e-08 fanout9847
 5.086093e-09 2.049252e-08 7.554535e-14 2.557869e-08 wire11276
 5.620434e-09 1.993564e-08 2.429730e-14 2.555610e-08 max_cap3178
 1.209024e-08 1.346574e-08 7.444014e-14 2.555605e-08 wire1985
 5.639188e-09 1.991115e-08 7.465938e-14 2.555041e-08 fanout8180
 5.047589e-09 2.048065e-08 2.429730e-14 2.552826e-08 wire5074
 6.977557e-09 1.854537e-08 7.301946e-14 2.552300e-08 max_cap6793
 5.204443e-09 2.031695e-08 2.429730e-14 2.552142e-08 wire4113
 6.744340e-09 1.876904e-08 7.439497e-14 2.551345e-08 wire5184
 6.645006e-09 1.885449e-08 7.437589e-14 2.549957e-08 wire5187
 2.836315e-09 2.265580e-08 7.794833e-14 2.549219e-08 fanout2696
 7.515715e-09 1.797547e-08 7.400014e-14 2.549126e-08 wire4717
 4.946110e-09 2.054064e-08 1.617862e-13 2.548691e-08 fanout9865
 5.522127e-09 1.996316e-08 7.462813e-14 2.548536e-08 wire11330
 4.457577e-09 2.101625e-08 2.429730e-14 2.547385e-08 wire2947
 3.982653e-09 2.148138e-08 1.571041e-13 2.546419e-08 fanout9613
 5.920973e-09 1.953854e-08 2.429730e-14 2.545954e-08 wire2823
 3.745976e-09 2.168567e-08 7.721098e-14 2.543172e-08 wire9037
 4.312806e-09 2.111832e-08 7.497771e-14 2.543120e-08 fanout11819
 8.361432e-09 1.706514e-08 6.806879e-14 2.542664e-08 max_cap658
 6.982626e-09 1.843608e-08 6.949146e-14 2.541877e-08 wire3202
 4.821230e-09 2.059112e-08 6.902772e-14 2.541242e-08 max_cap4742
 4.845151e-09 2.055293e-08 1.521761e-13 2.539823e-08 fanout5489
 7.322090e-09 1.807088e-08 7.327242e-14 2.539304e-08 wire6178
 6.515338e-09 1.886675e-08 7.104610e-14 2.538216e-08 max_cap9200
 6.833884e-09 1.853066e-08 7.645120e-14 2.536462e-08 wire6906
 6.741917e-09 1.861830e-08 6.981128e-14 2.536028e-08 max_cap7809
 3.530152e-09 2.182357e-08 2.429730e-14 2.535375e-08 wire9974
 4.794448e-09 2.055715e-08 7.441425e-14 2.535167e-08 wire11311
 5.120356e-09 2.021888e-08 2.429730e-14 2.533926e-08 max_cap3030
 9.438849e-09 1.589251e-08 7.005518e-14 2.533143e-08 wire9783
 4.351524e-09 2.096407e-08 2.429730e-14 2.531562e-08 wire6331
 6.403109e-09 1.891179e-08 6.913253e-14 2.531497e-08 wire4934
 4.943423e-09 2.036656e-08 1.618035e-13 2.531015e-08 fanout9854
 6.312345e-09 1.898588e-08 7.414815e-14 2.529830e-08 max_cap6982
 3.383884e-09 2.189652e-08 6.865067e-14 2.528047e-08 wire5037
 6.869236e-09 1.840308e-08 2.429730e-14 2.527234e-08 wire3166
 6.466570e-09 1.880109e-08 7.301175e-14 2.526773e-08 wire6789
 5.949264e-09 1.931033e-08 2.429730e-14 2.525962e-08 max_cap4069
 8.799734e-09 1.644784e-08 6.892497e-14 2.524764e-08 wire3054
 5.068258e-09 2.017924e-08 7.608466e-14 2.524758e-08 max_cap4348
 7.076632e-09 1.816822e-08 6.915215e-14 2.524492e-08 wire3105
 6.185493e-09 1.903896e-08 2.429730e-14 2.522447e-08 wire2576
 4.767215e-09 2.045602e-08 7.317030e-14 2.522330e-08 wire9318
 5.046017e-09 2.017024e-08 2.429730e-14 2.521628e-08 wire5053
 6.092831e-09 1.911265e-08 2.429730e-14 2.520551e-08 wire2743
 5.372171e-09 1.983131e-08 7.125993e-14 2.520355e-08 max_cap6986
 7.010706e-09 1.817678e-08 6.949284e-14 2.518756e-08 wire3209
 5.057832e-09 2.012576e-08 1.618274e-13 2.518375e-08 hold14
 5.822727e-09 1.934956e-08 6.934152e-14 2.517236e-08 wire5225
 5.670312e-09 1.949840e-08 6.944578e-14 2.516878e-08 wire6379
 6.586524e-09 1.858003e-08 6.934949e-14 2.516662e-08 wire6062
 8.727048e-09 1.642897e-08 6.946688e-14 2.515608e-08 wire3559
 4.942953e-09 2.020869e-08 1.152523e-13 2.515175e-08 fanout2330
 4.943336e-09 2.020590e-08 1.119147e-13 2.514934e-08 fanout9951
 5.264947e-09 1.987505e-08 7.539060e-14 2.514007e-08 wire11128
 5.388750e-09 1.973708e-08 7.522935e-14 2.512590e-08 wire11324
 7.018272e-09 1.810461e-08 7.301621e-14 2.512295e-08 wire6791
 1.141173e-09 2.398079e-08 7.828339e-14 2.512204e-08 wire6760
 6.202494e-09 1.890733e-08 2.429730e-14 2.510985e-08 hold3646
 6.879401e-09 1.822014e-08 6.802827e-14 2.509961e-08 max_cap246
 6.927199e-09 1.816847e-08 6.857531e-14 2.509574e-08 wire4520
 8.794498e-09 1.628727e-08 6.946317e-14 2.508184e-08 wire3558
 4.951430e-09 2.012510e-08 1.617771e-13 2.507669e-08 fanout9864
 4.109693e-09 2.095316e-08 7.764042e-14 2.506293e-08 wire7310
 4.810197e-09 2.023774e-08 6.895798e-14 2.504801e-08 wire4782
 6.568435e-09 1.847461e-08 6.966668e-14 2.504312e-08 wire7546
 5.192499e-09 1.984295e-08 7.592800e-14 2.503552e-08 max_cap6433
 7.420499e-09 1.761214e-08 7.024281e-14 2.503271e-08 max_cap3353
 7.611749e-09 1.742074e-08 6.922712e-14 2.503256e-08 wire6827
 3.368470e-09 2.163139e-08 6.865371e-14 2.499993e-08 wire5043
 7.550264e-09 1.744116e-08 7.400440e-14 2.499150e-08 wire4720
 6.887302e-09 1.809554e-08 7.479029e-14 2.498292e-08 wire5177
 6.386117e-09 1.857483e-08 7.353749e-14 2.496102e-08 wire5164
 5.436347e-09 1.950544e-08 7.447934e-14 2.494187e-08 wire11230
 4.676759e-09 2.025405e-08 7.448741e-14 2.493088e-08 fanout8674
 6.684800e-09 1.824166e-08 2.429730e-14 2.492649e-08 max_cap1599
 3.710255e-09 2.118490e-08 2.429730e-14 2.489518e-08 wire5104
 7.101474e-09 1.778533e-08 7.337428e-14 2.488688e-08 wire6333
 5.041324e-09 1.982492e-08 7.520381e-14 2.486632e-08 wire11287
 6.252425e-09 1.860882e-08 7.329690e-14 2.486132e-08 wire5288
 2.855290e-09 2.200507e-08 7.795402e-14 2.486044e-08 hold6190
 5.001240e-09 1.984359e-08 7.580774e-14 2.484491e-08 max_cap4163
 4.935598e-09 1.989767e-08 1.618026e-13 2.483343e-08 fanout9869
 6.032329e-09 1.878052e-08 7.427904e-14 2.481292e-08 fanout8156
 6.373905e-09 1.842710e-08 7.370312e-14 2.480108e-08 wire11652
 7.123475e-09 1.767661e-08 7.065052e-14 2.480015e-08 wire7346
 5.828966e-09 1.896820e-08 2.429730e-14 2.479719e-08 max_cap7032
 4.264393e-09 2.051841e-08 2.429730e-14 2.478283e-08 hold285
 6.062247e-09 1.871826e-08 2.429730e-14 2.478053e-08 wire4341
 5.108330e-09 1.966822e-08 7.446785e-14 2.477662e-08 wire11097
 9.264680e-09 1.550148e-08 6.914357e-14 2.476623e-08 wire4477
 4.959067e-09 1.976564e-08 1.587017e-13 2.472487e-08 fanout2318
 4.653192e-09 2.006793e-08 7.511469e-14 2.472120e-08 wire4488
 7.486416e-09 1.723467e-08 2.429730e-14 2.472111e-08 wire1971
 2.905325e-09 2.181221e-08 7.791287e-14 2.471761e-08 max_cap805
 7.084938e-09 1.761930e-08 2.429730e-14 2.470426e-08 wire2502
 4.686145e-09 1.998872e-08 7.539432e-14 2.467494e-08 wire11189
 4.946348e-09 1.969231e-08 1.618306e-13 2.463882e-08 fanout9894
 6.259917e-09 1.837731e-08 6.858277e-14 2.463730e-08 wire3412
 4.799207e-09 1.983750e-08 7.611603e-14 2.463678e-08 wire9281
 8.795963e-09 1.584075e-08 2.429730e-14 2.463674e-08 wire1756
 5.987985e-09 1.864571e-08 6.921297e-14 2.463376e-08 wire6824
 6.209023e-09 1.842008e-08 7.326569e-14 2.462917e-08 wire6171
 4.388860e-09 2.023193e-08 2.429730e-14 2.462082e-08 wire7024
 6.087916e-09 1.852748e-08 2.429730e-14 2.461542e-08 wire8862
 5.093411e-09 1.951067e-08 7.538108e-14 2.460416e-08 wire11340
 2.455697e-08 0.000000e+00 5.431289e-14 2.455703e-08 clkload6
 4.698368e-09 1.984800e-08 2.429730e-14 2.454640e-08 max_cap5197
 5.356443e-09 1.918448e-08 2.429730e-14 2.454094e-08 max_cap4329
 4.798967e-09 1.972007e-08 7.520150e-14 2.451911e-08 max_cap6796
 5.029922e-09 1.948134e-08 2.429730e-14 2.451128e-08 wire298
 7.054841e-09 1.743599e-08 7.337761e-14 2.449090e-08 wire6330
 5.130627e-09 1.935672e-08 7.046622e-14 2.448742e-08 wire11153
 6.775880e-09 1.770656e-08 2.429730e-14 2.448246e-08 wire2820
 7.633112e-09 1.681270e-08 7.366078e-14 2.444589e-08 max_cap3463
 4.917948e-09 1.952274e-08 1.618039e-13 2.444085e-08 fanout9881
 6.381351e-09 1.804627e-08 7.353514e-14 2.442769e-08 wire5163
 7.499954e-09 1.690286e-08 7.399475e-14 2.440289e-08 wire4715
 7.151764e-09 1.724696e-08 7.064490e-14 2.439880e-08 wire7344
 6.384522e-09 1.799314e-08 7.370139e-14 2.437773e-08 wire11656
 7.310306e-09 1.705060e-08 7.326683e-14 2.436097e-08 wire6176
 6.361005e-09 1.799875e-08 2.429730e-14 2.435978e-08 wire2457
 6.945946e-09 1.740909e-08 6.907949e-14 2.435511e-08 wire2944
 6.597078e-09 1.773595e-08 6.966735e-14 2.433310e-08 wire7548
 6.205756e-09 1.812573e-08 7.330009e-14 2.433156e-08 wire5289
 6.531441e-09 1.777901e-08 6.915752e-14 2.431052e-08 wire3547
 5.130758e-09 1.916292e-08 7.468095e-14 2.429375e-08 wire11086
 4.948552e-09 1.933948e-08 2.429730e-14 2.428806e-08 max_cap3922
 4.819254e-09 1.946864e-08 7.519869e-14 2.428797e-08 wire11336
 5.545320e-09 1.874117e-08 2.429730e-14 2.428652e-08 max_cap3187
 6.280604e-09 1.800559e-08 6.904528e-14 2.428626e-08 wire4418
 5.763592e-09 1.849771e-08 6.896918e-14 2.426137e-08 wire9682
 4.907273e-09 1.932307e-08 2.429730e-14 2.423037e-08 wire6587
 4.878231e-09 1.934158e-08 7.038556e-14 2.421988e-08 max_cap12278
 5.811310e-09 1.840628e-08 2.429730e-14 2.421762e-08 max_cap6030
 6.459891e-09 1.774563e-08 2.429730e-14 2.420554e-08 wire2069
 6.278130e-09 1.791807e-08 6.904431e-14 2.419627e-08 wire4420
 6.550038e-09 1.762762e-08 2.429730e-14 2.417769e-08 wire2718
 4.988634e-09 1.913035e-08 2.429730e-14 2.411901e-08 wire5092
 4.673679e-09 1.943605e-08 7.485930e-14 2.410980e-08 wire11179
 7.496388e-09 1.657970e-08 7.400071e-14 2.407617e-08 wire4711
 4.308863e-09 1.976484e-08 7.094627e-14 2.407378e-08 fanout12196
 3.313496e-09 2.075457e-08 6.871865e-14 2.406814e-08 max_cap7112
 6.189783e-09 1.785864e-08 6.859119e-14 2.404849e-08 wire3416
 5.775379e-09 1.826881e-08 6.893773e-14 2.404426e-08 wire3514
 5.933063e-09 1.807217e-08 7.713376e-14 2.400532e-08 wire2501
 6.438081e-09 1.754342e-08 7.369222e-14 2.398157e-08 wire11647
 8.341787e-09 1.562171e-08 7.429575e-14 2.396357e-08 max_cap4115
 7.826149e-09 1.612557e-08 6.946635e-14 2.395179e-08 wire6583
 2.650308e-09 2.127354e-08 2.429730e-14 2.392387e-08 wire1072
 5.837049e-09 1.808218e-08 2.429730e-14 2.391926e-08 wire7027
 4.702360e-09 1.921508e-08 2.429730e-14 2.391747e-08 wire3136
 6.139528e-09 1.777389e-08 6.902248e-14 2.391348e-08 wire7574
 5.449352e-09 1.846180e-08 6.872861e-14 2.391122e-08 wire7449
 5.877210e-09 1.801670e-08 2.429730e-14 2.389393e-08 wire4379
 5.218568e-09 1.867131e-08 6.854733e-14 2.388995e-08 max_cap4311
 6.178123e-09 1.770763e-08 7.355394e-14 2.388583e-08 max_cap5165
 5.866708e-09 1.801793e-08 2.429730e-14 2.388466e-08 wire2876
 5.394957e-09 1.848747e-08 2.429730e-14 2.388246e-08 max_cap6029
 6.156729e-09 1.767712e-08 2.429730e-14 2.383388e-08 wire1962
 7.159355e-09 1.667228e-08 7.322028e-14 2.383171e-08 wire4100
 5.583298e-09 1.820398e-08 6.932997e-14 2.378735e-08 wire5221
 6.207772e-09 1.757501e-08 2.429730e-14 2.378281e-08 wire2581
 3.802436e-09 1.996887e-08 6.925556e-14 2.377137e-08 max_cap11595
 6.419448e-09 1.732780e-08 2.429730e-14 2.374727e-08 wire2839
 4.126623e-09 1.962033e-08 7.649706e-14 2.374703e-08 max_cap9170
 5.574562e-09 1.817013e-08 6.932240e-14 2.374476e-08 wire5218
 5.655261e-09 1.805204e-08 6.911937e-14 2.370737e-08 wire3084
 6.550809e-09 1.712730e-08 6.885937e-14 2.367818e-08 wire6068
 4.924971e-09 1.873240e-08 1.119240e-13 2.365749e-08 fanout9938
 5.912055e-09 1.774130e-08 2.429730e-14 2.365338e-08 wire2095
 3.982123e-09 1.965831e-08 1.571060e-13 2.364059e-08 fanout9608
 5.322939e-09 1.831429e-08 6.754920e-14 2.363729e-08 max_cap1055
 7.099796e-09 1.653639e-08 7.321604e-14 2.363626e-08 wire4098
 6.327388e-09 1.729588e-08 7.353338e-14 2.362334e-08 wire5158
 3.335065e-09 2.026763e-08 6.864728e-14 2.360276e-08 wire5040
 6.200199e-09 1.737141e-08 2.429730e-14 2.357163e-08 max_cap2580
 4.711641e-09 1.883229e-08 2.429730e-14 2.354396e-08 wire6826
 6.550806e-09 1.698821e-08 6.935077e-14 2.353909e-08 wire6056
 7.121763e-09 1.641413e-08 7.030903e-14 2.353596e-08 wire9442
 2.858328e-09 2.065355e-08 7.796566e-14 2.351196e-08 max_cap367
 5.020695e-09 1.848509e-08 2.429730e-14 2.350581e-08 max_cap3916
 5.608685e-09 1.789207e-08 6.878741e-14 2.350083e-08 wire9088
 5.470188e-09 1.802221e-08 2.429730e-14 2.349243e-08 max_cap6593
 5.025753e-09 1.846228e-08 2.429730e-14 2.348806e-08 max_cap2907
 7.850985e-09 1.561740e-08 2.429730e-14 2.346841e-08 max_cap1603
 5.830322e-09 1.763683e-08 7.485782e-14 2.346723e-08 wire3878
 5.407800e-09 1.805781e-08 6.985909e-14 2.346568e-08 wire5457
 5.107062e-09 1.833217e-08 7.525508e-14 2.343931e-08 wire11056
 5.567654e-09 1.786359e-08 7.322320e-14 2.343132e-08 max_cap10700
 6.384564e-09 1.704240e-08 7.352966e-14 2.342704e-08 wire5157
 6.696184e-09 1.672454e-08 7.437245e-14 2.342080e-08 wire5186
 5.759539e-09 1.765050e-08 2.429730e-14 2.341006e-08 wire4478
 4.829042e-09 1.857505e-08 6.786245e-14 2.340416e-08 fanout2691
 5.964786e-09 1.743618e-08 6.923620e-14 2.340103e-08 wire7374
 5.206872e-09 1.819100e-08 6.856741e-14 2.339794e-08 wire3250
 4.033443e-09 1.934402e-08 7.605044e-14 2.337754e-08 max_cap6044
 6.140861e-09 1.723558e-08 6.902248e-14 2.337651e-08 max_cap7581
 6.114957e-09 1.725048e-08 6.878554e-14 2.336551e-08 wire3281
 4.932870e-09 1.841427e-08 1.618030e-13 2.334730e-08 fanout9857
 1.292673e-08 1.041003e-08 2.429730e-14 2.333678e-08 max_cap3755
 4.994215e-09 1.833043e-08 2.429730e-14 2.332467e-08 max_cap5097
 3.039460e-09 2.024502e-08 7.791685e-14 2.328456e-08 max_cap122
 3.251978e-09 2.003072e-08 6.803365e-14 2.328277e-08 max_cap7914
 6.159732e-09 1.710630e-08 7.464897e-14 2.326610e-08 wire5112
 6.189106e-09 1.706315e-08 2.429730e-14 2.325228e-08 wire4479
 5.197904e-09 1.804320e-08 6.856156e-14 2.324118e-08 wire3237
 7.559218e-09 1.567364e-08 7.439965e-14 2.323294e-08 wire5195
 6.401135e-09 1.681973e-08 7.320253e-14 2.322094e-08 wire8877
 6.631329e-09 1.657538e-08 6.785828e-14 2.320678e-08 max_cap837
 1.028936e-08 1.291612e-08 7.127671e-14 2.320555e-08 wire1794
 1.357322e-08 9.561675e-09 2.429730e-14 2.313492e-08 wire2098
 5.284439e-09 1.784685e-08 6.865806e-14 2.313136e-08 wire5372
 6.871551e-09 1.625874e-08 2.429730e-14 2.313032e-08 wire2735
 5.125874e-09 1.798317e-08 6.886089e-14 2.310911e-08 wire6634
 5.884069e-09 1.720665e-08 6.975146e-14 2.309079e-08 wire9720
 4.930901e-09 1.815864e-08 1.618026e-13 2.308970e-08 fanout9872
 5.698983e-09 1.737606e-08 6.935088e-14 2.307511e-08 wire9800
 6.182866e-09 1.686171e-08 7.355394e-14 2.304465e-08 wire5160
 8.276482e-09 1.476381e-08 2.429730e-14 2.304031e-08 wire1708
 8.939682e-09 1.406447e-08 2.429730e-14 2.300418e-08 wire1757
 4.613983e-09 1.837942e-08 2.429730e-14 2.299343e-08 wire3456
 4.487030e-09 1.847404e-08 6.920883e-14 2.296114e-08 wire3041
 4.943223e-09 1.801624e-08 1.586834e-13 2.295962e-08 fanout2323
 3.587629e-09 1.936066e-08 2.429730e-14 2.294831e-08 wire5363
 1.773082e-09 2.117169e-08 6.795037e-14 2.294484e-08 wire2504
 6.179382e-09 1.676307e-08 7.361284e-14 2.294252e-08 wire4027
 5.145993e-09 1.779552e-08 1.111878e-13 2.294162e-08 fanout2683
 6.199592e-09 1.674069e-08 6.858588e-14 2.294035e-08 wire3413
 6.546764e-09 1.635627e-08 6.916359e-14 2.290310e-08 wire3551
 4.946634e-09 1.794273e-08 1.617964e-13 2.288952e-08 fanout9904
 5.850388e-09 1.703413e-08 6.924116e-14 2.288459e-08 max_cap7376
 5.804797e-09 1.706597e-08 2.429730e-14 2.287079e-08 wire9785
 5.356178e-09 1.750125e-08 7.020572e-14 2.285750e-08 wire9421
 4.489878e-09 1.836590e-08 7.617652e-14 2.285585e-08 wire11363
 6.190943e-09 1.665423e-08 2.429730e-14 2.284519e-08 max_cap8573
 8.342737e-09 1.449331e-08 6.804938e-14 2.283611e-08 max_cap340
 5.560222e-09 1.727204e-08 2.429730e-14 2.283229e-08 wire3561
 5.250230e-09 1.756086e-08 7.550000e-14 2.281117e-08 max_cap6558
 1.029787e-08 1.249118e-08 7.128189e-14 2.278912e-08 wire1797
 7.926849e-09 1.485124e-08 2.429730e-14 2.277811e-08 wire1990
 3.410241e-09 1.936341e-08 6.895470e-14 2.277372e-08 wire11622
 6.203814e-09 1.655017e-08 7.284202e-14 2.275405e-08 max_cap7680
 2.843647e-09 1.988716e-08 6.796864e-14 2.273087e-08 fanout9937
 6.686105e-09 1.603245e-08 6.931578e-14 2.271863e-08 wire7566
 5.736678e-09 1.697567e-08 6.895959e-14 2.271241e-08 wire6520
 1.435700e-08 8.353370e-09 3.109941e-13 2.271068e-08 fanout12174
 5.573063e-09 1.712296e-08 6.891205e-14 2.269609e-08 wire4451
 5.822233e-09 1.685976e-08 2.429730e-14 2.268201e-08 wire9786
 5.338381e-09 1.733095e-08 7.192257e-14 2.266940e-08 wire11138
 6.669012e-09 1.598218e-08 2.429730e-14 2.265122e-08 wire2365
 6.877926e-09 1.576703e-08 6.980187e-14 2.264503e-08 wire7803
 5.007006e-09 1.763691e-08 2.429730e-14 2.264394e-08 max_cap5251
 5.432123e-09 1.720288e-08 6.806784e-14 2.263507e-08 wire7392
 1.218641e-08 1.044613e-08 7.507441e-14 2.263262e-08 wire1863
 5.084232e-09 1.754264e-08 2.429730e-14 2.262689e-08 max_cap3140
 4.308456e-09 1.831169e-08 2.429730e-14 2.262017e-08 max_cap3208
 5.237103e-09 1.736467e-08 6.930862e-14 2.260184e-08 wire4874
 4.620644e-09 1.797808e-08 2.429730e-14 2.259875e-08 max_cap7685
 6.202511e-09 1.638576e-08 2.429730e-14 2.258829e-08 wire2582
 6.390452e-09 1.616651e-08 6.879924e-14 2.255703e-08 wire7724
 5.922289e-09 1.663310e-08 7.319456e-14 2.255547e-08 wire8881
 3.356316e-09 1.917570e-08 6.865038e-14 2.253208e-08 wire5041
 6.379040e-09 1.615268e-08 7.370806e-14 2.253179e-08 wire11659
 6.656739e-09 1.587271e-08 6.864027e-14 2.252952e-08 wire5901
 3.691604e-09 1.883659e-08 6.865690e-14 2.252826e-08 wire5044
 4.264164e-09 1.825502e-08 2.429730e-14 2.251921e-08 wire7124
 7.983666e-09 1.449720e-08 6.891930e-14 2.248093e-08 wire3052
 5.649562e-09 1.681887e-08 6.943870e-14 2.246850e-08 wire6376
 1.903270e-08 3.363371e-09 8.105414e-13 2.239688e-08 fanout11611
 3.654906e-09 1.873628e-08 7.720101e-14 2.239126e-08 max_cap8970
 8.118032e-09 1.427114e-08 2.429730e-14 2.238919e-08 wire1991
 3.811721e-09 1.857686e-08 2.429730e-14 2.238860e-08 wire7578
 5.818985e-09 1.656742e-08 2.429730e-14 2.238643e-08 wire4693
 5.742788e-09 1.663500e-08 6.934781e-14 2.237786e-08 wire9799
 2.477543e-09 1.988070e-08 2.429730e-14 2.235827e-08 max_cap1071
 4.503729e-09 1.785256e-08 2.429730e-14 2.235631e-08 max_cap3907
 6.896283e-09 1.545406e-08 6.933338e-14 2.235041e-08 wire6889
 5.039676e-09 1.729374e-08 7.245970e-14 2.233349e-08 max_cap9826
 4.886443e-09 1.744003e-08 7.562287e-14 2.232655e-08 max_cap6265
 4.990337e-09 1.733332e-08 6.923010e-14 2.232373e-08 wire2573
 5.751369e-09 1.655270e-08 6.896697e-14 2.230414e-08 wire9681
 4.540432e-09 1.774347e-08 2.429730e-14 2.228393e-08 wire2955
 8.905311e-09 1.334983e-08 2.429730e-14 2.225516e-08 wire2210
 7.309493e-09 1.494090e-08 7.327082e-14 2.225047e-08 wire6173
 6.296573e-09 1.594709e-08 7.308616e-14 2.224373e-08 wire7493
 6.172784e-09 1.605260e-08 2.429730e-14 2.222540e-08 wire2749
 5.354462e-09 1.684883e-08 7.247168e-14 2.220336e-08 wire9838
 5.945392e-09 1.624675e-08 6.899429e-14 2.219221e-08 wire3334
 6.458034e-09 1.571792e-08 2.429730e-14 2.217597e-08 wire8379
 5.396752e-09 1.677909e-08 6.979371e-14 2.217592e-08 wire7801
 5.667925e-09 1.646588e-08 2.429730e-14 2.213383e-08 wire4696
 5.018415e-09 1.710951e-08 2.429730e-14 2.212795e-08 max_cap5052
 6.734045e-09 1.538767e-08 2.429730e-14 2.212174e-08 max_cap3576
 5.652623e-09 1.646654e-08 2.429730e-14 2.211919e-08 max_cap3179
 5.093800e-09 1.701482e-08 6.891634e-14 2.210869e-08 wire3432
 5.871598e-09 1.623683e-08 7.485473e-14 2.210851e-08 wire3877
 6.161124e-09 1.593859e-08 2.429730e-14 2.209974e-08 wire2493
 4.044500e-09 1.805372e-08 2.429730e-14 2.209825e-08 wire3550
 6.331420e-09 1.576544e-08 2.429730e-14 2.209688e-08 wire4471
 2.838635e-09 1.925274e-08 7.795214e-14 2.209145e-08 fanout2695
 6.279214e-09 1.581073e-08 6.901540e-14 2.209001e-08 wire7580
 5.721581e-09 1.636688e-08 6.893237e-14 2.208853e-08 wire3502
 5.363904e-09 1.671607e-08 6.988093e-14 2.208004e-08 wire5470
 5.836093e-09 1.623959e-08 6.862257e-14 2.207575e-08 wire5362
 6.116546e-09 1.595366e-08 7.289219e-14 2.207028e-08 max_cap10213
 3.796886e-09 1.826452e-08 2.429730e-14 2.206143e-08 wire9816
 6.384873e-09 1.566816e-08 6.989195e-14 2.205310e-08 wire7763
 5.940143e-09 1.610681e-08 2.429730e-14 2.204698e-08 wire3489
 5.209929e-09 1.681310e-08 6.869029e-14 2.202310e-08 wire4221
 6.353100e-09 1.566076e-08 7.369561e-14 2.201393e-08 wire11648
 4.057255e-09 1.795469e-08 2.429730e-14 2.201197e-08 wire7563
 5.884296e-09 1.610415e-08 6.973721e-14 2.198852e-08 wire9712
 4.312054e-09 1.767537e-08 7.094069e-14 2.198750e-08 fanout12237
 5.755111e-09 1.622765e-08 6.914775e-14 2.198283e-08 max_cap3545
 9.165650e-09 1.280892e-08 7.444337e-14 2.197464e-08 wire4694
 3.832702e-09 1.814108e-08 6.946707e-14 2.197385e-08 wire9167
 1.038263e-08 1.158835e-08 7.127961e-14 2.197105e-08 wire1796
 7.926849e-09 1.403750e-08 2.429730e-14 2.196438e-08 wire1988
 6.397668e-09 1.555584e-08 6.773241e-14 2.195357e-08 max_cap484
 6.404811e-09 1.554479e-08 7.319957e-14 2.194967e-08 wire8884
 3.977084e-09 1.795824e-08 2.429730e-14 2.193535e-08 wire7802
 7.640350e-09 1.427807e-08 2.429730e-14 2.191844e-08 wire1865
 5.637264e-09 1.627914e-08 6.878252e-14 2.191647e-08 wire9096
 4.853712e-09 1.704959e-08 6.929955e-14 2.190337e-08 wire4866
 5.475002e-09 1.642625e-08 6.844698e-14 2.190132e-08 wire4976
 5.330735e-09 1.657008e-08 6.987079e-14 2.190089e-08 wire5466
 4.849512e-09 1.704531e-08 7.525728e-14 2.189490e-08 wire11095
 4.936330e-09 1.694797e-08 1.119273e-13 2.188441e-08 fanout9945
 5.759435e-09 1.612344e-08 6.933821e-14 2.188295e-08 wire9794
 5.776796e-09 1.609681e-08 6.893976e-14 2.187368e-08 wire3515
 5.651592e-09 1.621387e-08 6.878385e-14 2.186553e-08 wire9087
 3.807435e-09 1.803263e-08 2.429730e-14 2.184009e-08 wire6786
 4.809808e-09 1.702353e-08 2.429730e-14 2.183336e-08 wire4063
 5.514200e-09 1.630965e-08 2.429730e-14 2.182387e-08 wire3231
 1.431888e-08 7.504048e-09 3.109607e-13 2.182324e-08 fanout12173
 5.288507e-09 1.653327e-08 2.429730e-14 2.182180e-08 wire248
 5.619871e-09 1.618985e-08 6.918493e-14 2.180979e-08 max_cap4183
 6.057223e-09 1.573143e-08 7.465326e-14 2.178873e-08 wire5113
 6.193853e-09 1.556513e-08 7.361046e-14 2.175905e-08 wire4026
 5.499611e-09 1.624448e-08 6.858054e-14 2.174416e-08 wire3411
 5.244609e-09 1.649517e-08 6.930277e-14 2.173985e-08 wire4869
 4.313035e-09 1.740951e-08 7.093917e-14 2.172262e-08 fanout12219
 3.826000e-09 1.788615e-08 7.721610e-14 2.171222e-08 max_cap9039
 6.034305e-09 1.566831e-08 6.856100e-14 2.170268e-08 wire4517
 6.417630e-09 1.527335e-08 6.912914e-14 2.169105e-08 wire4938
 6.251851e-09 1.543288e-08 6.772390e-14 2.168480e-08 max_cap529
 5.178764e-09 1.650035e-08 6.856419e-14 2.167919e-08 wire3238
 5.602202e-09 1.606646e-08 6.959969e-14 2.166873e-08 wire7340
 3.462175e-09 1.820326e-08 2.429730e-14 2.166546e-08 wire9685
 5.360438e-09 1.629909e-08 7.285990e-14 2.165960e-08 wire9027
 5.416630e-09 1.624170e-08 6.987932e-14 2.165840e-08 wire5463
 6.405698e-09 1.522887e-08 6.966322e-14 2.163464e-08 wire7545
 6.725953e-09 1.489224e-08 2.429730e-14 2.161821e-08 wire2896
 4.524965e-09 1.707432e-08 7.314772e-14 2.159936e-08 hold403
 5.785628e-09 1.580154e-08 7.260087e-14 2.158724e-08 max_cap11678
 4.710027e-09 1.686942e-08 6.912041e-14 2.157952e-08 max_cap9772
 6.369672e-09 1.518771e-08 7.370786e-14 2.155746e-08 wire11654
 6.938366e-09 1.460861e-08 6.803771e-14 2.154704e-08 max_cap582
 6.417594e-09 1.512909e-08 7.369979e-14 2.154676e-08 wire11651
 1.461929e-08 6.921172e-09 2.429730e-14 2.154049e-08 wire69
 5.617135e-09 1.591793e-08 6.895244e-14 2.153513e-08 max_cap3516
 4.759816e-09 1.677350e-08 7.587708e-14 2.153339e-08 wire11195
 5.071449e-09 1.645551e-08 2.429730e-14 2.152699e-08 wire2142
 5.836344e-09 1.566424e-08 7.437945e-14 2.150066e-08 wire9246
 7.240054e-09 1.424115e-08 7.348005e-14 2.148128e-08 wire6198
 9.604793e-09 1.187270e-08 6.962708e-14 2.147756e-08 wire4338
 3.061134e-09 1.841579e-08 7.710420e-14 2.147700e-08 max_cap11625
 7.681515e-09 1.378202e-08 2.429730e-14 2.146356e-08 wire1867
 5.613855e-09 1.584151e-08 2.429730e-14 2.145539e-08 max_cap1211
 7.639794e-09 1.379218e-08 2.429730e-14 2.143200e-08 wire1866
 7.427662e-09 1.400310e-08 7.394340e-14 2.143084e-08 wire6424
 7.911058e-09 1.351765e-08 2.429730e-14 2.142873e-08 wire1989
 5.139279e-09 1.628131e-08 6.842134e-14 2.142066e-08 wire9253
 5.404739e-09 1.600968e-08 7.285516e-14 2.141450e-08 wire9025
 4.555364e-09 1.685384e-08 2.429730e-14 2.140923e-08 max_cap6143
 6.330313e-09 1.506340e-08 2.429730e-14 2.139374e-08 max_cap4480
 7.454257e-09 1.393302e-08 7.309825e-14 2.138735e-08 wire7687
 5.468328e-09 1.591660e-08 2.429730e-14 2.138495e-08 wire3055
 4.295916e-09 1.708728e-08 2.429730e-14 2.138322e-08 wire7131
 6.136395e-09 1.522593e-08 2.429730e-14 2.136235e-08 wire8572
 2.845578e-09 1.851579e-08 7.791761e-14 2.136144e-08 fanout9903
 5.805890e-09 1.554593e-08 6.868135e-14 2.135189e-08 wire6511
 4.157099e-09 1.717219e-08 7.628098e-14 2.132937e-08 wire11273
 5.800395e-09 1.552341e-08 7.437619e-14 2.132388e-08 max_cap9244
 5.618478e-09 1.570191e-08 6.895244e-14 2.132045e-08 wire3507
 5.777946e-09 1.553978e-08 7.438248e-14 2.131780e-08 wire9247
 5.875972e-09 1.543575e-08 7.485256e-14 2.131179e-08 wire3876
 4.186297e-09 1.709564e-08 7.638598e-14 2.128201e-08 max_cap11598
 6.222135e-09 1.505815e-08 2.429730e-14 2.128031e-08 wire3385
 5.375090e-09 1.590513e-08 2.429730e-14 2.128024e-08 wire4692
 5.517810e-09 1.575162e-08 6.912746e-14 2.126950e-08 max_cap3095
 4.922948e-09 1.634201e-08 6.904735e-14 2.126502e-08 wire3265
 7.773593e-09 1.349089e-08 2.429730e-14 2.126451e-08 wire1862
 6.231262e-09 1.502144e-08 2.429730e-14 2.125272e-08 wire2584
 4.449263e-09 1.679406e-08 2.429730e-14 2.124335e-08 max_cap4818
 5.507656e-09 1.572502e-08 2.429730e-14 2.123270e-08 wire3056
 5.789918e-09 1.542635e-08 6.903760e-14 2.121634e-08 wire4415
 6.339385e-09 1.483721e-08 7.307371e-14 2.117667e-08 wire7488
 7.948004e-09 1.321509e-08 7.442876e-14 2.116317e-08 wire4691
 5.209315e-09 1.594186e-08 2.429730e-14 2.115120e-08 max_cap3686
 5.310767e-09 1.582762e-08 6.986349e-14 2.113846e-08 wire5458
 5.416832e-09 1.571575e-08 2.429730e-14 2.113261e-08 wire1888
 3.116109e-09 1.801193e-08 2.429730e-14 2.112807e-08 wire4296
 4.680659e-09 1.641684e-08 2.429730e-14 2.109752e-08 max_cap4712
 7.681163e-09 1.341105e-08 7.295273e-14 2.109229e-08 wire7462
 3.891094e-09 1.717466e-08 2.429730e-14 2.106577e-08 wire7758
 3.047845e-09 1.800717e-08 2.429730e-14 2.105504e-08 max_cap4250
 2.756386e-09 1.829530e-08 7.186283e-14 2.105176e-08 wire11860
 4.613180e-09 1.643794e-08 2.429730e-14 2.105114e-08 max_cap6181
 4.390146e-09 1.665181e-08 2.429730e-14 2.104198e-08 max_cap6336
 5.266439e-09 1.577419e-08 6.918760e-14 2.104070e-08 wire5142
 5.907510e-09 1.511981e-08 6.862269e-14 2.102739e-08 wire5355
 4.882819e-09 1.614421e-08 6.834170e-14 2.102709e-08 wire7626
 5.654289e-09 1.536758e-08 6.897371e-14 2.102194e-08 wire9684
 2.220863e-09 1.880023e-08 6.811139e-14 2.102116e-08 wire1947
 7.741089e-09 1.324992e-08 7.294982e-14 2.099108e-08 wire7461
 3.556760e-09 1.742335e-08 1.167872e-13 2.098023e-08 fanout9660
 1.288458e-08 8.091656e-09 2.429730e-14 2.097626e-08 wire66
 5.249100e-09 1.572563e-08 6.918997e-14 2.097480e-08 wire5143
 4.024882e-09 1.691692e-08 2.429730e-14 2.094182e-08 wire6072
 5.924087e-09 1.501674e-08 2.429730e-14 2.094085e-08 wire8487
 2.549436e-09 1.838416e-08 6.811399e-14 2.093366e-08 wire6559
 5.004958e-09 1.591636e-08 6.911186e-14 2.092139e-08 wire7598
 4.292674e-09 1.660967e-08 7.497787e-14 2.090242e-08 fanout11783
 5.388550e-09 1.550839e-08 6.967212e-14 2.089701e-08 wire7278
 4.325553e-09 1.656063e-08 2.429730e-14 2.088621e-08 wire6787
 5.400266e-09 1.547417e-08 7.285120e-14 2.087451e-08 wire9023
 5.690536e-09 1.517628e-08 6.922798e-14 2.086688e-08 wire7371
 5.826828e-09 1.501530e-08 2.429730e-14 2.084215e-08 wire9788
 5.288223e-09 1.554724e-08 6.867659e-14 2.083553e-08 wire6509
 4.705932e-09 1.612623e-08 2.429730e-14 2.083218e-08 wire6393
 4.389952e-09 1.641758e-08 2.429730e-14 2.080756e-08 max_cap6064
 6.691154e-09 1.408889e-08 7.520724e-14 2.078012e-08 wire5266
 5.703534e-09 1.507624e-08 2.429730e-14 2.077980e-08 wire4695
 4.465779e-09 1.630735e-08 1.240169e-13 2.077325e-08 fanout11566
 8.820559e-09 1.193682e-08 6.991501e-14 2.075745e-08 wire7030
 1.092877e-08 9.828574e-09 2.429730e-14 2.075737e-08 wire65
 5.670088e-09 1.508381e-08 6.934325e-14 2.075397e-08 wire9796
 5.275144e-09 1.547292e-08 2.429730e-14 2.074809e-08 wire2726
 5.961788e-09 1.478529e-08 2.429730e-14 2.074710e-08 wire2010
 5.646231e-09 1.509626e-08 6.918209e-14 2.074256e-08 wire4181
 5.217246e-09 1.552129e-08 6.847062e-14 2.073861e-08 max_cap7017
 6.899739e-09 1.383578e-08 2.429730e-14 2.073554e-08 wire3468
 5.031240e-09 1.569903e-08 2.429730e-14 2.073029e-08 max_cap4995
 5.396723e-09 1.532582e-08 7.285320e-14 2.072262e-08 wire9024
 5.039023e-09 1.567139e-08 7.246946e-14 2.071049e-08 wire9830
 5.088713e-09 1.561751e-08 6.955643e-14 2.070629e-08 wire4618
 5.414493e-09 1.528027e-08 2.429730e-14 2.069478e-08 wire2891
 3.423433e-09 1.725748e-08 2.429730e-14 2.068094e-08 max_cap10506
 4.793645e-09 1.588291e-08 6.866687e-14 2.067662e-08 wire5436
 7.963745e-09 1.270606e-08 6.892113e-14 2.066987e-08 wire3053
 5.344860e-09 1.531751e-08 7.313053e-14 2.066245e-08 wire7048
 7.744996e-09 1.291307e-08 6.913952e-14 2.065814e-08 wire4476
 4.649115e-09 1.600456e-08 6.927304e-14 2.065374e-08 wire6576
 5.708979e-09 1.494128e-08 6.988155e-14 2.065033e-08 max_cap7759
 4.580662e-09 1.606688e-08 6.963770e-14 2.064762e-08 wire9394
 5.742367e-09 1.490278e-08 6.860737e-14 2.064522e-08 wire4810
 6.266982e-09 1.437653e-08 2.429730e-14 2.064354e-08 wire2585
 7.511022e-09 1.313125e-08 7.212954e-14 2.064234e-08 max_cap3167
 5.223255e-09 1.541890e-08 2.429730e-14 2.064218e-08 wire5935
 2.961813e-09 1.767735e-08 7.792591e-14 2.063924e-08 max_cap385
 6.085221e-09 1.453654e-08 2.429730e-14 2.062179e-08 max_cap4337
 5.475491e-09 1.512268e-08 2.429730e-14 2.059820e-08 wire7026
 4.847417e-09 1.574913e-08 2.429730e-14 2.059657e-08 wire2825
 5.587662e-09 1.500652e-08 2.429730e-14 2.059420e-08 max_cap5334
 5.346124e-09 1.524434e-08 2.429730e-14 2.059049e-08 max_cap4333
 5.246721e-09 1.533780e-08 6.931069e-14 2.058459e-08 wire4872
 4.983117e-09 1.559561e-08 2.429730e-14 2.057875e-08 max_cap7949
 4.316814e-09 1.624874e-08 7.095132e-14 2.056562e-08 fanout12259
 4.528010e-09 1.603419e-08 2.429730e-14 2.056223e-08 max_cap6174
 5.194137e-09 1.536056e-08 6.886318e-14 2.055477e-08 wire3260
 3.503831e-09 1.704390e-08 2.429730e-14 2.054776e-08 hold6227
 5.870434e-09 1.467191e-08 6.974624e-14 2.054242e-08 wire9717
 5.877624e-09 1.464919e-08 7.485059e-14 2.052689e-08 wire3875
 7.141935e-09 1.338348e-08 6.900517e-14 2.052548e-08 wire6953
 7.573680e-09 1.295036e-08 2.429730e-14 2.052406e-08 max_cap8720
 3.294202e-09 1.722425e-08 2.429730e-14 2.051847e-08 wire5459
 6.058226e-09 1.445880e-08 7.306911e-14 2.051710e-08 wire8896
 3.754702e-09 1.673543e-08 2.429730e-14 2.049016e-08 wire5114
 1.145474e-08 9.024491e-09 2.429730e-14 2.047926e-08 wire109
 5.210814e-09 1.525854e-08 6.755305e-14 2.046942e-08 max_cap1013
 5.928644e-09 1.453140e-08 7.467845e-14 2.046011e-08 max_cap8616
 5.443991e-09 1.501321e-08 2.429730e-14 2.045722e-08 wire2339
 6.645193e-09 1.379017e-08 2.429730e-14 2.043538e-08 max_cap3640
 5.430071e-09 1.498201e-08 6.988111e-14 2.041215e-08 wire5464
 4.936984e-09 1.546256e-08 6.942223e-14 2.039961e-08 wire5210
 4.972891e-09 1.541761e-08 6.941953e-14 2.039057e-08 wire5209
 3.927743e-09 1.645708e-08 2.429730e-14 2.038485e-08 max_cap9099
 4.215392e-09 1.616880e-08 2.429730e-14 2.038422e-08 max_cap3206
 5.055763e-09 1.532055e-08 2.429730e-14 2.037634e-08 max_cap6900
 4.141268e-09 1.623335e-08 1.116884e-13 2.037473e-08 fanout3745
 5.387240e-09 1.498102e-08 2.429730e-14 2.036829e-08 wire4332
 7.173790e-09 1.319364e-08 2.429730e-14 2.036746e-08 max_cap3602
 5.608711e-09 1.475869e-08 2.429730e-14 2.036743e-08 wire7029
 5.720438e-09 1.463504e-08 2.429730e-14 2.035550e-08 max_cap3614
 5.500179e-09 1.482513e-08 6.876497e-14 2.032538e-08 wire3287
 5.179449e-09 1.514003e-08 2.429730e-14 2.031950e-08 wire6897
 7.081530e-09 1.323549e-08 6.900811e-14 2.031709e-08 wire6954
 5.348713e-09 1.496260e-08 2.429730e-14 2.031134e-08 max_cap4334
 1.248972e-08 7.816071e-09 2.429730e-14 2.030582e-08 wire104
 4.191268e-09 1.608925e-08 6.895850e-14 2.028059e-08 max_cap7407
 5.761114e-09 1.450303e-08 6.896918e-14 2.026422e-08 max_cap9683
 9.644554e-09 1.061824e-08 7.051461e-14 2.026287e-08 wire2752
 6.446794e-09 1.381289e-08 6.913269e-14 2.025976e-08 wire4940
 3.695152e-09 1.656029e-08 2.429730e-14 2.025547e-08 wire5283
 2.837131e-09 1.741347e-08 7.797163e-14 2.025068e-08 wire376
 5.112914e-09 1.512598e-08 7.246568e-14 2.023897e-08 wire9829
 5.166619e-09 1.506904e-08 6.917520e-14 2.023573e-08 wire4177
 6.718595e-09 1.349526e-08 7.344344e-14 2.021392e-08 wire6324
 5.568405e-09 1.462622e-08 2.429730e-14 2.019465e-08 wire3560
 5.201834e-09 1.496715e-08 6.875177e-14 2.016905e-08 wire2175
 6.550555e-09 1.361617e-08 6.885328e-14 2.016680e-08 wire6066
 5.294624e-09 1.487169e-08 6.912836e-14 2.016638e-08 wire7038
 5.686855e-09 1.447033e-08 6.944437e-14 2.015726e-08 wire6369
 3.598071e-09 1.655509e-08 2.429730e-14 2.015319e-08 wire7565
 6.520068e-09 1.362764e-08 2.429730e-14 2.014773e-08 wire1793
 5.549037e-09 1.458596e-08 7.344652e-14 2.013507e-08 wire4213
 5.420343e-09 1.470355e-08 6.873432e-14 2.012397e-08 wire7452
 5.018549e-09 1.509694e-08 2.429730e-14 2.011551e-08 wire3823
 4.935912e-09 1.517587e-08 6.888466e-14 2.011185e-08 wire3851
 5.128328e-09 1.497983e-08 2.429730e-14 2.010818e-08 wire4989
 5.339735e-09 1.476363e-08 6.967523e-14 2.010343e-08 wire7279
 4.009836e-09 1.608010e-08 6.908597e-14 2.009000e-08 max_cap3077
 5.098248e-09 1.497649e-08 2.429730e-14 2.007476e-08 max_cap5076
 5.642395e-09 1.442993e-08 6.912290e-14 2.007239e-08 wire3094
 5.018742e-09 1.505080e-08 6.849366e-14 2.006961e-08 wire3226
 5.493147e-09 1.455880e-08 7.300319e-14 2.005202e-08 wire6785
 5.131199e-09 1.492047e-08 6.922190e-14 2.005173e-08 wire4292
 6.401340e-09 1.364800e-08 6.879430e-14 2.004941e-08 wire7722
 7.504361e-09 1.253984e-08 2.429730e-14 2.004422e-08 wire1969
 5.636257e-09 1.440255e-08 6.988464e-14 2.003887e-08 wire7760
 5.456839e-09 1.458181e-08 6.978677e-14 2.003872e-08 wire7796
 5.606795e-09 1.443069e-08 6.931728e-14 2.003756e-08 wire5216
 3.051439e-09 1.697305e-08 2.429730e-14 2.002451e-08 hold6251
 7.587606e-09 1.242160e-08 2.429730e-14 2.000923e-08 wire1868
 4.249662e-09 1.575921e-08 6.884711e-14 2.000895e-08 wire4903
 3.069029e-09 1.693593e-08 6.882385e-14 2.000503e-08 max_cap11629
 6.318655e-09 1.367349e-08 7.413800e-14 1.999222e-08 wire6978
 3.959155e-09 1.603200e-08 2.429730e-14 1.999118e-08 wire6983
 5.949345e-09 1.402908e-08 7.315483e-14 1.997850e-08 wire4657
 5.420531e-09 1.453800e-08 6.873775e-14 1.995860e-08 wire7456
 4.859339e-09 1.509908e-08 6.924192e-14 1.995849e-08 wire6717
 5.393166e-09 1.454124e-08 7.285713e-14 1.993448e-08 wire9026
 5.571668e-09 1.435646e-08 2.429730e-14 1.992815e-08 wire4336
 5.361522e-09 1.453596e-08 6.869060e-14 1.989756e-08 wire7745
 5.472797e-09 1.442000e-08 6.988110e-14 1.989287e-08 wire7756
 5.465474e-09 1.442363e-08 6.844442e-14 1.988917e-08 wire4975
 4.498724e-09 1.538629e-08 7.039724e-14 1.988508e-08 wire11165
 5.472924e-09 1.440616e-08 2.429730e-14 1.987911e-08 wire7031
 4.014413e-09 1.584658e-08 7.654732e-14 1.986107e-08 wire11090
 5.260498e-09 1.460024e-08 6.922748e-14 1.986081e-08 wire6350
 5.303165e-09 1.454455e-08 7.020854e-14 1.984779e-08 wire9422
 8.902270e-09 1.094350e-08 2.429730e-14 1.984579e-08 wire348
 4.949546e-09 1.488400e-08 6.888558e-14 1.983362e-08 wire3845
 5.613138e-09 1.421708e-08 2.429730e-14 1.983024e-08 wire3564
 5.188647e-09 1.463493e-08 6.956454e-14 1.982365e-08 wire4626
 7.574966e-09 1.224508e-08 2.429730e-14 1.982007e-08 max_cap1552
 7.030106e-09 1.278832e-08 6.920495e-14 1.981849e-08 wire6293
 6.440965e-09 1.337462e-08 2.429730e-14 1.981561e-08 wire8562
 5.184486e-09 1.461826e-08 2.429730e-14 1.980277e-08 wire4327
 5.963173e-09 1.381239e-08 2.429730e-14 1.977559e-08 wire4378
 5.160237e-09 1.461110e-08 6.841879e-14 1.977140e-08 wire9252
 4.005474e-09 1.575685e-08 2.429730e-14 1.976235e-08 wire6076
 5.168166e-09 1.458887e-08 6.869296e-14 1.975710e-08 wire4222
 4.584433e-09 1.516752e-08 2.429730e-14 1.975198e-08 max_cap11037
 4.831319e-09 1.491709e-08 2.429730e-14 1.974843e-08 hold5997
 5.399434e-09 1.434614e-08 2.429730e-14 1.974560e-08 wire2097
 6.204409e-09 1.354062e-08 2.429730e-14 1.974506e-08 wire2579
 5.377640e-09 1.435640e-08 6.869097e-14 1.973411e-08 wire7750
 7.970722e-09 1.174616e-08 2.429730e-14 1.971691e-08 max_cap3711
 6.298875e-09 1.340857e-08 2.429730e-14 1.970747e-08 max_cap2577
 6.206158e-09 1.350105e-08 7.309016e-14 1.970728e-08 max_cap7495
 5.185384e-09 1.451823e-08 2.429730e-14 1.970364e-08 max_cap4328
 3.580505e-09 1.611519e-08 2.429730e-14 1.969572e-08 max_cap9975
 4.127218e-09 1.554313e-08 2.429730e-14 1.967037e-08 hold7647
 4.747583e-09 1.490524e-08 2.429730e-14 1.965284e-08 wire2979
 4.832626e-09 1.481903e-08 6.857777e-14 1.965172e-08 wire3410
 5.728420e-09 1.392154e-08 2.429730e-14 1.964998e-08 max_cap3172
 4.997344e-09 1.464886e-08 6.879869e-14 1.964627e-08 wire3479
 6.327248e-09 1.331339e-08 6.904192e-14 1.964071e-08 max_cap4417
 4.140346e-09 1.549800e-08 2.429730e-14 1.963837e-08 max_cap4276
 5.867091e-09 1.377097e-08 7.308183e-14 1.963814e-08 wire7683
 5.194996e-09 1.443813e-08 6.917271e-14 1.963319e-08 wire4176
 3.425468e-09 1.619524e-08 2.429730e-14 1.962074e-08 max_cap4231
 4.658299e-09 1.494103e-08 6.905935e-14 1.959940e-08 max_cap11610
 6.605112e-09 1.298211e-08 2.429730e-14 1.958725e-08 wire1800
 5.112723e-09 1.445582e-08 7.839797e-14 1.956862e-08 max_cap544
 4.866119e-09 1.470093e-08 6.924374e-14 1.956712e-08 max_cap6722
 5.231153e-09 1.432675e-08 6.829048e-14 1.955797e-08 wire4615
 5.124674e-09 1.442899e-08 2.429730e-14 1.955369e-08 max_cap4112
 1.179563e-08 7.750168e-09 2.429730e-14 1.954583e-08 wire68
 5.533947e-09 1.401108e-08 6.891733e-14 1.954509e-08 wire4463
 5.100977e-09 1.444082e-08 6.857247e-14 1.954186e-08 max_cap3251
 2.839419e-09 1.670224e-08 7.794538e-14 1.954174e-08 fanout2701
 5.745803e-09 1.379106e-08 6.933993e-14 1.953693e-08 max_cap9795
 2.871578e-09 1.666499e-08 7.797180e-14 1.953665e-08 max_cap396
 5.779020e-09 1.375026e-08 2.429730e-14 1.952931e-08 wire4376
 4.638528e-09 1.488857e-08 6.806499e-14 1.952717e-08 wire7391
 5.382855e-09 1.414335e-08 2.429730e-14 1.952623e-08 wire5939
 3.599001e-09 1.592237e-08 2.429730e-14 1.952140e-08 wire7422
 5.731820e-09 1.378876e-08 6.893181e-14 1.952065e-08 wire3511
 7.044822e-09 1.247474e-08 2.429730e-14 1.951959e-08 max_cap3696
 6.283203e-09 1.322468e-08 2.429730e-14 1.950791e-08 max_cap3680
 4.867489e-09 1.462695e-08 6.924208e-14 1.949451e-08 wire6715
 4.573200e-09 1.491471e-08 6.927714e-14 1.948798e-08 wire6577
 4.954010e-09 1.452611e-08 7.741507e-14 1.948020e-08 wire2108
 6.788505e-09 1.268850e-08 2.429730e-14 1.947703e-08 max_cap3761
 5.241781e-09 1.423027e-08 7.650669e-14 1.947213e-08 max_cap4637
 5.891838e-09 1.357335e-08 7.270894e-14 1.946526e-08 max_cap10918
 5.446058e-09 1.400537e-08 6.945161e-14 1.945150e-08 wire5982
 5.062870e-09 1.437855e-08 2.429730e-14 1.944145e-08 wire6894
 5.667515e-09 1.376921e-08 6.944216e-14 1.943679e-08 wire6378
 5.118653e-09 1.431672e-08 6.987529e-14 1.943544e-08 wire7754
 5.329275e-09 1.409591e-08 7.121996e-14 1.942525e-08 max_cap6887
 6.359000e-09 1.306590e-08 2.429730e-14 1.942493e-08 max_cap3572
 6.738495e-09 1.267928e-08 7.520419e-14 1.941785e-08 wire5265
 5.395359e-09 1.400682e-08 2.429730e-14 1.940220e-08 wire4330
 5.702482e-09 1.369020e-08 6.885941e-14 1.939275e-08 wire5064
 5.114968e-09 1.427220e-08 6.855385e-14 1.938723e-08 wire3243
 5.889721e-09 1.349172e-08 6.861586e-14 1.938151e-08 wire5360
 3.585895e-09 1.579523e-08 1.167542e-13 1.938125e-08 fanout9644
 4.709366e-09 1.466702e-08 2.429730e-14 1.937641e-08 max_cap3594
 5.598463e-09 1.373985e-08 7.645453e-14 1.933839e-08 max_cap7717
 5.395385e-09 1.393310e-08 7.284922e-14 1.932856e-08 wire9022
 6.965230e-09 1.234023e-08 6.920778e-14 1.930553e-08 wire6294
 5.646956e-09 1.364322e-08 6.912104e-14 1.929025e-08 max_cap3093
 3.350713e-09 1.593693e-08 2.429730e-14 1.928766e-08 wire3104
 3.542632e-09 1.574403e-08 2.429730e-14 1.928668e-08 hold4152
 2.846393e-09 1.642337e-08 6.796733e-14 1.926983e-08 fanout9917
 5.260801e-09 1.400414e-08 6.865548e-14 1.926501e-08 wire5373
 7.201368e-09 1.203528e-08 2.429730e-14 1.923667e-08 wire1844
 3.710055e-09 1.552202e-08 2.429730e-14 1.923210e-08 wire8894
 4.825275e-09 1.439886e-08 6.866418e-14 1.922420e-08 wire5435
 5.884305e-09 1.332239e-08 6.914341e-14 1.920676e-08 wire3544
 4.435910e-09 1.476191e-08 2.429730e-14 1.919784e-08 max_cap3656
 7.403462e-09 1.178124e-08 2.429730e-14 1.918473e-08 max_cap1455
 3.635363e-09 1.554735e-08 2.429730e-14 1.918274e-08 wire9719
 5.422050e-09 1.375144e-08 6.844396e-14 1.917356e-08 wire4977
 4.944595e-09 1.422298e-08 6.940825e-14 1.916765e-08 wire5200
 4.848583e-09 1.430733e-08 6.899629e-14 1.915599e-08 wire6737
 4.905225e-09 1.423722e-08 6.885950e-14 1.914252e-08 wire3255
 3.205317e-09 1.593680e-08 2.429730e-14 1.914214e-08 wire5374
 4.467379e-09 1.466145e-08 6.863806e-14 1.912890e-08 wire7270
 4.754642e-09 1.436617e-08 6.931151e-14 1.912088e-08 wire7769
 5.646439e-09 1.347260e-08 6.912104e-14 1.911911e-08 wire3092
 5.431201e-09 1.368418e-08 6.753820e-14 1.911544e-08 max_cap624
 4.306110e-09 1.480454e-08 6.888196e-14 1.911072e-08 wire3850
 3.749298e-09 1.535964e-08 2.429730e-14 1.910897e-08 wire5101
 1.685286e-09 1.740636e-08 2.429730e-14 1.909167e-08 max_cap12293
 5.391906e-09 1.369563e-08 6.914247e-14 1.908760e-08 wire3103
 3.590584e-09 1.548048e-08 1.167697e-13 1.907118e-08 fanout9638
 3.278960e-09 1.579016e-08 2.429730e-14 1.906914e-08 wire3102
 5.159277e-09 1.390065e-08 6.855801e-14 1.905999e-08 wire3245
 8.860057e-09 1.018327e-08 2.429730e-14 1.904336e-08 wire1762
 4.999570e-09 1.404278e-08 2.429730e-14 1.904238e-08 max_cap347
 6.483223e-09 1.254762e-08 7.288443e-14 1.903091e-08 max_cap10190
 4.326546e-09 1.470047e-08 2.429730e-14 1.902704e-08 max_cap6340
 5.542252e-09 1.348245e-08 7.433489e-14 1.902477e-08 max_cap7968
 6.756507e-09 1.226555e-08 7.344079e-14 1.902213e-08 wire6323
 5.049077e-09 1.397239e-08 6.848802e-14 1.902154e-08 wire2621
 4.375134e-09 1.463740e-08 2.429730e-14 1.901256e-08 max_cap4519
 6.725350e-09 1.227718e-08 2.429730e-14 1.900255e-08 wire3471
 5.175097e-09 1.382547e-08 6.856212e-14 1.900064e-08 wire3247
 6.437677e-09 1.255784e-08 6.863419e-14 1.899559e-08 wire5898
 5.386673e-09 1.358670e-08 6.753495e-14 1.897344e-08 max_cap885
 5.756795e-09 1.321605e-08 7.442386e-14 1.897292e-08 max_cap8497
 4.505498e-09 1.446143e-08 6.863108e-14 1.896700e-08 wire2995
 3.263757e-09 1.570097e-08 2.429730e-14 1.896475e-08 max_cap11290
 6.494809e-09 1.246647e-08 7.837083e-14 1.896136e-08 max_cap941
 4.942737e-09 1.401417e-08 6.941367e-14 1.895698e-08 wire5203
 1.686059e-09 1.726832e-08 2.429730e-14 1.895441e-08 max_cap12298
 5.082037e-09 1.387092e-08 6.922494e-14 1.895303e-08 wire6349
 2.850825e-09 1.609936e-08 7.791616e-14 1.895026e-08 fanout9851
 5.062641e-09 1.388329e-08 6.849043e-14 1.894600e-08 wire3225
 5.585667e-09 1.335887e-08 6.876097e-14 1.894460e-08 wire3286
 3.438605e-09 1.550243e-08 2.429730e-14 1.894106e-08 wire11051
 9.504591e-09 9.430319e-09 2.429730e-14 1.893493e-08 wire2207
 6.244992e-09 1.268183e-08 2.429730e-14 1.892684e-08 max_cap1539
 3.364274e-09 1.555796e-08 2.429730e-14 1.892226e-08 wire5987
 5.230265e-09 1.369184e-08 7.080313e-14 1.892218e-08 max_cap8415
 4.401340e-09 1.449930e-08 2.429730e-14 1.890066e-08 max_cap6339
 4.683562e-09 1.420573e-08 2.429730e-14 1.888932e-08 wire3049
 5.045973e-09 1.383972e-08 2.429730e-14 1.888571e-08 max_cap3914
 6.375464e-09 1.249062e-08 6.803576e-14 1.886615e-08 max_cap274
 4.840846e-09 1.401705e-08 2.429730e-14 1.885792e-08 wire7464
 5.069098e-09 1.378039e-08 6.921812e-14 1.884956e-08 max_cap7367
 4.956644e-09 1.389193e-08 6.880115e-14 1.884864e-08 wire3480
 3.800645e-09 1.504447e-08 2.429730e-14 1.884514e-08 hold1943
 3.427042e-09 1.540418e-08 2.429730e-14 1.883125e-08 wire3288
 5.950951e-09 1.287644e-08 6.923399e-14 1.882746e-08 wire7373
 5.452535e-09 1.336516e-08 6.872598e-14 1.881776e-08 wire7448
 5.828618e-09 1.298853e-08 7.437357e-14 1.881722e-08 wire9243
 8.178633e-09 1.063044e-08 2.429730e-14 1.880909e-08 wire1711
 5.535402e-09 1.323410e-08 2.429730e-14 1.876953e-08 max_cap5398
 4.485396e-09 1.427606e-08 2.429730e-14 1.876148e-08 wire2476
 5.360230e-09 1.340005e-08 7.247168e-14 1.876036e-08 max_cap9841
 5.741679e-09 1.301789e-08 2.429730e-14 1.875959e-08 max_cap3606
 6.013080e-09 1.274225e-08 2.429730e-14 1.875536e-08 wire2386
 3.625102e-09 1.512845e-08 6.841578e-14 1.875362e-08 wire2736
 6.087908e-09 1.264923e-08 7.313413e-14 1.873721e-08 max_cap10141
 5.547720e-09 1.317022e-08 7.344651e-14 1.871801e-08 wire4212
 4.990563e-09 1.372283e-08 6.912631e-14 1.871346e-08 wire4931
 4.448343e-09 1.424933e-08 2.429730e-14 1.869770e-08 wire7349
 7.801096e-09 1.089039e-08 2.429730e-14 1.869151e-08 max_cap2633
 6.442930e-09 1.224163e-08 2.429730e-14 1.868459e-08 wire1978
 7.868770e-09 1.081427e-08 2.429730e-14 1.868307e-08 wire2121
 4.661051e-09 1.402129e-08 6.872193e-14 1.868241e-08 wire4542
 5.163561e-09 1.351468e-08 2.429730e-14 1.867827e-08 wire5934
 5.096038e-09 1.356667e-08 2.429730e-14 1.866273e-08 wire4993
 5.313850e-09 1.333145e-08 2.429730e-14 1.864533e-08 max_cap3316
 3.435816e-09 1.519699e-08 2.429730e-14 1.863283e-08 wire4224
 4.948103e-09 1.368360e-08 7.839726e-14 1.863179e-08 max_cap507
 4.735528e-09 1.388731e-08 6.937752e-14 1.862291e-08 wire6540
 6.755248e-09 1.186224e-08 7.352539e-14 1.861756e-08 wire4732
 4.837954e-09 1.377051e-08 6.895861e-14 1.860854e-08 wire4780
 3.584766e-09 1.501990e-08 2.429730e-14 1.860469e-08 wire7569
 5.235451e-09 1.334499e-08 6.913770e-14 1.858051e-08 wire7041
 6.014831e-09 1.256289e-08 2.429730e-14 1.857774e-08 wire2422
 4.658301e-09 1.390201e-08 7.687219e-14 1.856039e-08 max_cap11606
 3.581218e-09 1.497758e-08 1.167557e-13 1.855892e-08 fanout9648
 4.766208e-09 1.379084e-08 6.937166e-14 1.855712e-08 wire6537
 5.512415e-09 1.304420e-08 7.528833e-14 1.855669e-08 max_cap8364
 4.824004e-09 1.372865e-08 7.329747e-14 1.855273e-08 wire11681
 7.416776e-09 1.113330e-08 2.429730e-14 1.855010e-08 max_cap1652
 5.180598e-09 1.336477e-08 6.885011e-14 1.854544e-08 wire6629
 2.088843e-09 1.645237e-08 6.825717e-14 1.854128e-08 wire2713
 3.171546e-09 1.536547e-08 2.429730e-14 1.853704e-08 wire6347
 4.486045e-09 1.404538e-08 6.921460e-14 1.853149e-08 wire4431
 8.642020e-09 9.888708e-09 2.429730e-14 1.853075e-08 max_cap2197
 4.332432e-09 1.419486e-08 2.429730e-14 1.852732e-08 max_cap6060
 6.220775e-09 1.230341e-08 7.239096e-14 1.852426e-08 wire2551
 4.493665e-09 1.402193e-08 2.429730e-14 1.851562e-08 wire4725
 4.500951e-09 1.401253e-08 2.429730e-14 1.851351e-08 wire6199
 3.975753e-09 1.451767e-08 2.429730e-14 1.849345e-08 max_cap4935
 4.253613e-09 1.423890e-08 2.429730e-14 1.849253e-08 max_cap7123
 5.071059e-09 1.341454e-08 6.955566e-14 1.848566e-08 wire4622
 4.295475e-09 1.418545e-08 7.015391e-14 1.848100e-08 wire9260
 5.273071e-09 1.320061e-08 2.429730e-14 1.847371e-08 max_cap300
 4.712679e-09 1.375267e-08 6.872077e-14 1.846542e-08 wire4548
 4.372619e-09 1.408403e-08 6.850572e-14 1.845672e-08 wire6399
 3.988930e-09 1.446708e-08 2.429730e-14 1.845603e-08 max_cap4933
 4.844287e-09 1.360000e-08 6.899621e-14 1.844436e-08 wire6742
 7.023807e-09 1.141537e-08 6.920375e-14 1.843925e-08 wire6292
 4.196061e-09 1.424134e-08 2.429730e-14 1.843743e-08 wire4733
 5.282512e-09 1.315067e-08 6.930499e-14 1.843325e-08 wire4873
 5.199323e-09 1.322173e-08 6.978648e-14 1.842113e-08 wire7799
 6.770978e-09 1.164211e-08 2.429730e-14 1.841311e-08 max_cap3700
 5.402364e-09 1.299936e-08 6.986680e-14 1.840180e-08 wire5465
 5.188083e-09 1.320983e-08 7.835611e-14 1.839799e-08 max_cap1022
 4.557123e-09 1.383876e-08 7.001203e-14 1.839595e-08 wire11514
 4.973751e-09 1.342003e-08 2.429730e-14 1.839381e-08 max_cap8111
 4.344423e-09 1.403642e-08 2.429730e-14 1.838086e-08 wire5393
 2.860571e-09 1.551340e-08 7.729392e-14 1.837405e-08 fanout2322
 7.879036e-09 1.048163e-08 2.429730e-14 1.836069e-08 wire2122
 5.183153e-09 1.317689e-08 2.429730e-14 1.836007e-08 max_cap6895
 4.715092e-09 1.364421e-08 6.937700e-14 1.835937e-08 wire6531
 5.636857e-09 1.271930e-08 7.115821e-14 1.835622e-08 max_cap7935
 2.561966e-09 1.578169e-08 2.429730e-14 1.834368e-08 wire7245
 9.614141e-09 8.717148e-09 2.429730e-14 1.833131e-08 wire231
 1.200574e-08 6.321627e-09 2.429730e-14 1.832739e-08 wire67
 7.733406e-09 1.059339e-08 2.429730e-14 1.832682e-08 wire1860
 3.572226e-09 1.475446e-08 2.429730e-14 1.832671e-08 hold5878
 5.468445e-09 1.284049e-08 6.873109e-14 1.830901e-08 wire7451
 7.749770e-09 1.055536e-08 2.429730e-14 1.830515e-08 wire1952
 3.359054e-09 1.493462e-08 2.429730e-14 1.829370e-08 wire4464
 4.889235e-09 1.339192e-08 7.040252e-14 1.828122e-08 wire6254
 5.337942e-09 1.293643e-08 6.865461e-14 1.827445e-08 wire5371
 5.960481e-09 1.231130e-08 7.285863e-14 1.827186e-08 max_cap10123
 5.244154e-09 1.301108e-08 6.875885e-14 1.825530e-08 wire2177
 5.078546e-09 1.315781e-08 2.429730e-14 1.823638e-08 max_cap8171
 4.762833e-09 1.347160e-08 6.924931e-14 1.823450e-08 wire6723
 1.247697e-08 5.750328e-09 1.497369e-13 1.822744e-08 output14
 5.246465e-09 1.298005e-08 2.429730e-14 1.822654e-08 wire5936
 5.488567e-09 1.273761e-08 7.491760e-14 1.822625e-08 max_cap8518
 6.918443e-09 1.130507e-08 7.484698e-14 1.822359e-08 wire5392
 5.121771e-09 1.309890e-08 6.987100e-14 1.822074e-08 wire7752
 5.775944e-09 1.243622e-08 6.756030e-14 1.821223e-08 max_cap903
 4.189489e-09 1.401186e-08 6.860257e-14 1.820142e-08 wire7468
 2.376604e-09 1.580559e-08 6.811340e-14 1.818226e-08 wire2144
 1.817492e-08 0.000000e+00 1.323718e-13 1.817506e-08 clkload144
 4.517790e-09 1.365541e-08 6.863360e-14 1.817327e-08 wire7268
 4.543816e-09 1.362597e-08 6.936608e-14 1.816985e-08 wire6533
 5.043026e-09 1.310734e-08 6.906272e-14 1.815043e-08 wire3365
 6.820341e-09 1.132604e-08 6.933608e-14 1.814645e-08 wire6890
 4.763069e-09 1.338169e-08 6.924931e-14 1.814483e-08 max_cap6724
 4.864888e-09 1.327855e-08 6.924375e-14 1.814351e-08 wire6716
 6.074814e-09 1.206485e-08 6.890891e-14 1.813973e-08 wire6771
 2.892621e-09 1.524250e-08 2.429730e-14 1.813514e-08 wire6578
 6.149585e-09 1.198412e-08 7.239520e-14 1.813377e-08 wire2553
 3.688491e-09 1.444423e-08 2.429730e-14 1.813274e-08 max_cap7372
 4.944357e-09 1.318709e-08 6.904740e-14 1.813151e-08 wire3269
 5.088967e-09 1.303484e-08 6.956025e-14 1.812388e-08 wire4624
 3.385850e-09 1.472995e-08 2.429730e-14 1.811582e-08 wire4215
 8.468848e-09 9.634743e-09 2.429730e-14 1.810362e-08 wire1695
 4.904285e-09 1.319204e-08 6.834218e-14 1.809640e-08 wire7622
 5.669620e-09 1.242178e-08 7.274400e-14 1.809148e-08 wire7154
 5.332946e-09 1.275171e-08 2.429730e-14 1.808468e-08 max_cap8073
 5.487939e-09 1.259149e-08 7.838131e-14 1.807950e-08 max_cap629
 5.041592e-09 1.302186e-08 6.910904e-14 1.806352e-08 wire7597
 5.733149e-09 1.232887e-08 6.860770e-14 1.806209e-08 wire4816
 4.153758e-09 1.387697e-08 2.429730e-14 1.803075e-08 wire6326
 5.519538e-09 1.250950e-08 2.429730e-14 1.802907e-08 wire3058
 5.356489e-09 1.267100e-08 6.987169e-14 1.802756e-08 wire5460
 4.542085e-09 1.348263e-08 2.429730e-14 1.802474e-08 max_cap8598
 5.222898e-09 1.280034e-08 2.429730e-14 1.802326e-08 wire2737
 4.535250e-09 1.348147e-08 2.429730e-14 1.801675e-08 max_cap6183
 4.864225e-09 1.314463e-08 6.924374e-14 1.800892e-08 wire6721
 5.163802e-09 1.284391e-08 2.429730e-14 1.800774e-08 wire6896
 4.977704e-09 1.302268e-08 6.941121e-14 1.800045e-08 wire5202
 8.229858e-09 9.766141e-09 2.429730e-14 1.799602e-08 wire1712
 5.400706e-09 1.259201e-08 6.987795e-14 1.799279e-08 wire5469
 2.974247e-09 1.499461e-08 2.429730e-14 1.796888e-08 wire4543
 5.338485e-09 1.262859e-08 7.480728e-14 1.796715e-08 max_cap8291
 6.655262e-09 1.131038e-08 7.284553e-14 1.796572e-08 max_cap10834
 6.217384e-09 1.174247e-08 7.239215e-14 1.795993e-08 wire2552
 8.709462e-09 9.245975e-09 2.429730e-14 1.795546e-08 wire2196
 5.172061e-09 1.278056e-08 6.885357e-14 1.795269e-08 wire6631
 4.532547e-09 1.341585e-08 6.874799e-14 1.794846e-08 wire2174
 4.975599e-09 1.296425e-08 2.429730e-14 1.793988e-08 max_cap1612
 4.790603e-09 1.313987e-08 6.937339e-14 1.793055e-08 wire6530
 5.151978e-09 1.277420e-08 6.886593e-14 1.792625e-08 wire3261
 4.514800e-09 1.340460e-08 2.429730e-14 1.791943e-08 wire8460
 7.921930e-09 9.996698e-09 2.429730e-14 1.791865e-08 max_cap1602
 6.763459e-09 1.115412e-08 7.343949e-14 1.791765e-08 wire6322
 5.521799e-09 1.239508e-08 6.988420e-14 1.791695e-08 max_cap5472
 4.659156e-09 1.325306e-08 7.029537e-14 1.791228e-08 wire9564
 4.202896e-09 1.370631e-08 2.429730e-14 1.790923e-08 wire6892
 4.157425e-09 1.374752e-08 6.867873e-14 1.790501e-08 max_cap7740
 4.903328e-09 1.298547e-08 6.833867e-14 1.788886e-08 wire7617
 4.939129e-09 1.294053e-08 6.921995e-14 1.787973e-08 wire4295
 3.352178e-09 1.451532e-08 2.429730e-14 1.786752e-08 max_cap5467
 4.999060e-09 1.286713e-08 6.921740e-14 1.786625e-08 wire4290
 5.591839e-09 1.226928e-08 2.429730e-14 1.786115e-08 wire2932
 6.487479e-09 1.137283e-08 2.429730e-14 1.786033e-08 wire1801
 3.198897e-09 1.465922e-08 2.429730e-14 1.785814e-08 wire11137
 5.761575e-09 1.209436e-08 6.885656e-14 1.785600e-08 max_cap5063
 5.135405e-09 1.272043e-08 6.849600e-14 1.785590e-08 wire3219
 3.378499e-09 1.447067e-08 2.429730e-14 1.784919e-08 hold4278
 1.681522e-08 1.032650e-09 7.133365e-13 1.784858e-08 fanout12162
 4.734268e-09 1.311178e-08 7.330117e-14 1.784612e-08 wire11682
 6.493737e-09 1.134588e-08 2.429730e-14 1.783964e-08 wire1799
 4.934618e-09 1.289325e-08 6.888859e-14 1.782794e-08 wire3855
 3.781709e-09 1.403888e-08 2.429730e-14 1.782061e-08 max_cap3293
 5.767577e-09 1.204319e-08 2.429730e-14 1.781080e-08 max_cap5707
 3.475723e-09 1.433501e-08 2.429730e-14 1.781076e-08 hold9906
 4.043435e-09 1.376296e-08 2.429730e-14 1.780642e-08 max_cap3553
 5.190865e-09 1.260946e-08 6.885674e-14 1.780039e-08 wire6633
 2.841581e-09 1.494170e-08 7.794892e-14 1.778336e-08 fanout2694
 4.315545e-09 1.346762e-08 6.905164e-14 1.778323e-08 wire3362
 4.533117e-09 1.324841e-08 6.888415e-14 1.778160e-08 wire5016
 2.186169e-09 1.559376e-08 7.755775e-14 1.778000e-08 wire9005
 3.444649e-09 1.432734e-08 2.429730e-14 1.777202e-08 wire11081
 3.458861e-09 1.430918e-08 2.429730e-14 1.776807e-08 hold289
 3.998184e-09 1.376466e-08 2.429730e-14 1.776286e-08 max_cap6071
 5.726740e-09 1.203070e-08 6.893817e-14 1.775751e-08 wire3505
 5.519096e-09 1.222805e-08 6.957622e-14 1.774722e-08 max_cap4204
 3.535296e-09 1.420634e-08 2.429730e-14 1.774167e-08 wire4809
 6.331848e-09 1.140510e-08 6.938748e-14 1.773702e-08 wire7485
 3.360133e-09 1.436990e-08 2.429730e-14 1.773006e-08 hold6208
 5.335486e-09 1.237552e-08 6.912561e-14 1.771108e-08 wire7037
 7.443152e-09 1.025530e-08 2.429730e-14 1.769848e-08 wire1984
 5.573636e-09 1.212436e-08 2.429730e-14 1.769802e-08 max_cap3565
 5.833450e-09 1.186303e-08 6.877542e-14 1.769655e-08 wire3291
 3.135412e-09 1.455875e-08 2.429730e-14 1.769419e-08 wire4814
 4.555390e-09 1.313258e-08 7.001587e-14 1.768804e-08 wire11516
 4.617705e-09 1.306637e-08 6.863335e-14 1.768415e-08 wire3002
 3.125541e-09 1.454912e-08 1.610982e-13 1.767483e-08 fanout2704
 5.166308e-09 1.250841e-08 6.918226e-14 1.767478e-08 wire5136
 5.152112e-09 1.251709e-08 6.918182e-14 1.766927e-08 wire5138
 4.600897e-09 1.306521e-08 6.963771e-14 1.766618e-08 wire9401
 5.414775e-09 1.225090e-08 6.944867e-14 1.766575e-08 wire5989
 5.111481e-09 1.254749e-08 6.842506e-14 1.765904e-08 wire9255
 4.467185e-09 1.318383e-08 2.429730e-14 1.765104e-08 max_cap6194
 5.623277e-09 1.202696e-08 7.472485e-14 1.765031e-08 wire11109
 5.993213e-09 1.165575e-08 2.429730e-14 1.764899e-08 max_cap4377
 7.623533e-09 1.001908e-08 2.429730e-14 1.764263e-08 wire2397
 3.646718e-09 1.398398e-08 2.429730e-14 1.763072e-08 wire7423
 5.738086e-09 1.188867e-08 7.330852e-14 1.762683e-08 wire11684
 3.080152e-09 1.454231e-08 2.429730e-14 1.762249e-08 wire7594
 2.959072e-09 1.466269e-08 2.429730e-14 1.762179e-08 max_cap6942
 3.024370e-09 1.459192e-08 6.811960e-14 1.761636e-08 max_cap6564
 5.390389e-09 1.221505e-08 2.429730e-14 1.760546e-08 wire5937
 8.717275e-09 8.886048e-09 2.429730e-14 1.760335e-08 wire2195
 4.297096e-09 1.329917e-08 2.429730e-14 1.759629e-08 max_cap3205
 4.901510e-09 1.269324e-08 2.429730e-14 1.759478e-08 max_cap6429
 3.446233e-09 1.413530e-08 2.429730e-14 1.758156e-08 max_cap7757
 6.902107e-09 1.067192e-08 7.353673e-14 1.757410e-08 wire4735
 4.378568e-09 1.318836e-08 6.916229e-14 1.756700e-08 wire7071
 3.116757e-09 1.444593e-08 2.429730e-14 1.756271e-08 wire6635
 5.189409e-09 1.236892e-08 6.856523e-14 1.755839e-08 wire3249
 6.490922e-09 1.106738e-08 2.429730e-14 1.755833e-08 wire1798
 5.271011e-09 1.228581e-08 2.429730e-14 1.755684e-08 max_cap5383
 4.759454e-09 1.279504e-08 6.931368e-14 1.755456e-08 wire7774
 6.616742e-09 1.092958e-08 7.503830e-14 1.754639e-08 wire7650
 3.239609e-09 1.430615e-08 2.429730e-14 1.754579e-08 wire2176
 2.548995e-09 1.498410e-08 7.803308e-14 1.753317e-08 max_cap362
 5.366254e-09 1.215824e-08 7.412523e-14 1.752456e-08 max_cap8442
 3.255818e-09 1.426221e-08 2.429730e-14 1.751805e-08 wire11108
 3.344911e-09 1.416737e-08 2.429730e-14 1.751230e-08 hold4392
 3.134401e-09 1.437506e-08 6.813536e-14 1.750953e-08 max_cap4076
 4.454948e-09 1.304993e-08 6.887977e-14 1.750495e-08 wire5014
 5.099004e-09 1.240469e-08 7.245619e-14 1.750376e-08 wire9825
 5.451510e-09 1.204799e-08 7.414491e-14 1.749957e-08 max_cap8079
 4.912300e-09 1.257252e-08 6.961235e-14 1.748489e-08 wire4246
 5.766123e-09 1.171769e-08 2.429730e-14 1.748384e-08 wire7828
 3.453094e-09 1.402774e-08 2.429730e-14 1.748086e-08 max_cap10634
 4.947937e-09 1.252609e-08 6.888890e-14 1.747410e-08 wire3847
 4.577704e-09 1.288740e-08 6.883345e-14 1.746518e-08 wire6853
 5.788500e-09 1.167145e-08 6.814721e-14 1.746002e-08 max_cap354
 5.083489e-09 1.236498e-08 6.880518e-14 1.744854e-08 wire3482
 5.155599e-09 1.229153e-08 6.917669e-14 1.744720e-08 wire4172
 4.451047e-09 1.298665e-08 6.921692e-14 1.743777e-08 wire4432
 4.713181e-09 1.271826e-08 2.429730e-14 1.743147e-08 max_cap5082
 3.864521e-09 1.355926e-08 2.429730e-14 1.742380e-08 max_cap4658
 4.249932e-09 1.315411e-08 6.794755e-14 1.740411e-08 wire6595
 5.855193e-09 1.153838e-08 2.429730e-14 1.739359e-08 wire8136
 4.297772e-09 1.309004e-08 6.918184e-14 1.738788e-08 max_cap6116
 5.379223e-09 1.200686e-08 7.468055e-14 1.738616e-08 max_cap8058
 6.265810e-09 1.112003e-08 7.503563e-14 1.738592e-08 wire7649
 4.311671e-09 1.306978e-08 6.890392e-14 1.738152e-08 wire4457
 6.201580e-09 1.116275e-08 2.429730e-14 1.736436e-08 max_cap2586
 5.094730e-09 1.225095e-08 2.429730e-14 1.734570e-08 max_cap4994
 3.419834e-09 1.391904e-08 2.429730e-14 1.733890e-08 wire4216
 3.950277e-09 1.338397e-08 2.429730e-14 1.733427e-08 max_cap5159
 3.504913e-09 1.382554e-08 2.429730e-14 1.733047e-08 wire7643
 8.633378e-09 8.695009e-09 2.429730e-14 1.732841e-08 wire2205
 6.649249e-09 1.067893e-08 2.429730e-14 1.732820e-08 max_cap3698
 6.786269e-09 1.053202e-08 2.429730e-14 1.731831e-08 wire3470
 9.141215e-09 8.176320e-09 2.429730e-14 1.731756e-08 max_cap1444
 5.100459e-09 1.221198e-08 2.429730e-14 1.731247e-08 wire4988
 2.963619e-09 1.434707e-08 2.429730e-14 1.731072e-08 wire11683
 4.513311e-09 1.279528e-08 6.863191e-14 1.730866e-08 wire7267
 6.443397e-09 1.083193e-08 2.429730e-14 1.727535e-08 max_cap3660
 4.312921e-09 1.295539e-08 2.429730e-14 1.726834e-08 wire5394
 2.809223e-09 1.445897e-08 7.751934e-14 1.726827e-08 max_cap3800
 5.111753e-09 1.213437e-08 6.962080e-14 1.724620e-08 wire4241
 4.507938e-09 1.273285e-08 6.863536e-14 1.724086e-08 wire7269
 5.314214e-09 1.191111e-08 2.429730e-14 1.722535e-08 max_cap8473
 3.341702e-09 1.387936e-08 2.429730e-14 1.722109e-08 wire9582
 3.441374e-09 1.376776e-08 2.429730e-14 1.720916e-08 max_cap11130
 4.936580e-09 1.226841e-08 2.429730e-14 1.720502e-08 max_cap8391
 5.670399e-09 1.153010e-08 7.459427e-14 1.720058e-08 wire7638
 4.578570e-09 1.261655e-08 2.429730e-14 1.719514e-08 max_cap3905
 4.181749e-09 1.301206e-08 6.845734e-14 1.719388e-08 wire7587
 5.433369e-09 1.175896e-08 7.492652e-14 1.719240e-08 wire11329
 2.853915e-09 1.433678e-08 6.863086e-14 1.719076e-08 fanout2332
 2.865759e-09 1.431972e-08 7.794978e-14 1.718556e-08 fanout2692
 7.511023e-09 9.674184e-09 2.429730e-14 1.718523e-08 wire1717
 3.037517e-09 1.412579e-08 2.429730e-14 1.716334e-08 wire4247
 4.826795e-09 1.233403e-08 6.857527e-14 1.716090e-08 wire3409
 4.746449e-09 1.241394e-08 2.429730e-14 1.716041e-08 max_cap8160
 4.835864e-09 1.231909e-08 6.923937e-14 1.715503e-08 wire6718
 4.790256e-09 1.235226e-08 6.867141e-14 1.714258e-08 wire5441
 4.855345e-09 1.228581e-08 2.429730e-14 1.714118e-08 max_cap8629
 3.336680e-09 1.380044e-08 2.429730e-14 1.713714e-08 max_cap5990
 3.669103e-09 1.346383e-08 6.818238e-14 1.713300e-08 wire6623
 5.097963e-09 1.203495e-08 7.527174e-14 1.713299e-08 wire11141
 2.927113e-09 1.420571e-08 7.792003e-14 1.713290e-08 max_cap127
 5.502400e-09 1.162769e-08 2.429730e-14 1.713011e-08 wire3057
 3.716736e-09 1.341212e-08 2.429730e-14 1.712888e-08 wire11227
 4.516886e-09 1.260606e-08 6.863023e-14 1.712302e-08 wire7266
 4.346968e-09 1.277149e-08 6.910633e-14 1.711853e-08 wire7135
 4.420953e-09 1.269712e-08 6.904394e-14 1.711814e-08 wire3264
 3.356316e-09 1.374963e-08 6.865038e-14 1.710602e-08 max_cap5042
 5.840917e-09 1.125802e-08 2.429730e-14 1.709896e-08 wire8417
 5.905322e-09 1.119238e-08 2.429730e-14 1.709773e-08 wire9781
 7.953546e-09 9.128345e-09 2.429730e-14 1.708192e-08 max_cap5791
 4.806259e-09 1.227499e-08 6.848962e-14 1.708132e-08 wire3217
 3.282604e-09 1.379119e-08 2.429730e-14 1.707381e-08 wire5146
 3.295615e-09 1.377413e-08 2.429730e-14 1.706977e-08 wire11312
 4.790643e-09 1.227874e-08 7.619588e-14 1.706946e-08 wire7862
 5.012382e-09 1.205287e-08 7.149064e-14 1.706532e-08 max_cap8570
 3.494444e-09 1.356124e-08 2.429730e-14 1.705571e-08 hold6247
 7.516173e-09 9.534576e-09 2.429730e-14 1.705077e-08 wire1973
 5.092468e-09 1.195643e-08 6.956035e-14 1.704897e-08 wire4620
 5.796130e-09 1.125016e-08 2.429730e-14 1.704631e-08 wire8159
 3.482809e-09 1.356065e-08 2.429730e-14 1.704348e-08 max_cap9973
 4.744320e-09 1.229362e-08 6.871810e-14 1.703801e-08 wire4547
 5.484956e-09 1.155064e-08 7.462638e-14 1.703567e-08 max_cap8469
 3.354286e-09 1.367594e-08 2.429730e-14 1.703025e-08 hold859
 1.082423e-08 6.184373e-09 2.429730e-14 1.700863e-08 wire101
 4.116817e-09 1.288141e-08 6.889015e-14 1.699829e-08 wire6454
 4.346338e-09 1.263366e-08 6.834474e-14 1.698007e-08 wire7878
 5.802906e-09 1.117450e-08 6.895598e-14 1.697748e-08 wire6519
 4.594993e-09 1.238229e-08 6.883410e-14 1.697735e-08 wire7785
 6.536249e-09 1.043667e-08 2.429730e-14 1.697294e-08 wire1795
 5.193690e-09 1.177825e-08 2.429730e-14 1.697196e-08 max_cap6898
 4.244929e-09 1.272214e-08 6.875730e-14 1.696714e-08 wire6363
 4.208326e-09 1.275748e-08 6.845514e-14 1.696587e-08 wire7586
 6.803659e-09 1.015802e-08 2.429730e-14 1.696170e-08 wire3469
 3.361807e-09 1.359936e-08 2.429730e-14 1.696119e-08 wire5410
 3.031483e-09 1.392502e-08 2.429730e-14 1.695653e-08 wire5208
 7.604338e-09 9.339647e-09 2.429730e-14 1.694401e-08 wire2163
 6.868392e-09 1.007483e-08 2.429730e-14 1.694324e-08 max_cap1541
 4.345058e-09 1.258569e-08 2.429730e-14 1.693078e-08 max_cap10983
 5.287973e-09 1.163868e-08 6.930781e-14 1.692672e-08 wire4871
 4.412455e-09 1.250958e-08 6.912345e-14 1.692210e-08 wire4936
 5.485580e-09 1.143631e-08 2.429730e-14 1.692191e-08 max_cap5646
 4.668423e-09 1.224911e-08 6.922717e-14 1.691760e-08 wire5451
 2.664351e-09 1.424409e-08 7.727712e-14 1.690852e-08 wire11603
 8.879973e-09 8.027476e-09 2.429730e-14 1.690747e-08 wire1759
 5.663350e-09 1.124295e-08 7.425660e-14 1.690637e-08 max_cap8303
 4.995087e-09 1.190059e-08 6.922632e-14 1.689575e-08 wire6346
 4.455831e-09 1.243983e-08 6.922340e-14 1.689573e-08 wire4436
 5.740717e-09 1.115386e-08 7.459036e-14 1.689465e-08 wire7636
 6.072943e-09 1.079907e-08 2.429730e-14 1.687204e-08 max_cap3741
 6.437639e-09 1.043092e-08 2.429730e-14 1.686859e-08 max_cap1558
 4.834796e-09 1.203347e-08 2.429730e-14 1.686829e-08 wire7466
 5.305966e-09 1.156165e-08 7.020866e-14 1.686768e-08 wire9425
 6.465087e-09 1.040206e-08 2.429730e-14 1.686717e-08 max_cap1648
 3.973606e-09 1.289272e-08 2.429730e-14 1.686635e-08 wire10569
 5.766601e-09 1.109933e-08 2.429730e-14 1.686595e-08 wire7829
 3.978893e-09 1.288524e-08 2.429730e-14 1.686416e-08 wire10701
 5.055363e-09 1.180834e-08 7.560685e-14 1.686378e-08 max_cap8605
 6.162054e-09 1.069990e-08 7.314269e-14 1.686202e-08 wire7004
 4.080314e-09 1.277450e-08 6.922080e-14 1.685488e-08 wire8914
 4.807127e-09 1.204749e-08 2.429730e-14 1.685465e-08 wire6391
 5.788771e-09 1.106299e-08 2.429730e-14 1.685178e-08 max_cap1592
 6.159380e-09 1.068819e-08 7.239436e-14 1.684765e-08 wire2557
 4.180913e-09 1.265865e-08 6.846075e-14 1.683964e-08 wire7589
 5.401922e-09 1.143273e-08 7.448656e-14 1.683473e-08 max_cap8582
 4.721031e-09 1.211323e-08 6.876798e-14 1.683433e-08 wire6941
 4.379936e-09 1.245080e-08 2.429730e-14 1.683077e-08 max_cap5072
 6.174609e-09 1.065276e-08 2.429730e-14 1.682739e-08 wire2754
 3.119292e-09 1.370613e-08 2.429730e-14 1.682544e-08 wire9831
 5.717032e-09 1.110677e-08 7.498434e-14 1.682388e-08 max_cap8626
 3.493391e-09 1.332074e-08 2.429730e-14 1.681416e-08 max_cap11347
 3.194867e-09 1.361332e-08 6.827909e-14 1.680826e-08 max_cap4611
 2.962338e-09 1.383534e-08 2.429730e-14 1.679770e-08 hold4286
 4.125294e-09 1.266389e-08 6.887547e-14 1.678925e-08 wire6456
 4.372985e-09 1.241450e-08 6.874080e-14 1.678755e-08 wire2179
 5.589597e-09 1.118573e-08 2.429730e-14 1.677536e-08 max_cap8083
 5.207066e-09 1.156503e-08 2.429730e-14 1.677212e-08 wire10855
 7.733855e-09 9.033773e-09 7.294859e-14 1.676770e-08 wire7460
 6.381499e-09 1.038601e-08 2.429730e-14 1.676754e-08 max_cap8123
 3.661487e-09 1.309678e-08 7.769620e-14 1.675835e-08 max_cap9743
 4.606293e-09 1.215082e-08 6.863313e-14 1.675719e-08 wire2996
 4.239065e-09 1.250591e-08 6.884525e-14 1.674504e-08 wire4900
 3.810787e-09 1.292694e-08 2.429730e-14 1.673775e-08 wire2559
 4.497650e-09 1.221432e-08 2.429730e-14 1.671199e-08 max_cap6200
 7.574840e-09 9.134165e-09 2.429730e-14 1.670903e-08 wire2161
 5.781025e-09 1.092678e-08 2.429730e-14 1.670783e-08 wire7830
 3.169623e-09 1.353708e-08 2.429730e-14 1.670672e-08 hold10107
 4.833891e-09 1.187199e-08 2.429730e-14 1.670591e-08 wire7463
 3.419129e-09 1.326540e-08 2.429730e-14 1.668456e-08 max_cap11338
 5.242875e-09 1.143841e-08 7.526045e-14 1.668135e-08 wire11300
 3.952530e-09 1.272520e-08 6.866927e-14 1.667780e-08 wire7108
 3.359482e-09 1.331401e-08 2.429730e-14 1.667352e-08 wire9837
 4.066504e-09 1.260387e-08 2.429730e-14 1.667040e-08 wire9198
 3.108312e-09 1.355860e-08 2.429730e-14 1.666694e-08 wire3218
 6.073064e-09 1.058948e-08 6.890988e-14 1.666261e-08 wire6772
 4.624040e-09 1.203673e-08 6.929936e-14 1.666084e-08 wire4868
 3.144126e-09 1.350984e-08 2.429730e-14 1.665399e-08 hold6275
 7.855817e-09 8.793921e-09 2.429730e-14 1.664976e-08 max_cap3759
 7.309784e-09 9.331055e-09 2.429730e-14 1.664086e-08 max_cap3601
 5.160467e-09 1.147875e-08 2.429730e-14 1.663924e-08 wire6899
 5.755931e-09 1.088010e-08 2.429730e-14 1.663605e-08 wire8293
 4.026842e-09 1.260060e-08 6.882890e-14 1.662751e-08 wire6756
 4.353930e-09 1.227309e-08 2.429730e-14 1.662705e-08 max_cap1467
 4.319251e-09 1.229464e-08 6.889878e-14 1.661396e-08 wire4454
 6.210095e-09 1.040306e-08 2.429730e-14 1.661318e-08 max_cap1570
 5.072313e-09 1.153669e-08 7.465212e-14 1.660908e-08 max_cap8686
 3.848376e-09 1.274824e-08 2.429730e-14 1.659664e-08 max_cap9813
 5.667299e-09 1.092855e-08 7.498115e-14 1.659592e-08 max_cap8315
 3.324193e-09 1.326890e-08 2.429730e-14 1.659311e-08 wire7150
 3.204518e-09 1.337893e-08 2.429730e-14 1.658347e-08 wire11104
 2.937194e-09 1.364258e-08 2.429730e-14 1.657980e-08 wire7772
 5.091407e-09 1.148678e-08 7.519941e-14 1.657826e-08 max_cap8429
 8.673141e-10 1.571036e-08 6.760326e-14 1.657774e-08 max_cap370
 4.827793e-09 1.174864e-08 6.899099e-14 1.657650e-08 wire6739
 5.841876e-09 1.072951e-08 2.429730e-14 1.657141e-08 max_cap3624
 4.257222e-09 1.231226e-08 6.845833e-14 1.656955e-08 wire7240
 6.174373e-09 1.039156e-08 2.429730e-14 1.656596e-08 wire2755
 7.625213e-09 8.940097e-09 2.429730e-14 1.656533e-08 wire2401
 3.742012e-09 1.281675e-08 2.429730e-14 1.655879e-08 max_cap11281
 4.313339e-09 1.222920e-08 2.429730e-14 1.654256e-08 max_cap6585
 4.407276e-09 1.213418e-08 6.916432e-14 1.654153e-08 wire7075
 5.182165e-09 1.135583e-08 6.865001e-14 1.653806e-08 wire5368
 3.905579e-09 1.263157e-08 2.429730e-14 1.653717e-08 max_cap7491
 3.332054e-09 1.320381e-08 2.429730e-14 1.653589e-08 max_cap7395
 6.183299e-09 1.035095e-08 2.429730e-14 1.653427e-08 wire2756
 3.229541e-09 1.330379e-08 2.429730e-14 1.653335e-08 wire11134
 3.118238e-09 1.341426e-08 2.429730e-14 1.653252e-08 wire3434
 5.418884e-09 1.111210e-08 7.381960e-14 1.653106e-08 max_cap8871
 3.431925e-09 1.309897e-08 2.429730e-14 1.653092e-08 hold4357
 3.085716e-09 1.344151e-08 2.429730e-14 1.652725e-08 hold9671
 5.362172e-09 1.115313e-08 7.457504e-14 1.651538e-08 wire11220
 4.204967e-09 1.230844e-08 2.429730e-14 1.651344e-08 max_cap5691
 5.216727e-09 1.129582e-08 2.429730e-14 1.651257e-08 max_cap1494
 6.286923e-09 1.022194e-08 7.288224e-14 1.650893e-08 max_cap10751
 1.124350e-08 5.263554e-09 2.429730e-14 1.650708e-08 wire70
 1.237153e-09 1.526680e-08 2.429730e-14 1.650398e-08 max_cap11906
 4.746321e-09 1.175566e-08 2.429730e-14 1.650200e-08 wire4054
 4.314486e-09 1.218350e-08 2.429730e-14 1.649801e-08 max_cap10293
 4.361401e-09 1.213533e-08 6.835995e-14 1.649680e-08 wire9222
 4.784895e-09 1.170927e-08 7.039483e-14 1.649424e-08 wire6250
 5.571249e-09 1.092162e-08 7.379109e-14 1.649295e-08 max_cap8146
 4.794388e-09 1.168708e-08 7.039868e-14 1.648153e-08 wire6252
 2.999409e-09 1.347353e-08 2.429730e-14 1.647296e-08 wire6532
 3.517971e-09 1.295372e-08 6.846959e-14 1.647176e-08 wire6804
 4.605226e-09 1.186001e-08 6.929963e-14 1.646531e-08 wire6923
 3.899906e-09 1.256527e-08 2.429730e-14 1.646520e-08 wire5128
 3.881030e-09 1.257452e-08 2.429730e-14 1.645557e-08 wire7480
 6.916261e-09 9.535448e-09 2.429730e-14 1.645173e-08 wire2418
 4.743064e-09 1.170257e-08 2.429730e-14 1.644566e-08 max_cap5084
 4.106797e-09 1.233671e-08 6.914887e-14 1.644358e-08 wire6004
 3.820442e-09 1.261768e-08 2.429730e-14 1.643814e-08 wire2554
 7.151762e-09 9.284949e-09 2.429730e-14 1.643674e-08 max_cap1638
 5.667701e-09 1.076797e-08 7.443269e-14 1.643575e-08 wire11318
 5.601332e-09 1.083162e-08 6.878923e-14 1.643302e-08 wire9090
 4.236547e-09 1.218902e-08 6.846052e-14 1.642564e-08 wire7241
 4.552576e-09 1.187280e-08 6.833512e-14 1.642544e-08 wire7618
 5.496836e-09 1.092818e-08 2.429730e-14 1.642504e-08 max_cap3600
 4.280872e-09 1.214354e-08 6.917837e-14 1.642448e-08 wire6111
 5.047373e-09 1.136754e-08 6.906272e-14 1.641498e-08 max_cap3367
 3.586862e-09 1.282784e-08 2.429730e-14 1.641472e-08 wire6514
 3.194620e-09 1.321882e-08 2.429730e-14 1.641347e-08 wire9257
 5.743176e-09 1.066417e-08 7.476182e-14 1.640742e-08 max_cap8650
 4.629580e-09 1.176473e-08 6.963546e-14 1.639438e-08 wire9400
 3.154737e-09 1.323084e-08 2.429730e-14 1.638560e-08 wire11181
 3.921246e-09 1.245579e-08 2.429730e-14 1.637706e-08 wire6000
 7.546477e-09 8.830414e-09 2.429730e-14 1.637692e-08 wire2160
 6.036099e-09 1.034056e-08 2.429730e-14 1.637669e-08 wire2753
 3.899923e-09 1.247605e-08 2.429730e-14 1.637600e-08 wire5327
 3.300255e-09 1.307345e-08 2.429730e-14 1.637373e-08 wire11354
 5.996874e-09 1.037502e-08 6.891274e-14 1.637196e-08 wire6773
 4.167954e-09 1.220068e-08 2.429730e-14 1.636866e-08 wire4736
 5.790826e-09 1.057501e-08 2.429730e-14 1.636586e-08 max_cap8618
 8.173573e-09 8.192136e-09 2.429730e-14 1.636573e-08 wire1714
 6.957274e-09 9.400403e-09 2.429730e-14 1.635770e-08 max_cap1605
 2.832025e-09 1.352446e-08 7.794833e-14 1.635656e-08 fanout2700
 8.322301e-09 8.034085e-09 2.429730e-14 1.635641e-08 wire1694
 4.589276e-09 1.176694e-08 2.429730e-14 1.635624e-08 wire8597
 4.669718e-09 1.167710e-08 2.429730e-14 1.634684e-08 max_cap8666
 7.166507e-09 9.176323e-09 7.392048e-14 1.634291e-08 wire2520
 7.238232e-09 9.103962e-09 2.429730e-14 1.634222e-08 max_cap5800
 4.208969e-09 1.212262e-08 7.616683e-14 1.633167e-08 wire11635
 4.734025e-09 1.158927e-08 2.429730e-14 1.632332e-08 wire6395
 3.376430e-09 1.294511e-08 2.429730e-14 1.632156e-08 hold4162
 8.069888e-09 8.249809e-09 2.429730e-14 1.631972e-08 wire242
 4.900875e-09 1.141463e-08 6.848702e-14 1.631557e-08 max_cap2619
 4.513110e-09 1.179978e-08 7.569145e-14 1.631297e-08 max_cap8042
 4.681327e-09 1.163030e-08 6.872108e-14 1.631170e-08 max_cap4600
 3.478336e-09 1.282513e-08 2.429730e-14 1.630349e-08 max_cap3090
 5.047763e-09 1.125127e-08 7.470675e-14 1.629911e-08 max_cap7958
 8.810953e-09 7.485845e-09 2.429730e-14 1.629682e-08 wire1761
 5.740287e-09 1.055113e-08 2.429730e-14 1.629144e-08 max_cap1357
 4.773173e-09 1.151131e-08 6.938539e-14 1.628455e-08 wire6542
 4.329754e-09 1.195450e-08 6.850801e-14 1.628432e-08 wire6400
 4.296448e-09 1.198657e-08 2.429730e-14 1.628305e-08 max_cap4425
 4.647859e-09 1.163271e-08 2.429730e-14 1.628059e-08 wire9585
 4.872692e-09 1.139489e-08 2.429730e-14 1.626761e-08 wire10607
 5.559811e-09 1.070544e-08 6.944309e-14 1.626532e-08 wire4946
 5.827589e-09 1.043381e-08 7.463360e-14 1.626147e-08 max_cap8638
 3.450752e-09 1.281015e-08 2.429730e-14 1.626092e-08 hold10365
 4.259783e-09 1.200083e-08 6.795203e-14 1.626068e-08 wire6598
 4.951697e-09 1.130471e-08 7.326024e-14 1.625648e-08 wire7434
 7.902509e-09 8.353637e-09 2.429730e-14 1.625617e-08 max_cap2641
 4.234962e-09 1.201953e-08 2.429730e-14 1.625452e-08 wire6955
 3.170695e-09 1.307872e-08 2.429730e-14 1.624944e-08 hold1879
 4.588600e-09 1.165942e-08 2.429730e-14 1.624805e-08 max_cap5086
 6.062461e-09 1.018405e-08 7.373368e-14 1.624658e-08 wire5328
 4.490739e-09 1.175468e-08 6.921876e-14 1.624549e-08 wire4438
 5.499024e-09 1.074608e-08 7.492309e-14 1.624518e-08 wire11101
 6.355099e-09 9.885502e-09 2.429730e-14 1.624063e-08 wire1982
 4.339793e-09 1.190076e-08 2.429730e-14 1.624058e-08 wire6295
 8.868438e-09 7.371819e-09 2.429730e-14 1.624028e-08 wire1760
 7.463276e-09 8.772685e-09 2.429730e-14 1.623599e-08 wire2055
 5.385871e-09 1.084645e-08 7.412959e-14 1.623239e-08 max_cap11297
 3.251662e-09 1.298035e-08 2.429730e-14 1.623204e-08 wire6368
 5.886798e-09 1.034412e-08 2.429730e-14 1.623095e-08 max_cap2635
 6.217989e-09 1.000838e-08 2.429730e-14 1.622639e-08 max_cap2583
 4.573036e-09 1.164151e-08 2.429730e-14 1.621457e-08 wire6195
 4.858277e-09 1.135119e-08 7.288318e-14 1.620954e-08 max_cap10984
 4.131126e-09 1.207552e-08 6.930726e-14 1.620671e-08 wire5970
 2.107591e-09 1.409752e-08 2.429730e-14 1.620514e-08 wire6744
 4.727489e-09 1.147556e-08 2.429730e-14 1.620307e-08 wire5080
 3.907793e-09 1.229231e-08 6.833921e-14 1.620017e-08 wire7885
 2.528370e-09 1.366886e-08 2.429730e-14 1.619726e-08 wire5968
 4.427366e-09 1.176076e-08 6.932697e-14 1.618820e-08 wire7353
 5.718005e-09 1.047006e-08 2.429730e-14 1.618809e-08 wire2838
 3.721241e-09 1.246538e-08 2.429730e-14 1.618664e-08 wire6774
 4.245971e-09 1.193673e-08 6.834917e-14 1.618277e-08 wire7879
 4.308849e-09 1.187242e-08 6.910848e-14 1.618134e-08 wire7136
 5.616513e-09 1.056416e-08 2.429730e-14 1.618070e-08 wire7814
 7.437661e-09 8.729004e-09 2.429730e-14 1.616669e-08 wire2054
 5.078899e-09 1.108565e-08 7.247703e-14 1.616462e-08 wire9833
 4.173498e-09 1.198572e-08 2.429730e-14 1.615924e-08 wire5268
 4.845697e-09 1.131284e-08 2.429730e-14 1.615856e-08 max_cap5563
 4.794920e-09 1.136326e-08 7.619505e-14 1.615826e-08 wire7867
 7.674383e-09 8.483271e-09 2.429730e-14 1.615768e-08 max_cap5854
 6.152867e-09 1.000280e-08 7.179106e-14 1.615573e-08 wire9815
 6.548774e-09 9.597615e-09 7.103528e-14 1.614646e-08 wire9197
 6.267090e-09 9.873879e-09 2.429730e-14 1.614099e-08 wire8280
 8.822789e-09 7.317817e-09 2.429730e-14 1.614063e-08 wire2209
 4.440283e-09 1.169474e-08 6.922148e-14 1.613510e-08 wire4439
 6.436207e-09 9.695569e-09 2.429730e-14 1.613180e-08 max_cap3590
 5.505952e-09 1.062257e-08 7.449090e-14 1.612860e-08 wire11080
 7.121510e-09 9.006282e-09 7.031734e-14 1.612786e-08 wire9441
 7.969299e-09 8.156951e-09 2.429730e-14 1.612628e-08 wire244
 4.146816e-09 1.196870e-08 6.859928e-14 1.611559e-08 wire7475
 5.018920e-09 1.109614e-08 2.429730e-14 1.611508e-08 max_cap5098
 6.533105e-09 9.572930e-09 2.429730e-14 1.610606e-08 wire7961
 4.430165e-09 1.166944e-08 6.916233e-14 1.609967e-08 wire7074
 3.866631e-09 1.223292e-08 6.890407e-14 1.609962e-08 wire6842
 2.209371e-09 1.388834e-08 2.429730e-14 1.609774e-08 wire7406
 5.615665e-09 1.047454e-08 6.957036e-14 1.609027e-08 wire4202
 4.874080e-09 1.120595e-08 2.429730e-14 1.608005e-08 wire4728
 5.187350e-09 1.088962e-08 7.448992e-14 1.607705e-08 max_cap8031
 2.270017e-09 1.380622e-08 2.429730e-14 1.607627e-08 wire4599
 3.930457e-09 1.214238e-08 2.429730e-14 1.607286e-08 max_cap9814
 4.502524e-09 1.156728e-08 2.429730e-14 1.606983e-08 wire5079
 3.314483e-09 1.274853e-08 2.429730e-14 1.606304e-08 max_cap11043
 4.887189e-09 1.117563e-08 6.899358e-14 1.606289e-08 wire6741
 6.385604e-09 9.676759e-09 6.938487e-14 1.606243e-08 wire7484
 2.549695e-09 1.350611e-08 6.811399e-14 1.605587e-08 max_cap6560
 4.062549e-09 1.199297e-08 6.903967e-14 1.605559e-08 wire7187
 4.253568e-09 1.180161e-08 6.795516e-14 1.605524e-08 wire6600
 7.323878e-09 8.725672e-09 7.364571e-14 1.604962e-08 wire3900
 4.194981e-09 1.185308e-08 6.895202e-14 1.604813e-08 wire4778
 4.950073e-09 1.109107e-08 2.429730e-14 1.604116e-08 max_cap1230
 6.406473e-09 9.632143e-09 2.429730e-14 1.603864e-08 wire8218
 3.156757e-09 1.287677e-08 2.429730e-14 1.603355e-08 wire11328
 4.097010e-09 1.193201e-08 2.429730e-14 1.602904e-08 wire5344
 3.441322e-09 1.258644e-08 2.429730e-14 1.602779e-08 max_cap11283
 4.058697e-09 1.196040e-08 7.662931e-14 1.601918e-08 wire6968
 5.699523e-09 1.031469e-08 6.917097e-14 1.601428e-08 wire3987
 4.357391e-09 1.165546e-08 6.835847e-14 1.601292e-08 wire9221
 4.091780e-09 1.191971e-08 6.887791e-14 1.601156e-08 wire6457
 4.507752e-09 1.150207e-08 6.848530e-14 1.600989e-08 wire3223
 5.118344e-09 1.088943e-08 2.429730e-14 1.600780e-08 wire3133
 7.542004e-09 8.464875e-09 2.429730e-14 1.600690e-08 wire195
 4.013115e-09 1.198321e-08 6.915226e-14 1.599640e-08 wire7067
 4.787799e-09 1.120604e-08 6.937171e-14 1.599391e-08 max_cap6529
 4.157565e-09 1.183448e-08 2.429730e-14 1.599207e-08 wire5267
 1.032001e-08 5.661781e-09 2.429730e-14 1.598182e-08 wire74
 7.491437e-09 8.489906e-09 2.429730e-14 1.598137e-08 wire1719
 3.441070e-09 1.253821e-08 2.429730e-14 1.597931e-08 hold960
 3.949288e-09 1.202767e-08 6.871442e-14 1.597702e-08 wire4545
 8.733650e-09 7.240955e-09 2.429730e-14 1.597463e-08 wire214
 4.777124e-09 1.119643e-08 2.429730e-14 1.597357e-08 wire4730
 3.906944e-09 1.206189e-08 6.883770e-14 1.596890e-08 wire4896
 3.003857e-09 1.296040e-08 2.429730e-14 1.596429e-08 wire6944
 5.476378e-09 1.048709e-08 7.470871e-14 1.596355e-08 max_cap8327
 5.449373e-09 1.051109e-08 7.479071e-14 1.596054e-08 wire11322
 4.932307e-09 1.101662e-08 6.876082e-14 1.594900e-08 max_cap6367
 5.830781e-09 1.011576e-08 2.429730e-14 1.594656e-08 max_cap1547
 4.327428e-09 1.161586e-08 6.836200e-14 1.594335e-08 wire9223
 4.082324e-09 1.185536e-08 7.662731e-14 1.593776e-08 wire6967
 4.381974e-09 1.155251e-08 2.429730e-14 1.593451e-08 max_cap4734
 5.619865e-09 1.029510e-08 6.943946e-14 1.591503e-08 wire4944
 5.097520e-09 1.081353e-08 7.443162e-14 1.591112e-08 max_cap7997
 4.182791e-09 1.172563e-08 6.846551e-14 1.590849e-08 wire7244
 4.037095e-09 1.187020e-08 2.429730e-14 1.590732e-08 wire9199
 4.049413e-09 1.185724e-08 2.429730e-14 1.590668e-08 max_cap8574
 4.456298e-09 1.144234e-08 6.895402e-14 1.589871e-08 wire4781
 4.309995e-09 1.158852e-08 6.836051e-14 1.589859e-08 wire9231
 7.182542e-09 8.715620e-09 2.429730e-14 1.589819e-08 max_cap1572
 5.842406e-09 1.005286e-08 2.429730e-14 1.589529e-08 max_cap8677
 5.873646e-09 1.002119e-08 2.429730e-14 1.589486e-08 wire8418
 5.412818e-09 1.048108e-08 6.987617e-14 1.589397e-08 max_cap5468
 4.357897e-09 1.152776e-08 6.883084e-14 1.588573e-08 max_cap6758
 4.553139e-09 1.132952e-08 6.833477e-14 1.588272e-08 wire7615
 4.229257e-09 1.165210e-08 2.429730e-14 1.588139e-08 wire6891
 4.032810e-09 1.184502e-08 2.429730e-14 1.587786e-08 max_cap10196
 7.234665e-09 8.639103e-09 2.429730e-14 1.587379e-08 wire1845
 5.238273e-09 1.063275e-08 2.429730e-14 1.587105e-08 max_cap8608
 4.393106e-09 1.147466e-08 6.912065e-14 1.586784e-08 wire4929
 5.478752e-09 1.038829e-08 2.429730e-14 1.586707e-08 wire8472
 3.650080e-09 1.221626e-08 2.429730e-14 1.586636e-08 max_cap9985
 5.565287e-09 1.029971e-08 2.429730e-14 1.586502e-08 max_cap7815
 7.541730e-09 8.304058e-09 2.429730e-14 1.584581e-08 wire2162
 3.618859e-09 1.222070e-08 2.429730e-14 1.583959e-08 max_cap3033
 5.307116e-09 1.052613e-08 6.913965e-14 1.583331e-08 wire7045
 5.145264e-09 1.067705e-08 2.429730e-14 1.582234e-08 wire4990
 3.397578e-09 1.242046e-08 2.429730e-14 1.581807e-08 max_cap11221
 5.615439e-09 1.018258e-08 6.944049e-14 1.579809e-08 wire4945
 7.333088e-09 8.460705e-09 2.429730e-14 1.579382e-08 max_cap1624
 4.325805e-09 1.146745e-08 2.429730e-14 1.579328e-08 wire6296
 4.054222e-09 1.173849e-08 2.429730e-14 1.579273e-08 wire7652
 3.155487e-09 1.263680e-08 2.429730e-14 1.579231e-08 hold5413
 4.156879e-09 1.162637e-08 6.931149e-14 1.578332e-08 wire5975
 3.881580e-09 1.189690e-08 6.869380e-14 1.577855e-08 wire7384
 4.049100e-09 1.172508e-08 6.827477e-14 1.577424e-08 wire6681
 1.662359e-09 1.411163e-08 7.286402e-14 1.577406e-08 hold6057
 3.480093e-09 1.229166e-08 2.429730e-14 1.577178e-08 hold445
 2.868599e-09 1.290125e-08 6.861409e-14 1.576992e-08 fanout11455
 4.254717e-09 1.151470e-08 2.429730e-14 1.576944e-08 wire342
 4.353094e-09 1.140750e-08 2.429730e-14 1.576062e-08 wire5390
 3.281569e-09 1.247818e-08 2.429730e-14 1.575977e-08 hold10146
 3.922060e-09 1.183529e-08 6.890904e-14 1.575742e-08 wire6840
 3.600250e-09 1.215458e-08 6.874856e-14 1.575490e-08 wire6879
 2.911493e-09 1.284185e-08 6.858401e-14 1.575341e-08 max_cap7858
 3.779395e-09 1.197273e-08 2.429730e-14 1.575215e-08 max_cap5102
 5.612649e-09 1.013739e-08 7.427917e-14 1.575011e-08 wire11117
 3.349499e-09 1.239809e-08 2.429730e-14 1.574761e-08 max_cap7148
 3.522199e-09 1.222290e-08 2.429730e-14 1.574512e-08 hold3492
 7.445564e-09 8.298024e-09 2.429730e-14 1.574361e-08 wire1972
 5.551925e-09 1.018971e-08 7.421693e-14 1.574170e-08 wire11292
 4.351726e-09 1.138909e-08 2.429730e-14 1.574084e-08 max_cap6065
 4.544985e-09 1.118525e-08 6.882515e-14 1.573031e-08 wire6848
 7.270182e-09 8.456850e-09 2.429730e-14 1.572706e-08 max_cap1495
 3.341337e-09 1.238416e-08 2.429730e-14 1.572552e-08 max_cap11350
 3.918053e-09 1.180530e-08 2.429730e-14 1.572338e-08 wire7479
 3.265856e-09 1.245534e-08 2.429730e-14 1.572122e-08 hold4111
 5.415640e-09 1.029450e-08 2.429730e-14 1.571016e-08 max_cap3616
 6.710923e-09 8.998992e-09 2.429730e-14 1.570994e-08 max_cap5771
 6.444703e-09 9.263457e-09 2.429730e-14 1.570818e-08 max_cap8366
 3.519243e-09 1.218831e-08 2.429730e-14 1.570758e-08 wire10770
 5.276289e-09 1.043100e-08 7.673934e-14 1.570736e-08 max_cap4505
 3.720237e-09 1.198290e-08 2.429730e-14 1.570316e-08 max_cap10376
 3.414836e-09 1.228786e-08 2.429730e-14 1.570272e-08 wire11217
 3.203991e-09 1.249650e-08 2.429730e-14 1.570052e-08 wire11142
 5.324495e-09 1.037531e-08 7.497842e-14 1.569988e-08 max_cap8508
 6.521271e-09 9.176408e-09 2.429730e-14 1.569770e-08 max_cap1584
 2.895002e-09 1.279263e-08 7.795112e-14 1.568771e-08 hold6191
 4.114924e-09 1.157252e-08 2.429730e-14 1.568747e-08 wire7651
 3.317424e-09 1.236317e-08 7.803187e-14 1.568067e-08 max_cap1941
 3.993293e-09 1.168283e-08 6.910350e-14 1.567619e-08 wire7140
 4.065293e-09 1.160913e-08 2.429730e-14 1.567445e-08 max_cap10681
 4.733732e-09 1.093026e-08 6.927817e-14 1.566406e-08 wire6570
 4.203177e-09 1.145987e-08 6.894777e-14 1.566311e-08 wire4775
 5.725604e-09 9.935050e-09 7.459142e-14 1.566073e-08 wire7637
 4.683762e-09 1.097574e-08 2.429730e-14 1.565953e-08 wire8628
 5.556525e-09 1.009734e-08 7.085401e-14 1.565394e-08 max_cap8134
 6.403476e-09 9.249937e-09 2.429730e-14 1.565344e-08 max_cap1449
 5.217820e-09 1.043292e-08 7.544131e-14 1.565081e-08 max_cap7984
 3.634175e-09 1.201586e-08 2.429730e-14 1.565006e-08 wire3556
 6.814594e-09 8.835073e-09 2.429730e-14 1.564969e-08 max_cap3642
 6.623028e-09 9.020988e-09 2.429730e-14 1.564404e-08 max_cap1920
 4.243857e-09 1.139985e-08 6.894223e-14 1.564378e-08 wire4772
 4.082580e-09 1.156104e-08 6.827267e-14 1.564368e-08 wire6680
 6.155755e-09 9.486481e-09 2.429730e-14 1.564226e-08 max_cap3612
 4.447209e-09 1.118830e-08 6.828310e-14 1.563557e-08 wire4613
 4.336046e-09 1.129732e-08 2.429730e-14 1.563340e-08 max_cap6795
 5.431924e-09 1.019929e-08 7.256384e-14 1.563128e-08 max_cap10092
 5.484797e-09 1.014169e-08 7.838056e-14 1.562657e-08 max_cap628
 3.463873e-09 1.216044e-08 2.429730e-14 1.562433e-08 wire3086
 3.145884e-09 1.247270e-08 2.429730e-14 1.561861e-08 hold1674
 4.680415e-09 1.093542e-08 7.028602e-14 1.561590e-08 wire9556
 3.487219e-09 1.211911e-08 2.429730e-14 1.560635e-08 wire11072
 2.870939e-09 1.273335e-08 7.791703e-14 1.560437e-08 fanout9845
 4.208212e-09 1.139542e-08 6.894432e-14 1.560370e-08 wire4773
 5.826474e-09 9.776286e-09 2.429730e-14 1.560278e-08 max_cap2254
 3.420096e-09 1.218154e-08 2.429730e-14 1.560167e-08 max_cap4218
 3.317908e-09 1.227642e-08 2.429730e-14 1.559435e-08 max_cap5461
 4.307138e-09 1.128465e-08 6.911178e-14 1.559186e-08 wire7138
 4.881727e-09 1.070856e-08 2.429730e-14 1.559031e-08 wire5320
 4.773145e-09 1.081627e-08 2.429730e-14 1.558944e-08 wire5317
 3.893826e-09 1.169337e-08 2.429730e-14 1.558722e-08 wire4948
 3.266737e-09 1.231629e-08 2.429730e-14 1.558306e-08 max_cap4875
 3.717506e-09 1.186412e-08 2.429730e-14 1.558165e-08 wire6287
 7.224969e-09 8.356546e-09 7.391876e-14 1.558159e-08 wire2519
 4.220856e-09 1.135810e-08 2.429730e-14 1.557899e-08 max_cap10884
 7.454630e-09 8.117781e-09 2.429730e-14 1.557244e-08 wire1721
 5.359958e-09 1.020899e-08 6.846052e-14 1.556901e-08 wire7013
 5.586725e-09 9.975912e-09 2.429730e-14 1.556266e-08 wire3562
 5.828519e-09 9.733093e-09 2.429730e-14 1.556164e-08 max_cap3754
 3.951000e-09 1.160591e-08 2.429730e-14 1.555693e-08 wire5330
 3.973454e-09 1.158269e-08 6.886738e-14 1.555622e-08 wire6021
 7.469279e-09 8.086696e-09 2.429730e-14 1.555600e-08 wire1715
 5.236230e-09 1.031959e-08 7.485742e-14 1.555589e-08 max_cap8253
 4.364737e-09 1.119049e-08 2.429730e-14 1.555525e-08 max_cap4515
 4.400172e-09 1.115097e-08 2.429730e-14 1.555117e-08 max_cap4473
 5.121695e-09 1.042771e-08 7.314909e-14 1.554948e-08 max_cap10965
 3.503558e-09 1.204358e-08 2.429730e-14 1.554717e-08 max_cap11244
 4.687545e-09 1.085753e-08 7.028941e-14 1.554515e-08 wire9560
 4.443531e-09 1.109647e-08 2.429730e-14 1.554003e-08 max_cap5737
 3.903922e-09 1.163603e-08 2.429730e-14 1.553998e-08 max_cap10387
 4.226075e-09 1.130923e-08 6.859635e-14 1.553537e-08 wire7474
 3.662206e-09 1.187219e-08 2.429730e-14 1.553442e-08 max_cap5223
 3.428837e-09 1.210507e-08 2.429730e-14 1.553393e-08 hold1838
 3.956272e-09 1.157209e-08 6.896800e-14 1.552843e-08 wire6226
 4.760746e-09 1.076685e-08 2.429730e-14 1.552762e-08 wire6392
 3.503839e-09 1.202327e-08 2.429730e-14 1.552713e-08 wire5473
 4.103907e-09 1.142164e-08 2.429730e-14 1.552557e-08 wire7028
 7.010180e-09 8.514239e-09 7.485324e-14 1.552449e-08 max_cap5396
 3.410914e-09 1.211340e-08 2.429730e-14 1.552434e-08 hold3435
 5.740991e-09 9.782551e-09 2.429730e-14 1.552357e-08 wire7937
 7.824013e-09 7.699155e-09 2.429730e-14 1.552319e-08 max_cap2632
 4.088323e-09 1.143114e-08 6.827528e-14 1.551953e-08 wire6671
 3.884867e-09 1.163049e-08 2.429730e-14 1.551538e-08 wire7006
 4.367784e-09 1.114379e-08 6.921314e-14 1.551164e-08 wire6341
 5.615935e-09 9.894068e-09 7.302653e-14 1.551008e-08 max_cap10318
 5.153665e-09 1.035596e-08 7.277105e-14 1.550969e-08 wire9323
 8.814252e-09 6.692410e-09 2.429730e-14 1.550669e-08 wire213
 3.952727e-09 1.155326e-08 6.897356e-14 1.550605e-08 wire6233
 3.809546e-09 1.169447e-08 2.429730e-14 1.550405e-08 wire3762
 5.423270e-09 1.007671e-08 7.474489e-14 1.550005e-08 wire11129
 7.726888e-09 7.770733e-09 7.236928e-14 1.549770e-08 max_cap5155
 7.315525e-09 8.175868e-09 2.429730e-14 1.549142e-08 wire1842
 7.232186e-09 8.256572e-09 7.391832e-14 1.548883e-08 wire2518
 2.879723e-09 1.260565e-08 6.861575e-14 1.548544e-08 fanout11456
 6.250732e-09 9.234583e-09 2.429730e-14 1.548534e-08 wire8110
 4.611670e-09 1.087159e-08 6.882853e-14 1.548333e-08 max_cap6850
 8.170256e-09 7.312392e-09 2.429730e-14 1.548267e-08 wire1713
 4.861948e-09 1.061847e-08 2.429730e-14 1.548045e-08 max_cap7925
 3.199689e-09 1.227936e-08 2.429730e-14 1.547908e-08 hold1844
 8.683656e-09 6.780944e-09 2.429730e-14 1.546463e-08 wire2194
 4.912013e-09 1.054777e-08 2.429730e-14 1.545980e-08 max_cap7988
 4.878605e-09 1.058046e-08 2.429730e-14 1.545909e-08 wire5319
 5.201124e-09 1.025162e-08 2.429730e-14 1.545277e-08 max_cap8000
 3.555326e-09 1.189492e-08 6.848036e-14 1.545032e-08 wire2614
 3.169249e-09 1.228009e-08 2.429730e-14 1.544936e-08 wire9325
 2.822206e-09 1.262251e-08 2.429730e-14 1.544474e-08 wire9403
 3.675583e-09 1.176907e-08 6.886547e-14 1.544472e-08 wire6020
 4.549418e-09 1.089033e-08 7.840073e-14 1.543983e-08 max_cap665
 1.517777e-09 1.391355e-08 6.774628e-14 1.543140e-08 wire407
 4.397867e-09 1.103212e-08 6.873870e-14 1.543006e-08 wire2178
 4.048203e-09 1.138080e-08 6.818267e-14 1.542907e-08 wire9435
 4.371047e-09 1.105702e-08 2.429730e-14 1.542809e-08 wire8196
 8.836022e-09 6.591299e-09 2.429730e-14 1.542734e-08 wire1758
 2.856907e-09 1.256848e-08 6.796481e-14 1.542546e-08 fanout9950
 6.192999e-09 9.224293e-09 2.429730e-14 1.541732e-08 max_cap8640
 2.914505e-09 1.250163e-08 7.792778e-14 1.541622e-08 max_cap414
 3.922456e-09 1.149274e-08 6.890904e-14 1.541526e-08 max_cap6845
 4.681481e-09 1.072739e-08 7.028927e-14 1.540894e-08 wire9558
 5.007816e-09 1.039118e-08 2.429730e-14 1.539902e-08 max_cap8488
 5.659361e-09 9.735492e-09 2.429730e-14 1.539488e-08 max_cap7812
 4.936339e-09 1.045485e-08 2.429730e-14 1.539122e-08 max_cap2709
 4.790655e-09 1.059635e-08 2.429730e-14 1.538703e-08 max_cap3050
 3.513946e-09 1.186877e-08 2.429730e-14 1.538274e-08 max_cap7152
 3.720718e-09 1.165932e-08 2.429730e-14 1.538007e-08 wire2058
 3.464785e-09 1.191521e-08 2.429730e-14 1.538002e-08 max_cap9092
 3.522048e-09 1.185509e-08 2.429730e-14 1.537716e-08 max_cap11208
 2.388170e-09 1.298107e-08 2.429730e-14 1.536927e-08 wire7883
 7.789835e-09 7.574635e-09 2.429730e-14 1.536450e-08 max_cap2664
 3.110700e-09 1.225129e-08 2.429730e-14 1.536201e-08 wire11381
 3.565545e-09 1.179282e-08 2.429730e-14 1.535839e-08 hold4187
 4.207645e-09 1.114827e-08 6.845347e-14 1.535598e-08 wire7585
 4.183813e-09 1.117177e-08 6.930950e-14 1.535565e-08 wire5974
 5.042680e-09 1.031245e-08 2.429730e-14 1.535516e-08 wire4992
 4.437395e-09 1.091577e-08 6.932732e-14 1.535323e-08 wire7356
 3.763121e-09 1.158919e-08 2.429730e-14 1.535234e-08 wire5329
 7.253619e-09 8.095478e-09 2.429730e-14 1.534912e-08 wire2391
 4.277991e-09 1.105541e-08 2.429730e-14 1.533343e-08 max_cap6237
 4.349997e-09 1.098292e-08 7.014802e-14 1.533298e-08 wire9262
 3.654743e-09 1.167638e-08 2.429730e-14 1.533115e-08 max_cap7427
 7.572505e-09 7.757349e-09 2.429730e-14 1.532988e-08 wire2400
 3.455822e-09 1.187097e-08 2.429730e-14 1.532682e-08 max_cap10243
 4.138377e-09 1.118505e-08 2.429730e-14 1.532345e-08 wire6328
 7.594063e-09 7.729239e-09 2.429730e-14 1.532333e-08 max_cap8771
 4.101064e-09 1.121495e-08 6.890730e-14 1.531608e-08 wire9742
 5.127698e-09 1.017876e-08 7.820464e-14 1.530653e-08 max_cap555
 3.440783e-09 1.186432e-08 2.429730e-14 1.530512e-08 wire11102
 7.205162e-09 8.097375e-09 2.429730e-14 1.530256e-08 max_cap1492
 2.715840e-09 1.258501e-08 2.429730e-14 1.530088e-08 wire7068
 7.485058e-09 7.813697e-09 2.429730e-14 1.529878e-08 max_cap5750
 6.545694e-09 8.751504e-09 7.307979e-14 1.529727e-08 max_cap10752
 4.122591e-09 1.116808e-08 6.914668e-14 1.529074e-08 wire6003
 5.501808e-09 9.784986e-09 6.930638e-14 1.528686e-08 wire7564
 4.144586e-09 1.113970e-08 6.867711e-14 1.528436e-08 max_cap7739
 3.299652e-09 1.198025e-08 2.429730e-14 1.527992e-08 hold369
 3.488807e-09 1.178079e-08 2.429730e-14 1.526962e-08 hold675
 3.084137e-09 1.218273e-08 2.429730e-14 1.526690e-08 max_cap4289
 2.679140e-09 1.257443e-08 6.924245e-14 1.525364e-08 wire2985
 4.076882e-09 1.117636e-08 6.929339e-14 1.525331e-08 wire5964
 5.040701e-09 1.020635e-08 2.429730e-14 1.524708e-08 max_cap8318
 2.868921e-09 1.237200e-08 7.791488e-14 1.524100e-08 fanout9844
 4.772836e-09 1.046576e-08 2.429730e-14 1.523862e-08 wire5321
 6.088563e-09 9.149597e-09 7.434168e-14 1.523823e-08 wire5998
 2.826238e-09 1.240552e-08 2.429730e-14 1.523178e-08 wire6920
 3.462317e-09 1.176274e-08 6.846593e-14 1.522513e-08 wire6801
 4.617562e-09 1.060463e-08 6.964314e-14 1.522227e-08 wire9397
 4.095178e-09 1.112612e-08 6.914720e-14 1.522137e-08 wire6010
 3.840575e-09 1.137876e-08 6.871213e-14 1.521941e-08 wire9044
 7.704123e-09 7.511453e-09 2.429730e-14 1.521560e-08 max_cap3716
 5.310449e-09 9.903426e-09 6.846372e-14 1.521394e-08 wire7015
 5.775565e-09 9.436380e-09 2.429730e-14 1.521197e-08 wire1913
 3.318122e-09 1.188728e-08 2.429730e-14 1.520543e-08 max_cap11310
 3.374142e-09 1.182963e-08 2.429730e-14 1.520380e-08 wire11282
 2.944337e-09 1.225850e-08 2.429730e-14 1.520286e-08 max_cap4783
 3.817207e-09 1.138169e-08 2.429730e-14 1.519893e-08 max_cap7577
 3.811288e-09 1.137980e-08 2.429730e-14 1.519111e-08 wire2558
 7.064571e-09 8.123559e-09 2.429730e-14 1.518815e-08 max_cap2670
 2.851476e-09 1.232208e-08 6.797071e-14 1.517363e-08 fanout9924
 3.239377e-09 1.193129e-08 2.429730e-14 1.517069e-08 wire11371
 3.515497e-09 1.165409e-08 2.429730e-14 1.516961e-08 max_cap7155
 5.608344e-09 9.556328e-09 2.429730e-14 1.516470e-08 wire7831
 5.416189e-09 9.746440e-09 2.429730e-14 1.516266e-08 max_cap2429
 4.242499e-09 1.092003e-08 2.429730e-14 1.516255e-08 max_cap10093
 3.362714e-09 1.179835e-08 2.429730e-14 1.516109e-08 max_cap7453
 7.591364e-09 7.567694e-09 2.429730e-14 1.515908e-08 wire2399
 2.290453e-09 1.284894e-08 6.819861e-14 1.513946e-08 wire2047
 4.319606e-09 1.081870e-08 6.890815e-14 1.513837e-08 wire4459
 5.217126e-09 9.920460e-09 6.903431e-14 1.513766e-08 wire4414
 3.711272e-09 1.142253e-08 2.429730e-14 1.513383e-08 max_cap10068
 4.665197e-09 1.046625e-08 2.429730e-14 1.513147e-08 max_cap10215
 3.615205e-09 1.151192e-08 6.823767e-14 1.512719e-08 wire9753
 7.544233e-09 7.582313e-09 2.429730e-14 1.512657e-08 wire2396
 5.783271e-09 9.342513e-09 2.429730e-14 1.512581e-08 max_cap5730
 7.127631e-09 7.981416e-09 6.900385e-14 1.510912e-08 wire6952
 7.453917e-09 7.652464e-09 2.429730e-14 1.510641e-08 wire2056
 4.095119e-09 1.100483e-08 6.888815e-14 1.510002e-08 wire6463
 3.231056e-09 1.186451e-08 2.429730e-14 1.509559e-08 hold6235
 4.610344e-09 1.048513e-08 2.429730e-14 1.509550e-08 max_cap8652
 8.400380e-09 6.687200e-09 2.429730e-14 1.508760e-08 wire1699
 3.343409e-09 1.173936e-08 2.429730e-14 1.508279e-08 max_cap11249
 3.310368e-09 1.175888e-08 2.429730e-14 1.506928e-08 max_cap7457
 3.877960e-09 1.118929e-08 2.429730e-14 1.506728e-08 wire2560
 3.839218e-09 1.122650e-08 2.429730e-14 1.506574e-08 wire2407
 4.009427e-09 1.105408e-08 6.890550e-14 1.506358e-08 wire6844
 4.439972e-09 1.061910e-08 6.933205e-14 1.505914e-08 wire7358
 4.030057e-09 1.102810e-08 6.848417e-14 1.505823e-08 wire2617
 7.268231e-09 7.788051e-09 2.429730e-14 1.505631e-08 wire2392
 5.560133e-09 9.490270e-09 2.429730e-14 1.505043e-08 max_cap3618
 6.144910e-09 8.898441e-09 2.429730e-14 1.504338e-08 max_cap1622
 6.940309e-09 8.102456e-09 2.429730e-14 1.504279e-08 max_cap3760
 5.072839e-09 9.961360e-09 2.429730e-14 1.503422e-08 max_cap8343
 3.515648e-09 1.151458e-08 2.429730e-14 1.503025e-08 wire7639
 7.540205e-09 7.489589e-09 2.429730e-14 1.502982e-08 wire2395
 5.327425e-09 9.701847e-09 7.503040e-14 1.502935e-08 wire11345
 4.569594e-09 1.045750e-08 2.429730e-14 1.502712e-08 wire9588
 3.413207e-09 1.161299e-08 2.429730e-14 1.502622e-08 wire11414
 3.587565e-09 1.143863e-08 2.429730e-14 1.502622e-08 wire2500
 7.592961e-09 7.431175e-09 2.429730e-14 1.502416e-08 wire2398
 3.581892e-09 1.144031e-08 2.429730e-14 1.502223e-08 wire7840
 2.635418e-09 1.237491e-08 2.429730e-14 1.501035e-08 wire9225
 4.243302e-09 1.076637e-08 6.867632e-14 1.500975e-08 max_cap7110
 4.212202e-09 1.079514e-08 6.862916e-14 1.500741e-08 wire3000
 5.356611e-09 9.648971e-09 6.846147e-14 1.500565e-08 wire7014
 6.617519e-09 8.383505e-09 2.429730e-14 1.500105e-08 max_cap1550
 2.907411e-09 1.209151e-08 6.796593e-14 1.499899e-08 hold6
 4.057049e-09 1.093576e-08 6.882882e-14 1.499288e-08 wire6750
 3.515158e-09 1.147614e-08 2.429730e-14 1.499132e-08 max_cap6380
 3.285607e-09 1.170539e-08 2.429730e-14 1.499103e-08 max_cap4870
 2.830983e-09 1.215382e-08 7.794833e-14 1.498488e-08 fanout2698
 3.256718e-09 1.172772e-08 7.410083e-14 1.498451e-08 max_cap7919
 8.543694e-09 6.426048e-09 2.429730e-14 1.496977e-08 wire1697
 8.537751e-09 6.421033e-09 2.429730e-14 1.495881e-08 wire1698
 4.201703e-09 1.075339e-08 6.859284e-14 1.495516e-08 wire7471
 3.259228e-09 1.169462e-08 2.429730e-14 1.495387e-08 hold1863
 5.467944e-09 9.484830e-09 7.455627e-14 1.495285e-08 max_cap8007
 7.595648e-09 7.356582e-09 2.429730e-14 1.495225e-08 wire2402
 5.635190e-09 9.313866e-09 6.917333e-14 1.494912e-08 wire3988
 5.138449e-09 9.809550e-09 2.429730e-14 1.494802e-08 max_cap4991
 5.659050e-09 9.282995e-09 6.956806e-14 1.494212e-08 wire4201
 2.469014e-09 1.247304e-08 2.429730e-14 1.494208e-08 wire9331
 5.475088e-09 9.465342e-09 7.509131e-14 1.494050e-08 max_cap8662
 3.337627e-09 1.160093e-08 2.429730e-14 1.493858e-08 max_cap7396
 3.781058e-09 1.115502e-08 2.429730e-14 1.493610e-08 max_cap10882
 7.409146e-09 7.522923e-09 2.429730e-14 1.493209e-08 wire1716
 4.113887e-09 1.081344e-08 6.868222e-14 1.492740e-08 wire7741
 1.492704e-08 0.000000e+00 1.963080e-14 1.492706e-08 clkload0
 3.082986e-09 1.183931e-08 2.429730e-14 1.492232e-08 max_cap10886
 3.387508e-09 1.153015e-08 2.429730e-14 1.491768e-08 hold1987
 9.436282e-09 5.470367e-09 2.429730e-14 1.490667e-08 max_cap2206
 4.077491e-09 1.082716e-08 6.848482e-14 1.490472e-08 wire2609
 6.761179e-09 8.136785e-09 2.429730e-14 1.489799e-08 wire2961
 4.904277e-09 9.990443e-09 2.429730e-14 1.489474e-08 max_cap5315
 4.577898e-09 1.031535e-08 6.883034e-14 1.489331e-08 wire6851
 3.894145e-09 1.099855e-08 2.429730e-14 1.489272e-08 max_cap10338
 3.012202e-09 1.187857e-08 2.429730e-14 1.489080e-08 wire2591
 5.571417e-09 9.315454e-09 7.399242e-14 1.488695e-08 wire11207
 3.103631e-09 1.178006e-08 2.429730e-14 1.488371e-08 max_cap11357
 4.102203e-09 1.077335e-08 6.922451e-14 1.487562e-08 wire8917
 4.034252e-09 1.083510e-08 6.929959e-14 1.486943e-08 wire5967
 6.228400e-09 8.640004e-09 2.429730e-14 1.486843e-08 max_cap2578
 7.525570e-09 7.334097e-09 2.429730e-14 1.485969e-08 wire2159
 3.949347e-09 1.090850e-08 2.429730e-14 1.485787e-08 wire7486
 4.350016e-09 1.050735e-08 6.890145e-14 1.485743e-08 wire4456
 5.969106e-09 8.872863e-09 2.429730e-14 1.484199e-08 max_cap1354
 4.070995e-09 1.077053e-08 2.429730e-14 1.484154e-08 max_cap8034
 8.019374e-09 6.820949e-09 2.429730e-14 1.484035e-08 wire243
 3.844947e-09 1.099035e-08 6.868839e-14 1.483537e-08 wire7379
 2.353032e-09 1.247821e-08 2.429730e-14 1.483127e-08 max_cap6662
 7.418179e-09 7.408938e-09 2.429730e-14 1.482714e-08 wire2394
 5.172656e-09 9.653406e-09 2.429730e-14 1.482609e-08 max_cap10128
 4.394519e-09 1.041518e-08 2.429730e-14 1.480972e-08 wire8817
 3.759939e-09 1.104894e-08 2.429730e-14 1.480891e-08 max_cap10914
 6.573902e-09 8.230529e-09 2.429730e-14 1.480446e-08 max_cap1451
 3.659634e-09 1.114316e-08 6.818414e-14 1.480287e-08 wire6624
 3.542300e-09 1.125846e-08 2.429730e-14 1.480079e-08 max_cap8727
 6.248503e-09 8.537889e-09 2.429730e-14 1.478641e-08 max_cap1543
 7.203365e-09 7.582225e-09 2.429730e-14 1.478561e-08 max_cap5824
 3.835621e-09 1.094124e-08 6.899039e-14 1.477694e-08 wire6661
 7.402742e-09 7.369539e-09 2.429730e-14 1.477231e-08 wire2403
 4.118372e-09 1.065179e-08 6.888836e-14 1.477023e-08 wire6453
 4.160652e-09 1.060647e-08 2.429730e-14 1.476714e-08 max_cap2941
 5.570696e-09 9.195769e-09 7.495502e-14 1.476654e-08 wire11325
 3.880480e-09 1.087979e-08 6.868634e-14 1.476034e-08 wire7378
 4.694942e-09 1.006430e-08 2.429730e-14 1.475927e-08 wire5083
 4.185619e-09 1.057358e-08 6.875337e-14 1.475927e-08 wire6361
 5.213242e-09 9.543456e-09 7.540440e-14 1.475677e-08 wire11042
 4.250572e-09 1.050465e-08 6.884114e-14 1.475529e-08 wire4898
 5.859007e-09 8.889598e-09 2.429730e-14 1.474863e-08 max_cap1189
 5.840553e-09 8.904986e-09 2.429730e-14 1.474556e-08 max_cap3634
 5.115283e-09 9.628339e-09 7.528949e-14 1.474370e-08 max_cap8121
 4.084079e-09 1.065282e-08 6.862841e-14 1.473697e-08 wire9335
 4.084253e-09 1.065013e-08 2.429730e-14 1.473440e-08 wire5340
 5.803651e-09 8.928710e-09 2.429730e-14 1.473239e-08 max_cap1574
 3.568026e-09 1.116335e-08 2.429730e-14 1.473140e-08 max_cap10491
 5.438159e-09 9.292899e-09 7.491139e-14 1.473113e-08 wire11050
 1.067247e-08 4.056225e-09 2.429730e-14 1.472872e-08 wire86
 8.922954e-09 5.796248e-09 2.429730e-14 1.471923e-08 max_cap2208
 7.494472e-09 7.222511e-09 2.429730e-14 1.471701e-08 wire1975
 6.894433e-09 7.820153e-09 6.940061e-14 1.471466e-08 wire3375
 3.853523e-09 1.085868e-08 2.429730e-14 1.471223e-08 wire8974
 7.273572e-09 7.437788e-09 7.347663e-14 1.471143e-08 wire6197
 3.869752e-09 1.084119e-08 2.429730e-14 1.471097e-08 max_cap9817
 5.191670e-09 9.510852e-09 7.326003e-14 1.470259e-08 max_cap10360
 5.593490e-09 9.104950e-09 7.504952e-14 1.469851e-08 wire11348
 4.606165e-09 1.008964e-08 2.429730e-14 1.469583e-08 max_cap10078
 4.508332e-09 1.018671e-08 2.429730e-14 1.469506e-08 max_cap3368
 2.200513e-09 1.249134e-08 2.429730e-14 1.469188e-08 wire6356
 3.884477e-09 1.080698e-08 2.429730e-14 1.469148e-08 max_cap3294
 3.497727e-09 1.119314e-08 2.429730e-14 1.469089e-08 max_cap6374
 5.331874e-09 9.354656e-09 7.412869e-14 1.468660e-08 wire11296
 2.432988e-09 1.225178e-08 1.115793e-13 1.468488e-08 fanout5875
 1.712476e-09 1.297109e-08 2.429730e-14 1.468359e-08 max_cap11435
 4.806170e-09 9.877034e-09 2.429730e-14 1.468323e-08 max_cap953
 3.646142e-09 1.103428e-08 6.861391e-14 1.468049e-08 wire3083
 5.222455e-09 9.451300e-09 7.066202e-14 1.467383e-08 wire11107
 4.988689e-09 9.682678e-09 7.535042e-14 1.467144e-08 wire11073
 3.009352e-09 1.166137e-08 2.429730e-14 1.467075e-08 wire6736
 3.182554e-09 1.147956e-08 2.429730e-14 1.466214e-08 max_cap7743
 5.643734e-09 9.018092e-09 2.429730e-14 1.466185e-08 wire3020
 3.682927e-09 1.097360e-08 2.429730e-14 1.465655e-08 wire6285
 3.881740e-09 1.076922e-08 6.897103e-14 1.465103e-08 wire6227
 5.462406e-09 9.185968e-09 2.429730e-14 1.464840e-08 max_cap1562
 5.296104e-09 9.351177e-09 2.429730e-14 1.464730e-08 wire8510
 3.490296e-09 1.115220e-08 2.429730e-14 1.464252e-08 max_cap3866
 4.120649e-09 1.051950e-08 7.838768e-14 1.464023e-08 max_cap967
 5.865769e-09 8.773663e-09 2.429730e-14 1.463945e-08 wire8431
 4.925288e-09 9.712244e-09 2.429730e-14 1.463756e-08 wire5172
 3.019314e-09 1.160582e-08 2.429730e-14 1.462516e-08 max_cap6541
 4.163915e-09 1.045390e-08 2.429730e-14 1.461784e-08 max_cap8257
 4.007565e-09 1.060971e-08 6.910168e-14 1.461735e-08 wire7139
 5.385838e-09 9.230122e-09 2.429730e-14 1.461598e-08 max_cap5938
 3.520179e-09 1.109219e-08 6.846943e-14 1.461244e-08 wire6809
 3.848391e-09 1.076385e-08 6.869577e-14 1.461231e-08 wire7385
 4.229775e-09 1.038033e-08 6.862542e-14 1.461017e-08 wire2998
 3.744238e-09 1.085313e-08 2.429730e-14 1.459739e-08 wire3990
 7.381052e-09 7.213809e-09 2.429730e-14 1.459489e-08 wire2057
 7.324507e-09 7.269743e-09 2.429730e-14 1.459427e-08 wire1970
 4.441793e-09 1.015092e-08 2.429730e-14 1.459273e-08 wire8780
 4.290750e-09 1.030188e-08 2.429730e-14 1.459266e-08 wire8799
 3.919371e-09 1.066836e-08 2.429730e-14 1.458775e-08 wire10264
 4.303965e-09 1.028070e-08 7.015006e-14 1.458474e-08 wire9263
 6.504768e-09 8.079566e-09 2.429730e-14 1.458436e-08 max_cap1908
 3.052480e-09 1.152959e-08 2.429730e-14 1.458209e-08 max_cap3266
 4.069133e-09 1.051040e-08 6.888470e-14 1.457960e-08 wire6460
 4.065424e-09 1.051083e-08 2.429730e-14 1.457627e-08 wire5339
 5.894455e-09 8.680541e-09 2.429730e-14 1.457502e-08 wire8229
 6.863812e-09 7.703457e-09 2.429730e-14 1.456729e-08 wire1956
 4.905067e-09 9.657563e-09 2.429730e-14 1.456265e-08 wire6223
 7.533489e-09 7.026872e-09 2.429730e-14 1.456039e-08 wire1873
 5.602574e-09 8.956085e-09 7.505402e-14 1.455873e-08 wire11218
 7.533093e-09 7.017948e-09 2.429730e-14 1.455107e-08 wire1874
 2.918641e-09 1.163158e-08 2.429730e-14 1.455024e-08 wire9565
 3.601057e-09 1.094872e-08 2.429730e-14 1.454980e-08 wire10717
 4.293580e-09 1.025537e-08 6.910813e-14 1.454901e-08 wire7143
 5.442285e-09 9.106470e-09 7.511426e-14 1.454883e-08 wire11413
 3.966011e-09 1.057833e-08 2.429730e-14 1.454436e-08 max_cap10573
 3.485648e-09 1.105026e-08 2.429730e-14 1.453593e-08 wire11215
 2.927485e-09 1.160814e-08 2.429730e-14 1.453565e-08 max_cap6571
 4.306303e-09 1.022898e-08 7.015417e-14 1.453536e-08 wire9266
 4.300366e-09 1.022958e-08 2.429730e-14 1.452997e-08 max_cap4412
 6.928269e-09 7.598203e-09 2.429730e-14 1.452650e-08 max_cap1490
 2.930340e-09 1.159324e-08 2.429730e-14 1.452360e-08 wire6344
 7.493909e-09 7.029657e-09 2.429730e-14 1.452359e-08 wire1875
 5.064911e-09 9.455229e-09 7.529314e-14 1.452022e-08 wire11136
 4.483115e-09 1.003302e-08 7.562494e-14 1.451621e-08 max_cap8340
 3.873202e-09 1.064112e-08 7.296831e-14 1.451440e-08 max_cap10173
 4.052858e-09 1.045752e-08 6.862952e-14 1.451044e-08 wire9330
 6.129996e-09 8.378982e-09 7.291088e-14 1.450905e-08 max_cap11002
 3.512737e-09 1.099571e-08 2.429730e-14 1.450847e-08 max_cap11193
 7.535938e-09 6.970560e-09 2.429730e-14 1.450652e-08 wire1871
 6.540946e-09 7.965257e-09 2.429730e-14 1.450623e-08 max_cap3582
 4.089930e-09 1.041282e-08 2.429730e-14 1.450277e-08 max_cap5352
 4.281180e-09 1.021992e-08 6.795003e-14 1.450117e-08 wire6597
 6.149588e-09 8.351231e-09 2.429730e-14 1.450084e-08 max_cap1642
 2.844139e-09 1.165275e-08 7.791423e-14 1.449697e-08 fanout9902
 5.171879e-09 9.315377e-09 6.875282e-14 1.448732e-08 wire2184
 3.928168e-09 1.054762e-08 7.840147e-14 1.447587e-08 max_cap524
 3.804196e-09 1.067091e-08 2.429730e-14 1.447513e-08 max_cap10089
 3.996540e-09 1.047708e-08 6.827902e-14 1.447368e-08 max_cap6684
 7.159567e-09 7.312977e-09 2.429730e-14 1.447257e-08 wire2388
 3.598415e-09 1.087268e-08 6.874267e-14 1.447116e-08 wire6875
 3.484756e-09 1.098159e-08 6.866785e-14 1.446641e-08 wire9467
 4.157059e-09 1.030717e-08 2.429730e-14 1.446426e-08 wire6325
 4.024931e-09 1.043906e-08 7.663409e-14 1.446407e-08 wire6971
 6.212363e-09 8.251144e-09 7.314017e-14 1.446358e-08 wire7003
 5.928313e-09 8.534679e-09 2.429730e-14 1.446301e-08 wire8060
 6.969719e-09 7.488417e-09 2.429730e-14 1.445816e-08 max_cap5830
 7.406163e-09 7.049987e-09 2.429730e-14 1.445617e-08 wire2393
 3.546822e-09 1.089098e-08 2.429730e-14 1.443782e-08 max_cap11234
 1.596178e-09 1.284035e-08 2.429730e-14 1.443655e-08 max_cap1527
 4.077086e-09 1.035528e-08 6.928339e-14 1.443244e-08 wire6916
 6.200568e-09 8.228321e-09 7.412234e-14 1.442896e-08 wire9411
 3.753015e-09 1.067480e-08 2.429730e-14 1.442784e-08 wire6775
 3.793835e-09 1.063305e-08 2.429730e-14 1.442691e-08 wire8977
 4.937666e-09 9.487514e-09 6.921047e-14 1.442525e-08 wire7364
 5.388676e-09 9.034671e-09 2.429730e-14 1.442337e-08 max_cap4331
 5.044897e-09 9.373300e-09 7.542297e-14 1.441827e-08 wire11257
 3.296332e-09 1.112147e-08 2.429730e-14 1.441782e-08 max_cap7280
 3.480890e-09 1.093002e-08 2.429730e-14 1.441093e-08 max_cap10864
 5.601272e-09 8.808210e-09 7.445539e-14 1.440956e-08 wire11044
 4.870842e-09 9.525293e-09 2.429730e-14 1.439616e-08 max_cap4727
 3.927445e-09 1.046605e-08 2.429730e-14 1.439352e-08 max_cap5129
 7.529950e-09 6.861286e-09 2.429730e-14 1.439126e-08 wire1872
 4.090431e-09 1.029930e-08 6.862526e-14 1.438980e-08 wire9328
 6.519837e-09 7.869345e-09 2.429730e-14 1.438921e-08 max_cap8406
 3.662770e-09 1.072530e-08 2.429730e-14 1.438810e-08 max_cap11390
 3.906172e-09 1.046507e-08 2.429730e-14 1.437127e-08 max_cap2526
 6.410937e-09 7.956296e-09 2.429730e-14 1.436726e-08 max_cap3659
 4.959141e-09 9.395652e-09 2.429730e-14 1.435482e-08 wire4569
 3.542470e-09 1.081159e-08 2.429730e-14 1.435409e-08 hold3259
 7.432896e-09 6.919910e-09 2.429730e-14 1.435283e-08 wire1720
 7.105920e-09 7.245869e-09 2.429730e-14 1.435181e-08 max_cap5746
 3.166977e-09 1.118296e-08 2.429730e-14 1.434996e-08 max_cap3227
 3.931303e-09 1.041046e-08 6.833713e-14 1.434183e-08 wire7884
 6.850363e-09 7.484563e-09 2.429730e-14 1.433495e-08 max_cap5765
 4.078138e-09 1.025620e-08 6.922617e-14 1.433440e-08 wire8918
 4.382759e-09 9.947015e-09 6.915813e-14 1.432984e-08 wire7069
 4.520633e-09 9.806289e-09 2.429730e-14 1.432695e-08 max_cap3604
 4.013147e-09 1.031297e-08 6.883009e-14 1.432618e-08 wire6748
 3.574789e-09 1.074483e-08 2.429730e-14 1.431964e-08 wire1803
 4.772914e-09 9.542783e-09 2.429730e-14 1.431572e-08 max_cap4726
 3.479536e-09 1.082919e-08 2.429730e-14 1.430875e-08 max_cap11417
 4.772237e-09 9.533057e-09 6.876325e-14 1.430536e-08 wire6939
 4.245045e-09 1.005958e-08 2.429730e-14 1.430464e-08 max_cap10982
 3.855040e-09 1.044850e-08 2.429730e-14 1.430356e-08 max_cap5131
 5.299559e-09 8.988832e-09 7.498307e-14 1.428847e-08 wire11323
 3.912937e-09 1.037505e-08 2.429730e-14 1.428801e-08 wire5999
 5.135785e-09 9.146933e-09 7.521035e-14 1.428279e-08 wire11133
 3.651050e-09 1.062882e-08 2.429730e-14 1.427989e-08 wire2146
 2.900880e-09 1.137647e-08 2.429730e-14 1.427738e-08 hold6219
 5.137966e-09 9.132596e-09 2.429730e-14 1.427059e-08 max_cap5890
 8.529314e-09 5.740410e-09 2.429730e-14 1.426975e-08 wire1696
 3.892580e-09 1.037669e-08 2.429730e-14 1.426929e-08 wire7005
 5.667353e-09 8.601050e-09 6.956716e-14 1.426847e-08 wire4200
 5.058524e-09 9.208477e-09 2.429730e-14 1.426702e-08 max_cap5573
 2.839889e-09 1.142503e-08 2.429730e-14 1.426494e-08 wire6849
 2.598660e-09 1.166212e-08 2.429730e-14 1.426080e-08 max_cap6917
 2.377243e-09 1.188040e-08 2.429730e-14 1.425767e-08 wire6228
 3.452455e-09 1.080245e-08 6.866987e-14 1.425497e-08 wire9468
 2.896622e-09 1.135164e-08 2.429730e-14 1.424829e-08 wire5438
 3.826260e-09 1.040803e-08 2.429730e-14 1.423431e-08 hold3240
 5.371204e-09 8.862587e-09 7.502217e-14 1.423387e-08 max_cap8549
 3.755125e-09 1.047367e-08 2.429730e-14 1.422882e-08 max_cap5285
 3.448693e-09 1.077966e-08 2.429730e-14 1.422837e-08 wire4947
 6.002334e-09 8.223771e-09 2.429730e-14 1.422613e-08 max_cap3684
 4.040446e-09 1.017413e-08 2.429730e-14 1.421460e-08 max_cap7487
 4.450441e-09 9.760280e-09 2.429730e-14 1.421075e-08 max_cap5070
 3.773342e-09 1.043380e-08 6.878848e-14 1.420721e-08 max_cap4048
 5.099334e-09 9.107493e-09 7.506958e-14 1.420690e-08 wire11386
 3.631574e-09 1.057413e-08 6.890206e-14 1.420577e-08 wire6837
 3.506792e-09 1.069586e-08 2.429730e-14 1.420268e-08 wire11246
 4.858667e-09 9.342637e-09 2.429730e-14 1.420133e-08 max_cap8619
 4.206048e-09 9.995122e-09 7.627677e-14 1.420125e-08 max_cap8403
 5.409211e-09 8.785794e-09 2.429730e-14 1.419503e-08 max_cap1370
 3.835259e-09 1.035858e-08 2.429730e-14 1.419387e-08 wire2555
 6.057361e-09 8.128885e-09 2.429730e-14 1.418627e-08 wire8033
 5.271132e-09 8.915010e-09 6.943585e-14 1.418621e-08 max_cap5985
 3.949316e-09 1.023537e-08 6.897141e-14 1.418475e-08 wire6232
 3.805715e-09 1.037617e-08 6.871402e-14 1.418195e-08 wire9045
 3.592856e-09 1.058540e-08 2.429730e-14 1.417828e-08 max_cap10663
 3.168807e-09 1.099797e-08 2.429730e-14 1.416681e-08 wire102
 4.612522e-09 9.553903e-09 2.429730e-14 1.416645e-08 max_cap9584
 6.408929e-09 7.747880e-09 2.429730e-14 1.415683e-08 max_cap1912
 5.947132e-09 8.206896e-09 2.429730e-14 1.415405e-08 max_cap2659
 6.922336e-09 7.231358e-09 6.902762e-14 1.415376e-08 max_cap6956
 3.583707e-09 1.056861e-08 6.896826e-14 1.415239e-08 wire4918
 6.236395e-09 7.897160e-09 2.429730e-14 1.413358e-08 max_cap1646
 3.583060e-09 1.055035e-08 6.894345e-14 1.413348e-08 wire4491
 4.872158e-09 9.246311e-09 7.519466e-14 1.411855e-08 max_cap8529
 3.675263e-09 1.044189e-08 2.429730e-14 1.411718e-08 max_cap5357
 3.856097e-09 1.025570e-08 2.429730e-14 1.411182e-08 wire8978
 3.384433e-09 1.072454e-08 2.429730e-14 1.410900e-08 wire11393
 3.957443e-09 1.014563e-08 2.429730e-14 1.410309e-08 max_cap10228
 3.135290e-09 1.095976e-08 2.429730e-14 1.409507e-08 hold526
 3.501547e-09 1.058980e-08 2.429730e-14 1.409137e-08 wire5246
 7.917305e-09 6.170840e-09 2.429730e-14 1.408817e-08 wire1693
 4.179274e-09 9.907173e-09 2.429730e-14 1.408647e-08 wire5270
 4.077269e-09 1.000586e-08 6.914880e-14 1.408320e-08 wire7066
 3.944241e-09 1.013712e-08 6.867047e-14 1.408143e-08 wire7105
 4.509092e-09 9.572197e-09 2.429730e-14 1.408131e-08 wire6193
 5.187304e-09 8.893713e-09 2.429730e-14 1.408104e-08 wire4800
 3.059960e-09 1.102036e-08 2.429730e-14 1.408034e-08 max_cap11171
 5.367441e-09 8.706457e-09 2.429730e-14 1.407392e-08 wire249
 7.464702e-09 6.607875e-09 2.429730e-14 1.407260e-08 wire1974
 3.396994e-09 1.066882e-08 2.429730e-14 1.406583e-08 wire11236
 6.812188e-09 7.250351e-09 2.429730e-14 1.406256e-08 wire2960
 2.186008e-09 1.187552e-08 2.429730e-14 1.406155e-08 wire4604
 5.927858e-09 8.132276e-09 7.285852e-14 1.406021e-08 max_cap10122
 3.009973e-09 1.104676e-08 2.429730e-14 1.405675e-08 max_cap11083
 6.994872e-09 7.061024e-09 2.429730e-14 1.405592e-08 max_cap3752
 4.787269e-09 9.266310e-09 2.429730e-14 1.405360e-08 max_cap954
 3.889720e-09 1.016287e-08 2.429730e-14 1.405262e-08 wire10321
 3.234004e-09 1.081855e-08 2.429730e-14 1.405258e-08 max_cap10698
 3.040903e-09 1.100929e-08 2.429730e-14 1.405022e-08 max_cap7624
 3.678936e-09 1.036480e-08 6.833073e-14 1.404381e-08 wire7322
 8.375133e-09 5.667575e-09 2.429730e-14 1.404273e-08 wire204
 5.511065e-09 8.530893e-09 2.429730e-14 1.404198e-08 max_cap2651
 3.908443e-09 1.013235e-08 2.429730e-14 1.404082e-08 wire10651
 3.558968e-09 1.046962e-08 2.429730e-14 1.402861e-08 wire3985
 3.848935e-09 1.017595e-08 2.429730e-14 1.402491e-08 max_cap9407
 2.681759e-09 1.134070e-08 2.429730e-14 1.402249e-08 wire7355
 4.588168e-09 9.425098e-09 2.429730e-14 1.401329e-08 wire6912
 3.531021e-09 1.047796e-08 2.429730e-14 1.400900e-08 wire7640
 4.013620e-09 9.990158e-09 2.429730e-14 1.400380e-08 max_cap6820
 5.935234e-09 8.063488e-09 2.429730e-14 1.399875e-08 max_cap3623
 4.858897e-09 9.137000e-09 2.429730e-14 1.399592e-08 wire10474
 6.517130e-09 7.477261e-09 2.429730e-14 1.399442e-08 wire1447
 4.040675e-09 9.949474e-09 2.429730e-14 1.399017e-08 max_cap10686
 4.932354e-09 9.057671e-09 7.476147e-14 1.399010e-08 wire11275
 4.930050e-09 9.055976e-09 2.429730e-14 1.398605e-08 max_cap10394
 6.320344e-09 7.664453e-09 6.938596e-14 1.398487e-08 wire7478
 6.785004e-09 7.199612e-09 7.311480e-14 1.398469e-08 max_cap5349
 4.480792e-09 9.501514e-09 6.922122e-14 1.398238e-08 max_cap4435
 5.034370e-09 8.947842e-09 7.472767e-14 1.398229e-08 wire11180
 3.812625e-09 1.016575e-08 2.429730e-14 1.397839e-08 wire8294
 4.475946e-09 9.494869e-09 2.429730e-14 1.397084e-08 max_cap4746
 4.540204e-09 9.423601e-09 2.429730e-14 1.396383e-08 max_cap9990
 6.767819e-09 7.187165e-09 2.429730e-14 1.395501e-08 max_cap1598
 6.907777e-09 7.043897e-09 2.429730e-14 1.395170e-08 wire1996
 3.917353e-09 1.003040e-08 6.887190e-14 1.394782e-08 wire6026
 3.365414e-09 1.058233e-08 2.429730e-14 1.394776e-08 wire2104
 7.704890e-09 6.237306e-09 2.429730e-14 1.394222e-08 max_cap8770
 3.484778e-09 1.045652e-08 2.429730e-14 1.394132e-08 max_cap10522
 7.465147e-09 6.473786e-09 2.429730e-14 1.393896e-08 wire1976
 3.532192e-09 1.040629e-08 2.429730e-14 1.393851e-08 wire11199
 3.374022e-09 1.056066e-08 6.873475e-14 1.393475e-08 wire8991
 4.016915e-09 9.915942e-09 2.429730e-14 1.393288e-08 max_cap7482
 6.051053e-09 7.879366e-09 2.429730e-14 1.393044e-08 max_cap3678
 6.458408e-09 7.465720e-09 2.429730e-14 1.392415e-08 wire1961
 5.549151e-09 8.371877e-09 2.429730e-14 1.392105e-08 max_cap3531
 1.704575e-09 1.221621e-08 2.429730e-14 1.392080e-08 fanout2697
 3.631713e-09 1.028887e-08 2.429730e-14 1.392061e-08 max_cap10754
 4.906708e-09 9.006458e-09 2.429730e-14 1.391319e-08 max_cap3608
 2.066284e-09 1.184063e-08 6.892820e-14 1.390699e-08 fanout9649
 3.855411e-09 1.003204e-08 2.429730e-14 1.388748e-08 max_cap9812
 3.785128e-09 1.009861e-08 6.921437e-14 1.388381e-08 wire8910
 4.627242e-09 9.254903e-09 6.929712e-14 1.388221e-08 wire4867
 5.182794e-09 8.697323e-09 2.429730e-14 1.388014e-08 max_cap1614
 5.443103e-09 8.433731e-09 7.469848e-14 1.387691e-08 wire11337
 4.099767e-09 9.775475e-09 2.429730e-14 1.387527e-08 max_cap7974
 3.175486e-09 1.069815e-08 2.429730e-14 1.387366e-08 hold2077
 7.163421e-09 6.709076e-09 2.429730e-14 1.387252e-08 wire1831
 3.528257e-09 1.033897e-08 2.429730e-14 1.386725e-08 max_cap10437
 3.930647e-09 9.931433e-09 2.429730e-14 1.386210e-08 wire5326
 5.116582e-09 8.740239e-09 2.429730e-14 1.385685e-08 max_cap4987
 4.923727e-09 8.925688e-09 2.429730e-14 1.384944e-08 wire4566
 3.662820e-09 1.018636e-08 2.429730e-14 1.384921e-08 max_cap11000
 6.897833e-09 6.951049e-09 2.429730e-14 1.384891e-08 wire1993
 4.062002e-09 9.785818e-09 6.903967e-14 1.384789e-08 max_cap7188
 6.810714e-09 7.032653e-09 2.429730e-14 1.384339e-08 max_cap5757
 3.502074e-09 1.033938e-08 2.429730e-14 1.384147e-08 wire3989
 3.184061e-09 1.065615e-08 2.429730e-14 1.384023e-08 max_cap9250
 3.781459e-09 1.005762e-08 6.826546e-14 1.383915e-08 wire6675
 4.044737e-09 9.789480e-09 6.882683e-14 1.383429e-08 wire6755
 4.610280e-09 9.218519e-09 2.429730e-14 1.382882e-08 max_cap1004
 2.629795e-09 1.119560e-08 2.429730e-14 1.382542e-08 wire2992
 4.904757e-09 8.919342e-09 2.429730e-14 1.382412e-08 max_cap6225
 3.236052e-09 1.058755e-08 6.866812e-14 1.382367e-08 wire7288
 7.094321e-09 6.727774e-09 2.429730e-14 1.382212e-08 max_cap8735
 4.953229e-09 8.865218e-09 7.550406e-14 1.381852e-08 wire11384
 6.365270e-09 7.450602e-09 2.429730e-14 1.381590e-08 max_cap1906
 7.519818e-09 6.295176e-09 2.429730e-14 1.381502e-08 wire1870
 2.170588e-09 1.164370e-08 2.429730e-14 1.381431e-08 wire6620
 5.315774e-09 8.498344e-09 2.429730e-14 1.381414e-08 max_cap1594
 2.945445e-09 1.086791e-08 2.429730e-14 1.381338e-08 max_cap10294
 3.468797e-09 1.034420e-08 6.892288e-14 1.381307e-08 wire9579
 6.100301e-09 7.710246e-09 2.429730e-14 1.381057e-08 wire7987
 3.095067e-09 1.071437e-08 1.611058e-13 1.380960e-08 fanout2705
 7.265821e-09 6.535327e-09 2.429730e-14 1.380117e-08 wire2389
 4.394292e-09 9.405468e-09 2.429730e-14 1.379978e-08 wire7972
 3.886311e-09 9.912196e-09 2.429730e-14 1.379853e-08 max_cap8883
 5.673458e-09 8.123910e-09 2.429730e-14 1.379739e-08 max_cap3630
 3.394254e-09 1.039839e-08 6.814633e-14 1.379271e-08 wire9374
 3.622124e-09 1.016774e-08 2.429730e-14 1.378989e-08 wire2432
 5.610032e-09 8.174365e-09 2.429730e-14 1.378442e-08 max_cap7832
 3.910841e-09 9.871234e-09 2.429730e-14 1.378210e-08 max_cap8120
 2.516518e-09 1.126339e-08 1.115086e-13 1.378002e-08 fanout1730
 5.698336e-09 8.080970e-09 7.287942e-14 1.377938e-08 max_cap10242
 3.334906e-09 1.044402e-08 2.429730e-14 1.377895e-08 max_cap11335
 4.912892e-09 8.860225e-09 2.429730e-14 1.377314e-08 wire5171
 3.120024e-09 1.065126e-08 7.791158e-14 1.377136e-08 max_cap931
 3.429216e-09 1.033898e-08 2.429730e-14 1.376822e-08 max_cap11088
 4.158661e-09 9.606778e-09 2.429730e-14 1.376546e-08 max_cap10948
 4.196015e-09 9.568585e-09 2.429730e-14 1.376462e-08 max_cap5190
 3.689245e-09 1.007508e-08 2.429730e-14 1.376435e-08 max_cap10734
 3.915505e-09 9.842270e-09 2.429730e-14 1.375780e-08 wire10800
 2.116780e-09 1.163813e-08 7.755202e-14 1.375499e-08 wire6095
 5.439883e-09 8.312658e-09 2.429730e-14 1.375257e-08 wire8269
 4.881136e-09 8.865666e-09 6.928552e-14 1.374687e-08 wire7559
 1.875063e-09 1.186357e-08 6.813944e-14 1.373870e-08 wire4034
 3.533380e-09 1.020479e-08 6.817483e-14 1.373824e-08 wire6616
 3.782399e-09 9.954706e-09 2.429730e-14 1.373713e-08 max_cap3336
 4.257164e-09 9.476182e-09 6.862926e-14 1.373341e-08 wire2994
 4.087271e-09 9.641676e-09 6.921890e-14 1.372902e-08 wire8913
 4.026306e-09 9.702251e-09 6.859098e-14 1.372862e-08 wire7470
 7.457548e-09 6.271023e-09 2.429730e-14 1.372860e-08 wire2052
 4.240376e-09 9.487484e-09 2.429730e-14 1.372788e-08 max_cap10736
 7.346137e-09 6.374921e-09 2.429730e-14 1.372108e-08 max_cap5747
 2.664744e-09 1.104584e-08 2.429730e-14 1.371060e-08 hold6271
 6.390225e-09 7.317476e-09 2.429730e-14 1.370772e-08 wire8499
 4.922032e-09 8.782817e-09 2.429730e-14 1.370487e-08 wire5170
 3.625072e-09 1.007917e-08 6.874646e-14 1.370431e-08 wire6878
 3.871219e-09 9.832931e-09 6.899787e-14 1.370422e-08 wire6666
 3.931945e-09 9.767608e-09 2.429730e-14 1.369958e-08 max_cap10786
 6.391583e-09 7.307714e-09 2.429730e-14 1.369932e-08 wire1983
 1.195982e-09 1.250037e-08 7.828474e-14 1.369643e-08 max_cap6761
 2.598125e-09 1.109778e-08 2.429730e-14 1.369593e-08 wire6360
 3.624941e-09 1.006419e-08 6.893933e-14 1.368920e-08 wire4495
 5.527889e-09 8.157663e-09 2.429730e-14 1.368558e-08 max_cap553
 2.842182e-09 1.084251e-08 7.792089e-14 1.368477e-08 fanout9879
 2.657840e-09 1.101755e-08 6.831954e-14 1.367545e-08 wire1948
 3.964473e-09 9.710130e-09 2.429730e-14 1.367463e-08 max_cap10633
 5.150397e-09 8.521792e-09 7.508900e-14 1.367226e-08 wire11103
 4.105103e-09 9.566780e-09 6.903725e-14 1.367195e-08 wire7186
 2.632743e-09 1.103861e-08 7.749848e-14 1.367143e-08 max_cap9190
 3.602560e-09 1.006853e-08 2.429730e-14 1.367111e-08 max_cap960
 5.371334e-09 8.287833e-09 7.483872e-14 1.365924e-08 wire11333
 3.812704e-09 9.846112e-09 6.871851e-14 1.365888e-08 wire4593
 6.508794e-09 7.147126e-09 2.429730e-14 1.365594e-08 max_cap1640
 6.754377e-09 6.900963e-09 2.429730e-14 1.365536e-08 max_cap3639
 3.231763e-09 1.041777e-08 2.429730e-14 1.364956e-08 wire4310
 3.244657e-09 1.040147e-08 7.791027e-14 1.364620e-08 max_cap890
 3.699865e-09 9.944718e-09 6.881401e-14 1.364465e-08 wire7400
 5.274928e-09 8.369588e-09 7.540656e-14 1.364459e-08 wire11211
 4.570230e-09 9.071842e-09 2.429730e-14 1.364210e-08 max_cap10077
 6.571811e-09 7.066547e-09 2.429730e-14 1.363838e-08 wire2335
 4.855274e-09 8.772910e-09 2.429730e-14 1.362821e-08 wire5173
 3.808540e-09 9.814406e-09 2.429730e-14 1.362297e-08 wire10733
 3.201626e-09 1.042126e-08 2.429730e-14 1.362291e-08 wire6263
 3.230394e-09 1.037796e-08 2.429730e-14 1.360837e-08 max_cap2187
 3.888764e-09 9.718554e-09 6.871093e-14 1.360739e-08 wire4544
 3.777592e-09 9.827824e-09 2.429730e-14 1.360544e-08 max_cap10901
 7.939664e-09 5.662608e-09 2.429730e-14 1.360230e-08 wire1692
 1.360109e-08 0.000000e+00 1.168203e-14 1.360110e-08 clkload195
 1.359522e-08 0.000000e+00 1.168779e-14 1.359523e-08 clkload276
 1.359357e-08 0.000000e+00 1.168190e-14 1.359358e-08 clkload186
 4.087259e-09 9.503663e-09 2.429730e-14 1.359095e-08 max_cap10189
 6.286391e-09 7.303281e-09 2.429730e-14 1.358970e-08 wire241
 7.409958e-09 6.178165e-09 2.429730e-14 1.358815e-08 wire1718
 5.070048e-09 8.513473e-09 7.527883e-14 1.358360e-08 max_cap8377
 5.491028e-09 8.086438e-09 7.497044e-14 1.357754e-08 wire11187
 1.357714e-08 0.000000e+00 1.167538e-14 1.357715e-08 clkload300
 6.377681e-09 7.198935e-09 2.429730e-14 1.357664e-08 max_cap1616
 3.436680e-09 1.013979e-08 2.429730e-14 1.357650e-08 max_cap10790
 3.295540e-09 1.027882e-08 2.429730e-14 1.357438e-08 hold6972
 1.357394e-08 0.000000e+00 1.167532e-14 1.357395e-08 clkload301
 1.356848e-08 0.000000e+00 1.166743e-14 1.356849e-08 clkload171
 3.376362e-09 1.019170e-08 2.429730e-14 1.356809e-08 wire10421
 6.339119e-09 7.224145e-09 2.429730e-14 1.356329e-08 max_cap8531
 3.825673e-09 9.736699e-09 2.429730e-14 1.356240e-08 wire3984
 7.540053e-09 6.021769e-09 2.429730e-14 1.356185e-08 wire194
 4.119570e-09 9.439493e-09 2.429730e-14 1.355909e-08 hold5376
 3.340470e-09 1.021242e-08 2.429730e-14 1.355292e-08 max_cap11112
 3.600675e-09 9.952070e-09 6.874607e-14 1.355281e-08 wire6353
 3.541129e-09 1.001066e-08 2.429730e-14 1.355181e-08 max_cap3543
 3.619367e-09 9.932018e-09 2.429730e-14 1.355141e-08 max_cap11091
 3.920863e-09 9.630321e-09 2.429730e-14 1.355121e-08 wire5263
 1.354715e-08 0.000000e+00 1.168127e-14 1.354716e-08 clkload191
 5.894620e-09 7.650182e-09 2.429730e-14 1.354483e-08 max_cap3596
 1.354135e-08 0.000000e+00 1.166830e-14 1.354137e-08 clkload291
 3.697906e-09 9.835256e-09 2.429730e-14 1.353319e-08 max_cap8879
 7.793196e-09 5.734223e-09 2.429730e-14 1.352744e-08 wire2120
 2.956588e-09 1.056677e-08 2.429730e-14 1.352338e-08 max_cap6536
 4.045888e-09 9.471488e-09 2.429730e-14 1.351740e-08 max_cap11021
 3.273501e-09 1.024334e-08 2.429730e-14 1.351687e-08 wire11278
 4.226801e-09 9.281228e-09 7.343154e-14 1.350810e-08 max_cap10913
 1.350708e-08 0.000000e+00 1.166796e-14 1.350709e-08 clkload290
 1.350587e-08 0.000000e+00 1.166664e-14 1.350589e-08 clkload172
 5.299028e-09 8.206713e-09 7.501738e-14 1.350582e-08 wire11353
 1.350140e-08 0.000000e+00 1.166783e-14 1.350141e-08 clkload283
 3.878302e-09 9.621652e-09 6.899804e-14 1.350002e-08 wire6665
 3.089021e-09 1.040652e-08 2.429730e-14 1.349557e-08 max_cap10600
 5.823101e-09 7.668920e-09 2.429730e-14 1.349204e-08 max_cap9787
 5.058476e-09 8.431659e-09 6.992490e-14 1.349021e-08 wire6484
 5.342234e-09 8.146624e-09 7.494003e-14 1.348893e-08 wire11271
 1.348877e-08 0.000000e+00 1.167401e-14 1.348878e-08 clkload202
 5.156781e-09 8.330904e-09 2.429730e-14 1.348771e-08 max_cap2263
 3.590994e-09 9.892817e-09 2.429730e-14 1.348384e-08 wire11385
 4.882178e-09 8.598198e-09 6.910659e-14 1.348045e-08 wire2589
 4.071971e-09 9.403001e-09 7.245209e-14 1.347505e-08 wire9823
 4.775202e-09 8.694889e-09 6.952805e-14 1.347016e-08 wire6690
 2.916702e-09 1.055232e-08 2.429730e-14 1.346905e-08 max_cap11232
 3.854145e-09 9.613610e-09 2.429730e-14 1.346778e-08 wire5130
 3.880418e-09 9.584970e-09 6.887931e-14 1.346546e-08 wire3849
 4.685253e-09 8.776825e-09 2.429730e-14 1.346210e-08 max_cap5081
 5.170012e-09 8.292043e-09 2.429730e-14 1.346208e-08 max_cap3598
 5.044489e-09 8.407448e-09 2.429730e-14 1.345196e-08 max_cap8342
 6.878335e-09 6.572118e-09 2.429730e-14 1.345048e-08 wire1995
 8.549051e-09 4.898042e-09 2.429730e-14 1.344712e-08 max_cap2204
 3.019291e-09 1.041852e-08 2.429730e-14 1.343783e-08 wire11339
 3.207246e-09 1.022536e-08 2.429730e-14 1.343263e-08 wire7061
 3.480925e-09 9.951458e-09 6.846400e-14 1.343245e-08 wire6800
 3.809817e-09 9.620558e-09 2.429730e-14 1.343040e-08 max_cap10037
 3.516589e-09 9.908951e-09 2.429730e-14 1.342556e-08 max_cap7543
 7.328205e-10 1.269169e-08 2.429730e-14 1.342454e-08 max_cap1465
 2.634051e-09 1.079034e-08 2.429730e-14 1.342441e-08 wire6366
 4.865379e-09 8.558340e-09 2.429730e-14 1.342374e-08 max_cap8356
 7.253372e-09 6.169238e-09 2.429730e-14 1.342263e-08 max_cap2516
 4.040839e-09 9.381216e-09 6.827462e-14 1.342212e-08 wire6673
 4.082175e-09 9.336047e-09 2.429730e-14 1.341825e-08 max_cap4526
 2.670199e-09 1.074486e-08 2.429730e-14 1.341509e-08 wire3360
 5.393217e-09 8.016191e-09 2.429730e-14 1.340943e-08 max_cap3654
 6.887920e-09 6.519874e-09 2.429730e-14 1.340782e-08 wire1994
 3.454970e-09 9.952065e-09 2.429730e-14 1.340706e-08 max_cap11237
 5.381146e-09 8.014071e-09 2.429730e-14 1.339524e-08 max_cap1576
 3.506560e-09 9.886499e-09 6.891968e-14 1.339313e-08 wire9577
 4.158787e-09 9.233569e-09 2.429730e-14 1.339238e-08 max_cap8046
 3.678362e-09 9.709624e-09 2.429730e-14 1.338801e-08 max_cap4298
 7.321113e-09 6.064578e-09 2.429730e-14 1.338572e-08 max_cap1571
 5.132529e-09 8.250126e-09 7.454099e-14 1.338273e-08 max_cap8278
 4.840127e-09 8.537747e-09 6.853941e-14 1.337794e-08 wire4308
 4.515967e-09 8.857660e-09 2.429730e-14 1.337365e-08 wire8600
 3.617698e-09 9.752986e-09 6.894128e-14 1.337075e-08 wire4490
 5.890832e-09 7.475036e-09 2.429730e-14 1.336589e-08 max_cap1636
 4.970017e-09 8.392318e-09 7.546412e-14 1.336241e-08 wire11380
 5.219418e-09 8.141164e-09 2.429730e-14 1.336061e-08 max_cap3690
 3.466994e-09 9.892268e-09 6.843888e-14 1.335933e-08 wire6990
 4.863703e-09 8.485098e-09 6.910929e-14 1.334887e-08 wire2590
 3.505905e-09 9.840281e-09 6.817910e-14 1.334625e-08 wire6618
 5.401052e-09 7.943198e-09 7.474460e-14 1.334432e-08 wire11306
 3.610414e-09 9.732386e-09 2.429730e-14 1.334282e-08 max_cap11389
 3.576162e-09 9.762942e-09 2.429730e-14 1.333913e-08 max_cap11200
 4.141403e-09 9.195491e-09 2.429730e-14 1.333692e-08 max_cap5606
 4.343610e-09 8.989343e-09 6.910554e-14 1.333302e-08 max_cap7142
 5.210393e-09 8.121635e-09 7.650570e-14 1.333210e-08 max_cap4636
 3.898735e-09 9.433260e-09 2.429730e-14 1.333202e-08 max_cap10802
 3.562892e-09 9.767459e-09 6.886206e-14 1.333042e-08 wire6013
 3.008331e-09 1.031961e-08 2.429730e-14 1.332797e-08 max_cap4550
 3.507790e-09 9.817958e-09 6.886501e-14 1.332582e-08 wire6014
 3.659440e-09 9.664959e-09 6.881126e-14 1.332447e-08 wire7405
 3.503584e-09 9.817826e-09 2.429730e-14 1.332143e-08 wire7642
 4.625132e-09 8.692064e-09 2.429730e-14 1.331722e-08 wire6910
 4.704521e-09 8.603403e-09 2.429730e-14 1.330795e-08 max_cap8367
 4.733607e-09 8.567545e-09 6.897739e-14 1.330122e-08 wire4095
 5.755105e-09 7.540386e-09 2.429730e-14 1.329551e-08 max_cap8551
 3.058209e-09 1.022870e-08 6.841533e-14 1.328697e-08 wire4846
 3.736170e-09 9.547693e-09 2.429730e-14 1.328389e-08 max_cap8270
 4.803239e-09 8.480537e-09 2.429730e-14 1.328380e-08 wire4474
 7.523960e-09 5.753174e-09 2.429730e-14 1.327716e-08 wire1869
 5.670857e-09 7.605291e-09 2.429730e-14 1.327617e-08 max_cap1586
 3.444756e-09 9.826815e-09 2.429730e-14 1.327159e-08 wire5996
 4.448661e-09 8.817858e-09 2.429730e-14 1.326654e-08 max_cap4914
 6.107864e-09 7.156965e-09 2.429730e-14 1.326485e-08 wire8149
 6.219195e-09 7.044799e-09 2.429730e-14 1.326402e-08 max_cap1542
 2.606509e-09 1.065705e-08 2.429730e-14 1.326358e-08 max_cap1524
 1.912996e-09 1.134998e-08 2.429730e-14 1.326300e-08 max_cap1517
 2.897818e-09 1.036325e-08 2.429730e-14 1.326109e-08 max_cap9769
 4.204046e-09 9.054774e-09 2.429730e-14 1.325884e-08 max_cap10140
 3.423938e-09 9.831494e-09 2.429730e-14 1.325546e-08 wire11314
 3.276016e-09 9.979122e-09 2.429730e-14 1.325516e-08 max_cap11298
 5.119649e-09 8.131715e-09 2.429730e-14 1.325139e-08 max_cap1351
 4.682064e-09 8.560940e-09 2.429730e-14 1.324303e-08 max_cap9586
 3.151810e-09 1.008994e-08 2.429730e-14 1.324177e-08 wire5243
 6.657758e-09 6.580859e-09 2.429730e-14 1.323864e-08 max_cap1556
 4.905966e-09 8.331489e-09 2.429730e-14 1.323748e-08 wire4568
 5.219278e-09 8.016270e-09 2.429730e-14 1.323557e-08 max_cap1597
 2.481293e-09 1.075402e-08 2.429730e-14 1.323534e-08 wire6015
 4.691202e-09 8.543950e-09 2.429730e-14 1.323518e-08 max_cap8444
 3.864399e-09 9.369741e-09 2.429730e-14 1.323416e-08 max_cap5997
 3.190625e-09 1.003907e-08 2.429730e-14 1.322972e-08 wire11308
 4.572304e-09 8.649870e-09 6.920837e-14 1.322224e-08 wire7363
 3.719480e-09 9.496625e-09 2.429730e-14 1.321613e-08 wire6282
 8.074130e-09 5.140675e-09 2.429730e-14 1.321483e-08 wire1710
 4.251917e-09 8.961457e-09 2.429730e-14 1.321340e-08 max_cap10292
 2.897992e-09 1.031078e-08 2.429730e-14 1.320880e-08 max_cap2689
 7.384017e-09 5.823039e-09 2.429730e-14 1.320708e-08 wire2053
 3.029175e-09 1.017394e-08 2.429730e-14 1.320314e-08 wire6688
 3.824761e-09 9.372704e-09 6.878101e-14 1.319753e-08 max_cap4044
 4.787667e-09 8.408781e-09 2.429730e-14 1.319647e-08 max_cap3644
 5.068661e-09 8.126750e-09 6.922527e-14 1.319548e-08 wire5241
 3.713870e-09 9.481340e-09 2.429730e-14 1.319523e-08 wire6289
 3.619477e-09 9.572973e-09 6.893813e-14 1.319252e-08 wire4494
 6.661364e-09 6.525742e-09 2.429730e-14 1.318713e-08 max_cap3581
 3.060367e-09 1.012280e-08 2.429730e-14 1.318319e-08 max_cap11053
 3.436877e-09 9.743623e-09 2.429730e-14 1.318052e-08 max_cap11116
 4.872818e-09 8.303277e-09 2.429730e-14 1.317612e-08 wire5316
 6.279525e-09 6.894656e-09 2.429730e-14 1.317420e-08 wire8195
 3.677727e-09 9.496067e-09 2.429730e-14 1.317382e-08 wire6284
 3.323142e-09 9.849139e-09 2.429730e-14 1.317231e-08 max_cap7040
 7.063447e-09 6.108689e-09 2.429730e-14 1.317216e-08 max_cap5855
 3.138674e-09 1.003257e-08 2.429730e-14 1.317126e-08 wire5242
 6.179260e-09 6.989518e-09 2.429730e-14 1.316880e-08 max_cap1626
 2.516459e-09 1.064932e-08 2.429730e-14 1.316580e-08 wire6461
 3.615736e-09 9.549387e-09 2.429730e-14 1.316515e-08 wire2495
 3.560279e-09 9.602642e-09 2.429730e-14 1.316295e-08 max_cap11110
 2.764698e-09 1.039542e-08 2.429730e-14 1.316014e-08 max_cap4779
 3.555198e-09 9.602757e-09 2.429730e-14 1.315798e-08 wire11396
 3.321635e-09 9.836031e-09 7.791158e-14 1.315774e-08 max_cap491
 3.954390e-09 9.199942e-09 6.875170e-14 1.315440e-08 wire6359
 4.445611e-09 8.704543e-09 2.429730e-14 1.315018e-08 max_cap7348
 6.907609e-09 6.241450e-09 2.429730e-14 1.314908e-08 max_cap5823
 3.599840e-09 9.548150e-09 2.429730e-14 1.314801e-08 max_cap10356
 5.398113e-09 7.749593e-09 7.486568e-14 1.314778e-08 max_cap8388
 2.857746e-09 1.028951e-08 2.429730e-14 1.314728e-08 wire11405
 4.060128e-09 9.079359e-09 6.922577e-14 1.313956e-08 wire8906
 3.704862e-09 9.433434e-09 6.832890e-14 1.313837e-08 wire7321
 6.789141e-09 6.346091e-09 2.429730e-14 1.313526e-08 max_cap1446
 3.633750e-09 9.500290e-09 6.874504e-14 1.313411e-08 wire6877
 6.478419e-09 6.653690e-09 2.429730e-14 1.313213e-08 max_cap1587
 3.158341e-09 9.971735e-09 2.429730e-14 1.313010e-08 wire6481
 5.241674e-09 7.885768e-09 2.429730e-14 1.312747e-08 max_cap5889
 3.994573e-09 9.129590e-09 2.429730e-14 1.312419e-08 max_cap10504
 3.742463e-09 9.381465e-09 2.429730e-14 1.312395e-08 max_cap10468
 2.358263e-09 1.076442e-08 2.429730e-14 1.312271e-08 wire7386
 5.187586e-09 7.934253e-09 7.276880e-14 1.312191e-08 wire9322
 5.547383e-09 7.573680e-09 2.429730e-14 1.312109e-08 max_cap1568
 2.569255e-09 1.055079e-08 2.429730e-14 1.312007e-08 max_cap1526
 3.678269e-09 9.440183e-09 2.429730e-14 1.311848e-08 max_cap10388
 3.689901e-09 9.425517e-09 2.429730e-14 1.311544e-08 wire6283
 2.940717e-09 1.017059e-08 2.429730e-14 1.311133e-08 max_cap6534
 3.891936e-09 9.214803e-09 6.933937e-14 1.310681e-08 max_cap8456
 8.022293e-09 5.082234e-09 2.429730e-14 1.310455e-08 max_cap2640
 5.150600e-09 7.949139e-09 2.429730e-14 1.309976e-08 max_cap10127
 7.203435e-09 5.894570e-09 2.429730e-14 1.309803e-08 wire2390
 3.584099e-09 9.498039e-09 2.429730e-14 1.308216e-08 max_cap10343
 6.738499e-09 6.340333e-09 2.429730e-14 1.307886e-08 max_cap1452
 3.973295e-09 9.104725e-09 2.429730e-14 1.307804e-08 max_cap6001
 3.467665e-09 9.605318e-09 2.429730e-14 1.307301e-08 max_cap7157
 3.310512e-09 9.760149e-09 2.429730e-14 1.307068e-08 wire4312
 5.172182e-09 7.897108e-09 2.429730e-14 1.306931e-08 max_cap8586
 4.817708e-09 8.249097e-09 2.429730e-14 1.306683e-08 max_cap8678
 8.183791e-09 4.880468e-09 2.429730e-14 1.306428e-08 wire1709
 3.322326e-09 9.738835e-09 2.429730e-14 1.306118e-08 wire11394
 3.019969e-09 1.004068e-08 2.429730e-14 1.306067e-08 max_cap3224
 3.980639e-09 9.077525e-09 2.429730e-14 1.305819e-08 wire8832
 4.194711e-09 8.857937e-09 2.429730e-14 1.305267e-08 max_cap10073
 3.921996e-09 9.129721e-09 2.429730e-14 1.305174e-08 max_cap6975
 2.803880e-09 1.024702e-08 7.408303e-14 1.305097e-08 hold6810
 4.476218e-09 8.567126e-09 2.429730e-14 1.304337e-08 wire2522
 3.602772e-09 9.439692e-09 6.875143e-14 1.304253e-08 wire6881
 3.425377e-09 9.611586e-09 2.429730e-14 1.303699e-08 max_cap10662
 3.372340e-09 9.664454e-09 2.429730e-14 1.303682e-08 max_cap10684
 3.501705e-09 9.534967e-09 6.892094e-14 1.303674e-08 wire9578
 6.860785e-09 6.175884e-09 2.429730e-14 1.303669e-08 wire1997
 3.062232e-09 9.968692e-09 2.429730e-14 1.303095e-08 max_cap10585
 2.963222e-09 1.006767e-08 2.429730e-14 1.303092e-08 max_cap4784
 6.302989e-09 6.723775e-09 2.429730e-14 1.302679e-08 max_cap2643
 3.989942e-09 9.035569e-09 2.429730e-14 1.302554e-08 wire10492
 3.331357e-09 9.693190e-09 2.429730e-14 1.302457e-08 wire10664
 3.489213e-09 9.531160e-09 6.847147e-14 1.302044e-08 wire6810
 3.035457e-09 9.983323e-09 2.429730e-14 1.301880e-08 max_cap7619
 4.592135e-09 8.425892e-09 2.429730e-14 1.301805e-08 max_cap1468
 4.394679e-09 8.618108e-09 2.429730e-14 1.301281e-08 max_cap5391
 4.064564e-09 8.947978e-09 6.867553e-14 1.301261e-08 wire7738
 2.911728e-09 1.009913e-08 7.729801e-14 1.301093e-08 fanout2319
 4.371898e-09 8.636365e-09 2.429730e-14 1.300829e-08 wire5430
 4.063402e-09 8.943782e-09 2.429730e-14 1.300721e-08 max_cap7653
 3.613630e-09 9.393069e-09 6.752915e-14 1.300677e-08 max_cap462
 4.991973e-09 8.007952e-09 2.429730e-14 1.299995e-08 max_cap8010
 5.232351e-09 7.766962e-09 2.429730e-14 1.299934e-08 max_cap8307
 4.829216e-09 8.168032e-09 2.429730e-14 1.299727e-08 max_cap5797
 3.507558e-09 9.488268e-09 2.429730e-14 1.299585e-08 max_cap11115
 6.468004e-09 6.523406e-09 2.429730e-14 1.299143e-08 max_cap5796
 5.168845e-09 7.818312e-09 6.834424e-14 1.298723e-08 wire7060
 5.255552e-09 7.730216e-09 2.429730e-14 1.298579e-08 max_cap1610
 4.138593e-09 8.846278e-09 2.429730e-14 1.298489e-08 wire9212
 6.714036e-09 6.266928e-09 2.429730e-14 1.298099e-08 max_cap5801
 3.636132e-09 9.341631e-09 2.429730e-14 1.297779e-08 max_cap7421
 5.616620e-09 7.356652e-09 2.429730e-14 1.297330e-08 max_cap5858
 4.474788e-09 8.496865e-09 2.429730e-14 1.297168e-08 wire2523
 6.166892e-09 6.799047e-09 2.429730e-14 1.296596e-08 wire2137
 3.446875e-09 9.518505e-09 2.429730e-14 1.296540e-08 max_cap10214
 3.696625e-09 9.268195e-09 2.429730e-14 1.296484e-08 max_cap10375
 3.374728e-09 9.588794e-09 2.429730e-14 1.296355e-08 max_cap11210
 3.936637e-09 9.025838e-09 2.429730e-14 1.296250e-08 wire10787
 4.777394e-09 8.178620e-09 6.897539e-14 1.295608e-08 wire4094
 4.096779e-09 8.852679e-09 2.429730e-14 1.294948e-08 max_cap5543
 5.785962e-09 7.163204e-09 6.904264e-14 1.294923e-08 wire9762
 5.825874e-09 7.118420e-09 2.429730e-14 1.294432e-08 max_cap1545
 4.612336e-09 8.331201e-09 2.429730e-14 1.294356e-08 wire6911
 3.277953e-09 9.662609e-09 2.429730e-14 1.294059e-08 max_cap10967
 2.738807e-09 1.019637e-08 2.429730e-14 1.293520e-08 max_cap4440
 4.631390e-09 8.297670e-09 2.429730e-14 1.292908e-08 max_cap877
 3.706025e-09 9.218011e-09 6.881107e-14 1.292411e-08 wire7398
 7.157320e-09 5.761630e-09 2.429730e-14 1.291897e-08 wire1841
 5.101994e-09 7.813549e-09 2.429730e-14 1.291557e-08 max_cap1650
 5.393130e-09 7.517016e-09 2.429730e-14 1.291017e-08 max_cap1221
 2.069612e-09 1.083666e-08 6.892767e-14 1.290634e-08 fanout9653
 3.476043e-09 9.430174e-09 6.882404e-14 1.290628e-08 wire6753
 4.095138e-09 8.805939e-09 2.429730e-14 1.290110e-08 max_cap9210
 2.770646e-09 1.012541e-08 6.809173e-14 1.289612e-08 wire3770
 7.094325e-09 5.801594e-09 2.429730e-14 1.289594e-08 wire1830
 3.626315e-09 9.269342e-09 6.894040e-14 1.289573e-08 max_cap4496
 4.957375e-09 7.933878e-09 2.429730e-14 1.289128e-08 max_cap4570
 3.024590e-09 9.863510e-09 2.429730e-14 1.288812e-08 wire7560
 3.886462e-09 9.000521e-09 2.429730e-14 1.288701e-08 max_cap10583
 4.729501e-09 8.153419e-09 7.542873e-14 1.288300e-08 max_cap6208
 3.359265e-09 9.523092e-09 2.429730e-14 1.288238e-08 max_cap11182
 4.253179e-09 8.628311e-09 6.834917e-14 1.288156e-08 max_cap7889
 2.651787e-09 1.022426e-08 2.429730e-14 1.287607e-08 max_cap7144
 3.485374e-09 9.389079e-09 2.429730e-14 1.287448e-08 max_cap10553
 4.938072e-09 7.931371e-09 7.312973e-14 1.286952e-08 wire6999
 6.467030e-09 6.393649e-09 2.429730e-14 1.286070e-08 max_cap1560
 3.913250e-09 8.946310e-09 2.429730e-14 1.285958e-08 max_cap7726
 3.938082e-09 8.919272e-09 2.429730e-14 1.285738e-08 max_cap10041
 5.605565e-09 7.251429e-09 2.429730e-14 1.285702e-08 wire7813
 3.861226e-09 8.986984e-09 2.429730e-14 1.284823e-08 wire10320
 3.913352e-09 8.932443e-09 2.429730e-14 1.284582e-08 max_cap5332
 5.684780e-09 7.160083e-09 2.429730e-14 1.284489e-08 wire3126
 4.843798e-09 8.000542e-09 2.429730e-14 1.284436e-08 max_cap7465
 3.262227e-09 9.580329e-09 2.429730e-14 1.284258e-08 max_cap6373
 3.043455e-09 9.797397e-09 2.429730e-14 1.284088e-08 wire7736
 3.328444e-09 9.511891e-09 6.787795e-14 1.284040e-08 wire7260
 1.283825e-08 0.000000e+00 1.168027e-14 1.283826e-08 clkload137
 7.140233e-09 5.695250e-09 2.429730e-14 1.283551e-08 max_cap1491
 3.438301e-09 9.396906e-09 2.429730e-14 1.283523e-08 max_cap10936
 2.873368e-09 9.958900e-09 2.429730e-14 1.283229e-08 max_cap9438
 3.571872e-09 9.251712e-09 2.429730e-14 1.282361e-08 max_cap10260
 3.564298e-09 9.258589e-09 2.429730e-14 1.282291e-08 max_cap11349
 4.027487e-09 8.792275e-09 2.429730e-14 1.281979e-08 max_cap8532
 4.916354e-09 7.901099e-09 2.429730e-14 1.281748e-08 wire4567
 4.728754e-09 8.087820e-09 2.429730e-14 1.281660e-08 max_cap3670
 6.212133e-09 6.601470e-09 2.429730e-14 1.281363e-08 max_cap1582
 3.267483e-09 9.543754e-09 2.429730e-14 1.281126e-08 max_cap11113
 6.182812e-09 6.621946e-09 2.429730e-14 1.280478e-08 max_cap2644
 4.100268e-09 8.701957e-09 2.429730e-14 1.280225e-08 wire9214
 4.469024e-09 8.332593e-09 2.429730e-14 1.280164e-08 max_cap8098
 3.253105e-09 9.546529e-09 2.429730e-14 1.279966e-08 wire11079
 2.692841e-09 1.010513e-08 2.429730e-14 1.279800e-08 max_cap4905
 3.393235e-09 9.402037e-09 6.874007e-14 1.279534e-08 wire8997
 6.710627e-09 6.079473e-09 2.429730e-14 1.279012e-08 max_cap1601
 4.178721e-09 8.608645e-09 6.930809e-14 1.278744e-08 max_cap5973
 3.547275e-09 9.238487e-09 6.871486e-14 1.278583e-08 wire4598
 2.236196e-09 1.054623e-08 2.429730e-14 1.278246e-08 wire9748
 3.414915e-09 9.365844e-09 2.429730e-14 1.278078e-08 wire4203
 3.412775e-09 9.364057e-09 6.873265e-14 1.277690e-08 wire8990
 3.385210e-09 9.387485e-09 6.873853e-14 1.277276e-08 wire8986
 3.345185e-09 9.425555e-09 6.823609e-14 1.277081e-08 wire3302
 5.139044e-09 7.629765e-09 7.489967e-14 1.276888e-08 wire11270
 4.786419e-09 7.978751e-09 7.558041e-14 1.276525e-08 max_cap7945
 3.533511e-09 9.230195e-09 2.429730e-14 1.276373e-08 max_cap11106
 1.142208e-09 1.162039e-08 5.662247e-14 1.276266e-08 _15188_
 2.873357e-09 9.886274e-09 2.429730e-14 1.275965e-08 max_cap10619
 4.051394e-09 8.707253e-09 2.429730e-14 1.275867e-08 wire2478
 4.867817e-09 7.887334e-09 2.429730e-14 1.275518e-08 max_cap4729
 4.079568e-09 8.674566e-09 2.429730e-14 1.275416e-08 max_cap5341
 2.972441e-09 9.778248e-09 2.429730e-14 1.275071e-08 wire3768
 5.178464e-09 7.571727e-09 2.429730e-14 1.275022e-08 max_cap5579
 6.515544e-09 6.234042e-09 2.429730e-14 1.274961e-08 max_cap1557
 3.393190e-09 9.353419e-09 2.429730e-14 1.274663e-08 wire10815
 6.124970e-09 6.620892e-09 2.429730e-14 1.274589e-08 max_cap1621
 3.799301e-09 8.945016e-09 2.429730e-14 1.274434e-08 max_cap8446
 3.228646e-09 9.510912e-09 2.429730e-14 1.273958e-08 wire7062
 4.966883e-09 7.771012e-09 7.528024e-14 1.273797e-08 wire11315
 3.862826e-09 8.874038e-09 2.429730e-14 1.273689e-08 max_cap4025
 3.598896e-09 9.137762e-09 2.429730e-14 1.273668e-08 wire11201
 3.608895e-09 9.125730e-09 6.828090e-14 1.273469e-08 wire4612
 3.166096e-09 9.560407e-09 2.429730e-14 1.272653e-08 max_cap11003
 3.981436e-09 8.743098e-09 2.429730e-14 1.272456e-08 wire5342
 5.599482e-09 7.121939e-09 7.289979e-14 1.272149e-08 max_cap10230
 2.885937e-09 9.829561e-09 2.429730e-14 1.271552e-08 max_cap7596
 4.607470e-09 8.107548e-09 2.429730e-14 1.271504e-08 max_cap1005
 4.021383e-09 8.692049e-09 2.429730e-14 1.271346e-08 max_cap10290
 5.131682e-09 7.579400e-09 6.922301e-14 1.271115e-08 wire5240
 3.676249e-09 9.030823e-09 2.429730e-14 1.270710e-08 wire6816
 3.630317e-09 9.071681e-09 6.896573e-14 1.270207e-08 wire4917
 5.473324e-09 7.223178e-09 2.429730e-14 1.269653e-08 max_cap5835
 4.863111e-09 7.829796e-09 2.429730e-14 1.269293e-08 max_cap1531
 3.230132e-09 9.459814e-09 2.429730e-14 1.268997e-08 wire7600
 3.872444e-09 8.815485e-09 2.429730e-14 1.268795e-08 max_cap10386
 2.891650e-09 9.794635e-09 2.429730e-14 1.268631e-08 max_cap5448
 3.670932e-09 9.011558e-09 2.429730e-14 1.268251e-08 wire6286
 3.295107e-09 9.386280e-09 2.429730e-14 1.268141e-08 wire11382
 3.764671e-09 8.916574e-09 2.429730e-14 1.268127e-08 max_cap10071
 3.432869e-09 9.244103e-09 2.429730e-14 1.267700e-08 wire11346
 2.688398e-09 9.987463e-09 6.824092e-14 1.267593e-08 wire3930
 5.826890e-09 6.840667e-09 2.429730e-14 1.266758e-08 max_cap3692
 5.829498e-09 6.826775e-09 6.904145e-14 1.265634e-08 wire9761
 6.795788e-09 5.859153e-09 2.429730e-14 1.265497e-08 wire2959
 3.444087e-09 9.210598e-09 2.429730e-14 1.265471e-08 max_cap10866
 7.021895e-09 5.627438e-09 2.429730e-14 1.264936e-08 wire2151
 3.186089e-09 9.462900e-09 2.429730e-14 1.264901e-08 max_cap10666
 3.641330e-09 9.005979e-09 2.429730e-14 1.264733e-08 max_cap10379
 5.714428e-09 6.928124e-09 6.897781e-14 1.264262e-08 wire9680
 4.485781e-09 8.156479e-09 2.429730e-14 1.264228e-08 max_cap3277
 3.087661e-09 9.552723e-09 2.429730e-14 1.264041e-08 wire6485
 3.760169e-09 8.879640e-09 2.429730e-14 1.263983e-08 max_cap10952
 4.368720e-09 8.270071e-09 2.429730e-14 1.263881e-08 wire5395
 6.672364e-09 5.963392e-09 2.429730e-14 1.263578e-08 max_cap3472
 5.445832e-09 7.187737e-09 2.429730e-14 1.263359e-08 max_cap5863
 3.059787e-09 9.563939e-09 2.429730e-14 1.262375e-08 wire7366
 3.770932e-09 8.851349e-09 2.429730e-14 1.262230e-08 wire2986
 4.474570e-09 8.146412e-09 2.429730e-14 1.262101e-08 wire2521
 3.112080e-09 9.508895e-09 2.429730e-14 1.262100e-08 wire7557
 4.127291e-09 8.492996e-09 2.429730e-14 1.262031e-08 max_cap3648
 3.615180e-09 9.004181e-09 2.429730e-14 1.261939e-08 max_cap11121
 4.761228e-09 7.855583e-09 7.549382e-14 1.261689e-08 wire11082
 4.902699e-09 7.710404e-09 2.429730e-14 1.261313e-08 wire8082
 2.965290e-09 9.647628e-09 2.429730e-14 1.261294e-08 max_cap6692
 5.083721e-09 7.522820e-09 2.429730e-14 1.260656e-08 max_cap2642
 3.472626e-09 9.132182e-09 2.429730e-14 1.260483e-08 wire8500
 6.443111e-09 6.149246e-09 2.429730e-14 1.259238e-08 max_cap1578
 3.233285e-09 9.357001e-09 2.429730e-14 1.259031e-08 wire10163
 4.286020e-09 8.302873e-09 2.429730e-14 1.258892e-08 wire7947
 3.372090e-09 9.216654e-09 2.429730e-14 1.258877e-08 max_cap11388
 3.358046e-09 9.228935e-09 2.429730e-14 1.258701e-08 max_cap10555
 2.799045e-09 9.778909e-09 2.429730e-14 1.257798e-08 wire2529
 3.360485e-09 9.215020e-09 2.429730e-14 1.257553e-08 wire10436
 5.314273e-09 7.256888e-09 2.429730e-14 1.257118e-08 wire2192
 3.601761e-09 8.968043e-09 6.823477e-14 1.256987e-08 wire9747
 3.947729e-09 8.616708e-09 2.429730e-14 1.256446e-08 max_cap8459
 2.968520e-09 9.591127e-09 2.429730e-14 1.255967e-08 wire4601
 3.669389e-09 8.887912e-09 2.429730e-14 1.255732e-08 max_cap8641
 3.606635e-09 8.950061e-09 6.822913e-14 1.255676e-08 wire9745
 3.736505e-09 8.814287e-09 6.817467e-14 1.255086e-08 wire7233
 3.115616e-09 9.431105e-09 2.429730e-14 1.254674e-08 max_cap11235
 3.740076e-09 8.806219e-09 6.890246e-14 1.254636e-08 wire6841
 4.476505e-09 8.069288e-09 6.897462e-14 1.254586e-08 wire4093
 4.135046e-09 8.404163e-09 2.429730e-14 1.253923e-08 max_cap9213
 3.542524e-09 8.993069e-09 6.847057e-14 1.253566e-08 max_cap6805
 3.682308e-09 8.850765e-09 2.429730e-14 1.253310e-08 max_cap6817
 4.446184e-09 8.086064e-09 2.429730e-14 1.253227e-08 max_cap8183
 7.095596e-09 5.433204e-09 2.429730e-14 1.252882e-08 wire2093
 3.346077e-09 9.182489e-09 2.429730e-14 1.252859e-08 wire10719
 6.366437e-09 6.158249e-09 2.429730e-14 1.252471e-08 wire2018
 3.544510e-09 8.971538e-09 2.429730e-14 1.251607e-08 wire10245
 4.557447e-09 7.945463e-09 2.429730e-14 1.250293e-08 max_cap7975
 5.759091e-09 6.743714e-09 2.429730e-14 1.250283e-08 wire8306
 5.206413e-09 7.295170e-09 7.276795e-14 1.250166e-08 wire9321
 4.358627e-09 8.142199e-09 2.429730e-14 1.250085e-08 wire4472
 3.822551e-09 8.674444e-09 6.878351e-14 1.249706e-08 wire4046
 4.765393e-09 7.729833e-09 2.429730e-14 1.249525e-08 max_cap8419
 6.705535e-09 5.788489e-09 2.429730e-14 1.249405e-08 max_cap1600
 3.991922e-09 8.501923e-09 2.429730e-14 1.249387e-08 wire10570
 3.585026e-09 8.907457e-09 6.874564e-14 1.249255e-08 wire6357
 3.210692e-09 9.273042e-09 2.429730e-14 1.248376e-08 wire6260
 3.266068e-09 9.216132e-09 2.429730e-14 1.248222e-08 max_cap10606
 6.561578e-09 5.919397e-09 2.429730e-14 1.248100e-08 wire4738
 3.668260e-09 8.812224e-09 2.429730e-14 1.248051e-08 max_cap10916
 4.417648e-09 8.059393e-09 7.016557e-14 1.247711e-08 wire4122
 3.136098e-09 9.339544e-09 2.429730e-14 1.247567e-08 wire6258
 3.203087e-09 9.270338e-09 2.429730e-14 1.247345e-08 wire7056
 2.793095e-09 9.679960e-09 2.429730e-14 1.247308e-08 wire11064
 6.540295e-09 5.929183e-09 2.429730e-14 1.246950e-08 max_cap8859
 3.236800e-09 9.232337e-09 2.429730e-14 1.246916e-08 wire7368
 3.302269e-09 9.166326e-09 7.693572e-14 1.246867e-08 max_cap8020
 3.273861e-09 9.186139e-09 2.429730e-14 1.246002e-08 wire7001
 6.466836e-09 5.992255e-09 2.429730e-14 1.245912e-08 max_cap1588
 4.069089e-09 8.387432e-09 2.429730e-14 1.245655e-08 max_cap10455
 6.130974e-09 6.322389e-09 2.429730e-14 1.245339e-08 wire2135
 4.461006e-09 7.988085e-09 2.429730e-14 1.244911e-08 max_cap5511
 7.081554e-09 5.365119e-09 2.429730e-14 1.244670e-08 wire2084
 3.547599e-09 8.893367e-09 2.429730e-14 1.244099e-08 max_cap7644
 3.891550e-09 8.545609e-09 2.429730e-14 1.243718e-08 max_cap10076
 3.227536e-09 9.204825e-09 2.429730e-14 1.243239e-08 wire7016
 4.994369e-09 7.436864e-09 7.578212e-14 1.243131e-08 wire11327
 3.706093e-09 8.722655e-09 2.429730e-14 1.242877e-08 wire10439
 3.834540e-09 8.588116e-09 2.429730e-14 1.242268e-08 wire8976
 4.892489e-09 7.528032e-09 7.570793e-14 1.242060e-08 wire11252
 3.439927e-09 8.977594e-09 2.429730e-14 1.241754e-08 wire5995
 4.533126e-09 7.880008e-09 2.429730e-14 1.241316e-08 max_cap10986
 4.802141e-09 7.607951e-09 2.429730e-14 1.241012e-08 wire6656
 5.282395e-09 7.122874e-09 2.429730e-14 1.240529e-08 max_cap1566
 3.775984e-09 8.626523e-09 2.429730e-14 1.240253e-08 max_cap10138
 3.371125e-09 9.030857e-09 2.429730e-14 1.240201e-08 max_cap10900
 3.411888e-09 8.989086e-09 2.429730e-14 1.240100e-08 max_cap10935
 7.102875e-09 5.298028e-09 2.429730e-14 1.240093e-08 wire2387
 6.688169e-09 5.712238e-09 2.429730e-14 1.240043e-08 max_cap5784
 4.458368e-09 7.941989e-09 7.016370e-14 1.240043e-08 wire4121
 3.340181e-09 9.052961e-09 2.429730e-14 1.239317e-08 max_cap10508
 4.817070e-09 7.576019e-09 2.429730e-14 1.239311e-08 max_cap836
 6.343741e-09 6.047686e-09 2.429730e-14 1.239145e-08 wire2017
 3.524952e-09 8.859296e-09 6.886322e-14 1.238432e-08 wire6023
 3.561723e-09 8.820603e-09 2.429730e-14 1.238235e-08 max_cap10580
 3.065289e-09 9.316659e-09 2.429730e-14 1.238197e-08 wire7561
 5.198372e-09 7.182121e-09 2.429730e-14 1.238052e-08 max_cap3620
 5.898001e-09 6.467597e-09 2.429730e-14 1.236562e-08 max_cap3753
 6.765786e-09 5.599629e-09 2.429730e-14 1.236544e-08 wire3566
 3.160749e-09 9.204594e-09 6.881444e-14 1.236541e-08 wire9107
 4.387034e-09 7.976026e-09 2.429730e-14 1.236308e-08 max_cap905
 6.694311e-09 5.668180e-09 2.429730e-14 1.236252e-08 max_cap1445
 6.047474e-09 6.302233e-09 2.429730e-14 1.234973e-08 wire8256
 3.652093e-09 8.697510e-09 6.752855e-14 1.234967e-08 max_cap492
 3.258254e-09 9.091075e-09 2.429730e-14 1.234935e-08 max_cap11362
 5.287846e-09 7.060693e-09 2.429730e-14 1.234856e-08 max_cap1222
 5.033012e-09 7.314864e-09 2.429730e-14 1.234790e-08 max_cap6528
 3.154889e-09 9.189137e-09 2.429730e-14 1.234405e-08 max_cap11254
 7.198061e-09 5.144047e-09 2.429730e-14 1.234213e-08 wire1840
 3.589557e-09 8.744331e-09 2.429730e-14 1.233391e-08 wire8230
 3.306893e-09 9.024160e-09 2.429730e-14 1.233108e-08 wire11291
 3.127469e-09 9.202752e-09 2.429730e-14 1.233024e-08 hold7308
 3.555888e-09 8.770142e-09 2.429730e-14 1.232605e-08 max_cap11045
 3.895421e-09 8.425697e-09 2.429730e-14 1.232114e-08 max_cap10216
 2.244698e-09 1.007433e-08 2.429730e-14 1.231905e-08 wire9746
 3.628366e-09 8.686427e-09 2.429730e-14 1.231482e-08 wire10422
 6.344661e-09 5.968449e-09 2.429730e-14 1.231313e-08 wire2016
 3.847002e-09 8.464849e-09 2.429730e-14 1.231188e-08 max_cap10582
 5.710702e-09 6.594949e-09 2.429730e-14 1.230567e-08 max_cap3570
 6.346038e-09 5.946202e-09 2.429730e-14 1.229226e-08 wire2015
 4.658788e-09 7.627912e-09 6.912212e-14 1.228677e-08 max_cap9773
 6.321998e-09 5.960426e-09 2.429730e-14 1.228245e-08 wire2020
 2.908448e-09 9.373851e-09 2.429730e-14 1.228232e-08 wire11177
 4.640502e-09 7.640254e-09 2.429730e-14 1.228078e-08 max_cap3059
 3.048055e-09 9.226460e-09 2.429730e-14 1.227454e-08 wire10207
 6.552191e-09 5.721601e-09 2.429730e-14 1.227382e-08 max_cap1639
 3.522721e-09 8.746065e-09 2.429730e-14 1.226881e-08 max_cap10635
 4.323248e-09 7.944634e-09 2.429730e-14 1.226791e-08 wire8354
 4.726771e-09 7.537285e-09 2.429730e-14 1.226408e-08 max_cap4512
 4.878542e-09 7.381095e-09 6.853747e-14 1.225971e-08 wire4307
 3.219017e-09 9.038265e-09 2.429730e-14 1.225731e-08 max_cap10678
 1.713963e-09 1.054106e-08 2.429730e-14 1.225504e-08 max_cap12295
 4.065217e-09 8.188523e-09 2.429730e-14 1.225376e-08 max_cap10680
 4.617045e-09 7.634805e-09 6.910901e-14 1.225192e-08 wire7593
 4.544106e-09 7.705397e-09 2.429730e-14 1.224953e-08 max_cap10872
 3.844050e-09 8.402376e-09 2.429730e-14 1.224645e-08 max_cap316
 1.707908e-09 1.053573e-08 2.429730e-14 1.224366e-08 max_cap12297
 3.636788e-09 8.605357e-09 2.429730e-14 1.224217e-08 max_cap10377
 6.582285e-09 5.658594e-09 2.429730e-14 1.224090e-08 max_cap2652
 2.298196e-09 9.938887e-09 2.429730e-14 1.223711e-08 wire6843
 4.273557e-09 7.960200e-09 2.429730e-14 1.223378e-08 wire6945
 5.904030e-09 6.325089e-09 2.429730e-14 1.222914e-08 max_cap3610
 3.793387e-09 8.432623e-09 2.429730e-14 1.222603e-08 max_cap8979
 6.440353e-09 5.785573e-09 2.429730e-14 1.222595e-08 wire1958
 4.871989e-09 7.353348e-09 2.429730e-14 1.222536e-08 max_cap8804
 6.167956e-09 6.051409e-09 2.429730e-14 1.221939e-08 max_cap3682
 3.013275e-09 9.204009e-09 6.863458e-14 1.221735e-08 wire7331
 3.975882e-09 8.239881e-09 2.429730e-14 1.221579e-08 wire4005
 7.050790e-09 5.161346e-09 2.429730e-14 1.221216e-08 max_cap1604
 4.567474e-09 7.640648e-09 2.429730e-14 1.220815e-08 max_cap7976
 3.517324e-09 8.687977e-09 2.429730e-14 1.220533e-08 max_cap10344
 3.621566e-09 8.582099e-09 2.429730e-14 1.220369e-08 max_cap10833
 3.598040e-09 8.598180e-09 6.897282e-14 1.219629e-08 wire4920
 3.185526e-09 9.009142e-09 6.881281e-14 1.219474e-08 wire9106
 4.690660e-09 7.501781e-09 2.429730e-14 1.219246e-08 max_cap5085
 5.520670e-09 6.667199e-09 2.429730e-14 1.218789e-08 wire7924
 7.060032e-09 5.116832e-09 2.429730e-14 1.217689e-08 wire2083
 5.728759e-09 6.446202e-09 2.429730e-14 1.217499e-08 max_cap1942
 3.007416e-09 9.166429e-09 2.429730e-14 1.217387e-08 max_cap6937
 3.420280e-09 8.752020e-09 2.429730e-14 1.217232e-08 wire10682
 3.324431e-09 8.847642e-09 6.833181e-14 1.217214e-08 wire7882
 6.531422e-09 5.638964e-09 2.429730e-14 1.217041e-08 max_cap5798
 4.979344e-09 7.181169e-09 2.429730e-14 1.216054e-08 max_cap1228
 4.698314e-09 7.461343e-09 7.577581e-14 1.215973e-08 wire11375
 6.105195e-09 6.052289e-09 2.429730e-14 1.215751e-08 wire2139
 3.179682e-09 8.974799e-09 2.429730e-14 1.215450e-08 max_cap10618
 3.025722e-09 9.126851e-09 2.429730e-14 1.215260e-08 wire4097
 4.636810e-09 7.508009e-09 2.429730e-14 1.214484e-08 max_cap8063
 3.516581e-09 8.627839e-09 2.429730e-14 1.214444e-08 max_cap10453
 3.715887e-09 8.426703e-09 2.429730e-14 1.214261e-08 max_cap9991
 3.256433e-09 8.885125e-09 2.429730e-14 1.214158e-08 max_cap11198
 5.387778e-09 6.745493e-09 2.429730e-14 1.213330e-08 max_cap1608
 3.456356e-09 8.673299e-09 2.429730e-14 1.212968e-08 max_cap11400
 4.496254e-09 7.631479e-09 2.429730e-14 1.212776e-08 max_cap5653
 4.052664e-09 8.073958e-09 2.429730e-14 1.212665e-08 wire7092
 4.138285e-09 7.982866e-09 2.429730e-14 1.212118e-08 max_cap8668
 3.489999e-09 8.629636e-09 2.429730e-14 1.211966e-08 max_cap3284
 2.856705e-09 9.262437e-09 2.429730e-14 1.211917e-08 max_cap6925
 4.028929e-09 8.086600e-09 2.429730e-14 1.211555e-08 max_cap8748
 2.991945e-09 9.122764e-09 2.429730e-14 1.211473e-08 hold5584
 7.062671e-09 5.047916e-09 2.429730e-14 1.211061e-08 wire1827
 3.877757e-09 8.229892e-09 2.429730e-14 1.210767e-08 max_cap8061
 4.787824e-09 7.305296e-09 2.429730e-14 1.209314e-08 max_cap6390
 2.872684e-09 9.214194e-09 6.861221e-14 1.208695e-08 fanout11454
 2.872217e-09 9.211585e-09 2.429730e-14 1.208383e-08 max_cap7784
 3.415875e-09 8.666668e-09 2.429730e-14 1.208257e-08 max_cap10817
 6.554300e-09 5.526168e-09 2.429730e-14 1.208049e-08 max_cap1489
 3.202367e-09 8.877547e-09 2.429730e-14 1.207994e-08 max_cap3364
 3.584260e-09 8.491958e-09 6.894216e-14 1.207629e-08 wire4497
 3.071206e-09 9.004184e-09 2.429730e-14 1.207541e-08 max_cap288
 3.177860e-09 8.891753e-09 2.429730e-14 1.206964e-08 wire9324
 4.958758e-09 7.109327e-09 2.429730e-14 1.206811e-08 max_cap3706
 3.339006e-09 8.722583e-09 2.429730e-14 1.206161e-08 wire2381
 4.227486e-09 7.833414e-09 2.429730e-14 1.206092e-08 max_cap10540
 2.647886e-09 9.410334e-09 2.429730e-14 1.205824e-08 max_cap2993
 4.800169e-09 7.253911e-09 2.429730e-14 1.205410e-08 max_cap2638
 3.653322e-09 8.397532e-09 6.823509e-14 1.205092e-08 wire9752
 3.754490e-09 8.291622e-09 2.429730e-14 1.204614e-08 max_cap10174
 3.137413e-09 8.905135e-09 2.429730e-14 1.204257e-08 wire6259
 6.029460e-09 6.011697e-09 2.429730e-14 1.204118e-08 max_cap1644
 3.287909e-09 8.752591e-09 2.429730e-14 1.204052e-08 max_cap7059
 4.693623e-09 7.338439e-09 7.519521e-14 1.203214e-08 wire11402
 3.327417e-09 8.703981e-09 2.429730e-14 1.203142e-08 wire11209
 3.173769e-09 8.856855e-09 2.429730e-14 1.203065e-08 max_cap4230
 4.003577e-09 8.025320e-09 2.429730e-14 1.202892e-08 max_cap10472
 3.088238e-09 8.939364e-09 2.429730e-14 1.202763e-08 max_cap5715
 3.209454e-09 8.817703e-09 2.429730e-14 1.202718e-08 max_cap10869
 6.341260e-09 5.684616e-09 2.429730e-14 1.202590e-08 wire2014
 3.378108e-09 8.646428e-09 2.429730e-14 1.202456e-08 max_cap10262
 3.851159e-09 8.169224e-09 6.877931e-14 1.202045e-08 wire4043
 3.049637e-09 8.966744e-09 6.805687e-14 1.201645e-08 max_cap2299
 5.585322e-09 6.429968e-09 2.429730e-14 1.201531e-08 max_cap1537
 6.446502e-09 5.558699e-09 2.429730e-14 1.200522e-08 wire1959
 2.777544e-09 9.214908e-09 6.756667e-14 1.199252e-08 max_cap889
 3.084036e-09 8.908414e-09 2.429730e-14 1.199247e-08 max_cap3853
 3.487795e-09 8.503452e-09 2.429730e-14 1.199127e-08 max_cap10789
 3.416161e-09 8.570101e-09 6.873674e-14 1.198633e-08 wire8985
 5.726435e-09 6.258830e-09 2.429730e-14 1.198529e-08 max_cap5643
 3.242913e-09 8.737999e-09 2.429730e-14 1.198094e-08 wire2443
 3.148092e-09 8.829931e-09 2.429730e-14 1.197805e-08 wire6262
 4.240280e-09 7.735345e-09 2.429730e-14 1.197565e-08 max_cap854
 3.850924e-09 8.123568e-09 2.429730e-14 1.197452e-08 wire8975
 4.779356e-09 7.192783e-09 2.429730e-14 1.197216e-08 wire949
 1.197184e-08 0.000000e+00 1.110252e-14 1.197185e-08 clkload87
 3.766319e-09 8.203338e-09 2.429730e-14 1.196968e-08 max_cap8863
 3.946719e-09 8.022894e-09 2.429730e-14 1.196964e-08 max_cap10166
 1.196401e-08 0.000000e+00 1.110243e-14 1.196402e-08 clkload84
 1.196045e-08 0.000000e+00 1.110237e-14 1.196046e-08 clkload88
 6.637090e-09 5.319299e-09 2.429730e-14 1.195641e-08 max_cap1450
 5.938812e-09 6.013633e-09 2.429730e-14 1.195247e-08 max_cap2265
 3.183303e-09 8.767649e-09 2.429730e-14 1.195098e-08 wire4589
 5.669091e-09 6.277600e-09 2.429730e-14 1.194671e-08 max_cap7633
 3.226049e-09 8.719498e-09 2.429730e-14 1.194557e-08 max_cap5664
 5.093962e-09 6.851584e-09 2.429730e-14 1.194557e-08 max_cap1409
 7.089293e-09 4.853358e-09 2.429730e-14 1.194268e-08 max_cap3695
 2.882483e-09 9.055007e-09 2.429730e-14 1.193751e-08 wire9437
 1.193091e-08 0.000000e+00 1.105778e-14 1.193092e-08 clkload116
 3.380869e-09 8.548994e-09 2.429730e-14 1.192989e-08 wire11172
 2.751031e-09 9.178625e-09 2.429730e-14 1.192968e-08 max_cap7065
 3.251326e-09 8.677827e-09 6.867177e-14 1.192922e-08 wire7292
 5.454292e-09 6.474783e-09 2.429730e-14 1.192910e-08 max_cap5703
 4.103443e-09 7.822840e-09 2.429730e-14 1.192631e-08 wire7090
 6.349749e-09 5.573094e-09 2.429730e-14 1.192287e-08 max_cap3679
 5.753702e-09 6.169056e-09 2.429730e-14 1.192278e-08 wire3124
 2.441151e-09 9.478899e-09 1.624080e-13 1.192021e-08 fanout5877
 3.979049e-09 7.941113e-09 2.429730e-14 1.192018e-08 max_cap7720
 1.191914e-08 0.000000e+00 1.107668e-14 1.191915e-08 clkload56
 5.967591e-09 5.949291e-09 2.429730e-14 1.191691e-08 max_cap3683
 5.994098e-09 5.919076e-09 2.429730e-14 1.191320e-08 max_cap8520
 5.804482e-09 6.108162e-09 2.429730e-14 1.191267e-08 max_cap1630
 3.951849e-09 7.960239e-09 2.429730e-14 1.191211e-08 max_cap8581
 3.360671e-09 8.550731e-09 2.429730e-14 1.191143e-08 wire11268
 6.665208e-09 5.246162e-09 2.429730e-14 1.191139e-08 max_cap8711
 1.191091e-08 0.000000e+00 1.107345e-14 1.191092e-08 clkload90
 7.594229e-09 4.315601e-09 2.429730e-14 1.190985e-08 max_cap1551
 1.190654e-08 0.000000e+00 1.107342e-14 1.190655e-08 clkload94
 5.799279e-09 6.106911e-09 2.429730e-14 1.190621e-08 max_cap1620
 3.330265e-09 8.575267e-09 6.823576e-14 1.190560e-08 wire3307
 3.145374e-09 8.753180e-09 6.858315e-14 1.189862e-08 wire6302
 3.767494e-09 8.129198e-09 2.429730e-14 1.189672e-08 wire6769
 5.611931e-09 6.282872e-09 2.429730e-14 1.189483e-08 max_cap2658
 3.259570e-09 8.634544e-09 2.429730e-14 1.189414e-08 max_cap10487
 3.902020e-09 7.988759e-09 2.429730e-14 1.189080e-08 wire2487
 6.605263e-09 5.280501e-09 2.429730e-14 1.188579e-08 wire2334
 3.255834e-09 8.627795e-09 2.429730e-14 1.188365e-08 max_cap9989
 3.035868e-09 8.846712e-09 2.429730e-14 1.188260e-08 wire7733
 3.229368e-09 8.652895e-09 2.429730e-14 1.188229e-08 wire7602
 3.701794e-09 8.179045e-09 2.429730e-14 1.188086e-08 max_cap9986
 2.122225e-09 9.756995e-09 2.429730e-14 1.187924e-08 wire9460
 3.755859e-09 8.122394e-09 2.429730e-14 1.187828e-08 wire6778
 4.531102e-09 7.345264e-09 2.429730e-14 1.187639e-08 max_cap10987
 2.225020e-09 9.650747e-09 2.429730e-14 1.187579e-08 wire7327
 3.274318e-09 8.598007e-09 2.429730e-14 1.187235e-08 max_cap9320
 6.613019e-09 5.256419e-09 2.429730e-14 1.186946e-08 max_cap3575
 1.186914e-08 0.000000e+00 1.110108e-14 1.186915e-08 clkload81
 3.682458e-09 8.186611e-09 2.429730e-14 1.186909e-08 wire6818
 6.024518e-09 5.843662e-09 2.429730e-14 1.186820e-08 max_cap3703
 5.108482e-09 6.752959e-09 7.545027e-14 1.186152e-08 wire11326
 4.421356e-09 7.440025e-09 2.429730e-14 1.186141e-08 wire8587
 1.185932e-08 0.000000e+00 1.107749e-14 1.185933e-08 clkload110
 2.832032e-09 9.024937e-09 2.429730e-14 1.185699e-08 wire4124
 3.098873e-09 8.755955e-09 6.854889e-14 1.185490e-08 wire5956
 3.958171e-09 7.895509e-09 2.429730e-14 1.185370e-08 max_cap5125
 3.479961e-09 8.373034e-09 6.882589e-14 1.185306e-08 wire6745
 1.184677e-08 0.000000e+00 1.107113e-14 1.184678e-08 clkload130
 4.051572e-09 7.793357e-09 2.429730e-14 1.184495e-08 wire5343
 3.337479e-09 8.505629e-09 7.184428e-14 1.184318e-08 wire7922
 7.302200e-09 4.533616e-09 2.429730e-14 1.183584e-08 max_cap1454
 2.776766e-09 9.054116e-09 2.429730e-14 1.183091e-08 max_cap7357
 1.182657e-08 0.000000e+00 1.107207e-14 1.182658e-08 clkload97
 3.177521e-09 8.646082e-09 6.823163e-14 1.182367e-08 wire3305
 1.181789e-08 0.000000e+00 1.107937e-14 1.181790e-08 clkload47
 4.866914e-09 6.949116e-09 2.429730e-14 1.181605e-08 max_cap835
 1.181224e-08 0.000000e+00 1.107511e-14 1.181225e-08 clkload50
 4.200884e-09 7.609984e-09 2.429730e-14 1.181089e-08 max_cap10391
 3.746101e-09 8.063481e-09 2.429730e-14 1.180960e-08 max_cap3993
 2.985052e-09 8.820954e-09 2.429730e-14 1.180603e-08 wire7864
 2.997384e-09 8.799949e-09 6.831343e-14 1.179740e-08 wire6868
 5.005393e-09 6.789955e-09 2.429730e-14 1.179537e-08 wire7819
 3.047715e-09 8.747008e-09 2.429730e-14 1.179475e-08 wire10323
 3.832000e-09 7.955177e-09 2.429730e-14 1.178720e-08 wire8973
 2.941284e-09 8.843259e-09 6.831603e-14 1.178461e-08 wire6869
 3.769798e-09 8.014378e-09 2.429730e-14 1.178420e-08 max_cap10070
 4.671342e-09 7.107101e-09 2.429730e-14 1.177847e-08 max_cap6908
 3.103959e-09 8.667786e-09 6.840232e-14 1.177181e-08 wire9015
 1.177098e-08 0.000000e+00 1.107859e-14 1.177099e-08 clkload49
 4.004448e-09 7.762620e-09 2.429730e-14 1.176709e-08 max_cap8191
 3.852028e-09 7.914818e-09 2.429730e-14 1.176687e-08 max_cap1684
 3.113041e-09 8.652759e-09 2.429730e-14 1.176582e-08 wire10090
 3.321576e-09 8.433913e-09 2.429730e-14 1.175551e-08 wire7011
 3.211251e-09 8.540081e-09 2.429730e-14 1.175136e-08 max_cap3241
 4.639170e-09 7.108750e-09 2.429730e-14 1.174794e-08 max_cap6196
 4.147417e-09 7.600174e-09 6.843723e-14 1.174766e-08 wire9192
 5.926105e-09 5.817447e-09 2.429730e-14 1.174358e-08 max_cap3609
 3.219735e-09 8.522218e-09 2.429730e-14 1.174198e-08 wire4588
 3.497019e-09 8.241829e-09 2.429730e-14 1.173887e-08 wire4951
 2.903601e-09 8.831240e-09 7.791219e-14 1.173492e-08 max_cap985
 5.624279e-09 6.109240e-09 7.286736e-14 1.173359e-08 max_cap10863
 4.842618e-09 6.887891e-09 2.429730e-14 1.173053e-08 max_cap10755
 3.138382e-09 8.590899e-09 6.858246e-14 1.172935e-08 wire6298
 5.076660e-09 6.648201e-09 6.943191e-14 1.172493e-08 wire6261
 5.337200e-09 6.386634e-09 2.429730e-14 1.172386e-08 max_cap1038
 4.937728e-09 6.778854e-09 2.429730e-14 1.171661e-08 max_cap5819
 6.988123e-09 4.728080e-09 2.429730e-14 1.171623e-08 wire2094
 5.094563e-09 6.618689e-09 2.429730e-14 1.171328e-08 wire6527
 4.634302e-09 7.078629e-09 2.429730e-14 1.171296e-08 wire6907
 3.140606e-09 8.569438e-09 2.429730e-14 1.171007e-08 wire6256
 2.652146e-09 9.054903e-09 2.429730e-14 1.170707e-08 max_cap10565
 4.925837e-09 6.780823e-09 2.429730e-14 1.170668e-08 max_cap1229
 5.878070e-09 5.828268e-09 2.429730e-14 1.170636e-08 max_cap1361
 3.338955e-09 8.363960e-09 2.429730e-14 1.170294e-08 wire11392
 5.869507e-09 5.833019e-09 2.429730e-14 1.170255e-08 wire8182
 1.882547e-09 9.816232e-09 2.429730e-14 1.169880e-08 wire6870
 3.148255e-09 8.549756e-09 2.429730e-14 1.169804e-08 max_cap10091
 3.671414e-09 8.024495e-09 2.429730e-14 1.169593e-08 wire6819
 6.776342e-09 4.919544e-09 2.429730e-14 1.169591e-08 max_cap3697
 4.019124e-09 7.673441e-09 2.429730e-14 1.169259e-08 wire8828
 3.038448e-09 8.651604e-09 2.429730e-14 1.169008e-08 wire2404
 6.992365e-09 4.694007e-09 2.429730e-14 1.168640e-08 max_cap1637
 3.371429e-09 8.313032e-09 6.755063e-14 1.168453e-08 max_cap455
 3.000333e-09 8.675464e-09 2.429730e-14 1.167582e-08 max_cap2440
 3.911384e-09 7.762776e-09 2.429730e-14 1.167418e-08 wire4007
 3.388625e-09 8.281276e-09 2.429730e-14 1.166993e-08 max_cap10195
 4.555587e-09 7.112356e-09 2.429730e-14 1.166797e-08 wire2517
 4.756199e-09 6.910405e-09 2.429730e-14 1.166663e-08 max_cap1564
 6.088179e-09 5.575038e-09 2.429730e-14 1.166324e-08 wire2136
 7.112731e-09 4.547748e-09 2.429730e-14 1.166050e-08 wire1834
 4.711732e-09 6.948619e-09 2.429730e-14 1.166037e-08 max_cap844
 6.098586e-09 5.560067e-09 2.429730e-14 1.165868e-08 wire2134
 3.964951e-09 7.690265e-09 2.429730e-14 1.165524e-08 max_cap10731
 4.300653e-09 7.352789e-09 2.429730e-14 1.165347e-08 max_cap8097
 4.872418e-09 6.779906e-09 2.429730e-14 1.165235e-08 max_cap5318
 3.189321e-09 8.460939e-09 6.839562e-14 1.165033e-08 wire4855
 3.544844e-09 8.104838e-09 2.429730e-14 1.164971e-08 max_cap11015
 4.815149e-09 6.833776e-09 2.429730e-14 1.164895e-08 wire2050
 6.739131e-09 4.909571e-09 2.429730e-14 1.164873e-08 max_cap1549
 3.211943e-09 8.436460e-09 2.429730e-14 1.164843e-08 wire11358
 3.176909e-09 8.470637e-09 6.827727e-14 1.164761e-08 max_cap4610
 3.237924e-09 8.409212e-09 6.873960e-14 1.164720e-08 wire6355
 3.171672e-09 8.474815e-09 6.858155e-14 1.164655e-08 wire6301
 6.122170e-09 5.524132e-09 2.429730e-14 1.164633e-08 wire2127
 4.792782e-09 6.852455e-09 2.429730e-14 1.164526e-08 max_cap1580
 5.193690e-09 6.449727e-09 2.429730e-14 1.164344e-08 max_cap1010
 7.839803e-09 3.803220e-09 2.429730e-14 1.164305e-08 wire2744
 3.801926e-09 7.840761e-09 2.429730e-14 1.164271e-08 max_cap10088
 5.777052e-09 5.864083e-09 2.429730e-14 1.164116e-08 max_cap1365
 3.068239e-09 8.569677e-09 2.429730e-14 1.163794e-08 wire7099
 2.655625e-09 8.982008e-09 2.429730e-14 1.163766e-08 max_cap4808
 3.264524e-09 8.372809e-09 6.866617e-14 1.163740e-08 wire7287
 3.479484e-09 8.157356e-09 6.844250e-14 1.163691e-08 max_cap6998
 4.145087e-09 7.486169e-09 2.429730e-14 1.163128e-08 max_cap7094
 3.203978e-09 8.424577e-09 2.429730e-14 1.162858e-08 max_cap8113
 5.056335e-09 6.564189e-09 2.429730e-14 1.162055e-08 max_cap3713
 3.238240e-09 8.382028e-09 2.429730e-14 1.162029e-08 max_cap11342
 6.042096e-09 5.577258e-09 2.429730e-14 1.161938e-08 max_cap8709
 3.290394e-09 8.324045e-09 2.429730e-14 1.161446e-08 max_cap10716
 3.460016e-09 8.153027e-09 2.429730e-14 1.161307e-08 max_cap10867
 2.982461e-09 8.628716e-09 2.429730e-14 1.161120e-08 wire2413
 2.620372e-09 8.990204e-09 6.833462e-14 1.161064e-08 wire2379
 3.229022e-09 8.380699e-09 2.429730e-14 1.160975e-08 wire7058
 3.302978e-09 8.303499e-09 2.429730e-14 1.160650e-08 wire10521
 4.366214e-09 7.239129e-09 2.429730e-14 1.160537e-08 max_cap8543
 3.696762e-09 7.906491e-09 2.429730e-14 1.160328e-08 max_cap10951
 3.980002e-09 7.623111e-09 2.429730e-14 1.160314e-08 wire1943
 6.332614e-09 5.269412e-09 2.429730e-14 1.160205e-08 wire2019
 3.787548e-09 7.811036e-09 2.429730e-14 1.159861e-08 wire1964
 3.368785e-09 8.226042e-09 2.429730e-14 1.159485e-08 max_cap11401
 3.145250e-09 8.447788e-09 2.429730e-14 1.159306e-08 max_cap10191
 3.980642e-09 7.611328e-09 2.429730e-14 1.159199e-08 wire5346
 5.718366e-09 5.872673e-09 2.429730e-14 1.159106e-08 wire3125
 4.349259e-09 7.237615e-09 2.429730e-14 1.158690e-08 max_cap8552
 3.539880e-09 8.045145e-09 2.429730e-14 1.158505e-08 max_cap11019
 4.311779e-09 7.272821e-09 2.429730e-14 1.158462e-08 max_cap5621
 7.022995e-09 4.558675e-09 2.429730e-14 1.158169e-08 wire1829
 4.438437e-09 7.141594e-09 2.429730e-14 1.158006e-08 wire4912
 2.958350e-09 8.621554e-09 2.429730e-14 1.157993e-08 wire6691
 2.234986e-09 9.338295e-09 2.429730e-14 1.157330e-08 max_cap4919
 4.441621e-09 7.131042e-09 2.429730e-14 1.157269e-08 max_cap5825
 4.185809e-09 7.385771e-09 2.429730e-14 1.157160e-08 max_cap8173
 3.342950e-09 8.225006e-09 2.429730e-14 1.156798e-08 max_cap10696
 2.895460e-09 8.672420e-09 6.796656e-14 1.156795e-08 wire9963
 3.913797e-09 7.653907e-09 2.429730e-14 1.156773e-08 wire4006
 5.043635e-09 6.523738e-09 6.942024e-14 1.156744e-08 wire6257
 3.919487e-09 7.647294e-09 2.429730e-14 1.156681e-08 max_cap7002
 2.821023e-09 8.744064e-09 2.429730e-14 1.156511e-08 max_cap10550
 3.158896e-09 8.401154e-09 2.429730e-14 1.156007e-08 wire5245
 3.166789e-09 8.392139e-09 6.802093e-14 1.155900e-08 max_cap183
 2.236409e-09 9.322385e-09 2.429730e-14 1.155882e-08 max_cap6358
 3.448399e-09 8.106783e-09 2.429730e-14 1.155521e-08 max_cap11263
 3.862211e-09 7.690268e-09 2.429730e-14 1.155250e-08 max_cap10819
 3.063569e-09 8.487377e-09 2.429730e-14 1.155097e-08 wire7365
 3.990278e-09 7.557724e-09 2.429730e-14 1.154803e-08 wire7087
 2.937854e-09 8.608771e-09 2.429730e-14 1.154665e-08 max_cap10500
 3.404190e-09 8.141863e-09 2.429730e-14 1.154608e-08 max_cap10805
 4.449588e-09 7.096125e-09 2.429730e-14 1.154574e-08 wire8702
 3.900603e-09 7.639398e-09 2.429730e-14 1.154002e-08 wire5127
 3.618086e-09 7.916599e-09 2.429730e-14 1.153471e-08 wire10581
 4.262666e-09 7.269024e-09 2.429730e-14 1.153172e-08 wire8330
 3.389292e-09 8.141385e-09 2.429730e-14 1.153070e-08 max_cap11341
 6.542547e-09 4.988113e-09 2.429730e-14 1.153068e-08 max_cap3589
 7.067348e-09 4.462616e-09 2.429730e-14 1.152999e-08 wire2085
 4.951217e-09 6.575279e-09 2.429730e-14 1.152652e-08 max_cap5722
 3.166795e-09 8.352107e-09 2.429730e-14 1.151893e-08 wire11344
 3.498598e-09 8.018997e-09 2.429730e-14 1.151762e-08 max_cap11233
 4.523054e-09 6.992792e-09 2.429730e-14 1.151587e-08 max_cap6144
 2.897880e-09 8.616294e-09 6.796763e-14 1.151424e-08 wire9964
 3.208538e-09 8.303861e-09 2.429730e-14 1.151242e-08 wire11289
 5.881861e-09 5.620137e-09 2.429730e-14 1.150202e-08 max_cap5642
 3.471610e-09 8.028734e-09 6.846810e-14 1.150041e-08 wire6803
 3.748437e-09 7.747259e-09 2.429730e-14 1.149572e-08 max_cap10537
 7.092656e-09 4.402377e-09 2.429730e-14 1.149506e-08 wire2091
 6.515239e-09 4.978425e-09 2.429730e-14 1.149369e-08 max_cap8730
 3.924289e-09 7.565828e-09 2.429730e-14 1.149014e-08 max_cap10124
 4.688946e-09 6.798037e-09 2.429730e-14 1.148701e-08 wire4150
 3.610132e-09 7.876032e-09 2.429730e-14 1.148619e-08 max_cap10020
 7.640865e-09 3.838889e-09 2.429730e-14 1.147978e-08 max_cap8699
 3.403593e-09 8.075780e-09 2.429730e-14 1.147940e-08 max_cap10404
 6.272309e-09 5.205892e-09 2.429730e-14 1.147823e-08 max_cap1569
 4.457370e-09 7.020271e-09 7.016294e-14 1.147771e-08 wire4120
 3.104970e-09 8.371726e-09 6.897432e-14 1.147676e-08 max_cap11616
 6.927135e-09 4.547005e-09 2.429730e-14 1.147416e-08 wire1835
 7.063707e-09 4.407780e-09 2.429730e-14 1.147151e-08 wire2089
 2.929011e-09 8.542412e-09 2.429730e-14 1.147145e-08 wire2740
 6.387367e-09 5.083003e-09 2.429730e-14 1.147039e-08 wire1960
 3.769880e-09 7.699172e-09 2.429730e-14 1.146908e-08 max_cap10524
 5.560135e-09 5.897240e-09 2.429730e-14 1.145740e-08 max_cap1905
 3.849307e-09 7.605057e-09 2.429730e-14 1.145439e-08 max_cap8057
 4.759467e-09 6.694624e-09 2.429730e-14 1.145411e-08 max_cap7999
 3.695292e-09 7.756635e-09 2.429730e-14 1.145195e-08 max_cap10378
 5.876603e-09 5.565671e-09 2.429730e-14 1.144230e-08 max_cap5729
 7.128930e-09 4.312349e-09 2.429730e-14 1.144130e-08 wire1832
 4.138672e-09 7.302489e-09 2.429730e-14 1.144118e-08 max_cap7645
 7.045411e-09 4.394445e-09 2.429730e-14 1.143988e-08 wire1828
 4.992568e-09 6.443305e-09 2.429730e-14 1.143590e-08 max_cap2655
 6.236593e-09 5.198486e-09 2.429730e-14 1.143510e-08 max_cap3571
 3.414763e-09 8.018990e-09 6.873139e-14 1.143382e-08 wire8989
 6.293173e-09 5.140272e-09 2.429730e-14 1.143347e-08 max_cap1538
 4.130632e-09 7.302599e-09 6.895410e-14 1.143330e-08 wire7835
 3.002858e-09 8.428950e-09 2.429730e-14 1.143183e-08 wire11049
 6.186823e-09 5.243634e-09 2.429730e-14 1.143048e-08 max_cap5847
 5.208158e-09 6.218938e-09 2.429730e-14 1.142712e-08 wire8541
 3.856891e-09 7.566960e-09 2.429730e-14 1.142388e-08 max_cap8972
 6.149787e-09 5.273063e-09 2.429730e-14 1.142287e-08 max_cap1625
 2.847712e-09 8.574782e-09 2.429730e-14 1.142252e-08 max_cap10702
 2.554763e-09 8.865668e-09 2.429730e-14 1.142046e-08 wire7836
 7.061746e-09 4.353605e-09 2.429730e-14 1.141538e-08 wire2090
 1.383865e-09 1.003038e-08 7.775773e-14 1.141432e-08 max_cap9151
 3.226890e-09 8.182917e-09 7.257747e-14 1.140988e-08 max_cap10614
 5.696136e-09 5.709488e-09 2.429730e-14 1.140565e-08 max_cap2654
 2.912020e-09 8.493449e-09 6.801157e-14 1.140554e-08 max_cap669
 5.511434e-09 5.890680e-09 2.429730e-14 1.140214e-08 max_cap3599
 4.394688e-09 7.006498e-09 2.429730e-14 1.140121e-08 max_cap3655
 2.994619e-09 8.406475e-09 2.429730e-14 1.140112e-08 wire2592
 3.417914e-09 7.983116e-09 2.429730e-14 1.140105e-08 max_cap10661
 4.436293e-09 6.963035e-09 2.429730e-14 1.139935e-08 max_cap906
 3.875439e-09 7.520510e-09 2.429730e-14 1.139597e-08 wire7646
 3.282107e-09 8.111646e-09 2.429730e-14 1.139378e-08 max_cap10155
 3.340330e-09 8.052061e-09 2.429730e-14 1.139242e-08 max_cap11274
 4.108500e-09 7.279649e-09 2.429730e-14 1.138817e-08 wire7093
 7.352609e-09 4.031578e-09 2.429730e-14 1.138421e-08 max_cap1651
 2.843619e-09 8.540439e-09 2.429730e-14 1.138408e-08 max_cap10551
 3.901644e-09 7.477329e-09 2.429730e-14 1.137900e-08 max_cap4952
 5.443810e-09 5.934150e-09 2.429730e-14 1.137798e-08 max_cap3587
 4.368292e-09 7.001908e-09 7.293682e-14 1.137027e-08 max_cap10374
 3.282253e-09 8.087080e-09 2.429730e-14 1.136936e-08 max_cap10520
 6.625010e-09 4.743564e-09 2.429730e-14 1.136860e-08 max_cap1577
 2.243129e-09 9.117127e-09 2.429730e-14 1.136028e-08 wire9754
 2.973700e-09 8.384457e-09 6.863659e-14 1.135823e-08 wire7332
 2.122019e-09 9.235750e-09 2.429730e-14 1.135779e-08 max_cap4596
 3.880647e-09 7.473284e-09 2.429730e-14 1.135396e-08 wire11036
 3.911719e-09 7.441151e-09 2.429730e-14 1.135289e-08 max_cap1054
 3.201809e-09 8.144973e-09 2.429730e-14 1.134681e-08 wire7057
 5.448657e-09 5.887915e-09 2.429730e-14 1.133659e-08 max_cap5831
 3.195891e-09 8.138128e-09 6.849669e-14 1.133409e-08 wire6640
 2.837366e-09 8.491791e-09 6.866530e-14 1.132923e-08 wire9083
 6.113517e-09 5.215534e-09 2.429730e-14 1.132907e-08 wire2129
 3.175487e-09 8.152383e-09 2.429730e-14 1.132789e-08 max_cap10949
 5.493679e-09 5.830367e-09 2.429730e-14 1.132407e-08 max_cap2653
 4.456772e-09 6.864849e-09 2.429730e-14 1.132164e-08 max_cap5521
 1.863944e-09 9.457676e-09 2.429730e-14 1.132164e-08 wire7305
 4.597099e-09 6.721323e-09 2.429730e-14 1.131845e-08 max_cap1003
 3.293600e-09 8.023266e-09 2.429730e-14 1.131689e-08 max_cap10621
 3.494158e-09 7.822003e-09 2.429730e-14 1.131618e-08 max_cap11222
 3.819560e-09 7.490957e-09 6.878194e-14 1.131059e-08 wire4040
 3.441119e-09 7.869359e-09 2.429730e-14 1.131050e-08 max_cap10954
 3.117679e-09 8.188632e-09 2.429730e-14 1.130633e-08 max_cap10970
 2.938946e-09 8.366486e-09 2.429730e-14 1.130546e-08 wire4096
 7.066127e-09 4.236923e-09 2.429730e-14 1.130307e-08 wire2086
 4.074598e-09 7.226964e-09 2.429730e-14 1.130159e-08 max_cap10176
 6.014236e-09 5.285345e-09 2.429730e-14 1.129960e-08 wire3702
 6.997166e-09 4.300791e-09 2.429730e-14 1.129798e-08 max_cap2626
 7.036570e-09 4.261261e-09 2.429730e-14 1.129786e-08 wire2081
 6.784037e-09 4.512169e-09 2.429730e-14 1.129623e-08 max_cap5812
 7.725776e-09 3.569521e-09 2.429730e-14 1.129532e-08 wire103
 3.822276e-09 7.471850e-09 2.429730e-14 1.129415e-08 max_cap10915
 3.395288e-09 7.894824e-09 2.429730e-14 1.129014e-08 max_cap8137
 5.133227e-09 6.154132e-09 2.429730e-14 1.128738e-08 max_cap1914
 5.020431e-09 6.266289e-09 2.429730e-14 1.128674e-08 max_cap3662
 3.363315e-09 7.922588e-09 6.832761e-14 1.128597e-08 wire7880
 4.927479e-09 6.351552e-09 2.429730e-14 1.127906e-08 wire6657
 3.876998e-09 7.399644e-09 6.899964e-14 1.127671e-08 max_cap6669
 3.484976e-09 7.790178e-09 2.429730e-14 1.127518e-08 wire11404
 6.117534e-09 5.155286e-09 2.429730e-14 1.127284e-08 wire2130
 2.821667e-09 8.446771e-09 2.429730e-14 1.126846e-08 wire2770
 4.527521e-09 6.740309e-09 2.429730e-14 1.126786e-08 wire8072
 2.859949e-09 8.407783e-09 2.429730e-14 1.126776e-08 max_cap5453
 4.528887e-09 6.736443e-09 2.429730e-14 1.126535e-08 max_cap2257
 4.816449e-09 6.446715e-09 6.952598e-14 1.126323e-08 wire6689
 3.704344e-09 7.558515e-09 2.429730e-14 1.126288e-08 wire10571
 3.692157e-09 7.569342e-09 2.429730e-14 1.126152e-08 max_cap10981
 5.044615e-09 6.215722e-09 7.312517e-14 1.126041e-08 max_cap10469
 4.246878e-09 7.012130e-09 2.429730e-14 1.125903e-08 max_cap3636
 3.073972e-09 8.184823e-09 2.429730e-14 1.125882e-08 wire7000
 3.189302e-09 8.069371e-09 2.429730e-14 1.125870e-08 max_cap11248
 2.661603e-09 8.592075e-09 6.814196e-14 1.125375e-08 wire9372
 3.398678e-09 7.854770e-09 2.429730e-14 1.125347e-08 max_cap8392
 7.521433e-09 3.731884e-09 2.429730e-14 1.125334e-08 max_cap8705
 4.390955e-09 6.859979e-09 2.429730e-14 1.125096e-08 max_cap1528
 3.845491e-09 7.405263e-09 2.429730e-14 1.125078e-08 max_cap8496
 4.337241e-09 6.910092e-09 2.429730e-14 1.124736e-08 max_cap5568
 3.219605e-09 8.020892e-09 2.429730e-14 1.124052e-08 max_cap11352
 2.843698e-09 8.396270e-09 2.429730e-14 1.123999e-08 max_cap2182
 2.644089e-09 8.593105e-09 6.842818e-14 1.123726e-08 wire6273
 3.535675e-09 7.699939e-09 2.429730e-14 1.123564e-08 max_cap10004
 3.324219e-09 7.910450e-09 6.787792e-14 1.123474e-08 wire7262
 5.065524e-09 6.168468e-09 2.429730e-14 1.123402e-08 max_cap5838
 4.985587e-09 6.247852e-09 2.429730e-14 1.123346e-08 max_cap866
 3.861385e-09 7.371422e-09 2.429730e-14 1.123283e-08 max_cap10473
 3.541667e-09 7.687652e-09 2.429730e-14 1.122934e-08 max_cap10441
 5.301652e-09 5.920889e-09 2.429730e-14 1.122257e-08 max_cap1366
 2.502130e-09 8.713068e-09 2.429730e-14 1.121522e-08 wire9194
 7.016018e-09 4.199020e-09 2.429730e-14 1.121506e-08 wire2082
 2.977332e-09 8.235344e-09 7.791103e-14 1.121275e-08 max_cap523
 5.844943e-09 5.364366e-09 2.429730e-14 1.120933e-08 max_cap1374
 2.838036e-09 8.368443e-09 2.429730e-14 1.120650e-08 wire4126
 4.739302e-09 6.466845e-09 2.429730e-14 1.120617e-08 max_cap8205
 3.355290e-09 7.849161e-09 2.429730e-14 1.120448e-08 max_cap10408
 3.490536e-09 7.713518e-09 6.847238e-14 1.120412e-08 wire6806
 3.568977e-09 7.631150e-09 2.429730e-14 1.120015e-08 max_cap11686
 7.056858e-09 4.138048e-09 2.429730e-14 1.119493e-08 wire2088
 7.629221e-09 3.563999e-09 2.429730e-14 1.119324e-08 max_cap8789
 2.953841e-09 8.239294e-09 2.429730e-14 1.119316e-08 max_cap10156
 4.677911e-09 6.510791e-09 2.429730e-14 1.118873e-08 wire3724
 3.540266e-09 7.648237e-09 2.429730e-14 1.118853e-08 max_cap10438
 3.475943e-09 7.704485e-09 2.429730e-14 1.118045e-08 max_cap10788
 2.626874e-09 8.551783e-09 2.429730e-14 1.117868e-08 max_cap4777
 3.248564e-09 7.928481e-09 6.867463e-14 1.117711e-08 wire7284
 4.563366e-09 6.613081e-09 2.429730e-14 1.117647e-08 max_cap9589
 4.807997e-09 6.360874e-09 7.699115e-14 1.116895e-08 fanout9570
 3.024291e-09 8.137984e-09 6.866236e-14 1.116234e-08 wire9464
 5.283238e-09 5.877779e-09 2.429730e-14 1.116104e-08 max_cap3688
 6.108823e-09 5.051790e-09 2.429730e-14 1.116064e-08 wire2128
 3.376997e-09 7.780493e-09 2.429730e-14 1.115751e-08 max_cap11105
 4.468609e-09 6.686985e-09 2.429730e-14 1.115562e-08 wire4149
 4.385502e-09 6.769691e-09 2.429730e-14 1.115522e-08 max_cap998
 4.870373e-09 6.282884e-09 1.151920e-13 1.115337e-08 fanout11449
 3.369488e-09 7.783549e-09 2.353155e-13 1.115327e-08 wire405
 5.840203e-09 5.309487e-09 2.429730e-14 1.114971e-08 max_cap5706
 5.538995e-09 5.609891e-09 2.429730e-14 1.114891e-08 wire8045
 3.740168e-09 7.408240e-09 2.429730e-14 1.114843e-08 max_cap1519
 5.578334e-09 5.565308e-09 2.429730e-14 1.114367e-08 max_cap5702
 3.997930e-09 7.144274e-09 6.869770e-14 1.114227e-08 wire4786
 4.400479e-09 6.740676e-09 2.429730e-14 1.114118e-08 max_cap3574
 5.071017e-09 6.065776e-09 2.429730e-14 1.113682e-08 max_cap5613
 4.259646e-09 6.873911e-09 2.429730e-14 1.113358e-08 max_cap5182
 5.150079e-09 5.982185e-09 2.429730e-14 1.113229e-08 max_cap3580
 7.061137e-09 4.069754e-09 2.429730e-14 1.113091e-08 wire2087
 5.176533e-09 5.953694e-09 2.429730e-14 1.113025e-08 max_cap1011
 3.600410e-09 7.527961e-09 2.429730e-14 1.112840e-08 max_cap8661
 7.302310e-09 3.825927e-09 2.429730e-14 1.112826e-08 max_cap1623
 3.433195e-09 7.682345e-09 2.429730e-14 1.111556e-08 max_cap10505
 5.109659e-09 5.997591e-09 2.429730e-14 1.110727e-08 wire6526
 3.126623e-09 7.978274e-09 2.429730e-14 1.110492e-08 wire6693
 4.074081e-09 7.029137e-09 2.429730e-14 1.110324e-08 max_cap10362
 4.229373e-09 6.873651e-09 7.732068e-14 1.110310e-08 max_cap7172
 3.670869e-09 7.430539e-09 2.429730e-14 1.110143e-08 max_cap10939
 2.964344e-09 8.132947e-09 2.429730e-14 1.109732e-08 wire7729
 3.924581e-09 7.169544e-09 6.887190e-14 1.109419e-08 max_cap6027
 2.534317e-09 8.550502e-09 2.429730e-14 1.108484e-08 max_cap6458
 5.809089e-09 5.274664e-09 2.429730e-14 1.108378e-08 max_cap1362
 2.921799e-09 8.161288e-09 2.429730e-14 1.108311e-08 max_cap5449
 3.946358e-09 7.136095e-09 2.429730e-14 1.108248e-08 max_cap10210
 4.793199e-09 6.288261e-09 2.429730e-14 1.108148e-08 wire2051
 3.295570e-09 7.782940e-09 2.429730e-14 1.107853e-08 max_cap11126
 3.533021e-09 7.543208e-09 2.429730e-14 1.107625e-08 max_cap10728
 5.132164e-09 5.941867e-09 2.429730e-14 1.107405e-08 max_cap1628
 3.833855e-09 7.235660e-09 2.429730e-14 1.106954e-08 max_cap10038
 5.180658e-09 5.887342e-09 2.429730e-14 1.106802e-08 max_cap5803
 3.804444e-09 7.262785e-09 2.429730e-14 1.106725e-08 max_cap10602
 3.517739e-09 7.548090e-09 2.429730e-14 1.106585e-08 max_cap11239
 6.682967e-09 4.382554e-09 2.429730e-14 1.106554e-08 max_cap5832
 3.788847e-09 7.275824e-09 2.429730e-14 1.106469e-08 max_cap10732
 4.680372e-09 6.383517e-09 2.429730e-14 1.106391e-08 wire7527
 3.075921e-09 7.987626e-09 6.841359e-14 1.106361e-08 wire4845
 5.666517e-09 5.389718e-09 7.268943e-14 1.105631e-08 max_cap11018
 6.929870e-09 4.125528e-09 2.429730e-14 1.105542e-08 max_cap1540
 6.124151e-09 4.921400e-09 2.429730e-14 1.104558e-08 wire2131
 3.193648e-09 7.850200e-09 2.429730e-14 1.104387e-08 max_cap10714
 2.972896e-09 8.070347e-09 6.813523e-14 1.104331e-08 max_cap9600
 4.585489e-09 6.456131e-09 2.429730e-14 1.104164e-08 max_cap3632
 3.086984e-09 7.953593e-09 2.429730e-14 1.104060e-08 max_cap7097
 4.648576e-09 6.380362e-09 2.429730e-14 1.102896e-08 max_cap1634
 2.898101e-09 8.130051e-09 6.796863e-14 1.102822e-08 wire9965
 6.102955e-09 4.919310e-09 2.429730e-14 1.102229e-08 wire2133
 3.562806e-09 7.457476e-09 2.429730e-14 1.102031e-08 max_cap10003
 3.318971e-09 7.696658e-09 2.429730e-14 1.101565e-08 max_cap10879
 4.431258e-09 6.582463e-09 2.429730e-14 1.101375e-08 max_cap3726
 2.709981e-09 8.302939e-09 2.429730e-14 1.101294e-08 wire5124
 3.252029e-09 7.758512e-09 2.429730e-14 1.101056e-08 max_cap11320
 4.160532e-09 6.847253e-09 2.429730e-14 1.100781e-08 max_cap980
 4.309987e-09 6.695346e-09 2.429730e-14 1.100536e-08 max_cap853
 3.392898e-09 7.611891e-09 2.429730e-14 1.100481e-08 max_cap11176
 3.027674e-09 7.976507e-09 2.429730e-14 1.100421e-08 wire7735
 5.794836e-09 5.207465e-09 2.429730e-14 1.100232e-08 max_cap2628
 5.935767e-09 5.064441e-09 2.429730e-14 1.100023e-08 max_cap8812
 4.085194e-09 6.912820e-09 2.429730e-14 1.099804e-08 wire8106
 3.897311e-09 7.097110e-09 2.429730e-14 1.099445e-08 max_cap8207
 4.776020e-09 6.212014e-09 2.429730e-14 1.098806e-08 max_cap1633
 4.055387e-09 6.931108e-09 2.429730e-14 1.098652e-08 wire5429
 5.079505e-09 5.905541e-09 2.429730e-14 1.098507e-08 max_cap2298
 3.808843e-09 7.167955e-09 2.429730e-14 1.097682e-08 max_cap3992
 3.781248e-09 7.192829e-09 2.429730e-14 1.097410e-08 max_cap10319
 4.388486e-09 6.582533e-09 2.429730e-14 1.097104e-08 max_cap8588
 4.080254e-09 6.889612e-09 2.429730e-14 1.096989e-08 wire10119
 3.660090e-09 7.305657e-09 2.429730e-14 1.096577e-08 max_cap8314
 3.176496e-09 7.789096e-09 2.429730e-14 1.096562e-08 max_cap10066
 5.622731e-09 5.337222e-09 2.429730e-14 1.095998e-08 wire8585
 3.084092e-09 7.873755e-09 2.429730e-14 1.095787e-08 max_cap11017
 2.844595e-09 8.109287e-09 6.796278e-14 1.095395e-08 wire9959
 3.698643e-09 7.254658e-09 2.429730e-14 1.095333e-08 max_cap10721
 3.568238e-09 7.383019e-09 2.429730e-14 1.095128e-08 max_cap10454
 3.230498e-09 7.719388e-09 6.880552e-14 1.094995e-08 wire7402
 3.037026e-09 7.905199e-09 2.429730e-14 1.094225e-08 wire4309
 3.161229e-09 7.780239e-09 2.429730e-14 1.094149e-08 max_cap4243
 3.253461e-09 7.687772e-09 2.429730e-14 1.094126e-08 max_cap10699
 2.800767e-09 8.139031e-09 2.429730e-14 1.093982e-08 max_cap5297
 5.571690e-09 5.367115e-09 2.429730e-14 1.093883e-08 max_cap1353
 3.035606e-09 7.903005e-09 2.429730e-14 1.093864e-08 wire7732
 4.901883e-09 6.035471e-09 2.429730e-14 1.093738e-08 max_cap2646
 2.806060e-09 8.130557e-09 6.840112e-14 1.093669e-08 wire6107
 2.577106e-09 8.359255e-09 2.429730e-14 1.093638e-08 max_cap10828
 7.445357e-09 3.478100e-09 2.429730e-14 1.092348e-08 max_cap8795
 6.887075e-09 4.034761e-09 2.429730e-14 1.092186e-08 max_cap3641
 3.745013e-09 7.176744e-09 2.429730e-14 1.092178e-08 wire2934
 3.200559e-09 7.720823e-09 2.429730e-14 1.092141e-08 max_cap7063
 3.306562e-09 7.609910e-09 2.429730e-14 1.091650e-08 max_cap10773
 3.253667e-09 7.662294e-09 7.804156e-14 1.091604e-08 max_cap2287
 4.931316e-09 5.981944e-09 6.928320e-14 1.091333e-08 wire7558
 6.593686e-09 4.318985e-09 2.429730e-14 1.091270e-08 max_cap1559
 3.314316e-09 7.595347e-09 2.429730e-14 1.090969e-08 max_cap9095
 3.822396e-09 7.082969e-09 2.429730e-14 1.090539e-08 wire8719
 6.801742e-09 4.097296e-09 2.429730e-14 1.089906e-08 max_cap3699
 4.418136e-09 6.478317e-09 2.429730e-14 1.089648e-08 max_cap6161
 7.047148e-09 3.848741e-09 2.429730e-14 1.089591e-08 wire2092
 5.897186e-09 4.997670e-09 2.429730e-14 1.089488e-08 max_cap3633
 4.313694e-09 6.576903e-09 2.429730e-14 1.089062e-08 wire851
 4.428981e-09 6.451520e-09 2.429730e-14 1.088052e-08 max_cap3592
 3.227346e-09 7.648419e-09 2.429730e-14 1.087579e-08 wire10275
 3.906313e-09 6.963691e-09 2.429730e-14 1.087003e-08 max_cap2489
 2.630218e-09 8.239532e-09 2.429730e-14 1.086977e-08 max_cap7837
 3.675483e-09 7.191710e-09 2.429730e-14 1.086722e-08 max_cap10406
 2.746523e-09 8.120135e-09 2.429730e-14 1.086668e-08 wire2856
 3.105441e-09 7.758931e-09 2.429730e-14 1.086440e-08 max_cap3854
 3.740518e-09 7.122163e-09 2.429730e-14 1.086270e-08 max_cap10233
 2.549766e-09 8.312358e-09 2.429730e-14 1.086215e-08 wire2442
 5.245709e-09 5.614698e-09 2.429730e-14 1.086043e-08 wire2348
 4.246299e-09 6.612956e-09 2.429730e-14 1.085928e-08 wire2156
 4.665218e-09 6.189214e-09 2.429730e-14 1.085446e-08 wire7525
 3.378194e-09 7.476133e-09 2.429730e-14 1.085435e-08 max_cap10263
 7.153942e-09 3.695674e-09 2.429730e-14 1.084964e-08 wire2150
 3.743780e-09 7.105016e-09 2.429730e-14 1.084882e-08 max_cap3991
 5.301265e-09 5.546787e-09 6.846413e-14 1.084812e-08 max_cap7010
 4.180480e-09 6.667119e-09 2.429730e-14 1.084762e-08 max_cap5682
 3.564819e-09 7.275808e-09 2.429730e-14 1.084065e-08 max_cap3986
 3.581084e-09 7.256864e-09 2.429730e-14 1.083797e-08 max_cap10227
 2.883042e-09 7.954586e-09 6.796990e-14 1.083770e-08 wire9966
 3.605062e-09 7.232606e-09 2.429730e-14 1.083769e-08 max_cap961
 6.283900e-09 4.553740e-09 2.429730e-14 1.083766e-08 max_cap3782
 5.739480e-09 5.091111e-09 2.429730e-14 1.083062e-08 max_cap1498
 3.276709e-09 7.540901e-09 2.429730e-14 1.081763e-08 max_cap10605
 2.571423e-09 8.245700e-09 2.429730e-14 1.081715e-08 max_cap3359
 3.621773e-09 7.193829e-09 2.429730e-14 1.081563e-08 max_cap10837
 3.856364e-09 6.953834e-09 2.429730e-14 1.081022e-08 max_cap10630
 5.754666e-09 5.051534e-09 2.429730e-14 1.080622e-08 max_cap1347
 4.608378e-09 6.192322e-09 2.429730e-14 1.080072e-08 wire8317
 2.853892e-09 7.944958e-09 6.835544e-14 1.079892e-08 wire9229
 4.935627e-09 5.861868e-09 2.429730e-14 1.079752e-08 max_cap1611
 3.902568e-09 6.891986e-09 2.429730e-14 1.079458e-08 max_cap4423
 3.812254e-09 6.980654e-09 2.429730e-14 1.079293e-08 max_cap10018
 2.533453e-09 8.255577e-09 2.429730e-14 1.078905e-08 wire9332
 3.967878e-09 6.820084e-09 2.429730e-14 1.078799e-08 max_cap8302
 2.877519e-09 7.910355e-09 6.796466e-14 1.078794e-08 wire9961
 4.842035e-09 5.943138e-09 2.429730e-14 1.078520e-08 wire4571
 4.636965e-09 6.147920e-09 2.429730e-14 1.078491e-08 wire7530
 4.327120e-09 6.456160e-09 2.429730e-14 1.078330e-08 max_cap947
 4.196928e-09 6.586137e-09 2.429730e-14 1.078309e-08 max_cap924
 4.515409e-09 6.266800e-09 2.429730e-14 1.078223e-08 max_cap5520
 3.323764e-09 7.457595e-09 2.429730e-14 1.078138e-08 max_cap11183
 6.087723e-09 4.693253e-09 2.429730e-14 1.078100e-08 max_cap1641
 4.411849e-09 6.368832e-09 2.429730e-14 1.078071e-08 wire8170
 3.972437e-09 6.801119e-09 2.429730e-14 1.077358e-08 max_cap8150
 4.087142e-09 6.680407e-09 2.429730e-14 1.076757e-08 max_cap5345
 2.974685e-09 7.792393e-09 7.262670e-14 1.076715e-08 max_cap10270
 4.357107e-09 6.409163e-09 2.429730e-14 1.076629e-08 max_cap7973
 3.172402e-09 7.592083e-09 6.827792e-14 1.076455e-08 wire4606
 4.209405e-09 6.552853e-09 2.429730e-14 1.076228e-08 max_cap10139
 3.415302e-09 7.346318e-09 2.429730e-14 1.076164e-08 wire8595
 5.051373e-09 5.702063e-09 2.429730e-14 1.075346e-08 max_cap3584
 6.514093e-09 4.236758e-09 2.429730e-14 1.075088e-08 wire3708
 4.076369e-09 6.670835e-09 2.429730e-14 1.074723e-08 wire8777
 2.869483e-09 7.876695e-09 2.429730e-14 1.074620e-08 max_cap10287
 4.049092e-09 6.696670e-09 2.429730e-14 1.074579e-08 max_cap8441
 4.353806e-09 6.387279e-09 2.429730e-14 1.074111e-08 max_cap893
 5.325302e-09 5.414781e-09 2.429730e-14 1.074011e-08 max_cap1363
 4.772300e-09 5.966888e-09 2.429730e-14 1.073921e-08 wire6655
 3.809862e-09 6.929274e-09 2.429730e-14 1.073916e-08 max_cap10240
 2.507661e-09 8.228343e-09 2.429730e-14 1.073603e-08 wire2757
 2.660386e-09 8.075550e-09 6.842674e-14 1.073600e-08 wire6272
 3.676217e-09 7.058237e-09 2.429730e-14 1.073448e-08 max_cap10920
 2.771551e-09 7.962702e-09 2.429730e-14 1.073428e-08 max_cap11032
 3.425578e-09 7.307315e-09 2.429730e-14 1.073292e-08 max_cap10244
 3.325796e-09 7.402480e-09 2.429730e-14 1.072830e-08 max_cap11145
 5.510750e-09 5.216017e-09 2.429730e-14 1.072679e-08 max_cap1607
 2.646419e-09 8.079456e-09 6.814053e-14 1.072594e-08 wire9369
 4.100896e-09 6.622311e-09 2.429730e-14 1.072323e-08 wire8104
 4.718899e-09 6.001525e-09 2.429730e-14 1.072045e-08 wire2258
 2.677995e-09 8.040206e-09 2.429730e-14 1.071823e-08 max_cap6110
 4.960182e-09 5.756690e-09 2.429730e-14 1.071690e-08 wire6222
 5.249807e-09 5.463040e-09 2.429730e-14 1.071287e-08 max_cap1678
 4.154312e-09 6.554884e-09 2.429730e-14 1.070922e-08 max_cap979
 2.249713e-09 8.457378e-09 2.429730e-14 1.070711e-08 wire9755
 4.748621e-09 5.957921e-09 2.429730e-14 1.070657e-08 max_cap5842
 5.715561e-09 4.990393e-09 2.429730e-14 1.070598e-08 wire7827
 3.879375e-09 6.826481e-09 6.866069e-14 1.070592e-08 wire7704
 2.574414e-09 8.130915e-09 2.429730e-14 1.070535e-08 max_cap1068
 2.410668e-09 8.290854e-09 2.429730e-14 1.070155e-08 max_cap6663
 3.942112e-09 6.758313e-09 2.429730e-14 1.070045e-08 max_cap10209
 2.602159e-09 8.092219e-09 2.429730e-14 1.069440e-08 max_cap10814
 3.924808e-09 6.769318e-09 2.429730e-14 1.069415e-08 wire8427
 4.672578e-09 6.019639e-09 2.429730e-14 1.069224e-08 wire8062
 5.572452e-09 5.119474e-09 2.429730e-14 1.069195e-08 max_cap2648
 4.239645e-09 6.451523e-09 2.429730e-14 1.069119e-08 max_cap8185
 3.257259e-09 7.433693e-09 2.429730e-14 1.069098e-08 max_cap10024
 1.307006e-09 9.381018e-09 7.260026e-14 1.068810e-08 wire11899
 3.625101e-09 7.060678e-09 2.429730e-14 1.068580e-08 max_cap10832
 3.314783e-09 7.368523e-09 2.429730e-14 1.068333e-08 wire11319
 5.446215e-09 5.233175e-09 2.429730e-14 1.067941e-08 max_cap1191
 3.612727e-09 7.066198e-09 2.429730e-14 1.067895e-08 wire9765
 2.909764e-09 7.764744e-09 2.429730e-14 1.067453e-08 wire11253
 4.915333e-09 5.758975e-09 2.429730e-14 1.067433e-08 wire5169
 3.656273e-09 7.017123e-09 2.429730e-14 1.067342e-08 wire962
 4.979652e-09 5.692863e-09 2.429730e-14 1.067254e-08 max_cap1358
 3.954467e-09 6.714321e-09 6.869958e-14 1.066886e-08 wire4787
 2.652363e-09 8.011918e-09 2.429730e-14 1.066430e-08 max_cap9233
 3.217450e-09 7.444748e-09 2.429730e-14 1.066222e-08 wire11197
 3.177409e-09 7.482694e-09 2.429730e-14 1.066013e-08 wire7603
 3.585416e-09 7.072899e-09 2.429730e-14 1.065834e-08 wire9456
 3.885984e-09 6.771949e-09 2.429730e-14 1.065796e-08 max_cap1215
 5.114767e-09 5.542692e-09 2.429730e-14 1.065748e-08 max_cap1251
 2.798091e-09 7.857638e-09 2.429730e-14 1.065575e-08 wire5302
 6.112902e-09 4.541959e-09 2.429730e-14 1.065488e-08 wire356
 5.713797e-09 4.941033e-09 2.429730e-14 1.065485e-08 max_cap1536
 7.088632e-09 3.562574e-09 2.429730e-14 1.065123e-08 wire1833
 3.555427e-09 7.094294e-09 2.429730e-14 1.064975e-08 max_cap10851
 3.153585e-09 7.492138e-09 2.429730e-14 1.064575e-08 wire10385
 3.585451e-09 7.058792e-09 2.429730e-14 1.064427e-08 wire9976
 2.881466e-09 7.759767e-09 6.801733e-14 1.064130e-08 max_cap247
 3.689647e-09 6.938622e-09 6.817647e-14 1.062834e-08 wire7234
 2.840450e-09 7.784933e-09 2.429730e-14 1.062541e-08 wire7361
 4.073787e-09 6.551439e-09 2.429730e-14 1.062525e-08 max_cap10854
 2.662530e-09 7.960954e-09 6.824249e-14 1.062355e-08 wire3931
 3.102944e-09 7.517806e-09 2.429730e-14 1.062077e-08 wire11373
 3.401139e-09 7.219147e-09 2.429730e-14 1.062031e-08 wire11202
 3.199726e-09 7.406837e-09 2.429730e-14 1.060659e-08 wire11294
 2.895930e-09 7.702726e-09 6.868299e-14 1.059872e-08 wire8903
 3.348898e-09 7.249259e-09 2.429730e-14 1.059818e-08 max_cap9424
 5.583929e-09 5.011377e-09 2.429730e-14 1.059533e-08 max_cap7811
 5.218677e-09 5.375584e-09 2.429730e-14 1.059429e-08 max_cap5808
 6.090769e-09 4.502720e-09 2.429730e-14 1.059351e-08 wire2126
 3.085975e-09 7.503406e-09 2.429730e-14 1.058940e-08 wire5299
 5.257390e-09 5.331617e-09 2.429730e-14 1.058903e-08 max_cap5773
 2.822659e-09 7.765165e-09 6.840153e-14 1.058789e-08 wire6104
 2.983426e-09 7.602321e-09 6.799289e-14 1.058582e-08 wire7534
 4.243743e-09 6.338201e-09 2.429730e-14 1.058197e-08 wire8172
 1.867483e-09 8.714227e-09 2.429730e-14 1.058173e-08 wire7541
 2.907161e-09 7.670767e-09 7.796887e-14 1.057801e-08 max_cap301
 2.677884e-09 7.899197e-09 2.429730e-14 1.057710e-08 max_cap7887
 3.884648e-09 6.689303e-09 2.429730e-14 1.057397e-08 max_cap3415
 4.223467e-09 6.339454e-09 2.429730e-14 1.056295e-08 max_cap10539
 3.914240e-09 6.643864e-09 2.429730e-14 1.055813e-08 max_cap8637
 6.405199e-09 4.152898e-09 2.429730e-14 1.055812e-08 wire1957
 3.112193e-09 7.442311e-09 2.429730e-14 1.055453e-08 max_cap10947
 5.639350e-09 4.912738e-09 2.429730e-14 1.055211e-08 max_cap1729
 2.992810e-09 7.557359e-09 2.429730e-14 1.055019e-08 wire6686
 5.590291e-09 4.956431e-09 2.429730e-14 1.054675e-08 wire8665
 3.530559e-09 7.013103e-09 2.429730e-14 1.054369e-08 max_cap1240
 3.146717e-09 7.394107e-09 6.858533e-14 1.054089e-08 wire6306
 3.009941e-09 7.529052e-09 7.797429e-14 1.053907e-08 max_cap393
 3.826612e-09 6.711728e-09 2.429730e-14 1.053836e-08 max_cap9819
 2.826290e-09 7.711650e-09 2.429730e-14 1.053796e-08 max_cap10161
 3.197076e-09 7.337671e-09 2.429730e-14 1.053477e-08 max_cap10277
 5.951216e-09 4.583281e-09 2.429730e-14 1.053452e-08 max_cap1619
 3.611164e-09 6.921671e-09 2.429730e-14 1.053286e-08 max_cap10405
 3.118258e-09 7.414289e-09 6.852361e-14 1.053261e-08 wire7663
 3.712914e-09 6.818862e-09 2.429730e-14 1.053180e-08 max_cap8326
 6.082503e-09 4.448761e-09 2.429730e-14 1.053129e-08 wire2138
 3.144069e-09 7.382331e-09 2.429730e-14 1.052642e-08 wire6815
 6.128419e-09 4.397287e-09 2.429730e-14 1.052573e-08 max_cap3677
 2.958236e-09 7.565989e-09 2.429730e-14 1.052425e-08 max_cap4238
 4.364617e-09 6.158368e-09 2.429730e-14 1.052301e-08 max_cap7199
 1.760068e-09 8.762360e-09 2.429730e-14 1.052245e-08 hold11
 3.375528e-09 7.145986e-09 2.429730e-14 1.052154e-08 max_cap8521
 4.371112e-09 6.148454e-09 2.429730e-14 1.051959e-08 wire7978
 2.858492e-09 7.658476e-09 2.429730e-14 1.051699e-08 max_cap7783
 3.380198e-09 7.136394e-09 2.429730e-14 1.051662e-08 wire6264
 2.739755e-09 7.775101e-09 2.429730e-14 1.051488e-08 wire4123
 5.327367e-09 5.186324e-09 2.429730e-14 1.051372e-08 max_cap3586
 2.418105e-09 8.087375e-09 2.429730e-14 1.050550e-08 max_cap7706
 4.617343e-09 5.887239e-09 2.429730e-14 1.050461e-08 max_cap10363
 2.826367e-09 7.676197e-09 6.839465e-14 1.050263e-08 wire6096
 4.611536e-09 5.888493e-09 2.429730e-14 1.050005e-08 max_cap1348
 4.963673e-09 5.536117e-09 2.429730e-14 1.049981e-08 wire6224
 3.731470e-09 6.764056e-09 2.429730e-14 1.049555e-08 max_cap6288
 1.955540e-09 8.539006e-09 2.429730e-14 1.049457e-08 wire4854
 3.585104e-09 6.906907e-09 2.429730e-14 1.049203e-08 max_cap9457
 2.663509e-09 7.826165e-09 6.798481e-14 1.048974e-08 wire7536
 4.310859e-09 6.172796e-09 2.429730e-14 1.048368e-08 max_cap852
 3.218657e-09 7.264332e-09 2.429730e-14 1.048301e-08 max_cap10667
 4.860310e-09 5.618797e-09 2.429730e-14 1.047913e-08 max_cap867
 3.124409e-09 7.354143e-09 2.429730e-14 1.047858e-08 wire11162
 6.358098e-09 4.116977e-09 2.429730e-14 1.047510e-08 max_cap1615
 2.914267e-09 7.559471e-09 6.851980e-14 1.047381e-08 wire7659
 2.720960e-09 7.752326e-09 2.429730e-14 1.047331e-08 hold363
 2.867323e-09 7.603385e-09 2.429730e-14 1.047073e-08 max_cap10645
 6.645400e-09 3.824935e-09 7.284421e-14 1.047041e-08 max_cap10835
 4.338545e-09 6.128301e-09 2.429730e-14 1.046687e-08 max_cap5535
 4.333493e-09 6.131874e-09 2.429730e-14 1.046539e-08 wire8101
 3.208962e-09 7.255692e-09 2.429730e-14 1.046468e-08 wire6483
 2.507800e-09 7.954786e-09 2.429730e-14 1.046261e-08 hold1840
 3.027122e-09 7.429895e-09 2.429730e-14 1.045704e-08 wire9729
 3.618086e-09 6.835318e-09 2.429730e-14 1.045343e-08 max_cap10402
 4.478582e-09 5.970435e-09 2.429730e-14 1.044904e-08 max_cap3638
 3.382530e-09 7.064334e-09 2.429730e-14 1.044689e-08 max_cap10818
 3.566401e-09 6.879535e-09 2.429730e-14 1.044596e-08 max_cap10010
 3.750588e-09 6.694890e-09 2.429730e-14 1.044550e-08 max_cap1520
 6.037751e-09 4.406628e-09 2.429730e-14 1.044440e-08 wire2132
 5.016689e-09 5.427523e-09 2.429730e-14 1.044424e-08 max_cap6221
 5.718358e-09 4.723341e-09 2.429730e-14 1.044172e-08 wire3123
 2.696472e-09 7.742874e-09 6.854464e-14 1.043941e-08 wire5953
 4.719244e-09 5.718279e-09 2.429730e-14 1.043755e-08 wire7528
 3.541681e-09 6.893516e-09 2.429730e-14 1.043522e-08 max_cap10523
 4.074742e-09 6.355860e-09 2.429730e-14 1.043063e-08 wire981
 4.710722e-09 5.715291e-09 6.841102e-14 1.042608e-08 wire1771
 6.161617e-09 4.259575e-09 2.429730e-14 1.042122e-08 max_cap3681
 3.734382e-09 6.685101e-09 2.429730e-14 1.041951e-08 max_cap5719
 4.211764e-09 6.205175e-09 2.429730e-14 1.041696e-08 max_cap7779
 4.370859e-09 6.039170e-09 2.429730e-14 1.041005e-08 max_cap892
 2.658919e-09 7.748800e-09 2.429730e-14 1.040774e-08 wire11028
 2.631367e-09 7.774364e-09 6.818835e-14 1.040580e-08 wire6701
 4.614830e-09 5.789077e-09 2.429730e-14 1.040393e-08 max_cap9587
 5.204676e-09 5.198898e-09 2.429730e-14 1.040360e-08 wire1249
 2.880106e-09 7.522750e-09 2.429730e-14 1.040288e-08 max_cap9433
 2.981675e-09 7.420354e-09 2.429730e-14 1.040205e-08 wire6685
 4.353633e-09 6.041481e-09 2.429730e-14 1.039514e-08 max_cap6948
 4.065003e-09 6.323793e-09 2.429730e-14 1.038882e-08 max_cap10410
 5.592016e-09 4.793926e-09 2.429730e-14 1.038597e-08 max_cap2631
 3.514625e-09 6.868918e-09 2.429730e-14 1.038357e-08 max_cap11014
 3.478364e-09 6.898746e-09 2.429730e-14 1.037713e-08 wire11406
 3.642500e-09 6.732316e-09 2.429730e-14 1.037484e-08 max_cap8036
 3.319460e-09 7.052132e-09 2.429730e-14 1.037162e-08 max_cap10784
 3.751861e-09 6.617689e-09 2.429730e-14 1.036957e-08 max_cap8741
 4.256813e-09 6.110684e-09 2.429730e-14 1.036752e-08 max_cap923
 4.875258e-09 5.492085e-09 2.429730e-14 1.036737e-08 max_cap1346
 3.050854e-09 7.306764e-09 6.880937e-14 1.035769e-08 wire9101
 6.788929e-09 3.566416e-09 2.429730e-14 1.035537e-08 max_cap1555
 5.361104e-09 4.994150e-09 2.429730e-14 1.035528e-08 max_cap1371
 6.235065e-09 4.118478e-09 2.429730e-14 1.035357e-08 wire1981
 3.147491e-09 7.202951e-09 2.429730e-14 1.035047e-08 max_cap10713
 4.270113e-09 6.078925e-09 2.429730e-14 1.034906e-08 max_cap5589
 3.828837e-09 6.520101e-09 2.429730e-14 1.034896e-08 max_cap10239
 1.763697e-09 8.584896e-09 2.429730e-14 1.034862e-08 wire9960
 4.159307e-09 6.188609e-09 2.429730e-14 1.034794e-08 max_cap8421
 3.537951e-09 6.808103e-09 2.429730e-14 1.034608e-08 wire9185
 3.616713e-09 6.726206e-09 2.429730e-14 1.034294e-08 max_cap10261
 3.476819e-09 6.866099e-09 2.429730e-14 1.034294e-08 wire4950
 3.717407e-09 6.624799e-09 2.429730e-14 1.034223e-08 max_cap10075
 3.732029e-09 6.608637e-09 2.429730e-14 1.034069e-08 max_cap7342
 4.263732e-09 6.070319e-09 2.429730e-14 1.033407e-08 max_cap8533
 2.916081e-09 7.417883e-09 2.429730e-14 1.033399e-08 max_cap10017
 2.679320e-09 7.650855e-09 6.818627e-14 1.033024e-08 wire6700
 3.678297e-09 6.651894e-09 2.429730e-14 1.033021e-08 max_cap10647
 4.547839e-09 5.781171e-09 6.885723e-14 1.032908e-08 wire3257
 4.802743e-09 5.522561e-09 2.429730e-14 1.032533e-08 wire6659
 5.243878e-09 5.079632e-09 2.429730e-14 1.032353e-08 wire2345
 3.665734e-09 6.657230e-09 2.429730e-14 1.032299e-08 max_cap9714
 4.152219e-09 6.168855e-09 2.429730e-14 1.032110e-08 wire8420
 3.031483e-09 7.287238e-09 6.801606e-14 1.031879e-08 max_cap276
 3.604168e-09 6.711816e-09 2.429730e-14 1.031601e-08 max_cap10021
 2.692465e-09 7.621242e-09 2.429730e-14 1.031373e-08 wire4789
 4.909621e-09 5.403340e-09 2.429730e-14 1.031298e-08 max_cap5562
 4.218987e-09 6.092374e-09 2.429730e-14 1.031138e-08 max_cap8451
 5.301649e-09 5.005595e-09 2.429730e-14 1.030727e-08 wire2191
 3.368157e-09 6.937011e-09 2.429730e-14 1.030519e-08 wire11398
 3.129849e-09 7.174643e-09 2.429730e-14 1.030452e-08 max_cap10934
 6.816844e-09 3.483606e-09 2.429730e-14 1.030047e-08 wire1992
 2.617480e-09 7.682715e-09 2.429730e-14 1.030022e-08 wire5296
 3.885292e-09 6.414262e-09 2.429730e-14 1.029958e-08 max_cap8125
 4.652617e-09 5.640257e-09 2.429730e-14 1.029290e-08 wire6146
 6.209989e-09 4.080610e-09 2.429730e-14 1.029062e-08 wire1977
 3.489009e-09 6.797053e-09 2.429730e-14 1.028609e-08 max_cap10039
 3.960111e-09 6.323231e-09 2.429730e-14 1.028337e-08 max_cap10054
 4.215519e-09 6.065026e-09 2.429730e-14 1.028057e-08 max_cap10885
 3.112053e-09 7.163230e-09 2.429730e-14 1.027531e-08 max_cap10177
 6.589000e-09 3.683410e-09 2.429730e-14 1.027243e-08 max_cap1583
 5.389324e-09 4.882413e-09 2.429730e-14 1.027176e-08 max_cap1561
 3.607449e-09 6.660717e-09 2.429730e-14 1.026819e-08 wire9764
 7.022193e-09 3.243295e-09 2.429730e-14 1.026551e-08 wire1843
 3.679165e-09 6.582050e-09 2.429730e-14 1.026124e-08 wire8448
 5.868850e-09 4.391782e-09 2.429730e-14 1.026066e-08 max_cap3595
 3.175201e-09 7.085088e-09 2.429730e-14 1.026031e-08 wire4584
 5.532705e-09 4.726655e-09 2.429730e-14 1.025938e-08 max_cap2650
 6.832528e-09 3.426750e-09 2.429730e-14 1.025930e-08 max_cap3720
 5.060135e-09 5.198752e-09 2.429730e-14 1.025891e-08 max_cap1350
 3.582669e-09 6.674549e-09 2.429730e-14 1.025724e-08 wire9766
 5.945578e-09 4.308861e-09 2.429730e-14 1.025446e-08 max_cap1629
 5.481595e-09 4.772521e-09 2.429730e-14 1.025414e-08 max_cap849
 3.953940e-09 6.297411e-09 2.429730e-14 1.025138e-08 max_cap5331
 3.737732e-09 6.513240e-09 2.429730e-14 1.025100e-08 wire4194
 4.231458e-09 6.018999e-09 2.429730e-14 1.025048e-08 wire2255
 2.681498e-09 7.568397e-09 2.429730e-14 1.024992e-08 max_cap4794
 4.528854e-09 5.720161e-09 2.429730e-14 1.024904e-08 max_cap878
 2.983273e-09 7.265295e-09 6.799041e-14 1.024864e-08 wire7532
 5.330673e-09 4.917934e-09 2.429730e-14 1.024863e-08 max_cap3653
 3.152248e-09 7.094686e-09 2.429730e-14 1.024696e-08 wire2411
 4.934089e-09 5.312819e-09 2.429730e-14 1.024693e-08 wire1203
 3.600504e-09 6.646180e-09 2.429730e-14 1.024671e-08 wire2472
 3.984920e-09 6.258225e-09 2.429730e-14 1.024317e-08 max_cap5733
 5.123717e-09 5.119205e-09 2.429730e-14 1.024295e-08 max_cap5860
 4.341794e-09 5.899298e-09 2.429730e-14 1.024112e-08 max_cap997
 4.622312e-09 5.615163e-09 2.429730e-14 1.023750e-08 wire6150
 2.849913e-09 7.381756e-09 6.866387e-14 1.023174e-08 wire9082
 5.018172e-09 5.212046e-09 2.429730e-14 1.023024e-08 wire1201
 4.611481e-09 5.618417e-09 2.429730e-14 1.022992e-08 max_cap3658
 2.599632e-09 7.630004e-09 6.833988e-14 1.022970e-08 wire3780
 2.855089e-09 7.373188e-09 2.429730e-14 1.022830e-08 wire11039
 3.939931e-09 6.287032e-09 2.429730e-14 1.022699e-08 max_cap5126
 4.488600e-09 5.734214e-09 2.429730e-14 1.022284e-08 max_cap1472
 3.360570e-09 6.862161e-09 2.429730e-14 1.022276e-08 wire10649
 2.959825e-09 7.260160e-09 2.429730e-14 1.022001e-08 max_cap10848
 3.637607e-09 6.575847e-09 2.429730e-14 1.021348e-08 max_cap8858
 4.623880e-09 5.588920e-09 2.429730e-14 1.021282e-08 max_cap9583
 3.524384e-09 6.686704e-09 2.429730e-14 1.021111e-08 max_cap8867
 6.487824e-09 3.722180e-09 2.429730e-14 1.021003e-08 max_cap1647
 2.179156e-09 8.030393e-09 2.429730e-14 1.020957e-08 max_cap6024
 2.723598e-09 7.484083e-09 2.429730e-14 1.020770e-08 max_cap10534
 2.881270e-09 7.323469e-09 6.835391e-14 1.020481e-08 wire9228
 4.669557e-09 5.532279e-09 2.429730e-14 1.020186e-08 wire4153
 2.317224e-09 7.884412e-09 2.429730e-14 1.020166e-08 max_cap6838
 4.296400e-09 5.904835e-09 2.429730e-14 1.020126e-08 max_cap8308
 3.146305e-09 7.051240e-09 6.858533e-14 1.019761e-08 max_cap6307
 4.510314e-09 5.682384e-09 2.429730e-14 1.019272e-08 max_cap10143
 4.669884e-09 5.521609e-09 2.429730e-14 1.019152e-08 max_cap1047
 3.393705e-09 6.796841e-09 2.429730e-14 1.019057e-08 max_cap10434
 4.237079e-09 5.950612e-09 2.429730e-14 1.018771e-08 max_cap5432
 3.019019e-09 7.167599e-09 2.429730e-14 1.018664e-08 max_cap10998
 2.979286e-09 7.203111e-09 2.429730e-14 1.018242e-08 max_cap4586
 4.433948e-09 5.747733e-09 2.429730e-14 1.018171e-08 wire7966
 2.573789e-09 7.602860e-09 2.429730e-14 1.017667e-08 wire4788
 2.476905e-09 7.697817e-09 6.787424e-14 1.017479e-08 wire7257
 3.363282e-09 6.809400e-09 2.429730e-14 1.017271e-08 max_cap10336
 4.123731e-09 6.047451e-09 6.895205e-14 1.017125e-08 wire7834
 2.407589e-09 7.754082e-09 2.429730e-14 1.016169e-08 wire3772
 2.672874e-09 7.486915e-09 6.824105e-14 1.015986e-08 wire3933
 5.527389e-09 4.630550e-09 2.429730e-14 1.015796e-08 max_cap5645
 4.133732e-09 6.023695e-09 2.429730e-14 1.015745e-08 max_cap3749
 4.664553e-09 5.492644e-09 6.841236e-14 1.015727e-08 wire1772
 3.336808e-09 6.818212e-09 2.429730e-14 1.015504e-08 max_cap10769
 2.423450e-09 7.731067e-09 2.429730e-14 1.015454e-08 wire2914
 5.294371e-09 4.859372e-09 2.429730e-14 1.015377e-08 wire2349
 2.884119e-09 7.268596e-09 7.797124e-14 1.015279e-08 max_cap380
 2.894770e-09 7.255206e-09 6.796056e-14 1.015005e-08 wire9958
 3.988433e-09 6.159735e-09 2.429730e-14 1.014819e-08 wire8632
 4.505580e-09 5.641826e-09 2.429730e-14 1.014743e-08 max_cap1220
 1.671624e-09 8.475186e-09 2.429730e-14 1.014683e-08 wire6316
 6.178614e-09 3.966333e-09 2.429730e-14 1.014497e-08 max_cap1643
 3.467378e-09 6.675834e-09 2.429730e-14 1.014324e-08 max_cap10599
 4.717919e-09 5.424872e-09 2.429730e-14 1.014282e-08 wire4154
 2.867278e-09 7.269302e-09 7.791318e-14 1.013666e-08 max_cap528
 3.639873e-09 6.493503e-09 2.429730e-14 1.013340e-08 max_cap3861
 3.246224e-09 6.885770e-09 2.429730e-14 1.013202e-08 wire8559
 5.262288e-09 4.862526e-09 2.429730e-14 1.012484e-08 max_cap1533
 3.777402e-09 6.346126e-09 2.429730e-14 1.012355e-08 max_cap5673
 4.256499e-09 5.865436e-09 2.429730e-14 1.012196e-08 max_cap948
 3.945857e-09 6.173330e-09 2.429730e-14 1.011921e-08 max_cap7481
 3.143335e-09 6.973385e-09 2.429730e-14 1.011674e-08 max_cap10617
 4.051854e-09 6.063138e-09 2.429730e-14 1.011502e-08 max_cap10838
 3.540641e-09 6.573599e-09 2.429730e-14 1.011426e-08 max_cap8339
 3.482408e-09 6.630842e-09 2.429730e-14 1.011327e-08 max_cap10040
 2.266098e-09 7.846789e-09 6.806462e-14 1.011296e-08 wire6498
 4.132243e-09 5.980348e-09 2.429730e-14 1.011261e-08 max_cap10072
 2.913974e-09 7.196851e-09 2.429730e-14 1.011085e-08 max_cap11033
 3.065571e-09 7.044509e-09 2.429730e-14 1.011010e-08 wire11356
 1.962503e-09 8.145435e-09 2.429730e-14 1.010796e-08 wire4857
 4.224074e-09 5.880854e-09 2.429730e-14 1.010495e-08 wire2155
 6.517724e-09 3.587027e-09 2.429730e-14 1.010477e-08 max_cap4739
 3.941018e-09 6.162070e-09 2.429730e-14 1.010311e-08 max_cap10055
 6.348079e-09 3.754211e-09 2.429730e-14 1.010231e-08 wire1980
 2.805840e-09 7.296280e-09 2.429730e-14 1.010214e-08 max_cap6120
 5.839150e-09 4.261500e-09 2.429730e-14 1.010067e-08 max_cap2253
 1.872579e-09 8.227471e-09 2.429730e-14 1.010007e-08 wire9465
 3.654206e-09 6.442233e-09 2.429730e-14 1.009646e-08 wire11317
 2.436192e-09 7.650904e-09 2.429730e-14 1.008712e-08 max_cap1525
 3.668142e-09 6.416569e-09 2.429730e-14 1.008473e-08 wire8752
 2.544842e-09 7.536747e-09 6.836290e-14 1.008166e-08 wire7304
 2.252295e-09 7.826612e-09 2.429730e-14 1.007893e-08 max_cap6354
 5.632802e-09 4.445734e-09 2.429730e-14 1.007856e-08 max_cap1585
 5.929921e-09 4.148137e-09 2.429730e-14 1.007808e-08 max_cap1544
 5.795809e-09 4.276386e-09 2.429730e-14 1.007222e-08 max_cap2630
 2.272077e-09 7.798522e-09 6.806559e-14 1.007067e-08 wire6499
 1.788470e-09 8.281869e-09 2.429730e-14 1.007036e-08 wire8902
 5.159257e-09 4.910617e-09 2.429730e-14 1.006990e-08 max_cap4801
 3.394354e-09 6.674043e-09 2.429730e-14 1.006842e-08 max_cap5696
 4.776744e-09 5.291026e-09 2.429730e-14 1.006779e-08 max_cap1618
 3.523550e-09 6.540600e-09 2.429730e-14 1.006417e-08 max_cap5829
 5.707820e-09 4.355952e-09 2.429730e-14 1.006380e-08 max_cap5805
 3.409316e-09 6.652816e-09 2.429730e-14 1.006216e-08 max_cap9840
 3.199262e-09 6.860317e-09 6.849411e-14 1.005965e-08 wire6638
 2.867665e-09 7.191825e-09 2.429730e-14 1.005951e-08 wire8425
 3.055299e-09 7.001622e-09 2.429730e-14 1.005694e-08 wire11302
 6.214491e-09 3.841092e-09 2.429730e-14 1.005561e-08 max_cap8754
 3.212941e-09 6.841658e-09 2.429730e-14 1.005462e-08 max_cap4878
 5.488395e-09 4.564709e-09 2.429730e-14 1.005313e-08 max_cap3617
 2.662668e-09 7.387847e-09 6.842565e-14 1.005058e-08 wire6271
 4.989245e-09 5.057592e-09 2.429730e-14 1.004686e-08 max_cap1352
 4.434136e-09 5.607245e-09 2.429730e-14 1.004141e-08 max_cap8282
 4.637307e-09 5.402759e-09 2.429730e-14 1.004009e-08 max_cap7938
 4.843676e-09 5.195968e-09 2.429730e-14 1.003967e-08 max_cap1359
 5.114741e-09 4.924653e-09 2.429730e-14 1.003942e-08 wire2343
 5.104597e-09 4.933479e-09 2.429730e-14 1.003810e-08 wire6525
 1.932350e-09 8.105376e-09 2.429730e-14 1.003775e-08 max_cap7662
 2.790934e-09 7.245421e-09 2.429730e-14 1.003638e-08 wire7555
 4.830361e-09 5.205662e-09 2.429730e-14 1.003605e-08 max_cap3710
 4.726244e-09 5.307923e-09 2.429730e-14 1.003419e-08 wire5920
 3.004069e-09 7.026197e-09 2.429730e-14 1.003029e-08 max_cap7789
 4.645868e-09 5.383607e-09 2.429730e-14 1.002950e-08 wire6123
 4.349292e-09 5.675387e-09 2.429730e-14 1.002470e-08 max_cap4911
 3.230446e-09 6.787794e-09 2.429730e-14 1.001826e-08 max_cap7932
 6.444420e-09 3.572026e-09 2.429730e-14 1.001647e-08 max_cap1448
 2.450782e-09 7.562567e-09 6.838632e-14 1.001342e-08 wire9131
 3.381414e-09 6.631574e-09 2.429730e-14 1.001301e-08 wire3830
 3.416954e-09 6.590048e-09 2.429730e-14 1.000703e-08 max_cap10212
 4.969829e-09 5.032311e-09 2.429730e-14 1.000217e-08 max_cap5759
 5.193880e-09 4.807393e-09 2.429730e-14 1.000130e-08 max_cap5833
 2.491512e-09 7.507325e-09 6.840965e-14 9.998906e-09 wire4841
 5.055446e-09 4.940996e-09 2.429730e-14 9.996467e-09 wire3763
 3.405519e-09 6.590900e-09 2.429730e-14 9.996442e-09 max_cap3163
 3.038222e-09 6.956113e-09 2.429730e-14 9.994358e-09 wire7556
 1.932824e-09 8.060909e-09 2.429730e-14 9.993757e-09 wire7660
 2.622736e-09 7.370601e-09 2.429730e-14 9.993361e-09 wire5301
 3.984550e-09 6.006983e-09 2.429730e-14 9.991557e-09 wire6821
 3.499192e-09 6.489786e-09 2.429730e-14 9.989002e-09 max_cap5610
 3.878327e-09 6.110076e-09 2.429730e-14 9.988427e-09 max_cap5551
 3.579926e-09 6.405713e-09 2.429730e-14 9.985664e-09 max_cap10985
 4.679851e-09 5.303527e-09 2.429730e-14 9.983402e-09 max_cap8607
 4.668281e-09 5.314399e-09 2.429730e-14 9.982704e-09 wire5929
 2.874007e-09 7.107521e-09 6.866752e-14 9.981597e-09 wire9085
 3.248516e-09 6.732237e-09 2.429730e-14 9.980777e-09 max_cap10023
 4.729517e-09 5.248906e-09 2.429730e-14 9.978447e-09 wire5918
 2.965289e-09 7.010956e-09 2.429730e-14 9.976269e-09 max_cap10502
 3.578535e-09 6.396288e-09 2.429730e-14 9.974847e-09 max_cap3341
 1.732608e-09 8.241689e-09 2.429730e-14 9.974321e-09 wire6102
 5.039655e-09 4.933914e-09 2.429730e-14 9.973593e-09 max_cap1368
 2.872318e-09 7.096514e-09 2.429730e-14 9.968857e-09 max_cap10288
 3.083902e-09 6.870715e-09 2.429730e-14 9.954642e-09 max_cap10279
 3.815197e-09 6.138422e-09 2.429730e-14 9.953642e-09 max_cap8296
 4.632211e-09 5.320709e-09 2.429730e-14 9.952944e-09 wire6125
 3.527228e-09 6.425437e-09 2.429730e-14 9.952688e-09 wire9184
 4.513956e-09 5.437004e-09 2.429730e-14 9.950984e-09 wire6151
 3.910142e-09 6.040331e-09 2.429730e-14 9.950497e-09 max_cap6002
 2.147311e-09 7.802176e-09 6.782120e-14 9.949554e-09 wire9071
 5.203173e-09 4.746277e-09 2.429730e-14 9.949473e-09 max_cap1248
 2.833510e-09 7.115016e-09 6.870920e-14 9.948594e-09 wire9042
 4.279983e-09 5.666109e-09 2.429730e-14 9.946116e-09 wire8096
 4.492426e-09 5.452689e-09 2.429730e-14 9.945140e-09 max_cap1590
 2.518867e-09 7.425236e-09 2.429730e-14 9.944126e-09 max_cap6678
 4.528075e-09 5.413019e-09 2.429730e-14 9.941118e-09 max_cap8536
 4.909257e-09 5.031269e-09 2.429730e-14 9.940550e-09 max_cap3652
 3.619544e-09 6.319170e-09 2.429730e-14 9.938738e-09 max_cap8739
 3.218201e-09 6.719435e-09 2.429730e-14 9.937660e-09 wire7601
 2.399558e-09 7.534869e-09 2.429730e-14 9.934451e-09 wire7705
 4.611575e-09 5.314343e-09 2.429730e-14 9.925942e-09 wire6909
 6.195377e-09 3.729863e-09 2.429730e-14 9.925263e-09 wire240
 2.933111e-09 6.991929e-09 2.429730e-14 9.925064e-09 max_cap10485
 3.165078e-09 6.758940e-09 2.429730e-14 9.924041e-09 max_cap6482
 2.754437e-09 7.168064e-09 2.429730e-14 9.922526e-09 max_cap10466
 4.067309e-09 5.850787e-09 2.429730e-14 9.918121e-09 max_cap1666
 2.359730e-09 7.556408e-09 6.830471e-14 9.916207e-09 wire6315
 2.275511e-09 7.638723e-09 2.429730e-14 9.914259e-09 max_cap4499
 4.103144e-09 5.809654e-09 6.903747e-14 9.912867e-09 wire7182
 2.919888e-09 6.988292e-09 2.429730e-14 9.908204e-09 wire10781
 4.204145e-09 5.703411e-09 2.429730e-14 9.907580e-09 max_cap1235
 4.194813e-09 5.712220e-09 2.429730e-14 9.907057e-09 max_cap5595
 4.232788e-09 5.665857e-09 2.429730e-14 9.898669e-09 max_cap8490
 4.104039e-09 5.790465e-09 2.429730e-14 9.894528e-09 max_cap8244
 2.565639e-09 7.325644e-09 2.429730e-14 9.891306e-09 wire4091
 4.596699e-09 5.294081e-09 2.429730e-14 9.890804e-09 max_cap5861
 3.490214e-09 6.396088e-09 2.429730e-14 9.886326e-09 max_cap4949
 2.536741e-09 7.344743e-09 2.429730e-14 9.881508e-09 max_cap9338
 2.637972e-09 7.242010e-09 7.754604e-14 9.880059e-09 max_cap9129
 3.399862e-09 6.477804e-09 2.429730e-14 9.877691e-09 max_cap10296
 3.076808e-09 6.795734e-09 2.429730e-14 9.872566e-09 wire7100
 4.246388e-09 5.624263e-09 2.429730e-14 9.870674e-09 wire2157
 5.166380e-09 4.701781e-09 2.429730e-14 9.868185e-09 max_cap2275
 4.777727e-09 5.089250e-09 2.429730e-14 9.867001e-09 max_cap6394
 3.243455e-09 6.615849e-09 2.429730e-14 9.859328e-09 wire3476
 2.911738e-09 6.946103e-09 7.791260e-14 9.857919e-09 max_cap520
 4.172525e-09 5.684367e-09 2.429730e-14 9.856916e-09 max_cap5269
 3.273516e-09 6.580350e-09 2.429730e-14 9.853890e-09 max_cap8517
 4.661207e-09 5.191931e-09 2.429730e-14 9.853161e-09 wire5917
 3.248279e-09 6.600118e-09 2.429730e-14 9.848421e-09 max_cap10274
 3.655949e-09 6.192208e-09 2.429730e-14 9.848181e-09 max_cap966
 1.728212e-09 8.119836e-09 2.429730e-14 9.848073e-09 wire9075
 1.831813e-09 8.015848e-09 2.429730e-14 9.847685e-09 max_cap1107
 2.700277e-09 7.147217e-09 6.854149e-14 9.847562e-09 wire5949
 2.860590e-09 6.984819e-09 2.429730e-14 9.845434e-09 wire5235
 3.930743e-09 5.913510e-09 2.429730e-14 9.844277e-09 max_cap5679
 3.809701e-09 6.033813e-09 2.429730e-14 9.843538e-09 max_cap10019
 5.064634e-09 4.777092e-09 2.429730e-14 9.841750e-09 wire191
 1.836189e-09 8.003654e-09 2.429730e-14 9.839867e-09 wire7334
 4.627502e-09 5.211286e-09 2.429730e-14 9.838812e-09 wire6127
 2.822093e-09 7.015800e-09 6.839799e-14 9.837962e-09 wire6105
 3.650749e-09 6.183595e-09 2.429730e-14 9.834367e-09 max_cap10718
 2.926502e-09 6.905352e-09 6.813765e-14 9.831923e-09 max_cap9602
 5.105250e-09 4.725808e-09 2.429730e-14 9.831083e-09 wire2344
 3.013763e-09 6.813875e-09 2.429730e-14 9.827662e-09 max_cap5440
 2.994177e-09 6.824526e-09 2.429730e-14 9.818727e-09 max_cap10295
 4.927316e-09 4.887092e-09 2.429730e-14 9.814432e-09 max_cap3628
 4.775685e-09 5.036387e-09 2.429730e-14 9.812096e-09 wire841
 5.598583e-09 4.211308e-09 7.441880e-14 9.809966e-09 hold762
 2.231258e-09 7.577183e-09 2.429730e-14 9.808466e-09 wire2466
 5.193167e-09 4.614968e-09 2.429730e-14 9.808159e-09 max_cap1250
 2.518989e-09 7.286225e-09 2.429730e-14 9.805238e-09 max_cap3826
 3.167653e-09 6.633079e-09 2.429730e-14 9.800756e-09 max_cap7970
 3.318431e-09 6.480516e-09 2.429730e-14 9.798971e-09 max_cap8758
 3.010233e-09 6.784901e-09 2.429730e-14 9.795158e-09 wire11047
 2.232069e-09 7.554926e-09 2.429730e-14 9.787018e-09 wire7235
 5.060197e-09 4.716618e-09 7.549812e-14 9.776890e-09 wire11293
 3.366335e-09 6.409425e-09 2.429730e-14 9.775784e-09 max_cap10337
 4.295770e-09 5.479778e-09 2.429730e-14 9.775571e-09 wire6136
 4.360464e-09 5.414744e-09 2.429730e-14 9.775232e-09 max_cap8283
 4.148680e-09 5.622484e-09 6.896116e-14 9.771234e-09 wire7838
 2.847051e-09 6.917572e-09 2.429730e-14 9.764648e-09 wire2572
 3.950880e-09 5.812413e-09 2.429730e-14 9.763316e-09 max_cap10632
 4.661803e-09 5.100273e-09 2.429730e-14 9.762100e-09 wire7524
 4.231459e-09 5.528997e-09 2.429730e-14 9.760480e-09 max_cap8309
 2.563332e-09 7.193773e-09 2.429730e-14 9.757129e-09 wire3075
 3.532960e-09 6.222630e-09 2.429730e-14 9.755615e-09 max_cap9187
 4.150800e-09 5.604377e-09 2.429730e-14 9.755201e-09 max_cap1675
 4.306439e-09 5.443063e-09 2.429730e-14 9.749527e-09 wire8489
 3.679331e-09 6.066613e-09 2.429730e-14 9.745968e-09 max_cap10853
 3.067837e-09 6.675903e-09 2.429730e-14 9.743764e-09 max_cap10946
 5.289988e-09 4.453455e-09 2.429730e-14 9.743467e-09 wire2351
 1.744260e-09 7.998975e-09 2.429730e-14 9.743259e-09 wire6099
 5.555933e-09 4.185497e-09 7.453532e-14 9.741505e-09 hold863
 5.426772e-09 4.313989e-09 2.429730e-14 9.740785e-09 wire2719
 1.734325e-09 8.003648e-09 2.429730e-14 9.737996e-09 wire6108
 4.792197e-09 4.940256e-09 2.429730e-14 9.732477e-09 max_cap6654
 2.597806e-09 7.133999e-09 6.833985e-14 9.731874e-09 wire3776
 5.165033e-09 4.564593e-09 2.429730e-14 9.729649e-09 wire1007
 4.578675e-09 5.149294e-09 2.429730e-14 9.727994e-09 max_cap8712
 4.640414e-09 5.087481e-09 2.429730e-14 9.727919e-09 wire6128
 3.406395e-09 6.321155e-09 2.429730e-14 9.727574e-09 wire3162
 3.143367e-09 6.584004e-09 7.823666e-14 9.727448e-09 max_cap686
 4.483946e-09 5.241942e-09 2.429730e-14 9.725913e-09 wire8210
 3.148335e-09 6.571345e-09 2.429730e-14 9.719704e-09 max_cap10306
 4.454098e-09 5.265519e-09 2.429730e-14 9.719641e-09 max_cap1336
 3.473648e-09 6.245521e-09 2.429730e-14 9.719193e-09 wire9188
 1.745300e-09 7.970692e-09 2.429730e-14 9.716016e-09 max_cap11433
 5.881461e-09 3.832949e-09 2.429730e-14 9.714435e-09 max_cap1546
 3.252353e-09 6.449068e-09 2.429730e-14 9.701446e-09 max_cap10715
 2.914277e-09 6.786335e-09 6.851979e-14 9.700679e-09 wire7661
 5.292720e-09 4.405369e-09 2.429730e-14 9.698113e-09 wire2354
 4.683241e-09 5.013653e-09 2.429730e-14 9.696918e-09 max_cap3646
 3.360049e-09 6.335660e-09 2.429730e-14 9.695733e-09 max_cap10881
 2.803049e-09 6.889058e-09 2.429730e-14 9.692131e-09 max_cap4092
 2.805183e-09 6.883297e-09 6.839641e-14 9.688549e-09 wire6101
 4.471280e-09 5.210630e-09 2.429730e-14 9.681934e-09 wire999
 3.298897e-09 6.381517e-09 2.429730e-14 9.680437e-09 wire2072
 5.466272e-09 4.213165e-09 2.429730e-14 9.679462e-09 max_cap8787
 4.619997e-09 5.058010e-09 2.429730e-14 9.678031e-09 max_cap5814
 3.373010e-09 6.301997e-09 2.429730e-14 9.675031e-09 wire3829
 5.083391e-09 4.589220e-09 2.429730e-14 9.672635e-09 max_cap1372
 6.273472e-09 3.397291e-09 2.429730e-14 9.670787e-09 max_cap1645
 4.675171e-09 4.990811e-09 2.429730e-14 9.666006e-09 wire5927
 4.671862e-09 4.993305e-09 2.429730e-14 9.665190e-09 wire5930
 4.269911e-09 5.395152e-09 2.429730e-14 9.665087e-09 wire8184
 4.586682e-09 5.076714e-09 2.429730e-14 9.663419e-09 max_cap5652
 1.819604e-09 7.837706e-09 6.817173e-14 9.657378e-09 hold6189
 6.182228e-09 3.474283e-09 2.429730e-14 9.656534e-09 max_cap3611
 2.518729e-09 7.137223e-09 6.824423e-14 9.656020e-09 wire6438
 4.318762e-09 5.337188e-09 2.429730e-14 9.655975e-09 wire8553
 4.459208e-09 5.195758e-09 2.429730e-14 9.654991e-09 max_cap1687
 4.665098e-09 4.988640e-09 2.429730e-14 9.653762e-09 wire5925
 4.138164e-09 5.509564e-09 2.429730e-14 9.647753e-09 max_cap8239
 1.813913e-09 7.833679e-09 2.429730e-14 9.647616e-09 max_cap7540
 2.465283e-09 7.180334e-09 6.841103e-14 9.645685e-09 wire4842
 3.567727e-09 6.077040e-09 2.429730e-14 9.644791e-09 max_cap10543
 2.529457e-09 7.100788e-09 2.429730e-14 9.630269e-09 max_cap10449
 4.789031e-09 4.839282e-09 2.429730e-14 9.628336e-09 max_cap5793
 4.258331e-09 5.363662e-09 2.429730e-14 9.622017e-09 max_cap900
 4.293605e-09 5.327937e-09 2.429730e-14 9.621566e-09 max_cap901
 4.309022e-09 5.312139e-09 2.429730e-14 9.621185e-09 wire6947
 3.270918e-09 6.350099e-09 6.870124e-14 9.621084e-09 wire9274
 3.290731e-09 6.329891e-09 2.429730e-14 9.620646e-09 max_cap10783
 2.548351e-09 7.071892e-09 6.837665e-14 9.620312e-09 wire6246
 4.629881e-09 4.983299e-09 2.429730e-14 9.613204e-09 wire5923
 3.168455e-09 6.442147e-09 2.429730e-14 9.610626e-09 max_cap11092
 2.282047e-09 7.325298e-09 2.429730e-14 9.607370e-09 wire2021
 1.951695e-09 7.655581e-09 2.429730e-14 9.607300e-09 hold10867
 3.405353e-09 6.201669e-09 2.429730e-14 9.607046e-09 max_cap10409
 4.226909e-09 5.377267e-09 2.429730e-14 9.604200e-09 max_cap1919
 1.936443e-09 7.667561e-09 2.429730e-14 9.604027e-09 wire7324
 5.950069e-09 3.653351e-09 2.429730e-14 9.603444e-09 max_cap8750
 3.777326e-09 5.821347e-09 2.429730e-14 9.598698e-09 max_cap10137
 1.981795e-09 7.616228e-09 2.429730e-14 9.598046e-09 max_cap3306
 3.475301e-09 6.121510e-09 2.429730e-14 9.596835e-09 max_cap10921
 4.620043e-09 4.975469e-09 2.429730e-14 9.595537e-09 wire6126
 3.303084e-09 6.291435e-09 2.429730e-14 9.594544e-09 max_cap10153
 3.941266e-09 5.647546e-09 2.429730e-14 9.588837e-09 wire8242
 2.903516e-09 6.678551e-09 2.429730e-14 9.582091e-09 max_cap10486
 4.478747e-09 5.102514e-09 2.429730e-14 9.581285e-09 max_cap1530
 3.913450e-09 5.667424e-09 2.429730e-14 9.580898e-09 max_cap8023
 3.823655e-09 5.754002e-09 2.429730e-14 9.577682e-09 max_cap3626
 3.767861e-09 5.809407e-09 2.429730e-14 9.577293e-09 wire8775
 4.431603e-09 5.145312e-09 2.429730e-14 9.576939e-09 wire2266
 3.163860e-09 6.410643e-09 2.429730e-14 9.574527e-09 max_cap10178
 5.281738e-09 4.291969e-09 2.429730e-14 9.573731e-09 wire2350
 2.564525e-09 7.005457e-09 6.837536e-14 9.570051e-09 wire6245
 3.893811e-09 5.675114e-09 2.429730e-14 9.568949e-09 wire8866
 3.108891e-09 6.456909e-09 6.802133e-14 9.565868e-09 max_cap182
 3.083955e-09 6.480601e-09 2.429730e-14 9.564580e-09 max_cap5305
 3.471348e-09 6.091073e-09 2.429730e-14 9.562445e-09 max_cap5826
 3.329667e-09 6.221711e-09 2.429730e-14 9.551401e-09 wire3837
 3.593617e-09 5.953534e-09 2.429730e-14 9.547175e-09 max_cap10271
 3.255270e-09 6.291691e-09 2.429730e-14 9.546985e-09 max_cap1079
 4.364811e-09 5.179727e-09 2.429730e-14 9.544562e-09 max_cap5431
 5.201922e-09 4.337623e-09 2.429730e-14 9.539568e-09 wire2347
 3.213185e-09 6.323192e-09 7.839174e-14 9.536454e-09 max_cap312
 2.513681e-09 7.021863e-09 2.429730e-14 9.535568e-09 max_cap7299
 4.678720e-09 4.856211e-09 2.429730e-14 9.534955e-09 wire6138
 3.357567e-09 6.175690e-09 2.429730e-14 9.533282e-09 max_cap10335
 3.575616e-09 5.957518e-09 2.429730e-14 9.533158e-09 max_cap959
 5.229682e-09 4.299983e-09 2.429730e-14 9.529690e-09 wire2346
 2.729680e-09 6.799834e-09 2.429730e-14 9.529539e-09 wire10629
 5.047970e-09 4.481445e-09 2.429730e-14 9.529439e-09 max_cap5721
 5.161232e-09 4.368077e-09 2.429730e-14 9.529333e-09 max_cap3689
 2.568332e-09 6.960916e-09 2.429730e-14 9.529272e-09 wire9193
 4.685994e-09 4.842442e-09 2.429730e-14 9.528459e-09 max_cap3593
 2.589996e-09 6.937523e-09 2.429730e-14 9.527543e-09 max_cap8569
 3.174097e-09 6.346695e-09 2.429730e-14 9.520815e-09 max_cap4587
 5.285541e-09 4.234132e-09 2.429730e-14 9.519697e-09 wire2352
 2.348953e-09 7.163271e-09 2.429730e-14 9.512248e-09 wire7210
 5.281554e-09 4.230521e-09 2.429730e-14 9.512099e-09 wire2353
 6.328843e-09 3.180417e-09 2.429730e-14 9.509284e-09 max_cap1581
 4.972747e-09 4.536038e-09 2.429730e-14 9.508809e-09 max_cap3627
 4.659108e-09 4.848590e-09 2.429730e-14 9.507722e-09 wire5926
 4.075753e-09 5.427782e-09 2.429730e-14 9.503560e-09 max_cap3672
 1.622656e-09 7.876282e-09 2.429730e-14 9.498962e-09 wire6702
 5.172549e-09 4.319679e-09 2.429730e-14 9.492251e-09 max_cap1649
 3.781338e-09 5.710874e-09 2.429730e-14 9.492236e-09 max_cap10883
 2.687798e-09 6.800904e-09 6.830897e-14 9.488770e-09 wire6318
 4.392755e-09 5.094589e-09 2.429730e-14 9.487368e-09 max_cap10197
 5.709125e-09 3.777689e-09 2.429730e-14 9.486838e-09 max_cap3629
 2.548793e-09 6.936324e-09 6.824324e-14 9.485186e-09 wire6440
 3.554505e-09 5.929697e-09 2.429730e-14 9.484226e-09 wire6568
 3.835816e-09 5.647661e-09 2.429730e-14 9.483501e-09 wire8262
 3.750490e-09 5.732101e-09 2.429730e-14 9.482616e-09 max_cap10006
 2.367517e-09 7.111950e-09 2.429730e-14 9.479491e-09 max_cap2991
 5.172194e-09 4.301646e-09 2.429730e-14 9.473864e-09 max_cap1403
 3.609970e-09 5.863428e-09 2.429730e-14 9.473422e-09 wire9763
 3.835241e-09 5.632815e-09 2.429730e-14 9.468081e-09 max_cap8601
 3.644476e-09 5.822100e-09 2.429730e-14 9.466601e-09 max_cap8542
 3.208676e-09 6.257562e-09 2.429730e-14 9.466262e-09 wire9987
 2.488667e-09 6.974388e-09 6.787301e-14 9.463122e-09 wire7256
 4.677585e-09 4.783046e-09 2.429730e-14 9.460654e-09 max_cap7962
 2.493175e-09 6.967319e-09 2.429730e-14 9.460518e-09 max_cap7134
 4.685563e-09 4.771617e-09 2.429730e-14 9.457204e-09 max_cap5813
 3.801869e-09 5.655023e-09 2.429730e-14 9.456916e-09 wire314
 5.148863e-09 4.307119e-09 2.429730e-14 9.456006e-09 wire1008
 4.212158e-09 5.242192e-09 2.429730e-14 9.454374e-09 max_cap1466
 3.532377e-09 5.921577e-09 2.429730e-14 9.453977e-09 wire9186
 2.883292e-09 6.570513e-09 7.797232e-14 9.453883e-09 max_cap345
 2.151509e-09 7.300234e-09 2.429730e-14 9.451767e-09 max_cap6811
 2.972513e-09 6.474048e-09 2.429730e-14 9.446585e-09 wire4582
 1.748717e-09 7.696943e-09 2.429730e-14 9.445684e-09 wire9081
 2.060515e-09 7.384477e-09 2.429730e-14 9.445016e-09 wire6709
 4.934359e-09 4.507907e-09 7.300147e-14 9.442338e-09 max_cap10489
 4.300987e-09 5.141123e-09 7.015417e-14 9.442179e-09 max_cap9267
 4.406935e-09 5.033530e-09 2.429730e-14 9.440490e-09 max_cap8512
 1.631792e-09 7.807922e-09 2.429730e-14 9.439739e-09 wire9370
 3.414238e-09 6.019079e-09 2.429730e-14 9.433340e-09 max_cap8507
 4.591546e-09 4.839119e-09 6.811325e-14 9.430734e-09 wire2567
 3.338232e-09 6.091066e-09 2.429730e-14 9.429322e-09 max_cap10420
 3.270739e-09 6.149345e-09 2.429730e-14 9.420108e-09 max_cap10056
 4.390523e-09 5.020501e-09 2.429730e-14 9.411047e-09 max_cap3664
 5.992248e-09 3.416853e-09 7.419396e-14 9.409176e-09 hold155
 3.775256e-09 5.633003e-09 2.429730e-14 9.408282e-09 max_cap1232
 4.995514e-09 4.403564e-09 2.429730e-14 9.399102e-09 max_cap1345
 4.412758e-09 4.977008e-09 2.429730e-14 9.389790e-09 max_cap8319
 4.150423e-09 5.235301e-09 2.429730e-14 9.385748e-09 max_cap1930
 4.881708e-09 4.502092e-09 2.429730e-14 9.383824e-09 wire4565
 3.327839e-09 6.049921e-09 2.429730e-14 9.377783e-09 max_cap8078
 3.429796e-09 5.943251e-09 2.429730e-14 9.373071e-09 wire3831
 3.182618e-09 6.187863e-09 2.429730e-14 9.370505e-09 max_cap10278
 3.338871e-09 6.029267e-09 2.429730e-14 9.368162e-09 max_cap10035
 2.724499e-09 6.642526e-09 2.429730e-14 9.367048e-09 wire2822
 5.047454e-09 4.316457e-09 2.429730e-14 9.363935e-09 max_cap3717
 5.294345e-09 4.067413e-09 2.429730e-14 9.361782e-09 wire2355
 3.903780e-09 5.455477e-09 2.429730e-14 9.359280e-09 wire4004
 3.536339e-09 5.821288e-09 2.429730e-14 9.357652e-09 max_cap7641
 4.941685e-09 4.413784e-09 2.429730e-14 9.355493e-09 max_cap1227
 2.959303e-09 6.393520e-09 2.429730e-14 9.352847e-09 wire6687
 2.764219e-09 6.585237e-09 6.843560e-14 9.349525e-09 wire6987
 2.970060e-09 6.377340e-09 2.429730e-14 9.347424e-09 max_cap4583
 4.307925e-09 5.035491e-09 2.429730e-14 9.343439e-09 max_cap5699
 2.909656e-09 6.430248e-09 2.429730e-14 9.339928e-09 max_cap10034
 3.551418e-09 5.787409e-09 2.429730e-14 9.338851e-09 max_cap10241
 6.055987e-09 3.279338e-09 2.429730e-14 9.335349e-09 max_cap2264
 2.879011e-09 6.454591e-09 2.429730e-14 9.333625e-09 max_cap10107
 3.823124e-09 5.507093e-09 2.429730e-14 9.330241e-09 max_cap10423
 4.056229e-09 5.273362e-09 2.429730e-14 9.329615e-09 max_cap2636
 3.211396e-09 6.113759e-09 2.429730e-14 9.325179e-09 wire11407
 4.517011e-09 4.805731e-09 2.429730e-14 9.322767e-09 max_cap5711
 4.387728e-09 4.927768e-09 2.429730e-14 9.315520e-09 max_cap5849
 4.306689e-09 5.006947e-09 2.429730e-14 9.313660e-09 wire6137
 4.713195e-09 4.600213e-09 2.429730e-14 9.313432e-09 wire5931
 4.833074e-09 4.477656e-09 2.429730e-14 9.310754e-09 wire950
 3.877509e-09 5.431634e-09 2.429730e-14 9.309168e-09 max_cap8439
 2.226420e-09 7.078557e-09 2.429730e-14 9.305001e-09 wire6610
 1.841658e-09 7.461941e-09 2.429730e-14 9.303624e-09 max_cap7335
 4.639699e-09 4.663057e-09 2.429730e-14 9.302780e-09 max_cap1397
 1.931322e-09 7.366710e-09 2.429730e-14 9.298057e-09 wire4853
 3.530202e-09 5.765250e-09 2.429730e-14 9.295476e-09 max_cap10729
 4.172141e-09 5.122335e-09 2.429730e-14 9.294499e-09 max_cap5632
 2.448577e-09 6.844604e-09 6.842247e-14 9.293250e-09 wire6268
 4.378812e-09 4.913375e-09 2.429730e-14 9.292211e-09 max_cap1369
 5.548085e-09 3.743884e-09 2.429730e-14 9.291993e-09 max_cap3613
 5.798451e-09 3.492784e-09 2.429730e-14 9.291259e-09 wire2011
 3.300754e-09 5.987007e-09 2.429730e-14 9.287785e-09 max_cap3839
 1.732461e-09 7.552597e-09 2.429730e-14 9.285082e-09 max_cap11434
 4.064871e-09 5.215044e-09 2.429730e-14 9.279939e-09 wire8333
 2.470415e-09 6.803076e-09 2.429730e-14 9.273514e-09 wire3076
 2.231585e-09 7.039024e-09 2.429730e-14 9.270634e-09 wire9381
 2.413330e-09 6.855327e-09 2.429730e-14 9.268681e-09 max_cap4039
 3.909431e-09 5.356585e-09 2.429730e-14 9.266041e-09 max_cap3676
 5.854673e-09 3.410860e-09 2.429730e-14 9.265557e-09 max_cap1573
 4.609875e-09 4.654301e-09 2.429730e-14 9.264201e-09 wire6122
 2.990764e-09 6.272464e-09 2.429730e-14 9.263252e-09 max_cap1682
 3.877221e-09 5.382572e-09 2.429730e-14 9.259817e-09 wire317
 3.057527e-09 6.201809e-09 2.429730e-14 9.259360e-09 max_cap7101
 4.310825e-09 4.947061e-09 6.811159e-14 9.257954e-09 wire2565
 3.095348e-09 6.161263e-09 2.429730e-14 9.256635e-09 max_cap10120
 8.074375e-10 8.448507e-09 3.843871e-13 9.256329e-09 wire141
 2.276140e-09 6.979621e-09 6.806563e-14 9.255829e-09 wire6493
 2.501934e-09 6.753599e-09 2.429730e-14 9.255557e-09 wire10418
 4.999245e-09 4.252610e-09 2.429730e-14 9.251879e-09 max_cap1202
 3.949019e-09 5.300556e-09 2.429730e-14 9.249599e-09 hold3341
 3.898929e-09 5.341654e-09 2.429730e-14 9.240607e-09 max_cap2556
 2.237939e-09 7.000913e-09 2.429730e-14 9.238875e-09 wire2417
 3.693930e-09 5.544541e-09 2.429730e-14 9.238495e-09 max_cap10440
 3.182227e-09 6.055302e-09 2.429730e-14 9.237554e-09 wire1773
 4.649404e-09 4.585893e-09 2.429730e-14 9.235320e-09 wire5916
 3.509355e-09 5.725830e-09 2.429730e-14 9.235209e-09 max_cap10490
 5.232882e-09 4.002005e-09 2.429730e-14 9.234911e-09 max_cap2262
 3.368151e-09 5.865975e-09 2.429730e-14 9.234150e-09 max_cap10919
 4.355757e-09 4.877376e-09 2.429730e-14 9.233156e-09 max_cap1674
 2.230242e-09 6.998125e-09 2.429730e-14 9.228390e-09 max_cap6626
 5.036100e-09 4.191207e-09 2.429730e-14 9.227332e-09 wire192
 3.084163e-09 6.142918e-09 2.429730e-14 9.227105e-09 max_cap10226
 3.747679e-09 5.477037e-09 2.429730e-14 9.224740e-09 max_cap11155
 2.261885e-09 6.960815e-09 6.840589e-14 9.222768e-09 wire4834
 4.368153e-09 4.853723e-09 2.429730e-14 9.221899e-09 wire4913
 3.176597e-09 6.042854e-09 2.429730e-14 9.219475e-09 wire11219
 2.877979e-09 6.340795e-09 6.801907e-14 9.218843e-09 max_cap654
 4.250778e-09 4.966352e-09 2.429730e-14 9.217153e-09 max_cap5514
 3.294273e-09 5.919802e-09 2.429730e-14 9.214099e-09 max_cap10052
 3.622407e-09 5.590409e-09 2.429730e-14 9.212841e-09 wire2861
 2.903809e-09 6.298405e-09 6.868321e-14 9.202282e-09 wire8898
 4.055066e-09 5.144297e-09 2.429730e-14 9.199387e-09 wire8231
 4.947948e-09 4.250924e-09 2.429730e-14 9.198896e-09 max_cap1375
 4.143677e-09 5.050404e-09 2.429730e-14 9.194105e-09 max_cap8525
 3.442760e-09 5.747838e-09 2.429730e-14 9.190622e-09 max_cap7996
 3.852797e-09 5.337721e-09 2.429730e-14 9.190542e-09 max_cap1017
 2.928251e-09 6.262059e-09 6.798851e-14 9.190379e-09 wire7539
 1.774060e-09 7.415180e-09 2.429730e-14 9.189264e-09 max_cap2333
 4.632452e-09 4.552620e-09 2.429730e-14 9.185096e-09 wire6148
 5.317777e-09 3.863054e-09 7.480563e-14 9.180907e-09 wire11368
 5.202579e-09 3.975167e-09 2.429730e-14 9.177770e-09 max_cap1593
 5.671219e-09 3.505663e-09 2.429730e-14 9.176905e-09 max_cap3605
 3.582221e-09 5.593913e-09 6.752832e-14 9.176201e-09 max_cap461
 3.751935e-09 5.423536e-09 2.429730e-14 9.175495e-09 max_cap10057
 3.640327e-09 5.532858e-09 2.429730e-14 9.173209e-09 max_cap5661
 2.501130e-09 6.671072e-09 2.429730e-14 9.172227e-09 wire7657
 3.851129e-09 5.319437e-09 2.429730e-14 9.170591e-09 max_cap1018
 2.814201e-09 6.355869e-09 2.429730e-14 9.170093e-09 max_cap10979
 2.769571e-09 6.399220e-09 2.429730e-14 9.168816e-09 wire11250
 3.553475e-09 5.612801e-09 2.429730e-14 9.166300e-09 max_cap8615
 1.976941e-09 7.189101e-09 6.806356e-14 9.166111e-09 wire6497
 2.966555e-09 6.198056e-09 2.429730e-14 9.164635e-09 max_cap7737
 3.766135e-09 5.398258e-09 2.429730e-14 9.164418e-09 max_cap10902
 3.688228e-09 5.468330e-09 2.429730e-14 9.156581e-09 max_cap3577
 3.103207e-09 6.046631e-09 2.429730e-14 9.149861e-09 max_cap11391
 4.789139e-09 4.358454e-09 2.429730e-14 9.147618e-09 max_cap2260
 4.044209e-09 5.097253e-09 2.429730e-14 9.141485e-09 wire7095
 4.534169e-09 4.606651e-09 6.811426e-14 9.140888e-09 wire2568
 2.312829e-09 6.825438e-09 2.429730e-14 9.138290e-09 max_cap5120
 4.157075e-09 4.980217e-09 2.429730e-14 9.137316e-09 wire6134
 2.314707e-09 6.815376e-09 2.429730e-14 9.130107e-09 wire4368
 2.294897e-09 6.835034e-09 6.841283e-14 9.130000e-09 wire9671
 3.647018e-09 5.482519e-09 2.429730e-14 9.129561e-09 max_cap7989
 3.395512e-09 5.733057e-09 2.429730e-14 9.128593e-09 max_cap10211
 4.245841e-09 4.880114e-09 2.429730e-14 9.125978e-09 max_cap5576
 3.508201e-09 5.615315e-09 2.429730e-14 9.123540e-09 max_cap8779
 2.952757e-09 6.170064e-09 7.791535e-14 9.122900e-09 max_cap181
 2.657384e-09 6.464459e-09 7.220877e-14 9.121915e-09 max_cap10000
 4.812258e-09 4.309253e-09 2.429730e-14 9.121535e-09 max_cap10756
 3.752207e-09 5.369105e-09 2.429730e-14 9.121336e-09 wire8368
 3.132451e-09 5.986709e-09 2.429730e-14 9.119184e-09 wire5309
 4.848762e-09 4.269280e-09 2.429730e-14 9.118066e-09 max_cap5314
 3.531398e-09 5.585502e-09 2.429730e-14 9.116924e-09 wire9183
 4.552273e-09 4.558840e-09 2.429730e-14 9.111138e-09 max_cap1398
 2.159287e-09 6.951532e-09 2.429730e-14 9.110843e-09 max_cap714
 5.154027e-09 3.956397e-09 2.429730e-14 9.110447e-09 max_cap5612
 3.696057e-09 5.412907e-09 2.429730e-14 9.108987e-09 max_cap10526
 3.219057e-09 5.888800e-09 2.429730e-14 9.107881e-09 wire7873
 4.410080e-09 4.696449e-09 2.429730e-14 9.106553e-09 wire2929
 3.043020e-09 6.061567e-09 2.429730e-14 9.104611e-09 max_cap8382
 3.204378e-09 5.898138e-09 2.429730e-14 9.102540e-09 wire11094
 3.281712e-09 5.817308e-09 6.870261e-14 9.099089e-09 wire9275
 2.355016e-09 6.743622e-09 2.429730e-14 9.098661e-09 wire7218
 3.969591e-09 5.124700e-09 2.429730e-14 9.094316e-09 wire8653
 4.122124e-09 4.970373e-09 2.429730e-14 9.092521e-09 max_cap5557
 3.332360e-09 5.758545e-09 2.429730e-14 9.090929e-09 max_cap10899
 4.603021e-09 4.486382e-09 2.429730e-14 9.089427e-09 max_cap2662
 3.698657e-09 5.388591e-09 2.429730e-14 9.087272e-09 max_cap3578
 4.453278e-09 4.631555e-09 2.429730e-14 9.084856e-09 max_cap3603
 2.996246e-09 6.086607e-09 2.429730e-14 9.082878e-09 max_cap10009
 3.191129e-09 5.890485e-09 2.429730e-14 9.081639e-09 max_cap8112
 3.467811e-09 5.611848e-09 2.429730e-14 9.079683e-09 wire3099
 3.982181e-09 5.095997e-09 2.429730e-14 9.078202e-09 max_cap1680
 4.529809e-09 4.546957e-09 2.429730e-14 9.076789e-09 max_cap3722
 3.739696e-09 5.335962e-09 2.429730e-14 9.075682e-09 max_cap7591
 4.099365e-09 4.972978e-09 2.429730e-14 9.072368e-09 wire7089
 3.166919e-09 5.900822e-09 2.429730e-14 9.067764e-09 max_cap10117
 4.598841e-09 4.465349e-09 2.429730e-14 9.064214e-09 wire4151
 3.086490e-09 5.977279e-09 2.429730e-14 9.063793e-09 wire7930
 6.021554e-09 3.035743e-09 2.429730e-14 9.057322e-09 max_cap2627
 4.643236e-09 4.410822e-09 2.429730e-14 9.054083e-09 wire5928
 4.102747e-09 4.951284e-09 2.429730e-14 9.054054e-09 max_cap8412
 3.798317e-09 5.254273e-09 2.429730e-14 9.052614e-09 max_cap10603
 4.607463e-09 4.443768e-09 2.429730e-14 9.051255e-09 max_cap3657
 3.544153e-09 5.506879e-09 6.990009e-14 9.051102e-09 wire5505
 3.449722e-09 5.599333e-09 2.429730e-14 9.049079e-09 max_cap8107
 3.645945e-09 5.401166e-09 2.429730e-14 9.047135e-09 max_cap964
 4.550516e-09 4.495959e-09 2.429730e-14 9.046500e-09 max_cap5790
 4.853487e-09 4.190313e-09 2.429730e-14 9.043823e-09 max_cap1373
 4.424527e-09 4.618217e-09 2.429730e-14 9.042767e-09 wire1001
 1.977513e-09 7.064380e-09 2.429730e-14 9.041917e-09 max_cap7294
 4.102526e-09 4.936918e-09 2.429730e-14 9.039469e-09 max_cap5868
 4.134471e-09 4.904954e-09 2.429730e-14 9.039449e-09 wire2831
 4.028858e-09 5.009395e-09 7.284890e-14 9.038326e-09 max_cap10305
 5.204782e-09 3.828528e-09 2.429730e-14 9.033334e-09 max_cap1613
 4.126857e-09 4.904831e-09 2.429730e-14 9.031711e-09 wire2830
 5.184673e-09 3.845555e-09 2.429730e-14 9.030251e-09 max_cap1596
 2.987905e-09 6.041057e-09 2.429730e-14 9.028986e-09 max_cap2237
 4.041729e-09 4.984835e-09 2.429730e-14 9.026588e-09 wire8089
 3.654553e-09 5.371184e-09 2.429730e-14 9.025761e-09 max_cap10403
 6.311641e-09 2.713338e-09 2.429730e-14 9.025004e-09 wire1979
 3.375072e-09 5.649567e-09 2.429730e-14 9.024663e-09 wire3828
 4.548806e-09 4.475676e-09 2.429730e-14 9.024506e-09 wire1953
 3.968003e-09 5.053807e-09 2.429730e-14 9.021834e-09 max_cap8259
 4.618997e-09 4.402447e-09 2.429730e-14 9.021467e-09 max_cap5932
 4.333456e-09 4.687808e-09 2.429730e-14 9.021288e-09 max_cap982
 4.606579e-09 4.413825e-09 2.429730e-14 9.020428e-09 wire6124
 4.680645e-09 4.337631e-09 6.841072e-14 9.018344e-09 wire1770
 4.336967e-09 4.680850e-09 2.429730e-14 9.017842e-09 max_cap5538
 4.633073e-09 4.384139e-09 2.429730e-14 9.017236e-09 max_cap5710
 6.451606e-09 2.564000e-09 7.271833e-14 9.015679e-09 max_cap10541
 3.741510e-09 5.273499e-09 2.429730e-14 9.015033e-09 max_cap8271
 4.966543e-09 4.048075e-09 2.429730e-14 9.014641e-09 max_cap7821
 3.736704e-09 5.275500e-09 2.429730e-14 9.012228e-09 wire10572
 2.554920e-09 6.451524e-09 2.429730e-14 9.006468e-09 wire4087
 2.155228e-09 6.850294e-09 2.429730e-14 9.005547e-09 wire5507
 3.369257e-09 5.631922e-09 2.429730e-14 9.001204e-09 wire3838
 6.187252e-09 2.809950e-09 2.429730e-14 8.997225e-09 max_cap5792
 6.383411e-09 2.612295e-09 2.429730e-14 8.995729e-09 max_cap2639
 3.399990e-09 5.594524e-09 2.429730e-14 8.994538e-09 wire11369
 1.533295e-09 7.455982e-09 2.429730e-14 8.989301e-09 wire6439
 3.210700e-09 5.775062e-09 2.429730e-14 8.985786e-09 max_cap11365
 2.491152e-09 6.492978e-09 2.429730e-14 8.984153e-09 max_cap6973
 4.681840e-09 4.301889e-09 2.429730e-14 8.983753e-09 max_cap2656
 4.567581e-09 4.414678e-09 2.429730e-14 8.982282e-09 wire6129
 5.355325e-09 3.623842e-09 2.429730e-14 8.979192e-09 max_cap1210
 3.030029e-09 5.948829e-09 7.797575e-14 8.978937e-09 max_cap281
 4.016926e-09 4.958477e-09 2.429730e-14 8.975428e-09 max_cap3714
 2.573966e-09 6.401049e-09 2.429730e-14 8.975038e-09 wire7839
 3.430202e-09 5.543651e-09 2.429730e-14 8.973878e-09 max_cap10345
 4.180121e-09 4.788664e-09 2.429730e-14 8.968809e-09 wire6140
 2.806112e-09 6.161692e-09 2.429730e-14 8.967828e-09 max_cap5303
 5.100453e-09 3.866890e-09 2.429730e-14 8.967368e-09 max_cap1493
 5.661065e-09 3.304674e-09 2.429730e-14 8.965764e-09 max_cap3569
 3.441665e-09 5.523649e-09 2.429730e-14 8.965338e-09 max_cap5994
 4.107722e-09 4.854373e-09 2.429730e-14 8.962119e-09 max_cap8219
 3.405429e-09 5.552774e-09 2.429730e-14 8.958227e-09 max_cap10194
 3.250096e-09 5.707510e-09 2.429730e-14 8.957630e-09 max_cap7604
 4.101944e-09 4.854390e-09 6.876116e-14 8.956402e-09 wire7656
 2.837359e-09 6.118615e-09 2.429730e-14 8.955998e-09 wire8805
 4.626958e-09 4.326917e-09 2.429730e-14 8.953900e-09 max_cap8066
 4.686280e-09 4.267298e-09 2.429730e-14 8.953601e-09 wire5919
 5.244343e-09 3.707351e-09 2.429730e-14 8.951718e-09 max_cap3619
 3.734243e-09 5.214406e-09 2.429730e-14 8.948673e-09 max_cap934
 4.209911e-09 4.737975e-09 2.429730e-14 8.947910e-09 wire2524
 5.744509e-09 3.201781e-09 2.429730e-14 8.946314e-09 max_cap2441
 5.767128e-09 3.177859e-09 2.429730e-14 8.945011e-09 max_cap3691
 5.764278e-09 3.180230e-09 2.429730e-14 8.944532e-09 max_cap2634
 5.627231e-09 3.315765e-09 2.429730e-14 8.943020e-09 wire2012
 3.951868e-09 4.988971e-09 2.429730e-14 8.940863e-09 max_cap8376
 2.897846e-09 6.039419e-09 7.797999e-14 8.937342e-09 max_cap215
 2.817311e-09 6.119037e-09 2.429730e-14 8.936373e-09 max_cap10007
 4.991681e-09 3.944259e-09 2.429730e-14 8.935964e-09 wire6524
 4.504692e-09 4.427835e-09 2.429730e-14 8.932552e-09 max_cap5921
 3.872157e-09 5.057792e-09 2.429730e-14 8.929974e-09 max_cap8145
 2.929898e-09 5.995923e-09 2.429730e-14 8.925846e-09 wire7730
 4.090278e-09 4.834238e-09 2.429730e-14 8.924540e-09 max_cap9215
 3.380438e-09 5.542053e-09 2.429730e-14 8.922515e-09 wire8438
 4.359676e-09 4.562481e-09 2.429730e-14 8.922181e-09 max_cap1470
 3.110838e-09 5.807576e-09 2.429730e-14 8.918438e-09 wire4191
 5.815832e-09 3.102137e-09 2.429730e-14 8.917993e-09 max_cap1635
 5.524136e-09 3.389394e-09 2.429730e-14 8.913553e-09 max_cap1567
 2.915544e-09 5.997784e-09 2.429730e-14 8.913353e-09 max_cap7731
 4.173867e-09 4.735088e-09 2.429730e-14 8.908979e-09 max_cap8357
 4.382051e-09 4.522596e-09 2.429730e-14 8.904671e-09 max_cap5837
 4.044181e-09 4.858911e-09 2.429730e-14 8.903116e-09 max_cap1193
 2.903789e-09 5.999199e-09 2.429730e-14 8.903012e-09 max_cap8511
 3.796137e-09 5.106708e-09 2.429730e-14 8.902869e-09 max_cap10669
 2.644232e-09 6.256134e-09 2.429730e-14 8.900390e-09 wire8440
 1.800641e-09 7.090750e-09 2.429730e-14 8.891416e-09 wire562
 4.597553e-09 4.293236e-09 2.429730e-14 8.890813e-09 wire6149
 3.981781e-09 4.906851e-09 2.429730e-14 8.888656e-09 wire6132
 3.609584e-09 5.279040e-09 2.429730e-14 8.888648e-09 max_cap1234
 3.928105e-09 4.960338e-09 2.429730e-14 8.888468e-09 wire7086
 4.178224e-09 4.708889e-09 2.429730e-14 8.887137e-09 max_cap1554
 4.231747e-09 4.654884e-09 2.429730e-14 8.886656e-09 max_cap8649
 5.339868e-09 3.536667e-09 2.429730e-14 8.876558e-09 max_cap3615
 3.531963e-09 5.344323e-09 2.429730e-14 8.876309e-09 max_cap7369
 3.405716e-09 5.469408e-09 2.429730e-14 8.875149e-09 max_cap10193
 4.843577e-09 4.030910e-09 2.429730e-14 8.874511e-09 max_cap833
 2.682591e-09 6.189844e-09 2.429730e-14 8.872459e-09 wire4791
 3.539898e-09 5.331338e-09 2.429730e-14 8.871260e-09 max_cap8226
 5.186605e-09 3.680878e-09 2.429730e-14 8.867507e-09 wire2356
 4.685112e-09 4.179058e-09 2.429730e-14 8.864194e-09 wire840
 2.256468e-09 6.607425e-09 2.429730e-14 8.863917e-09 wire6710
 3.969673e-09 4.893587e-09 2.429730e-14 8.863284e-09 max_cap8654
 2.948870e-09 5.912312e-09 2.429730e-14 8.861206e-09 wire2455
 3.887207e-09 4.972617e-09 2.429730e-14 8.859848e-09 max_cap8126
 4.554748e-09 4.304315e-09 2.429730e-14 8.859087e-09 max_cap6913
 1.838842e-09 7.019565e-09 2.429730e-14 8.858431e-09 wire6249
 5.567732e-09 3.286940e-09 7.504407e-14 8.854746e-09 hold2600
 6.037564e-09 2.817076e-09 2.429730e-14 8.854664e-09 max_cap3704
 3.677425e-09 5.176548e-09 2.429730e-14 8.853997e-09 max_cap10980
 3.570250e-09 5.280915e-09 2.429730e-14 8.851189e-09 max_cap5670
 2.808693e-09 6.040229e-09 6.839733e-14 8.848990e-09 wire6098
 4.271830e-09 4.576616e-09 2.429730e-14 8.848470e-09 max_cap1676
 3.452475e-09 5.393033e-09 2.429730e-14 8.845531e-09 max_cap8363
 3.532022e-09 5.310735e-09 2.429730e-14 8.842782e-09 max_cap5560
 4.183322e-09 4.659408e-09 2.429730e-14 8.842753e-09 max_cap5585
 5.233712e-09 3.608410e-09 2.429730e-14 8.842146e-09 max_cap5578
 3.570036e-09 5.267063e-09 2.429730e-14 8.837122e-09 max_cap8006
 3.053374e-09 5.782903e-09 2.429730e-14 8.836301e-09 max_cap10308
 4.000371e-09 4.835897e-09 2.429730e-14 8.836293e-09 wire6133
 3.357698e-09 5.475613e-09 2.429730e-14 8.833335e-09 wire11309
 4.309013e-09 4.522027e-09 2.429730e-14 8.831063e-09 max_cap8084
 4.800789e-09 4.028196e-09 2.429730e-14 8.829010e-09 max_cap5850
 5.350377e-09 3.475079e-09 2.429730e-14 8.825480e-09 max_cap1565
 4.164564e-09 4.659936e-09 2.429730e-14 8.824524e-09 max_cap7412
 5.479979e-09 3.340951e-09 2.429730e-14 8.820954e-09 wire8584
 2.921067e-09 5.898551e-09 6.801613e-14 8.819686e-09 max_cap289
 3.750486e-09 5.066355e-09 2.429730e-14 8.816865e-09 max_cap10005
 4.491664e-09 4.323122e-09 2.429730e-14 8.814810e-09 wire7197
 2.948404e-09 5.863450e-09 2.429730e-14 8.811877e-09 max_cap10968
 2.874218e-09 5.936672e-09 2.429730e-14 8.810915e-09 max_cap7934
 3.847679e-09 4.962776e-09 2.429730e-14 8.810479e-09 max_cap5740
 4.282356e-09 4.526096e-09 2.429730e-14 8.808477e-09 wire8660
 2.362573e-09 6.442512e-09 2.429730e-14 8.805110e-09 max_cap7216
 1.527567e-09 7.276066e-09 7.308241e-14 8.803706e-09 max_cap11901
 4.992192e-09 3.806083e-09 2.429730e-14 8.798299e-09 wire1200
 3.453058e-09 5.342173e-09 2.429730e-14 8.795255e-09 max_cap7959
 6.991315e-09 1.802184e-09 1.269331e-13 8.793625e-09 fanout12251
 4.138075e-09 4.651240e-09 2.429730e-14 8.789339e-09 wire2833
 3.427584e-09 5.361241e-09 2.429730e-14 8.788849e-09 max_cap3622
 3.897389e-09 4.890234e-09 2.429730e-14 8.787647e-09 max_cap10801
 4.944657e-09 3.841087e-09 2.429730e-14 8.785768e-09 max_cap5827
 4.341814e-09 4.440964e-09 2.429730e-14 8.782801e-09 max_cap3707
 4.711710e-09 4.066186e-09 2.429730e-14 8.777920e-09 max_cap5758
 2.378707e-09 6.397622e-09 6.830063e-14 8.776397e-09 wire6312
 5.673854e-09 3.101515e-09 2.429730e-14 8.775393e-09 max_cap1364
 4.639341e-09 4.136016e-09 2.429730e-14 8.775381e-09 max_cap7526
 1.888272e-09 6.883606e-09 2.429730e-14 8.771901e-09 max_cap9458
 3.320497e-09 5.450508e-09 2.429730e-14 8.771029e-09 wire3836
 3.951017e-09 4.819194e-09 2.429730e-14 8.770235e-09 wire10803
 3.724603e-09 5.041149e-09 2.429730e-14 8.765776e-09 max_cap10069
 3.531496e-09 5.234098e-09 2.429730e-14 8.765618e-09 max_cap10246
 3.992080e-09 4.769185e-09 2.429730e-14 8.761289e-09 max_cap10937
 3.461409e-09 5.298493e-09 2.429730e-14 8.759926e-09 max_cap8468
 4.456396e-09 4.303217e-09 2.429730e-14 8.759637e-09 wire6653
 5.241099e-09 3.517165e-09 2.429730e-14 8.758288e-09 wire599
 4.319921e-09 4.433536e-09 2.429730e-14 8.753481e-09 max_cap8721
 2.987425e-09 5.765701e-09 2.429730e-14 8.753150e-09 max_cap10798
 2.519885e-09 6.230679e-09 2.429730e-14 8.750588e-09 max_cap5977
 4.727928e-09 4.021179e-09 7.566885e-14 8.749183e-09 wire11046
 4.615756e-09 4.131276e-09 2.429730e-14 8.747056e-09 wire6121
 3.059248e-09 5.681995e-09 2.429730e-14 8.741266e-09 max_cap8801
 4.617860e-09 4.123203e-09 2.429730e-14 8.741087e-09 wire6147
 4.398175e-09 4.342295e-09 2.429730e-14 8.740495e-09 max_cap858
 3.142768e-09 5.596244e-09 2.429730e-14 8.739035e-09 wire9355
 4.540629e-09 4.198235e-09 2.429730e-14 8.738888e-09 wire3766
 5.126451e-09 3.605914e-09 2.429730e-14 8.732389e-09 wire1006
 2.195655e-09 6.536421e-09 6.806916e-14 8.732144e-09 max_cap6500
 2.565491e-09 6.160602e-09 2.429730e-14 8.726118e-09 max_cap7477
 3.800427e-09 4.924983e-09 2.429730e-14 8.725434e-09 max_cap315
 2.957608e-09 5.764369e-09 2.429730e-14 8.722001e-09 max_cap10157
 5.669439e-09 3.051373e-09 2.429730e-14 8.720836e-09 max_cap1591
 2.704086e-09 6.011232e-09 6.853688e-14 8.715387e-09 wire5945
 4.128511e-09 4.575532e-09 2.429730e-14 8.704068e-09 wire2832
 3.337083e-09 5.365199e-09 2.429730e-14 8.702306e-09 max_cap10053
 3.414002e-09 5.288196e-09 2.429730e-14 8.702222e-09 max_cap5427
 2.866496e-09 5.833801e-09 2.429730e-14 8.700321e-09 max_cap5525
 5.117630e-09 3.582469e-09 2.429730e-14 8.700123e-09 max_cap3579
 2.863487e-09 5.835995e-09 2.429730e-14 8.699506e-09 wire4125
 2.748330e-09 5.950282e-09 2.429730e-14 8.698636e-09 wire2566
 3.446297e-09 5.248489e-09 2.429730e-14 8.694809e-09 max_cap5851
 1.760797e-09 6.931284e-09 2.429730e-14 8.692105e-09 max_cap712
 3.696108e-09 4.994761e-09 2.429730e-14 8.690893e-09 max_cap8772
 2.307824e-09 6.380500e-09 6.840561e-14 8.688393e-09 wire9665
 2.297164e-09 6.389917e-09 2.429730e-14 8.687104e-09 wire5123
 2.207938e-09 6.476372e-09 2.429730e-14 8.684334e-09 max_cap6019
 3.086505e-09 5.597660e-09 6.806076e-14 8.684234e-09 max_cap2277
 4.629411e-09 4.054529e-09 2.429730e-14 8.683964e-09 wire2761
 4.578589e-09 4.103355e-09 2.429730e-14 8.681968e-09 max_cap3961
 5.487756e-09 3.192006e-09 2.429730e-14 8.679787e-09 max_cap848
 3.387430e-09 5.290648e-09 2.429730e-14 8.678103e-09 wire7677
 2.395976e-09 6.278555e-09 2.429730e-14 8.674554e-09 wire6605
 4.059599e-09 4.612946e-09 2.429730e-14 8.672569e-09 wire5428
 4.036343e-09 4.633693e-09 2.429730e-14 8.670059e-09 max_cap5818
 5.321340e-09 3.347744e-09 2.429730e-14 8.669107e-09 wire598
 4.242169e-09 4.426267e-09 2.429730e-14 8.668460e-09 max_cap1430
 4.071336e-09 4.595823e-09 2.429730e-14 8.667183e-09 wire2728
 2.028038e-09 6.638577e-09 2.429730e-14 8.666640e-09 wire7291
 2.937691e-09 5.728564e-09 2.429730e-14 8.666279e-09 wire8745
 3.836225e-09 4.829547e-09 2.429730e-14 8.665795e-09 max_cap8331
 3.510258e-09 5.154968e-09 2.429730e-14 8.665250e-09 max_cap10342
 2.785896e-09 5.879027e-09 2.429730e-14 8.664946e-09 max_cap7352
 4.017697e-09 4.647151e-09 2.429730e-14 8.664872e-09 max_cap7483
 3.051990e-09 5.607076e-09 2.429730e-14 8.659090e-09 max_cap10595
 2.165299e-09 6.491927e-09 2.429730e-14 8.657250e-09 wire6607
 5.022908e-09 3.627768e-09 2.429730e-14 8.650701e-09 wire864
 3.559236e-09 5.086433e-09 2.429730e-14 8.645692e-09 max_cap10002
 2.425268e-09 6.219967e-09 2.429730e-14 8.645259e-09 max_cap779
 3.242617e-09 5.401916e-09 2.429730e-14 8.644557e-09 max_cap11048
 3.651988e-09 4.991120e-09 2.429730e-14 8.643132e-09 max_cap10753
 3.885590e-09 4.753899e-09 2.429730e-14 8.639513e-09 max_cap1212
 3.483425e-09 5.154196e-09 2.429730e-14 8.637645e-09 max_cap10830
 4.553199e-09 4.083619e-09 2.429730e-14 8.636841e-09 max_cap5751
 4.013123e-09 4.622565e-09 2.429730e-14 8.635712e-09 wire8535
 5.060805e-09 3.574356e-09 2.429730e-14 8.635186e-09 max_cap5817
 2.714756e-09 5.919849e-09 2.429730e-14 8.634629e-09 wire4793
 4.440814e-09 4.192177e-09 2.429730e-14 8.633015e-09 max_cap5807
 3.776080e-09 4.856352e-09 2.429730e-14 8.632456e-09 max_cap6777
 3.399467e-09 5.231703e-09 2.429730e-14 8.631194e-09 wire7675
 4.107252e-09 4.518383e-09 2.429730e-14 8.625659e-09 max_cap5834
 2.687937e-09 5.933664e-09 6.813843e-14 8.621670e-09 wire9368
 4.267908e-09 4.353127e-09 2.429730e-14 8.621059e-09 wire4915
 5.516497e-09 3.103120e-09 2.429730e-14 8.619641e-09 max_cap1190
 5.353503e-09 3.265938e-09 2.429730e-14 8.619465e-09 max_cap1356
 3.449708e-09 5.168836e-09 2.429730e-14 8.618568e-09 max_cap8030
 3.690527e-09 4.925420e-09 2.429730e-14 8.615971e-09 max_cap10953
 4.309176e-09 4.306356e-09 2.429730e-14 8.615555e-09 wire2511
 4.609655e-09 4.003998e-09 2.429730e-14 8.613678e-09 max_cap5766
 4.641431e-09 3.971472e-09 2.429730e-14 8.612926e-09 max_cap7529
 4.821213e-09 3.790660e-09 7.482001e-14 8.611947e-09 hold1500
 4.226232e-09 4.385655e-09 2.429730e-14 8.611911e-09 max_cap8700
 4.400299e-09 4.210771e-09 2.429730e-14 8.611095e-09 max_cap977
 2.399998e-09 6.209896e-09 6.830231e-14 8.609963e-09 wire6314
 1.976892e-09 6.632383e-09 6.752357e-14 8.609342e-09 max_cap1061
 3.916707e-09 4.691123e-09 2.429730e-14 8.607854e-09 wire8458
 3.580522e-09 5.023360e-09 2.429730e-14 8.603906e-09 max_cap9977
 4.580860e-09 4.020979e-09 2.429730e-14 8.601863e-09 max_cap1002
 3.054688e-09 5.545879e-09 2.429730e-14 8.600591e-09 wire7098
 4.241657e-09 4.358007e-09 2.429730e-14 8.599688e-09 max_cap5760
 4.753636e-09 3.845964e-09 2.429730e-14 8.599623e-09 max_cap843
 5.243253e-09 3.355993e-09 2.429730e-14 8.599270e-09 max_cap3687
 2.571565e-09 6.027504e-09 2.429730e-14 8.599094e-09 wire11313
 4.572771e-09 4.025177e-09 2.429730e-14 8.597972e-09 wire3824
 3.173400e-09 5.423781e-09 2.429730e-14 8.597205e-09 max_cap7606
 2.452343e-09 6.140195e-09 2.429730e-14 8.592562e-09 wire7708
 3.669806e-09 4.918873e-09 2.429730e-14 8.588703e-09 max_cap1632
 3.426040e-09 5.160650e-09 2.429730e-14 8.586714e-09 wire11376
 3.071607e-09 5.513434e-09 2.429730e-14 8.585065e-09 wire6480
 3.009543e-09 5.572915e-09 2.429730e-14 8.582481e-09 max_cap7562
 4.677559e-09 3.902868e-09 2.429730e-14 8.580451e-09 max_cap1285
 3.851239e-09 4.726846e-09 2.429730e-14 8.578110e-09 max_cap5843
 5.324894e-09 3.245817e-09 2.429730e-14 8.570735e-09 max_cap3585
 3.033283e-09 5.533662e-09 2.429730e-14 8.566969e-09 max_cap8069
 3.183623e-09 5.383030e-09 2.429730e-14 8.566677e-09 max_cap11266
 2.646037e-09 5.914238e-09 2.429730e-14 8.560299e-09 max_cap10188
 4.828914e-09 3.730841e-09 7.571341e-14 8.559829e-09 hold4705
 5.442957e-09 3.115638e-09 2.429730e-14 8.558619e-09 max_cap1575
 4.090146e-09 4.451962e-09 2.429730e-14 8.542132e-09 max_cap7091
 2.183362e-09 6.357677e-09 2.429730e-14 8.541063e-09 wire9383
 4.316861e-09 4.217960e-09 2.429730e-14 8.534845e-09 max_cap5774
 4.253129e-09 4.274127e-09 2.429730e-14 8.527281e-09 max_cap5845
 2.798848e-09 5.727758e-09 2.429730e-14 8.526630e-09 max_cap10086
 2.789700e-09 5.731151e-09 2.429730e-14 8.520876e-09 max_cap10158
 4.415038e-09 4.105609e-09 2.429730e-14 8.520671e-09 wire3974
 4.269482e-09 4.250874e-09 2.429730e-14 8.520380e-09 max_cap946
 1.917125e-09 6.600752e-09 2.429730e-14 8.517901e-09 max_cap6309
 3.885282e-09 4.629783e-09 2.429730e-14 8.515090e-09 max_cap1214
 4.874180e-09 3.639025e-09 2.429730e-14 8.513228e-09 max_cap6594
 2.743044e-09 5.768076e-09 2.429730e-14 8.511145e-09 max_cap10748
 2.038679e-09 6.468220e-09 2.429730e-14 8.506923e-09 wire9277
 4.340176e-09 4.166454e-09 2.429730e-14 8.506654e-09 max_cap3693
 2.887806e-09 5.616707e-09 2.429730e-14 8.504538e-09 max_cap10033
 3.265799e-09 5.238161e-09 2.429730e-14 8.503984e-09 max_cap10273
 4.887574e-09 3.610222e-09 2.429730e-14 8.497820e-09 max_cap3651
 2.663787e-09 5.829519e-09 2.429730e-14 8.493330e-09 wire7511
 4.089032e-09 4.402961e-09 2.429730e-14 8.492017e-09 max_cap7926
 3.818366e-09 4.673104e-09 2.429730e-14 8.491493e-09 max_cap7944
 4.504424e-09 3.987027e-09 2.429730e-14 8.491475e-09 max_cap1412
 3.057517e-09 5.432709e-09 2.429730e-14 8.490251e-09 wire7096
 2.454553e-09 6.033427e-09 6.838920e-14 8.488048e-09 wire9133
 4.158206e-09 4.328468e-09 2.429730e-14 8.486698e-09 max_cap8189
 2.793795e-09 5.691509e-09 2.429730e-14 8.485327e-09 max_cap5298
 3.566204e-09 4.916620e-09 2.429730e-14 8.482849e-09 max_cap9798
 2.867084e-09 5.610544e-09 6.797385e-14 8.477696e-09 wire9969
 1.636409e-09 6.837696e-09 2.429730e-14 8.474129e-09 wire6697
 2.057901e-09 6.413932e-09 2.429730e-14 8.471856e-09 hold7356
 3.664910e-09 4.806795e-09 2.429730e-14 8.471729e-09 wire8177
 3.469921e-09 4.994495e-09 2.429730e-14 8.464441e-09 max_cap10737
 5.374145e-09 3.089712e-09 2.429730e-14 8.463881e-09 max_cap3588
 3.832058e-09 4.631533e-09 2.429730e-14 8.463616e-09 max_cap1207
 2.772399e-09 5.687276e-09 2.429730e-14 8.459699e-09 max_cap10425
 3.716617e-09 4.742598e-09 2.429730e-14 8.459239e-09 max_cap10231
 3.398776e-09 5.060117e-09 2.429730e-14 8.458917e-09 max_cap10111
 3.528853e-09 4.929527e-09 2.429730e-14 8.458405e-09 wire11247
 4.060969e-09 4.396459e-09 2.429730e-14 8.457453e-09 max_cap1387
 3.179639e-09 5.276696e-09 2.429730e-14 8.456360e-09 max_cap8161
 2.802665e-09 5.653155e-09 2.429730e-14 8.455845e-09 wire5304
 2.131600e-09 6.323751e-09 2.429730e-14 8.455375e-09 wire9362
 4.241452e-09 4.210590e-09 2.429730e-14 8.452067e-09 max_cap1420
 3.246856e-09 5.203238e-09 2.429730e-14 8.450118e-09 wire10022
 3.550088e-09 4.896033e-09 2.429730e-14 8.446145e-09 max_cap7957
 3.967667e-09 4.476588e-09 2.429730e-14 8.444278e-09 wire6131
 3.590351e-09 4.847315e-09 2.429730e-14 8.437689e-09 max_cap8394
 3.340704e-09 5.096234e-09 2.429730e-14 8.436961e-09 max_cap8680
 3.281927e-09 5.154547e-09 2.429730e-14 8.436499e-09 max_cap5582
 3.141859e-09 5.292724e-09 2.429730e-14 8.434607e-09 max_cap8482
 3.289763e-09 5.144365e-09 2.429730e-14 8.434153e-09 max_cap10407
 2.982685e-09 5.451058e-09 2.429730e-14 8.433767e-09 wire6814
 3.801580e-09 4.627145e-09 2.429730e-14 8.428750e-09 max_cap6776
 2.327613e-09 6.100801e-09 2.429730e-14 8.428438e-09 wire6711
 3.115240e-09 5.313072e-09 2.429730e-14 8.428336e-09 max_cap10904
 4.338017e-09 4.087890e-09 2.429730e-14 8.425931e-09 max_cap996
 1.439289e-09 6.986093e-09 2.429730e-14 8.425406e-09 wire6243
 4.416778e-09 4.008573e-09 2.429730e-14 8.425375e-09 max_cap1475
 3.950944e-09 4.464254e-09 2.429730e-14 8.415221e-09 max_cap5528
 4.391878e-09 4.021333e-09 2.429730e-14 8.413235e-09 max_cap2766
 2.800252e-09 5.612892e-09 2.429730e-14 8.413168e-09 max_cap9984
 5.829292e-09 2.583817e-09 2.429730e-14 8.413132e-09 max_cap5794
 3.828923e-09 4.582061e-09 2.429730e-14 8.411008e-09 max_cap313
 2.069271e-09 6.340827e-09 7.272998e-14 8.410170e-09 wire11884
 2.297081e-09 6.112859e-09 6.841283e-14 8.410008e-09 max_cap9672
 3.245846e-09 5.164075e-09 2.429730e-14 8.409946e-09 wire7605
 3.325981e-09 5.083699e-09 6.864164e-14 8.409748e-09 wire6708
 2.856675e-09 5.551779e-09 6.989805e-14 8.408525e-09 max_cap5503
 4.507928e-09 3.899094e-09 2.429730e-14 8.407047e-09 max_cap10871
 4.117089e-09 4.288401e-09 2.429730e-14 8.405514e-09 wire2829
 3.380556e-09 5.024068e-09 2.429730e-14 8.404649e-09 wire7671
 3.801544e-09 4.602512e-09 2.429730e-14 8.404079e-09 wire319
 3.328162e-09 5.071667e-09 2.429730e-14 8.399852e-09 max_cap10392
 3.761179e-09 4.636650e-09 2.429730e-14 8.397853e-09 max_cap5836
 3.011229e-09 5.384908e-09 2.429730e-14 8.396161e-09 wire5306
 3.195618e-09 5.199869e-09 2.429730e-14 8.395511e-09 wire5426
 3.787475e-09 4.605247e-09 2.429730e-14 8.392745e-09 wire8445
 1.945369e-09 6.444314e-09 2.429730e-14 8.389708e-09 max_cap9014
 2.719143e-09 5.669421e-09 2.429730e-14 8.388588e-09 max_cap2181
 3.313557e-09 5.073010e-09 2.429730e-14 8.386592e-09 max_cap10821
 3.412568e-09 4.965094e-09 2.429730e-14 8.377686e-09 wire8410
 5.135196e-09 3.241178e-09 2.429730e-14 8.376398e-09 max_cap1367
 4.013843e-09 4.359420e-09 2.429730e-14 8.373287e-09 max_cap8220
 4.760005e-09 3.612759e-09 1.618490e-13 8.372925e-09 fanout9898
 3.980919e-09 4.390579e-09 2.429730e-14 8.371522e-09 max_cap8232
 3.596497e-09 4.773950e-09 2.429730e-14 8.370471e-09 max_cap10401
 4.490736e-09 3.876218e-09 2.429730e-14 8.366979e-09 max_cap976
 3.735806e-09 4.629604e-09 2.429730e-14 8.365434e-09 max_cap8432
 1.975075e-09 6.388815e-09 2.429730e-14 8.363913e-09 wire2771
 4.189109e-09 4.173359e-09 2.429730e-14 8.362492e-09 max_cap1236
 4.303720e-09 4.058641e-09 2.429730e-14 8.362385e-09 wire3976
 1.729322e-09 6.631131e-09 2.429730e-14 8.360478e-09 max_cap10862
 3.485455e-09 4.872757e-09 2.429730e-14 8.358236e-09 max_cap8475
 2.542159e-09 5.814747e-09 2.429730e-14 8.356930e-09 max_cap11286
 2.813842e-09 5.533463e-09 2.429730e-14 8.347329e-09 max_cap10694
 4.091078e-09 4.253143e-09 2.429730e-14 8.344245e-09 wire1198
 4.006598e-09 4.335717e-09 2.429730e-14 8.342339e-09 max_cap1911
 3.317075e-09 5.020376e-09 2.429730e-14 8.337475e-09 wire11175
 2.933585e-09 5.400951e-09 2.429730e-14 8.334561e-09 wire8260
 3.614146e-09 4.719285e-09 2.429730e-14 8.333455e-09 max_cap5767
 2.477148e-09 5.854992e-09 6.840810e-14 8.332209e-09 wire4838
 4.091073e-09 4.240894e-09 2.429730e-14 8.331990e-09 max_cap3748
 2.464813e-09 5.865837e-09 2.429730e-14 8.330674e-09 max_cap10358
 1.627881e-09 6.699965e-09 2.429730e-14 8.327871e-09 wire6275
 4.402662e-09 3.924316e-09 2.429730e-14 8.327002e-09 max_cap5534
 1.264100e-09 7.061598e-09 2.429730e-14 8.325721e-09 wire6549
 3.997259e-09 4.327793e-09 2.429730e-14 8.325077e-09 max_cap5546
 4.821370e-09 3.502797e-09 2.429730e-14 8.324191e-09 wire863
 4.021953e-09 4.299432e-09 2.429730e-14 8.321409e-09 wire2834
 2.197521e-09 6.122139e-09 6.806916e-14 8.319729e-09 wire6494
 3.644624e-09 4.672098e-09 2.429730e-14 8.316746e-09 max_cap10125
 3.822599e-09 4.490241e-09 2.429730e-14 8.312863e-09 wire10175
 3.115094e-09 5.194408e-09 2.429730e-14 8.309526e-09 max_cap10192
 2.714568e-09 5.589916e-09 2.429730e-14 8.304508e-09 wire10354
 5.085851e-09 3.217347e-09 2.429730e-14 8.303222e-09 wire7820
 3.514253e-09 4.788595e-09 2.429730e-14 8.302872e-09 wire3811
 3.556843e-09 4.744706e-09 2.429730e-14 8.301574e-09 wire8287
 3.252248e-09 5.048725e-09 2.429730e-14 8.300997e-09 max_cap10488
 5.678453e-09 2.618884e-09 2.429730e-14 8.297362e-09 max_cap7632
 3.656706e-09 4.634637e-09 2.429730e-14 8.291367e-09 max_cap8075
 3.222503e-09 5.066434e-09 2.429730e-14 8.288962e-09 max_cap10966
 2.559674e-09 5.723170e-09 2.429730e-14 8.282868e-09 max_cap1148
 4.229893e-09 4.052096e-09 2.429730e-14 8.282012e-09 max_cap7778
 1.832986e-09 6.445226e-09 2.429730e-14 8.278237e-09 hold1510
 3.570467e-09 4.706932e-09 2.429730e-14 8.277423e-09 max_cap7990
 3.892194e-09 4.384623e-09 2.429730e-14 8.276841e-09 max_cap5547
 2.378873e-09 5.894778e-09 6.835330e-14 8.273719e-09 wire9341
 3.626219e-09 4.646850e-09 2.429730e-14 8.273093e-09 max_cap8266
 3.005203e-09 5.264796e-09 2.429730e-14 8.270023e-09 wire5308
 1.749306e-09 6.520535e-09 2.429730e-14 8.269866e-09 max_cap6109
 3.566771e-09 4.702560e-09 2.429730e-14 8.269354e-09 max_cap2485
 5.119364e-09 3.145200e-09 2.429730e-14 8.264588e-09 max_cap1627
 3.086051e-09 5.178431e-09 2.429730e-14 8.264506e-09 wire1775
 2.177539e-09 6.086680e-09 2.429730e-14 8.264244e-09 wire9380
 4.137284e-09 4.125581e-09 7.345668e-14 8.262939e-09 max_cap9821
 4.400096e-09 3.861744e-09 2.429730e-14 8.261865e-09 wire3980
 2.034015e-09 6.225700e-09 2.429730e-14 8.259740e-09 wire9272
 4.131111e-09 4.124067e-09 2.429730e-14 8.255202e-09 max_cap7088
 3.327388e-09 4.927586e-09 2.429730e-14 8.254998e-09 wire3835
 4.419531e-09 3.834922e-09 2.429730e-14 8.254477e-09 max_cap3276
 3.487256e-09 4.766191e-09 2.429730e-14 8.253472e-09 max_cap8870
 2.199737e-09 6.052829e-09 2.429730e-14 8.252591e-09 max_cap6799
 2.977117e-09 5.272520e-09 2.429730e-14 8.249661e-09 max_cap10797
 2.385117e-09 5.864068e-09 6.835287e-14 8.249255e-09 wire9344
 3.363583e-09 4.883545e-09 2.429730e-14 8.247151e-09 max_cap10433
 4.249354e-09 3.995460e-09 2.429730e-14 8.244837e-09 max_cap6949
 4.988578e-09 3.251552e-09 2.429730e-14 8.240154e-09 max_cap1606
 4.219987e-09 4.018973e-09 2.429730e-14 8.238985e-09 wire2154
 5.074650e-09 3.162469e-09 2.429730e-14 8.237143e-09 wire2342
 4.220493e-09 4.016048e-09 2.429730e-14 8.236564e-09 max_cap1380
 4.176760e-09 4.056742e-09 2.429730e-14 8.233527e-09 max_cap10390
 5.165752e-09 3.067165e-09 2.429730e-14 8.232941e-09 max_cap1609
 2.192321e-09 6.039889e-09 2.429730e-14 8.232234e-09 wire9384
 2.878919e-09 5.351890e-09 6.801013e-14 8.230876e-09 max_cap352
 4.642877e-09 3.585555e-09 2.429730e-14 8.228456e-09 wire5915
 2.469498e-09 5.758721e-09 2.429730e-14 8.228243e-09 max_cap10359
 5.072395e-09 3.154750e-09 2.429730e-14 8.227169e-09 max_cap1496
 2.922270e-09 5.303056e-09 2.429730e-14 8.225350e-09 wire8742
 4.302532e-09 3.922216e-09 2.429730e-14 8.224773e-09 max_cap6946
 3.572013e-09 4.651031e-09 2.429730e-14 8.223068e-09 max_cap3499
 3.804168e-09 4.418211e-09 2.429730e-14 8.222403e-09 max_cap4195
 3.035207e-09 5.183264e-09 2.429730e-14 8.218495e-09 max_cap11016
 2.288296e-09 5.929632e-09 2.429730e-14 8.217952e-09 wire6083
 3.891906e-09 4.325376e-09 2.429730e-14 8.217305e-09 max_cap1053
 4.116229e-09 4.096941e-09 2.429730e-14 8.213194e-09 wire6135
 3.301352e-09 4.911633e-09 2.429730e-14 8.213009e-09 max_cap10697
 4.568455e-09 3.642074e-09 2.429730e-14 8.210552e-09 max_cap1219
 2.396740e-09 5.808126e-09 2.429730e-14 8.204890e-09 max_cap9385
 4.598029e-09 3.602901e-09 2.429730e-14 8.200954e-09 wire2760
 3.002410e-09 5.195669e-09 2.429730e-14 8.198103e-09 wire8697
 3.549941e-09 4.641935e-09 2.429730e-14 8.191900e-09 wire8474
 3.169562e-09 5.018918e-09 2.429730e-14 8.188503e-09 max_cap10361
 3.615239e-09 4.571617e-09 2.429730e-14 8.186881e-09 wire8035
 4.750656e-09 3.433130e-09 2.429730e-14 8.183810e-09 max_cap1617
 4.830314e-09 3.352324e-09 2.429730e-14 8.182663e-09 max_cap7793
 3.564071e-09 4.613498e-09 2.429730e-14 8.177593e-09 max_cap8428
 2.987609e-09 5.186573e-09 2.429730e-14 8.174206e-09 max_cap10584
 4.426737e-09 3.746167e-09 2.429730e-14 8.172928e-09 wire3981
 2.485240e-09 5.682884e-09 2.429730e-14 8.168148e-09 max_cap5667
 5.676053e-09 2.490349e-09 2.429730e-14 8.166427e-09 max_cap2647
 2.869690e-09 5.295284e-09 6.801555e-14 8.165043e-09 max_cap550
 2.471771e-09 5.689495e-09 2.429730e-14 8.161289e-09 max_cap10106
 3.569467e-09 4.590099e-09 2.429730e-14 8.159589e-09 wire11194
 3.009375e-09 5.149722e-09 2.429730e-14 8.159120e-09 wire5307
 2.962544e-09 5.193670e-09 2.429730e-14 8.156237e-09 max_cap4585
 2.793437e-09 5.361965e-09 2.429730e-14 8.155426e-09 max_cap10693
 4.238110e-09 3.916903e-09 2.429730e-14 8.155037e-09 max_cap8554
 2.891857e-09 5.261986e-09 2.429730e-14 8.153867e-09 wire2569
 3.999911e-09 4.151338e-09 2.429730e-14 8.151273e-09 wire8116
 1.788633e-09 6.359342e-09 7.777727e-14 8.148054e-09 fanout2706
 2.459571e-09 5.686271e-09 2.429730e-14 8.145866e-09 max_cap5895
 3.430355e-09 4.714678e-09 2.429730e-14 8.145057e-09 wire8344
 2.999981e-09 5.144349e-09 2.429730e-14 8.144354e-09 max_cap2244
 4.354431e-09 3.786464e-09 2.429730e-14 8.140919e-09 max_cap2269
 4.249857e-09 3.888326e-09 2.429730e-14 8.138207e-09 max_cap8350
 1.451698e-09 6.684861e-09 2.429730e-14 8.136582e-09 wire6437
 3.448245e-09 4.686986e-09 2.429730e-14 8.135255e-09 wire8398
 5.545858e-09 2.588034e-09 7.305284e-14 8.133966e-09 max_cap10903
 2.764378e-09 5.365814e-09 2.429730e-14 8.130217e-09 max_cap10978
 5.041694e-09 3.088180e-09 2.429730e-14 8.129898e-09 max_cap3705
 3.710971e-09 4.416657e-09 6.817380e-14 8.127697e-09 wire7232
 3.392945e-09 4.732075e-09 2.429730e-14 8.125045e-09 max_cap10435
 2.042487e-09 6.081700e-09 2.429730e-14 8.124212e-09 wire9273
 5.380493e-09 2.734249e-09 2.429730e-14 8.114766e-09 max_cap1349
 1.787560e-09 6.322332e-09 2.429730e-14 8.109915e-09 wire9704
 4.016247e-09 4.092434e-09 2.429730e-14 8.108706e-09 max_cap5658
 4.013325e-09 4.088655e-09 2.429730e-14 8.102004e-09 max_cap8211
 3.173998e-09 4.926329e-09 2.429730e-14 8.100352e-09 wire8481
 4.410614e-09 3.689086e-09 2.429730e-14 8.099724e-09 max_cap8636
 2.941051e-09 5.157453e-09 2.429730e-14 8.098527e-09 max_cap10501
 4.487156e-09 3.607509e-09 2.429730e-14 8.094689e-09 wire856
 1.926545e-09 6.161872e-09 2.429730e-14 8.088441e-09 hold4047
 4.590593e-09 3.497700e-09 2.429730e-14 8.088317e-09 wire343
 2.561083e-09 5.525404e-09 2.429730e-14 8.086512e-09 wire4090
 1.655884e-09 6.430274e-09 2.429730e-14 8.086182e-09 max_cap9373
 4.878033e-09 3.199936e-09 2.429730e-14 8.077992e-09 max_cap6658
 5.060805e-09 3.011746e-09 7.122811e-14 8.072623e-09 hold898
 4.495217e-09 3.577281e-09 2.429730e-14 8.072521e-09 max_cap10144
 2.897908e-09 5.174031e-09 2.429730e-14 8.071963e-09 max_cap10898
 3.772035e-09 4.297151e-09 2.429730e-14 8.069210e-09 wire8249
 1.842414e-09 6.226513e-09 2.429730e-14 8.068951e-09 wire2862
 2.666247e-09 5.399073e-09 2.429730e-14 8.065344e-09 wire6168
 4.831185e-09 3.233461e-09 2.429730e-14 8.064670e-09 max_cap3607
 4.390226e-09 3.668116e-09 2.429730e-14 8.058367e-09 wire3973
 5.470426e-09 2.584365e-09 2.429730e-14 8.054815e-09 wire361
 3.201280e-09 4.852284e-09 2.429730e-14 8.053588e-09 max_cap8277
 4.615594e-09 3.437937e-09 2.429730e-14 8.053555e-09 wire2763
 3.757939e-09 4.294618e-09 2.429730e-14 8.052581e-09 max_cap8731
 4.833332e-09 3.216883e-09 2.429730e-14 8.050239e-09 max_cap1497
 4.742000e-09 3.303313e-09 2.429730e-14 8.045337e-09 max_cap1355
 3.852599e-09 4.190654e-09 2.429730e-14 8.043277e-09 max_cap1668
 4.403046e-09 3.638212e-09 2.429730e-14 8.041282e-09 wire3978
 2.893347e-09 5.143718e-09 2.429730e-14 8.037089e-09 wire2570
 4.672907e-09 3.352838e-09 2.429730e-14 8.025769e-09 wire5922
 5.083304e-09 2.942331e-09 2.429730e-14 8.025659e-09 max_cap3712
 2.312970e-09 5.711759e-09 2.429730e-14 8.024753e-09 wire5119
 3.903665e-09 4.120677e-09 2.429730e-14 8.024366e-09 max_cap8179
 3.257944e-09 4.763477e-09 2.429730e-14 8.021445e-09 max_cap10482
 2.478210e-09 5.538681e-09 6.833787e-14 8.016959e-09 wire3778
 2.950142e-09 5.066418e-09 7.797059e-14 8.016638e-09 max_cap245
 4.734160e-09 3.280936e-09 2.429730e-14 8.015120e-09 max_cap2637
 2.881669e-09 5.132843e-09 7.791349e-14 8.014590e-09 max_cap472
 3.563843e-09 4.450597e-09 2.429730e-14 8.014464e-09 max_cap8604
 3.526216e-09 4.486336e-09 2.429730e-14 8.012576e-09 wire2486
 1.978031e-09 6.030540e-09 2.429730e-14 8.008596e-09 wire5007
 3.540401e-09 4.466273e-09 2.429730e-14 8.006698e-09 max_cap8792
 3.442008e-09 4.563662e-09 2.429730e-14 8.005694e-09 wire8609
 2.950804e-09 5.054430e-09 2.429730e-14 8.005258e-09 max_cap8675
 3.379418e-09 4.623415e-09 2.429730e-14 8.002857e-09 wire3827
 3.511571e-09 4.491245e-09 2.429730e-14 8.002840e-09 wire11060
 2.811773e-09 5.188248e-09 6.827723e-14 8.000089e-09 max_cap9349
 4.633173e-09 3.364154e-09 2.429730e-14 7.997351e-09 max_cap3725
 2.237263e-09 5.758393e-09 2.429730e-14 7.995680e-09 wire9550
 4.945834e-09 3.049659e-09 2.429730e-14 7.995517e-09 max_cap5772
 3.401739e-09 4.592537e-09 2.429730e-14 7.994299e-09 wire11245
 4.174612e-09 3.819393e-09 2.429730e-14 7.994029e-09 wire1433
 2.957205e-09 5.034759e-09 2.429730e-14 7.991988e-09 max_cap10586
 5.121322e-09 2.869818e-09 2.429730e-14 7.991164e-09 max_cap1009
 3.510180e-09 4.479016e-09 6.891068e-14 7.989265e-09 wire9379
 3.174212e-09 4.813169e-09 2.429730e-14 7.987405e-09 wire1774
 2.237681e-09 5.748587e-09 2.429730e-14 7.986293e-09 wire9278
 4.190305e-09 3.795479e-09 2.429730e-14 7.985808e-09 max_cap899
 2.662986e-09 5.315829e-09 2.429730e-14 7.978839e-09 max_cap10653
 2.762175e-09 5.208379e-09 2.429730e-14 7.970578e-09 max_cap2314
 5.006167e-09 2.964293e-09 2.429730e-14 7.970484e-09 max_cap1199
 3.831376e-09 4.137704e-09 2.429730e-14 7.969104e-09 max_cap5685
 4.205314e-09 3.762588e-09 2.429730e-14 7.967926e-09 max_cap10509
 2.946382e-09 5.021477e-09 2.429730e-14 7.967882e-09 max_cap10620
 3.027820e-09 4.939924e-09 2.429730e-14 7.967768e-09 max_cap7951
 4.188992e-09 3.776219e-09 2.429730e-14 7.965235e-09 max_cap902
 3.603570e-09 4.360424e-09 2.429730e-14 7.964018e-09 max_cap5531
 5.867335e-09 2.095056e-09 7.275818e-14 7.962464e-09 max_cap10556
 2.655788e-09 5.305908e-09 6.824374e-14 7.961764e-09 max_cap6651
 3.395378e-09 4.566128e-09 2.429730e-14 7.961530e-09 max_cap7672
 1.746132e-09 6.212857e-09 2.429730e-14 7.959013e-09 max_cap9078
 3.508140e-09 4.448511e-09 6.891644e-14 7.956720e-09 wire9382
 2.876101e-09 5.077620e-09 6.801083e-14 7.953790e-09 max_cap355
 4.778563e-09 3.165861e-09 2.429730e-14 7.944449e-09 max_cap3645
 3.616560e-09 4.324245e-09 2.429730e-14 7.940829e-09 max_cap8155
 2.985673e-09 4.954791e-09 2.429730e-14 7.940488e-09 max_cap8243
 5.214946e-09 2.725292e-09 2.429730e-14 7.940263e-09 max_cap1548
 2.850315e-09 5.081279e-09 2.429730e-14 7.931617e-09 max_cap8716
 2.349238e-09 5.580169e-09 2.429730e-14 7.929430e-09 wire7215
 4.226712e-09 3.701560e-09 2.429730e-14 7.928296e-09 max_cap7948
 3.970662e-09 3.955238e-09 2.429730e-14 7.925924e-09 max_cap10503
 2.250985e-09 5.674362e-09 6.814495e-14 7.925415e-09 wire7498
 3.099937e-09 4.821187e-09 2.429730e-14 7.921148e-09 wire4188
 4.602189e-09 3.315522e-09 2.429730e-14 7.917735e-09 wire2759
 3.099236e-09 4.815143e-09 2.429730e-14 7.914403e-09 max_cap10601
 1.942729e-09 5.971069e-09 2.429730e-14 7.913822e-09 wire2983
 3.348592e-09 4.565000e-09 2.429730e-14 7.913616e-09 max_cap8380
 3.484405e-09 4.426071e-09 2.429730e-14 7.910500e-09 max_cap8281
 5.264729e-09 2.641931e-09 2.429730e-14 7.906683e-09 max_cap1036
 5.226903e-09 2.677428e-09 2.429730e-14 7.904355e-09 max_cap1940
 3.684463e-09 4.212999e-09 2.429730e-14 7.897486e-09 max_cap1208
 2.716174e-09 5.181083e-09 2.429730e-14 7.897281e-09 max_cap10766
 4.045090e-09 3.846705e-09 2.429730e-14 7.891819e-09 wire2730
 3.184133e-09 4.706062e-09 2.429730e-14 7.890219e-09 max_cap4591
 3.021651e-09 4.867289e-09 2.429730e-14 7.888964e-09 wire8433
 2.996537e-09 4.886599e-09 2.429730e-14 7.883160e-09 max_cap8434
 2.343412e-09 5.539080e-09 6.840993e-14 7.882559e-09 wire9670
 1.540941e-09 6.341287e-09 6.774719e-14 7.882295e-09 max_cap408
 4.757442e-09 3.124410e-09 2.429730e-14 7.881876e-09 max_cap6660
 3.497938e-09 4.381687e-09 2.429730e-14 7.879650e-09 max_cap3911
 1.978039e-09 5.900680e-09 2.429730e-14 7.878742e-09 max_cap9105
 3.102241e-09 4.774435e-09 2.429730e-14 7.876700e-09 max_cap10887
 3.609191e-09 4.261783e-09 2.429730e-14 7.870998e-09 wire3790
 4.006042e-09 3.864852e-09 2.429730e-14 7.870918e-09 max_cap5617
 3.474639e-09 4.392889e-09 2.429730e-14 7.867552e-09 max_cap1748
 2.191712e-09 5.672196e-09 2.429730e-14 7.863933e-09 max_cap716
 3.113659e-09 4.746263e-09 2.429730e-14 7.859946e-09 wire8047
 1.798481e-09 6.058292e-09 6.782813e-14 7.856841e-09 wire9062
 2.555839e-09 5.300391e-09 2.429730e-14 7.856254e-09 wire2471
 3.459202e-09 4.396911e-09 2.429730e-14 7.856137e-09 max_cap8519
 2.207188e-09 5.647770e-09 2.429730e-14 7.854982e-09 max_cap622
 2.873111e-09 4.979173e-09 2.429730e-14 7.852308e-09 wire2571
 4.521841e-09 3.329739e-09 2.429730e-14 7.851604e-09 max_cap1686
 3.452556e-09 4.397242e-09 2.429730e-14 7.849822e-09 wire11158
 4.323220e-09 3.520371e-09 2.429730e-14 7.843615e-09 max_cap5588
 4.885768e-09 2.953730e-09 2.429730e-14 7.839522e-09 max_cap2660
 3.148971e-09 4.689770e-09 2.429730e-14 7.838765e-09 max_cap10950
 4.624062e-09 3.208108e-09 2.429730e-14 7.832194e-09 wire4152
 2.576698e-09 5.254837e-09 2.429730e-14 7.831559e-09 max_cap8447
 4.574468e-09 3.255610e-09 2.429730e-14 7.830102e-09 max_cap2657
 2.199616e-09 5.630123e-09 2.429730e-14 7.829764e-09 wire5506
 3.545194e-09 4.279467e-09 2.429730e-14 7.824686e-09 wire5911
 2.628147e-09 5.194692e-09 2.429730e-14 7.822863e-09 wire7554
 5.374777e-09 2.447134e-09 2.429730e-14 7.821935e-09 max_cap1037
 3.882890e-09 3.937074e-09 2.429730e-14 7.819987e-09 wire321
 2.316310e-09 5.503298e-09 2.429730e-14 7.819632e-09 wire7212
 3.746458e-09 4.068432e-09 2.429730e-14 7.814914e-09 max_cap5866
 4.016909e-09 3.795282e-09 2.429730e-14 7.812215e-09 wire2733
 4.576098e-09 3.234750e-09 2.429730e-14 7.810871e-09 max_cap4155
 4.049018e-09 3.760964e-09 2.429730e-14 7.810006e-09 wire2731
 3.602616e-09 4.206285e-09 2.429730e-14 7.808926e-09 wire3784
 2.180626e-09 5.626706e-09 2.429730e-14 7.807356e-09 max_cap6997
 4.926557e-09 2.880706e-09 2.429730e-14 7.807286e-09 max_cap2649
 4.302592e-09 3.503456e-09 2.429730e-14 7.806071e-09 max_cap1326
 3.140332e-09 4.664663e-09 2.429730e-14 7.805019e-09 max_cap5714
 4.162972e-09 3.641971e-09 2.429730e-14 7.804966e-09 wire8347
 2.776573e-09 5.028109e-09 2.429730e-14 7.804707e-09 max_cap10160
 3.168612e-09 4.632092e-09 2.429730e-14 7.800728e-09 max_cap8127
 3.045865e-09 4.754799e-09 2.429730e-14 7.800688e-09 max_cap10309
 4.388366e-09 3.412140e-09 2.429730e-14 7.800530e-09 wire3979
 3.840683e-09 3.959197e-09 2.429730e-14 7.799905e-09 max_cap8208
 2.035174e-09 5.762303e-09 2.429730e-14 7.797500e-09 wire9276
 2.158482e-09 5.638824e-09 6.782114e-14 7.797373e-09 wire9066
 2.752900e-09 5.041103e-09 2.429730e-14 7.794026e-09 max_cap10933
 3.792667e-09 3.998827e-09 2.429730e-14 7.791518e-09 max_cap320
 1.813231e-09 5.970084e-09 6.782523e-14 7.783382e-09 wire9058
 5.095798e-09 2.686698e-09 2.429730e-14 7.782520e-09 max_cap3685
 2.448508e-09 5.333266e-09 2.429730e-14 7.781797e-09 max_cap10995
 4.867955e-09 2.911376e-09 2.429730e-14 7.779355e-09 wire951
 2.968129e-09 4.810194e-09 2.429730e-14 7.778348e-09 wire1769
 4.304773e-09 3.472716e-09 2.429730e-14 7.777513e-09 max_cap1910
 3.408344e-09 4.365420e-09 2.429730e-14 7.773788e-09 max_cap10816
 2.717411e-09 5.053784e-09 2.429730e-14 7.771219e-09 max_cap5662
 4.530424e-09 3.239683e-09 2.429730e-14 7.770130e-09 max_cap3960
 3.891348e-09 3.877194e-09 2.429730e-14 7.768566e-09 max_cap2488
 4.941421e-09 2.826075e-09 2.429730e-14 7.767520e-09 max_cap2645
 3.043616e-09 4.719752e-09 2.429730e-14 7.763393e-09 wire8783
 3.645173e-09 4.117856e-09 2.429730e-14 7.763053e-09 max_cap965
 3.701027e-09 4.060881e-09 2.429730e-14 7.761932e-09 max_cap918
 4.380315e-09 3.373036e-09 2.429730e-14 7.753376e-09 max_cap855
 3.657400e-09 4.095797e-09 2.429730e-14 7.753221e-09 max_cap5857
 2.183676e-09 5.563635e-09 2.429730e-14 7.747334e-09 wire7521
 3.191156e-09 4.554345e-09 2.429730e-14 7.745525e-09 max_cap6694
 3.203566e-09 4.541103e-09 2.429730e-14 7.744693e-09 max_cap10544
 2.487831e-09 5.255496e-09 2.429730e-14 7.743351e-09 wire234
 4.163470e-09 3.578766e-09 2.429730e-14 7.742260e-09 max_cap1194
 3.746107e-09 3.993922e-09 2.429730e-14 7.740052e-09 max_cap11035
 3.483820e-09 4.253342e-09 2.429730e-14 7.737186e-09 max_cap5802
 3.902993e-09 3.831564e-09 2.429730e-14 7.734582e-09 max_cap1205
 2.610086e-09 5.118689e-09 2.429730e-14 7.728799e-09 max_cap5554
 5.115953e-09 2.610850e-09 7.837843e-14 7.726881e-09 max_cap563
 3.762541e-09 3.961537e-09 2.429730e-14 7.724103e-09 max_cap10164
 3.397081e-09 4.325639e-09 2.429730e-14 7.722744e-09 max_cap5780
 2.558360e-09 5.162542e-09 2.429730e-14 7.720926e-09 max_cap1150
 3.524697e-09 4.192897e-09 2.429730e-14 7.717618e-09 max_cap5828
 4.421981e-09 3.292491e-09 2.429730e-14 7.714496e-09 max_cap8258
 3.415533e-09 4.291611e-09 2.429730e-14 7.707167e-09 wire3098
 4.011369e-09 3.695115e-09 2.429730e-14 7.706507e-09 max_cap1679
 3.889714e-09 3.813829e-09 2.429730e-14 7.703567e-09 max_cap4008
 4.013218e-09 3.689870e-09 2.429730e-14 7.703112e-09 max_cap11020
 3.608758e-09 4.093520e-09 2.429730e-14 7.702301e-09 max_cap8272
 4.019247e-09 3.682128e-09 2.429730e-14 7.701399e-09 max_cap8558
 2.937053e-09 4.763185e-09 2.429730e-14 7.700262e-09 max_cap10969
 4.590279e-09 3.109562e-09 2.429730e-14 7.699865e-09 wire2764
 5.060364e-09 2.637638e-09 2.429730e-14 7.698026e-09 max_cap3597
 4.625001e-09 3.070491e-09 2.429730e-14 7.695515e-09 max_cap1046
 2.755148e-09 4.940087e-09 2.429730e-14 7.695259e-09 max_cap10373
 3.113102e-09 4.579779e-09 2.429730e-14 7.692905e-09 max_cap8048
 3.286157e-09 4.406548e-09 2.429730e-14 7.692728e-09 max_cap1473
 4.383939e-09 3.308564e-09 2.429730e-14 7.692528e-09 wire3975
 2.723868e-09 4.965699e-09 2.429730e-14 7.689590e-09 max_cap4790
 1.943687e-09 5.745451e-09 2.429730e-14 7.689161e-09 max_cap9017
 3.770075e-09 3.917613e-09 2.429730e-14 7.687713e-09 max_cap5811
 4.538959e-09 3.146318e-09 2.429730e-14 7.685300e-09 max_cap1391
 3.434858e-09 4.249617e-09 2.429730e-14 7.684499e-09 wire8025
 2.424144e-09 5.257317e-09 2.429730e-14 7.681485e-09 wire7707
 1.839854e-09 5.841566e-09 2.429730e-14 7.681444e-09 max_cap697
 2.705190e-09 4.975981e-09 6.830773e-14 7.681240e-09 max_cap6317
 4.408017e-09 3.270912e-09 2.429730e-14 7.678952e-09 max_cap8491
 5.075687e-09 2.602995e-09 2.429730e-14 7.678705e-09 max_cap5572
 4.549004e-09 3.125502e-09 2.429730e-14 7.674530e-09 max_cap1589
 4.306429e-09 3.367641e-09 2.429730e-14 7.674093e-09 max_cap1669
 2.211258e-09 5.461629e-09 2.429730e-14 7.672911e-09 max_cap9546
 4.128390e-09 3.542583e-09 2.429730e-14 7.670997e-09 max_cap5542
 4.600675e-09 3.068375e-09 2.429730e-14 7.669074e-09 wire2762
 2.931855e-09 4.736582e-09 2.429730e-14 7.668461e-09 max_cap9563
 3.892316e-09 3.775189e-09 2.429730e-14 7.667528e-09 max_cap5795
 3.263214e-09 4.398536e-09 2.429730e-14 7.661774e-09 max_cap8548
 4.154588e-09 3.506747e-09 2.429730e-14 7.661359e-09 max_cap8223
 2.855781e-09 4.805093e-09 2.429730e-14 7.660899e-09 wire8811
 4.966680e-09 2.693362e-09 2.429730e-14 7.660066e-09 max_cap3661
 2.128741e-09 5.529798e-09 2.429730e-14 7.658563e-09 wire9364
 3.000450e-09 4.657794e-09 2.429730e-14 7.658268e-09 wire11399
 2.327012e-09 5.330130e-09 2.429730e-14 7.657166e-09 max_cap700
 2.149615e-09 5.506948e-09 6.781805e-14 7.656631e-09 wire9068
 1.525290e-09 6.129448e-09 6.791428e-14 7.654806e-09 wire3067
 4.052694e-09 3.602052e-09 2.429730e-14 7.654770e-09 max_cap4525
 4.349791e-09 3.304073e-09 2.429730e-14 7.653888e-09 max_cap8086
 4.147735e-09 3.505757e-09 2.429730e-14 7.653515e-09 max_cap8117
 1.972563e-09 5.680561e-09 6.806415e-14 7.653193e-09 wire6490
 3.569527e-09 4.082885e-09 2.429730e-14 7.652435e-09 max_cap8639
 3.582801e-09 4.068308e-09 2.429730e-14 7.651133e-09 max_cap10001
 3.706525e-09 3.943202e-09 2.429730e-14 7.649752e-09 max_cap8369
 4.991696e-09 2.656642e-09 2.429730e-14 7.648362e-09 max_cap3583
 3.688848e-09 3.958454e-09 2.429730e-14 7.647325e-09 max_cap8324
 1.634127e-09 6.013058e-09 6.767410e-14 7.647252e-09 max_cap137
 1.637909e-09 6.009064e-09 7.360710e-14 7.647047e-09 max_cap11905
 3.996699e-09 3.650176e-09 2.429730e-14 7.646899e-09 max_cap1671
 4.076097e-09 3.569704e-09 2.429730e-14 7.645824e-09 max_cap8555
 3.725536e-09 3.917585e-09 2.429730e-14 7.643146e-09 max_cap933
 2.583466e-09 5.059527e-09 2.429730e-14 7.643018e-09 max_cap5637
 2.316026e-09 5.326254e-09 2.429730e-14 7.642304e-09 wire7219
 3.357232e-09 4.284846e-09 2.429730e-14 7.642102e-09 wire11397
 5.339459e-09 2.302079e-09 7.083238e-14 7.641608e-09 hold4958
 3.388984e-09 4.247283e-09 2.429730e-14 7.636290e-09 max_cap8135
 4.473282e-09 3.162718e-09 2.429730e-14 7.636024e-09 max_cap5736
 4.759912e-09 2.874933e-09 2.429730e-14 7.634869e-09 max_cap2451
 3.282071e-09 4.351697e-09 2.429730e-14 7.633792e-09 hold5096
 4.163170e-09 3.470470e-09 2.429730e-14 7.633663e-09 max_cap1196
 4.289387e-09 3.344192e-09 2.429730e-14 7.633603e-09 max_cap8028
 3.312702e-09 4.320349e-09 2.429730e-14 7.633076e-09 wire11139
 2.566970e-09 5.064896e-09 2.429730e-14 7.631889e-09 max_cap1146
 3.414758e-09 4.212297e-09 2.429730e-14 7.627079e-09 max_cap8685
 3.404702e-09 4.214836e-09 2.429730e-14 7.619562e-09 max_cap10683
 3.199400e-09 4.419823e-09 2.429730e-14 7.619247e-09 max_cap8099
 3.243873e-09 4.372190e-09 2.429730e-14 7.616086e-09 max_cap8290
 2.303739e-09 5.311600e-09 2.429730e-14 7.615363e-09 max_cap5122
 3.501466e-09 4.111510e-09 2.429730e-14 7.613000e-09 max_cap1429
 3.162152e-09 4.447857e-09 2.429730e-14 7.610033e-09 max_cap5244
 2.998948e-09 4.608742e-09 2.429730e-14 7.607714e-09 max_cap8462
 4.480465e-09 3.124843e-09 2.429730e-14 7.605332e-09 wire5914
 3.388901e-09 4.216008e-09 2.429730e-14 7.604934e-09 max_cap8610
 4.704626e-09 2.898706e-09 2.429730e-14 7.603355e-09 max_cap3643
 3.506688e-09 4.093259e-09 2.429730e-14 7.599971e-09 max_cap1291
 1.744682e-09 5.852512e-09 2.429730e-14 7.597218e-09 wire4757
 3.069261e-09 4.526677e-09 2.429730e-14 7.595962e-09 max_cap8041
 3.816987e-09 3.778871e-09 2.429730e-14 7.595881e-09 max_cap5625
 2.355542e-09 5.239783e-09 2.429730e-14 7.595349e-09 wire7214
 4.469338e-09 3.125105e-09 2.429730e-14 7.594467e-09 max_cap3825
 3.533513e-09 4.056703e-09 2.429730e-14 7.590239e-09 max_cap3668
 3.319582e-09 4.269845e-09 2.429730e-14 7.589451e-09 max_cap7678
 3.928775e-09 3.652644e-09 2.429730e-14 7.581444e-09 max_cap10229
 3.091796e-09 4.489303e-09 2.429730e-14 7.581122e-09 max_cap10121
 3.079187e-09 4.501715e-09 2.429730e-14 7.580926e-09 max_cap10596
 3.598894e-09 3.981612e-09 2.429730e-14 7.580530e-09 wire3786
 2.814503e-09 4.765610e-09 7.166528e-14 7.580184e-09 wire4755
 2.396807e-09 5.176573e-09 2.429730e-14 7.573405e-09 max_cap6612
 2.764590e-09 4.808543e-09 6.843572e-14 7.573202e-09 wire6992
 2.332833e-09 5.239806e-09 2.429730e-14 7.572663e-09 wire9386
 4.534504e-09 3.032507e-09 2.429730e-14 7.567036e-09 max_cap3631
 2.206252e-09 5.360420e-09 2.429730e-14 7.566696e-09 max_cap6016
 5.177374e-09 2.388898e-09 7.130288e-14 7.566343e-09 hold2272
 5.014598e-09 2.551269e-09 7.305459e-14 7.565939e-09 max_cap10471
 3.096305e-09 4.467623e-09 2.429730e-14 7.563952e-09 max_cap7983
 4.267622e-09 3.288815e-09 2.429730e-14 7.556461e-09 max_cap850
 1.801036e-09 5.754700e-09 2.429730e-14 7.555760e-09 wire7857
 1.405618e-09 6.147690e-09 2.429730e-14 7.553331e-09 wire9063
 2.119978e-09 5.424129e-09 2.429730e-14 7.544131e-09 wire6707
 1.751171e-09 5.789980e-09 2.429730e-14 7.541176e-09 max_cap9076
 3.114538e-09 4.425633e-09 2.429730e-14 7.540195e-09 max_cap10307
 3.168811e-09 4.370270e-09 2.429730e-14 7.539105e-09 wire9354
 2.162854e-09 5.376038e-09 2.429730e-14 7.538916e-09 wire664
 4.788942e-09 2.747119e-09 1.121323e-13 7.536173e-09 output15
 2.747031e-09 4.782144e-09 2.429730e-14 7.529199e-09 max_cap11031
 2.780989e-09 4.746284e-09 2.429730e-14 7.527297e-09 wire8050
 1.782929e-09 5.743364e-09 2.429730e-14 7.526316e-09 wire2841
 3.583550e-09 3.942245e-09 2.429730e-14 7.525819e-09 wire8393
 3.962322e-09 3.563328e-09 2.429730e-14 7.525673e-09 max_cap10291
 2.671918e-09 4.852553e-09 2.429730e-14 7.524496e-09 wire6169
 3.467618e-09 4.056244e-09 2.429730e-14 7.523886e-09 wire8593
 5.289238e-09 2.232732e-09 2.429730e-14 7.521995e-09 max_cap1453
 4.145578e-09 3.371805e-09 2.429730e-14 7.517406e-09 max_cap1407
 4.845680e-09 2.670410e-09 2.429730e-14 7.516115e-09 max_cap1443
 3.184121e-09 4.329660e-09 6.822867e-14 7.513849e-09 wire3303
 3.587117e-09 3.923269e-09 2.429730e-14 7.510409e-09 wire3789
 4.799151e-09 2.707144e-09 2.429730e-14 7.506318e-09 max_cap842
 3.489775e-09 4.013767e-09 2.429730e-14 7.503566e-09 max_cap10317
 4.265821e-09 3.235752e-09 2.429730e-14 7.501597e-09 wire6139
 2.938564e-09 4.562679e-09 2.429730e-14 7.501267e-09 max_cap10668
 3.785422e-09 3.715371e-09 2.429730e-14 7.500817e-09 max_cap3625
 4.303418e-09 3.195040e-09 2.429730e-14 7.498481e-09 max_cap8153
 4.483465e-09 3.013891e-09 2.429730e-14 7.497380e-09 wire3275
 1.818930e-09 5.674647e-09 2.429730e-14 7.493600e-09 wire2325
 3.145215e-09 4.347499e-09 2.429730e-14 7.492738e-09 max_cap10118
 4.444656e-09 3.045413e-09 2.429730e-14 7.490093e-09 max_cap5745
 1.749924e-09 5.737095e-09 2.429730e-14 7.487044e-09 max_cap9971
 3.837546e-09 3.644003e-09 2.429730e-14 7.481573e-09 max_cap318
 3.326703e-09 4.153167e-09 2.429730e-14 7.479895e-09 wire8501
 9.748808e-10 6.503834e-09 2.429730e-14 7.478739e-09 wire6469
 2.866477e-09 4.610943e-09 2.429730e-14 7.477444e-09 max_cap10588
 2.458160e-09 5.017025e-09 6.842132e-14 7.475253e-09 wire6267
 2.358667e-09 5.105819e-09 2.429730e-14 7.464510e-09 max_cap7213
 3.625108e-09 3.838700e-09 2.429730e-14 7.463831e-09 max_cap1907
 4.005732e-09 3.457554e-09 2.429730e-14 7.463310e-09 wire2419
 3.431856e-09 4.027114e-09 2.429730e-14 7.458994e-09 max_cap1677
 4.033794e-09 3.424221e-09 2.429730e-14 7.458039e-09 wire2732
 3.391403e-09 4.062244e-09 2.429730e-14 7.453671e-09 max_cap8528
 4.373835e-09 3.079690e-09 2.429730e-14 7.453548e-09 wire2510
 1.908079e-09 5.544512e-09 2.429730e-14 7.452615e-09 wire4359
 4.005318e-09 3.443063e-09 2.429730e-14 7.448405e-09 max_cap2835
 3.416843e-09 4.025267e-09 2.429730e-14 7.442134e-09 wire11111
 4.284743e-09 3.157243e-09 2.429730e-14 7.442010e-09 max_cap10557
 3.489644e-09 3.950208e-09 2.429730e-14 7.439877e-09 max_cap988
 2.682301e-09 4.757410e-09 2.429730e-14 7.439735e-09 hold2737
 4.105098e-09 3.332537e-09 2.429730e-14 7.437659e-09 wire8667
 4.703609e-09 2.730955e-09 2.429730e-14 7.434589e-09 max_cap2661
 2.328177e-09 5.105911e-09 6.840732e-14 7.434156e-09 wire9667
 3.261897e-09 4.165161e-09 2.429730e-14 7.427082e-09 wire11065
 2.576122e-09 4.850737e-09 2.429730e-14 7.426883e-09 max_cap188
 3.926382e-09 3.500043e-09 2.429730e-14 7.426449e-09 max_cap8284
 4.338927e-09 3.086323e-09 2.429730e-14 7.425274e-09 max_cap891
 3.416414e-09 4.007798e-09 2.429730e-14 7.424237e-09 max_cap11159
 2.698523e-09 4.723420e-09 2.429730e-14 7.421967e-09 max_cap6402
 2.919550e-09 4.500316e-09 2.429730e-14 7.419891e-09 wire8130
 4.569053e-09 2.850284e-09 2.429730e-14 7.419362e-09 wire6145
 4.158789e-09 3.258212e-09 2.429730e-14 7.417026e-09 wire1195
 2.719095e-09 4.691371e-09 2.429730e-14 7.410490e-09 max_cap10536
 3.453533e-09 3.954457e-09 2.429730e-14 7.408014e-09 max_cap8399
 3.074870e-09 4.331453e-09 2.429730e-14 7.406348e-09 wire4190
 4.513520e-09 2.892583e-09 2.429730e-14 7.406128e-09 max_cap8188
 5.297825e-09 2.106156e-09 7.449291e-14 7.404056e-09 hold4126
 1.509341e-09 5.886643e-09 2.429730e-14 7.396009e-09 wire9135
 4.591823e-09 2.803207e-09 2.429730e-14 7.395054e-09 wire5924
 2.835531e-09 4.557371e-09 2.429730e-14 7.392927e-09 max_cap11518
 3.485179e-09 3.906567e-09 2.429730e-14 7.391770e-09 wire2376
 2.947152e-09 4.444223e-09 2.429730e-14 7.391399e-09 max_cap5518
 3.593345e-09 3.794825e-09 2.429730e-14 7.388194e-09 wire3787
 3.484194e-09 3.900765e-09 2.429730e-14 7.384984e-09 max_cap8378
 2.293706e-09 5.090997e-09 2.429730e-14 7.384727e-09 max_cap6084
 2.049811e-09 5.333941e-09 2.429730e-14 7.383776e-09 max_cap229
 3.569206e-09 3.814077e-09 2.429730e-14 7.383307e-09 max_cap10637
 4.022171e-09 3.360890e-09 2.429730e-14 7.383086e-09 max_cap10142
 3.959258e-09 3.423749e-09 2.429730e-14 7.383032e-09 max_cap5804
 3.255221e-09 4.127596e-09 2.429730e-14 7.382842e-09 max_cap11242
 3.387283e-09 3.995381e-09 2.429730e-14 7.382689e-09 wire8647
 3.250514e-09 4.131102e-09 2.429730e-14 7.381640e-09 max_cap9208
 3.590882e-09 3.790297e-09 2.429730e-14 7.381203e-09 wire3785
 3.590200e-09 3.790189e-09 2.429730e-14 7.380413e-09 wire3788
 4.818717e-09 2.561470e-09 2.429730e-14 7.380212e-09 max_cap1579
 3.462262e-09 3.917704e-09 2.429730e-14 7.379991e-09 max_cap9189
 3.481481e-09 3.897086e-09 2.429730e-14 7.378592e-09 wire2378
 3.432693e-09 3.944832e-09 2.429730e-14 7.377549e-09 hold4001
 4.946962e-09 2.429421e-09 7.287750e-14 7.376456e-09 max_cap10259
 4.100000e-09 3.273287e-09 2.429730e-14 7.373311e-09 max_cap8684
 3.458660e-09 3.912906e-09 6.892705e-14 7.371635e-09 max_cap9581
 3.147216e-09 4.221265e-09 2.429730e-14 7.368506e-09 max_cap10712
 4.075052e-09 3.290639e-09 2.429730e-14 7.365716e-09 wire5350
 4.519577e-09 2.845844e-09 2.429730e-14 7.365446e-09 max_cap1954
 3.628287e-09 3.737036e-09 2.429730e-14 7.365347e-09 wire3141
 3.413950e-09 3.950781e-09 2.429730e-14 7.364755e-09 max_cap5599
 3.037532e-09 4.325398e-09 2.429730e-14 7.362954e-09 max_cap7734
 4.284012e-09 3.072518e-09 2.429730e-14 7.356554e-09 max_cap8005
 4.335595e-09 3.019210e-09 2.429730e-14 7.354829e-09 max_cap8310
 3.797429e-09 3.556720e-09 2.429730e-14 7.354173e-09 max_cap917
 3.097147e-09 4.255508e-09 2.429730e-14 7.352678e-09 max_cap10224
 4.688105e-09 2.658234e-09 7.611309e-14 7.346415e-09 hold4731
 3.749521e-09 3.594822e-09 2.429730e-14 7.344367e-09 max_cap8024
 2.726685e-09 4.616411e-09 2.429730e-14 7.343120e-09 max_cap10931
 4.557977e-09 2.784173e-09 2.429730e-14 7.342174e-09 max_cap8657
 3.980750e-09 3.360309e-09 2.429730e-14 7.341084e-09 max_cap5678
 3.425463e-09 3.910040e-09 2.429730e-14 7.335527e-09 max_cap8345
 4.864538e-09 2.466371e-09 7.463444e-14 7.330983e-09 wire11161
 4.271278e-09 3.058305e-09 2.429730e-14 7.329608e-09 max_cap3742
 4.133148e-09 3.193511e-09 2.429730e-14 7.326684e-09 wire1197
 3.641205e-09 3.685150e-09 2.429730e-14 7.326379e-09 wire9455
 2.710075e-09 4.616086e-09 2.429730e-14 7.326185e-09 max_cap8673
 3.037600e-09 4.286878e-09 2.429730e-14 7.324501e-09 wire8381
 3.423412e-09 3.900447e-09 2.429730e-14 7.323884e-09 max_cap5024
 3.485259e-09 3.836125e-09 2.429730e-14 7.321409e-09 wire3161
 3.306960e-09 4.014415e-09 2.429730e-14 7.321399e-09 max_cap10880
 4.374834e-09 2.946158e-09 2.429730e-14 7.321016e-09 wire3977
 2.698348e-09 4.621857e-09 2.429730e-14 7.320228e-09 max_cap10135
 2.169046e-09 5.151102e-09 2.429730e-14 7.320172e-09 max_cap7523
 4.760456e-09 2.557434e-09 7.593406e-14 7.317966e-09 hold341
 3.127465e-09 4.189939e-09 2.429730e-14 7.317428e-09 max_cap10225
 3.973147e-09 3.341336e-09 2.429730e-14 7.314508e-09 max_cap8537
 2.871962e-09 4.441527e-09 2.429730e-14 7.313513e-09 max_cap8470
 2.469304e-09 4.841355e-09 6.838470e-14 7.310728e-09 wire9130
 2.709503e-09 4.598616e-09 2.429730e-14 7.308144e-09 max_cap10628
 2.317919e-09 4.988816e-09 2.429730e-14 7.306759e-09 max_cap4369
 3.444941e-09 3.855148e-09 2.429730e-14 7.300114e-09 max_cap6409
 3.947997e-09 3.348351e-09 2.429730e-14 7.296373e-09 max_cap1411
 2.215625e-09 5.079875e-09 2.429730e-14 7.295524e-09 wire6609
 2.345973e-09 4.944141e-09 2.429730e-14 7.290138e-09 wire7217
 1.955898e-09 5.333935e-09 6.811110e-14 7.289901e-09 wire7251
 1.770181e-09 5.507093e-09 2.429730e-14 7.277298e-09 max_cap635
 2.678743e-09 4.595825e-09 2.429730e-14 7.274592e-09 max_cap8122
 2.836333e-09 4.435271e-09 2.429730e-14 7.271628e-09 max_cap1323
 4.185918e-09 3.083514e-09 2.429730e-14 7.269456e-09 max_cap10025
 3.438624e-09 3.830698e-09 2.429730e-14 7.269346e-09 max_cap1328
 3.214496e-09 4.053079e-09 2.429730e-14 7.267599e-09 max_cap8351
 3.817448e-09 3.449066e-09 2.429730e-14 7.266538e-09 max_cap8564
 3.464071e-09 3.797668e-09 2.429730e-14 7.261763e-09 max_cap10094
 2.411088e-09 4.849728e-09 2.429730e-14 7.260840e-09 max_cap1421
 3.465535e-09 3.793011e-09 2.429730e-14 7.258570e-09 wire3101
 4.732119e-09 2.524966e-09 2.429730e-14 7.257109e-09 max_cap952
 3.093305e-09 4.162623e-09 2.429730e-14 7.255952e-09 max_cap4189
 3.437798e-09 3.817156e-09 2.429730e-14 7.254978e-09 wire3097
 3.482745e-09 3.770190e-09 2.429730e-14 7.252960e-09 max_cap11260
 3.087107e-09 4.159800e-09 2.429730e-14 7.246931e-09 max_cap10208
 1.455649e-09 5.789830e-09 7.339469e-14 7.245552e-09 max_cap11877
 4.333011e-09 2.911619e-09 2.429730e-14 7.244654e-09 max_cap5754
 4.305494e-09 2.936166e-09 2.429730e-14 7.241684e-09 max_cap7927
 2.162577e-09 5.079066e-09 2.429730e-14 7.241666e-09 wire5509
 1.153907e-09 6.086108e-09 2.429730e-14 7.240040e-09 wire4959
 3.069098e-09 4.162569e-09 2.429730e-14 7.231692e-09 max_cap8001
 4.030027e-09 3.198516e-09 2.429730e-14 7.228568e-09 wire2729
 3.619398e-09 3.606811e-09 2.429730e-14 7.226234e-09 max_cap8175
 4.139060e-09 3.085213e-09 2.429730e-14 7.224298e-09 max_cap8090
 3.944313e-09 3.278847e-09 2.429730e-14 7.223184e-09 max_cap1667
 2.921313e-09 4.300401e-09 2.429730e-14 7.221738e-09 max_cap10518
 4.210577e-09 3.002906e-09 2.429730e-14 7.213507e-09 max_cap5513
 4.489952e-09 2.723371e-09 2.429730e-14 7.213348e-09 max_cap5510
 3.392790e-09 3.806092e-09 2.429730e-14 7.198906e-09 wire7673
 4.316992e-09 2.881536e-09 2.429730e-14 7.198552e-09 wire3858
 4.313122e-09 2.884727e-09 2.429730e-14 7.197874e-09 max_cap8505
 1.704371e-09 5.489436e-09 7.226495e-14 7.193879e-09 wire11882
 4.633789e-09 2.559526e-09 2.429730e-14 7.193340e-09 wire2712
 3.608313e-09 3.583629e-09 2.429730e-14 7.191967e-09 wire3793
 3.378447e-09 3.810495e-09 6.814607e-14 7.189009e-09 wire9366
 3.262420e-09 3.925133e-09 2.429730e-14 7.187577e-09 max_cap8502
 4.736814e-09 2.449748e-09 1.618306e-13 7.186723e-09 fanout9897
 3.625038e-09 3.561059e-09 2.429730e-14 7.186122e-09 max_cap3142
 3.526010e-09 3.659171e-09 2.429730e-14 7.185206e-09 max_cap3160
 3.543576e-09 3.641407e-09 2.429730e-14 7.185008e-09 max_cap5609
 2.344103e-09 4.840588e-09 2.429730e-14 7.184715e-09 max_cap701
 3.313317e-09 3.869604e-09 2.429730e-14 7.182945e-09 max_cap3944
 2.030543e-09 5.150747e-09 2.429730e-14 7.181315e-09 max_cap10676
 3.703455e-09 3.477628e-09 2.429730e-14 7.181107e-09 max_cap1663
 3.905112e-09 3.272855e-09 2.429730e-14 7.177992e-09 max_cap1204
 3.863788e-09 3.312608e-09 2.429730e-14 7.176420e-09 max_cap10217
 1.981506e-09 5.188550e-09 2.429730e-14 7.170081e-09 max_cap5116
 3.891028e-09 3.278592e-09 2.429730e-14 7.169644e-09 max_cap1237
 4.479529e-09 2.688254e-09 2.429730e-14 7.167807e-09 wire874
 2.260186e-09 4.904133e-09 2.429730e-14 7.164343e-09 max_cap9749
 4.022649e-09 3.139851e-09 2.429730e-14 7.162524e-09 max_cap8068
 1.813766e-09 5.347896e-09 2.429730e-14 7.161686e-09 max_cap9968
 2.936196e-09 4.222901e-09 2.429730e-14 7.159122e-09 max_cap8133
 1.681758e-09 5.476327e-09 2.429730e-14 7.158110e-09 wire2000
 3.884667e-09 3.272566e-09 2.429730e-14 7.157257e-09 max_cap7994
 2.894001e-09 4.263029e-09 2.429730e-14 7.157055e-09 max_cap10032
 3.488818e-09 3.665911e-09 2.429730e-14 7.154753e-09 wire2374
 1.530678e-09 5.619829e-09 2.429730e-14 7.150532e-09 max_cap9132
 3.658792e-09 3.490184e-09 2.429730e-14 7.149001e-09 wire9760
 3.788765e-09 3.357685e-09 2.429730e-14 7.146475e-09 wire8295
 3.047246e-09 4.099046e-09 2.429730e-14 7.146316e-09 wire8358
 3.467728e-09 3.677679e-09 2.429730e-14 7.145432e-09 max_cap990
 3.613939e-09 3.530614e-09 2.429730e-14 7.144577e-09 max_cap5660
 3.401861e-09 3.742172e-09 2.429730e-14 7.144058e-09 wire11307
 4.494302e-09 2.636088e-09 2.429730e-14 7.130414e-09 max_cap5848
 2.343912e-09 4.785189e-09 7.272469e-14 7.129174e-09 wire10223
 1.806619e-09 5.320666e-09 2.429730e-14 7.127309e-09 max_cap501
 2.020061e-09 5.106240e-09 2.429730e-14 7.126326e-09 wire5004
 4.210386e-09 2.912915e-09 2.429730e-14 7.123325e-09 max_cap5575
 4.322045e-09 2.798540e-09 2.429730e-14 7.120609e-09 max_cap3715
 3.531612e-09 3.586409e-09 2.429730e-14 7.118045e-09 max_cap10850
 2.375186e-09 4.742692e-09 2.429730e-14 7.117903e-09 max_cap292
 1.941372e-09 5.174217e-09 2.429730e-14 7.115613e-09 wire4365
 3.681878e-09 3.432069e-09 2.429730e-14 7.113971e-09 max_cap5775
 4.533885e-09 2.579068e-09 2.429730e-14 7.112978e-09 wire875
 3.315456e-09 3.794236e-09 2.429730e-14 7.109717e-09 wire7674
 3.659373e-09 3.446498e-09 2.429730e-14 7.105895e-09 max_cap10735
 2.397576e-09 4.705140e-09 2.429730e-14 7.102741e-09 max_cap2990
 4.384295e-09 2.718317e-09 2.429730e-14 7.102636e-09 wire8634
 3.166699e-09 3.933759e-09 2.429730e-14 7.100482e-09 max_cap8252
 3.826805e-09 3.273440e-09 2.429730e-14 7.100270e-09 max_cap10820
 3.596039e-09 3.503895e-09 2.429730e-14 7.099958e-09 wire3791
 3.147510e-09 3.950981e-09 2.429730e-14 7.098515e-09 max_cap8437
 2.231286e-09 4.866448e-09 2.429730e-14 7.097758e-09 max_cap6608
 3.623418e-09 3.474104e-09 2.429730e-14 7.097546e-09 max_cap10265
 3.330057e-09 3.765456e-09 2.429730e-14 7.095537e-09 max_cap8625
 3.544396e-09 3.549881e-09 2.429730e-14 7.094302e-09 max_cap3555
 4.366786e-09 2.725455e-09 2.429730e-14 7.092266e-09 wire2765
 3.476883e-09 3.614453e-09 2.429730e-14 7.091361e-09 max_cap10865
 3.105070e-09 3.985383e-09 2.429730e-14 7.090478e-09 max_cap6479
 4.897612e-09 2.192826e-09 2.429730e-14 7.090462e-09 wire1738
 2.303033e-09 4.786409e-09 2.429730e-14 7.089465e-09 wire5121
 3.310846e-09 3.778388e-09 2.429730e-14 7.089258e-09 max_cap5864
 4.020992e-09 3.067732e-09 2.429730e-14 7.088748e-09 max_cap5527
 3.370765e-09 3.717374e-09 2.429730e-14 7.088163e-09 wire3833
 1.813177e-09 5.270912e-09 6.782272e-14 7.084158e-09 wire9051
 3.453262e-09 3.627546e-09 2.429730e-14 7.080832e-09 max_cap8299
 4.386841e-09 2.691414e-09 2.429730e-14 7.078279e-09 max_cap3591
 1.823719e-09 5.253014e-09 2.429730e-14 7.076757e-09 wire4762
 4.794483e-09 2.280851e-09 2.429730e-14 7.075359e-09 max_cap1563
 4.637139e-09 2.436843e-09 2.429730e-14 7.074006e-09 max_cap3669
 3.160302e-09 3.913529e-09 2.429730e-14 7.073855e-09 max_cap1163
 4.792954e-09 2.278979e-09 2.429730e-14 7.071959e-09 wire834
 1.814759e-09 5.255762e-09 6.782523e-14 7.070589e-09 wire9055
 3.365683e-09 3.703150e-09 2.429730e-14 7.068857e-09 wire11085
 3.570796e-09 3.496985e-09 2.429730e-14 7.067805e-09 max_cap10542
 4.035588e-09 3.023817e-09 2.429730e-14 7.059430e-09 wire4524
 1.852572e-09 5.204865e-09 2.429730e-14 7.057461e-09 wire2424
 1.775014e-09 5.281884e-09 2.429730e-14 7.056922e-09 max_cap1392
 3.358783e-09 3.697649e-09 2.429730e-14 7.056457e-09 max_cap7676
 3.592525e-09 3.462258e-09 2.429730e-14 7.054808e-09 wire3796
 2.538618e-09 4.514203e-09 2.429730e-14 7.052846e-09 max_cap4088
 3.600342e-09 3.443580e-09 2.429730e-14 7.043946e-09 max_cap963
 4.248684e-09 2.793716e-09 2.429730e-14 7.042425e-09 max_cap5584
 2.625739e-09 4.412520e-09 2.429730e-14 7.038283e-09 wire7510
 1.548812e-09 5.488758e-09 2.429730e-14 7.037595e-09 max_cap4592
 4.441140e-09 2.592075e-09 2.429730e-14 7.033239e-09 max_cap3637
 1.977795e-09 5.054245e-09 2.429730e-14 7.032065e-09 max_cap5118
 3.684077e-09 3.347876e-09 2.429730e-14 7.031977e-09 max_cap5822
 3.229757e-09 3.797692e-09 2.429730e-14 7.027474e-09 wire8234
 3.322750e-09 3.701231e-09 2.429730e-14 7.024006e-09 max_cap10665
 3.205217e-09 3.815609e-09 2.429730e-14 7.020850e-09 max_cap9988
 3.443657e-09 3.576394e-09 2.429730e-14 7.020076e-09 wire3809
 3.705095e-09 3.314238e-09 2.429730e-14 7.019357e-09 max_cap1502
 3.110022e-09 3.907724e-09 2.429730e-14 7.017770e-09 max_cap8202
 3.740328e-09 3.271455e-09 2.429730e-14 7.011807e-09 max_cap932
 3.437206e-09 3.574132e-09 2.429730e-14 7.011363e-09 max_cap8387
 3.590621e-09 3.420465e-09 2.429730e-14 7.011110e-09 wire3792
 4.527137e-09 2.481663e-09 2.429730e-14 7.008825e-09 max_cap5867
 2.238029e-09 4.767226e-09 2.429730e-14 7.005279e-09 max_cap717
 4.365363e-09 2.636530e-09 2.429730e-14 7.001918e-09 max_cap5698
 4.587556e-09 2.414167e-09 2.429730e-14 7.001747e-09 max_cap1218
 3.251050e-09 3.750447e-09 2.429730e-14 7.001522e-09 max_cap4590
 3.882607e-09 3.118213e-09 2.429730e-14 7.000844e-09 max_cap8320
 3.581330e-09 3.416545e-09 2.429730e-14 6.997900e-09 max_cap1386
 4.271524e-09 2.725299e-09 2.429730e-14 6.996847e-09 max_cap8592
 4.320868e-09 2.675737e-09 2.429730e-14 6.996629e-09 max_cap1413
 3.471031e-09 3.523686e-09 2.429730e-14 6.994741e-09 wire3797
 4.170337e-09 2.822792e-09 2.429730e-14 6.993153e-09 max_cap3635
 3.279806e-09 3.711101e-09 2.429730e-14 6.990932e-09 max_cap8453
 2.911662e-09 4.077298e-09 2.429730e-14 6.988984e-09 wire8052
 4.200186e-09 2.788269e-09 2.429730e-14 6.988480e-09 max_cap5690
 2.623069e-09 4.364847e-09 2.429730e-14 6.987940e-09 wire5300
 3.423382e-09 3.564159e-09 2.429730e-14 6.987566e-09 hold3434
 3.480072e-09 3.505891e-09 7.745706e-14 6.986041e-09 max_cap2608
 1.831132e-09 5.153102e-09 2.429730e-14 6.984259e-09 hold812
 2.819937e-09 4.164182e-09 2.429730e-14 6.984144e-09 wire8056
 1.925122e-09 5.058790e-09 2.429730e-14 6.983937e-09 max_cap9018
 3.188233e-09 3.792018e-09 2.429730e-14 6.980275e-09 wire3666
 3.187656e-09 3.789856e-09 2.429730e-14 6.977536e-09 max_cap4192
 3.900336e-09 3.072382e-09 2.429730e-14 6.972742e-09 max_cap5732
 3.468302e-09 3.501809e-09 2.429730e-14 6.970135e-09 wire2377
 2.742386e-09 4.226175e-09 1.402058e-13 6.968702e-09 output28
 4.101658e-09 2.862024e-09 2.429730e-14 6.963707e-09 max_cap1484
 4.023379e-09 2.940282e-09 2.429730e-14 6.963686e-09 max_cap8323
 4.381849e-09 2.579439e-09 2.429730e-14 6.961312e-09 max_cap5567
 3.205467e-09 3.752769e-09 2.429730e-14 6.958261e-09 max_cap5629
 4.575607e-09 2.376499e-09 2.429730e-14 6.952131e-09 wire8522
 2.085929e-09 4.855019e-09 6.778309e-14 6.941015e-09 wire6556
 4.321655e-09 2.617604e-09 2.429730e-14 6.939283e-09 max_cap904
 2.680956e-09 4.257778e-09 2.429730e-14 6.938758e-09 max_cap5633
 2.491806e-09 4.446508e-09 2.429730e-14 6.938338e-09 max_cap777
 2.900729e-09 4.036811e-09 2.429730e-14 6.937565e-09 max_cap5725
 2.546604e-09 4.390925e-09 2.429730e-14 6.937554e-09 max_cap1069
 3.822525e-09 3.113822e-09 2.429730e-14 6.936371e-09 max_cap8514
 3.352646e-09 3.582695e-09 2.429730e-14 6.935366e-09 max_cap8279
 1.948132e-09 4.986855e-09 2.429730e-14 6.935011e-09 wire4362
 2.518971e-09 4.412023e-09 6.917694e-14 6.931063e-09 wire9544
 2.234642e-09 4.695898e-09 2.429730e-14 6.930565e-09 wire6611
 2.851789e-09 4.076677e-09 6.989881e-14 6.928536e-09 wire5504
 2.538365e-09 4.389518e-09 2.429730e-14 6.927908e-09 max_cap4089
 4.348470e-09 2.575952e-09 2.429730e-14 6.924446e-09 max_cap995
 3.177188e-09 3.742573e-09 2.429730e-14 6.919786e-09 max_cap5663
 2.826114e-09 4.091780e-09 2.429730e-14 6.917919e-09 max_cap5650
 3.253019e-09 3.661156e-09 2.429730e-14 6.914200e-09 max_cap9206
 4.607702e-09 2.297140e-09 2.429730e-14 6.904866e-09 wire463
 1.835757e-09 5.067546e-09 2.429730e-14 6.903327e-09 wire434
 4.332732e-09 2.566009e-09 2.429730e-14 6.898765e-09 max_cap8374
 3.282254e-09 3.616042e-09 2.429730e-14 6.898320e-09 max_cap8140
 2.482462e-09 4.407006e-09 2.429730e-14 6.889492e-09 max_cap10049
 3.233642e-09 3.652092e-09 2.429730e-14 6.885758e-09 max_cap3727
 4.878780e-09 2.005127e-09 2.429730e-14 6.883932e-09 max_cap865
 4.448292e-09 2.429288e-09 2.429730e-14 6.877604e-09 max_cap6141
 2.355929e-09 4.518137e-09 2.429730e-14 6.874090e-09 wire2739
 3.739038e-09 3.134966e-09 2.429730e-14 6.874028e-09 max_cap8717
 1.835958e-09 5.035259e-09 2.429730e-14 6.871242e-09 max_cap7852
 3.037713e-09 3.831127e-09 2.429730e-14 6.868864e-09 max_cap1399
 2.486551e-09 4.380348e-09 2.429730e-14 6.866923e-09 max_cap6823
 1.762071e-09 5.103541e-09 2.429730e-14 6.865637e-09 wire4759
 3.354919e-09 3.510658e-09 2.429730e-14 6.865601e-09 wire8054
 3.484973e-09 3.378516e-09 2.429730e-14 6.863513e-09 max_cap8022
 2.497113e-09 4.364946e-09 2.429730e-14 6.862083e-09 max_cap2304
 3.679358e-09 3.181520e-09 2.429730e-14 6.860903e-09 wire8873
 4.086707e-09 2.773353e-09 2.429730e-14 6.860084e-09 max_cap3647
 3.285430e-09 3.570518e-09 2.429730e-14 6.855972e-09 max_cap11192
 4.341093e-09 2.514546e-09 2.429730e-14 6.855664e-09 max_cap3663
 2.891237e-09 3.964013e-09 2.429730e-14 6.855275e-09 max_cap10162
 3.431738e-09 3.423412e-09 2.429730e-14 6.855174e-09 max_cap8144
 1.953516e-09 4.900264e-09 2.429730e-14 6.853804e-09 max_cap10238
 2.233690e-09 4.619419e-09 2.429730e-14 6.853133e-09 max_cap1478
 4.434583e-09 2.413982e-09 2.429730e-14 6.848590e-09 max_cap1000
 2.635862e-09 4.211449e-09 2.429730e-14 6.847335e-09 wire6170
 2.803172e-09 4.041059e-09 2.429730e-14 6.844256e-09 wire11303
 3.461355e-09 3.381028e-09 2.429730e-14 6.842408e-09 wire989
 3.372219e-09 3.469876e-09 2.429730e-14 6.842120e-09 wire11332
 4.310931e-09 2.529199e-09 2.429730e-14 6.840155e-09 max_cap3573
 4.086560e-09 2.750917e-09 2.429730e-14 6.837503e-09 max_cap7992
 4.559851e-09 2.272545e-09 2.429730e-14 6.832420e-09 max_cap2256
 3.279081e-09 3.552902e-09 2.429730e-14 6.832008e-09 max_cap10154
 3.906811e-09 2.924175e-09 2.429730e-14 6.831010e-09 max_cap5684
 4.254797e-09 2.575579e-09 2.429730e-14 6.830401e-09 max_cap8334
 3.688972e-09 3.134630e-09 2.429730e-14 6.823626e-09 wire10126
 1.572692e-09 5.248922e-09 2.429730e-14 6.821639e-09 max_cap6445
 3.674474e-09 3.146350e-09 2.429730e-14 6.820848e-09 max_cap5783
 4.093670e-09 2.726433e-09 2.429730e-14 6.820127e-09 max_cap1665
 1.934604e-09 4.884628e-09 2.429730e-14 6.819257e-09 wire4367
 2.845239e-09 3.973589e-09 2.429730e-14 6.818852e-09 max_cap10008
 3.678099e-09 3.140362e-09 2.429730e-14 6.818486e-09 max_cap5859
 3.559959e-09 3.249863e-09 2.429730e-14 6.809846e-09 max_cap9767
 4.305321e-09 2.503406e-09 2.429730e-14 6.808752e-09 max_cap3694
 3.347054e-09 3.456351e-09 2.429730e-14 6.803429e-09 wire8679
 3.746405e-09 3.055967e-09 2.429730e-14 6.802396e-09 max_cap10538
 3.212803e-09 3.586162e-09 2.429730e-14 6.798989e-09 wire8300
 2.845687e-09 3.953226e-09 2.429730e-14 6.798937e-09 max_cap7176
 3.466628e-09 3.330957e-09 2.429730e-14 6.797609e-09 max_cap11144
 1.534738e-09 5.262200e-09 2.429730e-14 6.796963e-09 max_cap9013
 2.680420e-09 4.116248e-09 2.429730e-14 6.796692e-09 wire6165
 3.589108e-09 3.206213e-09 2.429730e-14 6.795345e-09 wire3795
 4.416262e-09 2.377134e-09 2.429730e-14 6.793420e-09 max_cap1909
 2.935254e-09 3.857516e-09 2.429730e-14 6.792794e-09 wire11034
 2.287373e-09 4.501728e-09 2.429730e-14 6.789125e-09 wire6085
 1.816613e-09 4.972411e-09 6.813225e-14 6.789092e-09 wire9598
 3.469747e-09 3.318451e-09 2.429730e-14 6.788223e-09 wire2373
 3.492342e-09 3.295302e-09 2.429730e-14 6.787669e-09 max_cap1423
 7.105616e-10 6.072515e-09 7.836477e-14 6.783155e-09 wire419
 4.970419e-09 1.808597e-09 2.429730e-14 6.779040e-09 wire193
 3.825009e-09 2.951508e-09 2.429730e-14 6.776542e-09 max_cap8263
 1.829536e-09 4.945202e-09 2.429730e-14 6.774763e-09 wire7851
 2.543751e-09 4.229122e-09 6.917588e-14 6.772942e-09 wire9543
 2.043720e-09 4.725806e-09 2.429730e-14 6.769551e-09 max_cap10372
 3.936654e-09 2.832793e-09 2.429730e-14 6.769471e-09 max_cap8670
 4.461107e-09 2.307576e-09 2.429730e-14 6.768707e-09 max_cap857
 3.412491e-09 3.350999e-09 2.429730e-14 6.763515e-09 wire3810
 3.398123e-09 3.364567e-09 2.429730e-14 6.762714e-09 max_cap8411
 2.541810e-09 4.218913e-09 2.429730e-14 6.760748e-09 max_cap190
 3.258200e-09 3.495179e-09 2.429730e-14 6.753404e-09 max_cap1673
 4.251351e-09 2.501364e-09 2.429730e-14 6.752739e-09 max_cap1553
 4.371593e-09 2.380390e-09 2.429730e-14 6.752007e-09 wire3972
 1.490914e-09 5.259778e-09 2.429730e-14 6.750716e-09 wire9136
 3.160728e-09 3.587962e-09 2.429730e-14 6.748715e-09 max_cap9209
 2.191147e-09 4.553456e-09 2.429730e-14 6.744628e-09 wire9547
 5.341745e-09 1.400033e-09 7.448026e-14 6.741852e-09 hold2350
 2.518185e-09 4.218670e-09 2.429730e-14 6.736879e-09 max_cap9195
 3.414786e-09 3.319913e-09 2.429730e-14 6.734724e-09 max_cap5752
 4.402373e-09 2.329685e-09 2.429730e-14 6.732082e-09 max_cap6160
 3.399238e-09 3.332319e-09 7.728700e-14 6.731635e-09 max_cap6706
 3.466269e-09 3.264142e-09 2.429730e-14 6.730436e-09 wire11256
 1.383594e-09 5.337790e-09 2.429730e-14 6.721408e-09 hold7461
 3.721472e-09 2.998655e-09 2.429730e-14 6.720152e-09 wire10685
 3.270978e-09 3.447469e-09 2.429730e-14 6.718471e-09 wire8273
 4.273540e-09 2.442638e-09 2.429730e-14 6.716202e-09 max_cap3982
 2.128048e-09 4.585560e-09 2.429730e-14 6.713633e-09 max_cap11619
 2.129736e-09 4.582646e-09 2.429730e-14 6.712406e-09 max_cap1390
 3.339630e-09 3.372598e-09 2.429730e-14 6.712253e-09 wire10905
 2.908663e-09 3.799447e-09 2.429730e-14 6.708135e-09 max_cap5524
 2.957643e-09 3.749347e-09 2.429730e-14 6.707015e-09 wire4235
 2.082259e-09 4.617286e-09 2.429730e-14 6.699569e-09 max_cap4364
 3.099058e-09 3.598798e-09 2.429730e-14 6.697880e-09 wire4677
 3.320890e-09 3.374394e-09 2.429730e-14 6.695308e-09 wire11229
 3.681867e-09 3.012800e-09 2.429730e-14 6.694691e-09 max_cap915
 1.825268e-09 4.868341e-09 6.782435e-14 6.693678e-09 wire9054
 1.813072e-09 4.880008e-09 2.429730e-14 6.693104e-09 max_cap511
 2.954702e-09 3.738091e-09 2.429730e-14 6.692817e-09 wire8198
 2.372569e-09 4.318013e-09 2.429730e-14 6.690606e-09 max_cap8643
 3.353701e-09 3.336830e-09 2.429730e-14 6.690555e-09 max_cap11163
 2.356845e-09 4.331031e-09 2.429730e-14 6.687900e-09 wire332
 3.001793e-09 3.685759e-09 2.429730e-14 6.687577e-09 max_cap7931
 3.087312e-09 3.597118e-09 2.429730e-14 6.684453e-09 max_cap8435
 3.877010e-09 2.803043e-09 2.429730e-14 6.680077e-09 max_cap5739
 2.010405e-09 4.667446e-09 6.823674e-14 6.677919e-09 wire3926
 3.043792e-09 3.627015e-09 2.429730e-14 6.670831e-09 max_cap2243
 3.819808e-09 2.849301e-09 2.429730e-14 6.669133e-09 wire1015
 5.110356e-09 1.551317e-09 2.429730e-14 6.661697e-09 max_cap2259
 3.313319e-09 3.342620e-09 2.429730e-14 6.655963e-09 max_cap8576
 3.693301e-09 2.961439e-09 2.429730e-14 6.654764e-09 max_cap8580
 3.815084e-09 2.838890e-09 2.429730e-14 6.653998e-09 max_cap8724
 3.091810e-09 3.562082e-09 2.429730e-14 6.653916e-09 max_cap8864
 3.429435e-09 3.223250e-09 1.384918e-13 6.652824e-09 output17
 3.942639e-09 2.709430e-09 2.429730e-14 6.652094e-09 wire6130
 3.017734e-09 3.633993e-09 2.429730e-14 6.651752e-09 wire7995
 3.018895e-09 3.631707e-09 2.429730e-14 6.650626e-09 max_cap11029
 4.151115e-09 2.499082e-09 2.429730e-14 6.650221e-09 wire920
 1.953747e-09 4.695427e-09 6.811117e-14 6.649242e-09 wire7246
 2.424628e-09 4.221551e-09 2.429730e-14 6.646204e-09 max_cap10110
 2.910588e-09 3.732419e-09 2.429730e-14 6.643031e-09 max_cap8414
 1.743208e-09 4.899608e-09 2.429730e-14 6.642840e-09 wire4756
 1.865770e-09 4.773359e-09 2.429730e-14 6.639155e-09 max_cap2288
 3.632798e-09 3.005565e-09 2.429730e-14 6.638387e-09 max_cap1483
 1.822096e-09 4.814132e-09 2.429730e-14 6.636253e-09 wire4764
 3.819155e-09 2.814423e-09 2.429730e-14 6.633603e-09 max_cap1016
 4.026658e-09 2.605665e-09 2.429730e-14 6.632347e-09 max_cap7981
 3.105740e-09 3.525573e-09 2.429730e-14 6.631338e-09 max_cap8103
 1.985054e-09 4.645725e-09 2.429730e-14 6.630803e-09 max_cap5003
 3.430990e-09 3.198567e-09 2.429730e-14 6.629581e-09 wire3808
 2.873934e-09 3.752485e-09 2.429730e-14 6.626443e-09 max_cap8164
 3.488413e-09 3.136344e-09 2.429730e-14 6.624781e-09 wire8768
 3.492327e-09 3.128628e-09 2.429730e-14 6.620979e-09 max_cap8199
 3.897463e-09 2.722041e-09 2.429730e-14 6.619528e-09 wire1683
 3.230505e-09 3.386609e-09 2.429730e-14 6.617138e-09 max_cap9207
 2.412344e-09 4.203269e-09 2.429730e-14 6.615637e-09 wire1487
 3.237007e-09 3.374979e-09 2.429730e-14 6.612010e-09 wire8495
 4.496777e-09 2.114726e-09 2.429730e-14 6.611528e-09 wire974
 4.303255e-09 2.306664e-09 2.429730e-14 6.609943e-09 max_cap5537
 2.171188e-09 4.437896e-09 6.782013e-14 6.609152e-09 wire9065
 3.145894e-09 3.462340e-09 2.429730e-14 6.608258e-09 wire4193
 4.192230e-09 2.410036e-09 2.429730e-14 6.602291e-09 max_cap5681
 3.171102e-09 3.428664e-09 2.429730e-14 6.599790e-09 max_cap8744
 3.316150e-09 3.283027e-09 2.429730e-14 6.599202e-09 max_cap8575
 2.963192e-09 3.634932e-09 2.429730e-14 6.598149e-09 wire2039
 2.875090e-09 3.722629e-09 1.364814e-13 6.597856e-09 output38
 1.918514e-09 4.675354e-09 6.811419e-14 6.593937e-09 max_cap7253
 4.460667e-09 2.133123e-09 2.429730e-14 6.593814e-09 max_cap5777
 4.444639e-09 2.146585e-09 2.429730e-14 6.591249e-09 max_cap7198
 3.669388e-09 2.918506e-09 2.429730e-14 6.587918e-09 max_cap8423
 4.507464e-09 2.080324e-09 2.429730e-14 6.587812e-09 wire8337
 3.518899e-09 3.061825e-09 2.429730e-14 6.580748e-09 max_cap8338
 3.246737e-09 3.332694e-09 2.429730e-14 6.579456e-09 max_cap11012
 3.449925e-09 3.128824e-09 2.429730e-14 6.578773e-09 max_cap7081
 1.823663e-09 4.753094e-09 2.429730e-14 6.576782e-09 wire4761
 3.810315e-09 2.756905e-09 2.429730e-14 6.567245e-09 wire8450
 2.077337e-09 4.489475e-09 2.429730e-14 6.566836e-09 wire5277
 3.642227e-09 2.919182e-09 2.429730e-14 6.561433e-09 max_cap1287
 2.883894e-09 3.677327e-09 2.429730e-14 6.561245e-09 wire8396
 3.297268e-09 3.260803e-09 2.429730e-14 6.558095e-09 max_cap8861
 1.788349e-09 4.766272e-09 2.429730e-14 6.554645e-09 hold8160
 4.213917e-09 2.338408e-09 2.429730e-14 6.552349e-09 wire921
 3.435541e-09 3.114412e-09 2.429730e-14 6.549977e-09 wire3100
 3.589891e-09 2.957245e-09 2.429730e-14 6.547161e-09 wire3794
 2.717115e-09 3.828252e-09 2.429730e-14 6.545392e-09 max_cap10747
 3.277923e-09 3.264962e-09 6.830924e-14 6.542954e-09 wire5275
 3.435573e-09 3.103078e-09 2.429730e-14 6.538675e-09 max_cap8154
 3.441232e-09 3.096307e-09 2.429730e-14 6.537564e-09 max_cap5779
 3.399610e-09 3.137681e-09 2.429730e-14 6.537315e-09 max_cap3832
 5.233783e-09 1.298588e-09 7.291927e-14 6.532444e-09 max_cap10852
 2.483559e-09 4.044904e-09 6.764388e-14 6.528531e-09 max_cap757
 1.700624e-09 4.824146e-09 2.429730e-14 6.524795e-09 wire3908
 3.357678e-09 3.162842e-09 2.429730e-14 6.520545e-09 wire4319
 3.459308e-09 3.059608e-09 2.429730e-14 6.518940e-09 wire2375
 1.820932e-09 4.696544e-09 6.782635e-14 6.517543e-09 wire9061
 4.528196e-09 1.986944e-09 2.429730e-14 6.515164e-09 max_cap5776
 4.213225e-09 2.301231e-09 2.429730e-14 6.514481e-09 max_cap922
 3.662918e-09 2.849276e-09 2.429730e-14 6.512219e-09 max_cap5530
 3.115895e-09 3.393112e-09 2.429730e-14 6.509032e-09 wire2238
 3.512708e-09 2.995600e-09 2.429730e-14 6.508332e-09 wire10558
 2.896766e-09 3.609501e-09 2.429730e-14 6.506292e-09 max_cap10897
 3.870925e-09 2.631273e-09 2.429730e-14 6.502222e-09 max_cap8493
 1.670744e-09 4.830178e-09 2.429730e-14 6.500946e-09 wire5002
 2.723579e-09 3.772910e-09 2.429730e-14 6.496513e-09 max_cap10535
 4.466939e-09 2.029181e-09 2.429730e-14 6.496144e-09 wire3721
 2.200495e-09 4.295102e-09 2.429730e-14 6.495621e-09 max_cap2220
 1.374758e-09 5.120212e-09 2.429730e-14 6.494994e-09 max_cap7504
 3.434212e-09 3.060485e-09 2.429730e-14 6.494722e-09 max_cap5912
 3.533670e-09 2.958430e-09 2.429730e-14 6.492125e-09 max_cap10730
 1.982960e-09 4.507850e-09 2.429730e-14 6.490835e-09 max_cap4608
 3.465430e-09 3.025024e-09 2.429730e-14 6.490479e-09 max_cap8235
 4.647351e-09 1.837513e-09 7.494005e-14 6.484939e-09 hold2160
 2.405667e-09 4.078065e-09 2.429730e-14 6.483756e-09 wire294
 2.857835e-09 3.623083e-09 2.429730e-14 6.480942e-09 wire8400
 3.884979e-09 2.594502e-09 2.429730e-14 6.479506e-09 max_cap1213
 1.975524e-09 4.501714e-09 2.429730e-14 6.477263e-09 wire5117
 2.958900e-09 3.510753e-09 2.429730e-14 6.469677e-09 max_cap5724
 5.410776e-09 1.057752e-09 7.314083e-14 6.468602e-09 wire10964
 1.889645e-09 4.577299e-09 2.429730e-14 6.466969e-09 wire9707
 4.040145e-09 2.424190e-09 2.429730e-14 6.464360e-09 max_cap8545
 4.347037e-09 2.117178e-09 2.429730e-14 6.464240e-09 max_cap5815
 3.503196e-09 2.959001e-09 2.429730e-14 6.462221e-09 hold3734
 3.602652e-09 2.859347e-09 2.429730e-14 6.462023e-09 max_cap8055
 3.555696e-09 2.897975e-09 2.429730e-14 6.453696e-09 max_cap1239
 1.409142e-09 5.043834e-09 2.429730e-14 6.453000e-09 max_cap4833
 3.525073e-09 2.927820e-09 2.429730e-14 6.452917e-09 max_cap8285
 1.903130e-09 4.544692e-09 2.429730e-14 6.447847e-09 max_cap5115
 1.740443e-09 4.706973e-09 6.799013e-14 6.447485e-09 wire8965
 4.150694e-09 2.295443e-09 2.429730e-14 6.446162e-09 max_cap5556
 1.611623e-09 4.834265e-09 7.301566e-14 6.445960e-09 wire11879
 4.063001e-09 2.380184e-09 2.429730e-14 6.443209e-09 max_cap1192
 2.366293e-09 4.074971e-09 2.429730e-14 6.441289e-09 wire5279
 3.437426e-09 3.003141e-09 2.429730e-14 6.440591e-09 max_cap10598
 2.942470e-09 3.491079e-09 2.429730e-14 6.433573e-09 max_cap10782
 4.126496e-09 2.306443e-09 2.429730e-14 6.432963e-09 max_cap10804
 4.141586e-09 2.286678e-09 2.429730e-14 6.428289e-09 max_cap1434
 2.470907e-09 3.956505e-09 2.429730e-14 6.427437e-09 max_cap5666
 3.996471e-09 2.430448e-09 2.429730e-14 6.426943e-09 wire2727
 3.690258e-09 2.732601e-09 2.429730e-14 6.422883e-09 max_cap11378
 3.899036e-09 2.523395e-09 2.429730e-14 6.422455e-09 max_cap5550
 3.745726e-09 2.674245e-09 2.429730e-14 6.419996e-09 max_cap8405
 1.610852e-09 4.799405e-09 6.863381e-14 6.410326e-09 wire6475
 4.100840e-09 2.300669e-09 2.429730e-14 6.401534e-09 max_cap5616
 4.239716e-09 2.160254e-09 2.429730e-14 6.399995e-09 max_cap7777
 1.750269e-09 4.645112e-09 2.429730e-14 6.395406e-09 max_cap10861
 2.155511e-09 4.235855e-09 2.429730e-14 6.391390e-09 wire6606
 3.624657e-09 2.766628e-09 2.429730e-14 6.391310e-09 wire328
 3.672252e-09 2.718792e-09 2.429730e-14 6.391068e-09 max_cap8237
 4.555105e-09 1.834118e-09 2.429730e-14 6.389247e-09 max_cap8523
 2.652616e-09 3.733462e-09 2.429730e-14 6.386103e-09 max_cap7243
 3.832685e-09 2.553202e-09 2.429730e-14 6.385912e-09 max_cap10738
 3.780971e-09 2.603854e-09 2.429730e-14 6.384849e-09 max_cap1231
 3.116065e-09 3.265443e-09 2.429730e-14 6.381531e-09 wire11120
 3.038972e-09 3.342429e-09 2.429730e-14 6.381426e-09 max_cap8540
 2.543294e-09 3.835376e-09 2.429730e-14 6.378695e-09 max_cap1147
 3.748616e-09 2.628604e-09 2.429730e-14 6.377245e-09 max_cap8465
 2.575280e-09 3.801822e-09 2.429730e-14 6.377126e-09 wire8224
 1.861870e-09 4.514774e-09 2.429730e-14 6.376669e-09 wire9701
 4.220715e-09 2.147567e-09 2.429730e-14 6.368306e-09 max_cap5594
 2.089443e-09 4.278692e-09 2.429730e-14 6.368159e-09 max_cap5770
 3.200842e-09 3.167009e-09 2.429730e-14 6.367876e-09 max_cap8268
 3.144947e-09 3.221804e-09 2.429730e-14 6.366775e-09 wire11265
 4.027677e-09 2.335675e-09 2.429730e-14 6.363376e-09 max_cap3671
 2.656008e-09 3.706084e-09 2.429730e-14 6.362117e-09 wire7505
 3.350221e-09 3.011241e-09 2.429730e-14 6.361486e-09 max_cap8579
 3.888718e-09 2.472561e-09 2.429730e-14 6.361303e-09 max_cap10179
 3.042496e-09 3.318276e-09 2.429730e-14 6.360796e-09 wire2242
 1.808757e-09 4.549221e-09 2.429730e-14 6.358003e-09 max_cap606
 3.603005e-09 2.753334e-09 2.429730e-14 6.356364e-09 max_cap8178
 2.162524e-09 4.192490e-09 2.429730e-14 6.355039e-09 wire7520
 4.324537e-09 2.027905e-09 2.429730e-14 6.352467e-09 max_cap5620
 3.516547e-09 2.833144e-09 2.429730e-14 6.349715e-09 max_cap1238
 3.846673e-09 2.501493e-09 2.429730e-14 6.348190e-09 max_cap1206
 2.475360e-09 3.871853e-09 2.429730e-14 6.347238e-09 wire2302
 2.624545e-09 3.722469e-09 2.429730e-14 6.347038e-09 max_cap10256
 1.220252e-09 5.126422e-09 2.429730e-14 6.346699e-09 wire4962
 3.330314e-09 3.015744e-09 2.429730e-14 6.346082e-09 max_cap10720
 3.516029e-09 2.826285e-09 2.429730e-14 6.342339e-09 wire986
 3.812323e-09 2.528667e-09 2.429730e-14 6.341014e-09 wire8591
 3.073125e-09 3.267016e-09 2.429730e-14 6.340166e-09 max_cap1288
 3.240931e-09 3.098481e-09 2.429730e-14 6.339437e-09 wire11167
 1.321812e-09 5.017104e-09 7.818116e-14 6.338994e-09 fanout3732
 3.125338e-09 3.213476e-09 2.429730e-14 6.338839e-09 max_cap8003
 2.563689e-09 3.774111e-09 2.429730e-14 6.337824e-09 max_cap10829
 2.993129e-09 3.341098e-09 2.429730e-14 6.334251e-09 max_cap5517
 2.251200e-09 4.082935e-09 2.429730e-14 6.334159e-09 wire6712
 3.555084e-09 2.778625e-09 2.429730e-14 6.333734e-09 max_cap8301
 3.416111e-09 2.908723e-09 2.429730e-14 6.324858e-09 wire11087
 3.150201e-09 3.170390e-09 2.429730e-14 6.320616e-09 max_cap8492
 3.221129e-09 3.098392e-09 2.429730e-14 6.319545e-09 max_cap5846
 3.574836e-09 2.743158e-09 2.429730e-14 6.318019e-09 max_cap8233
 2.740827e-09 3.573987e-09 2.429730e-14 6.314838e-09 max_cap5515
 3.011553e-09 3.302065e-09 2.429730e-14 6.313642e-09 max_cap1393
 4.327112e-09 1.985559e-09 2.429730e-14 6.312696e-09 max_cap3709
 3.474676e-09 2.837478e-09 2.429730e-14 6.312178e-09 max_cap8865
 4.440569e-09 1.869880e-09 2.429730e-14 6.310473e-09 max_cap975
 3.174156e-09 3.135962e-09 2.429730e-14 6.310143e-09 max_cap7993
 3.575826e-09 2.733722e-09 2.429730e-14 6.309573e-09 max_cap11188
 3.465672e-09 2.841613e-09 2.429730e-14 6.307310e-09 max_cap11061
 3.169409e-09 3.134739e-09 2.429730e-14 6.304172e-09 max_cap8138
 3.467824e-09 2.836229e-09 2.429730e-14 6.304078e-09 wire2372
 1.921149e-09 4.379652e-09 2.429730e-14 6.300825e-09 wire107
 1.983858e-09 4.313277e-09 2.429730e-14 6.297159e-09 max_cap5008
 2.357523e-09 3.936934e-09 2.429730e-14 6.294481e-09 max_cap776
 3.081132e-09 3.212055e-09 2.429730e-14 6.293212e-09 max_cap8037
 4.114405e-09 2.178754e-09 2.429730e-14 6.293184e-09 max_cap8691
 3.458976e-09 2.831169e-09 2.429730e-14 6.290170e-09 max_cap8298
 3.522436e-09 2.767139e-09 2.429730e-14 6.289600e-09 max_cap5669
 2.524761e-09 3.763959e-09 2.429730e-14 6.288744e-09 wire2410
 2.003949e-09 4.282781e-09 2.429730e-14 6.286754e-09 wire5006
 3.441144e-09 2.843442e-09 2.429730e-14 6.284611e-09 max_cap8032
 2.656174e-09 3.627730e-09 2.429730e-14 6.283928e-09 wire6167
 2.475442e-09 3.807528e-09 2.429730e-14 6.282994e-09 max_cap10996
 3.451144e-09 2.830425e-09 2.429730e-14 6.281593e-09 max_cap8197
 1.832201e-09 4.447960e-09 2.429730e-14 6.280186e-09 max_cap579
 3.869201e-09 2.409697e-09 2.429730e-14 6.278922e-09 max_cap8236
 8.764932e-10 5.402212e-09 7.339545e-14 6.278778e-09 max_cap11895
 4.279064e-09 1.999474e-09 2.429730e-14 6.278563e-09 max_cap1670
 2.097000e-09 4.181291e-09 2.429730e-14 6.278315e-09 wire2337
 2.986485e-09 3.289975e-09 2.429730e-14 6.276485e-09 max_cap8547
 3.991376e-09 2.284933e-09 2.429730e-14 6.276334e-09 wire3774
 1.237719e-09 5.035410e-09 2.429730e-14 6.273154e-09 wire2868
 4.281145e-09 1.989904e-09 2.429730e-14 6.271074e-09 max_cap10889
 3.328933e-09 2.937078e-09 2.429730e-14 6.266035e-09 max_cap11241
 2.951414e-09 3.314186e-09 2.429730e-14 6.265624e-09 wire2034
 3.863486e-09 2.402022e-09 2.429730e-14 6.265533e-09 wire322
 2.237579e-09 4.027044e-09 2.429730e-14 6.264648e-09 max_cap9378
 2.078160e-09 4.183896e-09 2.429730e-14 6.262080e-09 wire10847
 3.872628e-09 2.388920e-09 2.429730e-14 6.261573e-09 max_cap8129
 3.912171e-09 2.342878e-09 2.429730e-14 6.255073e-09 max_cap5624
 1.825925e-09 4.428980e-09 6.782372e-14 6.254973e-09 wire9053
 2.675452e-09 3.579043e-09 6.842497e-14 6.254563e-09 wire5001
 2.111038e-09 4.141222e-09 2.429730e-14 6.252284e-09 wire4785
 3.744476e-09 2.505472e-09 2.429730e-14 6.249973e-09 max_cap8622
 3.114644e-09 3.133887e-09 2.429730e-14 6.248555e-09 max_cap5310
 3.720452e-09 2.526793e-09 2.429730e-14 6.247269e-09 max_cap8563
 2.947879e-09 3.294363e-09 2.429730e-14 6.242266e-09 max_cap8359
 1.582070e-09 4.659344e-09 2.429730e-14 6.241438e-09 wire8951
 2.880642e-09 3.358319e-09 6.801647e-14 6.239029e-09 max_cap290
 3.309869e-09 2.923848e-09 2.429730e-14 6.233742e-09 max_cap10507
 2.930364e-09 3.303288e-09 2.429730e-14 6.233677e-09 wire2038
 3.790615e-09 2.441414e-09 2.429730e-14 6.232053e-09 max_cap8102
 2.920363e-09 3.309758e-09 2.429730e-14 6.230145e-09 wire8375
 1.822352e-09 4.406708e-09 2.429730e-14 6.229084e-09 wire7855
 2.391258e-09 3.836029e-09 2.429730e-14 6.227312e-09 max_cap5274
 2.218635e-09 4.007669e-09 2.429730e-14 6.226328e-09 max_cap8109
 3.410456e-09 2.813028e-09 2.429730e-14 6.223509e-09 max_cap5671
 2.935130e-09 3.287888e-09 2.429730e-14 6.223042e-09 max_cap1469
 3.567739e-09 2.653281e-09 2.429730e-14 6.221045e-09 wire3983
 1.622997e-09 4.584141e-09 6.863297e-14 6.207206e-09 wire6474
 2.949703e-09 3.250361e-09 2.429730e-14 6.200088e-09 max_cap1681
 3.904082e-09 2.295612e-09 2.429730e-14 6.199719e-09 max_cap1052
 2.894395e-09 3.300793e-09 2.429730e-14 6.195212e-09 max_cap8215
 3.644884e-09 2.541162e-09 2.429730e-14 6.186070e-09 max_cap1631
 1.754055e-09 4.431100e-09 2.429730e-14 6.185180e-09 max_cap707
 3.626263e-09 2.553997e-09 2.429730e-14 6.180284e-09 max_cap8264
 3.868676e-09 2.308955e-09 2.429730e-14 6.177656e-09 max_cap8479
 3.335119e-09 2.841653e-09 2.429730e-14 6.176796e-09 max_cap7956
 1.936028e-09 4.240405e-09 2.429730e-14 6.176458e-09 max_cap566
 1.782421e-09 4.391253e-09 2.429730e-14 6.173699e-09 wire9703
 3.619717e-09 2.550104e-09 2.429730e-14 6.169846e-09 max_cap8174
 3.408196e-09 2.759544e-09 2.429730e-14 6.167764e-09 max_cap2821
 3.729326e-09 2.437748e-09 2.429730e-14 6.167099e-09 max_cap7964
 4.069868e-09 2.094988e-09 2.429730e-14 6.164881e-09 max_cap5605
 3.811029e-09 2.353806e-09 2.429730e-14 6.164859e-09 wire1014
 2.936478e-09 3.227095e-09 2.429730e-14 6.163598e-09 max_cap9731
 2.525785e-09 3.633817e-09 2.429730e-14 6.159626e-09 max_cap8071
 1.732936e-09 4.426299e-09 6.799116e-14 6.159303e-09 wire8961
 3.884339e-09 2.273617e-09 2.429730e-14 6.157981e-09 max_cap10836
 3.100477e-09 3.057421e-09 2.429730e-14 6.157922e-09 max_cap1752
 1.918306e-09 4.238323e-09 2.429730e-14 6.156654e-09 max_cap568
 2.094223e-09 4.061723e-09 6.757852e-14 6.156013e-09 max_cap453
 3.222374e-09 2.930377e-09 2.429730e-14 6.152776e-09 max_cap8749
 3.989356e-09 2.161126e-09 2.429730e-14 6.150506e-09 max_cap10938
 2.353522e-09 3.795568e-09 2.429730e-14 6.149115e-09 max_cap7211
 4.021635e-09 2.126709e-09 2.429730e-14 6.148368e-09 max_cap8038
 2.098841e-09 4.049071e-09 2.429730e-14 6.147936e-09 wire5278
 2.732787e-09 3.409608e-09 2.429730e-14 6.142419e-09 max_cap5592
 2.758920e-09 3.379855e-09 2.429730e-14 6.138799e-09 wire2311
 3.759193e-09 2.378965e-09 2.429730e-14 6.138182e-09 max_cap10604
 3.156204e-09 2.981094e-09 2.429730e-14 6.137322e-09 max_cap8644
 3.840861e-09 2.295641e-09 2.429730e-14 6.136526e-09 max_cap3675
 3.670356e-09 2.465876e-09 2.429730e-14 6.136256e-09 max_cap8566
 3.213158e-09 2.922190e-09 2.429730e-14 6.135373e-09 max_cap11140
 3.814154e-09 2.315305e-09 2.429730e-14 6.129484e-09 max_cap8594
 1.834494e-09 4.292790e-09 2.429730e-14 6.127308e-09 max_cap7854
 3.407118e-09 2.719928e-09 2.429730e-14 6.127071e-09 max_cap5695
 3.049660e-09 3.074649e-09 2.429730e-14 6.124333e-09 wire8190
 2.798870e-09 3.324457e-09 2.429730e-14 6.123352e-09 max_cap2249
 2.417217e-09 3.700230e-09 2.429730e-14 6.117471e-09 max_cap7709
 4.416071e-09 1.701278e-09 2.429730e-14 6.117373e-09 wire2928
 2.645560e-09 3.471264e-09 2.429730e-14 6.116849e-09 max_cap8876
 1.494728e-09 4.618935e-09 2.429730e-14 6.113688e-09 max_cap9340
 3.228064e-09 2.879215e-09 2.429730e-14 6.107303e-09 max_cap8645
 2.921036e-09 3.186106e-09 6.858147e-14 6.107210e-09 max_cap7856
 1.870226e-09 4.235715e-09 2.429730e-14 6.105966e-09 max_cap569
 2.053103e-09 4.052501e-09 2.429730e-14 6.105628e-09 wire5276
 1.944653e-09 4.157845e-09 2.429730e-14 6.102523e-09 wire4363
 3.551335e-09 2.550691e-09 2.429730e-14 6.102051e-09 wire11395
 3.100581e-09 2.997814e-09 2.429730e-14 6.098419e-09 max_cap8561
 1.621849e-09 4.475134e-09 6.792870e-14 6.097051e-09 wire4958
 2.662427e-09 3.432010e-09 2.429730e-14 6.094461e-09 max_cap7507
 4.490827e-09 1.602881e-09 2.429730e-14 6.093733e-09 max_cap876
 2.080179e-09 4.007346e-09 2.429730e-14 6.087550e-09 wire7695
 2.318276e-09 3.768862e-09 2.429730e-14 6.087162e-09 max_cap699
 3.348322e-09 2.737958e-09 2.429730e-14 6.086304e-09 wire2921
 1.861352e-09 4.224690e-09 2.429730e-14 6.086067e-09 max_cap9706
 2.677920e-09 3.406063e-09 2.429730e-14 6.084007e-09 wire7941
 3.954821e-09 2.129054e-09 2.429730e-14 6.083900e-09 max_cap10340
 2.897469e-09 3.185914e-09 2.429730e-14 6.083407e-09 wire8018
 3.119107e-09 2.963576e-09 2.429730e-14 6.082708e-09 max_cap8426
 3.310104e-09 2.769305e-09 2.429730e-14 6.079433e-09 max_cap8504
 2.486602e-09 3.588686e-09 2.429730e-14 6.075312e-09 max_cap10050
 3.399803e-09 2.674643e-09 2.429730e-14 6.074470e-09 max_cap11084
 1.570663e-09 4.502589e-09 2.429730e-14 6.073276e-09 wire9545
 2.993493e-09 3.079519e-09 2.429730e-14 6.073037e-09 max_cap6478
 1.741623e-09 4.330112e-09 6.799136e-14 6.071803e-09 wire8967
 3.947808e-09 2.123078e-09 2.429730e-14 6.070911e-09 wire10247
 2.775856e-09 3.293673e-09 7.408314e-14 6.069603e-09 hold56
 1.846159e-09 4.222626e-09 2.429730e-14 6.068810e-09 max_cap650
 3.645825e-09 2.421303e-09 2.429730e-14 6.067153e-09 max_cap8250
 1.496612e-09 4.569908e-09 6.807728e-14 6.066588e-09 wire9179
 2.946325e-09 3.119261e-09 2.429730e-14 6.065610e-09 max_cap1315
 2.030148e-09 4.034035e-09 2.429730e-14 6.064208e-09 wire2564
 4.045346e-09 2.018803e-09 2.429730e-14 6.064173e-09 max_cap1532
 4.606770e-09 1.453807e-09 7.313930e-14 6.060651e-09 max_cap10868
 2.944313e-09 3.114661e-09 2.429730e-14 6.058998e-09 wire2041
 4.120455e-09 1.935554e-09 2.429730e-14 6.056033e-09 max_cap8613
 3.629165e-09 2.422877e-09 2.429730e-14 6.052067e-09 max_cap11001
 3.895764e-09 2.156174e-09 2.429730e-14 6.051962e-09 wire3775
 2.749927e-09 3.301959e-09 2.429730e-14 6.051911e-09 max_cap2250
 3.055616e-09 2.991801e-09 2.429730e-14 6.047442e-09 max_cap1143
 4.040984e-09 2.006209e-09 2.429730e-14 6.047217e-09 max_cap7967
 4.046825e-09 1.999904e-09 2.429730e-14 6.046753e-09 max_cap5351
 3.904948e-09 2.141777e-09 2.429730e-14 6.046749e-09 max_cap10749
 3.497870e-09 2.547970e-09 2.429730e-14 6.045864e-09 max_cap8017
 3.619984e-09 2.425804e-09 2.429730e-14 6.045812e-09 wire10357
 2.355447e-09 3.682970e-09 2.429730e-14 6.038440e-09 max_cap336
 3.750598e-09 2.286862e-09 2.429730e-14 6.037485e-09 max_cap8872
 1.823424e-09 4.211271e-09 6.782181e-14 6.034764e-09 wire9050
 1.143587e-09 4.889595e-09 6.760385e-14 6.033249e-09 wire371
 3.812894e-09 2.216165e-09 2.429730e-14 6.029083e-09 max_cap978
 3.685049e-09 2.342135e-09 2.429730e-14 6.027209e-09 wire8360
 3.870449e-09 2.155712e-09 2.429730e-14 6.026185e-09 max_cap5856
 1.684427e-09 4.338912e-09 2.429730e-14 6.023363e-09 max_cap5947
 2.232073e-09 3.787870e-09 2.429730e-14 6.019968e-09 max_cap5293
 2.406144e-09 3.611286e-09 2.429730e-14 6.017454e-09 max_cap1067
 1.835160e-09 4.179087e-09 2.429730e-14 6.014271e-09 wire7853
 2.368163e-09 3.645468e-09 2.429730e-14 6.013655e-09 wire293
 2.917000e-09 3.096566e-09 2.429730e-14 6.013591e-09 max_cap8193
 2.868420e-09 3.135898e-09 2.429730e-14 6.004343e-09 wire8658
 3.737790e-09 2.264380e-09 2.429730e-14 6.002194e-09 max_cap10165
 3.264539e-09 2.734149e-09 2.429730e-14 5.998712e-09 max_cap8039
 3.575949e-09 2.421616e-09 2.429730e-14 5.997589e-09 max_cap8395
 1.916193e-09 4.080232e-09 6.811713e-14 5.996493e-09 wire9360
 3.535085e-09 2.460612e-09 2.429730e-14 5.995722e-09 max_cap8430
 3.661196e-09 2.325299e-09 2.429730e-14 5.986520e-09 max_cap10648
 1.796820e-09 4.188458e-09 2.429730e-14 5.985302e-09 max_cap605
 3.346862e-09 2.636369e-09 2.429730e-14 5.983255e-09 max_cap8648
 2.211052e-09 3.772109e-09 2.429730e-14 5.983185e-09 max_cap5508
 3.757305e-09 2.225737e-09 2.429730e-14 5.983066e-09 max_cap5718
 4.054568e-09 1.925412e-09 2.429730e-14 5.980004e-09 max_cap5657
 3.372451e-09 2.605592e-09 2.429730e-14 5.978068e-09 max_cap8436
 1.639406e-09 4.334316e-09 6.808186e-14 5.973790e-09 max_cap9004
 1.862962e-09 4.109311e-09 2.429730e-14 5.972298e-09 wire9705
 2.365020e-09 3.601293e-09 2.429730e-14 5.966337e-09 wire331
 3.982938e-09 1.976201e-09 2.429730e-14 5.959163e-09 max_cap10341
 2.922814e-09 3.035156e-09 2.429730e-14 5.957995e-09 max_cap7985
 3.813487e-09 2.142848e-09 2.429730e-14 5.956359e-09 max_cap5672
 2.938729e-09 3.015480e-09 2.429730e-14 5.954233e-09 wire2036
 2.932473e-09 3.020685e-09 2.429730e-14 5.953182e-09 wire2037
 3.074381e-09 2.876152e-09 2.429730e-14 5.950557e-09 max_cap8868
 2.528233e-09 3.419491e-09 2.429730e-14 5.947749e-09 wire236
 3.754533e-09 2.190488e-09 2.429730e-14 5.945045e-09 max_cap8311
 3.894540e-09 2.047533e-09 2.429730e-14 5.942097e-09 max_cap8494
 2.737970e-09 3.202619e-09 2.429730e-14 5.940613e-09 max_cap8509
 2.660592e-09 3.279041e-09 2.429730e-14 5.939657e-09 max_cap2267
 2.164946e-09 3.772634e-09 2.429730e-14 5.937605e-09 max_cap7522
 3.542683e-09 2.388543e-09 2.429730e-14 5.931251e-09 wire11059
 3.351127e-09 2.578107e-09 2.429730e-14 5.929258e-09 wire11067
 3.486619e-09 2.440111e-09 2.429730e-14 5.926755e-09 max_cap8869
 3.678562e-09 2.247816e-09 2.429730e-14 5.926403e-09 max_cap8383
 1.617352e-09 4.308520e-09 2.429730e-14 5.925897e-09 max_cap4844
 3.858142e-09 2.065731e-09 2.429730e-14 5.923897e-09 wire9992
 3.585301e-09 2.336301e-09 2.429730e-14 5.921625e-09 max_cap7929
 3.127276e-09 2.793605e-09 2.429730e-14 5.920905e-09 wire2240
 3.557937e-09 2.362414e-09 2.429730e-14 5.920375e-09 wire3783
 2.931605e-09 2.988395e-09 2.429730e-14 5.920024e-09 wire2033
 2.886321e-09 3.029832e-09 2.429730e-14 5.916177e-09 wire2045
 2.843267e-09 3.069398e-09 6.796864e-14 5.912733e-09 fanout9948
 3.689792e-09 2.222630e-09 2.429730e-14 5.912447e-09 max_cap10870
 3.616848e-09 2.293746e-09 2.429730e-14 5.910619e-09 max_cap8131
 1.531637e-09 4.370163e-09 6.798890e-14 5.901867e-09 wire8959
 3.717789e-09 2.183895e-09 2.429730e-14 5.901708e-09 max_cap8091
 2.812026e-09 3.086316e-09 2.429730e-14 5.898367e-09 max_cap7971
 1.761503e-09 4.136179e-09 2.429730e-14 5.897706e-09 max_cap10877
 2.787770e-09 3.106029e-09 2.429730e-14 5.893823e-09 max_cap10695
 1.670350e-09 4.222252e-09 2.429730e-14 5.892627e-09 max_cap2231
 1.866943e-09 4.025625e-09 2.429730e-14 5.892593e-09 max_cap2684
 8.472967e-10 5.045115e-09 2.429730e-14 5.892436e-09 wire6212
 2.941643e-09 2.949167e-09 2.429730e-14 5.890834e-09 wire2043
 2.557809e-09 3.330582e-09 2.429730e-14 5.888415e-09 max_cap189
 2.678758e-09 3.204518e-09 2.429730e-14 5.883300e-09 max_cap4792
 3.521604e-09 2.356888e-09 2.429730e-14 5.878516e-09 hold3491
 1.494788e-09 4.380754e-09 6.807559e-14 5.875610e-09 wire9176
 3.079081e-09 2.796442e-09 2.429730e-14 5.875548e-09 max_cap8422
 4.090243e-09 1.781658e-09 2.429730e-14 5.871926e-09 max_cap5865
 3.286373e-09 2.584243e-09 2.429730e-14 5.870640e-09 max_cap4317
 3.049236e-09 2.815533e-09 2.429730e-14 5.864794e-09 max_cap8467
 2.580450e-09 3.283989e-09 2.429730e-14 5.864463e-09 max_cap10813
 1.841308e-09 4.022667e-09 2.429730e-14 5.864000e-09 max_cap638
 2.644226e-09 3.219275e-09 2.429730e-14 5.863526e-09 max_cap2268
 1.708145e-09 4.153220e-09 2.429730e-14 5.861390e-09 wire11010
 2.939918e-09 2.920788e-09 2.429730e-14 5.860730e-09 max_cap8544
 3.558153e-09 2.302327e-09 2.429730e-14 5.860504e-09 max_cap5559
 4.063625e-09 1.792283e-09 2.429730e-14 5.855932e-09 wire8289
 3.407952e-09 2.445813e-09 2.429730e-14 5.853789e-09 max_cap8049
 1.611566e-09 4.239310e-09 2.429730e-14 5.850901e-09 max_cap738
 2.613064e-09 3.237473e-09 2.429730e-14 5.850562e-09 max_cap7512
 2.661815e-09 3.186955e-09 2.429730e-14 5.848795e-09 max_cap8635
 3.396025e-09 2.451240e-09 2.429730e-14 5.847289e-09 wire5021
 2.392214e-09 3.454371e-09 2.429730e-14 5.846609e-09 wire8642
 3.535081e-09 2.309228e-09 2.429730e-14 5.844333e-09 max_cap8556
 2.712413e-09 3.131650e-09 2.429730e-14 5.844087e-09 wire8335
 3.518851e-09 2.322555e-09 2.429730e-14 5.841430e-09 max_cap9972
 1.098478e-09 4.739075e-09 7.381637e-14 5.837627e-09 wire11875
 1.821320e-09 4.013070e-09 2.429730e-14 5.834415e-09 max_cap675
 3.635142e-09 2.196606e-09 2.429730e-14 5.831773e-09 max_cap8076
 2.484975e-09 3.340405e-09 2.429730e-14 5.825405e-09 max_cap239
 2.722571e-09 3.093339e-09 2.429730e-14 5.815934e-09 max_cap8114
 3.211072e-09 2.603035e-09 2.429730e-14 5.814131e-09 max_cap7955
 2.617500e-09 3.193468e-09 2.429730e-14 5.810993e-09 wire3816
 3.374133e-09 2.431610e-09 2.429730e-14 5.805768e-09 max_cap8589
 1.809413e-09 3.995816e-09 2.429730e-14 5.805253e-09 max_cap10659
 2.912320e-09 2.892533e-09 2.429730e-14 5.804877e-09 max_cap11150
 2.877450e-09 2.926562e-09 2.429730e-14 5.804037e-09 wire2309
 1.333900e-09 4.467811e-09 2.429730e-14 5.801735e-09 max_cap5744
 2.937283e-09 2.862481e-09 2.429730e-14 5.799788e-09 wire2042
 2.176143e-09 3.622157e-09 2.429730e-14 5.798324e-09 max_cap718
 3.420391e-09 2.377806e-09 2.429730e-14 5.798221e-09 wire3096
 3.119665e-09 2.674481e-09 2.429730e-14 5.794170e-09 max_cap8614
 3.609764e-09 2.181372e-09 2.429730e-14 5.791161e-09 max_cap11004
 3.488850e-09 2.301799e-09 2.429730e-14 5.790673e-09 max_cap5023
 3.276837e-09 2.512794e-09 2.429730e-14 5.789655e-09 max_cap5574
 3.482127e-09 2.307029e-09 2.429730e-14 5.789180e-09 wire5910
 2.518036e-09 3.265691e-09 2.429730e-14 5.783752e-09 wire2409
 3.978064e-09 1.804817e-09 2.429730e-14 5.782905e-09 max_cap10456
 3.243469e-09 2.538269e-09 2.429730e-14 5.781762e-09 max_cap5512
 3.687791e-09 2.091638e-09 2.429730e-14 5.779453e-09 max_cap8424
 3.303013e-09 2.471743e-09 2.429730e-14 5.774781e-09 max_cap7952
 2.764618e-09 3.004216e-09 2.429730e-14 5.768858e-09 max_cap2687
 2.934887e-09 2.833636e-09 2.429730e-14 5.768547e-09 wire2044
 1.609940e-09 4.157617e-09 2.429730e-14 5.767582e-09 max_cap10031
 2.518221e-09 3.248020e-09 2.429730e-14 5.766265e-09 wire238
 3.263456e-09 2.501233e-09 2.429730e-14 5.764714e-09 wire11013
 1.466584e-09 4.295190e-09 6.777902e-14 5.761842e-09 max_cap6553
 2.817538e-09 2.940069e-09 2.429730e-14 5.757632e-09 max_cap8457
 2.323436e-09 3.434125e-09 2.429730e-14 5.757585e-09 max_cap297
 2.727296e-09 3.028235e-09 2.429730e-14 5.755555e-09 max_cap6505
 1.813349e-09 3.940754e-09 2.429730e-14 5.754127e-09 max_cap110
 2.375296e-09 3.375205e-09 2.429730e-14 5.750526e-09 max_cap296
 1.515688e-09 4.234639e-09 2.429730e-14 5.750352e-09 max_cap10064
 2.478608e-09 3.271418e-09 2.429730e-14 5.750051e-09 max_cap1156
 3.769118e-09 1.977539e-09 2.429730e-14 5.746682e-09 max_cap8478
 1.478578e-09 4.267795e-09 6.778149e-14 5.746441e-09 wire6548
 2.974677e-09 2.771594e-09 2.429730e-14 5.746295e-09 max_cap5324
 2.808767e-09 2.936766e-09 2.429730e-14 5.745558e-09 wire11100
 3.565540e-09 2.178666e-09 2.429730e-14 5.744230e-09 max_cap8624
 3.807222e-09 1.932634e-09 2.429730e-14 5.739880e-09 max_cap10631
 2.612739e-09 3.126400e-09 2.429730e-14 5.739164e-09 wire7508
 3.470035e-09 2.266703e-09 2.429730e-14 5.736762e-09 max_cap10074
 1.126238e-09 4.605756e-09 2.429730e-14 5.732018e-09 max_cap9599
 1.652160e-09 4.074499e-09 6.792711e-14 5.726727e-09 wire4957
 2.551554e-09 3.171761e-09 2.429730e-14 5.723339e-09 max_cap8166
 2.976141e-09 2.746604e-09 2.429730e-14 5.722769e-09 hold7955
 2.111182e-09 3.608593e-09 2.429730e-14 5.719799e-09 wire7699
 2.908555e-09 2.811003e-09 2.429730e-14 5.719583e-09 wire2032
 2.744501e-09 2.974458e-09 2.429730e-14 5.718984e-09 wire2246
 1.456931e-09 4.257684e-09 2.429730e-14 5.714639e-09 max_cap10710
 2.624709e-09 3.088939e-09 2.429730e-14 5.713672e-09 wire3817
 1.505884e-09 4.203244e-09 6.806115e-14 5.709196e-09 wire6487
 2.576546e-09 3.132540e-09 2.429730e-14 5.709110e-09 max_cap1178
 9.344772e-10 4.774125e-09 7.837847e-14 5.708681e-09 max_cap2278
 3.333449e-09 2.372100e-09 2.429730e-14 5.705574e-09 max_cap1385
 3.446930e-09 2.258326e-09 2.429730e-14 5.705281e-09 max_cap3798
 3.271704e-09 2.432101e-09 2.429730e-14 5.703830e-09 max_cap1672
 1.402331e-09 4.301408e-09 2.429730e-14 5.703763e-09 wire2542
 1.620547e-09 4.082335e-09 2.429730e-14 5.702907e-09 max_cap10304
 3.470300e-09 2.229441e-09 2.429730e-14 5.699765e-09 max_cap8021
 1.787766e-09 3.911337e-09 2.429730e-14 5.699127e-09 wire225
 2.519101e-09 3.177524e-09 2.429730e-14 5.696649e-09 wire9171
 3.319231e-09 2.373773e-09 2.429730e-14 5.693028e-09 max_cap8515
 2.841134e-09 2.851658e-09 2.429730e-14 5.692817e-09 wire2030
 3.076065e-09 2.612186e-09 2.429730e-14 5.688276e-09 wire2079
 2.844496e-09 2.840840e-09 2.429730e-14 5.685361e-09 max_cap8449
 2.124926e-09 3.558567e-09 2.429730e-14 5.683517e-09 max_cap1255
 1.818024e-09 3.858444e-09 2.429730e-14 5.676493e-09 max_cap631
 1.818493e-09 3.856726e-09 2.429730e-14 5.675244e-09 wire226
 3.534796e-09 2.140409e-09 2.429730e-14 5.675229e-09 max_cap958
 1.380984e-09 4.293064e-09 6.782857e-14 5.674116e-09 wire6213
 1.818923e-09 3.853912e-09 7.786529e-14 5.672912e-09 max_cap9172
 4.186214e-09 1.480090e-09 2.429730e-14 5.666327e-09 wire8477
 3.769561e-09 1.896149e-09 2.429730e-14 5.665734e-09 max_cap8128
 2.933173e-09 2.731091e-09 2.429730e-14 5.664289e-09 wire2035
 3.435327e-09 2.228832e-09 2.429730e-14 5.664183e-09 max_cap7939
 3.335636e-09 2.327485e-09 2.429730e-14 5.663146e-09 wire10393
 2.752584e-09 2.909289e-09 2.429730e-14 5.661898e-09 max_cap2313
 3.188297e-09 2.473049e-09 2.429730e-14 5.661370e-09 wire10470
 3.233854e-09 2.427325e-09 2.429730e-14 5.661203e-09 max_cap10888
 3.291694e-09 2.368308e-09 2.429730e-14 5.660027e-09 max_cap11321
 3.315415e-09 2.339571e-09 2.429730e-14 5.655010e-09 max_cap8599
 2.251304e-09 3.401997e-09 2.429730e-14 5.653325e-09 max_cap6713
 1.990764e-09 3.662463e-09 2.429730e-14 5.653252e-09 max_cap5005
 2.446006e-09 3.206218e-09 2.429730e-14 5.652248e-09 max_cap7085
 3.491795e-09 2.159128e-09 2.429730e-14 5.650947e-09 max_cap3667
 3.376753e-09 2.268980e-09 2.429730e-14 5.645758e-09 max_cap3621
 3.027314e-09 2.617451e-09 2.429730e-14 5.644789e-09 max_cap1653
 3.172690e-09 2.471410e-09 2.429730e-14 5.644125e-09 max_cap1437
 2.991898e-09 2.651820e-09 2.429730e-14 5.643742e-09 wire2080
 3.418263e-09 2.223319e-09 2.429730e-14 5.641607e-09 max_cap3310
 2.848075e-09 2.791940e-09 2.429730e-14 5.640040e-09 max_cap1460
 3.076025e-09 2.563408e-09 2.429730e-14 5.639457e-09 wire2078
 3.555774e-09 2.080869e-09 2.429730e-14 5.636667e-09 max_cap2385
 2.197773e-09 3.438503e-09 7.286057e-14 5.636349e-09 max_cap10994
 2.662764e-09 2.970342e-09 2.429730e-14 5.633130e-09 max_cap8630
 3.063153e-09 2.569159e-09 2.429730e-14 5.632337e-09 max_cap1477
 2.529147e-09 3.102744e-09 2.429730e-14 5.631915e-09 wire2408
 3.848110e-09 1.778860e-09 2.429730e-14 5.626994e-09 max_cap5781
 1.831651e-09 3.794885e-09 2.429730e-14 5.626560e-09 max_cap696
 1.894170e-09 3.730563e-09 2.429730e-14 5.624757e-09 wire2563
 1.544288e-09 4.073161e-09 2.429730e-14 5.617473e-09 max_cap753
 2.300979e-09 3.315522e-09 2.429730e-14 5.616525e-09 max_cap702
 2.734426e-09 2.881036e-09 2.429730e-14 5.615486e-09 max_cap10746
 1.496415e-09 4.118443e-09 6.777834e-14 5.614926e-09 wire6544
 3.472070e-09 2.140913e-09 2.429730e-14 5.613007e-09 max_cap8254
 3.221837e-09 2.389326e-09 2.429730e-14 5.611187e-09 max_cap9205
 2.926014e-09 2.683707e-09 2.429730e-14 5.609746e-09 wire9730
 3.151176e-09 2.452745e-09 2.429730e-14 5.603945e-09 hold1928
 3.054969e-09 2.537871e-09 2.429730e-14 5.592865e-09 max_cap8681
 3.031920e-09 2.557731e-09 2.429730e-14 5.589675e-09 max_cap8222
 2.491870e-09 3.096651e-09 2.429730e-14 5.588546e-09 max_cap233
 2.832252e-09 2.755677e-09 2.429730e-14 5.587954e-09 max_cap8245
 3.222960e-09 2.360731e-09 2.429730e-14 5.583716e-09 max_cap8255
 2.839013e-09 2.743336e-09 2.429730e-14 5.582373e-09 wire2031
 3.957281e-09 1.621221e-09 2.429730e-14 5.578527e-09 wire3773
 2.961515e-09 2.616776e-09 2.429730e-14 5.578315e-09 max_cap5700
 1.938273e-09 3.639192e-09 2.429730e-14 5.577489e-09 max_cap4361
 1.585464e-09 3.986210e-09 6.829524e-14 5.571742e-09 max_cap7317
 2.340476e-09 3.229283e-09 2.429730e-14 5.569782e-09 max_cap10616
 1.776875e-09 3.792695e-09 2.429730e-14 5.569594e-09 max_cap438
 3.075692e-09 2.493764e-09 2.429730e-14 5.569480e-09 wire2077
 1.845892e-09 3.723560e-09 2.429730e-14 5.569477e-09 wire168
 4.286094e-09 1.282571e-09 2.429730e-14 5.568689e-09 max_cap1422
 1.872809e-09 3.691230e-09 2.429730e-14 5.564063e-09 max_cap565
 3.356358e-09 2.206053e-09 2.429730e-14 5.562436e-09 max_cap8093
 3.887542e-09 1.672027e-09 2.429730e-14 5.559593e-09 max_cap9993
 1.597547e-09 3.959903e-09 6.791867e-14 5.557517e-09 wire8937
 1.451430e-09 4.105715e-09 2.429730e-14 5.557170e-09 max_cap9148
 1.451435e-09 4.105178e-09 2.429730e-14 5.556636e-09 wire9145
 1.788322e-09 3.766056e-09 2.429730e-14 5.554403e-09 max_cap8455
 3.767092e-09 1.785934e-09 2.429730e-14 5.553050e-09 max_cap916
 2.703554e-09 2.848674e-09 1.345281e-13 5.552362e-09 output33
 3.130821e-09 2.419567e-09 2.429730e-14 5.550413e-09 max_cap5569
 3.470054e-09 2.079403e-09 2.429730e-14 5.549481e-09 max_cap11408
 3.138247e-09 2.411183e-09 2.429730e-14 5.549455e-09 wire11191
 3.667241e-09 1.880555e-09 2.429730e-14 5.547820e-09 max_cap1209
 2.585299e-09 2.961572e-09 1.375703e-13 5.547009e-09 output35
 3.591979e-09 1.954543e-09 2.429730e-14 5.546547e-09 max_cap10917
 3.146730e-09 2.399403e-09 2.429730e-14 5.546158e-09 max_cap8408
 2.980341e-09 2.565193e-09 2.429730e-14 5.545559e-09 max_cap8567
 1.750680e-09 3.794191e-09 2.429730e-14 5.544895e-09 wire4758
 4.002961e-09 1.537561e-09 2.429730e-14 5.540546e-09 max_cap10772
 3.027109e-09 2.509650e-09 2.429730e-14 5.536783e-09 max_cap5561
 3.554244e-09 1.982031e-09 2.429730e-14 5.536300e-09 max_cap10636
 3.833935e-09 1.701263e-09 2.429730e-14 5.535222e-09 max_cap10750
 3.150739e-09 2.382821e-09 2.429730e-14 5.533585e-09 max_cap8139
 3.757887e-09 1.775456e-09 2.429730e-14 5.533368e-09 max_cap1921
 2.626589e-09 2.906659e-09 2.429730e-14 5.533273e-09 max_cap8590
 3.762085e-09 1.770211e-09 2.429730e-14 5.532321e-09 max_cap1501
 3.254974e-09 2.274773e-09 2.429730e-14 5.529772e-09 max_cap8043
 3.452671e-09 2.076576e-09 2.429730e-14 5.529273e-09 wire11168
 2.932498e-09 2.596379e-09 2.429730e-14 5.528901e-09 wire7174
 3.524780e-09 2.002711e-09 2.429730e-14 5.527515e-09 max_cap8611
 1.392667e-09 4.132030e-09 6.816856e-14 5.524766e-09 wire9161
 2.914483e-09 2.607811e-09 2.429730e-14 5.522319e-09 max_cap8274
 2.954307e-09 2.566868e-09 2.429730e-14 5.521200e-09 max_cap10587
 1.929488e-09 3.591615e-09 6.811626e-14 5.521171e-09 wire9359
 1.741212e-09 3.779390e-09 2.429730e-14 5.520626e-09 max_cap10316
 2.988358e-09 2.531537e-09 2.429730e-14 5.519920e-09 max_cap4304
 3.500932e-09 2.018721e-09 2.429730e-14 5.519678e-09 max_cap8409
 1.839727e-09 3.678444e-09 2.429730e-14 5.518195e-09 wire304
 3.544227e-09 1.973373e-09 2.429730e-14 5.517625e-09 max_cap8312
 2.505765e-09 3.010020e-09 2.429730e-14 5.515810e-09 wire3815
 3.279558e-09 2.235910e-09 2.429730e-14 5.515492e-09 wire4316
 3.302575e-09 2.212421e-09 2.429730e-14 5.515020e-09 max_cap8077
 2.348130e-09 3.166839e-09 2.429730e-14 5.514993e-09 wire2813
 3.209711e-09 2.304901e-09 2.429730e-14 5.514637e-09 max_cap7963
 3.149588e-09 2.362990e-09 2.429730e-14 5.512602e-09 wire7933
 3.329562e-09 2.182475e-09 2.429730e-14 5.512061e-09 hold171
 2.455158e-09 3.056723e-09 2.429730e-14 5.511906e-09 max_cap2306
 2.437885e-09 3.072984e-09 2.429730e-14 5.510894e-09 max_cap10109
 1.508830e-09 4.001729e-09 2.429730e-14 5.510584e-09 wire8946
 3.409355e-09 2.099069e-09 2.429730e-14 5.508449e-09 max_cap8577
 3.315264e-09 2.186326e-09 2.429730e-14 5.501614e-09 max_cap8059
 3.436698e-09 2.055741e-09 2.429730e-14 5.492463e-09 max_cap10831
 2.786699e-09 2.704142e-09 2.429730e-14 5.490866e-09 wire6503
 2.633342e-09 2.855878e-09 2.429730e-14 5.489244e-09 wire7509
 1.805600e-09 3.679701e-09 2.429730e-14 5.485326e-09 wire256
 2.305792e-09 3.179339e-09 1.372752e-13 5.485268e-09 output34
 3.359467e-09 2.125322e-09 2.429730e-14 5.484813e-09 max_cap8297
 3.178322e-09 2.305580e-09 2.429730e-14 5.483926e-09 max_cap8261
 2.691640e-09 2.787938e-09 2.429730e-14 5.479603e-09 max_cap1438
 2.999174e-09 2.478340e-09 2.429730e-14 5.477538e-09 max_cap5741
 1.408397e-09 4.065547e-09 6.777649e-14 5.474011e-09 wire6550
 3.205394e-09 2.268250e-09 2.429730e-14 5.473668e-09 hold3762
 2.609688e-09 2.861464e-09 2.429730e-14 5.471177e-09 max_cap1400
 3.672936e-09 1.781125e-09 2.429730e-14 5.454086e-09 max_cap8571
 2.747512e-09 2.706137e-09 2.429730e-14 5.453673e-09 max_cap10465
 3.030257e-09 2.421083e-09 2.429730e-14 5.451365e-09 max_cap5692
 1.807896e-09 3.640073e-09 2.429730e-14 5.447993e-09 max_cap2297
 3.170095e-09 2.277477e-09 2.429730e-14 5.447596e-09 max_cap8213
 2.988928e-09 2.454934e-09 2.429730e-14 5.443886e-09 max_cap8682
 2.761238e-09 2.681323e-09 2.429730e-14 5.442586e-09 wire12265
 1.179324e-09 4.263192e-09 2.429730e-14 5.442540e-09 max_cap7249
 2.582847e-09 2.859661e-09 2.429730e-14 5.442533e-09 wire2415
 1.626307e-09 3.811078e-09 2.429730e-14 5.437410e-09 max_cap10334
 2.721790e-09 2.713991e-09 2.429730e-14 5.435805e-09 max_cap5591
 3.223048e-09 2.211353e-09 2.429730e-14 5.434426e-09 wire11412
 2.526764e-09 2.906954e-09 2.429730e-14 5.433742e-09 max_cap1426
 2.687960e-09 2.745281e-09 2.429730e-14 5.433265e-09 wire5541
 3.417569e-09 2.015293e-09 2.429730e-14 5.432887e-09 max_cap8228
 2.922719e-09 2.507942e-09 2.429730e-14 5.430685e-09 wire4237
 1.593069e-09 3.834387e-09 6.791856e-14 5.427525e-09 wire8940
 2.938669e-09 2.488436e-09 2.429730e-14 5.427129e-09 max_cap4236
 2.828630e-09 2.597258e-09 2.429730e-14 5.425912e-09 wire7173
 2.969961e-09 2.455815e-09 2.429730e-14 5.425801e-09 max_cap11299
 1.603117e-09 3.822177e-09 6.863113e-14 5.425363e-09 wire6472
 2.970208e-09 2.454899e-09 2.429730e-14 5.425131e-09 max_cap5708
 3.067768e-09 2.357193e-09 2.429730e-14 5.424985e-09 max_cap8527
 2.324634e-09 3.100287e-09 2.429730e-14 5.424946e-09 max_cap5282
 3.235650e-09 2.186278e-09 2.429730e-14 5.421952e-09 max_cap10112
 3.180367e-09 2.235546e-09 2.429730e-14 5.415937e-09 max_cap5628
 3.270131e-09 2.144188e-09 2.429730e-14 5.414344e-09 max_cap11383
 2.884279e-09 2.528689e-09 2.429730e-14 5.412992e-09 max_cap5683
 3.798523e-09 1.611258e-09 2.429730e-14 5.409805e-09 max_cap10339
 3.614729e-09 1.791675e-09 2.429730e-14 5.406429e-09 max_cap1233
 2.856041e-09 2.549645e-09 2.429730e-14 5.405711e-09 max_cap8386
 1.079555e-09 4.325359e-09 2.429730e-14 5.404938e-09 max_cap8960
 1.842287e-09 3.562186e-09 2.429730e-14 5.404497e-09 max_cap7333
 2.973847e-09 2.427301e-09 2.429730e-14 5.401173e-09 wire8461
 1.543729e-09 3.851449e-09 2.429730e-14 5.395203e-09 max_cap6266
 3.573113e-09 1.818005e-09 2.429730e-14 5.391142e-09 max_cap10389
 3.076869e-09 2.311016e-09 2.429730e-14 5.387909e-09 wire2075
 2.938599e-09 2.447525e-09 2.429730e-14 5.386148e-09 wire9728
 1.294872e-09 4.091088e-09 2.429730e-14 5.385984e-09 max_cap10744
 1.734116e-09 3.649980e-09 2.429730e-14 5.384121e-09 max_cap10315
 3.150408e-09 2.228920e-09 2.429730e-14 5.379353e-09 max_cap8361
 2.517550e-09 2.861235e-09 2.429730e-14 5.378810e-09 wire237
 3.267457e-09 2.109037e-09 2.429730e-14 5.376518e-09 max_cap8176
 2.745626e-09 2.625406e-09 2.429730e-14 5.371056e-09 max_cap8152
 2.774734e-09 2.594937e-09 2.429730e-14 5.369695e-09 wire6504
 2.598012e-09 2.771390e-09 2.429730e-14 5.369427e-09 max_cap8602
 1.803735e-09 3.565518e-09 2.429730e-14 5.369278e-09 max_cap108
 3.327931e-09 2.040966e-09 2.429730e-14 5.368921e-09 max_cap10650
 1.449404e-09 3.914353e-09 2.429730e-14 5.363781e-09 max_cap6436
 3.182368e-09 2.180215e-09 2.429730e-14 5.362608e-09 max_cap10276
 4.119421e-09 1.238893e-09 2.429730e-14 5.358339e-09 wire8246
 3.163421e-09 2.193412e-09 2.429730e-14 5.356858e-09 hold815
 2.682782e-09 2.671616e-09 2.429730e-14 5.354423e-09 max_cap8875
 3.036403e-09 2.315622e-09 2.429730e-14 5.352049e-09 hold4087
 2.866475e-09 2.484968e-09 2.429730e-14 5.351468e-09 max_cap8669
 1.476808e-09 3.873801e-09 2.429730e-14 5.350634e-09 wire2046
 2.545179e-09 2.805415e-09 2.429730e-14 5.350618e-09 max_cap1145
 3.027262e-09 2.322972e-09 2.429730e-14 5.350258e-09 max_cap8200
 1.471231e-09 3.877285e-09 2.429730e-14 5.348541e-09 wire9144
 1.658976e-09 3.689409e-09 2.429730e-14 5.348408e-09 max_cap6270
 1.817124e-09 3.530458e-09 2.429730e-14 5.347606e-09 max_cap273
 2.538229e-09 2.806545e-09 6.840700e-14 5.344842e-09 wire3803
 3.071175e-09 2.272267e-09 2.429730e-14 5.343467e-09 wire2076
 1.406130e-09 3.936701e-09 6.816778e-14 5.342900e-09 wire9160
 2.393909e-09 2.946762e-09 2.429730e-14 5.340695e-09 max_cap820
 2.900493e-09 2.439608e-09 2.429730e-14 5.340125e-09 max_cap8603
 2.373146e-09 2.966900e-09 2.429730e-14 5.340070e-09 max_cap5280
 3.558642e-09 1.777532e-09 2.429730e-14 5.336198e-09 max_cap5806
 3.225804e-09 2.108451e-09 2.429730e-14 5.334280e-09 max_cap8286
 3.135702e-09 2.197151e-09 2.429730e-14 5.332878e-09 hold525
 3.165797e-09 2.163346e-09 2.429730e-14 5.329168e-09 max_cap7940
 2.562394e-09 2.766236e-09 2.429730e-14 5.328654e-09 wire3818
 1.763515e-09 3.562128e-09 2.429730e-14 5.325667e-09 max_cap4760
 2.074575e-09 3.247702e-09 2.429730e-14 5.322301e-09 wire7519
 1.614946e-09 3.706890e-09 2.429730e-14 5.321860e-09 max_cap10333
 2.756480e-09 2.565057e-09 2.429730e-14 5.321561e-09 max_cap2688
 3.075298e-09 2.243158e-09 2.429730e-14 5.318480e-09 max_cap8162
 3.072566e-09 2.245383e-09 2.429730e-14 5.317973e-09 max_cap4678
 3.541898e-09 1.774436e-09 2.429730e-14 5.316358e-09 max_cap10325
 2.077596e-09 3.238230e-09 2.429730e-14 5.315850e-09 max_cap7700
 2.464574e-09 2.849604e-09 2.429730e-14 5.314203e-09 max_cap8081
 3.132510e-09 2.180739e-09 2.429730e-14 5.313273e-09 max_cap7991
 3.250035e-09 2.062151e-09 2.429730e-14 5.312211e-09 max_cap10785
 2.447159e-09 2.862313e-09 2.429730e-14 5.309497e-09 max_cap778
 2.970077e-09 2.337594e-09 2.429730e-14 5.307695e-09 max_cap8384
 1.761259e-09 3.544545e-09 2.429730e-14 5.305828e-09 max_cap580
 3.414457e-09 1.887932e-09 2.429730e-14 5.302414e-09 max_cap8074
 2.922604e-09 2.377613e-09 2.429730e-14 5.300242e-09 max_cap2236
 3.143405e-09 2.154310e-09 2.429730e-14 5.297740e-09 max_cap8053
 3.116894e-09 2.177511e-09 2.429730e-14 5.294429e-09 max_cap1383
 1.823610e-09 3.466079e-09 2.429730e-14 5.289714e-09 max_cap10961
 2.415742e-09 2.873608e-09 2.429730e-14 5.289375e-09 max_cap1281
 2.560655e-09 2.727870e-09 2.429730e-14 5.288550e-09 max_cap1685
 3.081606e-09 2.206394e-09 2.429730e-14 5.288025e-09 wire11124
 2.377142e-09 2.907340e-09 2.429730e-14 5.284506e-09 max_cap5580
 2.941431e-09 2.342829e-09 2.429730e-14 5.284284e-09 max_cap8105
 1.413130e-09 3.869714e-09 2.429730e-14 5.282869e-09 max_cap7501
 3.293761e-09 1.988130e-09 2.429730e-14 5.281915e-09 max_cap8292
 2.229588e-09 3.051606e-09 2.429730e-14 5.281219e-09 max_cap9279
 3.523253e-09 1.757491e-09 2.429730e-14 5.280769e-09 max_cap8142
 2.101874e-09 3.177565e-09 2.429730e-14 5.279464e-09 wire7694
 3.457423e-09 1.820830e-09 2.429730e-14 5.278277e-09 max_cap8009
 2.926585e-09 2.350943e-09 2.429730e-14 5.277553e-09 max_cap10519
 3.215672e-09 2.061835e-09 2.429730e-14 5.277532e-09 max_cap8016
 2.997057e-09 2.279547e-09 2.429730e-14 5.276628e-09 max_cap8404
 3.353106e-09 1.920394e-09 2.429730e-14 5.273524e-09 hold756
 2.515098e-09 2.754841e-09 2.429730e-14 5.269964e-09 max_cap1099
 2.988686e-09 2.275300e-09 2.429730e-14 5.264010e-09 max_cap8225
 3.904386e-09 1.358240e-09 2.429730e-14 5.262650e-09 wire10652
 3.385179e-09 1.877358e-09 2.429730e-14 5.262562e-09 max_cap5022
 1.378260e-09 3.881015e-09 6.782592e-14 5.259342e-09 wire6211
 1.608019e-09 3.648821e-09 6.829345e-14 5.256908e-09 wire7315
 2.380855e-09 2.874966e-09 2.429730e-14 5.255845e-09 max_cap1379
 2.724622e-09 2.527755e-09 2.429730e-14 5.252401e-09 max_cap5697
 3.149482e-09 2.099527e-09 2.429730e-14 5.249034e-09 wire11262
 3.233339e-09 2.012686e-09 2.429730e-14 5.246050e-09 max_cap8276
 1.506268e-09 3.739197e-09 6.807479e-14 5.245532e-09 wire9175
 2.259761e-09 2.982041e-09 2.429730e-14 5.241826e-09 max_cap9548
 2.937085e-09 2.302504e-09 2.429730e-14 5.239613e-09 max_cap1482
 3.979726e-09 1.259709e-09 2.429730e-14 5.239460e-09 max_cap1388
 2.504912e-09 2.733642e-09 6.858564e-14 5.238622e-09 max_cap8947
 3.529906e-09 1.703327e-09 2.429730e-14 5.233258e-09 max_cap8014
 3.022019e-09 2.209608e-09 2.429730e-14 5.231651e-09 max_cap11261
 1.907161e-09 3.321743e-09 6.752385e-14 5.228971e-09 max_cap869
 2.370679e-09 2.857471e-09 2.429730e-14 5.228174e-09 max_cap330
 3.151809e-09 2.075525e-09 2.429730e-14 5.227359e-09 max_cap8322
 2.118989e-09 3.106390e-09 2.429730e-14 5.225404e-09 max_cap1389
 3.275072e-09 1.949604e-09 2.429730e-14 5.224701e-09 max_cap5674
 1.330895e-09 3.892727e-09 2.429730e-14 5.223646e-09 hold5939
 3.565581e-09 1.656375e-09 2.429730e-14 5.221982e-09 max_cap8221
 2.066122e-09 3.155749e-09 2.429730e-14 5.221894e-09 max_cap1486
 2.922351e-09 2.296944e-09 2.429730e-14 5.219320e-09 wire2040
 3.520806e-09 1.692753e-09 2.429730e-14 5.213584e-09 max_cap10774
 1.564755e-09 3.648027e-09 2.429730e-14 5.212807e-09 wire9981
 1.354255e-09 3.858314e-09 2.429730e-14 5.212593e-09 wire8948
 2.165607e-09 3.046296e-09 2.429730e-14 5.211927e-09 max_cap1293
 1.814165e-09 3.397277e-09 2.429730e-14 5.211466e-09 max_cap203
 2.943361e-09 2.267579e-09 2.429730e-14 5.210964e-09 wire8454
 1.700309e-09 3.510379e-09 2.429730e-14 5.210711e-09 wire2190
 3.523178e-09 1.687362e-09 2.429730e-14 5.210564e-09 max_cap8728
 2.133814e-09 3.075479e-09 2.429730e-14 5.209318e-09 max_cap9363
 3.555290e-09 1.653310e-09 2.429730e-14 5.208624e-09 wire8371
 2.542400e-09 2.663889e-09 2.429730e-14 5.206313e-09 max_cap8476
 3.343936e-09 1.862221e-09 2.429730e-14 5.206181e-09 max_cap1436
 2.781959e-09 2.423212e-09 2.429730e-14 5.205195e-09 max_cap2312
 3.456416e-09 1.746194e-09 2.429730e-14 5.202635e-09 max_cap5598
 2.105886e-09 3.092272e-09 2.429730e-14 5.198183e-09 max_cap7698
 3.079547e-09 2.115648e-09 2.429730e-14 5.195219e-09 max_cap1488
 2.141090e-09 3.050516e-09 1.376946e-13 5.191744e-09 output37
 3.498863e-09 1.691078e-09 2.429730e-14 5.189965e-09 max_cap8692
 3.121855e-09 2.065235e-09 2.429730e-14 5.187114e-09 max_cap2241
 3.049800e-09 2.135820e-09 2.429730e-14 5.185644e-09 max_cap8390
 3.089544e-09 2.092505e-09 2.429730e-14 5.182073e-09 max_cap2239
 2.790485e-09 2.385742e-09 2.429730e-14 5.176251e-09 wire8132
 1.806355e-09 3.368558e-09 2.429730e-14 5.174938e-09 wire594
 1.799236e-09 3.366868e-09 2.429730e-14 5.166128e-09 max_cap2629
 2.241690e-09 2.920144e-09 2.429730e-14 5.161858e-09 max_cap621
 1.905424e-09 3.250290e-09 2.429730e-14 5.155739e-09 max_cap4360
 2.820644e-09 2.323798e-09 2.429730e-14 5.144467e-09 max_cap1299
 3.088580e-09 2.054090e-09 2.429730e-14 5.142694e-09 max_cap8288
 3.072789e-09 2.066090e-09 2.429730e-14 5.138904e-09 max_cap5654
 2.104041e-09 3.034621e-09 2.429730e-14 5.138686e-09 max_cap1895
 2.756394e-09 2.381733e-09 2.429730e-14 5.138151e-09 max_cap5668
 1.798662e-09 3.338567e-09 2.429730e-14 5.137253e-09 max_cap1048
 2.292689e-09 2.843503e-09 2.429730e-14 5.136216e-09 wire2816
 3.168700e-09 1.967133e-09 2.429730e-14 5.135858e-09 max_cap8484
 1.952080e-09 3.180689e-09 2.429730e-14 5.132793e-09 max_cap9109
 2.061099e-09 3.070509e-09 2.429730e-14 5.131632e-09 max_cap6204
 1.515248e-09 3.616059e-09 2.429730e-14 5.131331e-09 max_cap10895
 3.187541e-09 1.934908e-09 2.429730e-14 5.122474e-09 max_cap8141
 2.751301e-09 2.370163e-09 2.429730e-14 5.121489e-09 max_cap8313
 3.529195e-09 1.590764e-09 2.429730e-14 5.119984e-09 wire10272
 1.800584e-09 3.318670e-09 2.429730e-14 5.119278e-09 max_cap224
 3.154859e-09 1.963499e-09 2.429730e-14 5.118382e-09 max_cap11151
 1.410988e-09 3.700802e-09 6.782879e-14 5.111858e-09 max_cap6218
 1.537210e-09 3.568908e-09 2.429730e-14 5.106143e-09 max_cap755
 2.488304e-09 2.614038e-09 2.429730e-14 5.102367e-09 max_cap1154
 3.007376e-09 2.087861e-09 2.429730e-14 5.095262e-09 max_cap5723
 1.761082e-09 3.328801e-09 2.429730e-14 5.089907e-09 wire3806
 1.807790e-09 3.281062e-09 2.429730e-14 5.088876e-09 max_cap10660
 1.628689e-09 3.459747e-09 2.429730e-14 5.088460e-09 max_cap6248
 1.743039e-09 3.343362e-09 2.429730e-14 5.086426e-09 max_cap3807
 1.350559e-09 3.728161e-09 6.798715e-14 5.078788e-09 wire8957
 2.335279e-09 2.740294e-09 2.429730e-14 5.075597e-09 wire2807
 2.779416e-09 2.289956e-09 2.429730e-14 5.069396e-09 max_cap8463
 1.832437e-09 3.235832e-09 2.429730e-14 5.068293e-09 max_cap502
 8.373585e-10 4.230740e-09 2.429730e-14 5.068123e-09 wire6214
 3.211073e-09 1.856881e-09 2.429730e-14 5.067978e-09 max_cap10452
 3.091144e-09 1.975621e-09 2.429730e-14 5.066789e-09 max_cap5564
 2.956825e-09 2.106470e-09 2.429730e-14 5.063319e-09 max_cap1414
 3.190006e-09 1.871325e-09 2.429730e-14 5.061355e-09 max_cap8044
 3.000032e-09 2.061057e-09 2.429730e-14 5.061114e-09 max_cap8214
 1.390722e-09 3.666165e-09 6.816677e-14 5.056955e-09 wire9158
 2.164658e-09 2.892259e-09 2.429730e-14 5.056941e-09 wire218
 1.810794e-09 3.241995e-09 2.429730e-14 5.052813e-09 wire436
 3.526231e-09 1.525734e-09 2.429730e-14 5.051989e-09 max_cap10457
 2.152203e-09 2.899219e-09 2.429730e-14 5.051446e-09 max_cap1254
 1.543641e-09 3.505468e-09 2.429730e-14 5.049134e-09 max_cap10383
 3.644613e-09 1.402213e-09 2.429730e-14 5.046851e-09 wire8165
 3.022820e-09 2.023725e-09 2.429730e-14 5.046569e-09 max_cap8565
 1.504895e-09 3.540996e-09 6.807651e-14 5.045959e-09 wire9178
 2.601751e-09 2.439467e-09 2.429730e-14 5.041242e-09 wire2414
 2.660473e-09 2.379957e-09 2.429730e-14 5.040454e-09 max_cap1094
 2.338603e-09 2.701005e-09 2.429730e-14 5.039631e-09 wire2802
 3.864897e-09 1.173166e-09 2.429730e-14 5.038087e-09 max_cap1737
 1.728111e-09 3.308902e-09 2.429730e-14 5.037037e-09 max_cap10481
 1.225426e-09 3.808631e-09 2.429730e-14 5.034082e-09 max_cap527
 3.284805e-09 1.747707e-09 2.429730e-14 5.032537e-09 max_cap10036
 2.711638e-09 2.320641e-09 2.429730e-14 5.032303e-09 max_cap1505
 3.364327e-09 1.666629e-09 2.429730e-14 5.030980e-09 max_cap8646
 1.797642e-09 3.232152e-09 2.429730e-14 5.029818e-09 max_cap604
 9.975288e-10 4.030478e-09 2.429730e-14 5.028031e-09 max_cap6473
 3.170412e-09 1.856030e-09 2.429730e-14 5.026467e-09 max_cap8348
 3.762922e-09 1.261868e-09 2.429730e-14 5.024814e-09 wire7980
 2.506981e-09 2.517671e-09 2.429730e-14 5.024676e-09 max_cap235
 1.701561e-09 3.322506e-09 2.429730e-14 5.024091e-09 wire7209
 1.383749e-09 3.638398e-09 2.429730e-14 5.022172e-09 max_cap10675
 3.855114e-09 1.165563e-09 2.429730e-14 5.020702e-09 wire10322
 3.342894e-09 1.676903e-09 2.429730e-14 5.019821e-09 max_cap5631
 3.294194e-09 1.724752e-09 2.429730e-14 5.018971e-09 max_cap1664
 3.210160e-09 1.801889e-09 2.429730e-14 5.012073e-09 max_cap11169
 2.160023e-09 2.847831e-09 2.429730e-14 5.007878e-09 max_cap715
 3.164237e-09 1.842782e-09 2.429730e-14 5.007043e-09 max_cap1751
 2.949396e-09 2.051943e-09 2.429730e-14 5.001363e-09 max_cap7943
 2.484431e-09 2.516286e-09 2.429730e-14 5.000741e-09 max_cap10051
 2.322685e-09 2.675133e-09 2.429730e-14 4.997843e-09 wire5281
 2.537863e-09 2.459168e-09 2.429730e-14 4.997055e-09 max_cap1149
 3.004908e-09 1.991773e-09 2.429730e-14 4.996705e-09 max_cap11030
 2.473902e-09 2.516111e-09 2.429730e-14 4.990037e-09 max_cap7936
 2.230723e-09 2.746066e-09 2.429730e-14 4.976814e-09 max_cap1518
 1.789461e-09 3.186899e-09 2.429730e-14 4.976385e-09 max_cap500
 2.180323e-09 2.795395e-09 2.429730e-14 4.975742e-09 wire2850
 3.092440e-09 1.880053e-09 1.625718e-13 4.972655e-09 output13
 2.640738e-09 2.329701e-09 2.429730e-14 4.970463e-09 max_cap5665
 2.587712e-09 2.381893e-09 2.429730e-14 4.969630e-09 max_cap8217
 2.566812e-09 2.400391e-09 2.429730e-14 4.967228e-09 max_cap1485
 1.814439e-09 3.147812e-09 2.429730e-14 4.962276e-09 max_cap470
 1.667972e-09 3.294215e-09 2.429730e-14 4.962212e-09 max_cap5000
 2.674501e-09 2.285413e-09 2.429730e-14 4.959938e-09 max_cap1514
 1.592315e-09 3.366960e-09 2.429730e-14 4.959299e-09 wire3804
 2.105284e-09 2.853159e-09 2.429730e-14 4.958467e-09 wire7697
 3.281834e-09 1.675448e-09 2.429730e-14 4.957306e-09 max_cap8051
 2.461366e-09 2.495274e-09 2.429730e-14 4.956665e-09 max_cap8710
 3.007147e-09 1.947346e-09 2.429730e-14 4.954518e-09 max_cap5712
 2.245082e-09 2.704990e-09 2.429730e-14 4.950096e-09 wire3813
 1.681180e-09 3.266454e-09 2.429730e-14 4.947658e-09 wire2711
 2.154810e-09 2.791929e-09 2.429730e-14 4.946764e-09 wire220
 2.267390e-09 2.677214e-09 2.429730e-14 4.944629e-09 max_cap1378
 2.185128e-09 2.759362e-09 2.429730e-14 4.944515e-09 max_cap5603
 2.118134e-09 2.821320e-09 2.429730e-14 4.939478e-09 wire221
 1.561981e-09 3.376117e-09 2.429730e-14 4.938123e-09 max_cap2218
 2.611112e-09 2.325647e-09 2.429730e-14 4.936784e-09 max_cap8627
 1.760908e-09 3.174869e-09 2.429730e-14 4.935802e-09 wire3805
 2.880834e-09 2.053987e-09 2.429730e-14 4.934845e-09 wire7175
 2.728616e-09 2.206123e-09 2.429730e-14 4.934763e-09 wire1513
 1.647827e-09 3.283464e-09 2.429730e-14 4.931314e-09 max_cap2232
 2.731331e-09 2.198442e-09 2.429730e-14 4.929797e-09 max_cap8341
 3.610936e-09 1.316431e-09 2.429730e-14 4.927392e-09 max_cap8802
 2.120558e-09 2.801904e-09 2.429730e-14 4.922487e-09 wire2777
 2.771775e-09 2.145340e-09 2.429730e-14 4.917140e-09 max_cap6502
 3.288101e-09 1.627500e-09 2.429730e-14 4.915625e-09 max_cap7953
 2.680893e-09 2.233744e-09 2.429730e-14 4.914661e-09 max_cap10136
 3.003974e-09 1.908327e-09 2.429730e-14 4.912326e-09 max_cap8407
 1.363975e-09 3.547813e-09 2.429730e-14 4.911813e-09 wire8949
 3.158466e-09 1.752213e-09 2.429730e-14 4.910703e-09 wire8413
 3.424026e-09 1.485665e-09 2.429730e-14 4.909715e-09 max_cap987
 3.213156e-09 1.693106e-09 2.429730e-14 4.906286e-09 max_cap1481
 2.545120e-09 2.359652e-09 2.429730e-14 4.904797e-09 max_cap1456
 1.470121e-09 3.434040e-09 2.429730e-14 4.904186e-09 max_cap9346
 1.845956e-09 3.055069e-09 2.429730e-14 4.901050e-09 wire589
 2.881948e-09 2.018853e-09 2.429730e-14 4.900826e-09 max_cap1459
 3.578815e-09 1.317464e-09 2.429730e-14 4.896303e-09 wire327
 2.974429e-09 1.913120e-09 2.429730e-14 4.887573e-09 max_cap8578
 1.505709e-09 3.381793e-09 6.777963e-14 4.887570e-09 wire6547
 1.826938e-09 3.059159e-09 2.429730e-14 4.886121e-09 max_cap578
 1.333780e-09 3.551053e-09 2.429730e-14 4.884857e-09 max_cap10564
 3.085411e-09 1.792799e-09 2.429730e-14 4.878234e-09 max_cap5583
 3.233871e-09 1.644044e-09 2.429730e-14 4.877939e-09 max_cap10451
 3.687057e-09 1.190441e-09 2.429730e-14 4.877522e-09 max_cap10525
 1.727507e-09 3.149417e-09 2.429730e-14 4.876948e-09 max_cap10480
 2.959835e-09 1.916610e-09 2.429730e-14 4.876469e-09 wire11132
 1.424716e-09 3.448911e-09 2.429730e-14 4.873652e-09 max_cap10929
 2.354022e-09 2.519008e-09 2.429730e-14 4.873054e-09 max_cap8471
 3.319527e-09 1.551583e-09 2.429730e-14 4.871134e-09 max_cap8498
 1.505538e-09 3.365070e-09 6.777742e-14 4.870676e-09 wire6552
 2.592812e-09 2.272030e-09 2.429730e-14 4.864866e-09 max_cap1523
 2.710631e-09 2.152382e-09 2.429730e-14 4.863038e-09 wire6501
 1.576328e-09 3.282862e-09 2.429730e-14 4.859215e-09 wire10780
 2.452580e-09 2.405294e-09 2.429730e-14 4.857899e-09 wire3814
 2.560004e-09 2.296455e-09 2.429730e-14 4.856483e-09 max_cap8305
 2.105287e-09 2.749011e-09 2.429730e-14 4.854323e-09 wire2783
 3.369676e-09 1.483932e-09 2.429730e-14 4.853632e-09 hold720
 2.623542e-09 2.228969e-09 2.429730e-14 4.852536e-09 max_cap1476
 2.956031e-09 1.889602e-09 2.429730e-14 4.845658e-09 max_cap5647
 1.831010e-09 3.013411e-09 2.429730e-14 4.844445e-09 wire201
 2.622757e-09 2.220986e-09 2.429730e-14 4.843768e-09 max_cap8209
 2.720496e-09 2.122649e-09 2.429730e-14 4.843169e-09 max_cap5581
 1.785862e-09 3.055032e-09 2.429730e-14 4.840919e-09 max_cap452
 2.333729e-09 2.505769e-09 2.429730e-14 4.839523e-09 wire2809
 3.123368e-09 1.714774e-09 2.429730e-14 4.838166e-09 max_cap3665
 1.820189e-09 3.017699e-09 2.429730e-14 4.837912e-09 wire691
 2.708010e-09 2.122364e-09 2.429730e-14 4.830399e-09 wire1503
 2.563029e-09 2.266585e-09 2.429730e-14 4.829638e-09 max_cap5596
 1.139703e-09 3.688605e-09 2.429730e-14 4.828333e-09 max_cap10416
 3.478698e-09 1.348126e-09 2.429730e-14 4.826849e-09 wire11410
 1.976183e-09 2.850426e-09 2.429730e-14 4.826634e-09 max_cap1096
 1.809920e-09 3.011840e-09 2.429730e-14 4.821784e-09 wire200
 1.393734e-09 3.427067e-09 2.429730e-14 4.820826e-09 wire10186
 2.867878e-09 1.948929e-09 2.429730e-14 4.816832e-09 max_cap5731
 2.661722e-09 2.153376e-09 2.429730e-14 4.815122e-09 max_cap8633
 1.566460e-09 3.245191e-09 2.429730e-14 4.811675e-09 wire8950
 2.781849e-09 2.027808e-09 2.429730e-14 4.809681e-09 max_cap8506
 3.384255e-09 1.425130e-09 2.429730e-14 4.809409e-09 hold964
 1.815110e-09 2.990544e-09 2.429730e-14 4.805678e-09 wire593
 1.348809e-09 3.455170e-09 2.429730e-14 4.804003e-09 max_cap10691
 2.415312e-09 2.387555e-09 2.429730e-14 4.802891e-09 max_cap1128
 2.196079e-09 2.604310e-09 2.429730e-14 4.800413e-09 max_cap8349
 2.774368e-09 2.023889e-09 2.429730e-14 4.798281e-09 max_cap8336
 3.132767e-09 1.663901e-09 2.429730e-14 4.796693e-09 max_cap8480
 1.921500e-09 2.874414e-09 2.429730e-14 4.795938e-09 max_cap564
 2.332554e-09 2.463143e-09 2.429730e-14 4.795722e-09 wire2804
 2.730228e-09 2.058783e-09 2.429730e-14 4.789035e-09 max_cap2248
 2.587734e-09 2.199052e-09 2.429730e-14 4.786811e-09 max_cap5636
 3.059932e-09 1.725858e-09 2.429730e-14 4.785815e-09 max_cap8631
 2.489498e-09 2.295623e-09 2.429730e-14 4.785145e-09 max_cap7084
 2.916157e-09 1.868918e-09 2.429730e-14 4.785099e-09 max_cap5593
 3.189526e-09 1.595349e-09 2.429730e-14 4.784899e-09 max_cap8372
 2.321346e-09 2.462580e-09 2.429730e-14 4.783951e-09 wire2806
 3.373031e-09 1.406444e-09 2.429730e-14 4.779499e-09 max_cap4318
 1.459463e-09 3.318998e-09 2.429730e-14 4.778485e-09 max_cap10151
 1.937714e-09 2.840612e-09 2.429730e-14 4.778351e-09 max_cap4366
 3.010774e-09 1.767154e-09 2.429730e-14 4.777952e-09 wire10999
 2.856110e-09 1.921688e-09 2.429730e-14 4.777822e-09 max_cap10646
 3.053026e-09 1.720312e-09 2.429730e-14 4.773363e-09 max_cap8275
 1.801348e-09 2.971835e-09 2.429730e-14 4.773208e-09 max_cap437
 2.028638e-09 2.743275e-09 2.429730e-14 4.771937e-09 max_cap1303
 2.005466e-09 2.761164e-09 2.429730e-14 4.766654e-09 max_cap1091
 2.795561e-09 1.970459e-09 2.429730e-14 4.766044e-09 max_cap5614
 2.866869e-09 1.892626e-09 2.429730e-14 4.759519e-09 max_cap8147
 2.253209e-09 2.505112e-09 2.429730e-14 4.758345e-09 max_cap8664
 2.465370e-09 2.291386e-09 2.429730e-14 4.756780e-09 max_cap10997
 2.534834e-09 2.221415e-09 2.429730e-14 4.756274e-09 max_cap8464
 1.578730e-09 3.174450e-09 2.429730e-14 4.753204e-09 max_cap737
 2.697593e-09 2.054813e-09 2.429730e-14 4.752430e-09 max_cap8115
 3.511064e-09 1.241180e-09 2.429730e-14 4.752268e-09 max_cap8119
 3.043202e-09 1.706932e-09 2.429730e-14 4.750158e-09 max_cap11157
 2.670843e-09 2.078079e-09 2.429730e-14 4.748947e-09 max_cap1278
 1.515535e-09 3.227704e-09 6.784874e-14 4.743307e-09 wire9143
 2.542698e-09 2.199308e-09 2.429730e-14 4.742031e-09 max_cap5611
 3.021070e-09 1.715633e-09 2.429730e-14 4.736727e-09 max_cap1256
 1.392034e-09 3.344389e-09 2.429730e-14 4.736447e-09 max_cap10084
 2.619220e-09 2.110503e-09 2.429730e-14 4.729748e-09 max_cap1282
 2.504673e-09 2.220234e-09 2.429730e-14 4.724932e-09 max_cap8617
 2.772802e-09 1.952051e-09 2.429730e-14 4.724877e-09 wire2310
 3.412659e-09 1.311499e-09 2.429730e-14 4.724182e-09 wire10552
 2.886050e-09 1.837748e-09 2.429730e-14 4.723823e-09 max_cap8248
 3.188340e-09 1.534640e-09 2.429730e-14 4.723004e-09 max_cap10483
 2.818690e-09 1.901469e-09 2.429730e-14 4.720183e-09 max_cap5644
 1.836795e-09 2.882962e-09 2.429730e-14 4.719782e-09 wire211
 3.203071e-09 1.516601e-09 2.429730e-14 4.719697e-09 max_cap1307
 3.044040e-09 1.670960e-09 2.429730e-14 4.715025e-09 max_cap5323
 1.664868e-09 3.050099e-09 2.429730e-14 4.714992e-09 max_cap10579
 2.763958e-09 1.950163e-09 2.429730e-14 4.714145e-09 max_cap5548
 2.967957e-09 1.743537e-09 2.429730e-14 4.711518e-09 max_cap8026
 3.062415e-09 1.647646e-09 2.429730e-14 4.710085e-09 max_cap5522
 1.525019e-09 3.184872e-09 6.784748e-14 4.709960e-09 wire9142
 1.855095e-09 2.853392e-09 2.429730e-14 4.708512e-09 wire1726
 3.599621e-09 1.107355e-09 2.429730e-14 4.707000e-09 wire11156
 2.606841e-09 2.097249e-09 2.429730e-14 4.704115e-09 max_cap5709
 1.893197e-09 2.810448e-09 2.429730e-14 4.703669e-09 wire2562
 2.910306e-09 1.790608e-09 2.429730e-14 4.700939e-09 max_cap8596
 1.772111e-09 2.927468e-09 2.429730e-14 4.699603e-09 hold4082
 2.942028e-09 1.757258e-09 2.429730e-14 4.699310e-09 max_cap1271
 2.918666e-09 1.779652e-09 2.429730e-14 4.698342e-09 max_cap5529
 1.799395e-09 2.898868e-09 2.429730e-14 4.698288e-09 max_cap671
 2.160127e-09 2.537047e-09 2.429730e-14 4.697199e-09 wire2794
 3.055893e-09 1.639953e-09 2.429730e-14 4.695871e-09 max_cap10567
 3.429228e-09 1.264856e-09 2.429730e-14 4.694108e-09 wire7928
 1.700718e-09 2.991682e-09 2.429730e-14 4.692424e-09 wire7205
 1.486939e-09 3.205306e-09 2.429730e-14 4.692269e-09 max_cap2225
 2.683325e-09 2.007344e-09 2.429730e-14 4.690694e-09 max_cap10355
 2.719446e-09 1.970546e-09 2.429730e-14 4.690017e-09 max_cap8526
 3.378055e-09 1.309922e-09 2.429730e-14 4.688002e-09 wire7954
 2.361409e-09 2.321024e-09 2.429730e-14 4.682457e-09 wire335
 2.725253e-09 1.956266e-09 2.429730e-14 4.681544e-09 max_cap8362
 3.474656e-09 1.200745e-09 2.429730e-14 4.675425e-09 max_cap10771
 1.915532e-09 2.756619e-09 2.429730e-14 4.672175e-09 max_cap567
 2.821056e-09 1.850192e-09 2.429730e-14 4.671273e-09 max_cap5622
 2.670019e-09 2.000587e-09 2.429730e-14 4.670631e-09 wire8874
 2.477662e-09 2.188479e-09 2.429730e-14 4.666165e-09 max_cap1898
 2.603244e-09 2.061632e-09 2.429730e-14 4.664901e-09 max_cap1659
 2.823459e-09 1.839581e-09 2.429730e-14 4.663065e-09 max_cap8623
 2.330333e-09 2.332323e-09 2.429730e-14 4.662680e-09 wire2811
 1.799323e-09 2.862333e-09 2.429730e-14 4.661680e-09 max_cap674
 2.814042e-09 1.847423e-09 2.429730e-14 4.661489e-09 max_cap2686
 3.162943e-09 1.497734e-09 2.429730e-14 4.660701e-09 max_cap10484
 3.009271e-09 1.650337e-09 2.429730e-14 4.659633e-09 max_cap8401
 2.577443e-09 2.081800e-09 2.429730e-14 4.659267e-09 max_cap8621
 2.039155e-09 2.618744e-09 2.429730e-14 4.657924e-09 max_cap8797
 2.489524e-09 2.167661e-09 2.429730e-14 4.657209e-09 max_cap5782
 3.034032e-09 1.623065e-09 2.429730e-14 4.657122e-09 max_cap1439
 2.324042e-09 2.330605e-09 2.429730e-14 4.654671e-09 wire2808
 2.645685e-09 2.005342e-09 2.429730e-14 4.651051e-09 hold2644
 1.382179e-09 3.266346e-09 2.429730e-14 4.648550e-09 max_cap10532
 2.804571e-09 1.839135e-09 2.429730e-14 4.643730e-09 max_cap5726
 3.218624e-09 1.424300e-09 2.429730e-14 4.642949e-09 hold3659
 3.011412e-09 1.631033e-09 2.429730e-14 4.642470e-09 max_cap8163
 2.737121e-09 1.904916e-09 2.429730e-14 4.642062e-09 max_cap8656
 3.205261e-09 1.436025e-09 2.429730e-14 4.641310e-09 max_cap11213
 3.259897e-09 1.381006e-09 2.429730e-14 4.640927e-09 wire1529
 1.814716e-09 2.824068e-09 2.429730e-14 4.638809e-09 wire481
 2.814134e-09 1.822279e-09 2.429730e-14 4.636437e-09 max_cap8373
 1.486510e-09 3.138897e-09 2.429730e-14 4.625432e-09 max_cap10015
 2.798891e-09 1.826014e-09 2.429730e-14 4.624929e-09 max_cap7982
 2.459613e-09 2.164824e-09 2.429730e-14 4.624461e-09 max_cap1457
 2.980246e-09 1.640102e-09 2.429730e-14 4.620372e-09 max_cap8663
 2.794354e-09 1.825491e-09 2.429730e-14 4.619869e-09 max_cap1340
 2.961811e-09 1.657897e-09 2.429730e-14 4.619733e-09 max_cap8672
 2.963614e-09 1.655156e-09 2.429730e-14 4.618795e-09 max_cap8085
 2.500933e-09 2.111405e-09 2.429730e-14 4.612362e-09 max_cap5891
 1.817785e-09 2.793663e-09 2.429730e-14 4.611473e-09 max_cap588
 2.164002e-09 2.444519e-09 2.429730e-14 4.608546e-09 wire2849
 1.189630e-09 3.414915e-09 2.429730e-14 4.604570e-09 wire9361
 2.847195e-09 1.755129e-09 2.429730e-14 4.602348e-09 max_cap10108
 3.072611e-09 1.515186e-09 2.429730e-14 4.587821e-09 max_cap10568
 2.799235e-09 1.788236e-09 2.429730e-14 4.587496e-09 wire8466
 3.297776e-09 1.280219e-09 2.429730e-14 4.578020e-09 max_cap10419
 2.542292e-09 2.031905e-09 2.429730e-14 4.574222e-09 max_cap5590
 3.055050e-09 1.519003e-09 2.429730e-14 4.574078e-09 max_cap1431
 2.323335e-09 2.246493e-09 2.429730e-14 4.569852e-09 wire2805
 3.282659e-09 1.286598e-09 2.429730e-14 4.569282e-09 wire10554
 2.832506e-09 1.736199e-09 2.429730e-14 4.568730e-09 max_cap5618
 3.156538e-09 1.411845e-09 2.429730e-14 4.568407e-09 wire10067
 3.050286e-09 1.514953e-09 2.429730e-14 4.565263e-09 max_cap5607
 1.384945e-09 3.179905e-09 2.429730e-14 4.564875e-09 max_cap10533
 3.038007e-09 1.521608e-09 2.429730e-14 4.559639e-09 wire8321
 2.325975e-09 2.232795e-09 2.429730e-14 4.558795e-09 wire2810
 2.649100e-09 1.908217e-09 2.429730e-14 4.557341e-09 max_cap8671
 1.421213e-09 3.136052e-09 2.429730e-14 4.557289e-09 wire1755
 3.259710e-09 1.297266e-09 2.429730e-14 4.557001e-09 max_cap11152
 2.741314e-09 1.813549e-09 2.429730e-14 4.554888e-09 max_cap8530
 1.810743e-09 2.740856e-09 2.429730e-14 4.551623e-09 max_cap673
 1.860185e-09 2.689356e-09 2.429730e-14 4.549566e-09 max_cap633
 1.502957e-09 3.042329e-09 2.429730e-14 4.545311e-09 max_cap10548
 1.287487e-09 3.257172e-09 2.429730e-14 4.544684e-09 max_cap2286
 2.241606e-09 2.303002e-09 2.429730e-14 4.544632e-09 max_cap1262
 2.964238e-09 1.577007e-09 2.429730e-14 4.541269e-09 max_cap8329
 1.874757e-09 2.665984e-09 2.429730e-14 4.540766e-09 max_cap113
 2.989727e-09 1.549335e-09 2.429730e-14 4.539086e-09 max_cap5577
 2.393273e-09 2.142169e-09 2.429730e-14 4.535467e-09 wire2301
 2.307003e-09 2.228245e-09 2.429730e-14 4.535273e-09 wire2812
 2.323037e-09 2.208336e-09 2.429730e-14 4.531397e-09 max_cap1480
 3.007942e-09 1.522271e-09 2.429730e-14 4.530238e-09 max_cap10324
 1.462504e-09 3.062875e-09 2.429730e-14 4.525403e-09 wire10594
 1.823044e-09 2.699706e-09 2.429730e-14 4.522774e-09 wire478
 3.165982e-09 1.356228e-09 2.429730e-14 4.522234e-09 max_cap8304
 2.632185e-09 1.887875e-09 2.429730e-14 4.520084e-09 max_cap7506
 3.251297e-09 1.266841e-09 2.429730e-14 4.518162e-09 max_cap1384
 2.637139e-09 1.876668e-09 2.429730e-14 4.513832e-09 max_cap5526
 1.819249e-09 2.693311e-09 2.429730e-14 4.512585e-09 max_cap10103
 2.322174e-09 2.188403e-09 2.429730e-14 4.510602e-09 wire2803
 2.173705e-09 2.336527e-09 2.429730e-14 4.510256e-09 wire2853
 1.603762e-09 2.905940e-09 7.247501e-14 4.509773e-09 max_cap11904
 9.756538e-10 3.531084e-09 2.429730e-14 4.506762e-09 wire7316
 2.277390e-09 2.228915e-09 2.429730e-14 4.506330e-09 max_cap8486
 2.115787e-09 2.390076e-09 2.429730e-14 4.505887e-09 max_cap222
 2.163763e-09 2.340901e-09 2.429730e-14 4.504688e-09 wire2799
 1.429061e-09 3.075365e-09 2.429730e-14 4.504450e-09 max_cap10205
 3.053012e-09 1.446551e-09 2.429730e-14 4.499588e-09 wire2074
 2.313587e-09 2.184487e-09 2.429730e-14 4.498098e-09 wire2815
 2.662185e-09 1.835512e-09 2.429730e-14 4.497722e-09 max_cap5638
 2.815170e-09 1.677978e-09 2.429730e-14 4.493172e-09 wire2029
 2.585931e-09 1.903366e-09 2.429730e-14 4.489321e-09 max_cap8655
 2.167175e-09 2.322035e-09 2.429730e-14 4.489234e-09 wire2800
 1.623317e-09 2.865146e-09 6.829255e-14 4.488531e-09 wire7314
 1.613079e-09 2.875083e-09 6.807997e-14 4.488230e-09 wire9002
 2.386596e-09 2.098701e-09 2.429730e-14 4.485321e-09 max_cap334
 7.651889e-10 3.719131e-09 3.843788e-13 4.484704e-09 wire140
 2.559106e-09 1.925402e-09 2.429730e-14 4.484532e-09 max_cap11366
 1.863549e-09 2.619533e-09 2.429730e-14 4.483107e-09 max_cap5769
 2.921363e-09 1.560104e-09 2.429730e-14 4.481492e-09 max_cap5600
 1.616590e-09 2.864463e-09 2.429730e-14 4.481077e-09 wire1267
 2.813537e-09 1.666773e-09 2.429730e-14 4.480334e-09 max_cap5552
 2.531621e-09 1.945289e-09 2.429730e-14 4.476935e-09 max_cap187
 1.470068e-09 3.005302e-09 2.429730e-14 4.475394e-09 wire9147
 1.849869e-09 2.624110e-09 2.429730e-14 4.474004e-09 max_cap632
 1.611230e-09 2.862265e-09 2.429730e-14 4.473519e-09 max_cap10303
 2.678110e-09 1.792095e-09 2.429730e-14 4.470230e-09 max_cap8187
 2.924954e-09 1.541245e-09 2.429730e-14 4.466223e-09 max_cap5539
 2.484129e-09 1.981153e-09 2.429730e-14 4.465306e-09 max_cap5716
 2.699168e-09 1.764237e-09 2.429730e-14 4.463430e-09 max_cap10767
 2.501961e-09 1.960302e-09 2.429730e-14 4.462288e-09 max_cap1272
 2.438673e-09 2.021337e-09 2.429730e-14 4.460035e-09 wire2305
 1.798978e-09 2.660416e-09 2.429730e-14 4.459418e-09 max_cap471
 2.666440e-09 1.792636e-09 2.429730e-14 4.459101e-09 max_cap8397
 2.795704e-09 1.659896e-09 2.429730e-14 4.455625e-09 max_cap8513
 1.807257e-09 2.646399e-09 2.429730e-14 4.453680e-09 max_cap499
 1.389383e-09 3.061594e-09 2.429730e-14 4.451002e-09 max_cap1939
 1.610492e-09 2.839834e-09 2.429730e-14 4.450350e-09 max_cap2228
 3.192451e-09 1.257825e-09 2.429730e-14 4.450301e-09 wire8015
 2.980915e-09 1.468554e-09 2.429730e-14 4.449494e-09 wire7950
 2.778359e-09 1.669312e-09 2.429730e-14 4.447696e-09 max_cap5649
 3.171303e-09 1.269488e-09 2.429730e-14 4.440815e-09 wire8251
 1.394969e-09 3.044614e-09 6.782940e-14 4.439651e-09 wire6219
 2.602675e-09 1.836344e-09 2.429730e-14 4.439044e-09 max_cap7977
 1.832942e-09 2.605236e-09 2.429730e-14 4.438201e-09 wire177
 2.598815e-09 1.839250e-09 2.429730e-14 4.438090e-09 max_cap5604
 2.689811e-09 1.746589e-09 2.429730e-14 4.436425e-09 max_cap5540
 1.824735e-09 2.610660e-09 2.429730e-14 4.435419e-09 max_cap590
 2.171040e-09 2.263709e-09 2.429730e-14 4.434773e-09 wire2852
 2.399294e-09 2.035159e-09 2.429730e-14 4.434477e-09 wire3857
 1.820273e-09 2.612144e-09 2.429730e-14 4.432441e-09 wire207
 2.947806e-09 1.478862e-09 2.429730e-14 4.426691e-09 max_cap8080
 1.498937e-09 2.927594e-09 2.429730e-14 4.426555e-09 max_cap10016
 1.657711e-09 2.762114e-09 2.429730e-14 4.419848e-09 max_cap10578
 2.187633e-09 2.228979e-09 1.351549e-13 4.416747e-09 output36
 2.370652e-09 2.038792e-09 2.429730e-14 4.409469e-09 max_cap7942
 2.455367e-09 1.952133e-09 2.429730e-14 4.407525e-09 max_cap8151
 1.477347e-09 2.928548e-09 2.429730e-14 4.405919e-09 max_cap794
 1.798273e-09 2.604331e-09 2.429730e-14 4.402628e-09 wire482
 2.122682e-09 2.279678e-09 2.429730e-14 4.402384e-09 wire2854
 1.819540e-09 2.581188e-09 2.429730e-14 4.400753e-09 wire170
 2.868198e-09 1.531174e-09 2.429730e-14 4.399396e-09 wire3650
 1.617010e-09 2.782071e-09 2.429730e-14 4.399106e-09 max_cap10431
 1.843066e-09 2.555184e-09 2.429730e-14 4.398274e-09 wire591
 3.004865e-09 1.390434e-09 2.429730e-14 4.395323e-09 max_cap8201
 1.173275e-09 3.221340e-09 6.752827e-14 4.394682e-09 max_cap1062
 2.906651e-09 1.487599e-09 2.429730e-14 4.394275e-09 max_cap8557
 1.629164e-09 2.764572e-09 6.829222e-14 4.393804e-09 wire7313
 2.846470e-09 1.543333e-09 2.429730e-14 4.389828e-09 max_cap5586
 2.865069e-09 1.524586e-09 2.429730e-14 4.389679e-09 max_cap8516
 1.678255e-09 2.707710e-09 2.429730e-14 4.385989e-09 max_cap2230
 2.161011e-09 2.223511e-09 2.429730e-14 4.384547e-09 wire2798
 2.647101e-09 1.737138e-09 2.429730e-14 4.384264e-09 max_cap5734
 1.494068e-09 2.887191e-09 2.429730e-14 4.381284e-09 max_cap1521
 2.389467e-09 1.991708e-09 2.429730e-14 4.381200e-09 max_cap333
 2.111995e-09 2.268856e-09 2.429730e-14 4.380876e-09 wire2787
 2.707998e-09 1.672532e-09 2.429730e-14 4.380554e-09 max_cap5555
 2.405147e-09 1.973062e-09 2.429730e-14 4.378233e-09 max_cap5544
 2.637940e-09 1.737216e-09 2.429730e-14 4.375181e-09 max_cap10566
 1.587870e-09 2.785789e-09 2.429730e-14 4.373683e-09 max_cap735
 1.515159e-09 2.858118e-09 2.429730e-14 4.373301e-09 wire10463
 1.402272e-09 2.969317e-09 2.429730e-14 4.371613e-09 max_cap10944
 2.156090e-09 2.215134e-09 2.429730e-14 4.371248e-09 wire2795
 2.635877e-09 1.735153e-09 2.429730e-14 4.371055e-09 max_cap8332
 2.745790e-09 1.623734e-09 2.429730e-14 4.369549e-09 max_cap8659
 2.680616e-09 1.685494e-09 2.429730e-14 4.366135e-09 max_cap5680
 1.821821e-09 2.543863e-09 2.429730e-14 4.365709e-09 max_cap227
 1.426946e-09 2.937344e-09 2.429730e-14 4.364314e-09 max_cap10812
 3.184375e-09 1.179807e-09 2.429730e-14 4.364207e-09 wire11069
 2.923326e-09 1.440749e-09 2.429730e-14 4.364100e-09 max_cap8002
 1.784559e-09 2.575168e-09 2.429730e-14 4.359751e-09 max_cap2296
 2.788087e-09 1.568286e-09 2.429730e-14 4.356398e-09 wire2819
 2.100735e-09 2.252824e-09 2.429730e-14 4.353584e-09 wire2780
 1.171116e-09 3.181972e-09 6.752201e-14 4.353155e-09 max_cap919
 1.446759e-09 2.906156e-09 2.429730e-14 4.352939e-09 max_cap10516
 1.781988e-09 2.570012e-09 2.429730e-14 4.352025e-09 max_cap659
 2.111024e-09 2.239778e-09 2.429730e-14 4.350827e-09 wire2791
 1.844154e-09 2.503562e-09 2.429730e-14 4.347741e-09 max_cap1903
 1.796196e-09 2.550164e-09 2.429730e-14 4.346384e-09 max_cap2295
 2.883570e-09 1.456451e-09 2.429730e-14 4.340045e-09 max_cap5558
 2.310613e-09 2.024578e-09 2.429730e-14 4.335215e-09 max_cap295
 1.273934e-09 3.060649e-09 7.266105e-14 4.334657e-09 max_cap10658
 1.816315e-09 2.518096e-09 2.429730e-14 4.334435e-09 wire272
 1.791860e-09 2.542442e-09 2.429730e-14 4.334327e-09 max_cap510
 2.870710e-09 1.462780e-09 2.429730e-14 4.333515e-09 max_cap1463
 2.529006e-09 1.803785e-09 2.429730e-14 4.332816e-09 wire186
 1.801565e-09 2.527217e-09 2.429730e-14 4.328807e-09 wire255
 2.517423e-09 1.809422e-09 2.429730e-14 4.326870e-09 max_cap5519
 2.167758e-09 2.155573e-09 2.429730e-14 4.323355e-09 wire2796
 2.851636e-09 1.471040e-09 2.429730e-14 4.322701e-09 max_cap3649
 1.583309e-09 2.738383e-09 2.429730e-14 4.321716e-09 max_cap1522
 1.556286e-09 2.764239e-09 2.429730e-14 4.320549e-09 wire8952
 2.170403e-09 2.149338e-09 2.429730e-14 4.319766e-09 wire2851
 1.824000e-09 2.494725e-09 2.429730e-14 4.318749e-09 max_cap4763
 2.542105e-09 1.775770e-09 2.429730e-14 4.317900e-09 max_cap7969
 1.815521e-09 2.499851e-09 2.429730e-14 4.315396e-09 max_cap509
 2.767478e-09 1.547259e-09 2.429730e-14 4.314761e-09 max_cap5720
 1.820794e-09 2.491346e-09 2.429730e-14 4.312164e-09 wire306
 2.155863e-09 2.154851e-09 2.429730e-14 4.310738e-09 wire2801
 2.107459e-09 2.201267e-09 2.429730e-14 4.308750e-09 wire2781
 1.810170e-09 2.494857e-09 2.429730e-14 4.305052e-09 wire10399
 3.050092e-09 1.254326e-09 2.429730e-14 4.304443e-09 hold4117
 1.075973e-09 3.223801e-09 2.429730e-14 4.299799e-09 max_cap1304
 2.607458e-09 1.686846e-09 2.429730e-14 4.294328e-09 max_cap8538
 3.132669e-09 1.157750e-09 2.429730e-14 4.290444e-09 max_cap10679
 2.106901e-09 2.180168e-09 2.429730e-14 4.287094e-09 wire2786
 2.128037e-09 2.157327e-09 2.429730e-14 4.285388e-09 wire2792
 3.067035e-09 1.217522e-09 2.429730e-14 4.284582e-09 wire8568
 2.639835e-09 1.643068e-09 2.429730e-14 4.282928e-09 max_cap5553
 2.108773e-09 2.173916e-09 2.429730e-14 4.282714e-09 wire2785
 2.090912e-09 2.191609e-09 2.429730e-14 4.282545e-09 wire2775
 2.357401e-09 1.923299e-09 2.429730e-14 4.280724e-09 max_cap7946
 1.805365e-09 2.474361e-09 2.429730e-14 4.279750e-09 max_cap725
 2.591564e-09 1.687793e-09 2.429730e-14 4.279382e-09 wire2481
 2.108824e-09 2.169455e-09 2.429730e-14 4.278303e-09 wire2784
 3.276745e-09 1.000894e-09 2.429730e-14 4.277663e-09 max_cap8734
 1.828218e-09 2.448324e-09 2.429730e-14 4.276567e-09 wire480
 2.705586e-09 1.570140e-09 2.429730e-14 4.275750e-09 max_cap1504
 1.556156e-09 2.716992e-09 2.429730e-14 4.273172e-09 max_cap8953
 1.423962e-09 2.848171e-09 2.429730e-14 4.272157e-09 max_cap10204
 1.844421e-09 2.425231e-09 2.429730e-14 4.269676e-09 wire179
 2.825972e-09 1.443546e-09 2.429730e-14 4.269542e-09 max_cap9566
 1.358749e-09 2.908898e-09 2.429730e-14 4.267671e-09 max_cap10626
 1.732388e-09 2.534442e-09 2.429730e-14 4.266854e-09 max_cap7202
 1.931322e-09 2.334879e-09 2.429730e-14 4.266226e-09 max_cap5694
 1.807110e-09 2.458829e-09 2.429730e-14 4.265964e-09 max_cap469
 2.649400e-09 1.612365e-09 2.429730e-14 4.261789e-09 wire8402
 3.251488e-09 1.008039e-09 2.429730e-14 4.259551e-09 wire10768
 2.607712e-09 1.650724e-09 2.429730e-14 4.258461e-09 max_cap7171
 1.824839e-09 2.432052e-09 2.429730e-14 4.256915e-09 wire262
 2.076583e-09 2.176565e-09 2.429730e-14 4.253172e-09 wire2776
 2.526479e-09 1.721989e-09 2.429730e-14 4.248493e-09 wire9983
 8.410511e-10 3.406255e-09 2.429730e-14 4.247331e-09 max_cap11422
 2.778166e-09 1.466289e-09 2.429730e-14 4.244479e-09 max_cap10232
 2.118744e-09 2.122044e-09 2.429730e-14 4.240812e-09 wire2793
 6.264170e-10 3.613351e-09 3.847687e-13 4.240153e-09 wire823
 2.838310e-09 1.400688e-09 2.429730e-14 4.239023e-09 max_cap1458
 2.110271e-09 2.127977e-09 2.429730e-14 4.238272e-09 wire2789
 1.418801e-09 2.819172e-09 2.429730e-14 4.237998e-09 wire10498
 1.628699e-09 2.608083e-09 6.807926e-14 4.236850e-09 wire9001
 2.421928e-09 1.813915e-09 2.429730e-14 4.235867e-09 max_cap1066
 1.818447e-09 2.415188e-09 2.429730e-14 4.233659e-09 wire252
 2.896450e-09 1.337182e-09 2.429730e-14 4.233657e-09 wire8238
 2.625085e-09 1.608098e-09 2.429730e-14 4.233208e-09 max_cap5626
 2.108905e-09 2.121576e-09 2.429730e-14 4.230505e-09 wire2788
 2.758213e-09 1.472168e-09 2.429730e-14 4.230405e-09 max_cap8088
 1.815574e-09 2.414402e-09 2.429730e-14 4.230000e-09 max_cap254
 1.816814e-09 2.411641e-09 2.429730e-14 4.228480e-09 max_cap451
 2.611986e-09 1.616341e-09 2.429730e-14 4.228351e-09 max_cap8241
 1.811718e-09 2.414229e-09 2.429730e-14 4.225972e-09 max_cap477
 1.794836e-09 2.430968e-09 2.429730e-14 4.225828e-09 max_cap9702
 2.570896e-09 1.649383e-09 2.429730e-14 4.220303e-09 max_cap7960
 2.897071e-09 1.319203e-09 2.429730e-14 4.216299e-09 wire11119
 1.319966e-09 2.895722e-09 2.429730e-14 4.215713e-09 max_cap10765
 2.479204e-09 1.733755e-09 2.429730e-14 4.212983e-09 max_cap1151
 2.624449e-09 1.588283e-09 2.429730e-14 4.212757e-09 max_cap5738
 1.832072e-09 2.376770e-09 2.429730e-14 4.208867e-09 max_cap174
 2.623251e-09 1.584019e-09 2.429730e-14 4.207294e-09 max_cap5532
 2.812683e-09 1.393103e-09 2.429730e-14 4.205810e-09 max_cap8004
 1.270735e-09 2.932522e-09 2.429730e-14 4.203282e-09 wire10254
 1.801294e-09 2.401497e-09 2.429730e-14 4.202815e-09 wire253
 2.717460e-09 1.483406e-09 2.429730e-14 4.200890e-09 max_cap2247
 2.095285e-09 2.103201e-09 2.429730e-14 4.198510e-09 wire2773
 2.709802e-09 1.488610e-09 2.429730e-14 4.198437e-09 max_cap10467
 2.303709e-09 1.894291e-09 2.429730e-14 4.198025e-09 max_cap1335
 2.220541e-09 1.976936e-09 2.429730e-14 4.197501e-09 max_cap7965
 2.758455e-09 1.438977e-09 2.429730e-14 4.197456e-09 max_cap8065
 2.096534e-09 2.099820e-09 2.429730e-14 4.196378e-09 wire2779
 2.748393e-09 1.445900e-09 2.429730e-14 4.194318e-09 wire10087
 1.728754e-09 2.459587e-09 2.429730e-14 4.188365e-09 max_cap7207
 2.576828e-09 1.610870e-09 2.429730e-14 4.187723e-09 max_cap8612
 2.108827e-09 2.077250e-09 2.429730e-14 4.186101e-09 max_cap7696
 1.830061e-09 2.352832e-09 2.429730e-14 4.182918e-09 max_cap270
 2.706930e-09 1.472870e-09 2.429730e-14 4.179825e-09 max_cap8095
 2.105431e-09 2.073066e-09 2.429730e-14 4.178521e-09 wire2790
 1.823772e-09 2.353144e-09 2.429730e-14 4.176941e-09 max_cap10963
 1.817581e-09 2.358259e-09 2.429730e-14 4.175864e-09 max_cap1279
 7.617653e-10 3.410744e-09 2.429730e-14 4.172534e-09 max_cap1516
 2.103675e-09 2.068497e-09 2.429730e-14 4.172196e-09 max_cap1161
 2.259856e-09 1.908590e-09 2.429730e-14 4.168470e-09 max_cap620
 1.825012e-09 2.342412e-09 2.429730e-14 4.167448e-09 max_cap688
 1.830818e-09 2.335385e-09 2.429730e-14 4.166227e-09 wire278
 1.802583e-09 2.360222e-09 2.429730e-14 4.162830e-09 max_cap576
 1.525000e-09 2.637288e-09 2.429730e-14 4.162313e-09 max_cap10133
 3.118228e-09 1.042311e-09 2.429730e-14 4.160563e-09 wire8212
 1.511144e-09 2.649081e-09 2.429730e-14 4.160249e-09 max_cap2674
 1.630742e-09 2.528016e-09 6.807901e-14 4.158826e-09 wire9000
 1.785614e-09 2.368563e-09 2.429730e-14 4.154201e-09 max_cap693
 1.153502e-09 2.998078e-09 2.429730e-14 4.151604e-09 wire10417
 1.779860e-09 2.365757e-09 2.429730e-14 4.145642e-09 max_cap172
 2.907049e-09 1.237342e-09 2.429730e-14 4.144416e-09 wire10517
 2.158886e-09 1.984599e-09 2.429730e-14 4.143510e-09 wire2797
 1.808255e-09 2.334370e-09 2.429730e-14 4.142650e-09 wire208
 2.906162e-09 1.235976e-09 2.429730e-14 4.142162e-09 max_cap10424
 1.801942e-09 2.339167e-09 2.429730e-14 4.141133e-09 max_cap310
 2.305940e-09 1.828267e-09 2.429730e-14 4.134232e-09 max_cap8181
 2.644042e-09 1.485061e-09 2.429730e-14 4.129127e-09 max_cap8416
 2.934200e-09 1.192988e-09 2.429730e-14 4.127213e-09 wire8029
 1.018448e-09 3.106195e-09 2.429730e-14 4.124668e-09 wire3994
 1.445815e-09 2.677765e-09 2.429730e-14 4.123604e-09 max_cap10515
 2.829352e-09 1.292250e-09 2.429730e-14 4.121626e-09 hold3574
 2.904106e-09 1.217363e-09 2.429730e-14 4.121494e-09 max_cap8620
 1.996690e-09 2.122423e-09 2.429730e-14 4.119138e-09 max_cap1508
 2.614222e-09 1.503910e-09 2.429730e-14 4.118156e-09 max_cap8100
 2.647285e-09 1.463081e-09 2.429730e-14 4.110390e-09 max_cap6166
 2.780871e-09 1.329372e-09 2.429730e-14 4.110267e-09 max_cap10159
 2.467533e-09 1.638592e-09 2.429730e-14 4.106149e-09 max_cap1376
 2.468685e-09 1.634417e-09 2.429730e-14 4.103126e-09 max_cap8346
 2.583666e-09 1.517576e-09 2.429730e-14 4.101266e-09 max_cap7979
 1.508761e-09 2.590371e-09 2.429730e-14 4.099156e-09 max_cap2675
 1.779326e-09 2.317696e-09 2.429730e-14 4.097047e-09 wire710
 1.248864e-09 2.848113e-09 2.429730e-14 4.097002e-09 max_cap525
 2.529278e-09 1.567300e-09 2.429730e-14 4.096603e-09 max_cap8683
 1.801825e-09 2.291449e-09 2.429730e-14 4.093298e-09 wire309
 1.785590e-09 2.302664e-09 2.429730e-14 4.088279e-09 max_cap692
 1.483458e-09 2.604544e-09 2.429730e-14 4.088026e-09 max_cap10827
 1.345650e-09 2.740309e-09 2.429730e-14 4.085983e-09 max_cap10627
 1.994184e-09 2.088849e-09 2.429730e-14 4.083057e-09 max_cap1507
 2.827263e-09 1.250841e-09 2.429730e-14 4.078129e-09 max_cap10289
 1.478596e-09 2.594880e-09 2.429730e-14 4.073501e-09 max_cap10826
 1.514056e-09 2.559054e-09 2.429730e-14 4.073135e-09 max_cap10464
 1.262762e-09 2.807530e-09 2.429730e-14 4.070316e-09 wire10912
 1.820706e-09 2.242338e-09 2.429730e-14 4.063069e-09 max_cap308
 2.576116e-09 1.486169e-09 2.429730e-14 4.062309e-09 max_cap8524
 9.701793e-10 3.089602e-09 2.429730e-14 4.059805e-09 max_cap10860
 2.652070e-09 1.405592e-09 2.429730e-14 4.057686e-09 max_cap1658
 2.565207e-09 1.492182e-09 2.429730e-14 4.057414e-09 max_cap5704
 1.815143e-09 2.238309e-09 2.429730e-14 4.053476e-09 max_cap1301
 2.086767e-09 1.965425e-09 2.429730e-14 4.052217e-09 max_cap8740
 8.358936e-10 3.213948e-09 2.429730e-14 4.049866e-09 max_cap8963
 1.843283e-09 2.205309e-09 2.429730e-14 4.048617e-09 max_cap271
 2.124333e-09 1.924007e-09 2.429730e-14 4.048364e-09 max_cap1253
 1.823413e-09 2.224833e-09 2.429730e-14 4.048271e-09 max_cap634
 2.596351e-09 1.449059e-09 2.429730e-14 4.045435e-09 max_cap10258
 1.786461e-09 2.258911e-09 2.429730e-14 4.045396e-09 wire228
 2.358483e-09 1.686150e-09 2.429730e-14 4.044657e-09 max_cap8503
 1.807627e-09 2.236907e-09 2.429730e-14 4.044559e-09 max_cap690
 2.408187e-09 1.633425e-09 2.429730e-14 4.041636e-09 max_cap8370
 2.361177e-09 1.675410e-09 2.429730e-14 4.036612e-09 max_cap8651
 1.881282e-09 2.154639e-09 2.429730e-14 4.035945e-09 max_cap1300
 2.008244e-09 2.026796e-09 2.429730e-14 4.035064e-09 max_cap5630
 1.808969e-09 2.225970e-09 2.429730e-14 4.034963e-09 wire210
 2.143150e-09 1.886084e-09 2.429730e-14 4.029258e-09 max_cap219
 1.586240e-09 2.442194e-09 2.429730e-14 4.028458e-09 max_cap10432
 2.767585e-09 1.260697e-09 2.429730e-14 4.028307e-09 max_cap8546
 1.816893e-09 2.210056e-09 2.429730e-14 4.026973e-09 wire479
 2.318694e-09 1.706525e-09 2.429730e-14 4.025244e-09 wire2814
 2.673695e-09 1.349330e-09 2.429730e-14 4.023050e-09 max_cap8365
 1.826149e-09 2.194239e-09 2.429730e-14 4.020412e-09 max_cap1902
 1.822160e-09 2.196547e-09 2.429730e-14 4.018732e-09 max_cap209
 1.013891e-09 3.004163e-09 2.429730e-14 4.018079e-09 wire9003
 2.684886e-09 1.332634e-09 2.429730e-14 4.017545e-09 max_cap8064
 1.417784e-09 2.599702e-09 2.429730e-14 4.017510e-09 max_cap4837
 1.786571e-09 2.222142e-09 2.429730e-14 4.008737e-09 max_cap449
 3.079852e-09 9.216883e-10 2.429730e-14 4.001565e-09 wire8265
 1.410397e-09 2.588366e-09 2.429730e-14 3.998787e-09 max_cap10285
 1.354650e-09 2.642788e-09 2.429730e-14 3.997462e-09 max_cap10674
 2.084944e-09 1.908394e-09 2.429730e-14 3.993363e-09 wire2774
 1.964334e-09 2.022207e-09 2.429730e-14 3.986566e-09 max_cap2292
 1.346744e-09 2.638830e-09 2.429730e-14 3.985598e-09 max_cap10795
 1.826411e-09 2.157163e-09 2.429730e-14 3.983598e-09 max_cap263
 2.038167e-09 1.944992e-09 2.429730e-14 3.983183e-09 max_cap8157
 1.070914e-09 2.910804e-09 2.429730e-14 3.981742e-09 hold5392
 1.099126e-09 2.879980e-09 7.316789e-14 3.979179e-09 max_cap9978
 2.538770e-09 1.435242e-09 2.429730e-14 3.974036e-09 max_cap8247
 1.020242e-09 2.951970e-09 2.429730e-14 3.972237e-09 max_cap1188
 2.196114e-09 1.769583e-09 2.429730e-14 3.965721e-09 max_cap1728
 1.713000e-09 2.247470e-09 2.429730e-14 3.960495e-09 wire7208
 1.792156e-09 2.166792e-09 2.429730e-14 3.958973e-09 max_cap1474
 2.744871e-09 1.212968e-09 2.429730e-14 3.957864e-09 max_cap11099
 2.182035e-09 1.775353e-09 2.429730e-14 3.957412e-09 max_cap8676
 2.737057e-09 1.217584e-09 2.429730e-14 3.954665e-09 wire8067
 2.588003e-09 1.364469e-09 2.429730e-14 3.952497e-09 max_cap10257
 1.552553e-09 2.395863e-09 2.429730e-14 3.948440e-09 max_cap754
 2.080740e-09 1.864536e-09 2.429730e-14 3.945300e-09 wire2782
 2.551141e-09 1.393878e-09 2.429730e-14 3.945043e-09 max_cap8204
 2.179634e-09 1.763242e-09 2.429730e-14 3.942900e-09 max_cap1124
 2.042635e-09 1.899165e-09 2.429730e-14 3.941824e-09 max_cap1461
 2.573343e-09 1.367604e-09 2.429730e-14 3.940972e-09 max_cap8583
 2.316924e-09 1.621363e-09 2.429730e-14 3.938311e-09 max_cap10615
 1.619432e-09 2.315778e-09 2.429730e-14 3.935234e-09 wire3802
 2.025794e-09 1.907332e-09 2.429730e-14 3.933150e-09 wire1595
 1.822533e-09 2.108850e-09 2.429730e-14 3.931407e-09 wire689
 2.591156e-09 1.339135e-09 2.429730e-14 3.930315e-09 max_cap8148
 2.675730e-09 1.253022e-09 2.429730e-14 3.928776e-09 max_cap8328
 2.052886e-09 1.873717e-09 2.429730e-14 3.926627e-09 max_cap1132
 1.968501e-09 1.956355e-09 2.429730e-14 3.924880e-09 max_cap5549
 7.181400e-10 3.206393e-09 2.429730e-14 3.924558e-09 max_cap1108
 1.322647e-09 2.600292e-09 2.429730e-14 3.922964e-09 max_cap9074
 2.361934e-09 1.554599e-09 2.429730e-14 3.916557e-09 max_cap1265
 2.853921e-09 1.059909e-09 2.429730e-14 3.913855e-09 max_cap8013
 1.817232e-09 2.096309e-09 2.429730e-14 3.913565e-09 max_cap251
 2.458328e-09 1.454511e-09 2.429730e-14 3.912864e-09 max_cap8040
 2.545314e-09 1.364065e-09 2.429730e-14 3.909403e-09 max_cap5686
 1.345314e-09 2.562785e-09 2.429730e-14 3.908123e-09 max_cap10171
 2.069150e-09 1.830897e-09 2.429730e-14 3.900072e-09 max_cap7518
 2.049891e-09 1.842822e-09 2.429730e-14 3.892738e-09 wire6203
 2.919901e-09 9.721746e-10 2.429730e-14 3.892100e-09 max_cap10799
 1.488314e-09 2.402873e-09 2.429730e-14 3.891211e-09 max_cap795
 2.559950e-09 1.322502e-09 2.429730e-14 3.882476e-09 wire8452
 1.348568e-09 2.532831e-09 2.429730e-14 3.881424e-09 max_cap10692
 1.459035e-09 2.418246e-09 2.429730e-14 3.877306e-09 max_cap10711
 2.458173e-09 1.419004e-09 2.429730e-14 3.877202e-09 max_cap8158
 2.527495e-09 1.349454e-09 2.429730e-14 3.876973e-09 max_cap8534
 1.799205e-09 2.077453e-09 2.429730e-14 3.876683e-09 max_cap1259
 9.414104e-10 2.934519e-09 2.429730e-14 3.875954e-09 max_cap1185
 1.800804e-09 2.072615e-09 2.429730e-14 3.873443e-09 max_cap257
 2.473501e-09 1.396459e-09 2.429730e-14 3.869985e-09 max_cap1138
 2.185403e-09 1.682392e-09 2.429730e-14 3.867820e-09 max_cap1427
 1.825427e-09 2.040610e-09 2.429730e-14 3.866061e-09 wire264
 1.760992e-09 2.100681e-09 2.429730e-14 3.861697e-09 max_cap10878
 1.522720e-09 2.338642e-09 2.429730e-14 3.861385e-09 max_cap8708
 2.080946e-09 1.780282e-09 2.429730e-14 3.861252e-09 max_cap8796
 2.544223e-09 1.316564e-09 2.429730e-14 3.860812e-09 max_cap8443
 1.808970e-09 2.046800e-09 2.429730e-14 3.855795e-09 max_cap672
 1.798618e-09 2.053945e-09 2.429730e-14 3.852587e-09 max_cap265
 1.461839e-09 2.386517e-09 2.429730e-14 3.848380e-09 wire9628
 2.947989e-09 9.000141e-10 2.429730e-14 3.848027e-09 max_cap10597
 2.218323e-09 1.626754e-09 2.429730e-14 3.845102e-09 max_cap1337
 1.798844e-09 2.045242e-09 2.429730e-14 3.844111e-09 max_cap167
 2.472724e-09 1.366975e-09 2.429730e-14 3.839724e-09 max_cap5659
 1.085083e-09 2.750209e-09 7.283435e-14 3.835364e-09 max_cap11873
 2.713808e-09 1.120683e-09 7.282208e-14 3.834563e-09 max_cap10727
 1.007756e-09 2.823722e-09 2.429730e-14 3.831503e-09 wire3997
 1.414992e-09 2.413880e-09 2.429730e-14 3.828897e-09 max_cap10928
 1.804680e-09 2.023738e-09 2.429730e-14 3.828442e-09 max_cap2280
 2.019301e-09 1.806622e-09 2.429730e-14 3.825947e-09 max_cap1462
 1.330093e-09 2.488333e-09 2.429730e-14 3.818450e-09 wire1157
 2.321952e-09 1.487676e-09 2.429730e-14 3.809653e-09 max_cap5516
 2.886033e-09 9.217157e-10 2.429730e-14 3.807773e-09 max_cap10849
 1.395663e-09 2.409005e-09 6.782706e-14 3.804736e-09 wire6209
 1.716089e-09 2.085521e-09 2.429730e-14 3.801634e-09 wire7203
 1.530224e-09 2.270565e-09 2.429730e-14 3.800813e-09 max_cap2217
 2.829377e-09 9.701406e-10 2.429730e-14 3.799542e-09 max_cap10896
 1.795137e-09 2.003583e-09 2.429730e-14 3.798745e-09 max_cap483
 1.797436e-09 1.990156e-09 2.429730e-14 3.787617e-09 wire260
 1.477737e-09 2.308799e-09 2.429730e-14 3.786561e-09 max_cap797
 1.402284e-09 2.381354e-09 2.429730e-14 3.783662e-09 max_cap10976
 9.753242e-10 2.805988e-09 2.429730e-14 3.781337e-09 max_cap4956
 1.741712e-09 2.037433e-09 2.429730e-14 3.779169e-09 wire3801
 1.272787e-09 2.503279e-09 2.429730e-14 3.776091e-09 max_cap10352
 2.841061e-09 9.344933e-10 2.429730e-14 3.775579e-09 max_cap8012
 2.715504e-09 1.055219e-09 2.429730e-14 3.770747e-09 wire8087
 9.444662e-10 2.825537e-09 6.768241e-14 3.770071e-09 wire9120
 1.210170e-09 2.559430e-09 2.429730e-14 3.769624e-09 wire9358
 2.443963e-09 1.323741e-09 2.429730e-14 3.767729e-09 max_cap2303
 2.687551e-09 1.079904e-09 2.429730e-14 3.767479e-09 wire8325
 2.221156e-09 1.544325e-09 2.429730e-14 3.765505e-09 max_cap8186
 2.483448e-09 1.277988e-09 2.429730e-14 3.761461e-09 max_cap8027
 2.278803e-09 1.482555e-09 2.429730e-14 3.761382e-09 max_cap8550
 8.116538e-10 2.941191e-09 2.429730e-14 3.752869e-09 wire9980
 1.774618e-09 1.973684e-09 2.429730e-14 3.748327e-09 max_cap711
 2.048650e-09 1.699564e-09 2.429730e-14 3.748239e-09 hold5054
 2.274935e-09 1.472991e-09 2.429730e-14 3.747950e-09 max_cap1377
 1.546441e-09 2.199786e-09 2.429730e-14 3.746251e-09 max_cap9982
 1.842428e-09 1.894544e-09 2.429730e-14 3.736997e-09 wire268
 4.225064e-10 3.309212e-09 5.579292e-14 3.731774e-09 _15197_
 1.855328e-09 1.874165e-09 2.429730e-14 3.729518e-09 max_cap1510
 1.834243e-09 1.894365e-09 1.412522e-13 3.728748e-09 output61
 1.953806e-09 1.770649e-09 2.429730e-14 3.724479e-09 max_cap8818
 2.364706e-09 1.354863e-09 2.429730e-14 3.719594e-09 max_cap7923
 1.350518e-09 2.367278e-09 7.302290e-14 3.717869e-09 max_cap11903
 2.056119e-09 1.656366e-09 2.429730e-14 3.712509e-09 wire10677
 1.988418e-09 1.723999e-09 2.429730e-14 3.712441e-09 wire8690
 2.577235e-09 1.132848e-09 2.429730e-14 3.710108e-09 max_cap3673
 2.277244e-09 1.431617e-09 2.429730e-14 3.708885e-09 max_cap1095
 2.081191e-09 1.622747e-09 2.429730e-14 3.703961e-09 wire2772
 1.189210e-09 2.505595e-09 2.429730e-14 3.694829e-09 max_cap417
 2.598618e-09 1.093268e-09 2.429730e-14 3.691911e-09 wire3674
 2.010350e-09 1.675317e-09 2.429730e-14 3.685691e-09 max_cap610
 2.433843e-09 1.250350e-09 2.429730e-14 3.684217e-09 max_cap8385
 2.195860e-09 1.476187e-09 2.429730e-14 3.672071e-09 max_cap2219
 5.593437e-10 3.108530e-09 2.429730e-14 3.667898e-09 hold9255
 2.299011e-09 1.365594e-09 2.429730e-14 3.664629e-09 max_cap8169
 1.887334e-09 1.771759e-09 2.429730e-14 3.659117e-09 max_cap5597
 9.608977e-10 2.697731e-09 6.783832e-14 3.658697e-09 wire9125
 1.807065e-09 1.851323e-09 2.429730e-14 3.658412e-09 wire202
 9.960698e-10 2.659930e-09 2.429730e-14 3.656025e-09 max_cap6495
 1.898617e-09 1.754204e-09 2.429730e-14 3.652845e-09 max_cap8819
 2.390718e-09 1.260281e-09 2.429730e-14 3.651023e-09 max_cap11301
 2.447490e-09 1.193800e-09 2.429730e-14 3.641314e-09 max_cap8353
 1.425575e-09 2.204790e-09 2.429730e-14 3.630390e-09 max_cap10811
 1.787880e-09 1.840139e-09 2.429730e-14 3.628044e-09 max_cap279
 1.225750e-09 2.400362e-09 2.429730e-14 3.626136e-09 max_cap3701
 1.191163e-09 2.432029e-09 2.429730e-14 3.623216e-09 wire9698
 2.401468e-09 1.220979e-09 2.429730e-14 3.622471e-09 max_cap1312
 1.354495e-09 2.265016e-09 2.429730e-14 3.619536e-09 max_cap3751
 9.361105e-10 2.679991e-09 2.429730e-14 3.616126e-09 wire10237
 1.669703e-09 1.939466e-09 2.429730e-14 3.609193e-09 max_cap2669
 2.765192e-09 8.434520e-10 2.429730e-14 3.608668e-09 wire8143
 1.705579e-09 1.899269e-09 2.429730e-14 3.604873e-09 wire2666
 1.811442e-09 1.792877e-09 2.429730e-14 3.604343e-09 max_cap503
 2.143841e-09 1.444519e-09 2.429730e-14 3.588384e-09 wire4170
 1.778582e-09 1.808072e-09 2.429730e-14 3.586678e-09 max_cap1280
 1.790373e-09 1.795450e-09 2.429730e-14 3.585847e-09 wire175
 1.400139e-09 2.183759e-09 2.429730e-14 3.583922e-09 max_cap10977
 1.044898e-09 2.538108e-09 2.429730e-14 3.583029e-09 max_cap1186
 1.582020e-09 1.999496e-09 2.429730e-14 3.581541e-09 max_cap5839
 2.215913e-09 1.361241e-09 2.429730e-14 3.577179e-09 max_cap5705
 2.162522e-09 1.414185e-09 2.429730e-14 3.576731e-09 max_cap5602
 1.307346e-09 2.267908e-09 2.429730e-14 3.575278e-09 max_cap11907
 1.802106e-09 1.770315e-09 2.429730e-14 3.572446e-09 max_cap508
 1.048045e-09 2.523058e-09 2.429730e-14 3.571128e-09 max_cap10314
 1.810685e-09 1.759621e-09 2.429730e-14 3.570330e-09 max_cap178
 1.375168e-09 2.194482e-09 2.429730e-14 3.569674e-09 max_cap5743
 1.810058e-09 1.754728e-09 2.429730e-14 3.564810e-09 max_cap592
 1.321960e-09 2.240663e-09 2.429730e-14 3.562647e-09 wire5786
 1.386239e-09 2.172316e-09 7.776410e-14 3.558633e-09 max_cap11503
 2.346147e-09 1.202402e-09 2.429730e-14 3.548574e-09 max_cap1275
 2.209112e-09 1.333456e-09 2.429730e-14 3.542592e-09 max_cap8316
 9.396040e-10 2.596760e-09 6.768283e-14 3.536431e-09 max_cap9121
 8.863167e-10 2.639027e-09 2.429730e-14 3.525368e-09 wire3996
 1.623419e-09 1.900048e-09 2.429730e-14 3.523491e-09 max_cap2252
 2.086650e-09 1.435098e-09 2.429730e-14 3.521772e-09 wire2778
 2.398307e-09 1.122755e-09 2.429730e-14 3.521087e-09 max_cap8606
 3.270459e-09 2.460991e-10 1.358054e-13 3.516694e-09 output41
 2.108102e-09 1.402991e-09 2.429730e-14 3.511117e-09 max_cap1333
 1.192613e-09 2.313743e-09 2.429730e-14 3.506380e-09 wire9695
 1.675264e-09 1.825047e-09 2.429730e-14 3.500335e-09 max_cap8688
 2.194761e-09 1.303284e-09 2.429730e-14 3.498069e-09 max_cap1424
 2.299575e-09 1.196241e-09 2.429730e-14 3.495840e-09 wire3765
 9.075607e-10 2.587881e-09 7.840032e-14 3.495521e-09 wire291
 9.266236e-10 2.555778e-09 2.429730e-14 3.482426e-09 wire11009
 2.270513e-09 1.208860e-09 2.429730e-14 3.479398e-09 wire1727
 2.160299e-09 1.318493e-09 2.429730e-14 3.478816e-09 max_cap8560
 1.238295e-09 2.238611e-09 6.777176e-14 3.476974e-09 wire8925
 1.040497e-09 2.433134e-09 2.429730e-14 3.473656e-09 max_cap1187
 1.718928e-09 1.752100e-09 2.429730e-14 3.471051e-09 wire7206
 1.800354e-09 1.664988e-09 2.429730e-14 3.465366e-09 max_cap670
 1.795514e-09 1.669507e-09 2.429730e-14 3.465045e-09 max_cap199
 1.849174e-09 1.606214e-09 2.429730e-14 3.455412e-09 max_cap112
 8.602047e-10 2.591989e-09 2.429730e-14 3.452218e-09 max_cap9163
 1.797492e-09 1.654400e-09 2.429730e-14 3.451916e-09 wire2293
 1.837000e-09 1.609876e-09 2.429730e-14 3.446901e-09 max_cap269
 2.208095e-09 1.238631e-09 2.429730e-14 3.446751e-09 max_cap1417
 1.158987e-09 2.285975e-09 2.429730e-14 3.444986e-09 max_cap10371
 1.641532e-09 1.800436e-09 2.429730e-14 3.441993e-09 max_cap2227
 2.149458e-09 1.289444e-09 2.429730e-14 3.438926e-09 wire2848
 1.440406e-09 1.990303e-09 2.429730e-14 3.430734e-09 max_cap10709
 1.498764e-09 1.931043e-09 2.429730e-14 3.429830e-09 max_cap10549
 1.875421e-09 1.551576e-09 2.429730e-14 3.427021e-09 max_cap5768
 1.181812e-09 2.238662e-09 2.429730e-14 3.420499e-09 wire9697
 1.540836e-09 1.876189e-09 2.429730e-14 3.417049e-09 wire71
 1.540401e-09 1.875432e-09 2.429730e-14 3.415858e-09 max_cap2216
 1.019587e-09 2.391401e-09 2.429730e-14 3.411012e-09 wire3999
 1.798431e-09 1.608643e-09 2.429730e-14 3.407099e-09 max_cap212
 1.844793e-09 1.561719e-09 2.429730e-14 3.406537e-09 max_cap8008
 1.794373e-09 1.611920e-09 2.429730e-14 3.406318e-09 max_cap595
 1.803403e-09 1.590301e-09 2.429730e-14 3.393729e-09 max_cap176
 1.594629e-09 1.795550e-09 2.429730e-14 3.390204e-09 wire3812
 1.959145e-09 1.420521e-09 2.429730e-14 3.379690e-09 max_cap1657
 1.790123e-09 1.582065e-09 2.429730e-14 3.372213e-09 max_cap1258
 1.816152e-09 1.549737e-09 2.429730e-14 3.365912e-09 max_cap450
 3.496323e-10 3.014766e-09 6.063151e-14 3.364459e-09 _15201_
 1.300707e-09 2.061301e-09 2.429730e-14 3.362032e-09 max_cap10047
 2.178620e-09 1.176932e-09 2.429730e-14 3.355576e-09 max_cap713
 2.227427e-09 1.127180e-09 2.429730e-14 3.354632e-09 max_cap2300
 2.501383e-09 8.445378e-10 2.429730e-14 3.345945e-09 wire8118
 1.658509e-09 1.683114e-09 2.429730e-14 3.341648e-09 max_cap3718
 1.320492e-09 2.020003e-09 7.260030e-14 3.340568e-09 max_cap11900
 2.427415e-09 9.118300e-10 2.429730e-14 3.339270e-09 max_cap8167
 1.281129e-09 2.055619e-09 2.429730e-14 3.336773e-09 max_cap1936
 2.174009e-09 1.159854e-09 2.429730e-14 3.333887e-09 max_cap7998
 9.581225e-10 2.375456e-09 2.429730e-14 3.333603e-09 max_cap9139
 1.805548e-09 1.524441e-09 2.429730e-14 3.330013e-09 wire467
 1.794258e-09 1.532130e-09 2.429730e-14 3.326412e-09 max_cap435
 8.135956e-10 2.508005e-09 2.429730e-14 3.321625e-09 max_cap4955
 1.513098e-09 1.806942e-09 2.429730e-14 3.320064e-09 max_cap2215
 2.349918e-09 9.655867e-10 2.429730e-14 3.315529e-09 wire3764
 2.268611e-09 1.042599e-09 2.429730e-14 3.311234e-09 max_cap7986
 9.424718e-10 2.361545e-09 6.768207e-14 3.304084e-09 wire9119
 1.224161e-09 2.077998e-09 6.777229e-14 3.302226e-09 wire8926
 2.054408e-09 1.247283e-09 2.429730e-14 3.301716e-09 max_cap1894
 1.405205e-09 1.889761e-09 2.429730e-14 3.294990e-09 max_cap1165
 1.795911e-09 1.497261e-09 2.429730e-14 3.293196e-09 max_cap577
 1.483198e-09 1.801308e-09 2.429730e-14 3.284531e-09 max_cap1435
 1.613302e-09 1.671074e-09 2.429730e-14 3.284400e-09 wire8485
 2.155595e-09 1.127410e-09 2.429730e-14 3.283029e-09 max_cap5799
 1.846173e-09 1.432695e-09 2.429730e-14 3.278892e-09 max_cap1316
 1.199353e-09 2.071181e-09 2.429730e-14 3.270559e-09 max_cap826
 7.286065e-10 2.538545e-09 2.429730e-14 3.267176e-09 max_cap10975
 1.970491e-09 1.282219e-09 2.429730e-14 3.252733e-09 wire627
 1.770833e-09 1.480474e-09 2.429730e-14 3.251332e-09 max_cap1896
 1.793282e-09 1.453580e-09 2.429730e-14 3.246886e-09 max_cap603
 2.082274e-09 1.163826e-09 2.429730e-14 3.246125e-09 max_cap5689
 1.603326e-09 1.641847e-09 2.429730e-14 3.245196e-09 max_cap739
 2.248462e-09 9.921884e-10 2.429730e-14 3.240675e-09 max_cap1901
 1.689570e-09 1.549342e-09 2.429730e-14 3.238936e-09 max_cap2668
 2.126365e-09 1.108686e-09 2.429730e-14 3.235075e-09 max_cap217
 1.831411e-09 1.401769e-09 2.429730e-14 3.233205e-09 wire694
 1.466609e-09 1.763268e-09 2.429730e-14 3.229901e-09 max_cap1381
 1.015766e-09 2.210698e-09 2.429730e-14 3.226489e-09 wire4000
 1.936145e-09 1.281705e-09 2.429730e-14 3.217875e-09 max_cap5693
 1.783157e-09 1.434006e-09 2.429730e-14 3.217187e-09 max_cap678
 1.942337e-09 1.272238e-09 2.429730e-14 3.214600e-09 max_cap1506
 1.739708e-09 1.471847e-09 2.429730e-14 3.211579e-09 max_cap3737
 2.057742e-09 1.152476e-09 2.429730e-14 3.210243e-09 max_cap1394
 1.802464e-09 1.405857e-09 2.429730e-14 3.208345e-09 max_cap8829
 1.267494e-09 1.935195e-09 6.789432e-14 3.202756e-09 wire3995
 1.841696e-09 1.360645e-09 2.429730e-14 3.202365e-09 max_cap3963
 2.409035e-09 7.909218e-10 2.429730e-14 3.199981e-09 max_cap10105
 2.075677e-09 1.122415e-09 2.429730e-14 3.198116e-09 max_cap4171
 1.029904e-09 2.165682e-09 2.429730e-14 3.195610e-09 max_cap10313
 1.002045e-09 2.193218e-09 2.429730e-14 3.195287e-09 max_cap6470
 1.717028e-09 1.477520e-09 2.429730e-14 3.194572e-09 max_cap1144
 1.802254e-09 1.392026e-09 2.429730e-14 3.194304e-09 max_cap305
 1.474839e-09 1.717999e-09 2.429730e-14 3.192862e-09 max_cap796
 2.178813e-09 1.008321e-09 2.429730e-14 3.187158e-09 max_cap8019
 1.509897e-09 1.675929e-09 1.391412e-13 3.185965e-09 output39
 1.437572e-09 1.734181e-09 2.429730e-14 3.171778e-09 max_cap5809
 1.584312e-09 1.585029e-09 2.429730e-14 3.169365e-09 max_cap734
 2.138446e-09 1.029813e-09 2.429730e-14 3.168284e-09 max_cap1252
 1.236429e-09 1.929487e-09 6.777156e-14 3.165983e-09 wire8924
 2.244489e-09 9.166653e-10 2.429730e-14 3.161178e-09 wire537
 9.304342e-10 2.229006e-09 6.768234e-14 3.159508e-09 wire9114
 1.610230e-09 1.548551e-09 2.429730e-14 3.158805e-09 max_cap1440
 7.914374e-10 2.363713e-09 2.429730e-14 3.155175e-09 wire5788
 9.444655e-10 2.206865e-09 2.429730e-14 3.151355e-09 wire9138
 9.661526e-10 2.183608e-09 2.429730e-14 3.149785e-09 max_cap10859
 1.844811e-09 1.303308e-09 2.429730e-14 3.148143e-09 max_cap1509
 1.527505e-09 1.618534e-09 2.429730e-14 3.146063e-09 max_cap751
 1.056491e-09 2.086718e-09 2.429730e-14 3.143233e-09 max_cap10269
 1.970417e-09 1.162239e-09 2.429730e-14 3.132679e-09 max_cap1725
 9.253144e-10 2.204624e-09 2.429730e-14 3.129963e-09 wire9174
 5.347807e-10 2.593466e-09 7.833361e-14 3.128325e-09 max_cap2261
 1.840753e-09 1.283638e-09 2.429730e-14 3.124415e-09 max_cap267
 8.222165e-10 2.298303e-09 6.856572e-14 3.120588e-09 wire10670
 1.063906e-09 2.048532e-09 2.429730e-14 3.112463e-09 max_cap1745
 2.010409e-09 1.101851e-09 2.429730e-14 3.112284e-09 wire497
 1.978252e-09 1.131677e-09 2.429730e-14 3.109954e-09 max_cap8689
 2.331610e-09 7.781354e-10 2.429730e-14 3.109770e-09 max_cap8194
 1.795308e-09 1.313855e-09 2.429730e-14 3.109187e-09 max_cap554
 1.806732e-09 1.301375e-09 2.429730e-14 3.108132e-09 max_cap601
 2.006681e-09 1.100761e-09 2.429730e-14 3.107467e-09 max_cap8389
 7.456883e-10 2.353093e-09 2.429730e-14 3.098805e-09 wire8922
 1.463434e-09 1.633286e-09 2.429730e-14 3.096745e-09 max_cap10643
 1.299411e-09 1.796162e-09 2.429730e-14 3.095597e-09 wire1932
 1.704389e-09 1.384520e-09 2.429730e-14 3.088933e-09 max_cap7204
 7.615147e-10 2.327040e-09 2.429730e-14 3.088579e-09 wire185
 1.570464e-09 1.516583e-09 2.429730e-14 3.087071e-09 max_cap736
 1.394795e-09 1.688595e-09 2.429730e-14 3.083414e-09 max_cap11026
 1.659061e-09 1.423646e-09 2.429730e-14 3.082731e-09 max_cap3723
 8.325607e-10 2.249591e-09 2.429730e-14 3.082175e-09 max_cap10184
 8.183395e-10 2.261880e-09 2.429730e-14 3.080244e-09 wire6766
 7.594712e-10 2.320395e-09 2.429730e-14 3.079890e-09 wire8927
 1.711038e-09 1.367449e-09 2.429730e-14 3.078512e-09 max_cap5648
 1.778751e-09 1.296721e-09 2.429730e-14 3.075497e-09 max_cap706
 2.097529e-09 9.764641e-10 2.429730e-14 3.074017e-09 max_cap1330
 7.669947e-10 2.305121e-09 2.429730e-14 3.072140e-09 max_cap8928
 1.474478e-09 1.595548e-09 2.429730e-14 3.070050e-09 max_cap9146
 1.438774e-09 1.630809e-09 2.429730e-14 3.069607e-09 max_cap10593
 7.258005e-10 2.339437e-09 2.429730e-14 3.065262e-09 max_cap10689
 1.318096e-09 1.743763e-09 2.429730e-14 3.061883e-09 max_cap10764
 1.535061e-09 1.524986e-09 2.429730e-14 3.060071e-09 wire5762
 1.454371e-09 1.602081e-09 2.429730e-14 3.056476e-09 max_cap1892
 8.656439e-10 2.188818e-09 2.429730e-14 3.054486e-09 wire341
 1.187832e-09 1.861834e-09 2.429730e-14 3.049691e-09 max_cap1419
 7.225839e-10 2.323340e-09 2.429730e-14 3.045948e-09 wire10497
 1.558403e-09 1.485059e-09 2.429730e-14 3.043487e-09 max_cap750
 2.089358e-09 9.537880e-10 2.429730e-14 3.043171e-09 max_cap1075
 8.248691e-10 2.214067e-09 2.429730e-14 3.038960e-09 max_cap10030
 1.783109e-09 1.254000e-09 2.429730e-14 3.037133e-09 max_cap630
 1.553870e-09 1.480727e-09 2.429730e-14 3.034622e-09 max_cap3740
 1.870940e-09 1.162149e-09 2.429730e-14 3.033113e-09 max_cap1182
 7.431203e-10 2.289585e-09 2.429730e-14 3.032729e-09 max_cap8935
 8.103269e-10 2.222124e-09 2.429730e-14 3.032476e-09 wire10779
 1.448298e-09 1.583004e-09 2.429730e-14 3.031326e-09 max_cap2235
 9.841256e-10 2.046833e-09 2.429730e-14 3.030983e-09 max_cap10479
 1.514605e-09 1.515760e-09 2.429730e-14 3.030390e-09 max_cap2274
 1.953290e-09 1.072555e-09 2.429730e-14 3.025870e-09 wire8094
 9.703294e-10 2.054299e-09 2.429730e-14 3.024652e-09 max_cap10398
 9.630159e-10 2.057149e-09 2.429730e-14 3.020189e-09 max_cap10845
 1.424291e-09 1.595789e-09 2.429730e-14 3.020104e-09 max_cap1106
 1.124223e-09 1.895249e-09 7.315997e-14 3.019544e-09 max_cap9979
 9.876572e-10 2.031843e-09 2.429730e-14 3.019524e-09 max_cap729
 1.780064e-09 1.238704e-09 2.429730e-14 3.018793e-09 max_cap180
 9.919029e-10 2.022920e-09 2.429730e-14 3.014847e-09 max_cap727
 1.517629e-09 1.496014e-09 2.429730e-14 3.013668e-09 max_cap752
 1.271316e-09 1.735721e-09 2.429730e-14 3.007061e-09 wire10353
 8.921467e-10 2.113746e-09 2.429730e-14 3.005917e-09 max_cap1918
 1.769650e-09 1.231677e-09 2.429730e-14 3.001351e-09 max_cap8729
 1.686612e-09 1.314569e-09 2.429730e-14 3.001205e-09 wire2665
 1.658979e-09 1.341356e-09 2.429730e-14 3.000359e-09 max_cap1104
 1.599010e-09 1.399997e-09 2.429730e-14 2.999032e-09 max_cap1479
 2.067816e-09 9.283960e-10 2.429730e-14 2.996237e-09 wire2212
 1.779253e-09 1.209866e-09 2.429730e-14 2.989143e-09 max_cap2294
 1.468518e-09 1.519627e-09 2.429730e-14 2.988169e-09 max_cap5763
 1.276785e-09 1.709667e-09 2.429730e-14 2.986476e-09 max_cap2285
 1.465049e-09 1.520944e-09 2.429730e-14 2.986017e-09 max_cap793
 5.980538e-10 2.387121e-09 2.429730e-14 2.985199e-09 wire9124
 1.678787e-09 1.305656e-09 2.429730e-14 2.984468e-09 max_cap2229
 1.824167e-09 1.152427e-09 2.429730e-14 2.976618e-09 max_cap1404
 1.977166e-09 9.942924e-10 2.429730e-14 2.971483e-09 max_cap2291
 1.772830e-09 1.192690e-09 2.429730e-14 2.965544e-09 max_cap433
 1.800699e-09 1.164251e-09 2.429730e-14 2.964975e-09 max_cap171
 1.496889e-09 1.466895e-09 2.429730e-14 2.963808e-09 max_cap2224
 8.324836e-10 2.119610e-09 2.429730e-14 2.952118e-09 max_cap1294
 1.381923e-09 1.559509e-09 2.429730e-14 2.941456e-09 max_cap1327
 7.561189e-10 2.182827e-09 2.429730e-14 2.938970e-09 max_cap10876
 1.404946e-09 1.530163e-09 2.429730e-14 2.935134e-09 max_cap10286
 1.808079e-09 1.126189e-09 2.429730e-14 2.934293e-09 max_cap259
 7.068539e-10 2.221039e-09 2.429730e-14 2.927917e-09 max_cap10974
 5.761716e-10 2.336329e-09 2.429730e-14 2.912524e-09 wire9112
 8.068395e-10 2.096407e-09 2.429730e-14 2.903271e-09 max_cap1747
 9.047769e-10 1.996276e-09 2.429730e-14 2.901077e-09 max_cap1736
 1.646635e-09 1.253423e-09 2.429730e-14 2.900083e-09 max_cap6652
 1.471107e-09 1.427958e-09 2.429730e-14 2.899089e-09 max_cap8725
 1.425624e-09 1.470405e-09 2.429730e-14 2.896053e-09 max_cap10945
 1.231939e-09 1.660349e-09 2.429730e-14 2.892312e-09 wire526
 1.869397e-09 1.021099e-09 2.429730e-14 2.890521e-09 max_cap1127
 1.825142e-09 1.063185e-09 2.429730e-14 2.888351e-09 max_cap695
 1.760211e-09 1.123409e-09 2.429730e-14 2.883644e-09 max_cap432
 1.650705e-09 1.230277e-09 2.429730e-14 2.881007e-09 max_cap5536
 1.181927e-09 1.697619e-09 2.429730e-14 2.879570e-09 wire9700
 8.787829e-10 1.999928e-09 2.429730e-14 2.878735e-09 wire158
 8.057134e-10 2.067784e-09 2.429730e-14 2.873521e-09 wire6768
 1.496316e-09 1.376742e-09 2.429730e-14 2.873083e-09 max_cap10894
 1.137378e-09 1.728835e-09 2.429730e-14 2.866237e-09 max_cap9596
 7.703563e-10 2.095636e-09 2.429730e-14 2.866016e-09 max_cap10742
 7.423824e-10 2.114581e-09 2.429730e-14 2.856987e-09 max_cap184
 1.794051e-09 1.059386e-09 2.429730e-14 2.853461e-09 max_cap169
 1.069861e-09 1.782623e-09 2.429730e-14 2.852508e-09 max_cap1743
 1.672312e-09 1.178790e-09 2.429730e-14 2.851126e-09 max_cap8793
 2.681107e-09 1.657254e-10 1.334759e-13 2.846966e-09 output52
 1.937477e-09 8.988823e-10 2.429730e-14 2.836383e-09 max_cap8833
 7.069986e-10 2.127441e-09 2.429730e-14 2.834464e-09 max_cap8933
 8.285124e-10 2.002424e-09 2.429730e-14 2.830960e-09 max_cap10170
 9.856831e-10 1.842791e-09 2.429730e-14 2.828498e-09 max_cap6477
 1.246268e-09 1.569355e-09 7.310652e-14 2.815695e-09 max_cap11898
 1.189267e-09 1.626059e-09 2.429730e-14 2.815350e-09 max_cap9699
 1.663202e-09 1.144047e-09 2.429730e-14 2.807273e-09 wire5980
 9.756594e-10 1.830001e-09 7.394089e-14 2.805734e-09 max_cap10026
 1.795511e-09 1.004071e-09 2.429730e-14 2.799607e-09 max_cap10102
 8.877131e-10 1.908235e-09 2.429730e-14 2.795972e-09 wire164
 9.674204e-10 1.827810e-09 7.394106e-14 2.795304e-09 max_cap10027
 1.537786e-09 1.255406e-09 2.429730e-14 2.793216e-09 max_cap2273
 1.777873e-09 1.015037e-09 2.429730e-14 2.792934e-09 max_cap5651
 8.247603e-10 1.967938e-09 2.429730e-14 2.792722e-09 max_cap10253
 1.165900e-09 1.625783e-09 2.429730e-14 2.791708e-09 wire445
 1.221449e-09 1.566891e-09 2.429730e-14 2.788364e-09 max_cap1334
 1.521462e-09 1.260274e-09 2.429730e-14 2.781760e-09 max_cap1329
 1.043872e-09 1.735316e-09 2.429730e-14 2.779212e-09 max_cap2272
 1.486561e-09 1.292006e-09 2.429730e-14 2.778591e-09 wire2221
 1.229136e-09 1.545426e-09 2.429730e-14 2.774586e-09 max_cap8831
 9.760079e-10 1.797003e-09 7.362561e-14 2.773085e-09 max_cap10988
 1.355446e-09 1.415726e-09 2.429730e-14 2.771196e-09 max_cap1322
 1.370370e-09 1.395100e-09 2.429730e-14 2.765495e-09 max_cap1339
 1.853513e-09 9.082487e-10 2.429730e-14 2.761785e-09 max_cap5778
 5.224516e-10 2.236803e-09 6.758851e-14 2.759322e-09 max_cap930
 7.758976e-10 1.982485e-09 2.429730e-14 2.758406e-09 max_cap10284
 9.654570e-10 1.788579e-09 2.429730e-14 2.754060e-09 max_cap10726
 8.187680e-10 1.921273e-09 2.429730e-14 2.740065e-09 max_cap6767
 8.237802e-10 1.916237e-09 2.429730e-14 2.740041e-09 wire10252
 9.872797e-10 1.750670e-09 2.429730e-14 2.737974e-09 max_cap10478
 1.794555e-09 9.406560e-10 2.429730e-14 2.735235e-09 max_cap468
 1.811710e-09 9.219306e-10 2.429730e-14 2.733665e-09 max_cap2279
 1.280246e-09 1.450775e-09 2.429730e-14 2.731045e-09 wire1934
 1.569419e-09 1.161033e-09 2.429730e-14 2.730476e-09 max_cap1130
 1.400518e-09 1.313634e-09 2.429730e-14 2.714177e-09 max_cap8736
 1.472065e-09 1.239869e-09 2.429730e-14 2.711958e-09 max_cap2233
 1.407964e-09 1.303598e-09 2.429730e-14 2.711586e-09 max_cap5862
 2.536040e-09 1.753137e-10 1.372388e-13 2.711491e-09 output58
 7.671292e-10 1.940457e-09 2.429730e-14 2.707611e-09 max_cap10959
 1.399691e-09 1.306195e-09 2.429730e-14 2.705910e-09 max_cap791
 1.470752e-09 1.232966e-09 2.429730e-14 2.703742e-09 max_cap3738
 1.722636e-09 9.797858e-10 2.429730e-14 2.702446e-09 wire5979
 8.767723e-10 1.824102e-09 7.339545e-14 2.700947e-09 max_cap11896
 1.581133e-09 1.119509e-09 2.429730e-14 2.700667e-09 wire72
 4.911851e-10 2.205787e-09 2.429730e-14 2.696997e-09 hold8238
 1.789534e-09 9.067146e-10 2.429730e-14 2.696273e-09 max_cap206
 1.380845e-09 1.311816e-09 2.429730e-14 2.692686e-09 max_cap10187
 1.792980e-09 8.992489e-10 2.429730e-14 2.692253e-09 max_cap261
 1.521129e-09 1.164141e-09 2.429730e-14 2.685294e-09 wire10134
 8.643943e-10 1.817703e-09 7.580005e-14 2.682173e-09 max_cap11006
 9.629028e-10 1.709037e-09 2.429730e-14 2.671964e-09 max_cap730
 1.284264e-09 1.386769e-09 2.429730e-14 2.671056e-09 wire1937
 2.007689e-09 6.625475e-10 2.429730e-14 2.670261e-09 wire10846
 8.659423e-10 1.799271e-09 7.579993e-14 2.665289e-09 max_cap11005
 1.551853e-09 1.107101e-09 2.429730e-14 2.658979e-09 wire85
 1.809732e-09 8.396666e-10 2.429730e-14 2.649423e-09 max_cap10104
 6.934055e-10 1.955847e-09 2.429730e-14 2.649276e-09 wire6762
 8.658931e-10 1.777670e-09 6.758477e-14 2.643631e-09 max_cap495
 1.518583e-09 1.122992e-09 2.429730e-14 2.641600e-09 wire2223
 1.457868e-09 1.182353e-09 2.429730e-14 2.640246e-09 wire5764
 1.186521e-09 1.451829e-09 2.429730e-14 2.638374e-09 max_cap415
 1.693512e-09 9.448197e-10 2.429730e-14 2.638356e-09 max_cap8759
 7.855840e-10 1.851992e-09 2.429730e-14 2.637600e-09 max_cap10283
 1.335291e-09 1.301379e-09 2.429730e-14 2.636693e-09 max_cap10447
 1.724737e-09 9.057796e-10 2.429730e-14 2.630541e-09 wire5978
 1.404438e-09 1.218944e-09 2.429730e-14 2.623406e-09 max_cap10930
 1.801416e-09 8.188716e-10 2.429730e-14 2.620312e-09 wire2211
 1.461693e-09 1.155920e-09 2.429730e-14 2.617637e-09 max_cap798
 7.353448e-10 1.881405e-09 6.768150e-14 2.616817e-09 wire9117
 7.512095e-10 1.864813e-09 2.429730e-14 2.616047e-09 max_cap10014
 1.001610e-09 1.612333e-09 2.429730e-14 2.613968e-09 max_cap1441
 1.773617e-09 8.351752e-10 2.429730e-14 2.608817e-09 max_cap303
 1.149557e-09 1.457589e-09 2.429730e-14 2.607171e-09 max_cap821
 7.327137e-10 1.872659e-09 2.429730e-14 2.605397e-09 wire10707
 1.725552e-09 8.758351e-10 2.429730e-14 2.601411e-09 max_cap1410
 1.789176e-09 8.041326e-10 2.429730e-14 2.593333e-09 max_cap623
 1.278433e-09 1.313893e-09 2.429730e-14 2.592350e-09 max_cap8738
 1.624261e-09 9.663962e-10 2.429730e-14 2.590681e-09 max_cap2251
 9.125693e-10 1.673433e-09 2.429730e-14 2.586027e-09 wire9694
 9.960278e-10 1.589335e-09 2.429730e-14 2.585387e-09 max_cap1442
 7.350308e-10 1.849577e-09 6.752467e-14 2.584675e-09 max_cap473
 8.736271e-10 1.709485e-09 2.429730e-14 2.583136e-09 wire157
 1.790974e-09 7.888461e-10 2.429730e-14 2.579845e-09 max_cap307
 1.677308e-09 8.996108e-10 2.429730e-14 2.576943e-09 max_cap1724
 1.760400e-09 8.160771e-10 2.429730e-14 2.576502e-09 max_cap8788
 1.495604e-09 1.080048e-09 2.429730e-14 2.575676e-09 max_cap2673
 1.685168e-09 8.883667e-10 2.429730e-14 2.573559e-09 max_cap2667
 1.163427e-09 1.407447e-09 2.429730e-14 2.570898e-09 max_cap10370
 1.295372e-09 1.274867e-09 2.429730e-14 2.570263e-09 wire10048
 7.666180e-10 1.802090e-09 2.429730e-14 2.568732e-09 max_cap10958
 1.155203e-09 1.412408e-09 2.429730e-14 2.567635e-09 wire1662
 8.973243e-10 1.668460e-09 2.429730e-14 2.565808e-09 wire10302
 1.455185e-09 1.109599e-09 2.429730e-14 2.564808e-09 max_cap10152
 1.340349e-09 1.223158e-09 2.429730e-14 2.563531e-09 max_cap3750
 2.443171e-09 1.198487e-10 1.367702e-13 2.563156e-09 output59
 9.830724e-10 1.576340e-09 2.429730e-14 2.559437e-09 max_cap726
 1.226176e-09 1.324039e-09 2.429730e-14 2.550240e-09 max_cap1274
 5.033773e-10 2.044462e-09 7.589270e-14 2.547915e-09 fanout10822
 6.395177e-10 1.899472e-09 2.429730e-14 2.539014e-09 wire6764
 1.036080e-09 1.496587e-09 2.429730e-14 2.532691e-09 max_cap8747
 1.402053e-09 1.129201e-09 2.429730e-14 2.531278e-09 max_cap11027
 1.388523e-09 1.140297e-09 2.429730e-14 2.528844e-09 max_cap10499
 1.814639e-09 7.118241e-10 2.429730e-14 2.526487e-09 wire10400
 9.531870e-10 1.572544e-09 2.429730e-14 2.525755e-09 wire359
 1.161435e-09 1.357839e-09 2.429730e-14 2.519298e-09 max_cap416
 1.353277e-09 1.162098e-09 2.429730e-14 2.515399e-09 max_cap5601
 1.084082e-09 1.424539e-09 2.429730e-14 2.508645e-09 max_cap1317
 1.200682e-09 1.306768e-09 2.429730e-14 2.507474e-09 wire2438
 7.327721e-10 1.769902e-09 2.429730e-14 2.502699e-09 max_cap9999
 1.036626e-09 1.463840e-09 2.429730e-14 2.500490e-09 wire2722
 8.879024e-10 1.608117e-09 2.429730e-14 2.496043e-09 wire160
 1.350592e-09 1.145137e-09 2.429730e-14 2.495753e-09 wire1321
 1.640605e-09 8.549254e-10 2.429730e-14 2.495555e-09 max_cap8698
 5.353880e-10 1.955391e-09 6.912479e-14 2.490848e-09 hold4157
 1.330329e-09 1.157364e-09 2.429730e-14 2.487717e-09 max_cap5785
 6.358065e-10 1.850934e-09 2.429730e-14 2.486765e-09 wire6763
 1.591162e-09 8.933151e-10 2.429730e-14 2.484501e-09 max_cap8765
 1.045745e-09 1.438312e-09 2.429730e-14 2.484082e-09 wire2723
 1.737514e-09 7.405420e-10 2.429730e-14 2.478080e-09 hold4081
 1.381922e-09 1.093528e-09 2.429730e-14 2.475474e-09 max_cap1897
 8.765223e-10 1.598128e-09 2.429730e-14 2.474674e-09 max_cap156
 2.001704e-09 4.686298e-10 7.273117e-14 2.470406e-09 max_cap11885
 1.654760e-09 8.099295e-10 2.429730e-14 2.464713e-09 max_cap5981
 1.101144e-09 1.360899e-09 7.381631e-14 2.462117e-09 max_cap11876
 5.113442e-10 1.948626e-09 6.759423e-14 2.460038e-09 hold4940
 9.754740e-10 1.483440e-09 1.332763e-13 2.459047e-09 fanout11872
 7.206250e-10 1.737871e-09 2.429730e-14 2.458520e-09 max_cap9998
 7.017910e-10 1.753281e-09 2.429730e-14 2.455097e-09 max_cap10202
 7.694460e-10 1.685322e-09 2.429730e-14 2.454793e-09 max_cap8920
 5.560482e-10 1.891372e-09 2.429730e-14 2.447445e-09 max_cap329
 1.084204e-09 1.360866e-09 2.429730e-14 2.445094e-09 max_cap1318
 1.185390e-09 1.255765e-09 2.429730e-14 2.441179e-09 max_cap1264
 6.728580e-10 1.755488e-09 2.429730e-14 2.428370e-09 max_cap10150
 1.853145e-09 5.688759e-10 2.429730e-14 2.422045e-09 max_cap1083
 7.361889e-10 1.685610e-09 6.754906e-14 2.421867e-09 max_cap397
 6.198609e-10 1.800786e-09 2.429730e-14 2.420671e-09 max_cap10562
 1.048975e-09 1.369970e-09 2.429730e-14 2.418969e-09 max_cap5873
 1.194990e-09 1.217501e-09 2.429730e-14 2.412515e-09 wire2437
 1.534625e-09 8.770387e-10 2.429730e-14 2.411688e-09 max_cap5761
 1.132494e-09 1.277484e-09 2.429730e-14 2.410003e-09 max_cap1893
 1.561954e-09 8.478799e-10 2.429730e-14 2.409858e-09 max_cap10116
 1.436916e-09 9.686952e-10 2.429730e-14 2.405635e-09 wire2234
 7.073516e-10 1.693411e-09 2.429730e-14 2.400787e-09 hold4787
 1.035782e-09 1.355149e-09 2.429730e-14 2.390955e-09 wire2721
 2.303895e-09 8.497563e-11 1.391368e-13 2.389009e-09 output60
 1.564139e-09 8.233502e-10 2.429730e-14 2.387514e-09 wire10430
 6.483729e-10 1.731658e-09 2.429730e-14 2.380055e-09 wire2875
 1.197142e-09 1.180667e-09 2.429730e-14 2.377833e-09 wire2434
 1.197339e-09 1.178238e-09 2.429730e-14 2.375601e-09 wire2435
 1.257923e-09 1.116529e-09 2.429730e-14 2.374476e-09 max_cap1402
 1.266760e-09 1.107547e-09 2.429730e-14 2.374331e-09 max_cap8794
 1.526207e-09 8.480977e-10 2.429730e-14 2.374329e-09 max_cap5619
 1.394639e-09 9.718155e-10 2.429730e-14 2.366479e-09 max_cap8704
 6.539816e-10 1.709865e-09 2.429730e-14 2.363871e-09 max_cap10350
 1.195994e-09 1.167451e-09 2.429730e-14 2.363469e-09 wire2436
 7.034608e-10 1.659868e-09 2.429730e-14 2.363353e-09 hold12044
 9.642450e-10 1.398891e-09 2.429730e-14 2.363160e-09 max_cap731
 1.225098e-09 1.131224e-09 2.429730e-14 2.356347e-09 max_cap5748
 8.873698e-10 1.467815e-09 2.429730e-14 2.355210e-09 wire153
 1.761734e-09 5.921189e-10 2.429730e-14 2.353877e-09 max_cap602
 1.006767e-09 1.346562e-09 2.429730e-14 2.353353e-09 max_cap3998
 7.483086e-10 1.603827e-09 2.429730e-14 2.352159e-09 max_cap10513
 6.158644e-10 1.736192e-09 2.429730e-14 2.352081e-09 max_cap10531
 1.415831e-09 9.353353e-10 2.429730e-14 2.351191e-09 max_cap10206
 8.742146e-10 1.476126e-09 2.429730e-14 2.350365e-09 max_cap163
 8.171146e-10 1.531352e-09 2.429730e-14 2.348491e-09 max_cap10029
 1.722954e-09 6.203266e-10 2.429730e-14 2.343304e-09 max_cap1415
 8.274124e-10 1.511340e-09 2.429730e-14 2.338776e-09 max_cap3735
 9.825200e-10 1.352193e-09 2.429730e-14 2.334737e-09 max_cap728
 5.412304e-10 1.792115e-09 2.429730e-14 2.333369e-09 max_cap10367
 6.247829e-10 1.706048e-09 2.429730e-14 2.330855e-09 max_cap10656
 1.058235e-09 1.271486e-09 2.429730e-14 2.329746e-09 max_cap1742
 1.581808e-09 7.460853e-10 2.429730e-14 2.327918e-09 max_cap11423
 9.131568e-10 1.414114e-09 2.429730e-14 2.327295e-09 wire9693
 1.189019e-09 1.135448e-09 2.429730e-14 2.324491e-09 wire2439
 1.648842e-09 6.721971e-10 2.429730e-14 2.321063e-09 max_cap1471
 6.947004e-10 1.625118e-09 2.429730e-14 2.319843e-09 wire10810
 6.891506e-10 1.627863e-09 2.429730e-14 2.317038e-09 wire10641
 1.372253e-09 9.405651e-10 2.429730e-14 2.312842e-09 max_cap1432
 1.164751e-09 1.136569e-09 2.429730e-14 2.301344e-09 max_cap1900
 7.482204e-10 1.551888e-09 2.429730e-14 2.300133e-09 max_cap8923
 1.165326e-09 1.132150e-09 2.429730e-14 2.297499e-09 wire1740
 1.189569e-09 1.102115e-09 2.429730e-14 2.291708e-09 max_cap1418
 1.749537e-09 5.335137e-10 2.429730e-14 2.283075e-09 max_cap8813
 1.072851e-09 1.209251e-09 2.429730e-14 2.282126e-09 max_cap1744
 1.256249e-09 1.024956e-09 2.429730e-14 2.281229e-09 max_cap1401
 1.354432e-09 9.250262e-10 2.429730e-14 2.279482e-09 max_cap1100
 1.237277e-09 1.034933e-09 2.429730e-14 2.272234e-09 wire1656
 6.968771e-10 1.574015e-09 2.429730e-14 2.270917e-09 max_cap232
 1.158705e-09 1.106484e-09 2.429730e-14 2.265214e-09 max_cap8834
 1.764432e-09 4.988207e-10 1.363306e-13 2.263389e-09 output62
 1.194835e-09 1.068507e-09 2.429730e-14 2.263365e-09 wire2433
 7.606071e-10 1.499707e-09 2.429730e-14 2.260339e-09 max_cap1136
 1.493991e-09 7.631057e-10 2.429730e-14 2.257121e-09 max_cap2214
 1.257662e-09 9.974892e-10 2.429730e-14 2.255176e-09 max_cap1935
 1.508013e-09 7.453351e-10 2.429730e-14 2.253372e-09 max_cap1341
 7.482259e-10 1.503056e-09 2.429730e-14 2.251306e-09 max_cap8929
 1.302413e-09 9.413773e-10 2.429730e-14 2.243815e-09 max_cap10745
 1.035616e-09 1.205198e-09 2.429730e-14 2.240838e-09 max_cap1131
 1.047478e-09 1.189736e-09 2.429730e-14 2.237239e-09 max_cap5753
 7.611665e-10 1.466639e-09 2.429730e-14 2.227829e-09 wire8921
 6.444592e-10 1.580737e-09 2.429730e-14 2.225221e-09 max_cap10547
 1.475357e-09 7.483253e-10 2.429730e-14 2.223706e-09 max_cap2222
 1.218656e-09 1.004376e-09 2.429730e-14 2.223056e-09 max_cap1152
 6.917041e-10 1.529188e-09 2.429730e-14 2.220916e-09 wire6765
 6.998845e-10 1.520796e-09 2.429730e-14 2.220705e-09 max_cap10445
 1.402593e-09 8.166476e-10 2.429730e-14 2.219265e-09 wire1931
 6.570560e-10 1.555195e-09 2.429730e-14 2.212275e-09 max_cap10763
 1.496253e-09 7.147328e-10 2.429730e-14 2.211010e-09 max_cap10065
 5.761234e-10 1.628009e-09 2.429730e-14 2.204156e-09 wire4133
 1.689864e-09 5.128073e-10 2.429730e-14 2.202696e-09 max_cap11011
 7.607619e-10 1.439190e-09 2.429730e-14 2.199976e-09 max_cap10331
 1.219754e-09 9.743359e-10 2.429730e-14 2.194114e-09 max_cap1273
 1.563583e-09 6.300729e-10 2.429730e-14 2.193680e-09 wire73
 9.462779e-10 1.243987e-09 2.429730e-14 2.190289e-09 max_cap9140
 1.180859e-09 1.008185e-09 2.429730e-14 2.189068e-09 max_cap1263
 1.464054e-09 7.237639e-10 2.429730e-14 2.187842e-09 wire3739
 1.166638e-09 1.017443e-09 2.429730e-14 2.184106e-09 max_cap1382
 1.656091e-09 5.246090e-10 7.226612e-14 2.180773e-09 max_cap11883
 7.681910e-10 1.410816e-09 2.429730e-14 2.179031e-09 max_cap10743
 1.021146e-09 1.155696e-09 2.429730e-14 2.176866e-09 max_cap1080
 7.035568e-10 1.472160e-09 2.429730e-14 2.175741e-09 max_cap10625
 1.194119e-09 9.809629e-10 2.429730e-14 2.175106e-09 wire1739
 1.279790e-09 8.937199e-10 2.429730e-14 2.173534e-09 max_cap2284
 1.442470e-09 7.270734e-10 2.429730e-14 2.169568e-09 max_cap1891
 1.174669e-09 9.939223e-10 2.429730e-14 2.168616e-09 wire9696
 5.272123e-10 1.621041e-09 2.429730e-14 2.148277e-09 hold5301
 8.298172e-10 1.312730e-09 2.429730e-14 2.142571e-09 max_cap11902
 7.530499e-10 1.386361e-09 2.429730e-14 2.139435e-09 max_cap465
 4.723468e-10 1.665253e-09 2.429730e-14 2.137624e-09 wire10706
 7.703780e-10 1.357468e-09 2.429730e-14 2.127870e-09 wire10825
 2.032780e-09 9.375493e-11 1.381431e-13 2.126673e-09 output57
 6.231798e-10 1.500182e-09 2.429730e-14 2.123386e-09 hold10494
 1.515981e-10 1.967724e-09 1.642444e-13 2.119486e-09 max_cap430
 1.236462e-09 8.705203e-10 2.429730e-14 2.107007e-09 wire1654
 1.363471e-09 7.420806e-10 2.429730e-14 2.105576e-09 wire10085
 7.248621e-10 1.379376e-09 2.429730e-14 2.104263e-09 max_cap1344
 6.596811e-10 1.442386e-09 2.429730e-14 2.102092e-09 max_cap10221
 1.386161e-09 7.145226e-10 2.429730e-14 2.100708e-09 max_cap8761
 8.871937e-10 1.198449e-09 2.429730e-14 2.085667e-09 max_cap1405
 6.246958e-10 1.456426e-09 2.429730e-14 2.081145e-09 max_cap10657
 1.447358e-09 6.265374e-10 2.429730e-14 2.073920e-09 wire10644
 1.172632e-09 8.965348e-10 7.308958e-14 2.069239e-09 max_cap10462
 7.546592e-10 1.314105e-09 2.429730e-14 2.068788e-09 max_cap10332
 1.330885e-09 7.336724e-10 2.429730e-14 2.064582e-09 max_cap10172
 5.453172e-10 1.517726e-09 2.429730e-14 2.063067e-09 wire10909
 1.516193e-09 5.444061e-10 2.429730e-14 2.060624e-09 max_cap10384
 1.273408e-09 7.823504e-10 2.429730e-14 2.055782e-09 max_cap1268
 1.429620e-09 6.240667e-10 2.429730e-14 2.053711e-09 max_cap1257
 9.334477e-10 1.120009e-09 2.429730e-14 2.053481e-09 max_cap1105
 8.814673e-10 1.170978e-09 2.429730e-14 2.052470e-09 max_cap10577
 6.340268e-10 1.412013e-09 3.845744e-13 2.046424e-09 wire810
 9.311212e-10 1.115153e-09 2.429730e-14 2.046298e-09 wire2539
 1.085301e-09 9.539252e-10 2.429730e-14 2.039251e-09 max_cap1286
 1.422769e-09 6.033605e-10 2.429730e-14 2.026153e-09 max_cap8784
 9.138030e-10 1.110970e-09 2.429730e-14 2.024798e-09 wire1732
 1.272641e-09 7.447348e-10 2.429730e-14 2.017400e-09 max_cap10255
 6.299948e-10 1.380641e-09 3.845756e-13 2.011020e-09 wire811
 8.725271e-10 1.136833e-09 2.429730e-14 2.009384e-09 max_cap1309
 5.826487e-10 1.426375e-09 2.322295e-13 2.009256e-09 wire148
 9.350963e-10 1.071156e-09 2.429730e-14 2.006277e-09 wire2537
 1.559367e-09 4.405928e-10 7.301665e-14 2.000033e-09 max_cap11880
 1.380803e-09 6.184013e-10 2.429730e-14 1.999229e-09 max_cap1938
 1.246070e-09 7.528287e-10 2.429730e-14 1.998923e-09 wire1655
 1.135228e-09 8.635124e-10 2.429730e-14 1.998764e-09 wire444
 1.244691e-09 7.443087e-10 2.429730e-14 1.989024e-09 max_cap10911
 6.255514e-10 1.361350e-09 7.508299e-14 1.986977e-09 max_cap10546
 6.016209e-10 1.384295e-09 2.429730e-14 1.985940e-09 max_cap10530
 5.913137e-10 1.389008e-09 2.429730e-14 1.980346e-09 max_cap766
 9.151734e-10 1.064907e-09 2.429730e-14 1.980105e-09 wire1733
 1.109498e-09 8.705667e-10 2.429730e-14 1.980089e-09 max_cap11419
 9.376332e-10 1.041674e-09 2.429730e-14 1.979332e-09 max_cap1184
 6.175062e-10 1.358203e-09 2.429730e-14 1.975734e-09 max_cap10046
 9.155817e-10 1.055129e-09 2.429730e-14 1.970735e-09 wire540
 6.407522e-10 1.328991e-09 2.429730e-14 1.969767e-09 max_cap392
 5.428164e-10 1.422909e-09 2.429730e-14 1.965750e-09 max_cap10924
 7.066746e-10 1.255747e-09 2.429730e-14 1.962446e-09 max_cap10446
 9.206110e-10 1.030644e-09 2.429730e-14 1.951279e-09 wire165
 9.311080e-10 1.017152e-09 2.429730e-14 1.948284e-09 wire2536
 6.072000e-10 1.340338e-09 2.429730e-14 1.947562e-09 max_cap10368
 5.719765e-10 1.369242e-09 2.429730e-14 1.941243e-09 max_cap10414
 7.269331e-10 1.208255e-09 2.429730e-14 1.935213e-09 max_cap8845
 1.201116e-09 7.299868e-10 2.429730e-14 1.931127e-09 max_cap5742
 9.589919e-10 9.700835e-10 2.429730e-14 1.929100e-09 max_cap1500
 6.971357e-10 1.230905e-09 2.429730e-14 1.928065e-09 max_cap10992
 9.377193e-10 9.896667e-10 2.429730e-14 1.927410e-09 max_cap8816
 1.028925e-09 8.861080e-10 2.429730e-14 1.915057e-09 max_cap1284
 6.176869e-10 1.297162e-09 2.429730e-14 1.914873e-09 max_cap10893
 8.764408e-10 1.036920e-09 2.429730e-14 1.913385e-09 max_cap159
 9.201876e-10 9.830884e-10 2.429730e-14 1.903300e-09 wire1734
 3.966137e-10 1.505505e-09 2.429730e-14 1.902143e-09 hold11172
 1.434835e-09 4.661016e-10 2.429730e-14 1.900961e-09 max_cap1723
 6.583964e-10 1.239343e-09 2.429730e-14 1.897763e-09 max_cap11007
 7.150776e-10 1.180253e-09 2.429730e-14 1.895355e-09 max_cap8847
 1.318738e-09 5.743186e-10 2.429730e-14 1.893081e-09 wire10448
 7.541606e-10 1.132723e-09 2.429730e-14 1.886908e-09 wire1134
 6.980233e-10 1.186905e-09 2.429730e-14 1.884953e-09 max_cap8849
 6.251624e-10 1.258776e-09 2.429730e-14 1.883962e-09 max_cap1139
 1.157114e-09 7.229915e-10 2.429730e-14 1.880130e-09 wire1899
 1.045438e-09 8.338289e-10 2.429730e-14 1.879291e-09 max_cap8746
 1.243866e-09 6.326241e-10 2.429730e-14 1.876515e-09 max_cap1332
 9.457521e-10 9.305504e-10 2.429730e-14 1.876327e-09 max_cap1292
 7.541317e-10 1.119910e-09 2.429730e-14 1.874066e-09 max_cap1135
 9.286754e-10 9.428446e-10 2.429730e-14 1.871544e-09 wire2538
 1.123420e-09 7.479675e-10 2.429730e-14 1.871411e-09 max_cap5533
 1.142576e-09 7.236466e-10 2.429730e-14 1.866246e-09 wire447
 5.892334e-10 1.274811e-09 2.429730e-14 1.864068e-09 wire10168
 8.902925e-10 9.704710e-10 2.429730e-14 1.860788e-09 max_cap1917
 9.708674e-10 8.898131e-10 7.362597e-14 1.860754e-09 max_cap10989
 3.935718e-10 1.460433e-09 7.840784e-14 1.854083e-09 max_cap498
 4.032680e-10 1.450042e-09 7.727481e-14 1.853387e-09 hold2640
 8.765331e-10 9.664242e-10 2.429730e-14 1.842982e-09 wire161
 1.340264e-09 5.009085e-10 2.429730e-14 1.841197e-09 wire10796
 1.234869e-09 6.027012e-10 2.429730e-14 1.837594e-09 max_cap5727
 6.516323e-10 1.184827e-09 2.429730e-14 1.836483e-09 wire10028
 9.585449e-10 8.760874e-10 2.429730e-14 1.834657e-09 wire357
 9.354700e-10 8.983734e-10 2.429730e-14 1.833868e-09 max_cap1428
 6.345496e-10 1.192423e-09 2.429730e-14 1.826997e-09 max_cap748
 1.056190e-09 7.609657e-10 2.429730e-14 1.817180e-09 max_cap5872
 7.785687e-10 1.037998e-09 2.429730e-14 1.816591e-09 max_cap8786
 7.588135e-10 1.057620e-09 1.408861e-13 1.816575e-09 output40
 8.849326e-10 9.258817e-10 2.429730e-14 1.810839e-09 max_cap1406
 5.873975e-10 1.222027e-09 2.429730e-14 1.809448e-09 max_cap11947
 4.902213e-10 1.317943e-09 2.429730e-14 1.808188e-09 hold10582
 7.251990e-10 1.071948e-09 2.429730e-14 1.797171e-09 max_cap8846
 1.057656e-09 7.273998e-10 2.429730e-14 1.785080e-09 max_cap1741
 6.188946e-10 1.158265e-09 2.429730e-14 1.777184e-09 max_cap10892
 1.254885e-09 5.197590e-10 2.429730e-14 1.774668e-09 max_cap1933
 1.138989e-09 6.340213e-10 2.429730e-14 1.773035e-09 wire446
 4.626424e-10 1.308563e-09 2.429730e-14 1.771230e-09 wire10012
 6.151333e-10 1.155719e-09 7.591002e-14 1.770929e-09 max_cap10180
 5.923720e-10 1.169550e-09 2.429730e-14 1.761946e-09 max_cap10183
 5.943931e-10 1.163828e-09 2.429730e-14 1.758245e-09 max_cap10623
 8.747598e-10 8.701371e-10 2.429730e-14 1.744921e-09 max_cap162
 6.527670e-10 1.083165e-09 2.429730e-14 1.735956e-09 max_cap10762
 6.490941e-10 1.085449e-09 2.429730e-14 1.734567e-09 max_cap8773
 9.417299e-10 7.909396e-10 2.429730e-14 1.732694e-09 max_cap8815
 9.822932e-10 7.437099e-10 2.429730e-14 1.726027e-09 max_cap1499
 5.281409e-10 1.193924e-09 7.680632e-14 1.722142e-09 max_cap10218
 5.980705e-10 1.122211e-09 2.429730e-14 1.720306e-09 max_cap1088
 8.957106e-10 8.234278e-10 2.429730e-14 1.719163e-09 max_cap1408
 5.508443e-10 1.168172e-09 2.429730e-14 1.719040e-09 max_cap10925
 7.193140e-10 9.988570e-10 2.429730e-14 1.718195e-09 max_cap8791
 5.230840e-10 1.192852e-09 2.429730e-14 1.715960e-09 hold7321
 7.742738e-10 9.291528e-10 2.429730e-14 1.703451e-09 max_cap5787
 7.000570e-10 1.003331e-09 2.429730e-14 1.703413e-09 max_cap10203
 7.577545e-10 9.412761e-10 2.429730e-14 1.699055e-09 wire1133
 8.894525e-10 8.015377e-10 2.429730e-14 1.691015e-09 max_cap5892
 8.982978e-10 7.888840e-10 2.429730e-14 1.687206e-09 wire1731
 5.328636e-10 1.149693e-09 7.678228e-14 1.682633e-09 max_cap10722
 6.921260e-10 9.868549e-10 2.429730e-14 1.679005e-09 max_cap10201
 5.430968e-10 1.126380e-09 7.623651e-14 1.669553e-09 max_cap10113
 4.118944e-10 1.253399e-09 2.429730e-14 1.665318e-09 max_cap5887
 1.889878e-10 1.469538e-09 7.839177e-14 1.658604e-09 max_cap813
 3.351955e-10 1.320181e-09 7.840494e-14 1.655455e-09 max_cap2270
 5.310451e-10 1.124180e-09 2.429730e-14 1.655250e-09 max_cap1927
 9.910963e-10 6.629856e-10 2.429730e-14 1.654106e-09 max_cap5701
 8.184100e-10 8.295926e-10 2.429730e-14 1.648027e-09 max_cap5840
 8.678782e-10 7.796200e-10 2.429730e-14 1.647522e-09 max_cap1308
 9.514075e-10 6.955722e-10 2.429730e-14 1.647004e-09 max_cap10844
 9.764086e-10 6.579811e-10 2.429730e-14 1.634414e-09 max_cap5675
 5.350124e-10 1.098290e-09 7.678229e-14 1.633379e-09 max_cap10723
 1.161788e-09 4.708640e-10 2.429730e-14 1.632676e-09 wire360
 8.498209e-10 7.816858e-10 2.429730e-14 1.631531e-09 max_cap640
 4.363219e-10 1.193564e-09 2.429730e-14 1.629910e-09 max_cap772
 1.177283e-09 4.514830e-10 2.429730e-14 1.628791e-09 max_cap2213
 1.084403e-09 5.403988e-10 2.429730e-14 1.624827e-09 max_cap1125
 5.865132e-10 1.034049e-09 2.429730e-14 1.620587e-09 max_cap10181
 6.035464e-10 1.016398e-09 2.429730e-14 1.619969e-09 max_cap10624
 7.735115e-10 8.426735e-10 2.429730e-14 1.616209e-09 max_cap1073
 7.779429e-10 8.359469e-10 2.429730e-14 1.613914e-09 max_cap1270
 4.644814e-10 1.147124e-09 2.429730e-14 1.611630e-09 max_cap10741
 5.175974e-10 1.093717e-09 2.429730e-14 1.611339e-09 max_cap10575
 1.069818e-09 5.401913e-10 7.354355e-14 1.610083e-09 wire10429
 1.173591e-09 4.342049e-10 2.429730e-14 1.607820e-09 wire608
 8.932112e-10 6.998201e-10 2.429730e-14 1.593056e-09 max_cap1735
 3.999726e-10 1.189324e-09 7.727475e-14 1.589373e-09 max_cap10266
 6.499616e-10 9.378018e-10 2.429730e-14 1.587788e-09 max_cap1338
 1.671258e-10 1.418557e-09 6.163662e-14 1.585744e-09 _15222_
 7.423613e-10 8.432500e-10 2.429730e-14 1.585636e-09 max_cap10514
 4.873708e-10 1.096708e-09 2.429730e-14 1.584103e-09 max_cap10823
 7.147626e-10 8.659936e-10 2.429730e-14 1.580781e-09 max_cap10690
 8.088181e-10 7.669494e-10 2.429730e-14 1.575792e-09 max_cap1396
 3.708750e-10 1.202179e-09 2.429730e-14 1.573078e-09 wire10199
 9.249772e-10 6.450449e-10 2.429730e-14 1.570046e-09 wire2535
 4.639450e-10 1.105807e-09 2.429730e-14 1.569777e-09 max_cap10299
 3.354502e-10 1.233268e-09 7.840494e-14 1.568796e-09 max_cap2271
 1.524859e-10 1.415516e-09 3.847807e-13 1.568387e-09 wire789
 6.690313e-10 8.976261e-10 2.429730e-14 1.566682e-09 wire389
 4.682331e-10 1.097649e-09 2.429730e-14 1.565906e-09 wire10267
 8.174354e-10 7.478019e-10 2.429730e-14 1.565262e-09 max_cap1101
 6.632088e-10 8.999790e-10 2.429730e-14 1.563212e-09 max_cap10222
 1.006567e-09 5.556816e-10 2.429730e-14 1.562273e-09 max_cap5545
 6.508286e-10 9.067279e-10 2.429730e-14 1.557581e-09 max_cap10082
 8.266751e-10 7.303312e-10 2.429730e-14 1.557031e-09 max_cap1395
 4.040212e-10 1.152984e-09 2.429730e-14 1.557030e-09 max_cap8857
 4.828550e-10 1.061512e-09 2.429730e-14 1.544391e-09 max_cap10857
 1.020678e-09 5.130881e-10 2.429730e-14 1.533791e-09 max_cap1283
 1.013987e-09 5.154018e-10 2.429730e-14 1.529413e-09 max_cap1183
 4.281554e-10 1.099754e-09 7.649237e-14 1.527985e-09 max_cap10545
 9.529725e-10 5.729793e-10 2.429730e-14 1.525976e-09 wire10725
 1.038036e-09 4.878686e-10 2.429730e-14 1.525929e-09 wire10268
 5.235079e-10 1.001906e-09 2.429730e-14 1.525438e-09 max_cap11024
 6.596639e-10 8.608780e-10 2.429730e-14 1.520566e-09 max_cap11479
 7.902319e-10 7.214481e-10 2.429730e-14 1.511704e-09 max_cap1246
 7.232492e-10 7.874211e-10 2.429730e-14 1.510695e-09 max_cap8844
 4.437737e-10 1.066262e-09 2.429730e-14 1.510060e-09 max_cap10761
 1.063560e-09 4.444234e-10 7.283424e-14 1.508056e-09 max_cap11874
 5.616977e-10 9.450730e-10 2.429730e-14 1.506795e-09 wire10843
 5.933128e-10 9.116969e-10 2.429730e-14 1.505034e-09 max_cap1298
 4.629197e-10 1.039700e-09 2.429730e-14 1.502644e-09 wire10013
 4.959151e-10 1.001264e-09 2.429730e-14 1.497203e-09 wire10311
 4.511015e-10 1.042506e-09 2.429730e-14 1.493632e-09 wire10495
 7.146970e-10 7.750204e-10 2.429730e-14 1.489742e-09 max_cap8737
 7.161737e-10 7.699933e-10 2.429730e-14 1.486191e-09 max_cap8767
 1.254278e-09 2.284207e-10 7.319590e-14 1.482772e-09 max_cap11881
 7.253651e-10 7.500826e-10 2.429730e-14 1.475472e-09 max_cap1343
 4.208312e-10 1.054316e-09 2.429730e-14 1.475172e-09 max_cap10612
 6.125478e-10 8.555692e-10 2.429730e-14 1.468141e-09 max_cap763
 6.191304e-10 8.481824e-10 2.429730e-14 1.467337e-09 max_cap10563
 8.697656e-10 5.971471e-10 2.429730e-14 1.466937e-09 max_cap152
 6.212330e-10 8.413996e-10 2.429730e-14 1.462657e-09 max_cap8785
 5.829657e-10 8.762499e-10 2.429730e-14 1.459240e-09 max_cap10182
 7.848521e-10 6.714687e-10 2.429730e-14 1.456345e-09 max_cap1515
 8.637381e-10 5.924130e-10 2.429730e-14 1.456175e-09 max_cap8781
 9.302235e-10 5.213849e-10 2.429730e-14 1.451633e-09 wire358
 9.923568e-10 4.574636e-10 2.429730e-14 1.449845e-09 max_cap5623
 7.691492e-10 6.795192e-10 2.429730e-14 1.448693e-09 max_cap8757
 4.766289e-10 9.713784e-10 2.429730e-14 1.448032e-09 max_cap10941
 5.396277e-10 9.061808e-10 2.429730e-14 1.445833e-09 max_cap10923
 8.096900e-10 6.360010e-10 7.621911e-14 1.445767e-09 max_cap10922
 7.766722e-10 6.678944e-10 2.429730e-14 1.444591e-09 max_cap1464
 8.811408e-10 5.619308e-10 2.429730e-14 1.443096e-09 wire541
 7.801652e-10 6.570552e-10 2.429730e-14 1.437245e-09 max_cap1314
 9.141375e-10 5.206953e-10 2.429730e-14 1.434857e-09 max_cap1158
 8.107658e-10 6.203811e-10 2.429730e-14 1.431171e-09 wire5841
 5.413701e-10 8.844928e-10 2.429730e-14 1.425887e-09 max_cap10590
 4.706099e-10 9.547448e-10 7.666063e-14 1.425431e-09 max_cap10589
 5.961779e-10 8.283617e-10 2.429730e-14 1.424564e-09 max_cap765
 3.052443e-10 1.109762e-09 2.429730e-14 1.415031e-09 max_cap1119
 5.158778e-10 8.979004e-10 2.429730e-14 1.413803e-09 max_cap10576
 7.595591e-10 6.378499e-10 2.429730e-14 1.397433e-09 max_cap5749
 6.058513e-10 7.898285e-10 2.429730e-14 1.395704e-09 max_cap847
 7.397547e-10 6.548135e-10 2.429730e-14 1.394593e-09 max_cap5717
 5.368778e-10 8.542124e-10 2.429730e-14 1.391114e-09 max_cap10366
 6.407497e-10 7.453773e-10 2.429730e-14 1.386151e-09 wire388
 6.492138e-10 7.368277e-10 2.429730e-14 1.386066e-09 max_cap391
 5.201579e-10 8.542900e-10 2.429730e-14 1.374472e-09 max_cap10671
 8.291606e-10 5.402055e-10 2.429730e-14 1.369390e-09 max_cap10185
 7.444576e-10 6.247117e-10 2.429730e-14 1.369194e-09 max_cap5810
 9.034264e-10 4.609638e-10 2.429730e-14 1.364415e-09 max_cap1916
 8.660607e-10 4.974268e-10 2.429730e-14 1.363512e-09 max_cap5878
 7.041166e-10 6.585882e-10 2.429730e-14 1.362729e-09 max_cap1425
 5.665736e-10 7.878995e-10 2.429730e-14 1.354498e-09 max_cap626
 7.562068e-10 5.880107e-10 7.475911e-14 1.344292e-09 max_cap10114
 7.039286e-10 6.389882e-10 2.429730e-14 1.342941e-09 max_cap516
 7.783929e-10 5.602865e-10 2.429730e-14 1.338704e-09 max_cap1313
 4.292142e-10 9.058961e-10 2.429730e-14 1.335135e-09 max_cap10477
 5.398568e-10 7.928379e-10 2.429730e-14 1.332719e-09 max_cap10591
 3.337918e-10 9.939665e-10 2.429730e-14 1.327783e-09 hold7857
 4.824320e-10 8.453154e-10 2.429730e-14 1.327772e-09 max_cap10942
 7.445822e-10 5.804538e-10 2.429730e-14 1.325060e-09 max_cap464
 7.183352e-10 6.058119e-10 2.429730e-14 1.324171e-09 max_cap8696
 8.703669e-10 4.533088e-10 2.429730e-14 1.323700e-09 max_cap5713
 4.382717e-10 8.838024e-10 2.429730e-14 1.322098e-09 max_cap10220
 4.500281e-10 8.711791e-10 2.429730e-14 1.321231e-09 max_cap1142
 5.473229e-10 7.634229e-10 2.429730e-14 1.310770e-09 max_cap8733
 9.131950e-10 3.974998e-10 2.429730e-14 1.310719e-09 max_cap1904
 6.407087e-10 6.698442e-10 2.429730e-14 1.310577e-09 max_cap1092
 5.203726e-10 7.886685e-10 2.429730e-14 1.309065e-09 hold6617
 3.470882e-10 9.609377e-10 2.429730e-14 1.308050e-09 max_cap761
 8.540220e-10 4.539951e-10 2.429730e-14 1.308041e-09 max_cap8800
 3.686034e-10 9.361829e-10 2.429730e-14 1.304811e-09 max_cap10081
 9.001010e-10 4.023078e-10 2.429730e-14 1.302433e-09 wire1915
 1.384244e-10 1.161656e-09 7.404505e-14 1.300155e-09 max_cap11893
 5.942585e-10 7.053795e-10 2.429730e-14 1.299662e-09 max_cap1295
 3.988538e-10 8.972111e-10 2.429730e-14 1.296089e-09 max_cap10250
 4.114481e-10 8.735278e-10 2.429730e-14 1.285000e-09 max_cap10956
 5.785500e-10 7.060738e-10 2.429730e-14 1.284648e-09 max_cap1290
 5.413014e-10 7.430108e-10 7.670430e-14 1.284389e-09 max_cap10906
 3.699968e-10 9.103516e-10 2.429730e-14 1.280373e-09 wire10200
 7.917670e-10 4.873176e-10 2.429730e-14 1.279109e-09 max_cap8807
 4.114151e-10 8.647865e-10 2.429730e-14 1.276226e-09 max_cap10957
 7.718217e-10 5.016220e-10 2.429730e-14 1.273468e-09 max_cap1269
 9.512980e-10 3.208684e-10 2.429730e-14 1.272191e-09 wire660
 8.886469e-10 3.818978e-10 2.429730e-14 1.270569e-09 wire539
 7.271432e-10 5.426397e-10 2.429730e-14 1.269807e-09 wire10132
 4.926176e-10 7.752400e-10 2.429730e-14 1.267882e-09 max_cap10312
 7.649126e-10 4.952387e-10 2.429730e-14 1.260176e-09 max_cap8726
 4.585469e-10 7.951943e-10 2.429730e-14 1.253766e-09 max_cap617
 6.556831e-10 5.942092e-10 2.429730e-14 1.249917e-09 wire387
 7.041654e-10 5.453875e-10 2.429730e-14 1.249577e-09 max_cap1266
 5.562959e-10 6.924427e-10 2.429730e-14 1.248763e-09 max_cap1325
 3.929569e-10 8.504684e-10 2.429730e-14 1.243450e-09 max_cap898
 6.573244e-10 5.855748e-10 2.429730e-14 1.242923e-09 max_cap1416
 4.096050e-10 8.298511e-10 2.429730e-14 1.239481e-09 max_cap8851
 6.171176e-10 6.198202e-10 2.429730e-14 1.236962e-09 max_cap764
 5.911753e-10 6.437931e-10 2.429730e-14 1.234993e-09 max_cap1087
 7.887443e-10 4.446873e-10 2.429730e-14 1.233456e-09 max_cap5735
 4.927329e-10 7.326730e-10 2.429730e-14 1.225430e-09 max_cap10824
 3.441949e-10 8.769442e-10 2.429730e-14 1.221163e-09 max_cap10330
 5.917279e-10 6.265316e-10 2.429730e-14 1.218284e-09 max_cap1331
 7.669158e-10 4.388920e-10 2.429730e-14 1.205832e-09 max_cap3736
 5.121878e-10 6.936165e-10 2.429730e-14 1.205829e-09 max_cap8821
 2.538803e-10 9.515497e-10 2.429730e-14 1.205454e-09 max_cap11908
 4.804604e-10 7.238622e-10 2.429730e-14 1.204347e-09 max_cap10858
 5.910346e-10 6.054287e-10 2.429730e-14 1.196488e-09 max_cap1297
 7.202904e-10 4.754238e-10 2.429730e-14 1.195739e-09 wire1342
 8.150597e-10 3.803362e-10 2.429730e-14 1.195420e-09 max_cap8764
 4.355863e-10 7.558986e-10 2.429730e-14 1.191509e-09 max_cap1070
 4.267204e-10 7.626060e-10 2.429730e-14 1.189351e-09 max_cap774
 3.312147e-10 8.573756e-10 2.429730e-14 1.188615e-09 wire10381
 7.262191e-10 4.617706e-10 2.429730e-14 1.188014e-09 max_cap10708
 4.229876e-10 7.646722e-10 2.429730e-14 1.187684e-09 max_cap1179
 4.245464e-10 7.589271e-10 2.429730e-14 1.183498e-09 max_cap10759
 7.663901e-10 4.153330e-10 2.429730e-14 1.181747e-09 wire10927
 7.716951e-10 4.099034e-10 2.429730e-14 1.181623e-09 wire10960
 7.585912e-10 4.210166e-10 2.429730e-14 1.179632e-09 wire10943
 5.988225e-10 5.777862e-10 2.429730e-14 1.176633e-09 max_cap1296
 5.213545e-10 6.541395e-10 2.429730e-14 1.175518e-09 max_cap5571
 7.046740e-10 4.695453e-10 2.429730e-14 1.174244e-09 max_cap10592
 7.590605e-10 4.149190e-10 2.429730e-14 1.174004e-09 max_cap1074
 6.036922e-10 5.689132e-10 2.429730e-14 1.172630e-09 wire845
 6.380598e-10 5.312147e-10 2.429730e-14 1.169299e-09 max_cap1093
 4.535691e-10 7.104425e-10 2.429730e-14 1.164036e-09 max_cap9064
 6.238087e-10 5.382903e-10 2.429730e-14 1.162123e-09 max_cap3719
 6.395186e-11 1.093106e-09 2.429730e-14 1.157082e-09 _31829_
 5.200722e-10 6.345856e-10 2.429730e-14 1.154682e-09 max_cap10672
 3.151162e-10 8.345701e-10 7.835935e-14 1.149765e-09 max_cap106
 6.902791e-10 4.532113e-10 2.429730e-14 1.143515e-09 max_cap8848
 9.300207e-10 2.117608e-10 1.332763e-13 1.141915e-09 output63
 6.598325e-10 4.815939e-10 2.429730e-14 1.141451e-09 max_cap11478
 3.802694e-10 7.607148e-10 2.429730e-14 1.141009e-09 wire10512
 5.528976e-10 5.874951e-10 2.429730e-14 1.140417e-09 max_cap1102
 6.545514e-10 4.841215e-10 2.429730e-14 1.138697e-09 max_cap10351
 4.250449e-10 7.127492e-10 2.429730e-14 1.137818e-09 max_cap10476
 8.715282e-10 2.637099e-10 2.429730e-14 1.135262e-09 max_cap10301
 4.968194e-10 6.370258e-10 2.429730e-14 1.133870e-09 max_cap5566
 5.738951e-10 5.593740e-10 2.429730e-14 1.133293e-09 max_cap8722
 3.424677e-10 7.857097e-10 2.429730e-14 1.128202e-09 max_cap759
 4.438581e-10 6.840712e-10 2.429730e-14 1.127954e-09 max_cap10760
 4.384118e-10 6.876588e-10 2.429730e-14 1.126095e-09 max_cap10809
 6.274254e-10 4.957084e-10 2.429730e-14 1.123158e-09 max_cap749
 2.764333e-10 8.462751e-10 2.429730e-14 1.122733e-09 hold7285
 4.317101e-10 6.863086e-10 2.429730e-14 1.118043e-09 max_cap771
 5.553100e-10 5.587102e-10 2.429730e-14 1.114045e-09 max_cap1324
 4.006526e-10 7.057806e-10 2.429730e-14 1.106457e-09 wire10842
 4.993083e-10 6.055046e-10 2.429730e-14 1.104837e-09 max_cap637
 4.790525e-10 6.252187e-10 2.429730e-14 1.104295e-09 max_cap8713
 4.030509e-10 7.011017e-10 2.429730e-14 1.104177e-09 max_cap8856
 4.130720e-10 6.880597e-10 2.429730e-14 1.101156e-09 max_cap5884
 3.882740e-10 7.091772e-10 7.675760e-14 1.097528e-09 max_cap10703
 6.269082e-10 4.695146e-10 2.429730e-14 1.096447e-09 max_cap746
 2.465486e-10 8.497940e-10 2.429730e-14 1.096367e-09 hold5474
 5.964700e-10 4.910366e-10 2.429730e-14 1.087531e-09 max_cap10369
 4.316925e-10 6.539121e-10 2.429730e-14 1.085629e-09 max_cap10808
 3.831107e-10 7.012405e-10 7.675781e-14 1.084428e-09 max_cap10704
 3.870075e-10 6.970187e-10 2.429730e-14 1.084051e-09 max_cap10148
 3.104019e-10 7.720016e-10 7.749626e-14 1.082481e-09 wire11022
 4.092282e-10 6.606745e-10 2.429730e-14 1.069927e-09 max_cap8852
 7.217967e-10 3.475211e-10 2.429730e-14 1.069342e-09 max_cap8843
 4.990764e-10 5.667815e-10 2.429730e-14 1.065882e-09 wire636
 2.818956e-10 7.813915e-10 2.429730e-14 1.063311e-09 hold5920
 6.551545e-10 4.080835e-10 2.429730e-14 1.063262e-09 max_cap11008
 4.046395e-10 6.548236e-10 2.429730e-14 1.059487e-09 max_cap8855
 5.421872e-10 5.152501e-10 2.429730e-14 1.057462e-09 max_cap10365
 5.093481e-10 5.476244e-10 2.429730e-14 1.056997e-09 max_cap8820
 7.546719e-10 2.996514e-10 2.429730e-14 1.054348e-09 max_cap10926
 7.782120e-11 9.753653e-10 1.642675e-13 1.053351e-09 wire147
 5.108154e-10 5.403794e-10 2.429730e-14 1.051219e-09 max_cap8776
 4.138323e-10 6.297412e-10 2.429730e-14 1.043598e-09 max_cap5882
 4.079637e-10 6.325263e-10 2.429730e-14 1.040514e-09 wire5881
 3.607289e-10 6.770982e-10 2.429730e-14 1.037851e-09 max_cap10080
 7.784858e-10 2.569078e-10 2.429730e-14 1.035418e-09 max_cap1247
 4.275848e-10 6.075274e-10 2.429730e-14 1.035137e-09 max_cap10758
 5.491544e-10 4.852425e-10 2.429730e-14 1.034421e-09 hold5285
 5.885000e-10 4.439887e-10 2.429730e-14 1.032513e-09 max_cap10063
 6.882532e-10 3.381792e-10 2.429730e-14 1.026457e-09 max_cap10642
 4.559392e-10 5.650366e-10 2.429730e-14 1.021000e-09 max_cap8860
 5.229732e-10 4.967773e-10 2.429730e-14 1.019775e-09 max_cap5570
 6.358471e-10 3.788310e-10 2.429730e-14 1.014702e-09 max_cap10083
 3.461128e-10 6.664024e-10 2.429730e-14 1.012539e-09 max_cap10777
 1.958712e-10 8.033734e-10 2.429730e-14 9.992689e-10 hold5977
 6.007478e-10 3.977825e-10 2.429730e-14 9.985547e-10 wire10991
 6.010152e-10 3.969690e-10 2.429730e-14 9.980086e-10 wire10045
 3.025412e-10 6.941509e-10 2.429730e-14 9.967165e-10 max_cap1120
 6.964145e-10 2.965063e-10 2.429730e-14 9.929452e-10 max_cap10993
 6.526550e-10 3.384250e-10 2.429730e-14 9.911043e-10 wire10115
 2.926284e-10 6.970441e-10 2.429730e-14 9.896969e-10 max_cap769
 3.908322e-10 5.965717e-10 2.429730e-14 9.874283e-10 max_cap10149
 3.719937e-10 6.106469e-10 2.429730e-14 9.826648e-10 max_cap1160
 4.369270e-10 5.442693e-10 2.429730e-14 9.812207e-10 max_cap1302
 1.535246e-10 8.266814e-10 3.847794e-13 9.805908e-10 wire788
 4.657048e-10 5.109417e-10 2.429730e-14 9.766707e-10 max_cap8798
 5.727929e-10 4.014150e-10 2.429730e-14 9.742323e-10 max_cap1289
 4.659416e-10 5.071574e-10 2.429730e-14 9.731234e-10 max_cap10131
 4.947227e-10 4.722387e-10 2.429730e-14 9.669857e-10 wire5565
 6.205111e-10 3.439529e-10 2.429730e-14 9.644884e-10 wire10794
 4.531614e-10 5.109953e-10 2.429730e-14 9.641811e-10 max_cap618
 1.530846e-10 8.100615e-10 3.848076e-13 9.635309e-10 wire146
 4.234471e-10 5.135137e-10 2.429730e-14 9.369852e-10 max_cap10757
 6.477593e-10 2.867012e-10 2.429730e-14 9.344848e-10 max_cap390
 4.605780e-10 4.682353e-10 2.429730e-14 9.288377e-10 max_cap8701
 4.090050e-10 5.191346e-10 2.429730e-14 9.281640e-10 max_cap5880
 3.418382e-10 5.844842e-10 2.429730e-14 9.263467e-10 max_cap10908
 3.146746e-10 6.115917e-10 2.429730e-14 9.262906e-10 max_cap1242
 3.588001e-10 5.654439e-10 7.713820e-14 9.243212e-10 max_cap10346
 3.839661e-10 5.325669e-10 2.429730e-14 9.165573e-10 max_cap8718
 4.221213e-10 4.943796e-10 2.429730e-14 9.165252e-10 max_cap8827
 4.857599e-10 4.275411e-10 2.429730e-14 9.133253e-10 max_cap8810
 5.585115e-10 3.530632e-10 2.429730e-14 9.115990e-10 max_cap625
 3.587725e-10 5.522522e-10 7.713820e-14 9.111018e-10 max_cap10347
 6.645234e-11 8.410403e-10 2.429730e-14 9.075170e-10 max_cap11890
 3.914851e-10 5.159869e-10 2.429730e-14 9.074964e-10 max_cap1155
 1.848070e-10 7.207623e-10 7.808634e-14 9.056474e-10 fanout10234
 4.453882e-10 4.564054e-10 2.429730e-14 9.018178e-10 max_cap8830
 2.298568e-10 6.706958e-10 2.429730e-14 9.005768e-10 max_cap10460
 4.087817e-10 4.908360e-10 2.429730e-14 8.996420e-10 max_cap8854
 4.681688e-10 4.298681e-10 2.429730e-14 8.980613e-10 max_cap8766
 4.515795e-10 4.449721e-10 2.429730e-14 8.965759e-10 max_cap616
 3.094048e-10 5.766708e-10 2.429730e-14 8.860999e-10 max_cap10061
 5.474346e-10 3.383111e-10 2.429730e-14 8.857700e-10 max_cap10300
 4.302731e-10 4.552228e-10 2.429730e-14 8.855202e-10 max_cap8723
 7.044289e-10 1.759092e-10 7.444232e-14 8.804125e-10 max_cap10298
 1.929723e-10 6.838840e-10 2.429730e-14 8.768806e-10 max_cap10043
 4.370635e-10 4.371988e-10 2.429730e-14 8.742865e-10 max_cap10219
 4.076076e-10 4.665114e-10 2.429730e-14 8.741433e-10 max_cap5888
 6.605692e-10 2.022488e-10 2.429730e-14 8.628423e-10 wire10724
 4.441786e-10 4.180161e-10 2.429730e-14 8.622191e-10 max_cap400
 5.614644e-10 2.978474e-10 2.429730e-14 8.593360e-10 max_cap557
 5.961520e-10 2.629738e-10 2.429730e-14 8.591502e-10 max_cap846
 4.608870e-10 3.977385e-10 2.429730e-14 8.586499e-10 max_cap10740
 2.434488e-10 6.135937e-10 2.429730e-14 8.570669e-10 max_cap790
 5.634676e-10 2.926469e-10 2.429730e-14 8.561388e-10 max_cap10415
 4.031931e-10 4.494930e-10 2.429730e-14 8.527105e-10 wire5885
 3.103479e-10 5.401989e-10 2.429730e-14 8.505712e-10 max_cap1021
 2.251958e-10 6.228441e-10 2.429730e-14 8.480642e-10 wire115
 3.065978e-10 5.403561e-10 2.429730e-14 8.469782e-10 max_cap8763
 3.464595e-10 4.982296e-10 2.429730e-14 8.447134e-10 max_cap762
 5.450458e-10 2.994669e-10 2.429730e-14 8.445370e-10 max_cap10382
 4.547617e-10 3.872300e-10 2.429730e-14 8.420160e-10 wire10496
 3.312316e-10 5.055811e-10 2.429730e-14 8.368370e-10 max_cap8842
 2.682690e-10 5.631090e-10 2.429730e-14 8.314024e-10 max_cap10059
 5.839050e-10 2.426966e-10 2.429730e-14 8.266259e-10 max_cap10169
 3.923778e-10 4.334312e-10 2.429730e-14 8.258334e-10 max_cap894
 4.100303e-10 4.119186e-10 2.429730e-14 8.219733e-10 max_cap5587
 4.071722e-10 4.147455e-10 2.429730e-14 8.219420e-10 wire5883
 5.575209e-10 2.581856e-10 2.429730e-14 8.157308e-10 max_cap8806
 3.183027e-10 4.962865e-10 2.429730e-14 8.146135e-10 max_cap490
 5.232367e-10 2.905462e-10 2.429730e-14 8.138071e-10 max_cap1064
 5.410017e-10 2.712741e-10 2.429730e-14 8.123001e-10 max_cap10910
 4.860997e-10 3.206582e-10 2.429730e-14 8.067823e-10 max_cap8714
 3.906711e-10 4.156452e-10 2.429730e-14 8.063405e-10 max_cap897
 6.051992e-10 1.977037e-10 2.429730e-14 8.029272e-10 max_cap10990
 2.729686e-10 5.285378e-10 2.429730e-14 8.015306e-10 max_cap10060
 5.234867e-10 2.678393e-10 2.429730e-14 7.913503e-10 max_cap1063
 3.465811e-10 4.439339e-10 2.429730e-14 7.905394e-10 max_cap8803
 2.924202e-10 4.980899e-10 2.429730e-14 7.905344e-10 wire10348
 5.175125e-10 2.725448e-10 2.429730e-14 7.900817e-10 hold833
 3.444208e-10 4.442734e-10 2.429730e-14 7.887185e-10 max_cap10776
 5.195874e-10 2.688703e-10 2.429730e-14 7.884821e-10 max_cap8707
 2.372844e-10 5.474189e-10 2.429730e-14 7.847277e-10 max_cap10639
 2.303819e-10 5.492279e-10 2.429730e-14 7.796341e-10 wire10397
 6.519262e-11 7.130629e-10 2.429730e-14 7.782799e-10 _31830_
 5.243937e-10 2.533849e-10 2.429730e-14 7.778029e-10 max_cap5615
 1.959679e-10 5.798616e-10 2.429730e-14 7.758538e-10 max_cap10044
 5.160233e-10 2.594762e-10 2.429730e-14 7.755238e-10 max_cap11025
 2.338907e-10 5.382949e-10 2.429730e-14 7.722100e-10 max_cap1129
 3.350076e-10 4.328824e-10 2.429730e-14 7.679143e-10 hold4156
 2.892878e-10 4.785827e-10 2.429730e-14 7.678948e-10 max_cap768
 3.419923e-10 4.222446e-10 2.429730e-14 7.642612e-10 max_cap760
 4.807386e-10 2.795652e-10 2.429730e-14 7.603281e-10 hold3969
 5.590916e-10 1.982841e-10 2.429730e-14 7.573999e-10 wire10673
 4.199339e-10 3.347799e-10 2.429730e-14 7.547380e-10 max_cap5820
 3.546119e-10 4.000648e-10 2.429730e-14 7.547010e-10 max_cap10281
 2.316638e-10 5.163839e-10 2.429730e-14 7.480721e-10 max_cap87
 2.351973e-10 5.113517e-10 2.429730e-14 7.465732e-10 max_cap88
 4.043851e-10 3.419862e-10 2.429730e-14 7.463957e-10 max_cap8850
 2.597638e-10 4.864817e-10 2.429730e-14 7.462698e-10 max_cap993
 2.182226e-10 5.278696e-10 2.429730e-14 7.461166e-10 max_cap10235
 4.011647e-10 3.401149e-10 2.429730e-14 7.413039e-10 max_cap5886
 4.203654e-10 3.115153e-10 2.429730e-14 7.319050e-10 max_cap1084
 1.403995e-10 5.895096e-10 7.810095e-14 7.299872e-10 fanout10559
 3.820098e-10 3.470918e-10 2.429730e-14 7.291259e-10 max_cap1319
 6.528009e-11 6.621144e-10 2.429730e-14 7.274188e-10 max_cap11888
 2.354488e-10 4.900899e-10 2.429730e-14 7.255629e-10 wire10793
 3.173563e-10 4.053439e-10 2.429730e-14 7.227244e-10 max_cap1082
 4.745597e-10 2.464406e-10 2.429730e-14 7.210246e-10 max_cap10705
 3.044720e-10 4.127632e-10 2.429730e-14 7.172595e-10 max_cap8762
 3.045077e-10 4.108597e-10 2.429730e-14 7.153917e-10 max_cap1118
 2.605531e-10 4.512800e-10 2.429730e-14 7.118574e-10 wire10494
 2.611013e-10 4.499064e-10 2.429730e-14 7.110319e-10 max_cap994
 4.085535e-10 3.002270e-10 2.429730e-14 7.088048e-10 max_cap8853
 5.818092e-11 6.485728e-10 3.848091e-13 7.071385e-10 wire399
 4.702946e-10 2.361328e-10 2.429730e-14 7.064518e-10 wire2405
 3.341437e-10 3.720186e-10 2.429730e-14 7.061866e-10 max_cap8755
 2.368084e-10 4.681579e-10 2.429730e-14 7.049906e-10 wire10428
 4.227120e-10 2.819527e-10 2.429730e-14 7.046890e-10 max_cap10688
 2.591245e-10 4.455036e-10 2.429730e-14 7.046524e-10 wire10101
 1.438154e-10 5.581220e-10 2.429730e-14 7.019618e-10 wire11911
 2.558102e-10 4.455057e-10 7.741373e-14 7.013934e-10 max_cap10079
 3.118294e-10 3.823955e-10 2.429730e-14 6.942492e-10 max_cap1121
 6.546797e-11 6.287283e-10 2.429730e-14 6.942206e-10 _31831_
 3.034982e-10 3.904658e-10 2.429730e-14 6.939883e-10 max_cap1123
 2.934058e-10 3.969654e-10 2.429730e-14 6.903955e-10 max_cap10349
 2.676063e-10 4.214888e-10 2.429730e-14 6.891194e-10 max_cap10058
 3.368688e-10 3.480181e-10 2.429730e-14 6.849111e-10 max_cap8760
 3.113760e-10 3.734754e-10 2.429730e-14 6.848757e-10 max_cap1122
 2.188750e-10 4.643348e-10 2.429730e-14 6.832341e-10 max_cap1926
 2.889027e-10 3.881888e-10 2.429730e-14 6.771158e-10 max_cap494
 3.592425e-10 3.174047e-10 2.429730e-14 6.766716e-10 max_cap10282
 3.466458e-10 3.288866e-10 2.429730e-14 6.755567e-10 max_cap758
 3.409970e-10 3.342883e-10 2.429730e-14 6.753096e-10 max_cap8751
 2.590299e-10 4.155702e-10 2.429730e-14 6.746245e-10 max_cap10561
 4.329187e-10 2.317651e-10 7.550738e-14 6.647593e-10 max_cap10622
 4.496151e-10 2.127741e-10 2.429730e-14 6.624135e-10 max_cap10297
 2.129058e-10 4.485586e-10 2.429730e-14 6.614886e-10 max_cap10875
 4.155143e-10 2.439167e-10 2.429730e-14 6.594553e-10 max_cap10613
 1.600851e-10 4.948313e-10 2.429730e-14 6.549407e-10 hold7510
 3.961232e-10 2.537329e-10 2.429730e-14 6.498804e-10 wire895
 2.282732e-10 4.212364e-10 2.429730e-14 6.495339e-10 max_cap887
 3.876008e-10 2.543030e-10 2.429730e-14 6.419282e-10 wire896
 2.253057e-10 4.164085e-10 2.429730e-14 6.417386e-10 max_cap116
 3.639310e-10 2.777580e-10 2.429730e-14 6.417133e-10 max_cap1085
 1.852576e-10 4.549496e-10 7.786939e-14 6.402850e-10 max_cap10791
 2.604675e-10 3.763705e-10 2.429730e-14 6.368623e-10 max_cap10493
 6.567043e-11 5.667081e-10 2.429730e-14 6.324028e-10 _31835_
 4.216702e-10 2.097451e-10 2.429730e-14 6.314396e-10 max_cap773
 4.564393e-10 1.748872e-10 2.429730e-14 6.313507e-10 max_cap10130
 3.393312e-10 2.896134e-10 2.429730e-14 6.289690e-10 max_cap10907
 2.552415e-10 3.646220e-10 2.429730e-14 6.198878e-10 max_cap10560
 2.888677e-10 3.308951e-10 2.429730e-14 6.197871e-10 max_cap767
 2.474829e-10 3.703228e-10 7.694346e-14 6.178827e-10 max_cap10248
 2.473532e-10 3.676860e-10 2.429730e-14 6.150634e-10 max_cap10412
 1.970048e-10 4.179738e-10 7.776705e-14 6.150564e-10 max_cap10042
 2.270693e-10 3.856814e-10 2.429730e-14 6.127750e-10 max_cap888
 3.970237e-10 2.119926e-10 7.727472e-14 6.090936e-10 hold627
 2.091644e-10 3.964382e-10 2.429730e-14 6.056269e-10 max_cap10874
 2.382892e-10 3.640519e-10 1.424014e-13 6.024836e-10 output18
 3.443148e-10 2.576035e-10 2.429730e-14 6.019426e-10 max_cap10329
 4.268714e-10 1.646646e-10 2.429730e-14 5.915603e-10 wire870
 3.063531e-10 2.828261e-10 2.429730e-14 5.892035e-10 max_cap5789
 2.487988e-10 3.372213e-10 2.429730e-14 5.860444e-10 max_cap10413
 2.522687e-10 3.312441e-10 2.429730e-14 5.835372e-10 max_cap5755
 3.712910e-10 2.034753e-10 2.429730e-14 5.747906e-10 max_cap5869
 1.687675e-10 4.059019e-10 7.804980e-14 5.747474e-10 max_cap10971
 3.444660e-10 2.178435e-10 2.429730e-14 5.623338e-10 max_cap10778
 2.903345e-10 2.701245e-10 2.429730e-14 5.604833e-10 max_cap1261
 1.912071e-10 3.674432e-10 1.316100e-13 5.587820e-10 output26
 1.507312e-10 4.079767e-10 2.429730e-14 5.587322e-10 max_cap10840
 4.146994e-10 1.430975e-10 7.702621e-14 5.578740e-10 max_cap10167
 2.588189e-10 2.966907e-10 2.429730e-14 5.555338e-10 max_cap992
 3.111449e-10 2.439250e-10 2.429730e-14 5.550942e-10 max_cap1243
 3.289414e-10 2.257174e-10 2.429730e-14 5.546832e-10 wire5852
 2.479959e-10 3.009575e-10 2.429730e-14 5.489777e-10 max_cap8809
 2.475919e-10 2.974971e-10 2.429730e-14 5.451133e-10 wire1126
 2.899669e-10 2.501410e-10 2.429730e-14 5.401323e-10 max_cap1260
 3.286046e-10 2.073525e-10 2.429730e-14 5.359814e-10 max_cap5853
 2.431661e-10 2.907175e-10 2.429730e-14 5.339079e-10 max_cap8753
 2.224235e-10 3.109398e-10 2.429730e-14 5.333876e-10 wire1922
 1.841523e-10 3.437647e-10 7.786941e-14 5.279949e-10 max_cap10792
 1.111126e-10 4.140960e-10 2.429730e-14 5.252329e-10 hold7352
 2.756690e-10 2.433072e-10 2.429730e-14 5.190005e-10 max_cap1137
 1.375174e-10 3.793656e-10 2.429730e-14 5.169072e-10 max_cap11955
 3.197992e-10 1.957466e-10 2.429730e-14 5.155702e-10 max_cap489
 3.097592e-10 2.050462e-10 2.429730e-14 5.148297e-10 max_cap1241
 2.798249e-10 2.346473e-10 2.429730e-14 5.144966e-10 hold5771
 1.545733e-10 3.572258e-10 3.848357e-13 5.121839e-10 wire816
 1.913966e-10 3.172253e-10 1.316102e-13 5.087535e-10 output27
 4.048416e-10 9.705704e-11 1.287451e-13 5.020274e-10 output64
 1.554219e-10 3.446486e-10 3.848351e-13 5.004554e-10 wire815
 3.056225e-10 1.944929e-10 2.429730e-14 5.001398e-10 wire10062
 3.122372e-10 1.823618e-10 2.429730e-14 4.946233e-10 max_cap1081
 1.693839e-10 3.213256e-10 7.796690e-14 4.907875e-10 max_cap10427
 1.126334e-10 3.756118e-10 6.821015e-14 4.883134e-10 hold5032
 3.192747e-10 1.672101e-10 2.429730e-14 4.865091e-10 wire488
 1.901939e-10 2.958732e-10 1.316100e-13 4.861987e-10 output31
 1.758510e-10 3.051212e-10 2.429730e-14 4.809965e-10 max_cap914
 2.275445e-10 2.523262e-10 2.429730e-14 4.798950e-10 max_cap940
 1.784147e-10 3.014551e-10 2.429730e-14 4.798942e-10 max_cap913
 1.861141e-10 2.930049e-10 1.316092e-13 4.792506e-10 output23
 1.400623e-10 3.390322e-10 7.795231e-14 4.791725e-10 max_cap10411
 2.103739e-10 2.670242e-10 6.172751e-14 4.774597e-10 _15272_
 1.088981e-10 3.685227e-10 2.429730e-14 4.774451e-10 hold2518
 1.089201e-10 3.608985e-10 2.429730e-14 4.698429e-10 hold4972
 1.714725e-10 2.982582e-10 2.429730e-14 4.697550e-10 max_cap819
 3.071280e-10 1.622391e-10 2.429730e-14 4.693915e-10 max_cap1117
 1.943306e-10 2.733981e-10 2.429730e-14 4.677529e-10 max_cap11493
 2.357416e-10 2.312442e-10 2.429730e-14 4.670102e-10 max_cap10640
 1.895567e-10 2.747144e-10 1.316100e-13 4.644027e-10 output30
 1.901280e-10 2.739734e-10 1.316149e-13 4.642330e-10 output19
 1.896690e-10 2.736267e-10 1.316093e-13 4.634273e-10 output21
 2.057123e-10 2.552885e-10 2.429730e-14 4.610251e-10 max_cap1162
 2.382988e-10 2.177706e-10 2.429730e-14 4.560937e-10 max_cap8782
 1.986422e-10 2.546335e-10 2.429730e-14 4.532999e-10 hold2880
 1.332086e-10 3.198348e-10 2.429730e-14 4.530677e-10 max_cap10807
 2.797154e-10 1.723258e-10 2.429730e-14 4.520655e-10 max_cap10443
 1.563283e-10 2.917566e-10 2.429730e-14 4.481092e-10 max_cap8808
 3.424669e-10 1.039163e-10 2.429730e-14 4.464075e-10 max_cap792
 1.499856e-10 2.954543e-10 2.429730e-14 4.454642e-10 wire10839
 2.777959e-10 1.659742e-10 2.429730e-14 4.437944e-10 max_cap10444
 2.601651e-10 1.788662e-10 2.429730e-14 4.390556e-10 max_cap11023
 1.401220e-10 2.959096e-10 7.807908e-14 4.361097e-10 max_cap10739
 2.059623e-10 2.272456e-10 2.429730e-14 4.332322e-10 max_cap1140
 1.783340e-10 2.535736e-10 2.429730e-14 4.319319e-10 max_cap912
 1.878674e-10 2.426561e-10 1.316098e-13 4.306551e-10 output32
 2.516007e-10 1.777934e-10 2.429730e-14 4.294183e-10 wire10891
 1.476963e-10 2.815472e-10 2.429730e-14 4.292677e-10 max_cap84
 2.628846e-10 1.651596e-10 2.429730e-14 4.280686e-10 max_cap1035
 1.880906e-10 2.378198e-10 1.316146e-13 4.260420e-10 output20
 1.913578e-10 2.272389e-10 2.429730e-14 4.186210e-10 max_cap11491
 2.213495e-10 1.962641e-10 2.429730e-14 4.176379e-10 wire1923
 1.959715e-10 2.186253e-10 2.429730e-14 4.146210e-10 max_cap5688
 1.100582e-10 2.997717e-10 7.189284e-14 4.099018e-10 max_cap11889
 2.170523e-10 1.911851e-10 2.429730e-14 4.082616e-10 wire1924
 1.799539e-10 2.247803e-10 2.429730e-14 4.047585e-10 max_cap8814
 1.116450e-10 2.891635e-10 7.772073e-14 4.008862e-10 max_cap10198
 2.422242e-10 1.569270e-10 2.429730e-14 3.991754e-10 max_cap8778
 2.282933e-10 1.696055e-10 2.429730e-14 3.979231e-10 max_cap5523
 1.362149e-10 2.615937e-10 2.429730e-14 3.978329e-10 max_cap884
 1.831901e-10 2.119160e-10 1.316086e-13 3.952377e-10 output22
 1.989056e-10 1.955513e-10 2.429730e-14 3.944813e-10 max_cap11467
 9.039598e-11 3.031850e-10 6.753502e-14 3.936485e-10 max_cap11956
 1.508397e-10 2.404162e-10 2.429730e-14 3.912802e-10 max_cap1086
 1.852395e-10 2.043263e-10 1.316094e-13 3.896974e-10 output29
 1.059750e-10 2.835537e-10 2.429730e-14 3.895529e-10 max_cap458
 1.742880e-10 2.140146e-10 2.429730e-14 3.883268e-10 max_cap11459
 1.907241e-10 1.953877e-10 2.429730e-14 3.861360e-10 max_cap11494
 1.208014e-10 2.643200e-10 2.429730e-14 3.851457e-10 max_cap10529
 1.461470e-10 2.383191e-10 2.429730e-14 3.844904e-10 max_cap11486
 1.241560e-10 2.598886e-10 2.429730e-14 3.840689e-10 max_cap353
 1.255815e-10 2.562666e-10 7.770364e-14 3.819258e-10 max_cap10458
 1.558029e-10 2.211224e-10 2.429730e-14 3.769496e-10 max_cap1065
 1.212112e-10 2.523667e-10 2.429730e-14 3.736021e-10 wire561
 1.715754e-10 1.957206e-10 2.429730e-14 3.673204e-10 max_cap732
 2.251726e-10 1.417046e-10 2.429730e-14 3.669015e-10 max_cap886
 4.645118e-11 3.199308e-10 7.841012e-14 3.664604e-10 max_cap818
 7.615213e-11 2.892066e-10 2.429730e-14 3.653831e-10 max_cap513
 1.239570e-10 2.412475e-10 2.429730e-14 3.652287e-10 max_cap1164
 1.158268e-10 2.492324e-10 2.429730e-14 3.650834e-10 max_cap506
 1.982845e-10 1.661110e-10 2.429730e-14 3.644197e-10 max_cap11465
 1.421114e-10 2.220032e-10 2.429730e-14 3.641390e-10 max_cap5635
 2.021766e-10 1.615432e-10 2.429730e-14 3.637441e-10 max_cap11466
 1.880015e-10 1.750565e-10 2.429730e-14 3.630823e-10 max_cap1320
 8.463566e-11 2.741933e-10 2.429730e-14 3.588532e-10 wire1750
 1.374591e-10 2.211948e-10 2.429730e-14 3.586782e-10 max_cap883
 9.814224e-11 2.570547e-10 7.836298e-14 3.552753e-10 max_cap111
 2.405070e-10 1.133849e-10 2.429730e-14 3.539161e-10 hold5327
 1.776108e-10 1.755105e-10 2.429730e-14 3.531456e-10 wire911
 1.875187e-10 1.638979e-10 1.316099e-13 3.515482e-10 output25
 2.155520e-10 1.318097e-10 2.429730e-14 3.473861e-10 max_cap1925
 1.751106e-10 1.721670e-10 2.429730e-14 3.473018e-10 wire909
 1.424937e-10 2.044001e-10 2.429730e-14 3.469181e-10 max_cap1098
 2.174456e-10 1.289021e-10 2.429730e-14 3.463720e-10 max_cap652
 2.272865e-10 1.170724e-10 2.429730e-14 3.443831e-10 max_cap10461
 1.842125e-10 1.591354e-10 1.316093e-13 3.434795e-10 output24
 1.006332e-10 2.417748e-10 2.429730e-14 3.424323e-10 max_cap277
 1.967781e-10 1.455865e-10 2.429730e-14 3.423889e-10 max_cap5687
 1.201845e-10 2.209170e-10 2.429730e-14 3.411258e-10 max_cap9996
 1.505111e-10 1.888783e-10 2.429730e-14 3.394137e-10 max_cap5677
 9.042748e-11 2.467983e-10 6.753504e-14 3.372933e-10 wire11957
 2.414685e-10 9.544740e-11 7.694361e-14 3.369929e-10 max_cap10249
 1.205735e-10 2.128230e-10 2.429730e-14 3.334208e-10 max_cap5844
 1.056140e-10 2.273234e-10 3.848359e-13 3.333222e-10 wire799
 1.204706e-10 2.125643e-10 2.429730e-14 3.330592e-10 max_cap559
 6.139646e-11 2.691364e-10 6.822968e-14 3.306010e-10 fanout11865
 6.449504e-11 2.650900e-10 2.429730e-14 3.296094e-10 max_cap2281
 1.054935e-10 2.180720e-10 3.848351e-13 3.239503e-10 wire130
 1.037445e-10 2.139085e-10 2.429730e-14 3.176773e-10 max_cap459
 9.358975e-11 2.236784e-10 2.429730e-14 3.172924e-10 max_cap346
 1.302345e-10 1.854004e-10 2.429730e-14 3.156593e-10 max_cap11497
 1.905624e-10 1.216703e-10 2.429730e-14 3.122570e-10 max_cap11492
 9.706362e-11 2.137154e-10 7.791574e-14 3.108569e-10 wire10442
 1.127537e-10 1.921469e-10 6.821014e-14 3.049689e-10 hold3839
 8.241941e-11 2.216049e-10 7.823738e-14 3.041025e-10 max_cap10890
 1.464264e-10 1.542682e-10 2.429730e-14 3.007188e-10 max_cap11485
 1.024641e-10 1.953165e-10 2.429730e-14 2.978049e-10 max_cap10099
 5.450906e-11 2.412052e-10 7.821552e-14 2.957925e-10 hold894
 1.024651e-10 1.927405e-10 2.429730e-14 2.952299e-10 max_cap10100
 1.322033e-10 1.576590e-10 2.429730e-14 2.898865e-10 max_cap10806
 1.910557e-10 9.798305e-11 2.429730e-14 2.890630e-10 max_cap11490
 6.915950e-11 2.198487e-10 2.429730e-14 2.890325e-10 max_cap11892
 1.471183e-10 1.381704e-10 2.429730e-14 2.853130e-10 wire80
 9.773899e-11 1.868543e-10 2.429730e-14 2.846176e-10 max_cap1217
 1.762817e-10 1.054523e-10 2.429730e-14 2.817583e-10 wire910
 1.520085e-10 1.296953e-10 2.429730e-14 2.817280e-10 max_cap10841
 1.678850e-10 1.102593e-10 2.429730e-14 2.781685e-10 max_cap8774
 1.337310e-10 1.427795e-10 2.429730e-14 2.765348e-10 max_cap283
 6.705016e-11 2.089455e-10 2.429730e-14 2.760199e-10 _31832_
 1.190779e-10 1.563166e-10 2.429730e-14 2.754188e-10 max_cap560
 1.731484e-10 9.862749e-11 2.429730e-14 2.718001e-10 max_cap11458
 5.860261e-11 2.124860e-10 3.848082e-13 2.714734e-10 wire398
 1.540423e-10 1.143696e-10 2.429730e-14 2.684362e-10 wire82
 6.144132e-11 2.065639e-10 6.822969e-14 2.680735e-10 max_cap11866
 1.161705e-10 1.513090e-10 2.429730e-14 2.675037e-10 max_cap8695
 1.371087e-10 1.266696e-10 2.429730e-14 2.638026e-10 max_cap882
 8.246374e-11 1.810700e-10 2.429730e-14 2.635580e-10 max_cap1749
 1.279466e-10 1.344312e-10 2.429730e-14 2.624021e-10 max_cap11498
 7.608397e-11 1.861752e-10 6.826383e-14 2.623274e-10 max_cap11869
 1.164271e-10 1.428311e-10 2.429730e-14 2.592825e-10 wire646
 1.164282e-10 1.417435e-10 2.429730e-14 2.581960e-10 max_cap647
 1.333187e-10 1.243862e-10 2.429730e-14 2.577292e-10 max_cap8756
 1.505465e-10 1.037231e-10 2.429730e-14 2.542939e-10 max_cap1310
 1.188497e-10 1.349949e-10 2.429730e-14 2.538690e-10 max_cap10528
 1.856963e-10 6.723480e-11 2.429730e-14 2.529554e-10 wire487
 1.471181e-10 1.036085e-10 2.429730e-14 2.507508e-10 max_cap11484
 7.613018e-11 1.729332e-10 6.826384e-14 2.491316e-10 max_cap11870
 1.166090e-10 1.322314e-10 2.429730e-14 2.488647e-10 max_cap881
 1.508043e-10 9.743796e-11 2.429730e-14 2.482665e-10 max_cap5676
 1.310603e-10 1.102670e-10 2.429730e-14 2.413516e-10 max_cap1159
 1.462922e-10 9.317252e-11 2.429730e-14 2.394890e-10 max_cap81
 6.721578e-11 1.702299e-10 2.429730e-14 2.374700e-10 _31836_
 1.409724e-10 9.438979e-11 2.429730e-14 2.353865e-10 max_cap5634
 1.649094e-10 6.841069e-11 7.796690e-14 2.333980e-10 max_cap10426
 7.270338e-11 1.603521e-10 2.429730e-14 2.330798e-10 max_cap11418
 1.647291e-10 6.791898e-11 7.805961e-14 2.327261e-10 max_cap10310
 1.424772e-10 8.975549e-11 2.429730e-14 2.322570e-10 max_cap814
 6.881640e-11 1.618083e-10 2.429730e-14 2.306490e-10 _31828_
 7.442378e-11 1.557787e-10 2.429730e-14 2.302267e-10 max_cap742
 6.186819e-11 1.682364e-10 6.822965e-14 2.301728e-10 fanout11864
 5.245665e-11 1.768837e-10 2.429730e-14 2.293647e-10 hold5744
 1.063673e-10 1.218056e-10 2.429730e-14 2.281972e-10 max_cap5756
 9.745648e-11 1.303255e-10 2.429730e-14 2.278063e-10 max_cap649
 1.050312e-10 1.194808e-10 2.429730e-14 2.245363e-10 max_cap457
 1.487642e-10 7.456523e-11 2.429730e-14 2.233538e-10 max_cap1311
 9.223194e-11 1.309876e-10 2.429730e-14 2.232438e-10 max_cap11462
 1.053340e-10 1.177124e-10 2.429730e-14 2.230708e-10 max_cap8732
 1.152776e-10 1.076142e-10 2.429730e-14 2.229161e-10 max_cap8694
 1.411006e-10 8.140822e-11 2.429730e-14 2.225331e-10 max_cap1097
 7.550797e-11 1.432357e-10 2.429730e-14 2.187680e-10 max_cap743
 1.657668e-10 5.052579e-11 7.804980e-14 2.163707e-10 wire10972
 3.751720e-11 1.787280e-10 2.429730e-14 2.162695e-10 hold6148
 7.110153e-11 1.442545e-10 8.581975e-13 2.162142e-10 hold21
 6.117940e-11 1.547028e-10 6.822969e-14 2.159505e-10 max_cap11867
 6.731148e-11 1.476695e-10 2.429730e-14 2.150053e-10 _31833_
 6.732353e-11 1.448289e-10 2.429730e-14 2.121767e-10 _31837_
 1.331738e-10 7.841978e-11 2.429730e-14 2.116179e-10 max_cap282
 5.320430e-11 1.579301e-10 2.429730e-14 2.111587e-10 hold1482
 1.068246e-10 1.041134e-10 2.429730e-14 2.109623e-10 wire456
 1.013487e-10 1.092078e-10 2.429730e-14 2.105807e-10 max_cap546
 1.395872e-10 6.866065e-11 2.429730e-14 2.082721e-10 max_cap5608
 1.040007e-10 1.029324e-10 1.132546e-13 2.070463e-10 output47
 7.451705e-11 1.318583e-10 2.429730e-14 2.063996e-10 max_cap11482
 1.480048e-10 5.759581e-11 2.429730e-14 2.056249e-10 max_cap83
 6.983931e-11 1.335268e-10 8.581956e-13 2.042244e-10 max_cap12159
 7.509586e-11 1.276192e-10 2.429730e-14 2.027393e-10 max_cap745
 5.616032e-11 1.465224e-10 2.429730e-14 2.027070e-10 max_cap11942
 1.136093e-10 8.762024e-11 2.429730e-14 2.012538e-10 max_cap505
 1.194342e-10 7.781634e-11 2.429730e-14 1.972748e-10 max_cap9997
 6.507594e-11 1.308871e-10 2.429730e-14 1.959873e-10 max_cap2283
 1.035172e-10 9.123170e-11 1.132547e-13 1.948622e-10 output44
 7.435894e-11 1.185173e-10 2.429730e-14 1.929005e-10 max_cap11928
 1.274527e-10 6.525484e-11 2.429730e-14 1.927318e-10 max_cap11496
 5.871433e-11 1.323153e-10 3.848368e-13 1.914144e-10 wire424
 1.026562e-10 8.835958e-11 1.132547e-13 1.911290e-10 output56
 5.704666e-11 1.327745e-10 2.429730e-14 1.898455e-10 max_cap785
 1.181675e-10 6.921135e-11 2.429730e-14 1.874031e-10 max_cap558
 6.000785e-11 1.265841e-10 2.429730e-14 1.866163e-10 max_cap94
 9.629291e-11 8.745230e-11 2.429730e-14 1.837695e-10 max_cap1216
 9.250924e-11 8.934173e-11 2.429730e-14 1.818753e-10 max_cap11461
 1.158204e-10 6.495935e-11 2.429730e-14 1.808041e-10 wire504
 1.093347e-10 7.129779e-11 7.792307e-14 1.807104e-10 max_cap10280
 5.227302e-11 1.267197e-10 2.429730e-14 1.790170e-10 max_cap957
 6.598470e-11 1.120992e-10 2.429730e-14 1.781082e-10 max_cap929
 7.041075e-11 1.073188e-10 2.429730e-14 1.777538e-10 max_cap1090
 6.648617e-11 1.109778e-10 2.429730e-14 1.774882e-10 max_cap401
 1.148270e-10 6.244891e-11 2.429730e-14 1.773002e-10 max_cap880
 1.145575e-10 6.075662e-11 2.429730e-14 1.753385e-10 max_cap645
 1.123042e-10 6.299865e-11 2.429730e-14 1.753272e-10 wire879
 7.417462e-11 1.006020e-10 2.429730e-14 1.748009e-10 max_cap741
 1.022294e-10 7.162369e-11 1.132545e-13 1.739664e-10 output45
 8.313886e-11 9.047725e-11 2.429730e-14 1.736404e-10 wire1928
 1.019753e-10 7.128308e-11 1.132545e-13 1.733717e-10 output53
 6.549303e-11 1.069919e-10 2.429730e-14 1.725092e-10 max_cap927
 5.404195e-11 1.178421e-10 7.826433e-14 1.719623e-10 max_cap10687
 9.649561e-11 7.452079e-11 2.429730e-14 1.710407e-10 max_cap1153
 1.241150e-10 4.484631e-11 7.770367e-14 1.690390e-10 wire10459
 5.611921e-11 1.123983e-10 2.429730e-14 1.685418e-10 max_cap784
 7.498101e-11 9.339658e-11 2.429730e-14 1.684019e-10 max_cap8703
 1.020925e-10 6.603649e-11 1.132546e-13 1.682423e-10 output55
 6.787480e-11 9.982320e-11 2.429730e-14 1.677223e-10 max_cap11891
 4.725815e-11 1.203950e-10 2.429730e-14 1.676775e-10 max_cap10610
 1.238263e-10 4.276382e-11 1.134260e-13 1.667036e-10 output42
 1.025024e-10 6.280651e-11 1.132546e-13 1.654222e-10 output49
 6.496080e-11 9.881466e-11 2.429730e-14 1.637998e-10 max_cap2282
 6.891294e-11 9.470248e-11 7.813993e-14 1.636936e-10 max_cap10510
 7.438820e-11 8.764025e-11 2.429730e-14 1.620527e-10 max_cap11481
 4.756357e-11 1.136506e-10 2.429730e-14 1.612384e-10 max_cap1114
 5.235155e-11 1.083678e-10 2.429730e-14 1.607437e-10 max_cap1277
 1.020399e-10 5.781845e-11 1.132546e-13 1.599717e-10 output48
 1.019593e-10 5.508752e-11 1.132546e-13 1.571601e-10 output46
 9.699076e-11 5.995881e-11 2.429730e-14 1.569739e-10 max_cap8769
 7.750017e-11 7.907344e-11 2.429730e-14 1.565979e-10 max_cap512
 7.862822e-11 7.683432e-11 2.429730e-14 1.554868e-10 max_cap822
 7.472726e-11 8.030745e-11 2.429730e-14 1.550590e-10 max_cap740
 9.628450e-11 5.827146e-11 2.429730e-14 1.545803e-10 wire648
 5.603566e-11 9.582283e-11 2.429730e-14 1.518828e-10 max_cap11913
 6.758164e-11 8.397864e-11 2.429730e-14 1.515846e-10 _31834_
 3.967058e-11 1.117972e-10 7.836550e-14 1.515462e-10 max_cap299
 7.416229e-11 7.271660e-11 2.429730e-14 1.469032e-10 max_cap744
 6.009544e-11 8.543521e-11 2.429730e-14 1.455549e-10 max_cap522
 1.009699e-10 4.454610e-11 2.429730e-14 1.455403e-10 max_cap545
 1.011616e-10 4.422090e-11 1.132546e-13 1.454957e-10 output50
 1.009951e-10 4.190565e-11 1.132546e-13 1.430140e-10 output51
 6.069643e-11 8.207343e-11 2.429730e-14 1.427942e-10 max_cap93
 3.412453e-11 1.082017e-10 2.429730e-14 1.423506e-10 hold10003
 9.261507e-11 4.779872e-11 2.429730e-14 1.404381e-10 max_cap11460
 1.006075e-10 3.955488e-11 1.132547e-13 1.402756e-10 output43
 1.010746e-10 3.811714e-11 1.132546e-13 1.393050e-10 output54
 3.793534e-11 1.012399e-10 2.429730e-14 1.391995e-10 _31845_
 7.368114e-11 6.413808e-11 2.429730e-14 1.378435e-10 wire11483
 5.389615e-11 8.325400e-11 7.836152e-14 1.372285e-10 max_cap275
 3.851128e-11 9.812630e-11 2.429730e-14 1.366619e-10 max_cap11948
 5.998755e-11 7.517252e-11 2.429730e-14 1.351844e-10 max_cap92
 4.710166e-11 8.340437e-11 2.429730e-14 1.305303e-10 max_cap1113
 4.276534e-11 8.442097e-11 2.429730e-14 1.272106e-10 max_cap10328
 6.957402e-11 5.669291e-11 2.429730e-14 1.262912e-10 max_cap1089
 1.859911e-11 1.074475e-10 1.639744e-13 1.262106e-10 fanout12102
 5.220723e-11 7.372081e-11 2.429730e-14 1.259523e-10 wire337
 8.100699e-11 4.350163e-11 7.820577e-14 1.245868e-10 max_cap10475
 5.690758e-11 6.429537e-11 2.429730e-14 1.212273e-10 max_cap786
 5.170838e-11 6.884159e-11 2.429730e-14 1.205743e-10 max_cap1276
 4.280735e-11 7.671423e-11 2.429730e-14 1.195459e-10 max_cap10327
 8.195566e-11 3.706222e-11 2.429730e-14 1.190422e-10 max_cap1929
 4.273727e-11 7.603125e-11 2.429730e-14 1.187928e-10 max_cap10326
 3.790259e-11 8.048542e-11 2.429730e-14 1.184123e-10 _31838_
 5.630555e-11 6.198433e-11 2.429730e-14 1.183142e-10 max_cap11488
 5.632016e-11 6.145907e-11 2.429730e-14 1.178035e-10 max_cap11477
 5.694706e-11 6.060479e-11 2.429730e-14 1.175762e-10 max_cap11476
 3.856733e-11 7.747269e-11 2.429730e-14 1.160643e-10 wire10097
 5.079445e-11 6.523854e-11 2.429730e-14 1.160573e-10 max_cap519
 2.913768e-11 8.590964e-11 2.429730e-14 1.150716e-10 wire11916
 3.946472e-11 7.543188e-11 7.833243e-14 1.149749e-10 max_cap10527
 6.107689e-11 5.374360e-11 2.429730e-14 1.148448e-10 wire90
 7.422749e-11 3.923907e-11 2.429730e-14 1.134909e-10 max_cap11480
 3.847940e-11 7.407299e-11 2.429730e-14 1.125767e-10 max_cap8715
 5.686230e-11 5.536392e-11 2.429730e-14 1.122505e-10 max_cap11475
 5.605617e-11 5.611466e-11 2.429730e-14 1.121951e-10 max_cap783
 4.706777e-11 6.393334e-11 2.429730e-14 1.110254e-10 max_cap1112
 2.936162e-11 8.156704e-11 2.429730e-14 1.109530e-10 max_cap11949
 3.823130e-11 7.238870e-11 2.429730e-14 1.106443e-10 max_cap11923
 6.487526e-11 4.527104e-11 2.429730e-14 1.101706e-10 max_cap926
 4.765403e-11 6.061066e-11 2.429730e-14 1.082890e-10 max_cap11474
 1.853040e-11 8.922824e-11 1.639743e-13 1.079226e-10 fanout11998
 1.852764e-11 8.846537e-11 1.639743e-13 1.071570e-10 fanout12009
 4.776615e-11 5.908661e-11 2.429730e-14 1.068771e-10 max_cap1109
 4.748002e-11 5.876691e-11 2.429730e-14 1.062712e-10 max_cap1110
 4.735129e-11 5.783657e-11 2.429730e-14 1.052122e-10 max_cap1111
 6.517204e-11 3.952797e-11 2.429730e-14 1.047243e-10 wire928
 5.178658e-11 5.239460e-11 2.429730e-14 1.042055e-10 max_cap5821
 2.514111e-11 7.858419e-11 2.429730e-14 1.037496e-10 hold4920
 3.837899e-11 6.490319e-11 2.429730e-14 1.033065e-10 wire11920
 3.787740e-11 6.451969e-11 2.429730e-14 1.024214e-10 _31847_
 1.869864e-11 8.312846e-11 1.639740e-13 1.019911e-10 hold23
 5.131292e-11 4.974439e-11 2.429730e-14 1.010816e-10 max_cap956
 5.193008e-11 4.794345e-11 2.429730e-14 9.989783e-11 max_cap339
 6.588497e-11 3.374111e-11 2.429730e-14 9.965039e-11 wire925
 6.055868e-11 3.869860e-11 2.429730e-14 9.928158e-11 max_cap521
 5.231513e-11 4.622384e-11 2.429730e-14 9.856327e-11 hold2912
 3.830273e-11 6.017337e-11 2.429730e-14 9.850040e-11 max_cap11921
 4.314268e-11 5.449523e-11 2.429730e-14 9.766221e-11 max_cap1306
 4.293128e-11 5.462827e-11 2.429730e-14 9.758385e-11 max_cap10511
 1.850076e-11 7.842280e-11 1.639742e-13 9.708754e-11 fanout12042
 1.838729e-11 7.823556e-11 1.639742e-13 9.678682e-11 fanout12157
 5.653104e-11 4.007225e-11 2.429730e-14 9.662759e-11 max_cap11487
 2.516302e-11 7.124372e-11 7.836353e-14 9.648510e-11 wire105
 1.847943e-11 7.585858e-11 1.639743e-13 9.450198e-11 fanout11980
 1.849051e-11 7.550944e-11 1.639742e-13 9.416392e-11 fanout12040
 4.314589e-11 5.049716e-11 2.429730e-14 9.366734e-11 max_cap1116
 1.852959e-11 7.380018e-11 1.639739e-13 9.249374e-11 fanout12123
 3.821461e-11 5.378191e-11 2.429730e-14 9.202081e-11 max_cap8687
 6.076478e-11 3.113432e-11 6.822968e-14 9.196733e-11 max_cap11868
 6.148387e-11 2.934547e-11 2.429730e-14 9.085364e-11 wire89
 3.850001e-11 5.176281e-11 2.429730e-14 9.028711e-11 max_cap11472
 6.052770e-11 2.932228e-11 2.429730e-14 8.987428e-11 max_cap91
 1.812836e-11 7.112601e-11 7.841021e-14 8.933279e-11 hold1377
 1.846458e-11 6.993056e-11 1.639742e-13 8.855911e-11 fanout12082
 5.181566e-11 3.616685e-11 2.429730e-14 8.800681e-11 max_cap518
 5.179706e-11 3.519486e-11 2.429730e-14 8.701623e-11 wire517
 4.314760e-11 4.381579e-11 2.429730e-14 8.698769e-11 max_cap1115
 5.558242e-11 3.049696e-11 2.429730e-14 8.610368e-11 max_cap782
 2.525753e-11 6.074575e-11 7.831539e-14 8.608159e-11 max_cap10380
 4.290696e-11 4.228086e-11 2.429730e-14 8.521212e-11 max_cap8706
 5.133928e-11 3.356051e-11 2.429730e-14 8.492410e-11 max_cap338
 3.817042e-11 4.661662e-11 2.429730e-14 8.481134e-11 _31844_
 4.735959e-11 3.680811e-11 2.429730e-14 8.419199e-11 max_cap11473
 3.890938e-11 4.389601e-11 2.429730e-14 8.282969e-11 max_cap11468
 3.816024e-11 4.459381e-11 2.429730e-14 8.277834e-11 _31843_
 1.209548e-11 6.962458e-11 3.848374e-13 8.210490e-11 wire420
 3.874983e-11 4.325220e-11 2.429730e-14 8.202633e-11 max_cap11470
 3.402560e-11 4.763950e-11 2.429730e-14 8.168941e-11 max_cap350
 2.520296e-11 5.611050e-11 7.834232e-14 8.139180e-11 max_cap10608
 3.851925e-11 4.236378e-11 2.429730e-14 8.090733e-11 max_cap11471
 5.159353e-11 2.861136e-11 2.429730e-14 8.022919e-11 max_cap538
 2.043161e-11 5.914217e-11 2.429730e-14 7.959808e-11 max_cap11932
 5.091548e-11 2.834730e-11 2.429730e-14 7.928708e-11 wire955
 1.069033e-11 6.815601e-11 7.834957e-14 7.892468e-11 fanout12087
 2.943818e-11 4.941759e-11 2.429730e-14 7.888007e-11 max_cap365
 4.287601e-11 3.440587e-11 2.429730e-14 7.730618e-11 max_cap1305
 2.009786e-11 5.716058e-11 2.429730e-14 7.728275e-11 wire11931
 3.772866e-11 3.859628e-11 2.429730e-14 7.634925e-11 _31840_
 3.772675e-11 3.849406e-11 2.429730e-14 7.624510e-11 _31841_
 6.611451e-11 8.435383e-12 8.581993e-13 7.540810e-11 fanout12158
 3.859418e-11 3.608992e-11 2.429730e-14 7.470841e-11 max_cap11469
 3.778489e-11 3.676238e-11 2.429730e-14 7.457157e-11 max_cap11464
 1.981865e-11 5.459003e-11 2.429730e-14 7.443299e-11 max_cap1177
 5.238859e-11 2.170558e-11 7.817165e-14 7.417235e-11 max_cap10873
 5.310278e-11 2.064167e-11 7.821552e-14 7.382267e-11 fanout10940
 1.070053e-11 6.296441e-11 7.834957e-14 7.374329e-11 fanout11988
 1.065306e-11 6.295796e-11 7.834956e-14 7.368936e-11 fanout12058
 4.373506e-11 2.959975e-11 6.343343e-14 7.339824e-11 _15275_
 3.426618e-11 3.843437e-11 2.429730e-14 7.272485e-11 hold5823
 2.913582e-11 4.344135e-11 2.429730e-14 7.260148e-11 max_cap266
 1.068457e-11 6.182459e-11 7.834963e-14 7.258751e-11 fanout12074
 2.861158e-11 4.357428e-11 2.429730e-14 7.221015e-11 max_cap366
 1.061392e-11 6.142635e-11 7.834960e-14 7.211861e-11 fanout12146
 1.067845e-11 6.121725e-11 7.834950e-14 7.197404e-11 fanout12104
 3.764447e-11 3.410450e-11 2.429730e-14 7.177327e-11 _31839_
 3.366586e-11 3.741992e-11 2.429730e-14 7.111008e-11 max_cap1225
 1.073116e-11 5.936519e-11 7.834956e-14 7.017470e-11 fanout12080
 2.031232e-11 4.810382e-11 2.429730e-14 6.844044e-11 max_cap11914
 1.613922e-11 5.149476e-11 2.429730e-14 6.765827e-11 hold5815
 1.069347e-11 5.670106e-11 7.834957e-14 6.747287e-11 fanout12030
 3.786937e-11 2.907227e-11 2.429730e-14 6.696594e-11 _31846_
 1.074628e-11 5.576285e-11 7.834953e-14 6.658747e-11 fanout12143
 1.073279e-11 5.500932e-11 7.834956e-14 6.582046e-11 fanout11985
 1.072400e-11 5.470889e-11 7.834957e-14 6.551124e-11 fanout12098
 1.068059e-11 5.468716e-11 7.834960e-14 6.544610e-11 fanout12073
 1.071437e-11 5.418738e-11 7.834960e-14 6.498010e-11 fanout11989
 3.751571e-11 2.723450e-11 2.429730e-14 6.477451e-11 _31842_
 5.181542e-11 1.193532e-11 7.827887e-14 6.382902e-11 fanout10129
 1.073676e-11 5.299480e-11 7.834953e-14 6.380992e-11 fanout12154
 1.072645e-11 5.274262e-11 7.834957e-14 6.354742e-11 fanout12100
 3.850860e-11 2.474758e-11 2.429730e-14 6.328049e-11 max_cap11463
 2.928047e-11 3.383444e-11 2.429730e-14 6.313922e-11 max_cap536
 4.606281e-11 1.697966e-11 2.429730e-14 6.306677e-11 max_cap10611
 2.034591e-11 4.254560e-11 2.429730e-14 6.291581e-11 wire11952
 3.801889e-11 2.477511e-11 2.429730e-14 6.281830e-11 wire10609
 1.075062e-11 5.196090e-11 7.834952e-14 6.278987e-11 fanout12117
 2.033951e-11 4.238905e-11 2.429730e-14 6.275286e-11 wire11937
 1.066281e-11 5.158135e-11 7.834962e-14 6.232250e-11 fanout12018
 1.077683e-11 5.145269e-11 7.834956e-14 6.230787e-11 fanout11983
 1.064997e-11 5.143941e-11 7.834956e-14 6.216773e-11 fanout12050
 1.794398e-11 4.406800e-11 6.752043e-14 6.207950e-11 max_cap439
 1.074828e-11 5.120162e-11 7.834957e-14 6.202824e-11 fanout12036
 2.936692e-11 3.262832e-11 2.429730e-14 6.201954e-11 wire363
 2.039999e-11 4.141144e-11 2.429730e-14 6.183572e-11 max_cap11925
 1.067771e-11 5.104200e-11 7.834960e-14 6.179806e-11 fanout12069
 3.345771e-11 2.803225e-11 2.429730e-14 6.151426e-11 max_cap1224
 1.067777e-11 5.015538e-11 7.834952e-14 6.091150e-11 fanout12052
 1.074549e-11 4.991391e-11 7.834950e-14 6.073774e-11 fanout12056
 1.070255e-11 4.993600e-11 7.834950e-14 6.071690e-11 fanout12129
 1.073285e-11 4.950496e-11 7.834957e-14 6.031615e-11 fanout12003
 1.065748e-11 4.951941e-11 7.834954e-14 6.025524e-11 fanout12086
 1.074414e-11 4.934178e-11 7.834948e-14 6.016427e-11 fanout12120
 1.074449e-11 4.931197e-11 7.834956e-14 6.013481e-11 fanout12001
 1.068703e-11 4.915604e-11 7.834957e-14 5.992142e-11 fanout12024
 1.073679e-11 4.905960e-11 7.834956e-14 5.987474e-11 fanout12032
 1.072637e-11 4.904627e-11 7.834950e-14 5.985099e-11 fanout12048
 1.070819e-11 4.903316e-11 7.834950e-14 5.981969e-11 fanout12140
 1.076116e-11 4.867715e-11 7.834956e-14 5.951666e-11 fanout12005
 1.069799e-11 4.872553e-11 7.834957e-14 5.950187e-11 fanout12033
 1.068724e-11 4.872704e-11 7.834957e-14 5.949262e-11 fanout12025
 1.074209e-11 4.864386e-11 7.834952e-14 5.946429e-11 fanout12111
 1.072187e-11 4.850599e-11 7.834952e-14 5.930621e-11 fanout12147
 1.074281e-11 4.814346e-11 7.834956e-14 5.896462e-11 fanout11986
 3.789479e-11 2.089005e-11 2.429730e-14 5.880914e-11 max_cap11489
 2.054224e-11 3.811345e-11 2.429730e-14 5.867999e-11 max_cap1175
 1.069917e-11 4.786704e-11 7.834957e-14 5.864456e-11 fanout11976
 1.073490e-11 4.778774e-11 7.834957e-14 5.860099e-11 fanout12000
 1.070707e-11 4.767930e-11 7.834953e-14 5.846472e-11 fanout12150
 1.073550e-11 4.760654e-11 7.834954e-14 5.842039e-11 fanout12112
 1.070363e-11 4.761325e-11 7.834960e-14 5.839523e-11 fanout12066
 1.071598e-11 4.757151e-11 7.834957e-14 5.836584e-11 fanout11987
 1.070400e-11 4.737886e-11 7.834957e-14 5.816121e-11 fanout12090
 1.074737e-11 4.721893e-11 7.834956e-14 5.804465e-11 fanout12156
 1.074356e-11 4.718984e-11 7.834956e-14 5.801175e-11 fanout11999
 1.078616e-11 4.710816e-11 7.834956e-14 5.797267e-11 fanout11981
 2.020147e-11 3.761117e-11 2.429730e-14 5.783694e-11 max_cap11927
 1.072278e-11 4.688459e-11 7.834956e-14 5.768572e-11 fanout12099
 1.077707e-11 4.681721e-11 7.834950e-14 5.767263e-11 fanout12121
 1.087294e-11 4.665586e-11 7.834959e-14 5.760715e-11 hold933
 1.071463e-11 4.679805e-11 7.834957e-14 5.759104e-11 fanout12072
 1.073621e-11 4.669874e-11 7.834957e-14 5.751330e-11 fanout12002
 1.077104e-11 4.653099e-11 7.834949e-14 5.738037e-11 fanout12105
 1.077062e-11 4.652725e-11 7.834953e-14 5.737622e-11 fanout11974
 1.070447e-11 4.633150e-11 7.834960e-14 5.711432e-11 fanout12065
 1.076956e-11 4.621901e-11 7.834957e-14 5.706692e-11 fanout12081
 1.075625e-11 4.622214e-11 7.834957e-14 5.705674e-11 fanout12039
 1.066220e-11 4.628177e-11 7.834962e-14 5.702232e-11 fanout12014
 1.810011e-11 3.877952e-11 7.841021e-14 5.695804e-11 max_cap448
 3.337006e-11 2.351167e-11 2.429730e-14 5.690603e-11 max_cap1226
 2.904123e-11 2.779743e-11 2.429730e-14 5.686296e-11 max_cap11495
 1.076062e-11 4.596569e-11 7.834952e-14 5.680465e-11 fanout12114
 1.079817e-11 4.556198e-11 7.834957e-14 5.643850e-11 fanout11990
 1.076641e-11 4.558656e-11 7.834956e-14 5.643132e-11 fanout12075
 3.335663e-11 2.281923e-11 2.429730e-14 5.620016e-11 wire1223
 1.076181e-11 4.526325e-11 7.834952e-14 5.610341e-11 fanout12116
 6.166776e-12 4.975342e-11 1.097000e-13 5.602990e-11 fanout11967
 1.113080e-11 4.487026e-11 2.429730e-14 5.602536e-11 wire657
 1.072966e-11 4.517983e-11 7.834960e-14 5.598783e-11 fanout12016
 1.071168e-11 4.513286e-11 7.834950e-14 5.592289e-11 fanout12138
 1.070549e-11 4.476345e-11 7.834960e-14 5.554729e-11 fanout12064
 1.079071e-11 4.411743e-11 7.834954e-14 5.498648e-11 fanout12152
 1.077875e-11 4.401716e-11 7.834956e-14 5.487425e-11 fanout12060
 1.079206e-11 4.399558e-11 7.834953e-14 5.486599e-11 fanout12126
 1.075626e-11 4.389940e-11 7.834950e-14 5.473401e-11 fanout12113
 1.070672e-11 4.360668e-11 7.834950e-14 5.439175e-11 fanout12130
 3.791217e-11 1.641666e-11 2.429730e-14 5.435314e-11 max_cap10098
 1.075515e-11 4.343328e-11 7.834960e-14 5.426678e-11 fanout12011
 1.079335e-11 4.339234e-11 7.834953e-14 5.426403e-11 fanout12127
 1.395011e-12 5.279407e-11 6.472044e-14 5.425380e-11 _20063_
 1.068759e-11 4.345590e-11 7.834956e-14 5.422184e-11 fanout12145
 1.070175e-11 4.343707e-11 7.834957e-14 5.421716e-11 fanout11978
 1.075326e-11 4.323639e-11 7.834956e-14 5.406800e-11 fanout12149
 1.076102e-11 4.321664e-11 7.834957e-14 5.405601e-11 fanout12015
 1.068769e-11 4.326601e-11 7.834956e-14 5.403205e-11 fanout12125
 1.070681e-11 4.309796e-11 7.834957e-14 5.388313e-11 fanout12089
 1.078211e-11 4.300336e-11 7.834956e-14 5.386382e-11 fanout11991
 1.077144e-11 4.295889e-11 7.834957e-14 5.380868e-11 fanout12076
 2.022226e-11 3.345093e-11 2.429730e-14 5.369749e-11 max_cap11950
 1.074087e-11 4.280433e-11 7.834957e-14 5.362355e-11 fanout12007
 1.070783e-11 4.283338e-11 7.834960e-14 5.361956e-11 fanout12077
 1.073285e-11 4.247912e-11 7.834960e-14 5.329032e-11 fanout12017
 1.077452e-11 4.230187e-11 7.834957e-14 5.315474e-11 fanout12095
 1.067925e-11 4.232090e-11 7.834960e-14 5.307850e-11 fanout12096
 1.074846e-11 4.215593e-11 7.834956e-14 5.298274e-11 fanout12027
 3.370370e-11 1.893127e-11 2.429730e-14 5.265926e-11 max_cap1141
 1.073515e-11 4.148948e-11 7.834950e-14 5.230298e-11 fanout12047
 1.075127e-11 4.146086e-11 7.834954e-14 5.229048e-11 fanout11973
 1.077221e-11 4.123615e-11 7.834950e-14 5.208671e-11 fanout12053
 1.067988e-11 4.115437e-11 7.834960e-14 5.191260e-11 fanout12070
 1.077236e-11 4.100535e-11 7.834957e-14 5.185606e-11 fanout12010
 1.072111e-11 4.077761e-11 7.834957e-14 5.157707e-11 fanout12061
 2.514759e-11 2.637708e-11 2.429730e-14 5.154897e-11 hold3632
 1.076720e-11 4.064216e-11 7.834957e-14 5.148771e-11 fanout12063
 1.074527e-11 4.060018e-11 7.834953e-14 5.142380e-11 fanout12022
 2.016403e-11 3.110355e-11 2.429730e-14 5.129187e-11 max_cap11922
 1.077346e-11 4.013759e-11 7.834953e-14 5.098940e-11 fanout12144
 1.113247e-11 3.963219e-11 2.429730e-14 5.078896e-11 max_cap11936
 1.077090e-11 3.980069e-11 7.834952e-14 5.064994e-11 fanout12122
 1.076672e-11 3.967318e-11 7.834957e-14 5.051825e-11 fanout12035
 1.813386e-11 3.214919e-11 1.639742e-13 5.044703e-11 fanout12124
 1.900240e-11 3.130125e-11 2.429730e-14 5.032795e-11 max_cap11421
 1.073905e-11 3.945695e-11 7.834957e-14 5.027435e-11 fanout12068
 1.075676e-11 3.858724e-11 7.834952e-14 4.942236e-11 fanout12110
 1.076109e-11 3.794247e-11 7.834956e-14 4.878191e-11 fanout12153
 1.077927e-11 3.779807e-11 7.834954e-14 4.865569e-11 fanout12088
 1.069045e-11 3.775487e-11 7.834956e-14 4.852366e-11 fanout12128
 1.072600e-11 3.759508e-11 7.834957e-14 4.839943e-11 fanout11984
 3.341344e-11 1.461970e-11 2.429730e-14 4.805744e-11 max_cap349
 1.074106e-11 3.692949e-11 7.834950e-14 4.774891e-11 fanout12133
 1.144492e-11 3.585223e-11 2.429730e-14 4.732145e-11 hold1852
 1.077136e-11 3.636494e-11 7.834950e-14 4.721465e-11 fanout12115
 1.071187e-11 3.629707e-11 7.834952e-14 4.708728e-11 fanout12044
 2.909044e-11 1.760036e-11 2.429730e-14 4.671509e-11 max_cap364
 2.480847e-11 2.173775e-11 2.429730e-14 4.657053e-11 max_cap5627
 1.073379e-11 3.552722e-11 7.834960e-14 4.633937e-11 fanout11993
 1.790858e-11 2.761082e-11 7.841044e-14 4.559780e-11 max_cap663
 1.074986e-11 3.467769e-11 7.834954e-14 4.550590e-11 fanout12083
 1.569635e-11 2.867025e-11 2.429730e-14 4.439090e-11 max_cap10395
 2.010111e-11 2.239765e-11 2.429730e-14 4.252306e-11 max_cap1176
 1.138251e-11 3.108405e-11 2.429730e-14 4.249086e-11 wire587
 1.071515e-11 3.118207e-11 7.834952e-14 4.197557e-11 fanout12045
 2.059072e-11 2.059710e-11 2.429730e-14 4.121211e-11 wire411
 1.188999e-11 2.866501e-11 3.848377e-13 4.093984e-11 wire421
 1.567433e-11 2.504088e-11 2.429730e-14 4.073951e-11 max_cap613
 2.056484e-11 1.932865e-11 2.429730e-14 3.991779e-11 max_cap412
 1.129680e-11 2.852001e-11 2.429730e-14 3.984111e-11 max_cap720
 2.063599e-12 3.750643e-11 2.429730e-14 3.959432e-11 wire11432
 1.576578e-11 2.324693e-11 2.429730e-14 3.903701e-11 max_cap5656
 2.054010e-12 3.674170e-11 2.429730e-14 3.882000e-11 wire11428
 1.080479e-11 2.775349e-11 7.832766e-14 3.863660e-11 wire10574
 1.592151e-11 2.206506e-11 2.429730e-14 3.801087e-11 max_cap1077
 1.181923e-11 2.565067e-11 3.848374e-13 3.785474e-11 wire133
 1.127603e-11 2.641910e-11 2.429730e-14 3.771942e-11 max_cap1028
 1.973263e-11 1.707906e-11 2.429730e-14 3.683599e-11 max_cap413
 1.583683e-11 2.013156e-11 2.429730e-14 3.599269e-11 max_cap5655
 1.080189e-11 2.502393e-11 7.834224e-14 3.590417e-11 max_cap10654
 1.081703e-11 2.455505e-11 7.834720e-14 3.545043e-11 max_cap10011
 1.127807e-11 2.379017e-11 2.429730e-14 3.509254e-11 max_cap722
 1.080828e-11 2.406174e-11 7.834708e-14 3.494836e-11 max_cap10775
 6.313593e-12 2.830996e-11 1.097000e-13 3.473325e-11 hold5421
 1.119835e-11 2.328300e-11 2.429730e-14 3.450565e-11 wire11912
 1.140227e-11 2.268358e-11 2.429730e-14 3.411015e-11 max_cap5816
 1.967470e-11 1.390875e-11 2.429730e-14 3.360775e-11 wire409
 2.058014e-11 1.297436e-11 2.429730e-14 3.357880e-11 wire8823
 2.007046e-11 1.313809e-11 2.429730e-14 3.323285e-11 max_cap1174
 1.139206e-11 2.175446e-11 2.429730e-14 3.317082e-11 max_cap723
 1.084812e-11 2.142357e-11 7.828857e-14 3.234997e-11 max_cap9994
 1.103581e-11 2.117384e-11 2.429730e-14 3.223394e-11 max_cap375
 2.047835e-11 1.081536e-11 2.429730e-14 3.131800e-11 wire8822
 1.581146e-11 1.538247e-11 2.429730e-14 3.121823e-11 max_cap1076
 1.127234e-11 1.962888e-11 2.429730e-14 3.092551e-11 max_cap374
 1.121872e-11 1.922637e-11 2.429730e-14 3.046939e-11 wire1026
 1.998614e-11 1.035702e-11 2.429730e-14 3.036746e-11 wire8824
 2.050835e-11 9.818563e-12 2.429730e-14 3.035120e-11 wire8825
 1.121987e-11 1.881619e-11 2.429730e-14 3.006035e-11 max_cap1034
 1.992746e-11 9.194596e-12 2.429730e-14 2.914635e-11 max_cap8826
 1.955827e-11 9.397581e-12 2.429730e-14 2.898014e-11 max_cap410
 1.571383e-11 1.320369e-11 2.429730e-14 2.894181e-11 max_cap10396
 2.399738e-11 4.641664e-12 7.833744e-14 2.871738e-11 max_cap10856
 1.124151e-11 1.743964e-11 2.429730e-14 2.870544e-11 max_cap721
 1.128399e-11 1.734470e-11 2.429730e-14 2.865299e-11 max_cap373
 1.570697e-11 1.284229e-11 2.429730e-14 2.857355e-11 max_cap612
 6.165213e-12 2.211548e-11 1.642802e-13 2.844497e-11 fanout703
 1.077597e-11 1.738210e-11 7.828131e-14 2.823636e-11 max_cap10638
 6.669091e-12 2.142998e-11 2.429730e-14 2.812336e-11 fanout12037
 6.903679e-12 2.106743e-11 2.429730e-14 2.799540e-11 hold10734
 1.569589e-11 1.224022e-11 2.429730e-14 2.796040e-11 wire611
 1.077637e-11 1.683160e-11 7.834224e-14 2.768631e-11 max_cap10655
 6.658225e-12 2.062117e-11 2.429730e-14 2.730369e-11 fanout12084
 6.673847e-12 1.980804e-11 2.429730e-14 2.650618e-11 fanout12091
 1.084921e-11 1.479493e-11 7.828863e-14 2.572244e-11 max_cap9995
 1.119569e-11 1.437872e-11 2.429730e-14 2.559870e-11 max_cap719
 1.070102e-11 1.464334e-11 7.834960e-14 2.542271e-11 fanout12041
 1.125813e-11 1.353512e-11 2.429730e-14 2.481755e-11 max_cap724
 6.838290e-12 1.747505e-11 2.429730e-14 2.433764e-11 hold11017
 1.569209e-11 8.558031e-12 2.429730e-14 2.427441e-11 max_cap733
 1.141383e-11 1.273382e-11 2.429730e-14 2.417194e-11 max_cap8693
 1.126247e-11 1.242571e-11 2.429730e-14 2.371248e-11 max_cap973
 6.595534e-12 1.704255e-11 2.429730e-14 2.366238e-11 max_cap100
 1.118216e-11 1.182947e-11 2.429730e-14 2.303593e-11 max_cap1027
 1.574021e-11 7.129605e-12 2.429730e-14 2.289412e-11 hold2436
 6.729203e-12 1.595787e-11 2.429730e-14 2.271137e-11 max_cap99
 1.129958e-11 1.051993e-11 2.429730e-14 2.184381e-11 max_cap937
 2.116257e-12 1.949237e-11 2.429730e-14 2.163292e-11 wire11960
 1.124629e-11 1.034834e-11 2.429730e-14 2.161893e-11 max_cap372
 6.834454e-12 1.454859e-11 2.429730e-14 2.140734e-11 max_cap78
 6.817802e-12 1.431166e-11 2.429730e-14 2.115376e-11 max_cap325
 6.800191e-12 1.403405e-11 2.429730e-14 2.085854e-11 max_cap286
 6.731022e-12 1.374808e-11 2.429730e-14 2.050340e-11 wire5640
 2.139702e-12 1.826208e-11 2.429730e-14 2.042608e-11 max_cap8840
 2.121846e-12 1.822008e-11 2.429730e-14 2.036622e-11 wire11429
 1.120339e-11 9.128843e-12 2.429730e-14 2.035653e-11 max_cap1025
 3.606761e-12 1.653499e-11 6.752040e-14 2.020927e-11 max_cap11959
 1.120316e-11 8.802394e-12 2.429730e-14 2.002985e-11 max_cap838
 1.131515e-11 8.468351e-12 2.429730e-14 1.980780e-11 max_cap972
 1.123082e-11 8.262061e-12 2.429730e-14 1.951717e-11 max_cap839
 6.774809e-12 1.270791e-11 2.429730e-14 1.950702e-11 wire10145
 6.794274e-12 1.236750e-11 2.429730e-14 1.918607e-11 max_cap10147
 6.115557e-12 1.281551e-11 1.097000e-13 1.904077e-11 fanout11963
 6.768198e-12 1.184991e-11 2.429730e-14 1.864241e-11 max_cap10146
 2.143419e-12 1.623712e-11 2.429730e-14 1.840484e-11 wire11427
 2.139568e-12 1.620077e-11 2.429730e-14 1.836463e-11 wire11965
 6.751196e-12 1.140693e-11 2.429730e-14 1.818242e-11 max_cap5639
 3.622685e-12 1.442704e-11 7.841033e-14 1.812813e-11 wire983
 3.556227e-12 1.448262e-11 6.752040e-14 1.810637e-11 wire11962
 6.883092e-12 1.118869e-11 2.429730e-14 1.809608e-11 wire570
 6.817156e-12 1.124780e-11 2.429730e-14 1.808925e-11 max_cap682
 6.784332e-12 1.054500e-11 2.429730e-14 1.735363e-11 max_cap1245
 6.808313e-12 1.014948e-11 2.429730e-14 1.698209e-11 max_cap607
 6.740573e-12 9.744866e-12 2.429730e-14 1.650974e-11 max_cap685
 6.774384e-12 9.683015e-12 2.429730e-14 1.648170e-11 wire680
 2.131641e-12 1.425572e-11 2.429730e-14 1.641166e-11 wire8838
 1.124123e-11 5.010651e-12 2.429730e-14 1.627618e-11 max_cap936
 2.195357e-12 1.395024e-11 2.429730e-14 1.616990e-11 wire11430
 1.110464e-11 5.022825e-12 2.429730e-14 1.615176e-11 max_cap1033
 6.649223e-12 9.110162e-12 2.429730e-14 1.578368e-11 max_cap326
 6.877875e-12 8.856186e-12 2.429730e-14 1.575836e-11 wire683
 6.713349e-12 8.943311e-12 2.429730e-14 1.568096e-11 max_cap586
 6.607962e-12 8.952234e-12 2.429730e-14 1.558449e-11 max_cap96
 6.608075e-12 8.878495e-12 2.429730e-14 1.551087e-11 wire95
 1.053940e-11 4.856181e-12 7.834711e-14 1.547393e-11 max_cap10955
 2.139144e-12 1.301749e-11 2.429730e-14 1.518093e-11 max_cap11964
 6.743096e-12 8.199337e-12 2.429730e-14 1.496673e-11 max_cap285
 6.702830e-12 8.236142e-12 2.429730e-14 1.496327e-11 max_cap79
 6.828976e-12 8.028782e-12 2.429730e-14 1.488205e-11 max_cap573
 2.144667e-12 1.217876e-11 2.429730e-14 1.434772e-11 max_cap11426
 6.768107e-12 7.482331e-12 2.429730e-14 1.427474e-11 max_cap1244
 3.621178e-12 1.045346e-11 7.841035e-14 1.415305e-11 max_cap223
 6.629149e-12 7.402662e-12 2.429730e-14 1.405611e-11 max_cap642
 2.153804e-12 1.179092e-11 2.429730e-14 1.396902e-11 max_cap11425
 1.044818e-11 3.363033e-12 7.831064e-14 1.388952e-11 max_cap10096
 6.149144e-12 7.475142e-12 1.097000e-13 1.373399e-11 fanout11966
 6.720429e-12 6.728634e-12 2.429730e-14 1.347336e-11 wire284
 6.782794e-12 6.626749e-12 2.429730e-14 1.343384e-11 max_cap287
 3.626436e-12 9.600901e-12 7.841014e-14 1.330575e-11 max_cap653
 3.625648e-12 9.477297e-12 6.752040e-14 1.317047e-11 max_cap859
 3.614770e-12 9.179451e-12 7.841026e-14 1.287263e-11 max_cap655
 6.703691e-12 6.137621e-12 2.429730e-14 1.286561e-11 wire684
 3.607517e-12 8.845394e-12 7.841038e-14 1.253132e-11 max_cap661
 6.801364e-12 5.692688e-12 2.429730e-14 1.251835e-11 max_cap641
 6.718615e-12 5.690919e-12 2.429730e-14 1.243383e-11 max_cap571
 6.658670e-12 5.575807e-12 2.429730e-14 1.225877e-11 wire75
 2.180011e-12 1.001577e-11 2.429730e-14 1.222008e-11 max_cap11441
 6.687467e-12 5.289213e-12 2.429730e-14 1.200098e-11 max_cap77
 6.687138e-12 5.271475e-12 2.429730e-14 1.198291e-11 wire76
 2.177608e-12 9.612852e-12 2.429730e-14 1.181476e-11 max_cap11439
 2.163609e-12 9.610266e-12 2.429730e-14 1.179817e-11 max_cap5870
 3.589192e-12 8.105066e-12 7.841041e-14 1.177267e-11 max_cap581
 6.716284e-12 5.011352e-12 2.429730e-14 1.175193e-11 max_cap681
 6.669326e-12 4.983703e-12 2.429730e-14 1.167733e-11 max_cap98
 2.190074e-12 9.338646e-12 2.429730e-14 1.155302e-11 max_cap11442
 2.210436e-12 9.301015e-12 2.429730e-14 1.153575e-11 max_cap11915
 3.575717e-12 7.866364e-12 6.752040e-14 1.150960e-11 max_cap11424
 2.227577e-12 9.041989e-12 2.429730e-14 1.129386e-11 max_cap11924
 6.743260e-12 4.391914e-12 2.429730e-14 1.115947e-11 max_cap585
 6.747474e-12 4.227734e-12 2.429730e-14 1.099951e-11 max_cap574
 6.727692e-12 4.204203e-12 2.429730e-14 1.095619e-11 max_cap197
 3.601034e-12 7.260568e-12 7.841033e-14 1.094001e-11 max_cap258
 2.233320e-12 8.661994e-12 2.429730e-14 1.091961e-11 wire11941
 6.655262e-12 4.226832e-12 2.429730e-14 1.090639e-11 wire97
 6.724211e-12 4.113231e-12 2.429730e-14 1.086174e-11 max_cap196
 6.846689e-12 3.985335e-12 2.429730e-14 1.085632e-11 wire583
 6.749956e-12 4.079096e-12 2.429730e-14 1.085335e-11 max_cap5728
 6.745510e-12 4.064118e-12 2.429730e-14 1.083392e-11 wire572
 6.716904e-12 3.936609e-12 2.429730e-14 1.067781e-11 max_cap679
 2.174094e-12 8.441840e-12 2.429730e-14 1.064023e-11 wire8837
 3.631952e-12 6.938239e-12 6.752040e-14 1.063771e-11 wire1169
 2.206979e-12 8.381496e-12 2.429730e-14 1.061277e-11 wire1173
 6.730992e-12 3.744302e-12 2.429730e-14 1.049959e-11 wire584
 2.267561e-12 8.176613e-12 2.429730e-14 1.046847e-11 max_cap11919
 6.852686e-12 3.379137e-12 2.429730e-14 1.025612e-11 wire323
 2.148776e-12 7.966435e-12 2.429730e-14 1.013951e-11 max_cap8841
 3.630067e-12 6.131378e-12 6.752040e-14 9.828966e-12 wire1170
 3.600213e-12 6.153517e-12 6.752040e-14 9.821251e-12 wire1171
 6.613614e-12 2.620467e-12 2.429730e-14 9.258379e-12 max_cap324
 2.241182e-12 6.899736e-12 2.429730e-14 9.165215e-12 max_cap250
 2.191793e-12 6.866380e-12 2.429730e-14 9.082471e-12 max_cap11961
 6.587692e-12 2.340419e-12 2.429730e-14 8.952409e-12 max_cap5641
 2.205235e-12 6.630605e-12 2.429730e-14 8.860138e-12 max_cap11438
 2.267821e-12 6.441674e-12 2.429730e-14 8.733791e-12 wire431
 2.259282e-12 6.315144e-12 2.429730e-14 8.598723e-12 wire11945
 2.251277e-12 6.198757e-12 2.429730e-14 8.474331e-12 max_cap676
 2.248043e-12 6.070600e-12 2.429730e-14 8.342940e-12 wire1167
 2.256393e-12 6.054067e-12 2.429730e-14 8.334757e-12 wire11935
 2.238491e-12 5.832348e-12 2.429730e-14 8.095136e-12 wire11910
 2.240774e-12 5.808382e-12 2.429730e-14 8.073453e-12 wire1166
 2.235572e-12 5.766911e-12 2.429730e-14 8.026780e-12 max_cap11420
 2.262150e-12 5.738853e-12 2.429730e-14 8.025301e-12 max_cap11930
 2.253978e-12 5.661021e-12 2.429730e-14 7.939297e-12 max_cap1059
 2.296657e-12 5.605433e-12 2.429730e-14 7.926387e-12 wire552
 2.244111e-12 5.594148e-12 2.429730e-14 7.862556e-12 max_cap551
 2.221138e-12 5.566251e-12 2.429730e-14 7.811686e-12 wire1172
 2.262807e-12 5.446402e-12 2.429730e-14 7.733507e-12 max_cap11934
 2.182082e-12 5.487863e-12 2.429730e-14 7.694242e-12 max_cap8839
 2.251596e-12 5.374359e-12 2.429730e-14 7.650252e-12 max_cap11909
 2.257527e-12 5.343578e-12 2.429730e-14 7.625403e-12 wire11946
 2.222736e-12 5.351856e-12 2.429730e-14 7.598889e-12 wire11918
 2.252706e-12 5.168643e-12 2.429730e-14 7.445647e-12 max_cap476
 2.273285e-12 5.140958e-12 2.429730e-14 7.438540e-12 wire11940
 2.238104e-12 5.167549e-12 2.429730e-14 7.429950e-12 max_cap11944
 2.260455e-12 5.096365e-12 2.429730e-14 7.381117e-12 wire198
 2.256015e-12 5.100195e-12 2.429730e-14 7.380507e-12 wire466
 2.239690e-12 5.085128e-12 2.429730e-14 7.349115e-12 max_cap302
 2.244869e-12 5.001787e-12 2.429730e-14 7.270953e-12 max_cap549
 2.291153e-12 4.952741e-12 2.429730e-14 7.268191e-12 max_cap667
 2.243741e-12 4.988105e-12 2.429730e-14 7.256143e-12 max_cap166
 2.277070e-12 4.884330e-12 2.429730e-14 7.185697e-12 max_cap173
 2.225686e-12 4.899029e-12 2.429730e-14 7.149012e-12 max_cap11440
 2.244116e-12 4.715016e-12 2.429730e-14 6.983429e-12 wire11933
 2.248924e-12 4.695899e-12 2.429730e-14 6.969121e-12 max_cap11436
 2.263989e-12 4.634443e-12 2.429730e-14 6.922729e-12 max_cap1060
 2.267780e-12 4.550130e-12 2.429730e-14 6.842207e-12 max_cap11954
 2.227897e-12 4.579400e-12 2.429730e-14 6.831594e-12 wire11938
 2.239759e-12 4.484775e-12 2.429730e-14 6.748832e-12 max_cap216
 2.245832e-12 4.458459e-12 2.429730e-14 6.728588e-12 max_cap8835
 5.804272e-12 7.956378e-13 1.097000e-13 6.709610e-12 fanout11972
 2.245194e-12 4.364571e-12 2.429730e-14 6.634062e-12 wire11917
 2.241542e-12 4.347438e-12 2.429730e-14 6.613278e-12 max_cap1058
 2.234229e-12 4.268720e-12 2.429730e-14 6.527246e-12 max_cap11437
 2.243119e-12 4.112439e-12 2.429730e-14 6.379855e-12 max_cap11929
 2.239652e-12 4.105597e-12 2.429730e-14 6.369546e-12 max_cap945
 2.263557e-12 4.012175e-12 2.429730e-14 6.300030e-12 wire830
 2.262752e-12 3.923579e-12 2.429730e-14 6.210629e-12 max_cap531
 2.264924e-12 3.876489e-12 2.429730e-14 6.165710e-12 max_cap1050
 2.251474e-12 3.859296e-12 2.429730e-14 6.135067e-12 max_cap11951
 2.266382e-12 3.725069e-12 2.429730e-14 6.015749e-12 max_cap1041
 2.235026e-12 3.556337e-12 2.429730e-14 5.815661e-12 wire11926
 2.270850e-12 3.437511e-12 2.429730e-14 5.732659e-12 max_cap832
 2.255282e-12 3.387052e-12 2.429730e-14 5.666631e-12 max_cap1051
 2.274163e-12 3.278619e-12 2.429730e-14 5.577080e-12 max_cap11953
 2.270421e-12 3.240024e-12 2.429730e-14 5.534743e-12 max_cap1042
 2.157965e-12 3.304916e-12 2.429730e-14 5.487178e-12 max_cap11431
 2.269503e-12 3.172300e-12 2.429730e-14 5.466101e-12 max_cap861
 2.270927e-12 3.158930e-12 2.429730e-14 5.454154e-12 max_cap534
 2.249468e-12 3.075457e-12 2.429730e-14 5.349223e-12 max_cap1044
 2.268485e-12 3.009609e-12 2.429730e-14 5.302392e-12 max_cap1043
 2.220218e-12 2.833069e-12 2.429730e-14 5.077585e-12 max_cap8836
 2.248482e-12 2.650468e-12 2.429730e-14 4.923248e-12 max_cap1045
 2.259310e-12 2.613054e-12 2.429730e-14 4.896661e-12 max_cap831
 2.289721e-12 2.578189e-12 2.429730e-14 4.892208e-12 max_cap1031
 2.287038e-12 2.570524e-12 2.429730e-14 4.881859e-12 max_cap486
 2.288624e-12 2.436141e-12 2.429730e-14 4.749062e-12 max_cap1057
 2.216911e-12 2.448023e-12 2.429730e-14 4.689232e-12 max_cap11958
 2.251920e-12 2.382320e-12 2.429730e-14 4.658538e-12 max_cap1040
 2.240221e-12 2.293232e-12 2.429730e-14 4.557750e-12 max_cap872
 2.252519e-12 2.178593e-12 2.429730e-14 4.455410e-12 max_cap970
 2.280075e-12 2.129491e-12 2.429730e-14 4.433864e-12 max_cap860
 2.243901e-12 2.152941e-12 2.429730e-14 4.421140e-12 max_cap944
 2.266289e-12 2.122750e-12 2.429730e-14 4.413336e-12 max_cap8743
 2.270569e-12 2.094285e-12 2.429730e-14 4.389151e-12 max_cap939
 2.234060e-12 2.078948e-12 2.429730e-14 4.337306e-12 max_cap666
 2.263778e-12 2.046736e-12 2.429730e-14 4.334812e-12 max_cap8790
 2.254271e-12 2.039880e-12 2.429730e-14 4.318449e-12 max_cap668
 2.274642e-12 1.974608e-12 2.429730e-14 4.273547e-12 max_cap530
 2.247239e-12 1.884883e-12 2.429730e-14 4.156420e-12 wire969
 2.239059e-12 1.786492e-12 2.429730e-14 4.049849e-12 max_cap1020
 2.268965e-12 1.619716e-12 2.429730e-14 3.912978e-12 max_cap943
 2.264013e-12 1.550831e-12 2.429730e-14 3.839141e-12 max_cap1056
 2.236079e-12 1.560794e-12 2.429730e-14 3.821171e-12 max_cap441
 2.245225e-12 1.542099e-12 2.429730e-14 3.811622e-12 max_cap1024
 2.235753e-12 1.544829e-12 2.429730e-14 3.804880e-12 wire440
 2.245299e-12 1.519179e-12 2.429730e-14 3.788775e-12 max_cap443
 2.241059e-12 1.500432e-12 2.429730e-14 3.765788e-12 max_cap474
 2.262676e-12 1.466118e-12 2.429730e-14 3.753092e-12 max_cap871
 2.243940e-12 1.478008e-12 2.429730e-14 3.746246e-12 max_cap475
 2.264484e-12 1.438323e-12 2.429730e-14 3.727104e-12 max_cap597
 2.233436e-12 1.450793e-12 2.429730e-14 3.708527e-12 max_cap1049
 2.260933e-12 1.315588e-12 2.429730e-14 3.600819e-12 wire11939
 2.251574e-12 1.290694e-12 2.429730e-14 3.566565e-12 max_cap1039
 2.263535e-12 1.268179e-12 2.429730e-14 3.556011e-12 max_cap485
 2.238669e-12 1.263563e-12 2.429730e-14 3.526529e-12 max_cap1023
 2.239297e-12 1.213682e-12 2.429730e-14 3.477276e-12 max_cap533
 2.231122e-12 1.157386e-12 2.429730e-14 3.412806e-12 max_cap496
 2.231183e-12 1.040508e-12 2.429730e-14 3.295989e-12 wire442
 2.250255e-12 1.014369e-12 2.429730e-14 3.288921e-12 max_cap968
 2.241266e-12 9.977761e-13 2.429730e-14 3.263339e-12 max_cap1030
 2.241456e-12 8.597450e-13 2.429730e-14 3.125498e-12 max_cap493
 2.216416e-12 6.885385e-13 2.429730e-14 2.929252e-12 max_cap454
 1.440454e-17 6.685331e-17 8.587433e-13 8.588245e-13 fanout12347
 7.111986e-18 4.573409e-17 3.842156e-13 3.842685e-13 fanout12340
 7.088241e-18 2.977021e-17 3.842151e-13 3.842520e-13 fanout12306
 7.079347e-18 2.890143e-17 2.328832e-13 2.329191e-13 fanout12414
 7.078601e-18 2.859672e-17 2.328832e-13 2.329188e-13 fanout12376
 7.076053e-18 2.764962e-17 2.328832e-13 2.329179e-13 fanout12356
 3.721172e-18 2.314665e-17 1.640548e-13 1.640817e-13 fanout12302
 3.717695e-18 2.250062e-17 1.640551e-13 1.640813e-13 fanout12339
 3.706880e-18 1.930362e-17 1.640548e-13 1.640778e-13 fanout12301
 3.703551e-18 1.879627e-17 1.640551e-13 1.640776e-13 fanout12322
 3.699872e-18 1.675836e-17 1.640551e-13 1.640756e-13 fanout12345
 3.701700e-18 1.673840e-17 1.640550e-13 1.640754e-13 fanout12309
 3.701810e-18 1.674331e-17 1.640548e-13 1.640752e-13 fanout12304
 3.691941e-18 1.575043e-17 1.640551e-13 1.640746e-13 fanout12313
 3.696382e-18 1.579838e-17 1.640550e-13 1.640744e-13 fanout12338
 3.705792e-18 1.536361e-17 1.640550e-13 1.640740e-13 fanout12300
 3.699921e-18 1.480026e-17 1.640550e-13 1.640735e-13 fanout12331
 3.692193e-18 1.434271e-17 1.640550e-13 1.640730e-13 fanout12335
 3.698061e-18 1.313000e-17 1.640548e-13 1.640717e-13 fanout12332
 3.720805e-18 2.497172e-17 1.099441e-13 1.099727e-13 fanout12381
 3.719177e-18 2.337557e-17 1.099441e-13 1.099712e-13 fanout12397
 3.714434e-18 2.111340e-17 1.099441e-13 1.099689e-13 fanout12396
 3.712791e-18 2.067276e-17 1.099441e-13 1.099685e-13 fanout12352
 3.711999e-18 2.025545e-17 1.099441e-13 1.099680e-13 fanout12380
 3.712849e-18 1.989498e-17 1.099442e-13 1.099678e-13 fanout12355
 3.711920e-18 1.936168e-17 1.099442e-13 1.099672e-13 fanout12399
 3.709636e-18 1.918500e-17 1.099441e-13 1.099670e-13 fanout12374
 3.711722e-18 1.904678e-17 1.099442e-13 1.099669e-13 fanout12375
 3.708824e-18 1.898466e-17 1.099441e-13 1.099668e-13 fanout12354
 3.713067e-18 1.914614e-17 1.099439e-13 1.099668e-13 fanout12390
 3.710930e-18 1.881219e-17 1.099441e-13 1.099666e-13 fanout12405
 3.710861e-18 1.878744e-17 1.099441e-13 1.099666e-13 fanout12408
 3.703666e-18 1.860471e-17 1.099441e-13 1.099664e-13 fanout12382
 3.710611e-18 1.839335e-17 1.099442e-13 1.099663e-13 fanout12403
 3.711166e-18 1.834581e-17 1.099442e-13 1.099662e-13 fanout12353
 3.708857e-18 1.821398e-17 1.099441e-13 1.099660e-13 fanout12412
 3.706069e-18 1.789751e-17 1.099441e-13 1.099657e-13 fanout12368
 3.707545e-18 1.766303e-17 1.099441e-13 1.099654e-13 fanout12410
 3.710558e-18 1.736437e-17 1.099441e-13 1.099651e-13 fanout12401
 3.711823e-18 1.715652e-17 1.099441e-13 1.099649e-13 fanout12404
 3.710030e-18 1.706714e-17 1.099441e-13 1.099648e-13 fanout12377
 3.708137e-18 1.680709e-17 1.099441e-13 1.099646e-13 fanout12358
 3.704604e-18 1.675510e-17 1.099441e-13 1.099645e-13 fanout12373
 3.708025e-18 1.669434e-17 1.099440e-13 1.099644e-13 fanout12357
 3.704098e-18 1.635535e-17 1.099442e-13 1.099642e-13 fanout12349
 3.704152e-18 1.619617e-17 1.099441e-13 1.099640e-13 fanout12407
 3.697110e-18 1.578706e-17 1.099442e-13 1.099636e-13 fanout12362
 3.693943e-18 1.561868e-17 1.099441e-13 1.099634e-13 fanout12378
 3.696700e-18 1.559294e-17 1.099441e-13 1.099633e-13 fanout12384
 3.707017e-18 1.547625e-17 1.099441e-13 1.099633e-13 fanout12364
 3.715498e-18 1.540586e-17 1.099439e-13 1.099630e-13 fanout12391
 3.705552e-18 1.461938e-17 1.099442e-13 1.099625e-13 fanout12400
 3.692370e-18 1.458439e-17 1.099442e-13 1.099624e-13 fanout12360
 3.701895e-18 1.484433e-17 1.099439e-13 1.099624e-13 fanout12394
 3.702474e-18 1.464230e-17 1.099441e-13 1.099624e-13 fanout12387
 2.039123e-18 3.541636e-17 7.836565e-14 7.840310e-14 fanout12323
 2.099719e-18 2.408392e-17 7.836568e-14 7.839186e-14 fanout12318
 2.138133e-18 1.404099e-17 7.836565e-14 7.838183e-14 fanout12326
 2.143480e-18 1.304761e-17 7.836565e-14 7.838084e-14 fanout12324
 2.129199e-18 1.285962e-17 7.836575e-14 7.838074e-14 fanout12336
 2.137428e-18 1.200421e-17 7.836571e-14 7.837985e-14 fanout12329
 2.140130e-18 1.166625e-17 7.836571e-14 7.837951e-14 fanout12321
 2.137306e-18 1.104780e-17 7.836569e-14 7.837888e-14 fanout12328
 2.137837e-18 1.102704e-17 7.836571e-14 7.837887e-14 fanout12333
 2.140900e-18 1.076494e-17 7.836571e-14 7.837861e-14 fanout12317
 2.139289e-18 1.006602e-17 7.836569e-14 7.837790e-14 fanout12320
 2.130168e-18 9.487762e-18 7.836565e-14 7.837727e-14 fanout12314
 5.806491e-16 2.108663e-15 6.849024e-14 7.117955e-14 wire12426
 5.926823e-16 1.164042e-15 6.849050e-14 7.024723e-14 input10
 2.139889e-18 1.113107e-17 6.756911e-14 6.758237e-14 fanout12369
 2.137755e-18 9.586333e-18 6.756912e-14 6.758084e-14 fanout12350
 2.145358e-18 9.275097e-18 6.756911e-14 6.758052e-14 fanout12365
 2.134000e-18 8.281408e-18 6.756911e-14 6.757952e-14 fanout12406
 2.144665e-18 8.253092e-18 6.756910e-14 6.757949e-14 fanout12411
 2.161688e-18 7.924150e-18 6.756907e-14 6.757915e-14 fanout12392
 2.137341e-18 7.254163e-18 6.756907e-14 6.757846e-14 fanout12393
 2.129421e-18 7.058899e-18 6.756911e-14 6.757829e-14 fanout12379
 2.143755e-18 6.768137e-18 6.756910e-14 6.757801e-14 fanout12388
 2.178588e-18 6.201931e-18 6.756915e-14 6.757753e-14 wire12416
 1.481033e-18 3.032984e-18 6.756915e-14 6.757366e-14 input9
 2.210067e-15 1.229741e-14 2.429730e-14 3.880478e-14 wire12417
 2.406334e-15 4.955461e-15 2.429730e-14 3.165909e-14 input8
 6.495057e-16 1.714200e-15 2.429730e-14 2.666100e-14 input3
 5.545355e-16 1.622631e-15 2.429730e-14 2.647447e-14 wire12423
 5.647217e-16 1.347680e-15 2.429730e-14 2.620970e-14 wire12421
 5.707503e-16 1.270177e-15 2.429730e-14 2.613823e-14 wire12427
 5.951664e-16 1.080989e-15 2.429730e-14 2.597346e-14 input4
 6.084484e-16 8.688734e-16 2.429730e-14 2.577462e-14 wire12422
 5.817384e-16 8.316905e-16 2.429730e-14 2.571073e-14 input2
 5.955948e-16 7.646591e-16 2.429730e-14 2.565755e-14 input1
 5.072126e-16 6.428386e-16 2.429730e-14 2.544735e-14 input5
 3.158037e-16 7.054463e-16 2.429730e-14 2.531855e-14 input7
 2.722722e-16 4.790653e-16 2.429730e-14 2.504864e-14 input6
 1.305511e-18 6.696094e-18 2.429730e-14 2.430530e-14 fanout12316
 0.000000e+00 1.185875e-18 2.429730e-14 2.429849e-14 wire12425
 4.453687e-19 4.166717e-19 2.429730e-14 2.429816e-14 max_cap12424
 0.000000e+00 0.000000e+00 2.429730e-14 2.429730e-14 input11
