     Internal    Switching      Leakage        Total
        Power        Power        Power        Power (Watts)
----------------------------------------------------
 1.675516e-06 4.742828e-06 8.414927e-11 6.418427e-06 clkbuf_0_core_clk
 8.310666e-07 4.767769e-06 4.547750e-11 5.598882e-06 clkbuf_2_0_0_core_clk
 8.304853e-07 4.596695e-06 4.547750e-11 5.427226e-06 clkbuf_2_3_0_core_clk
 8.301067e-07 4.477922e-06 4.547750e-11 5.308074e-06 clkbuf_2_1_0_core_clk
 8.293882e-07 4.257638e-06 4.547750e-11 5.087071e-06 clkbuf_2_2_0_core_clk
 1.651881e-06 3.363504e-06 8.414927e-11 5.015469e-06 clkbuf_5_4__f_core_clk
 1.649265e-06 3.158955e-06 8.414927e-11 4.808304e-06 clkbuf_5_3__f_core_clk
 1.648398e-06 3.091266e-06 8.414927e-11 4.739748e-06 clkbuf_5_0__f_core_clk
 1.648751e-06 3.034462e-06 8.414927e-11 4.683297e-06 clkbuf_5_14__f_core_clk
 1.648257e-06 3.032797e-06 8.414927e-11 4.681138e-06 clkbuf_5_25__f_core_clk
 1.647360e-06 3.010451e-06 8.414927e-11 4.657895e-06 clkbuf_5_5__f_core_clk
 1.646684e-06 2.957399e-06 8.414927e-11 4.604167e-06 clkbuf_5_2__f_core_clk
 1.646124e-06 2.866243e-06 8.414927e-11 4.512451e-06 clkbuf_5_27__f_core_clk
 1.645743e-06 2.836275e-06 8.414927e-11 4.482102e-06 clkbuf_5_24__f_core_clk
 1.645691e-06 2.832148e-06 8.414927e-11 4.477923e-06 clkbuf_5_28__f_core_clk
 1.643541e-06 2.712062e-06 8.414927e-11 4.355687e-06 clkbuf_5_7__f_core_clk
 1.644471e-06 2.699699e-06 8.414927e-11 4.344254e-06 clkbuf_5_15__f_core_clk
 1.643227e-06 2.687420e-06 8.414927e-11 4.330731e-06 clkbuf_5_1__f_core_clk
 1.642875e-06 2.660028e-06 8.414927e-11 4.302987e-06 clkbuf_5_6__f_core_clk
 1.643472e-06 2.563171e-06 8.414927e-11 4.206726e-06 clkbuf_5_17__f_core_clk
 1.641683e-06 2.518997e-06 8.414927e-11 4.160764e-06 clkbuf_5_26__f_core_clk
 1.641611e-06 2.513181e-06 8.414927e-11 4.154876e-06 clkbuf_5_29__f_core_clk
 1.641297e-06 2.488607e-06 8.414927e-11 4.129988e-06 clkbuf_5_30__f_core_clk
 1.641730e-06 2.485114e-06 8.414927e-11 4.126928e-06 clkbuf_5_9__f_core_clk
 1.641959e-06 2.444651e-06 8.414927e-11 4.086693e-06 clkbuf_5_16__f_core_clk
 1.639736e-06 2.366593e-06 8.414927e-11 4.006413e-06 clkbuf_5_31__f_core_clk
 1.639926e-06 2.343991e-06 8.414927e-11 3.984001e-06 clkbuf_5_11__f_core_clk
 1.639680e-06 2.324789e-06 8.414927e-11 3.964553e-06 clkbuf_5_12__f_core_clk
 1.640174e-06 2.304722e-06 8.414927e-11 3.944980e-06 clkbuf_5_18__f_core_clk
 1.639900e-06 2.283267e-06 8.414927e-11 3.923251e-06 clkbuf_5_21__f_core_clk
 1.639283e-06 2.234916e-06 8.414927e-11 3.874283e-06 clkbuf_5_20__f_core_clk
 1.638344e-06 2.220366e-06 8.414927e-11 3.858794e-06 clkbuf_5_13__f_core_clk
 1.637832e-06 2.180251e-06 8.414927e-11 3.818167e-06 clkbuf_5_8__f_core_clk
 1.638169e-06 2.147713e-06 8.414927e-11 3.785966e-06 clkbuf_5_19__f_core_clk
 1.637735e-06 2.113486e-06 8.414927e-11 3.751305e-06 clkbuf_5_23__f_core_clk
 1.637648e-06 2.106684e-06 8.414927e-11 3.744416e-06 clkbuf_5_22__f_core_clk
 1.635257e-06 1.978832e-06 8.414927e-11 3.614173e-06 clkbuf_5_10__f_core_clk
 1.715877e-06 7.921911e-07 8.422650e-11 2.508152e-06 clkbuf_0_clk
 1.687884e-06 4.853146e-07 8.422650e-11 2.173282e-06 clkbuf_1_0__f_clk
 1.680600e-06 2.879753e-07 8.422650e-11 1.968660e-06 clkbuf_1_1__f_clk
 7.989207e-07 6.659724e-07 4.547750e-11 1.464939e-06 clkbuf_leaf_2_core_clk
 7.987975e-07 6.613048e-07 4.547750e-11 1.460148e-06 clkbuf_leaf_3_core_clk
 8.004326e-07 6.434227e-07 4.547750e-11 1.443901e-06 clkbuf_leaf_223_core_clk
 7.974701e-07 6.043833e-07 4.547750e-11 1.401899e-06 clkbuf_leaf_97_core_clk
 7.990981e-07 6.001049e-07 4.547750e-11 1.399249e-06 clkbuf_leaf_43_core_clk
 7.991034e-07 5.945354e-07 4.547750e-11 1.393684e-06 clkbuf_leaf_224_core_clk
 7.976694e-07 5.864999e-07 4.547750e-11 1.384215e-06 clkbuf_leaf_149_core_clk
 7.975677e-07 5.827557e-07 4.547750e-11 1.380369e-06 clkbuf_leaf_155_core_clk
 7.956842e-07 5.760363e-07 4.547750e-11 1.371766e-06 clkbuf_leaf_233_core_clk
 7.983547e-07 5.726955e-07 4.547750e-11 1.371096e-06 clkbuf_leaf_44_core_clk
 7.971324e-07 5.676541e-07 4.547750e-11 1.364832e-06 clkbuf_leaf_101_core_clk
 7.974814e-07 5.671179e-07 4.547750e-11 1.364645e-06 clkbuf_leaf_237_core_clk
 7.963055e-07 5.667641e-07 4.547750e-11 1.363115e-06 clkbuf_leaf_9_core_clk
 7.954546e-07 5.672393e-07 4.547750e-11 1.362739e-06 clkbuf_leaf_254_core_clk
 7.964190e-07 5.646078e-07 4.547750e-11 1.361072e-06 clkbuf_leaf_96_core_clk
 7.991998e-07 5.608986e-07 4.547750e-11 1.360144e-06 clkbuf_leaf_169_core_clk
 7.963887e-07 5.634597e-07 4.547750e-11 1.359894e-06 clkbuf_leaf_95_core_clk
 7.969509e-07 5.596552e-07 4.547750e-11 1.356652e-06 clkbuf_leaf_131_core_clk
 7.960780e-07 5.581223e-07 4.547750e-11 1.354246e-06 clkbuf_leaf_4_core_clk
 7.962041e-07 5.551963e-07 4.547750e-11 1.351446e-06 clkbuf_leaf_72_core_clk
 7.988634e-07 5.487097e-07 4.547750e-11 1.347619e-06 clkbuf_leaf_171_core_clk
 7.969338e-07 5.440676e-07 4.547750e-11 1.341047e-06 clkbuf_leaf_10_core_clk
 7.968407e-07 5.432424e-07 4.547750e-11 1.340129e-06 clkbuf_leaf_221_core_clk
 7.955265e-07 5.372037e-07 4.547750e-11 1.332776e-06 clkbuf_leaf_267_core_clk
 7.946844e-07 5.376065e-07 4.547750e-11 1.332336e-06 clkbuf_leaf_253_core_clk
 7.965828e-07 5.306978e-07 4.547750e-11 1.327326e-06 clkbuf_leaf_84_core_clk
 7.951566e-07 5.318073e-07 4.547750e-11 1.327009e-06 clkbuf_leaf_38_core_clk
 7.982883e-07 5.270979e-07 4.547750e-11 1.325432e-06 clkbuf_leaf_170_core_clk
 7.953186e-07 5.293139e-07 4.547750e-11 1.324678e-06 clkbuf_leaf_268_core_clk
 7.952808e-07 5.278783e-07 4.547750e-11 1.323205e-06 clkbuf_leaf_269_core_clk
 7.960534e-07 5.259826e-07 4.547750e-11 1.322081e-06 clkbuf_leaf_152_core_clk
 7.975851e-07 5.228642e-07 4.547750e-11 1.320495e-06 clkbuf_leaf_204_core_clk
 7.981084e-07 5.213589e-07 4.547750e-11 1.319513e-06 clkbuf_leaf_146_core_clk
 7.970726e-07 5.198401e-07 4.547750e-11 1.316958e-06 clkbuf_leaf_206_core_clk
 7.958726e-07 5.192607e-07 4.547750e-11 1.315179e-06 clkbuf_leaf_156_core_clk
 7.949876e-07 5.167468e-07 4.547750e-11 1.311780e-06 clkbuf_leaf_0_core_clk
 7.967765e-07 5.145156e-07 4.547750e-11 1.311338e-06 clkbuf_leaf_45_core_clk
 7.960841e-07 5.150441e-07 4.547750e-11 1.311174e-06 clkbuf_leaf_238_core_clk
 7.946937e-07 5.141779e-07 4.547750e-11 1.308917e-06 clkbuf_leaf_13_core_clk
 7.968426e-07 5.113887e-07 4.547750e-11 1.308277e-06 clkbuf_leaf_226_core_clk
 7.950484e-07 5.127387e-07 4.547750e-11 1.307832e-06 clkbuf_leaf_116_core_clk
 7.977867e-07 5.089321e-07 4.547750e-11 1.306764e-06 clkbuf_leaf_167_core_clk
 7.960053e-07 5.091985e-07 4.547750e-11 1.305249e-06 clkbuf_leaf_87_core_clk
 7.956140e-07 5.095146e-07 4.547750e-11 1.305174e-06 clkbuf_leaf_150_core_clk
 7.939910e-07 5.109349e-07 4.547750e-11 1.304971e-06 clkbuf_leaf_250_core_clk
 7.959183e-07 5.062636e-07 4.547750e-11 1.302227e-06 clkbuf_leaf_259_core_clk
 7.947186e-07 5.065468e-07 4.547750e-11 1.301311e-06 clkbuf_leaf_5_core_clk
 7.938510e-07 5.055299e-07 4.547750e-11 1.299426e-06 clkbuf_leaf_251_core_clk
 7.944506e-07 5.048939e-07 4.547750e-11 1.299390e-06 clkbuf_leaf_36_core_clk
 7.943691e-07 5.017953e-07 4.547750e-11 1.296210e-06 clkbuf_leaf_35_core_clk
 7.968046e-07 4.924525e-07 4.547750e-11 1.289303e-06 clkbuf_leaf_177_core_clk
 7.945529e-07 4.927435e-07 4.547750e-11 1.287342e-06 clkbuf_leaf_88_core_clk
 7.951480e-07 4.920561e-07 4.547750e-11 1.287250e-06 clkbuf_leaf_147_core_clk
 7.955152e-07 4.912537e-07 4.547750e-11 1.286814e-06 clkbuf_leaf_11_core_clk
 7.954159e-07 4.901419e-07 4.547750e-11 1.285603e-06 clkbuf_leaf_222_core_clk
 7.966231e-07 4.877122e-07 4.547750e-11 1.284381e-06 clkbuf_leaf_165_core_clk
 7.934360e-07 4.896378e-07 4.547750e-11 1.283119e-06 clkbuf_leaf_257_core_clk
 7.954104e-07 4.873572e-07 4.547750e-11 1.282813e-06 clkbuf_leaf_265_core_clk
 7.961490e-07 4.858790e-07 4.547750e-11 1.282074e-06 clkbuf_leaf_219_core_clk
 7.949564e-07 4.861054e-07 4.547750e-11 1.281107e-06 clkbuf_leaf_99_core_clk
 7.960381e-07 4.818020e-07 4.547750e-11 1.277886e-06 clkbuf_leaf_227_core_clk
 7.952692e-07 4.818065e-07 4.547750e-11 1.277121e-06 clkbuf_leaf_82_core_clk
 7.957763e-07 4.810452e-07 4.547750e-11 1.276867e-06 clkbuf_leaf_142_core_clk
 7.964595e-07 4.798585e-07 4.547750e-11 1.276363e-06 clkbuf_leaf_178_core_clk
 7.938533e-07 4.821717e-07 4.547750e-11 1.276071e-06 clkbuf_leaf_14_core_clk
 7.952140e-07 4.800417e-07 4.547750e-11 1.275301e-06 clkbuf_leaf_1_core_clk
 7.940499e-07 4.811751e-07 4.547750e-11 1.275270e-06 clkbuf_leaf_6_core_clk
 7.963192e-07 4.765965e-07 4.547750e-11 1.272961e-06 clkbuf_leaf_189_core_clk
 7.951295e-07 4.766020e-07 4.547750e-11 1.271777e-06 clkbuf_leaf_86_core_clk
 7.939025e-07 4.755861e-07 4.547750e-11 1.269534e-06 clkbuf_leaf_8_core_clk
 7.965437e-07 4.725208e-07 4.547750e-11 1.269110e-06 clkbuf_leaf_48_core_clk
 7.945011e-07 4.678352e-07 4.547750e-11 1.262382e-06 clkbuf_leaf_154_core_clk
 7.934883e-07 4.682562e-07 4.547750e-11 1.261790e-06 clkbuf_leaf_31_core_clk
 7.936738e-07 4.669168e-07 4.547750e-11 1.260636e-06 clkbuf_leaf_7_core_clk
 7.944400e-07 4.655442e-07 4.547750e-11 1.260030e-06 clkbuf_leaf_157_core_clk
 7.953702e-07 4.626716e-07 4.547750e-11 1.258087e-06 clkbuf_leaf_33_core_clk
 7.947423e-07 4.624822e-07 4.547750e-11 1.257270e-06 clkbuf_leaf_258_core_clk
 7.954763e-07 4.611324e-07 4.547750e-11 1.256654e-06 clkbuf_leaf_225_core_clk
 7.946222e-07 4.580124e-07 4.547750e-11 1.252680e-06 clkbuf_leaf_266_core_clk
 7.950516e-07 4.542893e-07 4.547750e-11 1.249386e-06 clkbuf_leaf_144_core_clk
 7.939535e-07 4.518578e-07 4.547750e-11 1.245857e-06 clkbuf_leaf_117_core_clk
 7.955498e-07 4.484951e-07 4.547750e-11 1.244090e-06 clkbuf_leaf_203_core_clk
 7.924314e-07 4.509119e-07 4.547750e-11 1.243389e-06 clkbuf_leaf_246_core_clk
 7.943078e-07 4.463058e-07 4.547750e-11 1.240659e-06 clkbuf_leaf_263_core_clk
 7.948333e-07 4.428844e-07 4.547750e-11 1.237763e-06 clkbuf_leaf_46_core_clk
 7.928187e-07 4.427566e-07 4.547750e-11 1.235621e-06 clkbuf_leaf_17_core_clk
 7.927933e-07 4.417987e-07 4.547750e-11 1.234637e-06 clkbuf_leaf_32_core_clk
 7.939938e-07 4.343278e-07 4.547750e-11 1.228367e-06 clkbuf_leaf_79_core_clk
 7.935781e-07 4.344510e-07 4.547750e-11 1.228075e-06 clkbuf_leaf_100_core_clk
 7.935982e-07 4.340188e-07 4.547750e-11 1.227663e-06 clkbuf_leaf_153_core_clk
 7.919516e-07 4.324668e-07 4.547750e-11 1.224464e-06 clkbuf_leaf_248_core_clk
 7.933567e-07 4.261558e-07 4.547750e-11 1.219558e-06 clkbuf_leaf_98_core_clk
 7.928452e-07 4.265754e-07 4.547750e-11 1.219466e-06 clkbuf_leaf_240_core_clk
 7.927830e-07 4.258054e-07 4.547750e-11 1.218634e-06 clkbuf_leaf_73_core_clk
 7.942372e-07 4.242243e-07 4.547750e-11 1.218507e-06 clkbuf_leaf_140_core_clk
 7.937091e-07 4.240232e-07 4.547750e-11 1.217778e-06 clkbuf_leaf_262_core_clk
 7.944461e-07 4.232450e-07 4.547750e-11 1.217737e-06 clkbuf_leaf_207_core_clk
 7.940369e-07 4.207251e-07 4.547750e-11 1.214807e-06 clkbuf_leaf_211_core_clk
 7.935631e-07 4.185810e-07 4.547750e-11 1.212190e-06 clkbuf_leaf_260_core_clk
 7.946668e-07 4.162309e-07 4.547750e-11 1.210943e-06 clkbuf_leaf_164_core_clk
 7.921664e-07 4.179158e-07 4.547750e-11 1.210128e-06 clkbuf_leaf_16_core_clk
 7.925600e-07 4.173718e-07 4.547750e-11 1.209977e-06 clkbuf_leaf_74_core_clk
 7.915659e-07 4.176304e-07 4.547750e-11 1.209242e-06 clkbuf_leaf_252_core_clk
 7.949099e-07 4.131362e-07 4.547750e-11 1.208092e-06 clkbuf_leaf_51_core_clk
 7.944193e-07 4.126795e-07 4.547750e-11 1.207144e-06 clkbuf_leaf_42_core_clk
 7.945523e-07 4.120362e-07 4.547750e-11 1.206634e-06 clkbuf_leaf_190_core_clk
 7.944441e-07 4.116448e-07 4.547750e-11 1.206134e-06 clkbuf_leaf_61_core_clk
 7.939896e-07 4.117796e-07 4.547750e-11 1.205815e-06 clkbuf_leaf_47_core_clk
 7.945079e-07 4.104253e-07 4.547750e-11 1.204979e-06 clkbuf_leaf_187_core_clk
 7.933277e-07 4.098164e-07 4.547750e-11 1.203190e-06 clkbuf_leaf_264_core_clk
 7.937228e-07 4.091090e-07 4.547750e-11 1.202877e-06 clkbuf_leaf_213_core_clk
 7.938419e-07 4.073653e-07 4.547750e-11 1.201253e-06 clkbuf_leaf_133_core_clk
 7.938687e-07 4.073191e-07 4.547750e-11 1.201233e-06 clkbuf_leaf_29_core_clk
 7.922673e-07 4.063021e-07 4.547750e-11 1.198615e-06 clkbuf_leaf_75_core_clk
 7.935957e-07 4.044057e-07 4.547750e-11 1.198047e-06 clkbuf_leaf_199_core_clk
 7.946298e-07 4.029579e-07 4.547750e-11 1.197633e-06 clkbuf_leaf_50_core_clk
 7.935204e-07 4.016225e-07 4.547750e-11 1.195188e-06 clkbuf_leaf_214_core_clk
 7.930826e-07 4.004061e-07 4.547750e-11 1.193534e-06 clkbuf_leaf_85_core_clk
 7.936310e-07 3.995899e-07 4.547750e-11 1.193266e-06 clkbuf_leaf_129_core_clk
 7.936504e-07 3.992753e-07 4.547750e-11 1.192971e-06 clkbuf_leaf_34_core_clk
 7.934602e-07 3.993920e-07 4.547750e-11 1.192898e-06 clkbuf_leaf_208_core_clk
 7.946928e-07 3.976171e-07 4.547750e-11 1.192355e-06 clkbuf_leaf_172_core_clk
 7.937317e-07 3.969635e-07 4.547750e-11 1.190741e-06 clkbuf_leaf_205_core_clk
 7.929009e-07 3.964095e-07 4.547750e-11 1.189356e-06 clkbuf_leaf_220_core_clk
 7.925688e-07 3.954509e-07 4.547750e-11 1.188065e-06 clkbuf_leaf_158_core_clk
 7.944602e-07 3.926345e-07 4.547750e-11 1.187140e-06 clkbuf_leaf_202_core_clk
 7.938825e-07 3.910970e-07 4.547750e-11 1.185025e-06 clkbuf_leaf_40_core_clk
 7.928585e-07 3.920687e-07 4.547750e-11 1.184973e-06 clkbuf_leaf_78_core_clk
 7.932422e-07 3.884408e-07 4.547750e-11 1.181729e-06 clkbuf_leaf_108_core_clk
 7.926530e-07 3.844233e-07 4.547750e-11 1.177122e-06 clkbuf_leaf_81_core_clk
 7.907179e-07 3.850549e-07 4.547750e-11 1.175818e-06 clkbuf_leaf_249_core_clk
 7.907119e-07 3.848370e-07 4.547750e-11 1.175594e-06 clkbuf_leaf_261_core_clk
 7.920941e-07 3.820710e-07 4.547750e-11 1.174211e-06 clkbuf_leaf_121_core_clk
 7.929400e-07 3.801651e-07 4.547750e-11 1.173151e-06 clkbuf_leaf_215_core_clk
 7.941543e-07 3.781138e-07 4.547750e-11 1.172314e-06 clkbuf_leaf_148_core_clk
 7.940344e-07 3.771870e-07 4.547750e-11 1.171267e-06 clkbuf_leaf_201_core_clk
 7.920023e-07 3.786282e-07 4.547750e-11 1.170676e-06 clkbuf_leaf_110_core_clk
 7.939877e-07 3.754891e-07 4.547750e-11 1.169522e-06 clkbuf_leaf_194_core_clk
 7.935762e-07 3.745887e-07 4.547750e-11 1.168210e-06 clkbuf_leaf_176_core_clk
 7.935279e-07 3.746052e-07 4.547750e-11 1.168179e-06 clkbuf_leaf_193_core_clk
 7.936835e-07 3.729863e-07 4.547750e-11 1.166715e-06 clkbuf_leaf_182_core_clk
 7.933504e-07 3.716231e-07 4.547750e-11 1.165019e-06 clkbuf_leaf_58_core_clk
 7.939767e-07 3.709466e-07 4.547750e-11 1.164969e-06 clkbuf_leaf_166_core_clk
 7.923350e-07 3.725838e-07 4.547750e-11 1.164964e-06 clkbuf_leaf_80_core_clk
 7.922964e-07 3.686100e-07 4.547750e-11 1.160952e-06 clkbuf_leaf_235_core_clk
 7.927683e-07 3.677727e-07 4.547750e-11 1.160587e-06 clkbuf_leaf_128_core_clk
 7.911548e-07 3.626834e-07 4.547750e-11 1.153884e-06 clkbuf_leaf_241_core_clk
 7.931649e-07 3.595736e-07 4.547750e-11 1.152784e-06 clkbuf_leaf_174_core_clk
 7.922015e-07 3.528485e-07 4.547750e-11 1.145096e-06 clkbuf_leaf_197_core_clk
 7.926959e-07 3.495546e-07 4.547750e-11 1.142296e-06 clkbuf_leaf_41_core_clk
 7.928825e-07 3.492609e-07 4.547750e-11 1.142189e-06 clkbuf_leaf_175_core_clk
 7.926636e-07 3.483722e-07 4.547750e-11 1.141081e-06 clkbuf_leaf_57_core_clk
 7.912117e-07 3.489598e-07 4.547750e-11 1.140217e-06 clkbuf_leaf_113_core_clk
 7.917235e-07 3.473081e-07 4.547750e-11 1.139077e-06 clkbuf_leaf_234_core_clk
 7.925401e-07 3.438499e-07 4.547750e-11 1.136435e-06 clkbuf_leaf_56_core_clk
 7.915797e-07 3.444688e-07 4.547750e-11 1.136094e-06 clkbuf_leaf_83_core_clk
 7.910818e-07 3.440820e-07 4.547750e-11 1.135209e-06 clkbuf_leaf_114_core_clk
 7.927385e-07 3.384939e-07 4.547750e-11 1.131278e-06 clkbuf_leaf_69_core_clk
 7.918476e-07 3.369344e-07 4.547750e-11 1.128828e-06 clkbuf_leaf_112_core_clk
 7.925066e-07 3.355376e-07 4.547750e-11 1.128090e-06 clkbuf_leaf_173_core_clk
 7.900610e-07 3.377729e-07 4.547750e-11 1.127879e-06 clkbuf_leaf_15_core_clk
 7.918108e-07 3.355744e-07 4.547750e-11 1.127431e-06 clkbuf_leaf_102_core_clk
 7.913499e-07 3.334194e-07 4.547750e-11 1.124815e-06 clkbuf_leaf_255_core_clk
 7.924914e-07 3.294919e-07 4.547750e-11 1.122029e-06 clkbuf_leaf_90_core_clk
 7.924868e-07 3.293232e-07 4.547750e-11 1.121855e-06 clkbuf_leaf_68_core_clk
 7.904516e-07 3.310613e-07 4.547750e-11 1.121558e-06 clkbuf_leaf_21_core_clk
 7.924444e-07 3.278467e-07 4.547750e-11 1.120337e-06 clkbuf_leaf_179_core_clk
 7.902528e-07 3.285940e-07 4.547750e-11 1.118892e-06 clkbuf_leaf_242_core_clk
 7.902432e-07 3.282493e-07 4.547750e-11 1.118538e-06 clkbuf_leaf_217_core_clk
 7.906465e-07 3.277450e-07 4.547750e-11 1.118437e-06 clkbuf_leaf_109_core_clk
 7.924919e-07 3.252481e-07 4.547750e-11 1.117785e-06 clkbuf_leaf_27_core_clk
 7.922157e-07 3.249175e-07 4.547750e-11 1.117179e-06 clkbuf_leaf_143_core_clk
 7.915560e-07 3.252419e-07 4.547750e-11 1.116843e-06 clkbuf_leaf_145_core_clk
 7.920598e-07 3.243942e-07 4.547750e-11 1.116499e-06 clkbuf_leaf_60_core_clk
 7.923376e-07 3.239746e-07 4.547750e-11 1.116358e-06 clkbuf_leaf_185_core_clk
 7.915182e-07 3.247660e-07 4.547750e-11 1.116330e-06 clkbuf_leaf_107_core_clk
 7.915520e-07 3.229138e-07 4.547750e-11 1.114511e-06 clkbuf_leaf_127_core_clk
 7.902207e-07 3.223486e-07 4.547750e-11 1.112615e-06 clkbuf_leaf_25_core_clk
 7.900729e-07 3.218147e-07 4.547750e-11 1.111933e-06 clkbuf_leaf_218_core_clk
 7.922005e-07 3.189737e-07 4.547750e-11 1.111220e-06 clkbuf_leaf_181_core_clk
 7.898222e-07 3.207797e-07 4.547750e-11 1.110647e-06 clkbuf_leaf_19_core_clk
 7.923840e-07 3.173064e-07 4.547750e-11 1.109736e-06 clkbuf_leaf_196_core_clk
 7.909026e-07 3.167881e-07 4.547750e-11 1.107736e-06 clkbuf_leaf_239_core_clk
 7.922043e-07 3.147869e-07 4.547750e-11 1.107037e-06 clkbuf_leaf_49_core_clk
 7.921124e-07 3.114460e-07 4.547750e-11 1.103604e-06 clkbuf_leaf_28_core_clk
 7.911197e-07 3.091341e-07 4.547750e-11 1.100299e-06 clkbuf_leaf_139_core_clk
 7.915958e-07 3.074109e-07 4.547750e-11 1.099052e-06 clkbuf_leaf_59_core_clk
 7.915440e-07 3.073667e-07 4.547750e-11 1.098956e-06 clkbuf_leaf_62_core_clk
 7.898380e-07 3.079220e-07 4.547750e-11 1.097805e-06 clkbuf_leaf_20_core_clk
 7.920541e-07 3.053347e-07 4.547750e-11 1.097434e-06 clkbuf_leaf_192_core_clk
 7.910989e-07 3.062054e-07 4.547750e-11 1.097350e-06 clkbuf_leaf_134_core_clk
 7.918230e-07 3.051509e-07 4.547750e-11 1.097019e-06 clkbuf_leaf_65_core_clk
 7.896639e-07 3.063491e-07 4.547750e-11 1.096058e-06 clkbuf_leaf_216_core_clk
 7.905855e-07 3.049977e-07 4.547750e-11 1.095629e-06 clkbuf_leaf_232_core_clk
 7.908834e-07 3.041029e-07 4.547750e-11 1.095032e-06 clkbuf_leaf_200_core_clk
 7.912357e-07 2.986350e-07 4.547750e-11 1.089916e-06 clkbuf_leaf_137_core_clk
 7.914735e-07 2.978180e-07 4.547750e-11 1.089337e-06 clkbuf_leaf_168_core_clk
 7.896163e-07 2.995158e-07 4.547750e-11 1.089178e-06 clkbuf_leaf_30_core_clk
 7.908478e-07 2.969399e-07 4.547750e-11 1.087833e-06 clkbuf_leaf_119_core_clk
 7.894109e-07 2.967704e-07 4.547750e-11 1.086227e-06 clkbuf_leaf_244_core_clk
 7.915233e-07 2.943152e-07 4.547750e-11 1.085884e-06 clkbuf_leaf_183_core_clk
 7.895219e-07 2.960030e-07 4.547750e-11 1.085570e-06 clkbuf_leaf_22_core_clk
 7.897630e-07 2.945895e-07 4.547750e-11 1.084398e-06 clkbuf_leaf_118_core_clk
 7.921047e-07 2.914782e-07 4.547750e-11 1.083628e-06 clkbuf_leaf_55_core_clk
 7.897404e-07 2.937410e-07 4.547750e-11 1.083527e-06 clkbuf_leaf_115_core_clk
 7.893494e-07 2.894958e-07 4.547750e-11 1.078891e-06 clkbuf_leaf_26_core_clk
 7.901139e-07 2.874662e-07 4.547750e-11 1.077626e-06 clkbuf_leaf_256_core_clk
 7.904785e-07 2.863696e-07 4.547750e-11 1.076894e-06 clkbuf_leaf_105_core_clk
 7.908824e-07 2.856822e-07 4.547750e-11 1.076610e-06 clkbuf_leaf_136_core_clk
 7.908395e-07 2.841022e-07 4.547750e-11 1.074987e-06 clkbuf_leaf_124_core_clk
 7.892028e-07 2.839263e-07 4.547750e-11 1.073175e-06 clkbuf_leaf_23_core_clk
 7.904337e-07 2.816715e-07 4.547750e-11 1.072151e-06 clkbuf_leaf_132_core_clk
 7.890196e-07 2.819901e-07 4.547750e-11 1.071055e-06 clkbuf_leaf_243_core_clk
 7.907075e-07 2.749076e-07 4.547750e-11 1.065661e-06 clkbuf_leaf_66_core_clk
 7.889996e-07 2.762627e-07 4.547750e-11 1.065308e-06 clkbuf_leaf_24_core_clk
 7.911584e-07 2.728323e-07 4.547750e-11 1.064036e-06 clkbuf_leaf_195_core_clk
 7.889037e-07 2.726451e-07 4.547750e-11 1.061594e-06 clkbuf_leaf_18_core_clk
 7.904134e-07 2.684814e-07 4.547750e-11 1.058940e-06 clkbuf_leaf_135_core_clk
 7.907642e-07 2.665895e-07 4.547750e-11 1.057399e-06 clkbuf_leaf_71_core_clk
 7.889350e-07 2.635129e-07 4.547750e-11 1.052493e-06 clkbuf_leaf_111_core_clk
 7.905701e-07 2.595202e-07 4.547750e-11 1.050136e-06 clkbuf_leaf_70_core_clk
 7.902000e-07 2.563353e-07 4.547750e-11 1.046581e-06 clkbuf_leaf_67_core_clk
 7.900749e-07 2.535565e-07 4.547750e-11 1.043677e-06 clkbuf_leaf_52_core_clk
 7.907575e-07 2.429492e-07 4.547750e-11 1.033752e-06 clkbuf_leaf_53_core_clk
 7.892968e-07 2.427300e-07 4.547750e-11 1.032072e-06 clkbuf_leaf_104_core_clk
 7.896773e-07 2.414884e-07 4.547750e-11 1.031211e-06 clkbuf_leaf_125_core_clk
 7.903691e-07 2.289589e-07 4.547750e-11 1.019374e-06 clkbuf_leaf_63_core_clk
 7.890865e-07 2.055657e-07 4.547750e-11 9.946976e-07 clkbuf_leaf_186_core_clk
 7.886122e-07 2.024304e-07 4.547750e-11 9.910881e-07 clkbuf_leaf_123_core_clk
 7.889539e-07 1.837901e-07 4.547750e-11 9.727895e-07 clkbuf_leaf_64_core_clk
 7.806725e-07 0.000000e+00 4.547750e-11 7.807179e-07 clkload16
 5.961103e-07 0.000000e+00 6.044107e-11 5.961708e-07 clkload10
 5.954641e-07 0.000000e+00 6.044107e-11 5.955245e-07 clkload20
 5.931381e-07 0.000000e+00 6.044107e-11 5.931985e-07 clkload26
 5.922818e-07 0.000000e+00 6.044107e-11 5.923422e-07 clkload6
 4.356545e-07 0.000000e+00 4.694990e-11 4.357014e-07 clkload21
 4.353930e-07 0.000000e+00 4.694990e-11 4.354400e-07 clkload8
 4.352452e-07 0.000000e+00 4.694990e-11 4.352922e-07 clkload13
 4.348138e-07 0.000000e+00 4.694990e-11 4.348608e-07 clkload11
 4.342865e-07 0.000000e+00 4.694990e-11 4.343334e-07 clkload27
 4.326201e-07 0.000000e+00 4.694990e-11 4.326670e-07 clkload2
 4.324109e-07 0.000000e+00 4.694990e-11 4.324579e-07 clkload14
 3.864130e-07 0.000000e+00 2.499975e-11 3.864380e-07 clkload208
 3.864042e-07 0.000000e+00 2.499975e-11 3.864292e-07 clkload158
 3.862814e-07 0.000000e+00 2.499975e-11 3.863064e-07 clkload210
 3.862754e-07 0.000000e+00 2.499975e-11 3.863004e-07 clkload178
 3.862411e-07 0.000000e+00 2.499975e-11 3.862661e-07 clkload103
 3.862225e-07 0.000000e+00 2.499975e-11 3.862475e-07 clkload114
 3.862018e-07 0.000000e+00 2.499975e-11 3.862268e-07 clkload184
 3.861907e-07 0.000000e+00 2.499975e-11 3.862157e-07 clkload211
 3.861787e-07 0.000000e+00 2.499975e-11 3.862037e-07 clkload153
 3.861700e-07 0.000000e+00 2.499975e-11 3.861950e-07 clkload45
 3.861579e-07 0.000000e+00 2.499975e-11 3.861829e-07 clkload50
 3.861382e-07 0.000000e+00 2.499975e-11 3.861632e-07 clkload76
 3.861290e-07 0.000000e+00 2.499975e-11 3.861540e-07 clkload179
 3.861136e-07 0.000000e+00 2.499975e-11 3.861387e-07 clkload51
 3.860977e-07 0.000000e+00 2.499975e-11 3.861227e-07 clkload188
 3.860939e-07 0.000000e+00 2.499975e-11 3.861189e-07 clkload204
 3.860919e-07 0.000000e+00 2.499975e-11 3.861169e-07 clkload48
 3.860696e-07 0.000000e+00 2.499975e-11 3.860947e-07 clkload151
 3.860693e-07 0.000000e+00 2.499975e-11 3.860943e-07 clkload112
 3.860650e-07 0.000000e+00 2.499975e-11 3.860900e-07 clkload78
 3.860629e-07 0.000000e+00 2.499975e-11 3.860879e-07 clkload207
 3.860606e-07 0.000000e+00 2.499975e-11 3.860856e-07 clkload108
 3.860295e-07 0.000000e+00 2.499975e-11 3.860545e-07 clkload154
 3.860256e-07 0.000000e+00 2.499975e-11 3.860506e-07 clkload80
 3.860068e-07 0.000000e+00 2.499975e-11 3.860318e-07 clkload205
 3.860050e-07 0.000000e+00 2.499975e-11 3.860300e-07 clkload73
 3.860037e-07 0.000000e+00 2.499975e-11 3.860287e-07 clkload109
 3.859933e-07 0.000000e+00 2.499975e-11 3.860183e-07 clkload156
 3.859824e-07 0.000000e+00 2.499975e-11 3.860074e-07 clkload75
 3.859596e-07 0.000000e+00 2.499975e-11 3.859846e-07 clkload181
 3.859321e-07 0.000000e+00 2.499975e-11 3.859571e-07 clkload186
 3.859233e-07 0.000000e+00 2.499975e-11 3.859483e-07 clkload79
 3.859209e-07 0.000000e+00 2.499975e-11 3.859459e-07 clkload163
 3.859192e-07 0.000000e+00 2.499975e-11 3.859442e-07 clkload102
 3.858454e-07 0.000000e+00 2.499975e-11 3.858704e-07 clkload107
 3.858360e-07 0.000000e+00 2.499975e-11 3.858611e-07 clkload164
 3.858258e-07 0.000000e+00 2.499975e-11 3.858508e-07 clkload169
 3.858146e-07 0.000000e+00 2.499975e-11 3.858396e-07 clkload144
 3.857768e-07 0.000000e+00 2.499975e-11 3.858018e-07 clkload155
 3.857605e-07 0.000000e+00 2.499975e-11 3.857855e-07 clkload171
 3.857334e-07 0.000000e+00 2.499975e-11 3.857584e-07 clkload139
 3.857224e-07 0.000000e+00 2.499975e-11 3.857474e-07 clkload119
 3.857138e-07 0.000000e+00 2.499975e-11 3.857388e-07 clkload43
 3.857077e-07 0.000000e+00 2.499975e-11 3.857327e-07 clkload91
 3.856962e-07 0.000000e+00 2.499975e-11 3.857212e-07 clkload145
 3.856846e-07 0.000000e+00 2.499975e-11 3.857096e-07 clkload40
 3.856673e-07 0.000000e+00 2.499975e-11 3.856923e-07 clkload201
 3.856572e-07 0.000000e+00 2.499975e-11 3.856822e-07 clkload117
 3.855525e-07 0.000000e+00 2.499975e-11 3.855775e-07 clkload44
 3.855387e-07 0.000000e+00 2.499975e-11 3.855637e-07 clkload93
 3.854902e-07 0.000000e+00 2.499975e-11 3.855152e-07 clkload34
 3.854786e-07 0.000000e+00 2.499975e-11 3.855036e-07 clkload37
 3.854336e-07 0.000000e+00 2.499975e-11 3.854586e-07 clkload120
 3.853912e-07 0.000000e+00 2.499975e-11 3.854163e-07 clkload59
 3.853868e-07 0.000000e+00 2.499975e-11 3.854118e-07 clkload167
 3.853864e-07 0.000000e+00 2.499975e-11 3.854114e-07 clkload32
 3.853671e-07 0.000000e+00 2.499975e-11 3.853921e-07 clkload177
 3.853540e-07 0.000000e+00 2.499975e-11 3.853790e-07 clkload29
 3.853494e-07 0.000000e+00 2.499975e-11 3.853744e-07 clkload131
 3.852244e-07 0.000000e+00 2.499975e-11 3.852494e-07 clkload31
 3.852215e-07 0.000000e+00 2.499975e-11 3.852465e-07 clkload190
 3.852043e-07 0.000000e+00 2.499975e-11 3.852293e-07 clkload176
 3.851370e-07 0.000000e+00 2.499975e-11 3.851620e-07 clkload192
 2.841480e-07 0.000000e+00 3.346053e-11 2.841815e-07 clkload17
 2.839660e-07 0.000000e+00 3.346053e-11 2.839995e-07 clkload18
 2.833825e-07 0.000000e+00 3.346053e-11 2.834160e-07 clkload9
 2.818663e-07 0.000000e+00 3.346053e-11 2.818998e-07 clkload3
 2.135919e-07 0.000000e+00 1.672446e-11 2.136086e-07 clkload101
 2.134642e-07 0.000000e+00 1.672446e-11 2.134809e-07 clkload100
 2.134277e-07 0.000000e+00 1.672446e-11 2.134444e-07 clkload99
 2.133170e-07 0.000000e+00 1.672446e-11 2.133337e-07 clkload209
 2.133119e-07 0.000000e+00 1.672446e-11 2.133286e-07 clkload49
 2.132918e-07 0.000000e+00 1.672446e-11 2.133086e-07 clkload157
 2.132793e-07 0.000000e+00 1.672446e-11 2.132960e-07 clkload212
 2.132534e-07 0.000000e+00 1.672446e-11 2.132701e-07 clkload71
 2.132497e-07 0.000000e+00 1.672446e-11 2.132665e-07 clkload46
 2.132101e-07 0.000000e+00 1.672446e-11 2.132268e-07 clkload180
 2.131967e-07 0.000000e+00 1.672446e-11 2.132135e-07 clkload72
 2.131899e-07 0.000000e+00 1.672446e-11 2.132066e-07 clkload47
 2.131844e-07 0.000000e+00 1.672446e-11 2.132011e-07 clkload161
 2.131771e-07 0.000000e+00 1.672446e-11 2.131938e-07 clkload113
 2.131504e-07 0.000000e+00 1.672446e-11 2.131671e-07 clkload104
 2.131444e-07 0.000000e+00 1.672446e-11 2.131611e-07 clkload185
 2.131219e-07 0.000000e+00 1.672446e-11 2.131386e-07 clkload162
 2.130818e-07 0.000000e+00 1.672446e-11 2.130985e-07 clkload152
 2.130676e-07 0.000000e+00 1.672446e-11 2.130843e-07 clkload183
 2.130587e-07 0.000000e+00 1.672446e-11 2.130754e-07 clkload189
 2.130397e-07 0.000000e+00 1.672446e-11 2.130564e-07 clkload106
 2.130163e-07 0.000000e+00 1.672446e-11 2.130331e-07 clkload141
 2.129611e-07 0.000000e+00 1.672446e-11 2.129778e-07 clkload142
 2.129423e-07 0.000000e+00 1.672446e-11 2.129590e-07 clkload74
 2.128150e-07 0.000000e+00 1.672446e-11 2.128317e-07 clkload129
 2.128015e-07 0.000000e+00 1.672446e-11 2.128182e-07 clkload125
 2.127085e-07 0.000000e+00 1.672446e-11 2.127253e-07 clkload168
 2.126322e-07 0.000000e+00 1.672446e-11 2.126490e-07 clkload170
 2.126182e-07 0.000000e+00 1.672446e-11 2.126349e-07 clkload85
 2.126173e-07 0.000000e+00 1.672446e-11 2.126340e-07 clkload35
 2.125664e-07 0.000000e+00 1.672446e-11 2.125831e-07 clkload134
 2.125554e-07 0.000000e+00 1.672446e-11 2.125721e-07 clkload95
 2.124356e-07 0.000000e+00 1.672446e-11 2.124523e-07 clkload30
 2.115600e-07 0.000000e+00 1.672446e-11 2.115767e-07 clkload15
 1.434608e-07 0.000000e+00 1.997117e-11 1.434808e-07 clkload36
 1.431981e-07 0.000000e+00 1.997117e-11 1.432181e-07 clkload54
 1.431249e-07 0.000000e+00 1.997117e-11 1.431449e-07 clkload126
 1.427553e-07 0.000000e+00 1.997117e-11 1.427752e-07 clkload166
 1.426890e-07 0.000000e+00 1.997117e-11 1.427090e-07 clkload149
 1.423021e-07 0.000000e+00 1.997117e-11 1.423220e-07 clkload94
 1.421793e-07 0.000000e+00 1.997117e-11 1.421993e-07 clkload92
 1.419961e-07 0.000000e+00 1.997117e-11 1.420160e-07 clkload118
 1.417535e-07 0.000000e+00 1.997117e-11 1.417735e-07 clkload195
 1.414685e-07 0.000000e+00 1.997117e-11 1.414885e-07 clkload61
 1.413612e-07 0.000000e+00 1.997117e-11 1.413811e-07 clkload135
 1.409826e-07 0.000000e+00 1.997117e-11 1.410026e-07 clkload133
 1.409041e-07 0.000000e+00 1.997117e-11 1.409241e-07 clkload84
 3.849465e-08 2.088143e-09 2.388635e-11 4.060668e-08 output16
 3.078937e-08 7.744856e-10 2.579835e-11 3.158965e-08 output14
 1.152024e-08 1.185515e-09 2.654550e-11 1.273230e-08 output13
 3.032620e-15 1.305975e-14 4.686474e-11 4.688083e-11 fanout227
 3.953431e-15 2.030206e-14 4.683403e-11 4.685829e-11 fanout226
 4.425285e-15 2.479573e-14 4.680868e-11 4.683790e-11 max_cap201
 4.468815e-15 2.094675e-14 4.680558e-11 4.683100e-11 fanout259
 5.537033e-15 2.648751e-14 4.676699e-11 4.679901e-11 max_cap214
 5.748717e-15 2.572990e-14 4.676333e-11 4.679480e-11 fanout260
 5.899154e-15 2.406818e-14 4.675910e-11 4.678907e-11 fanout219
 6.257013e-15 3.371752e-14 4.674389e-11 4.678386e-11 max_cap204
 6.609395e-15 3.680300e-14 4.672783e-11 4.677124e-11 fanout200
 6.575042e-15 3.224957e-14 4.671319e-11 4.675201e-11 fanout453
 6.535065e-15 2.929954e-14 4.671319e-11 4.674902e-11 fanout454
 6.534072e-15 3.319392e-14 4.669544e-11 4.673517e-11 max_cap213
 7.778503e-15 3.315793e-14 4.666699e-11 4.670792e-11 max_cap216
 7.523711e-15 2.665220e-14 4.665234e-11 4.668652e-11 fanout616
 8.013991e-15 3.809494e-14 4.663769e-11 4.668380e-11 fanout479
 8.097045e-15 3.772729e-14 4.663375e-11 4.667957e-11 max_cap181
 7.961868e-15 2.957066e-14 4.663769e-11 4.667522e-11 fanout478
 8.647198e-15 4.269474e-14 4.662304e-11 4.667438e-11 max_cap408
 8.664363e-15 4.683782e-14 4.661516e-11 4.667066e-11 fanout180
 5.210214e-15 1.957322e-14 4.663149e-11 4.665628e-11 fanout419
 5.165276e-15 1.946401e-14 4.663149e-11 4.665612e-11 fanout420
 5.194215e-15 1.926696e-14 4.663149e-11 4.665595e-11 fanout421
 5.152544e-15 1.792756e-14 4.663149e-11 4.665457e-11 fanout425
 5.201831e-15 1.776424e-14 4.663149e-11 4.665446e-11 fanout424
 8.954836e-15 4.324804e-14 4.658586e-11 4.663806e-11 fanout635
 8.930288e-15 2.940776e-14 4.658586e-11 4.662419e-11 max_cap634
 9.579617e-15 5.548585e-14 4.655656e-11 4.662162e-11 fanout463
 8.142747e-15 3.021418e-14 4.658107e-11 4.661943e-11 fanout631
 9.171680e-15 3.738393e-14 4.656642e-11 4.661298e-11 max_cap475
 9.177049e-15 4.084682e-14 4.656219e-11 4.661221e-11 max_cap405
 9.406479e-15 3.893603e-14 4.655656e-11 4.660490e-11 fanout462
 1.021593e-14 4.163347e-14 4.653571e-11 4.658756e-11 max_cap459
 1.016298e-14 4.556752e-14 4.652304e-11 4.657877e-11 max_cap609
 9.913623e-15 3.933039e-14 4.652304e-11 4.657228e-11 fanout610
 9.942054e-15 3.609474e-14 4.652304e-11 4.656907e-11 fanout607
 1.006106e-14 4.903548e-14 4.645543e-11 4.651452e-11 fanout205
 1.124221e-14 4.802875e-14 4.643571e-11 4.649498e-11 max_cap627
 1.127246e-14 4.632002e-14 4.643571e-11 4.649330e-11 max_cap625
 1.106040e-14 4.304753e-14 4.643290e-11 4.648701e-11 fanout441
 1.137622e-14 6.971059e-14 4.637205e-11 4.645313e-11 fanout621
 1.123925e-14 4.858784e-14 4.637205e-11 4.643187e-11 fanout618
 1.251181e-14 6.351177e-14 4.634754e-11 4.642356e-11 max_cap367
 6.441718e-15 2.612064e-14 4.637289e-11 4.640545e-11 fanout187
 1.236489e-14 4.542565e-14 4.634754e-11 4.640533e-11 max_cap365
 6.440102e-15 2.590636e-14 4.637289e-11 4.640524e-11 fanout186
 6.400723e-15 2.538982e-14 4.637289e-11 4.640468e-11 fanout183
 6.409258e-15 2.323887e-14 4.637289e-11 4.640254e-11 fanout377
 6.405304e-15 2.219569e-14 4.637289e-11 4.640149e-11 fanout375
 1.304298e-14 6.327554e-14 4.627937e-11 4.635568e-11 max_cap250
 5.598937e-14 2.688180e-13 4.602302e-11 4.634782e-11 fanout262
 1.295845e-14 4.972763e-14 4.627937e-11 4.634205e-11 fanout247
 5.548700e-14 2.351844e-13 4.602302e-11 4.631369e-11 fanout790
 5.549518e-14 2.286994e-13 4.602302e-11 4.630722e-11 fanout261
 1.242781e-14 5.586174e-14 4.622838e-11 4.629667e-11 fanout746
 5.522835e-14 2.138525e-13 4.602344e-11 4.629252e-11 fanout706
 1.267244e-14 4.592679e-14 4.622838e-11 4.628698e-11 max_cap748
 1.237789e-14 4.595150e-14 4.622838e-11 4.628671e-11 fanout751
 5.531378e-14 2.072544e-13 4.602302e-11 4.628559e-11 fanout787
 1.259599e-14 4.440357e-14 4.622838e-11 4.628538e-11 wire745
 5.510904e-14 1.995838e-13 4.602302e-11 4.627771e-11 fanout785
 7.089431e-15 2.957748e-14 4.616837e-11 4.620504e-11 fanout396
 7.076654e-15 2.659995e-14 4.616837e-11 4.620205e-11 fanout398
 7.059930e-15 2.587538e-14 4.616837e-11 4.620131e-11 fanout393
 1.403849e-14 5.961707e-14 4.610753e-11 4.618118e-11 fanout230
 1.390104e-14 5.022565e-14 4.610753e-11 4.617165e-11 fanout228
 1.370031e-14 6.805278e-14 4.606471e-11 4.614647e-11 fanout220
 1.313350e-14 3.475869e-14 4.609485e-11 4.614275e-11 max_cap732
 1.449618e-14 4.496199e-14 4.606837e-11 4.612783e-11 max_cap737
 1.144213e-14 4.159089e-14 4.605316e-11 4.610620e-11 fanout756
 1.141563e-14 3.820628e-14 4.605316e-11 4.610278e-11 fanout760
 1.140415e-14 3.678249e-14 4.605316e-11 4.610135e-11 fanout773
 1.133366e-14 3.453274e-14 4.605316e-11 4.609903e-11 fanout767
 1.139839e-14 3.276311e-14 4.605316e-11 4.609732e-11 fanout771
 1.380188e-14 7.248039e-14 4.598189e-11 4.606817e-11 fanout211
 1.410150e-14 6.503766e-14 4.596274e-11 4.604188e-11 wire258
 1.366613e-14 4.098784e-14 4.593823e-11 4.599288e-11 max_cap730
 1.324913e-14 6.140985e-14 4.586809e-11 4.594275e-11 fanout202
 7.622638e-15 3.688386e-14 4.580949e-11 4.585400e-11 fanout905
 7.567972e-15 2.941485e-14 4.580949e-11 4.584648e-11 fanout909
 7.565834e-15 2.806851e-14 4.580949e-11 4.584513e-11 fanout904
 1.275920e-14 6.840814e-14 4.567090e-11 4.575207e-11 fanout589
 1.247054e-14 5.814626e-14 4.566103e-11 4.573165e-11 max_cap623
 1.285423e-14 6.872970e-14 4.558554e-11 4.566712e-11 fanout629
 1.280404e-14 5.810000e-14 4.558554e-11 4.565644e-11 fanout630
 1.232748e-14 4.474443e-14 4.557089e-11 4.562796e-11 max_cap611
 1.169787e-14 3.689879e-14 4.555089e-11 4.559949e-11 fanout918
 1.171866e-14 3.553880e-14 4.555089e-11 4.559815e-11 fanout915
 1.195653e-14 6.493417e-14 4.549089e-11 4.556778e-11 fanout780
 1.182553e-14 5.746493e-14 4.549089e-11 4.556018e-11 fanout779
 1.231062e-14 4.949710e-14 4.547089e-11 4.553270e-11 fanout406
 1.281217e-14 6.147883e-14 4.545624e-11 4.553053e-11 wire471
 1.245191e-14 5.864000e-14 4.540159e-11 4.547268e-11 fanout449
 1.232505e-14 4.344458e-14 4.540159e-11 4.545736e-11 fanout448
 1.377582e-14 7.475575e-14 4.533088e-11 4.541941e-11 max_cap416
 5.544870e-14 2.326616e-13 4.501876e-11 4.530687e-11 fanout485
 5.520949e-14 2.218152e-13 4.501876e-11 4.529579e-11 fanout488
 5.525465e-14 2.089664e-13 4.501876e-11 4.528299e-11 fanout797
 5.612874e-14 2.050386e-13 4.501876e-11 4.527993e-11 max_cap1027
 5.556291e-14 1.994515e-13 4.501876e-11 4.527378e-11 fanout1028
 7.562890e-15 3.055671e-14 4.523229e-11 4.527041e-11 fanout782
 5.510553e-14 1.868487e-13 4.501876e-11 4.526072e-11 fanout808
 1.363382e-14 5.837960e-14 4.510355e-11 4.517556e-11 fanout1019
 1.454720e-14 6.355882e-14 4.497340e-11 4.505151e-11 max_cap1007
 1.338362e-14 7.869095e-14 4.494692e-11 4.503900e-11 max_cap1018
 1.137470e-14 3.783651e-14 4.498862e-11 4.503783e-11 fanout970
 1.142172e-14 3.100007e-14 4.498862e-11 4.503104e-11 fanout946
 1.138809e-14 3.091185e-14 4.498862e-11 4.503092e-11 fanout982
 1.399040e-14 7.503751e-14 4.493425e-11 4.502328e-11 fanout233
 1.334217e-14 5.822494e-14 4.494692e-11 4.501849e-11 wire1016
 1.333330e-14 5.221176e-14 4.494692e-11 4.501247e-11 max_cap1012
 1.393359e-14 5.948001e-14 4.493425e-11 4.500766e-11 fanout232
 1.393265e-14 5.934964e-14 4.493425e-11 4.500753e-11 fanout231
 1.323349e-14 4.718084e-14 4.494692e-11 4.500733e-11 max_cap1014
 1.440419e-14 6.343933e-14 4.491622e-11 4.499406e-11 wire244
 1.429056e-14 5.210827e-14 4.491622e-11 4.498261e-11 max_cap242
 7.048639e-15 2.487911e-14 4.487340e-11 4.490533e-11 fanout601
 7.057663e-15 2.368634e-14 4.487340e-11 4.490414e-11 fanout594
 7.074006e-15 2.265617e-14 4.487340e-11 4.490313e-11 fanout593
 1.313238e-14 7.046752e-14 4.481537e-11 4.489897e-11 max_cap225
 1.241962e-14 5.314494e-14 4.481340e-11 4.487897e-11 fanout1002
 1.238908e-14 4.939759e-14 4.481340e-11 4.487519e-11 fanout1005
 1.237980e-14 4.568094e-14 4.481340e-11 4.487146e-11 fanout999
 1.256212e-14 4.477246e-14 4.481340e-11 4.487074e-11 max_cap997
 1.237664e-14 4.035414e-14 4.481340e-11 4.486613e-11 fanout998
 1.233778e-14 3.861331e-14 4.481340e-11 4.486435e-11 fanout1001
 1.303096e-14 5.994548e-14 4.476241e-11 4.483539e-11 max_cap252
 1.246564e-14 4.757669e-14 4.469424e-11 4.475428e-11 wire369
 1.132608e-14 6.745616e-14 4.465706e-11 4.473584e-11 max_cap235
 6.425428e-15 2.474131e-14 4.466889e-11 4.470005e-11 fanout385
 6.422641e-15 2.289652e-14 4.466889e-11 4.469821e-11 fanout381
 1.054779e-14 6.173577e-14 4.456889e-11 4.464117e-11 fanout470
 1.080042e-14 4.539368e-14 4.458156e-11 4.463776e-11 max_cap210
 1.040456e-14 4.695903e-14 4.456889e-11 4.462625e-11 fanout469
 8.986427e-15 3.513875e-14 4.447536e-11 4.451949e-11 fanout476
 8.386477e-15 4.352991e-14 4.446071e-11 4.451263e-11 max_cap473
 8.785876e-15 3.001762e-14 4.445593e-11 4.449473e-11 fanout477
 7.884632e-15 3.632278e-14 4.440888e-11 4.445309e-11 fanout412
 5.189114e-15 1.846683e-14 4.441029e-11 4.443394e-11 fanout436
 3.994826e-18 2.066721e-17 2.663389e-11 2.663392e-11 fanout1048
 4.006989e-18 2.102695e-17 2.663389e-11 2.663392e-11 fanout1055
 3.981325e-18 1.966239e-17 2.663389e-11 2.663392e-11 fanout1068
 4.045801e-18 1.985617e-17 2.663389e-11 2.663392e-11 fanout1073
 4.049924e-18 1.813069e-17 2.663389e-11 2.663392e-11 fanout1056
 4.033549e-18 1.797586e-17 2.663389e-11 2.663392e-11 fanout1070
 3.988940e-18 1.796502e-17 2.663389e-11 2.663392e-11 fanout1076
 4.040401e-18 1.677932e-17 2.663389e-11 2.663391e-11 fanout1058
 4.043486e-18 1.752947e-17 2.663389e-11 2.663391e-11 fanout1060
 4.035176e-18 1.582889e-17 2.663389e-11 2.663391e-11 fanout1047
 4.033350e-18 1.575441e-17 2.663389e-11 2.663391e-11 fanout1050
 4.023313e-18 1.382468e-17 2.663389e-11 2.663391e-11 fanout1067
 1.125754e-15 5.204595e-15 2.659038e-11 2.659671e-11 fanout577
 1.059764e-15 4.015809e-15 2.659069e-11 2.659576e-11 fanout356
 3.992799e-15 2.559016e-14 2.648688e-11 2.651646e-11 fanout517
 3.973504e-15 1.896205e-14 2.648688e-11 2.650981e-11 fanout538
 4.042750e-15 1.736736e-14 2.648688e-11 2.650829e-11 fanout500
 3.975207e-15 1.638869e-14 2.648688e-11 2.650724e-11 fanout537
 3.976368e-15 1.620225e-14 2.648688e-11 2.650706e-11 fanout529
 4.049596e-15 1.402050e-14 2.648688e-11 2.650495e-11 fanout494
 3.942179e-15 1.401701e-14 2.648688e-11 2.650484e-11 fanout497
 4.046526e-15 1.371739e-14 2.648688e-11 2.650464e-11 fanout522
 4.037668e-15 1.369966e-14 2.648688e-11 2.650461e-11 fanout523
 4.021189e-15 1.343826e-14 2.648688e-11 2.650434e-11 fanout495
 4.036173e-15 1.335712e-14 2.648688e-11 2.650427e-11 fanout533
 4.010945e-15 1.283015e-14 2.648688e-11 2.650372e-11 fanout502
 4.004688e-15 1.676665e-14 2.635070e-11 2.637147e-11 fanout583
 3.774981e-15 2.096634e-14 2.628902e-11 2.631376e-11 fanout217
 2.568586e-15 1.183260e-14 2.625055e-11 2.626495e-11 fanout422
 5.541331e-15 3.711296e-14 2.603834e-11 2.608100e-11 fanout628
 5.539517e-15 2.198804e-14 2.603529e-11 2.606282e-11 fanout442
 7.624581e-15 4.141299e-16 2.599254e-11 2.600058e-11 output12
 3.217964e-15 2.354631e-14 2.597025e-11 2.599702e-11 fanout189
 3.205584e-15 1.407734e-14 2.597025e-11 2.598754e-11 fanout188
 3.213316e-15 1.294988e-14 2.597025e-11 2.598642e-11 fanout378
 2.810425e-14 2.255199e-13 2.559149e-11 2.584511e-11 fanout710
 2.756618e-14 1.782256e-13 2.559103e-11 2.579682e-11 fanout789
 2.739328e-14 1.760681e-13 2.559149e-11 2.579495e-11 fanout709
 3.574731e-15 3.265551e-14 2.574858e-11 2.578481e-11 fanout403
 2.790882e-14 1.614078e-13 2.558538e-11 2.577470e-11 fanout726
 2.730635e-14 1.556348e-13 2.559149e-11 2.577443e-11 fanout699
 2.838080e-14 1.531739e-13 2.559103e-11 2.577258e-11 fanout793
 3.486490e-15 1.575675e-14 2.574858e-11 2.576782e-11 fanout395
 2.737512e-14 1.480926e-13 2.559149e-11 2.576695e-11 fanout701
 6.999563e-15 2.449889e-14 2.572874e-11 2.576023e-11 fanout653
 2.787377e-14 1.335997e-13 2.559149e-11 2.575296e-11 fanout704
 2.730349e-14 1.309294e-13 2.559149e-11 2.574972e-11 fanout708
 2.773727e-14 1.194804e-13 2.558538e-11 2.573260e-11 fanout725
 2.764438e-14 1.134702e-13 2.559103e-11 2.573214e-11 fanout786
 2.782472e-14 1.135005e-13 2.558538e-11 2.572671e-11 fanout724
 2.766021e-14 1.136218e-13 2.558538e-11 2.572666e-11 fanout715
 2.767781e-14 1.064565e-13 2.559149e-11 2.572562e-11 fanout700
 2.758388e-14 1.045137e-13 2.559149e-11 2.572358e-11 fanout707
 2.715332e-14 1.045760e-13 2.559149e-11 2.572322e-11 fanout698
 7.105358e-15 2.130690e-14 2.569301e-11 2.572142e-11 fanout687
 6.397070e-15 1.973188e-14 2.569484e-11 2.572097e-11 fanout684
 2.767589e-14 1.004922e-13 2.559149e-11 2.571965e-11 fanout703
 2.757145e-14 1.052243e-13 2.558538e-11 2.571818e-11 fanout721
 2.778714e-14 1.038323e-13 2.558538e-11 2.571700e-11 fanout717
 2.757127e-14 1.011385e-13 2.558538e-11 2.571409e-11 fanout712
 2.782452e-14 2.441656e-13 2.543836e-11 2.571035e-11 fanout355
 6.949139e-15 2.021899e-14 2.568293e-11 2.571010e-11 fanout652
 7.031972e-15 1.958903e-14 2.568324e-11 2.570986e-11 fanout670
 7.071721e-15 2.406094e-14 2.564019e-11 2.567132e-11 fanout738
 5.881451e-15 3.905365e-14 2.562370e-11 2.566863e-11 fanout775
 2.767794e-14 1.975422e-13 2.543836e-11 2.566358e-11 fanout327
 7.082424e-15 1.977901e-14 2.563011e-11 2.565697e-11 fanout690
 5.623932e-15 2.509829e-14 2.562370e-11 2.565442e-11 fanout768
 5.637929e-15 2.296232e-14 2.562370e-11 2.565230e-11 fanout772
 5.711963e-15 1.677037e-14 2.562370e-11 2.564618e-11 fanout770
 7.041011e-15 2.317135e-14 2.561026e-11 2.564048e-11 fanout673
 7.102840e-15 2.333160e-14 2.559744e-11 2.562787e-11 fanout677
 6.573280e-15 2.185676e-14 2.557271e-11 2.560114e-11 fanout655
 2.781183e-14 1.338930e-13 2.543836e-11 2.560007e-11 fanout306
 6.778682e-15 2.223275e-14 2.556965e-11 2.559867e-11 fanout668
 2.754387e-14 1.145624e-13 2.543836e-11 2.558047e-11 fanout354
 2.753211e-14 1.129763e-13 2.543836e-11 2.557887e-11 fanout345
 2.758795e-14 1.123639e-13 2.543836e-11 2.557832e-11 fanout310
 7.305065e-15 2.062397e-14 2.554706e-11 2.557499e-11 fanout645
 2.760944e-14 1.045432e-13 2.543836e-11 2.557052e-11 fanout302
 2.776376e-14 9.856218e-14 2.543836e-11 2.556469e-11 fanout325
 2.773974e-14 9.854307e-14 2.543836e-11 2.556465e-11 fanout311
 6.749885e-15 2.106814e-14 2.552996e-11 2.555778e-11 fanout686
 2.752697e-14 9.044362e-14 2.543836e-11 2.555633e-11 fanout348
 2.764168e-14 8.634745e-14 2.543836e-11 2.555235e-11 fanout353
 3.730784e-15 1.741814e-14 2.535959e-11 2.538074e-11 fanout908
 7.529912e-15 2.090995e-14 2.533577e-11 2.536421e-11 fanout688
 2.024170e-16 6.696529e-17 2.528325e-11 2.528352e-11 output18
 6.234481e-15 2.936018e-14 2.520936e-11 2.524496e-11 fanout590
 1.987068e-15 1.943279e-16 2.515929e-11 2.516147e-11 output17
 7.830169e-16 1.008842e-16 2.515654e-11 2.515742e-11 output62
 5.921222e-15 2.851638e-14 2.507929e-11 2.511373e-11 fanout931
 5.765935e-15 2.455427e-14 2.507929e-11 2.510961e-11 fanout923
 5.807170e-15 2.441599e-14 2.507929e-11 2.510951e-11 fanout913
 1.574700e-15 4.714303e-16 2.510647e-11 2.510851e-11 output28
 2.135613e-15 3.379299e-16 2.510555e-11 2.510802e-11 output41
 5.896916e-15 2.263484e-14 2.507929e-11 2.510782e-11 fanout912
 5.884550e-15 1.987195e-14 2.507929e-11 2.510505e-11 fanout929
 1.926572e-15 1.474245e-16 2.509120e-11 2.509327e-11 output57
 1.527882e-15 1.273735e-16 2.508876e-11 2.509041e-11 output60
 7.793251e-16 5.685817e-17 2.508479e-11 2.508562e-11 output36
 1.182624e-15 3.015022e-16 2.507257e-11 2.507406e-11 output35
 1.530893e-15 6.235755e-16 2.506647e-11 2.506862e-11 output33
 1.545876e-15 1.298663e-16 2.506219e-11 2.506387e-11 output59
 1.605608e-15 9.061730e-17 2.505944e-11 2.506114e-11 output58
 1.044132e-15 2.201902e-16 2.504570e-11 2.504697e-11 output61
 6.393946e-16 5.520122e-17 2.504509e-11 2.504579e-11 output39
 1.331934e-15 2.489326e-16 2.504051e-11 2.504209e-11 output34
 3.282140e-16 1.277906e-15 2.501120e-11 2.501281e-11 fanout820
 3.112720e-16 5.225023e-17 2.501120e-11 2.501157e-11 output40
 7.766755e-16 2.285533e-16 2.498860e-11 2.498961e-11 output37
 1.743174e-15 3.625971e-16 2.496998e-11 2.497209e-11 output52
 1.337323e-15 8.722235e-17 2.496204e-11 2.496347e-11 output38
 1.650903e-16 6.116276e-16 2.494708e-11 2.494786e-11 fanout817
 1.636243e-16 5.617903e-16 2.494708e-11 2.494781e-11 fanout819
 1.566583e-16 5.601999e-17 2.494708e-11 2.494730e-11 output30
 1.563574e-16 5.328172e-17 2.494708e-11 2.494729e-11 output22
 1.572121e-16 4.805311e-17 2.494708e-11 2.494729e-11 output25
 1.568367e-16 4.678740e-17 2.494708e-11 2.494729e-11 output27
 1.566183e-16 3.716546e-17 2.494708e-11 2.494728e-11 output21
 1.562302e-16 3.290074e-17 2.494708e-11 2.494727e-11 output20
 1.561001e-16 3.087639e-17 2.494708e-11 2.494727e-11 output19
 1.560862e-16 3.121895e-17 2.494708e-11 2.494727e-11 output23
 1.562146e-16 2.697471e-17 2.494708e-11 2.494727e-11 output26
 1.564332e-16 2.747095e-17 2.494708e-11 2.494727e-11 output29
 1.563395e-16 2.524436e-17 2.494708e-11 2.494726e-11 output31
 1.566152e-16 1.918690e-17 2.494708e-11 2.494726e-11 output24
 1.553042e-16 1.651562e-17 2.494708e-11 2.494725e-11 output32
 2.721102e-14 1.214074e-13 2.465518e-11 2.480380e-11 fanout300
 2.768735e-14 1.159815e-13 2.465518e-11 2.479885e-11 fanout274
 2.780144e-14 1.147813e-13 2.465518e-11 2.479777e-11 fanout279
 2.790988e-14 1.135078e-13 2.465518e-11 2.479660e-11 fanout269
 2.768359e-14 1.092624e-13 2.465518e-11 2.479213e-11 fanout285
 2.768330e-14 1.092311e-13 2.465518e-11 2.479210e-11 fanout287
 2.721790e-14 1.080949e-13 2.465518e-11 2.479050e-11 fanout288
 2.757768e-14 1.043590e-13 2.465518e-11 2.478712e-11 fanout282
 2.779866e-14 1.039382e-13 2.465518e-11 2.478692e-11 fanout276
 2.769416e-14 9.961433e-14 2.465518e-11 2.478249e-11 fanout278
 2.756930e-14 9.905727e-14 2.465518e-11 2.478181e-11 fanout268
 2.781396e-14 9.675532e-14 2.465518e-11 2.477975e-11 fanout293
 2.769057e-14 9.650662e-14 2.465518e-11 2.477938e-11 fanout298
 2.775630e-14 9.398600e-14 2.465518e-11 2.477693e-11 fanout295
 2.767088e-14 9.095797e-14 2.465518e-11 2.477381e-11 fanout273
 3.822506e-15 2.476076e-14 2.473396e-11 2.476254e-11 fanout784
 4.285140e-16 5.703299e-17 2.474129e-11 2.474177e-11 output63
 2.770478e-14 2.066896e-13 2.450252e-11 2.473691e-11 fanout489
 2.740362e-14 1.558100e-13 2.450252e-11 2.468573e-11 fanout263
 2.740205e-14 1.484882e-13 2.450252e-11 2.467841e-11 fanout805
 2.743507e-14 1.406005e-13 2.450252e-11 2.467055e-11 fanout804
 2.742741e-14 1.385771e-13 2.450252e-11 2.466852e-11 fanout803
 2.744156e-14 1.289102e-13 2.450252e-11 2.465887e-11 fanout810
 2.776307e-14 1.253281e-13 2.450252e-11 2.465561e-11 fanout811
 2.797557e-14 1.214984e-13 2.450252e-11 2.465199e-11 fanout807
 2.720908e-14 1.178042e-13 2.450252e-11 2.464753e-11 fanout798
 2.726262e-14 1.100297e-13 2.450252e-11 2.463981e-11 fanout800
 7.693948e-15 2.557084e-14 2.460297e-11 2.463624e-11 fanout680
 2.774795e-14 1.042784e-13 2.450252e-11 2.463454e-11 fanout806
 2.722748e-14 1.033710e-13 2.450252e-11 2.463312e-11 fanout794
 6.703014e-15 3.114448e-14 2.459442e-11 2.463227e-11 fanout1022
 2.752741e-16 3.010255e-17 2.455870e-11 2.455900e-11 output64
 5.761963e-15 3.362444e-14 2.446984e-11 2.450923e-11 fanout995
 5.737488e-15 2.875521e-14 2.446984e-11 2.450434e-11 fanout939
 5.629802e-15 2.675605e-14 2.446984e-11 2.450223e-11 fanout951
 5.621531e-15 2.431530e-14 2.446984e-11 2.449978e-11 fanout965
 5.643525e-15 2.319543e-14 2.446984e-11 2.449868e-11 fanout942
 5.680989e-15 2.311179e-14 2.446984e-11 2.449864e-11 fanout974
 5.622338e-15 2.290189e-14 2.446984e-11 2.449837e-11 fanout987
 5.652266e-15 2.285253e-14 2.446984e-11 2.449835e-11 fanout968
 5.611705e-15 2.156339e-14 2.446984e-11 2.449702e-11 fanout994
 5.709363e-15 2.109287e-14 2.446984e-11 2.449664e-11 fanout988
 5.761045e-15 2.099702e-14 2.446984e-11 2.449660e-11 fanout949
 5.631958e-15 2.102611e-14 2.446984e-11 2.449650e-11 fanout960
 5.742988e-15 2.066870e-14 2.446984e-11 2.449625e-11 fanout954
 5.624795e-15 2.010848e-14 2.446984e-11 2.449558e-11 fanout959
 5.620825e-15 1.887103e-14 2.446984e-11 2.449434e-11 fanout967
 5.690310e-15 1.846527e-14 2.446984e-11 2.449400e-11 fanout989
 5.616262e-15 1.717327e-14 2.446984e-11 2.449263e-11 fanout948
 5.678857e-15 1.688336e-14 2.446984e-11 2.449240e-11 fanout975
 7.030292e-15 2.863269e-14 2.445336e-11 2.448902e-11 fanout1010
 6.985355e-15 2.118756e-14 2.444969e-11 2.447787e-11 fanout648
 6.975780e-15 2.099985e-14 2.444969e-11 2.447767e-11 fanout649
 7.230218e-15 2.135879e-14 2.437367e-11 2.440225e-11 fanout667
 7.215109e-15 2.502808e-14 2.436481e-11 2.439706e-11 fanout654
 3.514990e-15 2.187179e-14 2.434496e-11 2.437035e-11 fanout598
 3.506174e-15 1.961216e-14 2.434496e-11 2.436808e-11 fanout602
 3.501731e-15 1.834831e-14 2.434496e-11 2.436681e-11 fanout604
 3.546945e-15 1.561100e-14 2.434496e-11 2.436412e-11 fanout595
 3.496317e-15 1.513343e-14 2.434496e-11 2.436359e-11 fanout592
 3.536914e-15 1.392981e-14 2.434496e-11 2.436243e-11 fanout600
 1.994473e-16 6.401788e-17 2.435138e-11 2.435164e-11 output47
 1.995222e-16 5.602159e-17 2.435138e-11 2.435163e-11 output49
 2.001395e-16 4.522351e-17 2.435138e-11 2.435162e-11 output55
 1.981447e-16 4.039089e-17 2.435138e-11 2.435161e-11 output46
 1.989610e-16 3.927119e-17 2.435138e-11 2.435161e-11 output43
 1.994138e-16 3.850227e-17 2.435138e-11 2.435161e-11 output50
 1.980094e-16 3.554848e-17 2.435138e-11 2.435161e-11 output51
 1.980614e-16 3.566506e-17 2.435138e-11 2.435161e-11 output54
 2.004197e-16 3.215417e-17 2.435138e-11 2.435161e-11 output48
 1.979019e-16 2.745772e-17 2.435138e-11 2.435160e-11 output42
 1.982152e-16 1.734221e-17 2.435138e-11 2.435159e-11 output53
 1.976706e-16 1.287942e-17 2.435138e-11 2.435158e-11 output45
 1.975974e-16 9.276092e-18 2.435138e-11 2.435158e-11 output44
 1.975364e-16 6.446726e-18 2.435138e-11 2.435158e-11 output56
 6.279690e-15 3.125788e-14 2.422466e-11 2.426220e-11 fanout253
 6.539713e-15 1.859833e-14 2.421092e-11 2.423606e-11 fanout641
 6.117101e-15 3.275122e-14 2.415077e-11 2.418964e-11 fanout371
 6.030114e-15 2.676344e-14 2.415077e-11 2.418356e-11 fanout370
 3.197550e-15 2.551217e-14 2.412329e-11 2.415200e-11 fanout193
 3.182698e-15 2.165632e-14 2.412329e-11 2.414813e-11 fanout190
 3.192587e-15 1.833737e-14 2.412329e-11 2.414482e-11 fanout391
 3.227974e-15 1.600982e-14 2.412329e-11 2.414253e-11 fanout392
 3.164547e-15 1.333921e-14 2.412329e-11 2.413979e-11 fanout382
 5.546340e-15 2.494653e-14 2.405520e-11 2.408569e-11 fanout457
 2.576687e-15 1.551847e-14 2.384300e-11 2.386109e-11 fanout430
 2.571657e-15 1.437045e-14 2.384300e-11 2.385994e-11 fanout431
 2.566474e-15 1.326755e-14 2.384300e-11 2.385883e-11 fanout439
 2.579468e-15 8.170144e-15 2.384300e-11 2.385375e-11 fanout427
 4.052549e-15 1.797838e-14 2.374285e-11 2.376488e-11 fanout588
 4.055295e-15 1.711862e-14 2.374285e-11 2.376402e-11 fanout586
 4.006269e-15 1.360351e-14 2.374285e-11 2.376046e-11 fanout176
 4.041865e-15 3.546703e-14 2.360667e-11 2.364618e-11 fanout573
 3.984481e-15 1.967818e-14 2.360667e-11 2.363033e-11 fanout542
 4.052260e-15 1.737071e-14 2.360667e-11 2.362809e-11 fanout559
 4.060780e-15 1.733733e-14 2.360667e-11 2.362806e-11 fanout540
 3.963575e-15 1.717816e-14 2.360667e-11 2.362781e-11 fanout551
 3.988935e-15 1.664716e-14 2.360667e-11 2.362730e-11 fanout561
 3.959747e-15 1.605779e-14 2.360667e-11 2.362668e-11 fanout552
 4.040515e-15 1.570906e-14 2.360667e-11 2.362642e-11 fanout562
 3.971967e-15 1.560802e-14 2.360667e-11 2.362625e-11 fanout568
 4.038838e-15 1.550754e-14 2.360667e-11 2.362621e-11 fanout543
 4.040122e-15 1.436731e-14 2.360667e-11 2.362507e-11 fanout547
 4.039642e-15 1.436723e-14 2.360667e-11 2.362507e-11 fanout557
 4.038353e-15 1.418555e-14 2.360667e-11 2.362489e-11 fanout556
 4.027388e-15 1.388671e-14 2.360667e-11 2.362458e-11 fanout545
 4.007304e-15 1.342044e-14 2.360667e-11 2.362409e-11 fanout570
 4.035873e-15 1.325194e-14 2.360667e-11 2.362396e-11 fanout567
 3.986056e-15 1.314865e-14 2.360667e-11 2.362380e-11 fanout566
 3.863371e-15 1.952577e-16 2.360667e-11 2.361073e-11 output15
 1.688288e-15 6.954543e-15 2.353369e-11 2.354233e-11 fanout196
 1.631796e-15 7.233753e-15 2.352758e-11 2.353645e-11 fanout145
 1.619496e-15 5.280085e-15 2.352758e-11 2.353448e-11 fanout144
 1.275608e-15 5.297886e-15 2.351476e-11 2.352133e-11 fanout146
 1.270104e-15 5.240295e-15 2.351476e-11 2.352127e-11 fanout147
 1.124229e-15 4.236738e-15 2.350316e-11 2.350852e-11 fanout361
 1.062008e-15 4.416330e-15 2.350285e-11 2.350833e-11 fanout359
 1.145603e-15 3.988224e-15 2.350316e-11 2.350829e-11 fanout362
 1.889460e-16 7.733135e-16 2.350560e-11 2.350656e-11 fanout103
 1.089637e-16 6.955519e-16 2.348759e-11 2.348839e-11 fanout89
 4.057770e-18 2.527831e-17 2.346011e-11 2.346014e-11 fanout1139
 4.042203e-18 2.003188e-17 2.346011e-11 2.346013e-11 fanout1104
 4.031904e-18 1.564254e-17 2.346011e-11 2.346013e-11 fanout1080
 4.015429e-18 1.306813e-17 2.346011e-11 2.346013e-11 fanout1093
 2.042467e-18 1.002854e-17 2.345400e-11 2.345401e-11 fanout111
 2.040273e-18 8.903498e-18 2.345400e-11 2.345401e-11 fanout105
 2.039609e-18 8.214581e-18 2.345400e-11 2.345401e-11 fanout825
 2.004154e-18 9.225192e-18 2.345400e-11 2.345401e-11 fanout826
 2.057196e-18 7.828456e-18 2.345400e-11 2.345401e-11 fanout829
 2.004617e-18 6.659818e-18 2.345400e-11 2.345401e-11 fanout139
 2.005973e-18 6.861249e-18 2.345400e-11 2.345401e-11 fanout82
 2.016346e-18 7.350717e-18 2.345400e-11 2.345401e-11 fanout821
 2.021682e-18 7.497486e-18 2.345400e-11 2.345401e-11 fanout823
 2.221115e-15 2.716148e-14 2.004388e-11 2.007326e-11 _21114_
 1.098947e-18 4.301812e-18 1.689930e-11 1.689930e-11 fanout99
 2.206679e-18 1.124453e-17 1.689861e-11 1.689862e-11 fanout1079
 2.191535e-18 8.403247e-18 1.689861e-11 1.689862e-11 fanout1113
 2.187159e-18 7.898927e-18 1.689861e-11 1.689862e-11 fanout1120
 2.188554e-18 8.777132e-18 1.689861e-11 1.689862e-11 fanout1124
 2.181281e-18 7.040101e-18 1.689861e-11 1.689862e-11 fanout1111
 2.183217e-18 7.306203e-18 1.689861e-11 1.689862e-11 fanout1126
 2.183058e-15 8.269546e-15 1.686663e-11 1.687708e-11 fanout173
 2.178603e-15 7.740693e-15 1.686663e-11 1.687655e-11 fanout177
 1.505365e-14 6.016781e-14 1.678071e-11 1.685593e-11 fanout264
 1.499598e-14 5.125626e-14 1.676344e-11 1.682969e-11 fanout286
 3.105403e-15 1.057316e-14 1.678440e-11 1.679808e-11 fanout953
 3.092149e-15 9.308240e-15 1.678440e-11 1.679680e-11 fanout956
 1.506445e-14 6.008443e-14 1.667485e-11 1.675000e-11 fanout332
 1.500444e-14 5.772076e-14 1.667485e-11 1.674758e-11 fanout312
 1.499600e-14 5.408032e-14 1.667485e-11 1.674393e-11 fanout304
 1.501811e-14 5.395300e-14 1.667485e-11 1.674382e-11 fanout316
 1.496607e-14 4.856349e-14 1.667485e-11 1.673838e-11 fanout329
 1.931744e-18 1.318334e-17 1.673390e-11 1.673392e-11 _11991_
 4.496420e-18 3.257627e-17 1.673385e-11 1.673389e-11 _12103_
 9.020824e-17 5.144838e-16 1.673042e-11 1.673103e-11 fanout818
 1.502656e-14 5.407783e-14 1.665822e-11 1.672733e-11 fanout714
 1.187903e-16 1.116115e-15 1.670867e-11 1.670991e-11 _12027_
 1.778863e-15 3.416962e-14 1.666440e-11 1.670034e-11 _20760_
 1.604320e-16 1.128295e-15 1.669384e-11 1.669513e-11 _12194_
 3.815961e-15 9.428965e-15 1.666449e-11 1.667774e-11 fanout643
 3.794978e-15 1.028221e-14 1.665541e-11 1.666949e-11 fanout674
 2.344416e-16 1.756627e-15 1.665661e-11 1.665860e-11 _12181_
 6.457862e-16 5.143377e-15 1.661672e-11 1.662251e-11 _12163_
 5.316355e-16 3.894976e-15 1.659268e-11 1.659711e-11 _12009_
 5.889563e-16 3.906703e-15 1.659146e-11 1.659596e-11 _12087_
 5.205639e-17 4.310476e-16 1.659400e-11 1.659448e-11 _12282_
 2.209230e-15 1.009150e-14 1.657166e-11 1.658396e-11 fanout156
 5.546037e-16 2.130230e-15 1.657318e-11 1.657587e-11 fanout91
 2.203988e-15 1.036302e-14 1.655626e-11 1.656882e-11 fanout160
 2.203777e-15 9.913704e-15 1.655626e-11 1.656838e-11 fanout164
 2.199091e-15 9.503380e-15 1.655626e-11 1.656796e-11 fanout170
 2.198061e-15 9.115077e-15 1.655626e-11 1.656757e-11 fanout162
 2.196886e-15 9.104942e-15 1.655626e-11 1.656756e-11 fanout159
 2.188807e-15 8.696323e-15 1.655626e-11 1.656714e-11 fanout510
 2.190208e-15 8.505819e-15 1.655626e-11 1.656695e-11 fanout169
 2.191751e-15 8.280360e-15 1.655626e-11 1.656673e-11 fanout168
 2.190625e-15 8.197708e-15 1.655626e-11 1.656665e-11 fanout524
 2.179907e-15 7.067963e-15 1.655626e-11 1.656551e-11 fanout158
 9.361208e-16 5.020692e-15 1.654800e-11 1.655396e-11 fanout198
 4.492834e-17 1.511544e-16 1.654151e-11 1.654171e-11 fanout94
 3.295352e-18 1.409605e-17 1.653985e-11 1.653987e-11 fanout852
 3.277314e-18 1.149558e-17 1.653985e-11 1.653987e-11 fanout831
 3.296651e-18 1.317524e-17 1.653985e-11 1.653987e-11 fanout899
 3.278420e-18 1.145143e-17 1.653985e-11 1.653987e-11 fanout869
 3.268570e-18 1.015727e-17 1.653985e-11 1.653987e-11 fanout877
 3.268302e-18 1.012360e-17 1.653985e-11 1.653987e-11 fanout879
 3.273126e-18 1.073494e-17 1.653985e-11 1.653987e-11 fanout881
 3.262273e-18 9.037713e-18 1.653985e-11 1.653987e-11 fanout850
 3.266055e-18 9.460321e-18 1.653985e-11 1.653987e-11 fanout860
 3.261516e-18 8.630277e-18 1.653985e-11 1.653987e-11 fanout867
 2.205843e-18 1.136655e-17 1.653963e-11 1.653964e-11 fanout1040
 2.193252e-18 8.884303e-18 1.653963e-11 1.653964e-11 fanout1033
 2.191591e-18 8.386067e-18 1.653963e-11 1.653964e-11 fanout1035
 2.186737e-18 7.764630e-18 1.653963e-11 1.653964e-11 fanout1042
 2.188076e-18 7.934139e-18 1.653963e-11 1.653964e-11 fanout1043
 2.177138e-18 6.833396e-18 1.653963e-11 1.653964e-11 fanout1031
 5.566656e-18 1.967384e-17 1.653906e-11 1.653908e-11 fanout121
 1.513405e-18 3.566706e-18 1.348094e-11 1.348094e-11 input9
 1.518332e-15 5.180236e-15 1.345554e-11 1.346224e-11 input10
 9.605655e-16 1.709155e-15 1.343733e-11 1.344000e-11 input6
 8.905744e-15 2.826377e-14 1.339732e-11 1.343449e-11 input8
 7.486319e-17 2.611097e-16 1.340490e-11 1.340524e-11 _24774_
 7.481790e-17 2.464098e-16 1.340490e-11 1.340522e-11 _24776_
 7.453384e-17 1.727245e-16 1.340490e-11 1.340515e-11 _24770_
 7.450438e-17 1.650822e-16 1.340490e-11 1.340514e-11 _24775_
 7.446521e-17 1.549218e-16 1.340490e-11 1.340513e-11 _24772_
 7.387427e-17 1.233649e-16 1.340490e-11 1.340510e-11 _24773_
 7.392846e-17 9.565043e-17 1.340490e-11 1.340507e-11 _24777_
 7.349263e-17 5.850052e-17 1.340490e-11 1.340504e-11 _24771_
 2.121357e-15 4.920333e-15 1.336344e-11 1.337048e-11 input4
 5.845194e-17 1.621047e-16 1.335408e-11 1.335430e-11 _24768_
 5.846618e-17 1.597097e-16 1.335408e-11 1.335430e-11 _24762_
 5.832776e-17 1.351649e-16 1.335408e-11 1.335428e-11 _24765_
 5.830841e-17 1.309659e-16 1.335408e-11 1.335427e-11 _24766_
 5.826302e-17 1.211177e-16 1.335408e-11 1.335426e-11 _24769_
 5.825448e-17 1.192673e-16 1.335408e-11 1.335426e-11 _24767_
 5.820082e-17 1.076275e-16 1.335408e-11 1.335425e-11 _24764_
 5.795176e-17 8.412860e-17 1.335408e-11 1.335423e-11 _24763_
 1.164502e-15 3.393576e-15 1.334505e-11 1.334960e-11 input7
 2.182841e-15 2.887242e-15 1.334406e-11 1.334912e-11 input2
 2.337094e-15 4.349000e-15 1.333961e-11 1.334630e-11 input3
 1.871767e-15 4.361602e-15 1.332573e-11 1.333196e-11 input5
 2.167027e-15 5.511662e-15 1.331990e-11 1.332757e-11 input1
 2.716587e-18 1.905570e-17 1.331605e-11 1.331607e-11 _12124_
 2.372215e-17 1.888361e-16 1.331505e-11 1.331526e-11 _12005_
 2.266599e-17 1.713503e-16 1.331505e-11 1.331524e-11 _12004_
 1.350596e-17 1.055377e-16 1.331405e-11 1.331417e-11 _12070_
 3.042859e-17 2.572219e-16 1.331153e-11 1.331182e-11 _12228_
 1.662080e-17 1.300879e-16 1.331138e-11 1.331153e-11 _11913_
 1.063623e-17 9.158693e-17 1.331042e-11 1.331052e-11 _12260_
 2.627239e-15 5.816530e-15 1.330027e-11 1.330871e-11 wire157
 2.442092e-17 2.359849e-16 1.330839e-11 1.330865e-11 _11945_
 4.126888e-17 3.061635e-16 1.330638e-11 1.330673e-11 _12147_
 2.750749e-17 2.175398e-16 1.330247e-11 1.330272e-11 _11970_
 4.781646e-17 3.214075e-16 1.330158e-11 1.330195e-11 _12248_
 6.776089e-17 5.311096e-16 1.330109e-11 1.330169e-11 _12037_
 7.816123e-17 5.589213e-16 1.329740e-11 1.329804e-11 _12207_
 9.919751e-16 1.468555e-14 1.327989e-11 1.329557e-11 _22124_
 1.037493e-15 1.071012e-14 1.327659e-11 1.328834e-11 _21801_
 1.127957e-15 1.026341e-14 1.326684e-11 1.327823e-11 _22150_
 1.522981e-16 1.208610e-15 1.327524e-11 1.327660e-11 _12216_
 1.329460e-15 2.036619e-14 1.323531e-11 1.325700e-11 _21942_
 3.871431e-16 3.141263e-15 1.324604e-11 1.324957e-11 _12054_
 3.089213e-16 2.374430e-15 1.324542e-11 1.324810e-11 _12075_
 1.531646e-15 1.376391e-14 1.323013e-11 1.324543e-11 _12244_
 1.629842e-15 1.206148e-14 1.323095e-11 1.324464e-11 _12079_
 3.857829e-16 2.927354e-15 1.324102e-11 1.324433e-11 _12243_
 1.724393e-15 1.320881e-14 1.322826e-11 1.324319e-11 _12236_
 3.702703e-16 3.614890e-15 1.323918e-11 1.324316e-11 _12064_
 1.664216e-15 1.316720e-14 1.322824e-11 1.324307e-11 _12109_
 1.396928e-15 1.255627e-14 1.322809e-11 1.324204e-11 _12143_
 1.433857e-15 1.356259e-14 1.322687e-11 1.324187e-11 _12142_
 1.400388e-15 1.084380e-14 1.322947e-11 1.324172e-11 _11919_
 1.531094e-15 1.132238e-14 1.322863e-11 1.324148e-11 _12213_
 1.536627e-15 1.176385e-14 1.322814e-11 1.324144e-11 _12091_
 3.808458e-16 3.777973e-15 1.323617e-11 1.324033e-11 _12032_
 1.402396e-15 1.111565e-14 1.322699e-11 1.323951e-11 _12000_
 1.462199e-15 1.284245e-14 1.322518e-11 1.323949e-11 _12256_
 1.481767e-15 1.161885e-14 1.322614e-11 1.323924e-11 _11954_
 1.417649e-15 1.145310e-14 1.322603e-11 1.323890e-11 _11952_
 1.295202e-15 1.163711e-14 1.322554e-11 1.323847e-11 _12010_
 1.155013e-15 9.424443e-15 1.322777e-11 1.323835e-11 _12200_
 1.544028e-15 1.087170e-14 1.322567e-11 1.323809e-11 _11929_
 1.147385e-15 9.895762e-15 1.322692e-11 1.323796e-11 _12186_
 1.274139e-15 9.756288e-15 1.322689e-11 1.323792e-11 _12254_
 3.379708e-16 2.806044e-15 1.323467e-11 1.323781e-11 _11951_
 1.239182e-15 9.119699e-15 1.322709e-11 1.323745e-11 _12022_
 3.092132e-16 3.134535e-15 1.323331e-11 1.323676e-11 _12221_
 1.558577e-15 1.160849e-14 1.322332e-11 1.323649e-11 _11941_
 1.385665e-15 1.049251e-14 1.322434e-11 1.323621e-11 _12065_
 1.311106e-15 9.345270e-15 1.322555e-11 1.323621e-11 _12132_
 1.279782e-15 1.026712e-14 1.322450e-11 1.323605e-11 _12101_
 4.225884e-16 4.252269e-15 1.322983e-11 1.323451e-11 _11975_
 3.638189e-16 3.414620e-15 1.322961e-11 1.323339e-11 _11996_
 2.503435e-16 2.740359e-15 1.322980e-11 1.323279e-11 _12290_
 2.739283e-16 2.649325e-15 1.322949e-11 1.323242e-11 _12199_
 3.737902e-16 3.721717e-15 1.322819e-11 1.323229e-11 _12152_
 3.450643e-16 3.095919e-15 1.322858e-11 1.323202e-11 _11918_
 7.541374e-16 5.425321e-15 1.322572e-11 1.323190e-11 _12020_
 3.880791e-16 3.411773e-15 1.322739e-11 1.323119e-11 _12042_
 1.336136e-16 2.255084e-15 1.322827e-11 1.323066e-11 _12286_
 4.426165e-16 3.651451e-15 1.322479e-11 1.322889e-11 _12118_
 1.445223e-15 4.295898e-15 1.322272e-11 1.322846e-11 fanout163
 7.139866e-16 5.675556e-15 1.321923e-11 1.322562e-11 _11939_
 4.215671e-16 4.014454e-15 1.322048e-11 1.322492e-11 _12108_
 3.372484e-16 2.777125e-15 1.322050e-11 1.322361e-11 _12265_
 3.561855e-16 3.524245e-15 1.321810e-11 1.322198e-11 _12185_
 3.004709e-16 2.754907e-15 1.321815e-11 1.322120e-11 _12253_
 2.416969e-16 2.223993e-15 1.320980e-11 1.321226e-11 _12018_
 1.454145e-18 6.219334e-18 1.321018e-11 1.321019e-11 fanout1032
 1.451105e-18 6.606630e-18 1.321018e-11 1.321019e-11 fanout1036
 3.317938e-16 2.812444e-15 1.320496e-11 1.320811e-11 _12232_
 2.704797e-16 2.449507e-15 1.320532e-11 1.320804e-11 _11986_
 1.240856e-15 1.914154e-14 1.318591e-11 1.320629e-11 _12315_
 5.676448e-17 5.880436e-16 1.320134e-11 1.320199e-11 _12276_
 2.012626e-16 1.827922e-15 1.319992e-11 1.320195e-11 _12098_
 1.898865e-16 1.780767e-15 1.319991e-11 1.320188e-11 _12093_
 4.113694e-17 4.304974e-16 1.318987e-11 1.319034e-11 _12274_
 7.825015e-16 7.482233e-15 1.315617e-11 1.316444e-11 _12319_
 7.953506e-16 6.092131e-15 1.314863e-11 1.315552e-11 _12321_
 2.451821e-16 2.273868e-15 1.314354e-11 1.314606e-11 _15007_
 3.474829e-18 3.773111e-17 1.314064e-11 1.314068e-11 _13969_
 4.016933e-19 5.342597e-18 1.314018e-11 1.314019e-11 _12309_
 3.825643e-19 2.852739e-18 1.314018e-11 1.314018e-11 _18223_
 3.930423e-19 2.236768e-18 1.314018e-11 1.314018e-11 _18066_
 3.420518e-15 3.649195e-14 9.867207e-12 9.907119e-12 _12406_
 2.541804e-19 1.297559e-18 9.898728e-12 9.898729e-12 _13594_
 2.465275e-19 1.658298e-18 9.898728e-12 9.898729e-12 _14764_
 2.396415e-19 4.419202e-19 9.898728e-12 9.898729e-12 _12670_
 2.424774e-19 4.466026e-19 9.898728e-12 9.898729e-12 _12882_
 2.347841e-19 3.530409e-19 9.898728e-12 9.898729e-12 _13221_
 2.427720e-19 6.351728e-19 9.898728e-12 9.898729e-12 _13444_
 2.474647e-19 9.476779e-19 9.898728e-12 9.898729e-12 _13516_
 2.414882e-19 3.799742e-19 9.898728e-12 9.898729e-12 _13666_
 2.402334e-19 2.878336e-19 9.898728e-12 9.898729e-12 _13739_
 2.413178e-19 3.162407e-19 9.898728e-12 9.898729e-12 _13883_
 2.483529e-19 6.432545e-19 9.898728e-12 9.898729e-12 _13955_
 2.431464e-19 7.325686e-19 9.898728e-12 9.898729e-12 _14030_
 2.411171e-19 3.052102e-19 9.898728e-12 9.898729e-12 _14102_
 2.426475e-19 4.839086e-19 9.898728e-12 9.898729e-12 _14176_
 2.405677e-19 9.420259e-19 9.898728e-12 9.898729e-12 _14255_
 2.366431e-19 4.389781e-19 9.898728e-12 9.898729e-12 _14402_
 2.368931e-19 3.107734e-19 9.898728e-12 9.898729e-12 _14472_
 2.461693e-19 5.713022e-19 9.898728e-12 9.898729e-12 _14543_
 2.456424e-19 6.603990e-19 9.898728e-12 9.898729e-12 _14616_
 2.422909e-19 5.213614e-19 9.898728e-12 9.898729e-12 _14903_
 2.444090e-19 6.998698e-19 9.898728e-12 9.898729e-12 _14975_
 7.760903e-18 1.052851e-17 9.898660e-12 9.898678e-12 _12754_
 7.594130e-19 3.509041e-18 9.898507e-12 9.898512e-12 _12049_
 7.447691e-19 2.679721e-18 9.898507e-12 9.898511e-12 _12050_
 2.182584e-17 2.965821e-17 9.898456e-12 9.898507e-12 _19148_
 1.766778e-18 9.156822e-18 9.898490e-12 9.898501e-12 _12104_
 1.677101e-18 5.050075e-18 9.898490e-12 9.898497e-12 _12105_
 1.645745e-18 3.230608e-18 9.898474e-12 9.898479e-12 _12126_
 1.415857e-17 4.653772e-17 9.897976e-12 9.898036e-12 _12006_
 9.998309e-17 2.723679e-16 9.897645e-12 9.898017e-12 _15068_
 8.871538e-18 4.748916e-17 9.897476e-12 9.897532e-12 _12071_
 8.535657e-18 3.435186e-17 9.897476e-12 9.897519e-12 _12072_
 7.413819e-17 1.603431e-16 9.897070e-12 9.897304e-12 _19771_
 1.014641e-17 1.983705e-17 9.897121e-12 9.897152e-12 _12084_
 1.916839e-17 6.825783e-17 9.896217e-12 9.896304e-12 _12229_
 1.086711e-17 5.357691e-17 9.896140e-12 9.896205e-12 _11914_
 1.032874e-17 3.566763e-17 9.896140e-12 9.896186e-12 _11915_
 2.655206e-18 1.454844e-17 9.895836e-12 9.895853e-12 _12114_
 2.671207e-18 1.008244e-17 9.895836e-12 9.895849e-12 _12115_
 1.894476e-17 6.864571e-17 9.895743e-12 9.895831e-12 _12138_
 2.178821e-17 8.856122e-17 9.895718e-12 9.895828e-12 _12139_
 6.707646e-18 6.097663e-17 9.895658e-12 9.895726e-12 _12263_
 6.845130e-18 4.761626e-17 9.895658e-12 9.895713e-12 _12261_
 6.400048e-18 1.777004e-17 9.895658e-12 9.895682e-12 _12262_
 2.283334e-17 8.404304e-17 9.895464e-12 9.895570e-12 _12060_
 2.194665e-17 6.823911e-17 9.895464e-12 9.895554e-12 _12061_
 3.025282e-17 1.041084e-16 9.895371e-12 9.895505e-12 _12127_
 5.172119e-17 3.677544e-16 9.894754e-12 9.895174e-12 _12085_
 2.147652e-17 1.734720e-16 9.894772e-12 9.894967e-12 _11916_
 1.555730e-17 9.110314e-17 9.894644e-12 9.894751e-12 _11947_
 1.505352e-17 5.962884e-17 9.894644e-12 9.894719e-12 _11948_
 2.492853e-17 1.163860e-16 9.894450e-12 9.894591e-12 _11949_
 1.558928e-17 8.129552e-17 9.894137e-12 9.894234e-12 _11961_
 2.350697e-16 5.019532e-16 9.893284e-12 9.894021e-12 _20037_
 2.715081e-17 1.331742e-16 9.893639e-12 9.893799e-12 _12148_
 2.570478e-17 8.261266e-17 9.893639e-12 9.893747e-12 _12149_
 2.037959e-17 1.479909e-16 9.893385e-12 9.893553e-12 _11926_
 1.793988e-17 8.449751e-17 9.893411e-12 9.893513e-12 _11924_
 1.717056e-17 6.002011e-17 9.893411e-12 9.893488e-12 _11925_
 4.656930e-17 4.356849e-16 9.892768e-12 9.893250e-12 _12171_
 4.547017e-17 3.273685e-16 9.892768e-12 9.893141e-12 _12170_
 4.677940e-17 2.811362e-16 9.892768e-12 9.893096e-12 _12172_
 1.041308e-15 4.904998e-15 9.887063e-12 9.893009e-12 _16295_
 1.752858e-16 1.042607e-15 9.891694e-12 9.892912e-12 _14797_
 3.681282e-16 5.704503e-16 9.891373e-12 9.892312e-12 _21014_
 5.927821e-16 2.889276e-15 9.888677e-12 9.892159e-12 _18643_
 4.633096e-17 2.749307e-16 9.891804e-12 9.892125e-12 _12161_
 7.331039e-16 3.688004e-15 9.887561e-12 9.891982e-12 _15488_
 1.805006e-17 9.145013e-17 9.891686e-12 9.891796e-12 _11971_
 1.719658e-17 6.320647e-17 9.891686e-12 9.891767e-12 _11972_
 4.216974e-18 3.758484e-17 9.891441e-12 9.891483e-12 _15174_
 3.137544e-17 2.003251e-16 9.891238e-12 9.891470e-12 _12251_
 4.296679e-17 3.117562e-16 9.890993e-12 9.891347e-12 _12040_
 6.247444e-16 1.892148e-15 9.888778e-12 9.891295e-12 _19878_
 4.437233e-17 2.408541e-16 9.890993e-12 9.891278e-12 _12038_
 4.261103e-17 1.670541e-16 9.890993e-12 9.891202e-12 _12039_
 4.710385e-16 2.923640e-15 9.887594e-12 9.890989e-12 _21806_
 7.728316e-16 3.472311e-15 9.886742e-12 9.890986e-12 _18495_
 3.043694e-17 2.713217e-16 9.890545e-12 9.890847e-12 _12073_
 1.898810e-15 5.954758e-15 9.882380e-12 9.890234e-12 _21936_
 4.855512e-16 1.460763e-15 9.888280e-12 9.890227e-12 _21119_
 7.333757e-16 4.085482e-15 9.885406e-12 9.890225e-12 _16730_
 4.288141e-17 6.955137e-17 9.890097e-12 9.890209e-12 _12029_
 6.752238e-16 2.924437e-15 9.886564e-12 9.890163e-12 _18173_
 7.283439e-16 1.970031e-15 9.887198e-12 9.889896e-12 _20366_
 4.707828e-16 1.246902e-15 9.888135e-12 9.889853e-12 _21417_
 7.881072e-16 2.969577e-15 9.885812e-12 9.889569e-12 _17699_
 7.140267e-16 2.323124e-15 9.886513e-12 9.889551e-12 _18952_
 7.139476e-16 1.926432e-15 9.886826e-12 9.889466e-12 _17381_
 4.937185e-17 2.547793e-16 9.889150e-12 9.889455e-12 _12205_
 7.217259e-16 2.568711e-15 9.886124e-12 9.889415e-12 _18799_
 5.911976e-16 1.826072e-15 9.886986e-12 9.889404e-12 _20047_
 8.852801e-16 4.871215e-15 9.883631e-12 9.889388e-12 _17553_
 6.948614e-16 2.183891e-15 9.886284e-12 9.889163e-12 _19733_
 7.865567e-16 3.762428e-15 9.884535e-12 9.889084e-12 _20207_
 5.493600e-16 3.042838e-15 9.885431e-12 9.889024e-12 _21043_
 8.214056e-16 4.191233e-15 9.884002e-12 9.889015e-12 _20214_
 8.279622e-16 3.969268e-15 9.884197e-12 9.888994e-12 _15495_
 8.513994e-16 3.665158e-15 9.884416e-12 9.888933e-12 _17063_
 7.772836e-16 3.889439e-15 9.884222e-12 9.888888e-12 _17546_
 8.479897e-16 2.224792e-15 9.885609e-12 9.888682e-12 _19885_
 7.732805e-16 2.983290e-15 9.884780e-12 9.888536e-12 _16446_
 7.323011e-16 2.604220e-15 9.885186e-12 9.888523e-12 _17706_
 8.551059e-16 3.178940e-15 9.884273e-12 9.888307e-12 _17710_
 8.585217e-16 3.932306e-15 9.883470e-12 9.888260e-12 _17056_
 5.110843e-16 9.546241e-16 9.886724e-12 9.888190e-12 _21266_
 7.892559e-16 3.481934e-15 9.883800e-12 9.888070e-12 _18650_
 4.922751e-16 1.023135e-15 9.886455e-12 9.887970e-12 _23069_
 7.098734e-16 1.979660e-15 9.885278e-12 9.887968e-12 _16594_
 7.118175e-16 2.839322e-15 9.884290e-12 9.887841e-12 _19408_
 8.463742e-16 2.915979e-15 9.883951e-12 9.887714e-12 _19577_
 8.300279e-16 2.054413e-15 9.884738e-12 9.887623e-12 _16130_
 8.484812e-16 2.285968e-15 9.884307e-12 9.887442e-12 _17388_
 8.165368e-16 1.739668e-15 9.884620e-12 9.887176e-12 _18026_
 7.503339e-16 1.173864e-15 9.885203e-12 9.887127e-12 _15499_
 8.114032e-16 2.801379e-15 9.883233e-12 9.886846e-12 _15812_
 4.744526e-16 7.426528e-16 9.885617e-12 9.886834e-12 _22244_
 6.014687e-17 3.064363e-16 9.886387e-12 9.886754e-12 _15372_
 4.267191e-16 2.567754e-15 9.883487e-12 9.886481e-12 _14289_
 8.017459e-16 2.601176e-15 9.883048e-12 9.886450e-12 _20054_
 8.321580e-16 1.523848e-15 9.883800e-12 9.886155e-12 _18499_
 7.796959e-17 7.173858e-16 9.885287e-12 9.886082e-12 _12239_
 8.714608e-16 2.483707e-15 9.882658e-12 9.886013e-12 _16588_
 7.168992e-16 2.262529e-15 9.882971e-12 9.885951e-12 _17891_
 6.182368e-17 4.375903e-16 9.885152e-12 9.885651e-12 _12196_
 7.803082e-17 2.277389e-16 9.885287e-12 9.885593e-12 _12241_
 6.392362e-17 3.413843e-16 9.885152e-12 9.885557e-12 _12195_
 9.074487e-16 1.247663e-15 9.883361e-12 9.885516e-12 _15819_
 4.139933e-16 2.142087e-15 9.882878e-12 9.885434e-12 _12843_
 1.069916e-16 8.917059e-16 9.883791e-12 9.884789e-12 _12150_
 6.450701e-16 1.148571e-15 9.881847e-12 9.883641e-12 _21328_
 2.974232e-17 4.627736e-17 9.883563e-12 9.883639e-12 _12051_
 2.653160e-15 5.674104e-15 9.875051e-12 9.883379e-12 _23473_
 5.821989e-16 8.431314e-16 9.881814e-12 9.883239e-12 _21803_
 7.071797e-16 4.153927e-15 9.878162e-12 9.883022e-12 _20672_
 5.220582e-16 2.529954e-15 9.878796e-12 9.881848e-12 _14724_
 5.939901e-16 8.327888e-16 9.880021e-12 9.881448e-12 _21255_
 5.793073e-17 5.081945e-16 9.880478e-12 9.881044e-12 _12116_
 4.894152e-16 2.531319e-15 9.877663e-12 9.880684e-12 _13477_
 7.444574e-16 1.125642e-15 9.878546e-12 9.880416e-12 _22032_
 7.411973e-16 8.653490e-16 9.878326e-12 9.879933e-12 _23025_
 6.925954e-16 5.592505e-15 9.873445e-12 9.879730e-12 _22377_
 6.904315e-16 8.545571e-16 9.878166e-12 9.879711e-12 _23569_
 5.871039e-17 4.919663e-16 9.879159e-12 9.879710e-12 _11973_
 7.540775e-16 8.568680e-16 9.877785e-12 9.879396e-12 _23666_
 7.171577e-16 8.324299e-16 9.877726e-12 9.879276e-12 _21337_
 6.555955e-16 1.091580e-15 9.877485e-12 9.879232e-12 _21441_
 9.703306e-17 8.222169e-16 9.878069e-12 9.878988e-12 _12217_
 8.620254e-16 4.336824e-15 9.873775e-12 9.878974e-12 _17245_
 1.005518e-16 6.395241e-16 9.878069e-12 9.878809e-12 _12219_
 7.440630e-16 1.063464e-15 9.876999e-12 9.878807e-12 _22431_
 9.544202e-17 4.170621e-16 9.878069e-12 9.878581e-12 _12218_
 7.388446e-16 1.683633e-15 9.876121e-12 9.878543e-12 _22462_
 1.067390e-16 5.970984e-16 9.877697e-12 9.878400e-12 _12220_
 7.219289e-16 2.085361e-15 9.875516e-12 9.878324e-12 _21315_
 1.100567e-15 7.202494e-15 9.869718e-12 9.878021e-12 _16737_
 7.699459e-16 7.450741e-16 9.876374e-12 9.877889e-12 _23067_
 7.995671e-16 1.032497e-15 9.875808e-12 9.877640e-12 _23799_
 6.652958e-16 2.076918e-15 9.874797e-12 9.877540e-12 _21339_
 7.931625e-16 1.511141e-15 9.875140e-12 9.877444e-12 _23157_
 7.975372e-16 1.320126e-15 9.875106e-12 9.877223e-12 _22873_
 7.379807e-16 9.649830e-16 9.875394e-12 9.877097e-12 _23584_
 8.322750e-16 9.721676e-16 9.875233e-12 9.877037e-12 _22412_
 7.465362e-16 8.236330e-16 9.875394e-12 9.876964e-12 _22846_
 8.108916e-16 7.191674e-16 9.875334e-12 9.876864e-12 _21637_
 1.005992e-15 4.835221e-15 9.870622e-12 9.876462e-12 _19415_
 7.183338e-16 1.236213e-15 9.874311e-12 9.876266e-12 _20909_
 7.645876e-16 8.714913e-16 9.874591e-12 9.876227e-12 _22800_
 7.341409e-16 7.147659e-16 9.874607e-12 9.876056e-12 _23762_
 1.127846e-15 4.848306e-15 9.870073e-12 9.876049e-12 _19112_
 6.790090e-16 1.417722e-15 9.873868e-12 9.875965e-12 _21447_
 7.668025e-16 7.069642e-16 9.874396e-12 9.875870e-12 _22716_
 9.244632e-16 4.407970e-15 9.870242e-12 9.875574e-12 _19261_
 1.008339e-15 3.774404e-15 9.870748e-12 9.875531e-12 _18022_
 7.951838e-16 1.184875e-15 9.873382e-12 9.875362e-12 _23078_
 8.858115e-16 1.744215e-15 9.872643e-12 9.875272e-12 _11912_
 1.436534e-15 4.587472e-15 9.869194e-12 9.875218e-12 _19889_
 6.538256e-16 2.492160e-15 9.872068e-12 9.875213e-12 _13917_
 8.267972e-16 8.093094e-16 9.873526e-12 9.875161e-12 _23175_
 8.166362e-16 7.539253e-16 9.873424e-12 9.874995e-12 _22158_
 8.434125e-16 1.393851e-15 9.872722e-12 9.874959e-12 _22481_
 8.612514e-16 1.088307e-15 9.872959e-12 9.874909e-12 _23518_
 9.907857e-16 4.381748e-15 9.869321e-12 9.874693e-12 _18488_
 8.251914e-16 7.171796e-16 9.873069e-12 9.874612e-12 _23265_
 5.320840e-16 2.044299e-15 9.871873e-12 9.874449e-12 _13555_
 1.135978e-15 3.496839e-15 9.869786e-12 9.874418e-12 _19419_
 8.401186e-16 1.764381e-15 9.871737e-12 9.874342e-12 _11906_
 1.128632e-15 5.101487e-15 9.868103e-12 9.874333e-12 _18337_
 1.166510e-15 6.344121e-15 9.866632e-12 9.874142e-12 _18180_
 8.173736e-16 9.038523e-16 9.872410e-12 9.874131e-12 _22345_
 8.330563e-16 3.401026e-15 9.869861e-12 9.874095e-12 _16440_
 8.301126e-16 8.889589e-16 9.872147e-12 9.873866e-12 _22754_
 7.804576e-16 1.087011e-15 9.871970e-12 9.873837e-12 _22577_
 8.251272e-16 7.911393e-16 9.872173e-12 9.873789e-12 _23551_
 8.698055e-16 1.155976e-15 9.871725e-12 9.873751e-12 _22472_
 8.439097e-16 9.857568e-16 9.871784e-12 9.873613e-12 _22773_
 9.060784e-17 7.597617e-16 9.872744e-12 9.873594e-12 _12182_
 8.577466e-16 1.734388e-15 9.870935e-12 9.873527e-12 _11909_
 7.763737e-16 9.166519e-16 9.871784e-12 9.873477e-12 _21151_
 9.239550e-17 6.254298e-16 9.872744e-12 9.873462e-12 _12180_
 7.840823e-16 9.346325e-16 9.871716e-12 9.873435e-12 _22558_
 9.286628e-16 3.108510e-15 9.869312e-12 9.873350e-12 _20374_
 1.472294e-15 3.435490e-15 9.868416e-12 9.873324e-12 _17392_
 7.708780e-16 7.373403e-16 9.871767e-12 9.873276e-12 _23182_
 8.361419e-16 1.076566e-15 9.871286e-12 9.873199e-12 _21815_
 8.396213e-16 7.878965e-16 9.871556e-12 9.873183e-12 _21228_
 7.941811e-16 1.433561e-15 9.870926e-12 9.873154e-12 _16316_
 7.751991e-16 8.736498e-16 9.871463e-12 9.873112e-12 _22194_
 8.256185e-16 3.662622e-15 9.868517e-12 9.873006e-12 _18959_
 8.226850e-16 9.260780e-16 9.871192e-12 9.872941e-12 _23370_
 7.448520e-16 9.388481e-16 9.871151e-12 9.872834e-12 _23199_
 7.050719e-16 3.899825e-15 9.868094e-12 9.872699e-12 _22264_
 9.747052e-16 3.899031e-15 9.867816e-12 9.872689e-12 _15965_
 1.631949e-15 6.884827e-15 9.864097e-12 9.872613e-12 _16899_
 8.412734e-16 1.252325e-15 9.870254e-12 9.872348e-12 _23432_
 8.780608e-16 1.707105e-15 9.869739e-12 9.872323e-12 _20872_
 8.965085e-16 1.401455e-15 9.870018e-12 9.872316e-12 _23651_
 8.508288e-16 1.291970e-15 9.870127e-12 9.872270e-12 _22550_
 1.084715e-15 2.226454e-15 9.868737e-12 9.872048e-12 _20058_
 1.589040e-15 4.197954e-15 9.865964e-12 9.871751e-12 _15658_
 8.471599e-16 9.367233e-16 9.869908e-12 9.871692e-12 _23619_
 8.465517e-16 1.246343e-15 9.869519e-12 9.871612e-12 _22506_
 8.077371e-16 6.855799e-16 9.870068e-12 9.871562e-12 _21562_
 5.864111e-17 7.852886e-17 9.871408e-12 9.871545e-12 _15392_
 1.179741e-15 3.205038e-15 9.866869e-12 9.871254e-12 _15976_
 8.823561e-16 1.750144e-15 9.868323e-12 9.870956e-12 _11905_
 8.283952e-16 1.481011e-15 9.868462e-12 9.870772e-12 _23710_
 8.051385e-16 1.861268e-15 9.867997e-12 9.870663e-12 _21071_
 8.188155e-16 9.425142e-16 9.868792e-12 9.870554e-12 _21248_
 7.639066e-16 7.093154e-16 9.868944e-12 9.870418e-12 _22912_
 8.454130e-16 8.056634e-16 9.868691e-12 9.870342e-12 _22490_
 9.762458e-16 2.977082e-15 9.866353e-12 9.870307e-12 _18910_
 8.034772e-16 9.346840e-16 9.868564e-12 9.870302e-12 _22646_
 8.231582e-16 1.771312e-15 9.867397e-12 9.869991e-12 _21287_
 8.270724e-16 8.482768e-16 9.868132e-12 9.869808e-12 _23008_
 7.925957e-16 1.482922e-15 9.867296e-12 9.869571e-12 _22978_
 8.763774e-16 1.836159e-15 9.866599e-12 9.869311e-12 _11907_
 7.358787e-16 6.723083e-16 9.867896e-12 9.869305e-12 _23049_
 8.113213e-16 7.759480e-16 9.867583e-12 9.869171e-12 _21698_
 1.014069e-15 1.897131e-15 9.866015e-12 9.868926e-12 _18963_
 7.883295e-16 1.001349e-15 9.866315e-12 9.868105e-12 _22763_
 5.596024e-17 1.392123e-16 9.867613e-12 9.867808e-12 _14052_
 7.455621e-16 5.633335e-15 9.861400e-12 9.867778e-12 _21997_
 8.568359e-16 7.302048e-16 9.866078e-12 9.867666e-12 _21964_
 7.846681e-16 7.398400e-16 9.866121e-12 9.867646e-12 _23001_
 8.645938e-16 8.988356e-16 9.865740e-12 9.867504e-12 _21376_
 1.185002e-16 7.578557e-16 9.866505e-12 9.867381e-12 _12242_
 7.887873e-16 8.239025e-16 9.865716e-12 9.867328e-12 _23238_
 4.022680e-17 1.611470e-16 9.866370e-12 9.866571e-12 _11993_
 1.832028e-15 9.889081e-15 9.854520e-12 9.866242e-12 _19572_
 1.929886e-15 9.747672e-15 9.854317e-12 9.865994e-12 _15979_
 4.456746e-16 1.302960e-15 9.863293e-12 9.865042e-12 _12312_
 1.087131e-15 8.126581e-15 9.855619e-12 9.864833e-12 _12234_
 9.530139e-16 7.633898e-15 9.856227e-12 9.864814e-12 _12153_
 8.772614e-16 1.313183e-15 9.862528e-12 9.864718e-12 _22597_
 1.669862e-15 8.340558e-15 9.854426e-12 9.864437e-12 _19726_
 1.229111e-15 8.222097e-15 9.854875e-12 9.864326e-12 _13632_
 1.113733e-15 4.354309e-15 9.858146e-12 9.863613e-12 _17372_
 7.875420e-16 4.528440e-15 9.858281e-12 9.863597e-12 _22446_
 9.519396e-16 8.223366e-15 9.854402e-12 9.863577e-12 _12077_
 1.708237e-15 7.197323e-15 9.854630e-12 9.863535e-12 _15967_
 1.666165e-15 6.406166e-15 9.855061e-12 9.863134e-12 _18014_
 9.935833e-16 6.910040e-15 9.855179e-12 9.863083e-12 _12078_
 9.755486e-16 7.064150e-15 9.854934e-12 9.862973e-12 _11953_
 7.897706e-16 1.475051e-15 9.860538e-12 9.862802e-12 _21727_
 9.995393e-16 3.869406e-15 9.857910e-12 9.862779e-12 _14801_
 9.491546e-16 6.873166e-15 9.854917e-12 9.862740e-12 _12202_
 9.293327e-16 6.994685e-15 9.854791e-12 9.862715e-12 _12043_
 1.021008e-15 7.092260e-15 9.854402e-12 9.862515e-12 _12066_
 8.429004e-16 6.223503e-15 9.855407e-12 9.862474e-12 _12175_
 1.015527e-15 5.681515e-15 9.855737e-12 9.862434e-12 _14732_
 1.118640e-15 6.794256e-15 9.854452e-12 9.862365e-12 _14582_
 1.053317e-15 6.090773e-15 9.855213e-12 9.862357e-12 _12145_
 9.413497e-16 5.095023e-15 9.856024e-12 9.862060e-12 _12089_
 8.377310e-16 3.535229e-15 9.857673e-12 9.862046e-12 _14293_
 8.893096e-16 6.033806e-15 9.855112e-12 9.862035e-12 _12133_
 1.827581e-15 4.411877e-15 9.855653e-12 9.861893e-12 _19580_
 8.600323e-16 6.808296e-15 9.854190e-12 9.861859e-12 _12211_
 8.280719e-16 2.908482e-15 9.858104e-12 9.861841e-12 _13775_
 1.024279e-15 5.498043e-15 9.855094e-12 9.861617e-12 _12134_
 8.994022e-16 6.942284e-15 9.853708e-12 9.861550e-12 _12177_
 1.016252e-15 6.701634e-15 9.853776e-12 9.861494e-12 _12215_
 9.278714e-16 3.801239e-15 9.856751e-12 9.861480e-12 _14806_
 9.848013e-16 5.562786e-15 9.854858e-12 9.861406e-12 _12255_
 1.035815e-15 5.556777e-15 9.854765e-12 9.861357e-12 _11932_
 1.068377e-15 6.847799e-15 9.853438e-12 9.861354e-12 _19566_
 9.281439e-16 5.842861e-15 9.854570e-12 9.861341e-12 _12257_
 9.325299e-16 6.253979e-15 9.854139e-12 9.861325e-12 _12235_
 9.818680e-16 4.733949e-15 9.855576e-12 9.861292e-12 _13480_
 1.008847e-15 6.685588e-15 9.853429e-12 9.861123e-12 _11955_
 2.881896e-15 2.038680e-14 9.837842e-12 9.861111e-12 _12324_
 8.679633e-16 3.713288e-15 9.856439e-12 9.861020e-12 _14298_
 1.344849e-15 5.904349e-15 9.853767e-12 9.861017e-12 _12193_
 1.105569e-15 5.361770e-15 9.854544e-12 9.861011e-12 _14870_
 3.416244e-16 1.399542e-15 9.859219e-12 9.860960e-12 _13214_
 1.155974e-15 4.805429e-15 9.854994e-12 9.860955e-12 _16472_
 9.872064e-16 4.594083e-15 9.855365e-12 9.860946e-12 _12155_
 1.140833e-15 5.669128e-15 9.854122e-12 9.860932e-12 _12258_
 9.739063e-16 5.365004e-15 9.854588e-12 9.860926e-12 _12090_
 1.045996e-15 4.621584e-15 9.855213e-12 9.860880e-12 _15640_
 8.940605e-16 2.577017e-15 9.857402e-12 9.860873e-12 _13780_
 9.940948e-16 4.275454e-15 9.855594e-12 9.860863e-12 _12955_
 8.567891e-16 6.082445e-15 9.853826e-12 9.860765e-12 _12144_
 9.202117e-16 4.789356e-15 9.855010e-12 9.860720e-12 _12045_
 1.024950e-15 3.902321e-15 9.855694e-12 9.860622e-12 _13040_
 1.055906e-15 4.727797e-15 9.854832e-12 9.860616e-12 _13849_
 9.984966e-16 4.594994e-15 9.854985e-12 9.860578e-12 _13257_
 1.075991e-15 4.728171e-15 9.854765e-12 9.860569e-12 _12775_
 8.209996e-16 4.297936e-15 9.855347e-12 9.860467e-12 _11930_
 9.717020e-16 5.971543e-15 9.853496e-12 9.860440e-12 _12247_
 8.506242e-16 3.847669e-15 9.855720e-12 9.860419e-12 _13338_
 1.028110e-15 3.819697e-15 9.855535e-12 9.860382e-12 _20362_
 9.601472e-16 4.211776e-15 9.855197e-12 9.860369e-12 _13409_
 8.518725e-16 6.329308e-15 9.853167e-12 9.860348e-12 _12266_
 9.444389e-16 4.817789e-15 9.854579e-12 9.860341e-12 _14439_
 9.599466e-16 4.321505e-15 9.855044e-12 9.860325e-12 _12001_
 1.005616e-15 4.876938e-15 9.854435e-12 9.860317e-12 _12710_
 8.430349e-16 3.422572e-15 9.856050e-12 9.860316e-12 _12112_
 8.949952e-16 4.215062e-15 9.855128e-12 9.860238e-12 _11978_
 1.022234e-15 3.357239e-15 9.855847e-12 9.860226e-12 _14362_
 1.019012e-15 4.572082e-15 9.854630e-12 9.860221e-12 _13333_
 9.408697e-16 3.700917e-15 9.855424e-12 9.860066e-12 _14727_
 7.359672e-16 6.181008e-15 9.853083e-12 9.860000e-12 _12222_
 8.628026e-16 4.486883e-15 9.854630e-12 9.859980e-12 _12131_
 1.802984e-15 3.246420e-15 9.854866e-12 9.859916e-12 _16133_
 9.783099e-16 4.519580e-15 9.854376e-12 9.859874e-12 _14941_
 8.995412e-16 4.661601e-15 9.854267e-12 9.859828e-12 _11922_
 8.576273e-16 6.471110e-15 9.852406e-12 9.859735e-12 _12189_
 8.472489e-16 3.934377e-15 9.854934e-12 9.859715e-12 _11977_
 8.679083e-16 4.010366e-15 9.854816e-12 9.859694e-12 _12036_
 9.465891e-16 4.329794e-15 9.854409e-12 9.859685e-12 _13485_
 7.097636e-16 3.437647e-15 9.855535e-12 9.859683e-12 _12313_
 8.734260e-16 4.229719e-15 9.854562e-12 9.859665e-12 _12123_
 9.084138e-16 3.645310e-15 9.855103e-12 9.859656e-12 _14215_
 1.038212e-15 4.400825e-15 9.854208e-12 9.859647e-12 _12047_
 1.227810e-15 7.403180e-15 9.851004e-12 9.859635e-12 _11944_
 8.179648e-16 3.082046e-15 9.855729e-12 9.859629e-12 _12188_
 9.287356e-16 4.114967e-15 9.854579e-12 9.859623e-12 _14067_
 1.889738e-16 4.380997e-16 9.858975e-12 9.859602e-12 _13212_
 9.784816e-16 4.097298e-15 9.854520e-12 9.859596e-12 _12848_
 9.513672e-16 4.630964e-15 9.853987e-12 9.859570e-12 _11956_
 6.775655e-17 5.698703e-16 9.858915e-12 9.859552e-12 _11927_
 9.328050e-16 4.053049e-15 9.854444e-12 9.859429e-12 _12081_
 1.036475e-15 4.121338e-15 9.854173e-12 9.859331e-12 _14654_
 1.034200e-15 3.968166e-15 9.854301e-12 9.859303e-12 _13922_
 9.582161e-16 3.868277e-15 9.854426e-12 9.859253e-12 _12176_
 9.501393e-16 3.359658e-15 9.854942e-12 9.859252e-12 _13558_
 1.017767e-15 3.492344e-15 9.854697e-12 9.859207e-12 _12178_
 8.501012e-16 4.248851e-15 9.854055e-12 9.859154e-12 _11999_
 8.715394e-16 2.651791e-15 9.855559e-12 9.859082e-12 _12191_
 9.296663e-16 1.713996e-15 9.856439e-12 9.859082e-12 _14367_
 1.001448e-15 4.009976e-15 9.854020e-12 9.859032e-12 _13996_
 1.018987e-15 2.491871e-15 9.855491e-12 9.859003e-12 _12214_
 9.100107e-16 3.288643e-15 9.854791e-12 9.858989e-12 _12203_
 1.169001e-15 2.099312e-15 9.855703e-12 9.858971e-12 _16154_
 9.311771e-16 3.665250e-15 9.854367e-12 9.858963e-12 _12167_
 8.973523e-16 4.355094e-15 9.853708e-12 9.858961e-12 _12026_
 9.253675e-16 3.749087e-15 9.854258e-12 9.858932e-12 _12226_
 9.273418e-16 3.728500e-15 9.854275e-12 9.858931e-12 _12044_
 9.833196e-16 3.989624e-15 9.853953e-12 9.858925e-12 _12011_
 1.780772e-15 3.319723e-15 9.853809e-12 9.858909e-12 _20369_
 7.374525e-16 2.505119e-15 9.855627e-12 9.858869e-12 _11920_
 9.993126e-16 4.384928e-15 9.853479e-12 9.858864e-12 _14142_
 1.213715e-15 3.790076e-15 9.853767e-12 9.858771e-12 _19134_
 1.019838e-16 8.960077e-16 9.857673e-12 9.858671e-12 _12277_
 8.119858e-16 3.571919e-15 9.854249e-12 9.858633e-12 _12121_
 9.253756e-16 2.996780e-15 9.854544e-12 9.858466e-12 _12705_
 8.790976e-16 3.982621e-15 9.853598e-12 9.858460e-12 _11980_
 9.308182e-16 2.957309e-15 9.854570e-12 9.858459e-12 _12237_
 8.801635e-16 3.972031e-15 9.853479e-12 9.858331e-12 _13563_
 9.155393e-16 4.232767e-15 9.853176e-12 9.858324e-12 _12201_
 7.552329e-16 2.968792e-15 9.854544e-12 9.858269e-12 _11966_
 1.025281e-15 2.733953e-15 9.854477e-12 9.858237e-12 _17210_
 1.077729e-15 3.466945e-15 9.853675e-12 9.858220e-12 _12157_
 1.162851e-15 1.822837e-15 9.855204e-12 9.858190e-12 _12146_
 8.696418e-16 4.317746e-15 9.852998e-12 9.858185e-12 _12224_
 9.657261e-16 1.591648e-15 9.855627e-12 9.858184e-12 _13045_
 9.375896e-16 1.709319e-15 9.855483e-12 9.858130e-12 _11969_
 5.913331e-17 3.263545e-16 9.857723e-12 9.858108e-12 _12264_
 1.039361e-15 3.309288e-15 9.853751e-12 9.858100e-12 _12056_
 7.819207e-16 3.074409e-15 9.854208e-12 9.858064e-12 _12120_
 3.948850e-16 9.053489e-16 9.856751e-12 9.858051e-12 _18527_
 7.917340e-16 2.652825e-15 9.854528e-12 9.857972e-12 _12110_
 8.532002e-16 2.543181e-15 9.854562e-12 9.857958e-12 _12154_
 8.410562e-16 3.593563e-15 9.853523e-12 9.857957e-12 _11998_
 1.022439e-15 4.038150e-15 9.852863e-12 9.857924e-12 _12024_
 4.324822e-16 1.350383e-15 9.856134e-12 9.857917e-12 _12806_
 8.394100e-16 1.892794e-15 9.855128e-12 9.857860e-12 _14220_
 9.285250e-16 3.705029e-15 9.853193e-12 9.857826e-12 _12187_
 2.541527e-16 1.670719e-15 9.855864e-12 9.857788e-12 _12281_
 7.878674e-16 2.792843e-15 9.854156e-12 9.857736e-12 _12267_
 8.603335e-16 1.512052e-15 9.855332e-12 9.857704e-12 _14659_
 7.687713e-16 2.844062e-15 9.854089e-12 9.857701e-12 _12067_
 1.335083e-15 2.925705e-15 9.853353e-12 9.857613e-12 _12168_
 1.042245e-15 2.330676e-15 9.854232e-12 9.857605e-12 _11957_
 4.985189e-16 1.493986e-15 9.855594e-12 9.857586e-12 _14247_
 8.924224e-16 3.355754e-15 9.853320e-12 9.857568e-12 _12069_
 1.150308e-15 3.499833e-15 9.852855e-12 9.857505e-12 _13705_
 9.963730e-16 4.483508e-15 9.852001e-12 9.857481e-12 _11942_
 1.083197e-15 2.077571e-15 9.854308e-12 9.857469e-12 _12135_
 9.394929e-16 1.881564e-15 9.854647e-12 9.857467e-12 _12212_
 1.037067e-15 2.279746e-15 9.854139e-12 9.857456e-12 _12034_
 1.960615e-16 9.552164e-16 9.856286e-12 9.857437e-12 _12293_
 1.215443e-15 1.863523e-15 9.854283e-12 9.857362e-12 _12259_
 3.569219e-16 1.057850e-15 9.855805e-12 9.857219e-12 _14394_
 1.043012e-16 1.387686e-15 9.855686e-12 9.857178e-12 _12289_
 1.008301e-15 1.970627e-15 9.854020e-12 9.856999e-12 _12192_
 1.812296e-16 2.334508e-15 9.854461e-12 9.856976e-12 _12291_
 2.025110e-16 1.552026e-15 9.855179e-12 9.856934e-12 _12292_
 8.593633e-16 2.556120e-15 9.853464e-12 9.856879e-12 _12080_
 7.749635e-16 4.081426e-15 9.851663e-12 9.856519e-12 _11988_
 9.130430e-16 2.738133e-15 9.852846e-12 9.856498e-12 _12100_
 9.352461e-16 1.618152e-15 9.853809e-12 9.856362e-12 _12002_
 1.061803e-15 3.488423e-15 9.851764e-12 9.856315e-12 _12636_
 2.027158e-16 1.119051e-15 9.854985e-12 9.856307e-12 _12280_
 3.116355e-16 8.167198e-16 9.855162e-12 9.856290e-12 _13071_
 8.778576e-16 1.606791e-15 9.853649e-12 9.856134e-12 _12245_
 4.778369e-16 2.197790e-15 9.853420e-12 9.856096e-12 _14686_
 9.838948e-16 1.327468e-15 9.853379e-12 9.855690e-12 _12190_
 1.019746e-15 4.494984e-15 9.850174e-12 9.855689e-12 _14509_
 1.086234e-16 6.454903e-16 9.854765e-12 9.855518e-12 _12041_
 1.061661e-15 1.433581e-15 9.852964e-12 9.855459e-12 _12025_
 9.278079e-16 1.492494e-15 9.852922e-12 9.855342e-12 _12023_
 4.626106e-16 1.623538e-15 9.853049e-12 9.855135e-12 _12076_
 1.704445e-16 1.138926e-15 9.852287e-12 9.853597e-12 _12287_
 9.179368e-16 1.568509e-15 9.850742e-12 9.853228e-12 _11943_
 1.523638e-16 1.582363e-15 9.851087e-12 9.852822e-12 _12031_
 1.527046e-16 2.741348e-16 9.851561e-12 9.851988e-12 _15072_
 9.963104e-16 3.637805e-15 9.847343e-12 9.851978e-12 _18947_
 7.006902e-16 1.218008e-15 9.849956e-12 9.851875e-12 _21004_
 7.901042e-16 7.904406e-15 9.843007e-12 9.851702e-12 _22424_
 8.638674e-16 4.746539e-15 9.845822e-12 9.851432e-12 _15527_
 9.917143e-16 4.527672e-15 9.845703e-12 9.851222e-12 _17857_
 3.247096e-15 8.087748e-15 9.839568e-12 9.850902e-12 _11903_
 1.379969e-16 1.143843e-15 9.846989e-12 9.848271e-12 _11974_
 9.686577e-17 7.489526e-16 9.847386e-12 9.848232e-12 _11917_
 2.208625e-16 4.239057e-16 9.846921e-12 9.847565e-12 _12804_
 1.595213e-16 1.458892e-15 9.845154e-12 9.846773e-12 _12019_
 8.565453e-16 1.569833e-15 9.844207e-12 9.846633e-12 _15478_
 1.472318e-16 1.124463e-15 9.845348e-12 9.846620e-12 _12017_
 8.286606e-16 1.339549e-15 9.844203e-12 9.846371e-12 _23412_
 1.369575e-16 1.045129e-15 9.845120e-12 9.846303e-12 _12117_
 1.485582e-16 7.240145e-16 9.845348e-12 9.846221e-12 _12016_
 9.612090e-17 5.953986e-16 9.845263e-12 9.845955e-12 _12074_
 1.119063e-15 1.960259e-15 9.842720e-12 9.845799e-12 _19874_
 8.208258e-16 4.447510e-15 9.839956e-12 9.845224e-12 _17690_
 1.493682e-16 1.196022e-15 9.843810e-12 9.845155e-12 _11984_
 1.545713e-16 1.164183e-15 9.843810e-12 9.845128e-12 _11985_
 1.511861e-16 6.206685e-16 9.843810e-12 9.844582e-12 _11982_
 5.281458e-16 3.448850e-15 9.840361e-12 9.844338e-12 _21387_
 1.427573e-16 2.709457e-16 9.843810e-12 9.844224e-12 _11983_
 8.951683e-16 9.061550e-16 9.841904e-12 9.843706e-12 _23208_
 8.527188e-16 5.315983e-15 9.837157e-12 9.843326e-12 _17588_
 9.420026e-16 5.206147e-15 9.837141e-12 9.843289e-12 _20035_
 1.080556e-15 2.437658e-15 9.839652e-12 9.843170e-12 _19880_
 9.271552e-16 4.880933e-15 9.837360e-12 9.843168e-12 _20043_
 9.070914e-17 1.230410e-16 9.842864e-12 9.843077e-12 _13139_
 7.838445e-16 1.003148e-15 9.841261e-12 9.843048e-12 _21625_
 8.290265e-16 1.583005e-15 9.840606e-12 9.843018e-12 _19749_
 8.163458e-16 7.213486e-16 9.841261e-12 9.842799e-12 _23592_
 7.554924e-16 1.254943e-15 9.840577e-12 9.842588e-12 _22326_
 7.881399e-16 1.590812e-15 9.840099e-12 9.842478e-12 _22803_
 8.166863e-16 1.304106e-15 9.840196e-12 9.842317e-12 _22617_
 6.969652e-16 2.954855e-15 9.838662e-12 9.842314e-12 _12314_
 8.197792e-16 1.005914e-15 9.840417e-12 9.842242e-12 _22823_
 8.063813e-16 4.415835e-15 9.836972e-12 9.842194e-12 _21180_
 8.635723e-16 1.215714e-15 9.839973e-12 9.842052e-12 _11911_
 6.011053e-17 3.998479e-16 9.841435e-12 9.841895e-12 _12052_
 8.548693e-16 1.146088e-15 9.839765e-12 9.841766e-12 _22353_
 8.502755e-16 1.095266e-15 9.839740e-12 9.841686e-12 _23561_
 1.209522e-16 8.412128e-16 9.840404e-12 9.841366e-12 _12095_
 8.362495e-16 1.125917e-15 9.839393e-12 9.841355e-12 _22135_
 1.223842e-16 5.972254e-16 9.840404e-12 9.841124e-12 _12094_
 8.265926e-16 8.993857e-16 9.839393e-12 9.841119e-12 _22183_
 8.082873e-16 8.457871e-16 9.839402e-12 9.841056e-12 _21951_
 8.543154e-16 7.320458e-16 9.839427e-12 9.841013e-12 _22743_
 7.924429e-16 7.666115e-16 9.839250e-12 9.840809e-12 _23424_
 8.281458e-16 1.445802e-15 9.838506e-12 9.840780e-12 _22276_
 9.667731e-16 2.449990e-15 9.837251e-12 9.840667e-12 _17969_
 8.255898e-16 1.511689e-15 9.838307e-12 9.840645e-12 _11908_
 1.424183e-16 1.112675e-15 9.839203e-12 9.840458e-12 _12053_
 7.691972e-16 2.112953e-15 9.837411e-12 9.840294e-12 _12317_
 8.030769e-16 9.201795e-16 9.838371e-12 9.840095e-12 _23403_
 8.701076e-16 1.799616e-15 9.837336e-12 9.840006e-12 _11910_
 1.436416e-16 1.090113e-15 9.838552e-12 9.839785e-12 _12151_
 7.694735e-16 1.090037e-15 9.837771e-12 9.839631e-12 _22522_
 8.278984e-16 7.397798e-16 9.837754e-12 9.839321e-12 _23017_
 7.493536e-16 8.203052e-16 9.837086e-12 9.838656e-12 _23148_
 8.813091e-16 1.257793e-15 9.836406e-12 9.838545e-12 _11904_
 7.183114e-16 1.032825e-15 9.835734e-12 9.837485e-12 _21917_
 1.055844e-16 8.037565e-16 9.836177e-12 9.837086e-12 _12086_
 7.687553e-16 8.530451e-16 9.835243e-12 9.836865e-12 _22736_
 7.837280e-16 7.221401e-16 9.834813e-12 9.836318e-12 _23600_
 7.842036e-16 7.074683e-16 9.834644e-12 9.836135e-12 _21456_
 7.862549e-16 2.219062e-15 9.833008e-12 9.836013e-12 _20850_
 2.559665e-17 2.198166e-16 9.835383e-12 9.835628e-12 _12272_
 2.546268e-17 1.946510e-16 9.835383e-12 9.835603e-12 _12273_
 7.810738e-16 8.034651e-16 9.833079e-12 9.834663e-12 _22900_
 7.014973e-16 1.196349e-15 9.831892e-12 9.833790e-12 _22879_
 7.394968e-16 7.544565e-16 9.832251e-12 9.833745e-12 _23362_
 7.442790e-16 7.020705e-16 9.831938e-12 9.833385e-12 _23676_
 7.417189e-16 9.266261e-16 9.831431e-12 9.833099e-12 _22990_
 5.990467e-16 1.059944e-15 9.830472e-12 9.832131e-12 _20246_
 6.411791e-16 1.930811e-15 9.828934e-12 9.831505e-12 _20952_
 7.055204e-16 1.068449e-15 9.829533e-12 9.831307e-12 _22614_
 8.186116e-16 3.340507e-15 9.825341e-12 9.829500e-12 _19128_
 1.772248e-16 5.530740e-16 9.828604e-12 9.829334e-12 _14454_
 6.345449e-16 5.775017e-16 9.827526e-12 9.828738e-12 _23464_
 1.483567e-16 8.669771e-16 9.827429e-12 9.828444e-12 _11938_
 6.578874e-16 5.894926e-16 9.827170e-12 9.828418e-12 _22059_
 8.444376e-16 1.285630e-15 9.826178e-12 9.828308e-12 _15814_
 5.954508e-16 8.880437e-16 9.826821e-12 9.828304e-12 _21849_
 1.390087e-16 9.761715e-16 9.827073e-12 9.828189e-12 _11934_
 8.106273e-16 2.495118e-15 9.824800e-12 9.828105e-12 _17383_
 1.368767e-16 6.450997e-16 9.827073e-12 9.827856e-12 _11935_
 1.407769e-16 5.559741e-16 9.827073e-12 9.827770e-12 _11936_
 4.468393e-16 8.258303e-16 9.825924e-12 9.827196e-12 _19912_
 5.967005e-16 9.719109e-16 9.824926e-12 9.826495e-12 _18478_
 4.133564e-16 6.229086e-16 9.825341e-12 9.826378e-12 _20405_
 7.069823e-16 1.732345e-15 9.822213e-12 9.824652e-12 _15808_
 3.643479e-16 1.667474e-15 9.822306e-12 9.824338e-12 _19609_
 3.785935e-17 1.402652e-16 9.823068e-12 9.823246e-12 _14566_
 7.567412e-17 2.883828e-16 9.820388e-12 9.820753e-12 _13393_
 1.240372e-16 2.060535e-16 9.820252e-12 9.820583e-12 _14819_
 8.142996e-17 2.290955e-16 9.818216e-12 9.818526e-12 _18845_
 1.107815e-16 3.729178e-16 9.817666e-12 9.818150e-12 _13794_
 1.415271e-16 2.031666e-16 9.817007e-12 9.817351e-12 _14525_
 8.272040e-17 1.266626e-16 9.815459e-12 9.815668e-12 _14310_
 1.800298e-17 8.769091e-17 9.815274e-12 9.815379e-12 _13319_
 4.423916e-17 1.672770e-16 9.812730e-12 9.812941e-12 _13201_
 3.036380e-17 6.173641e-17 9.812730e-12 9.812822e-12 _12793_
 1.539650e-16 3.454740e-16 9.812214e-12 9.812714e-12 _15077_
 9.734782e-17 3.482502e-16 9.812222e-12 9.812668e-12 _12294_
 2.106504e-17 5.562792e-17 9.812493e-12 9.812569e-12 _12723_
 9.940378e-17 6.238504e-16 9.811774e-12 9.812497e-12 _12295_
 2.980972e-17 1.071151e-16 9.812341e-12 9.812478e-12 _13130_
 2.762335e-17 6.547342e-17 9.812248e-12 9.812341e-12 _14234_
 2.579064e-17 5.479612e-17 9.812205e-12 9.812286e-12 _14158_
 1.337578e-17 2.224398e-17 9.812020e-12 9.812056e-12 _13648_
 1.439391e-17 3.169170e-17 9.811597e-12 9.811643e-12 _14885_
 1.155729e-17 2.464362e-17 9.811589e-12 9.811625e-12 _12652_
 7.964384e-18 1.906633e-17 9.811547e-12 9.811573e-12 _12831_
 1.428377e-17 2.063549e-17 9.811504e-12 9.811539e-12 _13059_
 4.722686e-17 1.857591e-16 9.811182e-12 9.811416e-12 _12296_
 7.854080e-18 2.541855e-17 9.810895e-12 9.810928e-12 _13497_
 1.378652e-17 1.355065e-16 9.810676e-12 9.810825e-12 _12304_
 4.951326e-18 8.676120e-18 9.810795e-12 9.810808e-12 _14012_
 2.148776e-18 7.695105e-18 9.810777e-12 9.810787e-12 _13937_
 8.927559e-18 3.013760e-17 9.810735e-12 9.810774e-12 _14712_
 9.382988e-18 6.026854e-17 9.810693e-12 9.810762e-12 _12297_
 4.667777e-19 4.207049e-19 9.810756e-12 9.810756e-12 _12502_
 3.997535e-18 7.798936e-18 9.810701e-12 9.810713e-12 _13273_
 2.144647e-18 5.562391e-18 9.810693e-12 9.810701e-12 _14957_
 2.108880e-18 3.297434e-18 9.810659e-12 9.810664e-12 _13865_
 5.086351e-18 2.577269e-17 9.810583e-12 9.810614e-12 _12305_
 2.247919e-18 1.012583e-17 9.810574e-12 9.810586e-12 _12299_
 2.213507e-18 1.645102e-17 9.810557e-12 9.810576e-12 _12303_
 1.281575e-18 9.194065e-18 9.810557e-12 9.810567e-12 _12300_
 1.185687e-18 3.191556e-18 9.810557e-12 9.810561e-12 _13351_
 2.537540e-19 2.625961e-18 9.810540e-12 9.810543e-12 _12301_
 2.573268e-19 2.346367e-18 9.810540e-12 9.810543e-12 _12302_
 2.480161e-19 2.175160e-18 9.810540e-12 9.810543e-12 _14198_
 2.527143e-19 1.199467e-18 9.810540e-12 9.810542e-12 _12298_
 2.478130e-19 1.553328e-18 9.810540e-12 9.810542e-12 _12307_
 2.458136e-19 1.409990e-18 9.810540e-12 9.810542e-12 _12310_
 2.463513e-19 1.217740e-18 9.810540e-12 9.810542e-12 _12423_
 2.418472e-19 1.226511e-18 9.810540e-12 9.810542e-12 _13523_
 2.488921e-19 1.392026e-18 9.810540e-12 9.810542e-12 _14274_
 2.463037e-19 1.587929e-18 9.810540e-12 9.810542e-12 _14770_
 2.485358e-19 1.546311e-18 9.810540e-12 9.810542e-12 _16170_
 2.447641e-19 9.609708e-19 9.810540e-12 9.810541e-12 _12306_
 2.377378e-19 7.378818e-19 9.810540e-12 9.810541e-12 _12619_
 2.376607e-19 7.290951e-19 9.810540e-12 9.810541e-12 _12829_
 2.400624e-19 5.778598e-19 9.810540e-12 9.810541e-12 _12939_
 2.352651e-19 4.363836e-19 9.810540e-12 9.810541e-12 _13317_
 2.366933e-19 6.247765e-19 9.810540e-12 9.810541e-12 _13391_
 2.376880e-19 7.351197e-19 9.810540e-12 9.810541e-12 _13575_
 2.382847e-19 7.749179e-19 9.810540e-12 9.810541e-12 _13614_
 2.367925e-19 6.345157e-19 9.810540e-12 9.810541e-12 _13688_
 2.341210e-19 3.746121e-19 9.810540e-12 9.810541e-12 _13721_
 2.376375e-19 7.053396e-19 9.810540e-12 9.810541e-12 _13831_
 2.339855e-19 3.382150e-19 9.810540e-12 9.810541e-12 _13903_
 2.383959e-19 8.002561e-19 9.810540e-12 9.810541e-12 _13978_
 2.364865e-19 5.977482e-19 9.810540e-12 9.810541e-12 _14050_
 2.344530e-19 3.298529e-19 9.810540e-12 9.810541e-12 _14124_
 2.419053e-19 7.851727e-19 9.810540e-12 9.810541e-12 _14346_
 2.370258e-19 5.550101e-19 9.810540e-12 9.810541e-12 _14381_
 2.351160e-19 4.414184e-19 9.810540e-12 9.810541e-12 _14492_
 2.365412e-19 6.050908e-19 9.810540e-12 9.810541e-12 _14564_
 2.371158e-19 6.702267e-19 9.810540e-12 9.810541e-12 _14853_
 2.386260e-19 8.232971e-19 9.810540e-12 9.810541e-12 _14924_
