     Internal    Switching      Leakage        Total
        Power        Power        Power        Power (Watts)
----------------------------------------------------
 4.453808e-06 2.982407e-05 7.179708e-12 3.427788e-05 clkbuf_3_6_0_core_clk
 4.439003e-06 2.803649e-05 7.179708e-12 3.247550e-05 clkbuf_3_3_0_core_clk
 2.968364e-06 2.738126e-05 1.168536e-11 3.034963e-05 max_cap3513
 8.701309e-06 2.119938e-05 1.226512e-11 2.990070e-05 clkbuf_0_core_clk
 4.421518e-06 2.448830e-05 7.179708e-12 2.890983e-05 clkbuf_3_1_0_core_clk
 2.942072e-06 2.553316e-05 1.168536e-11 2.847524e-05 fanout3765
 4.430628e-06 2.335924e-05 7.179708e-12 2.778988e-05 clkbuf_3_5_0_core_clk
 4.443416e-06 2.320177e-05 7.179708e-12 2.764519e-05 clkbuf_3_7_0_core_clk
 4.419723e-06 2.294244e-05 7.179708e-12 2.736217e-05 clkbuf_3_0_0_core_clk
 4.428497e-06 2.253027e-05 7.179708e-12 2.695878e-05 clkbuf_3_4_0_core_clk
 4.403342e-06 2.246462e-05 7.179708e-12 2.686797e-05 clkbuf_6_36_0_core_clk
 4.430067e-06 2.231019e-05 7.179708e-12 2.674027e-05 clkbuf_3_2_0_core_clk
 4.402256e-06 2.208176e-05 7.179708e-12 2.648403e-05 clkbuf_6_32_0_core_clk
 4.402674e-06 2.192708e-05 7.179708e-12 2.632976e-05 clkbuf_6_38_0_core_clk
 4.389814e-06 2.175724e-05 7.179708e-12 2.614706e-05 clkbuf_6_12_0_core_clk
 4.401316e-06 2.148205e-05 7.179708e-12 2.588337e-05 clkbuf_6_34_0_core_clk
 4.369599e-06 2.147042e-05 7.179708e-12 2.584002e-05 clkbuf_6_54_0_core_clk
 4.374338e-06 2.110954e-05 7.179708e-12 2.548389e-05 clkbuf_6_28_0_core_clk
 4.400374e-06 2.088783e-05 7.179708e-12 2.528821e-05 clkbuf_6_39_0_core_clk
 4.367861e-06 2.088133e-05 7.179708e-12 2.524920e-05 clkbuf_6_53_0_core_clk
 4.219309e-06 2.097640e-05 8.296883e-12 2.519572e-05 u_icg
 4.368139e-06 2.072342e-05 7.179708e-12 2.509157e-05 clkbuf_6_55_0_core_clk
 4.386560e-06 2.069485e-05 7.179708e-12 2.508141e-05 clkbuf_6_10_0_core_clk
 4.367047e-06 2.061268e-05 7.179708e-12 2.497974e-05 clkbuf_6_48_0_core_clk
 4.367328e-06 2.057197e-05 7.179708e-12 2.493931e-05 clkbuf_6_52_0_core_clk
 4.398993e-06 2.050652e-05 7.179708e-12 2.490552e-05 clkbuf_6_33_0_core_clk
 4.367772e-06 2.042163e-05 7.179708e-12 2.478941e-05 clkbuf_6_50_0_core_clk
 4.398685e-06 2.009573e-05 7.179708e-12 2.449443e-05 clkbuf_6_35_0_core_clk
 4.371962e-06 1.996314e-05 7.179708e-12 2.433512e-05 clkbuf_6_25_0_core_clk
 4.397984e-06 1.986238e-05 7.179708e-12 2.426037e-05 clkbuf_6_37_0_core_clk
 4.465871e-06 1.974893e-05 7.179708e-12 2.421481e-05 clkbuf_2_0_0_core_clk
 4.371002e-06 1.970478e-05 7.179708e-12 2.407579e-05 clkbuf_6_27_0_core_clk
 4.384674e-06 1.955580e-05 7.179708e-12 2.394048e-05 clkbuf_6_9_0_core_clk
 4.370735e-06 1.944051e-05 7.179708e-12 2.381125e-05 clkbuf_6_30_0_core_clk
 4.365870e-06 1.940209e-05 7.179708e-12 2.376797e-05 clkbuf_6_51_0_core_clk
 4.392979e-06 1.915819e-05 7.179708e-12 2.355117e-05 clkbuf_6_57_0_core_clk
 4.391403e-06 1.900325e-05 7.179708e-12 2.339466e-05 clkbuf_6_46_0_core_clk
 4.369524e-06 1.901991e-05 7.179708e-12 2.338944e-05 clkbuf_6_26_0_core_clk
 4.369633e-06 1.883735e-05 7.179708e-12 2.320699e-05 clkbuf_6_24_0_core_clk
 4.391683e-06 1.862632e-05 7.179708e-12 2.301801e-05 clkbuf_6_62_0_core_clk
 4.382368e-06 1.837324e-05 7.179708e-12 2.275562e-05 clkbuf_6_13_0_core_clk
 4.463968e-06 1.821424e-05 7.179708e-12 2.267821e-05 clkbuf_2_1_0_core_clk
 4.362389e-06 1.811939e-05 7.179708e-12 2.248179e-05 clkbuf_6_49_0_core_clk
 4.463404e-06 1.768315e-05 7.179708e-12 2.214657e-05 clkbuf_2_2_0_core_clk
 4.388459e-06 1.755309e-05 7.179708e-12 2.194156e-05 clkbuf_6_45_0_core_clk
 4.389572e-06 1.754138e-05 7.179708e-12 2.193096e-05 clkbuf_6_59_0_core_clk
 4.388140e-06 1.738878e-05 7.179708e-12 2.177693e-05 clkbuf_6_44_0_core_clk
 4.365657e-06 1.698651e-05 7.179708e-12 2.135218e-05 clkbuf_6_31_0_core_clk
 4.387874e-06 1.683830e-05 7.179708e-12 2.122618e-05 clkbuf_6_63_0_core_clk
 4.462122e-06 1.668788e-05 7.179708e-12 2.115001e-05 clkbuf_2_3_0_core_clk
 2.973012e-06 1.814215e-05 1.185042e-11 2.111517e-05 fanout678
 4.378076e-06 1.670323e-05 7.179708e-12 2.108131e-05 clkbuf_6_8_0_core_clk
 4.377588e-06 1.665204e-05 7.179708e-12 2.102963e-05 clkbuf_6_11_0_core_clk
 4.387380e-06 1.650584e-05 7.179708e-12 2.089323e-05 clkbuf_6_56_0_core_clk
 4.377937e-06 1.646405e-05 7.179708e-12 2.084199e-05 clkbuf_6_15_0_core_clk
 4.393928e-06 1.637046e-05 7.179708e-12 2.076440e-05 clkbuf_6_18_0_core_clk
 4.385778e-06 1.635330e-05 7.179708e-12 2.073909e-05 clkbuf_6_47_0_core_clk
 4.384979e-06 1.607905e-05 7.179708e-12 2.046404e-05 clkbuf_6_43_0_core_clk
 4.388771e-06 1.595978e-05 7.179708e-12 2.034856e-05 clkbuf_6_6_0_core_clk
 4.386068e-06 1.588495e-05 7.179708e-12 2.027103e-05 clkbuf_6_58_0_core_clk
 4.363200e-06 1.571338e-05 7.179708e-12 2.007659e-05 clkbuf_6_29_0_core_clk
 4.385156e-06 1.554185e-05 7.179708e-12 1.992702e-05 clkbuf_6_60_0_core_clk
 4.391783e-06 1.528757e-05 7.179708e-12 1.967936e-05 clkbuf_6_19_0_core_clk
 4.375469e-06 1.529927e-05 7.179708e-12 1.967475e-05 clkbuf_6_14_0_core_clk
 4.386332e-06 1.478677e-05 7.179708e-12 1.917311e-05 clkbuf_6_7_0_core_clk
 4.382158e-06 1.466233e-05 7.179708e-12 1.904449e-05 clkbuf_6_41_0_core_clk
 4.382988e-06 1.454818e-05 7.179708e-12 1.893117e-05 clkbuf_6_61_0_core_clk
 4.381775e-06 1.450445e-05 7.179708e-12 1.888623e-05 clkbuf_6_40_0_core_clk
 2.921842e-06 1.570757e-05 1.301980e-11 1.862943e-05 fanout643
 4.380252e-06 1.385522e-05 7.179708e-12 1.823548e-05 clkbuf_6_42_0_core_clk
 4.388869e-06 1.384540e-05 7.179708e-12 1.823428e-05 clkbuf_6_22_0_core_clk
 4.388505e-06 1.375806e-05 7.179708e-12 1.814657e-05 clkbuf_6_16_0_core_clk
 4.383791e-06 1.361315e-05 7.179708e-12 1.799695e-05 clkbuf_6_3_0_core_clk
 4.383621e-06 1.357778e-05 7.179708e-12 1.796141e-05 clkbuf_6_1_0_core_clk
 2.981619e-06 1.479514e-05 1.148189e-11 1.777677e-05 fanout600
 3.009764e-06 1.443177e-05 1.184217e-11 1.744155e-05 fanout710
 4.382368e-06 1.289922e-05 7.179708e-12 1.728159e-05 clkbuf_6_5_0_core_clk
 4.386654e-06 1.280560e-05 7.179708e-12 1.719227e-05 clkbuf_6_20_0_core_clk
 4.385794e-06 1.235353e-05 7.179708e-12 1.673933e-05 clkbuf_6_23_0_core_clk
 4.380918e-06 1.225013e-05 7.179708e-12 1.663105e-05 clkbuf_6_2_0_core_clk
 4.380930e-06 1.218938e-05 7.179708e-12 1.657032e-05 clkbuf_6_4_0_core_clk
 4.380469e-06 1.207035e-05 7.179708e-12 1.645082e-05 clkbuf_6_0_0_core_clk
 2.924562e-06 1.316267e-05 1.301980e-11 1.608724e-05 fanout2040
 4.376972e-06 1.135056e-05 7.179708e-12 1.572754e-05 clkbuf_6_17_0_core_clk
 4.352978e-06 1.025012e-05 7.179708e-12 1.460310e-05 clkbuf_6_21_0_core_clk
 1.463930e-06 1.239525e-05 7.299088e-12 1.385919e-05 fanout1766
 1.445553e-06 1.234928e-05 7.327428e-12 1.379484e-05 fanout537
 1.121958e-06 1.102972e-05 1.339097e-11 1.215169e-05 wire549
 8.714966e-06 3.172831e-06 1.232310e-11 1.188781e-05 clkbuf_0_clk
 1.449262e-06 1.018610e-05 7.327428e-12 1.163537e-05 fanout528
 1.681644e-06 9.853270e-06 7.274186e-12 1.153492e-05 fanout747
 1.053020e-06 1.005520e-05 1.255529e-11 1.110823e-05 fanout585
 9.226267e-07 1.016219e-05 1.252529e-11 1.108483e-05 fanout519
 1.677633e-06 8.968322e-06 7.274186e-12 1.064596e-05 fanout714
 6.685607e-07 9.715849e-06 6.006222e-12 1.038442e-05 _28366_
 1.477071e-06 8.886652e-06 7.077795e-12 1.036373e-05 fanout964
 9.608772e-07 9.337860e-06 1.101379e-11 1.029875e-05 fanout510
 4.287956e-06 6.003082e-06 7.179708e-12 1.029105e-05 clkbuf_leaf_262_core_clk
 1.484231e-06 8.784600e-06 7.312369e-12 1.026884e-05 fanout2053
 1.492863e-06 8.718514e-06 7.301765e-12 1.021138e-05 fanout2049
 4.285617e-06 5.915992e-06 7.179708e-12 1.020162e-05 clkbuf_leaf_259_core_clk
 1.472998e-06 8.680523e-06 7.299088e-12 1.015353e-05 fanout1772
 4.261125e-06 5.885740e-06 7.179708e-12 1.014687e-05 clkbuf_leaf_285_core_clk
 4.263797e-06 5.878685e-06 7.179708e-12 1.014249e-05 clkbuf_leaf_299_core_clk
 9.680970e-07 9.138226e-06 1.355929e-11 1.010634e-05 fanout614
 7.270085e-07 9.303099e-06 4.428885e-12 1.003011e-05 wire424
 4.268701e-06 5.647973e-06 7.179708e-12 9.916682e-06 clkbuf_leaf_257_core_clk
 8.872601e-07 9.006416e-06 1.154960e-11 9.893688e-06 fanout951
 8.750611e-07 8.939228e-06 1.306808e-11 9.814302e-06 fanout1096
 9.129025e-07 8.856159e-06 1.269221e-11 9.769074e-06 fanout956
 8.427268e-06 1.332977e-06 1.232310e-11 9.760257e-06 clkbuf_1_1__f_clk
 1.454356e-06 8.207788e-06 7.077795e-12 9.662152e-06 fanout970
 4.249954e-06 5.385454e-06 7.179708e-12 9.635416e-06 clkbuf_leaf_284_core_clk
 4.252368e-06 5.382928e-06 7.179708e-12 9.635303e-06 clkbuf_leaf_304_core_clk
 1.468649e-06 8.148721e-06 7.312369e-12 9.617377e-06 fanout2042
 4.278046e-06 5.321299e-06 7.179708e-12 9.599352e-06 clkbuf_leaf_246_core_clk
 4.260615e-06 5.305516e-06 7.179708e-12 9.566138e-06 clkbuf_leaf_256_core_clk
 4.268758e-06 5.220015e-06 7.179708e-12 9.488781e-06 clkbuf_leaf_267_core_clk
 4.249248e-06 5.235508e-06 7.179708e-12 9.484764e-06 clkbuf_leaf_301_core_clk
 1.054015e-06 8.425024e-06 1.174887e-11 9.479051e-06 fanout1020
 8.392214e-06 9.972331e-07 1.232310e-11 9.389460e-06 clkbuf_1_0__f_clk
 4.264874e-06 5.069920e-06 7.179708e-12 9.334801e-06 clkbuf_leaf_268_core_clk
 4.245769e-06 5.086559e-06 7.179708e-12 9.332335e-06 clkbuf_leaf_305_core_clk
 4.245270e-06 5.062563e-06 7.179708e-12 9.307840e-06 clkbuf_leaf_306_core_clk
 1.677303e-06 7.607072e-06 7.274186e-12 9.284382e-06 fanout712
 4.269879e-06 5.001428e-06 7.179708e-12 9.271314e-06 clkbuf_leaf_244_core_clk
 4.253486e-06 5.001481e-06 7.179708e-12 9.254974e-06 clkbuf_leaf_258_core_clk
 4.253223e-06 4.989754e-06 7.179708e-12 9.242985e-06 clkbuf_leaf_255_core_clk
 4.279894e-06 4.955476e-06 7.179708e-12 9.235377e-06 clkbuf_leaf_444_core_clk
 4.274663e-06 4.956001e-06 7.179708e-12 9.230671e-06 clkbuf_leaf_172_core_clk
 1.480714e-06 7.733804e-06 7.299081e-12 9.214525e-06 fanout1771
 6.354264e-07 8.562456e-06 1.134143e-11 9.197894e-06 fanout601
 4.259621e-06 4.843793e-06 7.179708e-12 9.103422e-06 clkbuf_leaf_263_core_clk
 4.251571e-06 4.786257e-06 7.179708e-12 9.037835e-06 clkbuf_leaf_228_core_clk
 4.234774e-06 4.787177e-06 7.179708e-12 9.021958e-06 clkbuf_leaf_526_core_clk
 4.258320e-06 4.718780e-06 7.179708e-12 8.977107e-06 clkbuf_leaf_451_core_clk
 1.477038e-06 7.496014e-06 7.067191e-12 8.973059e-06 fanout962
 4.243229e-06 4.723814e-06 7.179708e-12 8.967050e-06 clkbuf_leaf_361_core_clk
 4.260455e-06 4.693371e-06 7.179708e-12 8.953833e-06 clkbuf_leaf_490_core_clk
 4.261918e-06 4.681913e-06 7.179708e-12 8.943838e-06 clkbuf_leaf_245_core_clk
 4.237407e-06 4.706190e-06 7.179708e-12 8.943604e-06 clkbuf_leaf_300_core_clk
 4.238100e-06 4.680736e-06 7.179708e-12 8.918843e-06 clkbuf_leaf_78_core_clk
 1.469045e-06 7.439209e-06 7.299081e-12 8.908261e-06 fanout1762
 4.270984e-06 4.618138e-06 7.179708e-12 8.889130e-06 clkbuf_leaf_436_core_clk
 1.460056e-06 7.418401e-06 7.336582e-12 8.878465e-06 fanout532
 4.253250e-06 4.593670e-06 7.179708e-12 8.846928e-06 clkbuf_leaf_261_core_clk
 4.257518e-06 4.586839e-06 7.179708e-12 8.844364e-06 clkbuf_leaf_487_core_clk
 4.238386e-06 4.584567e-06 7.179708e-12 8.822961e-06 clkbuf_leaf_362_core_clk
 4.259223e-06 4.559812e-06 7.179708e-12 8.819043e-06 clkbuf_leaf_248_core_clk
 4.232200e-06 4.573796e-06 7.179708e-12 8.806004e-06 clkbuf_leaf_289_core_clk
 4.229749e-06 4.551131e-06 7.179708e-12 8.780888e-06 clkbuf_leaf_42_core_clk
 4.231344e-06 4.548078e-06 7.179708e-12 8.779430e-06 clkbuf_leaf_282_core_clk
 4.233072e-06 4.522632e-06 7.179708e-12 8.755712e-06 clkbuf_leaf_303_core_clk
 1.480010e-06 7.265545e-06 7.301757e-12 8.745562e-06 fanout2047
 4.230766e-06 4.514010e-06 7.179708e-12 8.744782e-06 clkbuf_leaf_325_core_clk
 4.238602e-06 4.486694e-06 7.179708e-12 8.725303e-06 clkbuf_leaf_239_core_clk
 4.241061e-06 4.475133e-06 7.179708e-12 8.716202e-06 clkbuf_leaf_251_core_clk
 4.250615e-06 4.457870e-06 7.179708e-12 8.708492e-06 clkbuf_leaf_11_core_clk
 4.232282e-06 4.474968e-06 7.179708e-12 8.707257e-06 clkbuf_leaf_310_core_clk
 4.235707e-06 4.463086e-06 7.179708e-12 8.698800e-06 clkbuf_leaf_368_core_clk
 4.253750e-06 4.439999e-06 7.179708e-12 8.693756e-06 clkbuf_leaf_482_core_clk
 1.470198e-06 7.214097e-06 7.067191e-12 8.684302e-06 fanout3802
 4.249423e-06 4.426864e-06 7.179708e-12 8.676294e-06 clkbuf_leaf_264_core_clk
 1.471625e-06 7.199333e-06 7.312369e-12 8.670965e-06 fanout2043
 4.249045e-06 4.420444e-06 7.179708e-12 8.669496e-06 clkbuf_leaf_260_core_clk
 4.232606e-06 4.432931e-06 7.179708e-12 8.665545e-06 clkbuf_leaf_77_core_clk
 4.265174e-06 4.393582e-06 7.179708e-12 8.658763e-06 clkbuf_leaf_441_core_clk
 4.255288e-06 4.393622e-06 7.179708e-12 8.648916e-06 clkbuf_leaf_249_core_clk
 4.252970e-06 4.395191e-06 7.179708e-12 8.648169e-06 clkbuf_leaf_498_core_clk
 4.236908e-06 4.409117e-06 7.179708e-12 8.646032e-06 clkbuf_leaf_242_core_clk
 4.255932e-06 4.389595e-06 7.179708e-12 8.645535e-06 clkbuf_leaf_457_core_clk
 4.252830e-06 4.389547e-06 7.179708e-12 8.642384e-06 clkbuf_leaf_489_core_clk
 4.260106e-06 4.378522e-06 7.179708e-12 8.638635e-06 clkbuf_leaf_129_core_clk
 4.243373e-06 4.392544e-06 7.179708e-12 8.635924e-06 clkbuf_leaf_236_core_clk
 4.252370e-06 4.373278e-06 7.179708e-12 8.625656e-06 clkbuf_leaf_492_core_clk
 4.226125e-06 4.389745e-06 7.179708e-12 8.615878e-06 clkbuf_leaf_40_core_clk
 4.226300e-06 4.380554e-06 7.179708e-12 8.606861e-06 clkbuf_leaf_70_core_clk
 4.243079e-06 4.360349e-06 7.179708e-12 8.603436e-06 clkbuf_leaf_227_core_clk
 4.243105e-06 4.358427e-06 7.179708e-12 8.601539e-06 clkbuf_leaf_210_core_clk
 4.227551e-06 4.363724e-06 7.179708e-12 8.591282e-06 clkbuf_leaf_286_core_clk
 4.230940e-06 4.353123e-06 7.179708e-12 8.584069e-06 clkbuf_leaf_75_core_clk
 4.225377e-06 4.358494e-06 7.179708e-12 8.583878e-06 clkbuf_leaf_176_core_clk
 4.253455e-06 4.324251e-06 7.179708e-12 8.577714e-06 clkbuf_leaf_278_core_clk
 4.233765e-06 4.323987e-06 7.179708e-12 8.557759e-06 clkbuf_leaf_369_core_clk
 4.228726e-06 4.292369e-06 7.179708e-12 8.521101e-06 clkbuf_leaf_23_core_clk
 4.240924e-06 4.275408e-06 7.179708e-12 8.516339e-06 clkbuf_leaf_164_core_clk
 4.231526e-06 4.283274e-06 7.179708e-12 8.514808e-06 clkbuf_leaf_364_core_clk
 4.227770e-06 4.283788e-06 7.179708e-12 8.511565e-06 clkbuf_leaf_308_core_clk
 4.232311e-06 4.257112e-06 7.179708e-12 8.489431e-06 clkbuf_leaf_331_core_clk
 4.251992e-06 4.235717e-06 7.179708e-12 8.487717e-06 clkbuf_leaf_462_core_clk
 4.235525e-06 4.243745e-06 7.179708e-12 8.479276e-06 clkbuf_leaf_232_core_clk
 4.230738e-06 4.243319e-06 7.179708e-12 8.474065e-06 clkbuf_leaf_365_core_clk
 4.244923e-06 4.228048e-06 7.179708e-12 8.472978e-06 clkbuf_leaf_16_core_clk
 4.261819e-06 4.210298e-06 7.179708e-12 8.472124e-06 clkbuf_leaf_521_core_clk
 4.227568e-06 4.224279e-06 7.179708e-12 8.451854e-06 clkbuf_leaf_81_core_clk
 4.231463e-06 4.219932e-06 7.179708e-12 8.451403e-06 clkbuf_leaf_326_core_clk
 4.227081e-06 4.221721e-06 7.179708e-12 8.448809e-06 clkbuf_leaf_22_core_clk
 4.234538e-06 4.199404e-06 7.179708e-12 8.433948e-06 clkbuf_leaf_254_core_clk
 4.226138e-06 4.207266e-06 7.179708e-12 8.433411e-06 clkbuf_leaf_309_core_clk
 4.234499e-06 4.197702e-06 7.179708e-12 8.432207e-06 clkbuf_leaf_253_core_clk
 4.258527e-06 4.143563e-06 7.179708e-12 8.402097e-06 clkbuf_leaf_438_core_clk
 4.242905e-06 4.143972e-06 7.179708e-12 8.386884e-06 clkbuf_leaf_12_core_clk
 4.239073e-06 4.146791e-06 7.179708e-12 8.385872e-06 clkbuf_leaf_158_core_clk
 4.229540e-06 4.147062e-06 7.179708e-12 8.376608e-06 clkbuf_leaf_6_core_clk
 4.222847e-06 4.151290e-06 7.179708e-12 8.374144e-06 clkbuf_leaf_287_core_clk
 4.258475e-06 4.094110e-06 7.179708e-12 8.352592e-06 clkbuf_leaf_525_core_clk
 4.242510e-06 4.108697e-06 7.179708e-12 8.351215e-06 clkbuf_leaf_211_core_clk
 4.228555e-06 4.109072e-06 7.179708e-12 8.337634e-06 clkbuf_leaf_5_core_clk
 4.227201e-06 4.097562e-06 7.179708e-12 8.324771e-06 clkbuf_leaf_363_core_clk
 4.224394e-06 4.097132e-06 7.179708e-12 8.321533e-06 clkbuf_leaf_25_core_clk
 4.224271e-06 4.095798e-06 7.179708e-12 8.320076e-06 clkbuf_leaf_20_core_clk
 4.223356e-06 4.093758e-06 7.179708e-12 8.317121e-06 clkbuf_leaf_312_core_clk
 4.226258e-06 4.089053e-06 7.179708e-12 8.315317e-06 clkbuf_leaf_113_core_clk
 4.224342e-06 4.083115e-06 7.179708e-12 8.307465e-06 clkbuf_leaf_82_core_clk
 4.240090e-06 4.049282e-06 7.179708e-12 8.289379e-06 clkbuf_leaf_266_core_clk
 4.226546e-06 4.059612e-06 7.179708e-12 8.286166e-06 clkbuf_leaf_366_core_clk
 4.221782e-06 4.049020e-06 7.179708e-12 8.270809e-06 clkbuf_leaf_398_core_clk
 4.254910e-06 4.014889e-06 7.179708e-12 8.269806e-06 clkbuf_leaf_420_core_clk
 4.220118e-06 4.032614e-06 7.179708e-12 8.252739e-06 clkbuf_leaf_324_core_clk
 4.221199e-06 4.021630e-06 7.179708e-12 8.242836e-06 clkbuf_leaf_396_core_clk
 4.221912e-06 4.018028e-06 7.179708e-12 8.239947e-06 clkbuf_leaf_302_core_clk
 4.228606e-06 4.009486e-06 7.179708e-12 8.238099e-06 clkbuf_leaf_156_core_clk
 4.254324e-06 3.970303e-06 7.179708e-12 8.224633e-06 clkbuf_leaf_443_core_clk
 4.221390e-06 3.997376e-06 7.179708e-12 8.218773e-06 clkbuf_leaf_276_core_clk
 4.228117e-06 3.990175e-06 7.179708e-12 8.218300e-06 clkbuf_leaf_157_core_clk
 4.218914e-06 3.986552e-06 7.179708e-12 8.205474e-06 clkbuf_leaf_281_core_clk
 4.245037e-06 3.949569e-06 7.179708e-12 8.194615e-06 clkbuf_leaf_426_core_clk
 4.219937e-06 3.964157e-06 7.179708e-12 8.184101e-06 clkbuf_leaf_397_core_clk
 4.225048e-06 3.958039e-06 7.179708e-12 8.183094e-06 clkbuf_leaf_4_core_clk
 4.220307e-06 3.950960e-06 7.179708e-12 8.171275e-06 clkbuf_leaf_307_core_clk
 4.221049e-06 3.946816e-06 7.179708e-12 8.167872e-06 clkbuf_leaf_26_core_clk
 4.237305e-06 3.927695e-06 7.179708e-12 8.165007e-06 clkbuf_leaf_30_core_clk
 4.226582e-06 3.925209e-06 7.179708e-12 8.151798e-06 clkbuf_leaf_143_core_clk
 4.258622e-06 3.888838e-06 7.179708e-12 8.147466e-06 clkbuf_leaf_508_core_clk
 4.227876e-06 3.917266e-06 7.179708e-12 8.145149e-06 clkbuf_leaf_252_core_clk
 4.222320e-06 3.921210e-06 7.179708e-12 8.143537e-06 clkbuf_leaf_110_core_clk
 4.225681e-06 3.916976e-06 7.179708e-12 8.142664e-06 clkbuf_leaf_238_core_clk
 4.238103e-06 3.898341e-06 7.179708e-12 8.136452e-06 clkbuf_leaf_449_core_clk
 4.224363e-06 3.903333e-06 7.179708e-12 8.127703e-06 clkbuf_leaf_382_core_clk
 4.236054e-06 3.881719e-06 7.179708e-12 8.117780e-06 clkbuf_leaf_250_core_clk
 4.215274e-06 3.900589e-06 7.179708e-12 8.115871e-06 clkbuf_leaf_127_core_clk
 4.257623e-06 3.854404e-06 7.179708e-12 8.112034e-06 clkbuf_leaf_507_core_clk
 4.223668e-06 3.884144e-06 7.179708e-12 8.107820e-06 clkbuf_leaf_329_core_clk
 4.221512e-06 3.874602e-06 7.179708e-12 8.096122e-06 clkbuf_leaf_108_core_clk
 4.226682e-06 3.868743e-06 7.179708e-12 8.095432e-06 clkbuf_leaf_235_core_clk
 4.218923e-06 3.869528e-06 7.179708e-12 8.088458e-06 clkbuf_leaf_295_core_clk
 4.218468e-06 3.864131e-06 7.179708e-12 8.082607e-06 clkbuf_leaf_274_core_clk
 4.245758e-06 3.826974e-06 7.179708e-12 8.072739e-06 clkbuf_leaf_173_core_clk
 4.239787e-06 3.825639e-06 7.179708e-12 8.065434e-06 clkbuf_leaf_215_core_clk
 4.223385e-06 3.831036e-06 7.179708e-12 8.054429e-06 clkbuf_leaf_199_core_clk
 4.219237e-06 3.832293e-06 7.179708e-12 8.051538e-06 clkbuf_leaf_83_core_clk
 4.222146e-06 3.823430e-06 7.179708e-12 8.045583e-06 clkbuf_leaf_38_core_clk
 6.385659e-07 7.404274e-06 1.371420e-11 8.042854e-06 fanout1027
 7.197280e-07 7.321623e-06 1.090770e-11 8.041362e-06 fanout572
 4.250495e-06 3.789813e-06 7.179708e-12 8.040316e-06 clkbuf_leaf_485_core_clk
 4.228686e-06 3.808788e-06 7.179708e-12 8.037481e-06 clkbuf_leaf_231_core_clk
 4.215253e-06 3.820929e-06 7.179708e-12 8.036190e-06 clkbuf_leaf_280_core_clk
 4.216521e-06 3.816105e-06 7.179708e-12 8.032634e-06 clkbuf_leaf_402_core_clk
 4.230259e-06 3.793066e-06 7.179708e-12 8.023333e-06 clkbuf_leaf_167_core_clk
 4.243942e-06 3.755210e-06 7.179708e-12 7.999160e-06 clkbuf_leaf_174_core_clk
 4.249547e-06 3.740645e-06 7.179708e-12 7.990199e-06 clkbuf_leaf_514_core_clk
 5.396316e-07 7.449650e-06 7.028986e-12 7.989289e-06 fanout941
 4.221074e-06 3.762330e-06 7.179708e-12 7.983411e-06 clkbuf_leaf_371_core_clk
 4.239698e-06 3.735652e-06 7.179708e-12 7.975357e-06 clkbuf_leaf_456_core_clk
 4.220458e-06 3.747156e-06 7.179708e-12 7.967621e-06 clkbuf_leaf_372_core_clk
 4.216570e-06 3.741855e-06 7.179708e-12 7.958432e-06 clkbuf_leaf_323_core_clk
 4.236104e-06 3.716266e-06 7.179708e-12 7.952378e-06 clkbuf_leaf_133_core_clk
 4.238528e-06 3.700130e-06 7.179708e-12 7.938665e-06 clkbuf_leaf_459_core_clk
 4.215788e-06 3.721549e-06 7.179708e-12 7.937344e-06 clkbuf_leaf_21_core_clk
 4.216194e-06 3.719961e-06 7.179708e-12 7.936162e-06 clkbuf_leaf_79_core_clk
 4.215817e-06 3.716954e-06 7.179708e-12 7.932778e-06 clkbuf_leaf_24_core_clk
 4.220578e-06 3.711960e-06 7.179708e-12 7.932545e-06 clkbuf_leaf_241_core_clk
 4.219753e-06 3.708062e-06 7.179708e-12 7.927822e-06 clkbuf_leaf_370_core_clk
 4.221256e-06 3.699638e-06 7.179708e-12 7.920901e-06 clkbuf_leaf_145_core_clk
 4.214102e-06 3.706170e-06 7.179708e-12 7.920280e-06 clkbuf_leaf_406_core_clk
 4.246313e-06 3.671511e-06 7.179708e-12 7.917832e-06 clkbuf_leaf_439_core_clk
 4.217463e-06 3.699752e-06 7.179708e-12 7.917223e-06 clkbuf_leaf_355_core_clk
 4.252391e-06 3.661431e-06 7.179708e-12 7.913830e-06 clkbuf_leaf_505_core_clk
 6.363588e-07 7.270078e-06 1.123158e-11 7.906448e-06 fanout1922
 4.220842e-06 3.683651e-06 7.179708e-12 7.904499e-06 clkbuf_leaf_146_core_clk
 4.217110e-06 3.679213e-06 7.179708e-12 7.896331e-06 clkbuf_leaf_69_core_clk
 4.216608e-06 3.668376e-06 7.179708e-12 7.884992e-06 clkbuf_leaf_111_core_clk
 4.210386e-06 3.674491e-06 7.179708e-12 7.884884e-06 clkbuf_leaf_484_core_clk
 4.237214e-06 3.645276e-06 7.179708e-12 7.882498e-06 clkbuf_leaf_458_core_clk
 4.220242e-06 3.657839e-06 7.179708e-12 7.878089e-06 clkbuf_leaf_141_core_clk
 4.216532e-06 3.654791e-06 7.179708e-12 7.871331e-06 clkbuf_leaf_358_core_clk
 4.214176e-06 3.647000e-06 7.179708e-12 7.861184e-06 clkbuf_leaf_290_core_clk
 4.234725e-06 3.626409e-06 7.179708e-12 7.861141e-06 clkbuf_leaf_224_core_clk
 4.217815e-06 3.641216e-06 7.179708e-12 7.859038e-06 clkbuf_leaf_8_core_clk
 4.230853e-06 3.627512e-06 7.179708e-12 7.858373e-06 clkbuf_leaf_206_core_clk
 4.213979e-06 3.636590e-06 7.179708e-12 7.850575e-06 clkbuf_leaf_17_core_clk
 4.233425e-06 3.614171e-06 7.179708e-12 7.847603e-06 clkbuf_leaf_480_core_clk
 4.235183e-06 3.607736e-06 7.179708e-12 7.842927e-06 clkbuf_leaf_247_core_clk
 4.240327e-06 3.600961e-06 7.179708e-12 7.841294e-06 clkbuf_leaf_128_core_clk
 4.218465e-06 3.621648e-06 7.179708e-12 7.840121e-06 clkbuf_leaf_240_core_clk
 4.212074e-06 3.618178e-06 7.179708e-12 7.830259e-06 clkbuf_leaf_401_core_clk
 4.215598e-06 3.612258e-06 7.179708e-12 7.827863e-06 clkbuf_leaf_106_core_clk
 4.230708e-06 3.595052e-06 7.179708e-12 7.825768e-06 clkbuf_leaf_454_core_clk
 4.212999e-06 3.596186e-06 7.179708e-12 7.809193e-06 clkbuf_leaf_19_core_clk
 4.211452e-06 3.582201e-06 7.179708e-12 7.793660e-06 clkbuf_leaf_395_core_clk
 4.229214e-06 3.561747e-06 7.179708e-12 7.790968e-06 clkbuf_leaf_202_core_clk
 4.238806e-06 3.551186e-06 7.179708e-12 7.789999e-06 clkbuf_leaf_175_core_clk
 4.230341e-06 3.557474e-06 7.179708e-12 7.787823e-06 clkbuf_leaf_149_core_clk
 4.208327e-06 3.578021e-06 7.179708e-12 7.786354e-06 clkbuf_leaf_41_core_clk
 4.207974e-06 3.566349e-06 7.179708e-12 7.774331e-06 clkbuf_leaf_126_core_clk
 4.237566e-06 3.532195e-06 7.179708e-12 7.769769e-06 clkbuf_leaf_448_core_clk
 6.731515e-07 7.093543e-06 1.102307e-11 7.766705e-06 max_cap569
 4.248778e-06 3.509705e-06 7.179708e-12 7.758490e-06 clkbuf_leaf_527_core_clk
 4.207967e-06 3.546390e-06 7.179708e-12 7.754365e-06 clkbuf_leaf_72_core_clk
 4.223622e-06 3.512170e-06 7.179708e-12 7.735800e-06 clkbuf_leaf_169_core_clk
 4.215927e-06 3.510877e-06 7.179708e-12 7.726811e-06 clkbuf_leaf_243_core_clk
 8.854525e-07 6.832602e-06 1.191339e-11 7.718066e-06 fanout1755
 4.210643e-06 3.506989e-06 7.179708e-12 7.717639e-06 clkbuf_leaf_294_core_clk
 4.210807e-06 3.489948e-06 7.179708e-12 7.700763e-06 clkbuf_leaf_322_core_clk
 4.212650e-06 3.484470e-06 7.179708e-12 7.697127e-06 clkbuf_leaf_68_core_clk
 4.215338e-06 3.478012e-06 7.179708e-12 7.693357e-06 clkbuf_leaf_200_core_clk
 4.226159e-06 3.464814e-06 7.179708e-12 7.690980e-06 clkbuf_leaf_15_core_clk
 4.212290e-06 3.478597e-06 7.179708e-12 7.690894e-06 clkbuf_leaf_353_core_clk
 4.212314e-06 3.476052e-06 7.179708e-12 7.688373e-06 clkbuf_leaf_112_core_clk
 4.235008e-06 3.431996e-06 7.179708e-12 7.667011e-06 clkbuf_leaf_497_core_clk
 4.226374e-06 3.417226e-06 7.179708e-12 7.643607e-06 clkbuf_leaf_453_core_clk
 4.221329e-06 3.421946e-06 7.179708e-12 7.643283e-06 clkbuf_leaf_165_core_clk
 4.239049e-06 3.400210e-06 7.179708e-12 7.639267e-06 clkbuf_leaf_424_core_clk
 4.210935e-06 3.423796e-06 7.179708e-12 7.634739e-06 clkbuf_leaf_109_core_clk
 4.218782e-06 3.415373e-06 7.179708e-12 7.634162e-06 clkbuf_leaf_229_core_clk
 4.228063e-06 3.400746e-06 7.179708e-12 7.628817e-06 clkbuf_leaf_491_core_clk
 4.224724e-06 3.401395e-06 7.179708e-12 7.626126e-06 clkbuf_leaf_35_core_clk
 4.245389e-06 3.378366e-06 7.179708e-12 7.623762e-06 clkbuf_leaf_528_core_clk
 1.470092e-06 6.150172e-06 7.077795e-12 7.620272e-06 fanout3398
 4.209602e-06 3.409392e-06 7.179708e-12 7.619001e-06 clkbuf_leaf_74_core_clk
 4.214598e-06 3.403977e-06 7.179708e-12 7.618582e-06 clkbuf_leaf_463_core_clk
 4.233837e-06 3.383613e-06 7.179708e-12 7.617458e-06 clkbuf_leaf_496_core_clk
 4.216088e-06 3.400638e-06 7.179708e-12 7.616733e-06 clkbuf_leaf_478_core_clk
 4.238493e-06 3.366973e-06 7.179708e-12 7.605473e-06 clkbuf_leaf_437_core_clk
 4.213219e-06 3.387773e-06 7.179708e-12 7.600999e-06 clkbuf_leaf_201_core_clk
 4.210684e-06 3.373244e-06 7.179708e-12 7.583936e-06 clkbuf_leaf_367_core_clk
 4.209948e-06 3.369092e-06 7.179708e-12 7.579048e-06 clkbuf_leaf_356_core_clk
 4.211648e-06 3.364569e-06 7.179708e-12 7.576224e-06 clkbuf_leaf_373_core_clk
 4.224121e-06 3.345925e-06 7.179708e-12 7.570053e-06 clkbuf_leaf_214_core_clk
 4.203627e-06 3.365353e-06 7.179708e-12 7.568987e-06 clkbuf_leaf_92_core_clk
 4.211153e-06 3.354726e-06 7.179708e-12 7.565886e-06 clkbuf_leaf_7_core_clk
 4.211993e-06 3.341215e-06 7.179708e-12 7.553215e-06 clkbuf_leaf_204_core_clk
 4.202917e-06 3.348957e-06 7.179708e-12 7.551882e-06 clkbuf_leaf_91_core_clk
 4.210154e-06 3.332908e-06 7.179708e-12 7.543069e-06 clkbuf_leaf_198_core_clk
 4.219854e-06 3.308870e-06 7.179708e-12 7.528731e-06 clkbuf_leaf_29_core_clk
 4.222262e-06 3.289188e-06 7.179708e-12 7.511457e-06 clkbuf_leaf_134_core_clk
 4.205640e-06 3.299481e-06 7.179708e-12 7.505128e-06 clkbuf_leaf_354_core_clk
 4.205584e-06 3.298409e-06 7.179708e-12 7.504001e-06 clkbuf_leaf_399_core_clk
 4.203409e-06 3.294293e-06 7.179708e-12 7.497710e-06 clkbuf_leaf_18_core_clk
 4.202701e-06 3.293526e-06 7.179708e-12 7.496235e-06 clkbuf_leaf_315_core_clk
 4.225233e-06 3.253484e-06 7.179708e-12 7.478725e-06 clkbuf_leaf_494_core_clk
 4.201568e-06 3.276318e-06 7.179708e-12 7.477894e-06 clkbuf_leaf_317_core_clk
 4.200722e-06 3.275211e-06 7.179708e-12 7.475940e-06 clkbuf_leaf_392_core_clk
 4.198036e-06 3.272945e-06 7.179708e-12 7.470988e-06 clkbuf_leaf_66_core_clk
 4.219750e-06 3.247960e-06 7.179708e-12 7.467717e-06 clkbuf_leaf_216_core_clk
 8.412622e-07 6.625646e-06 4.529111e-12 7.466913e-06 fanout733
 4.215900e-06 3.247332e-06 7.179708e-12 7.463240e-06 clkbuf_leaf_207_core_clk
 4.200387e-06 3.261663e-06 7.179708e-12 7.462058e-06 clkbuf_leaf_275_core_clk
 4.229415e-06 3.228090e-06 7.179708e-12 7.457513e-06 clkbuf_leaf_519_core_clk
 4.199783e-06 3.257666e-06 7.179708e-12 7.457455e-06 clkbuf_leaf_313_core_clk
 4.199880e-06 3.249250e-06 7.179708e-12 7.449137e-06 clkbuf_leaf_321_core_clk
 4.199455e-06 3.247191e-06 7.179708e-12 7.446653e-06 clkbuf_leaf_298_core_clk
 4.198204e-06 3.237119e-06 7.179708e-12 7.435330e-06 clkbuf_leaf_314_core_clk
 4.197215e-06 3.230411e-06 7.179708e-12 7.427633e-06 clkbuf_leaf_390_core_clk
 4.230378e-06 3.196728e-06 7.179708e-12 7.427113e-06 clkbuf_leaf_411_core_clk
 4.221625e-06 3.193803e-06 7.179708e-12 7.415435e-06 clkbuf_leaf_125_core_clk
 4.223836e-06 3.183775e-06 7.179708e-12 7.407618e-06 clkbuf_leaf_422_core_clk
 4.230913e-06 3.175542e-06 7.179708e-12 7.406462e-06 clkbuf_leaf_418_core_clk
 4.201691e-06 3.203119e-06 7.179708e-12 7.404818e-06 clkbuf_leaf_148_core_clk
 4.195565e-06 3.196181e-06 7.179708e-12 7.391753e-06 clkbuf_leaf_296_core_clk
 4.226979e-06 3.162385e-06 7.179708e-12 7.389372e-06 clkbuf_leaf_503_core_clk
 4.223687e-06 3.160158e-06 7.179708e-12 7.383852e-06 clkbuf_leaf_520_core_clk
 4.221880e-06 3.157412e-06 7.179708e-12 7.379300e-06 clkbuf_leaf_419_core_clk
 4.191306e-06 3.184380e-06 7.179708e-12 7.375694e-06 clkbuf_leaf_71_core_clk
 4.228498e-06 3.146819e-06 7.179708e-12 7.375324e-06 clkbuf_leaf_400_core_clk
 4.193943e-06 3.175727e-06 7.179708e-12 7.369676e-06 clkbuf_leaf_297_core_clk
 4.196052e-06 3.172565e-06 7.179708e-12 7.368624e-06 clkbuf_leaf_357_core_clk
 5.484267e-07 6.820170e-06 1.367512e-11 7.368611e-06 fanout1860
 4.190232e-06 3.177017e-06 7.179708e-12 7.367256e-06 clkbuf_leaf_87_core_clk
 4.209766e-06 3.137977e-06 7.179708e-12 7.347751e-06 clkbuf_leaf_138_core_clk
 4.212425e-06 3.132658e-06 7.179708e-12 7.345091e-06 clkbuf_leaf_48_core_clk
 4.209327e-06 3.131986e-06 7.179708e-12 7.341320e-06 clkbuf_leaf_131_core_clk
 4.191235e-06 3.143199e-06 7.179708e-12 7.334442e-06 clkbuf_leaf_316_core_clk
 4.205835e-06 3.124954e-06 7.179708e-12 7.330797e-06 clkbuf_leaf_208_core_clk
 4.201283e-06 3.122060e-06 7.179708e-12 7.323350e-06 clkbuf_leaf_166_core_clk
 4.206681e-06 3.115866e-06 7.179708e-12 7.322554e-06 clkbuf_leaf_154_core_clk
 7.462244e-07 6.574674e-06 1.238273e-11 7.320910e-06 fanout1680
 4.226775e-06 3.090085e-06 7.179708e-12 7.316868e-06 clkbuf_leaf_428_core_clk
 4.213872e-06 3.102460e-06 7.179708e-12 7.316339e-06 clkbuf_leaf_123_core_clk
 4.207247e-06 3.106554e-06 7.179708e-12 7.313808e-06 clkbuf_leaf_142_core_clk
 4.199662e-06 3.114063e-06 7.179708e-12 7.313732e-06 clkbuf_leaf_237_core_clk
 4.190805e-06 3.121432e-06 7.179708e-12 7.312244e-06 clkbuf_leaf_73_core_clk
 4.187859e-06 3.115254e-06 7.179708e-12 7.303121e-06 clkbuf_leaf_107_core_clk
 4.189677e-06 3.110269e-06 7.179708e-12 7.299953e-06 clkbuf_leaf_187_core_clk
 4.224433e-06 3.063039e-06 7.179708e-12 7.287479e-06 clkbuf_leaf_435_core_clk
 4.190765e-06 3.085214e-06 7.179708e-12 7.275986e-06 clkbuf_leaf_328_core_clk
 4.187435e-06 3.088173e-06 7.179708e-12 7.275615e-06 clkbuf_leaf_292_core_clk
 4.192061e-06 3.081167e-06 7.179708e-12 7.273235e-06 clkbuf_leaf_144_core_clk
 4.190592e-06 3.080622e-06 7.179708e-12 7.271222e-06 clkbuf_leaf_330_core_clk
 4.201096e-06 3.062260e-06 7.179708e-12 7.263363e-06 clkbuf_leaf_205_core_clk
 4.201712e-06 3.058220e-06 7.179708e-12 7.259939e-06 clkbuf_leaf_150_core_clk
 4.186109e-06 3.073700e-06 7.179708e-12 7.259816e-06 clkbuf_leaf_318_core_clk
 4.189550e-06 3.067770e-06 7.179708e-12 7.257328e-06 clkbuf_leaf_383_core_clk
 4.195773e-06 3.057362e-06 7.179708e-12 7.253143e-06 clkbuf_leaf_212_core_clk
 4.182062e-06 3.068622e-06 7.179708e-12 7.250691e-06 clkbuf_leaf_86_core_clk
 4.195269e-06 3.052603e-06 7.179708e-12 7.247880e-06 clkbuf_leaf_161_core_clk
 4.218212e-06 3.027095e-06 7.179708e-12 7.245314e-06 clkbuf_leaf_404_core_clk
 4.198826e-06 3.042597e-06 7.179708e-12 7.241430e-06 clkbuf_leaf_36_core_clk
 4.206480e-06 3.028641e-06 7.179708e-12 7.235129e-06 clkbuf_leaf_493_core_clk
 4.203651e-06 3.030727e-06 7.179708e-12 7.234385e-06 clkbuf_leaf_452_core_clk
 4.214648e-06 3.018542e-06 7.179708e-12 7.233198e-06 clkbuf_leaf_440_core_clk
 4.210195e-06 3.012384e-06 7.179708e-12 7.222586e-06 clkbuf_leaf_136_core_clk
 4.196089e-06 3.024025e-06 7.179708e-12 7.220121e-06 clkbuf_leaf_375_core_clk
 4.192980e-06 3.026652e-06 7.179708e-12 7.219639e-06 clkbuf_leaf_162_core_clk
 4.186264e-06 3.029184e-06 7.179708e-12 7.215455e-06 clkbuf_leaf_283_core_clk
 4.180481e-06 3.019480e-06 7.179708e-12 7.199968e-06 clkbuf_leaf_116_core_clk
 4.182179e-06 3.015469e-06 7.179708e-12 7.197655e-06 clkbuf_leaf_80_core_clk
 4.189994e-06 3.006086e-06 7.179708e-12 7.196088e-06 clkbuf_leaf_230_core_clk
 4.180669e-06 3.015210e-06 7.179708e-12 7.195886e-06 clkbuf_leaf_360_core_clk
 4.181541e-06 3.011941e-06 7.179708e-12 7.193488e-06 clkbuf_leaf_291_core_clk
 4.194516e-06 2.993004e-06 7.179708e-12 7.187527e-06 clkbuf_leaf_13_core_clk
 4.183693e-06 2.995042e-06 7.179708e-12 7.178743e-06 clkbuf_leaf_327_core_clk
 4.177833e-06 2.963125e-06 7.179708e-12 7.140965e-06 clkbuf_leaf_28_core_clk
 4.175741e-06 2.957398e-06 7.179708e-12 7.133146e-06 clkbuf_leaf_103_core_clk
 4.189419e-06 2.931825e-06 7.179708e-12 7.121251e-06 clkbuf_leaf_0_core_clk
 4.172637e-06 2.941439e-06 7.179708e-12 7.114084e-06 clkbuf_leaf_178_core_clk
 4.172663e-06 2.940953e-06 7.179708e-12 7.113624e-06 clkbuf_leaf_483_core_clk
 4.200619e-06 2.906957e-06 7.179708e-12 7.107583e-06 clkbuf_leaf_421_core_clk
 4.204836e-06 2.902573e-06 7.179708e-12 7.107417e-06 clkbuf_leaf_504_core_clk
 4.188334e-06 2.917765e-06 7.179708e-12 7.106106e-06 clkbuf_leaf_32_core_clk
 4.209979e-06 2.894992e-06 7.179708e-12 7.104978e-06 clkbuf_leaf_434_core_clk
 4.188835e-06 2.911305e-06 7.179708e-12 7.100147e-06 clkbuf_leaf_475_core_clk
 4.204965e-06 2.884548e-06 7.179708e-12 7.089520e-06 clkbuf_leaf_509_core_clk
 4.207474e-06 2.865439e-06 7.179708e-12 7.072920e-06 clkbuf_leaf_427_core_clk
 4.186072e-06 2.877551e-06 7.179708e-12 7.063631e-06 clkbuf_leaf_466_core_clk
 4.198830e-06 2.864717e-06 7.179708e-12 7.063554e-06 clkbuf_leaf_518_core_clk
 4.201639e-06 2.858092e-06 7.179708e-12 7.059738e-06 clkbuf_leaf_430_core_clk
 4.201333e-06 2.855526e-06 7.179708e-12 7.056867e-06 clkbuf_leaf_429_core_clk
 4.202262e-06 2.852842e-06 7.179708e-12 7.055111e-06 clkbuf_leaf_499_core_clk
 4.201992e-06 2.852121e-06 7.179708e-12 7.054121e-06 clkbuf_leaf_506_core_clk
 4.197844e-06 2.853173e-06 7.179708e-12 7.051025e-06 clkbuf_leaf_510_core_clk
 4.177125e-06 2.872829e-06 7.179708e-12 7.049962e-06 clkbuf_leaf_477_core_clk
 4.180201e-06 2.867464e-06 7.179708e-12 7.047673e-06 clkbuf_leaf_163_core_clk
 4.167407e-06 2.873904e-06 7.179708e-12 7.041319e-06 clkbuf_leaf_93_core_clk
 4.172119e-06 2.866970e-06 7.179708e-12 7.039097e-06 clkbuf_leaf_359_core_clk
 4.179096e-06 2.856857e-06 7.179708e-12 7.035960e-06 clkbuf_leaf_182_core_clk
 4.199340e-06 2.835109e-06 7.179708e-12 7.034457e-06 clkbuf_leaf_500_core_clk
 4.179290e-06 2.849808e-06 7.179708e-12 7.029105e-06 clkbuf_leaf_181_core_clk
 4.189340e-06 2.823346e-06 7.179708e-12 7.012693e-06 clkbuf_leaf_479_core_clk
 4.171307e-06 2.839315e-06 7.179708e-12 7.010629e-06 clkbuf_leaf_39_core_clk
 4.180841e-06 2.820624e-06 7.179708e-12 7.001472e-06 clkbuf_leaf_37_core_clk
 4.183078e-06 2.811855e-06 7.179708e-12 6.994940e-06 clkbuf_leaf_132_core_clk
 4.179554e-06 2.809099e-06 7.179708e-12 6.988660e-06 clkbuf_leaf_14_core_clk
 4.167771e-06 2.802263e-06 7.179708e-12 6.970041e-06 clkbuf_leaf_189_core_clk
 4.190804e-06 2.770933e-06 7.179708e-12 6.961745e-06 clkbuf_leaf_513_core_clk
 4.163468e-06 2.797136e-06 7.179708e-12 6.960611e-06 clkbuf_leaf_105_core_clk
 4.185885e-06 2.768903e-06 7.179708e-12 6.954795e-06 clkbuf_leaf_114_core_clk
 4.178488e-06 2.771209e-06 7.179708e-12 6.949704e-06 clkbuf_leaf_153_core_clk
 4.160004e-06 2.778809e-06 7.179708e-12 6.938820e-06 clkbuf_leaf_88_core_clk
 4.191596e-06 2.744641e-06 7.179708e-12 6.936244e-06 clkbuf_leaf_502_core_clk
 4.161172e-06 2.767686e-06 7.179708e-12 6.928865e-06 clkbuf_leaf_98_core_clk
 4.186586e-06 2.739975e-06 7.179708e-12 6.926569e-06 clkbuf_leaf_460_core_clk
 4.165002e-06 2.760700e-06 7.179708e-12 6.925709e-06 clkbuf_leaf_3_core_clk
 4.162290e-06 2.758695e-06 7.179708e-12 6.920993e-06 clkbuf_leaf_311_core_clk
 4.171236e-06 2.746913e-06 7.179708e-12 6.918156e-06 clkbuf_leaf_168_core_clk
 4.174168e-06 2.741903e-06 7.179708e-12 6.916079e-06 clkbuf_leaf_33_core_clk
 4.158105e-06 2.754724e-06 7.179708e-12 6.912837e-06 clkbuf_leaf_90_core_clk
 4.165374e-06 2.744161e-06 7.179708e-12 6.909543e-06 clkbuf_leaf_155_core_clk
 4.157549e-06 2.746822e-06 7.179708e-12 6.904378e-06 clkbuf_leaf_89_core_clk
 4.190257e-06 2.710562e-06 7.179708e-12 6.900827e-06 clkbuf_leaf_2_core_clk
 4.164830e-06 2.735819e-06 7.179708e-12 6.900656e-06 clkbuf_leaf_464_core_clk
 4.169822e-06 2.729103e-06 7.179708e-12 6.898932e-06 clkbuf_leaf_171_core_clk
 4.189567e-06 2.702569e-06 7.179708e-12 6.892144e-06 clkbuf_leaf_1_core_clk
 4.157694e-06 2.722345e-06 7.179708e-12 6.880046e-06 clkbuf_leaf_99_core_clk
 4.183359e-06 2.693987e-06 7.179708e-12 6.877352e-06 clkbuf_leaf_120_core_clk
 4.159527e-06 2.716965e-06 7.179708e-12 6.876499e-06 clkbuf_leaf_333_core_clk
 4.156713e-06 2.702490e-06 7.179708e-12 6.859211e-06 clkbuf_leaf_394_core_clk
 4.154317e-06 2.701150e-06 7.179708e-12 6.855474e-06 clkbuf_leaf_94_core_clk
 4.169553e-06 2.680193e-06 7.179708e-12 6.849753e-06 clkbuf_leaf_209_core_clk
 4.158817e-06 2.679678e-06 7.179708e-12 6.838502e-06 clkbuf_leaf_374_core_clk
 4.154268e-06 2.677455e-06 7.179708e-12 6.831730e-06 clkbuf_leaf_101_core_clk
 4.185425e-06 2.641794e-06 7.179708e-12 6.827227e-06 clkbuf_leaf_417_core_clk
 4.154992e-06 2.668806e-06 7.179708e-12 6.823806e-06 clkbuf_leaf_61_core_clk
 4.170679e-06 2.642880e-06 7.179708e-12 6.813566e-06 clkbuf_leaf_388_core_clk
 4.174634e-06 2.636010e-06 7.179708e-12 6.810651e-06 clkbuf_leaf_130_core_clk
 4.170244e-06 2.636404e-06 7.179708e-12 6.806655e-06 clkbuf_leaf_387_core_clk
 8.720460e-07 5.932263e-06 1.156574e-11 6.804320e-06 fanout1093
 4.154967e-06 2.627520e-06 7.179708e-12 6.782494e-06 clkbuf_leaf_197_core_clk
 4.162268e-06 2.606272e-06 7.179708e-12 6.768548e-06 clkbuf_leaf_381_core_clk
 4.167483e-06 2.592752e-06 7.179708e-12 6.760242e-06 clkbuf_leaf_461_core_clk
 4.174363e-06 2.585811e-06 7.179708e-12 6.760181e-06 clkbuf_leaf_135_core_clk
 4.153717e-06 2.604166e-06 7.179708e-12 6.757890e-06 clkbuf_leaf_203_core_clk
 4.153897e-06 2.598240e-06 7.179708e-12 6.752144e-06 clkbuf_leaf_470_core_clk
 4.173899e-06 2.572925e-06 7.179708e-12 6.746831e-06 clkbuf_leaf_486_core_clk
 4.173110e-06 2.562759e-06 7.179708e-12 6.735876e-06 clkbuf_leaf_488_core_clk
 7.362115e-07 5.985208e-06 4.476079e-12 6.721424e-06 fanout525
 4.158033e-06 2.554217e-06 7.179708e-12 6.712258e-06 clkbuf_leaf_384_core_clk
 4.159076e-06 2.537373e-06 7.179708e-12 6.696456e-06 clkbuf_leaf_221_core_clk
 4.160211e-06 2.523239e-06 7.179708e-12 6.683457e-06 clkbuf_leaf_223_core_clk
 4.159302e-06 2.522306e-06 7.179708e-12 6.681615e-06 clkbuf_leaf_139_core_clk
 4.174603e-06 2.482546e-06 7.179708e-12 6.657156e-06 clkbuf_leaf_445_core_clk
 4.153078e-06 2.487061e-06 7.179708e-12 6.640147e-06 clkbuf_leaf_31_core_clk
 4.139089e-06 2.500972e-06 7.179708e-12 6.640068e-06 clkbuf_leaf_85_core_clk
 4.164142e-06 2.472684e-06 7.179708e-12 6.636832e-06 clkbuf_leaf_423_core_clk
 4.149887e-06 2.486227e-06 7.179708e-12 6.636121e-06 clkbuf_leaf_177_core_clk
 4.164940e-06 2.465272e-06 7.179708e-12 6.630219e-06 clkbuf_leaf_524_core_clk
 4.154891e-06 2.468752e-06 7.179708e-12 6.623650e-06 clkbuf_leaf_140_core_clk
 4.144330e-06 2.478698e-06 7.179708e-12 6.623036e-06 clkbuf_leaf_147_core_clk
 4.139652e-06 2.469965e-06 7.179708e-12 6.609624e-06 clkbuf_leaf_65_core_clk
 4.165433e-06 2.435211e-06 7.179708e-12 6.600651e-06 clkbuf_leaf_501_core_clk
 4.152128e-06 2.448483e-06 7.179708e-12 6.600619e-06 clkbuf_leaf_152_core_clk
 4.145932e-06 2.439045e-06 7.179708e-12 6.584984e-06 clkbuf_leaf_159_core_clk
 4.155562e-06 2.401640e-06 7.179708e-12 6.557209e-06 clkbuf_leaf_124_core_clk
 4.133014e-06 2.420199e-06 7.179708e-12 6.553220e-06 clkbuf_leaf_95_core_clk
 4.134116e-06 2.414862e-06 7.179708e-12 6.548985e-06 clkbuf_leaf_96_core_clk
 4.146881e-06 2.394347e-06 7.179708e-12 6.541236e-06 clkbuf_leaf_446_core_clk
 4.148843e-06 2.385455e-06 7.179708e-12 6.534306e-06 clkbuf_leaf_222_core_clk
 4.131198e-06 2.396259e-06 7.179708e-12 6.527464e-06 clkbuf_leaf_84_core_clk
 4.136643e-06 2.381049e-06 7.179708e-12 6.517699e-06 clkbuf_leaf_471_core_clk
 4.151958e-06 2.360047e-06 7.179708e-12 6.512013e-06 clkbuf_leaf_122_core_clk
 4.160474e-06 2.349674e-06 7.179708e-12 6.510156e-06 clkbuf_leaf_405_core_clk
 4.151495e-06 2.355994e-06 7.179708e-12 6.507496e-06 clkbuf_leaf_115_core_clk
 4.131090e-06 2.375054e-06 7.179708e-12 6.506152e-06 clkbuf_leaf_102_core_clk
 4.157998e-06 2.345277e-06 7.179708e-12 6.503282e-06 clkbuf_leaf_433_core_clk
 4.142145e-06 2.359350e-06 7.179708e-12 6.501503e-06 clkbuf_leaf_376_core_clk
 4.131810e-06 2.362597e-06 7.179708e-12 6.494415e-06 clkbuf_leaf_334_core_clk
 4.146809e-06 2.341769e-06 7.179708e-12 6.488585e-06 clkbuf_leaf_50_core_clk
 4.141498e-06 2.330107e-06 7.179708e-12 6.471612e-06 clkbuf_leaf_481_core_clk
 4.156636e-06 2.314741e-06 7.179708e-12 6.471384e-06 clkbuf_leaf_531_core_clk
 4.154587e-06 2.304841e-06 7.179708e-12 6.459435e-06 clkbuf_leaf_432_core_clk
 4.128784e-06 2.324078e-06 7.179708e-12 6.452870e-06 clkbuf_leaf_342_core_clk
 4.128820e-06 2.324019e-06 7.179708e-12 6.452846e-06 clkbuf_leaf_188_core_clk
 4.127772e-06 2.316700e-06 7.179708e-12 6.444478e-06 clkbuf_leaf_293_core_clk
 4.151075e-06 2.266505e-06 7.179708e-12 6.417587e-06 clkbuf_leaf_442_core_clk
 8.522301e-07 5.553842e-06 4.530350e-12 6.406076e-06 fanout742
 4.127869e-06 2.276019e-06 7.179708e-12 6.403896e-06 clkbuf_leaf_345_core_clk
 4.125657e-06 2.258795e-06 7.179708e-12 6.384460e-06 clkbuf_leaf_9_core_clk
 4.123374e-06 2.259999e-06 7.179708e-12 6.383380e-06 clkbuf_leaf_76_core_clk
 4.127869e-06 2.247222e-06 7.179708e-12 6.375098e-06 clkbuf_leaf_338_core_clk
 4.133978e-06 2.227306e-06 7.179708e-12 6.361292e-06 clkbuf_leaf_218_core_clk
 4.121533e-06 2.211311e-06 7.179708e-12 6.332852e-06 clkbuf_leaf_180_core_clk
 6.401982e-07 5.673960e-06 1.076497e-11 6.314169e-06 fanout974
 4.128841e-06 2.174790e-06 7.179708e-12 6.303639e-06 clkbuf_leaf_53_core_clk
 8.483169e-07 5.438869e-06 4.529111e-12 6.287190e-06 fanout716
 4.130074e-06 2.156298e-06 7.179708e-12 6.286379e-06 clkbuf_leaf_219_core_clk
 4.116082e-06 2.165913e-06 7.179708e-12 6.282002e-06 clkbuf_leaf_60_core_clk
 7.870659e-07 5.492951e-06 1.083755e-11 6.280028e-06 fanout518
 5.387339e-07 5.701728e-06 1.105893e-11 6.240472e-06 fanout775
 4.117634e-06 2.118888e-06 7.179708e-12 6.236529e-06 clkbuf_leaf_337_core_clk
 7.429318e-07 5.486649e-06 4.696032e-12 6.229585e-06 fanout3758
 9.328785e-07 5.292786e-06 1.253594e-11 6.225677e-06 fanout548
 4.123098e-06 2.094151e-06 7.179708e-12 6.217257e-06 clkbuf_leaf_217_core_clk
 4.131968e-06 2.080508e-06 7.179708e-12 6.212483e-06 clkbuf_leaf_118_core_clk
 8.484830e-07 5.350988e-06 4.530350e-12 6.199476e-06 fanout745
 4.135126e-06 2.062085e-06 7.179708e-12 6.197219e-06 clkbuf_leaf_529_core_clk
 4.109731e-06 2.082936e-06 7.179708e-12 6.192674e-06 clkbuf_leaf_64_core_clk
 4.118360e-06 2.065595e-06 7.179708e-12 6.183962e-06 clkbuf_leaf_380_core_clk
 4.132097e-06 2.038476e-06 7.179708e-12 6.170580e-06 clkbuf_leaf_410_core_clk
 4.120448e-06 2.031267e-06 7.179708e-12 6.151722e-06 clkbuf_leaf_389_core_clk
 4.124194e-06 2.023120e-06 7.179708e-12 6.147322e-06 clkbuf_leaf_270_core_clk
 4.123976e-06 2.020099e-06 7.179708e-12 6.144082e-06 clkbuf_leaf_269_core_clk
 4.106449e-06 2.034551e-06 7.179708e-12 6.141007e-06 clkbuf_leaf_194_core_clk
 5.282026e-07 5.602766e-06 7.027216e-12 6.130976e-06 fanout939
 4.114293e-06 2.015916e-06 7.179708e-12 6.130215e-06 clkbuf_leaf_377_core_clk
 4.129531e-06 1.996716e-06 7.179708e-12 6.126254e-06 clkbuf_leaf_530_core_clk
 4.114599e-06 2.002995e-06 7.179708e-12 6.117601e-06 clkbuf_leaf_474_core_clk
 4.129135e-06 1.981810e-06 7.179708e-12 6.110952e-06 clkbuf_leaf_416_core_clk
 4.117549e-06 1.987592e-06 7.179708e-12 6.105149e-06 clkbuf_leaf_51_core_clk
 7.414715e-07 5.350242e-06 4.705045e-12 6.091718e-06 fanout3733
 4.101456e-06 1.976128e-06 7.179708e-12 6.077591e-06 clkbuf_leaf_59_core_clk
 4.128092e-06 1.941069e-06 7.179708e-12 6.069169e-06 clkbuf_leaf_455_core_clk
 4.131783e-06 1.936699e-06 7.179708e-12 6.068490e-06 clkbuf_leaf_415_core_clk
 4.130404e-06 1.920533e-06 7.179708e-12 6.050945e-06 clkbuf_leaf_412_core_clk
 4.123894e-06 1.920143e-06 7.179708e-12 6.044044e-06 clkbuf_leaf_403_core_clk
 4.115736e-06 1.923688e-06 7.179708e-12 6.039432e-06 clkbuf_leaf_272_core_clk
 4.110476e-06 1.917568e-06 7.179708e-12 6.028051e-06 clkbuf_leaf_226_core_clk
 4.109815e-06 1.903288e-06 7.179708e-12 6.013110e-06 clkbuf_leaf_407_core_clk
 4.115911e-06 1.891096e-06 7.179708e-12 6.007014e-06 clkbuf_leaf_121_core_clk
 4.097755e-06 1.906994e-06 7.179708e-12 6.004757e-06 clkbuf_leaf_183_core_clk
 7.880075e-07 5.170587e-06 1.304365e-11 5.958608e-06 fanout2077
 4.089893e-06 1.826342e-06 7.179708e-12 5.916242e-06 clkbuf_leaf_62_core_clk
 4.090199e-06 1.823971e-06 7.179708e-12 5.914178e-06 clkbuf_leaf_195_core_clk
 4.113428e-06 1.797752e-06 7.179708e-12 5.911186e-06 clkbuf_leaf_516_core_clk
 7.440777e-07 5.156369e-06 4.696032e-12 5.900451e-06 fanout3732
 4.088666e-06 1.810552e-06 7.179708e-12 5.899226e-06 clkbuf_leaf_63_core_clk
 7.462405e-07 5.151736e-06 4.696032e-12 5.897981e-06 fanout3791
 9.176201e-07 4.956883e-06 1.252216e-11 5.874515e-06 fanout586
 4.907785e-07 5.349508e-06 1.098367e-11 5.840297e-06 fanout771
 7.423210e-07 5.092804e-06 4.705045e-12 5.835129e-06 fanout3743
 4.104854e-06 1.717398e-06 7.179708e-12 5.822259e-06 clkbuf_leaf_425_core_clk
 4.095358e-06 1.726250e-06 7.179708e-12 5.821616e-06 clkbuf_leaf_386_core_clk
 4.080766e-06 1.731763e-06 7.179708e-12 5.812536e-06 clkbuf_leaf_97_core_clk
 6.166288e-07 5.185076e-06 1.117757e-11 5.801716e-06 fanout998
 4.096486e-06 1.692666e-06 7.179708e-12 5.789159e-06 clkbuf_leaf_273_core_clk
 4.102159e-06 1.685792e-06 7.179708e-12 5.787957e-06 clkbuf_leaf_431_core_clk
 4.078423e-06 1.708567e-06 7.179708e-12 5.786997e-06 clkbuf_leaf_186_core_clk
 8.506939e-07 4.931744e-06 4.529118e-12 5.782442e-06 fanout741
 4.102939e-06 1.674707e-06 7.179708e-12 5.777653e-06 clkbuf_leaf_517_core_clk
 4.080266e-06 1.696619e-06 7.179708e-12 5.776893e-06 clkbuf_leaf_193_core_clk
 4.081890e-06 1.692792e-06 7.179708e-12 5.774690e-06 clkbuf_leaf_347_core_clk
 5.930980e-07 5.172282e-06 1.249397e-11 5.765392e-06 fanout988
 4.100620e-06 1.647977e-06 7.179708e-12 5.748604e-06 clkbuf_leaf_533_core_clk
 4.078126e-06 1.668684e-06 7.179708e-12 5.746818e-06 clkbuf_leaf_196_core_clk
 4.085372e-06 1.659342e-06 7.179708e-12 5.744721e-06 clkbuf_leaf_379_core_clk
 4.100183e-06 1.642858e-06 7.179708e-12 5.743048e-06 clkbuf_leaf_515_core_clk
 4.092967e-06 1.647470e-06 7.179708e-12 5.740445e-06 clkbuf_leaf_265_core_clk
 4.075143e-06 1.663810e-06 7.179708e-12 5.738960e-06 clkbuf_leaf_184_core_clk
 8.569439e-07 4.871436e-06 4.530350e-12 5.728384e-06 fanout718
 4.088487e-06 1.593527e-06 7.179708e-12 5.682021e-06 clkbuf_leaf_277_core_clk
 4.080089e-06 1.594160e-06 7.179708e-12 5.674256e-06 clkbuf_leaf_378_core_clk
 7.464853e-07 4.924485e-06 4.705045e-12 5.670975e-06 fanout3395
 7.471754e-07 4.920043e-06 4.696032e-12 5.667223e-06 fanout3779
 7.466064e-07 4.904420e-06 4.696032e-12 5.651031e-06 fanout3449
 4.096024e-06 1.524645e-06 7.179708e-12 5.620676e-06 clkbuf_leaf_414_core_clk
 7.797168e-07 4.834485e-06 1.100343e-11 5.614213e-06 fanout567
 4.070354e-06 1.530117e-06 7.179708e-12 5.600479e-06 clkbuf_leaf_320_core_clk
 7.086257e-07 4.886075e-06 4.432553e-12 5.594706e-06 wire432
 4.068140e-06 1.518115e-06 7.179708e-12 5.586263e-06 clkbuf_leaf_348_core_clk
 4.067083e-06 1.515167e-06 7.179708e-12 5.582257e-06 clkbuf_leaf_179_core_clk
 7.453702e-07 4.807592e-06 4.696032e-12 5.552967e-06 fanout3768
 9.018057e-07 4.642569e-06 1.289923e-11 5.544387e-06 fanout1022
 7.470495e-07 4.795073e-06 4.696032e-12 5.542127e-06 fanout969
 7.528607e-07 4.788429e-06 4.696032e-12 5.541294e-06 fanout3397
 8.578573e-07 4.683193e-06 4.530350e-12 5.541055e-06 fanout711
 8.510704e-07 4.683581e-06 4.530350e-12 5.534656e-06 fanout744
 7.504494e-07 4.770043e-06 4.696032e-12 5.520497e-06 fanout3800
 7.506837e-07 4.754367e-06 4.672604e-12 5.505055e-06 fanout695
 7.499033e-07 4.754400e-06 4.696032e-12 5.504308e-06 fanout3723
 4.058294e-06 1.393652e-06 7.179708e-12 5.451953e-06 clkbuf_leaf_346_core_clk
 7.490097e-07 4.694986e-06 4.696032e-12 5.444000e-06 fanout3714
 7.474025e-07 4.686858e-06 4.696032e-12 5.434264e-06 fanout3442
 7.480580e-07 4.668268e-06 4.696032e-12 5.416330e-06 fanout3439
 7.465682e-07 4.644322e-06 4.696032e-12 5.390894e-06 fanout3409
 7.476111e-07 4.640719e-06 4.696032e-12 5.388335e-06 fanout3780
 4.054633e-06 1.332525e-06 7.179708e-12 5.387165e-06 clkbuf_leaf_319_core_clk
 4.071824e-06 1.310261e-06 7.179708e-12 5.382092e-06 clkbuf_leaf_523_core_clk
 7.460091e-07 4.635322e-06 4.696032e-12 5.381336e-06 fanout3728
 7.479119e-07 4.630201e-06 4.672604e-12 5.378118e-06 fanout691
 7.509508e-07 4.625309e-06 4.696032e-12 5.376265e-06 fanout3431
 7.493471e-07 4.624724e-06 4.696032e-12 5.374075e-06 fanout3716
 7.497854e-07 4.621769e-06 4.680385e-12 5.371559e-06 fanout674
 4.064318e-06 1.305581e-06 7.179708e-12 5.369906e-06 clkbuf_leaf_271_core_clk
 7.484444e-07 4.616538e-06 4.516966e-12 5.364987e-06 fanout1767
 7.455912e-07 4.601444e-06 4.705045e-12 5.347039e-06 fanout3795
 7.497598e-07 4.592220e-06 4.696032e-12 5.341984e-06 fanout3461
 8.547644e-07 4.482383e-06 4.546213e-12 5.337152e-06 fanout633
 7.442719e-07 4.573806e-06 4.705045e-12 5.318082e-06 fanout3741
 7.490872e-07 4.567792e-06 4.672604e-12 5.316883e-06 fanout655
 7.496222e-07 4.558523e-06 4.696032e-12 5.308150e-06 fanout3717
 7.496375e-07 4.554433e-06 4.696032e-12 5.304074e-06 fanout3475
 5.299389e-07 4.759298e-06 1.096312e-11 5.289247e-06 fanout565
 7.471630e-07 4.540275e-06 4.696032e-12 5.287442e-06 fanout3447
 7.482358e-07 4.530920e-06 4.705045e-12 5.279161e-06 fanout3407
 9.443584e-07 4.323709e-06 1.268387e-11 5.268080e-06 max_cap816
 7.516984e-07 4.512287e-06 4.696032e-12 5.263990e-06 fanout3797
 7.499543e-07 4.511540e-06 4.681618e-12 5.261499e-06 fanout660
 4.974582e-07 4.759660e-06 1.097789e-11 5.257129e-06 fanout595
 7.486302e-07 4.499788e-06 4.696032e-12 5.248422e-06 fanout3713
 7.443364e-07 4.502477e-06 4.680385e-12 5.246818e-06 fanout656
 7.486033e-07 4.490786e-06 4.672604e-12 5.239393e-06 fanout684
 7.184462e-07 4.518200e-06 7.253441e-12 5.236653e-06 fanout612
 7.478288e-07 4.467889e-06 4.696032e-12 5.215722e-06 fanout3720
 7.471437e-07 4.465738e-06 4.671371e-12 5.212886e-06 fanout683
 7.490094e-07 4.461833e-06 4.696032e-12 5.210847e-06 fanout3784
 4.063166e-06 1.146636e-06 7.179708e-12 5.209810e-06 clkbuf_leaf_409_core_clk
 7.487538e-07 4.460435e-06 4.696032e-12 5.209194e-06 fanout3494
 7.472819e-07 4.460959e-06 4.671371e-12 5.208246e-06 fanout701
 7.481350e-07 4.438616e-06 4.696032e-12 5.186756e-06 fanout3787
 7.532028e-07 4.428788e-06 4.672604e-12 5.181995e-06 fanout226
 4.054913e-06 1.111923e-06 7.179708e-12 5.166843e-06 clkbuf_leaf_532_core_clk
 7.504025e-07 4.413638e-06 4.681618e-12 5.164045e-06 fanout661
 7.444487e-07 4.417339e-06 4.680385e-12 5.161793e-06 fanout653
 7.542588e-07 4.405239e-06 4.681618e-12 5.159503e-06 fanout208
 8.568011e-07 4.288962e-06 4.670138e-12 5.145767e-06 fanout243
 7.488036e-07 4.392389e-06 4.672604e-12 5.141197e-06 fanout662
 7.450412e-07 4.393037e-06 4.705045e-12 5.138083e-06 fanout3719
 7.486581e-07 4.386469e-06 4.696032e-12 5.135132e-06 fanout3443
 7.866085e-07 4.348447e-06 4.680748e-12 5.135060e-06 fanout288
 7.517290e-07 4.382342e-06 4.696032e-12 5.134076e-06 fanout3501
 7.464212e-07 4.385574e-06 4.705045e-12 5.132000e-06 fanout3773
 7.489987e-07 4.382608e-06 4.696032e-12 5.131611e-06 fanout3480
 8.532560e-07 4.276246e-06 4.529111e-12 5.129507e-06 fanout727
 7.486464e-07 4.377982e-06 4.505678e-12 5.126633e-06 fanout2050
 7.492089e-07 4.353150e-06 4.705045e-12 5.102363e-06 fanout3476
 7.491407e-07 4.350208e-06 4.696032e-12 5.099353e-06 fanout3463
 7.526413e-07 4.345249e-06 4.696032e-12 5.097895e-06 fanout3484
 8.562881e-07 4.217483e-06 4.672604e-12 5.073775e-06 fanout194
 7.484588e-07 4.325134e-06 4.696032e-12 5.073597e-06 fanout3489
 7.525270e-07 4.308712e-06 4.680385e-12 5.061243e-06 fanout217
 7.509425e-07 4.295430e-06 4.696032e-12 5.046377e-06 fanout3459
 7.497028e-07 4.292525e-06 4.696032e-12 5.042233e-06 fanout3789
 8.549406e-07 4.177145e-06 4.530350e-12 5.032090e-06 fanout721
 7.516027e-07 4.273683e-06 4.705045e-12 5.025290e-06 fanout3458
 7.510880e-07 4.256970e-06 4.672604e-12 5.008063e-06 fanout705
 7.491543e-07 4.249298e-06 4.705045e-12 4.998457e-06 fanout3394
 7.495407e-07 4.246123e-06 4.696032e-12 4.995668e-06 fanout3468
 8.903381e-07 4.102935e-06 4.681969e-12 4.993277e-06 fanout228
 8.790920e-07 4.104797e-06 4.672604e-12 4.983893e-06 fanout200
 7.522117e-07 4.230654e-06 4.696032e-12 4.982870e-06 fanout3725
 7.512185e-07 4.224042e-06 4.705045e-12 4.975265e-06 fanout3500
 7.488565e-07 4.216763e-06 4.696032e-12 4.965624e-06 fanout3721
 7.527808e-07 4.212661e-06 4.696032e-12 4.965446e-06 fanout3432
 7.497037e-07 4.209890e-06 4.696032e-12 4.959598e-06 fanout3467
 7.485774e-07 4.197196e-06 4.696032e-12 4.945778e-06 fanout3448
 7.511127e-07 4.191915e-06 4.696032e-12 4.943032e-06 fanout3472
 8.541583e-07 4.079883e-06 4.530350e-12 4.934046e-06 fanout270
 7.502271e-07 4.175019e-06 4.696032e-12 4.925251e-06 fanout3794
 7.497884e-07 4.171100e-06 4.705045e-12 4.920892e-06 fanout3404
 7.490946e-07 4.164804e-06 4.696032e-12 4.913903e-06 fanout3726
 7.500573e-07 4.151405e-06 4.696032e-12 4.901467e-06 fanout3734
 7.503146e-07 4.147279e-06 4.705045e-12 4.897598e-06 fanout3469
 7.522506e-07 4.143310e-06 4.680385e-12 4.895566e-06 fanout651
 7.516974e-07 4.138722e-06 4.672604e-12 4.890424e-06 fanout698
 7.509266e-07 4.138817e-06 4.696032e-12 4.889748e-06 fanout3412
 7.501149e-07 4.128063e-06 4.696032e-12 4.878182e-06 fanout3506
 7.500968e-07 4.120025e-06 4.705045e-12 4.870126e-06 fanout3405
 7.508283e-07 4.117962e-06 4.705045e-12 4.868795e-06 fanout3474
 7.517506e-07 4.105531e-06 4.696032e-12 4.857287e-06 fanout3508
 7.511516e-07 4.090527e-06 4.696032e-12 4.841684e-06 fanout3433
 7.584950e-07 4.053049e-06 4.672604e-12 4.811548e-06 fanout281
 7.520289e-07 4.057208e-06 4.696032e-12 4.809242e-06 fanout3460
 7.503852e-07 4.041231e-06 4.705045e-12 4.791620e-06 fanout3415
 7.552561e-07 4.025231e-06 4.679152e-12 4.780492e-06 fanout221
 7.505628e-07 4.029011e-06 4.696032e-12 4.779578e-06 fanout3798
 7.506856e-07 4.027509e-06 4.696032e-12 4.778200e-06 fanout3715
 7.504700e-07 4.022577e-06 4.705045e-12 4.773052e-06 fanout3416
 8.728964e-07 3.892686e-06 4.671371e-12 4.765587e-06 fanout269
 7.505309e-07 4.013712e-06 4.696032e-12 4.764247e-06 fanout3441
 7.506379e-07 4.011001e-06 4.696032e-12 4.761643e-06 fanout3410
 7.516601e-07 4.007752e-06 4.680385e-12 4.759416e-06 fanout700
 8.608772e-07 3.880908e-06 4.671371e-12 4.741790e-06 fanout201
 7.504390e-07 3.971855e-06 4.696032e-12 4.722298e-06 fanout3445
 7.498531e-07 3.968602e-06 4.696032e-12 4.718460e-06 fanout3453
 7.498494e-07 3.965956e-06 4.696032e-12 4.715810e-06 fanout3735
 7.503139e-07 3.963308e-06 4.705045e-12 4.713627e-06 fanout3488
 7.507369e-07 3.949572e-06 4.696032e-12 4.700313e-06 fanout3497
 7.545770e-07 3.944439e-06 4.696032e-12 4.699020e-06 fanout3428
 7.491489e-07 3.943656e-06 4.680385e-12 4.692809e-06 fanout677
 7.545565e-07 3.933256e-06 4.672604e-12 4.687817e-06 fanout670
 7.536029e-07 3.924940e-06 4.705045e-12 4.678548e-06 fanout3464
 7.535920e-07 3.910908e-06 4.696032e-12 4.664505e-06 fanout3724
 7.511193e-07 3.909037e-06 4.705045e-12 4.660161e-06 fanout3451
 7.509702e-07 3.888556e-06 4.705045e-12 4.639531e-06 fanout3401
 7.538376e-07 3.875482e-06 4.696032e-12 4.629323e-06 fanout3502
 7.497435e-07 3.877938e-06 4.496658e-12 4.627686e-06 fanout2044
 7.527511e-07 3.863836e-06 4.705045e-12 4.616591e-06 fanout3499
 7.552420e-07 3.853971e-06 4.696032e-12 4.609218e-06 fanout3426
 7.894092e-07 3.816761e-06 4.681618e-12 4.606175e-06 fanout319
 7.471419e-07 3.857671e-06 4.705045e-12 4.604818e-06 fanout3712
 7.186379e-07 3.880756e-06 1.334203e-11 4.599407e-06 fanout599
 7.541811e-07 3.792827e-06 4.696032e-12 4.547012e-06 fanout3504
 7.911812e-07 3.716492e-06 4.680847e-12 4.507678e-06 fanout272
 7.517748e-07 3.726945e-06 4.705045e-12 4.478724e-06 fanout3478
 7.530474e-07 3.694565e-06 4.696032e-12 4.447617e-06 fanout3493
 7.530706e-07 3.694176e-06 4.672604e-12 4.447251e-06 fanout650
 7.509291e-07 3.696233e-06 4.696032e-12 4.447167e-06 fanout3455
 7.548529e-07 3.667258e-06 4.705045e-12 4.422115e-06 fanout3403
 4.074087e-07 4.002873e-06 7.156555e-12 4.410289e-06 fanout1883
 7.591717e-07 3.649278e-06 4.671371e-12 4.408455e-06 fanout219
 7.552151e-07 3.646746e-06 4.680385e-12 4.401966e-06 fanout256
 7.520109e-07 3.639940e-06 4.705045e-12 4.391955e-06 fanout3436
 7.521609e-07 3.638869e-06 4.671371e-12 4.391034e-06 fanout275
 7.505937e-07 3.637489e-06 4.671371e-12 4.388088e-06 fanout709
 7.520757e-07 3.635715e-06 4.705045e-12 4.387795e-06 fanout3406
 4.383559e-07 3.943622e-06 1.089544e-11 4.381989e-06 fanout792
 7.498643e-07 3.613799e-06 4.705045e-12 4.363668e-06 fanout3754
 3.905168e-07 3.952034e-06 7.169937e-12 4.342558e-06 fanout1999
 7.550981e-07 3.576859e-06 4.705045e-12 4.331962e-06 fanout3465
 7.828522e-07 3.549065e-06 4.505678e-12 4.331921e-06 fanout267
 7.524519e-07 3.572378e-06 4.696032e-12 4.324834e-06 fanout3422
 7.524192e-07 3.568325e-06 4.672604e-12 4.320749e-06 fanout685
 7.561524e-07 3.546376e-06 4.696032e-12 4.302533e-06 fanout3487
 7.524771e-07 3.511511e-06 4.671371e-12 4.263993e-06 fanout300
 4.270718e-07 3.749419e-06 1.068364e-11 4.176501e-06 fanout872
 7.796208e-07 3.386403e-06 4.680607e-12 4.166029e-06 fanout196
 7.566414e-07 3.403506e-06 4.672604e-12 4.160152e-06 fanout696
 7.521617e-07 3.406202e-06 4.696032e-12 4.158368e-06 fanout3739
 7.585863e-07 3.380504e-06 4.696032e-12 4.139095e-06 fanout3477
 2.994236e-07 3.750238e-06 7.311064e-12 4.049669e-06 fanout2160
 7.533746e-07 3.294889e-06 4.705045e-12 4.048268e-06 fanout3759
 7.853316e-07 3.259079e-06 4.672604e-12 4.044416e-06 fanout218
 3.076132e-07 3.714953e-06 4.455678e-12 4.022571e-06 wire509
 7.594348e-07 3.252621e-06 4.696032e-12 4.012060e-06 fanout3402
 3.994530e-06 0.000000e+00 7.148307e-12 3.994538e-06 clkload218
 3.992743e-06 0.000000e+00 7.148307e-12 3.992750e-06 clkload327
 3.992461e-06 0.000000e+00 7.148307e-12 3.992468e-06 clkload324
 3.991257e-06 0.000000e+00 7.148307e-12 3.991264e-06 clkload268
 3.991212e-06 0.000000e+00 7.148307e-12 3.991219e-06 clkload326
 3.991094e-06 0.000000e+00 7.148307e-12 3.991101e-06 clkload267
 3.990477e-06 0.000000e+00 7.148307e-12 3.990484e-06 clkload133
 3.990466e-06 0.000000e+00 7.148307e-12 3.990473e-06 clkload207
 3.989611e-06 0.000000e+00 7.148307e-12 3.989618e-06 clkload265
 3.988699e-06 0.000000e+00 7.148307e-12 3.988706e-06 clkload132
 3.988527e-06 0.000000e+00 7.148307e-12 3.988534e-06 clkload269
 3.988197e-06 0.000000e+00 7.179708e-12 3.988204e-06 clkload162
 3.987737e-06 0.000000e+00 7.179708e-12 3.987745e-06 clkload163
 3.987661e-06 0.000000e+00 7.148307e-12 3.987668e-06 clkload266
 3.986710e-06 0.000000e+00 7.148307e-12 3.986718e-06 clkload81
 3.986549e-06 0.000000e+00 7.148307e-12 3.986557e-06 clkload217
 3.986050e-06 0.000000e+00 7.148307e-12 3.986057e-06 clkload321
 2.657449e-07 3.720239e-06 7.410119e-12 3.985991e-06 fanout1930
 3.985142e-06 0.000000e+00 7.148307e-12 3.985149e-06 clkload397
 3.984949e-06 0.000000e+00 7.148307e-12 3.984956e-06 clkload240
 3.984803e-06 0.000000e+00 7.148307e-12 3.984811e-06 clkload282
 3.984698e-06 0.000000e+00 7.148307e-12 3.984705e-06 clkload230
 3.984452e-06 0.000000e+00 7.179708e-12 3.984459e-06 clkload177
 3.983792e-06 0.000000e+00 7.148307e-12 3.983799e-06 clkload206
 3.983071e-06 0.000000e+00 7.148307e-12 3.983078e-06 clkload172
 3.982498e-06 0.000000e+00 7.148307e-12 3.982505e-06 clkload271
 3.981799e-06 0.000000e+00 7.179708e-12 3.981806e-06 clkload160
 3.981751e-06 0.000000e+00 7.148307e-12 3.981758e-06 clkload77
 3.981689e-06 0.000000e+00 7.179708e-12 3.981696e-06 clkload142
 3.981542e-06 0.000000e+00 7.148307e-12 3.981550e-06 clkload242
 3.981100e-06 0.000000e+00 7.148307e-12 3.981107e-06 clkload169
 3.981002e-06 0.000000e+00 7.148307e-12 3.981009e-06 clkload241
 3.980776e-06 0.000000e+00 7.148307e-12 3.980783e-06 clkload301
 3.980731e-06 0.000000e+00 7.148307e-12 3.980738e-06 clkload108
 3.980704e-06 0.000000e+00 7.148307e-12 3.980711e-06 clkload225
 3.980691e-06 0.000000e+00 7.148307e-12 3.980699e-06 clkload245
 3.979840e-06 0.000000e+00 7.179708e-12 3.979847e-06 clkload175
 3.979634e-06 0.000000e+00 7.179708e-12 3.979641e-06 clkload143
 3.978982e-06 0.000000e+00 7.148307e-12 3.978989e-06 clkload332
 3.978831e-06 0.000000e+00 7.148307e-12 3.978838e-06 clkload244
 3.977503e-06 0.000000e+00 7.148307e-12 3.977510e-06 clkload223
 3.977296e-06 0.000000e+00 7.148307e-12 3.977303e-06 clkload246
 3.976787e-06 0.000000e+00 7.148307e-12 3.976794e-06 clkload342
 3.976656e-06 0.000000e+00 7.148307e-12 3.976664e-06 clkload388
 3.976175e-06 0.000000e+00 7.148307e-12 3.976183e-06 clkload251
 3.975279e-06 0.000000e+00 7.148307e-12 3.975287e-06 clkload105
 3.975154e-06 0.000000e+00 7.148307e-12 3.975161e-06 clkload279
 3.975143e-06 0.000000e+00 7.148307e-12 3.975151e-06 clkload152
 3.975082e-06 0.000000e+00 7.148307e-12 3.975089e-06 clkload183
 3.974970e-06 0.000000e+00 7.148307e-12 3.974978e-06 clkload212
 3.974746e-06 0.000000e+00 7.148307e-12 3.974753e-06 clkload75
 3.974407e-06 0.000000e+00 7.148307e-12 3.974414e-06 clkload147
 3.974319e-06 0.000000e+00 7.148307e-12 3.974326e-06 clkload334
 3.973499e-06 0.000000e+00 7.148307e-12 3.973506e-06 clkload382
 3.973403e-06 0.000000e+00 7.148307e-12 3.973410e-06 clkload254
 3.972960e-06 0.000000e+00 7.148307e-12 3.972967e-06 clkload156
 3.972854e-06 0.000000e+00 7.148307e-12 3.972862e-06 clkload238
 3.972487e-06 0.000000e+00 7.148307e-12 3.972494e-06 clkload209
 3.972122e-06 0.000000e+00 7.148307e-12 3.972129e-06 clkload392
 3.972019e-06 0.000000e+00 7.148307e-12 3.972027e-06 clkload126
 3.972010e-06 0.000000e+00 7.148307e-12 3.972018e-06 clkload420
 3.971786e-06 0.000000e+00 7.148307e-12 3.971793e-06 clkload389
 3.971417e-06 0.000000e+00 7.148307e-12 3.971424e-06 clkload363
 3.970505e-06 0.000000e+00 7.148307e-12 3.970512e-06 clkload431
 3.970262e-06 0.000000e+00 7.148307e-12 3.970269e-06 clkload130
 3.969488e-06 0.000000e+00 7.148307e-12 3.969496e-06 clkload435
 3.968295e-06 0.000000e+00 7.148307e-12 3.968303e-06 clkload425
 3.947399e-06 0.000000e+00 7.179708e-12 3.947406e-06 clkload20
 3.945174e-06 0.000000e+00 7.179708e-12 3.945182e-06 clkload2
 3.944631e-06 0.000000e+00 7.179708e-12 3.944639e-06 clkload15
 3.944465e-06 0.000000e+00 7.179708e-12 3.944473e-06 clkload19
 3.939216e-06 0.000000e+00 7.179708e-12 3.939223e-06 clkload54
 3.938730e-06 0.000000e+00 7.179708e-12 3.938737e-06 clkload46
 4.434478e-07 3.495040e-06 7.117878e-12 3.938495e-06 fanout1756
 3.938014e-06 0.000000e+00 7.179708e-12 3.938022e-06 clkload39
 4.119665e-07 3.498360e-06 7.158020e-12 3.910333e-06 fanout1877
 4.107272e-07 3.464181e-06 1.082472e-11 3.874919e-06 fanout852
 4.189255e-07 3.408923e-06 3.808307e-12 3.827853e-06 wire402
 5.497740e-07 3.268379e-06 1.105592e-11 3.818163e-06 fanout834
 8.661141e-07 2.920450e-06 4.672604e-12 3.786569e-06 fanout205
 2.948830e-07 3.454652e-06 6.999129e-12 3.749542e-06 fanout1909
 3.329936e-07 3.339176e-06 7.350908e-12 3.672177e-06 fanout938
 5.315051e-07 3.122968e-06 7.027216e-12 3.654480e-06 fanout940
 3.950953e-07 3.254268e-06 3.856376e-12 3.649367e-06 wire425
 4.458547e-07 3.197194e-06 1.367817e-11 3.643063e-06 fanout1852
 3.112544e-07 3.330374e-06 7.308873e-12 3.641635e-06 fanout2161
 4.209577e-07 3.217738e-06 4.324590e-12 3.638700e-06 fanout3790
 5.356685e-07 3.061348e-06 1.088711e-11 3.597027e-06 fanout1127
 4.752234e-07 3.080301e-06 6.958212e-12 3.555532e-06 fanout617
 3.855352e-07 3.162181e-06 4.418362e-12 3.547720e-06 wire468
 7.630512e-07 2.766160e-06 4.705045e-12 3.529216e-06 fanout3736
 3.878654e-07 3.056391e-06 3.827995e-12 3.444260e-06 wire401
 4.207097e-07 3.017507e-06 4.324590e-12 3.438221e-06 fanout3729
 3.715749e-07 3.055173e-06 6.951307e-12 3.426755e-06 fanout1107
 5.911571e-07 2.806156e-06 1.079591e-11 3.397324e-06 fanout602
 3.727397e-07 3.020506e-06 7.174478e-12 3.393254e-06 fanout996
 3.982942e-07 2.974427e-06 3.848269e-12 3.372725e-06 wire426
 4.012921e-07 2.934039e-06 1.064386e-11 3.335341e-06 fanout1486
 3.996033e-07 2.922992e-06 3.875865e-12 3.322599e-06 wire377
 4.688835e-07 2.815903e-06 7.110821e-12 3.284794e-06 fanout1685
 4.822987e-07 2.781843e-06 4.027339e-12 3.264146e-06 fanout723
 4.224705e-07 2.835951e-06 4.324590e-12 3.258426e-06 fanout3771
 3.052909e-07 2.935520e-06 1.064237e-11 3.240822e-06 fanout976
 4.226164e-07 2.737328e-06 4.324590e-12 3.159948e-06 fanout3745
 5.207959e-07 2.636473e-06 1.098503e-11 3.157280e-06 fanout809
 4.226130e-07 2.714948e-06 4.324590e-12 3.137565e-06 fanout3722
 3.450542e-07 2.788268e-06 4.551331e-12 3.133327e-06 wire513
 4.228453e-07 2.695822e-06 4.324590e-12 3.118672e-06 fanout3767
 4.225943e-07 2.638889e-06 4.324590e-12 3.061487e-06 fanout3457
 4.220485e-07 2.623834e-06 4.324590e-12 3.045887e-06 fanout3454
 4.827682e-07 2.548734e-06 4.025127e-12 3.031506e-06 fanout725
 4.296461e-07 2.595213e-06 6.976477e-12 3.024866e-06 fanout1130
 3.976390e-07 2.624515e-06 7.420151e-12 3.022161e-06 fanout1142
 4.817826e-07 2.531337e-06 4.027350e-12 3.013124e-06 fanout738
 3.676641e-07 2.623924e-06 7.405259e-12 2.991595e-06 fanout1114
 4.225385e-07 2.558374e-06 4.324590e-12 2.980916e-06 fanout3418
 2.687715e-07 2.695466e-06 7.410264e-12 2.964245e-06 fanout1932
 4.254371e-07 2.519555e-06 4.296518e-12 2.944997e-06 fanout708
 4.370251e-07 2.505141e-06 7.057630e-12 2.942173e-06 fanout1092
 4.808842e-07 2.406788e-06 4.027350e-12 2.887676e-06 fanout746
 3.836389e-07 2.486515e-06 7.170061e-12 2.870161e-06 fanout2004
 3.634984e-07 2.462578e-06 7.151202e-12 2.826083e-06 fanout1835
 4.060403e-07 2.390277e-06 7.167841e-12 2.796325e-06 fanout1812
 3.217722e-07 2.469909e-06 6.978101e-12 2.791688e-06 fanout789
 4.615141e-07 2.324921e-06 7.273142e-12 2.786442e-06 fanout1693
 1.253652e-07 2.655831e-06 4.787029e-12 2.781201e-06 fanout1943
 4.215223e-07 2.347401e-06 1.082451e-11 2.768934e-06 fanout571
 2.806315e-07 2.481029e-06 7.401421e-12 2.761668e-06 fanout2022
 3.551729e-07 2.382214e-06 7.187107e-12 2.737394e-06 fanout841
 4.228821e-07 2.302909e-06 4.324590e-12 2.725796e-06 fanout3456
 4.292206e-07 2.283530e-06 6.976477e-12 2.712758e-06 fanout1134
 4.251947e-07 2.287385e-06 4.324590e-12 2.712584e-06 fanout3485
 4.292568e-07 2.267034e-06 6.976477e-12 2.696297e-06 fanout1133
 4.325384e-07 2.251971e-06 7.322039e-12 2.684517e-06 fanout1094
 3.889580e-07 2.284916e-06 7.169937e-12 2.673881e-06 fanout2001
 4.237368e-07 2.235350e-06 4.298731e-12 2.659091e-06 fanout667
 3.434359e-07 2.315354e-06 7.158985e-12 2.658797e-06 fanout982
 3.610760e-07 2.280298e-06 7.188391e-12 2.641381e-06 fanout843
 2.102444e-07 2.425424e-06 6.901786e-12 2.635675e-06 fanout871
 3.162772e-07 2.304305e-06 7.398245e-12 2.620590e-06 fanout1749
 2.978973e-07 2.314542e-06 6.998782e-12 2.612446e-06 fanout1910
 3.884207e-07 2.223314e-06 7.168443e-12 2.611742e-06 fanout2000
 2.785130e-07 2.301836e-06 7.403025e-12 2.580357e-06 fanout2020
 4.241687e-07 2.156127e-06 4.340761e-12 2.580300e-06 fanout3762
 3.390902e-07 2.234194e-06 1.079591e-11 2.573295e-06 fanout587
 3.699236e-07 2.201642e-06 7.150091e-12 2.571572e-06 fanout1840
 5.020352e-07 2.067247e-06 4.299361e-12 2.569287e-06 fanout229
 3.876611e-07 2.174432e-06 7.169937e-12 2.562100e-06 fanout2003
 3.146163e-07 2.246393e-06 7.200802e-12 2.561016e-06 fanout3090
 4.037038e-07 2.149898e-06 6.958364e-12 2.553609e-06 fanout1150
 1.658728e-07 2.381933e-06 4.731543e-12 2.547810e-06 fanout3276
 4.049678e-07 2.125382e-06 7.155097e-12 2.530357e-06 fanout1876
 3.876159e-07 2.133626e-06 7.209492e-12 2.521249e-06 fanout2009
 2.200163e-07 2.300934e-06 6.936524e-12 2.520957e-06 max_cap581
 1.935037e-07 2.318757e-06 4.697511e-12 2.512265e-06 hold1617
 3.666838e-07 2.141737e-06 6.973074e-12 2.508428e-06 fanout1121
 4.253933e-07 2.079589e-06 4.324590e-12 2.504986e-06 fanout3505
 2.967617e-07 2.191866e-06 7.431248e-12 2.488635e-06 fanout1158
 4.089250e-07 2.073929e-06 7.158020e-12 2.482861e-06 fanout1879
 3.567190e-07 2.117386e-06 7.083787e-12 2.474112e-06 fanout3389
 3.836319e-07 2.086520e-06 7.170061e-12 2.470160e-06 fanout2005
 4.038882e-07 2.044067e-06 7.155097e-12 2.447962e-06 fanout1882
 3.218968e-07 2.123500e-06 7.158782e-12 2.445404e-06 fanout983
 4.854361e-07 1.951422e-06 4.296518e-12 2.436862e-06 fanout242
 3.504774e-07 2.086303e-06 7.323489e-12 2.436788e-06 fanout788
 4.576816e-07 1.975513e-06 1.369897e-11 2.433208e-06 fanout1989
 2.269879e-07 2.202059e-06 6.947817e-12 2.429054e-06 fanout1993
 3.137190e-07 2.115327e-06 7.178765e-12 2.429053e-06 fanout2168
 3.617091e-07 2.052696e-06 7.404222e-12 2.414413e-06 fanout1112
 3.441954e-07 2.060294e-06 7.384188e-12 2.404496e-06 fanout1753
 3.286439e-07 2.075215e-06 6.948688e-12 2.403866e-06 fanout1084
 4.386782e-07 1.962838e-06 4.296917e-12 2.401521e-06 fanout197
 4.257233e-07 1.974493e-06 4.296518e-12 2.400220e-06 fanout257
 6.504063e-07 1.743089e-06 4.748343e-12 2.393500e-06 wire429
 3.617822e-07 2.018558e-06 7.150483e-12 2.380347e-06 fanout1838
 3.370203e-07 2.028546e-06 7.222258e-12 2.365574e-06 fanout1807
 4.849957e-07 1.864817e-06 4.280348e-12 2.349817e-06 fanout202
 4.240883e-07 1.907821e-06 4.340761e-12 2.331914e-06 fanout3396
 3.135877e-07 2.015161e-06 7.038197e-12 2.328756e-06 fanout1724
 3.530529e-07 1.975248e-06 7.157774e-12 2.328308e-06 fanout993
 3.832101e-07 1.941225e-06 7.168443e-12 2.324442e-06 fanout1998
 3.618928e-07 1.958188e-06 7.404222e-12 2.320088e-06 fanout1110
 2.367731e-07 2.073798e-06 7.418171e-12 2.310579e-06 fanout1012
 3.759020e-07 1.930702e-06 7.426882e-12 2.306611e-06 fanout1097
 4.837531e-07 1.819767e-06 4.282560e-12 2.303524e-06 fanout212
 6.990111e-08 2.229552e-06 4.177301e-12 2.299457e-06 _28355_
 4.927608e-07 1.796465e-06 4.278136e-12 2.289230e-06 fanout264
 3.319413e-07 1.956734e-06 7.222265e-12 2.288683e-06 fanout1808
 4.249317e-07 1.860626e-06 4.324590e-12 2.285562e-06 fanout3775
 2.290682e-07 2.053302e-06 6.935980e-12 2.282377e-06 fanout861
 3.748398e-07 1.907442e-06 7.427259e-12 2.282289e-06 fanout1100
 3.538737e-07 1.926955e-06 7.159768e-12 2.280836e-06 fanout990
 3.511030e-07 1.924061e-06 7.230454e-12 2.275171e-06 fanout1792
 3.607755e-07 1.910442e-06 7.228351e-12 2.271224e-06 fanout1844
 1.629254e-07 2.099575e-06 7.429660e-12 2.262508e-06 fanout1047
 3.848648e-07 1.877249e-06 7.319318e-12 2.262122e-06 fanout2057
 4.051158e-07 1.840832e-06 7.156555e-12 2.245955e-06 fanout1886
 4.235340e-07 1.818798e-06 4.324590e-12 2.242337e-06 fanout3770
 3.267408e-07 1.912348e-06 7.003381e-12 2.239096e-06 fanout1682
 3.666961e-07 1.871799e-06 7.191212e-12 2.238502e-06 fanout839
 3.734736e-07 1.856677e-06 6.951307e-12 2.230158e-06 fanout1108
 3.526243e-07 1.873872e-06 7.086354e-12 2.226503e-06 fanout3368
 3.513850e-07 1.873727e-06 7.230454e-12 2.225119e-06 fanout1790
 2.771041e-07 1.947383e-06 6.982004e-12 2.224495e-06 fanout1087
 3.542178e-07 1.860673e-06 7.232986e-12 2.214898e-06 fanout1791
 3.406303e-07 1.873006e-06 7.208563e-12 2.213643e-06 fanout1823
 4.286052e-07 1.769641e-06 4.280348e-12 2.198250e-06 fanout220
 3.782085e-07 1.815858e-06 7.060241e-12 2.194074e-06 fanout3313
 3.302623e-07 1.836294e-06 7.222258e-12 2.166564e-06 fanout1801
 3.584052e-07 1.802266e-06 7.272163e-12 2.160679e-06 fanout1689
 4.253538e-07 1.733654e-06 4.324590e-12 2.159012e-06 fanout3473
 3.816153e-07 1.771874e-06 7.316562e-12 2.153497e-06 fanout2068
 3.148880e-07 1.827648e-06 7.200802e-12 2.142543e-06 fanout3103
 3.868630e-07 1.752735e-06 7.316554e-12 2.139606e-06 fanout2056
 3.684950e-07 1.765889e-06 4.408130e-12 2.134388e-06 wire430
 3.620109e-07 1.760188e-06 7.151202e-12 2.122206e-06 fanout1834
 3.742671e-07 1.735413e-06 4.419302e-12 2.109684e-06 wire431
 3.121513e-07 1.796612e-06 6.997244e-12 2.108770e-06 fanout1920
 3.541148e-07 1.741686e-06 7.159768e-12 2.095808e-06 fanout992
 3.471303e-07 1.746674e-06 7.063259e-12 2.093812e-06 fanout3362
 2.255186e-07 1.859831e-06 3.972456e-12 2.085353e-06 wire403
 2.930395e-07 1.788080e-06 6.921639e-12 2.081126e-06 fanout825
 3.513931e-07 1.724441e-06 7.006259e-12 2.075841e-06 fanout921
 3.610205e-07 1.706345e-06 7.151202e-12 2.067373e-06 fanout1830
 3.121291e-07 1.754366e-06 1.076059e-11 2.066506e-06 fanout597
 3.178894e-07 1.747723e-06 7.226864e-12 2.065620e-06 fanout1841
 2.032666e-07 1.858850e-06 4.628745e-12 2.062121e-06 fanout1888
 2.061434e-06 0.000000e+00 4.609412e-12 2.061438e-06 clkload164
 2.061407e-06 0.000000e+00 4.609412e-12 2.061412e-06 clkload56
 2.060656e-06 0.000000e+00 4.609412e-12 2.060661e-06 clkload55
 2.059998e-06 0.000000e+00 4.609412e-12 2.060003e-06 clkload166
 2.059997e-06 0.000000e+00 4.636101e-12 2.060001e-06 clkload322
 2.059392e-06 0.000000e+00 4.609412e-12 2.059396e-06 clkload417
 2.059142e-06 0.000000e+00 4.636101e-12 2.059146e-06 clkload256
 2.058932e-06 0.000000e+00 4.636101e-12 2.058936e-06 clkload219
 2.058562e-06 0.000000e+00 4.636101e-12 2.058566e-06 clkload188
 2.058490e-06 0.000000e+00 4.609412e-12 2.058494e-06 clkload165
 2.058158e-06 0.000000e+00 4.636101e-12 2.058163e-06 clkload415
 2.058140e-06 0.000000e+00 4.636101e-12 2.058145e-06 clkload255
 2.057796e-06 0.000000e+00 4.636101e-12 2.057800e-06 clkload413
 2.057712e-06 0.000000e+00 4.636101e-12 2.057716e-06 clkload258
 4.247029e-07 1.632656e-06 4.340761e-12 2.057364e-06 fanout3437
 2.057219e-06 0.000000e+00 4.636101e-12 2.057224e-06 clkload325
 2.056592e-06 0.000000e+00 4.636101e-12 2.056596e-06 clkload323
 2.056571e-06 0.000000e+00 4.636101e-12 2.056575e-06 clkload257
 2.056501e-06 0.000000e+00 4.636101e-12 2.056505e-06 clkload272
 2.056377e-06 0.000000e+00 4.636101e-12 2.056381e-06 clkload187
 2.056252e-06 0.000000e+00 4.609412e-12 2.056257e-06 clkload144
 2.055949e-06 0.000000e+00 4.636101e-12 2.055954e-06 clkload320
 2.055726e-06 0.000000e+00 4.636101e-12 2.055730e-06 clkload221
 2.055514e-06 0.000000e+00 4.636101e-12 2.055519e-06 clkload270
 2.055308e-06 0.000000e+00 4.636101e-12 2.055313e-06 clkload222
 2.055269e-06 0.000000e+00 4.636101e-12 2.055274e-06 clkload220
 3.849986e-07 1.669754e-06 7.062998e-12 2.054760e-06 fanout3316
 2.054695e-06 0.000000e+00 4.636101e-12 2.054700e-06 clkload315
 2.054643e-06 0.000000e+00 4.636101e-12 2.054648e-06 clkload243
 2.054598e-06 0.000000e+00 4.636101e-12 2.054602e-06 clkload80
 2.054525e-06 0.000000e+00 4.636101e-12 2.054530e-06 clkload328
 2.054343e-06 0.000000e+00 4.636101e-12 2.054348e-06 clkload83
 2.054263e-06 0.000000e+00 4.636101e-12 2.054268e-06 clkload227
 2.054034e-06 0.000000e+00 4.636101e-12 2.054039e-06 clkload131
 2.053996e-06 0.000000e+00 4.636101e-12 2.054000e-06 clkload134
 2.053827e-06 0.000000e+00 4.636101e-12 2.053832e-06 clkload78
 2.053805e-06 0.000000e+00 4.636101e-12 2.053810e-06 clkload283
 2.053764e-06 0.000000e+00 4.636101e-12 2.053768e-06 clkload229
 2.053502e-06 0.000000e+00 4.636101e-12 2.053507e-06 clkload300
 2.053370e-06 0.000000e+00 4.636101e-12 2.053374e-06 clkload304
 2.053261e-06 0.000000e+00 4.609412e-12 2.053266e-06 clkload173
 2.053170e-06 0.000000e+00 4.636101e-12 2.053175e-06 clkload167
 2.053153e-06 0.000000e+00 4.636101e-12 2.053157e-06 clkload82
 2.053026e-06 0.000000e+00 4.636101e-12 2.053031e-06 clkload158
 2.052905e-06 0.000000e+00 4.636101e-12 2.052909e-06 clkload274
 2.052777e-06 0.000000e+00 4.636101e-12 2.052782e-06 clkload394
 2.052675e-06 0.000000e+00 4.636101e-12 2.052679e-06 clkload224
 2.052465e-06 0.000000e+00 4.636101e-12 2.052470e-06 clkload95
 2.052422e-06 0.000000e+00 4.636101e-12 2.052426e-06 clkload104
 2.052413e-06 0.000000e+00 4.636101e-12 2.052418e-06 clkload291
 2.052311e-06 0.000000e+00 4.636101e-12 2.052315e-06 clkload228
 2.052268e-06 0.000000e+00 4.636101e-12 2.052273e-06 clkload91
 2.052258e-06 0.000000e+00 4.636101e-12 2.052263e-06 clkload294
 2.052150e-06 0.000000e+00 4.636101e-12 2.052155e-06 clkload377
 2.052126e-06 0.000000e+00 4.636101e-12 2.052130e-06 clkload313
 2.052074e-06 0.000000e+00 4.636101e-12 2.052079e-06 clkload149
 2.052040e-06 0.000000e+00 4.636101e-12 2.052045e-06 clkload261
 2.051991e-06 0.000000e+00 4.636101e-12 2.051996e-06 clkload398
 2.051930e-06 0.000000e+00 4.636101e-12 2.051934e-06 clkload249
 2.051833e-06 0.000000e+00 4.636101e-12 2.051838e-06 clkload368
 2.051814e-06 0.000000e+00 4.636101e-12 2.051819e-06 clkload59
 2.051712e-06 0.000000e+00 4.636101e-12 2.051717e-06 clkload69
 2.051522e-06 0.000000e+00 4.636101e-12 2.051527e-06 clkload76
 2.051505e-06 0.000000e+00 4.636101e-12 2.051509e-06 clkload384
 2.051465e-06 0.000000e+00 4.636101e-12 2.051470e-06 clkload107
 2.051348e-06 0.000000e+00 4.636101e-12 2.051352e-06 clkload373
 2.051255e-06 0.000000e+00 4.636101e-12 2.051260e-06 clkload252
 2.051182e-06 0.000000e+00 4.636101e-12 2.051187e-06 clkload168
 2.051161e-06 0.000000e+00 4.636101e-12 2.051166e-06 clkload103
 2.051047e-06 0.000000e+00 4.636101e-12 2.051051e-06 clkload367
 2.050780e-06 0.000000e+00 4.636101e-12 2.050784e-06 clkload62
 2.050514e-06 0.000000e+00 4.636101e-12 2.050519e-06 clkload302
 2.050451e-06 0.000000e+00 4.636101e-12 2.050456e-06 clkload114
 2.050414e-06 0.000000e+00 4.636101e-12 2.050418e-06 clkload276
 2.050363e-06 0.000000e+00 4.636101e-12 2.050368e-06 clkload153
 2.050314e-06 0.000000e+00 4.636101e-12 2.050318e-06 clkload234
 2.050136e-06 0.000000e+00 4.636101e-12 2.050141e-06 clkload235
 2.048542e-06 0.000000e+00 4.636101e-12 2.048547e-06 clkload434
 2.048298e-06 0.000000e+00 4.636101e-12 2.048302e-06 clkload407
 2.048001e-06 0.000000e+00 4.636101e-12 2.048006e-06 clkload360
 2.047484e-06 0.000000e+00 4.636101e-12 2.047488e-06 clkload426
 2.046759e-06 0.000000e+00 4.636101e-12 2.046763e-06 clkload430
 3.565874e-07 1.681415e-06 7.083787e-12 2.038009e-06 fanout3378
 3.581844e-07 1.668395e-06 7.086354e-12 2.026586e-06 fanout3366
 2.871444e-07 1.734538e-06 6.979712e-12 2.021689e-06 fanout1748
 1.443818e-07 1.868783e-06 4.433040e-12 2.013169e-06 hold1026
 2.024740e-07 1.808138e-06 4.667019e-12 2.010617e-06 fanout779
 3.468005e-07 1.653469e-06 7.063259e-12 2.000277e-06 fanout3349
 4.342648e-07 1.562533e-06 4.296552e-12 1.996802e-06 fanout232
 3.563192e-07 1.635730e-06 7.083787e-12 1.992056e-06 fanout3392
 3.330301e-07 1.649501e-06 7.209085e-12 1.982538e-06 fanout1816
 3.834839e-07 1.588528e-06 7.062998e-12 1.972019e-06 fanout3319
 4.237979e-07 1.547306e-06 4.340761e-12 1.971109e-06 fanout3755
 3.184848e-07 1.649911e-06 7.198510e-12 1.968403e-06 fanout3084
 2.979665e-07 1.661988e-06 7.380103e-12 1.959962e-06 fanout1897
 3.191130e-07 1.639824e-06 7.178765e-12 1.958945e-06 fanout2181
 3.517896e-07 1.606531e-06 7.063259e-12 1.958328e-06 fanout3337
 2.683013e-07 1.679974e-06 6.935944e-12 1.948282e-06 fanout1125
 2.781595e-07 1.668548e-06 6.981881e-12 1.946715e-06 fanout1086
 2.931800e-07 1.636242e-06 6.987523e-12 1.929429e-06 fanout1783
 3.169513e-07 1.607367e-06 7.198510e-12 1.924326e-06 fanout3092
 3.614366e-07 1.545216e-06 7.086354e-12 1.906659e-06 fanout3370
 3.163092e-07 1.583344e-06 7.181057e-12 1.899660e-06 fanout2192
 3.872859e-07 1.496510e-06 7.062998e-12 1.883803e-06 fanout3331
 4.262996e-07 1.452523e-06 4.324590e-12 1.878827e-06 fanout3429
 2.927326e-07 1.582462e-06 6.981271e-12 1.875201e-06 fanout874
 2.582200e-07 1.616148e-06 6.937445e-12 1.874375e-06 fanout806
 2.964028e-07 1.571798e-06 7.379755e-12 1.868208e-06 fanout1901
 2.941424e-07 1.573223e-06 6.987523e-12 1.867373e-06 fanout1780
 2.786216e-07 1.583215e-06 7.428225e-12 1.861844e-06 fanout1858
 4.040185e-07 1.439904e-06 1.085760e-11 1.843933e-06 fanout1647
 4.257729e-07 1.407608e-06 4.324590e-12 1.833385e-06 fanout3503
 1.898960e-07 1.637979e-06 6.929575e-12 1.827882e-06 fanout1967
 3.575212e-07 1.470080e-06 7.083787e-12 1.827608e-06 fanout3390
 3.441361e-07 1.469699e-06 7.036014e-12 1.813842e-06 fanout3245
 3.576023e-07 1.422680e-06 7.086354e-12 1.780289e-06 fanout3388
 2.407979e-07 1.526380e-06 7.419063e-12 1.767185e-06 fanout1006
 3.561217e-07 1.405486e-06 7.083787e-12 1.761614e-06 fanout3386
 1.807967e-07 1.580789e-06 7.372734e-12 1.761593e-06 fanout889
 2.316488e-07 1.526633e-06 4.734502e-12 1.758287e-06 fanout947
 3.208201e-07 1.429287e-06 7.200795e-12 1.750114e-06 fanout3091
 2.726605e-07 1.459786e-06 7.427564e-12 1.732454e-06 fanout1859
 2.493866e-07 1.482921e-06 6.957240e-12 1.732315e-06 fanout1870
 2.975471e-07 1.431929e-06 7.380103e-12 1.729484e-06 fanout1899
 2.488938e-07 1.476906e-06 6.957240e-12 1.725807e-06 fanout1874
 2.276741e-07 1.495041e-06 6.947426e-12 1.722722e-06 fanout1992
 2.794616e-07 1.443020e-06 7.401421e-12 1.722489e-06 fanout2025
 2.940636e-07 1.428014e-06 6.985420e-12 1.722085e-06 fanout1782
 2.631718e-07 1.444259e-06 7.408820e-12 1.707438e-06 fanout1926
 2.182639e-07 1.488010e-06 4.501393e-12 1.706278e-06 fanout960
 2.626224e-07 1.439221e-06 7.408820e-12 1.701851e-06 fanout1929
 2.031367e-07 1.486107e-06 4.405051e-12 1.689248e-06 fanout1141
 2.197315e-07 1.455049e-06 4.530831e-12 1.674785e-06 fanout1692
 2.645158e-07 1.408225e-06 7.408820e-12 1.672749e-06 fanout1931
 3.344446e-07 1.332164e-06 7.222258e-12 1.666616e-06 fanout1805
 2.793592e-07 1.378389e-06 7.401421e-12 1.657755e-06 fanout2028
 2.793361e-07 1.367675e-06 7.401421e-12 1.647018e-06 fanout2026
 1.644298e-06 0.000000e+00 6.811656e-12 1.644304e-06 clkload34
 1.640843e-06 0.000000e+00 6.811656e-12 1.640850e-06 clkload44
 1.319363e-07 1.501496e-06 4.414680e-12 1.633437e-06 fanout1928
 1.881106e-07 1.444862e-06 6.902149e-12 1.632979e-06 fanout864
 2.473117e-07 1.379231e-06 6.956348e-12 1.626550e-06 fanout1872
 1.932334e-07 1.424772e-06 4.708609e-12 1.618010e-06 fanout3334
 1.998374e-07 1.397726e-06 7.484845e-12 1.597571e-06 fanout1263
 1.595288e-06 0.000000e+00 6.811656e-12 1.595295e-06 clkload25
 1.980997e-07 1.384025e-06 4.292847e-12 1.582129e-06 wire507
 1.579771e-06 0.000000e+00 6.811656e-12 1.579778e-06 clkload37
 3.069456e-07 1.269898e-06 7.070686e-12 1.576851e-06 fanout3228
 2.289812e-07 1.338513e-06 7.427738e-12 1.567501e-06 fanout1974
 2.382555e-07 1.315110e-06 7.419063e-12 1.553373e-06 fanout1011
 2.426586e-07 1.305294e-06 6.951132e-12 1.547960e-06 fanout1861
 2.275962e-07 1.309223e-06 7.427738e-12 1.536826e-06 fanout1976
 1.600188e-07 1.375635e-06 7.428703e-12 1.535662e-06 fanout1043
 1.233616e-07 1.410242e-06 4.403213e-12 1.533608e-06 fanout1867
 2.167152e-07 1.315016e-06 6.951459e-12 1.531738e-06 fanout1857
 1.074486e-07 1.418784e-06 6.882615e-12 1.526240e-06 fanout770
 1.915073e-07 1.317725e-06 7.256219e-12 1.509240e-06 fanout3066
 2.162961e-07 1.281584e-06 6.948325e-12 1.497887e-06 fanout1163
 2.248188e-07 1.266372e-06 6.950182e-12 1.491198e-06 fanout1981
 1.764983e-07 1.300250e-06 4.756832e-12 1.476753e-06 fanout923
 2.203051e-07 1.255118e-06 6.938939e-12 1.475430e-06 fanout793
 1.902524e-07 1.284481e-06 4.805001e-12 1.474738e-06 fanout1105
 1.713032e-07 1.297840e-06 4.731543e-12 1.469147e-06 fanout3275
 1.786393e-07 1.290401e-06 4.541552e-12 1.469045e-06 fanout1758
 1.818068e-07 1.283944e-06 7.339904e-12 1.465758e-06 fanout1704
 2.247779e-07 1.237836e-06 6.950182e-12 1.462621e-06 fanout1984
 1.803277e-07 1.271668e-06 4.690939e-12 1.452000e-06 fanout3385
 1.945651e-07 1.254649e-06 4.493101e-12 1.449219e-06 fanout2074
 1.592371e-07 1.288392e-06 4.438725e-12 1.447634e-06 fanout1913
 2.170224e-07 1.228217e-06 6.942914e-12 1.445247e-06 fanout2015
 2.197421e-07 1.224918e-06 6.953033e-12 1.444667e-06 fanout1856
 1.852997e-07 1.253642e-06 4.418589e-12 1.438947e-06 fanout1113
 2.184249e-07 1.203484e-06 7.427600e-12 1.421916e-06 fanout1851
 1.817290e-07 1.237595e-06 4.401206e-12 1.419329e-06 wire506
 1.750003e-07 1.240683e-06 4.584887e-12 1.415688e-06 fanout1822
 2.287084e-07 1.181339e-06 6.947426e-12 1.410055e-06 fanout1994
 1.770900e-07 1.231935e-06 4.756832e-12 1.409030e-06 fanout901
 1.197365e-07 1.288156e-06 6.904035e-12 1.407899e-06 fanout942
 1.601293e-07 1.243832e-06 4.593432e-12 1.403966e-06 fanout3082
 1.945923e-07 1.208850e-06 4.708609e-12 1.403447e-06 fanout3323
 1.955021e-07 1.207396e-06 4.617612e-12 1.402903e-06 fanout2006
 1.753969e-07 1.226291e-06 4.708386e-12 1.401693e-06 fanout3355
 2.205349e-07 1.177687e-06 7.426519e-12 1.398229e-06 fanout1850
 1.845848e-07 1.207082e-06 4.785038e-12 1.391671e-06 fanout1118
 1.823493e-07 1.204860e-06 7.449006e-12 1.387217e-06 fanout1957
 1.768384e-07 1.199369e-06 4.756813e-12 1.376212e-06 fanout926
 2.048590e-07 1.169739e-06 4.798786e-12 1.374603e-06 fanout1155
 1.657484e-07 1.207055e-06 4.804581e-12 1.372808e-06 fanout1050
 2.173046e-07 1.153965e-06 6.943538e-12 1.371276e-06 fanout2016
 1.772581e-07 1.193276e-06 4.756832e-12 1.370539e-06 fanout912
 1.768698e-07 1.191252e-06 4.756832e-12 1.368127e-06 fanout925
 1.946278e-07 1.166608e-06 4.490752e-12 1.361240e-06 fanout2075
 1.771890e-07 1.181630e-06 4.756832e-12 1.358823e-06 fanout898
 1.606220e-07 1.196635e-06 4.610213e-12 1.357261e-06 fanout2183
 2.078084e-07 1.144109e-06 4.851646e-12 1.351922e-06 fanout192
 1.717811e-07 1.175224e-06 4.731543e-12 1.347010e-06 fanout3260
 1.699411e-07 1.173458e-06 4.585849e-12 1.343404e-06 fanout1820
 1.529363e-07 1.189009e-06 4.497768e-12 1.341950e-06 fanout2099
 1.769972e-07 1.164061e-06 4.756832e-12 1.341063e-06 fanout922
 1.622919e-07 1.176159e-06 4.627198e-12 1.338455e-06 fanout984
 1.757989e-07 1.159722e-06 4.706266e-12 1.335526e-06 fanout3351
 1.603281e-07 1.174704e-06 4.610213e-12 1.335037e-06 fanout2173
 1.765605e-07 1.158285e-06 4.756813e-12 1.334850e-06 fanout918
 1.651898e-07 1.168524e-06 4.797195e-12 1.333718e-06 fanout1016
 1.756847e-07 1.156744e-06 4.708386e-12 1.332433e-06 fanout3353
 1.847699e-07 1.144182e-06 7.471434e-12 1.328960e-06 fanout979
 1.898820e-07 1.138836e-06 4.805001e-12 1.328722e-06 fanout1106
 1.798576e-07 1.147733e-06 6.929995e-12 1.327598e-06 fanout783
 1.773269e-07 1.149722e-06 4.756832e-12 1.327054e-06 fanout899
 1.663803e-07 1.158518e-06 4.806591e-12 1.324903e-06 fanout1078
 1.626086e-07 1.157716e-06 4.627876e-12 1.320329e-06 fanout980
 1.662463e-07 1.153295e-06 4.804581e-12 1.319546e-06 fanout1072
 1.661684e-07 1.152559e-06 4.804581e-12 1.318732e-06 fanout1076
 1.669289e-07 1.146639e-06 4.804581e-12 1.313573e-06 fanout1081
 1.661578e-07 1.147071e-06 4.805765e-12 1.313233e-06 fanout1052
 1.818697e-07 1.127898e-06 4.688757e-12 1.309772e-06 fanout3376
 1.608964e-07 1.134955e-06 4.610213e-12 1.295856e-06 fanout2162
 2.403253e-07 1.054790e-06 7.418823e-12 1.295123e-06 fanout1010
 1.614059e-07 1.133200e-06 4.610213e-12 1.294611e-06 fanout2187
 1.606653e-07 1.125925e-06 4.568069e-12 1.286595e-06 fanout1842
 1.728895e-07 1.112535e-06 4.733627e-12 1.285429e-06 fanout3247
 1.531789e-07 1.126737e-06 4.497768e-12 1.279921e-06 fanout2122
 1.420483e-07 1.135647e-06 3.887191e-12 1.277699e-06 wire505
 1.697341e-07 1.107053e-06 4.584443e-12 1.276792e-06 fanout1817
 2.039954e-07 1.069708e-06 4.692468e-12 1.273708e-06 fanout1167
 1.664649e-07 1.105209e-06 4.804581e-12 1.271678e-06 fanout1066
 1.771438e-07 1.091060e-06 4.757948e-12 1.268208e-06 fanout907
 1.964999e-07 1.071461e-06 7.008741e-12 1.267968e-06 fanout625
 1.661612e-07 1.101388e-06 4.804581e-12 1.267554e-06 fanout1056
 1.751995e-07 1.088480e-06 4.706266e-12 1.263684e-06 fanout3339
 1.781977e-07 1.082201e-06 4.564123e-12 1.260403e-06 fanout1796
 1.811941e-07 1.076223e-06 4.690939e-12 1.257422e-06 fanout3374
 1.729775e-07 1.081481e-06 4.733627e-12 1.254463e-06 fanout3278
 2.123461e-07 1.037773e-06 4.518248e-12 1.250124e-06 fanout1178
 1.667141e-07 1.082805e-06 4.806591e-12 1.249524e-06 fanout1067
 1.612315e-07 1.085111e-06 4.610213e-12 1.246347e-06 fanout2169
 1.928957e-07 1.052906e-06 7.123348e-12 1.245809e-06 fanout2196
 1.729584e-07 1.071349e-06 4.733627e-12 1.244312e-06 fanout3299
 1.536632e-07 1.083675e-06 4.499636e-12 1.237343e-06 fanout2088
 1.537598e-07 1.082916e-06 4.499636e-12 1.236681e-06 fanout2087
 1.831166e-07 1.050723e-06 7.371755e-12 1.233847e-06 fanout888
 1.730672e-07 1.058357e-06 4.733627e-12 1.231429e-06 fanout3263
 1.955354e-07 1.035784e-06 7.256212e-12 1.231327e-06 fanout3056
 1.763576e-07 1.050328e-06 4.706266e-12 1.226690e-06 fanout3358
 1.668207e-07 1.058726e-06 4.804581e-12 1.225552e-06 fanout1057
 1.826256e-07 1.041233e-06 7.449006e-12 1.223867e-06 fanout1958
 1.631550e-07 1.060548e-06 6.917461e-12 1.223710e-06 fanout858
 1.953104e-07 1.027953e-06 4.710951e-12 1.223268e-06 fanout3327
 1.698841e-07 1.049783e-06 6.905659e-12 1.219674e-06 fanout609
 1.834965e-07 1.035591e-06 7.341217e-12 1.219094e-06 fanout1703
 3.045600e-07 9.116720e-07 7.070686e-12 1.216239e-06 fanout3217
 1.540399e-07 1.060038e-06 4.703936e-12 1.214083e-06 fanout3145
 1.975777e-07 1.015023e-06 4.495807e-12 1.212605e-06 fanout1203
 1.953401e-07 1.013889e-06 4.493101e-12 1.209234e-06 fanout2064
 1.779431e-07 1.029735e-06 4.758972e-12 1.207683e-06 fanout919
 1.605015e-07 1.043194e-06 4.568722e-12 1.203700e-06 fanout1846
 1.963312e-07 1.006765e-06 4.708609e-12 1.203101e-06 fanout3326
 1.952381e-07 1.002790e-06 4.708609e-12 1.198032e-06 fanout3332
 1.614267e-07 1.034076e-06 4.608265e-12 1.195507e-06 fanout2174
 1.609305e-07 1.034377e-06 4.610213e-12 1.195312e-06 fanout2176
 1.735284e-07 1.016913e-06 6.910200e-12 1.190449e-06 fanout844
 1.732640e-07 1.016365e-06 4.733627e-12 1.189634e-06 fanout3284
 1.254048e-07 1.060138e-06 3.867370e-12 1.185546e-06 wire546
 1.542094e-07 1.030434e-06 4.499636e-12 1.184648e-06 fanout2135
 1.540537e-07 1.029393e-06 4.702073e-12 1.183451e-06 fanout3109
 1.614590e-07 1.021055e-06 4.608265e-12 1.182518e-06 fanout2189
 2.019580e-07 9.782239e-07 7.484845e-12 1.180189e-06 fanout1239
 1.549767e-07 1.024032e-06 4.702073e-12 1.179013e-06 fanout3129
 1.541814e-07 1.023195e-06 4.703936e-12 1.177381e-06 fanout3114
 1.615164e-07 1.015173e-06 4.610213e-12 1.176694e-06 fanout2165
 1.945660e-07 9.757692e-07 7.254819e-12 1.170343e-06 fanout3065
 1.666398e-07 1.002450e-06 4.806591e-12 1.169095e-06 fanout1051
 1.168985e-06 0.000000e+00 4.169190e-12 1.168989e-06 clkload53
 1.536668e-07 1.014397e-06 4.499636e-12 1.168068e-06 fanout2159
 1.953391e-07 9.720785e-07 7.254819e-12 1.167425e-06 fanout3078
 1.728449e-07 9.919661e-07 4.731543e-12 1.164816e-06 fanout3274
 1.599736e-07 1.004134e-06 4.730692e-12 1.164113e-06 fanout1722
 1.346042e-07 1.025336e-06 4.816597e-12 1.159945e-06 fanout1126
 1.671162e-07 9.912796e-07 4.381327e-12 1.158400e-06 fanout456
 1.540394e-07 1.003635e-06 4.499636e-12 1.157679e-06 fanout2117
 1.580482e-07 9.993921e-07 4.430876e-12 1.157445e-06 fanout1000
 1.667888e-07 9.876873e-07 4.805765e-12 1.154481e-06 fanout1053
 1.615307e-07 9.899039e-07 4.591490e-12 1.151439e-06 fanout3097
 1.596459e-07 9.896901e-07 4.730495e-12 1.149341e-06 fanout1723
 1.659405e-07 9.822007e-07 4.463126e-12 1.148146e-06 fanout3559
 1.950370e-07 9.524355e-07 7.123348e-12 1.147480e-06 fanout2202
 1.737715e-07 9.716166e-07 4.731543e-12 1.145393e-06 fanout3292
 2.388528e-07 9.059729e-07 4.852873e-12 1.144831e-06 fanout224
 1.669802e-07 9.777941e-07 4.804581e-12 1.144779e-06 fanout1065
 2.163239e-07 9.274124e-07 4.514432e-12 1.143741e-06 fanout1211
 1.947780e-07 9.488847e-07 4.493095e-12 1.143667e-06 fanout2070
 1.733639e-07 9.697715e-07 4.731543e-12 1.143140e-06 fanout3295
 1.863529e-07 9.555607e-07 4.418589e-12 1.141918e-06 fanout1111
 1.878535e-07 9.503593e-07 4.530578e-12 1.138217e-06 fanout1182
 1.545015e-07 9.773662e-07 4.702073e-12 1.131872e-06 fanout3183
 1.545362e-07 9.752225e-07 4.702073e-12 1.129763e-06 fanout3190
 1.538053e-07 9.746461e-07 4.499636e-12 1.128456e-06 fanout2136
 1.668015e-07 9.598282e-07 4.806591e-12 1.126635e-06 fanout1075
 1.957691e-07 9.279655e-07 4.708609e-12 1.123739e-06 fanout3310
 2.321322e-07 8.908964e-07 4.602446e-12 1.123033e-06 fanout2277
 1.735705e-07 9.491324e-07 4.731543e-12 1.122708e-06 fanout3277
 1.642195e-07 9.559367e-07 6.917541e-12 1.120163e-06 fanout856
 1.544151e-07 9.651203e-07 4.703936e-12 1.119540e-06 fanout3104
 1.770291e-07 9.419708e-07 4.706266e-12 1.119005e-06 fanout3343
 1.734699e-07 9.444670e-07 4.731543e-12 1.117942e-06 fanout3296
 1.552033e-07 9.622973e-07 4.702073e-12 1.117505e-06 fanout3107
 1.735835e-07 9.411645e-07 4.733627e-12 1.114753e-06 fanout3246
 1.841750e-07 9.267478e-07 6.929575e-12 1.110930e-06 fanout1965
 1.601447e-07 9.499547e-07 4.730692e-12 1.110104e-06 fanout1716
 1.548719e-07 9.538402e-07 4.499636e-12 1.108717e-06 fanout2111
 1.678359e-07 9.359652e-07 4.804581e-12 1.103806e-06 fanout1082
 1.669650e-07 9.334221e-07 4.804581e-12 1.100392e-06 fanout1083
 1.545329e-07 9.435672e-07 4.702073e-12 1.098105e-06 fanout3148
 1.545311e-07 9.431942e-07 4.702073e-12 1.097730e-06 fanout3146
 1.621500e-07 9.346661e-07 4.608265e-12 1.096821e-06 fanout2180
 1.621293e-07 9.329914e-07 4.608265e-12 1.095125e-06 fanout2179
 1.952019e-07 8.982266e-07 4.510721e-12 1.093433e-06 fanout3574
 1.544135e-07 9.383561e-07 4.499636e-12 1.092774e-06 fanout2158
 1.547012e-07 9.355332e-07 4.702073e-12 1.090239e-06 fanout3197
 1.677638e-07 9.212536e-07 4.381697e-12 1.089022e-06 fanout459
 1.735069e-07 9.150861e-07 4.733627e-12 1.088598e-06 fanout3265
 1.602498e-07 9.272116e-07 4.730692e-12 1.087466e-06 fanout1712
 1.539842e-07 9.323093e-07 4.499636e-12 1.086298e-06 fanout2144
 1.735242e-07 9.117751e-07 4.733627e-12 1.085304e-06 fanout3266
 1.732022e-07 9.068771e-07 4.733627e-12 1.080084e-06 fanout3261
 1.544035e-07 9.256099e-07 4.702073e-12 1.080018e-06 fanout3144
 1.624876e-07 9.129166e-07 4.610213e-12 1.075409e-06 fanout2171
 1.614139e-07 9.129753e-07 4.610213e-12 1.074394e-06 fanout2177
 1.737045e-07 8.973479e-07 4.733627e-12 1.071057e-06 fanout3258
 1.737708e-07 8.957957e-07 4.731543e-12 1.069571e-06 fanout3286
 1.746266e-07 8.948774e-07 4.731543e-12 1.069509e-06 fanout3280
 1.823579e-07 8.867390e-07 4.515289e-12 1.069101e-06 fanout1217
 1.548202e-07 9.111666e-07 4.702073e-12 1.065991e-06 fanout3214
 1.540026e-07 9.110508e-07 4.497768e-12 1.065058e-06 fanout2114
 1.544494e-07 9.101497e-07 4.499642e-12 1.064604e-06 fanout2085
 1.554804e-07 9.039157e-07 4.702073e-12 1.059401e-06 fanout3117
 2.194871e-07 8.391781e-07 4.534660e-12 1.058670e-06 fanout1180
 1.557195e-07 8.999218e-07 4.499636e-12 1.055646e-06 fanout2108
 1.295975e-07 9.260154e-07 6.882615e-12 1.055620e-06 fanout769
 1.673022e-07 8.875615e-07 4.820450e-12 1.054869e-06 fanout451
 1.492791e-07 9.043247e-07 4.438811e-12 1.053608e-06 fanout1900
 1.675111e-07 8.860689e-07 4.822219e-12 1.053585e-06 fanout443
 1.547617e-07 8.947197e-07 4.499636e-12 1.049486e-06 fanout2092
 1.615278e-07 8.876759e-07 4.608265e-12 1.049208e-06 fanout2172
 1.835455e-07 8.640602e-07 4.428034e-12 1.047610e-06 fanout1776
 1.548834e-07 8.916360e-07 4.702073e-12 1.046524e-06 fanout3204
 1.840067e-07 8.617249e-07 7.340245e-12 1.045739e-06 fanout1699
 1.549051e-07 8.904516e-07 4.702073e-12 1.045361e-06 fanout3215
 1.975022e-07 8.420682e-07 4.708609e-12 1.039575e-06 fanout3315
 1.544482e-07 8.850200e-07 4.702073e-12 1.039473e-06 fanout3221
 1.548928e-07 8.833575e-07 4.703936e-12 1.038255e-06 fanout3229
 1.347245e-07 9.017472e-07 4.788656e-12 1.036477e-06 fanout1940
 1.549128e-07 8.803109e-07 4.702073e-12 1.035228e-06 fanout3168
 1.609695e-07 8.718173e-07 4.339774e-12 1.032791e-06 fanout166
 1.501044e-07 8.825356e-07 4.763189e-12 1.032645e-06 fanout1907
 1.550256e-07 8.764255e-07 4.499642e-12 1.031456e-06 fanout2123
 1.349099e-07 8.946443e-07 4.788250e-12 1.029559e-06 fanout1939
 1.550922e-07 8.737308e-07 4.499636e-12 1.028828e-06 fanout2143
 1.560215e-07 8.706655e-07 4.499636e-12 1.026692e-06 fanout2102
 1.548982e-07 8.682281e-07 4.499642e-12 1.023131e-06 fanout2128
 1.545080e-07 8.680978e-07 4.497774e-12 1.022610e-06 fanout2081
 1.770986e-07 8.446086e-07 4.706266e-12 1.021712e-06 fanout3338
 1.942839e-07 8.216982e-07 7.254819e-12 1.015989e-06 fanout3064
 1.734307e-07 8.373033e-07 4.731543e-12 1.010739e-06 fanout3271
 1.557545e-07 8.548298e-07 4.702073e-12 1.010589e-06 fanout3224
 1.572206e-07 8.521878e-07 4.702073e-12 1.009413e-06 fanout3119
 1.551162e-07 8.526810e-07 4.499636e-12 1.007802e-06 fanout2096
 1.411628e-07 8.648743e-07 4.782442e-12 1.006042e-06 fanout2031
 1.551373e-07 8.501134e-07 4.702073e-12 1.005255e-06 fanout3208
 1.554937e-07 8.487353e-07 4.702073e-12 1.004234e-06 fanout3203
 1.547687e-07 8.455907e-07 4.702073e-12 1.000364e-06 fanout3110
 1.550793e-07 8.441856e-07 4.702073e-12 9.992697e-07 fanout3206
 1.843417e-07 8.111612e-07 7.371755e-12 9.955103e-07 fanout887
 1.551229e-07 8.389841e-07 4.703936e-12 9.941117e-07 fanout3185
 1.620271e-07 8.317968e-07 4.593432e-12 9.938285e-07 fanout3102
 1.553400e-07 8.382070e-07 4.499636e-12 9.935516e-07 fanout2113
 1.557862e-07 8.365066e-07 4.702073e-12 9.922974e-07 fanout3121
 1.682463e-07 8.224264e-07 4.822219e-12 9.906776e-07 fanout452
 1.633058e-07 8.265429e-07 7.428696e-12 9.898561e-07 fanout1044
 1.549668e-07 8.346672e-07 4.703936e-12 9.896387e-07 fanout3122
 1.550413e-07 8.341019e-07 4.499642e-12 9.891477e-07 fanout2126
 1.551166e-07 8.338434e-07 4.702073e-12 9.889648e-07 fanout3202
 1.850907e-07 8.021681e-07 7.339897e-12 9.872662e-07 fanout1698
 1.558725e-07 8.272795e-07 4.702073e-12 9.831567e-07 fanout3225
 1.786933e-07 8.040074e-07 4.708386e-12 9.827053e-07 fanout3336
 1.553511e-07 8.269593e-07 4.702073e-12 9.823150e-07 fanout3152
 1.553926e-07 8.258952e-07 4.499636e-12 9.812923e-07 fanout2112
 1.549421e-07 8.261147e-07 4.499636e-12 9.810614e-07 fanout2116
 2.037196e-07 7.750856e-07 4.558691e-12 9.788098e-07 fanout1179
 1.553849e-07 8.190517e-07 4.702073e-12 9.744413e-07 fanout3155
 1.551748e-07 8.183814e-07 4.499636e-12 9.735608e-07 fanout2146
 1.972281e-07 7.757227e-07 4.557212e-12 9.729554e-07 fanout1166
 2.067802e-07 7.640560e-07 4.515412e-12 9.708408e-07 fanout1183
 1.962935e-07 7.728631e-07 4.542169e-12 9.691612e-07 fanout1197
 1.993922e-07 7.697073e-07 4.520591e-12 9.691041e-07 fanout1171
 1.550651e-07 8.124891e-07 4.702073e-12 9.675589e-07 fanout3136
 1.741347e-07 7.930177e-07 4.733627e-12 9.671572e-07 fanout3235
 1.550699e-07 8.061843e-07 4.499636e-12 9.612588e-07 fanout2134
 1.558370e-07 8.051064e-07 4.499636e-12 9.609479e-07 fanout2089
 1.556450e-07 8.044368e-07 4.499642e-12 9.600863e-07 fanout2152
 1.557317e-07 8.038493e-07 4.499642e-12 9.595855e-07 fanout2142
 1.697113e-07 7.898223e-07 4.381679e-12 9.595381e-07 fanout457
 1.551129e-07 8.005704e-07 4.702073e-12 9.556881e-07 fanout3133
 1.415554e-07 8.133039e-07 4.781887e-12 9.548640e-07 fanout2033
 1.549043e-07 7.997581e-07 4.702073e-12 9.546670e-07 fanout3172
 1.552607e-07 7.973890e-07 4.499636e-12 9.526541e-07 fanout2107
 2.011971e-07 7.506160e-07 4.669417e-12 9.518178e-07 fanout1175
 1.552273e-07 7.960224e-07 4.499636e-12 9.512542e-07 fanout2137
 1.549788e-07 7.944504e-07 4.702073e-12 9.494340e-07 fanout3128
 1.552695e-07 7.919323e-07 4.499636e-12 9.472064e-07 fanout2149
 1.555060e-07 7.895082e-07 4.702073e-12 9.450189e-07 fanout3196
 1.561432e-07 7.867851e-07 4.702073e-12 9.429330e-07 fanout3154
 1.554100e-07 7.771398e-07 4.702073e-12 9.325545e-07 fanout3106
 1.548997e-07 7.775173e-07 4.499636e-12 9.324215e-07 fanout2120
 1.553170e-07 7.769139e-07 4.702073e-12 9.322357e-07 fanout3179
 1.552172e-07 7.750685e-07 4.702073e-12 9.302905e-07 fanout3134
 1.549231e-07 7.745682e-07 4.702073e-12 9.294960e-07 fanout3124
 1.556218e-07 7.736822e-07 4.702073e-12 9.293087e-07 fanout3143
 1.353457e-07 7.904682e-07 4.788250e-12 9.258186e-07 fanout1945
 1.013448e-07 8.207625e-07 4.350064e-12 9.221117e-07 fanout1290
 1.897414e-07 7.322146e-07 4.526010e-12 9.219606e-07 fanout1174
 1.958811e-07 7.253925e-07 4.699996e-12 9.212784e-07 fanout1200
 1.553960e-07 7.654698e-07 4.499636e-12 9.208703e-07 fanout2105
 1.837557e-07 7.367789e-07 7.340245e-12 9.205419e-07 fanout1705
 1.559216e-07 7.632607e-07 4.499642e-12 9.191868e-07 fanout2141
 1.353788e-07 7.823284e-07 4.413454e-12 9.177116e-07 fanout1934
 9.154157e-08 8.259722e-07 4.511226e-12 9.175183e-07 wire467
 1.552979e-07 7.605382e-07 4.703936e-12 9.158409e-07 fanout3166
 1.801133e-07 7.326502e-07 6.896375e-12 9.127704e-07 fanout386
 1.965299e-07 7.104720e-07 4.523674e-12 9.070065e-07 fanout1207
 1.917133e-07 7.143472e-07 4.602951e-12 9.060651e-07 fanout2671
 1.550951e-07 7.503055e-07 4.702073e-12 9.054053e-07 fanout3176
 1.554178e-07 7.495529e-07 4.499636e-12 9.049752e-07 fanout2139
 1.582742e-07 7.445955e-07 4.325403e-12 9.028740e-07 fanout305
 1.996954e-07 7.027405e-07 4.541059e-12 9.024404e-07 fanout1177
 1.625199e-07 7.379307e-07 4.466221e-12 9.004552e-07 fanout1191
 2.109259e-07 6.865750e-07 4.518637e-12 8.975053e-07 fanout3695
 1.682081e-07 7.259409e-07 4.381327e-12 8.941533e-07 fanout458
 1.552683e-07 7.363557e-07 4.702073e-12 8.916287e-07 fanout3194
 1.839370e-07 7.005860e-07 4.515111e-12 8.845275e-07 fanout1168
 1.550360e-07 7.283767e-07 4.702073e-12 8.834174e-07 fanout3220
 2.033119e-07 6.763225e-07 4.520591e-12 8.796389e-07 fanout1172
 8.774744e-07 0.000000e+00 4.048403e-12 8.774784e-07 clkload29
 2.077888e-07 6.695792e-07 4.535264e-12 8.773725e-07 fanout1188
 1.757786e-07 6.994316e-07 4.731543e-12 8.752149e-07 fanout3287
 1.967795e-07 6.770450e-07 4.512823e-12 8.738290e-07 fanout1190
 1.982947e-07 6.755219e-07 4.501719e-12 8.738211e-07 fanout3664
 1.153746e-07 7.583516e-07 4.011378e-12 8.737302e-07 fanout3607
 1.285719e-07 7.448023e-07 6.903694e-12 8.733810e-07 fanout1123
 2.026216e-07 6.693288e-07 4.483107e-12 8.719549e-07 fanout1192
 1.551404e-07 7.142260e-07 4.499636e-12 8.693709e-07 fanout2121
 9.801100e-08 7.703007e-07 4.657315e-12 8.683164e-07 fanout2195
 1.064501e-07 7.573449e-07 6.898943e-12 8.638019e-07 fanout1825
 2.073735e-07 6.557736e-07 4.528963e-12 8.631517e-07 fanout1201
 1.836468e-07 6.769466e-07 4.526509e-12 8.605979e-07 fanout1170
 1.773877e-07 6.809900e-07 4.731543e-12 8.583824e-07 fanout3255
 2.035026e-07 6.547918e-07 4.498767e-12 8.582989e-07 fanout1189
 1.751512e-07 6.826256e-07 4.733627e-12 8.577816e-07 fanout3272
 1.959775e-07 6.593206e-07 4.504556e-12 8.553026e-07 fanout3637
 1.903330e-07 6.647585e-07 4.475832e-12 8.550961e-07 fanout1169
 1.819984e-07 6.704859e-07 4.675194e-12 8.524889e-07 fanout1206
 1.151022e-07 7.362988e-07 4.398602e-12 8.514054e-07 fanout1970
 1.356242e-07 7.139671e-07 4.414680e-12 8.495958e-07 fanout1924
 8.453824e-07 0.000000e+00 3.833043e-12 8.453862e-07 clkload309
 8.441422e-07 0.000000e+00 3.833043e-12 8.441460e-07 clkload277
 1.952199e-07 6.477589e-07 4.541059e-12 8.429833e-07 fanout3566
 1.150861e-07 7.278256e-07 4.398602e-12 8.429161e-07 fanout1969
 8.427597e-07 0.000000e+00 3.833043e-12 8.427635e-07 clkload387
 8.423633e-07 0.000000e+00 4.048403e-12 8.423673e-07 clkload10
 1.776920e-07 6.644114e-07 4.487922e-12 8.421079e-07 fanout1202
 8.410813e-07 0.000000e+00 3.833043e-12 8.410851e-07 clkload214
 1.566030e-07 6.834013e-07 4.702073e-12 8.400090e-07 fanout3153
 8.399271e-07 0.000000e+00 3.833043e-12 8.399309e-07 clkload198
 8.397128e-07 0.000000e+00 3.833043e-12 8.397166e-07 clkload99
 2.020620e-07 6.370605e-07 4.495567e-12 8.391270e-07 fanout1215
 1.756492e-07 6.611897e-07 4.731543e-12 8.368436e-07 fanout3279
 8.358836e-07 0.000000e+00 3.833043e-12 8.358874e-07 clkload98
 8.352068e-07 0.000000e+00 3.833043e-12 8.352106e-07 clkload402
 8.347454e-07 0.000000e+00 3.833043e-12 8.347492e-07 clkload128
 8.345962e-07 0.000000e+00 3.833043e-12 8.346000e-07 clkload264
 8.337819e-07 0.000000e+00 3.833043e-12 8.337857e-07 clkload237
 8.334487e-07 0.000000e+00 3.833043e-12 8.334525e-07 clkload195
 1.152489e-07 7.179836e-07 4.804494e-12 8.332373e-07 fanout1983
 8.317713e-07 0.000000e+00 3.833043e-12 8.317751e-07 clkload310
 1.289102e-07 7.024166e-07 4.858187e-12 8.313316e-07 fanout347
 8.311612e-07 0.000000e+00 3.833043e-12 8.311650e-07 clkload259
 8.308003e-07 0.000000e+00 3.833043e-12 8.308041e-07 clkload193
 8.307074e-07 0.000000e+00 3.833043e-12 8.307113e-07 clkload401
 1.907723e-07 6.390937e-07 4.516639e-12 8.298704e-07 fanout3611
 8.284048e-07 0.000000e+00 3.833043e-12 8.284086e-07 clkload419
 8.281322e-07 0.000000e+00 3.833043e-12 8.281360e-07 clkload421
 8.274831e-07 0.000000e+00 3.833043e-12 8.274869e-07 clkload358
 2.048793e-07 6.218552e-07 4.498760e-12 8.267390e-07 fanout3622
 8.263410e-07 0.000000e+00 3.833043e-12 8.263448e-07 clkload418
 8.257935e-07 0.000000e+00 3.833043e-12 8.257973e-07 clkload89
 8.256924e-07 0.000000e+00 3.833043e-12 8.256962e-07 clkload86
 8.256731e-07 0.000000e+00 3.833043e-12 8.256769e-07 clkload90
 1.914665e-07 6.330513e-07 4.542163e-12 8.245224e-07 fanout3648
 9.792599e-08 7.251864e-07 4.545572e-12 8.231169e-07 fanout3062
 9.968070e-08 7.233667e-07 4.445968e-12 8.230518e-07 fanout622
 8.217330e-07 0.000000e+00 3.833043e-12 8.217368e-07 clkload352
 8.207778e-07 0.000000e+00 3.833043e-12 8.207816e-07 clkload347
 1.023276e-07 7.129138e-07 4.350064e-12 8.152458e-07 fanout1338
 1.493387e-07 6.655904e-07 4.343775e-12 8.149334e-07 fanout343
 6.975939e-08 7.376287e-07 1.053294e-11 8.073986e-07 fanout821
 1.358346e-07 6.715408e-07 4.413454e-12 8.073798e-07 fanout1936
 1.727905e-07 6.300328e-07 4.505049e-12 8.028278e-07 fanout1185
 1.582595e-07 6.435954e-07 4.499642e-12 8.018594e-07 fanout2079
 1.005130e-07 7.000867e-07 4.433636e-12 8.006041e-07 fanout908
 1.739000e-07 6.248990e-07 4.731543e-12 7.988037e-07 fanout3256
 1.558886e-07 6.422333e-07 4.702073e-12 7.981266e-07 fanout3170
 1.802514e-07 6.169238e-07 4.512940e-12 7.971797e-07 fanout3539
 1.558924e-07 6.388917e-07 4.702073e-12 7.947888e-07 fanout3186
 1.561330e-07 6.370494e-07 4.702073e-12 7.931871e-07 fanout3150
 9.795898e-08 6.917604e-07 4.544382e-12 7.897239e-07 fanout3070
 1.566629e-07 6.330497e-07 4.702073e-12 7.897173e-07 fanout3115
 1.758061e-07 6.098655e-07 4.731543e-12 7.856763e-07 fanout3285
 1.864796e-07 5.956430e-07 4.483970e-12 7.821271e-07 fanout1194
 1.451976e-07 6.326215e-07 4.343621e-12 7.778234e-07 fanout342
 1.689513e-07 6.048576e-07 4.380489e-12 7.738133e-07 fanout455
 1.995194e-07 5.737750e-07 4.510221e-12 7.732990e-07 fanout1209
 1.110269e-07 6.579403e-07 4.806073e-12 7.689720e-07 fanout1162
 1.020904e-07 6.659648e-07 4.852873e-12 7.680600e-07 fanout1484
 1.064530e-07 6.601778e-07 4.802319e-12 7.666355e-07 fanout3521
 1.860128e-07 5.780452e-07 4.611582e-12 7.640626e-07 fanout2283
 1.027891e-07 6.608782e-07 4.852873e-12 7.636722e-07 fanout1565
 1.758434e-07 5.877981e-07 4.487910e-12 7.636460e-07 fanout3666
 1.574277e-07 6.052666e-07 4.703936e-12 7.626991e-07 fanout3193
 1.047080e-07 6.544373e-07 4.027748e-12 7.591494e-07 fanout3589
 1.025568e-07 6.547867e-07 4.820937e-12 7.573483e-07 fanout1665
 1.023302e-07 6.524614e-07 4.350064e-12 7.547960e-07 fanout1316
 1.818622e-07 5.719216e-07 4.469223e-12 7.537883e-07 fanout3686
 9.744580e-08 6.561112e-07 4.388299e-12 7.535614e-07 fanout3262
 1.559084e-07 5.953684e-07 4.499636e-12 7.512813e-07 fanout2131
 1.020356e-07 6.488887e-07 4.350064e-12 7.509287e-07 fanout1275
 1.064848e-07 6.419234e-07 4.819704e-12 7.484130e-07 fanout3517
 1.036095e-07 6.424632e-07 4.746955e-12 7.460775e-07 fanout2036
 1.573269e-07 5.884442e-07 4.703936e-12 7.457759e-07 fanout3139
 9.817585e-08 6.434654e-07 4.657315e-12 7.416459e-07 fanout2203
 9.412587e-08 6.445771e-07 4.522938e-12 7.387076e-07 fanout1079
 1.027872e-07 6.346048e-07 4.852873e-12 7.373968e-07 fanout1479
 1.028257e-07 6.335647e-07 4.351303e-12 7.363948e-07 fanout1317
 1.047634e-07 6.289384e-07 4.484271e-12 7.337064e-07 fanout1122
 1.128456e-07 6.172396e-07 4.078184e-12 7.300893e-07 fanout3584
 9.260347e-08 6.371841e-07 4.730495e-12 7.297924e-07 fanout1731
 9.398001e-08 6.335413e-07 4.521457e-12 7.275259e-07 fanout1054
 1.569531e-07 5.683210e-07 4.702073e-12 7.252788e-07 fanout3205
 1.158248e-07 6.058058e-07 4.345827e-12 7.216349e-07 fanout3581
 1.030013e-07 6.176168e-07 4.351303e-12 7.206224e-07 fanout1308
 9.299720e-08 6.223153e-07 4.729687e-12 7.153172e-07 fanout1709
 9.311430e-08 6.204899e-07 4.445352e-12 7.136086e-07 fanout884
 1.153828e-07 5.966426e-07 4.855135e-12 7.120302e-07 fanout388
 1.570366e-07 5.543695e-07 4.497774e-12 7.114106e-07 fanout2115
 1.561691e-07 5.545920e-07 4.702073e-12 7.107658e-07 fanout3169
 1.043756e-07 6.054626e-07 4.350070e-12 7.098425e-07 fanout1306
 1.024150e-07 6.032404e-07 4.852873e-12 7.056603e-07 fanout1483
 1.556511e-07 5.482900e-07 4.434847e-12 7.039455e-07 fanout1195
 1.025692e-07 6.005434e-07 4.350064e-12 7.031171e-07 fanout1358
 1.031346e-07 5.989712e-07 4.380772e-12 7.021102e-07 fanout1630
 9.268080e-08 6.089231e-07 4.820888e-12 7.016088e-07 fanout1963
 1.036104e-07 5.964200e-07 4.382011e-12 7.000348e-07 fanout184
 8.695898e-08 6.122947e-07 4.335430e-12 6.992581e-07 fanout3126
 1.026209e-07 5.957476e-07 4.350070e-12 6.983728e-07 fanout1241
 1.567803e-07 5.400334e-07 4.702073e-12 6.968185e-07 fanout3118
 1.026394e-07 5.936373e-07 4.350070e-12 6.962811e-07 fanout1277
 1.054197e-07 5.901485e-07 4.380766e-12 6.955726e-07 fanout1646
 1.033041e-07 5.922036e-07 4.852873e-12 6.955125e-07 fanout1371
 1.025579e-07 5.918075e-07 4.350070e-12 6.943698e-07 fanout1273
 8.700319e-08 6.070293e-07 3.972246e-12 6.940364e-07 fanout2082
 9.865447e-08 5.944167e-07 4.544388e-12 6.930757e-07 fanout3075
 9.349331e-08 5.986930e-07 4.473261e-12 6.921908e-07 fanout1697
 8.743155e-08 6.038970e-07 4.335430e-12 6.913329e-07 fanout3223
 1.026111e-07 5.876913e-07 4.350070e-12 6.903068e-07 fanout1281
 1.026553e-07 5.875550e-07 4.350070e-12 6.902146e-07 fanout1246
 9.840899e-08 5.905485e-07 4.544388e-12 6.889620e-07 fanout3061
 9.868804e-08 5.901049e-07 4.544388e-12 6.887975e-07 fanout3067
 1.026475e-07 5.858559e-07 4.852873e-12 6.885083e-07 fanout1534
 1.025193e-07 5.856465e-07 4.802319e-12 6.881706e-07 fanout3520
 1.123475e-07 5.757329e-07 3.995894e-12 6.880843e-07 fanout3595
 1.025243e-07 5.852291e-07 4.851640e-12 6.877582e-07 fanout1554
 1.025682e-07 5.844272e-07 4.851640e-12 6.870002e-07 fanout280
 1.032125e-07 5.827758e-07 4.851640e-12 6.859931e-07 fanout214
 9.315423e-08 5.906700e-07 4.445358e-12 6.838287e-07 fanout891
 1.025546e-07 5.807568e-07 4.350064e-12 6.833158e-07 fanout1299
 1.022924e-07 5.809501e-07 4.350064e-12 6.832469e-07 fanout1284
 1.009422e-07 5.807046e-07 4.433636e-12 6.816513e-07 fanout911
 9.291049e-08 5.886787e-07 4.729687e-12 6.815940e-07 fanout1721
 1.025449e-07 5.786447e-07 4.350064e-12 6.811940e-07 fanout1296
 1.020988e-07 5.786447e-07 4.852873e-12 6.807483e-07 fanout1384
 9.281578e-08 5.855983e-07 4.730495e-12 6.784189e-07 fanout1733
 9.109968e-08 5.862972e-07 4.140521e-12 6.774010e-07 fanout3089
 1.026353e-07 5.745025e-07 4.351303e-12 6.771422e-07 fanout1315
 9.743189e-08 5.793445e-07 7.474829e-12 6.767839e-07 fanout1674
 1.045635e-07 5.718140e-07 4.852873e-12 6.763823e-07 fanout206
 1.031282e-07 5.730707e-07 4.350070e-12 6.762033e-07 fanout1336
 7.497304e-08 6.009616e-07 4.551453e-12 6.759392e-07 wire511
 1.027429e-07 5.712978e-07 4.852873e-12 6.740456e-07 fanout1506
 1.027802e-07 5.712488e-07 4.852873e-12 6.740339e-07 fanout1500
 1.032849e-07 5.694006e-07 4.380772e-12 6.726900e-07 fanout1631
 1.026531e-07 5.693620e-07 4.351303e-12 6.720195e-07 fanout1314
 1.554574e-07 5.163024e-07 4.702073e-12 6.717646e-07 fanout3113
 1.026904e-07 5.671101e-07 4.852873e-12 6.698054e-07 fanout1586
 9.295938e-08 5.749487e-07 4.730692e-12 6.679128e-07 fanout1738
 1.024115e-07 5.644297e-07 4.351303e-12 6.668456e-07 fanout1344
 1.029599e-07 5.628053e-07 4.351303e-12 6.657696e-07 fanout1356
 1.027052e-07 5.618425e-07 4.819704e-12 6.645525e-07 fanout3516
 1.027020e-07 5.618174e-07 4.350064e-12 6.645238e-07 fanout1318
 1.027351e-07 5.597321e-07 4.852873e-12 6.624721e-07 fanout1386
 8.755569e-08 5.746751e-07 4.335430e-12 6.622352e-07 fanout3127
 1.049783e-07 5.557690e-07 4.852873e-12 6.607522e-07 fanout258
 8.728624e-08 5.728818e-07 4.335430e-12 6.601724e-07 fanout3213
 1.032575e-07 5.567984e-07 4.852873e-12 6.600607e-07 fanout1570
 9.274783e-08 5.669292e-07 4.730495e-12 6.596817e-07 fanout1726
 1.025092e-07 5.571030e-07 4.350064e-12 6.596165e-07 fanout1337
 1.110085e-07 5.485946e-07 3.975985e-12 6.596071e-07 fanout3665
 1.027441e-07 5.565436e-07 4.350070e-12 6.592921e-07 fanout1260
 1.024451e-07 5.554967e-07 4.351303e-12 6.579462e-07 fanout1342
 9.352163e-08 5.641832e-07 4.730692e-12 6.577096e-07 fanout1741
 1.026816e-07 5.547207e-07 4.350064e-12 6.574066e-07 fanout1302
 1.027860e-07 5.546149e-07 4.852873e-12 6.574057e-07 fanout1603
 1.027869e-07 5.526902e-07 4.852873e-12 6.554820e-07 fanout1434
 1.032803e-07 5.508856e-07 4.852873e-12 6.541707e-07 fanout1566
 1.026960e-07 5.507273e-07 4.819704e-12 6.534281e-07 fanout1658
 1.039208e-07 5.491419e-07 4.852873e-12 6.530674e-07 fanout1581
 9.850988e-08 5.543828e-07 4.544382e-12 6.528972e-07 fanout3073
 1.041596e-07 5.483428e-07 4.851640e-12 6.525072e-07 fanout230
 1.027027e-07 5.491574e-07 4.852873e-12 6.518650e-07 fanout1493
 8.724481e-08 5.643265e-07 3.972246e-12 6.515753e-07 fanout2097
 1.026762e-07 5.488123e-07 4.851640e-12 6.514933e-07 fanout1429
 1.031037e-07 5.481916e-07 4.852873e-12 6.513001e-07 fanout1382
 9.492759e-08 5.563611e-07 4.340495e-12 6.512930e-07 fanout420
 8.729602e-08 5.621374e-07 4.335430e-12 6.494377e-07 fanout3177
 1.556924e-07 4.933551e-07 4.702073e-12 6.490521e-07 fanout3209
 9.303955e-08 5.557456e-07 4.730692e-12 6.487899e-07 fanout1718
 1.027468e-07 5.456513e-07 4.382005e-12 6.484025e-07 fanout1628
 1.030891e-07 5.452421e-07 4.851640e-12 6.483360e-07 fanout1529
 1.034726e-07 5.442226e-07 4.350070e-12 6.476997e-07 fanout1255
 1.034060e-07 5.433275e-07 4.350070e-12 6.467379e-07 fanout1253
 9.279804e-08 5.536493e-07 4.730495e-12 6.464521e-07 fanout1725
 1.039296e-07 5.424841e-07 4.852873e-12 6.464185e-07 fanout1576
 1.028116e-07 5.435243e-07 4.351303e-12 6.463403e-07 fanout1293
 1.025002e-07 5.419536e-07 4.350064e-12 6.444581e-07 fanout1262
 1.031662e-07 5.401345e-07 4.351303e-12 6.433050e-07 fanout1295
 6.430390e-07 0.000000e+00 1.402463e-13 6.430391e-07 clkload146
 6.424324e-07 0.000000e+00 1.402463e-13 6.424325e-07 clkload371
 1.028147e-07 5.391393e-07 4.350070e-12 6.419584e-07 fanout1257
 9.460247e-08 5.472278e-07 4.550590e-12 6.418348e-07 fanout446
 6.406796e-07 0.000000e+00 1.402463e-13 6.406797e-07 clkload120
 1.005797e-07 5.400591e-07 4.433669e-12 6.406432e-07 fanout913
 1.089754e-07 5.314785e-07 4.349808e-12 6.404583e-07 fanout3643
 6.404208e-07 0.000000e+00 1.402463e-13 6.404209e-07 clkload71
 6.400456e-07 0.000000e+00 1.402463e-13 6.400457e-07 clkload70
 1.038951e-07 5.357144e-07 4.851640e-12 6.396143e-07 fanout318
 6.389172e-07 0.000000e+00 1.402463e-13 6.389174e-07 clkload155
 1.035214e-07 5.349966e-07 4.851640e-12 6.385228e-07 fanout1397
 8.732739e-08 5.510140e-07 3.972246e-12 6.383454e-07 fanout2151
 8.733314e-08 5.501295e-07 4.335430e-12 6.374669e-07 fanout3195
 1.025291e-07 5.336915e-07 4.350070e-12 6.362249e-07 fanout1331
 6.361789e-07 0.000000e+00 1.402463e-13 6.361790e-07 clkload329
 1.025619e-07 5.335440e-07 4.350064e-12 6.361103e-07 fanout1250
 1.034499e-07 5.325994e-07 4.851640e-12 6.360542e-07 fanout1573
 1.041376e-07 5.310503e-07 4.850407e-12 6.351927e-07 fanout222
 6.347672e-07 0.000000e+00 1.402463e-13 6.347673e-07 clkload122
 6.343258e-07 0.000000e+00 1.402463e-13 6.343259e-07 clkload293
 6.340168e-07 0.000000e+00 1.402463e-13 6.340169e-07 clkload74
 1.028107e-07 5.310788e-07 4.851640e-12 6.338943e-07 fanout1544
 6.338026e-07 0.000000e+00 1.402463e-13 6.338028e-07 clkload311
 6.336529e-07 0.000000e+00 1.402463e-13 6.336530e-07 clkload92
 6.334045e-07 0.000000e+00 1.402463e-13 6.334046e-07 clkload285
 1.047914e-07 5.285694e-07 4.350070e-12 6.333652e-07 fanout1304
 9.293903e-08 5.402555e-07 4.820888e-12 6.331994e-07 fanout1962
 6.331445e-07 0.000000e+00 1.402463e-13 6.331446e-07 clkload60
 6.325229e-07 0.000000e+00 1.402463e-13 6.325230e-07 clkload337
 9.543917e-08 5.369126e-07 4.844827e-12 6.323566e-07 fanout865
 1.032592e-07 5.289621e-07 4.852873e-12 6.322261e-07 fanout1451
 1.032037e-07 5.287512e-07 4.351303e-12 6.319593e-07 fanout1298
 1.038219e-07 5.273235e-07 4.820937e-12 6.311502e-07 fanout1661
 9.305509e-08 5.378614e-07 4.730495e-12 6.309212e-07 fanout1713
 1.033280e-07 5.273351e-07 4.350070e-12 6.306676e-07 fanout1335
 6.302466e-07 0.000000e+00 1.402463e-13 6.302467e-07 clkload185
 1.161694e-07 5.138959e-07 3.995650e-12 6.300693e-07 fanout3698
 1.025620e-07 5.272162e-07 4.350064e-12 6.297826e-07 fanout1254
 8.783146e-08 5.417759e-07 4.335430e-12 6.296117e-07 fanout3159
 1.032021e-07 5.249155e-07 4.852873e-12 6.281225e-07 fanout1373
 1.036793e-07 5.241751e-07 4.350070e-12 6.278588e-07 fanout1287
 1.028320e-07 5.246354e-07 4.382005e-12 6.274718e-07 fanout1632
 1.031827e-07 5.242678e-07 4.851640e-12 6.274553e-07 fanout1532
 1.033479e-07 5.233975e-07 4.351303e-12 6.267498e-07 fanout1301
 6.265199e-07 0.000000e+00 1.402463e-13 6.265200e-07 clkload331
 1.289304e-07 4.975741e-07 4.858193e-12 6.265093e-07 fanout341
 1.027507e-07 5.230882e-07 4.350076e-12 6.258433e-07 fanout249
 6.257675e-07 0.000000e+00 1.402463e-13 6.257677e-07 clkload306
 6.248729e-07 0.000000e+00 1.402463e-13 6.248731e-07 clkload343
 1.044871e-07 5.197739e-07 4.851640e-12 6.242659e-07 fanout271
 6.237263e-07 0.000000e+00 1.402463e-13 6.237264e-07 clkload184
 1.031512e-07 5.203313e-07 4.350064e-12 6.234869e-07 fanout1362
 6.234434e-07 0.000000e+00 1.402463e-13 6.234435e-07 clkload260
 6.231620e-07 0.000000e+00 1.402463e-13 6.231621e-07 clkload286
 6.227922e-07 0.000000e+00 1.402463e-13 6.227924e-07 clkload136
 6.226879e-07 0.000000e+00 1.402463e-13 6.226880e-07 clkload197
 1.029056e-07 5.197296e-07 4.351303e-12 6.226395e-07 fanout1292
 1.102318e-07 5.119048e-07 3.987045e-12 6.221405e-07 fanout3684
 1.026547e-07 5.190520e-07 4.350064e-12 6.217111e-07 fanout1330
 1.042146e-07 5.171132e-07 4.350070e-12 6.213322e-07 fanout1311
 6.205320e-07 0.000000e+00 1.402463e-13 6.205321e-07 clkload385
 1.031403e-07 5.165237e-07 4.851640e-12 6.196688e-07 fanout3527
 6.195356e-07 0.000000e+00 1.402463e-13 6.195357e-07 clkload262
 6.194260e-07 0.000000e+00 1.402463e-13 6.194261e-07 clkload390
 6.189618e-07 0.000000e+00 1.402463e-13 6.189619e-07 clkload305
 6.187042e-07 0.000000e+00 1.402463e-13 6.187043e-07 clkload308
 1.029712e-07 5.155177e-07 4.851640e-12 6.184937e-07 fanout1604
 6.183504e-07 0.000000e+00 1.402463e-13 6.183505e-07 clkload391
 6.180468e-07 0.000000e+00 1.402463e-13 6.180469e-07 clkload204
 6.180235e-07 0.000000e+00 1.402463e-13 6.180236e-07 clkload115
 6.180122e-07 0.000000e+00 1.402463e-13 6.180123e-07 clkload236
 6.177257e-07 0.000000e+00 1.402463e-13 6.177258e-07 clkload278
 6.177114e-07 0.000000e+00 1.402463e-13 6.177115e-07 clkload403
 9.315378e-08 5.242029e-07 4.731617e-12 6.173614e-07 fanout1732
 1.034607e-07 5.138076e-07 4.351303e-12 6.172727e-07 fanout1309
 6.169029e-07 0.000000e+00 1.402463e-13 6.169030e-07 clkload203
 1.136234e-07 5.029073e-07 4.345827e-12 6.165350e-07 fanout3579
 1.031773e-07 5.132215e-07 4.350070e-12 6.164032e-07 fanout1237
 1.029416e-07 5.131228e-07 4.852873e-12 6.160692e-07 fanout1398
 1.026114e-07 5.132363e-07 4.350064e-12 6.158521e-07 fanout1256
 1.034987e-07 5.121876e-07 4.851640e-12 6.156911e-07 fanout1487
 8.733846e-08 5.280857e-07 4.335430e-12 6.154285e-07 fanout3189
 6.154240e-07 0.000000e+00 1.402463e-13 6.154241e-07 clkload312
 6.135498e-07 0.000000e+00 1.402463e-13 6.135499e-07 clkload362
 1.029395e-07 5.104764e-07 4.350070e-12 6.134202e-07 fanout1264
 6.126892e-07 0.000000e+00 1.402463e-13 6.126893e-07 clkload191
 1.096142e-07 5.027828e-07 4.048542e-12 6.124010e-07 fanout3647
 1.031468e-07 5.087092e-07 4.351303e-12 6.118603e-07 fanout1349
 1.029673e-07 5.085409e-07 4.852873e-12 6.115130e-07 fanout1432
 1.035001e-07 5.078012e-07 4.851640e-12 6.113061e-07 fanout1522
 6.102828e-07 0.000000e+00 1.402463e-13 6.102829e-07 clkload194
 9.158831e-08 5.182628e-07 4.170628e-12 6.098553e-07 fanout2188
 1.035401e-07 5.057115e-07 4.852873e-12 6.092564e-07 fanout291
 1.031901e-07 5.057316e-07 4.852873e-12 6.089265e-07 fanout1466
 1.035202e-07 5.053803e-07 4.851640e-12 6.089053e-07 fanout1537
 1.029927e-07 5.058262e-07 4.350070e-12 6.088232e-07 fanout1327
 1.029471e-07 5.056147e-07 4.851640e-12 6.085667e-07 fanout1511
 6.084855e-07 0.000000e+00 1.402463e-13 6.084857e-07 clkload87
 1.034296e-07 5.026706e-07 4.351303e-12 6.061045e-07 fanout1300
 1.058937e-07 4.992834e-07 4.851640e-12 6.051819e-07 fanout286
 1.034301e-07 5.016476e-07 4.852873e-12 6.050826e-07 fanout1598
 1.036310e-07 5.009939e-07 4.852873e-12 6.046297e-07 fanout1531
 7.400764e-08 5.306136e-07 4.806591e-12 6.046261e-07 fanout1060
 1.027887e-07 5.012788e-07 4.852873e-12 6.040724e-07 fanout1462
 1.030797e-07 5.004093e-07 4.820937e-12 6.034939e-07 fanout1663
 1.029591e-07 5.004697e-07 4.852873e-12 6.034336e-07 fanout1480
 1.033778e-07 4.992753e-07 4.350070e-12 6.026575e-07 fanout1313
 9.164594e-08 5.102988e-07 4.170628e-12 6.019489e-07 fanout2186
 1.033940e-07 4.984327e-07 4.851640e-12 6.018316e-07 fanout1505
 1.038403e-07 4.979691e-07 4.351303e-12 6.018138e-07 fanout1353
 1.047178e-07 4.970027e-07 4.852873e-12 6.017254e-07 fanout301
 1.035524e-07 4.976451e-07 4.851640e-12 6.012024e-07 fanout1535
 9.737073e-08 5.028461e-07 4.854611e-12 6.002217e-07 fanout384
 1.031409e-07 4.961075e-07 4.852873e-12 5.992533e-07 fanout1558
 1.035152e-07 4.954466e-07 4.350070e-12 5.989662e-07 fanout1268
 1.035295e-07 4.951666e-07 4.852873e-12 5.987009e-07 fanout1528
 1.029857e-07 4.953924e-07 4.851640e-12 5.983829e-07 fanout1412
 1.119189e-07 4.861625e-07 4.003415e-12 5.980854e-07 fanout3651
 1.029796e-07 4.941917e-07 4.351303e-12 5.971756e-07 fanout1319
 1.037530e-07 4.914943e-07 4.852873e-12 5.952521e-07 fanout1521
 1.036100e-07 4.915658e-07 4.350070e-12 5.951802e-07 fanout1248
 8.756286e-08 5.069472e-07 4.338770e-12 5.945143e-07 fanout3156
 1.042105e-07 4.895446e-07 4.852873e-12 5.937599e-07 fanout1578
 1.032251e-07 4.903895e-07 4.350070e-12 5.936190e-07 fanout1305
 1.029261e-07 4.902923e-07 4.852873e-12 5.932232e-07 fanout1369
 1.030294e-07 4.901570e-07 4.350070e-12 5.931907e-07 fanout1347
 1.052510e-07 4.879160e-07 4.852873e-12 5.931718e-07 fanout215
 1.030418e-07 4.900073e-07 4.851640e-12 5.930540e-07 fanout1591
 1.046872e-07 4.867587e-07 4.851640e-12 5.914507e-07 fanout299
 1.030875e-07 4.883494e-07 4.852873e-12 5.914417e-07 fanout1407
 1.036307e-07 4.877501e-07 4.350070e-12 5.913852e-07 fanout1249
 1.033130e-07 4.880058e-07 4.851640e-12 5.913236e-07 fanout1365
 1.030238e-07 4.880453e-07 4.350070e-12 5.910734e-07 fanout1258
 1.062944e-07 4.846694e-07 4.852873e-12 5.909687e-07 fanout252
 1.035387e-07 4.871197e-07 4.851640e-12 5.906633e-07 fanout233
 1.031097e-07 4.874341e-07 4.855018e-12 5.905486e-07 fanout387
 1.032812e-07 4.867154e-07 4.851640e-12 5.900014e-07 fanout245
 8.796930e-08 5.019752e-07 3.972246e-12 5.899485e-07 fanout2104
 1.029663e-07 4.857592e-07 4.350064e-12 5.887299e-07 fanout1354
 1.112308e-07 4.767488e-07 3.996336e-12 5.879836e-07 fanout3572
 1.030007e-07 4.849142e-07 4.350070e-12 5.879192e-07 fanout1324
 1.030589e-07 4.845971e-07 4.851640e-12 5.876608e-07 fanout1596
 1.034890e-07 4.840791e-07 4.852873e-12 5.875729e-07 fanout1438
 1.034956e-07 4.827288e-07 4.851640e-12 5.862292e-07 fanout247
 8.747377e-08 4.985787e-07 3.972246e-12 5.860564e-07 fanout2148
 1.033871e-07 4.821721e-07 4.851640e-12 5.855641e-07 fanout209
 1.033946e-07 4.818514e-07 4.852873e-12 5.852509e-07 fanout1390
 1.029580e-07 4.820583e-07 4.852873e-12 5.850210e-07 fanout1367
 1.047441e-07 4.801079e-07 4.852873e-12 5.848569e-07 fanout254
 1.032377e-07 4.808941e-07 4.851640e-12 5.841366e-07 fanout1406
 1.036848e-07 4.803338e-07 4.852873e-12 5.840235e-07 fanout1542
 1.043543e-07 4.790051e-07 4.851640e-12 5.833642e-07 fanout227
 1.034728e-07 4.794097e-07 4.852873e-12 5.828874e-07 fanout1452
 1.030797e-07 4.762635e-07 4.350070e-12 5.793476e-07 fanout1265
 1.030514e-07 4.762892e-07 4.351303e-12 5.793450e-07 fanout1321
 1.030474e-07 4.730496e-07 4.851640e-12 5.761019e-07 fanout1547
 1.037904e-07 4.705429e-07 4.350070e-12 5.743377e-07 fanout1291
 1.136692e-07 4.604658e-07 4.318175e-12 5.741393e-07 fanout3533
 1.020731e-07 4.713664e-07 4.843033e-12 5.734444e-07 fanout86
 1.064056e-07 4.656296e-07 4.851640e-12 5.720401e-07 fanout251
 1.031603e-07 4.687421e-07 4.852873e-12 5.719073e-07 fanout1509
 1.037430e-07 4.678491e-07 4.350070e-12 5.715965e-07 fanout1297
 1.113261e-07 4.594719e-07 3.995894e-12 5.708019e-07 fanout3625
 1.032179e-07 4.657441e-07 4.820937e-12 5.689669e-07 fanout1662
 1.229301e-07 4.455759e-07 4.042359e-12 5.685101e-07 fanout3599
 1.035796e-07 4.646611e-07 4.851640e-12 5.682456e-07 fanout1608
 1.030518e-07 4.648056e-07 4.350064e-12 5.678618e-07 fanout1352
 1.031569e-07 4.634890e-07 4.350070e-12 5.666503e-07 fanout1339
 1.032301e-07 4.628071e-07 4.852873e-12 5.660420e-07 fanout1503
 1.045211e-07 4.612999e-07 4.851640e-12 5.658258e-07 fanout239
 1.030654e-07 4.620064e-07 4.350070e-12 5.650762e-07 fanout1270
 9.471723e-08 4.695608e-07 3.760658e-12 5.642818e-07 fanout460
 5.640284e-07 0.000000e+00 1.452127e-13 5.640285e-07 clkload16
 1.057111e-07 4.570383e-07 4.015581e-12 5.627534e-07 fanout3553
 5.626062e-07 0.000000e+00 1.452127e-13 5.626064e-07 clkload1
 1.031803e-07 4.592198e-07 4.350070e-12 5.624044e-07 fanout1240
 1.179330e-07 4.444558e-07 4.005627e-12 5.623929e-07 fanout3571
 5.620606e-07 0.000000e+00 1.452127e-13 5.620608e-07 clkload5
 1.034857e-07 4.565211e-07 4.350070e-12 5.600111e-07 fanout1234
 1.035165e-07 4.529683e-07 3.942372e-12 5.564887e-07 fanout3575
 1.097787e-07 4.446721e-07 4.015360e-12 5.544548e-07 fanout3682
 1.176619e-07 4.363127e-07 4.603769e-12 5.539792e-07 fanout193
 7.414894e-08 4.796979e-07 4.806591e-12 5.538516e-07 fanout1048
 5.537511e-07 0.000000e+00 1.452127e-13 5.537512e-07 clkload38
 5.530897e-07 0.000000e+00 1.452127e-13 5.530899e-07 clkload41
 5.500845e-07 0.000000e+00 1.452127e-13 5.500846e-07 clkload40
 5.474324e-07 0.000000e+00 1.452127e-13 5.474326e-07 clkload26
 1.032139e-07 4.439538e-07 4.851640e-12 5.471725e-07 fanout1539
 1.048227e-07 4.423397e-07 4.851640e-12 5.471672e-07 fanout235
 1.057003e-07 4.407325e-07 3.929542e-12 5.464367e-07 fanout3543
 1.137420e-07 4.322198e-07 4.011389e-12 5.459659e-07 fanout3604
 1.163160e-07 4.295377e-07 3.971118e-12 5.458577e-07 fanout3694
 1.094122e-07 4.359276e-07 4.002220e-12 5.453438e-07 fanout3560
 1.039822e-07 4.407713e-07 4.350070e-12 5.447579e-07 fanout1242
 8.776771e-08 4.568797e-07 4.338770e-12 5.446518e-07 fanout3130
 1.039904e-07 4.392734e-07 4.350070e-12 5.432681e-07 fanout1243
 1.035230e-07 4.394054e-07 3.946298e-12 5.429322e-07 fanout3577
 1.159631e-07 4.267976e-07 3.970676e-12 5.427647e-07 fanout3623
 1.072804e-07 4.352480e-07 4.608487e-12 5.425330e-07 fanout2644
 8.753139e-08 4.539039e-07 3.972246e-12 5.414392e-07 fanout2101
 1.093634e-07 4.311968e-07 3.974779e-12 5.405642e-07 fanout3660
 1.071314e-07 4.328744e-07 3.981736e-12 5.400098e-07 fanout3608
 1.157933e-07 4.241783e-07 4.020459e-12 5.399756e-07 fanout3658
 1.033840e-07 4.365686e-07 4.004211e-12 5.399565e-07 fanout3707
 9.815248e-08 4.415967e-07 4.854611e-12 5.397540e-07 fanout385
 7.653907e-08 4.609244e-07 4.490764e-12 5.374679e-07 fanout1941
 1.241187e-07 4.119032e-07 3.998769e-12 5.360259e-07 fanout3691
 1.031562e-07 4.323816e-07 4.350070e-12 5.355421e-07 fanout1271
 1.032448e-07 4.317132e-07 4.350070e-12 5.349625e-07 fanout1285
 1.090590e-07 4.251050e-07 4.331669e-12 5.341683e-07 fanout3656
 1.030687e-07 4.305364e-07 4.851640e-12 5.336099e-07 fanout1577
 9.510690e-08 4.360633e-07 3.981958e-12 5.311742e-07 fanout3598
 7.554257e-08 4.550591e-07 3.776176e-12 5.306054e-07 max_cap551
 1.036108e-07 4.258139e-07 4.350070e-12 5.294290e-07 fanout1245
 1.125081e-07 4.154951e-07 4.345827e-12 5.280075e-07 fanout3580
 7.537089e-08 4.521278e-07 4.833902e-12 5.275036e-07 fanout1671
 9.544785e-08 4.310197e-07 4.340495e-12 5.264719e-07 fanout419
 1.083010e-07 4.167974e-07 4.343683e-12 5.251027e-07 fanout344
 1.029305e-07 4.215259e-07 3.944131e-12 5.244604e-07 fanout3635
 1.107491e-07 4.119308e-07 4.331686e-12 5.226843e-07 fanout381
 1.142949e-07 4.076557e-07 4.036154e-12 5.219547e-07 fanout3620
 9.530397e-08 4.246465e-07 3.981958e-12 5.199544e-07 fanout3596
 1.093407e-07 4.046212e-07 4.331669e-12 5.139663e-07 fanout3655
 9.485063e-08 4.179997e-07 4.015360e-12 5.128543e-07 fanout3703
 1.098051e-07 4.016992e-07 3.998106e-12 5.115082e-07 fanout3562
 1.049822e-07 4.064055e-07 4.287206e-12 5.113920e-07 fanout3680
 1.051316e-07 4.055401e-07 4.851640e-12 5.106766e-07 fanout1415
 9.830507e-08 4.104674e-07 4.388299e-12 5.087768e-07 fanout3297
 9.655962e-08 4.098037e-07 3.933291e-12 5.063673e-07 fanout3602
 1.057895e-07 3.976713e-07 4.370580e-12 5.034652e-07 fanout3675
 1.028159e-07 3.980944e-07 3.913825e-12 5.009142e-07 fanout3687
 1.013642e-07 3.990008e-07 4.287206e-12 5.003694e-07 fanout3678
 8.765980e-08 4.120087e-07 4.335430e-12 4.996729e-07 fanout3200
 1.202671e-07 3.790645e-07 4.400124e-12 4.993361e-07 fanout1173
 1.101772e-07 3.889997e-07 4.048553e-12 4.991810e-07 fanout1198
 6.023711e-08 4.362807e-07 4.333794e-12 4.965221e-07 max_cap157
 1.034489e-07 3.915210e-07 4.852873e-12 4.949747e-07 fanout1418
 1.052131e-07 3.897479e-07 4.852873e-12 4.949658e-07 fanout255
 9.118787e-08 4.018084e-07 3.906757e-12 4.930002e-07 fanout3556
 1.146924e-07 3.781981e-07 4.318175e-12 4.928949e-07 fanout3532
 1.069891e-07 3.849829e-07 3.981736e-12 4.919760e-07 fanout3609
 7.918050e-08 4.113778e-07 4.341772e-12 4.905626e-07 fanout413
 1.146284e-07 3.742064e-07 3.946796e-12 4.888388e-07 fanout3633
 1.176358e-07 3.697069e-07 3.995673e-12 4.873467e-07 fanout1214
 1.103871e-07 3.766633e-07 3.987045e-12 4.870543e-07 fanout3685
 8.256666e-08 4.013559e-07 4.397042e-12 4.839270e-07 fanout1042
 1.092847e-07 3.721015e-07 4.002220e-12 4.813901e-07 fanout3561
 1.083071e-07 3.728800e-07 4.343683e-12 4.811914e-07 fanout346
 1.156951e-07 3.647601e-07 3.970676e-12 4.804592e-07 fanout3624
 1.043971e-07 3.726282e-07 4.852873e-12 4.770301e-07 fanout1527
 9.893797e-08 3.773200e-07 4.392038e-12 4.762624e-07 fanout3270
 1.089083e-07 3.667026e-07 3.970676e-12 4.756148e-07 fanout3661
 1.108738e-07 3.630276e-07 4.276809e-12 4.739057e-07 fanout3565
 7.849319e-08 3.940088e-07 4.859863e-12 4.725069e-07 fanout416
 8.755128e-08 3.830856e-07 4.335430e-12 4.706413e-07 fanout3173
 8.400003e-08 3.865360e-07 4.330631e-12 4.705403e-07 fanout179
 8.297378e-08 3.852286e-07 4.397788e-12 4.682068e-07 fanout1038
 1.034487e-07 3.633819e-07 4.350070e-12 4.668350e-07 fanout1332
 1.040608e-07 3.624061e-07 4.852873e-12 4.664718e-07 fanout1396
 1.089093e-07 3.555354e-07 3.929531e-12 4.644486e-07 fanout3545
 1.041632e-07 3.555587e-07 4.350070e-12 4.597262e-07 fanout1326
 1.032295e-07 3.564168e-07 4.851640e-12 4.596512e-07 fanout1428
 8.845661e-08 3.709845e-07 3.972257e-12 4.594451e-07 fanout2138
 1.012224e-07 3.578103e-07 4.583716e-12 4.590373e-07 fanout2295
 1.040772e-07 3.539453e-07 4.350070e-12 4.580269e-07 fanout1236
 8.557495e-08 3.698595e-07 3.852771e-12 4.554383e-07 fanout3640
 5.778854e-08 3.970957e-07 3.703907e-12 4.548879e-07 fanout1346
 5.765893e-08 3.960480e-07 3.703907e-12 4.537106e-07 fanout1334
 8.785528e-08 3.649871e-07 3.972257e-12 4.528463e-07 fanout2127
 6.524206e-08 3.870569e-07 4.356599e-12 4.523033e-07 fanout464
 8.815400e-08 3.637299e-07 4.335430e-12 4.518882e-07 fanout3116
 1.040691e-07 3.471885e-07 4.350064e-12 4.512619e-07 fanout1360
 1.013689e-07 3.484619e-07 3.913825e-12 4.498347e-07 fanout3688
 1.126917e-07 3.352889e-07 4.276842e-12 4.479848e-07 fanout1176
 9.420690e-08 3.530766e-07 4.867570e-12 4.472884e-07 fanout349
 1.081118e-07 3.383159e-07 3.998106e-12 4.464317e-07 fanout3563
 4.459199e-07 0.000000e+00 3.807352e-12 4.459237e-07 clkload161
 4.456264e-07 0.000000e+00 3.807352e-12 4.456302e-07 clkload159
 8.785425e-08 3.571940e-07 3.972257e-12 4.450523e-07 fanout2129
 4.447530e-07 0.000000e+00 3.490617e-12 4.447565e-07 clkload205
 1.125042e-07 3.316368e-07 3.991237e-12 4.441450e-07 fanout1210
 4.438549e-07 0.000000e+00 3.807352e-12 4.438587e-07 clkload174
 4.437256e-07 0.000000e+00 3.807352e-12 4.437294e-07 clkload281
 8.788134e-08 3.554652e-07 4.335430e-12 4.433509e-07 fanout3151
 4.432808e-07 0.000000e+00 3.807352e-12 4.432846e-07 clkload176
 4.431927e-07 0.000000e+00 3.490617e-12 4.431962e-07 clkload67
 4.431264e-07 0.000000e+00 3.490617e-12 4.431299e-07 clkload208
 4.429158e-07 0.000000e+00 3.490617e-12 4.429193e-07 clkload231
 4.426364e-07 0.000000e+00 3.807352e-12 4.426402e-07 clkload157
 1.110288e-07 3.307804e-07 3.996336e-12 4.418131e-07 fanout3573
 1.079663e-07 3.335519e-07 4.366620e-12 4.415226e-07 fanout3677
 8.761349e-08 3.533550e-07 3.972246e-12 4.409725e-07 fanout2119
 4.404044e-07 0.000000e+00 3.490617e-12 4.404079e-07 clkload79
 1.039438e-07 3.353553e-07 4.852873e-12 4.393040e-07 fanout1465
 4.386679e-07 0.000000e+00 3.490617e-12 4.386714e-07 clkload273
 4.385738e-07 0.000000e+00 3.490617e-12 4.385773e-07 clkload396
 8.837036e-08 3.499756e-07 4.335430e-12 4.383503e-07 fanout3163
 9.574481e-08 3.422757e-07 4.352295e-12 4.380248e-07 fanout123
 4.378433e-07 0.000000e+00 3.490617e-12 4.378468e-07 clkload314
 4.378378e-07 0.000000e+00 3.490617e-12 4.378413e-07 clkload180
 8.195985e-08 3.556045e-07 4.616255e-12 4.375690e-07 fanout2309
 4.369549e-07 0.000000e+00 3.490617e-12 4.369584e-07 clkload319
 1.044546e-07 3.315356e-07 4.020448e-12 4.359942e-07 fanout3548
 4.357229e-07 0.000000e+00 3.490617e-12 4.357263e-07 clkload179
 4.352120e-07 0.000000e+00 3.490617e-12 4.352155e-07 clkload58
 1.031114e-07 3.317751e-07 4.382005e-12 4.348908e-07 fanout1639
 4.346213e-07 0.000000e+00 3.490617e-12 4.346248e-07 clkload73
 4.345819e-07 0.000000e+00 3.807352e-12 4.345857e-07 clkload141
 4.343474e-07 0.000000e+00 3.490617e-12 4.343509e-07 clkload178
 4.334490e-07 0.000000e+00 3.490617e-12 4.334525e-07 clkload226
 4.333871e-07 0.000000e+00 3.490617e-12 4.333906e-07 clkload303
 4.322570e-07 0.000000e+00 3.490617e-12 4.322605e-07 clkload93
 4.317171e-07 0.000000e+00 3.490617e-12 4.317206e-07 clkload124
 8.757971e-08 3.439980e-07 3.972246e-12 4.315817e-07 fanout2084
 4.313665e-07 0.000000e+00 3.490617e-12 4.313700e-07 clkload299
 4.311221e-07 0.000000e+00 3.490617e-12 4.311256e-07 clkload369
 4.310733e-07 0.000000e+00 3.490617e-12 4.310768e-07 clkload61
 4.309317e-07 0.000000e+00 3.490617e-12 4.309352e-07 clkload316
 4.308157e-07 0.000000e+00 3.490617e-12 4.308192e-07 clkload287
 4.307386e-07 0.000000e+00 3.490617e-12 4.307421e-07 clkload335
 4.306830e-07 0.000000e+00 3.490617e-12 4.306865e-07 clkload170
 4.302944e-07 0.000000e+00 3.490617e-12 4.302979e-07 clkload341
 4.302245e-07 0.000000e+00 3.490617e-12 4.302280e-07 clkload94
 4.301814e-07 0.000000e+00 3.490617e-12 4.301849e-07 clkload380
 9.880652e-08 3.312752e-07 3.951209e-12 4.300856e-07 fanout3667
 4.299758e-07 0.000000e+00 3.490617e-12 4.299793e-07 clkload338
 4.299486e-07 0.000000e+00 3.490617e-12 4.299521e-07 clkload110
 4.298962e-07 0.000000e+00 3.490617e-12 4.298997e-07 clkload383
 4.297681e-07 0.000000e+00 3.490617e-12 4.297715e-07 clkload213
 4.297209e-07 0.000000e+00 3.490617e-12 4.297244e-07 clkload123
 4.297185e-07 0.000000e+00 3.490617e-12 4.297220e-07 clkload148
 8.756891e-08 3.421018e-07 4.335430e-12 4.296751e-07 fanout3111
 4.296493e-07 0.000000e+00 3.490617e-12 4.296528e-07 clkload100
 4.296460e-07 0.000000e+00 3.490617e-12 4.296495e-07 clkload65
 4.294882e-07 0.000000e+00 3.490617e-12 4.294916e-07 clkload181
 4.294878e-07 0.000000e+00 3.490617e-12 4.294913e-07 clkload247
 4.294855e-07 0.000000e+00 3.490617e-12 4.294890e-07 clkload393
 4.293950e-07 0.000000e+00 3.490617e-12 4.293985e-07 clkload372
 4.292075e-07 0.000000e+00 3.490617e-12 4.292110e-07 clkload379
 4.291591e-07 0.000000e+00 3.490617e-12 4.291626e-07 clkload127
 4.290521e-07 0.000000e+00 3.490617e-12 4.290556e-07 clkload154
 4.289629e-07 0.000000e+00 3.490617e-12 4.289664e-07 clkload307
 4.289339e-07 0.000000e+00 3.490617e-12 4.289374e-07 clkload210
 4.288364e-07 0.000000e+00 3.490617e-12 4.288399e-07 clkload113
 4.287889e-07 0.000000e+00 3.490617e-12 4.287924e-07 clkload211
 4.284393e-07 0.000000e+00 3.490617e-12 4.284428e-07 clkload250
 4.284217e-07 0.000000e+00 3.490617e-12 4.284252e-07 clkload215
 4.283151e-07 0.000000e+00 3.490617e-12 4.283186e-07 clkload263
 4.282514e-07 0.000000e+00 3.490617e-12 4.282549e-07 clkload117
 4.281926e-07 0.000000e+00 3.490617e-12 4.281961e-07 clkload201
 4.280312e-07 0.000000e+00 3.490617e-12 4.280347e-07 clkload192
 4.279205e-07 0.000000e+00 3.490617e-12 4.279240e-07 clkload190
 4.278835e-07 0.000000e+00 3.490617e-12 4.278870e-07 clkload97
 4.278611e-07 0.000000e+00 3.490617e-12 4.278646e-07 clkload112
 4.274601e-07 0.000000e+00 3.490617e-12 4.274636e-07 clkload336
 4.272316e-07 0.000000e+00 3.490617e-12 4.272351e-07 clkload404
 4.268758e-07 0.000000e+00 3.490617e-12 4.268793e-07 clkload409
 4.268004e-07 0.000000e+00 3.490617e-12 4.268039e-07 clkload365
 4.267321e-07 0.000000e+00 3.490617e-12 4.267356e-07 clkload135
 4.256241e-07 0.000000e+00 3.490617e-12 4.256276e-07 clkload424
 4.217942e-07 0.000000e+00 3.807352e-12 4.217980e-07 clkload6
 9.491959e-08 3.264487e-07 4.550977e-12 4.213728e-07 fanout453
 4.204303e-07 0.000000e+00 3.807352e-12 4.204341e-07 clkload3
 8.548231e-08 3.343976e-07 3.856000e-12 4.198837e-07 fanout3638
 5.789653e-08 3.615249e-07 4.605970e-12 4.194260e-07 fanout1498
 5.804951e-08 3.604353e-07 4.605970e-12 4.184894e-07 fanout1431
 5.797815e-08 3.598007e-07 4.603758e-12 4.177835e-07 fanout1370
 8.765154e-08 3.286422e-07 3.972246e-12 4.162977e-07 fanout2132
 8.448536e-08 3.274503e-07 4.638450e-12 4.119403e-07 fanout2349
 5.784455e-08 3.540447e-07 3.703918e-12 4.118930e-07 fanout1325
 8.753779e-08 3.239530e-07 4.335430e-12 4.114951e-07 fanout3222
 5.801000e-08 3.531309e-07 4.603758e-12 4.111455e-07 fanout246
 6.276500e-08 3.476741e-07 4.331273e-12 4.104434e-07 fanout150
 5.382956e-08 3.556451e-07 4.386773e-12 4.094790e-07 fanout1728
 5.811969e-08 3.502424e-07 4.605970e-12 4.083667e-07 fanout1575
 5.795708e-08 3.496473e-07 3.703907e-12 4.076081e-07 fanout1294
 5.808971e-08 3.486862e-07 4.605970e-12 4.067805e-07 fanout1597
 8.810383e-08 3.179696e-07 4.335430e-12 4.060777e-07 fanout3120
 5.788312e-08 3.479934e-07 4.603758e-12 4.058811e-07 fanout1419
 5.797708e-08 3.454921e-07 4.603758e-12 4.034737e-07 fanout1410
 5.791596e-08 3.453284e-07 3.706130e-12 4.032480e-07 fanout1320
 5.741599e-08 3.451735e-07 4.588295e-12 4.025941e-07 fanout88
 5.803669e-08 3.442734e-07 4.605970e-12 4.023146e-07 fanout1510
 8.757181e-08 3.116122e-07 3.972257e-12 3.991880e-07 fanout2086
 5.791497e-08 3.403813e-07 3.703918e-12 3.982999e-07 fanout1286
 6.495003e-08 3.299167e-07 4.356673e-12 3.948711e-07 fanout463
 8.483703e-08 3.089875e-07 4.642149e-12 3.938292e-07 fanout2454
 5.784698e-08 3.356993e-07 4.603758e-12 3.935509e-07 fanout1559
 5.807737e-08 3.339727e-07 4.605970e-12 3.920547e-07 fanout1377
 5.792956e-08 3.331712e-07 4.605970e-12 3.911054e-07 fanout1411
 8.455194e-08 3.037961e-07 4.582100e-12 3.883526e-07 fanout2630
 5.786636e-08 3.304076e-07 4.603758e-12 3.882786e-07 fanout1555
 5.798894e-08 3.301454e-07 3.703907e-12 3.881381e-07 fanout1350
 5.804853e-08 3.297382e-07 4.605970e-12 3.877914e-07 fanout1471
 5.784401e-08 3.281563e-07 4.605970e-12 3.860049e-07 fanout1472
 9.206136e-08 2.932931e-07 4.651470e-12 3.853591e-07 fanout2225
 5.816279e-08 3.258752e-07 3.703918e-12 3.840417e-07 fanout1238
 5.790802e-08 3.180033e-07 4.603758e-12 3.759159e-07 fanout1427
 8.350680e-08 2.918369e-07 4.585787e-12 3.753483e-07 fanout2639
 7.967493e-08 2.940008e-07 4.617747e-12 3.736804e-07 fanout2301
 8.452885e-08 2.888309e-07 4.595787e-12 3.733643e-07 fanout2487
 8.765389e-08 2.856634e-07 4.335430e-12 3.733217e-07 fanout3158
 5.784461e-08 3.147393e-07 3.706130e-12 3.725876e-07 fanout1343
 5.975070e-08 3.115966e-07 4.334947e-12 3.713517e-07 fanout111
 5.791213e-08 3.107876e-07 4.603758e-12 3.687044e-07 fanout1564
 5.799592e-08 3.101835e-07 4.605970e-12 3.681840e-07 fanout1453
 6.714186e-08 2.999061e-07 4.856639e-12 3.670528e-07 fanout482
 5.800864e-08 3.072499e-07 4.603758e-12 3.652632e-07 fanout1515
 5.801172e-08 3.061963e-07 4.603758e-12 3.642127e-07 fanout1440
 5.027773e-08 3.136877e-07 4.865030e-12 3.639703e-07 max_cap189
 8.335785e-08 2.802131e-07 4.606903e-12 3.635756e-07 fanout2218
 5.818761e-08 2.971643e-07 4.605970e-12 3.553565e-07 fanout1383
 5.803263e-08 2.960478e-07 4.605970e-12 3.540850e-07 fanout1538
 6.729267e-08 2.853733e-07 4.856904e-12 3.526708e-07 fanout479
 5.809994e-08 2.937889e-07 4.605970e-12 3.518934e-07 fanout1490
 5.809624e-08 2.914460e-07 4.603758e-12 3.495468e-07 fanout1546
 9.478478e-08 2.539558e-07 4.015360e-12 3.487445e-07 fanout3704
 5.804532e-08 2.887489e-07 4.603758e-12 3.467989e-07 fanout1574
 8.190163e-08 2.640175e-07 4.594184e-12 3.459237e-07 fanout2657
 5.925887e-08 2.866230e-07 4.605970e-12 3.458864e-07 fanout259
 5.822174e-08 2.855639e-07 4.605970e-12 3.437903e-07 fanout1374
 8.414034e-08 2.581402e-07 4.571262e-12 3.422851e-07 fanout2581
 5.908111e-08 2.831516e-07 4.605970e-12 3.422374e-07 fanout207
 5.249428e-08 2.874423e-07 4.386419e-12 3.399409e-07 fanout1727
 5.804236e-08 2.780834e-07 3.703918e-12 3.361295e-07 fanout1244
 7.136049e-08 2.629568e-07 4.861257e-12 3.343222e-07 fanout422
 5.066820e-08 2.817387e-07 4.857915e-12 3.324118e-07 fanout502
 5.489909e-08 2.738979e-07 4.609155e-12 3.288016e-07 fanout398
 6.681493e-08 2.592322e-07 3.793707e-12 3.260509e-07 fanout3552
 5.091142e-08 2.746289e-07 4.343824e-12 3.255447e-07 fanout544
 5.827509e-08 2.662889e-07 4.603758e-12 3.245686e-07 fanout234
 4.604228e-08 2.763457e-07 4.865172e-12 3.223929e-07 fanout374
 5.848158e-08 2.638012e-07 4.605970e-12 3.222873e-07 fanout3526
 5.810147e-08 2.624560e-07 4.605970e-12 3.205621e-07 fanout1389
 5.811374e-08 2.613109e-07 4.603758e-12 3.194292e-07 fanout1421
 5.939672e-08 2.571195e-07 4.334417e-12 3.165206e-07 fanout112
 5.816162e-08 2.557586e-07 4.605970e-12 3.139248e-07 fanout1508
 5.814161e-08 2.530760e-07 3.703918e-12 3.112213e-07 fanout1266
 5.076312e-08 2.602631e-07 4.857915e-12 3.110310e-07 fanout503
 4.794700e-08 2.617545e-07 4.868729e-12 3.097063e-07 fanout174
 6.750875e-08 2.392685e-07 4.856904e-12 3.067821e-07 fanout481
 5.817067e-08 2.475703e-07 4.603758e-12 3.057456e-07 fanout1444
 5.866139e-08 2.467395e-07 4.603758e-12 3.054055e-07 fanout1388
 5.810087e-08 2.471894e-07 3.703918e-12 3.052940e-07 fanout1272
 4.424199e-08 2.565596e-07 4.819291e-12 3.008064e-07 fanout136
 5.934501e-08 2.412261e-07 4.603758e-12 3.005757e-07 fanout274
 5.816798e-08 2.415710e-07 4.603758e-12 2.997436e-07 fanout1436
 5.847043e-08 2.399019e-07 4.603758e-12 2.983770e-07 fanout1488
 5.815089e-08 2.399789e-07 4.603758e-12 2.981344e-07 fanout1422
 5.822935e-08 2.379969e-07 4.605970e-12 2.962309e-07 fanout1557
 5.812657e-08 2.340052e-07 3.703918e-12 2.921355e-07 fanout1340
 5.840354e-08 2.325189e-07 4.548676e-12 2.909270e-07 fanout1654
 5.822645e-08 2.326640e-07 4.603758e-12 2.908950e-07 fanout1548
 5.837925e-08 2.319313e-07 4.605970e-12 2.903151e-07 fanout1602
 5.829373e-08 2.316028e-07 4.603758e-12 2.899011e-07 fanout1366
 4.452020e-08 2.453162e-07 4.863353e-12 2.898412e-07 fanout407
 5.757755e-08 2.322127e-07 4.588317e-12 2.897948e-07 fanout87
 5.884560e-08 2.281034e-07 4.605970e-12 2.869536e-07 fanout1463
 5.857044e-08 2.269925e-07 4.605970e-12 2.855676e-07 fanout1379
 5.407774e-08 2.312245e-07 4.609166e-12 2.853068e-07 fanout397
 5.816285e-08 2.266061e-07 4.605970e-12 2.847735e-07 fanout1404
 5.828831e-08 2.259868e-07 4.605970e-12 2.842797e-07 fanout1392
 6.715290e-08 2.168387e-07 4.856639e-12 2.839965e-07 fanout478
 4.335680e-08 2.395637e-07 4.863242e-12 2.829253e-07 fanout406
 5.821212e-08 2.233916e-07 3.761211e-12 2.816074e-07 fanout1629
 5.837547e-08 2.230929e-07 4.605970e-12 2.814730e-07 fanout1439
 5.816963e-08 2.225361e-07 4.603758e-12 2.807103e-07 fanout1540
 4.361367e-08 2.352746e-07 4.338473e-12 2.788926e-07 fanout408
 5.843324e-08 2.173501e-07 4.603758e-12 2.757879e-07 fanout1536
 5.972077e-08 2.127950e-07 4.603758e-12 2.725204e-07 fanout287
 5.819404e-08 2.134483e-07 4.605970e-12 2.716469e-07 fanout1584
 2.709838e-07 0.000000e+00 1.567550e-12 2.709854e-07 clkload0
 5.827028e-08 2.068526e-07 3.761211e-12 2.651267e-07 fanout1645
 5.619286e-08 2.082304e-07 6.875383e-12 2.644302e-07 fanout435
 5.882040e-08 2.047936e-07 4.601546e-12 2.636186e-07 fanout223
 2.605741e-07 0.000000e+00 1.525705e-12 2.605756e-07 clkload414
 5.396372e-08 2.057633e-07 4.607519e-12 2.597316e-07 fanout395
 5.815836e-08 2.013071e-07 4.603758e-12 2.594701e-07 fanout1442
 2.587394e-07 0.000000e+00 1.525705e-12 2.587409e-07 clkload412
 2.584854e-07 0.000000e+00 1.525705e-12 2.584869e-07 clkload416
 6.132384e-08 1.957410e-07 4.617377e-12 2.570694e-07 fanout2361
 5.805640e-08 1.984129e-07 4.603758e-12 2.564739e-07 fanout1430
 4.224401e-08 2.138659e-07 4.864833e-12 2.561148e-07 fanout474
 5.821012e-08 1.945637e-07 3.761211e-12 2.527776e-07 fanout1627
 3.684962e-08 2.144754e-07 3.715631e-12 2.513287e-07 fanout466
 5.819260e-08 1.912606e-07 4.605970e-12 2.494578e-07 fanout1589
 5.842463e-08 1.905606e-07 4.603758e-12 2.489898e-07 fanout1572
 2.480091e-07 0.000000e+00 1.396774e-12 2.480105e-07 clkload410
 9.812266e-08 1.495499e-07 1.181000e-12 2.476737e-07 max_cap357
 5.812943e-08 1.878760e-07 4.605970e-12 2.460100e-07 fanout1606
 5.093506e-08 1.941899e-07 4.857884e-12 2.451298e-07 fanout501
 5.600553e-08 1.800367e-07 4.613191e-12 2.360468e-07 fanout2513
 4.587316e-08 1.895904e-07 4.338473e-12 2.354679e-07 fanout411
 2.704453e-08 2.077206e-07 4.868747e-12 2.347700e-07 wire72
 5.816601e-08 1.753563e-07 3.703918e-12 2.335260e-07 fanout1307
 5.102205e-08 1.816007e-07 4.343979e-12 2.326271e-07 fanout543
 4.875703e-08 1.831515e-07 4.336809e-12 2.319129e-07 fanout475
 5.819128e-08 1.735841e-07 4.605970e-12 2.317800e-07 fanout1587
 5.611302e-08 1.750160e-07 4.596909e-12 2.311336e-07 fanout2440
 3.815980e-08 1.912753e-07 4.332795e-12 2.294395e-07 fanout105
 3.696263e-08 1.920367e-07 4.590054e-12 2.290039e-07 fanout489
 4.621466e-08 1.753817e-07 4.604702e-12 2.216009e-07 fanout2348
 3.810457e-08 1.820044e-07 4.620901e-12 2.201136e-07 fanout393
 5.138183e-08 1.603784e-07 4.598968e-12 2.117648e-07 fanout2294
 2.671925e-08 1.847772e-07 3.682837e-12 2.115001e-07 fanout412
 4.663280e-08 1.535560e-07 4.594227e-12 2.001934e-07 fanout2683
 4.085023e-08 1.584478e-07 4.590608e-12 1.993026e-07 fanout2223
 3.678005e-08 1.556917e-07 4.589667e-12 1.924763e-07 fanout495
 3.122160e-08 1.607778e-07 4.330730e-12 1.920038e-07 fanout135
 4.077942e-08 1.506695e-07 4.590608e-12 1.914535e-07 fanout2221
 4.884097e-08 1.407776e-07 4.535628e-12 1.896231e-07 fanout2300
 3.702908e-08 1.502687e-07 4.589744e-12 1.873024e-07 fanout492
 2.985070e-08 1.553463e-07 4.836109e-12 1.852018e-07 fanout68
 4.421803e-08 1.402088e-07 4.594566e-12 1.844314e-07 fanout2433
 4.109321e-08 1.399012e-07 4.864907e-12 1.809993e-07 fanout470
 4.240735e-08 1.385660e-07 4.548556e-12 1.809779e-07 fanout2486
 4.137029e-08 1.385982e-07 4.590978e-12 1.799731e-07 fanout2224
 7.865420e-08 1.000959e-07 1.181000e-12 1.787512e-07 max_cap373
 2.932699e-08 1.467248e-07 4.381074e-12 1.760562e-07 fanout80
 3.676754e-08 1.321246e-07 4.589667e-12 1.688967e-07 fanout498
 7.123050e-08 9.649187e-08 1.181000e-12 1.677235e-07 wire637
 3.575700e-08 1.290596e-07 4.566330e-12 1.648212e-07 fanout2472
 3.496642e-08 1.267762e-07 4.715267e-12 1.617474e-07 fanout2299
 5.333831e-08 1.080261e-07 1.181000e-12 1.613656e-07 max_cap360
 7.848106e-08 8.270176e-08 1.181000e-12 1.611840e-07 max_cap372
 5.264209e-08 1.081874e-07 1.181000e-12 1.608306e-07 wire354
 3.733847e-08 1.233757e-07 4.597464e-12 1.607188e-07 fanout2573
 3.606925e-08 1.244210e-07 4.701210e-12 1.604950e-07 fanout2385
 3.385357e-08 1.256585e-07 4.158240e-12 1.595163e-07 fanout2328
 3.581608e-08 1.191437e-07 4.567859e-12 1.549643e-07 fanout2659
 2.919394e-08 1.242493e-07 4.610102e-12 1.534479e-07 fanout2293
 3.810802e-08 1.123140e-07 4.613203e-12 1.504267e-07 fanout480
 2.930124e-08 1.197576e-07 3.692913e-12 1.490625e-07 fanout545
 2.306821e-08 1.204967e-07 4.627494e-12 1.435696e-07 fanout473
 3.163647e-08 1.114883e-07 4.612803e-12 1.431293e-07 fanout2393
 6.649753e-08 7.598346e-08 1.181000e-12 1.424822e-07 max_cap642
 2.826936e-08 1.098951e-07 4.044759e-12 1.381686e-07 fanout2394
 6.316358e-08 7.490355e-08 1.181000e-12 1.380683e-07 wire635
 2.643913e-08 1.101066e-07 3.683113e-12 1.365494e-07 fanout410
 6.667337e-08 6.958577e-08 1.181000e-12 1.362603e-07 max_cap636
 3.063425e-08 1.052337e-07 4.823403e-12 1.358728e-07 fanout2519
 2.340106e-08 1.123093e-07 4.869838e-12 1.357152e-07 fanout751
 6.204531e-08 7.347485e-08 1.181000e-12 1.355213e-07 wire634
 2.454189e-08 1.107398e-07 4.624762e-12 1.352863e-07 fanout405
 3.032524e-08 1.009652e-07 4.436246e-12 1.312949e-07 fanout2627
 3.156849e-08 9.937244e-08 4.697265e-12 1.309456e-07 fanout2380
 5.937012e-08 6.608438e-08 1.181000e-12 1.254557e-07 wire639
 6.116941e-08 6.362401e-08 1.181000e-12 1.247946e-07 max_cap378
 2.748911e-08 9.713549e-08 4.505283e-12 1.246291e-07 fanout2340
 2.340992e-08 1.008977e-07 4.178182e-12 1.243118e-07 fanout2611
 3.051867e-08 9.340832e-08 4.823403e-12 1.239318e-07 fanout2517
 5.377614e-08 6.911295e-08 1.181000e-12 1.228903e-07 max_cap356
 2.405326e-08 9.881151e-08 4.294318e-12 1.228691e-07 fanout2656
 5.959194e-08 6.207873e-08 1.181000e-12 1.216718e-07 wire640
 5.508472e-08 6.516575e-08 1.181000e-12 1.202517e-07 wire638
 1.965522e-08 9.918089e-08 4.873562e-12 1.188410e-07 fanout101
 5.406883e-08 6.439299e-08 1.181000e-12 1.184630e-07 max_cap434
 3.031946e-08 8.793071e-08 4.823403e-12 1.182550e-07 fanout2514
 1.612580e-08 1.016820e-07 4.325552e-12 1.178121e-07 max_cap78
 2.296485e-08 9.463229e-08 4.135455e-12 1.176013e-07 fanout2220
 1.986669e-08 9.764214e-08 4.325552e-12 1.175132e-07 fanout76
 2.588497e-08 8.692202e-08 4.485573e-12 1.128115e-07 fanout2557
 2.507747e-08 8.682051e-08 4.484587e-12 1.119025e-07 fanout2554
 2.339884e-08 8.832731e-08 4.329614e-12 1.117305e-07 fanout380
 2.020970e-08 8.862092e-08 4.065331e-12 1.088347e-07 fanout2241
 2.136169e-08 8.721795e-08 4.329287e-12 1.085840e-07 fanout74
 2.024679e-08 8.760902e-08 4.065331e-12 1.078599e-07 fanout2238
 1.696530e-08 9.050082e-08 4.575897e-12 1.074707e-07 fanout69
 5.234334e-08 5.488445e-08 1.181000e-12 1.072290e-07 max_cap353
 2.097169e-08 8.623645e-08 4.168858e-12 1.072123e-07 fanout2243
 2.310272e-08 8.340412e-08 4.627560e-12 1.065115e-07 fanout472
 2.344444e-08 8.272630e-08 4.493705e-12 1.061752e-07 fanout2466
 4.355692e-08 6.169017e-08 1.181000e-12 1.052483e-07 wire364
 2.552016e-08 7.940395e-08 4.215113e-12 1.049283e-07 fanout2585
 2.485039e-08 7.754640e-08 4.506282e-12 1.024013e-07 fanout2526
 1.659154e-08 8.379205e-08 4.872847e-12 1.003885e-07 fanout186
 2.077121e-08 7.695936e-08 4.430204e-12 9.773500e-08 fanout2655
 2.297119e-08 7.459432e-08 4.135455e-12 9.756965e-08 fanout2222
 2.128527e-08 7.610144e-08 4.404434e-12 9.739112e-08 fanout2347
 1.503882e-08 8.180795e-08 4.876220e-12 9.685165e-08 fanout117
 1.801445e-08 7.784440e-08 3.896571e-12 9.586275e-08 fanout2670
 1.817872e-08 7.358767e-08 4.326802e-12 9.177072e-08 fanout2379
 5.417327e-08 3.586468e-08 1.181000e-12 9.003912e-08 max_cap433
 1.514827e-08 7.423437e-08 4.019785e-12 8.938666e-08 fanout2350
 3.579693e-08 5.155787e-08 1.181000e-12 8.735597e-08 wire213
 2.019130e-08 6.642266e-08 4.093890e-12 8.661806e-08 fanout2661
 1.094237e-08 7.503012e-08 3.807832e-12 8.597630e-08 fanout2539
 1.962509e-08 6.587184e-08 4.401844e-12 8.550133e-08 fanout2319
 1.591588e-08 6.922040e-08 4.452892e-12 8.514073e-08 fanout2257
 1.712162e-08 6.714870e-08 3.858533e-12 8.427418e-08 fanout2622
 1.131979e-08 7.235893e-08 4.874148e-12 8.368359e-08 wire153
 2.015925e-08 6.288184e-08 4.411709e-12 8.304550e-08 fanout2619
 1.712316e-08 6.568298e-08 3.858522e-12 8.280999e-08 fanout2626
 1.407450e-08 6.771056e-08 4.328837e-12 8.178938e-08 fanout756
 1.614198e-08 6.451652e-08 4.472250e-12 8.066297e-08 fanout2500
 1.926534e-08 6.019173e-08 4.401851e-12 7.946148e-08 fanout2315
 2.011332e-08 5.934056e-08 4.435383e-12 7.945832e-08 fanout2281
 1.602547e-08 6.318563e-08 4.561521e-12 7.921567e-08 fanout2682
 1.300568e-08 6.606692e-08 4.872268e-12 7.907747e-08 fanout129
 1.786441e-08 6.117047e-08 4.326802e-12 7.903920e-08 fanout2383
 1.756552e-08 6.127019e-08 4.413928e-12 7.884012e-08 fanout2480
 1.242287e-08 6.604151e-08 4.327937e-12 7.846870e-08 fanout91
 1.592466e-08 6.037136e-08 4.779261e-12 7.630081e-08 fanout2210
 3.159930e-08 4.357617e-08 1.181000e-12 7.517664e-08 max_cap260
 1.595394e-08 5.617141e-08 4.452892e-12 7.212980e-08 fanout2255
 1.286571e-08 5.856680e-08 3.886627e-12 7.143640e-08 fanout2307
 1.267837e-08 5.630219e-08 3.886616e-12 6.898444e-08 fanout2305
 1.683165e-08 4.795196e-08 3.858522e-12 6.478746e-08 fanout2624
 3.806181e-08 2.555976e-08 1.181000e-12 6.362275e-08 max_cap538
 9.879125e-09 5.243341e-08 4.874623e-12 6.231740e-08 fanout79
 1.105409e-08 5.046430e-08 3.796804e-12 6.152219e-08 fanout2317
 1.287397e-08 4.821517e-08 3.886616e-12 6.109302e-08 fanout2302
 1.458076e-08 4.637090e-08 4.382862e-12 6.095605e-08 fanout2339
 1.409216e-08 4.639734e-08 4.872841e-12 6.049437e-08 fanout755
 1.428279e-08 4.480757e-08 4.408996e-12 5.909477e-08 fanout2532
 9.389121e-09 4.775749e-08 4.876035e-12 5.715148e-08 fanout169
 8.497627e-09 4.797082e-08 4.647834e-12 5.647309e-08 fanout118
 1.109084e-08 4.496817e-08 3.807422e-12 5.606282e-08 fanout2537
 1.288534e-08 4.312865e-08 3.887091e-12 5.601788e-08 fanout2303
 1.023545e-08 4.470022e-08 3.892345e-12 5.493956e-08 fanout2416
 9.403473e-09 4.487013e-08 4.864395e-12 5.427847e-08 fanout83
 2.441979e-08 2.984602e-08 1.181000e-12 5.426700e-08 max_cap363
 9.718700e-09 4.343707e-08 4.640755e-12 5.316041e-08 fanout391
 8.953104e-09 4.102339e-08 3.785633e-12 4.998028e-08 fanout2298
 8.950061e-09 4.035788e-08 3.888717e-12 4.931183e-08 fanout2256
 2.462933e-08 2.458873e-08 1.181000e-12 4.921923e-08 max_cap362
 9.883245e-09 3.839446e-08 3.818483e-12 4.828152e-08 fanout2483
 1.136756e-08 3.613082e-08 3.856973e-12 4.750224e-08 fanout2279
 8.956971e-09 3.801557e-08 3.833758e-12 4.697638e-08 fanout2465
 1.941149e-08 2.717981e-08 1.181000e-12 4.659248e-08 max_cap361
 8.941220e-09 3.705286e-08 3.834078e-12 4.599791e-08 fanout2463
 1.107260e-08 3.441568e-08 3.796804e-12 4.549208e-08 fanout2316
 1.127080e-08 3.377203e-08 3.814501e-12 4.504664e-08 fanout2616
 9.051288e-09 3.577260e-08 3.923115e-12 4.482781e-08 fanout2501
 9.513620e-09 3.518074e-08 4.375834e-12 4.469873e-08 fanout2264
 7.602985e-09 3.685124e-08 4.339145e-12 4.445857e-08 fanout173
 7.855942e-09 3.650781e-08 4.874641e-12 4.436863e-08 fanout178
 7.591798e-09 3.262470e-08 3.744598e-12 4.022024e-08 fanout2571
 8.749854e-09 3.053012e-08 3.786407e-12 3.928376e-08 fanout2443
 9.170780e-09 2.984306e-08 4.399613e-12 3.901824e-08 fanout2329
 7.434147e-09 3.103701e-08 3.814700e-12 3.847497e-08 fanout2431
 7.465949e-09 2.926822e-08 3.775126e-12 3.673794e-08 fanout2375
 6.536064e-09 2.966422e-08 3.742619e-12 3.620402e-08 fanout2215
 7.470250e-09 2.802111e-08 3.775126e-12 3.549514e-08 fanout2374
 7.297934e-09 2.813131e-08 3.775136e-12 3.543302e-08 fanout2370
 7.713896e-09 2.747579e-08 3.814700e-12 3.519350e-08 fanout2432
 5.776310e-09 2.912818e-08 4.876195e-12 3.490937e-08 fanout120
 1.411020e-08 2.036967e-08 1.181000e-12 3.448105e-08 max_cap355
 6.374528e-09 2.808900e-08 3.742619e-12 3.446727e-08 fanout2211
 8.874387e-09 2.549069e-08 3.833746e-12 3.436891e-08 fanout2462
 6.562539e-09 2.726010e-08 3.742608e-12 3.382638e-08 fanout2212
 7.881232e-09 2.522424e-08 4.354867e-12 3.310982e-08 fanout2579
 6.349954e-09 2.639812e-08 4.875887e-12 3.275295e-08 fanout97
 7.472374e-09 2.473059e-08 3.775126e-12 3.220674e-08 fanout2372
 5.326302e-09 2.449402e-08 3.750129e-12 2.982407e-08 fanout2262
 4.789594e-09 2.409166e-08 4.325471e-12 2.888558e-08 fanout148
 5.213110e-09 2.324549e-08 4.348584e-12 2.846295e-08 fanout2407
 6.805654e-09 2.149405e-08 4.352851e-12 2.830405e-08 fanout2569
 6.808087e-09 2.140413e-08 4.352851e-12 2.821657e-08 fanout2570
 6.274476e-09 2.113599e-08 4.343153e-12 2.741480e-08 fanout2359
 5.398023e-09 2.198215e-08 4.626642e-12 2.738480e-08 fanout84
 6.101374e-09 2.108822e-08 4.343159e-12 2.719394e-08 fanout2356
 4.752140e-09 2.243246e-08 4.325471e-12 2.718893e-08 fanout149
 5.353469e-09 2.152232e-08 3.750328e-12 2.687954e-08 fanout2261
 5.307760e-09 2.153175e-08 4.647525e-12 2.684415e-08 fanout170
 4.243621e-09 2.055531e-08 4.325471e-12 2.480326e-08 fanout162
 4.920735e-09 1.986788e-08 3.762074e-12 2.479237e-08 fanout2587
 5.100346e-09 1.945046e-08 3.762074e-12 2.455457e-08 fanout2588
 4.140378e-09 1.981696e-08 4.350107e-12 2.396168e-08 fanout2343
 3.521828e-09 1.957728e-08 3.699914e-12 2.310281e-08 fanout2412
 3.513387e-09 1.920888e-08 4.872385e-12 2.272714e-08 fanout144
 9.450599e-09 1.307284e-08 1.181000e-12 2.252462e-08 max_cap539
 4.342521e-09 1.751873e-08 3.712689e-12 2.186496e-08 fanout2576
 6.296371e-09 1.540109e-08 3.664543e-12 2.170113e-08 wire1625
 3.604916e-09 1.757186e-08 4.350471e-12 2.118113e-08 fanout2423
 4.005079e-09 1.702119e-08 3.718053e-12 2.102998e-08 fanout2250
 5.197287e-09 1.559971e-08 4.341057e-12 2.080134e-08 fanout2470
 5.191054e-09 1.496782e-08 4.342166e-12 2.016322e-08 fanout2547
 4.059343e-09 1.596325e-08 4.655108e-12 2.002725e-08 fanout2680
 3.212060e-09 1.634600e-08 4.873840e-12 1.956293e-08 fanout92
 3.846250e-09 1.548998e-08 3.689219e-12 1.933992e-08 fanout2322
 7.854074e-09 1.135715e-08 1.181000e-12 1.921240e-08 wire367
 3.448640e-09 1.548801e-08 3.692393e-12 1.894034e-08 fanout2645
 3.569259e-09 1.530438e-08 4.647259e-12 1.887829e-08 fanout98
 3.210843e-09 1.549039e-08 4.876294e-12 1.870611e-08 fanout138
 3.536074e-09 1.501872e-08 3.692393e-12 1.855849e-08 fanout2649
 7.716157e-09 1.059447e-08 1.181000e-12 1.831181e-08 wire359
 3.417341e-09 1.481371e-08 3.699925e-12 1.823475e-08 fanout2411
 4.147862e-09 1.398462e-08 4.655108e-12 1.813713e-08 fanout2679
 3.586420e-09 1.373784e-08 3.692393e-12 1.732795e-08 fanout2646
 3.615950e-09 1.284726e-08 4.350428e-12 1.646756e-08 fanout2422
 2.749032e-09 1.277706e-08 4.876269e-12 1.553097e-08 fanout67
 2.932749e-09 1.248056e-08 3.689739e-12 1.541700e-08 fanout2545
 2.871318e-09 1.245997e-08 3.701252e-12 1.533499e-08 fanout2404
 3.508681e-09 1.127103e-08 3.692393e-12 1.478340e-08 fanout2653
 2.896482e-09 1.109729e-08 3.689739e-12 1.399746e-08 fanout2546
 1.809224e-09 1.132411e-08 4.647989e-12 1.313798e-08 fanout139
 3.076527e-09 1.004335e-08 4.335754e-12 1.312421e-08 fanout2439
 2.632413e-09 1.046553e-08 3.723805e-12 1.310167e-08 fanout2428
 2.873277e-09 9.997837e-09 3.689749e-12 1.287480e-08 fanout2541
 2.331130e-09 1.037040e-08 3.703896e-12 1.270523e-08 fanout2345
 1.822882e-09 1.085066e-08 4.643443e-12 1.267819e-08 fanout94
 1.517083e-09 1.105277e-08 4.647945e-12 1.257450e-08 wire143
 2.639636e-09 9.752349e-09 3.723904e-12 1.239571e-08 fanout2430
 2.809912e-09 9.285499e-09 4.838692e-12 1.210025e-08 fanout2674
 2.275557e-09 9.199278e-09 3.703907e-12 1.147854e-08 fanout2341
 2.462025e-09 8.569221e-09 4.330705e-12 1.103558e-08 fanout2362
 3.950955e-09 7.081444e-09 1.181000e-12 1.103358e-08 wire1618
 1.283419e-09 9.706216e-09 7.513831e-12 1.099715e-08 fanout126
 2.720469e-09 8.087085e-09 4.648000e-12 1.081220e-08 max_cap268
 2.241243e-09 8.349390e-09 4.840419e-12 1.059547e-08 fanout2673
 2.535834e-09 7.940701e-09 4.330699e-12 1.048087e-08 fanout2367
 2.261653e-09 7.924542e-09 4.840419e-12 1.019104e-08 fanout2672
 6.457142e-09 3.710190e-09 1.181000e-12 1.016851e-08 max_cap295
 2.037549e-09 8.078310e-09 3.704560e-12 1.011956e-08 fanout2419
 1.673882e-09 8.424776e-09 4.876294e-12 1.010353e-08 fanout142
 1.814809e-09 7.995421e-09 4.643587e-12 9.814873e-09 fanout93
 1.730537e-09 7.710724e-09 3.675371e-12 9.444936e-09 fanout2609
 1.148029e-09 8.262134e-09 4.876294e-12 9.415039e-09 wire147
 2.206900e-09 6.992557e-09 4.876269e-12 9.204333e-09 fanout66
 4.492578e-09 4.599463e-09 1.181000e-12 9.093222e-09 max_cap358
 2.010684e-09 6.985847e-09 4.337506e-12 9.000869e-09 fanout2600
 1.733429e-09 7.189787e-09 3.678236e-12 8.926894e-09 fanout2436
 1.426085e-09 7.474653e-09 3.669166e-12 8.904407e-09 fanout2363
 3.948618e-09 4.573209e-09 1.181000e-12 8.523009e-09 max_cap1617
 2.004560e-09 6.458347e-09 4.335267e-12 8.467242e-09 fanout2636
 2.004410e-09 6.377277e-09 4.332820e-12 8.386019e-09 fanout2521
 2.003252e-09 6.287832e-09 4.332056e-12 8.295415e-09 fanout2288
 1.980109e-09 6.169301e-09 4.332795e-12 8.153743e-09 fanout2525
 3.058124e-09 4.937573e-09 1.181000e-12 7.996878e-09 wire365
 1.968568e-09 6.001323e-09 4.337481e-12 7.974228e-09 fanout2602
 1.390003e-09 5.672435e-09 3.669177e-12 7.066106e-09 fanout2368
 1.699103e-09 5.170138e-09 3.675371e-12 6.872916e-09 fanout2606
 1.424421e-09 5.242177e-09 4.329343e-12 6.670927e-09 fanout2456
 1.728630e-09 4.922863e-09 3.675360e-12 6.655168e-09 fanout2607
 2.526114e-09 3.857177e-09 1.181000e-12 6.384472e-09 wire1616
 7.587960e-10 5.376661e-09 7.510234e-12 6.142968e-09 fanout2780
 1.428533e-09 4.631456e-09 3.669166e-12 6.063658e-09 fanout2366
 1.130152e-09 4.894956e-09 3.677351e-12 6.028786e-09 fanout2634
 2.191292e-09 3.015486e-09 1.181000e-12 5.207959e-09 max_cap348
 6.383357e-10 4.499078e-09 4.325422e-12 5.141739e-09 wire116
 8.158838e-10 3.672390e-09 3.666733e-12 4.491941e-09 fanout2457
 1.145510e-09 3.229538e-09 3.681333e-12 4.378729e-09 fanout2603
 6.423623e-10 3.548889e-09 4.325422e-12 4.195576e-09 fanout114
 9.114093e-10 3.017656e-09 4.328850e-12 3.933394e-09 fanout2493
 6.402374e-10 3.196982e-09 4.325428e-12 3.841545e-09 fanout125
 3.895895e-10 2.840304e-09 4.328486e-12 3.234222e-09 fanout2872
 3.817404e-10 2.555691e-09 4.328486e-12 2.941760e-09 fanout2779
 5.276662e-10 2.247196e-09 3.667839e-12 2.778530e-09 fanout2401
 5.275645e-10 2.214328e-09 3.668303e-12 2.745561e-09 fanout2392
 3.916343e-10 2.259519e-09 4.328486e-12 2.655482e-09 fanout2832
 3.838466e-10 2.253268e-09 4.328486e-12 2.641444e-09 fanout2962
 5.156820e-10 2.112040e-09 3.665859e-12 2.631388e-09 fanout2488
 3.840867e-10 2.186702e-09 4.328486e-12 2.575117e-09 fanout2908
 3.842680e-10 2.153666e-09 4.328486e-12 2.542262e-09 fanout3000
 3.843578e-10 2.118894e-09 4.328486e-12 2.507581e-09 fanout2889
 3.841721e-10 2.113631e-09 4.328492e-12 2.502132e-09 fanout2950
 3.852015e-10 2.100149e-09 4.328486e-12 2.489679e-09 fanout2740
 5.273643e-10 1.953715e-09 3.668281e-12 2.484748e-09 fanout2387
 3.847558e-10 2.038409e-09 4.328486e-12 2.427493e-09 fanout3051
 3.857020e-10 2.009271e-09 4.328486e-12 2.399301e-09 fanout2918
 3.872838e-10 1.988826e-09 4.328492e-12 2.380439e-09 fanout3016
 5.282546e-10 1.834439e-09 3.665848e-12 2.366360e-09 fanout2489
 5.141416e-10 1.826693e-09 3.668292e-12 2.344503e-09 fanout2386
 4.005447e-10 1.926622e-09 4.328609e-12 2.331495e-09 fanout2234
 3.859958e-10 1.872685e-09 4.328486e-12 2.263010e-09 fanout2797
 3.860257e-10 1.854651e-09 4.328492e-12 2.245006e-09 fanout2835
 3.859360e-10 1.773636e-09 4.328498e-12 2.163901e-09 fanout2928
 3.879017e-10 1.736374e-09 4.328492e-12 2.128604e-09 fanout3049
 3.914907e-10 1.729899e-09 4.328492e-12 2.125718e-09 fanout2718
 3.884350e-10 1.702203e-09 4.328486e-12 2.094966e-09 fanout2827
 3.915923e-10 1.678398e-09 4.328492e-12 2.074319e-09 fanout2975
 3.873784e-10 1.606830e-09 4.328486e-12 1.998537e-09 fanout2917
 4.018040e-10 1.508019e-09 4.328609e-12 1.914151e-09 fanout2562
 4.022917e-10 1.471605e-09 4.328603e-12 1.878225e-09 fanout2292
 4.010902e-10 1.380684e-09 4.331938e-12 1.786107e-09 fanout2506
 3.899426e-10 1.359086e-09 4.328492e-12 1.753357e-09 fanout3002
 3.868486e-10 1.346588e-09 4.328486e-12 1.737765e-09 fanout2970
 3.634553e-10 1.369519e-09 3.659698e-12 1.736635e-09 fanout115
 3.870071e-10 1.325800e-09 4.328492e-12 1.717136e-09 fanout2856
 2.160468e-10 1.491721e-09 3.665195e-12 1.711433e-09 fanout2704
 2.160379e-10 1.465451e-09 3.665195e-12 1.685154e-09 fanout2862
 4.004829e-10 1.268958e-09 4.328609e-12 1.673769e-09 fanout2642
 3.877113e-10 1.279470e-09 4.328486e-12 1.671509e-09 fanout2816
 3.866308e-10 1.250665e-09 4.328492e-12 1.641624e-09 fanout2706
 2.165146e-10 1.419726e-09 3.665206e-12 1.639906e-09 fanout2702
 3.869594e-10 1.237713e-09 4.328498e-12 1.629001e-09 fanout2943
 3.995883e-10 1.205946e-09 4.331562e-12 1.609866e-09 fanout2230
 2.178164e-10 1.379571e-09 3.665206e-12 1.601053e-09 fanout2997
 2.174389e-10 1.370834e-09 3.665206e-12 1.591938e-09 fanout3008
 2.173226e-10 1.342698e-09 3.665195e-12 1.563685e-09 fanout2875
 2.168965e-10 1.327810e-09 3.665206e-12 1.548372e-09 fanout2930
 2.172480e-10 1.280073e-09 3.665206e-12 1.500987e-09 fanout2958
 2.174620e-10 1.260237e-09 3.665195e-12 1.481364e-09 fanout2899
 2.164772e-10 1.252570e-09 3.665206e-12 1.472712e-09 fanout2758
 2.177186e-10 1.240187e-09 3.665206e-12 1.461571e-09 fanout2799
 2.177244e-10 1.236377e-09 3.665206e-12 1.457766e-09 fanout2944
 2.171678e-10 1.236707e-09 3.665206e-12 1.457540e-09 fanout2937
 2.165463e-10 1.224364e-09 3.665206e-12 1.444575e-09 fanout2748
 2.176006e-10 1.213905e-09 3.665195e-12 1.435170e-09 fanout2907
 5.764273e-10 8.529921e-10 1.181000e-12 1.430601e-09 wire1615
 2.170568e-10 1.195907e-09 3.665206e-12 1.416629e-09 fanout3041
 2.170600e-10 1.180833e-09 3.665195e-12 1.401559e-09 fanout2814
 2.172625e-10 1.179899e-09 3.665206e-12 1.400827e-09 fanout2991
 2.176425e-10 1.172637e-09 3.665206e-12 1.393945e-09 fanout2906
 2.169638e-10 1.166905e-09 3.665195e-12 1.387534e-09 fanout2726
 2.171160e-10 1.159735e-09 3.665195e-12 1.380516e-09 fanout2806
 2.168675e-10 1.150525e-09 3.665195e-12 1.371058e-09 fanout2853
 2.173111e-10 1.134567e-09 3.665195e-12 1.355543e-09 fanout2732
 2.175523e-10 1.128749e-09 3.665195e-12 1.349966e-09 fanout2914
 2.174500e-10 1.113951e-09 3.665195e-12 1.335066e-09 fanout2828
 2.178218e-10 1.065778e-09 3.665206e-12 1.287265e-09 fanout2971
 2.195072e-10 1.056258e-09 3.665206e-12 1.279430e-09 fanout2826
 2.174015e-10 1.054364e-09 3.665206e-12 1.275430e-09 fanout3023
 2.169695e-10 1.052304e-09 3.665206e-12 1.272938e-09 fanout2763
 2.181825e-10 1.046659e-09 3.665195e-12 1.268507e-09 fanout2998
 2.204556e-10 1.040207e-09 3.665206e-12 1.264327e-09 fanout2887
 2.186546e-10 1.023255e-09 3.665206e-12 1.245575e-09 fanout2851
 2.185224e-10 1.020671e-09 3.665206e-12 1.242858e-09 fanout2728
 2.180946e-10 1.019716e-09 3.665206e-12 1.241476e-09 fanout2960
 2.225132e-10 1.002673e-09 3.667175e-12 1.228854e-09 fanout2476
 2.182348e-10 9.984529e-10 3.665195e-12 1.220353e-09 fanout2893
 2.178900e-10 9.937497e-10 3.665206e-12 1.215305e-09 fanout2924
 2.184023e-10 9.915945e-10 3.665195e-12 1.213662e-09 fanout2881
 2.186356e-10 9.863796e-10 3.665206e-12 1.208680e-09 fanout3004
 2.194620e-10 9.818707e-10 3.665206e-12 1.204998e-09 fanout2878
 2.184498e-10 9.778992e-10 3.665206e-12 1.200014e-09 fanout2905
 2.192715e-10 9.760383e-10 3.665195e-12 1.198975e-09 fanout2792
 2.256239e-10 9.675338e-10 3.665848e-12 1.196824e-09 fanout2510
 2.185789e-10 9.729422e-10 3.665195e-12 1.195186e-09 fanout2850
 2.186953e-10 9.708262e-10 3.665206e-12 1.193187e-09 fanout2846
 2.206972e-10 9.670494e-10 3.665206e-12 1.191412e-09 fanout2773
 2.187103e-10 9.658970e-10 3.665206e-12 1.188272e-09 fanout3034
 2.258674e-10 9.564129e-10 3.668735e-12 1.185949e-09 fanout2270
 2.208666e-10 9.582739e-10 3.665206e-12 1.182806e-09 fanout3012
 2.199769e-10 9.585120e-10 3.665206e-12 1.182154e-09 fanout2755
 2.211735e-10 9.546531e-10 3.665206e-12 1.179492e-09 fanout2987
 2.185466e-10 9.552654e-10 3.665195e-12 1.177477e-09 fanout2725
 2.205643e-10 9.478528e-10 3.665206e-12 1.172082e-09 fanout3020
 2.200489e-10 9.374521e-10 3.665206e-12 1.161166e-09 fanout2711
 2.178933e-10 9.379476e-10 3.665206e-12 1.159506e-09 fanout2868
 2.202592e-10 9.319443e-10 3.665206e-12 1.155869e-09 fanout2749
 2.184390e-10 9.136919e-10 3.665195e-12 1.135796e-09 fanout2712
 2.185421e-10 9.134843e-10 3.665206e-12 1.135692e-09 fanout2812
 2.181178e-10 9.122625e-10 3.665206e-12 1.134046e-09 fanout2757
 2.184326e-10 9.107602e-10 3.665195e-12 1.132858e-09 fanout2705
 2.184325e-10 9.100837e-10 3.665195e-12 1.132181e-09 fanout2709
 2.206276e-10 9.070802e-10 3.665206e-12 1.131373e-09 fanout3027
 2.183404e-10 9.084263e-10 3.665206e-12 1.130432e-09 fanout2979
 2.200497e-10 9.066739e-10 3.665206e-12 1.130389e-09 fanout2794
 2.181934e-10 8.936645e-10 3.665217e-12 1.115523e-09 fanout2933
 2.219431e-10 8.892067e-10 3.665206e-12 1.114815e-09 fanout2836
 2.177473e-10 8.932975e-10 3.665206e-12 1.114710e-09 fanout2955
 2.188011e-10 8.875772e-10 3.665206e-12 1.110044e-09 fanout3010
 2.216475e-10 8.827071e-10 3.665217e-12 1.108020e-09 fanout2946
 2.207396e-10 8.836060e-10 3.665206e-12 1.108011e-09 fanout2720
 2.186666e-10 8.832722e-10 3.665206e-12 1.105604e-09 fanout2739
 2.177095e-10 8.829764e-10 3.665206e-12 1.104351e-09 fanout2810
 2.205096e-10 8.785307e-10 3.665206e-12 1.102705e-09 fanout2974
 2.180840e-10 8.809414e-10 3.665206e-12 1.102691e-09 fanout2750
 2.211572e-10 8.738070e-10 3.665206e-12 1.098629e-09 fanout2789
 2.202553e-10 8.715423e-10 3.665206e-12 1.095463e-09 fanout2911
 2.201910e-10 8.706469e-10 3.665206e-12 1.094503e-09 fanout2973
 2.196159e-10 8.692702e-10 3.665206e-12 1.092551e-09 fanout2751
 2.184835e-10 8.659077e-10 3.665195e-12 1.088056e-09 fanout2989
 2.197091e-10 8.598475e-10 3.665859e-12 1.083222e-09 fanout2509
 2.174280e-10 8.620247e-10 3.665195e-12 1.083118e-09 fanout2848
 2.177310e-10 8.590812e-10 3.665206e-12 1.080477e-09 fanout2781
 2.181812e-10 8.563616e-10 3.665217e-12 1.078208e-09 fanout2942
 2.182876e-10 8.558025e-10 3.665206e-12 1.077755e-09 fanout2901
 2.204157e-10 8.507907e-10 3.665217e-12 1.074872e-09 fanout2939
 2.210586e-10 8.465844e-10 3.665416e-12 1.071308e-09 fanout2640
 2.204541e-10 8.468253e-10 3.665206e-12 1.070945e-09 fanout2879
 2.171685e-10 8.469421e-10 3.665206e-12 1.067776e-09 fanout2701
 2.201875e-10 8.409120e-10 3.668735e-12 1.064768e-09 fanout2268
 2.195104e-10 8.384149e-10 3.665206e-12 1.061590e-09 fanout2880
 2.187061e-10 8.379845e-10 3.665206e-12 1.060356e-09 fanout2730
 2.177288e-10 8.375898e-10 3.665195e-12 1.058984e-09 fanout2804
 2.191417e-10 8.335984e-10 3.665206e-12 1.056405e-09 fanout3022
 2.180268e-10 8.330008e-10 3.665206e-12 1.054693e-09 fanout2765
 2.183359e-10 8.308608e-10 3.665195e-12 1.052862e-09 fanout2976
 2.185147e-10 8.266818e-10 3.665195e-12 1.048862e-09 fanout2719
 2.194587e-10 8.224723e-10 3.665206e-12 1.045596e-09 fanout2892
 2.207499e-10 8.132926e-10 3.665206e-12 1.037708e-09 fanout2777
 2.182964e-10 8.141734e-10 3.665206e-12 1.036135e-09 fanout2978
 2.177605e-10 8.111097e-10 3.665206e-12 1.032535e-09 fanout2858
 2.180213e-10 8.066804e-10 3.665206e-12 1.028367e-09 fanout2769
 2.184851e-10 8.024749e-10 3.665195e-12 1.024625e-09 fanout2722
 2.187414e-10 7.828552e-10 3.665206e-12 1.005262e-09 fanout3013
 2.192108e-10 7.817382e-10 3.665195e-12 1.004614e-09 fanout2788
 2.182774e-10 7.824463e-10 3.665206e-12 1.004389e-09 fanout2983
 2.172085e-10 7.820577e-10 3.665206e-12 1.002931e-09 fanout2778
 2.199399e-10 7.645290e-10 3.665206e-12 9.881341e-10 fanout2715
 2.182663e-10 7.611500e-10 3.665206e-12 9.830814e-10 fanout2980
 2.194421e-10 7.492689e-10 3.665206e-12 9.723763e-10 fanout2790
 2.186273e-10 7.480647e-10 3.665206e-12 9.703571e-10 fanout2913
 2.200100e-10 7.421707e-10 3.665206e-12 9.658458e-10 fanout2988
 2.180326e-10 7.423288e-10 3.665217e-12 9.640266e-10 fanout2936
 2.211915e-10 7.374535e-10 3.665206e-12 9.623101e-10 fanout3045
 2.186614e-10 7.223936e-10 3.665195e-12 9.447202e-10 fanout2825
 2.179503e-10 7.102243e-10 3.665206e-12 9.318397e-10 fanout2864
 1.304842e-10 7.940448e-10 4.876300e-12 9.294053e-10 fanout1612
 2.177829e-10 6.988196e-10 3.665195e-12 9.202676e-10 fanout2830
 1.286284e-10 7.869541e-10 4.325397e-12 9.199078e-10 fanout190
 2.182783e-10 6.920393e-10 3.665206e-12 9.139828e-10 fanout2813
 2.212662e-10 6.842735e-10 3.665206e-12 9.092048e-10 fanout2947
 2.183797e-10 6.761988e-10 3.665206e-12 8.982437e-10 fanout2948
 2.175261e-10 6.764020e-10 3.665217e-12 8.975934e-10 fanout2929
 2.182531e-10 6.724296e-10 3.665206e-12 8.943478e-10 fanout2808
 1.284459e-10 7.512878e-10 4.876300e-12 8.846101e-10 fanout2690
 2.186620e-10 6.598757e-10 3.665206e-12 8.822029e-10 fanout3038
 2.182971e-10 6.493607e-10 3.665195e-12 8.713230e-10 fanout2724
 2.177207e-10 6.427390e-10 3.665206e-12 8.641249e-10 fanout2837
 2.170920e-10 6.396402e-10 3.665206e-12 8.603974e-10 fanout2855
 1.283773e-10 7.197437e-10 4.325397e-12 8.524464e-10 fanout1232
 1.299771e-10 7.172214e-10 4.325397e-12 8.515240e-10 fanout1230
 2.200561e-10 6.264294e-10 3.665206e-12 8.501507e-10 fanout3021
 1.284298e-10 7.069485e-10 4.325397e-12 8.397036e-10 fanout1231
 1.290787e-10 7.044393e-10 4.876300e-12 8.383944e-10 fanout2688
 1.297517e-10 7.030419e-10 4.325403e-12 8.371190e-10 fanout185
 1.295686e-10 6.863341e-10 4.876300e-12 8.207790e-10 fanout298
 1.322217e-10 6.702324e-10 4.325403e-12 8.067796e-10 fanout282
 1.299282e-10 6.694536e-10 4.325403e-12 8.037072e-10 fanout182
 1.289419e-10 6.656195e-10 4.876300e-12 7.994377e-10 fanout309
 1.302791e-10 6.623878e-10 4.325403e-12 7.969924e-10 fanout334
 1.289406e-10 6.621291e-10 4.876300e-12 7.959460e-10 fanout2687
 1.292489e-10 6.595889e-10 4.325403e-12 7.931632e-10 fanout1227
 1.287091e-10 6.573553e-10 4.876300e-12 7.909408e-10 fanout2689
 1.290883e-10 6.565518e-10 4.876300e-12 7.905163e-10 fanout290
 1.287277e-10 6.494782e-10 4.876300e-12 7.830823e-10 fanout2692
 1.289605e-10 6.464208e-10 4.325403e-12 7.797067e-10 fanout1229
 1.306613e-10 6.377222e-10 4.325403e-12 7.727089e-10 fanout296
 1.322189e-10 6.254374e-10 4.325403e-12 7.619817e-10 fanout168
 1.308122e-10 6.248482e-10 4.325403e-12 7.599859e-10 fanout297
 1.293344e-10 6.219313e-10 4.325403e-12 7.555911e-10 fanout325
 1.297874e-10 5.884093e-10 4.325403e-12 7.225222e-10 fanout277
 1.304809e-10 5.834620e-10 4.325403e-12 7.182683e-10 fanout331
 1.297163e-10 5.816062e-10 4.325403e-12 7.156479e-10 fanout167
 2.231587e-10 3.756666e-10 1.181000e-12 6.000063e-10 max_cap338
 1.329348e-10 4.226575e-10 1.181000e-12 5.567733e-10 fanout2752
 2.229763e-10 3.272754e-10 1.181000e-12 5.514327e-10 max_cap352
 7.353466e-11 4.518676e-10 4.648000e-12 5.300503e-10 fanout1613
 2.222994e-10 2.919175e-10 1.181000e-12 5.153979e-10 max_cap336
 7.484110e-11 4.103746e-10 4.648000e-12 4.898637e-10 fanout2693
 7.317351e-11 4.127848e-10 3.659665e-12 4.896180e-10 fanout183
 7.310721e-11 3.556069e-10 3.659665e-12 4.323738e-10 fanout278
 7.363846e-11 2.343462e-10 4.648000e-12 3.126326e-10 max_cap321
 7.386591e-11 2.071460e-10 4.648000e-12 2.856599e-10 max_cap303
 7.419768e-11 1.896781e-10 4.648000e-12 2.685238e-10 max_cap304
 7.337029e-11 1.898566e-10 4.648000e-12 2.678749e-10 max_cap311
 7.350299e-11 1.897070e-10 4.648000e-12 2.678580e-10 max_cap262
 7.352752e-11 1.856656e-10 4.648000e-12 2.638411e-10 max_cap265
 7.377601e-11 1.849120e-10 4.648000e-12 2.633360e-10 max_cap266
 7.396488e-11 1.746277e-10 4.648000e-12 2.532405e-10 max_cap203
 7.369397e-11 1.738255e-10 4.648000e-12 2.521675e-10 max_cap307
 7.319620e-11 1.565233e-10 4.648000e-12 2.343675e-10 max_cap332
 7.390027e-11 1.439279e-10 4.648000e-12 2.224762e-10 max_cap326
 4.486719e-11 1.738770e-10 1.181000e-12 2.199252e-10 max_cap328
 7.404344e-11 1.364846e-10 4.648000e-12 2.151760e-10 max_cap204
 4.553892e-11 3.916542e-11 1.181000e-12 8.588534e-11 wire237
 4.454006e-11 3.822628e-11 1.181000e-12 8.394734e-11 max_cap317
 4.433731e-11 2.497579e-11 1.181000e-12 7.049410e-11 max_cap238
 3.059515e-17 2.517391e-16 1.415085e-11 1.415114e-11 fanout4007
 2.104515e-17 1.017361e-16 1.049531e-11 1.049543e-11 input10
 1.515772e-17 9.322254e-17 7.511184e-12 7.511292e-12 fanout3895
 1.499250e-17 7.680780e-17 7.511184e-12 7.511275e-12 fanout3943
 1.518075e-17 1.030121e-16 6.868601e-12 6.868719e-12 fanout4050
 1.513636e-17 1.010124e-16 6.868601e-12 6.868717e-12 fanout4062
 7.659530e-18 5.106551e-17 4.873834e-12 4.873893e-12 fanout4072
 7.661784e-18 4.977680e-17 4.873834e-12 4.873891e-12 fanout4070
 7.647673e-18 4.915537e-17 4.873834e-12 4.873891e-12 fanout4049
 7.673635e-18 4.788499e-17 4.873834e-12 4.873889e-12 fanout4058
 7.667020e-18 4.731365e-17 4.873834e-12 4.873889e-12 fanout4080
 7.706981e-18 4.672780e-17 4.873834e-12 4.873889e-12 fanout4036
 7.678790e-18 4.688999e-17 4.873834e-12 4.873889e-12 fanout4059
 7.711945e-18 4.595776e-17 4.873834e-12 4.873888e-12 fanout4041
 7.679950e-18 4.601020e-17 4.873834e-12 4.873888e-12 fanout4077
 7.681274e-18 4.558052e-17 4.873834e-12 4.873887e-12 fanout4024
 7.686128e-18 4.525964e-17 4.873834e-12 4.873887e-12 fanout4063
 7.683100e-18 4.509435e-17 4.873834e-12 4.873887e-12 fanout4071
 7.678615e-18 4.479883e-17 4.873834e-12 4.873886e-12 fanout4047
 7.741072e-18 4.291501e-17 4.873834e-12 4.873885e-12 fanout4068
 7.725831e-18 3.632703e-17 4.873840e-12 4.873884e-12 fanout4035
 7.728499e-18 4.206700e-17 4.873834e-12 4.873884e-12 fanout4037
 7.693356e-18 4.111808e-17 4.873834e-12 4.873883e-12 fanout4044
 7.700364e-18 4.146769e-17 4.873834e-12 4.873883e-12 fanout4078
 7.714300e-18 3.817038e-17 4.873834e-12 4.873880e-12 fanout4052
 7.728189e-18 3.729506e-17 4.873834e-12 4.873879e-12 fanout4081
 7.753852e-18 3.668144e-17 4.873834e-12 4.873878e-12 fanout4043
 7.714121e-18 3.579405e-17 4.873834e-12 4.873877e-12 fanout4045
 1.497910e-15 5.715672e-15 4.789372e-12 4.796585e-12 fanout4009
 3.244480e-15 1.643918e-14 4.633456e-12 4.653139e-12 fanout4017
 0.000000e+00 0.000000e+00 4.648000e-12 4.648000e-12 input12
 4.325265e-18 2.882559e-17 4.643576e-12 4.643609e-12 fanout4046
 4.326162e-18 2.852107e-17 4.643576e-12 4.643609e-12 fanout4048
 4.336050e-18 2.635369e-17 4.643576e-12 4.643607e-12 fanout4079
 4.357503e-18 2.259899e-17 4.643576e-12 4.643603e-12 fanout4031
 2.968984e-16 6.575165e-16 4.614818e-12 4.615773e-12 max_cap3808
 3.879295e-16 1.020227e-15 4.608547e-12 4.609955e-12 max_cap3809
 1.798225e-15 7.936434e-15 4.591287e-12 4.601021e-12 input7
 4.542804e-16 1.325475e-15 4.591812e-12 4.593592e-12 max_cap3810
 2.763744e-15 1.546576e-14 4.560276e-12 4.578505e-12 fanout4015
 7.674329e-18 5.175298e-17 4.327684e-12 4.327744e-12 fanout3951
 7.627255e-18 5.537134e-17 4.327678e-12 4.327741e-12 fanout3949
 7.704093e-18 4.892663e-17 4.327684e-12 4.327741e-12 fanout3965
 7.668932e-18 4.859896e-17 4.327684e-12 4.327741e-12 fanout3876
 7.672982e-18 4.835509e-17 4.327684e-12 4.327740e-12 fanout3911
 7.700476e-18 4.673535e-17 4.327684e-12 4.327739e-12 fanout3813
 7.613763e-18 5.260253e-17 4.327678e-12 4.327739e-12 fanout3913
 7.700973e-18 4.636509e-17 4.327684e-12 4.327739e-12 fanout3958
 7.684334e-18 4.557315e-17 4.327684e-12 4.327738e-12 fanout3848
 7.687525e-18 4.567226e-17 4.327684e-12 4.327738e-12 fanout3861
 7.697878e-18 4.467158e-17 4.327684e-12 4.327737e-12 fanout3903
 7.692557e-18 4.462259e-17 4.327684e-12 4.327737e-12 fanout3905
 7.710149e-18 4.441528e-17 4.327684e-12 4.327737e-12 fanout3812
 7.708639e-18 4.417997e-17 4.327684e-12 4.327737e-12 fanout3953
 7.695382e-18 4.377521e-17 4.327684e-12 4.327736e-12 fanout3863
 7.722955e-18 4.402967e-17 4.327684e-12 4.327736e-12 fanout3879
 7.671285e-18 4.380643e-17 4.327684e-12 4.327736e-12 fanout3950
 7.695201e-18 4.357295e-17 4.327684e-12 4.327736e-12 fanout3842
 7.650118e-18 4.961521e-17 4.327678e-12 4.327736e-12 fanout3851
 7.728355e-18 4.332033e-17 4.327684e-12 4.327736e-12 fanout3963
 7.689285e-18 4.360592e-17 4.327684e-12 4.327736e-12 fanout3976
 7.690502e-18 4.310796e-17 4.327684e-12 4.327735e-12 fanout3833
 7.695569e-18 4.288231e-17 4.327684e-12 4.327735e-12 fanout3910
 7.686180e-18 4.252617e-17 4.327684e-12 4.327735e-12 fanout3887
 7.697142e-18 4.234109e-17 4.327684e-12 4.327734e-12 fanout3919
 7.701751e-18 4.220448e-17 4.327684e-12 4.327734e-12 fanout3928
 7.710176e-18 4.172700e-17 4.327684e-12 4.327734e-12 fanout3902
 7.697950e-18 4.168044e-17 4.327684e-12 4.327734e-12 fanout3973
 7.711817e-18 4.134661e-17 4.327684e-12 4.327733e-12 fanout3857
 7.719350e-18 4.136007e-17 4.327684e-12 4.327733e-12 fanout3872
 7.699108e-18 4.082104e-17 4.327684e-12 4.327733e-12 fanout3837
 7.705387e-18 4.106498e-17 4.327684e-12 4.327733e-12 fanout3845
 7.735200e-18 4.087757e-17 4.327684e-12 4.327733e-12 fanout3883
 7.703293e-18 4.072984e-17 4.327684e-12 4.327733e-12 fanout3920
 7.700542e-18 4.081084e-17 4.327684e-12 4.327733e-12 fanout3977
 7.714659e-18 4.058971e-17 4.327684e-12 4.327733e-12 fanout3855
 7.718006e-18 4.021921e-17 4.327684e-12 4.327733e-12 fanout3858
 7.710002e-18 4.034220e-17 4.327684e-12 4.327733e-12 fanout3906
 7.693061e-18 4.655054e-17 4.327678e-12 4.327733e-12 fanout3929
 7.703914e-18 4.025828e-17 4.327684e-12 4.327733e-12 fanout3971
 7.741113e-18 4.004574e-17 4.327684e-12 4.327732e-12 fanout3836
 7.700470e-18 3.982704e-17 4.327684e-12 4.327732e-12 fanout3880
 7.755447e-18 4.005701e-17 4.327684e-12 4.327732e-12 fanout3897
 7.669156e-18 4.611294e-17 4.327678e-12 4.327732e-12 fanout3939
 7.728228e-18 3.984050e-17 4.327684e-12 4.327732e-12 fanout3959
 7.719691e-18 3.974800e-17 4.327684e-12 4.327732e-12 fanout3859
 7.679626e-18 4.551143e-17 4.327678e-12 4.327732e-12 fanout3922
 7.752266e-18 3.916551e-17 4.327684e-12 4.327731e-12 fanout3899
 7.748345e-18 3.903772e-17 4.327684e-12 4.327731e-12 fanout3970
 7.712841e-18 3.867914e-17 4.327684e-12 4.327731e-12 fanout3847
 7.701588e-18 3.859390e-17 4.327684e-12 4.327731e-12 fanout3888
 7.740113e-18 3.875183e-17 4.327684e-12 4.327731e-12 fanout3918
 7.738247e-18 3.852601e-17 4.327684e-12 4.327731e-12 fanout3979
 7.739070e-18 3.835740e-17 4.327684e-12 4.327730e-12 fanout3839
 7.720398e-18 3.830024e-17 4.327684e-12 4.327730e-12 fanout3938
 7.748587e-18 3.760897e-17 4.327684e-12 4.327730e-12 fanout3901
 7.688123e-18 4.404558e-17 4.327678e-12 4.327730e-12 fanout3933
 7.702521e-18 4.407645e-17 4.327678e-12 4.327730e-12 fanout3937
 7.744359e-18 3.787762e-17 4.327684e-12 4.327730e-12 fanout3968
 7.688292e-18 4.338293e-17 4.327678e-12 4.327730e-12 fanout3923
 7.689754e-18 4.324940e-17 4.327678e-12 4.327729e-12 fanout3814
 7.750767e-18 3.673342e-17 4.327684e-12 4.327729e-12 fanout3972
 7.744894e-18 3.701235e-17 4.327684e-12 4.327729e-12 fanout3978
 7.730110e-18 4.238090e-17 4.327678e-12 4.327729e-12 fanout3890
 7.700211e-18 4.226544e-17 4.327678e-12 4.327728e-12 fanout3830
 7.769578e-18 3.600995e-17 4.327684e-12 4.327728e-12 fanout3865
 7.712934e-18 4.198844e-17 4.327678e-12 4.327728e-12 fanout3926
 7.742980e-18 3.611577e-17 4.327684e-12 4.327728e-12 fanout3975
 7.688711e-18 4.186590e-17 4.327678e-12 4.327728e-12 fanout3825
 7.793443e-18 3.548395e-17 4.327684e-12 4.327728e-12 fanout4004
 7.682801e-18 4.143536e-17 4.327678e-12 4.327727e-12 fanout3875
 7.698074e-18 4.148117e-17 4.327678e-12 4.327727e-12 fanout3884
 7.687819e-18 4.131311e-17 4.327678e-12 4.327727e-12 fanout3940
 7.684553e-18 4.107984e-17 4.327678e-12 4.327727e-12 fanout3894
 7.746336e-18 3.485855e-17 4.327684e-12 4.327727e-12 fanout3952
 7.694942e-18 4.036169e-17 4.327678e-12 4.327727e-12 fanout3827
 7.707404e-18 4.052185e-17 4.327678e-12 4.327727e-12 fanout3828
 7.722575e-18 3.992955e-17 4.327678e-12 4.327726e-12 fanout3817
 7.724207e-18 3.998401e-17 4.327678e-12 4.327726e-12 fanout3936
 7.690603e-18 4.003374e-17 4.327678e-12 4.327726e-12 fanout3966
 7.785421e-18 3.398993e-17 4.327684e-12 4.327726e-12 fanout3967
 7.685300e-18 3.964488e-17 4.327678e-12 4.327726e-12 fanout3900
 7.704540e-18 3.896872e-17 4.327678e-12 4.327725e-12 fanout3867
 7.705026e-18 3.884565e-17 4.327678e-12 4.327725e-12 fanout3866
 7.701626e-18 3.817672e-17 4.327678e-12 4.327724e-12 fanout3816
 7.752600e-18 3.821522e-17 4.327678e-12 4.327724e-12 fanout3826
 7.763841e-18 3.837460e-17 4.327678e-12 4.327724e-12 fanout3870
 7.690694e-18 3.828976e-17 4.327678e-12 4.327724e-12 fanout3898
 7.820873e-18 3.734676e-17 4.327678e-12 4.327724e-12 fanout3925
 7.715290e-18 3.742564e-17 4.327678e-12 4.327724e-12 fanout3932
 7.746253e-18 3.461063e-17 4.327678e-12 4.327721e-12 fanout3820
 7.709378e-18 3.498119e-17 4.327678e-12 4.327721e-12 fanout4005
 1.962851e-15 1.361665e-14 4.145189e-12 4.160768e-12 fanout4018
 1.255234e-15 4.083945e-15 4.107428e-12 4.112767e-12 fanout1220
 1.923126e-15 8.602272e-15 4.085351e-12 4.095876e-12 fanout1218
 1.553842e-15 7.764894e-15 4.081038e-12 4.090357e-12 fanout4014
 1.552793e-15 6.873320e-15 4.081038e-12 4.089464e-12 fanout4011
 1.560536e-15 5.975720e-15 4.081038e-12 4.088574e-12 fanout4013
 4.350740e-18 2.572140e-17 3.663757e-12 3.663787e-12 fanout3980
 4.340669e-18 2.469517e-17 3.663757e-12 3.663786e-12 fanout3989
 4.341881e-18 2.428019e-17 3.663757e-12 3.663786e-12 fanout3986
 4.341645e-18 2.332300e-17 3.663757e-12 3.663785e-12 fanout3981
 4.375910e-18 2.237054e-17 3.663757e-12 3.663784e-12 fanout3931
 4.345897e-18 2.227963e-17 3.663757e-12 3.663784e-12 fanout3834
 4.360765e-18 2.009899e-17 3.663757e-12 3.663782e-12 fanout3873
 4.367993e-18 1.921188e-17 3.663757e-12 3.663781e-12 fanout3962
 4.358975e-18 1.758351e-17 3.663757e-12 3.663779e-12 fanout3843
 4.359880e-18 1.796048e-17 3.663757e-12 3.663779e-12 fanout3862
 4.365030e-18 1.705279e-17 3.663757e-12 3.663778e-12 fanout3955
 4.392612e-18 1.675981e-17 3.663757e-12 3.663778e-12 fanout3993
 4.341620e-18 2.724411e-17 3.663746e-12 3.663778e-12 fanout3942
 4.350883e-18 2.691848e-17 3.663746e-12 3.663778e-12 fanout3889
 4.349267e-18 2.632156e-17 3.663746e-12 3.663777e-12 fanout3841
 4.352016e-18 2.552120e-17 3.663746e-12 3.663776e-12 fanout3846
 4.339997e-18 2.546362e-17 3.663746e-12 3.663776e-12 fanout3864
 4.329206e-18 2.536373e-17 3.663746e-12 3.663776e-12 fanout3907
 4.330727e-18 2.476968e-17 3.663746e-12 3.663775e-12 fanout3904
 4.355134e-18 1.380842e-17 3.663757e-12 3.663775e-12 fanout3998
 4.359535e-18 2.421838e-17 3.663746e-12 3.663775e-12 fanout3891
 4.344913e-18 2.249820e-17 3.663746e-12 3.663773e-12 fanout3882
 4.363570e-18 1.604857e-17 3.663746e-12 3.663767e-12 fanout3927
 4.373088e-18 1.527034e-17 3.663746e-12 3.663766e-12 fanout3893
 1.212641e-15 8.452161e-16 1.181000e-12 1.183058e-12 input1
 1.303661e-15 5.888360e-16 1.181000e-12 1.182892e-12 input3
 1.180215e-15 6.543400e-16 1.181000e-12 1.182835e-12 input2
 4.571531e-16 4.668707e-16 1.181000e-12 1.181924e-12 max_cap3811
