0 14 13 5
1 15 14 4
2 10 9 5
3 17 16 6
4 14 14 6
5 10 9 5
6 7 6 5
7 29 29 5
8 19 19 5
9 5 5 5
10 12 11 5
11 13 12 6
12 12 12 4
13 14 13 7
14 17 16 4
15 12 11 5
16 15 14 6
17 12 12 6
18 10 10 4
19 10 9 5
20 11 10 4
21 10 9 5
22 15 15 5
23 15 14 6
24 6 6 6
25 15 14 4
26 10 9 5
27 15 15 7
28 25 24 4
29 20 19 5
30 11 10 6
31 14 14 4
32 18 17 5
33 11 11 5
34 17 16 4
35 16 15 5
36 35 34 6
37 20 20 4
38 20 19 5
39 19 18 4
40 20 19 5
41 39 39 5
42 25 24 4
43 24 23 5
44 13 12 4
45 24 23 5
46 21 20 4
47 18 17 5
48 11 10 4
49 18 17 5
50 21 20 4
51 22 21 5
52 11 10 4
53 24 23 5
54 17 16 4
55 14 13 5
56 11 10 6
57 24 24 4
58 18 17 5
59 29 28 4
60 22 21 5
61 13 13 5
62 25 24 6
63 24 24 4
64 18 17 5
65 19 18 4
66 12 11 5
67 19 18 4
68 18 17 5
69 13 13 5
70 19 18 6
71 24 23 5
72 27 26 8
73 16 16 6
74 28 27 9
75 19 18 6
76 18 17 5
77 15 14 4
78 20 19 5
79 15 14 4
80 18 17 5
81 13 13 5
82 19 18 4
83 18 17 5
84 13 13 5
85 11 11 5
86 15 15 5
87 19 18 8
88 12 12 6
89 16 16 6
90 12 11 5
91 15 15 5
92 15 14 4
93 14 13 7
94 25 24 4
95 10 9 5
96 17 16 4
97 26 25 9
98 17 16 4
99 22 21 7
100 19 19 5
101 13 13 7
102 15 15 5
103 7 7 7
104 16 16 6
105 14 14 4
106 14 13 5
107 23 22 6
108 12 11 7
109 21 20 8
110 14 14 6
111 16 16 6
112 12 12 6
113 18 18 8
114 12 11 5
115 13 13 5
116 17 16 6
117 16 16 6
118 10 10 6
119 12 12 6
120 8 8 4
121 18 17 5
122 15 14 6
123 18 18 6
124 18 18 6
125 24 23 5
126 7 6 5
127 13 13 5
128 13 12 6
129 18 18 6
130 10 10 4
131 26 25 7
132 17 17 5
133 21 20 6
134 8 8 4
135 10 9 5
136 11 11 5
137 19 19 7
138 7 7 7
139 16 16 4
140 14 13 5
141 13 12 6
142 12 12 4
143 24 23 5
144 11 10 6
145 32 32 10
146 8 8 4
147 12 11 5
148 11 11 5
149 21 20 6
150 12 12 6
151 14 14 6
152 22 21 7
153 17 16 6
154 10 10 4
155 16 15 7
156 13 12 4
157 14 13 7
158 23 22 8
159 10 10 4
160 16 15 7
161 11 10 6
162 10 10 4
163 12 11 5
164 15 14 6
165 16 15 5
166 19 18 4
167 16 15 5
168 13 12 6
169 16 16 6
170 14 13 5
171 17 17 7
172 5 5 5
173 12 11 5
174 17 16 8
175 14 13 7
176 29 28 6
177 10 10 4
178 18 17 5
179 9 8 4
180 20 19 5
181 9 8 4
182 22 21 5
183 13 13 5
184 17 16 6
185 10 10 6
186 10 10 4
187 12 11 5
188 15 14 6
189 10 9 5
190 15 14 6
191 12 11 5
192 11 11 5
193 11 11 7
194 9 8 4
195 16 15 7
196 17 16 4
197 14 13 5
198 13 12 6
199 10 10 6
200 18 17 5
201 9 9 5
202 23 22 6
203 16 15 5
204 13 13 5
205 11 10 4
206 10 9 5
207 11 11 5
208 15 15 5
209 11 10 6
210 18 18 4
211 8 7 6
212 18 18 6
213 22 21 7
214 15 14 4
215 14 13 5
216 21 20 4
217 14 13 5
218 15 14 6
219 14 14 6
220 24 23 5
221 11 11 5
222 17 16 6
223 20 20 4
224 18 17 5
225 13 12 4
226 10 9 5
227 27 26 4
228 14 13 5
229 11 11 5
230 15 14 4
231 18 17 7
232 15 14 4
233 12 11 5
234 15 14 6
235 16 15 5
236 15 14 6
237 12 12 4
238 14 13 7
239 11 10 6
240 14 14 6
241 16 16 4
242 20 19 7
243 11 10 6
244 14 14 4
245 8 7 6
246 10 10 6
247 8 8 4
248 14 13 7
249 7 6 5
250 15 15 5
251 7 6 5
252 7 7 7
253 18 18 6
254 10 10 6
255 10 10 6
256 18 17 5
257 13 13 5
258 13 12 6
259 12 12 6
260 12 12 8
261 16 16 6
262 10 10 6
263 12 12 4
264 12 11 5
265 9 9 5
266 9 8 7
267 13 12 8
268 10 9 5
269 11 11 5
270 7 6 5
271 9 8 4
272 12 11 7
273 11 11 7
274 15 14 6
275 10 10 6
276 12 12 6
277 16 15 5
278 9 9 5
279 13 13 7
280 11 10 4
281 14 13 5
282 7 7 7
283 10 10 6
284 10 10 6
285 10 10 4
286 8 7 6
287 10 10 6
288 6 5 4
289 12 11 7
290 17 17 7
291 11 10 4
292 14 13 5
293 15 14 8
294 12 12 6
295 12 11 5
296 11 10 4
297 14 13 7
298 13 12 6
299 16 15 5
300 19 19 5
301 13 12 6
302 6 6 6
303 11 10 4
304 20 19 7
305 15 14 6
306 16 16 6
307 10 10 4
308 12 11 5
309 13 12 6
310 16 15 7
311 13 12 4
312 6 5 4
313 20 19 5
314 13 13 5
315 15 14 6
316 6 6 6
317 13 13 5
318 9 9 5
319 11 10 4
320 20 19 5
321 13 12 6
322 6 6 6
323 21 20 6
324 12 12 4
325 10 9 5
326 17 16 4
327 8 7 6
328 12 12 6
329 16 16 6
330 12 11 5
331 23 23 5
332 15 14 6
333 8 8 4
334 14 13 5
335 7 6 5
336 13 12 6
337 14 14 6
338 14 14 4
339 20 19 5
340 17 17 5
341 11 10 6
342 12 12 4
343 6 5 4
344 12 11 7
345 11 10 6
346 16 16 6
347 20 20 6
348 18 18 4
349 10 9 5
350 13 12 4
351 10 9 5
352 13 12 6
353 10 10 4
354 30 29 5
355 17 17 5
356 17 16 4
357 6 5 4
358 14 13 5
359 11 10 4
360 32 31 5
361 21 21 5
362 25 24 4
363 20 19 5
364 15 14 6
365 10 10 4
366 16 15 5
367 11 10 4
368 20 19 5
369 27 26 6
370 26 26 4
371 12 11 5
372 15 14 4
373 24 23 5
374 15 15 5
375 13 12 4
376 18 17 5
377 17 16 4
378 24 23 5
379 17 16 4
380 16 15 5
381 15 14 6
382 18 18 6
383 22 22 6
384 16 16 6
385 14 14 4
386 16 15 5
387 15 15 5
388 17 16 4
389 18 17 5
390 11 10 4
391 22 21 9
392 27 26 6
393 16 16 4
394 18 17 5
395 19 19 5
396 17 17 5
397 17 16 6
398 18 18 6
399 16 16 6
400 24 24 10
401 20 19 5
402 13 13 7
403 29 28 4
404 26 25 9
405 21 20 8
406 26 25 11
407 17 16 8
408 22 22 8
409 10 10 4
410 18 17 5
411 19 18 4
412 14 13 5
413 15 14 6
414 16 16 6
415 18 17 7
416 21 20 6
417 10 10 4
418 16 15 7
419 19 18 6
420 28 27 7
421 13 12 6
422 24 23 7
423 21 20 8
424 18 18 8
425 10 10 4
426 12 11 5
427 23 22 6
428 16 16 4
429 34 33 11
430 15 15 5
431 23 23 9
432 15 14 6
433 14 13 5
434 19 19 5
435 19 18 4
436 18 17 9
437 25 24 8
438 18 18 8
439 24 23 9
440 17 16 4
441 20 19 5
442 17 17 5
443 17 16 6
444 10 10 6
445 20 20 8
446 12 12 4
447 22 21 5
448 17 16 6
449 14 14 4
450 10 9 5
451 13 12 6
452 12 12 6
453 14 14 4
454 16 15 7
455 17 16 4
456 12 11 5
457 17 16 6
458 18 17 7
459 11 10 4
460 20 19 5
461 19 18 4
462 12 11 5
463 11 10 4
464 16 15 5
465 11 11 5
466 21 20 8
467 18 18 4
468 12 11 5
469 13 12 4
470 16 15 5
471 11 10 6
472 6 5 4
473 16 15 7
474 15 14 4
475 20 19 5
476 9 8 4
477 12 11 5
478 19 19 7
479 13 12 6
480 10 10 4
481 10 9 5
482 13 13 7
483 15 14 6
484 14 13 5
485 13 12 6
486 12 12 6
487 10 10 4
488 10 9 5
489 13 13 5
490 9 9 5
491 13 13 5
492 13 12 4
493 10 9 5
494 15 14 4
495 24 23 7
496 9 8 4
497 16 15 5
498 11 11 5
499 15 14 6
500 22 22 4
501 20 19 5
502 21 20 6
503 14 14 4
504 16 15 5
505 13 13 5
506 27 26 6
507 14 13 5
508 17 16 4
509 10 9 5
510 15 14 6
511 20 20 8
512 24 24 6
513 12 11 5
514 15 14 6
515 16 16 6
516 12 12 4
517 14 13 5
518 11 11 5
519 17 17 5
520 17 17 7
521 13 12 6
522 12 12 4
523 14 13 5
524 17 16 6
525 20 20 6
526 14 13 5
527 13 12 6
528 22 22 8
529 10 10 6
530 14 14 4
531 10 9 5
532 15 14 6
533 16 15 5
534 11 10 6
535 8 8 4
536 6 5 4
537 16 15 5
538 13 13 7
539 9 9 5
540 9 8 4
541 10 9 5
542 19 19 5
543 9 8 4
544 22 21 5
545 11 10 4
546 14 13 7
547 13 12 6
548 10 10 6
549 8 8 4
550 14 13 7
551 9 8 4
552 12 11 5
553 11 11 7
554 9 9 5
555 9 8 4
556 16 15 7
557 9 9 5
558 15 15 5
559 11 10 4
560 6 5 4
561 12 11 5
562 13 13 5
563 13 12 6
564 12 12 6
565 12 12 6
566 10 10 4
567 18 17 7
568 9 8 4
569 10 9 5
570 13 13 5
571 7 6 5
572 17 16 6
573 18 17 9
574 7 6 5
575 13 12 6
576 12 12 6
577 14 13 5
578 13 13 5
579 11 11 5
580 9 9 5
581 19 19 5
582 9 8 4
583 18 17 5
584 11 11 5
585 15 14 6
586 16 15 5
587 13 12 6
588 12 12 6
589 14 14 6
590 14 14 6
591 18 17 5
592 15 14 4
593 22 21 5
594 9 9 5
595 21 20 4
596 6 5 4
597 14 13 5
598 11 11 5
599 15 14 4
600 18 17 5
601 19 18 6
602 14 14 4
603 20 19 5
604 19 18 4
605 14 13 5
606 13 12 6
607 14 14 4
608 16 15 5
609 21 20 6
610 12 12 4
611 20 19 5
612 17 16 4
613 20 19 5
614 13 12 4
615 12 11 5
616 13 12 4
617 18 17 5
618 11 10 4
619 12 11 5
620 15 14 4
621 16 15 5
622 9 9 5
623 23 22 6
624 16 16 4
625 22 21 5
626 19 19 5
627 9 8 4
628 26 25 5
629 11 10 4
630 18 17 5
631 13 12 4
632 12 11 5
633 15 14 4
634 20 19 5
635 21 20 4
636 42 41 5
637 21 20 4
638 12 11 5
639 19 18 6
640 22 22 4
641 28 27 5
642 21 20 4
643 30 29 7
644 25 24 6
645 20 20 6
646 18 17 7
647 23 22 4
648 30 29 9
649 9 8 4
650 28 27 5
651 15 15 5
652 31 31 11
653 19 19 7
654 13 12 4
655 14 13 5
656 19 18 4
657 26 25 7
658 21 21 5
659 21 20 8
660 10 10 4
661 16 15 5
662 21 21 5
663 15 15 5
664 19 18 6
665 14 14 4
666 22 21 5
667 15 15 5
668 31 30 6
669 16 16 6
670 30 30 10
671 22 22 6
672 40 40 8
673 16 15 5
674 17 16 4
675 16 15 5
676 19 18 4
677 6 5 4
678 34 33 5
679 17 16 6
680 14 14 4
681 18 17 5
682 15 14 4
683 14 13 5
684 19 18 4
685 16 15 5
686 17 16 4
687 18 17 5
688 11 10 4
689 16 15 5
690 11 11 5
691 21 20 6
692 16 16 4
693 18 17 5
694 11 11 5
695 15 14 4
696 12 11 5
697 17 16 4
698 16 15 5
699 15 14 8
700 10 10 4
701 26 25 5
702 17 16 6
703 10 10 4
704 12 11 5
705 13 13 5
706 19 19 5
707 15 14 4
708 10 9 5
709 13 13 5
710 11 11 7
711 13 12 6
712 14 13 7
713 11 10 4
714 12 11 5
715 13 13 7
716 21 20 6
717 22 22 4
718 22 21 5
719 15 15 5
720 15 15 7
721 11 10 6
722 10 10 4
723 26 25 5
724 17 17 5
725 21 21 5
726 11 11 5
727 19 18 6
728 18 17 9
729 13 13 5
730 19 18 6
731 12 12 4
732 12 11 5
733 15 14 6
734 14 14 6
735 12 12 4
736 12 11 5
737 13 12 6
738 12 12 6
739 20 20 8
740 20 19 5
741 19 18 6
742 24 24 10
743 14 14 6
744 12 12 6
745 14 14 6
746 14 14 6
747 18 17 7
748 15 14 6
749 14 14 4
750 16 15 5
751 11 11 5
752 11 11 5
753 13 12 4
754 12 11 5
755 11 11 5
756 15 15 7
757 13 12 4
758 12 11 5
759 9 9 5
760 11 11 7
761 13 12 6
762 12 12 6
763 14 13 5
764 11 10 6
765 16 15 7
766 9 8 4
767 18 17 5
768 15 15 5
769 13 13 5
770 13 13 7
771 13 12 6
772 22 22 4
773 10 9 5
774 15 15 7
775 9 8 4
776 16 15 5
777 11 11 7
778 17 16 6
779 10 9 5
780 19 18 6
781 14 13 5
782 11 11 5
783 13 12 6
784 8 8 4
785 8 7 6
786 12 12 6
787 18 18 8
788 16 16 6
789 6 6 6
790 9 8 4
791 10 9 5
792 9 9 5
793 11 11 7
794 15 15 7
795 13 12 4
796 10 9 5
797 11 11 5
798 7 6 5
799 13 13 9
800 11 10 6
801 12 11 5
802 13 12 4
803 10 9 5
804 19 18 6
805 14 13 5
806 9 8 4
807 8 7 6
808 12 12 6
809 18 18 6
810 8 8 4
811 18 17 5
812 13 12 6
813 6 5 4
814 14 13 7
815 9 8 7
816 11 10 4
817 12 11 5
818 9 9 5
819 9 9 5
820 7 7 7
821 12 12 4
822 22 21 5
823 7 6 5
824 13 12 4
825 12 11 5
826 15 15 5
827 13 12 4
828 14 13 5
829 15 14 6
830 12 11 5
831 13 13 5
832 13 13 7
833 7 6 5
834 5 5 5
835 14 13 7
836 15 14 4
837 8 7 6
838 14 14 6
839 10 10 6
840 12 11 7
841 13 13 5
842 15 14 4
843 6 5 4
844 16 15 5
845 17 16 4
846 10 9 5
847 9 8 4
848 14 13 7
849 15 14 8
850 16 16 4
851 18 17 7
852 19 18 4
853 18 17 5
854 11 10 6
855 14 13 5
856 11 11 5
857 9 8 4
858 14 13 7
859 11 11 5
860 7 6 5
861 13 12 6
862 18 17 7
863 9 8 4
864 8 7 6
865 12 12 6
866 8 8 4
867 18 17 5
868 17 16 6
869 18 18 6
870 10 10 4
871 18 17 5
872 13 12 6
873 10 9 5
874 17 16 8
875 10 10 4
876 8 7 6
877 14 14 6
878 6 6 6
879 15 15 7
880 13 12 4
881 16 15 7
882 13 12 4
883 20 19 5
884 19 19 5
885 21 20 4
886 16 15 5
887 11 10 4
888 12 11 5
889 27 27 5
890 27 26 6
891 18 18 4
892 30 29 5
893 23 22 4
894 12 11 5
895 15 14 4
896 50 49 5
897 27 27 5
898 15 14 4
899 18 17 5
900 21 20 4
901 16 15 5
902 23 22 4
903 18 17 5
904 17 16 4
905 22 21 5
906 15 14 4
907 18 17 5
908 31 30 6
909 14 14 4
910 12 11 5
911 29 28 6
912 14 14 4
913 14 13 5
914 15 15 5
915 9 8 4
916 18 17 5
917 17 16 6
918 12 12 4
919 12 11 5
920 17 17 5
921 17 16 4
922 30 29 7
923 15 14 6
924 20 19 5
925 11 10 4
926 26 25 7
927 27 26 4
928 18 17 7
929 19 18 4
930 18 17 5
931 21 20 6
932 10 10 4
933 16 15 5
934 13 12 6
935 14 14 6
936 18 18 4
937 22 21 5
938 23 23 5
939 15 14 6
940 16 15 5
941 17 17 5
942 17 17 5
943 11 10 4
944 14 13 5
945 13 13 5
946 19 19 5
947 17 17 5
948 11 10 4
949 14 13 7
950 17 16 4
951 16 15 5
952 19 18 6
953 16 16 6
954 18 18 4
955 22 21 5
956 15 15 5
957 17 17 5
958 21 20 4
959 18 17 5
960 17 16 6
961 12 12 6
962 10 9 5
963 15 14 4
964 18 17 9
965 15 15 7
966 13 12 6
967 24 24 8
968 12 12 4
969 30 29 5
970 15 15 5
971 23 22 4
972 20 19 5
973 31 30 8
974 16 16 6
975 14 13 7
976 25 24 6
977 18 17 7
978 17 17 7
979 25 25 7
980 23 23 9
981 17 17 5
982 13 12 6
983 14 14 6
984 28 28 6
985 14 14 4
986 18 17 5
987 15 14 4
988 14 13 5
989 19 18 4
990 18 17 5
991 27 26 6
992 22 22 10
993 16 16 4
994 20 19 7
995 15 14 4
996 14 13 5
997 15 14 4
998 10 9 5
999 11 11 5
1000 5 5 5
1001 14 13 5
1002 13 13 5
1003 17 16 6
1004 14 14 6
1005 14 13 5
1006 11 11 5
1007 21 20 6
1008 12 11 5
1009 15 15 5
1010 9 8 4
1011 18 17 5
1012 13 13 5
1013 13 12 4
1014 10 9 5
1015 25 24 8
1016 20 20 6
1017 10 10 4
1018 6 5 4
1019 16 15 5
1020 19 18 4
1021 14 13 5
1022 11 10 4
1023 14 13 5
1024 29 28 4
1025 24 23 5
1026 11 10 4
1027 22 21 5
1028 11 11 5
1029 19 18 6
1030 12 12 6
1031 12 11 5
1032 15 14 4
1033 18 17 5
1034 21 20 4
1035 26 25 9
1036 25 24 8
1037 10 10 4
1038 20 19 5
1039 13 12 4
1040 20 19 5
1041 11 11 5
1042 13 13 5
1043 23 22 6
1044 16 16 4
1045 16 15 5
1046 11 10 4
1047 24 23 5
1048 19 18 6
1049 14 14 6
1050 14 14 6
1051 14 14 6
1052 16 15 5
1053 9 9 5
1054 19 18 6
1055 10 10 6
1056 18 18 6
1057 14 14 4
1058 10 9 5
1059 17 17 9
1060 13 12 4
1061 10 9 5
1062 19 18 8
1063 10 10 4
1064 12 11 5
1065 5 5 5
1066 16 15 5
1067 11 11 7
1068 17 16 6
1069 14 14 6
1070 10 9 5
1071 11 11 5
1072 17 16 6
1073 10 10 6
1074 12 11 5
1075 9 9 5
1076 13 13 5
1077 11 11 5
1078 19 19 5
1079 11 11 5
1080 13 13 5
1081 9 9 5
1082 11 10 4
1083 16 15 5
1084 13 13 5
1085 9 9 5
1086 11 10 6
1087 12 12 6
1088 14 14 4
1089 14 13 5
1090 11 11 5
1091 7 6 5
1092 13 13 7
1093 15 14 6
1094 16 16 6
1095 6 6 6
1096 11 10 4
1097 12 11 5
1098 11 11 5
1099 5 5 5
1100 12 11 7
1101 15 14 4
1102 16 15 5
1103 13 12 6
1104 14 14 6
1105 12 11 5
1106 9 9 5
1107 15 15 5
1108 15 15 7
1109 9 8 4
1110 14 13 7
1111 13 12 4
1112 10 9 5
1113 13 12 6
1114 12 12 6
1115 10 10 6
1116 10 10 6
1117 10 9 5
1118 11 10 4
1119 16 15 7
1120 19 19 5
1121 9 9 5
1122 11 11 5
1123 11 10 4
1124 16 15 7
1125 11 10 4
1126 10 9 5
1127 21 20 6
1128 16 15 7
1129 11 10 4
1130 8 7 6
1131 10 10 4
1132 18 17 5
1133 15 14 6
1134 10 10 4
1135 6 5 4
1136 16 15 5
1137 15 15 7
1138 13 13 5
1139 13 13 5
1140 15 14 4
1141 20 19 5
1142 15 15 7
1143 17 16 6
1144 16 16 6
1145 14 14 4
1146 8 7 6
1147 14 14 6
1148 6 6 6
1149 11 11 5
1150 11 11 5
1151 13 12 4
1152 20 19 5
1153 17 17 5
1154 13 13 5
1155 11 10 4
1156 12 11 5
1157 17 16 6
1158 10 10 4
1159 24 23 5
1160 13 13 5
1161 11 10 4
1162 14 13 5
1163 13 12 4
1164 12 11 5
1165 9 9 5
1166 9 8 4
1167 24 23 7
1168 11 10 4
1169 14 13 5
1170 15 14 6
1171 10 9 5
1172 7 6 5
1173 27 26 4
1174 22 21 5
1175 25 24 4
1176 14 13 5
1177 19 18 6
1178 8 8 4
1179 12 11 5
1180 11 10 4
1181 16 15 5
1182 21 20 6
1183 12 12 4
1184 6 5 4
1185 12 11 5
1186 11 10 4
1187 20 19 5
1188 9 9 5
1189 23 22 4
1190 30 29 5
1191 25 24 4
1192 14 13 5
1193 17 16 6
1194 20 20 4
1195 24 23 5
1196 17 16 4
1197 22 21 5
1198 11 10 4
1199 14 13 5
1200 11 10 4
1201 24 23 5
1202 19 18 4
1203 20 19 5
1204 9 8 4
1205 14 13 5
1206 13 12 4
1207 14 13 5
1208 15 14 4
1209 16 15 5
1210 17 16 4
1211 14 13 5
1212 15 14 4
1213 16 15 5
1214 19 18 4
1215 22 21 5
1216 11 11 5
1217 31 30 6
1218 18 18 4
1219 18 17 7
1220 7 6 5
1221 15 14 4
1222 14 13 5
1223 21 20 6
1224 30 29 5
1225 9 8 4
1226 12 11 5
1227 17 16 4
1228 14 13 5
1229 13 12 4
1230 20 19 5
1231 13 12 4
1232 18 17 5
1233 9 8 4
1234 12 11 5
1235 29 28 4
1236 20 19 5
1237 31 30 4
1238 28 27 5
1239 21 20 4
1240 14 13 5
1241 21 20 4
1242 30 29 5
1243 23 22 6
1244 32 32 4
1245 32 31 5
1246 23 22 4
1247 18 17 5
1248 39 38 4
1249 28 27 5
1250 27 26 6
1251 28 28 6
1252 38 38 4
1253 32 31 5
1254 33 33 7
1255 15 15 5
1256 25 24 4
1257 30 29 5
1258 31 30 6
1259 14 13 5
1260 23 22 6
1261 16 15 5
1262 15 14 6
1263 16 16 6
1264 24 23 5
1265 19 18 4
1266 22 21 5
1267 19 18 4
1268 24 23 9
1269 17 16 4
1270 20 19 5
1271 21 20 4
1272 24 23 5
1273 21 20 4
1274 14 13 5
1275 15 14 4
1276 28 27 11
1277 21 20 6
1278 12 12 4
1279 16 15 5
1280 9 8 4
1281 14 13 7
1282 25 25 5
1283 17 17 5
1284 19 18 6
1285 16 15 5
1286 19 18 6
1287 20 19 5
1288 11 11 5
1289 17 16 6
1290 16 16 6
1291 20 19 5
1292 15 14 6
1293 16 16 6
1294 24 24 12
1295 6 6 6
1296 17 16 4
1297 10 9 5
1298 13 12 4
1299 18 17 5
1300 25 25 7
1301 11 10 4
1302 18 17 7
1303 19 18 6
1304 16 16 6
1305 20 20 6
1306 10 9 5
1307 17 16 4
1308 24 23 9
1309 11 10 6
1310 20 20 6
1311 12 12 4
1312 20 19 5
1313 17 16 4
1314 18 17 5
1315 19 18 6
1316 8 8 4
1317 16 15 7
1318 15 14 4
1319 12 11 5
1320 21 20 4
1321 18 17 9
1322 13 13 5
1323 23 23 7
1324 19 18 6
1325 10 10 4
1326 20 19 5
1327 15 14 6
1328 18 17 7
1329 11 11 5
1330 13 13 5
1331 5 5 5
1332 14 13 7
1333 9 9 5
1334 17 17 5
1335 15 14 4
1336 10 9 5
1337 15 14 6
1338 8 8 4
1339 16 15 5
1340 13 13 7
1341 11 10 4
1342 10 9 5
1343 9 9 5
1344 11 10 6
1345 14 14 6
1346 12 12 6
1347 12 11 5
1348 13 12 4
1349 20 19 5
1350 11 11 7
1351 13 12 6
1352 20 19 5
1353 25 25 5
1354 15 15 5
1355 15 14 4
1356 12 11 5
1357 11 11 5
1358 15 15 5
1359 13 13 5
1360 11 10 4
1361 24 23 5
1362 11 10 4
1363 18 17 7
1364 13 13 5
1365 13 13 5
1366 13 12 6
1367 12 12 6
1368 12 12 6
1369 12 11 5
1370 13 12 6
1371 14 14 6
1372 14 14 6
1373 14 14 4
1374 18 17 7
1375 13 12 6
1376 8 8 4
1377 12 11 5
1378 9 9 5
1379 13 13 5
1380 9 8 4
1381 18 17 5
1382 11 10 4
1383 10 9 5
1384 9 8 4
1385 12 11 7
1386 17 16 6
1387 18 17 7
1388 7 6 5
1389 15 14 6
1390 12 12 6
1391 16 16 8
1392 14 14 6
1393 14 13 7
1394 11 10 6
1395 12 11 5
1396 13 13 5
1397 15 15 5
1398 11 11 5
1399 19 18 6
1400 18 17 7
1401 15 14 6
1402 6 5 4
1403 20 19 7
1404 7 6 5
1405 17 16 6
1406 12 11 5
1407 17 16 4
1408 14 13 5
1409 9 9 5
1410 13 12 8
1411 12 12 6
1412 10 10 4
1413 18 17 7
1414 9 9 5
1415 15 14 6
1416 8 8 4
1417 10 9 5
1418 13 13 5
1419 7 7 7
1420 16 16 6
1421 10 9 5
1422 11 11 5
1423 17 16 4
1424 14 13 7
1425 9 9 5
1426 15 14 4
1427 12 11 5
1428 17 16 6
1429 10 10 6
1430 18 17 7
1431 7 6 5
1432 13 12 4
1433 12 11 5
1434 15 14 6
1435 16 16 6
1436 14 14 6
1437 12 12 4
1438 20 19 5
1439 13 12 4
1440 10 9 5
1441 15 14 8
1442 14 14 6
1443 14 14 6
1444 18 18 6
1445 14 13 5
1446 17 16 4
1447 14 13 5
1448 9 9 5
1449 9 8 4
1450 12 11 5
1451 9 9 5
1452 17 16 6
1453 10 10 4
1454 16 15 5
1455 9 9 5
1456 13 13 5
1457 5 5 5
1458 12 11 5
1459 15 15 5
1460 19 18 4
1461 8 7 6
1462 16 15 5
1463 5 5 5
1464 14 13 5
1465 11 11 5
1466 15 14 4
1467 22 21 7
1468 13 12 6
1469 6 6 6
1470 11 10 4
1471 14 13 5
1472 15 14 6
1473 20 19 5
1474 21 21 5
1475 15 14 6
1476 12 12 4
1477 6 5 4
1478 12 11 5
1479 23 22 8
1480 22 22 4
1481 18 17 5
1482 19 19 5
1483 13 12 4
1484 20 19 7
1485 13 12 4
1486 12 11 5
1487 19 18 6
1488 36 35 5
1489 21 20 4
1490 16 15 5
1491 13 12 4
1492 18 17 5
1493 9 8 4
1494 24 23 5
1495 31 30 4
1496 24 23 5
1497 19 18 4
1498 14 13 5
1499 9 8 4
1500 18 17 5
1501 11 10 4
1502 24 23 5
1503 15 14 6
1504 10 10 4
1505 12 11 5
1506 15 14 6
1507 22 22 6
1508 14 13 5
1509 21 20 4
1510 20 19 5
1511 19 18 4
1512 10 9 5
1513 13 12 4
1514 16 15 5
1515 17 16 4
1516 14 13 5
1517 9 8 4
1518 30 29 7
1519 13 12 6
1520 14 14 4
1521 12 11 5
1522 15 14 6
1523 14 13 5
1524 13 13 5
1525 17 16 6
1526 24 24 6
1527 12 12 6
1528 14 14 6
1529 14 13 5
1530 15 14 8
1531 18 18 6
1532 8 8 4
1533 18 17 5
1534 13 13 5
1535 15 15 5
1536 13 13 5
1537 11 10 4
1538 22 21 5
1539 15 15 5
1540 17 16 6
1541 18 18 6
1542 14 14 6
1543 12 11 5
1544 17 16 6
1545 18 18 6
1546 14 14 6
1547 10 10 4
1548 6 5 4
1549 18 17 5
1550 23 22 8
1551 24 23 5
1552 13 13 5
1553 17 16 4
1554 12 11 5
1555 19 18 4
1556 18 17 7
1557 15 15 5
1558 11 10 6
1559 20 20 4
1560 18 17 5
1561 15 15 5
1562 11 10 4
1563 24 23 5
1564 9 9 5
1565 23 22 4
1566 20 19 5
1567 21 21 9
1568 19 18 6
1569 14 14 4
1570 18 17 5
1571 21 20 4
1572 18 17 5
1573 15 14 4
1574 22 21 7
1575 17 17 5
1576 19 18 6
1577 8 8 4
1578 22 21 5
1579 15 15 5
1580 9 8 4
1581 16 15 5
1582 25 25 7
1583 15 15 5
1584 23 22 4
1585 12 11 5
1586 19 19 5
1587 5 5 5
1588 14 13 5
1589 17 16 8
1590 20 19 7
1591 13 12 6
1592 12 11 5
1593 5 5 5
1594 16 15 5
1595 21 21 7
1596 19 19 7
1597 17 16 8
1598 16 15 5
1599 17 17 7
1600 17 17 5
1601 13 12 6
1602 20 20 4
1603 22 21 7
1604 21 20 4
1605 20 19 5
1606 23 22 4
1607 12 11 5
1608 9 8 4
1609 18 17 5
1610 11 11 5
1611 11 10 4
1612 28 27 5
1613 11 10 6
1614 14 14 4
1615 10 9 5
1616 9 8 4
1617 14 13 5
1618 13 13 7
1619 21 20 4
1620 20 19 7
1621 7 6 5
1622 13 12 6
1623 18 18 6
1624 20 19 7
1625 15 14 4
1626 12 11 5
1627 13 12 4
1628 10 9 5
1629 11 10 6
1630 10 10 4
1631 12 11 5
1632 29 29 5
1633 15 14 4
1634 10 9 5
1635 19 18 6
1636 16 16 6
1637 14 14 4
1638 10 9 5
1639 13 12 6
1640 6 6 6
1641 19 18 6
1642 28 27 7
1643 15 15 5
1644 13 12 6
1645 12 12 4
1646 18 17 7
1647 13 13 7
1648 15 14 4
1649 20 19 7
1650 17 16 6
1651 20 20 6
1652 12 12 4
1653 12 11 5
1654 13 12 4
1655 14 13 5
1656 11 10 6
1657 10 10 4
1658 18 17 5
1659 31 30 4
1660 16 15 5
1661 13 13 5
1662 7 6 5
1663 17 16 6
1664 12 11 5
1665 11 11 5
1666 9 9 5
1667 17 16 6
1668 16 16 4
1669 22 21 7
1670 13 12 4
1671 12 11 5
1672 15 14 4
1673 12 11 5
1674 19 19 5
1675 13 12 4
1676 20 19 5
1677 9 9 5
1678 15 14 6
1679 12 12 4
1680 16 15 5
1681 15 15 5
1682 19 18 6
1683 12 12 4
1684 16 15 7
1685 11 10 4
1686 14 13 5
1687 13 13 5
1688 17 16 4
1689 12 11 5
1690 15 14 4
1691 10 9 5
1692 9 8 4
1693 16 15 5
1694 9 8 4
1695 14 13 7
1696 11 10 6
1697 10 10 6
1698 8 8 4
1699 8 7 6
1700 10 10 6
1701 20 19 7
1702 13 12 6
1703 12 11 5
1704 9 9 5
1705 11 10 6
1706 20 19 7
1707 7 6 5
1708 7 6 5
1709 9 8 4
1710 12 11 5
1711 13 13 5
1712 11 11 5
1713 7 6 5
1714 7 6 5
1715 13 12 6
1716 14 13 5
1717 13 12 4
1718 12 11 5
1719 19 19 7
1720 9 8 4
1721 16 15 5
1722 7 6 5
1723 9 9 5
1724 11 11 5
1725 13 13 5
1726 25 24 6
1727 16 15 5
1728 17 16 8
1729 12 12 4
1730 10 9 5
1731 11 11 5
1732 7 6 5
1733 19 18 6
1734 12 11 5
1735 13 13 7
1736 11 11 5
1737 15 15 5
1738 11 10 4
1739 14 13 5
1740 5 5 5
1741 18 17 7
1742 15 14 6
1743 20 19 7
1744 13 12 4
1745 14 13 5
1746 15 14 6
1747 10 10 6
1748 8 7 6
1749 10 10 4
1750 14 13 5
1751 17 17 5
1752 15 14 4
1753 12 11 5
1754 11 10 6
1755 10 9 5
1756 15 14 4
1757 16 15 7
1758 13 12 8
1759 8 8 4
1760 14 13 5
1761 19 19 5
1762 11 10 6
1763 12 12 6
1764 6 6 6
1765 19 18 6
1766 12 11 5
1767 17 16 6
1768 16 15 5
1769 17 16 4
1770 12 11 5
1771 9 9 5
1772 5 5 5
1773 16 15 5
1774 17 16 4
1775 46 45 5
1776 13 12 4
1777 14 13 5
1778 13 12 4
1779 12 11 5
1780 13 13 5
1781 15 15 5
1782 33 32 4
1783 20 19 5
1784 25 25 5
1785 13 12 4
1786 24 23 5
1787 15 14 6
1788 28 27 5
1789 21 21 5
1790 17 16 4
1791 14 13 5
1792 17 17 5
1793 19 18 8
1794 22 22 4
1795 12 11 5
1796 15 14 4
1797 14 13 5
1798 25 24 8
1799 14 14 6
1800 16 15 5
1801 9 9 5
1802 13 12 4
1803 14 13 5
1804 19 19 5
1805 15 15 5
1806 19 18 4
1807 6 5 4
1808 18 17 7
1809 19 18 4
1810 16 15 7
1811 11 10 4
1812 26 25 9
1813 9 8 4
1814 16 15 5
1815 13 13 5
1816 15 14 6
1817 8 8 4
1818 14 13 7
1819 13 12 8
1820 12 12 6
1821 14 14 6
1822 14 13 5
1823 15 15 5
1824 9 9 5
1825 11 11 5
1826 13 13 5
1827 11 10 6
1828 16 16 6
1829 24 23 5
1830 17 16 4
1831 26 25 7
1832 17 16 4
1833 20 19 5
1834 15 15 5
1835 19 19 5
1836 11 10 6
1837 10 9 5
1838 29 28 6
1839 20 19 7
1840 13 12 4
1841 14 13 7
1842 19 19 7
1843 11 11 5
1844 23 22 6
1845 14 14 4
1846 14 13 5
1847 13 13 5
1848 19 19 5
1849 15 14 4
1850 28 27 7
1851 31 31 11
1852 21 20 4
1853 6 5 4
1854 10 9 5
1855 17 16 4
1856 16 15 5
1857 19 18 4
1858 22 21 7
1859 19 18 4
1860 20 19 5
1861 15 14 4
1862 14 13 5
1863 13 12 4
1864 16 15 5
1865 25 25 5
1866 15 15 5
1867 13 12 4
1868 18 17 5
1869 9 9 5
1870 9 9 5
1871 9 9 5
1872 19 18 8
1873 16 16 6
1874 12 12 4
1875 18 17 5
1876 11 10 6
1877 8 8 4
1878 14 13 5
1879 11 11 5
1880 13 12 6
1881 16 16 4
1882 22 21 5
1883 21 20 8
1884 12 11 5
1885 17 17 5
1886 13 13 5
1887 27 26 6
1888 12 11 5
1889 21 21 7
1890 17 16 6
1891 14 14 4
1892 18 17 5
1893 11 10 4
1894 14 13 5
1895 17 16 4
1896 12 11 5
1897 15 15 5
1898 9 9 9
1899 12 12 4
1900 10 9 5
1901 13 13 5
1902 27 26 8
1903 8 8 4
1904 18 17 7
1905 13 12 6
1906 18 18 4
1907 16 15 5
1908 15 15 5
1909 19 19 5
1910 13 12 6
1911 12 12 6
1912 6 5 4
1913 14 13 7
1914 17 17 7
1915 19 19 5
1916 9 8 4
1917 10 9 5
1918 15 14 6
1919 12 11 5
1920 15 14 6
1921 16 15 5
1922 7 6 5
1923 17 16 4
1924 12 11 5
1925 9 9 5
1926 17 17 7
1927 7 6 5
1928 11 11 5
1929 5 5 5
1930 10 9 5
1931 15 15 7
1932 15 14 6
1933 10 9 5
1934 11 10 4
1935 8 7 6
1936 14 14 8
1937 10 10 6
1938 18 17 5
1939 9 8 4
1940 10 9 5
1941 11 10 6
1942 12 11 5
1943 7 6 5
1944 15 14 8
1945 8 8 8
1946 21 20 6
1947 6 6 6
1948 17 16 6
1949 12 12 4
1950 10 9 5
1951 11 10 6
1952 10 9 5
1953 13 13 7
1954 13 12 6
1955 14 14 6
1956 14 14 6
1957 14 14 8
1958 12 12 6
1959 14 13 7
1960 7 6 5
1961 11 10 6
1962 8 8 4
1963 10 9 5
1964 9 9 5
1965 19 19 5
1966 11 10 4
1967 16 15 9
1968 7 6 5
1969 11 10 4
1970 6 5 4
1971 10 9 5
1972 7 7 7
1973 20 20 8
1974 14 14 6
1975 14 14 6
1976 10 10 6
1977 12 12 4
1978 8 7 6
1979 16 16 6
1980 18 18 6
1981 12 12 4
1982 18 17 5
1983 13 12 6
1984 6 6 6
1985 15 14 6
1986 16 15 5
1987 13 12 6
1988 12 12 6
1989 14 13 7
1990 7 6 5
1991 13 12 4
1992 12 11 7
1993 11 10 6
1994 14 14 6
1995 16 15 5
1996 11 10 4
1997 16 15 5
1998 15 14 4
1999 10 9 5
2000 9 8 4
2001 18 17 7
2002 7 6 5
2003 19 18 8
2004 20 20 4
2005 14 13 5
2006 7 6 5
2007 9 8 4
2008 6 5 4
2009 12 11 7
2010 11 10 6
2011 30 30 6
2012 10 10 4
2013 6 5 4
2014 12 11 5
2015 11 11 5
2016 11 10 4
2017 12 11 5
2018 13 13 5
2019 13 13 5
2020 13 13 5
2021 9 9 5
2022 9 9 5
2023 11 10 4
2024 12 11 7
2025 13 12 6
2026 6 6 6
2027 11 11 5
2028 13 13 5
2029 7 7 7
2030 22 21 7
2031 15 14 6
2032 12 11 5
2033 17 16 6
2034 12 12 4
2035 14 13 5
2036 25 25 5
2037 19 19 5
2038 11 10 4
2039 14 13 5
2040 15 14 4
2041 10 9 5
2042 15 14 6
2043 24 24 4
2044 40 39 5
2045 17 16 4
2046 18 17 5
2047 15 14 4
2048 26 25 5
2049 23 22 4
2050 24 23 5
2051 25 24 4
2052 14 13 5
2053 19 18 4
2054 16 15 5
2055 17 16 4
2056 12 11 5
2057 23 22 6
2058 10 10 4
2059 30 29 9
2060 27 26 4
2061 14 13 5
2062 13 12 4
2063 10 9 5
2064 11 11 5
2065 13 13 5
2066 31 30 6
2067 16 16 4
2068 20 19 5
2069 9 9 5
2070 21 20 4
2071 14 13 7
2072 9 9 5
2073 13 12 4
2074 28 27 11
2075 15 15 5
2076 13 12 4
2077 18 17 5
2078 21 20 6
2079 12 12 4
2080 20 19 5
2081 21 20 6
2082 16 16 4
2083 18 17 7
2084 11 10 4
2085 22 21 7
2086 17 17 7
2087 15 14 4
2088 14 13 5
2089 13 13 5
2090 15 14 6
2091 34 34 6
2092 14 13 5
2093 9 9 5
2094 13 12 6
2095 12 12 6
2096 20 19 7
2097 21 21 7
2098 15 14 4
2099 16 15 5
2100 9 9 5
2101 11 10 6
2102 12 12 6
2103 16 16 6
2104 18 17 5
2105 13 13 5
2106 15 15 7
2107 11 11 5
2108 11 10 6
2109 14 14 6
2110 18 18 4
2111 14 13 5
2112 9 9 5
2113 19 19 5
2114 11 11 5
2115 13 12 4
2116 20 19 7
2117 19 19 7
2118 5 5 5
2119 14 13 5
2120 9 8 4
2121 18 17 9
2122 13 12 6
2123 14 14 6
2124 10 10 4
2125 16 15 5
2126 13 12 6
2127 12 12 4
2128 24 23 7
2129 13 13 5
2130 19 19 5
2131 11 11 5
2132 13 13 5
2133 21 20 6
2134 10 10 4
2135 14 13 7
2136 9 8 4
2137 14 13 5
2138 15 14 4
2139 20 19 7
2140 11 11 5
2141 15 14 6
2142 8 8 4
2143 10 9 5
2144 13 12 6
2145 16 15 5
2146 17 17 5
2147 15 14 4
2148 10 9 5
2149 9 9 5
2150 17 17 7
2151 13 12 6
2152 12 12 4
2153 22 21 5
2154 23 22 6
2155 16 15 5
2156 15 15 5
2157 15 14 6
2158 14 13 5
2159 11 11 5
2160 13 13 5
2161 17 17 9
2162 11 10 4
2163 24 23 5
2164 19 19 5
2165 11 11 5
2166 17 17 5
2167 15 14 4
2168 14 13 5
2169 11 10 4
2170 20 19 5
2171 17 17 9
2172 17 16 6
2173 14 14 4
2174 20 19 5
2175 9 9 5
2176 15 14 4
2177 16 15 7
2178 15 14 4
2179 20 19 5
2180 9 9 5
2181 19 18 8
2182 12 12 4
2183 20 19 7
2184 17 16 4
2185 10 9 5
2186 7 6 5
2187 19 18 6
2188 10 9 5
2189 15 15 5
2190 13 13 5
2191 13 13 5
2192 11 10 4
2193 16 15 5
2194 11 11 5
2195 23 22 4
2196 24 23 5
2197 13 13 5
2198 5 5 5
2199 14 13 5
2200 7 7 7
2201 10 10 4
2202 10 9 5
2203 21 20 6
2204 16 15 5
2205 17 17 5
2206 11 11 5
2207 13 12 4
2208 14 13 5
2209 13 12 8
2210 10 10 4
2211 16 15 7
2212 19 19 7
2213 11 11 5
2214 5 5 5
2215 16 15 5
2216 7 6 5
2217 7 6 5
2218 15 14 8
2219 18 17 5
2220 19 18 4
2221 16 15 5
2222 11 11 5
2223 17 16 4
2224 14 13 5
2225 21 20 6
2226 20 19 7
2227 13 12 6
2228 6 6 6
2229 27 26 6
2230 10 10 4
2231 22 21 5
2232 9 8 4
2233 18 17 5
2234 27 26 6
2235 10 10 6
2236 16 16 6
2237 12 12 4
2238 12 11 5
2239 15 15 5
2240 21 21 5
2241 21 20 4
2242 14 13 5
2243 9 8 4
2244 16 15 5
2245 11 10 4
2246 18 17 7
2247 17 16 6
2248 12 11 5
2249 11 11 5
2250 15 15 5
2251 17 17 7
2252 11 10 4
2253 12 11 5
2254 13 13 5
2255 15 14 6
2256 12 11 5
2257 13 13 5
2258 13 13 7
2259 19 18 4
2260 16 15 5
2261 9 9 5
2262 11 11 5
2263 9 8 7
2264 17 16 6
2265 8 8 4
2266 22 21 9
2267 11 10 4
2268 16 15 5
2269 7 7 7
2270 14 14 8
2271 12 12 6
2272 16 16 6
2273 10 10 4
2274 22 21 7
2275 9 8 4
2276 18 17 7
2277 13 12 4
2278 18 17 5
2279 11 10 4
2280 12 11 5
2281 13 13 5
2282 17 17 5
2283 21 20 4
2284 12 11 5
2285 9 9 5
2286 13 12 4
2287 14 13 7
2288 17 16 6
2289 22 21 7
2290 11 10 4
2291 22 21 7
2292 19 18 8
2293 10 10 4
2294 12 11 5
2295 11 10 6
2296 16 16 8
2297 16 15 7
2298 11 10 4
2299 16 15 5
2300 17 17 7
2301 7 6 5
2302 13 12 6
2303 6 6 6
2304 13 13 5
2305 11 11 5
2306 19 19 7
2307 15 14 6
2308 6 6 6
2309 11 10 6
2310 8 8 4
2311 14 13 7
2312 15 14 6
2313 12 12 6
2314 16 15 5
2315 7 7 7
2316 12 12 6
2317 8 7 6
2318 10 10 6
2319 12 11 7
2320 13 12 6
2321 6 5 4
2322 20 19 7
2323 11 10 4
2324 12 11 7
2325 7 6 5
2326 5 5 5
2327 10 9 5
2328 25 25 5
2329 21 20 6
2330 14 13 5
2331 19 18 6
2332 8 8 4
2333 10 9 5
2334 11 11 5
2335 15 14 6
2336 12 12 6
2337 12 12 4
2338 20 19 5
2339 11 11 5
2340 7 6 5
2341 11 11 5
2342 9 9 5
2343 21 20 6
2344 20 20 4
2345 12 11 5
2346 15 14 6
2347 18 18 4
2348 6 5 4
2349 12 11 5
2350 17 17 5
2351 27 26 6
2352 18 18 4
2353 12 11 5
2354 9 8 4
2355 14 13 5
2356 15 15 5
2357 9 9 5
2358 15 15 5
2359 17 17 7
2360 11 10 4
2361 14 13 5
2362 15 14 6
2363 10 10 6
2364 10 9 5
2365 21 20 4
2366 10 9 5
2367 23 22 4
2368 20 19 5
2369 17 16 6
2370 8 8 4
2371 14 13 5
2372 17 17 5
2373 21 20 4
2374 12 11 5
2375 9 8 4
2376 26 25 5
2377 29 28 6
2378 10 10 4
2379 18 17 5
2380 19 19 5
2381 13 12 6
2382 8 8 4
2383 14 13 5
2384 19 18 6
2385 18 18 4
2386 16 15 5
2387 17 16 6
2388 14 14 4
2389 18 17 5
2390 11 11 5
2391 13 12 4
2392 26 25 5
2393 11 10 4
2394 14 13 7
2395 15 14 6
2396 10 10 6
2397 10 10 4
2398 26 25 7
2399 17 16 4
2400 14 13 5
2401 7 6 5
2402 19 18 6
2403 14 14 6
2404 14 14 6
2405 38 38 6
2406 18 18 4
2407 14 13 5
2408 13 12 6
2409 22 22 6
2410 12 12 4
2411 14 13 5
2412 21 21 5
2413 15 14 4
2414 16 15 5
2415 13 12 6
2416 16 16 6
2417 26 26 6
2418 16 15 5
2419 11 10 4
2420 34 33 5
2421 29 29 5
2422 23 22 4
2423 24 23 5
2424 17 16 4
2425 14 13 5
2426 25 25 5
2427 35 34 8
2428 30 30 8
2429 30 30 6
2430 20 20 4
2431 20 19 5
2432 17 16 4
2433 40 39 5
2434 35 35 5
2435 39 38 8
2436 22 22 4
2437 50 49 7
2438 31 31 7
2439 15 14 4
2440 24 23 5
2441 15 14 4
2442 28 27 5
2443 21 20 4
2444 14 13 5
2445 33 32 6
2446 30 29 9
2447 29 28 4
2448 30 29 7
2449 17 17 5
2450 33 32 6
2451 22 22 6
2452 18 18 4
2453 18 17 7
2454 19 19 5
2455 29 29 7
2456 11 11 5
2457 25 25 5
2458 15 15 5
2459 21 21 5
2460 21 21 7
2461 31 31 11
2462 27 27 7
2463 21 21 5
2464 11 11 5
2465 15 14 4
2466 20 19 5
2467 37 36 8
2468 14 14 4
2469 22 21 7
2470 17 17 5
2471 33 33 9
2472 21 21 7
2473 27 26 8
2474 22 22 4
2475 20 19 7
2476 23 23 5
2477 21 20 6
2478 20 20 4
2479 20 19 5
2480 9 8 4
2481 12 11 5
2482 11 10 4
2483 14 13 5
2484 15 14 6
2485 14 13 5
2486 21 20 6
2487 20 20 4
2488 12 11 5
2489 19 19 7
2490 15 15 5
2491 13 13 5
2492 15 15 7
2493 17 16 6
2494 14 14 4
2495 10 9 5
2496 21 20 6
2497 30 29 13
2498 27 26 10
2499 14 13 5
2500 21 21 5
2501 15 15 5
2502 11 10 4
2503 14 13 5
2504 17 16 6
2505 20 20 6
2506 26 26 6
2507 22 22 6
2508 12 11 5
2509 17 16 8
2510 10 9 5
2511 11 10 4
2512 10 9 5
2513 21 21 5
2514 19 19 5
2515 13 13 5
2516 19 19 7
2517 17 17 5
2518 17 17 5
2519 17 17 7
2520 9 8 4
2521 20 19 7
2522 15 14 4
2523 14 13 7
2524 19 18 4
2525 24 23 5
2526 15 15 7
2527 17 16 6
2528 18 18 6
2529 16 16 6
2530 10 10 4
2531 16 15 5
2532 11 11 5
2533 13 12 4
2534 12 11 5
2535 11 11 5
2536 21 21 7
2537 9 8 4
2538 12 11 5
2539 17 17 5
2540 17 17 5
2541 13 12 6
2542 12 11 5
2543 11 11 5
2544 9 9 5
2545 11 10 6
2546 16 16 8
2547 18 18 6
2548 10 10 4
2549 12 11 5
2550 21 20 6
2551 12 12 4
2552 12 11 5
2553 13 13 5
2554 13 13 5
2555 9 8 4
2556 20 19 7
2557 7 6 5
2558 21 20 8
2559 14 13 5
2560 11 11 5
2561 7 6 5
2562 13 12 6
2563 10 10 4
2564 14 13 5
2565 9 8 4
2566 16 15 7
2567 11 11 5
2568 13 13 5
2569 9 9 5
2570 15 14 6
2571 18 17 5
2572 11 11 5
2573 11 10 6
2574 20 20 8
2575 14 13 5
2576 13 12 6
2577 10 10 4
2578 18 17 5
2579 11 10 6
2580 14 13 5
2581 9 8 4
2582 16 15 5
2583 9 8 4
2584 18 17 7
2585 15 14 6
2586 22 21 5
2587 11 10 4
2588 18 17 5
2589 17 17 5
2590 13 12 4
2591 10 9 5
2592 13 12 6
2593 6 6 6
2594 13 13 7
2595 17 16 6
2596 18 18 6
2597 18 18 4
2598 10 9 5
2599 13 12 6
2600 12 12 4
2601 16 15 5
2602 15 14 4
2603 14 13 5
2604 13 12 6
2605 16 16 4
2606 10 9 5
2607 15 14 8
2608 8 8 4
2609 16 15 5
2610 19 18 6
2611 14 14 4
2612 10 9 5
2613 15 15 5
2614 13 12 4
2615 12 11 5
2616 15 14 4
2617 16 15 5
2618 13 13 5
2619 15 15 7
2620 19 18 6
2621 12 12 4
2622 10 9 5
2623 9 8 4
2624 12 11 5
2625 15 14 8
2626 6 6 6
2627 9 9 5
2628 9 9 5
2629 13 13 5
2630 13 12 8
2631 12 12 4
2632 12 11 5
2633 11 10 4
2634 6 5 4
2635 14 13 5
2636 13 12 6
2637 8 8 4
2638 14 13 5
2639 17 17 5
2640 9 8 4
2641 14 13 7
2642 21 21 5
2643 13 12 6
2644 10 10 6
2645 10 9 5
2646 11 10 4
2647 14 13 7
2648 11 10 6
2649 12 11 5
2650 11 11 5
2651 15 14 6
2652 14 14 6
2653 12 12 4
2654 12 11 7
2655 21 20 6
2656 12 12 4
2657 16 15 5
2658 17 16 6
2659 18 18 6
2660 8 8 4
2661 12 11 7
2662 17 16 4
2663 22 21 5
2664 15 15 5
2665 15 14 4
2666 16 15 5
2667 11 10 4
2668 24 23 5
2669 15 14 4
2670 18 17 5
2671 11 11 5
2672 11 10 4
2673 18 17 5
2674 25 24 6
2675 36 36 6
2676 18 18 4
2677 28 27 7
2678 19 18 4
2679 18 17 5
2680 15 14 4
2681 10 9 5
2682 15 14 6
2683 12 12 4
2684 20 19 5
2685 11 10 4
2686 16 15 9
2687 13 12 6
2688 12 12 6
2689 14 14 4
2690 12 11 5
2691 5 5 5
2692 20 19 7
2693 13 13 5
2694 11 11 5
2695 13 13 5
2696 11 11 7
2697 7 6 5
2698 19 18 4
2699 14 13 5
2700 13 12 6
2701 12 12 4
2702 12 11 5
2703 15 15 5
2704 9 9 5
2705 11 11 5
2706 17 16 6
2707 14 13 5
2708 9 8 4
2709 8 7 6
2710 18 18 8
2711 28 28 6
2712 20 20 6
2713 14 14 4
2714 18 17 5
2715 13 13 5
2716 27 26 6
2717 14 13 5
2718 11 10 4
2719 10 9 5
2720 15 14 4
2721 10 9 5
2722 15 14 6
2723 16 15 5
2724 15 15 5
2725 19 18 4
2726 16 15 5
2727 9 8 4
2728 14 13 5
2729 13 12 4
2730 22 21 7
2731 15 14 6
2732 18 18 4
2733 10 9 5
2734 13 12 6
2735 12 12 6
2736 20 20 6
2737 20 19 5
2738 19 18 4
2739 12 11 5
2740 23 22 6
2741 12 11 5
2742 21 21 5
2743 11 10 4
2744 16 15 5
2745 15 14 4
2746 28 27 5
2747 15 14 4
2748 12 11 5
2749 25 24 6
2750 14 14 4
2751 10 9 5
2752 15 14 6
2753 14 14 6
2754 22 21 5
2755 23 22 6
2756 20 20 4
2757 14 13 5
2758 21 20 6
2759 16 16 4
2760 16 15 5
2761 17 16 4
2762 20 19 5
2763 15 15 5
2764 11 11 5
2765 15 14 4
2766 14 13 5
2767 11 11 5
2768 17 16 8
2769 10 10 6
2770 14 13 5
2771 15 14 6
2772 16 16 6
2773 10 10 4
2774 14 13 7
2775 13 13 5
2776 17 17 5
2777 11 11 5
2778 19 19 5
2779 9 9 5
2780 13 12 6
2781 16 15 7
2782 19 18 6
2783 10 10 6
2784 14 14 6
2785 22 22 8
2786 10 10 6
2787 12 12 4
2788 10 9 5
2789 13 13 7
2790 7 6 5
2791 25 24 8
2792 6 5 4
2793 20 19 7
2794 15 14 6
2795 8 8 4
2796 10 9 5
2797 13 13 5
2798 11 10 6
2799 16 15 7
2800 13 12 4
2801 18 17 7
2802 11 10 4
2803 12 11 5
2804 13 13 5
2805 15 14 8
2806 12 12 6
2807 12 11 5
2808 15 14 6
2809 16 15 5
2810 9 9 5
2811 13 13 7
2812 9 8 4
2813 14 13 5
2814 5 5 5
2815 12 11 5
2816 13 13 7
2817 11 11 5
2818 9 9 5
2819 11 10 6
2820 12 11 5
2821 17 16 6
2822 14 14 6
2823 16 15 5
2824 23 22 6
2825 18 18 4
2826 10 9 5
2827 9 9 5
2828 5 5 5
2829 12 11 7
2830 7 6 5
2831 17 17 5
2832 9 9 5
2833 15 14 6
2834 10 10 4
2835 12 11 5
2836 17 16 6
2837 6 6 6
2838 13 12 6
2839 12 12 6
2840 10 9 5
2841 15 15 5
2842 15 15 5
2843 11 10 4
2844 10 9 5
2845 21 21 7
2846 9 8 4
2847 16 15 5
2848 5 5 5
2849 20 19 7
2850 15 14 4
2851 20 19 5
2852 9 9 5
2853 13 12 6
2854 12 11 5
2855 11 11 5
2856 15 14 6
2857 20 19 7
2858 21 20 6
2859 10 10 6
2860 16 16 6
2861 10 10 4
2862 12 11 7
2863 19 19 7
2864 9 8 4
2865 8 7 6
2866 16 16 6
2867 12 12 6
2868 18 18 4
2869 10 9 5
2870 19 18 6
2871 12 11 5
2872 15 14 6
2873 12 11 5
2874 17 16 8
2875 22 22 6
2876 10 10 6
2877 10 9 5
2878 19 18 6
2879 8 7 6
2880 16 16 8
2881 12 12 6
2882 12 11 5
2883 13 12 6
2884 16 16 6
2885 10 10 6
2886 18 18 8
2887 12 12 4
2888 14 13 5
2889 13 13 7
2890 13 13 5
2891 23 22 4
2892 20 19 5
2893 17 17 5
2894 9 8 4
2895 12 11 5
2896 9 8 4
2897 10 9 5
2898 9 9 5
2899 11 11 7
2900 15 14 6
2901 12 12 6
2902 18 18 6
2903 10 10 6
2904 12 12 6
2905 14 13 5
2906 17 16 6
2907 12 12 6
2908 12 11 5
2909 5 5 5
2910 22 21 5
2911 11 11 5
2912 13 12 6
2913 12 11 5
2914 11 10 4
2915 18 17 5
2916 11 10 6
2917 12 12 4
2918 16 15 7
2919 19 18 4
2920 8 7 6
2921 12 12 6
2922 12 12 4
2923 10 9 5
2924 15 15 5
2925 15 15 5
2926 17 16 6
2927 22 22 6
2928 16 15 5
2929 15 15 5
2930 13 12 8
2931 10 10 4
2932 12 11 5
2933 9 9 5
2934 17 17 5
2935 11 10 4
2936 10 9 5
2937 13 12 6
2938 12 11 5
2939 11 11 5
2940 5 5 5
2941 12 11 5
2942 13 12 4
2943 26 25 5
2944 13 13 5
2945 13 12 4
2946 10 9 5
2947 13 12 6
2948 12 11 5
2949 15 15 5
2950 21 20 6
2951 14 14 4
2952 12 11 5
2953 15 14 4
2954 10 9 5
2955 11 11 5
2956 13 12 4
2957 24 23 7
2958 13 12 4
2959 12 11 5
2960 9 8 4
2961 14 13 5
2962 11 10 4
2963 16 15 5
2964 19 19 5
2965 15 14 4
2966 14 13 5
2967 15 14 4
2968 14 13 5
2969 15 14 4
2970 14 13 5
2971 21 20 4
2972 12 11 5
2973 25 24 4
2974 16 15 5
2975 23 22 4
2976 14 13 5
2977 13 12 4
2978 16 15 5
2979 11 10 4
2980 18 17 5
2981 25 25 5
2982 17 17 5
2983 15 14 4
2984 14 13 5
2985 15 15 5
2986 21 20 6
2987 18 18 4
2988 16 15 5
2989 17 16 4
2990 16 15 5
2991 17 16 4
2992 14 13 5
2993 9 8 4
2994 20 19 5
2995 17 17 5
2996 11 11 5
2997 13 12 4
2998 32 31 7
2999 17 17 5
3000 15 14 6
3001 12 12 6
3002 10 10 4
3003 8 7 6
3004 10 10 4
3005 22 21 7
3006 27 26 10
3007 14 13 5
3008 11 11 5
3009 21 20 6
3010 10 10 6
3011 28 28 10
3012 18 17 7
3013 25 24 10
3014 24 23 5
3015 17 16 4
3016 28 27 9
3017 13 12 6
3018 12 12 6
3019 14 14 4
3020 22 21 5
3021 9 8 4
3022 20 19 5
3023 13 12 4
3024 18 17 5
3025 15 14 6
3026 24 23 5
3027 21 20 8
3028 28 28 6
3029 14 13 5
3030 13 13 7
3031 9 9 5
3032 17 16 6
3033 14 14 6
3034 10 10 4
3035 22 21 5
3036 15 14 4
3037 12 11 5
3038 13 12 6
3039 8 8 4
3040 10 9 5
3041 17 17 5
3042 23 22 4
3043 12 11 5
3044 19 19 7
3045 17 16 6
3046 10 9 5
3047 9 8 4
3048 16 15 5
3049 19 18 8
3050 8 8 4
3051 12 11 5
3052 15 15 5
3053 13 12 6
3054 6 6 6
3055 19 18 6
3056 6 6 6
3057 15 15 5
3058 13 12 6
3059 18 18 8
3060 16 16 4
3061 16 15 5
3062 7 6 5
3063 17 16 6
3064 12 12 4
3065 10 9 5
3066 5 5 5
3067 12 11 7
3068 9 8 4
3069 12 11 7
3070 17 16 4
3071 12 11 5
3072 15 15 5
3073 11 11 5
3074 15 15 7
3075 13 12 4
3076 12 11 5
3077 13 13 7
3078 11 10 4
3079 18 17 5
3080 11 11 5
3081 19 18 6
3082 12 12 4
3083 10 9 5
3084 7 6 5
3085 15 14 4
3086 6 5 4
3087 14 13 7
3088 11 11 5
3089 17 17 5
3090 15 14 4
3091 16 15 5
3092 13 13 5
3093 11 11 5
3094 9 9 5
3095 13 12 6
3096 6 6 6
3097 13 12 6
3098 14 14 6
3099 12 12 6
3100 8 8 4
3101 12 11 7
3102 9 8 4
3103 6 5 4
3104 14 13 7
3105 9 9 5
3106 19 18 6
3107 14 14 8
3108 10 10 4
3109 10 9 5
3110 5 5 5
3111 14 13 9
3112 9 8 4
3113 10 9 5
3114 15 14 6
3115 14 14 6
3116 10 9 5
3117 9 8 4
3118 10 9 5
3119 11 10 6
3120 10 10 6
3121 12 11 7
3122 21 20 4
3123 22 21 5
3124 13 12 6
3125 6 5 4
3126 14 13 5
3127 9 8 4
3128 12 11 5
3129 15 14 6
3130 10 10 6
3131 10 9 5
3132 13 12 6
3133 12 12 6
3134 14 13 5
3135 7 7 7
3136 10 10 6
3137 12 12 6
3138 14 13 5
3139 23 22 4
3140 16 15 5
3141 11 10 4
3142 16 15 5
3143 9 9 5
3144 11 11 5
3145 11 10 4
3146 10 9 5
3147 19 18 6
3148 10 9 5
3149 11 11 5
3150 11 10 6
3151 16 15 7
3152 17 16 6
3153 8 8 4
3154 14 13 5
3155 7 6 5
3156 17 16 6
3157 16 16 6
3158 14 14 6
3159 6 5 4
3160 16 15 5
3161 11 10 6
3162 14 13 5
3163 5 5 5
3164 14 13 5
3165 9 8 4
3166 14 13 5
3167 15 14 6
3168 16 16 6
3169 10 9 5
3170 11 10 6
3171 12 11 5
3172 9 8 4
3173 10 9 5
3174 13 13 7
3175 9 9 5
3176 11 10 6
3177 6 5 4
3178 10 9 5
3179 9 8 4
3180 12 11 7
3181 13 12 6
3182 14 14 6
3183 10 9 5
3184 11 10 4
3185 12 11 5
3186 17 17 9
3187 7 6 5
3188 9 8 4
3189 16 15 5
3190 25 24 6
3191 22 22 4
3192 20 19 5
3193 15 14 6
3194 14 14 4
3195 6 5 4
3196 6 5 4
3197 10 9 5
3198 5 5 5
3199 12 11 5
3200 15 14 6
3201 12 11 5
3202 15 15 5
3203 15 14 6
3204 6 6 6
3205 9 8 4
3206 18 17 7
3207 15 15 5
3208 29 29 5
3209 23 22 4
3210 14 13 5
3211 13 12 4
3212 10 9 5
3213 13 12 6
3214 10 9 5
3215 19 18 6
3216 28 27 5
3217 25 24 4
3218 16 15 5
3219 15 14 6
3220 8 8 4
3221 16 15 5
3222 29 28 4
3223 18 17 5
3224 29 29 5
3225 17 16 4
3226 10 9 5
3227 17 16 4
3228 14 13 5
3229 47 46 4
3230 34 33 5
3231 25 24 4
3232 16 15 5
3233 21 20 4
3234 18 17 5
3235 29 28 4
3236 22 21 5
3237 15 14 4
3238 20 19 5
3239 21 20 4
3240 14 13 5
3241 35 34 4
3242 20 19 5
3243 23 22 6
3244 18 17 5
3245 21 20 6
3246 18 17 5
3247 17 16 4
3248 14 13 5
3249 21 20 4
3250 20 19 7
3251 23 22 6
3252 14 14 4
3253 24 23 5
3254 21 21 5
3255 25 24 4
3256 12 11 5
3257 11 10 4
3258 18 17 5
3259 17 17 5
3260 27 27 5
3261 29 29 7
3262 21 20 8
3263 12 12 4
3264 10 9 5
3265 15 14 6
3266 28 27 7
3267 35 34 8
3268 22 21 7
3269 13 13 5
3270 21 20 4
3271 26 25 5
3272 31 30 4
3273 40 39 5
3274 25 25 5
3275 33 32 6
3276 30 30 4
3277 28 27 5
3278 19 19 5
3279 33 32 8
3280 26 26 4
3281 20 19 5
3282 17 16 4
3283 26 25 7
3284 23 22 4
3285 22 21 7
3286 17 16 4
3287 26 25 7
3288 29 28 4
3289 16 15 5
3290 29 28 6
3291 34 34 8
3292 24 24 10
3293 32 31 7
3294 15 14 4
3295 16 15 5
3296 25 24 10
3297 18 18 4
3298 18 17 5
3299 29 28 6
3300 18 17 5
3301 21 21 5
3302 27 27 5
3303 15 14 4
3304 18 17 5
3305 15 14 4
3306 14 13 5
3307 11 10 4
3308 16 15 5
3309 11 11 5
3310 21 20 4
3311 12 11 5
3312 21 20 6
3313 22 22 4
3314 18 17 7
3315 25 24 4
3316 24 23 5
3317 11 11 5
3318 17 17 5
3319 15 14 4
3320 18 17 5
3321 23 22 6
3322 14 14 6
3323 18 18 4
3324 18 17 5
3325 25 24 4
3326 16 15 5
3327 11 10 4
3328 20 19 5
3329 15 14 4
3330 24 23 5
3331 13 12 4
3332 20 19 5
3333 19 18 4
3334 36 35 9
3335 15 14 4
3336 22 21 5
3337 15 14 4
3338 20 19 5
3339 15 15 5
3340 29 28 6
3341 10 10 4
3342 18 17 5
3343 25 25 5
3344 19 18 6
3345 18 18 6
3346 14 14 4
3347 20 19 5
3348 23 22 6
3349 16 16 4
3350 22 21 5
3351 23 22 6
3352 14 14 4
3353 20 19 5
3354 17 16 4
3355 22 21 5
3356 13 13 5
3357 21 20 4
3358 26 25 5
3359 19 18 4
3360 20 19 5
3361 19 19 5
3362 13 12 4
3363 14 13 5
3364 27 26 6
3365 26 26 4
3366 24 23 5
3367 19 18 4
3368 32 31 5
3369 21 20 4
3370 26 25 5
3371 29 29 5
3372 29 28 4
3373 16 15 5
3374 17 16 4
3375 28 27 5
3376 37 37 7
3377 21 21 7
3378 23 23 5
3379 45 44 6
3380 28 28 6
3381 22 22 4
3382 22 21 5
3383 27 27 5
3384 15 14 4
3385 40 39 7
3386 25 24 4
3387 24 23 5
3388 17 17 5
3389 21 21 7
3390 21 20 4
3391 12 11 5
3392 37 36 6
3393 20 19 5
3394 31 30 6
3395 16 16 4
3396 22 21 5
3397 21 20 4
3398 24 23 5
3399 17 17 5
3400 23 22 6
3401 18 17 5
3402 17 16 4
3403 12 11 5
3404 29 28 6
3405 22 22 6
3406 36 35 7
3407 25 24 4
3408 20 19 5
3409 25 24 6
3410 14 14 6
3411 12 12 4
3412 14 13 5
3413 21 20 6
3414 20 20 4
3415 22 21 5
3416 11 11 5
3417 21 20 8
3418 32 32 6
3419 20 20 6
3420 40 40 6
3421 22 22 6
3422 16 15 5
3423 17 16 4
3424 20 19 5
3425 33 32 4
3426 26 25 5
3427 23 23 5
3428 31 30 4
3429 20 19 5
3430 23 23 5
3431 39 39 5
3432 13 12 4
3433 32 31 5
3434 21 20 4
3435 18 17 5
3436 15 15 5
3437 27 26 4
3438 24 23 5
3439 23 22 6
3440 18 18 6
3441 22 22 4
3442 18 17 5
3443 17 16 6
3444 26 26 6
3445 26 26 6
3446 20 20 4
3447 14 13 5
3448 19 19 5
3449 27 26 4
3450 24 23 5
3451 33 33 7
3452 23 22 4
3453 24 23 5
3454 23 22 4
3455 20 19 5
3456 25 24 4
3457 24 23 5
3458 21 20 4
3459 32 31 5
3460 29 28 4
3461 22 21 5
3462 21 20 6
3463 16 16 6
3464 18 18 4
3465 30 29 5
3466 19 18 4
3467 38 37 5
3468 33 32 4
3469 30 29 5
3470 29 28 4
3471 30 29 5
3472 23 23 5
3473 37 37 5
3474 35 34 4
3475 28 27 5
3476 21 20 4
3477 26 25 5
3478 23 22 6
3479 26 26 4
3480 36 35 5
3481 21 20 4
3482 30 29 5
3483 21 20 6
3484 26 26 4
3485 14 13 5
3486 19 18 6
3487 18 18 4
3488 20 19 5
3489 33 32 4
3490 20 19 5
3491 9 8 4
3492 16 15 5
3493 25 24 4
3494 22 21 5
3495 15 14 4
3496 12 11 5
3497 13 12 4
3498 14 13 5
3499 11 10 4
3500 16 15 5
3501 11 10 4
3502 22 21 5
3503 15 15 5
3504 17 17 5
3505 15 15 5
3506 23 23 5
3507 9 8 4
3508 20 19 5
3509 7 6 5
3510 9 8 4
3511 14 13 5
3512 15 14 6
3513 8 8 4
3514 18 17 5
3515 21 21 5
3516 15 15 5
3517 23 23 5
3518 19 18 4
3519 14 13 5
3520 13 12 4
3521 10 9 5
3522 19 18 6
3523 12 11 5
3524 19 19 5
3525 11 10 4
3526 20 19 5
3527 19 18 6
3528 14 13 5
3529 15 15 5
3530 17 17 5
3531 21 20 6
3532 18 18 6
3533 12 12 6
3534 18 18 6
3535 10 9 5
3536 23 22 6
3537 10 10 4
3538 20 19 7
3539 17 16 6
3540 18 18 6
3541 18 18 4
3542 10 9 5
3543 17 17 5
3544 11 10 6
3545 22 22 4
3546 20 19 5
3547 15 14 6
3548 8 8 4
3549 16 15 5
3550 15 15 5
3551 19 18 6
3552 22 22 6
3553 22 22 6
3554 16 16 6
3555 18 18 4
3556 14 13 5
3557 17 16 4
3558 6 5 4
3559 12 11 5
3560 21 21 5
3561 21 20 4
3562 20 19 5
3563 15 14 6
3564 18 18 4
3565 10 9 5
3566 7 6 5
3567 19 18 6
3568 24 23 5
3569 25 24 6
3570 12 12 6
3571 32 32 4
3572 28 27 5
3573 15 14 4
3574 14 13 5
3575 17 16 4
3576 24 23 5
3577 25 24 4
3578 14 13 5
3579 19 18 4
3580 16 15 5
3581 23 22 4
3582 26 25 5
3583 19 18 4
3584 18 17 5
3585 23 22 4
3586 24 23 5
3587 19 18 4
3588 36 35 5
3589 19 18 4
3590 26 25 5
3591 19 18 4
3592 24 23 5
3593 19 19 5
3594 23 23 5
3595 23 22 4
3596 18 17 5
3597 11 10 4
3598 18 17 5
3599 15 15 5
3600 21 20 4
3601 28 27 7
3602 19 18 6
3603 18 17 7
3604 23 22 8
3605 24 24 4
3606 20 19 5
3607 23 23 7
3608 29 29 5
3609 19 19 5
3610 19 19 5
3611 15 14 4
3612 20 19 5
3613 27 26 10
3614 12 12 4
3615 18 17 5
3616 17 16 4
3617 20 19 7
3618 23 22 6
3619 26 26 6
3620 14 14 4
3621 22 21 5
3622 21 21 5
3623 9 8 4
3624 18 17 5
3625 15 14 6
3626 18 17 5
3627 11 10 4
3628 28 27 7
3629 17 16 6
3630 28 28 6
3631 14 14 4
3632 26 25 5
3633 19 18 6
3634 26 26 6
3635 8 8 4
3636 36 35 9
3637 15 14 4
3638 18 17 5
3639 15 14 4
3640 20 19 5
3641 15 14 4
3642 14 13 5
3643 27 27 7
3644 13 12 4
3645 22 21 7
3646 17 16 4
3647 18 17 7
3648 17 17 5
3649 11 11 5
3650 15 14 4
3651 18 17 9
3652 11 11 5
3653 17 17 5
3654 13 12 4
3655 14 13 5
3656 11 11 5
3657 17 16 4
3658 16 15 5
3659 23 22 6
3660 16 16 4
3661 14 13 5
3662 13 12 4
3663 12 11 5
3664 15 14 6
3665 16 16 6
3666 16 15 5
3667 17 16 6
3668 8 8 4
3669 12 11 5
3670 7 7 7
3671 16 16 6
3672 10 10 4
3673 16 15 5
3674 15 15 5
3675 21 20 6
3676 20 20 4
3677 16 15 5
3678 21 20 4
3679 20 19 5
3680 17 16 8
3681 20 19 5
3682 9 9 5
3683 21 20 6
3684 8 8 4
3685 16 15 5
3686 9 8 4
3687 16 15 5
3688 19 19 5
3689 17 16 6
3690 16 16 6
3691 16 16 4
3692 18 17 5
3693 11 11 5
3694 17 16 6
3695 24 24 6
3696 24 23 5
3697 15 14 4
3698 12 11 5
3699 9 9 5
3700 19 18 4
3701 16 15 5
3702 17 16 6
3703 18 18 4
3704 10 9 5
3705 13 12 6
3706 16 15 5
3707 13 12 6
3708 16 16 6
3709 18 18 4
3710 20 19 5
3711 7 6 5
3712 17 16 6
3713 8 8 4
3714 12 11 5
3715 5 5 5
3716 16 15 7
3717 11 10 4
3718 18 17 7
3719 13 12 4
3720 16 15 5
3721 17 16 6
3722 12 12 4
3723 12 11 5
3724 13 12 6
3725 10 9 5
3726 15 14 6
3727 6 5 4
3728 14 13 7
3729 11 10 6
3730 12 12 4
3731 18 17 5
3732 13 13 7
3733 13 12 4
3734 20 19 5
3735 15 14 6
3736 10 10 4
3737 12 11 5
3738 13 13 5
3739 15 14 4
3740 18 17 5
3741 17 16 4
3742 22 21 5
3743 15 14 6
3744 14 14 6
3745 14 14 6
3746 16 16 6
3747 6 6 6
3748 19 18 6
3749 16 16 6
3750 18 18 6
3751 16 16 6
3752 22 22 4
3753 14 13 5
3754 13 12 4
3755 12 11 5
3756 13 12 6
3757 16 15 5
3758 19 19 5
3759 9 8 4
3760 24 23 5
3761 11 11 5
3762 21 20 6
3763 18 18 4
3764 26 25 5
3765 17 16 4
3766 12 11 5
3767 23 22 8
3768 18 18 6
3769 16 16 4
3770 10 9 5
3771 11 10 6
3772 12 12 4
3773 14 13 7
3774 9 8 4
3775 16 15 7
3776 13 12 6
3777 12 12 4
3778 22 21 7
3779 13 12 4
3780 12 11 5
3781 13 12 4
3782 12 11 5
3783 21 20 6
3784 18 17 5
3785 17 16 4
3786 14 13 5
3787 13 12 4
3788 14 13 5
3789 11 10 6
3790 16 16 4
3791 20 19 5
3792 13 12 4
3793 12 11 5
3794 15 14 4
3795 14 13 5
3796 9 8 4
3797 20 19 5
3798 25 24 4
3799 18 17 5
3800 21 20 4
3801 14 13 5
3802 13 12 4
3803 20 19 5
3804 19 18 4
3805 16 15 5
3806 11 10 4
3807 16 15 5
3808 15 14 6
3809 22 22 4
3810 20 19 5
3811 13 12 4
3812 20 19 5
3813 9 8 4
3814 10 9 5
3815 23 22 4
3816 18 17 5
3817 15 14 4
3818 18 17 5
3819 19 18 6
3820 16 16 6
3821 24 24 4
3822 24 23 5
3823 17 16 4
3824 14 13 5
3825 33 32 4
3826 20 19 5
3827 19 18 4
3828 24 23 5
3829 13 12 4
3830 20 19 7
3831 29 29 5
3832 37 36 4
3833 24 23 5
3834 15 14 4
3835 30 29 5
3836 21 20 4
3837 18 17 5
3838 25 24 4
3839 16 15 5
3840 19 18 4
3841 18 17 5
3842 27 26 6
3843 14 14 4
3844 34 33 7
3845 25 25 5
3846 35 34 4
3847 24 23 5
3848 25 24 4
3849 14 13 5
3850 15 14 4
3851 34 33 5
3852 33 32 4
3853 22 21 5
3854 21 20 4
3855 24 23 5
3856 25 25 5
3857 21 20 4
3858 26 25 5
3859 13 12 4
3860 26 25 5
3861 31 30 6
3862 18 17 5
3863 17 16 6
3864 28 28 6
3865 22 21 5
3866 33 33 7
3867 13 13 5
3868 27 26 6
3869 18 17 5
3870 21 20 4
3871 22 21 11
3872 17 17 5
3873 15 14 4
3874 38 37 7
3875 25 25 9
3876 15 15 5
3877 11 10 4
3878 56 55 11
3879 27 26 4
3880 18 17 5
3881 15 14 4
3882 18 17 5
3883 11 10 4
3884 10 9 5
3885 25 24 8
3886 26 26 6
3887 28 27 11
3888 19 18 4
3889 34 33 11
3890 11 10 4
3891 20 19 5
3892 15 15 5
3893 17 17 5
3894 27 26 10
3895 18 18 6
3896 10 9 5
3897 25 24 8
3898 20 20 8
3899 14 14 6
3900 14 13 5
3901 15 14 4
3902 12 11 5
3903 27 26 8
3904 14 13 5
3905 15 14 6
3906 16 15 5
3907 27 26 6
3908 18 17 9
3909 11 11 5
3910 19 18 8
3911 24 24 10
3912 14 14 6
3913 20 20 10
3914 12 12 4
3915 26 25 7
3916 15 14 8
3917 16 16 4
3918 12 11 5
3919 21 20 8
3920 14 14 4
3921 12 11 5
3922 11 10 4
3923 10 9 5
3924 17 16 6
3925 24 24 8
3926 20 20 6
3927 14 13 5
3928 9 9 5
3929 17 17 5
3930 21 20 8
3931 14 14 4
3932 18 17 5
3933 17 16 6
3934 16 15 5
3935 13 12 4
3936 6 5 4
3937 18 17 5
3938 21 20 6
3939 10 9 5
3940 11 10 4
3941 10 9 5
3942 13 13 5
3943 11 10 6
3944 10 10 4
3945 20 19 7
3946 13 12 6
3947 14 14 4
3948 26 25 9
3949 13 12 6
3950 18 18 4
3951 10 9 5
3952 19 18 8
3953 12 11 5
3954 13 12 6
3955 6 6 6
3956 15 14 4
3957 16 15 5
3958 15 14 6
3959 14 14 4
3960 20 19 7
3961 19 18 6
3962 12 12 4
3963 14 13 5
3964 13 13 5
3965 15 14 6
3966 16 16 4
3967 18 17 7
3968 13 12 4
3969 12 11 5
3970 13 12 4
3971 24 23 5
3972 15 14 6
3973 16 16 4
3974 22 21 5
3975 19 18 6
3976 28 28 10
3977 12 11 5
3978 29 29 5
3979 19 19 5
3980 15 14 4
3981 16 15 5
3982 19 18 6
3983 14 14 4
3984 10 9 5
3985 11 10 4
3986 20 19 7
3987 15 15 5
3988 23 22 6
3989 16 15 5
3990 19 18 4
3991 12 11 5
3992 13 12 4
3993 12 11 5
3994 11 11 5
3995 19 18 4
3996 18 17 7
3997 11 10 4
3998 22 21 5
3999 15 14 4
4000 18 17 5
4001 11 11 5
4002 15 14 4
4003 22 21 7
4004 19 18 4
4005 12 11 5
4006 17 17 5
4007 9 9 5
4008 27 26 6
4009 18 17 5
4010 13 12 4
4011 12 11 5
4012 17 16 6
4013 10 10 4
4014 20 19 5
4015 15 14 4
4016 18 17 5
4017 19 18 6
4018 16 15 5
4019 17 16 6
4020 12 12 4
4021 14 13 5
4022 27 27 5
4023 9 9 5
4024 17 16 4
4025 18 17 5
4026 13 13 7
4027 19 18 4
4028 14 13 5
4029 15 14 4
4030 12 11 5
4031 15 14 4
4032 6 5 4
4033 10 9 5
4034 17 17 5
4035 19 18 6
4036 22 22 6
4037 12 12 4
4038 20 19 5
4039 15 14 4
4040 22 21 5
4041 13 13 5
4042 15 14 6
4043 12 12 4
4044 12 11 5
4045 23 22 6
4046 16 16 6
4047 16 16 6
4048 16 16 6
4049 18 18 4
4050 20 19 5
4051 21 21 5
4052 17 16 6
4053 16 16 4
4054 14 13 5
4055 15 15 5
4056 7 6 5
4057 17 16 6
4058 8 8 4
4059 14 13 5
4060 9 8 4
4061 10 9 5
4062 19 19 7
4063 9 8 4
4064 10 9 5
4065 17 16 6
4066 22 21 7
4067 11 10 6
4068 12 12 4
4069 18 17 5
4070 7 6 5
4071 11 11 5
4072 7 6 5
4073 13 12 6
4074 14 13 7
4075 11 11 5
4076 15 15 5
4077 11 11 5
4078 17 16 6
4079 16 15 5
4080 11 11 5
4081 27 26 8
4082 10 10 4
4083 16 15 7
4084 13 12 6
4085 12 11 7
4086 15 14 6
4087 18 18 6
4088 10 10 4
4089 10 9 5
4090 13 12 6
4091 6 6 6
4092 13 13 7
4093 23 22 6
4094 16 16 6
4095 14 14 6
4096 16 16 6
4097 14 14 6
4098 16 16 8
4099 8 8 4
4100 12 11 5
4101 7 6 5
4102 13 13 5
4103 13 13 5
4104 9 8 4
4105 12 11 5
4106 13 13 7
4107 7 6 5
4108 17 16 6
4109 10 9 5
4110 23 22 6
4111 12 12 6
4112 10 9 5
4113 11 11 5
4114 9 8 4
4115 6 5 4
4116 20 19 7
4117 9 9 5
4118 17 16 6
4119 12 12 4
4120 16 15 7
4121 15 15 5
4122 11 11 5
4123 15 14 6
4124 14 14 6
4125 10 9 5
4126 11 11 5
4127 15 14 6
4128 12 11 5
4129 7 6 5
4130 21 20 8
4131 6 6 6
4132 19 18 6
4133 14 14 6
4134 20 19 7
4135 9 9 5
4136 11 10 4
4137 14 13 5
4138 11 11 5
4139 13 12 6
4140 10 10 6
4141 10 10 6
4142 16 16 4
4143 14 13 7
4144 19 19 5
4145 11 10 6
4146 14 14 4
4147 16 15 7
4148 9 8 4
4149 16 15 5
4150 13 12 6
4151 18 17 5
4152 15 14 6
4153 14 14 4
4154 10 9 5
4155 23 22 6
4156 6 6 6
4157 17 16 6
4158 14 13 7
4159 15 14 4
4160 16 15 5
4161 13 12 6
4162 10 9 5
4163 11 11 5
4164 15 14 6
4165 12 11 5
4166 13 13 5
4167 9 8 4
4168 12 11 5
4169 11 10 4
4170 8 7 6
4171 22 22 6
4172 12 12 4
4173 14 13 5
4174 15 15 5
4175 13 12 4
4176 12 11 5
4177 15 14 6
4178 8 8 8
4179 13 12 6
4180 14 13 5
4181 11 11 5
4182 19 19 5
4183 9 8 4
4184 16 15 5
4185 13 12 6
4186 6 6 6
4187 15 14 6
4188 14 14 4
4189 22 21 7
4190 15 14 4
4191 20 19 5
4192 9 8 4
4193 10 9 5
4194 11 10 6
4195 12 12 6
4196 26 26 4
4197 34 33 5
4198 13 12 4
4199 12 11 5
4200 11 10 4
4201 12 11 5
4202 17 16 4
4203 34 33 5
4204 29 28 4
4205 22 21 5
4206 9 8 4
4207 12 11 5
4208 23 22 4
4209 16 15 5
4210 39 38 6
4211 20 20 4
4212 16 15 5
4213 15 14 4
4214 34 33 5
4215 9 8 4
4216 14 13 5
4217 15 14 4
4218 20 19 5
4219 23 23 7
4220 23 22 6
4221 26 25 5
4222 23 22 8
4223 20 19 5
4224 25 25 5
4225 23 23 5
4226 23 23 7
4227 31 30 6
4228 24 24 8
4229 18 18 6
4230 28 27 5
4231 17 17 7
4232 29 28 6
4233 40 39 7
4234 31 30 10
4235 12 12 4
4236 18 17 5
4237 27 26 6
4238 24 24 12
4239 24 24 6
4240 24 23 11
4241 19 18 4
4242 28 27 5
4243 17 17 5
4244 15 14 6
4245 30 30 12
4246 22 22 6
4247 26 26 6
4248 18 17 5
4249 11 10 4
4250 22 21 5
4251 15 15 5
4252 21 20 6
4253 10 10 4
4254 24 23 7
4255 21 21 9
4256 13 12 4
4257 16 15 5
4258 17 16 4
4259 18 17 7
4260 11 10 4
4261 20 19 7
4262 31 30 8
4263 24 24 10
4264 22 21 5
4265 29 29 5
4266 21 20 6
4267 18 18 10
4268 20 20 6
4269 22 21 5
4270 21 20 4
4271 18 17 5
4272 21 21 5
4273 27 26 8
4274 22 22 6
4275 20 19 7
4276 25 25 9
4277 25 25 5
4278 39 39 11
4279 29 28 8
4280 18 18 4
4281 24 23 5
4282 27 26 6
4283 20 20 6
4284 20 20 4
4285 18 17 5
4286 29 28 8
4287 16 16 6
4288 22 22 8
4289 24 24 6
4290 26 25 7
4291 29 28 6
4292 32 31 11
4293 11 11 5
4294 21 20 4
4295 18 17 7
4296 21 21 7
4297 25 24 10
4298 10 10 4
4299 10 9 5
4300 41 40 12
4301 12 12 6
4302 14 14 6
4303 16 16 4
4304 18 17 5
4305 15 15 5
4306 9 8 4
4307 12 11 5
4308 21 20 6
4309 16 16 4
4310 14 13 5
4311 15 14 6
4312 14 14 4
4313 12 11 5
4314 19 18 6
4315 10 9 5
4316 9 8 4
4317 14 13 5
4318 17 17 5
4319 21 20 6
4320 6 6 6
4321 17 16 6
4322 12 12 6
4323 14 13 7
4324 15 14 4
4325 16 15 5
4326 11 10 4
4327 18 17 5
4328 9 8 4
4329 16 15 7
4330 7 6 5
4331 19 18 6
4332 26 26 6
4333 18 18 4
4334 16 15 7
4335 15 14 6
4336 12 12 4
4337 10 9 5
4338 7 6 5
4339 15 14 4
4340 12 11 5
4341 19 19 5
4342 15 14 4
4343 16 15 5
4344 11 10 4
4345 18 17 5
4346 17 17 5
4347 15 15 5
4348 15 15 5
4349 9 9 5
4350 11 11 5
4351 21 21 7
4352 17 16 6
4353 14 14 4
4354 14 13 5
4355 21 20 6
4356 10 9 5
4357 17 16 4
4358 12 11 5
4359 19 18 6
4360 20 20 4
4361 28 27 5
4362 15 14 4
4363 20 19 5
4364 5 5 5
4365 16 15 5
4366 11 10 4
4367 22 21 7
4368 11 10 6
4369 10 10 6
4370 20 20 4
4371 22 21 5
4372 13 12 4
4373 14 13 5
4374 9 8 4
4375 20 19 5
4376 7 6 5
4377 15 14 6
4378 16 16 4
4379 16 15 5
4380 7 7 7
4381 18 18 4
4382 16 15 5
4383 15 14 6
4384 6 6 6
4385 13 12 4
4386 14 13 5
4387 13 12 4
4388 12 11 5
4389 11 11 5
4390 19 19 7
4391 9 9 5
4392 15 14 4
4393 14 13 5
4394 13 13 5
4395 13 12 6
4396 16 16 6
4397 16 16 6
4398 8 8 4
4399 16 15 5
4400 21 20 6
4401 10 10 4
4402 12 11 5
4403 9 8 4
4404 12 11 5
4405 7 6 5
4406 11 10 6
4407 22 21 5
4408 13 13 5
4409 11 10 4
4410 14 13 5
4411 7 6 5
4412 15 14 4
4413 6 5 4
4414 18 17 9
4415 13 12 4
4416 16 15 5
4417 13 12 4
4418 18 17 5
4419 7 6 5
4420 11 10 6
4421 8 8 4
4422 22 21 5
4423 15 15 5
4424 23 22 6
4425 10 10 4
4426 10 9 5
4427 15 15 5
4428 17 16 6
4429 14 14 6
4430 8 8 4
4431 14 13 5
4432 13 12 4
4433 14 13 5
4434 19 19 5
4435 11 10 6
4436 16 15 5
4437 17 17 5
4438 13 12 4
4439 6 5 4
4440 14 13 7
4441 15 14 6
4442 22 22 6
4443 18 18 6
4444 14 14 6
4445 8 8 4
4446 24 23 7
4447 13 12 6
4448 10 10 4
4449 10 9 5
4450 11 10 4
4451 14 13 5
4452 9 8 4
4453 14 13 5
4454 19 18 6
4455 14 14 4
4456 16 15 5
4457 11 10 4
4458 16 15 5
4459 9 9 5
4460 25 24 6
4461 12 11 5
4462 15 15 5
4463 9 8 4
4464 10 9 5
4465 17 17 5
4466 23 23 7
4467 11 10 4
4468 12 11 5
4469 23 22 6
4470 16 16 6
4471 18 18 6
4472 16 16 4
4473 20 19 5
4474 11 10 4
4475 18 17 5
4476 13 12 4
4477 14 13 5
4478 19 18 6
4479 26 26 4
4480 22 21 5
4481 19 18 4
4482 18 17 5
4483 17 16 4
4484 26 25 7
4485 17 16 4
4486 14 13 5
4487 17 16 4
4488 22 21 5
4489 15 14 4
4490 18 17 5
4491 27 26 4
4492 48 47 5
4493 27 26 4
4494 16 15 5
4495 19 18 4
4496 22 21 5
4497 21 20 4
4498 38 37 5
4499 33 32 6
4500 20 19 5
4501 17 16 4
4502 26 25 5
4503 17 16 4
4504 26 25 7
4505 23 22 4
4506 16 15 5
4507 19 18 4
4508 26 25 5
4509 21 20 4
4510 16 15 5
4511 23 22 4
4512 26 25 5
4513 13 12 4
4514 16 15 5
4515 17 17 5
4516 17 16 4
4517 20 19 5
4518 25 25 5
4519 21 21 7
4520 13 13 5
4521 37 36 8
4522 22 22 6
4523 20 20 6
4524 38 38 6
4525 18 18 4
4526 22 21 5
4527 17 17 5
4528 17 17 7
4529 21 20 4
4530 20 19 5
4531 17 17 5
4532 23 23 7
4533 29 28 4
4534 26 25 7
4535 45 44 6
4536 22 21 5
4537 17 16 6
4538 8 8 4
4539 20 19 5
4540 19 19 5
4541 23 22 4
4542 32 31 5
4543 23 22 4
4544 16 15 5
4545 15 14 6
4546 18 17 5
4547 21 20 6
4548 30 30 6
4549 24 23 5
4550 17 16 4
4551 20 19 5
4552 21 21 5
4553 29 28 4
4554 26 25 5
4555 23 23 5
4556 31 30 8
4557 20 19 7
4558 19 18 4
4559 16 15 5
4560 15 15 5
4561 19 18 8
4562 26 25 11
4563 17 17 7
4564 29 28 4
4565 14 13 5
4566 37 36 10
4567 16 15 5
4568 33 32 8
4569 18 18 6
4570 14 14 6
4571 12 12 4
4572 22 21 7
4573 13 13 7
4574 21 20 6
4575 14 14 4
4576 40 39 11
4577 29 29 9
4578 15 14 4
4579 16 15 5
4580 15 15 5
4581 13 12 6
4582 16 15 5
4583 15 15 5
4584 21 20 4
4585 14 13 5
4586 27 26 6
4587 6 6 6
4588 17 16 4
4589 20 19 7
4590 17 16 6
4591 10 10 4
4592 24 23 5
4593 19 19 5
4594 17 16 6
4595 12 12 6
4596 16 16 4
4597 18 17 5
4598 25 24 8
4599 26 25 5
4600 17 16 4
4601 18 17 5
4602 11 10 4
4603 6 5 4
4604 18 17 7
4605 11 10 6
4606 28 28 6
4607 10 9 5
4608 15 15 5
4609 17 17 7
4610 13 13 5
4611 11 10 4
4612 14 13 5
4613 11 11 5
4614 15 14 6
4615 20 20 6
4616 14 14 4
4617 12 11 5
4618 17 16 4
4619 12 11 5
4620 25 25 9
4621 11 11 5
4622 19 18 6
4623 12 11 5
4624 15 15 5
4625 9 8 4
4626 12 11 5
4627 13 13 7
4628 7 6 5
4629 13 12 6
4630 10 9 5
4631 17 17 5
4632 9 9 5
4633 11 11 5
4634 11 11 5
4635 13 13 5
4636 11 11 5
4637 19 18 6
4638 14 14 4
4639 26 25 7
4640 15 15 5
4641 19 18 4
4642 18 17 5
4643 19 18 6
4644 6 6 6
4645 11 10 4
4646 14 13 5
4647 15 14 6
4648 10 10 4
4649 14 13 5
4650 25 24 8
4651 10 10 4
4652 12 11 5
4653 13 12 6
4654 12 12 6
4655 12 12 4
4656 14 13 5
4657 11 11 5
4658 11 10 4
4659 14 13 5
4660 21 20 8
4661 12 12 6
4662 12 12 4
4663 10 9 5
4664 13 12 6
4665 20 19 7
4666 13 12 4
4667 18 17 5
4668 13 12 6
4669 16 15 5
4670 7 6 5
4671 13 12 6
4672 12 12 4
4673 18 17 7
4674 9 8 4
4675 12 11 5
4676 7 7 7
4677 18 18 6
4678 12 11 5
4679 13 13 5
4680 11 11 5
4681 7 6 5
4682 15 14 8
4683 12 11 5
4684 15 15 5
4685 13 12 4
4686 10 9 5
4687 25 24 6
4688 16 15 7
4689 13 12 4
4690 22 21 5
4691 17 16 6
4692 10 10 6
4693 8 8 4
4694 18 17 7
4695 19 19 5
4696 19 18 6
4697 6 6 6
4698 21 21 5
4699 17 17 5
4700 13 12 6
4701 12 11 7
4702 17 16 6
4703 8 8 4
4704 12 11 5
4705 11 11 5
4706 17 16 6
4707 10 9 5
4708 11 10 4
4709 12 11 5
4710 25 24 8
4711 8 8 4
4712 22 21 7
4713 21 20 4
4714 18 17 5
4715 15 15 5
4716 17 17 5
4717 9 8 4
4718 6 5 4
4719 14 13 5
4720 13 12 6
4721 16 16 6
4722 12 12 6
4723 16 16 6
4724 14 14 4
4725 14 13 5
4726 15 14 6
4727 16 16 4
4728 14 13 5
4729 11 10 4
4730 10 9 5
4731 13 13 5
4732 9 9 5
4733 9 9 5
4734 9 9 5
4735 15 15 5
4736 21 20 4
4737 6 5 4
4738 12 11 5
4739 13 12 8
4740 6 6 6
4741 15 14 4
4742 16 15 5
4743 11 10 4
4744 6 5 4
4745 20 19 7
4746 13 13 7
4747 13 12 4
4748 6 5 4
4749 22 21 5
4750 13 13 5
4751 15 14 6
4752 18 17 7
4753 9 8 4
4754 10 9 5
4755 11 10 6
4756 6 5 4
4757 16 15 7
4758 13 12 6
4759 14 14 6
4760 8 8 4
4761 14 13 5
4762 11 10 6
4763 14 14 8
4764 10 10 4
4765 14 13 5
4766 9 8 4
4767 14 13 5
4768 9 8 4
4769 10 9 8
4770 12 12 4
4771 14 13 5
4772 15 15 5
4773 15 14 6
4774 10 9 5
4775 15 15 7
4776 13 12 4
4777 12 11 5
4778 19 19 9
4779 15 14 6
4780 8 8 4
4781 14 13 5
4782 17 16 6
4783 12 12 4
4784 12 11 5
4785 15 15 5
4786 17 16 8
4787 18 18 6
4788 14 14 6
4789 16 15 5
4790 17 16 4
4791 6 5 4
4792 16 15 5
4793 7 6 5
4794 13 12 8
4795 12 11 5
4796 11 10 4
4797 14 13 5
4798 11 11 5
4799 7 7 7
4800 12 12 4
4801 12 11 5
4802 17 17 5
4803 21 21 5
4804 11 10 4
4805 14 13 5
4806 15 15 5
4807 13 12 6
4808 10 10 6
4809 14 14 4
4810 10 9 5
4811 7 6 5
4812 11 11 5
4813 11 10 6
4814 8 8 4
4815 10 9 5
4816 15 15 5
4817 19 18 8
4818 20 20 6
4819 18 17 5
4820 9 9 5
4821 11 11 7
4822 13 12 4
4823 10 9 5
4824 13 12 6
4825 10 9 5
4826 13 13 5
4827 13 12 6
4828 12 11 5
4829 15 14 6
4830 8 7 6
4831 8 8 4
4832 14 13 7
4833 11 10 4
4834 10 9 5
4835 11 11 7
4836 11 10 4
4837 22 21 7
4838 13 12 6
4839 18 18 6
4840 16 15 5
4841 17 16 4
4842 12 11 5
4843 17 16 6
4844 10 10 4
4845 14 13 7
4846 13 12 6
4847 16 16 6
4848 20 20 6
4849 10 10 4
4850 18 17 5
4851 13 12 6
4852 12 12 4
4853 14 13 7
4854 25 24 6
4855 18 18 4
4856 12 11 5
4857 17 16 6
4858 28 28 4
4859 16 15 5
4860 27 26 4
4861 14 13 5
4862 9 9 5
4863 23 22 4
4864 18 17 5
4865 17 16 4
4866 14 13 5
4867 13 12 4
4868 20 19 7
4869 19 18 8
4870 18 17 5
4871 11 10 4
4872 6 5 4
4873 20 19 7
4874 27 27 5
4875 11 10 6
4876 12 12 4
4877 18 17 7
4878 17 16 6
4879 18 18 6
4880 20 20 8
4881 20 20 8
4882 16 16 6
4883 14 14 6
4884 12 11 5
4885 13 12 6
4886 12 12 6
4887 18 17 7
4888 9 8 4
4889 12 11 5
4890 13 12 6
4891 12 12 4
4892 14 13 5
4893 19 18 6
4894 14 14 4
4895 12 11 5
4896 27 26 6
4897 12 11 5
4898 15 14 6
4899 6 5 4
4900 18 17 5
4901 13 12 4
4902 12 11 5
4903 13 13 5
4904 19 19 5
4905 13 12 4
4906 14 13 5
4907 9 8 4
4908 14 13 5
4909 13 13 5
4910 19 19 7
4911 21 21 5
4912 19 18 4
4913 12 11 5
4914 13 12 4
4915 18 17 5
4916 17 16 6
4917 16 16 4
4918 16 15 5
4919 15 14 4
4920 10 9 5
4921 11 10 4
4922 10 9 5
4923 7 6 5
4924 17 16 6
4925 14 14 6
4926 12 11 5
4927 9 9 5
4928 7 6 5
4929 13 12 6
4930 12 11 5
4931 13 12 4
4932 20 19 7
4933 11 10 4
4934 10 9 5
4935 13 12 6
4936 10 9 5
4937 15 14 4
4938 14 13 5
4939 19 19 5
4940 13 13 5
4941 11 10 4
4942 14 13 5
4943 13 12 6
4944 12 12 6
4945 10 10 6
4946 14 13 5
4947 17 17 5
4948 9 9 5
4949 17 16 6
4950 18 18 4
4951 12 11 5
4952 11 10 4
4953 14 13 5
4954 19 18 4
4955 16 15 5
4956 9 8 4
4957 16 15 7
4958 13 12 4
4959 20 19 7
4960 13 12 6
4961 16 16 4
4962 14 13 5
4963 11 10 4
4964 6 5 4
4965 20 19 5
4966 11 11 5
4967 13 13 5
4968 11 10 6
4969 18 17 5
4970 11 10 4
4971 14 13 5
4972 5 5 5
4973 14 13 5
4974 19 19 5
4975 17 16 6
4976 12 12 4
4977 22 21 5
4978 9 8 4
4979 12 11 5
4980 11 10 4
4981 16 15 5
4982 17 16 6
4983 18 17 5
4984 15 14 4
4985 14 13 5
4986 7 7 7
4987 12 12 4
4988 14 13 5
4989 11 10 4
4990 6 5 4
4991 20 19 7
4992 7 6 5
4993 15 15 5
4994 19 19 7
4995 9 8 4
4996 14 13 5
4997 19 19 7
4998 9 8 7
4999 9 8 4
5000 16 15 7
5001 13 12 4
5002 6 5 4
5003 16 15 5
5004 9 9 5
5005 13 13 5
5006 11 11 5
5007 13 12 6
5008 12 12 6
5009 16 16 6
5010 10 10 4
5011 16 15 5
5012 11 10 4
5013 16 15 7
5014 9 9 5
5015 9 9 5
5016 13 12 4
5017 14 13 5
5018 17 16 6
5019 12 11 5
5020 21 20 8
5021 10 10 6
5022 10 10 6
5023 16 16 6
5024 12 12 6
5025 12 12 4
5026 10 9 5
5027 11 11 5
5028 15 15 7
5029 9 8 4
5030 12 11 5
5031 7 6 5
5032 13 12 8
5033 14 14 6
5034 20 20 4
5035 10 9 5
5036 11 11 5
5037 13 12 6
5038 14 13 5
5039 13 12 6
5040 18 17 5
5041 9 9 5
5042 21 20 6
5043 10 9 5
5044 13 12 4
5045 10 9 5
5046 11 11 5
5047 13 13 5
5048 13 12 6
5049 12 11 5
5050 13 12 6
5051 8 8 8
5052 23 22 6
5053 14 14 6
5054 10 10 6
5055 10 10 4
5056 16 15 7
5057 17 16 4
5058 10 9 5
5059 11 11 7
5060 11 10 4
5061 6 5 4
5062 10 9 5
5063 11 10 6
5064 10 10 6
5065 14 14 6
5066 16 16 8
5067 12 12 6
5068 14 14 6
5069 6 6 6
5070 13 12 6
5071 18 18 6
5072 10 9 5
5073 9 9 5
5074 15 15 7
5075 17 16 4
5076 12 11 5
5077 9 9 5
5078 15 15 5
5079 9 9 5
5080 13 12 6
5081 12 11 7
5082 15 14 6
5083 6 6 6
5084 17 16 6
5085 6 6 6
5086 13 12 8
5087 8 8 8
5088 9 8 4
5089 16 15 5
5090 11 10 6
5091 16 16 6
5092 22 22 6
5093 14 14 4
5094 14 13 5
5095 11 10 6
5096 10 10 6
5097 6 6 6
5098 15 14 8
5099 14 14 4
5100 12 11 5
5101 15 14 4
5102 12 11 5
5103 15 14 4
5104 16 15 5
5105 17 16 6
5106 18 17 5
5107 19 18 4
5108 16 15 5
5109 13 12 4
5110 10 9 5
5111 11 10 4
5112 10 9 5
5113 7 7 7
5114 14 13 5
5115 13 13 5
5116 27 27 7
5117 15 14 4
5118 24 23 5
5119 11 11 5
5120 9 8 4
5121 14 13 5
5122 11 10 6
5123 14 13 5
5124 23 23 5
5125 29 29 5
5126 17 16 6
5127 12 12 4
5128 12 11 5
5129 29 28 6
5130 14 13 5
5131 13 12 4
5132 18 17 5
5133 17 16 4
5134 12 11 5
5135 11 11 5
5136 9 8 4
5137 16 15 5
5138 19 18 6
5139 16 15 5
5140 13 13 5
5141 19 18 4
5142 18 17 5
5143 9 8 4
5144 10 9 5
5145 5 5 5
5146 32 31 5
5147 23 23 5
5148 21 20 4
5149 12 11 5
5150 11 10 4
5151 18 17 5
5152 11 10 4
5153 28 27 5
5154 41 40 4
5155 20 19 5
5156 15 14 6
5157 12 12 4
5158 14 13 5
5159 13 12 4
5160 20 19 5
5161 13 12 6
5162 22 22 4
5163 18 17 5
5164 11 10 4
5165 14 13 5
5166 9 8 4
5167 12 11 5
5168 19 18 4
5169 14 13 5
5170 17 16 4
5171 20 19 5
5172 25 24 6
5173 16 15 5
5174 15 14 4
5175 22 21 5
5176 21 20 4
5177 20 19 5
5178 15 14 6
5179 14 14 4
5180 16 15 5
5181 17 16 4
5182 20 19 5
5183 13 12 6
5184 24 24 4
5185 16 15 5
5186 15 14 4
5187 14 13 5
5188 13 12 6
5189 16 16 6
5190 12 12 4
5191 12 11 5
5192 15 15 7
5193 11 10 6
5194 6 6 6
5195 17 16 6
5196 12 12 4
5197 10 9 5
5198 15 14 6
5199 12 12 6
5200 10 10 6
5201 10 9 5
5202 7 6 5
5203 13 12 6
5204 16 16 8
5205 26 26 4
5206 18 17 5
5207 13 12 4
5208 14 13 5
5209 13 12 4
5210 8 7 6
5211 18 18 4
5212 16 15 5
5213 11 10 4
5214 12 11 5
5215 11 10 6
5216 6 5 4
5217 18 17 7
5218 9 8 4
5219 20 19 5
5220 15 15 5
5221 17 16 6
5222 10 10 4
5223 16 15 5
5224 21 21 5
5225 19 18 4
5226 18 17 7
5227 19 18 6
5228 6 6 6
5229 13 13 5
5230 13 12 6
5231 14 14 4
5232 16 15 5
5233 19 18 6
5234 14 14 4
5235 14 13 5
5236 11 10 6
5237 12 12 6
5238 10 9 5
5239 15 14 4
5240 14 13 7
5241 17 16 6
5242 18 18 8
5243 10 10 4
5244 14 13 7
5245 11 11 5
5246 15 14 4
5247 16 15 5
5248 5 5 5
5249 12 11 5
5250 11 11 7
5251 15 15 5
5252 17 17 5
5253 9 8 4
5254 12 11 5
5255 11 11 5
5256 9 9 5
5257 13 13 7
5258 17 16 4
5259 14 13 5
5260 13 13 7
5261 9 9 5
5262 13 13 7
5263 13 12 4
5264 16 15 5
5265 9 9 5
5266 21 20 6
5267 22 22 8
5268 8 8 4
5269 6 5 4
5270 10 9 5
5271 15 14 6
5272 18 18 6
5273 18 18 6
5274 12 12 4
5275 12 11 5
5276 9 8 4
5277 6 5 4
5278 16 15 7
5279 15 14 4
5280 18 17 7
5281 7 6 5
5282 9 8 4
5283 16 15 7
5284 9 8 4
5285 12 11 5
5286 11 10 4
5287 14 13 7
5288 11 11 5
5289 9 9 5
5290 11 10 6
5291 10 10 6
5292 10 10 6
5293 16 16 8
5294 12 12 4
5295 16 15 5
5296 11 11 5
5297 15 14 6
5298 12 12 6
5299 10 9 5
5300 9 9 5
5301 7 6 5
5302 15 14 6
5303 14 13 5
5304 17 17 5
5305 11 10 6
5306 10 10 6
5307 12 11 5
5308 11 11 5
5309 9 8 4
5310 10 9 5
5311 15 14 6
5312 12 12 6
5313 6 6 6
5314 9 9 5
5315 9 9 5
5316 17 16 6
5317 8 8 4
5318 14 13 5
5319 11 10 6
5320 14 14 6
5321 8 8 4
5322 20 19 7
5323 11 11 5
5324 11 11 7
5325 13 12 6
5326 12 12 6
5327 8 7 6
5328 16 16 6
5329 6 6 6
5330 19 18 6
5331 12 11 5
5332 13 12 6
5333 14 13 5
5334 15 14 6
5335 14 14 4
5336 14 13 5
5337 11 10 4
5338 12 11 5
5339 15 15 7
5340 13 12 6
5341 6 5 4
5342 16 15 5
5343 11 10 6
5344 10 10 4
5345 12 11 5
5346 9 9 5
5347 15 14 6
5348 14 14 6
5349 8 8 4
5350 20 19 5
5351 9 9 5
5352 19 18 4
5353 10 9 5
5354 11 11 5
5355 9 9 5
5356 13 12 8
5357 10 10 4
5358 12 11 5
5359 11 10 4
5360 24 23 9
5361 9 8 4
5362 12 11 5
5363 11 11 5
5364 17 16 6
5365 6 6 6
5366 11 10 6
5367 14 13 7
5368 9 9 5
5369 9 8 4
5370 18 17 7
5371 15 15 5
5372 11 11 5
5373 9 9 5
5374 5 5 5
5375 10 9 5
5376 9 8 4
5377 24 23 5
5378 11 10 4
5379 22 21 7
5380 13 12 4
5381 12 11 5
5382 15 14 4
5383 12 11 5
5384 11 11 7
5385 15 14 4
5386 22 21 5
5387 5 5 5
5388 10 9 5
5389 13 12 6
5390 8 7 6
5391 16 16 6
5392 6 6 6
5393 13 12 6
5394 14 14 4
5395 18 17 7
5396 15 14 8
5397 10 10 4
5398 10 9 5
5399 17 16 6
5400 6 6 6
5401 9 9 5
5402 23 23 5
5403 19 18 4
5404 14 13 5
5405 15 14 6
5406 6 6 6
5407 9 9 5
5408 11 11 5
5409 15 15 5
5410 19 18 6
5411 18 17 5
5412 25 24 4
5413 14 13 5
5414 11 10 4
5415 12 11 5
5416 23 22 4
5417 38 37 5
5418 17 16 4
5419 22 21 5
5420 7 7 7
5421 18 18 4
5422 24 23 5
5423 21 20 4
5424 22 21 5
5425 15 14 4
5426 12 11 5
5427 33 32 4
5428 22 21 5
5429 33 33 5
5430 27 26 4
5431 28 27 5
5432 21 20 4
5433 28 27 5
5434 35 34 6
5435 24 24 6
5436 10 10 4
5437 24 23 5
5438 19 18 4
5439 36 35 7
5440 19 18 4
5441 16 15 5
5442 15 14 4
5443 18 17 5
5444 13 12 4
5445 26 25 5
5446 21 20 4
5447 20 19 5
5448 19 18 4
5449 24 23 7
5450 19 18 4
5451 20 19 5
5452 25 24 4
5453 16 15 5
5454 13 12 4
5455 12 11 5
5456 21 20 8
5457 18 18 4
5458 22 21 5
5459 9 8 4
5460 20 19 5
5461 25 24 6
5462 18 17 5
5463 21 21 5
5464 25 24 6
5465 12 12 6
5466 20 20 6
5467 24 24 8
5468 24 24 6
5469 16 16 6
5470 12 12 4
5471 18 17 7
5472 25 24 10
5473 16 15 7
5474 25 24 6
5475 18 18 6
5476 18 18 6
5477 20 20 6
5478 12 12 4
5479 18 17 5
5480 9 8 4
5481 20 19 7
5482 23 23 7
5483 13 13 7
5484 27 26 10
5485 20 20 6
5486 16 16 6
5487 28 27 7
5488 15 14 6
5489 26 25 7
5490 31 31 7
5491 13 12 4
5492 24 23 5
5493 11 10 4
5494 20 19 5
5495 17 17 5
5496 19 19 5
5497 13 12 6
5498 16 15 5
5499 13 12 6
5500 20 19 9
5501 19 19 5
5502 17 17 5
5503 27 26 12
5504 18 18 4
5505 14 13 5
5506 15 14 4
5507 16 15 5
5508 13 12 4
5509 16 15 5
5510 11 11 5
5511 11 11 5
5512 11 10 4
5513 18 17 7
5514 7 6 5
5515 9 9 5
5516 9 8 4
5517 24 23 5
5518 11 11 5
5519 15 14 6
5520 26 26 6
5521 14 14 6
5522 8 8 4
5523 10 9 5
5524 17 16 4
5525 10 9 5
5526 13 13 5
5527 11 10 6
5528 6 6 6
5529 23 22 8
5530 12 11 5
5531 19 18 6
5532 14 14 4
5533 14 13 7
5534 13 12 6
5535 8 8 4
5536 14 13 5
5537 27 26 6
5538 8 8 4
5539 6 5 4
5540 16 15 5
5541 11 10 6
5542 10 10 4
5543 18 17 7
5544 13 12 4
5545 20 19 5
5546 15 14 6
5547 8 8 4
5548 14 13 5
5549 11 10 4
5550 18 17 7
5551 9 8 4
5552 22 21 7
5553 23 22 8
5554 12 12 6
5555 10 10 4
5556 16 15 5
5557 19 18 6
5558 20 19 5
5559 17 17 5
5560 13 12 4
5561 12 11 5
5562 17 16 6
5563 14 14 6
5564 18 18 6
5565 16 16 4
5566 12 11 5
5567 15 15 5
5568 23 22 6
5569 16 16 4
5570 20 19 5
5571 13 12 6
5572 14 14 6
5573 8 8 4
5574 10 9 5
5575 19 18 4
5576 26 25 5
5577 19 19 5
5578 13 12 4
5579 10 9 5
5580 21 20 6
5581 14 13 5
5582 15 14 6
5583 12 12 6
5584 22 22 6
5585 6 6 6
5586 19 18 6
5587 18 18 6
5588 18 17 5
5589 9 9 5
5590 11 10 4
5591 10 9 5
5592 21 20 6
5593 18 18 4
5594 18 17 5
5595 9 9 5
5596 11 10 6
5597 6 6 6
5598 9 9 5
5599 11 11 5
5600 27 27 7
5601 11 10 6
5602 12 12 6
5603 10 10 6
5604 14 13 5
5605 19 18 4
5606 14 13 5
5607 19 18 4
5608 12 11 5
5609 11 11 5
5610 11 10 4
5611 10 9 5
5612 17 16 6
5613 12 11 5
5614 11 10 6
5615 14 14 6
5616 10 10 4
5617 12 11 5
5618 11 11 5
5619 13 12 6
5620 16 15 5
5621 11 11 5
5622 15 14 4
5623 18 17 7
5624 9 9 5
5625 11 10 6
5626 16 16 6
5627 18 17 5
5628 11 11 5
5629 19 18 4
5630 12 11 5
5631 15 15 5
5632 9 9 5
5633 11 11 5
5634 17 17 7
5635 9 8 4
5636 16 15 5
5637 19 18 4
5638 12 11 5
5639 23 22 8
5640 6 6 6
5641 13 13 5
5642 5 5 5
5643 16 15 5
5644 15 14 8
5645 12 11 5
5646 9 9 5
5647 11 10 6
5648 8 8 4
5649 18 17 5
5650 13 12 4
5651 16 15 5
5652 11 10 6
5653 12 12 6
5654 14 13 5
5655 11 10 6
5656 6 6 6
5657 11 10 6
5658 14 13 7
5659 21 20 4
5660 14 13 5
5661 11 11 7
5662 13 12 6
5663 8 8 4
5664 10 9 5
5665 19 19 7
5666 7 6 5
5667 11 11 7
5668 17 16 6
5669 20 20 6
5670 14 14 4
5671 10 9 5
5672 13 13 5
5673 13 12 4
5674 14 13 5
5675 17 16 6
5676 6 6 6
5677 13 13 5
5678 13 13 5
5679 13 13 7
5680 5 5 5
5681 14 13 5
5682 11 10 6
5683 14 14 6
5684 14 13 7
5685 13 12 6
5686 10 10 4
5687 12 11 5
5688 15 15 5
5689 9 9 5
5690 13 13 5
5691 13 12 4
5692 12 11 5
5693 13 13 5
5694 13 12 6
5695 20 19 7
5696 5 5 5
5697 10 9 5
5698 11 10 4
5699 20 19 7
5700 17 17 5
5701 15 14 4
5702 18 17 5
5703 5 5 5
5704 16 15 5
5705 17 17 5
5706 19 18 6
5707 10 10 4
5708 12 11 5
5709 11 11 7
5710 17 16 4
5711 14 13 5
5712 17 16 6
5713 14 14 6
5714 12 11 5
5715 11 10 4
5716 24 23 5
5717 21 20 6
5718 10 10 4
5719 12 11 5
5720 15 14 4
5721 12 11 5
5722 13 13 7
5723 17 17 5
5724 15 14 6
5725 12 12 4
5726 12 11 5
5727 9 8 4
5728 14 13 5
5729 7 6 5
5730 19 18 6
5731 32 32 4
5732 20 19 5
5733 7 6 5
5734 13 12 6
5735 6 5 4
5736 10 9 5
5737 9 8 4
5738 16 15 5
5739 19 18 6
5740 10 10 4
5741 6 5 4
5742 18 17 5
5743 9 9 5
5744 17 16 8
5745 6 6 6
5746 15 14 6
5747 18 18 6
5748 10 10 4
5749 18 17 5
5750 13 12 4
5751 14 13 5
5752 7 6 5
5753 17 16 6
5754 20 19 5
5755 19 19 5
5756 13 13 5
5757 17 16 6
5758 12 12 6
5759 14 14 4
5760 22 21 5
5761 31 31 5
5762 19 18 4
5763 22 21 5
5764 11 10 4
5765 18 17 5
5766 19 19 5
5767 19 18 6
5768 20 20 4
5769 30 29 5
5770 17 16 4
5771 20 19 5
5772 17 16 4
5773 18 17 5
5774 17 16 4
5775 20 19 5
5776 13 12 4
5777 20 19 5
5778 17 16 4
5779 16 15 5
5780 17 16 6
5781 12 12 4
5782 16 15 5
5783 15 15 5
5784 11 10 4
5785 18 17 5
5786 13 12 4
5787 16 15 5
5788 13 12 4
5789 12 11 5
5790 25 24 6
5791 18 18 6
5792 10 10 4
5793 16 15 5
5794 21 21 5
5795 21 20 4
5796 16 15 5
5797 15 15 5
5798 35 34 12
5799 16 16 4
5800 22 21 5
5801 13 12 4
5802 18 17 5
5803 17 16 4
5804 26 25 5
5805 23 22 4
5806 18 17 5
5807 25 25 5
5808 19 18 6
5809 14 14 6
5810 14 14 6
5811 26 26 8
5812 26 25 7
5813 15 14 6
5814 24 24 6
5815 22 21 5
5816 21 20 4
5817 20 19 5
5818 17 16 6
5819 18 18 6
5820 22 22 6
5821 22 22 6
5822 18 17 5
5823 23 23 5
5824 35 34 10
5825 14 13 5
5826 21 20 6
5827 28 27 7
5828 17 17 5
5829 35 34 10
5830 16 16 4
5831 14 13 5
5832 19 18 4
5833 24 23 7
5834 19 19 5
5835 13 12 4
5836 24 23 7
5837 17 17 5
5838 31 30 8
5839 24 23 5
5840 15 14 4
5841 28 27 9
5842 23 23 9
5843 13 12 4
5844 30 29 5
5845 23 22 8
5846 26 26 6
5847 16 16 4
5848 14 13 5
5849 31 30 6
5850 28 28 8
5851 16 16 6
5852 22 22 6
5853 14 14 4
5854 22 21 5
5855 15 15 5
5856 27 26 10
5857 12 12 4
5858 14 13 5
5859 11 10 4
5860 20 19 7
5861 25 24 4
5862 24 23 7
5863 11 11 5
5864 21 20 6
5865 18 18 4
5866 22 21 7
5867 13 13 5
5868 21 20 6
5869 20 20 6
5870 18 17 5
5871 19 18 6
5872 12 12 4
5873 18 17 5
5874 19 18 6
5875 14 14 4
5876 20 19 5
5877 13 13 7
5878 19 18 4
5879 18 17 5
5880 33 33 7
5881 25 24 6
5882 14 14 4
5883 16 15 5
5884 21 21 5
5885 39 39 9
5886 19 18 4
5887 22 21 5
5888 21 21 5
5889 19 18 4
5890 14 13 5
5891 19 18 4
5892 14 13 5
5893 13 12 4
5894 10 9 5
5895 17 17 5
5896 13 12 4
5897 18 17 5
5898 23 22 6
5899 18 18 6
5900 14 14 4
5901 12 11 5
5902 17 16 6
5903 14 14 6
5904 8 8 4
5905 14 13 5
5906 9 9 5
5907 21 20 6
5908 16 16 6
5909 12 12 6
5910 10 10 6
5911 28 28 10
5912 12 12 6
5913 10 10 4
5914 24 23 5
5915 25 24 6
5916 18 17 5
5917 19 18 6
5918 10 9 5
5919 19 18 4
5920 20 19 5
5921 19 18 6
5922 16 15 5
5923 7 6 5
5924 17 16 4
5925 22 21 5
5926 25 24 6
5927 16 16 6
5928 6 6 6
5929 27 26 6
5930 32 32 6
5931 16 15 7
5932 17 17 5
5933 17 17 5
5934 21 20 4
5935 18 17 5
5936 25 25 7
5937 13 13 5
5938 15 15 5
5939 21 20 6
5940 26 25 5
5941 15 14 6
5942 14 14 4
5943 16 15 5
5944 27 26 4
5945 14 13 5
5946 13 12 4
5947 14 13 5
5948 11 10 4
5949 14 13 5
5950 19 19 5
5951 15 15 5
5952 29 28 4
5953 10 9 5
5954 31 30 6
5955 14 14 6
5956 16 16 6
5957 18 17 5
5958 17 16 4
5959 14 13 5
5960 13 12 4
5961 12 11 5
5962 13 13 5
5963 9 9 5
5964 17 17 5
5965 19 18 4
5966 12 11 5
5967 13 13 5
5968 11 11 5
5969 19 19 7
5970 17 16 6
5971 14 13 5
5972 13 12 4
5973 16 15 5
5974 17 16 6
5975 6 6 6
5976 13 13 5
5977 15 14 4
5978 16 15 5
5979 13 12 4
5980 12 11 5
5981 15 14 6
5982 12 11 5
5983 9 9 5
5984 13 12 6
5985 14 14 4
5986 12 11 5
5987 11 11 5
5988 11 11 5
5989 15 14 4
5990 16 15 5
5991 11 11 5
5992 11 11 5
5993 17 17 5
5994 15 14 6
5995 14 14 4
5996 12 11 5
5997 11 10 6
5998 10 10 6
5999 8 7 6
6000 10 10 6
6001 12 12 6
6002 10 10 6
6003 10 10 10
6004 21 20 6
6005 10 9 5
6006 11 10 6
6007 6 6 6
6008 13 13 5
6009 13 12 6
6010 12 12 4
6011 10 9 5
6012 11 11 5
6013 17 16 6
6014 10 10 6
6015 12 11 5
6016 11 11 5
6017 9 9 5
6018 13 13 5
6019 7 6 5
6020 7 7 7
6021 12 11 5
6022 11 11 7
6023 13 12 6
6024 10 10 4
6025 14 13 5
6026 19 19 7
6027 11 10 4
6028 14 13 5
6029 9 9 5
6030 15 15 5
6031 15 15 5
6032 15 15 5
6033 15 14 6
6034 12 11 5
6035 11 10 4
6036 10 9 5
6037 13 12 6
6038 14 14 6
6039 24 24 4
6040 6 5 4
6041 12 11 5
6042 7 7 7
6043 12 12 6
6044 12 11 5
6045 9 9 5
6046 11 11 5
6047 17 16 4
6048 10 9 5
6049 13 12 4
6050 10 9 5
6051 15 14 6
6052 18 17 5
6053 19 18 6
6054 10 10 4
6055 18 17 5
6056 15 15 5
6057 13 12 4
6058 10 9 5
6059 13 13 5
6060 13 13 5
6061 19 18 6
6062 12 12 6
6063 20 20 6
6064 16 16 6
6065 16 15 5
6066 15 15 5
6067 21 20 6
6068 20 20 4
6069 14 13 5
6070 9 8 4
6071 12 11 5
6072 13 13 7
6073 19 18 6
6074 8 8 4
6075 18 17 7
6076 13 12 4
6077 6 5 4
6078 16 15 5
6079 13 12 4
6080 6 5 4
6081 18 17 7
6082 9 9 5
6083 19 18 4
6084 18 17 5
6085 5 5 5
6086 10 9 5
6087 9 9 5
6088 13 12 4
6089 24 23 7
6090 31 30 6
6091 10 10 4
6092 20 19 5
6093 11 10 4
6094 18 17 5
6095 19 19 5
6096 19 18 4
6097 20 19 5
6098 25 24 6
6099 14 14 4
6100 14 13 5
6101 9 9 5
6102 21 20 4
6103 24 23 5
6104 27 26 4
6105 16 15 5
6106 25 24 6
6107 6 6 6
6108 21 20 4
6109 24 23 5
6110 29 28 4
6111 30 29 5
6112 25 24 4
6113 24 23 5
6114 15 14 4
6115 26 25 5
6116 25 24 4
6117 10 9 5
6118 41 40 10
6119 20 19 5
6120 21 21 7
6121 9 9 5
6122 15 14 4
6123 18 17 5
6124 27 27 11
6125 21 21 7
6126 21 20 6
6127 14 14 6
6128 20 20 8
6129 16 15 5
6130 21 20 8
6131 32 32 8
6132 14 14 4
6133 20 19 5
6134 23 23 7
6135 19 19 7
6136 17 16 4
6137 20 19 5
6138 17 16 4
6139 24 23 5
6140 19 19 9
6141 15 14 6
6142 12 12 4
6143 26 25 7
6144 25 25 7
6145 27 27 5
6146 19 18 6
6147 14 14 6
6148 14 14 6
6149 12 12 4
6150 24 23 9
6151 15 14 6
6152 18 17 9
6153 19 18 6
6154 6 5 4
6155 12 11 7
6156 19 18 4
6157 22 21 9
6158 29 29 9
6159 19 19 5
6160 13 13 5
6161 15 14 4
6162 10 9 5
6163 17 16 6
6164 20 20 6
6165 14 13 5
6166 25 24 12
6167 14 14 6
6168 8 8 4
6169 30 29 5
6170 19 18 8
6171 12 12 4
6172 18 17 7
6173 33 32 12
6174 22 21 5
6175 27 26 4
6176 10 9 5
6177 17 16 4
6178 16 15 7
6179 13 12 4
6180 18 17 5
6181 17 16 4
6182 10 9 5
6183 15 15 7
6184 13 12 6
6185 14 14 6
6186 12 11 5
6187 13 13 5
6188 11 10 4
6189 18 17 5
6190 17 17 5
6191 15 14 4
6192 16 15 5
6193 25 24 6
6194 18 18 6
6195 12 12 4
6196 16 15 5
6197 23 23 7
6198 19 18 4
6199 18 17 5
6200 13 12 4
6201 14 13 5
6202 17 16 6
6203 14 14 6
6204 14 13 5
6205 17 17 5
6206 7 6 5
6207 23 22 6
6208 22 21 5
6209 21 20 6
6210 22 22 4
6211 18 17 7
6212 23 22 6
6213 18 18 4
6214 14 13 5
6215 27 26 4
6216 18 17 5
6217 21 21 5
6218 21 21 5
6219 31 30 4
6220 18 17 5
6221 17 17 5
6222 19 19 5
6223 13 12 4
6224 14 13 5
6225 9 9 5
6226 17 16 4
6227 6 5 4
6228 22 21 7
6229 17 16 8
6230 16 16 6
6231 12 12 4
6232 16 15 5
6233 17 17 5
6234 11 10 4
6235 16 15 7
6236 15 14 6
6237 8 7 6
6238 12 12 4
6239 12 11 5
6240 17 17 5
6241 13 12 4
6242 14 13 5
6243 7 6 5
6244 15 14 6
6245 16 15 7
6246 11 10 6
6247 6 6 6
6248 11 10 6
6249 10 9 5
6250 19 18 8
6251 12 12 6
6252 12 12 6
6253 10 9 5
6254 11 11 5
6255 5 5 5
6256 12 11 5
6257 11 11 5
6258 11 10 4
6259 18 17 7
6260 11 11 5
6261 11 11 5
6262 17 16 6
6263 18 18 8
6264 12 12 6
6265 6 5 4
6266 14 13 5
6267 9 9 5
6268 11 11 5
6269 13 13 5
6270 17 16 8
6271 16 15 5
6272 13 12 6
6273 10 10 4
6274 12 11 5
6275 17 17 7
6276 9 9 5
6277 7 6 5
6278 13 12 6
6279 18 17 9
6280 11 10 6
6281 14 14 6
6282 8 8 4
6283 10 9 5
6284 9 8 4
6285 10 9 5
6286 11 11 5
6287 11 11 5
6288 15 15 5
6289 15 15 7
6290 9 8 7
6291 9 8 4
6292 10 9 5
6293 11 10 6
6294 14 13 7
6295 21 20 6
6296 16 15 5
6297 9 8 4
6298 20 19 5
6299 11 10 6
6300 12 11 7
6301 13 12 6
6302 12 12 6
6303 10 10 6
6304 12 11 7
6305 15 14 4
6306 6 5 4
6307 12 11 7
6308 5 5 5
6309 6 5 4
6310 12 11 5
6311 11 10 6
6312 14 13 5
6313 21 20 8
6314 12 12 4
6315 12 11 5
6316 9 8 4
6317 6 5 4
6318 16 15 7
6319 9 8 7
6320 13 12 6
6321 12 12 6
6322 16 16 6
6323 14 13 7
6324 9 8 4
6325 6 5 4
6326 14 13 7
6327 11 10 6
6328 18 17 5
6329 13 13 5
6330 9 8 4
6331 14 13 7
6332 15 15 5
6333 7 6 5
6334 11 10 4
6335 20 19 9
6336 15 14 6
6337 10 10 4
6338 14 13 5
6339 7 6 5
6340 17 17 5
6341 13 13 5
6342 11 10 4
6343 12 11 5
6344 9 8 7
6345 15 14 6
6346 8 8 4
6347 12 11 5
6348 11 10 4
6349 10 9 5
6350 23 22 6
6351 12 12 4
6352 12 11 5
6353 11 11 5
6354 19 18 6
6355 8 7 6
6356 12 12 4
6357 10 9 5
6358 7 7 7
6359 16 16 4
6360 20 19 7
6361 11 10 4
6362 12 11 5
6363 9 8 4
6364 14 13 5
6365 13 13 5
6366 29 29 5
6367 19 18 4
6368 16 15 5
6369 13 12 4
6370 10 9 5
6371 19 18 4
6372 24 23 5
6373 27 27 5
6374 13 12 6
6375 14 14 6
6376 10 10 4
6377 24 23 5
6378 9 8 4
6379 20 19 5
6380 27 27 5
6381 27 26 4
6382 14 13 5
6383 11 10 4
6384 18 17 5
6385 19 18 6
6386 16 16 4
6387 22 21 5
6388 11 11 5
6389 11 10 4
6390 6 5 4
6391 16 15 5
6392 7 6 5
6393 25 24 8
6394 20 20 4
6395 18 17 5
6396 11 11 5
6397 23 23 5
6398 29 28 6
6399 14 13 5
6400 21 20 6
6401 34 33 5
6402 23 22 4
6403 22 21 5
6404 15 14 4
6405 14 13 5
6406 27 26 4
6407 20 19 5
6408 11 10 4
6409 12 11 5
6410 29 28 4
6411 26 25 7
6412 29 28 4
6413 18 17 5
6414 27 26 6
6415 24 24 6
6416 28 27 9
6417 21 21 7
6418 33 32 6
6419 26 26 10
6420 32 31 5
6421 21 20 6
6422 18 17 5
6423 29 28 10
6424 30 30 6
6425 26 26 6
6426 18 18 6
6427 18 18 4
6428 20 19 5
6429 23 22 6
6430 20 19 5
6431 17 16 6
6432 18 18 4
6433 14 13 5
6434 17 16 4
6435 20 19 5
6436 19 18 6
6437 24 23 9
6438 21 20 6
6439 20 19 11
6440 25 25 7
6441 25 24 6
6442 16 16 6
6443 22 22 8
6444 24 23 7
6445 23 22 6
6446 20 19 5
6447 15 14 6
6448 18 18 6
6449 18 17 5
6450 11 10 4
6451 12 11 5
6452 19 18 6
6453 18 17 7
6454 13 12 4
6455 12 11 5
6456 17 16 4
6457 28 27 7
6458 17 16 6
6459 18 18 6
6460 26 25 7
6461 13 12 6
6462 12 11 5
6463 15 14 4
6464 26 25 7
6465 13 13 5
6466 19 18 6
6467 18 17 5
6468 17 17 5
6469 19 18 8
6470 16 15 7
6471 13 13 5
6472 17 17 5
6473 15 15 5
6474 9 9 5
6475 13 13 7
6476 11 10 4
6477 12 11 5
6478 27 26 6
6479 24 23 5
6480 15 14 6
6481 12 12 6
6482 12 12 6
6483 16 16 4
6484 10 9 5
6485 13 13 5
6486 21 20 6
6487 18 17 5
6488 9 9 5
6489 11 10 6
6490 18 18 6
6491 12 12 4
6492 14 13 5
6493 7 7 7
6494 14 14 6
6495 18 18 6
6496 12 11 5
6497 13 12 6
6498 12 12 6
6499 14 14 4
6500 12 11 5
6501 13 12 4
6502 16 15 5
6503 15 14 6
6504 20 20 4
6505 12 11 5
6506 13 13 5
6507 5 5 5
6508 16 15 7
6509 11 10 6
6510 14 13 5
6511 19 18 4
6512 14 13 5
6513 19 18 6
6514 12 12 4
6515 12 11 5
6516 13 13 5
6517 9 9 5
6518 11 11 5
6519 15 14 6
6520 14 14 6
6521 24 24 6
6522 14 14 6
6523 6 6 6
6524 17 17 5
6525 11 11 5
6526 9 8 4
6527 12 11 5
6528 23 22 6
6529 12 11 5
6530 19 18 4
6531 14 13 7
6532 11 10 4
6533 12 11 5
6534 19 19 5
6535 13 12 4
6536 16 15 5
6537 19 19 7
6538 21 20 6
6539 14 14 6
6540 24 24 8
6541 8 8 4
6542 20 19 5
6543 11 11 5
6544 11 10 6
6545 10 9 5
6546 17 16 6
6547 16 16 6
6548 16 15 5
6549 15 15 5
6550 15 15 5
6551 9 9 5
6552 23 23 5
6553 17 16 6
6554 20 20 6
6555 10 10 6
6556 14 14 4
6557 14 13 5
6558 11 10 4
6559 16 15 5
6560 17 17 5
6561 11 11 5
6562 15 15 5
6563 7 6 5
6564 11 10 4
6565 22 21 9
6566 19 19 5
6567 13 13 5
6568 21 21 5
6569 11 11 5
6570 13 12 4
6571 14 13 5
6572 17 16 6
6573 16 16 6
6574 16 16 8
6575 16 16 4
6576 20 19 5
6577 9 8 4
6578 6 5 4
6579 10 9 5
6580 13 12 6
6581 12 11 5
6582 13 12 6
6583 18 17 5
6584 9 9 5
6585 11 10 4
6586 12 11 5
6587 13 13 5
6588 13 12 6
6589 12 12 6
6590 12 11 5
6591 11 11 5
6592 13 13 5
6593 15 14 4
6594 12 11 5
6595 9 8 7
6596 13 12 6
6597 18 18 4
6598 16 15 5
6599 17 17 5
6600 9 8 4
6601 10 9 5
6602 13 13 5
6603 13 13 5
6604 7 6 5
6605 17 16 6
6606 10 9 5
6607 13 12 8
6608 10 10 6
6609 20 20 6
6610 16 16 6
6611 16 16 6
6612 16 16 6
6613 12 12 6
6614 8 7 6
6615 10 10 6
6616 8 8 4
6617 14 13 5
6618 17 17 5
6619 15 15 5
6620 9 9 5
6621 13 12 6
6622 10 9 5
6623 9 9 5
6624 15 15 5
6625 9 9 5
6626 17 17 5
6627 15 15 5
6628 11 11 5
6629 11 10 6
6630 6 6 6
6631 9 8 4
6632 14 13 7
6633 17 16 6
6634 14 14 6
6635 12 12 4
6636 14 13 5
6637 13 12 6
6638 12 12 6
6639 16 16 6
6640 10 9 5
6641 25 24 6
6642 22 22 4
6643 12 11 5
6644 11 11 5
6645 19 18 4
6646 12 11 5
6647 13 12 4
6648 14 13 5
6649 17 17 5
6650 13 13 5
6651 25 24 6
6652 18 18 4
6653 18 17 5
6654 5 5 5
6655 12 11 5
6656 11 11 5
6657 19 18 4
6658 14 13 5
6659 17 16 4
6660 6 5 4
6661 16 15 5
6662 11 10 6
6663 16 16 4
6664 16 15 5
6665 11 11 5
6666 9 8 4
6667 10 9 5
6668 7 6 5
6669 17 16 6
6670 14 14 6
6671 14 14 6
6672 10 9 5
6673 11 11 5
6674 17 16 4
6675 16 15 5
6676 11 11 7
6677 7 6 5
6678 15 14 6
6679 10 9 5
6680 17 16 4
6681 12 11 5
6682 9 8 4
6683 12 11 7
6684 7 6 5
6685 15 14 6
6686 14 13 5
6687 17 16 6
6688 14 14 6
6689 14 14 6
6690 8 8 8
6691 7 6 5
6692 15 14 6
6693 18 18 6
6694 32 31 7
6695 27 26 4
6696 22 21 7
6697 13 12 4
6698 10 9 5
6699 5 5 5
6700 12 11 5
6701 11 10 4
6702 22 21 7
6703 17 16 6
6704 20 19 5
6705 7 6 5
6706 13 12 4
6707 10 9 5
6708 13 12 6
6709 10 10 4
6710 22 21 7
6711 21 20 4
6712 12 11 5
6713 13 12 6
6714 14 14 4
6715 14 13 5
6716 9 9 5
6717 9 9 5
6718 15 14 6
6719 16 16 6
6720 12 12 6
6721 14 14 4
6722 20 19 5
6723 17 16 4
6724 18 17 5
6725 15 14 4
6726 22 21 5
6727 9 8 4
6728 16 15 5
6729 17 16 4
6730 14 13 5
6731 9 8 4
6732 16 15 5
6733 15 15 5
6734 19 19 5
6735 19 18 4
6736 18 17 5
6737 17 16 4
6738 14 13 5
6739 21 20 4
6740 22 21 5
6741 21 21 5
6742 17 17 5
6743 15 14 4
6744 16 15 5
6745 15 14 4
6746 14 13 5
6747 19 18 4
6748 18 17 5
6749 13 12 4
6750 22 21 5
6751 23 22 4
6752 30 29 5
6753 25 25 5
6754 21 20 6
6755 22 22 4
6756 14 13 5
6757 15 14 4
6758 14 13 5
6759 31 30 6
6760 12 11 5
6761 29 28 6
6762 20 19 7
6763 27 26 8
6764 20 19 5
6765 23 22 6
6766 26 26 6
6767 20 19 5
6768 13 13 5
6769 27 26 8
6770 22 21 7
6771 17 17 5
6772 21 21 7
6773 21 20 8
6774 12 12 6
6775 16 16 4
6776 30 29 11
6777 25 24 6
6778 18 17 5
6779 17 17 5
6780 15 14 8
6781 22 22 4
6782 16 15 5
6783 17 16 6
6784 20 20 8
6785 16 15 7
6786 9 9 5
6787 25 24 10
6788 16 16 6
6789 14 13 5
6790 21 21 7
6791 15 14 6
6792 16 16 4
6793 18 17 5
6794 9 8 4
6795 20 19 7
6796 13 13 5
6797 17 17 5
6798 19 19 7
6799 23 22 6
6800 18 18 8
6801 12 11 5
6802 13 12 4
6803 14 13 5
6804 23 23 5
6805 13 12 4
6806 30 29 11
6807 21 20 6
6808 20 20 4
6809 14 13 5
6810 25 25 5
6811 15 14 4
6812 16 15 5
6813 29 28 6
6814 18 18 4
6815 26 25 7
6816 25 24 4
6817 20 19 5
6818 33 33 7
6819 13 12 6
6820 18 18 4
6821 12 11 5
6822 21 20 6
6823 18 18 4
6824 30 29 7
6825 25 25 7
6826 23 23 9
6827 13 12 6
6828 14 14 6
6829 6 5 4
6830 14 13 5
6831 19 18 4
6832 16 15 5
6833 15 14 6
6834 12 11 5
6835 11 11 5
6836 19 18 6
6837 14 14 4
6838 26 25 7
6839 13 12 4
6840 18 17 5
6841 25 24 6
6842 18 18 6
6843 10 9 5
6844 23 23 5
6845 13 12 4
6846 22 21 5
6847 19 18 4
6848 18 17 5
6849 9 9 5
6850 17 16 6
6851 10 9 5
6852 21 20 8
6853 14 14 4
6854 18 17 5
6855 15 14 6
6856 8 8 4
6857 18 17 5
6858 11 10 4
6859 28 27 7
6860 13 13 5
6861 13 12 4
6862 18 17 5
6863 25 25 5
6864 9 9 5
6865 13 12 6
6866 14 14 4
6867 24 23 7
6868 29 28 4
6869 30 29 5
6870 19 18 4
6871 14 13 5
6872 11 10 6
6873 10 10 4
6874 12 11 5
6875 11 10 4
6876 14 13 5
6877 21 21 5
6878 21 20 6
6879 22 22 6
6880 14 14 4
6881 18 17 5
6882 9 8 4
6883 10 9 5
6884 15 14 4
6885 20 19 5
6886 9 9 5
6887 21 20 6
6888 16 16 4
6889 14 13 5
6890 15 14 4
6891 6 5 4
6892 22 21 5
6893 19 19 5
6894 13 12 4
6895 16 15 9
6896 13 12 4
6897 12 11 5
6898 11 10 6
6899 10 10 6
6900 10 10 4
6901 20 19 7
6902 9 9 5
6903 19 18 4
6904 20 19 5
6905 19 18 6
6906 14 14 6
6907 14 14 4
6908 16 15 7
6909 13 12 6
6910 10 10 4
6911 16 15 5
6912 11 10 4
6913 12 11 5
6914 13 12 6
6915 10 9 5
6916 15 14 4
6917 16 15 7
6918 15 14 4
6919 12 11 5
6920 17 16 4
6921 14 13 5
6922 11 11 5
6923 15 15 5
6924 11 10 6
6925 10 9 5
6926 9 9 5
6927 11 11 5
6928 17 17 9
6929 11 10 4
6930 16 15 5
6931 13 12 4
6932 10 9 5
6933 17 16 4
6934 12 11 5
6935 19 19 5
6936 11 10 4
6937 14 13 5
6938 15 14 6
6939 18 18 8
6940 12 12 4
6941 10 9 5
6942 11 10 4
6943 12 11 5
6944 11 10 4
6945 12 11 5
6946 7 6 5
6947 11 10 4
6948 6 5 4
6949 14 13 5
6950 9 9 5
6951 15 15 5
6952 13 12 6
6953 12 12 4
6954 10 9 5
6955 15 14 6
6956 14 13 5
6957 11 10 4
6958 20 19 7
6959 13 13 5
6960 13 12 4
6961 12 11 5
6962 5 5 5
6963 12 11 7
6964 9 9 5
6965 17 16 6
6966 10 10 4
6967 16 15 5
6968 17 17 7
6969 15 14 6
6970 16 16 6
6971 10 10 4
6972 14 13 5
6973 15 15 5
6974 15 15 5
6975 13 12 6
6976 12 12 4
6977 8 7 6
6978 30 30 4
6979 18 17 5
6980 19 18 6
6981 10 10 4
6982 14 13 5
6983 15 14 6
6984 14 14 4
6985 14 13 5
6986 17 16 4
6987 12 11 5
6988 13 12 4
6989 16 15 5
6990 13 13 5
6991 11 10 6
6992 10 10 6
6993 12 12 4
6994 18 17 5
6995 11 10 4
6996 22 21 7
6997 19 18 4
6998 10 9 5
6999 11 10 4
7000 24 23 5
7001 9 8 4
7002 12 11 5
7003 13 12 6
7004 18 18 4
7005 12 11 5
7006 11 10 4
7007 14 13 5
7008 21 20 4
7009 12 11 5
7010 19 19 5
7011 17 16 4
7012 16 15 5
7013 11 10 4
7014 18 17 5
7015 13 12 4
7016 14 13 5
7017 17 16 6
7018 18 18 6
7019 24 24 4
7020 12 11 5
7021 17 16 4
7022 16 15 5
7023 11 10 4
7024 12 11 5
7025 23 22 4
7026 20 19 5
7027 29 28 6
7028 24 24 6
7029 18 18 4
7030 22 21 5
7031 23 22 6
7032 14 14 4
7033 42 41 5
7034 19 18 4
7035 36 35 5
7036 37 36 4
7037 28 27 5
7038 21 20 4
7039 24 23 5
7040 21 20 4
7041 28 27 5
7042 21 20 4
7043 20 19 5
7044 25 24 4
7045 18 17 5
7046 27 26 4
7047 20 19 5
7048 23 22 4
7049 24 23 5
7050 13 12 4
7051 10 9 5
7052 15 14 4
7053 14 13 5
7054 23 22 4
7055 18 17 5
7056 11 10 4
7057 12 11 5
7058 11 10 4
7059 22 21 5
7060 15 14 6
7061 12 12 6
7062 18 18 4
7063 20 19 5
7064 15 15 5
7065 13 12 4
7066 10 9 5
7067 15 15 5
7068 19 18 6
7069 18 18 6
7070 16 15 5
7071 9 9 5
7072 15 14 4
7073 14 13 7
7074 19 19 5
7075 11 10 4
7076 14 13 5
7077 17 16 6
7078 12 12 6
7079 8 8 4
7080 16 15 7
7081 15 14 4
7082 22 21 5
7083 15 14 6
7084 14 14 6
7085 8 8 4
7086 16 15 5
7087 17 16 6
7088 18 17 5
7089 29 28 10
7090 10 10 4
7091 12 11 5
7092 21 20 6
7093 20 19 5
7094 17 16 6
7095 20 20 6
7096 12 12 6
7097 12 12 4
7098 16 15 5
7099 9 8 4
7100 18 17 5
7101 19 19 7
7102 21 20 4
7103 10 9 5
7104 13 12 6
7105 16 16 6
7106 10 10 6
7107 14 13 5
7108 19 18 6
7109 24 23 7
7110 13 12 4
7111 12 11 5
7112 13 13 5
7113 9 9 5
7114 17 16 6
7115 24 24 6
7116 16 15 5
7117 17 16 6
7118 12 12 4
7119 22 21 5
7120 21 21 5
7121 9 9 5
7122 13 12 4
7123 20 19 5
7124 13 12 4
7125 12 11 5
7126 23 22 8
7127 18 17 5
7128 21 20 6
7129 10 10 4
7130 16 15 5
7131 15 14 4
7132 10 9 5
7133 13 12 6
7134 14 13 5
7135 19 18 6
7136 6 6 6
7137 15 14 4
7138 12 11 5
7139 15 14 6
7140 14 13 7
7141 9 8 4
7142 6 5 4
7143 14 13 7
7144 9 9 5
7145 11 11 5
7146 11 11 5
7147 11 11 5
7148 5 5 5
7149 14 13 5
7150 9 9 5
7151 17 16 8
7152 10 10 4
7153 16 15 7
7154 13 12 6
7155 16 15 5
7156 11 10 6
7157 12 12 6
7158 14 14 4
7159 12 11 5
7160 13 12 6
7161 12 12 8
7162 12 12 6
7163 12 11 5
7164 15 15 5
7165 13 13 7
7166 17 16 6
7167 14 13 5
7168 9 9 5
7169 11 11 5
7170 13 13 7
7171 13 12 6
7172 6 6 6
7173 17 17 7
7174 11 11 5
7175 11 11 5
7176 11 10 6
7177 14 14 6
7178 8 8 4
7179 18 17 7
7180 17 17 7
7181 15 15 5
7182 9 8 4
7183 14 13 7
7184 9 8 4
7185 16 15 5
7186 17 17 5
7187 13 12 6
7188 8 8 4
7189 14 13 7
7190 5 5 5
7191 12 11 5
7192 7 6 5
7193 15 14 6
7194 6 5 4
7195 12 11 7
7196 11 10 6
7197 14 14 8
7198 6 6 6
7199 15 14 6
7200 14 14 4
7201 12 11 7
7202 9 8 4
7203 16 15 5
7204 13 13 7
7205 13 12 4
7206 12 11 5
7207 7 6 5
7208 9 9 5
7209 13 12 6
7210 16 15 5
7211 15 14 4
7212 16 15 5
7213 13 13 5
7214 5 5 5
7215 14 13 9
7216 9 8 4
7217 16 15 5
7218 9 9 5
7219 7 6 5
7220 13 12 6
7221 6 6 6
7222 15 15 7
7223 9 9 5
7224 15 14 8
7225 6 6 6
7226 13 12 6
7227 6 6 6
7228 13 12 6
7229 6 5 4
7230 18 17 7
7231 17 16 6
7232 12 11 5
7233 13 12 6
7234 22 21 5
7235 9 9 5
7236 15 15 7
7237 17 16 6
7238 10 10 4
7239 16 15 5
7240 11 11 7
7241 7 6 5
7242 15 14 6
7243 6 6 6
7244 13 13 5
7245 21 21 7
7246 15 14 6
7247 10 10 4
7248 10 9 5
7249 19 18 6
7250 14 13 5
7251 19 18 6
7252 16 16 6
7253 8 8 4
7254 14 13 5
7255 13 12 6
7256 20 19 5
7257 11 10 4
7258 12 11 5
7259 13 13 5
7260 9 9 5
7261 25 24 6
7262 18 17 5
7263 21 20 4
7264 14 13 5
7265 9 8 4
7266 8 7 6
7267 18 17 5
7268 13 12 6
7269 14 14 4
7270 12 11 5
7271 21 20 4
7272 10 9 5
7273 13 12 4
7274 8 7 6
7275 24 24 6
7276 18 18 4
7277 26 25 7
7278 15 14 6
7279 20 20 4
7280 6 5 4
7281 16 15 5
7282 7 6 5
7283 13 12 6
7284 16 16 6
7285 18 18 6
7286 14 14 4
7287 28 27 5
7288 9 8 4
7289 12 11 5
7290 11 10 6
7291 18 18 4
7292 24 23 5
7293 21 20 6
7294 14 14 4
7295 16 15 5
7296 9 8 4
7297 20 19 5
7298 23 23 5
7299 25 24 4
7300 26 25 5
7301 27 26 4
7302 14 13 5
7303 25 24 4
7304 22 21 5
7305 29 28 4
7306 14 13 5
7307 19 18 4
7308 26 25 5
7309 31 30 6
7310 20 20 4
7311 22 21 5
7312 17 16 6
7313 12 12 4
7314 22 21 5
7315 23 22 4
7316 14 13 5
7317 17 17 5
7318 23 23 5
7319 13 13 5
7320 13 12 4
7321 16 15 5
7322 29 28 6
7323 22 22 6
7324 16 16 4
7325 26 25 9
7326 21 21 9
7327 15 15 5
7328 27 26 8
7329 18 18 8
7330 24 23 9
7331 9 8 4
7332 14 13 5
7333 9 8 4
7334 16 15 7
7335 25 24 4
7336 20 19 7
7337 25 24 6
7338 18 18 4
7339 42 41 11
7340 9 8 4
7341 18 17 5
7342 19 18 6
7343 12 12 4
7344 24 23 5
7345 21 20 8
7346 16 15 5
7347 15 14 6
7348 16 15 5
7349 11 11 5
7350 17 16 8
7351 14 14 6
7352 14 14 6
7353 18 17 5
7354 13 13 7
7355 13 12 6
7356 8 8 4
7357 16 15 5
7358 13 12 6
7359 20 19 5
7360 17 16 4
7361 10 9 5
7362 21 20 8
7363 12 12 6
7364 12 12 6
7365 8 8 4
7366 12 11 5
7367 11 11 5
7368 19 18 6
7369 8 8 4
7370 14 13 5
7371 9 8 4
7372 12 11 5
7373 11 11 7
7374 11 10 4
7375 20 19 7
7376 19 18 4
7377 12 11 5
7378 15 14 6
7379 10 10 6
7380 18 18 6
7381 10 9 5
7382 11 11 5
7383 7 6 5
7384 17 17 7
7385 7 6 5
7386 11 11 7
7387 9 9 5
7388 13 12 6
7389 16 16 4
7390 16 15 5
7391 9 9 5
7392 15 14 6
7393 12 11 5
7394 13 13 5
7395 13 12 6
7396 22 21 5
7397 25 25 5
7398 23 22 4
7399 20 19 5
7400 9 9 5
7401 9 8 4
7402 12 11 5
7403 11 11 5
7404 17 17 5
7405 13 12 4
7406 16 15 5
7407 17 16 4
7408 24 23 5
7409 11 10 4
7410 14 13 5
7411 9 8 4
7412 14 13 7
7413 13 12 4
7414 20 19 5
7415 11 11 5
7416 13 12 6
7417 12 11 5
7418 11 10 4
7419 16 15 5
7420 17 16 4
7421 18 17 5
7422 13 12 4
7423 22 21 5
7424 15 15 5
7425 11 10 4
7426 12 11 5
7427 17 16 4
7428 12 11 5
7429 19 18 4
7430 16 15 5
7431 15 14 6
7432 28 28 8
7433 14 14 6
7434 12 12 6
7435 16 15 5
7436 19 18 6
7437 14 14 4
7438 14 13 5
7439 19 18 6
7440 20 20 4
7441 16 15 5
7442 13 13 7
7443 17 16 6
7444 18 17 5
7445 19 18 6
7446 14 14 4
7447 18 17 5
7448 13 13 5
7449 13 13 5
7450 7 6 5
7451 13 13 5
7452 19 19 7
7453 15 15 5
7454 13 12 4
7455 14 13 7
7456 19 18 6
7457 12 12 4
7458 12 11 5
7459 15 14 6
7460 18 17 5
7461 15 14 6
7462 10 9 5
7463 9 9 5
7464 13 12 6
7465 8 8 4
7466 18 17 7
7467 13 12 8
7468 18 18 4
7469 14 13 5
7470 11 10 4
7471 14 13 5
7472 13 12 6
7473 10 9 5
7474 11 11 5
7475 9 9 5
7476 17 17 7
7477 17 16 6
7478 18 18 6
7479 8 8 4
7480 12 11 5
7481 5 5 5
7482 12 11 5
7483 9 9 5
7484 19 19 5
7485 5 5 5
7486 22 21 7
7487 9 9 5
7488 15 14 6
7489 10 9 5
7490 13 12 6
7491 6 5 4
7492 18 17 5
7493 27 27 9
7494 19 18 6
7495 12 12 4
7496 10 9 5
7497 15 14 8
7498 8 8 4
7499 16 15 5
7500 15 15 7
7501 13 12 6
7502 14 14 4
7503 22 21 9
7504 13 12 6
7505 6 6 6
7506 13 12 6
7507 12 11 5
7508 7 6 5
7509 21 20 6
7510 10 10 6
7511 12 12 4
7512 12 11 7
7513 11 10 6
7514 6 6 6
7515 17 16 8
7516 10 9 5
7517 15 15 5
7518 11 11 5
7519 21 20 8
7520 12 11 5
7521 19 19 5
7522 7 6 5
7523 11 11 5
7524 9 9 5
7525 9 8 4
7526 10 9 5
7527 25 24 4
7528 12 11 5
7529 13 12 4
7530 10 9 5
7531 17 16 6
7532 10 10 6
7533 12 12 6
7534 12 12 4
7535 18 17 5
7536 17 17 5
7537 19 18 4
7538 14 13 5
7539 11 10 6
7540 10 9 5
7541 19 18 8
7542 8 8 4
7543 14 13 5
7544 19 18 8
7545 10 10 4
7546 10 9 5
7547 11 10 4
7548 12 11 5
7549 11 10 6
7550 12 11 5
7551 17 17 7
7552 11 11 5
7553 17 16 4
7554 6 5 4
7555 14 13 5
7556 9 9 5
7557 11 11 7
7558 15 14 4
7559 18 17 5
7560 13 12 4
7561 14 13 5
7562 11 10 4
7563 16 15 5
7564 13 12 6
7565 10 10 6
7566 12 12 4
7567 16 15 7
7568 7 6 5
7569 11 11 5
7570 13 12 6
7571 10 10 6
7572 10 10 6
7573 14 13 5
7574 19 18 6
7575 14 13 5
7576 9 8 4
7577 12 11 5
7578 13 12 4
7579 10 9 5
7580 11 10 6
7581 14 13 5
7582 21 21 7
7583 19 18 4
7584 26 25 5
7585 13 13 5
7586 11 10 4
7587 16 15 5
7588 9 9 5
7589 9 9 5
7590 13 12 6
7591 10 10 4
7592 28 27 5
7593 13 12 6
7594 6 6 6
7595 11 10 6
7596 14 13 7
7597 15 14 4
7598 22 21 5
7599 17 17 5
7600 33 33 5
7601 21 21 5
7602 11 11 5
7603 9 8 4
7604 16 15 5
7605 13 12 6
7606 18 17 5
7607 11 11 5
7608 25 25 5
7609 17 16 6
7610 10 10 6
7611 10 9 5
7612 11 10 6
7613 8 8 4
7614 20 19 5
7615 17 16 6
7616 20 20 6
7617 14 14 4
7618 10 9 5
7619 9 8 4
7620 10 9 5
7621 13 12 8
7622 10 10 4
7623 14 13 5
7624 9 8 4
7625 20 19 5
7626 13 13 5
7627 17 16 6
7628 24 23 5
7629 17 17 5
7630 15 14 4
7631 12 11 5
7632 25 24 4
7633 16 15 5
7634 17 16 4
7635 10 9 5
7636 13 12 4
7637 10 9 5
7638 25 24 4
7639 42 41 5
7640 33 32 4
7641 22 21 5
7642 17 16 4
7643 12 11 5
7644 15 14 4
7645 22 21 5
7646 15 14 4
7647 12 11 5
7648 17 16 4
7649 6 5 4
7650 28 27 5
7651 9 8 4
7652 20 19 7
7653 27 27 5
7654 15 14 6
7655 20 19 5
7656 19 18 4
7657 20 19 5
7658 15 14 4
7659 18 17 5
7660 17 16 6
7661 14 14 6
7662 16 16 4
7663 12 11 5
7664 19 19 5
7665 29 28 4
7666 12 11 5
7667 25 24 6
7668 14 14 4
7669 22 21 7
7670 15 14 4
7671 22 21 5
7672 25 25 5
7673 21 21 5
7674 19 19 5
7675 33 32 14
7676 28 28 6
7677 20 19 7
7678 19 18 6
7679 28 28 8
7680 22 21 5
7681 33 33 7
7682 21 21 5
7683 21 21 7
7684 25 24 6
7685 30 29 7
7686 15 14 6
7687 12 11 5
7688 29 28 10
7689 24 23 5
7690 23 23 7
7691 25 25 7
7692 23 22 6
7693 14 13 5
7694 31 30 6
7695 28 27 5
7696 15 15 5
7697 23 23 7
7698 21 21 9
7699 25 25 11
7700 23 23 9
7701 23 22 8
7702 24 23 7
7703 27 26 8
7704 30 30 6
7705 6 5 4
7706 20 19 7
7707 13 12 4
7708 20 19 5
7709 19 18 4
7710 12 11 5
7711 21 20 4
7712 12 11 5
7713 19 18 6
7714 10 9 5
7715 13 13 5
7716 11 10 4
7717 14 13 5
7718 15 15 7
7719 11 11 5
7720 13 12 6
7721 14 14 4
7722 22 21 5
7723 15 14 4
7724 14 13 5
7725 13 12 4
7726 14 13 5
7727 13 12 4
7728 18 17 5
7729 13 12 4
7730 12 11 7
7731 15 15 5
7732 9 8 4
7733 12 11 5
7734 13 12 6
7735 12 12 6
7736 18 18 8
7737 16 16 4
7738 12 11 5
7739 11 10 4
7740 14 13 5
7741 29 28 6
7742 14 14 6
7743 10 10 4
7744 14 13 5
7745 15 15 5
7746 7 6 5
7747 11 10 6
7748 6 5 4
7749 12 11 5
7750 13 12 6
7751 20 20 6
7752 10 10 4
7753 12 11 5
7754 15 14 6
7755 18 18 4
7756 12 11 5
7757 13 12 4
7758 22 21 5
7759 13 12 4
7760 12 11 5
7761 9 8 7
7762 13 12 6
7763 12 12 6
7764 14 14 4
7765 12 11 5
7766 19 18 8
7767 12 12 4
7768 12 11 5
7769 13 13 5
7770 13 12 4
7771 14 13 5
7772 15 14 6
7773 16 16 8
7774 20 20 4
7775 12 11 5
7776 13 12 4
7777 20 19 7
7778 11 10 4
7779 10 9 5
7780 19 18 6
7781 14 14 6
7782 22 22 6
7783 22 21 5
7784 15 14 4
7785 16 15 5
7786 13 12 4
7787 14 13 5
7788 9 9 5
7789 11 10 6
7790 10 10 4
7791 12 11 5
7792 17 16 6
7793 10 10 6
7794 12 12 4
7795 16 15 5
7796 13 13 5
7797 15 14 6
7798 14 14 6
7799 16 16 6
7800 14 14 8
7801 10 10 4
7802 18 17 5
7803 19 18 8
7804 12 12 4
7805 14 13 5
7806 13 13 5
7807 17 16 4
7808 8 7 6
7809 18 18 4
7810 12 11 5
7811 21 20 6
7812 14 14 4
7813 10 9 5
7814 11 11 5
7815 11 10 6
7816 10 10 6
7817 14 14 4
7818 14 13 5
7819 11 10 4
7820 12 11 7
7821 9 9 5
7822 13 13 5
7823 7 6 5
7824 13 12 4
7825 14 13 7
7826 11 10 4
7827 22 21 7
7828 23 22 6
7829 10 9 5
7830 13 12 4
7831 18 17 7
7832 15 14 6
7833 14 13 5
7834 11 10 4
7835 12 11 5
7836 9 9 5
7837 15 15 5
7838 11 10 6
7839 10 9 5
7840 5 5 5
7841 10 9 5
7842 7 7 7
7843 18 17 7
7844 11 11 5
7845 13 12 4
7846 10 9 5
7847 11 10 6
7848 6 5 4
7849 18 17 7
7850 19 19 5
7851 9 9 5
7852 13 12 4
7853 16 15 7
7854 7 6 5
7855 7 6 5
7856 13 13 7
7857 11 10 6
7858 16 16 4
7859 10 9 5
7860 15 14 6
7861 12 11 7
7862 7 6 5
7863 13 12 6
7864 14 13 5
7865 15 14 6
7866 12 12 6
7867 12 12 6
7868 14 14 6
7869 8 8 4
7870 6 5 4
7871 14 13 7
7872 9 8 7
7873 15 14 4
7874 18 17 7
7875 11 10 4
7876 16 15 7
7877 7 6 5
7878 11 11 5
7879 7 7 7
7880 10 10 4
7881 20 19 9
7882 7 6 5
7883 11 11 5
7884 13 13 5
7885 7 6 5
7886 15 14 6
7887 6 6 6
7888 9 9 5
7889 13 13 7
7890 13 12 6
7891 6 5 4
7892 10 9 5
7893 11 11 5
7894 17 17 7
7895 13 12 4
7896 18 17 5
7897 7 7 7
7898 10 10 4
7899 10 9 5
7900 15 15 5
7901 9 8 4
7902 16 15 5
7903 11 10 4
7904 20 19 7
7905 11 10 4
7906 10 9 5
7907 11 10 6
7908 18 18 6
7909 18 17 5
7910 27 27 5
7911 23 22 4
7912 16 15 5
7913 9 8 4
7914 10 9 5
7915 11 10 4
7916 24 23 5
7917 13 12 4
7918 6 5 4
7919 12 11 5
7920 7 7 7
7921 8 8 4
7922 12 11 5
7923 11 10 4
7924 20 19 7
7925 19 19 5
7926 9 9 5
7927 19 18 4
7928 10 9 5
7929 9 9 5
7930 5 5 5
7931 24 23 5
7932 27 26 6
7933 18 18 4
7934 14 13 5
7935 13 12 4
7936 10 9 5
7937 17 16 4
7938 18 17 5
7939 17 16 4
7940 26 25 5
7941 15 14 4
7942 14 13 5
7943 21 20 4
7944 20 19 5
7945 25 24 6
7946 20 20 6
7947 8 8 4
7948 20 19 5
7949 19 18 4
7950 20 19 5
7951 15 14 4
7952 14 13 5
7953 15 14 4
7954 12 11 5
7955 15 15 5
7956 23 22 6
7957 22 21 5
7958 7 6 5
7959 13 12 4
7960 14 13 5
7961 13 12 6
7962 16 16 4
7963 18 17 5
7964 17 16 6
7965 20 19 5
7966 19 18 4
7967 20 19 5
7968 17 16 4
7969 16 15 5
7970 17 16 6
7971 10 10 4
7972 20 19 5
7973 15 15 5
7974 15 14 6
7975 12 12 6
7976 12 12 4
7977 14 13 5
7978 15 14 4
7979 24 23 5
7980 19 18 4
7981 14 13 5
7982 11 10 4
7983 14 13 5
7984 13 12 6
7985 24 24 4
7986 12 11 5
7987 17 16 4
7988 20 19 5
7989 19 18 4
7990 18 17 5
7991 13 13 5
7992 13 12 4
7993 16 15 5
7994 19 19 5
7995 11 11 5
7996 23 22 6
7997 10 10 4
7998 16 15 5
7999 13 12 4
8000 20 19 5
8001 13 12 4
8002 18 17 5
8003 11 11 5
8004 15 14 6
8005 16 16 4
8006 12 11 5
8007 17 17 5
8008 25 25 7
8009 11 11 5
8010 19 19 5
8011 13 13 5
8012 21 20 8
8013 16 16 4
8014 12 11 5
8015 13 12 4
8016 40 39 15
8017 15 14 4
8018 22 21 7
8019 23 22 6
8020 20 20 6
8021 10 9 5
8022 25 24 6
8023 16 16 6
8024 16 16 4
8025 22 21 7
8026 17 16 6
8027 10 10 4
8028 14 13 5
8029 15 14 6
8030 30 29 5
8031 17 16 4
8032 16 15 5
8033 11 11 5
8034 11 10 4
8035 10 9 5
8036 15 14 6
8037 14 14 4
8038 28 27 5
8039 19 19 5
8040 13 12 6
8041 12 12 4
8042 16 15 5
8043 17 17 5
8044 17 17 5
8045 13 12 4
8046 12 11 5
8047 9 8 4
8048 14 13 5
8049 11 10 4
8050 14 13 5
8051 9 9 5
8052 11 11 5
8053 23 22 6
8054 8 8 4
8055 18 17 5
8056 5 5 5
8057 12 11 5
8058 13 13 5
8059 25 25 7
8060 7 6 5
8061 13 12 6
8062 12 12 6
8063 10 9 5
8064 21 21 7
8065 11 10 4
8066 18 17 5
8067 13 13 5
8068 7 6 5
8069 11 11 5
8070 17 16 8
8071 14 14 6
8072 18 17 5
8073 15 14 4
8074 10 9 5
8075 15 14 4
8076 8 7 6
8077 14 14 6
8078 8 8 4
8079 12 11 5
8080 15 15 5
8081 13 12 6
8082 6 6 6
8083 11 10 6
8084 10 10 6
8085 16 16 6
8086 10 10 4
8087 20 19 7
8088 13 12 4
8089 14 13 5
8090 7 6 5
8091 13 12 6
8092 6 6 6
8093 15 14 6
8094 18 17 7
8095 17 16 6
8096 8 8 4
8097 10 9 5
8098 9 8 7
8099 11 10 6
8100 12 12 6
8101 14 13 7
8102 11 11 5
8103 7 6 5
8104 11 10 4
8105 14 13 7
8106 9 8 4
8107 10 9 5
8108 7 7 7
8109 10 10 6
8110 22 21 5
8111 15 15 5
8112 19 18 6
8113 14 14 8
8114 12 12 6
8115 12 12 4
8116 14 13 5
8117 7 6 5
8118 17 16 6
8119 6 5 4
8120 14 13 7
8121 11 11 5
8122 15 14 6
8123 12 12 6
8124 14 13 7
8125 13 13 5
8126 11 10 4
8127 8 7 6
8128 12 12 6
8129 18 17 5
8130 13 13 5
8131 9 9 5
8132 9 9 5
8133 7 6 5
8134 11 10 6
8135 12 11 5
8136 11 11 5
8137 17 16 6
8138 8 8 4
8139 10 9 5
8140 15 14 6
8141 8 7 6
8142 16 16 6
8143 12 12 6
8144 14 14 6
8145 22 22 6
8146 12 12 4
8147 6 5 4
8148 14 13 7
8149 11 10 6
8150 16 15 5
8151 15 15 7
8152 15 14 6
8153 22 22 6
8154 14 14 6
8155 12 12 6
8156 14 14 6
8157 12 11 7
8158 9 8 4
8159 14 13 5
8160 27 27 7
8161 17 17 5
8162 11 11 5
8163 21 20 6
8164 6 6 6
8165 9 9 5
8166 15 14 4
8167 16 15 5
8168 11 11 5
8169 19 18 6
8170 8 8 4
8171 18 17 5
8172 13 13 5
8173 11 10 6
8174 10 10 6
8175 12 12 6
8176 10 10 6
8177 16 16 4
8178 14 13 5
8179 11 11 5
8180 13 13 5
8181 9 9 5
8182 9 8 7
8183 9 8 4
8184 14 13 7
8185 17 16 4
8186 12 11 5
8187 15 14 6
8188 12 11 5
8189 19 18 6
8190 8 7 6
8191 10 10 6
8192 18 17 5
8193 13 12 4
8194 8 7 6
8195 20 19 7
8196 9 8 4
8197 14 13 5
8198 13 12 6
8199 16 15 7
8200 7 6 5
8201 15 14 8
8202 16 16 6
8203 10 10 6
8204 12 11 5
8205 11 10 4
8206 6 5 4
8207 12 11 7
8208 9 8 4
8209 10 9 5
8210 13 13 7
8211 17 16 6
8212 22 21 5
8213 13 12 4
8214 10 9 5
8215 9 9 5
8216 9 8 4
8217 8 7 6
8218 16 16 4
8219 16 15 5
8220 9 9 5
8221 17 16 4
8222 10 9 5
8223 11 11 5
8224 7 6 5
8225 11 10 6
8226 20 19 5
8227 17 16 6
8228 14 14 4
8229 20 19 5
8230 11 11 5
8231 7 6 5
8232 11 10 6
8233 6 6 6
8234 11 10 4
8235 12 11 5
8236 15 15 5
8237 29 28 4
8238 12 11 5
8239 17 16 6
8240 16 16 6
8241 14 14 4
8242 16 15 5
8243 31 30 4
8244 32 31 5
8245 17 17 5
8246 15 14 4
8247 20 19 5
8248 13 12 4
8249 14 13 5
8250 15 14 4
8251 20 19 5
8252 19 18 4
8253 24 23 5
8254 35 34 4
8255 18 17 5
8256 33 32 4
8257 14 13 5
8258 17 16 4
8259 30 29 5
8260 37 36 6
8261 20 20 4
8262 26 25 5
8263 13 12 4
8264 20 19 5
8265 11 10 4
8266 26 25 5
8267 15 14 4
8268 16 15 5
8269 17 16 4
8270 24 23 5
8271 19 18 6
8272 14 14 4
8273 18 17 7
8274 27 26 6
8275 16 16 6
8276 22 22 6
8277 28 28 6
8278 12 12 4
8279 16 15 5
8280 19 18 4
8281 16 15 5
8282 17 16 6
8283 12 12 4
8284 14 13 5
8285 13 12 4
8286 18 17 7
8287 9 8 4
8288 12 11 5
8289 21 20 6
8290 12 11 5
8291 17 16 6
8292 18 17 5
8293 19 19 7
8294 11 11 5
8295 21 20 6
8296 16 15 5
8297 27 27 5
8298 31 30 6
8299 16 15 5
8300 15 14 6
8301 20 19 7
8302 11 11 5
8303 13 12 4
8304 14 13 5
8305 17 17 5
8306 17 16 4
8307 18 17 5
8308 13 12 4
8309 20 19 5
8310 19 18 4
8311 10 9 5
8312 13 12 6
8313 10 9 5
8314 17 16 4
8315 18 17 7
8316 15 15 5
8317 19 18 6
8318 20 20 4
8319 14 13 5
8320 13 12 4
8321 20 19 5
8322 13 12 4
8323 22 21 7
8324 23 22 6
8325 14 14 4
8326 14 13 5
8327 9 8 4
8328 16 15 7
8329 13 12 4
8330 18 17 5
8331 15 15 5
8332 13 13 5
8333 13 13 5
8334 9 8 4
8335 12 11 5
8336 21 21 5
8337 11 10 4
8338 10 9 5
8339 13 13 7
8340 15 14 6
8341 10 9 5
8342 13 12 6
8343 10 10 6
8344 14 13 5
8345 19 19 5
8346 15 14 4
8347 16 15 5
8348 9 8 4
8349 18 17 5
8350 19 18 6
8351 12 12 4
8352 12 11 5
8353 13 12 6
8354 10 10 4
8355 14 13 5
8356 15 15 5
8357 15 14 6
8358 16 15 7
8359 13 12 6
8360 10 10 4
8361 16 15 7
8362 9 8 4
8363 14 13 7
8364 7 6 5
8365 15 15 7
8366 17 16 4
8367 14 13 7
8368 13 12 6
8369 12 11 5
8370 9 9 5
8371 11 10 6
8372 8 8 8
8373 15 14 6
8374 6 6 6
8375 13 12 6
8376 10 9 5
8377 11 10 6
8378 8 8 8
8379 17 16 6
8380 12 12 6
8381 12 12 6
8382 14 14 4
8383 14 13 5
8384 15 15 7
8385 15 14 6
8386 6 5 4
8387 10 9 5
8388 13 12 6
8389 10 10 6
8390 16 15 7
8391 5 5 5
8392 18 17 5
8393 5 5 5
8394 12 11 7
8395 7 6 5
8396 17 17 7
8397 21 20 8
8398 12 12 4
8399 8 7 6
8400 14 14 6
8401 16 16 6
8402 10 9 5
8403 15 15 7
8404 13 12 6
8405 6 6 6
8406 11 10 4
8407 12 11 5
8408 11 11 7
8409 11 11 7
8410 7 6 5
8411 11 11 5
8412 9 9 5
8413 11 10 4
8414 16 15 7
8415 17 17 5
8416 13 12 6
8417 6 5 4
8418 14 13 7
8419 5 5 5
8420 16 15 5
8421 19 18 10
8422 14 14 6
8423 12 12 4
8424 14 13 5
8425 11 10 6
8426 10 10 4
8427 10 9 5
8428 15 14 4
8429 14 13 7
8430 11 10 6
8431 20 20 8
8432 14 13 5
8433 15 14 4
8434 10 9 5
8435 9 8 4
8436 14 13 7
8437 13 13 7
8438 13 13 5
8439 11 10 6
8440 10 10 4
8441 12 11 5
8442 9 9 5
8443 7 7 7
8444 12 11 5
8445 13 13 5
8446 19 18 6
8447 10 10 6
8448 22 22 4
8449 12 11 5
8450 19 18 4
8451 14 13 5
8452 9 9 5
8453 9 8 4
8454 6 5 4
8455 14 13 7
8456 17 16 8
8457 6 6 6
8458 9 8 4
8459 10 9 5
8460 13 13 5
8461 9 9 5
8462 11 10 6
8463 12 12 4
8464 12 11 5
8465 17 17 7
8466 17 16 4
8467 14 13 5
8468 11 11 5
8469 7 6 5
8470 11 10 6
8471 20 20 6
8472 20 20 6
8473 20 20 4
8474 10 9 5
8475 11 10 4
8476 10 9 5
8477 13 13 5
8478 11 10 4
8479 14 13 5
8480 13 13 5
8481 21 21 5
8482 9 9 5
8483 13 12 4
8484 6 5 4
8485 28 27 5
8486 33 32 4
8487 14 13 5
8488 11 11 5
8489 9 8 4
8490 10 9 5
8491 9 8 4
8492 14 13 5
8493 17 17 5
8494 9 9 5
8495 13 12 6
8496 14 14 6
8497 12 12 4
8498 34 33 5
8499 23 22 4
8500 12 11 5
8501 9 9 5
8502 11 10 4
8503 20 19 5
8504 13 12 4
8505 14 13 5
8506 19 19 5
8507 11 10 4
8508 12 11 5
8509 9 8 4
8510 26 25 7
8511 17 17 5
8512 19 18 4
8513 20 19 5
8514 9 8 4
8515 20 19 5
8516 7 6 5
8517 9 8 4
8518 16 15 5
8519 17 16 4
8520 16 15 5
8521 11 11 5
8522 11 10 4
8523 6 5 4
8524 20 19 5
8525 13 13 5
8526 15 14 4
8527 16 15 7
8528 13 12 6
8529 10 10 4
8530 12 11 5
8531 13 12 6
8532 14 14 8
8533 8 8 4
8534 16 15 5
8535 11 10 4
8536 18 17 7
8537 21 20 4
8538 16 15 5
8539 9 8 4
8540 10 9 5
8541 11 11 5
8542 11 10 4
8543 14 13 5
8544 17 17 5
8545 11 11 5
8546 15 15 5
8547 15 14 6
8548 8 7 6
8549 12 12 6
8550 6 5 4
8551 18 17 5
8552 17 16 6
8553 20 20 6
8554 10 10 4
8555 16 15 5
8556 11 10 4
8557 12 11 5
8558 13 12 4
8559 12 11 5
8560 25 24 6
8561 12 11 5
8562 11 10 4
8563 16 15 7
8564 13 12 6
8565 12 12 6
8566 10 10 4
8567 24 23 7
8568 13 12 4
8569 12 11 5
8570 13 12 6
8571 14 14 4
8572 10 9 5
8573 11 11 7
8574 7 6 5
8575 15 14 6
8576 6 6 6
8577 21 21 5
8578 23 23 5
8579 21 20 6
8580 18 18 6
8581 12 12 4
8582 18 17 5
8583 11 10 4
8584 10 9 5
8585 11 10 4
8586 18 17 5
8587 17 16 4
8588 22 21 5
8589 11 10 6
8590 16 16 6
8591 10 10 4
8592 6 5 4
8593 22 21 9
8594 13 13 5
8595 9 8 4
8596 18 17 5
8597 17 16 6
8598 12 12 4
8599 18 17 7
8600 11 10 4
8601 12 11 5
8602 13 13 5
8603 11 10 6
8604 8 8 4
8605 18 17 5
8606 17 17 5
8607 7 6 5
8608 11 10 4
8609 6 5 4
8610 14 13 5
8611 13 12 6
8612 26 25 7
8613 15 15 5
8614 13 12 4
8615 12 11 5
8616 23 22 6
8617 14 14 4
8618 16 15 7
8619 19 18 6
8620 16 16 6
8621 14 14 4
8622 18 17 5
8623 7 6 5
8624 21 20 4
8625 6 5 4
8626 22 21 7
8627 9 8 4
8628 10 9 5
8629 23 22 6
8630 22 22 6
8631 10 10 4
8632 10 9 5
8633 17 17 7
8634 13 12 6
8635 12 12 6
8636 16 16 6
8637 14 13 5
8638 9 8 4
8639 14 13 5
8640 9 8 4
8641 8 7 6
8642 12 12 6
8643 10 10 4
8644 18 17 5
8645 15 15 5
8646 13 13 5
8647 13 13 5
8648 15 14 6
8649 12 11 5
8650 11 10 4
8651 10 9 5
8652 19 18 6
8653 8 7 6
8654 10 10 6
8655 8 8 4
8656 18 17 5
8657 9 8 7
8658 15 14 6
8659 10 10 4
8660 14 13 5
8661 11 11 7
8662 17 17 5
8663 11 10 4
8664 10 9 5
8665 9 8 7
8666 13 12 4
8667 10 9 5
8668 13 13 5
8669 13 12 4
8670 12 11 5
8671 9 8 4
8672 14 13 7
8673 9 8 4
8674 10 9 5
8675 15 15 5
8676 13 12 4
8677 10 9 5
8678 11 11 7
8679 15 14 6
8680 12 12 6
8681 6 6 6
8682 17 16 6
8683 8 8 4
8684 16 15 7
8685 11 11 5
8686 13 12 4
8687 14 13 5
8688 15 14 4
8689 14 13 5
8690 13 13 5
8691 17 16 8
8692 12 12 6
8693 10 10 4
8694 12 11 5
8695 13 13 5
8696 13 12 6
8697 10 10 4
8698 16 15 7
8699 15 14 6
8700 10 10 6
8701 10 10 4
8702 14 13 5
8703 13 13 5
8704 21 21 9
8705 15 14 6
8706 12 12 6
8707 8 8 4
8708 12 11 7
8709 13 12 6
8710 6 6 6
8711 9 9 5
8712 11 10 6
8713 16 15 7
8714 11 10 6
8715 16 16 6
8716 10 10 6
8717 10 10 4
8718 8 7 6
8719 12 12 8
8720 10 9 5
8721 13 13 5
8722 15 14 6
8723 18 18 6
8724 6 6 6
8725 9 9 5
8726 11 10 6
8727 12 11 7
8728 19 18 8
8729 12 12 4
8730 20 19 7
8731 11 10 4
8732 18 17 7
8733 13 12 6
8734 8 8 4
8735 10 9 5
8736 17 16 6
8737 12 12 6
8738 14 13 5
8739 17 16 6
8740 10 10 4
8741 12 11 5
8742 7 6 5
8743 17 16 8
8744 14 13 7
8745 11 10 6
8746 16 15 5
8747 25 24 6
8748 10 10 4
8749 14 13 5
8750 9 8 4
8751 20 19 7
8752 11 10 6
8753 18 18 4
8754 6 5 4
8755 16 15 7
8756 13 12 4
8757 12 11 5
8758 11 10 6
8759 8 8 4
8760 6 5 4
8761 12 11 7
8762 13 12 4
8763 10 9 5
8764 27 26 8
8765 14 13 5
8766 11 10 4
8767 10 9 5
8768 9 8 4
8769 10 9 5
8770 13 12 6
8771 18 17 5
8772 13 12 4
8773 20 19 5
8774 13 13 5
8775 13 12 4
8776 12 11 5
8777 11 11 5
8778 11 10 4
8779 10 9 5
8780 13 13 5
8781 13 13 5
8782 17 17 5
8783 13 12 6
8784 6 5 4
8785 6 5 4
8786 16 15 7
8787 19 19 7
8788 15 14 6
8789 12 11 5
8790 31 30 4
8791 10 9 5
8792 15 14 4
8793 10 9 5
8794 15 14 4
8795 22 21 5
8796 17 16 4
8797 20 19 7
8798 15 14 4
8799 20 19 7
8800 9 8 4
8801 16 15 5
8802 27 27 5
8803 15 14 6
8804 22 22 4
8805 26 25 5
8806 27 26 4
8807 22 21 5
8808 15 14 4
8809 24 23 5
8810 17 16 6
8811 14 14 4
8812 14 13 5
8813 19 19 5
8814 25 24 4
8815 16 15 5
8816 19 18 4
8817 16 15 5
8818 13 12 4
8819 12 11 5
8820 21 21 5
8821 13 12 4
8822 24 23 5
8823 13 12 4
8824 16 15 5
8825 17 16 4
8826 18 17 5
8827 21 21 5
8828 17 16 6
8829 16 16 6
8830 16 16 6
8831 8 8 4
8832 20 19 9
8833 15 14 4
8834 16 15 5
8835 21 21 5
8836 17 16 6
8837 20 20 8
8838 18 18 6
8839 20 19 5
8840 5 5 5
8841 18 17 7
8842 13 13 5
8843 21 20 8
8844 14 14 8
8845 16 16 6
8846 20 19 5
8847 15 14 4
8848 14 13 5
8849 13 13 7
8850 17 16 8
8851 20 19 9
8852 17 16 8
8853 14 14 4
8854 20 19 7
8855 17 16 4
8856 16 15 5
8857 19 18 4
8858 12 11 5
8859 9 8 4
8860 12 11 5
8861 11 11 5
8862 11 11 7
8863 27 26 4
8864 22 21 9
8865 19 18 6
8866 26 26 6
8867 18 18 4
8868 22 21 5
8869 27 26 4
8870 30 29 5
8871 27 27 7
8872 19 18 8
8873 30 29 5
8874 31 30 10
8875 20 19 5
8876 29 28 8
8877 20 20 4
8878 24 23 5
8879 17 17 5
8880 23 23 7
8881 19 19 7
8882 25 24 6
8883 20 19 5
8884 17 17 5
8885 19 18 4
8886 20 19 7
8887 17 16 6
8888 20 20 8
8889 22 22 4
8890 16 15 5
8891 17 16 6
8892 24 24 6
8893 14 14 4
8894 16 15 5
8895 23 22 6
8896 30 29 5
8897 21 21 5
8898 15 14 6
8899 16 16 4
8900 22 21 5
8901 15 15 7
8902 27 26 8
8903 24 23 7
8904 29 28 6
8905 24 23 9
8906 19 19 5
8907 23 22 6
8908 14 14 4
8909 22 21 5
8910 7 6 5
8911 15 14 4
8912 18 17 5
8913 19 18 4
8914 20 19 5
8915 11 11 5
8916 15 14 4
8917 18 17 5
8918 21 21 5
8919 11 11 5
8920 23 22 6
8921 10 9 5
8922 19 18 4
8923 20 19 5
8924 19 18 4
8925 22 21 5
8926 21 20 4
8927 24 23 5
8928 31 30 4
8929 16 15 5
8930 19 18 6
8931 12 12 4
8932 12 11 5
8933 23 22 4
8934 16 15 5
8935 15 14 4
8936 14 13 5
8937 9 8 4
8938 18 17 5
8939 15 14 6
8940 14 14 6
8941 16 16 6
8942 10 10 6
8943 16 16 4
8944 20 19 5
8945 13 13 5
8946 25 24 4
8947 14 13 5
8948 11 11 5
8949 15 14 6
8950 18 18 4
8951 10 9 5
8952 21 20 6
8953 10 10 4
8954 14 13 5
8955 17 16 6
8956 16 16 4
8957 20 19 5
8958 17 16 6
8959 22 22 6
8960 14 14 6
8961 12 11 5
8962 13 12 4
8963 22 21 5
8964 23 22 8
8965 18 18 4
8966 14 13 7
8967 23 22 6
8968 22 22 6
8969 16 16 4
8970 22 21 5
8971 15 14 4
8972 24 23 7
8973 21 21 5
8974 29 28 4
8975 20 19 5
8976 17 17 5
8977 21 20 4
8978 14 13 5
8979 13 12 6
8980 16 16 4
8981 18 17 5
8982 15 14 6
8983 22 22 6
8984 14 14 6
8985 18 17 5
8986 11 10 4
8987 12 11 5
8988 15 14 4
8989 24 23 5
8990 19 19 5
8991 13 12 6
8992 16 16 4
8993 22 21 5
8994 19 18 6
8995 14 14 4
8996 14 13 5
8997 13 13 5
8998 13 12 4
8999 20 19 5
9000 9 8 4
9001 26 25 7
9002 27 27 7
9003 17 16 4
9004 10 9 5
9005 17 16 6
9006 16 16 4
9007 12 11 5
9008 17 16 6
9009 16 15 5
9010 19 18 6
9011 18 18 4
9012 14 13 5
9013 13 12 4
9014 8 7 6
9015 16 16 6
9016 14 13 5
9017 15 15 5
9018 5 5 5
9019 10 9 5
9020 9 9 5
9021 21 20 6
9022 14 14 6
9023 12 12 4
9024 6 5 4
9025 10 9 5
9026 13 13 5
9027 15 14 6
9028 24 23 5
9029 19 18 4
9030 12 11 5
9031 13 13 5
9032 13 12 4
9033 12 11 5
9034 7 6 5
9035 9 9 5
9036 7 7 7
9037 16 16 4
9038 10 9 5
9039 9 8 7
9040 17 16 6
9041 6 5 4
9042 14 13 5
9043 13 13 5
9044 7 6 5
9045 15 15 7
9046 9 9 5
9047 11 10 4
9048 14 13 7
9049 9 9 5
9050 9 8 4
9051 10 9 5
9052 13 12 8
9053 14 14 6
9054 16 15 5
9055 11 11 5
9056 7 6 5
9057 11 10 4
9058 12 11 5
9059 9 8 4
9060 20 19 7
9061 9 8 4
9062 16 15 5
9063 5 5 5
9064 10 9 5
9065 11 11 5
9066 13 12 6
9067 14 14 6
9068 14 13 5
9069 11 10 6
9070 12 11 7
9071 11 10 4
9072 12 11 5
9073 17 16 6
9074 14 13 7
9075 13 12 6
9076 18 18 4
9077 10 9 5
9078 11 10 6
9079 14 13 5
9080 9 8 4
9081 16 15 7
9082 17 16 6
9083 14 13 5
9084 9 9 5
9085 7 6 5
9086 17 17 5
9087 9 9 5
9088 13 12 4
9089 18 17 5
9090 17 16 6
9091 6 5 4
9092 20 19 7
9093 11 10 6
9094 18 18 4
9095 18 17 5
9096 11 10 4
9097 16 15 5
9098 11 11 5
9099 15 15 5
9100 15 15 5
9101 13 12 4
9102 14 13 5
9103 11 10 6
9104 8 8 4
9105 24 23 5
9106 19 19 5
9107 11 10 4
9108 16 15 7
9109 15 14 4
9110 6 5 4
9111 18 17 5
9112 9 9 5
9113 13 12 6
9114 16 16 6
9115 16 16 4
9116 10 9 5
9117 15 14 6
9118 10 10 4
9119 10 9 5
9120 15 15 5
9121 21 20 4
9122 18 17 5
9123 23 22 4
9124 14 13 5
9125 17 16 4
9126 6 5 4
9127 14 13 5
9128 13 13 5
9129 15 14 4
9130 24 23 7
9131 11 10 6
9132 14 14 4
9133 12 11 5
9134 11 10 6
9135 22 21 5
9136 17 17 5
9137 25 25 7
9138 15 14 6
9139 20 20 6
9140 6 6 6
9141 11 10 6
9142 24 23 7
9143 17 17 5
9144 21 21 5
9145 17 17 5
9146 13 12 4
9147 10 9 5
9148 17 16 6
9149 18 18 8
9150 22 22 4
9151 20 19 5
9152 21 20 6
9153 12 12 4
9154 14 13 5
9155 21 20 6
9156 20 20 4
9157 14 13 5
9158 19 18 4
9159 22 21 5
9160 21 20 4
9161 10 9 5
9162 37 36 4
9163 18 17 5
9164 19 19 5
9165 37 36 6
9166 16 16 4
9167 14 13 5
9168 19 19 5
9169 23 22 4
9170 30 29 5
9171 13 13 5
9172 43 43 15
9173 37 36 4
9174 34 33 11
9175 17 16 6
9176 18 18 4
9177 16 15 5
9178 31 31 5
9179 37 37 9
9180 21 20 6
9181 26 26 8
9182 24 23 5
9183 15 14 4
9184 24 23 5
9185 23 22 4
9186 28 27 5
9187 11 10 4
9188 20 19 5
9189 19 18 4
9190 28 27 5
9191 21 20 4
9192 20 19 5
9193 25 24 10
9194 16 15 5
9195 21 20 8
9196 14 14 4
9197 22 21 5
9198 15 14 4
9199 22 21 7
9200 19 19 5
9201 23 23 11
9202 21 20 6
9203 20 19 5
9204 17 16 4
9205 18 17 5
9206 13 12 4
9207 20 19 5
9208 19 19 5
9209 17 16 4
9210 10 9 5
9211 25 24 6
9212 8 8 4
9213 22 21 5
9214 31 30 8
9215 24 23 5
9216 11 11 5
9217 13 13 5
9218 23 23 7
9219 23 22 6
9220 28 27 5
9221 11 10 4
9222 20 19 5
9223 13 12 4
9224 20 19 5
9225 19 18 6
9226 18 17 5
9227 11 10 4
9228 16 15 7
9229 25 24 4
9230 22 21 9
9231 23 23 5
9232 13 13 5
9233 19 19 5
9234 17 17 7
9235 17 16 6
9236 12 12 4
9237 16 15 5
9238 25 24 4
9239 18 17 5
9240 13 12 4
9241 16 15 5
9242 17 17 5
9243 11 11 5
9244 17 16 6
9245 16 15 5
9246 15 15 5
9247 21 20 6
9248 28 28 10
9249 12 11 5
9250 23 23 7
9251 27 27 7
9252 19 19 7
9253 11 10 4
9254 20 19 7
9255 15 14 6
9256 12 11 5
9257 21 20 6
9258 12 11 5
9259 27 27 5
9260 17 17 5
9261 9 9 5
9262 19 19 9
9263 11 10 4
9264 14 13 5
9265 19 18 6
9266 14 13 5
9267 15 15 5
9268 13 13 5
9269 15 15 7
9270 13 13 5
9271 9 9 5
9272 17 17 7
9273 9 9 5
9274 25 25 7
9275 11 10 4
9276 12 11 5
9277 13 13 5
9278 5 5 5
9279 16 15 7
9280 9 8 4
9281 14 13 5
9282 17 16 6
9283 10 10 6
9284 14 13 5
9285 19 18 8
9286 12 12 6
9287 12 12 4
9288 10 9 5
9289 9 8 4
9290 14 13 5
9291 15 14 6
9292 14 13 5
9293 9 8 4
9294 14 13 5
9295 17 16 6
9296 12 12 6
9297 16 16 6
9298 14 14 6
9299 10 9 5
9300 17 17 5
9301 9 9 5
9302 11 11 5
9303 9 8 4
9304 12 11 5
9305 17 17 5
9306 9 9 5
9307 13 12 6
9308 18 18 6
9309 16 15 5
9310 13 12 6
9311 20 19 7
9312 17 16 6
9313 16 15 5
9314 13 12 4
9315 12 11 5
9316 21 20 6
9317 14 13 5
9318 13 13 5
9319 7 6 5
9320 11 10 4
9321 8 7 6
9322 12 12 6
9323 16 16 6
9324 14 14 6
9325 12 12 6
9326 16 16 6
9327 6 6 6
9328 11 11 5
9329 9 9 5
9330 19 18 4
9331 18 17 9
9332 15 14 6
9333 12 12 4
9334 10 9 5
9335 13 12 6
9336 6 6 6
9337 9 9 5
9338 5 5 5
9339 10 9 5
9340 11 11 5
9341 15 15 5
9342 13 13 5
9343 11 11 5
9344 5 5 5
9345 14 13 7
9346 5 5 5
9347 18 17 5
9348 13 12 4
9349 16 15 7
9350 15 14 6
9351 14 13 5
9352 7 6 5
9353 19 18 8
9354 10 10 4
9355 12 11 5
9356 11 11 7
9357 13 12 6
9358 14 13 5
9359 21 20 6
9360 8 8 4
9361 14 13 7
9362 13 12 6
9363 12 12 4
9364 10 9 5
9365 27 26 10
9366 8 8 4
9367 12 11 5
9368 11 10 6
9369 10 10 4
9370 6 5 4
9371 12 11 5
9372 15 14 4
9373 28 27 7
9374 15 14 6
9375 20 20 4
9376 12 11 5
9377 13 13 5
9378 7 7 7
9379 14 14 6
9380 14 13 5
9381 19 18 6
9382 20 19 5
9383 17 16 4
9384 10 9 5
9385 9 9 5
9386 13 13 5
9387 19 18 6
9388 12 12 4
9389 16 15 5
9390 15 15 5
9391 13 12 6
9392 10 9 5
9393 9 8 4
9394 14 13 5
9395 17 16 6
9396 16 15 5
9397 13 12 4
9398 6 5 4
9399 12 11 5
9400 11 10 6
9401 10 9 5
9402 9 9 5
9403 23 23 5
9404 17 16 6
9405 20 19 5
9406 13 12 4
9407 14 13 5
9408 15 14 4
9409 10 9 5
9410 25 24 6
9411 22 22 6
9412 20 19 5
9413 13 12 4
9414 22 21 5
9415 15 14 4
9416 22 21 5
9417 21 20 4
9418 6 5 4
9419 14 13 5
9420 13 12 4
9421 12 11 5
9422 15 14 6
9423 18 18 4
9424 16 15 5
9425 25 25 7
9426 13 12 4
9427 18 17 5
9428 13 13 5
9429 19 19 5
9430 19 18 4
9431 16 15 5
9432 9 8 4
9433 22 21 5
9434 9 9 5
9435 13 12 4
9436 10 9 5
9437 19 18 6
9438 12 11 5
9439 13 12 6
9440 14 13 5
9441 17 16 6
9442 24 24 6
9443 26 25 7
9444 13 12 4
9445 12 11 5
9446 17 17 5
9447 17 16 4
9448 10 9 5
9449 19 18 6
9450 16 15 5
9451 25 24 4
9452 12 11 5
9453 17 17 5
9454 19 18 4
9455 12 11 5
9456 17 16 4
9457 20 19 5
9458 17 17 5
9459 11 10 4
9460 14 13 5
9461 9 9 5
9462 11 10 6
9463 22 22 6
9464 22 22 6
9465 14 13 5
9466 13 12 4
9467 16 15 5
9468 15 14 6
9469 12 12 4
9470 16 15 5
9471 13 12 6
9472 10 10 6
9473 10 10 4
9474 26 25 5
9475 15 14 4
9476 22 21 5
9477 21 20 6
9478 12 11 5
9479 31 30 6
9480 20 20 4
9481 16 15 5
9482 19 18 4
9483 20 19 5
9484 15 14 4
9485 24 23 5
9486 17 16 4
9487 30 29 5
9488 21 20 4
9489 16 15 5
9490 21 20 6
9491 16 16 4
9492 14 13 5
9493 13 13 5
9494 13 12 6
9495 18 18 4
9496 12 11 5
9497 11 11 5
9498 17 17 9
9499 11 10 4
9500 16 15 5
9501 13 13 7
9502 15 14 6
9503 24 24 4
9504 20 19 5
9505 13 12 4
9506 10 9 5
9507 9 9 5
9508 21 21 5
9509 13 13 5
9510 13 13 5
9511 13 13 5
9512 9 8 4
9513 12 11 5
9514 17 16 6
9515 14 13 5
9516 7 6 5
9517 21 20 8
9518 14 14 8
9519 10 10 4
9520 10 9 5
9521 15 14 6
9522 14 14 8
9523 14 13 5
9524 7 6 5
9525 9 9 5
9526 11 11 7
9527 17 17 5
9528 7 6 5
9529 5 5 5
9530 16 15 7
9531 11 10 6
9532 14 14 6
9533 16 15 5
9534 15 14 8
9535 10 10 4
9536 12 11 5
9537 13 12 4
9538 12 11 5
9539 11 11 5
9540 11 11 5
9541 21 21 9
9542 13 12 4
9543 6 5 4
9544 12 11 7
9545 7 6 5
9546 13 12 4
9547 12 11 7
9548 13 12 6
9549 8 8 4
9550 10 9 5
9551 11 11 7
9552 11 10 6
9553 6 6 6
9554 13 12 6
9555 12 11 7
9556 17 16 8
9557 20 20 6
9558 12 11 5
9559 13 13 5
9560 13 12 4
9561 6 5 4
9562 12 11 5
9563 11 10 6
9564 10 10 6
9565 14 14 6
9566 18 18 6
9567 12 11 5
9568 7 6 5
9569 13 12 6
9570 10 10 6
9571 24 24 6
9572 30 30 4
9573 22 21 5
9574 15 14 4
9575 10 9 5
9576 15 14 6
9577 12 12 4
9578 20 19 5
9579 17 16 4
9580 12 11 5
9581 7 6 5
9582 9 8 4
9583 14 13 5
9584 17 16 4
9585 14 13 5
9586 15 15 5
9587 9 9 5
9588 11 10 4
9589 10 9 5
9590 25 24 4
9591 20 19 5
9592 23 22 6
9593 20 20 4
9594 16 15 5
9595 25 24 4
9596 22 21 5
9597 19 18 4
9598 16 15 5
9599 23 22 4
9600 18 17 5
9601 17 16 4
9602 22 21 5
9603 21 20 4
9604 14 13 5
9605 21 20 4
9606 16 15 5
9607 23 22 4
9608 22 21 5
9609 37 37 5
9610 15 15 5
9611 29 28 6
9612 22 22 4
9613 26 25 5
9614 17 16 4
9615 16 15 5
9616 39 39 5
9617 31 31 5
9618 15 14 6
9619 22 22 4
9620 20 19 5
9621 25 24 6
9622 32 31 7
9623 17 16 4
9624 28 27 5
9625 27 26 6
9626 10 10 4
9627 34 33 9
9628 15 15 5
9629 19 19 5
9630 17 16 4
9631 26 25 7
9632 23 23 7
9633 23 23 5
9634 27 26 6
9635 32 32 8
9636 20 20 6
9637 20 19 5
9638 15 14 6
9639 14 14 6
9640 14 14 6
9641 26 26 6
9642 14 13 5
9643 11 10 4
9644 20 19 5
9645 19 19 9
9646 21 20 12
9647 18 18 4
9648 14 13 5
9649 27 26 8
9650 22 22 10
9651 12 12 6
9652 10 10 4
9653 28 27 5
9654 15 15 5
9655 17 16 6
9656 20 19 7
9657 11 11 5
9658 9 8 4
9659 30 29 7
9660 9 8 4
9661 16 15 7
9662 15 14 4
9663 22 21 7
9664 9 8 4
9665 16 15 7
9666 11 10 4
9667 18 17 5
9668 13 12 4
9669 12 11 5
9670 15 15 7
9671 23 22 4
9672 20 19 5
9673 13 12 4
9674 14 13 5
9675 13 12 4
9676 20 19 7
9677 11 10 4
9678 24 23 5
9679 13 13 5
9680 15 14 6
9681 10 10 4
9682 10 9 5
9683 19 19 7
9684 15 14 6
9685 14 14 4
9686 18 17 5
9687 13 13 5
9688 7 6 5
9689 15 14 6
9690 14 13 5
9691 17 16 4
9692 20 19 5
9693 13 13 5
9694 17 16 6
9695 12 12 6
9696 16 16 4
9697 26 25 5
9698 29 28 4
9699 22 21 5
9700 25 24 4
9701 16 15 5
9702 15 14 4
9703 26 25 5
9704 21 20 4
9705 22 21 5
9706 27 26 6
9707 30 30 4
9708 16 15 5
9709 17 16 4
9710 14 13 5
9711 27 26 6
9712 12 11 5
9713 21 20 6
9714 20 20 4
9715 12 11 5
9716 23 22 4
9717 24 23 5
9718 17 17 5
9719 15 15 5
9720 21 21 5
9721 17 16 4
9722 10 9 5
9723 13 12 4
9724 16 15 5
9725 19 19 5
9726 15 15 7
9727 15 14 4
9728 12 11 5
9729 5 5 5
9730 10 9 5
9731 13 13 5
9732 21 21 7
9733 9 8 4
9734 14 13 5
9735 11 11 5
9736 9 9 5
9737 15 15 5
9738 15 14 6
9739 6 6 6
9740 17 17 5
9741 13 13 7
9742 17 16 6
9743 8 8 4
9744 14 13 5
9745 9 9 5
9746 23 22 8
9747 14 14 4
9748 16 15 5
9749 13 13 5
9750 15 14 6
9751 12 12 8
9752 20 19 5
9753 7 6 5
9754 17 16 6
9755 12 12 6
9756 14 14 6
9757 6 6 6
9758 19 18 6
9759 10 9 5
9760 15 14 6
9761 6 6 6
9762 13 12 6
9763 12 12 6
9764 14 13 5
9765 11 11 5
9766 21 21 5
9767 15 15 5
9768 21 21 7
9769 13 13 5
9770 13 12 4
9771 14 13 7
9772 13 12 4
9773 18 17 5
9774 11 10 6
9775 10 10 4
9776 14 13 7
9777 13 12 6
9778 20 19 5
9779 15 14 4
9780 16 15 5
9781 13 12 6
9782 18 18 4
9783 10 9 5
9784 19 18 6
9785 22 21 5
9786 23 22 6
9787 8 8 4
9788 12 11 5
9789 15 14 4
9790 22 21 5
9791 23 22 6
9792 20 19 5
9793 11 11 5
9794 15 14 4
9795 20 19 5
9796 21 21 5
9797 19 18 4
9798 18 17 5
9799 21 20 4
9800 20 19 5
9801 13 12 4
9802 16 15 5
9803 11 10 4
9804 16 15 5
9805 13 13 5
9806 19 18 4
9807 24 23 5
9808 19 19 5
9809 21 20 4
9810 18 17 5
9811 11 10 4
9812 24 23 5
9813 17 16 6
9814 18 18 6
9815 12 12 4
9816 26 25 5
9817 13 12 6
9818 24 24 6
9819 22 22 4
9820 24 23 5
9821 25 24 4
9822 20 19 5
9823 11 10 4
9824 16 15 5
9825 23 22 4
9826 24 23 5
9827 21 20 4
9828 24 23 7
9829 11 11 5
9830 17 16 4
9831 26 25 5
9832 13 12 4
9833 18 17 5
9834 17 16 4
9835 28 27 5
9836 27 26 4
9837 12 11 7
9838 17 16 4
9839 12 11 5
9840 41 40 6
9841 28 28 6
9842 26 25 5
9843 21 20 4
9844 16 15 5
9845 25 24 6
9846 32 32 4
9847 16 15 5
9848 13 12 4
9849 22 21 5
9850 21 20 6
9851 16 16 4
9852 16 15 5
9853 27 26 4
9854 22 21 5
9855 29 28 4
9856 24 23 5
9857 19 18 4
9858 28 27 5
9859 23 23 5
9860 29 28 4
9861 30 29 5
9862 19 19 5
9863 27 26 6
9864 30 30 4
9865 26 25 5
9866 17 17 5
9867 13 12 6
9868 10 10 4
9869 26 25 5
9870 23 22 4
9871 12 11 5
9872 17 16 4
9873 24 23 5
9874 25 25 5
9875 21 21 5
9876 23 22 6
9877 24 23 5
9878 17 16 6
9879 28 28 6
9880 16 16 4
9881 16 15 5
9882 21 20 4
9883 22 21 5
9884 23 23 5
9885 19 18 4
9886 10 9 5
9887 21 20 4
9888 12 11 5
9889 27 26 4
9890 22 21 5
9891 27 26 4
9892 22 21 5
9893 25 24 6
9894 20 19 5
9895 25 24 4
9896 26 25 5
9897 23 22 4
9898 32 31 5
9899 25 24 6
9900 32 32 6
9901 26 26 4
9902 24 23 5
9903 21 20 6
9904 20 20 4
9905 26 25 5
9906 29 28 4
9907 24 23 5
9908 17 16 4
9909 24 23 5
9910 17 16 4
9911 24 23 5
9912 25 25 5
9913 29 28 4
9914 20 19 5
9915 17 16 6
9916 16 16 4
9917 22 21 5
9918 21 20 4
9919 32 31 5
9920 25 24 4
9921 22 21 5
9922 31 30 4
9923 22 21 5
9924 17 17 5
9925 27 26 6
9926 18 18 4
9927 14 13 5
9928 23 22 4
9929 26 25 5
9930 27 26 4
9931 22 21 5
9932 31 30 6
9933 16 16 4
9934 24 23 5
9935 21 21 5
9936 23 22 4
9937 34 33 5
9938 31 30 4
9939 26 25 7
9940 27 26 4
9941 24 23 5
9942 17 17 5
9943 21 20 4
9944 24 23 5
9945 37 36 8
9946 14 13 5
9947 27 26 6
9948 22 22 4
9949 24 23 5
9950 25 24 6
9951 26 26 4
9952 34 33 5
9953 35 35 7
9954 25 24 4
9955 24 23 5
9956 15 14 4
9957 6 5 4
9958 18 17 5
9959 29 28 4
9960 20 19 5
9961 17 16 4
9962 16 15 5
9963 19 18 4
9964 22 21 5
9965 19 18 4
9966 30 29 5
9967 13 12 4
9968 14 13 5
9969 19 18 6
9970 22 22 4
9971 22 21 5
9972 21 20 6
9973 20 19 5
9974 21 20 4
9975 28 27 5
9976 15 15 5
9977 15 14 4
9978 18 17 5
9979 17 16 4
9980 18 17 5
9981 23 22 4
9982 16 15 5
9983 25 25 5
9984 19 19 5
9985 17 16 6
9986 24 24 4
9987 16 15 5
9988 19 18 6
9989 28 28 6
9990 16 15 5
9991 23 22 4
9992 14 13 5
9993 21 20 6
9994 22 22 4
9995 24 23 5
9996 19 18 4
9997 14 13 5
9998 21 20 4
9999 26 25 7
10000 17 16 4
10001 12 11 5
10002 21 21 5
10003 23 22 4
10004 24 23 5
10005 31 30 6
10006 10 10 4
10007 22 21 5
10008 19 18 4
10009 26 25 5
10010 19 18 4
10011 20 19 5
10012 15 14 4
10013 36 35 5
10014 31 30 8
10015 24 24 6
10016 24 24 6
10017 14 13 5
10018 25 24 6
10019 28 28 8
10020 20 20 4
10021 18 17 5
10022 15 14 4
10023 36 35 5
10024 25 24 4
10025 30 29 5
10026 27 26 6
10027 24 24 6
10028 38 37 9
10029 19 18 4
10030 16 15 5
10031 33 32 6
10032 36 36 10
10033 24 23 5
10034 15 14 4
10035 22 21 7
10036 15 14 4
10037 14 13 5
10038 29 28 6
10039 22 22 4
10040 20 19 5
10041 21 20 6
10042 28 28 6
10043 14 14 4
10044 26 25 5
10045 21 20 4
10046 16 15 5
10047 19 19 5
10048 17 16 4
10049 22 21 5
10050 13 12 4
10051 18 17 5
10052 17 17 7
10053 17 16 4
10054 24 23 5
10055 11 10 4
10056 24 23 7
10057 21 20 4
10058 20 19 5
10059 7 6 5
10060 13 12 4
10061 34 33 5
10062 13 12 4
10063 20 19 5
10064 21 20 4
10065 12 11 5
10066 19 18 6
10067 12 12 6
10068 18 18 4
10069 18 17 5
10070 19 19 5
10071 15 14 4
10072 22 21 5
10073 17 17 5
10074 19 18 6
10075 12 12 4
10076 14 13 5
10077 21 20 4
10078 20 19 5
10079 11 11 5
10080 9 8 4
10081 20 19 5
10082 15 15 5
10083 7 6 5
10084 21 21 5
10085 9 9 5
10086 17 16 6
10087 24 24 6
10088 10 10 4
10089 18 17 5
10090 13 13 5
10091 13 12 6
10092 14 14 6
10093 16 15 5
10094 17 17 5
10095 15 14 6
10096 16 16 6
10097 8 8 4
10098 16 15 5
10099 15 14 6
10100 18 18 6
10101 14 13 7
10102 15 14 4
10103 14 13 5
10104 15 15 5
10105 17 17 5
10106 19 18 4
10107 14 13 5
10108 17 16 6
10109 10 10 4
10110 20 19 5
10111 13 12 4
10112 26 25 9
10113 15 14 4
10114 16 15 5
10115 13 12 4
10116 12 11 5
10117 23 22 8
10118 24 24 6
10119 12 12 6
10120 20 20 8
10121 22 22 6
10122 18 17 5
10123 9 8 4
10124 14 13 5
10125 7 6 5
10126 19 18 6
10127 14 14 4
10128 20 19 5
10129 17 17 5
10130 19 18 6
10131 20 20 6
10132 20 19 5
10133 25 24 4
10134 22 21 5
10135 15 14 6
10136 14 14 6
10137 10 10 4
10138 16 15 5
10139 17 17 7
10140 19 18 6
10141 18 17 5
10142 15 14 6
10143 18 18 4
10144 20 19 7
10145 5 5 5
10146 14 13 5
10147 13 12 6
10148 20 19 7
10149 11 10 4
10150 16 15 5
10151 21 21 5
10152 15 15 5
10153 15 14 4
10154 12 11 5
10155 19 19 5
10156 11 11 5
10157 15 14 6
10158 12 12 6
10159 16 16 6
10160 10 9 5
10161 17 16 4
10162 12 11 5
10163 17 16 4
10164 12 11 5
10165 17 16 6
10166 10 10 4
10167 14 13 5
10168 17 16 6
10169 16 15 5
10170 11 10 4
10171 16 15 7
10172 21 20 6
10173 26 26 4
10174 14 13 7
10175 23 22 6
10176 10 9 5
10177 15 14 6
10178 12 11 5
10179 15 14 4
10180 10 9 5
10181 17 16 6
10182 14 14 4
10183 22 21 5
10184 5 5 5
10185 6 5 4
10186 22 21 5
10187 17 17 5
10188 13 12 6
10189 22 22 6
10190 20 19 5
10191 9 8 4
10192 22 21 5
10193 17 17 5
10194 13 13 5
10195 21 21 5
10196 17 16 6
10197 16 16 8
10198 14 14 6
10199 20 19 9
10200 17 16 8
10201 18 18 4
10202 20 19 7
10203 21 20 4
10204 18 17 5
10205 13 13 5
10206 13 12 4
10207 28 27 7
10208 23 22 4
10209 14 13 5
10210 13 12 6
10211 18 18 6
10212 16 15 5
10213 13 13 5
10214 25 25 5
10215 31 30 6
10216 24 24 4
10217 14 13 5
10218 19 18 4
10219 22 21 5
10220 27 26 4
10221 26 25 5
10222 49 48 4
10223 20 19 5
10224 19 19 5
10225 19 18 6
10226 20 20 6
10227 18 18 4
10228 18 17 5
10229 13 13 5
10230 15 14 6
10231 20 20 8
10232 14 14 8
10233 22 22 6
10234 22 22 8
10235 26 25 7
10236 25 25 5
10237 19 18 6
10238 20 19 5
10239 27 27 9
10240 11 11 5
10241 17 16 6
10242 16 15 5
10243 13 12 4
10244 10 9 5
10245 19 18 4
10246 24 23 7
10247 13 12 6
10248 16 16 6
10249 18 18 4
10250 18 17 5
10251 19 19 5
10252 15 15 5
10253 17 16 4
10254 14 13 5
10255 23 22 4
10256 18 17 5
10257 23 22 8
10258 18 18 6
10259 14 14 6
10260 10 10 4
10261 10 9 5
10262 19 19 5
10263 27 26 8
10264 10 10 4
10265 10 9 5
10266 17 16 6
10267 22 22 8
10268 12 12 6
10269 22 22 6
10270 12 11 5
10271 19 18 8
10272 16 16 6
10273 12 12 4
10274 14 13 5
10275 15 15 7
10276 23 22 4
10277 20 19 5
10278 9 8 4
10279 16 15 5
10280 21 21 5
10281 11 11 5
10282 17 16 6
10283 12 12 4
10284 10 9 5
10285 9 8 4
10286 12 11 5
10287 15 15 5
10288 17 17 7
10289 11 10 4
10290 18 17 7
10291 17 16 4
10292 22 21 5
10293 5 5 5
10294 14 13 5
10295 11 10 4
10296 14 13 5
10297 15 14 6
10298 20 19 5
10299 15 14 6
10300 12 12 4
10301 24 23 5
10302 15 15 5
10303 13 13 5
10304 13 13 5
10305 15 14 6
10306 14 14 4
10307 16 15 7
10308 25 24 6
10309 18 17 5
10310 19 19 5
10311 21 21 5
10312 23 23 5
10313 19 19 5
10314 17 17 5
10315 17 16 6
10316 22 22 4
10317 14 13 5
10318 23 23 5
10319 13 12 4
10320 12 11 5
10321 13 13 7
10322 29 28 6
10323 10 10 4
10324 20 19 5
10325 17 17 5
10326 19 18 8
10327 14 14 4
10328 18 17 5
10329 19 18 4
10330 18 17 5
10331 27 27 9
10332 13 12 4
10333 26 25 9
10334 17 16 4
10335 20 19 7
10336 13 12 4
10337 16 15 5
10338 9 9 5
10339 17 17 5
10340 11 11 7
10341 15 14 6
10342 16 15 5
10343 15 15 5
10344 17 16 6
10345 10 10 6
10346 12 12 4
10347 12 11 5
10348 15 14 6
10349 22 21 5
10350 13 13 5
10351 15 14 6
10352 18 17 5
10353 13 12 4
10354 12 11 5
10355 17 16 6
10356 18 18 6
10357 14 14 6
10358 14 14 6
10359 12 12 6
10360 10 10 6
10361 18 18 6
10362 12 12 4
10363 14 13 7
10364 9 8 4
10365 14 13 5
10366 19 18 6
10367 18 18 6
10368 12 12 6
10369 12 12 6
10370 12 12 6
10371 10 9 5
10372 15 15 7
10373 13 12 4
10374 12 11 5
10375 15 14 6
10376 22 21 5
10377 11 11 5
10378 13 13 5
10379 11 11 5
10380 11 10 6
10381 6 5 4
10382 8 7 6
10383 18 18 8
10384 6 6 6
10385 15 14 6
10386 16 16 8
10387 12 12 6
10388 10 10 4
10389 20 19 9
10390 15 14 6
10391 10 10 4
10392 12 11 5
10393 11 10 6
10394 6 5 4
10395 12 11 5
10396 9 8 4
10397 22 21 5
10398 15 14 6
10399 10 10 6
10400 10 10 6
10401 10 9 5
10402 7 6 5
10403 15 14 6
10404 12 11 7
10405 15 15 5
10406 13 12 4
10407 12 11 5
10408 15 15 5
10409 21 21 5
10410 17 16 6
10411 14 14 6
10412 10 10 4
10413 14 13 5
10414 15 15 7
10415 15 14 6
10416 14 14 4
10417 20 19 7
10418 15 14 6
10419 8 8 4
10420 24 23 7
10421 9 9 5
10422 15 15 7
10423 15 14 6
10424 18 17 7
10425 11 10 6
10426 22 22 6
10427 10 9 5
10428 13 12 6
10429 10 10 6
10430 14 14 4
10431 16 15 7
10432 15 14 4
10433 8 7 6
10434 12 12 6
10435 8 8 4
10436 18 17 5
10437 15 15 5
10438 17 16 4
10439 6 5 4
10440 16 15 7
10441 15 14 6
10442 8 8 4
10443 14 13 5
10444 13 12 4
10445 26 25 9
10446 13 13 5
10447 13 12 6
10448 12 12 6
10449 20 19 7
10450 13 13 5
10451 9 8 4
10452 16 15 7
10453 17 16 6
10454 8 8 4
10455 14 13 7
10456 13 12 4
10457 18 17 5
10458 11 10 6
10459 10 10 6
10460 14 13 5
10461 19 18 4
10462 14 13 5
10463 13 13 5
10464 13 12 6
10465 16 16 8
10466 12 12 4
10467 12 11 5
10468 13 12 6
10469 10 10 6
10470 14 13 7
10471 17 16 6
10472 10 10 6
10473 14 14 4
10474 12 11 5
10475 15 15 7
10476 21 20 8
10477 18 18 4
10478 14 13 7
10479 9 8 4
10480 10 9 5
10481 11 10 4
10482 12 11 5
10483 13 12 6
10484 14 13 5
10485 15 14 4
10486 18 17 5
10487 9 9 5
10488 11 10 6
10489 12 12 6
10490 14 13 5
10491 21 20 4
10492 10 9 5
10493 15 14 4
10494 18 17 5
10495 11 10 4
10496 14 13 5
10497 29 28 4
10498 12 11 5
10499 15 15 5
10500 11 11 5
10501 9 9 5
10502 19 18 6
10503 28 28 6
10504 6 6 6
10505 31 30 6
10506 14 13 5
10507 19 18 6
10508 18 18 4
10509 20 19 5
10510 21 20 4
10511 30 29 5
10512 13 12 4
10513 24 23 5
10514 25 24 4
10515 30 29 5
10516 25 24 4
10517 16 15 5
10518 29 28 4
10519 32 31 5
10520 25 24 4
10521 16 15 5
10522 29 28 6
10523 20 20 4
10524 18 17 5
10525 13 13 5
10526 19 18 6
10527 22 22 4
10528 18 17 5
10529 21 20 4
10530 28 27 7
10531 17 16 6
10532 18 18 6
10533 20 20 6
10534 32 31 13
10535 13 13 5
10536 13 12 4
10537 20 19 5
10538 37 36 10
10539 10 9 5
10540 15 14 6
10541 16 16 4
10542 10 9 5
10543 17 16 6
10544 24 24 10
10545 18 18 6
10546 14 14 4
10547 14 13 5
10548 13 13 5
10549 13 12 4
10550 10 9 5
10551 11 10 4
10552 24 23 7
10553 25 24 10
10554 16 15 5
10555 9 9 5
10556 15 15 5
10557 17 16 6
10558 16 16 4
10559 20 19 7
10560 13 12 4
10561 16 15 5
10562 17 17 5
10563 19 19 7
10564 15 15 5
10565 11 10 4
10566 22 21 5
10567 21 20 6
10568 22 21 7
10569 11 11 5
10570 13 12 6
10571 12 11 5
10572 17 16 4
10573 14 13 5
10574 13 12 6
10575 20 19 7
10576 17 17 5
10577 13 13 5
10578 11 10 4
10579 18 17 5
10580 21 21 11
10581 21 20 6
10582 6 6 6
10583 13 12 6
10584 12 12 6
10585 16 15 5
10586 11 10 4
10587 22 21 7
10588 17 16 4
10589 20 19 5
10590 9 9 5
10591 17 16 6
10592 18 17 7
10593 11 10 6
10594 12 12 6
10595 14 14 4
10596 18 17 7
10597 11 10 4
10598 14 13 5
10599 11 10 6
10600 16 16 6
10601 14 13 5
10602 19 19 9
10603 7 7 7
10604 12 12 4
10605 6 5 4
10606 10 9 5
10607 11 10 6
10608 14 13 7
10609 17 16 6
10610 12 12 6
10611 8 8 4
10612 14 13 7
10613 11 10 4
10614 12 11 5
10615 21 20 6
10616 16 15 5
10617 11 10 6
10618 16 15 5
10619 15 14 6
10620 18 18 6
10621 10 9 5
10622 15 14 4
10623 18 17 5
10624 11 10 6
10625 12 12 6
10626 18 18 6
10627 6 5 4
10628 12 11 5
10629 11 11 5
10630 21 20 4
10631 12 11 5
10632 21 20 6
10633 6 5 4
10634 14 13 7
10635 13 12 6
10636 10 10 6
10637 6 6 6
10638 15 14 8
10639 6 6 6
10640 19 18 8
10641 8 8 4
10642 18 17 7
10643 9 8 4
10644 14 13 5
10645 9 9 5
10646 13 12 6
10647 8 8 4
10648 16 15 5
10649 13 13 5
10650 9 9 5
10651 9 9 5
10652 13 13 5
10653 11 10 6
10654 14 14 6
10655 14 13 5
10656 13 12 6
10657 8 8 4
10658 12 11 5
10659 13 12 6
10660 10 10 6
10661 12 12 6
10662 12 11 5
10663 11 10 6
10664 12 11 5
10665 7 6 5
10666 19 18 6
10667 8 8 4
10668 14 13 5
10669 13 12 6
10670 14 13 7
10671 11 10 4
10672 10 9 5
10673 11 10 6
10674 12 11 7
10675 13 12 6
10676 12 11 7
10677 9 8 4
10678 6 5 4
10679 12 11 5
10680 13 13 7
10681 9 9 5
10682 15 14 8
10683 12 12 4
10684 14 13 5
10685 15 14 6
10686 12 12 6
10687 16 15 7
10688 15 14 4
10689 10 9 5
10690 17 16 8
10691 18 18 8
10692 6 6 6
10693 11 10 4
10694 14 13 7
10695 15 14 6
10696 10 9 5
10697 11 11 5
10698 11 11 5
10699 13 13 7
10700 13 12 6
10701 18 18 6
10702 10 9 5
10703 13 13 5
10704 11 10 6
10705 16 16 10
10706 12 12 4
10707 12 11 5
10708 17 17 5
10709 13 13 5
10710 7 6 5
10711 13 13 7
10712 11 10 6
10713 10 10 4
10714 16 15 7
10715 11 10 6
10716 14 14 4
10717 18 17 5
10718 11 11 7
10719 15 14 4
10720 10 9 5
10721 13 12 4
10722 12 11 5
10723 15 14 6
10724 8 8 4
10725 14 13 7
10726 13 12 4
10727 18 17 7
10728 13 12 6
10729 18 17 5
10730 9 8 4
10731 18 17 5
10732 5 5 5
10733 16 15 5
10734 13 13 5
10735 19 18 4
10736 10 9 5
10737 13 12 6
10738 10 10 6
10739 10 10 6
10740 8 8 4
10741 16 15 7
10742 9 8 4
10743 16 15 5
10744 11 11 5
10745 15 14 4
10746 14 13 5
10747 15 14 6
10748 14 13 5
10749 15 15 5
10750 17 17 5
10751 21 20 4
10752 6 5 4
10753 26 25 5
10754 11 10 4
10755 24 23 7
10756 17 16 4
10757 12 11 5
10758 13 12 4
10759 22 21 5
10760 21 20 4
10761 12 11 5
10762 19 18 4
10763 16 15 5
10764 17 16 4
10765 12 11 5
10766 15 15 5
10767 17 17 5
10768 23 22 4
10769 16 15 5
10770 17 16 4
10771 16 15 5
10772 17 16 4
10773 10 9 5
10774 11 10 4
10775 16 15 5
10776 11 10 4
10777 14 13 5
10778 23 23 5
10779 13 12 4
10780 14 13 5
10781 13 13 5
10782 19 18 6
10783 18 18 4
10784 24 23 5
10785 13 12 6
10786 18 18 4
10787 16 15 5
10788 15 15 5
10789 15 14 6
10790 12 11 5
10791 21 20 4
10792 18 17 5
10793 15 14 6
10794 16 16 4
10795 18 17 7
10796 21 21 5
10797 13 13 5
10798 13 12 4
10799 14 13 5
10800 17 16 6
10801 16 16 6
10802 8 8 4
10803 32 31 7
10804 11 10 4
10805 20 19 7
10806 11 11 5
10807 13 12 6
10808 18 18 6
10809 16 16 8
10810 14 14 6
10811 16 16 6
10812 16 16 6
10813 10 9 5
10814 31 30 8
10815 12 12 6
10816 16 15 7
10817 13 12 4
10818 14 13 5
10819 17 17 7
10820 15 14 6
10821 6 6 6
10822 15 14 6
10823 18 18 6
10824 16 15 5
10825 15 15 5
10826 11 11 5
10827 19 19 5
10828 15 14 6
10829 18 18 6
10830 14 14 6
10831 10 10 4
10832 16 15 5
10833 15 14 4
10834 16 15 7
10835 11 10 4
10836 6 5 4
10837 10 9 5
10838 9 8 4
10839 14 13 7
10840 17 16 6
10841 14 14 6
10842 14 13 5
10843 13 13 5
10844 17 16 6
10845 12 12 4
10846 20 19 5
10847 15 14 4
10848 16 15 5
10849 15 14 4
10850 18 17 5
10851 11 10 4
10852 12 11 5
10853 21 20 6
10854 14 13 5
10855 23 23 5
10856 13 12 4
10857 20 19 7
10858 9 8 4
10859 10 9 5
10860 17 16 4
10861 10 9 5
10862 13 12 4
10863 14 13 7
10864 15 15 5
10865 25 24 6
10866 12 12 6
10867 18 18 6
10868 14 14 6
10869 12 12 4
10870 12 11 5
10871 15 14 4
10872 30 29 11
10873 21 20 6
10874 12 11 5
10875 13 12 6
10876 10 10 6
10877 18 17 7
10878 15 14 6
10879 32 32 10
10880 12 12 6
10881 6 6 6
10882 17 16 4
10883 16 15 7
10884 25 25 7
10885 9 9 5
10886 15 14 6
10887 20 19 5
10888 17 16 6
10889 18 18 4
10890 12 11 5
10891 17 16 4
10892 16 15 5
10893 9 9 5
10894 17 16 6
10895 10 9 5
10896 13 13 7
10897 11 10 4
10898 18 17 5
10899 15 14 6
10900 24 24 6
10901 14 14 6
10902 8 8 4
10903 12 11 5
10904 17 16 8
10905 14 13 5
10906 13 13 5
10907 7 6 5
10908 9 8 4
10909 6 5 4
10910 18 17 7
10911 5 5 5
10912 18 17 5
10913 7 7 7
10914 16 16 4
10915 10 9 5
10916 21 21 9
10917 13 12 4
10918 18 17 5
10919 13 12 4
10920 18 17 5
10921 7 6 5
10922 23 22 8
10923 6 6 6
10924 15 15 5
10925 13 13 7
10926 23 22 8
10927 16 16 6
10928 18 17 5
10929 7 6 5
10930 13 13 5
10931 19 19 7
10932 15 15 7
10933 9 8 4
10934 16 15 5
10935 11 10 6
10936 22 22 4
10937 8 7 6
10938 12 11 5
10939 13 12 6
10940 16 16 6
10941 14 14 6
10942 12 11 5
10943 13 13 5
10944 15 14 6
10945 12 11 5
10946 7 7 7
10947 10 10 6
10948 8 8 4
10949 16 15 5
10950 7 7 7
10951 10 10 6
10952 12 12 6
10953 8 8 4
10954 16 15 5
10955 19 18 6
10956 14 13 7
10957 15 14 6
10958 28 27 7
10959 17 16 4
10960 22 21 5
10961 9 8 4
10962 10 9 5
10963 15 15 5
10964 7 6 5
10965 19 19 7
10966 13 12 4
10967 10 9 5
10968 11 10 6
10969 16 16 4
10970 22 21 5
10971 5 5 5
10972 12 11 7
10973 13 13 5
10974 5 5 5
10975 14 13 5
10976 11 10 6
10977 18 18 6
10978 6 6 6
10979 9 8 4
10980 12 11 5
10981 9 9 5
10982 13 13 7
10983 11 11 5
10984 7 7 7
10985 10 10 6
10986 14 13 7
10987 11 10 4
10988 12 11 5
10989 15 15 7
10990 7 6 5
10991 9 8 4
10992 10 9 5
10993 9 8 4
10994 6 5 4
10995 12 11 7
10996 7 6 5
10997 11 11 7
10998 9 9 5
10999 13 13 5
11000 11 10 6
11001 12 12 6
11002 8 8 4
11003 10 9 5
11004 9 9 5
11005 19 19 9
11006 9 8 4
11007 14 13 5
11008 13 12 4
11009 10 9 5
11010 13 13 5
11011 13 12 6
11012 6 6 6
11013 13 12 6
11014 6 5 4
11015 14 13 5
11016 9 9 5
11017 13 13 5
11018 13 13 5
11019 13 12 4
11020 10 9 5
11021 9 9 5
11022 13 12 6
11023 18 18 6
11024 18 18 6
11025 18 17 7
11026 11 10 6
11027 10 10 4
11028 10 9 5
11029 11 11 5
11030 9 9 5
11031 17 17 5
11032 13 13 5
11033 13 13 5
11034 9 8 4
11035 16 15 5
11036 13 12 6
11037 8 8 4
11038 18 17 7
11039 13 12 4
11040 12 11 5
11041 11 10 6
11042 10 9 5
11043 13 12 6
11044 14 14 6
11045 18 17 7
11046 17 16 6
11047 16 16 6
11048 16 16 6
11049 12 12 6
11050 8 8 4
11051 12 11 5
11052 13 12 6
11053 24 24 4
11054 20 19 5
11055 17 17 5
11056 21 20 6
11057 6 6 6
11058 13 12 4
11059 16 15 5
11060 21 21 5
11061 15 14 6
11062 12 12 4
11063 14 13 7
11064 19 18 4
11065 14 13 5
11066 13 12 6
11067 12 12 4
11068 16 15 5
11069 15 15 5
11070 19 18 6
11071 8 8 4
11072 14 13 5
11073 9 9 5
11074 11 10 4
11075 12 11 5
11076 27 26 4
11077 18 17 5
11078 17 17 5
11079 13 13 7
11080 23 22 4
11081 18 17 5
11082 21 21 5
11083 23 22 6
11084 18 18 8
11085 16 16 4
11086 14 13 5
11087 21 20 6
11088 18 18 4
11089 18 17 5
11090 21 21 5
11091 21 20 4
11092 24 23 5
11093 19 18 6
11094 24 24 4
11095 32 31 5
11096 29 28 6
11097 24 24 6
11098 24 24 6
11099 24 23 5
11100 19 19 5
11101 19 18 4
11102 18 17 5
11103 21 20 8
11104 20 19 5
11105 21 20 4
11106 20 19 5
11107 27 26 8
11108 24 23 7
11109 13 13 7
11110 19 18 6
11111 24 23 5
11112 15 15 5
11113 17 16 4
11114 28 27 7
11115 17 16 4
11116 26 25 5
11117 19 19 5
11118 17 17 5
11119 19 18 4
11120 20 19 5
11121 23 22 6
11122 28 27 5
11123 19 19 5
11124 25 24 8
11125 10 9 5
11126 19 18 4
11127 22 21 5
11128 19 18 6
11129 18 17 5
11130 25 24 6
11131 20 20 6
11132 10 10 4
11133 10 9 5
11134 23 22 6
11135 10 10 6
11136 20 20 6
11137 8 8 4
11138 20 19 7
11139 19 18 6
11140 10 10 4
11141 18 17 5
11142 21 20 6
11143 16 16 8
11144 10 10 6
11145 24 23 5
11146 15 14 6
11147 14 13 5
11148 13 12 4
11149 12 11 5
11150 19 18 6
11151 18 18 4
11152 20 19 5
11153 17 16 6
11154 12 12 6
11155 14 13 7
11156 11 10 4
11157 16 15 5
11158 11 10 4
11159 16 15 7
11160 15 14 4
11161 18 17 7
11162 17 16 6
11163 14 14 4
11164 18 17 5
11165 15 15 7
11166 13 12 4
11167 12 11 5
11168 11 10 4
11169 12 11 5
11170 17 16 6
11171 10 9 5
11172 13 12 6
11173 20 20 8
11174 12 12 6
11175 16 16 4
11176 14 13 5
11177 11 10 4
11178 14 13 5
11179 19 19 7
11180 9 9 5
11181 15 14 4
11182 16 15 5
11183 19 18 8
11184 10 10 4
11185 24 23 9
11186 11 10 6
11187 14 14 6
11188 12 12 4
11189 16 15 5
11190 9 8 4
11191 26 25 7
11192 13 13 5
11193 7 7 7
11194 14 14 6
11195 8 8 4
11196 14 13 5
11197 11 11 5
11198 9 9 5
11199 11 11 5
11200 15 15 7
11201 17 16 8
11202 16 16 6
11203 8 8 4
11204 12 11 5
11205 15 14 6
11206 20 20 6
11207 6 6 6
11208 11 10 6
11209 12 11 5
11210 9 9 5
11211 15 15 7
11212 21 20 8
11213 6 6 6
11214 9 8 4
11215 12 11 7
11216 15 14 4
11217 16 15 5
11218 13 12 6
11219 8 8 4
11220 12 11 7
11221 13 12 4
11222 16 15 5
11223 15 15 5
11224 17 16 6
11225 6 6 6
11226 15 15 5
11227 13 13 5
11228 15 15 7
11229 9 8 4
11230 12 11 5
11231 9 9 5
11232 9 8 7
11233 21 20 8
11234 16 16 6
11235 10 10 4
11236 10 9 5
11237 11 10 6
11238 16 16 10
11239 10 10 4
11240 12 11 5
11241 11 10 6
11242 14 14 6
11243 10 10 4
11244 12 11 5
11245 17 16 4
11246 6 5 4
11247 12 11 7
11248 15 14 8
11249 6 6 6
11250 15 14 6
11251 12 12 6
11252 12 12 6
11253 12 11 5
11254 13 12 6
11255 12 12 6
11256 10 10 4
11257 16 15 7
11258 15 14 6
11259 12 12 6
11260 16 16 6
11261 10 10 6
11262 8 8 8
11263 11 10 4
11264 12 11 5
11265 13 13 5
11266 9 8 4
11267 20 19 5
11268 11 11 7
11269 15 14 6
11270 10 9 5
11271 11 10 6
11272 20 20 6
11273 18 17 7
11274 9 9 5
11275 13 13 5
11276 9 9 5
11277 13 12 4
11278 18 17 7
11279 13 12 6
11280 6 5 4
11281 12 11 5
11282 17 17 5
11283 13 12 6
11284 18 18 8
11285 14 13 5
11286 15 14 4
11287 18 17 5
11288 15 14 6
11289 14 14 6
11290 20 19 7
11291 13 13 5
11292 19 18 6
11293 16 15 5
11294 15 14 4
11295 18 17 5
11296 9 9 5
11297 7 6 5
11298 11 10 6
11299 10 9 5
11300 17 17 7
11301 7 6 5
11302 13 13 5
11303 17 17 5
11304 13 12 6
11305 10 10 4
11306 14 13 5
11307 11 11 7
11308 11 10 4
11309 14 13 7
11310 19 19 7
11311 11 10 6
11312 16 16 6
11313 10 10 4
11314 20 19 5
11315 17 16 6
11316 10 9 5
11317 13 12 4
11318 18 17 5
11319 15 15 7
11320 13 12 8
11321 10 10 4
11322 20 19 5
11323 11 10 4
11324 14 13 5
11325 13 12 4
11326 12 11 5
11327 9 9 5
11328 11 11 5
11329 11 10 4
11330 20 19 7
11331 5 5 5
11332 18 17 7
11333 11 10 6
11334 16 16 6
11335 14 13 5
11336 9 8 4
11337 14 13 7
11338 17 16 6
11339 26 25 7
11340 13 12 4
11341 14 13 5
11342 11 11 5
11343 13 12 4
11344 14 13 5
11345 21 21 5
11346 23 23 5
11347 29 28 4
11348 22 21 5
11349 11 10 4
11350 12 11 5
11351 33 32 4
11352 34 33 5
11353 21 20 4
11354 10 9 5
11355 19 18 4
11356 16 15 5
11357 19 18 4
11358 20 19 5
11359 15 14 4
11360 16 15 5
11361 15 14 4
11362 28 27 5
11363 29 28 4
11364 26 25 5
11365 27 26 4
11366 20 19 5
11367 23 22 4
11368 12 11 5
11369 27 26 4
11370 28 27 5
11371 17 16 6
11372 22 21 5
11373 17 16 6
11374 22 21 5
11375 19 19 5
11376 15 14 4
11377 24 23 7
11378 21 20 4
11379 10 9 5
11380 13 12 4
11381 20 19 5
11382 29 29 7
11383 13 13 5
11384 21 20 4
11385 16 15 5
11386 7 6 5
11387 19 18 4
11388 22 21 7
11389 11 11 5
11390 27 26 6
11391 10 10 4
11392 18 17 5
11393 19 18 6
11394 12 12 4
11395 32 31 5
11396 23 23 5
11397 13 12 6
11398 14 13 5
11399 21 20 8
11400 14 13 5
11401 21 20 6
11402 16 16 4
11403 16 15 5
11404 5 5 5
11405 22 21 5
11406 19 18 4
11407 24 23 5
11408 13 12 6
11409 16 16 4
11410 14 13 7
11411 27 26 6
11412 16 16 4
11413 12 11 5
11414 23 22 6
11415 26 26 8
11416 24 24 10
11417 10 10 4
11418 12 11 5
11419 17 17 5
11420 17 17 5
11421 15 15 5
11422 19 18 6
11423 16 16 8
11424 16 16 4
11425 14 13 5
11426 15 14 4
11427 12 11 7
11428 21 21 7
11429 27 26 8
11430 10 10 4
11431 16 15 5
11432 13 13 5
11433 15 14 4
11434 10 9 5
11435 13 12 6
11436 20 19 5
11437 9 8 4
11438 10 9 5
11439 11 10 6
11440 8 8 4
11441 18 17 7
11442 15 14 6
11443 10 10 4
11444 12 11 5
11445 17 16 6
11446 12 12 8
11447 10 10 4
11448 20 19 5
11449 13 12 4
11450 18 17 5
11451 9 8 4
11452 14 13 5
11453 13 13 5
11454 11 11 5
11455 11 10 4
11456 18 17 5
11457 13 13 5
11458 17 17 5
11459 15 15 5
11460 19 18 4
11461 22 21 5
11462 15 14 4
11463 20 19 5
11464 13 13 5
11465 15 15 7
11466 13 12 4
11467 14 13 5
11468 11 10 4
11469 12 11 7
11470 11 10 4
11471 6 5 4
11472 14 13 5
11473 11 10 6
11474 16 15 5
11475 13 13 5
11476 9 8 4
11477 18 17 7
11478 13 12 6
11479 12 12 6
11480 10 10 4
11481 12 11 5
11482 15 14 6
11483 12 11 5
11484 13 12 6
11485 16 15 5
11486 11 10 4
11487 16 15 5
11488 13 12 6
11489 10 10 4
11490 12 11 5
11491 5 5 5
11492 10 9 5
11493 15 15 5
11494 13 12 6
11495 10 10 6
11496 18 18 8
11497 10 10 4
11498 16 15 5
11499 9 9 5
11500 13 12 6
11501 14 14 4
11502 12 11 7
11503 13 12 4
11504 12 11 5
11505 7 6 5
11506 11 10 6
11507 18 18 6
11508 14 13 5
11509 13 13 5
11510 19 19 7
11511 9 8 7
11512 11 10 4
11513 12 11 5
11514 13 13 7
11515 11 10 4
11516 12 11 5
11517 25 25 7
11518 7 6 5
11519 11 10 4
11520 16 15 5
11521 13 12 4
11522 12 11 5
11523 15 15 5
11524 17 16 8
11525 14 14 6
11526 8 8 4
11527 18 17 5
11528 11 11 5
11529 13 12 6
11530 6 6 6
11531 11 10 6
11532 8 8 4
11533 12 11 7
11534 11 11 7
11535 13 12 6
11536 18 17 5
11537 15 14 4
11538 12 11 7
11539 15 14 6
11540 16 16 6
11541 16 16 8
11542 8 8 4
11543 14 13 5
11544 7 6 5
11545 13 12 6
11546 10 9 5
11547 11 11 5
11548 5 5 5
11549 14 13 7
11550 13 12 6
11551 12 11 5
11552 11 11 7
11553 11 11 5
11554 11 10 4
11555 14 13 7
11556 11 11 7
11557 13 12 6
11558 6 6 6
11559 13 12 6
11560 12 11 5
11561 13 13 7
11562 7 6 5
11563 13 12 6
11564 18 17 5
11565 11 11 5
11566 13 13 5
11567 15 14 6
11568 18 18 8
11569 12 12 6
11570 8 8 4
11571 10 9 5
11572 11 10 4
11573 16 15 5
11574 13 13 5
11575 17 17 7
11576 19 18 4
11577 12 11 5
11578 13 12 4
11579 14 13 5
11580 11 11 5
11581 11 10 6
11582 20 20 4
11583 10 9 5
11584 13 13 5
11585 11 11 7
11586 13 12 4
11587 14 13 5
11588 11 10 6
11589 14 13 5
11590 13 13 5
11591 9 8 4
11592 14 13 7
11593 7 6 5
11594 13 12 6
11595 12 12 6
11596 16 16 6
11597 14 14 6
11598 24 24 4
11599 12 11 7
11600 11 11 7
11601 9 8 4
11602 16 15 5
11603 11 10 4
11604 16 15 5
11605 17 17 5
11606 9 8 4
11607 24 23 7
11608 13 12 6
11609 12 11 5
11610 11 10 4
11611 8 7 6
11612 20 20 6
11613 8 8 4
11614 12 11 5
11615 19 19 7
11616 11 10 6
11617 26 26 6
11618 20 20 6
11619 16 16 4
11620 24 23 5
11621 13 12 4
11622 16 15 5
11623 11 11 5
11624 21 20 6
11625 12 12 4
11626 18 17 5
11627 17 16 4
11628 12 11 5
11629 11 10 6
11630 20 19 5
11631 19 18 4
11632 22 21 5
11633 15 15 5
11634 29 28 4
11635 16 15 5
11636 21 20 6
11637 16 16 4
11638 16 15 5
11639 17 16 4
11640 16 15 5
11641 17 16 4
11642 28 27 5
11643 15 15 5
11644 13 13 5
11645 19 18 4
11646 20 19 5
11647 23 22 6
11648 10 9 5
11649 13 12 4
11650 18 17 5
11651 21 20 8
11652 14 14 6
11653 14 14 6
11654 14 13 5
11655 17 17 5
11656 9 9 5
11657 23 23 7
11658 19 18 6
11659 30 30 12
11660 18 17 5
11661 11 10 6
11662 24 23 5
11663 15 15 7
11664 9 9 5
11665 11 11 5
11666 15 14 6
11667 22 21 5
11668 13 13 5
11669 15 14 6
11670 14 14 6
11671 16 16 4
11672 20 19 5
11673 17 16 4
11674 28 27 7
11675 23 23 5
11676 25 24 4
11677 14 13 5
11678 17 16 4
11679 22 21 5
11680 19 18 6
11681 20 19 5
11682 17 17 7
11683 13 12 4
11684 24 23 5
11685 33 33 11
11686 27 26 4
11687 20 19 5
11688 13 12 4
11689 24 23 5
11690 17 17 5
11691 29 28 6
11692 20 20 4
11693 22 21 5
11694 33 32 6
11695 18 18 4
11696 20 19 5
11697 9 9 5
11698 13 12 4
11699 24 23 5
11700 11 10 4
11701 16 15 5
11702 23 22 4
11703 12 11 5
11704 17 16 6
11705 18 18 6
11706 12 12 6
11707 26 26 10
11708 10 10 4
11709 22 21 7
11710 9 8 4
11711 12 11 5
11712 11 11 5
11713 13 13 5
11714 11 11 5
11715 11 11 5
11716 7 7 7
11717 12 12 6
11718 12 12 4
11719 12 11 5
11720 7 6 5
11721 13 12 6
11722 6 6 6
11723 13 12 6
11724 6 6 6
11725 15 15 7
11726 7 6 5
11727 15 14 8
11728 10 10 6
11729 14 14 6
11730 10 10 6
11731 18 18 4
11732 10 9 5
11733 11 10 4
11734 6 5 4
11735 10 9 5
11736 7 6 5
11737 19 18 8
11738 8 8 4
11739 10 9 5
11740 11 11 5
11741 15 14 6
11742 10 10 4
11743 16 15 5
11744 9 8 4
11745 14 13 5
11746 15 15 7
11747 13 12 4
11748 10 9 5
11749 11 11 5
11750 15 15 5
11751 17 16 6
11752 12 11 5
11753 11 10 6
11754 20 20 6
11755 14 14 6
11756 12 11 5
11757 11 10 4
11758 10 9 5
11759 13 13 5
11760 13 13 5
11761 11 11 5
11762 17 16 4
11763 10 9 5
11764 17 17 5
11765 11 10 4
11766 18 17 7
11767 13 12 4
11768 14 13 5
11769 9 8 4
11770 14 13 5
11771 11 10 6
11772 28 27 5
11773 15 14 4
11774 18 17 5
11775 11 11 5
11776 15 14 4
11777 12 11 5
11778 17 16 6
11779 14 14 4
11780 24 23 5
11781 17 16 4
11782 16 15 5
11783 23 22 4
11784 14 13 5
11785 11 10 4
11786 18 17 5
11787 19 18 8
11788 24 24 6
11789 8 8 4
11790 18 17 5
11791 15 14 4
11792 16 15 5
11793 17 17 5
11794 21 21 5
11795 17 16 6
11796 20 20 4
11797 14 13 5
11798 13 13 5
11799 15 15 5
11800 23 22 6
11801 28 28 6
11802 22 21 5
11803 19 18 4
11804 16 15 7
11805 31 30 8
11806 24 24 4
11807 26 25 5
11808 31 30 6
11809 10 10 4
11810 14 13 5
11811 17 17 5
11812 19 19 5
11813 23 22 4
11814 22 21 5
11815 25 24 4
11816 26 25 5
11817 21 20 6
11818 10 10 4
11819 22 21 7
11820 23 23 7
11821 15 14 6
11822 8 8 4
11823 14 13 5
11824 17 17 9
11825 15 15 5
11826 13 12 4
11827 14 13 5
11828 21 21 5
11829 13 12 4
11830 22 21 5
11831 27 27 5
11832 13 12 4
11833 12 11 5
11834 13 12 4
11835 20 19 5
11836 15 15 5
11837 11 11 5
11838 15 15 5
11839 15 15 5
11840 15 15 5
11841 11 11 5
11842 21 20 6
11843 14 14 4
11844 18 17 7
11845 13 12 4
11846 12 11 5
11847 9 8 4
11848 12 11 5
11849 13 12 4
11850 16 15 5
11851 11 10 6
11852 6 6 6
11853 13 12 6
11854 12 12 4
11855 10 9 5
11856 13 12 6
11857 10 9 5
11858 9 9 5
11859 13 12 6
11860 12 12 6
11861 12 12 6
11862 8 7 6
11863 12 11 5
11864 13 12 6
11865 12 11 5
11866 5 5 5
11867 14 13 7
11868 15 14 6
11869 10 10 6
11870 14 13 5
11871 9 9 5
11872 7 6 5
11873 9 9 5
11874 11 11 7
11875 11 10 6
11876 10 10 4
11877 12 11 5
11878 9 9 5
11879 13 13 5
11880 11 10 6
11881 16 16 6
11882 10 10 6
11883 14 14 6
11884 14 14 6
11885 12 12 6
11886 6 6 6
11887 13 12 6
11888 8 8 4
11889 12 11 5
11890 13 12 6
11891 10 9 5
11892 11 10 4
11893 12 11 5
11894 15 15 5
11895 13 12 4
11896 16 15 5
11897 11 11 7
11898 11 10 4
11899 12 11 5
11900 13 13 5
11901 19 19 5
11902 9 8 4
11903 22 21 7
11904 15 14 6
11905 16 16 4
11906 18 17 5
11907 13 13 5
11908 21 20 4
11909 16 15 5
11910 11 10 4
11911 16 15 5
11912 13 13 5
11913 17 16 4
11914 16 15 7
11915 13 12 4
11916 12 11 5
11917 11 11 5
11918 13 12 4
11919 18 17 7
11920 21 21 7
11921 15 14 6
11922 10 9 5
11923 13 12 6
11924 8 8 4
11925 12 11 5
11926 17 17 7
11927 9 8 7
11928 19 18 4
11929 8 7 6
11930 24 24 4
11931 14 13 5
11932 17 16 6
11933 16 15 5
11934 15 15 5
11935 9 8 4
11936 18 17 7
11937 13 12 4
11938 16 15 7
11939 9 9 5
11940 9 9 5
11941 11 10 4
11942 14 13 5
11943 13 12 4
11944 10 9 5
11945 15 14 8
11946 18 17 7
11947 13 13 5
11948 19 18 4
11949 12 11 5
11950 11 10 4
11951 12 11 7
11952 17 17 5
11953 11 10 4
11954 12 11 5
11955 15 14 4
11956 14 13 5
11957 7 6 5
11958 19 19 5
11959 9 8 7
11960 13 12 6
11961 14 14 6
11962 10 9 5
11963 9 9 5
11964 9 8 4
11965 8 7 6
11966 10 9 5
11967 9 9 5
11968 15 15 7
11969 11 10 4
11970 14 13 7
11971 11 10 6
11972 12 12 4
11973 16 15 5
11974 13 13 5
11975 15 14 6
11976 10 10 6
11977 8 8 4
11978 10 9 5
11979 13 13 7
11980 15 14 4
11981 12 11 5
11982 13 12 6
11983 12 12 6
11984 6 5 4
11985 10 9 5
11986 9 9 5
11987 13 12 6
11988 16 16 8
11989 12 12 6
11990 6 6 6
11991 13 13 5
11992 7 6 5
11993 15 15 7
11994 5 5 5
11995 14 13 5
11996 7 6 5
11997 13 13 5
11998 9 8 4
11999 12 11 5
12000 7 6 5
12001 11 11 7
12002 11 10 4
12003 18 17 5
12004 17 16 6
12005 20 19 5
12006 7 6 5
12007 11 11 5
12008 7 6 5
12009 9 8 4
12010 8 7 6
12011 14 13 7
12012 15 14 4
12013 10 9 5
12014 7 7 7
12015 8 8 4
12016 10 9 5
12017 11 10 6
12018 12 12 6
12019 18 18 8
12020 10 10 6
12021 12 12 4
12022 18 17 7
12023 15 14 6
12024 10 10 6
12025 10 10 4
12026 12 11 5
12027 13 12 6
12028 14 14 4
12029 14 13 5
12030 13 13 5
12031 15 15 5
12032 9 9 5
12033 11 10 4
12034 12 11 5
12035 15 15 5
12036 17 16 6
12037 26 26 6
12038 10 10 4
12039 16 15 5
12040 19 18 4
12041 22 21 5
12042 17 17 5
12043 27 26 8
12044 12 12 4
12045 20 19 5
12046 15 14 4
12047 16 15 5
12048 17 16 4
12049 20 19 5
12050 13 12 6
12051 16 16 4
12052 32 31 5
12053 25 24 4
12054 22 21 5
12055 37 36 6
12056 24 24 4
12057 28 27 5
12058 25 24 6
12059 16 16 6
12060 16 16 6
12061 18 18 6
12062 22 22 4
12063 14 13 5
12064 27 26 6
12065 22 22 4
12066 30 29 7
12067 15 14 6
12068 26 26 4
12069 16 15 5
12070 25 24 8
12071 22 21 5
12072 17 17 5
12073 9 8 4
12074 14 13 5
12075 27 26 6
12076 18 17 5
12077 17 16 6
12078 14 13 5
12079 7 6 5
12080 21 20 6
12081 10 10 4
12082 18 17 5
12083 17 16 6
12084 20 19 7
12085 23 23 5
12086 11 11 5
12087 11 10 4
12088 22 21 7
12089 11 10 4
12090 18 17 5
12091 19 18 6
12092 20 19 5
12093 25 24 8
12094 16 16 4
12095 22 21 7
12096 17 16 4
12097 16 15 5
12098 13 12 4
12099 18 17 5
12100 7 6 5
12101 29 28 8
12102 10 9 5
12103 15 14 4
12104 30 29 13
12105 9 8 4
12106 14 13 5
12107 23 22 6
12108 20 19 5
12109 19 19 7
12110 13 13 5
12111 25 25 9
12112 27 26 8
12113 14 13 5
12114 35 34 10
12115 24 24 6
12116 14 14 4
12117 30 29 9
12118 17 16 8
12119 16 16 4
12120 26 25 7
12121 17 17 7
12122 9 9 5
12123 27 26 8
12124 18 17 5
12125 21 21 5
12126 11 10 4
12127 22 21 5
12128 13 13 5
12129 11 11 5
12130 17 16 6
12131 12 12 4
12132 24 23 5
12133 13 12 6
12134 8 8 4
12135 12 11 5
12136 19 19 5
12137 15 14 6
12138 6 6 6
12139 17 16 6
12140 16 15 5
12141 9 9 5
12142 13 13 5
12143 11 10 4
12144 20 19 7
12145 15 14 4
12146 16 15 5
12147 17 17 5
12148 17 16 4
12149 14 13 5
12150 11 11 5
12151 31 30 8
12152 14 14 4
12153 12 11 5
12154 15 14 4
12155 16 15 7
12156 17 16 6
12157 14 13 5
12158 17 16 4
12159 16 15 5
12160 13 12 4
12161 6 5 4
12162 14 13 5
12163 17 16 4
12164 16 15 7
12165 11 11 5
12166 13 12 4
12167 14 13 7
12168 9 8 4
12169 18 17 7
12170 13 12 4
12171 12 11 5
12172 21 20 4
12173 10 9 5
12174 9 9 5
12175 23 22 6
12176 10 9 5
12177 11 10 6
12178 14 14 4
12179 10 9 5
12180 13 13 5
12181 9 8 4
12182 10 9 5
12183 15 15 5
12184 19 18 6
12185 6 6 6
12186 11 10 6
12187 8 8 8
12188 15 14 6
12189 16 16 6
12190 12 12 4
12191 20 19 5
12192 13 13 7
12193 15 14 6
12194 8 8 4
12195 12 11 5
12196 17 16 4
12197 12 11 5
12198 21 20 4
12199 20 19 5
12200 11 10 4
12201 12 11 5
12202 9 9 5
12203 13 12 4
12204 10 9 5
12205 11 10 6
12206 18 18 6
12207 6 6 6
12208 11 10 4
12209 10 9 5
12210 11 11 5
12211 11 11 5
12212 19 18 4
12213 14 13 7
12214 9 8 4
12215 24 23 5
12216 9 9 5
12217 15 15 5
12218 15 14 6
12219 10 10 4
12220 10 9 5
12221 7 6 5
12222 13 12 6
12223 10 10 6
12224 10 10 6
12225 6 6 6
12226 11 10 6
12227 8 8 8
12228 13 13 5
12229 9 9 5
12230 13 12 4
12231 12 11 5
12232 13 12 6
12233 12 12 6
12234 12 11 5
12235 13 12 6
12236 14 13 5
12237 7 6 5
12238 13 13 5
12239 7 6 5
12240 17 16 8
12241 6 6 6
12242 5 5 5
12243 12 11 5
12244 11 11 7
12245 15 14 6
12246 12 11 5
12247 11 11 5
12248 9 9 5
12249 15 14 6
12250 16 15 5
12251 13 13 5
12252 13 13 5
12253 13 13 5
12254 13 12 4
12255 14 13 5
12256 19 18 4
12257 10 9 5
12258 17 16 6
12259 8 8 4
12260 18 17 7
12261 11 11 5
12262 13 13 5
12263 13 13 5
12264 7 6 5
12265 25 24 10
12266 14 14 4
12267 12 11 5
12268 15 15 5
12269 13 12 4
12270 18 17 5
12271 13 13 5
12272 11 11 5
12273 11 10 6
12274 14 14 6
12275 16 15 5
12276 7 7 7
12277 22 22 6
12278 10 9 5
12279 15 14 6
12280 6 6 6
12281 19 19 5
12282 9 9 5
12283 15 15 7
12284 13 12 4
12285 22 21 5
12286 15 15 5
12287 15 14 4
12288 10 9 5
12289 9 8 4
12290 14 13 5
12291 13 12 4
12292 18 17 5
12293 19 18 6
12294 6 6 6
12295 21 20 6
12296 12 12 4
12297 16 15 5
12298 11 11 5
12299 19 18 6
12300 20 19 5
12301 23 22 6
12302 10 10 4
12303 12 11 5
12304 31 30 6
12305 16 16 4
12306 10 9 5
12307 15 14 4
12308 14 13 5
12309 9 8 4
12310 22 21 5
12311 15 15 5
12312 19 19 5
12313 11 10 4
12314 18 17 5
12315 17 16 6
12316 12 12 6
12317 10 10 4
12318 20 19 5
12319 11 10 6
12320 14 13 5
12321 9 9 5
12322 13 12 4
12323 22 21 5
12324 23 22 6
12325 14 14 4
12326 10 9 5
12327 19 18 6
12328 16 16 6
12329 12 12 4
12330 24 23 5
12331 19 18 6
12332 18 18 6
12333 10 9 5
12334 9 8 4
12335 12 11 5
12336 9 9 5
12337 9 9 5
12338 11 11 5
12339 9 9 5
12340 15 15 5
12341 11 10 4
12342 12 11 5
12343 13 12 6
12344 10 9 5
12345 13 12 6
12346 12 12 4
12347 10 9 5
12348 19 18 6
12349 14 13 5
12350 11 10 6
12351 14 14 6
12352 16 16 4
12353 12 11 5
12354 13 13 5
12355 7 6 5
12356 13 12 4
12357 14 13 5
12358 9 8 4
12359 8 7 6
12360 14 14 6
12361 10 10 4
12362 14 13 5
12363 15 15 5
12364 19 19 5
12365 11 11 5
12366 13 12 6
12367 6 6 6
12368 11 10 4
12369 12 11 5
12370 21 20 8
12371 14 13 5
12372 13 12 4
12373 16 15 5
12374 13 12 4
12375 14 13 5
12376 17 16 4
12377 6 5 4
12378 16 15 5
12379 5 5 5
12380 10 9 5
12381 11 11 5
12382 15 14 4
12383 14 13 5
12384 17 17 5
12385 11 11 5
12386 27 27 5
12387 13 12 4
12388 20 19 5
12389 11 10 4
12390 14 13 5
12391 11 11 5
12392 11 11 5
12393 13 12 4
12394 14 13 7
12395 17 16 4
12396 10 9 5
12397 17 16 4
12398 12 11 5
12399 15 14 6
12400 14 14 6
12401 16 15 5
12402 7 6 5
12403 13 12 6
12404 10 10 4
12405 20 19 5
12406 13 12 4
12407 24 23 5
12408 23 23 5
12409 17 16 4
12410 18 17 5
12411 23 23 5
12412 11 10 4
12413 16 15 5
12414 15 14 6
12415 28 27 5
12416 23 22 6
12417 14 14 4
12418 10 9 5
12419 21 20 4
12420 10 9 5
12421 23 23 7
12422 17 16 4
12423 14 13 5
12424 13 12 6
12425 14 14 4
12426 18 17 7
12427 19 18 4
12428 10 9 5
12429 15 14 6
12430 14 14 6
12431 10 9 5
12432 11 10 4
12433 16 15 7
12434 13 12 4
12435 12 11 7
12436 9 8 4
12437 18 17 5
12438 11 10 4
12439 18 17 5
12440 11 11 5
12441 13 12 6
12442 14 14 6
12443 10 10 4
12444 12 11 5
12445 9 8 4
12446 10 9 5
12447 13 13 7
12448 21 20 4
12449 8 7 6
12450 16 16 6
12451 6 5 4
12452 10 9 5
12453 5 5 5
12454 10 9 5
12455 13 13 7
12456 11 10 6
12457 10 10 6
12458 10 9 5
12459 7 6 5
12460 13 13 7
12461 9 8 4
12462 12 11 5
12463 15 15 5
12464 17 17 7
12465 15 14 6
12466 16 16 6
12467 6 6 6
12468 11 10 4
12469 10 9 5
12470 11 11 5
12471 7 7 7
12472 14 14 6
12473 12 12 4
12474 18 17 5
12475 11 10 4
12476 14 13 5
12477 7 6 5
12478 17 16 4
12479 26 25 7
12480 39 38 6
12481 10 10 4
12482 16 15 5
12483 11 11 5
12484 9 8 4
12485 6 5 4
12486 26 25 5
12487 27 26 6
12488 18 18 6
12489 8 8 4
12490 14 13 7
12491 9 8 4
12492 12 11 5
12493 17 17 5
12494 23 22 4
12495 20 19 7
12496 25 25 5
12497 13 12 4
12498 10 9 5
12499 9 8 4
12500 24 23 5
12501 23 22 6
12502 22 21 5
12503 11 10 4
12504 10 9 5
12505 9 8 4
12506 14 13 5
12507 13 12 6
12508 20 20 6
12509 18 18 6
12510 12 12 4
12511 12 11 7
12512 11 10 4
12513 16 15 5
12514 13 12 6
12515 16 16 4
12516 20 19 5
12517 7 6 5
12518 15 14 6
12519 16 15 7
12520 19 18 4
12521 12 11 5
12522 23 22 6
12523 16 16 6
12524 14 13 5
12525 15 14 4
12526 12 11 5
12527 11 10 4
12528 14 13 5
12529 15 14 6
12530 14 14 6
12531 12 12 4
12532 12 11 5
12533 17 16 6
12534 10 9 5
12535 15 14 4
12536 16 15 5
12537 17 17 5
12538 9 9 5
12539 15 14 6
12540 12 12 6
12541 16 15 5
12542 9 8 4
12543 16 15 7
12544 21 20 6
12545 8 8 4
12546 20 19 7
12547 17 16 4
12548 8 7 6
12549 10 10 6
12550 18 18 6
12551 22 22 8
12552 16 16 4
12553 18 17 5
12554 11 10 4
12555 12 11 5
12556 13 12 6
12557 12 11 5
12558 13 13 5
12559 17 16 6
12560 16 16 6
12561 10 10 6
12562 12 12 6
12563 10 10 4
12564 6 5 4
12565 22 21 5
12566 13 12 6
12567 12 12 4
12568 18 17 7
12569 7 6 5
12570 17 16 6
12571 10 10 6
12572 8 8 4
12573 6 5 4
12574 16 15 5
12575 27 27 5
12576 13 12 4
12577 6 5 4
12578 12 11 5
12579 11 10 6
12580 8 8 4
12581 10 9 5
12582 15 14 6
12583 12 12 6
12584 16 16 6
12585 6 6 6
12586 15 14 6
12587 8 8 8
12588 13 12 6
12589 14 13 5
12590 15 14 4
12591 18 17 5
12592 17 17 7
12593 13 12 4
12594 14 13 5
12595 9 9 5
12596 13 13 5
12597 7 6 5
12598 13 13 5
12599 9 9 5
12600 17 17 5
12601 7 6 5
12602 13 12 6
12603 6 5 4
12604 24 23 5
12605 33 33 5
12606 19 18 4
12607 14 13 5
12608 9 8 4
12609 14 13 5
12610 11 11 5
12611 17 16 6
12612 28 28 6
12613 12 12 4
12614 14 13 5
12615 19 19 7
12616 9 8 4
12617 16 15 7
12618 13 13 5
12619 13 12 4
12620 22 21 7
12621 19 18 4
12622 12 11 5
12623 15 15 5
12624 17 17 5
12625 15 15 5
12626 21 20 6
12627 20 20 4
12628 12 11 5
12629 17 16 4
12630 14 13 5
12631 19 19 7
12632 23 22 4
12633 16 15 5
12634 15 15 5
12635 21 20 4
12636 10 9 5
12637 17 16 6
12638 12 11 5
12639 17 16 6
12640 18 17 5
12641 17 16 6
12642 12 12 4
12643 16 15 5
12644 15 14 4
12645 10 9 5
12646 17 16 4
12647 20 19 5
12648 25 24 4
12649 12 11 5
12650 13 12 4
12651 12 11 5
12652 17 16 6
12653 20 20 4
12654 18 17 5
12655 15 15 5
12656 15 14 4
12657 10 9 5
12658 17 16 6
12659 18 18 4
12660 22 21 5
12661 11 10 4
12662 16 15 5
12663 11 11 5
12664 11 11 5
12665 11 11 5
12666 21 20 4
12667 24 23 5
12668 31 30 4
12669 24 23 5
12670 17 16 4
12671 14 13 5
12672 19 18 4
12673 14 13 5
12674 33 32 6
12675 24 24 4
12676 16 15 5
12677 17 16 4
12678 18 17 5
12679 23 22 4
12680 18 17 5
12681 61 60 6
12682 12 12 4
12683 22 21 5
12684 15 14 6
12685 18 18 4
12686 10 9 5
12687 17 16 6
12688 14 14 4
12689 28 27 5
12690 19 18 4
12691 20 19 5
12692 13 12 4
12693 18 17 5
12694 21 20 4
12695 22 21 5
12696 11 10 4
12697 18 17 5
12698 15 14 4
12699 26 25 5
12700 15 14 4
12701 32 31 5
12702 23 22 4
12703 38 37 5
12704 23 22 4
12705 16 15 5
12706 19 18 4
12707 30 29 5
12708 29 28 4
12709 12 11 5
12710 27 26 4
12711 24 23 5
12712 25 24 4
12713 22 21 5
12714 19 19 5
12715 25 24 6
12716 32 31 5
12717 21 21 5
12718 13 12 6
12719 26 26 6
12720 24 23 9
12721 13 13 5
12722 15 15 5
12723 11 10 4
12724 18 17 5
12725 17 16 6
12726 22 22 8
12727 22 22 6
12728 16 16 6
12729 16 16 6
12730 12 11 5
12731 19 18 6
12732 16 16 4
12733 28 27 5
12734 17 16 4
12735 28 27 5
12736 23 22 6
12737 16 15 5
12738 9 9 5
12739 15 14 6
12740 22 22 4
12741 20 19 5
12742 15 14 4
12743 14 13 5
12744 23 22 4
12745 14 13 5
12746 13 13 5
12747 15 14 4
12748 14 13 5
12749 7 6 5
12750 21 20 6
12751 16 16 4
12752 14 13 5
12753 11 10 4
12754 20 19 7
12755 23 22 4
12756 16 15 5
12757 13 13 5
12758 17 17 5
12759 9 8 4
12760 12 11 5
12761 11 11 5
12762 23 22 4
12763 26 25 5
12764 27 27 5
12765 15 14 4
12766 22 21 5
12767 15 14 4
12768 14 13 5
12769 17 17 5
12770 23 22 8
12771 12 12 4
12772 26 25 5
12773 19 18 8
12774 22 22 8
12775 16 15 5
12776 15 14 6
12777 10 10 6
12778 12 12 6
12779 12 12 4
12780 20 19 7
12781 7 6 5
12782 15 14 6
12783 8 8 4
12784 18 17 5
12785 23 23 9
12786 21 20 6
12787 18 18 6
12788 16 16 8
12789 16 15 5
12790 27 26 8
12791 10 10 6
12792 12 12 4
12793 12 11 5
12794 13 13 5
12795 11 10 4
12796 14 13 5
12797 19 19 5
12798 11 11 5
12799 17 16 4
12800 12 11 5
12801 23 22 8
12802 10 10 4
12803 18 17 5
12804 25 24 4
12805 22 21 5
12806 11 10 6
12807 14 14 4
12808 12 11 5
12809 15 15 5
12810 13 13 5
12811 15 14 6
12812 14 13 5
12813 15 14 4
12814 16 15 5
12815 15 15 5
12816 13 12 4
12817 14 13 5
12818 11 11 5
12819 19 19 5
12820 11 10 6
12821 14 14 6
12822 18 18 6
12823 14 14 4
12824 12 11 5
12825 11 10 4
12826 18 17 5
12827 17 16 4
12828 16 15 5
12829 13 12 4
12830 18 17 5
12831 11 10 4
12832 14 13 5
12833 13 12 6
12834 14 14 4
12835 14 13 5
12836 11 11 5
12837 11 11 5
12838 17 16 4
12839 14 13 5
12840 13 13 5
12841 11 11 5
12842 19 18 4
12843 12 11 5
12844 11 11 5
12845 9 8 4
12846 12 11 5
12847 19 19 9
12848 13 12 4
12849 12 11 5
12850 13 12 4
12851 12 11 5
12852 9 8 4
12853 18 17 7
12854 7 6 5
12855 9 9 5
12856 17 17 5
12857 17 16 6
12858 6 6 6
12859 9 8 4
12860 16 15 7
12861 15 14 4
12862 10 9 5
12863 7 7 7
12864 12 12 6
12865 12 11 5
12866 15 15 5
12867 11 11 5
12868 13 12 6
12869 12 12 6
12870 8 7 6
12871 10 10 4
12872 10 9 5
12873 11 10 6
12874 12 12 6
12875 8 8 4
12876 16 15 5
12877 13 13 5
12878 13 13 7
12879 7 6 5
12880 11 10 6
12881 14 13 5
12882 17 16 8
12883 8 8 4
12884 12 11 5
12885 15 15 7
12886 9 8 4
12887 14 13 7
12888 11 10 6
12889 14 13 5
12890 11 11 7
12891 9 8 4
12892 10 9 5
12893 7 6 5
12894 15 14 8
12895 6 6 6
12896 11 10 6
12897 10 9 5
12898 11 10 6
12899 12 12 6
12900 10 9 5
12901 11 11 5
12902 13 13 7
12903 9 8 4
12904 12 11 7
12905 15 14 6
12906 10 10 6
12907 10 9 5
12908 13 12 4
12909 10 9 5
12910 17 16 8
12911 6 6 6
12912 15 14 6
12913 10 10 6
12914 12 12 6
12915 8 8 4
12916 12 11 7
12917 7 6 5
12918 15 14 6
12919 12 12 6
12920 12 12 6
12921 6 5 4
12922 10 9 5
12923 11 10 4
12924 12 11 5
12925 15 15 7
12926 13 12 6
12927 14 14 4
12928 14 13 7
12929 9 9 5
12930 15 14 6
12931 10 10 6
12932 10 10 4
12933 8 7 6
12934 10 10 6
12935 10 9 5
12936 5 5 5
12937 10 9 5
12938 17 17 5
12939 11 10 4
12940 14 13 7
12941 13 13 5
12942 15 14 6
12943 6 6 6
12944 9 8 7
12945 13 12 6
12946 18 17 7
12947 17 16 6
12948 16 16 6
12949 10 10 4
12950 6 5 4
12951 12 11 7
12952 11 10 6
12953 12 12 6
12954 14 14 4
12955 16 15 5
12956 9 8 4
12957 16 15 5
12958 7 6 5
12959 13 12 6
12960 6 6 6
12961 13 12 6
12962 12 11 5
12963 11 11 5
12964 13 13 5
12965 17 16 8
12966 10 10 4
12967 10 9 5
12968 13 12 6
12969 10 10 6
12970 14 13 5
12971 19 18 4
12972 12 11 5
12973 13 13 7
12974 9 8 4
12975 12 11 5
12976 7 7 7
12977 12 11 5
12978 11 11 5
12979 19 18 6
12980 10 10 6
12981 8 8 4
12982 14 13 5
12983 15 15 5
12984 11 10 4
12985 12 11 5
12986 13 12 6
12987 14 14 6
12988 10 10 6
12989 10 10 6
12990 8 8 4
12991 12 11 5
12992 9 8 4
12993 18 17 7
12994 27 27 5
12995 19 18 4
12996 12 11 5
12997 11 11 5
12998 15 14 4
12999 10 9 5
13000 15 14 6
13001 18 18 6
13002 10 10 4
13003 20 19 5
13004 29 28 4
13005 18 17 5
13006 11 10 6
13007 12 12 4
13008 18 17 5
13009 13 12 6
13010 10 10 6
13011 6 6 6
13012 21 20 4
13013 14 13 5
13014 13 13 5
13015 13 12 4
13016 12 11 5
13017 13 13 5
13018 13 13 5
13019 15 14 4
13020 14 13 5
13021 17 16 4
13022 20 19 5
13023 7 7 7
13024 14 13 5
13025 7 7 7
13026 16 16 6
13027 12 12 4
13028 22 21 5
13029 19 19 5
13030 9 8 4
13031 14 13 5
13032 21 21 7
13033 23 22 4
13034 28 27 7
13035 13 12 4
13036 12 11 5
13037 13 12 4
13038 10 9 5
13039 17 16 6
13040 12 11 5
13041 9 8 4
13042 12 11 5
13043 11 11 5
13044 13 12 6
13045 14 14 6
13046 12 12 6
13047 14 14 4
13048 14 13 5
13049 13 12 4
13050 14 13 7
13051 13 12 6
13052 16 16 4
13053 10 9 5
13054 13 12 8
13055 12 12 6
13056 10 10 4
13057 10 9 5
13058 15 14 6
13059 6 6 6
13060 13 12 6
13061 14 14 6
13062 6 5 4
13063 18 17 7
13064 9 8 4
13065 20 19 5
13066 19 18 6
13067 6 6 6
13068 19 18 8
13069 12 11 5
13070 9 8 4
13071 12 11 7
13072 19 18 4
13073 6 5 4
13074 10 9 5
13075 11 10 6
13076 10 10 6
13077 12 12 4
13078 10 9 5
13079 15 15 5
13080 11 11 5
13081 9 9 5
13082 15 14 6
13083 10 9 5
13084 13 12 6
13085 16 16 6
13086 14 13 5
13087 11 10 6
13088 14 13 5
13089 11 10 6
13090 8 8 4
13091 12 11 5
13092 13 13 5
13093 15 14 6
13094 16 15 5
13095 15 14 6
13096 10 10 6
13097 12 12 6
13098 6 6 6
13099 17 16 6
13100 10 10 4
13101 18 17 7
13102 9 9 5
13103 15 14 4
13104 14 13 5
13105 13 12 4
13106 10 9 5
13107 13 12 6
13108 6 6 6
13109 9 9 5
13110 9 8 4
13111 14 13 7
13112 11 10 6
13113 12 12 6
13114 10 10 6
13115 14 13 5
13116 7 7 7
13117 12 12 6
13118 16 15 5
13119 15 14 4
13120 12 11 5
13121 13 13 5
13122 7 6 5
13123 11 10 4
13124 12 11 5
13125 7 6 5
13126 11 10 6
13127 6 6 6
13128 13 12 6
13129 20 19 5
13130 13 12 4
13131 6 5 4
13132 18 17 5
13133 13 13 5
13134 7 7 7
13135 10 10 4
13136 10 9 5
13137 15 15 5
13138 11 10 4
13139 12 11 5
13140 9 8 4
13141 12 11 5
13142 17 16 8
13143 12 12 6
13144 16 16 4
13145 14 13 5
13146 13 13 5
13147 11 10 4
13148 18 17 5
13149 19 19 5
13150 23 22 4
13151 12 11 5
13152 13 12 4
13153 22 21 5
13154 19 19 5
13155 11 10 6
13156 28 28 6
13157 8 8 4
13158 14 13 5
13159 13 13 5
13160 21 21 5
13161 19 18 6
13162 18 18 6
13163 18 18 4
13164 24 23 5
13165 11 11 5
13166 27 26 4
13167 36 35 5
13168 23 22 4
13169 22 21 5
13170 25 24 4
13171 30 29 5
13172 29 28 4
13173 18 17 5
13174 31 31 7
13175 17 16 6
13176 18 17 5
13177 27 26 4
13178 34 33 5
13179 19 18 4
13180 26 25 5
13181 33 32 4
13182 22 21 5
13183 17 16 4
13184 26 25 5
13185 17 17 5
13186 37 36 6
13187 30 30 6
13188 32 32 6
13189 16 16 4
13190 16 15 5
13191 27 26 4
13192 30 29 5
13193 17 16 4
13194 30 29 5
13195 19 18 4
13196 38 37 5
13197 29 29 5
13198 13 12 4
13199 18 17 5
13200 15 14 4
13201 20 19 5
13202 13 12 4
13203 18 17 5
13204 23 22 4
13205 20 19 5
13206 15 14 4
13207 20 19 5
13208 15 15 5
13209 19 18 4
13210 16 15 5
13211 11 11 5
13212 19 19 7
13213 15 15 5
13214 23 22 10
13215 10 10 4
13216 14 13 5
13217 29 28 10
13218 12 11 5
13219 13 13 5
13220 27 26 10
13221 16 16 6
13222 10 10 6
13223 16 15 7
13224 17 16 6
13225 14 13 5
13226 11 11 5
13227 15 15 7
13228 13 12 6
13229 18 18 4
13230 6 5 4
13231 10 9 5
13232 11 11 5
13233 15 14 6
13234 28 27 5
13235 13 12 4
13236 14 13 5
13237 15 15 5
13238 23 22 8
13239 16 15 5
13240 9 8 4
13241 18 17 9
13242 21 20 8
13243 16 16 4
13244 10 9 5
13245 29 28 6
13246 30 30 10
13247 20 19 5
13248 13 13 5
13249 19 18 6
13250 12 12 6
13251 8 8 4
13252 12 11 5
13253 17 17 5
13254 11 10 6
13255 18 17 7
13256 15 14 6
13257 16 16 4
13258 14 13 5
13259 23 23 5
13260 11 10 4
13261 20 19 7
13262 17 16 6
13263 14 14 4
13264 18 17 5
13265 17 16 4
13266 14 13 5
13267 13 12 4
13268 10 9 5
13269 19 18 4
13270 16 15 5
13271 11 10 4
13272 16 15 5
13273 11 11 5
13274 17 17 7
13275 7 6 5
13276 13 12 6
13277 10 9 5
13278 11 10 6
13279 12 12 6
13280 14 13 5
13281 13 12 6
13282 14 14 8
13283 14 13 7
13284 19 18 4
13285 22 21 7
13286 19 19 5
13287 13 13 5
13288 13 12 4
13289 6 5 4
13290 22 21 5
13291 11 10 4
13292 20 19 5
13293 21 20 6
13294 12 11 5
13295 7 7 7
13296 14 14 6
13297 12 11 5
13298 17 16 6
13299 16 16 6
13300 16 15 5
13301 9 9 5
13302 27 26 8
13303 22 22 6
13304 10 10 4
13305 14 13 5
13306 11 10 4
13307 20 19 7
13308 13 12 6
13309 22 22 4
13310 20 19 5
13311 15 15 5
13312 21 20 4
13313 16 15 7
13314 21 20 8
13315 12 12 4
13316 16 15 5
13317 21 20 6
13318 28 28 4
13319 10 9 5
13320 11 10 4
13321 16 15 5
13322 21 20 6
13323 26 25 5
13324 23 22 4
13325 14 13 5
13326 21 21 5
13327 23 22 4
13328 24 23 5
13329 9 9 5
13330 19 18 6
13331 12 12 6
13332 16 16 6
13333 18 18 6
13334 16 16 6
13335 10 10 4
13336 16 15 5
13337 13 12 6
13338 14 13 5
13339 21 21 5
13340 17 16 4
13341 16 15 5
13342 23 22 6
13343 16 16 6
13344 12 12 4
13345 18 17 5
13346 17 17 5
13347 25 25 5
13348 23 22 6
13349 12 12 4
13350 22 21 5
13351 19 18 6
13352 12 12 4
13353 12 11 5
13354 19 18 8
13355 18 17 5
13356 11 11 5
13357 19 18 4
13358 18 17 5
13359 19 19 7
13360 13 12 6
13361 16 15 5
13362 11 10 6
13363 12 11 5
13364 19 18 6
13365 16 16 8
13366 14 13 5
13367 13 12 4
13368 12 11 7
13369 17 16 6
13370 14 13 7
13371 9 8 4
13372 12 11 5
13373 23 22 6
13374 8 8 8
13375 9 8 4
13376 12 11 7
13377 11 10 4
13378 18 17 7
13379 11 10 4
13380 18 17 7
13381 13 12 4
13382 12 11 5
13383 13 12 6
13384 12 12 6
13385 16 16 8
13386 18 17 5
13387 19 18 4
13388 16 15 5
13389 17 16 4
13390 6 5 4
13391 12 11 5
13392 19 18 6
13393 12 11 5
13394 13 13 5
13395 13 13 5
13396 15 14 6
13397 22 21 7
13398 5 5 5
13399 10 9 5
13400 9 9 5
13401 19 18 6
13402 10 9 5
13403 13 13 5
13404 5 5 5
13405 14 13 7
13406 7 6 5
13407 17 16 6
13408 8 8 8
13409 15 14 6
13410 6 6 6
13411 13 13 5
13412 11 11 5
13413 11 11 7
13414 15 14 4
13415 10 9 5
13416 9 8 7
13417 17 16 6
13418 8 8 8
13419 15 15 7
13420 7 6 5
13421 9 8 4
13422 10 9 5
13423 17 17 7
13424 11 10 6
13425 10 10 6
13426 12 11 5
13427 11 10 6
13428 12 11 7
13429 11 10 6
13430 6 6 6
13431 13 12 6
13432 6 6 6
13433 5 5 5
13434 18 17 9
13435 15 14 4
13436 14 13 5
13437 15 15 5
13438 7 6 5
13439 13 13 7
13440 15 14 6
13441 12 12 6
13442 10 10 6
13443 8 8 4
13444 6 5 4
13445 12 11 7
13446 17 16 8
13447 14 13 5
13448 13 12 6
13449 8 8 4
13450 12 11 5
13451 9 9 5
13452 17 16 6
13453 16 15 5
13454 11 10 4
13455 12 11 5
13456 13 12 6
13457 10 10 6
13458 14 13 5
13459 9 9 5
13460 13 12 6
13461 12 11 7
13462 9 9 5
13463 9 9 5
13464 11 10 6
13465 12 11 5
13466 7 6 5
13467 9 8 7
13468 15 14 6
13469 16 15 5
13470 13 12 4
13471 18 17 7
13472 15 14 6
13473 18 18 6
13474 6 5 4
13475 12 11 7
13476 19 18 4
13477 14 13 5
13478 17 17 5
13479 19 18 6
13480 10 10 4
13481 6 5 4
13482 10 9 5
13483 17 16 8
13484 16 16 6
13485 18 18 6
13486 14 14 6
13487 8 8 4
13488 12 11 5
13489 9 8 4
13490 18 17 5
13491 13 12 6
13492 24 24 4
13493 16 15 5
13494 19 18 6
13495 14 13 5
13496 5 5 5
13497 10 9 5
13498 15 14 6
13499 26 25 5
13500 19 18 6
13501 10 10 4
13502 14 13 5
13503 15 14 4
13504 20 19 5
13505 23 23 5
13506 23 22 4
13507 20 19 5
13508 11 10 4
13509 20 19 5
13510 15 14 6
13511 26 26 6
13512 36 36 6
13513 12 12 4
13514 20 19 5
13515 13 12 4
13516 18 17 5
13517 27 26 10
13518 18 18 6
13519 14 14 4
13520 20 19 5
13521 17 17 5
13522 27 27 9
13523 15 14 4
13524 24 23 5
13525 25 24 4
13526 22 21 5
13527 13 12 4
13528 24 23 5
13529 17 16 4
13530 22 21 5
13531 21 20 6
13532 32 32 8
13533 16 16 6
13534 20 19 5
13535 21 21 5
13536 23 23 5
13537 21 21 7
13538 21 20 4
13539 36 35 11
13540 21 20 6
13541 20 20 6
13542 26 25 7
13543 29 28 4
13544 40 39 9
13545 19 18 6
13546 20 20 6
13547 14 14 4
13548 22 21 7
13549 33 32 12
13550 30 30 6
13551 16 16 6
13552 18 17 5
13553 13 13 5
13554 31 30 4
13555 18 17 5
13556 21 20 4
13557 26 25 5
13558 21 21 7
13559 25 24 6
13560 30 30 8
13561 16 16 6
13562 20 20 8
13563 16 15 5
13564 25 24 6
13565 20 19 7
13566 13 13 5
13567 23 22 6
13568 16 16 8
13569 30 30 10
13570 16 16 6
13571 8 8 4
13572 32 31 9
13573 29 28 10
13574 18 17 5
13575 39 38 12
13576 10 10 4
13577 24 23 5
13578 7 6 5
13579 17 16 8
13580 18 18 8
13581 20 20 6
13582 16 15 5
13583 11 11 5
13584 17 17 7
13585 13 13 5
13586 11 10 6
13587 14 14 4
13588 20 19 5
13589 13 12 4
13590 18 17 5
13591 13 12 4
13592 14 13 5
13593 11 10 4
13594 10 9 5
13595 29 28 6
13596 12 12 6
13597 28 27 7
13598 13 13 5
13599 21 20 6
13600 14 13 5
13601 17 17 5
13602 11 10 6
13603 10 10 4
13604 20 19 5
13605 33 32 8
13606 14 14 6
13607 20 20 6
13608 14 14 4
13609 28 27 7
13610 15 15 5
13611 11 10 4
13612 18 17 7
13613 17 16 6
13614 18 18 4
13615 12 11 5
13616 27 26 6
13617 12 12 6
13618 26 25 5
13619 17 16 4
13620 18 17 5
13621 15 14 6
13622 14 14 4
13623 16 15 5
13624 15 15 5
13625 23 22 4
13626 14 13 5
13627 17 16 6
13628 14 14 4
13629 18 17 5
13630 21 20 4
13631 12 11 5
13632 21 20 4
13633 10 9 5
13634 17 16 4
13635 24 23 5
13636 17 16 4
13637 20 19 5
13638 15 14 6
13639 14 14 4
13640 26 25 5
13641 13 13 5
13642 31 30 4
13643 34 33 5
13644 17 16 4
13645 18 17 5
13646 19 19 5
13647 17 16 4
13648 24 23 5
13649 17 16 4
13650 22 21 5
13651 13 12 4
13652 24 23 5
13653 21 21 5
13654 15 15 5
13655 11 10 4
13656 14 13 5
13657 19 19 7
13658 11 10 6
13659 10 10 4
13660 14 13 5
13661 15 14 6
13662 10 10 4
13663 10 9 5
13664 17 17 7
13665 13 12 4
13666 20 19 7
13667 15 14 6
13668 8 8 4
13669 16 15 5
13670 15 15 5
13671 13 12 4
13672 14 13 5
13673 5 5 5
13674 14 13 5
13675 11 11 5
13676 11 10 4
13677 10 9 5
13678 5 5 5
13679 14 13 7
13680 11 10 4
13681 16 15 5
13682 11 11 5
13683 21 21 5
13684 15 15 5
13685 13 13 5
13686 9 8 4
13687 16 15 7
13688 13 12 4
13689 14 13 7
13690 13 12 6
13691 12 12 4
13692 8 7 6
13693 10 10 4
13694 12 11 5
13695 19 18 6
13696 14 13 5
13697 17 17 5
13698 15 15 5
13699 19 18 6
13700 12 11 5
13701 13 13 5
13702 15 15 5
13703 13 12 8
13704 8 8 4
13705 12 11 5
13706 11 11 5
13707 13 13 5
13708 11 10 6
13709 20 20 6
13710 6 6 6
13711 15 14 6
13712 8 8 4
13713 14 13 5
13714 9 9 5
13715 13 13 5
13716 7 6 5
13717 15 14 8
13718 10 10 4
13719 12 11 5
13720 11 10 4
13721 12 11 5
13722 13 12 4
13723 18 17 7
13724 11 11 5
13725 15 14 6
13726 10 9 5
13727 13 12 6
13728 12 11 7
13729 15 14 4
13730 18 17 5
13731 13 13 5
13732 11 10 6
13733 12 12 8
13734 14 14 4
13735 12 11 5
13736 15 14 6
13737 12 12 6
13738 12 11 7
13739 13 12 4
13740 6 5 4
13741 14 13 7
13742 11 10 4
13743 10 9 5
13744 11 11 5
13745 19 18 6
13746 10 10 6
13747 18 18 6
13748 10 10 4
13749 12 11 5
13750 19 18 6
13751 14 14 4
13752 14 13 7
13753 11 10 4
13754 10 9 5
13755 13 12 4
13756 20 19 5
13757 17 16 4
13758 26 25 5
13759 15 15 5
13760 17 17 5
13761 9 9 5
13762 11 11 5
13763 21 21 7
13764 17 16 4
13765 10 9 5
13766 19 18 6
13767 16 16 6
13768 6 6 6
13769 23 22 4
13770 16 15 5
13771 11 10 4
13772 16 15 5
13773 17 17 5
13774 13 13 7
13775 17 16 4
13776 14 13 5
13777 9 9 5
13778 19 18 6
13779 14 14 6
13780 12 12 6
13781 16 16 6
13782 12 12 4
13783 14 13 5
13784 9 9 5
13785 13 13 7
13786 5 5 5
13787 16 15 5
13788 11 11 5
13789 9 8 4
13790 12 11 5
13791 5 5 5
13792 12 11 5
13793 27 26 8
13794 10 10 4
13795 16 15 5
13796 9 8 4
13797 10 9 5
13798 17 16 6
13799 14 13 7
13800 13 12 6
13801 14 14 6
13802 16 16 4
13803 12 11 5
13804 9 8 4
13805 14 13 5
13806 17 16 4
13807 10 9 5
13808 17 17 7
13809 21 20 6
13810 12 12 4
13811 12 11 5
13812 11 11 5
13813 13 12 6
13814 10 10 6
13815 6 6 6
13816 13 12 6
13817 14 14 4
13818 22 21 7
13819 23 22 4
13820 18 17 5
13821 17 16 6
13822 10 10 4
13823 20 19 5
13824 13 12 4
13825 12 11 5
13826 15 14 4
13827 16 15 5
13828 27 26 6
13829 8 8 4
13830 22 21 5
13831 17 16 4
13832 22 21 5
13833 19 18 4
13834 26 25 5
13835 19 18 4
13836 24 23 5
13837 9 9 5
13838 19 18 6
13839 14 14 4
13840 34 33 5
13841 17 16 4
13842 22 21 5
13843 21 20 4
13844 16 15 5
13845 21 20 4
13846 20 19 5
13847 19 18 4
13848 18 17 5
13849 21 20 4
13850 20 19 5
13851 7 6 5
13852 23 22 4
13853 20 19 5
13854 17 17 5
13855 21 21 5
13856 17 16 6
13857 20 20 6
13858 22 21 5
13859 21 20 6
13860 30 29 11
13861 29 28 10
13862 30 29 5
13863 21 20 6
13864 22 22 4
13865 22 21 5
13866 23 22 4
13867 24 23 5
13868 27 27 5
13869 23 22 4
13870 30 29 5
13871 13 12 4
13872 30 29 5
13873 17 16 4
13874 24 23 7
13875 33 32 6
13876 20 19 5
13877 23 22 6
13878 16 16 4
13879 20 19 5
13880 21 20 4
13881 24 23 5
13882 23 22 4
13883 12 11 5
13884 9 9 5
13885 17 16 4
13886 24 23 5
13887 31 31 5
13888 19 19 5
13889 19 18 4
13890 20 19 5
13891 15 15 5
13892 15 14 6
13893 16 16 4
13894 18 17 5
13895 15 14 4
13896 10 9 5
13897 17 16 6
13898 14 14 4
13899 20 19 5
13900 19 19 5
13901 17 16 4
13902 16 15 5
13903 17 16 4
13904 16 15 5
13905 13 12 4
13906 24 23 5
13907 15 14 4
13908 14 13 5
13909 13 13 5
13910 21 20 4
13911 10 9 5
13912 21 20 6
13913 6 6 6
13914 15 14 6
13915 10 10 4
13916 12 11 5
13917 11 11 5
13918 21 20 6
13919 18 18 6
13920 18 18 4
13921 14 13 5
13922 17 17 5
13923 19 19 5
13924 19 18 4
13925 26 25 5
13926 19 19 7
13927 15 14 4
13928 20 19 5
13929 19 18 4
13930 18 17 5
13931 19 18 4
13932 30 29 5
13933 21 20 6
13934 12 12 4
13935 16 15 5
13936 17 16 4
13937 12 11 5
13938 17 16 4
13939 10 9 5
13940 25 24 8
13941 16 16 6
13942 12 12 6
13943 10 10 4
13944 16 15 5
13945 9 8 4
13946 16 15 5
13947 13 12 6
13948 10 9 5
13949 19 19 5
13950 25 25 7
13951 19 19 5
13952 13 12 4
13953 10 9 5
13954 23 22 4
13955 16 15 5
13956 15 14 4
13957 12 11 5
13958 11 11 5
13959 13 12 6
13960 8 8 4
13961 22 21 7
13962 19 18 6
13963 24 24 6
13964 18 18 4
13965 16 15 5
13966 15 14 6
13967 14 14 4
13968 28 27 5
13969 15 14 4
13970 20 19 5
13971 15 15 5
13972 9 8 4
13973 20 19 5
13974 15 14 6
13975 18 18 4
13976 16 15 7
13977 15 15 5
13978 19 18 6
13979 26 26 4
13980 16 15 5
13981 15 14 4
13982 16 15 5
13983 17 16 4
13984 12 11 5
13985 25 25 5
13986 17 16 6
13987 18 18 6
13988 12 12 4
13989 20 19 5
13990 15 15 5
13991 15 14 4
13992 14 13 5
13993 17 17 5
13994 23 23 5
13995 15 14 4
13996 22 21 5
13997 13 12 4
13998 12 11 5
13999 15 14 6
14000 14 14 6
14001 12 12 4
14002 26 25 5
14003 11 10 4
14004 22 21 7
14005 19 18 6
14006 6 6 6
14007 9 8 4
14008 18 17 5
14009 13 12 8
14010 12 12 6
14011 10 10 4
14012 10 9 5
14013 11 10 6
14014 12 11 5
14015 13 12 6
14016 16 16 6
14017 12 12 4
14018 18 17 7
14019 15 15 5
14020 11 10 4
14021 18 17 5
14022 11 10 4
14023 14 13 7
14024 7 6 5
14025 15 15 5
14026 13 12 6
14027 12 12 4
14028 14 13 5
14029 19 18 6
14030 10 10 4
14031 18 17 7
14032 11 10 4
14033 6 5 4
14034 16 15 5
14035 11 11 5
14036 13 13 5
14037 17 16 8
14038 14 14 4
14039 12 11 5
14040 19 18 6
14041 14 14 4
14042 14 13 7
14043 7 6 5
14044 13 12 6
14045 20 20 4
14046 14 13 5
14047 17 16 6
14048 10 10 4
14049 10 9 5
14050 23 22 6
14051 6 5 4
14052 16 15 5
14053 19 19 5
14054 11 10 4
14055 12 11 5
14056 9 9 5
14057 11 11 5
14058 5 5 5
14059 16 15 5
14060 9 9 5
14061 23 22 6
14062 14 13 5
14063 9 9 5
14064 13 12 6
14065 14 14 6
14066 20 19 5
14067 11 11 5
14068 25 25 7
14069 19 18 4
14070 14 13 5
14071 15 14 4
14072 22 21 5
14073 15 15 5
14074 23 22 4
14075 12 11 5
14076 15 14 4
14077 16 15 5
14078 13 13 5
14079 15 15 5
14080 15 15 5
14081 23 22 4
14082 16 15 5
14083 21 20 6
14084 12 12 4
14085 16 15 5
14086 9 9 5
14087 19 19 5
14088 13 13 5
14089 19 18 4
14090 14 13 5
14091 11 11 5
14092 11 10 4
14093 10 9 5
14094 13 12 4
14095 14 13 5
14096 13 13 5
14097 19 18 4
14098 24 23 5
14099 17 17 5
14100 9 8 4
14101 10 9 5
14102 13 12 6
14103 16 16 6
14104 20 19 5
14105 15 14 6
14106 12 12 4
14107 20 19 5
14108 11 11 5
14109 11 10 4
14110 14 13 5
14111 25 24 6
14112 10 10 4
14113 16 15 5
14114 13 12 6
14115 8 8 4
14116 10 9 5
14117 9 9 5
14118 23 23 5
14119 21 21 5
14120 7 6 5
14121 15 14 4
14122 6 5 4
14123 14 13 7
14124 17 16 4
14125 18 17 5
14126 13 13 5
14127 13 12 6
14128 14 14 4
14129 12 11 5
14130 11 10 4
14131 12 11 7
14132 17 16 4
14133 14 13 7
14134 19 18 4
14135 12 11 5
14136 17 16 6
14137 10 9 5
14138 9 9 5
14139 9 8 4
14140 16 15 5
14141 17 16 4
14142 16 15 7
14143 15 14 6
14144 12 12 6
14145 10 9 5
14146 9 9 5
14147 13 13 5
14148 17 16 8
14149 10 10 6
14150 20 20 4
14151 14 13 7
14152 13 12 4
14153 8 7 6
14154 12 12 6
14155 10 10 4
14156 16 15 5
14157 15 15 7
14158 13 12 6
14159 10 10 4
14160 12 11 5
14161 7 6 5
14162 11 10 6
14163 12 12 4
14164 22 21 5
14165 11 10 4
14166 24 23 5
14167 21 21 5
14168 11 10 6
14169 8 8 4
14170 10 9 5
14171 21 21 7
14172 15 14 4
14173 14 13 5
14174 15 14 8
14175 12 12 6
14176 10 10 4
14177 12 11 5
14178 11 10 4
14179 16 15 5
14180 23 23 5
14181 29 28 8
14182 10 10 4
14183 16 15 5
14184 7 6 5
14185 15 14 4
14186 18 17 5
14187 27 26 4
14188 20 19 5
14189 19 18 6
14190 12 12 4
14191 10 9 5
14192 13 12 4
14193 14 13 5
14194 21 20 4
14195 30 29 5
14196 27 27 5
14197 17 16 4
14198 14 13 5
14199 23 22 4
14200 16 15 5
14201 27 26 4
14202 26 25 5
14203 19 18 4
14204 14 13 5
14205 29 28 4
14206 28 27 5
14207 41 40 4
14208 14 13 5
14209 17 16 4
14210 26 25 5
14211 17 16 4
14212 18 17 7
14213 33 32 6
14214 32 31 7
14215 25 24 8
14216 24 24 4
14217 18 17 5
14218 17 16 4
14219 32 31 7
14220 35 34 4
14221 24 23 5
14222 21 20 4
14223 28 27 5
14224 29 28 6
14225 36 36 8
14226 34 33 5
14227 25 25 5
14228 37 36 8
14229 16 15 5
14230 27 26 4
14231 26 25 5
14232 19 19 5
14233 29 28 4
14234 26 25 5
14235 13 13 5
14236 19 18 6
14237 26 25 5
14238 15 14 4
14239 16 15 5
14240 29 29 7
14241 21 20 4
14242 18 17 5
14243 19 18 4
14244 14 13 5
14245 29 29 5
14246 17 17 5
14247 29 28 4
14248 26 25 5
14249 9 8 4
14250 18 17 5
14251 17 16 4
14252 24 23 5
14253 19 18 4
14254 14 13 5
14255 17 16 6
14256 18 18 4
14257 24 23 5
14258 27 26 6
14259 40 40 6
14260 28 28 4
14261 14 13 5
14262 19 19 5
14263 17 16 4
14264 14 13 5
14265 17 16 6
14266 16 16 6
14267 20 20 4
14268 18 17 5
14269 13 12 4
14270 18 17 5
14271 7 6 5
14272 13 13 5
14273 23 23 7
14274 27 26 6
14275 30 30 4
14276 24 23 5
14277 23 23 5
14278 15 14 4
14279 22 21 5
14280 27 26 6
14281 18 18 4
14282 20 19 5
14283 17 16 4
14284 18 17 5
14285 11 10 4
14286 14 13 5
14287 15 14 4
14288 16 15 5
14289 13 12 6
14290 14 14 4
14291 16 15 5
14292 9 9 5
14293 15 14 6
14294 10 10 4
14295 12 11 5
14296 23 22 6
14297 18 17 5
14298 13 12 6
14299 18 18 6
14300 12 12 6
14301 8 8 4
14302 10 9 5
14303 19 18 4
14304 16 15 5
14305 13 13 5
14306 11 10 4
14307 10 9 5
14308 15 14 8
14309 20 19 5
14310 19 18 6
14311 8 8 4
14312 12 11 5
14313 9 8 4
14314 18 17 5
14315 19 18 6
14316 12 12 6
14317 6 6 6
14318 11 11 5
14319 17 17 5
14320 11 10 6
14321 16 16 4
14322 20 19 5
14323 19 19 5
14324 17 16 4
14325 16 15 5
14326 17 17 5
14327 17 16 6
14328 22 22 4
14329 14 13 5
14330 13 12 4
14331 18 17 5
14332 15 14 6
14333 6 6 6
14334 15 14 8
14335 14 14 4
14336 10 9 5
14337 11 10 6
14338 18 18 6
14339 12 12 6
14340 12 12 6
14341 10 10 4
14342 6 5 4
14343 14 13 5
14344 7 7 7
14345 10 10 6
14346 12 11 5
14347 13 12 4
14348 10 9 5
14349 15 14 6
14350 6 6 6
14351 11 10 6
14352 10 9 5
14353 17 16 6
14354 12 11 5
14355 23 22 6
14356 14 14 6
14357 14 14 6
14358 6 6 6
14359 17 17 7
14360 9 8 4
14361 10 9 5
14362 15 14 4
14363 14 13 5
14364 7 6 5
14365 11 10 6
14366 14 13 5
14367 13 13 5
14368 11 10 4
14369 20 19 5
14370 7 6 5
14371 13 12 8
14372 10 10 6
14373 12 12 6
14374 14 13 7
14375 13 12 4
14376 16 15 5
14377 13 12 6
14378 14 13 5
14379 13 12 6
14380 14 14 4
14381 10 9 5
14382 11 11 7
14383 15 14 6
14384 14 14 6
14385 14 14 4
14386 22 21 5
14387 19 18 6
14388 14 14 4
14389 24 23 5
14390 17 16 4
14391 14 13 5
14392 11 11 5
14393 17 16 6
14394 6 6 6
14395 25 25 5
14396 13 12 6
14397 10 10 4
14398 20 19 5
14399 17 16 4
14400 10 9 5
14401 17 17 5
14402 9 8 4
14403 10 9 5
14404 13 12 6
14405 14 13 7
14406 13 12 4
14407 14 13 5
14408 17 16 6
14409 14 14 4
14410 14 13 5
14411 23 22 4
14412 18 17 5
14413 15 14 4
14414 14 13 5
14415 17 16 6
14416 12 11 5
14417 13 12 4
14418 14 13 5
14419 13 12 6
14420 14 14 6
14421 18 18 6
14422 10 10 4
14423 16 15 5
14424 27 26 4
14425 10 9 5
14426 15 14 4
14427 10 9 5
14428 17 16 4
14429 14 13 5
14430 19 18 6
14431 20 19 5
14432 13 12 4
14433 12 11 5
14434 15 14 4
14435 6 5 4
14436 14 13 5
14437 17 16 4
14438 20 19 5
14439 13 13 5
14440 13 12 4
14441 14 13 5
14442 21 20 4
14443 20 19 5
14444 25 24 6
14445 20 20 4
14446 12 11 5
14447 7 6 5
14448 17 16 4
14449 10 9 5
14450 15 15 5
14451 9 8 4
14452 22 21 5
14453 9 8 4
14454 14 13 5
14455 11 11 5
14456 23 22 6
14457 24 23 5
14458 27 26 4
14459 14 13 5
14460 21 20 4
14461 14 13 5
14462 13 12 4
14463 22 21 5
14464 15 14 4
14465 16 15 7
14466 11 10 4
14467 10 9 5
14468 9 8 4
14469 20 19 5
14470 19 18 4
14471 14 13 5
14472 15 15 5
14473 9 8 4
14474 14 13 5
14475 13 12 4
14476 14 13 7
14477 9 8 4
14478 14 13 5
14479 15 14 6
14480 18 18 6
14481 16 16 6
14482 10 9 5
14483 15 14 6
14484 14 13 5
14485 13 12 6
14486 14 14 6
14487 12 12 4
14488 12 11 5
14489 11 11 5
14490 9 9 5
14491 9 9 5
14492 13 13 7
14493 17 16 4
14494 14 13 5
14495 21 21 7
14496 11 10 4
14497 16 15 5
14498 23 22 6
14499 14 14 4
14500 16 15 7
14501 17 16 4
14502 12 11 5
14503 23 22 6
14504 24 23 5
14505 21 21 5
14506 21 20 4
14507 14 13 5
14508 11 11 5
14509 23 22 6
14510 20 19 5
14511 13 12 4
14512 16 15 5
14513 13 12 4
14514 18 17 9
14515 15 14 6
14516 20 19 5
14517 21 21 7
14518 21 20 10
14519 14 14 4
14520 20 19 9
14521 15 14 4
14522 18 17 5
14523 11 11 5
14524 13 12 4
14525 18 17 5
14526 15 15 5
14527 17 17 7
14528 7 6 5
14529 17 16 4
14530 16 15 7
14531 19 18 4
14532 16 15 5
14533 15 14 4
14534 12 11 5
14535 11 11 5
14536 15 15 5
14537 11 11 5
14538 11 10 4
14539 14 13 5
14540 17 16 6
14541 12 12 6
14542 8 8 4
14543 14 13 5
14544 19 18 6
14545 8 8 4
14546 16 15 7
14547 13 12 4
14548 12 11 5
14549 13 12 6
14550 10 9 5
14551 9 9 5
14552 15 14 6
14553 10 9 5
14554 13 12 4
14555 18 17 5
14556 13 13 7
14557 7 6 5
14558 15 14 4
14559 10 9 5
14560 21 21 7
14561 15 14 6
14562 16 16 6
14563 12 12 6
14564 16 15 5
14565 9 8 4
14566 6 5 4
14567 16 15 7
14568 11 10 4
14569 6 5 4
14570 12 11 5
14571 11 11 7
14572 13 12 6
14573 12 12 6
14574 12 12 4
14575 12 11 7
14576 11 10 6
14577 12 12 6
14578 14 14 8
14579 12 12 6
14580 10 9 5
14581 5 5 5
14582 12 11 5
14583 11 11 5
14584 11 10 6
14585 14 13 5
14586 13 13 5
14587 9 8 4
14588 16 15 5
14589 9 9 5
14590 11 10 6
14591 10 10 4
14592 10 9 5
14593 11 11 5
14594 13 12 6
14595 10 10 4
14596 10 9 5
14597 13 13 5
14598 9 9 5
14599 5 5 5
14600 18 17 7
14601 7 6 5
14602 9 9 5
14603 15 14 4
14604 16 15 7
14605 9 8 4
14606 10 9 5
14607 9 9 5
14608 13 13 9
14609 13 12 4
14610 14 13 5
14611 5 5 5
14612 16 15 7
14613 5 5 5
14614 10 9 5
14615 5 5 5
14616 14 13 7
14617 15 15 5
14618 17 16 6
14619 12 12 6
14620 18 18 6
14621 10 9 5
14622 11 10 6
14623 6 6 6
14624 11 10 6
14625 16 16 6
14626 14 14 6
14627 8 8 4
14628 18 17 7
14629 11 10 6
14630 6 6 6
14631 15 14 6
14632 6 5 4
14633 16 15 7
14634 11 11 5
14635 17 16 6
14636 18 18 6
14637 10 10 6
14638 14 14 6
14639 10 10 4
14640 18 17 5
14641 13 12 6
14642 16 15 7
14643 9 9 5
14644 13 12 6
14645 6 6 6
14646 5 5 5
14647 10 9 5
14648 11 11 7
14649 9 9 5
14650 11 10 6
14651 6 6 6
14652 7 7 7
14653 16 16 8
14654 10 10 4
14655 20 19 5
14656 15 15 5
14657 23 22 4
14658 16 15 5
14659 15 14 4
14660 8 7 6
14661 18 17 5
14662 13 12 6
14663 12 12 4
14664 8 7 6
14665 18 18 6
14666 12 11 5
14667 17 16 6
14668 12 11 5
14669 17 16 6
14670 10 10 4
14671 14 13 5
14672 13 12 6
14673 18 18 6
14674 12 12 4
14675 26 25 7
14676 9 8 4
14677 14 13 5
14678 11 11 5
14679 17 17 5
14680 15 14 6
14681 16 16 4
14682 16 15 5
14683 17 16 4
14684 8 7 6
14685 14 14 4
14686 12 11 5
14687 13 13 5
14688 13 13 5
14689 19 19 5
14690 13 12 4
14691 26 25 5
14692 17 16 4
14693 20 19 5
14694 13 12 6
14695 12 11 5
14696 25 24 6
14697 18 17 5
14698 17 16 4
14699 12 11 5
14700 13 12 4
14701 10 9 5
14702 21 20 6
14703 28 27 5
14704 41 40 6
14705 20 20 4
14706 14 13 5
14707 9 8 4
14708 28 27 5
14709 27 26 4
14710 38 37 7
14711 37 36 4
14712 22 21 5
14713 13 12 4
14714 18 17 5
14715 27 26 4
14716 30 29 5
14717 13 12 4
14718 20 19 5
14719 19 18 4
14720 18 17 5
14721 19 18 6
14722 24 24 6
14723 18 18 4
14724 24 23 5
14725 27 26 6
14726 42 41 5
14727 23 23 5
14728 31 30 4
14729 24 23 5
14730 27 26 6
14731 24 24 6
14732 44 44 8
14733 22 22 4
14734 32 31 7
14735 27 26 4
14736 34 33 7
14737 13 13 5
14738 27 27 5
14739 25 24 6
14740 10 10 4
14741 18 17 5
14742 21 21 5
14743 21 20 8
14744 26 25 5
14745 25 25 7
14746 17 16 4
14747 18 17 5
14748 27 27 9
14749 11 10 4
14750 16 15 5
14751 29 28 4
14752 28 27 7
14753 33 33 7
14754 23 22 6
14755 18 17 5
14756 21 21 9
14757 21 20 4
14758 22 21 5
14759 17 17 5
14760 33 32 10
14761 14 14 4
14762 24 23 5
14763 17 16 6
14764 14 14 4
14765 14 13 5
14766 15 14 4
14767 36 35 9
14768 21 21 7
14769 27 27 5
14770 11 10 4
14771 20 19 5
14772 15 15 5
14773 29 29 13
14774 21 20 6
14775 10 9 5
14776 21 20 6
14777 12 11 5
14778 15 14 4
14779 26 25 9
14780 21 20 6
14781 12 12 4
14782 14 13 5
14783 13 13 5
14784 17 16 4
14785 20 19 5
14786 33 32 12
14787 24 23 7
14788 17 16 6
14789 24 23 9
14790 15 14 4
14791 20 19 7
14792 13 13 5
14793 17 16 4
14794 20 19 5
14795 27 27 11
14796 33 32 10
14797 26 26 10
14798 22 21 5
14799 13 12 6
14800 22 22 8
14801 24 23 7
14802 17 16 4
14803 20 19 7
14804 29 28 4
14805 12 11 5
14806 21 20 4
14807 24 23 9
14808 21 20 6
14809 24 23 7
14810 21 21 9
14811 19 18 6
14812 28 28 6
14813 22 22 4
14814 22 21 7
14815 11 10 6
14816 32 32 16
14817 16 16 6
14818 16 16 4
14819 32 31 9
14820 23 22 6
14821 22 22 10
14822 22 21 7
14823 15 14 4
14824 22 21 5
14825 15 15 5
14826 15 15 5
14827 13 12 4
14828 18 17 5
14829 15 14 4
14830 20 19 5
14831 17 17 5
14832 15 14 6
14833 20 19 5
14834 25 24 4
14835 14 13 5
14836 19 19 5
14837 15 14 4
14838 18 17 5
14839 17 17 5
14840 19 19 5
14841 15 15 7
14842 17 16 6
14843 14 13 5
14844 23 22 8
14845 18 18 4
14846 20 19 9
14847 11 10 6
14848 10 10 6
14849 14 14 6
14850 20 20 4
14851 10 9 5
14852 17 16 6
14853 12 12 6
14854 12 12 4
14855 10 9 5
14856 23 23 5
14857 13 13 5
14858 13 12 6
14859 10 9 5
14860 11 11 5
14861 9 9 5
14862 21 21 5
14863 9 9 5
14864 13 13 5
14865 17 16 6
14866 10 10 4
14867 12 11 5
14868 11 10 4
14869 12 11 5
14870 23 23 7
14871 15 14 4
14872 16 15 5
14873 19 18 6
14874 22 22 4
14875 12 11 5
14876 23 22 6
14877 14 14 4
14878 16 15 7
14879 13 12 4
14880 20 19 5
14881 11 11 5
14882 11 11 5
14883 15 14 6
14884 18 18 6
14885 10 9 5
14886 17 16 4
14887 18 17 5
14888 9 9 5
14889 17 16 6
14890 16 15 5
14891 19 18 6
14892 10 10 6
14893 18 17 5
14894 11 10 4
14895 12 11 5
14896 9 9 5
14897 17 17 5
14898 15 15 9
14899 11 10 4
14900 16 15 5
14901 15 15 5
14902 11 11 5
14903 17 16 6
14904 10 9 5
14905 23 22 6
14906 16 15 5
14907 19 18 6
14908 28 27 5
14909 13 12 6
14910 10 10 4
14911 14 13 5
14912 13 12 6
14913 10 10 6
14914 10 9 5
14915 13 13 5
14916 17 17 5
14917 9 9 5
14918 15 15 5
14919 9 9 5
14920 13 12 6
14921 16 16 6
14922 14 13 5
14923 13 13 5
14924 15 14 8
14925 14 14 4
14926 14 13 7
14927 13 12 6
14928 14 14 6
14929 12 12 6
14930 12 11 5
14931 17 16 6
14932 18 18 8
14933 14 14 6
14934 22 22 4
14935 12 11 5
14936 15 14 6
14937 10 9 5
14938 13 12 4
14939 10 9 5
14940 17 16 8
14941 14 14 6
14942 18 18 6
14943 16 16 8
14944 10 9 5
14945 11 10 6
14946 12 12 4
14947 14 13 5
14948 11 11 5
14949 13 12 4
14950 16 15 5
14951 9 8 4
14952 16 15 5
14953 9 8 4
14954 14 13 5
14955 9 9 5
14956 27 27 5
14957 13 12 4
14958 12 11 5
14959 13 13 7
14960 19 18 6
14961 8 8 4
14962 14 13 5
14963 11 11 5
14964 15 14 6
14965 12 11 5
14966 23 23 7
14967 9 8 4
14968 10 9 5
14969 19 18 8
14970 14 13 5
14971 15 15 5
14972 13 12 6
14973 12 11 5
14974 19 18 6
14975 10 10 6
14976 22 21 7
14977 11 11 5
14978 19 18 6
14979 14 14 6
14980 12 12 8
14981 12 12 4
14982 12 11 5
14983 7 7 7
14984 20 20 6
14985 16 15 5
14986 15 15 5
14987 11 11 5
14988 15 14 6
14989 10 10 4
14990 10 9 5
14991 11 10 6
14992 12 12 6
14993 16 16 6
14994 8 8 4
14995 18 17 7
14996 9 9 5
14997 11 11 5
14998 13 12 4
14999 14 13 5
15000 11 11 7
15001 19 18 6
15002 14 13 5
15003 15 14 4
15004 12 11 5
15005 15 14 6
15006 6 6 6
15007 15 14 4
15008 10 9 5
15009 19 18 6
15010 14 13 5
15011 15 15 7
15012 13 12 6
15013 12 11 5
15014 5 5 5
15015 18 17 7
15016 11 10 6
15017 12 12 6
15018 18 17 7
15019 19 18 6
15020 16 15 5
15021 9 9 5
15022 11 10 6
15023 12 12 4
15024 12 11 7
15025 15 14 6
15026 14 13 7
15027 9 8 4
15028 20 19 5
15029 11 10 4
15030 14 13 7
15031 11 11 5
15032 7 6 5
15033 21 20 8
15034 6 6 6
15035 13 12 4
15036 16 15 5
15037 13 13 5
15038 7 6 5
15039 15 14 6
15040 8 7 6
15041 16 16 8
15042 10 9 5
15043 13 12 4
15044 14 13 5
15045 9 8 4
15046 12 11 7
15047 9 9 5
15048 17 16 6
15049 12 12 4
15050 12 11 7
15051 17 16 6
15052 14 14 6
15053 10 10 4
15054 14 13 5
15055 11 10 4
15056 12 11 5
15057 13 12 4
15058 14 13 7
15059 7 6 5
15060 15 14 6
15061 12 12 6
15062 20 19 7
15063 9 8 4
15064 40 39 5
15065 11 10 4
15066 12 11 5
15067 13 13 5
15068 21 20 4
15069 28 27 5
15070 29 28 4
15071 30 29 5
15072 19 19 5
15073 19 18 6
15074 18 18 4
15075 16 15 5
15076 15 14 4
15077 14 13 5
15078 29 29 7
15079 17 17 5
15080 19 18 8
15081 22 22 6
15082 10 9 5
15083 9 8 4
15084 14 13 5
15085 23 23 5
15086 15 14 4
15087 18 17 5
15088 19 18 4
15089 20 19 5
15090 19 18 4
15091 18 17 5
15092 11 10 4
15093 24 23 7
15094 13 13 5
15095 13 12 4
15096 26 25 5
15097 9 9 5
15098 13 12 4
15099 20 19 5
15100 15 14 4
15101 20 19 5
15102 9 9 5
15103 13 13 5
15104 15 14 4
15105 12 11 5
15106 19 18 10
15107 14 14 6
15108 14 14 4
15109 20 19 5
15110 7 6 5
15111 19 18 4
15112 14 13 5
15113 19 19 7
15114 9 8 4
15115 18 17 7
15116 23 22 8
15117 12 11 5
15118 13 13 5
15119 11 10 4
15120 8 7 6
15121 14 14 6
15122 12 12 4
15123 14 13 7
15124 13 12 4
15125 14 13 5
15126 5 5 5
15127 18 17 5
15128 11 10 4
15129 20 19 7
15130 13 13 5
15131 9 8 4
15132 10 9 5
15133 13 13 5
15134 11 10 6
15135 10 10 4
15136 12 11 5
15137 17 16 6
15138 16 15 5
15139 13 13 7
15140 9 9 5
15141 17 16 6
15142 12 12 6
15143 18 18 8
15144 10 10 4
15145 16 15 5
15146 13 12 6
15147 12 12 4
15148 20 19 5
15149 19 19 7
15150 11 10 6
15151 12 12 4
15152 14 13 7
15153 13 12 4
15154 6 5 4
15155 16 15 9
15156 13 13 5
15157 15 14 4
15158 12 11 5
15159 17 16 8
15160 6 6 6
15161 13 13 5
15162 11 10 6
15163 20 19 5
15164 9 9 5
15165 13 12 4
15166 12 11 5
15167 11 10 6
15168 12 11 7
15169 19 18 6
15170 12 12 6
15171 8 8 4
15172 16 15 5
15173 11 11 5
15174 9 8 4
15175 20 19 7
15176 7 6 5
15177 11 11 5
15178 19 19 7
15179 11 10 4
15180 14 13 5
15181 19 18 4
15182 10 9 5
15183 11 11 5
15184 15 14 6
15185 12 12 4
15186 18 17 5
15187 11 10 6
15188 8 7 6
15189 14 14 6
15190 6 6 6
15191 19 18 6
15192 14 13 5
15193 9 8 4
15194 14 13 5
15195 13 12 6
15196 16 15 7
15197 11 10 4
15198 12 11 5
15199 15 14 8
15200 14 13 5
15201 13 12 6
15202 16 16 4
15203 14 13 5
15204 19 18 6
15205 14 14 6
15206 6 6 6
15207 15 14 6
15208 16 16 6
15209 12 12 4
15210 16 15 5
15211 15 15 5
15212 19 19 5
15213 15 15 5
15214 17 16 4
15215 16 15 5
15216 25 24 4
15217 24 23 5
15218 15 14 6
15219 16 16 6
15220 14 14 4
15221 18 17 5
15222 17 16 4
15223 16 15 5
15224 25 24 6
15225 12 12 4
15226 12 11 5
15227 23 22 8
15228 18 18 4
15229 14 13 5
15230 15 15 5
15231 17 16 4
15232 26 25 7
15233 9 8 4
15234 24 23 7
15235 9 8 4
15236 18 17 5
15237 21 20 4
15238 16 15 5
15239 9 9 5
15240 17 16 6
15241 10 10 4
15242 16 15 7
15243 11 10 4
15244 18 17 5
15245 19 19 5
15246 21 21 5
15247 7 6 5
15248 11 10 4
15249 18 17 5
15250 13 12 4
15251 10 9 5
15252 27 26 4
15253 12 11 5
15254 13 13 5
15255 13 13 5
15256 19 19 5
15257 11 10 6
15258 12 12 6
15259 12 12 6
15260 14 14 6
15261 8 8 4
15262 16 15 7
15263 9 8 4
15264 18 17 5
15265 17 16 8
15266 12 11 5
15267 21 20 4
15268 14 13 5
15269 15 15 5
15270 9 9 5
15271 11 10 6
15272 10 10 6
15273 12 11 5
15274 15 15 7
15275 13 12 4
15276 10 9 5
15277 9 8 4
15278 14 13 7
15279 7 6 5
15280 11 11 5
15281 9 9 5
15282 7 6 5
15283 15 14 8
15284 6 5 4
15285 12 11 5
15286 5 5 5
15287 12 11 7
15288 7 7 7
15289 16 16 6
15290 16 15 7
15291 7 6 5
15292 5 5 5
15293 20 19 7
15294 13 12 6
15295 12 12 6
15296 10 9 5
15297 13 12 6
15298 14 13 5
15299 13 12 4
15300 12 11 5
15301 11 11 7
15302 15 15 7
15303 11 11 5
15304 11 10 4
15305 14 13 7
15306 17 17 5
15307 17 16 8
15308 20 20 6
15309 10 10 6
15310 10 10 4
15311 10 9 5
15312 13 13 5
15313 11 10 4
15314 12 11 5
15315 11 10 6
15316 6 5 4
15317 16 15 5
15318 17 16 4
15319 12 11 7
15320 29 28 4
15321 18 17 5
15322 25 24 4
15323 16 15 5
15324 15 14 4
15325 10 9 5
15326 17 16 4
15327 20 19 5
15328 15 14 4
15329 18 17 5
15330 15 14 4
15331 10 9 5
15332 13 13 5
15333 15 14 4
15334 26 25 5
15335 13 12 4
15336 14 13 5
15337 21 20 4
15338 14 13 5
15339 15 14 4
15340 16 15 5
15341 21 20 4
15342 14 13 5
15343 21 20 4
15344 18 17 5
15345 19 18 4
15346 18 17 5
15347 19 18 6
15348 14 14 6
15349 10 10 4
15350 30 29 5
15351 15 15 5
15352 17 16 4
15353 12 11 5
15354 13 13 5
15355 25 24 4
15356 22 21 5
15357 31 30 4
15358 24 23 5
15359 13 12 4
15360 20 19 5
15361 19 18 6
15362 16 16 4
15363 20 19 5
15364 9 9 5
15365 7 6 5
15366 15 14 4
15367 16 15 5
15368 27 27 7
15369 13 12 6
15370 14 14 4
15371 14 13 5
15372 25 25 9
15373 15 15 5
15374 23 22 6
15375 18 18 4
15376 18 17 5
15377 13 13 5
15378 29 28 8
15379 24 23 5
15380 17 16 6
15381 28 28 14
15382 20 20 6
15383 28 27 9
15384 27 26 4
15385 14 13 7
15386 27 26 8
15387 14 13 5
15388 25 24 4
15389 20 19 7
15390 41 40 10
15391 20 19 7
15392 31 30 10
15393 18 18 4
15394 16 15 5
15395 13 12 6
15396 14 14 4
15397 28 27 5
15398 23 23 7
15399 13 12 4
15400 18 17 7
15401 19 18 6
15402 24 24 6
15403 20 19 5
15404 17 17 5
15405 11 11 5
15406 13 12 4
15407 14 13 5
15408 15 14 6
15409 20 19 5
15410 21 20 4
15411 16 15 5
15412 23 22 6
15413 12 11 5
15414 19 18 6
15415 16 16 8
15416 14 14 6
15417 12 12 4
15418 14 13 5
15419 15 14 6
15420 18 17 5
15421 11 10 6
15422 18 18 6
15423 20 19 5
15424 19 19 7
15425 17 16 6
15426 24 24 4
15427 14 13 5
15428 13 13 5
15429 23 23 5
15430 19 19 5
15431 23 22 4
15432 24 23 5
15433 17 16 4
15434 16 15 5
15435 19 19 5
15436 17 17 5
15437 11 10 4
15438 6 5 4
15439 12 11 5
15440 21 20 6
15441 10 9 5
15442 11 10 4
15443 10 9 5
15444 17 16 4
15445 18 17 5
15446 17 16 6
15447 12 12 4
15448 6 5 4
15449 10 9 5
15450 15 14 6
15451 14 14 4
15452 14 13 5
15453 19 18 6
15454 16 16 6
15455 16 15 5
15456 13 12 4
15457 14 13 5
15458 13 13 5
15459 19 18 6
15460 14 13 5
15461 19 18 6
15462 8 8 4
15463 22 21 7
15464 21 20 6
15465 10 10 4
15466 12 11 5
15467 19 18 6
15468 12 12 4
15469 12 11 5
15470 15 14 4
15471 14 13 5
15472 11 11 5
15473 15 15 5
15474 11 10 6
15475 14 14 4
15476 12 11 5
15477 13 12 6
15478 14 14 6
15479 14 13 5
15480 9 8 4
15481 14 13 5
15482 7 7 7
15483 14 14 6
15484 10 9 5
15485 17 16 4
15486 18 17 5
15487 5 5 5
15488 14 13 7
15489 9 8 4
15490 20 19 7
15491 19 18 6
15492 16 16 4
15493 22 21 7
15494 11 10 4
15495 12 11 5
15496 9 9 5
15497 15 15 5
15498 9 8 4
15499 16 15 7
15500 11 10 4
15501 14 13 7
15502 21 20 6
15503 12 12 6
15504 14 14 8
15505 10 10 4
15506 16 15 5
15507 21 20 6
15508 14 14 6
15509 6 5 4
15510 16 15 5
15511 5 5 5
15512 20 19 7
15513 15 14 4
15514 12 11 7
15515 15 14 6
15516 20 20 6
15517 10 10 6
15518 12 12 6
15519 10 10 4
15520 14 13 5
15521 9 9 5
15522 17 16 6
15523 10 10 4
15524 20 19 7
15525 9 8 4
15526 14 13 5
15527 9 9 5
15528 15 15 7
15529 5 5 5
15530 22 21 7
15531 11 10 6
15532 10 10 6
15533 6 6 6
15534 13 13 5
15535 7 6 5
15536 13 12 6
15537 14 14 6
15538 18 18 6
15539 8 8 4
15540 16 15 5
15541 13 12 6
15542 10 10 6
15543 12 12 6
15544 10 10 4
15545 16 15 5
15546 19 18 6
15547 8 8 4
15548 18 17 7
15549 13 13 5
15550 19 18 6
15551 20 19 5
15552 13 13 5
15553 15 14 4
15554 12 11 5
15555 9 8 4
15556 16 15 5
15557 9 8 4
15558 10 9 5
15559 11 11 5
15560 17 16 6
15561 20 19 5
15562 11 11 5
15563 13 12 6
15564 8 8 4
15565 16 15 7
15566 13 12 4
15567 22 21 5
15568 5 5 5
15569 14 13 7
15570 11 10 4
15571 8 7 6
15572 10 10 4
15573 20 19 7
15574 5 5 5
15575 16 15 5
15576 11 10 4
15577 12 11 5
15578 11 11 5
15579 15 14 6
15580 16 15 5
15581 9 8 4
15582 16 15 7
15583 13 12 4
15584 10 9 5
15585 11 11 5
15586 11 11 5
15587 11 11 5
15588 21 21 5
15589 19 18 4
15590 14 13 7
15591 15 14 4
15592 16 15 5
15593 11 10 6
15594 10 9 5
15595 21 20 4
15596 12 11 5
15597 15 14 4
15598 22 21 5
15599 19 18 4
15600 18 17 5
15601 9 8 4
15602 22 21 5
15603 19 18 6
15604 22 22 4
15605 20 19 5
15606 21 20 4
15607 14 13 5
15608 9 8 4
15609 18 17 5
15610 23 22 6
15611 18 18 4
15612 24 23 5
15613 15 14 4
15614 20 19 5
15615 19 18 4
15616 18 17 5
15617 31 31 5
15618 29 29 5
15619 13 12 4
15620 18 17 5
15621 17 16 4
15622 14 13 5
15623 27 26 4
15624 18 17 5
15625 17 17 5
15626 17 16 6
15627 20 20 6
15628 18 18 6
15629 22 22 8
15630 16 15 5
15631 13 13 5
15632 13 12 6
15633 12 12 4
15634 28 27 11
15635 21 21 9
15636 13 13 5
15637 25 24 10
15638 26 26 12
15639 18 18 8
15640 22 22 6
15641 24 23 5
15642 23 22 4
15643 26 25 5
15644 27 26 4
15645 24 23 5
15646 19 18 4
15647 34 33 5
15648 21 20 6
15649 24 24 4
15650 28 27 5
15651 23 22 4
15652 28 27 5
15653 17 17 5
15654 17 16 6
15655 30 30 6
15656 14 14 4
15657 20 19 5
15658 23 22 6
15659 18 18 6
15660 24 23 5
15661 11 10 4
15662 24 23 5
15663 13 12 4
15664 18 17 5
15665 27 27 7
15666 15 14 4
15667 20 19 7
15668 19 18 8
15669 26 26 8
15670 16 15 5
15671 17 16 4
15672 10 9 5
15673 15 15 5
15674 15 14 6
15675 16 16 6
15676 12 11 5
15677 13 13 5
15678 9 8 4
15679 18 17 5
15680 15 15 5
15681 19 18 6
15682 14 14 4
15683 16 15 5
15684 11 11 5
15685 17 16 4
15686 20 19 9
15687 17 16 6
15688 16 16 4
15689 14 13 5
15690 15 14 4
15691 10 9 5
15692 9 8 4
15693 18 17 7
15694 15 14 4
15695 10 9 5
15696 7 6 5
15697 25 25 7
15698 13 13 5
15699 9 9 5
15700 13 12 4
15701 16 15 5
15702 11 10 4
15703 10 9 5
15704 9 9 5
15705 9 9 5
15706 13 12 6
15707 18 18 6
15708 14 14 6
15709 16 16 4
15710 12 11 5
15711 15 15 5
15712 13 12 4
15713 14 13 5
15714 13 13 5
15715 15 15 7
15716 13 12 4
15717 12 11 5
15718 7 7 7
15719 12 12 4
15720 18 17 5
15721 15 15 5
15722 15 15 5
15723 17 16 4
15724 16 15 5
15725 15 14 4
15726 12 11 5
15727 15 14 6
15728 14 13 5
15729 11 10 4
15730 10 9 5
15731 11 11 5
15732 15 15 5
15733 21 21 7
15734 9 8 4
15735 12 11 5
15736 15 14 4
15737 14 13 5
15738 11 10 6
15739 14 14 4
15740 18 17 5
15741 21 20 4
15742 10 9 5
15743 15 14 4
15744 16 15 5
15745 19 19 5
15746 11 10 6
15747 14 14 4
15748 12 11 5
15749 11 10 6
15750 10 9 5
15751 11 11 5
15752 15 15 7
15753 15 14 4
15754 18 17 5
15755 11 10 4
15756 22 21 7
15757 15 14 6
15758 18 18 4
15759 12 11 5
15760 11 11 5
15761 13 12 6
15762 8 8 4
15763 10 9 5
15764 13 13 5
15765 11 11 5
15766 21 20 4
15767 20 19 5
15768 9 8 4
15769 8 7 6
15770 16 16 6
15771 12 12 6
15772 18 18 6
15773 14 13 5
15774 19 18 6
15775 12 12 6
15776 8 8 4
15777 6 5 4
15778 20 19 5
15779 7 6 5
15780 9 9 5
15781 13 13 5
15782 13 12 6
15783 12 12 6
15784 12 12 4
15785 10 9 5
15786 13 13 5
15787 11 10 4
15788 14 13 5
15789 17 16 6
15790 12 11 5
15791 9 9 5
15792 11 10 4
15793 14 13 5
15794 19 19 5
15795 21 21 5
15796 15 14 4
15797 12 11 5
15798 15 14 6
15799 10 10 6
15800 12 12 4
15801 16 15 5
15802 13 13 5
15803 11 10 4
15804 12 11 5
15805 11 10 6
15806 12 12 4
15807 12 11 5
15808 19 18 6
15809 16 15 5
15810 17 16 4
15811 26 25 5
15812 7 6 5
15813 9 9 5
15814 15 15 5
15815 21 20 6
15816 20 20 6
15817 18 18 6
15818 18 18 6
15819 16 16 6
15820 12 12 4
15821 12 11 5
15822 15 14 6
15823 14 14 6
15824 16 16 6
15825 18 18 4
15826 10 9 5
15827 17 16 6
15828 10 9 5
15829 11 10 4
15830 24 23 5
15831 13 13 5
15832 15 14 4
15833 16 15 5
15834 15 15 5
15835 15 14 6
15836 14 13 7
15837 13 12 6
15838 12 12 6
15839 16 15 7
15840 17 16 4
15841 10 9 5
15842 15 15 5
15843 9 9 5
15844 13 13 5
15845 19 19 7
15846 13 12 4
15847 14 13 5
15848 19 18 6
15849 10 9 5
15850 15 14 6
15851 10 9 5
15852 15 14 6
15853 8 8 4
15854 10 9 5
15855 29 29 9
15856 9 8 4
15857 12 11 5
15858 15 14 6
15859 14 14 6
15860 12 11 5
15861 13 12 4
15862 26 25 7
15863 11 10 4
15864 10 9 5
15865 13 12 4
15866 10 9 5
15867 7 6 5
15868 11 11 5
15869 11 11 5
15870 25 24 10
15871 12 11 5
15872 21 20 6
15873 8 8 4
15874 12 11 5
15875 11 10 6
15876 10 10 6
15877 24 23 5
15878 13 13 5
15879 21 20 8
15880 8 8 4
15881 14 13 5
15882 19 18 6
15883 8 8 4
15884 10 9 5
15885 13 12 6
15886 26 26 6
15887 10 9 5
15888 7 6 5
15889 15 14 6
15890 10 9 5
15891 11 10 4
15892 24 23 7
15893 21 20 4
15894 42 41 5
15895 27 26 4
15896 14 13 5
15897 19 19 5
15898 17 16 6
15899 16 15 5
15900 13 12 4
15901 34 33 5
15902 9 8 4
15903 20 19 5
15904 15 14 4
15905 26 25 5
15906 21 20 4
15907 38 37 5
15908 19 18 4
15909 30 29 5
15910 23 22 4
15911 18 17 5
15912 19 19 5
15913 23 22 4
15914 34 33 5
15915 23 22 4
15916 22 21 5
15917 37 36 4
15918 24 23 5
15919 19 18 4
15920 16 15 5
15921 33 32 6
15922 28 27 5
15923 21 20 6
15924 22 22 4
15925 24 23 5
15926 27 26 4
15927 20 19 5
15928 19 19 5
15929 15 14 4
15930 14 13 5
15931 17 16 4
15932 24 23 5
15933 19 18 4
15934 22 21 5
15935 29 28 10
15936 16 16 4
15937 20 19 5
15938 19 18 4
15939 28 27 5
15940 17 16 4
15941 14 13 5
15942 23 22 4
15943 24 23 5
15944 25 24 4
15945 14 13 5
15946 21 20 4
15947 20 19 5
15948 17 17 5
15949 15 14 6
15950 10 10 4
15951 20 19 7
15952 23 22 6
15953 16 15 5
15954 23 23 9
15955 15 15 5
15956 29 28 8
15957 24 23 9
15958 13 12 6
15959 20 20 6
15960 30 30 6
15961 22 21 11
15962 19 19 7
15963 19 19 5
15964 17 17 5
15965 21 21 5
15966 23 22 6
15967 20 19 7
15968 15 14 6
15969 12 11 5
15970 21 20 6
15971 22 22 10
15972 18 18 6
15973 20 20 6
15974 28 28 8
15975 20 20 6
15976 16 16 6
15977 20 19 7
15978 23 22 6
15979 18 17 7
15980 15 14 4
15981 18 17 7
15982 21 20 8
15983 16 16 4
15984 20 19 5
15985 11 10 4
15986 14 13 5
15987 23 22 6
15988 16 16 6
15989 20 20 6
15990 16 15 5
15991 13 13 5
15992 13 12 4
15993 14 13 5
15994 29 29 7
15995 27 26 6
15996 22 21 9
15997 13 13 5
15998 25 24 8
15999 16 16 6
16000 14 14 4
16001 14 13 5
16002 15 14 6
16003 12 12 6
16004 14 14 6
16005 16 16 6
16006 14 14 4
16007 10 9 5
16008 17 16 6
16009 12 11 5
16010 21 20 6
16011 14 14 6
16012 16 15 5
16013 19 18 6
16014 12 12 6
16015 10 10 4
16016 22 21 7
16017 9 8 4
16018 22 21 5
16019 11 10 4
16020 20 19 7
16021 15 14 4
16022 18 17 7
16023 17 16 4
16024 14 13 5
16025 13 12 6
16026 16 16 4
16027 16 15 5
16028 11 10 4
16029 12 11 5
16030 15 15 7
16031 13 12 4
16032 10 9 5
16033 11 11 5
16034 15 15 7
16035 11 11 5
16036 27 26 8
16037 18 18 6
16038 16 16 6
16039 14 13 5
16040 7 6 5
16041 15 14 6
16042 14 14 6
16043 18 18 6
16044 10 10 6
16045 14 14 4
16046 16 15 7
16047 21 20 6
16048 12 11 5
16049 15 15 7
16050 19 18 6
16051 16 16 4
16052 14 13 5
16053 17 17 7
16054 11 10 6
16055 16 16 4
16056 10 9 5
16057 15 14 6
16058 10 9 5
16059 23 22 4
16060 12 11 5
16061 15 15 7
16062 9 9 5
16063 13 12 6
16064 8 8 8
16065 13 12 4
16066 18 17 9
16067 15 14 4
16068 10 9 5
16069 13 13 5
16070 9 9 5
16071 15 14 4
16072 16 15 5
16073 11 11 5
16074 11 11 5
16075 13 13 7
16076 7 6 5
16077 13 13 5
16078 11 11 5
16079 11 11 5
16080 11 11 5
16081 13 12 6
16082 16 15 7
16083 15 15 5
16084 13 12 6
16085 12 11 5
16086 15 15 5
16087 13 12 6
16088 18 18 8
16089 18 18 6
16090 14 14 6
16091 6 5 4
16092 18 17 5
16093 17 16 6
16094 18 18 6
16095 14 14 6
16096 14 14 6
16097 8 8 4
16098 10 9 5
16099 13 12 4
16100 20 19 5
16101 7 7 7
16102 12 12 4
16103 10 9 5
16104 11 11 5
16105 7 6 5
16106 17 17 5
16107 15 15 5
16108 19 19 7
16109 9 8 4
16110 14 13 5
16111 11 11 7
16112 13 12 4
16113 12 11 5
16114 11 11 5
16115 11 11 5
16116 13 12 8
16117 10 10 4
16118 14 13 5
16119 11 11 7
16120 13 12 4
16121 20 19 7
16122 23 22 4
16123 12 11 5
16124 11 10 4
16125 6 5 4
16126 12 11 5
16127 19 18 6
16128 16 16 6
16129 10 9 5
16130 13 12 6
16131 6 6 6
16132 13 12 6
16133 12 11 5
16134 11 11 5
16135 15 15 5
16136 13 13 7
16137 15 14 6
16138 14 14 6
16139 12 12 6
16140 14 13 5
16141 15 14 4
16142 14 13 7
16143 15 14 4
16144 14 13 5
16145 13 12 6
16146 14 14 6
16147 10 10 4
16148 10 9 5
16149 11 11 5
16150 7 6 5
16151 17 16 6
16152 16 15 5
16153 19 18 6
16154 12 12 4
16155 16 15 7
16156 19 19 5
16157 13 12 6
16158 14 14 6
16159 16 16 6
16160 12 11 7
16161 21 20 6
16162 16 16 6
16163 12 12 6
16164 6 6 6
16165 17 16 6
16166 14 13 5
16167 15 15 5
16168 15 14 4
16169 16 15 7
16170 15 14 4
16171 14 13 5
16172 17 17 7
16173 15 14 4
16174 18 17 5
16175 11 10 4
16176 12 11 5
16177 11 11 5
16178 13 12 4
16179 18 17 7
16180 13 13 5
16181 13 12 6
16182 18 18 4
16183 16 15 5
16184 13 12 4
16185 26 25 5
16186 23 22 4
16187 32 31 5
16188 21 20 4
16189 14 13 5
16190 33 32 4
16191 14 13 5
16192 19 18 4
16193 16 15 5
16194 11 11 5
16195 17 16 4
16196 16 15 5
16197 17 16 6
16198 10 10 4
16199 16 15 5
16200 21 20 4
16201 20 19 5
16202 21 20 6
16203 16 16 4
16204 22 21 5
16205 11 10 4
16206 10 9 5
16207 13 12 4
16208 22 21 5
16209 19 18 6
16210 18 18 4
16211 32 31 5
16212 21 20 4
16213 22 21 5
16214 23 22 4
16215 14 13 5
16216 17 16 4
16217 14 13 5
16218 21 20 4
16219 24 23 5
16220 15 14 4
16221 20 19 5
16222 11 11 5
16223 15 14 4
16224 24 23 5
16225 13 13 5
16226 17 16 6
16227 18 18 4
16228 12 11 5
16229 15 14 4
16230 28 27 5
16231 21 20 6
16232 20 19 7
16233 21 21 5
16234 11 10 4
16235 22 21 5
16236 21 20 4
16237 30 29 5
16238 11 10 4
16239 14 13 5
16240 19 19 7
16241 33 32 4
16242 16 15 5
16243 15 14 6
16244 22 21 5
16245 13 12 4
16246 18 17 7
16247 19 18 6
16248 30 30 10
16249 26 26 10
16250 12 12 6
16251 22 22 6
16252 18 17 5
16253 29 28 4
16254 14 13 5
16255 21 20 6
16256 16 16 6
16257 26 26 8
16258 16 16 4
16259 12 11 5
16260 27 26 8
16261 16 16 4
16262 14 13 5
16263 15 14 8
16264 18 18 6
16265 26 26 6
16266 16 16 6
16267 12 12 4
16268 14 13 5
16269 17 17 9
16270 15 15 5
16271 13 13 5
16272 11 10 4
16273 16 15 7
16274 21 21 5
16275 23 23 5
16276 21 20 8
16277 10 9 5
16278 27 26 8
16279 14 13 5
16280 23 22 6
16281 26 25 13
16282 17 16 6
16283 18 18 8
16284 14 13 5
16285 17 16 6
16286 20 19 5
16287 5 5 5
16288 14 13 7
16289 19 19 5
16290 5 5 5
16291 14 13 5
16292 19 18 6
16293 12 11 7
16294 19 18 6
16295 8 8 4
16296 10 9 5
16297 11 11 5
16298 17 17 7
16299 15 15 5
16300 21 21 5
16301 11 11 5
16302 15 14 4
16303 6 5 4
16304 10 9 5
16305 13 13 7
16306 17 16 6
16307 16 16 4
16308 18 17 7
16309 21 21 5
16310 19 18 6
16311 14 14 4
16312 16 15 5
16313 17 16 4
16314 10 9 5
16315 9 8 4
16316 10 9 5
16317 15 14 6
16318 6 6 6
16319 17 16 6
16320 16 15 5
16321 17 16 6
16322 18 17 7
16323 23 22 6
16324 20 20 6
16325 12 12 4
16326 14 13 5
16327 21 20 8
16328 6 6 6
16329 19 18 6
16330 20 19 5
16331 13 12 4
16332 22 21 7
16333 17 16 6
16334 24 23 7
16335 19 18 6
16336 14 13 5
16337 21 21 5
16338 11 11 5
16339 13 13 5
16340 11 11 5
16341 17 17 5
16342 15 14 4
16343 10 9 5
16344 17 17 7
16345 19 18 6
16346 10 10 4
16347 22 21 5
16348 13 13 5
16349 15 15 5
16350 21 21 5
16351 17 16 4
16352 20 19 5
16353 15 14 4
16354 14 13 5
16355 17 16 4
16356 16 15 5
16357 13 12 4
16358 20 19 5
16359 13 12 4
16360 12 11 5
16361 21 20 4
16362 18 17 7
16363 15 14 4
16364 14 13 5
16365 13 12 4
16366 14 13 5
16367 15 14 4
16368 6 5 4
16369 14 13 7
16370 17 16 4
16371 24 23 5
16372 17 16 6
16373 12 12 4
16374 10 9 5
16375 13 12 4
16376 12 11 5
16377 15 15 7
16378 25 24 6
16379 14 14 6
16380 14 14 6
16381 10 10 4
16382 12 11 5
16383 13 13 7
16384 13 12 4
16385 12 11 5
16386 15 14 4
16387 18 17 7
16388 13 13 5
16389 9 8 4
16390 30 29 7
16391 17 16 4
16392 20 19 7
16393 13 12 4
16394 14 13 5
16395 11 11 5
16396 19 18 6
16397 6 6 6
16398 17 17 5
16399 11 11 5
16400 17 16 6
16401 14 14 4
16402 12 11 5
16403 13 13 5
16404 19 18 6
16405 26 26 6
16406 14 14 4
16407 12 11 5
16408 9 8 4
16409 14 13 5
16410 17 17 5
16411 15 15 7
16412 17 16 6
16413 14 14 4
16414 12 11 5
16415 13 12 4
16416 12 11 5
16417 17 16 8
16418 14 14 4
16419 10 9 5
16420 11 10 4
16421 12 11 7
16422 17 16 8
16423 10 10 6
16424 12 12 4
16425 16 15 5
16426 13 12 4
16427 10 9 5
16428 11 10 6
16429 8 8 8
16430 11 11 5
16431 9 9 5
16432 7 6 5
16433 19 18 6
16434 16 15 5
16435 5 5 5
16436 18 17 5
16437 7 7 7
16438 14 13 5
16439 13 12 6
16440 14 14 8
16441 12 12 6
16442 16 16 4
16443 14 13 5
16444 9 8 4
16445 10 9 5
16446 15 14 6
16447 12 11 5
16448 13 13 5
16449 7 6 5
16450 13 13 5
16451 11 10 6
16452 14 14 6
16453 10 10 6
16454 14 14 6
16455 6 6 6
16456 19 19 7
16457 9 9 5
16458 13 12 4
16459 16 15 7
16460 7 6 5
16461 11 10 4
16462 10 9 5
16463 11 11 5
16464 11 10 6
16465 14 14 8
16466 8 8 4
16467 10 9 5
16468 11 11 5
16469 11 10 6
16470 10 9 5
16471 9 9 5
16472 15 14 6
16473 12 12 6
16474 10 10 6
16475 12 12 6
16476 10 10 6
16477 12 12 6
16478 8 7 6
16479 12 12 6
16480 12 12 6
16481 14 14 4
16482 6 5 4
16483 10 9 5
16484 5 5 5
16485 14 13 7
16486 5 5 5
16487 10 9 5
16488 13 13 7
16489 11 10 6
16490 12 12 6
16491 12 12 6
16492 8 7 6
16493 8 8 4
16494 12 11 5
16495 17 16 4
16496 12 11 5
16497 23 22 6
16498 12 12 6
16499 14 14 6
16500 6 6 6
16501 13 12 6
16502 10 9 5
16503 13 13 7
16504 15 14 6
16505 10 10 4
16506 6 5 4
16507 20 19 7
16508 5 5 5
16509 12 11 7
16510 15 14 4
16511 20 19 5
16512 13 12 6
16513 10 9 5
16514 9 9 5
16515 11 10 4
16516 14 13 5
16517 23 23 7
16518 17 16 6
16519 26 26 4
16520 18 17 5
16521 11 10 4
16522 8 7 6
16523 12 12 4
16524 6 5 4
16525 10 9 5
16526 13 12 4
16527 14 13 7
16528 13 13 5
16529 7 6 5
16530 9 8 4
16531 10 9 5
16532 9 9 5
16533 15 14 8
16534 14 14 6
16535 10 10 6
16536 12 12 4
16537 14 13 7
16538 11 11 7
16539 11 10 6
16540 16 16 6
16541 26 26 6
16542 20 20 4
16543 20 19 5
16544 15 14 4
16545 10 9 5
16546 11 10 6
16547 18 18 4
16548 10 9 5
16549 17 16 4
16550 14 13 5
16551 15 15 5
16552 11 10 4
16553 10 9 5
16554 17 17 5
16555 13 12 4
16556 48 47 5
16557 39 38 4
16558 26 25 5
16559 9 8 4
16560 18 17 5
16561 15 15 5
16562 19 18 4
16563 18 17 5
16564 13 12 4
16565 24 23 7
16566 13 12 4
16567 12 11 5
16568 17 16 6
16569 14 14 4
16570 18 17 5
16571 21 20 6
16572 10 10 4
16573 20 19 7
16574 9 9 5
16575 13 13 5
16576 19 18 4
16577 20 19 5
16578 13 13 5
16579 17 17 7
16580 17 16 6
16581 16 15 5
16582 13 13 5
16583 13 12 4
16584 20 19 5
16585 13 12 4
16586 20 19 7
16587 13 12 4
16588 12 11 5
16589 19 18 4
16590 12 11 5
16591 17 16 4
16592 10 9 5
16593 13 13 5
16594 7 6 5
16595 21 20 8
16596 16 16 6
16597 24 24 6
16598 10 10 4
16599 16 15 5
16600 11 10 6
16601 16 16 4
16602 12 11 5
16603 17 16 6
16604 10 9 5
16605 19 18 6
16606 6 6 6
16607 15 14 6
16608 6 6 6
16609 15 14 6
16610 12 11 5
16611 15 15 5
16612 15 15 5
16613 21 20 6
16614 20 20 6
16615 10 9 5
16616 11 10 4
16617 28 27 7
16618 19 18 6
16619 12 11 5
16620 17 16 4
16621 26 25 7
16622 13 12 4
16623 18 17 5
16624 15 15 5
16625 13 13 7
16626 13 13 5
16627 13 13 5
16628 11 10 6
16629 16 16 6
16630 14 13 5
16631 17 17 5
16632 11 10 4
16633 18 17 7
16634 19 19 5
16635 15 15 5
16636 13 13 5
16637 7 7 7
16638 18 18 6
16639 12 12 6
16640 10 10 6
16641 22 21 7
16642 17 16 4
16643 16 15 5
16644 5 5 5
16645 10 9 5
16646 7 6 5
16647 11 10 6
16648 14 14 6
16649 10 9 5
16650 13 13 7
16651 19 18 4
16652 14 13 5
16653 9 9 5
16654 19 19 5
16655 15 15 5
16656 19 18 4
16657 12 11 5
16658 11 10 6
16659 18 18 6
16660 12 12 6
16661 14 14 6
16662 22 21 5
16663 13 12 6
16664 12 12 6
16665 6 5 4
16666 16 15 7
16667 7 6 5
16668 11 10 4
16669 16 15 7
16670 9 8 4
16671 6 5 4
16672 16 15 7
16673 11 10 6
16674 10 10 4
16675 12 11 5
16676 9 8 4
16677 12 11 5
16678 19 19 7
16679 9 8 4
16680 6 5 4
16681 12 11 5
16682 13 12 8
16683 14 14 6
16684 16 16 6
16685 16 15 5
16686 9 9 5
16687 11 10 4
16688 12 11 5
16689 11 10 6
16690 18 18 6
16691 18 17 5
16692 13 12 4
16693 14 13 5
16694 15 15 5
16695 9 8 4
16696 10 9 5
16697 11 11 5
16698 9 9 5
16699 13 12 4
16700 16 15 5
16701 21 20 8
16702 12 12 8
16703 8 8 4
16704 12 11 5
16705 13 13 5
16706 9 9 5
16707 13 12 4
16708 10 9 5
16709 15 14 4
16710 12 11 5
16711 13 13 7
16712 9 8 4
16713 14 13 5
16714 11 10 6
16715 10 10 4
16716 6 5 4
16717 10 9 5
16718 13 13 5
16719 15 15 7
16720 7 6 5
16721 9 9 5
16722 13 12 6
16723 10 10 4
16724 10 9 5
16725 11 11 5
16726 9 9 5
16727 17 17 5
16728 7 7 7
16729 10 10 4
16730 6 5 4
16731 14 13 7
16732 11 11 5
16733 11 11 5
16734 11 10 6
16735 12 12 4
16736 14 13 5
16737 13 13 5
16738 17 16 6
16739 10 10 6
16740 22 22 4
16741 14 13 5
16742 19 18 6
16743 14 14 4
16744 20 19 5
16745 7 6 5
16746 13 12 6
16747 10 10 6
16748 16 16 6
16749 18 18 4
16750 18 17 5
16751 7 7 7
16752 14 14 6
16753 14 14 6
16754 16 16 4
16755 18 17 5
16756 9 8 4
16757 20 19 5
16758 13 13 5
16759 11 11 5
16760 13 12 4
16761 16 15 5
16762 15 14 4
16763 12 11 5
16764 13 12 6
16765 12 12 6
16766 10 10 6
16767 20 19 5
16768 11 10 6
16769 8 7 6
16770 14 14 6
16771 14 14 6
16772 8 8 4
16773 12 11 5
16774 15 14 8
16775 14 14 4
16776 12 11 5
16777 23 22 4
16778 18 17 5
16779 9 9 5
16780 9 9 5
16781 9 8 4
16782 12 11 5
16783 15 14 6
16784 18 17 5
16785 15 14 4
16786 10 9 5
16787 13 12 4
16788 16 15 7
16789 15 14 6
16790 18 18 6
16791 10 10 4
16792 16 15 5
16793 11 11 7
16794 17 16 6
16795 10 9 5
16796 11 10 4
16797 10 9 5
16798 15 14 4
16799 8 7 6
16800 10 10 6
16801 14 14 6
16802 6 5 4
16803 20 19 7
16804 11 11 7
16805 15 14 4
16806 10 9 5
16807 15 14 6
16808 12 12 6
16809 12 12 6
16810 14 14 4
16811 10 9 5
16812 9 8 7
16813 15 14 6
16814 8 8 4
16815 12 11 7
16816 11 11 5
16817 13 13 7
16818 11 10 4
16819 18 17 7
16820 15 14 4
16821 10 9 5
16822 11 11 5
16823 9 8 4
16824 10 9 8
16825 12 12 6
16826 10 9 5
16827 13 12 6
16828 18 18 6
16829 10 10 6
16830 8 8 4
16831 12 11 7
16832 7 6 5
16833 13 13 7
16834 5 5 5
16835 10 9 5
16836 17 16 6
16837 12 12 6
16838 14 13 7
16839 15 14 6
16840 12 12 4
16841 8 7 6
16842 10 10 6
16843 10 10 6
16844 8 7 6
16845 14 14 6
16846 6 5 4
16847 12 11 7
16848 13 12 6
16849 12 12 6
16850 10 10 6
16851 12 12 6
16852 12 11 5
16853 13 13 5
16854 11 11 5
16855 11 11 5
16856 13 13 5
16857 7 6 5
16858 17 17 7
16859 9 8 4
16860 14 13 5
16861 11 11 5
16862 19 19 7
16863 13 12 6
16864 12 12 6
16865 6 6 6
16866 13 12 6
16867 10 10 6
16868 12 12 6
16869 8 8 4
16870 20 19 7
16871 9 9 5
16872 15 14 6
16873 6 6 6
16874 9 8 4
16875 8 7 6
16876 16 16 6
16877 6 5 4
16878 18 17 5
16879 11 10 4
16880 12 11 5
16881 13 12 6
16882 12 12 8
16883 10 10 6
16884 10 9 5
16885 15 14 6
16886 12 12 6
16887 18 18 4
16888 12 11 5
16889 9 8 7
16890 11 10 6
16891 14 14 6
16892 22 22 6
16893 20 20 4
16894 18 17 5
16895 15 15 5
16896 13 12 4
16897 12 11 5
16898 9 9 5
16899 7 6 5
16900 11 10 6
16901 10 10 6
16902 12 12 4
16903 8 7 6
16904 8 8 4
16905 12 11 5
16906 9 9 5
16907 17 17 7
16908 13 13 5
16909 15 15 5
16910 17 16 6
16911 12 12 4
16912 10 9 5
16913 11 11 5
16914 13 12 6
16915 8 8 4
16916 10 9 5
16917 13 12 6
16918 32 32 8
16919 12 11 5
16920 9 8 4
16921 10 9 5
16922 17 16 6
16923 18 18 6
16924 10 9 5
16925 27 26 4
16926 16 15 5
16927 27 26 4
16928 12 11 5
16929 9 8 4
16930 14 13 5
16931 9 8 4
16932 18 17 5
16933 13 13 5
16934 13 13 5
16935 17 16 6
16936 12 12 4
16937 16 15 7
16938 9 8 4
16939 26 25 5
16940 15 15 5
16941 13 12 4
16942 16 15 5
16943 15 14 4
16944 14 13 5
16945 15 14 6
16946 12 12 6
16947 16 16 6
16948 16 15 5
16949 15 14 6
16950 12 12 4
16951 14 13 5
16952 17 17 5
16953 17 17 7
16954 7 6 5
16955 9 8 4
16956 12 11 5
16957 11 10 6
16958 16 15 5
16959 15 15 5
16960 11 11 5
16961 11 11 5
16962 11 10 4
16963 18 17 5
16964 5 5 5
16965 14 13 5
16966 19 19 7
16967 29 28 8
16968 6 6 6
16969 9 8 4
16970 12 11 5
16971 7 6 5
16972 9 9 5
16973 19 18 8
16974 14 14 4
16975 24 23 7
16976 17 16 4
16977 10 9 5
16978 15 14 6
16979 20 20 4
16980 34 33 5
16981 23 22 4
16982 22 21 5
16983 7 6 5
16984 9 8 4
16985 14 13 5
16986 35 34 6
16987 30 30 4
16988 18 17 5
16989 19 18 4
16990 10 9 5
16991 15 14 6
16992 28 27 5
16993 33 32 4
16994 24 23 5
16995 21 20 6
16996 20 20 4
16997 16 15 5
16998 25 24 4
16999 28 27 5
17000 19 18 4
17001 22 21 5
17002 15 14 4
17003 22 21 5
17004 19 18 6
17005 24 24 6
17006 26 26 8
17007 24 23 7
17008 19 19 5
17009 23 23 5
17010 27 26 4
17011 22 21 5
17012 21 21 5
17013 11 10 4
17014 30 29 7
17015 33 32 6
17016 32 31 5
17017 39 38 6
17018 34 34 8
17019 12 12 4
17020 28 27 5
17021 25 25 5
17022 17 17 5
17023 25 24 8
17024 16 16 4
17025 28 27 5
17026 25 24 8
17027 22 22 6
17028 16 16 4
17029 20 19 5
17030 17 16 4
17031 24 23 5
17032 17 16 6
17033 16 16 4
17034 14 13 5
17035 21 20 6
17036 18 18 6
17037 14 14 4
17038 14 13 5
17039 17 16 4
17040 22 21 5
17041 27 26 8
17042 10 10 4
17043 12 11 5
17044 17 16 8
17045 18 18 6
17046 16 15 5
17047 13 13 5
17048 17 17 7
17049 13 13 5
17050 11 11 5
17051 13 13 5
17052 7 6 5
17053 19 18 6
17054 18 18 8
17055 10 9 5
17056 13 12 6
17057 20 20 6
17058 14 13 5
17059 19 19 5
17060 11 11 5
17061 11 10 6
17062 14 14 6
17063 16 16 4
17064 22 21 5
17065 15 15 7
17066 13 12 4
17067 14 13 5
17068 9 9 5
17069 17 16 6
17070 20 20 6
17071 16 16 6
17072 10 10 4
17073 14 13 5
17074 19 19 5
17075 17 16 6
17076 14 14 6
17077 10 9 5
17078 11 10 4
17079 18 17 5
17080 13 12 6
17081 12 12 6
17082 8 8 4
17083 16 15 5
17084 19 19 9
17085 21 20 6
17086 14 13 5
17087 9 9 5
17088 19 18 8
17089 10 10 4
17090 18 17 7
17091 9 8 4
17092 14 13 5
17093 11 10 6
17094 14 14 8
17095 10 10 6
17096 12 12 6
17097 22 22 6
17098 16 15 5
17099 7 6 5
17100 15 14 6
17101 10 10 6
17102 18 18 6
17103 18 17 7
17104 13 12 4
17105 20 19 5
17106 7 6 5
17107 11 10 4
17108 14 13 5
17109 11 10 6
17110 12 11 5
17111 13 12 6
17112 12 12 4
17113 14 13 5
17114 11 11 5
17115 9 9 5
17116 11 10 4
17117 12 11 7
17118 15 14 6
17119 10 10 6
17120 14 14 4
17121 10 9 5
17122 13 13 7
17123 7 6 5
17124 13 12 4
17125 10 9 5
17126 17 17 7
17127 9 8 4
17128 14 13 7
17129 7 6 5
17130 9 8 4
17131 8 7 6
17132 10 9 5
17133 11 11 7
17134 15 14 6
17135 14 13 5
17136 11 10 4
17137 12 11 5
17138 11 10 6
17139 10 9 5
17140 7 7 7
17141 14 13 5
17142 15 14 6
17143 10 10 4
17144 14 13 7
17145 15 14 6
17146 20 20 8
17147 6 6 6
17148 9 8 4
17149 10 9 5
17150 15 15 7
17151 11 11 5
17152 19 18 6
17153 14 13 5
17154 15 15 5
17155 7 6 5
17156 11 11 5
17157 11 11 7
17158 13 12 6
17159 6 6 6
17160 27 27 7
17161 5 5 5
17162 10 9 5
17163 13 13 5
17164 13 12 6
17165 16 16 8
17166 8 8 4
17167 12 11 5
17168 11 11 5
17169 13 13 5
17170 19 18 6
17171 10 10 6
17172 10 10 6
17173 16 16 6
17174 24 24 4
17175 14 13 7
17176 7 6 5
17177 21 21 5
17178 17 16 6
17179 8 8 4
17180 6 5 4
17181 20 19 5
17182 11 10 6
17183 8 8 4
17184 10 9 5
17185 9 9 5
17186 13 12 6
17187 14 14 6
17188 10 9 5
17189 9 8 4
17190 12 11 7
17191 13 12 8
17192 8 8 4
17193 14 13 5
17194 11 11 5
17195 17 16 6
17196 18 18 6
17197 12 12 6
17198 10 10 4
17199 10 9 5
17200 17 17 5
17201 15 14 4
17202 12 11 5
17203 17 16 6
17204 10 9 5
17205 9 9 5
17206 9 9 5
17207 13 12 4
17208 6 5 4
17209 22 21 7
17210 9 8 4
17211 18 17 5
17212 15 14 6
17213 14 14 6
17214 6 6 6
17215 11 10 6
17216 12 12 4
17217 18 17 7
17218 17 17 5
17219 17 16 6
17220 16 15 5
17221 9 9 5
17222 9 8 4
17223 10 9 5
17224 15 14 6
17225 18 17 5
17226 15 15 5
17227 15 15 5
17228 15 14 4
17229 10 9 5
17230 13 12 6
17231 6 6 6
17232 13 12 6
17233 10 10 4
17234 30 29 5
17235 15 14 4
17236 16 15 5
17237 11 10 4
17238 12 11 5
17239 13 13 5
17240 15 14 4
17241 18 17 5
17242 35 34 4
17243 20 19 5
17244 13 12 4
17245 16 15 5
17246 13 12 4
17247 16 15 5
17248 23 22 4
17249 12 11 5
17250 19 18 4
17251 14 13 5
17252 21 20 4
17253 14 13 5
17254 15 14 4
17255 28 27 5
17256 15 15 5
17257 17 16 4
17258 14 13 5
17259 17 16 6
17260 14 14 4
17261 18 17 5
17262 23 23 7
17263 7 6 5
17264 17 16 4
17265 16 15 5
17266 11 10 4
17267 12 11 5
17268 23 22 4
17269 24 23 5
17270 15 14 4
17271 16 15 5
17272 17 16 4
17273 12 11 5
17274 11 10 4
17275 18 17 5
17276 17 16 4
17277 14 13 5
17278 15 14 4
17279 12 11 5
17280 15 14 6
17281 14 14 4
17282 22 21 5
17283 17 17 5
17284 17 16 4
17285 20 19 5
17286 11 10 4
17287 18 17 5
17288 21 21 7
17289 17 16 4
17290 28 27 5
17291 13 12 4
17292 12 11 5
17293 21 20 4
17294 18 17 5
17295 17 16 6
17296 22 22 6
17297 18 17 5
17298 13 13 5
17299 19 18 4
17300 18 17 5
17301 13 12 4
17302 16 15 5
17303 21 21 7
17304 13 12 4
17305 20 19 5
17306 21 20 6
17307 18 17 5
17308 21 21 9
17309 21 21 5
17310 29 28 6
17311 14 14 4
17312 18 17 5
17313 17 16 4
17314 10 9 5
17315 13 12 4
17316 12 11 5
17317 13 13 5
17318 11 11 5
17319 15 14 4
17320 16 15 5
17321 15 14 4
17322 14 13 7
17323 25 24 6
17324 10 10 4
17325 20 19 5
17326 15 14 8
17327 14 14 4
17328 16 15 5
17329 13 13 5
17330 15 14 6
17331 12 11 5
17332 17 17 7
17333 11 10 4
17334 24 23 7
17335 19 18 6
17336 18 18 6
17337 18 17 7
17338 11 10 4
17339 12 11 5
17340 13 12 6
17341 10 10 4
17342 16 15 9
17343 9 8 4
17344 18 17 7
17345 15 14 4
17346 6 5 4
17347 12 11 5
17348 11 11 5
17349 15 15 5
17350 11 11 7
17351 7 6 5
17352 15 14 6
17353 6 6 6
17354 9 9 5
17355 19 18 4
17356 14 13 5
17357 13 12 6
17358 6 6 6
17359 17 16 8
17360 8 8 4
17361 14 13 5
17362 17 17 5
17363 11 11 5
17364 9 9 5
17365 17 16 8
17366 10 10 6
17367 8 8 4
17368 8 7 6
17369 14 14 6
17370 12 12 6
17371 12 12 6
17372 8 8 4
17373 12 11 5
17374 15 15 7
17375 13 12 6
17376 16 16 6
17377 14 14 6
17378 14 13 5
17379 21 20 6
17380 10 10 6
17381 12 12 4
17382 12 11 7
17383 11 10 4
17384 8 7 6
17385 20 19 9
17386 9 8 4
17387 18 17 7
17388 11 10 6
17389 10 10 4
17390 14 13 7
17391 11 11 5
17392 19 19 7
17393 13 12 4
17394 12 11 5
17395 17 17 5
17396 11 11 5
17397 13 12 8
17398 8 8 4
17399 6 5 4
17400 16 15 5
17401 17 16 8
17402 8 8 4
17403 14 13 7
17404 11 10 6
17405 10 9 5
17406 13 13 7
17407 9 8 4
17408 20 19 7
17409 13 12 6
17410 14 13 5
17411 11 10 4
17412 14 13 7
17413 11 10 4
17414 16 15 5
17415 11 11 5
17416 11 10 4
17417 16 15 5
17418 11 10 6
17419 12 12 8
17420 12 12 6
17421 8 8 4
17422 18 17 9
17423 9 8 4
17424 18 17 5
17425 11 11 5
17426 11 10 6
17427 10 10 6
17428 8 7 6
17429 6 6 6
17430 15 14 4
17431 14 13 7
17432 11 11 5
17433 11 10 6
17434 10 10 6
17435 12 12 4
17436 10 9 5
17437 15 15 7
17438 19 19 5
17439 13 13 5
17440 27 26 8
17441 8 8 4
17442 12 11 5
17443 15 15 5
17444 17 16 6
17445 12 11 5
17446 15 14 4
17447 12 11 5
17448 17 17 7
17449 9 8 4
17450 18 17 5
17451 5 5 5
17452 14 13 7
17453 13 13 5
17454 13 13 5
17455 19 18 8
17456 8 8 4
17457 16 15 5
17458 19 19 5
17459 11 10 4
17460 10 9 5
17461 19 19 5
17462 15 15 5
17463 9 8 4
17464 14 13 5
17465 19 18 6
17466 20 20 6
17467 18 18 4
17468 18 17 7
17469 13 12 6
17470 14 14 4
17471 14 13 5
17472 21 20 4
17473 20 19 5
17474 15 14 4
17475 12 11 5
17476 17 17 5
17477 19 18 6
17478 16 16 4
17479 18 17 5
17480 15 14 6
17481 8 8 4
17482 24 23 5
17483 23 23 5
17484 11 10 4
17485 22 21 7
17486 11 10 4
17487 18 17 5
17488 13 12 4
17489 26 25 7
17490 15 14 6
17491 22 22 6
17492 10 10 4
17493 12 11 5
17494 9 9 5
17495 13 13 5
17496 11 11 5
17497 9 9 5
17498 13 12 4
17499 14 13 5
17500 13 12 6
17501 14 13 5
17502 13 12 4
17503 16 15 7
17504 17 17 7
17505 17 16 6
17506 14 14 4
17507 16 15 7
17508 11 11 5
17509 17 16 6
17510 12 12 6
17511 10 10 4
17512 12 11 5
17513 13 12 6
17514 6 6 6
17515 13 13 5
17516 9 8 4
17517 14 13 7
17518 9 8 4
17519 8 7 6
17520 22 22 6
17521 12 11 7
17522 11 10 6
17523 8 8 4
17524 12 11 7
17525 11 10 4
17526 12 11 5
17527 7 6 5
17528 13 13 5
17529 7 7 7
17530 16 16 6
17531 10 10 4
17532 14 13 5
17533 11 11 5
17534 9 9 5
17535 23 22 4
17536 22 21 5
17537 15 14 6
17538 16 16 6
17539 20 20 4
17540 24 23 5
17541 7 6 5
17542 15 14 6
17543 10 10 6
17544 10 9 5
17545 9 9 5
17546 9 9 5
17547 17 17 5
17548 9 9 5
17549 17 16 6
17550 26 25 5
17551 21 21 5
17552 29 28 4
17553 12 11 5
17554 17 16 4
17555 18 17 5
17556 23 22 4
17557 22 21 5
17558 17 16 4
17559 20 19 5
17560 9 8 4
17561 18 17 5
17562 13 12 4
17563 10 9 5
17564 17 16 4
17565 6 5 4
17566 18 17 5
17567 21 20 4
17568 12 11 5
17569 11 11 5
17570 13 12 4
17571 14 13 5
17572 15 15 7
17573 23 22 8
17574 18 18 6
17575 16 16 6
17576 12 12 6
17577 14 14 4
17578 18 17 5
17579 15 15 9
17580 15 14 6
17581 14 13 5
17582 11 10 4
17583 12 11 5
17584 13 12 4
17585 10 9 5
17586 17 17 7
17587 13 13 5
17588 17 16 6
17589 10 10 4
17590 6 5 4
17591 16 15 5
17592 17 16 8
17593 14 14 6
17594 8 7 6
17595 20 20 4
17596 14 13 5
17597 17 16 6
17598 16 16 8
17599 24 23 7
17600 15 14 6
17601 8 8 4
17602 10 9 5
17603 11 10 4
17604 16 15 7
17605 13 13 7
17606 9 8 4
17607 16 15 5
17608 19 19 5
17609 15 15 7
17610 15 14 4
17611 10 9 5
17612 17 17 7
17613 25 25 7
17614 11 11 7
17615 15 14 4
17616 12 11 5
17617 15 14 4
17618 12 11 5
17619 17 16 4
17620 16 15 5
17621 19 18 4
17622 16 15 7
17623 15 14 6
17624 10 10 6
17625 16 16 6
17626 14 13 5
17627 11 11 5
17628 17 16 6
17629 14 13 5
17630 11 10 4
17631 22 21 7
17632 13 12 6
17633 16 16 6
17634 14 14 4
17635 12 11 5
17636 15 15 5
17637 13 12 6
17638 16 16 6
17639 14 13 5
17640 11 10 4
17641 30 29 7
17642 13 12 4
17643 16 15 5
17644 11 10 4
17645 22 21 5
17646 13 12 6
17647 6 6 6
17648 17 17 5
17649 15 14 6
17650 18 18 6
17651 20 20 6
17652 22 21 5
17653 15 14 6
17654 14 14 4
17655 14 13 5
17656 23 23 5
17657 11 10 4
17658 16 15 7
17659 13 13 5
17660 17 16 6
17661 6 5 4
17662 10 9 5
17663 13 12 4
17664 22 21 7
17665 25 25 9
17666 17 16 6
17667 12 12 6
17668 18 18 6
17669 10 10 4
17670 10 9 5
17671 15 15 5
17672 19 19 7
17673 15 14 6
17674 14 14 4
17675 14 13 5
17676 15 14 4
17677 14 13 5
17678 13 12 4
17679 16 15 5
17680 17 17 5
17681 9 8 4
17682 14 13 5
17683 11 10 6
17684 12 11 5
17685 11 11 5
17686 13 12 6
17687 10 9 5
17688 13 12 6
17689 10 10 4
17690 10 9 5
17691 9 8 4
17692 12 11 7
17693 13 13 5
17694 13 12 6
17695 10 10 4
17696 8 7 6
17697 18 17 7
17698 13 12 4
17699 16 15 7
17700 15 14 4
17701 12 11 5
17702 9 8 4
17703 14 13 7
17704 7 6 5
17705 13 12 4
17706 8 7 6
17707 10 10 6
17708 14 13 7
17709 19 18 6
17710 10 9 5
17711 9 9 5
17712 11 10 6
17713 10 10 6
17714 8 8 4
17715 12 11 5
17716 7 7 7
17717 18 18 8
17718 6 6 6
17719 9 8 4
17720 8 7 6
17721 16 16 6
17722 6 5 4
17723 16 15 5
17724 23 23 7
17725 13 12 6
17726 6 5 4
17727 18 17 5
17728 7 6 5
17729 13 13 5
17730 11 10 6
17731 12 11 7
17732 15 14 4
17733 10 9 5
17734 13 13 5
17735 11 10 4
17736 10 9 5
17737 15 14 6
17738 8 7 6
17739 16 16 6
17740 16 16 4
17741 14 13 5
17742 11 11 5
17743 11 10 6
17744 14 13 7
17745 7 6 5
17746 11 10 6
17747 10 10 6
17748 12 12 6
17749 14 14 4
17750 20 19 7
17751 9 8 4
17752 10 9 5
17753 11 10 6
17754 10 10 6
17755 12 12 6
17756 16 15 5
17757 23 22 8
17758 12 12 4
17759 10 9 5
17760 19 18 6
17761 10 10 6
17762 10 10 6
17763 10 10 6
17764 12 11 5
17765 13 13 5
17766 15 15 7
17767 11 10 4
17768 18 17 7
17769 9 8 4
17770 16 15 5
17771 15 14 4
17772 16 15 5
17773 15 15 5
17774 17 17 5
17775 13 12 6
17776 12 12 4
17777 6 5 4
17778 12 11 5
17779 11 10 4
17780 14 13 5
17781 9 9 5
17782 21 20 4
17783 6 5 4
17784 12 11 7
17785 19 18 6
17786 12 12 6
17787 6 6 6
17788 29 28 4
17789 12 11 5
17790 13 13 5
17791 13 12 4
17792 10 9 5
17793 11 11 5
17794 9 9 5
17795 15 15 5
17796 21 20 6
17797 18 18 6
17798 22 22 4
17799 6 5 4
17800 10 9 5
17801 9 8 4
17802 12 11 5
17803 21 20 6
17804 12 12 4
17805 20 19 5
17806 7 6 5
17807 11 10 4
17808 6 5 4
17809 14 13 5
17810 13 13 5
17811 19 18 4
17812 22 21 5
17813 11 11 5
17814 15 14 4
17815 12 11 5
17816 11 10 4
17817 22 21 5
17818 21 20 4
17819 24 23 5
17820 11 10 4
17821 24 23 5
17822 17 17 5
17823 21 20 4
17824 20 19 5
17825 11 10 4
17826 32 31 5
17827 37 36 6
17828 18 18 4
17829 30 29 5
17830 19 18 4
17831 46 45 5
17832 17 16 4
17833 18 17 5
17834 27 26 6
17835 34 34 4
17836 32 31 5
17837 21 20 4
17838 20 19 5
17839 45 44 4
17840 44 43 5
17841 21 20 4
17842 10 9 5
17843 15 14 4
17844 16 15 5
17845 15 14 4
17846 16 15 5
17847 23 22 6
17848 16 16 4
17849 14 13 5
17850 25 24 4
17851 24 23 5
17852 17 16 4
17853 30 29 5
17854 11 11 5
17855 19 18 6
17856 20 20 6
17857 18 18 6
17858 18 17 5
17859 19 19 7
17860 17 16 6
17861 10 9 5
17862 21 20 6
17863 8 8 4
17864 20 19 7
17865 17 17 7
17866 25 24 8
17867 8 8 4
17868 20 19 5
17869 15 14 4
17870 18 17 5
17871 19 19 5
17872 11 10 4
17873 18 17 7
17874 17 16 4
17875 22 21 5
17876 19 18 6
17877 6 5 4
17878 14 13 5
17879 11 11 5
17880 15 14 6
17881 6 6 6
17882 17 16 6
17883 16 16 6
17884 20 19 9
17885 13 12 6
17886 12 12 4
17887 22 21 7
17888 19 19 5
17889 15 14 4
17890 16 15 7
17891 13 12 4
17892 18 17 5
17893 9 8 4
17894 18 17 5
17895 15 15 5
17896 15 14 4
17897 16 15 7
17898 11 11 5
17899 21 21 5
17900 11 10 4
17901 22 21 9
17902 11 11 5
17903 11 11 5
17904 13 12 6
17905 18 18 8
17906 14 14 6
17907 12 12 6
17908 10 10 6
17909 16 16 4
17910 10 9 5
17911 11 11 5
17912 23 22 6
17913 10 9 5
17914 15 15 5
17915 13 12 4
17916 12 11 5
17917 15 15 5
17918 5 5 5
17919 12 11 5
17920 25 25 7
17921 11 11 5
17922 9 9 5
17923 19 18 6
17924 18 18 6
17925 14 14 6
17926 10 10 6
17927 12 12 6
17928 10 10 4
17929 22 21 5
17930 11 10 6
17931 18 18 6
17932 16 15 5
17933 9 8 4
17934 14 13 5
17935 15 14 8
17936 10 10 4
17937 16 15 7
17938 13 12 6
17939 20 20 4
17940 14 13 7
17941 11 10 4
17942 10 9 5
17943 21 20 6
17944 16 15 5
17945 9 9 5
17946 11 10 4
17947 14 13 7
17948 21 20 6
17949 8 8 4
17950 22 21 7
17951 7 6 5
17952 15 14 4
17953 14 13 5
17954 13 13 7
17955 11 10 6
17956 22 22 4
17957 20 19 5
17958 21 21 5
17959 17 17 5
17960 15 14 6
17961 16 16 4
17962 12 11 5
17963 15 15 7
17964 19 19 5
17965 9 8 4
17966 14 13 5
17967 15 14 6
17968 16 16 6
17969 10 10 6
17970 16 15 7
17971 15 14 4
17972 16 15 5
17973 15 15 5
17974 13 13 5
17975 9 8 4
17976 18 17 5
17977 11 11 7
17978 17 16 6
17979 8 8 4
17980 16 15 7
17981 13 12 4
17982 18 17 7
17983 7 6 5
17984 15 14 6
17985 22 22 6
17986 16 15 5
17987 15 15 7
17988 19 18 6
17989 8 8 4
17990 10 9 5
17991 11 11 5
17992 13 12 6
17993 20 19 5
17994 13 12 6
17995 10 10 4
17996 14 13 7
17997 7 6 5
17998 9 9 5
17999 11 11 5
18000 13 12 4
18001 20 19 5
18002 23 23 9
18003 5 5 5
18004 10 9 5
18005 7 6 5
18006 9 8 4
18007 10 9 5
18008 15 15 7
18009 7 6 5
18010 13 13 7
18011 9 8 4
18012 14 13 5
18013 9 9 5
18014 25 24 8
18015 20 20 4
18016 14 13 5
18017 11 11 7
18018 15 14 4
18019 10 9 5
18020 15 15 5
18021 19 18 8
18022 10 10 4
18023 12 11 5
18024 13 12 4
18025 18 17 9
18026 17 17 5
18027 11 10 6
18028 12 12 4
18029 20 19 7
18030 11 10 6
18031 22 22 6
18032 14 13 7
18033 15 14 6
18034 20 20 6
18035 12 12 4
18036 20 19 5
18037 19 18 4
18038 14 13 5
18039 17 17 5
18040 9 9 5
18041 23 23 5
18042 11 11 5
18043 15 15 5
18044 15 15 5
18045 21 21 5
18046 19 18 4
18047 12 11 5
18048 11 10 6
18049 10 10 6
18050 18 18 6
18051 12 12 4
18052 18 17 5
18053 13 13 7
18054 15 14 6
18055 16 15 7
18056 15 14 4
18057 10 9 5
18058 15 15 5
18059 17 16 4
18060 12 11 5
18061 13 12 6
18062 10 10 6
18063 10 10 4
18064 8 7 6
18065 12 12 6
18066 16 15 5
18067 17 16 6
18068 6 6 6
18069 17 16 6
18070 10 9 5
18071 13 13 5
18072 11 10 6
18073 10 10 4
18074 10 9 5
18075 11 11 5
18076 17 17 5
18077 15 14 4
18078 8 7 6
18079 8 8 4
18080 14 13 7
18081 13 12 6
18082 12 11 5
18083 17 17 7
18084 11 11 5
18085 19 18 8
18086 10 10 6
18087 8 8 4
18088 10 9 5
18089 15 15 7
18090 7 6 5
18091 11 11 5
18092 11 10 6
18093 6 6 6
18094 11 11 5
18095 13 12 6
18096 14 14 8
18097 16 16 6
18098 16 16 4
18099 10 9 5
18100 11 10 6
18101 10 10 6
18102 14 13 7
18103 7 6 5
18104 11 11 5
18105 9 9 5
18106 13 13 5
18107 11 10 4
18108 16 15 7
18109 17 16 6
18110 16 15 5
18111 17 16 6
18112 16 16 6
18113 16 16 4
18114 12 11 5
18115 9 9 5
18116 13 12 6
18117 6 6 6
18118 15 14 4
18119 18 17 5
18120 33 32 4
18121 16 15 5
18122 11 11 5
18123 7 6 5
18124 13 12 6
18125 8 8 4
18126 24 23 7
18127 15 14 4
18128 16 15 5
18129 17 16 4
18130 12 11 5
18131 7 6 5
18132 13 12 6
18133 24 24 4
18134 16 15 5
18135 19 18 4
18136 12 11 5
18137 13 12 4
18138 10 9 5
18139 19 18 4
18140 20 19 7
18141 23 22 4
18142 20 19 5
18143 15 14 4
18144 14 13 5
18145 19 18 6
18146 14 14 4
18147 24 23 5
18148 21 20 4
18149 16 15 5
18150 15 14 4
18151 16 15 5
18152 17 17 5
18153 25 24 6
18154 38 37 5
18155 29 28 6
18156 36 36 6
18157 20 19 5
18158 17 16 4
18159 20 19 5
18160 31 30 4
18161 18 17 5
18162 21 20 4
18163 22 21 5
18164 13 12 4
18165 12 11 5
18166 31 30 4
18167 28 27 5
18168 25 24 4
18169 30 29 5
18170 31 30 4
18171 28 27 5
18172 13 12 4
18173 24 23 5
18174 27 26 6
18175 26 25 5
18176 21 20 6
18177 18 18 4
18178 22 21 5
18179 35 34 4
18180 18 17 5
18181 15 14 4
18182 24 23 5
18183 25 24 6
18184 20 20 4
18185 22 21 5
18186 15 14 4
18187 24 23 5
18188 23 23 5
18189 21 20 6
18190 22 22 10
18191 20 20 4
18192 22 21 7
18193 21 21 7
18194 15 15 5
18195 11 10 4
18196 22 21 7
18197 11 10 4
18198 26 25 7
18199 15 14 4
18200 14 13 7
18201 11 11 5
18202 13 13 5
18203 15 15 5
18204 15 14 4
18205 10 9 5
18206 23 22 8
18207 20 20 6
18208 22 21 5
18209 27 27 9
18210 11 11 5
18211 19 18 8
18212 22 21 7
18213 17 16 6
18214 20 19 7
18215 15 14 6
18216 10 10 6
18217 12 12 4
18218 24 23 7
18219 11 11 5
18220 15 15 7
18221 11 11 5
18222 19 18 4
18223 18 17 5
18224 15 14 6
18225 10 9 5
18226 17 16 8
18227 6 5 4
18228 16 15 5
18229 11 10 4
18230 26 25 7
18231 7 6 5
18232 13 12 4
18233 18 17 7
18234 17 16 4
18235 22 21 5
18236 17 16 6
18237 16 15 7
18238 15 14 4
18239 14 13 7
18240 27 26 6
18241 10 9 5
18242 15 14 6
18243 12 12 6
18244 18 18 4
18245 10 9 5
18246 13 13 5
18247 17 16 6
18248 14 14 6
18249 28 28 10
18250 14 14 4
18251 20 19 5
18252 11 11 5
18253 9 8 4
18254 28 27 9
18255 11 11 5
18256 9 8 4
18257 16 15 7
18258 11 10 4
18259 20 19 5
18260 21 20 6
18261 10 9 5
18262 17 17 5
18263 11 11 5
18264 17 16 6
18265 12 12 4
18266 18 17 7
18267 11 10 6
18268 10 10 4
18269 16 15 5
18270 19 19 5
18271 15 14 6
18272 12 11 7
18273 11 10 4
18274 18 17 5
18275 15 14 4
18276 14 13 7
18277 21 20 6
18278 6 5 4
18279 20 19 5
18280 9 8 4
18281 18 17 5
18282 19 18 6
18283 12 11 5
18284 19 18 6
18285 16 16 6
18286 12 11 5
18287 9 9 5
18288 7 6 5
18289 15 14 6
18290 20 19 7
18291 13 13 5
18292 13 13 5
18293 13 13 5
18294 13 12 6
18295 16 16 6
18296 10 10 6
18297 12 12 4
18298 18 17 7
18299 13 12 4
18300 20 19 7
18301 15 14 6
18302 12 12 6
18303 10 10 6
18304 10 10 4
18305 14 13 5
18306 5 5 5
18307 16 15 7
18308 13 12 6
18309 12 12 6
18310 14 14 4
18311 14 13 5
18312 17 16 6
18313 12 11 5
18314 13 12 6
18315 14 13 5
18316 13 12 4
18317 10 9 5
18318 13 12 4
18319 12 11 5
18320 13 12 6
18321 10 10 6
18322 12 12 4
18323 20 19 7
18324 11 10 6
18325 16 16 6
18326 10 9 5
18327 13 13 5
18328 17 16 6
18329 14 13 5
18330 9 8 4
18331 14 13 5
18332 7 6 5
18333 19 18 8
18334 14 13 7
18335 13 12 4
18336 20 19 7
18337 21 20 8
18338 14 14 6
18339 12 11 5
18340 13 13 5
18341 15 14 4
18342 12 11 5
18343 17 17 7
18344 15 14 6
18345 16 16 4
18346 16 15 5
18347 15 14 4
18348 18 17 5
18349 9 9 5
18350 11 10 4
18351 16 15 7
18352 15 14 6
18353 10 10 6
18354 14 14 6
18355 18 18 6
18356 12 12 4
18357 10 9 5
18358 9 9 5
18359 15 15 5
18360 13 12 6
18361 10 10 6
18362 14 14 6
18363 12 11 5
18364 11 10 4
18365 8 7 6
18366 12 12 6
18367 12 11 5
18368 17 16 4
18369 12 11 5
18370 15 15 7
18371 7 6 5
18372 13 12 6
18373 6 6 6
18374 15 14 8
18375 12 12 4
18376 16 15 5
18377 15 15 5
18378 13 13 5
18379 11 10 4
18380 16 15 5
18381 7 7 7
18382 16 15 5
18383 11 11 5
18384 19 18 6
18385 10 10 4
18386 14 13 7
18387 7 6 5
18388 11 10 6
18389 16 16 6
18390 10 10 6
18391 10 9 5
18392 15 15 5
18393 13 12 6
18394 10 10 6
18395 14 13 5
18396 21 21 5
18397 13 13 5
18398 11 10 4
18399 14 13 5
18400 11 10 6
18401 12 12 8
18402 10 10 4
18403 16 15 5
18404 11 11 7
18405 15 15 5
18406 13 12 4
18407 12 11 5
18408 13 13 5
18409 7 7 7
18410 10 10 6
18411 8 8 4
18412 14 13 5
18413 23 22 4
18414 22 21 5
18415 11 10 4
18416 14 13 5
18417 7 6 5
18418 11 11 5
18419 11 10 4
18420 10 9 5
18421 11 10 4
18422 18 17 5
18423 9 9 5
18424 13 12 8
18425 12 12 4
18426 16 15 5
18427 15 14 6
18428 16 16 6
18429 16 16 6
18430 14 13 5
18431 17 16 6
18432 14 13 5
18433 11 11 5
18434 17 16 4
18435 24 23 5
18436 11 11 5
18437 7 6 5
18438 9 8 4
18439 10 9 5
18440 9 9 5
18441 23 23 5
18442 27 26 4
18443 18 17 5
18444 23 22 4
18445 16 15 7
18446 15 14 4
18447 14 13 5
18448 13 13 5
18449 23 23 5
18450 15 14 4
18451 20 19 5
18452 5 5 5
18453 22 21 5
18454 13 12 6
18455 20 19 5
18456 13 12 4
18457 16 15 5
18458 11 10 6
18459 10 9 5
18460 9 8 4
18461 18 17 5
18462 11 10 6
18463 22 22 6
18464 10 9 5
18465 15 14 6
18466 18 18 6
18467 14 14 8
18468 6 6 6
18469 13 12 4
18470 14 13 5
18471 17 17 5
18472 11 10 6
18473 10 10 6
18474 12 12 6
18475 14 14 6
18476 6 6 6
18477 21 21 5
18478 15 15 5
18479 15 14 6
18480 6 6 6
18481 17 16 6
18482 12 11 5
18483 11 11 5
18484 19 18 6
18485 22 21 5
18486 17 17 5
18487 9 8 4
18488 16 15 7
18489 9 8 4
18490 14 13 5
18491 23 23 5
18492 13 12 6
18493 12 12 4
18494 14 13 5
18495 15 14 6
18496 10 10 4
18497 20 19 5
18498 19 18 4
18499 20 19 5
18500 13 13 5
18501 15 14 6
18502 10 10 4
18503 14 13 5
18504 15 15 7
18505 25 24 6
18506 6 5 4
18507 18 17 5
18508 13 13 5
18509 13 13 5
18510 23 22 6
18511 28 28 6
18512 12 12 4
18513 18 17 7
18514 11 11 5
18515 11 11 5
18516 15 14 4
18517 16 15 5
18518 21 20 6
18519 14 14 6
18520 12 11 5
18521 11 11 5
18522 11 11 7
18523 17 16 6
18524 12 11 7
18525 19 18 6
18526 18 17 5
18527 19 18 6
18528 12 11 5
18529 17 17 5
18530 13 12 4
18531 10 9 5
18532 17 16 8
18533 12 12 4
18534 12 11 5
18535 13 12 6
18536 10 10 6
18537 12 12 6
18538 12 11 5
18539 9 8 4
18540 12 11 5
18541 13 12 6
18542 12 12 8
18543 10 9 5
18544 11 11 5
18545 19 19 7
18546 19 18 4
18547 16 15 5
18548 17 16 4
18549 12 11 5
18550 11 10 6
18551 10 10 4
18552 18 17 5
18553 11 11 5
18554 19 18 4
18555 20 19 7
18556 11 11 5
18557 13 12 4
18558 20 19 7
18559 17 16 6
18560 14 14 6
18561 18 17 5
18562 21 20 4
18563 22 21 5
18564 13 12 4
18565 14 13 5
18566 19 19 5
18567 15 15 5
18568 9 8 4
18569 12 11 5
18570 17 16 4
18571 12 11 5
18572 21 20 6
18573 18 17 7
18574 15 14 6
18575 20 20 6
18576 8 8 4
18577 20 19 7
18578 17 16 6
18579 20 19 5
18580 19 18 4
18581 18 17 5
18582 25 25 5
18583 27 26 6
18584 16 16 6
18585 22 22 4
18586 18 17 5
18587 17 16 4
18588 24 23 7
18589 17 16 6
18590 12 12 4
18591 20 19 7
18592 19 19 7
18593 11 10 4
18594 18 17 5
18595 13 13 5
18596 11 10 6
18597 16 16 6
18598 10 10 6
18599 14 14 4
18600 12 11 5
18601 13 13 5
18602 15 14 6
18603 10 10 4
18604 14 13 5
18605 13 13 7
18606 17 16 6
18607 10 10 6
18608 8 8 4
18609 12 11 5
18610 19 19 5
18611 15 14 6
18612 20 20 8
18613 10 10 6
18614 20 20 6
18615 6 6 6
18616 9 8 4
18617 16 15 5
18618 13 12 6
18619 16 16 4
18620 18 17 7
18621 17 16 6
18622 12 11 5
18623 11 10 4
18624 10 9 5
18625 7 6 5
18626 15 14 6
18627 12 11 5
18628 11 11 5
18629 13 13 7
18630 13 12 4
18631 12 11 5
18632 15 14 4
18633 12 11 5
18634 15 14 6
18635 14 13 5
18636 13 12 6
18637 12 11 5
18638 19 18 6
18639 6 5 4
18640 20 19 5
18641 13 12 6
18642 22 21 5
18643 15 15 5
18644 15 15 5
18645 9 9 5
18646 17 16 6
18647 8 8 4
18648 14 13 5
18649 17 17 5
18650 13 13 5
18651 11 10 4
18652 12 11 5
18653 5 5 5
18654 6 5 4
18655 12 11 7
18656 19 18 6
18657 12 11 5
18658 15 14 6
18659 14 13 5
18660 11 11 5
18661 9 8 4
18662 22 21 5
18663 17 16 6
18664 14 13 5
18665 11 11 5
18666 15 15 5
18667 17 16 6
18668 10 9 5
18669 15 15 5
18670 13 13 5
18671 15 15 5
18672 9 9 5
18673 17 16 4
18674 16 15 7
18675 9 8 4
18676 10 9 5
18677 19 19 7
18678 13 13 5
18679 13 12 4
18680 8 7 6
18681 12 12 6
18682 12 12 6
18683 16 15 5
18684 15 15 5
18685 15 14 6
18686 16 16 6
18687 10 10 6
18688 16 15 5
18689 15 15 5
18690 7 6 5
18691 9 8 4
18692 14 13 7
18693 9 8 4
18694 18 17 5
18695 19 19 5
18696 15 14 6
18697 26 25 5
18698 11 10 4
18699 22 21 5
18700 11 10 4
18701 12 11 5
18702 7 6 5
18703 17 16 6
18704 14 14 4
18705 12 11 5
18706 11 11 5
18707 15 14 6
18708 10 9 5
18709 7 6 5
18710 13 12 6
18711 16 15 7
18712 7 6 5
18713 25 25 5
18714 21 20 6
18715 14 14 4
18716 14 13 5
18717 17 16 6
18718 12 12 4
18719 20 19 5
18720 25 24 4
18721 24 23 5
18722 13 12 4
18723 12 11 5
18724 17 16 4
18725 10 9 5
18726 17 17 5
18727 13 12 4
18728 20 19 5
18729 11 10 4
18730 16 15 5
18731 19 18 6
18732 20 20 6
18733 14 13 5
18734 21 20 4
18735 24 23 5
18736 23 22 6
18737 12 12 4
18738 24 23 5
18739 15 14 4
18740 22 21 5
18741 19 18 4
18742 12 11 5
18743 15 14 4
18744 14 13 5
18745 29 28 4
18746 12 11 5
18747 29 28 6
18748 20 20 6
18749 12 12 4
18750 14 13 5
18751 9 8 4
18752 24 23 5
18753 17 16 4
18754 22 21 5
18755 11 11 5
18756 13 12 6
18757 14 14 4
18758 12 11 5
18759 7 6 5
18760 15 15 7
18761 15 14 6
18762 8 8 4
18763 16 15 7
18764 19 18 4
18765 14 13 5
18766 9 8 4
18767 10 9 5
18768 11 10 6
18769 8 8 4
18770 20 19 7
18771 15 14 6
18772 22 21 7
18773 11 11 5
18774 9 8 4
18775 14 13 5
18776 13 12 4
18777 10 9 5
18778 17 16 6
18779 10 9 5
18780 11 10 6
18781 10 10 6
18782 8 8 4
18783 10 9 5
18784 13 12 6
18785 10 9 5
18786 17 16 6
18787 16 16 8
18788 10 10 4
18789 12 11 5
18790 7 6 5
18791 15 14 4
18792 14 13 5
18793 11 11 7
18794 9 8 4
18795 16 15 5
18796 13 13 5
18797 15 14 4
18798 14 13 5
18799 19 18 4
18800 14 13 5
18801 15 14 6
18802 12 12 6
18803 20 19 7
18804 11 10 4
18805 16 15 5
18806 15 14 6
18807 16 16 4
18808 10 9 5
18809 13 13 7
18810 11 10 6
18811 12 12 4
18812 16 15 7
18813 19 18 6
18814 6 6 6
18815 15 15 7
18816 13 12 6
18817 16 16 6
18818 12 12 4
18819 14 13 5
18820 17 17 7
18821 11 10 6
18822 12 12 4
18823 18 17 7
18824 7 6 5
18825 17 16 6
18826 18 18 4
18827 12 11 7
18828 13 12 6
18829 18 17 7
18830 11 10 6
18831 16 16 6
18832 10 10 4
18833 12 11 7
18834 9 8 4
18835 16 15 7
18836 9 9 5
18837 11 10 6
18838 8 8 4
18839 14 13 5
18840 17 16 8
18841 20 20 6
18842 6 6 6
18843 15 14 6
18844 16 15 5
18845 11 11 7
18846 7 6 5
18847 13 12 6
18848 18 17 5
18849 11 10 4
18850 10 9 5
18851 13 13 7
18852 13 13 5
18853 11 11 5
18854 7 7 7
18855 10 10 4
18856 8 7 6
18857 12 11 5
18858 7 6 5
18859 15 15 7
18860 7 6 5
18861 17 16 8
18862 10 9 5
18863 9 8 4
18864 8 7 6
18865 8 8 4
18866 14 13 7
18867 13 12 6
18868 14 14 6
18869 18 18 4
18870 16 15 5
18871 11 10 4
18872 12 11 5
18873 9 9 5
18874 13 12 4
18875 16 15 5
18876 13 13 7
18877 15 15 5
18878 11 10 4
18879 10 9 5
18880 9 9 5
18881 7 6 5
18882 13 12 6
18883 10 9 8
18884 12 12 6
18885 14 14 6
18886 6 6 6
18887 11 10 6
18888 10 9 5
18889 17 17 5
18890 13 12 4
18891 24 23 5
18892 17 17 5
18893 13 12 6
18894 16 16 4
18895 18 17 5
18896 13 12 4
18897 20 19 5
18898 11 10 4
18899 6 5 4
18900 10 9 5
18901 13 13 5
18902 7 7 7
18903 8 8 4
18904 22 21 5
18905 9 9 5
18906 23 22 6
18907 18 17 5
18908 15 14 4
18909 12 11 5
18910 19 18 6
18911 6 6 6
18912 19 19 5
18913 11 10 4
18914 20 19 5
18915 9 8 4
18916 18 17 5
18917 15 14 4
18918 12 11 5
18919 15 14 6
18920 16 16 6
18921 22 22 6
18922 28 28 4
18923 38 37 5
18924 21 20 4
18925 14 13 5
18926 13 12 4
18927 24 23 5
18928 33 32 4
18929 28 27 5
18930 19 19 5
18931 19 18 4
18932 18 17 5
18933 27 26 4
18934 24 23 5
18935 9 8 4
18936 16 15 5
18937 25 24 6
18938 28 28 6
18939 22 21 5
18940 13 12 4
18941 20 19 5
18942 21 20 8
18943 24 24 6
18944 12 11 5
18945 11 10 4
18946 18 17 5
18947 17 16 4
18948 18 17 5
18949 19 18 4
18950 18 17 5
18951 13 13 5
18952 15 15 5
18953 13 12 4
18954 26 25 5
18955 13 12 4
18956 18 17 7
18957 11 10 6
18958 10 10 4
18959 12 11 5
18960 11 10 4
18961 22 21 9
18962 23 23 7
18963 5 5 5
18964 12 11 5
18965 17 16 4
18966 14 13 5
18967 9 8 7
18968 9 8 4
18969 20 19 5
18970 11 11 5
18971 13 12 4
18972 14 13 5
18973 13 12 4
18974 16 15 5
18975 9 9 5
18976 13 12 4
18977 16 15 5
18978 7 6 5
18979 21 21 5
18980 7 6 5
18981 11 10 6
18982 12 12 4
18983 14 13 5
18984 13 13 5
18985 15 14 4
18986 22 21 5
18987 13 13 5
18988 19 18 4
18989 22 21 7
18990 11 11 5
18991 15 15 5
18992 9 8 4
18993 16 15 5
18994 15 14 4
18995 14 13 5
18996 19 18 6
18997 18 18 4
18998 14 13 5
18999 13 13 5
19000 15 14 6
19001 12 12 4
19002 16 15 5
19003 13 12 4
19004 10 9 5
19005 11 10 4
19006 14 13 5
19007 23 22 6
19008 14 13 5
19009 17 16 4
19010 16 15 5
19011 15 14 6
19012 12 12 6
19013 12 12 6
19014 8 8 4
19015 18 17 5
19016 13 13 5
19017 27 27 5
19018 11 11 5
19019 25 24 6
19020 14 14 4
19021 20 19 9
19022 11 10 4
19023 20 19 5
19024 23 22 6
19025 20 19 5
19026 15 14 6
19027 12 11 5
19028 15 14 4
19029 22 21 7
19030 21 20 6
19031 22 21 9
19032 9 8 4
19033 26 25 7
19034 11 11 7
19035 9 8 4
19036 10 9 5
19037 13 12 6
19038 22 22 10
19039 6 5 4
19040 16 15 5
19041 25 24 6
19042 14 14 6
19043 14 14 4
19044 12 11 5
19045 27 26 4
19046 20 19 5
19047 17 17 5
19048 21 21 5
19049 17 17 5
19050 13 13 5
19051 19 18 4
19052 28 27 5
19053 13 13 5
19054 17 16 4
19055 14 13 5
19056 11 10 4
19057 24 23 5
19058 11 11 5
19059 11 11 5
19060 13 12 4
19061 10 9 5
19062 13 12 4
19063 10 9 5
19064 11 11 5
19065 13 12 6
19066 10 10 6
19067 16 16 6
19068 14 14 4
19069 12 11 7
19070 9 8 4
19071 14 13 5
19072 9 8 4
19073 14 13 5
19074 17 17 5
19075 9 9 5
19076 23 22 8
19077 20 20 4
19078 16 15 5
19079 13 13 7
19080 17 16 4
19081 10 9 5
19082 17 16 6
19083 10 10 6
19084 16 15 5
19085 19 18 8
19086 12 12 4
19087 12 11 5
19088 15 15 5
19089 13 13 5
19090 15 15 5
19091 9 9 5
19092 15 14 6
19093 6 5 4
19094 10 9 5
19095 7 6 5
19096 19 18 8
19097 12 11 5
19098 11 11 5
19099 5 5 5
19100 16 15 7
19101 11 10 6
19102 20 20 6
19103 10 10 6
19104 10 10 6
19105 10 9 5
19106 19 19 7
19107 11 10 6
19108 16 16 6
19109 8 8 4
19110 16 15 7
19111 9 8 7
19112 13 12 6
19113 16 16 8
19114 10 10 4
19115 10 9 5
19116 13 13 7
19117 9 9 5
19118 11 11 7
19119 11 10 6
19120 8 7 6
19121 8 8 4
19122 16 15 7
19123 7 6 5
19124 17 16 6
19125 10 10 4
19126 20 19 9
19127 7 6 5
19128 9 9 5
19129 9 8 4
19130 12 11 5
19131 11 11 7
19132 15 15 5
19133 25 25 7
19134 9 9 5
19135 11 10 6
19136 10 9 5
19137 9 9 5
19138 11 11 7
19139 9 9 5
19140 15 14 6
19141 12 12 6
19142 10 9 5
19143 9 9 5
19144 15 14 6
19145 12 12 6
19146 6 6 6
19147 13 12 6
19148 10 10 6
19149 6 6 6
19150 13 13 7
19151 9 9 5
19152 17 17 5
19153 9 9 5
19154 9 8 4
19155 16 15 7
19156 13 12 4
19157 20 19 7
19158 9 8 4
19159 14 13 5
19160 13 13 5
19161 15 14 6
19162 10 10 4
19163 14 13 5
19164 11 10 4
19165 16 15 5
19166 11 10 4
19167 10 9 5
19168 7 6 5
19169 27 27 5
19170 9 9 5
19171 13 13 5
19172 11 10 4
19173 14 13 5
19174 11 10 4
19175 14 13 5
19176 13 12 6
19177 14 13 5
19178 29 29 5
19179 13 13 5
19180 13 12 4
19181 12 11 5
19182 17 16 4
19183 14 13 5
19184 13 12 4
19185 14 13 5
19186 23 22 4
19187 20 19 5
19188 23 23 5
19189 15 14 4
19190 20 19 5
19191 19 19 5
19192 19 18 4
19193 20 19 5
19194 21 20 4
19195 12 11 5
19196 29 28 4
19197 22 21 5
19198 29 28 4
19199 42 41 5
19200 31 30 6
19201 22 22 4
19202 20 19 5
19203 19 19 5
19204 21 20 4
19205 22 21 5
19206 21 20 4
19207 20 19 5
19208 25 24 4
19209 26 25 5
19210 13 13 5
19211 15 14 4
19212 22 21 5
19213 13 12 4
19214 18 17 5
19215 25 24 6
19216 18 18 4
19217 18 17 5
19218 17 16 6
19219 16 16 4
19220 22 21 5
19221 17 16 6
19222 18 18 4
19223 10 9 5
19224 23 22 4
19225 14 13 5
19226 23 22 4
19227 14 13 5
19228 15 14 6
19229 18 18 6
19230 10 10 4
19231 16 15 5
19232 29 29 7
19233 19 18 6
19234 20 20 4
19235 30 29 9
19236 15 15 5
19237 19 18 6
19238 22 22 6
19239 16 16 4
19240 20 19 5
19241 21 20 8
19242 20 19 5
19243 19 18 4
19244 26 25 9
19245 27 26 6
19246 22 22 6
19247 26 26 6
19248 10 10 4
19249 16 15 5
19250 27 27 5
19251 31 31 7
19252 31 31 11
19253 23 23 7
19254 17 16 6
19255 30 30 4
19256 20 19 5
19257 25 24 4
19258 32 31 5
19259 21 21 5
19260 31 30 6
19261 20 20 4
19262 20 19 5
19263 31 30 6
19264 18 18 4
19265 24 23 5
19266 19 19 5
19267 21 20 6
19268 14 14 4
19269 26 25 5
19270 25 24 4
19271 24 23 5
19272 21 20 4
19273 26 25 5
19274 23 22 4
19275 20 19 5
19276 33 32 4
19277 26 25 5
19278 15 14 4
19279 24 23 5
19280 29 28 4
19281 34 33 5
19282 23 22 4
19283 28 27 5
19284 33 32 4
19285 20 19 5
19286 17 17 5
19287 31 30 4
19288 16 15 5
19289 17 16 4
19290 20 19 5
19291 25 24 4
19292 22 21 5
19293 21 20 4
19294 28 27 5
19295 23 23 5
19296 23 22 4
19297 26 25 5
19298 31 30 6
19299 24 24 4
19300 22 21 5
19301 37 36 6
19302 16 16 4
19303 20 19 5
19304 31 30 6
19305 18 18 4
19306 24 23 5
19307 13 12 4
19308 24 23 5
19309 25 25 5
19310 13 13 5
19311 35 35 5
19312 33 32 4
19313 20 19 5
19314 15 14 4
19315 14 13 5
19316 23 22 6
19317 22 22 6
19318 20 20 4
19319 28 27 5
19320 19 19 5
19321 33 33 5
19322 23 22 4
19323 28 27 5
19324 27 27 5
19325 17 16 4
19326 30 29 5
19327 19 19 5
19328 17 17 5
19329 27 26 4
19330 24 23 5
19331 31 30 6
19332 16 16 4
19333 38 37 5
19334 19 19 5
19335 23 23 5
19336 21 20 6
19337 32 32 6
19338 10 10 4
19339 36 35 7
19340 33 32 4
19341 22 21 5
19342 19 18 4
19343 26 25 5
19344 21 21 5
19345 21 20 4
19346 26 25 5
19347 17 16 4
19348 16 15 5
19349 19 19 5
19350 25 24 6
19351 28 28 6
19352 14 14 4
19353 38 37 5
19354 23 22 4
19355 32 31 5
19356 15 15 5
19357 21 20 4
19358 26 25 5
19359 23 22 4
19360 16 15 5
19361 19 18 4
19362 28 27 5
19363 31 30 6
19364 20 20 4
19365 28 27 5
19366 25 24 4
19367 30 29 5
19368 21 20 4
19369 28 27 5
19370 25 25 5
19371 25 25 5
19372 11 11 5
19373 29 28 4
19374 16 15 5
19375 21 20 4
19376 26 25 5
19377 19 19 5
19378 19 18 6
19379 10 10 4
19380 22 21 5
19381 25 24 4
19382 44 43 5
19383 11 11 5
19384 17 17 5
19385 21 21 5
19386 33 32 6
19387 14 14 4
19388 18 17 5
19389 11 10 4
19390 30 29 5
19391 13 12 4
19392 28 27 5
19393 27 26 4
19394 26 25 5
19395 27 26 4
19396 24 23 5
19397 25 24 4
19398 22 21 5
19399 17 16 6
19400 16 16 4
19401 18 17 5
19402 25 24 4
19403 42 41 5
19404 15 15 5
19405 17 16 4
19406 32 31 5
19407 15 14 4
19408 22 21 5
19409 21 20 4
19410 26 25 5
19411 21 21 5
19412 27 26 4
19413 22 21 5
19414 23 23 5
19415 25 24 4
19416 24 23 5
19417 21 20 4
19418 24 23 5
19419 19 18 4
19420 30 29 5
19421 19 18 6
19422 20 20 4
19423 30 29 5
19424 17 16 4
19425 28 27 7
19426 19 18 4
19427 30 29 5
19428 29 28 4
19429 14 13 5
19430 29 28 4
19431 24 23 5
19432 17 16 4
19433 16 15 5
19434 13 12 4
19435 28 27 5
19436 17 16 4
19437 24 23 5
19438 21 21 5
19439 15 14 4
19440 22 21 5
19441 19 18 4
19442 32 31 5
19443 19 18 4
19444 20 19 7
19445 21 20 4
19446 20 19 5
19447 19 18 6
19448 18 18 4
19449 26 25 5
19450 27 26 6
19451 14 14 4
19452 32 31 5
19453 11 11 5
19454 17 16 4
19455 12 11 5
19456 19 18 4
19457 18 17 5
19458 19 18 4
19459 20 19 5
19460 23 22 4
19461 26 25 5
19462 11 10 4
19463 22 21 5
19464 21 20 4
19465 14 13 5
19466 15 14 4
19467 20 19 5
19468 27 26 6
19469 12 12 4
19470 16 15 5
19471 13 12 4
19472 20 19 5
19473 13 12 4
19474 18 17 5
19475 21 20 6
19476 14 14 6
19477 26 26 4
19478 18 17 5
19479 19 19 5
19480 11 10 4
19481 26 25 5
19482 17 16 4
19483 12 11 5
19484 21 20 4
19485 18 17 5
19486 15 14 4
19487 14 13 5
19488 15 14 4
19489 10 9 5
19490 23 22 4
19491 24 23 5
19492 17 16 4
19493 24 23 5
19494 27 26 4
19495 32 31 5
19496 23 22 4
19497 20 19 5
19498 19 18 6
19499 26 25 5
19500 35 34 6
19501 20 19 5
19502 37 37 7
19503 29 29 9
19504 27 26 6
19505 18 18 4
19506 28 27 9
19507 13 13 5
19508 31 30 6
19509 36 36 4
19510 16 15 5
19511 19 18 4
19512 16 15 5
19513 21 21 5
19514 27 26 6
19515 36 36 8
19516 16 15 5
19517 35 34 8
19518 26 26 4
19519 22 21 5
19520 21 20 6
19521 16 15 5
19522 17 17 7
19523 19 18 6
19524 24 23 7
19525 19 19 5
19526 15 15 5
19527 17 16 6
19528 20 20 4
19529 18 17 5
19530 25 24 4
19531 32 31 9
19532 17 16 4
19533 26 25 5
19534 13 12 4
19535 16 15 5
19536 23 22 4
19537 16 15 5
19538 33 32 8
19539 14 13 5
19540 13 13 5
19541 21 20 6
19542 22 22 6
19543 12 12 4
19544 18 17 7
19545 19 19 7
19546 13 13 5
19547 11 11 5
19548 13 13 5
19549 15 15 5
19550 17 16 4
19551 12 11 5
19552 19 18 4
19553 22 21 5
19554 23 23 7
19555 17 16 4
19556 24 23 5
19557 15 15 5
19558 21 21 5
19559 15 15 5
19560 13 13 5
19561 21 20 6
19562 18 18 6
19563 12 11 5
19564 9 8 4
19565 18 17 7
19566 15 15 7
19567 11 10 4
19568 20 19 7
19569 11 10 4
19570 26 25 5
19571 11 10 4
19572 18 17 7
19573 21 21 7
19574 19 18 8
19575 10 10 4
19576 30 29 9
19577 11 10 6
19578 12 12 4
19579 16 15 7
19580 17 17 5
19581 23 23 5
19582 11 11 5
19583 23 22 6
19584 20 20 6
19585 20 20 8
19586 14 13 5
19587 17 16 4
19588 22 21 5
19589 23 22 6
19590 20 20 8
19591 18 18 6
19592 20 20 6
19593 14 14 6
19594 32 32 6
19595 14 14 6
19596 10 10 4
19597 10 9 5
19598 17 16 8
19599 18 18 4
19600 14 13 5
19601 21 20 4
19602 18 17 5
19603 23 22 6
19604 20 20 6
19605 14 14 4
19606 28 27 5
19607 15 14 6
19608 14 14 4
19609 18 17 5
19610 25 25 5
19611 33 32 6
19612 20 20 6
19613 14 14 4
19614 18 17 5
19615 29 28 4
19616 22 21 5
19617 25 24 4
19618 30 29 5
19619 25 24 6
19620 26 26 4
19621 14 13 5
19622 27 26 6
19623 20 20 6
19624 14 14 6
19625 16 16 4
19626 14 13 5
19627 23 22 6
19628 18 18 6
19629 12 12 4
19630 18 17 5
19631 9 9 5
19632 15 14 6
19633 12 12 6
19634 14 14 6
19635 12 12 4
19636 18 17 5
19637 21 20 4
19638 18 17 5
19639 15 14 4
19640 26 25 5
19641 13 13 5
19642 15 15 5
19643 21 21 5
19644 17 16 6
19645 8 8 4
19646 6 5 4
19647 22 21 5
19648 15 15 5
19649 15 14 4
19650 12 11 5
19651 13 12 6
19652 14 13 5
19653 15 14 6
19654 18 17 7
19655 9 8 4
19656 18 17 5
19657 13 13 5
19658 17 16 6
19659 14 14 8
19660 12 12 4
19661 20 19 5
19662 11 10 4
19663 12 11 5
19664 13 13 7
19665 13 12 6
19666 14 13 5
19667 15 15 5
19668 9 8 4
19669 12 11 5
19670 15 15 7
19671 13 12 6
19672 14 13 5
19673 17 16 4
19674 14 13 5
19675 13 13 5
19676 17 17 7
19677 13 13 5
19678 15 14 6
19679 16 15 5
19680 15 14 4
19681 16 15 5
19682 7 6 5
19683 13 13 5
19684 11 11 5
19685 19 18 6
19686 12 12 4
19687 14 13 5
19688 11 11 5
19689 11 10 4
19690 26 25 7
19691 17 16 4
19692 16 15 5
19693 13 13 5
19694 13 12 6
19695 20 20 6
19696 14 13 7
19697 13 12 4
19698 18 17 5
19699 17 16 4
19700 12 11 5
19701 15 15 7
19702 13 13 5
19703 13 12 6
19704 14 14 6
19705 16 16 6
19706 12 12 6
19707 16 15 7
19708 11 10 6
19709 14 14 4
19710 14 13 5
19711 11 11 5
19712 15 15 5
19713 19 18 6
19714 8 8 4
19715 18 17 7
19716 31 30 6
19717 12 12 6
19718 26 26 4
19719 12 11 5
19720 11 11 5
19721 11 10 4
19722 16 15 5
19723 11 11 5
19724 19 18 4
19725 14 13 5
19726 15 14 4
19727 14 13 5
19728 17 16 6
19729 16 16 6
19730 28 28 6
19731 14 13 5
19732 13 12 6
19733 16 16 6
19734 10 10 6
19735 12 11 5
19736 13 12 4
19737 14 13 5
19738 13 13 5
19739 13 13 5
19740 9 8 4
19741 12 11 5
19742 13 12 6
19743 16 15 5
19744 13 12 4
19745 12 11 5
19746 19 18 6
19747 10 10 4
19748 10 9 5
19749 11 11 5
19750 19 18 4
19751 12 11 5
19752 21 21 5
19753 13 13 5
19754 9 9 5
19755 13 13 5
19756 17 16 6
19757 12 12 4
19758 20 19 5
19759 13 12 4
19760 10 9 5
19761 7 6 5
19762 11 11 5
19763 5 5 5
19764 24 23 5
19765 23 22 4
19766 14 13 5
19767 15 14 4
19768 14 13 5
19769 11 10 4
19770 12 11 5
19771 15 14 6
19772 18 18 6
19773 14 13 5
19774 9 8 4
19775 12 11 5
19776 11 11 5
19777 5 5 5
19778 12 11 5
19779 17 17 5
19780 15 14 4
19781 8 7 6
19782 10 10 6
19783 18 18 4
19784 16 15 5
19785 29 28 4
19786 16 15 5
19787 9 8 4
19788 6 5 4
19789 14 13 5
19790 11 10 6
19791 22 22 6
19792 16 16 6
19793 22 22 6
19794 6 6 6
19795 11 10 4
19796 10 9 5
19797 13 12 4
19798 12 11 5
19799 11 10 4
19800 12 11 7
19801 9 9 5
19802 11 10 6
19803 12 12 4
19804 22 21 5
19805 13 12 4
19806 10 9 5
19807 9 8 4
19808 14 13 5
19809 19 18 6
19810 6 5 4
19811 22 21 5
19812 7 6 5
19813 17 17 5
19814 15 14 4
19815 16 15 7
19816 11 10 4
19817 18 17 5
19818 19 19 5
19819 9 8 4
19820 18 17 5
19821 15 15 5
19822 17 16 4
19823 16 15 5
19824 11 11 5
19825 17 17 5
19826 9 8 4
19827 16 15 5
19828 17 17 5
19829 23 23 5
19830 13 12 4
19831 36 35 7
19832 9 8 4
19833 18 17 7
19834 9 8 4
19835 14 13 5
19836 19 18 8
19837 22 22 10
19838 6 6 6
19839 21 20 4
19840 10 9 5
19841 17 16 6
19842 14 14 6
19843 12 12 6
19844 22 22 6
19845 16 15 5
19846 7 7 7
19847 16 16 6
19848 14 13 5
19849 19 19 5
19850 11 10 4
19851 10 9 5
19852 13 12 4
19853 20 19 7
19854 15 15 5
19855 9 8 4
19856 12 11 5
19857 13 12 6
19858 12 12 4
19859 12 11 5
19860 9 9 5
19861 11 10 6
19862 10 10 6
19863 8 7 6
19864 18 18 6
19865 8 8 4
19866 14 13 5
19867 15 15 5
19868 11 11 5
19869 11 10 6
19870 14 13 5
19871 19 19 7
19872 11 10 4
19873 14 13 5
19874 17 16 6
19875 12 12 6
19876 10 10 6
19877 12 12 6
19878 12 12 4
19879 14 13 5
19880 13 12 6
19881 12 11 7
19882 11 11 5
19883 13 12 6
19884 12 12 6
19885 12 12 4
19886 18 17 7
19887 13 12 4
19888 14 13 5
19889 15 14 6
19890 8 8 4
19891 12 11 5
19892 21 20 4
19893 14 13 5
19894 9 8 4
19895 12 11 5
19896 9 9 5
19897 11 10 4
19898 8 7 6
19899 14 14 6
19900 20 20 6
19901 10 10 4
19902 10 9 5
19903 15 15 5
19904 9 9 5
19905 11 11 5
19906 9 8 4
19907 14 13 5
19908 15 14 6
19909 10 9 5
19910 9 9 5
19911 13 12 6
19912 10 10 4
19913 20 19 7
19914 15 15 5
19915 11 11 5
19916 11 10 4
19917 16 15 5
19918 9 9 5
19919 17 16 8
19920 6 6 6
19921 13 12 4
19922 12 11 5
19923 13 13 5
19924 9 8 4
19925 12 11 5
19926 13 13 5
19927 11 11 5
19928 15 15 5
19929 21 21 7
19930 7 6 5
19931 9 8 4
19932 10 9 5
19933 15 15 5
19934 11 10 6
19935 14 13 5
19936 19 19 7
19937 13 12 4
19938 10 9 5
19939 11 11 5
19940 11 10 6
19941 10 10 6
19942 16 16 6
19943 6 5 4
19944 20 19 9
19945 9 9 5
19946 11 10 4
19947 14 13 7
19948 17 16 6
19949 22 22 4
19950 14 13 5
19951 21 20 6
19952 10 9 5
19953 11 11 5
19954 13 12 6
19955 16 16 4
19956 14 13 5
19957 19 18 6
19958 10 10 6
19959 18 18 6
19960 8 8 4
19961 12 11 5
19962 17 17 5
19963 15 14 6
19964 16 15 5
19965 25 24 4
19966 14 13 5
19967 17 16 6
19968 16 15 7
19969 19 18 6
19970 18 18 6
19971 6 6 6
19972 11 11 5
19973 9 8 4
19974 16 15 5
19975 13 13 5
19976 13 13 7
19977 19 18 6
19978 18 18 6
19979 20 19 5
19980 13 12 4
19981 14 13 5
19982 13 13 5
19983 11 11 5
19984 21 20 8
19985 10 10 4
19986 16 15 5
19987 5 5 5
19988 10 9 5
19989 7 6 5
19990 15 14 6
19991 6 5 4
19992 10 9 5
19993 9 9 5
19994 13 12 6
19995 6 5 4
19996 16 15 7
19997 11 10 4
19998 18 17 7
19999 11 11 5
20000 11 11 5
20001 11 10 4
20002 16 15 5
20003 7 6 5
20004 11 10 4
20005 12 11 7
20006 13 12 4
20007 14 13 7
20008 21 21 5
20009 17 17 5
20010 11 10 6
20011 12 12 6
20012 8 8 4
20013 18 17 7
20014 15 15 5
20015 13 13 7
20016 19 18 6
20017 20 20 6
20018 18 18 6
20019 12 11 5
20020 11 10 6
20021 6 6 6
20022 15 14 6
20023 12 12 4
20024 18 17 5
20025 23 22 6
20026 16 16 4
20027 10 9 5
20028 13 12 4
20029 12 11 5
20030 15 14 6
20031 14 14 4
20032 10 9 5
20033 13 12 4
20034 8 7 6
20035 10 10 6
20036 8 8 4
20037 18 17 5
20038 15 14 6
20039 14 14 4
20040 16 15 5
20041 9 8 4
20042 14 13 5
20043 9 8 4
20044 12 11 5
20045 9 9 5
20046 15 15 5
20047 11 11 5
20048 15 14 6
20049 14 13 5
20050 13 13 7
20051 11 10 4
20052 18 17 5
20053 13 12 6
20054 16 16 4
20055 24 23 5
20056 41 40 4
20057 14 13 5
20058 13 12 4
20059 10 9 5
20060 13 12 8
20061 10 10 6
20062 6 6 6
20063 21 20 6
20064 16 15 5
20065 15 14 6
20066 14 14 6
20067 16 16 4
20068 18 17 5
20069 23 23 5
20070 13 13 5
20071 15 14 4
20072 18 17 5
20073 11 10 4
20074 10 9 5
20075 17 16 4
20076 10 9 5
20077 11 10 4
20078 6 5 4
20079 12 11 7
20080 9 8 4
20081 16 15 5
20082 9 9 5
20083 7 7 7
20084 8 8 4
20085 22 21 5
20086 15 15 5
20087 15 14 4
20088 12 11 5
20089 21 20 6
20090 10 10 6
20091 14 14 4
20092 10 9 5
20093 15 14 4
20094 18 17 5
20095 9 9 5
20096 17 17 5
20097 25 25 5
20098 9 8 4
20099 22 21 5
20100 27 26 4
20101 28 27 5
20102 11 11 5
20103 29 28 4
20104 18 17 5
20105 19 18 4
20106 28 27 5
20107 33 32 4
20108 18 17 5
20109 15 14 4
20110 36 35 5
20111 31 30 4
20112 22 21 5
20113 15 14 6
20114 18 18 4
20115 34 33 5
20116 35 35 5
20117 29 28 4
20118 22 21 5
20119 21 20 4
20120 18 17 5
20121 27 27 5
20122 31 31 7
20123 21 21 5
20124 19 18 6
20125 18 18 6
20126 22 21 9
20127 27 26 6
20128 22 21 5
20129 21 20 6
20130 14 13 5
20131 19 19 5
20132 15 15 5
20133 25 24 6
20134 16 16 4
20135 22 21 5
20136 9 9 5
20137 21 20 8
20138 26 26 6
20139 14 13 5
20140 15 14 4
20141 20 19 7
20142 15 14 6
20143 14 13 5
20144 15 14 6
20145 26 26 10
20146 8 8 4
20147 20 19 5
20148 19 19 9
20149 25 24 10
20150 22 21 5
20151 11 11 5
20152 9 8 4
20153 12 11 5
20154 27 26 6
20155 6 6 6
20156 25 24 8
20157 10 10 4
20158 12 11 5
20159 13 13 5
20160 17 16 6
20161 36 36 10
20162 20 20 6
20163 12 11 5
20164 15 15 5
20165 21 20 8
20166 12 11 5
20167 21 20 8
20168 18 18 8
20169 24 23 9
20170 13 12 4
20171 18 17 5
20172 15 15 5
20173 13 12 6
20174 26 26 6
20175 10 9 5
20176 11 10 4
20177 20 19 5
20178 15 15 7
20179 25 24 8
20180 16 15 7
20181 13 12 6
20182 16 16 4
20183 14 13 5
20184 11 11 7
20185 11 10 4
20186 20 19 5
20187 13 13 5
20188 15 14 6
20189 14 14 6
20190 18 18 4
20191 18 17 7
20192 15 15 5
20193 11 10 4
20194 14 13 5
20195 7 6 5
20196 15 14 4
20197 12 11 5
20198 21 20 4
20199 20 19 5
20200 9 8 4
20201 12 11 5
20202 11 10 4
20203 10 9 5
20204 17 16 6
20205 8 8 4
20206 16 15 5
20207 15 15 5
20208 13 12 6
20209 12 12 4
20210 14 13 5
20211 7 7 7
20212 20 19 5
20213 15 14 4
20214 14 13 7
20215 13 12 4
20216 22 21 7
20217 5 5 5
20218 14 13 5
20219 13 12 4
20220 16 15 5
20221 19 19 7
20222 11 10 4
20223 14 13 5
20224 11 10 4
20225 18 17 5
20226 17 17 5
20227 11 11 5
20228 13 12 6
20229 12 12 4
20230 16 15 7
20231 17 16 6
20232 10 10 6
20233 12 12 6
20234 14 14 6
20235 12 12 4
20236 12 11 5
20237 7 6 5
20238 15 14 6
20239 14 14 6
20240 10 10 6
20241 6 6 6
20242 15 14 6
20243 14 14 6
20244 16 16 6
20245 14 14 6
20246 18 18 6
20247 10 9 5
20248 11 11 5
20249 17 16 6
20250 6 6 6
20251 17 16 4
20252 16 15 7
20253 11 10 6
20254 14 14 4
20255 14 13 5
20256 11 11 5
20257 13 12 6
20258 14 14 6
20259 8 7 6
20260 16 16 6
20261 14 13 5
20262 13 12 4
20263 14 13 7
20264 13 12 6
20265 10 9 5
20266 23 22 8
20267 12 12 4
20268 20 19 5
20269 13 12 6
20270 14 14 6
20271 18 18 6
20272 10 10 4
20273 14 13 5
20274 17 17 7
20275 7 6 5
20276 7 6 5
20277 13 12 6
20278 16 16 4
20279 16 15 7
20280 5 5 5
20281 24 23 7
20282 15 15 5
20283 15 14 6
20284 12 12 4
20285 20 19 7
20286 9 9 5
20287 9 8 4
20288 16 15 5
20289 15 14 4
20290 12 11 7
20291 11 10 6
20292 10 10 6
20293 14 14 4
20294 6 5 4
20295 12 11 5
20296 9 9 5
20297 7 7 7
20298 12 11 5
20299 13 12 6
20300 6 6 6
20301 15 15 7
20302 13 13 5
20303 15 14 6
20304 12 11 5
20305 13 13 7
20306 13 12 6
20307 14 13 5
20308 11 11 5
20309 11 10 4
20310 16 15 5
20311 15 15 5
20312 13 12 6
20313 8 8 4
20314 18 17 5
20315 9 9 5
20316 15 14 6
20317 14 14 4
20318 18 17 7
20319 13 12 4
20320 14 13 7
20321 11 10 4
20322 10 9 5
20323 15 14 6
20324 12 11 5
20325 15 15 5
20326 13 12 6
20327 14 14 6
20328 14 14 4
20329 10 9 5
20330 11 10 4
20331 6 5 4
20332 18 17 5
20333 21 20 6
20334 20 19 5
20335 11 10 4
20336 10 9 5
20337 15 14 4
20338 26 25 5
20339 11 10 4
20340 18 17 5
20341 15 14 4
20342 10 9 5
20343 17 16 4
20344 16 15 5
20345 29 28 4
20346 28 27 7
20347 7 6 5
20348 13 12 4
20349 14 13 5
20350 11 11 5
20351 11 10 4
20352 20 19 5
20353 21 20 4
20354 16 15 5
20355 15 14 4
20356 12 11 5
20357 17 16 4
20358 20 19 5
20359 19 18 6
20360 20 20 4
20361 18 17 5
20362 11 10 4
20363 14 13 5
20364 29 28 4
20365 44 43 5
20366 15 14 4
20367 10 9 5
20368 11 10 4
20369 14 13 5
20370 23 23 5
20371 25 24 6
20372 18 18 4
20373 16 15 5
20374 13 12 4
20375 14 13 5
20376 17 16 4
20377 20 19 5
20378 21 20 6
20379 26 26 4
20380 18 17 7
20381 25 24 4
20382 20 19 5
20383 13 13 5
20384 23 22 4
20385 20 19 5
20386 13 12 4
20387 12 11 5
20388 17 16 4
20389 26 25 7
20390 19 18 4
20391 16 15 5
20392 19 19 5
20393 15 14 4
20394 18 17 5
20395 15 15 5
20396 15 15 5
20397 29 29 7
20398 27 27 7
20399 15 14 6
20400 18 18 4
20401 20 19 5
20402 27 26 4
20403 22 21 5
20404 25 24 4
20405 18 17 5
20406 15 14 4
20407 18 17 5
20408 35 34 6
20409 12 11 5
20410 15 14 4
20411 12 11 5
20412 15 14 4
20413 20 19 7
20414 27 26 8
20415 6 6 6
20416 25 24 12
20417 18 18 6
20418 18 18 6
20419 8 8 4
20420 20 19 5
20421 21 20 6
20422 24 23 7
20423 9 8 4
20424 18 17 5
20425 11 11 5
20426 19 19 7
20427 27 27 11
20428 21 21 5
20429 21 20 8
20430 26 26 6
20431 18 17 7
20432 17 16 4
20433 18 17 7
20434 21 21 7
20435 19 19 7
20436 17 17 7
20437 9 8 4
20438 18 17 5
20439 15 15 5
20440 17 17 5
20441 19 18 6
20442 36 36 10
20443 20 19 5
20444 15 15 5
20445 21 20 6
20446 24 24 8
20447 14 14 6
20448 20 20 4
20449 24 23 7
20450 23 22 6
20451 24 23 5
20452 23 22 6
20453 22 22 6
20454 12 12 6
20455 14 13 5
20456 15 14 6
20457 16 16 6
20458 14 14 6
20459 12 12 4
20460 20 19 7
20461 21 20 6
20462 16 16 4
20463 22 21 5
20464 21 20 4
20465 16 15 5
20466 19 18 6
20467 12 12 4
20468 24 23 5
20469 9 8 4
20470 16 15 5
20471 11 10 4
20472 14 13 5
20473 23 22 6
20474 20 20 4
20475 14 13 5
20476 19 18 4
20477 14 13 5
20478 21 20 6
20479 22 21 7
20480 19 18 4
20481 10 9 5
20482 29 28 4
20483 10 9 5
20484 23 22 6
20485 12 12 4
20486 14 13 5
20487 19 18 4
20488 18 17 5
20489 19 18 4
20490 22 21 5
20491 15 15 5
20492 11 11 5
20493 19 18 6
20494 14 13 5
20495 9 9 5
20496 7 6 5
20497 13 12 4
20498 20 19 7
20499 21 20 4
20500 18 17 5
20501 19 18 4
20502 22 21 5
20503 19 18 6
20504 10 10 6
20505 14 14 6
20506 12 12 6
20507 12 12 4
20508 10 9 5
20509 11 10 4
20510 12 11 5
20511 15 14 6
20512 20 20 6
20513 20 20 4
20514 8 7 6
20515 16 16 6
20516 10 9 5
20517 13 12 4
20518 16 15 5
20519 19 19 5
20520 25 25 5
20521 13 12 4
20522 14 13 5
20523 15 14 6
20524 8 8 4
20525 20 19 5
20526 13 12 6
20527 16 16 6
20528 14 14 4
20529 10 9 5
20530 9 9 5
20531 15 14 6
20532 22 21 5
20533 11 10 4
20534 18 17 5
20535 15 14 6
20536 10 10 4
20537 18 17 5
20538 11 11 5
20539 15 14 6
20540 22 22 4
20541 22 21 5
20542 7 6 5
20543 13 12 4
20544 12 11 7
20545 17 16 4
20546 24 23 5
20547 19 19 5
20548 11 10 4
20549 14 13 5
20550 19 18 4
20551 16 15 5
20552 15 14 4
20553 18 17 5
20554 11 11 5
20555 25 24 6
20556 12 12 4
20557 18 17 5
20558 17 17 5
20559 13 12 6
20560 16 16 6
20561 16 15 5
20562 15 14 4
20563 16 15 5
20564 9 9 5
20565 17 16 4
20566 8 7 6
20567 10 10 4
20568 8 7 6
20569 8 8 4
20570 6 5 4
20571 10 9 5
20572 15 15 7
20573 19 18 6
20574 10 9 5
20575 13 13 5
20576 7 6 5
20577 11 10 6
20578 14 13 7
20579 15 14 6
20580 12 12 4
20581 14 13 5
20582 13 13 5
20583 9 9 5
20584 9 8 4
20585 16 15 7
20586 9 9 5
20587 13 12 6
20588 10 10 6
20589 12 12 6
20590 16 16 6
20591 10 10 6
20592 16 16 6
20593 12 11 5
20594 13 13 5
20595 15 14 6
20596 10 10 4
20597 14 13 5
20598 13 13 5
20599 15 15 5
20600 13 13 5
20601 15 14 4
20602 14 13 5
20603 11 11 5
20604 15 14 6
20605 10 9 5
20606 19 18 8
20607 16 16 6
20608 10 10 4
20609 6 5 4
20610 12 11 5
20611 11 10 6
20612 10 10 6
20613 22 22 6
20614 14 13 5
20615 31 30 4
20616 12 11 5
20617 7 6 5
20618 9 8 4
20619 8 7 6
20620 8 8 4
20621 10 9 5
20622 17 17 5
20623 19 19 5
20624 13 13 5
20625 13 13 5
20626 13 12 6
20627 12 12 4
20628 16 15 5
20629 17 16 4
20630 12 11 5
20631 13 12 4
20632 16 15 5
20633 11 11 5
20634 17 16 4
20635 14 13 5
20636 17 16 6
20637 22 21 7
20638 27 26 4
20639 18 17 5
20640 11 10 4
20641 12 11 5
20642 17 16 4
20643 10 9 5
20644 25 24 6
20645 16 16 4
20646 28 27 5
20647 23 23 5
20648 25 24 4
20649 22 21 5
20650 33 32 6
20651 14 14 4
20652 20 19 5
20653 21 21 5
20654 21 20 4
20655 24 23 5
20656 33 32 4
20657 16 15 5
20658 19 18 6
20659 34 33 5
20660 23 22 6
20661 20 20 4
20662 24 23 5
20663 21 21 5
20664 25 24 6
20665 24 23 5
20666 11 11 5
20667 23 23 5
20668 17 16 4
20669 34 33 9
20670 27 26 8
20671 12 12 4
20672 14 13 5
20673 29 28 6
20674 26 26 6
20675 16 16 6
20676 14 14 4
20677 26 25 7
20678 13 12 4
20679 16 15 5
20680 15 14 6
20681 24 24 4
20682 20 19 5
20683 19 19 5
20684 19 19 7
20685 17 17 5
20686 21 21 9
20687 23 22 6
20688 22 22 6
20689 20 20 6
20690 8 8 4
20691 30 29 5
20692 13 12 6
20693 10 10 4
20694 12 11 5
20695 19 19 5
20696 15 14 4
20697 14 13 5
20698 11 10 4
20699 26 25 5
20700 27 27 5
20701 23 22 4
20702 24 23 5
20703 13 12 4
20704 16 15 5
20705 25 24 4
20706 18 17 5
20707 13 12 4
20708 16 15 5
20709 13 12 4
20710 20 19 5
20711 11 10 4
20712 12 11 5
20713 19 18 4
20714 16 15 5
20715 11 10 6
20716 22 22 6
20717 18 17 5
20718 15 15 5
20719 21 21 7
20720 9 8 4
20721 22 21 5
20722 13 12 4
20723 18 17 5
20724 17 16 4
20725 18 17 7
20726 17 16 6
20727 12 12 6
20728 22 21 7
20729 7 6 5
20730 17 16 6
20731 22 21 9
20732 19 18 6
20733 14 14 6
20734 18 18 8
20735 12 12 4
20736 22 21 7
20737 11 11 5
20738 13 12 4
20739 14 13 7
20740 11 10 6
20741 16 16 4
20742 18 17 5
20743 11 10 4
20744 20 19 9
20745 15 14 6
20746 18 18 6
20747 14 13 5
20748 19 19 7
20749 17 16 6
20750 10 10 6
20751 14 13 5
20752 15 14 6
20753 12 11 5
20754 19 18 8
20755 8 8 4
20756 12 11 5
20757 13 12 6
20758 10 10 6
20759 20 19 7
20760 13 12 6
20761 8 8 4
20762 10 9 5
20763 13 12 8
20764 16 16 6
20765 10 10 6
20766 14 14 6
20767 14 13 5
20768 13 13 5
20769 13 12 6
20770 16 16 6
20771 10 9 5
20772 13 13 7
20773 19 18 6
20774 12 12 4
20775 6 5 4
20776 14 13 5
20777 9 8 4
20778 12 11 7
20779 13 13 5
20780 9 9 5
20781 21 20 6
20782 16 15 5
20783 13 13 7
20784 9 8 4
20785 10 9 5
20786 11 11 5
20787 9 9 5
20788 13 13 7
20789 15 14 4
20790 14 13 5
20791 11 11 7
20792 11 10 6
20793 10 9 5
20794 17 16 6
20795 16 16 6
20796 10 9 5
20797 13 12 6
20798 12 12 4
20799 12 11 5
20800 11 10 6
20801 8 7 6
20802 12 12 4
20803 16 15 9
20804 19 19 5
20805 17 16 6
20806 10 9 5
20807 15 15 5
20808 9 8 4
20809 12 11 7
20810 7 6 5
20811 11 10 4
20812 10 9 5
20813 17 17 7
20814 9 8 4
20815 8 7 6
20816 16 16 8
20817 10 10 4
20818 14 13 7
20819 17 16 6
20820 14 13 5
20821 7 6 5
20822 13 12 6
20823 6 6 6
20824 11 11 7
20825 15 14 8
20826 10 10 4
20827 18 17 7
20828 11 11 5
20829 9 9 5
20830 11 11 5
20831 9 9 5
20832 23 22 6
20833 14 13 5
20834 15 15 7
20835 7 6 5
20836 9 9 5
20837 9 9 5
20838 11 11 7
20839 11 10 4
20840 16 15 7
20841 11 10 6
20842 14 14 8
20843 8 8 4
20844 14 13 5
20845 11 10 6
20846 16 16 8
20847 6 6 6
20848 9 8 4
20849 6 5 4
20850 16 15 7
20851 5 5 5
20852 8 7 6
20853 14 14 6
20854 10 9 5
20855 7 6 5
20856 13 12 6
20857 6 6 6
20858 13 13 7
20859 15 14 8
20860 14 14 6
20861 8 8 4
20862 6 5 4
20863 14 13 7
20864 9 8 7
20865 13 13 5
20866 11 11 5
20867 7 6 5
20868 15 14 4
20869 10 9 5
20870 17 17 5
20871 7 7 7
20872 14 14 6
20873 16 15 5
20874 7 6 5
20875 17 16 6
20876 10 9 5
20877 11 11 5
20878 9 9 5
20879 15 14 6
20880 16 15 7
20881 13 13 5
20882 7 6 5
20883 13 12 4
20884 10 9 5
20885 15 14 6
20886 14 13 5
20887 7 6 5
20888 13 13 5
20889 25 24 6
20890 8 8 4
20891 14 13 5
20892 19 19 7
20893 13 12 6
20894 14 14 8
20895 16 16 6
20896 22 21 5
20897 23 22 4
20898 10 9 5
20899 11 11 5
20900 9 8 4
20901 16 15 5
20902 9 8 4
20903 14 13 5
20904 11 10 4
20905 10 9 5
20906 13 13 5
20907 21 20 6
20908 16 16 8
20909 10 10 4
20910 16 15 5
20911 19 18 6
20912 12 12 6
20913 12 12 4
20914 6 5 4
20915 14 13 5
20916 15 14 4
20917 12 11 7
20918 17 16 4
20919 14 13 5
20920 15 14 4
20921 18 17 5
20922 17 16 6
20923 22 21 5
20924 17 16 6
20925 10 10 4
20926 18 17 5
20927 21 20 6
20928 12 12 6
20929 14 14 4
20930 22 21 5
20931 17 16 6
20932 20 19 5
20933 19 19 5
20934 21 20 4
20935 16 15 5
20936 19 18 4
20937 22 21 5
20938 17 16 4
20939 24 23 5
20940 27 26 4
20941 12 11 5
20942 23 23 5
20943 17 16 4
20944 20 19 5
20945 33 32 8
20946 22 22 4
20947 26 25 5
20948 19 18 4
20949 20 19 5
20950 19 18 4
20951 12 11 5
20952 27 26 6
20953 18 18 6
20954 10 9 5
20955 23 22 6
20956 10 10 4
20957 32 31 9
20958 17 16 6
20959 24 24 6
20960 22 22 4
20961 20 19 5
20962 21 20 6
20963 22 22 6
20964 22 22 8
20965 18 17 5
20966 15 14 4
20967 14 13 5
20968 13 12 4
20969 26 25 5
20970 19 19 7
20971 17 16 4
20972 18 17 5
20973 25 25 5
20974 13 13 5
20975 27 26 6
20976 20 19 5
20977 21 21 5
20978 23 23 7
20979 19 18 4
20980 18 17 5
20981 19 18 4
20982 12 11 5
20983 21 20 6
20984 20 19 7
20985 27 27 9
20986 13 12 6
20987 20 20 8
20988 30 29 9
20989 15 15 7
20990 13 12 4
20991 12 11 5
20992 19 18 6
20993 24 23 9
20994 13 13 7
20995 15 15 5
20996 17 16 4
20997 26 25 7
20998 15 15 7
20999 23 23 11
21000 21 20 4
21001 14 13 5
21002 11 10 4
21003 18 17 5
21004 15 15 7
21005 15 15 5
21006 11 10 4
21007 28 27 5
21008 15 14 6
21009 12 12 4
21010 14 13 5
21011 21 20 6
21012 12 12 6
21013 10 10 4
21014 16 15 5
21015 15 14 6
21016 12 11 5
21017 9 8 4
21018 8 7 6
21019 16 16 6
21020 10 10 4
21021 18 17 7
21022 9 8 7
21023 11 10 4
21024 6 5 4
21025 12 11 5
21026 9 9 5
21027 11 10 6
21028 10 10 4
21029 12 11 7
21030 9 9 5
21031 15 15 5
21032 13 13 5
21033 13 13 5
21034 11 11 5
21035 17 16 4
21036 10 9 5
21037 23 22 8
21038 10 10 4
21039 16 15 7
21040 9 8 4
21041 14 13 7
21042 13 12 4
21043 20 19 7
21044 5 5 5
21045 14 13 5
21046 9 9 5
21047 13 12 6
21048 12 11 5
21049 13 12 6
21050 20 20 4
21051 10 9 5
21052 13 13 5
21053 11 10 6
21054 14 14 6
21055 6 6 6
21056 9 9 5
21057 19 18 6
21058 8 8 4
21059 12 11 5
21060 13 13 7
21061 11 10 4
21062 12 11 5
21063 11 11 5
21064 15 14 6
21065 12 12 6
21066 12 12 6
21067 12 11 5
21068 11 10 4
21069 10 9 5
21070 15 14 6
21071 6 5 4
21072 14 13 7
21073 13 12 6
21074 12 12 4
21075 6 5 4
21076 12 11 7
21077 13 13 7
21078 9 8 4
21079 6 5 4
21080 14 13 5
21081 17 16 6
21082 12 12 8
21083 6 6 6
21084 11 11 5
21085 11 10 6
21086 14 13 7
21087 15 14 6
21088 12 12 6
21089 12 12 6
21090 16 15 5
21091 11 11 5
21092 11 10 4
21093 14 13 5
21094 17 17 7
21095 7 6 5
21096 11 10 6
21097 14 14 6
21098 10 10 6
21099 14 14 4
21100 14 13 5
21101 19 18 6
21102 14 14 6
21103 16 15 7
21104 7 6 5
21105 15 14 4
21106 10 9 5
21107 13 12 4
21108 12 11 7
21109 13 12 6
21110 6 6 6
21111 13 13 7
21112 11 10 6
21113 14 14 6
21114 12 11 5
21115 11 10 6
21116 14 13 7
21117 11 10 4
21118 10 9 5
21119 17 16 6
21120 12 11 5
21121 11 10 4
21122 14 13 5
21123 17 17 5
21124 9 9 5
21125 17 17 5
21126 11 10 4
21127 12 11 5
21128 5 5 5
21129 18 17 7
21130 13 12 4
21131 16 15 5
21132 7 6 5
21133 9 9 5
21134 9 9 5
21135 13 12 6
21136 14 13 7
21137 11 10 6
21138 14 14 4
21139 18 17 5
21140 5 5 5
21141 14 13 5
21142 11 10 6
21143 10 10 4
21144 12 11 5
21145 15 14 8
21146 8 8 4
21147 14 13 5
21148 17 16 6
21149 8 8 4
21150 16 15 5
21151 7 6 5
21152 13 12 4
21153 12 11 5
21154 11 11 5
21155 21 20 4
21156 14 13 5
21157 7 6 5
21158 13 12 6
21159 8 8 4
21160 16 15 5
21161 13 13 7
21162 9 8 4
21163 10 9 5
21164 11 10 4
21165 8 7 6
21166 16 16 8
21167 14 14 4
21168 12 11 5
21169 13 12 6
21170 22 22 4
21171 16 15 5
21172 17 17 5
21173 19 18 6
21174 12 12 4
21175 16 15 5
21176 15 14 6
21177 14 13 5
21178 19 18 4
21179 18 17 5
21180 13 12 4
21181 6 5 4
21182 18 17 7
21183 9 8 4
21184 12 11 5
21185 13 13 5
21186 23 22 6
21187 20 20 4
21188 8 7 6
21189 10 10 4
21190 10 9 5
21191 19 18 4
21192 16 15 5
21193 29 28 6
21194 26 26 6
21195 10 9 5
21196 19 18 4
21197 20 19 5
21198 11 10 4
21199 22 21 5
21200 17 16 4
21201 18 17 5
21202 19 18 4
21203 20 19 5
21204 15 14 4
21205 12 11 5
21206 23 22 4
21207 28 27 5
21208 19 18 4
21209 32 31 5
21210 41 40 4
21211 32 31 5
21212 13 12 4
21213 14 13 5
21214 19 18 4
21215 26 25 5
21216 11 10 4
21217 26 25 5
21218 19 18 4
21219 26 25 5
21220 13 12 4
21221 18 17 5
21222 23 22 6
21223 14 14 4
21224 20 19 5
21225 25 24 4
21226 18 17 5
21227 25 24 6
21228 10 10 4
21229 20 19 7
21230 11 10 4
21231 16 15 5
21232 19 18 4
21233 16 15 5
21234 19 18 6
21235 18 18 4
21236 14 13 5
21237 11 10 4
21238 20 19 5
21239 13 13 5
21240 11 10 4
21241 14 13 5
21242 19 19 5
21243 15 14 6
21244 12 12 6
21245 14 14 6
21246 14 14 4
21247 12 11 7
21248 23 22 6
21249 14 14 4
21250 10 9 5
21251 9 9 5
21252 13 12 6
21253 12 11 5
21254 13 12 4
21255 14 13 5
21256 13 13 7
21257 19 18 6
21258 10 9 5
21259 15 15 5
21260 9 8 4
21261 16 15 7
21262 19 18 6
21263 10 10 4
21264 14 13 5
21265 9 9 5
21266 25 24 6
21267 16 15 5
21268 13 12 4
21269 14 13 5
21270 15 14 6
21271 10 10 6
21272 20 20 6
21273 26 25 7
21274 17 17 5
21275 13 12 4
21276 16 15 5
21277 15 14 6
21278 18 17 7
21279 11 10 6
21280 16 16 4
21281 20 19 7
21282 21 20 8
21283 10 10 4
21284 16 15 5
21285 9 9 5
21286 15 14 8
21287 10 10 4
21288 12 11 5
21289 9 9 5
21290 13 13 5
21291 11 10 6
21292 16 15 7
21293 11 10 6
21294 12 11 5
21295 9 9 5
21296 21 21 7
21297 13 12 4
21298 12 11 5
21299 13 13 5
21300 13 12 6
21301 14 14 6
21302 14 13 7
21303 15 14 4
21304 12 11 5
21305 13 13 5
21306 17 17 5
21307 7 6 5
21308 17 16 4
21309 12 11 5
21310 9 8 4
21311 6 5 4
21312 14 13 7
21313 11 10 6
21314 18 18 6
21315 8 8 4
21316 10 9 5
21317 15 14 4
21318 14 13 7
21319 15 14 6
21320 12 11 5
21321 7 6 5
21322 13 13 7
21323 5 5 5
21324 12 11 5
21325 15 14 6
21326 8 8 4
21327 20 19 7
21328 15 14 6
21329 6 5 4
21330 10 9 5
21331 11 10 4
21332 10 9 5
21333 17 16 8
21334 10 10 6
21335 16 16 6
21336 10 10 6
21337 10 10 4
21338 14 13 7
21339 25 24 6
21340 6 5 4
21341 10 9 5
21342 7 7 7
21343 18 18 8
21344 10 10 6
21345 10 10 4
21346 12 11 5
21347 17 17 7
21348 13 12 6
21349 10 9 5
21350 11 11 5
21351 9 9 5
21352 13 12 6
21353 14 13 5
21354 15 14 6
21355 10 9 5
21356 13 12 6
21357 14 14 8
21358 8 8 4
21359 14 13 5
21360 15 14 6
21361 18 18 8
21362 18 17 7
21363 13 12 6
21364 12 12 6
21365 20 20 8
21366 20 20 6
21367 10 9 5
21368 11 11 5
21369 13 12 4
21370 12 11 5
21371 15 15 5
21372 17 16 4
21373 10 9 5
21374 13 12 6
21375 6 6 6
21376 11 11 5
21377 7 7 7
21378 18 17 5
21379 9 9 5
21380 19 18 6
21381 14 13 5
21382 13 12 6
21383 6 6 6
21384 11 10 4
21385 10 9 5
21386 11 11 7
21387 13 12 6
21388 16 16 6
21389 6 6 6
21390 11 10 6
21391 10 10 6
21392 14 14 8
21393 10 10 4
21394 10 9 5
21395 13 12 6
21396 20 20 6
21397 8 8 4
21398 20 19 9
21399 7 7 7
21400 14 14 6
21401 10 10 6
21402 20 20 8
21403 10 10 6
21404 16 16 6
21405 8 8 4
21406 22 21 5
21407 5 5 5
21408 12 11 5
21409 7 6 5
21410 13 13 7
21411 7 6 5
21412 19 18 6
21413 8 8 4
21414 14 13 5
21415 15 14 4
21416 16 15 7
21417 13 12 6
21418 8 8 4
21419 18 17 7
21420 15 15 5
21421 15 14 6
21422 12 12 4
21423 6 5 4
21424 18 17 7
21425 11 10 4
21426 10 9 5
21427 15 15 7
21428 9 8 4
21429 16 15 7
21430 15 14 6
21431 8 7 6
21432 8 8 4
21433 12 11 5
21434 19 19 5
21435 15 14 4
21436 10 9 5
21437 15 14 8
21438 14 14 6
21439 12 12 4
21440 16 15 7
21441 7 6 5
21442 11 10 6
21443 12 12 6
21444 16 16 6
21445 12 11 5
21446 13 12 4
21447 14 13 5
21448 11 10 6
21449 12 12 6
21450 16 15 5
21451 23 22 4
21452 14 13 5
21453 7 6 5
21454 13 12 6
21455 10 10 6
21456 8 8 4
21457 18 17 5
21458 17 17 5
21459 17 16 6
21460 10 10 6
21461 14 14 6
21462 6 6 6
21463 15 14 4
21464 6 5 4
21465 6 5 4
21466 18 17 7
21467 13 12 4
21468 16 15 5
21469 13 13 5
21470 11 10 6
21471 12 12 4
21472 14 13 5
21473 13 13 5
21474 25 25 5
21475 13 12 6
21476 10 10 4
21477 12 11 7
21478 11 10 6
21479 8 8 4
21480 16 15 5
21481 25 24 6
21482 18 18 6
21483 42 41 5
21484 13 12 4
21485 6 5 4
21486 20 19 5
21487 37 36 4
21488 28 27 5
21489 17 16 4
21490 18 17 5
21491 19 18 4
21492 28 27 5
21493 15 14 6
21494 22 22 6
21495 28 28 4
21496 14 13 5
21497 25 25 5
21498 21 20 4
21499 14 13 5
21500 21 20 4
21501 18 17 5
21502 37 36 6
21503 22 22 6
21504 24 24 6
21505 12 11 5
21506 15 14 4
21507 18 17 5
21508 15 14 4
21509 34 33 5
21510 19 18 6
21511 10 10 4
21512 22 21 5
21513 21 21 7
21514 33 32 4
21515 24 23 5
21516 21 20 4
21517 26 25 7
21518 13 13 5
21519 15 14 4
21520 12 11 5
21521 13 12 4
21522 28 27 7
21523 21 21 7
21524 21 20 8
21525 22 22 6
21526 14 14 4
21527 16 15 5
21528 15 15 5
21529 19 18 8
21530 16 16 6
21531 20 20 6
21532 18 17 5
21533 13 13 5
21534 21 20 8
21535 18 18 6
21536 22 21 7
21537 27 26 6
21538 24 24 6
21539 18 17 5
21540 11 11 5
21541 21 20 10
21542 22 22 6
21543 18 18 6
21544 16 15 5
21545 19 19 5
21546 13 13 5
21547 15 15 7
21548 17 17 7
21549 17 16 4
21550 32 31 9
21551 29 28 8
21552 24 24 12
21553 24 24 10
21554 16 16 6
21555 14 14 6
21556 26 26 10
21557 16 16 6
21558 14 14 4
21559 14 13 7
21560 21 20 4
21561 28 27 7
21562 19 19 5
21563 19 19 7
21564 19 18 6
21565 18 18 4
21566 12 11 5
21567 15 14 4
21568 24 23 7
21569 19 18 4
21570 12 11 5
21571 17 16 4
21572 18 17 5
21573 13 12 4
21574 20 19 5
21575 13 12 4
21576 30 29 5
21577 11 10 4
21578 16 15 5
21579 19 18 4
21580 12 11 5
21581 19 18 6
21582 24 23 5
21583 13 12 4
21584 14 13 5
21585 13 12 4
21586 18 17 5
21587 13 12 4
21588 22 21 5
21589 13 13 5
21590 15 14 8
21591 12 12 4
21592 24 23 7
21593 15 15 5
21594 19 19 5
21595 19 19 5
21596 17 17 5
21597 13 12 6
21598 14 14 6
21599 12 12 6
21600 14 14 4
21601 12 11 5
21602 15 15 7
21603 25 24 6
21604 12 11 5
21605 17 17 5
21606 17 17 5
21607 11 10 4
21608 16 15 5
21609 19 19 5
21610 15 14 6
21611 16 15 5
21612 11 10 4
21613 14 13 5
21614 13 12 4
21615 16 15 5
21616 19 18 4
21617 16 15 5
21618 13 12 6
21619 10 10 6
21620 12 12 6
21621 16 16 6
21622 22 22 8
21623 12 12 4
21624 14 13 5
21625 15 14 6
21626 6 5 4
21627 22 21 5
21628 11 10 6
21629 8 8 4
21630 12 11 7
21631 13 12 4
21632 10 9 5
21633 9 8 4
21634 14 13 7
21635 23 22 6
21636 12 11 5
21637 9 8 4
21638 16 15 5
21639 9 9 5
21640 19 18 6
21641 10 10 6
21642 14 14 4
21643 10 9 5
21644 9 9 5
21645 9 9 5
21646 23 22 10
21647 12 11 5
21648 9 8 4
21649 14 13 5
21650 17 16 6
21651 6 5 4
21652 14 13 5
21653 7 6 5
21654 11 10 6
21655 14 14 4
21656 10 9 5
21657 19 19 7
21658 17 16 6
21659 10 9 5
21660 11 10 6
21661 14 13 5
21662 13 13 5
21663 17 17 7
21664 9 9 5
21665 15 14 4
21666 10 9 5
21667 9 8 4
21668 12 11 5
21669 15 15 5
21670 19 18 6
21671 12 12 6
21672 16 15 7
21673 11 10 6
21674 10 10 6
21675 6 6 6
21676 15 14 6
21677 8 8 4
21678 10 9 5
21679 15 15 7
21680 15 15 7
21681 11 10 4
21682 6 5 4
21683 10 9 5
21684 23 22 6
21685 22 21 5
21686 11 11 5
21687 13 12 6
21688 16 15 5
21689 11 11 5
21690 13 13 5
21691 11 10 6
21692 6 6 6
21693 15 14 6
21694 10 10 6
21695 16 15 5
21696 13 13 5
21697 13 13 5
21698 11 10 4
21699 20 19 7
21700 17 16 8
21701 10 10 4
21702 12 11 5
21703 13 12 4
21704 16 15 7
21705 15 15 5
21706 19 19 7
21707 11 10 4
21708 6 5 4
21709 14 13 5
21710 9 8 4
21711 12 11 5
21712 13 12 6
21713 12 12 6
21714 24 23 7
21715 17 16 4
21716 16 15 5
21717 7 6 5
21718 13 12 6
21719 12 12 6
21720 12 12 6
21721 8 8 4
21722 16 15 7
21723 15 14 6
21724 14 13 5
21725 15 14 6
21726 8 8 4
21727 18 17 7
21728 13 13 5
21729 7 7 7
21730 12 12 4
21731 12 11 5
21732 17 16 6
21733 10 10 6
21734 14 14 4
21735 18 17 7
21736 11 10 4
21737 6 5 4
21738 18 17 5
21739 13 12 6
21740 10 10 6
21741 14 13 5
21742 11 10 6
21743 14 14 4
21744 14 13 5
21745 13 13 5
21746 17 17 5
21747 11 10 4
21748 24 23 5
21749 15 15 5
21750 17 17 5
21751 13 12 4
21752 16 15 5
21753 23 23 5
21754 13 12 6
21755 18 18 4
21756 16 15 5
21757 17 16 4
21758 22 21 5
21759 17 17 5
21760 11 10 4
21761 14 13 5
21762 27 26 6
21763 20 20 6
21764 18 18 4
21765 18 17 5
21766 31 30 6
21767 14 14 4
21768 24 23 5
21769 13 12 4
21770 18 17 5
21771 23 22 6
21772 24 24 4
21773 22 21 5
21774 25 24 6
21775 10 10 4
21776 22 21 5
21777 13 13 5
21778 25 24 4
21779 20 19 5
21780 31 31 5
21781 33 32 4
21782 26 25 5
21783 19 18 4
21784 30 29 7
21785 9 8 4
21786 34 33 9
21787 27 26 4
21788 22 21 5
21789 23 22 4
21790 24 23 5
21791 15 15 7
21792 29 28 4
21793 24 23 5
21794 17 16 4
21795 14 13 5
21796 13 12 4
21797 18 17 5
21798 11 10 4
21799 16 15 5
21800 17 16 4
21801 18 17 5
21802 17 16 6
21803 20 19 5
21804 13 12 4
21805 18 17 7
21806 13 13 5
21807 19 19 5
21808 11 11 5
21809 17 16 4
21810 16 15 5
21811 15 14 4
21812 10 9 5
21813 15 15 5
21814 19 19 5
21815 23 23 5
21816 13 13 5
21817 29 28 8
21818 18 17 5
21819 29 29 11
21820 23 22 8
21821 18 17 5
21822 37 37 9
21823 21 20 6
21824 10 10 4
21825 26 25 7
21826 11 11 5
21827 23 23 5
21828 19 19 9
21829 17 17 5
21830 21 21 5
21831 13 13 5
21832 21 20 8
21833 20 20 8
21834 14 14 4
21835 16 15 5
21836 19 18 4
21837 14 13 5
21838 13 12 6
21839 18 17 5
21840 13 13 5
21841 17 16 6
21842 26 26 6
21843 10 10 4
21844 16 15 7
21845 13 12 6
21846 14 14 4
21847 22 21 5
21848 11 10 4
21849 10 9 5
21850 21 20 4
21851 20 19 7
21852 13 12 4
21853 10 9 5
21854 17 17 5
21855 21 21 7
21856 17 16 6
21857 16 15 7
21858 15 15 7
21859 23 22 6
21860 14 13 5
21861 17 16 6
21862 10 9 5
21863 13 12 6
21864 14 13 5
21865 13 13 5
21866 13 13 5
21867 13 13 7
21868 17 16 6
21869 14 13 5
21870 19 19 5
21871 15 15 9
21872 9 8 4
21873 14 13 5
21874 13 13 5
21875 9 9 5
21876 13 12 6
21877 16 16 6
21878 22 22 8
21879 8 8 4
21880 18 17 5
21881 17 17 7
21882 11 10 4
21883 12 11 5
21884 11 11 5
21885 9 9 5
21886 15 14 4
21887 16 15 5
21888 19 18 6
21889 10 9 5
21890 21 20 8
21891 14 14 4
21892 12 11 5
21893 11 11 5
21894 17 16 6
21895 20 20 8
21896 12 12 4
21897 18 17 7
21898 15 14 4
21899 12 11 5
21900 27 26 6
21901 8 8 4
21902 14 13 5
21903 9 9 5
21904 17 16 4
21905 10 9 5
21906 19 19 5
21907 21 20 6
21908 12 12 6
21909 10 10 4
21910 12 11 5
21911 15 14 4
21912 12 11 7
21913 5 5 5
21914 22 21 5
21915 17 16 4
21916 14 13 7
21917 15 14 6
21918 16 16 6
21919 12 12 6
21920 18 17 5
21921 21 20 4
21922 14 13 5
21923 13 12 4
21924 16 15 7
21925 13 12 6
21926 14 13 7
21927 11 10 6
21928 16 16 4
21929 14 13 5
21930 11 10 4
21931 10 9 5
21932 11 10 4
21933 14 13 7
21934 11 10 6
21935 26 26 8
21936 6 5 4
21937 14 13 5
21938 5 5 5
21939 14 13 5
21940 9 9 5
21941 13 13 7
21942 7 6 5
21943 17 17 5
21944 11 11 5
21945 23 22 8
21946 6 5 4
21947 18 17 7
21948 5 5 5
21949 14 13 5
21950 21 21 5
21951 19 18 6
21952 22 22 8
21953 22 22 6
21954 6 5 4
21955 14 13 5
21956 17 16 8
21957 16 16 8
21958 10 9 5
21959 21 21 7
21960 11 10 6
21961 6 6 6
21962 17 16 8
21963 8 8 4
21964 14 13 5
21965 17 17 7
21966 11 11 5
21967 13 13 5
21968 15 14 6
21969 12 11 7
21970 21 20 6
21971 22 21 5
21972 19 19 5
21973 13 13 5
21974 17 16 6
21975 8 8 4
21976 14 13 5
21977 9 9 5
21978 21 21 7
21979 25 24 6
21980 16 16 6
21981 18 18 4
21982 14 13 5
21983 15 15 5
21984 13 12 6
21985 8 8 4
21986 18 17 9
21987 9 8 4
21988 12 11 7
21989 13 12 4
21990 14 13 5
21991 17 16 8
21992 14 14 6
21993 14 14 4
21994 22 21 5
21995 13 13 7
21996 15 14 6
21997 16 16 6
21998 14 13 5
21999 19 18 6
22000 18 17 7
22001 11 11 7
22002 15 14 4
22003 16 15 5
22004 13 13 5
22005 13 13 5
22006 15 15 7
22007 13 12 6
22008 8 8 4
22009 10 9 5
22010 17 16 6
22011 12 11 5
22012 19 18 4
22013 10 9 5
22014 9 9 5
22015 7 6 5
22016 21 21 7
22017 17 16 6
22018 14 14 4
22019 14 13 5
22020 7 7 7
22021 14 14 6
22022 10 9 5
22023 13 13 5
22024 13 13 5
22025 9 9 5
22026 15 15 5
22027 13 12 4
22028 16 15 7
22029 9 9 5
22030 11 10 4
22031 24 23 5
22032 17 16 6
22033 14 13 5
22034 9 9 5
22035 13 12 6
22036 10 10 4
22037 14 13 5
22038 21 21 5
22039 21 20 4
22040 20 19 5
22041 15 14 4
22042 14 13 5
22043 17 16 4
22044 32 31 7
22045 33 32 4
22046 24 23 5
22047 21 20 4
22048 30 29 5
22049 35 34 4
22050 12 11 5
22051 11 10 4
22052 22 21 5
22053 31 30 4
22054 38 37 5
22055 23 22 4
22056 36 35 5
22057 17 16 4
22058 24 23 5
22059 33 32 4
22060 24 23 5
22061 17 16 4
22062 26 25 5
22063 23 22 4
22064 16 15 5
22065 35 34 6
22066 20 19 5
22067 19 18 4
22068 18 17 5
22069 25 24 6
22070 16 16 4
22071 28 27 5
22072 33 33 9
22073 17 16 4
22074 22 21 5
22075 21 20 4
22076 18 17 5
22077 35 34 8
22078 26 26 6
22079 24 23 5
22080 25 25 7
22081 13 12 4
22082 24 23 7
22083 21 21 9
22084 19 18 6
22085 22 21 9
22086 15 14 8
22087 30 29 11
22088 29 28 8
22089 24 23 5
22090 27 27 5
22091 17 16 6
22092 18 18 8
22093 6 5 4
22094 32 31 11
22095 17 17 5
22096 11 11 5
22097 17 16 6
22098 20 20 6
22099 18 17 5
22100 29 29 9
22101 15 14 6
22102 38 38 10
22103 16 16 6
22104 20 20 6
22105 20 20 8
22106 24 23 7
22107 25 24 8
22108 28 27 5
22109 17 17 5
22110 29 29 5
22111 25 25 5
22112 23 22 8
22113 20 20 6
22114 26 26 8
22115 16 15 5
22116 19 18 4
22117 10 9 5
22118 21 20 6
22119 30 29 5
22120 15 15 5
22121 13 13 5
22122 17 17 5
22123 19 19 5
22124 13 12 4
22125 16 15 5
22126 23 22 6
22127 18 18 4
22128 12 11 5
22129 11 10 4
22130 20 19 5
22131 23 23 7
22132 15 14 6
22133 16 16 6
22134 18 18 6
22135 12 12 4
22136 24 23 9
22137 11 11 5
22138 17 17 7
22139 21 20 4
22140 14 13 5
22141 17 17 5
22142 19 18 4
22143 12 11 5
22144 29 28 6
22145 14 14 6
22146 6 6 6
22147 11 10 4
22148 16 15 5
22149 13 12 4
22150 18 17 5
22151 15 15 5
22152 23 22 4
22153 18 17 5
22154 17 16 6
22155 10 10 4
22156 18 17 5
22157 19 19 5
22158 15 14 4
22159 16 15 5
22160 13 13 5
22161 13 12 4
22162 18 17 5
22163 13 12 4
22164 14 13 5
22165 11 10 4
22166 14 13 5
22167 19 19 7
22168 11 10 6
22169 12 12 4
22170 18 17 5
22171 15 14 4
22172 12 11 5
22173 15 14 4
22174 12 11 5
22175 17 17 7
22176 9 8 4
22177 12 11 5
22178 9 9 5
22179 19 18 4
22180 22 21 7
22181 13 12 6
22182 12 12 6
22183 20 20 6
22184 14 14 6
22185 14 14 6
22186 28 28 6
22187 20 20 4
22188 14 13 5
22189 11 10 4
22190 22 21 5
22191 13 13 5
22192 31 31 5
22193 13 12 4
22194 18 17 5
22195 11 10 4
22196 22 21 7
22197 17 17 5
22198 17 16 4
22199 12 11 5
22200 19 18 6
22201 10 10 4
22202 20 19 5
22203 13 12 4
22204 22 21 5
22205 21 20 4
22206 14 13 5
22207 13 12 4
22208 14 13 5
22209 11 10 4
22210 18 17 5
22211 21 20 4
22212 18 17 5
22213 13 12 4
22214 16 15 5
22215 15 15 7
22216 9 8 4
22217 10 9 5
22218 21 20 4
22219 14 13 5
22220 11 10 6
22221 12 12 4
22222 18 17 5
22223 9 9 5
22224 15 14 6
22225 12 12 4
22226 18 17 5
22227 15 14 8
22228 14 14 6
22229 10 10 6
22230 18 18 4
22231 6 5 4
22232 22 21 5
22233 17 16 4
22234 16 15 5
22235 11 11 5
22236 15 14 4
22237 18 17 5
22238 25 24 4
22239 18 17 5
22240 19 18 4
22241 14 13 5
22242 13 13 5
22243 9 8 4
22244 20 19 5
22245 19 18 6
22246 18 18 6
22247 10 10 4
22248 12 11 5
22249 15 14 6
22250 12 12 4
22251 10 9 5
22252 19 18 6
22253 6 6 6
22254 15 14 6
22255 12 11 5
22256 19 19 5
22257 13 12 4
22258 12 11 5
22259 13 12 4
22260 16 15 5
22261 13 12 6
22262 12 12 6
22263 12 11 5
22264 11 10 4
22265 14 13 5
22266 9 8 4
22267 10 9 5
22268 13 13 5
22269 11 11 5
22270 13 13 7
22271 15 14 6
22272 20 20 6
22273 8 8 4
22274 12 11 5
22275 7 6 5
22276 15 14 6
22277 14 13 7
22278 7 6 5
22279 11 11 7
22280 13 12 4
22281 10 9 5
22282 11 10 6
22283 6 5 4
22284 20 19 5
22285 17 16 6
22286 12 11 5
22287 7 6 5
22288 9 8 4
22289 16 15 5
22290 11 11 7
22291 9 9 5
22292 9 9 5
22293 15 14 6
22294 14 14 6
22295 10 10 4
22296 10 9 5
22297 21 21 9
22298 15 14 6
22299 8 8 4
22300 16 15 5
22301 11 10 6
22302 14 13 5
22303 17 17 5
22304 11 10 6
22305 12 12 4
22306 16 15 5
22307 19 18 6
22308 6 6 6
22309 15 15 5
22310 11 10 6
22311 20 20 6
22312 16 15 5
22313 13 12 6
22314 24 24 4
22315 12 11 5
22316 23 22 6
22317 22 22 4
22318 10 9 5
22319 21 20 6
22320 10 10 4
22321 12 11 5
22322 19 18 8
22323 16 16 4
22324 16 15 5
22325 23 22 4
22326 18 17 5
22327 13 12 4
22328 22 21 5
22329 27 26 6
22330 18 18 4
22331 20 19 5
22332 11 10 4
22333 16 15 5
22334 17 16 4
22335 12 11 5
22336 13 12 4
22337 24 23 5
22338 21 20 4
22339 16 15 5
22340 13 12 4
22341 18 17 5
22342 9 8 4
22343 18 17 5
22344 17 16 4
22345 18 17 5
22346 19 19 5
22347 11 10 6
22348 10 10 4
22349 16 15 5
22350 13 12 6
22351 22 22 6
22352 20 20 4
22353 26 25 5
22354 19 18 4
22355 16 15 5
22356 17 16 6
22357 28 28 4
22358 20 19 5
22359 13 12 4
22360 18 17 5
22361 11 10 6
22362 20 20 4
22363 12 11 5
22364 13 13 5
22365 19 18 6
22366 12 12 4
22367 22 21 5
22368 17 16 6
22369 18 18 4
22370 14 13 5
22371 9 9 5
22372 19 18 6
22373 30 30 4
22374 18 17 5
22375 23 22 4
22376 12 11 5
22377 19 18 6
22378 24 24 6
22379 16 16 4
22380 24 23 5
22381 17 16 4
22382 22 21 5
22383 25 24 4
22384 16 15 5
22385 15 14 4
22386 24 23 5
22387 19 18 4
22388 26 25 5
22389 29 28 4
22390 30 29 5
22391 19 18 4
22392 24 23 5
22393 17 16 4
22394 18 17 5
22395 13 12 4
22396 26 25 5
22397 25 24 4
22398 20 19 5
22399 21 20 4
22400 18 17 5
22401 21 20 4
22402 20 19 5
22403 19 18 4
22404 26 25 5
22405 17 16 6
22406 26 26 4
22407 14 13 5
22408 17 16 6
22409 20 19 5
22410 25 24 4
22411 22 21 5
22412 33 33 9
22413 27 26 4
22414 20 19 5
22415 17 17 5
22416 15 14 6
22417 28 27 5
22418 15 15 5
22419 23 22 6
22420 22 22 8
22421 12 11 5
22422 21 20 8
22423 22 21 5
22424 25 25 5
22425 25 25 9
22426 13 13 5
22427 27 27 9
22428 17 17 5
22429 17 17 5
22430 27 26 8
22431 18 18 4
22432 28 27 9
22433 11 10 6
22434 12 12 4
22435 38 37 13
22436 21 21 5
22437 19 18 6
22438 18 17 7
22439 17 16 6
22440 12 12 4
22441 22 21 5
22442 15 15 5
22443 25 24 4
22444 20 19 5
22445 9 9 5
22446 13 12 4
22447 16 15 5
22448 11 11 5
22449 23 22 6
22450 22 22 4
22451 18 17 7
22452 13 13 5
22453 11 11 5
22454 27 27 11
22455 21 20 4
22456 14 13 5
22457 23 22 4
22458 14 13 5
22459 29 28 10
22460 10 10 6
22461 16 16 6
22462 22 22 6
22463 10 9 5
22464 17 16 4
22465 12 11 5
22466 21 21 5
22467 19 19 5
22468 25 24 4
22469 20 19 7
22470 23 22 6
22471 28 28 6
22472 16 16 8
22473 20 19 5
22474 21 20 4
22475 14 13 5
22476 11 10 4
22477 12 11 5
22478 15 14 6
22479 14 13 7
22480 13 12 6
22481 14 14 6
22482 14 13 5
22483 19 18 4
22484 20 19 5
22485 19 18 4
22486 12 11 5
22487 13 13 5
22488 13 12 6
22489 18 18 8
22490 10 10 4
22491 22 21 5
22492 15 14 6
22493 12 11 5
22494 15 14 4
22495 14 13 5
22496 25 25 9
22497 11 11 5
22498 17 17 5
22499 9 8 4
22500 18 17 5
22501 13 13 5
22502 13 13 5
22503 17 17 5
22504 17 17 5
22505 19 18 4
22506 12 11 5
22507 23 23 7
22508 15 15 5
22509 15 14 6
22510 12 12 6
22511 6 6 6
22512 15 14 6
22513 12 12 4
22514 14 13 5
22515 11 11 5
22516 13 12 6
22517 10 10 6
22518 16 15 7
22519 11 10 6
22520 12 11 5
22521 15 14 4
22522 14 13 5
22523 15 15 7
22524 11 11 7
22525 7 6 5
22526 19 18 6
22527 10 10 6
22528 16 16 6
22529 14 14 6
22530 14 13 7
22531 9 8 4
22532 16 15 5
22533 11 10 4
22534 18 17 7
22535 13 12 4
22536 20 19 9
22537 15 15 5
22538 15 14 6
22539 14 13 5
22540 13 12 6
22541 14 13 5
22542 13 12 6
22543 10 10 6
22544 10 10 6
22545 14 14 6
22546 18 18 6
22547 6 6 6
22548 13 13 7
22549 15 14 6
22550 10 9 5
22551 9 9 5
22552 9 9 5
22553 15 15 7
22554 7 6 5
22555 13 12 6
22556 12 11 5
22557 7 7 7
22558 20 20 8
22559 10 10 4
22560 14 13 5
22561 5 5 5
22562 12 11 7
22563 19 18 8
22564 20 20 6
22565 10 10 6
22566 10 10 6
22567 6 6 6
22568 7 7 7
22569 12 12 6
22570 16 16 6
22571 12 11 5
22572 11 10 6
22573 12 11 5
22574 7 7 7
22575 10 10 4
22576 12 11 5
22577 9 9 5
22578 13 13 7
22579 13 12 4
22580 16 15 5
22581 19 18 6
22582 6 6 6
22583 11 10 6
22584 10 9 5
22585 9 8 4
22586 20 19 7
22587 11 10 6
22588 12 12 4
22589 12 11 5
22590 15 15 7
22591 11 10 6
22592 10 10 4
22593 18 17 5
22594 9 9 5
22595 15 15 5
22596 13 12 6
22597 12 12 8
22598 10 10 6
22599 12 12 4
22600 16 15 7
22601 19 18 6
22602 6 5 4
22603 16 15 5
22604 11 10 4
22605 10 9 5
22606 13 13 5
22607 13 12 6
22608 6 6 6
22609 17 16 8
22610 8 8 4
22611 12 11 7
22612 15 15 5
22613 11 10 4
22614 14 13 7
22615 19 18 4
22616 12 11 5
22617 23 22 6
22618 16 16 6
22619 14 14 6
22620 10 10 4
22621 16 15 5
22622 17 16 6
22623 20 19 5
22624 7 6 5
22625 9 8 4
22626 10 9 5
22627 11 11 5
22628 15 14 4
22629 10 9 5
22630 11 10 4
22631 14 13 5
22632 11 11 5
22633 11 11 5
22634 9 8 4
22635 16 15 5
22636 11 11 5
22637 23 23 5
22638 11 11 5
22639 15 14 4
22640 14 13 5
22641 23 23 5
22642 17 16 6
22643 20 20 4
22644 20 19 5
22645 11 10 4
22646 18 17 5
22647 5 5 5
22648 22 21 5
22649 19 19 5
22650 13 12 4
22651 12 11 5
22652 15 14 4
22653 12 11 5
22654 17 16 6
22655 8 8 4
22656 22 21 5
22657 17 16 4
22658 20 19 5
22659 25 25 5
22660 9 8 4
22661 12 11 5
22662 15 14 4
22663 24 23 5
22664 15 14 4
22665 22 21 5
22666 13 12 4
22667 14 13 5
22668 11 11 5
22669 19 18 4
22670 24 23 5
22671 9 8 4
22672 20 19 5
22673 15 14 6
22674 14 13 5
22675 9 8 4
22676 24 23 5
22677 29 28 4
22678 14 13 5
22679 15 14 4
22680 24 23 5
22681 15 14 4
22682 22 21 5
22683 13 12 4
22684 26 25 5
22685 23 23 5
22686 13 12 4
22687 24 23 9
22688 21 20 4
22689 10 9 5
22690 17 16 4
22691 26 25 9
22692 19 18 6
22693 16 16 6
22694 16 16 4
22695 18 17 5
22696 17 17 5
22697 7 7 7
22698 14 14 4
22699 20 19 5
22700 19 19 7
22701 27 27 7
22702 33 32 10
22703 20 20 8
22704 22 21 5
22705 17 17 7
22706 17 16 6
22707 18 17 5
22708 17 17 5
22709 15 15 5
22710 21 21 9
22711 23 22 8
22712 24 23 5
22713 15 15 5
22714 21 20 8
22715 18 18 4
22716 12 11 5
22717 21 20 4
22718 22 21 5
22719 25 24 4
22720 12 11 5
22721 11 10 4
22722 26 25 11
22723 9 8 4
22724 26 25 5
22725 13 12 4
22726 26 25 11
22727 9 8 4
22728 16 15 5
22729 23 22 10
22730 14 14 6
22731 22 22 6
22732 14 14 4
22733 16 15 5
22734 17 16 6
22735 10 9 5
22736 21 20 6
22737 16 16 6
22738 18 18 6
22739 16 16 6
22740 18 18 8
22741 20 19 7
22742 17 16 6
22743 16 16 6
22744 12 11 5
22745 13 13 5
22746 25 24 6
22747 16 16 6
22748 10 10 4
22749 16 15 5
22750 11 11 5
22751 19 19 7
22752 9 8 4
22753 14 13 5
22754 11 11 5
22755 13 12 6
22756 6 6 6
22757 15 14 6
22758 12 11 5
22759 15 14 4
22760 12 11 5
22761 15 14 6
22762 8 7 6
22763 16 16 4
22764 6 5 4
22765 12 11 5
22766 11 10 6
22767 16 16 4
22768 14 13 5
22769 11 11 5
22770 9 8 4
22771 10 9 5
22772 11 10 6
22773 20 19 5
22774 9 9 5
22775 15 14 6
22776 14 13 5
22777 11 11 5
22778 11 11 5
22779 13 12 4
22780 12 11 5
22781 17 16 4
22782 22 21 5
22783 15 15 5
22784 13 12 6
22785 14 14 4
22786 10 9 5
22787 11 10 6
22788 8 8 4
22789 10 9 5
22790 17 17 5
22791 13 13 7
22792 11 10 4
22793 16 15 5
22794 15 15 5
22795 11 11 5
22796 13 12 4
22797 14 13 5
22798 15 14 4
22799 12 11 5
22800 15 14 8
22801 8 8 4
22802 20 19 5
22803 5 5 5
22804 14 13 5
22805 15 15 5
22806 7 6 5
22807 17 16 8
22808 12 12 4
22809 10 9 5
22810 15 14 6
22811 10 9 5
22812 13 13 5
22813 9 9 5
22814 11 10 4
22815 14 13 5
22816 9 9 5
22817 15 15 7
22818 17 17 5
22819 9 8 4
22820 18 17 5
22821 15 15 7
22822 15 14 4
22823 6 5 4
22824 10 9 5
22825 9 8 4
22826 16 15 5
22827 7 7 7
22828 12 11 5
22829 7 7 7
22830 6 6 6
22831 21 20 6
22832 12 12 6
22833 16 16 6
22834 16 16 4
22835 10 9 5
22836 15 15 7
22837 13 12 6
22838 28 28 6
22839 26 25 5
22840 11 10 4
22841 14 13 7
22842 17 17 5
22843 11 10 6
22844 10 10 6
22845 16 16 6
22846 8 8 4
22847 12 11 5
22848 11 10 6
22849 10 10 6
22850 12 11 5
22851 13 13 5
22852 15 15 5
22853 19 18 4
22854 6 5 4
22855 14 13 5
22856 13 12 4
22857 16 15 7
22858 9 8 4
22859 10 9 5
22860 7 7 7
22861 16 15 7
22862 13 12 4
22863 14 13 5
22864 15 15 7
22865 15 14 6
22866 10 9 5
22867 13 12 6
22868 14 14 6
22869 14 14 8
22870 8 8 4
22871 24 23 7
22872 9 9 5
22873 9 8 4
22874 12 11 5
22875 19 19 5
22876 19 18 6
22877 12 12 6
22878 10 10 6
22879 10 10 4
22880 14 13 5
22881 13 13 7
22882 17 16 6
22883 20 19 5
22884 17 17 5
22885 13 12 4
22886 20 19 5
22887 15 14 8
22888 8 8 4
22889 18 17 5
22890 9 8 4
22891 20 19 5
22892 13 13 5
22893 13 13 5
22894 7 7 7
22895 12 12 6
22896 10 10 6
22897 20 20 4
22898 6 5 4
22899 22 21 5
22900 23 22 4
22901 22 21 5
22902 11 10 4
22903 20 19 5
22904 17 16 4
22905 16 15 5
22906 25 24 6
22907 18 18 4
22908 20 19 5
22909 21 20 4
22910 16 15 5
22911 15 14 4
22912 16 15 5
22913 17 16 4
22914 30 29 5
22915 21 20 4
22916 14 13 5
22917 15 14 4
22918 12 11 5
22919 21 20 4
22920 14 13 5
22921 17 16 4
22922 26 25 5
22923 11 10 6
22924 16 16 4
22925 16 15 5
22926 19 18 4
22927 22 21 5
22928 21 20 4
22929 10 9 5
22930 11 10 4
22931 16 15 5
22932 11 10 4
22933 18 17 5
22934 21 21 5
22935 11 10 4
22936 16 15 5
22937 7 6 5
22938 11 10 6
22939 24 23 5
22940 21 20 6
22941 8 8 4
22942 20 19 7
22943 15 14 4
22944 16 15 5
22945 21 21 5
22946 15 14 4
22947 18 17 5
22948 15 14 4
22949 14 13 5
22950 21 21 5
22951 11 10 4
22952 14 13 5
22953 15 15 5
22954 13 13 5
22955 7 6 5
22956 17 16 4
22957 10 9 5
22958 11 11 7
22959 7 6 5
22960 13 12 4
22961 14 13 7
22962 9 8 4
22963 8 7 6
22964 16 16 6
22965 14 13 5
22966 17 16 6
22967 12 12 4
22968 12 11 5
22969 9 8 4
22970 12 11 7
22971 13 13 5
22972 19 18 6
22973 20 20 6
22974 20 20 6
22975 20 20 4
22976 12 11 5
22977 9 8 4
22978 22 21 5
22979 11 10 4
22980 28 27 7
22981 13 12 4
22982 18 17 5
22983 13 12 6
22984 12 12 6
22985 6 6 6
22986 7 6 5
22987 11 10 4
22988 20 19 5
22989 7 6 5
22990 19 18 8
22991 12 12 6
22992 10 10 4
22993 16 15 7
22994 11 11 5
22995 11 10 4
22996 22 21 7
22997 9 8 4
22998 12 11 5
22999 15 14 4
23000 12 11 7
23001 11 11 5
23002 5 5 5
23003 10 9 5
23004 7 6 5
23005 13 13 5
23006 13 13 5
23007 13 13 7
23008 13 12 6
23009 8 8 4
23010 12 11 5
23011 17 17 9
23012 15 14 6
23013 18 18 4
23014 10 9 5
23015 9 8 4
23016 10 9 5
23017 23 23 9
23018 11 10 4
23019 10 9 5
23020 11 10 6
23021 18 18 6
23022 6 6 6
23023 13 12 8
23024 8 8 4
23025 10 9 5
23026 15 14 6
23027 14 13 5
23028 13 12 6
23029 6 6 6
23030 13 13 5
23031 9 9 5
23032 17 16 6
23033 20 19 5
23034 15 14 6
23035 10 9 5
23036 5 5 5
23037 14 13 5
23038 13 12 6
23039 6 6 6
23040 11 11 7
23041 11 10 4
23042 12 11 5
23043 7 6 5
23044 15 14 8
23045 6 6 6
23046 11 10 6
23047 14 14 8
23048 12 12 6
23049 10 9 5
23050 19 19 7
23051 9 8 7
23052 9 8 4
23053 6 5 4
23054 14 13 7
23055 11 11 5
23056 15 14 6
23057 10 9 5
23058 15 15 5
23059 9 8 4
23060 12 11 7
23061 7 6 5
23062 17 17 7
23063 7 6 5
23064 11 10 6
23065 16 15 5
23066 13 12 6
23067 12 12 4
23068 12 11 5
23069 9 9 5
23070 11 10 4
23071 12 11 5
23072 19 18 8
23073 20 20 6
23074 18 17 5
23075 11 10 4
23076 10 9 5
23077 5 5 5
23078 12 11 5
23079 11 11 5
23080 11 11 7
23081 5 5 5
23082 16 15 5
23083 11 11 5
23084 9 9 5
23085 11 11 5
23086 9 9 5
23087 7 6 5
23088 11 10 4
23089 10 9 5
23090 21 21 5
23091 15 15 5
23092 13 13 5
23093 17 16 4
23094 12 11 5
23095 7 6 5
23096 9 9 5
23097 17 16 6
23098 12 11 5
23099 11 10 6
23100 10 10 6
23101 10 10 4
23102 14 13 7
23103 19 18 6
23104 10 10 6
23105 10 10 6
23106 14 14 4
23107 16 15 5
23108 33 32 6
23109 18 18 4
23110 16 15 5
23111 17 16 6
23112 10 9 5
23113 13 12 4
23114 8 7 6
23115 16 16 4
23116 12 11 5
23117 13 12 6
23118 6 5 4
23119 18 17 5
23120 15 15 5
23121 13 12 4
23122 12 11 5
23123 9 9 5
23124 31 30 6
23125 18 18 6
23126 12 12 4
23127 20 19 5
23128 15 14 6
23129 12 12 4
23130 14 13 5
23131 21 20 4
23132 16 15 5
23133 9 8 4
23134 12 11 5
23135 13 12 4
23136 14 13 5
23137 13 13 5
23138 19 18 4
23139 18 17 5
23140 23 22 4
23141 16 15 5
23142 9 8 4
23143 28 27 5
23144 5 5 5
23145 24 23 5
23146 27 27 7
23147 19 18 4
23148 18 17 5
23149 13 12 4
23150 16 15 5
23151 15 14 4
23152 10 9 5
23153 17 16 6
23154 10 10 4
23155 28 27 5
23156 23 22 4
23157 12 11 5
23158 15 14 4
23159 20 19 5
23160 15 14 4
23161 14 13 5
23162 15 14 4
23163 20 19 5
23164 11 10 4
23165 14 13 5
23166 11 11 5
23167 17 16 4
23168 14 13 5
23169 17 16 4
23170 6 5 4
23171 20 19 5
23172 25 25 5
23173 23 22 8
23174 10 9 5
23175 11 10 4
23176 10 9 5
23177 11 10 4
23178 12 11 5
23179 17 16 4
23180 14 13 5
23181 11 10 4
23182 12 11 5
23183 21 20 8
23184 12 12 4
23185 10 9 5
23186 15 14 4
23187 14 13 5
23188 15 14 4
23189 12 11 5
23190 19 18 6
23191 8 8 8
23192 13 12 4
23193 6 5 4
23194 14 13 5
23195 11 10 4
23196 26 25 5
23197 17 17 7
23198 13 13 5
23199 11 10 4
23200 12 11 5
23201 13 13 5
23202 17 17 5
23203 19 18 4
23204 14 13 5
23205 7 6 5
23206 21 20 6
23207 6 5 4
23208 16 15 5
23209 11 11 5
23210 15 15 5
23211 15 15 7
23212 23 23 5
23213 9 8 4
23214 12 11 5
23215 7 6 5
23216 9 8 4
23217 14 13 7
23218 11 11 5
23219 13 12 4
23220 14 13 5
23221 23 23 7
23222 15 14 4
23223 10 9 5
23224 9 8 4
23225 10 9 5
23226 11 11 5
23227 19 19 7
23228 25 24 8
23229 12 12 6
23230 12 12 4
23231 10 9 5
23232 11 11 5
23233 5 5 5
23234 18 17 5
23235 7 6 5
23236 17 16 6
23237 16 16 4
23238 16 15 5
23239 13 13 5
23240 17 16 6
23241 10 9 5
23242 9 9 5
23243 11 11 5
23244 17 16 4
23245 12 11 5
23246 23 22 4
23247 14 13 5
23248 13 12 4
23249 6 5 4
23250 16 15 7
23251 11 10 4
23252 14 13 7
23253 7 6 5
23254 17 16 6
23255 16 15 5
23256 27 27 5
23257 11 11 5
23258 11 11 7
23259 9 8 4
23260 12 11 5
23261 17 16 8
23262 20 20 4
23263 14 13 7
23264 19 18 6
23265 10 10 4
23266 16 15 5
23267 11 10 4
23268 8 7 6
23269 8 8 4
23270 12 11 5
23271 19 19 5
23272 15 15 5
23273 17 17 5
23274 13 13 5
23275 9 9 5
23276 11 10 4
23277 18 17 9
23278 11 10 4
23279 14 13 5
23280 9 9 5
23281 9 8 4
23282 22 21 5
23283 11 11 5
23284 15 14 8
23285 16 16 6
23286 8 8 4
23287 10 9 5
23288 11 10 6
23289 16 16 6
23290 12 12 6
23291 14 13 5
23292 9 9 5
23293 9 8 4
23294 8 7 6
23295 10 9 5
23296 15 14 6
23297 22 21 7
23298 17 17 5
23299 19 18 6
23300 10 10 6
23301 8 8 4
23302 8 7 6
23303 14 14 6
23304 10 9 5
23305 13 12 4
23306 22 21 5
23307 21 20 6
23308 10 10 6
23309 14 13 7
23310 9 9 5
23311 11 10 4
23312 10 9 5
23313 21 20 6
23314 8 8 4
23315 14 13 7
23316 13 12 4
23317 10 9 5
23318 11 10 4
23319 8 7 6
23320 12 12 8
23321 6 6 6
23322 9 9 5
23323 5 5 5
23324 14 13 5
23325 21 21 5
23326 11 11 5
23327 13 12 6
23328 12 12 6
23329 6 6 6
23330 11 11 5
23331 9 9 5
23332 11 10 6
23333 16 16 6
23334 12 11 5
23335 11 10 4
23336 12 11 5
23337 13 12 6
23338 12 12 6
23339 10 9 5
23340 11 11 5
23341 15 15 5
23342 11 11 5
23343 13 13 7
23344 21 20 6
23345 6 5 4
23346 12 11 5
23347 7 7 7
23348 10 10 6
23349 16 15 7
23350 9 8 4
23351 14 13 5
23352 9 9 5
23353 7 7 7
23354 12 12 6
23355 8 7 6
23356 14 14 6
23357 14 13 5
23358 11 11 5
23359 11 11 5
23360 15 14 6
23361 14 13 5
23362 9 9 5
23363 11 10 6
23364 16 16 6
23365 14 14 4
23366 16 15 7
23367 17 16 6
23368 16 16 6
23369 10 10 6
23370 8 8 4
23371 10 9 5
23372 13 12 6
23373 18 18 6
23374 18 17 5
23375 15 15 5
23376 17 17 5
23377 5 5 5
23378 10 9 5
23379 13 12 6
23380 6 6 6
23381 21 20 8
23382 8 8 4
23383 20 19 5
23384 21 20 6
23385 10 9 5
23386 11 10 4
23387 10 9 5
23388 13 12 6
23389 12 12 6
23390 8 8 4
23391 16 15 5
23392 15 15 5
23393 11 10 4
23394 12 11 5
23395 13 13 7
23396 11 10 6
23397 10 10 4
23398 24 23 7
23399 19 18 6
23400 14 14 4
23401 32 31 5
23402 9 9 5
23403 11 11 5
23404 17 16 6
23405 10 10 6
23406 6 6 6
23407 15 14 6
23408 12 12 4
23409 20 19 7
23410 27 27 5
23411 13 12 4
23412 16 15 5
23413 19 18 6
23414 6 6 6
23415 13 12 4
23416 28 27 5
23417 11 10 4
23418 12 11 5
23419 19 18 4
23420 20 19 5
23421 9 9 5
23422 11 10 4
23423 18 17 5
23424 29 29 5
23425 17 16 4
23426 16 15 5
23427 19 18 4
23428 12 11 5
23429 19 18 6
23430 18 18 4
23431 22 21 5
23432 15 14 4
23433 14 13 5
23434 29 28 4
23435 26 25 5
23436 15 14 4
23437 12 11 5
23438 17 16 6
23439 8 8 4
23440 12 11 5
23441 25 24 8
23442 26 25 5
23443 19 18 4
23444 18 17 5
23445 7 6 5
23446 17 16 6
23447 30 29 5
23448 19 19 5
23449 19 18 6
23450 22 22 6
23451 16 16 4
23452 14 13 5
23453 17 16 4
23454 20 19 5
23455 23 22 6
23456 18 18 4
23457 10 9 5
23458 13 13 5
23459 13 12 4
23460 18 17 5
23461 11 10 4
23462 10 9 5
23463 11 10 4
23464 20 19 5
23465 7 7 7
23466 14 14 4
23467 22 21 5
23468 13 12 4
23469 10 9 5
23470 17 16 6
23471 6 6 6
23472 15 15 5
23473 9 9 5
23474 23 23 5
23475 11 11 5
23476 15 14 4
23477 12 11 5
23478 21 20 8
23479 6 6 6
23480 13 12 6
23481 8 8 4
23482 12 11 5
23483 9 9 5
23484 15 14 4
23485 16 15 5
23486 9 8 4
23487 12 11 5
23488 17 16 6
23489 16 15 5
23490 11 11 5
23491 21 21 5
23492 27 27 5
23493 13 12 4
23494 10 9 5
23495 19 19 5
23496 11 10 6
23497 10 10 4
23498 12 11 5
23499 15 15 5
23500 15 14 8
23501 16 15 5
23502 9 9 5
23503 13 12 4
23504 14 13 7
23505 15 14 6
23506 6 5 4
23507 12 11 5
23508 11 11 7
23509 17 16 4
23510 6 5 4
23511 12 11 7
23512 17 16 6
23513 14 14 6
23514 12 12 4
23515 12 11 5
23516 13 13 5
23517 19 19 7
23518 19 19 5
23519 11 11 5
23520 9 8 4
23521 12 11 5
23522 7 7 7
23523 12 12 4
23524 14 13 5
23525 17 16 6
23526 18 18 4
23527 18 17 5
23528 9 9 5
23529 13 12 4
23530 12 11 7
23531 13 12 6
23532 16 15 5
23533 11 10 6
23534 10 10 4
23535 12 11 5
23536 11 11 7
23537 11 10 4
23538 12 11 5
23539 13 12 6
23540 16 16 6
23541 8 8 4
23542 20 19 5
23543 15 15 5
23544 11 10 6
23545 12 11 5
23546 9 9 5
23547 11 10 4
23548 18 17 5
23549 15 15 5
23550 15 14 4
23551 12 11 5
23552 19 19 5
23553 11 10 6
23554 10 9 5
23555 15 15 5
23556 13 12 4
23557 18 17 5
23558 17 16 6
23559 10 10 6
23560 16 16 6
23561 10 10 4
23562 14 13 7
23563 9 8 4
23564 10 9 5
23565 17 16 6
23566 14 13 5
23567 15 15 5
23568 19 19 5
23569 15 14 6
23570 6 5 4
23571 10 9 5
23572 9 9 5
23573 13 13 9
23574 17 16 4
23575 14 13 5
23576 11 10 6
23577 8 8 4
23578 10 9 5
23579 15 15 7
23580 13 12 6
23581 10 10 4
23582 14 13 5
23583 15 15 5
23584 11 10 6
23585 10 9 5
23586 13 13 5
23587 9 9 5
23588 13 13 5
23589 13 12 6
23590 10 9 5
23591 11 10 6
23592 14 13 7
23593 9 8 4
23594 10 9 5
23595 7 6 5
23596 15 15 5
23597 17 17 5
23598 13 13 5
23599 15 14 6
23600 18 17 5
23601 9 9 5
23602 9 8 4
23603 16 15 5
23604 9 9 5
23605 9 9 5
23606 19 18 6
23607 8 8 4
23608 18 17 7
23609 15 14 6
23610 14 13 5
23611 11 11 5
23612 9 9 5
23613 7 7 7
23614 10 10 6
23615 14 13 5
23616 11 10 4
23617 8 7 6
23618 14 14 6
23619 10 10 4
23620 18 17 7
23621 13 12 6
23622 6 6 6
23623 11 10 6
23624 16 16 6
23625 14 14 6
23626 14 13 5
23627 9 9 5
23628 11 10 6
23629 14 14 4
23630 10 9 5
23631 13 12 6
23632 14 13 7
23633 11 10 4
23634 12 11 5
23635 15 15 5
23636 15 15 5
23637 13 12 6
23638 14 13 5
23639 15 14 6
23640 12 12 4
23641 10 9 5
23642 15 15 7
23643 7 6 5
23644 11 10 4
23645 16 15 7
23646 11 11 5
23647 13 13 5
23648 13 12 6
23649 6 6 6
23650 13 12 6
23651 8 8 4
23652 18 17 5
23653 11 11 5
23654 15 14 4
23655 18 17 5
23656 13 12 6
23657 12 12 4
23658 10 9 5
23659 7 7 7
23660 12 12 6
23661 12 12 4
23662 12 11 5
23663 15 14 6
23664 10 10 6
23665 12 12 8
23666 10 10 4
23667 14 13 5
23668 23 23 7
23669 15 14 4
23670 12 11 5
23671 19 18 6
23672 16 15 5
23673 9 8 7
23674 15 14 4
23675 18 17 5
23676 25 24 6
23677 12 12 6
23678 16 16 4
23679 14 13 5
23680 11 10 6
23681 6 6 6
23682 11 10 4
23683 26 25 7
23684 13 12 4
23685 12 11 5
23686 15 15 5
23687 9 9 5
23688 9 8 4
23689 12 11 5
23690 13 13 5
23691 15 14 6
23692 18 18 4
23693 14 13 5
23694 17 17 5
23695 15 14 6
23696 14 14 6
23697 6 6 6
23698 13 12 4
23699 14 13 5
23700 15 14 6
23701 14 14 6
23702 12 12 4
23703 10 9 5
23704 17 17 5
23705 9 9 5
23706 9 8 4
23707 10 9 5
23708 17 17 7
23709 11 11 5
23710 15 15 5
23711 13 13 5
23712 17 16 4
23713 18 17 7
23714 9 8 7
23715 15 14 6
23716 14 13 5
23717 21 21 5
23718 13 12 4
23719 20 19 5
23720 15 15 5
23721 23 22 6
23722 8 8 4
23723 22 21 5
23724 23 22 6
23725 28 28 4
23726 34 33 5
23727 17 16 4
23728 16 15 5
23729 17 17 5
23730 17 17 5
23731 27 26 4
23732 32 31 5
23733 31 30 4
23734 16 15 5
23735 21 20 4
23736 12 11 5
23737 21 20 4
23738 32 31 5
23739 27 26 4
23740 22 21 5
23741 17 16 4
23742 20 19 5
23743 13 12 4
23744 20 19 5
23745 13 12 4
23746 18 17 5
23747 15 14 4
23748 22 21 5
23749 19 18 4
23750 24 23 5
23751 15 15 5
23752 17 16 4
23753 20 19 5
23754 17 16 4
23755 20 19 5
23756 21 20 4
23757 24 23 5
23758 13 12 6
23759 12 12 4
23760 14 13 5
23761 27 26 8
23762 20 20 6
23763 18 17 7
23764 11 10 4
23765 12 11 5
23766 21 20 6
23767 24 24 10
23768 22 21 5
23769 15 14 4
23770 16 15 5
23771 29 29 11
23772 13 13 7
23773 17 16 4
23774 16 15 5
23775 17 16 6
23776 16 16 4
23777 10 9 5
23778 13 12 4
23779 12 11 7
23780 15 14 4
23781 10 9 5
23782 15 14 6
23783 16 15 5
23784 15 14 6
23785 14 14 6
23786 18 18 4
23787 24 23 5
23788 11 11 5
23789 7 6 5
23790 13 12 6
23791 10 10 6
23792 12 12 4
23793 14 13 5
23794 15 15 5
23795 13 12 6
23796 14 13 5
23797 13 13 5
23798 15 15 5
23799 19 19 5
23800 13 13 5
23801 11 11 7
23802 15 14 4
23803 10 9 5
23804 17 17 7
23805 15 15 7
23806 13 13 5
23807 19 19 7
23808 23 22 8
23809 12 12 4
23810 18 17 5
23811 11 10 6
23812 24 24 6
23813 16 15 5
23814 11 11 5
23815 17 16 8
23816 22 22 6
23817 10 10 4
23818 14 13 5
23819 17 16 6
23820 16 16 6
23821 10 9 5
23822 13 12 4
23823 12 11 7
23824 15 15 7
23825 15 14 6
23826 20 19 5
23827 33 32 10
23828 18 17 5
23829 13 13 5
23830 9 9 5
23831 15 14 4
23832 24 23 7
23833 13 12 6
23834 22 21 7
23835 19 18 6
23836 22 21 7
23837 15 15 7
23838 33 32 6
23839 14 13 5
23840 29 28 6
23841 14 14 4
23842 28 27 5
23843 21 21 5
23844 9 8 4
23845 12 11 5
23846 17 16 6
23847 20 19 5
23848 19 19 7
23849 17 16 4
23850 16 15 5
23851 9 9 5
23852 15 14 4
23853 14 13 5
23854 19 18 6
23855 12 12 4
23856 16 15 7
23857 17 16 6
23858 18 18 6
23859 18 18 6
23860 6 6 6
23861 19 19 9
23862 13 12 6
23863 12 12 4
23864 14 13 7
23865 9 8 4
23866 14 13 5
23867 13 13 5
23868 17 16 6
23869 14 13 5
23870 11 10 4
23871 14 13 7
23872 9 9 5
23873 19 18 6
23874 12 11 5
23875 15 15 7
23876 11 10 4
23877 10 9 5
23878 13 12 6
23879 10 9 5
23880 13 12 4
23881 16 15 9
23882 13 12 4
23883 10 9 5
23884 7 7 7
23885 10 10 4
23886 6 5 4
23887 22 21 7
23888 7 6 5
23889 9 8 4
23890 12 11 5
23891 13 13 7
23892 11 10 4
23893 16 15 9
23894 7 6 5
23895 11 10 6
23896 10 9 5
23897 11 10 6
23898 12 12 4
23899 14 13 7
23900 19 19 7
23901 19 18 6
23902 12 11 5
23903 15 14 6
23904 6 6 6
23905 13 13 7
23906 15 14 6
23907 18 18 6
23908 16 15 7
23909 13 12 6
23910 12 12 4
23911 14 13 5
23912 9 8 4
23913 10 9 5
23914 17 16 10
23915 12 12 6
23916 6 5 4
23917 12 11 5
23918 7 6 5
23919 11 11 7
23920 15 14 6
23921 8 8 4
23922 8 7 6
23923 14 14 6
23924 10 10 6
23925 10 10 4
23926 12 11 7
23927 11 11 5
23928 11 10 4
23929 18 17 7
23930 15 14 6
23931 14 14 6
23932 10 9 5
23933 9 9 5
23934 15 14 6
23935 8 8 4
23936 20 19 9
23937 15 14 6
23938 6 6 6
23939 13 12 4
23940 18 17 7
23941 15 14 6
23942 10 10 6
23943 8 8 4
23944 14 13 7
23945 17 16 6
23946 10 9 5
23947 15 14 6
23948 18 18 4
23949 6 5 4
23950 16 15 7
23951 13 12 8
23952 14 14 4
23953 18 17 7
23954 11 10 4
23955 6 5 4
23956 12 11 5
23957 15 14 6
23958 8 8 8
23959 7 6 5
23960 19 19 5
23961 13 12 6
23962 10 10 4
23963 12 11 5
23964 13 13 5
23965 11 10 6
23966 14 14 4
23967 22 21 5
23968 13 13 5
23969 17 16 6
23970 10 10 4
23971 10 9 5
23972 9 8 4
23973 8 7 6
23974 22 22 8
23975 20 20 4
23976 12 11 5
23977 7 6 5
23978 21 20 6
23979 8 8 4
23980 20 19 5
23981 15 15 5
23982 19 19 5
23983 25 25 7
23984 17 17 5
23985 11 10 4
23986 16 15 5
23987 19 18 4
23988 30 29 5
23989 19 19 5
23990 19 18 4
23991 14 13 5
23992 11 10 4
23993 24 23 5
23994 21 20 4
23995 14 13 5
23996 15 14 4
23997 12 11 5
23998 15 15 5
23999 17 17 5
24000 19 18 4
24001 22 21 5
24002 21 20 6
24003 12 11 5
24004 19 18 4
24005 26 25 9
24006 23 23 5
24007 19 18 4
24008 14 13 5
24009 17 16 6
24010 10 9 5
24011 21 21 11
24012 21 20 4
24013 20 19 5
24014 17 17 5
24015 29 29 7
24016 17 17 5
24017 17 16 4
24018 24 23 7
24019 13 12 4
24020 24 23 5
24021 27 26 4
24022 30 29 5
24023 17 17 7
24024 5 5 5
24025 18 17 5
24026 21 20 6
24027 24 24 12
24028 18 17 5
24029 17 17 5
24030 15 15 7
24031 7 6 5
24032 11 10 4
24033 28 27 11
24034 15 15 5
24035 19 19 5
24036 17 16 6
24037 24 24 10
24038 16 16 4
24039 22 21 7
24040 31 31 9
24041 13 12 4
24042 20 19 5
24043 19 19 7
24044 15 15 7
24045 23 22 10
24046 12 11 5
24047 13 13 7
24048 9 8 4
24049 14 13 5
24050 23 23 9
24051 23 23 7
24052 23 23 7
24053 21 20 6
24054 14 13 5
24055 19 19 5
24056 21 21 7
24057 17 17 5
24058 25 25 7
24059 27 26 8
24060 12 11 5
24061 21 21 9
24062 21 21 7
24063 23 23 9
24064 11 10 4
24065 18 17 5
24066 25 25 5
24067 11 10 6
24068 6 6 6
24069 15 14 4
24070 12 11 5
24071 17 16 6
24072 20 20 6
24073 14 14 4
24074 16 15 5
24075 15 15 7
24076 15 14 6
24077 10 10 6
24078 14 14 6
24079 10 10 4
24080 16 15 7
24081 13 12 6
24082 12 12 4
24083 24 23 7
24084 15 15 7
24085 15 14 6
24086 12 11 5
24087 29 28 8
24088 14 13 7
24089 11 10 4
24090 22 21 7
24091 11 11 5
24092 7 6 5
24093 7 6 5
24094 13 13 5
24095 15 14 4
24096 14 13 5
24097 13 13 5
24098 13 13 5
24099 15 14 8
24100 6 6 6
24101 17 16 4
24102 12 11 7
24103 13 12 4
24104 22 21 5
24105 15 15 5
24106 7 7 7
24107 18 17 5
24108 9 8 4
24109 10 9 5
24110 9 8 4
24111 16 15 5
24112 17 16 6
24113 10 10 6
24114 12 12 6
24115 10 10 4
24116 14 13 5
24117 17 16 8
24118 18 18 6
24119 12 12 6
24120 16 16 10
24121 16 16 6
24122 18 17 5
24123 17 16 6
24124 22 21 5
24125 13 12 4
24126 16 15 5
24127 15 14 6
24128 16 16 6
24129 6 5 4
24130 20 19 5
24131 11 11 5
24132 19 19 7
24133 7 6 5
24134 27 26 6
24135 12 11 5
24136 17 17 7
24137 9 8 4
24138 14 13 5
24139 17 16 4
24140 18 17 5
24141 13 12 6
24142 22 21 5
24143 17 16 4
24144 16 15 5
24145 5 5 5
24146 18 17 5
24147 9 9 5
24148 29 29 5
24149 21 21 5
24150 13 12 4
24151 6 5 4
24152 16 15 5
24153 19 19 5
24154 17 16 4
24155 20 19 5
24156 17 17 5
24157 15 14 4
24158 18 17 5
24159 7 6 5
24160 19 18 6
24161 24 23 5
24162 15 14 6
24163 6 5 4
24164 16 15 7
24165 13 12 4
24166 14 13 5
24167 11 11 5
24168 19 19 5
24169 13 12 4
24170 16 15 7
24171 13 12 4
24172 20 19 7
24173 13 12 4
24174 14 13 5
24175 11 10 4
24176 16 15 5
24177 23 23 7
24178 11 11 5
24179 11 11 5
24180 13 13 5
24181 13 12 4
24182 12 11 7
24183 15 15 5
24184 9 8 4
24185 20 19 5
24186 15 14 4
24187 18 17 7
24188 15 15 5
24189 19 18 4
24190 16 15 5
24191 15 14 6
24192 14 14 4
24193 14 13 5
24194 11 10 4
24195 10 9 5
24196 7 6 5
24197 15 14 6
24198 10 9 5
24199 13 13 7
24200 13 12 4
24201 22 21 7
24202 15 14 4
24203 20 19 5
24204 9 9 5
24205 17 16 6
24206 16 16 6
24207 24 24 10
24208 10 9 5
24209 19 18 6
24210 18 18 8
24211 18 17 5
24212 13 12 6
24213 10 10 4
24214 14 13 5
24215 25 24 8
24216 18 18 6
24217 18 18 6
24218 8 8 4
24219 18 17 5
24220 13 12 6
24221 18 17 5
24222 17 17 7
24223 19 18 6
24224 10 10 4
24225 12 11 5
24226 9 9 5
24227 19 18 8
24228 12 11 5
24229 15 14 4
24230 12 11 5
24231 25 24 6
24232 8 8 4
24233 14 13 5
24234 21 21 5
24235 11 11 7
24236 9 9 5
24237 17 16 4
24238 18 17 5
24239 11 11 7
24240 11 10 4
24241 10 9 5
24242 13 13 5
24243 19 18 6
24244 16 16 4
24245 24 23 5
24246 19 18 4
24247 10 9 5
24248 15 14 6
24249 16 16 6
24250 12 12 4
24251 18 17 5
24252 15 15 5
24253 13 13 5
24254 9 9 5
24255 15 15 5
24256 19 19 5
24257 11 11 5
24258 11 10 6
24259 22 21 7
24260 13 12 4
24261 22 21 5
24262 9 9 5
24263 23 22 4
24264 14 13 5
24265 17 16 4
24266 20 19 5
24267 13 12 4
24268 22 21 5
24269 21 21 5
24270 11 10 4
24271 12 11 5
24272 9 8 4
24273 14 13 5
24274 15 14 6
24275 20 19 5
24276 31 31 5
24277 11 11 5
24278 19 18 4
24279 12 11 5
24280 15 14 4
24281 14 13 5
24282 25 25 5
24283 13 12 4
24284 14 13 5
24285 21 20 4
24286 12 11 5
24287 13 13 5
24288 9 9 5
24289 9 8 4
24290 22 21 5
24291 15 15 5
24292 11 10 4
24293 12 11 5
24294 13 12 4
24295 12 11 5
24296 13 13 5
24297 9 8 4
24298 14 13 5
24299 13 13 5
24300 19 19 5
24301 7 7 7
24302 10 10 4
24303 12 11 5
24304 11 11 5
24305 11 10 6
24306 14 14 4
24307 18 17 5
24308 11 10 4
24309 20 19 7
24310 23 22 6
24311 10 10 4
24312 18 17 7
24313 13 12 6
24314 14 14 4
24315 6 5 4
24316 18 17 5
24317 9 9 5
24318 11 10 4
24319 8 7 6
24320 16 15 7
24321 17 16 6
24322 12 12 4
24323 12 11 5
24324 21 21 5
24325 13 13 5
24326 11 11 5
24327 15 14 6
24328 12 12 4
24329 16 15 5
24330 9 8 4
24331 10 9 5
24332 11 11 5
24333 5 5 5
24334 12 11 5
24335 9 9 5
24336 11 11 5
24337 13 13 7
24338 15 14 6
24339 12 12 6
24340 14 13 5
24341 15 14 6
24342 14 14 6
24343 10 10 4
24344 14 13 5
24345 11 10 6
24346 8 8 4
24347 14 13 5
24348 11 11 7
24349 7 6 5
24350 15 15 5
24351 9 9 5
24352 13 13 7
24353 13 13 5
24354 15 14 6
24355 14 13 5
24356 9 9 5
24357 9 9 5
24358 9 9 5
24359 9 9 5
24360 13 13 5
24361 11 11 5
24362 15 14 6
24363 16 16 8
24364 16 16 6
24365 6 6 6
24366 9 9 5
24367 7 7 7
24368 8 8 4
24369 8 7 6
24370 20 19 5
24371 9 9 5
24372 19 18 6
24373 6 5 4
24374 10 9 5
24375 11 11 5
24376 17 17 5
24377 5 5 5
24378 16 15 5
24379 13 13 5
24380 13 12 4
24381 12 11 5
24382 11 10 4
24383 16 15 5
24384 9 9 5
24385 17 17 7
24386 13 12 6
24387 16 16 6
24388 14 14 4
24389 14 13 5
24390 11 10 6
24391 12 12 6
24392 12 11 5
24393 13 12 6
24394 10 9 5
24395 13 12 4
24396 20 19 5
24397 21 21 5
24398 9 9 5
24399 13 12 6
24400 18 18 6
24401 8 8 8
24402 11 10 4
24403 18 17 5
24404 17 17 7
24405 21 20 4
24406 6 5 4
24407 12 11 5
24408 9 9 5
24409 15 14 6
24410 14 13 7
24411 21 20 6
24412 30 30 4
24413 18 17 5
24414 7 6 5
24415 13 12 6
24416 6 6 6
24417 13 12 6
24418 16 15 5
24419 29 29 7
24420 13 12 4
24421 20 19 5
24422 27 26 4
24423 12 11 5
24424 11 10 4
24425 10 9 5
24426 9 9 5
24427 19 19 5
24428 17 16 4
24429 22 21 5
24430 19 18 6
24431 22 21 5
24432 9 8 4
24433 20 19 5
24434 21 20 4
24435 12 11 5
24436 17 16 4
24437 6 5 4
24438 10 9 5
24439 15 15 5
24440 15 15 5
24441 15 14 6
24442 12 12 6
24443 8 8 4
24444 16 15 5
24445 19 18 6
24446 14 14 4
24447 10 9 5
24448 11 10 6
24449 8 8 4
24450 18 17 7
24451 17 17 5
24452 33 32 4
24453 16 15 5
24454 11 10 4
24455 10 9 5
24456 21 20 4
24457 12 11 5
24458 33 32 4
24459 24 23 5
24460 25 24 4
24461 20 19 5
24462 25 24 6
24463 18 18 4
24464 24 23 5
24465 35 34 8
24466 16 16 4
24467 16 15 5
24468 23 22 4
24469 32 31 5
24470 21 21 5
24471 21 20 8
24472 36 36 8
24473 16 15 5
24474 21 20 4
24475 30 29 9
24476 41 40 6
24477 14 14 6
24478 22 21 5
24479 23 23 5
24480 29 28 4
24481 22 21 5
24482 29 28 6
24483 32 32 8
24484 26 25 7
24485 31 30 8
24486 22 22 6
24487 16 16 4
24488 30 29 11
24489 33 32 6
24490 26 26 6
24491 24 23 9
24492 19 19 5
24493 27 26 8
24494 20 20 4
24495 24 23 7
24496 29 29 7
24497 17 16 6
24498 18 18 6
24499 38 37 13
24500 15 14 4
24501 24 23 5
24502 19 18 6
24503 28 28 6
24504 18 17 5
24505 17 16 6
24506 10 10 4
24507 24 23 5
24508 13 13 5
24509 17 16 6
24510 18 18 6
24511 20 19 7
24512 21 21 5
24513 25 24 6
24514 16 16 6
24515 16 15 5
24516 21 21 7
24517 17 17 5
24518 19 18 6
24519 28 28 6
24520 28 28 12
24521 12 12 4
24522 28 27 5
24523 19 19 5
24524 21 20 6
24525 28 27 7
24526 17 17 5
24527 25 24 8
24528 26 26 8
24529 14 14 4
24530 20 19 5
24531 17 16 4
24532 18 17 5
24533 23 22 4
24534 20 19 5
24535 13 13 5
24536 23 22 6
24537 10 10 4
24538 24 23 5
24539 21 21 5
24540 9 8 4
24541 18 17 5
24542 15 14 6
24543 22 22 6
24544 14 14 4
24545 12 11 5
24546 23 23 5
24547 21 21 5
24548 17 16 4
24549 24 23 7
24550 13 12 4
24551 14 13 5
24552 15 14 4
24553 16 15 5
24554 25 24 4
24555 22 21 7
24556 25 24 4
24557 12 11 5
24558 23 23 7
24559 21 20 6
24560 20 20 4
24561 18 17 7
24562 17 17 5
24563 21 20 4
24564 20 19 5
24565 21 20 4
24566 18 17 5
24567 19 18 4
24568 12 11 5
24569 33 32 4
24570 12 11 5
24571 17 16 4
24572 10 9 5
24573 13 12 6
24574 18 18 6
24575 18 18 4
24576 16 15 5
24577 15 14 4
24578 6 5 4
24579 12 11 5
24580 15 15 5
24581 13 12 4
24582 18 17 5
24583 13 12 4
24584 12 11 5
24585 19 18 4
24586 20 19 5
24587 17 17 5
24588 19 18 6
24589 10 9 5
24590 25 24 4
24591 14 13 5
24592 23 22 4
24593 20 19 5
24594 19 19 5
24595 17 17 5
24596 15 14 4
24597 6 5 4
24598 16 15 5
24599 13 13 5
24600 15 14 4
24601 12 11 5
24602 19 18 8
24603 14 14 4
24604 12 11 5
24605 17 16 4
24606 18 17 5
24607 11 11 5
24608 11 10 4
24609 20 19 5
24610 23 22 4
24611 16 15 7
24612 11 10 4
24613 16 15 5
24614 11 11 5
24615 17 16 6
24616 14 14 4
24617 10 9 5
24618 11 10 4
24619 16 15 5
24620 11 11 5
24621 17 16 8
24622 20 20 6
24623 12 12 4
24624 12 11 5
24625 15 14 6
24626 8 8 4
24627 16 15 5
24628 9 9 5
24629 13 13 5
24630 19 19 5
24631 11 10 6
24632 18 18 8
24633 18 18 4
24634 20 19 5
24635 15 14 4
24636 12 11 5
24637 9 9 5
24638 23 22 10
24639 14 14 4
24640 12 11 7
24641 17 17 5
24642 19 18 8
24643 14 14 8
24644 18 18 6
24645 14 13 5
24646 13 13 7
24647 13 12 4
24648 14 13 5
24649 13 13 5
24650 11 10 6
24651 22 22 8
24652 12 12 4
24653 24 23 7
24654 15 14 4
24655 18 17 7
24656 17 16 6
24657 14 14 4
24658 10 9 5
24659 15 15 5
24660 13 12 4
24661 10 9 5
24662 13 12 6
24663 12 12 6
24664 10 10 6
24665 14 14 6
24666 10 10 4
24667 10 9 5
24668 11 10 4
24669 18 17 5
24670 5 5 5
24671 10 9 5
24672 21 21 7
24673 13 13 7
24674 13 12 4
24675 12 11 5
24676 13 13 5
24677 9 9 5
24678 19 19 7
24679 13 12 4
24680 12 11 5
24681 11 11 5
24682 19 18 6
24683 12 12 4
24684 16 15 5
24685 13 13 5
24686 17 16 4
24687 10 9 5
24688 17 16 6
24689 16 15 5
24690 9 9 5
24691 23 22 4
24692 16 15 5
24693 11 10 6
24694 16 16 4
24695 10 9 5
24696 13 12 6
24697 14 13 5
24698 13 13 7
24699 13 12 6
24700 12 12 6
24701 12 12 4
24702 16 15 5
24703 9 8 4
24704 14 13 5
24705 5 5 5
24706 18 17 5
24707 17 17 5
24708 13 13 5
24709 9 9 5
24710 9 8 4
24711 12 11 7
24712 13 12 6
24713 10 10 4
24714 14 13 5
24715 15 15 5
24716 11 11 5
24717 9 9 5
24718 13 13 5
24719 7 6 5
24720 11 10 6
24721 12 12 4
24722 18 17 5
24723 9 9 5
24724 15 14 4
24725 16 15 5
24726 13 12 4
24727 12 11 5
24728 15 14 6
24729 10 10 6
24730 14 14 4
24731 28 27 5
24732 19 18 4
24733 20 19 5
24734 11 10 4
24735 12 11 5
24736 19 18 4
24737 24 23 5
24738 13 12 4
24739 26 25 5
24740 23 22 4
24741 14 13 5
24742 15 14 6
24743 6 6 6
24744 25 24 4
24745 28 27 5
24746 27 26 4
24747 22 21 5
24748 17 16 4
24749 16 15 5
24750 25 25 5
24751 25 24 6
24752 24 24 4
24753 16 15 5
24754 11 10 4
24755 20 19 5
24756 21 20 4
24757 22 21 5
24758 35 34 4
24759 16 15 5
24760 19 18 4
24761 22 21 5
24762 25 24 4
24763 32 31 5
24764 21 20 4
24765 22 21 7
24766 17 17 5
24767 17 16 4
24768 20 19 5
24769 15 14 6
24770 24 24 4
24771 18 17 5
24772 13 12 4
24773 22 21 5
24774 19 18 4
24775 14 13 5
24776 23 22 8
24777 22 21 5
24778 13 13 5
24779 13 12 4
24780 10 9 5
24781 17 16 6
24782 18 18 4
24783 16 15 5
24784 11 11 5
24785 11 11 5
24786 11 10 6
24787 22 22 6
24788 14 13 7
24789 21 20 6
24790 10 9 5
24791 19 18 6
24792 30 29 13
24793 13 13 5
24794 11 10 4
24795 12 11 5
24796 19 18 6
24797 16 15 5
24798 13 12 6
24799 16 16 8
24800 16 15 5
24801 13 13 5
24802 11 10 6
24803 12 12 4
24804 22 21 5
24805 17 16 6
24806 18 18 6
24807 12 11 5
24808 9 8 4
24809 20 19 7
24810 17 16 6
24811 24 24 8
24812 18 17 5
24813 17 16 6
24814 26 26 8
24815 20 20 6
24816 20 20 6
24817 20 20 6
24818 22 21 7
24819 11 10 6
24820 30 30 8
24821 14 14 6
24822 12 12 6
24823 26 26 8
24824 14 14 6
24825 24 24 8
24826 12 11 5
24827 9 8 4
24828 22 21 7
24829 13 12 6
24830 10 10 4
24831 12 11 5
24832 15 15 5
24833 13 13 5
24834 23 22 4
24835 6 5 4
24836 20 19 7
24837 13 12 4
24838 18 17 5
24839 19 19 7
24840 25 24 6
24841 10 9 5
24842 15 14 6
24843 12 12 4
24844 14 13 5
24845 9 9 5
24846 15 14 6
24847 16 16 4
24848 20 19 7
24849 15 14 6
24850 14 13 5
24851 21 20 6
24852 14 13 5
24853 15 15 5
24854 15 15 7
24855 9 8 4
24856 16 15 5
24857 9 9 5
24858 9 9 5
24859 9 8 4
24860 6 5 4
24861 20 19 7
24862 19 18 4
24863 12 11 5
24864 11 11 5
24865 9 9 5
24866 23 23 5
24867 7 7 7
24868 6 6 6
24869 23 22 6
24870 18 18 6
24871 6 5 4
24872 14 13 5
24873 13 12 6
24874 14 14 6
24875 10 10 4
24876 10 9 5
24877 13 13 5
24878 13 12 4
24879 22 21 5
24880 17 16 6
24881 20 20 4
24882 20 19 5
24883 23 22 4
24884 14 13 5
24885 17 17 5
24886 33 32 4
24887 18 17 5
24888 11 10 4
24889 14 13 5
24890 9 8 4
24891 12 11 5
24892 17 17 5
24893 11 10 4
24894 14 13 5
24895 17 16 6
24896 10 10 4
24897 10 9 5
24898 13 13 5
24899 25 24 4
24900 16 15 5
24901 17 16 6
24902 12 12 4
24903 18 17 5
24904 15 14 4
24905 14 13 5
24906 11 11 5
24907 17 16 6
24908 16 16 4
24909 14 13 5
24910 17 16 6
24911 16 16 4
24912 10 9 5
24913 23 22 4
24914 10 9 5
24915 17 16 6
24916 12 11 5
24917 9 8 4
24918 8 7 6
24919 10 10 4
24920 18 17 7
24921 21 20 6
24922 14 13 5
24923 11 11 5
24924 11 10 4
24925 12 11 5
24926 31 31 7
24927 21 20 6
24928 10 10 4
24929 16 15 7
24930 13 12 4
24931 14 13 5
24932 17 17 5
24933 17 17 5
24934 17 17 5
24935 13 13 5
24936 11 10 4
24937 16 15 5
24938 21 21 7
24939 11 10 4
24940 28 27 9
24941 17 16 8
24942 16 15 5
24943 19 18 8
24944 12 12 4
24945 12 11 5
24946 11 10 4
24947 12 11 5
24948 19 18 6
24949 8 8 4
24950 16 15 5
24951 17 17 5
24952 15 15 5
24953 15 14 6
24954 14 14 6
24955 10 10 6
24956 14 13 5
24957 13 12 6
24958 20 20 8
24959 12 11 7
24960 11 11 5
24961 11 10 4
24962 20 19 7
24963 13 12 6
24964 10 10 4
24965 14 13 5
24966 17 16 6
24967 8 8 4
24968 14 13 5
24969 9 8 4
24970 16 15 5
24971 11 10 4
24972 16 15 7
24973 11 10 4
24974 14 13 5
24975 15 14 4
24976 14 13 5
24977 9 8 4
24978 10 9 5
24979 11 10 4
24980 10 9 5
24981 7 7 7
24982 12 11 5
24983 15 15 5
24984 9 8 4
24985 16 15 5
24986 13 12 6
24987 16 16 8
24988 12 12 4
24989 10 9 5
24990 11 10 6
24991 12 11 7
24992 9 8 4
24993 10 9 5
24994 11 10 6
24995 16 16 8
24996 12 12 4
24997 10 9 5
24998 11 10 6
24999 14 13 5
25000 9 9 5
25001 13 12 6
25002 12 11 7
25003 13 12 4
25004 12 11 7
25005 11 10 6
25006 10 9 5
25007 19 18 6
25008 12 12 6
25009 12 11 7
25010 7 7 7
25011 8 8 4
25012 10 9 5
25013 17 16 8
25014 12 12 6
25015 6 5 4
25016 10 9 5
25017 9 8 7
25018 17 17 5
25019 9 9 5
25020 15 14 6
25021 16 15 5
25022 17 16 4
25023 14 13 5
25024 9 9 5
25025 15 14 6
25026 6 5 4
25027 16 15 7
25028 7 6 5
25029 15 14 6
25030 8 7 6
25031 18 18 8
25032 10 10 6
25033 14 14 6
25034 14 14 4
25035 14 13 7
25036 17 16 6
25037 18 17 9
25038 17 16 4
25039 30 29 5
25040 11 10 4
25041 14 13 5
25042 15 14 6
25043 10 10 4
25044 10 9 5
25045 15 15 5
25046 13 13 5
25047 15 14 4
25048 16 15 5
25049 11 10 4
25050 6 5 4
25051 16 15 7
25052 7 6 5
25053 21 21 5
25054 7 6 5
25055 15 14 4
25056 14 13 5
25057 15 15 7
25058 17 17 7
25059 15 14 4
25060 12 11 5
25061 21 20 8
25062 24 24 4
25063 14 13 5
25064 7 6 5
25065 13 13 5
25066 13 12 6
25067 12 12 6
25068 26 26 4
25069 16 15 5
25070 13 12 4
25071 12 11 5
25072 9 9 5
25073 13 12 6
25074 12 12 4
25075 24 23 5
25076 17 17 5
25077 9 9 5
25078 11 10 4
25079 14 13 5
25080 9 9 5
25081 7 7 7
25082 16 16 6
25083 14 14 4
25084 20 19 5
25085 19 18 6
25086 8 8 4
25087 12 11 5
25088 11 11 5
25089 17 16 4
25090 10 9 5
25091 9 9 5
25092 17 16 8
25093 8 8 4
25094 14 13 5
25095 13 13 5
25096 19 18 4
25097 20 19 5
25098 11 11 5
25099 13 12 4
25100 18 17 5
25101 13 12 4
25102 14 13 5
25103 19 19 5
25104 23 22 6
25105 12 12 4
25106 10 9 5
25107 11 10 4
25108 10 9 5
25109 33 33 5
25110 13 13 5
25111 11 10 6
25112 10 10 6
25113 14 14 4
25114 10 9 5
25115 17 17 5
25116 29 28 6
25117 28 28 4
25118 20 19 5
25119 15 14 4
25120 12 11 5
25121 11 11 5
25122 27 26 4
25123 16 15 5
25124 27 27 5
25125 15 14 4
25126 12 11 5
25127 13 12 6
25128 12 12 4
25129 12 11 5
25130 25 25 5
25131 29 28 6
25132 12 12 4
25133 14 13 5
25134 15 14 4
25135 16 15 5
25136 17 17 5
25137 15 14 4
25138 14 13 5
25139 9 8 4
25140 12 11 5
25141 19 18 6
25142 14 14 4
25143 22 21 5
25144 11 10 4
25145 20 19 9
25146 15 14 6
25147 12 11 5
25148 7 6 5
25149 19 18 8
25150 6 6 6
25151 31 31 7
25152 7 6 5
25153 15 14 6
25154 10 10 6
25155 14 14 6
25156 14 13 7
25157 13 12 6
25158 6 5 4
25159 16 15 7
25160 13 13 5
25161 25 24 8
25162 12 12 6
25163 16 15 7
25164 29 28 16
25165 14 14 4
25166 22 21 7
25167 9 8 4
25168 12 11 5
25169 17 17 7
25170 9 8 4
25171 24 23 5
25172 9 9 5
25173 9 9 5
25174 17 16 6
25175 12 12 6
25176 14 14 6
25177 14 14 6
25178 14 14 4
25179 12 11 5
25180 9 9 5
25181 13 12 4
25182 18 17 9
25183 11 10 6
25184 10 9 5
25185 11 10 4
25186 12 11 7
25187 17 16 4
25188 10 9 5
25189 11 10 4
25190 18 17 5
25191 9 9 5
25192 9 9 5
25193 17 17 5
25194 15 15 7
25195 13 12 6
25196 14 14 6
25197 10 10 6
25198 10 10 6
25199 8 8 4
25200 16 15 7
25201 11 11 5
25202 7 6 5
25203 13 12 6
25204 16 16 6
25205 12 11 5
25206 19 18 6
25207 12 12 6
25208 16 15 7
25209 9 8 4
25210 6 5 4
25211 10 9 5
25212 9 8 7
25213 9 8 4
25214 18 17 9
25215 15 14 4
25216 12 11 5
25217 13 13 7
25218 9 9 5
25219 13 13 5
25220 7 6 5
25221 19 18 6
25222 12 12 4
25223 20 19 5
25224 13 12 4
25225 10 9 5
25226 9 9 5
25227 15 15 5
25228 13 12 4
25229 14 13 5
25230 13 13 5
25231 9 9 5
25232 17 16 4
25233 12 11 7
25234 13 12 4
25235 12 11 5
25236 23 22 8
25237 14 13 5
25238 19 18 6
25239 12 12 6
25240 20 20 4
25241 10 9 5
25242 15 14 4
25243 8 7 6
25244 16 16 6
25245 10 10 6
25246 14 14 6
25247 12 12 4
25248 14 13 5
25249 15 14 4
25250 16 15 7
25251 7 6 5
25252 15 14 6
25253 14 14 6
25254 18 18 6
25255 14 14 4
25256 10 9 5
25257 13 12 4
25258 10 9 5
25259 11 10 6
25260 16 16 6
25261 16 16 6
25262 18 18 4
25263 14 13 5
25264 15 14 4
25265 14 13 5
25266 15 14 4
25267 18 17 5
25268 23 22 6
25269 28 28 4
25270 16 15 5
25271 15 14 4
25272 18 17 5
25273 9 8 4
25274 10 9 5
25275 19 18 4
25276 30 29 5
25277 27 26 6
25278 18 18 4
25279 14 13 5
25280 11 11 5
25281 13 12 6
25282 16 16 6
25283 14 14 4
25284 24 23 5
25285 17 17 5
25286 11 11 5
25287 13 12 4
25288 14 13 5
25289 15 14 4
25290 10 9 5
25291 11 10 4
25292 18 17 5
25293 15 15 5
25294 19 19 5
25295 13 13 5
25296 11 11 5
25297 15 14 6
25298 12 12 6
25299 10 10 6
25300 12 12 4
25301 22 21 7
25302 9 8 4
25303 16 15 5
25304 11 10 4
25305 12 11 5
25306 17 17 7
25307 19 18 6
25308 12 12 4
25309 16 15 5
25310 15 14 4
25311 14 13 5
25312 11 11 5
25313 13 13 5
25314 15 14 6
25315 10 10 4
25316 12 11 5
25317 15 14 4
25318 10 9 5
25319 13 13 7
25320 11 10 4
25321 10 9 5
25322 11 11 5
25323 17 16 6
25324 14 14 6
25325 6 5 4
25326 14 13 5
25327 13 12 6
25328 10 10 4
25329 10 9 5
25330 15 14 6
25331 8 8 8
25332 11 10 6
25333 6 6 6
25334 15 15 7
25335 9 9 5
25336 11 11 5
25337 13 12 4
25338 14 13 5
25339 9 9 5
25340 13 13 7
25341 13 12 6
25342 10 9 5
25343 5 5 5
25344 16 15 5
25345 5 5 5
25346 16 15 7
25347 13 13 7
25348 15 14 4
25349 12 11 5
25350 9 8 4
25351 10 9 5
25352 11 10 6
25353 6 6 6
25354 9 9 5
25355 17 16 6
25356 16 15 5
25357 13 13 5
25358 11 11 5
25359 7 6 5
25360 13 12 6
25361 10 10 4
25362 12 11 5
25363 13 13 5
25364 17 16 6
25365 12 12 4
25366 16 15 7
25367 9 8 4
25368 6 5 4
25369 10 9 5
25370 11 11 7
25371 13 12 6
25372 12 12 4
25373 14 13 5
25374 9 9 5
25375 15 14 6
25376 8 7 6
25377 10 10 6
25378 12 12 6
25379 10 10 4
25380 14 13 7
25381 15 14 6
25382 10 10 4
25383 14 13 5
25384 7 7 7
25385 12 12 6
25386 12 12 6
25387 8 8 4
25388 12 11 5
25389 13 13 5
25390 19 19 5
25391 17 16 6
25392 10 9 5
25393 15 14 6
25394 10 10 6
25395 10 10 6
25396 12 11 5
25397 19 18 8
25398 12 12 6
25399 10 10 6
25400 6 5 4
25401 12 11 5
25402 9 8 7
25403 11 10 6
25404 10 9 5
25405 19 19 5
25406 19 18 6
25407 12 12 4
25408 10 9 5
25409 11 10 6
25410 8 8 4
25411 14 13 5
25412 9 9 5
25413 9 9 5
25414 17 16 6
25415 18 18 6
25416 12 12 4
25417 14 13 5
25418 15 14 6
25419 10 9 5
25420 9 8 7
25421 11 11 5
25422 7 7 7
25423 12 12 6
25424 8 8 4
25425 14 13 5
25426 5 5 5
25427 12 11 5
25428 7 7 7
25429 14 14 4
25430 24 23 7
25431 15 14 6
25432 18 18 4
25433 16 15 5
25434 9 8 4
25435 10 9 5
25436 15 15 7
25437 13 12 6
25438 10 9 5
25439 15 14 4
25440 10 9 5
25441 21 20 6
25442 20 19 5
25443 11 11 5
25444 15 14 4
25445 14 13 5
25446 21 20 6
25447 16 16 6
25448 22 22 4
25449 20 19 5
25450 15 14 6
25451 12 12 4
25452 16 15 5
25453 13 12 4
25454 30 29 5
25455 13 12 4
25456 18 17 5
25457 17 16 4
25458 16 15 5
25459 11 11 5
25460 25 24 4
25461 24 23 5
25462 15 14 4
25463 28 27 5
25464 13 12 6
25465 16 16 4
25466 16 15 5
25467 35 34 6
25468 22 22 4
25469 16 15 5
25470 21 20 4
25471 28 27 5
25472 27 27 5
25473 9 8 4
25474 16 15 5
25475 13 12 4
25476 24 23 5
25477 17 16 4
25478 20 19 5
25479 17 17 5
25480 21 20 4
25481 12 11 5
25482 17 16 4
25483 12 11 5
25484 13 12 4
25485 18 17 5
25486 17 17 5
25487 23 23 5
25488 15 14 4
25489 18 17 5
25490 15 14 6
25491 14 14 4
25492 14 13 5
25493 19 18 4
25494 20 19 5
25495 21 20 6
25496 14 14 4
25497 10 9 5
25498 15 14 4
25499 10 9 5
25500 17 16 6
25501 16 16 6
25502 14 14 6
25503 18 17 5
25504 25 25 9
25505 13 12 6
25506 12 12 4
25507 6 5 4
25508 10 9 5
25509 21 21 5
25510 15 15 7
25511 13 12 6
25512 20 20 6
25513 8 8 4
25514 6 5 4
25515 18 17 7
25516 11 10 4
25517 18 17 5
25518 21 20 6
25519 20 20 6
25520 14 13 5
25521 13 13 7
25522 11 11 5
25523 19 19 5
25524 9 9 5
25525 13 12 4
25526 16 15 7
25527 13 12 4
25528 18 17 5
25529 15 14 4
25530 18 17 5
25531 13 13 5
25532 15 15 5
25533 17 17 5
25534 13 12 6
25535 16 15 5
25536 19 18 4
25537 16 15 5
25538 15 14 6
25539 12 11 5
25540 15 14 6
25541 12 12 6
25542 12 12 6
25543 12 12 6
25544 24 24 6
25545 22 21 5
25546 9 8 4
25547 10 9 5
25548 13 12 4
25549 18 17 5
25550 13 13 5
25551 11 10 6
25552 20 20 6
25553 18 18 6
25554 10 10 6
25555 8 8 4
25556 18 17 7
25557 9 8 4
25558 18 17 5
25559 13 12 4
25560 12 11 5
25561 17 17 7
25562 9 8 4
25563 12 11 5
25564 7 6 5
25565 23 22 8
25566 14 13 5
25567 11 10 4
25568 14 13 5
25569 13 12 4
25570 12 11 7
25571 9 8 4
25572 14 13 5
25573 17 17 5
25574 19 18 4
25575 10 9 5
25576 7 6 5
25577 11 10 6
25578 14 14 6
25579 6 6 6
25580 17 16 6
25581 16 15 5
25582 17 16 8
25583 6 6 6
25584 25 24 4
25585 10 9 5
25586 13 13 5
25587 11 10 6
25588 14 14 4
25589 16 15 5
25590 17 16 6
25591 10 9 5
25592 19 18 6
25593 6 5 4
25594 12 11 5
25595 11 10 4
25596 18 17 7
25597 17 16 6
25598 18 18 6
25599 14 14 4
25600 20 19 5
25601 15 14 6
25602 18 18 6
25603 12 11 5
25604 13 13 7
25605 9 8 4
25606 14 13 5
25607 15 15 5
25608 19 18 6
25609 22 22 8
25610 10 10 4
25611 16 15 7
25612 11 10 6
25613 10 10 4
25614 10 9 5
25615 17 16 6
25616 6 6 6
25617 17 17 7
25618 19 18 8
25619 6 6 6
25620 11 10 6
25621 10 10 4
25622 10 9 5
25623 13 12 6
25624 20 20 6
25625 8 8 4
25626 12 11 7
25627 9 9 5
25628 11 11 5
25629 11 10 6
25630 14 13 7
25631 19 18 6
25632 10 10 4
25633 6 5 4
25634 14 13 7
25635 13 12 6
25636 14 13 5
25637 11 11 5
25638 9 8 4
25639 18 17 7
25640 19 18 6
25641 14 13 5
25642 21 20 6
25643 18 18 6
25644 10 9 5
25645 9 8 4
25646 12 11 7
25647 13 12 6
25648 12 11 5
25649 15 14 6
25650 10 9 5
25651 9 9 5
25652 11 10 4
25653 16 15 7
25654 11 11 5
25655 11 10 4
25656 16 15 7
25657 19 19 9
25658 7 6 5
25659 11 10 4
25660 18 17 5
25661 11 11 7
25662 11 11 5
25663 11 10 6
25664 12 12 4
25665 16 15 5
25666 17 16 6
25667 14 14 6
25668 8 8 8
25669 13 12 4
25670 12 11 5
25671 15 14 8
25672 16 16 8
25673 18 18 6
25674 16 16 4
25675 16 15 7
25676 9 8 4
25677 16 15 5
25678 5 5 5
25679 10 9 5
25680 13 12 6
25681 12 12 6
25682 8 8 4
25683 10 9 5
25684 19 18 6
25685 12 11 5
25686 9 9 5
25687 11 10 4
25688 16 15 5
25689 17 16 4
25690 28 27 5
25691 11 10 4
25692 14 13 5
25693 9 9 5
25694 13 12 4
25695 40 39 5
25696 21 20 4
25697 18 17 5
25698 21 20 4
25699 24 23 5
25700 9 8 4
25701 18 17 5
25702 15 14 4
25703 12 11 5
25704 23 22 4
25705 22 21 5
25706 23 22 4
25707 30 29 5
25708 17 16 4
25709 12 11 5
25710 21 20 4
25711 22 21 5
25712 57 56 4
25713 34 33 5
25714 19 18 4
25715 18 17 5
25716 15 14 4
25717 30 29 5
25718 19 18 4
25719 28 27 5
25720 25 24 4
25721 24 23 5
25722 19 18 4
25723 22 21 5
25724 21 20 4
25725 22 21 5
25726 15 14 4
25727 16 15 5
25728 15 15 5
25729 23 22 4
25730 30 29 7
25731 19 19 5
25732 23 22 4
25733 18 17 5
25734 19 18 4
25735 22 21 5
25736 13 12 4
25737 22 21 5
25738 23 22 4
25739 14 13 5
25740 21 21 5
25741 29 28 4
25742 14 13 5
25743 17 16 6
25744 14 14 4
25745 10 9 5
25746 25 24 4
25747 12 11 5
25748 17 16 4
25749 20 19 5
25750 19 18 4
25751 16 15 5
25752 15 14 4
25753 12 11 5
25754 19 18 4
25755 14 13 5
25756 19 19 5
25757 21 21 5
25758 25 24 8
25759 18 18 4
25760 22 21 5
25761 17 16 8
25762 20 20 6
25763 26 25 9
25764 17 17 5
25765 19 18 6
25766 12 12 6
25767 18 18 6
25768 14 13 5
25769 19 19 7
25770 17 16 4
25771 14 13 5
25772 15 14 4
25773 16 15 7
25774 23 22 6
25775 16 16 6
25776 12 12 6
25777 12 12 6
25778 20 20 6
25779 20 20 4
25780 12 11 5
25781 23 22 8
25782 20 19 5
25783 11 11 5
25784 13 13 7
25785 19 18 8
25786 28 27 7
25787 23 22 6
25788 6 6 6
25789 11 11 5
25790 11 10 4
25791 12 11 5
25792 7 7 7
25793 22 22 6
25794 16 15 5
25795 17 16 4
25796 14 13 7
25797 15 14 6
25798 26 25 9
25799 17 17 7
25800 13 12 6
25801 22 21 5
25802 9 9 5
25803 25 25 9
25804 13 13 5
25805 21 20 6
25806 10 10 4
25807 12 11 5
25808 15 14 6
25809 10 10 4
25810 14 13 5
25811 11 11 5
25812 17 17 5
25813 17 16 4
25814 12 11 5
25815 13 12 6
25816 16 15 7
25817 17 16 8
25818 8 8 4
25819 24 23 9
25820 17 16 4
25821 26 25 5
25822 17 16 4
25823 12 11 5
25824 9 8 4
25825 14 13 5
25826 21 21 7
25827 13 12 6
25828 14 14 6
25829 16 16 6
25830 12 12 6
25831 14 14 6
25832 14 13 5
25833 17 16 6
25834 14 13 5
25835 9 8 4
25836 6 5 4
25837 14 13 7
25838 15 14 4
25839 12 11 5
25840 13 13 5
25841 21 21 7
25842 9 9 5
25843 11 10 4
25844 12 11 5
25845 15 15 7
25846 11 10 4
25847 12 11 5
25848 17 17 7
25849 11 10 6
25850 8 7 6
25851 8 8 4
25852 10 9 5
25853 11 10 6
25854 14 13 7
25855 7 6 5
25856 15 15 7
25857 9 8 4
25858 16 15 7
25859 15 15 5
25860 9 9 5
25861 9 9 5
25862 13 13 5
25863 11 10 6
25864 6 6 6
25865 11 10 6
25866 20 20 6
25867 12 11 5
25868 15 15 7
25869 9 8 4
25870 12 11 5
25871 17 16 8
25872 10 10 4
25873 12 11 5
25874 13 12 6
25875 10 10 4
25876 14 13 7
25877 9 8 7
25878 9 8 4
25879 14 13 7
25880 19 18 4
25881 6 5 4
25882 14 13 5
25883 9 9 5
25884 15 14 6
25885 10 10 6
25886 10 10 6
25887 22 22 8
25888 14 14 6
25889 14 14 4
25890 16 15 5
25891 9 9 5
25892 11 10 6
25893 8 8 4
25894 20 19 5
25895 9 9 5
25896 19 19 7
25897 7 6 5
25898 13 13 5
25899 11 11 5
25900 9 9 5
25901 13 13 5
25902 13 12 6
25903 14 14 6
25904 12 12 4
25905 12 11 7
25906 11 10 4
25907 12 11 5
25908 11 10 6
25909 12 12 6
25910 14 13 5
25911 17 16 4
25912 18 17 5
25913 11 10 4
25914 16 15 5
25915 11 10 6
25916 14 13 5
25917 5 5 5
25918 16 15 5
25919 17 17 7
25920 17 17 5
25921 17 16 6
25922 10 10 4
25923 18 17 5
25924 13 13 5
25925 5 5 5
25926 10 9 5
25927 11 11 5
25928 11 11 5
25929 21 20 6
25930 14 13 5
25931 11 10 4
25932 10 9 5
25933 17 17 5
25934 11 10 6
25935 10 10 4
25936 10 9 5
25937 21 20 4
25938 10 9 5
25939 11 11 5
25940 13 12 4
25941 14 13 7
25942 13 12 6
25943 14 13 5
25944 19 19 5
25945 25 25 5
25946 21 20 4
25947 18 17 7
25948 9 8 4
25949 12 11 5
25950 15 14 4
25951 14 13 5
25952 19 18 4
25953 26 25 5
25954 21 21 5
25955 23 22 4
25956 6 5 4
25957 18 17 5
25958 11 11 5
25959 17 16 6
25960 16 16 4
25961 26 25 5
25962 17 16 4
25963 14 13 5
25964 15 14 4
25965 26 25 5
25966 15 14 4
25967 14 13 5
25968 25 24 6
25969 16 16 4
25970 18 17 5
25971 29 28 6
25972 16 16 4
25973 20 19 5
25974 17 16 6
25975 12 12 4
25976 24 23 5
25977 21 20 4
25978 16 15 5
25979 9 8 4
25980 12 11 5
25981 13 12 4
25982 14 13 5
25983 21 20 4
25984 22 21 5
25985 13 12 4
25986 12 11 5
25987 9 8 4
25988 12 11 5
25989 17 17 5
25990 13 12 4
25991 20 19 5
25992 11 11 5
25993 15 14 6
25994 16 16 4
25995 16 15 5
25996 15 15 5
25997 25 24 6
25998 20 19 7
25999 11 10 6
26000 18 18 4
26001 10 9 5
26002 19 18 6
26003 14 14 4
26004 18 17 7
26005 15 15 5
26006 9 8 4
26007 28 27 11
26008 23 22 8
26009 18 18 4
26010 18 17 7
26011 17 17 5
26012 15 14 6
26013 12 12 6
26014 16 16 6
26015 12 12 4
26016 12 11 5
26017 9 8 4
26018 18 17 5
26019 5 5 5
26020 12 11 5
26021 15 14 4
26022 20 19 5
26023 11 11 5
26024 15 14 4
26025 12 11 5
26026 21 21 7
26027 9 9 5
26028 13 13 5
26029 7 6 5
26030 13 12 6
26031 18 18 8
26032 28 27 5
26033 17 17 9
26034 25 24 8
26035 12 12 6
26036 10 10 4
26037 16 15 5
26038 11 10 4
26039 14 13 5
26040 11 11 5
26041 13 13 5
26042 11 10 6
26043 16 16 6
26044 22 22 6
26045 16 16 6
26046 12 11 5
26047 15 15 7
26048 15 14 6
26049 14 14 4
26050 20 19 7
26051 15 14 6
26052 16 16 6
26053 12 11 5
26054 11 10 4
26055 14 13 7
26056 13 13 5
26057 13 13 5
26058 9 9 5
26059 11 10 4
26060 18 17 5
26061 15 15 7
26062 11 11 5
26063 9 9 5
26064 11 11 5
26065 21 20 6
26066 12 12 6
26067 16 16 4
26068 14 13 5
26069 5 5 5
26070 10 9 5
26071 5 5 5
26072 22 21 5
26073 13 13 5
26074 11 10 4
26075 12 11 5
26076 11 11 5
26077 19 18 8
26078 16 16 4
26079 12 11 5
26080 11 10 6
26081 12 11 5
26082 7 6 5
26083 13 12 8
26084 14 14 6
26085 16 16 6
26086 14 13 7
26087 9 9 5
26088 11 11 5
26089 15 14 6
26090 20 19 7
26091 9 9 5
26092 7 6 5
26093 13 12 6
26094 10 10 6
26095 12 11 5
26096 17 17 5
26097 17 17 5
26098 7 6 5
26099 13 12 6
26100 6 6 6
26101 13 13 5
26102 13 12 8
26103 22 22 6
26104 6 6 6
26105 17 16 4
26106 18 17 5
26107 13 13 5
26108 9 9 5
26109 13 12 4
26110 14 13 5
26111 9 9 5
26112 13 13 5
26113 15 15 5
26114 11 11 7
26115 15 14 6
26116 6 6 6
26117 13 13 7
26118 11 10 4
26119 14 13 7
26120 13 13 7
26121 15 15 5
26122 11 11 5
26123 9 9 5
26124 9 9 5
26125 11 11 5
26126 9 9 5
26127 17 17 5
26128 17 16 6
26129 18 18 6
26130 12 11 7
26131 13 12 6
26132 6 6 6
26133 11 10 6
26134 6 6 6
26135 13 12 6
26136 8 7 6
26137 14 14 6
26138 16 15 5
26139 9 8 4
26140 8 7 6
26141 12 12 8
26142 14 14 6
26143 12 12 6
26144 10 9 5
26145 15 14 6
26146 12 12 6
26147 12 11 5
26148 11 10 6
26149 18 18 4
26150 10 9 5
26151 15 14 8
26152 12 11 5
26153 17 16 6
26154 12 12 6
26155 16 16 4
26156 6 5 4
26157 10 9 5
26158 11 10 6
26159 16 16 4
26160 10 9 5
26161 13 13 7
26162 13 12 6
26163 16 15 5
26164 13 12 4
26165 16 15 5
26166 17 17 5
26167 11 10 6
26168 14 14 4
26169 12 11 5
26170 11 10 4
26171 10 9 5
26172 15 14 6
26173 14 13 5
26174 11 11 5
26175 9 9 5
26176 9 9 5
26177 11 10 4
26178 12 11 5
26179 13 13 5
26180 17 17 7
26181 9 8 4
26182 20 19 5
26183 9 9 5
26184 9 9 5
26185 15 14 4
26186 12 11 5
26187 17 17 5
26188 25 24 6
26189 22 22 6
26190 18 18 6
26191 10 10 4
26192 12 11 5
26193 9 9 5
26194 13 13 7
26195 11 10 4
26196 14 13 7
26197 17 16 4
26198 16 15 5
26199 7 6 5
26200 9 9 5
26201 7 6 5
26202 15 14 8
26203 10 10 6
26204 20 20 4
26205 18 17 5
26206 25 24 4
26207 14 13 5
26208 15 14 6
26209 6 6 6
26210 17 16 6
26211 16 15 5
26212 17 16 4
26213 30 29 5
26214 23 22 4
26215 6 5 4
26216 14 13 5
26217 7 6 5
26218 23 22 6
26219 12 12 6
26220 20 20 4
26221 16 15 5
26222 23 22 6
26223 10 10 6
26224 20 20 6
26225 18 18 4
26226 10 9 5
26227 21 20 4
26228 14 13 5
26229 19 18 4
26230 14 13 5
26231 25 24 4
26232 24 23 5
26233 31 30 4
26234 22 21 5
26235 19 18 4
26236 18 17 5
26237 25 24 4
26238 22 21 5
26239 17 16 4
26240 14 13 5
26241 19 18 4
26242 12 11 5
26243 13 12 6
26244 14 14 4
26245 20 19 5
26246 15 14 4
26247 24 23 5
26248 15 14 4
26249 20 19 5
26250 11 10 4
26251 26 25 5
26252 19 19 5
26253 21 20 4
26254 16 15 5
26255 15 14 6
26256 20 20 6
26257 24 24 4
26258 22 21 5
26259 23 22 4
26260 20 19 5
26261 15 15 5
26262 13 12 4
26263 16 15 5
26264 17 17 5
26265 25 25 7
26266 33 32 6
26267 24 24 8
26268 38 38 6
26269 20 20 4
26270 18 17 7
26271 25 24 6
26272 30 29 9
26273 17 16 4
26274 22 21 5
26275 19 18 6
26276 28 28 6
26277 12 12 4
26278 16 15 5
26279 21 21 5
26280 11 10 4
26281 30 29 9
26282 21 20 6
26283 14 14 4
26284 12 11 5
26285 15 14 4
26286 12 11 5
26287 15 14 4
26288 20 19 7
26289 11 10 6
26290 10 10 4
26291 20 19 9
26292 11 10 4
26293 14 13 5
26294 13 12 8
26295 16 15 5
26296 9 8 4
26297 24 23 7
26298 9 9 5
26299 13 13 7
26300 19 18 8
26301 12 12 6
26302 12 12 6
26303 12 12 4
26304 14 13 7
26305 19 18 6
26306 14 13 5
26307 15 15 5
26308 13 12 6
26309 14 14 4
26310 12 11 5
26311 11 11 7
26312 9 8 4
26313 18 17 5
26314 9 8 4
26315 20 19 5
26316 7 6 5
26317 19 18 6
26318 10 10 4
26319 14 13 5
26320 23 22 6
26321 18 17 5
26322 17 16 6
26323 18 18 6
26324 16 15 5
26325 23 23 5
26326 9 9 5
26327 17 16 6
26328 14 14 6
26329 16 16 6
26330 14 14 6
26331 6 5 4
26332 16 15 5
26333 9 8 7
26334 13 12 6
26335 12 12 4
26336 24 23 5
26337 9 8 4
26338 10 9 5
26339 9 9 5
26340 11 10 4
26341 10 9 5
26342 17 17 7
26343 11 10 4
26344 26 25 5
26345 9 9 5
26346 21 20 8
26347 12 12 4
26348 14 13 5
26349 19 18 6
26350 20 19 5
26351 15 14 4
26352 26 25 5
26353 13 12 4
26354 12 11 5
26355 19 18 4
26356 16 15 7
26357 11 10 4
26358 12 11 5
26359 11 11 5
26360 19 18 4
26361 12 11 5
26362 9 8 4
26363 20 19 5
26364 15 15 5
26365 13 13 5
26366 15 15 5
26367 15 14 4
26368 12 11 5
26369 17 16 6
26370 14 13 5
26371 15 15 5
26372 21 20 6
26373 10 9 5
26374 9 8 4
26375 10 9 5
26376 13 13 5
26377 13 12 6
26378 8 8 4
26379 14 13 7
26380 15 14 4
26381 14 13 5
26382 11 11 5
26383 17 16 8
26384 8 8 4
26385 6 5 4
26386 20 19 7
26387 13 12 6
26388 8 8 4
26389 12 11 5
26390 11 10 4
26391 14 13 7
26392 13 12 6
26393 10 10 4
26394 16 15 7
26395 13 13 5
26396 13 12 6
26397 14 14 4
26398 12 11 5
26399 15 14 4
26400 12 11 5
26401 9 8 7
26402 13 12 6
26403 16 16 4
26404 14 13 5
26405 9 9 5
26406 21 20 6
26407 12 12 6
26408 14 13 5
26409 11 11 5
26410 9 8 4
26411 14 13 5
26412 13 13 5
26413 9 9 5
26414 11 10 6
26415 10 10 4
26416 14 13 5
26417 13 13 7
26418 13 12 4
26419 10 9 5
26420 9 9 5
26421 15 14 6
26422 10 9 5
26423 17 16 6
26424 12 12 4
26425 12 11 5
26426 13 13 5
26427 5 5 5
26428 24 23 5
26429 9 9 5
26430 11 10 6
26431 10 10 6
26432 20 20 4
26433 16 15 7
26434 21 20 4
26435 6 5 4
26436 12 11 5
26437 15 14 4
26438 14 13 7
26439 11 11 5
26440 9 8 4
26441 10 9 5
26442 7 6 5
26443 11 11 5
26444 9 9 5
26445 11 11 7
26446 15 14 6
26447 10 10 6
26448 10 10 4
26449 12 11 5
26450 19 18 6
26451 16 15 5
26452 15 14 6
26453 12 12 6
26454 14 14 8
26455 12 12 6
26456 10 10 4
26457 10 9 5
26458 11 10 4
26459 10 9 5
26460 9 9 5
26461 17 16 8
26462 14 13 5
26463 13 12 6
26464 12 12 4
26465 12 11 5
26466 7 6 5
26467 13 13 7
26468 11 10 6
26469 22 22 8
26470 16 16 4
26471 18 17 5
26472 13 12 4
26473 14 13 5
26474 11 11 5
26475 9 8 4
26476 6 5 4
26477 22 21 5
26478 5 5 5
26479 14 13 7
26480 17 17 5
26481 11 10 6
26482 8 8 4
26483 10 9 5
26484 21 20 4
26485 20 19 5
26486 17 17 5
26487 11 10 4
26488 6 5 4
26489 14 13 7
26490 17 16 6
26491 10 9 5
26492 9 8 4
26493 14 13 5
26494 11 10 4
26495 10 9 5
26496 11 11 7
26497 11 10 6
26498 10 10 6
26499 10 9 5
26500 11 10 4
26501 14 13 5
26502 15 15 5
26503 13 13 5
26504 25 25 7
26505 19 18 4
26506 20 19 5
26507 11 10 6
26508 10 10 4
26509 26 25 5
26510 15 15 5
26511 11 10 4
26512 16 15 5
26513 11 10 4
26514 14 13 5
26515 7 6 5
26516 15 14 6
26517 10 10 4
26518 24 23 7
26519 11 10 4
26520 20 19 7
26521 13 12 4
26522 10 9 5
26523 11 10 4
26524 12 11 5
26525 17 17 5
26526 15 15 5
26527 21 20 4
26528 18 17 5
26529 9 8 4
26530 10 9 5
26531 9 8 4
26532 12 11 5
26533 11 10 6
26534 20 19 5
26535 11 11 5
26536 17 16 6
26537 8 8 4
26538 14 13 7
26539 9 8 4
26540 12 11 5
26541 11 10 6
26542 14 14 8
26543 20 20 4
26544 16 15 5
26545 17 17 5
26546 11 10 4
26547 12 11 5
26548 13 12 4
26549 8 7 6
26550 14 13 5
26551 17 17 5
26552 15 14 4
26553 18 17 5
26554 11 10 4
26555 10 9 5
26556 11 10 6
26557 12 12 6
26558 16 15 5
26559 11 10 4
26560 12 11 5
26561 17 17 5
26562 19 19 5
26563 9 8 4
26564 14 13 5
26565 11 10 4
26566 18 17 7
26567 19 18 6
26568 18 18 6
26569 8 8 4
26570 16 15 5
26571 17 16 6
26572 12 12 6
26573 14 14 4
26574 20 19 5
26575 21 20 4
26576 20 19 5
26577 17 16 4
26578 20 19 7
26579 11 10 4
26580 14 13 5
26581 13 12 4
26582 12 11 5
26583 17 17 5
26584 21 20 4
26585 10 9 5
26586 17 16 6
26587 20 20 6
26588 14 13 5
26589 7 6 5
26590 13 12 4
26591 14 13 5
26592 17 16 6
26593 26 26 8
26594 16 15 5
26595 15 15 5
26596 19 18 6
26597 12 12 4
26598 10 9 5
26599 11 10 6
26600 20 20 6
26601 18 18 4
26602 20 19 7
26603 17 16 6
26604 16 16 6
26605 10 10 6
26606 14 13 5
26607 23 22 4
26608 20 19 5
26609 21 20 4
26610 16 15 5
26611 7 7 7
26612 16 16 6
26613 8 8 4
26614 30 29 5
26615 9 9 5
26616 19 19 5
26617 13 12 4
26618 12 11 5
26619 23 22 6
26620 6 6 6
26621 15 14 4
26622 16 15 5
26623 21 20 8
26624 18 18 6
26625 10 10 4
26626 10 9 5
26627 13 13 5
26628 11 11 5
26629 9 9 5
26630 17 16 6
26631 14 13 5
26632 9 8 4
26633 6 5 4
26634 16 15 5
26635 15 15 7
26636 11 11 5
26637 13 13 5
26638 13 12 6
26639 20 20 6
26640 16 15 5
26641 7 6 5
26642 27 26 6
26643 8 8 4
26644 12 11 5
26645 15 14 6
26646 16 16 8
26647 6 6 6
26648 17 16 4
26649 10 9 5
26650 29 29 5
26651 13 13 5
26652 15 14 4
26653 10 9 5
26654 15 14 6
26655 16 15 7
26656 15 15 5
26657 9 8 4
26658 16 15 5
26659 11 10 4
26660 20 19 5
26661 15 14 6
26662 8 8 4
26663 12 11 5
26664 11 10 6
26665 18 18 6
26666 10 9 5
26667 19 18 4
26668 12 11 5
26669 13 13 5
26670 11 10 4
26671 18 17 7
26672 9 8 4
26673 16 15 5
26674 11 10 6
26675 12 12 6
26676 6 6 6
26677 13 12 6
26678 18 18 6
26679 14 13 5
26680 17 17 5
26681 17 16 6
26682 10 9 5
26683 11 10 4
26684 10 9 5
26685 15 14 4
26686 16 15 7
26687 15 15 5
26688 15 14 6
26689 14 14 6
26690 12 12 6
26691 10 10 6
26692 14 14 4
26693 10 9 5
26694 15 15 7
26695 11 10 4
26696 6 5 4
26697 16 15 9
26698 15 14 6
26699 6 6 6
26700 11 10 4
26701 10 9 5
26702 15 15 5
26703 9 9 5
26704 9 9 5
26705 7 7 7
26706 14 14 6
26707 12 12 6
26708 14 13 9
26709 13 12 4
26710 10 9 5
26711 15 14 6
26712 12 12 8
26713 12 12 6
26714 14 13 5
26715 13 12 4
26716 18 17 5
26717 15 14 6
26718 18 18 4
26719 12 11 5
26720 9 8 4
26721 20 19 5
26722 9 8 4
26723 8 7 6
26724 16 16 6
26725 12 11 5
26726 15 14 4
26727 14 13 5
26728 19 18 6
26729 10 9 5
26730 13 12 4
26731 16 15 7
26732 11 10 4
26733 10 9 5
26734 17 16 6
26735 10 9 5
26736 11 11 7
26737 11 10 6
26738 16 15 5
26739 13 12 6
26740 16 15 5
26741 17 16 6
26742 16 16 4
26743 12 11 5
26744 15 14 4
26745 16 15 5
26746 19 18 6
26747 14 13 7
26748 23 22 6
26749 22 21 5
26750 23 22 4
26751 14 13 5
26752 19 18 4
26753 22 21 5
26754 27 26 6
26755 18 18 4
26756 22 21 5
26757 23 22 4
26758 20 19 5
26759 15 14 4
26760 24 23 5
26761 19 18 6
26762 30 30 4
26763 28 27 5
26764 29 28 6
26765 24 24 4
26766 20 19 5
26767 25 24 4
26768 30 29 5
26769 19 19 5
26770 27 26 4
26771 30 29 5
26772 29 29 5
26773 29 29 7
26774 19 19 5
26775 21 21 5
26776 33 32 4
26777 24 23 5
26778 29 28 6
26779 28 28 4
26780 20 19 5
26781 19 18 4
26782 22 21 5
26783 19 18 6
26784 20 20 4
26785 16 15 5
26786 25 24 6
26787 26 26 8
26788 14 14 4
26789 18 17 5
26790 17 16 4
26791 14 13 5
26792 15 14 6
26793 20 19 5
26794 19 19 7
26795 13 13 5
26796 23 23 9
26797 19 18 6
26798 18 18 6
26799 28 28 6
26800 10 9 5
26801 19 19 5
26802 9 9 5
26803 33 32 10
26804 18 18 6
26805 8 8 4
26806 24 23 5
26807 15 15 5
26808 25 25 5
26809 21 20 8
26810 34 33 9
26811 29 28 10
26812 26 26 4
26813 18 17 7
26814 35 34 6
26815 18 18 6
26816 20 19 5
26817 31 31 11
26818 19 19 5
26819 23 23 7
26820 25 25 7
26821 13 13 5
26822 11 11 5
26823 23 23 5
26824 25 24 4
26825 20 19 5
26826 19 19 7
26827 7 6 5
26828 23 22 4
26829 34 33 7
26830 11 11 5
26831 19 18 8
26832 22 22 10
26833 20 19 7
26834 11 10 4
26835 12 11 5
26836 11 11 5
26837 15 15 7
26838 15 14 4
26839 20 19 5
26840 19 18 4
26841 12 11 5
26842 21 20 8
26843 10 10 4
26844 16 15 5
26845 21 20 6
26846 14 14 4
26847 32 31 9
26848 13 13 5
26849 15 14 4
26850 28 27 5
26851 21 20 6
26852 10 10 4
26853 14 13 5
26854 15 14 6
26855 16 16 6
26856 12 12 4
26857 12 11 5
26858 29 28 4
26859 24 23 9
26860 29 28 4
26861 10 9 5
26862 19 18 4
26863 14 13 5
26864 15 14 4
26865 12 11 5
26866 17 16 6
26867 14 14 4
26868 32 31 5
26869 25 25 5
26870 13 12 4
26871 16 15 5
26872 13 12 4
26873 20 19 5
26874 17 17 5
26875 19 18 4
26876 16 15 5
26877 15 15 5
26878 21 20 4
26879 24 23 5
26880 9 8 4
26881 26 25 7
26882 15 14 4
26883 24 23 7
26884 17 16 6
26885 14 14 4
26886 16 15 5
26887 15 14 4
26888 20 19 5
26889 15 15 5
26890 13 13 5
26891 27 26 6
26892 10 10 4
26893 20 19 5
26894 11 11 5
26895 17 16 4
26896 22 21 5
26897 21 21 5
26898 15 14 4
26899 12 11 5
26900 13 12 4
26901 22 21 5
26902 17 17 5
26903 25 24 6
26904 18 17 5
26905 23 22 8
26906 18 17 5
26907 13 13 5
26908 13 12 4
26909 18 17 5
26910 25 24 6
26911 14 13 7
26912 27 27 7
26913 21 20 6
26914 16 15 5
26915 15 14 6
26916 18 18 6
26917 24 23 5
26918 29 29 7
26919 13 12 4
26920 16 15 7
26921 21 20 6
26922 12 12 4
26923 22 21 5
26924 19 19 5
26925 19 18 6
26926 12 11 5
26927 15 15 5
26928 17 17 5
26929 17 16 6
26930 10 10 4
26931 14 13 5
26932 11 10 6
26933 8 8 4
26934 12 11 7
26935 17 16 6
26936 14 14 6
26937 6 6 6
26938 13 12 6
26939 12 12 6
26940 12 12 4
26941 10 9 5
26942 11 11 5
26943 9 9 5
26944 21 20 6
26945 6 5 4
26946 16 15 5
26947 13 12 6
26948 10 10 6
26949 6 6 6
26950 11 10 6
26951 8 8 4
26952 16 15 7
26953 15 14 4
26954 14 13 5
26955 15 15 5
26956 17 16 6
26957 12 12 6
26958 10 10 6
26959 10 9 5
26960 13 12 6
26961 18 17 5
26962 13 12 6
26963 6 6 6
26964 13 12 6
26965 14 13 7
26966 13 12 4
26967 12 11 5
26968 13 12 6
26969 10 10 4
26970 12 11 5
26971 9 9 5
26972 11 10 6
26973 10 9 5
26974 13 13 5
26975 13 13 5
26976 17 17 5
26977 11 10 4
26978 16 15 5
26979 15 14 4
26980 12 11 5
26981 13 12 6
26982 6 5 4
26983 14 13 7
26984 9 8 4
26985 20 19 9
26986 13 13 5
26987 23 22 6
26988 18 18 4
26989 18 17 5
26990 19 18 4
26991 12 11 5
26992 11 10 6
26993 14 14 6
26994 16 15 5
26995 11 10 4
26996 12 11 5
26997 19 18 6
26998 14 14 4
26999 16 15 7
27000 11 10 4
27001 16 15 5
27002 11 10 4
27003 16 15 7
27004 23 22 6
27005 18 18 4
27006 16 15 5
27007 21 20 8
27008 8 8 4
27009 10 9 5
27010 19 19 7
27011 9 9 5
27012 7 6 5
27013 11 10 6
27014 12 12 6
27015 10 10 4
27016 16 15 5
27017 13 13 7
27018 21 20 6
27019 14 13 5
27020 17 16 4
27021 18 17 7
27022 7 6 5
27023 17 16 6
27024 12 11 5
27025 13 13 5
27026 9 9 5
27027 13 12 6
27028 6 6 6
27029 15 14 6
27030 14 13 7
27031 11 11 5
27032 31 31 5
27033 17 17 7
27034 17 16 6
27035 8 8 4
27036 10 9 5
27037 15 14 6
27038 14 14 6
27039 12 12 4
27040 14 13 7
27041 15 14 4
27042 12 11 7
27043 11 10 4
27044 14 13 5
27045 9 8 4
27046 18 17 5
27047 17 17 7
27048 15 14 6
27049 6 6 6
27050 11 10 6
27051 14 14 6
27052 20 20 6
27053 18 17 5
27054 15 15 5
27055 19 18 4
27056 10 9 5
27057 11 11 5
27058 11 10 6
27059 10 10 4
27060 18 17 5
27061 15 14 6
27062 16 16 4
27063 12 11 5
27064 13 12 6
27065 6 5 4
27066 20 19 5
27067 11 11 5
27068 19 18 6
27069 14 13 5
27070 11 10 4
27071 26 25 5
27072 11 10 4
27073 6 5 4
27074 12 11 5
27075 17 16 4
27076 32 31 5
27077 11 10 4
27078 14 13 5
27079 13 12 4
27080 16 15 5
27081 21 20 6
27082 22 22 4
27083 12 11 5
27084 13 12 4
27085 16 15 5
27086 11 11 5
27087 17 16 4
27088 20 19 5
27089 17 16 6
27090 18 18 4
27091 20 19 5
27092 27 27 5
27093 17 16 4
27094 28 27 5
27095 13 13 5
27096 15 15 5
27097 11 11 5
27098 11 10 6
27099 14 14 4
27100 10 9 5
27101 31 31 7
27102 45 44 4
27103 18 17 5
27104 11 10 4
27105 12 11 5
27106 23 22 6
27107 24 24 6
27108 26 26 6
27109 20 20 4
27110 26 25 5
27111 17 16 4
27112 26 25 5
27113 45 44 4
27114 24 23 5
27115 21 20 4
27116 16 15 5
27117 23 22 4
27118 28 27 5
27119 27 26 6
27120 28 27 7
27121 15 15 5
27122 21 20 4
27123 20 19 5
27124 27 26 6
27125 26 25 7
27126 17 17 5
27127 19 19 7
27128 21 21 7
27129 25 25 9
27130 31 30 8
27131 14 14 4
27132 14 13 5
27133 19 18 6
27134 18 18 8
27135 16 16 4
27136 14 13 5
27137 23 22 6
27138 20 19 5
27139 13 12 4
27140 14 13 5
27141 37 36 14
27142 20 19 5
27143 17 17 5
27144 23 23 5
27145 17 17 5
27146 21 21 9
27147 31 31 7
27148 21 20 4
27149 22 21 5
27150 11 11 7
27151 11 11 5
27152 15 14 6
27153 14 14 4
27154 16 15 5
27155 15 14 4
27156 16 15 5
27157 13 13 5
27158 13 13 5
27159 21 21 5
27160 15 14 6
27161 18 18 6
27162 14 13 5
27163 11 11 5
27164 15 14 4
27165 22 21 11
27166 25 25 9
27167 19 19 7
27168 11 11 5
27169 9 9 5
27170 11 10 4
27171 14 13 5
27172 25 25 7
27173 9 9 5
27174 13 12 4
27175 14 13 7
27176 13 13 5
27177 15 14 8
27178 20 19 9
27179 15 14 4
27180 20 19 5
27181 15 14 6
27182 10 10 4
27183 16 15 7
27184 17 16 4
27185 14 13 5
27186 17 17 5
27187 9 9 5
27188 19 19 5
27189 11 11 7
27190 13 12 6
27191 10 9 5
27192 13 13 5
27193 13 12 6
27194 12 12 8
27195 8 8 4
27196 12 11 5
27197 11 10 6
27198 14 14 6
27199 8 8 4
27200 20 19 5
27201 17 16 6
27202 12 11 5
27203 7 6 5
27204 17 16 6
27205 8 7 6
27206 14 14 8
27207 14 14 4
27208 16 15 7
27209 11 10 4
27210 14 13 5
27211 9 9 5
27212 15 14 4
27213 14 13 5
27214 17 16 6
27215 16 15 5
27216 15 15 5
27217 19 18 6
27218 18 18 6
27219 20 20 6
27220 8 8 4
27221 6 5 4
27222 14 13 5
27223 7 6 5
27224 17 17 5
27225 21 20 6
27226 14 13 5
27227 15 14 4
27228 18 17 5
27229 11 10 4
27230 20 19 5
27231 23 22 6
27232 28 28 4
27233 20 19 5
27234 17 16 4
27235 18 17 5
27236 19 18 4
27237 14 13 5
27238 15 14 4
27239 22 21 5
27240 15 14 4
27241 24 23 7
27242 31 30 6
27243 6 6 6
27244 19 18 4
27245 24 23 5
27246 13 12 4
27247 16 15 5
27248 19 18 6
27249 20 19 5
27250 15 15 7
27251 17 16 4
27252 18 17 5
27253 21 20 8
27254 12 12 6
27255 18 18 6
27256 10 10 4
27257 14 13 5
27258 13 12 4
27259 10 9 5
27260 11 11 5
27261 13 12 4
27262 14 13 5
27263 25 25 7
27264 13 12 6
27265 12 12 6
27266 8 8 4
27267 20 19 7
27268 11 10 4
27269 20 19 5
27270 11 11 5
27271 15 15 5
27272 9 9 5
27273 15 14 6
27274 12 12 4
27275 14 13 5
27276 7 6 5
27277 17 16 6
27278 12 11 5
27279 11 11 5
27280 11 10 6
27281 16 16 6
27282 12 12 6
27283 12 12 6
27284 14 13 5
27285 11 10 6
27286 10 10 4
27287 16 15 7
27288 7 6 5
27289 17 16 6
27290 10 9 5
27291 9 8 4
27292 14 13 5
27293 15 14 8
27294 8 8 8
27295 11 10 6
27296 10 10 4
27297 10 9 5
27298 9 9 5
27299 17 17 7
27300 7 6 5
27301 11 10 4
27302 14 13 5
27303 13 13 5
27304 13 13 7
27305 15 14 6
27306 10 10 4
27307 10 9 5
27308 9 9 5
27309 17 16 6
27310 6 5 4
27311 10 9 5
27312 11 11 5
27313 23 22 6
27314 12 11 5
27315 15 14 6
27316 10 10 4
27317 12 11 5
27318 11 10 6
27319 16 15 5
27320 11 10 6
27321 12 11 5
27322 11 10 4
27323 10 9 5
27324 11 11 7
27325 13 13 7
27326 9 8 4
27327 14 13 5
27328 11 11 5
27329 9 8 4
27330 10 9 5
27331 11 11 7
27332 11 11 5
27333 5 5 5
27334 14 13 5
27335 15 15 5
27336 7 7 7
27337 8 7 6
27338 12 12 6
27339 14 14 6
27340 14 13 5
27341 11 11 5
27342 11 10 4
27343 14 13 5
27344 13 13 5
27345 13 12 6
27346 14 14 8
27347 16 16 4
27348 12 11 7
27349 11 11 5
27350 15 15 5
27351 13 13 5
27352 11 10 6
27353 6 6 6
27354 11 11 5
27355 19 19 5
27356 11 10 4
27357 16 15 7
27358 23 22 6
27359 16 16 6
27360 10 9 5
27361 13 13 5
27362 11 11 5
27363 7 6 5
27364 13 12 6
27365 12 12 6
27366 12 11 5
27367 13 12 6
27368 12 12 6
27369 6 6 6
27370 11 11 5
27371 9 9 5
27372 15 15 5
27373 11 10 4
27374 12 11 5
27375 7 6 5
27376 17 16 6
27377 6 6 6
27378 17 16 6
27379 14 13 5
27380 17 17 5
27381 15 14 4
27382 12 11 5
27383 19 18 6
27384 16 16 6
27385 10 10 4
27386 12 11 5
27387 9 8 4
27388 16 15 5
27389 11 10 4
27390 24 23 5
27391 27 27 5
27392 15 14 4
27393 22 21 5
27394 27 26 4
27395 14 13 5
27396 17 16 4
27397 22 21 5
27398 11 10 4
27399 18 17 5
27400 21 20 4
27401 16 15 5
27402 19 18 6
27403 10 10 4
27404 10 9 5
27405 19 18 4
27406 20 19 5
27407 21 20 4
27408 10 9 5
27409 15 14 6
27410 16 16 6
27411 12 12 6
27412 22 22 6
27413 10 10 6
27414 20 19 5
27415 13 13 5
27416 13 12 4
27417 10 9 5
27418 13 12 4
27419 16 15 7
27420 13 12 4
27421 20 19 7
27422 5 5 5
27423 22 21 9
27424 17 17 5
27425 11 10 4
27426 22 21 5
27427 15 14 6
27428 10 10 6
27429 26 26 10
27430 12 12 4
27431 26 25 5
27432 23 22 8
27433 14 14 4
27434 6 5 4
27435 12 11 5
27436 7 6 5
27437 17 17 7
27438 15 14 6
27439 18 17 5
27440 15 15 5
27441 9 8 4
27442 12 11 5
27443 13 13 5
27444 11 11 5
27445 19 18 4
27446 14 13 5
27447 23 22 6
27448 12 12 4
27449 22 21 7
27450 13 13 7
27451 21 20 6
27452 14 14 4
27453 28 27 5
27454 21 20 6
27455 16 16 4
27456 20 19 5
27457 17 16 4
27458 24 23 5
27459 15 14 4
27460 18 17 5
27461 11 10 4
27462 22 21 5
27463 13 13 5
27464 11 10 4
27465 22 21 5
27466 17 17 5
27467 15 15 5
27468 7 6 5
27469 9 9 5
27470 13 12 4
27471 16 15 5
27472 7 6 5
27473 17 16 6
27474 12 12 6
27475 14 14 6
27476 6 6 6
27477 15 14 6
27478 10 10 4
27479 18 17 7
27480 9 8 4
27481 14 13 7
27482 17 16 6
27483 10 9 5
27484 11 10 4
27485 10 9 5
27486 19 19 5
27487 5 5 5
27488 18 17 5
27489 9 8 4
27490 14 13 5
27491 11 11 5
27492 19 18 6
27493 8 8 4
27494 14 13 5
27495 11 10 4
27496 14 13 7
27497 23 22 6
27498 14 14 4
27499 26 25 5
27500 13 12 4
27501 14 13 5
27502 11 11 7
27503 9 8 4
27504 22 21 7
27505 15 14 4
27506 16 15 5
27507 15 14 6
27508 14 14 6
27509 6 5 4
27510 20 19 7
27511 5 5 5
27512 16 15 7
27513 23 22 6
27514 10 10 4
27515 16 15 5
27516 9 9 5
27517 11 10 4
27518 10 9 5
27519 7 6 5
27520 13 13 7
27521 13 13 7
27522 15 15 5
27523 11 10 4
27524 10 9 5
27525 11 11 5
27526 13 12 6
27527 12 12 4
27528 10 9 5
27529 11 11 5
27530 15 14 6
27531 14 13 5
27532 15 14 6
27533 6 6 6
27534 13 12 6
27535 6 6 6
27536 9 8 4
27537 14 13 5
27538 9 9 5
27539 19 19 7
27540 9 9 5
27541 15 14 6
27542 14 14 8
27543 6 6 6
27544 13 13 7
27545 9 8 4
27546 6 5 4
27547 14 13 5
27548 17 16 8
27549 10 10 6
27550 8 8 4
27551 14 13 5
27552 11 10 6
27553 10 10 4
27554 8 7 6
27555 14 13 5
27556 9 9 5
27557 11 10 4
27558 6 5 4
27559 16 15 7
27560 9 8 4
27561 14 13 7
27562 9 8 7
27563 13 12 4
27564 14 13 7
27565 13 12 6
27566 12 12 6
27567 10 10 4
27568 6 5 4
27569 12 11 7
27570 13 12 6
27571 12 12 6
27572 6 5 4
27573 14 13 5
27574 11 11 5
27575 15 14 8
27576 10 10 6
27577 12 12 6
27578 18 18 6
27579 8 8 4
27580 14 13 5
27581 15 15 5
27582 7 7 7
27583 18 18 6
27584 16 15 5
27585 11 11 5
27586 7 6 5
27587 9 9 5
27588 13 13 7
27589 15 14 4
27590 26 25 5
27591 13 13 5
27592 17 17 5
27593 11 11 5
27594 11 10 4
27595 14 13 5
27596 7 6 5
27597 9 9 5
27598 7 6 5
27599 21 21 7
27600 9 8 4
27601 24 23 5
27602 15 14 6
27603 14 14 4
27604 8 7 6
27605 14 14 6
27606 10 10 4
27607 26 25 7
27608 15 14 4
27609 12 11 5
27610 9 8 4
27611 8 7 6
27612 12 12 6
27613 8 8 8
27614 17 16 6
27615 18 18 6
27616 16 16 4
27617 16 15 7
27618 19 18 6
27619 14 14 6
27620 14 13 5
27621 17 16 4
27622 22 21 5
27623 23 23 5
27624 15 14 4
27625 22 21 5
27626 13 12 4
27627 12 11 5
27628 13 12 4
27629 18 17 5
27630 35 35 5
27631 23 22 4
27632 28 27 5
27633 17 16 4
27634 6 5 4
27635 26 25 7
27636 19 18 6
27637 26 25 5
27638 19 18 4
27639 18 17 5
27640 13 12 4
27641 24 23 5
27642 13 12 4
27643 22 21 5
27644 13 12 4
27645 30 29 5
27646 17 17 5
27647 37 36 4
27648 24 23 5
27649 27 26 6
27650 32 32 6
27651 18 18 4
27652 34 33 5
27653 41 40 6
27654 30 30 6
27655 22 21 5
27656 21 20 4
27657 16 15 5
27658 33 32 4
27659 14 13 5
27660 35 34 6
27661 20 20 4
27662 18 17 5
27663 21 20 4
27664 18 17 5
27665 11 10 4
27666 30 29 5
27667 11 10 4
27668 16 15 5
27669 17 16 4
27670 26 25 5
27671 15 15 7
27672 13 12 4
27673 14 13 5
27674 21 20 4
27675 14 13 5
27676 11 10 4
27677 16 15 5
27678 17 16 4
27679 26 25 5
27680 13 12 4
27681 14 13 5
27682 17 16 4
27683 18 17 5
27684 25 25 7
27685 11 10 4
27686 14 13 5
27687 23 23 7
27688 19 19 7
27689 15 15 5
27690 19 18 6
27691 18 17 5
27692 15 15 5
27693 11 10 4
27694 28 27 7
27695 27 27 9
27696 15 15 5
27697 13 12 4
27698 22 21 7
27699 17 16 4
27700 28 27 9
27701 17 16 6
27702 16 16 6
27703 16 16 4
27704 14 13 5
27705 27 26 6
27706 18 17 5
27707 15 15 7
27708 17 17 5
27709 17 16 4
27710 10 9 5
27711 13 13 5
27712 15 14 4
27713 10 9 5
27714 15 15 7
27715 13 12 4
27716 12 11 5
27717 25 24 6
27718 14 13 5
27719 13 13 5
27720 15 14 6
27721 12 11 5
27722 9 8 4
27723 16 15 5
27724 19 18 8
27725 18 18 8
27726 14 14 4
27727 16 15 5
27728 15 14 6
27729 14 14 4
27730 20 19 5
27731 15 14 8
27732 14 14 6
27733 8 8 4
27734 10 9 5
27735 17 16 4
27736 6 5 4
27737 12 11 5
27738 9 8 7
27739 21 20 6
27740 6 6 6
27741 13 12 8
27742 22 22 6
27743 18 18 6
27744 16 16 6
27745 12 12 4
27746 12 11 5
27747 13 12 6
27748 12 11 5
27749 7 6 5
27750 9 9 5
27751 13 13 5
27752 5 5 5
27753 16 15 5
27754 13 13 5
27755 11 11 5
27756 13 13 7
27757 11 10 6
27758 14 13 5
27759 7 7 7
27760 12 12 4
27761 10 9 5
27762 11 11 5
27763 17 16 6
27764 16 16 6
27765 16 16 6
27766 14 14 6
27767 10 10 6
27768 18 18 6
27769 10 9 5
27770 11 11 5
27771 11 11 5
27772 21 20 6
27773 8 8 4
27774 24 23 5
27775 13 12 6
27776 22 22 8
27777 14 14 6
27778 14 14 6
27779 10 10 6
27780 10 10 4
27781 18 17 5
27782 23 22 6
27783 14 14 6
27784 10 9 5
27785 17 16 6
27786 14 14 6
27787 20 19 5
27788 15 15 5
27789 19 18 6
27790 8 8 4
27791 14 13 5
27792 23 23 9
27793 19 18 6
27794 20 20 6
27795 12 11 5
27796 17 16 4
27797 12 11 5
27798 15 15 5
27799 9 9 5
27800 19 19 7
27801 11 10 4
27802 16 15 9
27803 15 14 6
27804 8 8 4
27805 16 15 5
27806 11 11 5
27807 15 14 6
27808 12 12 6
27809 12 12 4
27810 16 15 7
27811 17 16 6
27812 12 11 5
27813 11 10 4
27814 18 17 7
27815 9 9 5
27816 19 18 6
27817 14 14 4
27818 10 9 5
27819 7 6 5
27820 17 16 6
27821 14 14 6
27822 10 9 5
27823 17 17 5
27824 17 16 6
27825 10 9 5
27826 15 15 5
27827 13 12 6
27828 16 16 8
27829 16 16 6
27830 18 18 6
27831 18 17 5
27832 13 12 6
27833 12 11 5
27834 7 6 5
27835 15 14 6
27836 12 11 5
27837 19 18 6
27838 12 11 5
27839 11 10 4
27840 10 9 5
27841 9 9 5
27842 13 13 9
27843 7 6 5
27844 11 10 4
27845 14 13 5
27846 13 12 6
27847 12 11 7
27848 13 12 6
27849 10 10 6
27850 14 14 6
27851 8 8 8
27852 7 6 5
27853 13 12 4
27854 10 9 5
27855 11 10 6
27856 18 17 5
27857 17 17 5
27858 11 10 4
27859 16 15 7
27860 7 6 5
27861 15 15 7
27862 7 7 7
27863 10 10 4
27864 14 13 7
27865 11 10 4
27866 18 17 9
27867 13 12 6
27868 8 8 4
27869 10 9 5
27870 9 9 5
27871 19 18 6
27872 12 12 6
27873 12 12 4
27874 14 13 5
27875 15 15 5
27876 5 5 5
27877 10 9 5
27878 13 13 5
27879 11 10 6
27880 10 9 5
27881 21 21 7
27882 5 5 5
27883 14 13 5
27884 7 7 7
27885 8 8 4
27886 16 15 5
27887 9 8 4
27888 26 25 7
27889 19 19 7
27890 7 6 5
27891 9 8 4
27892 8 7 6
27893 10 10 4
27894 12 11 5
27895 17 17 7
27896 15 15 5
27897 17 16 4
27898 16 15 5
27899 15 14 6
27900 14 14 6
27901 8 8 4
27902 32 31 5
27903 13 13 5
27904 21 20 4
27905 16 15 5
27906 19 18 4
27907 14 13 5
27908 23 22 4
27909 38 37 5
27910 27 26 4
27911 30 29 5
27912 13 12 4
27913 20 19 5
27914 17 16 4
27915 14 13 5
27916 23 22 4
27917 16 15 5
27918 27 26 4
27919 24 23 5
27920 29 28 4
27921 16 15 5
27922 9 9 5
27923 15 14 4
27924 18 17 5
27925 15 15 5
27926 17 16 6
27927 10 10 4
27928 12 11 5
27929 13 12 6
27930 16 16 4
27931 6 5 4
27932 20 19 5
27933 13 13 5
27934 15 15 5
27935 13 12 6
27936 16 16 6
27937 14 14 6
27938 16 16 8
27939 14 14 6
27940 12 12 4
27941 6 5 4
27942 14 13 5
27943 13 13 5
27944 19 18 8
27945 14 14 4
27946 14 13 7
27947 11 10 4
27948 12 11 5
27949 15 14 6
27950 12 11 5
27951 13 12 6
27952 12 11 5
27953 17 16 6
27954 18 18 6
27955 14 13 7
27956 11 10 6
27957 8 8 4
27958 14 13 5
27959 13 13 5
27960 21 21 7
27961 17 17 5
27962 11 10 4
27963 12 11 5
27964 13 12 4
27965 16 15 5
27966 9 9 5
27967 9 8 4
27968 18 17 5
27969 15 15 7
27970 11 10 4
27971 22 21 5
27972 15 14 6
27973 20 19 9
27974 17 16 6
27975 20 20 6
27976 12 12 4
27977 20 19 7
27978 17 16 8
27979 12 11 5
27980 15 14 6
27981 8 8 4
27982 16 15 5
27983 13 13 5
27984 11 11 5
27985 11 11 5
27986 19 19 9
27987 17 16 6
27988 16 15 5
27989 17 16 4
27990 12 11 5
27991 11 10 4
27992 10 9 5
27993 11 11 5
27994 11 10 4
27995 16 15 5
27996 9 8 4
27997 22 21 7
27998 13 13 5
27999 13 12 4
28000 12 11 5
28001 13 12 6
28002 20 20 6
28003 10 10 4
28004 14 13 5
28005 11 10 6
28006 12 11 5
28007 13 13 5
28008 15 14 6
28009 10 10 4
28010 14 13 5
28011 9 9 5
28012 15 15 5
28013 15 15 7
28014 7 6 5
28015 11 11 5
28016 11 11 5
28017 19 19 5
28018 11 11 7
28019 13 12 4
28020 12 11 5
28021 21 20 6
28022 14 14 4
28023 14 13 5
28024 11 11 5
28025 13 12 8
28026 14 14 4
28027 12 11 5
28028 15 14 6
28029 12 12 6
28030 10 10 4
28031 16 15 5
28032 11 11 5
28033 19 18 6
28034 14 13 5
28035 17 16 4
28036 6 5 4
28037 10 9 5
28038 21 21 7
28039 21 21 7
28040 9 9 5
28041 11 10 4
28042 10 9 5
28043 7 6 5
28044 11 11 5
28045 9 8 4
28046 16 15 7
28047 9 9 5
28048 17 16 4
28049 12 11 5
28050 9 9 5
28051 9 9 5
28052 19 19 5
28053 11 10 6
28054 16 16 6
28055 16 15 7
28056 11 10 4
28057 16 15 7
28058 11 11 5
28059 5 5 5
28060 16 15 7
28061 13 13 5
28062 17 16 6
28063 8 8 4
28064 14 13 5
28065 9 9 5
28066 11 11 5
28067 11 11 5
28068 19 18 6
28069 18 17 7
28070 11 11 5
28071 17 16 6
28072 10 10 6
28073 12 12 6
28074 10 9 5
28075 15 14 8
28076 18 18 4
28077 14 13 5
28078 7 7 7
28079 10 10 6
28080 12 12 6
28081 10 9 5
28082 13 13 5
28083 9 9 5
28084 17 17 7
28085 11 10 4
28086 10 9 5
28087 17 17 5
28088 15 14 8
28089 12 11 5
28090 15 14 6
28091 8 8 4
28092 16 15 5
28093 15 14 6
28094 10 10 6
28095 10 9 5
28096 17 16 6
28097 12 11 5
28098 5 5 5
28099 14 13 5
28100 13 13 7
28101 15 14 6
28102 12 12 6
28103 6 6 6
28104 13 12 8
28105 12 11 5
28106 9 9 5
28107 13 12 6
28108 14 14 6
28109 16 15 5
28110 13 13 5
28111 9 8 4
28112 14 13 7
28113 9 9 5
28114 9 9 5
28115 13 12 8
28116 12 12 6
28117 18 18 4
28118 12 11 5
28119 21 20 6
28120 12 12 4
28121 10 9 5
28122 11 11 5
28123 9 9 5
28124 15 14 8
28125 16 16 4
28126 14 13 5
28127 21 21 7
28128 5 5 5
28129 14 13 5
28130 7 6 5
28131 9 9 5
28132 9 9 5
28133 13 13 5
28134 25 24 4
28135 12 11 5
28136 11 10 6
28137 16 16 6
28138 10 10 4
28139 16 15 5
28140 7 7 7
28141 14 14 6
28142 16 16 6
28143 14 14 6
28144 12 12 4
28145 22 21 7
28146 13 12 4
28147 12 11 5
28148 5 5 5
28149 14 13 5
28150 33 32 6
28151 16 16 4
28152 16 15 5
28153 13 13 5
28154 7 6 5
28155 15 14 6
28156 8 8 4
28157 14 13 5
28158 17 16 6
28159 14 14 6
28160 12 12 6
28161 12 11 5
28162 13 12 4
28163 16 15 5
28164 7 6 5
28165 23 23 7
28166 15 14 4
28167 20 19 5
28168 9 8 4
28169 14 13 5
28170 15 14 4
28171 12 11 5
28172 17 16 4
28173 20 19 5
28174 13 12 4
28175 34 33 5
28176 17 16 4
28177 16 15 5
28178 25 24 4
28179 40 39 5
28180 19 18 4
28181 18 17 5
28182 25 24 4
28183 16 15 5
28184 19 18 4
28185 20 19 5
28186 15 14 4
28187 22 21 5
28188 25 24 4
28189 12 11 5
28190 21 20 6
28191 32 32 4
28192 32 31 5
28193 19 18 4
28194 14 13 5
28195 15 14 4
28196 28 27 5
28197 29 28 6
28198 36 35 5
28199 13 13 5
28200 21 20 4
28201 18 17 5
28202 19 19 5
28203 29 28 6
28204 16 15 5
28205 25 24 4
28206 20 19 5
28207 15 14 6
28208 34 34 6
28209 14 14 4
28210 24 23 5
28211 21 20 6
28212 26 25 5
28213 19 19 5
28214 23 23 5
28215 17 17 5
28216 15 15 5
28217 25 24 6
28218 24 24 8
28219 24 24 8
28220 22 22 6
28221 20 20 8
28222 24 24 6
28223 26 25 11
28224 17 16 4
28225 20 19 5
28226 15 14 4
28227 18 17 5
28228 15 15 5
28229 23 22 6
28230 22 21 7
28231 35 34 8
28232 34 33 5
28233 23 22 4
28234 30 29 5
28235 15 15 5
28236 19 18 8
28237 28 28 8
28238 20 19 5
28239 23 22 4
28240 18 17 5
28241 29 28 6
28242 20 20 6
28243 20 20 4
28244 18 17 7
28245 15 15 7
28246 19 18 8
28247 30 29 5
28248 23 22 4
28249 30 29 5
28250 15 14 4
28251 20 19 5
28252 11 11 5
28253 23 23 5
28254 25 24 6
28255 28 28 8
28256 22 22 4
28257 36 35 5
28258 15 14 4
28259 28 27 5
28260 19 19 5
28261 17 16 4
28262 34 33 7
28263 29 29 5
28264 13 12 4
28265 20 19 5
28266 15 15 5
28267 25 24 4
28268 26 25 7
28269 33 32 4
28270 26 25 5
28271 19 18 4
28272 22 21 5
28273 27 26 6
28274 26 26 6
28275 22 22 4
28276 26 25 5
28277 21 21 5
28278 17 17 5
28279 15 15 5
28280 35 34 8
28281 26 26 6
28282 22 22 6
28283 16 15 5
28284 19 18 4
28285 26 25 5
28286 27 26 4
28287 32 31 5
28288 25 24 6
28289 24 24 6
28290 30 29 5
28291 33 33 5
28292 23 22 6
28293 22 22 6
28294 22 22 6
28295 36 35 7
28296 27 27 5
28297 19 19 5
28298 19 18 4
28299 30 29 7
28300 39 39 7
28301 23 22 4
28302 18 17 5
28303 19 18 4
28304 18 17 5
28305 31 30 4
28306 26 25 5
28307 19 18 4
28308 32 31 7
28309 13 12 4
28310 28 27 7
28311 17 16 4
28312 34 33 5
28313 23 22 4
28314 18 17 5
28315 19 18 4
28316 16 15 5
28317 11 10 4
28318 22 21 5
28319 27 27 5
28320 15 14 4
28321 26 25 5
28322 23 22 4
28323 26 25 5
28324 21 20 4
28325 14 13 5
28326 21 20 4
28327 18 17 7
28328 23 22 4
28329 10 9 5
28330 19 18 4
28331 20 19 5
28332 15 15 5
28333 15 14 6
28334 18 18 4
28335 24 23 5
28336 15 14 4
28337 14 13 5
28338 29 28 6
28339 12 12 6
28340 18 18 4
28341 16 15 5
28342 23 23 5
28343 9 9 5
28344 19 18 4
28345 18 17 5
28346 17 16 4
28347 18 17 5
28348 19 18 4
28349 16 15 7
28350 21 20 4
28351 28 27 5
28352 21 21 5
28353 21 20 6
28354 26 26 4
28355 18 17 5
28356 13 12 4
28357 22 21 5
28358 21 20 4
28359 20 19 5
28360 21 21 7
28361 21 20 4
28362 26 25 7
28363 17 16 4
28364 20 19 5
28365 13 12 4
28366 20 19 5
28367 19 19 5
28368 27 26 6
28369 18 17 5
28370 17 17 5
28371 25 25 5
28372 15 14 4
28373 18 17 5
28374 15 15 5
28375 31 30 4
28376 12 11 5
28377 29 28 4
28378 12 11 5
28379 19 18 6
28380 14 14 4
28381 14 13 5
28382 23 22 4
28383 16 15 5
28384 9 8 4
28385 16 15 5
28386 13 12 6
28387 14 14 6
28388 12 12 6
28389 20 19 5
28390 13 13 5
28391 11 10 4
28392 12 11 5
28393 15 15 5
28394 5 5 5
28395 18 17 5
28396 17 16 6
28397 12 11 5
28398 19 18 6
28399 12 12 4
28400 16 15 7
28401 17 16 6
28402 6 6 6
28403 15 15 7
28404 7 6 5
28405 15 14 4
28406 16 15 5
28407 15 15 5
28408 13 13 5
28409 15 14 4
28410 14 13 5
28411 13 12 4
28412 16 15 5
28413 11 11 5
28414 21 21 5
28415 17 16 6
28416 10 10 4
28417 18 17 7
28418 13 12 4
28419 14 13 5
28420 19 18 6
28421 16 15 5
28422 9 9 9
28423 12 12 4
28424 12 11 5
28425 11 11 5
28426 13 13 5
28427 11 10 4
28428 14 13 5
28429 17 16 6
28430 10 10 6
28431 14 14 4
28432 10 9 5
28433 15 14 6
28434 12 11 5
28435 21 20 6
28436 12 11 5
28437 11 11 5
28438 15 14 6
28439 6 6 6
28440 13 12 6
28441 10 10 6
28442 22 21 5
28443 21 20 6
28444 16 15 5
28445 15 14 4
28446 18 17 5
28447 13 12 4
28448 20 19 5
28449 13 12 4
28450 14 13 7
28451 17 16 4
28452 18 17 5
28453 9 8 4
28454 14 13 5
28455 15 15 5
28456 13 12 4
28457 18 17 5
28458 25 24 4
28459 16 15 5
28460 13 12 6
28461 14 14 4
28462 24 23 7
28463 21 20 4
28464 20 19 5
28465 21 21 5
28466 31 30 4
28467 16 15 5
28468 19 18 4
28469 18 17 5
28470 13 12 6
28471 10 10 4
28472 20 19 5
28473 13 12 4
28474 16 15 5
28475 13 13 5
28476 15 14 4
28477 28 27 5
28478 15 14 4
28479 16 15 5
28480 15 15 5
28481 19 18 4
28482 16 15 5
28483 13 12 4
28484 36 35 7
28485 39 38 4
28486 20 19 5
28487 9 8 4
28488 16 15 5
28489 31 30 4
28490 20 19 5
28491 15 14 4
28492 28 27 5
28493 11 10 4
28494 16 15 5
28495 27 26 4
28496 12 11 5
28497 29 28 4
28498 16 15 5
28499 25 24 4
28500 24 23 7
28501 21 21 5
28502 25 24 4
28503 22 21 7
28504 25 24 6
28505 24 24 4
28506 16 15 5
28507 19 18 6
28508 18 18 4
28509 28 27 5
28510 19 19 5
28511 23 22 4
28512 30 29 5
28513 15 14 4
28514 20 19 5
28515 31 30 4
28516 20 19 5
28517 13 13 5
28518 19 18 6
28519 14 14 4
28520 18 17 5
28521 23 22 4
28522 12 11 5
28523 13 12 4
28524 24 23 5
28525 19 18 6
28526 18 18 6
28527 16 15 5
28528 31 30 10
28529 16 15 5
28530 7 6 5
28531 15 14 6
28532 26 26 14
28533 12 12 4
28534 18 17 5
28535 15 14 6
28536 8 8 4
28537 30 29 7
28538 15 15 7
28539 13 12 4
28540 14 13 5
28541 17 16 6
28542 16 16 8
28543 10 10 4
28544 14 13 5
28545 17 16 6
28546 16 16 4
28547 22 21 7
28548 13 13 5
28549 15 14 4
28550 22 21 5
28551 21 21 7
28552 29 29 5
28553 19 19 5
28554 13 13 5
28555 23 22 8
28556 10 9 5
28557 13 12 4
28558 22 21 5
28559 13 13 7
28560 23 22 4
28561 14 13 5
28562 23 22 8
28563 28 28 6
28564 10 10 4
28565 8 7 6
28566 24 24 8
28567 12 11 5
28568 11 11 5
28569 13 13 5
28570 25 24 8
28571 22 22 6
28572 12 12 4
28573 16 15 5
28574 11 10 4
28575 10 9 5
28576 27 27 7
28577 9 8 4
28578 12 11 5
28579 19 18 8
28580 12 12 4
28581 16 15 5
28582 17 16 6
28583 8 7 6
28584 24 24 6
28585 6 5 4
28586 10 9 5
28587 7 7 7
28588 8 8 4
28589 16 15 5
28590 15 15 7
28591 15 14 6
28592 12 11 5
28593 9 9 5
28594 17 16 4
28595 14 13 7
28596 13 12 6
28597 14 14 6
28598 20 19 7
28599 19 18 6
28600 8 8 4
28601 20 19 9
28602 11 10 6
28603 6 5 4
28604 12 11 5
28605 15 14 6
28606 12 11 5
28607 11 11 5
28608 7 6 5
28609 15 14 6
28610 12 12 6
28611 20 19 5
28612 11 11 5
28613 13 12 4
28614 12 11 5
28615 23 22 6
28616 12 12 6
28617 8 8 4
28618 16 15 7
28619 21 20 4
28620 6 5 4
28621 24 23 5
28622 15 14 4
28623 16 15 5
28624 13 13 7
28625 13 13 5
28626 15 14 6
28627 20 20 6
28628 10 10 4
28629 14 13 7
28630 11 10 6
28631 8 8 4
28632 16 15 5
28633 9 9 5
28634 9 9 5
28635 11 11 5
28636 9 9 5
28637 15 15 7
28638 13 12 6
28639 20 19 7
28640 9 8 4
28641 18 17 5
28642 11 11 5
28643 15 15 7
28644 11 10 4
28645 12 11 5
28646 11 11 5
28647 11 11 5
28648 11 10 6
28649 18 17 5
28650 11 11 5
28651 17 17 7
28652 19 19 7
28653 15 14 4
28654 18 17 7
28655 9 8 4
28656 12 11 5
28657 11 10 4
28658 16 15 7
28659 19 18 8
28660 6 6 6
28661 11 10 6
28662 12 12 6
28663 14 14 8
28664 8 8 4
28665 12 11 5
28666 15 14 6
28667 10 10 6
28668 12 12 6
28669 12 11 5
28670 9 9 5
28671 11 11 5
28672 13 12 6
28673 18 18 6
28674 14 14 6
28675 14 14 4
28676 10 9 5
28677 17 16 8
28678 14 14 6
28679 12 12 6
28680 10 10 4
28681 16 15 7
28682 15 14 6
28683 10 10 6
28684 14 13 5
28685 15 14 6
28686 10 9 5
28687 11 10 4
28688 10 9 5
28689 13 13 7
28690 13 13 5
28691 17 16 6
28692 26 26 10
28693 6 6 6
28694 11 10 4
28695 10 9 5
28696 17 16 6
28697 6 5 4
28698 14 13 9
28699 9 8 4
28700 24 23 5
28701 13 13 5
28702 9 8 4
28703 12 11 5
28704 13 12 4
28705 12 11 7
28706 17 17 5
28707 15 14 6
28708 10 10 4
28709 14 13 5
28710 11 11 7
28711 9 9 5
28712 11 11 5
28713 9 8 7
28714 15 14 6
28715 10 10 6
28716 10 10 6
28717 14 14 6
28718 14 14 8
28719 10 10 6
28720 10 10 4
28721 18 17 5
28722 13 13 5
28723 9 9 5
28724 9 9 5
28725 9 9 5
28726 11 10 6
28727 10 10 6
28728 14 13 5
28729 11 10 4
28730 20 19 7
28731 13 12 6
28732 18 18 6
28733 12 11 5
28734 7 6 5
28735 15 15 5
28736 13 12 4
28737 14 13 7
28738 15 14 6
28739 20 20 4
28740 12 11 7
28741 13 12 6
28742 6 6 6
28743 13 12 6
28744 6 5 4
28745 10 9 5
28746 15 15 7
28747 19 18 6
28748 6 6 6
28749 15 15 5
28750 5 5 5
28751 16 15 5
28752 13 13 5
28753 23 23 7
28754 7 6 5
28755 19 18 6
28756 6 6 6
28757 13 12 6
28758 10 9 5
28759 13 12 6
28760 12 11 5
28761 11 11 5
28762 13 13 5
28763 11 11 5
28764 9 8 4
28765 20 19 9
28766 9 8 4
28767 14 13 5
28768 7 6 5
28769 17 16 8
28770 10 10 6
28771 16 16 6
28772 10 10 6
28773 20 20 6
28774 10 10 6
28775 10 10 4
28776 10 9 5
28777 19 18 8
28778 14 14 6
28779 12 11 5
28780 13 12 6
28781 10 10 6
28782 6 5 4
28783 14 13 5
28784 9 9 5
28785 5 5 5
28786 16 15 5
28787 17 17 7
28788 11 11 5
28789 11 10 6
28790 18 17 7
28791 11 11 5
28792 7 6 5
28793 11 10 4
28794 10 9 5
28795 9 9 5
28796 19 19 9
28797 9 9 5
28798 11 10 4
28799 10 9 5
28800 13 12 6
28801 10 10 4
28802 14 13 5
28803 11 11 5
28804 13 12 6
28805 14 14 4
28806 14 13 5
28807 11 11 7
28808 11 10 4
28809 12 11 5
28810 11 11 5
28811 7 7 7
28812 16 16 8
28813 16 15 5
28814 17 16 4
28815 18 17 5
28816 13 12 4
28817 12 11 5
28818 9 9 5
28819 11 11 5
28820 15 15 5
28821 11 10 6
28822 12 12 6
28823 10 10 4
28824 14 13 5
28825 21 20 4
28826 32 31 5
28827 29 28 4
28828 30 29 5
28829 17 16 4
28830 22 21 5
28831 29 28 4
28832 16 15 5
28833 35 34 6
28834 22 21 5
28835 19 18 4
28836 16 15 5
28837 15 14 4
28838 24 23 7
28839 17 16 4
28840 22 21 5
28841 21 20 4
28842 16 15 5
28843 17 16 6
28844 22 21 7
28845 33 33 11
28846 25 24 8
28847 22 22 4
28848 12 11 5
28849 11 11 5
28850 37 37 11
28851 19 18 6
28852 26 26 6
28853 16 16 6
28854 26 26 4
28855 26 25 7
28856 21 21 5
28857 13 12 4
28858 20 19 5
28859 27 27 11
28860 25 25 5
28861 21 20 6
28862 18 18 4
28863 24 23 5
28864 15 14 4
28865 12 11 5
28866 25 24 4
28867 16 15 5
28868 23 22 6
28869 16 16 6
28870 12 12 4
28871 22 21 5
28872 31 30 10
28873 10 10 4
28874 28 27 7
28875 21 21 7
28876 19 18 6
28877 20 20 6
28878 22 21 5
28879 21 20 6
28880 18 18 4
28881 28 27 7
28882 13 12 4
28883 22 21 5
28884 15 15 5
28885 23 23 11
28886 13 13 5
28887 19 18 6
28888 20 20 10
28889 18 18 6
28890 20 20 4
28891 20 19 7
28892 17 16 4
28893 30 29 9
28894 23 22 6
28895 28 28 8
28896 16 16 8
28897 28 28 10
28898 20 19 5
28899 27 27 5
28900 13 13 5
28901 31 30 4
28902 32 31 5
28903 19 18 4
28904 18 17 5
28905 25 24 4
28906 14 13 5
28907 33 33 7
28908 31 30 6
28909 22 22 8
28910 30 30 4
28911 16 15 5
28912 17 16 4
28913 28 27 5
28914 33 33 7
28915 23 23 5
28916 11 11 5
28917 23 22 4
28918 24 23 7
28919 15 14 4
28920 18 17 5
28921 27 26 4
28922 16 15 5
28923 25 24 4
28924 16 15 5
28925 19 19 5
28926 29 28 8
28927 18 18 6
28928 16 16 4
28929 24 23 5
28930 13 13 5
28931 13 12 4
28932 18 17 5
28933 11 10 4
28934 20 19 5
28935 15 14 6
28936 14 13 5
28937 17 16 4
28938 22 21 5
28939 13 12 4
28940 18 17 5
28941 15 14 4
28942 26 25 5
28943 11 11 5
28944 13 12 4
28945 10 9 5
28946 25 25 5
28947 13 12 4
28948 20 19 5
28949 9 8 4
28950 16 15 5
28951 17 16 6
28952 18 17 5
28953 9 8 4
28954 12 11 5
28955 5 5 5
28956 26 25 5
28957 17 17 5
28958 15 14 6
28959 10 10 6
28960 16 15 5
28961 19 18 6
28962 16 16 6
28963 12 12 6
28964 16 16 4
28965 12 11 5
28966 17 16 6
28967 8 8 8
28968 15 14 4
28969 14 13 5
28970 19 19 7
28971 13 12 4
28972 18 17 5
28973 13 12 6
28974 20 20 6
28975 28 28 4
28976 24 23 5
28977 15 14 4
28978 16 15 5
28979 17 16 4
28980 14 13 5
28981 17 16 6
28982 20 19 5
28983 37 36 6
28984 12 12 4
28985 16 15 5
28986 19 18 4
28987 26 25 5
28988 25 24 6
28989 12 12 4
28990 32 31 5
28991 15 14 4
28992 18 17 5
28993 19 18 4
28994 20 19 5
28995 25 25 5
28996 19 19 5
28997 17 16 4
28998 16 15 5
28999 17 16 4
29000 24 23 5
29001 17 17 5
29002 13 12 4
29003 12 11 5
29004 17 17 5
29005 23 23 5
29006 15 14 4
29007 22 21 7
29008 15 14 4
29009 8 7 6
29010 14 14 4
29011 18 17 5
29012 17 16 6
29013 12 12 4
29014 20 19 5
29015 13 13 7
29016 11 11 5
29017 13 12 4
29018 28 27 5
29019 15 14 6
29020 18 18 6
29021 12 12 6
29022 18 18 6
29023 14 14 4
29024 14 13 5
29025 13 13 5
29026 9 9 5
29027 9 8 4
29028 10 9 5
29029 9 9 5
29030 11 11 5
29031 15 15 5
29032 11 10 6
29033 14 14 4
29034 18 17 5
29035 7 6 5
29036 9 8 4
29037 10 9 5
29038 9 9 5
29039 17 16 6
29040 18 17 7
29041 11 10 4
29042 12 11 5
29043 13 12 4
29044 8 7 6
29045 10 10 6
29046 12 11 5
29047 9 9 5
29048 13 13 5
29049 9 9 5
29050 13 12 4
29051 20 19 7
29052 11 10 6
29053 20 20 6
29054 6 6 6
29055 13 12 4
29056 6 5 4
29057 12 11 5
29058 5 5 5
29059 18 17 5
29060 13 13 7
29061 11 10 6
29062 8 8 4
29063 14 13 5
29064 9 9 5
29065 9 8 4
29066 8 7 6
29067 20 20 6
29068 10 9 5
29069 21 20 6
29070 6 6 6
29071 11 11 5
29072 7 7 7
29073 12 12 6
29074 14 14 6
29075 14 13 5
29076 7 6 5
29077 15 14 6
29078 8 8 8
29079 17 16 6
29080 10 9 5
29081 11 10 4
29082 18 17 5
29083 11 10 4
29084 12 11 5
29085 11 10 4
29086 18 17 5
29087 11 11 5
29088 7 6 5
29089 17 16 6
29090 12 11 7
29091 11 10 4
29092 10 9 5
29093 19 18 10
29094 14 13 5
29095 7 6 5
29096 13 12 4
29097 14 13 5
29098 17 16 4
29099 12 11 7
29100 13 12 4
29101 20 19 7
29102 13 12 6
29103 6 6 6
29104 11 10 6
29105 8 8 4
29106 20 19 5
29107 21 20 6
29108 16 16 6
29109 14 14 6
29110 6 6 6
29111 9 9 5
29112 5 5 5
29113 6 5 4
29114 20 19 7
29115 21 20 8
29116 14 14 4
29117 6 5 4
29118 10 9 5
29119 13 12 4
29120 16 15 9
29121 13 12 4
29122 12 11 5
29123 11 10 4
29124 20 19 5
29125 7 7 7
29126 16 16 4
29127 14 13 5
29128 17 16 6
29129 8 8 4
29130 10 9 5
29131 11 10 6
29132 22 21 5
29133 21 20 6
29134 24 23 5
29135 11 10 6
29136 8 8 4
29137 10 9 5
29138 11 11 5
29139 17 16 4
29140 6 5 4
29141 18 17 7
29142 11 10 6
29143 6 6 6
29144 13 12 6
29145 14 13 5
29146 13 13 5
29147 21 20 4
29148 20 19 5
29149 17 16 4
29150 10 9 5
29151 25 25 5
29152 17 16 4
29153 26 25 5
29154 17 16 4
29155 22 21 5
29156 9 8 4
29157 24 23 5
29158 17 17 5
29159 15 14 4
29160 12 11 5
29161 23 23 5
29162 19 19 5
29163 13 12 4
29164 6 5 4
29165 20 19 5
29166 17 17 5
29167 13 12 4
29168 14 13 5
29169 27 26 6
29170 26 25 5
29171 23 23 5
29172 17 16 6
29173 20 19 5
29174 19 18 4
29175 18 17 5
29176 15 14 8
29177 20 19 5
29178 15 15 5
29179 9 8 4
29180 18 17 5
29181 13 12 4
29182 18 17 5
29183 13 12 4
29184 12 11 5
29185 13 13 5
29186 17 17 5
29187 25 24 6
29188 8 7 6
29189 12 12 4
29190 10 9 5
29191 11 10 6
29192 12 12 6
29193 18 18 6
29194 10 10 4
29195 16 15 5
29196 13 12 4
29197 10 9 5
29198 15 14 4
29199 16 15 7
29200 23 22 4
29201 14 13 5
29202 17 17 5
29203 9 8 4
29204 14 13 5
29205 13 12 6
29206 6 6 6
29207 11 11 5
29208 7 6 5
29209 9 8 7
29210 17 16 6
29211 6 6 6
29212 15 14 4
29213 10 9 5
29214 13 12 6
29215 14 13 5
29216 13 12 4
29217 10 9 5
29218 13 12 6
29219 10 10 6
29220 12 12 4
29221 10 9 5
29222 19 19 7
29223 19 18 6
29224 10 10 4
29225 10 9 5
29226 13 12 6
29227 10 9 5
29228 11 10 4
29229 6 5 4
29230 12 11 5
29231 21 21 7
29232 13 13 5
29233 11 10 4
29234 14 13 5
29235 13 13 5
29236 15 15 5
29237 9 8 4
29238 18 17 7
29239 11 11 5
29240 19 18 4
29241 20 19 7
29242 17 16 4
29243 10 9 5
29244 9 9 5
29245 9 9 5
29246 13 12 6
29247 12 12 4
29248 20 19 7
29249 15 14 4
29250 20 19 5
29251 9 9 5
29252 11 10 4
29253 10 9 5
29254 15 15 5
29255 11 11 5
29256 21 20 8
29257 12 11 5
29258 19 18 6
29259 8 8 4
29260 14 13 5
29261 13 12 6
29262 14 14 6
29263 12 12 4
29264 14 13 7
29265 15 14 6
29266 14 14 6
29267 12 12 4
29268 18 17 5
29269 13 13 5
29270 15 15 5
29271 9 9 5
29272 9 9 5
29273 11 10 4
29274 12 11 5
29275 19 19 5
29276 17 16 6
29277 14 14 4
29278 10 9 5
29279 9 8 4
29280 6 5 4
29281 12 11 7
29282 15 14 6
29283 16 16 4
29284 22 21 5
29285 19 18 4
29286 6 5 4
29287 14 13 7
29288 7 6 5
29289 13 12 4
29290 22 21 5
29291 15 14 4
29292 14 13 5
29293 19 18 6
29294 8 8 4
29295 12 11 5
29296 11 10 6
29297 16 15 5
29298 21 20 4
29299 24 23 5
29300 15 14 4
29301 14 13 5
29302 17 16 6
29303 22 22 4
29304 20 19 5
29305 19 18 6
29306 12 12 4
29307 18 17 5
29308 11 10 4
29309 22 21 7
29310 13 13 5
29311 15 14 6
29312 14 13 5
29313 25 24 4
29314 14 13 5
29315 19 18 6
29316 10 10 4
29317 24 23 5
29318 11 10 4
29319 12 11 5
29320 11 11 5
29321 13 12 4
29322 12 11 5
29323 13 12 4
29324 16 15 7
29325 21 20 6
29326 14 14 4
29327 12 11 5
29328 15 14 6
29329 16 15 5
29330 15 14 4
29331 16 15 5
29332 13 12 4
29333 16 15 5
29334 17 16 6
29335 18 18 4
29336 14 13 5
29337 5 5 5
29338 16 15 5
29339 11 11 5
29340 15 14 6
29341 8 8 8
29342 19 18 4
29343 10 9 5
29344 13 13 7
29345 11 10 6
29346 14 14 6
29347 12 11 5
29348 11 10 4
29349 10 9 5
29350 19 18 8
29351 6 6 6
29352 17 16 6
29353 10 9 5
29354 17 16 4
29355 10 9 5
29356 13 12 4
29357 12 11 5
29358 9 9 5
29359 21 21 5
29360 11 10 4
29361 10 9 5
29362 15 15 5
29363 9 9 5
29364 9 8 4
29365 6 5 4
29366 16 15 7
29367 9 9 5
29368 21 20 6
29369 8 8 4
29370 12 11 7
29371 13 12 8
29372 14 14 6
29373 12 11 5
29374 13 12 6
29375 6 5 4
29376 12 11 5
29377 5 5 5
29378 10 9 5
29379 9 9 5
29380 15 15 7
29381 19 18 6
29382 16 16 6
29383 16 16 6
29384 14 14 6
29385 12 12 4
29386 12 11 5
29387 11 10 6
29388 16 16 4
29389 16 15 7
29390 11 10 4
29391 18 17 5
29392 13 12 4
29393 10 9 5
29394 17 16 6
29395 12 11 5
29396 11 10 6
29397 28 27 7
29398 11 10 6
29399 10 10 4
29400 14 13 5
29401 19 18 6
29402 14 13 5
29403 9 9 5
29404 11 11 5
29405 17 17 5
29406 13 12 4
29407 16 15 5
29408 17 17 7
29409 7 6 5
29410 9 8 4
29411 10 9 5
29412 13 13 7
29413 17 17 5
29414 11 10 4
29415 20 19 5
29416 9 9 5
29417 11 11 5
29418 15 14 4
29419 8 7 6
29420 12 11 5
29421 15 14 8
29422 18 18 4
29423 16 15 5
29424 9 9 5
29425 13 13 5
29426 5 5 5
29427 12 11 5
29428 7 6 5
29429 11 10 4
29430 10 9 5
29431 13 13 7
29432 15 15 7
29433 19 18 6
29434 20 20 8
29435 8 8 4
29436 6 5 4
29437 14 13 5
29438 15 14 8
29439 8 8 4
29440 10 9 5
29441 13 12 6
29442 16 16 6
29443 14 13 5
29444 15 15 5
29445 9 9 5
29446 13 13 5
29447 13 12 6
29448 12 11 5
29449 13 13 5
29450 11 10 4
29451 14 13 5
29452 13 12 6
29453 22 21 5
29454 15 15 5
29455 19 18 6
29456 10 10 4
29457 12 11 5
29458 11 11 5
29459 15 14 6
29460 12 12 6
29461 12 12 4
29462 12 11 5
29463 21 20 4
29464 20 19 5
29465 13 12 6
29466 8 8 4
29467 10 9 5
29468 7 7 7
29469 24 24 6
29470 18 18 4
29471 22 21 5
29472 9 8 4
29473 20 19 5
29474 5 5 5
29475 16 15 5
29476 11 11 5
29477 21 20 4
29478 36 35 5
29479 21 20 4
29480 24 23 5
29481 13 12 4
29482 14 13 5
29483 29 28 6
29484 22 22 4
29485 18 17 5
29486 15 14 6
29487 10 10 4
29488 16 15 5
29489 11 10 4
29490 18 17 7
29491 11 10 4
29492 16 15 5
29493 17 17 5
29494 7 6 5
29495 9 9 5
29496 11 10 6
29497 12 12 6
29498 22 22 6
29499 22 21 5
29500 17 16 4
29501 12 11 5
29502 21 20 6
29503 16 16 6
29504 22 22 6
29505 8 8 4
29506 20 19 5
29507 13 12 4
29508 14 13 5
29509 19 19 5
29510 13 13 5
29511 9 9 5
29512 15 14 6
29513 12 12 6
29514 14 14 4
29515 14 13 5
29516 15 15 5
29517 11 11 5
29518 13 12 4
29519 20 19 5
29520 13 12 4
29521 16 15 5
29522 17 17 5
29523 7 6 5
29524 19 18 6
29525 10 10 6
29526 14 13 5
29527 23 23 5
29528 11 10 4
29529 20 19 5
29530 11 11 5
29531 13 12 6
29532 12 12 6
29533 24 24 6
29534 28 27 5
29535 19 18 4
29536 16 15 5
29537 13 12 4
29538 14 13 5
29539 15 15 5
29540 23 23 5
29541 11 10 4
29542 18 17 5
29543 15 14 4
29544 12 11 5
29545 9 8 4
29546 12 11 5
29547 21 20 4
29548 16 15 5
29549 27 27 5
29550 13 13 5
29551 15 14 4
29552 10 9 5
29553 19 19 5
29554 15 15 5
29555 23 22 4
29556 24 23 5
29557 15 14 4
29558 18 17 5
29559 15 15 5
29560 17 16 4
29561 26 25 5
29562 9 8 4
29563 16 15 5
29564 11 10 4
29565 16 15 5
29566 13 12 6
29567 14 14 4
29568 14 13 5
29569 13 12 4
29570 14 13 5
29571 15 14 4
29572 16 15 7
29573 13 12 4
29574 6 5 4
29575 16 15 5
29576 15 14 4
29577 14 13 5
29578 23 22 8
29579 14 14 6
29580 10 10 4
29581 22 21 5
29582 13 12 4
29583 22 21 5
29584 9 9 5
29585 13 12 6
29586 16 16 6
29587 10 10 6
29588 12 12 4
29589 20 19 5
29590 9 8 4
29591 12 11 5
29592 13 13 7
29593 19 18 8
29594 18 18 4
29595 14 13 5
29596 21 20 4
29597 12 11 5
29598 11 10 4
29599 6 5 4
29600 12 11 5
29601 19 18 6
29602 18 18 4
29603 14 13 5
29604 11 10 4
29605 18 17 5
29606 19 18 8
29607 12 12 6
29608 16 16 6
29609 18 18 6
29610 14 14 4
29611 18 17 5
29612 13 13 5
29613 11 10 4
29614 12 11 5
29615 19 19 5
29616 11 11 5
29617 15 14 6
29618 16 16 6
29619 14 14 4
29620 10 9 5
29621 9 8 4
29622 14 13 7
29623 13 12 4
29624 24 23 5
29625 19 19 5
29626 19 18 6
29627 8 8 4
29628 14 13 5
29629 11 11 5
29630 15 14 6
29631 26 26 8
29632 14 14 4
29633 14 13 5
29634 13 12 4
29635 14 13 5
29636 9 8 4
29637 16 15 5
29638 15 14 4
29639 14 13 5
29640 11 10 4
29641 10 9 5
29642 13 12 4
29643 18 17 5
29644 11 11 5
29645 11 10 4
29646 20 19 5
29647 17 16 4
29648 18 17 5
29649 17 17 5
29650 13 12 4
29651 10 9 5
29652 9 8 4
29653 20 19 5
29654 17 17 5
29655 19 18 4
29656 12 11 5
29657 15 14 6
29658 16 16 4
29659 12 11 5
29660 21 21 5
29661 19 19 5
29662 19 18 4
29663 20 19 5
29664 17 16 4
29665 12 11 5
29666 17 16 6
29667 18 17 5
29668 21 20 6
29669 24 24 4
29670 14 13 5
29671 23 22 4
29672 14 13 5
29673 13 12 4
29674 22 21 5
29675 15 14 4
29676 22 21 5
29677 29 28 6
29678 14 14 6
29679 18 17 5
29680 25 24 6
29681 18 18 4
29682 6 5 4
29683 26 25 5
29684 19 18 4
29685 22 21 5
29686 13 12 4
29687 12 11 5
29688 11 10 4
29689 12 11 5
29690 7 6 5
29691 15 15 5
29692 15 14 6
29693 16 15 5
29694 11 10 4
29695 16 15 5
29696 13 12 6
29697 12 12 6
29698 6 5 4
29699 12 11 5
29700 13 13 5
29701 17 16 8
29702 10 10 4
29703 16 15 5
29704 9 9 5
29705 13 12 6
29706 6 6 6
29707 13 12 6
29708 8 8 4
29709 16 15 7
29710 15 14 4
29711 14 13 5
29712 7 7 7
29713 10 10 4
29714 6 5 4
29715 8 7 6
29716 12 11 7
29717 9 9 5
29718 17 16 6
29719 10 10 4
29720 14 13 5
29721 5 5 5
29722 14 13 5
29723 9 9 5
29724 13 12 6
29725 10 10 4
29726 22 21 11
29727 15 14 4
29728 6 5 4
29729 12 11 5
29730 9 8 4
29731 16 15 7
29732 21 20 8
29733 10 10 4
29734 10 9 5
29735 13 12 6
29736 12 12 6
29737 8 8 4
29738 12 11 7
29739 13 12 4
29740 14 13 5
29741 13 13 7
29742 17 16 6
29743 6 5 4
29744 10 9 5
29745 7 6 5
29746 11 10 6
29747 8 7 6
29748 12 12 6
29749 14 13 5
29750 9 9 5
29751 11 11 5
29752 11 10 6
29753 6 5 4
29754 8 7 6
29755 14 14 6
29756 12 12 4
29757 14 13 5
29758 11 10 4
29759 18 17 5
29760 9 9 5
29761 13 12 6
29762 12 12 6
29763 16 16 8
29764 12 12 6
29765 12 12 6
29766 10 10 4
29767 12 11 5
29768 7 7 7
29769 14 14 6
29770 12 11 5
29771 17 16 6
29772 10 9 5
29773 11 11 5
29774 17 16 6
29775 12 11 5
29776 5 5 5
29777 12 11 5
29778 15 14 6
29779 8 8 4
29780 16 15 5
29781 15 15 7
29782 11 10 4
29783 14 13 5
29784 11 11 5
29785 23 22 4
29786 12 11 5
29787 11 11 5
29788 7 6 5
29789 15 14 6
29790 6 6 6
29791 13 12 6
29792 24 23 5
29793 21 21 5
29794 11 10 4
29795 12 11 5
29796 9 8 4
29797 10 9 5
29798 13 13 7
29799 13 12 4
29800 18 17 5
29801 13 12 6
29802 14 13 5
29803 15 15 7
29804 9 8 4
29805 18 17 5
29806 9 9 5
29807 11 10 6
29808 8 8 4
29809 22 21 7
29810 11 10 4
29811 10 9 5
29812 11 11 5
29813 7 7 7
29814 18 17 7
29815 9 9 5
29816 15 14 6
29817 10 9 5
29818 11 11 5
29819 19 18 6
29820 12 12 6
29821 8 8 4
29822 14 13 5
29823 11 11 5
29824 13 13 5
29825 11 11 7
29826 27 26 4
29827 20 19 5
29828 25 25 5
29829 25 24 4
29830 12 11 5
29831 13 12 4
29832 16 15 5
29833 15 15 5
29834 13 12 4
29835 8 7 6
29836 10 10 6
29837 16 16 6
29838 10 10 4
29839 10 9 5
29840 19 18 6
29841 14 14 4
29842 12 11 5
29843 9 8 4
29844 18 17 7
29845 17 17 7
29846 15 14 6
29847 16 16 4
29848 16 15 5
29849 15 14 4
29850 16 15 5
29851 7 6 5
29852 13 12 4
29853 12 11 5
29854 9 9 5
29855 13 13 5
29856 31 31 5
29857 9 8 4
29858 14 13 5
29859 25 24 4
29860 10 9 5
29861 11 10 4
29862 12 11 5
29863 13 12 6
29864 36 36 6
29865 22 22 6
29866 12 12 4
29867 16 15 5
29868 13 12 4
29869 24 23 5
29870 23 22 4
29871 24 23 5
29872 15 14 4
29873 22 21 5
29874 37 36 6
29875 20 20 4
29876 14 13 5
29877 19 18 6
29878 18 18 4
29879 18 17 5
29880 33 32 4
29881 42 41 9
29882 27 27 5
29883 19 18 4
29884 24 23 5
29885 25 24 10
29886 26 26 4
29887 26 25 7
29888 25 24 8
29889 10 10 4
29890 26 25 5
29891 23 23 5
29892 19 18 4
29893 24 23 5
29894 29 28 6
29895 18 18 6
29896 24 24 8
29897 34 34 6
29898 28 27 7
29899 27 26 4
29900 24 23 9
29901 27 26 6
29902 16 16 4
29903 22 21 5
29904 23 22 6
29905 16 16 4
29906 20 19 5
29907 27 26 4
29908 18 17 5
29909 13 12 4
29910 12 11 5
29911 21 20 4
29912 20 19 7
29913 15 14 4
29914 16 15 5
29915 23 22 6
29916 12 12 4
29917 22 21 5
29918 33 32 4
29919 10 9 5
29920 17 16 4
29921 18 17 5
29922 15 14 6
29923 18 18 4
29924 16 15 5
29925 19 18 4
29926 20 19 5
29927 23 22 6
29928 20 20 6
29929 14 14 4
29930 14 13 5
29931 13 12 6
29932 10 10 6
29933 14 14 6
29934 28 27 7
29935 11 10 4
29936 14 13 5
29937 13 13 5
29938 13 12 6
29939 12 12 4
29940 24 23 9
29941 17 16 6
29942 14 14 4
29943 10 9 5
29944 17 16 8
29945 8 8 4
29946 12 11 5
29947 15 15 5
29948 23 22 8
29949 26 26 6
29950 10 10 6
29951 10 10 4
29952 14 13 5
29953 13 13 5
29954 17 16 6
29955 20 20 6
29956 10 10 4
29957 14 13 7
29958 15 14 6
29959 12 12 6
29960 16 16 6
29961 8 8 8
29962 23 23 9
29963 19 18 4
29964 16 15 7
29965 11 11 5
29966 21 20 8
29967 12 12 4
29968 14 13 5
29969 15 14 4
29970 16 15 9
29971 11 10 4
29972 12 11 5
29973 19 19 5
29974 11 10 6
29975 14 14 6
29976 12 11 5
29977 11 11 5
29978 5 5 5
29979 12 11 5
29980 11 11 5
29981 13 12 6
29982 22 21 9
29983 15 14 6
29984 10 10 4
29985 12 11 5
29986 5 5 5
29987 16 15 7
29988 7 6 5
29989 15 14 6
29990 20 19 7
29991 15 14 6
29992 20 20 6
29993 10 10 6
29994 12 12 6
29995 12 12 6
29996 12 12 4
29997 14 13 7
29998 13 12 4
29999 12 11 5
30000 11 11 5
30001 17 16 6
30002 18 17 7
30003 11 11 5
30004 15 15 5
30005 15 15 7
30006 17 16 6
30007 10 10 6
30008 6 6 6
30009 19 18 8
30010 8 8 4
30011 16 15 5
30012 11 10 4
30013 14 13 5
30014 17 16 6
30015 12 11 5
30016 15 14 6
30017 12 11 5
30018 19 18 6
30019 10 10 6
30020 16 15 5
30021 11 10 4
30022 10 9 5
30023 7 6 5
30024 15 15 7
30025 11 10 6
30026 14 14 6
30027 10 9 5
30028 11 10 6
30029 6 6 6
30030 13 12 6
30031 12 12 4
30032 18 17 7
30033 13 12 4
30034 10 9 5
30035 17 16 6
30036 12 12 6
30037 6 6 6
30038 19 19 5
30039 9 8 4
30040 16 15 5
30041 7 6 5
30042 13 12 6
30043 10 9 5
30044 7 7 7
30045 14 14 6
30046 20 19 5
30047 15 15 5
30048 13 13 5
30049 7 6 5
30050 13 12 4
30051 12 11 7
30052 15 14 4
30053 14 13 5
30054 15 15 7
30055 15 14 4
30056 12 11 5
30057 11 11 7
30058 11 10 4
30059 12 11 5
30060 15 15 7
30061 7 6 5
30062 13 12 6
30063 10 9 5
30064 17 16 8
30065 12 12 6
30066 14 13 5
30067 9 8 4
30068 20 19 7
30069 11 10 6
30070 18 18 6
30071 10 10 6
30072 10 9 5
30073 13 13 5
30074 13 12 4
30075 20 19 7
30076 15 14 6
30077 18 18 6
30078 12 12 4
30079 12 11 7
30080 11 10 4
30081 16 15 5
30082 15 14 6
30083 18 18 4
30084 18 17 7
30085 13 12 4
30086 14 13 5
30087 17 16 4
30088 14 13 7
30089 13 12 4
30090 16 15 5
30091 21 20 6
30092 8 8 4
30093 18 17 5
30094 15 15 5
30095 13 13 5
30096 15 15 5
30097 15 14 6
30098 8 8 4
30099 22 21 7
30100 11 10 6
30101 12 11 5
30102 9 8 4
30103 12 11 5
30104 5 5 5
30105 14 13 5
30106 15 15 9
30107 11 10 6
30108 8 8 4
30109 18 17 7
30110 9 8 4
30111 12 11 5
30112 9 9 5
30113 11 10 6
30114 10 9 5
30115 15 15 5
30116 23 22 6
30117 10 10 4
30118 6 5 4
30119 12 11 5
30120 13 12 6
30121 16 16 6
30122 10 9 5
30123 13 12 6
30124 10 10 4
30125 10 9 5
30126 13 12 6
30127 10 9 5
30128 9 8 4
30129 8 7 6
30130 10 10 6
30131 10 9 5
30132 11 11 5
30133 15 15 5
30134 13 13 5
30135 5 5 5
30136 14 13 7
30137 9 8 4
30138 22 21 7
30139 9 8 4
30140 22 21 7
30141 15 15 5
30142 19 19 5
30143 9 9 5
30144 11 10 6
30145 12 12 6
30146 12 12 4
30147 22 21 5
30148 15 14 4
30149 10 9 5
30150 19 18 4
30151 12 11 5
30152 13 13 5
30153 11 10 6
30154 8 8 4
30155 24 23 5
30156 27 26 6
30157 16 16 6
30158 14 14 4
30159 10 9 5
30160 13 12 4
30161 6 5 4
30162 16 15 7
30163 11 10 4
30164 16 15 5
30165 13 12 4
30166 14 13 5
30167 13 12 4
30168 10 9 5
30169 11 10 4
30170 12 11 5
30171 15 14 6
30172 16 16 4
30173 12 11 5
30174 9 8 4
30175 12 11 5
30176 9 9 5
30177 13 12 4
30178 14 13 7
30179 9 8 4
30180 8 7 6
30181 14 14 8
30182 10 10 6
30183 14 14 4
30184 12 11 5
30185 21 21 5
30186 9 8 4
30187 14 13 5
30188 11 11 5
30189 13 12 6
30190 14 14 6
30191 14 14 4
30192 14 13 5
30193 19 18 6
30194 12 11 5
30195 9 8 4
30196 6 5 4
30197 16 15 7
30198 9 9 5
30199 15 14 6
30200 16 16 6
30201 12 11 5
30202 7 6 5
30203 21 20 6
30204 6 6 6
30205 11 11 5
30206 13 13 5
30207 21 20 6
30208 10 10 4
30209 14 13 5
30210 15 14 4
30211 10 9 5
30212 7 6 5
30213 11 11 5
30214 9 8 4
30215 12 11 7
30216 17 16 4
30217 20 19 5
30218 11 10 4
30219 12 11 5
30220 9 8 4
30221 12 11 5
30222 9 9 5
30223 23 22 4
30224 30 29 5
30225 11 10 4
30226 6 5 4
30227 10 9 5
30228 11 10 4
30229 18 17 5
30230 17 16 4
30231 10 9 5
30232 23 22 4
30233 10 9 5
30234 13 12 4
30235 10 9 5
30236 15 14 6
30237 10 10 4
30238 22 21 9
30239 15 14 6
30240 18 18 4
30241 6 5 4
30242 14 13 5
30243 13 12 4
30244 14 13 5
30245 13 12 6
30246 18 18 6
30247 20 20 4
30248 20 19 5
30249 9 9 5
30250 11 10 6
30251 18 18 4
30252 18 17 5
30253 15 14 8
30254 22 22 6
30255 12 11 5
30256 11 10 4
30257 18 17 5
30258 15 15 5
30259 15 14 6
30260 14 14 6
30261 12 12 6
30262 10 10 4
30263 22 21 5
30264 13 13 5
30265 11 11 5
30266 19 19 5
30267 15 14 4
30268 24 23 5
30269 25 24 6
30270 14 13 5
30271 17 16 6
30272 10 10 6
30273 14 14 4
30274 14 13 5
30275 15 15 5
30276 13 12 6
30277 20 19 9
30278 17 16 6
30279 10 10 4
30280 18 17 7
30281 19 18 6
30282 20 19 5
30283 11 10 4
30284 34 33 5
30285 19 19 5
30286 17 17 9
30287 17 16 4
30288 20 19 7
30289 15 14 4
30290 16 15 5
30291 13 13 5
30292 19 19 5
30293 11 10 4
30294 14 13 5
30295 19 19 5
30296 27 26 6
30297 10 10 6
30298 20 20 4
30299 20 19 5
30300 21 20 6
30301 12 12 4
30302 18 17 5
30303 11 10 6
30304 22 22 4
30305 14 13 5
30306 13 12 4
30307 16 15 7
30308 13 12 6
30309 24 24 6
30310 10 10 4
30311 24 23 7
30312 11 11 5
30313 13 12 4
30314 18 17 5
30315 19 19 7
30316 15 14 4
30317 12 11 5
30318 11 11 5
30319 11 11 5
30320 15 14 6
30321 16 16 6
30322 14 14 4
30323 14 13 5
30324 19 18 8
30325 22 21 7
30326 11 10 4
30327 10 9 5
30328 13 12 4
30329 10 9 5
30330 17 16 8
30331 10 9 5
30332 17 16 4
30333 6 5 4
30334 22 21 5
30335 15 15 5
30336 9 9 5
30337 21 20 8
30338 12 12 6
30339 18 18 4
30340 18 17 5
30341 5 5 5
30342 16 15 5
30343 15 15 5
30344 11 10 6
30345 14 14 6
30346 16 16 6
30347 20 20 4
30348 28 27 7
30349 17 16 6
30350 12 12 4
30351 20 19 7
30352 15 14 4
30353 14 13 5
30354 17 16 6
30355 20 19 9
30356 15 14 6
30357 16 15 5
30358 13 12 4
30359 10 9 5
30360 11 10 6
30361 10 10 6
30362 14 14 6
30363 16 16 4
30364 12 11 5
30365 13 12 6
30366 10 10 6
30367 8 8 4
30368 10 9 5
30369 13 13 5
30370 11 11 5
30371 23 22 6
30372 20 20 6
30373 8 8 4
30374 8 7 6
30375 10 9 5
30376 13 13 5
30377 13 12 6
30378 18 17 7
30379 19 19 7
30380 17 16 6
30381 12 12 4
30382 14 13 7
30383 11 10 4
30384 6 5 4
30385 8 7 6
30386 16 16 6
30387 14 14 6
30388 18 18 8
30389 24 24 6
30390 10 10 4
30391 16 15 5
30392 15 15 5
30393 11 11 5
30394 11 10 6
30395 6 5 4
30396 10 9 5
30397 9 8 4
30398 20 19 7
30399 11 10 4
30400 10 9 5
30401 11 11 5
30402 13 12 6
30403 12 12 4
30404 18 17 7
30405 17 17 7
30406 9 8 4
30407 10 9 5
30408 11 10 4
30409 14 13 7
30410 13 12 6
30411 12 11 5
30412 15 15 5
30413 17 16 6
30414 20 20 4
30415 18 17 5
30416 15 14 6
30417 8 8 4
30418 12 11 5
30419 5 5 5
30420 10 9 5
30421 11 11 5
30422 13 12 6
30423 10 9 5
30424 15 14 8
30425 10 10 6
30426 10 9 5
30427 11 10 6
30428 12 12 6
30429 8 8 4
30430 18 17 7
30431 15 14 6
30432 12 12 4
30433 10 9 5
30434 11 10 6
30435 6 5 4
30436 16 15 9
30437 11 10 4
30438 12 11 5
30439 17 16 4
30440 14 13 7
30441 23 22 8
30442 10 10 4
30443 6 5 4
30444 10 9 5
30445 11 11 5
30446 9 9 5
30447 15 15 7
30448 17 16 6
30449 12 11 5
30450 19 18 6
30451 10 10 6
30452 10 9 5
30453 13 12 8
30454 10 10 4
30455 8 7 6
30456 12 12 6
30457 12 11 5
30458 15 14 6
30459 18 18 6
30460 16 16 6
30461 6 5 4
30462 10 9 5
30463 11 10 6
30464 12 12 6
30465 10 9 5
30466 11 11 5
30467 13 13 5
30468 13 13 5
30469 15 14 8
30470 10 10 4
30471 12 11 5
30472 13 12 6
30473 14 14 6
30474 6 5 4
30475 10 9 5
30476 15 15 5
30477 7 7 7
30478 12 12 6
30479 12 12 6
30480 10 9 5
30481 11 11 7
30482 15 15 7
30483 11 10 4
30484 20 19 5
30485 11 11 5
30486 13 12 4
30487 10 9 5
30488 9 9 5
30489 15 14 6
30490 8 8 4
30491 12 11 5
30492 9 9 5
30493 15 14 4
30494 16 15 7
30495 21 20 6
30496 6 5 4
30497 12 11 5
30498 7 7 7
30499 16 16 6
30500 12 12 4
30501 10 9 5
30502 11 11 5
30503 17 17 7
30504 13 12 6
30505 8 8 4
30506 6 5 4
30507 16 15 7
30508 15 14 6
30509 22 21 5
30510 17 17 5
30511 31 30 6
30512 14 13 5
30513 13 12 6
30514 10 10 4
30515 12 11 5
30516 7 7 7
30517 14 13 5
30518 11 11 5
30519 15 14 6
30520 6 6 6
30521 13 12 6
30522 8 7 6
30523 14 14 8
30524 6 6 6
30525 23 22 6
30526 10 9 5
30527 17 17 5
30528 13 12 4
30529 10 9 5
30530 11 11 5
30531 11 10 6
30532 12 12 8
30533 10 10 4
30534 10 9 5
30535 9 9 5
30536 21 21 5
30537 17 16 4
30538 14 13 5
30539 7 6 5
30540 11 10 4
30541 10 9 5
30542 11 11 5
30543 17 16 8
30544 18 18 6
30545 18 18 6
30546 12 12 4
30547 12 11 5
30548 9 8 4
30549 12 11 5
30550 13 12 6
30551 12 12 6
30552 18 18 6
30553 22 22 6
30554 14 14 4
30555 18 17 5
30556 9 8 4
30557 12 11 5
30558 13 12 4
30559 8 7 6
30560 22 22 4
30561 22 21 5
30562 9 8 4
30563 16 15 5
30564 9 9 5
30565 13 12 6
30566 20 20 8
30567 12 12 4
30568 30 29 5
30569 21 20 4
30570 32 31 5
30571 13 13 5
30572 21 20 4
30573 20 19 5
30574 9 8 4
30575 28 27 5
30576 7 6 5
30577 19 18 6
30578 14 14 4
30579 12 11 5
30580 7 6 5
30581 11 10 4
30582 20 19 7
30583 17 16 6
30584 10 10 4
30585 16 15 5
30586 21 20 8
30587 12 12 4
30588 12 11 5
30589 23 22 6
30590 16 16 4
30591 24 23 5
30592 15 15 5
30593 15 14 4
30594 26 25 5
30595 19 19 5
30596 11 11 5
30597 11 10 6
30598 16 16 4
30599 22 21 7
30600 21 20 4
30601 26 25 5
30602 29 28 4
30603 14 13 5
30604 21 20 6
30605 18 18 4
30606 20 19 5
30607 19 18 6
30608 20 20 4
30609 28 27 5
30610 21 20 4
30611 18 17 5
30612 13 13 5
30613 15 14 4
30614 20 19 5
30615 13 13 5
30616 15 14 4
30617 30 29 5
30618 17 17 5
30619 13 12 4
30620 14 13 5
30621 9 9 5
30622 7 6 5
30623 17 16 6
30624 16 16 6
30625 16 16 6
30626 20 19 5
30627 9 8 4
30628 16 15 5
30629 19 19 7
30630 15 14 6
30631 16 16 6
30632 20 20 6
30633 12 12 4
30634 18 17 5
30635 17 17 7
30636 15 14 6
30637 10 10 4
30638 14 13 5
30639 31 31 5
30640 7 6 5
30641 13 12 6
30642 16 15 5
30643 21 21 5
30644 13 13 5
30645 19 18 4
30646 14 13 5
30647 9 9 5
30648 19 19 7
30649 17 16 6
30650 16 15 5
30651 15 14 6
30652 12 12 6
30653 12 12 6
30654 10 9 5
30655 15 14 6
30656 10 10 4
30657 12 11 5
30658 19 19 7
30659 15 14 6
30660 12 12 6
30661 12 11 5
30662 13 12 6
30663 10 10 6
30664 14 14 4
30665 16 15 5
30666 15 15 5
30667 23 23 5
30668 11 10 4
30669 10 9 5
30670 23 22 6
30671 12 11 5
30672 23 22 6
30673 22 22 6
30674 16 16 4
30675 16 15 5
30676 15 14 4
30677 16 15 5
30678 17 16 4
30679 14 13 5
30680 27 26 4
30681 16 15 5
30682 15 14 4
30683 22 21 5
30684 15 15 5
30685 9 8 4
30686 32 31 7
30687 19 18 4
30688 22 21 5
30689 23 22 8
30690 10 10 4
30691 14 13 5
30692 17 16 6
30693 16 16 4
30694 20 19 5
30695 9 9 5
30696 19 18 4
30697 32 31 7
30698 15 14 6
30699 12 12 4
30700 12 11 5
30701 13 13 5
30702 21 20 6
30703 12 11 5
30704 23 22 6
30705 18 18 6
30706 18 17 5
30707 15 14 4
30708 10 9 5
30709 19 18 6
30710 10 10 6
30711 14 14 8
30712 18 18 8
30713 16 16 4
30714 12 11 5
30715 13 12 4
30716 16 15 5
30717 11 11 5
30718 11 10 6
30719 16 15 5
30720 17 17 7
30721 13 12 4
30722 16 15 5
30723 21 20 4
30724 12 11 5
30725 15 14 4
30726 16 15 5
30727 15 14 6
30728 16 16 6
30729 10 10 4
30730 20 19 5
30731 15 14 6
30732 10 10 6
30733 14 14 4
30734 18 17 5
30735 13 12 6
30736 18 18 6
30737 14 13 5
30738 13 13 5
30739 11 10 4
30740 14 13 5
30741 15 14 6
30742 8 7 6
30743 16 16 4
30744 10 9 5
30745 19 18 4
30746 12 11 5
30747 19 18 8
30748 6 6 6
30749 13 12 6
30750 14 14 6
30751 14 14 6
30752 14 13 5
30753 9 9 5
30754 11 10 4
30755 10 9 5
30756 17 16 6
30757 18 18 6
30758 10 9 5
30759 13 13 5
30760 13 12 4
30761 12 11 5
30762 13 13 5
30763 15 15 9
30764 13 12 6
30765 18 18 6
30766 10 9 5
30767 13 13 5
30768 15 14 8
30769 10 10 4
30770 16 15 5
30771 13 12 6
30772 12 12 6
30773 14 14 4
30774 12 11 5
30775 11 10 6
30776 8 8 4
30777 6 5 4
30778 16 15 5
30779 5 5 5
30780 16 15 7
30781 13 13 5
30782 11 10 6
30783 10 9 5
30784 11 11 5
30785 9 9 5
30786 17 16 8
30787 10 10 4
30788 16 15 5
30789 11 11 5
30790 15 14 6
30791 10 10 4
30792 18 17 7
30793 9 9 5
30794 9 8 4
30795 6 5 4
30796 16 15 7
30797 11 10 6
30798 12 11 5
30799 11 10 6
30800 10 9 5
30801 11 11 7
30802 9 8 4
30803 14 13 5
30804 15 15 7
30805 21 20 4
30806 16 15 7
30807 11 11 7
30808 13 12 4
30809 10 9 5
30810 11 10 6
30811 12 11 5
30812 17 16 6
30813 14 13 7
30814 13 13 5
30815 17 16 4
30816 12 11 5
30817 13 12 6
30818 12 12 6
30819 14 14 6
30820 14 14 6
30821 14 13 7
30822 19 19 7
30823 15 14 6
30824 12 12 6
30825 16 15 7
30826 9 8 4
30827 12 11 5
30828 13 13 5
30829 17 17 5
30830 15 15 7
30831 15 14 6
30832 12 12 6
30833 8 8 4
30834 10 9 5
30835 15 14 6
30836 10 10 4
30837 14 13 5
30838 13 12 8
30839 18 18 6
30840 8 8 4
30841 12 11 5
30842 15 14 4
30843 14 13 7
30844 17 16 6
30845 20 20 8
30846 6 5 4
30847 10 9 5
30848 7 6 5
30849 17 16 4
30850 12 11 7
30851 11 10 6
30852 12 11 5
30853 9 8 4
30854 10 9 5
30855 13 12 6
30856 10 10 4
30857 16 15 7
30858 7 6 5
30859 19 18 6
30860 8 8 4
30861 16 15 5
30862 19 19 5
30863 23 22 6
30864 12 12 6
30865 18 18 6
30866 10 10 4
30867 14 13 5
30868 19 19 5
30869 13 12 6
30870 24 23 5
30871 17 16 6
30872 6 6 6
30873 23 22 6
30874 12 12 4
30875 18 17 5
30876 19 18 6
30877 10 10 4
30878 12 11 5
30879 19 19 5
30880 17 17 5
30881 7 6 5
30882 9 8 4
30883 10 9 5
30884 17 17 5
30885 11 11 5
30886 19 18 4
30887 18 17 5
30888 21 20 6
30889 10 10 4
30890 8 7 6
30891 16 16 4
30892 12 11 5
30893 15 14 4
30894 18 17 5
30895 13 12 6
30896 20 20 4
30897 10 9 5
30898 15 14 6
30899 6 6 6
30900 15 14 6
30901 14 13 5
30902 17 16 4
30903 18 17 5
30904 17 16 6
30905 6 6 6
30906 7 6 5
30907 19 19 5
30908 15 15 5
30909 11 10 6
30910 22 22 6
30911 20 20 4
30912 10 9 5
30913 11 10 4
30914 18 17 7
30915 17 16 4
30916 20 19 5
30917 19 18 4
30918 16 15 5
30919 17 16 6
30920 12 12 4
30921 18 17 5
30922 11 10 4
30923 24 23 5
30924 11 11 5
30925 13 12 4
30926 6 5 4
30927 14 13 7
30928 9 8 4
30929 16 15 7
30930 9 9 5
30931 15 15 5
30932 23 22 4
30933 20 19 5
30934 17 16 6
30935 14 14 4
30936 12 11 7
30937 19 18 8
30938 12 11 5
30939 13 13 5
30940 17 16 8
30941 14 13 7
30942 17 17 5
30943 17 17 5
30944 17 16 4
30945 16 15 5
30946 25 25 7
30947 9 9 5
30948 17 17 5
30949 11 11 5
30950 17 16 6
30951 12 12 4
30952 24 23 9
30953 11 10 6
30954 16 16 4
30955 14 13 5
30956 15 14 6
30957 24 23 7
30958 13 12 4
30959 10 9 5
30960 11 11 5
30961 9 8 4
30962 14 13 5
30963 5 5 5
30964 14 13 5
30965 19 19 7
30966 13 12 6
30967 14 14 6
30968 10 10 6
30969 10 10 4
30970 16 15 5
30971 11 11 7
30972 13 12 4
30973 12 11 5
30974 15 14 6
30975 14 14 4
30976 14 13 7
30977 13 12 4
30978 10 9 5
30979 9 9 5
30980 17 17 9
30981 11 10 4
30982 10 9 5
30983 13 12 4
30984 16 15 5
30985 9 9 5
30986 13 13 7
30987 9 8 4
30988 22 21 7
30989 13 12 6
30990 10 10 6
30991 12 12 6
30992 10 9 5
30993 11 10 4
30994 10 9 5
30995 11 10 6
30996 14 14 8
30997 12 12 6
30998 12 12 4
30999 10 9 5
31000 15 14 8
31001 16 16 6
31002 6 6 6
31003 11 10 4
31004 18 17 5
31005 21 21 5
31006 23 23 5
31007 13 13 5
31008 11 10 4
31009 6 5 4
31010 6 5 4
31011 12 11 5
31012 15 15 7
31013 15 15 5
31014 17 16 6
31015 26 25 5
31016 9 8 4
31017 10 9 5
31018 17 16 6
31019 12 12 6
31020 14 14 4
31021 14 13 5
31022 17 17 7
31023 21 20 4
31024 16 15 5
31025 11 10 4
31026 14 13 7
31027 13 12 4
31028 14 13 5
31029 23 23 7
31030 17 17 5
31031 27 26 6
31032 8 8 4
31033 12 11 5
31034 15 14 6
31035 14 14 4
31036 14 13 5
31037 25 25 7
31038 15 15 5
31039 33 32 6
31040 8 8 4
31041 28 27 5
31042 17 16 6
31043 16 16 4
31044 22 21 7
31045 13 12 4
31046 20 19 5
31047 17 16 6
31048 16 16 6
31049 12 12 4
31050 12 11 5
31051 21 20 4
31052 10 9 5
31053 11 10 6
31054 6 5 4
31055 18 17 7
31056 15 14 8
31057 14 14 4
31058 18 17 7
31059 19 18 6
31060 12 12 4
31061 14 13 5
31062 9 9 5
31063 17 16 6
31064 20 19 7
31065 19 19 5
31066 13 12 6
31067 12 12 4
31068 12 11 5
31069 21 20 8
31070 8 8 4
31071 12 11 7
31072 11 10 4
31073 14 13 5
31074 13 12 6
31075 16 16 8
31076 14 14 6
31077 10 10 4
31078 16 15 5
31079 15 14 6
31080 16 16 6
31081 16 16 4
31082 6 5 4
31083 14 13 7
31084 17 16 6
31085 6 6 6
31086 15 14 4
31087 18 17 7
31088 11 10 4
31089 14 13 5
31090 13 13 5
31091 11 11 5
31092 15 14 6
31093 8 8 4
31094 16 15 7
31095 17 16 8
31096 12 12 6
31097 6 6 6
31098 11 10 6
31099 18 18 6
31100 12 11 5
31101 7 6 5
31102 17 16 6
31103 18 18 6
31104 12 11 5
31105 9 9 5
31106 9 8 4
31107 26 25 7
31108 15 14 6
31109 8 8 4
31110 12 11 5
31111 13 12 8
31112 10 10 6
31113 6 6 6
31114 17 16 6
31115 20 19 7
31116 13 12 4
31117 14 13 7
31118 11 10 4
31119 12 11 5
31120 13 12 6
31121 6 6 6
31122 15 14 6
31123 14 13 7
31124 11 11 5
31125 9 9 5
31126 13 12 4
31127 12 11 5
31128 17 16 6
31129 10 10 6
31130 14 14 6
31131 6 6 6
31132 9 9 5
31133 5 5 5
31134 20 19 7
31135 7 6 5
31136 21 20 6
31137 10 9 5
31138 21 20 6
31139 10 9 5
31140 11 10 4
31141 10 9 5
31142 9 9 5
31143 9 9 5
31144 21 20 6
31145 8 8 4
31146 12 11 5
31147 13 13 7
31148 13 12 6
31149 12 11 7
31150 7 6 5
31151 9 8 4
31152 8 7 6
31153 12 12 6
31154 8 8 4
31155 20 19 5
31156 7 7 7
31157 12 12 6
31158 12 12 4
31159 18 17 5
31160 13 13 5
31161 15 14 6
31162 14 14 4
31163 28 27 7
31164 7 7 7
31165 16 16 4
31166 14 13 5
31167 25 24 6
31168 28 27 5
31169 17 16 6
31170 10 9 5
31171 13 12 4
31172 14 13 5
31173 35 34 6
31174 10 10 4
31175 24 23 5
31176 25 24 4
31177 18 17 5
31178 17 16 6
31179 22 22 6
31180 20 20 4
31181 28 27 5
31182 19 18 4
31183 26 25 5
31184 25 24 4
31185 10 9 5
31186 23 22 4
31187 22 21 5
31188 15 14 4
31189 24 23 5
31190 13 12 4
31191 22 21 5
31192 17 16 4
31193 20 19 7
31194 11 10 4
31195 18 17 5
31196 13 12 4
31197 16 15 5
31198 11 10 4
31199 20 19 5
31200 17 17 5
31201 23 22 4
31202 12 11 5
31203 11 11 5
31204 15 15 5
31205 11 10 4
31206 14 13 5
31207 19 18 4
31208 22 21 5
31209 15 15 5
31210 21 20 4
31211 22 21 5
31212 17 16 4
31213 12 11 5
31214 29 28 4
31215 16 15 5
31216 15 14 4
31217 24 23 5
31218 17 16 4
31219 18 17 5
31220 21 20 4
31221 18 17 5
31222 17 16 6
31223 18 18 4
31224 32 31 5
31225 21 20 6
31226 10 10 6
31227 22 22 8
31228 20 20 6
31229 20 20 4
31230 24 23 5
31231 17 16 6
31232 16 16 4
31233 20 19 7
31234 19 19 5
31235 23 23 5
31236 17 17 5
31237 19 18 4
31238 16 15 5
31239 15 15 5
31240 15 14 6
31241 20 20 4
31242 12 11 5
31243 7 6 5
31244 17 17 5
31245 13 12 4
31246 22 21 5
31247 11 11 5
31248 11 10 4
31249 14 13 7
31250 21 20 4
31251 12 11 5
31252 13 13 5
31253 17 16 4
31254 12 11 5
31255 11 11 5
31256 15 15 7
31257 15 15 5
31258 17 16 4
31259 14 13 5
31260 13 12 6
31261 14 14 4
31262 20 19 5
31263 13 13 7
31264 23 22 6
31265 18 18 4
31266 18 17 5
31267 15 14 4
31268 14 13 5
31269 11 10 4
31270 12 11 5
31271 15 14 6
31272 6 6 6
31273 13 13 5
31274 19 18 6
31275 12 12 6
31276 14 14 6
31277 24 24 6
31278 14 13 5
31279 25 25 5
31280 19 18 6
31281 16 16 4
31282 6 5 4
31283 14 13 7
31284 19 18 6
31285 16 16 6
31286 18 18 6
31287 24 23 7
31288 17 16 6
31289 14 14 4
31290 12 11 5
31291 17 16 6
31292 20 19 7
31293 25 24 4
31294 6 5 4
31295 18 17 5
31296 11 10 4
31297 20 19 5
31298 9 9 5
31299 13 12 4
31300 14 13 5
31301 13 12 4
31302 18 17 7
31303 11 11 5
31304 13 12 6
31305 16 16 8
31306 12 12 4
31307 18 17 7
31308 13 12 4
31309 14 13 7
31310 17 16 6
31311 14 13 5
31312 13 13 5
31313 19 18 6
31314 10 9 5
31315 21 20 8
31316 14 13 5
31317 19 18 6
31318 12 12 6
31319 6 6 6
31320 21 21 5
31321 15 15 5
31322 13 12 4
31323 6 5 4
31324 14 13 7
31325 15 14 4
31326 22 21 5
31327 19 18 6
31328 12 12 6
31329 12 11 5
31330 11 10 4
31331 6 5 4
31332 12 11 5
31333 13 12 4
31334 16 15 5
31335 15 14 4
31336 14 13 5
31337 11 11 5
31338 15 14 6
31339 12 12 6
31340 10 10 6
31341 16 16 8
31342 14 14 6
31343 14 13 5
31344 11 10 4
31345 10 9 5
31346 15 15 7
31347 15 14 4
31348 14 13 5
31349 9 9 5
31350 13 12 4
31351 14 13 5
31352 9 9 5
31353 17 17 9
31354 15 14 4
31355 10 9 5
31356 15 14 6
31357 12 12 4
31358 16 15 7
31359 7 7 7
31360 8 7 6
31361 12 12 4
31362 14 13 7
31363 11 10 6
31364 18 18 4
31365 10 9 5
31366 13 13 5
31367 5 5 5
31368 14 13 5
31369 13 12 6
31370 16 16 6
31371 14 13 7
31372 7 6 5
31373 13 13 5
31374 19 19 5
31375 11 11 5
31376 11 11 5
31377 17 16 8
31378 12 11 5
31379 19 19 7
31380 11 11 5
31381 13 12 4
31382 10 9 5
31383 11 11 5
31384 13 12 6
31385 12 11 5
31386 19 19 5
31387 13 12 4
31388 10 9 5
31389 21 21 5
31390 9 9 5
31391 11 10 6
31392 16 16 6
31393 14 14 6
31394 6 6 6
31395 15 15 7
31396 15 14 6
31397 12 12 4
31398 6 5 4
31399 16 15 7
31400 13 12 6
31401 10 10 6
31402 14 14 8
31403 16 16 8
31404 6 6 6
31405 11 11 5
31406 17 17 5
31407 11 10 4
31408 14 13 7
31409 11 11 5
31410 19 18 8
31411 14 14 6
31412 14 14 6
31413 6 6 6
31414 17 16 8
31415 12 12 4
31416 14 13 5
31417 11 10 4
31418 14 13 5
31419 13 12 6
31420 12 11 5
31421 13 13 7
31422 9 8 4
31423 14 13 5
31424 11 11 5
31425 9 9 5
31426 15 14 8
31427 14 13 5
31428 15 14 4
31429 12 11 5
31430 11 10 4
31431 12 11 5
31432 15 15 9
31433 13 12 6
31434 16 16 4
31435 16 15 5
31436 11 10 6
31437 12 12 6
31438 8 8 4
31439 14 13 5
31440 19 19 5
31441 15 14 6
31442 18 18 6
31443 12 11 5
31444 9 9 5
31445 9 9 5
31446 21 20 6
31447 14 13 5
31448 29 29 7
31449 17 16 4
31450 14 13 5
31451 9 8 7
31452 19 18 4
31453 12 11 5
31454 13 12 6
31455 10 10 6
31456 12 12 6
31457 12 12 6
31458 12 12 4
31459 14 13 5
31460 15 14 6
31461 14 14 4
31462 16 15 5
31463 11 11 5
31464 11 10 4
31465 12 11 5
31466 13 12 6
31467 20 20 6
31468 16 15 5
31469 11 11 5
31470 15 14 6
31471 32 32 4
31472 24 23 5
31473 15 14 4
31474 14 13 5
31475 11 10 4
31476 10 9 5
31477 23 22 4
31478 44 43 5
31479 21 20 4
31480 12 11 5
31481 19 18 4
31482 6 5 4
31483 12 11 5
31484 11 10 4
31485 16 15 5
31486 11 10 4
31487 10 9 5
31488 13 12 4
31489 18 17 5
31490 13 13 5
31491 13 12 6
31492 8 8 4
31493 16 15 5
31494 21 20 4
31495 14 13 5
31496 17 16 4
31497 18 17 5
31498 17 16 4
31499 16 15 5
31500 19 18 4
31501 24 23 5
31502 19 18 8
31503 20 20 6
31504 22 22 4
31505 16 15 5
31506 11 10 4
31507 12 11 5
31508 9 9 5
31509 13 12 4
31510 14 13 7
31511 9 8 4
31512 18 17 9
31513 17 16 4
31514 20 19 5
31515 5 5 5
31516 18 17 5
31517 9 9 5
31518 11 11 5
31519 17 17 5
31520 19 19 5
31521 17 16 6
31522 20 19 5
31523 15 15 5
31524 17 16 4
31525 10 9 5
31526 15 14 6
31527 18 18 4
31528 22 21 5
31529 19 18 6
31530 16 15 5
31531 17 16 6
31532 18 17 5
31533 25 24 6
31534 8 8 4
31535 6 5 4
31536 18 17 9
31537 13 12 4
31538 12 11 5
31539 9 8 4
31540 18 17 9
31541 11 10 6
31542 16 15 5
31543 13 13 5
31544 15 14 6
31545 6 5 4
31546 10 9 5
31547 19 19 9
31548 11 10 6
31549 12 11 5
31550 15 15 7
31551 19 18 4
31552 16 15 5
31553 19 19 5
31554 7 6 5
31555 11 10 4
31556 14 13 5
31557 13 12 6
31558 18 17 5
31559 5 5 5
31560 18 17 5
31561 11 11 5
31562 5 5 5
31563 20 19 7
31564 15 14 6
31565 16 16 6
31566 10 10 4
31567 14 13 5
31568 13 13 5
31569 13 12 6
31570 8 8 4
31571 12 11 7
31572 21 21 5
31573 17 16 6
31574 16 16 8
31575 12 12 4
31576 14 13 5
31577 19 18 6
31578 12 11 7
31579 9 8 4
31580 14 13 5
31581 13 12 6
31582 14 14 6
31583 10 10 4
31584 14 13 5
31585 11 10 6
31586 16 15 7
31587 9 9 5
31588 11 10 6
31589 14 14 4
31590 18 17 5
31591 13 12 4
31592 14 13 5
31593 11 10 4
31594 10 9 5
31595 9 9 5
31596 13 12 6
31597 18 18 6
31598 14 13 5
31599 15 14 6
31600 18 18 6
31601 20 20 6
31602 10 9 5
31603 21 20 6
31604 6 5 4
31605 16 15 5
31606 15 14 4
31607 18 17 7
31608 21 20 6
31609 10 10 4
31610 14 13 9
31611 9 8 4
31612 12 11 5
31613 13 13 7
31614 21 20 6
31615 12 12 6
31616 18 17 5
31617 9 9 5
31618 9 8 4
31619 12 11 5
31620 13 13 7
31621 11 10 6
31622 14 14 6
31623 18 17 5
31624 13 12 4
31625 12 11 5
31626 9 8 7
31627 11 10 6
31628 14 13 5
31629 13 12 6
31630 18 18 6
31631 14 14 6
31632 18 17 5
31633 11 11 5
31634 11 11 5
31635 15 14 4
31636 6 5 4
31637 8 7 6
31638 30 30 8
31639 12 11 5
31640 5 5 5
31641 12 11 5
31642 11 10 4
31643 22 21 9
31644 11 11 5
31645 13 12 6
31646 16 15 5
31647 17 17 5
31648 19 18 6
31649 20 19 5
31650 13 13 5
31651 15 14 4
31652 10 9 5
31653 13 12 6
31654 14 14 6
31655 16 15 5
31656 13 12 6
31657 16 15 5
31658 23 22 6
31659 10 10 4
31660 12 11 5
31661 9 9 5
31662 13 13 5
31663 11 11 5
31664 15 15 5
31665 17 17 7
31666 19 18 4
31667 12 11 5
31668 9 9 5
31669 9 9 5
31670 9 9 5
31671 11 11 7
31672 17 16 6
31673 6 6 6
31674 15 14 8
31675 12 12 4
31676 16 15 5
31677 13 12 6
31678 8 8 4
31679 12 11 7
31680 17 16 8
31681 10 10 4
31682 16 15 5
31683 27 27 5
31684 11 10 4
31685 8 7 6
31686 8 8 4
31687 14 13 7
31688 15 14 6
31689 10 9 5
31690 17 16 6
31691 8 7 6
31692 12 12 6
31693 10 9 5
31694 9 8 4
31695 6 5 4
31696 16 15 5
31697 15 15 7
31698 17 17 9
31699 9 8 4
31700 18 17 5
31701 11 10 4
31702 12 11 5
31703 11 11 7
31704 13 12 6
31705 16 16 6
31706 16 16 8
31707 18 18 6
31708 14 13 5
31709 7 6 5
31710 27 26 8
31711 8 8 4
31712 12 11 5
31713 39 39 5
31714 29 29 7
31715 17 17 5
31716 9 9 5
31717 15 14 6
31718 8 8 4
31719 16 15 5
31720 11 11 5
31721 11 11 5
31722 13 13 7
31723 13 12 4
31724 10 9 5
31725 9 9 5
31726 13 13 7
31727 13 12 4
31728 14 13 7
31729 19 19 7
31730 15 14 6
31731 16 16 6
31732 16 16 4
31733 12 11 7
31734 7 6 5
31735 13 12 6
31736 8 7 6
31737 8 8 4
31738 16 15 5
31739 11 11 5
31740 15 14 6
31741 14 13 5
31742 11 11 7
31743 9 8 4
31744 12 11 7
31745 13 13 5
31746 11 11 5
31747 17 16 6
31748 16 16 6
31749 10 9 5
31750 19 18 4
31751 10 9 5
31752 11 10 4
31753 12 11 7
31754 19 18 6
31755 12 12 6
31756 16 16 6
31757 6 5 4
31758 18 17 5
31759 15 14 4
31760 12 11 7
31761 13 12 6
31762 12 12 6
31763 18 18 6
31764 14 14 6
31765 14 14 4
31766 16 15 5
31767 9 9 5
31768 15 14 6
31769 20 19 5
31770 31 30 4
31771 20 19 5
31772 23 22 4
31773 14 13 5
31774 21 20 4
31775 22 21 5
31776 33 32 4
31777 22 21 5
31778 27 26 4
31779 14 13 5
31780 21 20 4
31781 30 29 5
31782 29 28 4
31783 16 15 5
31784 23 22 4
31785 20 19 5
31786 15 14 4
31787 28 27 5
31788 25 25 7
31789 23 23 5
31790 23 22 4
31791 14 13 5
31792 11 10 4
31793 34 33 5
31794 17 16 4
31795 12 11 5
31796 13 12 6
31797 16 15 5
31798 21 20 4
31799 18 17 5
31800 19 18 6
31801 26 26 10
31802 18 18 6
31803 6 6 6
31804 13 12 4
31805 10 9 5
31806 21 21 5
31807 19 19 7
31808 9 8 4
31809 16 15 5
31810 7 6 5
31811 15 14 4
31812 18 17 7
31813 21 20 4
31814 14 13 7
31815 17 16 4
31816 14 13 5
31817 15 15 5
31818 15 14 6
31819 12 12 4
31820 16 15 5
31821 21 20 4
31822 14 13 5
31823 13 13 5
31824 15 14 6
31825 18 17 5
31826 11 10 6
31827 14 14 6
31828 10 9 5
31829 11 10 4
31830 20 19 5
31831 17 17 5
31832 15 15 5
31833 21 21 5
31834 13 12 4
31835 20 19 5
31836 19 18 8
31837 18 18 4
31838 18 17 5
31839 13 13 5
31840 13 12 4
31841 16 15 5
31842 21 20 8
31843 14 14 6
31844 12 12 4
31845 18 17 5
31846 13 13 7
31847 15 14 4
31848 18 17 7
31849 15 14 4
31850 12 11 5
31851 21 21 5
31852 13 13 5
31853 17 16 6
31854 10 10 4
31855 12 11 5
31856 15 14 6
31857 12 12 4
31858 14 13 5
31859 13 13 7
31860 13 12 6
31861 10 10 6
31862 16 16 6
31863 14 14 4
31864 18 17 5
31865 29 28 8
31866 12 11 5
31867 13 12 4
31868 24 23 7
31869 11 10 6
31870 20 19 5
31871 17 16 4
31872 12 11 5
31873 15 14 4
31874 14 13 5
31875 11 11 5
31876 11 11 5
31877 9 8 4
31878 14 13 5
31879 11 11 7
31880 13 12 4
31881 18 17 5
31882 21 21 5
31883 11 10 6
31884 12 12 6
31885 10 10 4
31886 10 9 5
31887 11 11 5
31888 11 10 4
31889 10 9 5
31890 15 15 7
31891 11 10 4
31892 16 15 7
31893 15 15 5
31894 11 10 4
31895 12 11 5
31896 19 18 6
31897 14 14 4
31898 20 19 5
31899 13 12 6
31900 18 17 5
31901 11 11 5
31902 19 19 5
31903 17 16 6
31904 14 14 6
31905 10 10 6
31906 10 10 4
31907 10 9 5
31908 23 23 7
31909 13 12 4
31910 12 11 5
31911 11 10 4
31912 22 21 7
31913 7 6 5
31914 13 13 5
31915 15 15 5
31916 13 13 5
31917 13 12 6
31918 14 14 6
31919 18 18 4
31920 10 9 5
31921 19 19 5
31922 15 15 5
31923 13 12 6
31924 10 10 6
31925 14 14 8
31926 8 8 4
31927 16 15 7
31928 7 6 5
31929 13 12 4
31930 12 11 7
31931 9 9 5
31932 19 18 6
31933 16 16 8
31934 6 6 6
31935 9 9 5
31936 17 16 6
31937 10 10 6
31938 16 16 6
31939 10 10 4
31940 22 21 5
31941 11 10 6
31942 8 8 4
31943 10 9 5
31944 11 11 7
31945 13 12 4
31946 10 9 5
31947 19 18 6
31948 12 11 5
31949 11 10 6
31950 12 12 6
31951 16 15 5
31952 11 10 6
31953 12 12 4
31954 12 11 5
31955 19 18 6
31956 20 19 7
31957 11 10 6
31958 6 6 6
31959 11 11 5
31960 11 11 7
31961 13 12 8
31962 14 13 5
31963 11 10 4
31964 12 11 5
31965 21 21 7
31966 11 10 4
31967 14 13 5
31968 7 7 7
31969 10 10 4
31970 10 9 5
31971 11 11 5
31972 13 12 6
31973 10 10 6
31974 12 12 4
31975 8 7 6
31976 10 10 6
31977 12 11 7
31978 15 14 6
31979 18 17 5
31980 11 10 6
31981 6 6 6
31982 13 12 6
31983 6 6 6
31984 11 11 7
31985 9 8 4
31986 10 9 5
31987 13 12 6
31988 12 12 6
31989 16 15 5
31990 17 16 4
31991 6 5 4
31992 12 11 7
31993 9 8 4
31994 14 13 5
31995 5 5 5
31996 16 15 7
31997 19 18 4
31998 16 15 7
31999 7 6 5
32000 13 12 6
32001 6 5 4
32002 16 15 7
32003 15 15 5
32004 15 15 5
32005 13 12 6
32006 10 9 5
32007 15 15 7
32008 17 16 4
32009 10 9 5
32010 17 17 7
32011 13 12 6
32012 10 10 4
32013 10 9 5
32014 21 20 8
32015 8 8 4
32016 16 15 5
32017 9 8 4
32018 12 11 5
32019 9 9 5
32020 23 22 6
32021 16 16 6
32022 18 18 6
32023 10 10 6
32024 14 14 6
32025 6 6 6
32026 19 18 6
32027 12 12 6
32028 12 12 6
32029 14 14 4
32030 14 13 7
32031 9 8 4
32032 12 11 7
32033 7 7 7
32034 10 10 6
32035 10 10 6
32036 12 12 6
32037 12 12 4
32038 20 19 9
32039 11 10 6
32040 8 8 4
32041 12 11 5
32042 11 11 5
32043 7 7 7
32044 18 17 5
32045 19 18 6
32046 14 14 4
32047 26 25 5
32048 13 12 4
32049 14 13 5
32050 15 15 5
32051 15 15 7
32052 35 34 6
32053 10 10 4
32054 18 17 5
32055 13 12 4
32056 20 19 5
32057 9 8 4
32058 20 19 5
32059 19 18 6
32060 16 16 4
32061 26 25 5
32062 17 16 4
32063 28 27 5
32064 25 25 5
32065 25 24 6
32066 22 22 4
32067 40 39 5
32068 29 28 4
32069 24 23 5
32070 19 18 4
32071 30 29 5
32072 15 14 4
32073 20 19 5
32074 19 18 4
32075 26 25 5
32076 23 22 4
32077 16 15 5
32078 17 16 4
32079 26 25 5
32080 21 20 4
32081 18 17 5
32082 9 8 4
32083 16 15 5
32084 25 24 4
32085 20 19 5
32086 21 20 4
32087 18 17 5
32088 13 12 4
32089 16 15 5
32090 19 18 4
32091 20 19 5
32092 19 18 4
32093 18 17 5
32094 11 10 4
32095 14 13 5
32096 17 17 5
32097 25 24 4
32098 18 17 5
32099 17 16 4
32100 10 9 5
32101 15 14 4
32102 18 17 5
32103 13 12 4
32104 12 11 7
32105 11 10 4
32106 18 17 5
32107 13 12 4
32108 22 21 5
32109 23 22 4
32110 18 17 7
32111 13 13 5
32112 9 9 5
32113 17 16 6
32114 20 20 6
32115 10 10 6
32116 12 12 6
32117 16 15 5
32118 9 9 5
32119 15 14 6
32120 18 17 7
32121 19 18 6
32122 10 9 5
32123 15 14 8
32124 10 10 4
32125 10 9 5
32126 9 9 5
32127 21 21 7
32128 23 22 4
32129 12 11 5
32130 13 13 5
32131 13 12 6
32132 16 16 6
32133 22 21 5
32134 17 17 5
32135 7 6 5
32136 15 14 6
32137 12 12 6
32138 16 16 4
32139 8 7 6
32140 14 13 5
32141 11 11 5
32142 9 9 5
32143 19 19 5
32144 7 7 7
32145 12 12 4
32146 12 11 5
32147 21 20 8
32148 16 15 7
32149 15 15 5
32150 19 18 4
32151 18 17 5
32152 13 12 4
32153 16 15 5
32154 23 22 4
32155 16 15 5
32156 15 14 4
32157 22 21 5
32158 19 19 5
32159 15 14 6
32160 8 8 4
32161 14 13 5
32162 17 17 9
32163 17 17 5
32164 13 13 5
32165 11 10 4
32166 24 23 5
32167 17 16 4
32168 10 9 5
32169 13 13 5
32170 19 18 4
32171 22 21 7
32172 13 12 6
32173 24 23 7
32174 17 16 6
32175 12 12 4
32176 16 15 5
32177 27 27 5
32178 13 12 4
32179 20 19 5
32180 15 14 4
32181 16 15 5
32182 13 13 5
32183 27 27 5
32184 19 18 6
32185 24 24 6
32186 24 24 6
32187 16 16 6
32188 18 18 6
32189 16 15 7
32190 9 8 4
32191 26 25 7
32192 17 17 7
32193 13 13 5
32194 17 16 6
32195 12 12 4
32196 12 11 5
32197 13 13 5
32198 27 26 6
32199 12 12 6
32200 12 12 4
32201 26 25 7
32202 15 15 5
32203 19 18 6
32204 10 10 4
32205 14 13 5
32206 13 13 5
32207 13 12 6
32208 10 10 4
32209 22 21 5
32210 11 11 7
32211 15 14 6
32212 16 15 5
32213 19 18 6
32214 6 5 4
32215 16 15 5
32216 11 10 6
32217 16 16 6
32218 20 20 6
32219 18 17 5
32220 13 12 6
32221 6 6 6
32222 9 9 5
32223 13 13 5
32224 17 16 6
32225 14 14 6
32226 14 13 5
32227 21 21 7
32228 15 14 8
32229 14 14 4
32230 16 15 5
32231 15 15 7
32232 17 17 5
32233 15 14 6
32234 14 13 5
32235 15 14 4
32236 14 13 7
32237 17 16 4
32238 26 25 7
32239 21 20 6
32240 16 16 6
32241 18 18 6
32242 14 13 5
32243 17 17 5
32244 13 12 6
32245 16 16 6
32246 20 20 4
32247 16 15 7
32248 9 8 4
32249 12 11 5
32250 17 16 8
32251 20 20 6
32252 14 13 5
32253 21 21 5
32254 13 12 4
32255 18 17 5
32256 19 19 5
32257 15 14 4
32258 12 11 5
32259 11 10 4
32260 18 17 5
32261 17 17 5
32262 11 10 4
32263 8 7 6
32264 14 14 4
32265 14 13 5
32266 19 18 8
32267 20 19 5
32268 15 15 5
32269 17 17 7
32270 11 10 6
32271 8 8 4
32272 10 9 5
32273 13 13 5
32274 15 14 6
32275 20 20 4
32276 14 13 5
32277 15 14 4
32278 12 11 5
32279 9 8 4
32280 6 5 4
32281 20 19 7
32282 11 10 4
32283 16 15 5
32284 15 15 5
32285 13 12 6
32286 14 13 7
32287 11 10 4
32288 12 11 5
32289 11 10 6
32290 10 10 4
32291 22 21 5
32292 17 16 6
32293 10 10 6
32294 6 5 4
32295 10 9 5
32296 9 9 5
32297 17 16 6
32298 22 22 6
32299 18 17 7
32300 11 11 5
32301 9 8 4
32302 14 13 5
32303 13 12 6
32304 14 14 6
32305 14 14 6
32306 18 18 4
32307 10 9 5
32308 13 12 4
32309 10 9 5
32310 11 10 6
32311 16 16 6
32312 12 12 6
32313 24 24 6
32314 10 10 4
32315 16 15 5
32316 9 9 5
32317 15 14 6
32318 12 11 7
32319 9 8 4
32320 14 13 7
32321 17 16 4
32322 18 17 5
32323 11 10 4
32324 18 17 5
32325 11 11 7
32326 7 6 5
32327 11 10 6
32328 8 7 6
32329 16 16 6
32330 20 19 5
32331 19 18 6
32332 14 14 6
32333 12 12 6
32334 14 14 6
32335 14 13 5
32336 13 13 7
32337 21 20 6
32338 12 12 4
32339 16 15 5
32340 13 12 6
32341 14 13 7
32342 7 6 5
32343 11 10 6
32344 14 14 6
32345 22 21 7
32346 19 18 4
32347 18 17 7
32348 9 8 4
32349 8 7 6
32350 12 12 6
32351 10 10 4
32352 18 17 7
32353 29 28 6
32354 16 15 5
32355 9 8 4
32356 12 11 5
32357 9 9 5
32358 11 10 4
32359 12 11 5
32360 11 11 7
32361 13 12 4
32362 18 17 5
32363 15 14 6
32364 12 12 6
32365 8 8 4
32366 10 9 5
32367 11 10 6
32368 12 12 6
32369 14 14 6
32370 12 12 4
32371 22 21 5
32372 11 11 5
32373 9 8 4
32374 16 15 7
32375 7 6 5
32376 13 12 6
32377 10 9 5
32378 17 17 5
32379 19 18 6
32380 20 19 5
32381 5 5 5
32382 20 19 5
32383 15 14 6
32384 12 12 6
32385 6 6 6
32386 13 13 5
32387 17 16 6
32388 10 10 6
32389 6 6 6
32390 15 15 7
32391 11 10 4
32392 14 13 5
32393 7 7 7
32394 10 10 6
32395 8 8 4
32396 16 15 5
32397 13 13 5
32398 21 21 5
32399 15 14 6
32400 14 14 4
32401 14 13 5
32402 11 10 4
32403 12 11 5
32404 11 10 4
32405 6 5 4
32406 12 11 5
32407 9 9 5
32408 13 12 6
32409 6 6 6
32410 13 12 6
32411 10 9 5
32412 21 21 5
32413 19 18 6
32414 22 22 4
32415 12 11 5
32416 19 18 4
32417 6 5 4
32418 14 13 5
32419 17 16 4
32420 12 11 5
32421 11 10 4
32422 16 15 5
32423 13 12 4
32424 6 5 4
32425 16 15 5
32426 13 12 4
32427 10 9 5
32428 13 12 6
32429 10 10 4
32430 28 27 7
32431 19 19 5
32432 15 14 4
32433 16 15 5
32434 9 8 4
32435 12 11 5
32436 11 10 6
32437 14 14 4
32438 26 25 5
32439 31 30 4
32440 12 11 5
32441 13 12 4
32442 6 5 4
32443 16 15 5
32444 13 12 6
32445 20 20 6
32446 22 22 4
32447 18 17 5
32448 13 13 5
32449 9 8 4
32450 6 5 4
32451 20 19 5
32452 17 17 5
32453 11 11 5
32454 9 8 4
32455 14 13 5
32456 9 9 5
32457 11 11 5
32458 17 16 6
32459 16 16 6
32460 8 8 4
32461 12 11 5
32462 17 16 4
32463 30 29 5
32464 37 37 5
32465 13 12 4
32466 18 17 5
32467 9 8 4
32468 16 15 5
32469 15 14 4
32470 14 13 5
32471 23 22 6
32472 20 20 6
32473 12 12 4
32474 20 19 5
32475 23 22 4
32476 16 15 5
32477 17 16 4
32478 22 21 5
32479 27 26 4
32480 26 25 5
32481 15 14 4
32482 14 13 5
32483 9 8 4
32484 10 9 5
32485 37 36 4
32486 22 21 5
32487 21 20 4
32488 28 27 5
32489 21 20 4
32490 18 17 5
32491 23 22 4
32492 26 25 5
32493 25 24 4
32494 16 15 5
32495 31 30 4
32496 12 11 5
32497 21 20 4
32498 18 17 5
32499 29 28 4
32500 26 25 5
32501 25 25 5
32502 23 23 5
32503 13 13 5
32504 15 14 6
32505 22 21 11
32506 13 12 4
32507 12 11 5
32508 21 20 6
32509 26 25 7
32510 11 10 6
32511 30 30 4
32512 12 11 5
32513 17 16 6
32514 12 12 4
32515 24 23 5
32516 17 17 5
32517 15 14 6
32518 16 16 6
32519 16 16 8
32520 14 14 6
32521 20 20 4
32522 16 15 7
32523 13 12 6
32524 14 14 4
32525 16 15 5
32526 19 18 4
32527 16 15 7
32528 15 14 4
32529 12 11 5
32530 11 10 4
32531 14 13 7
32532 15 15 5
32533 11 10 6
32534 14 14 6
32535 16 16 6
32536 14 14 4
32537 12 11 7
32538 15 14 4
32539 12 11 7
32540 15 14 6
32541 8 8 4
32542 22 21 5
32543 11 11 5
32544 9 8 4
32545 12 11 5
32546 13 12 6
32547 16 16 6
32548 14 14 4
32549 14 13 7
32550 13 12 4
32551 10 9 5
32552 11 11 5
32553 9 9 5
32554 11 11 5
32555 13 12 6
32556 10 10 6
32557 12 12 4
32558 10 9 5
32559 11 10 4
32560 10 9 5
32561 7 6 5
32562 15 14 6
32563 20 20 4
32564 18 17 7
32565 7 6 5
32566 13 12 6
32567 8 8 4
32568 12 11 5
32569 23 23 7
32570 11 10 4
32571 10 9 5
32572 13 12 6
32573 16 15 5
32574 9 9 5
32575 11 11 5
32576 13 12 6
32577 16 15 5
32578 11 11 5
32579 11 10 4
32580 16 15 7
32581 15 14 6
32582 10 10 6
32583 14 14 6
32584 10 9 5
32585 13 12 4
32586 14 13 5
32587 15 15 5
32588 11 11 7
32589 11 10 4
32590 8 7 6
32591 10 10 6
32592 10 10 6
32593 16 16 6
32594 16 15 5
32595 17 17 5
32596 15 14 6
32597 10 9 5
32598 7 6 5
32599 11 10 4
32600 10 9 5
32601 17 17 5
32602 19 19 7
32603 13 12 4
32604 10 9 5
32605 9 8 4
32606 10 9 5
32607 15 15 5
32608 5 5 5
32609 14 13 7
32610 9 9 5
32611 13 12 6
32612 18 18 6
32613 12 12 4
32614 8 7 6
32615 10 10 6
32616 8 7 6
32617 14 14 8
32618 10 10 4
32619 12 11 5
32620 13 13 7
32621 15 14 4
32622 6 5 4
32623 14 13 7
32624 9 8 4
32625 10 9 5
32626 11 10 4
32627 20 19 7
32628 15 15 5
32629 19 19 5
32630 17 16 6
32631 8 8 4
32632 6 5 4
32633 12 11 7
32634 11 10 6
32635 14 14 4
32636 10 9 5
32637 23 23 9
32638 7 6 5
32639 11 10 4
32640 10 9 5
32641 9 9 5
32642 11 10 6
32643 14 13 5
32644 11 11 5
32645 17 16 8
32646 18 17 7
32647 15 14 6
32648 10 10 4
32649 14 13 7
32650 9 8 4
32651 14 13 5
32652 13 12 6
32653 12 11 5
32654 11 11 7
32655 13 13 5
32656 9 8 4
32657 8 7 6
32658 10 10 6
32659 6 6 6
32660 15 14 6
32661 10 9 5
32662 13 12 6
32663 10 9 5
32664 15 15 5
32665 17 17 5
32666 13 12 6
32667 12 11 5
32668 15 15 7
32669 13 12 4
32670 14 13 5
32671 11 11 5
32672 13 13 5
32673 9 8 4
32674 12 11 7
32675 11 11 5
32676 17 16 6
32677 12 11 5
32678 13 13 5
32679 19 18 8
32680 12 12 4
32681 10 9 5
32682 13 12 6
32683 12 11 5
32684 11 10 4
32685 16 15 7
32686 13 13 5
32687 9 9 5
32688 25 25 7
32689 9 8 4
32690 12 11 5
32691 11 10 6
32692 14 13 5
32693 5 5 5
32694 10 9 5
32695 13 13 5
32696 23 22 6
32697 16 16 4
32698 16 15 5
32699 13 13 5
32700 13 12 4
32701 14 13 5
32702 11 10 6
32703 8 8 4
32704 20 19 5
32705 19 19 5
32706 17 16 4
32707 20 19 5
32708 19 19 5
32709 7 6 5
32710 17 16 4
32711 16 15 5
32712 13 12 4
32713 12 11 5
32714 17 17 5
32715 5 5 5
32716 14 13 5
32717 9 8 4
32718 14 13 5
32719 13 13 5
32720 13 12 6
32721 14 14 4
32722 18 17 5
32723 21 20 6
32724 26 26 6
32725 22 21 5
32726 23 22 4
32727 22 21 5
32728 13 12 4
32729 26 25 5
32730 25 24 6
32731 14 14 4
32732 14 13 5
32733 15 14 4
32734 6 5 4
32735 14 13 5
32736 19 18 4
32737 22 21 7
32738 19 18 4
32739 30 29 5
32740 17 16 4
32741 16 15 5
32742 17 16 4
32743 20 19 5
32744 17 17 5
32745 19 18 4
32746 24 23 7
32747 15 14 6
32748 12 11 5
32749 17 16 4
32750 24 23 5
32751 15 15 5
32752 17 17 5
32753 17 17 5
32754 23 22 6
32755 14 14 4
32756 10 9 5
32757 19 18 6
32758 10 10 4
32759 16 15 5
32760 27 27 5
32761 15 15 7
32762 17 16 6
32763 14 14 4
32764 12 11 5
32765 13 13 5
32766 15 15 5
32767 29 29 9
32768 15 15 9
32769 13 13 5
32770 17 16 6
32771 18 18 4
32772 16 15 7
32773 15 14 4
32774 22 21 11
32775 15 14 6
32776 14 14 4
32777 14 13 5
32778 15 15 5
32779 19 18 10
32780 18 18 8
32781 10 9 5
32782 11 11 5
32783 13 12 4
32784 16 15 5
32785 11 11 5
32786 19 18 6
32787 14 14 4
32788 18 17 7
32789 15 15 5
32790 9 9 5
32791 19 19 5
32792 11 10 6
32793 16 16 8
32794 14 13 5
32795 13 12 4
32796 10 9 5
32797 11 11 5
32798 11 10 6
32799 10 10 4
32800 6 5 4
32801 6 5 4
32802 18 17 7
32803 11 10 6
32804 18 17 5
32805 9 8 4
32806 10 9 5
32807 9 9 5
32808 19 18 6
32809 16 16 6
32810 10 10 6
32811 12 12 4
32812 20 19 7
32813 7 6 5
32814 15 14 6
32815 6 5 4
32816 16 15 7
32817 13 12 4
32818 10 9 5
32819 5 5 5
32820 22 21 7
32821 7 6 5
32822 13 12 6
32823 10 10 4
32824 14 13 5
32825 9 9 5
32826 13 12 6
32827 10 10 6
32828 12 12 6
32829 10 10 6
32830 12 12 8
32831 12 12 4
32832 18 17 5
32833 7 6 5
32834 15 14 6
32835 6 5 4
32836 12 11 5
32837 9 9 5
32838 15 15 5
32839 9 9 5
32840 9 9 5
32841 15 14 4
32842 10 9 5
32843 7 6 5
32844 19 19 7
32845 13 12 4
32846 12 11 5
32847 13 12 6
32848 20 20 6
32849 10 10 4
32850 12 11 5
32851 9 8 4
32852 12 11 5
32853 17 16 6
32854 24 23 5
32855 15 14 4
32856 10 9 5
32857 13 12 4
32858 14 13 5
32859 9 8 4
32860 12 11 5
32861 13 12 4
32862 22 21 5
32863 11 11 5
32864 11 10 6
32865 10 10 6
32866 14 13 5
32867 15 14 4
32868 16 15 5
32869 19 19 7
32870 19 18 4
32871 10 9 5
32872 13 12 4
32873 10 9 5
32874 11 10 6
32875 14 14 4
32876 10 9 5
32877 15 15 7
32878 21 20 6
32879 12 11 5
32880 15 14 4
32881 12 11 5
32882 19 18 6
32883 6 6 6
32884 193 192 6
32885 10 9 5
32886 9 8 4
32887 18 17 5
32888 11 10 4
32889 14 13 5
32890 13 12 4
32891 10 9 5
32892 13 12 4
32893 18 17 5
32894 13 12 4
32895 20 19 5
32896 11 11 5
32897 15 14 4
32898 6 5 4
32899 18 17 5
32900 11 10 6
32901 14 14 4
32902 22 21 5
32903 17 17 5
32904 13 12 6
32905 20 20 6
32906 14 13 5
32907 9 8 4
32908 12 11 5
32909 13 12 4
32910 16 15 5
32911 13 13 7
32912 15 14 6
32913 16 15 5
32914 11 10 4
32915 14 13 5
32916 11 10 4
32917 14 13 5
32918 25 24 8
32919 14 14 6
32920 10 10 4
32921 14 13 5
32922 15 15 7
32923 15 15 5
32924 9 8 4
32925 16 15 7
32926 9 8 4
32927 16 15 7
32928 15 15 5
32929 11 11 5
32930 11 10 6
32931 14 14 4
32932 14 13 5
32933 13 13 5
32934 11 11 5
32935 11 10 6
32936 12 12 6
32937 20 19 5
32938 17 16 4
32939 20 19 5
32940 11 10 4
32941 18 17 7
32942 9 8 4
32943 12 11 5
32944 25 25 5
32945 23 22 4
32946 12 11 5
32947 17 16 4
32948 18 17 5
32949 11 10 6
32950 12 11 5
32951 13 13 5
32952 13 12 4
32953 16 15 5
32954 15 15 5
32955 19 19 7
32956 25 24 8
32957 18 17 5
32958 11 10 4
32959 18 17 5
32960 13 13 5
32961 11 11 5
32962 13 12 6
32963 6 5 4
32964 16 15 7
32965 15 14 4
32966 12 11 5
32967 15 14 6
32968 30 30 6
32969 18 17 5
32970 13 13 5
32971 15 14 6
32972 16 15 5
32973 11 10 4
32974 14 13 5
32975 7 7 7
32976 16 15 5
32977 11 11 5
32978 17 16 6
32979 14 13 5
32980 13 12 4
32981 12 11 5
32982 11 11 5
32983 7 6 5
32984 15 14 6
32985 16 16 6
32986 22 22 8
32987 10 10 4
32988 12 11 5
32989 5 5 5
32990 12 11 5
32991 13 12 8
32992 10 9 5
32993 15 14 6
32994 10 10 6
32995 10 10 4
32996 16 15 5
32997 11 10 6
32998 14 14 6
32999 6 6 6
33000 13 12 6
33001 14 14 6
33002 8 8 8
33003 13 12 4
33004 20 19 5
33005 11 11 5
33006 15 14 6
33007 10 10 4
33008 12 11 5
33009 13 12 6
33010 10 10 4
33011 20 19 5
33012 13 13 5
33013 15 15 5
33014 15 14 6
33015 6 5 4
33016 6 5 4
33017 12 11 5
33018 7 7 7
33019 14 13 5
33020 11 10 4
33021 14 13 5
33022 11 11 5
33023 19 18 8
33024 12 11 5
33025 15 14 6
33026 6 6 6
33027 17 16 6
33028 14 14 6
33029 14 13 5
33030 17 16 6
33031 16 16 6
33032 10 9 5
33033 11 10 6
33034 6 6 6
33035 13 12 6
33036 12 11 5
33037 13 12 6
33038 14 14 6
33039 10 10 6
33040 14 13 7
33041 15 14 4
33042 12 11 5
33043 9 8 4
33044 12 11 5
33045 23 23 5
33046 25 25 5
33047 21 21 5
33048 17 16 4
33049 14 13 5
33050 11 10 4
33051 8 7 6
33052 14 14 6
33053 12 12 4
33054 14 13 5
33055 27 26 6
33056 8 7 6
33057 6 6 6
33058 11 10 4
33059 14 13 7
33060 11 11 5
33061 19 19 5
33062 19 19 7
33063 25 24 4
33064 14 13 5
33065 15 14 4
33066 6 5 4
33067 14 13 5
33068 13 12 4
33069 16 15 5
33070 15 14 6
33071 14 14 4
33072 22 21 5
33073 13 12 4
33074 20 19 5
33075 21 20 4
33076 32 31 5
33077 37 36 4
33078 26 25 5
33079 13 13 5
33080 15 14 4
33081 30 29 5
33082 23 22 4
33083 22 21 7
33084 31 30 4
33085 14 13 5
33086 23 22 4
33087 18 17 5
33088 27 26 6
33089 30 29 5
33090 17 17 5
33091 23 22 8
33092 26 26 6
33093 18 17 5
33094 19 19 7
33095 21 20 8
33096 28 27 9
33097 29 28 8
33098 12 12 4
33099 10 9 5
33100 15 14 4
33101 34 33 5
33102 17 16 6
33103 16 15 5
33104 23 22 8
33105 12 12 4
33106 18 17 7
33107 25 24 10
33108 24 23 9
33109 21 20 6
33110 16 16 6
33111 20 19 5
33112 21 20 8
33113 12 12 6
33114 24 23 9
33115 25 24 10
33116 18 18 8
33117 14 13 5
33118 9 8 4
33119 16 15 5
33120 15 14 6
33121 22 22 4
33122 12 11 5
33123 25 24 4
33124 18 17 5
33125 15 15 7
33126 21 21 5
33127 15 14 4
33128 20 19 7
33129 25 24 6
33130 16 16 6
33131 18 17 5
33132 15 15 5
33133 19 18 6
33134 10 10 4
33135 30 29 5
33136 9 9 5
33137 27 26 12
33138 10 10 4
33139 22 21 7
33140 29 28 12
33141 14 14 6
33142 20 20 6
33143 28 28 4
33144 24 23 5
33145 25 25 7
33146 15 14 4
33147 18 17 9
33148 31 30 8
33149 38 37 9
33150 21 20 6
33151 28 27 7
33152 19 18 6
33153 14 14 6
33154 22 22 8
33155 24 23 5
33156 13 13 5
33157 27 27 9
33158 13 12 6
33159 18 18 6
33160 12 11 5
33161 25 24 8
33162 16 15 7
33163 11 10 4
33164 26 25 5
33165 9 8 4
33166 10 9 5
33167 11 11 5
33168 15 14 4
33169 20 19 5
33170 21 21 7
33171 21 20 6
33172 20 20 6
33173 12 12 6
33174 16 15 5
33175 23 22 6
33176 18 17 5
33177 25 24 6
33178 18 18 6
33179 12 11 5
33180 13 13 5
33181 17 16 6
33182 12 12 4
33183 24 23 5
33184 19 19 5
33185 23 23 5
33186 11 10 4
33187 18 17 5
33188 11 11 5
33189 11 10 4
33190 20 19 5
33191 25 25 5
33192 13 12 4
33193 20 19 5
33194 15 14 4
33195 20 19 5
33196 19 18 6
33197 8 8 4
33198 18 17 5
33199 17 17 7
33200 15 14 6
33201 20 20 4
33202 20 19 5
33203 13 12 4
33204 34 33 11
33205 17 16 6
33206 16 16 4
33207 14 13 5
33208 15 14 8
33209 14 14 6
33210 16 16 4
33211 16 15 5
33212 9 9 5
33213 15 14 4
33214 24 23 7
33215 21 21 5
33216 13 12 4
33217 12 11 5
33218 19 19 5
33219 17 16 4
33220 16 15 5
33221 15 14 4
33222 10 9 5
33223 17 16 4
33224 14 13 5
33225 13 12 6
33226 10 9 5
33227 15 14 4
33228 14 13 5
33229 11 11 5
33230 17 17 5
33231 21 21 5
33232 5 5 5
33233 18 17 7
33234 11 10 4
33235 12 11 5
33236 5 5 5
33237 16 15 5
33238 15 15 5
33239 11 11 5
33240 19 18 6
33241 16 15 7
33242 11 10 4
33243 16 15 7
33244 13 12 4
33245 14 13 5
33246 11 11 5
33247 13 12 6
33248 16 16 8
33249 12 12 6
33250 12 12 4
33251 12 11 5
33252 13 12 6
33253 26 25 7
33254 15 14 4
33255 10 9 5
33256 17 17 5
33257 17 16 4
33258 16 15 5
33259 13 12 6
33260 16 16 6
33261 8 8 8
33262 17 16 4
33263 10 9 5
33264 9 9 5
33265 15 15 7
33266 13 12 4
33267 12 11 5
33268 13 13 5
33269 9 9 5
33270 15 15 5
33271 5 5 5
33272 16 15 5
33273 19 18 6
33274 18 18 4
33275 12 11 5
33276 19 19 7
33277 15 14 4
33278 14 13 5
33279 11 10 4
33280 14 13 5
33281 13 12 6
33282 10 10 4
33283 14 13 5
33284 13 12 4
33285 14 13 5
33286 11 11 5
33287 17 17 7
33288 19 18 4
33289 12 11 5
33290 15 14 6
33291 10 10 6
33292 10 10 4
33293 18 17 9
33294 25 24 6
33295 16 16 6
33296 14 14 6
33297 16 15 5
33298 23 22 4
33299 14 13 5
33300 17 16 6
33301 8 8 4
33302 14 13 5
33303 29 28 6
33304 30 30 4
33305 14 13 5
33306 11 10 4
33307 16 15 5
33308 13 13 5
33309 29 28 6
33310 22 21 5
33311 17 16 6
33312 16 16 4
33313 10 9 5
33314 7 6 5
33315 19 18 4
33316 14 13 5
33317 19 18 6
33318 16 16 4
33319 20 19 5
33320 11 10 4
33321 14 13 5
33322 17 16 6
33323 20 20 4
33324 18 17 5
33325 17 16 6
33326 12 11 5
33327 19 19 5
33328 13 12 6
33329 14 14 4
33330 18 17 5
33331 23 22 4
33332 12 11 5
33333 11 10 4
33334 22 21 5
33335 9 8 4
33336 14 13 5
33337 19 18 6
33338 8 8 4
33339 20 19 7
33340 17 17 5
33341 13 12 4
33342 6 5 4
33343 10 9 5
33344 11 10 4
33345 16 15 5
33346 19 18 8
33347 12 12 4
33348 18 17 5
33349 15 15 5
33350 17 16 6
33351 8 8 4
33352 14 13 7
33353 11 10 4
33354 10 9 5
33355 17 16 4
33356 14 13 5
33357 21 21 5
33358 17 16 6
33359 8 8 4
33360 14 13 5
33361 11 11 5
33362 17 16 6
33363 14 14 4
33364 14 13 5
33365 15 14 6
33366 18 18 4
33367 12 11 5
33368 27 26 4
33369 14 13 5
33370 21 20 6
33371 10 10 4
33372 12 11 5
33373 13 13 5
33374 11 10 4
33375 16 15 5
33376 21 20 4
33377 18 17 5
33378 11 10 4
33379 14 13 5
33380 13 12 6
33381 14 14 4
33382 20 19 5
33383 29 28 4
33384 18 17 5
33385 15 14 4
33386 10 9 5
33387 15 14 4
33388 14 13 5
33389 17 16 4
33390 22 21 5
33391 23 23 7
33392 13 13 5
33393 11 10 6
33394 14 14 4
33395 26 25 7
33396 27 26 8
33397 22 22 6
33398 12 11 5
33399 9 9 5
33400 13 12 4
33401 10 9 5
33402 23 22 4
33403 10 9 5
33404 9 9 5
33405 17 17 5
33406 17 16 6
33407 12 12 4
33408 10 9 5
33409 19 18 6
33410 12 12 4
33411 14 13 5
33412 13 12 4
33413 14 13 7
33414 17 16 4
33415 10 9 5
33416 13 12 6
33417 14 14 6
33418 10 10 4
33419 12 11 5
33420 15 15 5
33421 11 11 5
33422 11 10 4
33423 12 11 7
33424 11 10 4
33425 18 17 5
33426 9 9 5
33427 17 17 5
33428 13 12 4
33429 16 15 7
33430 11 11 5
33431 15 14 6
33432 14 14 6
33433 18 17 5
33434 13 12 6
33435 14 13 5
33436 13 12 4
33437 12 11 5
33438 11 10 6
33439 8 8 4
33440 6 5 4
33441 16 15 5
33442 13 13 5
33443 11 10 6
33444 12 12 4
33445 12 11 5
33446 5 5 5
33447 14 13 7
33448 11 10 4
33449 22 21 5
33450 15 15 5
33451 11 11 5
33452 13 13 5
33453 13 12 4
33454 16 15 5
33455 11 10 6
33456 6 6 6
33457 15 15 5
33458 13 13 5
33459 9 9 5
33460 11 10 6
33461 10 10 6
33462 6 6 6
33463 13 13 5
33464 11 10 4
33465 16 15 7
33466 13 12 6
33467 12 12 6
33468 16 15 5
33469 9 9 5
33470 9 8 4
33471 24 23 5
33472 15 14 8
33473 10 10 4
33474 14 13 5
33475 11 10 6
33476 20 20 8
33477 12 12 6
33478 16 16 4
33479 6 5 4
33480 18 17 5
33481 13 13 5
33482 15 14 4
33483 12 11 7
33484 17 17 5
33485 15 15 5
33486 11 10 4
33487 12 11 5
33488 15 14 6
33489 12 11 5
33490 15 15 5
33491 17 16 6
33492 14 14 6
33493 14 14 4
33494 12 11 5
33495 13 12 6
33496 16 16 6
33497 16 16 4
33498 16 15 7
33499 15 14 6
33500 22 21 5
33501 17 16 6
33502 10 10 4
33503 14 13 5
33504 11 11 5
33505 17 17 7
33506 15 15 5
33507 13 12 4
33508 14 13 5
33509 15 14 6
33510 6 6 6
33511 25 24 6
33512 18 17 5
33513 21 20 6
33514 10 10 6
33515 18 18 6
33516 16 16 4
33517 12 11 5
33518 21 20 6
33519 12 11 5
33520 13 12 6
33521 16 16 4
33522 18 17 5
33523 15 15 5
33524 9 8 4
33525 22 21 7
33526 13 12 4
33527 12 11 5
33528 11 11 5
33529 21 21 5
33530 13 12 6
33531 18 18 6
33532 10 10 4
33533 18 17 5
33534 15 14 4
33535 14 13 5
33536 15 14 6
33537 12 12 4
33538 12 11 5
33539 17 16 6
33540 8 8 4
33541 12 11 5
33542 7 6 5
33543 11 10 4
33544 18 17 7
33545 11 10 6
33546 12 12 4
33547 12 11 7
33548 7 6 5
33549 21 20 4
33550 22 21 5
33551 17 16 4
33552 12 11 5
33553 11 10 6
33554 8 8 4
33555 18 17 5
33556 19 18 6
33557 10 9 5
33558 19 18 6
33559 10 10 6
33560 12 12 6
33561 12 12 6
33562 18 18 6
33563 6 6 6
33564 19 18 6
33565 10 10 6
33566 20 20 4
33567 6 5 4
33568 14 13 5
33569 13 12 6
33570 10 9 5
33571 13 12 4
33572 12 11 7
33573 7 6 5
33574 13 12 4
33575 18 17 7
33576 11 10 4
33577 10 9 5
33578 13 13 5
33579 9 8 4
33580 20 19 7
33581 21 20 6
33582 16 16 6
33583 14 14 6
33584 10 10 4
33585 14 13 7
33586 15 14 6
33587 8 8 4
33588 12 11 5
33589 19 19 7
33590 13 12 4
33591 14 13 5
33592 13 13 7
33593 7 6 5
33594 11 10 6
33595 6 6 6
33596 13 12 6
33597 12 12 8
33598 16 16 4
33599 6 5 4
33600 18 17 7
33601 7 6 5
33602 11 10 6
33603 6 6 6
33604 11 11 7
33605 13 12 4
33606 24 23 5
33607 23 23 5
33608 11 10 6
33609 6 6 6
33610 7 6 5
33611 9 8 4
33612 14 13 9
33613 15 14 6
33614 6 6 6
33615 13 12 6
33616 20 20 8
33617 6 6 6
33618 13 12 6
33619 10 10 6
33620 6 6 6
33621 11 10 6
33622 12 12 6
33623 24 23 5
33624 13 13 5
33625 13 13 7
33626 21 20 4
33627 10 9 5
33628 7 6 5
33629 11 10 6
33630 8 7 6
33631 18 17 5
33632 19 19 5
33633 17 16 6
33634 16 16 6
33635 12 12 4
33636 12 11 5
33637 23 22 6
33638 6 5 4
33639 30 29 5
33640 9 9 5
33641 15 14 4
33642 14 13 7
33643 11 10 4
33644 20 19 5
33645 9 8 4
33646 6 5 4
33647 18 17 5
33648 9 9 5
33649 17 17 7
33650 7 6 5
33651 11 11 5
33652 9 8 4
33653 10 9 5
33654 9 9 5
33655 13 12 6
33656 18 18 6
33657 14 14 6
33658 18 18 6
33659 16 16 4
33660 6 5 4
33661 12 11 5
33662 11 11 5
33663 11 11 5
33664 19 18 6
33665 26 26 6
33666 10 10 4
33667 16 15 5
33668 13 12 4
33669 18 17 5
33670 25 24 6
33671 22 22 4
33672 18 17 5
33673 33 32 4
33674 12 11 5
33675 33 32 6
33676 12 12 4
33677 16 15 5
33678 19 18 4
33679 28 27 5
33680 29 28 4
33681 44 43 5
33682 29 28 4
33683 18 17 5
33684 21 20 4
33685 30 29 5
33686 15 14 4
33687 24 23 5
33688 19 19 5
33689 27 26 4
33690 32 31 5
33691 33 32 6
33692 28 27 5
33693 25 24 4
33694 28 27 5
33695 19 18 4
33696 36 35 5
33697 25 25 5
33698 35 35 5
33699 19 18 6
33700 30 30 6
33701 28 28 4
33702 22 21 5
33703 17 16 4
33704 30 29 5
33705 17 16 4
33706 26 25 5
33707 21 20 4
33708 30 29 5
33709 21 20 4
33710 30 29 5
33711 21 21 7
33712 25 24 4
33713 26 25 7
33714 13 12 4
33715 24 23 5
33716 19 18 6
33717 26 25 7
33718 11 10 4
33719 18 17 5
33720 11 10 4
33721 20 19 5
33722 17 17 5
33723 25 24 4
33724 16 15 5
33725 33 33 7
33726 13 13 5
33727 15 14 4
33728 12 11 5
33729 37 36 8
33730 12 11 5
33731 27 26 8
33732 20 20 8
33733 24 23 7
33734 17 17 5
33735 17 17 5
33736 15 15 5
33737 25 25 5
33738 23 22 8
33739 20 20 4
33740 14 13 5
33741 17 16 4
33742 18 17 5
33743 17 17 5
33744 25 25 7
33745 21 20 6
33746 10 10 4
33747 18 17 7
33748 19 19 5
33749 17 16 4
33750 12 11 5
33751 29 28 8
33752 12 12 4
33753 14 13 5
33754 27 26 4
33755 14 13 5
33756 21 21 5
33757 21 21 7
33758 19 18 4
33759 16 15 5
33760 19 19 5
33761 17 17 7
33762 19 18 4
33763 18 17 7
33764 19 18 6
33765 10 10 4
33766 20 19 5
33767 19 18 6
33768 16 15 7
33769 13 12 4
33770 20 19 7
33771 25 24 6
33772 20 19 5
33773 13 12 4
33774 24 23 5
33775 17 16 4
33776 14 13 7
33777 13 12 4
33778 24 23 7
33779 25 24 10
33780 26 25 9
33781 17 16 6
33782 14 13 5
33783 21 20 8
33784 12 11 5
33785 17 17 5
33786 19 18 6
33787 12 11 5
33788 11 11 7
33789 13 12 6
33790 24 24 4
33791 20 19 5
33792 25 24 4
33793 14 13 5
33794 27 26 6
33795 12 12 4
33796 24 23 7
33797 11 11 5
33798 25 24 4
33799 20 19 5
33800 19 18 4
33801 22 21 5
33802 19 18 6
33803 12 12 4
33804 30 29 7
33805 15 14 4
33806 20 19 5
33807 19 18 6
33808 16 16 4
33809 16 15 5
33810 25 24 6
33811 20 20 4
33812 16 15 5
33813 13 12 4
33814 26 25 7
33815 21 20 6
33816 20 20 6
33817 20 20 6
33818 14 13 5
33819 15 14 4
33820 18 17 5
33821 21 21 9
33822 17 16 4
33823 20 19 5
33824 21 20 6
33825 12 12 4
33826 20 19 5
33827 23 22 6
33828 14 14 4
33829 16 15 5
33830 13 12 4
33831 16 15 5
33832 11 11 5
33833 13 12 4
33834 14 13 5
33835 15 14 6
33836 20 20 6
33837 16 16 6
33838 12 12 6
33839 8 8 4
33840 22 21 7
33841 15 14 6
33842 18 17 7
33843 13 13 5
33844 15 14 6
33845 14 14 6
33846 12 12 6
33847 16 15 5
33848 17 17 5
33849 13 13 5
33850 11 10 6
33851 16 16 6
33852 10 10 4
33853 14 13 5
33854 9 9 5
33855 11 11 5
33856 13 12 4
33857 16 15 7
33858 11 10 4
33859 22 21 5
33860 11 11 5
33861 13 12 6
33862 10 10 4
33863 12 11 5
33864 11 11 5
33865 19 19 5
33866 13 13 5
33867 7 6 5
33868 21 20 6
33869 10 9 5
33870 15 14 6
33871 14 14 6
33872 14 14 6
33873 6 6 6
33874 15 14 6
33875 12 11 5
33876 11 11 7
33877 19 18 6
33878 8 8 4
33879 6 5 4
33880 16 15 5
33881 13 13 7
33882 11 10 4
33883 22 21 7
33884 9 8 4
33885 12 11 5
33886 11 11 5
33887 9 8 4
33888 12 11 7
33889 15 14 6
33890 14 14 6
33891 18 17 5
33892 13 12 6
33893 6 6 6
33894 13 12 4
33895 14 13 7
33896 15 14 6
33897 26 25 7
33898 19 18 6
33899 16 16 6
33900 16 16 6
33901 16 15 5
33902 11 10 4
33903 10 9 5
33904 19 19 5
33905 15 15 5
33906 15 15 5
33907 9 8 4
33908 14 13 5
33909 13 13 5
33910 17 17 5
33911 11 11 5
33912 21 20 6
33913 14 14 6
33914 14 14 4
33915 18 17 5
33916 21 20 4
33917 14 13 7
33918 17 16 6
33919 14 14 6
33920 18 18 6
33921 18 17 7
33922 19 18 4
33923 12 11 5
33924 15 14 6
33925 18 17 5
33926 17 17 5
33927 9 9 5
33928 11 11 5
33929 21 20 8
33930 12 12 4
33931 14 13 5
33932 19 19 5
33933 19 18 4
33934 24 23 5
33935 19 19 5
33936 21 21 5
33937 17 17 5
33938 13 12 4
33939 18 17 5
33940 23 22 4
33941 30 29 5
33942 13 12 6
33943 14 14 4
33944 16 15 5
33945 13 12 6
33946 12 12 4
33947 16 15 5
33948 21 20 6
33949 14 14 4
33950 16 15 5
33951 13 13 5
33952 9 9 5
33953 13 12 4
33954 14 13 7
33955 19 18 6
33956 12 12 4
33957 20 19 5
33958 7 6 5
33959 15 14 6
33960 6 6 6
33961 17 16 6
33962 14 14 6
33963 24 23 5
33964 19 18 4
33965 14 13 7
33966 19 18 6
33967 16 16 6
33968 10 10 4
33969 18 17 5
33970 11 10 6
33971 12 12 6
33972 12 12 6
33973 12 12 4
33974 10 9 5
33975 13 12 4
33976 18 17 7
33977 17 16 6
33978 8 8 4
33979 12 11 5
33980 11 10 6
33981 8 8 4
33982 14 13 7
33983 17 16 6
33984 14 14 6
33985 10 10 6
33986 18 18 8
33987 12 12 4
33988 6 5 4
33989 10 9 5
33990 15 14 6
33991 16 15 5
33992 11 10 4
33993 6 5 4
33994 14 13 7
33995 17 16 8
33996 10 10 4
33997 12 11 5
33998 11 10 4
33999 16 15 5
34000 13 13 5
34001 19 18 10
34002 6 6 6
34003 5 5 5
34004 14 13 5
34005 11 10 4
34006 10 9 5
34007 15 15 5
34008 17 17 5
34009 13 13 7
34010 11 10 4
34011 6 5 4
34012 14 13 7
34013 15 14 6
34014 10 10 4
34015 14 13 7
34016 9 8 7
34017 13 12 6
34018 12 11 5
34019 7 6 5
34020 17 17 5
34021 7 7 7
34022 8 8 4
34023 18 17 7
34024 19 19 7
34025 9 9 5
34026 21 21 5
34027 9 8 4
34028 16 15 5
34029 13 12 6
34030 20 19 7
34031 17 16 6
34032 12 12 6
34033 8 8 4
34034 16 15 5
34035 9 9 5
34036 15 14 4
34037 16 15 5
34038 13 12 4
34039 20 19 7
34040 15 14 6
34041 10 9 5
34042 11 11 5
34043 15 15 7
34044 13 12 6
34045 14 14 6
34046 12 12 4
34047 16 15 7
34048 11 10 6
34049 8 8 4
34050 16 15 7
34051 5 5 5
34052 10 9 5
34053 21 20 4
34054 12 11 5
34055 7 7 7
34056 16 16 6
34057 10 10 4
34058 12 11 5
34059 15 15 5
34060 11 10 6
34061 14 14 6
34062 16 16 6
34063 10 10 6
34064 8 8 4
34065 12 11 5
34066 15 15 7
34067 15 15 5
34068 13 12 6
34069 14 14 4
34070 10 9 5
34071 9 8 4
34072 8 7 6
34073 14 14 4
34074 8 7 6
34075 12 12 6
34076 10 10 6
34077 12 12 6
34078 10 10 6
34079 12 12 4
34080 8 7 6
34081 14 14 8
34082 12 12 4
34083 10 9 5
34084 7 6 5
34085 21 20 8
34086 10 10 6
34087 14 13 5
34088 5 5 5
34089 12 11 5
34090 7 6 5
34091 15 14 6
34092 10 10 6
34093 12 12 6
34094 6 6 6
34095 15 14 6
34096 6 5 4
34097 20 19 5
34098 15 15 5
34099 19 18 6
34100 12 12 4
34101 12 11 5
34102 9 9 5
34103 9 8 4
34104 14 13 5
34105 13 13 5
34106 13 12 6
34107 14 13 7
34108 15 14 6
34109 14 14 6
34110 18 18 6
34111 12 12 4
34112 12 11 5
34113 13 12 6
34114 8 8 4
34115 10 9 5
34116 11 10 4
34117 14 13 5
34118 9 9 5
34119 9 8 4
34120 10 9 5
34121 7 6 5
34122 13 13 7
34123 11 11 7
34124 7 6 5
34125 11 10 4
34126 30 29 5
34127 11 11 5
34128 7 6 5
34129 7 6 5
34130 17 16 8
34131 6 6 6
34132 15 14 6
34133 8 8 4
34134 20 19 5
34135 9 8 4
34136 18 17 5
34137 7 6 5
34138 9 8 4
34139 16 15 5
34140 11 11 5
34141 9 9 5
34142 9 9 5
34143 13 13 7
34144 13 13 5
34145 11 10 4
34146 22 21 7
34147 15 14 4
34148 16 15 5
34149 15 14 4
34150 10 9 5
34151 9 9 5
34152 17 16 6
34153 8 8 4
34154 16 15 7
34155 17 17 5
34156 15 14 4
34157 14 13 5
34158 23 22 6
34159 16 15 5
34160 11 11 5
34161 9 9 5
34162 19 19 7
34163 9 8 4
34164 22 21 5
34165 15 14 6
34166 16 16 4
34167 10 9 5
34168 25 25 5
34169 23 23 5
34170 9 9 5
34171 19 19 5
34172 13 12 6
34173 18 18 4
34174 10 9 5
34175 11 10 4
34176 14 13 5
34177 19 18 6
34178 14 13 5
34179 11 10 6
34180 14 14 6
34181 12 12 4
34182 10 9 5
34183 13 12 4
34184 12 11 5
34185 17 16 4
34186 20 19 5
34187 15 14 4
34188 12 11 5
34189 15 15 7
34190 9 8 4
34191 18 17 5
34192 21 21 7
34193 25 24 4
34194 16 15 5
34195 11 10 4
34196 14 13 5
34197 9 9 5
34198 9 8 4
34199 14 13 5
34200 13 12 4
34201 16 15 5
34202 13 13 5
34203 9 8 4
34204 12 11 5
34205 17 16 4
34206 18 17 5
34207 13 12 4
34208 20 19 5
34209 7 7 7
34210 8 8 4
34211 10 9 5
34212 13 12 4
34213 20 19 5
34214 17 16 6
34215 20 19 5
34216 11 10 4
34217 12 11 5
34218 9 9 5
34219 13 12 4
34220 18 17 7
34221 19 18 6
34222 10 10 4
34223 10 9 5
34224 13 12 6
34225 22 21 7
34226 15 14 4
34227 22 21 7
34228 25 24 8
34229 8 8 4
34230 12 11 5
34231 21 21 7
34232 13 12 6
34233 20 19 5
34234 9 9 5
34235 23 22 8
34236 18 17 5
34237 9 9 5
34238 11 11 5
34239 17 17 5
34240 19 19 7
34241 11 11 5
34242 7 6 5
34243 15 15 7
34244 15 15 7
34245 17 16 6
34246 14 14 4
34247 18 17 5
34248 13 12 4
34249 16 15 7
34250 23 22 10
34251 10 10 6
34252 10 10 4
34253 24 23 5
34254 17 17 5
34255 21 21 5
34256 17 17 5
34257 13 13 5
34258 15 15 5
34259 13 13 5
34260 21 21 5
34261 9 9 5
34262 27 26 4
34263 26 25 5
34264 25 24 4
34265 10 9 5
34266 17 16 6
34267 10 10 4
34268 22 21 5
34269 11 11 5
34270 23 22 4
34271 16 15 7
34272 25 24 6
34273 14 13 5
34274 13 13 5
34275 13 13 5
34276 13 12 4
34277 16 15 5
34278 25 25 7
34279 27 27 5
34280 13 13 5
34281 9 8 4
34282 16 15 5
34283 9 8 4
34284 22 21 7
34285 15 14 6
34286 14 14 6
34287 12 12 4
34288 16 15 5
34289 13 12 4
34290 26 25 7
34291 11 10 4
34292 16 15 5
34293 11 11 5
34294 15 15 5
34295 27 27 7
34296 19 19 5
34297 11 11 5
34298 23 22 4
34299 6 5 4
34300 16 15 5
34301 9 9 5
34302 13 12 6
34303 28 28 6
34304 10 9 5
34305 23 22 6
34306 8 8 4
34307 12 11 5
34308 15 14 4
34309 16 15 9
34310 15 14 4
34311 12 11 5
34312 17 17 5
34313 17 17 7
34314 9 8 4
34315 16 15 5
34316 15 15 5
34317 21 21 7
34318 17 16 6
34319 20 20 6
34320 14 13 5
34321 13 12 6
34322 14 14 4
34323 20 19 5
34324 15 14 8
34325 14 14 4
34326 12 11 5
34327 13 12 6
34328 12 11 5
34329 11 11 5
34330 15 14 6
34331 16 15 5
34332 15 14 6
34333 14 13 5
34334 11 10 4
34335 20 19 7
34336 17 16 6
34337 20 20 4
34338 18 17 5
34339 9 8 4
34340 10 9 5
34341 9 8 4
34342 14 13 5
34343 13 12 6
34344 10 9 5
34345 21 20 6
34346 18 18 4
34347 16 15 5
34348 7 6 5
34349 13 12 4
34350 12 11 7
34351 27 27 5
34352 13 12 4
34353 20 19 5
34354 15 14 4
34355 18 17 7
34356 19 18 6
34357 12 11 5
34358 21 20 4
34359 20 19 7
34360 19 18 4
34361 12 11 5
34362 13 12 6
34363 22 22 4
34364 20 19 5
34365 25 24 4
34366 20 19 5
34367 13 12 4
34368 18 17 5
34369 15 14 4
34370 24 23 5
34371 35 34 4
34372 26 25 5
34373 19 18 4
34374 10 9 5
34375 25 24 4
34376 20 19 5
34377 31 30 4
34378 20 19 5
34379 19 18 4
34380 28 27 5
34381 21 21 5
34382 29 28 4
34383 16 15 5
34384 37 36 4
34385 20 19 5
34386 33 32 4
34387 18 17 5
34388 13 12 4
34389 22 21 5
34390 27 26 4
34391 32 31 5
34392 29 28 4
34393 16 15 5
34394 29 28 4
34395 36 35 5
34396 21 20 4
34397 20 19 5
34398 17 16 4
34399 18 17 5
34400 31 30 4
34401 20 19 5
34402 19 19 5
34403 29 29 5
34404 19 18 4
34405 20 19 5
34406 23 22 4
34407 16 15 5
34408 21 20 4
34409 18 17 5
34410 11 10 4
34411 18 17 5
34412 15 14 4
34413 16 15 5
34414 11 10 6
34415 22 21 5
34416 19 18 6
34417 28 28 4
34418 12 11 5
34419 21 20 6
34420 14 14 6
34421 22 21 5
34422 21 20 6
34423 14 14 4
34424 18 17 5
34425 13 12 4
34426 16 15 5
34427 9 8 4
34428 18 17 5
34429 13 12 4
34430 12 11 5
34431 23 23 7
34432 17 16 4
34433 12 11 5
34434 11 10 4
34435 14 13 5
34436 17 17 5
34437 13 13 5
34438 23 22 4
34439 16 15 5
34440 17 16 6
34441 10 9 5
34442 15 14 6
34443 10 10 4
34444 10 9 5
34445 13 13 5
34446 13 12 6
34447 14 14 6
34448 10 10 4
34449 16 15 5
34450 19 18 6
34451 14 14 6
34452 10 9 5
34453 17 16 4
34454 6 5 4
34455 16 15 5
34456 23 23 5
34457 9 9 5
34458 7 6 5
34459 15 14 8
34460 12 12 6
34461 8 8 4
34462 28 27 5
34463 13 12 4
34464 20 19 7
34465 11 10 4
34466 20 19 7
34467 13 12 4
34468 20 19 5
34469 19 19 5
34470 19 19 5
34471 15 14 4
34472 22 21 5
34473 9 8 4
34474 12 11 5
34475 15 14 4
34476 6 5 4
34477 10 9 5
34478 17 16 6
34479 18 17 5
34480 9 9 5
34481 19 18 6
34482 6 6 6
34483 17 16 8
34484 8 8 4
34485 20 19 7
34486 19 18 4
34487 12 11 5
34488 17 17 5
34489 15 14 6
34490 12 11 7
34491 15 14 6
34492 20 20 6
34493 22 22 6
34494 10 10 6
34495 16 16 4
34496 12 11 5
34497 11 11 5
34498 17 16 6
34499 6 6 6
34500 15 15 5
34501 19 18 6
34502 10 9 5
34503 15 14 6
34504 12 11 5
34505 17 16 6
34506 10 9 5
34507 19 18 6
34508 20 19 7
34509 21 21 5
34510 19 18 4
34511 18 17 5
34512 15 15 5
34513 7 6 5
34514 19 19 5
34515 27 26 6
34516 16 16 6
34517 26 25 7
34518 17 16 6
34519 14 14 4
34520 10 9 5
34521 9 8 7
34522 19 18 4
34523 14 13 5
34524 27 26 8
34525 14 14 6
34526 10 9 5
34527 19 19 5
34528 7 6 5
34529 15 14 6
34530 16 16 6
34531 14 14 4
34532 20 19 5
34533 13 13 5
34534 11 11 5
34535 15 14 6
34536 18 18 6
34537 24 24 4
34538 18 17 7
34539 23 22 6
34540 12 12 4
34541 10 9 5
34542 17 16 6
34543 18 18 6
34544 16 16 6
34545 18 17 5
34546 13 12 4
34547 20 19 5
34548 15 14 4
34549 14 13 5
34550 13 13 5
34551 11 11 5
34552 23 23 5
34553 19 18 4
34554 14 13 5
34555 13 13 5
34556 11 10 4
34557 18 17 7
34558 13 12 6
34559 16 16 4
34560 18 17 5
34561 7 6 5
34562 21 20 6
34563 26 26 4
34564 18 17 5
34565 13 12 6
34566 12 12 6
34567 14 14 4
34568 28 27 5
34569 17 16 4
34570 24 23 5
34571 9 8 4
34572 22 21 5
34573 11 11 5
34574 17 16 4
34575 20 19 5
34576 19 19 5
34577 17 17 5
34578 23 22 4
34579 16 15 5
34580 15 14 4
34581 18 17 5
34582 23 22 4
34583 30 29 5
34584 21 20 4
34585 22 21 5
34586 13 12 4
34587 16 15 5
34588 15 14 4
34589 24 23 5
34590 25 24 4
34591 24 23 5
34592 13 12 4
34593 18 17 5
34594 19 18 6
34595 18 18 4
34596 16 15 5
34597 21 20 4
34598 14 13 5
34599 35 34 6
34600 14 14 4
34601 22 21 5
34602 17 17 5
34603 23 22 4
34604 26 25 5
34605 29 28 4
34606 16 15 5
34607 15 14 4
34608 10 9 5
34609 17 16 4
34610 14 13 5
34611 21 20 6
34612 10 10 4
34613 24 23 5
34614 19 19 5
34615 19 18 4
34616 16 15 5
34617 13 12 4
34618 10 9 5
34619 19 18 4
34620 18 17 5
34621 19 18 4
34622 16 15 5
34623 9 9 5
34624 17 16 4
34625 20 19 7
34626 15 14 4
34627 10 9 5
34628 25 24 4
34629 24 23 7
34630 15 14 6
34631 12 12 6
34632 16 15 5
34633 13 12 4
34634 22 21 7
34635 23 22 4
34636 12 11 5
34637 11 10 4
34638 18 17 5
34639 15 15 5
34640 17 16 6
34641 18 18 6
34642 16 15 5
34643 11 11 5
34644 23 22 6
34645 12 12 4
34646 14 13 5
34647 15 15 5
34648 17 16 6
34649 14 14 6
34650 20 19 7
34651 15 14 4
34652 16 15 5
34653 13 12 4
34654 14 13 5
34655 11 10 4
34656 18 17 7
34657 21 20 6
34658 12 11 5
34659 9 9 5
34660 15 14 6
34661 12 12 6
34662 20 19 7
34663 15 14 6
34664 18 18 4
34665 12 11 5
34666 11 11 5
34667 19 18 6
34668 18 17 5
34669 11 11 5
34670 15 15 7
34671 11 10 4
34672 18 17 5
34673 13 12 4
34674 14 13 5
34675 15 14 6
34676 12 11 5
34677 15 15 5
34678 21 21 5
34679 23 23 7
34680 9 9 5
34681 11 10 6
34682 6 6 6
34683 25 24 6
34684 12 12 4
34685 22 21 9
34686 7 6 5
34687 15 14 4
34688 14 13 7
34689 23 22 4
34690 16 15 5
34691 21 21 5
34692 21 21 5
34693 15 15 5
34694 11 11 5
34695 21 20 4
34696 22 21 7
34697 23 23 7
34698 17 16 6
34699 22 22 8
34700 16 16 4
34701 16 15 7
34702 11 10 4
34703 18 17 7
34704 7 6 5
34705 19 18 6
34706 12 12 4
34707 22 21 5
34708 17 17 5
34709 13 12 4
34710 18 17 5
34711 13 13 5
34712 19 18 6
34713 18 18 6
34714 12 12 4
34715 14 13 5
34716 17 16 6
34717 18 18 6
34718 10 9 5
34719 15 14 6
34720 12 12 4
34721 6 5 4
34722 16 15 5
34723 27 26 6
34724 12 12 6
34725 18 17 5
34726 9 8 4
34727 10 9 5
34728 11 10 6
34729 10 10 6
34730 10 10 4
34731 18 17 5
34732 23 23 9
34733 15 14 4
34734 12 11 5
34735 11 11 7
34736 9 9 5
34737 15 15 5
34738 21 21 5
34739 9 8 4
34740 22 21 5
34741 11 10 4
34742 16 15 7
34743 11 10 6
34744 12 12 6
34745 8 8 4
34746 16 15 7
34747 17 16 6
34748 10 10 4
34749 12 11 7
34750 11 10 6
34751 10 10 6
34752 14 14 6
34753 8 8 4
34754 16 15 7
34755 7 7 7
34756 8 8 4
34757 12 11 5
34758 13 12 6
34759 20 19 5
34760 19 19 7
34761 11 11 5
34762 21 20 6
34763 12 11 5
34764 11 11 5
34765 13 13 5
34766 15 14 6
34767 12 12 4
34768 10 9 5
34769 11 11 5
34770 11 11 7
34771 5 5 5
34772 14 13 7
34773 17 16 6
34774 8 8 4
34775 14 13 5
34776 11 11 5
34777 9 9 5
34778 11 10 6
34779 12 12 4
34780 10 9 8
34781 8 8 4
34782 14 13 7
34783 11 10 4
34784 18 17 9
34785 7 6 5
34786 13 12 6
34787 18 17 7
34788 13 12 4
34789 12 11 5
34790 9 8 4
34791 10 9 5
34792 15 14 6
34793 16 16 8
34794 10 10 4
34795 12 11 7
34796 9 9 5
34797 7 6 5
34798 9 9 5
34799 13 13 5
34800 9 9 5
34801 17 17 7
34802 9 9 5
34803 15 15 7
34804 13 12 4
34805 6 5 4
34806 12 11 5
34807 9 9 5
34808 9 9 5
34809 7 7 7
34810 10 10 6
34811 14 14 6
34812 12 11 5
34813 15 14 6
34814 6 6 6
34815 11 11 5
34816 9 8 4
34817 18 17 7
34818 13 13 5
34819 17 17 7
34820 11 10 4
34821 16 15 5
34822 7 6 5
34823 13 12 6
34824 12 11 5
34825 15 15 7
34826 9 9 5
34827 13 13 7
34828 7 6 5
34829 11 10 6
34830 12 12 4
34831 16 15 7
34832 7 7 7
34833 16 16 6
34834 12 12 6
34835 12 12 6
34836 6 6 6
34837 15 14 6
34838 8 7 6
34839 14 14 6
34840 16 16 6
34841 16 16 6
34842 12 12 6
34843 18 18 6
34844 8 8 4
34845 6 5 4
34846 10 9 5
34847 11 10 6
34848 18 17 5
34849 13 12 4
34850 14 13 7
34851 17 16 6
34852 16 16 6
34853 8 8 4
34854 10 9 5
34855 7 6 5
34856 13 13 5
34857 13 13 5
34858 15 14 6
34859 10 9 5
34860 15 15 7
34861 13 12 4
34862 14 13 5
34863 9 8 4
34864 12 11 5
34865 9 9 5
34866 17 17 5
34867 17 17 5
34868 17 17 5
34869 15 14 8
34870 16 16 6
34871 8 8 4
34872 12 11 5
34873 13 13 5
34874 35 35 5
34875 27 27 5
34876 9 8 4
34877 10 9 5
34878 9 8 4
34879 8 7 6
34880 12 12 6
34881 8 8 8
34882 17 16 6
34883 14 14 6
34884 8 8 4
34885 12 11 5
34886 13 12 6
34887 12 12 8
34888 12 11 5
34889 13 13 5
34890 23 22 4
34891 18 17 5
34892 13 13 5
34893 15 15 5
34894 11 10 4
34895 12 11 5
34896 13 13 5
34897 13 13 7
34898 15 15 5
34899 33 32 4
34900 22 21 5
34901 15 14 4
34902 16 15 5
34903 15 14 4
34904 22 21 5
34905 15 14 4
34906 22 21 5
34907 25 25 5
34908 13 12 4
34909 12 11 5
34910 21 20 4
34911 20 19 5
34912 29 28 4
34913 24 23 5
34914 21 20 4
34915 16 15 5
34916 13 12 4
34917 20 19 5
34918 21 20 4
34919 22 21 5
34920 25 24 6
34921 14 14 4
34922 18 17 5
34923 35 34 6
34924 18 17 5
34925 33 32 6
34926 24 23 5
34927 21 20 8
34928 20 20 6
34929 18 18 6
34930 16 16 6
34931 16 16 6
34932 24 24 6
34933 24 23 7
34934 13 13 5
34935 25 24 6
34936 8 7 6
34937 12 12 4
34938 24 23 9
34939 19 19 5
34940 25 24 4
34941 22 21 5
34942 17 17 5
34943 15 14 6
34944 22 22 6
34945 14 14 4
34946 16 15 5
34947 21 20 6
34948 14 13 5
34949 19 18 4
34950 18 17 5
34951 19 18 4
34952 14 13 5
34953 17 16 4
34954 14 13 5
34955 19 18 6
34956 14 14 6
34957 14 13 5
34958 19 18 6
34959 14 14 4
34960 14 13 5
34961 27 26 8
34962 18 18 4
34963 14 13 5
34964 21 20 4
34965 20 19 5
34966 7 6 5
34967 13 13 5
34968 17 16 8
34969 10 9 5
34970 19 18 4
34971 20 19 5
34972 21 21 5
34973 13 12 6
34974 16 15 5
34975 17 16 4
34976 18 17 9
34977 17 16 6
34978 12 11 5
34979 23 22 6
34980 14 14 4
34981 16 15 5
34982 19 18 6
34983 18 17 5
34984 17 16 6
34985 14 13 5
34986 17 16 6
34987 18 18 4
34988 20 19 5
34989 13 13 5
34990 19 19 5
34991 13 12 6
34992 10 9 5
34993 17 16 6
34994 16 15 5
34995 7 6 5
34996 21 20 4
34997 20 19 5
34998 13 13 5
34999 5 5 5
35000 18 17 5
35001 19 18 8
35002 18 18 4
35003 14 13 5
35004 21 21 5
35005 15 15 5
35006 15 14 6
35007 14 13 5
35008 13 12 6
35009 16 16 8
35010 20 20 6
35011 8 8 4
35012 28 27 9
35013 17 16 4
35014 14 13 5
35015 9 9 5
35016 15 14 6
35017 8 8 4
35018 18 17 5
35019 23 22 8
35020 20 20 4
35021 12 11 5
35022 17 16 4
35023 16 15 5
35024 17 16 4
35025 6 5 4
35026 12 11 5
35027 15 14 6
35028 16 16 6
35029 18 17 5
35030 15 14 6
35031 14 14 4
35032 12 11 5
35033 17 16 6
35034 16 16 6
35035 18 17 5
35036 11 10 4
35037 14 13 5
35038 13 13 5
35039 19 18 6
35040 14 13 5
35041 15 14 4
35042 12 11 5
35043 11 10 6
35044 10 10 4
35045 14 13 5
35046 7 6 5
35047 13 13 5
35048 11 11 5
35049 11 10 4
35050 14 13 5
35051 13 13 5
35052 13 12 4
35053 14 13 5
35054 11 11 5
35055 15 15 7
35056 19 18 6
35057 14 14 6
35058 10 10 4
35059 16 15 5
35060 13 12 4
35061 16 15 7
35062 13 12 6
35063 6 6 6
35064 13 12 6
35065 12 11 5
35066 13 13 5
35067 15 15 5
35068 15 15 5
35069 15 14 6
35070 14 14 6
35071 6 6 6
35072 9 8 4
35073 6 5 4
35074 14 13 7
35075 9 8 4
35076 22 21 5
35077 21 21 5
35078 11 10 6
35079 14 14 8
35080 14 14 6
35081 8 8 4
35082 10 9 5
35083 11 11 5
35084 21 20 4
35085 14 13 5
35086 17 16 6
35087 6 6 6
35088 15 14 6
35089 12 12 6
35090 10 10 6
35091 20 19 5
35092 17 16 6
35093 12 11 5
35094 19 18 6
35095 12 11 5
35096 15 14 6
35097 12 11 5
35098 15 15 7
35099 15 14 4
35100 10 9 5
35101 15 15 7
35102 9 8 4
35103 14 13 7
35104 9 9 5
35105 13 13 5
35106 11 11 5
35107 17 16 6
35108 14 14 6
35109 10 10 6
35110 14 14 4
35111 10 9 5
35112 13 13 5
35113 21 20 6
35114 18 17 5
35115 15 15 7
35116 11 10 4
35117 14 13 5
35118 11 10 6
35119 10 10 4
35120 14 13 5
35121 15 14 8
35122 12 11 5
35123 13 12 4
35124 6 5 4
35125 16 15 9
35126 7 6 5
35127 13 12 6
35128 10 10 4
35129 16 15 7
35130 9 8 4
35131 12 11 5
35132 9 8 4
35133 14 13 5
35134 15 14 6
35135 12 12 4
35136 12 11 5
35137 11 11 5
35138 13 12 6
35139 16 15 7
35140 11 10 6
35141 8 8 4
35142 12 11 5
35143 17 16 6
35144 14 14 6
35145 10 10 6
35146 14 14 4
35147 10 9 5
35148 13 12 6
35149 12 11 5
35150 17 16 6
35151 24 23 5
35152 15 14 4
35153 10 9 5
35154 15 14 6
35155 10 10 4
35156 12 11 5
35157 15 15 5
35158 19 19 5
35159 29 28 4
35160 18 17 5
35161 11 10 4
35162 14 13 5
35163 9 8 4
35164 12 11 5
35165 15 15 5
35166 15 14 4
35167 20 19 5
35168 21 20 4
35169 12 11 5
35170 13 12 6
35171 8 8 4
35172 16 15 5
35173 13 12 4
35174 16 15 5
35175 13 12 6
35176 10 10 4
35177 18 17 5
35178 13 13 5
35179 9 8 4
35180 16 15 5
35181 15 14 4
35182 16 15 5
35183 17 17 5
35184 11 10 4
35185 12 11 5
35186 13 12 4
35187 14 13 7
35188 13 12 4
35189 6 5 4
35190 20 19 5
35191 9 9 5
35192 13 12 4
35193 14 13 5
35194 19 19 5
35195 15 14 4
35196 22 21 5
35197 29 28 6
35198 34 34 4
35199 14 13 5
35200 23 22 4
35201 16 15 5
35202 15 14 4
35203 34 33 5
35204 17 16 4
35205 14 13 5
35206 13 12 4
35207 26 25 5
35208 13 13 5
35209 23 22 4
35210 26 25 7
35211 21 20 4
35212 24 23 5
35213 17 17 5
35214 17 16 4
35215 20 19 5
35216 19 18 4
35217 24 23 5
35218 17 16 4
35219 28 27 5
35220 15 14 4
35221 24 23 5
35222 23 22 6
35223 16 16 4
35224 26 25 5
35225 25 24 4
35226 16 15 5
35227 19 18 4
35228 36 35 7
35229 27 27 5
35230 23 22 4
35231 16 15 5
35232 15 14 6
35233 16 16 4
35234 24 23 5
35235 17 16 4
35236 26 25 7
35237 21 21 5
35238 19 18 6
35239 12 12 4
35240 16 15 5
35241 23 22 6
35242 26 26 4
35243 18 17 5
35244 35 35 11
35245 25 24 8
35246 16 16 6
35247 32 32 10
35248 22 22 4
35249 18 17 5
35250 25 24 10
35251 26 26 8
35252 22 21 5
35253 13 12 4
35254 24 23 5
35255 19 18 4
35256 14 13 5
35257 19 19 5
35258 25 24 8
35259 28 28 4
35260 14 13 5
35261 27 26 4
35262 16 15 5
35263 21 20 4
35264 26 25 5
35265 17 17 5
35266 29 28 4
35267 20 19 5
35268 15 15 5
35269 33 32 6
35270 32 32 4
35271 26 25 5
35272 31 30 4
35273 34 33 5
35274 17 17 5
35275 17 16 6
35276 34 34 6
35277 34 34 6
35278 22 22 4
35279 30 29 5
35280 29 29 7
35281 15 15 5
35282 19 18 4
35283 46 45 5
35284 31 30 6
35285 32 32 6
35286 20 20 6
35287 34 33 7
35288 21 20 6
35289 24 24 4
35290 38 37 5
35291 33 32 8
35292 24 24 4
35293 28 27 7
35294 21 20 4
35295 20 19 5
35296 25 24 6
35297 18 18 4
35298 24 23 5
35299 31 30 6
35300 10 10 4
35301 20 19 5
35302 23 23 5
35303 21 21 5
35304 29 28 6
35305 16 16 4
35306 26 25 5
35307 19 19 5
35308 35 34 4
35309 22 21 5
35310 23 22 6
35311 26 26 4
35312 26 25 5
35313 21 21 5
35314 33 32 6
35315 24 24 4
35316 22 21 5
35317 21 20 4
35318 28 27 5
35319 23 22 4
35320 34 33 5
35321 21 20 4
35322 18 17 5
35323 19 18 4
35324 34 33 5
35325 11 10 4
35326 42 41 5
35327 23 22 4
35328 22 21 5
35329 29 28 6
35330 30 30 6
35331 24 23 5
35332 29 28 4
35333 34 33 5
35334 23 22 4
35335 22 21 5
35336 25 24 6
35337 26 26 4
35338 26 25 5
35339 25 24 4
35340 22 21 5
35341 15 15 5
35342 23 22 4
35343 36 35 5
35344 21 21 5
35345 29 28 4
35346 22 21 5
35347 35 35 5
35348 19 18 4
35349 22 21 5
35350 27 27 5
35351 17 16 4
35352 26 25 5
35353 37 36 6
35354 20 20 4
35355 18 17 5
35356 33 32 6
35357 28 28 4
35358 26 25 5
35359 35 34 6
35360 22 22 4
35361 22 21 5
35362 25 24 6
35363 20 20 6
35364 22 21 5
35365 37 36 6
35366 26 25 5
35367 25 24 4
35368 20 19 5
35369 33 32 6
35370 30 30 4
35371 38 37 5
35372 17 16 4
35373 30 29 5
35374 27 27 5
35375 27 26 4
35376 26 25 5
35377 37 36 4
35378 20 19 5
35379 25 24 4
35380 30 29 5
35381 29 29 5
35382 21 20 4
35383 18 17 5
35384 19 18 4
35385 28 27 5
35386 13 12 4
35387 26 25 5
35388 15 15 5
35389 31 30 4
35390 26 25 5
35391 19 18 4
35392 34 33 5
35393 33 32 6
35394 6 6 6
35395 23 22 4
35396 26 25 5
35397 33 33 5
35398 19 18 4
35399 26 25 5
35400 31 30 4
35401 26 25 5
35402 27 27 5
35403 19 18 6
35404 26 26 4
35405 26 25 5
35406 15 14 4
35407 24 23 5
35408 31 30 6
35409 22 21 5
35410 23 22 4
35411 22 21 5
35412 19 18 4
35413 28 27 5
35414 15 14 4
35415 34 33 5
35416 29 29 5
35417 21 20 4
35418 20 19 5
35419 33 32 6
35420 24 24 6
35421 22 22 4
35422 34 33 5
35423 29 28 4
35424 24 23 5
35425 29 29 5
35426 23 23 5
35427 39 38 6
35428 22 22 4
35429 34 33 5
35430 15 14 4
35431 24 23 5
35432 33 32 6
35433 28 28 4
35434 18 17 5
35435 27 27 5
35436 29 29 7
35437 29 29 5
35438 19 19 5
35439 19 18 4
35440 22 21 5
35441 21 20 4
35442 28 27 5
35443 21 20 4
35444 24 23 5
35445 27 26 6
35446 28 27 5
35447 19 19 5
35448 29 28 4
35449 28 27 5
35450 29 28 6
35451 18 18 4
35452 20 19 5
35453 27 26 6
35454 26 26 4
35455 14 13 5
35456 39 38 8
35457 16 16 4
35458 14 13 5
35459 33 32 4
35460 28 27 5
35461 27 27 5
35462 27 27 5
35463 17 17 7
35464 25 24 6
35465 18 18 6
35466 32 32 6
35467 24 24 6
35468 22 21 5
35469 19 18 4
35470 20 19 5
35471 25 24 4
35472 24 23 5
35473 33 33 7
35474 15 15 5
35475 27 26 8
35476 14 14 4
35477 20 19 5
35478 17 17 5
35479 21 20 6
35480 20 20 6
35481 20 20 4
35482 26 25 5
35483 19 18 4
35484 26 25 5
35485 29 29 5
35486 31 30 4
35487 24 23 7
35488 29 28 4
35489 20 19 7
35490 13 13 5
35491 17 16 4
35492 18 17 5
35493 25 24 4
35494 24 23 5
35495 9 8 4
35496 22 21 5
35497 23 22 6
35498 12 12 4
35499 26 25 5
35500 13 13 5
35501 15 14 4
35502 20 19 5
35503 21 20 6
35504 14 14 4
35505 20 19 5
35506 23 22 4
35507 14 13 5
35508 19 18 4
35509 18 17 5
35510 15 14 4
35511 30 29 5
35512 13 12 4
35513 26 25 5
35514 11 10 4
35515 22 21 5
35516 15 14 4
35517 12 11 5
35518 15 14 4
35519 16 15 5
35520 11 11 5
35521 19 18 6
35522 18 18 6
35523 12 12 4
35524 20 19 5
35525 21 21 9
35526 19 18 4
35527 20 19 5
35528 17 16 6
35529 16 16 4
35530 18 17 5
35531 23 22 6
35532 22 21 5
35533 33 33 5
35534 9 9 5
35535 13 12 4
35536 24 23 5
35537 19 18 4
35538 16 15 5
35539 13 12 4
35540 28 27 5
35541 15 14 4
35542 10 9 5
35543 11 10 4
35544 24 23 5
35545 23 22 6
35546 12 12 4
35547 24 23 5
35548 17 16 4
35549 22 21 5
35550 27 26 6
35551 18 18 4
35552 22 21 5
35553 19 18 6
35554 18 17 5
35555 25 24 4
35556 28 27 7
35557 13 12 4
35558 24 23 5
35559 27 27 5
35560 25 24 6
35561 38 38 4
35562 16 15 5
35563 21 21 5
35564 31 30 4
35565 28 27 5
35566 21 21 5
35567 25 24 6
35568 22 21 7
35569 15 14 6
35570 26 26 8
35571 10 10 6
35572 16 16 4
35573 24 23 5
35574 23 22 4
35575 20 19 7
35576 19 18 4
35577 20 19 9
35578 25 25 9
35579 23 23 7
35580 27 26 14
35581 10 10 4
35582 22 21 7
35583 13 12 6
35584 38 38 12
35585 20 20 8
35586 14 14 4
35587 12 11 5
35588 17 16 4
35589 22 21 5
35590 17 17 5
35591 17 17 5
35592 23 22 8
35593 22 22 6
35594 18 18 6
35595 18 18 6
35596 12 12 6
35597 16 16 6
35598 16 16 6
35599 8 8 4
35600 14 13 5
35601 13 12 4
35602 26 25 5
35603 21 20 6
35604 16 16 6
35605 18 17 7
35606 29 29 9
35607 13 13 5
35608 17 17 5
35609 25 24 6
35610 28 28 6
35611 18 18 6
35612 20 19 5
35613 13 13 5
35614 31 30 8
35615 16 15 5
35616 21 20 8
35617 14 14 6
35618 18 18 6
35619 12 12 4
35620 22 21 5
35621 15 14 4
35622 12 11 5
35623 13 12 4
35624 18 17 7
35625 11 10 4
35626 26 25 5
35627 21 21 5
35628 13 12 6
35629 10 10 4
35630 20 19 5
35631 17 17 5
35632 15 14 6
35633 20 19 5
35634 13 13 5
35635 13 12 6
35636 22 22 6
35637 22 21 7
35638 25 24 8
35639 16 15 5
35640 17 17 7
35641 19 18 6
35642 14 14 4
35643 16 15 5
35644 19 18 6
35645 12 11 7
35646 15 14 4
35647 18 17 5
35648 15 14 6
35649 16 16 4
35650 24 23 5
35651 15 14 6
35652 14 13 5
35653 13 12 4
35654 6 5 4
35655 14 13 5
35656 17 16 4
35657 18 17 7
35658 21 20 6
35659 12 12 4
35660 12 11 5
35661 15 14 6
35662 12 11 5
35663 17 17 5
35664 13 12 4
35665 22 21 5
35666 13 12 4
35667 14 13 5
35668 27 26 6
35669 14 14 4
35670 16 15 7
35671 19 18 4
35672 16 15 5
35673 9 8 4
35674 16 15 5
35675 15 14 4
35676 14 13 5
35677 19 18 6
35678 12 12 6
35679 14 14 6
35680 18 17 5
35681 11 10 4
35682 10 9 5
35683 17 16 6
35684 16 16 6
35685 10 10 4
35686 26 25 5
35687 17 17 5
35688 13 13 5
35689 15 15 5
35690 11 11 5
35691 19 19 5
35692 23 22 6
35693 18 18 4
35694 14 13 5
35695 13 13 5
35696 17 16 6
35697 18 18 6
35698 12 12 4
35699 14 13 5
35700 17 16 4
35701 12 11 5
35702 23 22 6
35703 18 17 7
35704 15 15 5
35705 13 12 6
35706 14 14 6
35707 12 12 6
35708 18 17 5
35709 19 19 5
35710 15 15 5
35711 17 16 6
35712 16 16 6
35713 20 20 4
35714 30 29 5
35715 15 14 6
35716 10 10 6
35717 26 26 6
35718 10 10 6
35719 10 10 4
35720 20 19 5
35721 17 17 5
35722 17 16 4
35723 6 5 4
35724 18 17 5
35725 9 9 5
35726 23 22 4
35727 22 21 7
35728 15 14 6
35729 24 23 5
35730 19 18 4
35731 24 23 7
35732 27 26 6
35733 16 16 4
35734 18 17 5
35735 13 13 5
35736 19 19 5
35737 17 16 4
35738 16 15 5
35739 7 6 5
35740 15 14 6
35741 10 10 4
35742 12 11 5
35743 17 16 6
35744 14 14 6
35745 10 10 6
35746 20 20 4
35747 14 13 7
35748 11 10 4
35749 26 25 5
35750 13 12 4
35751 8 7 6
35752 12 12 6
35753 14 14 6
35754 18 18 6
35755 14 14 6
35756 10 10 4
35757 10 9 5
35758 9 9 5
35759 15 14 4
35760 12 11 5
35761 19 19 5
35762 21 20 8
35763 12 12 4
35764 10 9 5
35765 13 12 6
35766 10 10 6
35767 10 10 4
35768 14 13 5
35769 11 10 4
35770 12 11 5
35771 9 9 5
35772 11 11 5
35773 15 15 7
35774 13 12 4
35775 16 15 7
35776 13 12 6
35777 16 16 6
35778 14 13 7
35779 13 12 4
35780 12 11 5
35781 21 20 6
35782 10 10 6
35783 14 14 6
35784 8 8 4
35785 14 13 5
35786 9 9 5
35787 9 9 5
35788 11 10 6
35789 16 15 7
35790 11 10 4
35791 14 13 5
35792 13 12 4
35793 14 13 7
35794 15 14 4
35795 18 17 5
35796 13 13 5
35797 17 17 7
35798 11 10 4
35799 12 11 5
35800 13 13 7
35801 13 12 4
35802 24 23 5
35803 19 18 4
35804 14 13 5
35805 13 12 6
35806 18 18 6
35807 16 16 6
35808 12 12 4
35809 20 19 5
35810 11 10 4
35811 18 17 5
35812 15 15 7
35813 11 10 4
35814 18 17 7
35815 19 19 7
35816 11 10 4
35817 14 13 5
35818 17 16 6
35819 16 16 4
35820 10 9 5
35821 9 9 5
35822 9 9 5
35823 13 13 5
35824 17 17 5
35825 13 13 5
35826 13 12 4
35827 6 5 4
35828 20 19 7
35829 17 17 5
35830 17 17 5
35831 17 17 5
35832 13 12 4
35833 10 9 5
35834 15 14 4
35835 14 13 5
35836 15 14 4
35837 18 17 5
35838 19 18 4
35839 22 21 5
35840 27 26 4
35841 14 13 5
35842 19 18 4
35843 28 27 5
35844 17 16 4
35845 26 25 5
35846 17 16 4
35847 16 15 5
35848 23 22 6
35849 24 24 4
35850 34 33 5
35851 19 18 4
35852 20 19 5
35853 23 22 4
35854 42 41 5
35855 35 34 4
35856 18 17 5
35857 37 36 4
35858 26 25 5
35859 25 24 6
35860 18 17 5
35861 31 30 4
35862 14 13 5
35863 19 18 6
35864 12 12 4
35865 32 31 5
35866 15 14 4
35867 20 19 5
35868 31 30 4
35869 20 19 5
35870 23 22 4
35871 18 17 5
35872 23 22 4
35873 14 13 5
35874 33 32 6
35875 18 18 4
35876 26 25 9
35877 19 18 4
35878 24 23 7
35879 19 18 4
35880 14 13 5
35881 15 15 5
35882 15 15 5
35883 17 16 4
35884 16 15 5
35885 27 26 4
35886 14 13 5
35887 19 19 5
35888 25 25 5
35889 19 18 6
35890 10 10 4
35891 12 11 5
35892 17 16 6
35893 12 12 4
35894 14 13 7
35895 21 20 6
35896 16 15 5
35897 19 18 6
35898 16 16 4
35899 20 19 5
35900 15 14 6
35901 20 19 5
35902 7 6 5
35903 13 12 4
35904 28 27 7
35905 15 15 5
35906 23 22 12
35907 16 16 6
35908 20 20 6
35909 30 29 9
35910 25 24 6
35911 10 10 4
35912 12 11 5
35913 19 18 4
35914 12 11 5
35915 19 19 5
35916 15 15 5
35917 17 16 6
35918 14 14 4
35919 22 21 7
35920 15 15 5
35921 15 15 5
35922 11 11 5
35923 13 12 4
35924 14 13 7
35925 13 13 5
35926 17 16 6
35927 14 13 5
35928 11 11 5
35929 21 20 6
35930 18 17 5
35931 13 12 6
35932 12 12 6
35933 20 20 8
35934 16 15 5
35935 11 11 5
35936 11 10 4
35937 14 13 5
35938 11 10 4
35939 20 19 5
35940 15 14 6
35941 18 17 5
35942 15 14 4
35943 14 13 7
35944 15 14 4
35945 10 9 5
35946 15 14 6
35947 12 12 4
35948 26 25 5
35949 23 23 7
35950 13 12 6
35951 8 8 4
35952 14 13 5
35953 9 9 5
35954 15 14 6
35955 16 16 4
35956 16 15 5
35957 11 10 6
35958 16 16 6
35959 18 18 6
35960 16 15 7
35961 11 10 4
35962 12 11 5
35963 9 9 5
35964 17 17 5
35965 13 12 6
35966 16 16 6
35967 14 13 5
35968 15 15 5
35969 11 10 4
35970 10 9 5
35971 13 12 6
35972 10 10 6
35973 26 26 6
35974 10 9 5
35975 21 20 6
35976 6 6 6
35977 19 18 8
35978 10 10 4
35979 10 9 5
35980 13 12 6
35981 10 10 4
35982 16 15 5
35983 23 22 8
35984 12 11 5
35985 21 20 4
35986 10 9 5
35987 17 17 7
35988 13 12 6
35989 12 12 4
35990 14 13 5
35991 21 20 6
35992 12 12 4
35993 16 15 7
35994 13 12 6
35995 14 13 5
35996 13 13 5
35997 13 12 6
35998 6 6 6
35999 17 16 6
36000 12 12 6
36001 10 10 6
36002 12 11 5
36003 21 20 6
36004 12 11 5
36005 13 12 4
36006 12 11 5
36007 11 11 5
36008 13 12 6
36009 14 13 5
36010 13 13 5
36011 17 16 4
36012 10 9 5
36013 11 11 5
36014 15 14 4
36015 14 13 5
36016 23 22 8
36017 10 10 4
36018 20 19 7
36019 15 14 6
36020 10 10 4
36021 14 13 5
36022 15 15 5
36023 11 11 5
36024 13 12 4
36025 10 9 5
36026 19 18 6
36027 10 10 4
36028 22 21 5
36029 15 15 5
36030 13 12 6
36031 8 8 4
36032 20 19 9
36033 15 14 4
36034 12 11 5
36035 11 11 5
36036 15 14 6
36037 10 10 4
36038 20 19 7
36039 25 24 6
36040 14 14 4
36041 10 9 5
36042 17 17 5
36043 17 16 4
36044 14 13 5
36045 15 15 5
36046 11 10 6
36047 12 12 4
36048 16 15 5
36049 11 10 4
36050 22 21 5
36051 9 8 4
36052 12 11 7
36053 9 8 4
36054 22 21 7
36055 11 10 4
36056 16 15 7
36057 11 10 4
36058 16 15 5
36059 7 6 5
36060 17 17 7
36061 9 8 4
36062 18 17 5
36063 11 10 6
36064 20 20 4
36065 20 19 5
36066 9 8 4
36067 10 9 5
36068 11 10 4
36069 16 15 5
36070 13 13 5
36071 13 13 5
36072 11 10 4
36073 18 17 5
36074 9 8 4
36075 10 9 5
36076 15 14 4
36077 16 15 5
36078 17 16 6
36079 12 11 5
36080 13 12 6
36081 12 12 4
36082 16 15 5
36083 15 14 4
36084 14 13 5
36085 9 9 5
36086 17 16 4
36087 20 19 5
36088 9 8 4
36089 16 15 7
36090 23 22 4
36091 14 13 5
36092 17 17 5
36093 9 8 4
36094 20 19 5
36095 9 9 5
36096 31 30 4
36097 28 27 5
36098 13 12 4
36099 20 19 5
36100 17 16 4
36101 18 17 5
36102 11 10 4
36103 18 17 5
36104 21 20 4
36105 16 15 5
36106 15 14 4
36107 28 27 5
36108 13 13 5
36109 17 16 4
36110 12 11 5
36111 13 13 5
36112 9 8 4
36113 20 19 5
36114 21 20 6
36115 16 16 6
36116 18 18 6
36117 16 16 8
36118 14 14 4
36119 12 11 5
36120 9 9 5
36121 19 18 8
36122 16 16 6
36123 14 14 4
36124 24 23 5
36125 13 13 5
36126 21 20 6
36127 18 18 6
36128 14 14 4
36129 18 17 7
36130 23 23 7
36131 15 14 6
36132 20 19 5
36133 29 28 8
36134 18 17 7
36135 15 14 4
36136 12 11 5
36137 19 18 4
36138 16 15 5
36139 17 16 4
36140 24 23 7
36141 19 19 9
36142 17 16 6
36143 16 15 5
36144 15 14 4
36145 16 15 5
36146 13 12 4
36147 10 9 5
36148 21 21 5
36149 7 6 5
36150 11 10 4
36151 10 9 5
36152 23 22 6
36153 16 15 7
36154 27 26 6
36155 14 13 7
36156 19 18 4
36157 16 15 5
36158 7 7 7
36159 10 10 4
36160 12 11 7
36161 21 21 5
36162 13 13 5
36163 13 13 5
36164 11 10 4
36165 14 13 5
36166 11 11 5
36167 13 12 4
36168 26 25 7
36169 15 14 6
36170 16 15 5
36171 15 14 4
36172 16 15 5
36173 15 14 4
36174 22 21 7
36175 11 10 4
36176 14 13 5
36177 17 16 6
36178 22 22 6
36179 14 14 8
36180 14 14 4
36181 16 15 7
36182 13 13 5
36183 17 16 6
36184 12 12 6
36185 16 16 6
36186 20 20 6
36187 20 19 5
36188 11 10 4
36189 10 9 5
36190 9 8 4
36191 16 15 5
36192 13 12 6
36193 18 18 4
36194 10 9 5
36195 15 15 7
36196 7 6 5
36197 17 16 6
36198 18 18 6
36199 20 20 8
36200 8 8 4
36201 12 11 5
36202 19 18 8
36203 10 10 4
36204 10 9 5
36205 15 14 4
36206 14 13 5
36207 17 16 8
36208 14 14 6
36209 12 12 6
36210 16 16 6
36211 16 16 6
36212 20 20 6
36213 16 16 4
36214 14 13 5
36215 13 12 4
36216 22 21 7
36217 17 17 5
36218 27 26 4
36219 18 17 5
36220 17 16 6
36221 24 24 6
36222 8 8 4
36223 26 25 5
36224 23 22 4
36225 16 15 5
36226 23 23 5
36227 11 10 4
36228 16 15 5
36229 27 26 6
36230 14 14 4
36231 16 15 5
36232 13 12 6
36233 6 6 6
36234 15 14 6
36235 18 17 7
36236 19 18 4
36237 20 19 5
36238 15 14 4
36239 24 23 7
36240 17 17 7
36241 7 6 5
36242 15 14 6
36243 20 20 6
36244 26 25 9
36245 11 11 5
36246 17 16 6
36247 12 11 5
36248 21 21 5
36249 13 12 6
36250 12 12 4
36251 10 9 5
36252 17 17 5
36253 17 16 6
36254 16 16 4
36255 16 15 7
36256 17 17 5
36257 11 10 4
36258 16 15 7
36259 15 14 4
36260 12 11 5
36261 13 13 7
36262 11 10 4
36263 26 25 7
36264 15 14 6
36265 18 17 5
36266 13 13 5
36267 11 11 5
36268 9 9 5
36269 17 17 5
36270 13 13 5
36271 13 12 6
36272 12 12 4
36273 16 15 5
36274 17 17 5
36275 13 13 5
36276 5 5 5
36277 10 9 5
36278 15 15 5
36279 17 17 7
36280 9 8 4
36281 14 13 5
36282 13 13 5
36283 11 10 4
36284 12 11 7
36285 13 13 7
36286 11 10 4
36287 16 15 7
36288 11 10 6
36289 10 10 6
36290 8 8 4
36291 18 17 9
36292 9 8 4
36293 14 13 7
36294 7 6 5
36295 9 8 4
36296 8 7 6
36297 18 18 8
36298 12 12 6
36299 12 11 5
36300 11 10 4
36301 14 13 7
36302 7 6 5
36303 9 9 5
36304 15 14 6
36305 20 20 8
36306 8 8 4
36307 12 11 5
36308 13 12 6
36309 6 6 6
36310 11 10 6
36311 14 13 7
36312 15 15 5
36313 15 14 4
36314 6 5 4
36315 10 9 5
36316 9 9 5
36317 11 10 4
36318 18 17 7
36319 11 11 5
36320 5 5 5
36321 10 9 5
36322 15 14 6
36323 6 5 4
36324 14 13 7
36325 5 5 5
36326 14 13 5
36327 9 9 5
36328 11 11 7
36329 11 10 6
36330 12 12 6
36331 8 8 4
36332 16 15 9
36333 13 12 4
36334 12 11 5
36335 9 8 4
36336 16 15 7
36337 9 8 4
36338 12 11 5
36339 13 12 4
36340 16 15 5
36341 9 9 5
36342 11 10 6
36343 12 11 5
36344 13 12 4
36345 8 7 6
36346 16 16 8
36347 12 11 5
36348 15 15 7
36349 9 8 4
36350 14 13 5
36351 17 16 10
36352 16 16 4
36353 10 9 5
36354 21 20 8
36355 16 16 6
36356 18 17 5
36357 13 13 5
36358 13 12 4
36359 14 13 5
36360 13 12 4
36361 10 9 5
36362 9 8 4
36363 14 13 7
36364 17 16 6
36365 10 9 5
36366 21 21 5
36367 9 8 4
36368 14 13 5
36369 9 8 4
36370 14 13 7
36371 25 24 6
36372 12 12 4
36373 14 13 5
36374 9 9 5
36375 13 12 6
36376 10 10 6
36377 10 9 5
36378 19 18 4
36379 14 13 5
36380 7 7 7
36381 10 10 4
36382 18 17 7
36383 15 14 6
36384 18 18 6
36385 14 13 5
36386 17 16 8
36387 8 8 4
36388 14 13 5
36389 9 9 5
36390 7 6 5
36391 15 14 6
36392 12 11 7
36393 11 10 6
36394 12 12 4
36395 12 11 5
36396 13 13 5
36397 17 16 6
36398 10 9 5
36399 13 12 6
36400 16 15 5
36401 15 14 6
36402 10 10 6
36403 12 12 6
36404 16 16 6
36405 12 12 6
36406 8 8 4
36407 12 11 5
36408 13 13 5
36409 9 9 5
36410 9 9 5
36411 17 16 6
36412 12 11 5
36413 23 22 6
36414 10 9 5
36415 13 12 4
36416 16 15 5
36417 13 13 5
36418 9 8 4
36419 14 13 7
36420 13 12 4
36421 12 11 5
36422 15 14 6
36423 12 12 4
36424 12 11 7
36425 17 16 4
36426 16 15 7
36427 7 6 5
36428 15 14 6
36429 18 17 5
36430 21 20 6
36431 12 12 6
36432 12 12 4
36433 12 11 7
36434 11 10 6
36435 18 18 6
36436 14 14 4
36437 12 11 5
36438 11 10 4
36439 14 13 5
36440 15 14 4
36441 14 13 7
36442 19 18 4
36443 18 17 5
36444 11 10 4
36445 16 15 5
36446 11 11 5
36447 11 10 4
36448 14 13 5
36449 19 19 7
36450 25 25 5
36451 13 12 6
36452 18 18 4
36453 12 11 5
36454 17 17 5
36455 37 36 4
36456 30 29 5
36457 15 14 4
36458 18 17 5
36459 11 10 6
36460 20 20 4
36461 16 15 5
36462 33 32 4
36463 24 23 5
36464 23 22 4
36465 22 21 5
36466 27 26 4
36467 16 15 5
36468 33 32 4
36469 26 25 5
36470 23 22 6
36471 20 20 4
36472 24 23 9
36473 15 14 4
36474 22 21 9
36475 17 17 5
36476 11 10 4
36477 22 21 5
36478 15 14 4
36479 36 35 11
36480 17 17 5
36481 25 25 9
36482 33 32 12
36483 16 16 6
36484 22 22 6
36485 12 11 5
36486 21 20 6
36487 20 20 10
36488 22 21 5
36489 37 36 12
36490 20 19 5
36491 17 17 5
36492 21 21 7
36493 13 12 6
36494 10 10 4
36495 12 11 5
36496 15 15 5
36497 21 21 11
36498 25 24 8
36499 20 20 8
36500 14 14 6
36501 22 22 8
36502 16 16 4
36503 12 11 5
36504 13 12 4
36505 14 13 5
36506 17 16 6
36507 10 10 6
36508 14 14 4
36509 20 19 7
36510 19 19 5
36511 17 17 5
36512 19 18 8
36513 14 14 6
36514 22 21 5
36515 13 13 5
36516 11 10 4
36517 18 17 5
36518 13 13 7
36519 11 11 5
36520 19 18 6
36521 20 20 6
36522 16 16 6
36523 18 18 4
36524 20 19 7
36525 13 12 6
36526 6 6 6
36527 11 10 6
36528 10 10 6
36529 20 20 8
36530 16 15 5
36531 7 6 5
36532 15 15 7
36533 7 6 5
36534 17 17 5
36535 13 13 5
36536 15 15 7
36537 11 10 6
36538 16 16 8
36539 8 8 4
36540 10 9 5
36541 17 17 5
36542 19 19 5
36543 17 16 6
36544 12 12 6
36545 8 8 4
36546 24 23 7
36547 13 13 5
36548 13 13 5
36549 13 13 5
36550 17 17 5
36551 15 14 4
36552 18 17 9
36553 13 13 5
36554 11 10 6
36555 10 10 4
36556 12 11 7
36557 9 9 5
36558 17 16 6
36559 6 5 4
36560 24 23 9
36561 19 18 8
36562 12 12 6
36563 6 6 6
36564 11 10 6
36565 8 8 4
36566 14 13 7
36567 17 16 6
36568 16 15 5
36569 13 12 6
36570 18 17 7
36571 13 12 6
36572 8 8 4
36573 12 11 5
36574 11 10 4
36575 12 11 5
36576 15 15 7
36577 11 10 4
36578 6 5 4
36579 18 17 9
36580 13 13 5
36581 13 13 5
36582 11 11 5
36583 13 12 6
36584 20 20 6
36585 14 14 6
36586 14 14 6
36587 12 11 5
36588 11 11 5
36589 15 14 6
36590 14 14 4
36591 10 9 5
36592 15 15 5
36593 15 14 4
36594 12 11 5
36595 13 12 4
36596 8 7 6
36597 10 10 4
36598 10 9 5
36599 13 13 5
36600 9 9 5
36601 17 16 6
36602 12 11 5
36603 15 14 6
36604 10 10 6
36605 20 19 7
36606 11 10 6
36607 14 14 6
36608 12 12 6
36609 18 17 5
36610 13 13 5
36611 9 9 5
36612 13 12 6
36613 8 8 4
36614 24 23 5
36615 13 13 5
36616 9 8 4
36617 14 13 7
36618 15 14 4
36619 16 15 5
36620 17 16 4
36621 10 9 5
36622 17 17 5
36623 11 11 7
36624 13 12 6
36625 10 10 6
36626 14 14 6
36627 6 5 4
36628 18 17 7
36629 5 5 5
36630 10 9 5
36631 11 11 5
36632 13 12 6
36633 8 8 4
36634 18 17 5
36635 7 7 7
36636 20 20 8
36637 14 14 6
36638 12 12 4
36639 12 11 7
36640 13 12 6
36641 14 14 6
36642 10 10 4
36643 14 13 5
36644 11 10 6
36645 16 15 5
36646 13 12 4
36647 12 11 5
36648 19 18 6
36649 8 8 8
36650 13 13 5
36651 5 5 5
36652 14 13 5
36653 9 8 7
36654 11 10 4
36655 8 7 6
36656 14 14 8
36657 10 10 6
36658 10 10 4
36659 24 23 7
36660 13 13 5
36661 13 12 4
36662 16 15 5
36663 9 8 4
36664 20 19 5
36665 25 24 6
36666 6 6 6
36667 19 18 6
36668 12 12 4
36669 16 15 5
36670 13 12 4
36671 22 21 5
36672 19 19 5
36673 21 20 4
36674 20 19 5
36675 15 14 4
36676 14 13 5
36677 19 18 4
36678 38 37 5
36679 17 16 4
36680 24 23 5
36681 35 34 4
36682 22 21 5
36683 21 20 4
36684 28 27 5
36685 19 18 4
36686 18 17 5
36687 17 16 4
36688 36 35 9
36689 23 22 6
36690 20 20 4
36691 40 39 7
36692 23 22 6
36693 18 17 5
36694 11 10 4
36695 30 29 9
36696 15 14 4
36697 24 23 5
36698 17 16 6
36699 30 30 10
36700 20 19 7
36701 29 28 6
36702 20 20 6
36703 38 37 9
36704 23 22 6
36705 16 15 5
36706 31 31 11
36707 23 23 5
36708 23 22 8
36709 36 35 7
36710 25 24 12
36711 12 12 6
36712 24 24 4
36713 24 23 5
36714 33 32 8
36715 22 22 6
36716 16 16 6
36717 22 21 9
36718 19 18 10
36719 24 24 6
36720 16 16 6
36721 12 12 4
36722 14 13 5
36723 21 20 6
36724 14 13 5
36725 17 16 8
36726 20 20 6
36727 6 5 4
36728 24 23 7
36729 19 19 7
36730 23 23 9
36731 17 16 6
36732 10 9 5
36733 19 19 7
36734 15 15 7
36735 23 23 7
36736 17 16 6
36737 12 12 6
36738 16 16 6
36739 12 12 6
36740 16 15 5
36741 13 12 4
36742 12 11 5
36743 19 18 4
36744 20 19 5
36745 11 11 5
36746 15 14 6
36747 14 13 5
36748 19 19 7
36749 15 14 6
36750 14 14 6
36751 12 12 4
36752 12 11 5
36753 9 8 4
36754 12 11 7
36755 9 8 4
36756 12 11 5
36757 13 13 5
36758 15 15 5
36759 17 16 4
36760 14 13 5
36761 13 12 4
36762 10 9 5
36763 13 12 6
36764 12 12 6
36765 12 11 5
36766 17 16 6
36767 12 12 6
36768 10 10 4
36769 10 9 5
36770 15 15 7
36771 7 6 5
36772 21 20 6
36773 12 11 5
36774 21 20 4
36775 22 21 5
36776 11 10 4
36777 14 13 5
36778 7 6 5
36779 19 18 4
36780 14 13 5
36781 23 22 4
36782 10 9 5
36783 17 16 4
36784 22 21 5
36785 11 10 4
36786 14 13 5
36787 23 22 6
36788 20 20 4
36789 16 15 7
36790 17 16 4
36791 16 15 5
36792 21 20 6
36793 10 10 4
36794 14 13 5
36795 15 14 4
36796 18 17 7
36797 19 18 4
36798 18 17 5
36799 21 21 5
36800 9 9 5
36801 21 20 6
36802 6 5 4
36803 12 11 5
36804 25 24 8
36805 20 20 8
36806 20 19 7
36807 15 14 6
36808 16 16 6
36809 6 5 4
36810 12 11 5
36811 11 11 5
36812 25 25 11
36813 11 11 5
36814 21 20 4
36815 18 17 5
36816 21 20 4
36817 20 19 5
36818 15 14 4
36819 22 21 5
36820 15 15 5
36821 13 12 4
36822 14 13 5
36823 23 22 6
36824 10 10 4
36825 22 21 7
36826 11 10 6
36827 14 13 5
36828 25 24 8
36829 22 21 7
36830 17 16 4
36831 14 13 5
36832 13 13 5
36833 9 8 4
36834 6 5 4
36835 12 11 5
36836 19 19 5
36837 13 13 5
36838 17 16 8
36839 26 25 5
36840 13 12 4
36841 12 11 5
36842 27 27 7
36843 15 15 5
36844 15 15 5
36845 17 17 7
36846 21 20 6
36847 26 25 7
36848 15 15 5
36849 15 14 4
36850 20 19 5
36851 25 25 9
36852 5 5 5
36853 22 21 7
36854 21 20 6
36855 24 24 6
36856 8 8 4
36857 22 21 7
36858 23 23 7
36859 15 14 4
36860 12 11 5
36861 21 20 6
36862 18 18 4
36863 20 19 7
36864 15 14 6
36865 24 24 4
36866 20 19 5
36867 21 21 5
36868 9 9 5
36869 19 19 7
36870 15 14 6
36871 20 20 6
36872 8 8 4
36873 22 21 5
36874 9 8 4
36875 18 17 7
36876 23 22 4
36877 14 13 5
36878 19 18 6
36879 12 11 5
36880 19 18 6
36881 18 18 6
36882 12 12 4
36883 16 15 7
36884 21 20 4
36885 14 13 5
36886 17 16 4
36887 14 13 5
36888 13 12 4
36889 20 19 5
36890 13 13 5
36891 13 13 5
36892 7 6 5
36893 17 16 4
36894 12 11 5
36895 19 18 4
36896 10 9 5
36897 9 8 4
36898 16 15 5
36899 15 14 6
36900 10 10 6
36901 14 13 5
36902 13 12 6
36903 12 12 4
36904 16 15 5
36905 19 18 6
36906 16 16 6
36907 10 9 5
36908 11 10 4
36909 14 13 7
36910 17 16 4
36911 16 15 5
36912 11 11 5
36913 9 9 5
36914 9 8 4
36915 10 9 5
36916 13 13 7
36917 11 10 6
36918 12 12 6
36919 10 9 5
36920 19 18 4
36921 16 15 5
36922 17 17 5
36923 9 9 5
36924 15 14 6
36925 6 6 6
36926 13 12 6
36927 8 7 6
36928 14 14 6
36929 6 6 6
36930 11 10 6
36931 6 6 6
36932 15 14 8
36933 14 14 6
36934 12 12 4
36935 18 17 5
36936 11 10 6
36937 6 6 6
36938 15 14 6
36939 10 10 6
36940 14 14 4
36941 12 11 5
36942 11 11 5
36943 11 10 6
36944 14 13 5
36945 13 13 5
36946 9 9 5
36947 9 9 5
36948 11 10 6
36949 10 9 5
36950 13 13 7
36951 13 12 6
36952 12 11 5
36953 9 8 4
36954 6 5 4
36955 18 17 7
36956 15 14 4
36957 10 9 5
36958 13 13 5
36959 15 15 7
36960 17 16 4
36961 14 13 5
36962 19 19 5
36963 13 12 4
36964 16 15 5
36965 11 10 4
36966 14 13 5
36967 13 12 6
36968 12 12 6
36969 12 12 8
36970 10 10 4
36971 20 19 7
36972 19 18 6
36973 12 12 6
36974 12 11 5
36975 13 12 4
36976 14 13 5
36977 15 14 6
36978 20 19 5
36979 13 12 4
36980 14 13 5
36981 11 10 4
36982 14 13 5
36983 17 17 5
36984 19 18 4
36985 18 17 5
36986 11 10 4
36987 10 9 5
36988 11 11 5
36989 17 16 6
36990 16 16 6
36991 12 11 5
36992 17 17 5
36993 13 12 4
36994 14 13 5
36995 21 20 6
36996 24 24 4
36997 10 9 5
36998 17 16 8
36999 18 18 4
37000 16 15 5
37001 17 16 4
37002 12 11 5
37003 15 14 6
37004 12 12 4
37005 22 21 5
37006 9 9 5
37007 13 12 6
37008 12 11 5
37009 13 12 6
37010 14 13 5
37011 11 11 5
37012 19 18 6
37013 18 17 5
37014 13 12 4
37015 10 9 5
37016 15 14 8
37017 14 14 4
37018 16 15 7
37019 13 12 6
37020 12 11 5
37021 9 8 4
37022 10 9 5
37023 13 12 4
37024 12 11 5
37025 13 13 7
37026 13 13 5
37027 9 9 5
37028 11 10 6
37029 16 16 6
37030 10 9 5
37031 13 13 5
37032 13 12 6
37033 10 9 5
37034 13 12 6
37035 18 17 7
37036 15 14 4
37037 20 19 5
37038 13 12 4
37039 18 17 5
37040 7 6 5
37041 15 14 6
37042 14 13 5
37043 13 13 5
37044 11 10 6
37045 12 12 4
37046 18 17 7
37047 15 15 5
37048 9 8 4
37049 20 19 9
37050 7 7 7
37051 8 8 4
37052 8 7 6
37053 16 16 6
37054 24 24 6
37055 14 14 6
37056 16 16 8
37057 10 10 4
37058 12 11 7
37059 15 14 4
37060 10 9 5
37061 23 22 8
37062 14 14 6
37063 14 14 6
37064 10 9 5
37065 15 15 5
37066 7 7 7
37067 20 19 5
37068 13 13 5
37069 17 17 5
37070 9 8 4
37071 12 11 5
37072 7 6 5
37073 21 20 6
37074 12 11 5
37075 7 6 5
37076 13 13 7
37077 13 12 6
37078 16 15 5
37079 9 9 5
37080 15 14 6
37081 14 14 4
37082 16 15 7
37083 15 14 4
37084 18 17 7
37085 11 11 5
37086 15 14 6
37087 20 20 4
37088 18 17 7
37089 15 15 5
37090 11 10 4
37091 12 11 5
37092 19 19 5
37093 9 9 5
37094 9 9 5
37095 9 8 4
37096 18 17 5
37097 15 14 6
37098 10 9 5
37099 19 18 6
37100 8 8 4
37101 12 11 5
37102 9 9 5
37103 13 12 6
37104 10 10 6
37105 10 9 5
37106 13 12 6
37107 16 15 7
37108 11 10 6
37109 8 8 4
37110 10 9 5
37111 11 11 5
37112 11 10 6
37113 14 14 6
37114 6 5 4
37115 12 11 7
37116 5 5 5
37117 12 11 5
37118 11 10 6
37119 12 11 5
37120 17 17 7
37121 17 16 6
37122 8 8 4
37123 14 13 5
37124 11 11 5
37125 13 12 4
37126 6 5 4
37127 14 13 7
37128 15 14 6
37129 10 10 6
37130 10 9 5
37131 11 10 6
37132 6 5 4
37133 12 11 5
37134 9 9 5
37135 5 5 5
37136 14 13 7
37137 13 12 6
37138 8 8 4
37139 10 9 5
37140 15 15 7
37141 15 15 5
37142 17 17 7
37143 11 10 6
37144 12 12 6
37145 10 10 4
37146 12 11 5
37147 7 7 7
37148 12 11 7
37149 15 14 6
37150 8 8 4
37151 10 9 5
37152 5 5 5
37153 12 11 7
37154 13 12 6
37155 8 8 4
37156 8 7 6
37157 12 12 6
37158 16 15 7
37159 19 18 4
37160 12 11 5
37161 25 24 6
37162 12 12 8
37163 12 12 4
37164 12 11 5
37165 11 10 4
37166 12 11 5
37167 13 13 5
37168 21 20 6
37169 10 9 5
37170 11 11 5
37171 9 8 4
37172 10 9 5
37173 7 7 7
37174 8 8 8
37175 17 16 4
37176 16 15 5
37177 15 15 5
37178 15 15 5
37179 11 10 4
37180 12 11 5
37181 23 22 8
37182 18 17 5
37183 11 10 4
37184 14 13 5
37185 13 12 4
37186 18 17 5
37187 11 10 4
37188 6 5 4
37189 16 15 5
37190 19 18 4
37191 16 15 5
37192 21 21 5
37193 15 14 4
37194 10 9 5
37195 15 14 4
37196 18 17 5
37197 23 23 5
37198 27 26 4
37199 22 21 5
37200 13 12 4
37201 12 11 5
37202 9 8 4
37203 18 17 5
37204 19 18 4
37205 20 19 5
37206 17 16 6
37207 12 12 4
37208 14 13 5
37209 13 12 4
37210 12 11 5
37211 23 22 4
37212 26 25 5
37213 19 18 4
37214 18 17 5
37215 13 12 4
37216 24 23 5
37217 15 15 5
37218 17 16 4
37219 18 17 5
37220 15 14 4
37221 26 25 5
37222 21 20 4
37223 26 25 5
37224 21 20 4
37225 18 17 5
37226 25 24 6
37227 22 21 5
37228 33 32 4
37229 10 9 5
37230 11 10 4
37231 20 19 5
37232 15 14 4
37233 30 29 5
37234 9 8 4
37235 32 31 5
37236 13 12 4
37237 20 19 5
37238 21 21 5
37239 11 10 4
37240 10 9 5
37241 21 20 4
37242 36 35 7
37243 25 24 8
37244 16 16 4
37245 14 13 5
37246 17 17 5
37247 17 16 4
37248 16 15 5
37249 13 13 5
37250 15 14 4
37251 20 19 5
37252 13 12 4
37253 16 15 7
37254 23 22 4
37255 16 15 7
37256 15 14 4
37257 16 15 5
37258 15 15 7
37259 15 14 4
37260 22 21 5
37261 9 9 5
37262 19 18 6
37263 16 15 5
37264 19 18 4
37265 24 23 7
37266 19 18 6
37267 16 16 4
37268 28 27 5
37269 21 21 5
37270 13 13 5
37271 27 26 4
37272 22 21 5
37273 9 9 5
37274 21 20 6
37275 14 14 4
37276 18 17 5
37277 11 11 5
37278 15 14 6
37279 10 10 6
37280 14 14 4
37281 14 13 5
37282 19 19 5
37283 15 15 5
37284 15 14 6
37285 10 10 4
37286 20 19 5
37287 11 10 4
37288 10 9 5
37289 19 18 4
37290 18 17 5
37291 9 8 4
37292 14 13 7
37293 17 16 4
37294 18 17 7
37295 19 18 6
37296 10 10 4
37297 10 9 5
37298 11 10 6
37299 16 16 6
37300 16 15 5
37301 11 10 4
37302 6 5 4
37303 18 17 5
37304 11 11 5
37305 19 19 7
37306 13 12 4
37307 10 9 5
37308 11 10 6
37309 12 12 6
37310 14 14 6
37311 6 6 6
37312 19 18 4
37313 12 11 5
37314 11 10 6
37315 16 16 6
37316 14 13 7
37317 19 18 4
37318 18 17 5
37319 15 15 7
37320 11 10 4
37321 12 11 5
37322 7 7 7
37323 10 10 4
37324 16 15 5
37325 17 17 5
37326 9 8 7
37327 15 14 6
37328 20 20 6
37329 16 15 5
37330 17 16 4
37331 16 15 5
37332 7 6 5
37333 25 25 5
37334 15 15 5
37335 21 21 7
37336 13 12 6
37337 18 18 6
37338 14 14 6
37339 14 14 6
37340 10 10 4
37341 16 15 5
37342 15 15 5
37343 11 10 6
37344 10 10 6
37345 12 12 6
37346 6 6 6
37347 13 13 7
37348 15 14 6
37349 16 16 4
37350 12 11 5
37351 13 13 7
37352 9 9 5
37353 11 11 5
37354 9 9 5
37355 13 12 6
37356 12 11 7
37357 15 14 6
37358 6 5 4
37359 10 9 5
37360 11 10 4
37361 16 15 5
37362 11 11 5
37363 17 16 6
37364 14 14 6
37365 14 13 7
37366 11 10 6
37367 8 8 4
37368 8 7 6
37369 16 16 6
37370 10 10 6
37371 12 12 6
37372 14 13 5
37373 9 9 5
37374 7 6 5
37375 9 9 5
37376 11 11 5
37377 5 5 5
37378 12 11 7
37379 11 11 7
37380 19 18 6
37381 14 13 5
37382 7 6 5
37383 11 11 5
37384 9 8 4
37385 12 11 5
37386 7 7 7
37387 12 12 6
37388 14 13 7
37389 13 12 6
37390 12 11 5
37391 13 12 4
37392 10 9 5
37393 13 13 7
37394 13 12 6
37395 14 14 6
37396 10 10 6
37397 10 10 6
37398 8 7 6
37399 12 12 6
37400 12 12 6
37401 12 12 6
37402 12 12 4
37403 14 13 5
37404 15 14 8
37405 14 14 4
37406 6 5 4
37407 14 13 5
37408 7 6 5
37409 11 11 5
37410 5 5 5
37411 16 15 5
37412 9 9 5
37413 17 16 6
37414 10 10 6
37415 12 11 5
37416 11 11 5
37417 13 12 8
37418 12 12 6
37419 14 14 4
37420 18 17 7
37421 13 12 4
37422 12 11 5
37423 7 6 5
37424 9 8 4
37425 10 9 5
37426 19 19 9
37427 23 22 6
37428 10 10 4
37429 18 17 7
37430 15 14 6
37431 6 6 6
37432 13 13 5
37433 11 10 4
37434 20 19 7
37435 15 14 6
37436 16 15 5
37437 5 5 5
37438 12 11 5
37439 11 10 4
37440 10 9 5
37441 13 13 5
37442 29 28 4
37443 20 19 5
37444 21 20 6
37445 10 10 4
37446 10 9 5
37447 13 13 5
37448 11 10 6
37449 12 11 5
37450 15 15 5
37451 9 8 4
37452 14 13 7
37453 11 10 6
37454 8 8 4
37455 8 7 6
37456 14 14 6
37457 14 13 5
37458 21 21 5
37459 17 16 4
37460 14 13 5
37461 7 6 5
37462 13 12 6
37463 12 12 6
37464 12 11 5
37465 17 16 6
37466 20 20 8
37467 16 16 4
37468 12 11 5
37469 7 6 5
37470 27 27 5
37471 25 24 6
37472 22 21 5
37473 19 18 4
37474 18 17 5
37475 19 18 4
37476 20 19 5
37477 27 27 5
37478 25 24 4
37479 24 23 5
37480 19 18 4
37481 22 21 5
37482 21 20 4
37483 18 17 5
37484 19 18 4
37485 16 15 5
37486 15 14 4
37487 16 15 5
37488 23 22 4
37489 28 27 5
37490 11 10 4
37491 20 19 5
37492 15 14 4
37493 22 21 5
37494 13 12 4
37495 22 21 5
37496 13 12 4
37497 20 19 7
37498 17 16 8
37499 40 40 10
37500 26 26 10
37501 14 14 4
37502 16 15 5
37503 15 14 6
37504 8 8 4
37505 28 27 7
37506 17 17 5
37507 13 13 5
37508 25 24 6
37509 32 31 13
37510 17 16 4
37511 12 11 5
37512 13 12 4
37513 18 17 5
37514 25 24 8
37515 22 22 8
37516 14 14 6
37517 26 26 8
37518 14 13 5
37519 29 29 5
37520 19 18 6
37521 16 15 5
37522 19 18 6
37523 16 15 5
37524 13 12 4
37525 18 17 7
37526 11 11 5
37527 17 16 4
37528 22 21 5
37529 9 8 4
37530 26 25 5
37531 23 22 4
37532 18 17 5
37533 15 14 4
37534 34 33 11
37535 27 26 6
37536 16 16 6
37537 14 14 4
37538 30 29 11
37539 15 15 5
37540 13 12 4
37541 16 15 5
37542 39 39 13
37543 21 20 4
37544 16 15 7
37545 31 30 10
37546 26 25 5
37547 19 18 6
37548 22 22 10
37549 16 16 4
37550 24 23 7
37551 15 15 5
37552 25 24 4
37553 20 19 5
37554 23 22 6
37555 26 25 5
37556 19 19 5
37557 19 19 5
37558 13 12 4
37559 22 21 5
37560 27 27 5
37561 19 18 4
37562 16 15 5
37563 19 18 6
37564 16 16 6
37565 16 16 4
37566 20 19 7
37567 23 22 6
37568 28 27 5
37569 15 15 7
37570 15 14 4
37571 22 21 9
37572 19 19 5
37573 11 10 4
37574 20 19 5
37575 17 16 6
37576 14 13 7
37577 23 22 12
37578 18 18 4
37579 24 23 5
37580 15 14 4
37581 16 15 5
37582 15 14 4
37583 14 13 5
37584 19 18 6
37585 24 24 4
37586 14 13 5
37587 17 16 6
37588 14 14 4
37589 10 9 5
37590 13 13 5
37591 11 10 4
37592 16 15 5
37593 17 16 6
37594 16 16 6
37595 20 20 6
37596 18 18 6
37597 14 14 6
37598 20 20 8
37599 24 24 4
37600 22 21 5
37601 9 8 4
37602 14 13 5
37603 13 13 5
37604 15 14 4
37605 18 17 7
37606 7 6 5
37607 13 13 5
37608 11 11 5
37609 13 13 5
37610 11 10 4
37611 16 15 5
37612 17 17 5
37613 11 11 5
37614 19 18 6
37615 10 10 4
37616 16 15 5
37617 9 8 4
37618 18 17 5
37619 9 8 4
37620 10 9 5
37621 17 17 5
37622 15 14 4
37623 16 15 5
37624 13 13 5
37625 21 20 6
37626 16 15 7
37627 13 12 4
37628 16 15 5
37629 15 14 6
37630 16 16 4
37631 20 19 7
37632 11 11 5
37633 23 22 6
37634 16 16 4
37635 24 23 5
37636 17 16 6
37637 14 13 5
37638 15 15 5
37639 17 17 5
37640 15 15 7
37641 15 14 6
37642 20 19 5
37643 21 21 7
37644 7 6 5
37645 7 6 5
37646 11 10 4
37647 12 11 5
37648 17 16 6
37649 16 15 5
37650 21 20 6
37651 20 19 7
37652 13 13 5
37653 11 10 4
37654 12 11 5
37655 9 9 5
37656 11 10 6
37657 18 17 5
37658 13 13 5
37659 11 10 6
37660 12 12 6
37661 14 14 6
37662 14 13 5
37663 13 12 4
37664 16 15 7
37665 9 9 5
37666 17 16 6
37667 16 16 6
37668 8 8 4
37669 18 17 9
37670 13 12 4
37671 16 15 7
37672 11 10 4
37673 12 11 5
37674 13 12 4
37675 18 17 7
37676 11 10 4
37677 12 11 5
37678 17 16 4
37679 10 9 5
37680 15 14 8
37681 12 12 4
37682 10 9 5
37683 15 14 6
37684 16 15 7
37685 15 14 6
37686 6 5 4
37687 14 13 5
37688 11 11 5
37689 13 12 6
37690 6 6 6
37691 15 14 4
37692 12 11 7
37693 15 14 6
37694 10 10 4
37695 12 11 5
37696 7 7 7
37697 14 14 4
37698 10 9 5
37699 13 13 7
37700 11 11 7
37701 15 14 4
37702 20 19 5
37703 11 10 4
37704 10 9 5
37705 13 12 4
37706 10 9 5
37707 21 20 6
37708 10 10 4
37709 12 11 5
37710 11 11 5
37711 13 12 6
37712 16 16 8
37713 14 14 6
37714 8 8 4
37715 16 15 7
37716 9 8 4
37717 12 11 5
37718 15 14 8
37719 20 20 4
37720 20 19 5
37721 21 20 4
37722 14 13 5
37723 15 14 6
37724 16 15 5
37725 9 8 4
37726 12 11 5
37727 11 11 5
37728 17 16 4
37729 10 9 5
37730 15 15 5
37731 13 13 7
37732 11 10 4
37733 16 15 7
37734 13 12 4
37735 14 13 5
37736 15 14 4
37737 12 11 5
37738 17 16 4
37739 12 11 5
37740 13 13 5
37741 13 13 5
37742 13 12 6
37743 14 14 4
37744 22 21 5
37745 11 10 6
37746 14 14 4
37747 10 9 5
37748 21 20 4
37749 20 19 5
37750 21 20 6
37751 14 13 5
37752 19 18 4
37753 12 11 5
37754 17 16 6
37755 18 18 6
37756 8 8 4
37757 22 21 5
37758 15 14 4
37759 12 11 5
37760 15 14 6
37761 14 14 4
37762 16 15 5
37763 15 15 5
37764 19 19 5
37765 17 16 4
37766 12 11 5
37767 11 10 4
37768 16 15 5
37769 15 15 5
37770 11 10 4
37771 16 15 5
37772 13 13 5
37773 21 21 5
37774 9 9 5
37775 17 17 7
37776 13 12 4
37777 22 21 5
37778 15 14 6
37779 12 12 4
37780 10 9 5
37781 15 14 4
37782 6 5 4
37783 16 15 5
37784 21 21 7
37785 13 12 4
37786 18 17 5
37787 11 10 4
37788 16 15 7
37789 9 9 5
37790 15 14 4
37791 16 15 5
37792 11 10 4
37793 10 9 5
37794 13 12 6
37795 20 19 5
37796 15 15 5
37797 17 16 6
37798 10 10 6
37799 10 10 4
37800 14 13 5
37801 13 13 5
37802 13 12 4
37803 12 11 5
37804 11 11 5
37805 25 24 6
37806 10 10 6
37807 14 14 4
37808 16 15 5
37809 17 16 8
37810 10 10 6
37811 12 12 4
37812 14 13 5
37813 15 15 5
37814 9 8 4
37815 20 19 5
37816 13 12 6
37817 12 12 6
37818 6 6 6
37819 11 10 4
37820 16 15 7
37821 13 12 4
37822 10 9 5
37823 19 19 5
37824 13 12 6
37825 8 8 4
37826 18 17 7
37827 19 19 5
37828 9 9 5
37829 11 11 5
37830 11 11 5
37831 13 12 6
37832 12 12 4
37833 12 11 5
37834 9 9 5
37835 15 14 8
37836 24 23 9
37837 9 9 5
37838 15 14 6
37839 14 14 6
37840 12 11 5
37841 27 26 12
37842 12 12 4
37843 10 9 5
37844 11 11 5
37845 19 18 6
37846 14 14 4
37847 12 11 5
37848 13 12 4
37849 10 9 5
37850 23 23 7
37851 11 11 5
37852 11 11 5
37853 17 16 4
37854 10 9 5
37855 17 17 7
37856 19 18 6
37857 16 16 6
37858 16 16 8
37859 14 14 6
37860 14 13 5
37861 17 16 6
37862 14 14 6
37863 10 9 5
37864 15 14 6
37865 20 19 7
37866 9 8 4
37867 20 19 5
37868 19 19 9
37869 13 12 6
37870 20 20 6
37871 12 11 5
37872 17 17 5
37873 19 19 5
37874 21 21 5
37875 9 8 4
37876 20 19 7
37877 11 11 5
37878 11 10 4
37879 24 23 5
37880 11 11 5
37881 17 16 6
37882 8 8 4
37883 16 15 5
37884 9 8 4
37885 16 15 7
37886 15 14 6
37887 18 18 4
37888 14 13 5
37889 15 15 5
37890 15 14 6
37891 10 10 4
37892 12 11 7
37893 13 12 4
37894 24 23 7
37895 19 18 4
37896 6 5 4
37897 12 11 5
37898 9 9 5
37899 19 18 6
37900 12 11 5
37901 15 15 5
37902 11 10 4
37903 16 15 5
37904 15 14 6
37905 14 13 7
37906 11 10 4
37907 14 13 5
37908 11 10 4
37909 12 11 5
37910 15 15 7
37911 11 10 4
37912 6 5 4
37913 14 13 7
37914 11 10 6
37915 14 14 6
37916 12 11 7
37917 17 16 4
37918 12 11 5
37919 15 14 6
37920 12 12 4
37921 18 17 7
37922 15 14 4
37923 14 13 7
37924 9 8 4
37925 14 13 5
37926 25 24 8
37927 10 10 6
37928 6 6 6
37929 11 10 6
37930 10 10 4
37931 10 9 5
37932 17 17 5
37933 13 13 5
37934 23 22 8
37935 6 6 6
37936 11 10 6
37937 6 6 6
37938 19 18 6
37939 20 19 7
37940 17 17 5
37941 17 17 7
37942 15 14 4
37943 10 9 5
37944 11 10 6
37945 14 13 7
37946 9 8 4
37947 12 11 5
37948 11 10 4
37949 20 19 7
37950 11 10 4
37951 12 11 5
37952 11 10 6
37953 10 10 6
37954 12 11 5
37955 13 12 4
37956 20 19 5
37957 11 11 5
37958 15 14 6
37959 10 9 5
37960 9 9 5
37961 7 6 5
37962 13 13 5
37963 11 11 5
37964 15 15 5
37965 9 8 4
37966 16 15 7
37967 11 10 4
37968 14 13 5
37969 13 13 5
37970 21 21 7
37971 17 16 6
37972 18 18 4
37973 6 5 4
37974 12 11 5
37975 13 12 8
37976 18 18 4
37977 18 17 5
37978 17 16 6
37979 18 17 5
37980 15 14 4
37981 12 11 5
37982 11 11 5
37983 13 13 5
37984 15 14 6
37985 16 16 8
37986 16 16 4
37987 24 23 5
37988 15 14 6
37989 18 17 5
37990 13 12 6
37991 16 16 6
37992 10 10 4
37993 12 11 5
37994 23 22 6
37995 10 10 4
37996 12 11 5
37997 9 9 5
37998 13 12 6
37999 14 14 6
38000 16 16 6
38001 14 13 5
38002 15 14 6
38003 10 10 4
38004 6 5 4
38005 10 9 5
38006 15 14 6
38007 12 12 6
38008 12 11 5
38009 11 11 7
38010 19 18 4
38011 12 11 5
38012 13 13 5
38013 13 13 5
38014 11 10 6
38015 12 12 6
38016 12 12 6
38017 12 12 4
38018 16 15 7
38019 17 16 6
38020 10 10 4
38021 12 11 5
38022 23 22 6
38023 14 13 5
38024 33 32 6
38025 12 12 4
38026 16 15 5
38027 11 11 5
38028 9 8 4
38029 24 23 5
38030 25 25 5
38031 19 18 6
38032 20 20 4
38033 14 13 5
38034 31 30 4
38035 30 29 5
38036 19 18 4
38037 24 23 5
38038 29 28 4
38039 28 27 5
38040 29 28 4
38041 28 27 5
38042 21 20 4
38043 10 9 5
38044 17 16 6
38045 16 16 4
38046 32 31 5
38047 17 16 4
38048 22 21 5
38049 15 15 5
38050 19 19 5
38051 41 40 6
38052 16 16 4
38053 26 25 7
38054 25 24 4
38055 14 13 5
38056 33 32 8
38057 26 26 6
38058 22 21 5
38059 17 16 4
38060 26 25 5
38061 21 20 4
38062 18 17 5
38063 17 16 4
38064 24 23 5
38065 15 14 4
38066 24 23 5
38067 21 20 4
38068 14 13 5
38069 11 10 4
38070 20 19 5
38071 25 24 6
38072 14 13 5
38073 23 22 10
38074 24 23 5
38075 15 14 6
38076 26 25 5
38077 11 11 5
38078 13 12 4
38079 14 13 5
38080 17 17 5
38081 13 12 4
38082 12 11 5
38083 15 14 6
38084 16 15 5
38085 11 11 5
38086 11 10 4
38087 26 25 9
38088 13 12 6
38089 10 10 4
38090 12 11 5
38091 33 33 9
38092 29 29 9
38093 13 12 4
38094 20 19 5
38095 11 10 6
38096 14 14 4
38097 14 13 5
38098 17 16 6
38099 12 12 4
38100 14 13 5
38101 11 10 4
38102 12 11 5
38103 7 7 7
38104 18 18 6
38105 8 8 4
38106 18 17 5
38107 11 11 5
38108 17 17 5
38109 13 13 5
38110 15 14 4
38111 20 19 7
38112 15 15 5
38113 7 6 5
38114 11 11 5
38115 19 19 7
38116 17 16 6
38117 14 13 5
38118 9 8 4
38119 10 9 5
38120 23 22 8
38121 18 18 4
38122 16 15 7
38123 25 24 10
38124 10 9 5
38125 21 20 8
38126 26 25 7
38127 21 20 10
38128 20 19 7
38129 11 10 4
38130 20 19 7
38131 15 15 5
38132 9 9 5
38133 13 12 4
38134 18 17 5
38135 13 12 6
38136 20 20 6
38137 12 12 6
38138 18 18 6
38139 20 20 4
38140 16 15 7
38141 23 22 6
38142 22 22 6
38143 20 19 9
38144 9 8 7
38145 21 21 7
38146 9 8 4
38147 14 13 7
38148 15 14 6
38149 24 23 7
38150 15 15 7
38151 19 18 6
38152 16 16 6
38153 14 13 5
38154 15 15 7
38155 11 10 4
38156 22 21 7
38157 11 11 5
38158 11 10 6
38159 16 16 6
38160 14 14 8
38161 14 14 4
38162 16 15 5
38163 13 13 5
38164 9 8 4
38165 12 11 5
38166 11 10 6
38167 10 9 5
38168 13 13 7
38169 19 19 5
38170 11 10 4
38171 14 13 5
38172 9 9 5
38173 11 10 6
38174 20 20 6
38175 16 16 6
38176 10 10 4
38177 14 13 7
38178 9 9 5
38179 11 10 4
38180 8 7 6
38181 14 14 6
38182 12 12 8
38183 18 18 6
38184 12 12 6
38185 14 14 6
38186 10 9 5
38187 9 9 5
38188 13 13 7
38189 15 15 7
38190 7 6 5
38191 9 8 4
38192 12 11 5
38193 11 11 7
38194 25 24 6
38195 16 15 5
38196 19 18 6
38197 18 18 6
38198 12 11 7
38199 15 14 6
38200 12 12 4
38201 12 11 5
38202 13 13 5
38203 13 12 6
38204 14 14 8
38205 10 9 5
38206 15 14 4
38207 18 17 5
38208 11 11 5
38209 17 16 4
38210 16 15 5
38211 9 8 4
38212 10 9 5
38213 9 9 5
38214 11 11 5
38215 11 11 5
38216 13 12 6
38217 10 9 5
38218 21 21 5
38219 17 17 5
38220 13 13 5
38221 19 18 6
38222 12 12 4
38223 14 13 5
38224 21 21 7
38225 9 8 4
38226 12 11 5
38227 11 10 6
38228 12 12 4
38229 12 11 7
38230 19 18 6
38231 14 13 7
38232 15 14 6
38233 10 10 4
38234 10 9 5
38235 11 11 5
38236 15 14 6
38237 12 11 5
38238 21 21 7
38239 15 14 4
38240 16 15 5
38241 11 10 4
38242 16 15 5
38243 15 14 4
38244 26 25 5
38245 15 15 5
38246 23 23 5
38247 13 12 4
38248 14 13 5
38249 11 10 6
38250 18 17 5
38251 21 20 6
38252 18 18 6
38253 8 8 4
38254 14 13 5
38255 17 16 6
38256 20 20 6
38257 10 10 4
38258 22 21 5
38259 11 11 5
38260 15 14 6
38261 16 16 4
38262 22 21 5
38263 15 15 5
38264 13 12 6
38265 14 14 4
38266 10 9 5
38267 15 15 5
38268 19 19 5
38269 7 6 5
38270 13 12 6
38271 16 16 6
38272 12 11 5
38273 13 12 6
38274 18 18 6
38275 12 12 4
38276 18 17 7
38277 17 17 5
38278 15 14 6
38279 12 11 5
38280 11 10 6
38281 14 14 6
38282 12 12 4
38283 16 15 5
38284 13 12 6
38285 12 11 5
38286 7 6 5
38287 13 13 5
38288 13 12 6
38289 10 9 5
38290 11 10 4
38291 10 9 5
38292 17 17 5
38293 9 9 5
38294 19 18 6
38295 10 10 6
38296 10 10 6
38297 16 16 6
38298 12 12 6
38299 12 12 4
38300 10 9 5
38301 17 17 7
38302 7 6 5
38303 13 12 6
38304 10 10 6
38305 18 18 6
38306 8 8 4
38307 24 23 7
38308 9 9 5
38309 11 10 4
38310 10 9 5
38311 11 10 6
38312 10 9 5
38313 11 10 6
38314 12 11 5
38315 15 14 6
38316 12 11 5
38317 17 16 6
38318 6 6 6
38319 13 12 6
38320 14 14 6
38321 12 12 6
38322 14 14 6
38323 16 15 7
38324 11 11 5
38325 9 8 4
38326 12 11 7
38327 9 8 4
38328 12 11 5
38329 9 9 5
38330 17 16 8
38331 6 5 4
38332 18 17 5
38333 17 17 5
38334 11 10 6
38335 14 13 5
38336 5 5 5
38337 18 17 5
38338 11 11 5
38339 11 11 5
38340 15 14 4
38341 10 9 5
38342 13 12 6
38343 10 10 6
38344 12 12 6
38345 12 11 5
38346 17 16 6
38347 14 14 6
38348 12 12 4
38349 10 9 5
38350 9 8 4
38351 14 13 9
38352 13 12 4
38353 18 17 5
38354 19 18 8
38355 20 20 4
38356 14 13 5
38357 7 6 5
38358 17 17 5
38359 9 8 4
38360 12 11 5
38361 17 17 5
38362 35 35 5
38363 11 10 4
38364 14 13 5
38365 11 10 4
38366 12 11 5
38367 11 10 4
38368 18 17 5
38369 25 24 4
38370 22 21 5
38371 17 16 6
38372 18 18 6
38373 6 6 6
38374 11 11 5
38375 5 5 5
38376 12 11 5
38377 27 27 7
38378 19 18 4
38379 16 15 5
38380 21 21 5
38381 7 6 5
38382 11 10 6
38383 16 16 6
38384 6 5 4
38385 20 19 5
38386 25 25 5
38387 23 22 6
38388 14 14 4
38389 10 9 5
38390 9 8 4
38391 12 11 5
38392 9 8 4
38393 22 21 5
38394 33 32 6
38395 24 24 4
38396 6 5 4
38397 10 9 5
38398 15 14 6
38399 28 28 4
38400 40 39 5
38401 29 28 4
38402 10 9 5
38403 9 8 4
38404 22 21 5
38405 13 12 4
38406 16 15 5
38407 35 34 4
38408 22 21 5
38409 21 20 4
38410 16 15 5
38411 21 21 5
38412 19 18 4
38413 32 31 5
38414 17 16 4
38415 36 35 5
38416 15 14 4
38417 24 23 5
38418 19 18 4
38419 28 27 5
38420 27 26 4
38421 26 25 5
38422 29 28 6
38423 26 26 4
38424 20 19 5
38425 39 38 4
38426 38 37 5
38427 19 18 6
38428 14 13 5
38429 19 18 4
38430 18 17 5
38431 31 31 5
38432 29 28 6
38433 18 17 7
38434 17 16 6
38435 10 10 4
38436 24 23 5
38437 17 16 4
38438 12 11 5
38439 33 32 8
38440 18 17 7
38441 13 12 4
38442 24 23 7
38443 25 25 7
38444 21 20 6
38445 28 28 6
38446 28 28 6
38447 20 19 5
38448 13 12 4
38449 16 15 5
38450 9 9 5
38451 17 17 5
38452 25 24 6
38453 22 22 6
38454 18 18 6
38455 14 14 4
38456 14 13 5
38457 21 21 5
38458 9 9 5
38459 21 20 8
38460 30 29 11
38461 21 20 8
38462 16 16 6
38463 20 20 6
38464 18 18 6
38465 20 20 10
38466 22 21 5
38467 13 12 6
38468 22 22 8
38469 14 14 6
38470 20 20 6
38471 26 25 7
38472 29 28 10
38473 20 20 6
38474 14 14 6
38475 12 12 6
38476 22 21 5
38477 25 25 9
38478 31 31 7
38479 27 27 11
38480 23 22 6
38481 24 24 6
38482 40 40 12
38483 34 33 5
38484 37 36 8
38485 28 28 4
38486 18 17 5
38487 23 22 4
38488 24 23 5
38489 21 21 5
38490 17 16 4
38491 20 19 5
38492 17 17 5
38493 23 23 5
38494 27 27 7
38495 19 19 5
38496 11 10 4
38497 16 15 5
38498 15 14 6
38499 24 24 8
38500 18 18 4
38501 18 17 5
38502 19 18 4
38503 20 19 5
38504 23 22 6
38505 20 20 8
38506 14 13 5
38507 13 12 4
38508 16 15 5
38509 15 14 6
38510 14 14 4
38511 14 13 5
38512 11 11 5
38513 25 25 7
38514 13 13 5
38515 9 8 4
38516 16 15 5
38517 17 16 6
38518 12 12 4
38519 20 19 5
38520 15 14 6
38521 8 8 4
38522 12 11 5
38523 17 16 6
38524 22 21 7
38525 13 13 5
38526 9 8 4
38527 28 27 7
38528 11 10 6
38529 14 14 6
38530 10 10 4
38531 18 17 5
38532 7 6 5
38533 13 12 4
38534 20 19 7
38535 17 16 4
38536 20 19 5
38537 17 16 6
38538 14 13 7
38539 17 16 6
38540 14 13 5
38541 19 18 4
38542 14 13 5
38543 17 17 5
38544 7 6 5
38545 13 13 5
38546 9 9 5
38547 15 15 5
38548 11 10 6
38549 16 16 6
38550 12 12 4
38551 14 13 5
38552 7 6 5
38553 13 12 6
38554 6 5 4
38555 12 11 7
38556 13 12 4
38557 20 19 5
38558 13 12 4
38559 12 11 5
38560 11 11 5
38561 13 12 6
38562 18 17 5
38563 21 20 4
38564 20 19 5
38565 11 11 5
38566 23 22 6
38567 18 17 5
38568 15 14 4
38569 14 13 5
38570 19 18 6
38571 6 6 6
38572 13 12 4
38573 14 13 5
38574 13 13 5
38575 13 12 8
38576 22 22 6
38577 12 12 6
38578 12 12 4
38579 12 11 5
38580 9 9 5
38581 13 13 5
38582 21 21 5
38583 9 9 5
38584 17 16 4
38585 6 5 4
38586 16 15 5
38587 15 15 5
38588 15 15 5
38589 11 11 5
38590 21 20 6
38591 12 11 5
38592 17 16 4
38593 10 9 5
38594 13 12 6
38595 10 10 4
38596 14 13 7
38597 11 10 4
38598 20 19 7
38599 11 10 4
38600 14 13 7
38601 11 10 4
38602 12 11 5
38603 11 11 5
38604 11 10 4
38605 18 17 5
38606 13 13 5
38607 11 10 6
38608 14 14 6
38609 10 10 4
38610 14 13 5
38611 19 19 5
38612 9 9 5
38613 21 20 6
38614 16 16 6
38615 14 14 4
38616 14 13 5
38617 13 12 4
38618 12 11 5
38619 15 14 4
38620 10 9 5
38621 17 17 5
38622 11 10 4
38623 14 13 5
38624 13 12 6
38625 10 9 5
38626 15 14 4
38627 20 19 5
38628 13 12 4
38629 12 11 5
38630 9 8 4
38631 12 11 7
38632 15 14 4
38633 12 11 5
38634 9 9 5
38635 21 20 6
38636 12 12 6
38637 10 10 4
38638 14 13 5
38639 13 12 4
38640 14 13 5
38641 17 17 7
38642 7 6 5
38643 13 12 4
38644 10 9 5
38645 11 10 6
38646 12 11 5
38647 19 19 5
38648 21 21 5
38649 11 10 4
38650 12 11 5
38651 13 12 4
38652 12 11 7
38653 13 13 7
38654 11 10 4
38655 14 13 5
38656 13 12 6
38657 12 12 6
38658 14 14 6
38659 8 8 4
38660 12 11 5
38661 15 14 6
38662 18 18 6
38663 12 11 5
38664 9 9 5
38665 13 13 5
38666 19 18 6
38667 14 14 4
38668 12 11 5
38669 11 10 6
38670 6 5 4
38671 12 11 7
38672 13 12 6
38673 18 17 5
38674 13 12 4
38675 8 7 6
38676 16 16 4
38677 6 5 4
38678 10 9 5
38679 13 12 4
38680 12 11 5
38681 15 15 5
38682 23 22 6
38683 8 8 4
38684 12 11 5
38685 9 9 5
38686 25 24 4
38687 14 13 5
38688 15 15 5
38689 11 11 5
38690 17 16 4
38691 6 5 4
38692 10 9 5
38693 7 6 5
38694 19 19 5
38695 15 14 4
38696 18 17 5
38697 11 11 5
38698 9 9 5
38699 17 16 4
38700 18 17 5
38701 9 8 4
38702 22 21 7
38703 13 13 5
38704 19 18 4
38705 12 11 5
38706 15 14 4
38707 10 9 5
38708 17 16 4
38709 20 19 5
38710 13 13 5
38711 11 11 5
38712 11 10 4
38713 6 5 4
38714 12 11 5
38715 11 11 5
38716 13 13 5
38717 13 12 4
38718 10 9 5
38719 19 18 6
38720 14 13 5
38721 15 14 6
38722 10 10 6
38723 8 8 4
38724 14 13 5
38725 17 17 5
38726 13 12 6
38727 14 14 8
38728 14 14 6
38729 6 6 6
38730 11 10 4
38731 10 9 5
38732 13 13 5
38733 17 17 5
38734 9 9 5
38735 11 10 4
38736 12 11 7
38737 13 12 4
38738 6 5 4
38739 16 15 5
38740 11 11 5
38741 23 22 4
38742 16 15 5
38743 9 9 5
38744 11 10 4
38745 20 19 7
38746 13 12 6
38747 14 13 5
38748 13 13 5
38749 21 20 10
38750 8 8 4
38751 14 13 5
38752 11 10 6
38753 14 13 7
38754 11 10 4
38755 16 15 5
38756 19 18 6
38757 36 36 4
38758 12 11 5
38759 13 12 4
38760 12 11 5
38761 11 11 5
38762 11 10 6
38763 16 16 4
38764 10 9 5
38765 11 10 6
38766 10 10 6
38767 6 6 6
38768 15 14 8
38769 18 18 6
38770 12 11 5
38771 15 14 4
38772 14 13 5
38773 27 26 4
38774 16 15 5
38775 13 12 6
38776 18 18 4
38777 10 9 5
38778 15 14 4
38779 12 11 5
38780 19 18 4
38781 12 11 5
38782 17 16 6
38783 6 6 6
38784 17 17 5
38785 19 18 6
38786 10 10 4
38787 16 15 5
38788 23 22 4
38789 10 9 5
38790 15 15 5
38791 15 14 4
38792 18 17 5
38793 11 10 4
38794 16 15 5
38795 21 20 4
38796 20 19 7
38797 27 26 4
38798 22 21 5
38799 13 12 4
38800 12 11 5
38801 23 22 4
38802 22 21 5
38803 11 11 5
38804 15 14 4
38805 22 21 5
38806 19 19 5
38807 19 18 4
38808 16 15 5
38809 21 20 4
38810 18 17 7
38811 11 10 4
38812 18 17 5
38813 25 25 5
38814 19 18 4
38815 18 17 5
38816 23 22 4
38817 20 19 5
38818 33 32 4
38819 24 23 5
38820 25 24 4
38821 28 27 5
38822 17 16 4
38823 24 23 5
38824 17 17 5
38825 21 20 4
38826 16 15 5
38827 23 22 4
38828 28 27 5
38829 25 24 4
38830 26 25 5
38831 23 23 7
38832 19 18 8
38833 28 28 4
38834 28 27 7
38835 41 41 5
38836 25 25 7
38837 31 30 6
38838 20 20 4
38839 20 19 5
38840 11 10 4
38841 20 19 5
38842 29 29 11
38843 13 12 4
38844 24 23 7
38845 15 14 6
38846 12 12 6
38847 22 21 5
38848 13 13 5
38849 21 20 4
38850 24 23 5
38851 23 22 6
38852 26 26 8
38853 10 10 4
38854 18 17 7
38855 19 18 4
38856 10 9 5
38857 27 26 8
38858 16 16 4
38859 26 25 7
38860 19 18 10
38861 12 12 4
38862 14 13 5
38863 13 13 5
38864 21 20 6
38865 12 12 6
38866 10 10 4
38867 22 21 5
38868 11 10 4
38869 18 17 5
38870 15 14 4
38871 26 25 7
38872 11 10 4
38873 18 17 7
38874 21 21 7
38875 17 17 5
38876 23 22 8
38877 12 12 6
38878 16 15 5
38879 11 10 4
38880 16 15 5
38881 21 21 9
38882 19 18 6
38883 30 29 7
38884 21 20 6
38885 14 14 6
38886 16 16 4
38887 18 17 5
38888 13 12 4
38889 24 23 5
38890 17 16 4
38891 6 5 4
38892 12 11 5
38893 11 10 6
38894 12 12 6
38895 14 14 6
38896 32 32 8
38897 14 14 6
38898 14 14 6
38899 16 16 6
38900 14 14 4
38901 14 13 5
38902 23 22 6
38903 18 17 5
38904 11 11 5
38905 7 6 5
38906 9 8 4
38907 20 19 7
38908 17 16 6
38909 12 11 5
38910 15 15 5
38911 13 13 5
38912 21 21 5
38913 21 21 9
38914 21 20 8
38915 10 10 4
38916 18 17 5
38917 9 8 4
38918 20 19 7
38919 15 14 6
38920 14 14 6
38921 10 10 4
38922 18 17 7
38923 5 5 5
38924 14 13 5
38925 11 11 5
38926 19 19 5
38927 11 10 6
38928 22 22 6
38929 14 14 4
38930 16 15 5
38931 15 14 4
38932 14 13 5
38933 25 25 7
38934 13 12 6
38935 6 6 6
38936 11 11 5
38937 15 15 5
38938 15 14 6
38939 10 10 4
38940 16 15 7
38941 15 15 5
38942 19 18 6
38943 12 12 4
38944 20 19 7
38945 9 8 4
38946 22 21 5
38947 11 11 5
38948 15 15 5
38949 9 9 5
38950 15 14 6
38951 18 18 6
38952 14 13 7
38953 13 12 4
38954 12 11 5
38955 9 9 5
38956 19 18 8
38957 10 10 6
38958 16 16 4
38959 16 15 5
38960 11 10 4
38961 16 15 7
38962 15 14 6
38963 16 16 8
38964 8 8 4
38965 18 17 5
38966 9 8 4
38967 16 15 5
38968 17 16 6
38969 16 16 6
38970 12 11 5
38971 15 14 6
38972 18 17 5
38973 13 12 4
38974 10 9 5
38975 21 20 8
38976 10 10 4
38977 18 17 7
38978 19 19 9
38979 11 10 6
38980 14 14 4
38981 16 15 5
38982 17 17 5
38983 11 10 4
38984 12 11 5
38985 13 13 5
38986 7 6 5
38987 11 11 7
38988 15 14 6
38989 16 15 5
38990 11 10 6
38991 10 10 6
38992 10 9 5
38993 15 15 9
38994 9 8 4
38995 14 13 5
38996 11 11 5
38997 17 17 7
38998 9 8 4
38999 18 17 5
39000 13 13 7
39001 13 13 5
39002 13 13 5
39003 13 13 5
39004 13 13 5
39005 11 11 5
39006 9 8 7
39007 7 6 5
39008 15 14 6
39009 10 9 5
39010 7 6 5
39011 11 10 6
39012 18 18 10
39013 12 12 6
39014 6 6 6
39015 27 26 6
39016 6 5 4
39017 14 13 5
39018 11 11 5
39019 19 18 6
39020 8 8 4
39021 18 17 7
39022 17 16 6
39023 8 8 4
39024 12 11 5
39025 7 7 7
39026 18 18 8
39027 12 11 5
39028 17 16 8
39029 14 14 4
39030 14 13 5
39031 13 13 5
39032 17 16 4
39033 16 15 5
39034 9 9 5
39035 11 11 7
39036 13 12 6
39037 18 18 6
39038 18 18 6
39039 6 6 6
39040 25 24 6
39041 8 7 6
39042 18 18 6
39043 10 10 4
39044 20 19 7
39045 21 21 7
39046 11 10 6
39047 14 14 4
39048 12 11 5
39049 9 9 5
39050 17 17 5
39051 17 16 6
39052 14 14 4
39053 10 9 5
39054 13 12 6
39055 14 13 5
39056 17 17 5
39057 15 14 6
39058 14 14 4
39059 10 9 5
39060 11 10 4
39061 10 9 5
39062 15 15 5
39063 13 13 7
39064 7 6 5
39065 13 12 6
39066 16 15 5
39067 9 8 4
39068 14 13 5
39069 23 23 5
39070 15 14 4
39071 12 11 5
39072 11 10 4
39073 16 15 5
39074 11 10 4
39075 14 13 5
39076 21 20 6
39077 18 18 6
39078 24 23 5
39079 13 12 4
39080 20 19 5
39081 15 14 4
39082 18 17 5
39083 13 12 4
39084 20 19 5
39085 15 14 4
39086 16 15 5
39087 7 6 5
39088 9 8 4
39089 22 21 5
39090 19 18 4
39091 16 15 5
39092 13 12 4
39093 28 27 5
39094 17 16 4
39095 10 9 5
39096 13 12 4
39097 20 19 5
39098 13 12 4
39099 16 15 5
39100 17 16 4
39101 16 15 5
39102 15 14 4
39103 16 15 5
39104 9 9 5
39105 9 8 4
39106 18 17 5
39107 19 19 5
39108 23 23 5
39109 11 10 4
39110 24 23 5
39111 23 23 5
39112 25 24 4
39113 20 19 5
39114 19 18 4
39115 16 15 5
39116 19 18 4
39117 28 27 5
39118 23 22 4
39119 32 31 5
39120 23 22 4
39121 26 25 5
39122 17 16 4
39123 22 21 5
39124 17 16 4
39125 48 47 5
39126 23 22 4
39127 16 15 5
39128 23 22 4
39129 20 19 5
39130 15 14 4
39131 18 17 5
39132 21 20 4
39133 18 17 5
39134 19 18 4
39135 12 11 5
39136 15 14 4
39137 10 9 5
39138 17 16 4
39139 18 17 5
39140 13 12 4
39141 12 11 5
39142 15 14 4
39143 8 7 6
39144 8 8 4
39145 18 17 5
39146 31 30 4
39147 12 11 5
39148 9 9 5
39149 9 8 4
39150 14 13 5
39151 13 13 5
39152 13 13 5
39153 15 14 4
39154 12 11 5
39155 17 16 8
39156 8 8 4
39157 6 5 4
39158 16 15 7
39159 11 10 4
39160 10 9 5
39161 17 17 5
39162 17 17 5
39163 9 9 5
39164 15 15 5
39165 17 16 6
39166 18 18 4
39167 14 13 5
39168 17 16 6
39169 8 8 4
39170 16 15 5
39171 15 14 6
39172 26 26 12
39173 12 12 4
39174 16 15 5
39175 17 17 7
39176 19 18 6
39177 12 12 6
39178 10 10 4
39179 14 13 5
39180 19 18 4
39181 22 21 5
39182 13 12 4
39183 26 25 7
39184 7 6 5
39185 13 13 5
39186 13 12 6
39187 18 17 5
39188 11 10 4
39189 16 15 5
39190 11 11 5
39191 11 10 4
39192 16 15 5
39193 9 9 5
39194 15 14 6
39195 14 14 6
39196 12 11 5
39197 17 17 5
39198 11 11 5
39199 15 14 6
39200 10 10 4
39201 8 7 6
39202 12 12 6
39203 14 13 5
39204 21 21 5
39205 17 16 6
39206 14 14 6
39207 22 21 5
39208 17 16 4
39209 12 11 5
39210 11 10 4
39211 10 9 5
39212 17 16 6
39213 14 14 4
39214 12 11 5
39215 11 10 4
39216 18 17 7
39217 9 9 5
39218 11 10 4
39219 12 11 5
39220 13 12 6
39221 20 19 5
39222 13 12 6
39223 6 5 4
39224 14 13 5
39225 19 19 5
39226 11 11 5
39227 11 11 7
39228 17 16 6
39229 12 11 5
39230 13 12 6
39231 16 16 6
39232 14 13 5
39233 17 16 4
39234 12 11 5
39235 7 6 5
39236 15 14 8
39237 16 16 6
39238 14 13 5
39239 17 16 6
39240 12 12 4
39241 12 11 5
39242 13 13 5
39243 15 14 6
39244 12 11 5
39245 15 14 4
39246 18 17 5
39247 19 18 6
39248 6 6 6
39249 11 11 5
39250 13 13 5
39251 15 15 5
39252 11 10 6
39253 12 12 6
39254 12 12 6
39255 16 15 5
39256 9 8 4
39257 14 13 5
39258 11 11 5
39259 13 13 5
39260 21 21 5
39261 15 14 6
39262 10 10 6
39263 14 14 6
39264 8 8 4
39265 10 9 5
39266 11 10 4
39267 12 11 5
39268 19 19 7
39269 17 16 6
39270 12 11 5
39271 9 9 5
39272 11 10 6
39273 6 6 6
39274 19 19 7
39275 13 12 6
39276 26 25 7
39277 15 15 7
39278 23 22 6
39279 18 18 6
39280 12 11 5
39281 9 9 5
39282 17 16 6
39283 6 6 6
39284 17 16 6
39285 26 25 7
39286 11 11 5
39287 9 8 4
39288 18 17 5
39289 17 17 5
39290 13 13 7
39291 11 10 6
39292 22 22 8
39293 10 10 4
39294 18 17 5
39295 15 14 4
39296 20 19 5
39297 13 12 6
39298 12 12 4
39299 18 17 5
39300 13 13 5
39301 13 13 5
39302 19 18 6
39303 14 14 6
39304 14 14 6
39305 8 8 4
39306 16 15 5
39307 19 18 4
39308 12 11 5
39309 11 11 5
39310 19 18 8
39311 6 6 6
39312 9 9 5
39313 13 13 5
39314 13 12 4
39315 12 11 5
39316 13 13 5
39317 15 15 5
39318 11 11 5
39319 15 14 8
39320 16 15 5
39321 7 6 5
39322 13 12 4
39323 10 9 5
39324 13 12 6
39325 14 14 6
39326 12 12 4
39327 12 11 5
39328 13 12 6
39329 12 12 6
39330 8 8 4
39331 16 15 5
39332 9 9 5
39333 15 15 5
39334 9 8 4
39335 14 13 7
39336 7 6 5
39337 11 11 5
39338 17 16 8
39339 14 14 6
39340 16 16 6
39341 14 14 4
39342 14 13 5
39343 9 8 4
39344 14 13 5
39345 9 9 5
39346 11 11 5
39347 17 16 6
39348 14 14 4
39349 18 17 7
39350 9 8 4
39351 10 9 5
39352 15 15 7
39353 11 10 6
39354 14 13 5
39355 19 18 6
39356 22 22 4
39357 32 31 5
39358 13 12 6
39359 8 8 4
39360 10 9 5
39361 13 13 5
39362 11 11 5
39363 15 15 5
39364 5 5 5
39365 18 17 7
39366 11 11 5
39367 9 9 5
39368 13 13 5
39369 9 9 5
39370 13 12 6
39371 14 13 5
39372 13 12 6
39373 14 14 6
39374 10 10 4
39375 20 19 5
39376 17 17 5
39377 9 9 5
39378 11 10 4
39379 12 11 5
39380 13 13 5
39381 9 8 4
39382 14 13 5
39383 15 14 6
39384 12 11 7
39385 15 14 6
39386 10 10 4
39387 20 19 5
39388 13 12 8
39389 14 14 6
39390 12 12 4
39391 16 15 5
39392 11 11 5
39393 17 17 5
39394 13 12 4
39395 20 19 5
39396 15 14 4
39397 12 11 5
39398 13 12 6
39399 18 17 5
39400 11 10 4
39401 14 13 5
39402 11 10 6
39403 6 6 6
39404 17 16 8
39405 16 15 5
39406 5 5 5
39407 18 17 7
39408 9 8 4
39409 14 13 5
39410 19 19 5
39411 15 14 4
39412 20 19 5
39413 7 6 5
39414 17 16 6
39415 12 12 4
39416 16 15 5
39417 23 22 4
39418 28 27 5
39419 13 12 6
39420 14 14 6
39421 18 17 5
39422 11 10 6
39423 6 6 6
39424 17 16 4
39425 10 9 5
39426 15 14 6
39427 12 12 4
39428 14 13 5
39429 9 9 5
39430 13 13 5
39431 11 11 5
39432 23 22 8
39433 12 12 4
39434 12 11 5
39435 17 16 4
39436 14 13 5
39437 11 10 6
39438 12 12 6
39439 12 11 5
39440 9 9 5
39441 13 12 4
39442 14 13 5
39443 13 12 6
39444 16 16 4
39445 10 9 5
39446 11 10 6
39447 16 15 5
39448 9 8 4
39449 14 13 5
39450 23 22 8
39451 10 10 4
39452 10 9 5
39453 11 10 4
39454 14 13 5
39455 15 15 5
39456 11 11 7
39457 11 11 5
39458 17 16 6
39459 6 6 6
39460 11 10 6
39461 16 16 6
39462 16 16 6
39463 12 12 4
39464 26 25 7
39465 15 14 6
39466 10 10 6
39467 8 8 4
39468 10 9 5
39469 7 7 7
39470 18 18 4
39471 14 13 7
39472 19 19 5
39473 7 6 5
39474 9 8 4
39475 14 13 7
39476 19 19 7
39477 11 10 6
39478 14 13 7
39479 19 18 6
39480 14 14 4
39481 12 11 7
39482 11 10 4
39483 10 9 5
39484 11 11 7
39485 9 8 4
39486 10 9 5
39487 25 24 6
39488 14 13 5
39489 19 18 6
39490 6 5 4
39491 12 11 7
39492 7 6 5
39493 15 14 6
39494 10 10 4
39495 14 13 9
39496 7 6 5
39497 15 14 6
39498 6 6 6
39499 9 9 5
39500 9 9 5
39501 15 14 6
39502 6 6 6
39503 13 13 7
39504 11 10 4
39505 14 13 7
39506 15 14 4
39507 10 9 5
39508 7 6 5
39509 7 7 7
39510 22 21 7
39511 11 11 5
39512 11 11 5
39513 15 15 5
39514 9 9 5
39515 13 12 6
39516 12 12 6
39517 10 10 6
39518 14 14 4
39519 10 9 5
39520 11 11 7
39521 15 14 6
39522 14 13 5
39523 13 12 6
39524 10 10 6
39525 12 12 6
39526 14 13 5
39527 11 10 6
39528 18 17 5
39529 25 24 4
39530 10 9 5
39531 9 8 4
39532 12 11 5
39533 13 12 6
39534 10 10 6
39535 12 12 6
39536 10 10 4
39537 14 13 5
39538 13 13 7
39539 9 8 7
39540 11 10 4
39541 16 15 5
39542 9 9 5
39543 17 17 7
39544 15 14 6
39545 10 10 6
39546 12 11 5
39547 15 15 7
39548 15 14 8
39549 8 8 4
39550 10 9 5
39551 9 9 5
39552 13 12 6
39553 14 14 4
39554 6 5 4
39555 10 9 5
39556 15 15 7
39557 15 14 8
39558 12 12 6
39559 12 11 5
39560 13 12 4
39561 14 13 7
39562 15 14 4
39563 18 17 5
39564 17 17 5
39565 11 11 5
39566 15 15 5
39567 19 18 6
39568 16 16 4
39569 6 5 4
39570 10 9 5
39571 13 12 6
39572 8 8 4
39573 14 13 5
39574 15 14 4
39575 12 11 5
39576 17 16 4
39577 16 15 7
39578 15 15 5
39579 23 23 5
39580 11 10 4
39581 14 13 7
39582 11 10 6
39583 16 16 4
39584 16 15 5
39585 9 9 5
39586 23 22 8
39587 10 10 6
39588 6 6 6
39589 15 14 4
39590 18 17 5
39591 13 12 4
39592 18 17 5
39593 19 19 5
39594 15 14 6
39595 10 9 5
39596 9 8 4
39597 14 13 5
39598 15 14 6
39599 14 13 5
39600 21 20 6
39601 8 8 4
39602 20 19 5
39603 17 16 8
39604 16 15 5
39605 13 12 4
39606 22 21 5
39607 19 19 5
39608 13 12 4
39609 14 13 5
39610 23 22 8
39611 14 14 6
39612 14 14 4
39613 22 21 5
39614 15 14 4
39615 18 17 5
39616 7 6 5
39617 11 11 5
39618 9 8 4
39619 24 23 7
39620 15 14 4
39621 16 15 5
39622 21 20 4
39623 20 19 5
39624 15 15 5
39625 19 19 5
39626 15 14 4
39627 14 13 5
39628 17 16 4
39629 18 17 5
39630 17 16 6
39631 24 24 6
39632 16 16 6
39633 18 17 5
39634 13 13 5
39635 27 27 5
39636 19 18 6
39637 18 17 5
39638 15 15 5
39639 13 12 4
39640 14 13 7
39641 19 19 5
39642 11 11 5
39643 9 8 4
39644 14 13 7
39645 29 28 8
39646 18 17 5
39647 19 19 5
39648 19 19 5
39649 13 13 5
39650 11 11 5
39651 15 14 6
39652 16 15 5
39653 13 13 5
39654 17 16 6
39655 30 29 5
39656 11 11 5
39657 9 8 4
39658 20 19 7
39659 15 15 5
39660 13 13 5
39661 15 15 5
39662 19 18 6
39663 16 16 6
39664 8 8 4
39665 18 17 9
39666 9 8 4
39667 12 11 5
39668 7 6 5
39669 13 12 6
39670 14 14 6
39671 20 20 6
39672 8 8 4
39673 12 11 5
39674 13 13 7
39675 15 14 6
39676 6 5 4
39677 12 11 5
39678 17 17 5
39679 15 15 5
39680 7 7 7
39681 10 10 6
39682 10 10 6
39683 10 9 5
39684 23 22 6
39685 12 12 6
39686 22 22 6
39687 12 12 4
39688 12 11 5
39689 9 8 4
39690 24 23 9
39691 13 12 4
39692 12 11 5
39693 15 15 5
39694 9 8 4
39695 12 11 5
39696 15 14 6
39697 14 13 5
39698 19 18 6
39699 12 12 4
39700 10 9 5
39701 11 10 6
39702 12 12 6
39703 18 18 6
39704 26 26 6
39705 18 18 6
39706 16 15 5
39707 11 11 5
39708 13 13 5
39709 15 14 4
39710 12 11 5
39711 9 8 4
39712 14 13 5
39713 15 14 4
39714 10 9 5
39715 15 14 4
39716 16 15 5
39717 11 10 4
39718 18 17 5
39719 29 28 6
39720 10 10 4
39721 18 17 5
39722 17 16 4
39723 12 11 5
39724 13 12 6
39725 20 20 4
39726 18 17 5
39727 9 8 4
39728 14 13 5
39729 11 10 4
39730 10 9 5
39731 17 16 6
39732 20 20 4
39733 16 15 5
39734 19 19 5
39735 19 18 4
39736 18 17 5
39737 15 14 6
39738 10 10 4
39739 10 9 5
39740 17 16 4
39741 14 13 5
39742 11 11 5
39743 13 13 5
39744 17 16 6
39745 16 16 6
39746 18 18 4
39747 18 17 5
39748 13 12 6
39749 12 12 4
39750 10 9 5
39751 17 16 4
39752 16 15 5
39753 17 16 6
39754 12 12 6
39755 20 20 6
39756 22 22 6
39757 22 21 5
39758 25 24 6
39759 8 8 4
39760 8 7 6
39761 18 17 5
39762 11 11 5
39763 31 30 6
39764 18 18 4
39765 18 17 5
39766 9 9 5
39767 13 12 4
39768 22 21 5
39769 13 12 4
39770 24 23 5
39771 13 12 4
39772 16 15 5
39773 21 20 4
39774 18 17 5
39775 13 12 6
39776 8 8 4
39777 28 27 5
39778 15 15 5
39779 25 24 4
39780 24 23 5
39781 13 13 5
39782 15 14 4
39783 24 23 5
39784 29 29 5
39785 17 16 6
39786 14 14 4
39787 18 17 5
39788 21 20 4
39789 16 15 5
39790 31 30 6
39791 16 15 7
39792 31 30 12
39793 14 14 4
39794 34 33 7
39795 11 11 5
39796 11 10 4
39797 14 13 5
39798 21 20 4
39799 14 13 5
39800 13 12 6
39801 18 18 6
39802 18 17 5
39803 15 14 4
39804 18 17 5
39805 19 19 5
39806 11 11 5
39807 17 16 6
39808 16 16 4
39809 20 19 5
39810 15 14 4
39811 12 11 5
39812 29 28 6
39813 16 15 5
39814 25 24 10
39815 22 22 6
39816 10 10 4
39817 16 15 5
39818 9 9 5
39819 15 15 7
39820 19 19 7
39821 21 21 5
39822 11 10 4
39823 22 21 5
39824 15 14 4
39825 20 19 5
39826 15 15 7
39827 13 12 4
39828 22 21 5
39829 11 10 4
39830 10 9 5
39831 13 13 5
39832 9 8 4
39833 14 13 5
39834 13 13 7
39835 17 16 6
39836 6 6 6
39837 17 16 6
39838 12 11 5
39839 15 15 5
39840 11 11 5
39841 15 14 4
39842 14 13 5
39843 15 14 6
39844 14 14 4
39845 18 17 5
39846 11 11 5
39847 9 9 5
39848 13 12 6
39849 16 16 4
39850 14 13 5
39851 9 8 4
39852 16 15 5
39853 19 18 6
39854 12 12 6
39855 10 10 4
39856 12 11 5
39857 7 7 7
39858 12 12 6
39859 10 10 6
39860 16 15 5
39861 17 17 5
39862 13 12 6
39863 6 6 6
39864 15 14 6
39865 14 13 5
39866 11 10 6
39867 8 8 4
39868 14 13 7
39869 11 11 7
39870 11 10 6
39871 8 8 4
39872 12 11 5
39873 9 9 5
39874 13 13 9
39875 9 8 4
39876 10 9 5
39877 15 15 5
39878 11 10 4
39879 6 5 4
39880 18 17 7
39881 7 7 7
39882 10 10 4
39883 6 5 4
39884 14 13 5
39885 17 16 8
39886 10 9 5
39887 11 11 5
39888 13 12 6
39889 12 12 6
39890 14 14 6
39891 10 10 6
39892 10 10 6
39893 10 10 6
39894 10 9 5
39895 9 9 5
39896 13 12 6
39897 22 21 7
39898 13 12 4
39899 10 9 5
39900 17 16 6
39901 10 10 6
39902 12 12 6
39903 10 10 6
39904 10 10 6
39905 8 8 4
39906 12 11 5
39907 7 7 7
39908 16 16 10
39909 8 8 4
39910 6 5 4
39911 16 15 5
39912 11 10 6
39913 14 14 6
39914 6 5 4
39915 12 11 5
39916 7 6 5
39917 19 18 8
39918 6 5 4
39919 16 15 7
39920 5 5 5
39921 10 9 5
39922 9 9 5
39923 9 8 4
39924 12 11 5
39925 17 16 8
39926 14 14 4
39927 12 11 5
39928 19 19 5
39929 9 9 5
39930 15 14 4
39931 12 11 5
39932 15 15 5
39933 15 14 6
39934 10 10 4
39935 10 9 5
39936 9 9 5
39937 13 12 8
39938 10 10 4
39939 12 11 5
39940 7 6 5
39941 17 16 6
39942 12 11 5
39943 9 9 5
39944 11 10 6
39945 10 9 5
39946 11 10 4
39947 20 19 5
39948 9 9 5
39949 13 12 6
39950 16 16 6
39951 10 10 4
39952 12 11 7
39953 13 12 6
39954 12 11 5
39955 15 15 5
39956 15 15 5
39957 13 12 6
39958 14 13 5
39959 11 10 4
39960 10 9 5
39961 19 18 6
39962 16 15 5
39963 23 23 5
39964 35 34 6
39965 12 12 4
39966 18 17 5
39967 9 8 4
39968 16 15 5
39969 13 12 4
39970 14 13 5
39971 13 12 4
39972 14 13 5
39973 13 12 6
39974 12 12 4
39975 6 5 4
39976 10 9 5
39977 15 14 6
39978 16 16 4
39979 16 15 5
39980 9 8 4
39981 12 11 5
39982 29 29 5
39983 15 14 4
39984 30 29 5
39985 39 38 6
39986 18 18 4
39987 10 9 5
39988 11 10 4
39989 16 15 5
39990 17 17 5
39991 27 26 4
39992 22 21 5
39993 17 17 5
39994 13 12 4
39995 22 21 7
39996 25 24 4
39997 40 39 5
39998 21 20 4
39999 26 25 5
40000 21 21 5
40001 27 26 4
40002 16 15 5
40003 29 28 4
40004 12 11 5
40005 27 26 4
40006 26 25 5
40007 23 22 4
40008 28 27 5
40009 23 22 4
40010 24 23 5
40011 29 28 4
40012 28 27 5
40013 21 20 6
40014 14 13 5
40015 31 30 4
40016 18 17 5
40017 25 24 4
40018 24 23 5
40019 21 20 4
40020 26 25 5
40021 17 16 4
40022 18 17 5
40023 17 16 4
40024 18 17 5
40025 17 17 5
40026 13 12 4
40027 22 21 5
40028 11 10 4
40029 18 17 5
40030 13 12 4
40031 16 15 5
40032 15 14 4
40033 14 13 5
40034 13 12 4
40035 22 21 7
40036 21 20 6
40037 12 12 4
40038 14 13 5
40039 13 12 6
40040 18 17 5
40041 15 14 6
40042 16 16 6
40043 14 14 6
40044 18 18 6
40045 14 14 6
40046 14 14 4
40047 20 19 5
40048 13 13 5
40049 11 11 5
40050 15 14 6
40051 14 13 5
40052 25 25 7
40053 17 16 6
40054 24 24 6
40055 18 18 6
40056 12 12 6
40057 12 12 4
40058 14 13 5
40059 7 7 7
40060 16 16 6
40061 16 15 5
40062 23 23 7
40063 15 14 6
40064 28 28 10
40065 14 14 4
40066 26 25 7
40067 17 16 4
40068 16 15 5
40069 11 10 6
40070 12 12 4
40071 14 13 5
40072 27 26 6
40073 12 12 4
40074 12 11 5
40075 23 23 9
40076 15 14 4
40077 14 13 5
40078 33 33 7
40079 11 11 5
40080 23 22 10
40081 14 14 6
40082 14 14 4
40083 12 11 5
40084 13 12 6
40085 14 14 4
40086 16 15 5
40087 15 15 7
40088 19 18 6
40089 18 17 5
40090 15 15 5
40091 15 14 4
40092 12 11 5
40093 15 14 4
40094 28 27 9
40095 11 10 4
40096 12 11 5
40097 11 10 4
40098 8 7 6
40099 16 16 6
40100 18 18 6
40101 18 17 5
40102 13 13 5
40103 15 15 5
40104 13 13 5
40105 15 14 4
40106 14 13 5
40107 17 16 4
40108 12 11 7
40109 13 13 5
40110 9 8 4
40111 16 15 5
40112 15 14 6
40113 12 11 5
40114 11 11 5
40115 9 9 5
40116 11 11 7
40117 25 24 6
40118 8 8 4
40119 16 15 5
40120 7 7 7
40121 16 16 8
40122 6 6 6
40123 11 11 5
40124 19 19 5
40125 21 21 5
40126 21 20 6
40127 14 14 4
40128 10 9 5
40129 11 10 6
40130 12 11 5
40131 13 12 6
40132 14 14 6
40133 12 12 4
40134 14 13 5
40135 11 11 5
40136 11 10 6
40137 16 15 7
40138 13 13 5
40139 17 16 6
40140 10 9 5
40141 17 16 6
40142 14 14 6
40143 12 12 6
40144 12 11 5
40145 15 14 8
40146 8 8 4
40147 22 21 9
40148 19 18 4
40149 16 15 5
40150 17 16 6
40151 16 15 5
40152 15 14 4
40153 16 15 5
40154 17 16 4
40155 16 15 7
40156 11 10 4
40157 16 15 5
40158 19 19 5
40159 23 22 4
40160 20 19 5
40161 19 18 6
40162 16 16 6
40163 18 18 4
40164 16 15 5
40165 19 18 6
40166 10 10 6
40167 6 6 6
40168 17 16 6
40169 12 11 5
40170 7 6 5
40171 13 13 5
40172 15 15 5
40173 9 9 5
40174 13 12 6
40175 14 13 7
40176 15 14 6
40177 14 13 5
40178 17 17 7
40179 15 14 6
40180 14 13 5
40181 11 11 5
40182 9 8 4
40183 8 7 6
40184 14 13 7
40185 13 12 4
40186 16 15 7
40187 19 18 4
40188 12 11 5
40189 9 8 4
40190 12 11 5
40191 9 8 7
40192 11 10 6
40193 6 6 6
40194 21 20 6
40195 14 14 4
40196 8 7 6
40197 20 20 4
40198 8 7 6
40199 8 8 4
40200 10 9 5
40201 15 14 6
40202 16 16 6
40203 12 12 6
40204 6 6 6
40205 11 11 5
40206 13 12 4
40207 10 9 5
40208 11 11 5
40209 15 14 8
40210 14 14 6
40211 12 12 6
40212 18 18 6
40213 10 10 4
40214 8 7 6
40215 8 8 4
40216 16 15 5
40217 9 8 4
40218 12 11 7
40219 11 10 6
40220 8 7 6
40221 14 14 6
40222 12 12 4
40223 12 11 5
40224 7 6 5
40225 11 10 6
40226 8 7 6
40227 18 17 5
40228 9 8 4
40229 14 13 5
40230 13 12 6
40231 14 14 6
40232 10 10 6
40233 14 13 5
40234 15 15 5
40235 17 16 4
40236 10 9 5
40237 15 14 4
40238 12 11 5
40239 17 16 6
40240 20 19 5
40241 11 11 5
40242 7 7 7
40243 14 14 4
40244 14 13 5
40245 13 12 6
40246 6 5 4
40247 14 13 9
40248 19 18 6
40249 14 14 4
40250 22 21 5
40251 13 12 4
40252 12 11 5
40253 9 9 5
40254 13 13 7
40255 17 16 6
40256 20 20 6
40257 20 20 6
40258 8 8 4
40259 14 13 5
40260 11 10 6
40261 14 14 4
40262 16 15 5
40263 15 15 5
40264 17 17 5
40265 25 24 6
40266 14 14 4
40267 26 25 5
40268 11 10 4
40269 18 17 5
40270 17 16 4
40271 18 17 5
40272 13 12 4
40273 14 13 5
40274 9 8 4
40275 20 19 5
40276 9 8 4
40277 20 19 5
40278 23 23 5
40279 17 16 6
40280 12 12 4
40281 16 15 5
40282 13 13 5
40283 15 14 4
40284 22 21 5
40285 19 18 4
40286 24 23 5
40287 13 12 4
40288 20 19 7
40289 11 10 4
40290 24 23 7
40291 23 23 9
40292 17 16 4
40293 16 15 5
40294 13 12 4
40295 12 11 5
40296 15 14 4
40297 16 15 5
40298 17 16 4
40299 22 21 5
40300 27 27 5
40301 13 12 4
40302 20 19 5
40303 19 18 4
40304 14 13 5
40305 17 16 4
40306 26 25 5
40307 11 11 5
40308 15 15 5
40309 17 16 6
40310 26 26 6
40311 20 19 5
40312 9 9 5
40313 27 26 8
40314 24 24 8
40315 10 10 4
40316 18 17 7
40317 23 22 8
40318 32 32 10
40319 32 32 6
40320 18 17 5
40321 9 9 5
40322 23 23 9
40323 23 22 6
40324 12 12 4
40325 26 25 7
40326 37 36 10
40327 6 6 6
40328 9 9 5
40329 15 14 4
40330 32 31 11
40331 11 10 4
40332 16 15 5
40333 13 12 4
40334 22 21 9
40335 11 11 5
40336 17 16 8
40337 12 12 4
40338 22 21 9
40339 11 10 6
40340 22 22 8
40341 14 14 4
40342 10 9 5
40343 23 22 8
40344 16 16 6
40345 16 16 6
40346 16 16 6
40347 12 11 5
40348 11 11 5
40349 17 17 5
40350 17 17 7
40351 17 16 6
40352 20 20 8
40353 20 20 6
40354 24 23 9
40355 9 9 5
40356 29 28 8
40357 14 14 6
40358 10 10 6
40359 22 21 7
40360 9 8 4
40361 14 13 7
40362 11 10 4
40363 14 13 5
40364 19 19 7
40365 13 12 4
40366 16 15 5
40367 15 14 4
40368 16 15 7
40369 19 18 6
40370 14 13 5
40371 13 12 6
40372 8 8 4
40373 20 19 7
40374 9 8 4
40375 16 15 5
40376 9 8 4
40377 14 13 5
40378 15 15 5
40379 17 17 5
40380 9 9 5
40381 13 13 7
40382 9 9 5
40383 15 14 6
40384 8 7 6
40385 14 14 4
40386 14 13 5
40387 9 8 4
40388 18 17 7
40389 13 12 4
40390 14 13 5
40391 11 10 4
40392 16 15 7
40393 15 14 6
40394 16 15 5
40395 11 10 4
40396 12 11 5
40397 11 11 5
40398 15 15 5
40399 15 15 7
40400 11 10 4
40401 18 17 7
40402 19 19 5
40403 13 12 6
40404 10 9 5
40405 17 16 6
40406 10 10 6
40407 8 8 4
40408 14 13 5
40409 9 9 5
40410 11 11 5
40411 13 13 5
40412 11 10 4
40413 12 11 5
40414 21 20 6
40415 12 11 5
40416 11 10 6
40417 16 15 5
40418 17 16 4
40419 12 11 5
40420 13 12 4
40421 12 11 5
40422 19 18 4
40423 18 17 5
40424 13 13 5
40425 11 10 4
40426 16 15 5
40427 15 14 6
40428 14 13 5
40429 19 18 6
40430 10 10 4
40431 20 19 7
40432 17 16 6
40433 18 18 6
40434 10 10 4
40435 20 19 5
40436 11 11 5
40437 13 12 4
40438 16 15 5
40439 19 18 4
40440 10 9 5
40441 19 19 5
40442 15 14 6
40443 14 14 4
40444 18 17 7
40445 7 6 5
40446 17 16 4
40447 12 11 5
40448 15 14 4
40449 20 19 5
40450 29 29 5
40451 19 18 6
40452 16 15 5
40453 15 15 5
40454 11 10 4
40455 18 17 5
40456 25 25 7
40457 21 20 6
40458 14 14 4
40459 18 17 5
40460 13 12 6
40461 14 14 6
40462 14 13 5
40463 23 23 7
40464 13 12 6
40465 16 16 6
40466 10 10 4
40467 14 13 5
40468 15 15 5
40469 13 13 5
40470 13 13 5
40471 11 11 5
40472 15 14 6
40473 12 11 5
40474 21 20 4
40475 14 13 5
40476 11 10 4
40477 16 15 5
40478 15 14 4
40479 18 17 7
40480 11 10 6
40481 14 13 5
40482 15 14 6
40483 14 13 5
40484 13 12 6
40485 10 10 6
40486 12 12 6
40487 16 15 5
40488 17 17 7
40489 13 12 6
40490 10 10 6
40491 16 15 5
40492 19 19 7
40493 11 11 5
40494 9 9 5
40495 13 13 5
40496 17 17 7
40497 15 14 6
40498 10 10 4
40499 10 9 5
40500 11 11 5
40501 13 13 7
40502 11 10 6
40503 12 12 4
40504 16 15 5
40505 9 8 4
40506 16 15 9
40507 15 14 6
40508 14 14 4
40509 12 11 5
40510 7 6 5
40511 15 15 9
40512 15 14 8
40513 8 8 4
40514 14 13 5
40515 5 5 5
40516 16 15 7
40517 13 12 6
40518 10 10 6
40519 10 10 4
40520 14 13 7
40521 13 12 6
40522 8 8 4
40523 12 11 5
40524 13 13 5
40525 13 13 5
40526 15 14 6
40527 20 20 6
40528 6 6 6
40529 11 10 4
40530 12 11 7
40531 11 10 6
40532 8 8 4
40533 18 17 7
40534 11 10 4
40535 12 11 5
40536 9 9 5
40537 9 8 4
40538 10 9 5
40539 7 7 7
40540 16 15 7
40541 13 12 4
40542 10 9 5
40543 11 10 4
40544 10 9 5
40545 13 13 7
40546 7 7 7
40547 6 6 6
40548 19 19 5
40549 9 8 7
40550 15 14 6
40551 14 13 5
40552 13 12 6
40553 12 11 7
40554 9 9 5
40555 11 10 6
40556 10 10 6
40557 6 6 6
40558 11 10 6
40559 14 14 6
40560 12 11 5
40561 11 11 5
40562 17 17 5
40563 13 12 6
40564 10 10 4
40565 14 13 7
40566 19 18 6
40567 10 10 4
40568 14 13 5
40569 11 11 5
40570 13 13 5
40571 13 12 4
40572 10 9 5
40573 7 6 5
40574 13 13 9
40575 11 10 6
40576 12 12 6
40577 10 10 4
40578 12 11 7
40579 9 8 4
40580 22 21 7
40581 7 6 5
40582 17 16 6
40583 10 10 6
40584 16 15 5
40585 15 15 5
40586 13 12 4
40587 12 11 5
40588 9 9 5
40589 17 16 6
40590 6 6 6
40591 11 11 7
40592 15 14 6
40593 10 10 4
40594 16 15 5
40595 21 20 8
40596 8 8 4
40597 12 11 5
40598 7 6 5
40599 9 9 5
40600 7 7 7
40601 18 18 8
40602 10 10 4
40603 20 19 5
40604 17 16 6
40605 12 12 6
40606 18 17 5
40607 9 8 4
40608 12 11 7
40609 11 11 5
40610 5 5 5
40611 20 19 5
40612 13 13 5
40613 11 11 5
40614 13 13 5
40615 13 12 6
40616 6 6 6
40617 19 18 4
40618 14 13 5
40619 11 11 5
40620 17 17 5
40621 15 14 4
40622 16 15 5
40623 11 10 4
40624 16 15 5
40625 15 15 5
40626 11 10 4
40627 14 13 5
40628 9 8 4
40629 12 11 5
40630 7 6 5
40631 13 12 6
40632 10 10 6
40633 14 14 4
40634 16 15 5
40635 23 22 4
40636 14 13 5
40637 17 17 5
40638 17 16 4
40639 12 11 5
40640 13 13 5
40641 21 20 6
40642 14 13 5
40643 15 15 5
40644 11 10 4
40645 10 9 5
40646 9 8 4
40647 10 9 5
40648 21 21 5
40649 13 12 6
40650 8 8 4
40651 10 9 5
40652 15 14 6
40653 6 6 6
40654 9 9 5
40655 17 16 6
40656 18 18 6
40657 14 14 4
40658 14 13 5
40659 15 15 5
40660 13 13 5
40661 7 6 5
40662 15 14 6
40663 30 30 4
40664 24 23 5
40665 15 14 4
40666 14 13 5
40667 7 6 5
40668 21 20 8
40669 10 9 5
40670 11 10 4
40671 20 19 7
40672 15 14 6
40673 20 20 6
40674 16 16 6
40675 8 8 4
40676 12 11 5
40677 11 10 6
40678 12 11 5
40679 11 10 4
40680 22 21 5
40681 27 26 6
40682 6 6 6
40683 13 12 6
40684 14 13 5
40685 13 12 6
40686 6 5 4
40687 12 11 5
40688 13 12 6
40689 16 16 6
40690 20 20 6
40691 10 10 4
40692 16 15 5
40693 25 24 6
40694 24 23 5
40695 19 19 5
40696 39 38 4
40697 16 15 5
40698 25 24 4
40699 20 19 5
40700 25 24 4
40701 28 27 5
40702 15 14 4
40703 22 21 5
40704 25 24 4
40705 16 15 5
40706 33 32 4
40707 20 19 5
40708 31 30 4
40709 28 27 5
40710 17 16 4
40711 36 35 5
40712 21 20 6
40713 18 18 4
40714 36 35 9
40715 27 26 6
40716 26 26 8
40717 28 28 10
40718 26 25 5
40719 25 24 8
40720 22 22 10
40721 18 18 4
40722 16 15 5
40723 25 25 9
40724 27 26 6
40725 18 18 6
40726 8 8 4
40727 18 17 5
40728 19 18 8
40729 18 18 4
40730 30 29 9
40731 27 27 5
40732 15 14 6
40733 32 32 10
40734 20 20 8
40735 16 16 8
40736 10 10 6
40737 26 26 6
40738 16 15 7
40739 29 29 9
40740 17 16 6
40741 14 13 5
40742 25 24 10
40743 28 27 9
40744 21 20 6
40745 26 25 9
40746 17 16 6
40747 20 20 6
40748 14 13 5
40749 15 14 6
40750 10 10 4
40751 16 15 5
40752 25 24 6
40753 14 14 4
40754 20 19 7
40755 15 14 6
40756 18 18 8
40757 14 13 5
40758 11 10 4
40759 20 19 5
40760 17 16 4
40761 16 15 5
40762 19 18 6
40763 10 10 4
40764 10 9 5
40765 27 27 5
40766 17 16 4
40767 12 11 5
40768 13 12 6
40769 16 16 6
40770 16 15 5
40771 13 12 4
40772 6 5 4
40773 14 13 5
40774 11 11 5
40775 19 18 4
40776 8 7 6
40777 14 14 6
40778 14 13 5
40779 11 10 4
40780 14 13 5
40781 13 12 4
40782 14 13 5
40783 15 15 5
40784 17 16 6
40785 12 11 5
40786 15 14 4
40787 20 19 5
40788 11 10 4
40789 14 13 7
40790 19 18 6
40791 8 7 6
40792 18 18 4
40793 14 13 5
40794 15 15 7
40795 9 8 4
40796 12 11 5
40797 17 17 7
40798 13 12 6
40799 18 17 5
40800 11 11 5
40801 7 6 5
40802 17 17 7
40803 11 10 4
40804 16 15 5
40805 13 12 4
40806 18 17 5
40807 19 19 7
40808 7 6 5
40809 17 17 5
40810 15 15 5
40811 11 10 6
40812 10 10 6
40813 20 19 5
40814 11 10 4
40815 10 9 5
40816 13 13 5
40817 17 16 6
40818 10 10 6
40819 14 14 6
40820 10 10 4
40821 12 11 5
40822 17 17 5
40823 15 15 7
40824 15 14 6
40825 16 15 5
40826 11 11 5
40827 9 8 4
40828 12 11 5
40829 23 23 5
40830 15 15 5
40831 13 13 5
40832 9 8 4
40833 14 13 5
40834 15 14 6
40835 14 14 4
40836 14 13 5
40837 17 17 7
40838 15 14 4
40839 22 21 5
40840 9 8 4
40841 14 13 5
40842 9 8 4
40843 12 11 5
40844 17 17 5
40845 17 16 4
40846 18 17 5
40847 17 17 5
40848 21 20 6
40849 24 24 6
40850 18 17 5
40851 17 17 5
40852 23 23 5
40853 13 12 4
40854 10 9 5
40855 13 12 4
40856 20 19 5
40857 13 13 5
40858 11 10 6
40859 20 20 4
40860 10 9 5
40861 15 14 6
40862 18 18 6
40863 12 12 6
40864 20 20 8
40865 14 14 6
40866 16 16 4
40867 10 9 5
40868 23 22 8
40869 14 13 5
40870 31 30 6
40871 18 17 5
40872 15 15 5
40873 11 11 5
40874 21 20 4
40875 14 13 5
40876 21 20 4
40877 18 17 7
40878 11 10 6
40879 14 13 5
40880 23 22 6
40881 16 16 6
40882 10 10 4
40883 10 9 5
40884 13 13 5
40885 15 14 6
40886 18 18 8
40887 12 12 6
40888 14 14 4
40889 12 11 5
40890 13 12 6
40891 18 18 6
40892 16 16 8
40893 12 12 4
40894 16 15 5
40895 11 10 6
40896 14 14 6
40897 8 7 6
40898 22 22 8
40899 6 6 6
40900 13 12 4
40901 12 11 5
40902 11 10 6
40903 10 9 5
40904 15 14 6
40905 12 11 5
40906 17 16 4
40907 12 11 5
40908 11 10 6
40909 10 10 6
40910 8 8 4
40911 16 15 5
40912 11 11 5
40913 9 9 5
40914 13 12 6
40915 14 13 5
40916 9 9 5
40917 17 16 6
40918 8 8 4
40919 14 13 7
40920 11 10 4
40921 12 11 5
40922 9 8 4
40923 16 15 5
40924 15 14 6
40925 10 10 6
40926 14 14 6
40927 16 16 4
40928 16 15 7
40929 9 8 4
40930 12 11 5
40931 15 15 7
40932 9 8 4
40933 12 11 5
40934 13 13 5
40935 21 20 4
40936 14 13 5
40937 17 17 5
40938 11 10 4
40939 10 9 5
40940 13 13 7
40941 19 18 6
40942 16 16 6
40943 18 17 5
40944 9 8 4
40945 10 9 5
40946 9 8 7
40947 9 8 4
40948 16 15 5
40949 13 12 6
40950 20 19 5
40951 15 15 5
40952 15 14 6
40953 14 14 4
40954 18 17 7
40955 7 6 5
40956 13 12 4
40957 10 9 5
40958 19 19 7
40959 11 10 6
40960 16 16 6
40961 14 14 6
40962 6 6 6
40963 13 12 4
40964 10 9 5
40965 17 17 5
40966 11 10 4
40967 22 21 5
40968 17 17 5
40969 11 11 5
40970 11 10 6
40971 12 12 6
40972 10 10 6
40973 6 5 4
40974 14 13 5
40975 13 13 5
40976 13 12 6
40977 12 12 6
40978 10 10 6
40979 6 6 6
40980 9 9 5
40981 11 11 5
40982 17 16 8
40983 14 14 6
40984 10 10 4
40985 6 5 4
40986 14 13 7
40987 9 9 5
40988 13 13 5
40989 9 8 4
40990 16 15 7
40991 15 15 5
40992 11 10 6
40993 8 8 4
40994 10 9 5
40995 5 5 5
40996 14 13 7
40997 9 8 4
40998 18 17 9
40999 11 10 4
41000 14 13 5
41001 11 10 4
41002 14 13 5
41003 13 12 6
41004 12 12 6
41005 6 5 4
41006 12 11 7
41007 13 12 6
41008 22 22 4
41009 8 7 6
41010 14 14 6
41011 10 10 6
41012 6 6 6
41013 13 13 7
41014 5 5 5
41015 16 15 5
41016 15 14 6
41017 14 13 5
41018 11 11 5
41019 9 8 4
41020 18 17 7
41021 15 14 4
41022 14 13 7
41023 13 13 7
41024 13 12 6
41025 6 6 6
41026 19 18 4
41027 18 17 5
41028 11 11 5
41029 9 9 5
41030 13 12 6
41031 18 18 6
41032 14 14 6
41033 10 9 5
41034 15 14 6
41035 8 8 4
41036 22 21 7
41037 19 18 4
41038 12 11 5
41039 15 14 4
41040 6 5 4
41041 12 11 5
41042 19 18 6
41043 16 16 4
41044 14 13 7
41045 9 8 4
41046 12 11 5
41047 5 5 5
41048 14 13 5
41049 15 15 7
41050 13 12 6
41051 10 10 6
41052 8 8 4
41053 10 9 5
41054 9 9 5
41055 15 14 4
41056 16 15 5
41057 11 10 6
41058 10 10 6
41059 12 12 6
41060 12 11 5
41061 5 5 5
41062 12 11 5
41063 11 11 5
41064 19 19 5
41065 17 16 6
41066 12 12 6
41067 8 8 4
41068 10 9 5
41069 11 10 6
41070 12 12 6
41071 8 7 6
41072 12 12 6
41073 14 14 4
41074 14 13 5
41075 15 15 5
41076 13 12 6
41077 12 11 5
41078 9 8 4
41079 16 15 5
41080 17 16 6
41081 12 11 5
41082 17 16 6
41083 18 18 6
41084 8 8 4
41085 10 9 5
41086 11 11 5
41087 11 11 5
41088 9 9 5
41089 9 9 5
41090 13 12 6
41091 10 10 4
41092 14 13 5
41093 13 13 5
41094 15 15 7
41095 9 8 4
41096 14 13 5
41097 19 18 4
41098 20 19 5
41099 15 15 5
41100 23 22 4
41101 10 9 5
41102 11 11 5
41103 5 5 5
41104 14 13 5
41105 15 15 5
41106 13 13 5
41107 15 14 6
41108 10 10 4
41109 12 11 7
41110 15 14 6
41111 10 9 5
41112 13 13 5
41113 25 25 5
41114 39 39 5
41115 9 8 4
41116 14 13 5
41117 7 6 5
41118 27 26 6
41119 28 28 4
41120 28 27 5
41121 13 13 5
41122 9 8 4
41123 12 11 5
41124 17 17 5
41125 17 17 5
41126 11 10 4
41127 20 19 5
41128 13 13 5
41129 11 10 4
41130 6 5 4
41131 14 13 5
41132 19 18 6
41133 6 6 6
41134 25 24 4
41135 14 13 5
41136 11 10 4
41137 16 15 5
41138 17 17 5
41139 13 12 4
41140 20 19 5
41141 9 8 4
41142 12 11 5
41143 15 14 4
41144 14 13 5
41145 9 8 4
41146 14 13 7
41147 7 6 5
41148 17 16 6
41149 14 14 4
41150 22 21 5
41151 19 19 5
41152 17 16 4
41153 10 9 5
41154 9 8 4
41155 14 13 5
41156 19 18 8
41157 10 10 4
41158 16 15 5
41159 17 17 5
41160 9 8 4
41161 16 15 5
41162 11 10 6
41163 16 16 6
41164 12 12 6
41165 20 20 6
41166 12 11 5
41167 15 15 5
41168 17 16 4
41169 22 21 7
41170 11 10 4
41171 12 11 5
41172 13 12 4
41173 18 17 5
41174 21 21 5
41175 17 16 6
41176 20 19 5
41177 19 18 6
41178 10 9 5
41179 13 13 5
41180 21 20 4
41181 24 23 7
41182 17 17 5
41183 13 12 6
41184 10 10 4
41185 14 13 5
41186 9 8 4
41187 12 11 5
41188 15 14 4
41189 14 13 7
41190 15 14 4
41191 12 11 5
41192 9 9 5
41193 17 16 6
41194 12 12 6
41195 14 14 6
41196 12 12 4
41197 16 15 5
41198 13 13 5
41199 15 14 6
41200 16 16 4
41201 12 11 5
41202 9 9 5
41203 15 14 6
41204 10 10 6
41205 16 16 6
41206 14 13 5
41207 19 18 6
41208 12 12 6
41209 12 12 4
41210 12 11 5
41211 23 22 10
41212 6 6 6
41213 17 17 5
41214 17 17 5
41215 19 19 5
41216 13 13 5
41217 11 11 5
41218 13 12 6
41219 10 9 5
41220 11 10 6
41221 12 12 6
41222 16 16 6
41223 8 8 4
41224 14 13 7
41225 11 10 4
41226 10 9 5
41227 13 13 7
41228 13 12 6
41229 10 10 6
41230 10 10 4
41231 14 13 7
41232 11 10 6
41233 8 8 4
41234 14 13 7
41235 13 12 6
41236 12 12 4
41237 12 11 5
41238 13 13 7
41239 11 11 5
41240 11 11 5
41241 11 10 6
41242 10 9 5
41243 15 14 6
41244 10 9 5
41245 7 6 5
41246 11 10 4
41247 10 9 5
41248 9 9 5
41249 11 10 6
41250 16 16 6
41251 10 10 6
41252 16 15 5
41253 11 11 5
41254 11 10 6
41255 12 12 6
41256 16 15 5
41257 11 10 6
41258 12 12 6
41259 12 12 4
41260 12 11 5
41261 9 9 5
41262 11 10 6
41263 22 22 6
41264 18 17 5
41265 15 15 7
41266 23 22 6
41267 16 16 6
41268 14 14 4
41269 18 17 5
41270 25 24 4
41271 16 15 5
41272 15 14 4
41273 12 11 5
41274 11 10 4
41275 26 25 5
41276 17 16 4
41277 30 29 5
41278 21 21 5
41279 15 14 4
41280 16 15 5
41281 23 22 6
41282 14 13 5
41283 25 24 4
41284 22 21 5
41285 15 14 4
41286 6 5 4
41287 22 21 7
41288 21 20 6
41289 14 14 4
41290 16 15 5
41291 25 24 6
41292 16 16 6
41293 22 22 4
41294 18 17 5
41295 7 6 5
41296 17 16 4
41297 18 17 5
41298 13 12 6
41299 18 18 6
41300 8 8 4
41301 14 13 5
41302 15 14 4
41303 14 13 7
41304 13 12 6
41305 14 13 5
41306 9 8 4
41307 12 11 7
41308 17 17 5
41309 11 10 4
41310 14 13 5
41311 9 9 5
41312 17 16 6
41313 12 12 6
41314 14 14 6
41315 12 11 5
41316 13 12 6
41317 10 10 6
41318 14 14 6
41319 16 16 6
41320 14 14 6
41321 10 10 6
41322 14 14 6
41323 8 7 6
41324 12 12 6
41325 6 6 6
41326 19 18 8
41327 6 5 4
41328 14 13 5
41329 15 15 5
41330 15 15 7
41331 7 6 5
41332 9 8 7
41333 11 10 6
41334 14 14 4
41335 16 15 7
41336 13 12 6
41337 16 15 5
41338 11 10 6
41339 8 8 4
41340 12 11 5
41341 13 13 5
41342 7 7 7
41343 12 12 6
41344 8 7 6
41345 10 10 6
41346 8 8 4
41347 10 9 5
41348 11 11 7
41349 15 14 6
41350 10 9 5
41351 13 13 5
41352 15 15 5
41353 21 20 8
41354 12 11 5
41355 13 13 5
41356 7 6 5
41357 9 8 4
41358 14 13 9
41359 15 14 6
41360 12 12 6
41361 10 10 4
41362 12 11 5
41363 9 8 4
41364 18 17 9
41365 11 10 4
41366 10 9 5
41367 5 5 5
41368 18 17 5
41369 15 14 6
41370 18 17 7
41371 11 10 4
41372 12 11 5
41373 7 7 7
41374 12 12 6
41375 14 14 6
41376 18 17 7
41377 9 8 4
41378 12 11 5
41379 7 7 7
41380 12 12 4
41381 8 7 6
41382 8 8 4
41383 10 9 5
41384 13 12 6
41385 24 23 7
41386 9 9 5
41387 13 13 5
41388 11 10 6
41389 8 7 6
41390 10 10 6
41391 10 10 4
41392 14 13 5
41393 15 15 5
41394 17 17 5
41395 13 12 6
41396 18 17 5
41397 9 8 4
41398 10 9 5
41399 7 6 5
41400 11 10 6
41401 10 10 6
41402 14 13 5
41403 13 12 6
41404 12 11 5
41405 11 11 7
41406 11 10 6
41407 10 10 6
41408 8 8 4
41409 8 7 6
41410 12 12 6
41411 12 11 5
41412 11 10 6
41413 12 12 8
41414 10 10 4
41415 10 9 5
41416 7 6 5
41417 11 10 6
41418 16 16 10
41419 12 12 6
41420 14 14 4
41421 16 15 7
41422 23 22 8
41423 12 12 4
41424 10 9 5
41425 19 18 6
41426 10 10 4
41427 16 15 7
41428 11 10 6
41429 22 22 6
41430 6 6 6
41431 23 22 4
41432 6 5 4
41433 14 13 5
41434 11 11 5
41435 17 16 4
41436 12 11 5
41437 23 22 8
41438 14 14 6
41439 12 12 6
41440 6 6 6
41441 13 12 8
41442 10 10 6
41443 8 8 4
41444 14 13 7
41445 11 10 4
41446 14 13 5
41447 9 8 4
41448 24 23 7
41449 11 10 4
41450 14 13 5
41451 11 11 7
41452 11 10 6
41453 12 12 6
41454 12 11 5
41455 17 16 4
41456 20 19 5
41457 11 11 5
41458 11 11 5
41459 7 7 7
41460 16 16 6
41461 6 6 6
41462 27 27 5
41463 17 17 5
41464 13 12 4
41465 16 15 5
41466 7 6 5
41467 9 9 5
41468 11 11 5
41469 21 20 4
41470 34 33 5
41471 11 11 5
41472 13 12 6
41473 18 17 5
41474 21 20 4
41475 24 23 5
41476 25 24 4
41477 18 17 5
41478 21 20 4
41479 18 17 5
41480 17 16 4
41481 22 21 5
41482 19 19 5
41483 15 14 4
41484 12 11 5
41485 31 30 4
41486 50 49 5
41487 29 28 4
41488 14 13 5
41489 19 18 4
41490 16 15 5
41491 19 18 4
41492 12 11 5
41493 21 20 4
41494 14 13 5
41495 17 16 4
41496 16 15 5
41497 17 16 6
41498 22 22 4
41499 12 11 5
41500 15 14 6
41501 18 18 6
41502 20 20 4
41503 30 29 5
41504 23 22 4
41505 20 19 5
41506 15 14 4
41507 14 13 5
41508 9 8 4
41509 16 15 5
41510 21 20 4
41511 22 21 5
41512 19 18 4
41513 10 9 5
41514 9 8 4
41515 20 19 5
41516 11 10 4
41517 22 21 5
41518 27 26 4
41519 18 17 5
41520 17 16 4
41521 12 11 5
41522 15 14 4
41523 18 17 5
41524 13 12 6
41525 28 28 4
41526 20 19 5
41527 17 16 4
41528 20 19 5
41529 15 14 6
41530 16 16 6
41531 22 22 6
41532 28 27 9
41533 11 11 5
41534 21 21 5
41535 17 16 6
41536 18 18 6
41537 14 14 4
41538 14 13 5
41539 15 14 6
41540 18 17 5
41541 25 25 7
41542 19 18 4
41543 14 13 5
41544 33 32 8
41545 14 14 6
41546 26 25 7
41547 21 21 5
41548 31 31 5
41549 25 24 4
41550 16 15 5
41551 15 14 4
41552 16 15 5
41553 17 16 4
41554 16 15 5
41555 21 21 5
41556 17 17 5
41557 23 22 8
41558 18 18 6
41559 12 12 4
41560 18 17 5
41561 9 8 4
41562 18 17 7
41563 21 21 5
41564 27 27 7
41565 13 13 5
41566 15 14 4
41567 24 23 5
41568 15 14 4
41569 18 17 5
41570 17 17 7
41571 25 25 5
41572 19 18 6
41573 24 23 5
41574 7 6 5
41575 15 14 6
41576 12 12 6
41577 18 18 4
41578 18 17 7
41579 13 12 4
41580 18 17 5
41581 17 17 5
41582 11 11 5
41583 13 12 6
41584 10 10 4
41585 16 15 7
41586 7 6 5
41587 19 18 6
41588 12 11 5
41589 11 10 4
41590 12 11 5
41591 11 11 5
41592 11 10 6
41593 16 15 5
41594 5 5 5
41595 12 11 5
41596 11 11 5
41597 9 8 4
41598 10 9 5
41599 17 17 5
41600 13 13 7
41601 15 14 6
41602 6 5 4
41603 14 13 5
41604 9 8 4
41605 14 13 5
41606 11 10 6
41607 10 10 6
41608 12 11 5
41609 11 10 6
41610 14 13 5
41611 15 14 6
41612 10 10 4
41613 12 11 5
41614 13 12 6
41615 12 12 8
41616 14 14 6
41617 12 12 6
41618 14 13 5
41619 7 6 5
41620 15 15 7
41621 13 13 5
41622 9 9 5
41623 19 18 6
41624 18 17 7
41625 5 5 5
41626 16 15 5
41627 11 11 5
41628 11 11 5
41629 9 8 4
41630 14 13 5
41631 19 18 6
41632 14 13 7
41633 15 14 6
41634 12 12 4
41635 12 11 5
41636 11 11 5
41637 13 12 6
41638 12 11 5
41639 11 11 5
41640 15 14 6
41641 16 16 6
41642 12 12 6
41643 10 10 6
41644 14 14 4
41645 16 15 7
41646 11 10 4
41647 20 19 5
41648 13 12 4
41649 20 19 5
41650 7 6 5
41651 9 9 5
41652 11 10 6
41653 18 18 4
41654 16 15 7
41655 17 17 5
41656 11 10 6
41657 16 16 6
41658 12 12 4
41659 14 13 5
41660 21 21 9
41661 13 12 6
41662 16 16 4
41663 16 15 5
41664 7 6 5
41665 17 16 8
41666 12 12 6
41667 16 15 5
41668 9 9 5
41669 19 19 5
41670 11 10 6
41671 12 12 8
41672 12 12 4
41673 12 11 5
41674 7 7 7
41675 10 9 5
41676 11 10 4
41677 16 15 7
41678 15 14 6
41679 6 6 6
41680 9 9 5
41681 15 14 6
41682 14 13 5
41683 15 15 5
41684 7 6 5
41685 11 11 5
41686 15 14 6
41687 10 10 4
41688 10 9 5
41689 11 11 5
41690 9 9 5
41691 9 9 5
41692 11 11 5
41693 13 13 7
41694 21 20 8
41695 12 12 6
41696 10 10 4
41697 16 15 5
41698 17 17 5
41699 13 13 7
41700 19 19 5
41701 21 21 5
41702 13 12 4
41703 14 13 5
41704 11 10 6
41705 12 12 4
41706 14 13 5
41707 13 13 5
41708 11 10 6
41709 14 14 4
41710 20 19 5
41711 23 23 7
41712 5 5 5
41713 14 13 7
41714 7 6 5
41715 13 12 6
41716 22 22 6
41717 24 23 5
41718 17 16 4
41719 14 13 5
41720 7 6 5
41721 17 17 7
41722 7 6 5
41723 13 12 4
41724 20 19 5
41725 9 8 4
41726 14 13 5
41727 19 19 7
41728 11 10 4
41729 10 9 5
41730 9 8 4
41731 18 17 7
41732 13 12 4
41733 16 15 5
41734 5 5 5
41735 10 9 5
41736 19 18 8
41737 12 12 4
41738 16 15 5
41739 13 12 4
41740 10 9 5
41741 19 18 4
41742 10 9 5
41743 11 10 6
41744 20 20 4
41745 10 9 5
41746 11 10 4
41747 14 13 5
41748 5 5 5
41749 18 17 7
41750 29 29 5
41751 17 16 4
41752 18 17 5
41753 15 14 4
41754 8 7 6
41755 12 12 4
41756 34 33 5
41757 21 20 6
41758 14 14 4
41759 16 15 5
41760 23 22 4
41761 14 13 5
41762 17 16 4
41763 18 17 5
41764 21 20 4
41765 22 21 5
41766 17 16 4
41767 16 15 5
41768 15 14 4
41769 12 11 5
41770 19 19 5
41771 15 14 6
41772 22 21 7
41773 21 20 4
41774 20 19 5
41775 15 14 4
41776 14 13 5
41777 29 28 6
41778 20 20 6
41779 18 17 5
41780 13 12 4
41781 18 17 5
41782 27 26 4
41783 18 17 5
41784 17 17 5
41785 17 16 6
41786 20 19 7
41787 17 17 7
41788 19 19 7
41789 15 14 4
41790 14 13 5
41791 31 30 6
41792 20 20 6
41793 14 13 5
41794 11 11 5
41795 21 20 4
41796 16 15 5
41797 13 13 5
41798 29 29 5
41799 11 11 5
41800 19 19 5
41801 15 14 4
41802 22 21 7
41803 33 32 12
41804 28 28 8
41805 14 14 6
41806 28 28 8
41807 14 13 5
41808 19 19 7
41809 23 22 4
41810 16 15 5
41811 19 19 5
41812 17 17 7
41813 29 29 9
41814 15 15 7
41815 15 15 7
41816 19 19 5
41817 19 19 7
41818 15 14 6
41819 32 31 9
41820 11 11 5
41821 25 25 7
41822 7 6 5
41823 11 10 4
41824 14 13 5
41825 15 15 7
41826 17 16 6
41827 10 9 5
41828 13 12 4
41829 20 19 5
41830 13 12 6
41831 16 15 5
41832 13 12 4
41833 16 15 5
41834 15 14 4
41835 10 9 5
41836 11 11 5
41837 11 10 6
41838 10 10 6
41839 14 14 6
41840 10 9 5
41841 9 9 5
41842 19 18 8
41843 18 18 4
41844 14 13 5
41845 11 11 5
41846 17 16 6
41847 18 18 6
41848 16 15 5
41849 15 15 5
41850 11 11 5
41851 7 6 5
41852 15 14 6
41853 10 10 6
41854 14 13 5
41855 13 12 4
41856 12 11 5
41857 13 12 4
41858 16 15 5
41859 11 11 5
41860 13 13 5
41861 13 12 6
41862 14 14 6
41863 12 11 5
41864 19 18 6
41865 6 6 6
41866 17 16 8
41867 14 14 6
41868 18 18 6
41869 6 6 6
41870 17 16 8
41871 10 10 4
41872 16 15 5
41873 9 8 4
41874 10 9 5
41875 11 11 7
41876 19 18 4
41877 14 13 7
41878 13 12 6
41879 8 8 4
41880 14 13 7
41881 15 14 6
41882 14 14 4
41883 16 15 5
41884 9 9 5
41885 7 6 5
41886 15 15 7
41887 15 14 4
41888 16 15 5
41889 7 7 7
41890 16 16 4
41891 10 9 5
41892 13 12 6
41893 6 6 6
41894 11 10 6
41895 14 13 7
41896 11 11 5
41897 13 12 4
41898 14 13 5
41899 15 14 8
41900 8 8 4
41901 6 5 4
41902 10 9 5
41903 13 12 8
41904 22 22 8
41905 12 12 4
41906 14 13 7
41907 11 10 4
41908 12 11 5
41909 9 9 5
41910 13 12 6
41911 8 8 4
41912 18 17 7
41913 11 11 5
41914 11 10 6
41915 14 14 6
41916 10 9 5
41917 13 12 8
41918 8 8 4
41919 14 13 5
41920 17 16 8
41921 10 10 6
41922 6 6 6
41923 13 13 7
41924 7 6 5
41925 17 16 4
41926 20 19 5
41927 19 19 5
41928 13 12 4
41929 18 17 5
41930 17 16 6
41931 14 14 4
41932 10 9 5
41933 17 17 5
41934 17 16 6
41935 18 18 6
41936 8 8 4
41937 12 11 5
41938 9 8 4
41939 20 19 5
41940 7 7 7
41941 20 19 5
41942 15 15 5
41943 17 16 4
41944 12 11 5
41945 5 5 5
41946 14 13 7
41947 13 12 4
41948 18 17 5
41949 13 13 5
41950 23 22 6
41951 18 17 5
41952 19 19 5
41953 7 6 5
41954 19 19 7
41955 5 5 5
41956 18 17 5
41957 19 18 6
41958 22 21 7
41959 7 6 5
41960 17 16 6
41961 14 14 4
41962 18 17 5
41963 13 12 6
41964 14 13 5
41965 19 18 4
41966 14 13 5
41967 11 11 5
41968 5 5 5
41969 12 11 5
41970 9 8 4
41971 16 15 7
41972 15 14 4
41973 18 17 5
41974 11 10 6
41975 16 16 6
41976 14 14 6
41977 12 11 5
41978 17 17 5
41979 11 11 5
41980 13 12 6
41981 8 8 4
41982 12 11 5
41983 15 14 6
41984 12 11 7
41985 11 10 4
41986 22 21 5
41987 11 11 5
41988 11 11 5
41989 13 13 5
41990 15 14 6
41991 8 8 4
41992 10 9 5
41993 13 12 6
41994 12 12 6
41995 12 12 6
41996 10 9 5
41997 9 9 5
41998 15 14 8
41999 14 14 6
42000 8 8 4
42001 22 21 7
42002 15 14 6
42003 12 12 4
42004 22 21 9
42005 9 8 4
42006 10 9 5
42007 11 10 4
42008 8 7 6
42009 16 15 7
42010 11 10 6
42011 14 14 6
42012 8 8 8
42013 11 10 6
42014 6 6 6
42015 13 12 6
42016 6 6 6
42017 13 13 5
42018 13 12 6
42019 14 14 8
42020 8 8 4
42021 10 9 5
42022 5 5 5
42023 10 9 5
42024 11 11 7
42025 15 14 6
42026 14 13 7
42027 15 14 6
42028 12 11 5
42029 13 12 6
42030 10 9 5
42031 9 9 5
42032 9 8 4
42033 6 5 4
42034 14 13 7
42035 11 10 6
42036 14 14 6
42037 6 5 4
42038 10 9 5
42039 15 15 5
42040 13 12 4
42041 6 5 4
42042 16 15 5
42043 15 15 5
42044 13 13 7
42045 7 6 5
42046 11 11 5
42047 5 5 5
42048 12 11 5
42049 5 5 5
42050 18 17 7
42051 7 6 5
42052 11 10 6
42053 14 14 8
42054 10 10 4
42055 10 9 5
42056 13 12 6
42057 8 8 4
42058 20 19 7
42059 13 12 6
42060 8 8 4
42061 12 11 5
42062 7 6 5
42063 11 11 5
42064 13 13 7
42065 17 16 6
42066 6 6 6
42067 13 13 7
42068 11 11 5
42069 11 10 6
42070 12 11 7
42071 13 12 4
42072 12 11 5
42073 13 12 6
42074 6 6 6
42075 19 19 9
42076 11 10 4
42077 14 13 5
42078 17 16 8
42079 8 8 4
42080 10 9 5
42081 15 15 5
42082 19 19 7
42083 19 18 6
42084 16 16 4
42085 12 11 5
42086 13 12 6
42087 12 12 6
42088 8 7 6
42089 10 9 5
42090 9 8 4
42091 12 11 7
42092 15 14 6
42093 12 12 6
42094 12 11 7
42095 11 10 4
42096 14 13 5
42097 13 12 6
42098 16 16 4
42099 16 15 5
42100 11 11 5
42101 17 17 5
42102 9 9 5
42103 15 14 6
42104 6 6 6
42105 15 14 6
42106 14 14 6
42107 12 12 4
42108 10 9 5
42109 5 5 5
42110 10 9 5
42111 11 11 5
42112 9 8 7
42113 11 10 6
42114 6 5 4
42115 16 15 5
42116 17 16 8
42117 12 11 5
42118 9 8 4
42119 6 5 4
42120 14 13 7
42121 15 14 6
42122 14 13 5
42123 15 14 6
42124 18 17 5
42125 11 11 5
42126 13 13 5
42127 15 14 8
42128 16 16 6
42129 6 6 6
42130 13 12 6
42131 12 11 5
42132 15 14 6
42133 6 6 6
42134 13 13 5
42135 7 7 7
42136 14 14 6
42137 10 10 4
42138 20 19 9
42139 7 6 5
42140 19 18 6
42141 16 15 5
42142 19 19 5
42143 15 15 7
42144 13 12 6
42145 8 8 4
42146 10 9 5
42147 11 10 4
42148 18 17 7
42149 15 14 6
42150 10 10 6
42151 8 8 4
42152 10 9 5
42153 11 11 7
42154 9 9 5
42155 11 10 4
42156 14 13 7
42157 15 15 5
42158 17 16 6
42159 16 16 8
42160 6 6 6
42161 13 12 6
42162 6 6 6
42163 11 11 7
42164 13 12 6
42165 22 22 4
42166 14 13 5
42167 9 9 5
42168 13 12 6
42169 14 14 4
42170 30 29 5
42171 47 46 4
42172 22 21 5
42173 19 18 4
42174 18 17 5
42175 21 20 4
42176 20 19 5
42177 11 10 4
42178 10 9 5
42179 11 10 4
42180 12 11 5
42181 23 22 6
42182 20 20 4
42183 14 13 5
42184 13 12 4
42185 14 13 5
42186 21 20 4
42187 42 41 5
42188 29 28 4
42189 22 21 5
42190 11 10 4
42191 18 17 5
42192 23 22 4
42193 32 31 5
42194 27 26 6
42195 16 16 6
42196 14 14 4
42197 20 19 5
42198 17 16 4
42199 28 27 5
42200 29 28 4
42201 22 21 5
42202 33 32 6
42203 28 27 5
42204 19 18 4
42205 32 31 5
42206 21 21 5
42207 37 36 6
42208 26 26 6
42209 16 16 6
42210 16 16 6
42211 20 20 4
42212 30 29 9
42213 25 24 4
42214 16 15 5
42215 25 24 4
42216 20 19 7
42217 15 14 4
42218 18 17 5
42219 27 27 7
42220 33 32 6
42221 26 26 8
42222 20 20 6
42223 24 23 5
42224 19 19 5
42225 9 9 5
42226 19 18 4
42227 28 27 7
42228 21 20 6
42229 20 20 6
42230 24 23 9
42231 19 18 6
42232 24 24 6
42233 24 23 11
42234 21 20 6
42235 14 13 5
42236 23 23 5
42237 27 26 6
42238 32 31 5
42239 21 20 4
42240 18 17 5
42241 15 15 7
42242 25 24 4
42243 30 29 11
42244 21 20 4
42245 20 19 7
42246 21 21 7
42247 41 40 14
42248 18 18 4
42249 30 29 9
42250 11 10 4
42251 22 21 5
42252 17 17 5
42253 19 18 4
42254 28 27 5
42255 13 13 5
42256 29 28 6
42257 10 10 4
42258 20 19 5
42259 11 11 5
42260 21 20 6
42261 20 20 6
42262 30 30 10
42263 22 21 5
42264 13 13 5
42265 21 20 10
42266 18 17 7
42267 19 18 6
42268 24 24 6
42269 18 17 5
42270 23 23 7
42271 15 15 5
42272 31 31 11
42273 23 23 7
42274 33 33 11
42275 15 14 6
42276 18 17 5
42277 17 17 5
42278 19 18 4
42279 26 25 5
42280 21 20 6
42281 10 10 4
42282 20 19 5
42283 21 20 6
42284 16 16 6
42285 28 28 10
42286 20 19 5
42287 23 23 5
42288 15 15 5
42289 23 22 6
42290 14 14 6
42291 10 10 4
42292 20 19 7
42293 19 18 4
42294 32 31 7
42295 23 22 4
42296 20 19 5
42297 17 17 5
42298 11 10 4
42299 14 13 5
42300 17 16 6
42301 22 22 4
42302 20 19 7
42303 15 14 6
42304 18 17 5
42305 45 44 4
42306 24 23 5
42307 21 21 5
42308 23 23 5
42309 21 20 4
42310 18 17 5
42311 21 21 5
42312 19 18 4
42313 18 17 5
42314 13 12 4
42315 28 27 5
42316 19 19 5
42317 25 24 4
42318 20 19 5
42319 21 20 4
42320 18 17 5
42321 29 28 6
42322 34 34 4
42323 16 15 7
42324 17 17 5
42325 21 20 4
42326 30 29 7
42327 21 20 4
42328 10 9 5
42329 17 16 4
42330 16 15 5
42331 25 24 6
42332 14 13 5
42333 9 9 5
42334 21 20 4
42335 18 17 5
42336 25 24 6
42337 12 12 4
42338 18 17 5
42339 7 6 5
42340 23 22 4
42341 10 9 5
42342 11 10 4
42343 10 9 5
42344 11 11 5
42345 13 13 5
42346 13 13 5
42347 17 17 5
42348 19 18 6
42349 10 10 4
42350 14 13 7
42351 13 12 6
42352 10 10 4
42353 12 11 5
42354 11 11 5
42355 13 12 4
42356 22 21 5
42357 11 10 6
42358 24 24 6
42359 8 8 4
42360 16 15 5
42361 15 15 5
42362 13 12 4
42363 14 13 5
42364 13 12 4
42365 10 9 5
42366 13 12 4
42367 18 17 7
42368 15 14 4
42369 14 13 7
42370 13 12 6
42371 12 12 4
42372 14 13 5
42373 17 17 7
42374 15 14 4
42375 14 13 5
42376 13 12 6
42377 6 6 6
42378 17 17 5
42379 19 18 4
42380 16 15 5
42381 13 13 5
42382 13 12 4
42383 10 9 5
42384 13 12 6
42385 16 16 6
42386 14 14 4
42387 14 13 5
42388 13 12 4
42389 14 13 5
42390 13 12 4
42391 20 19 7
42392 13 13 5
42393 27 27 5
42394 17 16 4
42395 16 15 5
42396 17 16 6
42397 8 8 4
42398 14 13 5
42399 21 21 5
42400 17 16 6
42401 14 14 6
42402 12 12 6
42403 12 11 5
42404 21 20 8
42405 20 20 4
42406 16 15 5
42407 27 26 6
42408 16 15 5
42409 9 8 4
42410 14 13 5
42411 17 17 5
42412 15 14 4
42413 22 21 7
42414 23 22 6
42415 14 14 4
42416 12 11 5
42417 15 14 4
42418 12 11 5
42419 13 12 4
42420 12 11 5
42421 25 24 4
42422 18 17 5
42423 11 11 5
42424 9 9 5
42425 5 5 5
42426 14 13 5
42427 17 17 5
42428 13 12 4
42429 18 17 5
42430 15 14 6
42431 20 20 6
42432 6 6 6
42433 11 10 4
42434 16 15 5
42435 17 17 5
42436 17 16 4
42437 16 15 5
42438 9 8 4
42439 12 11 5
42440 13 12 4
42441 20 19 7
42442 13 12 4
42443 16 15 5
42444 9 8 4
42445 6 5 4
42446 14 13 5
42447 9 9 5
42448 7 7 7
42449 10 10 6
42450 8 8 4
42451 16 15 7
42452 21 20 6
42453 10 10 6
42454 18 18 6
42455 12 11 5
42456 21 20 6
42457 18 17 5
42458 13 13 5
42459 15 14 6
42460 12 12 4
42461 14 13 5
42462 17 16 6
42463 10 10 4
42464 10 9 5
42465 11 10 6
42466 18 18 6
42467 14 14 6
42468 12 12 6
42469 10 9 5
42470 11 10 6
42471 8 8 4
42472 14 13 5
42473 13 12 4
42474 26 25 9
42475 9 8 4
42476 14 13 5
42477 9 8 4
42478 12 11 5
42479 9 8 7
42480 15 14 6
42481 10 10 4
42482 14 13 5
42483 11 10 6
42484 14 14 8
42485 6 6 6
42486 11 11 5
42487 13 12 4
42488 18 17 5
42489 15 14 4
42490 20 19 7
42491 9 8 4
42492 16 15 5
42493 15 14 4
42494 24 23 5
42495 9 8 4
42496 16 15 7
42497 21 20 4
42498 14 13 5
42499 11 10 6
42500 14 14 6
42501 12 12 6
42502 24 24 4
42503 10 9 5
42504 29 28 4
42505 26 25 5
42506 25 24 4
42507 18 17 5
42508 27 26 4
42509 28 27 5
42510 33 32 4
42511 16 15 5
42512 21 20 4
42513 28 27 5
42514 15 15 5
42515 23 22 4
42516 32 31 5
42517 25 24 4
42518 40 39 5
42519 23 22 4
42520 22 21 5
42521 29 28 4
42522 32 31 7
42523 29 28 4
42524 18 17 5
42525 19 18 4
42526 12 11 5
42527 27 26 4
42528 32 31 5
42529 23 22 6
42530 20 20 4
42531 12 11 5
42532 21 20 4
42533 20 19 5
42534 11 10 4
42535 14 13 5
42536 17 16 4
42537 20 19 7
42538 11 10 4
42539 22 21 5
42540 13 12 4
42541 20 19 5
42542 13 13 7
42543 19 19 5
42544 17 16 4
42545 18 17 5
42546 17 16 4
42547 20 19 5
42548 15 14 4
42549 14 13 5
42550 9 9 5
42551 17 16 6
42552 22 21 9
42553 13 12 4
42554 16 15 7
42555 17 17 5
42556 13 13 5
42557 11 11 5
42558 13 13 5
42559 19 18 6
42560 12 12 4
42561 14 13 5
42562 7 6 5
42563 21 20 8
42564 12 12 6
42565 12 12 6
42566 12 12 4
42567 16 15 5
42568 21 20 6
42569 16 16 6
42570 22 21 5
42571 11 10 6
42572 16 16 6
42573 14 13 5
42574 15 14 6
42575 24 23 5
42576 25 24 8
42577 18 18 8
42578 8 8 4
42579 22 21 11
42580 11 10 6
42581 20 20 6
42582 6 5 4
42583 20 19 7
42584 9 9 5
42585 25 24 8
42586 16 15 5
42587 9 9 5
42588 17 17 5
42589 15 14 6
42590 12 12 4
42591 10 9 5
42592 11 11 5
42593 15 15 5
42594 15 15 5
42595 17 17 7
42596 13 13 5
42597 13 12 6
42598 10 10 6
42599 20 20 8
42600 14 14 4
42601 12 11 7
42602 7 7 7
42603 12 12 4
42604 10 9 5
42605 11 10 6
42606 12 11 5
42607 9 9 5
42608 13 12 6
42609 14 13 7
42610 13 12 6
42611 10 10 4
42612 18 17 7
42613 17 16 8
42614 10 10 4
42615 16 15 5
42616 9 9 5
42617 11 11 5
42618 15 14 8
42619 8 8 4
42620 16 15 5
42621 5 5 5
42622 10 9 5
42623 23 22 6
42624 16 15 5
42625 13 12 4
42626 14 13 5
42627 11 11 5
42628 19 18 8
42629 12 12 6
42630 16 16 4
42631 14 13 5
42632 9 9 5
42633 7 6 5
42634 11 10 6
42635 8 8 4
42636 12 11 5
42637 15 14 6
42638 14 13 7
42639 15 14 6
42640 10 9 5
42641 15 14 6
42642 14 14 6
42643 8 8 4
42644 12 11 5
42645 11 11 5
42646 11 10 6
42647 8 8 4
42648 6 5 4
42649 18 17 5
42650 15 15 5
42651 11 11 5
42652 7 6 5
42653 13 13 5
42654 11 11 5
42655 11 11 5
42656 7 7 7
42657 22 22 8
42658 6 6 6
42659 19 18 8
42660 6 6 6
42661 9 9 5
42662 17 16 6
42663 22 22 6
42664 10 10 6
42665 14 14 4
42666 10 9 5
42667 13 12 4
42668 6 5 4
42669 12 11 7
42670 11 10 4
42671 18 17 9
42672 13 12 6
42673 12 12 6
42674 12 12 6
42675 14 14 6
42676 12 11 5
42677 13 12 6
42678 14 14 6
42679 12 12 6
42680 16 15 5
42681 9 9 5
42682 13 12 8
42683 12 12 4
42684 14 13 5
42685 9 9 5
42686 13 12 6
42687 12 11 7
42688 11 10 4
42689 14 13 5
42690 13 13 5
42691 13 13 5
42692 15 14 4
42693 22 21 7
42694 7 6 5
42695 9 8 4
42696 10 9 5
42697 11 11 7
42698 11 10 4
42699 8 7 6
42700 14 14 6
42701 12 12 6
42702 16 15 9
42703 13 12 6
42704 8 8 4
42705 6 5 4
42706 10 9 5
42707 15 15 7
42708 15 14 6
42709 22 22 4
42710 16 15 7
42711 11 10 6
42712 10 10 6
42713 6 5 4
42714 14 13 7
42715 17 16 6
42716 14 14 6
42717 6 6 6
42718 13 12 4
42719 12 11 5
42720 9 8 4
42721 8 7 6
42722 10 10 4
42723 14 13 5
42724 17 17 7
42725 17 16 4
42726 14 13 5
42727 11 10 6
42728 14 13 5
42729 7 7 7
42730 12 12 6
42731 10 10 4
42732 12 11 5
42733 11 10 6
42734 10 10 6
42735 6 6 6
42736 5 5 5
42737 12 11 5
42738 11 10 6
42739 20 20 4
42740 18 17 5
42741 17 17 5
42742 11 10 4
42743 6 5 4
42744 10 9 5
42745 15 14 6
42746 22 21 5
42747 23 23 5
42748 19 19 5
42749 11 11 5
42750 5 5 5
42751 10 9 5
42752 11 11 5
42753 15 14 4
42754 20 19 5
42755 17 17 5
42756 19 18 4
42757 12 11 5
42758 15 14 6
42759 8 8 4
42760 12 11 7
42761 37 36 4
42762 38 37 5
42763 11 10 4
42764 14 13 5
42765 15 14 4
42766 22 21 5
42767 37 36 4
42768 30 29 5
42769 25 24 4
42770 24 23 5
42771 19 18 4
42772 16 15 5
42773 37 36 4
42774 12 11 5
42775 29 28 4
42776 20 19 5
42777 21 20 4
42778 14 13 5
42779 23 22 4
42780 32 31 5
42781 29 28 4
42782 20 19 5
42783 19 18 4
42784 20 19 5
42785 31 31 5
42786 19 18 4
42787 26 25 5
42788 23 22 6
42789 20 20 4
42790 6 5 4
42791 32 31 5
42792 23 23 5
42793 29 29 7
42794 13 12 6
42795 28 28 4
42796 24 23 7
42797 13 12 4
42798 16 15 7
42799 35 34 6
42800 12 12 4
42801 38 37 7
42802 23 22 4
42803 22 21 7
42804 15 15 5
42805 33 33 9
42806 23 23 9
42807 19 18 6
42808 30 30 12
42809 14 14 4
42810 24 23 5
42811 57 57 11
42812 21 20 6
42813 16 15 5
42814 27 27 7
42815 23 22 8
42816 14 13 5
42817 21 21 7
42818 19 19 5
42819 23 23 5
42820 17 17 5
42821 27 26 8
42822 20 20 4
42823 16 15 5
42824 25 25 9
42825 35 35 11
42826 11 11 5
42827 17 16 6
42828 18 18 6
42829 18 17 5
42830 23 23 7
42831 35 34 6
42832 32 32 8
42833 16 16 6
42834 12 12 4
42835 20 19 9
42836 21 20 6
42837 18 18 4
42838 10 9 5
42839 17 16 4
42840 18 17 5
42841 13 12 4
42842 24 23 5
42843 23 23 5
42844 19 18 4
42845 10 9 5
42846 23 22 6
42847 10 10 4
42848 24 23 5
42849 13 13 5
42850 9 8 4
42851 14 13 5
42852 9 8 4
42853 12 11 5
42854 17 16 6
42855 12 12 4
42856 20 19 5
42857 17 16 6
42858 18 17 5
42859 17 16 4
42860 14 13 5
42861 19 18 6
42862 22 22 8
42863 16 16 6
42864 12 12 4
42865 20 19 5
42866 19 18 6
42867 18 18 4
42868 26 25 5
42869 13 12 4
42870 18 17 5
42871 15 14 6
42872 12 12 4
42873 18 17 5
42874 25 24 6
42875 12 12 4
42876 10 9 5
42877 15 15 5
42878 13 12 4
42879 24 23 5
42880 15 14 6
42881 14 13 5
42882 17 17 5
42883 9 8 4
42884 14 13 5
42885 17 16 4
42886 18 17 5
42887 11 11 5
42888 25 24 6
42889 12 11 5
42890 27 26 4
42891 28 27 5
42892 17 16 4
42893 20 19 5
42894 25 25 5
42895 21 20 4
42896 22 21 5
42897 13 12 4
42898 16 15 5
42899 15 15 5
42900 25 25 5
42901 19 19 7
42902 27 26 8
42903 18 18 4
42904 20 19 5
42905 19 18 6
42906 18 17 5
42907 13 12 4
42908 12 11 5
42909 19 18 6
42910 16 16 6
42911 26 26 6
42912 26 26 8
42913 22 22 8
42914 14 14 6
42915 16 16 4
42916 24 23 5
42917 19 18 4
42918 12 11 5
42919 15 14 6
42920 12 11 5
42921 15 14 6
42922 16 16 6
42923 12 11 5
42924 13 12 6
42925 22 22 6
42926 10 10 4
42927 14 13 5
42928 11 10 4
42929 10 9 5
42930 9 9 5
42931 13 12 6
42932 24 24 6
42933 10 10 4
42934 12 11 5
42935 15 14 4
42936 12 11 5
42937 13 12 4
42938 12 11 5
42939 17 16 6
42940 8 8 4
42941 10 9 5
42942 15 14 6
42943 14 14 6
42944 18 18 6
42945 14 14 6
42946 12 11 7
42947 7 6 5
42948 13 12 4
42949 14 13 5
42950 13 13 7
42951 15 14 8
42952 16 16 4
42953 12 11 5
42954 15 14 4
42955 14 13 7
42956 11 11 5
42957 9 9 5
42958 11 11 7
42959 11 10 4
42960 14 13 5
42961 9 8 4
42962 16 15 7
42963 9 8 4
42964 14 13 7
42965 9 8 4
42966 16 15 5
42967 11 10 6
42968 14 14 6
42969 10 9 5
42970 13 12 6
42971 12 12 6
42972 14 13 5
42973 11 11 5
42974 15 15 5
42975 13 13 5
42976 9 8 4
42977 12 11 5
42978 11 11 5
42979 25 24 6
42980 16 15 5
42981 19 18 6
42982 14 14 4
42983 10 9 5
42984 11 10 4
42985 12 11 5
42986 11 10 4
42987 10 9 5
42988 11 10 4
42989 12 11 5
42990 5 5 5
42991 10 9 5
42992 15 14 6
42993 18 18 6
42994 20 19 5
42995 19 19 5
42996 9 8 4
42997 16 15 5
42998 9 8 4
42999 12 11 5
43000 11 10 4
43001 14 13 5
43002 13 12 4
43003 12 11 5
43004 13 13 5
43005 15 15 5
43006 11 11 5
43007 11 11 5
43008 9 9 5
43009 13 12 4
43010 12 11 5
43011 15 15 5
43012 5 5 5
43013 12 11 5
43014 13 12 6
43015 22 21 7
43016 13 12 4
43017 14 13 5
43018 15 15 5
43019 15 14 6
43020 6 6 6
43021 11 10 4
43022 6 5 4
43023 18 17 7
43024 17 16 4
43025 12 11 5
43026 5 5 5
43027 8 7 6
43028 12 12 6
43029 10 10 4
43030 10 9 5
43031 11 11 5
43032 13 13 7
43033 11 11 5
43034 11 11 5
43035 17 16 6
43036 10 10 6
43037 8 7 6
43038 8 8 4
43039 20 19 5
43040 19 18 8
43041 14 14 6
43042 10 10 4
43043 10 9 5
43044 13 12 4
43045 12 11 5
43046 19 18 4
43047 14 13 5
43048 15 14 6
43049 10 10 4
43050 12 11 5
43051 15 14 6
43052 14 13 5
43053 9 9 5
43054 7 6 5
43055 19 18 6
43056 16 16 6
43057 10 10 6
43058 8 8 4
43059 6 5 4
43060 14 13 5
43061 37 37 5
43062 13 12 4
43063 16 15 5
43064 13 12 6
43065 6 6 6
43066 13 12 4
43067 18 17 5
43068 21 20 6
43069 14 14 4
43070 18 17 5
43071 9 8 4
43072 12 11 7
43073 7 6 5
43074 19 18 6
43075 20 20 4
43076 18 17 5
43077 17 16 4
43078 20 19 5
43079 9 8 4
43080 14 13 7
43081 15 14 4
43082 18 17 5
43083 15 14 4
43084 26 25 5
43085 17 16 6
43086 20 20 4
43087 20 19 5
43088 21 20 4
43089 28 27 5
43090 19 18 4
43091 18 17 5
43092 7 6 5
43093 11 11 5
43094 19 18 4
43095 24 23 5
43096 21 20 4
43097 24 23 5
43098 19 19 5
43099 15 14 6
43100 10 10 6
43101 16 15 5
43102 21 20 4
43103 30 29 5
43104 17 16 4
43105 32 31 5
43106 23 22 4
43107 30 29 5
43108 43 42 4
43109 40 39 5
43110 27 26 4
43111 40 39 5
43112 33 32 6
43113 32 32 4
43114 30 29 5
43115 37 36 4
43116 22 21 5
43117 35 34 6
43118 34 34 4
43119 42 41 5
43120 29 29 5
43121 27 26 4
43122 24 23 7
43123 31 30 4
43124 30 29 5
43125 31 30 4
43126 30 29 5
43127 19 18 4
43128 28 27 5
43129 31 30 6
43130 20 20 6
43131 18 18 4
43132 52 51 11
43133 23 22 4
43134 22 21 5
43135 29 28 6
43136 28 27 9
43137 17 16 4
43138 16 15 5
43139 43 42 6
43140 32 32 8
43141 16 15 5
43142 17 17 7
43143 17 17 5
43144 11 10 4
43145 28 27 5
43146 23 22 6
43147 10 10 4
43148 20 19 5
43149 21 20 4
43150 18 17 5
43151 23 22 6
43152 34 33 5
43153 27 27 5
43154 19 18 6
43155 10 9 5
43156 21 21 5
43157 21 20 6
43158 18 18 4
43159 14 13 5
43160 17 16 6
43161 10 10 4
43162 24 23 5
43163 15 14 8
43164 26 26 8
43165 24 24 10
43166 36 36 10
43167 18 17 7
43168 17 16 8
43169 16 16 4
43170 22 21 5
43171 15 15 5
43172 15 14 4
43173 20 19 7
43174 11 10 4
43175 12 11 5
43176 19 19 5
43177 21 20 4
43178 18 17 5
43179 25 24 10
43180 18 17 5
43181 17 16 8
43182 12 12 4
43183 14 13 5
43184 19 19 5
43185 11 10 4
43186 16 15 5
43187 23 22 4
43188 20 19 5
43189 13 12 4
43190 12 11 5
43191 15 14 8
43192 24 23 11
43193 7 6 5
43194 9 8 4
43195 12 11 5
43196 21 20 6
43197 10 10 4
43198 14 13 5
43199 19 18 6
43200 12 12 4
43201 14 13 5
43202 21 21 5
43203 25 24 4
43204 18 17 9
43205 27 26 6
43206 14 14 4
43207 20 19 5
43208 17 16 6
43209 18 18 6
43210 22 22 4
43211 18 17 5
43212 17 16 6
43213 18 18 8
43214 14 14 4
43215 16 15 5
43216 15 14 6
43217 16 15 7
43218 19 18 6
43219 20 20 6
43220 6 6 6
43221 21 20 6
43222 18 18 8
43223 14 13 5
43224 13 12 6
43225 14 14 6
43226 18 18 8
43227 12 11 5
43228 11 10 4
43229 18 17 5
43230 15 15 5
43231 15 15 7
43232 11 10 4
43233 16 15 5
43234 9 9 5
43235 9 9 5
43236 17 16 6
43237 10 10 4
43238 22 21 5
43239 9 9 5
43240 17 16 6
43241 14 14 6
43242 12 12 4
43243 12 11 5
43244 21 20 6
43245 16 16 6
43246 16 16 4
43247 14 13 5
43248 11 10 6
43249 14 14 6
43250 16 15 5
43251 13 12 4
43252 10 9 5
43253 15 15 7
43254 15 14 6
43255 18 17 7
43256 21 20 4
43257 14 13 5
43258 9 9 5
43259 15 14 6
43260 8 8 4
43261 12 11 5
43262 11 11 5
43263 17 17 5
43264 19 19 5
43265 15 14 6
43266 14 14 4
43267 18 17 5
43268 11 11 5
43269 11 10 4
43270 10 9 5
43271 15 14 6
43272 14 14 6
43273 10 10 4
43274 12 11 7
43275 13 12 6
43276 10 9 5
43277 13 12 4
43278 14 13 5
43279 21 20 8
43280 12 12 4
43281 16 15 7
43282 13 12 4
43283 10 9 5
43284 15 15 7
43285 19 18 6
43286 10 10 4
43287 14 13 5
43288 11 10 4
43289 16 15 5
43290 7 6 5
43291 17 16 8
43292 10 9 5
43293 23 22 6
43294 12 12 4
43295 14 13 5
43296 11 10 4
43297 18 17 5
43298 19 18 8
43299 12 12 4
43300 10 9 5
43301 13 12 6
43302 12 12 6
43303 12 11 5
43304 9 8 4
43305 18 17 7
43306 13 12 6
43307 14 14 6
43308 8 8 4
43309 12 11 5
43310 21 20 6
43311 12 12 6
43312 8 8 4
43313 14 13 5
43314 11 11 5
43315 11 11 7
43316 21 20 6
43317 14 13 5
43318 7 6 5
43319 9 9 5
43320 11 10 6
43321 10 10 6
43322 18 18 8
43323 12 11 7
43324 9 8 4
43325 14 13 5
43326 15 15 5
43327 15 15 5
43328 11 10 6
43329 6 6 6
43330 11 10 4
43331 14 13 5
43332 17 17 7
43333 5 5 5
43334 12 11 5
43335 7 6 5
43336 9 9 5
43337 11 11 5
43338 11 10 6
43339 10 10 6
43340 14 14 8
43341 8 8 4
43342 12 11 5
43343 9 9 5
43344 13 13 5
43345 19 19 5
43346 13 13 5
43347 7 6 5
43348 11 11 5
43349 9 9 5
43350 15 15 5
43351 13 13 5
43352 13 12 4
43353 12 11 5
43354 17 16 6
43355 8 8 4
43356 12 11 7
43357 9 8 4
43358 12 11 5
43359 11 11 5
43360 25 25 7
43361 19 18 4
43362 22 21 5
43363 7 6 5
43364 9 8 4
43365 10 9 5
43366 11 10 4
43367 10 9 5
43368 17 16 6
43369 10 9 5
43370 19 18 8
43371 14 14 6
43372 10 10 4
43373 14 13 5
43374 19 19 7
43375 17 16 4
43376 26 25 5
43377 15 14 4
43378 16 15 5
43379 19 18 4
43380 16 15 5
43381 19 18 4
43382 24 23 5
43383 31 30 4
43384 20 19 5
43385 15 14 4
43386 16 15 5
43387 17 16 4
43388 18 17 5
43389 19 18 4
43390 18 17 5
43391 17 16 4
43392 20 19 5
43393 19 18 4
43394 18 17 5
43395 29 28 6
43396 16 16 4
43397 18 17 5
43398 23 22 6
43399 22 21 5
43400 15 14 4
43401 22 21 5
43402 25 24 4
43403 28 27 5
43404 19 18 6
43405 12 12 4
43406 16 15 5
43407 21 20 8
43408 12 12 4
43409 20 19 5
43410 35 34 10
43411 24 23 5
43412 13 13 5
43413 35 34 6
43414 18 18 4
43415 16 15 5
43416 17 16 4
43417 14 13 5
43418 15 15 7
43419 23 22 6
43420 22 21 7
43421 17 16 6
43422 32 31 7
43423 21 21 5
43424 11 11 5
43425 31 30 8
43426 22 21 9
43427 21 20 8
43428 16 15 5
43429 23 22 4
43430 16 15 7
43431 25 25 5
43432 19 19 7
43433 25 24 4
43434 22 21 5
43435 21 20 6
43436 26 26 10
43437 14 14 4
43438 28 27 5
43439 17 17 5
43440 13 12 4
43441 32 31 7
43442 9 8 4
43443 38 37 5
43444 15 15 5
43445 17 17 5
43446 17 16 4
43447 12 11 5
43448 17 16 6
43449 18 18 6
43450 18 17 7
43451 17 17 5
43452 15 15 5
43453 19 18 6
43454 14 13 5
43455 21 21 5
43456 25 24 10
43457 18 18 4
43458 18 17 5
43459 15 14 4
43460 14 13 5
43461 21 21 7
43462 23 23 5
43463 27 26 10
43464 16 15 5
43465 23 22 10
43466 16 16 4
43467 20 19 9
43468 27 26 6
43469 20 19 7
43470 15 15 5
43471 19 18 6
43472 20 20 4
43473 16 15 5
43474 11 10 6
43475 16 16 6
43476 26 26 8
43477 10 10 4
43478 14 13 5
43479 19 18 8
43480 8 8 4
43481 12 11 5
43482 13 13 5
43483 19 19 5
43484 15 14 6
43485 14 13 5
43486 9 8 4
43487 12 11 5
43488 17 16 6
43489 14 13 5
43490 13 13 5
43491 9 8 4
43492 16 15 5
43493 9 9 5
43494 15 15 7
43495 15 14 4
43496 18 17 7
43497 17 16 4
43498 20 19 5
43499 11 10 6
43500 14 14 6
43501 6 5 4
43502 18 17 7
43503 9 8 4
43504 10 9 5
43505 11 11 5
43506 23 22 4
43507 6 5 4
43508 12 11 5
43509 11 11 5
43510 21 20 6
43511 14 13 5
43512 17 16 6
43513 14 14 6
43514 16 16 6
43515 12 12 4
43516 14 13 5
43517 11 11 7
43518 25 25 5
43519 13 12 4
43520 20 19 5
43521 7 6 5
43522 17 16 4
43523 16 15 5
43524 9 8 4
43525 18 17 5
43526 17 16 4
43527 12 11 5
43528 17 17 5
43529 11 11 5
43530 17 16 6
43531 14 14 6
43532 14 14 6
43533 18 18 6
43534 6 6 6
43535 11 10 4
43536 18 17 7
43537 11 10 4
43538 12 11 5
43539 11 10 4
43540 14 13 5
43541 17 17 7
43542 15 14 4
43543 10 9 5
43544 5 5 5
43545 18 17 5
43546 13 12 6
43547 12 12 6
43548 20 19 5
43549 17 16 6
43550 22 21 7
43551 11 10 4
43552 10 9 5
43553 17 17 5
43554 11 10 4
43555 20 19 7
43556 11 10 4
43557 12 11 5
43558 13 12 6
43559 10 9 5
43560 13 13 5
43561 25 24 4
43562 16 15 5
43563 17 16 4
43564 12 11 5
43565 15 14 6
43566 10 10 6
43567 14 14 6
43568 10 10 4
43569 10 9 5
43570 11 11 5
43571 15 14 6
43572 10 9 5
43573 11 11 5
43574 15 15 7
43575 13 12 6
43576 10 9 5
43577 9 9 5
43578 13 12 6
43579 10 10 4
43580 16 15 5
43581 13 13 5
43582 15 15 7
43583 15 14 4
43584 18 17 5
43585 15 15 5
43586 9 9 5
43587 17 17 5
43588 13 13 5
43589 11 10 4
43590 10 9 5
43591 23 22 6
43592 16 15 5
43593 13 12 4
43594 16 15 5
43595 19 18 6
43596 12 11 7
43597 11 10 4
43598 16 15 5
43599 11 11 5
43600 13 12 6
43601 18 17 5
43602 15 15 5
43603 9 8 4
43604 10 9 5
43605 13 12 6
43606 18 17 7
43607 11 10 6
43608 12 11 5
43609 17 16 6
43610 12 12 6
43611 14 14 6
43612 22 22 6
43613 14 14 6
43614 14 14 6
43615 10 9 5
43616 9 9 5
43617 7 6 5
43618 15 14 8
43619 8 8 4
43620 18 17 7
43621 13 12 4
43622 16 15 5
43623 9 9 5
43624 15 14 6
43625 12 11 5
43626 11 10 4
43627 16 15 7
43628 9 9 5
43629 11 10 6
43630 16 16 6
43631 10 9 5
43632 7 6 5
43633 15 15 7
43634 5 5 5
43635 10 9 5
43636 15 15 5
43637 15 14 8
43638 12 12 6
43639 12 12 4
43640 10 9 5
43641 13 13 5
43642 11 10 6
43643 12 12 6
43644 18 18 4
43645 14 13 5
43646 9 8 4
43647 14 13 5
43648 13 13 5
43649 13 13 5
43650 11 10 4
43651 10 9 5
43652 15 14 6
43653 16 16 6
43654 12 11 5
43655 15 14 6
43656 12 12 4
43657 20 19 5
43658 37 36 4
43659 24 23 5
43660 15 14 6
43661 12 12 4
43662 18 17 5
43663 13 12 4
43664 42 41 5
43665 45 44 4
43666 26 25 5
43667 17 16 4
43668 22 21 5
43669 15 14 6
43670 14 14 4
43671 18 17 5
43672 21 20 4
43673 28 27 5
43674 13 12 4
43675 10 9 5
43676 21 20 4
43677 26 25 5
43678 17 16 4
43679 36 35 5
43680 17 16 4
43681 22 21 5
43682 15 14 4
43683 20 19 5
43684 27 26 4
43685 46 45 5
43686 15 14 4
43687 20 19 5
43688 13 12 4
43689 28 27 5
43690 17 16 4
43691 28 27 5
43692 23 22 4
43693 26 25 5
43694 27 26 4
43695 26 25 5
43696 23 22 4
43697 28 27 5
43698 25 24 4
43699 30 29 5
43700 17 16 4
43701 14 13 5
43702 13 12 4
43703 26 25 5
43704 15 14 4
43705 18 17 5
43706 19 19 5
43707 19 18 4
43708 26 25 5
43709 15 15 5
43710 15 14 4
43711 14 13 5
43712 11 11 5
43713 19 18 4
43714 20 19 7
43715 11 11 5
43716 19 18 6
43717 14 13 5
43718 13 13 5
43719 23 22 12
43720 10 10 4
43721 22 21 5
43722 13 13 5
43723 9 9 5
43724 27 26 8
43725 16 16 6
43726 28 27 11
43727 7 6 5
43728 9 8 4
43729 10 9 5
43730 9 9 5
43731 13 12 6
43732 16 15 5
43733 19 18 8
43734 20 20 6
43735 10 10 4
43736 20 19 7
43737 13 12 6
43738 20 19 9
43739 17 16 4
43740 12 11 5
43741 13 13 5
43742 33 33 9
43743 13 13 7
43744 11 10 4
43745 20 19 5
43746 11 11 5
43747 15 14 6
43748 16 16 6
43749 18 18 6
43750 14 13 5
43751 13 13 7
43752 15 14 6
43753 18 18 6
43754 14 14 6
43755 16 16 6
43756 18 17 7
43757 13 13 5
43758 15 14 6
43759 20 19 9
43760 15 14 6
43761 24 23 9
43762 21 20 8
43763 8 8 4
43764 20 19 7
43765 15 15 7
43766 19 18 8
43767 14 14 8
43768 14 14 8
43769 14 14 8
43770 14 14 6
43771 12 11 5
43772 13 13 5
43773 17 17 7
43774 13 13 5
43775 9 9 5
43776 23 23 7
43777 7 6 5
43778 15 14 6
43779 22 22 12
43780 8 8 4
43781 14 13 5
43782 19 18 6
43783 10 10 4
43784 16 15 9
43785 11 11 5
43786 15 15 5
43787 11 10 6
43788 14 14 6
43789 16 15 5
43790 19 19 9
43791 15 14 6
43792 22 22 8
43793 14 13 7
43794 15 15 5
43795 15 15 5
43796 13 12 6
43797 16 15 7
43798 11 10 6
43799 20 20 6
43800 26 25 7
43801 11 11 5
43802 23 23 5
43803 9 9 5
43804 21 21 5
43805 11 10 4
43806 12 11 5
43807 15 14 6
43808 16 16 6
43809 6 6 6
43810 15 14 6
43811 10 10 6
43812 22 22 4
43813 14 13 5
43814 13 13 7
43815 21 20 6
43816 12 12 6
43817 20 19 7
43818 19 18 6
43819 24 24 8
43820 10 10 4
43821 16 15 5
43822 11 11 5
43823 9 8 4
43824 10 9 5
43825 25 24 8
43826 10 10 4
43827 20 19 5
43828 11 11 5
43829 15 15 7
43830 7 6 5
43831 11 10 4
43832 16 15 7
43833 11 10 4
43834 14 13 7
43835 9 8 4
43836 12 11 7
43837 13 12 6
43838 12 12 4
43839 12 11 5
43840 17 16 8
43841 20 20 6
43842 12 12 4
43843 6 5 4
43844 14 13 5
43845 15 14 8
43846 12 12 4
43847 10 9 5
43848 13 13 7
43849 19 18 6
43850 12 11 5
43851 9 8 4
43852 12 11 5
43853 9 8 4
43854 22 21 9
43855 17 17 7
43856 9 8 4
43857 6 5 4
43858 18 17 7
43859 15 15 5
43860 9 8 4
43861 14 13 5
43862 27 27 7
43863 9 8 4
43864 12 11 5
43865 9 8 4
43866 14 13 7
43867 9 9 5
43868 15 15 7
43869 9 8 4
43870 16 15 5
43871 11 11 5
43872 9 9 5
43873 11 11 7
43874 15 14 6
43875 12 12 4
43876 12 11 5
43877 19 18 4
43878 12 11 5
43879 11 11 5
43880 11 11 5
43881 13 13 5
43882 21 21 7
43883 17 16 6
43884 14 14 6
43885 12 11 5
43886 9 8 4
43887 10 9 5
43888 21 21 7
43889 7 6 5
43890 15 14 6
43891 12 12 4
43892 14 13 5
43893 11 10 6
43894 10 9 5
43895 13 12 4
43896 16 15 5
43897 13 13 7
43898 19 18 6
43899 12 12 6
43900 8 8 4
43901 14 13 5
43902 11 11 7
43903 11 10 6
43904 16 16 8
43905 12 12 6
43906 18 18 6
43907 14 14 6
43908 12 12 4
43909 12 11 5
43910 7 6 5
43911 11 10 6
43912 10 10 6
43913 18 18 6
43914 10 10 4
43915 22 21 7
43916 13 13 5
43917 11 11 5
43918 11 10 6
43919 18 18 6
43920 12 11 5
43921 13 12 6
43922 24 23 7
43923 11 10 4
43924 10 9 5
43925 13 13 7
43926 13 12 6
43927 12 12 6
43928 14 13 5
43929 15 14 6
43930 16 16 4
43931 18 17 5
43932 19 18 6
43933 12 11 5
43934 7 6 5
43935 19 19 7
43936 11 11 5
43937 15 14 6
43938 14 14 6
43939 16 16 4
43940 16 15 5
43941 7 6 5
43942 15 14 6
43943 22 21 7
43944 15 14 4
43945 12 11 5
43946 15 15 5
43947 15 14 4
43948 34 33 5
43949 15 14 4
43950 18 17 7
43951 21 20 4
43952 20 19 5
43953 21 20 4
43954 16 15 5
43955 11 10 4
43956 12 11 5
43957 17 17 5
43958 13 13 5
43959 23 22 6
43960 20 19 5
43961 25 24 4
43962 16 15 5
43963 21 20 6
43964 16 15 5
43965 15 14 4
43966 26 25 7
43967 25 24 4
43968 32 31 5
43969 15 15 5
43970 19 18 6
43971 32 32 6
43972 20 19 5
43973 9 8 4
43974 16 15 5
43975 25 24 4
43976 14 13 5
43977 15 15 5
43978 15 15 5
43979 13 13 7
43980 27 26 8
43981 12 11 5
43982 19 19 7
43983 23 22 10
43984 20 19 7
43985 25 24 12
43986 22 22 6
43987 10 10 4
43988 12 11 5
43989 9 8 4
43990 14 13 5
43991 9 8 4
43992 22 21 7
43993 17 17 5
43994 15 15 5
43995 11 10 6
43996 18 18 4
43997 6 5 4
43998 18 17 7
43999 17 16 6
44000 22 21 7
44001 15 14 4
44002 22 21 11
44003 9 9 5
44004 13 12 4
44005 18 17 5
44006 13 13 5
44007 25 24 6
44008 12 12 4
44009 10 9 5
44010 15 14 4
44011 14 13 5
44012 15 15 5
44013 21 21 7
44014 21 20 8
44015 14 14 4
44016 18 17 5
44017 11 10 6
44018 12 12 4
44019 14 13 5
44020 13 13 5
44021 19 18 4
44022 8 7 6
44023 18 18 4
44024 12 11 5
44025 11 10 4
44026 12 11 5
44027 11 11 5
44028 27 27 5
44029 11 11 5
44030 9 9 5
44031 13 13 5
44032 15 15 7
44033 25 24 6
44034 12 12 4
44035 10 9 5
44036 15 14 6
44037 10 10 4
44038 16 15 5
44039 15 14 4
44040 12 11 5
44041 13 13 7
44042 13 12 4
44043 14 13 5
44044 19 18 8
44045 16 15 5
44046 15 14 4
44047 20 19 7
44048 9 8 4
44049 14 13 7
44050 5 5 5
44051 12 11 5
44052 11 11 5
44053 15 14 6
44054 12 11 5
44055 11 10 4
44056 10 9 5
44057 13 12 4
44058 16 15 5
44059 15 14 4
44060 12 11 5
44061 11 10 6
44062 24 24 8
44063 10 10 4
44064 18 17 7
44065 17 16 6
44066 16 15 5
44067 21 20 6
44068 20 19 9
44069 9 8 4
44070 20 19 7
44071 7 6 5
44072 17 16 8
44073 14 13 5
44074 19 18 10
44075 10 10 6
44076 16 16 6
44077 20 20 8
44078 16 15 5
44079 11 10 4
44080 12 11 5
44081 23 23 5
44082 13 13 5
44083 15 14 6
44084 16 16 6
44085 24 23 5
44086 11 10 6
44087 6 6 6
44088 7 6 5
44089 15 14 6
44090 8 8 4
44091 10 9 5
44092 11 10 6
44093 18 17 7
44094 13 12 6
44095 14 14 4
44096 16 15 5
44097 13 12 6
44098 8 8 4
44099 6 5 4
44100 12 11 5
44101 15 14 6
44102 16 16 6
44103 12 12 6
44104 6 6 6
44105 17 16 6
44106 24 23 5
44107 13 12 6
44108 10 10 4
44109 10 9 5
44110 13 13 5
44111 13 12 8
44112 10 10 4
44113 16 15 5
44114 11 11 7
44115 7 6 5
44116 11 11 5
44117 15 14 6
44118 10 10 4
44119 18 17 7
44120 13 12 6
44121 6 6 6
44122 11 10 6
44123 14 13 7
44124 9 8 4
44125 18 17 5
44126 13 13 5
44127 25 25 5
44128 13 12 4
44129 12 11 5
44130 7 6 5
44131 25 25 5
44132 9 8 4
44133 14 13 5
44134 21 20 6
44135 8 8 4
44136 10 9 5
44137 13 12 6
44138 12 11 5
44139 15 14 6
44140 8 8 4
44141 12 11 5
44142 11 11 7
44143 11 10 4
44144 14 13 5
44145 9 9 5
44146 17 16 6
44147 24 23 7
44148 13 12 4
44149 10 9 5
44150 9 8 4
44151 16 15 9
44152 13 12 4
44153 22 21 5
44154 9 8 4
44155 16 15 7
44156 13 12 6
44157 10 10 6
44158 12 11 5
44159 7 6 5
44160 13 12 6
44161 6 6 6
44162 17 17 5
44163 9 9 5
44164 17 16 6
44165 14 13 7
44166 7 6 5
44167 5 5 5
44168 10 9 5
44169 15 14 6
44170 18 17 9
44171 9 8 4
44172 10 9 5
44173 15 15 5
44174 13 12 6
44175 6 6 6
44176 23 22 6
44177 6 6 6
44178 13 12 6
44179 8 7 6
44180 12 12 6
44181 8 8 8
44182 15 14 6
44183 14 13 7
44184 13 12 6
44185 18 18 6
44186 14 14 4
44187 16 15 5
44188 15 14 4
44189 12 11 7
44190 19 18 6
44191 16 16 6
44192 22 21 5
44193 15 14 6
44194 12 11 5
44195 11 10 6
44196 12 12 4
44197 12 11 5
44198 5 5 5
44199 20 19 5
44200 11 11 5
44201 11 11 7
44202 17 16 6
44203 10 10 6
44204 8 8 4
44205 10 9 5
44206 13 13 5
44207 9 9 5
44208 17 17 5
44209 21 20 6
44210 16 16 6
44211 6 6 6
44212 11 11 5
44213 13 13 7
44214 17 17 5
44215 9 9 5
44216 11 11 5
44217 13 12 6
44218 10 9 5
44219 25 25 7
44220 9 9 5
44221 15 14 8
44222 34 34 4
44223 20 19 5
44224 7 6 5
44225 23 22 8
44226 10 10 6
44227 22 22 6
44228 10 10 4
44229 12 11 5
44230 11 11 7
44231 15 15 5
44232 21 20 6
44233 10 10 4
44234 18 17 7
44235 11 11 5
44236 15 14 6
44237 20 19 5
44238 15 14 4
44239 14 13 5
44240 13 13 5
44241 11 11 7
44242 9 9 5
44243 11 10 6
44244 10 10 4
44245 12 11 5
44246 15 15 5
44247 17 17 5
44248 17 17 5
44249 11 11 5
44250 13 13 5
44251 13 13 5
44252 9 9 5
44253 15 14 6
44254 10 10 4
44255 10 9 5
44256 19 18 6
44257 12 12 6
44258 16 15 7
44259 11 11 7
44260 15 14 6
44261 12 11 5
44262 15 14 6
44263 8 8 4
44264 16 15 7
44265 11 10 4
44266 16 15 5
44267 7 7 7
44268 12 12 6
44269 12 11 5
44270 25 24 6
44271 20 19 5
44272 15 15 7
44273 11 10 4
44274 12 11 5
44275 13 12 6
44276 12 11 5
44277 19 18 6
44278 16 15 5
44279 13 13 5
44280 17 17 7
44281 9 8 7
44282 15 14 6
44283 24 24 8
44284 10 10 6
44285 6 5 4
44286 14 13 5
44287 15 15 7
44288 17 17 5
44289 17 16 6
44290 30 30 6
44291 24 24 6
44292 18 18 6
44293 10 10 4
44294 14 13 5
44295 19 18 6
44296 8 8 4
44297 8 7 6
44298 14 13 5
44299 17 16 6
44300 16 15 5
44301 11 10 4
44302 18 17 7
44303 23 22 4
44304 14 13 5
44305 17 17 7
44306 19 18 6
44307 16 16 6
44308 18 17 5
44309 19 18 6
44310 10 10 6
44311 18 17 5
44312 21 20 6
44313 18 18 6
44314 10 9 5
44315 15 15 5
44316 9 8 4
44317 16 15 5
44318 15 15 5
44319 23 23 5
44320 13 12 6
44321 18 17 5
44322 11 10 4
44323 20 19 5
44324 15 15 5
44325 29 29 5
44326 9 8 4
44327 14 13 7
44328 9 9 5
44329 7 6 5
44330 17 16 6
44331 10 10 6
44332 20 19 5
44333 11 10 6
44334 14 13 7
44335 17 16 6
44336 14 13 5
44337 19 18 4
44338 14 13 5
44339 11 11 5
44340 13 13 5
44341 11 11 5
44342 15 14 6
44343 14 14 6
44344 16 16 4
44345 18 17 7
44346 11 10 4
44347 14 13 7
44348 17 16 6
44349 12 11 5
44350 15 14 4
44351 14 13 5
44352 17 16 6
44353 16 16 4
44354 16 15 5
44355 15 14 6
44356 26 26 6
44357 12 12 4
44358 24 23 7
44359 5 5 5
44360 14 13 5
44361 13 12 4
44362 24 23 9
44363 15 14 6
44364 10 10 6
44365 22 22 6
44366 22 21 5
44367 11 10 4
44368 18 17 5
44369 23 22 6
44370 14 14 6
44371 28 27 7
44372 21 20 6
44373 18 17 5
44374 23 22 4
44375 18 17 5
44376 15 15 5
44377 13 12 6
44378 10 10 4
44379 18 17 7
44380 21 20 6
44381 14 14 8
44382 10 10 4
44383 14 13 5
44384 11 10 6
44385 20 20 8
44386 20 19 5
44387 13 13 5
44388 7 7 7
44389 8 8 4
44390 10 9 5
44391 15 15 5
44392 21 20 4
44393 20 19 5
44394 9 9 5
44395 19 18 4
44396 14 13 5
44397 17 16 4
44398 12 11 5
44399 23 22 6
44400 8 8 4
44401 22 21 5
44402 19 18 4
44403 16 15 5
44404 11 10 4
44405 26 25 5
44406 13 13 5
44407 15 14 6
44408 14 14 4
44409 14 13 5
44410 15 14 4
44411 20 19 5
44412 15 14 6
44413 16 16 4
44414 22 21 5
44415 27 26 4
44416 14 13 5
44417 13 12 4
44418 18 17 5
44419 9 8 4
44420 20 19 5
44421 19 19 5
44422 33 32 4
44423 20 19 5
44424 19 18 4
44425 16 15 5
44426 7 6 5
44427 13 12 4
44428 10 9 5
44429 17 16 8
44430 12 12 6
44431 14 13 5
44432 17 16 4
44433 12 11 5
44434 17 16 6
44435 10 9 5
44436 15 14 6
44437 10 10 4
44438 26 25 5
44439 21 20 4
44440 16 15 5
44441 15 15 5
44442 17 16 6
44443 14 14 4
44444 16 15 5
44445 19 18 4
44446 26 25 5
44447 19 18 4
44448 16 15 5
44449 15 14 4
44450 18 17 5
44451 17 16 4
44452 18 17 5
44453 9 8 4
44454 26 25 5
44455 17 16 6
44456 10 10 4
44457 14 13 5
44458 19 18 4
44459 16 15 5
44460 23 23 7
44461 23 22 6
44462 16 16 4
44463 12 11 5
44464 21 20 4
44465 10 9 5
44466 21 20 4
44467 18 17 5
44468 17 17 5
44469 15 14 6
44470 30 30 6
44471 10 10 4
44472 28 27 7
44473 15 14 4
44474 18 17 5
44475 17 17 7
44476 27 26 4
44477 26 25 5
44478 19 18 8
44479 24 24 6
44480 20 20 4
44481 30 29 9
44482 19 18 4
44483 22 21 5
44484 19 18 4
44485 12 11 5
44486 39 38 10
44487 24 23 5
44488 11 11 5
44489 11 11 5
44490 19 18 8
44491 18 18 6
44492 28 28 8
44493 16 15 5
44494 17 16 4
44495 18 17 5
44496 9 9 5
44497 19 18 6
44498 16 16 6
44499 14 14 6
44500 22 22 8
44501 12 11 5
44502 13 13 5
44503 15 15 7
44504 9 8 4
44505 16 15 7
44506 5 5 5
44507 24 23 7
44508 9 8 4
44509 16 15 5
44510 11 10 6
44511 12 11 5
44512 21 20 6
44513 12 12 4
44514 6 5 4
44515 28 27 5
44516 13 12 4
44517 14 13 5
44518 11 10 4
44519 14 13 5
44520 13 12 4
44521 12 11 5
44522 19 19 5
44523 15 14 4
44524 16 15 5
44525 9 8 4
44526 16 15 5
44527 13 12 6
44528 16 16 4
44529 12 11 5
44530 23 23 7
44531 17 16 4
44532 6 5 4
44533 14 13 5
44534 13 13 5
44535 11 10 4
44536 20 19 9
44537 17 17 5
44538 17 16 4
44539 16 15 7
44540 15 15 5
44541 15 14 4
44542 20 19 7
44543 15 15 7
44544 15 14 4
44545 20 19 5
44546 13 12 4
44547 10 9 5
44548 11 10 6
44549 10 10 6
44550 12 11 5
44551 13 12 6
44552 16 16 4
44553 12 11 5
44554 15 14 6
44555 12 11 5
44556 17 16 4
44557 14 13 5
44558 9 9 5
44559 13 12 4
44560 14 13 5
44561 13 12 6
44562 12 11 5
44563 9 9 5
44564 13 12 6
44565 6 6 6
44566 17 16 4
44567 14 13 5
44568 17 16 6
44569 16 15 5
44570 13 12 6
44571 24 24 8
44572 10 10 4
44573 12 11 5
44574 11 10 4
44575 10 9 5
44576 13 13 7
44577 11 10 4
44578 18 17 7
44579 7 6 5
44580 7 6 5
44581 13 13 5
44582 15 14 6
44583 8 7 6
44584 10 10 6
44585 14 14 6
44586 10 9 5
44587 15 15 5
44588 9 8 4
44589 14 13 5
44590 11 10 6
44591 10 10 6
44592 16 15 5
44593 15 15 5
44594 11 11 5
44595 15 14 6
44596 12 12 6
44597 8 8 4
44598 14 13 5
44599 11 11 5
44600 11 10 6
44601 16 16 6
44602 6 6 6
44603 9 8 4
44604 16 15 5
44605 5 5 5
44606 14 13 5
44607 21 20 8
44608 10 10 4
44609 12 11 5
44610 5 5 5
44611 12 11 5
44612 9 9 5
44613 17 17 5
44614 11 10 4
44615 12 11 7
44616 7 6 5
44617 9 9 5
44618 13 12 4
44619 10 9 5
44620 15 15 7
44621 9 8 4
44622 18 17 5
44623 11 11 5
44624 17 17 5
44625 5 5 5
44626 12 11 5
44627 11 11 5
44628 11 11 5
44629 15 15 7
44630 17 16 4
44631 6 5 4
44632 16 15 5
44633 13 13 5
44634 9 9 5
44635 9 9 5
44636 11 11 5
44637 15 15 7
44638 15 14 6
44639 8 8 4
44640 22 21 7
44641 7 6 5
44642 21 20 6
44643 14 13 7
44644 17 16 8
44645 14 14 4
44646 22 21 5
44647 19 18 8
44648 12 12 4
44649 14 13 7
44650 9 8 4
44651 12 11 5
44652 17 16 6
44653 14 14 4
44654 6 5 4
44655 18 17 5
44656 5 5 5
44657 18 17 7
44658 11 10 4
44659 14 13 5
44660 27 26 6
44661 22 21 5
44662 9 8 4
44663 12 11 5
44664 9 9 5
44665 11 11 5
44666 7 6 5
44667 13 13 7
44668 13 13 5
44669 13 13 5
44670 7 6 5
44671 19 18 4
44672 18 17 7
44673 11 11 5
44674 11 10 6
44675 14 14 4
44676 18 17 7
44677 27 26 6
44678 18 17 5
44679 15 14 4
44680 18 17 5
44681 9 9 5
44682 7 6 5
44683 19 18 6
44684 14 14 4
44685 16 15 5
44686 15 14 6
44687 14 14 4
44688 24 23 7
44689 13 12 4
44690 18 17 7
44691 11 11 5
44692 21 20 4
44693 14 13 5
44694 11 11 5
44695 29 29 7
44696 23 22 4
44697 20 19 7
44698 9 9 5
44699 15 14 4
44700 12 11 5
44701 7 6 5
44702 19 18 4
44703 14 13 5
44704 19 18 6
44705 12 12 4
44706 28 27 5
44707 11 11 5
44708 17 16 4
44709 14 13 5
44710 39 39 5
44711 23 23 5
44712 15 14 4
44713 14 13 5
44714 19 19 5
44715 15 14 4
44716 24 23 5
44717 31 30 4
44718 30 29 5
44719 19 18 4
44720 16 15 5
44721 15 14 4
44722 32 31 5
44723 21 20 4
44724 24 23 5
44725 37 36 4
44726 24 23 5
44727 25 24 4
44728 20 19 5
44729 19 18 4
44730 22 21 5
44731 31 30 6
44732 22 22 4
44733 18 17 5
44734 29 28 6
44735 30 30 4
44736 24 23 5
44737 45 44 4
44738 18 17 5
44739 21 20 4
44740 28 27 5
44741 33 32 6
44742 24 24 4
44743 18 17 5
44744 27 26 6
44745 26 26 4
44746 20 19 5
44747 43 42 8
44748 28 28 6
44749 26 26 6
44750 10 9 5
44751 41 40 8
44752 16 15 5
44753 17 17 5
44754 13 12 4
44755 16 15 5
44756 13 12 6
44757 12 11 5
44758 17 17 5
44759 17 16 6
44760 14 14 4
44761 18 17 5
44762 19 18 4
44763 6 5 4
44764 22 21 5
44765 15 15 5
44766 21 20 6
44767 16 15 5
44768 13 12 4
44769 14 13 5
44770 17 16 4
44771 10 9 5
44772 23 22 4
44773 24 23 5
44774 17 16 6
44775 18 18 4
44776 16 15 5
44777 19 18 4
44778 14 13 5
44779 27 27 11
44780 17 16 4
44781 16 15 5
44782 13 12 6
44783 14 14 6
44784 20 20 6
44785 16 16 6
44786 18 17 5
44787 15 15 5
44788 11 11 5
44789 17 16 6
44790 10 10 4
44791 14 13 5
44792 23 23 7
44793 21 21 5
44794 17 16 6
44795 12 12 6
44796 12 12 6
44797 14 14 6
44798 18 18 4
44799 24 23 5
44800 17 17 5
44801 11 10 4
44802 10 9 5
44803 21 21 5
44804 15 14 6
44805 26 26 4
44806 12 11 5
44807 15 14 6
44808 8 8 4
44809 14 13 5
44810 27 26 4
44811 12 11 5
44812 19 19 5
44813 17 16 4
44814 24 23 7
44815 11 10 6
44816 8 8 4
44817 18 17 5
44818 9 9 5
44819 13 12 6
44820 16 16 4
44821 12 11 5
44822 7 6 5
44823 17 16 6
44824 16 15 7
44825 11 10 6
44826 14 14 6
44827 20 20 6
44828 6 5 4
44829 18 17 9
44830 15 14 6
44831 14 14 4
44832 14 13 5
44833 13 12 4
44834 6 5 4
44835 18 17 7
44836 11 11 5
44837 17 17 7
44838 13 12 4
44839 14 13 7
44840 9 8 4
44841 12 11 5
44842 13 13 5
44843 17 16 6
44844 8 7 6
44845 16 15 5
44846 11 11 5
44847 17 16 4
44848 12 11 5
44849 13 12 6
44850 14 14 6
44851 14 14 6
44852 10 9 5
44853 11 10 4
44854 16 15 7
44855 13 12 6
44856 14 14 4
44857 14 13 5
44858 7 6 5
44859 9 9 5
44860 5 5 5
44861 14 13 5
44862 13 13 7
44863 7 6 5
44864 17 16 6
44865 20 19 5
44866 13 12 6
44867 10 9 5
44868 9 9 5
44869 13 12 6
44870 12 12 6
44871 10 10 4
44872 10 9 5
44873 15 14 8
44874 14 14 4
44875 20 19 7
44876 11 10 4
44877 20 19 7
44878 15 14 6
44879 12 12 6
44880 12 11 5
44881 15 15 5
44882 13 13 7
44883 11 11 5
44884 9 8 4
44885 14 13 5
44886 9 8 4
44887 14 13 7
44888 11 10 4
44889 10 9 5
44890 11 10 6
44891 10 10 4
44892 16 15 7
44893 7 6 5
44894 15 15 5
44895 9 9 5
44896 11 10 6
44897 10 10 6
44898 12 12 4
44899 16 15 5
44900 17 16 6
44901 10 9 5
44902 15 14 6
44903 12 12 6
44904 14 14 6
44905 6 6 6
44906 17 16 4
44907 20 19 5
44908 9 9 5
44909 17 16 4
44910 20 19 5
44911 9 9 5
44912 11 11 5
44913 15 14 6
44914 8 8 4
44915 14 13 5
44916 13 13 7
44917 21 20 6
44918 14 14 6
44919 8 8 4
44920 20 19 7
44921 13 12 4
44922 10 9 5
44923 11 10 6
44924 14 14 6
44925 14 14 6
44926 14 13 5
44927 17 16 4
44928 6 5 4
44929 16 15 5
44930 15 15 5
44931 17 17 7
44932 15 14 6
44933 6 6 6
44934 23 22 6
44935 10 10 6
44936 12 12 4
44937 18 17 5
44938 11 10 4
44939 14 13 5
44940 13 12 6
44941 10 9 5
44942 9 9 5
44943 11 10 4
44944 18 17 9
44945 11 10 4
44946 14 13 5
44947 19 18 6
44948 18 18 6
44949 20 20 6
44950 6 6 6
44951 7 6 5
44952 13 13 7
44953 17 16 6
44954 22 22 6
44955 18 17 5
44956 21 20 8
44957 18 18 4
44958 12 11 5
44959 9 8 4
44960 6 5 4
44961 20 19 7
44962 27 26 6
44963 20 19 5
44964 17 16 6
44965 14 14 4
44966 18 17 5
44967 9 8 4
44968 18 17 7
44969 9 9 5
44970 9 9 5
44971 19 19 7
44972 17 16 4
44973 16 15 5
44974 17 16 6
44975 10 10 6
44976 14 14 4
44977 6 5 4
44978 12 11 5
44979 21 21 5
44980 15 15 5
44981 17 16 4
44982 14 13 5
44983 9 8 4
44984 12 11 5
44985 17 17 5
44986 9 8 4
44987 8 7 6
44988 14 14 4
44989 20 19 7
44990 19 18 4
44991 22 21 5
44992 19 18 4
44993 12 11 5
44994 13 13 5
44995 11 10 4
44996 16 15 5
44997 17 16 4
44998 18 17 5
44999 17 17 5
45000 17 17 5
45001 17 16 4
45002 16 15 5
45003 21 20 6
45004 20 20 4
45005 16 15 5
45006 19 19 5
45007 23 22 4
45008 18 17 5
45009 19 18 4
45010 16 15 5
45011 13 12 4
45012 16 15 5
45013 15 15 5
45014 17 16 4
45015 18 17 5
45016 21 20 4
45017 16 15 5
45018 7 6 5
45019 13 12 4
45020 14 13 5
45021 21 20 6
45022 18 18 4
45023 16 15 5
45024 19 18 4
45025 16 15 5
45026 11 11 5
45027 11 11 5
45028 19 18 6
45029 22 22 4
45030 16 15 5
45031 19 18 4
45032 14 13 5
45033 15 15 5
45034 15 14 4
45035 20 19 5
45036 11 10 6
45037 14 14 6
45038 16 16 4
45039 20 19 7
45040 19 18 6
45041 14 13 5
45042 9 8 4
45043 12 11 7
45044 19 18 6
45045 10 10 4
45046 26 25 5
45047 15 15 5
45048 25 24 6
45049 14 14 4
45050 10 9 5
45051 23 23 5
45052 21 21 5
45053 11 11 5
45054 19 19 7
45055 21 20 8
45056 18 18 8
45057 14 13 7
45058 11 11 5
45059 15 14 6
45060 12 12 6
45061 22 21 5
45062 21 21 9
45063 19 18 8
45064 16 16 6
45065 10 10 4
45066 14 13 5
45067 29 28 6
45068 12 11 5
45069 13 12 4
45070 18 17 9
45071 13 13 7
45072 11 11 5
45073 11 10 4
45074 20 19 7
45075 13 13 5
45076 23 23 7
45077 15 15 5
45078 9 8 4
45079 22 21 9
45080 19 19 5
45081 13 13 5
45082 11 11 5
45083 21 20 10
45084 18 18 4
45085 22 21 5
45086 15 14 4
45087 10 9 5
45088 11 10 6
45089 16 16 4
45090 14 13 5
45091 15 14 4
45092 14 13 5
45093 27 27 9
45094 13 13 5
45095 15 15 5
45096 7 6 5
45097 19 18 6
45098 20 20 4
45099 18 17 5
45100 13 12 4
45101 18 17 5
45102 15 14 4
45103 12 11 5
45104 9 8 4
45105 22 21 7
45106 27 26 8
45107 18 17 7
45108 13 12 6
45109 8 8 4
45110 16 15 5
45111 19 18 4
45112 26 25 5
45113 17 17 5
45114 21 20 4
45115 20 19 5
45116 9 8 4
45117 18 17 5
45118 15 14 6
45119 18 18 4
45120 22 21 5
45121 17 16 4
45122 24 23 7
45123 15 14 4
45124 10 9 5
45125 17 16 4
45126 14 13 5
45127 15 15 5
45128 11 11 7
45129 27 26 8
45130 14 14 6
45131 22 21 5
45132 11 11 5
45133 21 20 6
45134 14 13 5
45135 11 11 5
45136 13 12 4
45137 26 25 7
45138 21 21 5
45139 17 16 6
45140 14 13 5
45141 11 11 5
45142 11 11 5
45143 15 15 5
45144 15 14 4
45145 14 13 5
45146 9 9 5
45147 11 10 4
45148 16 15 5
45149 9 9 5
45150 9 8 4
45151 16 15 5
45152 13 13 5
45153 13 13 7
45154 13 12 4
45155 16 15 5
45156 11 10 6
45157 10 10 6
45158 14 14 6
45159 12 11 5
45160 19 19 7
45161 9 9 5
45162 11 10 4
45163 12 11 7
45164 11 11 5
45165 19 19 7
45166 17 16 6
45167 12 12 4
45168 14 13 5
45169 9 8 4
45170 12 11 5
45171 17 16 8
45172 20 20 6
45173 14 14 4
45174 20 19 5
45175 5 5 5
45176 16 15 7
45177 9 8 4
45178 20 19 7
45179 17 16 6
45180 18 17 7
45181 9 9 5
45182 11 10 6
45183 8 8 4
45184 14 13 5
45185 11 10 4
45186 12 11 5
45187 21 20 6
45188 12 12 6
45189 16 15 5
45190 15 15 7
45191 5 5 5
45192 8 7 6
45193 12 12 6
45194 14 13 5
45195 15 15 7
45196 9 8 4
45197 10 9 5
45198 7 7 7
45199 10 10 6
45200 14 13 5
45201 9 9 5
45202 15 15 5
45203 11 11 5
45204 9 9 5
45205 13 12 4
45206 6 5 4
45207 12 11 5
45208 13 13 7
45209 9 8 4
45210 14 13 5
45211 9 9 5
45212 15 14 8
45213 8 8 4
45214 16 15 5
45215 11 11 5
45216 13 13 5
45217 11 10 6
45218 16 16 6
45219 10 9 5
45220 9 8 7
45221 15 14 6
45222 16 16 6
45223 26 26 6
45224 16 16 6
45225 16 16 6
45226 10 9 5
45227 7 6 5
45228 9 9 5
45229 7 6 5
45230 15 15 9
45231 9 8 4
45232 12 11 5
45233 15 15 5
45234 11 10 6
45235 12 12 6
45236 12 12 6
45237 10 10 4
45238 14 13 7
45239 17 16 4
45240 22 21 5
45241 11 11 5
45242 9 9 5
45243 7 6 5
45244 13 12 8
45245 10 10 6
45246 12 12 6
45247 12 11 5
45248 19 18 8
45249 20 19 5
45250 13 12 4
45251 10 9 5
45252 13 12 4
45253 8 7 6
45254 12 11 5
45255 17 16 4
45256 18 17 7
45257 11 10 4
45258 18 17 7
45259 13 12 6
45260 10 10 4
45261 10 9 5
45262 13 12 6
45263 16 16 8
45264 16 16 6
45265 10 9 5
45266 9 8 4
45267 8 7 6
45268 10 10 4
45269 12 11 5
45270 21 21 7
45271 11 10 4
45272 10 9 5
45273 17 16 6
45274 18 17 7
45275 13 12 6
45276 12 12 4
45277 16 15 5
45278 17 16 6
45279 20 19 7
45280 11 11 5
45281 9 8 4
45282 16 15 5
45283 9 8 4
45284 16 15 5
45285 11 10 4
45286 12 11 5
45287 21 21 5
45288 11 11 5
45289 11 10 6
45290 8 8 4
45291 14 13 5
45292 23 23 5
45293 15 15 5
45294 17 16 4
45295 14 13 5
45296 9 9 5
45297 11 10 6
45298 10 10 6
45299 10 10 4
45300 26 25 5
45301 21 21 5
45302 13 12 4
45303 14 13 7
45304 11 10 4
45305 14 13 5
45306 13 12 4
45307 26 25 5
45308 21 20 4
45309 12 11 5
45310 11 10 4
45311 18 17 5
45312 13 13 5
45313 17 16 4
45314 28 27 5
45315 29 28 4
45316 20 19 5
45317 13 12 4
45318 26 25 5
45319 17 16 4
45320 22 21 5
45321 27 26 4
45322 26 25 5
45323 11 10 6
45324 12 12 4
45325 18 17 5
45326 21 20 4
45327 14 13 5
45328 17 16 4
45329 22 21 5
45330 27 27 5
45331 23 22 4
45332 18 17 5
45333 17 16 4
45334 28 27 5
45335 17 17 5
45336 25 24 6
45337 16 16 4
45338 18 17 5
45339 9 8 4
45340 22 21 5
45341 13 13 5
45342 17 16 4
45343 18 17 5
45344 19 18 4
45345 16 15 5
45346 15 14 4
45347 28 27 5
45348 17 16 4
45349 22 21 5
45350 17 16 4
45351 16 15 7
45352 19 18 6
45353 10 10 6
45354 12 12 4
45355 14 13 5
45356 17 16 4
45357 12 11 5
45358 17 17 5
45359 11 10 4
45360 20 19 5
45361 19 19 5
45362 15 14 6
45363 16 16 8
45364 10 10 6
45365 12 12 4
45366 14 13 5
45367 23 22 8
45368 14 14 6
45369 12 12 6
45370 16 16 4
45371 18 17 7
45372 13 12 6
45373 10 9 5
45374 15 15 7
45375 13 12 4
45376 22 21 5
45377 23 23 11
45378 23 22 6
45379 16 15 5
45380 11 11 5
45381 23 22 6
45382 10 10 4
45383 14 13 5
45384 19 19 5
45385 15 14 6
45386 16 15 5
45387 15 15 5
45388 13 12 6
45389 20 19 7
45390 17 16 6
45391 24 23 7
45392 11 10 4
45393 14 13 7
45394 13 12 6
45395 8 8 4
45396 20 19 7
45397 21 20 6
45398 8 8 4
45399 14 13 5
45400 11 10 4
45401 12 11 5
45402 11 11 5
45403 9 9 5
45404 17 16 8
45405 16 16 6
45406 12 11 5
45407 21 20 8
45408 12 12 6
45409 12 12 6
45410 12 11 5
45411 11 10 6
45412 18 18 6
45413 14 14 6
45414 10 9 5
45415 27 27 11
45416 5 5 5
45417 24 23 5
45418 17 16 6
45419 16 15 5
45420 17 17 5
45421 5 5 5
45422 12 11 5
45423 9 9 5
45424 21 20 6
45425 18 17 5
45426 13 13 5
45427 17 17 5
45428 11 11 5
45429 19 18 6
45430 14 14 6
45431 14 14 6
45432 14 14 6
45433 12 12 4
45434 22 21 5
45435 13 12 6
45436 16 16 6
45437 18 17 7
45438 17 17 5
45439 11 11 5
45440 13 12 6
45441 10 10 6
45442 16 15 5
45443 11 11 5
45444 11 10 4
45445 20 19 7
45446 13 13 5
45447 13 12 4
45448 14 13 7
45449 13 12 6
45450 8 8 4
45451 6 5 4
45452 14 13 7
45453 7 7 7
45454 12 12 6
45455 14 13 5
45456 13 12 6
45457 10 10 6
45458 18 17 7
45459 9 8 4
45460 12 11 5
45461 9 8 4
45462 16 15 5
45463 15 15 5
45464 17 16 6
45465 16 16 8
45466 12 12 6
45467 10 9 5
45468 15 14 4
45469 10 9 5
45470 19 18 8
45471 12 12 6
45472 18 17 7
45473 5 5 5
45474 14 13 5
45475 11 11 5
45476 11 10 6
45477 12 11 7
45478 11 11 5
45479 11 11 7
45480 13 12 4
45481 6 5 4
45482 12 11 5
45483 9 9 5
45484 9 9 5
45485 9 9 9
45486 12 12 4
45487 12 11 5
45488 11 11 5
45489 15 15 7
45490 15 15 7
45491 7 6 5
45492 9 9 5
45493 11 10 6
45494 18 17 7
45495 11 10 6
45496 12 12 6
45497 10 9 5
45498 17 16 8
45499 6 6 6
45500 11 10 4
45501 14 13 7
45502 7 7 7
45503 10 10 4
45504 8 7 6
45505 14 14 8
45506 16 16 6
45507 14 14 4
45508 16 15 7
45509 21 20 8
45510 12 12 6
45511 10 10 4
45512 12 11 5
45513 17 17 7
45514 9 8 4
45515 6 5 4
45516 14 13 5
45517 13 12 4
45518 12 11 7
45519 13 12 6
45520 8 8 4
45521 12 11 7
45522 15 14 6
45523 14 13 5
45524 9 8 4
45525 10 9 5
45526 13 13 5
45527 13 12 6
45528 10 9 5
45529 17 16 6
45530 10 9 5
45531 17 17 5
45532 21 21 7
45533 11 10 4
45534 14 13 5
45535 11 10 4
45536 10 9 5
45537 9 9 5
45538 9 9 5
45539 9 8 4
45540 12 11 7
45541 11 11 7
45542 11 10 6
45543 16 16 6
45544 8 8 4
45545 20 19 5
45546 15 15 5
45547 23 22 6
45548 12 11 5
45549 9 8 4
45550 10 9 5
45551 13 12 6
45552 18 18 4
45553 16 15 5
45554 11 11 5
45555 17 17 5
45556 5 5 5
45557 14 13 5
45558 19 18 6
45559 20 20 4
45560 16 15 5
45561 11 10 4
45562 12 11 5
45563 15 14 4
45564 6 5 4
45565 14 13 5
45566 25 25 5
45567 29 28 4
45568 10 9 5
45569 11 10 4
45570 10 9 5
45571 25 24 4
45572 18 17 5
45573 19 18 4
45574 18 17 5
45575 17 16 4
45576 20 19 5
45577 23 22 4
45578 24 23 5
45579 13 12 6
45580 22 22 6
45581 26 25 5
45582 21 21 5
45583 21 20 6
45584 16 16 6
45585 10 10 4
45586 18 17 7
45587 19 18 6
45588 26 25 5
45589 27 27 7
45590 13 13 5
45591 23 23 5
45592 15 15 5
45593 25 25 7
45594 19 18 8
45595 32 32 10
45596 26 26 8
45597 18 17 5
45598 23 23 9
45599 21 20 6
45600 22 22 6
45601 12 12 6
45602 20 20 6
45603 22 22 4
45604 16 15 5
45605 27 26 4
45606 12 11 5
45607 23 22 6
45608 16 15 5
45609 29 28 8
45610 16 16 8
45611 20 19 5
45612 17 17 7
45613 21 21 5
45614 13 13 5
45615 13 13 5
45616 9 8 4
45617 14 13 5
45618 19 18 4
45619 28 27 11
45620 13 12 6
45621 12 11 5
45622 17 16 6
45623 16 16 4
45624 24 23 7
45625 19 19 7
45626 29 28 4
45627 16 15 5
45628 13 12 4
45629 26 25 5
45630 13 13 5
45631 15 14 4
45632 14 13 5
45633 23 23 5
45634 23 23 7
45635 17 17 7
45636 17 16 4
45637 14 13 5
45638 17 16 6
45639 16 16 6
45640 20 20 4
45641 12 11 5
45642 21 20 4
45643 16 15 5
45644 21 20 6
45645 24 24 6
45646 18 17 5
45647 9 8 4
45648 14 13 5
45649 13 13 5
45650 15 14 4
45651 20 19 7
45652 13 12 4
45653 10 9 5
45654 15 15 5
45655 13 12 6
45656 20 20 4
45657 16 15 5
45658 11 10 4
45659 20 19 7
45660 11 10 6
45661 22 22 6
45662 10 10 4
45663 12 11 5
45664 11 10 4
45665 14 13 5
45666 19 19 7
45667 15 15 5
45668 17 16 6
45669 14 13 5
45670 13 12 6
45671 8 8 4
45672 12 11 5
45673 13 12 6
45674 12 12 6
45675 10 9 5
45676 11 10 4
45677 12 11 5
45678 13 13 5
45679 15 14 6
45680 10 10 4
45681 16 15 5
45682 15 15 5
45683 17 17 5
45684 11 11 5
45685 15 14 4
45686 6 5 4
45687 14 13 5
45688 9 8 4
45689 18 17 5
45690 11 10 6
45691 10 10 4
45692 10 9 5
45693 11 11 5
45694 17 16 6
45695 22 22 6
45696 12 12 4
45697 10 9 5
45698 11 11 5
45699 17 16 4
45700 12 11 5
45701 15 14 6
45702 28 27 5
45703 21 20 4
45704 14 13 5
45705 7 6 5
45706 15 14 6
45707 16 16 6
45708 14 14 4
45709 16 15 7
45710 9 8 4
45711 10 9 5
45712 9 8 4
45713 16 15 5
45714 15 14 4
45715 16 15 7
45716 17 17 5
45717 15 14 6
45718 10 10 6
45719 10 9 5
45720 11 10 6
45721 16 16 4
45722 20 19 5
45723 21 21 7
45724 15 14 4
45725 20 19 5
45726 17 17 5
45727 9 8 4
45728 14 13 5
45729 13 13 7
45730 11 10 4
45731 14 13 5
45732 15 14 4
45733 16 15 5
45734 9 9 5
45735 11 10 4
45736 8 7 6
45737 14 14 6
45738 10 9 5
45739 13 12 4
45740 12 11 5
45741 11 10 4
45742 12 11 7
45743 13 13 7
45744 11 10 6
45745 12 12 4
45746 20 19 5
45747 13 12 4
45748 10 9 5
45749 11 10 6
45750 10 10 6
45751 14 14 6
45752 18 17 5
45753 11 10 4
45754 10 9 5
45755 11 11 5
45756 17 16 6
45757 14 13 5
45758 15 15 5
45759 15 14 6
45760 24 23 5
45761 7 6 5
45762 11 10 4
45763 12 11 5
45764 9 9 5
45765 9 9 5
45766 17 16 6
45767 8 8 4
45768 26 25 5
45769 5 5 5
45770 12 11 5
45771 11 10 6
45772 10 10 6
45773 8 8 4
45774 16 15 7
45775 13 12 4
45776 14 13 5
45777 13 12 4
45778 12 11 7
45779 9 9 5
45780 13 12 6
45781 18 18 6
45782 14 14 6
45783 16 16 4
45784 10 9 5
45785 5 5 5
45786 10 9 5
45787 9 8 4
45788 22 21 7
45789 11 10 4
45790 12 11 5
45791 9 8 4
45792 14 13 5
45793 9 8 4
45794 14 13 7
45795 11 11 5
45796 19 19 5
45797 5 5 5
45798 10 9 5
45799 21 20 6
45800 12 11 5
45801 9 8 4
45802 10 9 5
45803 9 9 5
45804 11 10 6
45805 20 20 6
45806 16 16 8
45807 8 8 4
45808 14 13 5
45809 11 10 4
45810 10 9 5
45811 11 11 5
45812 13 12 6
45813 16 16 6
45814 12 12 4
45815 12 11 5
45816 11 10 6
45817 16 16 4
45818 12 11 5
45819 19 18 4
45820 12 11 5
45821 19 19 7
45822 13 12 4
45823 14 13 5
45824 11 10 4
45825 16 15 5
45826 11 10 4
45827 18 17 5
45828 9 8 4
45829 14 13 5
45830 15 14 6
45831 12 12 4
45832 16 15 5
45833 25 24 4
45834 20 19 5
45835 17 17 5
45836 15 14 4
45837 18 17 5
45838 13 13 5
45839 23 22 4
45840 32 31 5
45841 21 20 4
45842 18 17 5
45843 27 26 4
45844 22 21 5
45845 35 34 4
45846 22 21 5
45847 27 26 4
45848 24 23 5
45849 21 20 4
45850 22 21 5
45851 19 18 4
45852 18 17 5
45853 15 14 4
45854 30 29 5
45855 23 22 4
45856 18 17 5
45857 19 18 4
45858 18 17 5
45859 13 12 4
45860 30 29 5
45861 23 22 4
45862 16 15 5
45863 9 8 4
45864 14 13 5
45865 13 12 4
45866 18 17 5
45867 19 18 4
45868 16 15 5
45869 13 12 6
45870 14 14 4
45871 12 11 5
45872 25 24 8
45873 16 16 6
45874 12 12 4
45875 14 13 5
45876 15 14 4
45877 14 13 7
45878 17 17 5
45879 15 14 6
45880 26 26 6
45881 18 17 7
45882 11 10 4
45883 10 9 5
45884 17 16 4
45885 14 13 5
45886 13 12 4
45887 12 11 5
45888 15 14 6
45889 12 11 5
45890 15 14 6
45891 6 6 6
45892 9 9 5
45893 13 12 6
45894 14 14 6
45895 20 19 5
45896 13 12 4
45897 22 21 7
45898 19 19 5
45899 9 8 4
45900 16 15 5
45901 21 21 5
45902 21 21 5
45903 15 14 4
45904 18 17 7
45905 13 12 6
45906 22 22 4
45907 12 11 5
45908 25 24 4
45909 20 19 5
45910 17 16 6
45911 18 17 7
45912 19 18 4
45913 14 13 5
45914 17 16 4
45915 36 35 5
45916 21 20 4
45917 14 13 5
45918 15 15 5
45919 19 18 6
45920 18 17 5
45921 11 10 6
45922 16 16 6
45923 24 24 8
45924 14 14 6
45925 18 18 10
45926 20 20 8
45927 20 20 4
45928 16 15 5
45929 23 22 8
45930 16 16 4
45931 14 13 5
45932 9 9 5
45933 11 10 4
45934 12 11 7
45935 21 20 4
45936 12 11 5
45937 15 14 6
45938 10 10 6
45939 18 18 8
45940 18 18 6
45941 16 15 5
45942 11 11 5
45943 17 16 6
45944 14 13 5
45945 13 13 5
45946 15 15 5
45947 21 21 5
45948 21 21 7
45949 13 12 4
45950 18 17 5
45951 19 18 6
45952 10 10 4
45953 10 9 5
45954 23 22 6
45955 10 9 5
45956 11 10 4
45957 18 17 5
45958 11 11 5
45959 17 17 7
45960 11 11 5
45961 13 12 6
45962 12 12 6
45963 22 22 6
45964 10 9 5
45965 15 15 5
45966 25 24 6
45967 14 14 4
45968 6 5 4
45969 16 15 5
45970 15 15 5
45971 13 12 6
45972 12 12 6
45973 10 10 4
45974 12 11 5
45975 17 16 4
45976 14 13 5
45977 13 12 4
45978 16 15 5
45979 11 10 4
45980 14 13 7
45981 13 12 4
45982 12 11 5
45983 13 12 4
45984 14 13 5
45985 13 13 5
45986 11 10 6
45987 20 20 6
45988 14 14 4
45989 14 13 5
45990 15 14 6
45991 24 24 6
45992 14 14 4
45993 12 11 5
45994 21 20 6
45995 16 16 4
45996 16 15 5
45997 23 22 6
45998 14 14 6
45999 10 10 4
46000 12 11 5
46001 7 6 5
46002 17 16 6
46003 12 11 5
46004 15 15 5
46005 13 12 4
46006 12 11 7
46007 15 14 4
46008 14 13 5
46009 9 9 5
46010 19 18 4
46011 14 13 5
46012 15 14 6
46013 16 16 6
46014 20 20 6
46015 8 8 4
46016 20 19 7
46017 17 17 5
46018 11 11 5
46019 13 12 4
46020 18 17 7
46021 13 12 6
46022 14 14 6
46023 12 12 6
46024 14 14 4
46025 6 5 4
46026 18 17 7
46027 11 10 4
46028 20 19 5
46029 19 18 6
46030 18 18 4
46031 22 21 7
46032 17 16 4
46033 18 17 5
46034 21 21 5
46035 19 18 4
46036 16 15 5
46037 17 16 4
46038 14 13 5
46039 11 10 4
46040 16 15 5
46041 21 20 6
46042 20 20 4
46043 16 15 5
46044 21 20 6
46045 12 12 4
46046 18 17 5
46047 15 15 5
46048 11 10 4
46049 14 13 5
46050 13 12 6
46051 10 10 4
46052 20 19 5
46053 13 13 5
46054 13 12 6
46055 12 11 5
46056 11 11 5
46057 13 12 6
46058 12 11 5
46059 13 12 6
46060 14 14 6
46061 10 10 6
46062 12 12 6
46063 20 19 5
46064 9 9 5
46065 19 18 6
46066 10 10 6
46067 20 20 6
46068 10 9 5
46069 17 16 6
46070 8 8 4
46071 10 9 5
46072 11 10 6
46073 16 15 5
46074 17 17 5
46075 11 10 6
46076 10 10 6
46077 12 12 6
46078 8 8 4
46079 18 17 7
46080 11 10 6
46081 8 8 4
46082 12 11 7
46083 13 12 8
46084 8 8 4
46085 12 11 5
46086 9 8 7
46087 11 11 5
46088 7 6 5
46089 13 12 4
46090 14 13 7
46091 11 11 5
46092 9 9 5
46093 17 17 7
46094 9 8 4
46095 14 13 7
46096 21 20 6
46097 10 10 6
46098 14 13 5
46099 11 10 4
46100 12 11 7
46101 11 10 6
46102 6 5 4
46103 12 11 7
46104 9 8 4
46105 20 19 5
46106 11 10 6
46107 18 17 5
46108 5 5 5
46109 12 11 7
46110 11 11 5
46111 11 10 6
46112 14 14 8
46113 12 12 6
46114 10 9 5
46115 9 9 5
46116 11 10 6
46117 16 16 8
46118 14 14 6
46119 8 8 4
46120 10 9 5
46121 19 19 5
46122 9 8 4
46123 16 15 7
46124 13 12 4
46125 14 13 5
46126 9 8 4
46127 10 9 5
46128 15 14 4
46129 18 17 7
46130 13 12 6
46131 8 8 4
46132 14 13 5
46133 5 5 5
46134 12 11 7
46135 15 14 8
46136 6 6 6
46137 11 10 4
46138 10 9 5
46139 13 13 5
46140 11 11 5
46141 13 12 6
46142 12 11 5
46143 11 11 5
46144 11 10 6
46145 20 19 7
46146 11 10 6
46147 18 18 6
46148 12 11 5
46149 15 15 5
46150 9 8 4
46151 10 9 5
46152 19 18 4
46153 10 9 5
46154 11 11 5
46155 11 11 5
46156 17 16 6
46157 10 9 5
46158 15 14 4
46159 10 9 5
46160 11 10 4
46161 8 7 6
46162 14 13 7
46163 15 14 6
46164 16 15 7
46165 15 14 4
46166 20 19 5
46167 7 7 7
46168 18 18 8
46169 8 8 4
46170 10 9 5
46171 11 10 4
46172 16 15 7
46173 7 6 5
46174 23 22 6
46175 10 9 5
46176 9 9 5
46177 11 10 6
46178 10 10 6
46179 6 5 4
46180 18 17 7
46181 15 14 6
46182 12 11 5
46183 11 10 4
46184 8 7 6
46185 8 8 4
46186 12 11 7
46187 11 10 6
46188 12 12 6
46189 14 13 5
46190 5 5 5
46191 18 17 7
46192 17 16 6
46193 14 14 6
46194 8 8 4
46195 12 11 5
46196 13 12 6
46197 14 13 7
46198 25 24 6
46199 12 12 4
46200 12 11 5
46201 9 8 4
46202 6 5 4
46203 12 11 7
46204 9 9 5
46205 13 12 4
46206 10 9 5
46207 17 16 6
46208 6 6 6
46209 21 20 4
46210 8 7 6
46211 14 14 4
46212 10 9 5
46213 25 24 8
46214 32 32 6
46215 32 32 4
46216 18 17 5
46217 21 20 4
46218 6 5 4
46219 16 15 5
46220 15 14 6
46221 20 20 6
46222 28 28 4
46223 24 23 5
46224 11 11 5
46225 11 10 4
46226 12 11 5
46227 9 8 4
46228 20 19 7
46229 23 23 5
46230 25 24 4
46231 20 19 5
46232 17 16 4
46233 20 19 5
46234 35 34 4
46235 20 19 5
46236 25 24 4
46237 22 21 5
46238 21 20 6
46239 18 18 4
46240 24 23 5
46241 13 12 4
46242 26 25 5
46243 13 12 4
46244 24 23 5
46245 23 22 4
46246 18 17 5
46247 29 28 4
46248 22 21 5
46249 19 18 6
46250 14 14 6
46251 8 8 4
46252 20 19 7
46253 21 20 6
46254 20 20 4
46255 12 11 5
46256 13 12 4
46257 34 33 5
46258 15 14 4
46259 14 13 5
46260 17 16 4
46261 28 27 5
46262 11 10 4
46263 12 11 5
46264 17 16 6
46265 10 10 4
46266 16 15 5
46267 11 10 4
46268 12 11 5
46269 17 16 6
46270 6 6 6
46271 17 17 5
46272 19 18 6
46273 16 16 6
46274 14 14 6
46275 8 8 4
46276 16 15 5
46277 15 15 5
46278 11 10 4
46279 16 15 7
46280 15 15 7
46281 13 12 4
46282 16 15 5
46283 13 12 6
46284 10 9 5
46285 9 8 4
46286 10 9 5
46287 21 20 8
46288 16 16 4
46289 16 15 5
46290 21 20 8
46291 10 9 5
46292 13 12 6
46293 22 22 8
46294 10 10 4
46295 14 13 7
46296 19 18 6
46297 10 9 5
46298 9 8 4
46299 12 11 5
46300 11 11 5
46301 19 19 7
46302 9 9 5
46303 17 16 6
46304 14 14 6
46305 16 16 6
46306 14 14 6
46307 20 20 4
46308 18 17 5
46309 9 8 4
46310 10 9 5
46311 11 10 4
46312 14 13 5
46313 19 19 7
46314 13 12 4
46315 12 11 5
46316 7 6 5
46317 11 10 6
46318 20 20 4
46319 16 15 5
46320 9 9 5
46321 11 10 4
46322 20 19 7
46323 13 12 6
46324 8 8 4
46325 10 9 5
46326 15 14 4
46327 6 5 4
46328 14 13 7
46329 9 9 5
46330 13 13 5
46331 11 11 5
46332 9 8 4
46333 10 9 5
46334 17 16 6
46335 12 11 5
46336 15 14 6
46337 16 15 7
46338 13 12 6
46339 6 6 6
46340 17 16 6
46341 10 10 4
46342 18 17 7
46343 17 16 6
46344 18 17 5
46345 11 10 4
46346 16 15 7
46347 13 12 6
46348 8 8 4
46349 22 21 5
46350 11 10 4
46351 18 17 5
46352 17 17 7
46353 17 16 6
46354 14 14 4
46355 16 15 5
46356 15 15 5
46357 17 17 5
46358 21 20 8
46359 20 20 6
46360 16 16 6
46361 12 12 4
46362 10 9 5
46363 5 5 5
46364 14 13 7
46365 11 10 6
46366 16 16 6
46367 14 14 4
46368 20 19 7
46369 11 10 4
46370 10 9 5
46371 13 13 7
46372 7 6 5
46373 19 19 5
46374 13 12 6
46375 16 16 6
46376 16 16 6
46377 16 16 6
46378 6 6 6
46379 21 20 6
46380 26 26 6
46381 18 18 4
46382 12 11 5
46383 29 28 8
46384 6 6 6
46385 13 12 6
46386 18 18 6
46387 12 11 5
46388 9 8 4
46389 14 13 5
46390 13 13 5
46391 15 14 6
46392 14 13 7
46393 15 14 6
46394 14 14 6
46395 16 16 6
46396 8 8 4
46397 26 25 7
46398 21 20 4
46399 14 13 5
46400 17 16 6
46401 12 12 6
46402 6 6 6
46403 11 10 6
46404 18 18 8
46405 16 16 4
46406 20 19 7
46407 13 12 6
46408 16 16 6
46409 12 12 6
46410 18 18 6
46411 8 7 6
46412 12 12 4
46413 10 9 5
46414 15 15 5
46415 11 10 4
46416 12 11 5
46417 11 11 7
46418 9 9 5
46419 5 5 5
46420 12 11 5
46421 15 14 6
46422 16 15 7
46423 11 10 6
46424 12 12 6
46425 6 5 4
46426 12 11 5
46427 7 7 7
46428 16 16 6
46429 10 9 5
46430 9 8 4
46431 10 9 5
46432 19 18 8
46433 8 8 4
46434 14 13 5
46435 7 6 5
46436 11 11 5
46437 11 11 5
46438 13 12 6
46439 14 13 5
46440 13 12 6
46441 12 12 4
46442 14 13 5
46443 7 7 7
46444 6 6 6
46445 13 12 6
46446 10 10 6
46447 12 11 5
46448 11 11 5
46449 9 9 5
46450 15 14 6
46451 10 10 4
46452 12 11 7
46453 11 10 4
46454 22 21 7
46455 23 22 6
46456 12 12 4
46457 22 21 5
46458 9 8 4
46459 12 11 5
46460 9 8 4
46461 16 15 7
46462 7 6 5
46463 9 9 5
46464 13 12 4
46465 24 23 9
46466 11 10 4
46467 10 9 5
46468 13 12 6
46469 10 9 5
46470 9 9 5
46471 11 11 5
46472 11 11 5
46473 27 26 8
46474 8 8 4
46475 10 9 5
46476 9 8 4
46477 18 17 5
46478 9 9 5
46479 9 9 5
46480 7 7 7
46481 12 11 5
46482 13 12 6
46483 18 18 6
46484 14 14 4
46485 16 15 5
46486 13 12 4
46487 12 11 5
46488 17 17 5
46489 13 12 4
46490 10 9 5
46491 15 15 7
46492 13 12 4
46493 10 9 5
46494 17 17 5
46495 9 8 4
46496 12 11 5
46497 13 12 4
46498 16 15 5
46499 15 14 4
46500 16 15 7
46501 17 16 6
46502 8 8 4
46503 6 5 4
46504 14 13 7
46505 17 16 4
46506 12 11 5
46507 25 24 6
46508 12 12 4
46509 14 13 5
46510 15 14 4
46511 10 9 5
46512 19 18 6
46513 14 14 6
46514 6 6 6
46515 17 16 4
46516 10 9 5
46517 15 14 4
46518 14 13 7
46519 11 11 5
46520 13 13 5
46521 15 14 4
46522 14 13 5
46523 17 16 8
46524 18 18 4
46525 40 39 5
46526 21 20 4
46527 14 13 5
46528 11 10 4
46529 26 25 5
46530 25 24 4
46531 22 21 5
46532 23 22 4
46533 6 5 4
46534 10 9 5
46535 11 10 4
46536 22 21 5
46537 19 18 6
46538 16 16 4
46539 10 9 5
46540 9 8 4
46541 18 17 5
46542 15 14 6
46543 18 18 4
46544 16 15 5
46545 5 5 5
46546 16 15 7
46547 13 12 4
46548 22 21 5
46549 19 18 6
46550 30 29 5
46551 17 16 6
46552 8 8 4
46553 12 11 5
46554 11 10 4
46555 20 19 5
46556 17 16 4
46557 18 17 5
46558 9 8 4
46559 16 15 5
46560 7 6 5
46561 17 16 4
46562 16 15 5
46563 25 24 6
46564 34 34 6
46565 16 15 5
46566 13 12 4
46567 20 19 5
46568 21 20 6
46569 16 16 4
46570 10 9 5
46571 23 22 4
46572 12 11 5
46573 21 20 4
46574 14 13 5
46575 13 13 5
46576 5 5 5
46577 12 11 5
46578 23 22 6
46579 20 20 6
46580 14 14 6
46581 18 18 6
46582 14 14 8
46583 20 20 6
46584 12 12 4
46585 22 21 5
46586 9 9 5
46587 9 8 4
46588 20 19 5
46589 21 20 6
46590 14 14 4
46591 22 21 7
46592 13 13 5
46593 11 11 5
46594 19 18 4
46595 18 17 5
46596 11 11 5
46597 17 16 4
46598 14 13 5
46599 21 20 8
46600 10 10 4
46601 22 21 9
46602 15 14 6
46603 12 12 6
46604 10 10 6
46605 16 16 4
46606 14 13 5
46607 9 8 4
46608 16 15 7
46609 17 16 6
46610 14 13 7
46611 15 14 6
46612 14 14 6
46613 16 15 5
46614 13 12 4
46615 6 5 4
46616 12 11 5
46617 15 15 5
46618 15 15 7
46619 13 12 6
46620 8 8 4
46621 10 9 5
46622 17 16 6
46623 18 18 6
46624 10 9 5
46625 11 10 4
46626 18 17 7
46627 15 14 4
46628 10 9 5
46629 11 10 4
46630 16 15 5
46631 15 15 5
46632 13 12 4
46633 12 11 5
46634 9 9 5
46635 23 22 6
46636 12 12 6
46637 12 11 5
46638 23 23 7
46639 11 11 5
46640 17 16 6
46641 10 10 4
46642 12 11 5
46643 15 15 5
46644 23 23 5
46645 13 13 7
46646 11 11 5
46647 9 8 4
46648 12 11 5
46649 17 16 6
46650 24 24 6
46651 6 5 4
46652 12 11 5
46653 13 12 6
46654 12 11 5
46655 13 13 5
46656 11 11 5
46657 11 11 5
46658 13 12 6
46659 12 11 5
46660 13 13 5
46661 13 13 5
46662 17 17 7
46663 15 14 6
46664 12 12 6
46665 14 13 5
46666 9 9 5
46667 19 18 6
46668 8 8 4
46669 12 11 5
46670 13 13 5
46671 5 5 5
46672 18 17 5
46673 11 10 4
46674 12 11 5
46675 13 13 7
46676 15 14 6
46677 10 10 6
46678 12 12 6
46679 14 13 5
46680 5 5 5
46681 14 13 5
46682 13 13 5
46683 7 6 5
46684 7 6 5
46685 17 16 6
46686 14 13 5
46687 15 14 6
46688 14 13 7
46689 7 6 5
46690 13 12 4
46691 16 15 5
46692 17 17 7
46693 11 10 6
46694 12 12 6
46695 6 6 6
46696 11 11 7
46697 13 12 4
46698 10 9 5
46699 15 14 6
46700 14 14 6
46701 12 11 5
46702 15 14 8
46703 12 12 4
46704 14 13 5
46705 19 19 7
46706 15 14 4
46707 14 13 7
46708 19 18 6
46709 6 6 6
46710 15 14 8
46711 10 10 4
46712 10 9 5
46713 11 11 5
46714 13 13 7
46715 13 12 6
46716 12 11 5
46717 13 13 5
46718 11 10 4
46719 8 7 6
46720 12 11 5
46721 9 9 5
46722 17 17 7
46723 13 12 4
46724 16 15 5
46725 21 21 7
46726 19 18 6
46727 16 15 5
46728 7 6 5
46729 13 12 6
46730 6 6 6
46731 17 16 6
46732 12 11 5
46733 13 12 4
46734 6 5 4
46735 12 11 7
46736 5 5 5
46737 10 9 5
46738 9 9 5
46739 9 9 5
46740 15 15 7
46741 15 14 6
46742 14 13 7
46743 17 16 6
46744 18 17 5
46745 11 11 5
46746 17 16 4
46747 12 11 5
46748 11 10 6
46749 14 14 4
46750 14 13 7
46751 9 8 4
46752 10 9 5
46753 27 26 8
46754 20 20 6
46755 12 12 4
46756 12 11 5
46757 11 10 6
46758 12 12 8
46759 14 14 6
46760 18 18 6
46761 20 19 5
46762 9 8 4
46763 12 11 5
46764 13 13 5
46765 9 9 5
46766 13 12 4
46767 12 11 5
46768 17 17 5
46769 11 11 5
46770 17 16 6
46771 14 14 4
46772 10 9 5
46773 11 11 7
46774 9 8 4
46775 12 11 5
46776 13 12 4
46777 18 17 7
46778 19 18 6
46779 12 12 4
46780 8 7 6
46781 14 14 6
46782 14 13 5
46783 15 14 4
46784 18 17 5
46785 19 19 5
46786 15 15 5
46787 11 10 4
46788 14 13 5
46789 15 15 5
46790 13 12 6
46791 10 10 4
46792 12 11 5
46793 13 13 5
46794 15 14 4
46795 20 19 5
46796 9 8 4
46797 8 7 6
46798 14 14 4
46799 16 15 5
46800 23 23 5
46801 23 22 4
46802 22 21 5
46803 7 6 5
46804 11 11 5
46805 11 10 4
46806 26 25 5
46807 23 22 4
46808 18 17 5
46809 21 21 5
46810 15 14 4
46811 14 13 5
46812 19 18 6
46813 12 12 6
46814 34 33 5
46815 21 21 5
46816 25 24 4
46817 16 15 5
46818 19 18 6
46819 14 14 4
46820 16 15 5
46821 11 10 4
46822 22 21 5
46823 11 10 4
46824 12 11 5
46825 11 11 5
46826 35 35 5
46827 21 20 4
46828 22 21 5
46829 13 12 4
46830 10 9 5
46831 11 10 4
46832 22 21 5
46833 31 31 5
46834 25 24 4
46835 14 13 5
46836 9 9 5
46837 17 16 4
46838 12 11 5
46839 23 22 4
46840 22 21 5
46841 13 13 5
46842 11 10 4
46843 16 15 5
46844 9 8 4
46845 12 11 5
46846 17 17 5
46847 21 21 5
46848 13 12 4
46849 10 9 5
46850 15 14 6
46851 12 12 4
46852 14 13 5
46853 17 17 5
46854 9 8 4
46855 20 19 5
46856 13 13 5
46857 11 11 5
46858 15 14 6
46859 20 20 4
46860 18 17 5
46861 9 8 4
46862 12 11 5
46863 33 33 7
46864 13 12 4
46865 14 13 5
46866 9 8 4
46867 26 25 5
46868 13 12 4
46869 12 11 5
46870 11 11 5
46871 13 13 5
46872 15 15 5
46873 13 12 4
46874 14 13 5
46875 13 13 7
46876 15 14 6
46877 6 6 6
46878 9 8 4
46879 20 19 7
46880 29 28 4
46881 12 11 5
46882 21 21 5
46883 13 12 4
46884 18 17 5
46885 19 18 4
46886 14 13 5
46887 15 14 6
46888 16 16 4
46889 22 21 5
46890 19 18 6
46891 20 19 7
46892 27 26 4
46893 24 23 5
46894 25 25 7
46895 31 30 10
46896 14 14 4
46897 26 25 5
46898 23 22 4
46899 24 23 5
46900 23 23 5
46901 25 25 9
46902 13 12 4
46903 28 27 5
46904 15 14 6
46905 30 30 8
46906 12 12 4
46907 10 9 5
46908 19 18 6
46909 24 24 4
46910 22 21 5
46911 33 33 9
46912 13 12 4
46913 18 17 5
46914 17 17 7
46915 21 20 4
46916 6 5 4
46917 32 31 5
46918 23 22 6
46919 24 23 5
46920 11 11 5
46921 27 26 4
46922 12 11 5
46923 17 17 7
46924 15 14 4
46925 22 21 7
46926 23 23 9
46927 31 30 8
46928 16 16 6
46929 10 10 6
46930 32 32 10
46931 20 19 5
46932 13 12 6
46933 16 16 6
46934 24 23 5
46935 7 6 5
46936 9 8 4
46937 18 17 7
46938 23 22 6
46939 14 14 4
46940 12 11 5
46941 9 8 4
46942 24 23 9
46943 11 10 4
46944 14 13 5
46945 19 18 6
46946 12 12 6
46947 18 18 6
46948 6 6 6
46949 13 12 4
46950 8 7 6
46951 20 20 8
46952 14 14 6
46953 18 17 5
46954 9 9 5
46955 15 14 8
46956 12 11 5
46957 17 16 4
46958 10 9 5
46959 17 16 6
46960 14 13 5
46961 15 14 6
46962 10 10 4
46963 18 17 5
46964 7 6 5
46965 11 10 6
46966 14 14 6
46967 12 12 6
46968 10 10 4
46969 8 7 6
46970 16 16 6
46971 12 12 6
46972 18 17 7
46973 13 12 6
46974 12 11 5
46975 5 5 5
46976 14 13 7
46977 17 16 8
46978 18 17 5
46979 13 13 5
46980 13 13 5
46981 9 8 4
46982 14 13 7
46983 15 14 6
46984 12 12 4
46985 16 15 5
46986 19 19 5
46987 9 9 5
46988 11 11 5
46989 7 6 5
46990 9 9 5
46991 13 12 4
46992 12 11 5
46993 11 10 4
46994 12 11 7
46995 15 15 7
46996 15 14 4
46997 10 9 5
46998 17 16 6
46999 10 9 5
47000 13 12 4
47001 18 17 5
47002 15 15 7
47003 17 16 6
47004 18 18 6
47005 8 8 4
47006 14 13 5
47007 11 11 5
47008 9 9 5
47009 15 14 6
47010 20 20 6
47011 16 15 5
47012 11 10 6
47013 12 12 6
47014 12 12 4
47015 10 9 5
47016 17 16 6
47017 14 13 5
47018 11 10 6
47019 16 16 8
47020 12 12 4
47021 18 17 5
47022 9 8 4
47023 12 11 5
47024 9 9 5
47025 13 12 6
47026 16 15 7
47027 17 17 5
47028 17 17 5
47029 9 9 5
47030 9 8 4
47031 12 11 5
47032 19 19 7
47033 21 21 5
47034 9 8 4
47035 10 9 5
47036 7 6 5
47037 11 10 4
47038 10 9 5
47039 15 15 7
47040 15 14 4
47041 12 11 5
47042 21 20 4
47043 26 25 5
47044 11 11 5
47045 13 12 6
47046 10 10 4
47047 14 13 5
47048 17 17 5
47049 15 14 6
47050 18 17 5
47051 9 8 4
47052 10 9 5
47053 9 8 4
47054 16 15 7
47055 11 10 4
47056 12 11 5
47057 13 13 7
47058 13 12 6
47059 12 12 6
47060 10 10 6
47061 10 10 6
47062 10 10 6
47063 10 10 6
47064 12 12 6
47065 22 22 6
47066 12 12 6
47067 10 10 4
47068 10 9 5
47069 5 5 5
47070 14 13 7
47071 11 11 5
47072 17 16 6
47073 8 7 6
47074 12 12 4
47075 14 13 5
47076 15 14 6
47077 8 8 4
47078 10 9 5
47079 9 9 5
47080 17 16 8
47081 10 10 4
47082 14 13 5
47083 7 6 5
47084 7 6 5
47085 13 12 6
47086 12 11 7
47087 5 5 5
47088 18 17 7
47089 21 20 4
47090 14 13 5
47091 15 15 5
47092 11 10 4
47093 12 11 5
47094 15 14 6
47095 16 16 4
47096 12 11 5
47097 19 18 6
47098 12 12 6
47099 14 14 6
47100 6 5 4
47101 10 9 5
47102 5 5 5
47103 14 13 5
47104 9 9 5
47105 19 19 7
47106 11 10 4
47107 18 17 5
47108 7 6 5
47109 13 12 6
47110 12 12 6
47111 14 14 6
47112 14 13 7
47113 11 10 4
47114 18 17 5
47115 11 10 4
47116 14 13 7
47117 7 6 5
47118 11 10 6
47119 12 11 7
47120 11 10 4
47121 14 13 7
47122 11 10 4
47123 12 11 5
47124 13 12 4
47125 12 11 7
47126 11 10 4
47127 10 9 5
47128 13 12 4
47129 18 17 7
47130 19 18 6
47131 20 19 7
47132 13 12 4
47133 12 11 5
47134 19 18 4
47135 10 9 5
47136 17 16 6
47137 14 13 5
47138 15 14 4
47139 10 9 5
47140 9 9 5
47141 17 16 6
47142 12 12 4
47143 14 13 5
47144 19 19 5
47145 17 16 6
47146 18 18 6
47147 14 14 6
47148 30 30 6
47149 18 18 6
47150 14 14 4
47151 18 17 5
47152 13 12 4
47153 18 17 5
47154 13 12 4
47155 22 21 7
47156 17 16 6
47157 16 16 4
47158 20 19 5
47159 11 10 4
47160 14 13 5
47161 23 22 4
47162 24 23 5
47163 35 34 6
47164 22 22 4
47165 32 31 5
47166 17 16 4
47167 18 17 7
47168 17 16 4
47169 12 11 5
47170 19 18 4
47171 18 17 5
47172 25 25 5
47173 25 25 5
47174 25 24 6
47175 14 14 4
47176 14 13 5
47177 29 28 6
47178 26 26 4
47179 20 19 5
47180 25 24 4
47181 24 23 5
47182 17 16 6
47183 24 23 5
47184 15 15 5
47185 21 20 6
47186 26 26 4
47187 20 19 5
47188 25 24 8
47189 20 19 5
47190 13 13 5
47191 13 13 5
47192 23 22 6
47193 18 18 6
47194 20 20 4
47195 20 19 5
47196 11 11 5
47197 15 15 7
47198 19 19 7
47199 21 21 7
47200 21 20 10
47201 20 19 5
47202 13 13 5
47203 15 15 5
47204 19 19 5
47205 15 14 4
47206 20 19 5
47207 21 20 4
47208 16 15 7
47209 17 16 6
47210 22 22 6
47211 28 28 10
47212 10 10 4
47213 18 17 5
47214 9 8 4
47215 18 17 5
47216 19 18 6
47217 12 12 6
47218 18 17 5
47219 17 16 4
47220 10 9 5
47221 11 10 4
47222 16 15 5
47223 21 21 7
47224 19 19 7
47225 9 9 5
47226 17 16 6
47227 10 10 6
47228 8 8 4
47229 16 15 5
47230 19 18 6
47231 20 19 5
47232 15 15 5
47233 17 16 4
47234 18 17 5
47235 13 13 5
47236 29 28 8
47237 10 10 6
47238 12 12 6
47239 20 20 4
47240 20 19 7
47241 25 24 8
47242 18 18 6
47243 26 25 9
47244 17 16 4
47245 14 13 5
47246 13 12 4
47247 18 17 5
47248 19 19 5
47249 11 11 5
47250 17 16 6
47251 20 20 6
47252 14 14 6
47253 12 12 6
47254 14 14 6
47255 14 14 6
47256 18 17 7
47257 11 11 5
47258 21 21 7
47259 25 24 6
47260 18 18 6
47261 20 19 5
47262 11 10 4
47263 12 11 5
47264 13 13 5
47265 11 11 5
47266 21 20 6
47267 16 15 7
47268 15 14 4
47269 16 15 5
47270 17 17 5
47271 9 9 5
47272 15 14 6
47273 16 15 5
47274 17 17 5
47275 15 15 5
47276 15 14 6
47277 10 9 5
47278 7 6 5
47279 13 13 5
47280 15 14 6
47281 8 8 4
47282 22 21 7
47283 17 16 6
47284 12 12 6
47285 14 13 5
47286 17 17 5
47287 11 11 5
47288 13 12 4
47289 14 13 5
47290 15 15 7
47291 9 8 4
47292 10 9 5
47293 9 9 5
47294 17 16 8
47295 10 10 6
47296 16 16 8
47297 16 15 5
47298 13 12 4
47299 8 7 6
47300 12 12 6
47301 10 9 5
47302 9 9 5
47303 11 11 7
47304 7 6 5
47305 11 11 5
47306 11 10 6
47307 10 10 6
47308 10 10 6
47309 24 24 8
47310 6 6 6
47311 13 12 6
47312 16 15 7
47313 11 11 5
47314 11 10 6
47315 16 16 6
47316 10 10 6
47317 10 10 4
47318 16 15 7
47319 17 17 7
47320 13 12 4
47321 16 15 5
47322 7 6 5
47323 17 17 5
47324 9 9 5
47325 11 11 5
47326 9 8 4
47327 18 17 9
47328 23 22 6
47329 12 12 6
47330 14 14 6
47331 14 13 5
47332 11 10 6
47333 12 11 5
47334 11 10 6
47335 10 10 4
47336 14 13 7
47337 13 12 6
47338 16 15 5
47339 27 26 6
47340 12 11 5
47341 9 9 5
47342 11 10 4
47343 10 9 5
47344 11 10 6
47345 16 16 6
47346 26 26 6
47347 16 16 6
47348 12 12 4
47349 22 21 5
47350 19 19 5
47351 17 16 6
47352 6 6 6
47353 21 20 4
47354 22 21 5
47355 15 14 6
47356 14 14 4
47357 22 21 5
47358 13 12 4
47359 16 15 5
47360 9 9 5
47361 17 17 7
47362 15 14 4
47363 16 15 5
47364 15 14 4
47365 14 13 5
47366 17 16 4
47367 10 9 5
47368 21 21 9
47369 11 10 4
47370 12 11 5
47371 9 9 5
47372 17 16 8
47373 8 8 4
47374 14 13 7
47375 9 9 5
47376 17 16 6
47377 16 16 4
47378 10 9 5
47379 11 10 4
47380 22 21 5
47381 11 11 5
47382 13 12 4
47383 6 5 4
47384 12 11 5
47385 17 16 4
47386 10 9 5
47387 9 9 5
47388 9 9 5
47389 13 12 4
47390 18 17 7
47391 15 14 6
47392 16 16 6
47393 18 17 5
47394 13 12 4
47395 16 15 9
47396 13 12 6
47397 10 10 6
47398 12 11 5
47399 15 15 7
47400 19 18 6
47401 12 12 6
47402 12 12 4
47403 12 11 5
47404 21 20 6
47405 16 15 7
47406 17 16 4
47407 14 13 5
47408 13 12 6
47409 20 20 8
47410 8 8 4
47411 20 19 7
47412 11 10 6
47413 10 10 4
47414 12 11 5
47415 9 8 4
47416 12 11 5
47417 13 13 7
47418 15 14 6
47419 16 16 6
47420 16 16 6
47421 6 6 6
47422 11 11 5
47423 15 15 7
47424 11 11 5
47425 19 18 6
47426 12 12 6
47427 18 18 4
47428 6 5 4
47429 18 17 7
47430 19 18 4
47431 22 21 5
47432 19 18 4
47433 22 21 5
47434 29 28 6
47435 20 19 5
47436 9 8 4
47437 18 17 5
47438 23 23 5
47439 23 22 4
47440 16 15 5
47441 21 20 4
47442 18 17 5
47443 11 10 4
47444 14 13 5
47445 17 17 5
47446 15 14 4
47447 18 17 5
47448 15 14 6
47449 28 28 4
47450 14 13 5
47451 17 17 5
47452 23 22 6
47453 12 12 4
47454 12 11 5
47455 23 23 5
47456 25 24 4
47457 12 11 5
47458 19 18 4
47459 16 15 5
47460 21 20 6
47461 18 18 6
47462 30 30 6
47463 20 20 6
47464 24 24 8
47465 16 16 6
47466 24 24 6
47467 22 22 4
47468 18 17 5
47469 19 18 4
47470 12 11 5
47471 29 28 6
47472 12 11 5
47473 15 14 4
47474 16 15 5
47475 15 14 6
47476 14 14 6
47477 10 10 4
47478 16 15 5
47479 17 16 4
47480 10 9 5
47481 25 24 4
47482 18 17 7
47483 25 24 10
47484 18 17 5
47485 11 10 4
47486 10 9 5
47487 23 22 6
47488 12 11 5
47489 17 16 4
47490 20 19 5
47491 17 17 5
47492 17 17 7
47493 19 19 7
47494 19 19 5
47495 11 10 4
47496 14 13 5
47497 13 12 4
47498 24 23 9
47499 11 10 4
47500 16 15 5
47501 19 18 4
47502 20 19 7
47503 23 22 10
47504 16 16 4
47505 14 13 5
47506 15 14 6
47507 16 15 5
47508 5 5 5
47509 16 15 7
47510 9 9 5
47511 13 13 7
47512 21 20 8
47513 16 15 7
47514 13 12 6
47515 22 21 7
47516 17 17 5
47517 13 13 5
47518 19 19 5
47519 19 19 5
47520 19 19 5
47521 19 18 6
47522 14 14 4
47523 14 13 5
47524 13 12 6
47525 14 14 4
47526 14 13 5
47527 13 13 5
47528 7 6 5
47529 11 11 5
47530 11 10 6
47531 8 8 4
47532 12 11 5
47533 13 12 4
47534 14 13 7
47535 9 8 4
47536 12 11 5
47537 19 19 7
47538 17 16 6
47539 22 22 6
47540 8 8 4
47541 14 13 5
47542 13 13 5
47543 13 13 5
47544 11 11 7
47545 17 16 4
47546 18 17 7
47547 17 16 6
47548 18 18 6
47549 16 16 4
47550 10 9 5
47551 11 10 6
47552 10 10 4
47553 10 9 5
47554 13 12 6
47555 8 8 4
47556 16 15 5
47557 11 11 5
47558 13 12 6
47559 6 6 6
47560 13 13 5
47561 13 13 5
47562 13 13 5
47563 5 5 5
47564 16 15 5
47565 11 11 5
47566 17 16 6
47567 14 13 5
47568 15 15 5
47569 13 13 7
47570 15 14 4
47571 10 9 5
47572 13 12 4
47573 6 5 4
47574 16 15 7
47575 17 16 6
47576 10 10 4
47577 14 13 5
47578 13 12 4
47579 14 13 7
47580 13 12 6
47581 12 12 4
47582 12 11 5
47583 9 9 5
47584 17 16 6
47585 16 15 5
47586 21 20 6
47587 6 6 6
47588 11 11 5
47589 13 12 6
47590 12 12 6
47591 14 13 5
47592 7 6 5
47593 11 10 4
47594 20 19 7
47595 17 16 6
47596 6 5 4
47597 14 13 5
47598 9 9 5
47599 15 14 6
47600 10 9 5
47601 17 16 6
47602 10 9 5
47603 15 14 6
47604 6 6 6
47605 13 12 6
47606 8 8 4
47607 18 17 5
47608 13 13 5
47609 15 14 4
47610 8 7 6
47611 16 16 6
47612 6 5 4
47613 16 15 5
47614 15 15 7
47615 11 10 4
47616 12 11 5
47617 13 13 7
47618 13 12 6
47619 10 10 6
47620 8 8 4
47621 14 13 7
47622 17 16 4
47623 6 5 4
47624 14 13 7
47625 5 5 5
47626 16 15 5
47627 13 12 6
47628 6 6 6
47629 11 10 6
47630 10 9 5
47631 19 18 10
47632 10 10 4
47633 14 13 5
47634 9 9 5
47635 9 9 5
47636 5 5 5
47637 12 11 5
47638 11 10 4
47639 18 17 5
47640 17 17 5
47641 11 10 4
47642 12 11 5
47643 13 12 6
47644 6 5 4
47645 14 13 5
47646 9 9 5
47647 9 9 5
47648 5 5 5
47649 12 11 5
47650 15 14 6
47651 12 11 7
47652 9 8 4
47653 16 15 5
47654 9 8 4
47655 16 15 7
47656 21 20 4
47657 18 17 5
47658 11 10 6
47659 12 11 5
47660 7 6 5
47661 7 7 7
47662 12 12 6
47663 6 5 4
47664 20 19 7
47665 7 6 5
47666 19 18 6
47667 16 15 5
47668 11 11 5
47669 13 12 6
47670 12 12 6
47671 18 17 5
47672 21 20 6
47673 8 8 4
47674 16 15 5
47675 9 8 4
47676 12 11 5
47677 9 9 5
47678 11 11 5
47679 7 6 5
47680 9 9 5
47681 7 6 5
47682 9 9 5
47683 27 26 6
47684 8 8 4
47685 8 7 6
47686 14 14 6
47687 12 12 6
47688 10 9 5
47689 13 12 6
47690 20 20 6
47691 10 9 5
47692 13 12 4
47693 16 15 7
47694 11 10 6
47695 14 13 5
47696 21 21 7
47697 9 8 4
47698 12 11 5
47699 19 19 5
47700 19 19 5
47701 7 6 5
47702 17 16 6
47703 8 8 4
47704 12 11 5
47705 15 15 5
47706 19 18 6
47707 18 17 5
47708 21 20 6
47709 10 10 4
47710 16 15 5
47711 15 15 5
47712 13 12 4
47713 30 29 5
47714 27 26 4
47715 16 15 5
47716 29 28 4
47717 16 15 5
47718 11 10 4
47719 22 21 5
47720 11 10 4
47721 22 21 5
47722 23 22 4
47723 26 25 5
47724 17 16 4
47725 42 41 7
47726 21 21 5
47727 29 28 4
47728 32 31 5
47729 31 30 4
47730 30 29 5
47731 25 24 4
47732 28 27 5
47733 41 40 6
47734 18 18 6
47735 32 32 6
47736 22 22 4
47737 26 25 5
47738 27 26 4
47739 18 17 5
47740 29 29 5
47741 15 15 5
47742 25 24 4
47743 30 29 5
47744 21 20 4
47745 22 21 5
47746 15 14 4
47747 20 19 5
47748 11 10 4
47749 16 15 5
47750 19 18 4
47751 16 15 5
47752 13 12 4
47753 20 19 5
47754 17 16 4
47755 16 15 5
47756 11 10 4
47757 14 13 5
47758 13 13 5
47759 19 19 5
47760 7 6 5
47761 13 12 4
47762 12 11 5
47763 19 19 5
47764 15 15 5
47765 17 16 6
47766 26 26 6
47767 14 13 5
47768 7 6 5
47769 13 12 4
47770 12 11 7
47771 21 20 6
47772 18 17 5
47773 17 17 7
47774 9 9 5
47775 15 15 5
47776 9 8 4
47777 16 15 7
47778 21 20 10
47779 12 12 6
47780 12 12 6
47781 18 17 5
47782 9 8 4
47783 14 13 5
47784 15 14 6
47785 20 19 7
47786 21 20 6
47787 16 15 5
47788 9 9 5
47789 11 10 4
47790 14 13 5
47791 11 11 5
47792 17 16 6
47793 16 15 7
47794 19 18 4
47795 12 11 5
47796 17 16 6
47797 12 12 6
47798 14 13 5
47799 15 15 7
47800 15 14 6
47801 16 16 4
47802 16 15 5
47803 13 13 5
47804 15 14 6
47805 8 8 4
47806 10 9 5
47807 19 18 8
47808 10 10 4
47809 14 13 5
47810 19 18 6
47811 18 18 4
47812 10 9 5
47813 13 12 6
47814 16 16 6
47815 12 11 5
47816 9 8 4
47817 10 9 5
47818 9 9 5
47819 11 11 7
47820 15 14 6
47821 14 14 6
47822 12 12 4
47823 16 15 5
47824 7 6 5
47825 13 13 5
47826 13 13 5
47827 9 9 5
47828 9 8 4
47829 14 13 7
47830 11 10 6
47831 12 12 6
47832 12 12 6
47833 12 12 6
47834 16 15 5
47835 15 15 5
47836 7 7 7
47837 10 10 4
47838 10 9 5
47839 11 11 7
47840 9 8 4
47841 20 19 5
47842 7 6 5
47843 13 12 6
47844 20 20 8
47845 8 8 4
47846 10 9 5
47847 17 16 6
47848 6 5 4
47849 6 5 4
47850 16 15 7
47851 11 10 6
47852 16 15 7
47853 7 6 5
47854 17 16 6
47855 14 14 6
47856 12 12 6
47857 12 12 6
47858 16 15 7
47859 9 8 4
47860 16 15 5
47861 11 11 7
47862 11 10 6
47863 16 16 6
47864 10 10 4
47865 12 11 7
47866 15 14 6
47867 14 14 6
47868 14 14 6
47869 16 15 5
47870 11 10 6
47871 14 14 6
47872 14 14 6
47873 8 8 4
47874 22 21 9
47875 9 8 4
47876 16 15 7
47877 13 12 4
47878 16 15 5
47879 13 13 7
47880 13 12 4
47881 20 19 7
47882 13 12 6
47883 8 7 6
47884 12 12 6
47885 8 7 6
47886 8 8 4
47887 14 13 7
47888 13 12 6
47889 10 9 5
47890 15 15 7
47891 11 10 6
47892 12 12 6
47893 16 16 6
47894 10 9 5
47895 9 9 5
47896 13 13 5
47897 15 15 7
47898 15 14 6
47899 10 9 5
47900 17 16 6
47901 10 10 6
47902 10 10 6
47903 14 13 5
47904 11 11 5
47905 15 15 5
47906 13 13 7
47907 13 12 4
47908 14 13 5
47909 15 14 4
47910 12 11 5
47911 11 10 6
47912 20 20 6
47913 14 13 5
47914 17 16 4
47915 10 9 5
47916 11 10 4
47917 12 11 5
47918 9 9 5
47919 9 9 5
47920 17 16 6
47921 12 12 6
47922 10 10 4
47923 14 13 7
47924 9 8 4
47925 10 9 5
47926 15 14 6
47927 16 15 5
47928 9 9 5
47929 23 22 6
47930 20 20 6
47931 10 10 4
47932 10 9 5
47933 9 9 5
47934 9 8 4
47935 12 11 5
47936 17 16 6
47937 12 12 6
47938 14 14 6
47939 28 27 5
47940 19 18 4
47941 18 17 5
47942 9 8 4
47943 10 9 5
47944 13 12 6
47945 12 12 4
47946 12 11 5
47947 13 12 4
47948 14 13 7
47949 7 6 5
47950 13 12 4
47951 22 21 7
47952 25 24 6
47953 28 27 5
47954 11 10 4
47955 6 5 4
47956 16 15 5
47957 27 26 4
47958 30 29 5
47959 9 8 4
47960 16 15 5
47961 9 8 4
47962 22 21 5
47963 13 12 4
47964 28 27 5
47965 15 14 6
47966 18 17 5
47967 17 16 4
47968 16 15 5
47969 27 26 6
47970 28 28 4
47971 30 29 5
47972 17 16 6
47973 20 20 6
47974 10 10 4
47975 28 27 7
47976 21 21 5
47977 15 14 4
47978 20 19 5
47979 13 12 4
47980 22 21 5
47981 19 19 5
47982 23 22 4
47983 18 17 5
47984 15 14 4
47985 18 17 5
47986 25 25 5
47987 19 18 6
47988 16 15 5
47989 25 24 6
47990 18 17 5
47991 21 21 7
47992 11 11 5
47993 27 26 6
47994 10 10 4
47995 20 19 7
47996 19 18 4
47997 20 19 9
47998 23 22 4
47999 26 25 7
48000 15 14 6
48001 14 13 5
48002 11 10 4
48003 14 13 5
48004 29 29 5
48005 29 28 8
48006 12 11 5
48007 21 20 4
48008 14 13 7
48009 15 14 4
48010 20 19 7
48011 21 20 8
48012 26 26 8
48013 30 30 10
48014 18 18 6
48015 30 29 13
48016 17 17 9
48017 15 14 6
48018 30 29 7
48019 25 24 6
48020 20 20 8
48021 20 19 5
48022 13 12 4
48023 32 31 9
48024 17 17 5
48025 21 20 4
48026 16 15 5
48027 23 22 6
48028 22 21 7
48029 13 12 4
48030 18 17 7
48031 17 16 6
48032 22 21 7
48033 13 13 5
48034 37 36 14
48035 12 11 5
48036 19 18 6
48037 22 22 4
48038 22 21 5
48039 13 13 7
48040 25 24 8
48041 12 11 5
48042 31 30 8
48043 10 10 4
48044 18 17 7
48045 19 18 4
48046 12 11 5
48047 9 9 5
48048 15 14 4
48049 16 15 5
48050 15 14 4
48051 16 15 5
48052 11 11 7
48053 15 14 6
48054 14 13 5
48055 19 18 6
48056 12 11 5
48057 11 10 4
48058 20 19 9
48059 17 16 8
48060 12 12 4
48061 12 11 5
48062 21 20 6
48063 20 20 6
48064 12 11 5
48065 9 9 5
48066 11 10 6
48067 12 11 5
48068 19 18 4
48069 10 9 5
48070 15 14 4
48071 20 19 5
48072 11 11 5
48073 13 12 6
48074 18 18 6
48075 14 14 6
48076 22 22 4
48077 10 9 5
48078 17 16 4
48079 16 15 5
48080 19 18 4
48081 22 21 5
48082 9 8 4
48083 18 17 5
48084 17 17 5
48085 35 34 8
48086 28 27 5
48087 19 18 4
48088 20 19 5
48089 17 16 6
48090 10 10 4
48091 22 21 5
48092 19 18 4
48093 18 17 5
48094 13 13 5
48095 19 18 6
48096 14 14 4
48097 24 23 5
48098 17 16 6
48099 18 18 6
48100 10 10 4
48101 18 17 5
48102 21 21 5
48103 25 24 6
48104 18 18 6
48105 16 16 4
48106 14 13 5
48107 19 18 6
48108 20 19 7
48109 19 18 4
48110 14 13 5
48111 25 24 6
48112 8 8 4
48113 14 13 5
48114 17 17 7
48115 11 10 4
48116 10 9 5
48117 25 24 6
48118 14 14 6
48119 18 18 4
48120 10 9 5
48121 13 12 6
48122 10 10 6
48123 16 16 6
48124 8 8 4
48125 20 19 7
48126 11 11 5
48127 17 16 6
48128 14 14 6
48129 14 14 6
48130 16 16 4
48131 16 15 7
48132 13 12 6
48133 12 12 6
48134 16 16 4
48135 18 17 5
48136 11 10 6
48137 12 12 6
48138 12 12 4
48139 16 15 5
48140 7 6 5
48141 15 14 4
48142 12 11 5
48143 13 12 6
48144 10 9 5
48145 11 11 5
48146 11 11 5
48147 7 6 5
48148 11 10 6
48149 12 11 7
48150 9 8 4
48151 14 13 5
48152 17 17 7
48153 15 14 4
48154 18 17 7
48155 9 8 4
48156 16 15 5
48157 15 15 5
48158 13 13 5
48159 19 19 5
48160 11 11 7
48161 13 12 6
48162 10 10 4
48163 8 7 6
48164 8 8 4
48165 14 13 7
48166 15 14 6
48167 14 13 5
48168 17 17 7
48169 13 12 6
48170 18 17 5
48171 17 16 6
48172 16 16 6
48173 26 25 5
48174 13 13 5
48175 9 8 4
48176 14 13 5
48177 11 11 7
48178 13 12 6
48179 20 19 5
48180 15 15 7
48181 17 16 6
48182 14 13 5
48183 19 18 6
48184 10 10 4
48185 14 13 5
48186 15 15 5
48187 17 16 4
48188 22 21 7
48189 15 14 6
48190 14 13 5
48191 13 12 4
48192 14 13 5
48193 11 10 6
48194 12 12 4
48195 12 11 7
48196 19 18 6
48197 20 19 7
48198 13 13 5
48199 9 8 4
48200 12 11 5
48201 15 15 9
48202 11 10 4
48203 12 11 5
48204 15 15 5
48205 17 16 6
48206 14 13 7
48207 11 10 4
48208 12 11 5
48209 17 16 6
48210 10 10 4
48211 6 5 4
48212 12 11 7
48213 7 6 5
48214 17 17 7
48215 11 10 4
48216 16 15 7
48217 13 12 4
48218 16 15 5
48219 13 13 5
48220 17 17 5
48221 17 16 4
48222 10 9 5
48223 9 8 4
48224 14 13 5
48225 9 8 7
48226 11 11 5
48227 15 15 5
48228 15 14 6
48229 16 15 5
48230 17 16 4
48231 20 19 5
48232 17 16 6
48233 10 10 4
48234 16 15 5
48235 13 12 4
48236 16 15 5
48237 17 16 4
48238 12 11 5
48239 21 20 6
48240 16 15 5
48241 11 10 6
48242 14 14 4
48243 20 19 5
48244 13 12 4
48245 10 9 5
48246 7 6 5
48247 19 18 4
48248 26 25 7
48249 23 22 6
48250 14 14 4
48251 14 13 5
48252 21 20 6
48253 10 10 4
48254 10 9 5
48255 17 16 4
48256 18 17 5
48257 19 19 5
48258 11 10 4
48259 20 19 5
48260 19 19 5
48261 29 28 6
48262 28 28 4
48263 22 21 5
48264 17 16 6
48265 22 22 4
48266 22 21 5
48267 21 20 6
48268 24 24 4
48269 28 27 5
48270 33 32 4
48271 38 37 5
48272 19 18 4
48273 22 21 5
48274 25 24 4
48275 26 25 5
48276 27 26 4
48277 38 37 7
48278 21 21 5
48279 31 30 6
48280 26 26 6
48281 30 30 6
48282 22 21 5
48283 21 20 6
48284 32 32 6
48285 16 16 4
48286 22 21 5
48287 27 27 7
48288 39 38 6
48289 14 14 6
48290 18 18 4
48291 18 17 5
48292 27 27 9
48293 25 24 4
48294 16 15 5
48295 17 17 5
48296 19 18 4
48297 22 21 7
48298 17 16 4
48299 16 15 5
48300 15 14 4
48301 12 11 5
48302 19 18 4
48303 22 21 5
48304 21 20 4
48305 14 13 5
48306 15 14 4
48307 22 21 5
48308 17 16 6
48309 16 16 6
48310 16 15 5
48311 21 20 6
48312 12 12 6
48313 24 24 4
48314 16 15 5
48315 15 14 4
48316 12 11 5
48317 19 18 4
48318 20 19 5
48319 19 19 5
48320 15 14 4
48321 18 17 5
48322 19 18 4
48323 22 21 9
48324 15 15 5
48325 15 15 5
48326 21 20 8
48327 16 16 6
48328 12 11 5
48329 21 20 8
48330 20 20 8
48331 24 23 9
48332 13 13 7
48333 27 26 12
48334 20 20 10
48335 20 20 8
48336 16 15 5
48337 15 15 5
48338 35 35 5
48339 15 15 5
48340 17 16 4
48341 26 25 7
48342 23 22 4
48343 16 15 5
48344 17 16 4
48345 20 19 5
48346 13 12 4
48347 16 15 7
48348 15 14 6
48349 12 12 4
48350 22 21 9
48351 7 6 5
48352 17 16 4
48353 12 11 5
48354 13 12 6
48355 14 14 6
48356 14 14 8
48357 16 16 6
48358 24 23 7
48359 9 9 5
48360 15 14 6
48361 12 12 6
48362 18 18 6
48363 18 17 5
48364 17 17 5
48365 15 15 5
48366 13 13 5
48367 29 29 9
48368 17 16 4
48369 16 15 7
48370 13 12 6
48371 18 18 4
48372 16 15 5
48373 13 13 5
48374 9 8 4
48375 16 15 5
48376 11 11 5
48377 23 23 5
48378 13 13 5
48379 21 21 5
48380 17 17 5
48381 11 10 4
48382 18 17 5
48383 19 18 4
48384 20 19 5
48385 15 14 6
48386 20 19 5
48387 11 11 5
48388 21 21 7
48389 27 26 6
48390 12 11 5
48391 17 16 6
48392 24 24 4
48393 22 21 5
48394 13 13 5
48395 23 22 4
48396 14 13 5
48397 9 9 5
48398 17 16 6
48399 10 10 6
48400 12 11 5
48401 21 20 6
48402 14 14 6
48403 12 12 6
48404 14 14 6
48405 12 12 4
48406 18 17 5
48407 11 11 5
48408 17 17 5
48409 11 11 5
48410 11 10 4
48411 14 13 5
48412 13 13 7
48413 7 6 5
48414 25 24 6
48415 14 14 6
48416 16 16 8
48417 14 14 6
48418 12 12 4
48419 10 9 5
48420 13 13 5
48421 23 23 7
48422 11 10 6
48423 10 10 4
48424 18 17 7
48425 9 8 4
48426 16 15 7
48427 11 11 5
48428 7 6 5
48429 13 12 6
48430 24 24 6
48431 10 10 6
48432 16 16 6
48433 16 16 6
48434 16 16 6
48435 12 12 4
48436 20 19 5
48437 13 12 6
48438 8 7 6
48439 10 10 4
48440 12 11 5
48441 13 12 8
48442 16 16 6
48443 12 12 6
48444 12 12 4
48445 14 13 5
48446 13 13 5
48447 9 8 4
48448 10 9 5
48449 11 11 7
48450 15 14 6
48451 14 14 6
48452 6 5 4
48453 12 11 5
48454 5 5 5
48455 6 5 4
48456 16 15 7
48457 11 11 5
48458 7 6 5
48459 13 12 6
48460 10 10 4
48461 12 11 5
48462 17 16 6
48463 18 17 7
48464 13 12 6
48465 8 8 4
48466 8 7 6
48467 12 12 6
48468 8 7 6
48469 12 12 6
48470 6 6 6
48471 19 18 6
48472 16 15 7
48473 15 14 4
48474 16 15 7
48475 13 12 4
48476 14 13 5
48477 15 14 8
48478 22 21 5
48479 13 12 6
48480 12 12 6
48481 10 10 4
48482 14 13 7
48483 15 14 8
48484 18 18 4
48485 16 15 5
48486 13 13 5
48487 5 5 5
48488 14 13 5
48489 15 14 8
48490 16 16 6
48491 12 12 4
48492 10 9 5
48493 13 12 6
48494 10 9 5
48495 5 5 5
48496 18 17 5
48497 13 13 7
48498 19 18 4
48499 12 11 5
48500 17 17 5
48501 15 14 4
48502 16 15 5
48503 13 13 5
48504 19 19 5
48505 7 6 5
48506 21 20 8
48507 8 8 4
48508 10 9 5
48509 11 10 4
48510 22 21 5
48511 15 14 4
48512 22 21 5
48513 15 14 4
48514 10 9 5
48515 21 20 6
48516 18 18 4
48517 12 11 5
48518 33 32 6
48519 18 18 4
48520 16 15 5
48521 19 19 5
48522 25 24 6
48523 16 16 4
48524 14 13 5
48525 23 22 4
48526 20 19 5
48527 21 20 4
48528 16 15 5
48529 19 18 4
48530 14 13 5
48531 23 22 4
48532 20 19 5
48533 25 24 4
48534 12 11 5
48535 15 14 4
48536 16 15 5
48537 21 21 5
48538 13 13 5
48539 23 22 4
48540 16 15 5
48541 19 18 6
48542 12 12 4
48543 20 19 5
48544 15 15 5
48545 13 12 4
48546 12 11 5
48547 19 18 4
48548 14 13 5
48549 13 13 5
48550 21 21 7
48551 23 22 4
48552 18 17 5
48553 17 17 5
48554 19 18 8
48555 18 18 8
48556 16 16 6
48557 16 15 7
48558 27 27 9
48559 17 16 6
48560 16 16 4
48561 20 19 5
48562 15 15 5
48563 25 25 9
48564 19 18 8
48565 14 13 7
48566 15 14 4
48567 32 31 11
48568 27 27 9
48569 23 22 8
48570 12 11 5
48571 23 22 6
48572 20 20 8
48573 22 21 11
48574 15 14 6
48575 26 26 6
48576 18 18 6
48577 20 20 4
48578 14 13 5
48579 15 14 4
48580 14 13 5
48581 7 6 5
48582 21 20 4
48583 22 21 9
48584 19 18 6
48585 16 16 6
48586 16 16 4
48587 14 13 7
48588 27 27 9
48589 19 18 4
48590 18 17 5
48591 17 17 5
48592 17 17 5
48593 17 17 5
48594 11 11 5
48595 17 16 6
48596 22 22 6
48597 14 14 4
48598 16 15 5
48599 11 10 4
48600 22 21 7
48601 11 10 4
48602 24 23 5
48603 13 12 4
48604 16 15 5
48605 7 6 5
48606 15 14 4
48607 12 11 5
48608 13 13 5
48609 17 16 6
48610 18 18 8
48611 10 10 6
48612 16 15 7
48613 9 8 4
48614 14 13 5
48615 11 10 6
48616 14 14 6
48617 12 11 5
48618 13 13 5
48619 13 13 5
48620 11 11 5
48621 11 10 4
48622 20 19 9
48623 9 8 7
48624 13 12 4
48625 14 13 5
48626 13 12 6
48627 8 8 4
48628 6 5 4
48629 14 13 5
48630 13 12 6
48631 16 16 8
48632 10 9 5
48633 11 10 4
48634 16 15 5
48635 9 9 5
48636 21 21 9
48637 13 12 4
48638 16 15 5
48639 11 11 5
48640 23 22 6
48641 10 10 6
48642 6 5 4
48643 14 13 5
48644 13 12 6
48645 14 14 4
48646 10 9 5
48647 17 16 8
48648 10 10 6
48649 12 12 4
48650 10 9 5
48651 13 12 4
48652 16 15 9
48653 17 16 8
48654 12 12 6
48655 10 10 4
48656 12 11 5
48657 11 10 4
48658 8 7 6
48659 14 14 6
48660 16 16 6
48661 16 16 4
48662 10 9 5
48663 13 12 6
48664 10 9 5
48665 11 10 4
48666 10 9 5
48667 21 20 8
48668 12 11 5
48669 17 16 4
48670 16 15 5
48671 11 11 5
48672 9 9 5
48673 13 12 4
48674 14 13 5
48675 13 12 6
48676 8 8 4
48677 20 19 9
48678 7 6 5
48679 11 10 4
48680 14 13 5
48681 17 16 6
48682 10 9 5
48683 13 12 6
48684 14 13 5
48685 17 17 5
48686 11 11 5
48687 17 16 6
48688 8 8 4
48689 10 9 5
48690 7 6 5
48691 9 9 5
48692 7 6 5
48693 15 14 8
48694 10 10 4
48695 14 13 5
48696 7 6 5
48697 15 14 8
48698 18 18 6
48699 8 8 4
48700 10 9 5
48701 11 10 4
48702 14 13 7
48703 15 14 6
48704 12 11 5
48705 7 7 7
48706 16 16 6
48707 14 14 6
48708 10 10 6
48709 6 6 6
48710 13 13 5
48711 9 9 5
48712 11 10 6
48713 10 10 6
48714 14 14 4
48715 16 15 7
48716 15 14 6
48717 6 6 6
48718 13 13 5
48719 7 6 5
48720 11 11 5
48721 13 13 7
48722 11 10 6
48723 16 16 4
48724 14 13 7
48725 7 6 5
48726 11 10 4
48727 6 5 4
48728 10 9 5
48729 9 9 5
48730 11 11 5
48731 13 13 5
48732 9 8 4
48733 12 11 7
48734 15 14 8
48735 14 14 4
48736 18 17 5
48737 13 13 5
48738 7 6 5
48739 15 14 6
48740 8 8 4
48741 12 11 5
48742 11 10 6
48743 8 8 4
48744 16 15 5
48745 11 11 5
48746 15 15 5
48747 11 11 5
48748 7 6 5
48749 27 26 8
48750 12 12 6
48751 20 20 4
48752 12 11 5
48753 15 14 6
48754 10 10 6
48755 14 14 6
48756 8 8 4
48757 14 13 7
48758 23 22 8
48759 20 20 6
48760 20 19 5
48761 19 19 5
48762 13 12 6
48763 10 10 4
48764 16 15 7
48765 11 10 4
48766 12 11 5
48767 27 26 6
48768 18 18 4
48769 14 13 5
48770 15 15 5
48771 11 10 4
48772 14 13 5
48773 11 10 4
48774 16 15 7
48775 19 19 5
48776 17 16 6
48777 22 22 4
48778 12 11 5
48779 13 12 6
48780 24 24 4
48781 36 35 5
48782 19 18 4
48783 12 11 5
48784 23 22 4
48785 26 25 5
48786 17 16 4
48787 18 17 5
48788 15 14 6
48789 18 18 4
48790 22 21 5
48791 17 16 6
48792 24 23 5
48793 21 21 5
48794 17 17 7
48795 19 19 9
48796 19 18 6
48797 28 28 6
48798 18 17 5
48799 29 29 7
48800 19 19 5
48801 19 19 7
48802 17 17 5
48803 9 9 5
48804 27 26 12
48805 18 18 4
48806 16 15 5
48807 11 11 5
48808 19 18 4
48809 16 15 5
48810 19 18 6
48811 18 18 6
48812 16 16 6
48813 20 20 6
48814 26 26 6
48815 18 18 6
48816 28 27 13
48817 15 14 4
48818 14 13 5
48819 9 9 5
48820 19 18 4
48821 16 15 9
48822 15 14 4
48823 18 17 5
48824 15 14 6
48825 20 20 6
48826 14 13 5
48827 9 8 4
48828 18 17 5
48829 25 24 10
48830 18 17 7
48831 17 17 7
48832 19 19 7
48833 15 14 8
48834 16 15 5
48835 23 23 9
48836 27 27 13
48837 21 21 9
48838 15 15 5
48839 17 16 4
48840 22 21 7
48841 23 22 8
48842 20 20 4
48843 18 17 9
48844 15 14 4
48845 12 11 5
48846 27 26 10
48847 18 17 7
48848 11 11 5
48849 13 12 4
48850 14 13 5
48851 13 12 4
48852 26 25 5
48853 15 15 7
48854 13 12 4
48855 16 15 5
48856 17 16 6
48857 28 27 9
48858 15 15 7
48859 25 24 4
48860 10 9 5
48861 17 16 4
48862 12 11 5
48863 13 12 6
48864 10 10 6
48865 12 12 4
48866 22 21 7
48867 17 16 6
48868 16 16 6
48869 14 13 5
48870 13 12 6
48871 20 20 6
48872 12 12 6
48873 14 14 4
48874 14 13 5
48875 17 16 6
48876 10 9 5
48877 21 20 4
48878 14 13 7
48879 19 18 6
48880 18 18 4
48881 12 11 5
48882 11 11 5
48883 13 13 5
48884 11 11 5
48885 17 17 5
48886 11 10 4
48887 16 15 5
48888 21 20 6
48889 10 10 6
48890 16 16 4
48891 14 13 5
48892 15 15 5
48893 19 18 6
48894 26 26 6
48895 16 16 6
48896 10 9 5
48897 15 14 6
48898 16 16 6
48899 18 18 6
48900 8 8 4
48901 14 13 7
48902 13 12 6
48903 10 10 4
48904 16 15 5
48905 17 17 5
48906 17 17 7
48907 25 24 8
48908 10 9 5
48909 17 16 4
48910 6 5 4
48911 16 15 5
48912 19 19 5
48913 25 25 5
48914 15 14 6
48915 8 8 4
48916 12 11 5
48917 15 14 6
48918 14 14 6
48919 14 14 6
48920 8 8 4
48921 12 11 5
48922 15 15 7
48923 17 17 5
48924 23 22 6
48925 26 26 4
48926 14 13 5
48927 15 14 4
48928 14 13 5
48929 11 10 4
48930 20 19 5
48931 25 25 5
48932 21 20 4
48933 22 21 5
48934 23 22 8
48935 16 15 5
48936 25 24 4
48937 20 19 9
48938 27 26 6
48939 32 32 8
48940 22 22 6
48941 12 12 4
48942 30 29 5
48943 11 11 5
48944 11 10 4
48945 20 19 5
48946 19 18 4
48947 18 17 5
48948 19 19 5
48949 15 14 4
48950 14 13 5
48951 23 23 7
48952 25 24 10
48953 12 11 5
48954 17 16 6
48955 20 20 8
48956 22 21 5
48957 5 5 5
48958 22 21 5
48959 11 10 4
48960 18 17 5
48961 13 13 5
48962 13 12 4
48963 14 13 5
48964 9 8 4
48965 18 17 5
48966 15 15 5
48967 15 14 4
48968 14 13 5
48969 17 17 5
48970 15 14 4
48971 18 17 5
48972 15 14 4
48973 16 15 5
48974 9 9 5
48975 9 9 5
48976 19 18 6
48977 10 10 4
48978 14 13 7
48979 13 12 4
48980 10 9 5
48981 15 14 4
48982 14 13 5
48983 15 15 5
48984 11 10 6
48985 8 8 4
48986 20 19 5
48987 13 12 6
48988 20 19 5
48989 19 18 4
48990 16 15 5
48991 13 12 4
48992 12 11 5
48993 9 9 5
48994 7 6 5
48995 13 12 6
48996 18 17 5
48997 17 16 6
48998 14 14 6
48999 10 10 4
49000 16 15 7
49001 15 15 5
49002 7 6 5
49003 23 22 8
49004 6 6 6
49005 13 12 4
49006 16 15 5
49007 11 11 5
49008 17 16 4
49009 16 15 5
49010 15 14 8
49011 12 12 6
49012 12 12 6
49013 16 16 4
49014 6 5 4
49015 24 23 11
49016 9 8 4
49017 14 13 5
49018 11 10 4
49019 14 13 5
49020 11 10 6
49021 18 18 6
49022 8 8 4
49023 18 17 5
49024 9 8 4
49025 16 15 7
49026 11 10 6
49027 18 18 6
49028 10 10 6
49029 14 14 6
49030 8 8 4
49031 14 13 5
49032 17 16 6
49033 18 18 6
49034 20 20 4
49035 22 21 5
49036 7 6 5
49037 7 6 5
49038 17 16 4
49039 14 13 5
49040 13 13 7
49041 15 14 4
49042 12 11 5
49043 17 17 5
49044 11 10 4
49045 10 9 5
49046 13 12 4
49047 6 5 4
49048 20 19 5
49049 15 14 4
49050 14 13 5
49051 9 8 7
49052 11 10 6
49053 6 6 6
49054 13 12 6
49055 22 21 5
49056 11 10 4
49057 10 9 5
49058 17 16 6
49059 14 14 6
49060 10 9 5
49061 7 6 5
49062 15 14 6
49063 10 10 6
49064 18 17 5
49065 15 14 6
49066 12 12 4
49067 8 7 6
49068 12 12 6
49069 6 6 6
49070 9 9 5
49071 13 13 5
49072 13 13 5
49073 15 14 6
49074 20 20 6
49075 16 16 6
49076 6 6 6
49077 9 9 5
49078 7 6 5
49079 17 16 6
49080 20 20 6
49081 16 15 5
49082 13 13 7
49083 13 12 4
49084 10 9 5
49085 9 8 4
49086 14 13 5
49087 11 11 5
49088 9 9 5
49089 15 14 8
49090 12 12 6
49091 14 14 4
49092 10 9 5
49093 11 11 5
49094 17 16 6
49095 18 17 5
49096 19 18 4
49097 16 15 5
49098 11 11 5
49099 13 13 5
49100 9 8 4
49101 14 13 5
49102 9 8 4
49103 20 19 5
49104 21 20 6
49105 16 16 4
49106 28 27 5
49107 15 14 4
49108 10 9 5
49109 7 6 5
49110 15 14 4
49111 24 23 5
49112 23 22 6
49113 14 14 4
49114 22 21 5
49115 17 16 4
49116 16 15 5
49117 21 20 4
49118 22 21 5
49119 25 24 4
49120 20 19 5
49121 15 14 4
49122 16 15 5
49123 19 18 4
49124 16 15 5
49125 15 14 4
49126 22 21 5
49127 23 22 6
49128 16 16 4
49129 20 19 5
49130 9 8 4
49131 18 17 5
49132 13 12 4
49133 20 19 5
49134 17 16 4
49135 14 13 5
49136 17 16 4
49137 14 13 5
49138 19 19 5
49139 17 17 5
49140 25 24 6
49141 20 20 6
49142 22 21 5
49143 21 20 4
49144 20 19 5
49145 15 14 4
49146 20 19 5
49147 25 24 4
49148 18 17 5
49149 19 18 4
49150 22 21 5
49151 15 14 4
49152 12 11 5
49153 13 12 4
49154 20 19 7
49155 19 18 4
49156 12 11 5
49157 15 14 4
49158 18 17 5
49159 19 18 6
49160 12 12 4
49161 14 13 5
49162 21 20 6
49163 12 12 4
49164 24 23 5
49165 11 11 5
49166 13 12 6
49167 16 16 4
49168 18 17 5
49169 15 15 5
49170 9 8 4
49171 16 15 5
49172 11 11 5
49173 19 18 6
49174 12 12 4
49175 16 15 5
49176 9 9 5
49177 15 15 5
49178 9 9 5
49179 13 12 4
49180 12 11 5
49181 17 17 5
49182 15 14 6
49183 22 21 5
49184 23 23 5
49185 15 14 6
49186 16 16 6
49187 14 14 6
49188 12 11 5
49189 11 10 4
49190 8 7 6
49191 16 16 6
49192 10 9 5
49193 15 14 6
49194 18 18 4
49195 14 13 5
49196 21 20 4
49197 18 17 5
49198 13 12 4
49199 14 13 5
49200 11 10 4
49201 24 23 5
49202 25 24 6
49203 20 20 6
49204 16 16 6
49205 14 14 4
49206 14 13 5
49207 21 20 4
49208 34 33 5
49209 27 27 5
49210 25 24 4
49211 22 21 5
49212 17 16 4
49213 28 27 5
49214 35 34 4
49215 36 35 5
49216 27 26 4
49217 48 47 5
49218 31 30 4
49219 32 31 5
49220 49 48 4
49221 24 23 5
49222 23 22 4
49223 22 21 5
49224 23 22 4
49225 22 21 5
49226 25 24 4
49227 32 31 5
49228 21 20 4
49229 24 23 5
49230 15 14 4
49231 18 17 5
49232 19 18 4
49233 24 23 5
49234 19 18 4
49235 24 23 5
49236 21 20 4
49237 28 27 7
49238 31 30 6
49239 14 13 5
49240 17 16 4
49241 16 15 5
49242 9 8 4
49243 16 15 5
49244 19 18 4
49245 14 13 5
49246 13 12 4
49247 20 19 5
49248 21 21 5
49249 13 12 4
49250 16 15 5
49251 17 17 5
49252 15 15 7
49253 11 10 4
49254 14 13 5
49255 9 9 5
49256 25 24 6
49257 12 12 6
49258 28 27 9
49259 9 8 4
49260 26 25 5
49261 21 20 6
49262 18 18 8
49263 24 24 10
49264 16 16 6
49265 22 22 6
49266 8 8 4
49267 16 15 5
49268 25 24 10
49269 14 14 4
49270 6 5 4
49271 20 19 5
49272 15 14 4
49273 24 23 7
49274 15 15 5
49275 13 13 5
49276 17 16 6
49277 10 10 4
49278 18 17 7
49279 17 16 6
49280 6 6 6
49281 13 12 4
49282 22 21 5
49283 15 15 5
49284 13 13 5
49285 17 16 6
49286 10 10 6
49287 18 18 6
49288 30 30 6
49289 20 20 6
49290 12 12 6
49291 12 12 4
49292 10 9 5
49293 13 13 5
49294 11 11 5
49295 13 13 5
49296 15 14 4
49297 16 15 7
49298 17 16 4
49299 18 17 5
49300 15 15 5
49301 13 12 6
49302 12 12 4
49303 20 19 5
49304 15 14 6
49305 18 18 6
49306 12 12 4
49307 18 17 5
49308 11 11 5
49309 15 14 6
49310 18 18 6
49311 12 12 4
49312 16 15 7
49313 15 14 6
49314 14 14 6
49315 14 14 4
49316 14 13 5
49317 13 12 6
49318 18 18 4
49319 16 15 5
49320 11 11 5
49321 11 11 5
49322 5 5 5
49323 16 15 5
49324 19 19 7
49325 9 8 4
49326 6 5 4
49327 10 9 5
49328 13 12 6
49329 14 13 5
49330 11 11 5
49331 15 14 4
49332 20 19 5
49333 15 14 6
49334 10 10 4
49335 16 15 5
49336 11 10 4
49337 20 19 7
49338 13 12 6
49339 6 6 6
49340 19 18 4
49341 16 15 5
49342 13 13 7
49343 21 20 8
49344 18 17 7
49345 13 13 5
49346 15 14 4
49347 16 15 5
49348 7 6 5
49349 13 13 5
49350 15 15 7
49351 9 8 4
49352 10 9 5
49353 21 20 6
49354 12 12 6
49355 6 6 6
49356 15 14 8
49357 14 14 6
49358 8 8 4
49359 12 11 5
49360 15 15 7
49361 9 8 4
49362 10 9 5
49363 11 10 4
49364 14 13 5
49365 9 9 5
49366 11 11 5
49367 7 6 5
49368 15 14 6
49369 18 17 7
49370 9 8 4
49371 10 9 5
49372 25 24 6
49373 14 14 6
49374 12 12 4
49375 12 11 5
49376 15 14 4
49377 14 13 5
49378 9 8 4
49379 10 9 5
49380 13 12 4
49381 12 11 7
49382 13 12 6
49383 6 6 6
49384 15 15 5
49385 11 11 5
49386 13 12 4
49387 18 17 5
49388 15 14 6
49389 10 9 5
49390 17 16 8
49391 6 5 4
49392 16 15 7
49393 7 6 5
49394 11 10 4
49395 6 5 4
49396 18 17 9
49397 15 14 6
49398 10 10 6
49399 12 12 6
49400 10 10 4
49401 16 15 5
49402 13 12 4
49403 16 15 5
49404 15 14 8
49405 6 6 6
49406 13 13 5
49407 11 11 5
49408 9 8 4
49409 10 9 5
49410 13 12 6
49411 12 12 6
49412 12 11 7
49413 15 15 5
49414 9 8 4
49415 14 13 7
49416 7 6 5
49417 11 11 5
49418 11 10 4
49419 12 11 5
49420 17 17 7
49421 13 12 4
49422 12 11 5
49423 9 8 4
49424 16 15 9
49425 11 10 4
49426 14 13 5
49427 9 9 5
49428 9 8 4
49429 12 11 5
49430 13 12 6
49431 10 9 5
49432 9 9 5
49433 11 10 6
49434 12 11 7
49435 17 17 5
49436 13 12 6
49437 14 13 5
49438 13 12 6
49439 12 11 5
49440 9 9 5
49441 9 8 4
49442 12 11 5
49443 17 16 6
49444 18 17 7
49445 23 22 6
49446 8 8 4
49447 12 11 5
49448 9 8 4
49449 8 7 6
49450 12 11 5
49451 15 15 5
49452 11 10 4
49453 20 19 5
49454 9 9 5
49455 11 10 6
49456 6 5 4
49457 16 15 5
49458 7 6 5
49459 17 16 6
49460 18 18 4
49461 18 17 5
49462 9 8 4
49463 6 5 4
49464 14 13 5
49465 11 11 7
49466 9 8 4
49467 18 17 5
49468 13 12 6
49469 10 10 6
49470 10 10 6
49471 12 11 5
49472 7 6 5
49473 21 20 8
49474 10 10 4
49475 14 13 5
49476 17 17 5
49477 11 10 6
49478 10 10 4
49479 12 11 5
49480 19 18 6
49481 6 5 4
49482 12 11 5
49483 15 15 7
49484 15 14 4
49485 12 11 7
49486 15 14 6
49487 12 11 5
49488 11 11 7
49489 9 8 4
49490 16 15 5
49491 11 11 5
49492 21 20 8
49493 10 10 4
49494 16 15 5
49495 7 6 5
49496 17 16 8
49497 10 10 6
49498 12 12 4
49499 12 11 5
49500 19 19 5
49501 13 13 5
49502 15 15 5
49503 9 8 4
49504 10 9 5
49505 13 12 6
49506 18 18 6
49507 12 12 6
49508 16 16 6
49509 10 10 4
49510 14 13 5
49511 13 12 6
49512 8 8 4
49513 6 5 4
49514 14 13 7
49515 15 14 6
49516 16 16 6
49517 14 14 4
49518 22 21 5
49519 5 5 5
49520 10 9 5
49521 13 12 6
49522 10 10 4
49523 10 9 5
49524 23 23 7
49525 21 20 4
49526 12 11 5
49527 11 10 4
49528 12 11 5
49529 9 8 7
49530 9 8 4
49531 10 9 5
49532 15 15 5
49533 19 19 5
49534 11 10 4
49535 20 19 5
49536 9 9 5
49537 11 10 4
49538 20 19 7
49539 15 14 4
49540 14 13 5
49541 11 10 4
49542 14 13 5
49543 21 20 6
49544 22 22 6
49545 18 18 4
49546 16 15 5
49547 11 10 4
49548 12 11 5
49549 13 12 4
49550 12 11 5
49551 13 12 4
49552 12 11 5
49553 13 13 7
49554 13 12 6
49555 12 11 5
49556 9 9 5
49557 11 10 4
49558 14 13 5
49559 15 14 4
49560 10 9 5
49561 13 13 7
49562 19 18 4
49563 18 17 5
49564 5 5 5
49565 16 15 5
49566 11 10 4
49567 14 13 5
49568 19 18 6
49569 10 9 5
49570 7 6 5
49571 13 12 4
49572 22 21 5
49573 15 14 4
49574 20 19 7
49575 19 19 5
49576 11 11 5
49577 17 16 4
49578 12 11 5
49579 11 10 4
49580 8 7 6
49581 22 22 4
49582 32 31 5
49583 19 18 6
49584 8 8 4
49585 18 17 7
49586 23 22 4
49587 10 9 5
49588 13 12 6
49589 8 8 4
49590 10 9 5
49591 35 34 6
49592 14 14 4
49593 16 15 5
49594 13 12 4
49595 10 9 5
49596 15 14 4
49597 30 29 5
49598 21 20 6
49599 22 21 5
49600 21 20 4
49601 22 21 5
49602 17 16 4
49603 12 11 5
49604 13 12 4
49605 16 15 5
49606 11 10 4
49607 18 17 5
49608 21 20 6
49609 12 12 4
49610 16 15 5
49611 11 10 4
49612 10 9 5
49613 17 16 6
49614 18 18 4
49615 22 21 5
49616 23 22 4
49617 20 19 5
49618 13 12 4
49619 12 11 5
49620 17 16 6
49621 20 20 4
49622 18 17 5
49623 27 27 5
49624 13 12 4
49625 18 17 5
49626 23 22 6
49627 20 20 6
49628 14 14 4
49629 14 13 5
49630 19 18 4
49631 36 35 9
49632 11 10 4
49633 16 15 5
49634 13 13 5
49635 13 13 5
49636 19 18 6
49637 22 21 9
49638 23 22 6
49639 24 23 7
49640 17 16 6
49641 14 13 5
49642 15 15 7
49643 13 12 6
49644 36 36 10
49645 6 6 6
49646 27 26 6
49647 16 15 5
49648 25 25 7
49649 19 19 5
49650 19 18 4
49651 12 11 5
49652 13 12 6
49653 20 20 4
49654 10 9 5
49655 15 15 5
49656 9 9 5
49657 13 12 4
49658 12 11 5
49659 13 13 5
49660 11 11 5
49661 19 18 6
49662 10 9 5
49663 15 14 4
49664 14 13 5
49665 11 10 4
49666 12 11 5
49667 23 22 8
49668 6 6 6
49669 11 10 4
49670 8 7 6
49671 16 16 4
49672 10 9 5
49673 13 12 6
49674 14 14 4
49675 16 15 7
49676 15 15 5
49677 19 18 6
49678 18 18 6
49679 20 19 5
49680 9 8 4
49681 6 5 4
49682 12 11 5
49683 13 12 6
49684 14 13 5
49685 15 15 5
49686 11 11 7
49687 11 10 4
49688 14 13 7
49689 19 19 5
49690 15 15 5
49691 11 10 6
49692 14 14 6
49693 8 8 4
49694 20 19 5
49695 9 9 5
49696 13 13 5
49697 11 10 6
49698 18 18 6
49699 6 5 4
49700 12 11 5
49701 9 8 4
49702 18 17 7
49703 9 8 4
49704 10 9 5
49705 19 18 6
49706 18 17 5
49707 9 9 5
49708 21 20 8
49709 10 10 4
49710 12 11 5
49711 7 6 5
49712 19 18 6
49713 10 9 5
49714 13 12 6
49715 14 14 6
49716 12 12 4
49717 14 13 7
49718 15 14 6
49719 12 12 6
49720 10 10 6
49721 8 8 4
49722 16 15 7
49723 13 12 6
49724 12 11 5
49725 11 10 6
49726 18 18 6
49727 12 12 4
49728 14 13 5
49729 7 6 5
49730 15 14 6
49731 14 13 5
49732 13 12 6
49733 16 16 6
49734 14 14 6
49735 10 10 4
49736 14 13 5
49737 9 8 4
49738 12 11 5
49739 11 11 5
49740 15 15 5
49741 15 14 6
49742 14 14 6
49743 10 10 6
49744 12 12 4
49745 10 9 5
49746 11 11 5
49747 17 16 6
49748 16 16 6
49749 14 14 4
49750 10 9 5
49751 15 14 4
49752 10 9 5
49753 11 11 5
49754 9 9 5
49755 9 8 4
49756 10 9 5
49757 15 14 6
49758 10 10 6
49759 20 20 4
49760 14 13 5
49761 19 19 7
49762 11 10 4
49763 10 9 5
49764 7 6 5
49765 13 13 5
49766 9 8 4
49767 20 19 7
49768 13 13 5
49769 21 21 5
49770 17 16 6
49771 12 12 6
49772 12 12 6
49773 12 12 4
49774 10 9 5
49775 23 23 5
49776 13 12 8
49777 14 14 4
49778 10 9 5
49779 9 9 5
49780 9 9 5
49781 11 10 6
49782 10 10 6
49783 16 16 6
49784 10 9 5
49785 13 13 5
49786 11 10 4
49787 12 11 7
49788 15 14 8
49789 10 10 4
49790 18 17 5
49791 17 17 5
49792 19 18 4
49793 14 13 5
49794 15 14 6
49795 8 8 4
49796 16 15 7
49797 9 9 5
49798 9 8 4
49799 14 13 5
49800 17 16 6
49801 10 10 4
49802 16 15 7
49803 11 10 4
49804 14 13 5
49805 11 11 5
49806 11 10 4
49807 20 19 5
49808 17 17 5
49809 17 16 8
49810 10 9 5
49811 19 18 6
49812 14 14 4
49813 24 23 5
49814 9 9 5
49815 21 20 4
49816 18 17 5
49817 11 10 4
49818 20 19 5
49819 23 22 4
49820 16 15 5
49821 29 28 4
49822 10 9 5
49823 13 12 4
49824 10 9 5
49825 25 24 4
49826 14 13 5
49827 31 30 4
49828 20 19 5
49829 27 26 6
49830 10 10 4
49831 18 17 5
49832 13 12 4
49833 28 27 5
49834 9 8 4
49835 28 27 5
49836 15 14 4
49837 20 19 5
49838 11 10 4
49839 12 11 5
49840 13 12 6
49841 22 22 4
49842 14 13 5
49843 17 16 4
49844 18 17 5
49845 19 18 4
49846 22 21 5
49847 17 16 4
49848 30 29 5
49849 19 18 6
49850 40 39 5
49851 21 20 4
49852 26 25 5
49853 21 20 4
49854 14 13 5
49855 21 20 4
49856 16 15 5
49857 13 12 4
49858 22 21 5
49859 19 18 8
49860 20 20 4
49861 18 17 5
49862 17 16 4
49863 16 15 5
49864 7 6 5
49865 15 14 4
49866 20 19 5
49867 31 31 5
49868 25 24 4
49869 20 19 5
49870 23 22 4
49871 12 11 5
49872 23 22 4
49873 16 15 5
49874 15 14 4
49875 30 29 5
49876 15 15 5
49877 13 12 4
49878 10 9 5
49879 23 23 7
49880 19 18 4
49881 20 19 5
49882 15 14 4
49883 14 13 5
49884 19 19 7
49885 11 10 4
49886 14 13 5
49887 11 10 4
49888 12 11 5
49889 11 10 4
49890 12 11 5
49891 17 16 6
49892 14 14 6
49893 14 13 5
49894 13 12 4
49895 18 17 5
49896 13 13 5
49897 5 5 5
49898 22 21 7
49899 17 16 4
49900 14 13 5
49901 13 13 7
49902 9 8 4
49903 14 13 5
49904 7 6 5
49905 21 20 6
49906 12 11 5
49907 13 13 5
49908 11 10 4
49909 12 11 5
49910 13 12 6
49911 16 16 6
49912 24 24 4
49913 12 11 5
49914 9 8 4
49915 10 9 5
49916 13 13 5
49917 17 16 6
49918 18 18 6
49919 10 10 4
49920 12 11 5
49921 15 14 6
49922 10 10 6
49923 10 10 4
49924 12 11 7
49925 13 12 6
49926 16 16 4
49927 14 13 5
49928 13 12 6
49929 12 12 4
49930 20 19 5
49931 11 11 5
49932 13 13 5
49933 9 9 5
49934 11 10 4
49935 16 15 5
49936 11 10 4
49937 14 13 5
49938 11 10 6
49939 18 18 6
49940 12 12 4
49941 16 15 7
49942 13 12 4
49943 10 9 5
49944 19 18 6
49945 10 9 5
49946 15 14 6
49947 18 18 8
49948 14 13 5
49949 15 15 5
49950 11 10 4
49951 14 13 7
49952 7 6 5
49953 17 16 6
49954 14 14 8
49955 8 8 4
49956 12 11 5
49957 13 13 5
49958 9 9 5
49959 13 13 5
49960 15 14 4
49961 14 13 5
49962 9 9 5
49963 15 15 7
49964 11 10 4
49965 10 9 5
49966 11 10 4
49967 10 9 5
49968 11 11 5
49969 23 22 8
49970 10 10 4
49971 16 15 5
49972 11 11 5
49973 13 13 7
49974 7 6 5
49975 9 9 5
49976 7 6 5
49977 25 24 8
49978 16 16 6
49979 14 14 6
49980 6 6 6
49981 9 9 5
49982 9 9 5
49983 31 30 6
49984 12 12 4
49985 18 17 5
49986 11 11 5
49987 13 12 4
49988 18 17 5
49989 19 18 6
49990 14 14 6
49991 6 6 6
49992 9 9 5
49993 9 8 4
49994 16 15 7
49995 15 14 6
49996 26 26 6
49997 14 14 6
49998 20 20 4
49999 16 15 5
50000 11 10 4
50001 14 13 5
50002 9 9 5
50003 11 11 5
50004 17 17 5
50005 29 29 5
50006 19 18 6
50007 16 16 6
50008 16 16 4
50009 14 13 5
50010 15 15 7
50011 17 17 5
50012 15 15 5
50013 23 22 4
50014 18 17 5
50015 9 9 5
50016 17 16 4
50017 16 15 7
50018 15 14 4
50019 14 13 5
50020 17 16 4
50021 10 9 5
50022 15 14 6
50023 10 10 6
50024 12 12 6
50025 14 13 5
50026 9 9 5
50027 13 12 4
50028 20 19 7
50029 15 14 6
50030 14 13 5
50031 7 6 5
50032 13 12 6
50033 10 10 6
50034 16 16 6
50035 10 9 5
50036 15 15 5
50037 13 13 5
50038 23 22 6
50039 12 12 6
50040 10 10 4
50041 12 11 7
50042 9 9 5
50043 15 14 6
50044 14 13 5
50045 19 18 8
50046 16 16 4
50047 16 15 7
50048 9 8 4
50049 16 15 7
50050 13 12 4
50051 14 13 5
50052 11 11 5
50053 15 15 5
50054 15 15 7
50055 11 10 4
50056 16 15 5
50057 11 10 6
50058 18 18 6
50059 10 9 5
50060 5 5 5
50061 12 11 5
50062 19 18 6
50063 12 11 5
50064 7 6 5
50065 11 10 6
50066 10 9 5
50067 13 13 7
50068 9 8 4
50069 10 9 5
50070 11 11 5
50071 9 9 5
50072 5 5 5
50073 8 7 6
50074 12 12 6
50075 12 12 6
50076 8 7 6
50077 14 14 6
50078 10 9 5
50079 7 6 5
50080 15 15 5
50081 13 13 5
50082 13 12 6
50083 6 6 6
50084 9 9 5
50085 9 8 4
50086 20 19 7
50087 13 13 5
50088 11 10 4
50089 12 11 7
50090 11 10 6
50091 10 10 6
50092 6 6 6
50093 11 10 6
50094 16 15 7
50095 9 8 4
50096 14 13 5
50097 13 12 4
50098 18 17 5
50099 9 9 5
50100 15 15 7
50101 15 14 6
50102 6 6 6
50103 9 8 4
50104 14 13 5
50105 17 17 5
50106 9 8 4
50107 12 11 5
50108 13 12 4
50109 10 9 5
50110 11 10 6
50111 10 9 5
50112 13 13 5
50113 11 10 4
50114 6 5 4
50115 10 9 5
50116 13 13 7
50117 9 8 4
50118 12 11 5
50119 7 6 5
50120 11 11 5
50121 9 9 5
50122 13 12 6
50123 12 11 5
50124 11 10 4
50125 10 9 5
50126 13 13 5
50127 5 5 5
50128 14 13 7
50129 11 11 5
50130 11 10 4
50131 14 13 9
50132 13 12 6
50133 10 10 4
50134 12 11 7
50135 11 10 6
50136 16 16 6
50137 12 12 6
50138 16 15 5
50139 13 13 7
50140 15 14 6
50141 20 20 6
50142 6 6 6
50143 17 16 6
50144 8 8 4
50145 10 9 5
50146 9 9 5
50147 15 14 6
50148 20 19 5
50149 19 19 5
50150 15 15 5
50151 5 5 5
50152 6 5 4
50153 12 11 5
50154 9 8 4
50155 10 9 5
50156 25 24 8
50157 10 10 4
50158 14 13 5
50159 9 8 4
50160 14 13 5
50161 13 12 8
50162 14 14 6
50163 12 12 4
50164 18 17 7
50165 25 24 4
50166 14 13 5
50167 9 8 4
50168 10 9 5
50169 11 10 4
50170 12 11 5
50171 17 16 4
50172 26 25 5
50173 23 23 5
50174 13 12 4
50175 16 15 5
50176 9 8 4
50177 22 21 7
50178 9 9 5
50179 17 16 4
50180 20 19 5
50181 15 14 4
50182 12 11 5
50183 15 14 4
50184 14 13 5
50185 15 14 4
50186 12 11 5
50187 25 24 4
50188 30 29 5
50189 23 22 4
50190 18 17 5
50191 25 24 4
50192 30 29 5
50193 37 36 4
50194 40 39 5
50195 53 52 4
50196 36 35 5
50197 41 40 6
50198 12 12 4
50199 24 23 5
50200 43 43 5
50201 37 37 5
50202 19 19 5
50203 17 16 4
50204 14 13 5
50205 17 16 4
50206 22 21 5
50207 29 28 4
50208 18 17 5
50209 17 16 4
50210 30 29 5
50211 25 24 6
50212 34 34 10
50213 12 12 4
50214 14 13 5
50215 19 18 4
50216 22 21 5
50217 27 27 5
50218 29 28 6
50219 14 14 4
50220 22 21 5
50221 13 13 5
50222 23 22 4
50223 18 17 5
50224 13 12 4
50225 22 21 5
50226 15 14 4
50227 28 27 7
50228 17 17 5
50229 17 17 9
50230 15 14 6
50231 14 14 6
50232 24 24 8
50233 20 19 5
50234 9 9 5
50235 13 13 5
50236 21 21 5
50237 13 13 5
50238 15 14 4
50239 12 11 5
50240 17 16 4
50241 22 21 7
50242 23 22 10
50243 12 12 6
50244 10 10 4
50245 20 19 7
50246 25 24 6
50247 18 17 5
50248 13 13 5
50249 17 16 6
50250 10 10 4
50251 30 29 9
50252 15 14 6
50253 28 27 7
50254 19 19 5
50255 11 11 5
50256 9 8 4
50257 18 17 5
50258 13 12 6
50259 12 12 6
50260 8 8 4
50261 14 13 5
50262 19 19 5
50263 17 16 4
50264 10 9 5
50265 19 18 6
50266 18 18 8
50267 28 28 12
50268 6 6 6
50269 13 13 5
50270 13 12 4
50271 12 11 5
50272 19 18 6
50273 20 19 5
50274 17 16 6
50275 18 18 6
50276 22 21 7
50277 15 14 6
50278 10 10 4
50279 16 15 5
50280 11 10 4
50281 20 19 5
50282 11 11 5
50283 19 18 6
50284 20 20 6
50285 16 16 6
50286 10 9 5
50287 15 15 7
50288 19 18 4
50289 22 21 7
50290 11 10 6
50291 8 8 4
50292 20 19 7
50293 13 13 5
50294 25 25 5
50295 15 14 6
50296 12 12 6
50297 18 18 6
50298 16 15 5
50299 11 10 4
50300 16 15 5
50301 21 21 7
50302 13 12 6
50303 10 10 4
50304 18 17 7
50305 17 16 4
50306 16 15 5
50307 11 10 6
50308 16 15 7
50309 17 16 8
50310 14 13 7
50311 13 12 4
50312 18 17 5
50313 11 10 6
50314 12 11 5
50315 5 5 5
50316 6 5 4
50317 20 19 9
50318 15 14 6
50319 10 10 4
50320 12 11 5
50321 19 18 6
50322 12 11 5
50323 11 11 5
50324 15 15 5
50325 15 15 5
50326 23 22 8
50327 16 16 6
50328 14 14 4
50329 6 5 4
50330 12 11 5
50331 11 10 4
50332 12 11 5
50333 9 9 5
50334 15 14 4
50335 8 7 6
50336 10 10 6
50337 14 14 8
50338 12 11 5
50339 15 14 6
50340 12 12 6
50341 10 9 5
50342 17 16 8
50343 14 14 4
50344 18 17 7
50345 13 12 4
50346 16 15 5
50347 13 12 6
50348 8 8 4
50349 10 9 5
50350 11 10 6
50351 12 12 6
50352 14 14 6
50353 12 12 8
50354 14 14 6
50355 18 18 4
50356 12 11 5
50357 19 18 8
50358 16 15 5
50359 13 12 6
50360 6 6 6
50361 13 12 6
50362 12 12 6
50363 16 16 8
50364 10 10 6
50365 10 10 6
50366 6 6 6
50367 13 12 4
50368 18 17 7
50369 7 6 5
50370 21 20 8
50371 22 21 5
50372 15 14 4
50373 6 5 4
50374 26 25 5
50375 11 11 5
50376 9 8 4
50377 14 13 7
50378 13 12 4
50379 14 13 5
50380 19 18 6
50381 6 6 6
50382 11 10 4
50383 18 17 7
50384 17 16 6
50385 20 19 7
50386 17 16 6
50387 6 6 6
50388 11 10 6
50389 12 12 6
50390 12 12 4
50391 16 15 7
50392 13 12 6
50393 10 9 5
50394 13 13 5
50395 11 11 5
50396 15 15 5
50397 9 9 5
50398 11 10 4
50399 24 23 5
50400 15 15 5
50401 7 6 5
50402 11 10 6
50403 6 6 6
50404 13 12 6
50405 6 6 6
50406 19 19 5
50407 13 13 5
50408 17 17 5
50409 17 16 6
50410 12 12 6
50411 12 12 4
50412 10 9 5
50413 13 12 6
50414 18 17 5
50415 21 21 7
50416 15 14 6
50417 10 10 4
50418 16 15 5
50419 15 15 5
50420 11 11 5
50421 11 11 5
50422 17 16 4
50423 20 19 5
50424 19 18 6
50425 6 6 6
50426 7 6 5
50427 11 10 4
50428 18 17 7
50429 21 20 4
50430 24 23 5
50431 25 24 4
50432 10 9 5
50433 11 10 6
50434 6 6 6
50435 13 12 4
50436 18 17 7
50437 15 14 4
50438 22 21 5
50439 21 20 6
50440 8 8 4
50441 12 11 5
50442 5 5 5
50443 10 9 5
50444 9 8 4
50445 26 25 5
50446 13 13 5
50447 13 13 5
50448 7 6 5
50449 11 10 4
50450 10 9 5
50451 17 16 6
50452 22 22 6
50453 22 22 4
50454 16 15 5
50455 13 12 4
50456 12 11 5
50457 19 19 5
50458 19 18 4
50459 26 25 5
50460 23 22 4
50461 20 19 5
50462 37 36 8
50463 16 16 4
50464 16 15 5
50465 27 26 6
50466 20 19 5
50467 15 14 4
50468 20 19 5
50469 17 16 4
50470 16 15 5
50471 31 30 4
50472 20 19 5
50473 23 22 4
50474 20 19 5
50475 19 18 4
50476 24 23 5
50477 25 24 4
50478 24 23 5
50479 17 16 4
50480 16 15 5
50481 23 22 8
50482 14 14 4
50483 26 25 5
50484 13 13 5
50485 27 26 4
50486 22 21 5
50487 15 14 4
50488 12 11 5
50489 33 32 8
50490 22 21 5
50491 15 15 5
50492 23 23 7
50493 17 16 6
50494 22 22 8
50495 18 18 4
50496 24 23 7
50497 15 15 5
50498 23 22 4
50499 12 11 5
50500 31 31 9
50501 23 23 5
50502 29 29 7
50503 13 13 5
50504 33 32 8
50505 14 14 6
50506 18 17 5
50507 27 26 6
50508 8 8 4
50509 18 17 5
50510 15 14 6
50511 14 14 6
50512 12 11 5
50513 17 17 5
50514 15 15 7
50515 27 26 10
50516 24 24 10
50517 26 25 5
50518 23 22 10
50519 28 27 11
50520 19 18 6
50521 18 18 6
50522 24 23 7
50523 13 12 6
50524 18 18 6
50525 20 20 8
50526 18 17 5
50527 15 14 6
50528 24 24 12
50529 14 14 6
50530 14 14 6
50531 18 18 6
50532 12 11 5
50533 17 17 7
50534 9 8 4
50535 16 15 7
50536 21 21 9
50537 11 11 5
50538 11 11 5
50539 17 16 6
50540 18 17 7
50541 17 16 6
50542 14 14 6
50543 16 16 4
50544 22 21 5
50545 13 12 4
50546 18 17 5
50547 19 19 7
50548 13 13 5
50549 15 14 4
50550 10 9 5
50551 15 15 7
50552 13 12 4
50553 24 23 5
50554 9 9 5
50555 9 8 4
50556 16 15 7
50557 11 10 4
50558 14 13 5
50559 21 20 6
50560 14 14 6
50561 16 16 8
50562 14 14 4
50563 14 13 5
50564 13 12 6
50565 12 12 6
50566 18 18 6
50567 12 12 6
50568 14 14 6
50569 16 15 5
50570 11 11 5
50571 7 6 5
50572 13 13 5
50573 13 12 6
50574 14 13 5
50575 7 6 5
50576 17 16 8
50577 14 13 7
50578 13 12 6
50579 16 16 4
50580 18 17 7
50581 9 9 5
50582 11 10 4
50583 16 15 5
50584 13 12 4
50585 12 11 7
50586 9 8 4
50587 16 15 7
50588 17 16 6
50589 10 10 4
50590 12 11 5
50591 11 10 6
50592 18 17 7
50593 9 8 4
50594 14 13 5
50595 11 11 5
50596 13 12 4
50597 10 9 5
50598 27 27 7
50599 19 18 4
50600 18 17 5
50601 11 10 4
50602 14 13 7
50603 11 11 5
50604 11 10 6
50605 10 9 5
50606 11 11 5
50607 11 11 5
50608 13 13 5
50609 13 13 5
50610 13 13 7
50611 11 10 6
50612 10 10 6
50613 18 18 6
50614 10 9 5
50615 5 5 5
50616 14 13 5
50617 11 11 5
50618 17 17 5
50619 9 9 5
50620 13 12 6
50621 12 11 5
50622 9 9 5
50623 13 12 6
50624 16 15 7
50625 11 11 5
50626 5 5 5
50627 14 13 5
50628 11 10 6
50629 8 7 6
50630 6 5 4
50631 20 19 7
50632 9 9 5
50633 21 20 8
50634 10 10 4
50635 6 5 4
50636 10 9 5
50637 13 12 6
50638 22 21 7
50639 13 12 4
50640 12 11 5
50641 11 10 6
50642 10 10 6
50643 10 10 6
50644 8 7 6
50645 12 12 6
50646 10 9 5
50647 13 12 6
50648 12 11 5
50649 9 9 5
50650 11 11 5
50651 5 5 5
50652 10 9 5
50653 17 16 4
50654 14 13 7
50655 15 15 5
50656 15 14 6
50657 18 18 4
50658 10 9 5
50659 17 16 8
50660 16 16 6
50661 14 13 5
50662 11 10 4
50663 10 9 5
50664 11 11 7
50665 5 5 5
50666 10 9 5
50667 13 13 5
50668 19 18 6
50669 12 12 4
50670 12 11 5
50671 13 12 4
50672 6 5 4
50673 14 13 7
50674 13 12 6
50675 12 11 5
50676 19 18 6
50677 16 15 5
50678 17 16 6
50679 8 8 4
50680 16 15 5
50681 13 13 5
50682 15 14 4
50683 22 21 5
50684 15 14 4
50685 22 21 5
50686 19 18 6
50687 24 24 6
50688 22 22 4
50689 14 13 5
50690 15 15 5
50691 11 10 6
50692 16 16 6
50693 34 34 4
50694 22 21 5
50695 19 18 4
50696 12 11 5
50697 9 8 7
50698 15 14 4
50699 12 11 5
50700 25 24 4
50701 12 11 5
50702 29 28 4
50703 14 13 5
50704 13 12 4
50705 18 17 7
50706 27 26 4
50707 22 21 5
50708 27 27 5
50709 19 18 4
50710 14 13 5
50711 11 10 6
50712 20 20 4
50713 18 17 5
50714 31 30 6
50715 22 22 4
50716 14 13 5
50717 17 16 4
50718 12 11 5
50719 15 14 4
50720 24 23 5
50721 15 14 6
50722 16 16 4
50723 24 23 5
50724 17 16 4
50725 18 17 5
50726 11 10 4
50727 14 13 5
50728 17 16 4
50729 16 15 5
50730 19 18 4
50731 24 23 5
50732 19 18 4
50733 14 13 5
50734 17 16 4
50735 10 9 5
50736 13 12 4
50737 16 15 5
50738 19 18 4
50739 10 9 5
50740 15 14 4
50741 16 15 5
50742 13 12 4
50743 10 9 5
50744 9 8 4
50745 16 15 5
50746 7 6 5
50747 11 11 5
50748 9 9 5
50749 13 13 5
50750 15 14 4
50751 16 15 7
50752 19 19 5
50753 13 13 5
50754 11 10 4
50755 16 15 5
50756 13 13 5
50757 11 11 5
50758 17 16 8
50759 16 16 8
50760 10 10 4
50761 16 15 5
50762 7 6 5
50763 17 16 6
50764 14 13 5
50765 17 16 6
50766 14 13 5
50767 15 14 6
50768 14 13 5
50769 9 8 4
50770 10 9 5
50771 13 12 6
50772 26 26 6
50773 12 11 5
50774 9 8 4
50775 14 13 5
50776 13 12 6
50777 14 14 4
50778 20 19 7
50779 17 17 5
50780 11 11 5
50781 15 14 4
50782 20 19 5
50783 7 6 5
50784 13 12 4
50785 16 15 5
50786 15 14 6
50787 24 24 4
50788 20 19 5
50789 17 16 4
50790 20 19 5
50791 25 24 4
50792 36 35 7
50793 29 28 4
50794 24 23 5
50795 21 20 4
50796 18 17 5
50797 25 24 4
50798 24 23 5
50799 23 22 4
50800 22 21 5
50801 19 18 4
50802 12 11 5
50803 15 14 4
50804 30 29 7
50805 21 21 5
50806 21 20 4
50807 16 15 5
50808 27 27 5
50809 9 8 4
50810 14 13 5
50811 13 12 4
50812 14 13 5
50813 13 13 5
50814 15 14 4
50815 18 17 5
50816 19 18 6
50817 12 11 5
50818 15 14 4
50819 10 9 5
50820 19 18 4
50821 14 13 5
50822 17 16 6
50823 14 14 4
50824 12 11 5
50825 9 9 5
50826 17 17 5
50827 11 11 5
50828 11 11 5
50829 9 9 5
50830 13 12 6
50831 12 12 6
50832 8 8 4
50833 10 9 5
50834 9 9 5
50835 7 7 7
50836 6 6 6
50837 11 11 7
50838 11 11 5
50839 17 16 6
50840 8 8 4
50841 20 19 7
50842 15 14 4
50843 6 5 4
50844 12 11 5
50845 13 12 6
50846 14 14 6
50847 14 14 6
50848 12 12 6
50849 14 14 6
50850 12 12 6
50851 6 6 6
50852 11 10 6
50853 6 6 6
50854 15 15 7
50855 5 5 5
50856 10 9 5
50857 11 11 5
50858 7 6 5
50859 13 13 5
50860 11 11 5
50861 13 13 5
50862 7 7 7
50863 14 14 6
50864 12 11 7
50865 11 10 6
50866 8 8 4
50867 10 9 5
50868 13 12 6
50869 10 9 5
50870 15 14 6
50871 16 15 5
50872 19 18 8
50873 8 8 4
50874 6 5 4
50875 12 11 5
50876 13 13 5
50877 17 17 7
50878 9 8 4
50879 12 11 5
50880 13 12 4
50881 12 11 7
50882 5 5 5
50883 22 21 7
50884 9 8 4
50885 20 19 5
50886 9 8 4
50887 10 9 5
50888 11 10 6
50889 16 16 4
50890 10 9 5
50891 15 14 6
50892 10 10 6
50893 16 16 6
50894 18 17 7
50895 15 15 5
50896 9 9 5
50897 13 12 4
50898 14 13 7
50899 17 16 6
50900 14 14 4
50901 14 13 5
50902 15 14 6
50903 14 14 6
50904 10 10 4
50905 16 15 5
50906 17 16 6
50907 14 14 4
50908 18 17 5
50909 11 10 6
50910 10 10 4
50911 6 5 4
50912 12 11 5
50913 13 13 5
50914 9 9 5
50915 23 22 6
50916 10 9 5
50917 9 8 4
50918 14 13 5
50919 9 8 4
50920 12 11 5
50921 15 15 7
50922 13 12 4
50923 14 13 5
50924 15 14 4
50925 18 17 7
50926 13 12 6
50927 12 12 4
50928 14 13 5
50929 15 15 5
50930 11 10 4
50931 12 11 5
50932 17 17 5
50933 19 19 5
50934 9 9 5
50935 19 18 6
50936 12 11 5
50937 19 18 6
50938 10 10 4
50939 10 9 5
50940 15 14 8
50941 16 16 6
50942 12 12 6
50943 12 12 4
50944 24 23 5
50945 15 14 4
50946 20 19 5
50947 11 10 4
50948 14 13 5
50949 15 14 4
50950 14 13 5
50951 11 10 4
50952 10 9 5
50953 19 18 6
50954 14 13 5
50955 15 14 6
50956 10 10 4
50957 20 19 5
50958 17 17 5
50959 15 14 6
50960 10 10 4
50961 12 11 5
50962 11 10 4
50963 14 13 5
50964 13 12 6
50965 18 18 10
50966 12 12 4
50967 18 17 5
50968 17 16 4
50969 16 15 5
50970 11 10 4
50971 18 17 5
50972 15 14 4
50973 18 17 5
50974 13 13 5
50975 17 16 4
50976 14 13 5
50977 15 14 4
50978 22 21 5
50979 17 16 4
50980 14 13 5
50981 15 14 4
50982 22 21 5
50983 25 24 4
50984 20 19 5
50985 13 13 5
50986 9 8 4
50987 14 13 5
50988 23 22 4
50989 16 15 5
50990 21 20 4
50991 18 17 5
50992 15 15 5
50993 15 14 4
50994 26 25 5
50995 19 18 4
50996 14 13 5
50997 33 32 4
50998 20 19 5
50999 13 12 4
51000 20 19 5
51001 15 14 4
51002 22 21 5
51003 29 29 5
51004 21 20 4
51005 18 17 5
51006 23 22 4
51007 18 17 5
51008 23 22 4
51009 28 27 5
51010 23 22 4
51011 18 17 5
51012 21 20 4
51013 18 17 5
51014 33 32 4
51015 18 17 5
51016 23 22 4
51017 16 15 5
51018 21 20 6
51019 24 24 4
51020 38 37 7
51021 23 22 6
51022 36 36 8
51023 22 22 6
51024 22 21 5
51025 17 16 4
51026 36 35 5
51027 17 16 4
51028 30 29 5
51029 15 15 5
51030 21 20 6
51031 26 25 7
51032 31 30 10
51033 28 27 9
51034 27 27 5
51035 25 24 4
51036 24 23 5
51037 25 24 4
51038 18 17 5
51039 19 18 4
51040 38 37 5
51041 37 36 6
51042 18 18 4
51043 14 13 5
51044 13 12 4
51045 36 35 5
51046 41 41 5
51047 33 33 5
51048 27 26 4
51049 18 17 5
51050 25 24 4
51051 40 39 5
51052 33 32 4
51053 16 15 5
51054 27 26 6
51055 28 27 5
51056 27 27 5
51057 21 20 4
51058 28 27 5
51059 27 27 7
51060 21 20 4
51061 20 19 5
51062 21 20 6
51063 42 42 4
51064 28 27 5
51065 19 18 4
51066 30 29 5
51067 25 24 6
51068 26 25 5
51069 25 24 4
51070 24 23 5
51071 13 12 4
51072 26 25 5
51073 21 20 4
51074 20 19 5
51075 15 14 4
51076 24 23 5
51077 35 34 6
51078 24 23 5
51079 21 20 4
51080 38 37 5
51081 21 20 4
51082 24 23 5
51083 15 14 6
51084 24 24 6
51085 22 21 5
51086 17 16 4
51087 38 37 5
51088 19 19 5
51089 21 20 4
51090 14 13 5
51091 11 10 4
51092 20 19 5
51093 19 18 6
51094 20 20 4
51095 18 17 5
51096 17 16 4
51097 24 23 5
51098 29 28 4
51099 32 31 5
51100 35 35 5
51101 25 24 4
51102 36 35 5
51103 11 10 4
51104 18 17 7
51105 11 10 4
51106 26 25 5
51107 21 20 4
51108 24 23 5
51109 35 34 6
51110 10 10 4
51111 10 9 5
51112 31 30 6
51113 16 16 4
51114 26 25 7
51115 23 22 6
51116 16 16 4
51117 38 37 5
51118 21 20 6
51119 18 18 4
51120 18 17 5
51121 27 27 5
51122 15 14 4
51123 14 13 5
51124 21 21 5
51125 31 30 4
51126 18 17 5
51127 17 17 5
51128 19 18 4
51129 30 29 5
51130 39 38 4
51131 12 11 5
51132 35 34 4
51133 20 19 5
51134 15 14 4
51135 20 19 5
51136 19 18 4
51137 22 21 5
51138 23 22 4
51139 20 19 5
51140 17 17 5
51141 13 13 5
51142 17 16 4
51143 22 21 5
51144 21 21 5
51145 15 15 5
51146 25 25 5
51147 23 22 4
51148 14 13 5
51149 23 22 4
51150 16 15 5
51151 21 20 6
51152 24 24 6
51153 16 16 4
51154 14 13 5
51155 15 14 4
51156 24 23 5
51157 17 16 4
51158 18 17 5
51159 27 26 4
51160 20 19 5
51161 13 13 5
51162 21 21 5
51163 19 19 5
51164 19 18 4
51165 20 19 5
51166 21 21 5
51167 15 14 6
51168 10 9 5
51169 21 20 8
51170 12 12 4
51171 20 19 5
51172 23 22 6
51173 26 26 6
51174 14 14 4
51175 12 11 5
51176 15 14 4
51177 12 11 7
51178 29 28 6
51179 20 20 4
51180 12 11 5
51181 25 24 4
51182 20 19 5
51183 13 12 4
51184 22 21 5
51185 17 16 4
51186 22 21 5
51187 15 14 4
51188 16 15 5
51189 21 20 4
51190 24 23 5
51191 19 18 4
51192 12 11 5
51193 17 17 5
51194 17 16 4
51195 20 19 5
51196 15 15 5
51197 19 18 6
51198 18 18 4
51199 16 15 5
51200 13 12 6
51201 14 14 4
51202 20 19 5
51203 21 21 5
51204 19 19 7
51205 17 16 4
51206 22 21 5
51207 19 18 6
51208 28 28 6
51209 24 23 7
51210 17 16 4
51211 18 17 5
51212 11 10 4
51213 24 23 5
51214 9 9 5
51215 27 26 8
51216 10 10 6
51217 24 24 6
51218 22 22 6
51219 14 14 4
51220 20 19 5
51221 9 8 4
51222 18 17 5
51223 17 16 6
51224 12 12 4
51225 12 11 5
51226 17 16 6
51227 12 12 4
51228 16 15 5
51229 9 9 5
51230 21 20 8
51231 8 8 4
51232 16 15 5
51233 13 12 4
51234 14 13 5
51235 15 14 6
51236 12 12 6
51237 8 8 4
51238 12 11 5
51239 13 12 4
51240 10 9 5
51241 17 16 8
51242 14 14 6
51243 12 11 5
51244 9 9 5
51245 21 20 6
51246 16 16 4
51247 20 19 7
51248 13 13 5
51249 17 16 4
51250 22 21 5
51251 15 14 4
51252 14 13 5
51253 17 16 6
51254 14 14 4
51255 16 15 5
51256 19 19 5
51257 19 19 5
51258 13 13 5
51259 15 14 4
51260 16 15 5
51261 19 19 5
51262 19 18 4
51263 22 21 5
51264 17 16 6
51265 18 17 5
51266 11 11 5
51267 13 12 6
51268 24 24 6
51269 14 14 4
51270 18 17 5
51271 21 20 4
51272 22 21 5
51273 21 20 4
51274 14 13 5
51275 13 12 6
51276 14 14 4
51277 14 13 5
51278 11 10 4
51279 18 17 7
51280 21 20 6
51281 14 14 6
51282 18 18 6
51283 16 16 6
51284 18 18 4
51285 20 19 5
51286 23 23 5
51287 13 12 6
51288 20 20 6
51289 10 10 4
51290 20 19 5
51291 21 20 6
51292 10 9 5
51293 21 20 6
51294 14 14 4
51295 14 13 5
51296 7 6 5
51297 11 10 4
51298 12 11 5
51299 17 17 7
51300 11 11 5
51301 15 15 5
51302 11 10 6
51303 14 14 4
51304 16 15 5
51305 21 20 6
51306 12 11 5
51307 15 14 4
51308 16 15 7
51309 19 18 6
51310 12 12 4
51311 10 9 5
51312 17 17 5
51313 21 20 4
51314 10 9 5
51315 11 11 7
51316 13 13 5
51317 9 8 4
51318 14 13 5
51319 15 14 4
51320 14 13 5
51321 17 16 6
51322 12 12 4
51323 10 9 5
51324 17 17 5
51325 13 12 4
51326 16 15 5
51327 13 13 5
51328 19 18 6
51329 6 5 4
51330 14 13 5
51331 23 22 6
51332 20 20 6
51333 12 11 5
51334 11 10 4
51335 12 11 5
51336 19 18 4
51337 16 15 5
51338 21 20 6
51339 12 12 4
51340 16 15 5
51341 13 12 6
51342 14 14 4
51343 6 5 4
51344 18 17 7
51345 27 26 8
51346 20 19 5
51347 11 10 6
51348 14 14 6
51349 14 14 4
51350 20 19 5
51351 17 16 4
51352 12 11 5
51353 21 20 8
51354 22 22 8
51355 16 15 5
51356 17 16 4
51357 12 11 5
51358 19 19 5
51359 17 16 4
51360 14 13 5
51361 19 18 6
51362 14 14 4
51363 16 15 7
51364 11 10 4
51365 20 19 5
51366 13 12 4
51367 26 25 5
51368 19 18 4
51369 10 9 5
51370 15 15 5
51371 19 18 6
51372 10 10 4
51373 20 19 5
51374 13 12 4
51375 18 17 5
51376 19 18 6
51377 22 22 4
51378 12 11 5
51379 15 15 5
51380 13 12 4
51381 24 23 5
51382 13 12 4
51383 20 19 5
51384 11 10 4
51385 14 13 5
51386 13 12 4
51387 10 9 5
51388 13 12 4
51389 14 13 5
51390 15 14 6
51391 16 16 4
51392 16 15 5
51393 15 15 5
51394 13 13 5
51395 19 18 4
51396 10 9 5
51397 19 18 4
51398 10 9 5
51399 17 16 4
51400 14 13 5
51401 15 14 6
51402 6 6 6
51403 17 16 4
51404 14 13 5
51405 9 8 4
51406 18 17 5
51407 17 16 4
51408 16 15 5
51409 17 16 4
51410 16 15 5
51411 25 24 6
51412 10 10 6
51413 28 28 6
51414 6 6 6
51415 13 12 6
51416 18 18 6
51417 14 14 6
51418 10 10 4
51419 14 13 5
51420 13 13 5
51421 23 22 6
51422 26 25 5
51423 15 14 4
51424 18 17 5
51425 21 21 5
51426 19 18 4
51427 12 11 5
51428 27 26 4
51429 24 23 5
51430 17 17 5
51431 23 22 4
51432 24 23 5
51433 33 32 4
51434 36 35 5
51435 25 24 4
51436 30 29 5
51437 21 21 5
51438 25 25 7
51439 17 16 4
51440 22 21 5
51441 25 24 6
51442 20 20 6
51443 16 16 4
51444 10 9 5
51445 13 12 4
51446 12 11 5
51447 23 22 6
51448 24 24 4
51449 24 23 5
51450 17 17 5
51451 11 10 4
51452 12 11 5
51453 13 12 4
51454 12 11 5
51455 13 12 4
51456 28 27 7
51457 17 16 6
51458 10 10 6
51459 10 10 4
51460 14 13 5
51461 21 20 6
51462 10 10 6
51463 22 21 9
51464 19 19 7
51465 11 10 6
51466 18 18 6
51467 10 10 6
51468 22 22 6
51469 8 8 4
51470 28 27 5
51471 9 9 5
51472 13 12 6
51473 14 14 4
51474 10 9 5
51475 19 18 4
51476 22 21 5
51477 7 6 5
51478 9 8 4
51479 14 13 5
51480 17 16 6
51481 14 14 4
51482 18 17 7
51483 9 8 4
51484 10 9 5
51485 13 12 4
51486 12 11 5
51487 11 11 5
51488 13 13 7
51489 13 12 4
51490 18 17 7
51491 15 14 6
51492 8 8 4
51493 12 11 5
51494 13 13 5
51495 11 10 4
51496 10 9 5
51497 9 8 4
51498 20 19 5
51499 15 15 5
51500 9 8 4
51501 10 9 5
51502 11 10 6
51503 16 16 6
51504 10 10 6
51505 10 9 5
51506 11 10 4
51507 10 9 5
51508 11 10 4
51509 18 17 5
51510 11 11 5
51511 11 10 4
51512 10 9 5
51513 15 15 7
51514 15 15 5
51515 9 9 5
51516 11 10 6
51517 14 13 5
51518 5 5 5
51519 10 9 5
51520 9 9 5
51521 11 10 6
51522 14 13 5
51523 9 9 5
51524 19 19 5
51525 19 18 6
51526 12 11 5
51527 13 13 5
51528 13 12 4
51529 16 15 5
51530 17 16 6
51531 12 11 5
51532 11 11 5
51533 9 9 5
51534 15 15 7
51535 19 18 4
51536 12 11 5
51537 15 15 5
51538 9 9 5
51539 19 18 6
51540 8 8 4
51541 18 17 5
51542 21 20 4
51543 16 15 7
51544 7 6 5
51545 11 11 5
51546 19 18 6
51547 10 10 4
51548 6 5 4
51549 16 15 7
51550 17 16 4
51551 10 9 5
51552 13 12 6
51553 14 13 7
51554 9 8 4
51555 14 13 5
51556 13 13 5
51557 13 13 5
51558 13 13 5
51559 13 12 6
51560 10 10 4
51561 12 11 5
51562 13 12 6
51563 10 10 6
51564 16 15 5
51565 11 10 4
51566 12 11 5
51567 13 13 5
51568 13 12 6
51569 16 16 4
51570 12 11 5
51571 13 12 6
51572 16 16 8
51573 12 12 4
51574 16 15 5
51575 9 8 4
51576 10 9 5
51577 13 12 6
51578 14 14 6
51579 20 19 5
51580 9 8 4
51581 14 13 5
51582 11 10 6
51583 12 12 4
51584 12 11 5
51585 5 5 5
51586 20 19 7
51587 11 11 5
51588 17 16 6
51589 16 16 6
51590 18 18 4
51591 12 11 5
51592 11 10 4
51593 14 13 5
51594 9 9 5
51595 11 11 5
51596 11 10 4
51597 16 15 5
51598 13 12 6
51599 12 12 6
51600 6 6 6
51601 15 14 6
51602 14 14 6
51603 10 9 5
51604 19 18 4
51605 14 13 5
51606 15 14 6
51607 12 12 6
51608 6 6 6
51609 17 16 4
51610 18 17 7
51611 11 10 4
51612 6 5 4
51613 14 13 5
51614 19 18 8
51615 12 12 6
51616 14 13 5
51617 15 14 6
51618 14 14 4
51619 12 11 5
51620 5 5 5
51621 16 15 7
51622 13 12 4
51623 14 13 5
51624 11 10 6
51625 22 22 6
51626 6 6 6
51627 17 16 4
51628 10 9 5
51629 13 12 4
51630 12 11 5
51631 17 16 6
51632 20 20 6
51633 12 12 4
51634 10 9 5
51635 17 17 5
51636 9 8 4
51637 16 15 5
51638 13 12 4
51639 18 17 5
51640 13 13 5
51641 25 25 5
51642 15 14 4
51643 14 13 5
51644 25 24 4
51645 22 21 5
51646 15 14 4
51647 24 23 5
51648 21 20 4
51649 18 17 5
51650 19 19 5
51651 19 18 4
51652 30 29 5
51653 17 16 4
51654 16 15 5
51655 29 29 5
51656 21 20 4
51657 24 23 5
51658 19 18 4
51659 40 39 5
51660 23 23 5
51661 23 22 4
51662 18 17 5
51663 21 20 4
51664 22 21 5
51665 19 18 6
51666 12 12 4
51667 16 15 5
51668 17 16 4
51669 18 17 5
51670 21 20 4
51671 26 25 5
51672 29 28 4
51673 24 23 5
51674 21 21 5
51675 19 18 8
51676 24 24 6
51677 20 20 6
51678 16 15 5
51679 9 9 5
51680 17 16 4
51681 24 23 5
51682 15 14 4
51683 20 19 7
51684 19 19 5
51685 15 15 5
51686 13 12 4
51687 16 15 5
51688 21 21 5
51689 17 16 4
51690 10 9 5
51691 15 14 6
51692 14 14 6
51693 20 20 8
51694 14 14 6
51695 6 6 6
51696 21 20 6
51697 16 15 7
51698 11 10 4
51699 12 11 5
51700 17 17 7
51701 17 17 7
51702 27 26 10
51703 18 17 5
51704 13 13 7
51705 15 14 4
51706 18 17 7
51707 13 12 6
51708 16 16 4
51709 22 21 5
51710 11 11 5
51711 5 5 5
51712 24 23 11
51713 13 12 6
51714 14 14 6
51715 10 10 4
51716 14 13 5
51717 17 17 7
51718 11 10 4
51719 16 15 7
51720 19 18 4
51721 20 19 7
51722 25 24 8
51723 14 14 4
51724 20 19 5
51725 15 15 5
51726 19 18 6
51727 12 12 4
51728 16 15 5
51729 15 15 5
51730 11 10 4
51731 14 13 5
51732 21 21 5
51733 7 6 5
51734 21 20 6
51735 12 11 5
51736 13 12 6
51737 16 16 4
51738 14 13 5
51739 15 14 6
51740 20 20 6
51741 12 12 6
51742 20 20 8
51743 22 22 4
51744 22 21 9
51745 21 20 8
51746 18 17 5
51747 11 11 5
51748 15 14 4
51749 16 15 5
51750 13 13 5
51751 23 23 7
51752 15 14 4
51753 16 15 7
51754 13 12 6
51755 12 12 6
51756 22 22 6
51757 14 14 4
51758 12 11 5
51759 13 13 5
51760 13 12 4
51761 12 11 5
51762 11 11 5
51763 11 11 5
51764 11 10 4
51765 14 13 7
51766 11 10 4
51767 20 19 5
51768 11 10 6
51769 18 17 5
51770 17 16 8
51771 18 18 6
51772 12 12 6
51773 16 16 4
51774 16 15 5
51775 19 19 5
51776 17 16 4
51777 22 21 5
51778 13 12 4
51779 16 15 5
51780 13 12 4
51781 20 19 5
51782 13 12 4
51783 12 11 5
51784 13 12 6
51785 20 20 4
51786 18 17 5
51787 11 10 4
51788 6 5 4
51789 18 17 5
51790 23 22 6
51791 12 11 5
51792 13 12 6
51793 12 11 5
51794 15 14 4
51795 12 11 5
51796 21 21 7
51797 21 20 4
51798 10 9 5
51799 13 12 4
51800 8 7 6
51801 10 10 4
51802 18 17 5
51803 17 17 5
51804 13 12 4
51805 10 9 5
51806 15 14 6
51807 18 18 6
51808 6 6 6
51809 13 13 5
51810 13 13 5
51811 11 11 5
51812 11 11 7
51813 13 12 6
51814 12 12 6
51815 12 11 5
51816 15 14 6
51817 14 14 6
51818 28 28 8
51819 12 12 4
51820 16 15 5
51821 11 10 4
51822 20 19 9
51823 17 16 4
51824 24 23 5
51825 11 10 4
51826 18 17 5
51827 11 10 4
51828 14 13 5
51829 5 5 5
51830 18 17 5
51831 21 20 8
51832 12 12 4
51833 12 11 5
51834 11 10 4
51835 8 7 6
51836 14 14 6
51837 6 6 6
51838 19 18 6
51839 14 14 8
51840 18 18 6
51841 12 12 6
51842 22 22 6
51843 14 14 4
51844 12 11 5
51845 13 12 4
51846 14 13 5
51847 9 9 5
51848 11 10 4
51849 14 13 5
51850 11 11 5
51851 11 10 4
51852 24 23 5
51853 17 17 5
51854 13 13 5
51855 11 10 4
51856 14 13 5
51857 7 6 5
51858 9 9 5
51859 7 6 5
51860 15 14 8
51861 14 13 5
51862 21 21 5
51863 9 9 5
51864 9 8 4
51865 14 13 5
51866 9 8 4
51867 16 15 5
51868 9 9 5
51869 15 14 8
51870 10 9 5
51871 13 12 6
51872 14 14 4
51873 18 17 7
51874 11 11 5
51875 13 13 5
51876 13 12 6
51877 10 10 6
51878 18 18 6
51879 12 12 6
51880 10 9 5
51881 11 10 6
51882 12 12 6
51883 12 12 6
51884 12 11 5
51885 17 17 5
51886 11 10 6
51887 12 12 6
51888 10 9 5
51889 11 10 4
51890 20 19 5
51891 17 17 7
51892 15 14 6
51893 16 15 5
51894 9 8 4
51895 10 9 5
51896 7 7 7
51897 10 9 5
51898 11 10 4
51899 12 11 5
51900 9 9 5
51901 13 13 7
51902 7 7 7
51903 10 10 6
51904 6 6 6
51905 9 9 5
51906 7 6 5
51907 13 13 7
51908 11 10 6
51909 10 10 4
51910 12 11 5
51911 13 13 5
51912 13 12 6
51913 12 12 8
51914 12 12 6
51915 12 12 4
51916 10 9 5
51917 9 9 5
51918 7 7 7
51919 14 14 6
51920 10 9 5
51921 15 15 5
51922 11 10 4
51923 16 15 5
51924 11 10 6
51925 16 16 6
51926 10 10 4
51927 10 9 5
51928 15 14 6
51929 10 10 4
51930 18 17 9
51931 7 6 5
51932 11 10 6
51933 6 6 6
51934 13 12 6
51935 6 6 6
51936 23 22 10
51937 12 12 4
51938 14 13 5
51939 15 14 6
51940 10 10 6
51941 10 10 6
51942 14 14 6
51943 14 14 4
51944 20 19 5
51945 11 11 5
51946 13 12 6
51947 10 10 6
51948 12 12 4
51949 8 7 6
51950 6 6 6
51951 9 9 5
51952 15 14 6
51953 10 10 4
51954 12 11 5
51955 11 11 5
51956 7 6 5
51957 17 17 7
51958 7 6 5
51959 11 11 5
51960 17 16 6
51961 12 11 5
51962 13 12 6
51963 8 8 4
51964 10 9 5
51965 11 10 6
51966 10 10 6
51967 14 14 4
51968 22 21 5
51969 13 12 6
51970 12 11 5
51971 5 5 5
51972 18 17 5
51973 19 19 5
51974 15 14 6
51975 14 14 6
51976 14 14 4
51977 20 19 5
51978 9 9 5
51979 15 14 4
51980 6 5 4
51981 16 15 7
51982 9 8 4
51983 16 15 5
51984 19 18 4
51985 12 11 5
51986 9 9 5
51987 13 12 6
51988 16 16 6
51989 20 20 6
51990 24 24 6
51991 14 14 4
51992 14 13 5
51993 15 14 6
51994 8 8 4
51995 20 19 5
51996 17 16 6
51997 12 12 6
51998 16 16 6
51999 10 10 6
52000 12 12 4
52001 14 13 5
52002 11 10 6
52003 14 13 5
52004 25 24 4
52005 12 11 5
52006 15 14 6
52007 14 14 4
52008 22 21 5
52009 23 22 4
52010 18 17 5
52011 13 12 4
52012 12 11 5
52013 7 6 5
52014 19 19 5
52015 21 20 4
52016 14 13 5
52017 19 19 5
52018 13 12 4
52019 12 11 5
52020 17 16 6
52021 14 14 4
52022 20 19 5
52023 11 10 4
52024 12 11 5
52025 11 10 4
52026 22 21 5
52027 45 45 5
52028 33 32 4
52029 18 17 5
52030 11 10 4
52031 12 11 5
52032 17 16 4
52033 18 17 5
52034 19 18 4
52035 22 21 5
52036 25 24 4
52037 16 15 5
52038 19 18 4
52039 22 21 5
52040 9 8 4
52041 14 13 5
52042 13 12 4
52043 14 13 5
52044 11 11 5
52045 15 14 6
52046 12 12 4
52047 20 19 5
52048 13 12 6
52049 12 12 4
52050 16 15 5
52051 13 13 5
52052 23 22 6
52053 18 17 5
52054 13 13 5
52055 15 14 4
52056 16 15 5
52057 17 16 6
52058 24 24 6
52059 12 12 4
52060 12 11 5
52061 15 14 8
52062 10 10 4
52063 12 11 5
52064 15 14 4
52065 14 13 5
52066 13 13 7
52067 17 16 4
52068 14 13 7
52069 15 14 4
52070 16 15 5
52071 15 14 6
52072 12 11 5
52073 13 13 5
52074 15 14 6
52075 10 10 6
52076 12 12 4
52077 12 11 5
52078 15 14 4
52079 18 17 7
52080 13 12 4
52081 20 19 5
52082 17 16 6
52083 20 20 6
52084 12 12 4
52085 10 9 5
52086 17 16 10
52087 16 16 6
52088 20 20 6
52089 14 13 5
52090 15 15 5
52091 19 18 6
52092 14 14 4
52093 20 19 5
52094 21 20 6
52095 10 10 4
52096 14 13 5
52097 11 11 5
52098 19 18 6
52099 10 10 4
52100 20 19 7
52101 17 16 6
52102 16 16 6
52103 10 10 6
52104 16 16 6
52105 12 11 5
52106 11 11 5
52107 17 16 8
52108 16 16 6
52109 18 18 4
52110 24 23 5
52111 9 8 4
52112 20 19 5
52113 25 25 7
52114 13 12 4
52115 10 9 5
