     Internal    Switching      Leakage        Total
        Power        Power        Power        Power (Watts)
----------------------------------------------------
 1.565116e-05 2.624507e-05 6.504891e-10 4.189688e-05 clkbuf_2_3__f_core_clk
 1.566777e-05 2.546566e-05 6.504891e-10 4.113408e-05 clkbuf_2_1__f_core_clk
 1.567763e-05 2.499962e-05 6.504891e-10 4.067790e-05 clkbuf_2_0__f_core_clk
 1.573804e-05 2.214832e-05 6.504891e-10 3.788701e-05 clkbuf_2_2__f_core_clk
 7.492041e-06 3.029181e-05 6.381231e-10 3.778449e-05 clkbuf_0_w_clk
 1.640225e-05 1.795670e-05 6.504891e-10 3.435960e-05 clkbuf_0_core_clk
 9.647802e-06 2.034242e-05 6.390102e-10 2.999086e-05 clkbuf_0_v_clk
 7.613337e-06 2.161132e-05 3.514820e-10 2.922501e-05 clkbuf_leaf_13_core_clk
 7.623038e-06 1.803242e-05 3.514819e-10 2.565581e-05 clkbuf_leaf_21_core_clk
 7.679668e-06 1.500682e-05 3.514819e-10 2.268684e-05 clkbuf_leaf_20_core_clk
 1.642244e-05 5.985223e-06 6.510500e-10 2.240832e-05 clkbuf_0_clk
 7.689986e-06 1.455420e-05 3.514819e-10 2.224454e-05 clkbuf_leaf_19_core_clk
 3.254363e-06 1.723339e-05 3.450001e-10 2.048810e-05 clkbuf_2_2_0_v_clk
 1.675934e-05 3.044378e-06 6.510500e-10 1.980437e-05 clkbuf_1_0__f_clk
 7.759802e-06 1.090536e-05 3.514819e-10 1.866551e-05 clkbuf_leaf_26_core_clk
 1.703752e-05 1.599958e-06 6.510500e-10 1.863813e-05 clkbuf_1_1__f_clk
 3.253594e-06 1.490800e-05 3.450001e-10 1.816194e-05 clkbuf_2_3_0_v_clk
 3.236345e-06 1.484515e-05 3.450001e-10 1.808184e-05 clkbuf_2_0_0_v_clk
 3.230800e-06 1.451957e-05 3.450001e-10 1.775071e-05 clkbuf_2_1_0_v_clk
 7.686464e-06 9.971182e-06 6.390197e-10 1.765829e-05 clkbuf_5_15__f_v_clk
 7.801070e-06 9.085184e-06 3.514819e-10 1.688660e-05 clkbuf_leaf_25_core_clk
 7.816202e-06 9.043162e-06 3.514819e-10 1.685972e-05 clkbuf_leaf_24_core_clk
 7.800908e-06 8.928348e-06 6.390198e-10 1.672989e-05 clkbuf_5_24__f_v_clk
 7.803212e-06 8.768070e-06 6.390198e-10 1.657192e-05 clkbuf_5_28__f_v_clk
 7.739126e-06 8.754943e-06 6.390197e-10 1.649471e-05 clkbuf_5_12__f_v_clk
 7.813262e-06 8.622637e-06 6.390198e-10 1.643654e-05 clkbuf_5_26__f_v_clk
 7.813347e-06 8.592739e-06 6.390198e-10 1.640672e-05 clkbuf_5_27__f_v_clk
 7.812911e-06 8.577458e-06 3.514819e-10 1.639072e-05 clkbuf_leaf_27_core_clk
 7.813544e-06 8.553274e-06 6.390198e-10 1.636746e-05 clkbuf_5_29__f_v_clk
 7.807264e-06 8.519194e-06 6.390197e-10 1.632710e-05 clkbuf_5_7__f_v_clk
 7.826199e-06 8.387258e-06 6.390198e-10 1.621410e-05 clkbuf_5_25__f_v_clk
 7.753388e-06 8.427495e-06 6.390197e-10 1.618152e-05 clkbuf_5_8__f_v_clk
 7.753105e-06 8.427709e-06 6.390197e-10 1.618145e-05 clkbuf_5_9__f_v_clk
 8.239744e-06 7.920634e-06 6.390203e-10 1.616102e-05 clkbuf_5_17__f_v_clk
 7.821082e-06 8.329331e-06 3.514819e-10 1.615077e-05 clkbuf_leaf_33_core_clk
 7.834175e-06 8.269709e-06 3.514819e-10 1.610424e-05 clkbuf_leaf_22_core_clk
 7.829328e-06 8.247429e-06 6.390198e-10 1.607739e-05 clkbuf_5_30__f_v_clk
 7.822059e-06 8.193380e-06 6.390197e-10 1.601608e-05 clkbuf_5_6__f_v_clk
 7.822953e-06 8.165309e-06 3.514819e-10 1.598861e-05 clkbuf_leaf_28_core_clk
 7.816400e-06 8.171399e-06 6.390197e-10 1.598844e-05 clkbuf_5_3__f_v_clk
 7.824782e-06 8.111097e-06 6.390197e-10 1.593652e-05 clkbuf_5_5__f_v_clk
 3.206424e-06 1.272441e-05 3.444983e-10 1.593117e-05 clkbuf_4_12_0_w_clk
 7.838206e-06 8.088622e-06 3.514819e-10 1.592718e-05 clkbuf_leaf_23_core_clk
 8.261884e-06 7.531265e-06 6.390203e-10 1.579379e-05 clkbuf_5_18__f_v_clk
 7.842751e-06 7.872478e-06 3.514819e-10 1.571558e-05 clkbuf_leaf_16_core_clk
 7.831247e-06 7.839254e-06 3.514819e-10 1.567085e-05 clkbuf_leaf_31_core_clk
 8.268648e-06 7.387211e-06 6.390203e-10 1.565650e-05 clkbuf_5_16__f_v_clk
 7.837657e-06 7.799224e-06 6.390197e-10 1.563752e-05 clkbuf_5_4__f_v_clk
 7.858565e-06 7.640435e-06 6.390198e-10 1.549964e-05 clkbuf_5_31__f_v_clk
 7.836144e-06 7.569760e-06 3.514819e-10 1.540625e-05 clkbuf_leaf_29_core_clk
 8.285448e-06 7.078303e-06 6.390203e-10 1.536439e-05 clkbuf_5_19__f_v_clk
 7.800361e-06 7.537971e-06 6.390197e-10 1.533897e-05 clkbuf_5_14__f_v_clk
 7.802482e-06 7.398724e-06 6.390197e-10 1.520185e-05 clkbuf_5_11__f_v_clk
 7.857212e-06 7.258422e-06 3.514819e-10 1.511598e-05 clkbuf_leaf_15_core_clk
 7.842427e-06 7.266261e-06 3.514819e-10 1.510904e-05 clkbuf_leaf_34_core_clk
 8.296954e-06 6.799943e-06 6.390203e-10 1.509754e-05 clkbuf_5_20__f_v_clk
 7.865840e-06 7.132965e-06 6.390197e-10 1.499945e-05 clkbuf_5_2__f_v_clk
 7.868943e-06 7.117403e-06 6.390197e-10 1.498699e-05 clkbuf_5_1__f_v_clk
 7.861488e-06 7.060625e-06 3.514819e-10 1.492246e-05 clkbuf_leaf_18_core_clk
 7.823951e-06 6.983678e-06 6.390197e-10 1.480827e-05 clkbuf_5_13__f_v_clk
 7.822870e-06 6.976926e-06 6.390197e-10 1.480044e-05 clkbuf_5_10__f_v_clk
 8.317079e-06 6.466618e-06 6.390203e-10 1.478434e-05 clkbuf_5_23__f_v_clk
 8.314565e-06 6.460698e-06 6.390203e-10 1.477590e-05 clkbuf_5_21__f_v_clk
 7.870733e-06 6.709877e-06 3.514819e-10 1.458096e-05 clkbuf_leaf_0_core_clk
 7.891226e-06 6.634003e-06 3.514819e-10 1.452558e-05 clkbuf_leaf_17_core_clk
 7.900497e-06 6.458173e-06 6.390197e-10 1.435931e-05 clkbuf_5_0__f_v_clk
 7.897632e-06 6.380139e-06 3.514819e-10 1.427812e-05 clkbuf_leaf_30_core_clk
 7.899019e-06 6.371612e-06 3.514819e-10 1.427098e-05 clkbuf_leaf_32_core_clk
 7.946119e-06 6.195522e-06 3.514820e-10 1.414199e-05 clkbuf_leaf_9_core_clk
 8.363867e-06 5.665992e-06 6.390203e-10 1.403050e-05 clkbuf_5_22__f_v_clk
 7.977143e-06 5.797317e-06 3.514820e-10 1.377481e-05 clkbuf_leaf_12_core_clk
 7.858281e-06 5.830459e-06 3.514818e-10 1.368909e-05 clkbuf_leaf_5_core_clk
 7.880599e-06 5.542862e-06 3.514818e-10 1.342381e-05 clkbuf_leaf_4_core_clk
 7.881416e-06 5.537062e-06 3.514818e-10 1.341883e-05 clkbuf_leaf_3_core_clk
 7.879213e-06 5.528518e-06 3.514818e-10 1.340808e-05 clkbuf_leaf_6_core_clk
 7.888472e-06 5.358735e-06 3.514818e-10 1.324756e-05 clkbuf_leaf_8_core_clk
 8.055099e-06 4.811058e-06 3.514820e-10 1.286651e-05 clkbuf_leaf_10_core_clk
 7.929297e-06 4.863221e-06 3.514818e-10 1.279287e-05 clkbuf_leaf_7_core_clk
 3.520737e-06 9.250636e-06 3.444983e-10 1.277172e-05 clkbuf_4_4_0_w_clk
 3.256966e-06 9.359192e-06 3.444983e-10 1.261650e-05 clkbuf_4_13_0_w_clk
 3.320407e-06 9.081617e-06 3.444983e-10 1.240237e-05 clkbuf_4_8_0_w_clk
 3.546692e-06 8.729102e-06 3.444983e-10 1.227614e-05 clkbuf_4_7_0_w_clk
 3.262587e-06 8.892858e-06 3.444983e-10 1.215579e-05 clkbuf_4_11_0_w_clk
 3.420285e-06 8.681477e-06 3.444983e-10 1.210211e-05 clkbuf_4_2_0_w_clk
 7.990157e-06 4.088588e-06 3.514818e-10 1.207910e-05 clkbuf_leaf_1_core_clk
 3.463033e-06 8.610426e-06 3.444983e-10 1.207380e-05 clkbuf_4_0_0_w_clk
 8.122935e-06 3.949085e-06 3.514820e-10 1.207237e-05 clkbuf_leaf_11_core_clk
 3.555125e-06 8.421358e-06 3.444983e-10 1.197683e-05 clkbuf_4_5_0_w_clk
 3.475004e-06 8.390018e-06 3.444983e-10 1.186537e-05 clkbuf_4_1_0_w_clk
 8.004874e-06 3.824827e-06 3.514818e-10 1.183005e-05 clkbuf_leaf_2_core_clk
 3.266440e-06 8.546821e-06 3.444983e-10 1.181360e-05 clkbuf_4_15_0_w_clk
 3.303479e-06 8.322169e-06 3.444983e-10 1.162599e-05 clkbuf_4_10_0_w_clk
 8.161467e-06 3.449233e-06 3.514820e-10 1.161105e-05 clkbuf_leaf_14_core_clk
 3.336716e-06 8.248790e-06 3.444983e-10 1.158585e-05 clkbuf_4_9_0_w_clk
 3.449781e-06 7.989695e-06 3.444983e-10 1.143982e-05 clkbuf_4_3_0_w_clk
 3.567982e-06 7.646988e-06 3.444983e-10 1.121531e-05 clkbuf_4_6_0_w_clk
 3.283934e-06 7.750154e-06 3.444983e-10 1.103443e-05 clkbuf_4_14_0_w_clk
 8.602412e-06 0.000000e+00 3.514819e-10 8.602763e-06 clkload1
 3.355228e-06 2.475592e-06 3.445019e-10 5.831164e-06 clkbuf_leaf_85_w_clk
 3.357446e-06 2.442974e-06 3.445019e-10 5.800764e-06 clkbuf_leaf_73_w_clk
 3.358972e-06 2.416843e-06 3.445019e-10 5.776159e-06 clkbuf_leaf_75_w_clk
 3.064396e-06 2.695884e-06 3.450062e-10 5.760625e-06 clkbuf_leaf_181_v_clk
 3.085271e-06 2.306133e-06 3.445016e-10 5.391749e-06 clkbuf_leaf_19_w_clk
 3.427127e-06 1.870658e-06 3.445019e-10 5.298130e-06 clkbuf_leaf_74_w_clk
 3.090022e-06 2.144414e-06 3.445014e-10 5.234781e-06 clkbuf_leaf_41_w_clk
 3.067376e-06 2.157226e-06 3.445017e-10 5.224947e-06 clkbuf_leaf_133_w_clk
 3.141238e-06 1.972173e-06 3.445015e-10 5.113757e-06 clkbuf_leaf_95_w_clk
 3.120260e-06 1.974017e-06 3.445016e-10 5.094622e-06 clkbuf_leaf_20_w_clk
 3.088310e-06 2.004411e-06 3.445017e-10 5.093066e-06 clkbuf_leaf_7_w_clk
 3.144120e-06 1.943346e-06 3.445015e-10 5.087810e-06 clkbuf_leaf_82_w_clk
 3.096436e-06 1.978960e-06 3.450062e-10 5.075741e-06 clkbuf_leaf_209_v_clk
 3.457886e-06 1.616042e-06 3.445019e-10 5.074272e-06 clkbuf_leaf_86_w_clk
 3.123284e-06 1.947990e-06 3.445016e-10 5.071619e-06 clkbuf_leaf_16_w_clk
 3.109801e-06 1.954536e-06 3.445014e-10 5.064681e-06 clkbuf_leaf_57_w_clk
 3.149012e-06 1.891797e-06 3.445015e-10 5.041154e-06 clkbuf_leaf_81_w_clk
 3.116806e-06 1.887067e-06 3.445014e-10 5.004218e-06 clkbuf_leaf_58_w_clk
 3.119010e-06 1.865278e-06 3.445014e-10 4.984633e-06 clkbuf_leaf_42_w_clk
 3.155759e-06 1.800411e-06 3.445020e-10 4.956514e-06 clkbuf_leaf_114_w_clk
 3.105915e-06 1.833245e-06 3.445017e-10 4.939505e-06 clkbuf_leaf_23_w_clk
 3.185017e-06 1.752025e-06 3.450055e-10 4.937387e-06 clkbuf_leaf_71_v_clk
 3.139612e-06 1.793397e-06 3.445016e-10 4.933354e-06 clkbuf_leaf_27_w_clk
 3.108270e-06 1.809462e-06 3.445017e-10 4.918076e-06 clkbuf_leaf_9_w_clk
 3.127357e-06 1.784932e-06 3.445014e-10 4.912634e-06 clkbuf_leaf_43_w_clk
 3.084395e-06 1.819979e-06 3.445017e-10 4.904718e-06 clkbuf_leaf_125_w_clk
 3.052905e-06 1.833520e-06 3.445016e-10 4.886770e-06 clkbuf_leaf_10_w_clk
 3.131421e-06 1.747111e-06 3.445014e-10 4.878877e-06 clkbuf_leaf_39_w_clk
 3.107703e-06 1.762877e-06 3.445017e-10 4.870924e-06 clkbuf_leaf_1_w_clk
 3.166524e-06 1.698362e-06 3.445020e-10 4.865231e-06 clkbuf_leaf_112_w_clk
 3.056911e-06 1.793234e-06 3.445016e-10 4.850490e-06 clkbuf_leaf_11_w_clk
 3.134715e-06 1.715183e-06 3.445014e-10 4.850243e-06 clkbuf_leaf_38_w_clk
 3.138201e-06 1.709754e-06 3.450062e-10 4.848300e-06 clkbuf_leaf_180_v_clk
 3.091051e-06 1.754311e-06 3.445017e-10 4.845707e-06 clkbuf_leaf_124_w_clk
 3.169665e-06 1.669768e-06 3.445020e-10 4.839777e-06 clkbuf_leaf_127_w_clk
 3.151562e-06 1.677960e-06 3.445016e-10 4.829867e-06 clkbuf_leaf_22_w_clk
 3.164891e-06 1.663751e-06 3.450056e-10 4.828987e-06 clkbuf_leaf_87_v_clk
 3.174979e-06 1.653398e-06 3.445015e-10 4.828722e-06 clkbuf_leaf_83_w_clk
 3.175411e-06 1.650637e-06 3.445015e-10 4.826392e-06 clkbuf_leaf_97_w_clk
 3.059566e-06 1.766292e-06 3.445016e-10 4.826204e-06 clkbuf_leaf_8_w_clk
 3.093313e-06 1.731966e-06 3.445017e-10 4.825624e-06 clkbuf_leaf_126_w_clk
 3.172153e-06 1.643712e-06 3.445020e-10 4.816210e-06 clkbuf_leaf_128_w_clk
 3.172348e-06 1.642575e-06 3.445020e-10 4.815268e-06 clkbuf_leaf_109_w_clk
 3.176014e-06 1.609572e-06 3.445020e-10 4.785930e-06 clkbuf_leaf_110_w_clk
 3.179822e-06 1.604665e-06 3.445015e-10 4.784832e-06 clkbuf_leaf_84_w_clk
 3.156712e-06 1.627415e-06 3.445016e-10 4.784471e-06 clkbuf_leaf_21_w_clk
 3.098228e-06 1.682913e-06 3.445017e-10 4.781486e-06 clkbuf_leaf_123_w_clk
 3.143530e-06 1.637059e-06 3.450062e-10 4.780934e-06 clkbuf_leaf_183_v_clk
 3.197918e-06 1.582138e-06 3.450055e-10 4.780401e-06 clkbuf_leaf_74_v_clk
 3.169654e-06 1.599895e-06 3.450056e-10 4.769894e-06 clkbuf_leaf_86_v_clk
 3.117414e-06 1.650255e-06 3.450055e-10 4.768014e-06 clkbuf_leaf_11_v_clk
 3.038796e-06 1.720929e-06 3.445013e-10 4.760070e-06 clkbuf_leaf_53_w_clk
 3.120846e-06 1.634477e-06 3.445017e-10 4.755668e-06 clkbuf_leaf_13_w_clk
 3.146081e-06 1.602591e-06 3.450062e-10 4.749017e-06 clkbuf_leaf_190_v_clk
 3.102038e-06 1.645341e-06 3.445017e-10 4.747724e-06 clkbuf_leaf_122_w_clk
 3.201557e-06 1.538709e-06 3.450055e-10 4.740611e-06 clkbuf_leaf_69_v_clk
 3.069524e-06 1.665790e-06 3.445016e-10 4.735659e-06 clkbuf_leaf_12_w_clk
 3.202280e-06 1.532519e-06 3.450055e-10 4.735145e-06 clkbuf_leaf_72_v_clk
 3.041516e-06 1.693174e-06 3.445013e-10 4.735035e-06 clkbuf_leaf_63_w_clk
 3.129812e-06 1.599488e-06 3.445017e-10 4.729645e-06 clkbuf_leaf_5_w_clk
 3.157389e-06 1.566575e-06 3.450056e-10 4.724309e-06 clkbuf_leaf_96_v_clk
 3.115838e-06 1.604357e-06 3.445014e-10 4.720539e-06 clkbuf_leaf_64_w_clk
 3.130890e-06 1.587745e-06 3.445017e-10 4.718980e-06 clkbuf_leaf_2_w_clk
 3.121521e-06 1.588323e-06 3.450055e-10 4.710188e-06 clkbuf_leaf_257_v_clk
 3.204514e-06 1.502855e-06 3.450055e-10 4.707714e-06 clkbuf_leaf_73_v_clk
 3.138605e-06 1.568664e-06 3.450062e-10 4.707615e-06 clkbuf_leaf_197_v_clk
 3.046499e-06 1.643274e-06 3.445013e-10 4.690117e-06 clkbuf_leaf_54_w_clk
 3.161500e-06 1.521541e-06 3.450054e-10 4.683386e-06 clkbuf_leaf_35_v_clk
 3.176971e-06 1.505419e-06 3.450056e-10 4.682735e-06 clkbuf_leaf_93_v_clk
 3.177701e-06 1.496496e-06 3.450056e-10 4.674543e-06 clkbuf_leaf_76_v_clk
 3.165717e-06 1.502935e-06 3.450056e-10 4.668997e-06 clkbuf_leaf_199_v_clk
 3.111176e-06 1.557155e-06 3.445017e-10 4.668676e-06 clkbuf_leaf_131_w_clk
 3.112726e-06 1.541377e-06 3.445017e-10 4.654448e-06 clkbuf_leaf_132_w_clk
 3.169195e-06 1.471723e-06 3.450056e-10 4.641263e-06 clkbuf_leaf_132_v_clk
 3.210574e-06 1.424499e-06 3.450055e-10 4.635418e-06 clkbuf_leaf_67_v_clk
 3.131433e-06 1.501558e-06 3.450062e-10 4.633336e-06 clkbuf_leaf_206_v_clk
 3.168851e-06 1.461199e-06 3.450056e-10 4.630395e-06 clkbuf_leaf_220_v_clk
 3.182099e-06 1.439895e-06 3.450056e-10 4.622339e-06 clkbuf_leaf_77_v_clk
 3.156403e-06 1.465286e-06 3.450062e-10 4.622034e-06 clkbuf_leaf_191_v_clk
 3.199547e-06 1.420981e-06 3.445015e-10 4.620872e-06 clkbuf_leaf_80_w_clk
 3.129134e-06 1.490014e-06 3.450055e-10 4.619493e-06 clkbuf_leaf_5_v_clk
 3.161451e-06 1.456522e-06 3.445014e-10 4.618317e-06 clkbuf_leaf_40_w_clk
 3.166810e-06 1.441967e-06 3.450056e-10 4.609123e-06 clkbuf_leaf_95_v_clk
 3.170637e-06 1.437659e-06 3.450056e-10 4.608641e-06 clkbuf_leaf_204_v_clk
 3.173649e-06 1.431168e-06 3.450056e-10 4.605162e-06 clkbuf_leaf_110_v_clk
 3.137924e-06 1.466228e-06 3.445017e-10 4.604497e-06 clkbuf_leaf_134_w_clk
 3.197623e-06 1.404750e-06 3.445020e-10 4.602717e-06 clkbuf_leaf_111_w_clk
 3.172833e-06 1.423241e-06 3.450056e-10 4.596419e-06 clkbuf_leaf_140_v_clk
 3.162512e-06 1.431334e-06 3.450055e-10 4.594191e-06 clkbuf_leaf_215_v_clk
 3.200256e-06 1.378649e-06 3.445020e-10 4.579250e-06 clkbuf_leaf_113_w_clk
 3.163734e-06 1.415070e-06 3.450055e-10 4.579149e-06 clkbuf_leaf_223_v_clk
 4.577126e-06 0.000000e+00 4.630323e-10 4.577589e-06 clkload35
 3.215375e-06 1.358758e-06 3.450055e-10 4.574479e-06 clkbuf_leaf_78_v_clk
 3.160236e-06 1.413394e-06 3.450062e-10 4.573974e-06 clkbuf_leaf_189_v_clk
 3.173614e-06 1.398400e-06 3.450056e-10 4.572360e-06 clkbuf_leaf_226_v_clk
 3.215558e-06 1.356289e-06 3.450055e-10 4.572192e-06 clkbuf_leaf_80_v_clk
 3.170179e-06 1.397172e-06 3.450056e-10 4.567697e-06 clkbuf_leaf_85_v_clk
 3.140899e-06 1.425846e-06 3.450054e-10 4.567090e-06 clkbuf_leaf_47_v_clk
 3.217788e-06 1.334090e-06 3.450055e-10 4.552223e-06 clkbuf_leaf_70_v_clk
 3.176707e-06 1.372183e-06 3.450056e-10 4.549234e-06 clkbuf_leaf_143_v_clk
 3.111545e-06 1.437035e-06 3.445015e-10 4.548925e-06 clkbuf_leaf_46_w_clk
 3.165968e-06 1.376236e-06 3.450056e-10 4.542549e-06 clkbuf_leaf_22_v_clk
 3.096204e-06 1.438871e-06 3.450062e-10 4.535421e-06 clkbuf_leaf_168_v_clk
 3.156307e-06 1.378159e-06 3.445020e-10 4.534812e-06 clkbuf_leaf_93_w_clk
 3.205618e-06 1.328805e-06 3.445020e-10 4.534768e-06 clkbuf_leaf_129_w_clk
 3.209105e-06 1.322650e-06 3.445015e-10 4.532099e-06 clkbuf_leaf_76_w_clk
 3.186644e-06 1.343685e-06 3.445016e-10 4.530674e-06 clkbuf_leaf_25_w_clk
 3.177181e-06 1.351522e-06 3.450056e-10 4.529049e-06 clkbuf_leaf_205_v_clk
 3.210730e-06 1.317726e-06 3.445015e-10 4.528800e-06 clkbuf_leaf_79_w_clk
 3.139743e-06 1.387862e-06 3.450062e-10 4.527950e-06 clkbuf_leaf_210_v_clk
 3.148806e-06 1.378554e-06 3.450062e-10 4.527705e-06 clkbuf_leaf_212_v_clk
 3.140172e-06 1.382075e-06 3.450062e-10 4.522592e-06 clkbuf_leaf_213_v_clk
 3.062186e-06 1.459873e-06 3.445018e-10 4.522404e-06 clkbuf_leaf_116_w_clk
 3.131243e-06 1.388351e-06 3.445020e-10 4.519939e-06 clkbuf_leaf_103_w_clk
 3.149650e-06 1.366536e-06 3.450062e-10 4.516531e-06 clkbuf_leaf_185_v_clk
 3.185670e-06 1.329582e-06 3.450056e-10 4.515597e-06 clkbuf_leaf_154_v_clk
 3.187879e-06 1.326031e-06 3.445016e-10 4.514254e-06 clkbuf_leaf_28_w_clk
 3.175449e-06 1.337162e-06 3.450054e-10 4.512956e-06 clkbuf_leaf_29_v_clk
 3.175227e-06 1.330430e-06 3.450056e-10 4.506003e-06 clkbuf_leaf_98_v_clk
 3.066169e-06 1.439304e-06 3.445013e-10 4.505818e-06 clkbuf_leaf_52_w_clk
 3.182085e-06 1.319687e-06 3.450056e-10 4.502117e-06 clkbuf_leaf_112_v_clk
 3.192109e-06 1.306422e-06 3.450056e-10 4.498876e-06 clkbuf_leaf_88_v_clk
 3.176597e-06 1.321892e-06 3.450054e-10 4.498834e-06 clkbuf_leaf_20_v_clk
 3.170282e-06 1.327934e-06 3.450055e-10 4.498560e-06 clkbuf_leaf_224_v_clk
 3.154206e-06 1.343679e-06 3.450056e-10 4.498231e-06 clkbuf_leaf_119_v_clk
 3.151145e-06 1.346476e-06 3.450062e-10 4.497967e-06 clkbuf_leaf_184_v_clk
 3.192383e-06 1.303399e-06 3.450056e-10 4.496128e-06 clkbuf_leaf_90_v_clk
 3.160518e-06 1.332645e-06 3.445020e-10 4.493507e-06 clkbuf_leaf_94_w_clk
 3.180303e-06 1.309948e-06 3.450056e-10 4.490596e-06 clkbuf_leaf_225_v_clk
 3.181692e-06 1.306758e-06 3.450056e-10 4.488795e-06 clkbuf_leaf_145_v_clk
 3.131623e-06 1.355213e-06 3.445017e-10 4.487180e-06 clkbuf_leaf_130_w_clk
 3.223205e-06 1.263390e-06 3.450055e-10 4.486940e-06 clkbuf_leaf_68_v_clk
 3.120125e-06 1.363086e-06 3.450055e-10 4.483556e-06 clkbuf_leaf_253_v_clk
 3.215258e-06 1.264370e-06 3.445015e-10 4.479973e-06 clkbuf_leaf_77_w_clk
 3.143427e-06 1.335788e-06 3.445014e-10 4.479560e-06 clkbuf_leaf_68_w_clk
 3.216966e-06 1.258668e-06 3.445015e-10 4.475979e-06 clkbuf_leaf_78_w_clk
 3.140773e-06 1.330843e-06 3.450055e-10 4.471960e-06 clkbuf_leaf_8_v_clk
 3.188671e-06 1.278305e-06 3.450055e-10 4.467322e-06 clkbuf_leaf_25_v_clk
 4.464688e-06 0.000000e+00 4.630321e-10 4.465151e-06 clkload45
 3.178637e-06 1.285463e-06 3.450056e-10 4.464444e-06 clkbuf_leaf_84_v_clk
 3.153081e-06 1.305676e-06 3.450054e-10 4.459102e-06 clkbuf_leaf_62_v_clk
 3.182942e-06 1.275377e-06 3.450056e-10 4.458664e-06 clkbuf_leaf_219_v_clk
 3.149926e-06 1.303239e-06 3.450054e-10 4.453511e-06 clkbuf_leaf_27_v_clk
 3.159171e-06 1.291265e-06 3.450062e-10 4.450781e-06 clkbuf_leaf_201_v_clk
 3.159174e-06 1.291137e-06 3.450062e-10 4.450656e-06 clkbuf_leaf_187_v_clk
 3.070061e-06 1.378169e-06 3.445018e-10 4.448575e-06 clkbuf_leaf_90_w_clk
 3.164827e-06 1.283251e-06 3.445020e-10 4.448423e-06 clkbuf_leaf_91_w_clk
 3.176302e-06 1.271501e-06 3.450056e-10 4.448148e-06 clkbuf_leaf_126_v_clk
 3.180946e-06 1.264395e-06 3.450054e-10 4.445686e-06 clkbuf_leaf_36_v_clk
 3.186727e-06 1.258421e-06 3.450056e-10 4.445493e-06 clkbuf_leaf_111_v_clk
 3.143170e-06 1.297649e-06 3.450055e-10 4.441164e-06 clkbuf_leaf_13_v_clk
 3.154829e-06 1.282027e-06 3.450054e-10 4.437201e-06 clkbuf_leaf_79_v_clk
 3.173682e-06 1.258259e-06 3.450056e-10 4.432286e-06 clkbuf_leaf_214_v_clk
 3.188009e-06 1.243044e-06 3.450056e-10 4.431397e-06 clkbuf_leaf_157_v_clk
 3.175530e-06 1.249177e-06 3.450056e-10 4.425052e-06 clkbuf_leaf_2_v_clk
 3.125237e-06 1.298830e-06 3.445015e-10 4.424412e-06 clkbuf_leaf_29_w_clk
 3.144566e-06 1.278595e-06 3.450055e-10 4.423506e-06 clkbuf_leaf_10_v_clk
 3.075461e-06 1.345103e-06 3.445013e-10 4.420908e-06 clkbuf_leaf_55_w_clk
 3.156307e-06 1.262557e-06 3.450054e-10 4.419210e-06 clkbuf_leaf_65_v_clk
 3.105072e-06 1.312741e-06 3.450062e-10 4.418158e-06 clkbuf_leaf_172_v_clk
 3.172977e-06 1.244181e-06 3.450062e-10 4.417504e-06 clkbuf_leaf_179_v_clk
 3.183598e-06 1.229188e-06 3.450054e-10 4.413131e-06 clkbuf_leaf_15_v_clk
 3.183603e-06 1.229052e-06 3.450054e-10 4.412999e-06 clkbuf_leaf_17_v_clk
 3.076586e-06 1.335174e-06 3.445013e-10 4.412104e-06 clkbuf_leaf_60_w_clk
 3.150947e-06 1.259533e-06 3.445014e-10 4.410824e-06 clkbuf_leaf_70_w_clk
 3.175443e-06 1.234679e-06 3.450056e-10 4.410467e-06 clkbuf_leaf_235_v_clk
 3.146003e-06 1.258806e-06 3.450055e-10 4.405154e-06 clkbuf_leaf_12_v_clk
 3.151888e-06 1.250534e-06 3.445014e-10 4.402766e-06 clkbuf_leaf_71_w_clk
 3.190319e-06 1.211181e-06 3.450056e-10 4.401846e-06 clkbuf_leaf_113_v_clk
 3.127690e-06 1.273522e-06 3.445015e-10 4.401556e-06 clkbuf_leaf_48_w_clk
 3.189094e-06 1.208740e-06 3.450056e-10 4.398179e-06 clkbuf_leaf_142_v_clk
 3.195424e-06 1.201608e-06 3.450056e-10 4.397377e-06 clkbuf_leaf_131_v_clk
 3.128226e-06 1.268279e-06 3.445015e-10 4.396850e-06 clkbuf_leaf_17_w_clk
 3.173019e-06 1.220154e-06 3.445020e-10 4.393518e-06 clkbuf_leaf_98_w_clk
 3.195781e-06 1.196908e-06 3.450056e-10 4.393034e-06 clkbuf_leaf_153_v_clk
 3.078815e-06 1.310681e-06 3.445013e-10 4.389841e-06 clkbuf_leaf_56_w_clk
 3.189997e-06 1.197127e-06 3.450056e-10 4.387469e-06 clkbuf_leaf_139_v_clk
 3.153985e-06 1.232872e-06 3.445014e-10 4.387201e-06 clkbuf_leaf_62_w_clk
 3.181420e-06 1.203932e-06 3.450056e-10 4.385697e-06 clkbuf_leaf_156_v_clk
 3.129538e-06 1.254882e-06 3.445015e-10 4.384764e-06 clkbuf_leaf_18_w_clk
 3.186282e-06 1.193612e-06 3.450054e-10 4.380239e-06 clkbuf_leaf_19_v_clk
 3.189390e-06 1.190205e-06 3.450056e-10 4.379940e-06 clkbuf_leaf_227_v_clk
 3.185495e-06 1.194043e-06 3.450056e-10 4.379883e-06 clkbuf_leaf_105_v_clk
 3.177993e-06 1.200817e-06 3.450056e-10 4.379155e-06 clkbuf_leaf_229_v_clk
 3.186359e-06 1.192403e-06 3.450054e-10 4.379108e-06 clkbuf_leaf_33_v_clk
 3.186660e-06 1.188571e-06 3.450054e-10 4.375576e-06 clkbuf_leaf_30_v_clk
 3.151892e-06 1.222213e-06 3.450062e-10 4.374451e-06 clkbuf_leaf_203_v_clk
 3.189891e-06 1.183334e-06 3.450056e-10 4.373570e-06 clkbuf_leaf_221_v_clk
 3.192824e-06 1.178235e-06 3.450056e-10 4.371404e-06 clkbuf_leaf_107_v_clk
 3.155961e-06 1.213160e-06 3.445014e-10 4.369466e-06 clkbuf_leaf_69_w_clk
 3.079321e-06 1.283230e-06 3.445018e-10 4.362896e-06 clkbuf_leaf_115_w_clk
 3.194028e-06 1.168245e-06 3.450056e-10 4.362618e-06 clkbuf_leaf_83_v_clk
 3.187964e-06 1.171525e-06 3.450054e-10 4.359834e-06 clkbuf_leaf_16_v_clk
 3.181775e-06 1.175388e-06 3.450055e-10 4.357508e-06 clkbuf_leaf_217_v_clk
 3.167007e-06 1.185371e-06 3.450062e-10 4.352723e-06 clkbuf_leaf_202_v_clk
 3.153594e-06 1.198749e-06 3.450062e-10 4.352688e-06 clkbuf_leaf_186_v_clk
 3.184211e-06 1.166346e-06 3.450056e-10 4.350901e-06 clkbuf_leaf_125_v_clk
 3.169966e-06 1.178939e-06 3.450055e-10 4.349250e-06 clkbuf_leaf_245_v_clk
 3.133851e-06 1.213421e-06 3.445015e-10 4.347617e-06 clkbuf_leaf_34_w_clk
 3.158073e-06 1.188327e-06 3.445014e-10 4.346744e-06 clkbuf_leaf_65_w_clk
 3.195501e-06 1.148531e-06 3.450056e-10 4.344377e-06 clkbuf_leaf_106_v_clk
 3.151158e-06 1.191036e-06 3.445020e-10 4.342539e-06 clkbuf_leaf_106_w_clk
 3.205605e-06 1.131188e-06 3.450056e-10 4.337139e-06 clkbuf_leaf_91_v_clk
 3.183027e-06 1.148998e-06 3.450056e-10 4.332369e-06 clkbuf_leaf_21_v_clk
 3.168712e-06 1.162889e-06 3.450062e-10 4.331946e-06 clkbuf_leaf_198_v_clk
 3.201018e-06 1.127985e-06 3.450056e-10 4.329348e-06 clkbuf_leaf_148_v_clk
 3.196360e-06 1.132380e-06 3.450056e-10 4.329085e-06 clkbuf_leaf_109_v_clk
 3.137468e-06 1.188441e-06 3.450062e-10 4.326254e-06 clkbuf_leaf_171_v_clk
 3.196606e-06 1.128441e-06 3.450056e-10 4.325392e-06 clkbuf_leaf_115_v_clk
 3.168176e-06 1.155061e-06 3.450056e-10 4.323583e-06 clkbuf_leaf_122_v_clk
 3.206899e-06 1.114204e-06 3.450056e-10 4.321448e-06 clkbuf_leaf_92_v_clk
 3.195431e-06 1.125576e-06 3.450056e-10 4.321351e-06 clkbuf_leaf_138_v_clk
 3.197488e-06 1.122400e-06 3.450056e-10 4.320233e-06 clkbuf_leaf_100_v_clk
 3.186947e-06 1.129973e-06 3.450056e-10 4.317265e-06 clkbuf_leaf_124_v_clk
 3.197993e-06 1.115314e-06 3.450056e-10 4.313652e-06 clkbuf_leaf_102_v_clk
 3.172958e-06 1.140067e-06 3.450055e-10 4.313370e-06 clkbuf_leaf_243_v_clk
 3.180785e-06 1.131253e-06 3.445020e-10 4.312383e-06 clkbuf_leaf_92_w_clk
 3.148201e-06 1.162614e-06 3.450054e-10 4.311160e-06 clkbuf_leaf_45_v_clk
 3.154903e-06 1.155732e-06 3.445020e-10 4.310980e-06 clkbuf_leaf_101_w_clk
 3.133538e-06 1.175755e-06 3.450055e-10 4.309639e-06 clkbuf_leaf_255_v_clk
 3.173354e-06 1.135110e-06 3.450055e-10 4.308808e-06 clkbuf_leaf_239_v_clk
 3.165204e-06 1.142156e-06 3.450054e-10 4.307706e-06 clkbuf_leaf_66_v_clk
 3.187915e-06 1.117311e-06 3.450056e-10 4.305572e-06 clkbuf_leaf_130_v_clk
 3.185348e-06 1.117946e-06 3.450056e-10 4.303638e-06 clkbuf_leaf_4_v_clk
 3.166425e-06 1.125234e-06 3.450054e-10 4.292004e-06 clkbuf_leaf_64_v_clk
 3.193675e-06 1.095545e-06 3.450054e-10 4.289565e-06 clkbuf_leaf_31_v_clk
 3.140835e-06 1.144185e-06 3.445015e-10 4.285365e-06 clkbuf_leaf_47_w_clk
 3.171384e-06 1.112049e-06 3.450056e-10 4.283779e-06 clkbuf_leaf_134_v_clk
 3.167308e-06 1.112879e-06 3.450054e-10 4.280532e-06 clkbuf_leaf_60_v_clk
 3.150979e-06 1.126372e-06 3.450054e-10 4.277696e-06 clkbuf_leaf_59_v_clk
 3.141404e-06 1.133725e-06 3.450062e-10 4.275474e-06 clkbuf_leaf_173_v_clk
 3.167891e-06 1.104858e-06 3.450054e-10 4.273095e-06 clkbuf_leaf_63_v_clk
 3.184934e-06 1.085086e-06 3.450062e-10 4.270365e-06 clkbuf_leaf_178_v_clk
 3.164464e-06 1.105487e-06 3.450054e-10 4.270295e-06 clkbuf_leaf_53_v_clk
 3.186810e-06 1.083073e-06 3.450056e-10 4.270228e-06 clkbuf_leaf_233_v_clk
 3.159911e-06 1.105522e-06 3.445020e-10 4.265778e-06 clkbuf_leaf_102_w_clk
 3.187691e-06 1.071363e-06 3.450056e-10 4.259400e-06 clkbuf_leaf_234_v_clk
 3.173444e-06 1.084190e-06 3.450056e-10 4.257979e-06 clkbuf_leaf_123_v_clk
 3.168979e-06 1.084992e-06 3.445014e-10 4.254316e-06 clkbuf_leaf_67_w_clk
 3.188310e-06 1.063209e-06 3.450056e-10 4.251864e-06 clkbuf_leaf_230_v_clk
 3.189802e-06 1.059230e-06 3.450056e-10 4.249378e-06 clkbuf_leaf_23_v_clk
 3.196275e-06 1.051234e-06 3.450056e-10 4.247854e-06 clkbuf_leaf_89_v_clk
 3.143582e-06 1.103127e-06 3.450062e-10 4.247055e-06 clkbuf_leaf_164_v_clk
 3.190049e-06 1.056039e-06 3.450056e-10 4.246432e-06 clkbuf_leaf_24_v_clk
 3.197730e-06 1.042338e-06 3.450054e-10 4.240414e-06 clkbuf_leaf_14_v_clk
 3.158610e-06 1.080428e-06 3.450055e-10 4.239383e-06 clkbuf_leaf_0_v_clk
 3.191526e-06 1.045284e-06 3.450055e-10 4.237156e-06 clkbuf_leaf_222_v_clk
 3.193540e-06 1.042633e-06 3.450056e-10 4.236519e-06 clkbuf_leaf_129_v_clk
 3.207942e-06 1.024802e-06 3.450055e-10 4.233089e-06 clkbuf_leaf_81_v_clk
 3.139493e-06 1.092957e-06 3.450055e-10 4.232795e-06 clkbuf_leaf_254_v_clk
 3.139630e-06 1.090856e-06 3.450055e-10 4.230832e-06 clkbuf_leaf_251_v_clk
 3.198638e-06 1.030076e-06 3.450054e-10 4.229059e-06 clkbuf_leaf_32_v_clk
 3.198684e-06 1.029621e-06 3.450054e-10 4.228651e-06 clkbuf_leaf_41_v_clk
 3.159733e-06 1.065139e-06 3.450055e-10 4.225217e-06 clkbuf_leaf_1_v_clk
 3.155671e-06 1.069065e-06 3.450062e-10 4.225081e-06 clkbuf_leaf_163_v_clk
 3.192067e-06 1.028453e-06 3.450056e-10 4.220865e-06 clkbuf_leaf_18_v_clk
 3.177578e-06 1.042796e-06 3.450062e-10 4.220719e-06 clkbuf_leaf_195_v_clk
 3.176592e-06 1.041531e-06 3.450056e-10 4.218468e-06 clkbuf_leaf_135_v_clk
 3.152472e-06 1.065611e-06 3.445014e-10 4.218427e-06 clkbuf_leaf_35_w_clk
 3.203895e-06 1.013752e-06 3.450056e-10 4.217992e-06 clkbuf_leaf_147_v_clk
 3.204134e-06 1.010562e-06 3.450056e-10 4.215042e-06 clkbuf_leaf_146_v_clk
 3.191587e-06 1.019409e-06 3.450056e-10 4.211341e-06 clkbuf_leaf_231_v_clk
 3.210781e-06 9.997074e-07 3.450056e-10 4.210834e-06 clkbuf_leaf_149_v_clk
 3.193002e-06 1.016419e-06 3.450056e-10 4.209766e-06 clkbuf_leaf_3_v_clk
 3.160952e-06 1.048053e-06 3.450055e-10 4.209350e-06 clkbuf_leaf_256_v_clk
 3.178750e-06 1.027389e-06 3.450062e-10 4.206485e-06 clkbuf_leaf_200_v_clk
 3.194273e-06 1.010204e-06 3.445020e-10 4.204821e-06 clkbuf_leaf_96_w_clk
 3.211311e-06 9.929212e-07 3.450056e-10 4.204577e-06 clkbuf_leaf_151_v_clk
 3.156717e-06 1.047505e-06 3.450054e-10 4.204566e-06 clkbuf_leaf_57_v_clk
 3.194524e-06 1.005495e-06 3.450055e-10 4.200364e-06 clkbuf_leaf_216_v_clk
 3.175345e-06 1.019055e-06 3.450062e-10 4.194746e-06 clkbuf_leaf_194_v_clk
 3.170606e-06 1.022042e-06 3.450054e-10 4.192993e-06 clkbuf_leaf_28_v_clk
 3.175483e-06 1.017058e-06 3.450062e-10 4.192886e-06 clkbuf_leaf_211_v_clk
 3.195515e-06 9.919346e-07 3.450055e-10 4.187795e-06 clkbuf_leaf_237_v_clk
 3.202229e-06 9.824627e-07 3.450054e-10 4.185037e-06 clkbuf_leaf_37_v_clk
 3.148663e-06 1.031993e-06 3.450062e-10 4.181001e-06 clkbuf_leaf_160_v_clk
 3.163256e-06 1.016261e-06 3.450055e-10 4.179863e-06 clkbuf_leaf_244_v_clk
 3.100423e-06 1.064318e-06 3.445018e-10 4.165085e-06 clkbuf_leaf_118_w_clk
 3.150217e-06 1.011309e-06 3.450062e-10 4.161871e-06 clkbuf_leaf_174_v_clk
 3.160089e-06 1.001403e-06 3.450054e-10 4.161837e-06 clkbuf_leaf_56_v_clk
 3.124605e-06 1.035532e-06 3.450062e-10 4.160482e-06 clkbuf_leaf_170_v_clk
 3.125445e-06 1.023498e-06 3.450062e-10 4.149288e-06 clkbuf_leaf_169_v_clk
 3.205227e-06 9.428291e-07 3.450054e-10 4.148401e-06 clkbuf_leaf_39_v_clk
 3.182277e-06 9.647051e-07 3.450056e-10 4.147327e-06 clkbuf_leaf_136_v_clk
 3.174373e-06 9.628914e-07 3.445020e-10 4.137609e-06 clkbuf_leaf_108_w_clk
 3.152119e-06 9.843029e-07 3.450062e-10 4.136767e-06 clkbuf_leaf_166_v_clk
 3.187628e-06 9.428819e-07 3.450055e-10 4.130855e-06 clkbuf_leaf_238_v_clk
 3.202143e-06 9.281393e-07 3.450056e-10 4.130627e-06 clkbuf_leaf_117_v_clk
 3.175356e-06 9.527954e-07 3.445020e-10 4.128496e-06 clkbuf_leaf_107_w_clk
 3.162639e-06 9.640323e-07 3.450054e-10 4.127016e-06 clkbuf_leaf_42_v_clk
 3.216945e-06 9.064717e-07 3.450055e-10 4.123762e-06 clkbuf_leaf_49_v_clk
 3.213660e-06 9.093768e-07 3.450056e-10 4.123382e-06 clkbuf_leaf_104_v_clk
 3.168554e-06 9.503558e-07 3.450055e-10 4.119255e-06 clkbuf_leaf_7_v_clk
 3.188938e-06 9.256868e-07 3.450055e-10 4.114970e-06 clkbuf_leaf_240_v_clk
 3.217752e-06 8.968429e-07 3.450055e-10 4.114941e-06 clkbuf_leaf_26_v_clk
 3.212381e-06 9.019428e-07 3.450056e-10 4.114669e-06 clkbuf_leaf_137_v_clk
 3.218938e-06 8.938488e-07 3.450056e-10 4.113132e-06 clkbuf_leaf_158_v_clk
 3.214268e-06 8.963766e-07 3.450056e-10 4.110990e-06 clkbuf_leaf_127_v_clk
 3.185363e-06 9.229807e-07 3.450056e-10 4.108689e-06 clkbuf_leaf_120_v_clk
 3.149265e-06 9.570886e-07 3.450055e-10 4.106699e-06 clkbuf_leaf_252_v_clk
 3.218473e-06 8.864208e-07 3.450055e-10 4.105239e-06 clkbuf_leaf_48_v_clk
 3.219542e-06 8.852017e-07 3.450056e-10 4.105088e-06 clkbuf_leaf_152_v_clk
 4.099106e-06 0.000000e+00 1.932153e-10 4.099299e-06 clkload26
 4.098943e-06 0.000000e+00 1.932153e-10 4.099136e-06 clkload25
 3.200807e-06 8.965660e-07 3.450056e-10 4.097718e-06 clkbuf_leaf_232_v_clk
 3.204867e-06 8.918711e-07 3.450056e-10 4.097083e-06 clkbuf_leaf_118_v_clk
 3.155738e-06 9.351139e-07 3.450062e-10 4.091197e-06 clkbuf_leaf_177_v_clk
 3.215858e-06 8.748030e-07 3.450056e-10 4.091006e-06 clkbuf_leaf_114_v_clk
 3.188595e-06 8.942131e-07 3.450062e-10 4.083154e-06 clkbuf_leaf_196_v_clk
 4.081139e-06 0.000000e+00 1.932151e-10 4.081332e-06 clkload28
 3.202126e-06 8.787789e-07 3.450056e-10 4.081250e-06 clkbuf_leaf_236_v_clk
 3.206370e-06 8.720242e-07 3.450056e-10 4.078739e-06 clkbuf_leaf_116_v_clk
 3.179904e-06 8.954458e-07 3.450054e-10 4.075695e-06 clkbuf_leaf_52_v_clk
 3.222428e-06 8.475527e-07 3.450056e-10 4.070326e-06 clkbuf_leaf_155_v_clk
 3.167310e-06 9.017548e-07 3.450054e-10 4.069410e-06 clkbuf_leaf_58_v_clk
 3.218302e-06 8.482734e-07 3.450056e-10 4.066921e-06 clkbuf_leaf_99_v_clk
 3.221990e-06 8.401175e-07 3.450055e-10 4.062452e-06 clkbuf_leaf_50_v_clk
 3.170335e-06 8.881128e-07 3.445014e-10 4.058792e-06 clkbuf_leaf_45_w_clk
 3.223092e-06 8.257578e-07 3.450055e-10 4.049195e-06 clkbuf_leaf_51_v_clk
 3.182240e-06 8.637357e-07 3.450054e-10 4.046321e-06 clkbuf_leaf_54_v_clk
 3.190368e-06 8.554086e-07 3.450056e-10 4.046122e-06 clkbuf_leaf_121_v_clk
 3.169927e-06 8.734093e-07 3.450062e-10 4.043682e-06 clkbuf_leaf_182_v_clk
 4.009554e-06 0.000000e+00 2.585913e-10 4.009813e-06 clkload2
 3.162186e-06 8.452287e-07 3.450062e-10 4.007760e-06 clkbuf_leaf_175_v_clk
 3.190576e-06 8.130710e-07 3.450062e-10 4.003992e-06 clkbuf_leaf_193_v_clk
 3.198951e-06 7.894067e-07 3.450055e-10 3.988703e-06 clkbuf_leaf_242_v_clk
 3.198985e-06 7.885086e-07 3.450055e-10 3.987839e-06 clkbuf_leaf_247_v_clk
 3.229111e-06 7.469470e-07 3.450055e-10 3.976403e-06 clkbuf_leaf_82_v_clk
 3.175377e-06 7.981055e-07 3.450062e-10 3.973828e-06 clkbuf_leaf_161_v_clk
 3.179511e-06 7.936133e-07 3.450055e-10 3.973470e-06 clkbuf_leaf_250_v_clk
 3.180498e-06 7.890919e-07 3.445014e-10 3.969935e-06 clkbuf_leaf_30_w_clk
 3.201618e-06 7.542617e-07 3.450055e-10 3.956225e-06 clkbuf_leaf_241_v_clk
 3.177364e-06 7.621567e-07 3.450054e-10 3.939866e-06 clkbuf_leaf_40_v_clk
 3.167520e-06 7.713506e-07 3.450062e-10 3.939216e-06 clkbuf_leaf_176_v_clk
 3.168362e-06 7.587689e-07 3.450062e-10 3.927476e-06 clkbuf_leaf_159_v_clk
 3.231044e-06 6.803459e-07 3.450056e-10 3.911735e-06 clkbuf_leaf_97_v_clk
 3.181443e-06 7.053903e-07 3.450054e-10 3.887178e-06 clkbuf_leaf_46_v_clk
 3.207363e-06 6.756439e-07 3.450055e-10 3.883352e-06 clkbuf_leaf_246_v_clk
 3.191540e-06 6.770498e-07 3.445014e-10 3.868935e-06 clkbuf_leaf_36_w_clk
 3.184413e-06 6.671490e-07 3.450054e-10 3.851907e-06 clkbuf_leaf_55_v_clk
 3.184754e-06 6.602619e-07 3.450054e-10 3.845361e-06 clkbuf_leaf_43_v_clk
 3.697194e-06 0.000000e+00 2.585921e-10 3.697452e-06 clkload12
 3.672318e-06 0.000000e+00 2.585921e-10 3.672576e-06 clkload7
 3.573403e-06 0.000000e+00 2.585921e-10 3.573662e-06 clkload8
 3.442935e-06 0.000000e+00 3.597756e-10 3.443295e-06 clkload42
 3.428267e-06 0.000000e+00 2.585921e-10 3.428525e-06 clkload15
 3.389692e-06 0.000000e+00 2.585920e-10 3.389951e-06 clkload9
 3.368432e-06 0.000000e+00 3.450056e-10 3.368777e-06 clkload149
 3.363161e-06 0.000000e+00 3.450056e-10 3.363506e-06 clkload152
 3.344942e-06 0.000000e+00 3.450056e-10 3.345287e-06 clkload133
 3.318051e-06 0.000000e+00 3.597753e-10 3.318410e-06 clkload44
 3.169817e-06 0.000000e+00 3.597752e-10 3.170177e-06 clkload48
 2.506600e-06 0.000000e+00 1.291732e-10 2.506730e-06 clkload33
 2.382987e-06 0.000000e+00 2.565188e-10 2.383243e-06 clkload39
 2.344612e-06 0.000000e+00 1.291733e-10 2.344741e-06 clkload18
 2.343613e-06 0.000000e+00 2.565186e-10 2.343870e-06 clkload43
 2.321512e-06 0.000000e+00 3.599998e-10 2.321872e-06 clkload139
 2.316043e-06 0.000000e+00 2.565186e-10 2.316299e-06 clkload46
 2.248912e-06 0.000000e+00 2.565185e-10 2.249169e-06 clkload49
 2.223778e-06 0.000000e+00 3.599998e-10 2.224138e-06 clkload130
 2.151986e-06 0.000000e+00 1.291736e-10 2.152115e-06 clkload27
 1.875711e-06 0.000000e+00 1.542986e-10 1.875866e-06 clkload22
 1.801984e-06 0.000000e+00 1.542986e-10 1.802138e-06 clkload21
 1.735237e-06 0.000000e+00 1.542985e-10 1.735392e-06 clkload14
 1.628069e-06 0.000000e+00 2.566682e-10 1.628326e-06 clkload140
 1.620360e-06 0.000000e+00 2.566683e-10 1.620617e-06 clkload151
 1.605626e-06 0.000000e+00 2.566682e-10 1.605883e-06 clkload136
 1.604152e-06 0.000000e+00 1.860891e-10 1.604338e-06 clkload284
 1.603710e-06 0.000000e+00 2.566683e-10 1.603966e-06 clkload150
 1.603688e-06 0.000000e+00 1.860890e-10 1.603875e-06 clkload242
 1.603356e-06 0.000000e+00 1.860890e-10 1.603542e-06 clkload289
 1.602730e-06 0.000000e+00 1.860890e-10 1.602917e-06 clkload240
 1.602539e-06 0.000000e+00 1.860897e-10 1.602725e-06 clkload257
 1.602155e-06 0.000000e+00 1.860889e-10 1.602341e-06 clkload247
 1.601823e-06 0.000000e+00 1.860889e-10 1.602009e-06 clkload192
 1.601691e-06 0.000000e+00 1.860890e-10 1.601877e-06 clkload199
 1.601684e-06 0.000000e+00 1.860890e-10 1.601870e-06 clkload285
 1.601666e-06 0.000000e+00 1.860890e-10 1.601852e-06 clkload323
 1.601477e-06 0.000000e+00 1.860890e-10 1.601663e-06 clkload290
 1.601403e-06 0.000000e+00 1.860888e-10 1.601590e-06 clkload239
 1.601373e-06 0.000000e+00 1.860889e-10 1.601559e-06 clkload241
 1.601134e-06 0.000000e+00 1.860890e-10 1.601320e-06 clkload309
 1.601038e-06 0.000000e+00 1.860889e-10 1.601224e-06 clkload186
 1.600840e-06 0.000000e+00 1.860890e-10 1.601026e-06 clkload322
 1.600709e-06 0.000000e+00 1.860890e-10 1.600895e-06 clkload295
 1.600685e-06 0.000000e+00 1.860890e-10 1.600871e-06 clkload201
 1.600665e-06 0.000000e+00 1.860888e-10 1.600851e-06 clkload211
 1.600600e-06 0.000000e+00 1.860896e-10 1.600787e-06 clkload265
 1.600522e-06 0.000000e+00 1.860888e-10 1.600708e-06 clkload203
 1.600467e-06 0.000000e+00 1.860890e-10 1.600653e-06 clkload330
 1.600202e-06 0.000000e+00 1.860890e-10 1.600388e-06 clkload302
 1.600068e-06 0.000000e+00 1.860890e-10 1.600254e-06 clkload288
 1.600058e-06 0.000000e+00 1.860890e-10 1.600244e-06 clkload332
 1.599747e-06 0.000000e+00 1.860889e-10 1.599933e-06 clkload338
 1.599594e-06 0.000000e+00 1.860889e-10 1.599780e-06 clkload182
 1.599536e-06 0.000000e+00 1.860889e-10 1.599722e-06 clkload175
 1.599448e-06 0.000000e+00 1.860889e-10 1.599634e-06 clkload190
 1.599400e-06 0.000000e+00 1.860896e-10 1.599586e-06 clkload260
 1.599331e-06 0.000000e+00 1.860888e-10 1.599517e-06 clkload213
 1.599327e-06 0.000000e+00 1.860888e-10 1.599513e-06 clkload207
 1.599303e-06 0.000000e+00 1.860889e-10 1.599489e-06 clkload171
 1.599270e-06 0.000000e+00 1.860896e-10 1.599456e-06 clkload263
 1.599237e-06 0.000000e+00 1.860895e-10 1.599423e-06 clkload276
 1.598998e-06 0.000000e+00 1.860889e-10 1.599184e-06 clkload193
 1.598850e-06 0.000000e+00 1.860895e-10 1.599036e-06 clkload274
 1.598591e-06 0.000000e+00 1.860887e-10 1.598777e-06 clkload164
 1.598464e-06 0.000000e+00 1.860889e-10 1.598650e-06 clkload327
 1.598435e-06 0.000000e+00 1.860895e-10 1.598621e-06 clkload281
 1.598306e-06 0.000000e+00 1.860888e-10 1.598492e-06 clkload226
 1.598258e-06 0.000000e+00 1.860890e-10 1.598444e-06 clkload318
 1.598225e-06 0.000000e+00 1.860888e-10 1.598412e-06 clkload224
 1.598202e-06 0.000000e+00 1.860890e-10 1.598388e-06 clkload316
 1.598191e-06 0.000000e+00 1.860889e-10 1.598377e-06 clkload184
 1.598171e-06 0.000000e+00 1.860887e-10 1.598357e-06 clkload233
 1.598129e-06 0.000000e+00 1.860890e-10 1.598315e-06 clkload313
 1.597817e-06 0.000000e+00 1.860889e-10 1.598004e-06 clkload336
 1.597812e-06 0.000000e+00 1.860890e-10 1.597998e-06 clkload315
 1.597810e-06 0.000000e+00 1.860889e-10 1.597996e-06 clkload298
 1.597747e-06 0.000000e+00 1.860888e-10 1.597933e-06 clkload227
 1.597676e-06 0.000000e+00 1.860895e-10 1.597862e-06 clkload279
 1.597626e-06 0.000000e+00 1.860888e-10 1.597812e-06 clkload228
 1.597454e-06 0.000000e+00 1.860895e-10 1.597640e-06 clkload249
 1.597267e-06 0.000000e+00 1.860888e-10 1.597453e-06 clkload178
 1.597266e-06 0.000000e+00 1.860887e-10 1.597452e-06 clkload160
 1.597052e-06 0.000000e+00 1.860895e-10 1.597238e-06 clkload280
 1.596991e-06 0.000000e+00 1.860886e-10 1.597177e-06 clkload215
 1.596970e-06 0.000000e+00 1.860888e-10 1.597157e-06 clkload177
 1.596960e-06 0.000000e+00 1.860888e-10 1.597146e-06 clkload230
 1.596945e-06 0.000000e+00 1.860895e-10 1.597131e-06 clkload272
 1.596819e-06 0.000000e+00 1.282227e-10 1.596947e-06 clkload5
 1.596510e-06 0.000000e+00 1.860886e-10 1.596696e-06 clkload218
 1.596390e-06 0.000000e+00 1.860889e-10 1.596576e-06 clkload297
 1.596304e-06 0.000000e+00 1.860888e-10 1.596490e-06 clkload180
 1.596186e-06 0.000000e+00 1.860886e-10 1.596372e-06 clkload231
 1.596127e-06 0.000000e+00 1.860886e-10 1.596313e-06 clkload217
 1.586258e-06 0.000000e+00 1.542985e-10 1.586413e-06 clkload29
 1.542070e-06 0.000000e+00 2.566682e-10 1.542327e-06 clkload142
 1.513932e-06 0.000000e+00 2.566682e-10 1.514188e-06 clkload131
 1.418759e-06 0.000000e+00 1.855356e-10 1.418945e-06 clkload54
 1.418699e-06 0.000000e+00 1.855354e-10 1.418884e-06 clkload117
 1.417909e-06 0.000000e+00 1.855356e-10 1.418094e-06 clkload53
 1.413650e-06 0.000000e+00 1.855349e-10 1.413836e-06 clkload120
 1.413438e-06 0.000000e+00 1.855357e-10 1.413623e-06 clkload80
 1.412190e-06 0.000000e+00 1.855357e-10 1.412375e-06 clkload81
 1.409235e-06 0.000000e+00 1.855350e-10 1.409421e-06 clkload98
 1.408305e-06 0.000000e+00 1.855350e-10 1.408490e-06 clkload99
 1.155344e-06 0.000000e+00 2.565191e-10 1.155600e-06 clkload85
 1.132522e-06 0.000000e+00 2.565191e-10 1.132778e-06 clkload90
 1.124831e-06 0.000000e+00 2.565191e-10 1.125087e-06 clkload101
 8.871658e-07 0.000000e+00 1.300222e-10 8.872958e-07 clkload134
 8.411540e-07 0.000000e+00 1.300221e-10 8.412840e-07 clkload166
 8.408385e-07 0.000000e+00 1.300220e-10 8.409685e-07 clkload245
 8.407681e-07 0.000000e+00 1.300221e-10 8.408981e-07 clkload162
 8.401686e-07 0.000000e+00 1.300221e-10 8.402986e-07 clkload163
 8.401079e-07 0.000000e+00 1.300220e-10 8.402379e-07 clkload317
 8.398085e-07 0.000000e+00 1.300220e-10 8.399385e-07 clkload321
 8.397461e-07 0.000000e+00 1.300221e-10 8.398761e-07 clkload191
 8.396531e-07 0.000000e+00 1.300220e-10 8.397831e-07 clkload200
 8.396427e-07 0.000000e+00 1.300220e-10 8.397727e-07 clkload291
 8.395039e-07 0.000000e+00 1.300221e-10 8.396339e-07 clkload173
 8.394943e-07 0.000000e+00 1.300220e-10 8.396243e-07 clkload251
 8.392959e-07 0.000000e+00 1.300220e-10 8.394259e-07 clkload248
 8.392864e-07 0.000000e+00 1.300221e-10 8.394164e-07 clkload334
 8.392717e-07 0.000000e+00 1.300221e-10 8.394017e-07 clkload210
 8.391851e-07 0.000000e+00 1.300221e-10 8.393151e-07 clkload165
 8.391729e-07 0.000000e+00 1.300220e-10 8.393029e-07 clkload304
 8.390244e-07 0.000000e+00 1.300221e-10 8.391544e-07 clkload219
 8.389815e-07 0.000000e+00 1.300221e-10 8.391115e-07 clkload168
 8.389634e-07 0.000000e+00 1.300220e-10 8.390934e-07 clkload264
 8.387958e-07 0.000000e+00 1.300220e-10 8.389258e-07 clkload303
 8.387801e-07 0.000000e+00 1.300221e-10 8.389101e-07 clkload237
 8.387404e-07 0.000000e+00 1.300221e-10 8.388704e-07 clkload167
 8.385044e-07 0.000000e+00 1.300220e-10 8.386344e-07 clkload305
 8.384530e-07 0.000000e+00 1.300220e-10 8.385830e-07 clkload310
 8.384472e-07 0.000000e+00 1.300221e-10 8.385772e-07 clkload333
 8.384231e-07 0.000000e+00 1.300220e-10 8.385531e-07 clkload314
 8.384221e-07 0.000000e+00 1.300221e-10 8.385521e-07 clkload181
 8.383893e-07 0.000000e+00 1.300221e-10 8.385193e-07 clkload208
 8.383816e-07 0.000000e+00 1.300221e-10 8.385116e-07 clkload214
 8.382892e-07 0.000000e+00 1.300220e-10 8.384192e-07 clkload277
 8.382417e-07 0.000000e+00 1.300220e-10 8.383717e-07 clkload296
 8.381239e-07 0.000000e+00 1.300221e-10 8.382539e-07 clkload337
 8.381202e-07 0.000000e+00 1.300221e-10 8.382502e-07 clkload300
 8.381050e-07 0.000000e+00 1.300221e-10 8.382350e-07 clkload172
 8.380359e-07 0.000000e+00 1.300221e-10 8.381659e-07 clkload179
 8.380002e-07 0.000000e+00 1.300220e-10 8.381302e-07 clkload311
 8.379926e-07 0.000000e+00 1.300221e-10 8.381226e-07 clkload329
 8.379748e-07 0.000000e+00 1.300221e-10 8.381048e-07 clkload319
 8.379154e-07 0.000000e+00 1.300221e-10 8.380454e-07 clkload170
 8.375461e-07 0.000000e+00 1.300221e-10 8.376761e-07 clkload159
 8.374415e-07 0.000000e+00 1.300221e-10 8.375715e-07 clkload161
 8.373626e-07 0.000000e+00 1.300221e-10 8.374926e-07 clkload229
 8.373237e-07 0.000000e+00 1.300220e-10 8.374537e-07 clkload273
 8.372792e-07 0.000000e+00 1.300220e-10 8.374092e-07 clkload250
 8.371967e-07 0.000000e+00 1.300220e-10 8.373267e-07 clkload278
 8.371671e-07 0.000000e+00 1.300220e-10 8.372971e-07 clkload312
 8.371485e-07 0.000000e+00 1.300221e-10 8.372785e-07 clkload232
 8.369175e-07 0.000000e+00 1.300221e-10 8.370475e-07 clkload216
 8.367144e-07 0.000000e+00 1.300221e-10 8.368444e-07 clkload176
 8.366466e-07 0.000000e+00 1.300221e-10 8.367766e-07 clkload299
 8.365095e-07 0.000000e+00 1.300221e-10 8.366395e-07 clkload225
 8.358930e-07 0.000000e+00 1.300220e-10 8.360230e-07 clkload271
 7.614719e-07 0.000000e+00 1.533367e-10 7.616252e-07 clkload143
 7.506558e-07 0.000000e+00 1.533367e-10 7.508091e-07 clkload144
 7.506297e-07 0.000000e+00 1.300880e-10 7.507599e-07 clkload116
 7.475940e-07 0.000000e+00 1.300879e-10 7.477241e-07 clkload62
 7.453955e-07 0.000000e+00 1.300879e-10 7.455256e-07 clkload68
 7.448544e-07 0.000000e+00 1.300879e-10 7.449846e-07 clkload70
 7.439065e-07 0.000000e+00 1.300879e-10 7.440366e-07 clkload66
 7.436669e-07 0.000000e+00 1.300880e-10 7.437970e-07 clkload119
 7.417779e-07 0.000000e+00 1.300880e-10 7.419080e-07 clkload95
 7.412486e-07 0.000000e+00 1.300879e-10 7.413787e-07 clkload82
 7.405757e-07 0.000000e+00 1.300879e-10 7.407058e-07 clkload84
 7.403341e-07 0.000000e+00 1.300879e-10 7.404642e-07 clkload75
 7.393097e-07 0.000000e+00 1.300879e-10 7.394398e-07 clkload83
 5.708217e-07 0.000000e+00 1.532622e-10 5.709750e-07 clkload107
 5.549298e-07 0.000000e+00 1.532620e-10 5.550831e-07 clkload104
 5.474327e-07 0.000000e+00 1.532620e-10 5.475860e-07 clkload88
 5.442571e-07 0.000000e+00 1.532620e-10 5.444104e-07 clkload65
 5.435684e-07 0.000000e+00 1.532621e-10 5.437216e-07 clkload51
 5.409017e-07 0.000000e+00 1.532621e-10 5.410549e-07 clkload59
 5.304751e-07 0.000000e+00 1.532621e-10 5.306283e-07 clkload69
 5.276705e-07 0.000000e+00 1.532620e-10 5.278238e-07 clkload109
 5.229732e-07 0.000000e+00 1.532620e-10 5.231264e-07 clkload128
 5.193087e-07 0.000000e+00 1.532620e-10 5.194619e-07 clkload124
 5.140065e-07 0.000000e+00 1.532620e-10 5.141598e-07 clkload125
 4.079708e-07 9.394062e-08 1.846063e-10 5.020960e-07 output16
 4.576379e-07 0.000000e+00 1.275005e-10 4.577654e-07 clkload156
 3.372885e-07 8.415741e-08 1.993838e-10 4.216453e-07 output14
 1.256398e-07 3.141393e-08 2.049825e-10 1.572588e-07 output13
 4.342692e-14 1.431277e-13 3.625888e-10 3.627754e-10 fanout203
 2.192596e-14 1.146089e-13 3.625914e-10 3.627279e-10 fanout166
 1.054031e-13 3.406989e-13 3.622683e-10 3.627144e-10 fanout183
 2.915996e-16 2.104992e-15 3.627097e-10 3.627121e-10 fanout1052
 4.150474e-14 1.080790e-13 3.625288e-10 3.626783e-10 fanout160
 1.772239e-14 4.651383e-14 3.625175e-10 3.625817e-10 fanout260
 2.859345e-14 1.557301e-13 3.623290e-10 3.625134e-10 fanout182
 5.566231e-14 2.017194e-13 3.622110e-10 3.624684e-10 max_cap212
 9.457824e-14 2.837561e-13 3.619764e-10 3.623547e-10 fanout201
 5.653546e-14 1.769865e-13 3.620848e-10 3.623183e-10 fanout216
 3.018533e-14 1.097487e-13 3.621317e-10 3.622716e-10 fanout198
 3.085086e-14 7.530464e-14 3.621317e-10 3.622378e-10 fanout199
 5.889444e-14 1.361787e-13 3.620027e-10 3.621977e-10 fanout161
 4.781746e-14 1.268897e-13 3.617507e-10 3.619254e-10 fanout186
 9.955338e-14 3.216647e-13 3.613380e-10 3.617592e-10 fanout268
 2.293654e-13 4.555434e-13 3.607913e-10 3.614762e-10 fanout188
 7.020738e-14 2.750884e-13 3.609695e-10 3.613148e-10 fanout247
 8.226530e-14 1.955484e-13 3.609326e-10 3.612104e-10 fanout214
 1.042906e-13 4.069116e-13 3.605577e-10 3.610689e-10 max_cap362
 8.394933e-14 2.476435e-13 3.604624e-10 3.607940e-10 fanout690
 1.138753e-13 9.519123e-13 3.595141e-10 3.605799e-10 max_cap369
 6.286147e-14 1.886862e-13 3.602630e-10 3.605145e-10 fanout287
 1.075944e-13 3.128859e-13 3.596151e-10 3.600356e-10 fanout349
 1.175327e-13 4.586494e-13 3.591737e-10 3.597499e-10 fanout687
 1.178729e-13 3.655929e-13 3.592582e-10 3.597417e-10 fanout283
 1.594567e-13 5.071784e-13 3.590582e-10 3.597249e-10 fanout353
 6.450537e-14 1.753538e-13 3.593972e-10 3.596371e-10 fanout317
 1.122359e-13 3.329519e-13 3.591744e-10 3.596196e-10 fanout686
 1.579205e-13 5.714598e-13 3.580722e-10 3.588016e-10 fanout355
 1.197101e-13 4.381606e-13 3.581314e-10 3.586893e-10 fanout663
 2.087027e-13 6.546207e-13 3.576057e-10 3.584691e-10 fanout197
 1.311143e-13 4.506854e-13 3.576991e-10 3.582810e-10 fanout300
 1.479335e-13 5.504417e-13 3.569184e-10 3.576168e-10 fanout785
 1.194187e-13 4.384296e-13 3.569193e-10 3.574772e-10 max_cap788
 1.414209e-13 4.034675e-13 3.569191e-10 3.574640e-10 fanout784
 1.343171e-13 3.848087e-13 3.569195e-10 3.574387e-10 fanout786
 1.449102e-13 5.269880e-13 3.559871e-10 3.566590e-10 fanout781
 1.354209e-13 4.203807e-13 3.559870e-10 3.565428e-10 max_cap783
 1.478684e-13 4.258305e-13 3.558922e-10 3.564659e-10 fanout780
 1.211443e-13 3.575432e-13 3.557331e-10 3.562118e-10 fanout791
 1.194062e-13 2.887861e-13 3.557337e-10 3.561419e-10 fanout793
 1.205066e-13 4.295932e-13 3.551788e-10 3.557289e-10 max_cap777
 1.205787e-13 4.150810e-13 3.551788e-10 3.557145e-10 fanout775
 7.789911e-14 1.948647e-13 3.545651e-10 3.548379e-10 fanout112
 1.236301e-13 3.892827e-13 3.538996e-10 3.544125e-10 fanout960
 1.126113e-13 4.508159e-13 3.530664e-10 3.536298e-10 fanout288
 2.040301e-13 5.610291e-13 3.526985e-10 3.534635e-10 fanout671
 1.117547e-13 4.056091e-13 3.529368e-10 3.534542e-10 max_cap670
 2.107111e-13 6.565903e-13 3.521872e-10 3.530545e-10 fanout684
 2.137254e-13 5.145376e-13 3.521872e-10 3.529155e-10 fanout682
 1.475229e-13 4.302299e-13 3.522448e-10 3.528225e-10 fanout685
 1.544226e-13 8.066530e-13 3.513952e-10 3.523563e-10 wire345
 2.081087e-13 3.938622e-13 3.516009e-10 3.522028e-10 fanout798
 1.349325e-13 3.853104e-13 3.516006e-10 3.521208e-10 fanout800
 1.410810e-13 6.179083e-13 3.513417e-10 3.521007e-10 max_cap348
 1.423631e-13 5.654880e-13 3.508843e-10 3.515921e-10 max_cap338
 1.209665e-13 5.819632e-13 3.506357e-10 3.513386e-10 fanout341
 8.177644e-13 2.415375e-12 3.481047e-10 3.513379e-10 fanout811
 1.551956e-13 4.068217e-13 3.506492e-10 3.512113e-10 fanout319
 1.107443e-13 3.461106e-13 3.505173e-10 3.509742e-10 max_cap210
 7.033477e-14 4.642086e-13 3.496876e-10 3.502222e-10 fanout805
 9.062272e-14 2.379664e-13 3.496881e-10 3.500167e-10 fanout804
 7.318800e-14 4.792909e-13 3.490200e-10 3.495725e-10 max_cap146
 8.354075e-14 4.616955e-13 3.490196e-10 3.495649e-10 fanout147
 1.453972e-13 4.818691e-13 3.484081e-10 3.490354e-10 fanout1025
 1.243855e-13 4.822758e-13 3.484088e-10 3.490155e-10 max_cap1024
 2.791021e-13 4.823145e-13 3.475981e-10 3.483595e-10 fanout1017
 2.189711e-13 8.694197e-13 3.472576e-10 3.483459e-10 fanout266
 1.574978e-13 5.807461e-13 3.475986e-10 3.483369e-10 fanout1015
 1.514500e-13 4.791930e-13 3.476956e-10 3.483262e-10 fanout1021
 1.200740e-13 3.031233e-13 3.478526e-10 3.482758e-10 fanout998
 1.222042e-13 2.799467e-13 3.478520e-10 3.482542e-10 fanout986
 2.468544e-13 4.869368e-13 3.474675e-10 3.482013e-10 fanout259
 1.373697e-13 6.312356e-13 3.464917e-10 3.472603e-10 fanout336
 1.216366e-13 3.520242e-13 3.467477e-10 3.472214e-10 fanout678
 1.173346e-13 4.097611e-13 3.466680e-10 3.471951e-10 max_cap1009
 1.221943e-13 4.019802e-13 3.466685e-10 3.471927e-10 max_cap1003
 1.501755e-13 3.743008e-13 3.466670e-10 3.471914e-10 fanout1010
 1.321069e-13 3.784013e-13 3.466687e-10 3.471793e-10 fanout1001
 1.511516e-13 3.310804e-13 3.466670e-10 3.471492e-10 fanout1004
 1.332397e-13 3.178807e-13 3.466683e-10 3.471194e-10 fanout1006
 7.532397e-14 2.063100e-13 3.467455e-10 3.470272e-10 fanout676
 1.438975e-13 3.778269e-13 3.464919e-10 3.470137e-10 fanout335
 1.660390e-13 3.868391e-13 3.458862e-10 3.464391e-10 fanout667
 1.460876e-13 6.941459e-13 3.455112e-10 3.463514e-10 fanout357
 1.425789e-13 4.531760e-13 3.456316e-10 3.462273e-10 fanout330
 1.387749e-13 3.757808e-13 3.456315e-10 3.461461e-10 fanout326
 1.881693e-13 1.228315e-12 3.439729e-10 3.453894e-10 fanout351
 1.352481e-13 4.148686e-13 3.444074e-10 3.449575e-10 fanout359
 1.124305e-13 4.055660e-13 3.443267e-10 3.448447e-10 fanout285
 1.071699e-13 3.901154e-13 3.443267e-10 3.448240e-10 fanout284
 1.297279e-13 4.296265e-13 3.440676e-10 3.446270e-10 fanout370
 6.327825e-14 1.690008e-13 3.441830e-10 3.444152e-10 fanout245
 1.514715e-13 3.794742e-13 3.437223e-10 3.442532e-10 fanout380
 7.433588e-14 2.277763e-13 3.433468e-10 3.436489e-10 fanout217
 7.443151e-14 2.223455e-13 3.433468e-10 3.436436e-10 fanout218
 7.520064e-14 4.389268e-13 3.431233e-10 3.436374e-10 fanout365
 6.230795e-14 1.540094e-13 3.433244e-10 3.435407e-10 fanout204
 8.802339e-14 2.004953e-13 3.431235e-10 3.434120e-10 fanout363
 8.586064e-14 2.238276e-13 3.430964e-10 3.434061e-10 fanout250
 2.247848e-13 4.309045e-13 3.421328e-10 3.427885e-10 fanout293
 1.072831e-13 3.254232e-13 3.422736e-10 3.427063e-10 fanout281
 7.551701e-14 2.115256e-13 3.421306e-10 3.424176e-10 fanout291
 7.594019e-14 1.899996e-13 3.421306e-10 3.423965e-10 fanout289
 5.450559e-14 1.396635e-13 3.415840e-10 3.417782e-10 fanout162
 3.202039e-14 1.642325e-13 3.413956e-10 3.415919e-10 fanout178
 2.863587e-14 2.433722e-13 3.411023e-10 3.413743e-10 fanout167
 3.464592e-14 9.661840e-14 3.411214e-10 3.412527e-10 fanout265
 4.372442e-14 9.980683e-14 3.410582e-10 3.412017e-10 fanout159
 3.692393e-14 8.215883e-14 3.409412e-10 3.410602e-10 fanout168
 1.762829e-15 9.416375e-15 2.056660e-10 2.056772e-10 max_cap74
 5.264958e-16 1.964066e-15 2.056664e-10 2.056689e-10 max_cap68
 2.760753e-16 1.479789e-15 2.056664e-10 2.056682e-10 max_cap79
 6.175580e-15 3.268800e-14 2.055561e-10 2.055950e-10 fanout140
 1.857825e-14 1.426123e-13 2.054263e-10 2.055875e-10 fanout121
 1.549504e-16 2.524687e-15 2.055646e-10 2.055672e-10 fanout1048
 2.364567e-16 7.052581e-16 2.055287e-10 2.055297e-10 fanout917
 1.573745e-16 4.613723e-16 2.055287e-10 2.055293e-10 fanout912
 3.324382e-16 8.772294e-16 2.054957e-10 2.054969e-10 fanout639
 1.358198e-16 3.748737e-16 2.054791e-10 2.054797e-10 fanout653
 1.368883e-16 3.696707e-16 2.054791e-10 2.054797e-10 fanout660
 1.466060e-16 3.327226e-16 2.054791e-10 2.054796e-10 fanout633
 1.952943e-14 2.284638e-13 2.052302e-10 2.054782e-10 fanout273
 1.389741e-16 3.959371e-16 2.054571e-10 2.054576e-10 fanout645
 8.553120e-15 3.125230e-14 2.053532e-10 2.053930e-10 fanout261
 1.931727e-14 1.065433e-13 2.052423e-10 2.053682e-10 fanout118
 5.116742e-14 2.469161e-13 2.050689e-10 2.053670e-10 fanout83
 2.346812e-14 1.550356e-13 2.051697e-10 2.053482e-10 fanout172
 7.490120e-16 1.720086e-15 2.053082e-10 2.053107e-10 fanout659
 1.834845e-14 8.260578e-14 2.051228e-10 2.052237e-10 wire71
 4.397152e-14 1.162707e-13 2.050615e-10 2.052218e-10 fanout82
 3.731128e-14 1.376709e-13 2.049353e-10 2.051103e-10 fanout154
 1.988130e-14 6.017149e-14 2.049752e-10 2.050552e-10 fanout278
 2.129115e-15 5.768847e-15 2.049829e-10 2.049908e-10 fanout638
 1.038898e-15 2.698112e-15 2.048947e-10 2.048984e-10 fanout652
 4.594401e-14 2.185712e-13 2.045713e-10 2.048358e-10 fanout107
 4.048637e-14 1.934179e-13 2.045631e-10 2.047970e-10 fanout457
 4.932423e-14 1.823241e-13 2.045632e-10 2.047948e-10 fanout476
 5.011030e-14 1.593307e-13 2.045632e-10 2.047726e-10 fanout459
 4.960006e-14 1.541438e-13 2.045632e-10 2.047669e-10 fanout455
 4.854296e-14 1.522198e-13 2.045633e-10 2.047641e-10 fanout441
 3.912697e-14 1.560582e-13 2.045635e-10 2.047587e-10 fanout443
 3.996277e-14 1.468227e-13 2.045632e-10 2.047500e-10 fanout439
 4.153373e-14 1.434298e-13 2.045633e-10 2.047482e-10 fanout462
 4.711663e-14 1.381996e-13 2.045629e-10 2.047482e-10 fanout451
 4.287776e-14 1.306000e-13 2.045634e-10 2.047368e-10 fanout456
 1.215784e-15 4.767912e-15 2.047292e-10 2.047352e-10 fanout634
 4.003014e-14 1.298229e-13 2.045635e-10 2.047333e-10 fanout445
 3.985583e-14 1.293455e-13 2.045634e-10 2.047326e-10 fanout438
 4.349578e-14 1.238341e-13 2.045632e-10 2.047305e-10 fanout428
 4.303098e-14 1.235065e-13 2.045632e-10 2.047297e-10 fanout426
 4.290932e-14 1.234433e-13 2.045630e-10 2.047294e-10 fanout424
 4.279058e-14 1.223341e-13 2.045631e-10 2.047282e-10 fanout467
 3.339451e-14 2.091902e-13 2.044850e-10 2.047276e-10 fanout136
 3.852096e-14 1.251002e-13 2.045628e-10 2.047264e-10 fanout448
 4.766433e-14 1.124069e-13 2.045629e-10 2.047229e-10 fanout450
 4.095818e-14 1.170534e-13 2.045632e-10 2.047212e-10 fanout436
 4.227439e-14 1.121910e-13 2.045627e-10 2.047172e-10 fanout420
 3.882179e-14 1.138717e-13 2.045634e-10 2.047161e-10 fanout435
 4.305991e-14 1.081349e-13 2.045631e-10 2.047143e-10 fanout473
 3.953433e-14 1.113040e-13 2.045633e-10 2.047142e-10 fanout468
 4.330145e-14 1.057515e-13 2.045629e-10 2.047119e-10 fanout460
 3.922124e-14 1.093184e-13 2.045634e-10 2.047119e-10 fanout465
 3.256892e-14 1.494344e-13 2.044851e-10 2.046671e-10 fanout135
 1.110420e-13 9.834349e-13 2.033808e-10 2.044753e-10 fanout106
 3.314970e-14 1.989575e-13 2.030922e-10 2.033243e-10 fanout691
 5.096394e-14 2.600728e-13 2.028476e-10 2.031586e-10 fanout299
 5.261138e-14 1.835658e-13 2.021602e-10 2.023964e-10 fanout350
 3.009432e-13 4.431472e-12 1.974975e-10 2.022300e-10 fanout740
 4.238570e-13 7.103056e-13 2.009078e-10 2.020420e-10 fanout233
 4.195671e-15 1.100939e-14 2.018676e-10 2.018828e-10 fanout655
 1.772182e-13 7.192075e-13 2.009106e-10 2.018071e-10 fanout232
 1.804575e-13 6.526087e-13 2.009106e-10 2.017437e-10 fanout231
 1.507523e-13 3.961022e-14 2.009576e-10 2.011479e-10 output12
 4.569990e-14 1.807431e-13 2.003254e-10 2.005518e-10 fanout324
 3.863055e-14 1.720499e-13 2.003256e-10 2.005363e-10 fanout323
 3.875827e-14 1.586950e-13 2.003256e-10 2.005230e-10 fanout321
 2.164294e-15 6.035129e-15 2.003183e-10 2.003265e-10 fanout632
 3.254021e-15 8.385670e-15 2.001032e-10 2.001148e-10 fanout635
 5.026848e-13 1.835089e-12 1.974989e-10 1.998366e-10 fanout734
 3.855215e-15 1.031845e-14 1.997944e-10 1.998086e-10 fanout636
 6.077725e-13 1.487962e-12 1.976183e-10 1.997140e-10 fanout809
 4.093668e-15 9.922578e-15 1.994361e-10 1.994501e-10 fanout637
 5.275647e-13 1.391116e-12 1.974989e-10 1.994176e-10 fanout739
 4.074487e-13 1.271818e-12 1.976180e-10 1.992973e-10 fanout705
 2.989470e-13 1.378111e-12 1.976181e-10 1.992951e-10 fanout704
 4.045327e-13 1.236885e-12 1.976180e-10 1.992595e-10 fanout710
 3.064955e-13 1.416538e-12 1.975108e-10 1.992339e-10 fanout726
 3.238346e-13 1.344052e-12 1.974932e-10 1.991610e-10 fanout754
 3.553784e-13 1.085858e-12 1.976166e-10 1.990579e-10 fanout697
 3.133638e-13 1.113770e-12 1.976199e-10 1.990470e-10 fanout706
 3.245950e-13 1.208712e-12 1.974932e-10 1.990265e-10 fanout769
 3.241314e-13 1.025540e-12 1.976240e-10 1.989737e-10 fanout808
 3.288697e-13 1.136632e-12 1.974932e-10 1.989587e-10 fanout763
 3.245913e-13 9.920103e-13 1.976240e-10 1.989406e-10 fanout807
 3.308927e-13 1.097438e-12 1.975071e-10 1.989354e-10 fanout712
 3.313960e-13 1.014085e-12 1.974932e-10 1.988386e-10 fanout773
 3.164735e-13 1.011476e-12 1.975040e-10 1.988320e-10 fanout738
 3.269342e-13 8.833310e-13 1.976193e-10 1.988296e-10 fanout700
 3.068452e-13 8.864535e-13 1.976179e-10 1.988112e-10 fanout709
 3.162241e-13 7.255601e-13 1.976209e-10 1.986627e-10 fanout694
 6.383905e-14 4.491264e-13 1.978896e-10 1.984025e-10 fanout797
 4.059482e-15 1.127171e-14 1.982175e-10 1.982328e-10 fanout654
 7.668489e-14 1.872998e-13 1.978897e-10 1.981537e-10 fanout795
 3.458363e-14 1.883048e-13 1.966043e-10 1.968272e-10 fanout117
 4.117471e-14 1.732457e-13 1.966045e-10 1.968189e-10 fanout111
 4.119048e-15 3.377436e-16 1.966736e-10 1.966781e-10 output40
 3.609761e-15 2.010946e-16 1.963594e-10 1.963632e-10 output18
 6.747030e-14 1.924814e-13 1.949622e-10 1.952222e-10 fanout559
 2.755475e-14 1.300497e-15 1.948480e-10 1.948769e-10 output38
 4.003633e-13 4.889150e-12 1.895067e-10 1.947962e-10 fanout401
 3.840199e-14 1.327992e-15 1.944724e-10 1.945122e-10 output33
 4.354970e-14 2.187523e-15 1.943730e-10 1.944188e-10 output52
 1.962623e-14 8.689789e-16 1.943133e-10 1.943338e-10 output62
 7.012217e-14 7.842085e-13 1.933428e-10 1.941972e-10 fanout799
 6.697675e-14 3.098994e-13 1.937685e-10 1.941454e-10 fanout968
 5.511821e-14 3.038827e-13 1.937682e-10 1.941272e-10 fanout978
 6.640995e-14 2.770289e-13 1.937685e-10 1.941120e-10 fanout975
 6.733428e-14 2.174714e-13 1.937685e-10 1.940533e-10 fanout972
 6.841798e-14 2.138335e-13 1.937688e-10 1.940511e-10 fanout963
 6.739244e-14 2.130205e-13 1.937685e-10 1.940490e-10 fanout976
 6.559348e-14 2.079847e-13 1.937690e-10 1.940426e-10 fanout974
 6.797944e-14 1.804046e-13 1.937685e-10 1.940169e-10 fanout977
 2.131460e-14 6.194530e-16 1.939826e-10 1.940045e-10 output59
 6.276492e-14 1.690030e-13 1.937694e-10 1.940012e-10 fanout973
 4.698701e-14 1.537767e-15 1.938380e-10 1.938865e-10 output28
 2.038790e-14 6.532990e-16 1.938228e-10 1.938439e-10 output37
 7.204599e-14 2.857116e-13 1.933428e-10 1.937006e-10 fanout803
 4.581486e-14 1.704992e-15 1.936119e-10 1.936594e-10 output57
 2.460499e-14 1.701137e-15 1.935082e-10 1.935345e-10 output36
 6.553544e-14 1.944779e-13 1.929777e-10 1.932377e-10 fanout588
 3.489558e-14 2.008707e-15 1.931663e-10 1.932032e-10 output17
 4.227644e-14 8.462767e-16 1.929559e-10 1.929990e-10 output35
 5.946636e-14 1.482713e-13 1.927904e-10 1.929982e-10 fanout598
 2.590182e-14 2.835592e-15 1.929569e-10 1.929856e-10 output60
 7.678056e-15 8.206078e-16 1.929133e-10 1.929218e-10 output63
 5.801743e-15 1.659762e-16 1.929131e-10 1.929191e-10 output31
 4.362945e-15 8.648177e-17 1.929131e-10 1.929176e-10 output23
 4.026100e-15 2.088566e-16 1.929131e-10 1.929174e-10 output21
 2.371101e-15 2.984356e-16 1.929133e-10 1.929160e-10 output25
 2.422683e-15 2.549547e-16 1.929132e-10 1.929159e-10 output26
 2.362705e-15 7.620364e-17 1.929132e-10 1.929157e-10 output32
 2.032845e-15 3.319031e-16 1.929133e-10 1.929157e-10 output22
 2.011020e-15 1.766667e-16 1.929134e-10 1.929156e-10 output19
 2.003183e-15 2.413941e-16 1.929132e-10 1.929155e-10 output24
 1.811394e-15 2.206106e-16 1.929133e-10 1.929154e-10 output27
 1.847623e-15 9.744916e-17 1.929134e-10 1.929153e-10 output20
 1.848581e-15 1.489911e-16 1.929133e-10 1.929153e-10 output29
 1.793117e-15 1.533779e-16 1.929133e-10 1.929153e-10 output30
 5.896602e-14 1.868898e-13 1.926469e-10 1.928928e-10 fanout566
 5.511877e-14 1.393658e-13 1.926583e-10 1.928528e-10 fanout552
 6.160193e-14 1.745305e-13 1.926083e-10 1.928444e-10 fanout599
 5.323868e-14 1.505009e-13 1.926366e-10 1.928403e-10 fanout565
 2.474374e-14 1.010155e-15 1.928078e-10 1.928335e-10 output61
 3.891264e-14 2.588787e-15 1.927080e-10 1.927495e-10 output34
 6.502075e-14 1.441219e-13 1.924974e-10 1.927066e-10 fanout579
 5.897731e-14 1.778401e-13 1.924537e-10 1.926906e-10 fanout612
 5.069346e-14 1.077775e-13 1.925044e-10 1.926628e-10 fanout613
 6.089514e-14 1.692873e-13 1.923989e-10 1.926291e-10 fanout575
 6.612342e-14 1.531185e-13 1.922827e-10 1.925019e-10 fanout582
 5.453073e-14 1.337695e-13 1.922774e-10 1.924657e-10 fanout564
 2.299460e-14 1.468575e-15 1.923780e-10 1.924025e-10 output58
 5.760168e-14 1.627673e-13 1.921341e-10 1.923544e-10 fanout609
 5.223129e-14 1.593036e-13 1.921072e-10 1.923188e-10 fanout563
 5.160113e-14 1.465296e-13 1.920632e-10 1.922613e-10 fanout601
 6.283382e-14 1.407480e-13 1.920510e-10 1.922546e-10 fanout597
 5.400135e-14 1.790104e-13 1.919966e-10 1.922296e-10 fanout554
 5.232150e-13 2.103143e-12 1.895125e-10 1.921388e-10 fanout396
 5.025631e-14 1.311679e-13 1.919083e-10 1.920898e-10 fanout573
 5.695786e-14 1.342468e-13 1.918972e-10 1.920884e-10 fanout572
 5.182758e-14 1.188892e-13 1.918813e-10 1.920520e-10 fanout605
 5.164000e-14 1.387361e-13 1.918535e-10 1.920439e-10 fanout585
 5.867663e-14 1.324246e-13 1.918364e-10 1.920274e-10 fanout611
 1.357970e-14 3.264403e-16 1.920034e-10 1.920173e-10 output39
 5.058839e-14 1.353230e-13 1.917541e-10 1.919400e-10 fanout561
 4.718081e-14 3.256146e-15 1.918424e-10 1.918928e-10 output41
 4.627926e-14 1.240562e-13 1.916661e-10 1.918364e-10 fanout562
 5.096044e-14 1.589693e-13 1.916110e-10 1.918209e-10 fanout576
 5.135581e-14 1.447271e-13 1.916221e-10 1.918182e-10 fanout560
 5.232661e-14 1.128632e-13 1.916383e-10 1.918035e-10 fanout557
 4.973735e-14 1.255017e-13 1.916111e-10 1.917863e-10 fanout581
 4.688779e-14 1.183523e-13 1.915169e-10 1.916822e-10 fanout553
 4.456046e-14 1.246417e-13 1.914731e-10 1.916423e-10 fanout558
 4.942679e-14 1.128106e-13 1.912258e-10 1.913880e-10 fanout608
 4.399084e-14 1.167082e-13 1.911200e-10 1.912807e-10 fanout574
 4.307502e-13 1.335228e-12 1.895067e-10 1.912727e-10 fanout407
 4.263261e-14 1.085990e-13 1.910817e-10 1.912329e-10 fanout631
 3.113464e-13 1.373656e-12 1.895129e-10 1.911979e-10 fanout418
 5.537775e-13 1.109143e-12 1.895125e-10 1.911754e-10 fanout400
 3.351064e-13 1.207105e-12 1.895254e-10 1.910676e-10 fanout390
 5.891945e-13 8.746817e-13 1.895125e-10 1.909763e-10 fanout398
 3.625477e-13 1.072372e-12 1.895185e-10 1.909534e-10 fanout395
 3.374522e-13 1.086986e-12 1.895254e-10 1.909499e-10 fanout391
 3.107169e-13 1.058917e-12 1.895104e-10 1.908800e-10 fanout402
 2.989306e-13 1.040804e-12 1.895176e-10 1.908573e-10 fanout399
 3.154117e-13 1.027226e-12 1.895103e-10 1.908530e-10 fanout410
 2.863241e-13 1.018550e-12 1.895261e-10 1.908310e-10 fanout392
 3.097948e-13 9.684196e-13 1.895080e-10 1.907862e-10 fanout408
 4.016251e-14 1.744992e-13 1.905041e-10 1.907188e-10 fanout149
 2.827130e-13 9.045722e-13 1.895122e-10 1.906995e-10 fanout405
 2.934397e-13 8.815462e-13 1.895138e-10 1.906888e-10 fanout415
 3.144767e-13 8.520722e-13 1.895104e-10 1.906769e-10 fanout406
 4.285252e-14 1.206545e-13 1.905040e-10 1.906675e-10 fanout148
 3.224074e-13 8.260575e-13 1.895103e-10 1.906588e-10 fanout413
 2.976224e-13 8.352733e-13 1.895095e-10 1.906424e-10 fanout411
 6.949815e-14 2.839920e-13 1.898311e-10 1.901846e-10 fanout1026
 2.831447e-13 2.648498e-13 1.892195e-10 1.897675e-10 fanout982
 2.877033e-13 2.468777e-13 1.892195e-10 1.897541e-10 fanout1000
 2.895017e-13 1.954457e-13 1.892195e-10 1.897045e-10 fanout979
 6.422095e-14 2.535843e-13 1.892198e-10 1.895376e-10 fanout994
 5.617029e-14 2.076996e-13 1.892203e-10 1.894842e-10 fanout997
 6.785222e-14 1.634973e-13 1.892196e-10 1.894510e-10 fanout985
 2.353886e-13 2.497927e-12 1.861802e-10 1.889135e-10 fanout314
 9.672035e-14 3.383097e-13 1.879158e-10 1.883508e-10 fanout1012
 3.924971e-14 1.456538e-13 1.880046e-10 1.881895e-10 fanout677
 3.676246e-14 1.441783e-13 1.880044e-10 1.881853e-10 fanout680
 3.583903e-14 1.332310e-13 1.880025e-10 1.881716e-10 fanout673
 3.669416e-14 1.314262e-13 1.880023e-10 1.881704e-10 fanout674
 3.609947e-14 1.227802e-13 1.880027e-10 1.881616e-10 fanout672
 3.125969e-15 2.209244e-16 1.881165e-10 1.881198e-10 output64
 8.172908e-14 2.248295e-13 1.870569e-10 1.873635e-10 fanout668
 8.309313e-14 1.717752e-13 1.870569e-10 1.873118e-10 fanout666
 2.585239e-13 7.447075e-13 1.861662e-10 1.871694e-10 fanout315
 8.237401e-14 2.753853e-13 1.867771e-10 1.871349e-10 fanout333
 3.016434e-13 6.364812e-13 1.861807e-10 1.871188e-10 fanout306
 8.333778e-14 2.345731e-13 1.867771e-10 1.870951e-10 fanout328
 6.746329e-14 2.344525e-13 1.867775e-10 1.870794e-10 fanout329
 3.036830e-13 5.925543e-13 1.861807e-10 1.870769e-10 fanout307
 1.907363e-13 6.268411e-13 1.861868e-10 1.870044e-10 fanout301
 2.004200e-13 5.540400e-13 1.861866e-10 1.869410e-10 fanout308
 6.595606e-14 2.598836e-13 1.854301e-10 1.857559e-10 fanout360
 1.801383e-13 8.027850e-13 1.846070e-10 1.855899e-10 fanout239
 1.809444e-13 7.404354e-13 1.846070e-10 1.855284e-10 fanout240
 9.472199e-14 3.261453e-13 1.849521e-10 1.853729e-10 fanout352
 1.423271e-13 5.932015e-13 1.846067e-10 1.853422e-10 fanout237
 1.857570e-13 5.482826e-13 1.846070e-10 1.853410e-10 fanout241
 1.572825e-13 5.720259e-13 1.846056e-10 1.853349e-10 fanout238
 6.958291e-14 3.441941e-13 1.846769e-10 1.850906e-10 fanout387
 6.556217e-14 2.598603e-13 1.846763e-10 1.850017e-10 fanout376
 6.868420e-14 2.494236e-13 1.846768e-10 1.849949e-10 fanout384
 7.149670e-14 2.339506e-13 1.846767e-10 1.849822e-10 fanout383
 6.395894e-14 2.134122e-13 1.846765e-10 1.849539e-10 fanout378
 1.340972e-13 9.513025e-13 1.836547e-10 1.847401e-10 fanout195
 2.154679e-15 5.837226e-17 1.847091e-10 1.847113e-10 output42
 1.457105e-13 7.675184e-13 1.836562e-10 1.845694e-10 fanout194
 2.072155e-15 1.962330e-16 1.845602e-10 1.845625e-10 output44
 1.935742e-15 9.901190e-17 1.845602e-10 1.845622e-10 output43
 1.710794e-15 1.779448e-16 1.845602e-10 1.845621e-10 output56
 1.482273e-15 2.506562e-16 1.845602e-10 1.845619e-10 output45
 1.483447e-15 2.181732e-16 1.845602e-10 1.845619e-10 output48
 1.458798e-15 2.418480e-16 1.845602e-10 1.845619e-10 output53
 1.463213e-15 1.394803e-16 1.845602e-10 1.845618e-10 output47
 1.434099e-15 1.251062e-16 1.845602e-10 1.845618e-10 output49
 1.462627e-15 9.480924e-17 1.845602e-10 1.845618e-10 output55
 1.418272e-15 1.223019e-16 1.845602e-10 1.845617e-10 output50
 1.428061e-15 9.375687e-17 1.845602e-10 1.845617e-10 output54
 1.405167e-15 1.016224e-16 1.845602e-10 1.845617e-10 output46
 1.424211e-15 8.127887e-17 1.845602e-10 1.845617e-10 output51
 1.161755e-13 7.722554e-13 1.836547e-10 1.845432e-10 fanout196
 3.619277e-14 1.453118e-13 1.842633e-10 1.844448e-10 fanout219
 3.253692e-14 1.405806e-13 1.842632e-10 1.844363e-10 fanout220
 3.327492e-14 1.301434e-13 1.842384e-10 1.844018e-10 fanout206
 2.995998e-14 1.181313e-13 1.842389e-10 1.843870e-10 fanout208
 1.481151e-13 5.760443e-13 1.836562e-10 1.843803e-10 fanout192
 1.235737e-13 5.041085e-13 1.836553e-10 1.842830e-10 fanout190
 3.788743e-14 9.117841e-14 1.840131e-10 1.841421e-10 fanout595
 3.113088e-14 9.415605e-14 1.837987e-10 1.839240e-10 fanout602
 7.302560e-14 2.875826e-13 1.832015e-10 1.835621e-10 fanout257
 7.469162e-14 2.294678e-13 1.832015e-10 1.835057e-10 fanout254
 5.962618e-14 2.229051e-13 1.832013e-10 1.834839e-10 fanout253
 1.160702e-13 2.644878e-13 1.830139e-10 1.833945e-10 fanout224
 8.440115e-14 2.438415e-13 1.830144e-10 1.833427e-10 fanout225
 8.426107e-14 2.381910e-13 1.830144e-10 1.833369e-10 fanout228
 5.870811e-14 1.930118e-13 1.830144e-10 1.832661e-10 fanout226
 2.336879e-14 4.988044e-14 1.831646e-10 1.832378e-10 fanout603
 5.011180e-14 4.142415e-13 1.825460e-10 1.830103e-10 fanout143
 4.838004e-14 2.712121e-13 1.825449e-10 1.828645e-10 fanout549
 1.838926e-14 4.931518e-14 1.827678e-10 1.828355e-10 fanout589
 4.759564e-14 1.897861e-13 1.825449e-10 1.827822e-10 fanout523
 4.155787e-14 1.465780e-13 1.825449e-10 1.827331e-10 fanout519
 4.804728e-14 1.339457e-13 1.825449e-10 1.827268e-10 fanout524
 3.913783e-14 1.427555e-13 1.825445e-10 1.827263e-10 fanout487
 3.831324e-14 1.408799e-13 1.825444e-10 1.827236e-10 fanout495
 4.222802e-14 1.338817e-13 1.825453e-10 1.827214e-10 fanout536
 4.176424e-14 1.310481e-13 1.825443e-10 1.827171e-10 fanout479
 4.234780e-14 1.265032e-13 1.825453e-10 1.827142e-10 fanout537
 3.925864e-14 1.297501e-13 1.825443e-10 1.827133e-10 fanout484
 4.186758e-14 1.264340e-13 1.825449e-10 1.827132e-10 fanout517
 4.131397e-14 1.262960e-13 1.825449e-10 1.827125e-10 fanout525
 3.961126e-14 1.281531e-13 1.825444e-10 1.827122e-10 fanout486
 4.902586e-14 1.179778e-13 1.825450e-10 1.827120e-10 fanout542
 3.827164e-14 1.278387e-13 1.825453e-10 1.827114e-10 fanout539
 4.301766e-14 1.232839e-13 1.825446e-10 1.827109e-10 fanout508
 3.814423e-14 1.281369e-13 1.825446e-10 1.827109e-10 fanout491
 3.874465e-14 1.267256e-13 1.825454e-10 1.827108e-10 fanout543
 4.026682e-14 1.259130e-13 1.825444e-10 1.827106e-10 fanout501
 4.032378e-14 1.219696e-13 1.825455e-10 1.827078e-10 fanout532
 4.309289e-14 1.188988e-13 1.825446e-10 1.827066e-10 fanout505
 4.457598e-14 1.171060e-13 1.825445e-10 1.827061e-10 fanout481
 4.121925e-14 1.184098e-13 1.825454e-10 1.827050e-10 fanout545
 4.432796e-14 1.156109e-13 1.825445e-10 1.827045e-10 fanout499
 4.091674e-14 1.173377e-13 1.825444e-10 1.827027e-10 fanout500
 3.797197e-14 1.186294e-13 1.825455e-10 1.827020e-10 fanout529
 3.886207e-14 1.139228e-13 1.825446e-10 1.826974e-10 fanout509
 3.949950e-14 1.112573e-13 1.825443e-10 1.826950e-10 fanout482
 3.805152e-14 1.115053e-13 1.825455e-10 1.826950e-10 fanout528
 4.140198e-14 1.062121e-13 1.825454e-10 1.826930e-10 fanout547
 4.056294e-14 1.063499e-13 1.825442e-10 1.826911e-10 fanout489
 4.460658e-14 1.003496e-13 1.825445e-10 1.826895e-10 fanout503
 4.153297e-14 9.739574e-14 1.825454e-10 1.826844e-10 fanout546
 4.159290e-14 4.161233e-15 1.825471e-10 1.825928e-10 output15
 1.597876e-14 4.097380e-14 1.824812e-10 1.825381e-10 fanout570
 3.300854e-14 1.349980e-13 1.821748e-10 1.823428e-10 fanout157
 3.387174e-14 1.014218e-13 1.821748e-10 1.823101e-10 fanout155
 3.875507e-14 1.120056e-13 1.821352e-10 1.822859e-10 fanout276
 4.020922e-14 7.427632e-14 1.821352e-10 1.822497e-10 fanout277
 1.604975e-14 7.121485e-14 1.821168e-10 1.822041e-10 fanout179
 2.409551e-14 8.652074e-14 1.819411e-10 1.820517e-10 fanout176
 2.678306e-14 5.717468e-14 1.819411e-10 1.820250e-10 fanout175
 2.078388e-14 7.901452e-14 1.818804e-10 1.819802e-10 fanout269
 2.188781e-14 4.265600e-14 1.818804e-10 1.819449e-10 fanout270
 2.542974e-14 3.684606e-14 1.818572e-10 1.819195e-10 max_cap171
 1.012312e-14 7.966951e-14 1.816819e-10 1.817717e-10 fanout122
 2.794766e-14 6.277409e-14 1.816609e-10 1.817516e-10 fanout119
 3.765087e-15 7.097834e-15 1.816544e-10 1.816653e-10 fanout593
 1.994174e-16 1.019321e-15 1.815552e-10 1.815565e-10 fanout1092
 1.705870e-16 6.465146e-16 1.815552e-10 1.815561e-10 fanout1099
 5.470999e-17 3.593865e-16 1.814450e-10 1.814454e-10 fanout826
 5.469097e-17 3.632745e-16 1.814450e-10 1.814454e-10 fanout827
 5.524130e-17 2.905540e-16 1.814450e-10 1.814453e-10 fanout824
 4.598457e-17 2.710577e-16 1.814450e-10 1.814453e-10 fanout819
 4.903043e-17 2.437109e-16 1.814450e-10 1.814453e-10 fanout821
 4.306469e-17 1.729198e-16 1.814450e-10 1.814452e-10 fanout823
 5.714025e-17 1.516493e-16 1.814450e-10 1.814452e-10 fanout825
 4.999019e-17 1.495523e-16 1.814450e-10 1.814452e-10 fanout822
 1.683835e-13 4.301867e-12 1.278459e-10 1.323161e-10 _25740_
 1.545873e-13 2.392024e-12 1.286685e-10 1.312151e-10 _26346_
 5.602281e-14 3.284132e-13 1.303035e-10 1.306879e-10 fanout91
 8.603658e-17 2.686083e-16 1.305619e-10 1.305623e-10 fanout1124
 8.610876e-17 2.644283e-16 1.305619e-10 1.305622e-10 fanout1115
 9.751204e-17 2.369261e-16 1.305619e-10 1.305622e-10 fanout1101
 9.160270e-17 2.461084e-16 1.305619e-10 1.305622e-10 fanout1126
 8.634988e-17 2.289242e-16 1.305619e-10 1.305622e-10 fanout1067
 8.377867e-17 2.336883e-16 1.305619e-10 1.305622e-10 fanout1111
 9.206813e-17 2.174527e-16 1.305619e-10 1.305622e-10 fanout1128
 7.146134e-14 1.021470e-13 1.303882e-10 1.305618e-10 fanout223
 2.283077e-14 9.452764e-14 1.304440e-10 1.305614e-10 fanout518
 2.706212e-14 8.256726e-14 1.304440e-10 1.305537e-10 fanout526
 2.425717e-14 2.047445e-13 1.303036e-10 1.305326e-10 fanout619
 2.516314e-14 5.824452e-14 1.304441e-10 1.305275e-10 fanout496
 2.065563e-14 6.211776e-14 1.304440e-10 1.305267e-10 fanout530
 3.295305e-14 9.733854e-14 1.303881e-10 1.305184e-10 fanout227
 3.572902e-14 9.048661e-14 1.303659e-10 1.304921e-10 fanout256
 5.315903e-14 1.167511e-13 1.303033e-10 1.304732e-10 fanout96
 3.585497e-14 1.308151e-13 1.303033e-10 1.304700e-10 fanout94
 2.455104e-14 1.297825e-13 1.303036e-10 1.304579e-10 fanout630
 1.049639e-13 2.011424e-13 1.300104e-10 1.303165e-10 fanout304
 1.643863e-13 3.914325e-13 1.296143e-10 1.301701e-10 fanout416
 1.840808e-13 6.601091e-13 1.286642e-10 1.295084e-10 fanout752
 2.871078e-16 1.518725e-15 1.294428e-10 1.294446e-10 _25870_
 4.178341e-16 1.942651e-15 1.294126e-10 1.294150e-10 _25879_
 1.635157e-13 5.827491e-13 1.286642e-10 1.294105e-10 fanout762
 1.862080e-13 5.313882e-13 1.286625e-10 1.293801e-10 fanout716
 1.606996e-13 5.304339e-13 1.286626e-10 1.293537e-10 fanout715
 1.610543e-13 3.899165e-13 1.286619e-10 1.292129e-10 fanout721
 1.052552e-15 2.068937e-15 1.292095e-10 1.292126e-10 fanout817
 1.875526e-15 7.997741e-15 1.287199e-10 1.287298e-10 _25959_
 2.840876e-15 7.632984e-15 1.284611e-10 1.284716e-10 fanout658
 1.727185e-15 9.524937e-15 1.284378e-10 1.284490e-10 _26311_
 2.687931e-15 6.984181e-15 1.281703e-10 1.281799e-10 fanout650
 6.855966e-14 1.299854e-13 1.279632e-10 1.281617e-10 fanout105
 2.738232e-14 1.827831e-13 1.278217e-10 1.280319e-10 fanout129
 2.741483e-14 1.761902e-13 1.278217e-10 1.280253e-10 fanout133
 2.523939e-14 2.641146e-13 1.276858e-10 1.279752e-10 _25744_
 2.772182e-14 1.253442e-13 1.278217e-10 1.279748e-10 fanout127
 2.440476e-14 1.185281e-13 1.278217e-10 1.279646e-10 fanout123
 3.386019e-14 9.338077e-14 1.278217e-10 1.279490e-10 fanout125
 2.801817e-14 9.129266e-14 1.278217e-10 1.279410e-10 fanout131
 2.140383e-14 6.185574e-14 1.278224e-10 1.279056e-10 fanout466
 2.261613e-14 5.692544e-14 1.278224e-10 1.279019e-10 fanout437
 1.355164e-16 6.819523e-16 1.277074e-10 1.277082e-10 fanout878
 1.164441e-16 2.840443e-16 1.277074e-10 1.277078e-10 fanout870
 8.388367e-17 3.060458e-16 1.277074e-10 1.277078e-10 fanout939
 8.920997e-17 2.916025e-16 1.277074e-10 1.277078e-10 fanout900
 8.448172e-17 2.898309e-16 1.277074e-10 1.277078e-10 fanout938
 8.381429e-17 2.434641e-16 1.277074e-10 1.277077e-10 fanout867
 9.189016e-17 2.226364e-16 1.277074e-10 1.277077e-10 fanout853
 9.010997e-17 2.330019e-16 1.277074e-10 1.277077e-10 fanout893
 9.030728e-17 2.309001e-16 1.277074e-10 1.277077e-10 fanout906
 7.863598e-17 2.322243e-16 1.277074e-10 1.277077e-10 fanout843
 9.724220e-17 2.144004e-16 1.277074e-10 1.277077e-10 fanout844
 9.066766e-17 2.113718e-16 1.277074e-10 1.277077e-10 fanout910
 7.962827e-17 2.143432e-16 1.277074e-10 1.277077e-10 fanout837
 8.464087e-17 2.057275e-16 1.277074e-10 1.277077e-10 fanout895
 7.865883e-17 2.061810e-16 1.277074e-10 1.277077e-10 fanout909
 8.767689e-17 1.923880e-16 1.277074e-10 1.277077e-10 fanout915
 8.063017e-17 2.019662e-16 1.277074e-10 1.277077e-10 fanout922
 8.001655e-17 1.783444e-16 1.277074e-10 1.277077e-10 fanout835
 9.455003e-17 4.775458e-16 1.277032e-10 1.277037e-10 fanout1038
 1.270104e-16 3.663652e-16 1.277032e-10 1.277037e-10 fanout1036
 1.245570e-16 3.308488e-16 1.277032e-10 1.277036e-10 fanout1041
 1.346109e-16 2.878714e-16 1.277032e-10 1.277036e-10 fanout1044
 1.260362e-16 2.734466e-16 1.277032e-10 1.277036e-10 fanout1042
 6.685646e-16 4.111298e-15 1.273456e-10 1.273504e-10 _25680_
 0.000000e+00 1.212616e-17 1.040800e-10 1.040800e-10 input11
 1.149872e-14 7.900303e-14 1.038934e-10 1.039839e-10 input10
 5.745283e-16 7.372357e-16 1.038151e-10 1.038165e-10 _30968_
 5.750090e-16 7.161764e-16 1.038151e-10 1.038164e-10 _30971_
 5.769686e-16 6.329073e-16 1.038151e-10 1.038164e-10 _30975_
 5.786527e-16 5.600105e-16 1.038151e-10 1.038163e-10 _30970_
 5.982966e-16 5.162421e-16 1.038151e-10 1.038163e-10 _30977_
 5.817468e-16 4.251492e-16 1.038151e-10 1.038162e-10 _30972_
 5.829238e-16 3.735430e-16 1.038151e-10 1.038161e-10 _30976_
 5.833138e-16 3.562821e-16 1.038151e-10 1.038161e-10 _30973_
 5.835296e-16 3.470341e-16 1.038151e-10 1.038161e-10 _30974_
 5.870189e-16 2.812108e-16 1.038151e-10 1.038160e-10 _30969_
 1.796958e-14 6.465866e-14 1.031680e-10 1.032506e-10 input4
 1.953835e-14 1.010239e-13 1.030304e-10 1.031510e-10 input3
 1.759801e-14 6.472081e-14 1.030398e-10 1.031221e-10 input2
 8.454107e-16 1.410520e-14 1.031050e-10 1.031199e-10 _30967_
 6.467583e-16 9.753700e-15 1.031050e-10 1.031154e-10 _30960_
 6.476691e-16 8.931252e-15 1.031050e-10 1.031146e-10 _30958_
 8.639242e-16 4.226787e-15 1.031050e-10 1.031101e-10 _30963_
 4.408337e-16 4.106842e-15 1.031050e-10 1.031095e-10 _30962_
 8.701773e-16 3.006134e-15 1.031050e-10 1.031089e-10 _30961_
 4.415809e-16 3.150452e-15 1.031050e-10 1.031086e-10 _30959_
 4.421314e-16 2.481040e-15 1.031050e-10 1.031079e-10 _30965_
 4.421578e-16 2.447666e-15 1.031050e-10 1.031079e-10 _30964_
 4.422567e-16 2.330165e-15 1.031050e-10 1.031077e-10 _30966_
 1.202486e-15 4.188417e-14 1.029720e-10 1.030151e-10 _27460_
 1.802232e-14 5.973369e-14 1.029210e-10 1.029987e-10 input1
 1.892578e-14 2.816571e-14 1.029428e-10 1.029899e-10 _17271_
 1.341873e-14 8.886006e-14 1.028875e-10 1.029897e-10 _27553_
 7.528909e-17 4.515648e-16 1.029768e-10 1.029773e-10 _26219_
 4.421016e-17 2.023728e-16 1.029768e-10 1.029770e-10 _26228_
 3.156444e-17 1.525141e-16 1.029768e-10 1.029770e-10 _25771_
 1.535459e-14 4.817863e-14 1.029114e-10 1.029749e-10 input5
 4.237179e-17 1.744130e-16 1.029742e-10 1.029744e-10 _26058_
 3.478486e-17 1.775196e-16 1.029712e-10 1.029714e-10 _25952_
 1.210624e-16 7.411954e-16 1.029693e-10 1.029702e-10 _25924_
 3.702473e-17 1.651925e-16 1.029693e-10 1.029695e-10 _25781_
 1.348027e-16 1.064269e-15 1.029500e-10 1.029512e-10 _26147_
 3.085397e-16 1.738443e-15 1.029128e-10 1.029148e-10 _25817_
 7.406205e-16 4.303570e-15 1.028722e-10 1.028773e-10 _26155_
 1.068900e-15 5.107188e-15 1.028707e-10 1.028769e-10 _26322_
 9.591536e-16 5.831413e-15 1.028670e-10 1.028738e-10 _25826_
 5.411215e-16 3.075252e-15 1.027829e-10 1.027866e-10 _26003_
 6.987515e-16 1.181036e-14 1.027353e-10 1.027478e-10 _26255_
 1.081802e-15 4.907930e-15 1.027331e-10 1.027391e-10 _25896_
 1.663171e-15 7.827432e-15 1.027249e-10 1.027344e-10 _26067_
 3.050785e-16 1.824582e-15 1.027041e-10 1.027062e-10 _25844_
 2.031323e-15 7.981706e-15 1.026698e-10 1.026798e-10 _25754_
 5.884244e-16 2.298808e-15 1.026285e-10 1.026314e-10 _26301_
 3.226005e-16 1.558780e-15 1.026122e-10 1.026140e-10 _25968_
 1.119029e-15 5.962037e-15 1.025002e-10 1.025073e-10 _25888_
 1.871122e-15 9.915984e-15 1.023886e-10 1.024003e-10 _26265_
 1.621067e-14 1.969023e-13 1.021866e-10 1.023997e-10 _25742_
 1.311706e-15 5.489031e-15 1.023871e-10 1.023939e-10 _26282_
 2.080202e-15 1.013375e-14 1.023071e-10 1.023193e-10 _26051_
 3.420555e-15 1.436266e-14 1.022907e-10 1.023085e-10 _26041_
 3.031657e-15 1.362424e-14 1.022862e-10 1.023029e-10 _25801_
 7.125057e-15 4.753733e-14 1.022434e-10 1.022981e-10 _26010_
 6.963324e-15 5.363419e-14 1.022356e-10 1.022962e-10 _25831_
 1.743549e-14 1.030861e-13 1.021756e-10 1.022962e-10 _25911_
 2.086871e-14 1.562011e-13 1.021140e-10 1.022911e-10 fanout128
 7.224708e-15 4.523244e-14 1.022382e-10 1.022907e-10 _25886_
 2.673656e-15 1.155076e-14 1.022740e-10 1.022882e-10 _26033_
 4.421794e-15 7.356308e-14 1.022010e-10 1.022790e-10 _25687_
 5.144912e-15 2.815614e-14 1.022408e-10 1.022741e-10 _26066_
 4.515945e-15 3.874482e-14 1.022256e-10 1.022689e-10 _25921_
 2.463820e-15 1.492988e-14 1.022513e-10 1.022687e-10 _25792_
 5.521308e-15 1.200091e-13 1.021318e-10 1.022573e-10 _25686_
 8.270287e-15 5.509915e-14 1.021776e-10 1.022409e-10 _26198_
 1.044710e-14 6.799822e-14 1.021616e-10 1.022400e-10 _26264_
 5.984338e-15 4.430694e-14 1.021891e-10 1.022394e-10 _25795_
 4.287752e-15 3.548909e-14 1.021995e-10 1.022393e-10 _25840_
 2.702340e-15 1.095320e-14 1.022051e-10 1.022188e-10 _26284_
 5.627766e-15 3.093203e-14 1.021787e-10 1.022153e-10 _26224_
 7.924930e-15 5.136371e-14 1.021526e-10 1.022119e-10 _25891_
 5.274990e-15 4.206171e-14 1.021597e-10 1.022071e-10 _26082_
 7.824050e-15 3.917488e-14 1.021553e-10 1.022023e-10 _26022_
 7.223327e-15 5.587087e-14 1.021370e-10 1.022001e-10 _25887_
 7.329826e-15 4.806024e-14 1.021415e-10 1.021969e-10 _26208_
 2.118880e-14 5.773303e-14 1.021140e-10 1.021930e-10 fanout132
 4.473927e-15 3.169284e-14 1.021564e-10 1.021925e-10 _25848_
 6.383618e-15 4.534687e-14 1.021385e-10 1.021902e-10 _25812_
 5.727892e-15 3.937853e-14 1.021400e-10 1.021851e-10 _26251_
 6.658074e-15 3.179888e-14 1.021378e-10 1.021762e-10 _25776_
 6.366428e-15 3.216171e-14 1.021322e-10 1.021707e-10 _25851_
 6.939331e-15 5.011666e-14 1.021076e-10 1.021647e-10 _25856_
 3.519700e-15 1.812230e-14 1.021411e-10 1.021628e-10 _26140_
 1.478776e-15 3.233592e-14 1.021289e-10 1.021627e-10 _25684_
 8.805698e-15 5.503789e-14 1.020898e-10 1.021536e-10 _25767_
 4.060733e-15 3.253654e-14 1.021140e-10 1.021506e-10 _25939_
 6.090929e-15 3.908145e-14 1.021050e-10 1.021502e-10 _26280_
 5.602103e-15 3.593912e-14 1.020983e-10 1.021399e-10 _25804_
 4.413404e-16 7.427290e-15 1.021289e-10 1.021367e-10 _25691_
 2.904260e-15 6.130700e-14 1.020675e-10 1.021317e-10 _25695_
 3.940590e-15 2.882752e-14 1.020876e-10 1.021203e-10 _25786_
 2.903251e-15 1.794166e-14 1.020902e-10 1.021110e-10 _25763_
 2.308676e-14 1.488113e-13 1.018680e-10 1.020399e-10 _25746_
 2.042494e-14 9.290466e-14 1.019209e-10 1.020343e-10 _25747_
 9.629078e-17 3.960069e-16 1.020294e-10 1.020299e-10 fanout1040
 9.598613e-16 5.013759e-15 1.020057e-10 1.020117e-10 _25972_
 7.315997e-15 4.398721e-14 1.019279e-10 1.019792e-10 _26227_
 9.773868e-15 9.966595e-14 1.015782e-10 1.016877e-10 _25749_
 8.366227e-15 2.008682e-13 1.014294e-10 1.016386e-10 _17063_
 1.760447e-14 8.870174e-14 1.015090e-10 1.016153e-10 _25748_
 1.378960e-14 1.000182e-13 1.014293e-10 1.015431e-10 _25750_
 6.481498e-14 4.541170e-13 7.620256e-11 7.672149e-11 _15416_
 4.187504e-15 1.437871e-13 7.647202e-11 7.661999e-11 _18819_
 1.075126e-14 3.622142e-14 7.646605e-11 7.651302e-11 _27591_
 1.080794e-14 8.469252e-15 7.648790e-11 7.650718e-11 _18817_
 3.582134e-15 3.900806e-15 7.648573e-11 7.649321e-11 _28519_
 9.179760e-15 2.270900e-14 7.646108e-11 7.649297e-11 _26624_
 1.236618e-15 3.816657e-15 7.648732e-11 7.649237e-11 _28790_
 2.090996e-17 6.060421e-17 7.649129e-11 7.649138e-11 _22967_
 4.170354e-15 5.283907e-15 7.648187e-11 7.649133e-11 _29130_
 5.026434e-16 2.856306e-16 7.648931e-11 7.649011e-11 _27483_
 6.058434e-17 1.737596e-16 7.648841e-11 7.648865e-11 _18086_
 2.296735e-17 6.738138e-17 7.648841e-11 7.648850e-11 _26291_
 2.033378e-17 1.207709e-16 7.648768e-11 7.648782e-11 _26076_
 1.323957e-15 2.706024e-15 7.648296e-11 7.648699e-11 _24217_
 3.550574e-15 3.205729e-15 7.648007e-11 7.648683e-11 _29108_
 5.255648e-17 1.568756e-16 7.648657e-11 7.648678e-11 _26040_
 1.614331e-15 3.653690e-15 7.647989e-11 7.648516e-11 _21000_
 1.237385e-14 2.012633e-14 7.645215e-11 7.648465e-11 _28360_
 2.849788e-15 3.581473e-15 7.647728e-11 7.648371e-11 _22891_
 1.097667e-14 6.471636e-15 7.646606e-11 7.648351e-11 _15375_
 5.230051e-15 4.495491e-15 7.647370e-11 7.648342e-11 _29402_
 1.006769e-16 3.806723e-16 7.648266e-11 7.648314e-11 _25790_
 5.348871e-15 3.210723e-15 7.647337e-11 7.648193e-11 _15054_
 1.320625e-15 1.705752e-15 7.647822e-11 7.648124e-11 _23603_
 3.010185e-16 8.375872e-16 7.647840e-11 7.647954e-11 _26077_
 5.628611e-15 1.150926e-14 7.646151e-11 7.647865e-11 _14986_
 6.000444e-15 9.928135e-15 7.646248e-11 7.647841e-11 _28561_
 1.017512e-14 1.179798e-14 7.645257e-11 7.647455e-11 _15178_
 1.231678e-14 1.119118e-14 7.644980e-11 7.647331e-11 _27999_
 1.360959e-14 9.047042e-15 7.645011e-11 7.647277e-11 _27653_
 1.269307e-14 8.124665e-15 7.645037e-11 7.647119e-11 _27074_
 2.786158e-16 1.748059e-15 7.646912e-11 7.647115e-11 _25791_
 6.489783e-15 3.277839e-15 7.646136e-11 7.647113e-11 _28516_
 3.434575e-15 8.561584e-15 7.645542e-11 7.646742e-11 _19390_
 5.061048e-15 1.916479e-15 7.646015e-11 7.646713e-11 _15100_
 4.060156e-16 9.927716e-16 7.646524e-11 7.646664e-11 _25871_
 1.705566e-16 1.686033e-15 7.646320e-11 7.646506e-11 _26274_
 1.599079e-16 1.440965e-15 7.646320e-11 7.646480e-11 _26273_
 9.982538e-15 1.318228e-14 7.643940e-11 7.646256e-11 _28108_
 1.544178e-14 1.452766e-14 7.643258e-11 7.646255e-11 _14991_
 1.333065e-14 2.116976e-14 7.642630e-11 7.646080e-11 _27885_
 8.507906e-15 9.735095e-15 7.644185e-11 7.646010e-11 _14886_
 1.835588e-14 2.891490e-14 7.641259e-11 7.645986e-11 _27169_
 7.781792e-15 6.539132e-15 7.644298e-11 7.645730e-11 _29328_
 5.595795e-15 4.911457e-15 7.644658e-11 7.645708e-11 _27138_
 1.093773e-14 5.079582e-15 7.644044e-11 7.645645e-11 _29191_
 2.747802e-14 1.297675e-14 7.641583e-11 7.645628e-11 _15036_
 5.538790e-15 2.491880e-15 7.644397e-11 7.645200e-11 _29420_
 9.751672e-15 2.706209e-15 7.643788e-11 7.645033e-11 _27487_
 7.211420e-15 4.847095e-15 7.643525e-11 7.644731e-11 _15014_
 1.360104e-14 5.565111e-15 7.642626e-11 7.644543e-11 _28453_
 1.063017e-14 5.813171e-15 7.642880e-11 7.644525e-11 _27284_
 7.482342e-15 5.801008e-15 7.643059e-11 7.644387e-11 _28176_
 1.039617e-14 5.020638e-15 7.642516e-11 7.644058e-11 _28235_
 9.689241e-15 6.484359e-15 7.642349e-11 7.643966e-11 _28643_
 7.633684e-15 5.705540e-15 7.642630e-11 7.643964e-11 _27418_
 6.852746e-15 6.852700e-15 7.642591e-11 7.643961e-11 _29045_
 7.148950e-15 3.475343e-14 7.639609e-11 7.643799e-11 _21437_
 8.688081e-15 6.180056e-15 7.642119e-11 7.643606e-11 _14908_
 1.599839e-14 1.111558e-14 7.640857e-11 7.643568e-11 _29202_
 1.176302e-14 1.432274e-14 7.640923e-11 7.643531e-11 _27183_
 2.219358e-16 1.285162e-15 7.643092e-11 7.643243e-11 _25860_
 1.044770e-14 1.580716e-14 7.640573e-11 7.643199e-11 _28754_
 1.203297e-14 9.392151e-15 7.640624e-11 7.642766e-11 _28024_
 3.918744e-16 2.619796e-15 7.642313e-11 7.642614e-11 _26094_
 1.081132e-14 7.506696e-15 7.640519e-11 7.642351e-11 _27990_
 8.943533e-15 4.192508e-15 7.641012e-11 7.642326e-11 _14843_
 9.197599e-15 6.202054e-15 7.640626e-11 7.642165e-11 _28778_
 6.551316e-16 2.182150e-15 7.641293e-11 7.641577e-11 _25996_
 1.041198e-14 4.252276e-14 7.635605e-11 7.640898e-11 _21449_
 1.331997e-14 7.689335e-15 7.638695e-11 7.640796e-11 _29288_
 1.079128e-14 4.471720e-15 7.639257e-11 7.640783e-11 _26610_
 2.793034e-15 3.275647e-13 7.607426e-11 7.640462e-11 _25699_
 1.800328e-14 7.292949e-15 7.637806e-11 7.640336e-11 _14786_
 1.061308e-14 6.328425e-15 7.638358e-11 7.640052e-11 _14955_
 1.845374e-14 3.828014e-14 7.634230e-11 7.639903e-11 _27874_
 6.692537e-16 1.768032e-15 7.639531e-11 7.639775e-11 _26121_
 4.428534e-16 1.411021e-15 7.639365e-11 7.639550e-11 _25880_
 6.834967e-16 1.966930e-15 7.639030e-11 7.639295e-11 _26050_
 2.795535e-14 3.274792e-14 7.632890e-11 7.638960e-11 _20454_
 5.578841e-16 1.393816e-15 7.637863e-11 7.638058e-11 _25772_
 8.714951e-14 7.170702e-14 7.622017e-11 7.637903e-11 _26344_
 6.006175e-16 2.114103e-15 7.636694e-11 7.636965e-11 _25897_
 7.940331e-16 2.800079e-15 7.636324e-11 7.636683e-11 _25836_
 8.688062e-16 4.088051e-15 7.635934e-11 7.636429e-11 _26031_
 6.247580e-17 6.217066e-17 7.635470e-11 7.635483e-11 _17231_
 7.142966e-16 8.214708e-15 7.634227e-11 7.635120e-11 _26256_
 5.259023e-16 2.071278e-15 7.634579e-11 7.634839e-11 _26142_
 4.590750e-16 2.669850e-15 7.634431e-11 7.634744e-11 _26133_
 3.241213e-16 1.132284e-15 7.634264e-11 7.634410e-11 _26194_
 1.535420e-14 1.640953e-13 7.615499e-11 7.633444e-11 _28122_
 7.090202e-16 2.782257e-15 7.633040e-11 7.633389e-11 _25917_
 9.237137e-16 2.990686e-15 7.632908e-11 7.633299e-11 _16569_
 7.535999e-16 3.641239e-15 7.631723e-11 7.632162e-11 _26115_
 1.253714e-15 3.075224e-15 7.631315e-11 7.631748e-11 _26024_
 5.573050e-15 1.121477e-14 7.629850e-11 7.631529e-11 _18075_
 1.069490e-15 2.847131e-15 7.630907e-11 7.631298e-11 _26323_
 6.423906e-16 1.854106e-15 7.630740e-11 7.630990e-11 _25925_
 9.909340e-15 3.893797e-14 7.625688e-11 7.630573e-11 _26776_
 1.015313e-15 2.599668e-15 7.630017e-11 7.630379e-11 _25898_
 1.694296e-15 4.646735e-15 7.629553e-11 7.630187e-11 _25755_
 5.895245e-16 1.890523e-15 7.629720e-11 7.629968e-11 _26201_
 1.146211e-15 3.167468e-15 7.629052e-11 7.629484e-11 _26240_
 7.766426e-16 3.482082e-15 7.629015e-11 7.629442e-11 _26175_
 6.283092e-16 2.020171e-15 7.628756e-11 7.629021e-11 _25818_
 5.708760e-16 3.423204e-15 7.628515e-11 7.628915e-11 _26183_
 1.088486e-15 2.381783e-15 7.628181e-11 7.628528e-11 _26247_
 5.585988e-16 1.382418e-15 7.628088e-11 7.628283e-11 _26004_
 1.366263e-14 2.346912e-14 7.624489e-11 7.628202e-11 _26855_
 9.085815e-16 3.122407e-15 7.627717e-11 7.628120e-11 _25799_
 1.444619e-15 6.742946e-15 7.626994e-11 7.627813e-11 _25862_
 7.286661e-16 2.076126e-15 7.627532e-11 7.627812e-11 _26302_
 8.890438e-16 2.796028e-15 7.627365e-11 7.627733e-11 _26088_
 4.314857e-15 6.658041e-15 7.625978e-11 7.627075e-11 _16421_
 1.872530e-14 8.115620e-14 7.616888e-11 7.626876e-11 _18618_
 9.580916e-16 4.246761e-15 7.626289e-11 7.626810e-11 _26184_
 5.667267e-15 1.811838e-14 7.624187e-11 7.626566e-11 _19046_
 1.987412e-15 2.238545e-14 7.624119e-11 7.626556e-11 _25907_
 5.680457e-15 1.496569e-14 7.624232e-11 7.626297e-11 _18069_
 2.049543e-14 1.368584e-13 7.610530e-11 7.626266e-11 _18622_
 2.777911e-14 4.763241e-14 7.618703e-11 7.626244e-11 _29301_
 1.477964e-15 2.297420e-15 7.625060e-11 7.625437e-11 _16439_
 7.721919e-16 1.971694e-15 7.625084e-11 7.625358e-11 _25889_
 6.202611e-16 2.745110e-15 7.624416e-11 7.624753e-11 _25976_
 1.280955e-15 4.593961e-15 7.623767e-11 7.624355e-11 _26215_
 3.642974e-16 1.347444e-15 7.623526e-11 7.623698e-11 _25971_
 1.491332e-15 5.097533e-15 7.621430e-11 7.622089e-11 _26166_
 1.546325e-15 7.197958e-15 7.621097e-11 7.621971e-11 _26122_
 4.810462e-16 1.875203e-14 7.619223e-11 7.621146e-11 _25694_
 2.865923e-14 3.091421e-14 7.614565e-11 7.620522e-11 _27203_
 2.512379e-14 1.574362e-14 7.616108e-11 7.620195e-11 _27448_
 6.944133e-15 1.025018e-13 7.608925e-11 7.619869e-11 _25689_
 8.177811e-15 4.589119e-15 7.618552e-11 7.619829e-11 _28243_
 6.165576e-16 1.965436e-15 7.619484e-11 7.619742e-11 _25945_
 9.209711e-15 5.772753e-15 7.617917e-11 7.619416e-11 _14801_
 2.287677e-15 1.296995e-14 7.617647e-11 7.619173e-11 _26176_
 2.866203e-14 2.294499e-14 7.613848e-11 7.619009e-11 _29425_
 7.881606e-15 1.601571e-14 7.616530e-11 7.618919e-11 _25741_
 5.265515e-15 8.608581e-14 7.609428e-11 7.618563e-11 _25905_
 1.193483e-14 1.292440e-14 7.615977e-11 7.618463e-11 _14830_
 1.196956e-14 9.557967e-15 7.616122e-11 7.618274e-11 _28731_
 2.097432e-15 7.460576e-15 7.617312e-11 7.618268e-11 _26086_
 1.343880e-14 1.276221e-14 7.615368e-11 7.617988e-11 _14766_
 1.283111e-14 1.583710e-14 7.614752e-11 7.617619e-11 _28794_
 1.154672e-14 1.099741e-14 7.615301e-11 7.617556e-11 _14873_
 2.070783e-14 2.299814e-14 7.613152e-11 7.617523e-11 _28623_
 1.601176e-14 1.004810e-14 7.614879e-11 7.617485e-11 _29407_
 1.990823e-14 1.526414e-14 7.613705e-11 7.617223e-11 _29392_
 1.712457e-14 9.125900e-15 7.614545e-11 7.617170e-11 _29220_
 1.187556e-14 6.612858e-15 7.615317e-11 7.617165e-11 _14837_
 5.088633e-15 1.559206e-14 7.615085e-11 7.617153e-11 _26061_
 1.466179e-14 1.224580e-14 7.614456e-11 7.617147e-11 _29052_
 1.374832e-15 9.655701e-15 7.615977e-11 7.617081e-11 _26241_
 1.606359e-14 7.952595e-15 7.614638e-11 7.617040e-11 _28493_
 5.298376e-15 2.984638e-14 7.613453e-11 7.616967e-11 _26036_
 3.875796e-15 3.620273e-14 7.612767e-11 7.616775e-11 _26150_
 5.129908e-15 2.960803e-14 7.613082e-11 7.616556e-11 _26272_
 1.523176e-15 3.748901e-15 7.615995e-11 7.616523e-11 _25808_
 1.772406e-14 1.989610e-14 7.612756e-11 7.616519e-11 _28924_
 3.800499e-15 2.037191e-14 7.614066e-11 7.616484e-11 _25885_
 1.855530e-14 5.537205e-15 7.614057e-11 7.616466e-11 _14840_
 5.774046e-15 6.164519e-14 7.609707e-11 7.616448e-11 _25904_
 1.359814e-15 2.889792e-15 7.615977e-11 7.616402e-11 _25809_
 1.326223e-15 6.724907e-15 7.615458e-11 7.616263e-11 _26108_
 1.495351e-14 9.839190e-14 7.604915e-11 7.616250e-11 _25910_
 1.405459e-14 7.316858e-15 7.613862e-11 7.615999e-11 _27619_
 8.781287e-15 2.646301e-14 7.612450e-11 7.615974e-11 _26254_
 5.733388e-15 1.473826e-14 7.613898e-11 7.615945e-11 _25967_
 1.377957e-14 6.884652e-15 7.613792e-11 7.615858e-11 _14780_
 2.733384e-15 3.454035e-14 7.612101e-11 7.615828e-11 _26279_
 5.092436e-16 1.342976e-15 7.615625e-11 7.615811e-11 _26220_
 1.447422e-15 4.937854e-15 7.615068e-11 7.615707e-11 _26248_
 1.733887e-14 1.329707e-14 7.612440e-11 7.615503e-11 _28445_
 6.775867e-15 9.603475e-14 7.605190e-11 7.615471e-11 _19170_
 1.937228e-14 1.206970e-14 7.612298e-11 7.615442e-11 _29365_
 5.171434e-15 5.997344e-14 7.608909e-11 7.615424e-11 _26278_
 1.448931e-16 3.176484e-16 7.615255e-11 7.615301e-11 _26295_
 1.770810e-14 1.021960e-14 7.612500e-11 7.615292e-11 _28091_
 1.493745e-14 1.455480e-14 7.612332e-11 7.615281e-11 _28316_
 2.294685e-14 1.214364e-14 7.611734e-11 7.615243e-11 _28046_
 7.602838e-16 3.270682e-15 7.614735e-11 7.615138e-11 _26312_
 1.120425e-15 3.414554e-15 7.614680e-11 7.615134e-11 _25977_
 1.345205e-14 1.065253e-14 7.612717e-11 7.615127e-11 _29012_
 2.397257e-15 9.630026e-15 7.613919e-11 7.615121e-11 _25863_
 1.341162e-15 5.033221e-15 7.614438e-11 7.615076e-11 _26269_
 3.998505e-15 2.716205e-14 7.611952e-11 7.615068e-11 _25876_
 1.656975e-14 2.543083e-14 7.610820e-11 7.615020e-11 _28332_
 1.547984e-14 1.058543e-14 7.612368e-11 7.614974e-11 _29172_
 1.601838e-14 2.140651e-14 7.611226e-11 7.614968e-11 _29061_
 2.312947e-15 1.117793e-14 7.613603e-11 7.614952e-11 _26157_
 1.938466e-14 1.050642e-14 7.611919e-11 7.614908e-11 _15086_
 8.717487e-15 5.929656e-14 7.608073e-11 7.614874e-11 _26259_
 2.350984e-14 1.378480e-14 7.611132e-11 7.614862e-11 _28630_
 8.813883e-16 2.392966e-15 7.614513e-11 7.614841e-11 _26095_
 2.563153e-15 3.218473e-14 7.611284e-11 7.614759e-11 _25685_
 5.450546e-15 5.621065e-14 7.608500e-11 7.614666e-11 _25766_
 2.336008e-15 7.384432e-15 7.613659e-11 7.614631e-11 _25970_
 3.049261e-15 1.418271e-14 7.612898e-11 7.614621e-11 _26074_
 3.828011e-15 1.372118e-14 7.612824e-11 7.614579e-11 _25866_
 2.135524e-14 8.429273e-15 7.611548e-11 7.614526e-11 _27802_
 1.697813e-15 8.568428e-15 7.613492e-11 7.614519e-11 _25773_
 2.032599e-14 1.299425e-14 7.611146e-11 7.614478e-11 _27496_
 1.826353e-14 1.308938e-14 7.611287e-11 7.614422e-11 _27792_
 1.610803e-14 1.803493e-14 7.610999e-11 7.614413e-11 _27630_
 4.412776e-15 1.579190e-14 7.612379e-11 7.614399e-11 _25825_
 1.315970e-15 3.448692e-15 7.613919e-11 7.614395e-11 _25853_
 9.401904e-15 2.895666e-14 7.610558e-11 7.614394e-11 _25785_
 5.007590e-15 3.221130e-14 7.610616e-11 7.614338e-11 _26258_
 3.478282e-15 1.640588e-14 7.612193e-11 7.614182e-11 _26327_
 4.844921e-15 2.447981e-14 7.611228e-11 7.614161e-11 _25813_
 6.790419e-15 3.579873e-14 7.609854e-11 7.614114e-11 _26084_
 1.837284e-14 1.371909e-14 7.610869e-11 7.614078e-11 _28675_
 4.967189e-15 4.577745e-14 7.609002e-11 7.614077e-11 _26037_
 8.551043e-15 2.701378e-14 7.610503e-11 7.614059e-11 _26070_
 3.821124e-15 2.175996e-14 7.611489e-11 7.614047e-11 _25823_
 6.005218e-15 1.623331e-14 7.611766e-11 7.613990e-11 _26128_
 5.954640e-15 3.310256e-14 7.610060e-11 7.613966e-11 _26111_
 6.656810e-15 2.346624e-14 7.610876e-11 7.613888e-11 _25869_
 5.654297e-15 1.909838e-14 7.611398e-11 7.613873e-11 _16793_
 3.306175e-15 1.215673e-14 7.612230e-11 7.613776e-11 _25820_
 1.057389e-14 1.229621e-14 7.611485e-11 7.613772e-11 _25690_
 3.201030e-15 1.455692e-14 7.611990e-11 7.613765e-11 _26325_
 1.489915e-14 2.869690e-14 7.609377e-11 7.613737e-11 _24549_
 4.474050e-15 1.407666e-14 7.611878e-11 7.613733e-11 _26001_
 5.470985e-15 1.763922e-14 7.611413e-11 7.613724e-11 _26021_
 4.257669e-15 1.564351e-14 7.611710e-11 7.613700e-11 _26081_
 2.471233e-15 1.126900e-14 7.612286e-11 7.613660e-11 _26299_
 6.921424e-15 2.652685e-14 7.610262e-11 7.613607e-11 _26197_
 2.843255e-15 8.690943e-15 7.612416e-11 7.613569e-11 _26075_
 6.775670e-15 2.930648e-14 7.609911e-11 7.613520e-11 _25982_
 3.805026e-15 1.805164e-14 7.611210e-11 7.613396e-11 _26131_
 5.983902e-15 4.434831e-15 7.612341e-11 7.613382e-11 _25841_
 2.107095e-14 8.397746e-15 7.610419e-11 7.613366e-11 _28883_
 5.571535e-15 9.868977e-15 7.611765e-11 7.613309e-11 _25943_
 7.395893e-15 1.582222e-14 7.610967e-11 7.613289e-11 _25868_
 4.125460e-15 1.348973e-14 7.611438e-11 7.613200e-11 _17368_
 3.272160e-15 1.417119e-14 7.611452e-11 7.613196e-11 _25806_
 5.257672e-15 1.889131e-14 7.610709e-11 7.613123e-11 _26017_
 1.904190e-14 1.424179e-14 7.609757e-11 7.613086e-11 _28323_
 4.555985e-15 1.128270e-14 7.611490e-11 7.613074e-11 _16427_
 1.211924e-14 2.580953e-14 7.609277e-11 7.613070e-11 _26159_
 6.282117e-15 3.540571e-14 7.608891e-11 7.613059e-11 _25833_
 7.643744e-15 1.086460e-14 7.611176e-11 7.613026e-11 _23608_
 1.079517e-14 3.085702e-14 7.608821e-11 7.612986e-11 _22872_
 3.069900e-15 1.419549e-14 7.611229e-11 7.612955e-11 _26006_
 2.424515e-15 7.269747e-15 7.611953e-11 7.612922e-11 _25834_
 4.827257e-15 1.955580e-14 7.610471e-11 7.612909e-11 _17606_
 2.953770e-15 2.119889e-14 7.610487e-11 7.612903e-11 _26162_
 5.020574e-15 3.303280e-14 7.609095e-11 7.612901e-11 _26129_
 5.500881e-15 2.020315e-14 7.610319e-11 7.612889e-11 _25769_
 7.608149e-15 3.555309e-14 7.608557e-11 7.612873e-11 _26191_
 5.012615e-15 1.820075e-14 7.610541e-11 7.612862e-11 _26030_
 1.203297e-15 3.024839e-15 7.612436e-11 7.612858e-11 _26213_
 2.725320e-14 1.388775e-14 7.608722e-11 7.612836e-11 _29278_
 1.394093e-14 3.717050e-14 7.607691e-11 7.612802e-11 _22355_
 3.574067e-15 1.532979e-14 7.610876e-11 7.612766e-11 _26161_
 6.284502e-15 2.919591e-14 7.609206e-11 7.612754e-11 _26027_
 2.981471e-15 1.268383e-14 7.611155e-11 7.612722e-11 _26154_
 7.810950e-15 3.549861e-14 7.608389e-11 7.612720e-11 _25830_
 1.895896e-14 1.431226e-14 7.609388e-11 7.612715e-11 _14731_
 4.471671e-15 1.744097e-14 7.610523e-11 7.612715e-11 _25946_
 9.408056e-15 2.724297e-14 7.609019e-11 7.612684e-11 _26132_
 8.210912e-15 3.153480e-14 7.608704e-11 7.612679e-11 _25757_
 3.143386e-15 1.854157e-14 7.610487e-11 7.612656e-11 _25991_
 4.615747e-15 1.871392e-14 7.610264e-11 7.612597e-11 _25805_
 1.539728e-14 1.468878e-14 7.609516e-11 7.612525e-11 _29256_
 6.321130e-15 2.554544e-14 7.609299e-11 7.612485e-11 _25920_
 6.120207e-15 2.698460e-14 7.609169e-11 7.612479e-11 _26124_
 4.746512e-15 1.463412e-14 7.610412e-11 7.612350e-11 _26018_
 4.092667e-15 1.292930e-14 7.610635e-11 7.612337e-11 _25873_
 7.676527e-15 1.611677e-14 7.609929e-11 7.612308e-11 _26169_
 2.072170e-15 9.120962e-15 7.611174e-11 7.612293e-11 _26016_
 4.858449e-15 2.872383e-14 7.608929e-11 7.612287e-11 _26099_
 2.548487e-15 1.260537e-14 7.610765e-11 7.612281e-11 _26317_
 5.372261e-15 3.048604e-14 7.608687e-11 7.612273e-11 _26179_
 5.565842e-15 1.816878e-14 7.609893e-11 7.612267e-11 _25842_
 3.902609e-15 1.115587e-14 7.610747e-11 7.612252e-11 _26139_
 2.867971e-15 8.901452e-15 7.611007e-11 7.612184e-11 _26172_
 4.438022e-15 3.734140e-14 7.607927e-11 7.612105e-11 _25909_
 5.426683e-15 1.019213e-14 7.610468e-11 7.612030e-11 _26298_
 5.505026e-15 2.823527e-14 7.608650e-11 7.612024e-11 _25955_
 2.879229e-15 2.073915e-14 7.609653e-11 7.612015e-11 _26046_
 8.208682e-15 2.538886e-14 7.608630e-11 7.611990e-11 _26326_
 4.190261e-15 2.833282e-14 7.608707e-11 7.611959e-11 _25775_
 4.580597e-15 2.420305e-14 7.609058e-11 7.611936e-11 _26206_
 4.597923e-15 2.364034e-14 7.609095e-11 7.611919e-11 _26281_
 6.482546e-15 3.069360e-14 7.608186e-11 7.611904e-11 _26048_
 3.494640e-15 1.098394e-14 7.610450e-11 7.611898e-11 _25849_
 5.523186e-15 2.927614e-14 7.608409e-11 7.611889e-11 _25883_
 3.118825e-15 9.228798e-15 7.610654e-11 7.611889e-11 _26073_
 4.598294e-15 2.058829e-14 7.609319e-11 7.611838e-11 _26135_
 4.343659e-15 2.423477e-14 7.608966e-11 7.611824e-11 _26158_
 5.157616e-15 1.367728e-14 7.609929e-11 7.611813e-11 _25900_
 9.293870e-15 2.412102e-14 7.608444e-11 7.611786e-11 _26223_
 4.490873e-15 2.694807e-14 7.608632e-11 7.611776e-11 _25838_
 4.388587e-15 1.650563e-14 7.609671e-11 7.611760e-11 _26199_
 7.068709e-15 2.299664e-14 7.608742e-11 7.611749e-11 _25987_
 4.097370e-15 1.751429e-14 7.609578e-11 7.611740e-11 _26252_
 6.834860e-15 2.165802e-14 7.608876e-11 7.611725e-11 _17294_
 4.196146e-15 2.141608e-14 7.609133e-11 7.611694e-11 _26009_
 2.589864e-15 1.035476e-14 7.610376e-11 7.611671e-11 _25899_
 4.053567e-15 1.094599e-14 7.610153e-11 7.611653e-11 _25770_
 7.241212e-15 1.725881e-14 7.609169e-11 7.611619e-11 _26039_
 3.858496e-15 9.575210e-15 7.610246e-11 7.611589e-11 _26168_
 4.691937e-15 2.462388e-14 7.608632e-11 7.611563e-11 _26171_
 4.873904e-15 9.253976e-15 7.610134e-11 7.611547e-11 _26319_
 7.468024e-15 1.405516e-14 7.609391e-11 7.611543e-11 _25762_
 7.118036e-15 5.827006e-15 7.610244e-11 7.611539e-11 _25949_
 5.705399e-15 1.584988e-14 7.609336e-11 7.611491e-11 _26092_
 5.489845e-15 2.214755e-14 7.608669e-11 7.611433e-11 _25993_
 5.626379e-15 1.826872e-14 7.609002e-11 7.611392e-11 _26028_
 5.942006e-15 2.614140e-14 7.608167e-11 7.611375e-11 _25895_
 7.572986e-15 2.207953e-14 7.608390e-11 7.611355e-11 _26173_
 1.958359e-15 4.268319e-15 7.610729e-11 7.611351e-11 _26324_
 2.990334e-15 6.215133e-15 7.610412e-11 7.611333e-11 _26309_
 4.467078e-15 2.471630e-14 7.608410e-11 7.611328e-11 _26127_
 6.072649e-15 3.092918e-14 7.607610e-11 7.611311e-11 _26239_
 3.946021e-15 2.481947e-14 7.608428e-11 7.611305e-11 _26097_
 7.222704e-15 3.397849e-14 7.607184e-11 7.611305e-11 _26153_
 4.287485e-15 1.267561e-14 7.609597e-11 7.611294e-11 _25857_
 3.508396e-15 2.432025e-14 7.608503e-11 7.611286e-11 _25923_
 2.139807e-15 1.566023e-14 7.609505e-11 7.611285e-11 _25793_
 6.027833e-15 4.013608e-14 7.606590e-11 7.611207e-11 _26277_
 6.998062e-15 1.371004e-14 7.609113e-11 7.611184e-11 _26268_
 4.682693e-15 3.697483e-14 7.607018e-11 7.611183e-11 _26261_
 5.550307e-15 2.425467e-14 7.608149e-11 7.611129e-11 _26181_
 4.228726e-15 2.842242e-14 7.607853e-11 7.611119e-11 _26055_
 7.135877e-15 1.916615e-14 7.608483e-11 7.611113e-11 _25932_
 3.030129e-15 1.507272e-14 7.609301e-11 7.611111e-11 _26250_
 5.380298e-15 5.436966e-15 7.610022e-11 7.611104e-11 _25778_
 4.431678e-15 2.364153e-14 7.608261e-11 7.611069e-11 _26182_
 1.360836e-14 3.037110e-14 7.606669e-11 7.611067e-11 _22976_
 6.337453e-15 3.079475e-14 7.607352e-11 7.611065e-11 _26218_
 7.333241e-15 2.160563e-14 7.608147e-11 7.611042e-11 _26007_
 4.239827e-15 8.278670e-15 7.609766e-11 7.611018e-11 _25589_
 2.947357e-15 8.988570e-15 7.609745e-11 7.610939e-11 _25989_
 6.703907e-15 2.057651e-14 7.608204e-11 7.610933e-11 _25815_
 4.530706e-15 1.494715e-14 7.608968e-11 7.610915e-11 _18159_
 2.549223e-15 9.427097e-15 7.609689e-11 7.610887e-11 _26167_
 5.113225e-15 1.979467e-14 7.608372e-11 7.610863e-11 _26054_
 4.065227e-15 1.527300e-14 7.608929e-11 7.610863e-11 _25756_
 4.598485e-15 1.934037e-14 7.608465e-11 7.610859e-11 _26083_
 3.630024e-15 1.547911e-14 7.608947e-11 7.610858e-11 _26170_
 3.435199e-15 1.929013e-14 7.608576e-11 7.610849e-11 _26321_
 8.598456e-16 2.526455e-15 7.610488e-11 7.610827e-11 _25845_
 4.959391e-15 1.686123e-14 7.608594e-11 7.610777e-11 _26289_
 9.765874e-15 1.846008e-14 7.607949e-11 7.610772e-11 _24441_
 6.400243e-15 2.010386e-14 7.608000e-11 7.610651e-11 _25758_
 6.258246e-15 2.768169e-14 7.607240e-11 7.610634e-11 _25958_
 3.416314e-15 1.709122e-14 7.608576e-11 7.610627e-11 _26200_
 5.353864e-15 1.652879e-14 7.608411e-11 7.610600e-11 _17772_
 3.999542e-15 3.918064e-14 7.606277e-11 7.610595e-11 _26151_
 7.389433e-15 2.904324e-14 7.606937e-11 7.610581e-11 _18513_
 1.127553e-14 2.598809e-14 7.606835e-11 7.610561e-11 _25266_
 4.969092e-15 1.617123e-14 7.608447e-11 7.610561e-11 _25779_
 5.562745e-15 1.656075e-14 7.608316e-11 7.610528e-11 _25894_
 5.244143e-15 2.550865e-14 7.607445e-11 7.610520e-11 _25859_
 6.175287e-15 4.201766e-14 7.605701e-11 7.610520e-11 _25922_
 5.699271e-15 1.866329e-14 7.608038e-11 7.610474e-11 _25929_
 3.131296e-15 1.316239e-14 7.608818e-11 7.610447e-11 _25927_
 3.695610e-15 1.511956e-14 7.608539e-11 7.610421e-11 _26300_
 2.482534e-15 1.100347e-14 7.609060e-11 7.610409e-11 _25990_
 4.952536e-15 1.376165e-14 7.608521e-11 7.610392e-11 _26047_
 2.912634e-15 1.171867e-14 7.608893e-11 7.610356e-11 _26045_
 4.122219e-15 8.780573e-15 7.609059e-11 7.610348e-11 _26296_
 1.024722e-15 5.671770e-15 7.609617e-11 7.610287e-11 _26044_
 4.099654e-15 1.707645e-14 7.608150e-11 7.610268e-11 _26214_
 5.924458e-15 2.618348e-14 7.607055e-11 7.610266e-11 _25794_
 4.089683e-15 1.755808e-14 7.608095e-11 7.610260e-11 _26020_
 6.168656e-15 1.616193e-14 7.608018e-11 7.610251e-11 _26114_
 3.384592e-15 1.470807e-14 7.608392e-11 7.610201e-11 _26126_
 7.014922e-15 2.552687e-14 7.606928e-11 7.610182e-11 _16865_
 4.017719e-15 1.189019e-14 7.608576e-11 7.610167e-11 _26011_
 7.645729e-15 2.566027e-14 7.606830e-11 7.610161e-11 _26035_
 5.132914e-15 2.668212e-14 7.606962e-11 7.610144e-11 _25761_
 3.904037e-15 1.541518e-14 7.608131e-11 7.610063e-11 _25780_
 1.314734e-15 5.447119e-15 7.609356e-11 7.610032e-11 _26313_
 3.946977e-15 6.955840e-15 7.608929e-11 7.610019e-11 _25974_
 4.782344e-15 1.330150e-14 7.608206e-11 7.610014e-11 _25992_
 5.916137e-15 1.659427e-14 7.607741e-11 7.609992e-11 _25796_
 5.909532e-15 1.659592e-14 7.607741e-11 7.609991e-11 _25855_
 5.110474e-15 2.693376e-14 7.606758e-11 7.609963e-11 _25877_
 1.165011e-15 2.794014e-15 7.609542e-11 7.609938e-11 _26005_
 1.778026e-15 8.242943e-15 7.608930e-11 7.609932e-11 _26211_
 5.458085e-15 2.564700e-14 7.606814e-11 7.609924e-11 _25953_
 6.918647e-15 3.018324e-14 7.606182e-11 7.609893e-11 _26093_
 3.895600e-15 1.942937e-14 7.607556e-11 7.609888e-11 _25847_
 3.132809e-15 1.389145e-14 7.608170e-11 7.609872e-11 _26285_
 5.136770e-15 1.348300e-14 7.607871e-11 7.609733e-11 _25753_
 3.225091e-15 1.468584e-14 7.607909e-11 7.609700e-11 _25882_
 6.492581e-15 1.623686e-14 7.607406e-11 7.609680e-11 _26187_
 2.291261e-15 1.000886e-14 7.608336e-11 7.609566e-11 _25947_
 6.065351e-15 2.111012e-14 7.606778e-11 7.609495e-11 _25850_
 2.730528e-15 1.124712e-14 7.608021e-11 7.609419e-11 _25998_
 4.203270e-15 1.601207e-14 7.607390e-11 7.609411e-11 _26065_
 5.267317e-15 2.677148e-14 7.606202e-11 7.609405e-11 _25914_
 5.356007e-15 1.751862e-14 7.607112e-11 7.609400e-11 _18377_
 5.765708e-15 1.914726e-14 7.606906e-11 7.609397e-11 _25865_
 5.670666e-15 1.184988e-14 7.607634e-11 7.609386e-11 _19717_
 5.834376e-15 2.988536e-14 7.605794e-11 7.609367e-11 _25941_
 2.829451e-15 1.703745e-14 7.607372e-11 7.609358e-11 _25802_
 6.544354e-15 2.299230e-14 7.606386e-11 7.609340e-11 _25928_
 4.446998e-15 1.055783e-14 7.607838e-11 7.609338e-11 _20261_
 3.639084e-15 1.841103e-14 7.607111e-11 7.609317e-11 _26002_
 4.244408e-15 1.100717e-14 7.607760e-11 7.609285e-11 _26294_
 5.713398e-15 2.909224e-14 7.605794e-11 7.609274e-11 _26236_
 5.095927e-15 1.669482e-14 7.607075e-11 7.609254e-11 _26145_
 3.490951e-15 3.201488e-14 7.605627e-11 7.609178e-11 _25912_
 4.413163e-15 1.424252e-14 7.607259e-11 7.609125e-11 _26192_
 3.581185e-15 1.590312e-14 7.607168e-11 7.609116e-11 _25902_
 2.050087e-15 1.132395e-14 7.607705e-11 7.609043e-11 _26096_
 1.685260e-15 7.342039e-15 7.608059e-11 7.608961e-11 _26249_
 3.549860e-15 1.520311e-14 7.607075e-11 7.608950e-11 _25931_
 2.401782e-15 7.829209e-15 7.607873e-11 7.608895e-11 _26012_
 4.946758e-15 1.401026e-14 7.606980e-11 7.608876e-11 _26071_
 4.020125e-15 2.075362e-14 7.606332e-11 7.608809e-11 _25864_
 4.482967e-15 2.364336e-14 7.605980e-11 7.608792e-11 _26243_
 1.471507e-15 6.704287e-15 7.607966e-11 7.608783e-11 _26143_
 6.426297e-15 2.229290e-14 7.605905e-11 7.608777e-11 _25950_
 2.372220e-15 8.835651e-15 7.607653e-11 7.608774e-11 _16583_
 6.118776e-15 4.685943e-15 7.607671e-11 7.608752e-11 _20155_
 6.111408e-15 2.216951e-14 7.605924e-11 7.608752e-11 _25797_
 4.007916e-15 2.911617e-14 7.605387e-11 7.608700e-11 _25913_
 3.468177e-15 2.124765e-14 7.606203e-11 7.608675e-11 _26116_
 3.389849e-15 1.386589e-14 7.606910e-11 7.608635e-11 _17560_
 4.862673e-15 1.943068e-14 7.606184e-11 7.608613e-11 _26056_
 1.665992e-15 7.389865e-15 7.607687e-11 7.608592e-11 _26266_
 2.601002e-15 1.064991e-14 7.607261e-11 7.608586e-11 _26090_
 2.771997e-15 1.449427e-14 7.606818e-11 7.608544e-11 _15863_
 4.581938e-15 3.489881e-14 7.604551e-11 7.608499e-11 _25768_
 2.766249e-15 1.588593e-14 7.606592e-11 7.608458e-11 _25919_
 2.438653e-15 5.720310e-15 7.607631e-11 7.608447e-11 _25810_
 3.028487e-15 1.502488e-14 7.606629e-11 7.608435e-11 _26207_
 4.880058e-15 1.944580e-14 7.605961e-11 7.608394e-11 _25787_
 4.175985e-15 1.873528e-14 7.606091e-11 7.608382e-11 _26315_
 4.252041e-15 1.809868e-14 7.606146e-11 7.608381e-11 _25789_
 4.644593e-15 1.917273e-14 7.605943e-11 7.608324e-11 _25777_
 7.577548e-15 2.253711e-14 7.605273e-11 7.608285e-11 _25803_
 3.328486e-15 1.858831e-14 7.606091e-11 7.608283e-11 _25816_
 5.445502e-15 1.684147e-14 7.606035e-11 7.608264e-11 _26263_
 5.095287e-15 2.051652e-14 7.605683e-11 7.608244e-11 _25811_
 7.010254e-15 1.121944e-14 7.606411e-11 7.608233e-11 _21431_
 5.864345e-15 1.716067e-14 7.605924e-11 7.608226e-11 _25893_
 5.268517e-15 1.547936e-14 7.606091e-11 7.608165e-11 _26101_
 6.130394e-15 2.319752e-14 7.605200e-11 7.608133e-11 _26320_
 2.981371e-15 1.544320e-14 7.606277e-11 7.608119e-11 _26196_
 5.085012e-15 5.710117e-15 7.606981e-11 7.608061e-11 _25832_
 5.423625e-15 2.038781e-14 7.605460e-11 7.608041e-11 _26310_
 4.251995e-15 1.421754e-14 7.606165e-11 7.608012e-11 _25957_
 2.615437e-15 1.270075e-14 7.606445e-11 7.607976e-11 _26123_
 5.869637e-15 1.168180e-14 7.606128e-11 7.607883e-11 _26205_
 5.087520e-15 6.000039e-15 7.606744e-11 7.607853e-11 _22057_
 4.913769e-15 8.159885e-15 7.606540e-11 7.607847e-11 _23087_
 3.389971e-15 2.232903e-15 7.607261e-11 7.607823e-11 _26217_
 1.829804e-15 5.430999e-15 7.607075e-11 7.607801e-11 _25926_
 4.274817e-15 2.080885e-14 7.605275e-11 7.607783e-11 _25966_
 3.430495e-15 1.890814e-14 7.605516e-11 7.607750e-11 _25824_
 3.683045e-15 1.698904e-14 7.605628e-11 7.607695e-11 _25858_
 2.118353e-15 6.842559e-15 7.606761e-11 7.607657e-11 _15908_
 3.311971e-15 2.434249e-14 7.604867e-11 7.607633e-11 _25965_
 4.191933e-15 1.621226e-14 7.605516e-11 7.607557e-11 _25760_
 3.868311e-15 1.530083e-14 7.605609e-11 7.607526e-11 _26189_
 1.955142e-15 9.245208e-15 7.606352e-11 7.607472e-11 _26209_
 2.177266e-15 1.090175e-14 7.606148e-11 7.607456e-11 _26307_
 3.105570e-15 1.193625e-14 7.605906e-11 7.607411e-11 _26160_
 4.615646e-15 1.427286e-14 7.605516e-11 7.607405e-11 _26137_
 5.713006e-15 1.573382e-14 7.605255e-11 7.607400e-11 _26286_
 3.319264e-15 1.209187e-14 7.605850e-11 7.607391e-11 _25962_
 3.267219e-15 1.391893e-14 7.605665e-11 7.607383e-11 _25983_
 2.577932e-15 1.007552e-14 7.606055e-11 7.607321e-11 _26117_
 4.257173e-15 5.978591e-15 7.606295e-11 7.607318e-11 _26288_
 3.065780e-15 1.064520e-14 7.605943e-11 7.607314e-11 _26186_
 5.228643e-15 1.499891e-14 7.605200e-11 7.607223e-11 _26038_
 3.255735e-15 1.307928e-14 7.605517e-11 7.607150e-11 _25788_
 2.758505e-15 2.482828e-14 7.604375e-11 7.607134e-11 _15698_
 8.506853e-15 5.312009e-15 7.605751e-11 7.607133e-11 _18511_
 1.542822e-15 2.291398e-14 7.604646e-11 7.607092e-11 _25764_
 2.091881e-15 7.736338e-15 7.606018e-11 7.607000e-11 _25961_
 6.331825e-14 3.165824e-13 7.568923e-11 7.606912e-11 _15507_
 3.498377e-15 1.180890e-14 7.605294e-11 7.606825e-11 _26271_
 3.632472e-16 1.691262e-15 7.606575e-11 7.606780e-11 _25693_
 2.013955e-15 9.752349e-15 7.605554e-11 7.606731e-11 _26225_
 1.325902e-16 7.126898e-16 7.606575e-11 7.606660e-11 _25692_
 1.601044e-15 7.890468e-15 7.605631e-11 7.606581e-11 _17026_
 2.798347e-15 1.479341e-14 7.604738e-11 7.606497e-11 _26328_
 8.442282e-16 2.959744e-15 7.606037e-11 7.606418e-11 _26203_
 3.817382e-15 9.970597e-15 7.604774e-11 7.606153e-11 _25688_
 2.911883e-15 6.342679e-15 7.605164e-11 7.606089e-11 _26257_
 5.268093e-15 7.097821e-15 7.604778e-11 7.606014e-11 _22983_
 4.838131e-15 5.806327e-15 7.604944e-11 7.606009e-11 _21316_
 3.202214e-15 9.716318e-15 7.604516e-11 7.605808e-11 _26102_
 8.766558e-16 2.319244e-15 7.605481e-11 7.605801e-11 _25969_
 8.942451e-15 1.607927e-14 7.603296e-11 7.605799e-11 _15676_
 4.391213e-15 7.666388e-15 7.604538e-11 7.605744e-11 _17152_
 4.424901e-15 1.882116e-14 7.603402e-11 7.605726e-11 _26087_
 4.033198e-15 2.699158e-14 7.602624e-11 7.605726e-11 _26109_
 2.690242e-15 1.213899e-14 7.604200e-11 7.605683e-11 _26034_
 2.779011e-15 8.277533e-15 7.604534e-11 7.605640e-11 _26110_
 2.889215e-15 2.268337e-14 7.603013e-11 7.605570e-11 _26276_
 3.539088e-15 3.405607e-15 7.604741e-11 7.605436e-11 _17191_
 5.076454e-15 5.558311e-15 7.604369e-11 7.605432e-11 _24556_
 2.381051e-15 1.237533e-14 7.603922e-11 7.605398e-11 _25814_
 2.108057e-15 5.501047e-15 7.604571e-11 7.605332e-11 _26221_
 1.737400e-15 1.004092e-14 7.604015e-11 7.605193e-11 _26079_
 2.025022e-15 6.387153e-15 7.604053e-11 7.604894e-11 _25978_
 1.160585e-15 4.093970e-15 7.604163e-11 7.604688e-11 _25890_
 3.211767e-15 3.997922e-15 7.603923e-11 7.604644e-11 _25483_
 4.557970e-15 7.229315e-15 7.603439e-11 7.604618e-11 _26026_
 7.237465e-15 4.454840e-14 7.599379e-11 7.604558e-11 _27665_
 4.657926e-15 5.677988e-15 7.603462e-11 7.604496e-11 _20473_
 3.096084e-15 1.867598e-14 7.602308e-11 7.604486e-11 _26180_
 2.613267e-15 1.012407e-14 7.602735e-11 7.604009e-11 _26204_
 1.546122e-15 4.317482e-15 7.603199e-11 7.603786e-11 _25997_
 3.262233e-15 1.433457e-14 7.601998e-11 7.603757e-11 _17113_
 4.102484e-15 2.259315e-14 7.601047e-11 7.603716e-11 _26222_
 4.566500e-15 9.079452e-15 7.602344e-11 7.603709e-11 _25940_
 1.394449e-15 5.712906e-15 7.602996e-11 7.603707e-11 _25846_
 2.103719e-15 3.257947e-15 7.603107e-11 7.603643e-11 _16176_
 5.438915e-15 2.053444e-14 7.600341e-11 7.602938e-11 _25933_
 1.455583e-15 3.050528e-15 7.602105e-11 7.602555e-11 _25960_
 1.588707e-15 5.229588e-15 7.601456e-11 7.602138e-11 _26304_
 3.127602e-15 9.550688e-15 7.600323e-11 7.601591e-11 _25938_
 4.381813e-15 1.400459e-14 7.599711e-11 7.601550e-11 _26057_
 9.504858e-16 4.735078e-15 7.600937e-11 7.601505e-11 _25881_
 2.880082e-15 1.668211e-14 7.598992e-11 7.600948e-11 _16093_
 1.554629e-15 6.081105e-15 7.599750e-11 7.600513e-11 _26105_
 3.227868e-15 5.255400e-15 7.599564e-11 7.600413e-11 _26314_
 2.822522e-15 1.436644e-14 7.598192e-11 7.599910e-11 _26238_
 2.335368e-15 7.460066e-15 7.598377e-11 7.599357e-11 _26025_
 7.887807e-16 2.699086e-15 7.598952e-11 7.599301e-11 _26107_
 6.542325e-16 2.188726e-15 7.598953e-11 7.599237e-11 _26104_
 2.325938e-15 6.718410e-15 7.598118e-11 7.599022e-11 _25765_
 4.615618e-15 5.243683e-15 7.596097e-11 7.597083e-11 _21208_
 2.868446e-15 1.046464e-14 7.595470e-11 7.596804e-11 _15626_
 6.283996e-15 1.032314e-14 7.595077e-11 7.596737e-11 _24131_
 1.189318e-14 2.214618e-14 7.593220e-11 7.596625e-11 _25745_
 4.868260e-15 7.468413e-15 7.594409e-11 7.595643e-11 _21536_
 5.923101e-15 6.693271e-15 7.593094e-11 7.594355e-11 _20788_
 7.134999e-15 1.151172e-14 7.592053e-11 7.593918e-11 _23503_
 2.456641e-15 1.033472e-14 7.592517e-11 7.593796e-11 _26063_
 2.474022e-14 2.263504e-14 7.588877e-11 7.593614e-11 _18628_
 4.381428e-15 7.799306e-15 7.592258e-11 7.593476e-11 _22879_
 4.211382e-15 1.065163e-14 7.591681e-11 7.593168e-11 _26234_
 4.199403e-15 2.698538e-14 7.589847e-11 7.592965e-11 _19611_
 5.554982e-15 7.967380e-15 7.591498e-11 7.592851e-11 _25273_
 4.389188e-15 1.000062e-14 7.591090e-11 7.592529e-11 _24867_
 5.611371e-15 5.400059e-15 7.591368e-11 7.592469e-11 _24763_
 1.028482e-15 3.791423e-15 7.591015e-11 7.591497e-11 _26015_
 1.659673e-15 3.448832e-15 7.590793e-11 7.591304e-11 _16410_
 3.832323e-15 5.158265e-15 7.590255e-11 7.591154e-11 _24448_
 5.638058e-15 6.082451e-15 7.589959e-11 7.591131e-11 _21741_
 5.025742e-15 1.529030e-14 7.588920e-11 7.590951e-11 _19932_
 4.746122e-15 1.652565e-14 7.588586e-11 7.590713e-11 _24239_
 5.126076e-15 5.540141e-15 7.589532e-11 7.590598e-11 _23400_
 4.155992e-15 1.099090e-14 7.588474e-11 7.589989e-11 _19500_
 5.257306e-15 1.265813e-14 7.588194e-11 7.589986e-11 _26233_
 4.797003e-15 9.608384e-15 7.586213e-11 7.587653e-11 _19061_
 1.337299e-15 6.269783e-15 7.586715e-11 7.587475e-11 _18172_
 9.298836e-16 2.738396e-15 7.587009e-11 7.587376e-11 _26060_
 3.357268e-15 9.033148e-15 7.585858e-11 7.587097e-11 _26235_
 6.524408e-17 1.784274e-16 7.586842e-11 7.586867e-11 _26014_
 9.401586e-16 4.447524e-15 7.586157e-11 7.586695e-11 _17798_
 5.047225e-15 1.818681e-14 7.583835e-11 7.586158e-11 _20157_
 8.708345e-16 3.921379e-15 7.585452e-11 7.585932e-11 _17098_
 3.216818e-15 4.447599e-15 7.585044e-11 7.585810e-11 _23191_
 1.487100e-16 4.890613e-16 7.583466e-11 7.583530e-11 _26165_
 6.319348e-15 7.329013e-15 7.581311e-11 7.582676e-11 _25605_
 9.307124e-16 1.922535e-15 7.581280e-11 7.581565e-11 _15671_
 3.770432e-17 1.011933e-16 7.581241e-11 7.581255e-11 _26059_
 8.162865e-16 1.875359e-15 7.580649e-11 7.580918e-11 _16254_
 1.014836e-14 1.049844e-14 7.578792e-11 7.580857e-11 _29298_
 3.185463e-16 1.319228e-15 7.578978e-11 7.579142e-11 _25683_
 9.750654e-16 5.239405e-15 7.578107e-11 7.578729e-11 _26231_
 5.244173e-16 1.838874e-15 7.578388e-11 7.578625e-11 _17525_
 1.675954e-16 5.960850e-16 7.578478e-11 7.578554e-11 _25681_
 1.878627e-15 9.655837e-15 7.576678e-11 7.577831e-11 _25937_
 1.699867e-16 3.698631e-16 7.577496e-11 7.577550e-11 _17910_
 1.544880e-15 3.581253e-15 7.573770e-11 7.574283e-11 _17573_
 4.841497e-16 1.614772e-15 7.573583e-11 7.573792e-11 _16933_
 3.018401e-16 1.173642e-15 7.573285e-11 7.573433e-11 _26230_
 2.087091e-16 6.428769e-16 7.573082e-11 7.573167e-11 _18228_
 4.326358e-15 1.727207e-14 7.570463e-11 7.572623e-11 _16034_
 8.037378e-16 4.007357e-15 7.571155e-11 7.571636e-11 _18303_
 7.358799e-17 2.165747e-16 7.571153e-11 7.571182e-11 _26229_
 7.450256e-16 3.059333e-15 7.570190e-11 7.570570e-11 _16348_
 1.332310e-15 5.216541e-15 7.569396e-11 7.570052e-11 _17876_
 2.058958e-16 7.624198e-16 7.569390e-11 7.569487e-11 _25935_
 4.143832e-16 2.897297e-15 7.568575e-11 7.568906e-11 _25701_
 2.801316e-16 1.599517e-15 7.568631e-11 7.568819e-11 _15744_
 1.193292e-15 5.359418e-15 7.568134e-11 7.568789e-11 _17446_
 1.032286e-15 6.755920e-16 7.568595e-11 7.568766e-11 _16163_
 1.364695e-15 5.128034e-15 7.568004e-11 7.568653e-11 _17403_
 1.761020e-15 2.626309e-15 7.568002e-11 7.568441e-11 _16843_
 2.069481e-16 2.096545e-15 7.568166e-11 7.568397e-11 _25726_
 2.966111e-17 1.084621e-16 7.568371e-11 7.568385e-11 _25752_
 2.773704e-16 3.491738e-16 7.568222e-11 7.568285e-11 _25722_
 1.299995e-16 1.678929e-15 7.568074e-11 7.568255e-11 _25724_
 1.077075e-16 3.508578e-16 7.568166e-11 7.568212e-11 _25702_
 9.793242e-16 1.076612e-15 7.568000e-11 7.568206e-11 _22818_
 1.563524e-16 3.987160e-16 7.568148e-11 7.568204e-11 _25718_
 7.094941e-17 5.539603e-16 7.568129e-11 7.568192e-11 _25706_
 1.169867e-16 2.225652e-16 7.568148e-11 7.568182e-11 _25705_
 6.283474e-16 4.439220e-16 7.568000e-11 7.568108e-11 _23865_
 2.731935e-17 4.785600e-16 7.568055e-11 7.568106e-11 _25711_
 5.152057e-17 2.873123e-16 7.568055e-11 7.568089e-11 _25707_
 2.728990e-17 2.986798e-16 7.568036e-11 7.568069e-11 _25713_
 2.969741e-17 2.803594e-16 7.568036e-11 7.568068e-11 _25704_
 4.925946e-18 3.784588e-16 7.568000e-11 7.568038e-11 _25730_
 4.925961e-18 3.575405e-16 7.568000e-11 7.568036e-11 _25734_
 5.093826e-18 2.080971e-16 7.568000e-11 7.568021e-11 _25735_
 4.413486e-17 1.542872e-16 7.568000e-11 7.568020e-11 _24596_
 1.279740e-17 1.038619e-16 7.568000e-11 7.568011e-11 _25736_
 1.351429e-17 7.184122e-17 7.568000e-11 7.568008e-11 _15433_
 1.913554e-17 5.344480e-17 7.568000e-11 7.568007e-11 _15445_
 5.705123e-18 6.516732e-17 7.568000e-11 7.568007e-11 _25703_
 5.299274e-18 6.113069e-17 7.568000e-11 7.568007e-11 _25727_
 6.646809e-18 5.289036e-17 7.568000e-11 7.568006e-11 _25717_
 6.039766e-18 5.699876e-17 7.568000e-11 7.568006e-11 _25723_
 9.588803e-18 4.449204e-17 7.568000e-11 7.568005e-11 _15751_
 7.092747e-18 5.025383e-17 7.568000e-11 7.568005e-11 _25714_
 1.554972e-17 3.782811e-17 7.568000e-11 7.568005e-11 _25716_
 8.906890e-18 4.828995e-17 7.568000e-11 7.568005e-11 _25720_
 9.808211e-18 4.425386e-17 7.568000e-11 7.568005e-11 _25725_
 5.655845e-18 4.651100e-17 7.568000e-11 7.568005e-11 _25729_
 6.324327e-18 4.793541e-17 7.568000e-11 7.568005e-11 _25731_
 6.876899e-18 4.346271e-17 7.568000e-11 7.568005e-11 _25708_
 6.277161e-18 4.060520e-17 7.568000e-11 7.568005e-11 _25732_
 7.826879e-18 3.789827e-17 7.568000e-11 7.568005e-11 _25739_
 5.229729e-18 4.091010e-17 7.568000e-11 7.568005e-11 _25751_
 5.763727e-18 3.892790e-17 7.568000e-11 7.568004e-11 _25710_
 6.001825e-18 3.424050e-17 7.568000e-11 7.568004e-11 _25733_
 8.718171e-18 2.186362e-17 7.568000e-11 7.568002e-11 _15480_
 9.374624e-18 1.219861e-17 7.568000e-11 7.568002e-11 _15667_
 9.806904e-18 2.130494e-17 7.568000e-11 7.568002e-11 _21040_
 6.890224e-18 1.800136e-17 7.568000e-11 7.568002e-11 _22921_
 9.716084e-18 1.968362e-17 7.568000e-11 7.568002e-11 _25700_
 7.253097e-18 1.846485e-17 7.568000e-11 7.568002e-11 _25712_
 7.298186e-18 1.757420e-17 7.568000e-11 7.568002e-11 _25715_
 9.053325e-18 9.381826e-18 7.568000e-11 7.568002e-11 _17633_
 8.611140e-18 9.790700e-18 7.568000e-11 7.568002e-11 _25422_
 6.574231e-18 1.193595e-17 7.568000e-11 7.568002e-11 _25709_
 6.212181e-18 1.617992e-17 7.568000e-11 7.568002e-11 _25719_
 8.942339e-18 7.343879e-18 7.568000e-11 7.568001e-11 _17452_
 9.579635e-18 7.614137e-18 7.568000e-11 7.568001e-11 _22301_
 7.131056e-18 8.477654e-18 7.568000e-11 7.568001e-11 _25721_
