     Internal    Switching      Leakage        Total
        Power        Power        Power        Power (Watts)
----------------------------------------------------
 1.713002e-06 6.972768e-07 8.422650e-11 2.410363e-06 clkbuf_0_clk
 1.685501e-06 3.800199e-07 8.422650e-11 2.065605e-06 clkbuf_1_0__f_clk
 1.677067e-06 1.927746e-07 8.422650e-11 1.869926e-06 clkbuf_1_1__f_clk
 1.205626e-10 7.789640e-10 8.162297e-11 9.811495e-10 clkbuf_0_w_clk
 1.230156e-10 4.852352e-10 8.162298e-11 6.898738e-10 clkbuf_0_v_clk
 1.841787e-10 3.478611e-10 8.162308e-11 6.136629e-10 clkbuf_2_3__f_core_clk
 1.840388e-10 3.381417e-10 8.162308e-11 6.038036e-10 clkbuf_2_1__f_core_clk
 1.839438e-10 3.315376e-10 8.162308e-11 5.971045e-10 clkbuf_2_0__f_core_clk
 1.833573e-10 2.907894e-10 8.162308e-11 5.557698e-10 clkbuf_2_2__f_core_clk
 1.813784e-10 2.377945e-10 8.162308e-11 5.007960e-10 clkbuf_0_core_clk
 6.092273e-11 3.934241e-10 4.405151e-11 4.983983e-10 clkbuf_2_2_0_v_clk
 6.071144e-11 3.373226e-10 4.405151e-11 4.420855e-10 clkbuf_2_3_0_v_clk
 6.070858e-11 3.358060e-10 4.405151e-11 4.405661e-10 clkbuf_2_0_0_v_clk
 9.017315e-11 3.015981e-10 4.405155e-11 4.358228e-10 clkbuf_leaf_13_core_clk
 6.067997e-11 3.279512e-10 4.405151e-11 4.326827e-10 clkbuf_2_1_0_v_clk
 1.210914e-10 2.263282e-10 8.162298e-11 4.290426e-10 clkbuf_5_15__f_v_clk
 5.827361e-11 3.204897e-10 4.405151e-11 4.228149e-10 clkbuf_4_12_0_w_clk
 1.207357e-10 2.011691e-10 8.162298e-11 4.035277e-10 clkbuf_5_24__f_v_clk
 1.206866e-10 1.973022e-10 8.162298e-11 3.996118e-10 clkbuf_5_28__f_v_clk
 1.207009e-10 1.957541e-10 8.162298e-11 3.980780e-10 clkbuf_5_12__f_v_clk
 1.206336e-10 1.931784e-10 8.162298e-11 3.954351e-10 clkbuf_5_26__f_v_clk
 1.206324e-10 1.930711e-10 8.162298e-11 3.953264e-10 clkbuf_5_27__f_v_clk
 1.206336e-10 1.926829e-10 8.162298e-11 3.949394e-10 clkbuf_5_7__f_v_clk
 1.206203e-10 1.921201e-10 8.162298e-11 3.943635e-10 clkbuf_5_29__f_v_clk
 1.206135e-10 1.889096e-10 8.162298e-11 3.911461e-10 clkbuf_5_9__f_v_clk
 1.206078e-10 1.884705e-10 8.162298e-11 3.907014e-10 clkbuf_5_8__f_v_clk
 1.205658e-10 1.878841e-10 8.162298e-11 3.900728e-10 clkbuf_5_25__f_v_clk
 1.205354e-10 1.850070e-10 8.162298e-11 3.871655e-10 clkbuf_5_6__f_v_clk
 1.205235e-10 1.845602e-10 8.162298e-11 3.867067e-10 clkbuf_5_30__f_v_clk
 1.205268e-10 1.842909e-10 8.162298e-11 3.864407e-10 clkbuf_5_3__f_v_clk
 1.205073e-10 1.828003e-10 8.162298e-11 3.849306e-10 clkbuf_5_5__f_v_clk
 8.981298e-11 2.484209e-10 4.405155e-11 3.822854e-10 clkbuf_leaf_21_core_clk
 1.202581e-10 1.800114e-10 8.162298e-11 3.818925e-10 clkbuf_5_17__f_v_clk
 1.204117e-10 1.753131e-10 8.162298e-11 3.773478e-10 clkbuf_5_4__f_v_clk
 1.201373e-10 1.706176e-10 8.162298e-11 3.723779e-10 clkbuf_5_18__f_v_clk
 1.203408e-10 1.702819e-10 8.162298e-11 3.722457e-10 clkbuf_5_31__f_v_clk
 1.203380e-10 1.673945e-10 8.162298e-11 3.693554e-10 clkbuf_5_14__f_v_clk
 1.200899e-10 1.669264e-10 8.162298e-11 3.686393e-10 clkbuf_5_16__f_v_clk
 1.202901e-10 1.636230e-10 8.162298e-11 3.655361e-10 clkbuf_5_11__f_v_clk
 1.202087e-10 1.594238e-10 8.162298e-11 3.612555e-10 clkbuf_5_2__f_v_clk
 1.199941e-10 1.594749e-10 8.162298e-11 3.610920e-10 clkbuf_5_19__f_v_clk
 1.201984e-10 1.586317e-10 8.162298e-11 3.604531e-10 clkbuf_5_1__f_v_clk
 1.201637e-10 1.537482e-10 8.162298e-11 3.555349e-10 clkbuf_5_13__f_v_clk
 1.201568e-10 1.531999e-10 8.162298e-11 3.549797e-10 clkbuf_5_10__f_v_clk
 1.198944e-10 1.517010e-10 8.162298e-11 3.532185e-10 clkbuf_5_20__f_v_clk
 1.198047e-10 1.447315e-10 8.162298e-11 3.461592e-10 clkbuf_5_23__f_v_clk
 1.198041e-10 1.446706e-10 8.162298e-11 3.460977e-10 clkbuf_5_21__f_v_clk
 1.199896e-10 1.423165e-10 8.162298e-11 3.439291e-10 clkbuf_5_0__f_v_clk
 8.940922e-11 2.057206e-10 4.405155e-11 3.391814e-10 clkbuf_leaf_20_core_clk
 5.774064e-11 2.322105e-10 4.405151e-11 3.340026e-10 clkbuf_4_13_0_w_clk
 8.932103e-11 1.987458e-10 4.405155e-11 3.321184e-10 clkbuf_leaf_19_core_clk
 5.767763e-11 2.281541e-10 4.405151e-11 3.298833e-10 clkbuf_4_4_0_w_clk
 1.195576e-10 1.254978e-10 8.162298e-11 3.266784e-10 clkbuf_5_22__f_v_clk
 5.767034e-11 2.242831e-10 4.405151e-11 3.260049e-10 clkbuf_4_8_0_w_clk
 5.763362e-11 2.189239e-10 4.405151e-11 3.206090e-10 clkbuf_4_11_0_w_clk
 5.757012e-11 2.151663e-10 4.405151e-11 3.167880e-10 clkbuf_4_7_0_w_clk
 5.757392e-11 2.136708e-10 4.405151e-11 3.152962e-10 clkbuf_4_2_0_w_clk
 5.755677e-11 2.121722e-10 4.405151e-11 3.137804e-10 clkbuf_4_0_0_w_clk
 5.756607e-11 2.105240e-10 4.405151e-11 3.121416e-10 clkbuf_4_15_0_w_clk
 5.750000e-11 2.065744e-10 4.405151e-11 3.081259e-10 clkbuf_4_5_0_w_clk
 5.750490e-11 2.058944e-10 4.405151e-11 3.074508e-10 clkbuf_4_1_0_w_clk
 5.751426e-11 2.045561e-10 4.405151e-11 3.061219e-10 clkbuf_4_10_0_w_clk
 5.748914e-11 2.018813e-10 4.405151e-11 3.034219e-10 clkbuf_4_9_0_w_clk
 5.741784e-11 1.946492e-10 4.405151e-11 2.961186e-10 clkbuf_4_3_0_w_clk
 5.738961e-11 1.887067e-10 4.405151e-11 2.901478e-10 clkbuf_4_14_0_w_clk
 5.733291e-11 1.859665e-10 4.405151e-11 2.873509e-10 clkbuf_4_6_0_w_clk
 8.868212e-11 1.459216e-10 4.405155e-11 2.786553e-10 clkbuf_leaf_26_core_clk
 8.833581e-11 1.208293e-10 4.405155e-11 2.532167e-10 clkbuf_leaf_24_core_clk
 8.836273e-11 1.207158e-10 4.405155e-11 2.531300e-10 clkbuf_leaf_25_core_clk
 8.827353e-11 1.136777e-10 4.405155e-11 2.460028e-10 clkbuf_leaf_27_core_clk
 8.819734e-11 1.098916e-10 4.405155e-11 2.421405e-10 clkbuf_leaf_22_core_clk
 8.820149e-11 1.080430e-10 4.405155e-11 2.402961e-10 clkbuf_leaf_33_core_clk
 8.816461e-11 1.073014e-10 4.405155e-11 2.395176e-10 clkbuf_leaf_23_core_clk
 8.817264e-11 1.057257e-10 4.405155e-11 2.379498e-10 clkbuf_leaf_28_core_clk
 8.813161e-11 1.046774e-10 4.405155e-11 2.368606e-10 clkbuf_leaf_16_core_clk
 8.814047e-11 1.032119e-10 4.405155e-11 2.354039e-10 clkbuf_leaf_31_core_clk
 8.807306e-11 9.786132e-11 4.405155e-11 2.299859e-10 clkbuf_leaf_29_core_clk
 8.801580e-11 9.553195e-11 4.405155e-11 2.275993e-10 clkbuf_leaf_15_core_clk
 8.803078e-11 9.451921e-11 4.405155e-11 2.266015e-10 clkbuf_leaf_34_core_clk
 8.798813e-11 9.333145e-11 4.405155e-11 2.253711e-10 clkbuf_leaf_18_core_clk
 9.141331e-12 1.892544e-10 2.345406e-11 2.218498e-10 fanout401
 9.435920e-12 1.822764e-10 2.663978e-11 2.183521e-10 fanout740
 8.784645e-11 8.549399e-11 4.405155e-11 2.173920e-10 clkbuf_leaf_0_core_clk
 8.781086e-11 8.517090e-11 4.405155e-11 2.170333e-10 clkbuf_leaf_17_core_clk
 8.772263e-11 8.297257e-11 4.405155e-11 2.147468e-10 clkbuf_leaf_9_core_clk
 8.773401e-11 8.127373e-11 4.405155e-11 2.130593e-10 clkbuf_leaf_32_core_clk
 8.773147e-11 8.117254e-11 4.405155e-11 2.129556e-10 clkbuf_leaf_30_core_clk
 8.778759e-11 7.803182e-11 4.405155e-11 2.098710e-10 clkbuf_leaf_5_core_clk
 8.758004e-11 7.755529e-11 4.405155e-11 2.091869e-10 clkbuf_leaf_12_core_clk
 8.767961e-11 7.403732e-11 4.405155e-11 2.057685e-10 clkbuf_leaf_4_core_clk
 8.767744e-11 7.395859e-11 4.405155e-11 2.056876e-10 clkbuf_leaf_3_core_clk
 8.767048e-11 7.369294e-11 4.405155e-11 2.054150e-10 clkbuf_leaf_6_core_clk
 8.759551e-11 7.091188e-11 4.405155e-11 2.025589e-10 clkbuf_leaf_8_core_clk
 8.741947e-11 6.440309e-11 4.405155e-11 1.958741e-10 clkbuf_leaf_7_core_clk
 8.720113e-11 6.317170e-11 4.405155e-11 1.944244e-10 clkbuf_leaf_10_core_clk
 3.932544e-12 1.719979e-10 1.647000e-11 1.924004e-10 _25740_
 8.710940e-11 5.293400e-11 4.405155e-11 1.840950e-10 clkbuf_leaf_1_core_clk
 8.687944e-11 5.095719e-11 4.405155e-11 1.818882e-10 clkbuf_leaf_11_core_clk
 8.700877e-11 4.919812e-11 4.405155e-11 1.802584e-10 clkbuf_leaf_2_core_clk
 8.669304e-11 4.387235e-11 4.405155e-11 1.746169e-10 clkbuf_leaf_14_core_clk
 5.914333e-11 6.257952e-11 4.405151e-11 1.657744e-10 clkbuf_leaf_181_v_clk
 5.607267e-11 6.169974e-11 4.405151e-11 1.618239e-10 clkbuf_leaf_85_w_clk
 5.606151e-11 6.083794e-11 4.405151e-11 1.609509e-10 clkbuf_leaf_73_w_clk
 5.605267e-11 6.014753e-11 4.405151e-11 1.602517e-10 clkbuf_leaf_75_w_clk
 5.627483e-11 5.722245e-11 4.405151e-11 1.575488e-10 clkbuf_leaf_19_w_clk
 1.748471e-11 9.352859e-11 4.405146e-11 1.550648e-10 fanout811
 5.623798e-11 5.365898e-11 4.405151e-11 1.539485e-10 clkbuf_leaf_133_w_clk
 6.781861e-12 1.230252e-10 2.345405e-11 1.532612e-10 fanout314
 5.619903e-11 5.294965e-11 4.405151e-11 1.532002e-10 clkbuf_leaf_41_w_clk
 5.614285e-11 4.962142e-11 4.405151e-11 1.498158e-10 clkbuf_leaf_7_w_clk
 5.607136e-11 4.910487e-11 4.405151e-11 1.492277e-10 clkbuf_leaf_95_w_clk
 5.605572e-11 4.837883e-11 4.405151e-11 1.484861e-10 clkbuf_leaf_82_w_clk
 5.607956e-11 4.829945e-11 4.405151e-11 1.484305e-10 clkbuf_leaf_20_w_clk
 5.876759e-11 4.543558e-11 4.405151e-11 1.482547e-10 clkbuf_leaf_209_v_clk
 5.608499e-11 4.778474e-11 4.405151e-11 1.479212e-10 clkbuf_leaf_57_w_clk
 5.602640e-11 4.701687e-11 4.405151e-11 1.470948e-10 clkbuf_leaf_81_w_clk
 5.604000e-11 4.649374e-11 4.405151e-11 1.465852e-10 clkbuf_leaf_16_w_clk
 5.604011e-11 4.575158e-11 4.405151e-11 1.458432e-10 clkbuf_leaf_58_w_clk
 5.603026e-11 4.530505e-11 4.405151e-11 1.453868e-10 clkbuf_leaf_42_w_clk
 5.579359e-11 4.543272e-11 4.405151e-11 1.452778e-10 clkbuf_leaf_74_w_clk
 5.610138e-11 4.510630e-11 4.405151e-11 1.452592e-10 clkbuf_leaf_10_w_clk
 5.606684e-11 4.511934e-11 4.405151e-11 1.452377e-10 clkbuf_leaf_125_w_clk
 5.604131e-11 4.506339e-11 4.405151e-11 1.451562e-10 clkbuf_leaf_23_w_clk
 5.599413e-11 4.497317e-11 4.405151e-11 1.450188e-10 clkbuf_leaf_114_w_clk
 5.602482e-11 4.432253e-11 4.405151e-11 1.443989e-10 clkbuf_leaf_9_w_clk
 5.606773e-11 4.364322e-11 4.405151e-11 1.437624e-10 clkbuf_leaf_11_w_clk
 5.602433e-11 4.323623e-11 4.405151e-11 1.433121e-10 clkbuf_leaf_124_w_clk
 5.598307e-11 4.316775e-11 4.405151e-11 1.432023e-10 clkbuf_leaf_43_w_clk
 5.605137e-11 4.293139e-11 4.405151e-11 1.430343e-10 clkbuf_leaf_8_w_clk
 5.606862e-11 4.287316e-11 4.405151e-11 1.429933e-10 clkbuf_leaf_53_w_clk
 5.599638e-11 4.284115e-11 4.405151e-11 1.428890e-10 clkbuf_leaf_1_w_clk
 5.601435e-11 4.279394e-11 4.405151e-11 1.428598e-10 clkbuf_leaf_126_w_clk
 5.842227e-11 3.996291e-11 4.405151e-11 1.424367e-10 clkbuf_leaf_71_v_clk
 5.595064e-11 4.241033e-11 4.405151e-11 1.424125e-10 clkbuf_leaf_27_w_clk
 5.605159e-11 4.213984e-11 4.405151e-11 1.422429e-10 clkbuf_leaf_63_w_clk
 5.593478e-11 4.224128e-11 4.405151e-11 1.422276e-10 clkbuf_leaf_112_w_clk
 5.598628e-11 4.155025e-11 4.405151e-11 1.415880e-10 clkbuf_leaf_123_w_clk
 5.591835e-11 4.148578e-11 4.405151e-11 1.414556e-10 clkbuf_leaf_127_w_clk
 5.852439e-11 3.878961e-11 4.405151e-11 1.413655e-10 clkbuf_leaf_180_v_clk
 5.594269e-11 4.133937e-11 4.405151e-11 1.413336e-10 clkbuf_leaf_38_w_clk
 5.593933e-11 4.118739e-11 4.405151e-11 1.411782e-10 clkbuf_leaf_39_w_clk
 5.602012e-11 4.078578e-11 4.405151e-11 1.408574e-10 clkbuf_leaf_54_w_clk
 5.590420e-11 4.083300e-11 4.405151e-11 1.407887e-10 clkbuf_leaf_128_w_clk
 5.590354e-11 4.080296e-11 4.405151e-11 1.407580e-10 clkbuf_leaf_109_w_clk
 5.588991e-11 4.069747e-11 4.405151e-11 1.406389e-10 clkbuf_leaf_97_w_clk
 5.596387e-11 4.055755e-11 4.405151e-11 1.405729e-10 clkbuf_leaf_122_w_clk
 5.599295e-11 4.039071e-11 4.405151e-11 1.404352e-10 clkbuf_leaf_12_w_clk
 5.844029e-11 3.783094e-11 4.405151e-11 1.403227e-10 clkbuf_leaf_87_v_clk
 5.590539e-11 4.034142e-11 4.405151e-11 1.402983e-10 clkbuf_leaf_22_w_clk
 5.588177e-11 4.031943e-11 4.405151e-11 1.402527e-10 clkbuf_leaf_83_w_clk
 5.855534e-11 3.747072e-11 4.405151e-11 1.400776e-10 clkbuf_leaf_11_v_clk
 5.588380e-11 3.989533e-11 4.405151e-11 1.398306e-10 clkbuf_leaf_110_w_clk
 5.593326e-11 3.979319e-11 4.405151e-11 1.397780e-10 clkbuf_leaf_64_w_clk
 5.592318e-11 3.956337e-11 4.405151e-11 1.395380e-10 clkbuf_leaf_13_w_clk
 5.588462e-11 3.939126e-11 4.405151e-11 1.393274e-10 clkbuf_leaf_21_w_clk
 5.846974e-11 3.677498e-11 4.405151e-11 1.392962e-10 clkbuf_leaf_183_v_clk
 5.852717e-11 3.635972e-11 4.405151e-11 1.389384e-10 clkbuf_leaf_257_v_clk
 5.585402e-11 3.903184e-11 4.405151e-11 1.389374e-10 clkbuf_leaf_84_w_clk
 5.567841e-11 3.908966e-11 4.405151e-11 1.388196e-10 clkbuf_leaf_86_w_clk
 5.840053e-11 3.634692e-11 4.405151e-11 1.387990e-10 clkbuf_leaf_86_v_clk
 5.845426e-11 3.620423e-11 4.405151e-11 1.387100e-10 clkbuf_leaf_190_v_clk
 5.589853e-11 3.865339e-11 4.405151e-11 1.386034e-10 clkbuf_leaf_5_w_clk
 5.847327e-11 3.592238e-11 4.405151e-11 1.384472e-10 clkbuf_leaf_197_v_clk
 5.589131e-11 3.832865e-11 4.405151e-11 1.382715e-10 clkbuf_leaf_2_w_clk
 5.831331e-11 3.582734e-11 4.405151e-11 1.381922e-10 clkbuf_leaf_74_v_clk
 5.590673e-11 3.802714e-11 4.405151e-11 1.379854e-10 clkbuf_leaf_131_w_clk
 5.841629e-11 3.548650e-11 4.405151e-11 1.379543e-10 clkbuf_leaf_96_v_clk
 5.589167e-11 3.735968e-11 4.405151e-11 1.373029e-10 clkbuf_leaf_132_w_clk
 5.839491e-11 3.478549e-11 4.405151e-11 1.372319e-10 clkbuf_leaf_35_v_clk
 5.828793e-11 3.486845e-11 4.405151e-11 1.372079e-10 clkbuf_leaf_69_v_clk
 5.827163e-11 3.425403e-11 4.405151e-11 1.365772e-10 clkbuf_leaf_72_v_clk
 5.845954e-11 3.398911e-11 4.405151e-11 1.365001e-10 clkbuf_leaf_5_v_clk
 5.833933e-11 3.406416e-11 4.405151e-11 1.364550e-10 clkbuf_leaf_93_v_clk
 5.836072e-11 3.394999e-11 4.405151e-11 1.363622e-10 clkbuf_leaf_199_v_clk
 5.826369e-11 3.395154e-11 4.405151e-11 1.362667e-10 clkbuf_leaf_73_v_clk
 5.844691e-11 3.376558e-11 4.405151e-11 1.362640e-10 clkbuf_leaf_206_v_clk
 5.591483e-11 3.594791e-11 4.405151e-11 1.359143e-10 clkbuf_leaf_116_w_clk
 5.832108e-11 3.338380e-11 4.405151e-11 1.357564e-10 clkbuf_leaf_76_v_clk
 5.586543e-11 3.570754e-11 4.405151e-11 1.356245e-10 clkbuf_leaf_46_w_clk
 5.834094e-11 3.316351e-11 4.405151e-11 1.355560e-10 clkbuf_leaf_132_v_clk
 5.836843e-11 3.304167e-11 4.405151e-11 1.354616e-10 clkbuf_leaf_191_v_clk
 5.851866e-11 3.279219e-11 4.405151e-11 1.353624e-10 clkbuf_leaf_168_v_clk
 5.589237e-11 3.528418e-11 4.405151e-11 1.352281e-10 clkbuf_leaf_52_w_clk
 5.582423e-11 3.513252e-11 4.405151e-11 1.350083e-10 clkbuf_leaf_134_w_clk
 5.834674e-11 3.260803e-11 4.405151e-11 1.350063e-10 clkbuf_leaf_215_v_clk
 5.832353e-11 3.260404e-11 4.405151e-11 1.349791e-10 clkbuf_leaf_110_v_clk
 5.840615e-11 3.247564e-11 4.405151e-11 1.349333e-10 clkbuf_leaf_47_v_clk
 5.832256e-11 3.253338e-11 4.405151e-11 1.349074e-10 clkbuf_leaf_220_v_clk
 5.580001e-11 3.487606e-11 4.405151e-11 1.347276e-10 clkbuf_leaf_40_w_clk
 5.833084e-11 3.232561e-11 4.405151e-11 1.347080e-10 clkbuf_leaf_95_v_clk
 5.829147e-11 3.227908e-11 4.405151e-11 1.346220e-10 clkbuf_leaf_77_v_clk
 5.831424e-11 3.222513e-11 4.405151e-11 1.345909e-10 clkbuf_leaf_204_v_clk
 5.833514e-11 3.217989e-11 4.405151e-11 1.345665e-10 clkbuf_leaf_223_v_clk
 5.582937e-11 3.467962e-11 4.405151e-11 1.345605e-10 clkbuf_leaf_103_w_clk
 5.580427e-11 3.455844e-11 4.405151e-11 1.344142e-10 clkbuf_leaf_93_w_clk
 5.821518e-11 3.211190e-11 4.405151e-11 1.343786e-10 clkbuf_leaf_67_v_clk
 5.830938e-11 3.199269e-11 4.405151e-11 1.343536e-10 clkbuf_leaf_140_v_clk
 5.833593e-11 3.184399e-11 4.405151e-11 1.342314e-10 clkbuf_leaf_189_v_clk
 5.576379e-11 3.437124e-11 4.405151e-11 1.341865e-10 clkbuf_leaf_111_w_clk
 5.575203e-11 3.430786e-11 4.405151e-11 1.341114e-10 clkbuf_leaf_80_w_clk
 5.836849e-11 3.168438e-11 4.405151e-11 1.341044e-10 clkbuf_leaf_212_v_clk
 5.836158e-11 3.143137e-11 4.405151e-11 1.338445e-10 clkbuf_leaf_185_v_clk
 5.829184e-11 3.139339e-11 4.405151e-11 1.337367e-10 clkbuf_leaf_226_v_clk
 5.830481e-11 3.136262e-11 4.405151e-11 1.337189e-10 clkbuf_leaf_85_v_clk
 5.586447e-11 3.378808e-11 4.405151e-11 1.337040e-10 clkbuf_leaf_90_w_clk
 5.831184e-11 3.124183e-11 4.405151e-11 1.336052e-10 clkbuf_leaf_22_v_clk
 5.828753e-11 3.118213e-11 4.405151e-11 1.335212e-10 clkbuf_leaf_143_v_clk
 5.837156e-11 3.102375e-11 4.405151e-11 1.334468e-10 clkbuf_leaf_210_v_clk
 5.574587e-11 3.354576e-11 4.405151e-11 1.333431e-10 clkbuf_leaf_113_w_clk
 5.834730e-11 3.090933e-11 4.405151e-11 1.333081e-10 clkbuf_leaf_184_v_clk
 5.577680e-11 3.332025e-11 4.405151e-11 1.331485e-10 clkbuf_leaf_94_w_clk
 5.841490e-11 3.057835e-11 4.405151e-11 1.330447e-10 clkbuf_leaf_253_v_clk
 5.836059e-11 3.062446e-11 4.405151e-11 1.330366e-10 clkbuf_leaf_213_v_clk
 5.583920e-11 3.299572e-11 4.405151e-11 1.328864e-10 clkbuf_leaf_55_w_clk
 5.825539e-11 3.053868e-11 4.405151e-11 1.328456e-10 clkbuf_leaf_154_v_clk
 5.817197e-11 3.046977e-11 4.405151e-11 1.326932e-10 clkbuf_leaf_80_v_clk
 5.827373e-11 3.030029e-11 4.405151e-11 1.326255e-10 clkbuf_leaf_29_v_clk
 5.816802e-11 3.032044e-11 4.405151e-11 1.325400e-10 clkbuf_leaf_78_v_clk
 5.828069e-11 3.016883e-11 4.405151e-11 1.325010e-10 clkbuf_leaf_224_v_clk
 5.832006e-11 3.006975e-11 4.405151e-11 1.324413e-10 clkbuf_leaf_119_v_clk
 5.582844e-11 3.253296e-11 4.405151e-11 1.324129e-10 clkbuf_leaf_60_w_clk
 5.578356e-11 3.257020e-11 4.405151e-11 1.324053e-10 clkbuf_leaf_130_w_clk
 5.843329e-11 2.974920e-11 4.405151e-11 1.322340e-10 clkbuf_leaf_172_v_clk
 5.825124e-11 2.988735e-11 4.405151e-11 1.321901e-10 clkbuf_leaf_205_v_clk
 5.825008e-11 2.987755e-11 4.405151e-11 1.321791e-10 clkbuf_leaf_112_v_clk
 5.834323e-11 2.976237e-11 4.405151e-11 1.321571e-10 clkbuf_leaf_8_v_clk
 5.826067e-11 2.981650e-11 4.405151e-11 1.321287e-10 clkbuf_leaf_20_v_clk
 5.576538e-11 3.229863e-11 4.405151e-11 1.321155e-10 clkbuf_leaf_68_w_clk
 5.824644e-11 2.965796e-11 4.405151e-11 1.319559e-10 clkbuf_leaf_145_v_clk
 5.825817e-11 2.963702e-11 4.405151e-11 1.319467e-10 clkbuf_leaf_98_v_clk
 5.831615e-11 2.957529e-11 4.405151e-11 1.319430e-10 clkbuf_leaf_62_v_clk
 5.815214e-11 2.972416e-11 4.405151e-11 1.319278e-10 clkbuf_leaf_70_v_clk
 5.574981e-11 3.210318e-11 4.405151e-11 1.319045e-10 clkbuf_leaf_91_w_clk
 5.571475e-11 3.211413e-11 4.405151e-11 1.318804e-10 clkbuf_leaf_129_w_clk
 5.832398e-11 2.948189e-11 4.405151e-11 1.318574e-10 clkbuf_leaf_27_v_clk
 5.581343e-11 3.188583e-11 4.405151e-11 1.317508e-10 clkbuf_leaf_56_w_clk
 5.833181e-11 2.934702e-11 4.405151e-11 1.317303e-10 clkbuf_leaf_13_v_clk
 5.572056e-11 3.189480e-11 4.405151e-11 1.316669e-10 clkbuf_leaf_25_w_clk
 5.823681e-11 2.935175e-11 4.405151e-11 1.316401e-10 clkbuf_leaf_225_v_clk
 5.822733e-11 2.930043e-11 4.405151e-11 1.315793e-10 clkbuf_leaf_25_v_clk
 5.581529e-11 3.167948e-11 4.405151e-11 1.315463e-10 clkbuf_leaf_115_w_clk
 5.828962e-11 2.919299e-11 4.405151e-11 1.315341e-10 clkbuf_leaf_201_v_clk
 5.821067e-11 2.926438e-11 4.405151e-11 1.315266e-10 clkbuf_leaf_88_v_clk
 5.577424e-11 3.169296e-11 4.405151e-11 1.315187e-10 clkbuf_leaf_29_w_clk
 5.569573e-11 3.169536e-11 4.405151e-11 1.314426e-10 clkbuf_leaf_76_w_clk
 5.830211e-11 2.906246e-11 4.405151e-11 1.314161e-10 clkbuf_leaf_79_v_clk
 5.828639e-11 2.907450e-11 4.405151e-11 1.314124e-10 clkbuf_leaf_187_v_clk
 5.569313e-11 3.157975e-11 4.405151e-11 1.313244e-10 clkbuf_leaf_79_w_clk
 5.832015e-11 2.892310e-11 4.405151e-11 1.312948e-10 clkbuf_leaf_10_v_clk
 5.820318e-11 2.898487e-11 4.405151e-11 1.312395e-10 clkbuf_leaf_90_v_clk
 5.571042e-11 3.142834e-11 4.405151e-11 1.311903e-10 clkbuf_leaf_28_w_clk
 5.576474e-11 3.127485e-11 4.405151e-11 1.310911e-10 clkbuf_leaf_48_w_clk
 5.824335e-11 2.875425e-11 4.405151e-11 1.310491e-10 clkbuf_leaf_126_v_clk
 5.823445e-11 2.875988e-11 4.405151e-11 1.310458e-10 clkbuf_leaf_84_v_clk
 5.576159e-11 3.113634e-11 4.405151e-11 1.309494e-10 clkbuf_leaf_17_w_clk
 5.828674e-11 2.850156e-11 4.405151e-11 1.308398e-10 clkbuf_leaf_65_v_clk
 5.830603e-11 2.840990e-11 4.405151e-11 1.307674e-10 clkbuf_leaf_12_v_clk
 5.575692e-11 3.093048e-11 4.405151e-11 1.307389e-10 clkbuf_leaf_18_w_clk
 5.823962e-11 2.843364e-11 4.405151e-11 1.307248e-10 clkbuf_leaf_214_v_clk
 5.822440e-11 2.842819e-11 4.405151e-11 1.307041e-10 clkbuf_leaf_36_v_clk
 5.821029e-11 2.840061e-11 4.405151e-11 1.306624e-10 clkbuf_leaf_111_v_clk
 5.820874e-11 2.830996e-11 4.405151e-11 1.305702e-10 clkbuf_leaf_219_v_clk
 5.822979e-11 2.821338e-11 4.405151e-11 1.304947e-10 clkbuf_leaf_2_v_clk
 5.811266e-11 2.822621e-11 4.405151e-11 1.303904e-10 clkbuf_leaf_68_v_clk
 5.820276e-11 2.812195e-11 4.405151e-11 1.303762e-10 clkbuf_leaf_157_v_clk
 5.822570e-11 2.792015e-11 4.405151e-11 1.301974e-10 clkbuf_leaf_235_v_clk
 5.572285e-11 3.039856e-11 4.405151e-11 1.301729e-10 clkbuf_leaf_70_w_clk
 5.571060e-11 3.034813e-11 4.405151e-11 1.301102e-10 clkbuf_leaf_98_w_clk
 5.572056e-11 3.029665e-11 4.405151e-11 1.300687e-10 clkbuf_leaf_71_w_clk
 5.820553e-11 2.772996e-11 4.405151e-11 1.299870e-10 clkbuf_leaf_15_v_clk
 5.820421e-11 2.772668e-11 4.405151e-11 1.299824e-10 clkbuf_leaf_17_v_clk
 5.566281e-11 3.017000e-11 4.405151e-11 1.298843e-10 clkbuf_leaf_77_w_clk
 5.565946e-11 3.001936e-11 4.405151e-11 1.297303e-10 clkbuf_leaf_78_w_clk
 5.817147e-11 2.741543e-11 4.405151e-11 1.296384e-10 clkbuf_leaf_131_v_clk
 5.821255e-11 2.729768e-11 4.405151e-11 1.295617e-10 clkbuf_leaf_179_v_clk
 5.818269e-11 2.729321e-11 4.405151e-11 1.295274e-10 clkbuf_leaf_142_v_clk
 5.816842e-11 2.730203e-11 4.405151e-11 1.295219e-10 clkbuf_leaf_153_v_clk
 5.817958e-11 2.726093e-11 4.405151e-11 1.294920e-10 clkbuf_leaf_113_v_clk
 5.830505e-11 2.709661e-11 4.405151e-11 1.294532e-10 clkbuf_leaf_171_v_clk
 8.529430e-11 0.000000e+00 4.405155e-11 1.293459e-10 clkload1
 5.571438e-11 2.957879e-11 4.405151e-11 1.293447e-10 clkbuf_leaf_106_w_clk
 5.819817e-11 2.708604e-11 4.405151e-11 1.293357e-10 clkbuf_leaf_156_v_clk
 5.570447e-11 2.957945e-11 4.405151e-11 1.293354e-10 clkbuf_leaf_62_w_clk
 5.820105e-11 2.701088e-11 4.405151e-11 1.292634e-10 clkbuf_leaf_229_v_clk
 5.572296e-11 2.943637e-11 4.405151e-11 1.292108e-10 clkbuf_leaf_34_w_clk
 5.822071e-11 2.690316e-11 4.405151e-11 1.291754e-10 clkbuf_leaf_245_v_clk
 5.825458e-11 2.676654e-11 4.405151e-11 1.290726e-10 clkbuf_leaf_203_v_clk
 5.818018e-11 2.683705e-11 4.405151e-11 1.290687e-10 clkbuf_leaf_19_v_clk
 5.817938e-11 2.680777e-11 4.405151e-11 1.290387e-10 clkbuf_leaf_30_v_clk
 5.817935e-11 2.680675e-11 4.405151e-11 1.290376e-10 clkbuf_leaf_33_v_clk
 5.816957e-11 2.680646e-11 4.405151e-11 1.290275e-10 clkbuf_leaf_139_v_clk
 5.822239e-11 2.672940e-11 4.405151e-11 1.290033e-10 clkbuf_leaf_202_v_clk
 5.827205e-11 2.651046e-11 4.405151e-11 1.288340e-10 clkbuf_leaf_45_v_clk
 5.816142e-11 2.661054e-11 4.405151e-11 1.288235e-10 clkbuf_leaf_83_v_clk
 5.569281e-11 2.905865e-11 4.405151e-11 1.288030e-10 clkbuf_leaf_69_w_clk
 5.817485e-11 2.655431e-11 4.405151e-11 1.287807e-10 clkbuf_leaf_105_v_clk
 5.815889e-11 2.646056e-11 4.405151e-11 1.286710e-10 clkbuf_leaf_227_v_clk
 5.816947e-11 2.639536e-11 4.405151e-11 1.286163e-10 clkbuf_leaf_16_v_clk
 5.815502e-11 2.634951e-11 4.405151e-11 1.285560e-10 clkbuf_leaf_107_v_clk
 5.817543e-11 2.628198e-11 4.405151e-11 1.285089e-10 clkbuf_leaf_217_v_clk
 5.817611e-11 2.627156e-11 4.405151e-11 1.284992e-10 clkbuf_leaf_125_v_clk
 5.823902e-11 2.620043e-11 4.405151e-11 1.284910e-10 clkbuf_leaf_186_v_clk
 5.814858e-11 2.613376e-11 4.405151e-11 1.283338e-10 clkbuf_leaf_106_v_clk
 5.569079e-11 2.853355e-11 4.405151e-11 1.282758e-10 clkbuf_leaf_101_w_clk
 5.568072e-11 2.851722e-11 4.405151e-11 1.282495e-10 clkbuf_leaf_65_w_clk
 5.828496e-11 2.590537e-11 4.405151e-11 1.282418e-10 clkbuf_leaf_255_v_clk
 5.820192e-11 2.597928e-11 4.405151e-11 1.282327e-10 clkbuf_leaf_198_v_clk
 5.819412e-11 2.592840e-11 4.405151e-11 1.281740e-10 clkbuf_leaf_243_v_clk
 5.820633e-11 2.590815e-11 4.405151e-11 1.281660e-10 clkbuf_leaf_122_v_clk
 5.826950e-11 2.581465e-11 4.405151e-11 1.281357e-10 clkbuf_leaf_173_v_clk
 5.819186e-11 2.584573e-11 4.405151e-11 1.280891e-10 clkbuf_leaf_239_v_clk
 5.814190e-11 2.582970e-11 4.405151e-11 1.280231e-10 clkbuf_leaf_221_v_clk
 5.816338e-11 2.576186e-11 4.405151e-11 1.279767e-10 clkbuf_leaf_21_v_clk
 5.824642e-11 2.563725e-11 4.405151e-11 1.279352e-10 clkbuf_leaf_59_v_clk
 5.812371e-11 2.563807e-11 4.405151e-11 1.278133e-10 clkbuf_leaf_148_v_clk
 5.566049e-11 2.808724e-11 4.405151e-11 1.277992e-10 clkbuf_leaf_92_w_clk
 5.820399e-11 2.548024e-11 4.405151e-11 1.277357e-10 clkbuf_leaf_66_v_clk
 5.813260e-11 2.554026e-11 4.405151e-11 1.277244e-10 clkbuf_leaf_100_v_clk
 5.813083e-11 2.545212e-11 4.405151e-11 1.276345e-10 clkbuf_leaf_109_v_clk
 5.812799e-11 2.536931e-11 4.405151e-11 1.275488e-10 clkbuf_leaf_102_v_clk
 5.814981e-11 2.530056e-11 4.405151e-11 1.275019e-10 clkbuf_leaf_124_v_clk
 5.824907e-11 2.507530e-11 4.405151e-11 1.273759e-10 clkbuf_leaf_164_v_clk
 5.812615e-11 2.519563e-11 4.405151e-11 1.273733e-10 clkbuf_leaf_138_v_clk
 5.568139e-11 2.760706e-11 4.405151e-11 1.273400e-10 clkbuf_leaf_47_w_clk
 5.812268e-11 2.514935e-11 4.405151e-11 1.273235e-10 clkbuf_leaf_115_v_clk
 5.819279e-11 2.507082e-11 4.405151e-11 1.273151e-10 clkbuf_leaf_64_v_clk
 5.814401e-11 2.508627e-11 4.405151e-11 1.272818e-10 clkbuf_leaf_130_v_clk
 5.814308e-11 2.501271e-11 4.405151e-11 1.272073e-10 clkbuf_leaf_4_v_clk
 5.818467e-11 2.477390e-11 4.405151e-11 1.270101e-10 clkbuf_leaf_60_v_clk
 5.817478e-11 2.475389e-11 4.405151e-11 1.269802e-10 clkbuf_leaf_134_v_clk
 5.566090e-11 2.720694e-11 4.405151e-11 1.269193e-10 clkbuf_leaf_102_w_clk
 5.821733e-11 2.463783e-11 4.405151e-11 1.269067e-10 clkbuf_leaf_163_v_clk
 5.818987e-11 2.459556e-11 4.405151e-11 1.268369e-10 clkbuf_leaf_53_v_clk
 5.817933e-11 2.457924e-11 4.405151e-11 1.268101e-10 clkbuf_leaf_63_v_clk
 5.820143e-11 2.452765e-11 4.405151e-11 1.267806e-10 clkbuf_leaf_0_v_clk
 5.808642e-11 2.462930e-11 4.405151e-11 1.267672e-10 clkbuf_leaf_92_v_clk
 5.808487e-11 2.457164e-11 4.405151e-11 1.267080e-10 clkbuf_leaf_91_v_clk
 5.811311e-11 2.435456e-11 4.405151e-11 1.265192e-10 clkbuf_leaf_31_v_clk
 5.816209e-11 2.428951e-11 4.405151e-11 1.265031e-10 clkbuf_leaf_123_v_clk
 5.812503e-11 2.420715e-11 4.405151e-11 1.263837e-10 clkbuf_leaf_233_v_clk
 5.565378e-11 2.667138e-11 4.405151e-11 1.263767e-10 clkbuf_leaf_35_w_clk
 5.819026e-11 2.412187e-11 4.405151e-11 1.263636e-10 clkbuf_leaf_1_v_clk
 5.819378e-11 2.373106e-11 4.405151e-11 1.259763e-10 clkbuf_leaf_57_v_clk
 5.811354e-11 2.378333e-11 4.405151e-11 1.259484e-10 clkbuf_leaf_230_v_clk
 5.811324e-11 2.377230e-11 4.405151e-11 1.259370e-10 clkbuf_leaf_234_v_clk
 5.822222e-11 2.364929e-11 4.405151e-11 1.259230e-10 clkbuf_leaf_254_v_clk
 5.822081e-11 2.359861e-11 4.405151e-11 1.258709e-10 clkbuf_leaf_251_v_clk
 5.810508e-11 2.361033e-11 4.405151e-11 1.257669e-10 clkbuf_leaf_24_v_clk
 5.810154e-11 2.347960e-11 4.405151e-11 1.256326e-10 clkbuf_leaf_23_v_clk
 5.810831e-11 2.345707e-11 4.405151e-11 1.256169e-10 clkbuf_leaf_178_v_clk
 5.820050e-11 2.332334e-11 4.405151e-11 1.255754e-10 clkbuf_leaf_160_v_clk
 5.816834e-11 2.332534e-11 4.405151e-11 1.255452e-10 clkbuf_leaf_256_v_clk
 5.809607e-11 2.335088e-11 4.405151e-11 1.254984e-10 clkbuf_leaf_222_v_clk
 5.812855e-11 2.329084e-11 4.405151e-11 1.254709e-10 clkbuf_leaf_195_v_clk
 5.561954e-11 2.578700e-11 4.405151e-11 1.254580e-10 clkbuf_leaf_67_w_clk
 5.824712e-11 2.311327e-11 4.405151e-11 1.254119e-10 clkbuf_leaf_170_v_clk
 5.813242e-11 2.320378e-11 4.405151e-11 1.253877e-10 clkbuf_leaf_135_v_clk
 5.806185e-11 2.314871e-11 4.405151e-11 1.252621e-10 clkbuf_leaf_81_v_clk
 5.567116e-11 2.549689e-11 4.405151e-11 1.252196e-10 clkbuf_leaf_118_w_clk
 5.808962e-11 2.307803e-11 4.405151e-11 1.252191e-10 clkbuf_leaf_129_v_clk
 5.807963e-11 2.307090e-11 4.405151e-11 1.252020e-10 clkbuf_leaf_14_v_clk
 5.813122e-11 2.301006e-11 4.405151e-11 1.251928e-10 clkbuf_leaf_194_v_clk
 5.815876e-11 2.297727e-11 4.405151e-11 1.251875e-10 clkbuf_leaf_244_v_clk
 5.813088e-11 2.299766e-11 4.405151e-11 1.251800e-10 clkbuf_leaf_211_v_clk
 5.807605e-11 2.298280e-11 4.405151e-11 1.251104e-10 clkbuf_leaf_32_v_clk
 5.807695e-11 2.297183e-11 4.405151e-11 1.251003e-10 clkbuf_leaf_41_v_clk
 5.811841e-11 2.291914e-11 4.405151e-11 1.250891e-10 clkbuf_leaf_200_v_clk
 5.808706e-11 2.294480e-11 4.405151e-11 1.250834e-10 clkbuf_leaf_18_v_clk
 5.818658e-11 2.282433e-11 4.405151e-11 1.250624e-10 clkbuf_leaf_174_v_clk
 5.823322e-11 2.261752e-11 4.405151e-11 1.249023e-10 clkbuf_leaf_169_v_clk
 5.816213e-11 2.258535e-11 4.405151e-11 1.247990e-10 clkbuf_leaf_56_v_clk
 5.813461e-11 2.258239e-11 4.405151e-11 1.247685e-10 clkbuf_leaf_28_v_clk
 5.806912e-11 2.264270e-11 4.405151e-11 1.247633e-10 clkbuf_leaf_89_v_clk
 5.804158e-11 2.258137e-11 4.405151e-11 1.246745e-10 clkbuf_leaf_149_v_clk
 5.807918e-11 2.251656e-11 4.405151e-11 1.246472e-10 clkbuf_leaf_231_v_clk
 5.807354e-11 2.244560e-11 4.405151e-11 1.245706e-10 clkbuf_leaf_3_v_clk
 5.817106e-11 2.226166e-11 4.405151e-11 1.244842e-10 clkbuf_leaf_166_v_clk
 5.805031e-11 2.238239e-11 4.405151e-11 1.244842e-10 clkbuf_leaf_147_v_clk
 5.803616e-11 2.237957e-11 4.405151e-11 1.244672e-10 clkbuf_leaf_151_v_clk
 5.558731e-11 2.480099e-11 4.405151e-11 1.244398e-10 clkbuf_leaf_96_w_clk
 5.804824e-11 2.230544e-11 4.405151e-11 1.244052e-10 clkbuf_leaf_146_v_clk
 5.806438e-11 2.218089e-11 4.405151e-11 1.242968e-10 clkbuf_leaf_216_v_clk
 5.806122e-11 2.206378e-11 4.405151e-11 1.241765e-10 clkbuf_leaf_237_v_clk
 5.813870e-11 2.168376e-11 4.405151e-11 1.238740e-10 clkbuf_leaf_42_v_clk
 5.804062e-11 2.162752e-11 4.405151e-11 1.237196e-10 clkbuf_leaf_37_v_clk
 5.807760e-11 2.119796e-11 4.405151e-11 1.233271e-10 clkbuf_leaf_136_v_clk
 5.806552e-11 2.120927e-11 4.405151e-11 1.233263e-10 clkbuf_leaf_238_v_clk
 5.813810e-11 2.107610e-11 4.405151e-11 1.232657e-10 clkbuf_leaf_177_v_clk
 5.810377e-11 2.105950e-11 4.405151e-11 1.232148e-10 clkbuf_leaf_7_v_clk
 5.557593e-11 2.343846e-11 4.405151e-11 1.230659e-10 clkbuf_leaf_108_w_clk
 5.557326e-11 2.331983e-11 4.405151e-11 1.229446e-10 clkbuf_leaf_107_w_clk
 5.805320e-11 2.075749e-11 4.405151e-11 1.228622e-10 clkbuf_leaf_240_v_clk
 5.813909e-11 2.065989e-11 4.405151e-11 1.228505e-10 clkbuf_leaf_252_v_clk
 5.801479e-11 2.067133e-11 4.405151e-11 1.227376e-10 clkbuf_leaf_39_v_clk
 5.802044e-11 2.052352e-11 4.405151e-11 1.225955e-10 clkbuf_leaf_117_v_clk
 5.798755e-11 2.038624e-11 4.405151e-11 1.224253e-10 clkbuf_leaf_49_v_clk
 5.809822e-11 2.027129e-11 4.405151e-11 1.224210e-10 clkbuf_leaf_58_v_clk
 5.799318e-11 2.036515e-11 4.405151e-11 1.224098e-10 clkbuf_leaf_104_v_clk
 5.805010e-11 2.019132e-11 4.405151e-11 1.222929e-10 clkbuf_leaf_120_v_clk
 5.798128e-11 2.015394e-11 4.405151e-11 1.221867e-10 clkbuf_leaf_26_v_clk
 5.797441e-11 2.008170e-11 4.405151e-11 1.221076e-10 clkbuf_leaf_158_v_clk
 5.808700e-11 1.991751e-11 4.405151e-11 1.220560e-10 clkbuf_leaf_182_v_clk
 5.798319e-11 1.989266e-11 4.405151e-11 1.219274e-10 clkbuf_leaf_137_v_clk
 5.796881e-11 1.987309e-11 4.405151e-11 1.218934e-10 clkbuf_leaf_152_v_clk
 5.797208e-11 1.981132e-11 4.405151e-11 1.218349e-10 clkbuf_leaf_48_v_clk
 5.800447e-11 1.976064e-11 4.405151e-11 1.218166e-10 clkbuf_leaf_232_v_clk
 5.805075e-11 1.952703e-11 4.405151e-11 1.216293e-10 clkbuf_leaf_52_v_clk
 5.554768e-11 2.198166e-11 4.405151e-11 1.215809e-10 clkbuf_leaf_45_w_clk
 5.802506e-11 1.949844e-11 4.405151e-11 1.215750e-10 clkbuf_leaf_196_v_clk
 5.797183e-11 1.955064e-11 4.405151e-11 1.215740e-10 clkbuf_leaf_127_v_clk
 5.799110e-11 1.944078e-11 4.405151e-11 1.214834e-10 clkbuf_leaf_118_v_clk
 5.798726e-11 1.912608e-11 4.405151e-11 1.211649e-10 clkbuf_leaf_236_v_clk
 5.795781e-11 1.903016e-11 4.405151e-11 1.210395e-10 clkbuf_leaf_114_v_clk
 5.807795e-11 1.890640e-11 4.405151e-11 1.210358e-10 clkbuf_leaf_175_v_clk
 5.797817e-11 1.896312e-11 4.405151e-11 1.209928e-10 clkbuf_leaf_116_v_clk
 5.795586e-11 1.897986e-11 4.405151e-11 1.209872e-10 clkbuf_leaf_99_v_clk
 5.794433e-11 1.896247e-11 4.405151e-11 1.209583e-10 clkbuf_leaf_155_v_clk
 5.802975e-11 1.876200e-11 4.405151e-11 1.208433e-10 clkbuf_leaf_54_v_clk
 5.801119e-11 1.876769e-11 4.405151e-11 1.208304e-10 clkbuf_leaf_121_v_clk
 5.794445e-11 1.878425e-11 4.405151e-11 1.207802e-10 clkbuf_leaf_50_v_clk
 5.793516e-11 1.843896e-11 4.405151e-11 1.204256e-10 clkbuf_leaf_51_v_clk
 5.799777e-11 1.813173e-11 4.405151e-11 1.201810e-10 clkbuf_leaf_193_v_clk
 5.803583e-11 1.806382e-11 4.405151e-11 1.201511e-10 clkbuf_leaf_161_v_clk
 5.801244e-11 1.766230e-11 4.405151e-11 1.197262e-10 clkbuf_leaf_250_v_clk
 5.796615e-11 1.756196e-11 4.405151e-11 1.195796e-10 clkbuf_leaf_242_v_clk
 5.796405e-11 1.748490e-11 4.405151e-11 1.195005e-10 clkbuf_leaf_247_v_clk
 5.802855e-11 1.712520e-11 4.405151e-11 1.192053e-10 clkbuf_leaf_176_v_clk
 5.800663e-11 1.690339e-11 4.405151e-11 1.189615e-10 clkbuf_leaf_40_v_clk
 5.548966e-11 1.941776e-11 4.405151e-11 1.189589e-10 clkbuf_leaf_30_w_clk
 5.802024e-11 1.682281e-11 4.405151e-11 1.188946e-10 clkbuf_leaf_159_v_clk
 5.794303e-11 1.671407e-11 4.405151e-11 1.187086e-10 clkbuf_leaf_241_v_clk
 5.788401e-11 1.653760e-11 4.405151e-11 1.184731e-10 clkbuf_leaf_82_v_clk
 5.796883e-11 1.553501e-11 4.405151e-11 1.175554e-10 clkbuf_leaf_46_v_clk
 5.784678e-11 1.493080e-11 4.405151e-11 1.168291e-10 clkbuf_leaf_97_v_clk
 5.789133e-11 1.481621e-11 4.405151e-11 1.167590e-10 clkbuf_leaf_246_v_clk
 5.794194e-11 1.461242e-11 4.405151e-11 1.166059e-10 clkbuf_leaf_55_v_clk
 5.793872e-11 1.444510e-11 4.405151e-11 1.164353e-10 clkbuf_leaf_43_v_clk
 5.542272e-11 1.645748e-11 4.405151e-11 1.159317e-10 clkbuf_leaf_36_w_clk
 2.835160e-12 9.257113e-11 1.673459e-11 1.121409e-10 _26346_
 8.449782e-12 8.013318e-11 2.345406e-11 1.120370e-10 fanout396
 9.089197e-12 7.393109e-11 2.663978e-11 1.096601e-10 fanout734
 4.176678e-11 0.000000e+00 5.975645e-11 1.015232e-10 clkload35
 4.172401e-11 0.000000e+00 5.975645e-11 1.014805e-10 clkload45
 5.727847e-11 0.000000e+00 4.405151e-11 1.013300e-10 clkload133
 5.725108e-11 0.000000e+00 4.405151e-11 1.013026e-10 clkload152
 5.724334e-11 0.000000e+00 4.405151e-11 1.012948e-10 clkload149
 4.878092e-12 4.611385e-11 4.699074e-11 9.798268e-11 max_cap369
 8.804773e-12 5.861257e-11 2.663992e-11 9.405726e-11 fanout809
 8.879042e-12 5.658474e-11 2.663978e-11 9.210356e-11 fanout726
 8.833018e-12 5.550946e-11 2.663978e-11 9.098225e-11 fanout739
 8.857437e-12 5.359891e-11 2.663978e-11 8.909612e-11 fanout754
 8.359983e-12 5.185552e-11 2.663994e-11 8.685544e-11 fanout704
 4.819657e-12 3.641992e-11 4.405143e-11 8.529100e-11 fanout365
 8.439566e-12 4.842069e-11 2.663994e-11 8.350019e-11 fanout705
 8.834355e-12 4.802251e-11 2.663978e-11 8.349664e-11 fanout769
 8.344762e-12 5.160265e-11 2.345406e-11 8.340148e-11 fanout418
 8.445771e-12 5.084961e-11 2.345406e-11 8.274944e-11 fanout407
 8.429389e-12 4.652317e-11 2.663994e-11 8.159250e-11 fanout710
 8.975302e-12 4.547713e-11 2.663978e-11 8.109221e-11 fanout763
 8.966756e-12 4.333103e-11 2.663978e-11 7.893756e-11 fanout712
 3.202451e-11 0.000000e+00 4.643644e-11 7.846095e-11 clkload130
 3.195116e-11 0.000000e+00 4.643644e-11 7.838760e-11 clkload139
 4.762960e-12 2.611088e-11 4.699076e-11 7.786460e-11 fanout247
 4.800075e-12 2.856216e-11 4.405144e-11 7.741367e-11 fanout357
 8.454183e-12 4.528795e-11 2.345406e-11 7.719620e-11 fanout390
 3.067509e-11 0.000000e+00 4.643643e-11 7.711153e-11 clkload42
 3.062448e-11 0.000000e+00 4.643643e-11 7.706091e-11 clkload44
 3.057134e-11 0.000000e+00 4.643643e-11 7.700778e-11 clkload48
 4.760720e-12 2.484470e-11 4.699076e-11 7.659617e-11 fanout785
 4.864029e-12 2.727086e-11 4.405148e-11 7.618636e-11 wire345
 2.694207e-12 2.938216e-11 4.405142e-11 7.612778e-11 fanout167
 8.304181e-12 4.105644e-11 2.663994e-11 7.600055e-11 fanout706
 8.423892e-12 4.047678e-11 2.663994e-11 7.554060e-11 fanout697
 8.942097e-12 3.992633e-11 2.663978e-11 7.550820e-11 fanout773
 8.950526e-12 3.977264e-11 2.663978e-11 7.536295e-11 fanout738
 4.757449e-12 2.332476e-11 4.699074e-11 7.507295e-11 fanout355
 3.729171e-12 2.402527e-11 4.699052e-11 7.474496e-11 fanout341
 8.677471e-12 3.921801e-11 2.663992e-11 7.453541e-11 fanout808
 4.754369e-12 2.200040e-11 4.699072e-11 7.374548e-11 fanout684
 2.689068e-12 2.667313e-11 4.405142e-11 7.341362e-11 fanout351
 8.434638e-12 4.137417e-11 2.345406e-11 7.326287e-11 fanout400
 8.667738e-12 3.786577e-11 2.663992e-11 7.317343e-11 fanout807
 4.752169e-12 2.120561e-11 4.699071e-11 7.294849e-11 fanout671
 4.771889e-12 2.085233e-11 4.699076e-11 7.261497e-11 fanout781
 4.821513e-12 2.060897e-11 4.699076e-11 7.242124e-11 max_cap362
 8.433632e-12 4.043485e-11 2.345406e-11 7.232255e-11 fanout391
 4.770592e-12 2.324523e-11 4.405144e-11 7.206725e-11 fanout1015
 8.402282e-12 3.983753e-11 2.345406e-11 7.169387e-11 fanout395
 4.784079e-12 2.280522e-11 4.405146e-11 7.164076e-11 fanout266
 4.726586e-12 1.985358e-11 4.699076e-11 7.157093e-11 fanout690
 4.802365e-12 1.957600e-11 4.699076e-11 7.136912e-11 max_cap788
 8.442083e-12 3.934952e-11 2.345406e-11 7.124567e-11 fanout402
 4.740328e-12 1.861696e-11 4.699071e-11 7.034800e-11 fanout197
 4.719003e-12 1.848849e-11 4.699072e-11 7.019822e-11 fanout780
 4.813346e-12 2.132995e-11 4.405148e-11 7.019477e-11 max_cap338
 8.459251e-12 3.824698e-11 2.345406e-11 7.016029e-11 fanout399
 4.749631e-12 2.126195e-11 4.405147e-11 7.006305e-11 fanout1021
 4.736920e-12 1.775301e-11 4.699072e-11 6.948065e-11 fanout791
 4.723992e-12 1.776404e-11 4.699076e-11 6.947880e-11 fanout784
 8.328590e-12 3.754229e-11 2.345406e-11 6.932494e-11 fanout392
 8.279538e-12 3.755296e-11 2.345406e-11 6.928656e-11 fanout410
 4.748814e-12 2.008863e-11 4.405144e-11 6.888888e-11 fanout370
 4.712381e-12 1.687786e-11 4.699072e-11 6.858096e-11 fanout682
 4.730879e-12 1.678289e-11 4.699076e-11 6.850453e-11 fanout786
 4.774724e-12 1.667198e-11 4.699076e-11 6.843746e-11 max_cap783
 4.775916e-12 1.916260e-11 4.405144e-11 6.798995e-11 fanout1017
 8.406887e-12 3.273848e-11 2.663994e-11 6.778531e-11 fanout709
 8.386029e-12 3.263858e-11 2.663994e-11 6.766455e-11 fanout700
 3.694904e-12 1.690171e-11 4.699059e-11 6.758720e-11 fanout300
 6.441039e-12 3.417414e-11 2.663995e-11 6.725513e-11 fanout233
 6.254327e-12 3.421565e-11 2.663995e-11 6.710993e-11 fanout232
 4.810064e-12 1.807197e-11 4.405143e-11 6.693347e-11 max_cap1009
 6.467589e-12 3.697265e-11 2.345405e-11 6.689430e-11 fanout315
 8.269790e-12 3.473188e-11 2.345406e-11 6.645574e-11 fanout408
 4.777095e-12 1.762374e-11 4.405143e-11 6.645226e-11 max_cap1003
 4.713772e-12 1.409408e-11 4.699072e-11 6.579857e-11 fanout793
 4.216346e-11 0.000000e+00 2.345417e-11 6.561763e-11 clkload28
 4.213400e-11 0.000000e+00 2.345417e-11 6.558817e-11 clkload25
 4.213382e-11 0.000000e+00 2.345417e-11 6.558799e-11 clkload26
 2.663033e-12 1.590185e-11 4.699077e-11 6.555566e-11 fanout201
 4.736308e-12 1.666410e-11 4.405143e-11 6.545184e-11 fanout1001
 8.461978e-12 3.320760e-11 2.345406e-11 6.512364e-11 fanout405
 4.701870e-12 1.636489e-11 4.405143e-11 6.511819e-11 fanout1010
 2.667598e-12 1.811229e-11 4.405142e-11 6.483130e-11 fanout178
 4.692385e-12 1.606090e-11 4.405143e-11 6.480472e-11 fanout363
 2.646886e-12 1.478960e-11 4.699077e-11 6.442726e-11 fanout687
 3.130217e-11 0.000000e+00 3.311824e-11 6.442041e-11 clkload9
 3.128535e-11 0.000000e+00 3.311824e-11 6.440359e-11 clkload15
 3.122825e-11 0.000000e+00 3.311824e-11 6.434649e-11 clkload8
 3.119166e-11 0.000000e+00 3.311824e-11 6.430989e-11 clkload7
 3.118121e-11 0.000000e+00 3.311824e-11 6.429944e-11 clkload12
 3.100907e-11 0.000000e+00 3.311824e-11 6.412731e-11 clkload2
 2.641683e-12 1.436715e-11 4.699077e-11 6.399960e-11 fanout198
 6.348296e-12 3.096458e-11 2.663995e-11 6.395283e-11 fanout231
 8.383065e-12 3.200760e-11 2.345406e-11 6.384473e-11 fanout398
 4.719542e-12 1.481379e-11 4.405148e-11 6.358481e-11 fanout998
 2.660932e-12 1.662532e-11 4.405144e-11 6.333770e-11 fanout336
 4.687242e-12 1.455715e-11 4.405143e-11 6.329583e-11 fanout1004
 8.384514e-12 3.141705e-11 2.345406e-11 6.325563e-11 fanout406
 8.271387e-12 3.132379e-11 2.345406e-11 6.304924e-11 fanout415
 4.714131e-12 1.391731e-11 4.405143e-11 6.268287e-11 fanout1006
 4.707697e-12 1.368601e-11 4.405148e-11 6.244518e-11 fanout986
 3.685560e-12 1.464511e-11 4.405164e-11 6.238231e-11 fanout798
 2.645311e-12 1.270393e-11 4.699076e-11 6.234000e-11 fanout663
 8.414100e-12 3.047031e-11 2.345406e-11 6.233847e-11 fanout411
 3.679621e-12 1.431407e-11 4.405160e-11 6.204529e-11 fanout667
 3.674685e-12 1.431730e-11 4.405164e-11 6.204363e-11 fanout800
 8.372566e-12 3.020180e-11 2.345406e-11 6.202843e-11 fanout413
 2.633260e-12 1.202653e-11 4.699076e-11 6.165055e-11 fanout268
 2.647034e-12 1.480158e-11 4.405151e-11 6.150012e-11 fanout288
 8.358218e-12 2.646561e-11 2.663994e-11 6.146376e-11 fanout694
 2.631607e-12 1.178000e-11 4.699073e-11 6.140234e-11 fanout353
 1.617893e-12 1.219354e-11 4.699050e-11 6.080193e-11 max_cap146
 2.635058e-12 1.107494e-11 4.699069e-11 6.070069e-11 fanout685
 2.625136e-12 1.096060e-11 4.699077e-11 6.057651e-11 fanout287
 2.664633e-12 1.080461e-11 4.699068e-11 6.045992e-11 max_cap670
 1.603475e-12 1.171638e-11 4.699050e-11 6.031035e-11 fanout147
 2.672549e-12 1.053956e-11 4.699077e-11 6.020288e-11 max_cap212
 2.627999e-12 1.058150e-11 4.699077e-11 6.020027e-11 fanout686
 2.624187e-12 1.024114e-11 4.699077e-11 5.985610e-11 fanout349
 2.616859e-12 1.022833e-11 4.699077e-11 5.983596e-11 fanout186
 2.685511e-12 1.305837e-11 4.405150e-11 5.979538e-11 max_cap348
 6.291145e-12 2.997483e-11 2.345405e-11 5.972002e-11 fanout306
 2.683590e-12 1.000062e-11 4.699072e-11 5.967492e-11 max_cap777
 2.624254e-12 9.857673e-12 4.699074e-11 5.947267e-11 fanout317
 6.326651e-12 2.968897e-11 2.345405e-11 5.946967e-11 fanout301
 2.646465e-12 9.662997e-12 4.699068e-11 5.930014e-11 max_cap210
 2.680707e-12 9.575373e-12 4.699072e-11 5.924679e-11 fanout775
 2.610501e-12 9.613986e-12 4.699077e-11 5.921526e-11 fanout199
 1.605066e-12 1.048043e-11 4.699052e-11 5.907601e-11 fanout960
 2.701798e-12 1.220515e-11 4.405143e-11 5.895838e-11 fanout293
 1.614674e-12 1.256834e-11 4.405167e-11 5.823468e-11 fanout805
 2.672583e-12 1.136818e-11 4.405148e-11 5.809224e-11 max_cap1024
 2.636854e-12 1.131615e-11 4.405148e-11 5.800449e-11 fanout1025
 6.280420e-12 2.798434e-11 2.345405e-11 5.771881e-11 fanout307
 2.634235e-12 1.092825e-11 4.405142e-11 5.761391e-11 fanout330
 2.635772e-12 1.083833e-11 4.405142e-11 5.752552e-11 fanout281
 2.634106e-12 1.078482e-11 4.405142e-11 5.747035e-11 fanout359
 2.626897e-12 1.020390e-11 4.405143e-11 5.688222e-11 fanout291
 2.097434e-12 7.581886e-12 4.699080e-11 5.667012e-11 fanout188
 2.619688e-12 9.787606e-12 4.405144e-11 5.645874e-11 fanout380
 2.617804e-12 9.741667e-12 4.405144e-11 5.641091e-11 fanout335
 2.622723e-12 9.401437e-12 4.405144e-11 5.607560e-11 fanout245
 1.899829e-12 3.066711e-11 2.345426e-11 5.602120e-11 fanout799
 2.613962e-12 9.350969e-12 4.405151e-11 5.601644e-11 fanout319
 2.617935e-12 9.106950e-12 4.405143e-11 5.577631e-11 fanout289
 6.292470e-12 2.600957e-11 2.345405e-11 5.575609e-11 fanout308
 2.624754e-12 9.017515e-12 4.405142e-11 5.569369e-11 fanout326
 2.616683e-12 8.973212e-12 4.405142e-11 5.564132e-11 fanout204
 2.600275e-12 8.337239e-12 4.405148e-11 5.498900e-11 fanout259
 1.608481e-12 2.638504e-11 2.663998e-11 5.463350e-11 fanout106
 2.085614e-11 0.000000e+00 3.311822e-11 5.397436e-11 clkload131
 2.083771e-11 0.000000e+00 3.311822e-11 5.395593e-11 clkload142
 2.079189e-11 0.000000e+00 3.311822e-11 5.391011e-11 clkload150
 2.079119e-11 0.000000e+00 3.311822e-11 5.390942e-11 clkload136
 2.078025e-11 0.000000e+00 3.311822e-11 5.389847e-11 clkload151
 2.077537e-11 0.000000e+00 3.311822e-11 5.389359e-11 clkload140
 2.034540e-11 0.000000e+00 3.311822e-11 5.346363e-11 clkload101
 2.032681e-11 0.000000e+00 3.311822e-11 5.344503e-11 clkload90
 2.026952e-11 0.000000e+00 3.311822e-11 5.338775e-11 clkload85
 2.006235e-11 0.000000e+00 3.311822e-11 5.318057e-11 clkload39
 2.005174e-11 0.000000e+00 3.311822e-11 5.316996e-11 clkload43
 2.003831e-11 0.000000e+00 3.311822e-11 5.315654e-11 clkload46
 2.001628e-11 0.000000e+00 3.311822e-11 5.313450e-11 clkload49
 2.374421e-12 2.330883e-11 2.663991e-11 5.232316e-11 fanout797
 5.354600e-13 4.570480e-12 4.699079e-11 5.209673e-11 fanout182
 1.578925e-12 6.299905e-12 4.405158e-11 5.193041e-11 fanout217
 1.571102e-12 6.235000e-12 4.405167e-11 5.185777e-11 fanout804
 1.578164e-12 6.200094e-12 4.405158e-11 5.182984e-11 fanout218
 2.837004e-11 0.000000e+00 2.345411e-11 5.182416e-11 clkload217
 2.836947e-11 0.000000e+00 2.345411e-11 5.182358e-11 clkload231
 2.836852e-11 0.000000e+00 2.345411e-11 5.182264e-11 clkload180
 2.836792e-11 0.000000e+00 2.345411e-11 5.182203e-11 clkload297
 2.836636e-11 0.000000e+00 2.345411e-11 5.182047e-11 clkload218
 2.836248e-11 0.000000e+00 2.345411e-11 5.181659e-11 clkload230
 2.836212e-11 0.000000e+00 2.345411e-11 5.181623e-11 clkload177
 2.836208e-11 0.000000e+00 2.345411e-11 5.181619e-11 clkload272
 2.836174e-11 0.000000e+00 2.345411e-11 5.181585e-11 clkload215
 2.836106e-11 0.000000e+00 2.345411e-11 5.181517e-11 clkload280
 2.835927e-11 0.000000e+00 2.345411e-11 5.181338e-11 clkload178
 2.835912e-11 0.000000e+00 2.345411e-11 5.181323e-11 clkload160
 2.835742e-11 0.000000e+00 2.345411e-11 5.181153e-11 clkload249
 2.835609e-11 0.000000e+00 2.345411e-11 5.181020e-11 clkload228
 2.835527e-11 0.000000e+00 2.345411e-11 5.180938e-11 clkload336
 2.835506e-11 0.000000e+00 2.345411e-11 5.180918e-11 clkload279
 2.835493e-11 0.000000e+00 2.345411e-11 5.180904e-11 clkload227
 2.835431e-11 0.000000e+00 2.345411e-11 5.180842e-11 clkload315
 2.835430e-11 0.000000e+00 2.345411e-11 5.180841e-11 clkload298
 2.835179e-11 0.000000e+00 2.345411e-11 5.180591e-11 clkload184
 2.835126e-11 0.000000e+00 2.345411e-11 5.180537e-11 clkload313
 2.835125e-11 0.000000e+00 2.345411e-11 5.180536e-11 clkload318
 2.835056e-11 0.000000e+00 2.345411e-11 5.180467e-11 clkload316
 2.835041e-11 0.000000e+00 2.345411e-11 5.180452e-11 clkload233
 2.835033e-11 0.000000e+00 2.345411e-11 5.180445e-11 clkload224
 2.834956e-11 0.000000e+00 2.345411e-11 5.180367e-11 clkload226
 2.834922e-11 0.000000e+00 2.345411e-11 5.180333e-11 clkload327
 2.834778e-11 0.000000e+00 2.345411e-11 5.180189e-11 clkload281
 2.834769e-11 0.000000e+00 2.345411e-11 5.180181e-11 clkload164
 2.834405e-11 0.000000e+00 2.345411e-11 5.179816e-11 clkload193
 2.834379e-11 0.000000e+00 2.345411e-11 5.179791e-11 clkload274
 2.834131e-11 0.000000e+00 2.345411e-11 5.179542e-11 clkload263
 2.834114e-11 0.000000e+00 2.345411e-11 5.179525e-11 clkload276
 2.834111e-11 0.000000e+00 2.345411e-11 5.179522e-11 clkload171
 2.834097e-11 0.000000e+00 2.345411e-11 5.179509e-11 clkload207
 2.834093e-11 0.000000e+00 2.345411e-11 5.179504e-11 clkload213
 2.834007e-11 0.000000e+00 2.345411e-11 5.179418e-11 clkload260
 2.833974e-11 0.000000e+00 2.345411e-11 5.179385e-11 clkload190
 2.833888e-11 0.000000e+00 2.345411e-11 5.179299e-11 clkload175
 2.833831e-11 0.000000e+00 2.345411e-11 5.179242e-11 clkload182
 2.833675e-11 0.000000e+00 2.345411e-11 5.179086e-11 clkload338
 2.833529e-11 0.000000e+00 2.345411e-11 5.178940e-11 clkload288
 2.833393e-11 0.000000e+00 2.345411e-11 5.178804e-11 clkload332
 2.833262e-11 0.000000e+00 2.345411e-11 5.178673e-11 clkload302
 2.832996e-11 0.000000e+00 2.345411e-11 5.178407e-11 clkload330
 2.832950e-11 0.000000e+00 2.345411e-11 5.178362e-11 clkload203
 2.832924e-11 0.000000e+00 2.345411e-11 5.178336e-11 clkload201
 2.832898e-11 0.000000e+00 2.345411e-11 5.178309e-11 clkload295
 2.832854e-11 0.000000e+00 2.345411e-11 5.178265e-11 clkload265
 2.832812e-11 0.000000e+00 2.345411e-11 5.178223e-11 clkload211
 2.832646e-11 0.000000e+00 2.345411e-11 5.178057e-11 clkload322
 2.832445e-11 0.000000e+00 2.345411e-11 5.177856e-11 clkload186
 2.832368e-11 0.000000e+00 2.345411e-11 5.177779e-11 clkload309
 2.832301e-11 0.000000e+00 2.345411e-11 5.177712e-11 clkload241
 2.832159e-11 0.000000e+00 2.345411e-11 5.177570e-11 clkload290
 2.832078e-11 0.000000e+00 2.345411e-11 5.177489e-11 clkload239
 2.831977e-11 0.000000e+00 2.345411e-11 5.177388e-11 clkload285
 2.831956e-11 0.000000e+00 2.345411e-11 5.177368e-11 clkload199
 2.831855e-11 0.000000e+00 2.345411e-11 5.177266e-11 clkload323
 2.831691e-11 0.000000e+00 2.345411e-11 5.177102e-11 clkload192
 2.831551e-11 0.000000e+00 2.345411e-11 5.176962e-11 clkload247
 2.831132e-11 0.000000e+00 2.345411e-11 5.176543e-11 clkload257
 2.831001e-11 0.000000e+00 2.345411e-11 5.176413e-11 clkload240
 2.830371e-11 0.000000e+00 2.345411e-11 5.175782e-11 clkload289
 2.830079e-11 0.000000e+00 2.345411e-11 5.175491e-11 clkload242
 2.829605e-11 0.000000e+00 2.345411e-11 5.175017e-11 clkload284
 5.333877e-13 3.814095e-12 4.699079e-11 5.133827e-11 fanout166
 1.573273e-12 5.650600e-12 4.405162e-11 5.127550e-11 fanout676
 1.579667e-12 5.607007e-12 4.405162e-11 5.123830e-11 fanout678
 2.735872e-11 0.000000e+00 2.345411e-11 5.081283e-11 clkload99
 2.734901e-11 0.000000e+00 2.345411e-11 5.080312e-11 clkload98
 2.731973e-11 0.000000e+00 2.345411e-11 5.077384e-11 clkload81
 2.730666e-11 0.000000e+00 2.345411e-11 5.076076e-11 clkload80
 2.730591e-11 0.000000e+00 2.345411e-11 5.076002e-11 clkload120
 2.728117e-11 0.000000e+00 2.345411e-11 5.073528e-11 clkload53
 2.727899e-11 0.000000e+00 2.345411e-11 5.073310e-11 clkload117
 2.727812e-11 0.000000e+00 2.345411e-11 5.073222e-11 clkload54
 1.572829e-12 4.962025e-12 4.405169e-11 5.058654e-11 fanout112
 5.287127e-13 2.865062e-12 4.699079e-11 5.038456e-11 fanout203
 3.141567e-12 2.351860e-11 2.345402e-11 5.011419e-11 fanout239
 5.261169e-13 2.376249e-12 4.699079e-11 4.989316e-11 fanout216
 5.261233e-13 2.345973e-12 4.699079e-11 4.986288e-11 fanout283
 5.267051e-13 2.248153e-12 4.699079e-11 4.976565e-11 fanout183
 5.235201e-13 2.054601e-12 4.699079e-11 4.956891e-11 fanout260
 5.213111e-13 1.679407e-12 4.699079e-11 4.919151e-11 fanout214
 5.247002e-13 1.668390e-12 4.699079e-11 4.918388e-11 fanout160
 5.210691e-13 1.597932e-12 4.699079e-11 4.910979e-11 fanout161
 3.130743e-12 2.154210e-11 2.345402e-11 4.812687e-11 fanout240
 4.893893e-12 2.633217e-11 1.653896e-11 4.776503e-11 fanout752
 5.298127e-13 2.617635e-12 4.405140e-11 4.719885e-11 fanout265
 5.354125e-13 2.607119e-12 4.405140e-11 4.719393e-11 fanout168
 5.300815e-13 2.610698e-12 4.405140e-11 4.719218e-11 fanout285
 5.290827e-13 2.481341e-12 4.405140e-11 4.706183e-11 fanout284
 2.150348e-19 1.978871e-18 4.699065e-11 4.699066e-11 fanout1052
 5.243751e-13 1.848214e-12 4.405140e-11 4.642399e-11 fanout250
 5.242269e-13 1.727895e-12 4.405140e-11 4.630352e-11 fanout162
 5.214152e-13 1.519692e-12 4.405140e-11 4.609251e-11 fanout159
 2.435171e-12 1.661800e-11 2.663996e-11 4.569313e-11 fanout691
 3.147302e-12 1.897199e-11 2.345402e-11 4.557332e-11 fanout224
 4.879849e-12 2.313507e-11 1.653896e-11 4.455388e-11 fanout762
 3.101045e-12 1.748376e-11 2.345402e-11 4.403883e-11 fanout225
 3.130295e-12 1.696504e-11 2.345402e-11 4.354936e-11 fanout237
 3.097784e-12 1.691790e-11 2.345402e-11 4.346970e-11 fanout228
 3.109662e-12 1.647787e-11 2.345402e-11 4.304156e-11 fanout238
 3.155151e-12 1.597268e-11 2.345402e-11 4.258185e-11 fanout241
 4.869358e-12 2.086606e-11 1.653896e-11 4.227438e-11 fanout716
 4.868872e-12 2.072573e-11 1.653896e-11 4.213357e-11 fanout715
 2.339351e-12 1.554490e-11 2.345403e-11 4.133829e-11 fanout1012
 1.859170e-12 1.194835e-11 2.663973e-11 4.044725e-11 fanout968
 1.892542e-12 1.176924e-11 2.663973e-11 4.030151e-11 fanout978
 2.325495e-11 0.000000e+00 1.689928e-11 4.015423e-11 clkload27
 3.108179e-12 1.347205e-11 2.345402e-11 4.003425e-11 fanout226
 2.306979e-11 0.000000e+00 1.689928e-11 3.996907e-11 clkload18
 2.300108e-11 0.000000e+00 1.689928e-11 3.990036e-11 clkload33
 2.559321e-12 1.341240e-11 2.345408e-11 3.942580e-11 fanout982
 1.070813e-12 1.454746e-11 2.345401e-11 3.907229e-11 fanout143
 1.821824e-12 1.038320e-11 2.663973e-11 3.884475e-11 fanout975
 2.532657e-12 1.272085e-11 2.345408e-11 3.870759e-11 fanout1000
 2.858534e-12 9.118317e-12 2.663970e-11 3.861655e-11 fanout601
 2.343888e-12 1.280917e-11 2.345408e-11 3.860714e-11 fanout994
 2.874529e-12 9.022714e-12 2.663970e-11 3.853694e-11 fanout582
 2.348184e-12 9.326721e-12 2.663991e-11 3.831481e-11 fanout795
 2.872433e-12 8.577193e-12 2.663970e-11 3.808933e-11 fanout597
 1.314787e-12 1.187763e-11 2.345401e-11 3.664643e-11 fanout549
 1.299812e-12 8.598682e-12 2.663997e-11 3.653846e-11 fanout324
 1.809250e-12 8.031100e-12 2.663973e-11 3.648008e-11 fanout972
 1.808590e-12 7.852928e-12 2.663973e-11 3.630125e-11 fanout963
 4.830244e-12 1.489525e-11 1.653896e-11 3.626446e-11 fanout721
 1.331483e-12 8.285368e-12 2.663998e-11 3.625683e-11 fanout457
 1.807315e-12 7.782513e-12 2.663973e-11 3.622955e-11 fanout976
 1.810372e-12 7.679018e-12 2.663973e-11 3.612912e-11 fanout974
 1.816727e-12 1.081234e-11 2.345426e-11 3.608333e-11 fanout803
 2.349330e-12 1.019739e-11 2.345408e-11 3.600080e-11 fanout997
 1.075195e-12 1.144505e-11 2.345401e-11 3.597425e-11 fanout195
 1.303148e-12 8.026108e-12 2.663997e-11 3.596922e-11 fanout323
 1.843247e-12 7.477745e-12 2.663969e-11 3.596068e-11 fanout612
 1.819094e-12 7.484887e-12 2.663971e-11 3.594369e-11 fanout554
 1.301086e-12 7.868469e-12 2.663998e-11 3.580954e-11 fanout476
 2.573062e-12 9.665882e-12 2.345408e-11 3.569302e-11 fanout979
 4.546087e-12 1.414195e-11 1.689929e-11 3.558732e-11 fanout416
 1.300814e-12 7.452007e-12 2.663997e-11 3.539279e-11 fanout321
 1.803555e-12 6.862517e-12 2.663969e-11 3.530576e-11 fanout609
 1.043737e-12 7.597800e-12 2.663999e-11 3.528153e-11 fanout107
 1.805763e-12 6.686496e-12 2.663971e-11 3.513197e-11 fanout559
 1.820082e-12 6.648254e-12 2.663969e-11 3.510802e-11 fanout566
 1.528824e-11 0.000000e+00 1.980002e-11 3.508826e-11 clkload29
 1.798004e-12 6.589461e-12 2.663973e-11 3.502719e-11 fanout977
 1.522671e-11 0.000000e+00 1.980002e-11 3.502672e-11 clkload14
 1.520129e-11 0.000000e+00 1.980002e-11 3.500131e-11 clkload21
 1.517244e-11 0.000000e+00 1.980002e-11 3.497246e-11 clkload22
 1.811493e-12 6.307275e-12 2.663969e-11 3.475845e-11 fanout599
 1.318034e-12 6.779941e-12 2.663998e-11 3.473796e-11 fanout459
 1.839943e-12 6.162614e-12 2.663973e-11 3.464228e-11 fanout973
 1.305468e-12 6.630843e-12 2.663998e-11 3.457629e-11 fanout443
 1.812183e-12 6.118295e-12 2.663969e-11 3.457017e-11 fanout560
 1.317261e-12 6.551756e-12 2.663998e-11 3.450900e-11 fanout441
 1.806986e-12 6.037730e-12 2.663969e-11 3.448440e-11 fanout585
 1.813224e-12 6.016830e-12 2.663969e-11 3.446974e-11 fanout565
 1.294703e-12 6.450973e-12 2.663998e-11 3.438566e-11 fanout455
 1.805219e-12 5.820136e-12 2.663969e-11 3.426504e-11 fanout573
 1.834706e-12 5.756366e-12 2.663969e-11 3.423076e-11 fanout564
 1.301324e-12 6.192085e-12 2.663998e-11 3.413339e-11 fanout439
 1.807852e-12 5.682405e-12 2.663974e-11 3.413000e-11 fanout639
 1.802863e-12 5.665923e-12 2.663969e-11 3.410847e-11 fanout552
 1.808728e-12 5.659275e-12 2.663969e-11 3.410769e-11 fanout574
 1.829465e-12 5.618108e-12 2.663969e-11 3.408726e-11 fanout611
 1.837100e-12 5.608436e-12 2.663970e-11 3.408524e-11 fanout598
 1.296474e-12 6.091543e-12 2.663997e-11 3.402799e-11 fanout350
 1.330509e-12 9.188665e-12 2.345405e-11 3.397322e-11 fanout387
 1.297418e-12 6.003671e-12 2.663998e-11 3.394107e-11 fanout462
 1.846361e-12 5.441978e-12 2.663971e-11 3.392805e-11 fanout631
 2.350727e-12 8.072286e-12 2.345408e-11 3.387710e-11 fanout985
 1.073177e-12 9.270034e-12 2.345401e-11 3.379722e-11 fanout196
 1.313724e-12 5.842902e-12 2.663998e-11 3.379661e-11 fanout451
 1.837321e-12 8.421557e-12 2.345421e-11 3.371309e-11 fanout668
 1.049112e-12 9.054214e-12 2.345401e-11 3.355733e-11 fanout194
 1.320648e-12 5.485890e-12 2.663998e-11 3.344652e-11 fanout445
 7.845033e-13 6.007670e-12 2.663980e-11 3.343197e-11 fanout299
 1.289965e-12 5.400450e-12 2.663998e-11 3.333040e-11 fanout456
 1.295784e-12 5.381762e-12 2.663998e-11 3.331753e-11 fanout438
 1.323593e-12 5.288449e-12 2.663998e-11 3.325202e-11 fanout448
 1.302230e-12 8.424031e-12 2.345402e-11 3.318028e-11 fanout257
 1.312020e-12 5.197465e-12 2.663998e-11 3.314947e-11 fanout428
 1.312240e-12 5.156226e-12 2.663998e-11 3.310845e-11 fanout467
 1.288642e-12 5.120703e-12 2.663998e-11 3.304933e-11 fanout426
 1.288644e-12 5.050771e-12 2.663998e-11 3.297940e-11 fanout424
 1.325092e-12 8.140147e-12 2.345401e-11 3.291925e-11 fanout523
 1.314231e-12 4.912686e-12 2.663998e-11 3.286690e-11 fanout436
 1.318888e-12 4.737346e-12 2.663998e-11 3.269622e-11 fanout435
 1.328021e-12 7.901605e-12 2.345402e-11 3.268364e-11 fanout179
 1.304862e-12 4.708350e-12 2.663998e-11 3.265320e-11 fanout450
 2.953606e-13 5.712592e-12 2.663999e-11 3.264794e-11 fanout273
 1.311439e-12 4.654470e-12 2.663998e-11 3.260589e-11 fanout420
 1.566804e-11 0.000000e+00 1.689929e-11 3.256733e-11 clkload271
 1.566311e-11 0.000000e+00 1.689929e-11 3.256240e-11 clkload225
 1.566169e-11 0.000000e+00 1.689929e-11 3.256098e-11 clkload299
 1.566084e-11 0.000000e+00 1.689929e-11 3.256013e-11 clkload176
 1.565864e-11 0.000000e+00 1.689929e-11 3.255793e-11 clkload216
 1.565643e-11 0.000000e+00 1.689929e-11 3.255572e-11 clkload312
 1.565629e-11 0.000000e+00 1.689929e-11 3.255558e-11 clkload232
 1.565573e-11 0.000000e+00 1.689929e-11 3.255501e-11 clkload278
 1.565505e-11 0.000000e+00 1.689929e-11 3.255434e-11 clkload250
 1.565446e-11 0.000000e+00 1.689929e-11 3.255374e-11 clkload229
 1.565443e-11 0.000000e+00 1.689929e-11 3.255372e-11 clkload273
 1.565433e-11 0.000000e+00 1.689929e-11 3.255361e-11 clkload161
 1.565226e-11 0.000000e+00 1.689929e-11 3.255154e-11 clkload159
 1.564972e-11 0.000000e+00 1.689929e-11 3.254901e-11 clkload170
 1.564918e-11 0.000000e+00 1.689929e-11 3.254847e-11 clkload319
 1.564897e-11 0.000000e+00 1.689929e-11 3.254826e-11 clkload329
 1.564799e-11 0.000000e+00 1.689929e-11 3.254727e-11 clkload311
 1.564778e-11 0.000000e+00 1.689929e-11 3.254707e-11 clkload172
 1.564751e-11 0.000000e+00 1.689929e-11 3.254680e-11 clkload337
 1.564742e-11 0.000000e+00 1.689929e-11 3.254671e-11 clkload179
 1.564674e-11 0.000000e+00 1.689929e-11 3.254603e-11 clkload300
 1.316222e-12 4.589547e-12 2.663998e-11 3.254575e-11 fanout468
 1.564550e-11 0.000000e+00 1.689929e-11 3.254479e-11 clkload296
 1.564504e-11 0.000000e+00 1.689929e-11 3.254432e-11 clkload214
 1.564496e-11 0.000000e+00 1.689929e-11 3.254425e-11 clkload208
 1.564462e-11 0.000000e+00 1.689929e-11 3.254391e-11 clkload277
 1.564455e-11 0.000000e+00 1.689929e-11 3.254384e-11 clkload181
 1.564434e-11 0.000000e+00 1.689929e-11 3.254363e-11 clkload333
 1.564382e-11 0.000000e+00 1.689929e-11 3.254311e-11 clkload305
 1.564368e-11 0.000000e+00 1.689929e-11 3.254297e-11 clkload314
 1.564338e-11 0.000000e+00 1.689929e-11 3.254267e-11 clkload310
 1.564112e-11 0.000000e+00 1.689929e-11 3.254040e-11 clkload167
 1.564086e-11 0.000000e+00 1.689929e-11 3.254015e-11 clkload303
 1.564081e-11 0.000000e+00 1.689929e-11 3.254010e-11 clkload237
 1.563897e-11 0.000000e+00 1.689929e-11 3.253826e-11 clkload264
 1.563868e-11 0.000000e+00 1.689929e-11 3.253797e-11 clkload168
 1.563830e-11 0.000000e+00 1.689929e-11 3.253759e-11 clkload219
 1.563761e-11 0.000000e+00 1.689929e-11 3.253689e-11 clkload165
 1.563704e-11 0.000000e+00 1.689929e-11 3.253633e-11 clkload304
 1.563671e-11 0.000000e+00 1.689929e-11 3.253600e-11 clkload334
 1.563598e-11 0.000000e+00 1.689929e-11 3.253527e-11 clkload210
 1.563455e-11 0.000000e+00 1.689929e-11 3.253384e-11 clkload248
 1.563357e-11 0.000000e+00 1.689929e-11 3.253286e-11 clkload173
 1.563322e-11 0.000000e+00 1.689929e-11 3.253251e-11 clkload291
 1.563311e-11 0.000000e+00 1.689929e-11 3.253240e-11 clkload200
 1.563254e-11 0.000000e+00 1.689929e-11 3.253182e-11 clkload251
 1.563156e-11 0.000000e+00 1.689929e-11 3.253085e-11 clkload321
 1.316721e-12 4.573905e-12 2.663998e-11 3.253061e-11 fanout465
 1.563112e-11 0.000000e+00 1.689929e-11 3.253041e-11 clkload191
 1.562852e-11 0.000000e+00 1.689929e-11 3.252781e-11 clkload317
 1.562661e-11 0.000000e+00 1.689929e-11 3.252590e-11 clkload163
 1.562137e-11 0.000000e+00 1.689929e-11 3.252066e-11 clkload245
 1.562047e-11 0.000000e+00 1.689929e-11 3.251976e-11 clkload162
 1.561757e-11 0.000000e+00 1.689929e-11 3.251685e-11 clkload166
 1.301358e-12 7.758350e-12 2.345402e-11 3.251373e-11 fanout206
 1.307524e-12 4.506642e-12 2.663998e-11 3.245415e-11 fanout473
 1.553440e-11 0.000000e+00 1.689929e-11 3.243369e-11 clkload134
 1.307971e-12 4.429439e-12 2.663998e-11 3.237739e-11 fanout460
 7.931786e-13 4.909558e-12 2.663979e-11 3.234253e-11 fanout917
 1.509288e-11 0.000000e+00 1.689929e-11 3.199217e-11 clkload83
 1.508142e-11 0.000000e+00 1.689929e-11 3.198070e-11 clkload75
 1.507891e-11 0.000000e+00 1.689929e-11 3.197820e-11 clkload84
 1.507154e-11 0.000000e+00 1.689929e-11 3.197083e-11 clkload82
 1.506761e-11 0.000000e+00 1.689929e-11 3.196690e-11 clkload95
 1.505865e-11 0.000000e+00 1.689929e-11 3.195794e-11 clkload66
 1.505854e-11 0.000000e+00 1.689929e-11 3.195783e-11 clkload119
 1.505567e-11 0.000000e+00 1.689929e-11 3.195495e-11 clkload70
 1.505425e-11 0.000000e+00 1.689929e-11 3.195354e-11 clkload68
 1.504951e-11 0.000000e+00 1.689929e-11 3.194879e-11 clkload62
 1.504275e-11 0.000000e+00 1.689929e-11 3.194203e-11 clkload116
 7.983558e-13 4.436356e-12 2.663968e-11 3.187439e-11 fanout149
 1.301148e-12 7.031274e-12 2.345402e-11 3.178645e-11 fanout208
 1.297438e-12 6.871390e-12 2.345402e-11 3.162284e-11 fanout352
 1.301299e-12 6.849557e-12 2.345402e-11 3.160488e-11 fanout360
 1.823038e-12 6.287683e-12 2.345421e-11 3.156493e-11 fanout666
 1.303371e-12 6.783435e-12 2.345408e-11 3.154089e-11 fanout1026
 1.304081e-12 6.756809e-12 2.345405e-11 3.151494e-11 fanout376
 1.315906e-12 6.688522e-12 2.345402e-11 3.145844e-11 fanout254
 1.297259e-12 6.671572e-12 2.345402e-11 3.142285e-11 fanout333
 1.324539e-12 6.452752e-12 2.345402e-11 3.123131e-11 fanout253
 1.040197e-12 6.736041e-12 2.345401e-11 3.123025e-11 fanout192
 1.298924e-12 6.390679e-12 2.345405e-11 3.114365e-11 fanout384
 1.322739e-12 6.233906e-12 2.345401e-11 3.101065e-11 fanout519
 7.865176e-13 3.528414e-12 2.663972e-11 3.095465e-11 fanout634
 1.301724e-12 5.967332e-12 2.345401e-11 3.072306e-11 fanout487
 1.291883e-12 5.971223e-12 2.345405e-11 3.071715e-11 fanout383
 1.328387e-12 5.933753e-12 2.345401e-11 3.071615e-11 fanout495
 7.889322e-13 3.110016e-12 2.663979e-11 3.053874e-11 fanout912
 1.317504e-12 5.652819e-12 2.345401e-11 3.042433e-11 fanout536
 7.873486e-13 2.977485e-12 2.663968e-11 3.040451e-11 fanout148
 1.289892e-12 5.651848e-12 2.345402e-11 3.039576e-11 fanout328
 1.300039e-12 5.627549e-12 2.345402e-11 3.038161e-11 fanout329
 7.774613e-13 2.934761e-12 2.663967e-11 3.035189e-11 fanout576
 1.040920e-12 5.851154e-12 2.345401e-11 3.034608e-11 fanout190
 1.288558e-12 5.601198e-12 2.345401e-11 3.034377e-11 fanout524
 7.776180e-13 2.838985e-12 2.663969e-11 3.025630e-11 fanout563
 7.754652e-13 2.838947e-12 2.663967e-11 3.025408e-11 fanout588
 1.322513e-12 5.475059e-12 2.345401e-11 3.025158e-11 fanout484
 1.293657e-12 5.471434e-12 2.345401e-11 3.021910e-11 fanout479
 7.885509e-13 2.777641e-12 2.663967e-11 3.020586e-11 fanout575
 1.298217e-12 5.406989e-12 2.345405e-11 3.015925e-11 fanout378
 1.324980e-12 5.343650e-12 2.345401e-11 3.012264e-11 fanout491
 1.316375e-12 5.328478e-12 2.345401e-11 3.009886e-11 fanout517
 1.299476e-12 5.323012e-12 2.345401e-11 3.007650e-11 fanout539
 1.315042e-12 5.301890e-12 2.345401e-11 3.007094e-11 fanout537
 1.316185e-12 5.294099e-12 2.345401e-11 3.006429e-11 fanout525
 7.938139e-13 2.630148e-12 2.663969e-11 3.006365e-11 fanout645
 1.322535e-12 5.272087e-12 2.345401e-11 3.004863e-11 fanout543
 1.295494e-12 5.253920e-12 2.345401e-11 3.000342e-11 fanout486
 1.313082e-12 5.204556e-12 2.345401e-11 2.997165e-11 fanout508
 1.016362e-11 0.000000e+00 1.980001e-11 2.996363e-11 clkload144
 1.015607e-11 0.000000e+00 1.980001e-11 2.995608e-11 clkload143
 1.294433e-12 5.196800e-12 2.345401e-11 2.994524e-11 fanout501
 7.777792e-13 2.514133e-12 2.663967e-11 2.993158e-11 fanout558
 7.753636e-13 2.507966e-12 2.663967e-11 2.992300e-11 fanout562
 7.945623e-13 2.448449e-12 2.663972e-11 2.988273e-11 fanout653
 1.008114e-11 0.000000e+00 1.980001e-11 2.988115e-11 clkload125
 7.938476e-13 2.441055e-12 2.663972e-11 2.987462e-11 fanout660
 7.850173e-13 2.419488e-12 2.663967e-11 2.984418e-11 fanout572
 1.004085e-11 0.000000e+00 1.980001e-11 2.984087e-11 clkload124
 7.930675e-13 2.400272e-12 2.663967e-11 2.983301e-11 fanout561
 7.889692e-13 2.398000e-12 2.663967e-11 2.982664e-11 fanout553
 7.828963e-13 2.399929e-12 2.663967e-11 2.982250e-11 fanout579
 1.317068e-12 5.045124e-12 2.345401e-11 2.981620e-11 fanout532
 1.001311e-11 0.000000e+00 1.980001e-11 2.981312e-11 clkload128
 7.924484e-13 2.374020e-12 2.663978e-11 2.980625e-11 fanout655
 9.984843e-12 0.000000e+00 1.980001e-11 2.978486e-11 clkload109
 9.965966e-12 0.000000e+00 1.980001e-11 2.976598e-11 clkload69
 1.323758e-12 4.974863e-12 2.345401e-11 2.975263e-11 fanout529
 2.644502e-13 2.844750e-12 2.663999e-11 2.974919e-11 fanout136
 1.315030e-12 4.977759e-12 2.345401e-11 2.974680e-11 fanout545
 9.935718e-12 0.000000e+00 1.980001e-11 2.973573e-11 clkload59
 1.303777e-12 4.970307e-12 2.345401e-11 2.972809e-11 fanout542
 9.927564e-12 0.000000e+00 1.980001e-11 2.972757e-11 clkload51
 9.924268e-12 0.000000e+00 1.980001e-11 2.972428e-11 clkload65
 7.917908e-13 2.289789e-12 2.663969e-11 2.972127e-11 fanout581
 9.920680e-12 0.000000e+00 1.980001e-11 2.972069e-11 clkload88
 7.936354e-13 2.282169e-12 2.663975e-11 2.971555e-11 fanout652
 1.311242e-12 4.941430e-12 2.345401e-11 2.970668e-11 fanout505
 9.902221e-12 0.000000e+00 1.980001e-11 2.970223e-11 clkload104
 9.875275e-12 0.000000e+00 1.980001e-11 2.967529e-11 clkload107
 7.853916e-13 2.235792e-12 2.663967e-11 2.966085e-11 fanout608
 7.858682e-13 2.228869e-12 2.663972e-11 2.965445e-11 fanout659
 1.315196e-12 4.879608e-12 2.345401e-11 2.964881e-11 fanout500
 1.308957e-12 4.862509e-12 2.345401e-11 2.962548e-11 fanout499
 7.883709e-13 2.177743e-12 2.663967e-11 2.960578e-11 fanout605
 7.866845e-13 2.164752e-12 2.663972e-11 2.959115e-11 fanout633
 7.929850e-13 2.130284e-12 2.663978e-11 2.956305e-11 fanout637
 1.319176e-12 4.779961e-12 2.345401e-11 2.955314e-11 fanout509
 1.284959e-12 4.794349e-12 2.345401e-11 2.953332e-11 fanout481
 2.692130e-13 2.601988e-12 2.663999e-11 2.951119e-11 fanout121
 2.628065e-13 2.602692e-12 2.663999e-11 2.950549e-11 fanout172
 7.853083e-13 2.053191e-12 2.663967e-11 2.947817e-11 fanout557
 1.321503e-12 4.656398e-12 2.345401e-11 2.943191e-11 fanout528
 3.395881e-12 9.135289e-12 1.689929e-11 2.943047e-11 fanout304
 7.878378e-13 1.216576e-11 1.647000e-11 2.942360e-11 _25744_
 7.888894e-13 1.957167e-12 2.663967e-11 2.938573e-11 fanout613
 1.316264e-12 4.591772e-12 2.345401e-11 2.936204e-11 fanout482
 1.283238e-11 0.000000e+00 1.647001e-11 2.930240e-11 clkload5
 7.927317e-13 4.971390e-12 2.345431e-11 2.921843e-11 fanout117
 1.310461e-12 4.330094e-12 2.345401e-11 2.909456e-11 fanout547
 1.288153e-12 4.352364e-12 2.345401e-11 2.909453e-11 fanout489
 1.069013e-12 1.804408e-11 9.898737e-12 2.901183e-11 _15416_
 2.681232e-13 2.096722e-12 2.663999e-11 2.900483e-11 fanout118
 2.673525e-13 2.087631e-12 2.663999e-11 2.899497e-11 max_cap79
 2.615167e-13 2.089071e-12 2.663999e-11 2.899058e-11 fanout140
 1.304090e-12 4.181267e-12 2.345401e-11 2.893936e-11 fanout503
 2.660180e-13 2.012479e-12 2.663999e-11 2.891849e-11 fanout135
 2.671772e-13 2.000628e-12 2.663999e-11 2.890779e-11 max_cap74
 2.663327e-13 1.918117e-12 2.663999e-11 2.882444e-11 fanout83
 1.309759e-12 4.031653e-12 2.345402e-11 2.879543e-11 fanout595
 1.308097e-12 3.995000e-12 2.345401e-11 2.875710e-11 fanout546
 7.812427e-13 4.515346e-12 2.345431e-11 2.875090e-11 fanout111
 2.618900e-13 1.796905e-12 2.663999e-11 2.869878e-11 wire71
 1.320762e-12 3.812240e-12 2.345402e-11 2.858703e-11 fanout570
 2.594020e-13 1.555047e-12 2.663999e-11 2.845444e-11 fanout154
 2.603854e-13 1.505283e-12 2.663999e-11 2.840566e-11 max_cap68
 7.791560e-13 4.075330e-12 2.345424e-11 2.830873e-11 fanout677
 2.591238e-13 1.397059e-12 2.663999e-11 2.829617e-11 fanout261
 7.825199e-13 4.054502e-12 2.345419e-11 2.829121e-11 fanout219
 7.820052e-13 4.019052e-12 2.345424e-11 2.825530e-11 fanout680
 7.879899e-13 3.905268e-12 2.345419e-11 2.814745e-11 fanout220
 1.300776e-12 3.327988e-12 2.345402e-11 2.808279e-11 fanout593
 2.629191e-13 1.086884e-12 2.663999e-11 2.798979e-11 fanout278
 7.813434e-13 3.675264e-12 2.345424e-11 2.791085e-11 fanout673
 7.798466e-13 3.650433e-12 2.345424e-11 2.788452e-11 fanout674
 2.567636e-13 9.606712e-13 2.663999e-11 2.785742e-11 fanout82
 7.785325e-13 3.344994e-12 2.345424e-11 2.757777e-11 fanout672
 2.297482e-12 1.600985e-12 2.345414e-11 2.735261e-11 output12
 2.779399e-12 1.043463e-12 2.345429e-11 2.727716e-11 output14
 2.785251e-12 9.223155e-13 2.345418e-11 2.716174e-11 output16
 1.124720e-19 2.379763e-18 2.663984e-11 2.663984e-11 fanout1048
 2.648535e-13 2.857689e-12 2.345400e-11 2.657654e-11 fanout122
 7.334370e-13 8.924498e-12 1.689930e-11 2.655723e-11 fanout619
 7.465044e-13 8.737079e-12 1.689930e-11 2.638288e-11 fanout91
 2.635830e-13 2.510504e-12 2.345400e-11 2.622809e-11 fanout827
 2.635421e-13 2.491332e-12 2.345400e-11 2.620888e-11 fanout826
 1.792306e-12 7.215349e-12 1.689930e-11 2.590695e-11 fanout223
 1.767419e-12 6.761368e-13 2.345433e-11 2.589789e-11 output13
 2.639060e-13 2.078731e-12 2.345400e-11 2.579664e-11 fanout276
 2.622837e-13 2.004251e-12 2.345400e-11 2.572054e-11 fanout824
 2.609875e-13 1.907195e-12 2.345400e-11 2.562218e-11 fanout269
 2.690243e-13 1.857506e-12 2.345400e-11 2.558053e-11 fanout819
 1.713851e-12 6.908266e-12 1.689930e-11 2.552141e-11 fanout227
 8.954202e-12 0.000000e+00 1.647001e-11 2.542421e-11 clkload156
 2.669553e-13 1.682672e-12 2.345400e-11 2.540363e-11 fanout821
 7.314245e-13 8.006653e-12 1.653894e-11 2.527702e-11 fanout129
 2.603366e-13 1.527286e-12 2.345400e-11 2.524162e-11 fanout157
 2.663603e-13 1.361816e-12 2.345400e-11 2.508218e-11 fanout277
 7.310841e-13 7.713710e-12 1.653894e-11 2.498374e-11 fanout133
 1.260108e-12 1.848950e-13 2.345401e-11 2.489901e-11 output15
 2.696714e-13 1.173317e-12 2.345400e-11 2.489699e-11 fanout823
 2.627431e-13 1.133593e-12 2.345400e-11 2.485034e-11 fanout155
 2.667845e-13 1.072555e-12 2.345400e-11 2.479334e-11 fanout176
 2.573096e-13 1.026012e-12 2.345400e-11 2.473732e-11 fanout825
 2.635635e-13 1.019579e-12 2.345400e-11 2.473714e-11 fanout822
 2.607524e-13 1.006076e-12 2.345400e-11 2.472083e-11 fanout270
 2.604254e-13 9.097215e-13 2.345400e-11 2.462415e-11 fanout119
 2.598267e-13 9.043410e-13 2.345400e-11 2.461817e-11 fanout602
 2.581831e-13 8.575906e-13 2.345400e-11 2.456978e-11 fanout589
 2.593147e-13 8.343039e-13 2.345400e-11 2.454762e-11 fanout632
 2.641752e-13 8.132503e-13 2.345400e-11 2.453143e-11 fanout636
 2.653207e-13 8.089234e-13 2.345400e-11 2.452825e-11 fanout654
 2.647764e-13 8.048585e-13 2.345400e-11 2.452364e-11 fanout638
 2.641724e-13 7.660861e-13 2.345400e-11 2.448426e-11 fanout635
 2.617413e-13 7.656703e-13 2.345400e-11 2.448141e-11 max_cap171
 2.616994e-13 7.065740e-13 2.345400e-11 2.442227e-11 fanout603
 2.615053e-13 6.850915e-13 2.345400e-11 2.440060e-11 fanout175
 2.528503e-13 1.027185e-13 2.345400e-11 2.380957e-11 output22
 2.546787e-13 9.236081e-14 2.345400e-11 2.380104e-11 output25
 2.851867e-13 5.136684e-14 2.345400e-11 2.379055e-11 output31
 2.548744e-13 7.890420e-14 2.345400e-11 2.378778e-11 output26
 2.687004e-13 6.463761e-14 2.345400e-11 2.378734e-11 output21
 2.522750e-13 7.470745e-14 2.345400e-11 2.378098e-11 output24
 2.513321e-13 6.827528e-14 2.345400e-11 2.377361e-11 output27
 2.526682e-13 6.152416e-14 2.345400e-11 2.376819e-11 output45
 2.579298e-13 5.600996e-14 2.345400e-11 2.376794e-11 output34
 2.529446e-13 5.936218e-14 2.345400e-11 2.376631e-11 output53
 2.525840e-13 5.467539e-14 2.345400e-11 2.376126e-11 output19
 2.510892e-13 5.529885e-14 2.345400e-11 2.376039e-11 output60
 2.524756e-13 5.355113e-14 2.345400e-11 2.376003e-11 output48
 2.509357e-13 4.816587e-14 2.345400e-11 2.375310e-11 output44
 2.723231e-13 2.676466e-14 2.345400e-11 2.375309e-11 output23
 2.518150e-13 4.713921e-14 2.345400e-11 2.375295e-11 output40
 2.509685e-13 4.746789e-14 2.345400e-11 2.375244e-11 output30
 2.511286e-13 4.611024e-14 2.345400e-11 2.375124e-11 output29
 2.509212e-13 4.528063e-14 2.345400e-11 2.375020e-11 output63
 2.550198e-13 4.089760e-14 2.345400e-11 2.374992e-11 output18
 2.602640e-13 3.438059e-14 2.345400e-11 2.374865e-11 output57
 2.509604e-13 4.367698e-14 2.345400e-11 2.374864e-11 output56
 2.519583e-13 4.073400e-14 2.345400e-11 2.374669e-11 output41
 2.517965e-13 4.022886e-14 2.345400e-11 2.374603e-11 output36
 2.534420e-13 3.392385e-14 2.345400e-11 2.374137e-11 output52
 2.523167e-13 3.423577e-14 2.345400e-11 2.374055e-11 output47
 2.578150e-13 2.757182e-14 2.345400e-11 2.373939e-11 output28
 2.529511e-13 3.070762e-14 2.345400e-11 2.373766e-11 output49
 2.542849e-13 2.911096e-14 2.345400e-11 2.373740e-11 output61
 2.532082e-13 3.001929e-14 2.345400e-11 2.373723e-11 output50
 2.514902e-13 3.015888e-14 2.345400e-11 2.373565e-11 output20
 2.504688e-13 3.047662e-14 2.345400e-11 2.373495e-11 output58
 2.543866e-13 2.494144e-14 2.345400e-11 2.373333e-11 output33
 2.534346e-13 2.494346e-14 2.345400e-11 2.373238e-11 output46
 2.547247e-13 2.358375e-14 2.345400e-11 2.373231e-11 output32
 2.515171e-13 2.665366e-14 2.345400e-11 2.373217e-11 output64
 2.503885e-13 2.604414e-14 2.345400e-11 2.373043e-11 output17
 2.507924e-13 2.536189e-14 2.345400e-11 2.373015e-11 output38
 2.529111e-13 2.301285e-14 2.345400e-11 2.372992e-11 output54
 2.522066e-13 2.327115e-14 2.345400e-11 2.372948e-11 output55
 2.509413e-13 2.425689e-14 2.345400e-11 2.372920e-11 output62
 2.580014e-13 1.696873e-14 2.345400e-11 2.372897e-11 output35
 2.503528e-13 2.430271e-14 2.345400e-11 2.372866e-11 output43
 2.528815e-13 1.995009e-14 2.345400e-11 2.372683e-11 output51
 2.502100e-13 1.396474e-14 2.345400e-11 2.371817e-11 output37
 2.507228e-13 1.312792e-14 2.345400e-11 2.371785e-11 output39
 2.500273e-13 1.348423e-14 2.345400e-11 2.371751e-11 output59
 2.500283e-13 1.259095e-14 2.345400e-11 2.371662e-11 output42
 1.071258e-19 9.463300e-19 2.345416e-11 2.345416e-11 fanout1092
 1.058077e-19 5.926638e-19 2.345416e-11 2.345416e-11 fanout1099
 7.269228e-13 5.628407e-12 1.689930e-11 2.325463e-11 fanout630
 7.284595e-13 5.454482e-12 1.653894e-11 2.272188e-11 fanout127
 7.242279e-13 5.151625e-12 1.653894e-11 2.241480e-11 fanout123
 2.722837e-13 8.894399e-12 1.314018e-11 2.230686e-11 _17063_
 4.472112e-13 4.785334e-12 1.653896e-11 2.177151e-11 fanout878
 7.207938e-13 4.065884e-12 1.689930e-11 2.168598e-11 fanout518
 3.694973e-13 7.680319e-12 1.331656e-11 2.136638e-11 _25742_
 7.253851e-13 4.034261e-12 1.653894e-11 2.129859e-11 fanout125
 7.202783e-13 3.941480e-12 1.653894e-11 2.120070e-11 fanout131
 7.178891e-13 3.528276e-12 1.689930e-11 2.114546e-11 fanout526
 5.867677e-13 3.804524e-12 1.673458e-11 2.112587e-11 _25879_
 7.181331e-13 3.404194e-12 1.689930e-11 2.102163e-11 fanout94
 7.182583e-13 3.004494e-12 1.689930e-11 2.062205e-11 fanout96
 7.293528e-13 3.325111e-12 1.653894e-11 2.059341e-11 fanout105
 4.920854e-13 6.882992e-12 1.320966e-11 2.058474e-11 fanout128
 4.612496e-13 6.611668e-12 1.314018e-11 2.021310e-11 _25746_
 7.111735e-13 2.584795e-12 1.689930e-11 2.019527e-11 fanout256
 7.156711e-13 2.575104e-12 1.689930e-11 2.019007e-11 fanout530
 7.112559e-13 2.418343e-12 1.689930e-11 2.002890e-11 fanout496
 7.139083e-13 2.596870e-12 1.653894e-11 1.984972e-11 fanout466
 7.103083e-13 2.389546e-12 1.653894e-11 1.963880e-11 fanout437
 4.314539e-13 2.111319e-12 1.653896e-11 1.908174e-11 fanout939
 4.301012e-13 2.010089e-12 1.653896e-11 1.897915e-11 fanout900
 4.303080e-13 1.965195e-12 1.653896e-11 1.893447e-11 fanout938
 4.296688e-13 1.936882e-12 1.653896e-11 1.890551e-11 fanout870
 4.279737e-13 1.637733e-12 1.653896e-11 1.860467e-11 fanout867
 4.269739e-13 1.576989e-12 1.653896e-11 1.854293e-11 fanout893
 4.287982e-13 1.562069e-12 1.653896e-11 1.852983e-11 fanout843
 4.267142e-13 1.545871e-12 1.653896e-11 1.851155e-11 fanout906
 4.273763e-13 1.512469e-12 1.653896e-11 1.847881e-11 fanout853
 4.266189e-13 1.453541e-12 1.653896e-11 1.841912e-11 fanout844
 4.275592e-13 1.430598e-12 1.653896e-11 1.839712e-11 fanout837
 5.763968e-13 4.494328e-12 1.331657e-11 1.838729e-11 _26280_
 4.256051e-13 1.411908e-12 1.653896e-11 1.837648e-11 fanout910
 4.275654e-13 1.377206e-12 1.653896e-11 1.834373e-11 fanout909
 4.257389e-13 1.367692e-12 1.653896e-11 1.833239e-11 fanout895
 4.266471e-13 1.333902e-12 1.653896e-11 1.829951e-11 fanout922
 4.029527e-13 4.359057e-12 1.348146e-11 1.824347e-11 _30967_
 4.256849e-13 1.276444e-12 1.653896e-11 1.824109e-11 fanout915
 4.297015e-13 1.232898e-12 1.653896e-11 1.820157e-11 fanout650
 4.255562e-13 1.174871e-12 1.653896e-11 1.813939e-11 fanout835
 2.554839e-13 4.683183e-12 1.314019e-11 1.807885e-11 _25911_
 2.546824e-13 4.310493e-12 1.331658e-11 1.788175e-11 _27553_
 1.447969e-13 6.189100e-13 1.689930e-11 1.766301e-11 fanout817
 2.608322e-13 4.241550e-12 1.314018e-11 1.764256e-11 _25749_
 2.572258e-13 4.233612e-12 1.314018e-11 1.763102e-11 _25750_
 8.468564e-14 9.454908e-13 1.647000e-11 1.750017e-11 _25680_
 4.705302e-13 3.884942e-12 1.314018e-11 1.749565e-11 _26198_
 1.435474e-13 4.195521e-13 1.689930e-11 1.746240e-11 fanout658
 8.394363e-14 6.553191e-13 1.647000e-11 1.720926e-11 _25870_
 8.461289e-14 6.409182e-13 1.647000e-11 1.719553e-11 _26311_
 8.265545e-14 6.258676e-13 1.647000e-11 1.717852e-11 _25959_
 2.529477e-13 3.722794e-12 1.314018e-11 1.711592e-11 _25748_
 4.794004e-13 3.432757e-12 1.314019e-11 1.705234e-11 _26010_
 3.696641e-13 3.349956e-12 1.331657e-11 1.703619e-11 _25831_
 5.704671e-20 2.064194e-19 1.689928e-11 1.689928e-11 fanout1067
 5.701958e-20 2.124994e-19 1.689928e-11 1.689928e-11 fanout1101
 5.708341e-20 2.091632e-19 1.689928e-11 1.689928e-11 fanout1111
 5.731730e-20 2.405247e-19 1.689928e-11 1.689928e-11 fanout1115
 5.734437e-20 2.439371e-19 1.689928e-11 1.689928e-11 fanout1124
 5.711861e-20 2.187764e-19 1.689928e-11 1.689928e-11 fanout1126
 5.692204e-20 1.939122e-19 1.689928e-11 1.689928e-11 fanout1128
 3.611073e-13 3.170732e-12 1.331656e-11 1.684840e-11 _26227_
 3.651479e-13 3.163195e-12 1.331656e-11 1.684491e-11 _25891_
 3.690962e-13 3.131177e-12 1.331656e-11 1.681684e-11 _25856_
 1.961407e-13 3.012340e-12 1.348146e-11 1.668994e-11 _30960_
 5.811748e-20 3.386804e-19 1.653896e-11 1.653896e-11 fanout1036
 5.809722e-20 4.441999e-19 1.653896e-11 1.653896e-11 fanout1038
 5.789596e-20 3.049724e-19 1.653896e-11 1.653896e-11 fanout1041
 5.760501e-20 2.504930e-19 1.653896e-11 1.653896e-11 fanout1042
 5.791992e-20 2.641833e-19 1.653896e-11 1.653896e-11 fanout1044
 2.564296e-13 3.032136e-12 1.314019e-11 1.642875e-11 _25763_
 1.792310e-13 2.757806e-12 1.348146e-11 1.641850e-11 _30958_
 3.726373e-13 2.632285e-12 1.331657e-11 1.632149e-11 _26208_
 4.789821e-13 2.507785e-12 1.320966e-11 1.619643e-11 fanout132
 5.591996e-14 2.718780e-12 1.331658e-11 1.609128e-11 _27460_
 2.645461e-13 2.635457e-12 1.314019e-11 1.604019e-11 _25840_
 2.643323e-13 2.561058e-12 1.314018e-11 1.596557e-11 _26082_
 2.591884e-13 2.431495e-12 1.314019e-11 1.583087e-11 _26264_
 2.679060e-13 2.325971e-12 1.314018e-11 1.573406e-11 _25939_
 2.626507e-13 2.283324e-12 1.314019e-11 1.568616e-11 _25812_
 2.618956e-13 2.273920e-12 1.314019e-11 1.567600e-11 _26251_
 2.639450e-13 2.246805e-12 1.314018e-11 1.565093e-11 _25786_
 5.394058e-14 2.433424e-12 1.314018e-11 1.562754e-11 _25695_
 2.604019e-13 2.191705e-12 1.314019e-11 1.559229e-11 _25804_
 2.520967e-13 2.164667e-12 1.314019e-11 1.555695e-11 _25747_
 5.359074e-14 2.306953e-12 1.314018e-11 1.550072e-11 _25686_
 5.323890e-14 2.263938e-12 1.314018e-11 1.545736e-11 _25691_
 1.561718e-13 1.959233e-12 1.331657e-11 1.543197e-11 _26147_
 2.552972e-13 1.959523e-12 1.314018e-11 1.535500e-11 _26022_
 1.589059e-13 1.696307e-12 1.331656e-11 1.517178e-11 _25921_
 1.530690e-13 1.508693e-12 1.331657e-11 1.497833e-11 _26224_
 5.411842e-14 1.749532e-12 1.314018e-11 1.494383e-11 _25684_
 1.583380e-13 1.453261e-12 1.331657e-11 1.492817e-11 _25887_
 1.544927e-13 1.453929e-12 1.331656e-11 1.492499e-11 _25792_
 1.028368e-13 1.301853e-12 1.348146e-11 1.488615e-11 _30963_
 1.582676e-13 1.375861e-12 1.331656e-11 1.485069e-11 _25795_
 9.598846e-14 1.264732e-12 1.348146e-11 1.484218e-11 _30962_
 1.544509e-13 1.356259e-12 1.331656e-11 1.482727e-11 _26155_
 2.341758e-13 4.752439e-12 9.810547e-12 1.479716e-11 _19170_
 1.554490e-13 1.318138e-12 1.331656e-11 1.479015e-11 _25924_
 1.511576e-13 1.310070e-12 1.331656e-11 1.477779e-11 _26228_
 5.330352e-14 1.571656e-12 1.314018e-11 1.476514e-11 _25687_
 1.521832e-13 1.291607e-12 1.331656e-11 1.476035e-11 _26051_
 1.555700e-13 1.262236e-12 1.331657e-11 1.473437e-11 _26219_
 1.543940e-13 1.243494e-12 1.331656e-11 1.471445e-11 _25817_
 1.535266e-13 1.220042e-12 1.331657e-11 1.469014e-11 _25888_
 1.510674e-13 1.205156e-12 1.331657e-11 1.467279e-11 _26033_
 1.537148e-13 1.176948e-12 1.331656e-11 1.464723e-11 _26140_
 1.537520e-13 1.147871e-12 1.331656e-11 1.461819e-11 _25851_
 1.526352e-13 1.138809e-12 1.331656e-11 1.460801e-11 _25776_
 1.552041e-13 1.128674e-12 1.331657e-11 1.460045e-11 _26066_
 1.506211e-13 1.115939e-12 1.331656e-11 1.458312e-11 _26058_
 1.587833e-13 1.095875e-12 1.331656e-11 1.457122e-11 _25886_
 1.511427e-13 1.097450e-12 1.331656e-11 1.456515e-11 _26041_
 9.536591e-14 9.687456e-13 1.348146e-11 1.454557e-11 _30959_
 1.536409e-13 1.047811e-12 1.331657e-11 1.451802e-11 _26322_
 1.526547e-13 1.048688e-12 1.331657e-11 1.451791e-11 _25896_
 1.000943e-13 9.240816e-13 1.348146e-11 1.450564e-11 _30961_
 1.543988e-13 9.820482e-13 1.331656e-11 1.445301e-11 _25771_
 5.398555e-14 1.145611e-12 1.314018e-11 1.433978e-11 _26255_
 9.515088e-14 7.615738e-13 1.348146e-11 1.433818e-11 _30965_
 9.513659e-14 7.512451e-13 1.348146e-11 1.432784e-11 _30964_
 9.508623e-14 7.148804e-13 1.348146e-11 1.429143e-11 _30966_
 3.697573e-13 3.918814e-12 9.898734e-12 1.418730e-11 _26037_
 1.134061e-13 4.241330e-12 9.810540e-12 1.416528e-11 _25699_
 1.671367e-13 4.072737e-12 9.810543e-12 1.405042e-11 _25764_
 5.114495e-14 7.953971e-13 1.314018e-11 1.398672e-11 _25767_
 5.320526e-14 5.055538e-13 1.331658e-11 1.387534e-11 _17271_
 1.684982e-13 3.805651e-12 9.810543e-12 1.378469e-11 _25905_
 5.133328e-14 5.890605e-13 1.314018e-11 1.378057e-11 _25826_
 1.052578e-12 2.820087e-12 9.898733e-12 1.377140e-11 _26344_
 9.372779e-14 1.746897e-13 1.348146e-11 1.374988e-11 _30968_
 9.369209e-14 1.695207e-13 1.348146e-11 1.374467e-11 _30971_
 9.347627e-14 1.490821e-13 1.348146e-11 1.372402e-11 _30975_
 9.328731e-14 1.311894e-13 1.348146e-11 1.370594e-11 _30970_
 9.321432e-14 1.204463e-13 1.348146e-11 1.369512e-11 _30977_
 5.054557e-14 4.873894e-13 1.314018e-11 1.367812e-11 _26067_
 9.293775e-14 9.808738e-14 1.348146e-11 1.367249e-11 _30972_
 9.280398e-14 8.542051e-14 1.348146e-11 1.365968e-11 _30976_
 9.275924e-14 8.118379e-14 1.348146e-11 1.365540e-11 _30973_
 9.273527e-14 7.891384e-14 1.348146e-11 1.365311e-11 _30974_
 5.169511e-14 4.480092e-13 1.314018e-11 1.363988e-11 _25844_
 9.243490e-14 6.275734e-14 1.348146e-11 1.363665e-11 _30969_
 5.270808e-14 4.368894e-13 1.314018e-11 1.362978e-11 _25848_
 5.148631e-14 4.266681e-13 1.314018e-11 1.361833e-11 _26003_
 5.090591e-14 4.221444e-13 1.314018e-11 1.361323e-11 _26265_
 5.123336e-14 4.112608e-13 1.314018e-11 1.360267e-11 _25972_
 2.258425e-13 3.474368e-12 9.898731e-12 1.359894e-11 _26272_
 5.048796e-14 4.022663e-13 1.314018e-11 1.359293e-11 _25801_
 5.125842e-14 3.852629e-13 1.314018e-11 1.357670e-11 _25952_
 5.103390e-14 3.745332e-13 1.314018e-11 1.356575e-11 _25968_
 5.023605e-14 3.719181e-13 1.314018e-11 1.356233e-11 _26284_
 5.077341e-14 3.614810e-13 1.314018e-11 1.355243e-11 _25781_
 5.007350e-14 3.521748e-13 1.314018e-11 1.354243e-11 _25754_
 5.059611e-14 3.427199e-13 1.314018e-11 1.353350e-11 _26282_
 5.033220e-14 3.110199e-13 1.314018e-11 1.350153e-11 _26301_
 0.000000e+00 0.000000e+00 1.348146e-11 1.348146e-11 input11
 7.941959e-20 5.498189e-19 1.348146e-11 1.348146e-11 input10
 1.584268e-19 5.783126e-19 1.348146e-11 1.348146e-11 input4
 7.917485e-20 2.666086e-19 1.348145e-11 1.348145e-11 input1
 1.583200e-19 5.029563e-19 1.348145e-11 1.348145e-11 input5
 2.980179e-13 3.208906e-12 9.810543e-12 1.331747e-11 _26261_
 1.190310e-19 6.262818e-19 1.320968e-11 1.320969e-11 input3
 1.188423e-19 4.435373e-19 1.320968e-11 1.320968e-11 input2
 3.918286e-20 3.699147e-19 1.320967e-11 1.320967e-11 fanout1040
 1.647418e-13 3.171776e-12 9.810543e-12 1.314706e-11 _25766_
 1.620269e-13 2.850082e-12 9.810542e-12 1.282265e-11 _25910_
 3.591616e-13 2.506663e-12 9.898731e-12 1.276456e-11 _25864_
 1.652100e-13 2.680117e-12 9.898736e-12 1.274406e-11 _28122_
 1.693575e-13 2.633651e-12 9.810543e-12 1.261355e-11 _26279_
 2.990483e-13 2.477402e-12 9.810541e-12 1.258699e-11 _25922_
 1.619082e-13 2.593156e-12 9.810540e-12 1.256560e-11 _26259_
 6.261791e-14 2.683064e-12 9.810540e-12 1.255622e-11 _25730_
 1.680911e-13 2.537017e-12 9.810543e-12 1.251565e-11 _26278_
 8.312293e-14 2.606203e-12 9.810540e-12 1.249987e-11 _25694_
 3.585313e-13 2.227791e-12 9.898731e-12 1.248505e-11 _26191_
 5.883069e-14 2.534165e-12 9.810540e-12 1.240354e-11 _25734_
 1.643867e-13 2.394191e-12 9.810543e-12 1.236912e-11 _15698_
 3.000100e-13 2.222779e-12 9.810541e-12 1.233333e-11 _26055_
 2.293771e-13 2.195671e-12 9.898733e-12 1.232378e-11 _26129_
 2.276072e-13 2.123877e-12 9.898733e-12 1.225022e-11 _26036_
 2.930439e-13 2.142607e-12 9.810543e-12 1.224619e-11 _25914_
 1.683867e-13 2.211314e-12 9.810540e-12 1.219024e-11 _25904_
 3.609522e-13 1.893261e-12 9.898732e-12 1.215295e-11 _26135_
 2.960429e-13 2.024672e-12 9.810542e-12 1.213126e-11 _25833_
 3.532094e-13 1.827496e-12 9.898733e-12 1.207944e-11 _25825_
 1.666896e-13 2.085429e-12 9.810540e-12 1.206266e-11 _26150_
 8.064584e-14 2.053289e-12 9.810540e-12 1.194447e-11 _25689_
 2.254859e-13 1.810746e-12 9.898731e-12 1.193496e-11 _25830_
 1.647102e-13 1.951292e-12 9.810543e-12 1.192655e-11 _25768_
 2.273752e-13 1.783117e-12 9.898731e-12 1.190922e-11 _25883_
 2.335421e-13 1.740060e-12 9.898734e-12 1.187234e-11 _25876_
 1.623942e-13 1.853943e-12 9.810542e-12 1.182688e-11 _25838_
 5.050965e-14 1.870227e-12 9.898739e-12 1.181948e-11 _18819_
 2.887009e-13 1.622461e-12 9.898738e-12 1.180990e-11 _26776_
 2.979452e-13 1.686227e-12 9.810543e-12 1.179471e-11 _26171_
 4.109843e-13 1.558663e-12 9.810543e-12 1.178019e-11 _22355_
 2.254522e-13 1.652350e-12 9.898731e-12 1.177653e-11 _25882_
 1.859494e-13 1.748129e-12 9.810540e-12 1.174462e-11 _18618_
 1.683710e-13 1.731043e-12 9.810541e-12 1.170996e-11 _25912_
 2.894796e-13 1.591536e-12 9.810542e-12 1.169156e-11 _26320_
 2.300736e-13 1.558466e-12 9.898731e-12 1.168727e-11 _26111_
 1.650831e-13 1.690040e-12 9.810541e-12 1.166566e-11 _25913_
 2.287202e-13 1.529447e-12 9.898731e-12 1.165690e-11 _25881_
 2.228730e-13 1.500503e-12 9.898733e-12 1.162211e-11 _26166_
 2.310727e-13 1.447934e-12 9.898734e-12 1.157774e-11 _26127_
 2.234787e-13 1.455509e-12 9.898733e-12 1.157772e-11 _26167_
 5.939238e-14 1.618904e-12 9.898739e-12 1.157704e-11 _18622_
 2.933263e-13 1.468314e-12 9.810542e-12 1.157218e-11 _25993_
 1.626081e-13 1.597835e-12 9.810543e-12 1.157099e-11 _26179_
 2.297232e-13 1.439362e-12 9.898734e-12 1.156782e-11 _25941_
 2.290989e-13 1.427104e-12 9.898730e-12 1.155493e-11 _26200_
 2.280380e-13 1.421574e-12 9.898731e-12 1.154834e-11 _26327_
 2.279845e-13 1.413971e-12 9.898731e-12 1.154069e-11 _25858_
 2.314014e-13 1.393963e-12 9.898734e-12 1.152410e-11 _26243_
 2.303096e-13 1.390329e-12 9.898734e-12 1.151937e-11 _26236_
 2.307046e-13 1.383662e-12 9.898731e-12 1.151310e-11 _25761_
 9.814320e-14 1.479125e-12 9.898732e-12 1.147600e-11 _26276_
 2.297597e-13 1.338035e-12 9.898734e-12 1.146653e-11 _26225_
 2.297011e-13 1.323543e-12 9.898734e-12 1.145198e-11 _26218_
 1.649706e-13 1.459211e-12 9.810542e-12 1.143472e-11 _25775_
 2.274735e-13 1.293796e-12 9.898731e-12 1.142000e-11 _25895_
 2.289928e-13 1.289390e-12 9.898731e-12 1.141711e-11 _26153_
 2.221781e-13 1.269280e-12 9.898731e-12 1.139019e-11 _26326_
 2.886286e-13 1.283798e-12 9.810541e-12 1.138297e-11 _26021_
 9.753116e-14 1.380481e-12 9.898732e-12 1.137675e-11 _26277_
 1.671114e-13 1.368034e-12 9.810544e-12 1.134569e-11 _25965_
 2.250573e-13 1.205481e-12 9.898733e-12 1.132927e-11 _26030_
 2.274509e-13 1.202053e-12 9.898731e-12 1.132824e-11 _26090_
 2.286114e-13 1.192219e-12 9.898731e-12 1.131956e-11 _26170_
 3.536911e-14 1.470413e-12 9.810540e-12 1.131632e-11 _25735_
 2.259780e-13 1.190702e-12 9.898732e-12 1.131541e-11 _26199_
 2.254945e-13 1.190154e-12 9.898733e-12 1.131438e-11 _25933_
 2.298857e-13 1.180626e-12 9.898732e-12 1.130924e-11 _25902_
 1.628280e-13 1.313977e-12 9.810541e-12 1.128735e-11 _26158_
 1.674328e-13 1.302710e-12 9.810541e-12 1.128068e-11 _26046_
 1.003360e-13 1.276270e-12 9.898732e-12 1.127534e-11 _26274_
 2.872362e-13 1.175968e-12 9.810541e-12 1.127374e-11 _26173_
 2.265963e-13 1.128039e-12 9.898733e-12 1.125337e-11 _26065_
 1.586478e-13 1.283237e-12 9.810542e-12 1.125243e-11 _26254_
 2.795270e-13 1.065190e-12 9.898738e-12 1.124346e-11 _26855_
 2.857088e-13 1.146345e-12 9.810540e-12 1.124259e-11 _22872_
 1.613735e-13 1.269851e-12 9.810541e-12 1.124177e-11 _25859_
 1.636345e-13 1.251130e-12 9.810543e-12 1.122531e-11 _25919_
 1.664743e-13 1.241920e-12 9.810543e-12 1.121894e-11 _26109_
 2.252946e-13 1.094173e-12 9.898731e-12 1.121820e-11 _16865_
 2.793564e-13 1.037435e-12 9.898736e-12 1.121553e-11 _29301_
 3.446596e-13 9.706955e-13 9.898734e-12 1.121409e-11 _24549_
 2.193033e-13 1.095798e-12 9.898733e-12 1.121383e-11 _26169_
 1.621406e-13 1.236276e-12 9.810541e-12 1.120896e-11 _26239_
 2.240642e-13 1.064869e-12 9.898732e-12 1.118767e-11 _26145_
 2.240462e-13 1.064377e-12 9.898733e-12 1.118716e-11 _26165_
 1.608892e-13 1.209939e-12 9.810542e-12 1.118137e-11 _25794_
 2.218693e-13 1.043400e-12 9.898733e-12 1.116400e-11 _26038_
 2.240218e-13 1.127657e-12 9.810548e-12 1.116223e-11 _24239_
 1.011248e-13 1.159519e-12 9.898731e-12 1.115937e-11 _26151_
 1.629871e-13 1.180362e-12 9.810542e-12 1.115389e-11 _26084_
 2.202034e-13 1.022517e-12 9.898733e-12 1.114145e-11 _25808_
 1.633054e-13 1.156643e-12 9.810542e-12 1.113049e-11 _26231_
 2.241873e-13 1.007003e-12 9.898731e-12 1.112992e-11 _26001_
 1.610581e-13 1.152419e-12 9.810541e-12 1.112402e-11 _26027_
 2.218698e-13 9.982904e-13 9.898731e-12 1.111889e-11 _26092_
 2.244813e-13 9.878871e-13 9.898731e-12 1.111110e-11 _25880_
 2.234849e-13 9.876820e-13 9.898733e-12 1.110990e-11 _26011_
 1.638937e-13 1.120433e-12 9.810544e-12 1.109487e-11 _26182_
 1.006091e-13 1.094410e-12 9.898732e-12 1.109375e-11 _26273_
 2.216784e-13 9.662878e-13 9.898733e-12 1.108670e-11 _26128_
 2.232463e-13 9.600364e-13 9.898733e-12 1.108202e-11 _25834_
 1.652529e-13 1.101069e-12 9.810541e-12 1.107686e-11 _25823_
 9.778140e-14 1.076296e-12 9.898731e-12 1.107281e-11 _26097_
 1.646041e-13 1.097585e-12 9.810541e-12 1.107273e-11 _16093_
 2.197400e-13 9.410929e-13 9.898733e-12 1.105957e-11 _25810_
 1.640274e-13 1.084228e-12 9.810544e-12 1.105880e-11 _25877_
 2.191706e-13 9.406396e-13 9.898731e-12 1.105854e-11 _26159_
 2.239374e-13 9.066138e-13 9.898731e-12 1.102928e-11 _25894_
 9.747118e-14 1.029463e-12 9.898731e-12 1.102566e-11 _26079_
 1.595751e-13 1.044036e-12 9.810540e-12 1.101415e-11 _26081_
 2.485739e-13 8.646589e-13 9.898739e-12 1.101197e-11 _28754_
 1.604041e-13 1.037564e-12 9.810543e-12 1.100851e-11 _25920_
 1.617331e-13 1.035983e-12 9.810542e-12 1.100826e-11 _26325_
 1.641117e-13 1.021722e-12 9.810543e-12 1.099638e-11 _26281_
 1.600606e-13 1.024616e-12 9.810542e-12 1.099522e-11 _25780_
 1.649666e-13 1.017449e-12 9.810541e-12 1.099296e-11 _26328_
 1.643099e-13 1.016095e-12 9.810541e-12 1.099095e-11 _26009_
 9.737401e-14 9.937917e-13 9.898731e-12 1.098990e-11 _26096_
 1.603483e-13 1.011441e-12 9.810541e-12 1.098233e-11 _26045_
 2.250690e-13 8.568307e-13 9.898733e-12 1.098063e-11 _17772_
 2.251894e-13 8.564428e-13 9.898731e-12 1.098036e-11 _25815_
 1.607926e-13 9.947451e-13 9.810544e-12 1.096608e-11 _25805_
 2.780933e-13 7.882142e-13 9.898739e-12 1.096505e-11 _15178_
 1.601147e-13 9.937877e-13 9.810541e-12 1.096444e-11 _26197_
 1.609755e-13 9.925825e-13 9.810540e-12 1.096410e-11 _25789_
 1.633007e-13 9.884937e-13 9.810543e-12 1.096234e-11 _26048_
 1.638628e-13 9.757864e-13 9.810544e-12 1.095019e-11 _25966_
 9.849446e-14 9.528703e-13 9.898731e-12 1.095010e-11 _26094_
 1.597194e-13 9.717999e-13 9.810540e-12 1.094206e-11 _26017_
 2.189768e-13 8.221623e-13 9.898730e-12 1.093987e-11 _25940_
 1.643634e-13 9.622042e-13 9.810543e-12 1.093711e-11 _26207_
 1.612388e-13 9.628308e-13 9.810541e-12 1.093461e-11 _25777_
 1.596327e-13 9.636459e-13 9.810542e-12 1.093382e-11 _25820_
 1.576809e-13 9.617684e-13 9.810543e-12 1.092999e-11 _16569_
 3.399984e-13 6.840012e-13 9.898732e-12 1.092273e-11 _20454_
 2.814021e-13 8.307336e-13 9.810541e-12 1.092268e-11 _25745_
 2.195390e-13 7.948476e-13 9.898733e-12 1.091312e-11 _25809_
 1.591180e-13 9.414429e-13 9.810540e-12 1.091110e-11 _25865_
 1.584423e-13 9.392507e-13 9.810540e-12 1.090823e-11 _25938_
 1.608099e-13 9.332548e-13 9.810543e-12 1.090461e-11 _25917_
 2.214508e-13 7.839228e-13 9.898732e-12 1.090411e-11 _26039_
 1.623361e-13 9.298419e-13 9.810542e-12 1.090272e-11 _25982_
 9.706325e-14 9.065581e-13 9.898732e-12 1.090235e-11 _25773_
 9.815515e-14 8.965566e-13 9.898731e-12 1.089344e-11 _27665_
 1.582806e-13 9.240711e-13 9.810541e-12 1.089289e-11 _26007_
 9.705863e-14 8.942845e-13 9.898733e-12 1.089008e-11 _25955_
 1.632156e-13 9.157559e-13 9.810544e-12 1.088951e-11 _26181_
 9.972848e-14 8.873678e-13 9.898732e-12 1.088583e-11 _25793_
 1.569278e-13 9.174761e-13 9.810543e-12 1.088495e-11 _15676_
 1.621936e-13 9.082307e-13 9.810540e-12 1.088096e-11 _26083_
 1.611747e-13 8.997174e-13 9.810541e-12 1.087143e-11 _17606_
 2.227137e-13 7.455855e-13 9.898733e-12 1.086703e-11 _26168_
 1.629856e-13 8.888403e-13 9.810541e-12 1.086237e-11 _26020_
 3.078497e-13 7.275394e-13 9.810549e-12 1.084594e-11 _28623_
 1.587173e-13 8.619639e-13 9.810543e-12 1.083122e-11 _25758_
 9.746834e-14 8.266368e-13 9.898733e-12 1.082284e-11 _26222_
 9.799442e-14 9.140735e-13 9.810546e-12 1.082261e-11 _19611_
 2.245584e-13 6.987923e-13 9.898731e-12 1.082208e-11 _26234_
 1.626748e-13 8.355649e-13 9.810542e-12 1.080878e-11 _25787_
 9.870843e-14 8.108900e-13 9.898732e-12 1.080833e-11 _25791_
 1.582123e-13 8.379934e-13 9.810543e-12 1.080675e-11 _26071_
 9.765196e-14 8.099995e-13 9.898733e-12 1.080638e-11 _26321_
 1.612554e-13 8.343676e-13 9.810543e-12 1.080617e-11 _25797_
 1.583805e-13 8.321375e-13 9.810541e-12 1.080106e-11 _26132_
 1.611774e-13 8.282779e-13 9.810540e-12 1.080000e-11 _26310_
 9.814603e-14 8.028679e-13 9.898731e-12 1.079974e-11 _26076_
 2.790279e-13 6.146390e-13 9.898737e-12 1.079240e-11 _22983_
 2.231927e-13 6.701848e-13 9.898731e-12 1.079211e-11 _25266_
 1.638517e-13 8.135426e-13 9.810543e-12 1.078794e-11 _26252_
 2.219586e-13 6.587852e-13 9.898731e-12 1.077947e-11 _22976_
 1.617326e-13 8.045298e-13 9.810543e-12 1.077681e-11 _25760_
 9.669276e-14 7.792920e-13 9.898733e-12 1.077472e-11 _25862_
 9.894236e-14 7.694850e-13 9.898730e-12 1.076716e-11 _26116_
 1.580298e-13 7.970443e-13 9.810540e-12 1.076561e-11 _25855_
 2.466201e-13 6.192178e-13 9.898739e-12 1.076458e-11 _27183_
 1.630365e-13 7.840369e-13 9.810541e-12 1.075761e-11 _25788_
 1.584050e-13 7.872398e-13 9.810543e-12 1.075619e-11 _25893_
 1.575027e-13 6.964961e-13 9.898739e-12 1.075274e-11 _18069_
 9.655119e-14 7.547347e-13 9.898731e-12 1.075002e-11 _26143_
 9.868693e-14 7.465032e-13 9.898734e-12 1.074392e-11 _26183_
 9.801536e-14 7.434990e-13 9.898730e-12 1.074024e-11 _25816_
 2.194569e-13 6.220099e-13 9.898731e-12 1.074020e-11 _26298_
 9.853351e-14 7.364574e-13 9.898733e-12 1.073372e-11 _25860_
 2.844192e-13 5.504879e-13 9.898738e-12 1.073364e-11 _16421_
 1.631650e-13 7.557201e-13 9.810540e-12 1.072943e-11 _26189_
 1.557730e-13 6.738795e-13 9.898739e-12 1.072839e-11 _27169_
 3.305947e-14 8.822247e-13 9.810540e-12 1.072582e-11 _25685_
 9.692921e-14 7.281975e-13 9.898732e-12 1.072386e-11 _26115_
 1.614351e-13 7.478403e-13 9.810540e-12 1.071982e-11 _25869_
 9.674079e-14 7.216257e-13 9.898733e-12 1.071710e-11 _26031_
 1.576087e-13 7.471395e-13 9.810543e-12 1.071529e-11 _26223_
 9.637210e-14 7.166204e-13 9.898733e-12 1.071172e-11 _25947_
 1.610646e-13 7.400553e-13 9.810544e-12 1.071166e-11 _26271_
 9.820112e-14 7.142291e-13 9.898731e-12 1.071116e-11 _26044_
 2.788969e-13 5.304022e-13 9.898736e-12 1.070804e-11 _22057_
 9.909216e-14 7.098910e-13 9.898731e-12 1.070771e-11 _26099_
 9.720591e-14 7.115051e-13 9.898733e-12 1.070744e-11 _26250_
 1.576900e-13 7.391358e-13 9.810543e-12 1.070737e-11 _25900_
 9.673322e-14 7.090099e-13 9.898731e-12 1.070447e-11 _26211_
 1.566972e-13 6.473256e-13 9.898738e-12 1.070276e-11 _21000_
 2.470016e-13 5.562205e-13 9.898739e-12 1.070196e-11 _14886_
 1.599231e-13 7.307512e-13 9.810540e-12 1.070122e-11 _26137_
 9.790092e-14 7.042686e-13 9.898731e-12 1.070090e-11 _26206_
 1.617714e-13 7.285154e-13 9.810540e-12 1.070083e-11 _25866_
 1.575291e-13 7.272200e-13 9.810541e-12 1.069529e-11 _25753_
 9.589486e-14 6.970263e-13 9.898731e-12 1.069165e-11 _26015_
 1.621924e-13 7.183108e-13 9.810540e-12 1.069104e-11 _20157_
 9.837407e-14 6.907335e-13 9.898731e-12 1.068784e-11 _25824_
 1.574751e-13 7.187536e-13 9.810542e-12 1.068677e-11 _26114_
 9.615166e-14 6.895938e-13 9.898733e-12 1.068448e-11 _25998_
 9.615332e-14 6.880749e-13 9.898731e-12 1.068296e-11 _25811_
 1.591048e-13 7.109703e-13 9.810544e-12 1.068062e-11 _26073_
 1.604659e-13 7.092517e-13 9.810542e-12 1.068026e-11 _25987_
 1.595657e-13 7.082595e-13 9.810541e-12 1.067837e-11 _26075_
 9.653480e-14 6.810429e-13 9.898734e-12 1.067631e-11 _26184_
 1.604377e-13 7.029580e-13 9.810541e-12 1.067394e-11 _26172_
 9.770884e-14 6.734618e-13 9.898732e-12 1.066990e-11 _26002_
 9.747995e-14 6.717478e-13 9.898731e-12 1.066796e-11 _26157_
 9.799975e-14 6.643746e-13 9.898734e-12 1.066111e-11 _25814_
 1.603483e-13 6.839120e-13 9.810543e-12 1.065480e-11 _26263_
 9.663825e-14 6.557534e-13 9.898731e-12 1.065112e-11 _26124_
 1.616851e-13 6.766527e-13 9.810540e-12 1.064888e-11 _26289_
 9.603330e-14 6.537565e-13 9.898731e-12 1.064852e-11 _26142_
 2.174476e-13 6.157791e-13 9.810547e-12 1.064377e-11 _23503_
 9.636789e-14 7.353462e-13 9.810548e-12 1.064226e-11 _18303_
 6.416752e-14 7.674322e-13 9.810546e-12 1.064215e-11 _15507_
 1.599635e-13 6.699624e-13 9.810544e-12 1.064047e-11 _26110_
 2.464627e-13 4.912963e-13 9.898739e-12 1.063650e-11 _29045_
 9.628397e-14 6.403256e-13 9.898731e-12 1.063534e-11 _26214_
 1.595442e-13 6.641820e-13 9.810540e-12 1.063427e-11 _26139_
 9.645889e-14 6.355058e-13 9.898730e-12 1.063070e-11 _26154_
 1.618262e-13 6.582639e-13 9.810542e-12 1.063063e-11 _25957_
 9.665626e-14 6.345238e-13 9.898731e-12 1.062991e-11 _26016_
 9.543041e-14 6.304058e-13 9.898733e-12 1.062457e-11 _26035_
 1.590311e-13 6.534130e-13 9.810541e-12 1.062299e-11 _26047_
 9.641399e-14 6.252636e-13 9.898731e-12 1.062041e-11 _25927_
 9.833731e-14 6.216694e-13 9.898731e-12 1.061874e-11 _25813_
 1.250918e-13 5.944113e-13 9.898739e-12 1.061824e-11 _27874_
 1.594410e-13 6.473915e-13 9.810543e-12 1.061738e-11 _25765_
 1.610160e-13 6.443886e-13 9.810540e-12 1.061594e-11 _25849_
 1.001175e-13 6.162057e-13 9.898730e-12 1.061505e-11 _25991_
 9.616188e-14 6.134785e-13 9.898734e-12 1.060837e-11 _25899_
 9.840537e-14 6.075888e-13 9.898732e-12 1.060473e-11 _26307_
 1.585799e-13 6.349033e-13 9.810540e-12 1.060402e-11 _26235_
 9.870222e-14 6.946060e-13 9.810548e-12 1.060386e-11 _15744_
 1.615247e-13 6.306614e-13 9.810542e-12 1.060273e-11 _25779_
 1.250171e-13 5.781255e-13 9.898740e-12 1.060188e-11 _28360_
 9.533556e-14 6.074029e-13 9.898731e-12 1.060147e-11 _26025_
 9.597089e-14 6.045916e-13 9.898733e-12 1.059930e-11 _26054_
 9.604446e-14 6.041281e-13 9.898731e-12 1.059890e-11 _25757_
 1.593710e-13 6.252346e-13 9.810541e-12 1.059515e-11 _26286_
 1.579588e-13 5.383115e-13 9.898739e-12 1.059501e-11 _19390_
 9.623477e-14 5.983909e-13 9.898733e-12 1.059336e-11 _25863_
 9.714345e-14 5.962726e-13 9.898733e-12 1.059215e-11 _26034_
 1.587525e-13 5.310816e-13 9.898736e-12 1.058857e-11 _16427_
 9.706399e-14 5.883456e-13 9.898731e-12 1.058414e-11 _26093_
 9.564886e-14 5.890853e-13 9.898731e-12 1.058347e-11 _26215_
 9.552016e-14 5.813924e-13 9.898734e-12 1.057565e-11 _26186_
 9.534971e-14 5.797497e-13 9.898731e-12 1.057383e-11 _26070_
 9.571743e-14 5.775327e-13 9.898731e-12 1.057198e-11 _25928_
 9.615168e-14 5.738062e-13 9.898734e-12 1.056869e-11 _26105_
 3.268493e-14 7.236375e-13 9.810540e-12 1.056686e-11 _25736_
 9.509173e-14 5.685333e-13 9.898731e-12 1.056236e-11 _25926_
 1.550723e-13 5.060421e-13 9.898739e-12 1.055985e-11 _21431_
 1.568351e-13 5.020991e-13 9.898737e-12 1.055767e-11 _19717_
 9.897177e-14 5.559720e-13 9.898730e-12 1.055367e-11 _26317_
 9.475312e-14 5.592568e-13 9.898733e-12 1.055274e-11 _25997_
 9.526971e-14 5.559658e-13 9.898730e-12 1.054997e-11 _26028_
 1.567263e-13 5.816229e-13 9.810541e-12 1.054889e-11 _25868_
 9.833830e-14 5.515333e-13 9.898734e-12 1.054861e-11 _26074_
 9.560163e-14 5.540192e-13 9.898734e-12 1.054835e-11 _26107_
 9.550252e-14 5.496729e-13 9.898733e-12 1.054391e-11 _25996_
 9.764405e-14 5.451517e-13 9.898730e-12 1.054153e-11 _25806_
 3.333343e-14 6.968938e-13 9.810540e-12 1.054077e-11 _25724_
 9.789838e-14 5.433568e-13 9.898731e-12 1.053999e-11 _25958_
 9.830107e-14 5.387088e-13 9.898732e-12 1.053574e-11 _26299_
 9.525290e-14 5.321595e-13 9.898733e-12 1.052615e-11 _26192_
 9.473474e-14 5.263029e-13 9.898730e-12 1.051977e-11 _25770_
 1.251238e-13 4.950709e-13 9.898739e-12 1.051893e-11 _14986_
 9.736982e-14 5.175186e-13 9.898732e-12 1.051362e-11 _26300_
 9.539133e-14 5.192052e-13 9.898731e-12 1.051333e-11 _26057_
 9.545032e-14 5.168672e-13 9.898731e-12 1.051105e-11 _25929_
 9.693825e-14 5.136023e-13 9.898732e-12 1.050927e-11 _26230_
 3.408284e-14 6.631986e-13 9.810540e-12 1.050782e-11 _25711_
 9.613302e-14 5.123036e-13 9.898733e-12 1.050717e-11 _25836_
 9.522024e-14 5.112907e-13 9.898731e-12 1.050524e-11 _26061_
 1.243320e-13 4.773796e-13 9.898739e-12 1.050045e-11 _27885_
 9.814229e-14 5.020028e-13 9.898730e-12 1.049888e-11 _26161_
 9.836717e-14 4.978542e-13 9.898731e-12 1.049495e-11 _26126_
 1.569732e-13 5.254136e-13 9.810541e-12 1.049293e-11 _26309_
 2.439233e-13 3.494496e-13 9.898739e-12 1.049211e-11 _28778_
 2.451579e-13 3.466817e-13 9.898739e-12 1.049058e-11 _14908_
 9.688251e-14 4.938570e-13 9.898732e-12 1.048947e-11 _25790_
 9.878160e-14 4.919370e-13 9.898730e-12 1.048945e-11 _25990_
 9.781333e-14 4.842101e-13 9.898730e-12 1.048075e-11 _17560_
 3.312905e-14 6.369823e-13 9.810540e-12 1.048065e-11 _25907_
 9.782648e-14 5.691577e-13 9.810549e-12 1.047753e-11 _21437_
 9.820268e-14 4.783947e-13 9.898730e-12 1.047533e-11 _26063_
 9.523226e-14 4.803274e-13 9.898731e-12 1.047429e-11 _26018_
 9.548848e-14 4.795722e-13 9.898732e-12 1.047379e-11 _25818_
 1.856192e-13 4.723082e-13 9.810548e-12 1.046848e-11 _29061_
 9.497473e-14 4.736861e-13 9.898732e-12 1.046739e-11 _26229_
 9.753151e-14 4.701808e-13 9.898732e-12 1.046644e-11 _26117_
 9.432825e-14 4.707952e-13 9.898731e-12 1.046385e-11 _26233_
 9.648941e-14 4.679141e-13 9.898734e-12 1.046314e-11 _25890_
 3.046601e-13 3.470512e-13 9.810549e-12 1.046226e-11 _27619_
 9.472238e-14 4.647924e-13 9.898731e-12 1.045825e-11 _26095_
 9.448721e-14 4.624584e-13 9.898731e-12 1.045568e-11 _25967_
 9.440663e-14 4.620445e-13 9.898732e-12 1.045518e-11 _18086_
 9.673242e-14 4.559195e-13 9.898734e-12 1.045139e-11 _25897_
 9.746540e-14 4.445488e-13 9.898731e-12 1.044075e-11 _25769_
 1.851575e-13 4.434145e-13 9.810549e-12 1.043912e-11 _27203_
 9.442975e-14 4.440547e-13 9.898734e-12 1.043722e-11 _26187_
 9.633805e-14 4.385056e-13 9.898734e-12 1.043358e-11 _26104_
 9.634757e-14 4.370428e-13 9.898731e-12 1.043212e-11 _25842_
 9.610472e-14 4.313992e-13 9.898733e-12 1.042624e-11 _25945_
 9.512034e-14 4.319767e-13 9.898732e-12 1.042583e-11 _26291_
 9.441907e-14 4.322649e-13 9.898732e-12 1.042542e-11 _25772_
 1.542614e-13 3.718145e-13 9.898738e-12 1.042481e-11 _14991_
 9.520049e-14 4.304609e-13 9.898731e-12 1.042439e-11 _26040_
 2.159879e-13 3.950615e-13 9.810547e-12 1.042160e-11 _20788_
 2.448378e-13 2.778024e-13 9.898739e-12 1.042138e-11 _14955_
 9.499146e-14 4.264872e-13 9.898731e-12 1.042021e-11 _26077_
 9.686619e-14 5.071021e-13 9.810549e-12 1.041452e-11 _21449_
 9.437449e-14 4.179288e-13 9.898731e-12 1.041103e-11 _26213_
 2.449096e-13 2.641341e-13 9.898739e-12 1.040778e-11 _29288_
 2.172750e-13 3.796283e-13 9.810548e-12 1.040745e-11 _21208_
 9.708965e-14 4.101982e-13 9.898731e-12 1.040602e-11 _25950_
 9.712181e-14 4.101637e-13 9.898731e-12 1.040602e-11 _25850_
 2.444346e-13 2.624192e-13 9.898739e-12 1.040559e-11 _14786_
 9.383176e-14 4.071416e-13 9.898731e-12 1.039970e-11 _25741_
 9.436475e-14 4.055772e-13 9.898731e-12 1.039867e-11 _26024_
 9.445731e-14 4.030208e-13 9.898734e-12 1.039621e-11 _25889_
 9.549477e-14 4.019500e-13 9.898732e-12 1.039618e-11 _26050_
 1.551752e-13 3.384577e-13 9.898739e-12 1.039237e-11 _22891_
 1.549831e-13 3.374590e-13 9.898739e-12 1.039118e-11 _23603_
 9.484607e-14 3.972206e-13 9.898733e-12 1.039080e-11 _26323_
 9.685994e-14 3.945799e-13 9.898733e-12 1.039017e-11 _18159_
 9.560029e-14 3.949080e-13 9.898731e-12 1.038924e-11 _25925_
 9.501213e-14 3.920032e-13 9.898731e-12 1.038575e-11 _26059_
 9.363544e-14 3.932022e-13 9.898731e-12 1.038557e-11 _25762_
 9.686961e-14 3.852334e-13 9.898731e-12 1.038083e-11 _26012_
 9.592890e-14 3.854713e-13 9.898731e-12 1.038013e-11 _26060_
 1.573344e-13 4.113132e-13 9.810540e-12 1.037919e-11 _24441_
 9.515010e-14 4.720415e-13 9.810547e-12 1.037774e-11 _19932_
 9.532886e-14 3.834543e-13 9.898733e-12 1.037752e-11 _26221_
 9.533113e-14 3.831742e-13 9.898731e-12 1.037724e-11 _26014_
 1.237289e-13 3.537858e-13 9.898740e-12 1.037625e-11 _28108_
 1.843818e-13 3.772474e-13 9.810549e-12 1.037218e-11 _14766_
 9.524685e-14 3.752078e-13 9.898731e-12 1.036919e-11 _25932_
 9.373036e-14 3.764865e-13 9.898733e-12 1.036895e-11 _26205_
 9.515792e-14 3.734422e-13 9.898732e-12 1.036733e-11 _26294_
 1.844191e-13 3.703820e-13 9.810548e-12 1.036535e-11 _27448_
 9.636147e-14 3.701320e-13 9.898731e-12 1.036522e-11 _25857_
 2.437443e-13 2.217375e-13 9.898739e-12 1.036422e-11 _15036_
 2.434895e-13 2.203065e-13 9.898739e-12 1.036253e-11 _14843_
 9.541773e-14 3.679855e-13 9.898734e-12 1.036214e-11 _25898_
 9.523063e-14 3.637404e-13 9.898733e-12 1.035770e-11 _26220_
 3.229710e-14 5.126864e-13 9.810540e-12 1.035552e-11 _25693_
 3.230116e-14 5.099859e-13 9.810540e-12 1.035283e-11 _26258_
 9.606772e-14 3.570859e-13 9.898731e-12 1.035188e-11 _25796_
 9.398512e-14 3.578571e-13 9.898732e-12 1.035057e-11 _26295_
 3.215385e-14 5.055718e-13 9.810540e-12 1.034827e-11 _15433_
 2.430981e-13 2.043040e-13 9.898739e-12 1.034614e-11 _26610_
 1.843813e-13 3.471111e-13 9.810549e-12 1.034204e-11 _29425_
 3.367883e-14 4.950714e-13 9.810540e-12 1.033929e-11 _26256_
 1.540296e-13 3.733498e-13 9.810541e-12 1.033792e-11 _25832_
 9.343337e-14 3.441882e-13 9.898733e-12 1.033635e-11 _25943_
 9.636343e-14 4.252743e-13 9.810548e-12 1.033219e-11 _17525_
 9.650263e-14 3.993976e-13 9.810549e-12 1.030645e-11 _17294_
 1.835790e-13 3.112636e-13 9.810549e-12 1.030539e-11 _28675_
 9.703188e-14 3.959785e-13 9.810548e-12 1.030356e-11 _18377_
 9.465279e-14 3.094388e-13 9.898733e-12 1.030282e-11 _26324_
 1.530921e-13 2.497168e-13 9.898739e-12 1.030155e-11 _28024_
 9.315525e-14 3.093236e-13 9.898731e-12 1.030121e-11 _26026_
 3.240795e-14 4.549087e-13 9.810540e-12 1.029786e-11 _17446_
 1.834578e-13 2.997132e-13 9.810549e-12 1.029372e-11 _28323_
 3.365183e-14 4.457763e-13 9.810540e-12 1.028997e-11 _25703_
 1.839752e-13 2.932587e-13 9.810549e-12 1.028778e-11 _29365_
 9.518197e-14 3.755619e-13 9.810549e-12 1.028129e-11 _19500_
 9.398513e-14 2.880775e-13 9.898731e-12 1.028079e-11 _26268_
 9.401727e-14 2.874736e-13 9.898731e-12 1.028022e-11 _26319_
 3.332529e-14 4.358870e-13 9.810540e-12 1.027975e-11 _25726_
 1.838989e-13 2.820304e-13 9.810548e-12 1.027648e-11 _28630_
 9.342041e-14 2.840926e-13 9.898731e-12 1.027624e-11 _25974_
 9.291735e-14 2.828342e-13 9.898734e-12 1.027449e-11 _16439_
 1.536897e-13 3.037344e-13 9.810540e-12 1.026796e-11 _25778_
 3.401747e-14 4.185111e-13 9.810540e-12 1.026307e-11 _25727_
 1.835497e-13 2.683962e-13 9.810549e-12 1.026249e-11 _27792_
 1.841105e-13 2.678297e-13 9.810549e-12 1.026249e-11 _28445_
 1.839993e-13 2.638402e-13 9.810549e-12 1.025839e-11 _14731_
 3.385647e-14 4.139908e-13 9.810540e-12 1.025839e-11 _25713_
 1.225272e-13 2.306591e-13 9.898740e-12 1.025193e-11 _27138_
 1.226901e-13 2.246980e-13 9.898740e-12 1.024613e-11 _29402_
 1.225822e-13 2.198079e-13 9.898740e-12 1.024113e-11 _27418_
 3.333760e-14 3.951434e-13 9.810540e-12 1.023902e-11 _25723_
 9.293946e-14 2.466040e-13 9.898730e-12 1.023827e-11 _26288_
 9.493938e-14 3.304345e-13 9.810548e-12 1.023592e-11 _20261_
 1.836026e-13 2.406696e-13 9.810549e-12 1.023482e-11 _29407_
 3.307955e-14 3.895600e-13 9.810540e-12 1.023318e-11 _25909_
 3.334031e-14 3.871300e-13 9.810540e-12 1.023101e-11 _25704_
 6.369532e-14 2.662513e-13 9.898735e-12 1.022868e-11 _22967_
 3.207318e-14 3.746750e-13 9.810540e-12 1.021729e-11 _15445_
 1.230027e-13 1.936528e-13 9.898740e-12 1.021540e-11 _29328_
 9.461567e-14 3.075879e-13 9.810546e-12 1.021275e-11 _24867_
 3.786272e-14 2.723192e-13 9.898739e-12 1.020892e-11 _18817_
 3.297642e-14 3.648466e-13 9.810540e-12 1.020836e-11 _25717_
 1.220346e-13 1.804950e-13 9.898740e-12 1.020127e-11 _15014_
 1.828521e-13 2.060531e-13 9.810549e-12 1.019945e-11 _28493_
 1.831492e-13 2.051824e-13 9.810549e-12 1.019888e-11 _28091_
 9.295079e-14 2.920436e-13 9.810549e-12 1.019554e-11 _23608_
 1.826506e-13 2.020147e-13 9.810549e-12 1.019521e-11 _15086_
 1.832669e-13 1.989061e-13 9.810549e-12 1.019272e-11 _14837_
 1.223399e-13 1.705910e-13 9.898740e-12 1.019167e-11 _28643_
 1.530162e-13 2.273029e-13 9.810543e-12 1.019086e-11 _25949_
 3.271763e-14 3.460796e-13 9.810540e-12 1.018934e-11 _25714_
 1.552729e-13 2.221504e-13 9.810540e-12 1.018796e-11 _29298_
 9.304372e-14 2.796565e-13 9.810548e-12 1.018325e-11 _24131_
 3.162782e-14 2.497780e-13 9.898739e-12 1.018014e-11 _27591_
 9.451959e-14 2.746046e-13 9.810546e-12 1.017967e-11 _19061_
 3.246641e-14 3.326977e-13 9.810540e-12 1.017570e-11 _25720_
 3.302499e-14 3.302348e-13 9.810540e-12 1.017380e-11 _25731_
 1.226674e-13 1.521671e-13 9.898740e-12 1.017357e-11 _28453_
 9.400560e-14 2.664570e-13 9.810549e-12 1.017101e-11 _18075_
 9.333537e-14 2.628764e-13 9.810549e-12 1.016676e-11 _22879_
 1.221744e-13 1.454857e-13 9.898740e-12 1.016640e-11 _28516_
 3.342557e-14 3.147201e-13 9.810540e-12 1.015869e-11 _25729_
 1.822238e-13 1.640235e-13 9.810549e-12 1.015680e-11 _27802_
 6.280313e-14 1.892923e-13 9.898735e-12 1.015083e-11 _24217_
 3.221203e-14 3.045051e-13 9.810540e-12 1.014726e-11 _25725_
 9.292548e-14 2.422844e-13 9.810549e-12 1.014576e-11 _21536_
 3.216710e-14 2.998732e-13 9.810540e-12 1.014258e-11 _15751_
 3.546747e-14 2.073740e-13 9.898739e-12 1.014158e-11 _18628_
 3.265669e-14 2.982965e-13 9.810540e-12 1.014149e-11 _25708_
 1.221345e-13 1.181046e-13 9.898740e-12 1.013898e-11 _15100_
 3.315618e-14 2.931593e-13 9.810540e-12 1.013686e-11 _26241_
 1.216853e-13 1.162011e-13 9.898740e-12 1.013663e-11 _29420_
 3.353536e-14 2.921031e-13 9.810540e-12 1.013618e-11 _25706_
 3.189477e-14 1.962770e-13 9.898739e-12 1.012691e-11 _16348_
 3.249255e-14 1.954762e-13 9.898739e-12 1.012671e-11 _18172_
 9.171757e-14 1.345341e-13 9.898731e-12 1.012498e-11 _25841_
 9.396946e-14 1.321089e-13 9.898730e-12 1.012481e-11 _25605_
 3.280741e-14 2.780071e-13 9.810540e-12 1.012136e-11 _25732_
 3.226911e-14 2.746882e-13 9.810540e-12 1.011750e-11 _26122_
 3.325032e-14 2.719319e-13 9.810540e-12 1.011572e-11 _25701_
 9.307800e-14 2.074909e-13 9.810546e-12 1.011112e-11 _23191_
 3.308821e-14 2.662299e-13 9.810540e-12 1.010986e-11 _25710_
 9.153325e-14 1.195274e-13 9.898730e-12 1.010979e-11 _26217_
 3.201863e-14 2.655161e-13 9.810540e-12 1.010807e-11 _25683_
 9.391276e-14 2.024953e-13 9.810548e-12 1.010696e-11 _25273_
 3.265170e-14 2.595050e-13 9.810540e-12 1.010270e-11 _26176_
 3.281447e-14 2.591423e-13 9.810540e-12 1.010250e-11 _25802_
 3.172320e-14 2.602139e-13 9.810540e-12 1.010248e-11 _16034_
 3.229334e-14 2.593767e-13 9.810540e-12 1.010221e-11 _25739_
 3.237094e-14 2.577260e-13 9.810540e-12 1.010064e-11 _26108_
 3.284453e-14 2.542729e-13 9.810540e-12 1.009766e-11 _26133_
 3.358672e-14 2.526615e-13 9.810540e-12 1.009679e-11 _26162_
 9.369896e-14 1.919781e-13 9.810549e-12 1.009623e-11 _24448_
 3.208693e-14 2.535525e-13 9.810540e-12 1.009618e-11 _26313_
 3.175935e-14 2.522463e-13 9.810540e-12 1.009455e-11 _25716_
 3.164262e-14 1.617740e-13 9.898739e-12 1.009216e-11 _16793_
 3.242218e-14 2.475546e-13 9.810540e-12 1.009052e-11 _25937_
 3.153913e-14 1.600599e-13 9.898739e-12 1.009034e-11 _28790_
 3.188333e-14 2.438472e-13 9.810540e-12 1.008627e-11 _25961_
 3.234867e-14 2.424284e-13 9.810540e-12 1.008532e-11 _25847_
 3.359011e-14 2.396762e-13 9.810540e-12 1.008381e-11 _25923_
 9.357830e-14 1.748115e-13 9.810547e-12 1.007894e-11 _25483_
 3.206465e-14 2.354387e-13 9.810540e-12 1.007804e-11 _25846_
 9.334549e-14 1.739066e-13 9.810546e-12 1.007780e-11 _20473_
 3.169124e-14 2.346905e-13 9.810540e-12 1.007692e-11 _26257_
 3.229996e-14 2.339010e-13 9.810540e-12 1.007674e-11 _26131_
 3.276001e-14 2.327026e-13 9.810540e-12 1.007600e-11 _25733_
 3.224574e-14 2.299560e-13 9.810540e-12 1.007274e-11 _26006_
 3.187015e-14 2.285896e-13 9.810540e-12 1.007100e-11 _17403_
 3.198424e-14 2.278415e-13 9.810540e-12 1.007037e-11 _25946_
 3.214998e-14 2.266184e-13 9.810540e-12 1.006931e-11 _26312_
 3.312964e-14 2.252420e-13 9.810540e-12 1.006891e-11 _26180_
 3.186448e-14 2.264460e-13 9.810540e-12 1.006885e-11 _26086_
 9.337468e-14 1.644998e-13 9.810546e-12 1.006842e-11 _21316_
 3.232622e-14 2.248436e-13 9.810540e-12 1.006771e-11 _25953_
 3.262334e-14 2.229144e-13 9.810540e-12 1.006608e-11 _26196_
 9.295137e-14 1.625297e-13 9.810546e-12 1.006603e-11 _24556_
 3.184815e-14 2.189356e-13 9.810540e-12 1.006132e-11 _26248_
 3.224320e-14 2.183596e-13 9.810540e-12 1.006114e-11 _26315_
 9.291535e-14 1.568400e-13 9.810549e-12 1.006030e-11 _21741_
 3.188928e-14 2.170133e-13 9.810540e-12 1.005944e-11 _25962_
 6.196781e-14 1.868651e-13 9.810550e-12 1.005938e-11 _28332_
 3.297896e-14 2.156033e-13 9.810540e-12 1.005912e-11 _25707_
 3.265715e-14 2.155466e-13 9.810540e-12 1.005874e-11 _26238_
 3.211785e-14 2.159119e-13 9.810540e-12 1.005857e-11 _26087_
 3.230608e-14 2.139992e-13 9.810540e-12 1.005685e-11 _26175_
 9.290703e-14 1.531867e-13 9.810546e-12 1.005664e-11 _23400_
 3.253769e-14 2.128660e-13 9.810540e-12 1.005594e-11 _26123_
 3.224753e-14 2.106092e-13 9.810540e-12 1.005340e-11 _26285_
 9.203581e-14 1.498506e-13 9.810547e-12 1.005243e-11 _16163_
 3.184835e-14 2.095164e-13 9.810540e-12 1.005191e-11 _18513_
 3.197927e-14 2.092369e-13 9.810540e-12 1.005176e-11 _26204_
 9.209648e-14 1.488826e-13 9.810548e-12 1.005153e-11 _24763_
 3.155256e-14 1.209656e-13 9.898739e-12 1.005126e-11 _26624_
 3.216270e-14 2.066143e-13 9.810540e-12 1.004932e-11 _25983_
 3.288437e-14 2.044487e-13 9.810540e-12 1.004787e-11 _25692_
 3.258921e-14 2.039684e-13 9.810540e-12 1.004710e-11 _26209_
 3.189227e-14 2.026090e-13 9.810540e-12 1.004504e-11 _24596_
 3.193740e-14 2.024386e-13 9.810540e-12 1.004492e-11 _25756_
 3.143901e-14 1.145403e-13 9.898739e-12 1.004472e-11 _17573_
 3.226043e-14 2.009744e-13 9.810540e-12 1.004377e-11 _26249_
 3.312460e-14 1.999372e-13 9.810540e-12 1.004360e-11 _25885_
 3.201829e-14 2.006916e-13 9.810540e-12 1.004325e-11 _26160_
 6.179303e-14 1.696513e-13 9.810550e-12 1.004199e-11 _28794_
 3.192724e-14 1.972480e-13 9.810540e-12 1.003972e-11 _25935_
 3.239305e-14 1.959756e-13 9.810540e-12 1.003891e-11 _25976_
 3.245374e-14 1.951233e-13 9.810540e-12 1.003812e-11 _26266_
 3.209454e-14 1.939013e-13 9.810540e-12 1.003654e-11 _17876_
 3.377020e-14 1.018421e-13 9.898739e-12 1.003435e-11 _15375_
 3.119958e-14 1.016588e-13 9.898739e-12 1.003160e-11 _25589_
 3.273158e-14 1.882801e-13 9.810540e-12 1.003155e-11 _17798_
 3.229847e-14 1.886563e-13 9.810540e-12 1.003150e-11 _17113_
 3.309069e-14 1.865251e-13 9.810540e-12 1.003016e-11 _15863_
 3.203132e-14 1.867574e-13 9.810540e-12 1.002933e-11 _26269_
 3.164485e-14 1.870645e-13 9.810540e-12 1.002925e-11 _25803_
 3.168360e-14 1.865740e-13 9.810540e-12 1.002880e-11 _25702_
 3.145696e-14 1.866981e-13 9.810540e-12 1.002870e-11 _25688_
 3.296109e-14 1.850707e-13 9.810540e-12 1.002857e-11 _17026_
 6.166795e-14 1.561938e-13 9.810550e-12 1.002841e-11 _28924_
 3.173060e-14 1.838699e-13 9.810540e-12 1.002614e-11 _25873_
 3.173025e-14 1.832960e-13 9.810540e-12 1.002557e-11 _25785_
 3.174487e-14 1.830560e-13 9.810540e-12 1.002534e-11 _25978_
 3.232877e-14 1.806961e-13 9.810540e-12 1.002357e-11 _25690_
 3.236228e-14 1.777163e-13 9.810540e-12 1.002062e-11 _26056_
 3.259761e-14 1.753935e-13 9.810540e-12 1.001853e-11 _17098_
 3.088758e-14 8.865131e-14 9.898739e-12 1.001828e-11 _28519_
 3.214047e-14 1.743466e-13 9.810540e-12 1.001703e-11 _25971_
 3.107022e-14 8.695707e-14 9.898739e-12 1.001677e-11 _23087_
 3.194288e-14 1.698733e-13 9.810540e-12 1.001236e-11 _25799_
 6.149690e-14 1.400285e-13 9.810550e-12 1.001208e-11 _14830_
 3.186844e-14 1.687034e-13 9.810540e-12 1.001111e-11 _16843_
 3.177205e-14 1.656214e-13 9.810540e-12 1.000793e-11 _25970_
 3.279403e-14 1.617668e-13 9.810540e-12 1.000510e-11 _25931_
 6.181390e-14 1.326812e-13 9.810550e-12 1.000505e-11 _27630_
 3.184293e-14 1.621016e-13 9.810540e-12 1.000449e-11 _19046_
 3.216916e-14 1.593962e-13 9.810540e-12 1.000211e-11 _26194_
 3.188692e-14 1.576251e-13 9.810540e-12 1.000005e-11 _17368_
 3.215930e-14 1.535598e-13 9.810540e-12 9.996260e-12 _26203_
 3.107913e-14 6.625016e-14 9.898739e-12 9.996068e-12 _29130_
 3.158592e-14 1.536171e-13 9.810540e-12 9.995744e-12 _26240_
 6.133685e-14 1.236608e-13 9.810550e-12 9.995548e-12 _28316_
 3.176555e-14 1.530410e-13 9.810540e-12 9.995347e-12 _26101_
 3.178932e-14 1.517011e-13 9.810540e-12 9.994031e-12 _25989_
 3.147344e-14 1.509476e-13 9.810540e-12 9.992961e-12 _25871_
 3.159194e-14 1.495422e-13 9.810540e-12 9.991674e-12 _25755_
 3.165038e-14 1.490026e-13 9.810540e-12 9.991194e-12 _26302_
 3.187192e-14 1.472813e-13 9.810540e-12 9.989694e-12 _26102_
 3.194911e-14 1.457421e-13 9.810540e-12 9.988232e-12 _26201_
 3.154431e-14 1.459111e-13 9.810540e-12 9.987996e-12 _26121_
 3.167064e-14 1.442199e-13 9.810540e-12 9.986431e-12 _18228_
 3.137485e-14 1.440965e-13 9.810540e-12 9.986012e-12 _15480_
 3.217124e-14 1.406718e-13 9.810540e-12 9.983383e-12 _26304_
 3.143917e-14 1.408487e-13 9.810540e-12 9.982828e-12 _21040_
 3.260112e-14 1.388902e-13 9.810540e-12 9.982032e-12 _16583_
 6.168053e-14 1.091721e-13 9.810550e-12 9.981403e-12 _14873_
 3.253059e-14 1.383143e-13 9.810540e-12 9.981386e-12 _15626_
 3.205875e-14 1.382097e-13 9.810540e-12 9.980809e-12 _26088_
 6.120254e-14 1.078777e-13 9.810550e-12 9.979630e-12 _28731_
 3.222567e-14 1.356988e-13 9.810540e-12 9.978465e-12 _16933_
 3.251438e-14 1.352454e-13 9.810540e-12 9.978300e-12 _25681_
 3.181176e-14 1.348795e-13 9.810540e-12 9.977232e-12 _25992_
 3.121366e-14 1.345722e-13 9.810540e-12 9.976326e-12 _25700_
 3.133053e-14 1.340314e-13 9.810540e-12 9.975902e-12 _26247_
 6.200007e-14 1.031462e-13 9.810548e-12 9.975695e-12 _29256_
 3.192420e-14 1.328144e-13 9.810540e-12 9.975279e-12 _25845_
 3.205107e-14 1.321468e-13 9.810540e-12 9.974738e-12 _25977_
 3.050880e-14 4.503548e-14 9.898739e-12 9.974284e-12 _20155_
 3.130294e-14 1.323382e-13 9.810540e-12 9.974181e-12 _25960_
 3.205260e-14 1.302826e-13 9.810540e-12 9.972876e-12 _15908_
 6.145134e-14 1.004510e-13 9.810550e-12 9.972453e-12 _29052_
 3.155422e-14 1.296104e-13 9.810540e-12 9.971705e-12 _25718_
 6.131572e-14 9.876635e-14 9.810550e-12 9.970632e-12 _27496_
 3.147933e-14 1.285507e-13 9.810540e-12 9.970570e-12 _26005_
 6.131184e-14 9.821026e-14 9.810549e-12 9.970071e-12 _29392_
 3.164443e-14 1.268816e-13 9.810540e-12 9.969066e-12 _25853_
 3.155198e-14 1.258970e-13 9.810540e-12 9.967989e-12 _25712_
 3.149006e-14 1.252011e-13 9.810540e-12 9.967232e-12 _26004_
 3.129013e-14 1.251901e-13 9.810540e-12 9.967020e-12 _26296_
 6.134001e-14 9.339727e-14 9.810549e-12 9.965286e-12 _29012_
 3.148473e-14 1.195573e-13 9.810540e-12 9.961583e-12 _25715_
 3.185492e-14 1.167767e-13 9.810540e-12 9.959172e-12 _22921_
 3.182062e-14 1.162009e-13 9.810540e-12 9.958562e-12 _25969_
 6.127723e-14 8.652753e-14 9.810548e-12 9.958353e-12 _29278_
 3.127877e-14 1.140094e-13 9.810540e-12 9.955829e-12 _17910_
 6.125590e-14 8.209602e-14 9.810550e-12 9.953902e-12 _29172_
 3.192685e-14 1.096326e-13 9.810540e-12 9.952100e-12 _25719_
 3.107058e-14 1.050373e-13 9.810540e-12 9.946649e-12 _26314_
 6.106088e-14 7.393015e-14 9.810550e-12 9.945541e-12 _14801_
 3.170699e-14 1.019909e-13 9.810540e-12 9.944238e-12 _16254_
 6.104427e-14 7.197262e-14 9.810550e-12 9.943567e-12 _28243_
 6.086876e-14 6.883567e-14 9.810548e-12 9.940253e-12 _29220_
 6.105770e-14 6.726844e-14 9.810550e-12 9.938876e-12 _28046_
 3.098944e-14 9.340463e-14 9.810540e-12 9.934935e-12 _17152_
 3.095597e-14 9.332421e-14 9.810540e-12 9.934820e-12 _25722_
 3.142207e-14 9.245838e-14 9.810540e-12 9.934420e-12 _15671_
 6.102193e-14 6.030403e-14 9.810550e-12 9.931876e-12 _14780_
 3.172595e-14 8.735368e-14 9.810540e-12 9.929620e-12 _16410_
 6.077965e-14 5.802205e-14 9.810550e-12 9.929352e-12 _28883_
 3.100679e-14 8.757353e-14 9.810540e-12 9.929121e-12 _16176_
 6.141557e-14 5.638290e-14 9.810549e-12 9.928347e-12 _14840_
 3.190486e-14 8.253809e-14 9.810540e-12 9.924984e-12 _18511_
 3.086394e-14 8.129327e-14 9.810540e-12 9.922697e-12 _15667_
 3.136834e-14 7.942363e-14 9.810540e-12 9.921332e-12 _25709_
 3.218361e-14 6.990267e-14 9.810540e-12 9.912626e-12 _25705_
 3.081846e-14 6.730562e-14 9.810540e-12 9.908664e-12 _22818_
 3.088221e-14 6.401179e-14 9.810540e-12 9.905434e-12 _25422_
 3.068605e-14 6.124312e-14 9.810540e-12 9.902469e-12 _17633_
 3.064489e-14 5.768215e-14 9.810540e-12 9.898867e-12 _17231_
 0.000000e+00 0.000000e+00 9.898740e-12 9.898740e-12 _15054_
 0.000000e+00 0.000000e+00 9.898740e-12 9.898740e-12 _27074_
 0.000000e+00 0.000000e+00 9.898740e-12 9.898740e-12 _27284_
 0.000000e+00 0.000000e+00 9.898740e-12 9.898740e-12 _27483_
 0.000000e+00 0.000000e+00 9.898740e-12 9.898740e-12 _27487_
 0.000000e+00 0.000000e+00 9.898740e-12 9.898740e-12 _27653_
 0.000000e+00 0.000000e+00 9.898740e-12 9.898740e-12 _27990_
 0.000000e+00 0.000000e+00 9.898740e-12 9.898740e-12 _27999_
 0.000000e+00 0.000000e+00 9.898740e-12 9.898740e-12 _28176_
 0.000000e+00 0.000000e+00 9.898740e-12 9.898740e-12 _28235_
 0.000000e+00 0.000000e+00 9.898740e-12 9.898740e-12 _28561_
 0.000000e+00 0.000000e+00 9.898740e-12 9.898740e-12 _29108_
 0.000000e+00 0.000000e+00 9.898740e-12 9.898740e-12 _29191_
 0.000000e+00 0.000000e+00 9.898740e-12 9.898740e-12 _29202_
 3.064004e-14 5.699248e-14 9.810540e-12 9.898173e-12 _17191_
 3.089267e-14 5.480713e-14 9.810540e-12 9.896240e-12 _25721_
 3.065495e-14 4.975732e-14 9.810540e-12 9.890953e-12 _23865_
 3.069655e-14 4.851881e-14 9.810540e-12 9.889756e-12 _22301_
 3.056880e-14 4.673681e-14 9.810540e-12 9.887846e-12 _17452_
 1.275633e-20 9.808008e-20 9.810545e-12 9.810545e-12 _25752_
 0.000000e+00 0.000000e+00 9.810540e-12 9.810540e-12 _25751_
