     Internal    Switching      Leakage        Total
        Power        Power        Power        Power (Watts)
----------------------------------------------------
 8.987018e-07 4.160336e-06 1.227239e-11 5.059050e-06 clkbuf_1_0__f_core_clk
 8.971314e-07 2.707005e-06 1.227239e-11 3.604149e-06 clkbuf_1_1__f_core_clk
 4.220561e-07 2.029970e-06 8.293229e-12 2.452034e-06 u_icg
 8.636819e-07 1.386219e-06 1.227239e-11 2.249913e-06 clkbuf_0_core_clk
 2.949450e-07 1.668915e-06 1.165748e-11 1.963871e-06 hold2
 4.443841e-07 1.485498e-06 7.180985e-12 1.929889e-06 clkbuf_leaf_7_core_clk
 4.442817e-07 1.396015e-06 7.180985e-12 1.840304e-06 clkbuf_leaf_10_core_clk
 4.385126e-07 1.339387e-06 7.180985e-12 1.777907e-06 clkbuf_leaf_3_core_clk
 4.384445e-07 1.308234e-06 7.180985e-12 1.746686e-06 clkbuf_leaf_1_core_clk
 4.383195e-07 1.260363e-06 7.180985e-12 1.698690e-06 clkbuf_leaf_14_core_clk
 4.439185e-07 1.209827e-06 7.180985e-12 1.653753e-06 clkbuf_leaf_12_core_clk
 2.910883e-07 1.362009e-06 1.107140e-11 1.653109e-06 clkbuf_0_w_clk
 4.442616e-07 1.189991e-06 7.180985e-12 1.634260e-06 clkbuf_leaf_15_core_clk
 4.439993e-07 1.183873e-06 7.180985e-12 1.627879e-06 clkbuf_leaf_11_core_clk
 4.381460e-07 1.174181e-06 7.180985e-12 1.612334e-06 clkbuf_leaf_0_core_clk
 4.434457e-07 1.150778e-06 7.180985e-12 1.594231e-06 clkbuf_leaf_19_core_clk
 4.371300e-07 1.124082e-06 7.180985e-12 1.561219e-06 clkbuf_leaf_4_core_clk
 1.466615e-07 1.409621e-06 6.969870e-12 1.556289e-06 clkbuf_2_1_0_w_clk
 1.467210e-07 1.398502e-06 6.969870e-12 1.545230e-06 clkbuf_2_2_0_w_clk
 4.419089e-07 1.086315e-06 7.180985e-12 1.528231e-06 clkbuf_leaf_17_core_clk
 4.419219e-07 1.075860e-06 7.180985e-12 1.517789e-06 clkbuf_leaf_6_core_clk
 1.467843e-07 1.367801e-06 6.969870e-12 1.514592e-06 clkbuf_2_0_0_w_clk
 1.425188e-07 1.356689e-06 7.305699e-12 1.499215e-06 fanout1546
 4.353142e-07 1.035194e-06 7.180985e-12 1.470516e-06 clkbuf_leaf_20_core_clk
 4.345349e-07 9.964268e-07 7.180985e-12 1.430969e-06 clkbuf_leaf_2_core_clk
 1.466347e-07 1.243245e-06 6.969870e-12 1.389887e-06 clkbuf_2_3_0_w_clk
 4.383074e-07 9.442686e-07 7.180985e-12 1.382583e-06 clkbuf_leaf_8_core_clk
 1.462674e-07 1.219872e-06 7.306815e-12 1.366147e-06 fanout1584
 4.375120e-07 9.146273e-07 7.180985e-12 1.352146e-06 clkbuf_leaf_13_core_clk
 8.840691e-07 4.559208e-07 1.232310e-11 1.340002e-06 clkbuf_0_clk
 3.404714e-07 9.984853e-07 1.115721e-11 1.338968e-06 clkbuf_5_2__f_v_clk
 3.409122e-07 9.979232e-07 1.115721e-11 1.338847e-06 clkbuf_5_27__f_v_clk
 4.371317e-07 8.988212e-07 7.180985e-12 1.335960e-06 clkbuf_leaf_9_core_clk
 4.365137e-07 8.660162e-07 7.180985e-12 1.302537e-06 clkbuf_leaf_18_core_clk
 3.407793e-07 9.056371e-07 1.115721e-11 1.246427e-06 clkbuf_5_15__f_v_clk
 3.305008e-07 8.930243e-07 1.115721e-11 1.223536e-06 clkbuf_0_v_clk
 3.407748e-07 8.762319e-07 1.115721e-11 1.217018e-06 clkbuf_5_29__f_v_clk
 3.402920e-07 8.755011e-07 1.115721e-11 1.215804e-06 clkbuf_5_5__f_v_clk
 3.401884e-07 8.690579e-07 1.115721e-11 1.209257e-06 clkbuf_5_23__f_v_clk
 3.401955e-07 8.408330e-07 1.115721e-11 1.181040e-06 clkbuf_5_18__f_v_clk
 3.407426e-07 8.200021e-07 1.115721e-11 1.160756e-06 clkbuf_5_26__f_v_clk
 3.403032e-07 8.195884e-07 1.115721e-11 1.159903e-06 clkbuf_5_3__f_v_clk
 1.445373e-07 1.014699e-06 7.072893e-12 1.159243e-06 fanout2074
 3.401425e-07 8.175930e-07 1.115721e-11 1.157747e-06 clkbuf_5_22__f_v_clk
 8.579688e-07 2.857066e-07 1.232310e-11 1.143688e-06 clkbuf_1_1__f_clk
 3.402158e-07 8.007445e-07 1.115721e-11 1.140971e-06 clkbuf_5_4__f_v_clk
 3.399534e-07 7.770732e-07 1.115721e-11 1.117038e-06 clkbuf_5_8__f_v_clk
 3.401151e-07 7.597073e-07 1.115721e-11 1.099834e-06 clkbuf_5_19__f_v_clk
 3.406634e-07 7.503302e-07 1.115721e-11 1.091005e-06 clkbuf_5_28__f_v_clk
 2.870259e-07 8.013458e-07 1.107140e-11 1.088383e-06 clkbuf_5_3__f_w_clk
 8.522858e-07 2.324193e-07 1.232310e-11 1.084717e-06 clkbuf_1_0__f_clk
 2.869996e-07 7.930387e-07 1.107140e-11 1.080049e-06 clkbuf_5_2__f_w_clk
 2.904359e-07 7.739512e-07 8.828454e-12 1.064396e-06 u_icg_v
 2.866342e-07 7.549533e-07 1.107140e-11 1.041598e-06 clkbuf_5_11__f_w_clk
 3.405773e-07 7.009011e-07 1.115721e-11 1.041489e-06 clkbuf_5_14__f_v_clk
 2.868906e-07 7.307858e-07 1.107140e-11 1.017687e-06 clkbuf_5_7__f_w_clk
 2.866745e-07 7.307191e-07 1.107140e-11 1.017405e-06 clkbuf_5_22__f_w_clk
 3.403618e-07 6.756954e-07 1.115721e-11 1.016068e-06 clkbuf_5_20__f_v_clk
 2.864362e-07 7.027438e-07 1.107140e-11 9.891911e-07 clkbuf_5_17__f_w_clk
 3.406960e-07 6.423077e-07 1.115721e-11 9.830148e-07 clkbuf_5_16__f_v_clk
 3.406976e-07 6.415433e-07 1.115721e-11 9.822520e-07 clkbuf_5_17__f_v_clk
 1.692930e-07 8.121141e-07 6.984953e-12 9.814141e-07 clkbuf_2_1_0_v_clk
 2.865576e-07 6.933373e-07 1.107140e-11 9.799058e-07 clkbuf_5_15__f_w_clk
 3.398098e-07 6.367716e-07 1.115721e-11 9.765926e-07 clkbuf_5_9__f_v_clk
 2.866163e-07 6.778686e-07 1.107140e-11 9.644959e-07 clkbuf_5_18__f_w_clk
 2.867618e-07 6.753538e-07 1.107140e-11 9.621266e-07 clkbuf_5_5__f_w_clk
 3.404989e-07 6.215486e-07 1.115721e-11 9.620587e-07 clkbuf_5_25__f_v_clk
 2.867734e-07 6.742619e-07 1.107140e-11 9.610463e-07 clkbuf_5_6__f_w_clk
 2.865841e-07 6.743940e-07 1.107140e-11 9.609890e-07 clkbuf_5_4__f_w_clk
 1.692558e-07 7.854098e-07 6.984953e-12 9.546725e-07 clkbuf_2_0_0_v_clk
 2.867707e-07 6.670401e-07 1.107140e-11 9.538219e-07 clkbuf_5_26__f_w_clk
 2.865532e-07 6.657190e-07 1.107140e-11 9.522833e-07 clkbuf_5_12__f_w_clk
 2.873768e-07 6.627184e-07 1.107140e-11 9.501064e-07 clkbuf_5_28__f_w_clk
 1.443445e-07 8.038058e-07 7.306815e-12 9.481576e-07 fanout1586
 2.865766e-07 6.582885e-07 1.107140e-11 9.448761e-07 clkbuf_5_19__f_w_clk
 3.392570e-07 5.940585e-07 1.115721e-11 9.333266e-07 clkbuf_5_30__f_v_clk
 3.387007e-07 5.917794e-07 1.115721e-11 9.304912e-07 clkbuf_5_21__f_v_clk
 3.372294e-07 5.913428e-07 1.115721e-11 9.285834e-07 clkbuf_5_1__f_v_clk
 2.865403e-07 6.406263e-07 1.107140e-11 9.271776e-07 clkbuf_5_1__f_w_clk
 2.864437e-07 6.375288e-07 1.107140e-11 9.239836e-07 clkbuf_5_14__f_w_clk
 1.452066e-07 7.766922e-07 7.072893e-12 9.219059e-07 fanout998
 2.866055e-07 6.202287e-07 1.107140e-11 9.068453e-07 clkbuf_5_24__f_w_clk
 2.865436e-07 6.168234e-07 1.107140e-11 9.033781e-07 clkbuf_5_0__f_w_clk
 2.864280e-07 6.144957e-07 1.107140e-11 9.009348e-07 clkbuf_5_13__f_w_clk
 2.862196e-07 6.121547e-07 1.107140e-11 8.983854e-07 clkbuf_5_16__f_w_clk
 1.691798e-07 7.272811e-07 6.984953e-12 8.964678e-07 clkbuf_2_2_0_v_clk
 2.863431e-07 5.962938e-07 1.107140e-11 8.826481e-07 clkbuf_5_23__f_w_clk
 2.866754e-07 5.895200e-07 1.107140e-11 8.762065e-07 clkbuf_5_27__f_w_clk
 2.862249e-07 5.888451e-07 1.107140e-11 8.750811e-07 clkbuf_5_10__f_w_clk
 2.862895e-07 5.871423e-07 1.107140e-11 8.734429e-07 clkbuf_5_20__f_w_clk
 2.862087e-07 5.870366e-07 1.107140e-11 8.732564e-07 clkbuf_5_9__f_w_clk
 2.865858e-07 5.851016e-07 1.107140e-11 8.716985e-07 clkbuf_5_25__f_w_clk
 2.947012e-07 5.719950e-07 1.165748e-11 8.667079e-07 fanout2075
 3.360092e-07 5.279917e-07 1.115721e-11 8.640120e-07 clkbuf_5_13__f_v_clk
 2.861884e-07 5.739832e-07 1.107140e-11 8.601827e-07 clkbuf_5_8__f_w_clk
 2.871341e-07 5.551627e-07 1.107140e-11 8.423079e-07 clkbuf_5_29__f_w_clk
 2.759061e-07 5.662175e-07 8.867475e-12 8.421324e-07 u_icg_w
 1.439951e-07 6.941361e-07 7.072893e-12 8.381383e-07 fanout2073
 3.348557e-07 5.008633e-07 1.115721e-11 8.357301e-07 clkbuf_5_6__f_v_clk
 3.347068e-07 4.978667e-07 1.115721e-11 8.325846e-07 clkbuf_5_12__f_v_clk
 3.345339e-07 4.937779e-07 1.115721e-11 8.283229e-07 clkbuf_5_7__f_v_clk
 3.331178e-07 4.950417e-07 1.115721e-11 8.281706e-07 clkbuf_5_0__f_v_clk
 1.431700e-07 6.765200e-07 7.072893e-12 8.196970e-07 fanout1009
 7.552499e-08 7.324004e-07 1.191353e-11 8.079373e-07 wire515
 3.336341e-07 4.649917e-07 1.115721e-11 7.986370e-07 clkbuf_5_24__f_v_clk
 1.446393e-07 6.462195e-07 7.306815e-12 7.908661e-07 fanout1580
 3.331290e-07 4.542210e-07 1.115721e-11 7.873611e-07 clkbuf_5_31__f_v_clk
 1.441468e-07 6.373031e-07 7.306906e-12 7.814571e-07 fanout1417
 8.465622e-08 6.967005e-07 6.988604e-12 7.813637e-07 fanout806
 3.325525e-07 4.442098e-07 1.115721e-11 7.767734e-07 clkbuf_5_11__f_v_clk
 2.849026e-07 4.859732e-07 1.107140e-11 7.708869e-07 clkbuf_5_31__f_w_clk
 2.841760e-07 4.844424e-07 1.107140e-11 7.686294e-07 clkbuf_5_21__f_w_clk
 1.689860e-07 5.857006e-07 6.984953e-12 7.546936e-07 clkbuf_2_3_0_v_clk
 3.284709e-07 3.509253e-07 1.115721e-11 6.794074e-07 clkbuf_5_10__f_v_clk
 6.182573e-08 6.096884e-07 1.166331e-11 6.715258e-07 fanout309
 1.459616e-07 5.215604e-07 7.072893e-12 6.675290e-07 fanout1042
 7.251587e-08 5.860579e-07 4.700198e-12 6.585785e-07 fanout1066
 2.800886e-07 3.466115e-07 1.107140e-11 6.267113e-07 clkbuf_5_30__f_w_clk
 7.253143e-08 5.534549e-07 1.176079e-11 6.259980e-07 fanout2066
 7.264102e-08 5.458472e-07 4.502327e-12 6.184927e-07 fanout1464
 3.244682e-08 5.659020e-07 3.315821e-12 5.983521e-07 _26227_
 7.291131e-08 4.903502e-07 4.700198e-12 5.632662e-07 fanout1055
 8.556712e-08 4.774411e-07 6.988604e-12 5.630152e-07 fanout795
 8.545454e-08 4.530600e-07 7.391195e-12 5.385219e-07 fanout624
 7.550927e-08 4.624090e-07 1.078668e-11 5.379291e-07 fanout738
 8.621658e-08 4.473939e-07 6.988604e-12 5.336175e-07 fanout814
 8.515840e-08 4.471793e-07 6.988604e-12 5.323447e-07 fanout805
 7.304455e-08 4.493357e-07 4.502327e-12 5.223848e-07 fanout1515
 7.311449e-08 4.470556e-07 4.502327e-12 5.201746e-07 fanout1424
 7.305013e-08 4.422959e-07 4.502327e-12 5.153506e-07 fanout1541
 1.645597e-07 3.503881e-07 6.984953e-12 5.149548e-07 clkbuf_4_0_0_v_clk
 5.961368e-08 4.485812e-07 1.304999e-11 5.082080e-07 fanout355
 8.546048e-08 4.220775e-07 7.391104e-12 5.075454e-07 fanout808
 7.315970e-08 4.287046e-07 4.700198e-12 5.018690e-07 fanout1017
 7.363088e-08 4.221733e-07 4.502327e-12 4.958086e-07 fanout1446
 7.319013e-08 4.210698e-07 4.502327e-12 4.942644e-07 fanout1434
 7.336028e-08 4.146102e-07 4.700198e-12 4.879752e-07 fanout994
 7.330962e-08 4.091685e-07 4.502327e-12 4.824826e-07 fanout1532
 7.379465e-08 4.076410e-07 4.502327e-12 4.814402e-07 fanout1443
 7.332739e-08 4.053496e-07 4.700198e-12 4.786817e-07 fanout1029
 7.325644e-08 4.037794e-07 4.700198e-12 4.770405e-07 fanout2068
 8.554776e-08 3.881447e-07 7.391195e-12 4.736998e-07 fanout619
 7.306912e-08 4.004410e-07 4.700198e-12 4.735148e-07 fanout2072
 7.327811e-08 3.996868e-07 4.502327e-12 4.729694e-07 fanout1438
 7.350040e-08 3.952828e-07 4.700198e-12 4.687878e-07 fanout978
 7.330887e-08 3.933905e-07 4.700198e-12 4.667041e-07 fanout1078
 7.345544e-08 3.907604e-07 4.700198e-12 4.642205e-07 fanout988
 7.373342e-08 3.878435e-07 4.502327e-12 4.615814e-07 fanout1459
 3.482955e-08 4.263646e-07 7.298006e-12 4.612015e-07 max_cap977
 7.294866e-08 3.873761e-07 4.502327e-12 4.603293e-07 fanout1514
 7.326233e-08 3.862871e-07 4.502327e-12 4.595539e-07 fanout1544
 7.341521e-08 3.843394e-07 4.700198e-12 4.577593e-07 fanout1028
 7.336453e-08 3.832039e-07 4.501379e-12 4.565729e-07 fanout1581
 7.327451e-08 3.821696e-07 4.502327e-12 4.554486e-07 fanout1449
 7.350553e-08 3.789433e-07 4.700198e-12 4.524535e-07 fanout989
 5.343882e-08 3.983518e-07 1.343682e-11 4.518041e-07 fanout912
 1.420929e-08 4.364687e-07 5.619862e-12 4.506836e-07 _26231_
 7.314985e-08 3.767667e-07 4.502327e-12 4.499210e-07 fanout1461
 7.378644e-08 3.759613e-07 4.502327e-12 4.497522e-07 fanout1485
 1.630796e-07 2.843897e-07 6.984953e-12 4.474763e-07 clkbuf_4_4_0_v_clk
 7.340239e-08 3.688885e-07 4.700198e-12 4.422956e-07 fanout982
 1.633606e-07 2.787491e-07 6.984953e-12 4.421166e-07 clkbuf_4_9_0_v_clk
 7.408904e-08 3.679064e-07 4.700198e-12 4.420002e-07 fanout1044
 7.322146e-08 3.685896e-07 4.700198e-12 4.418157e-07 fanout1054
 7.356596e-08 3.674167e-07 4.502327e-12 4.409871e-07 fanout1474
 1.633171e-07 2.764850e-07 6.984953e-12 4.398091e-07 clkbuf_4_11_0_v_clk
 8.588741e-08 3.514152e-07 7.391195e-12 4.373100e-07 fanout622
 6.867824e-08 3.675966e-07 1.156995e-11 4.362865e-07 fanout2056
 7.345554e-08 3.616773e-07 4.700198e-12 4.351375e-07 fanout1022
 7.378397e-08 3.612475e-07 4.700198e-12 4.350361e-07 fanout1006
 7.347187e-08 3.586615e-07 4.502327e-12 4.321378e-07 fanout1426
 7.365851e-08 3.583440e-07 4.502327e-12 4.320070e-07 fanout1501
 7.386617e-08 3.579666e-07 4.502327e-12 4.318373e-07 fanout1483
 7.392750e-08 3.572988e-07 4.700198e-12 4.312310e-07 fanout1052
 1.626025e-07 2.677215e-07 6.984953e-12 4.303310e-07 clkbuf_4_2_0_v_clk
 7.389617e-08 3.549750e-07 4.502327e-12 4.288756e-07 fanout1457
 1.626783e-07 2.650925e-07 6.984953e-12 4.277778e-07 clkbuf_4_1_0_v_clk
 7.348519e-08 3.492871e-07 4.502327e-12 4.227768e-07 fanout1498
 7.377838e-08 3.486314e-07 4.502327e-12 4.224143e-07 fanout1505
 7.349257e-08 3.477771e-07 4.502327e-12 4.212741e-07 fanout1487
 7.389789e-08 3.465045e-07 4.502327e-12 4.204068e-07 fanout1543
 7.386174e-08 3.458068e-07 4.502327e-12 4.196730e-07 fanout1511
 7.350420e-08 3.444580e-07 4.700198e-12 4.179669e-07 fanout1047
 1.627917e-07 2.536529e-07 6.984953e-12 4.164516e-07 clkbuf_4_10_0_v_clk
 6.438405e-08 3.519483e-07 1.220837e-11 4.163445e-07 fanout1328
 7.442596e-08 3.402097e-07 4.502327e-12 4.146401e-07 fanout1421
 7.354147e-08 3.394789e-07 4.502327e-12 4.130248e-07 fanout1524
 7.385226e-08 3.384217e-07 4.502327e-12 4.122785e-07 fanout1436
 7.396283e-08 3.372286e-07 4.502327e-12 4.111959e-07 fanout1456
 7.355610e-08 3.371243e-07 4.502327e-12 4.106849e-07 fanout1419
 7.354127e-08 3.365452e-07 4.700198e-12 4.100911e-07 fanout1020
 7.354665e-08 3.362067e-07 4.502327e-12 4.097579e-07 fanout1467
 7.436940e-08 3.350165e-07 4.700198e-12 4.093905e-07 fanout992
 7.356608e-08 3.353583e-07 4.502327e-12 4.089289e-07 fanout1429
 7.390739e-08 3.349649e-07 4.502327e-12 4.088767e-07 fanout1512
 1.622300e-07 2.463213e-07 6.984953e-12 4.085583e-07 clkbuf_4_6_0_v_clk
 1.621335e-07 2.457662e-07 6.984953e-12 4.079067e-07 clkbuf_4_3_0_v_clk
 7.389369e-08 3.339921e-07 4.700198e-12 4.078905e-07 fanout1076
 7.413519e-08 3.330463e-07 4.502327e-12 4.071860e-07 fanout1442
 6.017537e-08 3.465515e-07 6.949989e-12 4.067338e-07 fanout731
 7.385380e-08 3.321363e-07 4.700198e-12 4.059948e-07 fanout1002
 5.892423e-08 3.451298e-07 6.951799e-12 4.040610e-07 fanout760
 7.357593e-08 3.303470e-07 4.700198e-12 4.039276e-07 fanout1043
 7.361521e-08 3.299659e-07 4.502327e-12 4.035856e-07 fanout1462
 7.422166e-08 3.287853e-07 4.700198e-12 4.030116e-07 fanout1074
 7.356957e-08 3.287065e-07 4.700198e-12 4.022807e-07 fanout1045
 1.632222e-07 2.387895e-07 6.984953e-12 4.020187e-07 clkbuf_4_14_0_v_clk
 7.682113e-08 3.250213e-07 1.160222e-11 4.018541e-07 hold250
 1.631383e-07 2.373851e-07 6.984953e-12 4.005304e-07 clkbuf_4_13_0_v_clk
 1.620405e-07 2.378333e-07 6.984953e-12 3.998808e-07 clkbuf_4_7_0_v_clk
 4.207532e-08 3.577025e-07 1.065042e-11 3.997885e-07 fanout265
 7.386645e-08 3.255444e-07 4.502327e-12 3.994153e-07 fanout1531
 7.085453e-08 3.277492e-07 1.170759e-11 3.986155e-07 fanout976
 3.959944e-07 0.000000e+00 7.180985e-12 3.960016e-07 clkload10
 1.619374e-07 2.323663e-07 6.984953e-12 3.943106e-07 clkbuf_4_5_0_v_clk
 7.363312e-08 3.195408e-07 4.700198e-12 3.931787e-07 fanout1012
 7.447045e-08 3.175825e-07 4.502327e-12 3.920575e-07 fanout1519
 1.621675e-07 2.268431e-07 6.984953e-12 3.890175e-07 clkbuf_4_8_0_v_clk
 1.628717e-07 2.246927e-07 6.984953e-12 3.875714e-07 clkbuf_4_15_0_v_clk
 7.207068e-08 3.150427e-07 1.155451e-11 3.871249e-07 fanout923
 7.416924e-08 3.118177e-07 4.700198e-12 3.859917e-07 fanout1005
 7.367283e-08 3.121420e-07 4.700198e-12 3.858195e-07 fanout1007
 7.401628e-08 3.117043e-07 4.700198e-12 3.857253e-07 fanout1031
 7.385930e-08 3.118389e-07 4.700198e-12 3.857029e-07 fanout993
 5.984863e-08 3.256126e-07 1.307985e-11 3.854743e-07 fanout320
 7.411738e-08 3.112326e-07 4.700198e-12 3.853547e-07 fanout1069
 7.419087e-08 3.111174e-07 4.700198e-12 3.853130e-07 fanout1021
 1.627761e-07 2.224205e-07 6.984953e-12 3.852037e-07 clkbuf_4_12_0_v_clk
 7.361702e-08 3.111862e-07 4.700198e-12 3.848079e-07 fanout1039
 7.394423e-08 3.095854e-07 4.502327e-12 3.835341e-07 fanout1521
 8.540417e-08 2.967102e-07 7.391195e-12 3.821218e-07 fanout620
 7.370124e-08 3.080484e-07 4.502327e-12 3.817541e-07 fanout1420
 5.886095e-08 3.222810e-07 1.341348e-11 3.811554e-07 fanout1398
 7.336694e-08 3.075244e-07 4.700198e-12 3.808960e-07 fanout1059
 1.441926e-07 2.324258e-07 6.969870e-12 3.766254e-07 clkbuf_leaf_59_w_clk
 7.385479e-08 3.007969e-07 4.502327e-12 3.746562e-07 fanout1477
 7.373315e-08 3.008748e-07 4.502327e-12 3.746125e-07 fanout1423
 7.384900e-08 2.986863e-07 4.502327e-12 3.725398e-07 fanout1480
 7.367616e-08 2.982813e-07 4.502327e-12 3.719619e-07 fanout1465
 7.436319e-08 2.935124e-07 4.502327e-12 3.678801e-07 fanout1542
 7.459010e-08 2.931658e-07 4.700198e-12 3.677606e-07 fanout1057
 7.388826e-08 2.930826e-07 4.502327e-12 3.669753e-07 fanout1472
 7.422064e-08 2.920919e-07 4.700198e-12 3.663172e-07 fanout1053
 7.438081e-08 2.912773e-07 4.700198e-12 3.656628e-07 fanout1046
 7.450703e-08 2.910819e-07 4.502327e-12 3.655935e-07 fanout1506
 7.388969e-08 2.916775e-07 4.700198e-12 3.655718e-07 fanout1037
 7.433496e-08 2.905823e-07 4.502327e-12 3.649218e-07 fanout1440
 7.460942e-08 2.893457e-07 4.700198e-12 3.639598e-07 fanout1058
 5.921088e-08 3.029686e-07 1.302493e-11 3.621925e-07 fanout1568
 7.373700e-08 2.883289e-07 4.502327e-12 3.620704e-07 fanout1491
 7.432746e-08 2.836508e-07 4.502327e-12 3.579827e-07 fanout1425
 7.345923e-08 2.829458e-07 4.700198e-12 3.564097e-07 fanout1056
 7.442160e-08 2.816863e-07 4.502327e-12 3.561124e-07 fanout1510
 7.392146e-08 2.817961e-07 4.502327e-12 3.557220e-07 fanout1478
 4.313315e-08 3.122406e-07 4.429738e-12 3.553782e-07 fanout809
 7.428158e-08 2.807914e-07 4.700198e-12 3.550776e-07 fanout981
 1.625150e-07 1.922894e-07 6.984953e-12 3.548114e-07 clkbuf_leaf_202_v_clk
 7.439058e-08 2.801795e-07 4.700198e-12 3.545748e-07 fanout1062
 7.457892e-08 2.779110e-07 4.700198e-12 3.524947e-07 fanout1011
 7.448868e-08 2.777635e-07 4.700198e-12 3.522568e-07 fanout1019
 7.432322e-08 2.773127e-07 4.502327e-12 3.516404e-07 fanout1473
 7.347952e-08 2.776811e-07 4.700198e-12 3.511653e-07 fanout1060
 7.466758e-08 2.752651e-07 4.502327e-12 3.499372e-07 fanout1520
 6.002949e-08 2.894260e-07 6.951799e-12 3.494624e-07 fanout759
 7.465002e-08 2.746592e-07 4.700198e-12 3.493140e-07 fanout1068
 7.430592e-08 2.711152e-07 4.502327e-12 3.454256e-07 fanout1536
 1.624764e-07 1.825070e-07 6.984953e-12 3.449904e-07 clkbuf_leaf_217_v_clk
 7.500096e-08 2.697387e-07 4.700198e-12 3.447444e-07 fanout1071
 7.450613e-08 2.685650e-07 4.700198e-12 3.430758e-07 fanout1072
 7.446059e-08 2.681321e-07 4.700198e-12 3.425974e-07 fanout983
 1.630889e-07 1.786670e-07 6.984953e-12 3.417629e-07 clkbuf_leaf_9_v_clk
 1.617375e-07 1.779178e-07 6.984953e-12 3.396623e-07 clkbuf_leaf_154_v_clk
 1.623320e-07 1.773089e-07 6.984953e-12 3.396478e-07 clkbuf_leaf_40_v_clk
 1.623060e-07 1.767299e-07 6.984953e-12 3.390429e-07 clkbuf_leaf_38_v_clk
 1.625242e-07 1.759259e-07 6.984953e-12 3.384571e-07 clkbuf_leaf_210_v_clk
 7.411951e-08 2.627147e-07 4.502327e-12 3.368388e-07 fanout1518
 1.428983e-07 1.927100e-07 6.969870e-12 3.356152e-07 clkbuf_leaf_19_w_clk
 1.633836e-07 1.707313e-07 6.984953e-12 3.341219e-07 clkbuf_leaf_22_v_clk
 1.625455e-07 1.715222e-07 6.984953e-12 3.340747e-07 clkbuf_leaf_117_v_clk
 1.633130e-07 1.694753e-07 6.984953e-12 3.327953e-07 clkbuf_leaf_332_v_clk
 1.430361e-07 1.894649e-07 6.969870e-12 3.325080e-07 clkbuf_leaf_66_w_clk
 1.622515e-07 1.688953e-07 6.984953e-12 3.311538e-07 clkbuf_leaf_64_v_clk
 1.627704e-07 1.682922e-07 6.984953e-12 3.310696e-07 clkbuf_leaf_7_v_clk
 1.624553e-07 1.682731e-07 6.984953e-12 3.307354e-07 clkbuf_leaf_111_v_clk
 1.618875e-07 1.683459e-07 6.984953e-12 3.302405e-07 clkbuf_leaf_188_v_clk
 1.621380e-07 1.679733e-07 6.984953e-12 3.301183e-07 clkbuf_leaf_319_v_clk
 1.618911e-07 1.682067e-07 6.984953e-12 3.301048e-07 clkbuf_leaf_189_v_clk
 7.436990e-08 2.556858e-07 4.700198e-12 3.300604e-07 fanout1064
 1.622890e-07 1.669132e-07 6.984953e-12 3.292092e-07 clkbuf_leaf_204_v_clk
 1.618016e-07 1.668903e-07 6.984953e-12 3.286989e-07 clkbuf_leaf_301_v_clk
 1.620495e-07 1.663792e-07 6.984953e-12 3.284357e-07 clkbuf_leaf_222_v_clk
 1.622659e-07 1.660522e-07 6.984953e-12 3.283251e-07 clkbuf_leaf_208_v_clk
 1.614555e-07 1.667405e-07 6.984953e-12 3.282029e-07 clkbuf_leaf_34_v_clk
 7.424233e-08 2.534673e-07 4.700198e-12 3.277143e-07 fanout1000
 1.631921e-07 1.640405e-07 6.984953e-12 3.272396e-07 clkbuf_leaf_2_v_clk
 1.618107e-07 1.652623e-07 6.984953e-12 3.270800e-07 clkbuf_leaf_314_v_clk
 1.617989e-07 1.650224e-07 6.984953e-12 3.268282e-07 clkbuf_leaf_181_v_clk
 1.638415e-07 1.629304e-07 6.984953e-12 3.267789e-07 clkbuf_leaf_67_v_clk
 7.409593e-08 2.524006e-07 4.502327e-12 3.265011e-07 fanout1527
 1.617926e-07 1.646991e-07 6.984953e-12 3.264988e-07 clkbuf_leaf_190_v_clk
 1.428763e-07 1.835992e-07 6.969870e-12 3.264824e-07 clkbuf_leaf_60_w_clk
 7.392699e-08 2.517856e-07 1.160222e-11 3.257242e-07 fanout2048
 1.625955e-07 1.614604e-07 6.984953e-12 3.240630e-07 clkbuf_leaf_19_v_clk
 1.637447e-07 1.595693e-07 6.984953e-12 3.233210e-07 clkbuf_leaf_82_v_clk
 1.622523e-07 1.609135e-07 6.984953e-12 3.231728e-07 clkbuf_leaf_114_v_clk
 1.616718e-07 1.596833e-07 6.984953e-12 3.213621e-07 clkbuf_leaf_195_v_clk
 1.625479e-07 1.585284e-07 6.984953e-12 3.210833e-07 clkbuf_leaf_240_v_clk
 1.629937e-07 1.579850e-07 6.984953e-12 3.209857e-07 clkbuf_leaf_10_v_clk
 1.618205e-07 1.588556e-07 6.984953e-12 3.206831e-07 clkbuf_leaf_141_v_clk
 4.334819e-08 2.767809e-07 4.771839e-12 3.201339e-07 fanout794
 1.618256e-07 1.578225e-07 6.984953e-12 3.196551e-07 clkbuf_leaf_248_v_clk
 1.622007e-07 1.571906e-07 6.984953e-12 3.193982e-07 clkbuf_leaf_95_v_clk
 1.620193e-07 1.569869e-07 6.984953e-12 3.190132e-07 clkbuf_leaf_205_v_clk
 1.614718e-07 1.574048e-07 6.984953e-12 3.188836e-07 clkbuf_leaf_307_v_clk
 1.617547e-07 1.565048e-07 6.984953e-12 3.182665e-07 clkbuf_leaf_131_v_clk
 1.623347e-07 1.552987e-07 6.984953e-12 3.176403e-07 clkbuf_leaf_160_v_clk
 5.987752e-08 2.576999e-07 1.308775e-11 3.175905e-07 fanout294
 1.617624e-07 1.554242e-07 6.984953e-12 3.171936e-07 clkbuf_leaf_247_v_clk
 1.611777e-07 1.557509e-07 6.984953e-12 3.169356e-07 clkbuf_leaf_146_v_clk
 1.614351e-07 1.554571e-07 6.984953e-12 3.168992e-07 clkbuf_leaf_116_v_clk
 1.617301e-07 1.546146e-07 6.984953e-12 3.163517e-07 clkbuf_leaf_44_v_clk
 6.155987e-08 2.536976e-07 1.307299e-11 3.152705e-07 fanout329
 1.623663e-07 1.516107e-07 6.984953e-12 3.139840e-07 clkbuf_leaf_172_v_clk
 1.616812e-07 1.522225e-07 6.984953e-12 3.139107e-07 clkbuf_leaf_218_v_clk
 1.628217e-07 1.510534e-07 6.984953e-12 3.138821e-07 clkbuf_leaf_88_v_clk
 7.114160e-08 2.426796e-07 1.176079e-11 3.138330e-07 fanout2060
 1.622267e-07 1.513699e-07 6.984953e-12 3.136036e-07 clkbuf_leaf_171_v_clk
 1.614740e-07 1.519950e-07 6.984953e-12 3.134761e-07 clkbuf_leaf_198_v_clk
 1.628226e-07 1.506430e-07 6.984953e-12 3.134726e-07 clkbuf_leaf_0_v_clk
 1.610946e-07 1.521844e-07 6.984953e-12 3.132859e-07 clkbuf_leaf_36_v_clk
 1.616451e-07 1.515352e-07 6.984953e-12 3.131873e-07 clkbuf_leaf_42_v_clk
 1.616564e-07 1.515233e-07 6.984953e-12 3.131867e-07 clkbuf_leaf_220_v_clk
 1.610798e-07 1.519478e-07 6.984953e-12 3.130346e-07 clkbuf_leaf_18_v_clk
 1.615678e-07 1.511199e-07 6.984953e-12 3.126947e-07 clkbuf_leaf_285_v_clk
 1.618515e-07 1.508084e-07 6.984953e-12 3.126669e-07 clkbuf_leaf_206_v_clk
 1.617506e-07 1.508326e-07 6.984953e-12 3.125902e-07 clkbuf_leaf_55_v_clk
 1.629336e-07 1.494149e-07 6.984953e-12 3.123555e-07 clkbuf_leaf_158_v_clk
 1.619708e-07 1.495954e-07 6.984953e-12 3.115731e-07 clkbuf_leaf_103_v_clk
 1.623017e-07 1.491820e-07 6.984953e-12 3.114906e-07 clkbuf_leaf_179_v_clk
 1.610054e-07 1.503681e-07 6.984953e-12 3.113805e-07 clkbuf_leaf_139_v_clk
 1.614479e-07 1.497741e-07 6.984953e-12 3.112289e-07 clkbuf_leaf_236_v_clk
 1.634060e-07 1.476407e-07 6.984953e-12 3.110537e-07 clkbuf_leaf_66_v_clk
 1.622465e-07 1.485991e-07 6.984953e-12 3.108526e-07 clkbuf_leaf_3_v_clk
 6.576357e-08 2.450363e-07 1.219533e-11 3.108121e-07 max_cap589
 1.617041e-07 1.489211e-07 6.984953e-12 3.106321e-07 clkbuf_leaf_57_v_clk
 1.615669e-07 1.488050e-07 6.984953e-12 3.103789e-07 clkbuf_leaf_133_v_clk
 1.628776e-07 1.474063e-07 6.984953e-12 3.102909e-07 clkbuf_leaf_152_v_clk
 1.612358e-07 1.489200e-07 6.984953e-12 3.101628e-07 clkbuf_leaf_110_v_clk
 7.376146e-08 2.362450e-07 4.502327e-12 3.100110e-07 fanout1452
 6.215109e-08 2.473931e-07 1.232610e-11 3.095566e-07 fanout567
 1.613784e-07 1.478034e-07 6.984953e-12 3.091888e-07 clkbuf_leaf_193_v_clk
 1.612464e-07 1.478796e-07 6.984953e-12 3.091329e-07 clkbuf_leaf_122_v_clk
 1.422102e-07 1.668722e-07 6.969870e-12 3.090894e-07 clkbuf_leaf_25_w_clk
 1.423341e-07 1.666964e-07 6.969870e-12 3.090374e-07 clkbuf_leaf_219_w_clk
 1.613581e-07 1.476093e-07 6.984953e-12 3.089743e-07 clkbuf_leaf_324_v_clk
 1.423676e-07 1.665161e-07 6.969870e-12 3.088907e-07 clkbuf_leaf_64_w_clk
 6.750185e-08 2.412608e-07 1.156995e-11 3.087742e-07 fanout2052
 1.612288e-07 1.470695e-07 6.984953e-12 3.083052e-07 clkbuf_leaf_121_v_clk
 1.421837e-07 1.658034e-07 6.969870e-12 3.079940e-07 clkbuf_leaf_22_w_clk
 1.615112e-07 1.464115e-07 6.984953e-12 3.079297e-07 clkbuf_leaf_145_v_clk
 1.615809e-07 1.462999e-07 6.984953e-12 3.078878e-07 clkbuf_leaf_327_v_clk
 1.620657e-07 1.455816e-07 6.984953e-12 3.076544e-07 clkbuf_leaf_175_v_clk
 1.621848e-07 1.453385e-07 6.984953e-12 3.075303e-07 clkbuf_leaf_243_v_clk
 6.677904e-08 2.403966e-07 1.330055e-11 3.071889e-07 fanout971
 1.613132e-07 1.456889e-07 6.984953e-12 3.070091e-07 clkbuf_leaf_325_v_clk
 1.626273e-07 1.437031e-07 6.984953e-12 3.063374e-07 clkbuf_leaf_20_v_clk
 1.613000e-07 1.448883e-07 6.984953e-12 3.061953e-07 clkbuf_leaf_194_v_clk
 1.609141e-07 1.451470e-07 6.984953e-12 3.060680e-07 clkbuf_leaf_35_v_clk
 4.429876e-08 2.617090e-07 1.371930e-11 3.060215e-07 max_cap1316
 1.619977e-07 1.439444e-07 6.984953e-12 3.059491e-07 clkbuf_leaf_47_v_clk
 1.615974e-07 1.443293e-07 6.984953e-12 3.059338e-07 clkbuf_leaf_52_v_clk
 1.616473e-07 1.440664e-07 6.984953e-12 3.057207e-07 clkbuf_leaf_263_v_clk
 1.620103e-07 1.434171e-07 6.984953e-12 3.054344e-07 clkbuf_leaf_164_v_clk
 1.625932e-07 1.425186e-07 6.984953e-12 3.051188e-07 clkbuf_leaf_1_v_clk
 1.614434e-07 1.436077e-07 6.984953e-12 3.050581e-07 clkbuf_leaf_41_v_clk
 1.608768e-07 1.439996e-07 6.984953e-12 3.048834e-07 clkbuf_leaf_24_v_clk
 1.615689e-07 1.432912e-07 6.984953e-12 3.048671e-07 clkbuf_leaf_61_v_clk
 1.617981e-07 1.428977e-07 6.984953e-12 3.047028e-07 clkbuf_leaf_293_v_clk
 1.420968e-07 1.623493e-07 6.969870e-12 3.044531e-07 clkbuf_leaf_20_w_clk
 1.615620e-07 1.427942e-07 6.984953e-12 3.043632e-07 clkbuf_leaf_63_v_clk
 1.625576e-07 1.417618e-07 6.984953e-12 3.043264e-07 clkbuf_leaf_337_v_clk
 1.611562e-07 1.430752e-07 6.984953e-12 3.042384e-07 clkbuf_leaf_311_v_clk
 1.613148e-07 1.426706e-07 6.984953e-12 3.039925e-07 clkbuf_leaf_281_v_clk
 1.614162e-07 1.424341e-07 6.984953e-12 3.038573e-07 clkbuf_leaf_221_v_clk
 7.461712e-08 2.292152e-07 4.502327e-12 3.038368e-07 fanout1535
 1.608406e-07 1.424901e-07 6.984953e-12 3.033378e-07 clkbuf_leaf_25_v_clk
 1.615840e-07 1.416548e-07 6.984953e-12 3.032459e-07 clkbuf_leaf_264_v_clk
 1.612416e-07 1.419616e-07 6.984953e-12 3.032102e-07 clkbuf_leaf_229_v_clk
 1.612162e-07 1.419380e-07 6.984953e-12 3.031612e-07 clkbuf_leaf_196_v_clk
 1.614596e-07 1.416812e-07 6.984953e-12 3.031478e-07 clkbuf_leaf_322_v_clk
 1.625207e-07 1.404222e-07 6.984953e-12 3.029499e-07 clkbuf_leaf_335_v_clk
 1.608555e-07 1.420850e-07 6.984953e-12 3.029475e-07 clkbuf_leaf_32_v_clk
 1.620212e-07 1.407428e-07 6.984953e-12 3.027709e-07 clkbuf_leaf_4_v_clk
 1.617614e-07 1.408304e-07 6.984953e-12 3.025988e-07 clkbuf_leaf_295_v_clk
 1.617212e-07 1.406677e-07 6.984953e-12 3.023959e-07 clkbuf_leaf_108_v_clk
 1.615858e-07 1.405783e-07 6.984953e-12 3.021711e-07 clkbuf_leaf_203_v_clk
 4.244308e-08 2.594698e-07 1.065042e-11 3.019235e-07 fanout1243
 1.620312e-07 1.395693e-07 6.984953e-12 3.016075e-07 clkbuf_leaf_170_v_clk
 1.618660e-07 1.393148e-07 6.984953e-12 3.011878e-07 clkbuf_leaf_71_v_clk
 1.623345e-07 1.388011e-07 6.984953e-12 3.011426e-07 clkbuf_leaf_93_v_clk
 1.620127e-07 1.391143e-07 6.984953e-12 3.011340e-07 clkbuf_leaf_242_v_clk
 4.291089e-08 2.582076e-07 1.365031e-11 3.011321e-07 fanout896
 1.610536e-07 1.399869e-07 6.984953e-12 3.010475e-07 clkbuf_leaf_309_v_clk
 1.619714e-07 1.390423e-07 6.984953e-12 3.010206e-07 clkbuf_leaf_15_v_clk
 5.321895e-08 2.477346e-07 1.359745e-11 3.009672e-07 max_cap1383
 1.613353e-07 1.394874e-07 6.984953e-12 3.008297e-07 clkbuf_leaf_28_v_clk
 1.608018e-07 1.399218e-07 6.984953e-12 3.007305e-07 clkbuf_leaf_31_v_clk
 1.421043e-07 1.585502e-07 6.969870e-12 3.006615e-07 clkbuf_leaf_221_w_clk
 1.624696e-07 1.380397e-07 6.984953e-12 3.005163e-07 clkbuf_leaf_21_v_clk
 1.616799e-07 1.386273e-07 6.984953e-12 3.003142e-07 clkbuf_leaf_105_v_clk
 1.613254e-07 1.389262e-07 6.984953e-12 3.002585e-07 clkbuf_leaf_219_v_clk
 1.611620e-07 1.389453e-07 6.984953e-12 3.001143e-07 clkbuf_leaf_238_v_clk
 1.618317e-07 1.380303e-07 6.984953e-12 2.998690e-07 clkbuf_leaf_49_v_clk
 1.610147e-07 1.386700e-07 6.984953e-12 2.996917e-07 clkbuf_leaf_308_v_clk
 1.613063e-07 1.381102e-07 6.984953e-12 2.994236e-07 clkbuf_leaf_215_v_clk
 5.842421e-08 2.408549e-07 1.310937e-11 2.992923e-07 fanout522
 1.611010e-07 1.380067e-07 6.984953e-12 2.991147e-07 clkbuf_leaf_191_v_clk
 1.613047e-07 1.377179e-07 6.984953e-12 2.990296e-07 clkbuf_leaf_223_v_clk
 1.607003e-07 1.379584e-07 6.984953e-12 2.986657e-07 clkbuf_leaf_140_v_clk
 1.611367e-07 1.374440e-07 6.984953e-12 2.985877e-07 clkbuf_leaf_234_v_clk
 1.418159e-07 1.565627e-07 6.969870e-12 2.983855e-07 clkbuf_leaf_76_w_clk
 1.607258e-07 1.373785e-07 6.984953e-12 2.981114e-07 clkbuf_leaf_159_v_clk
 1.613930e-07 1.366787e-07 6.984953e-12 2.980786e-07 clkbuf_leaf_53_v_clk
 1.612613e-07 1.367241e-07 6.984953e-12 2.979924e-07 clkbuf_leaf_129_v_clk
 1.619314e-07 1.359668e-07 6.984953e-12 2.979052e-07 clkbuf_leaf_255_v_clk
 1.623652e-07 1.354936e-07 6.984953e-12 2.978658e-07 clkbuf_leaf_331_v_clk
 1.607053e-07 1.370048e-07 6.984953e-12 2.977171e-07 clkbuf_leaf_134_v_clk
 1.616819e-07 1.360020e-07 6.984953e-12 2.976909e-07 clkbuf_leaf_272_v_clk
 1.613654e-07 1.362879e-07 6.984953e-12 2.976602e-07 clkbuf_leaf_56_v_clk
 1.617972e-07 1.358064e-07 6.984953e-12 2.976106e-07 clkbuf_leaf_174_v_clk
 1.420151e-07 1.554430e-07 6.969870e-12 2.974651e-07 clkbuf_leaf_214_w_clk
 1.617923e-07 1.355192e-07 6.984953e-12 2.973185e-07 clkbuf_leaf_161_v_clk
 1.616629e-07 1.355780e-07 6.984953e-12 2.972479e-07 clkbuf_leaf_253_v_clk
 1.616790e-07 1.354188e-07 6.984953e-12 2.971048e-07 clkbuf_leaf_286_v_clk
 1.610074e-07 1.359314e-07 6.984953e-12 2.969459e-07 clkbuf_leaf_302_v_clk
 1.606837e-07 1.359755e-07 6.984953e-12 2.966662e-07 clkbuf_leaf_54_v_clk
 1.615952e-07 1.349975e-07 6.984953e-12 2.965997e-07 clkbuf_leaf_106_v_clk
 1.610466e-07 1.355080e-07 6.984953e-12 2.965616e-07 clkbuf_leaf_197_v_clk
 1.625725e-07 1.339243e-07 6.984953e-12 2.965038e-07 clkbuf_leaf_77_v_clk
 2.960365e-07 0.000000e+00 1.137269e-11 2.960479e-07 clkload16
 1.621883e-07 1.335873e-07 6.984953e-12 2.957826e-07 clkbuf_leaf_96_v_clk
 1.624772e-07 1.332072e-07 6.984953e-12 2.956914e-07 clkbuf_leaf_151_v_clk
 1.608851e-07 1.346768e-07 6.984953e-12 2.955689e-07 clkbuf_leaf_109_v_clk
 1.606469e-07 1.347005e-07 6.984953e-12 2.953543e-07 clkbuf_leaf_149_v_clk
 1.621645e-07 1.326439e-07 6.984953e-12 2.948154e-07 clkbuf_leaf_98_v_clk
 1.623056e-07 1.322594e-07 6.984953e-12 2.945721e-07 clkbuf_leaf_342_v_clk
 1.613514e-07 1.330695e-07 6.984953e-12 2.944279e-07 clkbuf_leaf_262_v_clk
 1.608756e-07 1.334996e-07 6.984953e-12 2.943822e-07 clkbuf_leaf_119_v_clk
 1.610061e-07 1.333447e-07 6.984953e-12 2.943578e-07 clkbuf_leaf_192_v_clk
 1.617064e-07 1.323970e-07 6.984953e-12 2.941104e-07 clkbuf_leaf_163_v_clk
 1.610904e-07 1.326676e-07 6.984953e-12 2.937650e-07 clkbuf_leaf_274_v_clk
 1.612041e-07 1.324368e-07 6.984953e-12 2.936479e-07 clkbuf_leaf_320_v_clk
 1.616644e-07 1.319030e-07 6.984953e-12 2.935744e-07 clkbuf_leaf_46_v_clk
 1.618203e-07 1.316979e-07 6.984953e-12 2.935252e-07 clkbuf_leaf_176_v_clk
 1.616624e-07 1.318141e-07 6.984953e-12 2.934835e-07 clkbuf_leaf_50_v_clk
 1.615572e-07 1.319071e-07 6.984953e-12 2.934713e-07 clkbuf_leaf_284_v_clk
 1.621237e-07 1.313253e-07 6.984953e-12 2.934560e-07 clkbuf_leaf_94_v_clk
 4.344857e-08 2.497512e-07 4.771839e-12 2.932046e-07 fanout785
 1.622628e-07 1.308940e-07 6.984953e-12 2.931639e-07 clkbuf_leaf_92_v_clk
 1.622269e-07 1.305387e-07 6.984953e-12 2.927727e-07 clkbuf_leaf_11_v_clk
 6.352630e-08 2.291130e-07 1.323843e-11 2.926525e-07 fanout1556
 5.756279e-08 2.350213e-07 1.349105e-11 2.925976e-07 fanout1377
 3.222144e-08 2.603154e-07 7.006463e-12 2.925439e-07 max_cap782
 1.624537e-07 1.299829e-07 6.984953e-12 2.924436e-07 clkbuf_leaf_80_v_clk
 1.609684e-07 1.313526e-07 6.984953e-12 2.923280e-07 clkbuf_leaf_230_v_clk
 4.324645e-08 2.490530e-07 4.771839e-12 2.923043e-07 fanout801
 1.612909e-07 1.309460e-07 6.984953e-12 2.922438e-07 clkbuf_leaf_278_v_clk
 1.612856e-07 1.307722e-07 6.984953e-12 2.920648e-07 clkbuf_leaf_270_v_clk
 1.605851e-07 1.313880e-07 6.984953e-12 2.919801e-07 clkbuf_leaf_29_v_clk
 1.617671e-07 1.301426e-07 6.984953e-12 2.919167e-07 clkbuf_leaf_254_v_clk
 1.614512e-07 1.303717e-07 6.984953e-12 2.918299e-07 clkbuf_leaf_104_v_clk
 1.617660e-07 1.297537e-07 6.984953e-12 2.915267e-07 clkbuf_leaf_173_v_clk
 1.417543e-07 1.496357e-07 6.969870e-12 2.913970e-07 clkbuf_leaf_65_w_clk
 1.609452e-07 1.303092e-07 6.984953e-12 2.912614e-07 clkbuf_leaf_231_v_clk
 1.621857e-07 1.289635e-07 6.984953e-12 2.911562e-07 clkbuf_leaf_329_v_clk
 2.528466e-08 2.656319e-07 6.902504e-12 2.909235e-07 fanout614
 1.611231e-07 1.297927e-07 6.984953e-12 2.909228e-07 clkbuf_leaf_316_v_clk
 1.623338e-07 1.281080e-07 6.984953e-12 2.904488e-07 clkbuf_leaf_155_v_clk
 1.611191e-07 1.292992e-07 6.984953e-12 2.904253e-07 clkbuf_leaf_303_v_clk
 1.615102e-07 1.289065e-07 6.984953e-12 2.904237e-07 clkbuf_leaf_298_v_clk
 1.605047e-07 1.298589e-07 6.984953e-12 2.903706e-07 clkbuf_leaf_136_v_clk
 1.609951e-07 1.293374e-07 6.984953e-12 2.903395e-07 clkbuf_leaf_294_v_clk
 1.418363e-07 1.483762e-07 6.969870e-12 2.902194e-07 clkbuf_leaf_6_w_clk
 1.417491e-07 1.483123e-07 6.969870e-12 2.900684e-07 clkbuf_leaf_134_w_clk
 1.419126e-07 1.480419e-07 6.969870e-12 2.899614e-07 clkbuf_leaf_70_w_clk
 1.611732e-07 1.287265e-07 6.984953e-12 2.899067e-07 clkbuf_leaf_60_v_clk
 1.610960e-07 1.287065e-07 6.984953e-12 2.898095e-07 clkbuf_leaf_318_v_clk
 1.615822e-07 1.278826e-07 6.984953e-12 2.894718e-07 clkbuf_leaf_166_v_clk
 1.415751e-07 1.475436e-07 6.969870e-12 2.891257e-07 clkbuf_leaf_77_w_clk
 1.610325e-07 1.280664e-07 6.984953e-12 2.891058e-07 clkbuf_leaf_17_v_clk
 1.608952e-07 1.281788e-07 6.984953e-12 2.890810e-07 clkbuf_leaf_233_v_clk
 1.614251e-07 1.269626e-07 6.984953e-12 2.883946e-07 clkbuf_leaf_249_v_clk
 1.419567e-07 1.463875e-07 6.969870e-12 2.883512e-07 clkbuf_leaf_248_w_clk
 1.608682e-07 1.274457e-07 6.984953e-12 2.883209e-07 clkbuf_leaf_237_v_clk
 1.612206e-07 1.270621e-07 6.984953e-12 2.882897e-07 clkbuf_leaf_207_v_clk
 1.620486e-07 1.259857e-07 6.984953e-12 2.880413e-07 clkbuf_leaf_321_v_clk
 1.611901e-07 1.267598e-07 6.984953e-12 2.879569e-07 clkbuf_leaf_212_v_clk
 1.412743e-07 1.464739e-07 6.969870e-12 2.877551e-07 clkbuf_leaf_290_w_clk
 1.615572e-07 1.260825e-07 6.984953e-12 2.876467e-07 clkbuf_leaf_13_v_clk
 1.620211e-07 1.255676e-07 6.984953e-12 2.875958e-07 clkbuf_leaf_91_v_clk
 1.611548e-07 1.263468e-07 6.984953e-12 2.875086e-07 clkbuf_leaf_211_v_clk
 1.611422e-07 1.261053e-07 6.984953e-12 2.872545e-07 clkbuf_leaf_209_v_clk
 1.619776e-07 1.252449e-07 6.984953e-12 2.872295e-07 clkbuf_leaf_333_v_clk
 1.604011e-07 1.267018e-07 6.984953e-12 2.871099e-07 clkbuf_leaf_138_v_clk
 1.607691e-07 1.263328e-07 6.984953e-12 2.871088e-07 clkbuf_leaf_200_v_clk
 1.607575e-07 1.257986e-07 6.984953e-12 2.865631e-07 clkbuf_leaf_225_v_clk
 1.603866e-07 1.260121e-07 6.984953e-12 2.864057e-07 clkbuf_leaf_153_v_clk
 1.416500e-07 1.447467e-07 6.969870e-12 2.864037e-07 clkbuf_leaf_250_w_clk
 1.612448e-07 1.250074e-07 6.984953e-12 2.862592e-07 clkbuf_leaf_282_v_clk
 1.614609e-07 1.244567e-07 6.984953e-12 2.859246e-07 clkbuf_leaf_180_v_clk
 1.607472e-07 1.251526e-07 6.984953e-12 2.859068e-07 clkbuf_leaf_287_v_clk
 1.620766e-07 1.238051e-07 6.984953e-12 2.858887e-07 clkbuf_leaf_75_v_clk
 1.607003e-07 1.251307e-07 6.984953e-12 2.858380e-07 clkbuf_leaf_227_v_clk
 1.603388e-07 1.254514e-07 6.984953e-12 2.857972e-07 clkbuf_leaf_27_v_clk
 1.605466e-07 1.250811e-07 6.984953e-12 2.856347e-07 clkbuf_leaf_123_v_clk
 1.618283e-07 1.237801e-07 6.984953e-12 2.856154e-07 clkbuf_leaf_328_v_clk
 1.618227e-07 1.236991e-07 6.984953e-12 2.855287e-07 clkbuf_leaf_330_v_clk
 1.611591e-07 1.239614e-07 6.984953e-12 2.851275e-07 clkbuf_leaf_258_v_clk
 1.415984e-07 1.434031e-07 6.969870e-12 2.850085e-07 clkbuf_leaf_9_w_clk
 1.607988e-07 1.240204e-07 6.984953e-12 2.848262e-07 clkbuf_leaf_317_v_clk
 1.414760e-07 1.432815e-07 6.969870e-12 2.847645e-07 clkbuf_leaf_57_w_clk
 1.617402e-07 1.227386e-07 6.984953e-12 2.844858e-07 clkbuf_leaf_8_v_clk
 1.415743e-07 1.427442e-07 6.969870e-12 2.843255e-07 clkbuf_leaf_16_w_clk
 1.607234e-07 1.235715e-07 6.984953e-12 2.843018e-07 clkbuf_leaf_216_v_clk
 1.415632e-07 1.422347e-07 6.969870e-12 2.838049e-07 clkbuf_leaf_17_w_clk
 1.610311e-07 1.224154e-07 6.984953e-12 2.834535e-07 clkbuf_leaf_250_v_clk
 1.618318e-07 1.215801e-07 6.984953e-12 2.834189e-07 clkbuf_leaf_187_v_clk
 3.728261e-08 2.461130e-07 6.919821e-12 2.834026e-07 fanout552
 1.607535e-07 1.224500e-07 6.984953e-12 2.832106e-07 clkbuf_leaf_62_v_clk
 1.601276e-07 1.230709e-07 6.984953e-12 2.832055e-07 clkbuf_leaf_142_v_clk
 1.612031e-07 1.219397e-07 6.984953e-12 2.831498e-07 clkbuf_leaf_14_v_clk
 1.414319e-07 1.416465e-07 6.969870e-12 2.830853e-07 clkbuf_leaf_75_w_clk
 1.607218e-07 1.222484e-07 6.984953e-12 2.829772e-07 clkbuf_leaf_59_v_clk
 1.617979e-07 1.211683e-07 6.984953e-12 2.829732e-07 clkbuf_leaf_168_v_clk
 1.603299e-07 1.225757e-07 6.984953e-12 2.829126e-07 clkbuf_leaf_305_v_clk
 1.603215e-07 1.224953e-07 6.984953e-12 2.828239e-07 clkbuf_leaf_306_v_clk
 1.611806e-07 1.214526e-07 6.984953e-12 2.826401e-07 clkbuf_leaf_256_v_clk
 1.603176e-07 1.219535e-07 6.984953e-12 2.822782e-07 clkbuf_leaf_125_v_clk
 1.611494e-07 1.208982e-07 6.984953e-12 2.820546e-07 clkbuf_leaf_183_v_clk
 1.602540e-07 1.217066e-07 6.984953e-12 2.819676e-07 clkbuf_leaf_304_v_clk
 1.617433e-07 1.201730e-07 6.984953e-12 2.819232e-07 clkbuf_leaf_74_v_clk
 1.417719e-07 1.400325e-07 6.969870e-12 2.818113e-07 clkbuf_leaf_236_w_clk
 1.610712e-07 1.207006e-07 6.984953e-12 2.817788e-07 clkbuf_leaf_341_v_clk
 1.606731e-07 1.210158e-07 6.984953e-12 2.816960e-07 clkbuf_leaf_260_v_clk
 1.604845e-07 1.211586e-07 6.984953e-12 2.816501e-07 clkbuf_leaf_137_v_clk
 1.621068e-07 1.194887e-07 6.984953e-12 2.816025e-07 clkbuf_leaf_68_v_clk
 1.610793e-07 1.200729e-07 6.984953e-12 2.811592e-07 clkbuf_leaf_178_v_clk
 1.614728e-07 1.196095e-07 6.984953e-12 2.810893e-07 clkbuf_leaf_334_v_clk
 1.604218e-07 1.200706e-07 6.984953e-12 2.804994e-07 clkbuf_leaf_226_v_clk
 4.175223e-08 2.387195e-07 1.065042e-11 2.804823e-07 fanout264
 1.613874e-07 1.186287e-07 6.984953e-12 2.800230e-07 clkbuf_leaf_78_v_clk
 1.603378e-07 1.193369e-07 6.984953e-12 2.796817e-07 clkbuf_leaf_132_v_clk
 1.606838e-07 1.184019e-07 6.984953e-12 2.790927e-07 clkbuf_leaf_245_v_clk
 1.603015e-07 1.187342e-07 6.984953e-12 2.790426e-07 clkbuf_leaf_16_v_clk
 1.604244e-07 1.186089e-07 6.984953e-12 2.790403e-07 clkbuf_leaf_65_v_clk
 1.608832e-07 1.179923e-07 6.984953e-12 2.788825e-07 clkbuf_leaf_246_v_clk
 1.413613e-07 1.371284e-07 6.969870e-12 2.784966e-07 clkbuf_leaf_201_w_clk
 1.597283e-07 1.182939e-07 6.984953e-12 2.780291e-07 clkbuf_leaf_144_v_clk
 1.415246e-07 1.363337e-07 6.969870e-12 2.778652e-07 clkbuf_leaf_200_w_clk
 1.600104e-07 1.174909e-07 6.984953e-12 2.775083e-07 clkbuf_leaf_313_v_clk
 1.603429e-07 1.171232e-07 6.984953e-12 2.774730e-07 clkbuf_leaf_266_v_clk
 1.604601e-07 1.168289e-07 6.984953e-12 2.772960e-07 clkbuf_leaf_115_v_clk
 1.409779e-07 1.359742e-07 6.969870e-12 2.769591e-07 clkbuf_leaf_279_w_clk
 1.601208e-07 1.166076e-07 6.984953e-12 2.767355e-07 clkbuf_leaf_130_v_clk
 1.610839e-07 1.151988e-07 6.984953e-12 2.762897e-07 clkbuf_leaf_89_v_clk
 1.598386e-07 1.162742e-07 6.984953e-12 2.761198e-07 clkbuf_leaf_120_v_clk
 1.600637e-07 1.157280e-07 6.984953e-12 2.757987e-07 clkbuf_leaf_128_v_clk
 1.599862e-07 1.157297e-07 6.984953e-12 2.757228e-07 clkbuf_leaf_276_v_clk
 1.604069e-07 1.151855e-07 6.984953e-12 2.755994e-07 clkbuf_leaf_244_v_clk
 1.604611e-07 1.147766e-07 6.984953e-12 2.752448e-07 clkbuf_leaf_70_v_clk
 1.412232e-07 1.340098e-07 6.969870e-12 2.752400e-07 clkbuf_leaf_78_w_clk
 1.605856e-07 1.144459e-07 6.984953e-12 2.750384e-07 clkbuf_leaf_177_v_clk
 1.594812e-07 1.151158e-07 6.984953e-12 2.746040e-07 clkbuf_leaf_147_v_clk
 1.598887e-07 1.146522e-07 6.984953e-12 2.745479e-07 clkbuf_leaf_277_v_clk
 1.414865e-07 1.329659e-07 6.969870e-12 2.744593e-07 clkbuf_leaf_68_w_clk
 1.598816e-07 1.144014e-07 6.984953e-12 2.742899e-07 clkbuf_leaf_273_v_clk
 1.597885e-07 1.142113e-07 6.984953e-12 2.740068e-07 clkbuf_leaf_232_v_clk
 1.415614e-07 1.324255e-07 6.969870e-12 2.739938e-07 clkbuf_leaf_160_w_clk
 1.610074e-07 1.125326e-07 6.984953e-12 2.735470e-07 clkbuf_leaf_182_v_clk
 1.604239e-07 1.127716e-07 6.984953e-12 2.732025e-07 clkbuf_leaf_252_v_clk
 1.609462e-07 1.121724e-07 6.984953e-12 2.731255e-07 clkbuf_leaf_150_v_clk
 1.609847e-07 1.118858e-07 6.984953e-12 2.728775e-07 clkbuf_leaf_79_v_clk
 6.496898e-08 2.075099e-07 1.140726e-11 2.724903e-07 fanout2036
 1.606396e-07 1.117845e-07 6.984953e-12 2.724311e-07 clkbuf_leaf_100_v_clk
 1.598845e-07 1.124050e-07 6.984953e-12 2.722965e-07 clkbuf_leaf_58_v_clk
 1.601693e-07 1.120846e-07 6.984953e-12 2.722609e-07 clkbuf_leaf_269_v_clk
 1.415082e-07 1.304984e-07 6.969870e-12 2.720136e-07 clkbuf_leaf_275_w_clk
 1.602018e-07 1.117374e-07 6.984953e-12 2.719461e-07 clkbuf_leaf_51_v_clk
 1.411811e-07 1.306629e-07 6.969870e-12 2.718510e-07 clkbuf_leaf_203_w_clk
 1.600298e-07 1.117776e-07 6.984953e-12 2.718144e-07 clkbuf_leaf_290_v_clk
 1.612321e-07 1.101609e-07 6.984953e-12 2.714000e-07 clkbuf_leaf_83_v_clk
 1.411575e-07 1.301664e-07 6.969870e-12 2.713308e-07 clkbuf_leaf_207_w_clk
 1.606433e-07 1.102998e-07 6.984953e-12 2.709501e-07 clkbuf_leaf_90_v_clk
 1.596587e-07 1.112446e-07 6.984953e-12 2.709104e-07 clkbuf_leaf_143_v_clk
 1.607346e-07 1.095372e-07 6.984953e-12 2.702788e-07 clkbuf_leaf_184_v_clk
 1.594887e-07 1.106223e-07 6.984953e-12 2.701181e-07 clkbuf_leaf_235_v_clk
 1.593696e-07 1.105193e-07 6.984953e-12 2.698958e-07 clkbuf_leaf_124_v_clk
 1.605504e-07 1.093188e-07 6.984953e-12 2.698762e-07 clkbuf_leaf_87_v_clk
 1.595128e-07 1.103407e-07 6.984953e-12 2.698605e-07 clkbuf_leaf_280_v_clk
 1.600476e-07 1.096727e-07 6.984953e-12 2.697273e-07 clkbuf_leaf_162_v_clk
 1.593541e-07 1.103622e-07 6.984953e-12 2.697232e-07 clkbuf_leaf_315_v_clk
 1.605294e-07 1.091777e-07 6.984953e-12 2.697141e-07 clkbuf_leaf_338_v_clk
 1.412180e-07 1.282944e-07 6.969870e-12 2.695193e-07 clkbuf_leaf_133_w_clk
 1.598753e-07 1.093170e-07 6.984953e-12 2.691993e-07 clkbuf_leaf_297_v_clk
 1.596912e-07 1.094275e-07 6.984953e-12 2.691256e-07 clkbuf_leaf_275_v_clk
 4.135550e-08 2.277174e-07 4.332065e-12 2.690772e-07 fanout1040
 1.596808e-07 1.093470e-07 6.984953e-12 2.690348e-07 clkbuf_leaf_259_v_clk
 1.594494e-07 1.095145e-07 6.984953e-12 2.689709e-07 clkbuf_leaf_279_v_clk
 1.412120e-07 1.277228e-07 6.969870e-12 2.689418e-07 clkbuf_leaf_121_w_clk
 1.411052e-07 1.278252e-07 6.969870e-12 2.689373e-07 clkbuf_leaf_204_w_clk
 1.412146e-07 1.276767e-07 6.969870e-12 2.688982e-07 clkbuf_leaf_132_w_clk
 1.590567e-07 1.097894e-07 6.984953e-12 2.688531e-07 clkbuf_leaf_127_v_clk
 1.414107e-07 1.270156e-07 6.969870e-12 2.684333e-07 clkbuf_leaf_170_w_clk
 1.590298e-07 1.093731e-07 6.984953e-12 2.684100e-07 clkbuf_leaf_30_v_clk
 1.411567e-07 1.270925e-07 6.969870e-12 2.682562e-07 clkbuf_leaf_7_w_clk
 1.600195e-07 1.081403e-07 6.984953e-12 2.681668e-07 clkbuf_leaf_241_v_clk
 1.602669e-07 1.076306e-07 6.984953e-12 2.679045e-07 clkbuf_leaf_101_v_clk
 4.160754e-08 2.261564e-07 3.977075e-12 2.677679e-07 fanout1444
 1.412445e-07 1.264880e-07 6.969870e-12 2.677395e-07 clkbuf_leaf_215_w_clk
 1.593912e-07 1.080463e-07 6.984953e-12 2.674445e-07 clkbuf_leaf_135_v_clk
 1.589368e-07 1.084455e-07 6.984953e-12 2.673893e-07 clkbuf_leaf_23_v_clk
 1.594267e-07 1.078634e-07 6.984953e-12 2.672971e-07 clkbuf_leaf_310_v_clk
 1.596480e-07 1.073936e-07 6.984953e-12 2.670485e-07 clkbuf_leaf_292_v_clk
 1.592296e-07 1.075170e-07 6.984953e-12 2.667535e-07 clkbuf_leaf_224_v_clk
 1.412227e-07 1.254343e-07 6.969870e-12 2.666640e-07 clkbuf_leaf_294_w_clk
 1.604430e-07 1.059493e-07 6.984953e-12 2.663992e-07 clkbuf_leaf_73_v_clk
 1.411181e-07 1.252477e-07 6.969870e-12 2.663727e-07 clkbuf_leaf_27_w_clk
 1.601406e-07 1.062157e-07 6.984953e-12 2.663634e-07 clkbuf_leaf_102_v_clk
 1.591689e-07 1.068740e-07 6.984953e-12 2.660499e-07 clkbuf_leaf_228_v_clk
 1.411247e-07 1.248488e-07 6.969870e-12 2.659804e-07 clkbuf_leaf_254_w_clk
 1.596517e-07 1.062987e-07 6.984953e-12 2.659574e-07 clkbuf_leaf_288_v_clk
 1.589995e-07 1.068623e-07 6.984953e-12 2.658688e-07 clkbuf_leaf_112_v_clk
 1.594521e-07 1.063733e-07 6.984953e-12 2.658324e-07 clkbuf_leaf_201_v_clk
 1.593127e-07 1.063716e-07 6.984953e-12 2.656912e-07 clkbuf_leaf_312_v_clk
 6.456655e-08 2.006547e-07 1.323843e-11 2.652345e-07 fanout1547
 1.410101e-07 1.241309e-07 6.969870e-12 2.651479e-07 clkbuf_leaf_212_w_clk
 1.413395e-07 1.237337e-07 6.969870e-12 2.650801e-07 clkbuf_leaf_243_w_clk
 1.411046e-07 1.235720e-07 6.969870e-12 2.646835e-07 clkbuf_leaf_149_w_clk
 1.413112e-07 1.230821e-07 6.969870e-12 2.644003e-07 clkbuf_leaf_168_w_clk
 1.599798e-07 1.043678e-07 6.984953e-12 2.643546e-07 clkbuf_leaf_97_v_clk
 1.413156e-07 1.229984e-07 6.969870e-12 2.643209e-07 clkbuf_leaf_240_w_clk
 1.594159e-07 1.046817e-07 6.984953e-12 2.641046e-07 clkbuf_leaf_291_v_clk
 1.411575e-07 1.225817e-07 6.969870e-12 2.637462e-07 clkbuf_leaf_218_w_clk
 1.412841e-07 1.222458e-07 6.969870e-12 2.635369e-07 clkbuf_leaf_169_w_clk
 1.416097e-07 1.217139e-07 6.969870e-12 2.633306e-07 clkbuf_leaf_151_w_clk
 1.598843e-07 1.033106e-07 6.984953e-12 2.632019e-07 clkbuf_leaf_99_v_clk
 1.596096e-07 1.033484e-07 6.984953e-12 2.629650e-07 clkbuf_leaf_213_v_clk
 1.589932e-07 1.038911e-07 6.984953e-12 2.628913e-07 clkbuf_leaf_296_v_clk
 1.591931e-07 1.036130e-07 6.984953e-12 2.628132e-07 clkbuf_leaf_265_v_clk
 1.591740e-07 1.034421e-07 6.984953e-12 2.626231e-07 clkbuf_leaf_268_v_clk
 1.594371e-07 1.029663e-07 6.984953e-12 2.624104e-07 clkbuf_leaf_72_v_clk
 1.409271e-07 1.214027e-07 6.969870e-12 2.623368e-07 clkbuf_leaf_209_w_clk
 1.585568e-07 1.037611e-07 6.984953e-12 2.623250e-07 clkbuf_leaf_37_v_clk
 1.406128e-07 1.208416e-07 6.969870e-12 2.614614e-07 clkbuf_leaf_278_w_clk
 1.411500e-07 1.200624e-07 6.969870e-12 2.612194e-07 clkbuf_leaf_69_w_clk
 1.584513e-07 1.024161e-07 6.984953e-12 2.608744e-07 clkbuf_leaf_33_v_clk
 1.409788e-07 1.198037e-07 6.969870e-12 2.607894e-07 clkbuf_leaf_10_w_clk
 1.585847e-07 1.016312e-07 6.984953e-12 2.602229e-07 clkbuf_leaf_118_v_clk
 1.409716e-07 1.188821e-07 6.969870e-12 2.598607e-07 clkbuf_leaf_56_w_clk
 1.585349e-07 1.012617e-07 6.984953e-12 2.598036e-07 clkbuf_leaf_113_v_clk
 1.410382e-07 1.187496e-07 6.969870e-12 2.597948e-07 clkbuf_leaf_216_w_clk
 1.595950e-07 1.001291e-07 6.984953e-12 2.597311e-07 clkbuf_leaf_85_v_clk
 1.598511e-07 9.985528e-08 6.984953e-12 2.597133e-07 clkbuf_leaf_186_v_clk
 1.598485e-07 9.981937e-08 6.984953e-12 2.596749e-07 clkbuf_leaf_185_v_clk
 1.592970e-07 1.003216e-07 6.984953e-12 2.596257e-07 clkbuf_leaf_6_v_clk
 1.409634e-07 1.183176e-07 6.969870e-12 2.592880e-07 clkbuf_leaf_53_w_clk
 1.409213e-07 1.182217e-07 6.969870e-12 2.591499e-07 clkbuf_leaf_15_w_clk
 1.582742e-07 1.003971e-07 6.984953e-12 2.586783e-07 clkbuf_leaf_148_v_clk
 1.589534e-07 9.927994e-08 6.984953e-12 2.582403e-07 clkbuf_leaf_289_v_clk
 1.408261e-07 1.173609e-07 6.969870e-12 2.581940e-07 clkbuf_leaf_211_w_clk
 1.409212e-07 1.172618e-07 6.969870e-12 2.581899e-07 clkbuf_leaf_197_w_clk
 1.596820e-07 9.825266e-08 6.984953e-12 2.579417e-07 clkbuf_leaf_157_v_clk
 1.411268e-07 1.161494e-07 6.969870e-12 2.572831e-07 clkbuf_leaf_235_w_clk
 1.581665e-07 9.897727e-08 6.984953e-12 2.571508e-07 clkbuf_leaf_26_v_clk
 1.411398e-07 1.159750e-07 6.969870e-12 2.571217e-07 clkbuf_leaf_189_w_clk
 1.594800e-07 9.750276e-08 6.984953e-12 2.569898e-07 clkbuf_leaf_336_v_clk
 1.404339e-07 1.164779e-07 6.969870e-12 2.569188e-07 clkbuf_leaf_288_w_clk
 1.411225e-07 1.156415e-07 6.969870e-12 2.567710e-07 clkbuf_leaf_166_w_clk
 1.580986e-07 9.804779e-08 6.984953e-12 2.561534e-07 clkbuf_leaf_39_v_clk
 1.410838e-07 1.147260e-07 6.969870e-12 2.558168e-07 clkbuf_leaf_237_w_clk
 5.077493e-08 2.049911e-07 1.142099e-11 2.557775e-07 fanout835
 1.414061e-07 1.143526e-07 6.969870e-12 2.557657e-07 clkbuf_leaf_131_w_clk
 1.408476e-07 1.148945e-07 6.969870e-12 2.557491e-07 clkbuf_leaf_21_w_clk
 4.143402e-08 2.139069e-07 3.977075e-12 2.553449e-07 fanout1516
 3.758348e-08 2.175409e-07 6.919821e-12 2.551313e-07 fanout737
 1.404085e-07 1.147005e-07 6.969870e-12 2.551160e-07 clkbuf_leaf_284_w_clk
 1.409304e-07 1.141489e-07 6.969870e-12 2.550862e-07 clkbuf_leaf_198_w_clk
 4.358989e-08 2.113253e-07 4.771839e-12 2.549199e-07 fanout802
 1.410724e-07 1.135540e-07 6.969870e-12 2.546333e-07 clkbuf_leaf_182_w_clk
 1.407959e-07 1.137523e-07 6.969870e-12 2.545551e-07 clkbuf_leaf_51_w_clk
 1.584252e-07 9.585465e-08 6.984953e-12 2.542868e-07 clkbuf_leaf_323_v_clk
 1.410381e-07 1.129098e-07 6.969870e-12 2.539549e-07 clkbuf_leaf_280_w_clk
 1.406961e-07 1.132337e-07 6.969870e-12 2.539367e-07 clkbuf_leaf_74_w_clk
 1.410297e-07 1.127841e-07 6.969870e-12 2.538208e-07 clkbuf_leaf_223_w_clk
 5.181401e-08 2.018366e-07 1.129056e-11 2.536619e-07 fanout1325
 1.406038e-07 1.126825e-07 6.969870e-12 2.532933e-07 clkbuf_leaf_107_w_clk
 1.592885e-07 9.394504e-08 6.984953e-12 2.532405e-07 clkbuf_leaf_156_v_clk
 1.581387e-07 9.459161e-08 6.984953e-12 2.527373e-07 clkbuf_leaf_239_v_clk
 1.407967e-07 1.118817e-07 6.969870e-12 2.526853e-07 clkbuf_leaf_113_w_clk
 1.591171e-07 9.351844e-08 6.984953e-12 2.526425e-07 clkbuf_leaf_340_v_clk
 1.583732e-07 9.399945e-08 6.984953e-12 2.523796e-07 clkbuf_leaf_267_v_clk
 1.585855e-07 9.289349e-08 6.984953e-12 2.514860e-07 clkbuf_leaf_165_v_clk
 1.412463e-07 1.101718e-07 6.969870e-12 2.514251e-07 clkbuf_leaf_150_w_clk
 1.581022e-07 9.326850e-08 6.984953e-12 2.513777e-07 clkbuf_leaf_283_v_clk
 1.405297e-07 1.107672e-07 6.969870e-12 2.513040e-07 clkbuf_leaf_117_w_clk
 1.405138e-07 1.104772e-07 6.969870e-12 2.509980e-07 clkbuf_leaf_47_w_clk
 6.497341e-08 1.859157e-07 1.140726e-11 2.509005e-07 fanout2042
 1.589811e-07 9.189164e-08 6.984953e-12 2.508798e-07 clkbuf_leaf_5_v_clk
 1.406447e-07 1.099231e-07 6.969870e-12 2.505748e-07 clkbuf_leaf_11_w_clk
 1.408324e-07 1.092476e-07 6.969870e-12 2.500870e-07 clkbuf_leaf_165_w_clk
 6.019125e-08 1.893280e-07 1.302493e-11 2.495322e-07 fanout1559
 1.401941e-07 1.091187e-07 6.969870e-12 2.493198e-07 clkbuf_leaf_270_w_clk
 1.407695e-07 1.084869e-07 6.969870e-12 2.492634e-07 clkbuf_leaf_242_w_clk
 4.157196e-08 2.076655e-07 4.332065e-12 2.492418e-07 fanout1077
 1.407668e-07 1.083883e-07 6.969870e-12 2.491620e-07 clkbuf_leaf_234_w_clk
 1.403616e-07 1.087512e-07 6.969870e-12 2.491198e-07 clkbuf_leaf_110_w_clk
 1.581135e-07 9.096504e-08 6.984953e-12 2.490856e-07 clkbuf_leaf_261_v_clk
 1.401446e-07 1.087127e-07 6.969870e-12 2.488642e-07 clkbuf_leaf_31_w_clk
 4.138713e-08 2.072694e-07 3.975373e-12 2.486605e-07 fanout1582
 1.401194e-07 1.084244e-07 6.969870e-12 2.485507e-07 clkbuf_leaf_32_w_clk
 1.583265e-07 9.019546e-08 6.984953e-12 2.485289e-07 clkbuf_leaf_48_v_clk
 1.407114e-07 1.076307e-07 6.969870e-12 2.483490e-07 clkbuf_leaf_244_w_clk
 1.404213e-07 1.072356e-07 6.969870e-12 2.476638e-07 clkbuf_leaf_179_w_clk
 6.020053e-08 1.870164e-07 1.302493e-11 2.472300e-07 fanout1558
 1.403921e-07 1.068296e-07 6.969870e-12 2.472286e-07 clkbuf_leaf_174_w_clk
 1.409028e-07 1.062888e-07 6.969870e-12 2.471986e-07 clkbuf_leaf_147_w_clk
 1.403590e-07 1.065553e-07 6.969870e-12 2.469213e-07 clkbuf_leaf_130_w_clk
 1.403541e-07 1.064104e-07 6.969870e-12 2.467715e-07 clkbuf_leaf_256_w_clk
 1.404297e-07 1.061077e-07 6.969870e-12 2.465443e-07 clkbuf_leaf_217_w_clk
 1.403922e-07 1.057567e-07 6.969870e-12 2.461559e-07 clkbuf_leaf_5_w_clk
 1.587154e-07 8.741748e-08 6.984953e-12 2.461398e-07 clkbuf_leaf_169_v_clk
 1.402885e-07 1.055205e-07 6.969870e-12 2.458160e-07 clkbuf_leaf_177_w_clk
 1.404995e-07 1.052851e-07 6.969870e-12 2.457916e-07 clkbuf_leaf_228_w_clk
 4.141570e-08 2.042682e-07 4.332065e-12 2.456882e-07 fanout1070
 1.404651e-07 1.049980e-07 6.969870e-12 2.454701e-07 clkbuf_leaf_162_w_clk
 1.402464e-07 1.050403e-07 6.969870e-12 2.452937e-07 clkbuf_leaf_181_w_clk
 1.402252e-07 1.049880e-07 6.969870e-12 2.452202e-07 clkbuf_leaf_28_w_clk
 6.030812e-08 1.848751e-07 1.302493e-11 2.451962e-07 fanout1557
 1.400650e-07 1.051058e-07 6.969870e-12 2.451778e-07 clkbuf_leaf_109_w_clk
 5.311811e-08 1.919365e-07 1.248056e-11 2.450671e-07 max_cap768
 1.401918e-07 1.045452e-07 6.969870e-12 2.447441e-07 clkbuf_leaf_257_w_clk
 3.712741e-08 2.075979e-07 7.459888e-12 2.447327e-07 fanout734
 1.400818e-07 1.044079e-07 6.969870e-12 2.444966e-07 clkbuf_leaf_80_w_clk
 1.400886e-07 1.042668e-07 6.969870e-12 2.443623e-07 clkbuf_leaf_210_w_clk
 4.224263e-08 2.020610e-07 1.399492e-11 2.443176e-07 fanout729
 1.406564e-07 1.035050e-07 6.969870e-12 2.441684e-07 clkbuf_leaf_146_w_clk
 1.399232e-07 1.034243e-07 6.969870e-12 2.433545e-07 clkbuf_leaf_23_w_clk
 1.399887e-07 1.033588e-07 6.969870e-12 2.433544e-07 clkbuf_leaf_71_w_clk
 1.580038e-07 8.519719e-08 6.984953e-12 2.432080e-07 clkbuf_leaf_257_v_clk
 1.403241e-07 1.027173e-07 6.969870e-12 2.430483e-07 clkbuf_leaf_139_w_clk
 1.402200e-07 1.021550e-07 6.969870e-12 2.423819e-07 clkbuf_leaf_282_w_clk
 1.400033e-07 1.022240e-07 6.969870e-12 2.422343e-07 clkbuf_leaf_258_w_clk
 1.398301e-07 1.023944e-07 6.969870e-12 2.422315e-07 clkbuf_leaf_118_w_clk
 1.577612e-07 8.424703e-08 6.984953e-12 2.420152e-07 clkbuf_leaf_300_v_clk
 1.395917e-07 1.023695e-07 6.969870e-12 2.419681e-07 clkbuf_leaf_286_w_clk
 1.398763e-07 1.017629e-07 6.969870e-12 2.416461e-07 clkbuf_leaf_208_w_clk
 1.401317e-07 1.010553e-07 6.969870e-12 2.411939e-07 clkbuf_leaf_239_w_clk
 1.397497e-07 1.012662e-07 6.969870e-12 2.410228e-07 clkbuf_leaf_39_w_clk
 1.403592e-07 1.002538e-07 6.969870e-12 2.406200e-07 clkbuf_leaf_92_w_clk
 1.576155e-07 8.285960e-08 6.984953e-12 2.404821e-07 clkbuf_leaf_214_v_clk
 4.161597e-08 1.987533e-07 3.977075e-12 2.403733e-07 fanout1484
 1.398630e-07 1.004513e-07 6.969870e-12 2.403213e-07 clkbuf_leaf_58_w_clk
 1.394859e-07 1.006939e-07 6.969870e-12 2.401868e-07 clkbuf_leaf_263_w_clk
 4.646559e-08 1.937066e-07 1.364516e-11 2.401859e-07 fanout1407
 1.395039e-07 1.005423e-07 6.969870e-12 2.400531e-07 clkbuf_leaf_291_w_clk
 1.398075e-07 9.998845e-08 6.969870e-12 2.398029e-07 clkbuf_leaf_266_w_clk
 2.983446e-08 2.099361e-07 1.075545e-11 2.397813e-07 fanout763
 1.394071e-07 1.002339e-07 6.969870e-12 2.396480e-07 clkbuf_leaf_289_w_clk
 1.400608e-07 9.957670e-08 6.969870e-12 2.396444e-07 clkbuf_leaf_143_w_clk
 1.397495e-07 9.953282e-08 6.969870e-12 2.392893e-07 clkbuf_leaf_122_w_clk
 1.399641e-07 9.908216e-08 6.969870e-12 2.390532e-07 clkbuf_leaf_167_w_clk
 1.399658e-07 9.903562e-08 6.969870e-12 2.390084e-07 clkbuf_leaf_245_w_clk
 1.393869e-07 9.940796e-08 6.969870e-12 2.388018e-07 clkbuf_leaf_274_w_clk
 1.399320e-07 9.872374e-08 6.969870e-12 2.386627e-07 clkbuf_leaf_226_w_clk
 1.581140e-07 8.048702e-08 6.984953e-12 2.386080e-07 clkbuf_leaf_76_v_clk
 1.399713e-07 9.855135e-08 6.969870e-12 2.385296e-07 clkbuf_leaf_145_w_clk
 1.396809e-07 9.859446e-08 6.969870e-12 2.382823e-07 clkbuf_leaf_30_w_clk
 1.396299e-07 9.860021e-08 6.969870e-12 2.382371e-07 clkbuf_leaf_206_w_clk
 1.398010e-07 9.835286e-08 6.969870e-12 2.381608e-07 clkbuf_leaf_124_w_clk
 1.396355e-07 9.781984e-08 6.969870e-12 2.374623e-07 clkbuf_leaf_253_w_clk
 1.397098e-07 9.774396e-08 6.969870e-12 2.374607e-07 clkbuf_leaf_8_w_clk
 1.393818e-07 9.802208e-08 6.969870e-12 2.374109e-07 clkbuf_leaf_232_w_clk
 1.396304e-07 9.772118e-08 6.969870e-12 2.373586e-07 clkbuf_leaf_173_w_clk
 1.397858e-07 9.704668e-08 6.969870e-12 2.368395e-07 clkbuf_leaf_276_w_clk
 1.392312e-07 9.743924e-08 6.969870e-12 2.366774e-07 clkbuf_leaf_273_w_clk
 1.393058e-07 9.720659e-08 6.969870e-12 2.365193e-07 clkbuf_leaf_247_w_clk
 1.398048e-07 9.667901e-08 6.969870e-12 2.364907e-07 clkbuf_leaf_141_w_clk
 1.397432e-07 9.645353e-08 6.969870e-12 2.362037e-07 clkbuf_leaf_255_w_clk
 1.396991e-07 9.604075e-08 6.969870e-12 2.357469e-07 clkbuf_leaf_157_w_clk
 1.578613e-07 7.776234e-08 6.984953e-12 2.356306e-07 clkbuf_leaf_81_v_clk
 1.394585e-07 9.588999e-08 6.969870e-12 2.353555e-07 clkbuf_leaf_33_w_clk
 1.391228e-07 9.617285e-08 6.969870e-12 2.353027e-07 clkbuf_leaf_277_w_clk
 1.399249e-07 9.530921e-08 6.969870e-12 2.352411e-07 clkbuf_leaf_91_w_clk
 1.391060e-07 9.590526e-08 6.969870e-12 2.350182e-07 clkbuf_leaf_271_w_clk
 1.394167e-07 9.539267e-08 6.969870e-12 2.348163e-07 clkbuf_leaf_38_w_clk
 1.394671e-07 9.488890e-08 6.969870e-12 2.343629e-07 clkbuf_leaf_4_w_clk
 4.380151e-08 1.899126e-07 1.092638e-11 2.337250e-07 fanout1318
 3.805724e-08 1.954960e-07 6.919821e-12 2.335602e-07 fanout554
 1.389774e-07 9.455011e-08 6.969870e-12 2.335345e-07 clkbuf_leaf_293_w_clk
 1.390713e-07 9.442834e-08 6.969870e-12 2.335066e-07 clkbuf_leaf_229_w_clk
 1.392984e-07 9.386459e-08 6.969870e-12 2.331699e-07 clkbuf_leaf_180_w_clk
 1.394561e-07 9.344293e-08 6.969870e-12 2.329060e-07 clkbuf_leaf_102_w_clk
 1.394399e-07 9.338184e-08 6.969870e-12 2.328287e-07 clkbuf_leaf_104_w_clk
 1.394025e-07 9.337590e-08 6.969870e-12 2.327854e-07 clkbuf_leaf_297_w_clk
 1.391947e-07 9.352619e-08 6.969870e-12 2.327279e-07 clkbuf_leaf_205_w_clk
 1.574199e-07 7.469373e-08 6.984953e-12 2.321206e-07 clkbuf_leaf_339_v_clk
 1.387947e-07 9.233707e-08 6.969870e-12 2.311388e-07 clkbuf_leaf_269_w_clk
 3.769367e-08 1.934088e-07 6.919821e-12 2.311094e-07 fanout548
 1.393192e-07 9.160953e-08 6.969870e-12 2.309357e-07 clkbuf_leaf_87_w_clk
 1.390509e-07 9.186446e-08 6.969870e-12 2.309224e-07 clkbuf_leaf_213_w_clk
 4.193668e-08 1.887532e-07 3.977075e-12 2.306939e-07 fanout1476
 1.392955e-07 9.135608e-08 6.969870e-12 2.306585e-07 clkbuf_leaf_241_w_clk
 1.395379e-07 9.106834e-08 6.969870e-12 2.306132e-07 clkbuf_leaf_94_w_clk
 1.392479e-07 9.112938e-08 6.969870e-12 2.303842e-07 clkbuf_leaf_103_w_clk
 1.387340e-07 9.162063e-08 6.969870e-12 2.303616e-07 clkbuf_leaf_285_w_clk
 1.571798e-07 7.192618e-08 6.984953e-12 2.291130e-07 clkbuf_leaf_86_v_clk
 4.236214e-08 1.865860e-07 1.399527e-11 2.289622e-07 max_cap362
 1.389334e-07 9.001355e-08 6.969870e-12 2.289540e-07 clkbuf_leaf_62_w_clk
 1.391347e-07 8.951310e-08 6.969870e-12 2.286548e-07 clkbuf_leaf_79_w_clk
 1.389260e-07 8.968644e-08 6.969870e-12 2.286194e-07 clkbuf_leaf_13_w_clk
 1.391058e-07 8.948356e-08 6.969870e-12 2.285963e-07 clkbuf_leaf_98_w_clk
 4.258241e-08 1.857889e-07 1.365031e-11 2.283850e-07 fanout893
 1.386768e-07 8.939141e-08 6.969870e-12 2.280752e-07 clkbuf_leaf_230_w_clk
 1.388816e-07 8.906169e-08 6.969870e-12 2.279503e-07 clkbuf_leaf_178_w_clk
 1.388576e-07 8.903092e-08 6.969870e-12 2.278955e-07 clkbuf_leaf_45_w_clk
 3.778232e-08 1.899888e-07 6.919821e-12 2.277780e-07 fanout736
 4.146547e-08 1.862871e-07 4.332065e-12 2.277569e-07 fanout1075
 1.385912e-07 8.865845e-08 6.969870e-12 2.272566e-07 clkbuf_leaf_251_w_clk
 1.390030e-07 8.797230e-08 6.969870e-12 2.269822e-07 clkbuf_leaf_164_w_clk
 1.389948e-07 8.793416e-08 6.969870e-12 2.269360e-07 clkbuf_leaf_163_w_clk
 1.389739e-07 8.784540e-08 6.969870e-12 2.268262e-07 clkbuf_leaf_106_w_clk
 1.387736e-07 8.800057e-08 6.969870e-12 2.267812e-07 clkbuf_leaf_50_w_clk
 4.169861e-08 1.845270e-07 3.977075e-12 2.262296e-07 fanout1458
 1.387685e-07 8.743707e-08 6.969870e-12 2.262125e-07 clkbuf_leaf_116_w_clk
 1.389004e-07 8.709998e-08 6.969870e-12 2.260073e-07 clkbuf_leaf_100_w_clk
 1.387245e-07 8.724792e-08 6.969870e-12 2.259794e-07 clkbuf_leaf_29_w_clk
 4.146658e-08 1.843548e-07 3.977075e-12 2.258253e-07 fanout1499
 1.389572e-07 8.678438e-08 6.969870e-12 2.257485e-07 clkbuf_leaf_138_w_clk
 3.804326e-08 1.874831e-07 6.919821e-12 2.255333e-07 fanout553
 1.389310e-07 8.656961e-08 6.969870e-12 2.255076e-07 clkbuf_leaf_142_w_clk
 1.388847e-07 8.656205e-08 6.969870e-12 2.254537e-07 clkbuf_leaf_89_w_clk
 3.080328e-08 1.944795e-07 7.066438e-12 2.252899e-07 hold190
 1.388378e-07 8.625450e-08 6.969870e-12 2.250993e-07 clkbuf_leaf_105_w_clk
 1.384874e-07 8.642053e-08 6.969870e-12 2.249149e-07 clkbuf_leaf_114_w_clk
 1.386427e-07 8.624887e-08 6.969870e-12 2.248986e-07 clkbuf_leaf_35_w_clk
 1.382950e-07 8.657192e-08 6.969870e-12 2.248739e-07 clkbuf_leaf_287_w_clk
 4.144331e-08 1.831378e-07 4.332065e-12 2.245854e-07 fanout1018
 1.385805e-07 8.514670e-08 6.969870e-12 2.237341e-07 clkbuf_leaf_115_w_clk
 1.385348e-07 8.498141e-08 6.969870e-12 2.235231e-07 clkbuf_leaf_34_w_clk
 1.385262e-07 8.479817e-08 6.969870e-12 2.233313e-07 clkbuf_leaf_128_w_clk
 1.386114e-07 8.421455e-08 6.969870e-12 2.228329e-07 clkbuf_leaf_259_w_clk
 1.381508e-07 8.450637e-08 6.969870e-12 2.226642e-07 clkbuf_leaf_267_w_clk
 1.384842e-07 8.409252e-08 6.969870e-12 2.225837e-07 clkbuf_leaf_55_w_clk
 4.170328e-08 1.806586e-07 3.977075e-12 2.223659e-07 fanout1460
 1.393366e-07 8.259737e-08 6.969870e-12 2.219409e-07 clkbuf_leaf_158_w_clk
 1.388153e-07 8.286607e-08 6.969870e-12 2.216883e-07 clkbuf_leaf_96_w_clk
 1.383837e-07 8.317938e-08 6.969870e-12 2.215701e-07 clkbuf_leaf_176_w_clk
 1.383579e-07 8.313227e-08 6.969870e-12 2.214972e-07 clkbuf_leaf_49_w_clk
 2.072155e-08 2.006386e-07 6.895867e-12 2.213670e-07 fanout268
 1.384913e-07 8.224419e-08 6.969870e-12 2.207424e-07 clkbuf_leaf_137_w_clk
 1.383281e-07 8.232704e-08 6.969870e-12 2.206621e-07 clkbuf_leaf_252_w_clk
 1.382864e-07 8.233789e-08 6.969870e-12 2.206312e-07 clkbuf_leaf_61_w_clk
 1.380910e-07 8.251906e-08 6.969870e-12 2.206170e-07 clkbuf_leaf_233_w_clk
 1.384134e-07 8.182371e-08 6.969870e-12 2.202441e-07 clkbuf_leaf_194_w_clk
 1.381219e-07 8.194404e-08 6.969870e-12 2.200729e-07 clkbuf_leaf_135_w_clk
 1.382859e-07 8.122272e-08 6.969870e-12 2.195156e-07 clkbuf_leaf_14_w_clk
 1.380659e-07 8.139536e-08 6.969870e-12 2.194682e-07 clkbuf_leaf_120_w_clk
 1.384506e-07 8.097475e-08 6.969870e-12 2.194324e-07 clkbuf_leaf_148_w_clk
 1.382253e-07 8.116253e-08 6.969870e-12 2.193948e-07 clkbuf_leaf_172_w_clk
 1.383457e-07 8.100503e-08 6.969870e-12 2.193577e-07 clkbuf_leaf_296_w_clk
 1.382770e-07 8.099131e-08 6.969870e-12 2.192753e-07 clkbuf_leaf_1_w_clk
 1.382132e-07 8.032046e-08 6.969870e-12 2.185406e-07 clkbuf_leaf_0_w_clk
 1.389975e-07 7.891308e-08 6.969870e-12 2.179176e-07 clkbuf_leaf_159_w_clk
 1.379473e-07 7.986386e-08 6.969870e-12 2.178182e-07 clkbuf_leaf_63_w_clk
 1.380631e-07 7.940687e-08 6.969870e-12 2.174770e-07 clkbuf_leaf_175_w_clk
 1.384519e-07 7.863971e-08 6.969870e-12 2.170985e-07 clkbuf_leaf_83_w_clk
 4.378483e-08 1.729604e-07 4.771839e-12 2.167501e-07 fanout788
 1.381851e-07 7.836135e-08 6.969870e-12 2.165534e-07 clkbuf_leaf_161_w_clk
 1.381998e-07 7.814845e-08 6.969870e-12 2.163552e-07 clkbuf_leaf_140_w_clk
 3.149635e-08 1.847896e-07 1.105853e-11 2.162970e-07 fanout828
 4.185458e-08 1.743952e-07 3.977075e-12 2.162537e-07 fanout1428
 5.200469e-08 1.640888e-07 1.335513e-11 2.161069e-07 fanout1319
 1.377703e-07 7.768409e-08 6.969870e-12 2.154613e-07 clkbuf_leaf_24_w_clk
 1.387400e-07 7.611882e-08 6.969870e-12 2.148658e-07 clkbuf_leaf_153_w_clk
 1.379121e-07 7.682235e-08 6.969870e-12 2.147414e-07 clkbuf_leaf_301_w_clk
 1.375006e-07 7.667727e-08 6.969870e-12 2.141849e-07 clkbuf_leaf_265_w_clk
 3.740231e-08 1.754369e-07 6.919821e-12 2.128461e-07 fanout556
 1.378851e-07 7.479603e-08 6.969870e-12 2.126881e-07 clkbuf_leaf_187_w_clk
 1.378312e-07 7.379777e-08 6.969870e-12 2.116359e-07 clkbuf_leaf_144_w_clk
 1.375726e-07 7.362438e-08 6.969870e-12 2.112039e-07 clkbuf_leaf_36_w_clk
 1.375302e-07 7.343888e-08 6.969870e-12 2.109760e-07 clkbuf_leaf_48_w_clk
 1.376324e-07 7.309638e-08 6.969870e-12 2.107357e-07 clkbuf_leaf_125_w_clk
 2.257593e-08 1.878470e-07 1.380442e-11 2.104368e-07 fanout637
 1.375006e-07 7.283549e-08 6.969870e-12 2.103431e-07 clkbuf_leaf_261_w_clk
 1.376003e-07 7.233649e-08 6.969870e-12 2.099437e-07 clkbuf_leaf_295_w_clk
 1.375229e-07 7.185720e-08 6.969870e-12 2.093871e-07 clkbuf_leaf_123_w_clk
 1.375328e-07 7.160307e-08 6.969870e-12 2.091428e-07 clkbuf_leaf_193_w_clk
 1.375839e-07 7.147531e-08 6.969870e-12 2.090661e-07 clkbuf_leaf_112_w_clk
 1.375669e-07 7.127983e-08 6.969870e-12 2.088537e-07 clkbuf_leaf_86_w_clk
 5.166062e-08 1.564955e-07 1.343682e-11 2.081696e-07 fanout910
 2.173313e-08 1.861928e-07 6.897496e-12 2.079328e-07 max_cap238
 1.374222e-07 7.045998e-08 6.969870e-12 2.078891e-07 clkbuf_leaf_188_w_clk
 1.371413e-07 7.022925e-08 6.969870e-12 2.073776e-07 clkbuf_leaf_108_w_clk
 1.373405e-07 6.936599e-08 6.969870e-12 2.067134e-07 clkbuf_leaf_298_w_clk
 1.372932e-07 6.883272e-08 6.969870e-12 2.061329e-07 clkbuf_leaf_299_w_clk
 1.373421e-07 6.877123e-08 6.969870e-12 2.061202e-07 clkbuf_leaf_262_w_clk
 4.172874e-08 1.640826e-07 3.977075e-12 2.058153e-07 fanout1489
 1.372980e-07 6.847377e-08 6.969870e-12 2.057787e-07 clkbuf_leaf_90_w_clk
 1.371903e-07 6.758862e-08 6.969870e-12 2.047859e-07 clkbuf_leaf_2_w_clk
 1.369000e-07 6.746765e-08 6.969870e-12 2.043746e-07 clkbuf_leaf_111_w_clk
 1.367449e-07 6.739961e-08 6.969870e-12 2.041515e-07 clkbuf_leaf_272_w_clk
 2.041332e-07 0.000000e+00 4.608327e-12 2.041378e-07 clkload3
 1.368319e-07 6.650665e-08 6.969870e-12 2.033455e-07 clkbuf_leaf_40_w_clk
 4.195293e-08 1.611956e-07 3.977075e-12 2.031525e-07 fanout1422
 1.370463e-07 6.585329e-08 6.969870e-12 2.029066e-07 clkbuf_leaf_196_w_clk
 4.148591e-08 1.610519e-07 4.332065e-12 2.025422e-07 fanout1030
 4.166007e-08 1.598901e-07 3.977075e-12 2.015541e-07 fanout1513
 1.366190e-07 6.395290e-08 6.969870e-12 2.005789e-07 clkbuf_leaf_41_w_clk
 1.370975e-07 6.328389e-08 6.969870e-12 2.003884e-07 clkbuf_leaf_93_w_clk
 4.161671e-08 1.586112e-07 4.001229e-12 2.002319e-07 wire411
 1.366466e-07 6.247350e-08 6.969870e-12 1.991270e-07 clkbuf_leaf_54_w_clk
 1.366687e-07 6.090698e-08 6.969870e-12 1.975827e-07 clkbuf_leaf_85_w_clk
 2.953868e-08 1.669516e-07 7.182946e-12 1.964974e-07 hold3891
 4.082999e-08 1.552859e-07 1.267003e-11 1.961286e-07 fanout385
 9.557684e-09 1.854902e-07 4.568422e-12 1.950524e-07 _37331_
 4.163751e-08 1.506080e-07 3.977075e-12 1.922495e-07 fanout1526
 4.155381e-08 1.459818e-07 3.977075e-12 1.875396e-07 fanout1502
 3.952190e-08 1.466527e-07 1.272803e-11 1.861873e-07 fanout1985
 4.667434e-08 1.392710e-07 1.364516e-11 1.859590e-07 fanout1406
 4.161780e-08 1.427517e-07 3.977075e-12 1.843734e-07 fanout1437
 1.354726e-07 4.787106e-08 6.969870e-12 1.833506e-07 clkbuf_leaf_126_w_clk
 1.354958e-07 4.781336e-08 6.969870e-12 1.833161e-07 clkbuf_leaf_3_w_clk
 1.353439e-07 4.609683e-08 6.969870e-12 1.814477e-07 clkbuf_leaf_202_w_clk
 3.256639e-08 1.473158e-07 7.028908e-12 1.798892e-07 fanout2037
 1.351918e-07 4.443389e-08 6.969870e-12 1.796327e-07 clkbuf_leaf_190_w_clk
 1.611666e-08 1.630580e-07 4.571071e-12 1.791792e-07 hold252
 1.351251e-07 4.354652e-08 6.969870e-12 1.786786e-07 clkbuf_leaf_199_w_clk
 2.098307e-08 1.559622e-07 7.483841e-12 1.769528e-07 fanout1194
 3.217177e-08 1.442160e-07 7.028908e-12 1.763948e-07 fanout2041
 4.174453e-08 1.345529e-07 4.332065e-12 1.763018e-07 fanout1063
 3.356143e-08 1.401590e-07 1.123118e-11 1.737317e-07 fanout864
 3.049508e-08 1.429495e-07 7.205692e-12 1.734518e-07 fanout2002
 2.971495e-08 1.428687e-07 7.157242e-12 1.725908e-07 fanout1373
 3.249748e-08 1.371109e-07 1.375500e-11 1.696221e-07 fanout1312
 2.618698e-08 1.433976e-07 7.164603e-12 1.695918e-07 hold2067
 4.182214e-08 1.257371e-07 3.977075e-12 1.675632e-07 fanout1507
 3.401689e-08 1.315707e-07 1.382914e-11 1.656014e-07 fanout1388
 2.980560e-08 1.352271e-07 7.066438e-12 1.650397e-07 fanout2020
 2.830125e-08 1.360346e-07 1.074035e-11 1.643466e-07 fanout308
 2.534625e-08 1.388707e-07 6.902504e-12 1.642239e-07 fanout611
 1.495838e-08 1.492038e-07 4.595583e-12 1.641668e-07 hold1442
 2.876639e-08 1.353682e-07 1.076128e-11 1.641453e-07 fanout764
 3.205663e-08 1.318093e-07 1.089069e-11 1.638768e-07 fanout843
 3.063283e-08 1.331778e-07 7.174016e-12 1.638178e-07 fanout1574
 3.045547e-08 1.331098e-07 1.076060e-11 1.635760e-07 max_cap838
 3.063883e-08 1.325946e-07 7.205692e-12 1.632407e-07 fanout1992
 3.080817e-08 1.316599e-07 7.174016e-12 1.624753e-07 fanout1570
 3.116714e-08 1.312544e-07 1.358716e-11 1.624351e-07 fanout826
 2.522317e-08 1.359432e-07 7.348387e-12 1.611737e-07 fanout834
 2.558027e-08 1.347828e-07 6.902504e-12 1.603700e-07 fanout617
 3.064260e-08 1.285359e-07 7.205692e-12 1.591857e-07 fanout1991
 3.361770e-08 1.210517e-07 1.341451e-11 1.546828e-07 fanout859
 1.824031e-08 1.361825e-07 7.041760e-12 1.544298e-07 fanout1368
 1.398372e-08 1.401501e-07 4.628763e-12 1.541384e-07 hold1451
 2.806233e-08 1.258411e-07 7.209132e-12 1.539106e-07 fanout904
 1.795387e-08 1.358960e-07 4.585122e-12 1.538544e-07 hold3565
 1.514265e-07 0.000000e+00 6.984953e-12 1.514335e-07 clkload426
 1.513898e-07 0.000000e+00 6.984953e-12 1.513968e-07 clkload422
 1.513411e-07 0.000000e+00 6.984953e-12 1.513481e-07 clkload543
 1.513406e-07 0.000000e+00 6.984953e-12 1.513476e-07 clkload544
 1.513015e-07 0.000000e+00 6.984953e-12 1.513085e-07 clkload358
 1.512915e-07 0.000000e+00 6.984953e-12 1.512985e-07 clkload394
 1.512858e-07 0.000000e+00 6.984953e-12 1.512928e-07 clkload377
 1.512664e-07 0.000000e+00 6.984953e-12 1.512734e-07 clkload424
 1.512644e-07 0.000000e+00 6.984953e-12 1.512714e-07 clkload381
 1.512466e-07 0.000000e+00 6.984953e-12 1.512536e-07 clkload412
 1.512285e-07 0.000000e+00 6.984953e-12 1.512355e-07 clkload338
 1.512269e-07 0.000000e+00 6.984953e-12 1.512339e-07 clkload307
 1.512258e-07 0.000000e+00 6.984953e-12 1.512328e-07 clkload370
 1.512236e-07 0.000000e+00 6.984953e-12 1.512306e-07 clkload542
 1.512202e-07 0.000000e+00 6.984953e-12 1.512272e-07 clkload460
 1.512157e-07 0.000000e+00 6.984953e-12 1.512227e-07 clkload372
 1.512122e-07 0.000000e+00 6.984953e-12 1.512192e-07 clkload425
 1.512093e-07 0.000000e+00 6.984953e-12 1.512163e-07 clkload434
 1.511965e-07 0.000000e+00 6.984953e-12 1.512035e-07 clkload356
 1.511951e-07 0.000000e+00 6.984953e-12 1.512021e-07 clkload366
 1.511926e-07 0.000000e+00 6.984953e-12 1.511996e-07 clkload410
 1.511913e-07 0.000000e+00 6.984953e-12 1.511983e-07 clkload403
 1.511875e-07 0.000000e+00 6.984953e-12 1.511944e-07 clkload541
 1.511829e-07 0.000000e+00 6.984953e-12 1.511899e-07 clkload467
 2.957863e-08 1.215924e-07 7.313272e-12 1.511784e-07 fanout1560
 1.511503e-07 0.000000e+00 6.984953e-12 1.511573e-07 clkload436
 1.511404e-07 0.000000e+00 6.984953e-12 1.511474e-07 clkload465
 1.511381e-07 0.000000e+00 6.984953e-12 1.511451e-07 clkload419
 1.511263e-07 0.000000e+00 6.984953e-12 1.511332e-07 clkload418
 1.511116e-07 0.000000e+00 6.984953e-12 1.511186e-07 clkload437
 1.510867e-07 0.000000e+00 6.984953e-12 1.510937e-07 clkload487
 1.510673e-07 0.000000e+00 6.984953e-12 1.510743e-07 clkload439
 1.510655e-07 0.000000e+00 6.984953e-12 1.510725e-07 clkload490
 1.510596e-07 0.000000e+00 6.984953e-12 1.510666e-07 clkload364
 1.510465e-07 0.000000e+00 6.984953e-12 1.510534e-07 clkload319
 1.510460e-07 0.000000e+00 6.984953e-12 1.510530e-07 clkload320
 1.510453e-07 0.000000e+00 6.984953e-12 1.510523e-07 clkload407
 1.510383e-07 0.000000e+00 6.984953e-12 1.510453e-07 clkload499
 1.510361e-07 0.000000e+00 6.984953e-12 1.510431e-07 clkload334
 1.510238e-07 0.000000e+00 6.984953e-12 1.510308e-07 clkload504
 1.510225e-07 0.000000e+00 6.984953e-12 1.510295e-07 clkload482
 1.510173e-07 0.000000e+00 6.984953e-12 1.510243e-07 clkload405
 1.510152e-07 0.000000e+00 6.984953e-12 1.510222e-07 clkload469
 1.510146e-07 0.000000e+00 6.984953e-12 1.510216e-07 clkload445
 1.510142e-07 0.000000e+00 6.984953e-12 1.510212e-07 clkload310
 1.510121e-07 0.000000e+00 6.984953e-12 1.510191e-07 clkload466
 1.510108e-07 0.000000e+00 6.984953e-12 1.510178e-07 clkload464
 1.510092e-07 0.000000e+00 6.984953e-12 1.510162e-07 clkload472
 1.510083e-07 0.000000e+00 6.984953e-12 1.510153e-07 clkload496
 1.509937e-07 0.000000e+00 6.984953e-12 1.510007e-07 clkload483
 1.509928e-07 0.000000e+00 6.984953e-12 1.509998e-07 clkload446
 1.509914e-07 0.000000e+00 6.984953e-12 1.509984e-07 clkload503
 1.509884e-07 0.000000e+00 6.984953e-12 1.509954e-07 clkload343
 1.509878e-07 0.000000e+00 6.984953e-12 1.509948e-07 clkload317
 1.509848e-07 0.000000e+00 6.984953e-12 1.509918e-07 clkload298
 1.509847e-07 0.000000e+00 6.984953e-12 1.509917e-07 clkload272
 1.509845e-07 0.000000e+00 6.984953e-12 1.509915e-07 clkload456
 1.509804e-07 0.000000e+00 6.984953e-12 1.509874e-07 clkload495
 1.509786e-07 0.000000e+00 6.984953e-12 1.509856e-07 clkload506
 1.509698e-07 0.000000e+00 6.984953e-12 1.509768e-07 clkload322
 1.509691e-07 0.000000e+00 6.984953e-12 1.509761e-07 clkload414
 1.509679e-07 0.000000e+00 6.984953e-12 1.509749e-07 clkload290
 1.509648e-07 0.000000e+00 6.984953e-12 1.509718e-07 clkload313
 1.509612e-07 0.000000e+00 6.984953e-12 1.509682e-07 clkload480
 1.509605e-07 0.000000e+00 6.984953e-12 1.509675e-07 clkload349
 1.509603e-07 0.000000e+00 6.984953e-12 1.509673e-07 clkload271
 1.509570e-07 0.000000e+00 6.984953e-12 1.509640e-07 clkload286
 1.509458e-07 0.000000e+00 6.984953e-12 1.509528e-07 clkload326
 1.509456e-07 0.000000e+00 6.984953e-12 1.509526e-07 clkload294
 1.509443e-07 0.000000e+00 6.984953e-12 1.509513e-07 clkload473
 1.509395e-07 0.000000e+00 6.984953e-12 1.509465e-07 clkload398
 1.509380e-07 0.000000e+00 6.984953e-12 1.509450e-07 clkload325
 1.509363e-07 0.000000e+00 6.984953e-12 1.509433e-07 clkload535
 1.509362e-07 0.000000e+00 6.984953e-12 1.509432e-07 clkload399
 1.509244e-07 0.000000e+00 6.984953e-12 1.509314e-07 clkload304
 1.509094e-07 0.000000e+00 6.984953e-12 1.509164e-07 clkload477
 1.509078e-07 0.000000e+00 6.984953e-12 1.509148e-07 clkload458
 1.508984e-07 0.000000e+00 6.984953e-12 1.509054e-07 clkload328
 1.508974e-07 0.000000e+00 6.984953e-12 1.509044e-07 clkload459
 1.508953e-07 0.000000e+00 6.984953e-12 1.509023e-07 clkload441
 1.508890e-07 0.000000e+00 6.984953e-12 1.508960e-07 clkload388
 1.508588e-07 0.000000e+00 6.984953e-12 1.508658e-07 clkload509
 1.508528e-07 0.000000e+00 6.984953e-12 1.508597e-07 clkload316
 1.508519e-07 0.000000e+00 6.984953e-12 1.508589e-07 clkload293
 1.508496e-07 0.000000e+00 6.984953e-12 1.508566e-07 clkload518
 1.508135e-07 0.000000e+00 6.984953e-12 1.508205e-07 clkload302
 3.338622e-08 1.172943e-07 1.341451e-11 1.506940e-07 fanout862
 2.816888e-08 1.222519e-07 7.209132e-12 1.504280e-07 fanout900
 1.497791e-07 0.000000e+00 6.984953e-12 1.497861e-07 clkload260
 1.894561e-08 1.302820e-07 1.065351e-11 1.492383e-07 fanout375
 2.593697e-08 1.230147e-07 7.371314e-12 1.489591e-07 fanout1321
 2.281901e-08 1.248907e-07 1.068852e-11 1.477204e-07 fanout504
 3.095346e-08 1.161109e-07 1.358716e-11 1.470779e-07 fanout825
 2.947302e-08 1.169066e-07 7.066438e-12 1.463867e-07 fanout2033
 2.551726e-08 1.205985e-07 6.902504e-12 1.461227e-07 fanout615
 1.630240e-08 1.290722e-07 4.571071e-12 1.453792e-07 hold251
 2.453387e-08 1.181889e-07 4.460592e-12 1.427272e-07 fanout793
 2.984851e-08 1.120410e-07 7.066438e-12 1.418965e-07 fanout2029
 3.005159e-08 1.108669e-07 7.066438e-12 1.409256e-07 fanout2019
 2.575465e-08 1.149441e-07 6.902504e-12 1.407056e-07 fanout612
 3.338423e-08 1.060159e-07 1.341451e-11 1.394135e-07 fanout861
 2.561776e-08 1.136556e-07 7.348387e-12 1.392807e-07 fanout829
 1.457363e-08 1.242957e-07 4.628455e-12 1.388740e-07 hold4259
 2.998983e-08 1.080158e-07 7.066438e-12 1.380127e-07 fanout2012
 1.512000e-08 1.226196e-07 4.618096e-12 1.377442e-07 hold715
 2.723871e-08 1.102001e-07 1.372960e-11 1.374525e-07 fanout939
 3.012553e-08 1.070792e-07 7.066438e-12 1.372118e-07 fanout2008
 1.542610e-08 1.182577e-07 4.604199e-12 1.336884e-07 hold3092
 2.586647e-08 1.070595e-07 7.385675e-12 1.329333e-07 fanout911
 1.326116e-07 0.000000e+00 6.969870e-12 1.326186e-07 clkload46
 1.323715e-07 0.000000e+00 6.969870e-12 1.323784e-07 clkload186
 1.323701e-07 0.000000e+00 6.969870e-12 1.323771e-07 clkload188
 1.323412e-07 0.000000e+00 6.969870e-12 1.323481e-07 clkload96
 1.323321e-07 0.000000e+00 6.969870e-12 1.323391e-07 clkload95
 1.322733e-07 0.000000e+00 6.969870e-12 1.322803e-07 clkload218
 1.322699e-07 0.000000e+00 6.969870e-12 1.322769e-07 clkload245
 1.322536e-07 0.000000e+00 6.969870e-12 1.322606e-07 clkload216
 1.322522e-07 0.000000e+00 6.969870e-12 1.322591e-07 clkload247
 1.322237e-07 0.000000e+00 6.969870e-12 1.322307e-07 clkload124
 1.321822e-07 0.000000e+00 6.969870e-12 1.321892e-07 clkload197
 1.321706e-07 0.000000e+00 6.969870e-12 1.321775e-07 clkload172
 1.321448e-07 0.000000e+00 6.969870e-12 1.321517e-07 clkload122
 1.321383e-07 0.000000e+00 6.969870e-12 1.321453e-07 clkload187
 1.321158e-07 0.000000e+00 6.969870e-12 1.321228e-07 clkload204
 1.321050e-07 0.000000e+00 6.969870e-12 1.321119e-07 clkload222
 1.320619e-07 0.000000e+00 6.969870e-12 1.320689e-07 clkload74
 1.320515e-07 0.000000e+00 6.969870e-12 1.320584e-07 clkload111
 1.320485e-07 0.000000e+00 6.969870e-12 1.320555e-07 clkload242
 1.320444e-07 0.000000e+00 6.969870e-12 1.320513e-07 clkload76
 1.320424e-07 0.000000e+00 6.969870e-12 1.320494e-07 clkload190
 1.320323e-07 0.000000e+00 6.969870e-12 1.320392e-07 clkload175
 1.320210e-07 0.000000e+00 6.969870e-12 1.320280e-07 clkload77
 1.320055e-07 0.000000e+00 6.969870e-12 1.320124e-07 clkload249
 1.319551e-07 0.000000e+00 6.969870e-12 1.319621e-07 clkload110
 1.319292e-07 0.000000e+00 6.969870e-12 1.319361e-07 clkload81
 1.319276e-07 0.000000e+00 6.969870e-12 1.319345e-07 clkload68
 1.319267e-07 0.000000e+00 6.969870e-12 1.319336e-07 clkload195
 1.319242e-07 0.000000e+00 6.969870e-12 1.319312e-07 clkload73
 1.319163e-07 0.000000e+00 6.969870e-12 1.319233e-07 clkload107
 1.319126e-07 0.000000e+00 6.969870e-12 1.319196e-07 clkload84
 1.318962e-07 0.000000e+00 6.969870e-12 1.319032e-07 clkload83
 1.318894e-07 0.000000e+00 6.969870e-12 1.318963e-07 clkload80
 1.318841e-07 0.000000e+00 6.969870e-12 1.318911e-07 clkload250
 1.318757e-07 0.000000e+00 6.969870e-12 1.318827e-07 clkload237
 1.318682e-07 0.000000e+00 6.969870e-12 1.318752e-07 clkload130
 1.318665e-07 0.000000e+00 6.969870e-12 1.318735e-07 clkload85
 1.318190e-07 0.000000e+00 6.969870e-12 1.318260e-07 clkload60
 1.309095e-07 0.000000e+00 6.969870e-12 1.309165e-07 clkload35
 2.081264e-08 1.100301e-07 6.895867e-12 1.308497e-07 fanout260
 1.307556e-07 0.000000e+00 6.969870e-12 1.307626e-07 clkload20
 2.682376e-08 1.030022e-07 1.374505e-11 1.298396e-07 fanout746
 2.274066e-08 1.064669e-07 7.135401e-12 1.292147e-07 fanout602
 1.136642e-08 1.163619e-07 6.903530e-12 1.277352e-07 max_cap349
 2.096394e-08 1.059010e-07 6.943291e-12 1.268719e-07 fanout712
 2.078047e-08 1.057011e-07 6.895867e-12 1.264884e-07 fanout261
 1.581163e-08 1.106297e-07 4.596712e-12 1.264459e-07 hold3381
 1.482224e-08 1.116084e-07 4.616558e-12 1.264353e-07 hold1579
 3.085002e-08 9.477928e-08 1.388509e-11 1.256432e-07 fanout837
 2.086224e-08 1.033549e-07 6.895867e-12 1.242240e-07 fanout263
 1.506001e-08 1.082950e-07 4.598147e-12 1.233597e-07 hold1846
 1.824006e-08 1.049500e-07 7.041760e-12 1.231971e-07 fanout1362
 2.660325e-08 9.621163e-08 1.377697e-11 1.228287e-07 fanout848
 2.638814e-08 9.553350e-08 1.377697e-11 1.219354e-07 fanout846
 2.069989e-08 9.958496e-08 7.128824e-12 1.202920e-07 fanout396
 2.710905e-08 9.307013e-08 1.372960e-11 1.201929e-07 fanout936
 1.600256e-08 1.016482e-07 6.924165e-12 1.176577e-07 hold3812
 2.067584e-08 9.499846e-08 7.128824e-12 1.156814e-07 fanout387
 1.465262e-08 1.007658e-07 4.619481e-12 1.154230e-07 hold4073
 4.710988e-09 1.101068e-07 2.101704e-12 1.148199e-07 _36694_
 2.047793e-08 9.387696e-08 1.392113e-11 1.143688e-07 max_cap745
 2.109810e-08 9.314515e-08 6.895867e-12 1.142501e-07 fanout259
 1.187477e-08 1.022522e-07 4.808864e-12 1.141318e-07 hold2171
 1.516886e-08 9.889588e-08 4.705685e-12 1.140695e-07 fanout2018
 1.570060e-08 9.828843e-08 4.602199e-12 1.139936e-07 hold2802
 1.481902e-08 9.795735e-08 4.623737e-12 1.127810e-07 hold1377
 1.966548e-08 9.156756e-08 1.398565e-11 1.112470e-07 max_cap627
 1.394009e-08 9.660162e-08 4.626302e-12 1.105463e-07 hold1991
 1.512393e-08 9.515545e-08 4.622250e-12 1.102840e-07 hold1519
 2.093861e-08 8.884874e-08 6.895867e-12 1.097942e-07 fanout1211
 1.661623e-08 9.135015e-08 1.063566e-11 1.079770e-07 fanout743
 1.483333e-08 9.145522e-08 7.466585e-12 1.062960e-07 fanout233
 2.100458e-08 8.452742e-08 6.895867e-12 1.055389e-07 fanout1284
 1.687841e-08 8.752886e-08 3.787965e-12 1.044111e-07 fanout1307
 1.291411e-08 9.000835e-08 4.637840e-12 1.029271e-07 hold1930
 4.737423e-09 9.758058e-08 2.100049e-12 1.023201e-07 _34437_
 1.688843e-08 8.486322e-08 6.997956e-12 1.017587e-07 fanout883
 1.671926e-08 8.485788e-08 7.381752e-12 1.015845e-07 fanout860
 1.594200e-08 8.466930e-08 4.614096e-12 1.006159e-07 hold2816
 2.037684e-08 7.961670e-08 1.398531e-11 1.000075e-07 max_cap591
 1.424129e-08 8.513582e-08 4.622660e-12 9.938174e-08 hold735
 1.493407e-08 8.437781e-08 4.483277e-12 9.931636e-08 fanout523
 1.326025e-08 8.511029e-08 6.939852e-12 9.837748e-08 fanout758
 1.556805e-08 8.233814e-08 4.587327e-12 9.791078e-08 fanout1997
 1.425554e-08 8.346542e-08 4.626302e-12 9.772558e-08 hold2937
 1.731223e-08 7.936745e-08 4.713275e-12 9.668439e-08 fanout2054
 2.111171e-08 7.499726e-08 6.895867e-12 9.611586e-08 fanout1197
 1.261401e-08 8.318579e-08 4.637737e-12 9.580444e-08 hold549
 1.319770e-08 8.253206e-08 4.767224e-12 9.573453e-08 fanout914
 1.239494e-08 8.242408e-08 1.061026e-11 9.482963e-08 fanout652
 1.815842e-08 7.661308e-08 1.392936e-11 9.478543e-08 fanout658
 1.759937e-08 7.659362e-08 1.067856e-11 9.420368e-08 fanout959
 1.683417e-08 7.679918e-08 6.997956e-12 9.364035e-08 fanout878
 2.125056e-08 7.214604e-08 6.895867e-12 9.340350e-08 fanout1229
 1.692746e-08 7.485841e-08 6.997956e-12 9.179287e-08 fanout865
 3.363100e-09 8.820697e-08 2.272194e-12 9.157235e-08 _26995_
 2.082424e-08 7.071901e-08 6.895867e-12 9.155016e-08 fanout1237
 1.412557e-08 7.696521e-08 1.404778e-11 9.110482e-08 fanout722
 2.116577e-08 6.822543e-08 6.895867e-12 8.939810e-08 fanout1222
 2.117280e-08 6.760632e-08 6.895867e-12 8.878601e-08 fanout1238
 2.111789e-08 6.730723e-08 6.895867e-12 8.843202e-08 fanout1266
 1.267323e-08 7.412180e-08 4.619789e-12 8.679964e-08 hold2435
 2.123602e-08 6.525472e-08 6.895867e-12 8.649764e-08 fanout1207
 1.058362e-08 7.589951e-08 4.850659e-12 8.648798e-08 fanout1264
 1.668546e-08 6.968620e-08 6.997956e-12 8.637866e-08 fanout866
 9.170219e-09 7.680861e-08 6.895747e-12 8.598573e-08 max_cap817
 1.311857e-08 7.266203e-08 6.934241e-12 8.578753e-08 fanout854
 4.750428e-09 8.046342e-08 2.101704e-12 8.521594e-08 _35015_
 2.136175e-08 6.371461e-08 6.895867e-12 8.508326e-08 fanout1236
 2.082772e-08 6.381947e-08 6.895867e-12 8.465409e-08 fanout1268
 2.080814e-08 6.375530e-08 6.895867e-12 8.457034e-08 fanout1235
 1.355942e-08 7.041413e-08 6.942567e-12 8.398050e-08 fanout942
 1.055822e-08 7.221161e-08 4.850659e-12 8.277468e-08 fanout262
 8.214583e-08 0.000000e+00 4.057160e-12 8.214989e-08 clkload5
 2.110639e-08 6.086049e-08 6.895867e-12 8.197377e-08 fanout1225
 1.360193e-08 6.787051e-08 7.437141e-12 8.147988e-08 fanout940
 1.062659e-08 6.921084e-08 6.901781e-12 7.984433e-08 max_cap269
 1.170841e-08 6.810470e-08 4.803531e-12 7.981792e-08 hold2151
 1.061085e-08 6.865246e-08 4.350918e-12 7.926766e-08 fanout1100
 1.359792e-08 6.490526e-08 6.942567e-12 7.851012e-08 fanout951
 1.094148e-08 6.712423e-08 4.810249e-12 7.807052e-08 hold1365
 7.805307e-08 0.000000e+00 4.774941e-12 7.805784e-08 clkload378
 7.804600e-08 0.000000e+00 4.774941e-12 7.805077e-08 clkload411
 7.801755e-08 0.000000e+00 4.774941e-12 7.802232e-08 clkload420
 7.800051e-08 0.000000e+00 4.774941e-12 7.800529e-08 clkload371
 7.798792e-08 0.000000e+00 4.774941e-12 7.799269e-08 clkload430
 7.798516e-08 0.000000e+00 4.774941e-12 7.798994e-08 clkload368
 7.797389e-08 0.000000e+00 4.774941e-12 7.797867e-08 clkload539
 7.796039e-08 0.000000e+00 4.774941e-12 7.796516e-08 clkload335
 7.795852e-08 0.000000e+00 4.774941e-12 7.796329e-08 clkload373
 7.795225e-08 0.000000e+00 4.774941e-12 7.795703e-08 clkload461
 7.795156e-08 0.000000e+00 4.774941e-12 7.795634e-08 clkload438
 7.794713e-08 0.000000e+00 4.774941e-12 7.795190e-08 clkload375
 7.794640e-08 0.000000e+00 4.774941e-12 7.795118e-08 clkload433
 7.794566e-08 0.000000e+00 4.774941e-12 7.795044e-08 clkload355
 7.794546e-08 0.000000e+00 4.774941e-12 7.795023e-08 clkload352
 7.794542e-08 0.000000e+00 4.774941e-12 7.795019e-08 clkload408
 7.794355e-08 0.000000e+00 4.774941e-12 7.794832e-08 clkload463
 7.794333e-08 0.000000e+00 4.774941e-12 7.794810e-08 clkload312
 7.794084e-08 0.000000e+00 4.774941e-12 7.794561e-08 clkload376
 7.794072e-08 0.000000e+00 4.774941e-12 7.794549e-08 clkload417
 7.794072e-08 0.000000e+00 4.774941e-12 7.794549e-08 clkload427
 7.793899e-08 0.000000e+00 4.774941e-12 7.794376e-08 clkload396
 7.793560e-08 0.000000e+00 4.774941e-12 7.794037e-08 clkload440
 7.793222e-08 0.000000e+00 4.774941e-12 7.793700e-08 clkload485
 7.792703e-08 0.000000e+00 4.774941e-12 7.793181e-08 clkload321
 7.792698e-08 0.000000e+00 4.774941e-12 7.793176e-08 clkload498
 7.792581e-08 0.000000e+00 4.774941e-12 7.793059e-08 clkload336
 7.792227e-08 0.000000e+00 4.774941e-12 7.792705e-08 clkload268
 7.791959e-08 0.000000e+00 4.774941e-12 7.792436e-08 clkload413
 7.791815e-08 0.000000e+00 4.774941e-12 7.792293e-08 clkload291
 7.791771e-08 0.000000e+00 4.774941e-12 7.792249e-08 clkload421
 7.791762e-08 0.000000e+00 4.774941e-12 7.792239e-08 clkload353
 7.791638e-08 0.000000e+00 4.774941e-12 7.792115e-08 clkload341
 7.791581e-08 0.000000e+00 4.774941e-12 7.792059e-08 clkload428
 7.791493e-08 0.000000e+00 4.774941e-12 7.791970e-08 clkload524
 7.791402e-08 0.000000e+00 4.774941e-12 7.791880e-08 clkload285
 7.791144e-08 0.000000e+00 4.774941e-12 7.791621e-08 clkload315
 7.791140e-08 0.000000e+00 4.774941e-12 7.791618e-08 clkload359
 7.790602e-08 0.000000e+00 4.774941e-12 7.791079e-08 clkload344
 7.790432e-08 0.000000e+00 4.774941e-12 7.790910e-08 clkload392
 7.790416e-08 0.000000e+00 4.774941e-12 7.790894e-08 clkload267
 7.790191e-08 0.000000e+00 4.774941e-12 7.790668e-08 clkload530
 7.790185e-08 0.000000e+00 4.774941e-12 7.790663e-08 clkload468
 7.790020e-08 0.000000e+00 4.774941e-12 7.790497e-08 clkload423
 7.789632e-08 0.000000e+00 4.774941e-12 7.790109e-08 clkload283
 7.789586e-08 0.000000e+00 4.774941e-12 7.790063e-08 clkload295
 7.788464e-08 0.000000e+00 4.774941e-12 7.788941e-08 clkload361
 7.788320e-08 0.000000e+00 4.774941e-12 7.788798e-08 clkload491
 7.787422e-08 0.000000e+00 4.774941e-12 7.787899e-08 clkload269
 7.786787e-08 0.000000e+00 4.774941e-12 7.787264e-08 clkload455
 7.786554e-08 0.000000e+00 4.774941e-12 7.787032e-08 clkload277
 7.786286e-08 0.000000e+00 4.774941e-12 7.786764e-08 clkload311
 7.786279e-08 0.000000e+00 4.774941e-12 7.786757e-08 clkload519
 7.786127e-08 0.000000e+00 4.774941e-12 7.786604e-08 clkload350
 1.520476e-08 6.263942e-08 4.705685e-12 7.784889e-08 fanout2016
 7.784186e-08 0.000000e+00 4.774941e-12 7.784664e-08 clkload278
 7.783802e-08 0.000000e+00 4.774941e-12 7.784280e-08 clkload505
 1.301855e-08 6.365296e-08 4.845018e-12 7.667635e-08 fanout616
 1.359076e-08 6.051641e-08 1.059962e-11 7.411778e-08 fanout644
 1.075233e-08 6.216497e-08 4.850659e-12 7.292216e-08 hold7
 1.066245e-08 6.118209e-08 4.350918e-12 7.184889e-08 fanout1178
 1.065305e-08 6.117951e-08 4.350918e-12 7.183692e-08 fanout1118
 1.353535e-08 5.798719e-08 6.942567e-12 7.152948e-08 fanout943
 8.924747e-09 6.252553e-08 4.821223e-12 7.145510e-08 hold681
 1.808180e-08 5.334650e-08 4.576968e-12 7.143288e-08 fanout679
 1.063930e-08 5.960006e-08 4.850659e-12 7.024421e-08 fanout1255
 1.366141e-08 5.647118e-08 1.404606e-11 7.014663e-08 fanout642
 1.073894e-08 5.772013e-08 4.850659e-12 6.846393e-08 fanout1270
 6.835967e-08 0.000000e+00 4.787762e-12 6.836446e-08 clkload136
 6.835642e-08 0.000000e+00 4.787762e-12 6.836121e-08 clkload212
 6.835013e-08 0.000000e+00 4.787762e-12 6.835492e-08 clkload137
 6.834296e-08 0.000000e+00 4.787762e-12 6.834775e-08 clkload211
 6.826254e-08 0.000000e+00 4.787762e-12 6.826733e-08 clkload49
 6.825272e-08 0.000000e+00 4.787762e-12 6.825751e-08 clkload134
 6.825146e-08 0.000000e+00 4.787762e-12 6.825625e-08 clkload209
 6.824614e-08 0.000000e+00 4.787762e-12 6.825093e-08 clkload210
 6.824073e-08 0.000000e+00 4.787762e-12 6.824552e-08 clkload246
 6.821544e-08 0.000000e+00 4.787762e-12 6.822023e-08 clkload47
 6.821230e-08 0.000000e+00 4.787762e-12 6.821709e-08 clkload208
 6.821172e-08 0.000000e+00 4.787762e-12 6.821651e-08 clkload135
 6.819762e-08 0.000000e+00 4.787762e-12 6.820241e-08 clkload181
 6.819688e-08 0.000000e+00 4.787762e-12 6.820166e-08 clkload241
 6.819617e-08 0.000000e+00 4.787762e-12 6.820096e-08 clkload238
 6.819513e-08 0.000000e+00 4.787762e-12 6.819992e-08 clkload206
 6.819410e-08 0.000000e+00 4.787762e-12 6.819889e-08 clkload71
 6.819089e-08 0.000000e+00 4.787762e-12 6.819568e-08 clkload94
 6.818836e-08 0.000000e+00 4.787762e-12 6.819315e-08 clkload207
 6.818146e-08 0.000000e+00 4.787762e-12 6.818625e-08 clkload220
 6.818144e-08 0.000000e+00 4.787762e-12 6.818622e-08 clkload184
 6.818139e-08 0.000000e+00 4.787762e-12 6.818618e-08 clkload203
 6.817842e-08 0.000000e+00 4.787762e-12 6.818320e-08 clkload126
 6.817807e-08 0.000000e+00 4.787762e-12 6.818286e-08 clkload192
 1.056461e-08 5.760927e-08 4.652660e-12 6.817854e-08 fanout397
 6.816219e-08 0.000000e+00 4.787762e-12 6.816698e-08 clkload48
 6.816087e-08 0.000000e+00 4.787762e-12 6.816566e-08 clkload72
 6.814429e-08 0.000000e+00 4.787762e-12 6.814908e-08 clkload244
 6.814367e-08 0.000000e+00 4.787762e-12 6.814846e-08 clkload217
 6.813737e-08 0.000000e+00 4.787762e-12 6.814216e-08 clkload123
 6.813124e-08 0.000000e+00 4.787762e-12 6.813603e-08 clkload97
 6.813044e-08 0.000000e+00 4.787762e-12 6.813523e-08 clkload179
 6.812446e-08 0.000000e+00 4.787762e-12 6.812925e-08 clkload99
 6.812417e-08 0.000000e+00 4.787762e-12 6.812895e-08 clkload69
 6.811930e-08 0.000000e+00 4.787762e-12 6.812409e-08 clkload199
 6.809088e-08 0.000000e+00 4.787762e-12 6.809567e-08 clkload102
 6.809087e-08 0.000000e+00 4.787762e-12 6.809566e-08 clkload180
 6.809081e-08 0.000000e+00 4.787762e-12 6.809559e-08 clkload198
 6.807583e-08 0.000000e+00 4.787762e-12 6.808062e-08 clkload178
 6.807277e-08 0.000000e+00 4.787762e-12 6.807755e-08 clkload151
 6.807236e-08 0.000000e+00 4.787762e-12 6.807715e-08 clkload231
 6.806735e-08 0.000000e+00 4.787762e-12 6.807214e-08 clkload109
 6.806188e-08 0.000000e+00 4.787762e-12 6.806667e-08 clkload232
 6.805738e-08 0.000000e+00 4.787762e-12 6.806217e-08 clkload183
 7.752151e-09 6.028909e-08 4.834915e-12 6.804607e-08 hold1254
 6.803823e-08 0.000000e+00 4.787762e-12 6.804301e-08 clkload145
 6.802884e-08 0.000000e+00 4.787762e-12 6.803363e-08 clkload165
 1.067678e-08 5.724161e-08 4.850659e-12 6.792324e-08 fanout1280
 6.754569e-08 0.000000e+00 4.787762e-12 6.755048e-08 clkload38
 8.377841e-09 5.786527e-08 4.830403e-12 6.624794e-08 hold3493
 1.324477e-08 5.296419e-08 7.445467e-12 6.621641e-08 fanout851
 1.075543e-08 5.535564e-08 4.350918e-12 6.611542e-08 fanout1191
 1.352860e-08 5.255957e-08 6.942567e-12 6.609512e-08 fanout946
 1.050265e-08 5.497660e-08 4.652660e-12 6.548391e-08 fanout402
 1.067178e-08 5.447292e-08 4.391225e-12 6.514910e-08 fanout692
 9.315807e-09 5.560805e-08 4.726660e-12 6.492859e-08 fanout1361
 1.064347e-08 5.416092e-08 4.850659e-12 6.480924e-08 fanout1234
 1.049991e-08 5.412182e-08 4.652660e-12 6.462638e-08 fanout393
 1.065935e-08 5.387702e-08 4.850659e-12 6.454122e-08 fanout1257
 1.076402e-08 5.360888e-08 4.350918e-12 6.437725e-08 fanout1171
 1.068384e-08 5.364356e-08 4.350918e-12 6.433174e-08 fanout1116
 1.068137e-08 5.341565e-08 4.350918e-12 6.410136e-08 fanout1192
 1.076186e-08 5.332714e-08 4.350918e-12 6.409336e-08 fanout1110
 1.084083e-08 5.317908e-08 4.810351e-12 6.402472e-08 fanout710
 1.076230e-08 5.292446e-08 4.350918e-12 6.369110e-08 fanout1115
 1.078420e-08 5.273374e-08 4.850659e-12 6.352280e-08 fanout1276
 1.079070e-08 5.268335e-08 4.350918e-12 6.347840e-08 fanout1152
 1.078318e-08 5.262300e-08 4.850659e-12 6.341104e-08 fanout1206
 7.204354e-09 5.619117e-08 4.835890e-12 6.340036e-08 hold2923
 1.111447e-08 5.189972e-08 6.929414e-12 6.302111e-08 fanout639
 1.073659e-08 5.174383e-08 4.350918e-12 6.248476e-08 fanout1184
 1.077605e-08 5.157462e-08 4.350918e-12 6.235502e-08 fanout1114
 1.080101e-08 5.123475e-08 4.850659e-12 6.204061e-08 fanout1283
 1.074010e-08 5.121890e-08 4.850659e-12 6.196385e-08 fanout1254
 1.075548e-08 5.057211e-08 4.850659e-12 6.133244e-08 fanout1277
 7.397616e-09 5.388781e-08 4.832710e-12 6.129025e-08 hold3031
 1.070665e-08 5.042042e-08 4.350918e-12 6.113142e-08 fanout1182
 1.072032e-08 4.996854e-08 4.850659e-12 6.069371e-08 fanout1273
 1.075308e-08 4.964910e-08 4.850659e-12 6.040703e-08 fanout1217
 1.067268e-08 4.946070e-08 4.350918e-12 6.013773e-08 fanout1138
 1.071154e-08 4.939433e-08 4.350918e-12 6.011022e-08 fanout1158
 1.083085e-08 4.913666e-08 4.350918e-12 5.997186e-08 fanout1165
 1.072207e-08 4.910599e-08 4.350918e-12 5.983240e-08 fanout1153
 1.081634e-08 4.900076e-08 4.350918e-12 5.982145e-08 fanout1094
 1.080749e-08 4.893982e-08 4.350918e-12 5.975166e-08 fanout1137
 1.069446e-08 4.894427e-08 4.350918e-12 5.964308e-08 fanout1127
 1.081242e-08 4.866363e-08 4.850659e-12 5.948090e-08 fanout1231
 1.076216e-08 4.861337e-08 4.850659e-12 5.938038e-08 fanout1232
 1.079311e-08 4.857101e-08 4.350918e-12 5.936848e-08 fanout1130
 1.083241e-08 4.846888e-08 4.350918e-12 5.930565e-08 fanout1154
 1.077822e-08 4.814228e-08 4.350918e-12 5.892485e-08 fanout1189
 1.069374e-08 4.816195e-08 4.350918e-12 5.886004e-08 fanout1101
 1.080447e-08 4.803866e-08 4.350918e-12 5.884749e-08 fanout1180
 1.088343e-08 4.795450e-08 4.350918e-12 5.884228e-08 fanout1149
 1.070324e-08 4.799070e-08 4.350918e-12 5.869829e-08 fanout1095
 8.838787e-09 4.985144e-08 6.900815e-12 5.869713e-08 fanout958
 1.074504e-08 4.786237e-08 4.350918e-12 5.861176e-08 fanout1175
 8.507181e-09 5.008289e-08 4.763890e-12 5.859483e-08 fanout876
 1.079892e-08 4.766863e-08 4.350918e-12 5.847190e-08 fanout1089
 1.077283e-08 4.762766e-08 4.810351e-12 5.840530e-08 fanout145
 1.074470e-08 4.740946e-08 4.350918e-12 5.815852e-08 fanout1176
 1.447073e-08 4.345868e-08 4.605891e-12 5.793401e-08 fanout677
 1.078391e-08 4.689227e-08 4.350918e-12 5.768053e-08 fanout1187
 1.078141e-08 4.675575e-08 4.850659e-12 5.754200e-08 fanout1260
 1.082736e-08 4.662905e-08 4.350918e-12 5.746076e-08 fanout1092
 1.070813e-08 4.667215e-08 4.350918e-12 5.738463e-08 fanout1096
 1.075922e-08 4.654081e-08 4.350918e-12 5.730438e-08 fanout1183
 1.085161e-08 4.611487e-08 4.350918e-12 5.697083e-08 fanout1122
 1.087866e-08 4.608074e-08 4.350918e-12 5.696376e-08 fanout1112
 1.082803e-08 4.605870e-08 4.350918e-12 5.689108e-08 fanout1107
 1.084575e-08 4.596036e-08 4.350918e-12 5.681046e-08 fanout1166
 1.071022e-08 4.608934e-08 4.350918e-12 5.680392e-08 fanout1098
 1.072815e-08 4.584516e-08 4.350918e-12 5.657767e-08 fanout1155
 1.076842e-08 4.575608e-08 4.350918e-12 5.652886e-08 fanout1143
 1.077962e-08 4.555680e-08 4.810351e-12 5.634123e-08 fanout158
 1.070646e-08 4.562662e-08 4.350918e-12 5.633743e-08 fanout1132
 1.080569e-08 4.497452e-08 4.810351e-12 5.578501e-08 fanout705
 1.091719e-08 4.486244e-08 4.350918e-12 5.578399e-08 fanout1156
 1.071043e-08 4.505678e-08 4.350918e-12 5.577156e-08 fanout1167
 1.085192e-08 4.479342e-08 4.350918e-12 5.564970e-08 fanout1142
 1.080573e-08 4.453844e-08 4.850659e-12 5.534902e-08 fanout1240
 1.083716e-08 4.429770e-08 4.350918e-12 5.513922e-08 fanout1084
 1.082137e-08 4.392326e-08 4.850659e-12 5.474948e-08 fanout1282
 1.083571e-08 4.381665e-08 4.350918e-12 5.465672e-08 fanout1126
 1.084587e-08 4.338616e-08 4.850659e-12 5.423688e-08 fanout1248
 8.542398e-09 4.537473e-08 4.763890e-12 5.392189e-08 fanout874
 1.090191e-08 4.293930e-08 4.350918e-12 5.384556e-08 fanout1119
 1.070115e-08 4.303278e-08 4.850659e-12 5.373878e-08 fanout1256
 1.085685e-08 4.263212e-08 4.350918e-12 5.349333e-08 fanout1121
 1.082317e-08 4.238692e-08 4.350918e-12 5.321444e-08 fanout1090
 1.081502e-08 4.230991e-08 4.350918e-12 5.312928e-08 fanout1173
 6.294124e-09 4.676500e-08 1.053063e-11 5.306965e-08 fanout629
 1.083364e-08 4.202516e-08 4.350918e-12 5.286316e-08 fanout1179
 8.516415e-09 4.420663e-08 4.763890e-12 5.272781e-08 fanout879
 1.089707e-08 4.158613e-08 4.350918e-12 5.248755e-08 fanout1082
 1.078366e-08 4.166311e-08 4.850659e-12 5.245162e-08 fanout1199
 1.072391e-08 4.168497e-08 4.350918e-12 5.241323e-08 fanout1168
 1.079880e-08 4.150526e-08 4.350918e-12 5.230842e-08 fanout1103
 1.080545e-08 4.142872e-08 4.850659e-12 5.223902e-08 fanout1258
 1.075873e-08 4.139050e-08 4.810351e-12 5.215404e-08 fanout711
 5.209746e-08 0.000000e+00 5.153271e-12 5.210262e-08 clkload22
 1.070613e-08 4.122570e-08 4.850659e-12 5.193668e-08 fanout1216
 5.181671e-08 0.000000e+00 5.153271e-12 5.182187e-08 clkload18
 5.180924e-08 0.000000e+00 5.153271e-12 5.181440e-08 clkload30
 1.083700e-08 4.083136e-08 4.850659e-12 5.167321e-08 fanout1251
 5.165915e-08 0.000000e+00 5.153271e-12 5.166430e-08 clkload40
 5.165264e-08 0.000000e+00 5.153271e-12 5.165780e-08 clkload45
 5.163330e-08 0.000000e+00 5.153271e-12 5.163846e-08 clkload25
 1.087877e-08 4.008820e-08 4.850659e-12 5.097182e-08 fanout1219
 1.081783e-08 4.004725e-08 4.350918e-12 5.086943e-08 fanout1086
 1.092752e-08 3.979923e-08 4.350918e-12 5.073110e-08 fanout1169
 1.089974e-08 3.953959e-08 4.350918e-12 5.044368e-08 fanout1120
 1.086194e-08 3.946190e-08 4.350918e-12 5.032819e-08 fanout1093
 9.109340e-09 4.119938e-08 4.169129e-12 5.031289e-08 fanout688
 1.076020e-08 3.943021e-08 4.810351e-12 5.019522e-08 fanout156
 1.070960e-08 3.892576e-08 4.850659e-12 4.964021e-08 fanout1245
 8.151592e-09 4.145409e-08 4.124324e-12 4.960981e-08 fanout901
 1.080612e-08 3.837278e-08 4.350918e-12 4.918326e-08 fanout1139
 1.073299e-08 3.791670e-08 4.350918e-12 4.865404e-08 fanout1170
 1.072883e-08 3.787061e-08 4.350918e-12 4.860380e-08 fanout1124
 1.081952e-08 3.771496e-08 4.350918e-12 4.853884e-08 fanout1111
 1.082912e-08 3.761666e-08 4.350918e-12 4.845013e-08 fanout1128
 1.078180e-08 3.736689e-08 4.350918e-12 4.815304e-08 fanout1185
 1.083216e-08 3.716783e-08 4.350918e-12 4.800433e-08 fanout1145
 6.481351e-09 4.123196e-08 6.886395e-12 4.772020e-08 max_cap312
 8.813243e-09 3.855375e-08 6.900815e-12 4.737390e-08 fanout931
 1.071955e-08 3.648773e-08 4.350918e-12 4.721163e-08 fanout1097
 1.073388e-08 3.606200e-08 4.350918e-12 4.680024e-08 fanout1157
 1.083069e-08 3.589929e-08 4.350918e-12 4.673433e-08 fanout1164
 8.813239e-09 3.764639e-08 7.478893e-12 4.646711e-08 fanout1339
 7.465323e-09 3.898531e-08 4.365585e-12 4.645500e-08 fanout232
 1.082227e-08 3.537066e-08 4.350918e-12 4.619729e-08 fanout1134
 5.191440e-09 4.099219e-08 1.054024e-11 4.619417e-08 fanout369
 5.452347e-09 4.060220e-08 6.882956e-12 4.606142e-08 max_cap582
 1.026423e-08 3.542278e-08 1.056942e-11 4.569757e-08 fanout646
 8.995786e-09 3.634243e-08 4.154869e-12 4.534237e-08 fanout666
 1.114778e-08 3.371697e-08 1.405705e-11 4.487880e-08 fanout538
 4.485494e-08 0.000000e+00 4.466158e-12 4.485941e-08 clkload254
 9.024870e-09 3.429476e-08 4.145669e-12 4.332377e-08 fanout672
 5.605733e-09 3.741296e-08 4.538241e-12 4.302322e-08 wire493
 7.492660e-09 3.482790e-08 4.848454e-12 4.232541e-08 fanout276
 4.034623e-09 3.810551e-08 1.051347e-11 4.215064e-08 fanout511
 6.735677e-09 3.518000e-08 6.887481e-12 4.192257e-08 max_cap714
 7.930907e-09 3.341297e-08 4.170234e-12 4.134805e-08 fanout687
 5.796633e-09 3.484505e-08 1.052548e-11 4.065221e-08 fanout588
 7.521505e-09 3.273822e-08 4.365585e-12 4.026409e-08 fanout223
 5.065124e-09 3.516317e-08 4.848300e-12 4.023315e-08 hold2660
 6.463226e-09 3.269236e-08 1.053372e-11 3.916611e-08 fanout560
 6.370589e-09 3.276938e-08 4.349687e-12 3.914432e-08 fanout202
 3.892992e-08 0.000000e+00 4.489159e-12 3.893441e-08 clkload41
 4.694333e-09 3.386073e-08 6.879999e-12 3.856195e-08 max_cap595
 8.872276e-09 2.967725e-08 7.478893e-12 3.855700e-08 fanout1338
 6.036911e-09 3.210720e-08 4.529685e-12 3.814864e-08 fanout703
 6.022472e-09 3.196527e-08 4.601998e-12 3.799234e-08 fanout1221
 6.906031e-09 3.092083e-08 4.810967e-12 3.783167e-08 fanout954
 4.699731e-09 3.292434e-08 1.051930e-11 3.763459e-08 fanout360
 7.231114e-09 2.977437e-08 4.353021e-12 3.700984e-08 fanout135
 7.566486e-09 2.870292e-08 4.365585e-12 3.627377e-08 fanout225
 7.399315e-09 2.868421e-08 4.206667e-12 3.608773e-08 fanout674
 6.051345e-09 2.964356e-08 4.601998e-12 3.569950e-08 fanout1253
 3.447895e-09 3.197018e-08 1.050729e-11 3.542858e-08 fanout298
 4.069686e-09 3.098462e-08 4.519565e-12 3.505883e-08 wire248
 6.096878e-09 2.864732e-08 3.705439e-12 3.474790e-08 fanout1131
 5.925533e-09 2.878433e-08 4.858761e-12 3.471472e-08 fanout189
 4.477660e-09 3.022383e-08 4.852506e-12 3.470635e-08 hold1898
 6.346666e-09 2.765483e-08 4.345892e-12 3.400584e-08 fanout174
 6.033096e-09 2.746858e-08 4.601998e-12 3.350628e-08 fanout1242
 6.037853e-09 2.721880e-08 4.529685e-12 3.326118e-08 fanout155
 6.063405e-09 2.698433e-08 3.705439e-12 3.305145e-08 fanout1104
 6.074400e-09 2.694968e-08 3.777753e-12 3.302786e-08 fanout690
 6.040862e-09 2.691400e-08 3.777753e-12 3.295864e-08 fanout165
 6.092232e-09 2.650870e-08 3.705439e-12 3.260464e-08 fanout1135
 5.732463e-09 2.681977e-08 4.857531e-12 3.255709e-08 fanout106
 3.212236e-08 0.000000e+00 2.712694e-12 3.212508e-08 clkload276
 3.196681e-08 0.000000e+00 2.712694e-12 3.196953e-08 clkload507
 6.116104e-09 2.570217e-08 4.856300e-12 3.182313e-08 fanout180
 3.175843e-08 0.000000e+00 2.712694e-12 3.176114e-08 clkload389
 3.165998e-08 0.000000e+00 2.712694e-12 3.166269e-08 clkload457
 6.424120e-09 2.515190e-08 4.349687e-12 3.158037e-08 fanout199
 3.157347e-08 0.000000e+00 2.712694e-12 3.157618e-08 clkload516
 3.153958e-08 0.000000e+00 2.712694e-12 3.154229e-08 clkload385
 3.151382e-08 0.000000e+00 2.712694e-12 3.151653e-08 clkload449
 3.106084e-08 0.000000e+00 2.712694e-12 3.106355e-08 clkload256
 3.087876e-08 0.000000e+00 2.712694e-12 3.088147e-08 clkload263
 6.394920e-09 2.429296e-08 1.411197e-11 3.070199e-08 fanout558
 3.069862e-08 0.000000e+00 2.712694e-12 3.070134e-08 clkload261
 4.756891e-09 2.582662e-08 4.339277e-12 3.058785e-08 fanout138
 6.016704e-09 2.450089e-08 4.342816e-12 3.052194e-08 fanout185
 6.119813e-09 2.425308e-08 3.707141e-12 3.037660e-08 fanout119
 4.314844e-09 2.581623e-08 4.598043e-12 3.013567e-08 fanout277
 6.328510e-09 2.379893e-08 4.855685e-12 3.013229e-08 fanout176
 6.407497e-09 2.369752e-08 4.349687e-12 3.010937e-08 fanout201
 6.051147e-09 2.397806e-08 3.707141e-12 3.003291e-08 fanout126
 6.040516e-09 2.387200e-08 3.705439e-12 2.991622e-08 fanout1159
 6.161564e-09 2.335575e-08 4.856300e-12 2.952217e-08 fanout181
 6.041629e-09 2.329161e-08 3.707141e-12 2.933694e-08 fanout120
 6.455315e-09 2.287638e-08 4.851890e-12 2.933655e-08 fanout196
 6.112091e-09 2.305446e-08 3.707141e-12 2.917026e-08 fanout123
 6.042308e-09 2.283800e-08 3.705439e-12 2.888401e-08 fanout1148
 6.092162e-09 2.277608e-08 3.705439e-12 2.887195e-08 fanout1083
 6.404854e-09 2.242494e-08 4.851890e-12 2.883464e-08 fanout194
 6.053897e-09 2.250841e-08 4.529685e-12 2.856684e-08 fanout697
 6.456971e-09 2.202895e-08 4.851890e-12 2.849077e-08 fanout190
 5.344256e-09 2.296300e-08 4.345995e-12 2.831160e-08 fanout492
 5.668772e-09 2.244795e-08 1.411437e-11 2.813083e-08 fanout543
 2.808766e-08 0.000000e+00 2.609241e-12 2.809027e-08 clkload233
 2.804140e-08 0.000000e+00 2.609241e-12 2.804401e-08 clkload226
 2.804114e-08 0.000000e+00 2.609241e-12 2.804375e-08 clkload227
 2.793317e-08 0.000000e+00 2.609241e-12 2.793578e-08 clkload155
 6.080092e-09 2.174383e-08 3.707141e-12 2.782763e-08 fanout115
 2.781760e-08 0.000000e+00 2.609241e-12 2.782020e-08 clkload58
 2.780404e-08 0.000000e+00 2.609241e-12 2.780665e-08 clkload229
 6.078829e-09 2.169001e-08 4.345277e-12 2.777318e-08 fanout182
 2.772608e-08 0.000000e+00 2.609241e-12 2.772869e-08 clkload67
 2.768383e-08 0.000000e+00 2.609241e-12 2.768644e-08 clkload63
 2.763634e-08 0.000000e+00 2.609241e-12 2.763895e-08 clkload234
 2.755080e-08 0.000000e+00 2.609241e-12 2.755341e-08 clkload61
 6.116156e-09 2.143234e-08 3.707141e-12 2.755220e-08 fanout122
 6.108903e-09 2.143956e-08 3.707141e-12 2.755218e-08 fanout124
 2.750295e-08 0.000000e+00 2.609241e-12 2.750556e-08 clkload140
 6.114985e-09 2.133805e-08 4.856300e-12 2.745789e-08 fanout179
 2.741838e-08 0.000000e+00 2.609241e-12 2.742099e-08 clkload89
 2.730465e-08 0.000000e+00 2.609241e-12 2.730726e-08 clkload90
 6.079680e-09 2.118496e-08 3.707141e-12 2.726835e-08 fanout116
 6.114882e-09 2.103645e-08 4.601998e-12 2.715594e-08 fanout1213
 2.703770e-08 0.000000e+00 2.609241e-12 2.704031e-08 clkload31
 6.106529e-09 2.092104e-08 3.707141e-12 2.703127e-08 fanout118
 6.074701e-09 2.083421e-08 3.705439e-12 2.691262e-08 fanout1172
 2.658200e-08 0.000000e+00 1.567550e-12 2.658356e-08 clkload0
 6.435774e-09 1.992272e-08 4.851890e-12 2.636334e-08 fanout192
 6.060362e-09 2.028599e-08 4.601998e-12 2.635096e-08 fanout1218
 4.776011e-09 2.132729e-08 4.339277e-12 2.610764e-08 fanout139
 4.651898e-09 2.125079e-08 4.349533e-12 2.590704e-08 fanout886
 5.148265e-09 2.049840e-08 4.859838e-12 2.565152e-08 fanout208
 5.172379e-09 2.045726e-08 4.341738e-12 2.563399e-08 fanout215
 6.068153e-09 1.949463e-08 3.705439e-12 2.556649e-08 fanout1190
 6.074337e-09 1.918751e-08 4.529685e-12 2.526638e-08 fanout706
 6.040525e-09 1.875084e-08 4.529685e-12 2.479589e-08 fanout150
 2.466068e-08 0.000000e+00 1.144103e-13 2.466079e-08 clkload448
 2.450817e-08 0.000000e+00 1.144103e-13 2.450828e-08 clkload270
 2.447827e-08 0.000000e+00 1.144103e-13 2.447838e-08 clkload481
 2.446164e-08 0.000000e+00 1.144103e-13 2.446176e-08 clkload475
 2.426227e-08 0.000000e+00 1.144103e-13 2.426238e-08 clkload297
 2.422979e-08 0.000000e+00 1.144103e-13 2.422990e-08 clkload538
 2.420209e-08 0.000000e+00 1.144103e-13 2.420221e-08 clkload395
 2.411525e-08 0.000000e+00 1.144103e-13 2.411537e-08 clkload308
 5.153488e-09 1.891760e-08 1.412364e-11 2.408521e-08 fanout647
 4.288887e-09 1.976855e-08 3.731752e-12 2.406117e-08 fanout221
 1.772013e-09 2.227890e-08 6.871130e-12 2.405779e-08 max_cap241
 2.398694e-08 0.000000e+00 1.144103e-13 2.398705e-08 clkload492
 2.398267e-08 0.000000e+00 1.144103e-13 2.398279e-08 clkload494
 6.057356e-09 1.791464e-08 4.529685e-12 2.397653e-08 fanout700
 2.397149e-08 0.000000e+00 1.144103e-13 2.397160e-08 clkload345
 3.222598e-09 2.058697e-08 6.875353e-12 2.381644e-08 fanout561
 2.380223e-08 0.000000e+00 1.144103e-13 2.380234e-08 clkload282
 2.377562e-08 0.000000e+00 1.144103e-13 2.377573e-08 clkload280
 2.371159e-08 0.000000e+00 1.144103e-13 2.371170e-08 clkload450
 2.367495e-08 0.000000e+00 1.144103e-13 2.367506e-08 clkload514
 2.367110e-08 0.000000e+00 1.144103e-13 2.367121e-08 clkload515
 2.366085e-08 0.000000e+00 1.144103e-13 2.366096e-08 clkload512
 2.364569e-08 0.000000e+00 1.144103e-13 2.364580e-08 clkload300
 5.168371e-09 1.839939e-08 4.345995e-12 2.357211e-08 fanout490
 2.355626e-08 0.000000e+00 1.144103e-13 2.355637e-08 clkload384
 2.353391e-08 0.000000e+00 1.144103e-13 2.353402e-08 clkload452
 2.352955e-08 0.000000e+00 1.144103e-13 2.352967e-08 clkload386
 2.352770e-08 0.000000e+00 1.144103e-13 2.352782e-08 clkload301
 4.917511e-09 1.858467e-08 4.560966e-12 2.350674e-08 fanout686
 2.322960e-08 0.000000e+00 1.144103e-13 2.322972e-08 clkload387
 4.250241e-09 1.895500e-08 3.731752e-12 2.320897e-08 fanout226
 4.057252e-09 1.851601e-08 4.864300e-12 2.257813e-08 fanout127
 2.206968e-08 0.000000e+00 1.144103e-13 2.206980e-08 clkload251
 2.206054e-08 0.000000e+00 1.144103e-13 2.206065e-08 clkload257
 4.253962e-09 1.764205e-08 3.709396e-12 2.189972e-08 fanout271
 2.137700e-08 0.000000e+00 1.120246e-13 2.137711e-08 clkload50
 2.132435e-08 0.000000e+00 1.120246e-13 2.132446e-08 clkload128
 4.252190e-09 1.703239e-08 3.731752e-12 2.128831e-08 fanout231
 2.119330e-08 0.000000e+00 1.120246e-13 2.119341e-08 clkload64
 2.114492e-08 0.000000e+00 1.120246e-13 2.114503e-08 clkload82
 2.107394e-08 0.000000e+00 1.120246e-13 2.107406e-08 clkload62
 2.105445e-08 0.000000e+00 1.120246e-13 2.105456e-08 clkload148
 3.641960e-09 1.740293e-08 4.335687e-12 2.104923e-08 fanout143
 2.101839e-08 0.000000e+00 1.120246e-13 2.101850e-08 clkload223
 2.095720e-08 0.000000e+00 1.120246e-13 2.095731e-08 clkload54
 2.092824e-08 0.000000e+00 1.120246e-13 2.092835e-08 clkload149
 2.078606e-08 0.000000e+00 1.120246e-13 2.078617e-08 clkload152
 2.078187e-08 0.000000e+00 1.120246e-13 2.078198e-08 clkload118
 2.076618e-08 0.000000e+00 1.120246e-13 2.076630e-08 clkload86
 2.064889e-08 0.000000e+00 1.120246e-13 2.064901e-08 clkload116
 2.060096e-08 0.000000e+00 1.120246e-13 2.060107e-08 clkload153
 2.044655e-08 0.000000e+00 1.120246e-13 2.044666e-08 clkload224
 2.042630e-08 0.000000e+00 1.120246e-13 2.042641e-08 clkload167
 3.711833e-09 1.669764e-08 4.604207e-12 2.041408e-08 fanout198
 2.041019e-08 0.000000e+00 1.120246e-13 2.041030e-08 clkload139
 2.036388e-08 0.000000e+00 1.120246e-13 2.036399e-08 clkload120
 2.027939e-08 0.000000e+00 1.120246e-13 2.027950e-08 clkload166
 9.001320e-09 1.111599e-08 7.500976e-12 2.012481e-08 wire169
 4.254775e-09 1.574136e-08 3.709396e-12 1.999984e-08 fanout273
 4.259422e-09 1.534520e-08 3.731752e-12 1.960836e-08 fanout218
 4.222427e-09 1.484071e-08 3.731752e-12 1.906687e-08 fanout222
 1.876842e-08 0.000000e+00 1.120246e-13 1.876853e-08 clkload43
 3.630913e-09 1.500118e-08 4.604207e-12 1.863670e-08 fanout191
 1.861996e-08 0.000000e+00 1.120246e-13 1.862007e-08 clkload21
 1.861161e-08 0.000000e+00 1.120246e-13 1.861172e-08 clkload34
 3.728485e-09 1.481536e-08 4.583230e-12 1.854843e-08 fanout673
 2.178379e-09 1.543500e-08 4.865018e-12 1.761824e-08 hold2771
 2.940060e-09 1.432640e-08 4.610555e-12 1.727107e-08 fanout111
 2.933016e-09 1.405326e-08 4.618467e-12 1.699090e-08 fanout209
 2.921428e-09 1.406299e-08 4.610555e-12 1.698903e-08 fanout113
 2.973287e-09 1.377828e-08 3.696883e-12 1.675526e-08 fanout109
 1.673778e-08 0.000000e+00 1.842894e-12 1.673962e-08 clkload540
 1.667510e-08 0.000000e+00 1.842894e-12 1.667694e-08 clkload340
 1.665300e-08 0.000000e+00 1.842894e-12 1.665485e-08 clkload431
 1.663456e-08 0.000000e+00 1.842894e-12 1.663640e-08 clkload337
 1.663241e-08 0.000000e+00 1.842894e-12 1.663425e-08 clkload470
 1.661207e-08 0.000000e+00 1.842894e-12 1.661392e-08 clkload409
 1.660655e-08 0.000000e+00 1.842894e-12 1.660840e-08 clkload374
 1.655569e-08 0.000000e+00 1.842894e-12 1.655754e-08 clkload432
 1.655422e-08 0.000000e+00 1.842894e-12 1.655606e-08 clkload429
 1.654531e-08 0.000000e+00 1.842894e-12 1.654715e-08 clkload363
 1.653933e-08 0.000000e+00 1.842894e-12 1.654117e-08 clkload404
 1.652620e-08 0.000000e+00 1.842894e-12 1.652804e-08 clkload380
 1.652190e-08 0.000000e+00 1.842894e-12 1.652374e-08 clkload442
 1.650745e-08 0.000000e+00 1.842894e-12 1.650929e-08 clkload415
 1.650632e-08 0.000000e+00 1.842894e-12 1.650816e-08 clkload462
 1.650547e-08 0.000000e+00 1.842894e-12 1.650731e-08 clkload478
 1.650259e-08 0.000000e+00 1.842894e-12 1.650444e-08 clkload393
 1.648178e-08 0.000000e+00 1.842894e-12 1.648363e-08 clkload379
 1.648097e-08 0.000000e+00 1.842894e-12 1.648282e-08 clkload471
 1.645527e-08 0.000000e+00 1.842894e-12 1.645712e-08 clkload533
 1.644827e-08 0.000000e+00 1.842894e-12 1.645011e-08 clkload357
 1.643008e-08 0.000000e+00 1.842894e-12 1.643192e-08 clkload416
 1.642058e-08 0.000000e+00 1.842894e-12 1.642242e-08 clkload484
 1.640354e-08 0.000000e+00 1.842894e-12 1.640539e-08 clkload360
 1.639482e-08 0.000000e+00 1.842894e-12 1.639666e-08 clkload534
 1.639452e-08 0.000000e+00 1.842894e-12 1.639636e-08 clkload351
 1.639386e-08 0.000000e+00 1.842894e-12 1.639570e-08 clkload323
 1.638470e-08 0.000000e+00 1.842894e-12 1.638654e-08 clkload537
 1.638045e-08 0.000000e+00 1.842894e-12 1.638229e-08 clkload447
 1.637287e-08 0.000000e+00 1.842894e-12 1.637471e-08 clkload327
 1.637169e-08 0.000000e+00 1.842894e-12 1.637353e-08 clkload500
 1.636723e-08 0.000000e+00 1.842894e-12 1.636907e-08 clkload332
 1.636641e-08 0.000000e+00 1.842894e-12 1.636825e-08 clkload330
 1.634876e-08 0.000000e+00 1.842894e-12 1.635060e-08 clkload318
 1.634526e-08 0.000000e+00 1.842894e-12 1.634711e-08 clkload309
 1.633232e-08 0.000000e+00 1.842894e-12 1.633416e-08 clkload529
 1.633109e-08 0.000000e+00 1.842894e-12 1.633293e-08 clkload288
 1.632620e-08 0.000000e+00 1.842894e-12 1.632804e-08 clkload331
 1.632536e-08 0.000000e+00 1.842894e-12 1.632720e-08 clkload531
 1.632528e-08 0.000000e+00 1.842894e-12 1.632712e-08 clkload347
 1.632364e-08 0.000000e+00 1.842894e-12 1.632549e-08 clkload532
 1.632301e-08 0.000000e+00 1.842894e-12 1.632485e-08 clkload273
 1.632221e-08 0.000000e+00 1.842894e-12 1.632405e-08 clkload479
 1.631289e-08 0.000000e+00 1.842894e-12 1.631473e-08 clkload333
 1.631077e-08 0.000000e+00 1.842894e-12 1.631262e-08 clkload527
 1.631058e-08 0.000000e+00 1.842894e-12 1.631242e-08 clkload391
 1.630709e-08 0.000000e+00 1.842894e-12 1.630893e-08 clkload342
 1.630304e-08 0.000000e+00 1.842894e-12 1.630488e-08 clkload521
 1.629860e-08 0.000000e+00 1.842894e-12 1.630044e-08 clkload508
 1.629284e-08 0.000000e+00 1.842894e-12 1.629468e-08 clkload526
 1.628086e-08 0.000000e+00 1.842894e-12 1.628271e-08 clkload493
 1.627448e-08 0.000000e+00 1.842894e-12 1.627632e-08 clkload488
 1.627178e-08 0.000000e+00 1.842894e-12 1.627362e-08 clkload511
 1.626875e-08 0.000000e+00 1.842894e-12 1.627059e-08 clkload453
 1.626683e-08 0.000000e+00 1.842894e-12 1.626868e-08 clkload451
 1.626046e-08 0.000000e+00 1.842894e-12 1.626230e-08 clkload305
 1.625538e-08 0.000000e+00 1.842894e-12 1.625722e-08 clkload510
 1.623268e-08 0.000000e+00 1.842894e-12 1.623452e-08 clkload520
 1.623203e-08 0.000000e+00 1.842894e-12 1.623387e-08 clkload517
 1.623102e-08 0.000000e+00 1.842894e-12 1.623287e-08 clkload513
 1.621825e-08 0.000000e+00 1.842894e-12 1.622009e-08 clkload390
 2.541361e-09 1.319357e-08 1.049939e-11 1.574544e-08 fanout384
 2.957328e-09 1.260776e-08 4.332662e-12 1.556942e-08 fanout142
 3.112259e-09 1.213899e-08 4.596571e-12 1.525585e-08 fanout671
 2.349505e-09 1.266812e-08 6.872819e-12 1.502450e-08 fanout519
 1.476037e-08 0.000000e+00 1.690745e-12 1.476206e-08 clkload185
 2.946829e-09 1.179497e-08 3.688971e-12 1.474549e-08 fanout216
 1.473514e-08 0.000000e+00 1.690745e-12 1.473683e-08 clkload176
 1.471071e-08 0.000000e+00 1.690745e-12 1.471241e-08 clkload101
 1.468749e-08 0.000000e+00 1.690745e-12 1.468919e-08 clkload202
 1.468700e-08 0.000000e+00 1.690745e-12 1.468869e-08 clkload100
 1.467753e-08 0.000000e+00 1.690745e-12 1.467922e-08 clkload196
 1.466818e-08 0.000000e+00 1.690745e-12 1.466988e-08 clkload75
 1.465192e-08 0.000000e+00 1.690745e-12 1.465361e-08 clkload194
 1.462751e-08 0.000000e+00 1.690745e-12 1.462920e-08 clkload170
 1.459922e-08 0.000000e+00 1.690745e-12 1.460092e-08 clkload239
 1.459623e-08 0.000000e+00 1.690745e-12 1.459792e-08 clkload189
 1.457905e-08 0.000000e+00 1.690745e-12 1.458074e-08 clkload70
 1.457861e-08 0.000000e+00 1.690745e-12 1.458030e-08 clkload98
 1.455702e-08 0.000000e+00 1.690745e-12 1.455871e-08 clkload103
 1.454198e-08 0.000000e+00 1.690745e-12 1.454367e-08 clkload200
 1.453654e-08 0.000000e+00 1.690745e-12 1.453823e-08 clkload201
 1.452432e-08 0.000000e+00 1.690745e-12 1.452601e-08 clkload177
 1.448988e-08 0.000000e+00 1.690745e-12 1.449158e-08 clkload182
 1.447007e-08 0.000000e+00 1.690745e-12 1.447176e-08 clkload169
 1.445849e-08 0.000000e+00 1.690745e-12 1.446018e-08 clkload205
 1.441702e-08 0.000000e+00 1.690745e-12 1.441871e-08 clkload52
 1.440672e-08 0.000000e+00 1.690745e-12 1.440841e-08 clkload240
 1.440389e-08 0.000000e+00 1.690745e-12 1.440558e-08 clkload112
 1.439760e-08 0.000000e+00 1.690745e-12 1.439929e-08 clkload78
 1.439732e-08 0.000000e+00 1.690745e-12 1.439901e-08 clkload115
 1.437440e-08 0.000000e+00 1.690745e-12 1.437609e-08 clkload125
 1.437379e-08 0.000000e+00 1.690745e-12 1.437548e-08 clkload87
 1.435766e-08 0.000000e+00 1.690745e-12 1.435935e-08 clkload104
 1.430078e-08 0.000000e+00 1.690745e-12 1.430247e-08 clkload53
 1.428595e-08 0.000000e+00 1.690745e-12 1.428764e-08 clkload221
 1.428150e-08 0.000000e+00 1.690745e-12 1.428319e-08 clkload228
 1.425566e-08 0.000000e+00 1.690745e-12 1.425736e-08 clkload215
 1.425217e-08 0.000000e+00 1.690745e-12 1.425386e-08 clkload65
 1.423968e-08 0.000000e+00 1.690745e-12 1.424137e-08 clkload59
 1.423742e-08 0.000000e+00 1.690745e-12 1.423911e-08 clkload230
 1.423280e-08 0.000000e+00 1.690745e-12 1.423449e-08 clkload154
 1.422946e-08 0.000000e+00 1.690745e-12 1.423115e-08 clkload56
 1.422314e-08 0.000000e+00 1.690745e-12 1.422484e-08 clkload147
 1.422254e-08 0.000000e+00 1.690745e-12 1.422423e-08 clkload235
 1.421590e-08 0.000000e+00 1.690745e-12 1.421759e-08 clkload114
 1.406148e-08 0.000000e+00 1.690745e-12 1.406317e-08 clkload158
 2.200488e-09 1.174281e-08 1.049665e-11 1.395380e-08 fanout245
 2.640216e-09 1.113497e-08 3.679311e-12 1.377887e-08 wire172
 1.936252e-09 1.152166e-08 6.871492e-12 1.346479e-08 fanout376
 2.633432e-09 1.068214e-08 3.679311e-12 1.331926e-08 wire173
 2.204140e-09 1.075523e-08 4.330764e-12 1.296370e-08 fanout130
 2.269404e-09 1.030035e-08 4.330764e-12 1.257409e-08 fanout131
 1.221077e-09 1.126592e-08 6.870104e-12 1.249387e-08 max_cap381
 1.677326e-09 9.696120e-09 6.870526e-12 1.138032e-08 fanout409
 4.120684e-09 7.068936e-09 1.181000e-12 1.119080e-08 max_cap458
 2.028326e-09 8.927821e-09 4.615339e-12 1.096076e-08 fanout682
 1.768796e-09 8.307937e-09 6.870767e-12 1.008360e-08 fanout577
 2.493438e-09 7.129962e-09 4.596479e-12 9.627996e-09 max_cap242
 1.281806e-09 8.043281e-09 1.048910e-11 9.335577e-09 fanout303
 3.167796e-09 6.120760e-09 1.181000e-12 9.289737e-09 max_cap414
 3.707729e-09 5.468284e-09 1.181000e-12 9.177194e-09 max_cap471
 1.106761e-09 7.749150e-09 1.048807e-11 8.866400e-09 fanout299
 8.437311e-09 0.000000e+00 6.641170e-13 8.437976e-09 clkload173
 8.431959e-09 0.000000e+00 6.641170e-13 8.432623e-09 clkload171
 8.390773e-09 0.000000e+00 6.641170e-13 8.391438e-09 clkload174
 1.356718e-09 6.937886e-09 6.869983e-12 8.301474e-09 fanout365
 1.265901e-09 6.547130e-09 3.680599e-12 7.816712e-09 wire234
 9.449086e-10 6.212727e-09 1.048635e-11 7.168122e-09 fanout509
 1.187179e-09 5.916313e-09 1.048910e-11 7.113981e-09 fanout405
 5.926035e-10 6.091495e-09 6.867449e-12 6.690966e-09 max_cap317
 8.472238e-10 5.318578e-09 6.868354e-12 6.172670e-09 max_cap352
 8.348913e-10 4.835323e-09 4.327328e-12 5.674541e-09 fanout136
 7.598763e-10 3.973545e-09 6.868053e-12 4.740289e-09 fanout372
 7.603470e-10 3.776014e-09 6.868053e-12 4.543229e-09 fanout373
 7.972804e-10 3.709268e-09 3.665510e-12 4.510214e-09 fanout141
 7.678398e-10 3.726749e-09 6.868053e-12 4.501457e-09 fanout323
 5.374342e-10 2.080464e-09 3.856874e-12 2.621755e-09 fanout1293
 9.753345e-10 1.440731e-09 1.181000e-12 2.417246e-09 max_cap455
 3.583438e-10 1.999606e-09 1.048155e-11 2.368431e-09 fanout319
 3.446764e-10 1.935474e-09 6.866664e-12 2.287018e-09 max_cap304
 4.842390e-10 1.562904e-09 4.389328e-12 2.051533e-09 hold1684
 7.026001e-10 1.137123e-09 1.181000e-12 1.840904e-09 max_cap469
 3.468158e-10 1.255464e-09 4.356149e-12 1.606636e-09 fanout1290
 3.067533e-10 1.050794e-09 3.686303e-12 1.361234e-09 max_cap86
 2.971610e-10 1.010566e-09 4.326360e-12 1.312054e-09 fanout1588
 2.204882e-10 1.064923e-09 6.866303e-12 1.292277e-09 fanout287
 2.443563e-10 9.332144e-10 3.691179e-12 1.181262e-09 fanout1303
 2.584860e-10 7.992367e-10 4.331072e-12 1.062054e-09 fanout1289
 2.148327e-10 8.167657e-10 4.349533e-12 1.035948e-09 fanout1299
 2.097510e-10 7.702864e-10 3.692835e-12 9.837302e-10 fanout1297
 1.787308e-10 7.881253e-10 3.947405e-12 9.708035e-10 fanout1593
 9.410535e-11 7.292044e-10 6.865941e-12 8.301757e-10 max_cap344
 1.793428e-10 4.762902e-10 1.181000e-12 6.568140e-10 fanout1589
 1.492242e-10 4.577849e-10 3.667535e-12 6.106766e-10 max_cap73
 1.124235e-10 3.922852e-10 3.668638e-12 5.083773e-10 max_cap90
 6.303592e-11 3.830543e-10 1.415830e-11 4.602486e-10 fanout1982
 8.292270e-11 2.738796e-10 4.343123e-12 3.611454e-10 fanout1301
 5.259511e-11 2.613998e-10 6.865820e-12 3.208608e-10 fanout378
 7.576254e-11 2.245187e-10 3.661554e-12 3.039428e-10 max_cap82
 8.825212e-11 2.003144e-10 3.664590e-12 2.922311e-10 max_cap95
 1.758107e-10 1.009036e-10 1.181000e-12 2.778953e-10 _55218_
 1.760109e-10 9.359062e-11 1.181000e-12 2.707825e-10 _55223_
 1.754169e-10 9.308995e-11 1.181000e-12 2.696878e-10 _55226_
 1.757963e-10 8.928041e-11 1.181000e-12 2.662577e-10 _55225_
 1.752249e-10 8.928041e-11 1.181000e-12 2.656863e-10 _55219_
 1.757572e-10 8.849605e-11 1.181000e-12 2.654343e-10 _55221_
 1.757489e-10 8.832906e-11 1.181000e-12 2.652590e-10 _55227_
 1.751770e-10 8.832906e-11 1.181000e-12 2.646870e-10 _55222_
 1.755446e-10 8.422610e-11 1.181000e-12 2.609517e-10 _55220_
 1.749820e-10 8.446093e-11 1.181000e-12 2.606239e-10 _55224_
 9.845953e-11 1.447370e-10 1.181000e-12 2.443775e-10 max_cap1304
 1.073380e-10 6.818870e-11 1.181000e-12 1.767077e-10 _55210_
 1.065413e-10 5.721730e-11 1.181000e-12 1.649396e-10 _55209_
 3.886010e-11 1.213812e-10 4.333995e-12 1.645753e-10 fanout1291
 1.063432e-10 5.551599e-11 1.181000e-12 1.630402e-10 _55215_
 1.062999e-10 5.458688e-11 1.181000e-12 1.620677e-10 _55216_
 1.065820e-10 5.143792e-11 1.181000e-12 1.592009e-10 _55214_
 1.063191e-10 5.153394e-11 1.181000e-12 1.590341e-10 _55211_
 1.065266e-10 5.021156e-11 1.181000e-12 1.579192e-10 _55212_
 1.065016e-10 4.965794e-11 1.181000e-12 1.573405e-10 _55208_
 1.060420e-10 4.904608e-11 1.181000e-12 1.562691e-10 _55217_
 1.064440e-10 4.838079e-11 1.181000e-12 1.560058e-10 _55213_
 1.033924e-11 1.099941e-10 6.865699e-12 1.271990e-10 max_cap285
 2.738084e-11 9.607296e-11 3.660267e-12 1.271141e-10 max_cap88
 2.730905e-11 9.587003e-11 3.660174e-12 1.268393e-10 max_cap76
 1.598321e-11 8.150077e-11 4.326559e-12 1.018105e-10 fanout1750
 1.602035e-11 7.872292e-11 4.326559e-12 9.906983e-11 fanout1686
 2.737122e-11 6.225648e-11 3.661738e-12 9.328945e-11 max_cap85
 2.731925e-11 6.209938e-11 3.660542e-12 9.307918e-11 max_cap99
 1.660002e-11 6.759590e-11 4.327021e-12 8.852295e-11 fanout1288
 1.622376e-11 6.226832e-11 4.326559e-12 8.281864e-11 fanout1685
 1.617280e-11 6.135347e-11 4.326559e-12 8.185282e-11 fanout1929
 1.618636e-11 5.665300e-11 4.326559e-12 7.716593e-11 fanout1933
 1.609189e-11 5.431353e-11 4.326559e-12 7.473198e-11 fanout1820
 1.517813e-11 5.120210e-11 3.659806e-12 7.004004e-11 max_cap93
 9.020139e-12 5.510904e-11 3.661738e-12 6.779091e-11 fanout1716
 9.022929e-12 5.415583e-11 3.661738e-12 6.684049e-11 fanout1729
 9.026993e-12 4.987631e-11 3.661738e-12 6.256504e-11 fanout1757
 9.061266e-12 4.951184e-11 3.661738e-12 6.223484e-11 fanout1798
 9.034122e-12 4.943950e-11 3.661738e-12 6.213536e-11 fanout1847
 9.030263e-12 4.853822e-11 3.661738e-12 6.123022e-11 fanout1935
 9.027435e-12 4.833381e-11 3.661738e-12 6.102298e-11 fanout1806
 9.044017e-12 4.754148e-11 3.661738e-12 6.024724e-11 fanout1623
 9.066259e-12 4.739168e-11 3.661738e-12 6.011968e-11 fanout1934
 9.042996e-12 4.734063e-11 3.661738e-12 6.004537e-11 fanout1735
 9.058119e-12 4.678036e-11 3.661738e-12 5.950022e-11 fanout1880
 9.036100e-12 4.638232e-11 3.661738e-12 5.908016e-11 fanout1642
 9.049534e-12 4.569580e-11 3.661738e-12 5.840707e-11 fanout1607
 9.076268e-12 4.564501e-11 3.661738e-12 5.838301e-11 fanout1790
 9.045776e-12 4.564814e-11 3.661738e-12 5.835566e-11 fanout1821
 9.125680e-12 4.526359e-11 3.661738e-12 5.805101e-11 fanout1876
 9.163024e-12 4.507957e-11 3.661738e-12 5.790433e-11 fanout1961
 9.041816e-12 4.510886e-11 3.661738e-12 5.781241e-11 fanout1726
 9.093665e-12 4.427130e-11 3.661738e-12 5.702670e-11 fanout1744
 9.127721e-12 4.420601e-11 3.661738e-12 5.699547e-11 fanout1675
 9.039471e-12 4.420880e-11 3.661738e-12 5.691001e-11 fanout1712
 9.141410e-12 4.393093e-11 3.661738e-12 5.673408e-11 fanout1643
 9.105432e-12 4.385541e-11 3.661738e-12 5.662258e-11 fanout1802
 9.042806e-12 4.380301e-11 3.661738e-12 5.650756e-11 fanout1764
 9.050664e-12 4.372164e-11 3.661738e-12 5.643404e-11 fanout1924
 9.169592e-12 4.345984e-11 3.661738e-12 5.629117e-11 fanout1960
 9.080323e-12 4.328172e-11 3.661738e-12 5.602378e-11 fanout1803
 9.083916e-12 4.295948e-11 3.661738e-12 5.570513e-11 fanout1652
 9.118770e-12 4.287197e-11 3.661738e-12 5.565248e-11 fanout1867
 9.056823e-12 4.266611e-11 3.661738e-12 5.538468e-11 fanout1724
 9.050189e-12 4.259170e-11 3.661738e-12 5.530362e-11 fanout1904
 9.197170e-12 4.221025e-11 3.661738e-12 5.506916e-11 fanout1706
 9.043296e-12 4.210328e-11 3.661738e-12 5.480831e-11 fanout1818
 9.083431e-12 4.184476e-11 3.661738e-12 5.458993e-11 fanout1926
 9.084882e-12 4.177595e-11 3.661738e-12 5.452257e-11 fanout1800
 9.146106e-12 4.171175e-11 3.661738e-12 5.451960e-11 fanout1939
 9.174353e-12 4.162120e-11 3.661738e-12 5.445729e-11 fanout1678
 9.108098e-12 4.167103e-11 3.661738e-12 5.444087e-11 fanout1714
 9.047553e-12 4.171786e-11 3.661738e-12 5.442715e-11 fanout1974
 9.131805e-12 4.154531e-11 3.661738e-12 5.433885e-11 fanout1612
 9.085868e-12 4.150849e-11 3.661738e-12 5.425609e-11 fanout1805
 9.069528e-12 4.152113e-11 3.661738e-12 5.425239e-11 fanout1868
 9.072246e-12 4.140787e-11 3.661738e-12 5.414186e-11 fanout1692
 9.049631e-12 4.135005e-11 3.661738e-12 5.406142e-11 fanout1651
 9.048387e-12 4.125289e-11 3.661738e-12 5.396301e-11 fanout1944
 9.072864e-12 4.122005e-11 3.661738e-12 5.395465e-11 fanout1688
 9.148776e-12 4.108949e-11 3.661738e-12 5.390000e-11 fanout1839
 9.122925e-12 4.101654e-11 3.661738e-12 5.380120e-11 fanout1921
 9.164663e-12 4.088348e-11 3.661738e-12 5.370988e-11 fanout1672
 9.101387e-12 4.089419e-11 3.661738e-12 5.365731e-11 fanout1789
 9.163607e-12 4.059045e-11 3.661738e-12 5.341580e-11 fanout1766
 9.155356e-12 4.051509e-11 3.661738e-12 5.333218e-11 fanout1693
 9.100892e-12 4.046589e-11 3.661738e-12 5.322852e-11 fanout1644
 9.073584e-12 4.047799e-11 3.661738e-12 5.321331e-11 fanout1732
 9.159638e-12 4.037145e-11 3.661738e-12 5.319283e-11 fanout1958
 9.111343e-12 4.031678e-11 3.661738e-12 5.308987e-11 fanout1742
 9.112481e-12 4.029125e-11 3.661738e-12 5.306547e-11 fanout1713
 9.143465e-12 4.024078e-11 3.661738e-12 5.304598e-11 fanout1636
 9.052170e-12 4.024178e-11 3.661738e-12 5.295569e-11 fanout1956
 9.125796e-12 4.015834e-11 3.661738e-12 5.294588e-11 fanout1872
 9.132438e-12 4.010871e-11 3.661738e-12 5.290289e-11 fanout1627
 9.130648e-12 4.000139e-11 3.661738e-12 5.279378e-11 fanout1613
 9.156762e-12 3.990525e-11 3.661738e-12 5.272375e-11 fanout1645
 9.160180e-12 3.986908e-11 3.661738e-12 5.269099e-11 fanout1858
 9.152441e-12 3.984257e-11 3.661738e-12 5.265675e-11 fanout1661
 9.053514e-12 3.977416e-11 3.661738e-12 5.248941e-11 fanout1941
 9.054594e-12 3.971832e-11 3.661738e-12 5.243465e-11 fanout1950
 9.155759e-12 3.948075e-11 3.661738e-12 5.229824e-11 fanout1629
 9.390607e-12 3.919943e-11 3.663211e-12 5.225325e-11 fanout1287
 9.172794e-12 3.938452e-11 3.661738e-12 5.221906e-11 fanout1745
 9.183606e-12 3.933949e-11 3.661738e-12 5.218483e-11 fanout1837
 9.139491e-12 3.937007e-11 3.661738e-12 5.217130e-11 fanout1609
 9.092861e-12 3.918585e-11 3.661738e-12 5.194045e-11 fanout1801
 9.184887e-12 3.899246e-11 3.661738e-12 5.183908e-11 fanout1677
 9.074921e-12 3.909196e-11 3.661738e-12 5.182861e-11 fanout1898
 9.071749e-12 3.904061e-11 3.661738e-12 5.177410e-11 fanout1602
 9.119975e-12 3.898352e-11 3.661738e-12 5.176523e-11 fanout1727
 9.152105e-12 3.894940e-11 3.661738e-12 5.176325e-11 fanout1853
 9.179223e-12 3.889420e-11 3.661738e-12 5.173516e-11 fanout1682
 9.185368e-12 3.887366e-11 3.661738e-12 5.172077e-11 fanout1679
 9.075293e-12 3.897838e-11 3.661738e-12 5.171541e-11 fanout1894
 9.230972e-12 3.869597e-11 3.661738e-12 5.158868e-11 fanout1669
 9.087399e-12 3.875830e-11 3.661738e-12 5.150743e-11 fanout1842
 9.142889e-12 3.867952e-11 3.661738e-12 5.148415e-11 fanout1660
 9.056697e-12 3.872855e-11 3.661738e-12 5.144698e-11 fanout1656
 9.180488e-12 3.850414e-11 3.661738e-12 5.134637e-11 fanout1906
 9.172673e-12 3.851077e-11 3.661738e-12 5.134518e-11 fanout1864
 9.076579e-12 3.855479e-11 3.661738e-12 5.129311e-11 fanout1877
 9.165817e-12 3.843547e-11 3.661738e-12 5.126302e-11 fanout1698
 9.061627e-12 3.847097e-11 3.661738e-12 5.119433e-11 fanout1908
 9.125683e-12 3.832766e-11 3.661738e-12 5.111508e-11 fanout1866
 9.158559e-12 3.824978e-11 3.661738e-12 5.107008e-11 fanout1621
 9.159599e-12 3.817535e-11 3.661738e-12 5.099669e-11 fanout1737
 9.153215e-12 3.811432e-11 3.661738e-12 5.092927e-11 fanout1856
 9.078539e-12 3.817484e-11 3.661738e-12 5.091512e-11 fanout1969
 9.081783e-12 3.815897e-11 3.661738e-12 5.090249e-11 fanout1690
 9.054290e-12 3.817809e-11 3.661738e-12 5.089412e-11 fanout1703
 9.152144e-12 3.803255e-11 3.661738e-12 5.084643e-11 fanout1855
 9.201520e-12 3.784437e-11 3.661738e-12 5.070763e-11 fanout1901
 9.135891e-12 3.788879e-11 3.661738e-12 5.068642e-11 fanout1786
 9.149795e-12 3.785375e-11 3.661738e-12 5.066529e-11 fanout1863
 9.065140e-12 3.787793e-11 3.661738e-12 5.060481e-11 fanout1857
 9.154589e-12 3.758594e-11 3.661738e-12 5.040227e-11 fanout1779
 9.142692e-12 3.754517e-11 3.661738e-12 5.034960e-11 fanout1717
 9.154403e-12 3.749309e-11 3.661738e-12 5.030923e-11 fanout1777
 9.107693e-12 3.752275e-11 3.661738e-12 5.029218e-11 fanout1781
 9.161207e-12 3.745775e-11 3.661738e-12 5.028069e-11 fanout1831
 9.184041e-12 3.739464e-11 3.661738e-12 5.024042e-11 fanout1774
 9.135042e-12 3.743250e-11 3.661738e-12 5.022928e-11 fanout1788
 9.115330e-12 3.730235e-11 3.661738e-12 5.007941e-11 fanout1743
 9.206491e-12 3.718431e-11 3.661738e-12 5.005254e-11 fanout1851
 9.149048e-12 3.720961e-11 3.661738e-12 5.002040e-11 fanout1689
 9.132384e-12 3.720436e-11 3.661738e-12 4.999848e-11 fanout1687
 9.107971e-12 3.717042e-11 3.661738e-12 4.994013e-11 fanout1890
 9.181600e-12 3.707766e-11 3.661738e-12 4.992100e-11 fanout1896
 9.061507e-12 3.716765e-11 3.661738e-12 4.989090e-11 fanout1662
 9.132575e-12 3.707848e-11 3.661738e-12 4.987279e-11 fanout1648
 9.170422e-12 3.701392e-11 3.661738e-12 4.984608e-11 fanout1810
 9.163310e-12 3.691104e-11 3.661738e-12 4.973609e-11 fanout1807
 9.065191e-12 3.697421e-11 3.661738e-12 4.970114e-11 fanout1841
 9.061423e-12 3.679405e-11 3.661738e-12 4.951721e-11 fanout1664
 9.166700e-12 3.668652e-11 3.661738e-12 4.951495e-11 fanout1826
 9.120369e-12 3.672589e-11 3.661738e-12 4.950799e-11 fanout1936
 9.065423e-12 3.674180e-11 3.661738e-12 4.946896e-11 fanout1900
 9.155269e-12 3.664080e-11 3.661738e-12 4.945781e-11 fanout1884
 9.088519e-12 3.662023e-11 3.661738e-12 4.937048e-11 fanout1814
 9.075404e-12 3.656674e-11 3.661738e-12 4.930388e-11 fanout1874
 9.082895e-12 3.653603e-11 3.661738e-12 4.928066e-11 fanout1751
 9.137057e-12 3.645541e-11 3.661738e-12 4.925420e-11 fanout1740
 9.131656e-12 3.644619e-11 3.661738e-12 4.923958e-11 fanout1647
 9.065147e-12 3.650736e-11 3.661738e-12 4.923425e-11 fanout1848
 9.208401e-12 3.633301e-11 3.661738e-12 4.920315e-11 fanout1707
 9.142988e-12 3.629912e-11 3.661738e-12 4.910385e-11 fanout1832
 9.194014e-12 3.594926e-11 3.661738e-12 4.880501e-11 fanout1932
 9.165762e-12 3.585545e-11 3.661738e-12 4.868295e-11 fanout1783
 9.164544e-12 3.581211e-11 3.661738e-12 4.863839e-11 fanout1927
 9.052704e-12 3.580868e-11 3.661738e-12 4.852312e-11 fanout1813
 9.081415e-12 3.572242e-11 3.661738e-12 4.846558e-11 fanout1699
 9.172955e-12 3.562767e-11 3.661738e-12 4.846236e-11 fanout1746
 9.198533e-12 3.546438e-11 3.661738e-12 4.832466e-11 fanout1972
 9.160462e-12 3.545244e-11 3.661738e-12 4.827464e-11 fanout1808
 9.135047e-12 3.547376e-11 3.661738e-12 4.827054e-11 fanout1632
 9.178703e-12 3.542233e-11 3.661738e-12 4.826277e-11 fanout1928
 9.077874e-12 3.547631e-11 3.661738e-12 4.821592e-11 fanout1733
 9.202726e-12 3.532913e-11 3.661738e-12 4.819359e-11 fanout1784
 9.141837e-12 3.536664e-11 3.661738e-12 4.817022e-11 fanout1828
 9.231359e-12 3.519105e-11 3.661738e-12 4.808415e-11 fanout1916
 9.056202e-12 3.515962e-11 3.661738e-12 4.787756e-11 fanout1769
 9.159700e-12 3.502690e-11 3.661738e-12 4.784834e-11 fanout1812
 9.115597e-12 3.480664e-11 3.661738e-12 4.758397e-11 fanout1674
 9.175472e-12 3.470401e-11 3.661738e-12 4.754122e-11 fanout1913
 9.074014e-12 3.480071e-11 3.661738e-12 4.753646e-11 fanout1720
 9.112120e-12 3.474315e-11 3.661738e-12 4.751701e-11 fanout1711
 9.146747e-12 3.467251e-11 3.661738e-12 4.748100e-11 fanout1869
 9.135056e-12 3.461854e-11 3.661738e-12 4.741533e-11 fanout1748
 9.103553e-12 3.458077e-11 3.661738e-12 4.734606e-11 fanout1776
 9.061123e-12 3.428680e-11 3.661738e-12 4.700966e-11 fanout1915
 9.177990e-12 3.411673e-11 3.661738e-12 4.695646e-11 fanout1680
 9.051876e-12 3.424253e-11 3.661738e-12 4.695614e-11 fanout1625
 9.124172e-12 3.414449e-11 3.661738e-12 4.693040e-11 fanout1970
 9.149965e-12 3.398957e-11 3.661738e-12 4.680127e-11 fanout1888
 9.082516e-12 3.403317e-11 3.661738e-12 4.677742e-11 fanout1795
 9.111082e-12 3.394788e-11 3.661738e-12 4.672070e-11 fanout1762
 9.074553e-12 3.393217e-11 3.661738e-12 4.666846e-11 fanout1895
 9.131790e-12 3.368422e-11 3.661738e-12 4.647775e-11 fanout1608
 9.086728e-12 3.371077e-11 3.661738e-12 4.645924e-11 fanout1815
 9.138339e-12 3.344842e-11 3.661738e-12 4.624850e-11 fanout1897
 9.198293e-12 3.320033e-11 3.661738e-12 4.606036e-11 fanout1850
 9.112676e-12 3.321600e-11 3.661738e-12 4.599042e-11 fanout1681
 9.133983e-12 3.318416e-11 3.661738e-12 4.597988e-11 fanout1833
 9.078705e-12 3.292454e-11 3.661738e-12 4.566498e-11 fanout1753
 9.175545e-12 3.272285e-11 3.661738e-12 4.556013e-11 fanout1792
 9.132603e-12 3.248016e-11 3.661738e-12 4.527450e-11 fanout1634
 9.056087e-12 3.254179e-11 3.661738e-12 4.525962e-11 fanout1962
 9.135198e-12 3.220190e-11 3.661738e-12 4.499884e-11 fanout1964
 9.054680e-12 3.165341e-11 3.661738e-12 4.436983e-11 fanout1976
 9.109376e-12 3.143699e-11 3.661738e-12 4.420810e-11 fanout1759
 9.060785e-12 3.084333e-11 3.661738e-12 4.356586e-11 fanout1902
 9.165701e-12 3.072983e-11 3.661738e-12 4.355727e-11 fanout1684
 9.073155e-12 3.076752e-11 3.661738e-12 4.350241e-11 fanout1892
 9.055655e-12 3.059114e-11 3.661738e-12 4.330853e-11 fanout1973
 9.142518e-12 3.046258e-11 3.661738e-12 4.326684e-11 fanout1840
 9.119813e-12 3.041983e-11 3.661738e-12 4.320138e-11 fanout1611
 9.140485e-12 3.035323e-11 3.661738e-12 4.315545e-11 fanout1780
 9.137844e-12 3.010523e-11 3.661738e-12 4.290482e-11 fanout1852
 9.137643e-12 3.006851e-11 3.661738e-12 4.286789e-11 fanout1785
 9.055120e-12 3.012216e-11 3.661738e-12 4.283902e-11 fanout1765
 9.047134e-12 2.944073e-11 3.661738e-12 4.214960e-11 fanout1708
 9.076412e-12 2.894456e-11 3.661738e-12 4.168271e-11 fanout1845
 9.083395e-12 2.827324e-11 3.661738e-12 4.101838e-11 fanout1816
 9.152458e-12 2.771060e-11 3.661738e-12 4.052479e-11 fanout1694
 9.168776e-12 2.698764e-11 3.661738e-12 3.981816e-11 fanout1670
 9.170005e-12 2.619008e-11 3.661738e-12 3.902182e-11 fanout1917
 5.447036e-12 2.242867e-11 4.876300e-12 3.275201e-11 fanout1599
 5.570134e-12 2.153495e-11 4.876300e-12 3.198138e-11 fanout1597
 5.443784e-12 2.001027e-11 4.876300e-12 3.033036e-11 fanout1596
 5.410975e-12 1.938539e-11 4.876300e-12 2.967267e-11 fanout1600
 5.562161e-12 2.129547e-11 1.181000e-12 2.803863e-11 fanout1767
 5.431071e-12 1.635918e-11 4.876300e-12 2.666655e-11 fanout1081
 5.518168e-12 1.787009e-11 1.181000e-12 2.456925e-11 fanout1755
 5.503592e-12 1.753453e-11 1.181000e-12 2.421912e-11 fanout1943
 3.084127e-12 1.188153e-11 4.648000e-12 1.961365e-11 fanout1594
 3.030481e-12 1.196200e-11 3.659438e-12 1.865192e-11 max_cap72
 3.043145e-12 1.188900e-11 3.659438e-12 1.859158e-11 max_cap96
 3.050286e-12 9.377698e-12 3.659438e-12 1.608742e-11 max_cap79
 3.048260e-12 8.872963e-12 3.659438e-12 1.558066e-11 max_cap84
 3.035263e-12 7.331010e-12 3.659438e-12 1.402571e-11 max_cap92
 3.042316e-12 7.157121e-12 3.659438e-12 1.385887e-11 max_cap91
 3.037332e-12 7.104652e-12 3.659438e-12 1.380142e-11 max_cap81
 3.036772e-12 6.920927e-12 3.659438e-12 1.361714e-11 max_cap75
 4.177617e-18 2.275539e-17 7.512893e-12 7.512920e-12 fanout2112
 4.185992e-18 2.345082e-17 6.866906e-12 6.866934e-12 fanout2230
 4.147486e-18 2.077319e-17 6.866906e-12 6.866931e-12 fanout2289
 4.203701e-18 2.008928e-17 6.866906e-12 6.866931e-12 fanout2217
 4.423169e-18 1.739222e-17 6.866906e-12 6.866928e-12 input9
 4.209383e-18 1.721514e-17 6.866906e-12 6.866928e-12 fanout2186
 2.130075e-18 1.227636e-17 4.875274e-12 4.875289e-12 fanout2247
 2.132040e-18 1.191560e-17 4.875274e-12 4.875288e-12 fanout2261
 2.159286e-18 1.129113e-17 4.875274e-12 4.875288e-12 fanout2213
 2.160835e-18 1.086570e-17 4.875274e-12 4.875287e-12 fanout2171
 2.161056e-18 1.064468e-17 4.875274e-12 4.875287e-12 fanout2218
 2.138859e-18 1.061936e-17 4.875274e-12 4.875287e-12 fanout2175
 2.158091e-18 1.032023e-17 4.875274e-12 4.875287e-12 fanout2185
 2.142732e-18 1.035304e-17 4.875274e-12 4.875287e-12 fanout2190
 2.149033e-18 1.064084e-17 4.875274e-12 4.875287e-12 fanout2203
 2.152190e-18 1.054923e-17 4.875274e-12 4.875287e-12 fanout2208
 2.159007e-18 1.028188e-17 4.875274e-12 4.875287e-12 fanout2210
 2.131803e-18 1.032076e-17 4.875274e-12 4.875287e-12 fanout2241
 2.139028e-18 1.022091e-17 4.875274e-12 4.875287e-12 fanout2253
 2.161425e-18 1.031519e-17 4.875274e-12 4.875287e-12 fanout2268
 2.160711e-18 1.047647e-17 4.875274e-12 4.875287e-12 fanout2271
 2.137476e-18 1.062134e-17 4.875274e-12 4.875287e-12 fanout2283
 2.159204e-18 9.958929e-18 4.875274e-12 4.875286e-12 fanout2184
 2.143408e-18 1.020971e-17 4.875274e-12 4.875286e-12 fanout2192
 2.162865e-18 9.834479e-18 4.875274e-12 4.875286e-12 fanout2238
 2.163974e-18 9.872283e-18 4.875274e-12 4.875286e-12 fanout2248
 2.148901e-18 1.007491e-17 4.875274e-12 4.875286e-12 fanout2251
 2.166186e-18 1.017304e-17 4.875274e-12 4.875286e-12 fanout2263
 2.161494e-18 9.812516e-18 4.875274e-12 4.875286e-12 fanout2276
 2.146760e-18 9.406154e-18 4.875274e-12 4.875286e-12 fanout2188
 2.150760e-18 9.739346e-18 4.875274e-12 4.875286e-12 fanout2211
 2.163827e-18 9.641086e-18 4.875274e-12 4.875286e-12 fanout2237
 2.149570e-18 9.616363e-18 4.875274e-12 4.875286e-12 fanout2257
 2.149775e-18 9.548164e-18 4.875274e-12 4.875286e-12 fanout2259
 2.146572e-18 9.704238e-18 4.875274e-12 4.875286e-12 fanout2273
 2.141609e-18 9.707883e-18 4.875274e-12 4.875286e-12 fanout2277
 2.141961e-18 9.450404e-18 4.875274e-12 4.875286e-12 fanout2280
 2.158305e-18 9.400769e-18 4.875274e-12 4.875286e-12 fanout2281
 2.172375e-18 9.379081e-18 4.875274e-12 4.875286e-12 fanout2284
 2.170579e-18 9.312855e-18 4.875274e-12 4.875286e-12 fanout2167
 2.156390e-18 9.042350e-18 4.875274e-12 4.875286e-12 fanout2169
 2.168554e-18 9.145535e-18 4.875274e-12 4.875286e-12 fanout2182
 2.145388e-18 9.055248e-18 4.875274e-12 4.875286e-12 fanout2183
 2.158416e-18 9.021428e-18 4.875274e-12 4.875286e-12 fanout2197
 2.154123e-18 8.973767e-18 4.875274e-12 4.875286e-12 fanout2215
 2.139296e-18 9.034866e-18 4.875274e-12 4.875286e-12 fanout2223
 2.142832e-18 9.169670e-18 4.875274e-12 4.875286e-12 fanout2250
 2.151310e-18 9.156460e-18 4.875274e-12 4.875286e-12 fanout2256
 2.171911e-18 9.041231e-18 4.875274e-12 4.875286e-12 fanout2266
 2.161133e-18 8.980711e-18 4.875274e-12 4.875286e-12 fanout2270
 2.150974e-18 9.231773e-18 4.875274e-12 4.875286e-12 fanout2272
 2.165887e-18 9.094440e-18 4.875274e-12 4.875286e-12 fanout2279
 2.160804e-18 8.736069e-18 4.875274e-12 4.875285e-12 fanout2168
 2.163846e-18 8.846575e-18 4.875274e-12 4.875285e-12 fanout2178
 2.159433e-18 8.801222e-18 4.875274e-12 4.875285e-12 fanout2194
 2.157256e-18 8.800835e-18 4.875274e-12 4.875285e-12 fanout2201
 2.171724e-18 8.485813e-18 4.875274e-12 4.875285e-12 fanout2222
 2.165361e-18 8.570056e-18 4.875274e-12 4.875285e-12 fanout2224
 2.138137e-18 8.737325e-18 4.875274e-12 4.875285e-12 fanout2236
 2.151179e-18 8.842229e-18 4.875274e-12 4.875285e-12 fanout2243
 2.152466e-18 8.862526e-18 4.875274e-12 4.875285e-12 fanout2255
 2.173806e-18 8.660941e-18 4.875274e-12 4.875285e-12 fanout2264
 2.153460e-18 8.666528e-18 4.875274e-12 4.875285e-12 fanout2267
 2.160831e-18 8.814316e-18 4.875274e-12 4.875285e-12 fanout2282
 2.180921e-18 8.112541e-18 4.875274e-12 4.875285e-12 fanout2176
 2.149282e-18 8.096565e-18 4.875274e-12 4.875285e-12 fanout2177
 2.165974e-18 8.400653e-18 4.875274e-12 4.875285e-12 fanout2179
 2.175046e-18 8.041268e-18 4.875274e-12 4.875285e-12 fanout2196
 2.159054e-18 8.399486e-18 4.875274e-12 4.875285e-12 fanout2202
 2.157567e-18 8.121837e-18 4.875274e-12 4.875285e-12 fanout2207
 2.160312e-18 8.122555e-18 4.875274e-12 4.875285e-12 fanout2212
 2.172147e-18 8.394742e-18 4.875274e-12 4.875285e-12 fanout2220
 2.167458e-18 8.177532e-18 4.875274e-12 4.875285e-12 fanout2225
 2.173832e-18 8.413607e-18 4.875274e-12 4.875285e-12 fanout2227
 2.173138e-18 8.416656e-18 4.875274e-12 4.875285e-12 fanout2232
 2.173292e-18 8.380943e-18 4.875274e-12 4.875285e-12 fanout2235
 2.174913e-18 8.216362e-18 4.875274e-12 4.875285e-12 fanout2242
 2.169280e-18 8.430318e-18 4.875274e-12 4.875285e-12 fanout2278
 2.179184e-18 8.013004e-18 4.875274e-12 4.875285e-12 fanout2285
 2.161571e-18 8.422532e-18 4.875274e-12 4.875285e-12 fanout2286
 2.175703e-18 7.703335e-18 4.875274e-12 4.875284e-12 fanout2181
 2.176592e-18 7.712587e-18 4.875274e-12 4.875284e-12 fanout2234
 2.155319e-18 7.862511e-18 4.875274e-12 4.875284e-12 fanout2245
 2.175960e-18 7.742636e-18 4.875274e-12 4.875284e-12 fanout2265
 2.172959e-18 7.569479e-18 4.875274e-12 4.875284e-12 fanout2249
 1.203250e-18 6.782091e-18 4.646160e-12 4.646168e-12 fanout2275
 1.206049e-18 6.197992e-18 4.646160e-12 4.646167e-12 fanout2254
 1.208775e-18 6.176422e-18 4.646160e-12 4.646167e-12 fanout2260
 1.220307e-18 5.505141e-18 4.646160e-12 4.646167e-12 fanout2172
 1.206348e-18 5.521234e-18 4.646160e-12 4.646167e-12 fanout2180
 1.216587e-18 5.146398e-18 4.646160e-12 4.646166e-12 fanout2240
 1.219679e-18 5.343464e-18 4.646160e-12 4.646166e-12 fanout2269
 1.215509e-18 4.872152e-18 4.646160e-12 4.646166e-12 fanout2174
 1.214222e-18 4.761666e-18 4.646160e-12 4.646166e-12 fanout2195
 1.219200e-18 4.683787e-18 4.646160e-12 4.646166e-12 fanout2239
 1.210299e-18 4.813255e-18 4.646160e-12 4.646166e-12 fanout2274
 1.208751e-18 4.477867e-18 4.646160e-12 4.646165e-12 fanout2191
 1.216853e-18 4.476781e-18 4.646160e-12 4.646165e-12 fanout2226
 1.220607e-18 4.533590e-18 4.646160e-12 4.646165e-12 fanout2233
 1.208544e-18 3.772998e-18 4.646160e-12 4.646165e-12 fanout2189
 7.618656e-15 3.348986e-14 4.352490e-12 4.393598e-12 input8
 2.121724e-18 1.445938e-17 4.326226e-12 4.326242e-12 fanout2138
 2.120573e-18 1.404668e-17 4.326226e-12 4.326242e-12 fanout2086
 2.122392e-18 1.388302e-17 4.326226e-12 4.326242e-12 fanout2163
 2.123416e-18 1.337660e-17 4.326226e-12 4.326241e-12 fanout2144
 2.125451e-18 1.285776e-17 4.326226e-12 4.326241e-12 fanout2162
 2.132265e-18 1.251432e-17 4.326226e-12 4.326240e-12 fanout2111
 2.130883e-18 1.203581e-17 4.326226e-12 4.326240e-12 fanout2105
 2.131032e-18 1.180276e-17 4.326226e-12 4.326239e-12 fanout2151
 2.130363e-18 1.151494e-17 4.326226e-12 4.326239e-12 fanout2081
 2.139112e-18 1.102183e-17 4.326226e-12 4.326239e-12 fanout2146
 2.131890e-18 1.034244e-17 4.326226e-12 4.326238e-12 fanout2117
 2.138010e-18 1.035048e-17 4.326226e-12 4.326238e-12 fanout2142
 2.142442e-18 1.020504e-17 4.326226e-12 4.326238e-12 fanout2147
 2.142792e-18 9.382222e-18 4.326226e-12 4.326237e-12 fanout2093
 2.148893e-18 9.650221e-18 4.326226e-12 4.326237e-12 fanout2098
 2.166228e-18 9.415622e-18 4.326226e-12 4.326237e-12 fanout2106
 2.151032e-18 9.418953e-18 4.326226e-12 4.326237e-12 fanout2150
 2.154058e-18 8.981927e-18 4.326226e-12 4.326237e-12 fanout2078
 2.164376e-18 9.155276e-18 4.326226e-12 4.326237e-12 fanout2097
 2.136751e-18 9.097872e-18 4.326226e-12 4.326237e-12 fanout2108
 2.160896e-18 8.915583e-18 4.326226e-12 4.326237e-12 fanout2116
 2.167561e-18 8.966669e-18 4.326226e-12 4.326237e-12 fanout2152
 2.146239e-18 9.173730e-18 4.326226e-12 4.326237e-12 fanout2158
 2.158280e-18 8.646918e-18 4.326226e-12 4.326236e-12 fanout2099
 2.146743e-18 8.857133e-18 4.326226e-12 4.326236e-12 fanout2118
 2.146147e-18 8.468334e-18 4.326226e-12 4.326236e-12 fanout2083
 2.147543e-18 8.124870e-18 4.326226e-12 4.326236e-12 fanout2132
 1.206980e-18 5.913165e-18 3.661140e-12 3.661147e-12 fanout2084
 1.208031e-18 5.772131e-18 3.661140e-12 3.661147e-12 fanout2110
 1.207795e-18 5.529908e-18 3.661140e-12 3.661147e-12 fanout2161
 1.218713e-18 5.414168e-18 3.661140e-12 3.661146e-12 fanout2092
 1.211648e-18 5.141164e-18 3.661140e-12 3.661146e-12 fanout2102
 1.215318e-18 5.504928e-18 3.661140e-12 3.661146e-12 fanout2114
 1.206420e-18 5.402499e-18 3.661140e-12 3.661146e-12 fanout2141
 1.207429e-18 5.091569e-18 3.661140e-12 3.661146e-12 fanout2156
 1.207889e-18 4.822157e-18 3.661140e-12 3.661146e-12 fanout2131
 1.207062e-18 4.976027e-18 3.661140e-12 3.661146e-12 fanout2143
 1.213301e-18 5.070864e-18 3.661140e-12 3.661146e-12 fanout2153
 1.219082e-18 4.298758e-18 3.661140e-12 3.661146e-12 fanout2107
 1.218542e-18 4.305590e-18 3.661140e-12 3.661146e-12 fanout2121
