0 22 21 5
1 11 10 4
2 14 13 5
3 27 27 7
4 15 14 4
5 18 17 5
6 23 22 8
7 14 14 6
8 20 20 6
9 18 18 4
10 14 13 5
11 13 12 6
12 6 6 6
13 9 8 4
14 14 13 5
15 17 16 8
16 14 14 6
17 22 22 6
18 12 11 5
19 13 13 5
20 17 17 7
21 13 12 6
22 14 14 4
23 14 13 5
24 9 9 5
25 13 12 6
26 14 14 6
27 8 8 4
28 10 9 5
29 21 20 10
30 12 12 4
31 14 13 5
32 9 8 4
33 10 9 5
34 11 11 5
35 11 11 5
36 13 13 5
37 7 6 5
38 21 21 7
39 17 16 6
40 10 10 4
41 16 15 7
42 13 13 5
43 9 9 5
44 15 14 8
45 12 12 6
46 14 13 5
47 13 12 6
48 22 22 4
49 12 11 5
50 17 16 4
51 22 21 5
52 5 5 5
53 14 13 5
54 7 6 5
55 11 11 7
56 13 12 4
57 18 17 5
58 27 26 6
59 18 18 6
60 20 20 4
61 18 17 7
62 15 14 4
63 34 33 5
64 31 30 6
65 34 34 4
66 26 25 7
67 17 16 6
68 14 14 6
69 20 20 4
70 20 19 7
71 19 18 4
72 26 25 5
73 23 22 6
74 12 11 5
75 23 22 8
76 16 15 5
77 25 24 6
78 26 25 7
79 17 16 6
80 18 18 4
81 12 11 5
82 29 28 6
83 22 22 4
84 24 23 7
85 23 22 4
86 42 41 7
87 35 34 6
88 14 14 4
89 20 19 5
90 25 25 5
91 37 37 7
92 21 20 4
93 38 37 9
94 27 26 6
95 22 22 6
96 22 22 6
97 22 22 4
98 22 21 5
99 19 19 5
100 23 23 5
101 21 21 5
102 31 30 6
103 20 20 4
104 18 17 5
105 13 13 5
106 19 18 6
107 24 24 4
108 20 19 5
109 21 20 6
110 16 16 4
111 28 27 7
112 21 20 6
113 20 20 6
114 28 28 4
115 20 19 5
116 23 23 7
117 31 30 6
118 22 22 6
119 30 29 9
120 13 12 4
121 18 17 5
122 17 16 4
123 34 33 5
124 21 21 5
125 29 28 6
126 24 23 5
127 35 34 6
128 30 29 7
129 17 17 5
130 15 15 5
131 21 21 5
132 21 20 8
133 20 19 7
134 25 24 4
135 30 29 5
136 19 19 7
137 17 16 6
138 24 24 6
139 22 22 6
140 18 18 6
141 28 28 8
142 22 21 5
143 31 31 5
144 23 22 8
145 24 24 6
146 16 15 7
147 21 20 6
148 22 21 7
149 21 20 6
150 30 29 7
151 25 25 5
152 23 22 4
153 26 25 5
154 19 18 6
155 32 32 6
156 18 17 5
157 25 25 5
158 17 17 5
159 27 27 5
160 25 24 6
161 18 18 4
162 30 29 5
163 29 29 5
164 21 21 5
165 15 15 5
166 19 18 6
167 20 20 6
168 30 30 6
169 24 24 4
170 24 23 9
171 25 24 6
172 26 25 7
173 21 20 4
174 32 31 7
175 23 22 8
176 22 22 4
177 36 35 5
178 35 35 13
179 31 30 6
180 26 26 6
181 24 24 4
182 24 23 5
183 29 29 7
184 27 26 6
185 30 29 5
186 35 34 8
187 28 28 6
188 26 25 5
189 21 20 4
190 30 29 5
191 25 25 5
192 13 13 5
193 17 16 6
194 18 18 6
195 20 20 8
196 22 21 5
197 19 19 5
198 27 27 7
199 25 25 5
200 13 13 5
201 23 22 6
202 22 22 4
203 26 25 7
204 17 16 4
205 22 21 5
206 27 26 6
207 18 17 5
208 35 35 5
209 23 23 5
210 21 20 6
211 18 18 4
212 28 27 5
213 41 40 6
214 20 20 6
215 22 21 5
216 19 19 5
217 29 28 4
218 22 21 5
219 17 16 6
220 22 22 6
221 18 17 5
222 21 21 7
223 25 25 5
224 25 24 6
225 24 24 8
226 32 32 8
227 32 32 6
228 20 19 5
229 25 25 5
230 25 25 5
231 27 27 5
232 15 15 5
233 19 18 4
234 20 19 5
235 31 30 4
236 26 25 5
237 27 26 6
238 14 14 4
239 26 25 7
240 23 23 5
241 23 22 4
242 18 17 5
243 35 34 6
244 14 13 5
245 9 8 4
246 16 15 5
247 15 14 4
248 24 23 5
249 17 16 4
250 12 11 5
251 9 9 5
252 11 11 5
253 15 14 6
254 14 13 5
255 9 8 4
256 10 9 5
257 17 16 6
258 14 14 6
259 20 19 7
260 17 16 4
261 12 11 5
262 15 14 4
263 10 9 5
264 21 20 6
265 10 10 6
266 20 19 5
267 23 23 7
268 19 19 5
269 29 28 6
270 18 17 5
271 19 19 5
272 19 18 6
273 14 14 4
274 12 11 5
275 17 17 5
276 21 20 6
277 22 22 6
278 16 15 5
279 19 18 4
280 22 21 5
281 15 14 4
282 14 13 5
283 41 40 6
284 20 20 4
285 18 17 5
286 27 26 8
287 14 14 4
288 14 13 5
289 15 14 4
290 20 19 5
291 21 21 5
292 27 27 5
293 9 8 4
294 20 19 5
295 15 14 4
296 24 23 7
297 37 36 4
298 32 31 5
299 21 21 5
300 33 32 6
301 50 50 6
302 24 23 5
303 27 27 5
304 33 32 6
305 36 36 8
306 42 41 5
307 43 43 9
308 45 44 8
309 34 34 6
310 34 33 5
311 37 37 7
312 17 17 5
313 41 41 9
314 27 27 5
315 21 21 5
316 39 38 12
317 22 22 8
318 24 23 5
319 21 21 5
320 45 45 7
321 35 35 5
322 43 43 7
323 53 53 11
324 41 40 8
325 18 17 5
326 29 28 4
327 28 27 5
328 35 34 6
329 34 33 9
330 25 24 6
331 20 20 4
332 28 27 7
333 21 21 5
334 13 12 6
335 10 10 4
336 16 15 5
337 25 24 6
338 14 14 4
339 18 17 5
340 33 32 6
341 24 24 8
342 8 8 4
343 16 15 5
344 21 20 6
345 24 24 4
346 18 17 5
347 19 18 4
348 26 25 7
349 19 18 6
350 22 22 4
351 16 15 5
352 15 14 4
353 10 9 5
354 17 16 6
355 16 16 4
356 26 25 7
357 13 12 4
358 12 11 5
359 23 22 6
360 20 20 4
361 14 13 5
362 11 11 5
363 23 22 6
364 16 16 4
365 18 17 5
366 17 16 6
367 24 24 4
368 16 15 5
369 25 25 5
370 13 12 4
371 22 21 5
372 15 14 4
373 20 19 5
374 19 19 5
375 19 18 6
376 18 18 6
377 10 10 4
378 18 17 5
379 19 19 7
380 27 26 4
381 16 15 5
382 11 11 5
383 15 15 5
384 21 20 6
385 12 12 4
386 26 25 5
387 15 15 7
388 17 16 4
389 18 17 5
390 19 19 7
391 13 12 4
392 14 13 7
393 15 14 4
394 16 15 5
395 23 22 6
396 18 18 4
397 22 21 5
398 15 15 5
399 9 9 5
400 11 10 6
401 20 19 7
402 11 10 4
403 16 15 5
404 11 11 5
405 11 11 5
406 7 7 7
407 10 10 6
408 12 12 6
409 24 23 5
410 9 9 5
411 9 8 4
412 10 9 5
413 11 11 5
414 15 15 5
415 19 19 5
416 17 17 5
417 17 17 7
418 11 11 5
419 13 12 4
420 10 9 5
421 15 14 6
422 10 10 4
423 14 13 5
424 11 11 5
425 21 20 6
426 12 12 6
427 12 12 6
428 12 12 4
429 16 15 5
430 15 15 5
431 13 12 6
432 22 22 6
433 32 32 8
434 26 26 8
435 26 26 6
436 14 14 4
437 10 9 5
438 13 12 4
439 16 15 5
440 15 15 5
441 13 13 5
442 23 22 6
443 22 22 6
444 16 16 4
445 12 11 5
446 9 8 4
447 18 17 5
448 11 10 4
449 12 11 7
450 19 18 6
451 12 12 6
452 18 17 5
453 9 8 4
454 16 15 5
455 19 18 6
456 18 18 6
457 14 13 5
458 17 16 6
459 18 18 6
460 14 14 6
461 10 10 6
462 8 8 4
463 20 19 7
464 9 9 5
465 13 12 4
466 12 11 5
467 13 13 5
468 9 9 5
469 7 6 5
470 11 10 6
471 16 16 8
472 8 8 4
473 16 15 5
474 19 19 5
475 27 27 5
476 13 13 5
477 11 10 4
478 8 7 6
479 12 12 4
480 18 17 5
481 9 9 5
482 9 9 5
483 9 8 4
484 8 7 6
485 10 10 6
486 10 10 4
487 16 15 5
488 19 18 8
489 16 16 6
490 10 9 5
491 13 12 6
492 14 14 6
493 12 12 4
494 10 9 5
495 21 20 6
496 10 10 6
497 10 10 6
498 18 17 7
499 9 8 4
500 12 11 5
501 15 14 6
502 14 14 4
503 12 11 7
504 13 12 4
505 18 17 5
506 11 11 7
507 15 14 4
508 10 9 5
509 15 14 4
510 14 13 5
511 15 15 5
512 13 13 5
513 19 18 6
514 12 11 5
515 15 14 6
516 16 16 8
517 16 16 6
518 20 20 6
519 16 16 6
520 8 8 4
521 10 9 5
522 15 14 4
523 12 11 5
524 11 11 5
525 13 12 6
526 12 12 6
527 14 14 6
528 10 10 4
529 6 5 4
530 14 13 7
531 9 8 4
532 14 13 5
533 19 18 6
534 10 9 5
535 9 8 4
536 12 11 7
537 13 12 4
538 20 19 5
539 31 31 5
540 21 21 5
541 17 17 7
542 17 16 4
543 10 9 5
544 9 9 5
545 13 12 6
546 6 6 6
547 19 18 6
548 18 18 6
549 24 24 6
550 24 24 8
551 22 22 6
552 18 18 4
553 16 15 7
554 11 10 4
555 12 11 5
556 11 10 4
557 8 7 6
558 16 16 6
559 14 14 4
560 20 19 5
561 25 24 6
562 14 14 6
563 22 22 6
564 20 20 6
565 14 14 4
566 20 19 5
567 9 8 4
568 6 5 4
569 22 21 5
570 13 13 5
571 13 13 5
572 27 27 5
573 13 13 5
574 13 13 5
575 13 12 4
576 20 19 5
577 21 20 4
578 18 17 5
579 9 8 4
580 26 25 5
581 23 23 5
582 17 16 6
583 24 24 6
584 16 16 4
585 20 19 5
586 19 18 4
587 26 25 7
588 29 28 4
589 24 23 5
590 33 33 5
591 37 37 7
592 23 22 6
593 24 24 6
594 32 31 5
595 19 18 6
596 22 21 5
597 49 48 8
598 36 36 6
599 22 21 5
600 21 21 5
601 21 20 4
602 28 27 7
603 27 27 5
604 37 37 7
605 37 37 7
606 37 37 7
607 43 43 11
608 23 22 6
609 30 29 9
610 37 36 8
611 22 21 5
612 37 36 8
613 26 26 4
614 32 31 5
615 29 28 6
616 28 27 5
617 17 17 7
618 31 30 4
619 32 31 7
620 31 30 8
621 26 26 8
622 38 37 7
623 33 32 8
624 28 28 8
625 32 32 10
626 22 22 6
627 30 29 7
628 23 22 6
629 42 42 10
630 54 54 14
631 30 29 7
632 21 20 4
633 20 19 5
634 25 24 6
635 38 37 9
636 21 20 6
637 30 29 9
638 33 33 9
639 31 30 6
640 30 30 8
641 22 21 5
642 19 19 5
643 29 29 7
644 29 29 9
645 27 26 8
646 32 32 12
647 40 40 8
648 32 32 8
649 22 22 4
650 24 23 7
651 37 36 8
652 24 23 7
653 21 21 5
654 43 43 11
655 21 21 5
656 23 22 6
657 22 21 5
658 35 34 6
659 36 35 7
660 21 20 6
661 36 36 8
662 36 36 8
663 40 39 7
664 39 39 11
665 37 36 10
666 34 33 9
667 25 25 7
668 37 37 9
669 47 46 10
670 30 29 7
671 13 12 4
672 18 17 5
673 35 35 5
674 25 25 7
675 35 35 7
676 31 31 7
677 43 42 8
678 24 23 5
679 31 31 7
680 33 32 8
681 18 18 6
682 26 26 6
683 30 30 8
684 22 22 4
685 28 27 7
686 35 34 8
687 16 16 6
688 32 32 8
689 24 24 4
690 18 17 5
691 25 25 5
692 17 16 6
693 22 21 5
694 33 32 8
695 26 26 6
696 20 20 4
697 30 29 5
698 17 16 4
699 22 21 7
700 25 24 4
701 16 15 5
702 13 12 4
703 16 15 5
704 31 30 6
705 20 19 5
706 11 11 5
707 13 12 4
708 20 19 5
709 17 16 4
710 16 15 5
711 19 19 5
712 19 18 6
713 18 18 4
714 18 17 5
715 21 21 5
716 23 22 6
717 24 23 5
718 13 13 5
719 9 8 4
720 16 15 5
721 15 15 5
722 17 16 4
723 10 9 5
724 9 9 5
725 15 14 4
726 12 11 5
727 21 20 6
728 18 18 6
729 22 22 6
730 16 16 6
731 20 20 4
732 14 13 5
733 15 14 4
734 12 11 5
735 17 17 5
736 15 14 4
737 16 15 5
738 23 23 9
739 17 17 5
740 25 25 7
741 21 20 6
742 12 12 4
743 22 21 5
744 19 18 4
745 20 19 5
746 13 13 5
747 13 12 6
748 20 20 6
749 14 13 5
750 25 25 5
751 15 15 5
752 13 12 4
753 26 25 5
754 15 15 5
755 15 15 5
756 27 26 6
757 14 13 5
758 11 10 4
759 16 15 5
760 21 20 6
761 18 18 6
762 10 10 4
763 20 19 5
764 11 10 4
765 14 13 5
766 9 8 4
767 10 9 5
768 15 14 6
769 14 13 5
770 13 12 6
771 14 14 4
772 24 23 5
773 17 17 5
774 23 23 5
775 19 18 4
776 20 19 5
777 17 17 5
778 15 14 6
779 8 8 4
780 12 11 5
781 15 14 6
782 12 12 6
783 12 11 5
784 13 12 4
785 30 29 7
786 17 16 6
787 10 10 4
788 16 15 5
789 27 27 5
790 9 9 5
791 15 14 6
792 16 16 6
793 14 14 6
794 14 14 4
795 32 31 5
796 13 13 5
797 27 26 6
798 30 30 6
799 34 34 6
800 28 28 6
801 14 14 6
802 8 8 4
803 12 11 5
804 11 10 4
805 18 17 5
806 19 18 6
807 24 24 6
808 16 15 5
809 23 22 4
810 26 25 7
811 11 10 4
812 12 11 5
813 13 12 4
814 14 13 5
815 19 18 4
816 16 15 5
817 27 26 6
818 12 11 5
819 19 18 6
820 18 18 6
821 12 12 6
822 16 16 4
823 28 27 5
824 17 17 7
825 11 10 4
826 26 25 5
827 19 19 5
828 17 17 5
829 11 11 5
830 21 20 4
831 8 7 6
832 12 12 6
833 18 18 6
834 14 14 6
835 10 10 4
836 14 13 5
837 11 10 6
838 14 14 6
839 18 18 6
840 12 12 4
841 14 13 5
842 15 14 6
843 18 18 6
844 20 20 4
845 18 17 5
846 21 21 5
847 17 16 6
848 16 16 4
849 20 19 5
850 23 23 7
851 25 25 7
852 7 6 5
853 25 24 6
854 10 9 5
855 11 10 6
856 18 17 5
857 19 19 5
858 19 19 5
859 9 8 4
860 16 15 5
861 11 11 5
862 19 18 8
863 10 10 4
864 12 11 5
865 15 14 6
866 10 10 6
867 10 9 5
868 27 26 6
869 10 10 4
870 20 19 5
871 21 20 6
872 12 12 4
873 10 9 5
874 19 18 6
875 10 10 4
876 10 9 5
877 15 14 6
878 14 14 4
879 20 19 5
880 11 11 7
881 17 16 6
882 10 10 4
883 18 17 7
884 13 12 4
885 16 15 5
886 17 16 6
887 14 14 4
888 12 11 5
889 7 7 7
890 16 16 4
891 10 9 5
892 15 15 7
893 15 14 6
894 12 12 6
895 14 14 6
896 14 14 6
897 18 18 6
898 18 17 5
899 15 14 4
900 14 13 5
901 19 19 5
902 25 25 7
903 15 14 6
904 10 10 4
905 12 11 5
906 13 12 6
907 10 9 5
908 9 9 5
909 15 14 4
910 12 11 5
911 15 15 5
912 13 12 6
913 10 10 6
914 6 6 6
915 15 14 6
916 10 10 4
917 12 11 5
918 11 11 5
919 15 14 6
920 18 18 4
921 18 17 5
922 9 9 5
923 11 10 4
924 10 9 5
925 13 12 6
926 6 5 4
927 10 9 5
928 9 8 4
929 18 17 5
930 17 17 7
931 23 23 5
932 11 10 4
933 20 19 7
934 15 14 6
935 16 16 4
936 20 19 5
937 13 12 4
938 10 9 5
939 17 16 8
940 20 20 6
941 8 8 4
942 12 11 5
943 11 11 5
944 13 13 5
945 11 10 4
946 28 27 5
947 21 21 5
948 19 18 4
949 20 19 5
950 15 15 5
951 17 17 5
952 7 6 5
953 11 11 5
954 11 11 5
955 9 8 4
956 18 17 5
957 15 15 7
958 11 11 5
959 11 10 4
960 14 13 5
961 19 18 6
962 14 13 5
963 17 16 6
964 14 13 5
965 15 14 4
966 20 19 5
967 13 12 4
968 18 17 7
969 15 15 5
970 15 14 6
971 14 14 6
972 18 18 6
973 12 11 5
974 13 13 5
975 11 11 5
976 9 8 4
977 14 13 5
978 25 24 4
979 24 23 5
980 11 11 7
981 27 26 6
982 20 20 6
983 12 12 6
984 26 26 6
985 20 19 5
986 21 20 6
987 18 17 5
988 15 14 6
989 20 20 6
990 28 27 7
991 35 34 6
992 26 25 5
993 19 18 6
994 24 24 6
995 36 36 8
996 32 32 6
997 26 25 5
998 51 51 11
999 23 23 5
1000 25 25 5
1001 39 38 6
1002 30 29 9
1003 27 27 5
1004 25 25 5
1005 21 21 5
1006 25 25 5
1007 29 28 8
1008 38 38 6
1009 24 24 4
1010 26 25 7
1011 27 26 6
1012 30 30 8
1013 32 32 8
1014 22 22 6
1015 36 35 7
1016 25 25 5
1017 27 27 7
1018 29 29 5
1019 39 39 9
1020 23 22 6
1021 38 38 10
1022 20 20 6
1023 30 30 8
1024 24 24 6
1025 36 35 11
1026 25 24 6
1027 22 22 6
1028 26 26 6
1029 24 24 4
1030 14 13 5
1031 13 13 5
1032 15 14 6
1033 18 18 6
1034 22 22 6
1035 20 20 4
1036 26 25 5
1037 25 25 7
1038 25 24 6
1039 30 30 6
1040 24 23 9
1041 33 33 11
1042 33 32 6
1043 26 26 6
1044 30 30 4
1045 22 21 5
1046 21 20 6
1047 10 10 4
1048 28 27 5
1049 19 18 6
1050 14 13 5
1051 21 20 6
1052 20 20 4
1053 14 13 5
1054 35 34 8
1055 38 38 8
1056 24 24 6
1057 20 19 7
1058 19 19 5
1059 25 24 6
1060 26 25 7
1061 23 23 5
1062 33 33 7
1063 23 22 6
1064 22 22 6
1065 16 16 6
1066 28 28 6
1067 30 30 6
1068 22 21 5
1069 27 27 5
1070 27 26 6
1071 30 29 11
1072 17 16 6
1073 12 12 6
1074 22 22 4
1075 18 17 5
1076 25 24 6
1077 24 24 6
1078 6 6 6
1079 25 24 8
1080 22 22 6
1081 26 26 8
1082 20 20 4
1083 18 17 5
1084 23 23 5
1085 29 28 8
1086 22 22 8
1087 18 18 6
1088 22 21 7
1089 27 26 10
1090 18 18 4
1091 14 13 5
1092 25 24 6
1093 16 15 5
1094 15 14 6
1095 20 20 8
1096 22 22 6
1097 20 20 8
1098 24 24 6
1099 20 20 6
1100 20 20 4
1101 16 15 5
1102 9 8 4
1103 18 17 7
1104 17 16 4
1105 18 17 5
1106 13 12 6
1107 10 10 4
1108 26 25 5
1109 21 21 9
1110 23 22 6
1111 22 21 7
1112 19 18 6
1113 12 12 4
1114 30 29 9
1115 25 25 7
1116 23 22 6
1117 22 22 6
1118 22 22 6
1119 12 12 4
1120 22 21 7
1121 13 12 6
1122 18 17 7
1123 11 10 4
1124 16 15 5
1125 19 18 6
1126 14 14 6
1127 16 16 6
1128 20 19 5
1129 15 14 6
1130 8 8 4
1131 22 21 5
1132 17 16 6
1133 28 28 6
1134 14 13 5
1135 13 13 5
1136 17 17 5
1137 19 18 6
1138 14 13 5
1139 23 23 5
1140 17 16 4
1141 12 11 5
1142 11 10 6
1143 22 21 5
1144 13 13 5
1145 13 13 5
1146 21 21 5
1147 29 28 6
1148 22 22 6
1149 12 12 4
1150 28 27 5
1151 17 17 7
1152 11 10 4
1153 14 13 5
1154 17 17 5
1155 15 15 5
1156 17 17 5
1157 15 15 5
1158 17 16 6
1159 16 16 6
1160 24 24 6
1161 10 10 4
1162 12 11 5
1163 25 24 6
1164 14 13 5
1165 19 19 5
1166 17 17 5
1167 17 16 6
1168 14 14 4
1169 16 15 5
1170 15 15 5
1171 15 14 4
1172 20 19 7
1173 19 18 4
1174 16 15 5
1175 11 10 4
1176 12 11 5
1177 11 11 5
1178 13 12 4
1179 14 13 5
1180 17 16 6
1181 12 12 4
1182 6 5 4
1183 6 5 4
1184 18 17 7
1185 17 16 6
1186 12 11 5
1187 13 13 5
1188 11 10 6
1189 18 17 5
1190 11 10 4
1191 6 5 4
1192 20 19 9
1193 11 10 4
1194 6 5 4
1195 14 13 5
1196 11 10 4
1197 14 13 5
1198 17 16 6
1199 12 11 5
1200 27 26 6
1201 14 14 6
1202 20 20 6
1203 8 8 4
1204 10 9 5
1205 13 13 5
1206 17 16 6
1207 12 11 5
1208 19 18 6
1209 6 6 6
1210 13 12 6
1211 12 12 6
1212 22 21 5
1213 13 12 4
1214 14 13 5
1215 11 11 5
1216 19 19 7
1217 13 12 6
1218 14 13 5
1219 9 9 5
1220 9 9 5
1221 13 12 6
1222 12 12 6
1223 14 14 6
1224 10 10 6
1225 12 11 5
1226 9 8 4
1227 18 17 5
1228 11 11 5
1229 21 20 6
1230 10 10 6
1231 14 14 6
1232 8 8 4
1233 10 9 5
1234 15 14 8
1235 6 6 6
1236 17 17 5
1237 17 16 4
1238 6 5 4
1239 10 9 5
1240 13 12 6
1241 8 8 4
1242 12 11 5
1243 11 11 5
1244 21 20 6
1245 10 9 5
1246 11 11 5
1247 15 14 6
1248 8 8 4
1249 12 11 7
1250 9 8 4
1251 10 9 5
1252 9 9 5
1253 15 15 5
1254 17 16 4
1255 16 15 7
1256 15 14 4
1257 14 13 5
1258 9 9 5
1259 15 14 6
1260 18 17 5
1261 13 12 6
1262 6 6 6
1263 11 10 6
1264 6 5 4
1265 16 15 5
1266 5 5 5
1267 16 15 7
1268 11 11 5
1269 21 20 4
1270 16 15 5
1271 13 13 5
1272 15 14 6
1273 10 9 5
1274 11 11 5
1275 9 8 4
1276 14 13 5
1277 17 17 5
1278 17 17 5
1279 11 11 5
1280 21 20 8
1281 14 14 6
1282 18 18 6
1283 6 6 6
1284 19 18 4
1285 14 13 5
1286 9 9 5
1287 11 11 5
1288 13 12 4
1289 12 11 5
1290 17 16 6
1291 12 12 6
1292 14 14 6
1293 16 16 4
1294 16 15 5
1295 11 10 4
1296 18 17 5
1297 13 12 6
1298 8 8 4
1299 12 11 5
1300 13 12 6
1301 8 8 4
1302 22 21 5
1303 9 9 5
1304 13 12 4
1305 20 19 5
1306 13 13 5
1307 9 8 4
1308 6 5 4
1309 18 17 5
1310 13 13 5
1311 15 14 6
1312 8 8 4
1313 12 11 5
1314 19 19 5
1315 19 18 4
1316 6 5 4
1317 16 15 7
1318 11 10 6
1319 12 12 6
1320 10 10 6
1321 12 12 6
1322 10 10 4
1323 32 31 5
1324 15 15 5
1325 11 10 6
1326 8 8 4
1327 16 15 5
1328 13 13 5
1329 15 14 4
1330 16 15 5
1331 15 15 5
1332 13 12 6
1333 12 12 4
1334 18 17 5
1335 19 19 5
1336 25 25 7
1337 11 11 5
1338 17 16 4
1339 12 11 5
1340 13 12 6
1341 20 20 6
1342 12 12 4
1343 10 9 5
1344 25 24 6
1345 6 5 4
1346 18 17 5
1347 17 16 6
1348 18 17 5
1349 11 10 4
1350 26 25 7
1351 17 16 6
1352 12 12 6
1353 20 20 6
1354 12 11 5
1355 19 19 5
1356 13 13 5
1357 9 9 5
1358 21 21 5
1359 39 38 6
1360 18 17 5
1361 19 18 4
1362 22 21 5
1363 25 24 6
1364 18 18 4
1365 22 21 5
1366 21 20 6
1367 16 16 4
1368 16 15 5
1369 25 24 6
1370 18 18 4
1371 20 19 5
1372 17 16 4
1373 12 11 5
1374 25 25 5
1375 21 21 5
1376 19 18 4
1377 28 27 5
1378 19 19 5
1379 13 12 4
1380 16 15 5
1381 13 12 4
1382 28 27 5
1383 11 10 4
1384 20 19 5
1385 13 13 5
1386 15 15 5
1387 19 18 4
1388 26 25 5
1389 17 17 5
1390 13 13 5
1391 21 20 4
1392 22 21 5
1393 31 30 6
1394 14 14 4
1395 12 11 5
1396 15 15 5
1397 19 19 7
1398 15 14 4
1399 18 17 5
1400 23 22 6
1401 20 20 6
1402 26 26 6
1403 14 14 6
1404 14 13 5
1405 15 15 5
1406 5 5 5
1407 20 19 5
1408 19 19 5
1409 19 19 7
1410 15 14 6
1411 16 16 6
1412 12 12 4
1413 14 13 5
1414 19 18 6
1415 20 20 6
1416 18 18 6
1417 12 12 4
1418 18 17 5
1419 15 15 5
1420 19 19 5
1421 29 28 6
1422 22 22 6
1423 18 17 5
1424 15 15 5
1425 21 20 6
1426 16 16 4
1427 10 9 5
1428 11 10 4
1429 14 13 5
1430 13 12 6
1431 12 12 6
1432 14 14 6
1433 14 14 6
1434 10 9 5
1435 11 10 6
1436 10 9 5
1437 15 14 6
1438 8 8 4
1439 18 17 5
1440 9 8 4
1441 12 11 5
1442 9 8 4
1443 12 11 5
1444 9 9 5
1445 13 12 6
1446 16 16 8
1447 10 10 4
1448 12 11 5
1449 25 25 5
1450 13 12 4
1451 14 13 5
1452 17 17 5
1453 15 14 4
1454 14 13 5
1455 11 11 7
1456 13 12 6
1457 8 8 4
1458 14 13 5
1459 11 11 5
1460 11 11 5
1461 9 8 4
1462 10 9 5
1463 11 10 6
1464 14 13 5
1465 17 17 5
1466 11 10 4
1467 12 11 5
1468 15 14 6
1469 10 10 6
1470 8 8 4
1471 32 31 5
1472 15 14 6
1473 16 15 5
1474 11 10 4
1475 10 9 5
1476 19 18 6
1477 14 14 6
1478 22 21 5
1479 13 12 6
1480 16 16 6
1481 20 20 6
1482 18 18 6
1483 12 12 6
1484 12 12 6
1485 12 12 4
1486 28 27 7
1487 15 14 6
1488 14 14 4
1489 18 17 5
1490 11 11 5
1491 27 26 8
1492 22 22 6
1493 12 11 5
1494 33 32 8
1495 14 14 6
1496 24 24 6
1497 8 8 4
1498 34 33 5
1499 27 27 7
1500 43 42 6
1501 26 25 5
1502 17 17 5
1503 15 14 4
1504 42 41 7
1505 17 16 6
1506 32 32 8
1507 20 20 8
1508 30 30 8
1509 14 14 4
1510 18 17 5
1511 21 21 5
1512 23 23 5
1513 31 30 8
1514 8 8 4
1515 18 17 5
1516 33 32 8
1517 30 30 4
1518 18 17 5
1519 23 22 6
1520 20 20 6
1521 18 18 4
1522 26 25 5
1523 21 21 5
1524 23 23 5
1525 21 20 6
1526 18 18 4
1527 22 21 5
1528 15 14 4
1529 18 17 5
1530 25 24 6
1531 16 16 4
1532 18 17 5
1533 29 29 7
1534 31 30 6
1535 24 24 10
1536 18 17 5
1537 23 23 5
1538 29 28 6
1539 22 22 4
1540 26 25 7
1541 19 18 4
1542 40 39 5
1543 41 40 8
1544 26 26 4
1545 30 29 5
1546 19 18 4
1547 16 15 5
1548 19 18 6
1549 22 22 4
1550 28 27 5
1551 19 19 7
1552 15 15 5
1553 21 20 4
1554 22 21 5
1555 19 19 5
1556 13 12 4
1557 14 13 5
1558 27 26 6
1559 20 20 4
1560 16 15 5
1561 27 26 6
1562 20 20 6
1563 14 14 4
1564 18 17 5
1565 29 28 4
1566 28 27 7
1567 21 20 4
1568 20 19 5
1569 19 18 4
1570 20 19 5
1571 21 21 5
1572 21 20 6
1573 6 6 6
1574 31 30 4
1575 20 19 5
1576 21 21 5
1577 13 13 5
1578 19 18 6
1579 16 16 4
1580 20 19 5
1581 23 22 6
1582 24 24 6
1583 24 24 6
1584 18 18 4
1585 18 17 5
1586 25 24 6
1587 30 29 5
1588 19 19 7
1589 9 8 4
1590 20 19 5
1591 25 24 4
1592 10 9 5
1593 21 20 6
1594 22 22 6
1595 14 14 4
1596 20 19 5
1597 33 33 7
1598 19 18 6
1599 12 12 4
1600 14 13 5
1601 7 6 5
1602 25 24 4
1603 16 15 5
1604 17 16 4
1605 16 15 5
1606 15 15 5
1607 17 17 5
1608 17 17 5
1609 21 21 7
1610 13 12 4
1611 14 13 5
1612 19 18 6
1613 16 15 5
1614 13 13 5
1615 13 12 4
1616 24 23 5
1617 21 20 6
1618 14 14 4
1619 14 13 5
1620 23 23 5
1621 15 14 4
1622 16 15 5
1623 13 12 6
1624 18 18 4
1625 14 13 7
1626 17 16 6
1627 12 12 6
1628 12 12 6
1629 22 22 6
1630 10 10 4
1631 24 23 7
1632 15 15 5
1633 13 13 5
1634 25 24 4
1635 18 17 7
1636 17 17 5
1637 11 11 5
1638 13 13 5
1639 13 12 4
1640 20 19 5
1641 17 16 6
1642 16 16 6
1643 28 28 6
1644 22 22 4
1645 30 29 5
1646 25 24 6
1647 14 14 4
1648 20 19 5
1649 31 30 6
1650 28 27 5
1651 23 22 4
1652 22 21 5
1653 35 34 6
1654 28 28 6
1655 22 22 6
1656 24 24 6
1657 20 19 5
1658 35 34 6
1659 34 34 6
1660 28 28 6
1661 28 28 6
1662 24 23 5
1663 23 22 6
1664 18 17 5
1665 25 24 4
1666 32 31 7
1667 27 26 8
1668 16 16 4
1669 28 27 5
1670 19 19 5
1671 13 13 5
1672 19 18 4
1673 18 17 5
1674 13 12 4
1675 14 13 5
1676 31 30 10
1677 20 19 5
1678 11 10 4
1679 16 15 5
1680 17 17 5
1681 13 12 6
1682 18 18 4
1683 14 13 5
1684 15 14 4
1685 12 11 5
1686 7 6 5
1687 21 20 6
1688 18 18 6
1689 10 10 4
1690 12 11 5
1691 15 14 6
1692 16 16 4
1693 18 17 5
1694 11 11 5
1695 13 12 4
1696 12 11 5
1697 19 18 6
1698 12 12 6
1699 16 16 6
1700 10 9 5
1701 15 14 6
1702 14 13 5
1703 15 14 4
1704 6 5 4
1705 6 5 4
1706 8 7 6
1707 12 12 6
1708 12 12 6
1709 14 14 4
1710 20 19 5
1711 19 19 7
1712 15 15 7
1713 19 18 4
1714 12 11 5
1715 11 10 4
1716 12 11 5
1717 9 9 5
1718 15 15 5
1719 9 8 4
1720 18 17 5
1721 23 22 6
1722 20 19 5
1723 15 15 5
1724 15 15 5
1725 15 14 6
1726 12 11 5
1727 21 20 4
1728 28 27 5
1729 19 19 5
1730 19 18 6
1731 16 16 4
1732 12 11 5
1733 19 18 4
1734 20 19 5
1735 13 13 5
1736 9 9 5
1737 13 12 6
1738 14 14 6
1739 10 10 4
1740 12 11 5
1741 17 16 4
1742 12 11 5
1743 11 11 5
1744 11 10 4
1745 8 7 6
1746 14 14 4
1747 18 17 7
1748 13 13 5
1749 17 16 4
1750 14 13 5
1751 13 12 4
1752 12 11 5
1753 13 12 6
1754 12 12 6
1755 14 14 4
1756 12 11 5
1757 7 6 5
1758 15 15 7
1759 15 14 6
1760 10 10 4
1761 18 17 5
1762 27 26 6
1763 20 19 5
1764 13 12 6
1765 12 12 6
1766 10 10 6
1767 12 12 6
1768 14 14 4
1769 16 15 5
1770 15 15 5
1771 17 17 5
1772 11 11 5
1773 13 13 5
1774 17 17 5
1775 17 16 6
1776 18 18 6
1777 14 14 4
1778 12 11 5
1779 23 22 6
1780 12 11 5
1781 23 22 4
1782 20 19 5
1783 19 18 8
1784 14 14 4
1785 12 11 5
1786 7 6 5
1787 13 12 6
1788 14 14 6
1789 8 8 4
1790 16 15 7
1791 11 10 6
1792 10 9 5
1793 7 7 7
1794 12 12 4
1795 14 13 5
1796 15 15 7
1797 13 12 4
1798 16 15 5
1799 11 10 4
1800 16 15 5
1801 29 29 7
1802 9 8 4
1803 16 15 5
1804 11 11 5
1805 9 9 5
1806 11 10 4
1807 12 11 5
1808 15 14 6
1809 22 22 6
1810 18 18 6
1811 16 16 6
1812 16 15 7
1813 25 24 4
1814 24 23 5
1815 23 23 5
1816 17 17 5
1817 7 6 5
1818 17 16 4
1819 14 13 5
1820 15 14 4
1821 20 19 5
1822 23 23 5
1823 23 22 6
1824 14 13 5
1825 11 10 4
1826 16 15 5
1827 11 10 4
1828 22 21 5
1829 13 13 5
1830 13 12 6
1831 10 10 4
1832 12 11 5
1833 15 14 4
1834 14 13 5
1835 21 21 5
1836 15 15 5
1837 23 23 5
1838 17 16 6
1839 14 13 5
1840 19 18 6
1841 20 20 6
1842 24 24 6
1843 26 26 6
1844 32 32 6
1845 38 37 5
1846 13 13 5
1847 19 19 5
1848 31 31 5
1849 29 28 8
1850 32 32 8
1851 30 29 5
1852 17 16 4
1853 24 23 7
1854 29 28 6
1855 30 29 5
1856 17 17 5
1857 27 26 8
1858 20 20 4
1859 32 31 5
1860 29 28 8
1861 32 32 6
1862 40 39 9
1863 29 29 9
1864 25 24 6
1865 22 22 6
1866 30 30 6
1867 34 34 8
1868 28 27 7
1869 23 23 7
1870 39 38 10
1871 30 30 6
1872 32 31 9
1873 41 40 10
1874 26 25 7
1875 51 50 14
1876 22 22 4
1877 32 31 7
1878 23 23 5
1879 27 27 5
1880 31 31 7
1881 33 32 6
1882 34 33 11
1883 41 41 9
1884 29 28 10
1885 48 48 10
1886 22 22 4
1887 54 53 15
1888 27 26 6
1889 24 24 4
1890 24 23 7
1891 37 36 8
1892 24 24 4
1893 34 33 7
1894 35 34 6
1895 18 18 6
1896 12 12 6
1897 44 44 6
1898 58 58 12
1899 22 22 6
1900 20 20 4
1901 30 29 7
1902 27 27 5
1903 31 30 6
1904 28 28 6
1905 36 36 6
1906 32 31 5
1907 25 25 7
1908 37 37 7
1909 23 23 5
1910 27 27 7
1911 39 39 9
1912 43 43 9
1913 43 43 9
1914 37 37 9
1915 33 32 6
1916 24 23 5
1917 19 18 6
1918 54 53 13
1919 29 28 6
1920 42 42 8
1921 28 28 8
1922 38 38 8
1923 34 33 9
1924 29 29 5
1925 29 28 6
1926 30 30 12
1927 40 40 10
1928 46 46 8
1929 28 27 7
1930 23 23 5
1931 19 19 5
1932 27 27 7
1933 33 32 6
1934 24 24 6
1935 30 30 6
1936 38 37 9
1937 27 27 7
1938 39 38 8
1939 40 40 6
1940 30 30 8
1941 18 17 5
1942 27 26 6
1943 20 20 4
1944 26 25 9
1945 29 28 8
1946 30 30 8
1947 32 31 5
1948 23 22 6
1949 20 20 4
1950 28 27 7
1951 27 26 6
1952 16 16 4
1953 22 21 7
1954 19 18 4
1955 20 19 5
1956 23 22 4
1957 22 21 7
1958 23 22 8
1959 28 28 6
1960 26 26 6
1961 16 16 4
1962 24 23 7
1963 27 26 6
1964 26 25 7
1965 23 22 6
1966 18 18 4
1967 20 19 5
1968 19 19 5
1969 25 24 8
1970 22 22 6
1971 18 18 6
1972 22 22 4
1973 32 31 7
1974 21 21 5
1975 23 22 4
1976 12 11 5
1977 19 18 4
1978 20 19 5
1979 31 30 6
1980 20 19 5
1981 15 15 5
1982 13 12 4
1983 14 13 5
1984 17 16 6
1985 8 8 4
1986 20 19 7
1987 21 20 6
1988 14 14 6
1989 22 22 6
1990 18 17 5
1991 13 12 4
1992 12 11 5
1993 23 22 8
1994 16 16 6
1995 22 22 6
1996 12 12 4
1997 18 17 5
1998 7 6 5
1999 19 18 4
2000 14 13 5
2001 11 11 5
2002 13 13 5
2003 15 15 5
2004 23 22 6
2005 10 10 6
2006 18 18 4
2007 18 17 5
2008 5 5 5
2009 16 15 5
2010 13 13 5
2011 19 19 5
2012 15 15 5
2013 13 12 4
2014 24 23 7
2015 25 25 5
2016 19 19 5
2017 19 18 6
2018 12 12 8
2019 14 14 4
2020 20 19 5
2021 19 18 4
2022 18 17 5
2023 15 14 6
2024 12 12 4
2025 14 13 5
2026 21 20 6
2027 14 14 6
2028 16 15 5
2029 13 13 5
2030 7 6 5
2031 7 7 7
2032 10 10 6
2033 16 15 5
2034 15 15 5
2035 17 17 5
2036 23 22 6
2037 12 12 4
2038 12 11 5
2039 13 12 4
2040 12 11 5
2041 13 12 6
2042 8 8 4
2043 16 15 5
2044 15 15 5
2045 13 13 5
2046 25 25 5
2047 11 11 5
2048 9 8 4
2049 10 9 5
2050 13 13 7
2051 11 10 4
2052 8 7 6
2053 6 5 4
2054 10 9 5
2055 13 12 4
2056 16 15 5
2057 25 25 7
2058 25 25 5
2059 21 21 5
2060 17 17 5
2061 13 13 5
2062 17 17 5
2063 17 17 5
2064 13 13 5
2065 11 10 4
2066 14 13 5
2067 13 12 4
2068 14 13 5
2069 11 11 5
2070 23 23 7
2071 23 22 6
2072 18 18 4
2073 26 25 7
2074 15 15 5
2075 9 8 4
2076 10 9 5
2077 13 13 5
2078 21 20 4
2079 12 11 5
2080 17 17 7
2081 11 10 6
2082 22 22 4
2083 28 27 7
2084 13 12 6
2085 6 6 6
2086 13 12 6
2087 14 14 6
2088 12 11 5
2089 11 10 4
2090 14 13 5
2091 11 11 5
2092 5 5 5
2093 20 19 7
2094 11 10 6
2095 8 8 4
2096 10 9 5
2097 9 8 7
2098 23 22 6
2099 20 20 6
2100 18 18 4
2101 8 7 6
2102 10 10 4
2103 16 15 5
2104 11 11 5
2105 7 6 5
2106 11 11 5
2107 17 16 6
2108 18 18 6
2109 10 10 4
2110 12 11 5
2111 11 10 6
2112 22 22 4
2113 20 19 5
2114 17 16 6
2115 12 12 6
2116 10 10 6
2117 14 14 6
2118 18 17 5
2119 17 16 6
2120 38 37 5
2121 27 26 6
2122 26 26 6
2123 20 20 6
2124 30 29 5
2125 21 20 4
2126 24 23 5
2127 21 20 4
2128 24 23 5
2129 21 21 5
2130 23 23 5
2131 19 19 5
2132 25 24 6
2133 26 26 6
2134 22 22 4
2135 30 29 5
2136 23 23 5
2137 33 33 7
2138 31 30 6
2139 46 45 5
2140 27 26 6
2141 26 25 5
2142 17 16 6
2143 18 18 4
2144 20 19 5
2145 19 19 5
2146 37 37 5
2147 29 28 6
2148 24 23 5
2149 19 18 4
2150 26 25 5
2151 23 22 6
2152 26 26 4
2153 20 19 5
2154 25 24 6
2155 20 20 6
2156 34 34 4
2157 18 17 5
2158 27 27 5
2159 19 19 7
2160 33 32 6
2161 16 16 4
2162 28 27 5
2163 23 22 6
2164 14 13 5
2165 19 18 6
2166 26 26 6
2167 26 26 10
2168 18 18 6
2169 22 21 5
2170 27 26 6
2171 26 26 6
2172 20 20 6
2173 26 25 5
2174 15 14 4
2175 26 25 5
2176 23 23 5
2177 33 33 11
2178 19 19 5
2179 31 30 8
2180 14 13 5
2181 31 31 7
2182 25 24 6
2183 24 24 6
2184 16 16 6
2185 10 10 4
2186 30 29 9
2187 19 18 4
2188 24 23 5
2189 23 22 6
2190 16 15 5
2191 17 17 5
2192 19 19 5
2193 33 32 6
2194 20 20 6
2195 30 30 6
2196 14 14 4
2197 20 19 5
2198 19 18 6
2199 16 15 5
2200 15 14 4
2201 24 23 5
2202 21 20 4
2203 6 5 4
2204 22 21 5
2205 15 15 5
2206 17 16 6
2207 20 20 6
2208 22 22 6
2209 12 12 6
2210 22 22 6
2211 16 16 6
2212 16 15 5
2213 21 20 6
2214 24 24 6
2215 14 13 5
2216 19 19 7
2217 35 34 4
2218 14 13 5
2219 19 18 4
2220 12 11 5
2221 23 22 6
2222 20 20 4
2223 18 17 5
2224 15 15 5
2225 15 15 7
2226 15 14 4
2227 24 23 9
2228 21 20 6
2229 22 22 4
2230 20 19 5
2231 11 10 4
2232 26 25 5
2233 13 13 5
2234 21 20 4
2235 14 13 5
2236 25 25 5
2237 23 23 5
2238 17 16 6
2239 8 8 4
2240 24 23 5
2241 13 12 6
2242 12 12 4
2243 20 19 5
2244 15 15 5
2245 13 12 6
2246 8 8 4
2247 20 19 7
2248 7 6 5
2249 13 12 6
2250 18 18 6
2251 12 12 6
2252 18 17 5
2253 13 12 4
2254 16 15 5
2255 13 13 5
2256 23 22 4
2257 16 15 7
2258 11 10 4
2259 16 15 5
2260 15 14 6
2261 12 12 4
2262 14 13 5
2263 15 15 5
2264 13 12 6
2265 12 12 6
2266 10 10 4
2267 12 11 5
2268 11 11 5
2269 17 17 5
2270 15 15 5
2271 7 6 5
2272 13 12 6
2273 6 6 6
2274 21 21 7
2275 11 10 6
2276 20 20 8
2277 14 13 5
2278 13 13 5
2279 13 13 5
2280 7 6 5
2281 15 15 5
2282 11 11 5
2283 13 12 8
2284 12 12 6
2285 18 18 6
2286 16 15 5
2287 13 13 5
2288 11 11 5
2289 11 10 6
2290 8 8 4
2291 12 11 5
2292 15 15 9
2293 7 6 5
2294 21 20 4
2295 18 17 5
2296 21 20 6
2297 10 9 5
2298 11 10 4
2299 6 5 4
2300 6 5 4
2301 10 9 5
2302 11 10 6
2303 14 13 5
2304 13 13 7
2305 17 16 4
2306 18 17 5
2307 17 16 6
2308 18 17 5
2309 21 21 5
2310 13 13 5
2311 11 10 6
2312 10 10 6
2313 16 16 6
2314 18 18 6
2315 10 10 4
2316 10 9 5
2317 9 8 4
2318 14 13 7
2319 15 14 6
2320 16 16 6
2321 14 14 6
2322 8 7 6
2323 16 16 4
2324 20 19 7
2325 5 5 5
2326 12 11 5
2327 7 6 5
2328 9 8 4
2329 10 9 5
2330 9 9 5
2331 11 10 4
2332 18 17 7
2333 15 15 5
2334 7 6 5
2335 9 9 5
2336 23 22 8
2337 12 12 4
2338 12 11 5
2339 11 10 4
2340 10 9 5
2341 11 10 4
2342 10 9 5
2343 15 14 6
2344 14 13 7
2345 13 12 4
2346 10 9 5
2347 9 8 7
2348 13 12 4
2349 14 13 5
2350 13 12 4
2351 14 13 5
2352 11 10 6
2353 10 9 5
2354 13 12 6
2355 10 10 6
2356 8 7 6
2357 12 12 4
2358 6 5 4
2359 12 11 5
2360 13 12 4
2361 16 15 5
2362 9 9 5
2363 7 6 5
2364 13 13 5
2365 9 9 5
2366 7 6 5
2367 13 12 6
2368 6 6 6
2369 15 14 6
2370 16 16 6
2371 14 13 5
2372 11 11 5
2373 13 13 5
2374 5 5 5
2375 6 5 4
2376 10 9 5
2377 15 14 6
2378 10 9 5
2379 9 9 5
2380 11 10 4
2381 12 11 7
2382 13 12 4
2383 12 11 5
2384 9 8 4
2385 14 13 5
2386 13 12 4
2387 10 9 5
2388 13 12 4
2389 8 7 6
2390 10 10 6
2391 10 10 4
2392 14 13 5
2393 15 14 4
2394 14 13 7
2395 15 14 6
2396 14 14 8
2397 6 6 6
2398 11 11 5
2399 13 12 6
2400 16 16 6
2401 8 8 4
2402 18 17 5
2403 17 16 6
2404 12 12 4
2405 14 13 5
2406 9 9 5
2407 11 10 4
2408 14 13 5
2409 15 14 6
2410 12 11 5
2411 17 16 6
2412 12 12 6
2413 20 20 6
2414 14 14 4
2415 12 11 5
2416 11 10 6
2417 10 10 4
2418 14 13 5
2419 23 22 6
2420 20 20 4
2421 14 13 5
2422 15 14 4
2423 30 29 5
2424 37 37 7
2425 29 28 4
2426 24 23 5
2427 23 22 4
2428 14 13 5
2429 23 22 8
2430 32 32 6
2431 14 14 4
2432 18 17 7
2433 17 16 6
2434 18 18 6
2435 32 32 6
2436 24 23 5
2437 41 40 10
2438 22 22 4
2439 26 25 7
2440 37 37 9
2441 33 33 5
2442 21 21 5
2443 25 24 6
2444 28 28 8
2445 34 33 5
2446 25 24 6
2447 26 26 6
2448 20 20 4
2449 38 37 7
2450 27 27 7
2451 23 23 5
2452 53 53 7
2453 33 32 4
2454 30 29 5
2455 27 27 5
2456 47 46 8
2457 36 36 8
2458 20 20 6
2459 38 37 9
2460 39 39 9
2461 35 34 4
2462 36 35 7
2463 31 30 6
2464 30 30 8
2465 26 25 5
2466 23 23 5
2467 29 28 8
2468 26 26 6
2469 30 29 5
2470 37 37 9
2471 17 16 4
2472 34 33 7
2473 17 17 5
2474 19 18 4
2475 20 19 5
2476 21 20 6
2477 26 26 6
2478 16 15 5
2479 29 29 5
2480 17 17 5
2481 19 19 5
2482 15 15 5
2483 19 19 5
2484 23 22 4
2485 30 29 5
2486 21 20 4
2487 24 23 5
2488 33 33 5
2489 15 15 5
2490 19 18 6
2491 24 24 6
2492 16 15 5
2493 17 16 4
2494 22 21 5
2495 21 21 5
2496 13 12 4
2497 18 17 7
2498 25 25 5
2499 15 15 7
2500 15 14 4
2501 18 17 5
2502 23 22 6
2503 14 14 6
2504 8 8 4
2505 10 9 5
2506 13 13 7
2507 17 16 4
2508 20 19 5
2509 21 21 5
2510 23 23 5
2511 21 21 5
2512 19 18 6
2513 14 14 4
2514 20 19 5
2515 15 14 4
2516 16 15 5
2517 19 19 7
2518 21 20 4
2519 16 15 7
2520 17 16 6
2521 12 12 6
2522 18 18 4
2523 10 9 5
2524 15 15 5
2525 13 13 7
2526 23 22 6
2527 12 12 6
2528 14 13 5
2529 25 24 6
2530 12 12 4
2531 22 21 5
2532 19 18 8
2533 10 10 4
2534 12 11 5
2535 17 16 4
2536 12 11 5
2537 21 20 6
2538 14 14 6
2539 14 14 6
2540 16 15 5
2541 17 16 6
2542 16 15 5
2543 25 25 5
2544 17 16 4
2545 14 13 5
2546 11 10 6
2547 14 13 5
2548 17 16 4
2549 20 19 7
2550 15 14 6
2551 18 18 4
2552 14 13 7
2553 23 22 6
2554 10 10 4
2555 20 19 5
2556 21 20 4
2557 22 21 5
2558 21 20 6
2559 20 19 5
2560 19 18 6
2561 22 22 6
2562 20 20 6
2563 28 27 5
2564 25 24 4
2565 18 17 5
2566 11 11 5
2567 13 13 5
2568 15 14 4
2569 30 29 5
2570 21 21 5
2571 19 18 4
2572 16 15 5
2573 17 17 5
2574 23 23 5
2575 27 26 6
2576 10 10 4
2577 32 31 5
2578 17 16 4
2579 30 29 7
2580 25 24 6
2581 16 16 4
2582 18 17 5
2583 19 19 5
2584 17 16 4
2585 22 21 5
2586 19 18 6
2587 18 18 4
2588 22 21 5
2589 19 18 4
2590 20 19 5
2591 17 16 6
2592 14 14 4
2593 22 21 5
2594 11 11 5
2595 23 22 6
2596 16 15 5
2597 19 18 6
2598 18 18 4
2599 20 19 5
2600 21 21 5
2601 15 15 5
2602 15 14 6
2603 20 20 6
2604 10 9 5
2605 13 12 4
2606 12 11 5
2607 13 13 5
2608 19 18 6
2609 12 11 5
2610 25 24 6
2611 20 20 6
2612 14 13 5
2613 11 10 4
2614 14 13 5
2615 17 17 7
2616 17 16 6
2617 10 10 6
2618 20 19 5
2619 21 21 5
2620 15 14 4
2621 18 17 5
2622 17 16 6
2623 14 13 5
2624 13 13 5
2625 11 11 5
2626 13 13 5
2627 11 11 5
2628 7 6 5
2629 23 22 6
2630 18 18 8
2631 18 17 5
2632 11 10 4
2633 16 15 5
2634 15 14 4
2635 24 23 5
2636 11 11 5
2637 13 13 5
2638 9 8 4
2639 20 19 5
2640 9 9 5
2641 13 13 5
2642 13 13 5
2643 15 15 7
2644 17 16 4
2645 14 13 7
2646 11 10 4
2647 12 11 7
2648 21 20 4
2649 12 11 5
2650 15 14 4
2651 10 9 5
2652 19 19 5
2653 13 12 4
2654 16 15 7
2655 13 12 6
2656 16 16 4
2657 14 13 5
2658 11 10 6
2659 14 14 6
2660 12 12 6
2661 24 24 6
2662 8 8 4
2663 10 9 5
2664 11 11 5
2665 11 11 5
2666 11 10 4
2667 12 11 5
2668 15 15 5
2669 17 16 6
2670 12 12 4
2671 16 15 7
2672 7 6 5
2673 7 7 7
2674 14 14 6
2675 6 6 6
2676 13 13 5
2677 13 13 5
2678 11 11 5
2679 13 12 6
2680 24 23 5
2681 19 18 6
2682 18 18 6
2683 14 14 4
2684 6 5 4
2685 16 15 5
2686 7 6 5
2687 21 20 6
2688 14 13 5
2689 15 14 4
2690 10 9 5
2691 11 10 6
2692 18 18 6
2693 14 14 6
2694 12 12 6
2695 14 13 5
2696 23 22 6
2697 18 18 4
2698 14 13 5
2699 11 10 4
2700 22 21 7
2701 21 20 8
2702 20 19 5
2703 21 20 8
2704 30 30 8
2705 14 14 6
2706 26 25 5
2707 27 27 9
2708 29 28 8
2709 18 18 6
2710 26 25 5
2711 19 18 4
2712 20 19 5
2713 29 28 6
2714 26 26 6
2715 28 28 6
2716 26 25 5
2717 25 24 4
2718 28 27 5
2719 17 17 5
2720 17 17 5
2721 27 26 6
2722 22 21 7
2723 23 23 7
2724 21 20 4
2725 30 29 7
2726 21 20 4
2727 30 29 7
2728 31 30 6
2729 28 27 7
2730 29 29 5
2731 27 27 7
2732 23 22 6
2733 26 26 4
2734 42 41 7
2735 25 24 4
2736 42 41 7
2737 19 19 5
2738 31 30 8
2739 32 32 8
2740 20 19 5
2741 19 18 6
2742 16 16 4
2743 22 21 5
2744 19 18 4
2745 28 27 9
2746 29 28 8
2747 26 25 7
2748 19 19 5
2749 13 13 5
2750 25 24 8
2751 30 29 5
2752 13 13 5
2753 19 18 6
2754 16 16 4
2755 32 31 5
2756 25 25 7
2757 21 20 6
2758 24 24 4
2759 32 31 5
2760 27 26 6
2761 18 17 5
2762 19 19 7
2763 25 24 6
2764 36 35 13
2765 17 16 6
2766 38 37 9
2767 35 34 8
2768 24 24 6
2769 28 27 9
2770 35 35 7
2771 37 37 11
2772 25 24 6
2773 24 24 6
2774 28 28 8
2775 38 38 10
2776 16 16 6
2777 38 38 10
2778 20 20 6
2779 22 21 5
2780 19 19 7
2781 29 28 10
2782 24 23 5
2783 35 35 7
2784 23 22 4
2785 26 25 9
2786 17 16 4
2787 22 21 5
2788 33 33 13
2789 23 23 5
2790 15 15 5
2791 13 12 6
2792 38 37 11
2793 17 17 5
2794 27 27 5
2795 23 23 5
2796 31 31 7
2797 41 41 13
2798 19 19 5
2799 17 17 5
2800 13 13 5
2801 19 18 8
2802 12 12 4
2803 12 11 5
2804 15 14 6
2805 26 26 6
2806 36 36 8
2807 18 18 6
2808 36 36 8
2809 26 26 8
2810 12 11 5
2811 33 32 6
2812 10 9 5
2813 29 28 8
2814 16 16 4
2815 22 21 7
2816 25 25 5
2817 9 8 4
2818 20 19 5
2819 15 15 5
2820 29 28 6
2821 12 12 4
2822 28 27 7
2823 9 9 5
2824 19 18 6
2825 16 16 4
2826 16 15 5
2827 19 18 6
2828 10 9 5
2829 9 8 4
2830 12 11 5
2831 17 16 6
2832 12 12 6
2833 10 10 4
2834 12 11 5
2835 15 14 6
2836 16 16 6
2837 10 9 5
2838 11 11 5
2839 15 14 4
2840 16 15 7
2841 17 16 4
2842 32 31 7
2843 17 17 5
2844 21 20 6
2845 12 12 4
2846 22 21 5
2847 13 13 5
2848 17 17 5
2849 11 10 4
2850 12 11 5
2851 11 11 5
2852 19 19 5
2853 29 29 5
2854 21 20 4
2855 20 19 5
2856 15 15 7
2857 13 12 4
2858 12 11 5
2859 15 14 4
2860 12 11 5
2861 11 10 4
2862 14 13 5
2863 13 13 5
2864 11 11 5
2865 11 10 4
2866 18 17 5
2867 17 16 6
2868 6 5 4
2869 24 23 5
2870 13 13 5
2871 19 18 4
2872 16 15 5
2873 9 9 5
2874 15 15 7
2875 19 18 6
2876 14 14 6
2877 8 8 4
2878 6 5 4
2879 18 17 5
2880 25 24 6
2881 10 9 5
2882 11 10 6
2883 6 6 6
2884 13 12 8
2885 20 19 5
2886 15 14 4
2887 16 15 5
2888 15 15 5
2889 31 30 6
2890 16 16 4
2891 26 25 9
2892 9 9 5
2893 15 14 4
2894 20 19 5
2895 15 14 4
2896 10 9 5
2897 13 12 4
2898 18 17 5
2899 17 17 5
2900 13 13 5
2901 17 17 5
2902 11 11 5
2903 17 16 4
2904 14 13 5
2905 17 17 5
2906 15 14 6
2907 12 11 5
2908 11 11 5
2909 19 18 6
2910 14 14 4
2911 22 21 5
2912 17 17 5
2913 15 15 5
2914 23 22 6
2915 12 12 4
2916 24 23 5
2917 15 15 5
2918 13 12 4
2919 20 19 7
2920 9 8 4
2921 12 11 5
2922 15 14 4
2923 12 11 5
2924 17 16 6
2925 20 20 4
2926 20 19 5
2927 17 17 5
2928 19 18 6
2929 8 8 4
2930 12 11 5
2931 13 12 6
2932 18 18 4
2933 18 17 5
2934 17 16 8
2935 10 10 4
2936 18 17 5
2937 13 12 4
2938 18 17 5
2939 15 14 4
2940 10 9 5
2941 13 13 5
2942 9 9 5
2943 15 14 4
2944 16 15 5
2945 17 16 4
2946 16 15 5
2947 13 13 5
2948 15 14 6
2949 10 10 4
2950 18 17 5
2951 29 29 5
2952 15 15 5
2953 21 20 6
2954 20 20 4
2955 18 17 7
2956 15 14 4
2957 20 19 5
2958 13 13 5
2959 25 24 6
2960 22 22 6
2961 16 16 6
2962 20 20 4
2963 26 25 7
2964 11 11 5
2965 29 28 10
2966 24 24 8
2967 34 33 13
2968 19 18 6
2969 24 23 7
2970 29 28 6
2971 26 25 5
2972 31 30 10
2973 16 16 4
2974 20 19 5
2975 21 21 5
2976 17 17 5
2977 15 14 4
2978 28 27 7
2979 21 20 6
2980 18 18 6
2981 12 12 4
2982 18 17 5
2983 13 13 5
2984 15 14 6
2985 20 20 6
2986 22 21 7
2987 21 20 6
2988 16 15 5
2989 17 16 4
2990 26 25 9
2991 21 20 6
2992 16 16 6
2993 22 21 5
2994 21 21 5
2995 29 28 4
2996 28 27 7
2997 23 23 5
2998 33 33 5
2999 23 23 7
3000 27 27 5
3001 13 12 4
3002 18 17 5
3003 27 26 6
3004 26 25 5
3005 27 26 6
3006 26 26 6
3007 24 24 4
3008 22 21 7
3009 19 19 5
3010 25 25 7
3011 15 14 6
3012 16 16 4
3013 28 27 7
3014 25 24 4
3015 16 15 5
3016 27 27 9
3017 11 10 4
3018 20 19 7
3019 35 34 6
3020 12 12 4
3021 20 19 5
3022 27 26 6
3023 16 16 4
3024 26 25 11
3025 17 16 4
3026 20 19 7
3027 23 22 6
3028 26 26 8
3029 26 25 5
3030 25 25 9
3031 25 24 6
3032 22 22 6
3033 32 31 9
3034 25 24 6
3035 20 19 7
3036 23 22 4
3037 22 21 7
3038 31 30 8
3039 30 30 8
3040 28 28 8
3041 24 24 4
3042 36 35 9
3043 27 27 7
3044 31 31 7
3045 25 24 6
3046 28 28 8
3047 24 24 8
3048 24 24 8
3049 14 14 6
3050 28 28 6
3051 26 26 6
3052 18 17 5
3053 13 12 4
3054 16 15 5
3055 17 16 6
3056 16 16 4
3057 26 25 7
3058 19 19 5
3059 19 19 5
3060 21 21 7
3061 15 15 7
3062 21 20 6
3063 20 19 5
3064 19 19 5
3065 15 15 7
3066 23 22 4
3067 14 13 5
3068 17 16 6
3069 20 20 6
3070 20 19 5
3071 23 22 4
3072 12 11 5
3073 15 15 5
3074 13 13 5
3075 23 22 4
3076 20 19 5
3077 19 19 5
3078 23 22 6
3079 18 17 5
3080 17 16 4
3081 20 19 5
3082 11 11 5
3083 21 21 5
3084 15 15 5
3085 13 13 5
3086 15 15 5
3087 13 12 4
3088 18 17 5
3089 29 28 6
3090 12 11 5
3091 13 13 5
3092 15 14 4
3093 12 11 5
3094 13 13 5
3095 17 16 6
3096 10 10 4
3097 16 15 5
3098 13 12 6
3099 14 14 6
3100 26 26 6
3101 14 13 5
3102 21 20 6
3103 18 18 4
3104 22 21 5
3105 11 11 5
3106 33 32 6
3107 20 19 7
3108 29 28 8
3109 18 18 4
3110 24 23 5
3111 15 15 5
3112 21 21 5
3113 31 31 9
3114 31 30 4
3115 24 23 7
3116 27 26 8
3117 28 28 6
3118 30 30 8
3119 44 44 12
3120 24 24 6
3121 16 16 4
3122 34 33 7
3123 27 26 4
3124 24 23 5
3125 29 29 5
3126 37 36 8
3127 32 32 6
3128 40 39 7
3129 27 26 6
3130 24 24 4
3131 32 31 7
3132 29 29 7
3133 13 12 6
3134 26 26 6
3135 28 28 10
3136 24 24 8
3137 26 25 7
3138 19 18 4
3139 20 19 5
3140 21 20 6
3141 24 23 7
3142 13 12 6
3143 18 17 5
3144 17 16 4
3145 16 15 5
3146 13 12 4
3147 16 15 5
3148 17 16 6
3149 10 10 4
3150 14 13 5
3151 15 14 6
3152 12 12 4
3153 12 11 5
3154 9 8 4
3155 12 11 7
3156 11 10 4
3157 14 13 5
3158 13 12 4
3159 12 11 5
3160 21 20 6
3161 16 16 8
3162 10 10 4
3163 16 15 7
3164 9 8 4
3165 10 9 5
3166 15 14 4
3167 22 21 7
3168 17 16 6
3169 10 10 4
3170 12 11 5
3171 11 11 7
3172 9 8 4
3173 14 13 5
3174 23 22 4
3175 22 21 7
3176 19 18 4
3177 10 9 5
3178 9 8 4
3179 12 11 5
3180 9 9 5
3181 17 16 6
3182 12 11 5
3183 13 12 6
3184 8 8 4
3185 10 9 5
3186 5 5 5
3187 16 15 7
3188 13 13 5
3189 13 12 4
3190 12 11 5
3191 17 17 7
3192 15 15 5
3193 11 10 6
3194 8 8 4
3195 18 17 7
3196 13 12 4
3197 8 7 6
3198 8 8 4
3199 12 11 7
3200 11 10 4
3201 12 11 5
3202 19 18 8
3203 16 16 8
3204 22 22 6
3205 12 12 4
3206 14 13 5
3207 5 5 5
3208 14 13 5
3209 11 11 5
3210 9 8 4
3211 12 11 5
3212 11 11 5
3213 7 6 5
3214 19 19 5
3215 23 23 5
3216 21 20 6
3217 20 20 6
3218 12 11 5
3219 15 15 5
3220 21 20 6
3221 14 14 4
3222 14 13 5
3223 11 10 6
3224 18 18 4
3225 8 7 6
3226 10 10 4
3227 12 11 7
3228 15 14 6
3229 18 18 4
3230 12 11 5
3231 11 10 4
3232 6 5 4
3233 12 11 5
3234 17 17 5
3235 17 17 5
3236 21 21 5
3237 15 15 5
3238 19 18 6
3239 14 14 6
3240 14 14 6
3241 14 13 5
3242 13 13 5
3243 11 11 5
3244 13 13 5
3245 13 13 5
3246 11 10 4
3247 18 17 7
3248 11 10 6
3249 10 10 4
3250 12 11 5
3251 17 17 5
3252 17 17 7
3253 17 16 4
3254 18 17 7
3255 15 15 5
3256 13 12 4
3257 10 9 5
3258 7 6 5
3259 13 12 8
3260 16 16 6
3261 14 14 4
3262 10 9 5
3263 21 20 8
3264 12 12 6
3265 18 18 6
3266 18 17 5
3267 5 5 5
3268 10 9 5
3269 11 10 4
3270 14 13 7
3271 11 10 6
3272 12 12 4
3273 14 13 5
3274 17 16 8
3275 22 22 6
3276 14 13 5
3277 21 20 6
3278 14 13 5
3279 19 19 5
3280 25 24 6
3281 28 27 9
3282 27 26 4
3283 20 19 5
3284 23 22 4
3285 20 19 5
3286 19 18 6
3287 14 14 6
3288 18 18 6
3289 16 16 4
3290 16 15 7
3291 17 16 6
3292 30 30 6
3293 18 17 7
3294 13 12 4
3295 14 13 5
3296 9 8 4
3297 22 21 5
3298 13 13 5
3299 27 26 4
3300 16 15 5
3301 19 19 5
3302 19 19 5
3303 21 21 7
3304 21 21 5
3305 17 17 7
3306 15 14 4
3307 22 21 5
3308 23 22 6
3309 20 20 4
3310 26 25 7
3311 15 14 4
3312 16 15 5
3313 27 27 5
3314 13 12 4
3315 18 17 5
3316 19 19 5
3317 17 16 4
3318 12 11 5
3319 11 10 4
3320 16 15 5
3321 19 19 5
3322 9 8 4
3323 18 17 7
3324 11 11 5
3325 15 15 5
3326 17 16 4
3327 12 11 5
3328 21 21 5
3329 13 13 5
3330 17 16 6
3331 12 12 4
3332 20 19 7
3333 15 14 4
3334 12 11 5
3335 23 22 6
3336 14 14 6
3337 14 14 4
3338 20 19 5
3339 17 17 7
3340 7 6 5
3341 9 8 4
3342 14 13 5
3343 9 9 5
3344 19 19 5
3345 17 17 7
3346 23 22 8
3347 10 10 4
3348 12 11 5
3349 15 14 6
3350 6 6 6
3351 15 15 5
3352 13 12 6
3353 22 21 7
3354 13 12 6
3355 8 8 4
3356 18 17 7
3357 17 16 4
3358 12 11 5
3359 13 13 5
3360 23 23 7
3361 11 10 4
3362 20 19 7
3363 15 14 4
3364 16 15 5
3365 15 15 5
3366 13 12 4
3367 16 15 5
3368 15 15 7
3369 13 12 6
3370 18 18 6
3371 14 13 5
3372 25 24 4
3373 14 13 5
3374 17 16 6
3375 20 20 6
3376 16 16 4
3377 14 13 5
3378 15 14 8
3379 20 20 4
3380 16 15 5
3381 17 16 4
3382 16 15 5
3383 15 15 5
3384 15 14 6
3385 6 5 4
3386 16 15 5
3387 15 15 7
3388 9 8 4
3389 20 19 7
3390 15 14 4
3391 14 13 5
3392 17 16 4
3393 12 11 5
3394 11 10 6
3395 10 10 6
3396 12 12 6
3397 14 13 5
3398 15 15 5
3399 11 11 5
3400 13 13 5
3401 17 16 6
3402 18 18 6
3403 16 15 5
3404 23 22 4
3405 10 9 5
3406 13 12 4
3407 12 11 5
3408 15 14 6
3409 14 13 5
3410 23 22 4
3411 10 9 5
3412 13 12 6
3413 10 10 4
3414 14 13 7
3415 11 10 6
3416 14 14 6
3417 14 14 6
3418 14 14 4
3419 14 13 5
3420 11 10 6
3421 14 14 6
3422 20 20 4
3423 14 13 5
3424 19 18 6
3425 12 12 6
3426 16 16 6
3427 18 18 6
3428 14 14 4
3429 18 17 5
3430 17 16 4
3431 10 9 5
3432 11 10 4
3433 30 29 5
3434 11 11 5
3435 11 10 4
3436 18 17 5
3437 15 15 5
3438 11 11 5
3439 9 8 4
3440 16 15 5
3441 15 14 4
3442 18 17 7
3443 19 18 6
3444 14 13 5
3445 17 16 4
3446 20 19 7
3447 13 12 4
3448 12 11 5
3449 11 10 4
3450 20 19 7
3451 11 11 5
3452 13 12 4
3453 14 13 5
3454 15 14 4
3455 16 15 7
3456 11 10 6
3457 12 12 4
3458 16 15 5
3459 11 10 6
3460 8 8 4
3461 12 11 5
3462 7 6 5
3463 15 14 8
3464 18 18 6
3465 12 12 4
3466 6 5 4
3467 20 19 5
3468 5 5 5
3469 22 21 5
3470 17 17 5
3471 7 6 5
3472 13 12 6
3473 10 10 4
3474 14 13 5
3475 13 12 6
3476 16 16 6
3477 18 17 5
3478 13 12 6
3479 10 10 4
3480 10 9 5
3481 23 22 6
3482 26 26 4
3483 22 21 7
3484 19 18 4
3485 14 13 5
3486 13 12 4
3487 22 21 7
3488 15 14 6
3489 18 18 6
3490 14 13 5
3491 17 16 4
3492 26 25 5
3493 9 8 4
3494 12 11 5
3495 15 14 4
3496 12 11 7
3497 11 10 4
3498 16 15 5
3499 25 25 5
3500 35 35 5
3501 13 12 6
3502 12 12 4
3503 24 23 5
3504 21 20 6
3505 20 19 5
3506 19 18 6
3507 12 12 4
3508 20 19 5
3509 17 17 5
3510 19 18 4
3511 14 13 5
3512 13 13 5
3513 7 6 5
3514 15 14 4
3515 20 19 5
3516 23 22 6
3517 24 23 5
3518 19 19 5
3519 13 12 4
3520 16 15 5
3521 13 12 6
3522 22 22 6
3523 24 24 6
3524 26 26 6
3525 22 22 6
3526 30 29 7
3527 25 24 4
3528 16 15 5
3529 15 15 5
3530 15 14 4
3531 30 29 7
3532 47 47 7
3533 21 20 4
3534 20 19 5
3535 21 21 5
3536 17 17 5
3537 13 12 6
3538 20 20 4
3539 20 19 7
3540 21 21 5
3541 17 17 5
3542 27 26 6
3543 28 28 6
3544 28 27 7
3545 25 24 6
3546 12 12 4
3547 24 23 7
3548 13 12 4
3549 20 19 5
3550 17 17 5
3551 21 20 6
3552 16 16 4
3553 34 33 5
3554 15 15 5
3555 19 19 5
3556 25 24 6
3557 24 23 5
3558 21 21 5
3559 31 30 6
3560 32 31 5
3561 31 31 5
3562 21 21 5
3563 37 36 8
3564 28 28 8
3565 40 39 7
3566 31 30 8
3567 20 19 7
3568 45 44 8
3569 52 51 11
3570 41 40 6
3571 24 24 8
3572 26 25 5
3573 33 33 9
3574 27 26 4
3575 32 31 5
3576 29 29 7
3577 25 25 5
3578 33 33 7
3579 19 18 4
3580 46 45 11
3581 33 32 4
3582 20 19 5
3583 23 22 6
3584 26 26 4
3585 24 23 5
3586 29 28 6
3587 20 20 4
3588 20 19 5
3589 21 21 5
3590 23 22 6
3591 22 22 6
3592 12 12 4
3593 26 25 5
3594 17 17 5
3595 15 14 4
3596 20 19 5
3597 25 24 6
3598 16 16 4
3599 14 13 5
3600 25 24 6
3601 20 20 6
3602 18 18 4
3603 16 15 5
3604 13 12 6
3605 10 10 4
3606 26 25 5
3607 13 13 5
3608 13 12 4
3609 20 19 5
3610 21 21 5
3611 19 18 6
3612 12 12 4
3613 16 15 5
3614 19 18 8
3615 14 14 4
3616 14 13 5
3617 9 9 5
3618 15 14 6
3619 10 10 6
3620 10 10 6
3621 18 18 6
3622 20 20 8
3623 10 10 4
3624 12 11 5
3625 15 15 7
3626 13 12 4
3627 12 11 5
3628 17 16 6
3629 10 10 4
3630 14 13 5
3631 15 14 6
3632 20 19 5
3633 13 13 5
3634 25 24 8
3635 16 15 5
3636 19 18 6
3637 14 14 4
3638 12 11 5
3639 13 12 6
3640 18 18 4
3641 10 9 5
3642 15 14 6
3643 18 18 6
3644 18 18 4
3645 12 11 5
3646 21 20 6
3647 6 6 6
3648 11 10 6
3649 18 18 6
3650 20 20 4
3651 10 9 5
3652 25 25 5
3653 23 23 5
3654 25 24 6
3655 36 36 6
3656 36 35 5
3657 31 31 7
3658 19 19 5
3659 17 17 5
3660 19 19 5
3661 25 24 6
3662 24 24 6
3663 20 19 5
3664 23 23 5
3665 11 10 4
3666 22 21 7
3667 33 33 5
3668 21 21 5
3669 15 15 5
3670 25 25 5
3671 29 29 5
3672 17 17 5
3673 13 13 5
3674 21 20 4
3675 20 19 5
3676 35 34 6
3677 20 20 6
3678 28 27 5
3679 29 28 6
3680 12 12 4
3681 24 23 7
3682 11 10 4
3683 18 17 5
3684 11 10 6
3685 20 20 6
3686 14 14 6
3687 16 15 5
3688 25 25 5
3689 19 19 5
3690 15 15 7
3691 25 24 6
3692 20 20 4
3693 22 21 5
3694 9 9 5
3695 15 15 5
3696 17 16 6
3697 26 26 8
3698 16 16 4
3699 20 19 5
3700 13 12 4
3701 22 21 5
3702 13 12 4
3703 22 21 5
3704 21 21 5
3705 13 12 4
3706 12 11 5
3707 17 16 6
3708 16 15 5
3709 25 25 7
3710 19 18 4
3711 12 11 5
3712 17 17 5
3713 19 18 4
3714 14 13 5
3715 9 8 4
3716 14 13 5
3717 11 11 5
3718 15 14 4
3719 18 17 5
3720 11 11 5
3721 19 18 6
3722 10 9 5
3723 15 15 5
3724 15 14 4
3725 22 21 9
3726 15 15 5
3727 5 5 5
3728 20 19 5
3729 25 25 5
3730 5 5 5
3731 18 17 5
3732 13 12 4
3733 22 21 5
3734 11 11 5
3735 11 11 5
3736 9 9 5
3737 13 12 6
3738 12 12 6
3739 10 9 5
3740 11 10 4
3741 16 15 7
3742 11 10 6
3743 10 9 5
3744 13 12 4
3745 16 15 5
3746 21 20 6
3747 8 8 4
3748 12 11 5
3749 11 10 4
3750 10 9 5
3751 13 12 4
3752 12 11 5
3753 9 8 4
3754 10 9 5
3755 11 10 6
3756 18 17 7
3757 11 10 4
3758 14 13 5
3759 11 11 5
3760 9 9 5
3761 17 16 6
3762 12 11 5
3763 17 17 5
3764 15 15 5
3765 15 14 6
3766 16 15 5
3767 13 12 6
3768 8 8 4
3769 16 15 5
3770 5 5 5
3771 16 15 7
3772 13 12 4
3773 6 5 4
3774 12 11 5
3775 13 13 5
3776 15 15 5
3777 17 16 6
3778 14 14 6
3779 12 11 7
3780 7 6 5
3781 9 8 4
3782 12 11 7
3783 13 12 4
3784 20 19 5
3785 9 8 4
3786 22 21 5
3787 23 22 6
3788 22 22 4
3789 12 11 5
3790 9 9 5
3791 19 18 6
3792 10 10 4
3793 18 17 5
3794 11 11 5
3795 11 11 7
3796 15 14 4
3797 22 21 5
3798 17 17 5
3799 7 6 5
3800 13 12 4
3801 14 13 7
3802 13 12 6
3803 10 10 4
3804 16 15 5
3805 11 10 4
3806 14 13 7
3807 9 9 5
3808 17 16 4
3809 20 19 7
3810 9 8 4
3811 12 11 5
3812 7 6 5
3813 13 13 5
3814 21 20 8
3815 12 12 4
3816 10 9 5
3817 13 13 5
3818 19 19 5
3819 17 16 6
3820 10 10 6
3821 10 10 4
3822 12 11 5
3823 17 16 8
3824 20 19 5
3825 23 22 4
3826 14 13 5
3827 17 16 6
3828 8 8 4
3829 6 5 4
3830 18 17 5
3831 13 13 5
3832 21 21 7
3833 21 20 6
3834 14 14 4
3835 16 15 5
3836 15 14 6
3837 18 17 5
3838 21 20 4
3839 10 9 5
3840 17 16 4
3841 14 13 5
3842 17 17 5
3843 19 18 8
3844 16 16 4
3845 20 19 5
3846 15 14 4
3847 18 17 5
3848 17 16 6
3849 12 11 5
3850 21 20 6
3851 18 18 6
3852 20 20 8
3853 18 18 6
3854 34 33 9
3855 35 34 4
3856 28 27 7
3857 27 26 6
3858 22 21 5
3859 23 22 4
3860 28 27 7
3861 23 22 6
3862 12 12 6
3863 20 20 4
3864 24 23 5
3865 25 25 7
3866 21 20 4
3867 34 33 7
3868 13 13 5
3869 29 28 4
3870 16 15 5
3871 17 16 6
3872 14 14 4
3873 22 21 5
3874 25 24 6
3875 22 21 5
3876 15 15 5
3877 17 16 6
3878 14 14 4
3879 22 21 5
3880 23 22 8
3881 24 23 7
3882 19 18 6
3883 32 31 11
3884 19 18 4
3885 30 29 5
3886 21 20 4
3887 16 15 5
3888 21 20 4
3889 22 21 5
3890 19 19 5
3891 17 17 5
3892 19 18 6
3893 12 12 4
3894 22 21 5
3895 17 16 6
3896 18 18 4
3897 18 17 5
3898 17 17 5
3899 11 11 5
3900 21 20 6
3901 12 12 6
3902 12 12 6
3903 12 12 4
3904 12 11 5
3905 19 18 6
3906 14 13 5
3907 19 18 4
3908 16 15 5
3909 21 21 5
3910 15 14 6
3911 24 24 6
3912 8 8 4
3913 6 5 4
3914 16 15 5
3915 13 12 6
3916 12 12 4
3917 10 9 5
3918 11 11 5
3919 19 19 5
3920 19 19 5
3921 11 10 6
3922 24 24 6
3923 10 9 5
3924 7 6 5
3925 25 24 4
3926 24 23 5
3927 19 18 6
3928 12 12 4
3929 18 17 7
3930 13 12 4
3931 24 23 5
3932 15 15 7
3933 19 18 6
3934 18 18 4
3935 16 15 5
3936 11 10 4
3937 20 19 9
3938 15 14 4
3939 14 13 5
3940 23 22 6
3941 18 17 5
3942 15 15 5
3943 15 15 5
3944 15 14 6
3945 10 10 4
3946 20 19 7
3947 17 16 6
3948 12 12 4
3949 12 11 5
3950 13 12 4
3951 12 11 5
3952 17 16 6
3953 16 16 6
3954 14 14 6
3955 14 14 6
3956 12 12 4
3957 12 11 5
3958 19 18 4
3959 14 13 7
3960 17 16 6
3961 12 12 4
3962 12 11 7
3963 15 14 4
3964 20 19 5
3965 19 19 5
3966 21 20 6
3967 20 19 7
3968 21 20 4
3969 24 23 5
3970 15 15 7
3971 17 16 6
3972 14 14 4
3973 14 13 5
3974 11 11 5
3975 15 14 4
3976 26 25 5
3977 11 10 4
3978 16 15 5
3979 13 13 7
3980 17 16 4
3981 12 11 7
3982 9 8 4
3983 6 5 4
3984 10 9 5
3985 13 12 6
3986 10 10 6
3987 12 12 6
3988 22 21 5
3989 17 16 6
3990 26 25 7
3991 13 13 5
3992 11 10 4
3993 18 17 5
3994 27 27 5
3995 19 19 5
3996 15 15 5
3997 21 20 4
3998 14 13 5
3999 23 22 8
4000 8 8 4
4001 6 5 4
4002 14 13 5
4003 9 8 4
4004 14 13 5
4005 11 11 5
4006 7 6 5
4007 21 20 8
4008 12 12 4
4009 10 9 5
4010 11 11 5
4011 17 16 6
4012 6 5 4
4013 12 11 5
4014 15 14 6
4015 10 9 8
4016 8 8 4
4017 16 15 5
4018 13 12 6
4019 14 14 6
4020 14 14 6
4021 16 16 4
4022 14 13 5
4023 11 10 6
4024 6 6 6
4025 13 12 6
4026 8 7 6
4027 18 18 6
4028 10 9 5
4029 11 10 6
4030 14 14 4
4031 12 11 5
4032 9 9 5
4033 13 13 5
4034 13 12 6
4035 10 10 6
4036 14 14 6
4037 20 20 4
4038 16 15 5
4039 15 14 6
4040 6 6 6
4041 9 9 5
4042 15 14 6
4043 10 10 6
4044 12 12 6
4045 16 16 6
4046 10 10 4
4047 18 17 7
4048 11 11 5
4049 15 14 6
4050 10 10 4
4051 12 11 7
4052 11 10 4
4053 14 13 5
4054 15 14 4
4055 12 11 7
4056 13 12 6
4057 8 8 4
4058 12 11 5
4059 11 10 4
4060 12 11 5
4061 13 13 5
4062 7 6 5
4063 7 6 5
4064 17 17 5
4065 11 11 5
4066 11 10 6
4067 10 9 5
4068 9 8 4
4069 12 11 5
4070 15 14 8
4071 12 11 5
4072 11 11 5
4073 15 14 4
4074 12 11 5
4075 15 14 6
4076 14 14 6
4077 14 14 4
4078 16 15 5
4079 19 18 4
4080 18 17 5
4081 11 11 5
4082 19 18 4
4083 14 13 5
4084 17 17 5
4085 23 22 6
4086 24 24 6
4087 36 36 6
4088 40 40 6
4089 22 22 6
4090 32 32 4
4091 14 13 5
4092 17 16 4
4093 26 25 5
4094 11 11 5
4095 15 15 5
4096 15 14 4
4097 22 21 5
4098 25 25 5
4099 27 26 6
4100 22 22 6
4101 24 23 5
4102 27 26 6
4103 22 22 6
4104 28 28 6
4105 30 30 6
4106 38 37 5
4107 25 25 5
4108 41 40 8
4109 20 20 4
4110 18 17 5
4111 27 26 6
4112 30 29 5
4113 19 18 4
4114 24 23 5
4115 15 15 5
4116 21 21 5
4117 25 24 6
4118 16 15 5
4119 17 16 4
4120 22 21 5
4121 27 26 6
4122 16 16 4
4123 28 27 7
4124 25 24 6
4125 20 20 6
4126 14 14 4
4127 12 11 5
4128 15 14 4
4129 26 25 7
4130 21 20 4
4131 28 27 7
4132 19 18 4
4133 34 33 7
4134 37 36 6
4135 20 20 4
4136 38 37 7
4137 17 16 6
4138 20 20 4
4139 32 31 7
4140 41 41 7
4141 25 25 5
4142 15 14 4
4143 22 21 7
4144 17 16 4
4145 16 15 5
4146 35 35 9
4147 25 24 4
4148 20 19 5
4149 19 18 4
4150 40 39 7
4151 21 21 5
4152 25 24 4
4153 12 11 5
4154 13 13 5
4155 27 27 5
4156 33 33 7
4157 33 33 7
4158 23 22 4
4159 12 11 5
4160 27 26 6
4161 34 34 6
4162 14 14 4
4163 20 19 5
4164 19 18 4
4165 20 19 5
4166 25 25 7
4167 19 18 6
4168 16 15 5
4169 17 17 5
4170 21 21 5
4171 23 23 5
4172 23 22 6
4173 16 16 4
4174 16 15 5
4175 23 22 4
4176 18 17 5
4177 17 16 4
4178 28 27 7
4179 19 18 4
4180 22 21 5
4181 15 14 4
4182 34 33 7
4183 27 26 6
4184 14 14 4
4185 24 23 5
4186 27 27 5
4187 21 21 5
4188 9 8 4
4189 28 27 5
4190 33 33 5
4191 15 15 5
4192 19 19 7
4193 21 20 4
4194 22 21 5
4195 19 18 6
4196 20 20 4
4197 24 23 7
4198 21 21 5
4199 27 26 8
4200 20 20 6
4201 20 20 6
4202 28 28 6
4203 20 20 4
4204 24 23 5
4205 11 11 5
4206 21 20 6
4207 20 20 6
4208 20 20 6
4209 18 18 6
4210 30 29 5
4211 17 16 4
4212 18 17 5
4213 19 19 5
4214 15 15 5
4215 21 20 6
4216 14 14 6
4217 6 5 4
4218 14 13 5
4219 15 14 6
4220 12 12 4
4221 12 11 5
4222 23 22 4
4223 18 17 5
4224 15 15 5
4225 15 14 6
4226 18 18 6
4227 14 13 5
4228 23 22 4
4229 16 15 5
4230 21 20 6
4231 18 18 6
4232 16 16 6
4233 14 13 5
4234 9 8 4
4235 14 13 7
4236 9 8 4
4237 16 15 7
4238 15 14 4
4239 22 21 7
4240 15 14 4
4241 18 17 5
4242 13 12 6
4243 10 10 4
4244 8 7 6
4245 16 16 6
4246 8 8 4
4247 18 17 5
4248 13 12 4
4249 6 5 4
4250 14 13 5
4251 13 12 6
4252 6 6 6
4253 15 15 5
4254 15 14 4
4255 16 15 5
4256 7 6 5
4257 17 16 6
4258 12 12 4
4259 18 17 7
4260 15 14 6
4261 10 10 4
4262 16 15 5
4263 13 12 4
4264 12 11 5
4265 15 15 5
4266 9 8 4
4267 10 9 5
4268 13 13 5
4269 15 14 6
4270 12 11 5
4271 9 8 4
4272 16 15 5
4273 15 14 6
4274 10 10 6
4275 6 6 6
4276 15 15 5
4277 11 11 5
4278 13 13 5
4279 13 13 5
4280 13 13 5
4281 11 11 5
4282 13 12 6
4283 14 14 6
4284 8 8 4
4285 14 13 7
4286 13 12 4
4287 12 11 5
4288 5 5 5
4289 12 11 5
4290 13 12 4
4291 16 15 9
4292 13 12 4
4293 12 11 5
4294 19 19 5
4295 11 11 5
4296 15 14 4
4297 10 9 5
4298 17 17 7
4299 9 8 4
4300 10 9 5
4301 11 10 6
4302 10 10 4
4303 14 13 7
4304 13 13 5
4305 23 22 6
4306 10 9 5
4307 9 8 4
4308 18 17 7
4309 23 22 6
4310 12 11 5
4311 9 9 5
4312 15 14 6
4313 14 14 6
4314 12 12 6
4315 10 10 6
4316 12 11 5
4317 15 15 5
4318 5 5 5
4319 12 11 5
4320 13 13 5
4321 13 12 6
4322 18 18 8
4323 10 10 4
4324 16 15 7
4325 11 10 6
4326 14 14 6
4327 18 18 6
4328 12 11 5
4329 11 10 4
4330 12 11 5
4331 13 12 4
4332 10 9 5
4333 13 13 5
4334 13 13 5
4335 11 11 5
4336 9 9 5
4337 11 10 6
4338 10 9 5
4339 11 11 5
4340 13 12 4
4341 14 13 5
4342 11 10 4
4343 18 17 7
4344 15 14 6
4345 6 6 6
4346 13 12 4
4347 6 5 4
4348 10 9 5
4349 13 13 5
4350 11 11 5
4351 13 12 4
4352 6 5 4
4353 12 11 5
4354 9 9 5
4355 21 21 7
4356 19 19 5
4357 11 11 5
4358 11 11 5
4359 17 16 6
4360 26 25 5
4361 11 10 4
4362 20 19 5
4363 13 13 5
4364 23 22 4
4365 10 9 5
4366 21 21 7
4367 21 20 6
4368 20 20 6
4369 26 25 9
4370 17 16 6
4371 14 13 5
4372 27 26 6
4373 14 14 4
4374 24 23 5
4375 17 16 6
4376 12 11 5
4377 21 21 5
4378 27 27 5
4379 43 43 7
4380 21 21 5
4381 31 31 5
4382 23 23 5
4383 27 26 6
4384 24 24 4
4385 24 23 5
4386 31 30 4
4387 40 39 7
4388 35 35 7
4389 33 32 8
4390 44 43 11
4391 37 36 8
4392 48 47 11
4393 29 28 6
4394 24 24 6
4395 22 21 5
4396 51 51 9
4397 19 19 5
4398 19 18 6
4399 22 21 7
4400 27 26 6
4401 12 11 5
4402 23 22 4
4403 16 15 7
4404 23 23 5
4405 21 21 7
4406 27 27 7
4407 27 27 5
4408 19 18 6
4409 24 23 9
4410 17 16 6
4411 32 31 11
4412 25 24 10
4413 28 28 6
4414 22 22 6
4415 20 20 6
4416 18 18 4
4417 22 21 5
4418 25 24 6
4419 12 11 5
4420 21 20 4
4421 28 27 7
4422 15 15 5
4423 39 38 6
4424 36 36 8
4425 18 18 4
4426 24 23 5
4427 29 28 6
4428 16 16 4
4429 24 23 5
4430 37 36 8
4431 24 24 4
4432 22 21 5
4433 21 21 7
4434 19 18 6
4435 36 36 10
4436 28 28 4
4437 18 17 5
4438 19 18 6
4439 18 18 6
4440 16 15 5
4441 27 26 6
4442 28 27 7
4443 25 25 9
4444 15 14 4
4445 28 27 7
4446 13 12 4
4447 24 23 5
4448 25 25 5
4449 25 25 7
4450 19 19 5
4451 19 19 5
4452 19 18 4
4453 14 13 7
4454 27 26 4
4455 16 15 5
4456 31 30 8
4457 20 19 7
4458 13 12 4
4459 34 33 9
4460 19 18 6
4461 22 22 8
4462 26 25 5
4463 29 29 11
4464 17 16 6
4465 26 25 7
4466 25 24 6
4467 18 17 5
4468 35 34 6
4469 38 38 8
4470 20 20 6
4471 32 32 6
4472 16 15 5
4473 25 25 7
4474 27 26 6
4475 22 21 7
4476 23 22 6
4477 26 25 5
4478 27 26 4
4479 14 13 5
4480 33 33 5
4481 27 26 6
4482 30 29 7
4483 25 24 4
4484 26 25 7
4485 23 22 6
4486 22 22 6
4487 18 18 6
4488 26 26 6
4489 24 23 5
4490 19 18 6
4491 14 14 6
4492 32 32 4
4493 20 19 5
4494 27 26 6
4495 26 26 6
4496 14 13 5
4497 19 18 6
4498 18 17 5
4499 29 28 4
4500 22 21 5
4501 17 16 6
4502 28 27 7
4503 21 20 6
4504 12 12 4
4505 22 21 5
4506 17 16 6
4507 14 14 6
4508 24 24 4
4509 18 17 5
4510 17 16 6
4511 32 32 6
4512 22 21 5
4513 25 24 6
4514 12 12 4
4515 22 21 5
4516 33 32 6
4517 12 12 4
4518 16 15 5
4519 11 10 4
4520 30 29 7
4521 23 22 6
4522 20 20 4
4523 20 19 5
4524 23 23 5
4525 19 18 4
4526 18 17 7
4527 19 18 4
4528 16 15 5
4529 19 18 6
4530 16 15 5
4531 17 17 5
4532 13 13 5
4533 17 17 5
4534 23 23 5
4535 9 8 4
4536 20 19 5
4537 11 11 5
4538 9 9 5
4539 11 10 4
4540 12 11 5
4541 17 16 6
4542 12 12 6
4543 10 10 6
4544 10 10 4
4545 16 15 5
4546 13 12 4
4547 14 13 7
4548 25 24 6
4549 14 13 5
4550 19 19 5
4551 13 13 5
4552 13 12 6
4553 18 18 6
4554 16 16 4
4555 14 13 5
4556 17 16 6
4557 16 16 4
4558 12 11 5
4559 13 13 5
4560 15 15 5
4561 13 13 5
4562 13 12 4
4563 26 25 7
4564 13 12 4
4565 12 11 5
4566 21 20 6
4567 8 8 4
4568 12 11 5
4569 11 10 4
4570 14 13 5
4571 13 13 5
4572 17 16 6
4573 6 6 6
4574 9 8 4
4575 14 13 5
4576 15 14 6
4577 20 19 5
4578 5 5 5
4579 10 9 5
4580 17 16 6
4581 18 18 6
4582 6 5 4
4583 20 19 5
4584 9 9 5
4585 19 19 7
4586 13 12 6
4587 20 20 6
4588 24 23 7
4589 11 11 5
4590 21 20 6
4591 16 16 4
4592 18 17 5
4593 19 19 5
4594 27 26 6
4595 44 44 8
4596 36 36 6
4597 30 30 4
4598 18 17 5
4599 25 25 7
4600 31 31 7
4601 37 36 6
4602 38 38 8
4603 42 42 6
4604 34 33 5
4605 49 49 11
4606 39 38 8
4607 34 33 5
4608 29 29 5
4609 19 19 5
4610 41 41 9
4611 39 39 9
4612 27 27 7
4613 23 23 5
4614 25 25 5
4615 31 31 7
4616 31 31 5
4617 33 33 7
4618 29 28 8
4619 20 19 5
4620 27 27 5
4621 29 29 7
4622 17 17 5
4623 35 35 7
4624 33 33 9
4625 29 28 6
4626 14 14 6
4627 14 14 6
4628 16 16 6
4629 18 17 5
4630 31 31 9
4631 31 30 6
4632 28 28 14
4633 28 28 6
4634 40 40 8
4635 24 24 6
4636 16 15 5
4637 17 16 4
4638 14 13 5
4639 15 14 4
4640 20 19 5
4641 11 10 4
4642 24 23 5
4643 21 21 5
4644 19 18 4
4645 18 17 5
4646 9 9 5
4647 17 16 6
4648 18 17 5
4649 15 14 6
4650 20 20 6
4651 12 11 5
4652 21 20 6
4653 18 18 4
4654 18 17 5
4655 13 12 6
4656 14 14 6
4657 16 16 6
4658 12 12 6
4659 22 22 6
4660 16 16 6
4661 18 18 6
4662 18 18 6
4663 16 16 6
4664 12 12 4
4665 18 17 5
4666 15 14 4
4667 14 13 5
4668 15 15 5
4669 5 5 5
4670 12 11 5
4671 17 17 5
4672 13 12 6
4673 24 24 6
4674 14 13 5
4675 17 16 4
4676 12 11 5
4677 15 15 5
4678 19 19 5
4679 23 22 4
4680 22 21 7
4681 17 16 6
4682 18 17 5
4683 13 12 4
4684 18 17 5
4685 17 17 5
4686 9 8 4
4687 28 27 5
4688 33 33 5
4689 17 17 5
4690 33 33 5
4691 35 34 8
4692 20 20 4
4693 14 13 5
4694 29 28 6
4695 18 17 5
4696 25 24 6
4697 18 18 6
4698 16 16 4
4699 32 31 7
4700 19 19 5
4701 21 20 4
4702 34 33 7
4703 19 19 5
4704 27 27 5
4705 15 14 4
4706 24 23 5
4707 23 23 5
4708 27 26 6
4709 22 21 5
4710 47 46 8
4711 26 25 5
4712 23 23 5
4713 39 39 11
4714 21 20 6
4715 26 26 4
4716 24 23 5
4717 27 26 6
4718 20 20 6
4719 30 29 7
4720 31 31 5
4721 29 28 4
4722 26 25 7
4723 31 30 6
4724 26 26 4
4725 24 23 7
4726 37 36 8
4727 26 26 6
4728 24 24 6
4729 24 24 6
4730 18 18 4
4731 26 25 5
4732 37 36 6
4733 22 21 7
4734 25 24 4
4735 30 29 7
4736 37 37 7
4737 35 35 7
4738 25 25 5
4739 37 36 6
4740 50 49 11
4741 31 30 6
4742 42 41 13
4743 27 26 8
4744 52 52 14
4745 32 32 6
4746 34 33 9
4747 21 21 7
4748 29 28 6
4749 32 31 5
4750 25 25 5
4751 39 39 9
4752 29 28 6
4753 36 36 6
4754 24 24 6
4755 22 22 6
4756 26 26 6
4757 26 26 8
4758 22 22 6
4759 32 32 8
4760 36 35 11
4761 29 29 7
4762 29 28 6
4763 22 21 5
4764 27 26 8
4765 34 34 8
4766 22 22 4
4767 24 23 5
4768 31 30 6
4769 34 33 7
4770 19 18 6
4771 38 38 6
4772 18 17 5
4773 33 32 6
4774 38 38 6
4775 34 34 4
4776 34 33 9
4777 47 47 5
4778 39 38 10
4779 28 28 6
4780 28 27 5
4781 23 23 7
4782 27 26 6
4783 28 28 6
4784 20 20 4
4785 30 29 7
4786 27 26 6
4787 22 21 5
4788 23 23 5
4789 23 23 5
4790 29 29 7
4791 25 24 4
4792 30 29 9
4793 21 20 6
4794 36 36 6
4795 16 15 5
4796 15 15 5
4797 21 20 4
4798 16 15 5
4799 15 14 6
4800 24 24 4
4801 26 25 5
4802 11 10 4
4803 16 15 5
4804 23 22 6
4805 12 12 4
4806 20 19 5
4807 21 20 4
4808 14 13 5
4809 19 18 6
4810 14 14 6
4811 20 19 5
4812 23 22 4
4813 18 17 5
4814 17 16 6
4815 12 12 4
4816 16 15 5
4817 25 25 7
4818 21 20 4
4819 24 23 5
4820 19 18 4
4821 18 17 5
4822 21 21 5
4823 23 23 5
4824 19 19 5
4825 19 18 4
4826 12 11 5
4827 17 16 6
4828 20 20 4
4829 14 13 5
4830 11 11 5
4831 35 34 6
4832 22 22 6
4833 26 25 5
4834 21 21 5
4835 25 24 6
4836 20 20 6
4837 18 18 6
4838 14 14 4
4839 20 19 5
4840 23 23 5
4841 17 17 5
4842 19 18 4
4843 18 17 5
4844 15 14 4
4845 20 19 5
4846 25 24 6
4847 24 24 6
4848 18 18 4
4849 18 17 5
4850 19 18 4
4851 22 21 5
4852 11 11 5
4853 13 12 6
4854 20 20 4
4855 12 11 5
4856 21 20 6
4857 16 16 6
4858 12 12 6
4859 12 12 4
4860 22 21 7
4861 11 11 5
4862 17 16 6
4863 14 14 6
4864 10 10 6
4865 12 12 6
4866 10 10 6
4867 14 13 5
4868 11 10 4
4869 22 21 5
4870 9 8 4
4871 16 15 5
4872 13 12 6
4873 12 11 5
4874 25 24 8
4875 20 20 6
4876 16 15 5
4877 17 16 4
4878 12 11 5
4879 11 10 4
4880 14 13 5
4881 19 19 7
4882 13 12 6
4883 6 6 6
4884 13 13 5
4885 11 11 5
4886 25 24 8
4887 10 10 4
4888 14 13 5
4889 9 8 4
4890 20 19 9
4891 17 16 6
4892 14 14 4
4893 16 15 7
4894 11 11 5
4895 11 11 5
4896 15 14 4
4897 12 11 5
4898 19 18 4
4899 14 13 7
4900 9 8 4
4901 14 13 5
4902 13 12 6
4903 12 12 6
4904 10 10 4
4905 12 11 5
4906 11 10 4
4907 18 17 7
4908 11 10 6
4909 10 10 4
4910 10 9 5
4911 13 13 5
4912 11 11 5
4913 17 16 4
4914 16 15 5
4915 17 17 5
4916 13 12 4
4917 12 11 5
4918 11 10 4
4919 10 9 5
4920 19 18 6
4921 10 10 4
4922 20 19 5
4923 13 13 5
4924 11 10 4
4925 12 11 7
4926 11 11 5
4927 11 10 6
4928 8 8 4
4929 12 11 5
4930 19 18 8
4931 12 12 4
4932 14 13 5
4933 9 9 5
4934 11 10 6
4935 12 11 5
4936 15 14 6
4937 10 10 4
4938 12 11 5
4939 9 8 4
4940 16 15 5
4941 15 14 6
4942 16 16 6
4943 14 14 6
4944 14 13 5
4945 11 11 5
4946 11 11 7
4947 13 12 6
4948 6 6 6
4949 15 14 6
4950 16 16 6
4951 14 13 5
4952 15 14 6
4953 26 26 6
4954 12 11 5
4955 11 11 5
4956 13 13 5
4957 13 12 4
4958 10 9 5
4959 13 12 4
4960 16 15 5
4961 13 12 6
4962 8 8 4
4963 6 5 4
4964 18 17 5
4965 13 13 5
4966 7 6 5
4967 13 12 6
4968 10 10 6
4969 18 17 5
4970 17 16 6
4971 8 8 4
4972 12 11 5
4973 13 13 5
4974 17 16 6
4975 12 12 4
4976 16 15 7
4977 7 6 5
4978 19 18 6
4979 12 12 4
4980 20 19 5
4981 35 34 6
4982 20 20 4
4983 16 15 5
4984 27 27 5
4985 15 15 5
4986 19 18 6
4987 14 14 4
4988 16 15 5
4989 19 18 8
4990 18 18 6
4991 34 33 7
4992 21 20 6
4993 24 23 5
4994 25 24 6
4995 14 13 5
4996 19 18 6
4997 16 16 4
4998 28 27 7
4999 17 16 8
5000 32 31 5
5001 19 18 6
5002 16 16 6
5003 28 28 4
5004 24 23 7
5005 23 23 5
5006 25 24 4
5007 18 17 5
5008 17 17 7
5009 11 10 4
5010 22 21 5
5011 21 20 6
5012 20 20 4
5013 28 27 7
5014 19 18 4
5015 18 17 5
5016 25 24 8
5017 24 24 4
5018 34 33 5
5019 21 20 6
5020 32 32 6
5021 22 22 4
5022 28 27 5
5023 17 17 5
5024 27 26 4
5025 26 25 5
5026 27 27 5
5027 17 16 4
5028 16 15 5
5029 33 32 8
5030 20 19 7
5031 27 27 5
5032 21 20 6
5033 18 18 4
5034 30 29 7
5035 27 27 5
5036 23 23 7
5037 21 21 5
5038 17 17 5
5039 23 23 7
5040 35 34 10
5041 22 22 6
5042 14 13 5
5043 17 17 5
5044 27 26 8
5045 26 25 7
5046 21 20 6
5047 14 13 5
5048 19 18 4
5049 18 17 5
5050 11 10 4
5051 30 29 7
5052 17 17 5
5053 33 32 6
5054 24 24 6
5055 24 23 7
5056 15 14 4
5057 18 17 5
5058 31 30 8
5059 18 18 6
5060 18 17 5
5061 21 20 6
5062 14 13 5
5063 19 18 6
5064 16 16 4
5065 22 21 7
5066 27 26 8
5067 30 30 6
5068 24 24 4
5069 18 17 5
5070 15 15 5
5071 21 20 6
5072 20 20 6
5073 22 22 4
5074 18 17 7
5075 13 12 6
5076 20 20 8
5077 12 11 5
5078 13 12 6
5079 22 21 7
5080 11 10 4
5081 20 19 5
5082 9 8 4
5083 24 23 5
5084 15 15 5
5085 13 13 5
5086 7 6 5
5087 13 13 5
5088 17 16 6
5089 14 14 6
5090 10 10 6
5091 16 16 4
5092 18 17 7
5093 13 12 4
5094 20 19 5
5095 13 13 7
5096 17 16 6
5097 6 6 6
5098 7 6 5
5099 7 6 5
5100 7 6 5
5101 15 15 7
5102 21 20 6
5103 14 14 6
5104 20 20 6
5105 16 16 6
5106 6 6 6
5107 11 11 7
5108 11 10 4
5109 16 15 7
5110 11 10 4
5111 12 11 5
5112 23 22 6
5113 14 13 5
5114 9 9 5
5115 11 11 5
5116 9 9 5
5117 11 10 4
5118 12 11 7
5119 21 20 4
5120 14 13 5
5121 13 12 6
5122 16 15 5
5123 11 10 4
5124 16 15 5
5125 17 16 6
5126 20 20 6
5127 10 10 4
5128 24 23 5
5129 15 15 5
5130 21 21 5
5131 19 19 5
5132 13 13 5
5133 15 14 4
5134 14 13 5
5135 21 20 6
5136 22 22 4
5137 16 15 5
5138 15 14 6
5139 12 12 4
5140 14 13 5
5141 11 10 4
5142 16 15 5
5143 17 17 5
5144 15 14 6
5145 20 20 6
5146 14 14 4
5147 24 23 5
5148 9 8 4
5149 22 21 5
5150 15 14 4
5151 16 15 5
5152 11 10 6
5153 10 10 4
5154 26 25 5
5155 15 15 7
5156 15 15 5
5157 11 10 4
5158 10 9 5
5159 15 14 4
5160 12 11 5
5161 7 6 5
5162 9 8 4
5163 10 9 5
5164 9 8 4
5165 12 11 5
5166 17 16 6
5167 18 18 4
5168 22 21 7
5169 7 6 5
5170 11 10 6
5171 12 11 5
5172 5 5 5
5173 16 15 5
5174 21 20 6
5175 6 6 6
5176 15 14 6
5177 12 12 6
5178 12 12 4
5179 14 13 5
5180 11 10 6
5181 14 13 5
5182 19 18 6
5183 18 17 7
5184 7 6 5
5185 13 12 4
5186 10 9 5
5187 13 13 5
5188 15 15 7
5189 9 9 5
5190 15 14 4
5191 12 11 5
5192 17 16 4
5193 12 11 5
5194 21 20 6
5195 10 10 4
5196 10 9 5
5197 13 12 6
5198 16 16 6
5199 12 11 5
5200 11 10 4
5201 18 17 7
5202 13 12 4
5203 14 13 7
5204 19 18 4
5205 16 15 5
5206 13 13 5
5207 17 17 7
5208 11 10 4
5209 18 17 5
5210 13 12 6
5211 8 8 4
5212 16 15 7
5213 11 10 4
5214 12 11 5
5215 9 8 4
5216 14 13 5
5217 15 15 5
5218 11 11 5
5219 13 12 6
5220 8 8 4
5221 6 5 4
5222 10 9 5
5223 7 7 7
5224 6 6 6
5225 9 8 4
5226 14 13 7
5227 9 9 5
5228 11 10 4
5229 20 19 7
5230 13 12 6
5231 10 9 5
5232 13 12 4
5233 8 7 6
5234 10 10 4
5235 10 9 5
5236 17 16 4
5237 16 15 5
5238 15 15 5
5239 7 6 5
5240 11 11 5
5241 11 10 6
5242 6 5 4
5243 16 15 5
5244 11 11 5
5245 15 14 6
5246 6 6 6
5247 13 13 5
5248 19 18 6
5249 12 12 6
5250 20 19 5
5251 19 18 4
5252 10 9 5
5253 17 16 6
5254 18 18 6
5255 14 14 4
5256 12 11 5
5257 13 13 5
5258 11 10 4
5259 16 15 5
5260 19 18 6
5261 14 14 4
5262 14 13 5
5263 29 29 5
5264 13 13 5
5265 19 18 6
5266 12 11 5
5267 13 12 4
5268 16 15 5
5269 11 10 6
5270 14 14 6
5271 20 19 5
5272 15 15 5
5273 23 22 6
5274 16 15 5
5275 17 16 6
5276 14 14 6
5277 20 19 5
5278 29 28 6
5279 22 21 5
5280 19 19 5
5281 13 13 5
5282 11 10 4
5283 22 21 9
5284 17 16 4
5285 14 13 5
5286 33 32 6
5287 16 16 6
5288 22 22 6
5289 22 22 6
5290 34 33 5
5291 15 15 5
5292 23 22 4
5293 36 35 7
5294 23 23 5
5295 23 23 5
5296 19 18 6
5297 16 16 4
5298 26 25 7
5299 21 21 7
5300 25 24 6
5301 24 24 6
5302 36 35 13
5303 25 24 6
5304 16 15 5
5305 41 40 8
5306 30 29 5
5307 25 25 5
5308 13 13 5
5309 35 35 7
5310 21 21 5
5311 21 20 6
5312 18 18 6
5313 38 38 10
5314 32 32 6
5315 30 29 7
5316 17 16 4
5317 32 31 7
5318 15 15 5
5319 25 24 6
5320 20 19 5
5321 33 33 9
5322 33 32 8
5323 26 26 6
5324 22 21 5
5325 21 21 5
5326 23 23 5
5327 33 32 8
5328 20 19 5
5329 27 26 6
5330 18 17 5
5331 13 12 4
5332 48 47 17
5333 15 15 7
5334 31 30 8
5335 26 26 6
5336 20 20 6
5337 16 15 7
5338 35 34 8
5339 12 12 4
5340 12 11 5
5341 23 23 7
5342 21 21 5
5343 27 26 8
5344 32 31 9
5345 23 23 7
5346 23 22 4
5347 38 37 9
5348 13 12 4
5349 26 25 7
5350 17 17 5
5351 23 23 5
5352 17 17 5
5353 21 21 5
5354 19 18 6
5355 20 20 6
5356 16 15 5
5357 23 22 4
5358 20 19 7
5359 31 30 6
5360 22 22 6
5361 26 26 4
5362 22 21 5
5363 21 20 4
5364 32 31 7
5365 23 22 6
5366 18 18 6
5367 6 5 4
5368 18 17 5
5369 17 17 5
5370 17 16 4
5371 14 13 5
5372 17 16 4
5373 16 15 5
5374 15 15 5
5375 17 16 4
5376 12 11 5
5377 9 9 5
5378 9 9 5
5379 19 19 5
5380 11 11 5
5381 17 16 6
5382 10 10 4
5383 20 19 5
5384 13 13 5
5385 5 5 5
5386 10 9 5
5387 15 14 4
5388 18 17 5
5389 11 11 5
5390 17 16 6
5391 14 14 6
5392 8 8 4
5393 16 15 5
5394 13 12 6
5395 12 12 4
5396 18 17 5
5397 19 19 5
5398 13 12 6
5399 14 13 5
5400 17 16 6
5401 10 10 4
5402 26 25 5
5403 15 15 5
5404 19 19 5
5405 29 28 6
5406 10 10 4
5407 24 23 5
5408 37 36 6
5409 20 19 5
5410 11 10 4
5411 26 25 5
5412 15 14 6
5413 8 8 4
5414 10 9 5
5415 19 19 5
5416 17 16 4
5417 14 13 7
5418 11 10 4
5419 20 19 5
5420 15 14 4
5421 26 25 7
5422 19 18 4
5423 18 17 5
5424 13 12 4
5425 12 11 5
5426 17 16 6
5427 14 13 5
5428 13 12 6
5429 10 10 6
5430 26 26 4
5431 16 15 5
5432 13 13 5
5433 15 14 4
5434 18 17 5
5435 13 12 4
5436 20 19 5
5437 15 14 6
5438 16 15 5
5439 19 18 6
5440 14 14 4
5441 14 13 7
5442 13 12 4
5443 16 15 5
5444 23 23 5
5445 15 14 4
5446 22 21 7
5447 15 14 4
5448 18 17 5
5449 15 15 5
5450 15 14 4
5451 22 21 5
5452 11 11 5
5453 21 20 6
5454 18 17 5
5455 27 26 6
5456 20 20 6
5457 14 14 6
5458 30 30 6
5459 24 23 7
5460 23 23 5
5461 31 31 5
5462 23 23 5
5463 29 28 6
5464 32 31 7
5465 21 20 4
5466 18 17 7
5467 25 24 8
5468 30 30 4
5469 20 19 5
5470 25 24 4
5471 16 15 5
5472 23 22 6
5473 30 30 8
5474 16 16 6
5475 22 21 5
5476 11 10 4
5477 18 17 5
5478 23 23 5
5479 25 24 4
5480 20 19 5
5481 17 16 4
5482 14 13 5
5483 17 17 5
5484 15 14 6
5485 14 14 6
5486 20 19 5
5487 9 8 4
5488 12 11 5
5489 21 20 6
5490 10 10 4
5491 10 9 5
5492 13 13 5
5493 17 16 6
5494 8 8 4
5495 14 13 7
5496 9 8 4
5497 14 13 7
5498 19 18 6
5499 14 14 4
5500 14 13 7
5501 19 18 8
5502 12 12 4
5503 14 13 5
5504 17 16 6
5505 14 13 5
5506 11 10 6
5507 16 15 5
5508 15 14 6
5509 16 16 6
5510 8 8 4
5511 12 11 5
5512 9 8 7
5513 11 10 4
5514 10 9 5
5515 15 14 6
5516 14 14 6
5517 18 18 6
5518 6 6 6
5519 13 12 4
5520 16 15 5
5521 13 12 6
5522 28 28 6
5523 18 18 4
5524 14 13 5
5525 13 12 6
5526 20 19 7
5527 11 10 4
5528 6 5 4
5529 10 9 5
5530 11 11 5
5531 21 20 8
5532 14 14 4
5533 12 11 5
5534 15 15 5
5535 13 13 5
5536 13 13 5
5537 15 14 6
5538 20 20 6
5539 18 18 6
5540 22 22 6
5541 16 15 5
5542 21 21 5
5543 11 11 5
5544 9 9 5
5545 9 8 4
5546 18 17 5
5547 13 13 5
5548 11 10 6
5549 12 12 4
5550 8 7 6
5551 18 18 6
5552 10 10 6
5553 12 12 4
5554 14 13 5
5555 13 13 5
5556 11 11 5
5557 11 10 4
5558 14 13 5
5559 13 13 5
5560 11 10 4
5561 12 11 5
5562 17 16 8
5563 16 16 6
5564 12 12 4
5565 20 19 7
5566 15 14 4
5567 16 15 7
5568 11 10 4
5569 6 5 4
5570 8 7 6
5571 10 10 6
5572 10 9 5
5573 15 14 4
5574 14 13 5
5575 17 16 4
5576 20 19 7
5577 9 9 5
5578 15 14 4
5579 6 5 4
5580 22 21 5
5581 5 5 5
5582 10 9 5
5583 11 11 5
5584 13 12 6
5585 12 11 5
5586 17 17 5
5587 13 12 6
5588 8 8 8
5589 19 18 6
5590 18 18 6
5591 18 17 5
5592 29 29 5
5593 17 16 6
5594 20 20 6
5595 10 10 4
5596 18 17 5
5597 13 12 6
5598 14 13 5
5599 15 15 5
5600 9 9 5
5601 15 14 4
5602 16 15 5
5603 29 29 5
5604 15 14 6
5605 16 16 6
5606 22 22 6
5607 20 19 5
5608 15 15 5
5609 15 14 4
5610 20 19 5
5611 19 19 7
5612 15 15 5
5613 15 15 5
5614 11 10 4
5615 24 23 7
5616 13 12 6
5617 8 8 4
5618 10 9 5
5619 13 12 4
5620 18 17 5
5621 13 13 5
5622 21 21 7
5623 15 14 4
5624 6 5 4
5625 14 13 7
5626 9 9 5
5627 9 9 5
5628 13 12 6
5629 12 12 4
5630 16 15 5
5631 17 16 6
5632 10 10 6
5633 12 12 6
5634 20 19 7
5635 13 12 4
5636 14 13 5
5637 9 9 5
5638 13 12 6
5639 14 14 8
5640 16 16 6
5641 12 12 4
5642 12 11 5
5643 21 21 5
5644 15 14 4
5645 14 13 5
5646 19 18 6
5647 12 12 4
5648 16 15 5
5649 15 15 7
5650 19 18 6
5651 12 12 6
5652 6 6 6
5653 9 8 4
5654 10 9 5
5655 11 10 6
5656 10 10 6
5657 20 19 5
5658 15 15 5
5659 13 12 6
5660 12 12 6
5661 18 18 6
5662 6 5 4
5663 14 13 9
5664 15 14 4
5665 12 11 5
5666 13 12 4
5667 10 9 5
5668 19 19 5
5669 13 13 5
5670 17 17 5
5671 17 16 6
5672 20 20 6
5673 14 14 6
5674 26 26 4
5675 20 19 5
5676 29 28 6
5677 18 18 4
5678 24 23 5
5679 25 25 5
5680 49 48 8
5681 22 22 4
5682 32 31 7
5683 35 34 6
5684 46 46 6
5685 36 35 7
5686 25 24 4
5687 24 23 5
5688 33 33 9
5689 31 30 6
5690 30 30 6
5691 34 34 8
5692 20 20 6
5693 36 36 8
5694 38 37 9
5695 35 34 8
5696 30 30 6
5697 44 44 10
5698 34 34 6
5699 34 33 7
5700 35 35 9
5701 21 20 6
5702 48 47 9
5703 39 39 7
5704 37 36 6
5705 26 26 6
5706 22 21 5
5707 39 38 8
5708 36 36 10
5709 24 24 4
5710 42 41 7
5711 23 22 6
5712 34 34 10
5713 16 16 4
5714 38 37 7
5715 33 33 7
5716 37 37 7
5717 35 34 8
5718 22 22 8
5719 42 42 8
5720 28 27 7
5721 33 32 6
5722 24 24 8
5723 36 36 6
5724 32 32 6
5725 24 24 6
5726 40 40 12
5727 32 32 6
5728 28 27 7
5729 33 32 8
5730 42 41 11
5731 29 28 4
5732 24 23 5
5733 27 26 6
5734 24 24 6
5735 30 30 6
5736 24 23 7
5737 29 28 6
5738 20 20 4
5739 24 23 5
5740 9 8 4
5741 18 17 5
5742 17 16 6
5743 20 20 4
5744 18 17 5
5745 15 15 5
5746 15 15 5
5747 19 19 5
5748 19 18 6
5749 24 24 6
5750 16 16 4
5751 20 19 5
5752 21 20 6
5753 18 18 4
5754 16 15 5
5755 23 22 6
5756 12 11 5
5757 15 14 4
5758 16 15 5
5759 19 19 7
5760 17 16 6
5761 20 20 6
5762 16 15 5
5763 17 16 6
5764 12 11 5
5765 9 8 4
5766 18 17 5
5767 27 26 6
5768 22 21 7
5769 31 30 8
5770 22 21 5
5771 15 14 4
5772 16 15 5
5773 25 24 6
5774 16 16 6
5775 22 22 4
5776 18 17 5
5777 25 25 7
5778 25 24 6
5779 14 14 4
5780 16 15 5
5781 31 31 7
5782 29 28 8
5783 14 14 4
5784 22 21 7
5785 19 19 7
5786 21 20 4
5787 26 25 7
5788 25 24 4
5789 24 23 7
5790 19 18 6
5791 18 18 4
5792 20 19 5
5793 21 21 7
5794 25 24 8
5795 32 31 7
5796 23 22 4
5797 20 19 5
5798 23 23 5
5799 33 33 9
5800 35 34 8
5801 24 24 4
5802 32 31 7
5803 17 17 5
5804 45 44 8
5805 28 27 7
5806 27 26 4
5807 28 27 5
5808 17 16 6
5809 22 22 4
5810 18 17 5
5811 25 24 6
5812 32 32 6
5813 22 21 5
5814 17 16 6
5815 20 20 6
5816 14 13 5
5817 13 12 4
5818 16 15 5
5819 15 14 4
5820 10 9 5
5821 17 16 6
5822 28 27 5
5823 11 10 4
5824 14 13 5
5825 21 20 6
5826 12 12 4
5827 14 13 5
5828 15 15 5
5829 15 14 6
5830 20 20 6
5831 26 26 6
5832 14 14 4
5833 10 9 5
5834 13 12 4
5835 18 17 5
5836 23 22 6
5837 18 18 4
5838 6 5 4
5839 14 13 5
5840 15 14 6
5841 12 12 4
5842 14 13 5
5843 11 11 5
5844 9 8 4
5845 12 11 5
5846 17 17 5
5847 11 10 4
5848 12 11 5
5849 15 14 6
5850 12 12 6
5851 12 12 6
5852 8 8 4
5853 12 11 5
5854 7 7 7
5855 10 10 6
5856 16 15 5
5857 13 12 4
5858 14 13 5
5859 17 17 5
5860 7 6 5
5861 13 12 6
5862 6 6 6
5863 11 10 6
5864 16 15 5
5865 11 11 5
5866 9 9 5
5867 7 6 5
5868 11 10 6
5869 8 8 8
5870 9 8 4
5871 18 17 5
5872 21 20 6
5873 18 18 4
5874 16 15 5
5875 11 11 5
5876 9 8 4
5877 16 15 5
5878 11 11 5
5879 13 13 5
5880 15 15 7
5881 13 12 6
5882 8 8 4
5883 10 9 5
5884 11 11 5
5885 11 10 6
5886 16 15 5
5887 23 22 6
5888 12 12 6
5889 22 21 7
5890 15 14 4
5891 12 11 5
5892 15 15 7
5893 13 12 6
5894 6 6 6
5895 13 12 4
5896 10 9 5
5897 11 10 4
5898 18 17 5
5899 11 10 4
5900 14 13 7
5901 15 14 6
5902 14 13 5
5903 9 8 4
5904 16 15 7
5905 15 15 5
5906 11 11 5
5907 11 10 4
5908 10 9 5
5909 11 10 6
5910 10 10 4
5911 16 15 7
5912 19 18 6
5913 12 12 4
5914 12 11 5
5915 13 12 6
5916 10 10 6
5917 10 9 5
5918 7 6 5
5919 13 13 7
5920 13 12 6
5921 6 6 6
5922 21 20 6
5923 18 17 5
5924 11 11 5
5925 17 16 6
5926 12 11 5
5927 19 18 6
5928 18 17 5
5929 11 11 7
5930 15 14 6
5931 10 9 5
5932 11 10 4
5933 16 15 5
5934 25 24 6
5935 26 25 5
5936 23 22 6
5937 14 14 4
5938 14 13 5
5939 11 10 6
5940 14 14 4
5941 12 11 5
5942 19 18 6
5943 14 14 6
5944 8 8 4
5945 16 15 5
5946 15 14 4
5947 10 9 5
5948 17 16 6
5949 6 5 4
5950 12 11 5
5951 23 22 6
5952 14 14 6
5953 10 10 4
5954 10 9 5
5955 11 11 5
5956 9 9 5
5957 11 11 5
5958 9 8 4
5959 10 9 5
5960 9 8 4
5961 10 9 5
5962 13 13 5
5963 13 13 5
5964 9 8 4
5965 12 11 5
5966 13 12 6
5967 18 17 7
5968 15 14 6
5969 24 24 4
5970 16 15 5
5971 17 16 4
5972 12 11 5
5973 13 12 6
5974 6 6 6
5975 13 12 4
5976 16 15 5
5977 11 10 6
5978 6 6 6
5979 17 17 7
5980 17 17 5
5981 19 18 4
5982 14 13 5
5983 11 10 4
5984 14 13 7
5985 5 5 5
5986 16 15 5
5987 13 13 5
5988 9 9 5
5989 15 14 6
5990 6 6 6
5991 13 12 6
5992 8 8 4
5993 14 13 7
5994 11 10 4
5995 12 11 5
5996 9 8 4
5997 10 9 5
5998 33 33 7
5999 7 6 5
6000 9 8 4
6001 16 15 7
6002 17 16 4
6003 10 9 5
6004 9 9 5
6005 13 13 5
6006 19 18 6
6007 12 12 6
6008 12 12 6
6009 10 10 6
6010 12 12 4
6011 20 19 7
6012 17 16 8
6013 18 18 6
6014 16 16 6
6015 12 12 4
6016 26 25 5
6017 27 27 5
6018 13 12 4
6019 22 21 5
6020 21 20 4
6021 18 17 5
6022 25 25 5
6023 25 24 6
6024 28 28 4
6025 38 37 5
6026 33 33 7
6027 35 35 5
6028 19 18 4
6029 32 31 7
6030 35 34 6
6031 20 19 5
6032 31 31 5
6033 47 47 9
6034 23 23 7
6035 23 22 4
6036 32 31 9
6037 17 17 5
6038 33 32 6
6039 26 26 6
6040 42 42 10
6041 20 20 8
6042 16 16 4
6043 26 25 7
6044 31 31 7
6045 21 21 5
6046 15 15 5
6047 23 22 6
6048 24 24 6
6049 26 25 5
6050 37 37 9
6051 21 21 5
6052 47 46 12
6053 14 14 4
6054 32 31 11
6055 27 26 8
6056 20 20 4
6057 14 13 5
6058 21 20 6
6059 20 20 4
6060 20 19 5
6061 19 19 5
6062 25 25 7
6063 23 22 4
6064 20 19 5
6065 11 10 4
6066 24 23 5
6067 25 24 6
6068 36 35 9
6069 15 14 4
6070 14 13 5
6071 21 20 8
6072 28 27 5
6073 27 26 6
6074 16 15 5
6075 17 17 5
6076 17 16 6
6077 28 27 5
6078 23 23 5
6079 27 27 7
6080 17 17 5
6081 27 27 9
6082 15 15 5
6083 21 20 4
6084 14 13 5
6085 21 20 4
6086 30 29 7
6087 13 12 4
6088 22 21 5
6089 27 26 6
6090 30 30 6
6091 18 18 6
6092 18 18 6
6093 10 10 4
6094 16 15 5
6095 21 21 5
6096 17 16 6
6097 18 17 5
6098 15 14 4
6099 10 9 5
6100 17 16 6
6101 22 22 6
6102 18 18 4
6103 12 11 5
6104 15 14 6
6105 18 18 4
6106 22 21 5
6107 25 24 6
6108 14 13 5
6109 15 14 4
6110 20 19 5
6111 19 19 5
6112 13 12 4
6113 14 13 5
6114 9 9 5
6115 13 12 4
6116 8 7 6
6117 18 18 6
6118 10 10 6
6119 12 12 4
6120 20 19 5
6121 11 11 5
6122 17 16 4
6123 16 15 5
6124 9 9 5
6125 11 11 5
6126 15 15 5
6127 13 12 4
6128 12 11 7
6129 21 20 4
6130 12 11 5
6131 15 14 6
6132 14 14 4
6133 12 11 5
6134 11 11 5
6135 15 14 4
6136 16 15 7
6137 15 14 4
6138 14 13 5
6139 13 12 6
6140 10 9 5
6141 21 20 4
6142 12 11 5
6143 33 32 6
6144 16 16 4
6145 24 23 5
6146 15 14 4
6147 22 21 5
6148 19 19 5
6149 19 19 5
6150 9 8 4
6151 18 17 5
6152 13 13 5
6153 13 12 4
6154 12 11 5
6155 13 13 5
6156 21 20 6
6157 12 11 5
6158 11 10 6
6159 14 14 6
6160 8 8 4
6161 6 5 4
6162 16 15 5
6163 23 22 6
6164 16 15 5
6165 21 20 4
6166 18 17 5
6167 15 14 6
6168 14 13 5
6169 11 10 4
6170 16 15 7
6171 15 14 6
6172 22 22 4
6173 16 15 7
6174 17 17 5
6175 25 25 7
6176 13 12 4
6177 10 9 5
6178 13 13 7
6179 21 20 6
6180 8 8 4
6181 10 9 5
6182 5 5 5
6183 16 15 5
6184 11 11 7
6185 17 16 6
6186 20 20 6
6187 24 23 7
6188 19 18 6
6189 12 12 6
6190 18 18 8
6191 10 10 4
6192 16 15 5
6193 5 5 5
6194 16 15 5
6195 9 8 4
6196 16 15 7
6197 11 10 4
6198 10 9 5
6199 17 16 6
6200 16 16 6
6201 14 14 4
6202 12 11 5
6203 9 8 4
6204 24 23 9
6205 13 12 4
6206 12 11 5
6207 11 10 4
6208 12 11 7
6209 13 12 4
6210 6 5 4
6211 18 17 5
6212 13 12 6
6213 6 5 4
6214 16 15 7
6215 13 12 6
6216 12 12 6
6217 10 10 4
6218 14 13 7
6219 7 6 5
6220 11 11 5
6221 15 14 6
6222 14 13 7
6223 13 12 4
6224 12 11 5
6225 11 10 4
6226 12 11 7
6227 15 14 6
6228 14 13 5
6229 7 6 5
6230 15 14 6
6231 22 22 4
6232 6 5 4
6233 14 13 5
6234 13 12 6
6235 10 10 4
6236 20 19 7
6237 19 18 6
6238 22 22 6
6239 16 15 5
6240 19 19 5
6241 23 23 5
6242 11 11 5
6243 11 11 5
6244 21 21 5
6245 11 11 5
6246 17 16 6
6247 10 10 4
6248 16 15 5
6249 19 19 9
6250 23 22 6
6251 20 20 4
6252 30 29 5
6253 19 18 4
6254 18 17 5
6255 33 32 8
6256 26 25 5
6257 19 19 7
6258 23 22 6
6259 40 39 7
6260 21 20 4
6261 28 27 5
6262 23 22 4
6263 14 13 5
6264 17 17 5
6265 23 22 6
6266 24 24 6
6267 24 24 4
6268 32 31 7
6269 15 15 5
6270 31 30 6
6271 18 17 5
6272 19 19 5
6273 19 19 5
6274 31 30 8
6275 26 25 5
6276 31 31 7
6277 29 28 6
6278 24 23 5
6279 13 13 5
6280 15 15 5
6281 21 21 5
6282 27 26 4
6283 30 29 7
6284 23 23 7
6285 25 25 5
6286 29 29 5
6287 25 25 5
6288 27 27 5
6289 23 22 8
6290 14 14 4
6291 22 21 5
6292 21 20 4
6293 22 21 5
6294 27 27 5
6295 21 21 5
6296 15 14 4
6297 28 27 7
6298 19 19 5
6299 23 22 4
6300 26 25 7
6301 17 17 7
6302 23 22 6
6303 18 18 4
6304 26 25 5
6305 25 24 6
6306 32 32 6
6307 40 39 7
6308 25 25 5
6309 21 20 4
6310 18 17 5
6311 17 17 5
6312 25 24 6
6313 22 21 5
6314 23 23 5
6315 17 16 6
6316 22 21 5
6317 25 25 5
6318 31 31 7
6319 21 21 5
6320 23 23 5
6321 19 19 5
6322 19 18 6
6323 30 30 6
6324 34 34 6
6325 24 23 7
6326 19 18 6
6327 12 11 5
6328 13 12 4
6329 34 33 5
6330 19 19 5
6331 29 28 4
6332 20 19 7
6333 17 16 4
6334 18 17 5
6335 27 26 8
6336 22 22 6
6337 22 22 6
6338 16 16 4
6339 16 15 5
6340 19 18 4
6341 22 21 5
6342 17 16 4
6343 20 19 5
6344 23 22 6
6345 18 18 6
6346 18 18 4
6347 14 13 5
6348 17 16 6
6349 16 16 4
6350 10 9 5
6351 17 17 5
6352 9 9 5
6353 21 21 5
6354 11 11 5
6355 13 12 4
6356 12 11 5
6357 15 14 6
6358 16 16 4
6359 6 5 4
6360 22 21 5
6361 9 9 5
6362 15 14 4
6363 14 13 5
6364 17 16 4
6365 16 15 5
6366 13 13 5
6367 15 15 5
6368 13 12 4
6369 18 17 5
6370 15 14 6
6371 6 5 4
6372 14 13 5
6373 17 16 6
6374 16 16 6
6375 18 18 4
6376 10 9 5
6377 9 9 5
6378 15 15 5
6379 11 10 6
6380 8 8 4
6381 12 11 7
6382 15 14 4
6383 14 13 5
6384 17 17 5
6385 17 17 5
6386 17 16 6
6387 8 8 4
6388 12 11 7
6389 11 10 4
6390 8 7 6
6391 6 6 6
6392 9 8 4
6393 14 13 5
6394 11 11 7
6395 13 13 5
6396 27 26 6
6397 10 9 5
6398 19 19 7
6399 15 14 6
6400 8 8 4
6401 18 17 5
6402 9 8 4
6403 18 17 7
6404 15 14 6
6405 24 24 6
6406 14 13 5
6407 25 24 4
6408 12 11 5
6409 7 7 7
6410 14 14 4
6411 14 13 5
6412 9 9 5
6413 13 12 6
6414 14 14 6
6415 10 10 4
6416 16 15 5
6417 19 18 6
6418 22 21 5
6419 9 9 5
6420 17 16 4
6421 18 17 5
6422 17 16 6
6423 16 15 5
6424 13 13 7
6425 13 12 6
6426 16 16 6
6427 12 11 5
6428 11 11 5
6429 11 10 4
6430 12 11 5
6431 27 26 6
6432 18 18 4
6433 16 15 5
6434 19 18 6
6435 16 16 4
6436 16 15 5
6437 19 18 6
6438 14 14 4
6439 14 13 5
6440 13 13 7
6441 15 14 4
6442 22 21 7
6443 15 15 5
6444 15 14 4
6445 20 19 5
6446 13 13 5
6447 25 25 5
6448 27 26 6
6449 30 30 6
6450 28 28 6
6451 34 34 8
6452 14 13 5
6453 13 12 4
6454 36 35 9
6455 25 24 4
6456 26 25 5
6457 23 23 5
6458 37 36 8
6459 24 24 6
6460 22 22 6
6461 36 36 8
6462 36 36 8
6463 30 30 4
6464 34 33 7
6465 31 31 7
6466 37 37 5
6467 31 30 8
6468 32 32 6
6469 24 24 4
6470 22 21 5
6471 43 42 8
6472 44 43 7
6473 31 31 5
6474 17 16 4
6475 30 29 5
6476 29 29 7
6477 39 38 8
6478 42 41 11
6479 25 24 4
6480 40 39 7
6481 17 16 4
6482 26 25 5
6483 19 19 5
6484 33 32 10
6485 30 30 4
6486 34 33 5
6487 33 33 5
6488 13 12 4
6489 28 27 5
6490 13 13 5
6491 21 21 5
6492 29 28 6
6493 14 14 4
6494 20 19 5
6495 25 25 5
6496 23 22 4
6497 14 13 5
6498 19 18 4
6499 20 19 5
6500 23 22 6
6501 16 16 4
6502 30 29 5
6503 15 15 5
6504 13 13 5
6505 11 10 4
6506 22 21 5
6507 17 17 5
6508 21 20 6
6509 14 14 4
6510 20 19 5
6511 17 16 4
6512 18 17 5
6513 13 12 4
6514 20 19 5
6515 21 20 6
6516 16 15 7
6517 19 18 6
6518 12 11 5
6519 7 6 5
6520 15 14 6
6521 24 24 6
6522 18 17 5
6523 9 8 4
6524 12 11 5
6525 15 14 6
6526 20 20 6
6527 24 23 7
6528 19 19 5
6529 11 10 4
6530 16 15 5
6531 11 11 5
6532 13 12 4
6533 16 15 7
6534 27 26 6
6535 10 10 4
6536 24 23 5
6537 23 22 6
6538 12 12 4
6539 18 17 7
6540 11 10 6
6541 16 16 4
6542 16 15 7
6543 17 17 5
6544 25 24 6
6545 22 22 6
6546 18 18 6
6547 30 29 5
6548 25 25 7
6549 19 18 4
6550 30 29 9
6551 15 14 6
6552 20 20 8
6553 20 20 4
6554 16 15 5
6555 25 25 5
6556 19 18 6
6557 16 16 6
6558 12 11 5
6559 19 18 4
6560 10 9 5
6561 19 18 4
6562 24 23 5
6563 23 23 7
6564 17 16 4
6565 20 19 5
6566 17 17 5
6567 25 25 5
6568 15 15 5
6569 25 24 4
6570 12 11 5
6571 13 13 5
6572 17 17 5
6573 25 25 5
6574 17 17 5
6575 21 21 5
6576 23 22 6
6577 14 14 6
6578 14 14 6
6579 10 10 4
6580 12 11 5
6581 19 18 6
6582 20 19 5
6583 11 10 4
6584 18 17 5
6585 15 14 6
6586 12 11 5
6587 17 16 6
6588 14 14 6
6589 6 6 6
6590 13 13 5
6591 15 15 5
6592 13 12 4
6593 12 11 5
6594 15 14 6
6595 12 12 6
6596 16 16 4
6597 10 9 5
6598 13 13 5
6599 13 12 4
6600 16 15 7
6601 13 12 4
6602 16 15 7
6603 21 20 6
6604 14 14 6
6605 12 12 4
6606 14 13 5
6607 13 13 5
6608 9 9 5
6609 13 12 6
6610 14 13 5
6611 15 15 5
6612 5 5 5
6613 12 11 5
6614 23 22 6
6615 14 13 5
6616 15 15 5
6617 13 13 5
6618 15 15 5
6619 11 11 5
6620 11 10 4
6621 16 15 5
6622 17 16 4
6623 14 13 5
6624 9 8 4
6625 16 15 5
6626 15 14 6
6627 8 8 4
6628 16 15 5
6629 13 12 6
6630 18 18 6
6631 18 18 8
6632 16 16 6
6633 16 15 7
6634 9 9 5
6635 15 15 5
6636 23 22 4
6637 20 19 5
6638 11 11 5
6639 19 18 6
6640 20 19 5
6641 13 12 6
6642 22 22 6
6643 18 18 4
6644 18 17 5
6645 15 14 4
6646 18 17 7
6647 17 16 4
6648 18 17 5
6649 13 12 4
6650 22 21 5
6651 23 23 5
6652 19 19 5
6653 37 36 8
6654 22 22 6
6655 26 25 7
6656 37 36 6
6657 28 27 7
6658 25 25 7
6659 21 20 4
6660 24 23 5
6661 37 36 6
6662 18 17 5
6663 25 24 4
6664 24 23 5
6665 27 27 5
6666 25 25 7
6667 17 16 4
6668 18 17 5
6669 27 27 5
6670 19 19 7
6671 21 20 4
6672 40 39 5
6673 21 21 7
6674 17 16 4
6675 32 31 5
6676 23 23 7
6677 23 22 6
6678 32 32 8
6679 24 24 6
6680 20 19 5
6681 21 21 7
6682 21 20 4
6683 20 19 5
6684 25 24 6
6685 20 20 8
6686 34 34 8
6687 18 17 5
6688 25 25 5
6689 27 26 6
6690 24 24 6
6691 22 22 6
6692 20 20 6
6693 24 23 5
6694 39 39 5
6695 19 19 5
6696 19 18 4
6697 16 15 5
6698 25 24 8
6699 12 12 4
6700 18 17 5
6701 27 26 6
6702 26 25 5
6703 21 20 6
6704 24 24 6
6705 24 24 8
6706 18 18 6
6707 14 13 5
6708 19 18 4
6709 24 23 7
6710 17 17 5
6711 19 18 6
6712 12 12 6
6713 24 24 6
6714 14 14 4
6715 28 27 11
6716 21 20 4
6717 36 35 5
6718 21 21 5
6719 31 30 6
6720 30 29 9
6721 37 36 6
6722 24 24 6
6723 16 15 7
6724 23 22 4
6725 20 19 5
6726 25 25 5
6727 11 10 4
6728 20 19 5
6729 19 18 6
6730 14 14 4
6731 24 23 5
6732 23 22 6
6733 28 27 7
6734 21 20 6
6735 22 22 4
6736 30 29 5
6737 29 28 8
6738 22 22 6
6739 28 28 6
6740 40 39 7
6741 25 24 4
6742 20 19 5
6743 21 20 6
6744 32 31 7
6745 29 28 6
6746 12 12 4
6747 18 17 5
6748 31 31 5
6749 19 18 8
6750 26 26 6
6751 18 18 4
6752 24 23 5
6753 27 26 6
6754 20 19 5
6755 23 23 5
6756 21 21 5
6757 27 27 7
6758 29 29 5
6759 29 29 5
6760 15 15 5
6761 21 20 6
6762 10 9 5
6763 15 14 4
6764 20 19 5
6765 25 25 7
6766 29 28 6
6767 20 20 4
6768 28 27 7
6769 15 14 4
6770 14 13 5
6771 29 28 6
6772 28 28 6
6773 18 18 4
6774 26 25 7
6775 25 24 6
6776 18 18 4
6777 20 19 5
6778 13 13 5
6779 17 16 4
6780 24 23 5
6781 19 18 6
6782 18 18 6
6783 14 14 6
6784 16 16 4
6785 26 25 7
6786 25 24 6
6787 32 32 6
6788 16 15 5
6789 19 18 6
6790 18 18 6
6791 16 16 4
6792 22 21 5
6793 19 19 5
6794 19 18 6
6795 18 18 4
6796 16 15 5
6797 17 17 5
6798 17 17 5
6799 17 16 4
6800 16 15 5
6801 11 10 4
6802 14 13 5
6803 19 19 5
6804 25 25 5
6805 23 22 6
6806 16 16 4
6807 14 13 5
6808 19 19 5
6809 19 18 4
6810 26 25 5
6811 13 13 5
6812 19 18 4
6813 16 15 5
6814 23 22 4
6815 14 13 5
6816 25 24 6
6817 18 18 6
6818 22 22 4
6819 16 15 5
6820 13 13 5
6821 17 16 4
6822 10 9 5
6823 21 20 8
6824 12 12 6
6825 6 6 6
6826 19 19 7
6827 9 8 4
6828 18 17 5
6829 21 20 6
6830 40 39 5
6831 15 15 5
6832 17 17 5
6833 25 24 4
6834 14 13 5
6835 23 22 6
6836 22 22 4
6837 16 15 5
6838 21 21 5
6839 9 9 5
6840 11 10 4
6841 14 13 5
6842 17 16 6
6843 20 20 8
6844 16 16 6
6845 14 14 6
6846 6 6 6
6847 11 11 5
6848 7 6 5
6849 15 15 7
6850 13 12 6
6851 14 14 6
6852 18 17 5
6853 13 12 6
6854 12 12 6
6855 14 14 6
6856 12 11 5
6857 15 15 7
6858 11 10 4
6859 12 11 5
6860 11 10 6
6861 16 16 8
6862 8 8 4
6863 18 17 5
6864 13 13 5
6865 13 12 4
6866 12 11 7
6867 15 14 6
6868 6 5 4
6869 14 13 5
6870 23 23 5
6871 9 9 5
6872 13 12 4
6873 10 9 5
6874 15 14 6
6875 20 20 8
6876 12 12 6
6877 18 18 4
6878 14 13 5
6879 15 14 6
6880 12 12 4
6881 14 13 5
6882 13 13 7
6883 15 14 4
6884 16 15 5
6885 9 9 5
6886 17 16 6
6887 12 11 5
6888 17 16 6
6889 20 20 6
6890 10 10 4
6891 12 11 5
6892 11 11 5
6893 13 12 4
6894 12 11 5
6895 9 9 5
6896 17 16 6
6897 16 15 5
6898 23 22 6
6899 18 18 6
6900 14 13 5
6901 23 23 7
6902 13 12 4
6903 20 19 5
6904 9 9 5
6905 15 15 5
6906 15 14 6
6907 10 10 4
6908 12 11 5
6909 11 10 6
6910 12 12 4
6911 12 11 5
6912 9 8 4
6913 18 17 9
6914 11 10 4
6915 20 19 5
6916 9 9 5
6917 19 18 6
6918 10 10 6
6919 16 16 6
6920 16 16 6
6921 16 16 6
6922 10 10 6
6923 10 10 6
6924 14 14 6
6925 20 19 5
6926 11 11 5
6927 15 14 6
6928 16 16 6
6929 14 13 5
6930 15 15 5
6931 11 11 5
6932 13 13 5
6933 11 10 6
6934 10 10 4
6935 12 11 5
6936 11 11 5
6937 7 7 7
6938 14 13 5
6939 9 8 4
6940 14 13 5
6941 17 17 7
6942 15 14 6
6943 18 18 6
6944 16 16 6
6945 14 13 5
6946 15 14 6
6947 26 26 6
6948 26 25 7
6949 31 31 7
6950 23 23 5
6951 7 6 5
6952 19 18 6
6953 18 18 4
6954 12 11 5
6955 17 17 5
6956 13 13 5
6957 17 16 6
6958 14 14 6
6959 8 8 4
6960 20 19 5
6961 9 9 5
6962 11 10 6
6963 12 12 4
6964 10 9 5
6965 17 17 7
6966 11 10 6
6967 14 14 4
6968 14 13 5
6969 13 12 6
6970 16 16 6
6971 16 16 4
6972 30 29 5
6973 13 13 5
6974 19 19 5
6975 17 17 5
6976 7 6 5
6977 17 16 4
6978 18 17 5
6979 19 18 6
6980 26 25 5
6981 13 13 5
6982 25 24 6
6983 20 20 6
6984 18 18 6
6985 16 15 5
6986 13 12 4
6987 22 21 5
6988 23 23 5
6989 21 20 4
6990 18 17 5
6991 9 8 4
6992 22 21 7
6993 21 20 6
6994 14 14 6
6995 28 28 4
6996 14 13 5
6997 21 20 4
6998 12 11 5
6999 19 18 6
7000 24 24 6
7001 14 14 6
7002 24 24 4
7003 12 11 5
7004 13 12 4
7005 22 21 5
7006 31 31 5
7007 19 19 5
7008 17 17 5
7009 15 14 6
7010 8 8 4
7011 36 35 5
7012 27 27 5
7013 25 24 8
7014 18 18 4
7015 26 25 5
7016 17 17 5
7017 21 21 7
7018 11 10 4
7019 24 23 5
7020 17 16 6
7021 20 20 4
7022 32 31 7
7023 13 13 5
7024 23 22 6
7025 26 26 6
7026 16 15 5
7027 19 19 5
7028 19 18 4
7029 22 21 5
7030 27 27 5
7031 13 12 4
7032 20 19 5
7033 13 13 5
7034 19 18 6
7035 18 17 5
7036 15 14 4
7037 26 25 7
7038 9 9 5
7039 21 20 4
7040 20 19 5
7041 19 18 4
7042 20 19 5
7043 25 24 6
7044 16 15 5
7045 21 20 6
7046 20 20 4
7047 18 17 5
7048 19 18 6
7049 16 16 4
7050 14 13 5
7051 23 23 5
7052 19 19 5
7053 23 22 6
7054 24 24 6
7055 22 22 6
7056 18 18 4
7057 36 35 7
7058 27 27 7
7059 31 30 8
7060 32 32 8
7061 18 17 5
7062 31 31 9
7063 37 36 8
7064 40 40 12
7065 22 22 4
7066 22 21 5
7067 37 37 9
7068 31 30 6
7069 20 20 4
7070 32 31 7
7071 27 26 6
7072 20 20 8
7073 12 12 4
7074 36 35 9
7075 25 25 7
7076 27 26 4
7077 40 39 9
7078 35 34 6
7079 34 33 9
7080 37 36 6
7081 24 23 7
7082 47 47 9
7083 31 31 7
7084 21 21 5
7085 13 13 5
7086 29 29 5
7087 23 22 6
7088 32 32 8
7089 14 13 5
7090 33 32 10
7091 26 26 4
7092 22 21 5
7093 21 21 5
7094 27 26 6
7095 32 31 7
7096 29 29 5
7097 19 19 5
7098 23 23 5
7099 27 27 5
7100 37 36 8
7101 46 46 10
7102 26 26 6
7103 30 29 7
7104 29 29 7
7105 17 17 5
7106 19 19 5
7107 35 35 9
7108 17 16 4
7109 38 37 5
7110 27 26 6
7111 44 44 12
7112 18 17 5
7113 17 16 4
7114 16 15 5
7115 33 33 5
7116 19 19 5
7117 25 24 6
7118 26 25 7
7119 37 36 10
7120 24 24 6
7121 34 34 6
7122 30 29 7
7123 39 38 8
7124 18 18 6
7125 20 20 6
7126 24 23 7
7127 13 13 5
7128 29 28 8
7129 26 26 4
7130 26 25 5
7131 13 13 5
7132 27 26 6
7133 36 35 5
7134 11 11 5
7135 25 25 5
7136 13 13 5
7137 25 25 7
7138 27 26 6
7139 22 22 6
7140 20 19 7
7141 13 12 4
7142 18 17 5
7143 21 20 6
7144 20 20 6
7145 14 14 4
7146 16 15 5
7147 25 25 5
7148 17 17 5
7149 15 14 4
7150 12 11 5
7151 13 12 4
7152 24 23 5
7153 21 21 7
7154 15 14 4
7155 20 19 7
7156 17 16 6
7157 16 16 6
7158 18 18 6
7159 12 12 4
7160 14 13 5
7161 11 11 5
7162 17 17 5
7163 15 15 5
7164 17 17 5
7165 13 12 6
7166 6 6 6
7167 23 22 6
7168 18 18 6
7169 16 16 6
7170 16 16 6
7171 12 12 4
7172 14 13 5
7173 11 11 7
7174 9 8 4
7175 16 15 7
7176 11 10 4
7177 16 15 5
7178 23 22 6
7179 18 17 5
7180 13 12 6
7181 10 9 5
7182 11 11 5
7183 13 12 4
7184 16 15 5
7185 17 17 5
7186 21 20 6
7187 6 6 6
7188 19 18 6
7189 14 14 6
7190 12 12 6
7191 10 10 4
7192 8 7 6
7193 10 10 4
7194 14 13 5
7195 13 12 6
7196 10 10 6
7197 16 15 7
7198 11 10 4
7199 14 13 5
7200 7 7 7
7201 10 9 5
7202 9 9 5
7203 11 11 5
7204 11 10 6
7205 6 5 4
7206 10 9 5
7207 11 10 6
7208 12 12 6
7209 12 12 6
7210 16 15 7
7211 19 18 6
7212 12 12 6
7213 22 21 5
7214 17 16 6
7215 22 22 8
7216 10 10 4
7217 10 9 5
7218 17 16 6
7219 10 10 4
7220 14 13 5
7221 13 12 6
7222 12 12 4
7223 22 21 5
7224 15 14 6
7225 24 24 6
7226 16 15 5
7227 9 8 4
7228 10 9 5
7229 7 6 5
7230 7 6 5
7231 13 13 5
7232 13 12 6
7233 12 12 6
7234 14 14 6
7235 8 8 4
7236 14 13 7
7237 11 10 4
7238 14 13 5
7239 15 15 5
7240 11 11 5
7241 11 11 5
7242 13 13 5
7243 13 13 5
7244 17 17 5
7245 11 10 4
7246 12 11 5
7247 11 11 5
7248 7 7 7
7249 12 12 4
7250 14 13 5
7251 17 16 6
7252 14 14 6
7253 12 11 5
7254 11 10 6
7255 8 8 4
7256 16 15 5
7257 17 17 5
7258 11 11 5
7259 9 9 5
7260 13 12 6
7261 12 12 6
7262 16 15 5
7263 15 14 4
7264 14 13 5
7265 13 12 4
7266 12 11 5
7267 11 10 4
7268 10 9 5
7269 11 11 5
7270 11 11 5
7271 11 10 4
7272 16 15 5
7273 19 18 6
7274 14 14 6
7275 22 22 6
7276 20 20 4
7277 10 9 5
7278 9 9 5
7279 13 12 4
7280 6 5 4
7281 16 15 5
7282 13 13 5
7283 27 26 6
7284 12 12 4
7285 16 15 5
7286 15 15 5
7287 9 8 4
7288 10 9 5
7289 13 13 5
7290 19 18 4
7291 18 17 5
7292 17 16 6
7293 10 10 4
7294 18 17 5
7295 5 5 5
7296 12 11 5
7297 11 10 4
7298 8 7 6
7299 10 10 6
7300 12 12 6
7301 10 9 5
7302 11 10 4
7303 14 13 5
7304 13 13 5
7305 15 14 6
7306 12 12 6
7307 18 18 4
7308 16 15 5
7309 23 22 6
7310 10 10 4
7311 20 19 5
7312 11 10 4
7313 8 7 6
7314 14 14 8
7315 10 10 4
7316 14 13 5
7317 9 9 5
7318 9 9 5
7319 13 13 5
7320 13 12 6
7321 22 21 5
7322 21 20 6
7323 12 11 5
7324 15 14 4
7325 24 23 5
7326 15 15 5
7327 23 23 5
7328 13 12 4
7329 22 21 5
7330 25 24 4
7331 16 15 5
7332 15 14 4
7333 14 13 5
7334 19 18 6
7335 18 18 6
7336 18 18 4
7337 18 17 5
7338 33 33 7
7339 11 10 4
7340 28 27 5
7341 19 18 8
7342 20 20 6
7343 22 22 6
7344 12 12 4
7345 14 13 5
7346 33 32 8
7347 24 23 5
7348 33 32 8
7349 12 12 4
7350 24 23 9
7351 27 26 4
7352 20 19 5
7353 17 17 5
7354 41 40 6
7355 20 19 5
7356 17 17 5
7357 27 26 8
7358 20 20 6
7359 30 29 7
7360 27 27 5
7361 23 22 8
7362 32 32 10
7363 10 10 4
7364 18 17 5
7365 23 22 8
7366 26 26 8
7367 24 23 5
7368 13 13 5
7369 23 22 6
7370 20 19 5
7371 19 18 6
7372 14 14 4
7373 16 15 5
7374 15 14 4
7375 36 35 11
7376 13 12 4
7377 20 19 5
7378 13 13 5
7379 11 10 4
7380 12 11 5
7381 17 16 4
7382 14 13 5
7383 13 12 4
7384 22 21 5
7385 37 37 11
7386 25 24 6
7387 22 22 6
7388 16 15 5
7389 15 14 4
7390 22 21 5
7391 21 21 5
7392 21 21 7
7393 15 14 4
7394 14 13 5
7395 17 16 4
7396 20 19 5
7397 9 8 4
7398 22 21 5
7399 15 15 5
7400 13 12 6
7401 14 14 6
7402 12 12 4
7403 14 13 5
7404 15 14 4
7405 16 15 5
7406 9 8 4
7407 12 11 7
7408 7 6 5
7409 11 10 4
7410 12 11 5
7411 17 17 5
7412 27 26 6
7413 20 20 6
7414 12 12 4
7415 6 5 4
7416 12 11 5
7417 11 10 6
7418 8 8 4
7419 14 13 5
7420 7 6 5
7421 7 6 5
7422 21 21 5
7423 11 11 5
7424 27 26 6
7425 16 16 6
7426 10 10 4
7427 16 15 5
7428 7 6 5
7429 11 10 4
7430 10 9 5
7431 5 5 5
7432 12 11 5
7433 7 6 5
7434 11 11 7
7435 9 9 5
7436 11 10 4
7437 12 11 5
7438 15 15 7
7439 13 12 6
7440 10 10 4
7441 16 15 5
7442 21 21 9
7443 17 16 4
7444 20 19 7
7445 15 14 4
7446 16 15 5
7447 17 16 6
7448 6 6 6
7449 15 15 5
7450 19 18 6
7451 14 14 6
7452 14 14 4
7453 20 19 7
7454 15 14 6
7455 10 10 6
7456 10 10 4
7457 16 15 7
7458 13 12 6
7459 10 10 4
7460 16 15 5
7461 9 9 5
7462 17 16 4
7463 12 11 5
7464 11 11 5
7465 11 10 6
7466 10 10 4
7467 10 9 5
7468 11 11 5
7469 13 13 5
7470 9 8 4
7471 12 11 5
7472 11 10 4
7473 12 11 5
7474 17 17 7
7475 11 10 4
7476 6 5 4
7477 22 21 7
7478 9 9 5
7479 9 9 5
7480 9 8 4
7481 10 9 5
7482 15 15 5
7483 15 15 5
7484 9 9 5
7485 23 23 7
7486 37 36 6
7487 10 9 5
7488 13 12 4
7489 6 5 4
7490 10 9 5
7491 9 9 5
7492 9 8 4
7493 14 13 7
7494 11 10 4
7495 12 11 5
7496 15 14 6
7497 16 16 4
7498 12 11 5
7499 17 17 5
7500 11 10 4
7501 10 9 5
7502 15 14 6
7503 12 12 6
7504 12 12 4
7505 18 17 5
7506 13 13 7
7507 13 12 4
7508 8 7 6
7509 14 14 6
7510 12 12 4
7511 14 13 7
7512 11 10 6
7513 6 6 6
7514 11 10 4
7515 12 11 5
7516 19 18 6
7517 6 6 6
7518 11 11 5
7519 11 10 4
7520 14 13 5
7521 17 16 4
7522 12 11 5
7523 17 17 5
7524 21 21 5
7525 27 26 6
7526 16 15 5
7527 9 8 4
7528 10 9 5
7529 11 10 6
7530 16 16 4
7531 10 9 5
7532 15 14 6
7533 10 9 5
7534 13 12 6
7535 10 10 4
7536 16 15 7
7537 9 8 4
7538 14 13 5
7539 11 10 6
7540 8 8 4
7541 16 15 7
7542 15 15 5
7543 15 15 5
7544 13 12 6
7545 24 23 5
7546 11 11 5
7547 19 18 4
7548 30 29 5
7549 19 19 5
7550 11 11 5
7551 27 26 6
7552 16 15 5
7553 15 15 5
7554 23 22 6
7555 30 29 9
7556 13 12 4
7557 20 19 7
7558 17 17 7
7559 17 17 5
7560 31 30 6
7561 22 22 6
7562 18 17 5
7563 19 18 6
7564 22 22 6
7565 16 16 4
7566 18 17 5
7567 13 12 6
7568 10 10 4
7569 30 29 7
7570 33 32 6
7571 28 28 6
7572 22 21 5
7573 35 34 6
7574 28 27 7
7575 27 26 6
7576 22 21 5
7577 33 33 7
7578 21 20 6
7579 14 14 4
7580 38 37 7
7581 19 19 5
7582 25 24 6
7583 24 24 4
7584 28 27 5
7585 33 33 9
7586 21 20 4
7587 30 29 7
7588 21 20 6
7589 24 23 7
7590 21 20 4
7591 26 25 7
7592 19 18 4
7593 16 15 5
7594 21 20 6
7595 18 18 4
7596 20 19 5
7597 23 22 6
7598 18 18 6
7599 24 23 7
7600 23 23 5
7601 35 35 7
7602 17 16 4
7603 10 9 5
7604 21 20 6
7605 14 14 4
7606 34 33 7
7607 23 22 4
7608 22 21 5
7609 25 24 6
7610 20 20 6
7611 26 26 6
7612 28 27 5
7613 41 41 7
7614 41 41 7
7615 23 23 7
7616 23 22 6
7617 18 18 8
7618 24 24 6
7619 36 36 6
7620 14 13 5
7621 13 13 5
7622 17 16 4
7623 22 21 7
7624 29 29 7
7625 21 21 5
7626 19 19 5
7627 33 32 8
7628 24 23 5
7629 21 20 6
7630 18 18 4
7631 26 25 5
7632 29 29 7
7633 31 31 9
7634 25 24 6
7635 30 30 6
7636 28 28 6
7637 24 24 6
7638 12 12 6
7639 14 13 5
7640 19 19 5
7641 19 19 5
7642 37 36 6
7643 24 24 4
7644 34 33 7
7645 43 42 10
7646 24 24 6
7647 26 25 5
7648 31 30 6
7649 20 20 4
7650 26 25 7
7651 17 17 5
7652 17 16 6
7653 16 16 4
7654 12 11 5
7655 15 14 4
7656 22 21 5
7657 15 15 5
7658 27 26 6
7659 20 20 4
7660 12 11 5
7661 23 22 4
7662 18 17 5
7663 15 15 5
7664 21 20 6
7665 14 14 4
7666 18 17 7
7667 15 14 4
7668 10 9 5
7669 17 17 5
7670 23 22 6
7671 20 20 6
7672 16 16 4
7673 18 17 5
7674 11 10 4
7675 6 5 4
7676 14 13 5
7677 19 18 6
7678 24 24 4
7679 14 13 5
7680 9 8 4
7681 14 13 7
7682 25 24 6
7683 14 14 4
7684 18 17 5
7685 21 20 6
7686 22 21 5
7687 13 12 6
7688 12 11 5
7689 25 25 5
7690 21 20 4
7691 18 17 5
7692 13 13 5
7693 11 11 5
7694 19 19 5
7695 11 10 4
7696 14 13 5
7697 17 17 9
7698 23 22 6
7699 12 11 5
7700 15 14 4
7701 24 23 5
7702 27 27 5
7703 31 30 6
7704 16 15 5
7705 19 18 6
7706 16 16 4
7707 12 11 5
7708 25 25 5
7709 13 12 6
7710 20 20 6
7711 24 24 6
7712 14 14 4
7713 14 13 5
7714 13 13 5
7715 17 16 4
7716 16 15 5
7717 21 20 6
7718 18 18 4
7719 26 25 5
7720 23 22 6
7721 18 18 6
7722 18 17 5
7723 15 14 4
7724 22 21 5
7725 19 18 6
7726 12 11 5
7727 17 16 4
7728 20 19 5
7729 23 23 7
7730 23 22 6
7731 18 18 4
7732 18 17 5
7733 13 12 4
7734 22 21 7
7735 13 13 5
7736 29 29 5
7737 27 27 5
7738 17 16 6
7739 26 25 5
7740 15 14 6
7741 14 14 4
7742 26 25 5
7743 15 15 5
7744 25 24 6
7745 12 11 5
7746 29 28 6
7747 20 20 4
7748 24 23 5
7749 11 11 5
7750 19 18 6
7751 24 24 6
7752 12 12 4
7753 20 19 5
7754 17 16 4
7755 26 25 9
7756 13 12 4
7757 20 19 5
7758 23 22 4
7759 20 19 7
7760 21 21 5
7761 19 19 5
7762 19 19 5
7763 11 10 4
7764 18 17 5
7765 17 17 5
7766 17 17 5
7767 21 21 5
7768 9 8 4
7769 14 13 5
7770 17 17 5
7771 19 18 6
7772 16 15 5
7773 23 23 7
7774 9 8 4
7775 12 11 7
7776 15 14 6
7777 16 16 4
7778 14 13 5
7779 15 14 4
7780 10 9 5
7781 17 17 5
7782 17 16 4
7783 8 7 6
7784 12 12 6
7785 14 14 6
7786 14 14 4
7787 18 17 7
7788 9 8 4
7789 12 11 5
7790 19 18 4
7791 20 19 5
7792 11 11 5
7793 25 24 8
7794 12 12 6
7795 12 12 4
7796 12 11 5
7797 9 8 4
7798 16 15 7
7799 15 14 6
7800 8 8 4
7801 12 11 5
7802 19 19 5
7803 9 9 5
7804 11 10 4
7805 14 13 5
7806 11 10 4
7807 14 13 7
7808 13 12 6
7809 10 10 6
7810 10 10 4
7811 10 9 5
7812 9 8 4
7813 10 9 5
7814 17 17 5
7815 17 17 7
7816 19 18 6
7817 10 10 6
7818 10 10 4
7819 6 5 4
7820 12 11 5
7821 15 14 6
7822 10 9 5
7823 11 11 5
7824 13 12 6
7825 14 13 5
7826 9 9 5
7827 11 10 6
7828 14 14 6
7829 6 6 6
7830 15 15 5
7831 15 14 6
7832 24 23 7
7833 25 24 6
7834 16 16 4
7835 14 13 5
7836 19 19 7
7837 11 11 5
7838 5 5 5
7839 10 9 5
7840 9 9 5
7841 13 12 6
7842 12 12 6
7843 10 10 4
7844 12 11 5
7845 7 7 7
7846 12 12 4
7847 12 11 5
7848 15 14 6
7849 10 9 5
7850 17 16 6
7851 6 6 6
7852 9 9 5
7853 7 6 5
7854 11 10 4
7855 8 7 6
7856 12 12 6
7857 14 13 5
7858 17 17 5
7859 11 10 4
7860 16 15 7
7861 17 17 5
7862 11 11 5
7863 33 32 6
7864 10 9 5
7865 17 16 6
7866 12 12 4
7867 10 9 5
7868 13 12 4
7869 18 17 5
7870 15 14 4
7871 6 5 4
7872 18 17 5
7873 9 8 4
7874 16 15 5
7875 31 31 7
7876 25 24 4
7877 28 27 5
7878 25 25 5
7879 9 9 5
7880 15 14 4
7881 20 19 5
7882 29 28 6
7883 18 17 5
7884 15 15 5
7885 13 12 4
7886 12 11 5
7887 13 12 4
7888 16 15 7
7889 19 18 4
7890 20 19 5
7891 23 23 5
7892 19 19 5
7893 13 12 4
7894 20 19 7
7895 25 25 7
7896 21 20 4
7897 14 13 5
7898 21 20 4
7899 26 25 5
7900 33 32 6
7901 22 22 6
7902 24 23 7
7903 13 12 4
7904 20 19 5
7905 23 23 7
7906 23 22 6
7907 26 25 7
7908 23 22 6
7909 18 17 5
7910 17 17 7
7911 17 16 6
7912 12 12 4
7913 20 19 5
7914 19 18 6
7915 16 16 4
7916 18 17 5
7917 31 30 4
7918 26 25 5
7919 19 19 5
7920 15 14 4
7921 16 15 5
7922 25 25 5
7923 25 25 5
7924 23 23 5
7925 25 24 6
7926 18 18 6
7927 24 24 6
7928 22 21 5
7929 23 23 5
7930 13 13 5
7931 17 16 6
7932 18 18 4
7933 14 13 5
7934 9 8 4
7935 20 19 5
7936 25 25 5
7937 11 11 5
7938 29 28 6
7939 26 26 6
7940 14 14 6
7941 12 11 5
7942 11 10 4
7943 12 11 5
7944 13 13 5
7945 21 20 6
7946 26 26 10
7947 14 13 5
7948 23 23 5
7949 13 12 4
7950 22 21 5
7951 19 19 7
7952 17 17 5
7953 13 13 5
7954 25 24 6
7955 20 20 8
7956 20 20 4
7957 18 17 5
7958 25 25 7
7959 25 25 7
7960 13 13 5
7961 25 24 6
7962 16 16 6
7963 16 16 4
7964 24 23 7
7965 33 32 10
7966 26 26 8
7967 24 24 8
7968 16 15 5
7969 19 19 5
7970 23 22 6
7971 26 26 8
7972 18 17 5
7973 17 17 5
7974 21 21 5
7975 19 18 4
7976 26 25 7
7977 13 13 5
7978 21 20 6
7979 32 32 8
7980 32 32 6
7981 26 25 5
7982 15 15 5
7983 13 12 4
7984 12 11 5
7985 13 13 5
7986 25 24 6
7987 16 16 4
7988 18 17 5
7989 29 28 6
7990 20 19 5
7991 27 27 7
7992 19 18 6
7993 14 14 6
7994 12 12 6
7995 22 22 6
7996 10 10 4
7997 32 31 7
7998 21 21 5
7999 13 12 4
8000 16 15 5
8001 17 16 6
8002 20 19 5
8003 13 13 5
8004 23 22 6
8005 24 23 7
8006 15 14 4
8007 12 11 5
8008 19 18 6
8009 26 25 7
8010 17 16 4
8011 12 11 5
8012 17 16 4
8013 20 19 5
8014 13 12 6
8015 16 16 4
8016 16 15 7
8017 11 10 4
8018 18 17 5
8019 17 17 7
8020 9 9 5
8021 17 17 5
8022 17 16 4
8023 8 7 6
8024 20 20 6
8025 12 12 4
8026 10 9 5
8027 13 12 4
8028 26 25 5
8029 21 20 4
8030 18 17 5
8031 19 18 6
8032 10 9 5
8033 17 16 4
8034 18 17 5
8035 19 18 4
8036 12 11 5
8037 15 15 5
8038 17 16 4
8039 18 17 5
8040 23 23 5
8041 29 28 4
8042 22 21 5
8043 19 19 5
8044 21 20 6
8045 26 26 8
8046 24 24 6
8047 12 12 6
8048 16 16 4
8049 22 21 7
8050 27 26 6
8051 22 22 4
8052 20 19 7
8053 25 25 7
8054 23 22 6
8055 14 14 6
8056 26 26 6
8057 36 35 5
8058 11 11 5
8059 21 21 5
8060 17 17 5
8061 25 24 6
8062 20 20 6
8063 14 13 5
8064 19 18 6
8065 20 20 6
8066 30 30 6
8067 18 18 4
8068 18 17 7
8069 29 28 8
8070 28 28 8
8071 24 24 6
8072 26 25 5
8073 21 21 5
8074 17 17 7
8075 19 18 6
8076 16 16 4
8077 20 19 5
8078 15 14 4
8079 22 21 7
8080 15 14 4
8081 16 15 5
8082 11 11 5
8083 15 14 6
8084 14 14 6
8085 18 18 4
8086 18 17 7
8087 13 13 7
8088 17 16 6
8089 20 19 5
8090 11 10 4
8091 12 11 5
8092 15 15 5
8093 17 17 7
8094 13 12 4
8095 14 13 5
8096 9 8 4
8097 20 19 5
8098 9 9 5
8099 23 22 6
8100 14 13 5
8101 9 9 5
8102 9 9 5
8103 19 18 6
8104 10 9 5
8105 11 10 4
8106 10 9 5
8107 7 7 7
8108 12 12 4
8109 14 13 5
8110 15 15 7
8111 13 12 4
8112 10 9 5
8113 11 10 6
8114 8 8 4
8115 20 19 7
8116 19 19 5
8117 17 17 5
8118 15 14 6
8119 20 20 6
8120 18 18 4
8121 16 15 5
8122 17 17 5
8123 5 5 5
8124 12 11 5
8125 13 12 6
8126 16 15 5
8127 17 16 6
8128 18 17 5
8129 9 9 5
8130 23 22 8
8131 10 10 6
8132 10 10 6
8133 12 12 6
8134 16 16 4
8135 10 9 5
8136 17 16 6
8137 8 8 4
8138 10 9 5
8139 21 20 6
8140 10 10 6
8141 20 20 4
8142 16 15 5
8143 23 23 7
8144 11 11 5
8145 15 14 6
8146 8 8 4
8147 16 15 5
8148 15 14 6
8149 6 6 6
8150 11 10 6
8151 10 9 5
8152 13 13 5
8153 19 18 8
8154 20 20 6
8155 20 19 5
8156 11 10 4
8157 14 13 5
8158 13 13 5
8159 11 11 5
8160 7 7 7
8161 12 12 4
8162 14 13 5
8163 19 18 4
8164 20 19 5
8165 13 13 5
8166 17 16 4
8167 10 9 5
8168 11 10 4
8169 12 11 7
8170 11 10 4
8171 6 5 4
8172 10 9 5
8173 17 16 6
8174 18 18 6
8175 28 28 6
8176 18 18 6
8177 10 10 6
8178 14 14 4
8179 14 13 7
8180 21 20 4
8181 16 15 7
8182 27 26 8
8183 14 14 4
8184 14 13 5
8185 15 14 6
8186 12 12 4
8187 18 17 7
8188 15 14 4
8189 18 17 5
8190 25 25 5
8191 27 26 6
8192 26 26 6
8193 12 12 4
8194 24 23 7
8195 31 30 6
8196 34 33 9
8197 23 22 6
8198 32 32 6
8199 28 27 5
8200 31 31 7
8201 23 22 4
8202 20 19 5
8203 27 26 8
8204 26 25 7
8205 43 42 8
8206 50 49 13
8207 31 31 7
8208 39 38 12
8209 34 33 9
8210 27 26 6
8211 38 37 9
8212 39 39 7
8213 33 33 7
8214 37 37 9
8215 47 46 10
8216 30 29 9
8217 31 30 8
8218 24 24 8
8219 38 38 10
8220 26 26 6
8221 32 32 6
8222 36 35 7
8223 33 32 6
8224 42 42 12
8225 30 30 8
8226 36 35 7
8227 55 54 14
8228 16 15 5
8229 23 22 4
8230 32 31 9
8231 31 30 8
8232 36 36 8
8233 32 31 7
8234 27 27 7
8235 25 24 6
8236 24 24 6
8237 42 42 6
8238 26 26 8
8239 24 24 4
8240 18 17 7
8241 43 42 10
8242 18 17 5
8243 33 33 7
8244 41 40 6
8245 24 23 5
8246 21 21 7
8247 29 28 10
8248 34 34 4
8249 32 31 9
8250 35 35 11
8251 39 38 10
8252 20 19 5
8253 43 42 8
8254 26 26 6
8255 30 30 6
8256 28 28 6
8257 26 26 6
8258 28 28 6
8259 26 26 6
8260 20 19 5
8261 47 46 6
8262 30 30 6
8263 20 20 4
8264 26 25 7
8265 39 38 8
8266 26 25 7
8267 33 33 7
8268 35 34 12
8269 22 22 4
8270 18 17 5
8271 25 24 6
8272 20 19 5
8273 29 28 6
8274 22 22 6
8275 20 19 5
8276 21 20 6
8277 22 22 6
8278 34 34 8
8279 14 13 5
8280 29 28 6
8281 26 26 8
8282 30 30 8
8283 24 23 5
8284 25 24 4
8285 16 15 5
8286 27 26 8
8287 10 10 4
8288 28 27 5
8289 19 18 6
8290 14 14 6
8291 28 28 6
8292 16 15 5
8293 23 22 8
8294 24 23 7
8295 19 19 5
8296 21 20 6
8297 18 18 4
8298 20 19 5
8299 25 25 7
8300 19 19 5
8301 19 18 4
8302 10 9 5
8303 21 20 8
8304 20 20 6
8305 16 16 6
8306 10 10 4
8307 18 17 5
8308 17 16 8
8309 10 10 6
8310 14 14 4
8311 22 21 5
8312 13 13 5
8313 15 14 6
8314 12 12 6
8315 16 15 5
8316 17 16 6
8317 20 20 6
8318 20 20 8
8319 16 16 4
8320 18 17 5
8321 19 19 5
8322 13 13 5
8323 25 25 7
8324 15 14 4
8325 16 15 5
8326 19 19 7
8327 15 14 4
8328 18 17 5
8329 13 12 6
8330 10 10 4
8331 12 11 5
8332 13 12 6
8333 22 21 7
8334 11 11 5
8335 19 18 6
8336 18 18 6
8337 20 20 6
8338 22 21 7
8339 23 22 4
8340 20 19 5
8341 13 13 5
8342 17 16 6
8343 12 12 4
8344 12 11 5
8345 23 23 5
8346 5 5 5
8347 18 17 5
8348 11 11 5
8349 9 9 5
8350 11 11 5
8351 25 25 5
8352 31 31 5
8353 33 33 5
8354 23 22 6
8355 16 16 6
8356 22 22 6
8357 10 10 6
8358 18 18 6
8359 16 16 4
8360 24 23 5
8361 17 16 4
8362 24 23 7
8363 21 20 6
8364 24 24 4
8365 16 15 5
8366 27 27 7
8367 21 21 5
8368 27 26 6
8369 16 15 5
8370 33 32 8
8371 34 34 6
8372 38 37 5
8373 37 37 7
8374 21 21 7
8375 19 18 6
8376 28 27 7
8377 31 30 8
8378 20 20 6
8379 26 26 4
8380 20 19 5
8381 19 19 5
8382 15 14 4
8383 28 27 5
8384 29 29 7
8385 33 32 6
8386 18 18 4
8387 24 23 9
8388 13 12 4
8389 20 19 5
8390 13 13 5
8391 27 26 6
8392 36 35 9
8393 25 24 4
8394 14 13 5
8395 29 29 7
8396 17 17 5
8397 13 13 5
8398 25 24 10
8399 18 18 6
8400 18 18 4
8401 28 27 11
8402 15 15 5
8403 21 21 7
8404 15 14 4
8405 26 25 9
8406 17 17 5
8407 21 20 8
8408 16 16 4
8409 18 17 5
8410 9 9 5
8411 21 21 5
8412 17 16 6
8413 16 16 4
8414 24 23 5
8415 11 11 7
8416 25 24 6
8417 12 11 5
8418 21 20 6
8419 16 16 6
8420 12 12 4
8421 12 11 5
8422 7 6 5
8423 19 18 6
8424 12 12 6
8425 18 18 4
8426 12 11 5
8427 15 14 6
8428 10 10 4
8429 16 15 5
8430 11 11 5
8431 15 15 5
8432 13 13 5
8433 9 9 5
8434 19 18 6
8435 12 12 6
8436 12 12 4
8437 12 11 5
8438 21 20 6
8439 10 9 5
8440 15 14 4
8441 12 11 5
8442 15 14 4
8443 12 11 5
8444 25 25 5
8445 7 6 5
8446 17 16 6
8447 18 18 6
8448 10 10 4
8449 10 9 5
8450 15 14 6
8451 12 11 5
8452 13 12 6
8453 12 12 6
8454 6 6 6
8455 13 13 5
8456 13 12 4
8457 12 11 5
8458 9 8 4
8459 10 9 5
8460 15 15 5
8461 17 16 4
8462 10 9 5
8463 11 10 4
8464 6 5 4
8465 12 11 7
8466 11 10 4
8467 12 11 5
8468 15 15 5
8469 21 20 6
8470 20 20 4
8471 24 23 5
8472 11 11 5
8473 11 10 4
8474 16 15 5
8475 11 10 4
8476 14 13 5
8477 17 17 7
8478 17 16 6
8479 16 15 7
8480 9 8 4
8481 14 13 5
8482 15 14 6
8483 12 12 6
8484 10 10 4
8485 10 9 5
8486 11 11 5
8487 5 5 5
8488 12 11 5
8489 11 11 5
8490 19 18 8
8491 10 10 4
8492 24 23 7
8493 13 12 4
8494 14 13 5
8495 5 5 5
8496 16 15 7
8497 13 13 5
8498 17 17 5
8499 13 13 7
8500 13 12 6
8501 12 11 5
8502 11 10 4
8503 12 11 5
8504 15 14 4
8505 14 13 5
8506 21 20 4
8507 12 11 5
8508 11 11 5
8509 19 18 4
8510 14 13 5
8511 21 21 5
8512 15 14 6
8513 14 14 6
8514 12 12 4
8515 24 23 5
8516 19 18 4
8517 26 25 5
8518 13 13 5
8519 9 8 4
8520 16 15 5
8521 15 14 6
8522 14 14 6
8523 18 18 4
8524 10 9 5
8525 9 8 4
8526 14 13 5
8527 15 14 6
8528 14 14 6
8529 20 19 5
8530 27 26 6
8531 16 16 6
8532 10 10 6
8533 8 8 4
8534 26 25 5
8535 23 23 5
8536 23 22 4
8537 20 19 7
8538 29 28 4
8539 16 15 5
8540 13 12 4
8541 24 23 5
8542 37 37 7
8543 17 16 4
8544 14 13 5
8545 21 20 6
8546 18 18 4
8547 22 21 5
8548 17 17 7
8549 19 19 5
8550 23 22 6
8551 22 22 4
8552 20 19 5
8553 23 23 5
8554 23 23 5
8555 33 33 7
8556 17 16 4
8557 16 15 5
8558 19 18 6
8559 24 24 8
8560 18 18 4
8561 28 27 5
8562 19 19 5
8563 17 16 4
8564 20 19 5
8565 25 24 8
8566 28 28 6
8567 16 16 6
8568 16 16 4
8569 20 19 7
8570 21 20 6
8571 24 23 5
8572 25 24 6
8573 22 22 4
8574 26 25 7
8575 19 18 6
8576 28 28 4
8577 18 17 5
8578 21 21 7
8579 59 58 12
8580 32 32 8
8581 22 22 6
8582 30 30 8
8583 24 24 6
8584 30 30 6
8585 22 22 8
8586 36 36 6
8587 12 12 4
8588 40 39 5
8589 27 27 5
8590 43 42 8
8591 52 52 8
8592 26 26 6
8593 30 30 6
8594 28 27 5
8595 25 24 8
8596 34 33 5
8597 25 25 7
8598 21 20 6
8599 26 26 6
8600 18 18 6
8601 22 21 5
8602 25 24 8
8603 24 24 6
8604 20 20 4
8605 26 25 5
8606 23 23 5
8607 21 21 5
8608 17 17 5
8609 37 37 9
8610 17 16 6
8611 20 20 6
8612 20 20 6
8613 30 30 8
8614 40 40 12
8615 22 22 6
8616 18 18 4
8617 24 23 5
8618 27 26 6
8619 24 24 6
8620 18 18 10
8621 18 18 6
8622 30 30 6
8623 20 19 5
8624 35 35 9
8625 25 25 7
8626 31 30 8
8627 22 21 7
8628 31 31 13
8629 27 26 8
8630 16 15 5
8631 17 17 5
8632 21 20 6
8633 54 53 13
8634 39 39 7
8635 33 32 8
8636 36 35 13
8637 37 36 8
8638 34 34 10
8639 20 20 6
8640 20 19 7
8641 31 30 12
8642 30 29 7
8643 31 31 7
8644 17 17 5
8645 19 18 6
8646 30 30 8
8647 20 19 7
8648 27 27 5
8649 15 15 5
8650 25 25 5
8651 33 32 8
8652 18 18 4
8653 22 21 5
8654 29 29 9
8655 31 30 6
8656 20 19 7
8657 23 22 10
8658 18 18 6
8659 30 30 10
8660 32 32 6
8661 20 19 5
8662 31 30 6
8663 18 17 7
8664 17 16 4
8665 26 25 5
8666 23 23 5
8667 31 30 8
8668 28 28 6
8669 16 16 4
8670 18 17 5
8671 19 19 5
8672 17 16 4
8673 28 27 7
8674 17 16 6
8675 22 21 7
8676 31 30 6
8677 14 14 4
8678 24 23 5
8679 13 13 5
8680 17 16 6
8681 12 12 4
8682 22 21 5
8683 21 21 7
8684 25 24 6
8685 20 20 4
8686 22 21 5
8687 25 24 4
8688 16 15 5
8689 15 15 5
8690 17 16 4
8691 16 15 5
8692 17 16 4
8693 18 17 5
8694 19 18 6
8695 32 32 6
8696 22 22 6
8697 22 22 4
8698 18 17 5
8699 19 18 6
8700 20 20 6
8701 20 20 6
8702 18 17 5
8703 17 17 5
8704 17 16 4
8705 24 23 5
8706 19 19 5
8707 21 21 5
8708 23 22 6
8709 20 20 4
8710 28 27 7
8711 15 15 5
8712 19 18 6
8713 32 32 4
8714 22 21 7
8715 17 17 5
8716 21 20 6
8717 20 20 4
8718 16 15 5
8719 17 16 6
8720 20 20 4
8721 20 19 5
8722 13 12 4
8723 32 31 7
8724 21 20 6
8725 22 22 6
8726 30 30 6
8727 16 16 6
8728 16 16 4
8729 16 15 5
8730 15 14 4
8731 32 31 7
8732 7 6 5
8733 13 12 4
8734 24 23 7
8735 17 16 4
8736 16 15 5
8737 19 19 5
8738 23 22 6
8739 30 29 5
8740 19 18 8
8741 18 18 4
8742 16 15 5
8743 9 8 4
8744 18 17 5
8745 21 20 6
8746 10 10 6
8747 14 14 4
8748 22 21 7
8749 21 21 7
8750 11 10 4
8751 26 25 5
8752 19 19 5
8753 13 12 4
8754 16 15 5
8755 25 25 7
8756 19 18 6
8757 16 16 6
8758 16 16 6
8759 18 17 7
8760 19 18 6
8761 16 16 6
8762 18 17 7
8763 15 14 6
8764 14 14 4
8765 18 17 5
8766 11 11 5
8767 13 12 6
8768 22 22 6
8769 14 14 6
8770 14 14 6
8771 12 12 6
8772 16 16 6
8773 14 14 4
8774 20 19 5
8775 17 17 5
8776 13 12 4
8777 14 13 5
8778 15 15 7
8779 9 8 4
8780 18 17 7
8781 23 22 4
8782 10 9 5
8783 13 12 6
8784 28 28 6
8785 22 22 4
8786 14 13 5
8787 11 11 7
8788 19 18 4
8789 26 25 9
8790 17 16 6
8791 20 20 4
8792 18 17 5
8793 15 14 6
8794 12 12 4
8795 10 9 5
8796 21 20 6
8797 16 15 5
8798 17 16 6
8799 10 10 4
8800 10 9 5
8801 11 10 4
8802 10 9 5
8803 19 19 5
8804 19 19 7
8805 17 16 6
8806 12 12 4
8807 26 25 5
8808 17 17 7
8809 15 14 6
8810 14 14 4
8811 22 21 5
8812 13 13 5
8813 11 11 5
8814 15 15 5
8815 9 8 4
8816 12 11 5
8817 13 12 6
8818 8 8 4
8819 14 13 5
8820 17 16 6
8821 14 14 4
8822 14 13 5
8823 11 10 4
8824 12 11 5
8825 15 14 6
8826 14 14 6
8827 14 14 6
8828 6 6 6
8829 17 16 6
8830 18 18 4
8831 18 17 7
8832 15 15 5
8833 11 11 5
8834 11 10 4
8835 28 27 5
8836 11 10 4
8837 16 15 5
8838 15 14 6
8839 12 11 5
8840 9 8 4
8841 22 21 5
8842 15 14 4
8843 12 11 5
8844 13 12 6
8845 32 32 6
8846 16 15 5
8847 13 12 6
8848 22 22 4
8849 14 13 5
8850 19 18 6
8851 8 8 4
8852 16 15 5
8853 15 14 6
8854 14 14 4
8855 14 13 5
8856 7 6 5
8857 19 18 8
8858 10 9 5
8859 29 28 6
8860 10 10 4
8861 14 13 5
8862 23 22 6
8863 18 18 4
8864 14 13 5
8865 23 22 6
8866 30 30 6
8867 34 34 6
8868 36 36 6
8869 20 19 5
8870 25 24 6
8871 18 18 4
8872 30 29 5
8873 37 37 9
8874 21 20 4
8875 26 25 5
8876 31 31 7
8877 39 38 8
8878 16 16 4
8879 28 27 7
8880 21 21 5
8881 29 29 9
8882 37 36 6
8883 18 17 5
8884 15 15 5
8885 27 26 6
8886 34 34 8
8887 22 21 7
8888 37 37 7
8889 27 27 7
8890 25 24 6
8891 40 39 7
8892 21 20 4
8893 30 29 7
8894 37 36 6
8895 10 10 4
8896 22 21 5
8897 25 25 5
8898 29 28 4
8899 40 39 7
8900 31 31 9
8901 23 23 5
8902 17 17 5
8903 33 32 6
8904 28 28 4
8905 20 19 5
8906 23 22 4
8907 46 45 7
8908 23 22 4
8909 38 37 9
8910 19 18 4
8911 20 19 7
8912 39 38 12
8913 24 23 7
8914 27 26 6
8915 34 34 10
8916 26 26 6
8917 30 29 5
8918 17 17 5
8919 29 28 8
8920 34 33 7
8921 19 18 6
8922 40 39 7
8923 29 29 7
8924 41 40 6
8925 28 27 7
8926 33 33 7
8927 29 29 7
8928 39 38 10
8929 34 33 5
8930 31 31 7
8931 19 19 5
8932 35 34 6
8933 28 27 5
8934 43 43 7
8935 21 20 4
8936 30 29 5
8937 37 37 7
8938 21 21 5
8939 31 31 5
8940 31 30 8
8941 34 33 7
8942 27 27 5
8943 13 13 5
8944 25 24 6
8945 26 26 6
8946 26 25 5
8947 19 18 4
8948 34 33 7
8949 29 29 5
8950 29 29 5
8951 25 25 5
8952 17 16 4
8953 20 19 5
8954 29 29 5
8955 27 27 5
8956 13 13 5
8957 21 20 4
8958 20 19 5
8959 33 33 7
8960 21 21 5
8961 19 19 5
8962 25 25 5
8963 21 20 6
8964 20 20 6
8965 20 20 6
8966 22 22 6
8967 18 18 6
8968 18 18 6
8969 14 14 6
8970 18 18 6
8971 18 18 4
8972 20 19 5
8973 29 28 6
8974 14 13 5
8975 23 22 6
8976 14 14 4
8977 18 17 5
8978 11 10 4
8979 18 17 7
8980 13 12 4
8981 14 13 5
8982 19 18 6
8983 10 9 5
8984 9 8 4
8985 12 11 5
8986 19 18 6
8987 14 14 4
8988 12 11 5
8989 23 22 6
8990 10 10 4
8991 30 29 7
8992 21 20 4
8993 22 21 5
8994 27 26 6
8995 12 12 4
8996 26 25 5
8997 11 10 4
8998 24 23 5
8999 17 16 4
9000 16 15 5
9001 15 14 6
9002 14 14 6
9003 14 14 4
9004 6 5 4
9005 10 9 5
9006 15 14 6
9007 18 18 6
9008 16 16 6
9009 14 14 6
9010 16 16 6
9011 14 14 4
9012 18 17 5
9013 13 13 5
9014 17 16 4
9015 16 15 7
9016 29 28 6
9017 14 14 6
9018 12 11 5
9019 19 18 6
9020 10 10 6
9021 8 8 4
9022 16 15 7
9023 11 10 4
9024 14 13 7
9025 11 10 4
9026 12 11 5
9027 9 9 5
9028 13 12 6
9029 14 13 5
9030 17 16 6
9031 14 14 6
9032 18 18 6
9033 14 14 6
9034 12 12 4
9035 14 13 5
9036 13 12 6
9037 12 11 5
9038 13 12 4
9039 18 17 5
9040 19 19 7
9041 17 16 4
9042 14 13 5
9043 15 15 7
9044 5 5 5
9045 16 15 5
9046 13 13 7
9047 15 14 6
9048 10 10 6
9049 8 8 4
9050 10 9 5
9051 11 11 5
9052 17 16 6
9053 20 19 5
9054 13 13 5
9055 17 16 6
9056 12 12 6
9057 18 17 5
9058 11 11 5
9059 11 10 4
9060 10 9 5
9061 11 11 5
9062 9 8 4
9063 20 19 7
9064 11 11 5
9065 11 10 4
9066 16 15 5
9067 21 21 7
9068 9 9 5
9069 7 6 5
9070 11 11 5
9071 11 10 4
9072 16 15 5
9073 17 17 5
9074 11 11 5
9075 21 20 8
9076 14 13 5
9077 13 12 4
9078 12 11 5
9079 13 12 6
9080 14 13 5
9081 9 9 5
9082 7 6 5
9083 13 12 6
9084 12 11 5
9085 11 10 4
9086 14 13 5
9087 13 13 5
9088 9 9 5
9089 25 25 7
9090 15 14 4
9091 18 17 5
9092 19 18 6
9093 16 16 6
9094 14 14 4
9095 14 13 5
9096 19 18 6
9097 16 16 6
9098 12 12 6
9099 8 8 4
9100 16 15 5
9101 19 18 4
9102 18 17 5
9103 11 11 5
9104 9 8 4
9105 20 19 7
9106 13 12 4
9107 12 11 5
9108 13 12 4
9109 14 13 5
9110 9 9 5
9111 11 10 6
9112 12 12 4
9113 10 9 5
9114 15 15 5
9115 15 14 6
9116 14 14 6
9117 12 12 4
9118 12 11 5
9119 15 14 6
9120 8 8 4
9121 14 13 5
9122 19 18 8
9123 10 10 4
9124 12 11 5
9125 9 9 5
9126 9 9 5
9127 11 10 4
9128 24 23 7
9129 19 18 6
9130 14 14 4
9131 18 17 5
9132 9 9 5
9133 19 18 4
9134 14 13 5
9135 15 14 4
9136 12 11 5
9137 11 10 6
9138 10 10 6
9139 8 8 4
9140 10 9 5
9141 9 9 5
9142 7 7 7
9143 14 14 6
9144 18 18 6
9145 18 17 5
9146 17 16 6
9147 16 16 4
9148 14 13 5
9149 5 5 5
9150 16 15 5
9151 11 10 6
9152 12 12 6
9153 10 10 4
9154 18 17 5
9155 11 11 7
9156 9 8 4
9157 16 15 5
9158 9 8 4
9159 6 5 4
9160 8 7 6
9161 14 14 6
9162 18 18 6
9163 10 10 4
9164 18 17 7
9165 15 14 4
9166 18 17 5
9167 15 15 7
9168 15 14 4
9169 14 13 5
9170 23 22 4
9171 14 13 5
9172 21 20 6
9173 22 22 6
9174 20 20 6
9175 36 35 5
9176 13 12 4
9177 14 13 5
9178 21 20 6
9179 18 18 8
9180 16 16 4
9181 24 23 5
9182 11 11 5
9183 13 13 5
9184 17 16 4
9185 18 17 7
9186 15 15 5
9187 15 15 5
9188 19 18 6
9189 20 19 5
9190 31 30 6
9191 26 26 6
9192 24 24 4
9193 36 35 7
9194 39 38 6
9195 38 38 8
9196 38 38 6
9197 32 31 5
9198 27 27 7
9199 35 34 4
9200 24 23 5
9201 35 35 7
9202 25 25 7
9203 29 28 6
9204 18 18 4
9205 26 25 5
9206 23 23 5
9207 33 32 6
9208 28 28 6
9209 14 14 4
9210 34 33 7
9211 25 24 6
9212 20 19 5
9213 25 25 7
9214 25 24 8
9215 32 31 9
9216 25 25 5
9217 21 21 5
9218 11 11 5
9219 31 30 10
9220 18 18 6
9221 14 14 4
9222 22 21 5
9223 25 24 6
9224 24 24 6
9225 10 10 4
9226 18 17 5
9227 17 17 5
9228 17 16 6
9229 24 23 7
9230 13 12 4
9231 16 15 5
9232 19 18 4
9233 20 19 7
9234 15 14 6
9235 18 18 4
9236 18 17 5
9237 15 14 4
9238 18 17 7
9239 15 14 4
9240 14 13 5
9241 15 15 5
9242 15 14 6
9243 14 13 5
9244 25 24 6
9245 12 12 4
9246 10 9 5
9247 15 14 6
9248 12 12 6
9249 24 24 6
9250 20 20 4
9251 16 15 5
9252 11 11 5
9253 23 22 6
9254 14 14 6
9255 10 9 5
9256 17 17 5
9257 15 15 5
9258 19 18 6
9259 12 12 4
9260 20 19 5
9261 11 10 4
9262 16 15 5
9263 23 22 4
9264 24 23 5
9265 17 17 5
9266 25 24 6
9267 30 30 4
9268 20 19 5
9269 27 27 5
9270 29 29 5
9271 21 20 6
9272 28 28 6
9273 28 28 8
9274 28 27 7
9275 23 22 8
9276 28 27 5
9277 19 19 5
9278 31 31 5
9279 17 17 5
9280 29 28 6
9281 20 19 5
9282 21 21 5
9283 31 30 8
9284 16 16 4
9285 24 23 7
9286 25 24 4
9287 18 17 5
9288 19 19 5
9289 41 40 6
9290 24 24 4
9291 22 21 5
9292 19 19 5
9293 19 19 5
9294 19 19 5
9295 13 13 5
9296 25 24 8
9297 18 18 4
9298 28 27 5
9299 19 19 5
9300 35 34 6
9301 28 27 7
9302 11 11 5
9303 23 23 5
9304 27 26 4
9305 26 25 7
9306 29 29 7
9307 19 19 5
9308 17 17 5
9309 15 14 6
9310 18 18 4
9311 14 13 5
9312 19 18 6
9313 20 20 4
9314 18 17 5
9315 9 9 5
9316 13 12 4
9317 24 23 5
9318 19 19 5
9319 17 17 5
9320 15 15 5
9321 23 22 6
9322 14 14 4
9323 16 15 5
9324 17 17 5
9325 15 14 4
9326 22 21 5
9327 15 15 5
9328 25 25 7
9329 21 20 4
9330 20 19 5
9331 11 10 4
9332 24 23 5
9333 19 18 6
9334 22 21 5
9335 27 26 6
9336 18 18 4
9337 14 13 5
9338 27 27 5
9339 15 15 5
9340 19 19 5
9341 23 22 8
9342 14 14 4
9343 16 15 5
9344 9 8 4
9345 12 11 5
9346 21 20 6
9347 24 24 6
9348 20 19 5
9349 13 13 5
9350 21 20 6
9351 16 16 6
9352 16 16 6
9353 10 10 4
9354 18 17 5
9355 17 17 7
9356 13 13 5
9357 11 11 5
9358 11 10 6
9359 10 10 6
9360 28 28 6
9361 14 13 5
9362 17 16 6
9363 10 10 4
9364 16 15 5
9365 15 14 4
9366 18 17 5
9367 21 20 6
9368 14 13 5
9369 17 17 5
9370 15 14 4
9371 18 17 5
9372 15 15 7
9373 17 16 4
9374 16 15 5
9375 11 10 4
9376 16 15 7
9377 11 10 4
9378 24 23 5
9379 13 12 6
9380 8 8 4
9381 12 11 5
9382 11 10 6
9383 18 18 6
9384 20 20 6
9385 16 16 4
9386 6 5 4
9387 10 9 5
9388 11 11 5
9389 13 12 4
9390 12 11 5
9391 11 10 6
9392 16 15 5
9393 21 20 6
9394 14 14 4
9395 16 15 5
9396 17 17 7
9397 15 14 6
9398 8 7 6
9399 14 14 4
9400 8 7 6
9401 12 12 6
9402 14 14 6
9403 12 12 4
9404 10 9 5
9405 11 10 6
9406 16 16 6
9407 16 15 5
9408 9 9 5
9409 11 10 6
9410 6 6 6
9411 11 10 4
9412 10 9 5
9413 5 5 5
9414 16 15 5
9415 9 9 5
9416 11 11 5
9417 13 13 5
9418 19 19 5
9419 17 16 6
9420 16 16 6
9421 12 11 5
9422 11 11 5
9423 13 12 4
9424 22 21 5
9425 9 9 5
9426 15 14 6
9427 26 25 7
9428 15 15 5
9429 15 14 6
9430 20 20 6
9431 14 14 6
9432 16 16 4
9433 10 9 5
9434 15 14 6
9435 14 14 4
9436 18 17 7
9437 15 14 6
9438 10 10 6
9439 12 12 6
9440 14 14 6
9441 12 11 5
9442 9 9 5
9443 7 6 5
9444 7 6 5
9445 21 21 5
9446 11 10 4
9447 12 11 5
9448 23 22 8
9449 14 14 4
9450 10 9 5
9451 19 18 6
9452 20 19 5
9453 9 8 4
9454 6 5 4
9455 10 9 5
9456 19 18 6
9457 18 18 8
9458 10 10 4
9459 10 9 5
9460 15 14 4
9461 12 11 5
9462 13 12 6
9463 20 19 5
9464 17 17 5
9465 17 17 5
9466 13 13 5
9467 13 12 4
9468 10 9 5
9469 17 16 6
9470 10 10 4
9471 12 11 5
9472 7 6 5
9473 13 13 5
9474 15 14 4
9475 20 19 5
9476 13 12 6
9477 12 12 4
9478 10 9 5
9479 13 12 4
9480 16 15 5
9481 23 23 7
9482 19 18 6
9483 18 18 6
9484 14 13 5
9485 15 14 6
9486 20 19 5
9487 15 15 5
9488 13 12 6
9489 8 7 6
9490 10 10 4
9491 16 15 5
9492 19 18 4
9493 10 9 5
9494 17 17 5
9495 15 14 6
9496 14 14 4
9497 10 9 5
9498 27 26 6
9499 20 20 6
9500 14 13 5
9501 13 12 4
9502 14 13 5
9503 21 21 7
9504 15 14 6
9505 22 21 7
9506 25 24 4
9507 20 19 5
9508 29 29 5
9509 31 31 5
9510 9 9 5
9511 15 14 4
9512 18 17 5
9513 19 19 5
9514 11 10 4
9515 22 21 7
9516 9 8 4
9517 20 19 7
9518 11 10 6
9519 26 26 6
9520 22 21 5
9521 15 15 5
9522 25 25 7
9523 13 12 6
9524 18 18 4
9525 14 13 5
9526 19 18 6
9527 20 20 6
9528 20 20 6
9529 20 19 5
9530 11 10 4
9531 16 15 5
9532 17 16 6
9533 18 17 5
9534 15 14 6
9535 10 10 4
9536 12 11 5
9537 23 22 6
9538 18 17 5
9539 23 22 6
9540 28 28 6
9541 24 23 5
9542 33 32 6
9543 26 25 5
9544 29 29 7
9545 23 22 6
9546 18 17 5
9547 25 24 6
9548 36 36 6
9549 16 16 4
9550 18 17 5
9551 25 25 7
9552 13 12 4
9553 26 25 5
9554 29 28 6
9555 30 29 5
9556 31 31 7
9557 23 23 7
9558 29 28 6
9559 34 33 5
9560 19 19 7
9561 19 18 6
9562 20 19 5
9563 21 21 5
9564 13 13 5
9565 15 15 5
9566 21 20 6
9567 32 32 10
9568 22 21 5
9569 21 20 6
9570 20 20 8
9571 10 10 6
9572 20 20 6
9573 14 13 5
9574 27 26 4
9575 14 13 5
9576 29 28 8
9577 30 30 10
9578 24 24 6
9579 20 19 5
9580 23 22 6
9581 22 21 5
9582 21 21 5
9583 17 17 5
9584 27 26 8
9585 24 24 6
9586 34 33 7
9587 23 22 6
9588 24 24 6
9589 22 21 5
9590 17 17 5
9591 19 18 4
9592 18 17 5
9593 23 22 6
9594 24 24 6
9595 28 28 6
9596 30 30 6
9597 36 36 8
9598 22 22 4
9599 26 25 5
9600 25 25 5
9601 17 16 6
9602 20 20 4
9603 22 21 7
9604 19 18 6
9605 22 22 4
9606 18 17 5
9607 19 19 5
9608 29 29 5
9609 23 22 6
9610 20 20 4
9611 10 9 5
9612 11 10 4
9613 24 23 7
9614 17 16 4
9615 18 17 5
9616 13 13 5
9617 21 21 5
9618 25 25 5
9619 21 21 5
9620 15 15 5
9621 13 12 6
9622 10 10 4
9623 18 17 5
9624 17 17 5
9625 9 9 5
9626 11 10 6
9627 10 10 6
9628 12 12 6
9629 16 16 4
9630 20 19 5
9631 17 16 6
9632 14 14 6
9633 14 14 6
9634 14 14 6
9635 22 22 6
9636 16 15 5
9637 15 15 5
9638 13 12 4
9639 18 17 5
9640 9 9 5
9641 15 14 4
9642 10 9 5
9643 11 11 5
9644 17 16 4
9645 18 17 5
9646 13 12 6
9647 10 10 4
9648 30 29 5
9649 21 21 5
9650 25 24 6
9651 18 18 4
9652 20 19 5
9653 35 34 8
9654 14 14 4
9655 32 31 5
9656 19 18 6
9657 34 33 5
9658 19 19 7
9659 27 27 5
9660 23 22 6
9661 18 18 4
9662 26 25 5
9663 31 30 8
9664 22 22 8
9665 26 26 6
9666 26 25 7
9667 19 18 6
9668 16 15 5
9669 19 18 8
9670 20 19 5
9671 21 21 7
9672 23 22 6
9673 16 16 4
9674 12 11 5
9675 25 24 8
9676 18 18 4
9677 16 15 5
9678 21 20 4
9679 20 19 7
9680 17 16 6
9681 16 15 5
9682 35 35 9
9683 21 20 8
9684 16 15 7
9685 17 16 4
9686 10 9 5
9687 21 20 6
9688 14 13 5
9689 25 24 6
9690 20 20 4
9691 32 31 7
9692 15 15 5
9693 19 18 4
9694 24 23 5
9695 31 31 5
9696 19 19 5
9697 17 17 5
9698 17 16 4
9699 22 21 5
9700 27 26 6
9701 26 26 8
9702 22 22 6
9703 18 17 5
9704 11 11 5
9705 23 22 8
9706 20 20 8
9707 14 13 5
9708 11 10 4
9709 6 5 4
9710 12 11 5
9711 15 15 5
9712 11 11 5
9713 23 22 6
9714 6 6 6
9715 5 5 5
9716 14 13 5
9717 19 18 4
9718 24 23 5
9719 17 17 5
9720 19 18 6
9721 16 16 6
9722 14 14 6
9723 10 10 4
9724 12 11 5
9725 7 6 5
9726 9 9 5
9727 11 11 5
9728 13 13 5
9729 7 7 7
9730 8 8 4
9731 12 11 5
9732 11 11 5
9733 5 5 5
9734 12 11 5
9735 11 11 5
9736 9 9 5
9737 11 11 5
9738 11 11 7
9739 7 6 5
9740 15 14 6
9741 14 14 6
9742 18 18 4
9743 14 13 5
9744 11 10 4
9745 12 11 5
9746 15 14 8
9747 16 16 6
9748 12 12 4
9749 14 13 5
9750 13 12 4
9751 6 5 4
9752 6 5 4
9753 20 19 5
9754 7 7 7
9755 14 13 5
9756 13 12 4
9757 18 17 5
9758 13 12 4
9759 8 7 6
9760 10 10 4
9761 10 9 5
9762 7 6 5
9763 13 12 6
9764 16 16 6
9765 18 17 5
9766 15 14 4
9767 12 11 7
9768 7 6 5
9769 11 10 4
9770 22 21 7
9771 15 15 5
9772 13 12 4
9773 12 11 5
9774 11 11 5
9775 7 6 5
9776 9 8 4
9777 8 7 6
9778 6 6 6
9779 9 9 5
9780 9 9 5
9781 19 18 6
9782 10 9 5
9783 15 15 5
9784 13 12 6
9785 10 9 5
9786 11 11 5
9787 9 8 4
9788 12 11 5
9789 15 14 6
9790 12 12 6
9791 10 9 5
9792 9 8 4
9793 12 11 5
9794 7 6 5
9795 9 9 5
9796 13 12 6
9797 6 6 6
9798 15 14 8
9799 14 14 6
9800 12 12 4
9801 20 19 7
9802 11 10 6
9803 10 9 5
9804 11 10 6
9805 10 9 5
9806 11 10 6
9807 10 10 4
9808 12 11 5
9809 13 13 5
9810 17 16 6
9811 14 14 4
9812 6 5 4
9813 14 13 5
9814 9 9 5
9815 11 11 5
9816 7 6 5
9817 15 14 6
9818 14 14 6
9819 12 11 5
9820 11 10 6
9821 12 12 4
9822 14 13 5
9823 11 11 5
9824 31 30 6
9825 22 22 8
9826 28 28 6
9827 10 9 5
9828 13 12 4
9829 14 13 5
9830 13 12 4
9831 10 9 5
9832 15 14 6
9833 18 18 6
9834 10 10 6
9835 8 8 4
9836 10 9 5
9837 9 8 4
9838 10 9 8
9839 10 10 4
9840 8 7 6
9841 16 16 4
9842 12 11 5
9843 15 14 6
9844 6 6 6
9845 21 20 6
9846 18 18 4
9847 26 25 7
9848 29 28 4
9849 20 19 7
9850 17 16 4
9851 14 13 5
9852 13 13 5
9853 13 13 5
9854 15 15 5
9855 17 17 5
9856 21 20 6
9857 16 16 4
9858 16 15 5
9859 27 26 4
9860 18 17 5
9861 21 20 6
9862 10 10 6
9863 12 12 4
9864 24 23 7
9865 13 12 6
9866 14 14 4
9867 32 31 5
9868 25 25 5
9869 17 17 5
9870 17 17 5
9871 17 16 4
9872 16 15 5
9873 29 29 7
9874 25 24 6
9875 26 26 4
9876 26 25 5
9877 21 20 6
9878 14 14 4
9879 32 31 5
9880 27 27 7
9881 21 20 6
9882 20 20 4
9883 26 25 5
9884 13 12 4
9885 16 15 5
9886 17 16 4
9887 22 21 5
9888 13 13 5
9889 21 20 6
9890 16 16 4
9891 30 29 7
9892 25 24 4
9893 16 15 5
9894 21 20 6
9895 14 14 6
9896 22 22 4
9897 30 29 5
9898 25 24 6
9899 26 25 5
9900 23 23 5
9901 23 22 6
9902 24 23 5
9903 17 17 7
9904 31 30 8
9905 26 26 8
9906 18 18 4
9907 28 27 5
9908 31 31 7
9909 23 22 6
9910 32 32 6
9911 16 15 5
9912 27 27 5
9913 31 30 8
9914 40 40 8
9915 36 35 9
9916 27 27 7
9917 23 22 6
9918 24 24 8
9919 20 20 4
9920 28 27 5
9921 19 19 5
9922 21 21 5
9923 15 15 5
9924 27 26 6
9925 16 16 4
9926 26 25 5
9927 17 17 5
9928 19 19 5
9929 11 10 4
9930 14 13 5
9931 15 14 4
9932 20 19 5
9933 17 17 5
9934 17 16 4
9935 26 25 5
9936 21 20 6
9937 20 20 6
9938 20 20 6
9939 12 12 4
9940 14 13 5
9941 17 16 4
9942 16 15 5
9943 19 18 6
9944 20 20 6
9945 10 10 6
9946 8 8 4
9947 18 17 5
9948 15 14 6
9949 10 10 6
9950 16 16 4
9951 10 9 5
9952 15 14 6
9953 16 16 4
9954 18 17 5
9955 11 11 5
9956 13 12 4
9957 10 9 5
9958 15 14 6
9959 12 12 4
9960 10 9 5
9961 13 12 6
9962 10 10 4
9963 20 19 7
9964 17 16 4
9965 18 17 5
9966 9 8 4
9967 20 19 5
9968 15 15 5
9969 11 11 5
9970 13 12 6
9971 6 5 4
9972 14 13 5
9973 11 11 5
9974 15 15 5
9975 21 21 5
9976 13 13 5
9977 13 12 4
9978 16 15 7
9979 7 6 5
9980 13 13 5
9981 17 16 6
9982 30 30 8
9983 14 14 4
9984 26 25 7
9985 17 16 4
9986 18 17 5
9987 13 12 6
9988 8 8 4
9989 12 11 5
9990 19 18 6
9991 12 11 5
9992 9 9 5
9993 11 10 6
9994 14 14 6
9995 12 12 4
9996 12 11 5
9997 17 16 6
9998 10 10 4
9999 12 11 5
10000 7 6 5
10001 15 15 7
10002 13 12 6
10003 14 14 4
10004 12 11 5
10005 11 10 4
10006 16 15 7
10007 11 11 5
10008 13 13 5
10009 11 11 5
10010 11 11 5
10011 9 9 5
10012 21 20 6
10013 10 9 5
10014 31 30 4
10015 10 9 5
10016 9 9 5
10017 19 19 5
10018 7 6 5
10019 13 12 6
10020 16 15 7
10021 17 16 4
10022 16 15 7
10023 21 20 6
10024 12 12 4
10025 10 9 5
10026 9 8 4
10027 12 11 5
10028 23 22 6
10029 14 14 6
10030 10 9 5
10031 21 21 5
10032 9 8 4
10033 16 15 5
10034 7 6 5
10035 13 12 8
10036 12 12 6
10037 14 14 6
10038 16 16 4
10039 12 11 5
10040 19 18 6
10041 20 20 4
10042 12 11 5
10043 11 10 4
10044 16 15 5
10045 9 8 4
10046 6 5 4
10047 12 11 5
10048 11 10 6
10049 12 12 6
10050 10 10 6
10051 6 6 6
10052 11 10 4
10053 14 13 5
10054 15 14 6
10055 12 11 5
10056 15 15 5
10057 11 11 5
10058 13 13 5
10059 17 16 4
10060 16 15 5
10061 13 12 4
10062 12 11 5
10063 23 23 5
10064 25 24 8
10065 16 16 4
10066 16 15 5
10067 15 14 6
10068 16 16 4
10069 18 17 5
10070 13 12 4
10071 16 15 5
10072 21 21 7
10073 9 8 4
10074 14 13 5
10075 15 15 5
10076 15 14 6
10077 22 21 5
10078 25 24 6
10079 14 13 5
10080 17 16 6
10081 16 16 6
10082 34 33 5
10083 21 21 5
10084 27 27 5
10085 17 16 4
10086 22 21 5
10087 15 15 5
10088 19 18 6
10089 16 16 6
10090 22 21 7
10091 13 12 4
10092 16 15 5
10093 17 17 5
10094 23 22 6
10095 24 24 6
10096 16 15 5
10097 29 28 6
10098 14 14 6
10099 26 25 7
10100 25 25 7
10101 15 15 5
10102 19 18 6
10103 14 14 6
10104 22 21 9
10105 7 6 5
10106 19 19 5
10107 27 26 6
10108 22 21 5
10109 25 24 8
10110 22 22 4
10111 20 19 5
10112 17 16 4
10113 22 21 5
10114 17 17 5
10115 35 35 7
10116 25 24 6
10117 14 14 4
10118 16 15 5
10119 15 15 5
10120 13 12 4
10121 22 21 7
10122 21 20 4
10123 14 13 5
10124 27 26 6
10125 20 20 6
10126 18 17 5
10127 19 19 7
10128 19 19 5
10129 13 12 4
10130 22 21 7
10131 13 12 4
10132 16 15 5
10133 13 12 6
10134 16 16 4
10135 24 23 7
10136 17 17 5
10137 11 10 4
10138 16 15 5
10139 23 23 5
10140 17 16 6
10141 22 22 6
10142 20 19 5
10143 25 25 5
10144 23 22 4
10145 38 37 7
10146 35 34 6
10147 24 23 5
10148 29 29 5
10149 25 24 6
10150 14 13 5
10151 13 12 4
10152 18 17 5
10153 15 15 5
10154 15 14 6
10155 22 22 6
10156 20 19 5
10157 17 17 5
10158 19 19 5
10159 21 20 6
10160 18 18 6
10161 30 30 8
10162 20 20 4
10163 28 27 7
10164 21 21 9
10165 23 22 6
10166 30 29 5
10167 23 23 5
10168 19 19 5
10169 37 36 10
10170 34 33 11
10171 19 18 4
10172 24 23 5
10173 19 19 7
10174 27 26 8
10175 16 16 6
10176 38 38 12
10177 24 24 6
10178 28 27 7
10179 15 15 5
10180 13 13 5
10181 29 29 7
10182 21 20 4
10183 28 27 7
10184 13 12 4
10185 20 19 7
10186 29 28 8
10187 20 20 6
10188 28 28 10
10189 24 23 5
10190 23 23 7
10191 23 23 7
10192 27 27 9
10193 25 24 6
10194 30 29 5
10195 21 21 5
10196 27 27 5
10197 29 29 9
10198 23 23 5
10199 35 34 12
10200 22 22 6
10201 22 22 6
10202 30 29 7
10203 17 16 4
10204 44 43 15
10205 23 23 7
10206 17 16 6
10207 16 15 5
10208 9 9 5
10209 33 32 8
10210 24 24 6
10211 32 31 11
10212 17 17 5
10213 39 39 7
10214 11 10 4
10215 24 23 5
10216 15 14 6
10217 26 25 5
10218 21 20 4
10219 20 19 5
10220 23 23 5
10221 17 17 5
10222 19 19 5
10223 11 11 5
10224 13 13 5
10225 15 15 5
10226 17 16 4
10227 30 29 7
10228 29 28 6
10229 22 22 4
10230 12 11 5
10231 13 12 4
10232 16 15 5
10233 17 17 5
10234 15 14 4
10235 22 21 5
10236 19 19 5
10237 23 22 6
10238 10 10 4
10239 14 13 5
10240 17 16 4
10241 14 13 5
10242 13 12 4
10243 10 9 5
10244 21 20 6
10245 20 20 6
10246 26 26 8
10247 10 10 6
10248 22 22 6
10249 20 20 6
10250 26 26 4
10251 20 19 5
10252 23 23 7
10253 21 20 4
10254 26 25 5
10255 19 19 5
10256 11 10 4
10257 24 23 5
10258 29 28 6
10259 16 16 4
10260 16 15 5
10261 33 32 6
10262 34 33 5
10263 15 15 5
10264 27 26 6
10265 24 24 6
10266 24 23 7
10267 15 14 6
10268 28 28 6
10269 36 36 8
10270 32 31 7
10271 29 28 6
10272 24 24 8
10273 20 20 6
10274 24 24 6
10275 22 22 4
10276 36 35 7
10277 31 31 5
10278 19 19 5
10279 33 32 8
10280 14 14 4
10281 24 23 5
10282 29 29 7
10283 17 16 4
10284 20 19 5
10285 13 12 6
10286 16 16 6
10287 20 20 4
10288 30 29 5
10289 19 18 6
10290 22 22 6
10291 26 26 6
10292 22 21 5
10293 19 19 5
10294 23 22 4
10295 18 17 7
10296 19 19 5
10297 13 12 6
10298 12 12 4
10299 20 19 7
10300 11 10 4
10301 14 13 5
10302 13 12 6
10303 14 14 6
10304 14 14 4
10305 16 15 5
10306 15 15 5
10307 13 13 5
10308 9 9 5
10309 17 17 5
10310 9 9 5
10311 15 14 6
10312 16 15 5
10313 17 17 5
10314 19 18 6
10315 16 16 4
10316 12 11 5
10317 25 24 4
10318 12 11 5
10319 15 14 6
10320 12 11 5
10321 17 17 5
10322 23 22 6
10323 20 19 7
10324 11 10 4
10325 16 15 5
10326 13 12 6
10327 14 13 5
10328 9 8 4
10329 18 17 7
10330 11 11 5
10331 15 15 5
10332 9 9 5
10333 11 10 6
10334 18 18 4
10335 16 15 5
10336 15 15 5
10337 13 12 6
10338 16 15 7
10339 17 16 4
10340 14 13 5
10341 15 14 6
10342 18 17 7
10343 27 26 8
10344 12 12 4
10345 12 11 5
10346 13 13 5
10347 13 13 7
10348 19 18 6
10349 16 16 6
10350 18 18 6
10351 12 12 6
10352 10 10 6
10353 14 13 5
10354 13 12 4
10355 6 5 4
10356 18 17 5
10357 19 19 5
10358 11 10 4
10359 18 17 7
10360 11 10 6
10361 10 10 4
10362 14 13 5
10363 15 14 6
10364 16 15 5
10365 15 14 6
10366 12 12 6
10367 14 14 4
10368 8 7 6
10369 8 8 4
10370 14 13 5
10371 23 22 6
10372 12 12 4
10373 16 15 7
10374 23 22 6
10375 14 13 5
10376 9 9 5
10377 9 9 5
10378 11 10 4
10379 14 13 7
10380 19 18 4
10381 10 9 5
10382 11 10 6
10383 12 11 5
10384 11 11 5
10385 19 18 6
10386 12 11 5
10387 9 9 5
10388 23 22 6
10389 18 17 5
10390 7 7 7
10391 12 12 6
10392 16 16 6
10393 12 12 4
10394 14 13 5
10395 11 10 4
10396 16 15 7
10397 9 8 4
10398 12 11 7
10399 13 12 4
10400 10 9 5
10401 9 8 4
10402 18 17 9
10403 15 14 4
10404 12 11 5
10405 21 20 4
10406 14 13 5
10407 7 7 7
10408 8 8 4
10409 18 17 5
10410 13 12 4
10411 18 17 5
10412 17 16 6
10413 14 13 5
10414 9 9 5
10415 15 14 6
10416 12 12 6
10417 12 12 6
10418 12 11 5
10419 13 12 6
10420 14 14 6
10421 12 11 5
10422 11 11 5
10423 15 15 7
10424 17 17 5
10425 11 11 5
10426 13 12 6
10427 12 12 6
10428 12 11 5
10429 11 11 5
10430 13 12 4
10431 14 13 5
10432 15 15 7
10433 11 10 6
10434 12 12 4
10435 16 15 5
10436 9 8 4
10437 14 13 5
10438 9 9 5
10439 11 11 5
10440 13 13 5
10441 13 12 4
10442 18 17 5
10443 11 10 4
10444 12 11 5
10445 13 13 5
10446 21 21 7
10447 7 6 5
10448 11 10 6
10449 6 6 6
10450 13 12 6
10451 6 6 6
10452 7 6 5
10453 11 11 5
10454 21 20 6
10455 12 11 5
10456 11 11 5
10457 9 8 4
10458 10 9 8
10459 20 20 4
10460 12 11 5
10461 23 22 6
10462 18 18 6
10463 10 10 4
10464 12 11 5
10465 9 8 4
10466 12 11 5
10467 7 6 5
10468 13 12 6
10469 20 20 6
10470 16 16 6
10471 14 13 5
10472 11 11 5
10473 13 13 5
10474 11 10 6
10475 18 18 6
10476 20 20 6
10477 18 18 6
10478 16 15 5
10479 21 20 6
10480 20 20 4
10481 32 31 7
10482 21 21 7
10483 11 11 5
10484 27 26 6
10485 18 18 6
10486 16 16 4
10487 12 11 5
10488 15 14 6
10489 30 29 9
10490 15 15 5
10491 11 10 6
10492 18 18 6
10493 18 18 4
10494 24 23 7
10495 27 26 6
10496 32 32 6
10497 24 23 5
10498 37 36 6
10499 22 21 5
10500 25 25 5
10501 19 19 5
10502 13 12 4
10503 32 31 5
10504 19 18 6
10505 20 20 6
10506 24 23 7
10507 17 16 4
10508 12 11 5
10509 17 16 4
10510 18 17 5
10511 21 20 6
10512 32 32 6
10513 16 15 5
10514 23 22 6
10515 24 24 6
10516 10 10 4
10517 20 19 5
10518 23 23 5
10519 23 22 6
10520 14 14 6
10521 16 16 4
10522 26 25 5
10523 33 32 8
10524 12 11 5
10525 15 15 5
10526 15 14 6
10527 10 10 4
10528 26 25 7
10529 19 19 5
10530 17 17 5
10531 25 24 6
10532 24 24 8
10533 14 13 5
10534 29 28 10
10535 12 12 4
10536 18 17 5
10537 17 17 5
10538 13 12 4
10539 20 19 7
10540 17 16 4
10541 22 21 5
10542 17 17 5
10543 23 22 6
10544 38 37 13
10545 23 22 6
10546 18 18 4
10547 22 21 7
10548 19 18 8
10549 24 24 8
10550 16 15 5
10551 17 16 6
10552 20 20 6
10553 14 13 5
10554 13 13 5
10555 21 20 6
10556 16 16 8
10557 18 18 6
10558 28 28 10
10559 14 14 6
10560 14 14 4
10561 24 23 7
10562 21 20 4
10563 20 19 5
10564 31 31 7
10565 23 22 8
10566 18 18 4
10567 18 17 9
10568 11 10 6
10569 18 18 4
10570 14 13 5
10571 11 10 4
10572 12 11 5
10573 21 20 4
10574 14 13 5
10575 25 24 4
10576 24 23 5
10577 23 23 5
10578 17 16 4
10579 16 15 5
10580 17 16 4
10581 18 17 5
10582 13 12 4
10583 14 13 5
10584 21 20 6
10585 14 14 6
10586 12 12 6
10587 12 12 6
10588 10 10 6
10589 8 8 4
10590 10 9 5
10591 9 8 4
10592 14 13 7
10593 7 6 5
10594 11 10 4
10595 14 13 5
10596 13 13 5
10597 13 13 5
10598 11 11 5
10599 11 11 5
10600 5 5 5
10601 12 11 5
10602 17 17 5
10603 15 14 6
10604 8 8 4
10605 14 13 5
10606 9 9 5
10607 11 11 5
10608 15 14 6
10609 16 15 5
10610 15 15 5
10611 11 11 5
10612 21 21 5
10613 15 14 4
10614 12 11 5
10615 9 9 5
10616 13 13 7
10617 13 12 6
10618 12 12 4
10619 10 9 5
10620 17 16 6
10621 14 13 5
10622 13 13 5
10623 5 5 5
10624 12 11 5
10625 17 17 5
10626 19 18 8
10627 16 15 5
10628 9 8 4
10629 16 15 7
10630 13 12 4
10631 12 11 5
10632 9 9 5
10633 13 12 6
10634 14 14 4
10635 16 15 7
10636 15 14 6
10637 6 5 4
10638 8 7 6
10639 12 12 6
10640 10 10 4
10641 16 15 5
10642 9 8 4
10643 12 11 5
10644 9 9 5
10645 17 16 6
10646 28 28 6
10647 12 12 4
10648 12 11 5
10649 13 12 6
10650 12 12 6
10651 10 10 6
10652 10 10 4
10653 6 5 4
10654 8 7 6
10655 20 19 7
10656 9 9 5
10657 7 6 5
10658 13 12 6
10659 10 10 4
10660 18 17 7
10661 17 16 6
10662 14 14 4
10663 18 17 5
10664 7 6 5
10665 11 10 4
10666 16 15 5
10667 7 6 5
10668 11 10 4
10669 14 13 5
10670 13 12 6
10671 16 16 6
10672 6 6 6
10673 5 5 5
10674 8 7 6
10675 12 11 5
10676 13 12 4
10677 10 9 5
10678 13 12 6
10679 6 6 6
10680 7 7 7
10681 18 18 6
10682 10 10 6
10683 8 8 4
10684 12 11 5
10685 23 23 7
10686 13 12 4
10687 16 15 5
10688 11 11 5
10689 13 12 6
10690 10 9 5
10691 11 10 6
10692 10 9 5
10693 13 12 6
10694 8 8 4
10695 16 15 7
10696 9 8 4
10697 12 11 5
10698 9 9 5
10699 5 5 5
10700 10 9 5
10701 13 12 6
10702 16 16 6
10703 8 8 8
10704 11 10 6
10705 18 18 4
10706 8 7 6
10707 12 12 6
10708 6 6 6
10709 13 12 6
10710 10 10 4
10711 16 15 5
10712 13 13 5
10713 17 16 6
10714 12 12 4
10715 16 15 5
10716 13 12 4
10717 10 9 5
10718 15 15 5
10719 9 8 4
10720 12 11 5
10721 11 11 5
10722 23 22 6
10723 12 12 6
10724 10 10 4
10725 16 15 7
10726 13 12 6
10727 18 18 6
10728 10 10 4
10729 14 13 5
10730 13 13 7
10731 15 14 6
10732 8 7 6
10733 12 12 4
10734 14 13 5
10735 15 14 4
10736 10 9 5
10737 25 24 6
10738 6 6 6
10739 11 11 5
10740 15 15 5
10741 15 14 6
10742 6 6 6
10743 15 14 4
10744 16 15 5
10745 17 16 6
10746 6 6 6
10747 13 12 4
10748 12 11 5
10749 9 8 4
10750 12 11 5
10751 17 17 7
10752 13 12 4
10753 22 21 7
10754 7 6 5
10755 9 8 4
10756 8 7 6
10757 8 8 4
10758 10 9 5
10759 11 10 4
10760 14 13 5
10761 9 9 5
10762 7 6 5
10763 11 10 6
10764 14 13 7
10765 7 6 5
10766 9 8 4
10767 12 11 5
10768 15 14 6
10769 12 12 4
10770 20 19 5
10771 9 9 5
10772 13 13 5
10773 17 16 6
10774 8 8 4
10775 12 11 5
10776 11 10 4
10777 10 9 5
10778 13 12 4
10779 22 21 5
10780 7 7 7
10781 16 16 6
10782 12 12 6
10783 6 6 6
10784 13 12 6
10785 8 8 4
10786 12 11 5
10787 25 25 7
10788 13 12 4
10789 20 19 5
10790 15 15 5
10791 11 10 6
10792 8 8 4
10793 20 19 7
10794 15 14 4
10795 18 17 7
10796 17 16 6
10797 14 14 4
10798 18 17 7
10799 19 18 6
10800 18 17 5
10801 19 18 4
10802 18 17 5
10803 21 20 4
10804 24 23 5
10805 27 27 7
10806 19 18 4
10807 34 33 7
10808 37 36 8
10809 28 27 5
10810 29 29 7
10811 33 32 4
10812 26 25 7
10813 15 15 5
10814 19 18 4
10815 16 15 5
10816 41 41 7
10817 27 27 5
10818 39 39 7
10819 19 18 6
10820 14 14 4
10821 20 19 5
10822 17 16 4
10823 22 21 7
10824 19 18 4
10825 28 27 7
10826 27 26 4
10827 38 37 5
10828 17 16 6
10829 28 27 5
10830 23 22 6
10831 14 14 6
10832 14 13 5
10833 25 25 7
10834 25 24 8
10835 12 12 6
10836 20 20 6
10837 16 15 5
10838 25 25 7
10839 17 16 6
10840 20 19 7
10841 9 8 4
10842 22 21 7
10843 21 20 6
10844 28 28 6
10845 22 22 6
10846 16 16 6
10847 16 16 8
10848 12 12 6
10849 22 22 6
10850 10 10 6
10851 6 6 6
10852 17 16 4
10853 20 19 7
10854 11 10 4
10855 12 11 5
10856 11 10 4
10857 26 25 7
10858 19 18 6
10859 18 18 6
10860 8 8 4
10861 30 29 7
10862 23 22 6
10863 12 11 5
10864 19 18 6
10865 18 17 5
10866 19 19 7
10867 17 17 5
10868 23 22 8
10869 10 9 5
10870 25 24 6
10871 20 19 5
10872 13 13 5
10873 35 35 9
10874 23 22 8
10875 18 18 4
10876 22 21 5
10877 17 16 4
10878 14 13 5
10879 15 14 6
10880 20 20 6
10881 20 19 7
10882 15 15 5
10883 17 17 5
10884 13 13 5
10885 23 22 6
10886 14 13 5
10887 23 22 6
10888 24 23 5
10889 9 9 5
10890 23 22 6
10891 16 16 6
10892 12 11 5
10893 19 18 6
10894 12 12 6
10895 10 10 4
10896 12 11 5
10897 13 13 5
10898 17 16 6
10899 10 10 4
10900 16 15 5
10901 11 11 5
10902 7 6 5
10903 15 14 4
10904 20 19 7
10905 17 16 4
10906 12 11 5
10907 13 13 5
10908 21 21 7
10909 13 12 4
10910 22 21 5
10911 15 14 6
10912 12 12 4
10913 6 5 4
10914 14 13 5
10915 9 9 5
10916 11 10 4
10917 14 13 5
10918 15 15 5
10919 17 17 7
10920 15 14 4
10921 14 13 5
10922 13 12 6
10923 8 8 4
10924 6 5 4
10925 12 11 5
10926 11 11 5
10927 17 17 5
10928 19 18 4
10929 14 13 5
10930 17 17 7
10931 13 12 6
10932 14 14 6
10933 8 8 8
10934 15 14 6
10935 12 12 4
10936 18 17 7
10937 17 17 5
10938 19 19 7
10939 11 10 6
10940 14 14 4
10941 16 15 5
10942 11 10 4
10943 12 11 5
10944 13 13 7
10945 11 10 6
10946 14 13 5
10947 11 10 4
10948 18 17 7
10949 15 14 4
10950 14 13 5
10951 15 14 6
10952 10 10 6
10953 14 13 5
10954 7 6 5
10955 9 9 5
10956 15 14 6
10957 12 12 4
10958 20 19 7
10959 19 18 4
10960 20 19 5
10961 13 12 6
10962 16 16 4
10963 12 11 5
10964 15 15 5
10965 9 9 5
10966 17 16 8
10967 18 18 6
10968 16 16 4
10969 26 25 5
10970 13 13 7
10971 9 8 4
10972 18 17 5
10973 11 10 6
10974 22 22 6
10975 20 20 6
10976 14 14 6
10977 6 5 4
10978 14 13 5
10979 19 19 5
10980 15 15 5
10981 17 16 6
10982 20 20 6
10983 10 10 4
10984 8 7 6
10985 16 16 4
10986 12 11 5
10987 15 14 4
10988 20 19 5
10989 17 17 7
10990 19 19 5
10991 9 9 5
10992 11 10 4
10993 10 9 5
10994 11 10 6
10995 10 10 6
10996 14 14 6
10997 10 10 4
10998 20 19 5
10999 13 12 6
11000 18 17 5
11001 7 6 5
11002 15 14 4
11003 14 13 5
11004 15 15 5
11005 17 16 6
11006 20 20 4
11007 18 17 5
11008 11 10 4
11009 20 19 5
11010 19 19 5
11011 17 17 7
11012 15 14 6
11013 22 21 5
11014 19 18 4
11015 16 15 5
11016 15 15 5
11017 13 12 4
11018 18 17 5
11019 13 12 6
11020 12 11 5
11021 9 8 4
11022 12 11 5
11023 19 18 6
11024 8 8 4
11025 14 13 5
11026 11 11 5
11027 5 5 5
11028 16 15 5
11029 13 13 5
11030 15 15 5
11031 13 13 5
11032 11 11 5
11033 13 13 5
11034 13 13 5
11035 9 8 4
11036 16 15 5
11037 15 14 4
11038 12 11 5
11039 9 9 5
11040 13 12 6
11041 8 8 4
11042 12 11 5
11043 13 13 5
11044 17 17 5
11045 9 9 5
11046 13 12 6
11047 16 16 6
11048 10 10 6
11049 10 10 6
11050 14 14 6
11051 10 10 6
11052 12 11 5
11053 15 15 5
11054 21 20 6
11055 18 18 6
11056 14 14 4
11057 10 9 5
11058 17 16 6
11059 10 10 4
11060 10 9 5
11061 7 6 5
11062 19 19 7
11063 9 8 4
11064 10 9 5
11065 11 10 6
11066 14 14 6
11067 6 5 4
11068 12 11 5
11069 7 7 7
11070 10 10 6
11071 8 8 4
11072 20 19 5
11073 11 11 5
11074 17 17 7
11075 11 10 6
11076 12 12 4
11077 16 15 5
11078 15 15 7
11079 17 16 6
11080 26 26 4
11081 14 13 5
11082 11 11 5
11083 11 11 5
11084 13 12 4
11085 16 15 5
11086 13 13 5
11087 17 16 6
11088 22 22 6
11089 14 14 4
11090 10 9 5
11091 17 16 6
11092 10 9 5
11093 15 14 6
11094 12 11 5
11095 9 9 5
11096 21 21 5
11097 11 11 5
11098 13 12 4
11099 26 25 5
11100 15 15 5
11101 13 13 5
11102 21 21 5
11103 9 8 4
11104 16 15 5
11105 17 16 4
11106 10 9 5
11107 7 6 5
11108 11 10 6
11109 18 17 5
11110 21 20 6
11111 10 10 4
11112 14 13 5
11113 9 9 5
11114 11 11 5
11115 9 9 5
11116 19 18 6
11117 14 14 6
11118 22 21 7
11119 13 13 5
11120 21 21 7
11121 13 12 4
11122 10 9 5
11123 17 16 6
11124 14 13 5
11125 17 16 6
11126 10 10 4
11127 16 15 7
11128 11 11 5
11129 15 14 6
11130 6 6 6
11131 19 18 6
11132 12 11 5
11133 15 14 4
11134 18 17 5
11135 23 23 7
11136 11 10 4
11137 22 21 7
11138 21 20 6
11139 14 14 4
11140 12 11 5
11141 17 16 4
11142 12 11 5
11143 13 12 4
11144 14 13 5
11145 19 19 7
11146 19 18 6
11147 18 18 6
11148 26 26 6
11149 30 30 6
11150 22 22 6
11151 16 16 6
11152 22 22 8
11153 14 14 4
11154 16 15 5
11155 11 10 4
11156 10 9 5
11157 9 9 5
11158 15 14 6
11159 12 11 5
11160 15 14 6
11161 12 12 4
11162 16 15 5
11163 13 12 4
11164 18 17 5
11165 17 16 6
11166 14 14 4
11167 18 17 5
11168 15 15 5
11169 15 14 6
11170 8 8 4
11171 6 5 4
11172 14 13 7
11173 31 30 4
11174 14 13 5
11175 7 6 5
11176 11 10 4
11177 18 17 7
11178 19 18 6
11179 14 13 5
11180 13 12 4
11181 22 21 7
11182 11 10 4
11183 14 13 5
11184 9 9 5
11185 11 10 4
11186 14 13 5
11187 13 13 5
11188 17 17 7
11189 11 11 5
11190 15 14 6
11191 16 16 4
11192 24 23 5
11193 11 11 5
11194 23 22 6
11195 16 15 5
11196 13 12 6
11197 10 10 6
11198 14 14 6
11199 6 6 6
11200 11 10 4
11201 10 9 5
11202 15 14 6
11203 16 15 7
11204 13 12 6
11205 12 12 4
11206 14 13 5
11207 17 16 4
11208 8 7 6
11209 14 13 5
11210 11 11 5
11211 17 16 6
11212 20 20 6
11213 16 15 5
11214 19 18 6
11215 14 14 6
11216 18 18 6
11217 16 16 4
11218 10 9 5
11219 11 10 4
11220 18 17 7
11221 15 14 6
11222 20 20 4
11223 18 17 5
11224 21 21 5
11225 7 6 5
11226 15 14 4
11227 14 13 5
11228 23 23 5
11229 17 17 5
11230 23 23 5
11231 27 26 6
11232 16 16 4
11233 14 13 5
11234 11 10 6
11235 18 18 4
11236 10 9 5
11237 25 24 4
11238 18 17 7
11239 19 19 5
11240 19 18 6
11241 14 14 4
11242 18 17 5
11243 21 21 5
11244 13 13 5
11245 11 10 6
11246 16 16 4
11247 24 23 7
11248 13 12 4
11249 14 13 5
11250 17 16 4
11251 40 39 7
11252 29 29 5
11253 35 35 5
11254 33 33 7
11255 33 32 8
11256 28 28 6
11257 40 40 10
11258 24 24 4
11259 32 31 7
11260 47 46 8
11261 28 27 7
11262 35 34 6
11263 30 30 8
11264 30 29 7
11265 25 25 5
11266 43 43 11
11267 35 35 7
11268 41 41 9
11269 45 44 12
11270 34 34 8
11271 28 27 7
11272 27 26 6
11273 24 23 5
11274 31 31 7
11275 43 42 8
11276 26 26 6
11277 28 27 7
11278 33 32 6
11279 22 22 6
11280 28 27 5
11281 23 23 5
11282 33 33 5
11283 35 35 7
11284 45 45 11
11285 21 21 5
11286 19 19 7
11287 35 34 10
11288 36 36 8
11289 22 21 9
11290 33 32 12
11291 28 28 8
11292 28 28 8
11293 20 20 8
11294 38 37 11
11295 27 27 7
11296 31 31 13
11297 31 31 7
11298 41 40 14
11299 28 27 5
11300 17 17 5
11301 25 25 9
11302 47 46 12
11303 16 15 5
11304 19 19 5
11305 33 33 9
11306 25 24 8
11307 26 26 6
11308 22 21 7
11309 25 24 6
11310 22 21 5
11311 17 17 5
11312 19 18 4
11313 28 27 9
11314 21 20 4
11315 26 25 7
11316 19 18 4
11317 22 21 7
11318 25 24 4
11319 22 21 7
11320 19 18 4
11321 22 21 5
11322 23 22 6
11323 28 28 6
11324 14 13 5
11325 19 18 4
11326 14 13 5
11327 21 20 6
11328 18 18 4
11329 24 23 5
11330 17 16 6
11331 28 28 6
11332 30 30 6
11333 24 24 6
11334 26 26 6
11335 28 27 7
11336 19 19 7
11337 25 25 9
11338 29 28 4
11339 20 19 5
11340 15 14 4
11341 26 25 5
11342 33 33 9
11343 29 29 7
11344 27 26 8
11345 26 26 8
11346 26 25 5
11347 21 21 7
11348 15 15 5
11349 21 21 5
11350 21 21 5
11351 23 22 6
11352 20 20 4
11353 18 17 7
11354 23 22 6
11355 18 18 4
11356 24 23 5
11357 31 30 4
11358 18 17 5
11359 29 28 6
11360 32 31 5
11361 27 26 6
11362 20 20 4
11363 38 37 5
11364 31 31 7
11365 19 19 5
11366 23 23 5
11367 17 17 5
11368 43 43 9
11369 23 23 9
11370 33 32 6
11371 22 21 5
11372 21 20 6
11373 22 22 6
11374 18 18 4
11375 30 29 7
11376 27 26 8
11377 26 26 8
11378 18 17 5
11379 27 26 4
11380 22 21 5
11381 41 41 11
11382 31 31 5
11383 29 28 6
11384 20 20 6
11385 28 28 6
11386 18 17 5
11387 25 24 6
11388 24 24 4
11389 20 19 5
11390 23 22 6
11391 22 22 6
11392 14 13 5
11393 17 16 6
11394 16 15 5
11395 13 13 5
11396 23 23 7
11397 19 18 6
11398 12 12 4
11399 18 17 5
11400 21 20 4
11401 20 19 5
11402 15 15 5
11403 17 16 6
11404 18 18 6
11405 10 9 5
11406 13 12 4
11407 20 19 5
11408 19 18 4
11409 24 23 7
11410 25 25 5
11411 9 9 5
11412 13 12 4
11413 16 15 7
11414 19 18 6
11415 12 11 5
11416 23 23 7
11417 9 8 4
11418 14 13 5
11419 13 13 7
11420 17 16 8
11421 18 18 4
11422 14 13 5
11423 13 12 4
11424 18 17 5
11425 25 24 6
11426 6 6 6
11427 17 16 4
11428 12 11 5
11429 21 20 6
11430 16 15 5
11431 13 12 6
11432 22 22 4
11433 20 19 5
11434 23 23 7
11435 17 16 6
11436 18 18 4
11437 16 15 5
11438 13 12 6
11439 14 14 6
11440 16 16 6
11441 16 15 5
11442 17 16 6
11443 16 16 6
11444 14 14 6
11445 18 18 6
11446 8 8 4
11447 26 25 5
11448 19 18 6
11449 10 10 4
11450 12 11 5
11451 37 37 7
11452 23 22 4
11453 38 37 5
11454 25 25 5
11455 17 16 4
11456 28 27 7
11457 17 16 6
11458 18 18 6
11459 18 18 4
11460 24 23 7
11461 25 24 6
11462 24 24 6
11463 18 18 4
11464 14 13 5
11465 15 14 4
11466 22 21 5
11467 21 20 4
11468 22 21 5
11469 23 23 5
11470 21 21 5
11471 17 17 5
11472 11 10 4
11473 16 15 5
11474 17 16 6
11475 10 10 4
11476 14 13 5
11477 9 9 5
11478 23 22 6
11479 20 19 5
11480 17 17 5
11481 13 12 4
11482 16 15 5
11483 21 20 6
11484 18 18 4
11485 14 13 5
11486 13 13 5
11487 15 14 4
11488 24 23 5
11489 17 16 4
11490 12 11 5
11491 13 13 5
11492 13 13 5
11493 21 20 4
11494 20 19 5
11495 25 25 5
11496 11 10 4
11497 12 11 5
11498 17 17 5
11499 11 11 5
11500 13 13 5
11501 13 12 4
11502 12 11 5
11503 11 10 4
11504 24 23 5
11505 19 18 6
11506 14 14 4
11507 12 11 5
11508 19 18 4
11509 16 15 5
11510 25 24 6
11511 18 17 5
11512 15 14 4
11513 36 35 5
11514 13 13 5
11515 11 10 6
11516 16 16 4
11517 14 13 7
11518 11 11 5
11519 19 19 5
11520 17 16 4
11521 18 17 5
11522 15 15 5
11523 17 16 4
11524 14 13 5
11525 21 20 6
11526 24 24 6
11527 26 26 6
11528 28 28 6
11529 14 14 6
11530 26 26 4
11531 16 15 5
11532 21 21 5
11533 23 23 5
11534 25 24 6
11535 18 18 6
11536 22 22 4
11537 20 19 7
11538 27 27 5
11539 41 40 6
11540 24 24 6
11541 20 20 4
11542 22 21 5
11543 35 35 7
11544 27 26 6
11545 30 30 6
11546 30 29 5
11547 29 29 5
11548 19 18 6
11549 26 26 6
11550 30 29 7
11551 47 47 7
11552 21 21 5
11553 13 13 5
11554 25 24 6
11555 18 17 5
11556 29 28 6
11557 26 26 6
11558 46 45 7
11559 25 24 6
11560 36 35 7
11561 33 33 9
11562 29 29 5
11563 27 27 5
11564 23 22 10
11565 26 26 6
11566 42 42 10
11567 24 24 6
11568 24 24 6
11569 28 28 6
11570 38 38 8
11571 28 28 10
11572 36 35 9
11573 27 26 6
11574 30 29 7
11575 41 40 10
11576 30 29 5
11577 33 32 10
11578 22 22 4
11579 36 35 5
11580 35 35 7
11581 55 55 15
11582 25 24 4
11583 42 41 13
11584 33 32 6
11585 32 31 7
11586 33 32 10
11587 38 37 7
11588 33 32 12
11589 20 20 6
11590 20 19 5
11591 21 20 6
11592 26 26 8
11593 30 29 5
11594 37 36 6
11595 20 20 6
11596 52 51 11
11597 41 40 10
11598 22 22 8
11599 24 24 4
11600 18 17 5
11601 17 17 7
11602 19 19 5
11603 19 18 4
11604 22 21 5
11605 21 21 5
11606 17 17 5
11607 17 16 4
11608 18 17 5
11609 23 22 8
11610 20 20 6
11611 20 20 6
11612 16 16 4
11613 18 17 5
11614 15 14 4
11615 18 17 5
11616 17 16 4
11617 14 13 7
11618 27 26 4
11619 16 15 5
11620 11 11 5
11621 9 8 4
11622 14 13 5
11623 21 20 6
11624 16 16 4
11625 14 13 5
11626 17 17 5
11627 9 9 5
11628 19 18 4
11629 22 21 7
11630 15 14 6
11631 14 14 4
11632 16 15 5
11633 9 8 4
11634 10 9 5
11635 17 16 6
11636 16 15 5
11637 19 19 5
11638 21 20 6
11639 20 20 6
11640 16 15 7
11641 23 22 4
11642 14 13 5
11643 13 12 6
11644 12 12 6
11645 16 15 5
11646 11 11 5
11647 19 19 5
11648 13 12 4
11649 12 11 5
11650 13 13 5
11651 17 17 5
11652 17 16 6
11653 14 14 4
11654 22 21 5
11655 27 27 5
11656 9 9 5
11657 17 16 6
11658 22 21 7
11659 11 10 6
11660 16 15 5
11661 23 23 5
11662 13 12 4
11663 14 13 5
11664 25 24 6
11665 8 8 4
11666 14 13 5
11667 13 13 5
11668 11 10 4
11669 18 17 5
11670 17 17 5
11671 13 12 4
11672 14 13 5
11673 17 16 6
11674 20 20 6
11675 22 22 4
11676 16 15 5
11677 13 12 6
11678 22 21 5
11679 13 13 7
11680 9 8 4
11681 30 29 5
11682 31 30 8
11683 22 22 6
11684 32 32 6
11685 18 18 4
11686 22 21 5
11687 15 15 5
11688 11 10 4
11689 16 15 5
11690 23 22 6
11691 30 29 7
11692 25 24 8
11693 22 22 4
11694 24 23 5
11695 25 25 7
11696 21 20 6
11697 16 15 5
11698 29 28 6
11699 24 24 6
11700 12 12 6
11701 20 20 8
11702 12 12 4
11703 20 19 5
11704 25 25 5
11705 17 17 5
11706 31 30 6
11707 12 12 4
11708 24 23 5
11709 21 21 5
11710 19 19 5
11711 21 20 6
11712 14 14 4
11713 16 15 7
11714 17 16 4
11715 18 17 5
11716 27 26 6
11717 14 13 5
11718 27 26 6
11719 18 18 6
11720 12 11 5
11721 17 16 4
11722 12 11 5
11723 11 10 4
11724 18 17 7
11725 13 13 5
11726 19 18 6
11727 20 20 4
11728 14 13 5
11729 19 18 6
11730 14 13 5
11731 17 16 6
11732 16 16 6
11733 14 14 4
11734 16 15 5
11735 11 10 6
11736 10 10 6
11737 12 12 6
11738 14 14 6
11739 6 5 4
11740 14 13 5
11741 21 20 4
11742 18 17 9
11743 15 14 4
11744 18 17 5
11745 15 15 5
11746 15 14 4
11747 12 11 5
11748 11 11 5
11749 9 8 4
11750 12 11 5
11751 11 11 5
11752 17 16 6
11753 12 11 5
11754 15 15 5
11755 15 14 4
11756 18 17 7
11757 11 10 4
11758 16 15 7
11759 17 16 6
11760 14 13 5
11761 7 7 7
11762 16 16 4
11763 12 11 5
11764 15 14 4
11765 10 9 5
11766 11 10 4
11767 12 11 5
11768 17 17 7
11769 15 14 4
11770 18 17 7
11771 7 6 5
11772 11 10 6
11773 10 9 5
11774 23 22 6
11775 18 17 5
11776 15 15 5
11777 11 10 4
11778 16 15 5
11779 17 17 5
11780 23 23 5
11781 21 21 5
11782 17 17 5
11783 17 17 5
11784 17 16 4
11785 14 13 5
11786 9 9 5
11787 9 8 4
11788 16 15 5
11789 13 12 6
11790 16 16 6
11791 14 14 6
11792 18 18 6
11793 16 16 8
11794 10 10 4
11795 16 15 5
11796 17 17 7
11797 19 18 6
11798 16 16 6
11799 16 15 5
11800 23 23 7
11801 11 10 4
11802 20 19 5
11803 31 30 8
11804 26 26 8
11805 30 30 6
11806 34 34 6
11807 10 9 5
11808 35 35 9
11809 17 16 6
11810 16 16 4
11811 26 25 5
11812 17 16 6
11813 18 17 5
11814 27 26 6
11815 18 18 6
11816 28 28 6
11817 18 18 6
11818 34 34 6
11819 26 26 4
11820 24 23 5
11821 19 19 5
11822 21 21 5
11823 17 16 6
11824 20 20 4
11825 16 15 5
11826 9 8 4
11827 22 21 5
11828 17 17 5
11829 29 29 7
11830 15 14 4
11831 18 17 5
11832 23 22 4
11833 16 15 7
11834 27 26 6
11835 16 15 5
11836 17 16 4
11837 18 17 5
11838 17 17 5
11839 29 29 9
11840 21 20 6
11841 18 18 6
11842 18 18 6
11843 16 16 4
11844 26 25 5
11845 27 26 6
11846 28 27 7
11847 31 30 6
11848 30 30 6
11849 16 15 5
11850 25 24 4
11851 28 27 5
11852 23 23 7
11853 11 11 5
11854 27 26 6
11855 24 23 5
11856 19 19 5
11857 29 28 4
11858 22 21 5
11859 19 19 5
11860 23 22 6
11861 16 15 5
11862 37 36 6
11863 20 19 5
11864 21 20 6
11865 26 25 5
11866 17 17 5
11867 19 19 7
11868 27 26 8
11869 26 25 7
11870 19 18 6
11871 12 12 6
11872 20 19 7
11873 15 15 5
11874 23 22 6
11875 16 16 4
11876 20 19 5
11877 23 23 5
11878 19 19 5
11879 11 11 5
11880 29 29 5
11881 19 19 5
11882 27 27 7
11883 15 15 5
11884 23 23 5
11885 15 15 5
11886 17 17 5
11887 21 20 4
11888 18 17 5
11889 17 17 5
11890 21 20 6
11891 18 18 4
11892 18 17 5
11893 17 17 5
11894 21 20 6
11895 24 24 6
11896 12 12 4
11897 18 17 5
11898 25 24 4
11899 12 11 5
11900 15 15 5
11901 15 14 4
11902 12 11 5
11903 11 11 5
11904 23 22 6
11905 16 15 5
11906 17 17 5
11907 19 19 5
11908 17 16 6
11909 14 14 6
11910 14 13 5
11911 21 20 4
11912 16 15 5
11913 13 12 4
11914 20 19 5
11915 21 20 6
11916 18 18 6
11917 18 17 5
11918 19 18 4
11919 14 13 5
11920 13 13 5
11921 9 9 5
11922 15 14 6
11923 10 10 4
11924 16 15 5
11925 21 20 6
11926 12 12 6
11927 6 6 6
11928 11 11 5
11929 11 11 5
11930 9 8 4
11931 12 11 5
11932 11 10 6
11933 16 16 6
11934 12 12 6
11935 8 8 4
11936 10 9 5
11937 7 6 5
11938 11 10 6
11939 10 10 4
11940 14 13 5
11941 17 16 4
11942 18 17 5
11943 17 16 6
11944 14 14 4
11945 10 9 5
11946 9 9 5
11947 5 5 5
11948 12 11 5
11949 13 13 7
11950 17 16 6
11951 18 17 7
11952 23 22 6
11953 12 11 5
11954 13 12 4
11955 12 11 5
11956 13 13 5
11957 19 18 8
11958 24 24 8
11959 18 18 6
11960 12 12 4
11961 12 11 5
11962 11 11 5
11963 19 18 4
11964 18 17 5
11965 13 13 5
11966 19 18 6
11967 12 12 6
11968 16 15 5
11969 21 21 5
11970 27 27 5
11971 15 14 6
11972 14 14 4
11973 16 15 5
11974 11 11 7
11975 17 16 4
11976 12 11 5
11977 11 10 4
11978 14 13 5
11979 11 10 6
11980 10 9 5
11981 15 15 5
11982 15 14 4
11983 18 17 7
11984 11 10 4
11985 12 11 5
11986 17 17 5
11987 7 6 5
11988 15 15 5
11989 13 12 4
11990 6 5 4
11991 14 13 5
11992 15 15 5
11993 23 22 6
11994 16 16 4
11995 10 9 5
11996 9 8 4
11997 18 17 7
11998 9 8 4
11999 14 13 5
12000 17 16 6
12001 6 6 6
12002 9 8 4
12003 10 9 5
12004 11 10 4
12005 18 17 5
12006 11 10 6
12007 12 12 6
12008 14 14 4
12009 16 15 5
12010 23 22 6
12011 14 14 4
12012 18 17 5
12013 17 17 5
12014 17 16 4
12015 12 11 5
12016 13 12 6
12017 12 12 6
12018 12 12 4
12019 22 21 7
12020 17 16 6
12021 10 10 4
12022 12 11 7
12023 9 8 4
12024 12 11 5
12025 9 8 4
12026 22 21 5
12027 11 11 5
12028 15 14 6
12029 6 6 6
12030 9 8 4
12031 8 7 6
12032 12 12 4
12033 10 9 5
12034 15 15 7
12035 11 11 7
12036 13 12 6
12037 20 19 5
12038 15 14 4
12039 30 29 7
12040 19 18 6
12041 14 14 4
12042 12 11 5
12043 15 15 5
12044 13 12 6
12045 8 8 4
12046 14 13 5
12047 13 13 5
12048 11 10 4
12049 18 17 7
12050 13 13 5
12051 9 9 5
12052 9 8 4
12053 14 13 5
12054 15 14 4
12055 12 11 7
12056 21 20 8
12057 8 8 8
12058 19 18 6
12059 20 20 6
12060 10 9 5
12061 7 6 5
12062 13 12 4
12063 18 17 7
12064 5 5 5
12065 16 15 5
12066 15 14 4
12067 12 11 5
12068 11 11 5
12069 9 8 4
12070 10 9 5
12071 13 13 5
12072 9 9 5
12073 13 12 6
12074 8 8 4
12075 20 19 9
12076 15 14 6
12077 26 25 5
12078 15 14 4
12079 16 15 5
12080 19 18 6
12081 12 12 4
12082 16 15 5
12083 11 11 5
12084 11 10 4
12085 10 9 5
12086 15 15 5
12087 11 10 6
12088 8 8 4
12089 16 15 5
12090 13 12 6
12091 22 22 6
12092 14 14 4
12093 20 19 7
12094 19 18 4
12095 18 17 5
12096 21 20 4
12097 12 11 5
12098 17 16 6
12099 20 19 7
12100 13 12 4
12101 12 11 5
12102 13 12 4
12103 16 15 7
12104 13 12 4
12105 12 11 5
12106 19 19 7
12107 19 18 6
12108 20 19 5
12109 15 15 5
12110 7 6 5
12111 15 14 6
12112 12 11 5
12113 19 18 4
12114 20 19 7
12115 19 18 4
12116 18 17 5
12117 15 15 5
12118 15 15 5
12119 19 18 6
12120 10 10 4
12121 10 9 5
12122 19 18 4
12123 12 11 5
12124 11 11 5
12125 11 10 6
12126 6 6 6
12127 19 18 6
12128 16 15 5
12129 17 17 5
12130 13 13 5
12131 7 6 5
12132 11 10 4
12133 14 13 5
12134 13 13 7
12135 11 11 5
12136 15 14 6
12137 12 12 6
12138 18 18 6
12139 12 11 5
12140 15 15 5
12141 7 6 5
12142 7 6 5
12143 15 15 5
12144 7 6 5
12145 13 13 5
12146 11 10 4
12147 16 15 5
12148 17 16 6
12149 14 13 5
12150 13 13 5
12151 15 14 4
12152 18 17 7
12153 11 10 4
12154 24 23 5
12155 15 15 7
12156 13 13 5
12157 5 5 5
12158 14 13 5
12159 11 11 5
12160 9 9 5
12161 25 25 5
12162 13 12 4
12163 18 17 7
12164 9 8 4
12165 16 15 5
12166 19 19 7
12167 13 12 4
12168 18 17 5
12169 25 24 6
12170 16 15 5
12171 13 12 4
12172 14 13 5
12173 15 14 6
12174 10 10 6
12175 14 14 4
12176 16 15 5
12177 15 15 5
12178 17 16 4
12179 10 9 5
12180 15 14 6
12181 12 12 6
12182 12 11 5
12183 17 16 6
12184 12 12 6
12185 18 17 5
12186 13 12 6
12187 10 10 4
12188 12 11 5
12189 15 14 4
12190 10 9 5
12191 15 15 7
12192 21 20 6
12193 14 14 4
12194 16 15 5
12195 9 8 4
12196 12 11 5
12197 7 7 7
12198 14 13 5
12199 13 13 7
12200 9 8 4
12201 12 11 5
12202 13 12 6
12203 14 14 4
12204 20 19 5
12205 17 16 6
12206 8 7 6
12207 20 20 8
12208 10 10 4
12209 26 25 7
12210 17 16 8
12211 10 10 4
12212 6 5 4
12213 14 13 5
12214 17 17 7
12215 15 14 4
12216 12 11 5
12217 17 17 5
12218 13 12 4
12219 24 23 7
12220 19 18 4
12221 14 13 5
12222 13 12 6
12223 14 13 5
12224 17 16 6
12225 12 12 6
12226 10 9 5
12227 9 8 4
12228 26 25 5
12229 13 12 6
12230 20 20 4
12231 16 15 5
12232 15 15 5
12233 7 7 7
12234 16 16 4
12235 12 11 5
12236 13 12 8
12237 12 12 4
12238 10 9 5
12239 15 14 4
12240 14 13 5
12241 9 9 5
12242 15 14 8
12243 6 6 6
12244 11 10 6
12245 22 22 4
12246 16 15 5
12247 13 12 4
12248 14 13 5
12249 7 6 5
12250 7 6 5
12251 13 13 7
12252 15 14 6
12253 12 11 5
12254 15 14 6
12255 18 17 5
12256 17 16 6
12257 6 6 6
12258 11 10 6
12259 12 12 4
12260 14 13 5
12261 15 15 7
12262 7 6 5
12263 17 16 4
12264 22 21 5
12265 25 24 6
12266 14 14 6
12267 14 14 4
12268 10 9 5
12269 9 8 4
12270 18 17 5
12271 9 9 5
12272 15 14 6
12273 12 12 6
12274 14 14 4
12275 10 9 5
12276 15 14 6
12277 16 16 6
12278 14 14 4
12279 14 13 5
12280 9 9 5
12281 11 10 4
12282 10 9 5
12283 11 10 6
12284 14 13 5
12285 13 13 5
12286 13 13 5
12287 11 10 4
12288 14 13 5
12289 15 15 5
12290 13 13 5
12291 15 14 6
12292 18 18 4
12293 16 15 5
12294 9 9 5
12295 15 14 4
12296 20 19 5
12297 13 12 6
12298 12 11 5
12299 11 11 5
12300 19 19 7
12301 11 10 4
12302 10 9 5
12303 13 12 6
12304 6 6 6
12305 13 12 6
12306 8 8 4
12307 18 17 7
12308 15 14 6
12309 6 6 6
12310 9 8 4
12311 14 13 5
12312 9 8 4
12313 10 9 5
12314 9 9 5
12315 13 13 5
12316 23 22 6
12317 14 14 4
12318 22 21 5
12319 9 9 5
12320 15 14 4
12321 24 23 5
12322 11 11 5
12323 9 8 4
12324 12 11 5
12325 17 17 5
12326 17 16 4
12327 14 13 5
12328 9 8 4
12329 14 13 5
12330 11 11 5
12331 5 5 5
12332 14 13 5
12333 13 13 5
12334 9 9 5
12335 17 16 4
12336 12 11 5
12337 11 11 5
12338 15 14 4
12339 12 11 5
12340 13 12 6
12341 14 14 4
12342 12 11 5
12343 11 10 6
12344 14 14 6
12345 18 18 6
12346 14 14 6
12347 12 12 6
12348 12 12 4
12349 14 13 5
12350 11 10 4
12351 8 7 6
12352 18 18 6
12353 14 13 5
12354 17 16 6
12355 16 16 8
12356 16 16 6
12357 14 14 6
12358 12 12 4
12359 12 11 5
12360 15 15 5
12361 17 17 5
12362 13 13 5
12363 13 13 5
12364 9 8 4
12365 20 19 7
12366 11 10 6
12367 10 10 6
12368 14 13 5
12369 11 10 4
12370 6 5 4
12371 18 17 5
12372 13 12 6
12373 16 16 4
12374 10 9 5
12375 9 8 4
12376 16 15 5
12377 13 13 5
12378 9 8 4
12379 12 11 5
12380 15 14 6
12381 14 13 7
12382 11 10 6
12383 10 10 4
12384 12 11 5
12385 13 12 4
12386 14 13 5
12387 19 18 6
12388 20 19 7
12389 13 13 5
12390 15 14 6
12391 20 20 6
12392 28 27 7
12393 13 13 5
12394 9 8 4
12395 10 9 5
12396 19 18 6
12397 14 14 6
12398 10 10 6
12399 6 6 6
12400 13 13 5
12401 13 12 6
12402 6 6 6
12403 21 21 9
12404 17 16 4
12405 14 13 5
12406 19 19 5
12407 9 8 4
12408 22 21 5
12409 11 11 5
12410 11 10 4
12411 16 15 7
12412 15 14 6
12413 14 13 5
12414 11 11 5
12415 13 12 4
12416 24 23 5
12417 19 18 6
12418 10 10 4
12419 10 9 5
12420 11 10 4
12421 18 17 5
12422 15 14 4
12423 14 13 5
12424 9 9 5
12425 13 12 6
12426 6 6 6
12427 15 14 6
12428 12 12 6
12429 10 10 4
12430 12 11 5
12431 15 15 5
12432 13 12 4
12433 14 13 5
12434 11 10 4
12435 10 9 5
12436 7 6 5
12437 11 11 5
12438 13 13 5
12439 17 17 5
12440 9 9 5
12441 15 14 6
12442 14 14 6
12443 8 8 4
12444 12 11 5
12445 5 5 5
12446 8 7 6
12447 12 11 5
12448 15 14 4
12449 18 17 7
12450 15 14 6
12451 14 13 5
12452 13 13 5
12453 15 14 4
12454 16 15 7
12455 13 12 4
12456 14 13 5
12457 9 8 4
12458 10 9 5
12459 17 17 5
12460 11 11 7
12461 15 14 6
12462 6 6 6
12463 13 13 5
12464 11 11 5
12465 17 16 6
12466 10 10 4
12467 10 9 5
12468 19 18 6
12469 12 12 6
12470 20 20 6
12471 8 8 4
12472 12 11 5
12473 13 12 6
12474 18 17 5
12475 15 14 6
12476 8 8 8
12477 17 16 6
12478 16 16 6
12479 22 22 6
12480 6 6 6
12481 11 10 6
12482 10 10 6
12483 18 18 6
12484 14 13 5
12485 19 18 6
12486 16 16 6
12487 16 16 4
12488 12 11 5
12489 19 18 4
12490 14 13 5
12491 17 16 6
12492 8 8 4
12493 8 7 6
12494 14 14 6
12495 10 10 4
12496 16 15 5
12497 13 13 5
12498 9 8 4
12499 18 17 7
12500 13 12 6
12501 10 10 4
12502 14 13 5
12503 13 12 4
12504 12 11 5
12505 11 10 6
12506 8 8 4
12507 10 9 5
12508 15 14 6
12509 10 10 4
12510 12 11 5
12511 7 6 5
12512 17 16 6
12513 14 14 4
12514 10 9 5
12515 11 10 6
12516 18 17 7
12517 9 8 4
12518 16 15 5
12519 11 10 4
12520 22 21 7
12521 9 8 4
12522 14 13 5
12523 9 8 4
12524 8 7 6
12525 10 10 6
12526 10 10 6
12527 12 12 4
12528 12 11 5
12529 9 8 7
12530 11 10 4
12531 12 11 5
12532 17 16 4
12533 12 11 5
12534 17 16 8
12535 12 12 4
12536 14 13 5
12537 11 11 5
12538 15 14 4
12539 14 13 5
12540 11 10 4
12541 6 5 4
12542 6 5 4
12543 14 13 5
12544 9 8 4
12545 6 5 4
12546 14 13 7
12547 9 9 5
12548 9 9 5
12549 11 10 4
12550 18 17 5
12551 13 12 4
12552 10 9 5
12553 11 11 5
12554 17 16 6
12555 10 9 5
12556 7 6 5
12557 13 13 5
12558 7 7 7
12559 12 12 4
12560 16 15 7
12561 17 17 5
12562 15 15 7
12563 13 12 4
12564 22 21 5
12565 13 12 4
12566 12 11 7
12567 19 18 4
12568 12 11 5
12569 15 14 6
12570 8 8 4
12571 16 15 5
12572 7 6 5
12573 17 17 5
12574 15 14 4
12575 14 13 5
12576 17 17 5
12577 11 10 4
12578 12 11 5
12579 15 14 6
12580 10 10 6
12581 10 10 4
12582 22 21 5
12583 13 12 4
12584 12 11 5
12585 15 15 5
12586 11 10 4
12587 14 13 5
12588 13 13 5
12589 9 8 4
12590 8 7 6
12591 14 13 5
12592 15 14 6
12593 6 6 6
12594 15 14 6
12595 14 13 5
12596 15 14 4
12597 24 23 5
12598 13 12 6
12599 12 11 5
12600 11 10 6
12601 8 8 4
12602 12 11 5
12603 17 17 7
12604 11 10 4
12605 12 11 5
12606 9 9 5
12607 13 12 6
12608 14 13 5
12609 15 14 4
12610 22 21 7
12611 23 23 7
12612 15 14 6
12613 14 13 5
12614 9 8 4
12615 14 13 7
12616 15 14 6
12617 14 13 5
12618 11 10 4
12619 18 17 7
12620 9 9 5
12621 17 16 6
12622 12 12 6
12623 16 15 5
12624 17 16 4
12625 16 15 5
12626 13 12 6
12627 10 10 6
12628 12 12 6
12629 18 17 5
12630 13 12 4
12631 14 13 5
12632 13 13 7
12633 21 20 6
12634 16 16 4
12635 12 11 5
12636 11 10 4
12637 10 9 5
12638 11 10 6
12639 10 10 6
12640 12 12 6
12641 14 13 5
12642 9 8 4
12643 10 9 5
12644 17 17 5
12645 19 18 6
12646 18 18 6
12647 14 14 6
12648 12 11 5
12649 7 6 5
12650 13 12 4
12651 10 9 5
12652 11 11 5
12653 21 21 5
12654 11 11 5
12655 13 13 5
12656 11 10 4
12657 12 11 5
12658 9 8 4
12659 6 5 4
12660 12 11 5
12661 19 18 6
12662 6 6 6
12663 15 15 7
12664 17 16 6
12665 14 14 4
12666 12 11 5
12667 7 6 5
12668 13 12 6
12669 16 16 6
12670 12 12 6
12671 14 14 6
12672 10 10 4
12673 14 13 5
12674 17 16 6
12675 10 10 4
12676 14 13 5
12677 15 15 5
12678 11 11 5
12679 13 13 5
12680 21 20 6
12681 22 22 6
12682 12 11 5
12683 9 8 4
12684 12 11 5
12685 11 10 4
12686 12 11 5
12687 7 6 5
12688 9 8 4
12689 16 15 7
12690 15 15 5
12691 21 21 5
12692 11 11 5
12693 11 11 5
12694 11 11 5
12695 17 16 4
12696 14 13 5
12697 15 15 7
12698 11 10 4
12699 18 17 5
12700 9 9 5
12701 11 10 6
12702 18 18 6
12703 8 8 4
12704 14 13 5
12705 9 8 4
12706 16 15 5
12707 9 9 5
12708 9 9 5
12709 7 6 5
12710 7 6 5
12711 25 25 5
12712 21 20 6
12713 12 12 6
12714 20 20 4
12715 14 13 5
12716 21 20 6
12717 14 13 5
12718 13 12 6
12719 6 6 6
12720 7 6 5
12721 19 18 4
12722 8 7 6
12723 8 8 4
12724 16 15 5
12725 13 13 5
12726 15 14 6
12727 10 9 5
12728 9 8 4
12729 16 15 7
12730 9 9 5
12731 9 8 4
12732 18 17 7
12733 21 20 8
12734 16 16 4
12735 14 13 5
12736 9 9 5
12737 11 10 4
12738 14 13 5
12739 13 13 5
12740 11 11 5
12741 15 14 6
12742 10 9 8
12743 10 10 4
12744 6 5 4
12745 12 11 5
12746 9 9 5
12747 7 6 5
12748 15 15 5
12749 17 17 7
12750 11 10 4
12751 12 11 5
12752 7 6 5
12753 11 10 6
12754 14 13 5
12755 15 14 6
12756 20 20 8
12757 16 15 5
12758 11 10 4
12759 14 13 7
12760 7 6 5
12761 15 14 6
12762 16 16 4
12763 14 13 5
12764 15 15 7
12765 7 6 5
12766 9 9 5
12767 9 8 4
12768 18 17 5
12769 15 14 6
12770 10 10 6
12771 12 11 5
12772 25 24 6
12773 10 10 4
12774 6 5 4
12775 10 9 5
12776 9 8 4
12777 10 9 5
12778 11 11 5
12779 17 16 6
12780 10 10 6
12781 14 14 4
12782 18 17 5
12783 17 16 6
12784 6 6 6
12785 13 12 6
12786 10 9 5
12787 11 10 4
12788 10 9 5
12789 11 10 6
12790 16 15 5
12791 19 19 5
12792 19 18 6
12793 6 6 6
12794 9 8 4
12795 12 11 5
12796 11 10 4
12797 10 9 5
12798 19 18 6
12799 12 12 4
12800 12 11 5
12801 11 11 5
12802 13 12 6
12803 14 13 5
12804 15 14 6
12805 10 10 4
12806 10 9 5
12807 15 14 4
12808 10 9 5
12809 11 10 6
12810 12 11 5
12811 11 11 5
12812 13 12 6
12813 10 10 4
12814 12 11 5
12815 9 9 5
12816 11 10 6
12817 18 17 5
12818 9 8 4
12819 14 13 5
12820 11 11 5
12821 15 14 8
12822 12 12 4
12823 18 17 5
12824 21 20 4
12825 10 9 5
12826 13 12 6
12827 16 16 6
12828 12 11 5
12829 11 10 4
12830 10 9 5
12831 13 13 7
12832 11 10 4
12833 16 15 7
12834 9 8 4
12835 10 9 5
12836 9 9 5
12837 21 21 5
12838 9 9 5
12839 23 22 4
12840 10 9 5
12841 13 12 6
12842 12 12 4
12843 6 5 4
12844 8 7 6
12845 8 8 4
12846 18 17 5
12847 15 15 5
12848 11 11 5
12849 15 14 6
12850 14 14 6
12851 16 16 6
12852 8 8 4
12853 10 9 5
12854 15 14 4
12855 8 7 6
12856 12 12 6
12857 16 15 5
12858 17 16 6
12859 8 8 4
12860 10 9 5
12861 17 16 6
12862 18 18 6
12863 12 11 5
12864 21 20 4
12865 20 19 5
12866 17 17 5
12867 9 8 4
12868 18 17 7
12869 11 10 6
12870 8 8 4
12871 12 11 5
12872 19 18 6
12873 16 16 6
12874 12 12 4
12875 20 19 7
12876 15 15 5
12877 11 11 5
12878 9 8 4
12879 16 15 5
12880 15 14 6
12881 16 16 6
12882 12 11 5
12883 7 7 7
12884 10 10 6
12885 10 10 4
12886 10 9 5
12887 13 13 7
12888 13 12 6
12889 10 10 4
12890 12 11 5
12891 15 14 4
12892 10 9 5
12893 11 11 5
12894 11 11 5
12895 13 12 6
12896 16 16 6
12897 12 12 6
12898 14 14 4
12899 16 15 5
12900 13 13 5
12901 21 20 6
12902 12 12 6
12903 10 9 5
12904 9 9 5
12905 5 5 5
12906 12 11 5
12907 15 14 4
12908 16 15 7
12909 11 10 4
12910 14 13 7
12911 17 16 4
12912 10 9 5
12913 9 8 4
12914 10 9 5
12915 11 10 6
12916 10 10 4
12917 22 21 5
12918 17 16 4
12919 14 13 5
12920 5 5 5
12921 18 17 7
12922 17 16 4
12923 22 21 5
12924 13 13 5
12925 17 16 6
12926 6 5 4
12927 14 13 5
12928 13 12 6
12929 14 14 6
12930 16 16 6
12931 6 6 6
12932 15 14 6
12933 14 13 5
12934 15 15 5
12935 15 14 6
12936 14 14 6
12937 10 10 4
12938 12 11 5
12939 9 8 7
12940 17 16 6
12941 12 12 4
12942 22 21 7
12943 13 12 6
12944 14 14 4
12945 14 13 5
12946 9 9 5
12947 15 14 4
12948 18 17 5
12949 19 19 7
12950 11 11 5
12951 9 8 4
12952 12 11 5
12953 13 12 6
12954 12 12 6
12955 10 10 6
12956 12 12 6
12957 12 12 6
12958 12 11 5
12959 13 12 6
12960 20 20 6
12961 10 10 4
12962 12 11 5
12963 15 15 5
12964 9 9 5
12965 7 6 5
12966 15 15 7
12967 15 14 4
12968 10 9 5
12969 13 13 5
12970 19 18 4
12971 18 17 7
12972 15 15 5
12973 9 9 5
12974 17 16 4
12975 10 9 5
12976 17 17 5
12977 11 11 5
12978 11 10 4
12979 12 11 5
12980 15 14 4
12981 14 13 5
12982 13 12 6
12983 10 10 6
12984 12 12 6
12985 8 8 4
12986 12 11 5
12987 13 13 5
12988 9 9 5
12989 11 10 6
12990 16 15 5
12991 17 16 4
12992 18 17 5
12993 21 21 5
12994 7 7 7
12995 12 12 6
12996 8 8 4
12997 6 5 4
12998 12 11 5
12999 9 9 5
13000 11 11 7
13001 9 8 4
13002 20 19 5
13003 13 12 6
13004 14 14 6
13005 14 13 5
13006 15 14 6
13007 14 13 5
13008 11 10 4
13009 26 25 5
13010 15 15 5
13011 11 10 4
13012 16 15 5
13013 17 16 6
13014 16 15 5
13015 9 9 5
13016 15 14 4
13017 10 9 5
13018 13 13 5
13019 13 13 5
13020 13 12 6
13021 14 14 6
13022 10 9 5
13023 17 17 5
13024 17 17 7
13025 11 10 4
13026 10 9 8
13027 8 8 4
13028 12 11 5
13029 15 15 5
13030 7 6 5
13031 9 8 4
13032 18 17 7
13033 9 9 5
13034 15 14 6
13035 12 12 4
13036 10 9 5
13037 11 10 4
13038 18 17 7
13039 15 14 4
13040 16 15 5
13041 13 13 5
13042 15 14 4
13043 14 13 7
13044 17 16 4
13045 10 9 5
13046 9 8 4
13047 14 13 5
13048 11 10 4
13049 10 9 5
13050 15 15 7
13051 15 14 4
13052 10 9 5
13053 11 10 4
13054 12 11 7
13055 21 21 5
13056 11 11 5
13057 11 10 4
13058 18 17 5
13059 17 16 6
13060 14 14 4
13061 14 13 5
13062 13 13 5
13063 19 18 6
13064 12 12 4
13065 12 11 5
13066 11 10 6
13067 16 16 4
13068 16 15 5
13069 9 8 4
13070 10 9 5
13071 17 17 5
13072 15 15 5
13073 9 9 5
13074 15 15 5
13075 21 20 6
13076 12 12 4
13077 22 21 5
13078 19 18 6
13079 20 20 6
13080 22 21 5
13081 15 14 4
13082 24 23 5
13083 19 18 6
13084 14 13 5
13085 15 14 4
13086 28 27 7
13087 9 8 4
13088 22 21 5
13089 15 14 6
13090 16 16 4
13091 14 13 5
13092 37 36 6
13093 18 18 6
13094 20 20 6
13095 12 11 5
13096 17 16 6
13097 14 14 6
13098 12 12 4
13099 20 19 5
13100 17 16 6
13101 14 13 5
13102 15 14 4
13103 20 19 5
13104 17 16 6
13105 12 12 4
13106 12 11 5
13107 19 18 6
13108 18 18 4
13109 28 27 7
13110 35 35 5
13111 13 12 6
13112 26 26 4
13113 16 15 5
13114 25 24 6
13115 26 26 6
13116 18 18 6
13117 10 10 4
13118 12 11 5
13119 25 24 4
13120 12 11 5
13121 17 17 7
13122 13 12 4
13123 14 13 5
13124 19 18 6
13125 18 18 6
13126 12 12 4
13127 16 15 5
13128 17 16 8
13129 20 19 5
13130 19 19 5
13131 19 18 6
13132 26 26 6
13133 22 22 4
13134 18 17 5
13135 19 19 7
13136 21 20 6
13137 28 28 6
13138 24 24 6
13139 22 21 5
13140 31 30 8
13141 22 21 5
13142 17 17 5
13143 19 19 5
13144 15 14 6
13145 12 12 4
13146 26 25 7
13147 33 32 10
13148 26 25 5
13149 39 38 6
13150 26 25 5
13151 19 19 5
13152 25 24 8
13153 42 42 4
13154 32 31 5
13155 47 47 9
13156 23 22 6
13157 30 30 8
13158 40 40 6
13159 26 25 7
13160 29 29 5
13161 35 34 6
13162 26 25 7
13163 47 47 9
13164 31 31 5
13165 41 40 8
13166 24 24 4
13167 22 21 5
13168 29 28 4
13169 28 27 7
13170 17 16 4
13171 38 37 5
13172 51 51 9
13173 23 23 7
13174 37 37 9
13175 25 25 9
13176 35 34 8
13177 28 27 5
13178 33 33 11
13179 67 67 17
13180 31 30 6
13181 52 51 17
13182 33 33 9
13183 41 40 10
13184 52 51 15
13185 29 29 9
13186 23 22 6
13187 32 32 10
13188 38 38 10
13189 32 32 10
13190 32 32 8
13191 34 33 7
13192 33 33 11
13193 31 30 8
13194 48 47 9
13195 33 32 12
13196 56 56 8
13197 30 29 5
13198 39 39 13
13199 31 31 5
13200 43 43 13
13201 33 32 6
13202 40 40 8
13203 48 48 10
13204 30 29 7
13205 35 34 8
13206 30 29 5
13207 47 47 9
13208 33 32 6
13209 30 29 9
13210 27 26 6
13211 28 27 5
13212 25 24 6
13213 32 31 9
13214 33 32 6
13215 32 32 10
13216 14 14 4
13217 24 23 5
13218 33 33 7
13219 37 36 8
13220 16 16 4
13221 18 17 5
13222 33 32 6
13223 18 17 5
13224 21 20 6
13225 26 25 5
13226 23 23 5
13227 25 24 8
13228 14 14 6
13229 22 22 6
13230 26 26 4
13231 34 33 5
13232 27 27 7
13233 19 18 4
13234 26 25 5
13235 25 25 7
13236 35 34 4
13237 30 29 5
13238 17 17 5
13239 35 35 9
13240 33 32 8
13241 32 31 7
13242 37 37 9
13243 21 21 5
13244 33 33 5
13245 23 23 5
13246 29 28 4
13247 24 23 7
13248 25 25 7
13249 25 24 6
13250 22 22 6
13251 22 22 4
13252 22 21 5
13253 21 20 6
13254 22 21 5
13255 23 23 5
13256 25 24 6
13257 12 11 5
13258 29 28 6
13259 16 16 4
13260 18 17 5
13261 27 26 6
13262 26 26 4
13263 26 25 7
13264 15 14 6
13265 14 14 4
13266 16 15 5
13267 19 19 5
13268 19 18 6
13269 18 18 6
13270 20 20 6
13271 16 16 4
13272 14 13 5
13273 23 23 5
13274 13 12 4
13275 14 13 5
13276 23 23 7
13277 15 14 6
13278 14 14 4
13279 18 17 5
13280 15 14 4
13281 16 15 5
13282 21 21 7
13283 17 16 6
13284 26 25 5
13285 15 14 6
13286 12 12 4
13287 18 17 5
13288 19 18 6
13289 10 10 4
13290 14 13 5
13291 21 20 6
13292 20 19 5
13293 15 14 6
13294 10 10 4
13295 18 17 5
13296 19 19 5
13297 17 17 7
13298 11 10 4
13299 12 11 5
13300 21 21 5
13301 17 17 5
13302 11 11 5
13303 25 24 6
13304 16 16 4
13305 16 15 5
13306 15 15 5
13307 9 9 5
13308 15 14 4
13309 12 11 5
13310 13 13 5
13311 23 23 7
13312 15 14 4
13313 14 13 7
13314 19 18 4
13315 18 17 5
13316 17 16 4
13317 12 11 5
13318 11 10 6
13319 6 6 6
13320 11 11 5
13321 13 12 4
13322 12 11 5
13323 23 22 4
13324 22 21 5
13325 15 15 5
13326 11 11 5
13327 11 10 4
13328 12 11 5
13329 17 16 6
13330 26 26 6
13331 16 16 6
13332 22 21 7
13333 11 10 4
13334 12 11 5
13335 7 6 5
13336 11 10 6
13337 6 6 6
13338 17 17 7
13339 21 20 6
13340 6 6 6
13341 15 15 5
13342 15 14 6
13343 16 16 4
13344 18 17 7
13345 9 8 4
13346 10 9 5
13347 13 12 4
13348 6 5 4
13349 10 9 5
13350 13 13 5
13351 15 15 7
13352 15 14 6
13353 10 10 4
13354 20 19 7
13355 7 6 5
13356 11 10 4
13357 16 15 7
13358 11 11 5
13359 13 13 5
13360 17 17 5
13361 13 12 4
13362 20 19 5
13363 7 6 5
13364 13 12 6
13365 14 14 6
13366 16 16 6
13367 8 8 4
13368 14 13 5
13369 15 14 6
13370 14 14 6
13371 18 18 4
13372 10 9 5
13373 15 14 6
13374 10 9 5
13375 15 14 6
13376 14 14 4
13377 14 13 5
13378 15 14 6
13379 12 11 5
13380 9 8 4
13381 10 9 5
13382 19 18 6
13383 10 9 5
13384 19 18 8
13385 14 14 4
13386 14 13 7
13387 13 12 6
13388 14 14 6
13389 16 16 4
13390 14 13 7
13391 11 11 5
13392 15 15 5
13393 13 13 5
13394 13 13 5
13395 15 15 5
13396 13 12 4
13397 14 13 5
13398 15 14 6
13399 8 8 4
13400 20 19 5
13401 11 11 5
13402 19 18 6
13403 18 18 6
13404 18 18 6
13405 14 14 6
13406 14 14 6
13407 12 12 4
13408 14 13 5
13409 7 6 5
13410 15 14 6
13411 14 13 5
13412 9 9 5
13413 9 9 5
13414 7 7 7
13415 8 8 4
13416 10 9 5
13417 13 13 7
13418 11 10 4
13419 18 17 5
13420 11 11 5
13421 13 13 5
13422 13 12 6
13423 14 14 6
13424 12 12 4
13425 14 13 5
13426 7 6 5
13427 19 18 6
13428 18 17 5
13429 13 12 4
13430 22 21 5
13431 7 6 5
13432 17 16 4
13433 18 17 7
13434 15 14 8
13435 12 12 4
13436 16 15 5
13437 11 11 5
13438 13 12 6
13439 12 11 5
13440 11 11 5
13441 17 17 5
13442 17 17 5
13443 15 14 6
13444 12 12 4
13445 16 15 5
13446 9 9 5
13447 11 10 4
13448 14 13 5
13449 11 10 4
13450 16 15 5
13451 9 8 4
13452 12 11 5
13453 11 11 5
13454 11 11 5
13455 11 10 6
13456 8 8 4
13457 12 11 5
13458 13 13 5
13459 9 9 5
13460 11 11 5
13461 9 9 5
13462 21 21 5
13463 5 5 5
13464 14 13 5
13465 11 10 6
13466 14 14 4
13467 12 11 5
13468 15 14 6
13469 8 8 4
13470 22 21 7
13471 23 22 4
13472 12 11 5
13473 13 12 4
13474 12 11 7
13475 11 10 4
13476 10 9 5
13477 13 12 4
13478 14 13 7
13479 11 10 4
13480 16 15 5
13481 15 14 4
13482 14 13 5
13483 29 28 6
13484 16 16 6
13485 8 8 4
13486 12 11 5
13487 9 9 5
13488 17 16 8
13489 10 10 4
13490 14 13 5
13491 11 11 5
13492 13 12 4
13493 16 15 5
13494 15 14 8
13495 10 9 5
13496 13 12 4
13497 16 15 7
13498 13 12 4
13499 12 11 5
13500 17 16 6
13501 24 24 6
13502 10 10 6
13503 14 14 6
13504 24 24 6
13505 16 16 6
13506 14 14 4
13507 10 9 5
13508 19 18 6
13509 10 9 5
13510 17 16 6
13511 10 9 5
13512 17 16 6
13513 18 18 4
13514 24 23 5
13515 17 16 4
13516 14 13 5
13517 39 39 7
13518 15 14 4
13519 20 19 5
13520 29 28 6
13521 24 23 5
13522 21 21 5
13523 25 25 5
13524 27 27 5
13525 37 36 6
13526 18 18 6
13527 32 31 7
13528 29 28 8
13529 18 18 6
13530 16 16 6
13531 38 38 6
13532 24 23 9
13533 37 36 6
13534 32 31 7
13535 29 29 5
13536 17 16 6
13537 24 24 4
13538 20 19 7
13539 23 22 6
13540 30 30 6
13541 36 35 9
13542 39 38 10
13543 34 33 13
13544 27 26 8
13545 16 16 6
13546 20 19 5
13547 19 19 5
13548 21 21 5
13549 35 34 6
13550 24 23 5
13551 19 19 5
13552 23 23 7
13553 25 25 9
13554 17 17 5
13555 25 24 6
13556 42 42 12
13557 16 15 5
13558 21 20 4
13559 48 47 7
13560 17 16 4
13561 26 25 5
13562 13 13 5
13563 19 18 6
13564 14 13 5
13565 15 14 4
13566 14 13 5
13567 25 24 6
13568 22 22 4
13569 34 33 9
13570 15 14 6
13571 28 28 8
13572 14 14 4
13573 24 23 5
13574 29 28 6
13575 24 24 8
13576 16 16 6
13577 18 18 4
13578 24 23 7
13579 23 22 4
13580 38 37 11
13581 21 20 6
13582 22 22 4
13583 20 19 5
13584 33 32 8
13585 24 24 4
13586 18 17 5
13587 31 31 5
13588 17 17 5
13589 27 26 6
13590 36 36 8
13591 34 33 7
13592 25 25 5
13593 23 22 6
13594 48 47 11
13595 11 10 4
13596 26 25 7
13597 27 27 5
13598 27 27 9
13599 11 10 4
13600 30 29 5
13601 25 25 7
13602 19 18 6
13603 36 36 6
13604 20 20 6
13605 22 22 6
13606 22 21 5
13607 23 23 5
13608 39 38 6
13609 28 27 7
13610 19 19 7
13611 21 20 6
13612 24 24 4
13613 22 21 5
13614 17 17 5
13615 13 13 5
13616 27 26 6
13617 22 22 6
13618 26 26 6
13619 16 16 4
13620 16 15 5
13621 27 26 6
13622 16 16 4
13623 14 13 5
13624 13 12 4
13625 14 13 5
13626 27 26 6
13627 20 20 4
13628 12 11 5
13629 25 25 7
13630 19 19 5
13631 15 14 6
13632 20 20 4
13633 18 17 5
13634 23 22 8
13635 12 12 4
13636 32 31 7
13637 15 14 6
13638 16 16 6
13639 8 8 4
13640 18 17 5
13641 15 14 4
13642 16 15 5
13643 19 19 5
13644 9 8 4
13645 10 9 5
13646 21 20 6
13647 14 13 5
13648 19 19 5
13649 15 14 4
13650 16 15 7
13651 21 20 4
13652 12 11 5
13653 15 15 5
13654 11 10 4
13655 18 17 7
13656 13 12 6
13657 18 18 4
13658 24 23 5
13659 19 18 6
13660 16 15 5
13661 11 10 4
13662 22 21 5
13663 13 12 6
13664 18 18 6
13665 20 19 5
13666 11 10 4
13667 18 17 7
13668 11 11 5
13669 15 14 4
13670 16 15 5
13671 13 12 6
13672 10 9 5
13673 17 16 6
13674 10 9 5
13675 13 13 5
13676 13 12 6
13677 20 19 7
13678 13 12 4
13679 18 17 5
13680 5 5 5
13681 22 21 7
13682 25 25 5
13683 23 22 8
13684 30 30 6
13685 24 24 8
13686 14 14 4
13687 18 17 5
13688 15 15 5
13689 13 12 6
13690 18 18 4
13691 20 19 7
13692 17 16 4
13693 18 17 7
13694 23 22 6
13695 24 23 7
13696 13 12 6
13697 24 24 6
13698 10 10 4
13699 28 27 7
13700 13 12 4
13701 14 13 5
13702 19 18 4
13703 30 29 5
13704 9 9 5
13705 27 26 6
13706 18 17 5
13707 19 18 6
13708 24 24 6
13709 14 14 6
13710 16 16 4
13711 26 25 5
13712 21 21 5
13713 13 13 5
13714 11 11 5
13715 15 14 6
13716 20 19 5
13717 27 27 5
13718 23 22 4
13719 36 35 7
13720 23 22 4
13721 24 23 5
13722 13 12 4
13723 24 23 5
13724 29 28 8
13725 10 9 5
13726 27 26 6
13727 26 26 6
13728 26 26 6
13729 22 22 4
13730 14 13 5
13731 21 20 4
13732 26 25 7
13733 17 16 4
13734 16 15 5
13735 19 19 5
13736 23 22 8
13737 14 13 5
13738 17 16 4
13739 12 11 5
13740 19 18 4
13741 18 17 5
13742 13 13 5
13743 11 10 4
13744 18 17 5
13745 19 19 5
13746 13 13 5
13747 15 14 6
13748 10 10 4
13749 12 11 5
13750 13 12 4
13751 14 13 7
13752 15 15 5
13753 19 18 6
13754 14 14 6
13755 12 11 5
13756 21 21 5
13757 13 13 5
13758 13 13 7
13759 27 26 8
13760 18 17 5
13761 13 12 6
13762 10 9 5
13763 17 17 5
13764 11 11 5
13765 13 12 6
13766 22 21 5
13767 13 12 6
13768 8 8 4
13769 16 15 5
13770 15 14 6
13771 12 12 4
13772 16 15 7
13773 13 12 6
13774 18 18 6
13775 10 10 4
13776 14 13 5
13777 13 13 7
13778 13 13 5
13779 15 15 5
13780 17 16 6
13781 8 8 4
13782 18 17 5
13783 17 17 7
13784 15 15 5
13785 13 13 5
13786 19 18 8
13787 16 16 6
13788 16 16 4
13789 12 11 7
13790 23 22 6
13791 20 20 6
13792 8 8 4
13793 14 13 5
13794 19 19 5
13795 15 15 5
13796 17 16 6
13797 16 16 6
13798 12 11 5
13799 15 14 8
13800 18 18 6
13801 22 21 7
13802 11 10 4
13803 28 27 5
13804 19 19 5
13805 11 11 5
13806 21 21 7
13807 13 12 4
13808 18 17 5
13809 15 14 4
13810 16 15 7
13811 13 12 6
13812 14 14 4
13813 16 15 5
13814 11 11 5
13815 19 18 6
13816 14 13 5
13817 13 12 6
13818 16 16 4
13819 10 9 5
13820 17 16 4
13821 18 17 5
13822 19 19 5
13823 7 6 5
13824 15 14 4
13825 16 15 7
13826 13 12 4
13827 12 11 5
13828 7 6 5
13829 11 11 5
13830 11 11 5
13831 11 10 6
13832 10 10 6
13833 12 12 6
13834 8 8 4
13835 16 15 5
13836 7 6 5
13837 11 11 5
13838 11 11 5
13839 19 18 6
13840 14 14 6
13841 8 8 4
13842 14 13 5
13843 15 14 6
13844 16 15 5
13845 5 5 5
13846 16 15 5
13847 9 9 5
13848 11 10 6
13849 14 14 6
13850 8 8 4
13851 22 21 7
13852 11 11 7
13853 9 8 4
13854 10 9 5
13855 11 10 6
13856 10 9 5
13857 17 16 6
13858 18 18 6
13859 12 12 6
13860 18 18 4
13861 12 11 5
13862 9 9 5
13863 21 20 6
13864 10 10 4
13865 12 11 5
13866 23 22 4
13867 28 27 7
13868 15 14 6
13869 16 16 6
13870 24 24 4
13871 30 29 7
13872 19 19 5
13873 19 19 5
13874 15 15 5
13875 19 19 7
13876 19 18 4
13877 28 27 7
13878 25 24 4
13879 26 25 5
13880 35 35 7
13881 17 17 5
13882 21 21 5
13883 17 17 5
13884 25 24 8
13885 36 35 5
13886 25 25 5
13887 21 20 6
13888 16 16 4
13889 20 19 5
13890 37 37 7
13891 31 30 6
13892 28 28 6
13893 28 28 8
13894 26 25 7
13895 35 35 9
13896 33 32 6
13897 20 19 5
13898 41 40 10
13899 28 27 11
13900 25 24 6
13901 52 52 10
13902 40 40 6
13903 48 47 13
13904 39 39 7
13905 29 29 7
13906 43 42 14
13907 38 38 6
13908 18 17 7
13909 17 16 4
13910 46 45 15
13911 39 38 10
13912 34 33 11
13913 37 36 12
13914 20 19 5
13915 39 38 14
13916 36 35 9
13917 25 25 7
13918 33 32 8
13919 38 37 9
13920 19 19 5
13921 23 23 7
13922 25 24 6
13923 30 29 9
13924 25 24 8
13925 12 12 4
13926 16 15 5
13927 33 32 8
13928 30 30 12
13929 20 19 5
13930 19 19 5
13931 31 30 6
13932 18 18 6
13933 18 18 4
13934 22 21 5
13935 35 34 6
13936 18 18 4
13937 18 17 5
13938 23 22 6
13939 20 20 6
13940 30 29 7
13941 41 40 14
13942 22 22 6
13943 28 27 7
13944 19 18 6
13945 22 22 6
13946 18 18 6
13947 24 24 8
13948 24 24 4
13949 20 19 5
13950 33 33 11
13951 21 20 6
13952 12 12 4
13953 20 19 5
13954 15 14 6
13955 18 18 6
13956 24 24 6
13957 12 12 4
13958 14 13 5
13959 29 28 6
13960 18 17 5
13961 17 16 6
13962 16 16 4
13963 12 11 5
13964 39 38 4
13965 22 21 5
13966 31 31 7
13967 25 24 4
13968 14 13 5
13969 17 16 4
13970 38 37 7
13971 19 18 6
13972 18 18 6
13973 18 18 6
13974 24 24 4
13975 32 31 7
13976 29 29 5
13977 27 27 5
13978 45 44 8
13979 20 20 6
13980 34 33 7
13981 33 32 6
13982 32 31 7
13983 35 34 8
13984 28 28 6
13985 22 22 6
13986 26 25 5
13987 29 29 5
13988 39 39 5
13989 21 21 7
13990 29 29 5
13991 21 20 6
13992 34 33 7
13993 23 22 6
13994 26 26 6
13995 20 19 5
13996 15 14 4
13997 32 31 7
13998 19 19 5
13999 25 24 6
14000 16 16 4
14001 32 31 5
14002 19 18 6
14003 34 33 9
14004 17 16 8
14005 16 16 4
14006 16 15 5
14007 17 16 6
14008 22 22 4
14009 14 13 5
14010 15 15 5
14011 19 19 5
14012 17 16 4
14013 26 25 5
14014 11 10 4
14015 18 17 5
14016 21 20 6
14017 20 20 6
14018 14 14 6
14019 22 22 4
14020 28 27 7
14021 23 22 6
14022 18 17 5
14023 9 8 4
14024 24 23 5
14025 23 23 5
14026 23 22 4
14027 24 23 5
14028 21 21 5
14029 23 23 5
14030 29 29 5
14031 33 33 7
14032 19 18 6
14033 28 28 6
14034 28 27 5
14035 33 33 5
14036 21 20 6
14037 28 28 6
14038 18 18 6
14039 24 24 6
14040 34 34 6
14041 32 31 5
14042 19 19 7
14043 17 16 4
14044 26 25 5
14045 29 29 7
14046 19 18 4
14047 24 23 5
14048 27 27 7
14049 23 23 5
14050 11 10 4
14051 34 33 9
14052 15 14 4
14053 22 21 5
14054 17 16 4
14055 18 17 5
14056 15 15 5
14057 15 15 5
14058 21 20 4
14059 24 23 7
14060 11 10 4
14061 22 21 5
14062 15 15 5
14063 17 16 4
14064 18 17 5
14065 15 15 5
14066 23 22 4
14067 16 15 5
14068 25 24 4
14069 16 15 5
14070 15 15 5
14071 19 18 6
14072 12 12 6
14073 32 32 8
14074 10 10 4
14075 16 15 5
14076 13 13 5
14077 13 13 5
14078 13 12 6
14079 14 14 6
14080 22 22 6
14081 16 16 6
14082 18 18 6
14083 14 14 6
14084 18 18 6
14085 16 15 5
14086 17 17 5
14087 13 13 5
14088 15 14 6
14089 12 12 6
14090 14 14 6
14091 14 13 5
14092 13 12 6
14093 18 17 5
14094 19 19 5
14095 11 10 4
14096 12 11 5
14097 15 15 5
14098 21 20 6
14099 12 12 4
14100 18 17 5
14101 11 11 5
14102 23 23 5
14103 17 17 5
14104 13 12 6
14105 10 10 4
14106 10 9 5
14107 17 16 4
14108 18 17 5
14109 11 11 5
14110 13 12 4
14111 16 15 5
14112 13 13 5
14113 17 17 5
14114 19 18 4
14115 8 7 6
14116 14 13 5
14117 23 22 6
14118 14 14 4
14119 18 17 5
14120 15 15 5
14121 23 22 4
14122 10 9 5
14123 17 16 6
14124 16 16 6
14125 18 18 6
14126 20 20 4
14127 18 17 5
14128 15 15 5
14129 17 16 4
14130 20 19 5
14131 9 8 4
14132 12 11 5
14133 19 18 6
14134 26 26 6
14135 26 26 4
14136 20 19 5
14137 17 17 5
14138 21 20 6
14139 18 18 4
14140 14 13 5
14141 13 12 6
14142 18 18 4
14143 12 11 5
14144 13 13 5
14145 27 27 5
14146 17 17 5
14147 17 16 6
14148 24 24 6
14149 14 13 5
14150 11 11 5
14151 11 10 6
14152 8 8 4
14153 14 13 7
14154 13 13 5
14155 19 18 6
14156 12 12 6
14157 12 12 6
14158 20 20 6
14159 10 9 5
14160 15 15 5
14161 15 14 4
14162 20 19 5
14163 23 22 6
14164 14 13 5
14165 15 14 6
14166 10 10 6
14167 14 14 8
14168 14 14 4
14169 22 21 5
14170 11 10 6
14171 10 10 6
14172 26 26 6
14173 16 16 4
14174 22 21 5
14175 21 20 6
14176 10 9 5
14177 17 16 4
14178 6 5 4
14179 10 9 5
14180 13 12 6
14181 12 12 4
14182 12 11 5
14183 15 14 4
14184 26 25 7
14185 9 9 5
14186 13 12 4
14187 12 11 5
14188 9 8 4
14189 18 17 5
14190 19 19 5
14191 27 27 5
14192 23 22 6
14193 16 16 6
14194 14 13 5
14195 25 24 6
14196 16 16 6
14197 20 20 6
14198 14 14 4
14199 16 15 5
14200 21 21 5
14201 15 15 5
14202 13 12 6
14203 14 14 6
14204 12 12 4
14205 18 17 5
14206 17 17 5
14207 5 5 5
14208 20 19 5
14209 17 16 6
14210 22 21 5
14211 19 18 6
14212 10 10 4
14213 18 17 5
14214 9 9 5
14215 11 10 4
14216 16 15 7
14217 17 16 6
14218 18 18 4
14219 12 11 5
14220 13 12 4
14221 16 15 5
14222 17 17 7
14223 7 6 5
14224 19 18 4
14225 18 17 5
14226 23 22 4
14227 18 17 5
14228 19 18 6
14229 16 16 6
14230 20 19 5
14231 19 18 4
14232 30 29 7
14233 11 10 4
14234 16 15 5
14235 23 22 4
14236 20 19 5
14237 25 25 7
14238 25 24 6
14239 20 20 4
14240 12 11 5
14241 11 10 4
14242 10 9 5
14243 17 17 5
14244 31 31 5
14245 29 29 5
14246 19 18 6
14247 16 16 6
14248 10 9 5
14249 19 19 5
14250 13 13 5
14251 13 12 4
14252 30 29 5
14253 15 15 5
14254 23 23 5
14255 15 15 5
14256 11 11 5
14257 23 22 6
14258 12 12 4
14259 22 21 5
14260 25 25 7
14261 25 24 6
14262 30 30 6
14263 16 15 5
14264 9 8 4
14265 26 25 5
14266 13 13 5
14267 31 30 6
14268 10 10 4
14269 12 11 5
14270 23 22 4
14271 32 31 9
14272 29 28 4
14273 20 19 5
14274 29 28 6
14275 30 29 9
14276 19 18 6
14277 14 14 4
14278 28 27 9
14279 35 35 9
14280 29 28 8
14281 40 39 7
14282 25 25 5
14283 35 35 9
14284 25 24 6
14285 24 24 6
14286 24 23 5
14287 31 30 6
14288 30 30 6
14289 32 31 5
14290 29 29 5
14291 23 22 6
14292 28 28 6
14293 40 39 7
14294 31 31 5
14295 37 37 7
14296 35 34 12
14297 36 36 8
14298 30 29 7
14299 49 48 12
14300 34 34 8
14301 24 24 6
14302 30 29 9
14303 55 55 13
14304 23 22 4
14305 40 39 7
14306 33 33 11
14307 41 40 8
14308 34 34 8
14309 36 35 5
14310 31 31 5
14311 41 41 13
14312 45 44 8
14313 42 42 8
14314 16 16 6
14315 44 43 11
14316 63 62 16
14317 32 31 9
14318 47 46 8
14319 36 35 9
14320 35 34 10
14321 44 44 10
14322 34 33 9
14323 17 17 7
14324 43 43 11
14325 23 23 7
14326 31 30 8
14327 34 33 7
14328 43 42 10
14329 28 28 6
14330 20 19 5
14331 43 42 12
14332 46 45 13
14333 31 31 5
14334 49 49 13
14335 45 44 12
14336 46 45 13
14337 33 33 9
14338 23 23 9
14339 41 41 7
14340 31 31 7
14341 53 53 15
14342 19 19 7
14343 39 38 6
14344 40 39 9
14345 45 44 10
14346 42 42 8
14347 32 32 10
14348 40 40 10
14349 30 30 8
14350 26 26 6
14351 14 14 6
14352 28 28 6
14353 22 21 7
14354 21 21 5
14355 37 36 10
14356 28 28 4
14357 38 37 9
14358 23 22 6
14359 36 35 9
14360 27 27 9
14361 27 27 5
14362 29 28 8
14363 32 32 6
14364 20 20 6
14365 28 28 6
14366 22 22 6
14367 32 32 6
14368 18 17 5
14369 35 34 6
14370 34 33 7
14371 39 38 8
14372 22 21 5
14373 27 26 8
14374 22 22 4
14375 24 23 5
14376 31 31 7
14377 27 27 5
14378 29 29 5
14379 29 29 7
14380 21 21 5
14381 31 30 6
14382 18 18 4
14383 22 21 5
14384 27 27 7
14385 19 18 6
14386 22 22 4
14387 18 17 5
14388 41 40 8
14389 18 17 5
14390 21 20 4
14391 16 15 5
14392 15 15 5
14393 25 24 4
14394 26 25 7
14395 25 24 6
14396 14 14 4
14397 36 35 5
14398 41 41 7
14399 29 29 5
14400 19 18 4
14401 16 15 5
14402 35 34 8
14403 28 27 5
14404 39 39 7
14405 27 26 8
14406 28 27 5
14407 23 23 5
14408 25 24 6
14409 16 15 5
14410 19 18 4
14411 34 33 9
14412 25 24 4
14413 22 21 5
14414 17 17 5
14415 29 28 4
14416 20 19 5
14417 21 21 5
14418 27 26 4
14419 20 19 5
14420 17 17 5
14421 19 18 6
14422 14 14 4
14423 22 21 5
14424 31 30 6
14425 34 34 6
14426 16 16 4
14427 38 37 7
14428 17 16 4
14429 22 21 5
14430 29 28 6
14431 28 27 5
14432 23 22 6
14433 32 32 6
14434 28 27 7
14435 21 20 4
14436 18 17 5
14437 21 20 6
14438 18 17 5
14439 13 13 5
14440 25 24 4
14441 28 27 7
14442 15 14 4
14443 16 15 5
14444 13 12 6
14445 16 16 4
14446 16 15 5
14447 11 10 4
14448 18 17 7
14449 19 18 4
14450 22 21 5
14451 19 19 7
14452 13 12 4
14453 22 21 5
14454 13 13 7
14455 13 12 4
14456 22 21 5
14457 17 16 4
14458 14 13 5
14459 19 18 6
14460 6 6 6
14461 9 9 5
14462 19 19 5
14463 13 12 4
14464 16 15 5
14465 19 18 6
14466 14 14 6
14467 10 10 4
14468 12 11 5
14469 11 11 5
14470 15 14 4
14471 28 27 5
14472 15 15 5
14473 17 17 5
14474 9 8 4
14475 6 5 4
14476 18 17 7
14477 9 9 5
14478 17 16 4
14479 8 7 6
14480 14 14 6
14481 14 13 5
14482 15 14 6
14483 14 13 5
14484 9 9 5
14485 9 8 4
14486 10 9 5
14487 11 10 6
14488 28 27 5
14489 17 17 5
14490 13 12 4
14491 16 15 5
14492 17 16 4
14493 10 9 5
14494 15 14 6
14495 10 10 4
14496 18 17 5
14497 11 11 5
14498 15 14 6
14499 22 22 4
14500 20 19 5
14501 13 12 6
14502 6 6 6
14503 11 10 6
14504 12 12 6
14505 16 16 6
14506 12 12 6
14507 8 8 4
14508 16 15 7
14509 17 16 4
14510 18 17 5
14511 19 18 4
14512 10 9 5
14513 11 10 4
14514 24 23 5
14515 7 6 5
14516 9 9 5
14517 13 12 6
14518 12 12 4
14519 12 11 5
14520 11 10 6
14521 18 18 4
14522 14 13 5
14523 17 16 6
14524 12 12 6
14525 8 8 4
14526 20 19 5
14527 9 8 4
14528 14 13 5
14529 15 14 4
14530 14 13 5
14531 11 11 5
14532 13 13 5
14533 11 10 6
14534 14 14 4
14535 8 7 6
14536 14 14 4
14537 10 9 5
14538 17 16 6
14539 16 16 6
14540 12 11 5
14541 11 11 5
14542 9 8 4
14543 18 17 5
14544 15 14 6
14545 16 15 5
14546 29 28 6
14547 14 14 4
14548 14 13 5
14549 15 14 6
14550 8 8 4
14551 20 19 5
14552 15 15 5
14553 17 17 5
14554 21 20 6
14555 20 20 6
14556 18 17 7
14557 21 20 4
14558 12 11 5
14559 7 6 5
14560 11 10 6
14561 10 10 6
14562 16 16 6
14563 18 18 6
14564 14 14 4
14565 12 11 5
14566 13 12 6
14567 14 13 5
14568 11 10 4
14569 14 13 5
14570 9 9 5
14571 25 25 5
14572 13 12 4
14573 16 15 5
14574 11 11 5
14575 7 6 5
14576 15 14 6
14577 8 8 4
14578 8 7 6
14579 10 10 4
14580 10 9 5
14581 15 14 6
14582 16 15 5
14583 15 15 5
14584 17 16 6
14585 12 12 4
14586 14 13 5
14587 11 11 5
14588 13 13 5
14589 11 11 5
14590 13 13 5
14591 19 18 8
14592 16 16 6
14593 10 10 4
14594 16 15 5
14595 11 10 6
14596 6 5 4
14597 16 15 5
14598 11 11 5
14599 13 12 6
14600 8 8 4
14601 6 5 4
14602 14 13 5
14603 11 10 4
14604 18 17 5
14605 13 12 6
14606 12 12 6
14607 14 14 4
14608 12 11 5
14609 7 6 5
14610 9 8 4
14611 18 17 5
14612 13 13 5
14613 11 11 5
14614 13 12 6
14615 10 9 5
14616 11 11 5
14617 19 18 6
14618 14 14 4
14619 16 15 5
14620 17 16 6
14621 12 11 5
14622 15 15 7
14623 7 6 5
14624 17 16 4
14625 10 9 5
14626 15 15 5
14627 11 10 6
14628 12 12 6
14629 8 8 4
14630 16 15 7
14631 13 12 6
14632 10 10 4
14633 8 7 6
14634 14 14 6
14635 12 12 4
14636 10 9 5
14637 19 19 5
14638 13 13 5
14639 15 14 4
14640 24 23 5
14641 17 17 5
14642 25 24 6
14643 12 11 5
14644 13 13 5
14645 7 6 5
14646 13 12 4
14647 10 9 5
14648 11 10 6
14649 12 12 6
14650 14 14 4
14651 16 15 5
14652 15 15 7
14653 9 8 4
14654 20 19 7
14655 11 10 4
14656 14 13 5
14657 11 11 5
14658 11 10 4
14659 14 13 5
14660 11 11 5
14661 25 24 6
14662 6 5 4
14663 14 13 5
14664 13 13 5
14665 13 12 4
14666 18 17 5
14667 21 20 6
14668 16 15 5
14669 17 16 4
14670 22 21 5
14671 17 16 6
14672 18 17 5
14673 11 10 4
14674 10 9 5
14675 13 12 4
14676 20 19 5
14677 15 14 6
14678 18 18 6
14679 12 12 6
14680 12 12 4
14681 14 13 5
14682 13 12 4
14683 14 13 5
14684 13 13 5
14685 17 17 5
14686 11 10 4
14687 20 19 5
14688 13 13 5
14689 11 10 4
14690 14 13 5
14691 11 10 4
14692 6 5 4
14693 12 11 5
14694 13 13 5
14695 15 14 6
14696 16 15 5
14697 11 10 4
14698 10 9 5
14699 11 11 5
14700 13 12 4
14701 12 11 5
14702 11 10 4
14703 12 11 5
14704 9 9 5
14705 19 19 5
14706 7 6 5
14707 17 16 6
14708 18 18 6
14709 20 20 6
14710 24 24 6
14711 14 14 4
14712 12 11 5
14713 9 8 4
14714 16 15 7
14715 15 14 4
14716 16 15 5
14717 17 16 6
14718 12 12 6
14719 18 18 4
14720 14 13 5
14721 15 14 6
14722 10 10 6
14723 14 13 5
14724 15 15 5
14725 13 12 4
14726 10 9 5
14727 23 22 8
14728 18 18 6
14729 12 12 4
14730 20 19 5
14731 17 17 5
14732 27 27 5
14733 5 5 5
14734 10 9 5
14735 15 14 6
14736 14 14 6
14737 8 8 4
14738 16 15 5
14739 9 8 4
14740 12 11 5
14741 7 6 5
14742 13 13 5
14743 13 13 5
14744 23 23 5
14745 9 9 5
14746 19 18 6
14747 12 11 5
14748 9 9 5
14749 13 13 5
14750 13 13 5
14751 9 8 4
14752 18 17 5
14753 17 16 6
14754 14 13 5
14755 9 8 4
14756 22 21 5
14757 13 13 5
14758 17 17 5
14759 15 14 6
14760 16 15 5
14761 11 11 5
14762 13 12 6
14763 14 13 5
14764 17 16 6
14765 12 12 4
14766 14 13 5
14767 17 16 6
14768 12 12 4
14769 20 19 5
14770 17 17 5
14771 9 9 5
14772 13 13 7
14773 29 28 4
14774 16 15 5
14775 13 12 4
14776 20 19 5
14777 13 13 5
14778 15 14 6
14779 12 12 4
14780 14 13 5
14781 15 15 5
14782 11 11 5
14783 19 18 4
14784 16 15 5
14785 13 12 4
14786 14 13 5
14787 13 12 4
14788 14 13 5
14789 27 26 6
14790 16 16 4
14791 14 13 5
14792 15 14 4
14793 22 21 7
14794 17 16 6
14795 14 14 6
14796 16 16 6
14797 16 16 6
14798 18 17 5
14799 11 10 4
14800 12 11 5
14801 15 15 5
14802 17 16 6
14803 18 17 7
14804 11 10 4
14805 18 17 5
14806 5 5 5
14807 16 15 7
14808 17 16 6
14809 18 18 6
14810 16 16 6
14811 40 39 7
14812 23 22 6
14813 18 17 5
14814 23 23 5
14815 23 23 5
14816 31 30 6
14817 34 34 6
14818 30 30 4
14819 28 27 7
14820 35 34 6
14821 34 33 7
14822 35 35 7
14823 21 20 4
14824 26 25 5
14825 33 32 6
14826 24 23 7
14827 35 34 6
14828 38 38 6
14829 44 43 7
14830 27 26 6
14831 32 31 7
14832 19 18 4
14833 38 37 7
14834 37 36 8
14835 22 22 6
14836 36 36 8
14837 24 24 4
14838 26 25 7
14839 19 19 7
14840 19 18 4
14841 26 25 5
14842 25 25 5
14843 25 24 6
14844 16 15 5
14845 17 16 4
14846 24 23 5
14847 25 25 5
14848 35 35 7
14849 35 34 8
14850 18 17 5
14851 23 22 4
14852 30 29 5
14853 43 43 7
14854 23 23 7
14855 25 24 8
14856 22 21 5
14857 21 21 5
14858 21 20 6
14859 20 20 6
14860 18 18 4
14861 22 21 5
14862 29 28 4
14863 26 25 5
14864 29 29 5
14865 23 22 6
14866 28 28 6
14867 14 14 4
14868 20 19 7
14869 29 28 6
14870 14 13 5
14871 25 24 6
14872 22 22 4
14873 16 15 5
14874 21 20 6
14875 8 8 4
14876 22 21 7
14877 15 14 4
14878 18 17 5
14879 11 10 4
14880 28 27 7
14881 21 20 6
14882 16 15 5
14883 21 20 4
14884 16 15 7
14885 23 22 6
14886 20 20 4
14887 24 23 5
14888 37 36 8
14889 18 18 6
14890 24 24 6
14891 32 31 9
14892 19 18 6
14893 18 18 8
14894 32 32 8
14895 18 18 4
14896 24 23 5
14897 17 16 4
14898 20 19 7
14899 27 26 6
14900 26 26 6
14901 20 19 5
14902 21 21 9
14903 11 10 4
14904 16 15 5
14905 29 28 6
14906 26 25 5
14907 25 24 6
14908 12 12 4
14909 20 19 9
14910 33 32 6
14911 12 12 4
14912 16 15 5
14913 23 23 5
14914 17 17 5
14915 21 20 6
14916 12 12 4
14917 22 21 5
14918 23 22 6
14919 22 22 6
14920 26 26 6
14921 14 14 4
14922 38 37 9
14923 35 34 6
14924 12 12 4
14925 18 17 5
14926 19 18 4
14927 24 23 5
14928 25 25 5
14929 23 23 5
14930 23 23 5
14931 17 16 4
14932 22 21 5
14933 15 15 5
14934 29 29 7
14935 17 16 4
14936 24 23 5
14937 19 19 5
14938 31 30 6
14939 20 20 6
14940 22 22 6
14941 30 29 5
14942 15 14 4
14943 22 21 7
14944 15 15 5
14945 11 10 4
14946 22 21 5
14947 19 19 5
14948 21 21 5
14949 21 21 5
14950 9 8 4
14951 10 9 5
14952 17 17 7
14953 21 20 6
14954 8 8 4
14955 16 15 5
14956 17 16 6
14957 10 10 4
14958 14 13 5
14959 13 12 6
14960 16 16 4
14961 16 15 5
14962 19 18 4
14963 16 15 5
14964 13 13 5
14965 11 10 6
14966 20 20 4
14967 24 23 7
14968 21 20 4
14969 12 11 5
14970 17 16 6
14971 20 19 7
14972 13 13 5
14973 19 18 4
14974 14 13 5
14975 15 15 7
14976 11 10 4
14977 18 17 5
14978 13 12 4
14979 10 9 5
14980 15 15 5
14981 13 13 5
14982 15 14 6
14983 10 10 4
14984 12 11 5
14985 17 17 7
14986 11 10 6
14987 22 22 8
14988 8 8 4
14989 12 11 5
14990 19 18 8
14991 14 14 4
14992 16 15 5
14993 17 17 5
14994 13 13 5
14995 15 14 6
14996 16 16 4
14997 12 11 5
14998 15 14 6
14999 22 21 5
15000 11 11 5
15001 11 10 6
15002 18 17 7
15003 15 14 4
15004 10 9 5
15005 21 21 5
15006 17 17 5
15007 21 21 7
15008 13 12 4
15009 16 15 5
15010 17 16 6
15011 10 10 4
15012 18 17 5
15013 17 16 4
15014 12 11 5
15015 15 14 6
15016 16 16 4
15017 12 11 5
15018 9 9 5
15019 13 13 5
15020 13 12 4
15021 12 11 5
15022 15 15 5
15023 15 15 5
15024 15 14 6
15025 12 12 6
15026 14 14 6
15027 8 8 4
15028 16 15 5
15029 9 9 5
15030 17 16 6
15031 16 16 4
15032 16 15 5
15033 17 16 6
15034 10 9 5
15035 13 12 6
15036 14 14 6
15037 16 16 4
15038 14 13 5
15039 21 20 4
15040 18 17 7
15041 11 10 4
15042 14 13 5
15043 15 15 7
15044 11 10 6
15045 16 16 6
15046 14 13 5
15047 15 14 6
15048 24 24 6
15049 16 15 5
15050 17 16 6
15051 10 10 6
15052 8 8 4
15053 12 11 5
15054 13 12 6
15055 14 14 6
15056 14 14 6
15057 16 16 6
15058 18 17 5
15059 15 14 4
15060 16 15 5
15061 13 13 5
15062 9 9 5
15063 11 11 5
15064 11 11 5
15065 15 14 6
15066 22 22 6
15067 8 8 4
15068 20 19 7
15069 25 24 6
15070 16 15 5
15071 9 9 5
15072 17 16 6
15073 8 8 4
15074 16 15 5
15075 9 9 5
15076 21 20 6
15077 10 10 4
15078 18 17 5
15079 15 14 6
15080 10 9 5
15081 13 12 6
15082 10 9 5
15083 15 14 6
15084 16 15 5
15085 9 9 5
15086 11 10 6
15087 16 15 5
15088 15 14 4
15089 18 17 5
15090 13 12 4
15091 20 19 5
15092 15 15 5
15093 21 20 6
15094 16 16 6
15095 14 14 4
15096 20 19 5
15097 21 21 5
15098 13 12 4
15099 18 17 5
15100 9 8 4
15101 22 21 5
15102 17 16 4
15103 18 17 7
15104 23 23 9
15105 17 16 6
15106 24 24 4
15107 22 21 5
15108 21 20 4
15109 22 21 5
15110 21 21 5
15111 5 5 5
15112 14 13 5
15113 15 14 4
15114 28 27 5
15115 25 25 7
15116 17 16 4
15117 22 21 5
15118 9 8 4
15119 18 17 7
15120 17 16 6
15121 24 23 5
15122 15 15 5
15123 17 16 4
15124 16 15 5
15125 15 14 6
15126 18 18 4
15127 16 15 5
15128 17 16 4
15129 18 17 5
15130 23 22 6
15131 26 25 5
15132 19 18 6
15133 16 15 5
15134 19 18 6
15135 12 12 4
15136 24 23 5
15137 19 19 5
15138 11 10 4
15139 12 11 5
15140 21 20 4
15141 22 21 5
15142 13 12 6
15143 14 14 6
15144 14 14 6
15145 22 22 6
15146 16 16 4
15147 16 15 5
15148 19 19 5
15149 15 14 6
15150 18 18 4
15151 24 23 9
15152 15 15 5
15153 33 32 6
15154 28 27 5
15155 21 20 6
15156 14 14 4
15157 20 19 5
15158 19 18 4
15159 20 19 5
15160 37 37 5
15161 33 33 5
15162 29 29 5
15163 23 23 7
15164 27 26 8
15165 22 21 5
15166 37 36 6
15167 26 25 7
15168 27 26 8
15169 42 42 6
15170 34 33 7
15171 35 34 8
15172 30 30 8
15173 18 18 4
15174 40 39 9
15175 21 20 6
15176 40 40 8
15177 28 28 8
15178 34 33 11
15179 39 38 8
15180 38 38 12
15181 30 30 8
15182 32 31 11
15183 25 25 7
15184 27 27 5
15185 27 27 5
15186 17 17 5
15187 47 46 12
15188 42 41 7
15189 39 38 8
15190 28 27 7
15191 43 42 10
15192 30 30 6
15193 30 29 9
15194 35 34 6
15195 18 18 6
15196 28 27 5
15197 39 38 12
15198 30 30 8
15199 14 13 5
15200 31 30 6
15201 36 36 8
15202 30 30 6
15203 18 18 6
15204 16 16 6
15205 32 32 8
15206 24 24 6
15207 44 44 14
15208 18 18 6
15209 22 22 6
15210 32 32 6
15211 26 26 8
15212 26 25 9
15213 23 22 4
15214 22 21 5
15215 35 35 9
15216 17 16 4
15217 38 37 7
15218 31 30 6
15219 14 13 5
15220 23 23 7
15221 19 19 5
15222 27 27 7
15223 23 23 5
15224 27 26 6
15225 34 33 9
15226 25 25 5
15227 23 23 5
15228 17 17 5
15229 31 30 6
15230 20 19 5
15231 25 24 6
15232 22 21 5
15233 37 37 7
15234 19 18 6
15235 36 35 9
15236 21 21 7
15237 19 19 5
15238 23 22 6
15239 30 30 8
15240 36 35 9
15241 17 17 7
15242 23 23 7
15243 29 29 9
15244 29 29 9
15245 31 30 10
15246 32 32 8
15247 26 25 7
15248 31 30 10
15249 36 36 8
15250 18 17 5
15251 21 20 8
15252 20 19 7
15253 25 24 8
15254 26 26 10
15255 32 32 8
15256 20 20 6
15257 16 15 5
15258 25 25 7
15259 35 34 6
15260 20 19 5
15261 23 22 4
15262 24 23 5
15263 29 28 10
15264 16 16 4
15265 22 21 5
15266 37 36 6
15267 22 21 7
15268 23 22 4
15269 18 17 5
15270 17 16 6
15271 20 20 4
15272 14 13 5
15273 35 35 9
15274 35 35 5
15275 21 21 5
15276 19 18 6
15277 22 22 6
15278 30 30 8
15279 18 18 6
15280 24 23 5
15281 13 13 5
15282 23 22 4
15283 38 37 5
15284 19 19 5
15285 25 24 8
15286 14 13 5
15287 23 23 5
15288 23 23 5
15289 25 25 5
15290 21 21 7
15291 35 35 9
15292 29 29 7
15293 19 18 6
15294 32 32 6
15295 18 17 5
15296 13 12 4
15297 22 21 5
15298 31 31 5
15299 13 13 5
15300 27 26 6
15301 16 16 4
15302 16 15 7
15303 13 12 4
15304 20 19 7
15305 29 28 6
15306 28 28 8
15307 22 21 5
15308 31 30 6
15309 30 29 9
15310 29 29 5
15311 21 21 5
15312 17 17 5
15313 23 22 4
15314 44 43 9
15315 19 19 5
15316 29 29 5
15317 17 16 4
15318 24 23 7
15319 15 15 5
15320 13 13 5
15321 21 20 4
15322 18 17 7
15323 29 28 8
15324 26 26 6
15325 16 16 4
15326 18 17 5
15327 17 16 6
15328 12 12 4
15329 16 15 5
15330 23 22 6
15331 16 16 4
15332 20 19 5
15333 19 18 6
15334 18 18 4
15335 16 15 5
15336 15 14 6
15337 14 14 4
15338 22 21 7
15339 19 18 4
15340 12 11 5
15341 15 15 5
15342 13 13 5
15343 13 12 4
15344 22 21 5
15345 17 16 6
15346 14 14 4
15347 22 21 5
15348 21 20 4
15349 22 21 5
15350 15 15 5
15351 11 11 5
15352 21 20 4
15353 20 19 7
15354 21 20 6
15355 28 28 4
15356 18 17 7
15357 23 22 6
15358 18 17 5
15359 21 20 6
15360 24 24 8
15361 22 22 8
15362 14 14 4
15363 18 17 5
15364 15 15 5
15365 9 8 4
15366 16 15 5
15367 21 20 6
15368 18 18 6
15369 12 12 4
15370 22 21 5
15371 21 21 7
15372 23 22 6
15373 40 40 10
15374 20 20 6
15375 24 23 5
15376 19 18 6
15377 20 20 6
15378 20 19 5
15379 21 20 6
15380 32 32 8
15381 18 18 4
15382 22 21 5
15383 17 17 5
15384 25 24 6
15385 14 14 4
15386 32 31 9
15387 29 28 8
15388 22 21 5
15389 29 28 6
15390 22 22 6
15391 12 11 5
15392 21 20 6
15393 28 28 4
15394 30 29 7
15395 25 25 5
15396 25 25 5
15397 23 22 8
15398 24 24 6
15399 12 12 6
15400 34 34 6
15401 24 23 5
15402 13 12 4
15403 16 15 5
15404 13 13 5
15405 13 13 5
15406 13 12 4
15407 16 15 7
15408 17 16 4
15409 16 15 5
15410 29 28 4
15411 22 21 7
15412 29 28 6
15413 24 24 6
15414 26 26 6
15415 14 13 5
15416 15 14 4
15417 20 19 5
15418 17 17 5
15419 19 18 4
15420 22 21 5
15421 11 11 5
15422 25 24 6
15423 28 27 7
15424 13 12 4
15425 14 13 5
15426 29 29 5
15427 15 14 4
15428 18 17 7
15429 13 12 4
15430 22 21 7
15431 15 14 4
15432 12 11 5
15433 17 16 4
15434 16 15 5
15435 13 13 5
15436 13 12 6
15437 16 16 4
15438 22 21 5
15439 37 36 8
15440 12 12 4
15441 24 23 5
15442 19 18 6
15443 18 17 5
15444 27 26 4
15445 22 21 7
15446 27 26 6
15447 18 18 4
15448 22 21 5
15449 15 14 4
15450 20 19 5
15451 27 27 5
15452 19 18 4
15453 14 13 5
15454 11 11 5
15455 13 12 4
15456 12 11 5
15457 21 20 6
15458 16 15 5
15459 25 24 6
15460 12 12 4
15461 10 9 5
15462 19 19 5
15463 9 8 4
15464 18 17 5
15465 13 13 5
15466 21 21 5
15467 17 16 4
15468 20 19 5
15469 13 12 6
15470 16 15 5
15471 11 11 5
15472 15 14 4
15473 18 17 5
15474 11 10 4
15475 16 15 5
15476 9 8 4
15477 16 15 7
15478 15 14 6
15479 12 12 4
15480 12 11 5
15481 11 10 4
15482 6 5 4
15483 14 13 5
15484 19 19 5
15485 15 15 7
15486 17 16 4
15487 22 21 5
15488 19 18 6
15489 16 16 4
15490 12 11 5
15491 29 28 6
15492 16 16 4
15493 12 11 5
15494 17 17 5
15495 17 16 6
15496 14 14 4
15497 10 9 5
15498 17 16 4
15499 22 21 7
15500 21 20 6
15501 12 12 4
15502 10 9 5
15503 9 8 4
15504 20 19 5
15505 17 17 5
15506 13 12 4
15507 18 17 5
15508 19 19 5
15509 7 6 5
15510 11 10 4
15511 12 11 5
15512 17 16 6
15513 16 15 5
15514 21 20 6
15515 20 20 4
15516 18 17 5
15517 11 10 4
15518 10 9 5
15519 15 14 6
15520 28 28 6
15521 20 20 4
15522 12 11 5
15523 13 13 5
15524 15 14 4
15525 12 11 5
15526 19 18 4
15527 16 15 5
15528 11 11 5
15529 13 12 4
15530 20 19 5
15531 11 11 5
15532 17 16 4
15533 18 17 5
15534 11 11 5
15535 11 10 4
15536 12 11 5
15537 9 8 4
15538 16 15 5
15539 11 11 7
15540 15 14 6
15541 10 10 4
15542 12 11 5
15543 17 16 6
15544 6 6 6
15545 9 9 5
15546 13 13 5
15547 15 15 5
15548 17 16 4
15549 20 19 5
15550 17 16 4
15551 22 21 5
15552 19 18 6
15553 24 24 6
15554 36 36 6
15555 34 33 5
15556 33 33 7
15557 19 19 5
15558 21 21 5
15559 19 19 7
15560 15 14 4
15561 20 19 5
15562 17 17 5
15563 15 14 6
15564 22 22 4
15565 20 19 5
15566 27 26 6
15567 18 18 6
15568 16 16 6
15569 26 25 5
15570 35 35 5
15571 21 21 7
15572 25 24 6
15573 22 21 5
15574 19 18 6
15575 10 10 4
15576 16 15 5
15577 27 27 5
15578 21 21 5
15579 21 20 6
15580 16 16 4
15581 20 19 5
15582 23 22 6
15583 32 32 6
15584 12 12 4
15585 18 17 5
15586 33 32 4
15587 34 33 5
15588 29 29 5
15589 19 19 5
15590 25 25 5
15591 51 51 9
15592 19 19 5
15593 13 13 5
15594 15 14 4
15595 20 19 5
15596 35 35 7
15597 17 17 5
15598 25 24 6
15599 24 24 8
15600 36 35 7
15601 37 36 10
15602 48 48 10
15603 30 30 8
15604 40 40 8
15605 34 34 8
15606 32 31 5
15607 29 29 5
15608 21 21 5
15609 39 39 5
15610 13 13 5
15611 29 29 9
15612 35 35 9
15613 39 38 6
15614 20 19 5
15615 35 34 6
15616 42 42 10
15617 24 23 5
15618 39 39 7
15619 27 27 5
15620 27 27 7
15621 27 27 7
15622 37 36 10
15623 38 37 7
15624 27 27 9
15625 31 30 6
15626 42 41 13
15627 29 29 5
15628 51 51 17
15629 29 28 8
15630 28 28 6
15631 36 35 11
15632 33 33 7
15633 39 38 12
15634 40 39 11
15635 37 37 9
15636 43 42 10
15637 22 22 6
15638 28 28 6
15639 48 48 12
15640 20 20 6
15641 28 28 8
15642 26 25 7
15643 21 20 6
15644 30 29 7
15645 45 44 8
15646 36 36 8
15647 24 23 5
15648 45 44 10
15649 26 26 8
15650 24 24 6
15651 38 37 9
15652 31 31 7
15653 29 29 9
15654 41 41 9
15655 41 40 8
15656 24 24 6
15657 44 44 10
15658 46 45 9
15659 29 29 7
15660 41 40 10
15661 32 32 8
15662 28 27 7
15663 21 21 5
15664 33 33 7
15665 29 29 7
15666 25 24 4
15667 36 35 9
15668 35 35 13
15669 39 39 7
15670 39 39 9
15671 29 28 6
15672 38 38 10
15673 16 16 6
15674 38 37 5
15675 37 37 9
15676 23 22 6
15677 36 35 9
15678 33 32 8
15679 42 42 6
15680 34 33 7
15681 27 27 5
15682 25 25 7
15683 33 32 6
15684 24 23 7
15685 21 20 6
15686 30 30 4
15687 24 23 5
15688 23 22 4
15689 24 23 5
15690 27 27 7
15691 43 42 6
15692 26 25 7
15693 29 28 6
15694 18 18 4
15695 40 39 9
15696 31 30 8
15697 20 20 6
15698 20 19 7
15699 29 28 8
15700 22 22 4
15701 26 25 5
15702 27 26 6
15703 22 21 5
15704 25 25 5
15705 13 12 4
15706 30 29 5
15707 21 20 4
15708 26 25 5
15709 23 22 6
15710 14 13 5
15711 13 12 4
15712 16 15 5
15713 19 18 6
15714 22 22 4
15715 20 19 5
15716 11 10 6
15717 10 9 5
15718 19 18 6
15719 16 16 6
15720 14 14 6
15721 12 12 4
15722 10 9 5
15723 9 9 5
15724 19 18 6
15725 16 16 6
15726 16 16 6
15727 24 24 6
15728 12 12 4
15729 16 15 5
15730 11 10 6
15731 22 22 6
15732 12 12 4
15733 16 15 5
15734 15 15 5
15735 17 16 6
15736 12 12 4
15737 8 7 6
15738 10 10 6
15739 18 18 6
15740 16 16 6
15741 30 29 7
15742 25 24 6
15743 14 14 4
15744 6 5 4
15745 16 15 5
15746 15 14 4
15747 12 11 5
15748 11 10 4
15749 8 7 6
15750 14 14 4
15751 32 31 7
15752 11 10 4
15753 16 15 5
15754 19 18 6
15755 8 8 4
15756 12 11 5
15757 13 12 6
15758 22 21 5
15759 13 12 4
15760 16 15 5
15761 15 14 6
15762 20 20 6
15763 8 8 4
15764 10 9 5
15765 13 12 6
15766 8 8 4
15767 18 17 5
15768 9 8 4
15769 16 15 5
15770 17 17 5
15771 23 22 6
15772 20 19 5
15773 15 14 4
15774 18 17 5
15775 13 13 5
15776 17 16 4
15777 14 13 5
15778 13 13 5
15779 15 15 5
15780 13 13 5
15781 23 22 8
15782 18 17 5
15783 19 19 7
15784 27 26 6
15785 22 22 6
15786 16 16 4
15787 14 13 5
15788 23 22 10
15789 10 9 5
15790 23 22 6
15791 22 21 5
15792 17 16 6
15793 16 16 4
15794 20 19 5
15795 11 11 5
15796 9 9 5
15797 23 22 6
15798 10 10 6
15799 22 21 5
15800 17 16 4
15801 22 21 5
15802 21 21 5
15803 13 12 4
15804 14 13 5
15805 11 10 4
15806 14 13 5
15807 15 14 6
15808 14 14 6
15809 12 12 4
15810 14 13 5
15811 23 23 5
15812 15 15 5
15813 13 12 6
15814 12 12 4
15815 24 23 5
15816 19 18 6
15817 16 16 4
15818 14 13 5
15819 19 18 4
15820 18 17 7
15821 13 12 4
15822 14 13 5
15823 17 17 7
15824 19 19 5
15825 17 16 6
15826 18 18 4
15827 14 13 5
15828 19 18 6
15829 18 18 4
15830 20 19 5
15831 13 13 5
15832 9 9 5
15833 15 14 4
15834 26 25 7
15835 15 14 4
15836 14 13 7
15837 11 10 4
15838 22 21 5
15839 11 11 5
15840 9 8 4
15841 10 9 5
15842 7 7 7
15843 12 11 5
15844 19 18 6
15845 22 22 4
15846 10 9 5
15847 7 7 7
15848 12 12 4
15849 14 13 5
15850 13 13 5
15851 17 16 4
15852 18 17 5
15853 15 15 7
15854 31 30 6
15855 24 23 5
15856 21 20 4
15857 18 17 5
15858 17 16 4
15859 6 5 4
15860 16 15 5
15861 7 7 7
15862 8 8 4
15863 14 13 5
15864 13 12 6
15865 12 12 4
15866 12 11 5
15867 9 8 4
15868 10 9 5
15869 13 13 5
15870 9 9 5
15871 11 10 6
15872 14 14 6
15873 10 10 6
15874 14 14 6
15875 16 16 4
15876 10 9 5
15877 11 11 5
15878 17 16 6
15879 12 12 4
15880 18 17 5
15881 15 14 4
15882 14 13 5
15883 9 9 5
15884 11 10 4
15885 18 17 7
15886 9 9 5
15887 9 9 5
15888 9 8 4
15889 16 15 5
15890 13 12 6
15891 14 14 6
15892 8 8 4
15893 10 9 5
15894 15 14 6
15895 14 13 5
15896 13 12 4
15897 14 13 5
15898 17 17 7
15899 5 5 5
15900 16 15 7
15901 17 17 7
15902 11 10 4
15903 18 17 7
15904 11 10 6
15905 20 20 6
15906 16 15 5
15907 15 14 4
15908 14 13 5
15909 15 14 6
15910 8 8 4
15911 8 7 6
15912 20 20 6
15913 20 20 4
15914 18 17 5
15915 13 13 5
15916 15 14 4
15917 10 9 5
15918 11 11 5
15919 13 12 4
15920 18 17 5
15921 19 18 6
15922 18 18 6
15923 14 14 6
15924 14 14 4
15925 16 15 5
15926 21 21 5
15927 13 12 4
15928 14 13 5
15929 11 10 4
15930 14 13 5
15931 11 10 6
15932 20 20 6
15933 12 11 5
15934 13 12 6
15935 10 9 5
15936 9 8 4
15937 14 13 5
15938 17 16 6
15939 14 14 6
15940 10 10 6
15941 10 10 6
15942 16 16 4
15943 12 11 7
15944 15 14 4
15945 16 15 5
15946 13 12 6
15947 16 16 6
15948 12 12 4
15949 18 17 5
15950 21 20 6
15951 16 15 5
15952 11 10 4
15953 12 11 7
15954 19 18 6
15955 14 13 5
15956 9 9 5
15957 15 15 7
15958 7 6 5
15959 11 10 6
15960 16 16 4
15961 16 15 5
15962 13 12 6
15963 8 8 4
15964 18 17 5
15965 17 16 4
15966 12 11 5
15967 15 15 5
15968 17 16 6
15969 22 21 5
15970 9 9 5
15971 15 15 5
15972 13 13 5
15973 17 16 4
15974 28 27 5
15975 11 10 4
15976 14 13 5
15977 13 12 6
15978 14 14 6
15979 18 18 4
15980 16 15 5
15981 19 18 6
15982 28 27 5
15983 23 22 6
15984 22 22 4
15985 26 25 7
15986 29 28 6
15987 30 30 4
15988 40 39 9
15989 31 30 6
15990 22 22 4
15991 34 33 7
15992 31 30 8
15993 32 31 5
15994 43 43 7
15995 33 32 6
15996 44 44 8
15997 34 34 4
15998 24 23 5
15999 37 37 5
16000 33 33 7
16001 23 22 6
16002 26 25 5
16003 27 27 5
16004 37 36 6
16005 32 31 9
16006 35 34 6
16007 42 42 6
16008 18 17 5
16009 17 17 5
16010 41 41 7
16011 35 35 9
16012 31 30 8
16013 30 30 8
16014 22 22 4
16015 36 35 9
16016 37 36 8
16017 34 33 9
16018 21 20 6
16019 34 34 14
16020 26 26 8
16021 22 22 8
16022 32 31 7
16023 17 17 5
16024 33 33 9
16025 35 34 6
16026 16 15 5
16027 19 18 6
16028 44 44 4
16029 40 39 15
16030 35 34 10
16031 24 24 8
16032 34 34 8
16033 22 22 8
16034 48 47 13
16035 39 39 13
16036 23 22 8
16037 22 22 10
16038 24 24 8
16039 28 28 8
16040 18 18 6
16041 32 32 10
16042 22 22 6
16043 18 18 4
16044 22 21 5
16045 29 29 9
16046 33 33 7
16047 25 24 4
16048 20 19 5
16049 19 18 4
16050 16 15 5
16051 17 17 5
16052 27 27 7
16053 21 20 4
16054 20 19 5
16055 29 29 5
16056 17 17 5
16057 13 12 4
16058 18 17 5
16059 25 25 5
16060 25 25 11
16061 13 12 4
16062 18 17 7
16063 13 13 5
16064 17 16 4
16065 26 25 7
16066 17 16 6
16067 24 24 6
16068 18 17 5
16069 17 17 5
16070 25 24 6
16071 18 17 5
16072 35 35 9
16073 21 21 5
16074 25 24 6
16075 26 25 7
16076 13 13 5
16077 15 15 5
16078 15 14 6
16079 20 20 4
16080 18 17 5
16081 15 15 5
16082 15 14 4
16083 32 31 5
16084 11 11 5
16085 21 21 5
16086 27 27 7
16087 17 16 4
16088 18 17 5
16089 17 16 4
16090 22 21 7
16091 11 10 4
16092 20 19 5
16093 19 18 4
16094 36 35 5
16095 13 13 5
16096 15 14 6
16097 22 22 8
16098 22 21 7
16099 29 28 6
16100 12 11 5
16101 21 20 6
16102 16 16 6
16103 28 28 10
16104 14 14 4
16105 24 23 7
16106 19 19 7
16107 11 11 5
16108 17 17 5
16109 23 22 8
16110 16 16 8
16111 26 25 5
16112 9 8 4
16113 18 17 5
16114 25 24 6
16115 14 14 4
16116 12 11 5
16117 23 22 8
16118 16 16 4
16119 20 19 7
16120 15 15 5
16121 13 13 5
16122 17 16 6
16123 18 17 7
16124 15 15 5
16125 17 16 6
16126 12 12 6
16127 14 14 8
16128 14 14 4
16129 16 15 5
16130 13 13 5
16131 17 16 6
16132 14 14 4
16133 28 27 7
16134 23 22 6
16135 18 18 6
16136 14 14 6
16137 12 12 4
16138 20 19 7
16139 29 28 6
16140 12 12 4
16141 12 11 5
16142 19 19 5
16143 11 11 5
16144 13 12 4
16145 16 15 7
16146 11 11 5
16147 11 10 4
16148 14 13 5
16149 11 11 5
16150 17 16 6
16151 22 22 6
16152 8 7 6
16153 14 14 6
16154 16 16 6
16155 6 5 4
16156 6 5 4
16157 14 13 5
16158 21 20 8
16159 16 15 5
16160 7 6 5
16161 11 10 6
16162 14 14 6
16163 6 5 4
16164 12 11 5
16165 11 10 4
16166 14 13 7
16167 15 14 4
16168 8 7 6
16169 16 16 4
16170 18 17 5
16171 29 28 6
16172 10 10 4
16173 14 13 5
16174 11 10 4
16175 14 13 5
16176 11 10 6
16177 12 12 4
16178 16 15 7
16179 15 14 4
16180 8 7 6
16181 14 14 6
16182 14 14 4
16183 6 5 4
16184 10 9 5
16185 9 9 5
16186 13 12 6
16187 18 17 5
16188 11 10 6
16189 10 10 4
16190 14 13 5
16191 11 11 5
16192 9 9 5
16193 17 16 6
16194 10 10 4
16195 14 13 7
16196 11 10 4
16197 16 15 5
16198 5 5 5
16199 6 5 4
16200 18 17 7
16201 11 10 4
16202 6 5 4
16203 12 11 5
16204 7 6 5
16205 7 7 7
16206 18 18 6
16207 14 13 5
16208 5 5 5
16209 18 17 7
16210 5 5 5
16211 16 15 5
16212 9 8 4
16213 10 9 5
16214 13 13 5
16215 17 16 6
16216 12 12 4
16217 26 25 7
16218 15 14 4
16219 16 15 5
16220 7 6 5
16221 7 6 5
16222 11 10 4
16223 18 17 5
16224 19 18 6
16225 14 14 6
16226 16 16 6
16227 14 14 4
16228 14 13 5
16229 9 8 4
16230 14 13 5
16231 17 16 4
16232 14 13 5
16233 11 10 4
16234 12 11 5
16235 17 17 5
16236 11 10 4
16237 6 5 4
16238 10 9 5
16239 9 9 5
16240 11 11 5
16241 11 10 4
16242 16 15 5
16243 13 13 5
16244 11 11 5
16245 17 16 6
16246 10 10 6
16247 12 12 6
16248 14 14 4
16249 14 13 5
16250 11 10 4
16251 14 13 5
16252 9 9 5
16253 13 13 7
16254 11 10 4
16255 16 15 5
16256 11 10 6
16257 12 12 4
16258 20 19 5
16259 17 16 4
16260 14 13 5
16261 9 9 5
16262 9 8 4
16263 18 17 5
16264 13 13 5
16265 11 10 4
16266 12 11 5
16267 21 20 8
16268 14 14 6
16269 10 9 5
16270 9 8 4
16271 16 15 7
16272 9 8 4
16273 14 13 5
16274 13 13 5
16275 17 16 6
16276 8 8 4
16277 12 11 5
16278 9 8 4
16279 12 11 5
16280 19 19 5
16281 11 11 5
16282 23 22 6
16283 10 10 4
16284 20 19 5
16285 7 6 5
16286 13 12 4
16287 26 25 5
16288 11 10 6
16289 14 13 5
16290 9 8 4
16291 10 9 5
16292 11 10 4
16293 12 11 5
16294 13 13 5
16295 25 24 6
16296 14 14 4
16297 16 15 5
16298 15 15 7
16299 11 10 4
16300 12 11 5
16301 13 13 5
16302 17 16 6
16303 14 14 4
16304 22 21 5
16305 13 12 6
16306 10 10 4
16307 18 17 5
16308 21 20 4
16309 16 15 5
16310 9 8 4
16311 10 9 5
16312 15 14 6
16313 14 14 4
16314 16 15 5
16315 13 12 4
16316 10 9 5
16317 13 12 6
16318 10 10 4
16319 16 15 7
16320 19 18 4
16321 12 11 5
16322 15 14 6
16323 12 12 6
16324 10 10 6
16325 14 14 4
16326 16 15 5
16327 19 19 5
16328 11 10 4
16329 14 13 5
16330 7 6 5
16331 21 20 6
16332 14 14 6
16333 16 16 6
16334 8 8 4
16335 22 21 5
16336 9 9 5
16337 17 16 6
16338 12 11 5
16339 13 12 4
16340 24 23 5
16341 11 11 5
16342 17 16 6
16343 16 15 5
16344 27 27 5
16345 29 28 6
16346 20 19 5
16347 21 21 5
16348 13 12 4
16349 20 19 5
16350 11 10 4
16351 12 11 5
16352 27 27 7
16353 13 12 4
16354 32 31 7
16355 31 31 5
16356 37 36 8
16357 22 22 4
16358 32 31 7
16359 45 44 8
16360 24 24 6
16361 18 18 4
16362 40 39 9
16363 31 30 6
16364 42 42 6
16365 34 33 7
16366 21 20 6
16367 38 38 8
16368 40 40 10
16369 26 26 4
16370 22 21 5
16371 37 36 8
16372 30 29 5
16373 25 25 9
16374 33 33 5
16375 45 45 9
16376 27 26 8
16377 22 22 6
16378 46 46 12
16379 28 27 5
16380 21 20 4
16381 36 35 11
16382 29 28 6
16383 46 45 11
16384 35 34 8
16385 32 32 6
16386 26 25 5
16387 27 26 8
16388 28 27 9
16389 47 46 10
16390 30 29 7
16391 25 24 6
16392 28 28 6
16393 30 30 4
16394 34 33 7
16395 33 32 8
16396 36 36 6
16397 18 17 5
16398 31 30 6
16399 28 27 5
16400 19 19 5
16401 29 28 6
16402 26 26 4
16403 32 31 7
16404 33 33 7
16405 27 27 5
16406 21 20 6
16407 50 50 8
16408 26 26 6
16409 30 30 4
16410 56 55 11
16411 27 26 6
16412 34 33 5
16413 33 33 7
16414 49 49 9
16415 31 31 5
16416 25 25 7
16417 41 40 8
16418 34 33 7
16419 31 31 5
16420 47 47 7
16421 25 24 6
16422 32 32 8
16423 36 36 10
16424 28 28 4
16425 24 23 5
16426 41 41 9
16427 37 37 7
16428 41 40 10
16429 30 29 9
16430 31 30 8
16431 40 39 11
16432 27 27 5
16433 19 19 7
16434 23 23 5
16435 29 29 7
16436 27 26 4
16437 22 21 5
16438 29 29 7
16439 19 18 4
16440 30 29 9
16441 29 28 8
16442 26 25 7
16443 29 28 4
16444 32 31 7
16445 47 46 10
16446 20 20 6
16447 20 20 4
16448 20 19 5
16449 37 36 8
16450 16 16 6
16451 22 21 5
16452 23 23 7
16453 19 18 4
16454 26 25 7
16455 19 18 4
16456 20 19 5
16457 27 27 5
16458 21 21 5
16459 19 18 4
16460 20 19 5
16461 15 14 4
16462 18 17 5
16463 19 18 6
16464 18 18 4
16465 14 13 5
16466 15 14 4
16467 20 19 7
16468 13 12 6
16469 14 14 4
16470 16 15 5
16471 11 10 6
16472 12 12 4
16473 12 11 5
16474 13 12 4
16475 26 25 5
16476 13 13 5
16477 23 22 4
16478 12 11 7
16479 17 16 4
16480 18 17 7
16481 15 14 4
16482 22 21 5
16483 9 8 4
16484 20 19 5
16485 17 16 6
16486 14 14 4
16487 16 15 5
16488 15 14 8
16489 12 12 6
16490 10 10 4
16491 12 11 5
16492 15 15 7
16493 13 12 4
16494 12 11 5
16495 13 12 6
16496 14 13 5
16497 13 12 4
16498 8 7 6
16499 22 22 6
16500 20 19 5
16501 9 9 5
16502 17 16 8
16503 30 30 6
16504 20 19 5
16505 21 20 4
16506 8 7 6
16507 10 10 4
16508 10 9 5
16509 9 8 4
16510 12 11 7
16511 11 10 4
16512 20 19 7
16513 21 20 4
16514 16 15 5
16515 11 11 5
16516 11 11 5
16517 9 8 4
16518 14 13 5
16519 13 12 6
16520 10 10 4
16521 20 19 5
16522 11 10 6
16523 12 11 5
16524 15 15 5
16525 17 17 5
16526 13 12 4
16527 20 19 5
16528 9 9 5
16529 7 6 5
16530 13 13 5
16531 11 11 5
16532 7 6 5
16533 11 11 5
16534 13 13 5
16535 9 8 4
16536 10 9 5
16537 15 14 6
16538 16 16 6
16539 12 11 5
16540 13 12 6
16541 12 12 8
16542 16 16 6
16543 8 8 4
16544 10 9 5
16545 13 12 6
16546 10 10 4
16547 10 9 5
16548 13 13 5
16549 13 13 7
16550 19 18 4
16551 14 13 7
16552 15 14 4
16553 10 9 5
16554 9 8 4
16555 16 15 5
16556 11 10 4
16557 18 17 5
16558 15 15 5
16559 11 10 4
16560 12 11 5
16561 15 15 5
16562 15 15 5
16563 7 6 5
16564 13 13 5
16565 9 9 5
16566 11 11 5
16567 13 12 6
16568 30 30 8
16569 20 19 5
16570 15 14 4
16571 34 33 7
16572 23 22 6
16573 20 19 5
16574 9 8 4
16575 20 19 5
16576 13 12 6
16577 10 10 6
16578 8 8 4
16579 10 9 5
16580 7 7 7
16581 14 13 5
16582 13 12 4
16583 10 9 5
16584 9 9 5
16585 13 13 7
16586 13 12 6
16587 16 16 4
16588 10 9 5
16589 17 16 6
16590 16 16 4
16591 8 7 6
16592 14 14 6
16593 18 17 5
16594 17 16 4
16595 10 9 5
16596 19 19 5
16597 17 17 5
16598 11 11 7
16599 11 10 6
16600 8 8 4
16601 6 5 4
16602 6 5 4
16603 14 13 7
16604 13 13 5
16605 11 11 5
16606 9 9 5
16607 11 11 5
16608 7 6 5
16609 9 9 5
16610 15 14 6
16611 14 14 6
16612 8 8 4
16613 6 5 4
16614 12 11 5
16615 17 17 5
16616 13 13 5
16617 19 19 5
16618 19 18 6
16619 12 12 6
16620 16 15 5
16621 13 13 5
16622 11 10 4
16623 12 11 7
16624 7 6 5
16625 15 14 6
16626 8 8 4
16627 18 17 5
16628 11 11 5
16629 13 13 5
16630 11 11 5
16631 9 8 7
16632 7 6 5
16633 21 20 6
16634 20 20 4
16635 16 15 7
16636 15 14 4
16637 14 13 5
16638 15 15 7
16639 17 16 6
16640 12 11 5
16641 13 13 5
16642 13 12 6
16643 16 16 6
16644 20 19 7
16645 41 40 6
16646 30 29 7
16647 27 26 6
16648 16 16 6
16649 22 22 6
16650 14 13 5
16651 27 27 5
16652 19 19 5
16653 19 18 6
16654 22 22 6
16655 26 26 6
16656 10 10 4
16657 24 23 7
16658 17 16 4
16659 20 19 5
16660 19 18 4
16661 20 19 5
16662 27 26 6
16663 30 29 5
16664 21 20 4
16665 22 21 5
16666 27 27 5
16667 27 27 5
16668 35 35 5
16669 29 28 6
16670 34 33 5
16671 41 40 8
16672 32 32 6
16673 38 38 6
16674 32 32 8
16675 30 30 6
16676 30 29 5
16677 49 49 9
16678 27 26 6
16679 44 44 14
16680 42 41 7
16681 33 32 8
16682 28 27 7
16683 45 45 9
16684 25 24 8
16685 16 15 5
16686 29 29 9
16687 23 23 7
16688 13 12 4
16689 18 17 5
16690 29 29 9
16691 13 13 5
16692 13 13 5
16693 27 26 6
16694 38 38 8
16695 20 20 4
16696 20 19 5
16697 31 31 9
16698 23 23 7
16699 21 20 4
16700 28 27 7
16701 23 23 5
16702 19 19 5
16703 23 23 5
16704 9 9 5
16705 17 17 5
16706 17 16 6
16707 24 23 7
16708 17 16 4
16709 30 29 7
16710 25 25 5
16711 27 26 6
16712 22 22 10
16713 28 28 6
16714 30 29 9
16715 17 17 5
16716 49 48 12
16717 24 23 5
16718 27 27 5
16719 29 29 9
16720 25 25 7
16721 27 27 7
16722 29 29 9
16723 23 22 4
16724 32 31 9
16725 41 40 8
16726 26 25 7
16727 21 20 6
16728 18 18 6
16729 16 15 5
16730 33 32 6
16731 28 27 5
16732 21 21 5
16733 21 21 7
16734 25 25 7
16735 15 14 6
16736 20 20 6
16737 26 25 9
16738 19 19 7
16739 27 26 8
16740 20 20 8
16741 24 24 8
16742 18 18 4
16743 34 33 9
16744 43 42 8
16745 18 18 4
16746 34 33 13
16747 35 34 6
16748 24 23 5
16749 15 15 5
16750 19 19 5
16751 25 25 5
16752 23 23 7
16753 37 36 16
16754 12 12 4
16755 22 21 7
16756 21 21 5
16757 17 16 6
16758 42 41 13
16759 33 33 7
16760 15 15 5
16761 37 37 7
16762 25 25 9
16763 29 29 5
16764 29 28 6
16765 26 26 8
16766 26 26 12
16767 24 23 7
16768 25 24 4
16769 32 31 9
16770 29 28 6
16771 26 26 6
16772 26 26 6
16773 30 30 10
16774 36 36 10
16775 30 29 5
16776 29 29 5
16777 21 20 4
16778 52 51 9
16779 31 30 4
16780 50 49 7
16781 33 33 7
16782 35 34 6
16783 32 32 6
16784 36 35 5
16785 39 38 10
16786 40 39 5
16787 33 33 7
16788 21 20 4
16789 40 39 7
16790 39 39 7
16791 35 34 4
16792 32 31 7
16793 43 42 8
16794 32 31 7
16795 19 18 4
16796 24 23 5
16797 23 23 5
16798 41 41 7
16799 41 40 6
16800 26 26 6
16801 42 41 7
16802 29 29 7
16803 37 37 5
16804 53 53 7
16805 33 33 7
16806 37 36 6
16807 40 40 10
16808 30 30 8
16809 28 28 6
16810 28 28 6
16811 32 32 6
16812 34 34 8
16813 36 36 8
16814 28 27 5
16815 27 26 6
16816 32 32 6
16817 34 34 12
16818 22 22 4
16819 24 23 5
16820 27 27 7
16821 25 25 5
16822 19 18 4
16823 28 27 5
16824 15 15 5
16825 25 24 4
16826 16 15 5
16827 13 12 4
16828 24 23 5
16829 17 17 5
16830 25 24 6
16831 12 12 4
16832 20 19 7
16833 19 19 5
16834 17 17 5
16835 25 24 6
16836 26 26 8
16837 20 19 5
16838 15 15 5
16839 23 23 5
16840 25 24 8
16841 16 16 6
16842 10 10 4
16843 16 15 5
16844 11 10 4
16845 20 19 7
16846 21 20 4
16847 20 19 5
16848 13 12 6
16849 14 14 6
16850 14 13 5
16851 21 20 8
16852 14 14 4
16853 14 13 5
16854 15 14 4
16855 18 17 5
16856 9 9 5
16857 23 22 4
16858 12 11 5
16859 17 17 5
16860 37 37 7
16861 15 15 5
16862 13 13 5
16863 33 32 6
16864 22 21 5
16865 19 19 5
16866 23 22 6
16867 24 24 4
16868 26 25 7
16869 35 34 8
16870 28 28 6
16871 24 23 9
16872 15 14 6
16873 18 18 6
16874 26 26 6
16875 24 23 5
16876 17 17 5
16877 31 31 9
16878 27 26 6
16879 18 18 6
16880 8 8 4
16881 22 21 5
16882 23 23 7
16883 17 16 4
16884 26 25 7
16885 17 16 4
16886 26 25 7
16887 11 10 4
16888 12 11 5
16889 9 8 4
16890 18 17 5
16891 21 20 6
16892 20 20 6
16893 18 18 6
16894 16 16 6
16895 8 8 4
16896 16 15 5
16897 13 12 4
16898 10 9 5
16899 27 27 5
16900 13 13 5
16901 13 12 4
16902 12 11 5
16903 9 9 5
16904 11 10 4
16905 24 23 5
16906 19 19 5
16907 35 34 6
16908 30 29 5
16909 29 28 6
16910 24 23 5
16911 21 20 6
16912 10 10 4
16913 8 7 6
16914 14 14 4
16915 16 15 5
16916 23 22 4
16917 22 21 5
16918 17 16 4
16919 16 15 5
16920 35 34 8
16921 12 12 4
16922 14 13 5
16923 9 9 5
16924 13 12 4
16925 14 13 5
16926 15 14 6
16927 20 20 6
16928 26 26 4
16929 10 9 5
16930 9 8 4
16931 22 21 5
16932 25 24 6
16933 12 12 4
16934 32 31 7
16935 27 27 5
16936 21 21 5
16937 27 27 5
16938 21 20 4
16939 20 19 5
16940 33 33 5
16941 37 36 6
16942 12 12 4
16943 26 25 5
16944 29 28 6
16945 28 27 5
16946 27 26 4
16947 16 15 5
16948 15 14 4
16949 22 21 5
16950 35 35 5
16951 17 17 5
16952 27 26 6
16953 26 25 5
16954 29 29 5
16955 29 28 6
16956 26 25 5
16957 41 41 9
16958 29 28 6
16959 32 31 5
16960 25 25 5
16961 23 23 5
16962 25 25 7
16963 41 40 14
16964 28 27 7
16965 41 40 12
16966 20 20 6
16967 32 31 5
16968 21 21 5
16969 25 24 4
16970 26 25 7
16971 27 26 6
16972 36 36 6
16973 18 17 5
16974 43 42 8
16975 22 22 6
16976 26 26 6
16977 22 22 4
16978 14 13 5
16979 21 20 6
16980 18 18 6
16981 16 16 4
16982 20 19 5
16983 25 24 4
16984 18 17 5
16985 13 13 5
16986 19 18 4
16987 10 9 5
16988 17 16 4
16989 18 17 5
16990 17 16 4
16991 16 15 5
16992 19 18 4
16993 16 15 5
16994 23 22 4
16995 18 17 7
16996 11 10 4
16997 18 17 5
16998 15 15 5
16999 9 8 4
17000 26 25 5
17001 15 15 7
17002 9 8 4
17003 12 11 5
17004 11 11 5
17005 19 19 5
17006 19 19 5
17007 17 16 4
17008 14 13 7
17009 15 14 4
17010 12 11 5
17011 7 7 7
17012 24 24 6
17013 22 22 4
17014 28 27 5
17015 23 23 5
17016 17 17 5
17017 23 22 4
17018 16 15 5
17019 17 17 5
17020 21 20 6
17021 14 13 5
17022 17 16 6
17023 16 16 4
17024 20 19 7
17025 29 28 4
17026 16 15 5
17027 25 24 6
17028 16 16 4
17029 18 17 5
17030 27 26 4
17031 20 19 5
17032 19 19 5
17033 19 18 6
17034 22 22 4
17035 40 39 9
17036 23 22 4
17037 20 19 5
17038 21 21 5
17039 27 27 5
17040 23 22 6
17041 24 24 6
17042 22 22 6
17043 22 22 4
17044 30 29 7
17045 17 16 6
17046 32 32 6
17047 26 25 5
17048 27 26 4
17049 16 15 5
17050 11 10 4
17051 30 29 7
17052 15 14 4
17053 28 27 9
17054 19 18 6
17055 16 16 4
17056 22 21 5
17057 23 22 6
17058 18 18 4
17059 14 13 5
17060 13 13 5
17061 27 26 6
17062 22 21 5
17063 29 29 5
17064 21 20 6
17065 20 19 5
17066 21 20 4
17067 20 19 5
17068 19 18 4
17069 18 17 5
17070 15 14 6
17071 18 18 4
17072 18 17 5
17073 19 19 5
17074 19 18 6
17075 18 18 6
17076 26 25 5
17077 19 18 6
17078 26 25 7
17079 15 15 5
17080 11 10 4
17081 28 27 5
17082 17 17 5
17083 17 17 5
17084 23 23 5
17085 21 20 4
17086 18 17 5
17087 29 28 6
17088 16 15 5
17089 21 20 6
17090 22 21 5
17091 15 14 4
17092 30 29 7
17093 17 16 4
17094 16 15 5
17095 19 18 6
17096 10 10 4
17097 28 27 7
17098 17 16 4
17099 16 15 5
17100 25 24 6
17101 28 27 7
17102 21 20 8
17103 12 12 4
17104 26 25 7
17105 25 25 7
17106 19 18 4
17107 18 17 5
17108 25 25 5
17109 23 23 7
17110 15 15 5
17111 17 17 5
17112 13 13 5
17113 25 24 6
17114 24 24 4
17115 26 25 5
17116 25 25 7
17117 15 15 5
17118 15 15 5
17119 19 18 4
17120 22 21 5
17121 19 19 5
17122 17 16 6
17123 16 15 5
17124 21 20 4
17125 18 17 5
17126 15 15 5
17127 29 28 6
17128 10 9 5
17129 25 24 6
17130 22 21 7
17131 19 19 5
17132 9 9 5
17133 35 35 11
17134 25 24 8
17135 22 21 9
17136 9 8 4
17137 12 11 5
17138 13 12 4
17139 28 27 5
17140 19 19 5
17141 27 27 7
17142 9 9 5
17143 21 20 6
17144 16 16 4
17145 22 21 5
17146 21 21 5
17147 29 29 7
17148 17 17 5
17149 19 19 7
17150 29 28 6
17151 28 28 6
17152 20 19 5
17153 27 27 9
17154 15 14 4
17155 20 19 5
17156 25 24 6
17157 18 17 5
17158 15 15 5
17159 15 15 5
17160 19 18 4
17161 20 19 5
17162 25 25 5
17163 19 19 5
17164 23 23 5
17165 27 27 7
17166 19 18 4
17167 14 13 5
17168 25 24 6
17169 14 14 6
17170 18 17 5
17171 13 12 6
17172 10 10 4
17173 16 15 5
17174 19 18 4
17175 18 17 7
17176 11 10 4
17177 14 13 5
17178 19 18 6
17179 28 28 6
17180 18 18 6
17181 24 24 8
17182 18 17 5
17183 19 18 6
17184 14 13 5
17185 23 23 5
17186 21 20 6
17187 20 20 6
17188 16 15 5
17189 27 26 6
17190 18 17 5
17191 5 5 5
17192 18 17 5
17193 25 24 6
17194 20 19 5
17195 17 17 5
17196 17 17 5
17197 21 20 6
17198 10 10 6
17199 12 12 4
17200 14 13 5
17201 23 23 5
17202 13 13 5
17203 19 18 6
17204 12 12 6
17205 20 20 6
17206 18 18 4
17207 16 15 5
17208 13 12 6
17209 16 16 6
17210 18 18 6
17211 12 11 5
17212 15 14 6
17213 16 16 6
17214 6 6 6
17215 11 10 6
17216 12 12 6
17217 16 16 6
17218 10 10 4
17219 14 13 5
17220 11 11 5
17221 5 5 5
17222 8 7 6
17223 16 15 5
17224 13 12 6
17225 8 8 4
17226 8 7 6
17227 16 16 4
17228 12 11 7
17229 13 12 6
17230 18 18 6
17231 12 12 6
17232 16 16 6
17233 26 26 6
17234 16 16 6
17235 16 16 4
17236 6 5 4
17237 14 13 5
17238 7 6 5
17239 15 14 8
17240 22 22 6
17241 14 14 4
17242 14 13 5
17243 9 9 5
17244 21 20 6
17245 12 11 5
17246 5 5 5
17247 20 19 5
17248 13 12 6
17249 12 11 5
17250 15 14 6
17251 12 12 6
17252 22 21 7
17253 17 16 6
17254 12 12 4
17255 12 11 5
17256 11 11 5
17257 19 18 4
17258 10 9 5
17259 11 11 7
17260 15 14 4
17261 16 15 5
17262 17 16 6
17263 14 14 4
17264 12 11 5
17265 9 9 5
17266 15 14 6
17267 14 14 6
17268 20 20 6
17269 10 10 4
17270 10 9 5
17271 15 14 6
17272 22 21 5
17273 17 16 6
17274 14 14 4
17275 14 13 5
17276 13 12 4
17277 22 21 7
17278 17 16 4
17279 18 17 5
17280 11 10 4
17281 8 7 6
17282 12 12 6
17283 16 15 5
17284 11 10 4
17285 12 11 5
17286 25 24 6
17287 12 12 4
17288 10 9 5
17289 9 8 4
17290 12 11 5
17291 13 12 4
17292 16 15 7
17293 11 10 6
17294 6 6 6
17295 9 9 5
17296 19 18 4
17297 16 15 5
17298 13 13 5
17299 9 8 4
17300 10 9 5
17301 17 16 6
17302 16 16 6
17303 12 12 4
17304 18 17 5
17305 17 17 5
17306 11 11 5
17307 9 9 5
17308 11 10 6
17309 8 8 4
17310 8 7 6
17311 10 10 6
17312 12 12 4
17313 16 15 5
17314 17 16 6
17315 8 8 4
17316 16 15 5
17317 17 16 4
17318 14 13 5
17319 9 9 5
17320 15 14 6
17321 8 8 4
17322 10 9 5
17323 9 9 5
17324 15 14 4
17325 14 13 5
17326 15 15 5
17327 11 11 5
17328 11 11 7
17329 11 10 4
17330 12 11 5
17331 13 12 4
17332 8 7 6
17333 18 18 6
17334 18 17 5
17335 15 15 5
17336 11 10 4
17337 12 11 5
17338 17 16 6
17339 12 12 6
17340 8 8 4
17341 16 15 5
17342 11 11 5
17343 15 14 6
17344 8 8 4
17345 16 15 5
17346 19 19 7
17347 13 12 6
17348 10 10 4
17349 22 21 7
17350 17 16 6
17351 12 12 4
17352 12 11 5
17353 13 13 5
17354 23 22 6
17355 20 20 4
17356 12 11 7
17357 13 12 6
17358 18 18 6
17359 6 6 6
17360 19 18 4
17361 20 19 5
17362 13 12 4
17363 20 19 5
17364 25 24 6
17365 18 17 5
17366 15 15 5
17367 13 12 4
17368 14 13 5
17369 17 16 4
17370 20 19 5
17371 27 27 5
17372 21 21 5
17373 29 29 5
17374 21 21 5
17375 21 20 6
17376 24 24 8
17377 22 21 5
17378 27 26 6
17379 44 43 7
17380 19 19 5
17381 33 32 6
17382 26 25 5
17383 23 22 6
17384 22 22 8
17385 24 24 6
17386 32 31 7
17387 63 63 9
17388 29 28 4
17389 32 31 9
17390 41 41 7
17391 59 58 12
17392 34 34 8
17393 36 35 7
17394 27 27 7
17395 23 23 7
17396 29 29 5
17397 41 41 11
17398 43 43 13
17399 33 32 8
17400 46 45 11
17401 45 44 8
17402 50 49 11
17403 19 19 5
17404 37 37 9
17405 37 37 9
17406 37 37 9
17407 29 28 8
17408 24 24 4
17409 50 49 13
17410 25 24 8
17411 30 29 7
17412 19 19 7
17413 29 28 8
17414 30 30 6
17415 24 24 4
17416 28 27 5
17417 49 49 7
17418 25 25 7
17419 31 30 6
17420 24 24 6
17421 32 31 5
17422 25 24 6
17423 22 22 6
17424 26 26 6
17425 24 24 8
17426 24 23 5
17427 33 33 7
17428 29 28 8
17429 30 30 6
17430 26 26 8
17431 34 34 8
17432 20 20 4
17433 22 21 5
17434 25 24 6
17435 34 34 6
17436 22 22 6
17437 22 21 5
17438 19 19 5
17439 27 27 7
17440 19 19 5
17441 37 37 9
17442 21 20 6
17443 24 24 6
17444 30 30 6
17445 30 29 7
17446 27 27 5
17447 35 34 8
17448 16 16 4
17449 36 35 7
17450 29 29 5
17451 19 19 7
17452 27 26 6
17453 34 33 7
17454 27 27 5
17455 31 31 9
17456 33 32 6
17457 26 26 6
17458 22 21 7
17459 21 20 6
17460 22 22 6
17461 36 35 9
17462 43 43 9
17463 11 11 5
17464 35 34 8
17465 24 23 7
17466 43 42 10
17467 24 24 6
17468 36 36 8
17469 28 28 6
17470 16 15 5
17471 15 14 4
17472 26 25 5
17473 23 22 4
17474 34 33 11
17475 33 32 6
17476 30 30 6
17477 30 29 5
17478 37 37 5
17479 19 18 6
17480 28 28 6
17481 30 30 6
17482 34 34 6
17483 30 30 8
17484 24 24 4
17485 18 17 5
17486 17 17 5
17487 33 32 8
17488 18 18 6
17489 30 29 7
17490 31 30 8
17491 32 32 8
17492 30 29 5
17493 19 19 5
17494 35 34 8
17495 26 26 4
17496 22 21 7
17497 25 24 6
17498 22 22 8
17499 26 26 6
17500 24 23 5
17501 17 16 6
17502 16 16 6
17503 20 20 6
17504 20 19 5
17505 19 18 6
17506 32 31 7
17507 25 25 5
17508 21 21 7
17509 27 26 4
17510 20 19 7
17511 15 14 4
17512 18 17 5
17513 23 23 5
17514 13 13 5
17515 15 14 4
17516 22 21 5
17517 19 18 6
17518 30 29 5
17519 25 24 6
17520 16 16 4
17521 18 17 5
17522 11 10 6
17523 26 26 6
17524 30 30 6
17525 14 14 4
17526 26 25 7
17527 31 30 4
17528 40 39 5
17529 23 23 5
17530 15 14 6
17531 12 12 4
17532 26 25 5
17533 25 25 5
17534 17 17 5
17535 17 16 4
17536 30 29 7
17537 15 15 5
17538 33 32 4
17539 26 25 9
17540 21 21 5
17541 23 23 5
17542 27 27 7
17543 25 24 6
17544 14 14 4
17545 20 19 5
17546 21 21 5
17547 39 38 6
17548 20 20 6
17549 20 19 5
17550 27 27 7
17551 31 30 6
17552 16 16 4
17553 10 9 5
17554 25 24 4
17555 30 29 7
17556 25 24 6
17557 24 24 6
17558 22 22 6
17559 14 13 5
17560 23 23 5
17561 25 24 4
17562 28 27 5
17563 23 23 5
17564 21 21 5
17565 25 24 6
17566 20 20 6
17567 20 20 4
17568 20 19 5
17569 13 13 5
17570 23 23 5
17571 13 12 4
17572 32 31 5
17573 23 23 5
17574 21 20 6
17575 18 17 5
17576 29 28 6
17577 26 25 5
17578 35 34 6
17579 10 10 4
17580 20 19 5
17581 25 25 5
17582 23 23 7
17583 19 18 4
17584 28 27 5
17585 17 17 5
17586 15 14 6
17587 24 24 4
17588 10 9 5
17589 13 12 4
17590 22 21 5
17591 21 21 5
17592 23 23 5
17593 27 26 6
17594 14 14 6
17595 22 22 6
17596 10 10 4
17597 36 35 7
17598 25 24 6
17599 20 20 6
17600 20 19 5
17601 17 17 5
17602 9 8 4
17603 24 23 7
17604 21 21 5
17605 29 28 6
17606 18 17 7
17607 17 16 4
17608 22 21 7
17609 15 15 5
17610 21 20 6
17611 16 15 5
17612 13 12 4
17613 22 21 7
17614 21 20 6
17615 16 15 5
17616 15 14 4
17617 30 29 5
17618 11 11 5
17619 13 12 4
17620 16 15 5
17621 31 31 7
17622 23 22 6
17623 26 25 7
17624 25 24 4
17625 30 29 5
17626 21 21 7
17627 15 15 5
17628 27 27 5
17629 13 13 5
17630 19 18 6
17631 30 30 6
17632 24 24 6
17633 16 15 5
17634 23 22 4
17635 20 19 5
17636 33 33 7
17637 13 13 5
17638 15 14 4
17639 20 19 5
17640 19 19 5
17641 25 25 5
17642 41 40 6
17643 32 32 8
17644 32 32 8
17645 30 30 6
17646 18 17 5
17647 27 26 6
17648 32 32 10
17649 28 28 8
17650 28 28 10
17651 34 34 6
17652 16 16 6
17653 32 31 7
17654 19 18 6
17655 24 23 7
17656 25 24 6
17657 14 14 6
17658 20 20 6
17659 24 24 6
17660 22 22 8
17661 20 19 7
17662 25 24 6
17663 28 28 6
17664 36 35 9
17665 19 19 7
17666 11 10 4
17667 16 15 5
17668 25 25 7
17669 19 19 5
17670 15 14 6
17671 20 20 6
17672 24 23 7
17673 15 15 5
17674 13 12 4
17675 14 13 5
17676 19 19 7
17677 21 20 6
17678 14 14 6
17679 16 16 6
17680 16 16 6
17681 14 13 5
17682 17 17 7
17683 27 26 6
17684 10 9 5
17685 19 18 4
17686 16 15 5
17687 27 26 6
17688 18 18 6
17689 12 12 4
17690 16 15 5
17691 11 11 5
17692 21 20 4
17693 16 15 5
17694 15 14 4
17695 10 9 5
17696 21 20 6
17697 12 12 4
17698 12 11 5
17699 19 18 6
17700 16 16 4
17701 18 17 5
17702 23 22 6
17703 12 12 4
17704 14 13 5
17705 15 15 5
17706 19 18 6
17707 14 14 6
17708 8 8 4
17709 18 17 5
17710 17 16 6
17711 10 10 6
17712 10 10 4
17713 6 5 4
17714 12 11 5
17715 19 19 5
17716 15 15 5
17717 11 10 4
17718 16 15 7
17719 13 13 5
17720 21 20 6
17721 10 9 5
17722 21 20 6
17723 12 12 4
17724 20 19 7
17725 11 10 4
17726 12 11 7
17727 17 16 4
17728 12 11 5
17729 11 10 4
17730 18 17 7
17731 21 20 6
17732 26 25 5
17733 19 18 4
17734 38 37 7
17735 31 30 6
17736 30 29 5
17737 21 20 4
17738 24 23 7
17739 33 32 6
17740 24 23 7
17741 21 20 4
17742 16 15 5
17743 25 25 7
17744 21 20 6
17745 22 22 4
17746 20 19 5
17747 25 24 10
17748 36 35 9
17749 23 22 6
17750 26 25 5
17751 17 16 6
17752 20 20 6
17753 20 19 7
17754 23 22 10
17755 28 27 7
17756 31 30 6
17757 40 39 7
17758 11 10 4
17759 14 13 5
17760 21 20 6
17761 26 25 7
17762 37 36 10
17763 28 28 8
17764 32 31 5
17765 19 18 6
17766 34 33 5
17767 21 21 5
17768 19 19 5
17769 25 24 6
17770 14 14 6
17771 20 20 6
17772 20 20 4
17773 26 25 7
17774 25 25 5
17775 25 25 7
17776 35 34 8
17777 34 33 9
17778 41 40 8
17779 22 22 8
17780 22 21 7
17781 13 13 5
17782 33 32 10
17783 22 22 6
17784 24 23 5
17785 33 32 10
17786 22 22 8
17787 22 22 4
17788 18 17 5
17789 23 23 9
17790 23 22 4
17791 28 27 9
17792 17 17 7
17793 11 10 4
17794 20 19 5
17795 15 14 4
17796 18 17 5
17797 17 16 4
17798 14 13 5
17799 11 11 5
17800 15 15 5
17801 13 12 6
17802 16 16 4
17803 14 13 5
17804 19 18 4
17805 12 11 5
17806 15 14 6
17807 20 20 8
17808 10 10 6
17809 16 16 6
17810 18 17 5
17811 13 12 4
17812 14 13 5
17813 9 9 5
17814 15 14 6
17815 10 9 5
17816 15 14 6
17817 16 16 6
17818 18 18 8
17819 8 8 4
17820 8 7 6
17821 8 8 4
17822 6 5 4
17823 10 9 5
17824 15 14 8
17825 10 10 4
17826 14 13 5
17827 15 14 6
17828 16 15 5
17829 19 18 4
17830 14 13 5
17831 23 23 5
17832 9 9 5
17833 13 13 5
17834 13 12 4
17835 6 5 4
17836 10 9 5
17837 13 13 5
17838 7 6 5
17839 19 19 7
17840 11 10 4
17841 14 13 5
17842 23 23 5
17843 13 12 4
17844 12 11 5
17845 19 18 6
17846 10 10 4
17847 12 11 5
17848 17 16 6
17849 18 18 4
17850 16 15 5
17851 21 20 6
17852 8 8 4
17853 18 17 5
17854 13 13 5
17855 13 12 6
17856 10 10 4
17857 10 9 5
17858 9 8 4
17859 14 13 5
17860 5 5 5
17861 10 9 5
17862 31 30 6
17863 28 28 4
17864 16 15 5
17865 11 11 5
17866 17 16 6
17867 14 13 5
17868 13 12 6
17869 8 8 4
17870 12 11 5
17871 11 11 5
17872 21 20 4
17873 20 19 5
17874 19 18 4
17875 16 15 7
17876 13 12 4
17877 6 5 4
17878 18 17 5
17879 15 14 4
17880 10 9 5
17881 25 24 6
17882 14 13 5
17883 29 28 4
17884 16 15 5
17885 15 14 4
17886 6 5 4
17887 14 13 5
17888 13 13 5
17889 15 14 6
17890 14 13 5
17891 11 10 4
17892 6 5 4
17893 16 15 5
17894 11 11 5
17895 17 17 5
17896 13 13 5
17897 17 16 4
17898 12 11 5
17899 11 10 4
17900 18 17 5
17901 17 17 7
17902 9 9 5
17903 9 8 4
17904 6 5 4
17905 10 9 5
17906 11 11 5
17907 13 13 7
17908 7 6 5
17909 13 12 4
17910 12 11 5
17911 11 11 5
17912 5 5 5
17913 14 13 5
17914 17 16 4
17915 14 13 5
17916 23 23 5
17917 9 9 5
17918 15 14 4
17919 18 17 5
17920 7 6 5
17921 15 14 6
17922 10 10 4
17923 16 15 5
17924 5 5 5
17925 12 11 5
17926 13 12 4
17927 10 9 5
17928 11 11 5
17929 5 5 5
17930 14 13 5
17931 17 17 7
17932 11 10 6
17933 12 12 6
17934 14 13 5
17935 13 12 6
17936 16 16 6
17937 18 18 6
17938 18 17 5
17939 17 16 6
17940 10 9 5
17941 9 8 4
17942 8 7 6
17943 10 10 4
17944 16 15 5
17945 9 9 5
17946 7 6 5
17947 9 9 5
17948 11 11 5
17949 19 18 6
17950 8 8 4
17951 14 13 5
17952 9 8 4
17953 14 13 5
17954 7 6 5
17955 13 12 4
17956 12 11 5
17957 11 10 4
17958 10 9 5
17959 11 11 7
17960 11 10 4
17961 14 13 5
17962 13 12 4
17963 16 15 5
17964 11 11 7
17965 13 12 4
17966 10 9 5
17967 15 15 5
17968 19 18 6
17969 12 12 4
17970 14 13 5
17971 7 6 5
17972 11 10 6
17973 14 13 5
17974 7 6 5
17975 7 6 5
17976 17 16 6
17977 16 16 6
17978 6 6 6
17979 11 11 5
17980 9 8 4
17981 12 11 5
17982 11 11 7
17983 11 10 6
17984 8 8 4
17985 10 9 5
17986 13 13 5
17987 9 9 5
17988 13 13 5
17989 15 14 4
17990 20 19 7
17991 21 21 5
17992 15 15 5
17993 17 16 6
17994 14 13 5
17995 11 10 4
17996 22 21 5
17997 21 21 5
17998 25 24 6
17999 24 24 6
18000 24 24 4
18001 20 19 5
18002 11 11 7
18003 21 20 6
18004 24 24 6
18005 18 18 4
18006 24 23 5
18007 19 19 5
18008 23 23 5
18009 31 31 5
18010 19 19 5
18011 25 24 4
18012 32 31 7
18013 29 29 7
18014 41 40 8
18015 44 44 10
18016 24 24 6
18017 24 23 7
18018 39 38 8
18019 36 36 6
18020 42 41 7
18021 27 26 6
18022 38 38 8
18023 40 40 6
18024 44 43 7
18025 23 22 6
18026 38 37 7
18027 37 36 6
18028 38 37 7
18029 37 37 9
18030 31 30 6
18031 44 43 7
18032 19 19 5
18033 47 46 10
18034 30 30 6
18035 52 52 12
18036 44 44 8
18037 38 37 9
18038 43 42 12
18039 20 20 4
18040 58 57 13
18041 29 29 7
18042 35 34 8
18043 36 35 7
18044 21 20 6
18045 26 25 5
18046 29 29 5
18047 27 26 6
18048 24 23 5
18049 33 32 8
18050 24 24 6
18051 26 26 6
18052 46 45 9
18053 25 25 7
18054 13 12 4
18055 34 33 5
18056 25 24 6
18057 26 26 6
18058 26 25 7
18059 21 20 6
18060 24 24 4
18061 24 23 7
18062 21 20 4
18063 20 19 5
18064 27 26 6
18065 28 27 7
18066 21 20 4
18067 22 21 5
18068 17 16 6
18069 28 28 4
18070 20 19 5
18071 29 28 6
18072 22 21 5
18073 25 25 5
18074 11 11 5
18075 31 30 6
18076 18 18 4
18077 14 13 5
18078 15 15 7
18079 13 12 6
18080 18 18 6
18081 20 20 4
18082 20 19 7
18083 25 25 5
18084 9 9 5
18085 19 18 4
18086 16 15 7
18087 21 20 4
18088 14 13 5
18089 15 14 4
18090 14 13 5
18091 15 15 5
18092 13 12 4
18093 14 13 5
18094 13 13 5
18095 21 20 4
18096 14 13 5
18097 21 20 6
18098 18 18 6
18099 10 10 4
18100 12 11 5
18101 23 23 7
18102 15 14 6
18103 14 14 6
18104 18 18 6
18105 10 10 4
18106 20 19 7
18107 11 10 6
18108 18 18 6
18109 24 24 6
18110 20 20 4
18111 30 29 7
18112 13 12 4
18113 18 17 5
18114 21 20 6
18115 24 23 9
18116 17 16 6
18117 12 12 4
18118 26 25 5
18119 11 10 4
18120 18 17 7
18121 25 24 6
18122 24 24 4
18123 16 15 5
18124 27 26 6
18125 12 12 4
18126 20 19 5
18127 13 13 5
18128 13 12 4
18129 22 21 5
18130 9 9 5
18131 21 20 6
18132 10 10 4
18133 28 27 7
18134 13 12 4
18135 20 19 5
18136 11 11 5
18137 7 7 7
18138 10 10 4
18139 22 21 5
18140 15 15 5
18141 13 13 5
18142 13 13 5
18143 13 12 6
18144 14 14 4
18145 12 11 5
18146 17 17 5
18147 13 13 5
18148 15 14 6
18149 10 10 6
18150 12 12 4
18151 12 11 5
18152 13 12 6
18153 18 17 5
18154 19 18 6
18155 8 8 4
18156 10 9 5
18157 11 10 6
18158 20 20 6
18159 18 17 5
18160 11 10 4
18161 12 11 5
18162 13 13 5
18163 19 18 6
18164 12 11 7
18165 11 10 4
18166 16 15 5
18167 11 10 4
18168 10 9 5
18169 9 8 4
18170 10 9 5
18171 11 10 4
18172 14 13 5
18173 15 14 6
18174 12 11 5
18175 13 12 6
18176 16 16 6
18177 34 34 6
18178 14 14 4
18179 14 13 5
18180 11 10 4
18181 12 11 5
18182 15 15 5
18183 17 17 5
18184 7 6 5
18185 11 10 4
18186 26 25 7
18187 21 20 6
18188 16 16 6
18189 16 16 6
18190 10 10 4
18191 18 17 5
18192 11 11 5
18193 17 17 7
18194 13 12 4
18195 22 21 7
18196 17 16 6
18197 12 12 6
18198 12 12 4
18199 12 11 7
18200 9 8 4
18201 14 13 5
18202 19 18 4
18203 12 11 5
18204 15 14 6
18205 18 18 4
18206 22 21 5
18207 15 15 7
18208 7 6 5
18209 11 11 5
18210 25 24 8
18211 18 18 4
18212 12 11 5
18213 9 9 5
18214 11 11 5
18215 17 16 4
18216 30 29 5
18217 33 33 5
18218 17 16 6
18219 18 18 4
18220 28 27 5
18221 17 17 5
18222 21 20 4
18223 22 21 7
18224 21 20 4
18225 18 17 5
18226 13 12 4
18227 26 25 7
18228 9 8 7
18229 19 18 6
18230 14 14 4
18231 16 15 5
18232 9 9 5
18233 21 20 6
18234 12 11 5
18235 13 12 4
18236 14 13 5
18237 13 12 6
18238 16 15 5
18239 17 16 8
18240 16 16 4
18241 8 7 6
18242 16 16 6
18243 16 16 6
18244 6 6 6
18245 15 14 6
18246 22 22 6
18247 10 10 4
18248 14 13 7
18249 25 24 6
18250 14 14 4
18251 30 29 7
18252 7 7 7
18253 8 8 4
18254 6 5 4
18255 16 15 5
18256 13 13 5
18257 15 14 6
18258 18 18 6
18259 14 14 6
18260 18 17 5
18261 37 36 6
18262 16 15 5
18263 31 30 6
18264 22 22 4
18265 32 31 5
18266 17 17 5
18267 17 16 4
18268 16 15 7
18269 19 18 6
18270 20 20 4
18271 20 19 5
18272 25 24 4
18273 24 23 7
18274 17 16 6
18275 14 13 5
18276 13 12 4
18277 16 15 5
18278 13 13 7
18279 11 10 4
18280 16 15 5
18281 11 10 4
18282 10 9 5
18283 13 13 5
18284 11 10 6
18285 16 16 6
18286 12 12 6
18287 12 12 6
18288 10 10 4
18289 14 13 5
18290 11 11 5
18291 9 9 5
18292 11 10 6
18293 16 16 6
18294 12 11 5
18295 7 6 5
18296 11 10 4
18297 16 15 7
18298 11 10 4
18299 16 15 7
18300 19 18 6
18301 10 10 4
18302 14 13 5
18303 13 13 5
18304 17 16 6
18305 10 9 5
18306 7 7 7
18307 6 6 6
18308 11 10 6
18309 12 12 6
18310 14 14 4
18311 18 17 5
18312 17 16 6
18313 10 10 4
18314 6 5 4
18315 18 17 5
18316 21 20 6
18317 16 16 6
18318 14 14 6
18319 12 12 6
18320 10 10 4
18321 10 9 5
18322 13 12 6
18323 16 16 6
18324 8 8 4
18325 16 15 5
18326 9 9 5
18327 7 6 5
18328 7 7 7
18329 10 10 6
18330 12 11 5
18331 5 5 5
18332 16 15 5
18333 7 7 7
18334 10 10 4
18335 18 17 5
18336 15 14 4
18337 14 13 5
18338 21 20 6
18339 20 20 6
18340 12 11 5
18341 27 26 6
18342 14 14 6
18343 26 25 5
18344 19 18 6
18345 28 28 6
18346 18 17 5
18347 19 19 7
18348 11 10 4
18349 16 15 5
18350 15 15 5
18351 13 13 7
18352 13 13 5
18353 21 21 5
18354 23 23 5
18355 15 14 8
18356 14 14 4
18357 20 19 7
18358 19 18 6
18359 14 14 4
18360 16 15 5
18361 13 13 5
18362 25 24 4
18363 22 21 5
18364 13 12 4
18365 18 17 5
18366 11 10 4
18367 28 27 7
18368 27 26 4
18369 26 25 7
18370 25 24 4
18371 20 19 5
18372 21 21 5
18373 13 12 6
18374 16 16 6
18375 12 12 4
18376 22 21 5
18377 17 16 6
18378 16 16 6
18379 20 19 5
18380 11 11 5
18381 13 12 4
18382 16 15 5
18383 23 23 7
18384 25 24 6
18385 38 37 7
18386 21 20 6
18387 18 18 4
18388 20 19 5
18389 19 18 6
18390 20 20 4
18391 14 13 5
18392 19 18 4
18393 16 15 5
18394 25 25 5
18395 19 19 5
18396 19 19 5
18397 15 15 5
18398 23 22 6
18399 24 24 8
18400 28 27 5
18401 17 17 5
18402 19 18 6
18403 24 24 6
18404 10 10 4
18405 26 25 5
18406 49 49 9
18407 29 29 7
18408 17 16 4
18409 32 31 5
18410 33 32 6
18411 22 21 5
18412 23 22 4
18413 30 29 5
18414 43 43 9
18415 31 30 10
18416 38 38 8
18417 18 17 7
18418 31 30 6
18419 26 26 6
18420 26 26 6
18421 20 20 6
18422 22 22 6
18423 30 30 6
18424 18 17 5
18425 17 16 4
18426 28 27 5
18427 23 23 5
18428 31 31 13
18429 17 16 4
18430 26 25 5
18431 13 12 4
18432 16 15 5
18433 29 28 8
18434 24 24 4
18435 20 19 5
18436 19 18 4
18437 18 17 5
18438 23 23 7
18439 13 13 5
18440 15 15 5
18441 13 12 4
18442 12 11 5
18443 15 14 4
18444 20 19 5
18445 11 11 5
18446 11 10 4
18447 16 15 5
18448 15 14 6
18449 16 16 6
18450 8 8 4
18451 16 15 5
18452 17 17 5
18453 15 15 5
18454 15 14 4
18455 12 11 5
18456 25 24 6
18457 18 18 4
18458 14 13 5
18459 23 22 4
18460 12 11 5
18461 11 10 4
18462 20 19 5
18463 11 11 5
18464 13 13 5
18465 9 8 7
18466 15 14 6
18467 8 8 4
18468 16 15 5
18469 13 13 7
18470 19 18 6
18471 10 9 5
18472 13 12 4
18473 16 15 5
18474 15 14 6
18475 8 8 4
18476 10 9 5
18477 13 13 5
18478 11 10 6
18479 8 8 4
18480 22 21 5
18481 15 15 5
18482 17 17 5
18483 21 21 5
18484 13 13 5
18485 15 14 6
18486 6 6 6
18487 13 13 5
18488 11 11 5
18489 15 14 6
18490 12 12 4
18491 16 15 7
18492 17 16 4
18493 10 9 5
18494 13 13 5
18495 15 14 6
18496 12 11 5
18497 11 11 5
18498 13 13 5
18499 13 12 4
18500 14 13 5
18501 11 10 4
18502 16 15 7
18503 9 8 4
18504 18 17 5
18505 15 14 6
18506 12 12 4
18507 12 11 5
18508 13 12 4
18509 12 11 5
18510 13 12 4
18511 16 15 5
18512 11 11 5
18513 7 6 5
18514 13 12 4
18515 22 21 5
18516 15 15 7
18517 11 10 4
18518 12 11 5
18519 9 8 4
18520 14 13 5
18521 23 23 7
18522 15 15 5
18523 7 6 5
18524 11 11 5
18525 13 12 4
18526 16 15 5
18527 11 10 4
18528 10 9 5
18529 21 21 7
18530 17 16 4
18531 12 11 5
18532 19 18 6
18533 16 16 6
18534 14 14 4
18535 14 13 5
18536 9 8 4
18537 20 19 7
18538 23 22 4
18539 20 19 5
18540 21 20 6
18541 22 21 5
18542 17 17 5
18543 13 12 4
18544 14 13 7
18545 15 15 5
18546 15 14 6
18547 20 20 4
18548 16 15 7
18549 21 20 6
18550 24 24 4
18551 14 13 5
18552 21 20 8
18553 10 10 4
18554 22 21 5
18555 25 24 6
18556 18 17 7
18557 13 12 4
18558 20 19 5
18559 11 10 6
18560 12 12 6
18561 20 20 4
18562 14 13 5
18563 11 10 4
18564 10 9 5
18565 17 17 5
18566 15 14 6
18567 18 18 4
18568 16 15 5
18569 23 22 4
18570 14 13 5
18571 15 14 6
18572 10 10 4
18573 10 9 5
18574 11 10 6
18575 10 10 4
18576 12 11 5
18577 17 16 6
18578 24 24 6
18579 12 11 5
18580 11 10 4
18581 12 11 5
18582 11 10 4
18583 18 17 5
18584 9 9 5
18585 13 12 6
18586 12 11 5
18587 17 16 6
18588 8 8 4
18589 16 15 5
18590 17 16 6
18591 12 12 4
18592 22 21 5
18593 13 13 5
18594 11 10 6
18595 12 12 4
18596 10 9 5
18597 9 9 5
18598 9 8 4
18599 16 15 7
18600 13 13 5
18601 13 12 6
18602 12 12 6
18603 16 15 5
18604 17 16 4
18605 18 17 7
18606 7 6 5
18607 9 9 5
18608 19 18 6
18609 14 14 6
18610 14 13 5
18611 15 14 6
18612 16 16 6
18613 10 10 4
18614 14 13 7
18615 13 12 4
18616 12 11 7
18617 17 16 4
18618 20 19 5
18619 21 21 7
18620 19 19 5
18621 17 16 4
18622 20 19 5
18623 13 12 4
18624 20 19 5
18625 17 17 5
18626 19 18 6
18627 10 10 4
18628 10 9 5
18629 13 13 5
18630 13 12 4
18631 12 11 7
18632 15 14 6
18633 10 10 4
18634 12 11 5
18635 17 16 8
18636 8 8 4
18637 16 15 5
18638 21 20 6
18639 14 14 6
18640 18 17 5
18641 13 12 4
18642 10 9 5
18643 9 8 7
18644 11 11 5
18645 15 14 6
18646 14 14 6
18647 20 20 6
18648 8 8 4
18649 12 11 5
18650 11 10 6
18651 8 7 6
18652 18 18 6
18653 12 11 5
18654 9 9 5
18655 15 14 6
18656 12 12 8
18657 12 12 6
18658 10 10 6
18659 10 10 4
18660 12 11 5
18661 7 6 5
18662 17 17 5
18663 13 13 5
18664 7 6 5
18665 7 7 7
18666 16 16 4
18667 18 17 7
18668 13 12 4
18669 16 15 7
18670 21 20 6
18671 18 18 6
18672 16 16 4
18673 22 21 5
18674 23 22 8
18675 12 12 4
18676 24 23 7
18677 21 20 6
18678 16 16 6
18679 12 12 4
18680 28 27 5
18681 13 13 5
18682 15 15 5
18683 11 10 4
18684 16 15 5
18685 13 12 6
18686 8 8 4
18687 36 35 5
18688 11 11 5
18689 27 26 4
18690 32 31 9
18691 33 33 5
18692 33 33 7
18693 23 22 4
18694 34 33 5
18695 31 30 6
18696 28 28 4
18697 30 29 5
18698 23 23 5
18699 15 15 5
18700 23 22 6
18701 26 26 6
18702 42 42 6
18703 24 24 8
18704 36 35 9
18705 31 31 7
18706 23 22 8
18707 30 30 8
18708 20 20 4
18709 36 35 9
18710 25 25 5
18711 33 32 6
18712 24 23 7
18713 27 26 4
18714 12 11 5
18715 27 26 6
18716 30 30 4
18717 26 25 5
18718 23 23 5
18719 13 13 5
18720 31 30 6
18721 20 20 6
18722 32 32 6
18723 32 31 5
18724 25 24 8
18725 32 31 5
18726 33 33 7
18727 21 21 7
18728 19 18 4
18729 16 15 5
18730 19 18 4
18731 18 17 5
18732 35 35 7
18733 17 17 5
18734 19 18 6
18735 32 32 8
18736 30 30 8
18737 32 31 7
18738 27 26 6
18739 22 21 7
18740 23 23 7
18741 33 33 9
18742 31 31 9
18743 25 24 10
18744 24 24 8
18745 24 24 8
18746 38 38 8
18747 32 32 10
18748 44 44 16
18749 18 17 5
18750 35 34 6
18751 22 22 6
18752 20 19 5
18753 25 25 5
18754 23 22 4
18755 38 37 7
18756 9 8 4
18757 24 23 5
18758 23 23 5
18759 39 39 13
18760 13 13 5
18761 21 20 6
18762 32 32 6
18763 30 29 7
18764 15 15 5
18765 23 22 4
18766 28 27 7
18767 25 25 11
18768 31 30 6
18769 30 30 8
18770 28 28 6
18771 20 20 6
18772 12 12 4
18773 16 15 5
18774 9 8 4
18775 26 25 5
18776 29 28 10
18777 18 18 6
18778 16 16 6
18779 30 30 8
18780 14 14 4
18781 22 21 7
18782 33 32 6
18783 32 31 7
18784 31 30 8
18785 18 18 4
18786 16 15 5
18787 19 18 4
18788 26 25 7
18789 21 20 4
18790 20 19 5
18791 17 16 4
18792 22 21 5
18793 23 23 5
18794 21 20 4
18795 28 27 7
18796 17 16 4
18797 24 23 5
18798 17 16 4
18799 18 17 5
18800 15 15 5
18801 17 17 5
18802 15 15 5
18803 17 17 5
18804 17 16 4
18805 18 17 7
18806 21 20 4
18807 12 11 5
18808 21 20 6
18809 20 19 5
18810 9 8 4
18811 16 15 5
18812 13 12 6
18813 24 24 4
18814 20 19 5
18815 15 15 5
18816 19 18 6
18817 14 14 6
18818 14 14 6
18819 20 20 6
18820 12 11 5
18821 15 14 4
18822 16 15 5
18823 15 14 6
18824 16 15 5
18825 13 12 6
18826 14 14 4
18827 16 15 5
18828 15 15 5
18829 19 19 5
18830 19 18 6
18831 18 18 6
18832 10 10 4
18833 16 15 5
18834 17 16 6
18835 20 19 5
18836 23 22 8
18837 16 16 4
18838 14 13 5
18839 17 16 4
18840 22 21 5
18841 29 29 5
18842 23 22 6
18843 10 10 4
18844 34 33 7
18845 19 18 6
18846 20 20 6
18847 20 19 5
18848 21 21 5
18849 13 13 5
18850 13 13 5
18851 15 14 4
18852 20 19 5
18853 17 16 6
18854 10 10 4
18855 26 25 9
18856 11 10 4
18857 18 17 5
18858 11 10 4
18859 12 11 5
18860 5 5 5
18861 20 19 7
18862 25 24 6
18863 10 9 5
18864 5 5 5
18865 14 13 7
18866 27 26 6
18867 10 10 6
18868 16 16 6
18869 8 8 4
18870 20 19 7
18871 15 14 6
18872 12 12 4
18873 12 11 5
18874 9 8 4
18875 16 15 7
18876 13 12 6
18877 10 10 4
18878 10 9 5
18879 15 15 5
18880 11 11 5
18881 9 8 4
18882 10 9 5
18883 13 12 6
18884 12 11 5
18885 11 11 5
18886 7 6 5
18887 15 14 6
18888 6 5 4
18889 12 11 5
18890 15 15 5
18891 17 16 6
18892 14 13 5
18893 9 8 4
18894 24 23 5
18895 13 13 5
18896 17 16 4
18897 10 9 5
18898 9 8 7
18899 13 12 4
18900 14 13 5
18901 11 11 5
18902 11 10 6
18903 10 10 6
18904 10 9 5
18905 13 12 6
18906 20 20 6
18907 10 10 6
18908 8 8 4
18909 14 13 5
18910 13 13 5
18911 15 14 6
18912 10 10 4
18913 14 13 7
18914 13 13 5
18915 11 11 5
18916 5 5 5
18917 12 11 5
18918 9 9 5
18919 7 6 5
18920 17 17 5
18921 9 9 5
18922 15 15 5
18923 11 10 6
18924 6 6 6
18925 15 14 4
18926 16 15 5
18927 9 9 5
18928 19 18 8
18929 10 10 6
18930 10 10 4
18931 10 9 5
18932 7 6 5
18933 17 16 6
18934 10 9 5
18935 19 19 5
18936 11 11 5
18937 13 12 6
18938 20 20 6
18939 10 10 4
18940 14 13 7
18941 13 13 5
18942 15 14 6
18943 12 11 5
18944 15 14 4
18945 12 11 5
18946 15 14 6
18947 10 10 6
18948 14 13 5
18949 7 6 5
18950 13 12 4
18951 18 17 5
18952 13 13 5
18953 13 12 4
18954 14 13 5
18955 13 12 4
18956 16 15 5
18957 11 11 5
18958 7 6 5
18959 9 9 5
18960 19 19 5
18961 11 11 5
18962 9 9 5
18963 25 24 6
18964 12 12 6
18965 14 14 6
18966 14 14 4
18967 10 9 5
18968 15 14 6
18969 12 12 4
18970 14 13 5
18971 15 14 6
18972 8 8 4
18973 6 5 4
18974 14 13 7
18975 9 9 5
18976 13 12 4
18977 12 11 5
18978 15 14 4
18979 20 19 5
18980 13 13 5
18981 13 13 5
18982 13 13 5
18983 9 8 4
18984 20 19 5
18985 17 17 5
18986 21 21 5
18987 25 24 6
18988 12 11 5
18989 5 5 5
18990 20 19 5
18991 21 20 8
18992 16 15 5
18993 17 16 4
18994 14 13 5
18995 31 31 5
18996 33 33 5
18997 21 21 5
18998 29 28 6
18999 18 18 4
19000 22 21 5
19001 17 17 5
19002 11 10 4
19003 16 15 5
19004 23 22 6
19005 34 34 6
19006 16 16 4
19007 16 15 5
19008 11 11 5
19009 25 24 6
19010 18 17 5
19011 19 18 6
19012 18 17 5
19013 15 15 5
19014 23 22 8
19015 20 20 6
19016 28 28 4
19017 28 27 5
19018 13 13 5
19019 35 35 5
19020 23 23 5
19021 21 20 6
19022 24 24 6
19023 32 32 10
19024 32 32 6
19025 18 17 5
19026 13 13 5
19027 17 16 6
19028 18 18 4
19029 26 25 7
19030 25 24 6
19031 16 16 6
19032 24 24 4
19033 28 27 5
19034 27 27 5
19035 27 26 12
19036 30 30 6
19037 26 25 7
19038 37 36 6
19039 34 33 5
19040 27 27 7
19041 29 28 8
19042 32 31 7
19043 37 36 8
19044 28 27 5
19045 21 21 5
19046 23 22 6
19047 24 23 7
19048 15 15 5
19049 31 31 7
19050 31 30 6
19051 44 44 12
19052 34 33 9
19053 23 22 8
19054 20 20 6
19055 14 14 4
19056 38 37 7
19057 31 31 7
19058 23 22 6
19059 26 26 6
19060 28 27 7
19061 21 21 7
19062 23 22 6
19063 26 25 7
19064 25 25 7
19065 27 27 9
19066 19 19 5
19067 13 13 5
19068 19 18 4
19069 28 27 7
19070 37 36 6
19071 10 10 4
19072 24 23 7
19073 19 18 6
19074 24 23 5
19075 21 21 5
19076 27 26 6
19077 24 24 6
19078 34 33 5
19079 25 25 5
19080 25 25 9
19081 39 38 6
19082 28 27 7
19083 11 11 5
19084 23 22 4
19085 28 27 5
19086 13 13 5
19087 29 29 5
19088 15 14 4
19089 18 17 5
19090 31 30 6
19091 22 22 4
19092 24 23 5
19093 21 20 6
19094 20 19 5
19095 31 31 7
19096 19 19 5
19097 29 29 7
19098 17 16 4
19099 20 19 5
19100 23 23 7
19101 41 41 13
19102 25 25 5
19103 23 23 5
19104 27 26 6
19105 22 21 7
19106 27 26 6
19107 26 26 6
19108 26 26 10
19109 22 22 6
19110 12 12 4
19111 20 19 5
19112 17 17 5
19113 25 24 6
19114 28 27 5
19115 13 12 4
19116 16 15 5
19117 23 23 7
19118 19 18 6
19119 16 16 4
19120 12 11 5
19121 7 6 5
19122 21 21 5
19123 13 13 5
19124 11 11 5
19125 11 11 5
19126 23 22 6
19127 10 10 4
19128 16 15 5
19129 27 26 6
19130 14 14 6
19131 12 12 6
19132 16 16 6
19133 14 14 4
19134 14 13 5
19135 15 14 6
19136 12 12 6
19137 12 12 6
19138 16 16 6
19139 12 12 4
19140 12 11 5
19141 15 14 8
19142 12 12 4
19143 18 17 5
19144 17 17 5
19145 11 11 5
19146 15 15 7
19147 19 18 6
19148 10 10 4
19149 16 15 5
19150 15 15 9
19151 17 16 6
19152 12 12 6
19153 14 14 6
19154 16 16 6
19155 10 9 5
19156 19 19 5
19157 17 17 7
19158 11 11 5
19159 15 14 6
19160 14 14 6
19161 12 12 6
19162 14 13 5
19163 17 16 6
19164 10 10 6
19165 10 10 4
19166 14 13 5
19167 13 13 7
19168 9 8 4
19169 14 13 7
19170 15 14 4
19171 10 9 5
19172 13 12 6
19173 12 12 6
19174 10 10 6
19175 18 18 6
19176 12 11 5
19177 11 11 5
19178 15 14 4
19179 16 15 7
19180 19 19 5
19181 17 16 4
19182 18 17 7
19183 15 14 4
19184 20 19 5
19185 13 12 6
19186 14 14 6
19187 10 10 6
19188 14 14 4
19189 18 17 5
19190 19 18 6
19191 14 14 6
19192 16 16 4
19193 24 23 5
19194 11 11 5
19195 27 26 6
19196 24 23 5
19197 25 25 7
19198 25 24 6
19199 14 14 4
19200 16 15 5
19201 23 22 6
19202 28 28 4
19203 30 29 7
19204 27 27 7
19205 27 26 6
19206 18 17 5
19207 23 22 4
19208 16 15 5
19209 15 14 6
19210 24 24 6
19211 16 16 4
19212 30 29 7
19213 15 14 6
19214 10 10 4
19215 22 21 7
19216 17 16 6
19217 16 15 5
19218 23 22 6
19219 18 17 5
19220 21 20 6
19221 16 16 4
19222 18 17 7
19223 19 18 6
19224 14 14 4
19225 20 19 5
19226 27 26 6
19227 20 20 6
19228 18 17 5
19229 13 13 5
19230 19 18 6
19231 12 12 6
19232 20 20 6
19233 8 8 4
19234 10 9 5
19235 9 8 4
19236 18 17 5
19237 17 16 6
19238 12 11 5
19239 7 6 5
19240 17 17 5
19241 5 5 5
19242 10 9 5
19243 25 24 8
19244 10 10 4
19245 22 21 5
19246 9 8 4
19247 24 23 5
19248 5 5 5
19249 12 11 5
19250 11 11 5
19251 7 6 5
19252 15 14 6
19253 14 13 5
19254 13 13 5
19255 21 21 5
19256 13 12 4
19257 12 11 5
19258 13 12 6
19259 20 20 6
19260 10 10 6
19261 10 10 4
19262 14 13 5
19263 17 16 6
19264 16 15 5
19265 13 13 5
19266 15 15 5
19267 7 6 5
19268 9 9 5
19269 19 18 6
19270 10 10 4
19271 16 15 5
19272 15 15 5
19273 17 16 4
19274 16 15 5
19275 5 5 5
19276 12 11 5
19277 9 8 4
19278 16 15 5
19279 11 10 6
19280 12 12 6
19281 14 13 5
19282 15 15 5
19283 19 18 6
19284 18 17 5
19285 9 8 4
19286 14 13 7
19287 13 12 6
19288 16 16 6
19289 14 14 4
19290 14 13 5
19291 13 13 5
19292 17 17 5
19293 25 24 4
19294 22 21 5
19295 11 11 5
19296 17 16 4
19297 16 15 5
19298 13 13 7
19299 11 10 4
19300 14 13 5
19301 15 14 6
19302 30 30 6
19303 14 14 4
19304 26 25 5
19305 17 16 4
19306 16 15 5
19307 23 22 6
19308 6 6 6
19309 11 10 6
19310 20 20 4
19311 6 5 4
19312 14 13 5
19313 25 24 6
19314 34 33 5
19315 5 5 5
19316 18 17 5
19317 13 12 6
19318 16 15 5
19319 5 5 5
19320 20 19 5
19321 13 12 6
19322 20 19 5
19323 5 5 5
19324 18 17 5
19325 11 11 5
19326 11 10 4
19327 14 13 5
19328 15 14 6
19329 16 16 6
19330 10 10 6
19331 20 20 6
19332 12 12 4
19333 6 5 4
19334 12 11 5
19335 11 10 6
19336 14 14 4
19337 14 13 5
19338 23 23 9
19339 9 9 5
19340 17 17 5
19341 17 16 4
19342 22 21 5
19343 19 19 5
19344 15 14 4
19345 20 19 7
19346 15 14 6
19347 14 14 6
19348 12 12 4
19349 12 11 5
19350 15 14 6
19351 10 9 5
19352 15 14 6
19353 16 16 6
19354 14 14 6
19355 14 14 6
19356 8 8 4
19357 12 11 5
19358 13 12 4
19359 20 19 9
19360 15 14 4
19361 14 13 5
19362 15 14 4
19363 22 21 5
19364 17 17 5
19365 11 11 5
19366 17 16 4
19367 6 5 4
19368 10 9 5
19369 13 13 5
19370 15 14 4
19371 20 19 7
19372 13 12 4
19373 14 13 5
19374 17 16 6
19375 10 10 6
19376 14 14 4
19377 22 21 5
19378 9 9 5
19379 13 12 6
19380 10 10 4
19381 12 11 5
19382 19 19 5
19383 9 9 5
19384 13 12 4
19385 16 15 5
19386 13 12 4
19387 10 9 5
19388 13 13 5
19389 19 18 4
19390 18 17 5
19391 11 11 5
19392 13 12 4
19393 20 19 5
19394 13 12 4
19395 14 13 7
19396 13 12 4
19397 18 17 5
19398 15 14 4
19399 20 19 5
19400 17 16 6
19401 14 13 5
19402 11 11 5
19403 17 17 5
19404 17 17 5
19405 13 12 6
19406 8 8 4
19407 14 13 5
19408 13 13 5
19409 13 12 6
19410 10 10 4
19411 12 11 5
19412 17 16 8
19413 14 14 6
19414 12 12 4
19415 18 17 5
19416 9 8 4
19417 8 7 6
19418 8 8 4
19419 12 11 5
19420 15 15 5
19421 9 8 4
19422 14 13 5
19423 15 14 8
19424 12 12 4
19425 14 13 5
19426 17 16 4
19427 14 13 5
19428 11 10 6
19429 16 15 7
19430 15 14 4
19431 14 13 7
19432 11 10 4
19433 20 19 5
19434 11 10 4
19435 16 15 5
19436 9 9 5
19437 21 21 5
19438 13 13 5
19439 17 16 6
19440 16 15 5
19441 13 12 6
19442 12 12 4
19443 22 21 5
19444 15 14 4
19445 18 17 5
19446 15 15 5
19447 21 20 6
19448 10 10 4
19449 16 15 5
19450 19 18 4
19451 12 11 5
19452 15 14 6
19453 12 12 4
19454 18 17 5
19455 17 16 6
19456 14 14 4
19457 14 13 5
19458 19 18 6
19459 16 16 6
19460 18 17 5
19461 25 24 6
19462 12 12 6
19463 16 15 5
19464 11 11 5
19465 13 12 4
19466 12 11 5
19467 11 11 5
19468 11 11 5
19469 11 10 6
19470 10 10 4
19471 10 9 5
19472 9 9 5
19473 13 13 7
19474 13 12 4
19475 12 11 5
19476 11 11 5
19477 19 18 4
19478 14 13 5
19479 15 15 5
19480 15 15 5
19481 17 16 4
19482 14 13 5
19483 11 11 5
19484 17 16 6
19485 22 21 5
19486 11 11 5
19487 17 17 5
19488 17 16 6
19489 12 11 5
19490 21 21 7
19491 9 8 4
19492 8 7 6
19493 12 12 6
19494 12 12 4
19495 20 19 5
19496 17 16 6
19497 12 12 4
19498 10 9 5
19499 11 11 5
19500 15 15 5
19501 9 8 4
19502 14 13 5
19503 13 13 5
19504 17 17 7
19505 19 18 4
19506 16 15 5
19507 15 15 5
19508 13 13 5
19509 15 15 5
19510 11 10 6
19511 16 16 6
19512 14 14 6
19513 14 14 4
19514 12 11 7
19515 13 13 5
19516 17 16 6
19517 10 10 4
19518 12 11 5
19519 17 16 8
19520 16 16 6
19521 12 11 5
19522 19 18 6
19523 10 10 4
19524 14 13 5
19525 11 10 6
19526 14 14 8
19527 12 12 4
19528 20 19 5
19529 17 17 5
19530 15 14 4
19531 12 11 5
19532 13 13 5
19533 15 14 4
19534 14 13 5
19535 13 12 6
19536 12 12 6
19537 20 19 5
19538 11 11 5
19539 11 11 5
19540 21 20 8
19541 16 15 5
19542 13 12 6
19543 6 6 6
19544 15 15 5
19545 9 8 4
19546 18 17 5
19547 11 10 6
19548 10 10 4
19549 12 11 5
19550 21 20 8
19551 6 6 6
19552 11 10 6
19553 12 12 4
19554 20 19 5
19555 17 17 7
19556 11 11 5
19557 11 10 6
19558 8 8 4
19559 14 13 5
19560 9 9 5
19561 19 19 5
19562 5 5 5
19563 20 19 5
19564 23 23 5
19565 9 9 5
19566 11 10 4
19567 10 9 5
19568 13 12 6
19569 8 8 4
19570 10 9 5
19571 17 16 6
19572 14 13 5
19573 15 14 4
19574 10 9 5
19575 9 9 5
19576 11 10 4
19577 24 23 5
19578 11 11 7
19579 9 9 5
19580 11 10 4
19581 10 9 5
19582 9 9 5
19583 15 15 5
19584 17 17 5
19585 13 12 6
19586 10 10 4
19587 14 13 5
19588 11 11 5
19589 9 9 5
19590 21 21 7
19591 11 10 6
19592 6 6 6
19593 13 12 6
19594 24 23 5
19595 13 13 5
19596 13 13 7
19597 15 14 4
19598 14 13 5
19599 13 13 5
19600 9 9 5
19601 11 10 4
19602 14 13 7
19603 15 15 5
19604 13 12 6
19605 6 6 6
19606 11 10 6
19607 8 8 4
19608 10 9 5
19609 5 5 5
19610 14 13 7
19611 13 12 6
19612 16 16 6
19613 8 8 4
19614 16 15 5
19615 15 14 6
19616 10 9 5
19617 13 12 4
19618 14 13 5
19619 11 11 5
19620 13 12 6
19621 10 10 4
19622 16 15 5
19623 9 9 5
19624 7 6 5
19625 5 5 5
19626 20 19 5
19627 9 9 5
19628 17 16 6
19629 10 9 5
19630 25 24 4
19631 14 13 5
19632 13 13 5
19633 7 7 7
19634 8 8 4
19635 12 11 7
19636 15 14 6
19637 10 10 4
19638 22 21 5
19639 31 30 6
19640 20 20 6
19641 22 22 6
19642 10 10 4
19643 14 13 5
19644 11 10 4
19645 10 9 5
19646 23 22 6
19647 16 15 5
19648 15 14 6
19649 18 18 8
19650 10 10 6
19651 14 14 6
19652 6 5 4
19653 10 9 5
19654 11 10 6
19655 12 12 4
19656 16 15 5
19657 15 14 8
19658 12 11 5
19659 11 10 6
19660 8 8 4
19661 16 15 7
19662 11 10 4
19663 20 19 7
19664 15 14 4
19665 10 9 5
19666 13 12 6
19667 14 14 4
19668 6 5 4
19669 20 19 7
19670 17 16 6
19671 12 12 6
19672 12 11 5
19673 9 8 4
19674 12 11 5
19675 9 9 5
19676 11 10 6
19677 10 10 4
19678 10 9 5
19679 7 7 7
19680 18 18 6
19681 6 6 6
19682 9 8 4
19683 12 11 7
19684 13 12 4
19685 12 11 5
19686 13 12 4
19687 14 13 5
19688 11 10 6
19689 20 19 5
19690 15 14 6
19691 12 12 4
19692 12 11 5
19693 9 8 4
19694 6 5 4
19695 16 15 7
19696 7 6 5
19697 9 8 4
19698 10 9 5
19699 13 13 7
19700 13 12 4
19701 16 15 7
19702 15 15 5
19703 11 11 5
19704 13 13 5
19705 9 8 4
19706 12 11 5
19707 7 6 5
19708 15 15 7
19709 13 13 5
19710 13 13 5
19711 9 8 4
19712 12 11 7
19713 13 12 6
19714 14 14 6
19715 8 7 6
19716 10 10 4
19717 20 19 7
19718 15 14 6
19719 6 6 6
19720 23 22 6
19721 12 12 6
19722 12 12 4
19723 14 13 7
19724 19 18 4
19725 16 15 5
19726 11 10 4
19727 14 13 5
19728 11 10 4
19729 10 9 5
19730 13 13 5
19731 9 9 5
19732 13 12 6
19733 10 10 4
19734 12 11 5
19735 7 7 7
19736 18 18 8
19737 10 10 4
19738 12 11 5
19739 11 10 4
19740 20 19 7
19741 23 22 4
19742 12 11 5
19743 7 6 5
19744 13 12 6
19745 18 18 6
19746 12 12 6
19747 14 14 6
19748 14 14 6
19749 16 16 6
19750 16 16 6
19751 16 16 4
19752 22 21 5
19753 11 10 4
19754 12 11 5
19755 13 12 6
19756 12 12 4
19757 18 17 5
19758 13 12 6
19759 14 14 6
19760 10 10 4
19761 14 13 5
19762 11 11 5
19763 19 18 4
19764 14 13 5
19765 17 16 6
19766 10 10 6
19767 10 10 4
19768 12 11 5
19769 7 7 7
19770 10 10 6
19771 6 5 4
19772 16 15 5
19773 11 11 5
19774 9 8 4
19775 6 5 4
19776 12 11 5
19777 27 27 5
19778 11 10 6
19779 14 13 5
19780 9 8 4
19781 12 11 5
19782 17 16 4
19783 20 19 7
19784 17 16 6
19785 12 11 5
19786 9 8 4
19787 14 13 5
19788 9 9 5
19789 9 9 5
19790 15 15 5
19791 21 21 5
19792 11 10 4
19793 12 11 7
19794 13 13 5
19795 9 8 4
19796 18 17 7
19797 17 16 6
19798 20 20 4
19799 14 13 5
19800 11 11 5
19801 15 14 6
19802 10 10 6
19803 18 18 6
19804 10 9 5
19805 13 13 5
19806 13 13 5
19807 11 10 6
19808 12 11 5
19809 9 9 5
19810 19 18 6
19811 14 13 5
19812 17 16 4
19813 10 9 5
19814 9 9 5
19815 13 12 6
19816 12 12 6
19817 10 10 6
19818 12 12 4
19819 12 11 7
19820 23 22 4
19821 18 17 5
19822 19 19 5
19823 7 6 5
19824 13 12 4
19825 10 9 5
19826 11 11 5
19827 13 13 7
19828 15 14 4
19829 20 19 7
19830 11 11 5
19831 17 16 4
19832 12 11 5
19833 11 10 6
19834 20 19 7
19835 21 20 4
19836 16 15 5
19837 13 12 6
19838 30 30 8
19839 6 6 6
19840 15 14 6
19841 14 14 4
19842 24 23 5
19843 9 9 5
19844 11 10 4
19845 12 11 5
19846 9 9 5
19847 13 12 6
19848 10 10 4
19849 16 15 5
19850 13 12 6
19851 10 10 4
19852 12 11 5
19853 13 12 4
19854 14 13 5
19855 17 17 7
19856 23 22 4
19857 16 15 7
19858 13 12 4
19859 14 13 5
19860 17 17 5
19861 11 10 4
19862 14 13 5
19863 25 24 8
19864 12 11 5
19865 15 14 6
19866 18 18 6
19867 8 8 4
19868 14 13 5
19869 17 17 5
19870 11 11 5
19871 17 17 7
19872 17 17 5
19873 9 9 5
19874 13 13 5
19875 9 9 5
19876 11 10 6
19877 10 10 4
19878 14 13 5
19879 17 16 4
19880 12 11 5
19881 17 16 6
19882 6 6 6
19883 11 10 6
19884 18 18 6
19885 12 12 6
19886 14 14 6
19887 10 10 6
19888 12 12 6
19889 14 13 5
19890 15 14 4
19891 16 15 5
19892 19 18 4
19893 10 9 5
19894 13 12 4
19895 16 15 9
19896 11 10 4
19897 14 13 7
19898 11 10 4
19899 22 21 5
19900 13 12 4
19901 14 13 5
19902 15 14 4
19903 10 9 5
19904 17 17 5
19905 25 25 5
19906 11 10 6
19907 12 11 5
19908 13 12 6
19909 12 11 5
19910 5 5 5
19911 16 15 5
19912 13 13 5
19913 11 10 4
19914 12 11 5
19915 19 18 6
19916 14 13 5
19917 9 9 5
19918 9 8 4
19919 10 9 5
19920 15 14 6
19921 18 18 4
19922 16 15 5
19923 15 14 4
19924 14 13 7
19925 11 10 4
19926 12 11 5
19927 17 17 7
19928 19 18 4
19929 18 17 5
19930 19 19 5
19931 9 8 4
19932 12 11 5
19933 11 10 4
19934 10 9 5
19935 13 13 5
19936 13 12 4
19937 16 15 5
19938 19 18 6
19939 16 16 6
19940 10 10 4
19941 12 11 5
19942 13 13 5
19943 9 8 4
19944 18 17 5
19945 13 13 5
19946 11 10 4
19947 14 13 5
19948 11 11 5
19949 17 16 6
19950 24 24 6
19951 10 10 4
19952 12 11 5
19953 13 13 5
19954 13 13 5
19955 11 10 4
19956 12 11 7
19957 13 12 4
19958 10 9 5
19959 11 11 5
19960 13 12 6
19961 14 13 5
19962 17 16 8
19963 18 18 4
19964 10 9 5
19965 13 12 4
19966 14 13 5
19967 23 23 7
19968 13 12 4
19969 16 15 5
19970 11 10 4
19971 12 11 5
19972 13 12 6
19973 10 10 6
19974 10 9 5
19975 11 10 4
19976 10 9 5
19977 9 9 5
19978 7 6 5
19979 7 6 5
19980 11 11 5
19981 17 17 7
19982 7 6 5
19983 11 10 6
19984 16 16 6
19985 14 13 5
19986 17 16 8
19987 12 12 4
19988 14 13 5
19989 15 14 4
19990 16 15 5
19991 9 9 5
19992 17 16 6
19993 14 14 4
19994 18 17 5
19995 11 11 5
19996 5 5 5
19997 16 15 7
19998 11 10 4
19999 12 11 5
20000 7 7 7
20001 6 5 4
20002 14 13 5
20003 15 15 5
20004 13 12 6
20005 22 21 5
20006 15 14 6
20007 10 10 6
20008 16 16 4
20009 12 11 5
20010 21 20 6
20011 18 17 7
20012 25 24 6
20013 14 14 6
20014 8 8 4
20015 14 13 5
20016 11 10 6
20017 20 20 6
20018 6 6 6
20019 19 18 4
20020 10 9 5
20021 9 9 5
20022 15 14 6
20023 18 18 6
20024 14 14 4
20025 10 9 5
20026 17 16 6
20027 12 12 4
20028 16 15 5
20029 7 6 5
20030 15 15 7
20031 15 14 6
20032 14 14 4
20033 14 13 5
20034 11 11 5
20035 9 9 5
20036 11 11 5
20037 11 11 5
20038 13 13 7
20039 13 12 4
20040 14 13 7
20041 11 10 6
20042 14 14 4
20043 6 5 4
20044 14 13 5
20045 11 10 6
20046 12 11 7
20047 15 14 6
20048 10 10 4
20049 18 17 5
20050 11 11 5
20051 15 14 6
20052 10 10 4
20053 18 17 7
20054 17 16 8
20055 10 10 4
20056 18 17 5
20057 15 15 5
20058 15 14 6
20059 14 14 6
20060 18 18 6
20061 10 10 4
20062 10 9 5
20063 17 16 6
20064 10 10 6
20065 12 11 5
20066 13 12 6
20067 12 12 4
20068 12 11 5
20069 9 9 5
20070 11 10 6
20071 10 10 4
20072 10 9 5
20073 15 14 4
20074 12 11 5
20075 11 10 4
20076 8 7 6
20077 16 16 8
20078 16 16 4
20079 12 11 5
20080 17 16 6
20081 12 12 6
20082 10 9 5
20083 5 5 5
20084 12 11 7
20085 13 12 4
20086 12 11 5
20087 15 15 5
20088 9 9 5
20089 11 11 5
20090 21 20 6
20091 8 8 4
20092 22 21 7
20093 17 16 6
20094 14 14 8
20095 12 12 4
20096 10 9 5
20097 7 6 5
20098 17 16 4
20099 20 19 7
20100 13 13 5
20101 27 26 6
20102 16 16 8
20103 10 10 4
20104 16 15 5
20105 11 11 5
20106 7 6 5
20107 7 6 5
20108 11 10 6
20109 18 18 6
20110 12 12 6
20111 14 14 6
20112 10 10 4
20113 28 27 9
20114 13 12 4
20115 18 17 7
20116 17 16 6
20117 16 16 8
20118 16 16 4
20119 12 11 5
20120 11 10 6
20121 20 20 4
20122 10 9 5
20123 11 10 4
20124 12 11 5
20125 7 7 7
20126 12 11 5
20127 9 8 4
20128 6 5 4
20129 14 13 5
20130 13 13 5
20131 11 10 4
20132 10 9 5
20133 11 11 5
20134 13 13 5
20135 11 11 5
20136 13 13 7
20137 19 18 6
20138 6 6 6
20139 11 10 4
20140 20 19 7
20141 17 16 4
20142 18 17 5
20143 15 14 6
20144 8 8 4
20145 12 11 5
20146 9 9 5
20147 11 11 5
20148 7 6 5
20149 21 20 6
20150 12 11 5
20151 17 16 8
20152 8 8 4
20153 10 9 5
20154 15 14 4
20155 16 15 7
20156 11 10 6
20157 10 10 6
20158 10 10 6
20159 10 10 6
20160 12 12 4
20161 14 13 5
20162 15 15 5
20163 13 12 6
20164 12 12 6
20165 8 8 4
20166 10 9 5
20167 15 15 7
20168 11 11 5
20169 11 11 5
20170 11 11 5
20171 23 22 6
20172 16 16 6
20173 14 14 6
20174 12 12 6
20175 14 14 6
20176 12 12 4
20177 8 7 6
20178 12 12 6
20179 16 16 6
20180 10 10 6
20181 14 14 4
20182 12 11 5
20183 25 24 6
20184 26 25 5
20185 9 9 5
20186 15 14 6
20187 6 6 6
20188 17 17 5
20189 13 12 4
20190 22 21 7
20191 27 26 6
20192 10 9 5
20193 23 22 6
20194 14 14 4
20195 16 15 5
20196 17 17 5
20197 9 9 5
20198 19 18 4
20199 12 11 5
20200 11 11 7
20201 11 10 4
20202 20 19 9
20203 11 10 4
20204 8 7 6
20205 14 14 6
20206 8 8 4
20207 6 5 4
20208 14 13 5
20209 13 12 6
20210 16 15 7
20211 7 6 5
20212 13 12 6
20213 14 14 6
20214 12 12 6
20215 18 18 6
20216 20 20 4
20217 16 15 7
20218 17 16 6
20219 16 16 6
20220 14 14 6
20221 10 10 4
20222 16 15 7
20223 15 15 5
20224 9 9 5
20225 15 14 6
20226 14 14 8
20227 10 10 4
20228 6 5 4
20229 12 11 7
20230 25 24 8
20231 14 14 6
20232 10 10 4
20233 14 13 5
20234 9 8 4
20235 14 13 7
20236 15 14 4
20237 14 13 5
20238 7 6 5
20239 7 6 5
20240 11 11 5
20241 7 6 5
20242 11 11 5
20243 13 12 6
20244 12 11 5
20245 15 14 6
20246 8 8 4
20247 16 15 5
20248 17 17 5
20249 13 12 6
20250 14 14 4
20251 22 21 5
20252 19 19 5
20253 17 16 6
20254 12 12 4
20255 6 5 4
20256 20 19 5
20257 11 11 5
20258 9 8 4
20259 8 7 6
20260 12 12 4
20261 16 15 5
20262 15 14 6
20263 8 8 4
20264 16 15 7
20265 13 12 6
20266 10 10 4
20267 10 9 5
20268 17 17 5
20269 9 8 4
20270 16 15 7
20271 9 8 4
20272 14 13 7
20273 13 12 6
20274 10 10 4
20275 14 13 7
20276 11 11 5
20277 11 10 4
20278 22 21 5
20279 15 14 6
20280 14 14 6
20281 8 8 4
20282 12 11 7
20283 17 17 7
20284 15 14 6
20285 8 8 4
20286 12 11 5
20287 11 10 4
20288 8 7 6
20289 10 10 4
20290 14 13 5
20291 17 17 5
20292 7 6 5
20293 9 8 4
20294 12 11 5
20295 15 15 5
20296 7 6 5
20297 9 9 5
20298 9 9 5
20299 15 14 6
20300 6 6 6
20301 11 11 5
20302 15 15 7
20303 15 14 4
20304 12 11 7
20305 9 9 5
20306 15 14 6
20307 12 12 4
20308 18 17 7
20309 13 13 5
20310 17 16 4
20311 10 9 5
20312 13 12 6
20313 6 6 6
20314 15 15 5
20315 9 9 5
20316 17 16 6
20317 8 8 4
20318 12 11 5
20319 21 20 6
20320 12 11 5
20321 11 10 6
20322 10 10 4
20323 12 11 5
20324 15 15 7
20325 15 14 6
20326 10 10 4
20327 12 11 5
20328 17 16 4
20329 14 13 5
20330 15 14 6
20331 8 8 4
20332 6 5 4
20333 16 15 5
20334 9 9 5
20335 19 18 6
20336 24 23 7
20337 9 8 4
20338 16 15 5
20339 15 15 7
20340 15 14 4
20341 14 13 5
20342 21 21 7
20343 13 12 4
20344 10 9 5
20345 11 11 5
20346 11 10 6
20347 10 10 4
20348 14 13 5
20349 13 12 6
20350 6 6 6
20351 11 11 5
20352 21 21 5
20353 13 12 6
20354 8 8 4
20355 12 11 5
20356 13 12 6
20357 10 10 4
20358 18 17 7
20359 11 10 6
20360 12 12 6
20361 10 10 6
20362 16 15 5
20363 9 9 5
20364 11 10 6
20365 14 13 5
20366 9 9 5
20367 13 13 7
20368 13 12 4
20369 14 13 5
20370 13 13 5
20371 9 9 5
20372 15 14 6
20373 12 12 6
20374 14 14 6
20375 16 15 5
20376 13 13 5
20377 15 14 4
20378 12 11 7
20379 13 12 6
20380 10 10 4
20381 14 13 5
20382 11 11 5
20383 17 16 4
20384 14 13 5
20385 15 15 5
20386 19 18 6
20387 22 21 5
20388 11 10 4
20389 18 17 7
20390 9 8 4
20391 12 11 5
20392 19 19 9
20393 13 12 4
20394 16 15 7
20395 11 10 4
20396 14 13 5
20397 11 10 6
20398 8 8 4
20399 12 11 5
20400 11 11 5
20401 11 10 6
20402 14 14 6
20403 12 11 5
20404 11 11 5
20405 13 12 6
20406 8 8 4
20407 14 13 7
20408 13 12 6
20409 8 8 4
20410 12 11 5
20411 7 6 5
20412 15 15 5
20413 15 14 6
20414 12 11 5
20415 13 12 4
20416 10 9 5
20417 15 15 7
20418 13 12 4
20419 12 11 5
20420 17 17 7
20421 9 8 4
20422 10 9 5
20423 15 14 4
20424 12 11 7
20425 17 16 6
20426 14 14 6
20427 12 11 5
20428 11 11 5
20429 7 6 5
20430 23 22 4
20431 14 13 5
20432 9 8 4
20433 10 9 5
20434 15 14 6
20435 12 12 6
20436 8 8 4
20437 18 17 5
20438 15 14 6
20439 14 14 6
20440 14 14 4
20441 20 19 5
20442 15 14 6
20443 16 15 7
20444 21 20 6
20445 18 18 6
20446 14 14 4
20447 12 11 5
20448 17 17 7
20449 13 12 6
20450 10 9 5
20451 9 9 5
20452 11 10 4
20453 20 19 7
20454 13 12 4
20455 12 11 5
20456 11 10 4
20457 14 13 7
20458 15 14 4
20459 14 13 5
20460 9 9 5
20461 13 12 8
20462 8 8 4
20463 8 7 6
20464 6 6 6
20465 13 12 6
20466 24 23 5
20467 11 10 4
20468 14 13 7
20469 11 11 5
20470 19 18 6
20471 8 8 8
20472 7 6 5
20473 11 10 4
20474 10 9 5
20475 13 12 6
20476 12 11 5
20477 17 16 4
20478 12 11 7
20479 11 10 4
20480 12 11 5
20481 11 11 5
20482 9 9 5
20483 9 9 5
20484 11 11 5
20485 13 12 4
20486 16 15 5
20487 15 14 6
20488 6 6 6
20489 11 10 4
20490 10 9 5
20491 7 6 5
20492 13 12 6
20493 14 13 5
20494 11 11 5
20495 13 13 5
20496 23 22 4
20497 16 15 5
20498 11 11 7
20499 13 12 6
20500 14 13 5
20501 17 16 8
20502 16 15 5
20503 11 11 5
20504 21 21 7
20505 19 18 8
20506 14 14 6
20507 10 10 4
20508 16 15 7
20509 11 11 5
20510 7 6 5
20511 13 13 5
20512 15 14 6
20513 10 10 4
20514 12 11 5
20515 13 12 6
20516 8 8 4
20517 6 5 4
20518 18 17 5
20519 13 12 4
20520 14 13 5
20521 11 11 5
20522 9 9 5
20523 15 14 6
20524 8 8 8
20525 19 18 4
20526 10 9 5
20527 19 18 6
20528 12 11 5
20529 11 10 6
20530 8 8 4
20531 14 13 7
20532 9 8 4
20533 14 13 7
20534 7 6 5
20535 15 15 5
20536 15 14 6
20537 16 15 5
20538 15 15 7
20539 13 12 4
20540 6 5 4
20541 18 17 5
20542 17 16 6
20543 10 10 4
20544 16 15 5
20545 7 6 5
20546 11 10 4
20547 10 9 5
20548 9 9 5
20549 13 12 6
20550 14 13 5
20551 13 12 6
20552 10 10 4
20553 16 15 5
20554 7 6 5
20555 15 14 6
20556 14 14 6
20557 8 8 4
20558 12 11 5
20559 15 14 6
20560 10 10 6
20561 10 10 4
20562 12 11 5
20563 15 14 6
20564 14 14 6
20565 6 6 6
20566 13 12 6
20567 16 16 6
20568 22 21 5
20569 17 16 4
20570 18 17 5
20571 9 8 4
20572 8 7 6
20573 14 13 5
20574 13 12 4
20575 14 13 7
20576 7 6 5
20577 13 12 4
20578 14 13 5
20579 15 14 6
20580 6 5 4
20581 12 11 5
20582 9 9 5
20583 11 10 6
20584 18 17 5
20585 11 10 4
20586 16 15 7
20587 15 15 7
20588 9 8 4
20589 18 17 5
20590 11 10 4
20591 14 13 5
20592 13 12 4
20593 12 11 5
20594 11 11 5
20595 7 6 5
20596 11 11 5
20597 15 15 7
20598 11 11 5
20599 11 10 4
20600 6 5 4
20601 12 11 7
20602 15 14 6
20603 6 6 6
20604 9 8 4
20605 18 17 7
20606 7 6 5
20607 21 20 4
20608 12 11 5
20609 5 5 5
20610 12 11 5
20611 7 6 5
20612 11 10 6
20613 6 6 6
20614 15 14 6
20615 14 14 6
20616 16 15 5
20617 15 15 5
20618 13 12 6
20619 12 12 4
20620 12 11 5
20621 7 6 5
20622 7 6 5
20623 13 12 6
20624 16 16 6
20625 10 9 5
20626 7 6 5
20627 19 18 4
20628 10 9 5
20629 9 9 5
20630 13 12 6
20631 10 9 5
20632 11 10 4
20633 12 11 5
20634 11 11 5
20635 9 9 5
20636 11 10 6
20637 10 9 5
20638 13 12 4
20639 12 11 5
20640 13 12 6
20641 14 13 5
20642 13 12 6
20643 12 12 4
20644 14 13 7
20645 13 13 5
20646 11 11 5
20647 15 14 4
20648 10 9 5
20649 11 10 4
20650 10 9 5
20651 9 8 4
20652 8 7 6
20653 10 9 5
20654 9 9 5
20655 13 13 7
20656 17 16 6
20657 10 9 5
20658 11 10 4
20659 14 13 5
20660 15 15 5
20661 7 7 7
20662 14 14 6
20663 14 14 6
20664 12 11 5
20665 15 14 4
20666 10 9 5
20667 15 14 6
20668 18 17 5
20669 23 23 7
20670 19 18 4
20671 14 13 5
20672 11 10 4
20673 16 15 5
20674 17 16 6
20675 8 8 4
20676 12 11 5
20677 11 10 4
20678 14 13 7
20679 13 12 6
20680 10 10 6
20681 18 18 6
20682 12 11 5
20683 13 13 5
20684 15 15 5
20685 11 10 4
20686 16 15 7
20687 19 18 6
20688 14 14 6
20689 14 14 6
20690 8 8 4
20691 14 13 5
20692 15 14 6
20693 16 15 5
20694 5 5 5
20695 14 13 7
20696 9 8 4
20697 6 5 4
20698 14 13 7
20699 15 15 5
20700 9 9 5
20701 19 18 6
20702 12 11 5
20703 21 21 7
20704 11 10 6
20705 12 12 6
20706 16 16 8
20707 12 12 6
20708 14 14 4
20709 12 11 5
20710 11 11 5
20711 9 9 5
20712 13 12 6
20713 8 8 4
20714 6 5 4
20715 18 17 7
20716 15 14 4
20717 12 11 5
20718 15 15 5
20719 11 10 6
20720 16 16 4
20721 10 9 5
20722 9 9 5
20723 11 11 5
20724 11 10 6
20725 16 15 5
20726 15 15 7
20727 21 20 4
20728 12 11 5
20729 11 10 6
20730 6 6 6
20731 9 9 5
20732 17 16 6
20733 14 13 5
20734 17 16 6
20735 18 18 8
20736 10 10 4
20737 12 11 5
20738 5 5 5
20739 6 5 4
20740 12 11 5
20741 7 7 7
20742 14 14 8
20743 14 14 4
20744 14 13 7
20745 15 14 6
20746 10 10 4
20747 10 9 5
20748 15 14 8
20749 16 16 4
20750 16 15 5
20751 19 19 5
20752 7 6 5
20753 11 11 5
20754 9 9 5
20755 19 18 6
20756 10 9 5
20757 11 10 4
20758 8 7 6
20759 12 11 5
20760 9 9 5
20761 13 12 6
20762 6 6 6
20763 19 18 8
20764 14 14 4
20765 10 9 5
20766 7 7 7
20767 10 9 5
20768 9 8 7
20769 13 12 6
20770 8 8 4
20771 10 9 5
20772 13 12 6
20773 6 5 4
20774 14 13 7
20775 17 17 5
20776 23 23 7
20777 13 12 4
20778 22 21 5
20779 5 5 5
20780 14 13 5
20781 11 10 6
20782 14 13 5
20783 11 10 6
20784 18 18 4
20785 14 13 5
20786 9 8 4
20787 10 9 5
20788 13 12 6
20789 12 12 6
20790 12 12 4
20791 22 21 7
20792 11 10 6
20793 10 10 4
20794 16 15 7
20795 9 8 4
20796 14 13 5
20797 13 12 6
20798 12 12 6
20799 8 8 4
20800 10 9 5
20801 13 13 5
20802 15 14 6
20803 16 16 6
20804 18 18 6
20805 16 16 4
20806 14 13 5
20807 13 13 5
20808 19 18 4
20809 18 17 5
20810 15 15 5
20811 15 15 5
20812 9 8 4
20813 6 5 4
20814 10 9 5
20815 11 11 5
20816 17 16 4
20817 10 9 5
20818 15 15 5
20819 17 16 6
20820 16 16 4
20821 6 5 4
20822 16 15 7
20823 9 8 4
20824 18 17 5
20825 11 11 5
20826 13 12 4
20827 10 9 5
20828 9 8 4
20829 12 11 5
20830 11 10 6
20831 8 8 4
20832 8 7 6
20833 6 6 6
20834 13 12 4
20835 8 7 6
20836 18 18 8
20837 14 13 5
20838 15 14 6
20839 8 8 8
20840 21 20 4
20841 12 11 5
20842 9 9 5
20843 13 13 5
20844 11 11 5
20845 13 12 6
20846 14 14 6
20847 12 12 4
20848 12 11 5
20849 13 13 5
20850 11 11 5
20851 9 8 4
20852 10 9 5
20853 13 13 7
20854 9 8 4
20855 14 13 5
20856 19 19 5
20857 21 20 6
20858 8 8 4
20859 10 9 5
20860 13 13 5
20861 5 5 5
20862 10 9 5
20863 13 12 8
20864 10 10 6
20865 8 8 4
20866 14 13 5
20867 7 7 7
20868 10 9 5
20869 21 20 6
20870 18 17 5
20871 13 12 4
20872 6 5 4
20873 20 19 5
20874 5 5 5
20875 8 7 6
20876 8 8 4
20877 18 17 7
20878 11 10 6
20879 12 11 5
20880 13 13 5
20881 13 13 5
20882 15 15 7
20883 13 12 6
20884 12 12 6
20885 10 9 5
20886 19 18 4
20887 12 11 5
20888 13 12 6
20889 16 16 4
20890 12 11 5
20891 19 18 6
20892 10 10 6
20893 16 16 6
20894 18 18 8
20895 6 5 4
20896 6 5 4
20897 14 13 5
20898 15 14 6
20899 6 5 4
20900 10 9 5
20901 21 21 7
20902 9 8 4
20903 16 15 5
20904 11 10 4
20905 12 11 5
20906 13 12 6
20907 12 11 5
20908 11 11 5
20909 11 10 6
20910 10 10 6
20911 8 8 4
20912 14 13 5
20913 13 13 5
20914 13 12 6
20915 8 8 4
20916 10 9 5
20917 25 24 6
20918 10 10 6
20919 12 12 4
20920 20 19 5
20921 11 11 5
20922 13 13 5
20923 9 9 5
20924 15 15 5
20925 9 8 4
20926 16 15 7
20927 13 12 4
20928 18 17 7
20929 13 12 6
20930 14 14 4
20931 18 17 5
20932 17 16 6
20933 6 5 4
20934 16 15 5
20935 17 16 8
20936 10 10 4
20937 14 13 5
20938 5 5 5
20939 20 19 7
20940 9 9 5
20941 15 14 8
20942 14 14 4
20943 10 9 5
20944 13 12 6
20945 16 15 5
20946 7 6 5
20947 17 16 8
20948 8 8 4
20949 16 15 7
20950 9 8 4
20951 14 13 7
20952 11 10 4
20953 12 11 5
20954 13 12 6
20955 10 10 4
20956 10 9 5
20957 15 14 6
20958 14 14 8
20959 12 12 6
20960 10 10 6
20961 18 18 4
20962 10 9 5
20963 11 11 5
20964 13 12 6
20965 18 18 6
20966 10 9 5
20967 9 8 4
20968 12 11 5
20969 9 9 5
20970 27 26 8
20971 10 9 5
20972 11 11 5
20973 17 16 4
20974 12 11 5
20975 13 12 6
20976 10 10 6
20977 18 17 5
20978 11 11 5
20979 13 12 6
20980 10 10 4
20981 16 15 5
20982 13 13 7
20983 13 12 4
20984 12 11 5
20985 11 10 6
20986 10 10 6
20987 10 9 5
20988 9 8 4
20989 16 15 5
20990 21 21 9
20991 11 10 4
20992 16 15 5
20993 9 9 5
20994 11 10 4
20995 12 11 5
20996 17 17 7
20997 19 18 8
20998 10 10 4
20999 16 15 7
21000 17 16 6
21001 10 10 6
21002 12 12 4
21003 12 11 5
21004 19 18 4
21005 10 9 5
21006 15 15 5
21007 9 8 4
21008 14 13 5
21009 13 12 6
21010 16 15 5
21011 11 10 4
21012 12 11 5
21013 7 6 5
21014 11 10 4
21015 10 9 5
21016 13 13 5
21017 11 10 4
21018 12 11 7
21019 13 12 6
21020 12 11 5
21021 11 10 4
21022 10 9 5
21023 5 5 5
21024 10 9 5
21025 13 13 5
21026 13 12 6
21027 6 6 6
21028 17 17 7
21029 9 8 4
21030 14 13 5
21031 21 20 6
21032 10 10 4
21033 10 9 5
21034 9 9 5
21035 13 13 7
21036 23 22 6
21037 10 10 4
21038 12 11 5
21039 15 15 5
21040 9 8 7
21041 11 10 4
21042 14 13 5
21043 11 11 5
21044 19 18 6
21045 14 13 5
21046 17 17 5
21047 9 9 5
21048 15 14 6
21049 8 8 4
21050 12 11 5
21051 19 18 6
21052 14 13 7
21053 13 12 4
21054 14 13 5
21055 11 11 5
21056 17 16 8
21057 16 16 4
21058 18 17 7
21059 17 16 6
21060 8 8 4
21061 12 11 5
21062 13 13 7
21063 13 12 4
21064 14 13 5
21065 13 13 5
21066 21 21 5
21067 11 10 4
21068 12 11 5
21069 21 21 5
21070 15 14 6
21071 20 20 6
21072 14 14 4
21073 6 5 4
21074 14 13 7
21075 13 13 5
21076 13 12 4
21077 12 11 5
21078 13 13 5
21079 11 10 4
21080 12 11 5
21081 13 12 6
21082 12 12 4
21083 12 11 5
21084 13 12 4
21085 6 5 4
21086 8 7 6
21087 12 12 6
21088 6 6 6
21089 5 5 5
21090 10 9 5
21091 11 11 5
21092 21 20 6
21093 10 10 4
21094 10 9 5
21095 13 12 6
21096 14 14 6
21097 8 8 4
21098 14 13 7
21099 15 14 6
21100 12 12 6
21101 12 12 4
21102 18 17 5
21103 11 11 5
21104 13 12 6
21105 10 10 4
21106 18 17 5
21107 27 26 4
21108 10 9 5
21109 13 12 4
21110 12 11 5
21111 9 8 4
21112 14 13 5
21113 15 14 6
21114 14 13 5
21115 9 9 5
21116 9 8 4
21117 8 7 6
21118 16 16 6
21119 16 16 6
21120 16 16 6
21121 10 10 4
21122 14 13 7
21123 13 12 4
21124 14 13 5
21125 11 10 6
21126 12 12 4
21127 10 9 5
21128 21 20 6
21129 6 6 6
21130 13 12 4
21131 10 9 5
21132 9 8 4
21133 12 11 5
21134 7 6 5
21135 13 12 6
21136 18 18 6
21137 12 12 4
21138 6 5 4
21139 6 5 4
21140 14 13 7
21141 7 6 5
21142 15 14 6
21143 12 11 5
21144 11 10 4
21145 6 5 4
21146 12 11 7
21147 17 16 6
21148 12 12 6
21149 12 12 4
21150 12 11 5
21151 11 11 5
21152 13 12 6
21153 6 6 6
21154 19 18 6
21155 6 5 4
21156 14 13 5
21157 23 22 8
21158 12 12 6
21159 10 10 4
21160 22 21 5
21161 19 18 6
21162 24 24 6
21163 14 14 4
21164 12 11 5
21165 13 12 4
21166 14 13 5
21167 19 18 6
21168 6 6 6
21169 11 10 4
21170 16 15 5
21171 13 12 4
21172 12 11 5
21173 7 6 5
21174 17 17 5
21175 15 15 5
21176 13 13 7
21177 13 12 4
21178 10 9 5
21179 15 14 4
21180 24 23 5
21181 13 13 5
21182 7 6 5
21183 9 8 4
21184 16 15 5
21185 17 17 5
21186 15 14 6
21187 20 20 6
21188 6 6 6
21189 13 13 5
21190 11 10 4
21191 12 11 7
21192 9 8 4
21193 8 7 6
21194 16 16 6
21195 10 9 5
21196 13 13 5
21197 15 14 6
21198 8 8 4
21199 10 9 5
21200 13 12 6
21201 6 6 6
21202 13 13 5
21203 11 11 5
21204 15 15 5
21205 5 5 5
21206 12 11 5
21207 9 8 4
21208 14 13 7
21209 11 11 5
21210 17 17 5
21211 9 8 4
21212 10 9 5
21213 15 14 6
21214 8 8 4
21215 12 11 5
21216 15 15 5
21217 17 17 5
21218 7 6 5
21219 13 12 6
21220 16 16 4
21221 16 15 5
21222 15 15 5
21223 15 15 5
21224 13 12 6
21225 16 16 6
21226 10 10 4
21227 18 17 5
21228 9 9 5
21229 15 14 6
21230 12 12 6
21231 16 16 6
21232 10 10 4
21233 10 9 5
21234 11 10 4
21235 12 11 7
21236 11 11 5
21237 9 9 5
21238 17 16 6
21239 10 10 6
21240 6 6 6
21241 17 16 4
21242 10 9 5
21243 13 12 6
21244 6 6 6
21245 7 6 5
21246 9 8 4
21247 12 11 5
21248 17 16 6
21249 10 9 5
21250 15 14 6
21251 16 16 6
21252 16 16 6
21253 10 9 5
21254 13 13 5
21255 21 20 4
21256 6 5 4
21257 18 17 7
21258 15 14 6
21259 10 10 4
21260 18 17 5
21261 19 18 4
21262 8 7 6
21263 14 14 4
21264 12 11 5
21265 9 8 4
21266 16 15 7
21267 13 12 8
21268 8 8 4
21269 12 11 5
21270 17 16 4
21271 10 9 5
21272 17 16 8
21273 16 16 6
21274 24 24 4
21275 14 13 5
21276 15 14 4
21277 18 17 5
21278 13 13 5
21279 11 10 6
21280 10 9 5
21281 15 15 5
21282 9 8 4
21283 18 17 5
21284 17 16 8
21285 8 8 4
21286 18 17 5
21287 11 11 7
21288 9 8 4
21289 10 9 5
21290 15 15 5
21291 11 10 6
21292 10 10 6
21293 20 20 4
21294 12 11 5
21295 11 11 5
21296 17 16 6
21297 16 16 6
21298 8 8 4
21299 12 11 5
21300 15 14 6
21301 12 12 6
21302 14 14 4
21303 10 9 5
21304 11 11 5
21305 17 16 4
21306 14 13 5
21307 21 21 7
21308 27 26 6
21309 12 12 4
21310 10 9 5
21311 9 9 5
21312 9 8 4
21313 16 15 5
21314 15 15 5
21315 15 14 6
21316 14 14 4
21317 14 13 5
21318 11 10 4
21319 20 19 5
21320 11 10 4
21321 12 11 5
21322 13 12 4
21323 8 7 6
21324 12 11 5
21325 13 12 6
21326 14 13 5
21327 11 10 4
21328 14 13 5
21329 9 9 5
21330 13 12 4
21331 14 13 5
21332 17 16 4
21333 14 13 5
21334 15 15 5
21335 13 13 5
21336 13 12 4
21337 8 7 6
21338 14 14 4
21339 14 13 5
21340 21 21 5
21341 15 14 4
21342 12 11 5
21343 15 14 6
21344 8 8 4
21345 16 15 5
21346 9 8 4
21347 12 11 5
21348 17 16 6
21349 12 12 4
21350 20 19 7
21351 15 14 6
21352 14 14 6
21353 14 14 6
21354 12 12 6
21355 10 10 6
21356 18 18 6
21357 8 8 4
21358 12 11 5
21359 21 21 5
21360 11 10 4
21361 12 11 5
21362 15 15 7
21363 11 10 4
21364 18 17 9
21365 15 14 4
21366 16 15 5
21367 13 13 5
21368 15 15 5
21369 9 9 5
21370 13 12 6
21371 14 14 6
21372 12 11 5
21373 11 10 4
21374 14 13 5
21375 15 14 6
21376 8 8 4
21377 14 13 5
21378 11 10 4
21379 20 19 9
21380 7 6 5
21381 15 14 6
21382 14 13 5
21383 9 9 5
21384 17 16 4
21385 16 15 5
21386 13 13 5
21387 13 12 4
21388 22 21 5
21389 11 11 5
21390 11 10 6
21391 6 6 6
21392 9 8 4
21393 14 13 5
21394 17 16 6
21395 16 16 4
21396 6 5 4
21397 18 17 5
21398 11 10 4
21399 10 9 5
21400 27 27 5
21401 13 12 4
21402 14 13 7
21403 7 6 5
21404 13 12 4
21405 10 9 5
21406 17 16 6
21407 10 10 4
21408 12 11 5
21409 11 10 4
21410 16 15 7
21411 21 20 6
21412 10 10 4
21413 14 13 5
21414 11 10 6
21415 10 9 5
21416 9 8 4
21417 14 13 5
21418 9 9 5
21419 15 14 6
21420 22 22 4
21421 22 21 7
21422 15 14 4
21423 8 7 6
21424 14 14 6
21425 12 12 6
21426 10 10 4
21427 12 11 5
21428 13 13 5
21429 11 10 4
21430 12 11 5
21431 13 13 5
21432 13 13 5
21433 15 14 4
21434 12 11 5
21435 9 8 7
21436 19 18 6
21437 12 12 4
21438 10 9 5
21439 15 14 6
21440 6 5 4
21441 6 5 4
21442 24 23 7
21443 9 8 4
21444 26 25 5
21445 19 18 4
21446 16 15 5
21447 17 16 4
21448 10 9 5
21449 13 13 5
21450 21 20 4
21451 10 9 5
21452 21 20 6
21453 10 10 4
21454 10 9 5
21455 11 11 5
21456 15 14 6
21457 14 14 8
21458 10 10 4
21459 14 13 5
21460 13 13 5
21461 9 8 4
21462 10 9 5
21463 19 18 8
21464 16 16 6
21465 18 18 6
21466 14 14 4
21467 20 19 5
21468 11 10 6
21469 6 6 6
21470 7 6 5
21471 13 12 4
21472 12 11 7
21473 13 12 6
21474 10 9 5
21475 9 8 4
21476 10 9 5
21477 11 11 5
21478 23 22 8
21479 16 16 6
21480 10 10 4
21481 10 9 5
21482 11 10 6
21483 12 12 6
21484 18 18 6
21485 14 14 6
21486 20 20 6
21487 16 15 5
21488 17 16 4
21489 20 19 7
21490 9 8 4
21491 18 17 5
21492 13 13 5
21493 13 12 6
21494 14 14 6
21495 12 12 6
21496 12 12 4
21497 10 9 5
21498 13 12 6
21499 12 12 6
21500 12 11 5
21501 19 18 6
21502 16 16 6
21503 16 16 8
21504 14 14 4
21505 22 21 5
21506 13 12 6
21507 14 14 6
21508 10 9 5
21509 13 12 6
21510 10 10 6
21511 12 12 4
21512 10 9 5
21513 17 17 5
21514 15 14 6
21515 10 9 5
21516 15 14 6
21517 12 11 5
21518 13 13 5
21519 9 8 4
21520 12 11 7
21521 13 12 4
21522 16 15 5
21523 9 9 5
21524 15 15 5
21525 11 11 5
21526 9 8 7
21527 15 14 4
21528 14 13 5
21529 13 13 5
21530 15 14 4
21531 10 9 5
21532 23 22 6
21533 12 12 4
21534 18 17 7
21535 9 8 4
21536 12 11 5
21537 7 6 5
21538 9 8 4
21539 6 5 4
21540 16 15 5
21541 15 14 6
21542 10 10 6
21543 20 20 6
21544 18 17 5
21545 9 8 4
21546 16 15 5
21547 11 11 5
21548 21 20 6
21549 12 12 6
21550 10 9 5
21551 11 10 4
21552 14 13 5
21553 9 8 4
21554 18 17 5
21555 11 11 7
21556 13 12 4
21557 18 17 7
21558 15 14 6
21559 14 14 6
21560 12 12 4
21561 14 13 5
21562 15 14 4
21563 12 11 5
21564 9 9 5
21565 15 14 4
21566 12 11 5
21567 13 13 5
21568 13 13 5
21569 7 6 5
21570 9 8 4
21571 10 9 5
21572 15 15 7
21573 15 14 6
21574 10 10 4
21575 14 13 5
21576 11 11 5
21577 13 13 5
21578 11 11 5
21579 9 9 5
21580 13 12 4
21581 14 13 5
21582 5 5 5
21583 14 13 7
21584 15 14 6
21585 8 8 4
21586 10 9 5
21587 15 14 6
21588 6 6 6
21589 21 21 5
21590 11 10 6
21591 12 11 5
21592 11 11 5
21593 11 11 5
21594 15 14 6
21595 14 13 5
21596 7 7 7
21597 12 12 4
21598 16 15 7
21599 9 8 4
21600 10 9 5
21601 15 14 6
21602 12 12 6
21603 14 14 6
21604 16 16 6
21605 18 18 6
21606 8 8 4
21607 10 9 5
21608 7 6 5
21609 11 10 6
21610 12 12 6
21611 12 12 4
21612 18 17 5
21613 9 8 7
21614 17 16 6
21615 10 10 4
21616 16 15 5
21617 9 8 4
21618 16 15 7
21619 19 18 4
21620 12 11 5
21621 13 12 4
21622 22 21 5
21623 13 12 4
21624 18 17 5
21625 13 13 5
21626 25 24 6
21627 16 16 6
21628 14 14 4
21629 18 17 5
21630 13 12 4
21631 12 11 5
21632 15 14 6
21633 12 12 4
21634 14 13 5
21635 11 11 5
21636 9 9 5
21637 15 14 4
21638 16 15 5
21639 19 19 5
21640 15 15 5
21641 11 10 6
21642 10 9 5
21643 17 16 4
21644 14 13 5
21645 13 13 5
21646 9 9 5
21647 11 10 4
21648 12 11 5
21649 15 15 5
21650 23 23 5
21651 31 31 7
21652 11 10 4
21653 6 5 4
21654 14 13 5
21655 11 10 4
21656 12 11 5
21657 9 8 4
21658 10 9 5
21659 13 12 6
21660 18 18 4
21661 14 13 5
21662 15 14 6
21663 14 14 6
21664 14 14 4
21665 6 5 4
21666 12 11 5
21667 15 15 5
21668 7 7 7
21669 8 8 4
21670 12 11 5
21671 17 17 7
21672 7 6 5
21673 7 6 5
21674 15 14 8
21675 14 14 6
21676 8 7 6
21677 12 12 4
21678 8 7 6
21679 12 12 4
21680 20 19 5
21681 21 21 7
21682 7 6 5
21683 23 22 8
21684 20 20 6
21685 10 10 4
21686 18 17 5
21687 19 19 5
21688 17 16 6
21689 12 12 6
21690 10 10 4
21691 10 9 5
21692 11 10 4
21693 8 7 6
21694 14 13 7
21695 11 10 6
21696 14 14 4
21697 10 9 5
21698 11 11 5
21699 13 12 6
21700 6 6 6
21701 13 13 5
21702 9 9 5
21703 11 10 6
21704 12 12 6
21705 10 9 5
21706 13 13 5
21707 15 15 5
21708 11 10 6
21709 12 11 5
21710 11 10 4
21711 20 19 7
21712 11 10 6
21713 18 18 4
21714 20 19 5
21715 9 9 5
21716 9 8 4
21717 14 13 7
21718 11 10 6
21719 10 10 4
21720 14 13 5
21721 13 13 5
21722 11 11 5
21723 11 10 4
21724 12 11 5
21725 13 12 4
21726 14 13 5
21727 9 9 5
21728 15 15 5
21729 15 14 4
21730 16 15 5
21731 15 14 6
21732 12 11 5
21733 15 15 5
21734 5 5 5
21735 10 9 5
21736 13 13 5
21737 13 12 6
21738 10 9 5
21739 11 10 6
21740 14 14 6
21741 12 12 4
21742 12 11 5
21743 13 13 5
21744 13 12 6
21745 10 10 4
21746 10 9 5
21747 11 10 4
21748 10 9 5
21749 7 7 7
21750 10 9 5
21751 11 10 4
21752 14 13 7
21753 11 11 5
21754 13 12 6
21755 14 14 6
21756 22 21 5
21757 13 13 5
21758 9 8 4
21759 12 11 5
21760 13 12 4
21761 12 11 5
21762 13 12 6
21763 20 19 7
21764 21 20 4
21765 14 13 5
21766 21 20 4
21767 18 17 5
21768 19 18 6
21769 12 11 5
21770 19 18 6
21771 16 16 6
21772 14 13 5
21773 13 12 4
21774 14 13 5
21775 9 9 5
21776 9 9 5
21777 13 12 4
21778 16 15 5
21779 23 22 6
21780 16 15 5
21781 13 12 6
21782 12 12 4
21783 14 13 5
21784 13 12 6
21785 14 14 6
21786 24 24 8
21787 6 6 6
21788 19 18 6
21789 14 13 5
21790 13 12 6
21791 12 12 8
21792 10 10 4
21793 12 11 5
21794 9 9 5
21795 11 11 5
21796 15 14 6
21797 14 14 6
21798 10 9 5
21799 11 10 6
21800 20 19 5
21801 17 16 6
21802 10 9 5
21803 7 6 5
21804 13 12 6
21805 8 8 4
21806 16 15 5
21807 9 9 5
21808 19 18 6
21809 10 10 4
21810 10 9 5
21811 17 16 6
21812 8 8 4
21813 18 17 7
21814 7 6 5
21815 13 12 6
21816 12 12 6
21817 16 16 6
21818 6 5 4
21819 12 11 5
21820 11 11 5
21821 11 11 5
21822 11 10 4
21823 10 9 5
21824 17 17 5
21825 9 8 4
21826 14 13 5
21827 15 14 6
21828 12 12 6
21829 8 8 4
21830 16 15 7
21831 11 10 4
21832 14 13 5
21833 11 10 4
21834 16 15 5
21835 19 19 7
21836 11 10 4
21837 18 17 5
21838 11 10 4
21839 14 13 7
21840 15 14 6
21841 12 12 4
21842 18 17 5
21843 27 27 5
21844 15 14 6
21845 12 12 4
21846 16 15 5
21847 9 8 4
21848 12 11 5
21849 11 11 5
21850 11 10 6
21851 16 16 4
21852 12 11 5
21853 17 16 6
21854 6 5 4
21855 16 15 7
21856 11 10 4
21857 16 15 7
21858 7 6 5
21859 13 12 4
21860 10 9 5
21861 15 14 4
21862 14 13 5
21863 11 10 6
21864 6 6 6
21865 15 14 6
21866 20 20 4
21867 18 17 5
21868 23 22 4
21869 10 9 5
21870 11 11 5
21871 15 14 6
21872 12 11 5
21873 15 15 7
21874 11 11 5
21875 7 6 5
21876 9 9 5
21877 17 17 5
21878 23 22 6
21879 16 16 6
21880 16 16 6
21881 8 8 4
21882 12 11 5
21883 13 12 6
21884 12 12 6
21885 14 14 6
21886 14 14 4
21887 12 11 5
21888 11 10 4
21889 12 11 5
21890 11 11 5
21891 15 15 7
21892 11 10 4
21893 12 11 5
21894 11 10 4
21895 16 15 7
21896 15 14 4
21897 12 11 5
21898 15 14 8
21899 10 10 4
21900 12 11 5
21901 21 20 6
21902 12 12 6
21903 12 12 4
21904 12 11 7
21905 7 6 5
21906 21 20 6
21907 12 12 6
21908 10 10 4
21909 14 13 7
21910 21 20 4
21911 12 11 5
21912 19 18 6
21913 12 12 6
21914 16 16 4
21915 14 13 5
21916 15 15 5
21917 7 6 5
21918 7 6 5
21919 11 10 6
21920 12 12 6
21921 8 8 4
21922 12 11 7
21923 11 10 6
21924 14 13 5
21925 15 14 6
21926 10 10 4
21927 12 11 5
21928 9 8 4
21929 18 17 7
21930 19 18 6
21931 12 12 4
21932 10 9 5
21933 13 12 6
21934 12 12 6
21935 12 11 5
21936 13 12 6
21937 10 10 6
21938 16 16 6
21939 10 10 4
21940 16 15 7
21941 13 12 4
21942 12 11 5
21943 11 10 6
21944 10 9 5
21945 9 8 4
21946 10 9 5
21947 9 8 4
21948 6 5 4
21949 10 9 5
21950 11 11 5
21951 17 16 8
21952 8 8 4
21953 14 13 7
21954 11 10 4
21955 12 11 5
21956 13 12 6
21957 10 10 4
21958 12 11 5
21959 17 16 4
21960 20 19 5
21961 9 9 5
21962 11 10 4
21963 10 9 5
21964 13 12 6
21965 8 8 4
21966 16 15 5
21967 15 14 4
21968 12 11 7
21969 17 16 4
21970 8 7 6
21971 20 19 5
21972 9 9 5
21973 9 8 4
21974 8 7 6
21975 18 18 4
21976 12 11 5
21977 9 9 5
21978 15 14 4
21979 10 9 5
21980 9 9 5
21981 9 8 4
21982 10 9 5
21983 13 13 5
21984 13 12 6
21985 16 15 5
21986 9 9 5
21987 17 16 6
21988 10 10 4
21989 14 13 5
21990 9 9 5
21991 7 6 5
21992 13 12 4
21993 10 9 5
21994 13 12 4
21995 14 13 5
21996 13 12 6
21997 10 10 4
21998 12 11 5
21999 9 8 4
22000 16 15 5
22001 13 12 6
22002 12 11 5
22003 9 8 4
22004 12 11 5
22005 9 8 4
22006 22 21 5
22007 11 10 6
22008 12 12 6
22009 12 11 7
22010 13 12 4
22011 12 11 5
22012 11 10 4
22013 16 15 5
22014 13 13 5
22015 11 10 6
22016 10 10 6
22017 14 14 6
22018 12 11 5
22019 7 6 5
22020 9 8 4
22021 16 15 7
22022 7 6 5
22023 9 8 4
22024 12 11 7
22025 11 10 4
22026 10 9 5
22027 11 10 6
22028 10 10 6
22029 8 8 4
22030 8 7 6
22031 10 10 4
22032 8 7 6
22033 26 26 6
22034 14 13 5
22035 13 12 6
22036 12 12 6
22037 16 15 5
22038 19 18 4
22039 10 9 5
22040 11 10 6
22041 14 14 6
22042 8 8 4
22043 10 9 5
22044 11 10 6
22045 16 16 8
22046 10 10 4
22047 10 9 5
22048 5 5 5
22049 6 5 4
22050 16 15 5
22051 11 10 6
22052 10 9 5
22053 23 23 5
22054 17 16 6
22055 16 16 4
22056 14 13 5
22057 13 13 5
22058 17 17 5
22059 13 13 5
22060 15 14 6
22061 16 16 4
22062 10 9 5
22063 9 8 4
22064 18 17 5
22065 11 10 4
22066 14 13 7
22067 7 6 5
22068 17 16 6
22069 14 14 6
22070 18 17 5
22071 11 11 5
22072 13 12 6
22073 10 10 4
22074 14 13 5
22075 13 13 5
22076 15 14 6
22077 10 10 6
22078 8 8 4
22079 16 15 5
22080 15 15 5
22081 9 9 5
22082 5 5 5
22083 12 11 5
22084 13 12 4
22085 10 9 5
22086 11 11 5
22087 15 14 4
22088 16 15 7
22089 13 12 4
22090 14 13 5
22091 15 15 5
22092 13 12 4
22093 14 13 5
22094 11 10 4
22095 16 15 5
22096 15 14 6
22097 12 12 4
22098 14 13 7
22099 11 10 6
22100 14 14 6
22101 16 16 4
22102 10 9 5
22103 9 8 4
22104 14 13 5
22105 21 20 6
22106 10 10 6
22107 10 10 4
22108 10 9 5
22109 19 18 6
22110 10 10 6
22111 8 8 4
22112 14 13 5
22113 7 6 5
22114 15 14 6
22115 12 12 4
22116 12 11 5
22117 11 11 5
22118 11 10 6
22119 10 10 6
22120 12 12 4
22121 10 9 5
22122 15 15 5
22123 17 16 6
22124 8 8 4
22125 14 13 5
22126 11 11 5
22127 19 18 8
22128 16 16 6
22129 6 6 6
22130 13 12 4
22131 8 7 6
22132 16 16 4
22133 12 11 5
22134 9 8 4
22135 10 9 5
22136 7 6 5
22137 9 9 5
22138 11 10 6
22139 10 10 6
22140 6 6 6
22141 9 9 5
22142 9 9 5
22143 7 6 5
22144 11 10 6
22145 10 10 6
22146 8 8 4
22147 12 11 5
22148 17 17 7
22149 7 6 5
22150 9 8 4
22151 12 11 5
22152 11 10 6
22153 16 16 8
22154 10 10 4
22155 18 17 5
22156 15 14 6
22157 12 11 5
22158 11 11 5
22159 13 12 4
22160 12 11 5
22161 11 10 4
22162 14 13 5
22163 13 13 5
22164 15 14 6
22165 14 13 5
22166 11 11 5
22167 13 12 4
22168 16 15 5
22169 15 15 5
22170 15 15 5
22171 11 11 5
22172 13 12 6
22173 12 12 4
22174 14 13 5
22175 7 6 5
22176 9 9 5
22177 11 11 5
22178 15 14 6
22179 12 12 4
22180 12 11 7
22181 13 13 5
22182 9 8 4
22183 14 13 5
22184 15 14 6
22185 14 13 5
22186 15 15 7
22187 11 10 6
22188 12 12 6
22189 10 10 4
22190 16 15 5
22191 11 10 6
22192 14 13 5
22193 11 10 4
22194 10 9 5
22195 13 12 6
22196 12 12 6
22197 16 16 4
22198 12 11 5
22199 11 11 5
22200 13 12 6
22201 16 16 6
22202 8 8 4
22203 12 11 5
22204 11 11 5
22205 9 8 4
22206 18 17 7
22207 7 6 5
22208 9 8 4
22209 12 11 5
22210 9 9 5
22211 13 13 5
22212 17 16 4
22213 10 9 5
22214 11 10 4
22215 14 13 5
22216 7 6 5
22217 9 9 5
22218 15 14 6
22219 14 14 4
22220 14 13 5
22221 13 13 5
22222 11 11 5
22223 15 14 6
22224 12 12 4
22225 18 17 5
22226 17 16 4
22227 12 11 5
22228 13 12 6
22229 10 10 6
22230 12 12 6
22231 10 9 5
22232 13 12 4
22233 10 9 5
22234 17 17 5
22235 9 9 5
22236 11 11 5
22237 15 15 5
22238 13 13 5
22239 7 6 5
22240 13 12 4
22241 18 17 5
22242 9 9 5
22243 15 14 4
22244 6 5 4
22245 12 11 5
22246 7 6 5
22247 11 11 5
22248 15 15 5
22249 17 16 6
22250 12 12 6
22251 18 17 5
22252 7 6 5
22253 13 12 4
22254 6 5 4
22255 14 13 7
22256 13 13 5
22257 11 10 4
22258 16 15 5
22259 13 12 4
22260 14 13 5
22261 5 5 5
22262 10 9 5
22263 9 9 5
22264 9 9 5
22265 11 11 5
22266 7 6 5
22267 9 9 9
22268 16 16 6
22269 10 10 4
22270 8 7 6
22271 8 8 4
22272 12 11 5
22273 11 10 6
22274 12 12 6
22275 14 14 4
22276 12 11 5
22277 9 9 5
22278 13 13 5
22279 5 5 5
22280 12 11 5
22281 17 16 6
22282 12 12 6
22283 10 10 4
22284 14 13 5
22285 11 11 5
22286 17 16 6
22287 10 9 5
22288 13 12 4
22289 16 15 5
22290 11 10 4
22291 12 11 7
22292 11 10 4
22293 14 13 5
22294 17 17 5
22295 11 11 5
22296 11 10 6
22297 16 15 5
22298 13 13 5
22299 13 12 4
22300 10 9 5
22301 19 19 7
22302 11 10 6
22303 12 12 6
22304 8 8 4
22305 6 5 4
22306 14 13 5
22307 11 10 4
22308 14 13 7
22309 11 11 5
22310 9 9 5
22311 11 10 6
22312 12 12 4
22313 28 27 7
22314 9 8 4
22315 18 17 5
22316 11 10 4
22317 16 15 5
22318 9 9 5
22319 15 14 6
22320 12 11 5
22321 5 5 5
22322 6 5 4
22323 10 9 5
22324 9 9 5
22325 11 10 4
22326 12 11 5
22327 9 9 5
22328 13 12 6
22329 8 8 4
22330 14 13 5
22331 13 13 5
22332 13 13 5
22333 7 6 5
22334 13 12 4
22335 20 19 7
22336 13 12 4
22337 20 19 5
22338 11 11 5
22339 9 9 5
22340 13 12 6
22341 14 13 5
22342 13 13 7
22343 15 14 6
22344 10 10 6
22345 12 12 6
22346 12 12 4
22347 6 5 4
22348 10 9 5
22349 15 14 6
22350 14 13 5
22351 13 12 6
22352 14 14 4
22353 14 13 5
22354 13 12 6
22355 6 6 6
22356 11 10 6
22357 12 12 6
22358 18 17 7
22359 17 16 6
22360 16 16 6
22361 10 10 4
22362 12 11 7
22363 17 16 4
22364 14 13 5
22365 11 10 4
22366 10 9 5
22367 13 12 6
22368 12 12 6
22369 12 11 5
22370 11 10 4
22371 16 15 7
22372 19 19 5
22373 7 6 5
22374 15 14 6
22375 6 6 6
22376 9 9 5
22377 9 8 4
22378 14 13 5
22379 17 16 6
22380 18 17 5
22381 11 11 5
22382 9 9 5
22383 9 8 4
22384 14 13 5
22385 15 15 7
22386 13 13 5
22387 9 9 5
22388 13 12 4
22389 24 23 7
22390 13 12 4
22391 12 11 5
22392 9 9 5
22393 15 15 7
22394 9 8 4
22395 12 11 5
22396 11 10 4
22397 8 7 6
22398 6 6 6
22399 13 13 5
22400 15 14 4
22401 16 15 5
22402 19 18 6
22403 14 14 4
22404 12 11 5
22405 9 9 5
22406 13 12 4
22407 12 11 5
22408 15 14 4
22409 12 11 5
22410 19 19 7
22411 19 18 6
22412 8 8 4
22413 12 11 5
22414 17 16 6
22415 8 8 4
22416 16 15 5
22417 9 9 5
22418 17 16 6
22419 12 12 6
22420 10 10 4
22421 6 5 4
22422 14 13 5
22423 11 10 6
22424 8 8 4
22425 12 11 7
22426 13 12 6
22427 18 18 6
22428 14 14 6
22429 12 12 6
22430 8 8 4
22431 10 9 5
22432 19 18 8
22433 12 12 4
22434 10 9 5
22435 7 6 5
22436 11 10 6
22437 6 6 6
22438 11 11 5
22439 11 11 5
22440 11 10 6
22441 12 11 5
22442 9 8 4
22443 12 11 5
22444 15 14 6
22445 12 11 5
22446 13 12 4
22447 14 13 5
22448 13 12 6
22449 12 11 5
22450 11 10 6
22451 14 14 6
22452 6 6 6
22453 13 12 6
22454 10 9 5
22455 17 16 6
22456 6 6 6
22457 13 12 6
22458 12 12 6
22459 10 10 4
22460 10 9 5
22461 13 13 5
22462 13 12 4
22463 20 19 7
22464 11 10 4
22465 10 9 5
22466 11 10 4
22467 10 9 5
22468 17 16 6
22469 16 16 6
22470 16 16 6
22471 18 18 4
22472 10 9 5
22473 9 9 5
22474 15 14 6
22475 14 13 5
22476 15 14 6
22477 16 16 4
22478 10 9 5
22479 9 9 5
22480 13 12 4
22481 16 15 5
22482 15 15 7
22483 15 14 4
22484 12 11 5
22485 13 12 4
22486 14 13 7
22487 11 10 4
22488 12 11 5
22489 13 13 5
22490 11 10 6
22491 8 8 4
22492 12 11 5
22493 17 16 6
22494 8 7 6
22495 12 12 6
22496 10 10 6
22497 14 14 6
22498 16 16 6
22499 20 19 5
22500 9 9 5
22501 9 8 4
22502 12 11 5
22503 9 9 5
22504 13 12 6
22505 10 10 6
22506 10 10 6
22507 14 14 6
22508 12 12 4
22509 8 7 6
22510 6 6 6
22511 17 17 5
22512 9 9 5
22513 13 12 4
22514 14 13 7
22515 7 6 5
22516 11 10 4
22517 12 11 5
22518 13 13 5
22519 11 10 6
22520 12 12 4
22521 12 11 5
22522 17 17 5
22523 9 9 5
22524 17 16 6
22525 16 16 6
22526 12 12 6
22527 12 12 4
22528 12 11 5
22529 25 24 4
22530 16 15 7
22531 17 16 4
22532 12 11 5
22533 13 12 6
22534 8 8 4
22535 10 9 5
22536 13 12 6
22537 10 9 5
22538 11 10 6
22539 14 14 4
22540 14 13 5
22541 11 10 6
22542 14 14 6
22543 12 12 6
22544 12 12 4
22545 12 11 5
22546 17 16 6
22547 12 12 4
22548 10 9 5
22549 15 14 6
22550 14 14 6
22551 14 13 5
22552 9 9 5
22553 9 8 4
22554 10 9 5
22555 5 5 5
22556 12 11 5
22557 11 10 6
22558 12 12 6
22559 10 10 6
22560 16 16 6
22561 12 12 6
22562 6 6 6
22563 15 15 7
22564 9 8 4
22565 12 11 5
22566 11 10 4
22567 8 7 6
22568 10 10 6
22569 16 16 4
22570 10 9 5
22571 17 16 4
22572 16 15 5
22573 11 11 5
22574 11 10 4
22575 14 13 5
22576 13 13 5
22577 7 6 5
22578 17 16 6
22579 18 18 6
22580 10 10 6
22581 8 8 4
22582 10 9 5
22583 11 10 6
22584 12 12 6
22585 8 8 4
22586 14 13 5
22587 11 11 5
22588 9 9 5
22589 9 8 4
22590 10 9 5
22591 23 22 8
22592 20 20 4
22593 14 13 5
22594 11 10 4
22595 10 9 5
22596 13 12 6
22597 14 14 6
22598 12 11 5
22599 11 10 4
22600 6 5 4
22601 20 19 7
22602 19 18 6
22603 16 15 5
22604 23 22 6
22605 10 10 4
22606 18 17 5
22607 11 11 5
22608 7 6 5
22609 15 14 6
22610 18 17 5
22611 13 13 5
22612 11 10 6
22613 10 10 4
22614 18 17 5
22615 17 16 6
22616 12 12 4
22617 20 19 5
22618 11 11 5
22619 11 10 4
22620 12 11 5
22621 15 14 6
22622 14 14 6
22623 12 12 4
22624 10 9 5
22625 17 16 6
22626 14 14 4
22627 16 15 5
22628 11 10 4
22629 12 11 5
22630 9 9 5
22631 19 18 6
22632 16 15 7
22633 13 12 4
22634 6 5 4
22635 8 7 6
22636 12 12 4
22637 12 11 5
22638 11 10 6
22639 12 12 6
22640 16 15 5
22641 19 19 5
22642 15 15 5
22643 7 6 5
22644 13 13 5
22645 13 13 5
22646 11 10 6
22647 8 8 4
22648 8 7 6
22649 14 13 7
22650 15 14 4
22651 16 15 5
22652 11 10 4
22653 20 19 5
22654 17 16 6
22655 10 10 4
22656 18 17 5
22657 15 14 4
22658 18 17 5
22659 13 13 5
22660 11 10 6
22661 12 12 4
22662 24 23 5
22663 13 13 5
22664 13 12 6
22665 10 9 5
22666 19 18 4
22667 16 15 5
22668 13 12 6
22669 16 15 7
22670 11 10 4
22671 14 13 7
22672 13 12 4
22673 10 9 5
22674 11 10 4
22675 14 13 5
22676 9 9 5
22677 15 14 6
22678 14 13 5
22679 9 9 5
22680 9 9 5
22681 11 11 5
22682 9 9 5
22683 9 9 5
22684 13 13 5
22685 15 14 6
22686 10 10 4
22687 14 13 5
22688 9 9 5
22689 15 14 4
22690 20 19 9
22691 11 10 4
22692 12 11 5
22693 9 9 5
22694 13 12 6
22695 14 14 4
22696 10 9 5
22697 21 20 6
22698 12 11 5
22699 15 15 5
22700 17 16 4
22701 20 19 7
22702 11 10 4
22703 12 11 5
22704 15 14 6
22705 14 13 5
22706 13 12 6
22707 14 13 5
22708 5 5 5
22709 10 9 5
22710 17 16 4
22711 10 9 5
22712 7 7 7
22713 10 9 5
22714 15 14 4
22715 16 15 5
22716 11 10 4
22717 8 7 6
22718 14 14 6
22719 16 16 6
22720 14 14 6
22721 18 17 7
22722 11 10 6
22723 18 18 4
22724 14 13 5
22725 13 12 6
22726 10 10 4
22727 12 11 5
22728 5 5 5
22729 18 17 5
22730 17 17 5
22731 11 10 4
22732 16 15 5
22733 13 12 6
22734 10 10 4
22735 18 17 5
22736 15 15 5
22737 9 9 5
22738 15 15 7
22739 15 14 6
22740 12 12 6
22741 12 12 4
22742 10 9 5
22743 15 15 7
22744 13 12 4
22745 14 13 5
22746 15 14 4
22747 20 19 5
22748 5 5 5
22749 10 9 5
22750 9 9 5
22751 15 15 5
22752 7 7 7
22753 14 14 4
22754 18 17 5
22755 13 13 7
22756 11 10 4
22757 16 15 5
22758 11 10 6
22759 12 12 6
22760 14 13 5
22761 9 9 5
22762 15 14 6
22763 12 12 6
22764 12 12 4
22765 14 13 5
22766 11 10 6
22767 12 12 6
22768 16 15 5
22769 11 10 4
22770 16 15 7
22771 15 14 4
22772 16 15 5
22773 15 14 4
22774 20 19 5
22775 5 5 5
22776 12 11 5
22777 13 12 4
22778 10 9 5
22779 9 9 5
22780 15 15 5
22781 11 11 5
22782 11 10 4
22783 12 11 5
22784 23 22 6
22785 22 21 5
22786 9 9 5
22787 11 11 5
22788 5 5 5
22789 10 9 5
22790 13 12 4
22791 18 17 5
22792 27 27 7
22793 11 10 4
22794 12 11 5
22795 15 14 6
22796 12 11 5
22797 9 8 4
22798 18 17 5
22799 19 19 5
22800 13 12 6
22801 18 18 6
22802 8 8 4
22803 10 9 5
22804 19 19 7
22805 9 8 4
22806 16 15 7
22807 15 14 4
22808 14 13 5
22809 19 19 5
22810 13 13 5
22811 15 14 6
22812 14 14 6
22813 14 14 6
22814 10 10 4
22815 10 9 5
22816 17 17 5
22817 9 8 4
22818 12 11 5
22819 13 13 5
22820 21 20 6
22821 6 6 6
22822 13 12 4
22823 6 5 4
22824 10 9 5
22825 5 5 5
22826 18 17 7
22827 9 8 4
22828 12 11 5
22829 13 12 6
22830 8 8 4
22831 12 11 5
22832 9 8 4
22833 8 7 6
22834 10 10 6
22835 10 10 4
22836 14 13 5
22837 9 8 7
22838 25 24 6
22839 12 12 4
22840 10 9 5
22841 15 14 4
22842 8 7 6
22843 8 8 4
22844 16 15 5
22845 13 13 5
22846 19 18 4
22847 10 9 5
22848 9 9 5
22849 11 10 4
22850 10 9 5
22851 17 17 7
22852 9 8 4
22853 12 11 5
22854 11 10 6
22855 12 12 6
22856 16 16 6
22857 16 15 5
22858 15 14 4
22859 10 9 5
22860 15 15 5
22861 19 19 5
22862 11 10 6
22863 10 10 4
22864 10 9 5
22865 9 9 5
22866 21 21 7
22867 9 8 4
22868 18 17 5
22869 9 9 5
22870 11 11 5
22871 13 13 5
22872 13 12 6
22873 12 12 6
22874 14 14 6
22875 10 10 6
22876 18 18 4
22877 10 9 5
22878 11 11 5
22879 11 10 4
22880 10 9 5
22881 15 15 5
22882 11 11 5
22883 21 21 5
22884 5 5 5
22885 6 5 4
22886 20 19 9
22887 19 19 5
22888 15 15 5
22889 9 8 4
22890 10 9 5
22891 11 10 4
22892 12 11 5
22893 11 11 5
22894 11 11 7
22895 9 8 4
22896 20 19 5
22897 17 16 6
22898 26 26 4
22899 12 11 5
22900 21 20 6
22901 16 16 6
22902 18 18 6
22903 20 19 5
22904 17 16 6
22905 20 20 6
22906 10 10 4
22907 20 19 9
22908 15 15 5
22909 17 16 6
22910 14 13 5
22911 23 22 8
22912 26 26 4
22913 14 13 5
22914 11 10 4
22915 12 11 5
22916 19 19 5
22917 17 17 5
22918 13 12 4
22919 8 7 6
22920 16 16 4
22921 6 5 4
22922 12 11 7
22923 11 10 6
22924 14 13 5
22925 11 10 4
22926 24 23 5
22927 11 10 6
22928 16 15 5
22929 9 9 5
22930 11 10 4
22931 16 15 5
22932 15 14 4
22933 10 9 5
22934 17 16 6
22935 18 18 6
22936 14 14 4
22937 14 13 5
22938 13 13 5
22939 11 10 6
22940 14 14 6
22941 12 12 4
22942 14 13 5
22943 15 14 6
22944 24 24 8
22945 18 17 5
22946 13 12 4
22947 12 11 5
22948 11 10 4
22949 14 13 5
22950 11 10 4
22951 12 11 5
22952 17 17 5
22953 13 12 6
22954 18 18 6
22955 12 12 6
22956 20 20 6
22957 16 15 5
22958 9 9 5
22959 23 22 6
22960 12 11 5
22961 13 12 4
22962 16 15 5
22963 17 17 5
22964 23 23 5
22965 21 21 7
22966 13 12 4
22967 18 17 7
22968 15 14 4
22969 10 9 5
22970 19 18 6
22971 22 21 5
22972 15 15 5
22973 21 20 6
22974 18 18 4
22975 24 23 5
22976 17 17 7
22977 11 10 4
22978 14 13 5
22979 19 18 6
22980 28 27 5
22981 21 20 6
22982 22 22 6
22983 20 19 5
22984 15 15 5
22985 17 16 4
22986 20 19 5
22987 19 18 8
22988 14 14 4
22989 20 19 5
22990 23 22 6
22991 30 30 6
22992 14 14 6
22993 18 18 4
22994 28 27 5
22995 25 24 8
22996 22 22 4
22997 14 13 5
22998 23 22 6
22999 20 20 6
23000 28 28 6
23001 18 18 4
23002 30 29 7
23003 19 18 6
23004 18 18 4
23005 44 43 9
23006 21 21 5
23007 39 38 6
23008 32 31 9
23009 27 26 8
23010 26 25 7
23011 27 27 9
23012 23 23 7
23013 41 40 12
23014 38 38 6
23015 38 38 10
23016 32 32 6
23017 28 27 7
23018 23 22 6
23019 22 22 6
23020 20 19 5
23021 29 28 6
23022 24 24 6
23023 22 21 5
23024 31 30 8
23025 22 21 5
23026 27 26 6
23027 30 29 5
23028 47 47 9
23029 21 21 5
23030 37 36 8
23031 32 32 8
23032 36 36 6
23033 30 29 9
23034 31 30 4
23035 28 27 5
23036 39 38 8
23037 28 27 5
23038 21 21 7
23039 37 36 6
23040 30 29 5
23041 37 37 9
23042 41 40 6
23043 38 38 6
23044 50 49 9
23045 25 24 6
23046 34 33 7
23047 21 21 5
23048 47 47 5
23049 23 23 7
23050 29 28 6
23051 38 38 10
23052 28 28 6
23053 34 34 6
23054 26 25 9
23055 39 38 8
23056 28 28 10
23057 22 22 6
23058 24 24 8
23059 20 20 4
23060 32 31 7
23061 23 22 6
23062 24 23 5
23063 17 17 5
23064 27 27 7
23065 27 26 4
23066 28 27 7
23067 19 18 4
23068 22 21 5
23069 13 13 7
23070 19 18 6
23071 34 34 6
23072 22 21 5
23073 31 30 8
23074 24 24 6
23075 20 20 6
23076 16 16 4
23077 16 15 5
23078 23 22 6
23079 16 15 5
23080 27 26 6
23081 20 19 5
23082 23 22 6
23083 14 13 5
23084 19 18 4
23085 24 23 7
23086 15 14 6
23087 16 16 6
23088 24 24 6
23089 20 19 7
23090 19 18 6
23091 34 33 7
23092 23 22 6
23093 28 28 6
23094 14 14 4
23095 18 17 7
23096 29 29 5
23097 25 24 6
23098 22 21 7
23099 19 18 4
23100 26 25 7
23101 21 20 4
23102 28 27 5
23103 19 19 5
23104 25 25 7
23105 19 18 4
23106 24 23 7
23107 29 28 6
23108 20 19 5
23109 25 25 5
23110 29 28 6
23111 16 15 5
23112 29 28 6
23113 18 18 6
23114 16 15 5
23115 17 16 6
23116 22 22 6
23117 14 13 5
23118 25 24 8
23119 18 18 4
23120 22 21 5
23121 19 19 5
23122 15 15 5
23123 17 17 5
23124 15 15 7
23125 15 14 4
23126 18 17 5
23127 11 11 5
23128 25 24 6
23129 24 23 7
23130 11 10 4
23131 10 9 5
23132 15 15 5
23133 19 19 5
23134 15 15 5
23135 21 20 4
23136 22 21 5
23137 9 8 4
23138 10 9 5
23139 15 14 6
23140 14 14 4
23141 26 25 5
23142 19 18 6
23143 16 16 6
23144 12 12 4
23145 18 17 5
23146 13 13 5
23147 13 13 5
23148 13 12 6
23149 14 14 6
23150 10 9 5
23151 13 12 4
23152 18 17 5
23153 19 19 7
23154 13 12 4
23155 12 11 5
23156 11 10 6
23157 12 12 4
23158 10 9 5
23159 7 6 5
23160 21 20 8
23161 12 12 4
23162 16 15 5
23163 19 18 4
23164 14 13 5
23165 17 16 6
23166 6 6 6
23167 9 8 4
23168 14 13 5
23169 21 20 6
23170 10 10 6
23171 18 18 6
23172 24 23 7
23173 15 14 4
23174 22 21 5
23175 15 14 4
23176 10 9 5
23177 21 20 6
23178 8 8 4
23179 12 11 7
23180 7 6 5
23181 11 11 5
23182 11 10 6
23183 18 17 5
23184 13 13 5
23185 15 15 5
23186 15 14 4
23187 16 15 5
23188 9 9 5
23189 13 12 6
23190 18 18 6
23191 6 6 6
23192 17 16 4
23193 18 17 5
23194 15 14 6
23195 10 10 4
23196 20 19 7
23197 21 20 8
23198 14 14 4
23199 18 17 5
23200 13 13 5
23201 15 14 6
23202 10 10 4
23203 12 11 5
23204 11 10 4
23205 14 13 5
23206 19 18 4
23207 12 11 5
23208 29 28 8
23209 10 10 6
23210 12 12 6
23211 10 10 6
23212 10 10 4
23213 10 9 5
23214 15 15 5
23215 13 12 6
23216 14 14 6
23217 10 10 4
23218 14 13 7
23219 23 22 6
23220 14 14 6
23221 12 12 4
23222 14 13 5
23223 5 5 5
23224 12 11 5
23225 15 14 4
23226 16 15 5
23227 9 9 5
23228 13 13 5
23229 15 14 6
23230 22 22 6
23231 10 10 4
23232 14 13 5
23233 15 14 6
23234 14 14 4
23235 24 23 5
23236 17 17 5
23237 25 24 6
23238 16 16 4
23239 22 21 7
23240 25 25 5
23241 25 24 8
23242 8 8 4
23243 30 29 5
23244 29 29 5
23245 21 20 4
23246 22 21 5
23247 25 25 5
23248 19 19 5
23249 21 21 5
23250 19 19 5
23251 35 35 5
23252 25 25 7
23253 25 24 8
23254 26 26 6
23255 22 22 6
23256 22 22 6
23257 36 36 6
23258 20 20 6
23259 26 26 6
23260 34 34 8
23261 24 23 5
23262 25 25 5
23263 31 31 9
23264 27 26 6
23265 40 39 11
23266 31 31 7
23267 31 31 7
23268 41 41 7
23269 21 20 6
23270 52 51 11
23271 23 23 7
23272 35 34 8
23273 32 32 8
23274 34 34 8
23275 30 30 6
23276 50 49 9
23277 41 41 7
23278 39 38 14
23279 30 30 8
23280 28 28 8
23281 36 36 6
23282 30 29 5
23283 17 16 6
23284 32 31 5
23285 35 35 5
23286 25 25 5
23287 27 27 7
23288 43 43 9
23289 35 35 5
23290 35 34 10
23291 36 36 10
23292 34 34 8
23293 34 33 9
23294 29 28 4
23295 30 29 7
23296 39 38 6
23297 30 30 10
23298 32 31 9
23299 37 36 6
23300 30 30 6
23301 30 29 7
23302 43 42 14
23303 30 29 5
23304 39 39 13
23305 37 36 6
23306 38 37 9
23307 35 34 8
23308 28 28 6
23309 36 36 8
23310 28 28 4
23311 24 23 5
23312 33 32 8
23313 26 25 7
23314 25 25 5
23315 43 43 11
23316 37 37 7
23317 27 26 8
23318 28 28 6
23319 26 26 8
23320 30 30 6
23321 28 27 7
23322 47 46 10
23323 28 28 6
23324 28 28 6
23325 46 45 9
23326 19 18 4
23327 34 33 7
23328 25 25 9
23329 33 32 6
23330 20 20 6
23331 22 21 5
23332 29 29 11
23333 23 22 6
23334 26 26 6
23335 20 20 4
23336 24 23 5
23337 11 11 5
23338 17 16 6
23339 22 22 6
23340 22 22 6
23341 16 15 5
23342 17 17 5
23343 29 28 8
23344 24 24 6
23345 12 12 4
23346 16 15 5
23347 19 18 4
23348 24 23 5
23349 11 10 4
23350 16 15 5
23351 27 26 6
23352 24 24 4
23353 36 35 7
23354 35 34 6
23355 36 36 6
23356 24 24 6
23357 18 18 6
23358 32 32 8
23359 14 14 4
23360 30 29 7
23361 33 32 8
23362 26 25 5
23363 19 19 7
23364 27 26 6
23365 32 32 10
23366 34 34 8
23367 30 29 9
23368 21 21 5
23369 11 11 5
23370 23 23 7
23371 31 30 6
23372 20 20 4
23373 12 11 5
23374 29 28 4
23375 16 15 5
23376 21 20 4
23377 24 23 5
23378 21 21 5
23379 25 24 6
23380 12 12 4
23381 26 25 5
23382 31 30 8
23383 14 14 4
23384 22 21 5
23385 23 23 7
23386 19 19 5
23387 23 22 6
23388 18 18 4
23389 20 19 5
23390 17 16 4
23391 30 29 7
23392 21 20 8
23393 12 12 4
23394 16 15 5
23395 27 26 6
23396 14 14 4
23397 18 17 5
23398 15 14 4
23399 20 19 5
23400 25 24 6
23401 14 14 4
23402 20 19 5
23403 17 17 5
23404 11 10 4
23405 16 15 7
23406 15 14 4
23407 20 19 5
23408 13 13 5
23409 15 14 6
23410 14 14 6
23411 20 19 5
23412 9 8 4
23413 14 13 5
23414 11 11 5
23415 17 16 4
23416 18 17 5
23417 7 6 5
23418 13 13 5
23419 13 13 5
23420 11 10 4
23421 10 9 5
23422 17 17 5
23423 13 13 5
23424 7 6 5
23425 9 9 5
23426 9 9 5
23427 17 17 5
23428 15 15 5
23429 21 20 6
23430 10 10 4
23431 18 17 5
23432 21 21 5
23433 13 12 6
23434 12 12 4
23435 20 19 5
23436 15 15 5
23437 9 9 5
23438 17 16 6
23439 14 13 5
23440 19 18 6
23441 10 10 4
23442 14 13 7
23443 11 10 4
23444 24 23 7
23445 11 10 4
23446 16 15 5
23447 17 16 6
23448 18 18 8
23449 14 14 4
23450 6 5 4
23451 12 11 5
23452 9 8 4
23453 14 13 7
23454 11 11 5
23455 17 16 4
23456 12 11 5
23457 13 13 5
23458 11 10 4
23459 10 9 5
23460 19 18 6
23461 16 16 4
23462 12 11 5
23463 13 13 5
23464 19 19 7
23465 15 14 6
23466 12 12 4
23467 22 21 5
23468 7 6 5
23469 19 19 7
23470 15 14 4
23471 14 13 5
23472 11 10 6
23473 12 12 6
23474 12 12 4
23475 12 11 5
23476 19 18 4
23477 14 13 5
23478 17 17 5
23479 17 16 6
23480 12 11 5
23481 11 10 4
23482 14 13 7
23483 13 12 6
23484 14 14 6
23485 12 12 6
23486 18 18 6
23487 14 14 4
23488 10 9 5
23489 11 10 4
23490 18 17 5
23491 21 20 6
23492 10 10 4
23493 22 21 5
23494 17 17 5
23495 11 11 5
23496 13 12 4
23497 6 5 4
23498 16 15 7
23499 9 8 4
23500 12 11 5
23501 11 10 6
23502 16 16 6
23503 16 16 6
23504 26 26 6
23505 24 24 4
23506 20 19 7
23507 13 12 4
23508 14 13 5
23509 19 19 5
23510 19 18 4
23511 14 13 5
23512 15 14 6
23513 12 11 5
23514 9 9 5
23515 13 12 6
23516 12 12 6
23517 26 25 5
23518 9 9 5
23519 13 13 5
23520 17 16 4
23521 12 11 5
23522 17 16 6
23523 12 12 6
23524 14 14 6
23525 14 14 4
23526 18 17 5
23527 9 9 5
23528 19 19 5
23529 11 10 4
23530 18 17 7
23531 13 12 6
23532 8 8 4
23533 10 9 5
23534 17 17 5
23535 13 12 6
23536 10 10 4
23537 16 15 5
23538 23 22 6
23539 14 13 5
23540 15 14 6
23541 12 12 6
23542 20 20 4
23543 10 9 5
23544 23 22 6
23545 14 14 4
23546 14 13 5
23547 17 16 6
23548 6 5 4
23549 18 17 5
23550 15 14 6
23551 18 17 5
23552 11 11 5
23553 15 14 6
23554 20 20 4
23555 14 13 5
23556 17 16 4
23557 16 15 7
23558 11 10 4
23559 14 13 5
23560 9 8 4
23561 14 13 7
23562 19 18 6
23563 12 12 4
23564 14 13 5
23565 21 21 5
23566 11 10 6
23567 16 15 5
23568 11 10 4
23569 14 13 5
23570 17 16 6
23571 16 16 4
23572 18 17 5
23573 15 15 5
23574 13 12 6
23575 20 20 6
23576 8 8 4
23577 14 13 5
23578 23 23 5
23579 19 18 6
23580 14 14 4
23581 16 15 5
23582 17 17 5
23583 23 22 6
23584 26 26 4
23585 30 29 5
23586 19 19 5
23587 29 28 6
23588 16 16 4
23589 38 37 9
23590 19 18 4
23591 12 11 5
23592 29 28 6
23593 26 25 5
23594 33 33 7
23595 17 16 4
23596 30 29 5
23597 29 28 6
23598 36 35 7
23599 21 21 5
23600 29 28 6
23601 42 42 6
23602 30 30 6
23603 22 22 6
23604 30 29 5
23605 29 29 9
23606 37 37 5
23607 25 25 7
23608 35 34 6
23609 26 26 6
23610 24 24 6
23611 30 30 6
23612 42 41 7
23613 17 16 4
23614 22 21 5
23615 35 34 6
23616 30 29 5
23617 37 37 7
23618 19 18 4
23619 20 19 5
23620 35 35 7
23621 27 27 7
23622 21 21 5
23623 37 36 12
23624 16 16 4
23625 16 15 5
23626 37 37 7
23627 19 18 6
23628 22 22 6
23629 36 36 8
23630 22 22 8
23631 26 26 8
23632 16 15 5
23633 43 42 10
23634 32 31 5
23635 45 45 11
23636 33 32 8
23637 44 44 8
23638 28 27 5
23639 41 41 11
23640 31 30 8
23641 32 31 9
23642 29 28 6
23643 14 14 4
23644 38 37 9
23645 33 33 7
23646 33 32 8
23647 26 26 10
23648 24 24 4
23649 20 19 5
23650 27 26 4
23651 24 23 9
23652 23 23 9
23653 17 16 4
23654 24 23 5
23655 13 12 4
23656 14 13 5
23657 17 17 5
23658 21 21 5
23659 17 16 4
23660 14 13 5
23661 21 21 5
23662 19 18 6
23663 28 27 7
23664 13 12 4
23665 24 23 7
23666 13 13 5
23667 13 12 6
23668 24 24 6
23669 24 24 6
23670 24 24 8
23671 16 16 4
23672 16 15 5
23673 27 26 8
23674 14 14 6
23675 20 20 4
23676 14 13 5
23677 7 6 5
23678 25 24 6
23679 12 11 5
23680 13 13 5
23681 11 10 4
23682 16 15 5
23683 13 12 4
23684 16 15 5
23685 11 11 5
23686 11 10 6
23687 8 8 4
23688 14 13 5
23689 19 18 4
23690 14 13 5
23691 19 19 5
23692 13 13 5
23693 15 14 6
23694 14 14 4
23695 18 17 7
23696 11 11 5
23697 15 14 4
23698 20 19 5
23699 19 19 7
23700 9 8 4
23701 16 15 5
23702 19 18 4
23703 12 11 5
23704 13 13 5
23705 13 12 6
23706 18 17 5
23707 19 18 4
23708 14 13 7
23709 15 14 4
23710 34 33 5
23711 17 17 7
23712 25 24 6
23713 26 25 7
23714 21 21 5
23715 21 21 5
23716 25 25 5
23717 11 11 5
23718 21 20 6
23719 28 27 7
23720 39 38 4
23721 30 29 9
23722 31 30 6
23723 26 26 6
23724 24 24 6
23725 28 27 9
23726 21 21 7
23727 27 26 6
23728 48 48 12
23729 36 36 8
23730 36 35 5
23731 31 31 5
23732 19 19 5
23733 33 33 7
23734 31 31 11
23735 31 30 14
23736 26 26 8
23737 22 21 5
23738 19 18 6
23739 16 16 6
23740 22 22 8
23741 32 31 11
23742 5 5 5
23743 20 19 5
23744 19 19 5
23745 19 19 5
23746 15 14 4
23747 26 25 5
23748 11 11 7
23749 17 16 4
23750 20 19 5
23751 17 17 7
23752 25 24 6
23753 12 12 6
23754 10 10 4
23755 22 21 7
23756 19 18 4
23757 12 11 5
23758 21 21 5
23759 15 15 5
23760 17 16 6
23761 14 14 6
23762 20 19 5
23763 15 15 5
23764 13 13 5
23765 13 12 4
23766 14 13 7
23767 15 14 4
23768 18 17 5
23769 19 19 5
23770 9 8 4
23771 22 21 5
23772 11 11 5
23773 7 6 5
23774 11 10 4
23775 12 11 5
23776 9 9 5
23777 19 19 5
23778 11 10 4
23779 16 15 7
23780 15 14 8
23781 10 10 4
23782 14 13 5
23783 19 18 6
23784 12 12 6
23785 12 12 4
23786 12 11 5
23787 17 17 5
23788 7 6 5
23789 7 6 5
23790 9 8 4
23791 18 17 7
23792 19 18 6
23793 20 19 5
23794 19 18 4
23795 12 11 5
23796 19 19 7
23797 9 8 4
23798 12 11 5
23799 15 14 6
23800 6 6 6
23801 21 21 7
23802 9 9 5
23803 11 10 6
23804 16 16 6
23805 14 13 5
23806 15 14 6
23807 6 6 6
23808 9 8 4
23809 12 11 7
23810 13 12 6
23811 6 6 6
23812 27 26 8
23813 20 20 4
23814 12 11 5
23815 13 13 5
23816 11 11 5
23817 9 8 4
23818 12 11 5
23819 17 17 5
23820 13 12 6
23821 6 6 6
23822 17 16 6
23823 16 15 5
23824 11 10 4
23825 16 15 5
23826 13 12 6
23827 12 12 4
23828 12 11 5
23829 15 14 6
23830 14 14 8
23831 10 10 4
23832 16 15 5
23833 11 10 6
23834 14 14 6
23835 14 14 6
23836 20 20 8
23837 20 20 6
23838 18 17 7
23839 15 14 4
23840 16 15 5
23841 17 17 5
23842 25 24 6
23843 12 11 5
23844 13 12 6
23845 22 22 8
23846 16 15 5
23847 15 15 5
23848 21 21 5
23849 11 10 6
23850 12 12 4
23851 20 19 5
23852 21 21 7
23853 19 18 6
23854 14 14 6
23855 10 10 4
23856 14 13 5
23857 17 17 5
23858 23 22 6
23859 12 12 6
23860 8 8 4
23861 14 13 7
23862 19 19 5
23863 13 13 5
23864 17 16 6
23865 10 10 4
23866 18 17 5
23867 9 8 4
23868 10 9 5
23869 13 12 6
23870 16 16 6
23871 22 22 6
23872 10 10 4
23873 12 11 7
23874 15 15 7
23875 21 20 4
23876 24 23 5
23877 19 18 6
23878 10 9 5
23879 11 11 5
23880 17 17 5
23881 13 12 4
23882 14 13 5
23883 13 12 4
23884 22 21 7
23885 11 10 4
23886 14 13 5
23887 15 15 5
23888 7 6 5
23889 11 10 6
23890 6 6 6
23891 13 12 4
23892 18 17 5
23893 13 13 5
23894 13 12 6
23895 16 16 6
23896 12 12 4
23897 12 11 5
23898 9 9 5
23899 19 19 5
23900 11 10 4
23901 16 15 7
23902 15 14 6
23903 12 12 6
23904 12 12 4
23905 16 15 7
23906 11 10 6
23907 10 10 4
23908 16 15 7
23909 11 10 4
23910 12 11 5
23911 19 19 5
23912 15 15 7
23913 15 14 6
23914 14 14 4
23915 20 19 5
23916 19 19 5
23917 11 10 4
23918 26 25 5
23919 11 11 5
23920 21 20 6
23921 14 14 4
23922 12 11 5
23923 23 22 6
23924 18 18 4
23925 26 25 7
23926 31 30 6
23927 14 13 5
23928 13 13 5
23929 15 14 4
23930 12 11 5
23931 13 12 6
23932 14 13 5
23933 11 10 4
23934 16 15 5
23935 19 18 6
23936 14 13 5
23937 19 19 7
23938 23 22 6
23939 16 16 4
23940 22 21 9
23941 21 20 6
23942 12 12 4
23943 14 13 5
23944 15 14 4
23945 22 21 5
23946 27 27 5
23947 27 27 7
23948 25 25 7
23949 25 24 6
23950 34 33 9
23951 33 32 8
23952 20 20 6
23953 22 21 5
23954 17 16 4
23955 32 31 5
23956 35 35 7
23957 37 36 10
23958 36 36 8
23959 22 21 7
23960 27 26 6
23961 24 24 6
23962 44 44 12
23963 22 22 6
23964 26 25 5
23965 31 31 5
23966 31 31 9
23967 27 26 8
23968 38 38 12
23969 16 16 4
23970 28 27 7
23971 25 24 4
23972 32 31 7
23973 21 21 5
23974 41 41 7
23975 17 16 4
23976 38 37 9
23977 33 32 6
23978 30 29 9
23979 25 24 8
23980 34 34 10
23981 36 35 7
23982 23 22 6
23983 34 34 6
23984 34 33 7
23985 31 30 6
23986 20 19 5
23987 35 35 7
23988 23 22 6
23989 56 56 12
23990 28 27 5
23991 21 21 7
23992 27 27 9
23993 27 26 8
23994 26 26 6
23995 30 29 7
23996 41 41 11
23997 35 34 8
23998 18 18 6
23999 18 17 5
24000 35 34 6
24001 28 27 7
24002 27 26 8
24003 30 30 8
24004 20 19 9
24005 33 32 4
24006 16 15 5
24007 25 24 6
24008 18 18 6
24009 24 24 6
24010 26 26 6
24011 20 20 6
24012 22 21 5
24013 31 31 5
24014 23 23 7
24015 25 24 4
24016 20 19 7
24017 23 23 5
24018 29 29 9
24019 25 24 6
24020 20 20 6
24021 24 24 6
24022 32 31 7
24023 23 22 6
24024 18 17 5
24025 29 28 6
24026 26 26 6
24027 18 17 5
24028 37 37 9
24029 25 24 6
24030 30 29 7
24031 21 21 5
24032 37 37 7
24033 15 15 5
24034 25 24 4
24035 22 21 5
24036 21 20 4
24037 34 33 7
24038 25 25 5
24039 33 32 6
24040 20 19 5
24041 19 18 4
24042 34 33 7
24043 27 26 4
24044 26 25 5
24045 29 28 6
24046 32 32 8
24047 46 45 7
24048 27 27 5
24049 37 36 6
24050 20 19 5
24051 27 26 6
24052 24 24 4
24053 24 23 5
24054 33 33 5
24055 19 19 5
24056 15 15 5
24057 35 34 6
24058 34 34 8
24059 24 24 6
24060 38 37 7
24061 23 22 8
24062 28 28 10
24063 24 24 6
24064 28 27 5
24065 27 27 7
24066 25 25 5
24067 29 28 6
24068 20 20 6
24069 30 29 7
24070 15 14 4
24071 24 23 5
24072 23 23 5
24073 33 32 8
24074 30 30 8
24075 20 19 5
24076 23 22 6
24077 20 20 6
24078 16 15 5
24079 31 30 6
24080 34 33 7
24081 19 19 5
24082 29 28 6
24083 28 28 6
24084 30 29 7
24085 31 30 10
24086 30 30 8
24087 32 32 6
24088 38 38 10
24089 22 22 6
24090 24 23 7
24091 35 34 4
24092 18 17 5
24093 35 34 8
24094 24 24 6
24095 22 22 6
24096 26 26 6
24097 26 26 6
24098 12 12 6
24099 24 24 6
24100 26 25 5
24101 19 19 5
24102 33 32 4
24103 24 23 7
24104 27 27 5
24105 35 35 9
24106 19 18 6
24107 22 22 6
24108 24 23 5
24109 37 36 4
24110 22 21 7
24111 31 30 8
24112 28 27 5
24113 19 19 5
24114 25 24 6
24115 20 20 6
24116 16 16 4
24117 20 19 5
24118 19 18 6
24119 22 22 6
24120 14 14 4
24121 16 15 5
24122 23 22 6
24123 22 21 5
24124 23 23 5
24125 23 23 5
24126 19 18 4
24127 22 21 7
24128 25 24 4
24129 24 23 7
24130 23 23 5
24131 19 18 6
24132 18 17 5
24133 19 19 5
24134 21 20 4
24135 40 39 5
24136 21 21 5
24137 13 13 5
24138 35 34 6
24139 28 27 7
24140 15 14 4
24141 38 37 7
24142 23 22 4
24143 18 17 5
24144 25 24 6
24145 32 32 6
24146 20 19 5
24147 33 33 7
24148 25 25 7
24149 13 12 4
24150 20 19 5
24151 19 18 6
24152 26 26 6
24153 12 12 6
24154 16 16 4
24155 18 17 5
24156 19 18 8
24157 22 21 5
24158 9 9 5
24159 15 14 6
24160 14 14 6
24161 10 10 6
24162 22 21 5
24163 11 10 4
24164 16 15 5
24165 15 14 4
24166 22 21 7
24167 27 26 8
24168 24 23 7
24169 23 22 6
24170 18 18 6
24171 20 20 6
24172 10 10 4
24173 14 13 5
24174 9 8 4
24175 10 9 5
24176 11 11 5
24177 13 12 6
24178 12 12 4
24179 6 5 4
24180 10 9 5
24181 15 14 6
24182 18 18 6
24183 18 18 8
24184 16 15 5
24185 15 15 5
24186 17 17 5
24187 19 18 4
24188 20 19 5
24189 15 15 5
24190 15 14 6
24191 22 22 4
24192 18 17 5
24193 13 12 6
24194 22 22 6
24195 18 18 4
24196 20 19 5
24197 17 17 7
24198 11 10 4
24199 10 9 5
24200 11 10 4
24201 18 17 7
24202 31 30 6
24203 20 20 4
24204 18 17 5
24205 21 20 4
24206 24 23 5
24207 29 28 6
24208 20 20 4
24209 20 19 5
24210 25 25 7
24211 29 28 4
24212 30 29 7
24213 15 14 4
24214 18 17 5
24215 19 18 4
24216 16 15 5
24217 21 20 6
24218 8 8 4
24219 26 25 5
24220 11 11 5
24221 13 12 4
24222 24 23 5
24223 13 13 5
24224 11 10 4
24225 26 25 5
24226 31 30 6
24227 12 12 4
24228 20 19 5
24229 27 26 4
24230 34 33 7
24231 21 20 4
24232 18 17 5
24233 25 24 8
24234 22 22 4
24235 20 19 5
24236 21 20 6
24237 30 30 6
24238 20 20 4
24239 22 21 5
24240 13 13 5
24241 25 24 6
24242 16 16 4
24243 16 15 5
24244 11 10 4
24245 14 13 7
24246 13 12 4
24247 22 21 5
24248 25 24 6
24249 12 12 4
24250 16 15 5
24251 19 18 4
24252 24 23 5
24253 25 25 5
24254 21 20 6
24255 12 12 4
24256 16 15 5
24257 9 8 4
24258 28 27 5
24259 11 11 5
24260 13 12 6
24261 8 8 4
24262 12 11 5
24263 19 18 6
24264 18 18 6
24265 14 14 4
24266 18 17 7
24267 11 10 6
24268 12 12 6
24269 12 12 4
24270 16 15 5
24271 15 15 7
24272 17 16 4
24273 24 23 5
24274 19 18 6
24275 20 20 6
24276 18 18 4
24277 24 23 5
24278 35 34 6
24279 10 10 4
24280 12 11 5
24281 21 21 5
24282 19 18 4
24283 18 17 7
24284 17 16 4
24285 26 25 5
24286 21 20 6
24287 30 30 4
24288 14 13 5
24289 23 22 4
24290 28 27 7
24291 21 20 6
24292 22 21 5
24293 23 22 6
24294 20 19 5
24295 23 22 6
24296 22 22 6
24297 22 22 4
24298 20 19 5
24299 25 24 6
24300 28 28 4
24301 32 31 7
24302 11 10 4
24303 28 27 5
24304 29 29 5
24305 29 28 6
24306 30 30 6
24307 20 19 5
24308 27 27 5
24309 17 17 5
24310 29 28 6
24311 18 17 5
24312 29 28 6
24313 18 18 6
24314 18 18 4
24315 24 23 5
24316 19 19 5
24317 19 18 6
24318 26 25 5
24319 41 40 8
24320 26 26 6
24321 40 40 12
24322 30 30 6
24323 30 29 5
24324 35 34 6
24325 22 22 6
24326 26 25 5
24327 25 24 6
24328 14 13 5
24329 35 34 8
24330 30 29 7
24331 31 31 5
24332 29 29 5
24333 19 18 4
24334 32 31 7
24335 33 33 5
24336 17 17 5
24337 33 32 8
24338 20 20 4
24339 24 23 7
24340 29 28 8
24341 38 38 8
24342 28 28 6
24343 36 36 10
24344 22 21 5
24345 19 18 4
24346 30 29 7
24347 23 23 5
24348 23 23 7
24349 25 24 6
24350 26 26 6
24351 32 31 7
24352 19 18 6
24353 28 28 6
24354 22 22 6
24355 22 22 6
24356 32 31 7
24357 27 26 6
24358 28 27 5
24359 45 45 13
24360 27 26 6
24361 28 27 7
24362 23 23 5
24363 27 26 4
24364 42 41 7
24365 29 29 7
24366 17 17 5
24367 35 34 6
24368 32 31 9
24369 15 14 4
24370 26 25 7
24371 27 26 4
24372 26 25 7
24373 27 26 6
24374 24 24 6
24375 18 18 4
24376 20 19 7
24377 13 13 5
24378 25 25 5
24379 37 37 13
24380 21 20 4
24381 20 19 5
24382 23 23 5
24383 31 30 10
24384 24 24 6
24385 24 24 6
24386 20 20 4
24387 22 21 5
24388 27 27 5
24389 21 21 5
24390 27 27 7
24391 23 22 8
24392 16 15 5
24393 21 20 4
24394 22 21 7
24395 17 16 4
24396 26 25 5
24397 11 11 5
24398 21 21 5
24399 13 12 4
24400 20 19 5
24401 25 25 7
24402 15 15 5
24403 21 20 6
24404 14 13 5
24405 15 15 5
24406 17 17 7
24407 13 12 4
24408 12 11 5
24409 19 18 6
24410 14 13 5
24411 21 21 5
24412 17 17 7
24413 13 12 4
24414 16 15 5
24415 21 21 5
24416 23 22 6
24417 6 5 4
24418 12 11 5
24419 19 18 6
24420 12 12 6
24421 14 13 5
24422 23 22 4
24423 18 17 5
24424 15 15 5
24425 15 14 6
24426 8 8 4
24427 24 23 5
24428 13 13 5
24429 13 13 5
24430 17 16 6
24431 16 16 6
24432 14 13 5
24433 21 20 6
24434 16 15 5
24435 13 12 6
24436 22 21 7
24437 9 9 5
24438 21 20 4
24439 12 11 5
24440 13 12 4
24441 16 15 7
24442 11 10 4
24443 18 17 5
24444 17 17 7
24445 13 12 4
24446 16 15 5
24447 11 11 5
24448 15 15 5
24449 13 13 5
24450 25 24 8
24451 12 11 5
24452 15 15 5
24453 5 5 5
24454 10 9 5
24455 17 17 7
24456 13 13 5
24457 13 13 5
24458 15 14 6
24459 12 11 5
24460 7 7 7
24461 12 12 6
24462 18 18 4
24463 6 5 4
24464 12 11 5
24465 7 7 7
24466 14 14 6
24467 6 5 4
24468 16 15 5
24469 11 11 7
24470 7 6 5
24471 11 10 6
24472 18 18 6
24473 12 12 4
24474 18 17 5
24475 11 10 6
24476 6 6 6
24477 15 15 7
24478 15 14 6
24479 12 11 5
24480 15 14 4
24481 16 15 7
24482 23 22 6
24483 6 6 6
24484 7 6 5
24485 15 14 6
24486 14 13 5
24487 7 6 5
24488 13 13 5
24489 17 16 6
24490 16 15 5
24491 11 11 5
24492 11 11 5
24493 11 11 5
24494 13 12 6
24495 16 16 6
24496 20 19 5
24497 11 10 4
24498 10 9 5
24499 13 13 5
24500 13 12 6
24501 16 16 6
24502 10 9 5
24503 13 13 5
24504 7 6 5
24505 9 8 7
24506 11 11 5
24507 5 5 5
24508 16 15 7
24509 17 16 6
24510 10 10 4
24511 10 9 5
24512 13 13 5
24513 13 12 4
24514 12 11 5
24515 17 16 6
24516 8 8 4
24517 14 13 5
24518 11 10 4
24519 12 11 5
24520 19 18 6
24521 18 17 5
24522 9 8 4
24523 20 19 5
24524 21 20 4
24525 12 11 5
24526 13 12 6
24527 20 20 4
24528 10 9 5
24529 15 15 5
24530 11 10 6
24531 6 6 6
24532 15 14 6
24533 18 17 7
24534 5 5 5
24535 18 17 5
24536 19 19 7
24537 11 10 4
24538 22 21 7
24539 29 29 9
24540 11 10 4
24541 12 11 5
24542 7 6 5
24543 9 8 4
24544 6 5 4
24545 16 15 5
24546 19 18 6
24547 10 10 4
24548 10 9 5
24549 15 14 4
24550 18 17 7
24551 9 9 5
24552 9 8 4
24553 10 9 5
24554 27 26 8
24555 12 12 6
24556 16 15 5
24557 7 6 5
24558 9 8 4
24559 16 15 7
24560 13 13 5
24561 21 20 4
24562 10 9 5
24563 15 14 6
24564 14 14 6
24565 16 15 5
24566 7 6 5
24567 5 5 5
24568 10 9 5
24569 7 6 5
24570 9 8 7
24571 13 12 4
24572 14 13 5
24573 13 13 5
24574 13 12 6
24575 18 18 6
24576 10 10 6
24577 18 18 6
24578 10 9 5
24579 9 9 5
24580 15 15 5
24581 15 15 5
24582 13 13 5
24583 27 26 6
24584 10 10 4
24585 16 15 7
24586 19 18 6
24587 14 14 6
24588 16 16 6
24589 16 16 6
24590 8 8 4
24591 12 11 5
24592 7 7 7
24593 24 24 6
24594 14 14 6
24595 12 12 4
24596 10 9 5
24597 15 14 6
24598 10 10 4
24599 10 9 5
24600 11 11 5
24601 9 9 5
24602 15 15 5
24603 11 10 4
24604 14 13 5
24605 11 10 6
24606 10 10 4
24607 12 11 5
24608 9 8 4
24609 14 13 5
24610 19 19 5
24611 5 5 5
24612 12 11 5
24613 19 19 5
24614 11 10 4
24615 12 11 5
24616 13 12 6
24617 18 17 5
24618 15 15 7
24619 11 11 5
24620 11 10 4
24621 20 19 5
24622 15 14 6
24623 8 8 4
24624 14 13 5
24625 25 24 6
24626 16 15 5
24627 15 14 6
24628 14 14 4
24629 12 11 5
24630 29 28 6
24631 20 19 5
24632 17 17 7
24633 13 12 6
24634 12 12 4
24635 24 23 5
24636 11 10 4
24637 18 17 5
24638 13 13 5
24639 17 17 5
24640 31 30 6
24641 22 22 6
24642 10 10 4
24643 34 33 7
24644 31 30 6
24645 36 36 6
24646 36 35 7
24647 29 28 6
24648 40 40 6
24649 32 31 7
24650 35 34 6
24651 42 41 9
24652 47 47 9
24653 39 39 7
24654 37 37 7
24655 35 34 8
24656 46 46 8
24657 26 25 5
24658 25 24 8
24659 36 35 7
24660 39 39 7
24661 25 24 6
24662 34 33 5
24663 41 40 8
24664 26 25 7
24665 25 24 8
24666 24 24 8
24667 24 24 4
24668 20 19 5
24669 23 23 5
24670 27 27 5
24671 29 28 6
24672 34 34 6
24673 22 22 6
24674 32 32 6
24675 36 35 7
24676 37 37 9
24677 23 22 6
24678 26 26 8
24679 36 36 6
24680 18 18 4
24681 28 27 5
24682 33 33 7
24683 23 23 7
24684 25 24 6
24685 28 27 5
24686 23 23 5
24687 23 23 7
24688 23 23 7
24689 17 16 4
24690 42 41 7
24691 17 16 4
24692 32 31 5
24693 25 24 6
24694 30 30 8
24695 26 26 4
24696 16 15 5
24697 25 24 8
24698 26 26 6
24699 20 20 8
24700 16 16 6
24701 20 19 7
24702 23 22 4
24703 38 37 7
24704 23 23 5
24705 23 22 4
24706 12 11 5
24707 27 26 6
24708 22 21 5
24709 31 31 7
24710 33 33 7
24711 31 30 6
24712 22 22 6
24713 34 33 7
24714 15 15 5
24715 27 26 8
24716 26 26 6
24717 20 19 5
24718 15 14 4
24719 30 29 9
24720 15 14 4
24721 24 23 5
24722 29 28 8
24723 30 30 6
24724 32 32 10
24725 24 23 5
24726 29 29 5
24727 35 35 7
24728 23 22 4
24729 24 23 5
24730 27 26 6
24731 22 22 4
24732 26 25 7
24733 19 18 6
24734 24 24 4
24735 24 23 7
24736 23 22 4
24737 36 35 9
24738 31 30 4
24739 22 21 5
24740 31 30 8
24741 18 18 6
24742 20 20 4
24743 38 37 7
24744 37 37 9
24745 37 36 6
24746 30 29 11
24747 37 36 8
24748 30 29 9
24749 35 34 6
24750 32 31 5
24751 23 23 7
24752 41 40 8
24753 22 22 4
24754 20 19 5
24755 27 26 6
24756 26 25 5
24757 17 17 5
24758 23 22 6
24759 28 27 5
24760 11 11 5
24761 29 29 7
24762 45 44 6
24763 26 26 6
24764 28 28 8
24765 26 26 6
24766 12 12 4
24767 26 25 5
24768 17 16 4
24769 36 35 7
24770 15 15 5
24771 31 31 5
24772 15 15 5
24773 13 13 5
24774 29 28 6
24775 22 21 5
24776 11 11 5
24777 23 22 4
24778 22 21 5
24779 21 20 6
24780 16 16 4
24781 14 13 5
24782 17 17 5
24783 23 22 6
24784 18 18 6
24785 18 18 4
24786 24 23 5
24787 19 19 5
24788 27 26 6
24789 20 19 7
24790 21 20 6
24791 22 22 8
24792 20 19 5
24793 19 19 5
24794 13 13 5
24795 23 22 6
24796 18 17 5
24797 27 27 7
24798 17 16 4
24799 16 15 5
24800 11 11 5
24801 17 16 6
24802 14 14 4
24803 20 19 5
24804 13 12 6
24805 22 22 8
24806 18 18 4
24807 24 23 5
24808 11 11 5
24809 25 24 4
24810 14 13 5
24811 15 15 5
24812 19 18 6
24813 12 11 5
24814 9 8 4
24815 12 11 5
24816 13 12 4
24817 12 11 5
24818 15 14 6
24819 16 15 5
24820 23 22 6
24821 14 14 6
24822 10 10 4
24823 14 13 5
24824 7 7 7
24825 20 19 5
24826 13 13 7
24827 13 12 4
24828 16 15 5
24829 21 21 7
24830 11 10 6
24831 18 18 4
24832 18 17 5
24833 17 17 5
24834 15 15 5
24835 11 10 4
24836 12 11 7
24837 7 6 5
24838 17 16 4
24839 8 7 6
24840 18 18 6
24841 20 20 6
24842 10 10 4
24843 22 21 5
24844 19 19 5
24845 15 15 5
24846 11 10 4
24847 10 9 5
24848 13 12 4
24849 14 13 7
24850 9 8 4
24851 20 19 5
24852 13 12 4
24853 10 9 5
24854 19 18 6
24855 12 12 4
24856 26 25 7
24857 13 12 4
24858 20 19 5
24859 15 15 5
24860 19 19 5
24861 11 10 4
24862 6 5 4
24863 20 19 5
24864 13 13 5
24865 7 7 7
24866 14 14 6
24867 20 20 6
24868 12 12 4
24869 14 13 5
24870 13 13 5
24871 11 10 4
24872 16 15 5
24873 13 12 6
24874 14 13 5
24875 9 9 5
24876 7 6 5
24877 7 6 5
24878 17 16 6
24879 10 10 6
24880 10 10 6
24881 18 18 6
24882 12 12 4
24883 6 5 4
24884 16 15 7
24885 15 14 6
24886 12 12 6
24887 6 6 6
24888 13 12 6
24889 12 12 4
24890 14 13 5
24891 9 9 5
24892 11 11 5
24893 15 15 5
24894 19 19 5
24895 19 18 6
24896 10 10 6
24897 16 15 5
24898 11 10 4
24899 12 11 5
24900 15 15 5
24901 9 9 5
24902 5 5 5
24903 14 13 5
24904 15 14 4
24905 10 9 5
24906 11 11 7
24907 11 10 4
24908 14 13 5
24909 17 16 6
24910 18 17 5
24911 13 13 5
24912 17 16 6
24913 12 12 6
24914 16 16 4
24915 18 17 5
24916 13 12 4
24917 10 9 5
24918 15 14 6
24919 12 12 4
24920 20 19 5
24921 11 10 6
24922 10 10 4
24923 20 19 7
24924 9 9 5
24925 15 14 4
24926 18 17 5
24927 11 10 4
24928 10 9 5
24929 19 18 6
24930 12 11 5
24931 21 20 6
24932 6 6 6
24933 17 16 6
24934 20 20 6
24935 8 8 4
24936 18 17 7
24937 17 16 6
24938 8 8 4
24939 18 17 7
24940 23 22 4
24941 20 19 5
24942 17 16 4
24943 14 13 5
24944 13 13 5
24945 15 14 6
24946 24 24 10
24947 10 10 4
24948 14 13 5
24949 21 20 8
24950 14 14 4
24951 14 13 5
24952 23 23 7
24953 19 18 6
24954 10 9 5
24955 17 17 7
24956 23 22 6
24957 22 22 6
24958 20 20 4
24959 22 21 7
24960 25 24 6
24961 20 19 7
24962 33 33 5
24963 17 17 5
24964 35 34 6
24965 30 30 6
24966 46 45 9
24967 23 22 6
24968 12 12 4
24969 20 19 5
24970 27 26 4
24971 32 31 5
24972 27 27 7
24973 15 15 5
24974 29 28 8
24975 24 24 6
24976 22 22 4
24977 24 23 5
24978 29 28 6
24979 28 27 7
24980 29 28 6
24981 28 28 6
24982 24 23 5
24983 25 24 6
24984 30 30 6
24985 40 40 8
24986 32 32 6
24987 18 17 5
24988 41 40 8
24989 26 26 6
24990 28 28 8
24991 40 40 10
24992 28 27 5
24993 21 20 4
24994 46 45 13
24995 31 31 9
24996 21 20 6
24997 18 17 5
24998 29 28 6
24999 30 29 7
25000 29 29 5
25001 23 23 5
25002 25 25 7
25003 17 16 4
25004 34 33 7
25005 27 26 8
25006 24 24 4
25007 14 13 5
25008 31 30 8
25009 18 18 6
25010 24 23 7
25011 41 40 6
25012 26 26 6
25013 26 25 5
25014 17 17 5
25015 27 27 5
25016 17 17 5
25017 25 24 8
25018 12 12 4
25019 22 21 5
25020 31 31 7
25021 23 23 7
25022 29 28 10
25023 12 12 4
25024 32 31 5
25025 19 18 6
25026 14 13 5
25027 25 24 6
25028 32 31 9
25029 27 26 8
25030 32 32 8
25031 24 24 8
25032 32 32 4
25033 28 27 7
25034 31 30 8
25035 28 28 6
25036 26 25 7
25037 17 16 4
25038 40 39 9
25039 23 23 7
25040 29 29 7
25041 37 36 8
25042 20 19 7
25043 19 18 4
25044 46 45 5
25045 25 25 7
25046 19 18 8
25047 38 37 7
25048 29 28 6
25049 40 39 13
25050 41 40 10
25051 26 25 5
25052 35 34 10
25053 20 19 5
25054 29 29 9
25055 19 18 6
25056 28 28 6
25057 28 27 7
25058 23 22 4
25059 20 19 7
25060 25 24 4
25061 34 33 11
25062 23 23 7
25063 43 42 10
25064 36 35 11
25065 37 37 9
25066 43 43 9
25067 25 25 7
25068 39 39 11
25069 37 36 12
25070 34 33 5
25071 27 27 7
25072 19 19 5
25073 39 39 9
25074 27 27 5
25075 25 25 5
25076 27 26 8
25077 34 34 6
25078 16 15 5
25079 19 19 5
25080 23 22 6
25081 28 28 6
25082 16 16 4
25083 26 25 7
25084 25 24 4
25085 30 29 5
25086 39 38 6
25087 30 29 7
25088 35 35 7
25089 17 17 5
25090 17 17 5
25091 35 35 13
25092 25 24 8
25093 28 27 5
25094 25 24 6
25095 26 26 8
25096 20 20 4
25097 26 25 5
25098 27 27 9
25099 31 31 9
25100 35 34 10
25101 18 17 7
25102 13 12 6
25103 28 27 7
25104 23 22 4
25105 22 21 7
25106 31 30 6
25107 14 13 5
25108 27 27 7
25109 27 26 6
25110 28 28 6
25111 24 24 6
25112 40 39 7
25113 15 14 6
25114 14 14 4
25115 28 27 5
25116 17 17 5
25117 19 18 8
25118 14 14 4
25119 32 31 7
25120 23 23 5
25121 31 30 8
25122 28 27 7
25123 37 36 6
25124 38 37 9
25125 35 34 6
25126 26 25 5
25127 27 26 6
25128 26 25 7
25129 41 40 8
25130 32 32 8
25131 26 25 5
25132 31 31 7
25133 41 40 8
25134 28 27 5
25135 23 22 6
25136 42 41 9
25137 33 33 7
25138 23 23 7
25139 27 26 6
25140 36 36 6
25141 36 36 6
25142 28 27 5
25143 27 26 6
25144 30 30 6
25145 36 35 5
25146 19 19 5
25147 25 24 6
25148 24 23 5
25149 21 21 5
25150 19 19 5
25151 37 36 6
25152 24 23 5
25153 21 21 7
25154 15 14 4
25155 18 17 5
25156 29 29 5
25157 27 27 7
25158 27 26 6
25159 22 22 6
25160 20 19 5
25161 27 26 4
25162 24 23 5
25163 23 23 5
25164 31 30 6
25165 22 21 5
25166 17 16 4
25167 20 19 5
25168 23 22 4
25169 18 17 5
25170 29 29 7
25171 17 16 4
25172 16 15 7
25173 15 14 6
25174 10 10 4
25175 24 23 5
25176 15 14 6
25177 14 13 5
25178 21 20 6
25179 14 14 4
25180 12 11 5
25181 25 25 5
25182 13 12 4
25183 6 5 4
25184 24 23 7
25185 9 8 4
25186 18 17 5
25187 17 16 6
25188 16 16 6
25189 22 21 7
25190 17 16 4
25191 24 23 7
25192 13 12 6
25193 22 22 4
25194 14 13 5
25195 11 10 4
25196 24 23 5
25197 11 11 5
25198 11 11 5
25199 15 14 6
25200 12 12 4
25201 6 5 4
25202 16 15 5
25203 7 6 5
25204 21 20 6
25205 14 14 4
25206 24 23 5
25207 17 16 4
25208 16 15 5
25209 13 12 6
25210 10 10 4
25211 16 15 5
25212 17 16 6
25213 16 16 8
25214 18 18 6
25215 26 25 5
25216 19 18 6
25217 18 17 5
25218 17 17 5
25219 23 23 5
25220 13 13 5
25221 21 20 4
25222 12 11 5
25223 13 13 5
25224 27 26 6
25225 10 9 5
25226 21 20 4
25227 16 15 5
25228 19 19 5
25229 15 14 6
25230 14 14 4
25231 20 19 7
25232 11 10 6
25233 14 14 4
25234 12 11 5
25235 21 20 6
25236 20 20 8
25237 12 12 6
25238 22 21 7
25239 11 10 4
25240 22 21 9
25241 15 14 4
25242 16 15 7
25243 17 16 8
25244 8 8 4
25245 22 21 7
25246 19 18 6
25247 14 14 6
25248 18 18 6
25249 18 18 6
25250 12 12 4
25251 10 9 5
25252 13 13 5
25253 11 11 5
25254 15 14 4
25255 10 9 5
25256 17 16 6
25257 14 13 5
25258 17 17 5
25259 13 13 5
25260 19 18 6
25261 12 12 6
25262 14 14 6
25263 12 11 7
25264 11 10 4
25265 18 17 7
25266 17 16 8
25267 16 16 6
25268 22 22 4
25269 14 13 5
25270 11 10 6
25271 14 13 5
25272 19 18 4
25273 14 13 5
25274 15 14 6
25275 24 24 6
25276 22 21 5
25277 25 25 5
25278 13 12 4
25279 28 27 5
25280 23 23 7
25281 15 15 5
25282 27 26 4
25283 24 23 7
25284 19 18 4
25285 24 23 5
25286 15 14 4
25287 34 33 5
25288 23 22 6
25289 26 26 6
25290 24 24 4
25291 22 21 5
25292 19 19 5
25293 17 17 5
25294 29 28 4
25295 10 9 5
25296 27 26 4
25297 16 15 5
25298 29 29 5
25299 23 23 5
25300 29 28 6
25301 18 18 6
25302 14 13 5
25303 23 22 4
25304 20 19 7
25305 19 19 5
25306 13 13 5
25307 27 26 6
25308 16 16 6
25309 16 16 4
25310 22 21 5
25311 17 17 5
25312 15 14 4
25313 30 29 5
25314 29 28 6
25315 8 8 4
25316 18 17 7
25317 21 20 4
25318 20 19 5
25319 17 17 7
25320 17 16 6
25321 10 10 6
25322 14 14 4
25323 20 19 5
25324 19 19 5
25325 15 15 5
25326 9 8 4
25327 28 27 5
25328 5 5 5
25329 14 13 5
25330 17 17 5
25331 13 13 5
25332 19 18 4
25333 14 13 5
25334 23 22 6
25335 14 14 6
25336 16 16 4
25337 22 21 7
25338 17 16 4
25339 14 13 5
25340 21 20 4
25341 10 9 5
25342 23 22 4
25343 20 19 5
25344 15 14 4
25345 16 15 5
25346 19 18 4
25347 16 15 7
25348 21 20 4
25349 12 11 5
25350 23 22 6
25351 18 18 4
25352 14 13 5
25353 19 19 5
25354 19 18 4
25355 20 19 5
25356 19 19 5
25357 19 18 4
25358 16 15 5
25359 21 21 5
25360 37 37 5
25361 27 27 7
25362 11 10 4
25363 14 13 5
25364 29 28 6
25365 26 26 6
25366 18 18 6
25367 16 16 4
25368 24 23 5
25369 19 19 5
25370 15 15 5
25371 15 14 4
25372 22 21 7
25373 17 16 6
25374 18 18 4
25375 22 21 5
25376 11 11 5
25377 21 20 6
25378 16 16 6
25379 14 14 6
25380 22 22 6
25381 16 16 6
25382 20 19 5
25383 13 12 4
25384 12 11 5
25385 25 24 4
25386 10 9 5
25387 11 11 5
25388 13 13 5
25389 21 20 4
25390 12 11 5
25391 15 15 5
25392 11 10 4
25393 14 13 5
25394 23 22 6
25395 14 14 6
25396 28 28 6
25397 18 18 6
25398 20 20 4
25399 24 23 7
25400 15 14 4
25401 18 17 5
25402 27 26 6
25403 10 9 5
25404 17 17 5
25405 15 15 7
25406 25 24 6
25407 26 26 6
25408 24 24 6
25409 28 27 5
25410 31 30 6
25411 18 18 6
25412 24 23 5
25413 19 19 5
25414 17 17 5
25415 21 21 7
25416 31 30 6
25417 24 23 5
25418 23 23 5
25419 19 19 5
25420 31 30 6
25421 32 31 7
25422 49 48 10
25423 30 30 6
25424 24 23 5
25425 27 26 8
25426 32 32 6
25427 50 49 9
25428 33 32 6
25429 50 50 8
25430 36 35 7
25431 31 30 8
25432 36 36 6
25433 40 39 11
25434 39 39 5
25435 21 21 5
25436 25 25 5
25437 31 31 7
25438 31 30 8
25439 28 27 7
25440 29 28 6
25441 26 26 4
25442 34 33 9
25443 33 33 7
25444 29 29 9
25445 45 44 8
25446 28 28 8
25447 26 25 7
25448 23 22 6
25449 24 24 6
25450 28 27 5
25451 23 23 7
25452 19 19 5
25453 33 32 8
25454 40 40 8
25455 22 22 8
25456 32 32 8
25457 24 24 6
25458 22 22 6
25459 20 20 6
25460 24 24 6
25461 38 37 5
25462 33 32 8
25463 34 33 9
25464 27 27 7
25465 33 33 9
25466 29 28 6
25467 28 27 7
25468 21 20 4
25469 42 41 13
25470 27 26 6
25471 32 31 9
25472 31 30 8
25473 22 22 4
25474 24 23 5
25475 31 31 7
25476 25 25 5
25477 17 17 5
25478 21 20 6
25479 24 24 4
25480 36 35 7
25481 43 42 6
25482 24 23 7
25483 31 30 6
25484 22 21 5
25485 25 25 5
25486 21 20 4
25487 22 21 7
25488 27 26 8
25489 24 24 8
25490 34 34 6
25491 22 22 8
25492 20 20 4
25493 24 23 5
25494 23 22 6
25495 30 30 8
25496 16 15 5
25497 35 34 8
25498 18 17 5
25499 19 18 6
25500 8 8 4
25501 24 23 9
25502 25 24 6
25503 16 16 4
25504 26 25 7
25505 31 30 6
25506 26 26 6
25507 28 27 5
25508 23 23 5
25509 25 24 6
25510 12 12 4
25511 12 11 5
25512 25 24 6
25513 24 24 6
25514 26 26 6
25515 26 26 6
25516 18 17 5
25517 19 19 5
25518 19 18 4
25519 18 17 5
25520 15 14 4
25521 28 27 7
25522 25 24 4
25523 12 11 5
25524 15 15 5
25525 19 19 5
25526 21 20 4
25527 22 21 5
25528 13 13 5
25529 15 15 5
25530 11 11 5
25531 21 21 5
25532 27 26 6
25533 22 21 7
25534 15 15 5
25535 23 22 6
25536 14 14 6
25537 16 16 6
25538 12 12 4
25539 18 17 5
25540 15 14 6
25541 22 22 6
25542 18 17 7
25543 21 20 6
25544 10 10 4
25545 10 9 5
25546 19 18 6
25547 10 10 4
25548 12 11 5
25549 13 12 4
25550 18 17 7
25551 11 10 4
25552 16 15 5
25553 11 11 5
25554 9 9 5
25555 21 20 6
25556 12 12 6
25557 22 22 6
25558 12 12 6
25559 8 8 4
25560 18 17 5
25561 15 15 5
25562 21 21 5
25563 13 12 6
25564 12 12 4
25565 12 11 5
25566 17 16 6
25567 18 18 6
25568 16 16 4
25569 12 11 5
25570 23 22 6
25571 14 14 4
25572 16 15 5
25573 13 12 6
25574 10 10 4
25575 12 11 5
25576 9 8 7
25577 11 11 5
25578 15 14 4
25579 22 21 7
25580 19 18 4
25581 16 15 7
25582 31 30 6
25583 30 30 6
25584 22 21 5
25585 5 5 5
25586 16 15 5
25587 9 8 4
25588 20 19 7
25589 13 12 4
25590 10 9 5
25591 7 6 5
25592 15 15 7
25593 9 8 4
25594 16 15 5
25595 19 18 6
25596 18 18 4
25597 14 13 5
25598 23 23 5
25599 13 13 5
25600 11 11 5
25601 11 10 4
25602 12 11 5
25603 9 9 5
25604 11 10 6
25605 20 20 6
25606 20 20 8
25607 12 12 4
25608 18 17 5
25609 17 17 7
25610 17 17 5
25611 13 12 4
25612 14 13 7
25613 11 10 6
25614 14 14 4
25615 10 9 5
25616 13 12 4
25617 20 19 5
25618 13 13 5
25619 11 10 4
25620 14 13 5
25621 15 15 5
25622 9 9 5
25623 11 10 4
25624 12 11 7
25625 13 12 4
25626 12 11 7
25627 7 6 5
25628 15 14 6
25629 10 10 4
25630 8 7 6
25631 8 8 4
25632 14 13 5
25633 19 18 6
25634 10 9 5
25635 11 11 5
25636 13 12 4
25637 14 13 5
25638 13 12 6
25639 12 12 6
25640 14 14 4
25641 12 11 5
25642 13 13 7
25643 15 14 4
25644 12 11 5
25645 13 13 5
25646 19 19 5
25647 21 20 6
25648 8 8 4
25649 12 11 5
25650 11 11 5
25651 19 18 6
25652 14 14 6
25653 10 10 4
25654 12 11 5
25655 11 11 5
25656 13 13 5
25657 15 15 5
25658 13 13 7
25659 15 14 6
25660 6 6 6
25661 13 12 6
25662 22 22 6
25663 14 14 6
25664 18 18 6
25665 18 17 5
25666 13 13 5
25667 13 13 5
25668 13 13 5
25669 9 9 5
25670 15 14 8
25671 6 6 6
25672 15 15 5
25673 15 14 6
25674 20 20 4
25675 16 15 5
25676 13 12 6
25677 12 12 4
25678 14 13 7
25679 11 10 6
25680 14 14 4
25681 16 15 5
25682 11 11 5
25683 15 15 5
25684 9 8 4
25685 6 5 4
25686 14 13 7
25687 11 10 4
25688 14 13 5
25689 11 10 4
25690 20 19 5
25691 17 17 5
25692 9 8 4
25693 24 23 5
25694 15 15 5
25695 7 6 5
25696 13 12 4
25697 20 19 7
25698 15 14 4
25699 26 25 5
25700 19 18 6
25701 22 22 6
25702 18 17 5
25703 15 14 4
25704 14 13 5
25705 13 12 4
25706 14 13 5
25707 19 18 6
25708 12 12 4
25709 26 25 5
25710 13 1