     Internal    Switching      Leakage        Total
        Power        Power        Power        Power (Watts)
----------------------------------------------------
 1.715877e-06 7.921911e-07 8.422650e-11 2.508152e-06 clkbuf_0_clk
 1.687884e-06 4.853146e-07 8.422650e-11 2.173282e-06 clkbuf_1_0__f_clk
 1.680600e-06 2.879753e-07 8.422650e-11 1.968660e-06 clkbuf_1_1__f_clk
 1.877473e-10 5.314502e-10 8.162308e-11 8.008206e-10 clkbuf_0_core_clk
 9.312390e-11 5.342451e-10 4.405156e-11 6.714205e-10 clkbuf_2_0_0_core_clk
 9.305876e-11 5.150755e-10 4.405156e-11 6.521859e-10 clkbuf_2_3_0_core_clk
 1.850989e-10 3.768923e-10 8.162308e-11 6.436143e-10 clkbuf_5_4__f_core_clk
 9.301634e-11 5.017667e-10 4.405156e-11 6.388345e-10 clkbuf_2_1_0_core_clk
 1.848058e-10 3.539718e-10 8.162308e-11 6.204008e-10 clkbuf_5_3__f_core_clk
 9.293581e-11 4.770830e-10 4.405156e-11 6.140704e-10 clkbuf_2_2_0_core_clk
 1.847087e-10 3.463871e-10 8.162308e-11 6.127188e-10 clkbuf_5_0__f_core_clk
 1.847483e-10 3.400220e-10 8.162308e-11 6.063933e-10 clkbuf_5_14__f_core_clk
 1.846929e-10 3.398354e-10 8.162308e-11 6.061514e-10 clkbuf_5_25__f_core_clk
 1.845924e-10 3.373314e-10 8.162308e-11 6.035469e-10 clkbuf_5_5__f_core_clk
 1.845166e-10 3.313868e-10 8.162308e-11 5.975265e-10 clkbuf_5_2__f_core_clk
 1.844540e-10 3.211724e-10 8.162308e-11 5.872495e-10 clkbuf_5_27__f_core_clk
 1.844112e-10 3.178144e-10 8.162308e-11 5.838487e-10 clkbuf_5_24__f_core_clk
 1.844054e-10 3.173520e-10 8.162308e-11 5.833805e-10 clkbuf_5_28__f_core_clk
 1.841644e-10 3.038960e-10 8.162308e-11 5.696835e-10 clkbuf_5_7__f_core_clk
 1.842686e-10 3.025106e-10 8.162308e-11 5.684024e-10 clkbuf_5_15__f_core_clk
 1.841293e-10 3.011347e-10 8.162308e-11 5.668870e-10 clkbuf_5_1__f_core_clk
 1.840898e-10 2.980653e-10 8.162308e-11 5.637782e-10 clkbuf_5_6__f_core_clk
 1.841567e-10 2.872121e-10 8.162308e-11 5.529919e-10 clkbuf_5_17__f_core_clk
 1.839563e-10 2.822624e-10 8.162308e-11 5.478417e-10 clkbuf_5_26__f_core_clk
 1.839481e-10 2.816107e-10 8.162308e-11 5.471819e-10 clkbuf_5_29__f_core_clk
 1.839130e-10 2.788570e-10 8.162308e-11 5.443931e-10 clkbuf_5_30__f_core_clk
 1.839615e-10 2.784656e-10 8.162308e-11 5.440502e-10 clkbuf_5_9__f_core_clk
 1.839872e-10 2.739316e-10 8.162308e-11 5.395419e-10 clkbuf_5_16__f_core_clk
 1.837381e-10 2.651849e-10 8.162308e-11 5.305461e-10 clkbuf_5_31__f_core_clk
 1.837594e-10 2.626523e-10 8.162308e-11 5.280348e-10 clkbuf_5_11__f_core_clk
 1.837318e-10 2.605006e-10 8.162308e-11 5.258555e-10 clkbuf_5_12__f_core_clk
 1.837872e-10 2.582520e-10 8.162308e-11 5.236623e-10 clkbuf_5_18__f_core_clk
 1.837565e-10 2.558480e-10 8.162308e-11 5.212276e-10 clkbuf_5_21__f_core_clk
 1.836874e-10 2.504301e-10 8.162308e-11 5.157406e-10 clkbuf_5_20__f_core_clk
 1.835821e-10 2.487997e-10 8.162308e-11 5.140049e-10 clkbuf_5_13__f_core_clk
 1.835248e-10 2.443046e-10 8.162308e-11 5.094525e-10 clkbuf_5_8__f_core_clk
 1.835625e-10 2.406587e-10 8.162308e-11 5.058443e-10 clkbuf_5_19__f_core_clk
 1.835138e-10 2.368234e-10 8.162308e-11 5.019604e-10 clkbuf_5_23__f_core_clk
 1.835041e-10 2.360613e-10 8.162308e-11 5.011884e-10 clkbuf_5_22__f_core_clk
 1.832362e-10 2.217350e-10 8.162308e-11 4.865943e-10 clkbuf_5_10__f_core_clk
 8.952183e-11 7.462451e-11 4.405156e-11 2.081979e-10 clkbuf_leaf_2_core_clk
 8.950803e-11 7.410149e-11 4.405156e-11 2.076611e-10 clkbuf_leaf_3_core_clk
 8.969124e-11 7.209774e-11 4.405156e-11 2.058405e-10 clkbuf_leaf_223_core_clk
 8.935929e-11 6.772324e-11 4.405156e-11 2.011341e-10 clkbuf_leaf_97_core_clk
 8.954171e-11 6.724383e-11 4.405156e-11 2.008371e-10 clkbuf_leaf_43_core_clk
 8.954230e-11 6.661976e-11 4.405156e-11 2.002136e-10 clkbuf_leaf_224_core_clk
 8.938161e-11 6.571935e-11 4.405156e-11 1.991525e-10 clkbuf_leaf_149_core_clk
 8.937023e-11 6.529979e-11 4.405156e-11 1.987216e-10 clkbuf_leaf_155_core_clk
 8.915917e-11 6.454686e-11 4.405156e-11 1.977576e-10 clkbuf_leaf_233_core_clk
 8.945841e-11 6.417251e-11 4.405156e-11 1.976825e-10 clkbuf_leaf_44_core_clk
 8.932145e-11 6.360761e-11 4.405156e-11 1.969806e-10 clkbuf_leaf_101_core_clk
 8.936055e-11 6.354753e-11 4.405156e-11 1.969596e-10 clkbuf_leaf_237_core_clk
 8.922879e-11 6.350788e-11 4.405156e-11 1.967882e-10 clkbuf_leaf_9_core_clk
 8.913344e-11 6.356114e-11 4.405156e-11 1.967461e-10 clkbuf_leaf_254_core_clk
 8.924151e-11 6.326626e-11 4.405156e-11 1.965593e-10 clkbuf_leaf_96_core_clk
 8.955310e-11 6.285063e-11 4.405156e-11 1.964553e-10 clkbuf_leaf_169_core_clk
 8.923811e-11 6.313761e-11 4.405156e-11 1.964273e-10 clkbuf_leaf_95_core_clk
 8.930111e-11 6.271130e-11 4.405156e-11 1.960640e-10 clkbuf_leaf_131_core_clk
 8.920330e-11 6.253954e-11 4.405156e-11 1.957944e-10 clkbuf_leaf_4_core_clk
 8.921743e-11 6.221167e-11 4.405156e-11 1.954806e-10 clkbuf_leaf_72_core_clk
 8.951541e-11 6.148482e-11 4.405156e-11 1.950518e-10 clkbuf_leaf_171_core_clk
 8.929919e-11 6.096466e-11 4.405156e-11 1.943154e-10 clkbuf_leaf_10_core_clk
 8.928876e-11 6.087220e-11 4.405156e-11 1.942125e-10 clkbuf_leaf_221_core_clk
 8.914149e-11 6.019553e-11 4.405156e-11 1.933886e-10 clkbuf_leaf_267_core_clk
 8.904713e-11 6.024066e-11 4.405156e-11 1.933393e-10 clkbuf_leaf_253_core_clk
 8.925986e-11 5.946652e-11 4.405156e-11 1.927779e-10 clkbuf_leaf_84_core_clk
 8.910005e-11 5.959085e-11 4.405156e-11 1.927424e-10 clkbuf_leaf_38_core_clk
 8.945097e-11 5.906314e-11 4.405156e-11 1.925657e-10 clkbuf_leaf_170_core_clk
 8.911821e-11 5.931145e-11 4.405156e-11 1.924812e-10 clkbuf_leaf_268_core_clk
 8.911397e-11 5.915059e-11 4.405156e-11 1.923161e-10 clkbuf_leaf_269_core_clk
 8.920054e-11 5.893817e-11 4.405156e-11 1.921902e-10 clkbuf_leaf_152_core_clk
 8.937217e-11 5.858874e-11 4.405156e-11 1.920125e-10 clkbuf_leaf_204_core_clk
 8.943080e-11 5.842006e-11 4.405156e-11 1.919024e-10 clkbuf_leaf_146_core_clk
 8.931474e-11 5.824988e-11 4.405156e-11 1.916162e-10 clkbuf_leaf_206_core_clk
 8.918027e-11 5.818496e-11 4.405156e-11 1.914168e-10 clkbuf_leaf_156_core_clk
 8.908111e-11 5.790327e-11 4.405156e-11 1.910359e-10 clkbuf_leaf_0_core_clk
 8.928157e-11 5.765326e-11 4.405156e-11 1.909864e-10 clkbuf_leaf_45_core_clk
 8.920398e-11 5.771248e-11 4.405156e-11 1.909680e-10 clkbuf_leaf_238_core_clk
 8.904818e-11 5.761542e-11 4.405156e-11 1.907152e-10 clkbuf_leaf_13_core_clk
 8.928898e-11 5.730288e-11 4.405156e-11 1.906434e-10 clkbuf_leaf_226_core_clk
 8.908792e-11 5.745414e-11 4.405156e-11 1.905936e-10 clkbuf_leaf_116_core_clk
 8.939476e-11 5.702761e-11 4.405156e-11 1.904739e-10 clkbuf_leaf_167_core_clk
 8.919515e-11 5.705745e-11 4.405156e-11 1.903042e-10 clkbuf_leaf_87_core_clk
 8.915130e-11 5.709288e-11 4.405156e-11 1.902957e-10 clkbuf_leaf_150_core_clk
 8.896944e-11 5.725202e-11 4.405156e-11 1.902730e-10 clkbuf_leaf_250_core_clk
 8.918540e-11 5.672859e-11 4.405156e-11 1.899655e-10 clkbuf_leaf_259_core_clk
 8.905097e-11 5.676032e-11 4.405156e-11 1.898628e-10 clkbuf_leaf_5_core_clk
 8.895375e-11 5.664638e-11 4.405156e-11 1.896517e-10 clkbuf_leaf_251_core_clk
 8.902094e-11 5.657512e-11 4.405156e-11 1.896476e-10 clkbuf_leaf_36_core_clk
 8.901180e-11 5.622791e-11 4.405156e-11 1.892913e-10 clkbuf_leaf_35_core_clk
 8.928471e-11 5.518101e-11 4.405156e-11 1.885173e-10 clkbuf_leaf_177_core_clk
 8.903240e-11 5.521362e-11 4.405156e-11 1.882976e-10 clkbuf_leaf_88_core_clk
 8.909909e-11 5.513659e-11 4.405156e-11 1.882872e-10 clkbuf_leaf_147_core_clk
 8.914023e-11 5.504668e-11 4.405156e-11 1.882385e-10 clkbuf_leaf_11_core_clk
 8.912911e-11 5.492210e-11 4.405156e-11 1.881028e-10 clkbuf_leaf_222_core_clk
 8.926438e-11 5.464984e-11 4.405156e-11 1.879658e-10 clkbuf_leaf_165_core_clk
 8.890725e-11 5.486562e-11 4.405156e-11 1.878244e-10 clkbuf_leaf_257_core_clk
 8.912849e-11 5.461007e-11 4.405156e-11 1.877901e-10 clkbuf_leaf_265_core_clk
 8.921126e-11 5.444442e-11 4.405156e-11 1.877072e-10 clkbuf_leaf_219_core_clk
 8.907762e-11 5.446980e-11 4.405156e-11 1.875990e-10 clkbuf_leaf_99_core_clk
 8.919883e-11 5.398758e-11 4.405156e-11 1.872380e-10 clkbuf_leaf_227_core_clk
 8.911266e-11 5.398809e-11 4.405156e-11 1.871523e-10 clkbuf_leaf_82_core_clk
 8.916948e-11 5.390277e-11 4.405156e-11 1.871238e-10 clkbuf_leaf_142_core_clk
 8.924605e-11 5.376981e-11 4.405156e-11 1.870674e-10 clkbuf_leaf_178_core_clk
 8.895401e-11 5.402901e-11 4.405156e-11 1.870346e-10 clkbuf_leaf_14_core_clk
 8.910648e-11 5.379033e-11 4.405156e-11 1.869484e-10 clkbuf_leaf_1_core_clk
 8.897603e-11 5.391733e-11 4.405156e-11 1.869449e-10 clkbuf_leaf_6_core_clk
 8.923032e-11 5.340428e-11 4.405156e-11 1.866862e-10 clkbuf_leaf_189_core_clk
 8.909701e-11 5.340491e-11 4.405156e-11 1.865535e-10 clkbuf_leaf_86_core_clk
 8.895952e-11 5.329107e-11 4.405156e-11 1.863021e-10 clkbuf_leaf_8_core_clk
 8.925548e-11 5.294759e-11 4.405156e-11 1.862546e-10 clkbuf_leaf_48_core_clk
 8.902661e-11 5.242255e-11 4.405156e-11 1.855007e-10 clkbuf_leaf_154_core_clk
 8.891311e-11 5.246973e-11 4.405156e-11 1.854344e-10 clkbuf_leaf_31_core_clk
 8.893390e-11 5.231964e-11 4.405156e-11 1.853051e-10 clkbuf_leaf_7_core_clk
 8.901975e-11 5.216584e-11 4.405156e-11 1.852371e-10 clkbuf_leaf_157_core_clk
 8.912398e-11 5.184395e-11 4.405156e-11 1.850195e-10 clkbuf_leaf_33_core_clk
 8.905363e-11 5.182273e-11 4.405156e-11 1.849279e-10 clkbuf_leaf_258_core_clk
 8.913587e-11 5.167148e-11 4.405156e-11 1.848589e-10 clkbuf_leaf_225_core_clk
 8.904016e-11 5.132187e-11 4.405156e-11 1.844136e-10 clkbuf_leaf_266_core_clk
 8.908829e-11 5.090469e-11 4.405156e-11 1.840445e-10 clkbuf_leaf_144_core_clk
 8.896524e-11 5.063223e-11 4.405156e-11 1.836490e-10 clkbuf_leaf_117_core_clk
 8.914411e-11 5.025543e-11 4.405156e-11 1.834511e-10 clkbuf_leaf_203_core_clk
 8.879468e-11 5.052624e-11 4.405156e-11 1.833725e-10 clkbuf_leaf_246_core_clk
 8.900494e-11 5.001012e-11 4.405156e-11 1.830666e-10 clkbuf_leaf_263_core_clk
 8.906383e-11 4.962672e-11 4.405156e-11 1.827421e-10 clkbuf_leaf_46_core_clk
 8.883808e-11 4.961241e-11 4.405156e-11 1.825020e-10 clkbuf_leaf_17_core_clk
 8.883524e-11 4.950507e-11 4.405156e-11 1.823919e-10 clkbuf_leaf_32_core_clk
 8.896975e-11 4.866793e-11 4.405156e-11 1.816892e-10 clkbuf_leaf_79_core_clk
 8.892317e-11 4.868174e-11 4.405156e-11 1.816565e-10 clkbuf_leaf_100_core_clk
 8.892542e-11 4.863331e-11 4.405156e-11 1.816103e-10 clkbuf_leaf_153_core_clk
 8.874092e-11 4.845940e-11 4.405156e-11 1.812519e-10 clkbuf_leaf_248_core_clk
 8.889837e-11 4.775223e-11 4.405156e-11 1.807021e-10 clkbuf_leaf_98_core_clk
 8.884106e-11 4.779925e-11 4.405156e-11 1.806919e-10 clkbuf_leaf_240_core_clk
 8.883408e-11 4.771297e-11 4.405156e-11 1.805986e-10 clkbuf_leaf_73_core_clk
 8.899703e-11 4.753580e-11 4.405156e-11 1.805844e-10 clkbuf_leaf_140_core_clk
 8.893786e-11 4.751326e-11 4.405156e-11 1.805027e-10 clkbuf_leaf_262_core_clk
 8.902044e-11 4.742606e-11 4.405156e-11 1.804980e-10 clkbuf_leaf_207_core_clk
 8.897458e-11 4.714370e-11 4.405156e-11 1.801698e-10 clkbuf_leaf_211_core_clk
 8.892149e-11 4.690345e-11 4.405156e-11 1.798765e-10 clkbuf_leaf_260_core_clk
 8.904517e-11 4.664012e-11 4.405156e-11 1.797368e-10 clkbuf_leaf_164_core_clk
 8.876499e-11 4.682891e-11 4.405156e-11 1.796455e-10 clkbuf_leaf_16_core_clk
 8.880909e-11 4.676796e-11 4.405156e-11 1.796286e-10 clkbuf_leaf_74_core_clk
 8.869770e-11 4.679693e-11 4.405156e-11 1.795462e-10 clkbuf_leaf_252_core_clk
 8.907240e-11 4.629335e-11 4.405156e-11 1.794173e-10 clkbuf_leaf_51_core_clk
 8.901744e-11 4.624217e-11 4.405156e-11 1.793112e-10 clkbuf_leaf_42_core_clk
 8.903234e-11 4.617008e-11 4.405156e-11 1.792540e-10 clkbuf_leaf_190_core_clk
 8.902021e-11 4.612622e-11 4.405156e-11 1.791980e-10 clkbuf_leaf_61_core_clk
 8.896928e-11 4.614133e-11 4.405156e-11 1.791622e-10 clkbuf_leaf_47_core_clk
 8.902736e-11 4.598958e-11 4.405156e-11 1.790685e-10 clkbuf_leaf_187_core_clk
 8.889511e-11 4.592134e-11 4.405156e-11 1.788680e-10 clkbuf_leaf_264_core_clk
 8.893938e-11 4.584208e-11 4.405156e-11 1.788330e-10 clkbuf_leaf_213_core_clk
 8.895273e-11 4.564669e-11 4.405156e-11 1.786510e-10 clkbuf_leaf_133_core_clk
 8.895574e-11 4.564151e-11 4.405156e-11 1.786488e-10 clkbuf_leaf_29_core_clk
 8.877629e-11 4.552756e-11 4.405156e-11 1.783554e-10 clkbuf_leaf_75_core_clk
 8.892515e-11 4.531506e-11 4.405156e-11 1.782918e-10 clkbuf_leaf_199_core_clk
 8.904102e-11 4.515283e-11 4.405156e-11 1.782454e-10 clkbuf_leaf_50_core_clk
 8.891671e-11 4.500320e-11 4.405156e-11 1.779715e-10 clkbuf_leaf_214_core_clk
 8.886766e-11 4.486689e-11 4.405156e-11 1.777861e-10 clkbuf_leaf_85_core_clk
 8.892911e-11 4.477543e-11 4.405156e-11 1.777561e-10 clkbuf_leaf_129_core_clk
 8.893127e-11 4.474018e-11 4.405156e-11 1.777230e-10 clkbuf_leaf_34_core_clk
 8.890996e-11 4.475325e-11 4.405156e-11 1.777148e-10 clkbuf_leaf_208_core_clk
 8.904807e-11 4.455437e-11 4.405156e-11 1.776540e-10 clkbuf_leaf_172_core_clk
 8.894038e-11 4.448114e-11 4.405156e-11 1.774731e-10 clkbuf_leaf_205_core_clk
 8.884729e-11 4.441906e-11 4.405156e-11 1.773179e-10 clkbuf_leaf_220_core_clk
 8.881008e-11 4.431164e-11 4.405156e-11 1.771733e-10 clkbuf_leaf_158_core_clk
 8.902202e-11 4.399605e-11 4.405156e-11 1.770696e-10 clkbuf_leaf_202_core_clk
 8.895729e-11 4.382377e-11 4.405156e-11 1.768326e-10 clkbuf_leaf_40_core_clk
 8.884254e-11 4.393265e-11 4.405156e-11 1.768267e-10 clkbuf_leaf_78_core_clk
 8.888554e-11 4.352613e-11 4.405156e-11 1.764632e-10 clkbuf_leaf_108_core_clk
 8.881951e-11 4.307596e-11 4.405156e-11 1.759470e-10 clkbuf_leaf_81_core_clk
 8.860268e-11 4.314674e-11 4.405156e-11 1.758010e-10 clkbuf_leaf_249_core_clk
 8.860200e-11 4.312231e-11 4.405156e-11 1.757759e-10 clkbuf_leaf_261_core_clk
 8.875688e-11 4.281238e-11 4.405156e-11 1.756208e-10 clkbuf_leaf_121_core_clk
 8.885168e-11 4.259882e-11 4.405156e-11 1.755020e-10 clkbuf_leaf_215_core_clk
 8.898774e-11 4.236896e-11 4.405156e-11 1.754083e-10 clkbuf_leaf_148_core_clk
 8.897430e-11 4.226510e-11 4.405156e-11 1.752910e-10 clkbuf_leaf_201_core_clk
 8.874660e-11 4.242661e-11 4.405156e-11 1.752248e-10 clkbuf_leaf_110_core_clk
 8.896907e-11 4.207486e-11 4.405156e-11 1.750955e-10 clkbuf_leaf_194_core_clk
 8.892296e-11 4.197397e-11 4.405156e-11 1.749485e-10 clkbuf_leaf_176_core_clk
 8.891755e-11 4.197580e-11 4.405156e-11 1.749449e-10 clkbuf_leaf_193_core_clk
 8.893498e-11 4.179441e-11 4.405156e-11 1.747810e-10 clkbuf_leaf_182_core_clk
 8.889766e-11 4.164165e-11 4.405156e-11 1.745909e-10 clkbuf_leaf_58_core_clk
 8.896783e-11 4.156584e-11 4.405156e-11 1.745852e-10 clkbuf_leaf_166_core_clk
 8.878388e-11 4.174930e-11 4.405156e-11 1.745847e-10 clkbuf_leaf_80_core_clk
 8.877955e-11 4.130403e-11 4.405156e-11 1.741351e-10 clkbuf_leaf_235_core_clk
 8.883243e-11 4.121021e-11 4.405156e-11 1.740942e-10 clkbuf_leaf_128_core_clk
 8.865163e-11 4.063993e-11 4.405156e-11 1.733431e-10 clkbuf_leaf_241_core_clk
 8.887687e-11 4.029147e-11 4.405156e-11 1.732199e-10 clkbuf_leaf_174_core_clk
 8.876892e-11 3.953790e-11 4.405156e-11 1.723584e-10 clkbuf_leaf_197_core_clk
 8.882432e-11 3.916881e-11 4.405156e-11 1.720447e-10 clkbuf_leaf_41_core_clk
 8.884523e-11 3.913589e-11 4.405156e-11 1.720327e-10 clkbuf_leaf_175_core_clk
 8.882070e-11 3.903631e-11 4.405156e-11 1.719086e-10 clkbuf_leaf_57_core_clk
 8.865801e-11 3.910215e-11 4.405156e-11 1.718117e-10 clkbuf_leaf_113_core_clk
 8.871535e-11 3.891707e-11 4.405156e-11 1.716840e-10 clkbuf_leaf_234_core_clk
 8.880686e-11 3.852958e-11 4.405156e-11 1.713880e-10 clkbuf_leaf_56_core_clk
 8.869925e-11 3.859893e-11 4.405156e-11 1.713497e-10 clkbuf_leaf_83_core_clk
 8.864345e-11 3.855558e-11 4.405156e-11 1.712506e-10 clkbuf_leaf_114_core_clk
 8.882910e-11 3.792942e-11 4.405156e-11 1.708101e-10 clkbuf_leaf_69_core_clk
 8.872927e-11 3.775466e-11 4.405156e-11 1.705355e-10 clkbuf_leaf_112_core_clk
 8.880310e-11 3.759815e-11 4.405156e-11 1.704528e-10 clkbuf_leaf_173_core_clk
 8.852907e-11 3.784862e-11 4.405156e-11 1.704292e-10 clkbuf_leaf_15_core_clk
 8.872514e-11 3.760227e-11 4.405156e-11 1.703790e-10 clkbuf_leaf_102_core_clk
 8.867349e-11 3.736080e-11 4.405156e-11 1.700858e-10 clkbuf_leaf_255_core_clk
 8.880140e-11 3.692071e-11 4.405156e-11 1.697737e-10 clkbuf_leaf_90_core_clk
 8.880088e-11 3.690180e-11 4.405156e-11 1.697542e-10 clkbuf_leaf_68_core_clk
 8.857284e-11 3.709656e-11 4.405156e-11 1.697210e-10 clkbuf_leaf_21_core_clk
 8.879614e-11 3.673636e-11 4.405156e-11 1.695841e-10 clkbuf_leaf_179_core_clk
 8.855056e-11 3.682010e-11 4.405156e-11 1.694222e-10 clkbuf_leaf_242_core_clk
 8.854949e-11 3.678147e-11 4.405156e-11 1.693825e-10 clkbuf_leaf_217_core_clk
 8.859467e-11 3.672496e-11 4.405156e-11 1.693712e-10 clkbuf_leaf_109_core_clk
 8.880146e-11 3.644517e-11 4.405156e-11 1.692982e-10 clkbuf_leaf_27_core_clk
 8.877051e-11 3.640813e-11 4.405156e-11 1.692302e-10 clkbuf_leaf_143_core_clk
 8.869660e-11 3.644448e-11 4.405156e-11 1.691926e-10 clkbuf_leaf_145_core_clk
 8.875305e-11 3.634949e-11 4.405156e-11 1.691541e-10 clkbuf_leaf_60_core_clk
 8.878417e-11 3.630247e-11 4.405156e-11 1.691382e-10 clkbuf_leaf_185_core_clk
 8.869235e-11 3.639116e-11 4.405156e-11 1.691351e-10 clkbuf_leaf_107_core_clk
 8.869614e-11 3.618362e-11 4.405156e-11 1.689313e-10 clkbuf_leaf_127_core_clk
 8.854696e-11 3.612028e-11 4.405156e-11 1.687188e-10 clkbuf_leaf_25_core_clk
 8.853040e-11 3.606045e-11 4.405156e-11 1.686424e-10 clkbuf_leaf_218_core_clk
 8.876881e-11 3.574211e-11 4.405156e-11 1.685625e-10 clkbuf_leaf_181_core_clk
 8.850231e-11 3.594448e-11 4.405156e-11 1.684983e-10 clkbuf_leaf_19_core_clk
 8.878937e-11 3.555528e-11 4.405156e-11 1.683962e-10 clkbuf_leaf_196_core_clk
 8.862338e-11 3.549720e-11 4.405156e-11 1.681721e-10 clkbuf_leaf_239_core_clk
 8.876924e-11 3.527297e-11 4.405156e-11 1.680937e-10 clkbuf_leaf_49_core_clk
 8.875893e-11 3.489860e-11 4.405156e-11 1.677091e-10 clkbuf_leaf_28_core_clk
 8.864770e-11 3.463954e-11 4.405156e-11 1.673388e-10 clkbuf_leaf_139_core_clk
 8.870105e-11 3.444645e-11 4.405156e-11 1.671990e-10 clkbuf_leaf_59_core_clk
 8.869524e-11 3.444150e-11 4.405156e-11 1.671883e-10 clkbuf_leaf_62_core_clk
 8.850408e-11 3.450373e-11 4.405156e-11 1.670594e-10 clkbuf_leaf_20_core_clk
 8.875240e-11 3.421381e-11 4.405156e-11 1.670178e-10 clkbuf_leaf_192_core_clk
 8.864538e-11 3.431137e-11 4.405156e-11 1.670083e-10 clkbuf_leaf_134_core_clk
 8.872651e-11 3.419321e-11 4.405156e-11 1.669713e-10 clkbuf_leaf_65_core_clk
 8.848457e-11 3.432748e-11 4.405156e-11 1.668636e-10 clkbuf_leaf_216_core_clk
 8.858785e-11 3.417605e-11 4.405156e-11 1.668155e-10 clkbuf_leaf_232_core_clk
 8.862122e-11 3.407578e-11 4.405156e-11 1.667486e-10 clkbuf_leaf_200_core_clk
 8.866070e-11 3.346309e-11 4.405156e-11 1.661753e-10 clkbuf_leaf_137_core_clk
 8.868734e-11 3.337154e-11 4.405156e-11 1.661104e-10 clkbuf_leaf_168_core_clk
 8.847924e-11 3.356178e-11 4.405156e-11 1.660926e-10 clkbuf_leaf_30_core_clk
 8.861722e-11 3.327314e-11 4.405156e-11 1.659419e-10 clkbuf_leaf_119_core_clk
 8.845622e-11 3.325415e-11 4.405156e-11 1.657619e-10 clkbuf_leaf_244_core_clk
 8.869293e-11 3.297903e-11 4.405156e-11 1.657235e-10 clkbuf_leaf_183_core_clk
 8.846867e-11 3.316816e-11 4.405156e-11 1.656884e-10 clkbuf_leaf_22_core_clk
 8.849568e-11 3.300978e-11 4.405156e-11 1.655570e-10 clkbuf_leaf_118_core_clk
 8.875807e-11 3.266114e-11 4.405156e-11 1.654708e-10 clkbuf_leaf_55_core_clk
 8.849314e-11 3.291470e-11 4.405156e-11 1.654594e-10 clkbuf_leaf_115_core_clk
 8.844934e-11 3.243900e-11 4.405156e-11 1.649399e-10 clkbuf_leaf_26_core_clk
 8.853500e-11 3.221159e-11 4.405156e-11 1.647981e-10 clkbuf_leaf_256_core_clk
 8.857585e-11 3.208871e-11 4.405156e-11 1.647161e-10 clkbuf_leaf_105_core_clk
 8.862112e-11 3.201168e-11 4.405156e-11 1.646843e-10 clkbuf_leaf_136_core_clk
 8.861630e-11 3.183464e-11 4.405156e-11 1.645025e-10 clkbuf_leaf_124_core_clk
 8.843291e-11 3.181493e-11 4.405156e-11 1.642994e-10 clkbuf_leaf_23_core_clk
 8.857084e-11 3.156227e-11 4.405156e-11 1.641847e-10 clkbuf_leaf_132_core_clk
 8.841237e-11 3.159797e-11 4.405156e-11 1.640619e-10 clkbuf_leaf_243_core_clk
 8.860152e-11 3.080435e-11 4.405156e-11 1.634574e-10 clkbuf_leaf_66_core_clk
 8.841014e-11 3.095620e-11 4.405156e-11 1.634179e-10 clkbuf_leaf_24_core_clk
 8.865204e-11 3.057180e-11 4.405156e-11 1.632754e-10 clkbuf_leaf_195_core_clk
 8.839939e-11 3.055082e-11 4.405156e-11 1.630018e-10 clkbuf_leaf_18_core_clk
 8.856856e-11 3.008427e-11 4.405156e-11 1.627044e-10 clkbuf_leaf_135_core_clk
 8.860787e-11 2.987227e-11 4.405156e-11 1.625317e-10 clkbuf_leaf_71_core_clk
 8.840290e-11 2.952754e-11 4.405156e-11 1.619820e-10 clkbuf_leaf_111_core_clk
 8.858612e-11 2.908014e-11 4.405156e-11 1.617178e-10 clkbuf_leaf_70_core_clk
 8.854465e-11 2.872326e-11 4.405156e-11 1.613195e-10 clkbuf_leaf_67_core_clk
 8.853062e-11 2.841188e-11 4.405156e-11 1.609941e-10 clkbuf_leaf_52_core_clk
 8.860711e-11 2.722330e-11 4.405156e-11 1.598820e-10 clkbuf_leaf_53_core_clk
 8.844344e-11 2.719873e-11 4.405156e-11 1.596937e-10 clkbuf_leaf_104_core_clk
 8.848607e-11 2.705961e-11 4.405156e-11 1.595972e-10 clkbuf_leaf_125_core_clk
 8.856360e-11 2.565564e-11 4.405156e-11 1.582708e-10 clkbuf_leaf_63_core_clk
 8.841988e-11 2.303435e-11 4.405156e-11 1.555058e-10 clkbuf_leaf_186_core_clk
 8.836672e-11 2.268303e-11 4.405156e-11 1.551013e-10 clkbuf_leaf_123_core_clk
 8.840502e-11 2.059432e-11 4.405156e-11 1.530509e-10 clkbuf_leaf_64_core_clk
 1.754084e-11 8.421764e-11 4.699073e-11 1.487492e-10 fanout262
 1.738345e-11 7.368062e-11 4.699073e-11 1.380548e-10 fanout790
 1.738601e-11 7.164893e-11 4.699073e-11 1.360257e-10 fanout261
 1.684629e-11 7.068667e-11 4.405146e-11 1.315844e-10 fanout485
 8.747705e-11 0.000000e+00 4.405156e-11 1.315286e-10 clkload16
 1.732918e-11 6.493046e-11 4.699073e-11 1.292504e-10 fanout787
 1.677934e-11 6.497216e-11 4.699074e-11 1.287422e-10 fanout706
 1.677361e-11 6.739134e-11 4.405146e-11 1.282164e-10 fanout488
 1.731066e-11 6.546681e-11 4.405146e-11 1.268289e-10 fanout797
 1.726504e-11 6.252737e-11 4.699073e-11 1.267831e-10 fanout785
 6.679623e-11 0.000000e+00 5.975648e-11 1.265527e-10 clkload10
 6.672381e-11 0.000000e+00 5.975648e-11 1.264803e-10 clkload20
 6.646318e-11 0.000000e+00 5.975648e-11 1.262196e-10 clkload26
 6.636723e-11 0.000000e+00 5.975648e-11 1.261237e-10 clkload6
 1.758450e-11 6.423628e-11 4.405146e-11 1.258722e-10 max_cap1027
 1.740723e-11 6.248590e-11 4.405146e-11 1.239446e-10 fanout1028
 1.726394e-11 5.853759e-11 4.405146e-11 1.198530e-10 fanout808
 8.717109e-12 7.649434e-11 2.663992e-11 1.118514e-10 fanout355
 8.538563e-12 6.851691e-11 2.663994e-11 1.036954e-10 fanout710
 8.671188e-12 6.188774e-11 2.663992e-11 9.719885e-11 fanout327
 4.881659e-11 0.000000e+00 4.643646e-11 9.525305e-11 clkload21
 4.878730e-11 0.000000e+00 4.643646e-11 9.522375e-11 clkload8
 4.877073e-11 0.000000e+00 4.643646e-11 9.520719e-11 clkload13
 4.872239e-11 0.000000e+00 4.643646e-11 9.515885e-11 clkload11
 4.866330e-11 0.000000e+00 4.643646e-11 9.509976e-11 clkload27
 4.847658e-11 0.000000e+00 4.643646e-11 9.491304e-11 clkload2
 4.845314e-11 0.000000e+00 4.643646e-11 9.488960e-11 clkload14
 8.417199e-12 6.279591e-11 2.345406e-11 9.466718e-11 fanout489
 8.636173e-12 5.583607e-11 2.663992e-11 9.111217e-11 fanout789
 6.895636e-12 3.697077e-11 4.699071e-11 9.085711e-11 fanout589
 6.896355e-12 3.621612e-11 4.699073e-11 9.010321e-11 fanout211
 7.007988e-12 3.760444e-11 4.405147e-11 8.866390e-11 max_cap225
 8.322559e-12 5.349257e-11 2.663994e-11 8.845508e-11 fanout709
 6.869901e-12 3.412447e-11 4.699072e-11 8.798509e-11 fanout220
 9.007812e-12 5.209574e-11 2.663978e-11 8.774333e-11 fanout726
 8.891384e-12 4.798766e-11 2.663992e-11 8.351897e-11 fanout793
 8.296149e-12 4.728457e-11 2.663994e-11 8.222066e-11 fanout699
 8.585246e-12 4.881352e-11 2.345406e-11 8.085283e-11 fanout263
 6.841143e-12 2.662599e-11 4.699074e-11 8.045788e-11 fanout441
 8.317043e-12 4.499312e-11 2.663994e-11 7.995010e-11 fanout701
 8.584754e-12 4.651968e-11 2.345406e-11 7.855850e-11 fanout805
 4.828412e-12 2.601913e-11 4.699076e-11 7.783831e-11 max_cap204
 4.842871e-12 2.884330e-11 4.405143e-11 7.773760e-11 max_cap235
 4.758796e-12 2.572510e-11 4.699076e-11 7.747465e-11 fanout180
 4.834943e-12 2.842776e-11 4.405147e-11 7.731417e-11 max_cap1018
 8.713134e-12 4.194718e-11 2.663992e-11 7.730023e-11 fanout306
 4.811580e-12 2.816198e-11 4.405144e-11 7.702500e-11 fanout470
 4.841885e-12 2.457812e-11 4.699074e-11 7.641074e-11 max_cap367
 8.595099e-12 4.404855e-11 2.345406e-11 7.609772e-11 fanout804
 8.468541e-12 4.058994e-11 2.663994e-11 7.569842e-11 fanout704
 8.592699e-12 4.341465e-11 2.345406e-11 7.546141e-11 fanout803
 4.855345e-12 2.355478e-11 4.699071e-11 7.540084e-11 max_cap250
 4.874590e-12 2.645240e-11 4.405147e-11 7.537846e-11 max_cap416
 4.772600e-12 2.340887e-11 4.699076e-11 7.517223e-11 fanout453
 4.759759e-12 2.319806e-11 4.699076e-11 7.494858e-11 fanout205
 8.295279e-12 3.977863e-11 2.663994e-11 7.471385e-11 fanout708
 4.761057e-12 2.553593e-11 4.405146e-11 7.434844e-11 fanout233
 8.952441e-12 3.856333e-11 2.663978e-11 7.415554e-11 fanout725
 4.860945e-12 2.523068e-11 4.405143e-11 7.414305e-11 max_cap473
 4.757057e-12 2.204900e-11 4.699069e-11 7.379675e-11 fanout202
 4.849757e-12 2.158615e-11 4.699074e-11 7.342665e-11 max_cap405
 4.746770e-12 2.133624e-11 4.699076e-11 7.307377e-11 fanout746
 4.743582e-12 2.126754e-11 4.699076e-11 7.300188e-11 fanout454
 8.597133e-12 4.038613e-11 2.345406e-11 7.243733e-11 fanout810
 8.980668e-12 3.663325e-11 2.663978e-11 7.225369e-11 fanout724
 8.927571e-12 3.667241e-11 2.663978e-11 7.223976e-11 fanout715
 4.777424e-12 2.028822e-11 4.699073e-11 7.205637e-11 fanout230
 8.697855e-12 3.926389e-11 2.345406e-11 7.141581e-11 fanout811
 4.850870e-12 2.231515e-11 4.405148e-11 7.121750e-11 max_cap252
 8.629185e-12 3.589111e-11 2.663992e-11 7.116021e-11 fanout354
 4.743635e-12 2.233929e-11 4.405148e-11 7.113440e-11 fanout449
 8.660675e-12 3.554895e-11 2.663992e-11 7.084955e-11 fanout786
 4.758042e-12 2.191927e-11 4.405143e-11 7.072874e-11 fanout412
 8.625500e-12 3.539421e-11 2.663992e-11 7.065962e-11 fanout345
 8.642993e-12 3.520234e-11 2.663992e-11 7.048525e-11 fanout310
 4.823877e-12 1.851148e-11 4.699071e-11 7.032606e-11 fanout247
 8.764429e-12 3.806409e-11 2.345406e-11 7.028259e-11 fanout807
 4.746242e-12 2.142128e-11 4.405144e-11 7.021896e-11 fanout469
 8.524906e-12 3.803559e-11 2.345407e-11 7.001456e-11 fanout300
 4.821904e-12 2.106759e-11 4.405144e-11 6.994093e-11 max_cap1007
 4.819969e-12 2.103425e-11 4.405147e-11 6.990569e-11 wire1016
 8.898922e-12 3.396205e-11 2.663978e-11 6.950075e-11 fanout721
 4.840204e-12 1.754162e-11 4.699076e-11 6.937258e-11 max_cap748
 4.785030e-12 1.757906e-11 4.699074e-11 6.935483e-11 max_cap365
 4.727703e-12 1.755105e-11 4.699076e-11 6.926951e-11 fanout751
 4.719675e-12 1.751266e-11 4.699076e-11 6.922309e-11 fanout631
 8.968539e-12 3.351278e-11 2.663978e-11 6.912110e-11 fanout717
 4.743642e-12 2.029857e-11 4.405143e-11 6.909363e-11 fanout1002
 4.741723e-12 2.024157e-11 4.405146e-11 6.903476e-11 fanout232
 4.741402e-12 2.019721e-11 4.405146e-11 6.899007e-11 fanout231
 4.727177e-12 1.718277e-11 4.699072e-11 6.890066e-11 fanout756
 8.524298e-12 3.690672e-11 2.345406e-11 6.888508e-11 fanout798
 4.730648e-12 1.709223e-11 4.699073e-11 6.881361e-11 fanout228
 4.811003e-12 1.695983e-11 4.699076e-11 6.876159e-11 wire745
 8.674136e-12 3.633570e-11 2.345407e-11 6.846391e-11 fanout274
 8.898865e-12 3.264332e-11 2.663978e-11 6.818196e-11 fanout712
 3.744441e-12 2.033551e-11 4.405164e-11 6.813159e-11 fanout780
 8.709878e-12 3.595970e-11 2.345407e-11 6.812365e-11 fanout279
 8.649728e-12 3.275221e-11 2.663992e-11 6.804186e-11 fanout302
 8.743852e-12 3.556073e-11 2.345407e-11 6.775865e-11 fanout269
 4.816765e-12 1.886193e-11 4.405147e-11 6.773017e-11 max_cap1012
 4.731977e-12 1.886728e-11 4.405143e-11 6.765068e-11 fanout1005
 4.716227e-12 1.578446e-11 4.699072e-11 6.749140e-11 fanout760
 8.409005e-12 3.234336e-11 2.663994e-11 6.739231e-11 fanout700
 4.824019e-12 1.841148e-11 4.405144e-11 6.728694e-11 wire369
 4.711485e-12 1.519624e-11 4.699072e-11 6.689844e-11 fanout773
 8.380466e-12 3.175311e-11 2.663994e-11 6.677351e-11 fanout707
 4.329892e-11 0.000000e+00 2.345417e-11 6.675309e-11 clkload208
 4.329793e-11 0.000000e+00 2.345417e-11 6.675210e-11 clkload158
 4.328416e-11 0.000000e+00 2.345417e-11 6.673834e-11 clkload210
 4.328350e-11 0.000000e+00 2.345417e-11 6.673767e-11 clkload178
 4.327965e-11 0.000000e+00 2.345417e-11 6.673383e-11 clkload103
 4.327756e-11 0.000000e+00 2.345417e-11 6.673173e-11 clkload114
 4.327524e-11 0.000000e+00 2.345417e-11 6.672941e-11 clkload184
 4.327401e-11 0.000000e+00 2.345417e-11 6.672818e-11 clkload211
 4.327266e-11 0.000000e+00 2.345417e-11 6.672683e-11 clkload153
 4.327169e-11 0.000000e+00 2.345417e-11 6.672586e-11 clkload45
 4.327033e-11 0.000000e+00 2.345417e-11 6.672450e-11 clkload50
 4.326813e-11 0.000000e+00 2.345417e-11 6.672229e-11 clkload76
 4.326709e-11 0.000000e+00 2.345417e-11 6.672127e-11 clkload179
 4.326537e-11 0.000000e+00 2.345417e-11 6.671955e-11 clkload51
 4.326359e-11 0.000000e+00 2.345417e-11 6.671776e-11 clkload188
 4.326316e-11 0.000000e+00 2.345417e-11 6.671733e-11 clkload204
 4.326293e-11 0.000000e+00 2.345417e-11 6.671710e-11 clkload48
 4.326044e-11 0.000000e+00 2.345417e-11 6.671461e-11 clkload151
 4.326041e-11 0.000000e+00 2.345417e-11 6.671458e-11 clkload112
 4.325992e-11 0.000000e+00 2.345417e-11 6.671409e-11 clkload78
 4.325968e-11 0.000000e+00 2.345417e-11 6.671386e-11 clkload207
 4.325943e-11 0.000000e+00 2.345417e-11 6.671361e-11 clkload108
 4.325594e-11 0.000000e+00 2.345417e-11 6.671011e-11 clkload154
 4.325550e-11 0.000000e+00 2.345417e-11 6.670967e-11 clkload80
 4.325340e-11 0.000000e+00 2.345417e-11 6.670758e-11 clkload205
 4.325320e-11 0.000000e+00 2.345417e-11 6.670737e-11 clkload73
 4.325305e-11 0.000000e+00 2.345417e-11 6.670722e-11 clkload109
 4.325188e-11 0.000000e+00 2.345417e-11 6.670606e-11 clkload156
 4.325066e-11 0.000000e+00 2.345417e-11 6.670483e-11 clkload75
 4.324811e-11 0.000000e+00 2.345417e-11 6.670228e-11 clkload181
 4.324503e-11 0.000000e+00 2.345417e-11 6.669920e-11 clkload186
 4.804994e-12 1.490338e-11 4.699076e-11 6.669913e-11 max_cap737
 4.324404e-11 0.000000e+00 2.345417e-11 6.669822e-11 clkload79
 4.324377e-11 0.000000e+00 2.345417e-11 6.669795e-11 clkload163
 4.324359e-11 0.000000e+00 2.345417e-11 6.669776e-11 clkload102
 4.323531e-11 0.000000e+00 2.345417e-11 6.668949e-11 clkload107
 4.323426e-11 0.000000e+00 2.345417e-11 6.668843e-11 clkload164
 4.323312e-11 0.000000e+00 2.345417e-11 6.668729e-11 clkload169
 4.323186e-11 0.000000e+00 2.345417e-11 6.668603e-11 clkload144
 4.322762e-11 0.000000e+00 2.345417e-11 6.668180e-11 clkload155
 4.322580e-11 0.000000e+00 2.345417e-11 6.667997e-11 clkload171
 4.322276e-11 0.000000e+00 2.345417e-11 6.667693e-11 clkload139
 4.322153e-11 0.000000e+00 2.345417e-11 6.667570e-11 clkload119
 4.322057e-11 0.000000e+00 2.345417e-11 6.667474e-11 clkload43
 4.321988e-11 0.000000e+00 2.345417e-11 6.667406e-11 clkload91
 4.321860e-11 0.000000e+00 2.345417e-11 6.667276e-11 clkload145
 4.321729e-11 0.000000e+00 2.345417e-11 6.667146e-11 clkload40
 4.321536e-11 0.000000e+00 2.345417e-11 6.666953e-11 clkload201
 4.321422e-11 0.000000e+00 2.345417e-11 6.666839e-11 clkload117
 8.249654e-12 3.177203e-11 2.663994e-11 6.666162e-11 fanout698
 4.320249e-11 0.000000e+00 2.345417e-11 6.665667e-11 clkload44
 4.320095e-11 0.000000e+00 2.345417e-11 6.665512e-11 clkload93
 4.319551e-11 0.000000e+00 2.345417e-11 6.664969e-11 clkload34
 4.319421e-11 0.000000e+00 2.345417e-11 6.664838e-11 clkload37
 4.318917e-11 0.000000e+00 2.345417e-11 6.664334e-11 clkload120
 4.318442e-11 0.000000e+00 2.345417e-11 6.663860e-11 clkload59
 4.318392e-11 0.000000e+00 2.345417e-11 6.663810e-11 clkload167
 4.318388e-11 0.000000e+00 2.345417e-11 6.663805e-11 clkload32
 4.318172e-11 0.000000e+00 2.345417e-11 6.663589e-11 clkload177
 4.318024e-11 0.000000e+00 2.345417e-11 6.663442e-11 clkload29
 4.317973e-11 0.000000e+00 2.345417e-11 6.663390e-11 clkload131
 4.316572e-11 0.000000e+00 2.345417e-11 6.661989e-11 clkload31
 4.316541e-11 0.000000e+00 2.345417e-11 6.661958e-11 clkload190
 4.316347e-11 0.000000e+00 2.345417e-11 6.661764e-11 clkload176
 4.315593e-11 0.000000e+00 2.345417e-11 6.661011e-11 clkload192
 8.541073e-12 3.447105e-11 2.345406e-11 6.646619e-11 fanout800
 8.672956e-12 3.423066e-11 2.345407e-11 6.635769e-11 fanout285
 8.672866e-12 3.422087e-11 2.345407e-11 6.634781e-11 fanout287
 4.728432e-12 1.744771e-11 4.405143e-11 6.622757e-11 fanout999
 8.698073e-12 3.087842e-11 2.663992e-11 6.621641e-11 fanout325
 8.690548e-12 3.087243e-11 2.663992e-11 6.620290e-11 fanout311
 2.663568e-12 1.632167e-11 4.699076e-11 6.597600e-11 fanout621
 4.798069e-12 1.710072e-11 4.405143e-11 6.595022e-11 max_cap997
 4.682364e-12 1.426678e-11 4.699072e-11 6.593986e-11 fanout767
 4.780708e-12 1.704447e-11 4.405147e-11 6.587664e-11 max_cap1014
 8.527060e-12 3.386492e-11 2.345407e-11 6.584606e-11 fanout288
 3.703413e-12 1.799636e-11 4.405164e-11 6.575141e-11 fanout779
 8.408420e-12 3.053129e-11 2.663994e-11 6.557965e-11 fanout703
 4.695309e-12 1.655049e-11 4.405148e-11 6.529728e-11 fanout448
 4.709106e-12 1.353568e-11 4.699072e-11 6.523550e-11 fanout771
 2.677470e-12 1.550810e-11 4.699074e-11 6.517631e-11 fanout463
 3.183977e-11 0.000000e+00 3.311824e-11 6.495800e-11 clkload17
 3.181938e-11 0.000000e+00 3.311824e-11 6.493762e-11 clkload18
 3.175400e-11 0.000000e+00 3.311824e-11 6.487223e-11 clkload9
 8.693119e-12 3.266924e-11 2.345406e-11 6.481642e-11 fanout806
 8.639777e-12 3.269448e-11 2.345407e-11 6.478833e-11 fanout282
 8.709007e-12 3.256266e-11 2.345407e-11 6.472575e-11 fanout276
 3.158410e-11 0.000000e+00 3.311824e-11 6.470233e-11 clkload3
 2.669367e-12 1.495698e-11 4.699077e-11 6.461712e-11 max_cap201
 4.699316e-12 1.563169e-11 4.405148e-11 6.438249e-11 fanout970
 8.530064e-12 3.238496e-11 2.345406e-11 6.436909e-11 fanout794
 4.744586e-12 1.255687e-11 4.699072e-11 6.429218e-11 max_cap732
 4.727226e-12 1.541316e-11 4.405143e-11 6.419181e-11 fanout998
 2.654998e-12 1.419589e-11 4.699072e-11 6.384160e-11 fanout629
 8.623889e-12 2.833497e-11 2.663992e-11 6.359877e-11 fanout348
 4.712382e-12 1.474825e-11 4.405143e-11 6.351206e-11 fanout1001
 8.676268e-12 3.120805e-11 2.345407e-11 6.333839e-11 fanout278
 2.681346e-12 1.362158e-11 4.699076e-11 6.329368e-11 max_cap213
 8.637153e-12 3.103353e-11 2.345407e-11 6.312476e-11 fanout268
 2.673569e-12 1.320050e-11 4.699077e-11 6.286484e-11 max_cap408
 8.713801e-12 3.031235e-11 2.345407e-11 6.248022e-11 fanout293
 8.675142e-12 3.023444e-11 2.345407e-11 6.236365e-11 fanout298
 8.659827e-12 2.705168e-11 2.663992e-11 6.235143e-11 fanout353
 3.663434e-12 1.155564e-11 4.699055e-11 6.220962e-11 fanout918
 2.673992e-12 1.246799e-11 4.699068e-11 6.213267e-11 max_cap623
 2.687854e-12 1.239668e-11 4.699073e-11 6.207526e-11 wire258
 2.646656e-12 1.240572e-11 4.699077e-11 6.204315e-11 fanout259
 2.633328e-12 1.226970e-11 4.699077e-11 6.189380e-11 max_cap181
 3.669947e-12 1.112972e-11 4.699055e-11 6.179022e-11 fanout915
 2.684073e-12 1.203452e-11 4.699077e-11 6.170936e-11 max_cap609
 2.644631e-12 1.200036e-11 4.699072e-11 6.163570e-11 fanout630
 8.695737e-12 2.944476e-11 2.345407e-11 6.159456e-11 fanout295
 4.718745e-12 1.280730e-11 4.405148e-11 6.157752e-11 fanout946
 4.704848e-12 1.277085e-11 4.405148e-11 6.152718e-11 fanout982
 2.686218e-12 1.147601e-11 4.699077e-11 6.115300e-11 max_cap627
 2.631499e-12 1.137610e-11 4.699076e-11 6.099836e-11 fanout618
 2.693446e-12 1.106772e-11 4.699077e-11 6.075194e-11 max_cap625
 2.698058e-12 1.099552e-11 4.699077e-11 6.068435e-11 max_cap459
 8.668975e-12 2.849611e-11 2.345407e-11 6.061916e-11 fanout273
 2.683070e-12 1.093624e-11 4.699077e-11 6.061009e-11 max_cap475
 2.629078e-12 1.088248e-11 4.699074e-11 6.050230e-11 fanout462
 2.632888e-12 1.074202e-11 4.699077e-11 6.036568e-11 fanout219
 2.636809e-12 1.069204e-11 4.699077e-11 6.031962e-11 fanout187
 2.636147e-12 1.060433e-11 4.699077e-11 6.023125e-11 fanout186
 2.620028e-12 1.039290e-11 4.699077e-11 6.000370e-11 fanout183
 2.618217e-12 1.038727e-11 4.699077e-11 5.999626e-11 fanout610
 2.635694e-12 9.901514e-12 4.699074e-11 5.952795e-11 fanout419
 2.612961e-12 9.846271e-12 4.699074e-11 5.944997e-11 fanout420
 2.646310e-12 1.269824e-11 4.405148e-11 5.939603e-11 wire471
 2.627600e-12 9.746589e-12 4.699074e-11 5.936493e-11 fanout421
 2.625726e-12 9.532725e-12 4.699077e-11 5.914922e-11 fanout607
 2.622619e-12 9.519187e-12 4.699069e-11 5.913250e-11 max_cap611
 2.623522e-12 9.512441e-12 4.699077e-11 5.912673e-11 fanout377
 2.624915e-12 9.298571e-12 4.699077e-11 5.891426e-11 fanout616
 2.621903e-12 9.085432e-12 4.699077e-11 5.869810e-11 fanout375
 2.606520e-12 9.069025e-12 4.699074e-11 5.866629e-11 fanout425
 2.631453e-12 8.986407e-12 4.699074e-11 5.860860e-11 fanout424
 2.667570e-12 1.174859e-11 4.405148e-11 5.846763e-11 wire244
 2.635692e-12 1.128595e-11 4.405148e-11 5.797312e-11 fanout1019
 2.641937e-12 7.923775e-12 4.699072e-11 5.755643e-11 max_cap730
 2.619032e-12 1.053030e-11 4.405150e-11 5.720082e-11 fanout406
 2.628877e-12 1.027944e-11 4.405142e-11 5.695973e-11 fanout476
 2.630141e-12 1.012744e-11 4.405142e-11 5.680900e-11 fanout385
 2.646526e-12 9.650141e-12 4.405148e-11 5.634815e-11 max_cap242
 1.587165e-12 7.679858e-12 4.699052e-11 5.625755e-11 fanout905
 2.629000e-12 9.372305e-12 4.405142e-11 5.605273e-11 fanout381
 2.625020e-12 9.341825e-12 4.405144e-11 5.601829e-11 fanout436
 1.580441e-12 6.593683e-12 4.699057e-11 5.516469e-11 fanout396
 1.575783e-12 6.124681e-12 4.699052e-11 5.469099e-11 fanout909
 1.577593e-12 5.929905e-12 4.699057e-11 5.449807e-11 fanout398
 1.575338e-12 5.844350e-12 4.699052e-11 5.441021e-11 fanout904
 1.573864e-12 5.768378e-12 4.699057e-11 5.433281e-11 fanout393
 1.574725e-12 6.362437e-12 4.405167e-11 5.198883e-11 fanout782
 1.571347e-12 5.546279e-12 4.405162e-11 5.116925e-11 fanout601
 1.573359e-12 5.280376e-12 4.405162e-11 5.090536e-11 fanout594
 1.577002e-12 5.050721e-12 4.405162e-11 5.067935e-11 fanout593
 5.291308e-13 2.946351e-12 4.699079e-11 5.046627e-11 fanout200
 5.298876e-13 2.721133e-12 4.699079e-11 5.024181e-11 fanout226
 5.325274e-13 2.571881e-12 4.699079e-11 5.009520e-11 fanout635
 5.305690e-13 2.538083e-12 4.699079e-11 5.005944e-11 max_cap214
 5.286459e-13 2.512947e-12 4.699079e-11 5.003238e-11 fanout479
 5.261125e-13 2.354756e-12 4.699079e-11 4.987166e-11 fanout260
 5.336251e-13 2.274718e-12 4.699079e-11 4.979913e-11 max_cap216
 5.252257e-13 2.261845e-12 4.699079e-11 4.977786e-11 fanout227
 5.252076e-13 1.950640e-12 4.699079e-11 4.946664e-11 fanout478
 5.310676e-13 1.748825e-12 4.699079e-11 4.927068e-11 max_cap634
 5.357642e-13 2.251793e-12 4.405140e-11 4.683896e-11 max_cap210
 5.224797e-13 1.785092e-12 4.405140e-11 4.635897e-11 fanout477
 3.369388e-12 1.586753e-11 2.663990e-11 4.587682e-11 fanout590
 2.429849e-12 1.613454e-11 2.663991e-11 4.520429e-11 fanout775
 3.426333e-12 1.360017e-11 2.663994e-11 4.366643e-11 fanout442
 4.451421e-12 1.314994e-11 2.345407e-11 4.105543e-11 fanout667
 2.393371e-11 0.000000e+00 1.689928e-11 4.083299e-11 clkload101
 2.391940e-11 0.000000e+00 1.689928e-11 4.081868e-11 clkload100
 2.391531e-11 0.000000e+00 1.689928e-11 4.081459e-11 clkload99
 2.390291e-11 0.000000e+00 1.689928e-11 4.080219e-11 clkload209
 2.390234e-11 0.000000e+00 1.689928e-11 4.080162e-11 clkload49
 2.390009e-11 0.000000e+00 1.689928e-11 4.079937e-11 clkload157
 2.389868e-11 0.000000e+00 1.689928e-11 4.079796e-11 clkload212
 2.389578e-11 0.000000e+00 1.689928e-11 4.079506e-11 clkload71
 2.389537e-11 0.000000e+00 1.689928e-11 4.079465e-11 clkload46
 2.389093e-11 0.000000e+00 1.689928e-11 4.079020e-11 clkload180
 2.388943e-11 0.000000e+00 1.689928e-11 4.078871e-11 clkload72
 2.388866e-11 0.000000e+00 1.689928e-11 4.078794e-11 clkload47
 2.388804e-11 0.000000e+00 1.689928e-11 4.078732e-11 clkload161
 2.388723e-11 0.000000e+00 1.689928e-11 4.078651e-11 clkload113
 2.388424e-11 0.000000e+00 1.689928e-11 4.078352e-11 clkload104
 2.388357e-11 0.000000e+00 1.689928e-11 4.078285e-11 clkload185
 2.388105e-11 0.000000e+00 1.689928e-11 4.078033e-11 clkload162
 2.387655e-11 0.000000e+00 1.689928e-11 4.077583e-11 clkload152
 2.387496e-11 0.000000e+00 1.689928e-11 4.077425e-11 clkload183
 2.387396e-11 0.000000e+00 1.689928e-11 4.077325e-11 clkload189
 2.387183e-11 0.000000e+00 1.689928e-11 4.077111e-11 clkload106
 2.386922e-11 0.000000e+00 1.689928e-11 4.076850e-11 clkload141
 2.386303e-11 0.000000e+00 1.689928e-11 4.076231e-11 clkload142
 2.386092e-11 0.000000e+00 1.689928e-11 4.076020e-11 clkload74
 2.384666e-11 0.000000e+00 1.689928e-11 4.074594e-11 clkload129
 2.384514e-11 0.000000e+00 1.689928e-11 4.074442e-11 clkload125
 2.383473e-11 0.000000e+00 1.689928e-11 4.073401e-11 clkload168
 2.382618e-11 0.000000e+00 1.689928e-11 4.072546e-11 clkload170
 2.382460e-11 0.000000e+00 1.689928e-11 4.072388e-11 clkload85
 2.382450e-11 0.000000e+00 1.689928e-11 4.072379e-11 clkload35
 2.381880e-11 0.000000e+00 1.689928e-11 4.071808e-11 clkload134
 2.381756e-11 0.000000e+00 1.689928e-11 4.071685e-11 clkload95
 2.380414e-11 0.000000e+00 1.689928e-11 4.070342e-11 clkload30
 2.370603e-11 0.000000e+00 1.689928e-11 4.060531e-11 clkload15
 4.716138e-12 1.884990e-11 1.689929e-11 4.046533e-11 fanout264
 4.719524e-12 1.882378e-11 1.653895e-11 4.008225e-11 fanout332
 2.380484e-12 1.389153e-11 2.345408e-11 3.972609e-11 fanout995
 2.323458e-12 1.036905e-11 2.663991e-11 3.933241e-11 fanout768
 4.700724e-12 1.808326e-11 1.653895e-11 3.932293e-11 fanout312
 2.913362e-12 9.587618e-12 2.663974e-11 3.914072e-11 fanout673
 2.875776e-12 9.562221e-12 2.663972e-11 3.907771e-11 fanout655
 2.882418e-12 9.468243e-12 2.663972e-11 3.899038e-11 fanout677
 4.849951e-12 1.745408e-11 1.653896e-11 3.884300e-11 fanout714
 2.367228e-12 1.267424e-11 2.345405e-11 3.849552e-11 fanout371
 2.894002e-12 8.926603e-12 2.663972e-11 3.846032e-11 fanout684
 2.329241e-12 9.486601e-12 2.663991e-11 3.845575e-11 fanout772
 3.446282e-12 1.145372e-11 2.345405e-11 3.835405e-11 fanout680
 4.698077e-12 1.694275e-11 1.653895e-11 3.817978e-11 fanout304
 2.880175e-12 8.636808e-12 2.663973e-11 3.815671e-11 fanout687
 4.705005e-12 1.690287e-11 1.653895e-11 3.814682e-11 fanout316
 2.898764e-12 8.434148e-12 2.663973e-11 3.797265e-11 fanout652
 2.370373e-12 1.187986e-11 2.345408e-11 3.770432e-11 fanout939
 4.698072e-12 1.605801e-11 1.689929e-11 3.765537e-11 fanout286
 2.897086e-12 8.090660e-12 2.663973e-11 3.762747e-11 fanout690
 1.317219e-12 9.638285e-12 2.663997e-11 3.759547e-11 fanout189
 2.898314e-12 8.048381e-12 2.663974e-11 3.758644e-11 fanout688
 2.889619e-12 8.049639e-12 2.663974e-11 3.757900e-11 fanout670
 2.337661e-12 1.163598e-11 2.345409e-11 3.742773e-11 fanout253
 1.854355e-12 8.930505e-12 2.663973e-11 3.742459e-11 fanout931
 2.322746e-12 8.129752e-12 2.663992e-11 3.709242e-11 fanout653
 2.344036e-12 7.975386e-12 2.663995e-11 3.695937e-11 fanout738
 2.325884e-12 1.105393e-11 2.345408e-11 3.683390e-11 fanout951
 1.324048e-12 8.867783e-12 2.663997e-11 3.683180e-11 fanout628
 4.688700e-12 1.521440e-11 1.653895e-11 3.644204e-11 fanout329
 1.317127e-12 1.155768e-11 2.345401e-11 3.632881e-11 fanout573
 1.301138e-12 8.339093e-12 2.663998e-11 3.628021e-11 fanout517
 2.333565e-12 1.035706e-11 2.345405e-11 3.614467e-11 fanout370
 1.805724e-12 7.689688e-12 2.663973e-11 3.613514e-11 fanout923
 1.818638e-12 7.646383e-12 2.663973e-11 3.610475e-11 fanout913
 2.359828e-12 6.928471e-12 2.663991e-11 3.592820e-11 fanout770
 1.607528e-11 0.000000e+00 1.980002e-11 3.587530e-11 clkload36
 1.604584e-11 0.000000e+00 1.980002e-11 3.584586e-11 clkload54
 1.603764e-11 0.000000e+00 1.980002e-11 3.583766e-11 clkload126
 2.322467e-12 1.004557e-11 2.345408e-11 3.582212e-11 fanout965
 1.599622e-11 0.000000e+00 1.980002e-11 3.579624e-11 clkload166
 1.598880e-11 0.000000e+00 1.980002e-11 3.578882e-11 clkload149
 1.594544e-11 0.000000e+00 1.980002e-11 3.574546e-11 clkload94
 1.593168e-11 0.000000e+00 1.980002e-11 3.573170e-11 clkload92
 1.591115e-11 0.000000e+00 1.980002e-11 3.571117e-11 clkload118
 1.588397e-11 0.000000e+00 1.980002e-11 3.568399e-11 clkload195
 1.585204e-11 0.000000e+00 1.980002e-11 3.565206e-11 clkload61
 1.584001e-11 0.000000e+00 1.980002e-11 3.564003e-11 clkload135
 1.579759e-11 0.000000e+00 1.980002e-11 3.559761e-11 clkload133
 1.578879e-11 0.000000e+00 1.980002e-11 3.558881e-11 clkload84
 1.846744e-12 7.088578e-12 2.663973e-11 3.557505e-11 fanout912
 2.331553e-12 9.582906e-12 2.345408e-11 3.536854e-11 fanout942
 2.347031e-12 9.548352e-12 2.345408e-11 3.534946e-11 fanout974
 2.330303e-12 9.490765e-12 2.345404e-11 3.527511e-11 fanout1010
 2.322800e-12 9.461633e-12 2.345408e-11 3.523851e-11 fanout987
 2.335164e-12 9.441244e-12 2.345408e-11 3.523049e-11 fanout968
 1.308863e-12 1.044298e-11 2.345402e-11 3.520587e-11 fanout193
 7.969117e-13 7.279865e-12 2.663975e-11 3.471653e-11 fanout403
 1.842871e-12 6.223321e-12 2.663973e-11 3.470592e-11 fanout929
 2.318407e-12 8.908648e-12 2.345408e-11 3.468114e-11 fanout994
 2.358753e-12 8.714258e-12 2.345408e-11 3.452709e-11 fanout988
 2.380105e-12 8.674662e-12 2.345408e-11 3.450885e-11 fanout949
 1.833549e-12 6.013681e-12 2.663976e-11 3.448699e-11 fanout668
 2.326774e-12 8.686679e-12 2.345408e-11 3.446753e-11 fanout960
 2.372645e-12 8.539018e-12 2.345408e-11 3.436575e-11 fanout954
 1.838835e-12 5.739481e-12 2.663969e-11 3.421800e-11 fanout686
 2.394273e-12 8.305357e-12 2.345406e-11 3.415369e-11 fanout654
 1.294850e-12 6.179183e-12 2.663998e-11 3.411401e-11 fanout538
 2.323815e-12 8.307570e-12 2.345408e-11 3.408546e-11 fanout959
 1.299372e-12 5.985764e-12 2.663994e-11 3.392508e-11 fanout422
 1.312152e-12 5.762324e-12 2.663997e-11 3.371444e-11 fanout188
 1.846786e-12 5.213927e-12 2.663974e-11 3.370046e-11 fanout645
 1.302784e-12 8.864649e-12 2.345402e-11 3.362146e-11 fanout190
 1.317415e-12 5.659519e-12 2.663998e-11 3.361691e-11 fanout500
 2.322175e-12 7.796333e-12 2.345408e-11 3.357259e-11 fanout967
 2.350882e-12 7.628698e-12 2.345408e-11 3.343366e-11 fanout989
 1.305012e-12 5.463766e-12 2.663997e-11 3.340875e-11 fanout583
 1.295405e-12 5.340598e-12 2.663998e-11 3.327599e-11 fanout537
 1.315317e-12 5.300814e-12 2.663997e-11 3.325610e-11 fanout378
 1.295783e-12 5.279845e-12 2.663998e-11 3.321561e-11 fanout529
 2.320290e-12 7.094924e-12 2.345408e-11 3.286929e-11 fanout948
 2.346150e-12 6.975154e-12 2.345408e-11 3.277539e-11 fanout975
 7.858099e-13 1.509437e-11 1.673459e-11 3.261477e-11 _20760_
 1.303470e-12 7.850338e-12 2.345405e-11 3.260786e-11 fanout430
 2.380107e-12 6.768802e-12 2.345407e-11 3.260298e-11 fanout641
 1.319646e-12 4.568875e-12 2.663998e-11 3.252850e-11 fanout494
 1.284642e-12 4.567738e-12 2.663998e-11 3.249236e-11 fanout497
 1.318645e-12 4.470101e-12 2.663998e-11 3.242873e-11 fanout522
 1.315759e-12 4.464323e-12 2.663998e-11 3.242006e-11 fanout523
 1.310389e-12 4.379140e-12 2.663998e-11 3.232951e-11 fanout495
 1.315272e-12 4.352699e-12 2.663998e-11 3.230795e-11 fanout533
 1.306832e-12 7.506093e-12 2.345402e-11 3.226695e-11 fanout391
 9.086689e-13 1.111189e-11 2.015279e-11 3.217335e-11 _21114_
 1.307051e-12 4.180973e-12 2.663998e-11 3.212801e-11 fanout502
 1.300925e-12 7.269588e-12 2.345405e-11 3.202456e-11 fanout431
 1.298303e-12 6.711664e-12 2.345405e-11 3.146402e-11 fanout439
 1.321317e-12 6.553352e-12 2.345402e-11 3.132869e-11 fanout392
 1.298427e-12 6.412549e-12 2.345401e-11 3.116498e-11 fanout542
 7.768138e-13 3.626758e-12 2.663970e-11 3.104328e-11 fanout908
 7.772402e-13 3.512638e-12 2.663975e-11 3.092963e-11 fanout395
 1.295828e-12 6.020854e-12 2.345408e-11 3.077076e-11 fanout1022
 1.325244e-12 5.960734e-12 2.345402e-11 3.073999e-11 fanout457
 1.321789e-12 5.859493e-12 2.345401e-11 3.063529e-11 fanout145
 1.320608e-12 5.858634e-12 2.345402e-11 3.063326e-11 fanout588
 1.320514e-12 5.660610e-12 2.345401e-11 3.043513e-11 fanout559
 1.323291e-12 5.649734e-12 2.345401e-11 3.042703e-11 fanout540
 1.321503e-12 5.578462e-12 2.345402e-11 3.035398e-11 fanout586
 1.291614e-12 5.597865e-12 2.345401e-11 3.034349e-11 fanout551
 1.295354e-12 5.460180e-12 2.345402e-11 3.020956e-11 fanout382
 1.299878e-12 5.424827e-12 2.345401e-11 3.017871e-11 fanout561
 1.296675e-12 5.341374e-12 2.345401e-11 3.009206e-11 fanout196
 1.290367e-12 5.232770e-12 2.345401e-11 2.997715e-11 fanout552
 1.316687e-12 5.119127e-12 2.345401e-11 2.988982e-11 fanout562
 1.294349e-12 5.086202e-12 2.345401e-11 2.983456e-11 fanout568
 1.316140e-12 5.053457e-12 2.345401e-11 2.982361e-11 fanout543
 1.316559e-12 4.681889e-12 2.345401e-11 2.945245e-11 fanout547
 1.316402e-12 4.681864e-12 2.345401e-11 2.945227e-11 fanout557
 7.959119e-13 5.155619e-12 2.345429e-11 2.940582e-11 fanout784
 1.315982e-12 4.622659e-12 2.345401e-11 2.939265e-11 fanout556
 1.312409e-12 4.525275e-12 2.345401e-11 2.929169e-11 fanout545
 1.305527e-12 4.432990e-12 2.345402e-11 2.919253e-11 fanout176
 1.305864e-12 4.373333e-12 2.345401e-11 2.913321e-11 fanout570
 7.835938e-13 4.875859e-12 2.345424e-11 2.911369e-11 fanout598
 1.315174e-12 4.318422e-12 2.345401e-11 2.908760e-11 fanout567
 1.311826e-12 4.276980e-12 2.345401e-11 2.904281e-11 fanout144
 1.298940e-12 4.284763e-12 2.345401e-11 2.903771e-11 fanout566
 1.304877e-12 4.133035e-12 2.345405e-11 2.889196e-11 fanout427
 7.816283e-13 4.372123e-12 2.345424e-11 2.860799e-11 fanout602
 2.589734e-13 1.438344e-12 2.663999e-11 2.833731e-11 fanout217
 7.806379e-13 4.090373e-12 2.345424e-11 2.832525e-11 fanout604
 2.598475e-13 1.201329e-12 2.663999e-11 2.810117e-11 fanout577
 2.632528e-13 9.975550e-13 2.663999e-11 2.790080e-11 fanout356
 7.907175e-13 3.480147e-12 2.345424e-11 2.772510e-11 fanout595
 7.575911e-13 2.431688e-13 2.663965e-11 2.764041e-11 output47
 7.578754e-13 2.127953e-13 2.663965e-11 2.761032e-11 output49
 7.794309e-13 3.373683e-12 2.345424e-11 2.760735e-11 fanout592
 7.602201e-13 1.717793e-13 2.663965e-11 2.757165e-11 output55
 7.578973e-13 1.598280e-13 2.663965e-11 2.755737e-11 output61
 7.552611e-13 1.571016e-13 2.663965e-11 2.755201e-11 output52
 7.526431e-13 1.534228e-13 2.663965e-11 2.754571e-11 output46
 7.557439e-13 1.491697e-13 2.663965e-11 2.754456e-11 output43
 7.574639e-13 1.462490e-13 2.663965e-11 2.754336e-11 output50
 7.523266e-13 1.354720e-13 2.663965e-11 2.752745e-11 output54
 7.521294e-13 1.350292e-13 2.663965e-11 2.752681e-11 output51
 7.612846e-13 1.221361e-13 2.663965e-11 2.752307e-11 output48
 7.547769e-13 1.194325e-13 2.663965e-11 2.751386e-11 output41
 7.517207e-13 1.042968e-13 2.663965e-11 2.749567e-11 output42
 7.518033e-13 1.000611e-13 2.663965e-11 2.749151e-11 output63
 7.526981e-13 9.697793e-14 2.663965e-11 2.748933e-11 output62
 7.531353e-13 8.235898e-14 2.663965e-11 2.747514e-11 output64
 7.529108e-13 6.587357e-14 2.663965e-11 2.745843e-11 output53
 7.513152e-13 6.311665e-14 2.663965e-11 2.745408e-11 output59
 7.508423e-13 4.892188e-14 2.663965e-11 2.743941e-11 output45
 7.505132e-13 4.235746e-14 2.663965e-11 2.743252e-11 output58
 7.505643e-13 3.523479e-14 2.663965e-11 2.742545e-11 output44
 7.503325e-13 2.448758e-14 2.663965e-11 2.741447e-11 output56
 7.884813e-13 3.105360e-12 2.345424e-11 2.734808e-11 fanout600
 1.052483e-19 4.128602e-19 2.663984e-11 2.663984e-11 fanout1047
 1.041959e-19 5.390568e-19 2.663984e-11 2.663984e-11 fanout1048
 1.052007e-19 4.109177e-19 2.663984e-11 2.663984e-11 fanout1050
 1.045131e-19 5.484399e-19 2.663984e-11 2.663984e-11 fanout1055
 1.056330e-19 4.728975e-19 2.663984e-11 2.663984e-11 fanout1056
 1.053846e-19 4.376502e-19 2.663984e-11 2.663984e-11 fanout1058
 1.054651e-19 4.572162e-19 2.663984e-11 2.663984e-11 fanout1060
 1.049389e-19 3.605851e-19 2.663984e-11 2.663984e-11 fanout1067
 1.038438e-19 5.128484e-19 2.663984e-11 2.663984e-11 fanout1068
 1.052059e-19 4.688591e-19 2.663984e-11 2.663984e-11 fanout1070
 1.055255e-19 5.179027e-19 2.663984e-11 2.663984e-11 fanout1073
 1.040424e-19 4.685763e-19 2.663984e-11 2.663984e-11 fanout1076
 2.772905e-12 1.504163e-13 2.345418e-11 2.637750e-11 output16
 2.761402e-12 6.946119e-14 2.345429e-11 2.628516e-11 output14
 2.254769e-12 1.224680e-13 2.345415e-11 2.583139e-11 output12
 2.681199e-13 1.711499e-12 2.345400e-11 2.543362e-11 fanout89
 1.754257e-12 1.805257e-13 2.345434e-11 2.538912e-11 output13
 2.663651e-13 1.307856e-12 2.345400e-11 2.502822e-11 fanout111
 2.613686e-13 1.203089e-12 2.345400e-11 2.491846e-11 fanout826
 2.660789e-13 1.161136e-12 2.345400e-11 2.488122e-11 fanout105
 2.644778e-13 1.098436e-12 2.345400e-11 2.481691e-11 fanout146
 2.638102e-13 1.097047e-12 2.345400e-11 2.481486e-11 fanout359
 2.633365e-13 1.086495e-12 2.345400e-11 2.480383e-11 fanout147
 2.649582e-13 1.084414e-12 2.345400e-11 2.480337e-11 fanout103
 2.659924e-13 1.071291e-12 2.345400e-11 2.479129e-11 fanout825
 1.258960e-12 6.362884e-14 2.345401e-11 2.477660e-11 output15
 2.658606e-13 1.035132e-12 2.345400e-11 2.475499e-11 fanout820
 2.682860e-13 1.020936e-12 2.345400e-11 2.474322e-11 fanout829
 2.658022e-13 9.847457e-13 2.345400e-11 2.470455e-11 fanout817
 2.636544e-13 9.777727e-13 2.345400e-11 2.469543e-11 fanout823
 2.594955e-13 9.779273e-13 2.345400e-11 2.469142e-11 fanout361
 2.629586e-13 9.586322e-13 2.345400e-11 2.467559e-11 fanout821
 2.644290e-13 9.205651e-13 2.345400e-11 2.463900e-11 fanout362
 2.634419e-13 9.045056e-13 2.345400e-11 2.462195e-11 fanout819
 2.616058e-13 8.947989e-13 2.345400e-11 2.461041e-11 fanout82
 2.614289e-13 8.685296e-13 2.345400e-11 2.458396e-11 fanout139
 2.635195e-13 7.992914e-13 2.345400e-11 2.451681e-11 fanout648
 2.631583e-13 7.922103e-13 2.345400e-11 2.450937e-11 fanout649
 2.517647e-13 1.025508e-13 2.345400e-11 2.380832e-11 output33
 2.522264e-13 9.019449e-14 2.345400e-11 2.379642e-11 output30
 2.517418e-13 8.578578e-14 2.345400e-11 2.379153e-11 output22
 2.514085e-13 8.317307e-14 2.345400e-11 2.378858e-11 output18
 2.531179e-13 7.736750e-14 2.345400e-11 2.378449e-11 output25
 2.525136e-13 7.532966e-14 2.345400e-11 2.378184e-11 output27
 2.513611e-13 7.525195e-14 2.345400e-11 2.378061e-11 output28
 2.513380e-13 7.396154e-14 2.345400e-11 2.377930e-11 output37
 2.515991e-13 6.414351e-14 2.345400e-11 2.376974e-11 output35
 2.521620e-13 5.983792e-14 2.345400e-11 2.376600e-11 output21
 2.515371e-13 5.297156e-14 2.345400e-11 2.375851e-11 output20
 2.513053e-13 5.026380e-14 2.345400e-11 2.375557e-11 output23
 2.513277e-13 4.971227e-14 2.345400e-11 2.375504e-11 output19
 2.513780e-13 4.698147e-14 2.345400e-11 2.375236e-11 output34
 2.518640e-13 4.422936e-14 2.345400e-11 2.375009e-11 output29
 2.515120e-13 4.343040e-14 2.345400e-11 2.374894e-11 output26
 2.521372e-13 4.232384e-14 2.345400e-11 2.374846e-11 output40
 2.517131e-13 4.064446e-14 2.345400e-11 2.374636e-11 output31
 2.521570e-13 3.089170e-14 2.345400e-11 2.373705e-11 output24
 2.500462e-13 2.659083e-14 2.345400e-11 2.373064e-11 output32
 2.508619e-13 2.453336e-14 2.345400e-11 2.372940e-11 output17
 2.504072e-13 2.161855e-14 2.345400e-11 2.372603e-11 output39
 2.506369e-13 2.089461e-14 2.345400e-11 2.372553e-11 output60
 2.509999e-13 1.920694e-14 2.345400e-11 2.372421e-11 output57
 2.509492e-13 1.830880e-14 2.345400e-11 2.372326e-11 output36
 2.502226e-13 1.631992e-14 2.345400e-11 2.372054e-11 output38
 1.051630e-19 4.079998e-19 2.345416e-11 2.345416e-11 fanout1080
 1.047333e-19 3.408523e-19 2.345416e-11 2.345416e-11 fanout1093
 1.054316e-19 5.224858e-19 2.345416e-11 2.345416e-11 fanout1104
 1.058376e-19 6.593267e-19 2.345416e-11 2.345416e-11 fanout1139
 7.618974e-13 5.581967e-12 1.647000e-11 2.281387e-11 _12009_
 1.282959e-12 4.368173e-12 1.689929e-11 2.255042e-11 fanout953
 1.071610e-12 1.143252e-11 9.898737e-12 2.240286e-11 _12406_
 1.570249e-12 4.254473e-12 1.653897e-11 2.236369e-11 fanout674
 1.277484e-12 3.845585e-12 1.689929e-11 2.202236e-11 fanout956
 1.560930e-12 3.856945e-12 1.653897e-11 2.195685e-11 fanout643
 7.189791e-13 3.856097e-12 1.653894e-11 2.111402e-11 fanout198
 4.670517e-13 7.154833e-12 1.331658e-11 2.093846e-11 _21942_
 4.739416e-13 7.311059e-12 1.314018e-11 2.092518e-11 _12315_
 7.182157e-13 3.377009e-12 1.653894e-11 2.063417e-11 fanout160
 4.618436e-13 6.837296e-12 1.331658e-11 2.061572e-11 _22124_
 7.199241e-13 3.288529e-12 1.653894e-11 2.054740e-11 fanout156
 7.181471e-13 3.230589e-12 1.653894e-11 2.048768e-11 fanout164
 7.166200e-13 3.096876e-12 1.653894e-11 2.035244e-11 fanout170
 6.880640e-13 6.508272e-12 1.314018e-11 2.033652e-11 _12142_
 7.113952e-13 2.694806e-12 1.689930e-11 2.030550e-11 fanout173
 7.162845e-13 2.970339e-12 1.653894e-11 2.022557e-11 fanout162
 7.749442e-13 6.131323e-12 1.331657e-11 2.022283e-11 _12109_
 7.159014e-13 2.967037e-12 1.653894e-11 2.022188e-11 fanout159
 7.099436e-13 2.522467e-12 1.689930e-11 2.013171e-11 fanout177
 7.132688e-13 2.833879e-12 1.653894e-11 2.008609e-11 fanout510
 7.137251e-13 2.771800e-12 1.653894e-11 2.002447e-11 fanout169
 7.142280e-13 2.698329e-12 1.653894e-11 1.995150e-11 fanout168
 7.138613e-13 2.671395e-12 1.653894e-11 1.992420e-11 fanout524
 7.103685e-13 2.303244e-12 1.653894e-11 1.955255e-11 fanout158
 5.770272e-13 5.290551e-12 1.331657e-11 1.918414e-11 _12253_
 5.593458e-13 5.245579e-12 1.331656e-11 1.912149e-11 _12093_
 5.795874e-13 5.208376e-12 1.331656e-11 1.910453e-11 _12244_
 6.803591e-13 5.211536e-12 1.314018e-11 1.903208e-11 _12236_
 5.563017e-13 5.052485e-12 1.331656e-11 1.892535e-11 _12098_
 6.749358e-13 5.027010e-12 1.314019e-11 1.884213e-11 _11941_
 4.297581e-13 1.838314e-12 1.653896e-11 1.880704e-11 fanout852
 2.513115e-13 1.820735e-12 1.673458e-11 1.880663e-11 _12103_
 5.697389e-13 4.913784e-12 1.331656e-11 1.880009e-11 _12186_
 5.769376e-13 4.890401e-12 1.331656e-11 1.878390e-11 _12232_
 2.500700e-13 1.758706e-12 1.673458e-11 1.874336e-11 _12194_
 2.519253e-13 1.719284e-12 1.673458e-11 1.870579e-11 _11991_
 4.299275e-13 1.718228e-12 1.653896e-11 1.868712e-11 fanout899
 2.523807e-13 1.674108e-12 1.673458e-11 1.866107e-11 _12087_
 5.525467e-13 4.670841e-12 1.331656e-11 1.853995e-11 _12228_
 4.274057e-13 1.499177e-12 1.653896e-11 1.846555e-11 fanout831
 4.275499e-13 1.493420e-12 1.653896e-11 1.845993e-11 fanout869
 4.542080e-13 4.688826e-12 1.331658e-11 1.845961e-11 _21801_
 4.268596e-13 1.399980e-12 1.653896e-11 1.836580e-11 fanout881
 5.766063e-13 4.414284e-12 1.331656e-11 1.830746e-11 _12091_
 4.262654e-13 1.324644e-12 1.653896e-11 1.828987e-11 fanout877
 4.262304e-13 1.320254e-12 1.653896e-11 1.828545e-11 fanout879
 5.653596e-13 4.329051e-12 1.331657e-11 1.821098e-11 _12254_
 4.259374e-13 1.233753e-12 1.653896e-11 1.819865e-11 fanout860
 4.254442e-13 1.178639e-12 1.653896e-11 1.814305e-11 fanout850
 5.709606e-13 4.225334e-12 1.331656e-11 1.811286e-11 _12079_
 4.253454e-13 1.125504e-12 1.653896e-11 1.808981e-11 fanout867
 4.640415e-13 4.222369e-12 1.331658e-11 1.800299e-11 _22150_
 4.735982e-13 4.357850e-12 1.314019e-11 1.797163e-11 _12018_
 1.452390e-13 8.283403e-13 1.689930e-11 1.787288e-11 fanout818
 4.728500e-13 4.248457e-12 1.314018e-11 1.786149e-11 _12010_
 4.747508e-13 4.169721e-12 1.314019e-11 1.778466e-11 _12256_
 5.576820e-13 3.748567e-12 1.331657e-11 1.762281e-11 _12248_
 1.433175e-13 5.610140e-13 1.689930e-11 1.760363e-11 fanout99
 4.719199e-13 3.756638e-12 1.314018e-11 1.736874e-11 _12005_
 4.723179e-13 3.743679e-12 1.314019e-11 1.735618e-11 _12000_
 8.465499e-14 7.953904e-13 1.647000e-11 1.735005e-11 _12027_
 4.575320e-13 3.733276e-12 1.314018e-11 1.733099e-11 _12200_
 4.605388e-13 3.720664e-12 1.314018e-11 1.732138e-11 _11952_
 4.711970e-13 3.694758e-12 1.314018e-11 1.730614e-11 _11954_
 3.694186e-13 3.606576e-12 1.331656e-11 1.729256e-11 _12064_
 8.381294e-14 6.940044e-13 1.647000e-11 1.724782e-11 _12282_
 8.515590e-14 6.782259e-13 1.647000e-11 1.723338e-11 _12163_
 1.432232e-13 5.501198e-13 1.653894e-11 1.723228e-11 fanout91
 1.451933e-13 5.131465e-13 1.653894e-11 1.719728e-11 fanout121
 8.469344e-14 6.345919e-13 1.647000e-11 1.718928e-11 _12181_
 4.628743e-13 3.584234e-12 1.314018e-11 1.718729e-11 _11919_
 1.236920e-12 2.738458e-12 1.320967e-11 1.718505e-11 wire157
 1.429086e-13 4.807936e-13 1.653894e-11 1.716264e-11 fanout94
 4.695802e-13 3.472528e-12 1.314019e-11 1.708229e-11 _12213_
 4.509090e-13 3.408782e-12 1.314018e-11 1.699987e-11 _12004_
 3.665551e-13 3.294776e-12 1.331657e-11 1.697790e-11 _12143_
 4.704605e-13 3.364205e-12 1.314018e-11 1.697485e-11 _12207_
 4.646456e-13 3.342696e-12 1.314019e-11 1.694753e-11 _12020_
 5.755618e-20 2.932879e-19 1.689928e-11 1.689928e-11 fanout1079
 5.689372e-20 1.836249e-19 1.689928e-11 1.689928e-11 fanout1111
 5.716117e-20 2.191794e-19 1.689928e-11 1.689928e-11 fanout1113
 5.704702e-20 2.060254e-19 1.689928e-11 1.689928e-11 fanout1120
 5.708341e-20 2.289314e-19 1.689928e-11 1.689928e-11 fanout1124
 5.694421e-20 1.905656e-19 1.689928e-11 1.689928e-11 fanout1126
 4.674396e-13 3.291304e-12 1.314019e-11 1.689893e-11 _11929_
 3.661259e-13 2.937264e-12 1.331656e-11 1.661995e-11 _12101_
 5.678565e-20 1.782335e-19 1.653896e-11 1.653896e-11 fanout1031
 5.720596e-20 2.317267e-19 1.653896e-11 1.653896e-11 fanout1033
 5.716265e-20 2.187313e-19 1.653896e-11 1.653896e-11 fanout1035
 5.753435e-20 2.964705e-19 1.653896e-11 1.653896e-11 fanout1040
 5.703603e-20 2.025226e-19 1.653896e-11 1.653896e-11 fanout1042
 5.707096e-20 2.069439e-19 1.653896e-11 1.653896e-11 fanout1043
 3.649528e-13 2.769293e-12 1.331657e-11 1.645081e-11 _12243_
 3.522718e-13 2.752707e-12 1.331657e-11 1.642155e-11 _12070_
 3.657434e-13 2.691671e-12 1.331657e-11 1.637398e-11 _12022_
 3.558280e-13 2.694396e-12 1.331656e-11 1.636679e-11 _12065_
 3.503259e-13 2.692673e-12 1.331657e-11 1.635957e-11 _12075_
 3.542793e-13 2.485119e-12 1.331657e-11 1.615596e-11 _12124_
 2.647034e-13 2.663561e-12 1.314019e-11 1.606845e-11 _11975_
 2.549946e-13 2.438243e-12 1.314018e-11 1.583342e-11 _12319_
 2.582183e-13 2.052604e-12 1.314018e-11 1.545100e-11 _11939_
 2.591817e-13 1.985249e-12 1.314018e-11 1.538461e-11 _12321_
 2.599363e-13 1.852768e-12 1.314018e-11 1.525288e-11 _12132_
 1.562567e-13 1.635224e-12 1.331656e-11 1.510804e-11 _12274_
 1.553046e-13 1.608856e-12 1.331656e-11 1.508072e-11 _12276_
 4.709564e-13 1.399909e-12 1.320966e-11 1.508053e-11 fanout163
 1.584418e-13 1.577558e-12 1.331657e-11 1.505257e-11 _12152_
 1.587732e-13 1.535591e-12 1.331657e-11 1.501093e-11 _12199_
 1.581345e-13 1.505866e-12 1.331657e-11 1.498057e-11 _12108_
 1.586853e-13 1.489340e-12 1.331657e-11 1.496459e-11 _11996_
 1.582687e-13 1.419988e-12 1.331656e-11 1.489482e-11 _11918_
 1.541226e-13 1.327125e-12 1.331656e-11 1.479781e-11 _12260_
 1.576408e-13 1.298118e-12 1.331656e-11 1.477232e-11 _12265_
 1.572838e-13 1.297543e-12 1.331657e-11 1.477139e-11 _12118_
 1.569598e-13 1.273565e-12 1.331657e-11 1.474709e-11 _12054_
 1.515779e-13 1.198736e-12 1.331657e-11 1.466688e-11 _11970_
 1.512265e-13 1.183622e-12 1.331656e-11 1.465141e-11 _11913_
 8.477763e-13 3.870523e-12 9.898732e-12 1.461703e-11 _17857_
 1.508978e-13 1.119473e-12 1.331657e-11 1.458694e-11 _12147_
 2.843642e-13 9.918129e-13 1.320969e-11 1.448587e-11 _24774_
 2.841922e-13 9.359759e-13 1.320969e-11 1.442986e-11 _24776_
 7.562009e-13 3.819499e-12 9.810548e-12 1.438625e-11 _15979_
 2.831132e-13 6.560859e-13 1.320969e-11 1.414889e-11 _24770_
 2.830013e-13 6.270567e-13 1.320969e-11 1.411975e-11 _24775_
 4.821609e-13 3.721691e-12 9.898731e-12 1.410258e-11 _12177_
 2.828525e-13 5.884630e-13 1.320969e-11 1.408101e-11 _24772_
 5.232731e-14 8.831624e-13 1.314018e-11 1.407567e-11 _12286_
 2.806079e-13 4.685955e-13 1.320969e-11 1.395889e-11 _24773_
 5.238620e-14 6.967464e-13 1.314018e-11 1.388931e-11 _12309_
 2.808137e-13 3.633235e-13 1.320969e-11 1.385383e-11 _24777_
 9.411006e-14 2.609953e-13 1.348146e-11 1.383657e-11 _24768_
 9.413297e-14 2.571393e-13 1.348146e-11 1.383273e-11 _24762_
 9.391011e-14 2.176211e-13 1.348146e-11 1.379299e-11 _24765_
 9.387895e-14 2.108604e-13 1.348146e-11 1.378620e-11 _24766_
 5.325970e-14 5.830017e-13 1.314018e-11 1.377644e-11 _12290_
 9.380586e-14 1.950046e-13 1.348146e-11 1.377027e-11 _24769_
 9.379212e-14 1.920253e-13 1.348146e-11 1.376728e-11 _24767_
 9.370574e-14 1.732848e-13 1.348146e-11 1.374845e-11 _24764_
 5.035160e-14 5.467381e-13 1.314018e-11 1.373727e-11 _13969_
 5.299022e-14 5.371687e-13 1.314018e-11 1.373034e-11 _12221_
 5.272581e-14 5.216907e-13 1.314018e-11 1.371460e-11 _12185_
 2.791582e-13 2.222114e-13 1.320969e-11 1.371106e-11 _24771_
 9.330474e-14 1.354505e-13 1.348146e-11 1.371022e-11 _24763_
 5.125639e-14 5.084611e-13 1.314018e-11 1.369990e-11 _12032_
 5.055271e-14 4.885022e-13 1.314018e-11 1.367923e-11 _11945_
 4.907911e-13 3.283130e-12 9.898731e-12 1.367265e-11 _13632_
 5.272680e-14 4.775023e-13 1.314018e-11 1.367041e-11 _11986_
 5.083475e-14 4.714517e-13 1.314018e-11 1.366247e-11 _15007_
 5.255531e-14 4.620367e-13 1.314018e-11 1.365477e-11 _12042_
 5.240900e-14 4.351322e-13 1.314018e-11 1.362772e-11 _11951_
 5.028286e-14 3.990354e-13 1.314018e-11 1.358950e-11 _12216_
 5.049680e-14 3.957937e-13 1.314018e-11 1.358647e-11 _12037_
 4.989151e-14 3.720354e-13 1.314018e-11 1.356211e-11 _18223_
 5.125800e-14 2.917045e-13 1.314018e-11 1.348314e-11 _18066_
 7.920442e-20 2.702292e-19 1.348146e-11 1.348146e-11 input10
 1.578623e-19 3.661499e-19 1.348146e-11 1.348146e-11 input4
 5.541922e-19 1.758815e-18 1.348145e-11 1.348146e-11 input8
 7.878656e-20 1.401866e-19 1.348146e-11 1.348146e-11 input6
 7.899653e-20 2.009214e-19 1.348145e-11 1.348145e-11 input1
 1.578683e-19 3.678655e-19 1.348145e-11 1.348145e-11 input5
 3.947370e-20 9.302937e-20 1.348145e-11 1.348145e-11 input9
 6.735602e-13 2.976029e-12 9.810542e-12 1.346013e-11 _15640_
 1.017279e-12 2.533800e-12 9.810541e-12 1.336162e-11 _11903_
 6.612489e-13 2.789661e-12 9.898738e-12 1.334965e-11 _16899_
 6.728478e-13 2.834913e-12 9.810542e-12 1.331830e-11 _15967_
 1.182116e-19 2.199750e-19 1.320968e-11 1.320968e-11 input3
 3.954864e-20 1.152521e-19 1.320968e-11 1.320968e-11 input7
 1.177954e-19 1.558078e-19 1.320968e-11 1.320968e-11 input2
 3.792805e-20 1.622171e-19 1.320967e-11 1.320967e-11 fanout1032
 3.784876e-20 1.723188e-19 1.320967e-11 1.320967e-11 fanout1036
 4.309348e-13 2.855786e-12 9.810542e-12 1.309726e-11 _11955_
 3.685982e-13 2.755364e-12 9.898731e-12 1.302269e-11 _12234_
 4.790422e-13 2.638922e-12 9.898731e-12 1.301670e-11 _12090_
 4.990680e-13 2.693913e-12 9.810548e-12 1.300353e-11 _19572_
 2.882702e-13 2.883930e-12 9.810543e-12 1.298274e-11 _22424_
 6.056213e-13 2.328527e-12 9.898731e-12 1.283288e-11 _18014_
 4.870399e-13 2.432648e-12 9.898733e-12 1.281842e-11 _19726_
 3.662621e-13 2.544178e-12 9.898732e-12 1.280917e-11 _12066_
 3.529551e-13 2.555821e-12 9.898733e-12 1.280751e-11 _11953_
 2.930110e-13 2.679713e-12 9.810543e-12 1.278327e-11 _12019_
 4.178263e-13 2.537741e-12 9.810541e-12 1.276611e-11 _14582_
 3.598437e-13 2.502593e-12 9.898733e-12 1.276117e-11 _12078_
 3.562869e-13 2.477948e-12 9.898732e-12 1.273297e-11 _12095_
 4.302033e-13 2.487636e-12 9.810541e-12 1.272838e-11 _12145_
 8.955140e-13 1.915165e-12 9.898738e-12 1.270942e-11 _23473_
 3.656533e-13 2.411286e-12 9.898731e-12 1.267567e-11 _12215_
 4.299802e-13 2.428803e-12 9.810542e-12 1.266933e-11 _12255_
 2.905884e-13 2.510259e-12 9.810543e-12 1.261139e-11 _12077_
 3.659309e-13 2.336385e-12 9.898733e-12 1.260105e-11 _12251_
 4.786259e-13 2.307633e-12 9.810547e-12 1.259681e-11 _13480_
 4.217197e-13 2.330709e-12 9.810541e-12 1.256297e-11 _20035_
 4.303107e-13 2.308464e-12 9.810541e-12 1.254932e-11 _11932_
 4.916445e-13 2.158489e-12 9.898732e-12 1.254887e-11 _12193_
 4.288806e-13 2.302111e-12 9.810542e-12 1.254153e-11 _12134_
 3.593924e-13 2.351989e-12 9.810548e-12 1.252193e-11 _16737_
 6.165917e-13 1.983512e-12 9.898732e-12 1.249884e-11 _12157_
 2.845342e-13 2.297530e-12 9.898738e-12 1.248080e-11 _22377_
 3.661092e-13 2.207486e-12 9.898731e-12 1.247233e-11 _11944_
 4.053136e-13 2.219543e-12 9.810543e-12 1.243540e-11 _21180_
 4.851003e-13 2.131652e-12 9.810547e-12 1.242730e-11 _12775_
 4.178630e-13 2.187514e-12 9.810543e-12 1.241592e-11 _11930_
 2.901520e-13 2.296938e-12 9.810541e-12 1.239763e-11 _12211_
 4.128906e-13 2.173629e-12 9.810541e-12 1.239706e-11 _20043_
 2.904360e-13 2.194483e-12 9.898737e-12 1.238366e-11 _21997_
 4.899054e-13 1.984831e-12 9.898731e-12 1.237347e-11 _12226_
 4.232853e-13 2.051289e-12 9.898737e-12 1.237331e-11 _14724_
 4.231857e-13 2.028761e-12 9.898738e-12 1.235068e-11 _15495_
 3.496038e-13 2.179485e-12 9.810547e-12 1.233964e-11 _17588_
 5.893436e-13 1.840347e-12 9.898733e-12 1.232842e-11 _19134_
 4.167289e-13 1.987022e-12 9.898739e-12 1.230249e-11 _19261_
 2.884965e-13 2.203353e-12 9.810543e-12 1.230239e-11 _12017_
 5.290643e-13 1.931760e-12 9.810542e-12 1.227137e-11 _18947_
 2.885189e-13 2.130261e-12 9.810541e-12 1.222932e-11 _12175_
 4.861483e-13 1.828051e-12 9.898732e-12 1.221293e-11 _12069_
 4.183381e-13 1.887890e-12 9.898737e-12 1.220497e-11 _13563_
 2.259614e-13 2.079034e-12 9.898733e-12 1.220373e-11 _12239_
 5.365217e-13 1.740685e-12 9.898738e-12 1.217595e-11 _20054_
 4.128844e-13 1.944517e-12 9.810542e-12 1.216794e-11 _11978_
 3.639311e-13 1.892572e-12 9.898731e-12 1.215523e-11 _12131_
 2.259002e-13 2.013724e-12 9.898733e-12 1.213836e-11 _12073_
 3.528266e-13 1.973941e-12 9.810548e-12 1.213732e-11 _14732_
 4.117796e-13 1.894974e-12 9.810542e-12 1.211730e-11 _13257_
 3.579499e-13 1.946728e-12 9.810548e-12 1.211523e-11 _18180_
 4.273060e-13 1.856650e-12 9.810541e-12 1.209450e-11 _12081_
 3.644117e-13 1.810868e-12 9.898731e-12 1.207401e-11 _12258_
 4.178997e-13 1.842078e-12 9.810542e-12 1.207052e-11 _14509_
 4.271195e-13 1.810496e-12 9.810542e-12 1.204816e-11 _12047_
 2.267500e-13 1.904356e-12 9.898731e-12 1.202984e-11 _12222_
 3.605051e-13 1.759238e-12 9.898732e-12 1.201847e-11 _12094_
 2.979481e-13 1.792883e-12 9.898738e-12 1.198957e-11 _14289_
 4.252497e-13 1.726438e-12 9.810543e-12 1.196223e-11 _12112_
 4.259539e-13 1.712604e-12 9.810542e-12 1.194910e-11 _12044_
 2.253309e-13 1.804961e-12 9.898734e-12 1.192903e-11 _12153_
 4.239707e-13 1.691741e-12 9.810543e-12 1.192626e-11 _12187_
 3.603620e-13 1.665134e-12 9.898731e-12 1.192423e-11 _12036_
 2.901210e-13 1.704151e-12 9.898737e-12 1.189301e-11 _20672_
 3.518299e-13 1.626598e-12 9.898732e-12 1.187716e-11 _12201_
 4.705371e-13 1.498173e-12 9.898732e-12 1.186744e-11 _12056_
 3.513476e-13 1.616008e-12 9.898731e-12 1.186609e-11 _14686_
 3.490446e-13 1.692763e-12 9.810547e-12 1.185235e-11 _12710_
 2.342460e-13 1.696259e-12 9.898731e-12 1.182924e-11 _12202_
 3.529314e-13 1.563740e-12 9.898732e-12 1.181540e-11 _14067_
 4.079065e-13 1.594773e-12 9.810541e-12 1.181322e-11 _17372_
 3.528322e-13 1.548208e-12 9.898731e-12 1.179977e-11 _14142_
 2.901638e-13 1.596614e-12 9.898738e-12 1.178552e-11 _17553_
 2.328551e-13 1.653066e-12 9.898731e-12 1.178465e-11 _12144_
 3.490657e-13 1.535538e-12 9.898733e-12 1.178334e-11 _12121_
 4.122980e-13 1.457871e-12 9.898737e-12 1.176891e-11 _13558_
 2.821557e-13 1.560632e-12 9.898736e-12 1.174152e-11 _22264_
 2.807118e-13 1.554828e-12 9.898739e-12 1.173428e-11 _21043_
 3.536607e-13 1.480920e-12 9.898731e-12 1.173331e-11 _12848_
 3.532320e-13 1.567013e-12 9.810548e-12 1.173079e-11 _18959_
 4.058280e-13 1.507757e-12 9.810541e-12 1.172413e-11 _20362_
 2.338943e-13 1.586931e-12 9.898734e-12 1.171956e-11 _12133_
 2.942036e-13 1.501178e-12 9.898738e-12 1.169412e-11 _20214_
 2.937728e-13 1.477874e-12 9.898739e-12 1.167039e-11 _15488_
 3.504328e-13 1.506416e-12 9.810548e-12 1.166740e-11 _19112_
 5.241768e-13 1.328365e-12 9.810541e-12 1.166308e-11 _17969_
 3.539814e-13 1.493803e-12 9.810548e-12 1.165833e-11 _14293_
 4.127336e-13 1.342851e-12 9.898738e-12 1.165432e-11 _18952_
 2.961602e-13 1.534761e-12 9.810543e-12 1.164146e-11 _11922_
 2.971742e-13 1.533543e-12 9.810541e-12 1.164126e-11 _12205_
 2.849516e-13 1.543964e-12 9.810541e-12 1.163946e-11 _17690_
 2.326408e-13 1.487830e-12 9.898733e-12 1.161920e-11 _12242_
 2.922138e-13 1.424278e-12 9.898738e-12 1.161523e-11 _18643_
 2.873921e-13 1.513580e-12 9.810541e-12 1.161151e-11 _11988_
 4.076092e-13 1.301672e-12 9.898738e-12 1.160802e-11 _19889_
 2.893314e-13 1.505861e-12 9.810543e-12 1.160574e-11 _12045_
 2.924837e-13 1.405800e-12 9.898738e-12 1.159702e-11 _19415_
 3.571539e-13 1.428693e-12 9.810548e-12 1.159639e-11 _15965_
 2.323270e-13 1.462548e-12 9.898733e-12 1.159361e-11 _12257_
 3.477037e-13 1.419531e-12 9.810548e-12 1.157778e-11 _16440_
 4.039267e-13 1.274790e-12 9.898738e-12 1.157745e-11 _17891_
 4.107139e-13 1.349351e-12 9.810543e-12 1.157061e-11 _12636_
 3.522550e-13 1.400673e-12 9.810547e-12 1.156348e-11 _14654_
 2.328851e-13 1.431183e-12 9.898731e-12 1.156280e-11 _12247_
 2.869760e-13 1.372726e-12 9.898738e-12 1.155844e-11 _20207_
 2.303109e-13 1.426608e-12 9.898733e-12 1.155565e-11 _12074_
 4.048579e-13 1.246259e-12 9.898738e-12 1.154985e-11 _19419_
 2.227254e-13 1.427566e-12 9.898730e-12 1.154902e-11 _19566_
 5.434036e-13 1.190816e-12 9.810542e-12 1.154476e-11 _12168_
 2.955216e-13 1.431115e-12 9.810541e-12 1.153718e-11 _12123_
 2.949440e-13 1.431443e-12 9.810543e-12 1.153693e-11 _12026_
 2.854957e-13 1.344805e-12 9.898739e-12 1.152904e-11 _16295_
 2.910955e-13 1.418686e-12 9.810543e-12 1.152032e-11 _12016_
 2.919777e-13 1.319757e-12 9.898739e-12 1.151047e-11 _18337_
 2.884830e-13 1.321345e-12 9.898738e-12 1.150857e-11 _17056_
 2.928935e-13 1.315962e-12 9.898738e-12 1.150759e-11 _18495_
 2.868672e-13 1.312160e-12 9.898739e-12 1.149777e-11 _13485_
 2.893069e-13 1.308636e-12 9.898736e-12 1.149668e-11 _13338_
 3.480749e-13 1.239480e-12 9.898731e-12 1.148629e-11 _12229_
 2.919687e-13 1.291231e-12 9.898738e-12 1.148194e-11 _18488_
 2.216734e-13 1.447551e-12 9.810547e-12 1.147977e-11 _21387_
 3.478717e-13 1.233140e-12 9.898732e-12 1.147974e-11 _12267_
 3.501594e-13 1.310713e-12 9.810548e-12 1.147142e-11 _18022_
 2.897615e-13 1.278331e-12 9.898739e-12 1.146683e-11 _18650_
 4.021671e-13 1.159196e-12 9.898738e-12 1.146010e-11 _13780_
 4.065598e-13 1.239812e-12 9.810541e-12 1.145691e-11 _18910_
 5.848049e-13 1.055620e-12 9.810548e-12 1.145097e-11 _16316_
 2.912158e-13 1.345354e-12 9.810543e-12 1.144711e-11 _14941_
 2.968943e-13 1.335974e-12 9.810542e-12 1.144341e-11 _11942_
 4.076765e-13 1.222585e-12 9.810542e-12 1.144080e-11 _12100_
 2.882975e-13 1.248635e-12 9.898739e-12 1.143567e-11 _18173_
 2.871644e-13 1.336354e-12 9.810541e-12 1.143406e-11 _12155_
 2.884003e-13 1.241524e-12 9.898739e-12 1.142866e-11 _17063_
 2.875394e-13 1.230141e-12 9.898737e-12 1.141642e-11 _14298_
 3.451569e-13 1.172495e-12 9.898731e-12 1.141638e-11 _11920_
 2.901759e-13 1.299256e-12 9.810541e-12 1.139997e-11 _13849_
 4.031659e-13 1.095293e-12 9.898738e-12 1.139720e-11 _15976_
 3.557959e-13 1.130402e-12 9.898731e-12 1.138493e-11 _12237_
 2.313201e-13 1.252012e-12 9.898731e-12 1.138206e-11 _12089_
 4.054206e-13 1.071048e-12 9.898739e-12 1.137521e-11 _15658_
 4.073863e-13 1.068822e-12 9.898739e-12 1.137495e-11 _19885_
 2.895689e-13 1.186285e-12 9.898738e-12 1.137459e-11 _14806_
 2.313935e-13 1.238645e-12 9.898733e-12 1.136877e-11 _12071_
 4.659596e-13 1.087283e-12 9.810548e-12 1.136379e-11 _17392_
 2.875595e-13 1.261407e-12 9.810542e-12 1.135951e-11 _13409_
 2.893422e-13 1.161081e-12 9.898738e-12 1.134916e-11 _14215_
 4.018684e-13 1.134201e-12 9.810542e-12 1.134661e-11 _20850_
 2.888813e-13 1.242436e-12 9.810541e-12 1.134186e-11 _12955_
 2.879426e-13 1.220762e-12 9.810543e-12 1.131925e-11 _12314_
 2.858718e-13 1.124479e-12 9.898738e-12 1.130909e-11 _14727_
 2.258949e-13 1.178005e-12 9.898732e-12 1.130263e-11 _11961_
 2.874750e-13 1.112870e-12 9.898738e-12 1.129908e-11 _14801_
 4.797246e-13 9.201116e-13 9.898731e-12 1.129857e-11 _12135_
 3.498000e-13 1.132809e-12 9.810548e-12 1.129316e-11 _12705_
 4.080652e-13 9.850911e-13 9.898737e-12 1.129189e-11 _19580_
 5.352735e-13 9.376366e-13 9.810542e-12 1.128345e-11 _19874_
 4.013471e-13 1.070208e-12 9.810542e-12 1.128210e-11 _17210_
 2.267087e-13 1.156491e-12 9.898733e-12 1.128193e-11 _14439_
 2.864731e-13 1.079427e-12 9.898739e-12 1.126464e-11 _17699_
 2.934848e-13 1.159126e-12 9.810541e-12 1.126315e-11 _12024_
 2.807350e-13 1.167027e-12 9.810541e-12 1.125830e-11 _16472_
 2.240983e-13 1.120055e-12 9.898730e-12 1.124288e-11 _11999_
 2.827962e-13 1.141636e-12 9.810543e-12 1.123498e-11 _12176_
 2.236942e-13 1.110635e-12 9.898734e-12 1.123306e-11 _12224_
 2.799605e-13 1.040781e-12 9.898739e-12 1.121948e-11 _17710_
 2.896095e-13 1.030756e-12 9.898739e-12 1.121910e-11 _18799_
 2.222775e-13 1.076572e-12 9.898732e-12 1.119758e-11 _12313_
 2.287629e-13 1.062308e-12 9.898730e-12 1.118980e-11 _11977_
 1.610225e-13 1.214974e-12 9.810541e-12 1.118654e-11 _12189_
 2.878094e-13 9.936652e-13 9.898739e-12 1.118021e-11 _15812_
 1.603566e-13 1.206935e-12 9.810540e-12 1.117783e-11 _12043_
 2.300150e-13 1.042049e-12 9.898731e-12 1.117080e-11 _11980_
 1.608681e-13 1.195230e-12 9.810541e-12 1.116664e-11 _12266_
 2.841268e-13 1.070574e-12 9.810543e-12 1.116524e-11 _12188_
 2.293452e-13 1.032470e-12 9.898730e-12 1.116055e-11 _12001_
 2.888941e-13 9.670143e-13 9.898738e-12 1.115465e-11 _20374_
 2.212368e-13 1.113036e-12 9.810548e-12 1.114482e-11 _17245_
 4.026723e-13 8.265130e-13 9.898739e-12 1.112792e-11 _20058_
 5.203066e-13 7.070227e-13 9.898738e-12 1.112607e-11 _19148_
 3.701565e-13 8.557043e-13 9.898738e-12 1.112460e-11 _21071_
 3.548882e-13 8.678573e-13 9.898731e-12 1.112148e-11 _12214_
 4.753962e-13 7.452113e-13 9.898732e-12 1.111934e-11 _12146_
 3.691786e-13 8.412615e-13 9.898738e-12 1.110918e-11 _22462_
 2.918593e-13 1.001479e-12 9.810542e-12 1.110388e-11 _12178_
 1.610002e-13 1.130604e-12 9.810541e-12 1.110215e-11 _11934_
 2.880551e-13 9.033544e-13 9.898739e-12 1.109015e-11 _21936_
 2.830871e-13 8.897192e-13 9.898739e-12 1.107155e-11 _19733_
 2.867733e-13 8.685432e-13 9.898739e-12 1.105406e-11 _19878_
 2.262830e-13 1.015282e-12 9.810547e-12 1.105211e-11 _13333_
 2.796778e-13 8.732665e-13 9.898737e-12 1.105168e-11 _12806_
 2.783863e-13 8.690654e-13 9.898738e-12 1.104619e-11 _21339_
 2.839232e-13 9.513279e-13 9.810543e-12 1.104579e-11 _12110_
 3.488867e-13 7.870634e-13 9.898731e-12 1.103468e-11 _19880_
 4.620070e-13 7.614505e-13 9.810548e-12 1.103401e-11 _13045_
 4.053494e-13 7.298649e-13 9.898738e-12 1.103395e-11 _16133_
 2.908843e-13 8.402475e-13 9.898738e-12 1.102987e-11 _21315_
 1.569488e-13 9.741493e-13 9.898739e-12 1.102984e-11 _21806_
 2.283279e-13 8.987321e-13 9.898731e-12 1.102579e-11 _12167_
 2.247894e-13 9.000965e-13 9.898733e-12 1.102362e-11 _13996_
 1.666271e-13 1.045739e-12 9.810540e-12 1.102291e-11 _12295_
 2.816655e-13 9.258046e-13 9.810541e-12 1.101801e-11 _12006_
 2.226329e-13 8.959886e-13 9.898733e-12 1.101735e-11 _12072_
 2.862733e-13 8.158932e-13 9.898738e-12 1.100091e-11 _16588_
 3.529099e-13 7.411663e-13 9.898734e-12 1.099281e-11 _11906_
 2.920197e-13 8.885143e-13 9.810541e-12 1.099108e-11 _12191_
 3.528490e-13 7.392783e-13 9.898732e-12 1.099086e-11 _11907_
 2.211901e-13 8.694898e-13 9.898733e-12 1.098941e-11 _11966_
 3.689956e-13 7.173923e-13 9.898738e-12 1.098513e-11 _20872_
 1.604286e-13 9.224794e-13 9.898736e-12 1.098164e-11 _22446_
 2.221977e-13 8.525593e-13 9.898731e-12 1.097349e-11 _13922_
 2.290600e-13 8.431046e-13 9.898731e-12 1.097090e-11 _12060_
 4.174326e-13 7.385987e-13 9.810541e-12 1.096657e-11 _20246_
 4.873687e-13 5.669553e-13 9.898738e-12 1.095306e-11 _22646_
 1.604200e-13 8.936662e-13 9.898739e-12 1.095283e-11 _16730_
 2.282897e-13 8.250048e-13 9.898732e-12 1.095203e-11 _12203_
 1.659323e-13 9.696864e-13 9.810541e-12 1.094616e-11 _11938_
 2.232770e-13 9.111262e-13 9.810547e-12 1.094495e-11 _19128_
 3.505340e-13 6.952804e-13 9.898733e-12 1.094455e-11 _11905_
 3.519068e-13 6.929253e-13 9.898734e-12 1.094357e-11 _11912_
 2.822007e-13 7.603019e-13 9.898739e-12 1.094124e-11 _17388_
 3.988381e-13 7.309705e-13 9.810542e-12 1.094035e-11 _15478_
 3.523644e-13 6.886620e-13 9.898733e-12 1.093976e-11 _12192_
 2.790383e-13 8.402804e-13 9.810541e-12 1.092986e-11 _20952_
 2.276630e-13 7.989863e-13 9.898733e-12 1.092538e-11 _12076_
 2.783576e-13 8.250006e-13 9.810541e-12 1.091390e-11 _14394_
 2.282451e-13 7.854553e-13 9.898733e-12 1.091243e-11 _12127_
 1.641042e-13 8.491092e-13 9.898738e-12 1.091195e-11 _12843_
 3.551310e-13 6.563388e-13 9.898732e-12 1.091020e-11 _19912_
 3.507217e-13 6.394005e-13 9.898734e-12 1.088886e-11 _11969_
 9.719604e-14 8.835718e-13 9.898731e-12 1.087950e-11 _12263_
 1.619823e-13 8.105409e-13 9.898738e-12 1.087126e-11 _17546_
 9.803496e-14 8.613138e-13 9.898729e-12 1.085808e-11 _12277_
 3.988260e-13 5.591640e-13 9.898738e-12 1.085673e-11 _21255_
 4.120440e-13 6.317477e-13 9.810541e-12 1.085433e-11 _12259_
 2.778789e-13 7.633218e-13 9.810542e-12 1.085174e-11 _12317_
 1.011887e-13 8.479154e-13 9.898733e-12 1.084784e-11 _11973_
 3.474890e-13 6.012217e-13 9.898733e-12 1.084744e-11 _12002_
 9.644636e-14 8.460709e-13 9.898733e-12 1.084125e-11 _12116_
 4.110236e-13 6.193930e-13 9.810541e-12 1.084096e-11 _20405_
 1.000340e-13 8.413421e-13 9.898733e-12 1.084011e-11 _11927_
 3.366768e-13 6.046101e-13 9.898731e-12 1.084002e-11 _16154_
 1.003823e-13 8.366219e-13 9.898734e-12 1.083574e-11 _12150_
 9.722767e-14 8.349627e-13 9.898729e-12 1.083092e-11 _12272_
 3.677562e-13 5.560585e-13 9.898737e-12 1.082255e-11 _22032_
 2.777328e-13 7.278692e-13 9.810541e-12 1.081614e-11 _13071_
 3.673071e-13 5.473114e-13 9.898737e-12 1.081336e-11 _23078_
 3.662970e-13 5.483142e-13 9.898738e-12 1.081335e-11 _22597_
 2.201648e-13 6.845624e-13 9.898731e-12 1.080346e-11 _12061_
 2.271451e-13 6.770640e-13 9.898732e-12 1.080294e-11 _12154_
 2.771416e-13 6.249293e-13 9.898739e-12 1.080081e-11 _14220_
 3.457298e-13 6.445109e-13 9.810548e-12 1.080079e-11 _20369_
 9.692997e-14 8.034429e-13 9.898733e-12 1.079911e-11 _11974_
 2.201948e-13 6.699466e-13 9.898733e-12 1.078887e-11 _13705_
 2.261388e-13 6.600034e-13 9.898733e-12 1.078487e-11 _12241_
 1.000356e-13 7.815504e-13 9.898734e-12 1.078032e-11 _12053_
 2.780127e-13 6.012746e-13 9.898739e-12 1.077803e-11 _19771_
 9.658034e-14 7.801073e-13 9.898731e-12 1.077542e-11 _11916_
 1.643329e-13 7.999223e-13 9.810541e-12 1.077480e-11 _11956_
 2.791704e-13 5.947848e-13 9.898739e-12 1.077269e-11 _18026_
 3.373758e-13 6.220090e-13 9.810548e-12 1.076993e-11 _14367_
 9.946958e-14 7.690848e-13 9.898731e-12 1.076729e-11 _11917_
 2.223470e-13 7.302361e-13 9.810548e-12 1.076313e-11 _14362_
 9.978287e-14 7.614483e-13 9.898733e-12 1.075996e-11 _12117_
 2.785640e-13 5.816214e-13 9.898737e-12 1.075892e-11 _21447_
 9.981959e-14 7.575429e-13 9.898734e-12 1.075610e-11 _12151_
 2.771200e-13 5.759610e-13 9.898738e-12 1.075182e-11 _23069_
 3.659180e-13 4.863071e-13 9.898739e-12 1.075096e-11 _22472_
 2.896770e-13 6.477781e-13 9.810542e-12 1.074800e-11 _11957_
 3.659429e-13 4.785067e-13 9.898737e-12 1.074319e-11 _23584_
 3.373016e-13 5.928137e-13 9.810548e-12 1.074066e-11 _14659_
 9.671878e-14 7.393724e-13 9.898729e-12 1.073482e-11 _12273_
 3.658695e-13 4.647336e-13 9.898738e-12 1.072934e-11 _22763_
 9.629117e-14 7.330122e-13 9.898734e-12 1.072804e-11 _12086_
 1.644148e-13 7.524604e-13 9.810540e-12 1.072742e-11 _19609_
 1.585309e-13 7.471560e-13 9.810541e-12 1.071623e-11 _11935_
 1.602190e-13 6.390869e-13 9.898739e-12 1.069804e-11 _19408_
 2.772102e-13 6.093810e-13 9.810543e-12 1.069713e-11 _12034_
 2.775095e-13 5.191678e-13 9.898739e-12 1.069542e-11 _18963_
 2.880869e-13 5.958408e-13 9.810541e-12 1.069447e-11 _11910_
 9.606413e-14 6.975913e-13 9.898733e-12 1.069239e-11 _11926_
 2.760565e-13 5.156296e-13 9.898738e-12 1.069042e-11 _21266_
 3.648316e-13 4.261537e-13 9.898738e-12 1.068972e-11 _22773_
 9.918823e-14 6.899756e-13 9.898731e-12 1.068790e-11 _12261_
 2.770847e-13 5.073976e-13 9.898738e-12 1.068322e-11 _18499_
 1.624142e-13 6.190677e-13 9.898739e-12 1.068022e-11 _13917_
 9.636634e-14 6.820845e-13 9.898734e-12 1.067718e-11 _12196_
 9.590241e-14 6.818972e-13 9.898734e-12 1.067653e-11 _12085_
 4.262014e-13 4.384195e-13 9.810547e-12 1.067517e-11 _22900_
 1.605424e-13 6.112378e-13 9.898738e-12 1.067052e-11 _13040_
 1.587134e-13 6.123109e-13 9.898739e-12 1.066976e-11 _16446_
 1.628823e-13 6.959438e-13 9.810540e-12 1.066937e-11 _11998_
 1.590807e-13 6.111978e-13 9.898739e-12 1.066902e-11 _13555_
 1.000754e-13 6.656893e-13 9.898734e-12 1.066450e-11 _12052_
 3.365825e-13 5.097247e-13 9.810547e-12 1.065685e-11 _22614_
 9.804971e-14 6.575669e-13 9.898731e-12 1.065435e-11 _12235_
 2.778789e-13 5.608815e-13 9.810541e-12 1.064930e-11 _22803_
 2.192830e-13 6.169321e-13 9.810549e-12 1.064676e-11 _18845_
 2.771309e-13 5.550222e-13 9.810543e-12 1.064270e-11 _12212_
 4.270568e-13 4.028381e-13 9.810547e-12 1.064044e-11 _23676_
 2.755059e-13 4.587231e-13 9.898738e-12 1.063297e-11 _21441_
 3.080869e-13 5.117608e-13 9.810549e-12 1.063040e-11 _22326_
 1.591167e-13 5.658530e-13 9.898739e-12 1.062371e-11 _17706_
 1.597035e-13 5.609355e-13 9.898739e-12 1.061938e-11 _13775_
 1.630482e-13 6.439304e-13 9.810541e-12 1.061752e-11 _11936_
 2.849207e-13 5.217014e-13 9.810541e-12 1.061716e-11 _11908_
 3.642493e-13 3.524829e-13 9.898738e-12 1.061547e-11 _23067_
 4.243583e-13 3.791911e-13 9.810547e-12 1.061410e-11 _23017_
 3.639504e-13 3.489589e-13 9.898738e-12 1.061165e-11 _23551_
 3.057969e-13 4.943276e-13 9.810549e-12 1.061067e-11 _23412_
 1.581238e-13 6.415559e-13 9.810542e-12 1.061022e-11 _12011_
 2.761642e-13 4.320467e-13 9.898739e-12 1.060695e-11 _15499_
 2.755452e-13 4.313063e-13 9.898738e-12 1.060559e-11 _22244_
 2.455226e-13 4.593652e-13 9.898737e-12 1.060362e-11 _22978_
 1.581807e-13 5.449736e-13 9.898739e-12 1.060189e-11 _19577_
 2.779505e-13 5.087480e-13 9.810541e-12 1.059724e-11 _12245_
 2.463719e-13 4.404656e-13 9.898739e-12 1.058558e-11 _23710_
 2.799426e-13 4.054085e-13 9.898738e-12 1.058409e-11 _21803_
 2.855574e-13 4.879416e-13 9.810543e-12 1.058404e-11 _11943_
 2.811685e-13 4.887544e-13 9.810543e-12 1.058047e-11 _21004_
 2.237874e-13 4.525044e-13 9.898734e-12 1.057503e-11 _11909_
 3.067381e-13 4.410438e-13 9.810547e-12 1.055833e-11 _21917_
 2.853001e-13 4.589406e-13 9.810541e-12 1.055478e-11 _12023_
 1.577879e-13 5.837347e-13 9.810541e-12 1.055206e-11 _12067_
 3.065058e-13 4.341965e-13 9.810547e-12 1.055125e-11 _22522_
 1.589695e-13 4.910198e-13 9.898738e-12 1.054873e-11 _20047_
 9.929321e-14 5.479954e-13 9.898731e-12 1.054602e-11 _12264_
 2.204821e-13 5.054972e-13 9.810547e-12 1.053653e-11 _18527_
 2.756236e-13 4.489381e-13 9.810541e-12 1.053510e-11 _18478_
 2.146273e-13 4.213147e-13 9.898733e-12 1.053467e-11 _12126_
 9.963957e-14 5.321254e-13 9.898734e-12 1.053050e-11 _12195_
 3.054855e-13 4.113024e-13 9.810547e-12 1.052734e-11 _22135_
 2.445963e-13 3.823618e-13 9.898738e-12 1.052570e-11 _23651_
 1.551260e-13 4.666908e-13 9.898739e-12 1.052056e-11 _21119_
 2.811734e-13 4.280779e-13 9.810540e-12 1.051979e-11 _15814_
 9.475593e-14 5.230807e-13 9.898729e-12 1.051657e-11 _12280_
 2.449435e-13 3.719426e-13 9.898739e-12 1.051562e-11 _22550_
 9.443847e-14 5.174487e-13 9.898733e-12 1.051062e-11 _12114_
 9.874780e-14 5.117881e-13 9.898734e-12 1.050927e-11 _12104_
 3.048025e-13 3.926255e-13 9.810549e-12 1.050798e-11 _23561_
 2.850416e-13 4.068077e-13 9.810541e-12 1.050239e-11 _11904_
 9.946343e-14 5.039289e-13 9.898733e-12 1.050213e-11 _11971_
 2.836819e-13 3.993597e-13 9.810542e-12 1.049358e-11 _11911_
 1.565393e-13 4.365492e-13 9.898738e-12 1.049183e-11 _16594_
 1.597477e-13 4.320869e-13 9.898739e-12 1.049057e-11 _20366_
 1.614845e-13 4.277034e-13 9.898739e-12 1.048793e-11 _21417_
 9.887576e-14 4.874764e-13 9.898731e-12 1.048508e-11 _11914_
 9.927572e-14 4.869456e-13 9.898734e-12 1.048495e-11 _12148_
 2.437897e-13 3.395472e-13 9.898739e-12 1.048208e-11 _22577_
 2.840883e-13 3.832911e-13 9.810541e-12 1.047792e-11 _12190_
 2.830108e-13 3.821549e-13 9.810542e-12 1.047571e-11 _12025_
 3.053406e-13 3.498646e-13 9.810549e-12 1.046575e-11 _23403_
 9.652853e-14 4.681423e-13 9.898731e-12 1.046340e-11 _14870_
 9.885632e-14 4.656170e-13 9.898733e-12 1.046321e-11 _11924_
 2.442199e-13 3.144429e-13 9.898738e-12 1.045740e-11 _21815_
 9.903763e-14 4.576260e-13 9.898734e-12 1.045540e-11 _12049_
 3.047300e-13 3.381419e-13 9.810547e-12 1.045342e-11 _22736_
 2.441715e-13 3.085434e-13 9.898739e-12 1.045145e-11 _23518_
 2.443745e-13 3.080216e-13 9.898737e-12 1.045113e-11 _23199_
 3.044412e-13 3.332668e-13 9.810547e-12 1.044826e-11 _23148_
 3.050337e-13 3.318962e-13 9.810547e-12 1.044748e-11 _22183_
 1.571076e-13 3.888591e-13 9.898739e-12 1.044471e-11 _16130_
 2.436841e-13 3.016114e-13 9.898739e-12 1.044403e-11 _23569_
 2.161029e-13 4.147705e-13 9.810547e-12 1.044142e-11 _12804_
 2.166664e-13 4.137191e-13 9.810547e-12 1.044093e-11 _19749_
 9.637312e-14 5.295244e-13 9.810548e-12 1.043645e-11 _15527_
 2.440452e-13 2.909039e-13 9.898739e-12 1.043369e-11 _22558_
 3.044818e-13 3.186079e-13 9.810547e-12 1.043364e-11 _21951_
 2.448594e-13 2.891016e-13 9.898739e-12 1.043270e-11 _21151_
 3.046133e-13 3.107754e-13 9.810547e-12 1.042594e-11 _23362_
 2.431754e-13 2.839077e-13 9.898738e-12 1.042582e-11 _23025_
 2.440238e-13 2.772874e-13 9.898738e-12 1.042005e-11 _23666_
 2.432012e-13 2.772053e-13 9.898738e-12 1.041914e-11 _22800_
 2.433132e-13 2.742141e-13 9.898738e-12 1.041627e-11 _22194_
 2.438235e-13 2.611081e-13 9.898739e-12 1.040367e-11 _22754_
 2.440576e-13 2.537233e-13 9.898737e-12 1.039652e-11 _21376_
 9.604855e-14 4.893481e-13 9.810550e-12 1.039595e-11 _15372_
 3.043730e-13 2.804543e-13 9.810547e-12 1.039537e-11 _23600_
 2.429010e-13 2.537144e-13 9.898737e-12 1.039535e-11 _23238_
 9.798202e-14 3.982616e-13 9.898734e-12 1.039498e-11 _12139_
 3.045576e-13 2.747563e-13 9.810547e-12 1.038986e-11 _21456_
 1.549861e-13 3.309476e-13 9.898739e-12 1.038467e-11 _20037_
 3.036588e-13 2.683224e-13 9.810547e-12 1.038253e-11 _23592_
 2.439490e-13 2.387892e-13 9.898738e-12 1.038148e-11 _23175_
 9.751940e-14 3.834335e-13 9.898733e-12 1.037969e-11 _12120_
 2.443583e-13 2.337044e-13 9.898738e-12 1.037680e-11 _21698_
 2.443083e-13 2.336795e-13 9.898737e-12 1.037672e-11 _23182_
 2.436537e-13 2.321976e-13 9.898737e-12 1.037459e-11 _22490_
 2.435995e-13 2.285926e-13 9.898737e-12 1.037093e-11 _21228_
 9.424164e-14 3.775283e-13 9.898734e-12 1.037050e-11 _11993_
 2.424914e-13 2.286378e-13 9.898738e-12 1.036987e-11 _23001_
 2.432818e-13 2.258961e-13 9.898737e-12 1.036791e-11 _22912_
 2.434293e-13 2.247359e-13 9.898739e-12 1.036690e-11 _22158_
 2.424281e-13 2.235099e-13 9.898739e-12 1.036468e-11 _22716_
 2.429579e-13 2.219695e-13 9.898738e-12 1.036367e-11 _23049_
 1.593499e-13 3.904608e-13 9.810540e-12 1.036035e-11 _15808_
 2.431056e-13 2.156066e-13 9.898739e-12 1.035745e-11 _21637_
 9.500760e-14 3.586050e-13 9.898733e-12 1.035235e-11 _12115_
 2.431845e-13 2.072444e-13 9.898739e-12 1.034917e-11 _21964_
 2.432788e-13 2.064868e-13 9.898738e-12 1.034850e-11 _21562_
 9.712789e-14 3.494715e-13 9.898734e-12 1.034533e-11 _12050_
 9.476044e-14 3.482943e-13 9.898733e-12 1.034179e-11 _11972_
 1.535889e-13 2.868573e-13 9.898738e-12 1.033918e-11 _21727_
 9.382221e-14 3.399618e-13 9.898734e-12 1.033252e-11 _12138_
 1.536832e-13 2.736386e-13 9.898739e-12 1.032606e-11 _21328_
 9.461702e-14 3.307361e-13 9.898733e-12 1.032409e-11 _11925_
 9.397737e-14 3.245265e-13 9.898731e-12 1.031723e-11 _11915_
 1.844073e-13 3.219440e-13 9.810546e-12 1.031690e-11 _22276_
 9.398840e-14 3.020695e-13 9.898734e-12 1.029479e-11 _12149_
 3.358586e-14 4.468463e-13 9.810540e-12 1.029097e-11 _12289_
 1.841622e-13 2.940750e-13 9.810548e-12 1.028879e-11 _22617_
 1.229675e-13 2.646075e-13 9.898737e-12 1.028631e-11 _21287_
 3.420377e-14 4.405955e-13 9.810540e-12 1.028534e-11 _12291_
 9.703240e-14 2.886165e-13 9.898734e-12 1.028438e-11 _12080_
 9.373561e-14 2.822561e-13 9.898734e-12 1.027473e-11 _12105_
 1.546977e-13 2.126958e-13 9.898739e-12 1.026613e-11 _15819_
 9.279718e-14 2.712988e-13 9.898731e-12 1.026283e-11 _12312_
 1.231421e-13 2.346115e-13 9.898739e-12 1.025649e-11 _23157_
 9.273883e-14 2.574939e-13 9.898731e-12 1.024896e-11 _12262_
 1.838695e-13 2.465063e-13 9.810549e-12 1.024093e-11 _22353_
 1.226186e-13 2.110199e-13 9.898737e-12 1.023238e-11 _20909_
 1.830878e-13 2.343120e-13 9.810549e-12 1.022795e-11 _21625_
 1.842474e-13 2.301795e-13 9.810548e-12 1.022498e-11 _22990_
 1.226527e-13 2.030213e-13 9.898740e-12 1.022441e-11 _22873_
 1.223497e-13 2.021992e-13 9.898738e-12 1.022329e-11 _22481_
 3.235004e-14 2.883279e-13 9.898739e-12 1.021942e-11 _15174_
 1.835899e-13 2.252748e-13 9.810548e-12 1.021941e-11 _22823_
 1.601131e-13 2.387896e-13 9.810541e-12 1.020944e-11 _21849_
 1.221755e-13 1.818712e-13 9.898739e-12 1.020279e-11 _23432_
 1.225327e-13 1.803999e-13 9.898738e-12 1.020167e-11 _22506_
 1.225201e-13 1.751138e-13 9.898739e-12 1.019637e-11 _22431_
 3.385065e-14 3.515535e-13 9.810540e-12 1.019594e-11 _12031_
 3.309293e-14 3.424605e-13 9.810540e-12 1.018609e-11 _12301_
 1.525374e-13 2.189723e-13 9.810543e-12 1.018205e-11 _14525_
 1.836530e-13 1.859071e-13 9.810547e-12 1.018011e-11 _23208_
 1.221009e-13 1.576713e-13 9.898739e-12 1.017851e-11 _23799_
 3.392358e-14 3.334319e-13 9.810540e-12 1.017790e-11 _12304_
 9.231845e-14 1.804899e-13 9.898734e-12 1.017154e-11 _12084_
 1.822667e-13 1.763253e-13 9.810549e-12 1.016914e-11 _23424_
 1.216817e-13 1.421345e-13 9.898740e-12 1.016256e-11 _22412_
 1.216214e-13 1.411702e-13 9.898740e-12 1.016153e-11 _21337_
 1.217614e-13 1.401559e-13 9.898739e-12 1.016066e-11 _21248_
 1.829479e-13 1.665016e-13 9.810547e-12 1.016000e-11 _23464_
 1.215056e-13 1.367761e-13 9.898739e-12 1.015702e-11 _23370_
 1.221034e-13 1.350220e-13 9.898740e-12 1.015586e-11 _22345_
 1.219436e-13 1.348357e-13 9.898740e-12 1.015552e-11 _23619_
 1.218502e-13 1.344340e-13 9.898739e-12 1.015502e-11 _22846_
 3.318724e-14 3.104874e-13 9.810540e-12 1.015422e-11 _12171_
 3.355887e-14 3.059977e-13 9.810540e-12 1.015010e-11 _12302_
 1.823477e-13 1.562501e-13 9.810547e-12 1.014915e-11 _22743_
 3.215050e-14 2.162643e-13 9.898739e-12 1.014715e-11 _14764_
 1.214653e-13 1.245794e-13 9.898738e-12 1.014478e-11 _23008_
 1.215002e-13 1.182937e-13 9.898739e-12 1.013853e-11 _23762_
 9.162522e-14 1.425636e-13 9.898734e-12 1.013292e-11 _12051_
 3.337173e-14 1.984964e-13 9.898739e-12 1.013061e-11 _14797_
 3.234463e-14 2.836700e-13 9.810540e-12 1.012655e-11 _14198_
 1.211890e-13 1.053262e-13 9.898737e-12 1.012525e-11 _23265_
 3.273262e-14 2.744685e-13 9.810540e-12 1.011774e-11 _12182_
 3.203650e-14 2.714637e-13 9.810540e-12 1.011404e-11 _12217_
 3.314853e-14 1.692191e-13 9.898739e-12 1.010111e-11 _13594_
 3.219771e-14 2.578137e-13 9.810540e-12 1.010055e-11 _11984_
 3.264776e-14 1.688585e-13 9.898739e-12 1.010025e-11 _13477_
 3.330417e-14 2.552401e-13 9.810540e-12 1.009908e-11 _12292_
 3.331927e-14 2.509506e-13 9.810540e-12 1.009481e-11 _11985_
 3.342693e-14 2.398059e-13 9.810540e-12 1.008377e-11 _12300_
 3.207456e-14 2.383816e-13 9.810540e-12 1.008100e-11 _12303_
 3.240396e-14 2.332966e-13 9.810540e-12 1.007624e-11 _12170_
 3.201973e-14 2.323271e-13 9.810540e-12 1.007489e-11 _12040_
 3.337842e-14 2.259402e-13 9.810540e-12 1.006986e-11 _12180_
 3.311182e-14 2.176666e-13 9.810540e-12 1.006132e-11 _12281_
 9.237789e-14 1.575433e-13 9.810547e-12 1.006047e-11 _22879_
 3.126487e-14 1.280836e-13 9.898739e-12 1.005809e-11 _13214_
 3.307221e-14 2.124284e-13 9.810540e-12 1.005604e-11 _12297_
 3.189136e-14 2.131010e-13 9.810540e-12 1.005553e-11 _12287_
 3.319826e-14 2.111457e-13 9.810540e-12 1.005488e-11 _12219_
 3.227272e-14 1.235899e-13 9.898739e-12 1.005460e-11 _13516_
 3.137326e-14 1.228528e-13 9.898739e-12 1.005297e-11 _14255_
 3.212131e-14 2.070872e-13 9.810540e-12 1.004975e-11 _14770_
 3.231815e-14 2.025748e-13 9.810540e-12 1.004543e-11 _12307_
 3.241240e-14 2.016597e-13 9.810540e-12 1.004461e-11 _16170_
 3.333697e-14 2.003494e-13 9.810540e-12 1.004423e-11 _12172_
 3.333174e-14 1.980725e-13 9.810540e-12 1.004194e-11 _12041_
 3.301738e-14 1.959272e-13 9.810540e-12 1.003948e-11 _12161_
 9.514502e-14 1.290580e-13 9.810546e-12 1.003475e-11 _13139_
 3.220449e-14 1.885887e-13 9.810540e-12 1.003133e-11 _11947_
 3.205739e-14 1.838816e-13 9.810540e-12 1.002648e-11 _12310_
 3.170956e-14 9.553677e-14 9.898739e-12 1.002599e-11 _14030_
 3.245887e-14 1.815389e-13 9.810540e-12 1.002454e-11 _14274_
 3.306717e-14 1.794894e-13 9.810540e-12 1.002310e-11 _12038_
 3.187422e-14 9.127241e-14 9.898739e-12 1.002189e-11 _14975_
 3.170889e-14 1.773796e-13 9.810540e-12 1.001963e-11 _12220_
 3.203507e-14 8.612489e-14 9.898739e-12 1.001690e-11 _14616_
 3.238855e-14 8.388902e-14 9.898739e-12 1.001502e-11 _13955_
 3.119212e-14 8.416516e-14 9.898739e-12 1.001410e-11 _17381_
 3.097179e-14 8.437149e-14 9.898739e-12 1.001408e-11 _15068_
 3.166073e-14 8.283505e-14 9.898739e-12 1.001324e-11 _13444_
 3.210379e-14 7.450547e-14 9.898739e-12 1.000535e-11 _14543_
 3.123539e-14 7.241328e-14 9.898739e-12 1.000239e-11 _13212_
 3.158701e-14 1.600523e-13 9.810540e-12 1.000218e-11 _12305_
 3.154012e-14 1.599535e-13 9.810540e-12 1.000203e-11 _13523_
 3.212752e-14 1.588097e-13 9.810540e-12 1.000148e-11 _12423_
 3.295734e-14 1.564266e-13 9.810540e-12 9.999924e-12 _12298_
 3.216209e-14 1.566587e-13 9.810540e-12 9.999362e-12 _13319_
 3.159798e-14 6.799253e-14 9.898739e-12 9.998329e-12 _14903_
 3.283855e-14 1.533162e-13 9.810540e-12 9.996695e-12 _11949_
 3.129627e-14 1.524762e-13 9.810540e-12 9.994313e-12 _12293_
 3.164448e-14 6.310817e-14 9.898739e-12 9.993491e-12 _14176_
 3.257321e-14 1.467272e-13 9.810540e-12 9.989841e-12 _12299_
 3.162231e-14 5.824296e-14 9.898739e-12 9.988605e-12 _12882_
 3.125246e-14 5.763233e-14 9.898739e-12 9.987624e-12 _12670_
 3.086144e-14 5.724864e-14 9.898739e-12 9.986849e-12 _14402_
 3.215600e-14 4.982883e-14 9.898739e-12 9.980724e-12 _21014_
 3.149330e-14 4.955373e-14 9.898739e-12 9.979786e-12 _13666_
 3.151121e-14 1.376975e-13 9.810540e-12 9.979749e-12 _12218_
 3.258957e-14 1.337909e-13 9.810540e-12 9.976921e-12 _11982_
 3.061900e-14 4.604128e-14 9.898739e-12 9.975399e-12 _13221_
 3.147108e-14 4.124203e-14 9.898739e-12 9.971452e-12 _13883_
 3.258739e-14 1.281772e-13 9.810540e-12 9.971305e-12 _12296_
 3.067056e-14 4.160794e-14 9.898739e-12 9.971017e-12 _12754_
 3.071316e-14 4.112932e-14 9.898739e-12 9.970582e-12 _15392_
 3.089404e-14 4.052902e-14 9.898739e-12 9.970162e-12 _14472_
 3.144490e-14 3.980351e-14 9.898739e-12 9.969988e-12 _14102_
 3.192052e-14 1.253235e-13 9.810540e-12 9.967784e-12 _12306_
 3.132965e-14 3.753736e-14 9.898739e-12 9.967606e-12 _13739_
 3.175461e-14 1.244922e-13 9.810540e-12 9.966787e-12 _12039_
 3.116164e-14 1.234351e-13 9.810540e-12 9.965137e-12 _11948_
 3.173286e-14 1.209292e-13 9.810540e-12 9.963202e-12 _13393_
 3.118588e-14 1.179199e-13 9.810540e-12 9.959646e-12 _13201_
 3.144823e-14 1.165126e-13 9.810540e-12 9.958501e-12 _14566_
 3.134681e-14 1.121394e-13 9.810540e-12 9.954026e-12 _12294_
 3.110070e-14 1.117540e-13 9.810540e-12 9.953395e-12 _13130_
 3.113658e-14 1.115050e-13 9.810540e-12 9.953182e-12 _13937_
 3.112003e-14 1.073690e-13 9.810540e-12 9.949029e-12 _14924_
 3.146696e-14 1.062260e-13 9.810540e-12 9.948233e-12 _14712_
 3.106963e-14 1.045880e-13 9.810540e-12 9.946198e-12 _13794_
 3.109002e-14 1.043641e-13 9.810540e-12 9.945995e-12 _13978_
 3.154770e-14 1.023971e-13 9.810540e-12 9.944485e-12 _14346_
 3.107552e-14 1.010597e-13 9.810540e-12 9.942676e-12 _13614_
 3.103879e-14 1.004524e-13 9.810540e-12 9.942032e-12 _13497_
 3.210345e-14 9.881469e-14 9.810540e-12 9.941458e-12 _17383_
 3.102348e-14 9.681649e-14 9.810540e-12 9.938380e-12 _14454_
 3.100420e-14 9.622969e-14 9.810540e-12 9.937775e-12 _12619_
 3.099770e-14 9.586947e-14 9.810540e-12 9.937408e-12 _13575_
 3.099414e-14 9.508378e-14 9.810540e-12 9.936618e-12 _12829_
 3.094401e-14 9.273456e-14 9.810540e-12 9.934219e-12 _14247_
 3.099112e-14 9.198575e-14 9.810540e-12 9.933518e-12 _13831_
 3.092309e-14 8.740656e-14 9.810540e-12 9.928870e-12 _14853_
 6.087414e-14 5.486562e-14 9.810546e-12 9.926285e-12 _12502_
 6.080632e-14 5.448483e-14 9.810546e-12 9.925837e-12 _22059_
 3.092589e-14 8.324434e-14 9.810540e-12 9.924710e-12 _13351_
 3.088092e-14 8.274935e-14 9.810540e-12 9.924171e-12 _13688_
 3.086702e-14 8.151270e-14 9.810540e-12 9.922920e-12 _12723_
 3.086797e-14 8.147924e-14 9.810540e-12 9.922888e-12 _13391_
 3.107676e-14 8.060117e-14 9.810540e-12 9.922218e-12 _14957_
 3.084815e-14 7.891196e-14 9.810540e-12 9.920301e-12 _14564_
 3.132173e-14 7.791904e-14 9.810540e-12 9.919781e-12 _14052_
 3.084102e-14 7.795439e-14 9.810540e-12 9.919336e-12 _14050_
 3.147470e-14 7.534885e-14 9.810540e-12 9.917364e-12 _12831_
 3.130736e-14 7.536067e-14 9.810540e-12 9.917209e-12 _12939_
 3.079025e-14 7.297968e-14 9.810540e-12 9.914311e-12 _14234_
 3.091135e-14 7.238077e-14 9.810540e-12 9.913833e-12 _14381_
 3.074906e-14 6.899619e-14 9.810540e-12 9.910285e-12 _15077_
 3.077307e-14 6.775444e-14 9.810540e-12 9.909067e-12 _14885_
 3.085731e-14 6.556103e-14 9.810540e-12 9.906959e-12 _14158_
 3.075974e-14 6.558902e-14 9.810540e-12 9.906890e-12 _12652_
 3.069650e-14 6.241286e-14 9.810540e-12 9.903650e-12 _12793_
 3.066663e-14 5.982865e-14 9.810540e-12 9.901036e-12 _13273_
 3.077267e-14 5.840487e-14 9.810540e-12 9.899718e-12 _11983_
 3.066227e-14 5.756688e-14 9.810540e-12 9.898769e-12 _14492_
 3.068173e-14 5.691028e-14 9.810540e-12 9.898133e-12 _13317_
 3.106825e-14 5.577363e-14 9.810540e-12 9.897382e-12 _15072_
 3.074848e-14 5.388001e-14 9.810540e-12 9.895169e-12 _14012_
 3.060325e-14 5.089333e-14 9.810540e-12 9.892037e-12 _13648_
 3.057869e-14 5.079804e-14 9.810540e-12 9.891917e-12 _14819_
 3.055909e-14 4.956523e-14 9.810540e-12 9.890665e-12 _12029_
 3.053253e-14 4.885444e-14 9.810540e-12 9.889927e-12 _13721_
 3.055847e-14 4.778106e-14 9.810540e-12 9.888880e-12 _13865_
 3.056058e-14 4.679477e-14 9.810540e-12 9.887896e-12 _14310_
 3.053761e-14 4.411709e-14 9.810540e-12 9.885195e-12 _13059_
 3.051485e-14 4.410778e-14 9.810540e-12 9.885163e-12 _13903_
 3.057582e-14 4.301724e-14 9.810540e-12 9.884133e-12 _14124_
 1.793364e-19 1.268643e-18 9.810541e-12 9.810543e-12 _12324_
