0 272 271 83
1 153 153 84
2 136 136 84
3 84 84 84
4 119 119 84
5 152 152 83
6 135 135 83
7 169 169 83
8 271 271 83
9 237 237 83
10 187 187 84
11 220 220 83
12 169 169 83
13 119 119 84
14 102 102 84
15 220 220 83
16 187 187 84
17 220 220 83
18 101 101 83
19 101 101 83
20 135 135 83
21 153 153 84
22 152 152 83
23 153 153 84
24 204 204 84
25 220 220 83
26 203 203 83
27 153 153 84
28 186 186 83
29 221 221 84
30 136 136 84
31 152 152 83
32 187 187 84
33 204 204 84
34 136 136 84
35 118 118 83
36 135 135 83
37 153 153 84
38 118 118 83
39 221 221 84
40 170 170 84
41 254 254 83
42 203 203 83
43 169 169 83
44 187 187 84
45 288 288 83
46 441 441 83
47 305 305 83
48 255 255 84
49 170 170 84
50 186 186 83
51 255 255 84
52 306 306 84
53 306 306 84
54 238 238 84
55 220 220 83
56 237 237 83
57 255 255 84
58 322 322 83
59 271 271 83
60 203 203 83
61 153 153 84
62 220 220 83
63 187 187 84
64 152 152 83
65 255 255 84
66 220 220 83
67 271 271 83
68 187 187 84
69 340 340 84
70 220 220 83
71 237 237 83
72 237 237 83
73 203 203 83
74 221 221 84
75 118 118 83
76 203 203 83
77 289 289 84
78 254 254 83
79 255 255 84
80 220 220 83
81 271 271 83
82 255 255 84
83 170 170 84
84 322 322 83
85 305 305 83
86 289 289 84
87 272 272 84
88 254 254 83
89 323 323 84
90 288 288 83
91 237 237 83
92 153 153 84
93 272 272 84
94 136 136 84
95 306 306 84
96 220 220 83
97 169 169 83
98 305 305 83
99 135 135 83
100 237 237 83
101 255 255 84
102 340 340 84
103 238 238 84
104 238 238 84
105 288 288 83
106 221 221 84
107 170 170 84
108 272 272 84
109 186 186 83
110 187 187 84
111 288 288 83
112 221 221 84
113 186 186 83
114 305 305 83
115 153 153 84
116 118 118 83
117 305 305 83
118 119 119 84
119 170 170 84
120 220 220 83
121 203 203 83
122 255 255 84
123 136 136 84
124 220 220 83
125 135 135 83
126 169 169 83
127 237 237 83
128 135 135 83
129 237 237 83
130 221 221 84
131 238 238 84
132 272 272 84
133 220 220 83
134 203 203 83
135 203 203 83
136 203 203 83
137 237 237 83
138 203 203 83
139 255 255 84
140 220 220 83
141 203 203 83
142 305 305 83
143 221 221 84
144 204 204 84
145 204 204 84
146 272 272 84
147 288 288 83
148 169 169 83
149 221 221 84
150 220 220 83
151 169 169 83
152 203 203 83
153 237 237 83
154 169 169 83
155 187 187 84
156 204 204 84
157 152 152 83
158 221 221 84
159 220 220 83
160 153 153 84
161 152 152 83
162 203 203 83
163 221 221 84
164 204 204 84
165 204 204 84
166 152 152 83
167 187 187 84
168 170 170 84
169 220 220 83
170 153 153 84
171 118 118 83
172 135 135 83
173 153 153 84
174 288 288 83
175 203 203 83
176 169 169 83
177 119 119 84
178 152 152 83
179 169 169 83
180 187 187 84
181 102 102 84
182 136 136 84
183 288 288 83
184 119 119 84
185 220 220 83
186 169 169 83
187 169 169 83
188 135 135 83
189 203 203 83
190 153 153 84
191 136 136 84
192 152 152 83
193 169 169 83
194 119 119 84
195 136 136 84
196 186 186 83
197 255 255 84
198 220 220 83
199 169 169 83
200 169 169 83
201 85 85 85
202 136 136 84
203 204 204 84
204 152 152 83
205 119 119 84
206 152 152 83
207 119 119 84
208 152 152 83
209 237 237 83
210 153 153 84
211 118 118 83
212 153 153 84
213 186 186 83
214 135 135 83
215 153 153 84
216 136 136 84
217 152 152 83
218 237 237 83
219 221 221 84
220 152 152 83
221 153 153 84
222 118 118 83
223 101 101 83
224 119 119 84
225 186 186 83
226 85 85 85
227 186 186 83
228 187 187 84
229 170 170 84
230 152 152 83
231 153 153 84
232 254 254 83
233 135 135 83
234 221 221 84
235 102 102 84
236 136 136 84
237 186 186 83
238 101 101 83
239 135 135 83
240 101 101 83
241 119 119 84
242 118 118 83
243 169 169 83
244 135 135 83
245 101 101 83
246 119 119 84
247 186 186 83
248 169 169 83
249 237 237 83
250 169 169 83
251 169 169 83
252 119 119 84
253 118 118 83
254 203 203 83
255 135 135 83
256 221 221 84
257 220 220 83
258 203 203 83
259 187 187 84
260 118 118 83
261 135 135 83
262 135 135 83
263 169 169 83
264 255 255 84
265 170 170 84
266 186 186 83
267 119 119 84
268 186 186 83
269 153 153 84
270 118 118 83
271 119 119 84
272 152 152 83
273 135 135 83
274 153 153 84
275 204 204 84
276 152 152 83
277 221 221 84
278 136 136 84
279 272 272 84
280 186 186 83
281 255 255 84
282 170 170 84
283 170 170 84
284 170 170 84
285 186 186 83
286 101 101 83
287 289 289 84
288 152 152 83
289 187 187 84
290 136 136 84
291 288 288 83
292 187 187 84
293 152 152 83
294 153 153 84
295 204 204 84
296 220 220 83
297 153 153 84
298 204 204 84
299 170 170 84
300 118 118 83
301 153 153 84
302 152 152 83
303 255 255 84
304 186 186 83
305 221 221 84
306 118 118 83
307 237 237 83
308 169 169 83
309 255 255 84
310 170 170 84
311 136 136 84
312 118 118 83
313 187 187 84
314 152 152 83
315 221 221 84
316 220 220 83
317 187 187 84
318 152 152 83
319 119 119 84
320 118 118 83
321 203 203 83
322 187 187 84
323 136 136 84
324 220 220 83
325 169 169 83
326 153 153 84
327 204 204 84
328 136 136 84
329 136 136 84
330 272 272 84
331 186 186 83
332 255 255 84
333 186 186 83
334 135 135 83
335 85 85 85
336 152 152 83
337 169 169 83
338 187 187 84
339 254 254 83
340 221 221 84
341 102 102 84
342 118 118 83
343 153 153 84
344 118 118 83
345 153 153 84
346 186 186 83
347 289 289 84
348 152 152 83
349 101 101 83
350 169 169 83
351 135 135 83
352 119 119 84
353 186 186 83
354 153 153 84
355 220 220 83
356 187 187 84
357 152 152 83
358 119 119 84
359 170 170 84
360 118 118 83
361 237 237 83
362 169 169 83
363 237 237 83
364 203 203 83
365 169 169 83
366 237 237 83
367 153 153 84
368 204 204 84
369 204 204 84
370 238 238 84
371 118 118 83
372 169 169 83
373 119 119 84
374 152 152 83
375 203 203 83
376 153 153 84
377 204 204 84
378 238 238 84
379 220 220 83
380 101 101 83
381 169 169 83
382 255 255 84
383 152 152 83
384 187 187 84
385 220 220 83
386 169 169 83
387 357 357 84
388 306 306 84
389 272 272 84
390 306 306 84
391 170 170 84
392 186 186 83
393 153 153 84
394 238 238 84
395 238 238 84
396 254 254 83
397 135 135 83
398 135 135 83
399 153 153 84
400 152 152 83
401 255 255 84
402 220 220 83
403 289 289 84
404 170 170 84
405 118 118 83
406 237 237 83
407 187 187 84
408 238 238 84
409 204 204 84
410 186 186 83
411 135 135 83
412 221 221 84
413 136 136 84
414 306 306 84
415 288 288 83
416 305 305 83
417 153 153 84
418 186 186 83
419 271 271 83
420 289 289 84
421 186 186 83
422 101 101 83
423 187 187 84
424 204 204 84
425 254 254 83
426 373 373 83
427 237 237 83
428 187 187 84
429 152 152 83
430 221 221 84
431 220 220 83
432 323 323 84
433 306 306 84
434 220 220 83
435 135 135 83
436 289 289 84
437 152 152 83
438 271 271 83
439 357 357 84
440 322 322 83
441 305 305 83
442 289 289 84
443 306 306 84
444 322 322 83
445 339 339 83
446 255 255 84
447 306 306 84
448 254 254 83
449 339 339 83
450 169 169 83
451 255 255 84
452 220 220 83
453 459 459 84
454 340 340 84
455 442 442 84
456 424 424 83
457 255 255 84
458 322 322 83
459 305 305 83
460 441 441 83
461 425 425 84
462 272 272 84
463 322 322 83
464 271 271 83
465 339 339 83
466 459 459 84
467 458 458 83
468 323 323 84
469 374 374 84
470 390 390 83
471 425 425 84
472 390 390 83
473 323 323 84
474 408 408 84
475 238 238 84
476 374 374 84
477 424 424 83
478 255 255 84
479 476 476 84
480 356 356 83
481 493 493 84
482 390 390 83
483 391 391 84
484 458 458 83
485 357 357 84
486 390 390 83
487 339 339 83
488 407 407 83
489 373 373 83
490 425 425 84
491 306 306 84
492 424 424 83
493 323 323 84
494 442 442 84
495 356 356 83
496 357 357 84
497 340 340 84
498 340 340 84
499 306 306 84
500 340 340 84
501 340 340 84
502 424 424 83
503 441 441 83
504 407 407 83
505 373 373 83
506 459 459 84
507 510 510 84
508 424 424 83
509 459 459 84
510 424 424 83
511 493 493 84
512 356 356 83
513 391 391 84
514 254 254 83
515 425 425 84
516 510 510 84
517 356 356 83
518 271 271 83
519 357 357 84
520 424 424 83
521 373 373 83
522 373 373 83
523 391 391 84
524 492 492 83
525 441 441 83
526 441 441 83
527 407 407 83
528 459 459 84
529 306 306 84
530 424 424 83
531 391 391 84
532 408 408 84
533 510 510 84
534 322 322 83
535 459 459 84
536 322 322 83
537 373 373 83
538 493 493 84
539 306 306 84
540 356 356 83
541 509 509 83
542 561 561 84
543 476 476 84
544 374 374 84
545 306 306 84
546 390 390 83
547 493 493 84
548 390 390 83
549 407 407 83
550 357 357 84
551 544 544 84
552 492 492 83
553 459 459 84
554 612 612 84
555 390 390 83
556 475 475 83
557 527 527 84
558 526 526 83
559 475 475 83
560 493 493 84
561 374 374 84
562 492 492 83
563 611 611 83
564 391 391 84
565 340 340 84
566 578 578 84
567 510 510 84
568 390 390 83
569 527 527 84
570 272 272 84
571 544 544 84
572 442 442 84
573 374 374 84
574 442 442 84
575 510 510 84
576 476 476 84
577 340 340 84
578 492 492 83
579 391 391 84
580 458 458 83
581 289 289 84
582 390 390 83
583 305 305 83
584 425 425 84
585 408 408 84
586 442 442 84
587 356 356 83
588 441 441 83
589 459 459 84
590 306 306 84
591 560 560 83
592 305 305 83
593 509 509 83
594 527 527 84
595 408 408 84
596 390 390 83
597 391 391 84
598 476 476 84
599 442 442 84
600 374 374 84
601 390 390 83
602 425 425 84
603 340 340 84
604 442 442 84
605 340 340 84
606 374 374 84
607 408 408 84
608 340 340 84
609 356 356 83
610 357 357 84
611 238 238 84
612 306 306 84
613 424 424 83
614 305 305 83
615 305 305 83
616 373 373 83
617 407 407 83
618 373 373 83
619 425 425 84
620 390 390 83
621 289 289 84
622 356 356 83
623 289 289 84
624 272 272 84
625 458 458 83
626 323 323 84
627 526 526 83
628 357 357 84
629 442 442 84
630 408 408 84
631 442 442 84
632 424 424 83
633 323 323 84
634 408 408 84
635 390 390 83
636 475 475 83
637 493 493 84
638 408 408 84
639 476 476 84
640 458 458 83
641 441 441 83
642 475 475 83
643 441 441 83
644 373 373 83
645 373 373 83
646 373 373 83
647 357 357 84
648 254 254 83
649 441 441 83
650 509 509 83
651 271 271 83
652 441 441 83
653 323 323 84
654 492 492 83
655 441 441 83
656 407 407 83
657 493 493 84
658 476 476 84
659 288 288 83
660 357 357 84
661 408 408 84
662 322 322 83
663 289 289 84
664 492 492 83
665 339 339 83
666 459 459 84
667 306 306 84
668 374 374 84
669 340 340 84
670 408 408 84
671 390 390 83
672 305 305 83
673 323 323 84
674 374 374 84
675 526 526 83
676 493 493 84
677 340 340 84
678 526 526 83
679 425 425 84
680 374 374 84
681 340 340 84
682 510 510 84
683 476 476 84
684 492 492 83
685 373 373 83
686 493 493 84
687 424 424 83
688 305 305 83
689 357 357 84
690 442 442 84
691 424 424 83
692 459 459 84
693 526 526 83
694 595 595 84
695 374 374 84
696 356 356 83
697 255 255 84
698 510 510 84
699 442 442 84
700 492 492 83
701 339 339 83
702 441 441 83
703 475 475 83
704 475 475 83
705 391 391 84
706 306 306 84
707 510 510 84
708 424 424 83
709 425 425 84
710 476 476 84
711 374 374 84
712 492 492 83
713 475 475 83
714 289 289 84
715 476 476 84
716 578 578 84
717 424 424 83
718 509 509 83
719 339 339 83
720 391 391 84
721 442 442 84
722 578 578 84
723 424 424 83
724 407 407 83
725 493 493 84
726 424 424 83
727 611 611 83
728 561 561 84
729 442 442 84
730 254 254 83
731 425 425 84
732 340 340 84
733 424 424 83
734 459 459 84
735 476 476 84
736 408 408 84
737 288 288 83
738 493 493 84
739 306 306 84
740 272 272 84
741 340 340 84
742 220 220 83
743 475 475 83
744 271 271 83
745 305 305 83
746 459 459 84
747 322 322 83
748 271 271 83
749 255 255 84
750 272 272 84
751 220 220 83
752 407 407 83
753 305 305 83
754 255 255 84
755 340 340 84
756 322 322 83
757 203 203 83
758 425 425 84
759 186 186 83
760 289 289 84
761 408 408 84
762 306 306 84
763 272 272 84
764 238 238 84
765 238 238 84
766 254 254 83
767 323 323 84
768 238 238 84
769 238 238 84
770 288 288 83
771 255 255 84
772 254 254 83
773 407 407 83
774 339 339 83
775 271 271 83
776 237 237 83
777 203 203 83
778 187 187 84
779 306 306 84
780 238 238 84
781 220 220 83
782 237 237 83
783 153 153 84
784 254 254 83
785 271 271 83
786 323 323 84
787 220 220 83
788 289 289 84
789 204 204 84
790 306 306 84
791 306 306 84
792 390 390 83
793 289 289 84
794 220 220 83
795 203 203 83
796 237 237 83
797 237 237 83
798 357 357 84
799 288 288 83
800 221 221 84
801 288 288 83
802 255 255 84
803 238 238 84
804 272 272 84
805 204 204 84
806 238 238 84
807 374 374 84
808 254 254 83
809 237 237 83
810 271 271 83
811 169 169 83
812 289 289 84
813 322 322 83
814 323 323 84
815 152 152 83
816 271 271 83
817 203 203 83
818 339 339 83
819 187 187 84
820 340 340 84
821 288 288 83
822 357 357 84
823 306 306 84
824 186 186 83
825 203 203 83
826 271 271 83
827 221 221 84
828 272 272 84
829 204 204 84
830 152 152 83
831 203 203 83
832 237 237 83
833 289 289 84
834 390 390 83
835 425 425 84
836 288 288 83
837 237 237 83
838 255 255 84
839 408 408 84
840 510 510 84
841 340 340 84
842 272 272 84
843 306 306 84
844 322 322 83
845 237 237 83
846 169 169 83
847 323 323 84
848 204 204 84
849 186 186 83
850 203 203 83
851 289 289 84
852 254 254 83
853 237 237 83
854 221 221 84
855 170 170 84
856 220 220 83
857 203 203 83
858 255 255 84
859 220 220 83
860 289 289 84
861 170 170 84
862 254 254 83
863 255 255 84
864 204 204 84
865 186 186 83
866 289 289 84
867 204 204 84
868 272 272 84
869 170 170 84
870 136 136 84
871 288 288 83
872 305 305 83
873 271 271 83
874 153 153 84
875 152 152 83
876 221 221 84
877 204 204 84
878 272 272 84
879 136 136 84
880 204 204 84
881 272 272 84
882 220 220 83
883 187 187 84
884 118 118 83
885 305 305 83
886 187 187 84
887 238 238 84
888 186 186 83
889 135 135 83
890 221 221 84
891 152 152 83
892 187 187 84
893 204 204 84
894 136 136 84
895 204 204 84
896 306 306 84
897 152 152 83
898 169 169 83
899 119 119 84
900 204 204 84
901 152 152 83
902 237 237 83
903 221 221 84
904 170 170 84
905 152 152 83
906 119 119 84
907 170 170 84
908 152 152 83
909 289 289 84
910 186 186 83
911 255 255 84
912 204 204 84
913 102 102 84
914 204 204 84
915 118 118 83
916 187 187 84
917 238 238 84
918 220 220 83
919 135 135 83
920 119 119 84
921 186 186 83
922 135 135 83
923 221 221 84
924 220 220 83
925 187 187 84
926 238 238 84
927 186 186 83
928 271 271 83
929 187 187 84
930 238 238 84
931 118 118 83
932 169 169 83
933 187 187 84
934 152 152 83
935 203 203 83
936 221 221 84
937 220 220 83
938 135 135 83
939 153 153 84
940 220 220 83
941 203 203 83
942 169 169 83
943 203 203 83
944 153 153 84
945 238 238 84
946 186 186 83
947 187 187 84
948 136 136 84
949 170 170 84
950 204 204 84
951 118 118 83
952 187 187 84
953 238 238 84
954 204 204 84
955 204 204 84
956 272 272 84
957 152 152 83
958 271 271 83
959 255 255 84
960 204 204 84
961 186 186 83
962 169 169 83
963 187 187 84
964 254 254 83
965 305 305 83
966 153 153 84
967 186 186 83
968 237 237 83
969 221 221 84
970 238 238 84
971 170 170 84
972 186 186 83
973 169 169 83
974 255 255 84
975 170 170 84
976 254 254 83
977 187 187 84
978 170 170 84
979 152 152 83
980 237 237 83
981 305 305 83
982 187 187 84
983 152 152 83
984 305 305 83
985 237 237 83
986 203 203 83
987 203 203 83
988 203 203 83
989 187 187 84
990 186 186 83
991 119 119 84
992 204 204 84
993 186 186 83
994 271 271 83
995 203 203 83
996 135 135 83
997 255 255 84
998 152 152 83
999 169 169 83
1000 135 135 83
1001 119 119 84
1002 118 118 83
1003 153 153 84
1004 204 204 84
1005 220 220 83
1006 203 203 83
1007 255 255 84
1008 136 136 84
1009 288 288 83
1010 357 357 84
1011 170 170 84
1012 374 374 84
1013 204 204 84
1014 238 238 84
1015 288 288 83
1016 357 357 84
1017 272 272 84
1018 238 238 84
1019 306 306 84
1020 220 220 83
1021 289 289 84
1022 272 272 84
1023 356 356 83
1024 271 271 83
1025 357 357 84
1026 306 306 84
1027 374 374 84
1028 254 254 83
1029 407 407 83
1030 203 203 83
1031 323 323 84
1032 340 340 84
1033 204 204 84
1034 186 186 83
1035 203 203 83
1036 323 323 84
1037 254 254 83
1038 203 203 83
1039 237 237 83
1040 255 255 84
1041 288 288 83
1042 323 323 84
1043 356 356 83
1044 323 323 84
1045 254 254 83
1046 373 373 83
1047 323 323 84
1048 288 288 83
1049 323 323 84
1050 170 170 84
1051 374 374 84
1052 272 272 84
1053 272 272 84
1054 238 238 84
1055 288 288 83
1056 187 187 84
1057 322 322 83
1058 271 271 83
1059 237 237 83
1060 305 305 83
1061 255 255 84
1062 272 272 84
1063 254 254 83
1064 305 305 83
1065 221 221 84
1066 238 238 84
1067 254 254 83
1068 255 255 84
1069 254 254 83
1070 271 271 83
1071 255 255 84
1072 254 254 83
1073 153 153 84
1074 152 152 83
1075 305 305 83
1076 255 255 84
1077 186 186 83
1078 305 305 83
1079 169 169 83
1080 255 255 84
1081 220 220 83
1082 203 203 83
1083 203 203 83
1084 255 255 84
1085 186 186 83
1086 203 203 83
1087 153 153 84
1088 254 254 83
1089 255 255 84
1090 204 204 84
1091 238 238 84
1092 220 220 83
1093 221 221 84
1094 254 254 83
1095 187 187 84
1096 254 254 83
1097 203 203 83
1098 187 187 84
1099 220 220 83
1100 255 255 84
1101 340 340 84
1102 220 220 83
1103 119 119 84
1104 272 272 84
1105 170 170 84
1106 204 204 84
1107 220 220 83
1108 187 187 84
1109 204 204 84
1110 136 136 84
1111 220 220 83
1112 255 255 84
1113 152 152 83
1114 221 221 84
1115 102 102 84
1116 118 118 83
1117 119 119 84
1118 152 152 83
1119 237 237 83
1120 203 203 83
1121 203 203 83
1122 169 169 83
1123 203 203 83
1124 169 169 83
1125 135 135 83
1126 135 135 83
1127 203 203 83
1128 203 203 83
1129 255 255 84
1130 204 204 84
1131 186 186 83
1132 187 187 84
1133 204 204 84
1134 186 186 83
1135 169 169 83
1136 237 237 83
1137 203 203 83
1138 169 169 83
1139 153 153 84
1140 136 136 84
1141 204 204 84
1142 186 186 83
1143 323 323 84
1144 186 186 83
1145 221 221 84
1146 136 136 84
1147 118 118 83
1148 101 101 83
1149 169 169 83
1150 221 221 84
1151 118 118 83
1152 187 187 84
1153 136 136 84
1154 152 152 83
1155 203 203 83
1156 203 203 83
1157 169 169 83
1158 135 135 83
1159 221 221 84
1160 170 170 84
1161 152 152 83
1162 135 135 83
1163 237 237 83
1164 203 203 83
1165 169 169 83
1166 237 237 83
1167 203 203 83
1168 135 135 83
1169 203 203 83
1170 153 153 84
1171 152 152 83
1172 289 289 84
1173 152 152 83
1174 153 153 84
1175 204 204 84
1176 170 170 84
1177 170 170 84
1178 136 136 84
1179 170 170 84
1180 204 204 84
1181 170 170 84
1182 170 170 84
1183 170 170 84
1184 152 152 83
1185 101 101 83
1186 119 119 84
1187 84 84 84
1188 101 101 83
1189 169 169 83
1190 119 119 84
1191 186 186 83
1192 135 135 83
1193 101 101 83
1194 305 305 83
1195 135 135 83
1196 153 153 84
1197 186 186 83
1198 153 153 84
1199 170 170 84
1200 204 204 84
1201 220 220 83
1202 237 237 83
1203 153 153 84
1204 170 170 84
1205 118 118 83
1206 221 221 84
1207 136 136 84
1208 152 152 83
1209 187 187 84
1210 204 204 84
1211 204 204 84
1212 102 102 84
1213 118 118 83
1214 119 119 84
1215 170 170 84
1216 170 170 84
1217 186 186 83
1218 153 153 84
1219 152 152 83
1220 101 101 83
1221 169 169 83
1222 153 153 84
1223 186 186 83
1224 101 101 83
1225 169 169 83
1226 135 135 83
1227 169 169 83
1228 153 153 84
1229 152 152 83
1230 203 203 83
1231 119 119 84
1232 152 152 83
1233 255 255 84
1234 152 152 83
1235 187 187 84
1236 204 204 84
1237 204 204 84
1238 152 152 83
1239 169 169 83
1240 119 119 84
1241 136 136 84
1242 136 136 84
1243 186 186 83
1244 271 271 83
1245 135 135 83
1246 153 153 84
1247 170 170 84
1248 84 84 84
1249 135 135 83
1250 203 203 83
1251 101 101 83
1252 221 221 84
1253 204 204 84
1254 170 170 84
1255 186 186 83
1256 305 305 83
1257 187 187 84
1258 186 186 83
1259 203 203 83
1260 305 305 83
1261 221 221 84
1262 186 186 83
1263 135 135 83
1264 255 255 84
1265 220 220 83
1266 187 187 84
1267 322 322 83
1268 305 305 83
1269 391 391 84
1270 238 238 84
1271 152 152 83
1272 135 135 83
1273 169 169 83
1274 221 221 84
1275 118 118 83
1276 203 203 83
1277 135 135 83
1278 169 169 83
1279 153 153 84
1280 118 118 83
1281 101 101 83
1282 255 255 84
1283 186 186 83
1284 203 203 83
1285 153 153 84
1286 118 118 83
1287 119 119 84
1288 118 118 83
1289 153 153 84
1290 152 152 83
1291 221 221 84
1292 152 152 83
1293 187 187 84
1294 118 118 83
1295 187 187 84
1296 118 118 83
1297 187 187 84
1298 102 102 84
1299 186 186 83
1300 153 153 84
1301 170 170 84
1302 204 204 84
1303 186 186 83
1304 187 187 84
1305 204 204 84
1306 136 136 84
1307 136 136 84
1308 204 204 84
1309 152 152 83
1310 101 101 83
1311 135 135 83
1312 135 135 83
1313 135 135 83
1314 135 135 83
1315 187 187 84
1316 170 170 84
1317 152 152 83
1318 187 187 84
1319 118 118 83
1320 255 255 84
1321 136 136 84
1322 152 152 83
1323 101 101 83
1324 119 119 84
1325 118 118 83
1326 153 153 84
1327 136 136 84
1328 102 102 84
1329 220 220 83
1330 153 153 84
1331 238 238 84
1332 152 152 83
1333 271 271 83
1334 203 203 83
1335 203 203 83
1336 187 187 84
1337 220 220 83
1338 119 119 84
1339 136 136 84
1340 152 152 83
1341 135 135 83
1342 153 153 84
1343 118 118 83
1344 203 203 83
1345 153 153 84
1346 238 238 84
1347 152 152 83
1348 187 187 84
1349 186 186 83
1350 221 221 84
1351 254 254 83
1352 169 169 83
1353 153 153 84
1354 152 152 83
1355 187 187 84
1356 118 118 83
1357 203 203 83
1358 255 255 84
1359 306 306 84
1360 238 238 84
1361 204 204 84
1362 118 118 83
1363 169 169 83
1364 153 153 84
1365 254 254 83
1366 153 153 84
1367 170 170 84
1368 238 238 84
1369 152 152 83
1370 169 169 83
1371 135 135 83
1372 221 221 84
1373 118 118 83
1374 221 221 84
1375 204 204 84
1376 170 170 84
1377 170 170 84
1378 204 204 84
1379 220 220 83
1380 221 221 84
1381 204 204 84
1382 186 186 83
1383 271 271 83
1384 255 255 84
1385 238 238 84
1386 254 254 83
1387 153 153 84
1388 204 204 84
1389 186 186 83
1390 271 271 83
1391 255 255 84
1392 220 220 83
1393 221 221 84
1394 288 288 83
1395 187 187 84
1396 220 220 83
1397 221 221 84
1398 272 272 84
1399 306 306 84
1400 186 186 83
1401 169 169 83
1402 169 169 83
1403 255 255 84
1404 442 442 84
1405 288 288 83
1406 153 153 84
1407 204 204 84
1408 170 170 84
1409 288 288 83
1410 339 339 83
1411 237 237 83
1412 357 357 84
1413 204 204 84
1414 204 204 84
1415 238 238 84
1416 408 408 84
1417 356 356 83
1418 289 289 84
1419 204 204 84
1420 220 220 83
1421 391 391 84
1422 254 254 83
1423 339 339 83
1424 305 305 83
1425 323 323 84
1426 288 288 83
1427 323 323 84
1428 288 288 83
1429 221 221 84
1430 288 288 83
1431 271 271 83
1432 289 289 84
1433 306 306 84
1434 238 238 84
1435 306 306 84
1436 306 306 84
1437 272 272 84
1438 220 220 83
1439 425 425 84
1440 238 238 84
1441 136 136 84
1442 186 186 83
1443 255 255 84
1444 136 136 84
1445 186 186 83
1446 289 289 84
1447 204 204 84
1448 288 288 83
1449 339 339 83
1450 203 203 83
1451 255 255 84
1452 254 254 83
1453 255 255 84
1454 322 322 83
1455 169 169 83
1456 271 271 83
1457 305 305 83
1458 289 289 84
1459 170 170 84
1460 204 204 84
1461 306 306 84
1462 356 356 83
1463 289 289 84
1464 136 136 84
1465 204 204 84
1466 288 288 83
1467 323 323 84
1468 306 306 84
1469 238 238 84
1470 204 204 84
1471 238 238 84
1472 254 254 83
1473 203 203 83
1474 203 203 83
1475 203 203 83
1476 187 187 84
1477 254 254 83
1478 373 373 83
1479 221 221 84
1480 170 170 84
1481 272 272 84
1482 238 238 84
1483 288 288 83
1484 237 237 83
1485 305 305 83
1486 221 221 84
1487 288 288 83
1488 135 135 83
1489 169 169 83
1490 391 391 84
1491 220 220 83
1492 203 203 83
1493 271 271 83
1494 187 187 84
1495 170 170 84
1496 254 254 83
1497 221 221 84
1498 288 288 83
1499 187 187 84
1500 254 254 83
1501 153 153 84
1502 220 220 83
1503 305 305 83
1504 271 271 83
1505 339 339 83
1506 305 305 83
1507 187 187 84
1508 238 238 84
1509 238 238 84
1510 408 408 84
1511 186 186 83
1512 305 305 83
1513 187 187 84
1514 204 204 84
1515 220 220 83
1516 289 289 84
1517 204 204 84
1518 170 170 84
1519 238 238 84
1520 220 220 83
1521 169 169 83
1522 203 203 83
1523 237 237 83
1524 255 255 84
1525 152 152 83
1526 237 237 83
1527 221 221 84
1528 340 340 84
1529 322 322 83
1530 169 169 83
1531 237 237 83
1532 169 169 83
1533 255 255 84
1534 408 408 84
1535 322 322 83
1536 255 255 84
1537 272 272 84
1538 204 204 84
1539 306 306 84
1540 238 238 84
1541 254 254 83
1542 221 221 84
1543 306 306 84
1544 220 220 83
1545 221 221 84
1546 204 204 84
1547 306 306 84
1548 170 170 84
1549 186 186 83
1550 169 169 83
1551 153 153 84
1552 204 204 84
1553 170 170 84
1554 136 136 84
1555 170 170 84
1556 204 204 84
1557 288 288 83
1558 187 187 84
1559 238 238 84
1560 136 136 84
1561 220 220 83
1562 203 203 83
1563 153 153 84
1564 204 204 84
1565 136 136 84
1566 152 152 83
1567 135 135 83
1568 169 169 83
1569 135 135 83
1570 119 119 84
1571 136 136 84
1572 152 152 83
1573 203 203 83
1574 187 187 84
1575 136 136 84
1576 152 152 83
1577 153 153 84
1578 170 170 84
1579 118 118 83
1580 221 221 84
1581 118 118 83
1582 101 101 83
1583 237 237 83
1584 187 187 84
1585 136 136 84
1586 118 118 83
1587 153 153 84
1588 152 152 83
1589 169 169 83
1590 101 101 83
1591 135 135 83
1592 153 153 84
1593 288 288 83
1594 255 255 84
1595 220 220 83
1596 203 203 83
1597 135 135 83
1598 187 187 84
1599 238 238 84
1600 356 356 83
1601 357 357 84
1602 254 254 83
1603 305 305 83
1604 305 305 83
1605 305 305 83
1606 305 305 83
1607 509 509 83
1608 509 509 83
1609 373 373 83
1610 237 237 83
1611 305 305 83
1612 187 187 84
1613 356 356 83
1614 323 323 84
1615 220 220 83
1616 305 305 83
1617 255 255 84
1618 220 220 83
1619 339 339 83
1620 153 153 84
1621 238 238 84
1622 170 170 84
1623 238 238 84
1624 220 220 83
1625 169 169 83
1626 237 237 83
1627 237 237 83
1628 221 221 84
1629 136 136 84
1630 204 204 84
1631 170 170 84
1632 238 238 84
1633 220 220 83
1634 187 187 84
1635 170 170 84
1636 170 170 84
1637 220 220 83
1638 203 203 83
1639 187 187 84
1640 170 170 84
1641 220 220 83
1642 221 221 84
1643 238 238 84
1644 170 170 84
1645 204 204 84
1646 204 204 84
1647 220 220 83
1648 169 169 83
1649 153 153 84
1650 136 136 84
1651 220 220 83
1652 153 153 84
1653 170 170 84
1654 186 186 83
1655 135 135 83
1656 203 203 83
1657 221 221 84
1658 254 254 83
1659 221 221 84
1660 170 170 84
1661 152 152 83
1662 135 135 83
1663 153 153 84
1664 84 84 84
1665 119 119 84
1666 136 136 84
1667 186 186 83
1668 169 169 83
1669 203 203 83
1670 135 135 83
1671 203 203 83
1672 187 187 84
1673 170 170 84
1674 152 152 83
1675 203 203 83
1676 119 119 84
1677 102 102 84
1678 170 170 84
1679 170 170 84
1680 204 204 84
1681 186 186 83
1682 119 119 84
1683 186 186 83
1684 119 119 84
1685 152 152 83
1686 153 153 84
1687 152 152 83
1688 135 135 83
1689 187 187 84
1690 102 102 84
1691 118 118 83
1692 153 153 84
1693 152 152 83
1694 153 153 84
1695 118 118 83
1696 135 135 83
1697 135 135 83
1698 187 187 84
1699 170 170 84
1700 118 118 83
1701 203 203 83
1702 153 153 84
1703 136 136 84
1704 170 170 84
1705 220 220 83
1706 169 169 83
1707 135 135 83
1708 153 153 84
1709 170 170 84
1710 170 170 84
1711 272 272 84
1712 170 170 84
1713 152 152 83
1714 187 187 84
1715 152 152 83
1716 187 187 84
1717 152 152 83
1718 187 187 84
1719 118 118 83
1720 187 187 84
1721 136 136 84
1722 170 170 84
1723 204 204 84
1724 220 220 83
1725 119 119 84
1726 204 204 84
1727 152 152 83
1728 119 119 84
1729 152 152 83
1730 153 153 84
1731 186 186 83
1732 323 323 84
1733 152 152 83
1734 119 119 84
1735 136 136 84
1736 170 170 84
1737 170 170 84
1738 152 152 83
1739 255 255 84
1740 152 152 83
1741 187 187 84
1742 84 84 84
1743 237 237 83
1744 169 169 83
1745 221 221 84
1746 186 186 83
1747 237 237 83
1748 187 187 84
1749 118 118 83
1750 135 135 83
1751 187 187 84
1752 204 204 84
1753 186 186 83
1754 101 101 83
1755 187 187 84
1756 152 152 83
1757 153 153 84
1758 136 136 84
1759 152 152 83
1760 169 169 83
1761 153 153 84
1762 152 152 83
1763 101 101 83
1764 203 203 83
1765 203 203 83
1766 153 153 84
1767 136 136 84
1768 170 170 84
1769 170 170 84
1770 186 186 83
1771 237 237 83
1772 237 237 83
1773 119 119 84
1774 102 102 84
1775 204 204 84
1776 118 118 83
1777 153 153 84
1778 102 102 84
1779 186 186 83
1780 169 169 83
1781 135 135 83
1782 119 119 84
1783 220 220 83
1784 187 187 84
1785 204 204 84
1786 152 152 83
1787 187 187 84
1788 238 238 84
1789 204 204 84
1790 102 102 84
1791 272 272 84
1792 220 220 83
1793 203 203 83
1794 203 203 83
1795 237 237 83
1796 271 271 83
1797 289 289 84
1798 306 306 84
1799 238 238 84
1800 254 254 83
1801 255 255 84
1802 204 204 84
1803 254 254 83
1804 373 373 83
1805 357 357 84
1806 238 238 84
1807 356 356 83
1808 323 323 84
1809 254 254 83
1810 305 305 83
1811 323 323 84
1812 204 204 84
1813 340 340 84
1814 492 492 83
1815 543 543 83
1816 391 391 84
1817 306 306 84
1818 288 288 83
1819 357 357 84
1820 322 322 83
1821 391 391 84
1822 408 408 84
1823 186 186 83
1824 357 357 84
1825 340 340 84
1826 238 238 84
1827 322 322 83
1828 407 407 83
1829 255 255 84
1830 220 220 83
1831 187 187 84
1832 254 254 83
1833 289 289 84
1834 424 424 83
1835 373 373 83
1836 271 271 83
1837 373 373 83
1838 237 237 83
1839 169 169 83
1840 289 289 84
1841 288 288 83
1842 221 221 84
1843 306 306 84
1844 238 238 84
1845 238 238 84
1846 254 254 83
1847 373 373 83
1848 323 323 84
1849 220 220 83
1850 305 305 83
1851 187 187 84
1852 238 238 84
1853 356 356 83
1854 441 441 83
1855 271 271 83
1856 237 237 83
1857 187 187 84
1858 288 288 83
1859 237 237 83
1860 305 305 83
1861 323 323 84
1862 186 186 83
1863 221 221 84
1864 170 170 84
1865 254 254 83
1866 289 289 84
1867 238 238 84
1868 170 170 84
1869 186 186 83
1870 237 237 83
1871 357 357 84
1872 322 322 83
1873 169 169 83
1874 323 323 84
1875 272 272 84
1876 288 288 83
1877 203 203 83
1878 271 271 83
1879 221 221 84
1880 186 186 83
1881 305 305 83
1882 425 425 84
1883 220 220 83
1884 271 271 83
1885 237 237 83
1886 203 203 83
1887 255 255 84
1888 254 254 83
1889 289 289 84
1890 288 288 83
1891 305 305 83
1892 255 255 84
1893 204 204 84
1894 254 254 83
1895 289 289 84
1896 204 204 84
1897 272 272 84
1898 306 306 84
1899 288 288 83
1900 255 255 84
1901 322 322 83
1902 255 255 84
1903 220 220 83
1904 305 305 83
1905 271 271 83
1906 255 255 84
1907 288 288 83
1908 271 271 83
1909 391 391 84
1910 254 254 83
1911 323 323 84
1912 254 254 83
1913 187 187 84
1914 118 118 83
1915 237 237 83
1916 203 203 83
1917 289 289 84
1918 238 238 84
1919 272 272 84
1920 220 220 83
1921 221 221 84
1922 254 254 83
1923 203 203 83
1924 255 255 84
1925 272 272 84
1926 322 322 83
1927 135 135 83
1928 255 255 84
1929 238 238 84
1930 204 204 84
1931 356 356 83
1932 153 153 84
1933 272 272 84
1934 272 272 84
1935 220 220 83
1936 187 187 84
1937 186 186 83
1938 289 289 84
1939 238 238 84
1940 254 254 83
1941 289 289 84
1942 186 186 83
1943 187 187 84
1944 254 254 83
1945 305 305 83
1946 289 289 84
1947 288 288 83
1948 135 135 83
1949 221 221 84
1950 238 238 84
1951 238 238 84
1952 238 238 84
1953 254 254 83
1954 255 255 84
1955 186 186 83
1956 289 289 84
1957 272 272 84
1958 254 254 83
1959 203 203 83
1960 305 305 83
1961 289 289 84
1962 170 170 84
1963 254 254 83
1964 169 169 83
1965 169 169 83
1966 187 187 84
1967 306 306 84
1968 272 272 84
1969 254 254 83
1970 323 323 84
1971 186 186 83
1972 221 221 84
1973 272 272 84
1974 322 322 83
1975 391 391 84
1976 458 458 83
1977 169 169 83
1978 255 255 84
1979 254 254 83
1980 425 425 84
1981 390 390 83
1982 339 339 83
1983 373 373 83
1984 203 203 83
1985 373 373 83
1986 237 237 83
1987 221 221 84
1988 356 356 83
1989 255 255 84
1990 306 306 84
1991 238 238 84
1992 186 186 83
1993 373 373 83
1994 459 459 84
1995 442 442 84
1996 322 322 83
1997 271 271 83
1998 289 289 84
1999 170 170 84
2000 238 238 84
2001 136 136 84
2002 220 220 83
2003 203 203 83
2004 271 271 83
2005 169 169 83
2006 203 203 83
2007 221 221 84
2008 170 170 84
2009 170 170 84
2010 340 340 84
2011 288 288 83
2012 237 237 83
2013 373 373 83
2014 153 153 84
2015 306 306 84
2016 152 152 83
2017 187 187 84
2018 254 254 83
2019 339 339 83
2020 169 169 83
2021 203 203 83
2022 237 237 83
2023 255 255 84
2024 170 170 84
2025 136 136 84
2026 170 170 84
2027 238 238 84
2028 170 170 84
2029 152 152 83
2030 187 187 84
2031 118 118 83
2032 221 221 84
2033 170 170 84
2034 186 186 83
2035 221 221 84
2036 136 136 84
2037 220 220 83
2038 187 187 84
2039 238 238 84
2040 170 170 84
2041 238 238 84
2042 220 220 83
2043 203 203 83
2044 221 221 84
2045 288 288 83
2046 271 271 83
2047 237 237 83
2048 203 203 83
2049 187 187 84
2050 204 204 84
2051 322 322 83
2052 255 255 84
2053 306 306 84
2054 136 136 84
2055 238 238 84
2056 186 186 83
2057 237 237 83
2058 187 187 84
2059 272 272 84
2060 220 220 83
2061 153 153 84
2062 204 204 84
2063 254 254 83
2064 289 289 84
2065 186 186 83
2066 289 289 84
2067 288 288 83
2068 255 255 84
2069 152 152 83
2070 101 101 83
2071 221 221 84
2072 254 254 83
2073 203 203 83
2074 187 187 84
2075 204 204 84
2076 152 152 83
2077 135 135 83
2078 169 169 83
2079 169 169 83
2080 135 135 83
2081 153 153 84
2082 186 186 83
2083 221 221 84
2084 220 220 83
2085 237 237 83
2086 221 221 84
2087 152 152 83
2088 153 153 84
2089 254 254 83
2090 203 203 83
2091 221 221 84
2092 186 186 83
2093 221 221 84
2094 152 152 83
2095 135 135 83
2096 153 153 84
2097 102 102 84
2098 204 204 84
2099 170 170 84
2100 204 204 84
2101 136 136 84
2102 136 136 84
2103 170 170 84
2104 152 152 83
2105 135 135 83
2106 135 135 83
2107 169 169 83
2108 169 169 83
2109 305 305 83
2110 203 203 83
2111 135 135 83
2112 119 119 84
2113 152 152 83
2114 187 187 84
2115 152 152 83
2116 237 237 83
2117 135 135 83
2118 237 237 83
2119 119 119 84
2120 118 118 83
2121 255 255 84
2122 118 118 83
2123 135 135 83
2124 187 187 84
2125 170 170 84
2126 136 136 84
2127 84 84 84
2128 135 135 83
2129 187 187 84
2130 170 170 84
2131 102 102 84
2132 220 220 83
2133 153 153 84
2134 170 170 84
2135 118 118 83
2136 187 187 84
2137 136 136 84
2138 136 136 84
2139 136 136 84
2140 118 118 83
2141 119 119 84
2142 254 254 83
2143 119 119 84
2144 118 118 83
2145 135 135 83
2146 119 119 84
2147 186 186 83
2148 135 135 83
2149 169 169 83
2150 169 169 83
2151 135 135 83
2152 101 101 83
2153 119 119 84
2154 220 220 83
2155 187 187 84
2156 238 238 84
2157 170 170 84
2158 152 152 83
2159 271 271 83
2160 221 221 84
2161 238 238 84
2162 204 204 84
2163 204 204 84
2164 152 152 83
2165 187 187 84
2166 186 186 83
2167 271 271 83
2168 187 187 84
2169 136 136 84
2170 238 238 84
2171 186 186 83
2172 221 221 84
2173 322 322 83
2174 271 271 83
2175 237 237 83
2176 153 153 84
2177 272 272 84
2178 220 220 83
2179 271 271 83
2180 237 237 83
2181 153 153 84
2182 118 118 83
2183 255 255 84
2184 220 220 83
2185 255 255 84
2186 272 272 84
2187 136 136 84
2188 204 204 84
2189 220 220 83
2190 169 169 83
2191 187 187 84
2192 254 254 83
2193 237 237 83
2194 203 203 83
2195 135 135 83
2196 255 255 84
2197 254 254 83
2198 255 255 84
2199 288 288 83
2200 255 255 84
2201 356 356 83
2202 187 187 84
2203 220 220 83
2204 221 221 84
2205 220 220 83
2206 255 255 84
2207 254 254 83
2208 203 203 83
2209 237 237 83
2210 169 169 83
2211 255 255 84
2212 220 220 83
2213 237 237 83
2214 119 119 84
2215 254 254 83
2216 203 203 83
2217 289 289 84
2218 170 170 84
2219 220 220 83
2220 187 187 84
2221 220 220 83
2222 271 271 83
2223 203 203 83
2224 271 271 83
2225 237 237 83
2226 187 187 84
2227 238 238 84
2228 254 254 83
2229 153 153 84
2230 186 186 83
2231 237 237 83
2232 289 289 84
2233 186 186 83
2234 153 153 84
2235 186 186 83
2236 187 187 84
2237 186 186 83
2238 169 169 83
2239 187 187 84
2240 170 170 84
2241 186 186 83
2242 169 169 83
2243 271 271 83
2244 153 153 84
2245 238 238 84
2246 152 152 83
2247 203 203 83
2248 135 135 83
2249 169 169 83
2250 169 169 83
2251 237 237 83
2252 169 169 83
2253 339 339 83
2254 221 221 84
2255 152 152 83
2256 135 135 83
2257 271 271 83
2258 203 203 83
2259 169 169 83
2260 237 237 83
2261 305 305 83
2262 271 271 83
2263 187 187 84
2264 152 152 83
2265 255 255 84
2266 238 238 84
2267 254 254 83
2268 255 255 84
2269 238 238 84
2270 254 254 83
2271 153 153 84
2272 254 254 83
2273 441 441 83
2274 289 289 84
2275 170 170 84
2276 204 204 84
2277 186 186 83
2278 323 323 84
2279 186 186 83
2280 221 221 84
2281 204 204 84
2282 204 204 84
2283 238 238 84
2284 204 204 84
2285 220 220 83
2286 135 135 83
2287 255 255 84
2288 272 272 84
2289 238 238 84
2290 272 272 84
2291 204 204 84
2292 220 220 83
2293 187 187 84
2294 186 186 83
2295 255 255 84
2296 254 254 83
2297 169 169 83
2298 203 203 83
2299 203 203 83
2300 187 187 84
2301 170 170 84
2302 220 220 83
2303 187 187 84
2304 152 152 83
2305 101 101 83
2306 203 203 83
2307 187 187 84
2308 170 170 84
2309 204 204 84
2310 238 238 84
2311 238 238 84
2312 272 272 84
2313 136 136 84
2314 288 288 83
2315 255 255 84
2316 220 220 83
2317 169 169 83
2318 237 237 83
2319 203 203 83
2320 169 169 83
2321 221 221 84
2322 170 170 84
2323 254 254 83
2324 237 237 83
2325 255 255 84
2326 152 152 83
2327 237 237 83
2328 255 255 84
2329 220 220 83
2330 289 289 84
2331 306 306 84
2332 220 220 83
2333 305 305 83
2334 271 271 83
2335 221 221 84
2336 220 220 83
2337 221 221 84
2338 152 152 83
2339 169 169 83
2340 187 187 84
2341 340 340 84
2342 254 254 83
2343 289 289 84
2344 254 254 83
2345 187 187 84
2346 288 288 83
2347 203 203 83
2348 187 187 84
2349 340 340 84
2350 170 170 84
2351 322 322 83
2352 255 255 84
2353 136 136 84
2354 356 356 83
2355 237 237 83
2356 221 221 84
2357 118 118 83
2358 187 187 84
2359 186 186 83
2360 187 187 84
2361 288 288 83
2362 323 323 84
2363 340 340 84
2364 356 356 83
2365 271 271 83
2366 221 221 84
2367 322 322 83
2368 271 271 83
2369 271 271 83
2370 203 203 83
2371 289 289 84
2372 170 170 84
2373 254 254 83
2374 289 289 84
2375 186 186 83
2376 305 305 83
2377 187 187 84
2378 220 220 83
2379 237 237 83
2380 391 391 84
2381 254 254 83
2382 203 203 83
2383 339 339 83
2384 289 289 84
2385 220 220 83
2386 221 221 84
2387 306 306 84
2388 288 288 83
2389 237 237 83
2390 289 289 84
2391 220 220 83
2392 271 271 83
2393 187 187 84
2394 220 220 83
2395 289 289 84
2396 220 220 83
2397 153 153 84
2398 136 136 84
2399 272 272 84
2400 340 340 84
2401 254 254 83
2402 203 203 83
2403 203 203 83
2404 153 153 84
2405 204 204 84
2406 288 288 83
2407 289 289 84
2408 254 254 83
2409 289 289 84
2410 322 322 83
2411 373 373 83
2412 323 323 84
2413 204 204 84
2414 186 186 83
2415 169 169 83
2416 221 221 84
2417 204 204 84
2418 356 356 83
2419 305 305 83
2420 237 237 83
2421 271 271 83
2422 153 153 84
2423 186 186 83
2424 237 237 83
2425 305 305 83
2426 237 237 83
2427 237 237 83
2428 153 153 84
2429 220 220 83
2430 187 187 84
2431 238 238 84
2432 238 238 84
2433 220 220 83
2434 203 203 83
2435 255 255 84
2436 152 152 83
2437 101 101 83
2438 271 271 83
2439 237 237 83
2440 203 203 83
2441 221 221 84
2442 152 152 83
2443 271 271 83
2444 119 119 84
2445 186 186 83
2446 119 119 84
2447 170 170 84
2448 152 152 83
2449 221 221 84
2450 204 204 84
2451 170 170 84
2452 152 152 83
2453 187 187 84
2454 204 204 84
2455 136 136 84
2456 220 220 83
2457 255 255 84
2458 102 102 84
2459 220 220 83
2460 187 187 84
2461 136 136 84
2462 152 152 83
2463 119 119 84
2464 84 84 84
2465 101 101 83
2466 203 203 83
2467 169 169 83
2468 187 187 84
2469 170 170 84
2470 152 152 83
2471 221 221 84
2472 186 186 83
2473 119 119 84
2474 136 136 84
2475 152 152 83
2476 85 85 85
2477 152 152 83
2478 221 221 84
2479 170 170 84
2480 170 170 84
2481 204 204 84
2482 84 84 84
2483 135 135 83
2484 271 271 83
2485 221 221 84
2486 186 186 83
2487 221 221 84
2488 204 204 84
2489 118 118 83
2490 153 153 84
2491 118 118 83
2492 203 203 83
2493 255 255 84
2494 170 170 84
2495 186 186 83
2496 221 221 84
2497 170 170 84
2498 220 220 83
2499 187 187 84
2500 170 170 84
2501 118 118 83
2502 119 119 84
2503 102 102 84
2504 186 186 83
2505 203 203 83
2506 221 221 84
2507 102 102 84
2508 136 136 84
2509 204 204 84
2510 186 186 83
2511 135 135 83
2512 237 237 83
2513 169 169 83
2514 169 169 83
2515 187 187 84
2516 220 220 83
2517 153 153 84
2518 220 220 83
2519 119 119 84
2520 136 136 84
2521 204 204 84
2522 170 170 84
2523 102 102 84
2524 118 118 83
2525 153 153 84
2526 136 136 84
2527 136 136 84
2528 238 238 84
2529 170 170 84
2530 220 220 83
2531 153 153 84
2532 204 204 84
2533 238 238 84
2534 118 118 83
2535 101 101 83
2536 187 187 84
2537 186 186 83
2538 187 187 84
2539 220 220 83
2540 119 119 84
2541 170 170 84
2542 238 238 84
2543 186 186 83
2544 169 169 83
2545 119 119 84
2546 136 136 84
2547 136 136 84
2548 220 220 83
2549 187 187 84
2550 152 152 83
2551 135 135 83
2552 187 187 84
2553 186 186 83
2554 187 187 84
2555 204 204 84
2556 152 152 83
2557 169 169 83
2558 237 237 83
2559 187 187 84
2560 204 204 84
2561 152 152 83
2562 221 221 84
2563 170 170 84
2564 152 152 83
2565 221 221 84
2566 272 272 84
2567 152 152 83
2568 187 187 84
2569 220 220 83
2570 203 203 83
2571 203 203 83
2572 255 255 84
2573 152 152 83
2574 85 85 85
2575 102 102 84
2576 170 170 84
2577 170 170 84
2578 136 136 84
2579 186 186 83
2580 203 203 83
2581 153 153 84
2582 170 170 84
2583 152 152 83
2584 255 255 84
2585 204 204 84
2586 322 322 83
2587 169 169 83
2588 101 101 83
2589 169 169 83
2590 237 237 83
2591 169 169 83
2592 237 237 83
2593 119 119 84
2594 204 204 84
2595 238 238 84
2596 170 170 84
2597 254 254 83
2598 203 203 83
2599 373 373 83
2600 271 271 83
2601 203 203 83
2602 153 153 84
2603 288 288 83
2604 237 237 83
2605 187 187 84
2606 322 322 83
2607 221 221 84
2608 220 220 83
2609 203 203 83
2610 237 237 83
2611 339 339 83
2612 289 289 84
2613 186 186 83
2614 271 271 83
2615 339 339 83
2616 271 271 83
2617 289 289 84
2618 220 220 83
2619 373 373 83
2620 271 271 83
2621 407 407 83
2622 323 323 84
2623 204 204 84
2624 204 204 84
2625 204 204 84
2626 340 340 84
2627 254 254 83
2628 221 221 84
2629 272 272 84
2630 220 220 83
2631 237 237 83
2632 255 255 84
2633 356 356 83
2634 323 323 84
2635 204 204 84
2636 306 306 84
2637 254 254 83
2638 305 305 83
2639 203 203 83
2640 289 289 84
2641 220 220 83
2642 203 203 83
2643 357 357 84
2644 340 340 84
2645 322 322 83
2646 323 323 84
2647 390 390 83
2648 339 339 83
2649 407 407 83
2650 407 407 83
2651 289 289 84
2652 272 272 84
2653 390 390 83
2654 255 255 84
2655 322 322 83
2656 407 407 83
2657 237 237 83
2658 187 187 84
2659 458 458 83
2660 509 509 83
2661 391 391 84
2662 442 442 84
2663 306 306 84
2664 238 238 84
2665 356 356 83
2666 459 459 84
2667 374 374 84
2668 272 272 84
2669 322 322 83
2670 407 407 83
2671 391 391 84
2672 272 272 84
2673 288 288 83
2674 339 339 83
2675 271 271 83
2676 305 305 83
2677 289 289 84
2678 238 238 84
2679 306 306 84
2680 254 254 83
2681 323 323 84
2682 356 356 83
2683 357 357 84
2684 288 288 83
2685 441 441 83
2686 391 391 84
2687 288 288 83
2688 425 425 84
2689 424 424 83
2690 391 391 84
2691 288 288 83
2692 289 289 84
2693 424 424 83
2694 459 459 84
2695 322 322 83
2696 255 255 84
2697 374 374 84
2698 340 340 84
2699 340 340 84
2700 390 390 83
2701 373 373 83
2702 255 255 84
2703 408 408 84
2704 374 374 84
2705 458 458 83
2706 373 373 83
2707 339 339 83
2708 339 339 83
2709 221 221 84
2710 578 578 84
2711 374 374 84
2712 390 390 83
2713 305 305 83
2714 357 357 84
2715 458 458 83
2716 255 255 84
2717 612 612 84
2718 356 356 83
2719 339 339 83
2720 339 339 83
2721 289 289 84
2722 204 204 84
2723 238 238 84
2724 492 492 83
2725 339 339 83
2726 289 289 84
2727 254 254 83
2728 391 391 84
2729 306 306 84
2730 322 322 83
2731 255 255 84
2732 322 322 83
2733 305 305 83
2734 339 339 83
2735 339 339 83
2736 339 339 83
2737 373 373 83
2738 357 357 84
2739 288 288 83
2740 271 271 83
2741 373 373 83
2742 391 391 84
2743 272 272 84
2744 288 288 83
2745 323 323 84
2746 408 408 84
2747 238 238 84
2748 442 442 84
2749 356 356 83
2750 255 255 84
2751 374 374 84
2752 254 254 83
2753 339 339 83
2754 271 271 83
2755 203 203 83
2756 373 373 83
2757 237 237 83
2758 305 305 83
2759 305 305 83
2760 255 255 84
2761 374 374 84
2762 306 306 84
2763 272 272 84
2764 136 136 84
2765 272 272 84
2766 288 288 83
2767 441 441 83
2768 255 255 84
2769 220 220 83
2770 101 101 83
2771 221 221 84
2772 238 238 84
2773 170 170 84
2774 220 220 83
2775 339 339 83
2776 169 169 83
2777 187 187 84
2778 170 170 84
2779 254 254 83
2780 271 271 83
2781 221 221 84
2782 204 204 84
2783 220 220 83
2784 305 305 83
2785 187 187 84
2786 186 186 83
2787 169 169 83
2788 221 221 84
2789 254 254 83
2790 187 187 84
2791 152 152 83
2792 221 221 84
2793 204 204 84
2794 306 306 84
2795 204 204 84
2796 170 170 84
2797 204 204 84
2798 220 220 83
2799 289 289 84
2800 408 408 84
2801 170 170 84
2802 152 152 83
2803 237 237 83
2804 169 169 83
2805 203 203 83
2806 255 255 84
2807 238 238 84
2808 204 204 84
2809 238 238 84
2810 306 306 84
2811 272 272 84
2812 220 220 83
2813 203 203 83
2814 85 85 85
2815 152 152 83
2816 255 255 84
2817 186 186 83
2818 135 135 83
2819 237 237 83
2820 187 187 84
2821 220 220 83
2822 237 237 83
2823 373 373 83
2824 271 271 83
2825 221 221 84
2826 288 288 83
2827 323 323 84
2828 152 152 83
2829 221 221 84
2830 272 272 84
2831 238 238 84
2832 254 254 83
2833 237 237 83
2834 271 271 83
2835 221 221 84
2836 186 186 83
2837 203 203 83
2838 135 135 83
2839 221 221 84
2840 220 220 83
2841 169 169 83
2842 323 323 84
2843 170 170 84
2844 238 238 84
2845 118 118 83
2846 271 271 83
2847 135 135 83
2848 255 255 84
2849 238 238 84
2850 186 186 83
2851 221 221 84
2852 186 186 83
2853 305 305 83
2854 203 203 83
2855 255 255 84
2856 238 238 84
2857 254 254 83
2858 135 135 83
2859 187 187 84
2860 170 170 84
2861 136 136 84
2862 204 204 84
2863 186 186 83
2864 255 255 84
2865 118 118 83
2866 119 119 84
2867 220 220 83
2868 135 135 83
2869 135 135 83
2870 187 187 84
2871 136 136 84
2872 220 220 83
2873 153 153 84
2874 204 204 84
2875 220 220 83
2876 203 203 83
2877 153 153 84
2878 136 136 84
2879 152 152 83
2880 153 153 84
2881 136 136 84
2882 238 238 84
2883 152 152 83
2884 187 187 84
2885 152 152 83
2886 169 169 83
2887 153 153 84
2888 170 170 84
2889 186 186 83
2890 153 153 84
2891 170 170 84
2892 288 288 83
2893 203 203 83
2894 203 203 83
2895 169 169 83
2896 119 119 84
2897 272 272 84
2898 204 204 84
2899 238 238 84
2900 204 204 84
2901 186 186 83
2902 203 203 83
2903 169 169 83
2904 153 153 84
2905 238 238 84
2906 288 288 83
2907 255 255 84
2908 220 220 83
2909 119 119 84
2910 136 136 84
2911 136 136 84
2912 170 170 84
2913 118 118 83
2914 187 187 84
2915 152 152 83
2916 221 221 84
2917 118 118 83
2918 153 153 84
2919 136 136 84
2920 186 186 83
2921 135 135 83
2922 339 339 83
2923 271 271 83
2924 135 135 83
2925 135 135 83
2926 135 135 83
2927 135 135 83
2928 119 119 84
2929 170 170 84
2930 238 238 84
2931 204 204 84
2932 238 238 84
2933 152 152 83
2934 119 119 84
2935 186 186 83
2936 203 203 83
2937 271 271 83
2938 187 187 84
2939 102 102 84
2940 238 238 84
2941 136 136 84
2942 102 102 84
2943 136 136 84
2944 118 118 83
2945 153 153 84
2946 220 220 83
2947 271 271 83
2948 169 169 83
2949 169 169 83
2950 153 153 84
2951 254 254 83
2952 135 135 83
2953 203 203 83
2954 135 135 83
2955 221 221 84
2956 152 152 83
2957 255 255 84
2958 204 204 84
2959 118 118 83
2960 203 203 83
2961 289 289 84
2962 170 170 84
2963 118 118 83
2964 237 237 83
2965 135 135 83
2966 169 169 83
2967 169 169 83
2968 187 187 84
2969 152 152 83
2970 169 169 83
2971 187 187 84
2972 204 204 84
2973 152 152 83
2974 221 221 84
2975 288 288 83
2976 169 169 83
2977 255 255 84
2978 238 238 84
2979 254 254 83
2980 187 187 84
2981 170 170 84
2982 238 238 84
2983 118 118 83
2984 187 187 84
2985 288 288 83
2986 237 237 83
2987 203 203 83
2988 203 203 83
2989 85 85 85
2990 136 136 84
2991 204 204 84
2992 254 254 83
2993 271 271 83
2994 153 153 84
2995 170 170 84
2996 374 374 84
2997 204 204 84
2998 136 136 84
2999 238 238 84
3000 238 238 84
3001 186 186 83
3002 221 221 84
3003 288 288 83
3004 221 221 84
3005 152 152 83
3006 271 271 83
3007 305 305 83
3008 357 357 84
3009 186 186 83
3010 187 187 84
3011 340 340 84
3012 238 238 84
3013 458 458 83
3014 391 391 84
3015 322 322 83
3016 119 119 84
3017 204 204 84
3018 152 152 83
3019 407 407 83
3020 255 255 84
3021 442 442 84
3022 254 254 83
3023 323 323 84
3024 152 152 83
3025 255 255 84
3026 340 340 84
3027 442 442 84
3028 322 322 83
3029 391 391 84
3030 238 238 84
3031 322 322 83
3032 289 289 84
3033 204 204 84
3034 492 492 83
3035 441 441 83
3036 357 357 84
3037 390 390 83
3038 203 203 83
3039 169 169 83
3040 255 255 84
3041 238 238 84
3042 374 374 84
3043 424 424 83
3044 221 221 84
3045 306 306 84
3046 254 254 83
3047 459 459 84
3048 288 288 83
3049 271 271 83
3050 373 373 83
3051 289 289 84
3052 272 272 84
3053 254 254 83
3054 391 391 84
3055 340 340 84
3056 458 458 83
3057 373 373 83
3058 255 255 84
3059 340 340 84
3060 374 374 84
3061 408 408 84
3062 476 476 84
3063 272 272 84
3064 272 272 84
3065 340 340 84
3066 340 340 84
3067 288 288 83
3068 237 237 83
3069 289 289 84
3070 186 186 83
3071 271 271 83
3072 255 255 84
3073 288 288 83
3074 391 391 84
3075 390 390 83
3076 187 187 84
3077 306 306 84
3078 408 408 84
3079 322 322 83
3080 289 289 84
3081 254 254 83
3082 357 357 84
3083 390 390 83
3084 305 305 83
3085 237 237 83
3086 271 271 83
3087 271 271 83
3088 323 323 84
3089 272 272 84
3090 220 220 83
3091 289 289 84
3092 254 254 83
3093 323 323 84
3094 306 306 84
3095 272 272 84
3096 288 288 83
3097 203 203 83
3098 255 255 84
3099 170 170 84
3100 220 220 83
3101 357 357 84
3102 220 220 83
3103 255 255 84
3104 340 340 84
3105 272 272 84
3106 390 390 83
3107 289 289 84
3108 288 288 83
3109 221 221 84
3110 322 322 83
3111 237 237 83
3112 305 305 83
3113 203 203 83
3114 271 271 83
3115 255 255 84
3116 204 204 84
3117 220 220 83
3118 237 237 83
3119 237 237 83
3120 305 305 83
3121 203 203 83
3122 237 237 83
3123 237 237 83
3124 237 237 83
3125 237 237 83
3126 153 153 84
3127 204 204 84
3128 272 272 84
3129 254 254 83
3130 221 221 84
3131 220 220 83
3132 271 271 83
3133 255 255 84
3134 306 306 84
3135 322 322 83
3136 153 153 84
3137 204 204 84
3138 272 272 84
3139 170 170 84
3140 238 238 84
3141 204 204 84
3142 204 204 84
3143 204 204 84
3144 102 102 84
3145 136 136 84
3146 186 186 83
3147 221 221 84
3148 152 152 83
3149 135 135 83
3150 187 187 84
3151 170 170 84
3152 220 220 83
3153 271 271 83
3154 221 221 84
3155 204 204 84
3156 152 152 83
3157 119 119 84
3158 152 152 83
3159 119 119 84
3160 306 306 84
3161 170 170 84
3162 170 170 84
3163 204 204 84
3164 118 118 83
3165 153 153 84
3166 220 220 83
3167 169 169 83
3168 305 305 83
3169 187 187 84
3170 204 204 84
3171 170 170 84
3172 238 238 84
3173 170 170 84
3174 170 170 84
3175 204 204 84
3176 136 136 84
3177 170 170 84
3178 220 220 83
3179 119 119 84
3180 254 254 83
3181 135 135 83
3182 187 187 84
3183 186 186 83
3184 237 237 83
3185 187 187 84
3186 288 288 83
3187 153 153 84
3188 204 204 84
3189 204 204 84
3190 152 152 83
3191 169 169 83
3192 289 289 84
3193 238 238 84
3194 186 186 83
3195 237 237 83
3196 221 221 84
3197 170 170 84
3198 272 272 84
3199 186 186 83
3200 203 203 83
3201 271 271 83
3202 187 187 84
3203 170 170 84
3204 186 186 83
3205 135 135 83
3206 237 237 83
3207 153 153 84
3208 288 288 83
3209 255 255 84
3210 186 186 83
3211 187 187 84
3212 152 152 83
3213 119 119 84
3214 220 220 83
3215 203 203 83
3216 289 289 84
3217 170 170 84
3218 204 204 84
3219 170 170 84
3220 136 136 84
3221 118 118 83
3222 169 169 83
3223 153 153 84
3224 220 220 83
3225 101 101 83
3226 153 153 84
3227 254 254 83
3228 135 135 83
3229 221 221 84
3230 118 118 83
3231 85 85 85
3232 170 170 84
3233 204 204 84
3234 220 220 83
3235 119 119 84
3236 306 306 84
3237 220 220 83
3238 119 119 84
3239 136 136 84
3240 170 170 84
3241 170 170 84
3242 152 152 83
3243 187 187 84
3244 152 152 83
3245 153 153 84
3246 118 118 83
3247 187 187 84
3248 186 186 83
3249 135 135 83
3250 271 271 83
3251 169 169 83
3252 153 153 84
3253 102 102 84
3254 170 170 84
3255 136 136 84
3256 118 118 83
3257 289 289 84
3258 220 220 83
3259 255 255 84
3260 220 220 83
3261 169 169 83
3262 169 169 83
3263 271 271 83
3264 237 237 83
3265 135 135 83
3266 237 237 83
3267 203 203 83
3268 221 221 84
3269 102 102 84
3270 186 186 83
3271 187 187 84
3272 186 186 83
3273 203 203 83
3274 255 255 84
3275 254 254 83
3276 289 289 84
3277 204 204 84
3278 220 220 83
3279 255 255 84
3280 152 152 83
3281 323 323 84
3282 272 272 84
3283 186 186 83
3284 221 221 84
3285 152 152 83
3286 271 271 83
3287 153 153 84
3288 272 272 84
3289 356 356 83
3290 289 289 84
3291 340 340 84
3292 272 272 84
3293 288 288 83
3294 289 289 84
3295 356 356 83
3296 323 323 84
3297 340 340 84
3298 186 186 83
3299 357 357 84
3300 170 170 84
3301 322 322 83
3302 271 271 83
3303 323 323 84
3304 306 306 84
3305 306 306 84
3306 170 170 84
3307 204 204 84
3308 254 254 83
3309 289 289 84
3310 408 408 84
3311 272 272 84
3312 254 254 83
3313 339 339 83
3314 169 169 83
3315 271 271 83
3316 271 271 83
3317 221 221 84
3318 220 220 83
3319 271 271 83
3320 203 203 83
3321 153 153 84
3322 238 238 84
3323 118 118 83
3324 153 153 84
3325 254 254 83
3326 203 203 83
3327 153 153 84
3328 272 272 84
3329 136 136 84
3330 204 204 84
3331 152 152 83
3332 203 203 83
3333 203 203 83
3334 85 85 85
3335 254 254 83
3336 119 119 84
3337 170 170 84
3338 136 136 84
3339 204 204 84
3340 170 170 84
3341 152 152 83
3342 153 153 84
3343 204 204 84
3344 204 204 84
3345 220 220 83
3346 169 169 83
3347 203 203 83
3348 203 203 83
3349 221 221 84
3350 102 102 84
3351 170 170 84
3352 152 152 83
3353 203 203 83
3354 153 153 84
3355 220 220 83
3356 135 135 83
3357 153 153 84
3358 186 186 83
3359 169 169 83
3360 237 237 83
3361 169 169 83
3362 153 153 84
3363 152 152 83
3364 101 101 83
3365 135 135 83
3366 221 221 84
3367 186 186 83
3368 237 237 83
3369 135 135 83
3370 135 135 83
3371 135 135 83
3372 187 187 84
3373 186 186 83
3374 203 203 83
3375 203 203 83
3376 119 119 84
3377 220 220 83
3378 187 187 84
3379 136 136 84
3380 152 152 83
3381 187 187 84
3382 186 186 83
3383 153 153 84
3384 186 186 83
3385 153 153 84
3386 102 102 84
3387 170 170 84
3388 288 288 83
3389 271 271 83
3390 169 169 83
3391 101 101 83
3392 203 203 83
3393 153 153 84
3394 186 186 83
3395 255 255 84
3396 152 152 83
3397 153 153 84
3398 118 118 83
3399 119 119 84
3400 118 118 83
3401 135 135 83
3402 203 203 83
3403 237 237 83
3404 221 221 84
3405 152 152 83
3406 169 169 83
3407 153 153 84
3408 170 170 84
3409 254 254 83
3410 237 237 83
3411 187 187 84
3412 152 152 83
3413 101 101 83
3414 135 135 83
3415 169 169 83
3416 187 187 84
3417 152 152 83
3418 237 237 83
3419 119 119 84
3420 170 170 84
3421 118 118 83
3422 169 169 83
3423 169 169 83
3424 187 187 84
3425 186 186 83
3426 187 187 84
3427 204 204 84
3428 136 136 84
3429 136 136 84
3430 238 238 84
3431 204 204 84
3432 136 136 84
3433 152 152 83
3434 135 135 83
3435 237 237 83
3436 255 255 84
3437 340 340 84
3438 288 288 83
3439 187 187 84
3440 102 102 84
3441 136 136 84
3442 306 306 84
3443 238 238 84
3444 152 152 83
3445 153 153 84
3446 136 136 84
3447 136 136 84
3448 152 152 83
3449 407 407 83
3450 441 441 83
3451 305 305 83
3452 119 119 84
3453 186 186 83
3454 187 187 84
3455 186 186 83
3456 339 339 83
3457 221 221 84
3458 288 288 83
3459 221 221 84
3460 152 152 83
3461 101 101 83
3462 271 271 83
3463 339 339 83
3464 305 305 83
3465 323 323 84
3466 220 220 83
3467 237 237 83
3468 169 169 83
3469 289 289 84
3470 356 356 83
3471 357 357 84
3472 322 322 83
3473 135 135 83
3474 169 169 83
3475 169 169 83
3476 271 271 83
3477 339 339 83
3478 203 203 83
3479 169 169 83
3480 221 221 84
3481 322 322 83
3482 305 305 83
3483 289 289 84
3484 152 152 83
3485 255 255 84
3486 152 152 83
3487 153 153 84
3488 186 186 83
3489 153 153 84
3490 220 220 83
3491 169 169 83
3492 221 221 84
3493 84 84 84
3494 169 169 83
3495 153 153 84
3496 204 204 84
3497 204 204 84
3498 204 204 84
3499 204 204 84
3500 204 204 84
3501 118 118 83
3502 203 203 83
3503 153 153 84
3504 118 118 83
3505 187 187 84
3506 170 170 84
3507 306 306 84
3508 238 238 84
3509 204 204 84
3510 136 136 84
3511 118 118 83
3512 153 153 84
3513 186 186 83
3514 153 153 84
3515 152 152 83
3516 169 169 83
3517 169 169 83
3518 203 203 83
3519 135 135 83
3520 153 153 84
3521 136 136 84
3522 170 170 84
3523 170 170 84
3524 118 118 83
3525 101 101 83
3526 119 119 84
3527 118 118 83
3528 135 135 83
3529 135 135 83
3530 187 187 84
3531 204 204 84
3532 102 102 84
3533 136 136 84
3534 170 170 84
3535 186 186 83
3536 135 135 83
3537 119 119 84
3538 102 102 84
3539 186 186 83
3540 153 153 84
3541 204 204 84
3542 118 118 83
3543 187 187 84
3544 152 152 83
3545 101 101 83
3546 169 169 83
3547 101 101 83
3548 85 85 85
3549 136 136 84
3550 204 204 84
3551 152 152 83
3552 203 203 83
3553 135 135 83
3554 135 135 83
3555 135 135 83
3556 153 153 84
3557 118 118 83
3558 101 101 83
3559 221 221 84
3560 220 220 83
3561 135 135 83
3562 101 101 83
3563 153 153 84
3564 170 170 84
3565 186 186 83
3566 203 203 83
3567 153 153 84
3568 152 152 83
3569 101 101 83
3570 101 101 83
3571 169 169 83
3572 187 187 84
3573 136 136 84
3574 152 152 83
3575 135 135 83
3576 169 169 83
3577 135 135 83
3578 119 119 84
3579 152 152 83
3580 135 135 83
3581 203 203 83
3582 323 323 84
3583 170 170 84
3584 118 118 83
3585 119 119 84
3586 136 136 84
3587 152 152 83
3588 187 187 84
3589 272 272 84
3590 204 204 84
3591 152 152 83
3592 119 119 84
3593 170 170 84
3594 102 102 84
3595 118 118 83
3596 221 221 84
3597 204 204 84
3598 288 288 83
3599 169 169 83
3600 203 203 83
3601 153 153 84
3602 220 220 83
3603 255 255 84
3604 254 254 83
3605 221 221 84
3606 170 170 84
3607 186 186 83
3608 187 187 84
3609 136 136 84
3610 118 118 83
3611 135 135 83
3612 169 169 83
3613 203 203 83
3614 119 119 84
3615 136 136 84
3616 136 136 84
3617 136 136 84
3618 220 220 83
3619 221 221 84
3620 220 220 83
3621 255 255 84
3622 136 136 84
3623 136 136 84
3624 186 186 83
3625 101 101 83
3626 119 119 84
3627 152 152 83
3628 187 187 84
3629 152 152 83
3630 169 169 83
3631 135 135 83
3632 135 135 83
3633 135 135 83
3634 221 221 84
3635 254 254 83
3636 221 221 84
3637 204 204 84
3638 152 152 83
3639 119 119 84
3640 102 102 84
3641 220 220 83
3642 101 101 83
3643 101 101 83
3644 237 237 83
3645 101 101 83
3646 169 169 83
3647 135 135 83
3648 135 135 83
3649 119 119 84
3650 170 170 84
3651 136 136 84
3652 322 322 83
3653 255 255 84
3654 118 118 83
3655 135 135 83
3656 119 119 84
3657 152 152 83
3658 203 203 83
3659 153 153 84
3660 186 186 83
3661 135 135 83
3662 119 119 84
3663 136 136 84
3664 84 84 84
3665 169 169 83
3666 271 271 83
3667 169 169 83
3668 255 255 84
3669 152 152 83
3670 135 135 83
3671 101 101 83
3672 203 203 83
3673 237 237 83
3674 237 237 83
3675 153 153 84
3676 136 136 84
3677 170 170 84
3678 118 118 83
3679 153 153 84
3680 170 170 84
3681 136 136 84
3682 220 220 83
3683 187 187 84
3684 220 220 83
3685 135 135 83
3686 153 153 84
3687 306 306 84
3688 186 186 83
3689 237 237 83
3690 119 119 84
3691 170 170 84
3692 186 186 83
3693 153 153 84
3694 204 204 84
3695 170 170 84
3696 152 152 83
3697 153 153 84
3698 186 186 83
3699 169 169 83
3700 221 221 84
3701 170 170 84
3702 136 136 84
3703 340 340 84
3704 272 272 84
3705 356 356 83
3706 323 323 84
3707 136 136 84
3708 186 186 83
3709 203 203 83
3710 407 407 83
3711 357 357 84
3712 272 272 84
3713 272 272 84
3714 204 204 84
3715 442 442 84
3716 374 374 84
3717 356 356 83
3718 323 323 84
3719 288 288 83
3720 271 271 83
3721 271 271 83
3722 459 459 84
3723 322 322 83
3724 493 493 84
3725 442 442 84
3726 254 254 83
3727 339 339 83
3728 475 475 83
3729 357 357 84
3730 374 374 84
3731 442 442 84
3732 340 340 84
3733 322 322 83
3734 323 323 84
3735 374 374 84
3736 340 340 84
3737 390 390 83
3738 271 271 83
3739 425 425 84
3740 288 288 83
3741 407 407 83
3742 459 459 84
3743 374 374 84
3744 272 272 84
3745 254 254 83
3746 339 339 83
3747 459 459 84
3748 254 254 83
3749 169 169 83
3750 289 289 84
3751 186 186 83
3752 169 169 83
3753 289 289 84
3754 356 356 83
3755 289 289 84
3756 220 220 83
3757 305 305 83
3758 203 203 83
3759 187 187 84
3760 254 254 83
3761 221 221 84
3762 204 204 84
3763 238 238 84
3764 306 306 84
3765 220 220 83
3766 153 153 84
3767 136 136 84
3768 288 288 83
3769 357 357 84
3770 272 272 84
3771 220 220 83
3772 169 169 83
3773 169 169 83
3774 169 169 83
3775 271 271 83
3776 187 187 84
3777 136 136 84
3778 254 254 83
3779 169 169 83
3780 203 203 83
3781 169 169 83
3782 221 221 84
3783 170 170 84
3784 186 186 83
3785 169 169 83
3786 203 203 83
3787 153 153 84
3788 220 220 83
3789 237 237 83
3790 255 255 84
3791 238 238 84
3792 186 186 83
3793 135 135 83
3794 203 203 83
3795 169 169 83
3796 203 203 83
3797 187 187 84
3798 152 152 83
3799 203 203 83
3800 153 153 84
3801 170 170 84
3802 152 152 83
3803 271 271 83
3804 203 203 83
3805 271 271 83
3806 237 237 83
3807 169 169 83
3808 289 289 84
3809 220 220 83
3810 203 203 83
3811 221 221 84
3812 170 170 84
3813 254 254 83
3814 221 221 84
3815 118 118 83
3816 203 203 83
3817 289 289 84
3818 254 254 83
3819 255 255 84
3820 254 254 83
3821 187 187 84
3822 272 272 84
3823 288 288 83
3824 255 255 84
3825 254 254 83
3826 237 237 83
3827 187 187 84
3828 272 272 84
3829 238 238 84
3830 152 152 83
3831 271 271 83
3832 271 271 83
3833 339 339 83
3834 305 305 83
3835 187 187 84
3836 170 170 84
3837 254 254 83
3838 221 221 84
3839 322 322 83
3840 221 221 84
3841 322 322 83
3842 305 305 83
3843 289 289 84
3844 288 288 83
3845 169 169 83
3846 271 271 83
3847 187 187 84
3848 254 254 83
3849 323 323 84
3850 238 238 84
3851 272 272 84
3852 152 152 83
3853 101 101 83
3854 255 255 84
3855 254 254 83
3856 323 323 84
3857 220 220 83
3858 203 203 83
3859 187 187 84
3860 170 170 84
3861 152 152 83
3862 255 255 84
3863 186 186 83
3864 255 255 84
3865 170 170 84
3866 152 152 83
3867 119 119 84
3868 204 204 84
3869 204 204 84
3870 204 204 84
3871 238 238 84
3872 238 238 84
3873 306 306 84
3874 204 204 84
3875 204 204 84
3876 204 204 84
3877 204 204 84
3878 288 288 83
3879 237 237 83
3880 101 101 83
3881 135 135 83
3882 169 169 83
3883 169 169 83
3884 119 119 84
3885 204 204 84
3886 254 254 83
3887 169 169 83
3888 101 101 83
3889 237 237 83
3890 169 169 83
3891 187 187 84
3892 204 204 84
3893 136 136 84
3894 152 152 83
3895 153 153 84
3896 186 186 83
3897 187 187 84
3898 152 152 83
3899 187 187 84
3900 136 136 84
3901 186 186 83
3902 187 187 84
3903 204 204 84
3904 136 136 84
3905 152 152 83
3906 203 203 83
3907 169 169 83
3908 237 237 83
3909 135 135 83
3910 119 119 84
3911 186 186 83
3912 85 85 85
3913 170 170 84
3914 306 306 84
3915 204 204 84
3916 204 204 84
3917 204 204 84
3918 170 170 84
3919 152 152 83
3920 169 169 83
3921 237 237 83
3922 237 237 83
3923 135 135 83
3924 271 271 83
3925 101 101 83
3926 153 153 84
3927 220 220 83
3928 203 203 83
3929 135 135 83
3930 119 119 84
3931 136 136 84
3932 186 186 83
3933 169 169 83
3934 203 203 83
3935 203 203 83
3936 237 237 83
3937 187 187 84
3938 152 152 83
3939 119 119 84
3940 186 186 83
3941 153 153 84
3942 152 152 83
3943 203 203 83
3944 221 221 84
3945 136 136 84
3946 220 220 83
3947 203 203 83
3948 203 203 83
3949 203 203 83
3950 221 221 84
3951 136 136 84
3952 254 254 83
3953 255 255 84
3954 204 204 84
3955 152 152 83
3956 153 153 84
3957 152 152 83
3958 169 169 83
3959 153 153 84
3960 118 118 83
3961 153 153 84
3962 152 152 83
3963 153 153 84
3964 102 102 84
3965 170 170 84
3966 186 186 83
3967 101 101 83
3968 135 135 83
3969 119 119 84
3970 170 170 84
3971 170 170 84
3972 254 254 83
3973 119 119 84
3974 170 170 84
3975 204 204 84
3976 170 170 84
3977 118 118 83
3978 153 153 84
3979 272 272 84
3980 118 118 83
3981 135 135 83
3982 169 169 83
3983 187 187 84
3984 186 186 83
3985 221 221 84
3986 220 220 83
3987 153 153 84
3988 136 136 84
3989 152 152 83
3990 153 153 84
3991 152 152 83
3992 153 153 84
3993 136 136 84
3994 118 118 83
3995 135 135 83
3996 101 101 83
3997 119 119 84
3998 118 118 83
3999 135 135 83
4000 237 237 83
4001 187 187 84
4002 220 220 83
4003 153 153 84
4004 204 204 84
4005 136 136 84
4006 152 152 83
4007 169 169 83
4008 169 169 83
4009 237 237 83
4010 153 153 84
4011 136 136 84
4012 186 186 83
4013 135 135 83
4014 101 101 83
4015 119 119 84
4016 102 102 84
4017 186 186 83
4018 153 153 84
4019 118 118 83
4020 119 119 84
4021 118 118 83
4022 119 119 84
4023 288 288 83
4024 153 153 84
4025 238 238 84
4026 136 136 84
4027 84 84 84
4028 135 135 83
4029 135 135 83
4030 101 101 83
4031 221 221 84
4032 102 102 84
4033 102 102 84
4034 152 152 83
4035 85 85 85
4036 84 84 84
4037 119 119 84
4038 102 102 84
4039 136 136 84
4040 170 170 84
4041 102 102 84
4042 136 136 84
4043 170 170 84
4044 136 136 84
4045 170 170 84
4046 152 152 83
4047 153 153 84
4048 136 136 84
4049 118 118 83
4050 153 153 84
4051 136 136 84
4052 102 102 84
4053 118 118 83
4054 169 169 83
4055 135 135 83
4056 169 169 83
4057 135 135 83
4058 135 135 83
4059 119 119 84
4060 136 136 84
4061 118 118 83
4062 187 187 84
4063 136 136 84
4064 102 102 84
4065 170 170 84
4066 102 102 84
4067 136 136 84
4068 118 118 83
4069 203 203 83
4070 169 169 83
4071 135 135 83
4072 153 153 84
4073 102 102 84
4074 238 238 84
4075 238 238 84
4076 186 186 83
4077 203 203 83
4078 153 153 84
4079 118 118 83
4080 153 153 84
4081 136 136 84
4082 118 118 83
4083 203 203 83
4084 135 135 83
4085 237 237 83
4086 221 221 84
4087 186 186 83
4088 101 101 83
4089 169 169 83
4090 135 135 83
4091 203 203 83
4092 339 339 83
4093 237 237 83
4094 255 255 84
4095 136 136 84
4096 152 152 83
4097 135 135 83
4098 237 237 83
4099 407 407 83
4100 493 493 84
4101 288 288 83
4102 187 187 84
4103 152 152 83
4104 203 203 83
4105 221 221 84
4106 272 272 84
4107 408 408 84
4108 390 390 83
4109 271 271 83
4110 135 135 83
4111 135 135 83
4112 169 169 83
4113 255 255 84
4114 340 340 84
4115 408 408 84
4116 322 322 83
4117 203 203 83
4118 119 119 84
4119 204 204 84
4120 390 390 83
4121 629 629 84
4122 526 526 83
4123 255 255 84
4124 204 204 84
4125 220 220 83
4126 237 237 83
4127 237 237 83
4128 255 255 84
4129 288 288 83
4130 305 305 83
4131 203 203 83
4132 221 221 84
4133 220 220 83
4134 289 289 84
4135 204 204 84
4136 322 322 83
4137 323 323 84
4138 272 272 84
4139 204 204 84
4140 288 288 83
4141 237 237 83
4142 255 255 84
4143 170 170 84
4144 220 220 83
4145 221 221 84
4146 186 186 83
4147 169 169 83
4148 187 187 84
4149 204 204 84
4150 170 170 84
4151 340 340 84
4152 288 288 83
4153 255 255 84
4154 170 170 84
4155 340 340 84
4156 204 204 84
4157 272 272 84
4158 356 356 83
4159 119 119 84
4160 204 204 84
4161 238 238 84
4162 220 220 83
4163 221 221 84
4164 306 306 84
4165 238 238 84
4166 220 220 83
4167 323 323 84
4168 254 254 83
4169 119 119 84
4170 254 254 83
4171 289 289 84
4172 238 238 84
4173 170 170 84
4174 204 204 84
4175 238 238 84
4176 220 220 83
4177 237 237 83
4178 221 221 84
4179 238 238 84
4180 186 186 83
4181 153 153 84
4182 186 186 83
4183 221 221 84
4184 288 288 83
4185 203 203 83
4186 271 271 83
4187 271 271 83
4188 187 187 84
4189 254 254 83
4190 255 255 84
4191 170 170 84
4192 220 220 83
4193 169 169 83
4194 221 221 84
4195 152 152 83
4196 153 153 84
4197 102 102 84
4198 254 254 83
4199 101 101 83
4200 187 187 84
4201 220 220 83
4202 169 169 83
4203 289 289 84
4204 220 220 83
4205 203 203 83
4206 135 135 83
4207 187 187 84
4208 220 220 83
4209 203 203 83
4210 187 187 84
4211 186 186 83
4212 237 237 83
4213 255 255 84
4214 136 136 84
4215 152 152 83
4216 169 169 83
4217 221 221 84
4218 408 408 84
4219 220 220 83
4220 221 221 84
4221 136 136 84
4222 170 170 84
4223 170 170 84
4224 204 204 84
4225 170 170 84
4226 238 238 84
4227 170 170 84
4228 204 204 84
4229 170 170 84
4230 118 118 83
4231 237 237 83
4232 153 153 84
4233 186 186 83
4234 169 169 83
4235 135 135 83
4236 169 169 83
4237 153 153 84
4238 152 152 83
4239 255 255 84
4240 186 186 83
4241 169 169 83
4242 203 203 83
4243 101 101 83
4244 135 135 83
4245 187 187 84
4246 186 186 83
4247 271 271 83
4248 135 135 83
4249 101 101 83
4250 169 169 83
4251 203 203 83
4252 221 221 84
4253 220 220 83
4254 203 203 83
4255 255 255 84
4256 170 170 84
4257 186 186 83
4258 169 169 83
4259 255 255 84
4260 322 322 83
4261 153 153 84
4262 220 220 83
4263 203 203 83
4264 221 221 84
4265 204 204 84
4266 238 238 84
4267 186 186 83
4268 289 289 84
4269 152 152 83
4270 119 119 84
4271 220 220 83
4272 135 135 83
4273 203 203 83
4274 187 187 84
4275 254 254 83
4276 221 221 84
4277 170 170 84
4278 204 204 84
4279 152 152 83
4280 289 289 84
4281 170 170 84
4282 306 306 84
4283 220 220 83
4284 289 289 84
4285 152 152 83
4286 187 187 84
4287 220 220 83
4288 203 203 83
4289 271 271 83
4290 169 169 83
4291 237 237 83
4292 255 255 84
4293 136 136 84
4294 136 136 84
4295 170 170 84
4296 186 186 83
4297 169 169 83
4298 221 221 84
4299 170 170 84
4300 170 170 84
4301 272 272 84
4302 204 204 84
4303 238 238 84
4304 220 220 83
4305 119 119 84
4306 204 204 84
4307 238 238 84
4308 374 374 84
4309 288 288 83
4310 153 153 84
4311 170 170 84
4312 102 102 84
4313 272 272 84
4314 238 238 84
4315 220 220 83
4316 135 135 83
4317 221 221 84
4318 136 136 84
4319 152 152 83
4320 119 119 84
4321 288 288 83
4322 153 153 84
4323 136 136 84
4324 186 186 83
4325 203 203 83
4326 153 153 84
4327 204 204 84
4328 220 220 83
4329 271 271 83
4330 119 119 84
4331 152 152 83
4332 119 119 84
4333 136 136 84
4334 118 118 83
4335 169 169 83
4336 203 203 83
4337 135 135 83
4338 135 135 83
4339 169 169 83
4340 153 153 84
4341 152 152 83
4342 187 187 84
4343 170 170 84
4344 204 204 84
4345 220 220 83
4346 153 153 84
4347 118 118 83
4348 119 119 84
4349 152 152 83
4350 169 169 83
4351 169 169 83
4352 153 153 84
4353 136 136 84
4354 152 152 83
4355 119 119 84
4356 102 102 84
4357 186 186 83
4358 135 135 83
4359 169 169 83
4360 203 203 83
4361 135 135 83
4362 169 169 83
4363 169 169 83
4364 135 135 83
4365 135 135 83
4366 153 153 84
4367 136 136 84
4368 152 152 83
4369 119 119 84
4370 238 238 84
4371 118 118 83
4372 169 169 83
4373 169 169 83
4374 203 203 83
4375 119 119 84
4376 152 152 83
4377 153 153 84
4378 136 136 84
4379 102 102 84
4380 186 186 83
4381 203 203 83
4382 255 255 84
4383 170 170 84
4384 152 152 83
4385 119 119 84
4386 84 84 84
4387 101 101 83
4388 203 203 83
4389 135 135 83
4390 101 101 83
4391 153 153 84
4392 220 220 83
4393 169 169 83
4394 153 153 84
4395 204 204 84
4396 204 204 84
4397 136 136 84
4398 152 152 83
4399 187 187 84
4400 136 136 84
4401 102 102 84
4402 152 152 83
4403 153 153 84
4404 186 186 83
4405 119 119 84
4406 136 136 84
4407 102 102 84
4408 118 118 83
4409 169 169 83
4410 119 119 84
4411 118 118 83
4412 237 237 83
4413 119 119 84
4414 118 118 83
4415 101 101 83
4416 221 221 84
4417 152 152 83
4418 85 85 85
4419 102 102 84
4420 152 152 83
4421 187 187 84
4422 136 136 84
4423 204 204 84
4424 152 152 83
4425 119 119 84
4426 136 136 84
4427 220 220 83
4428 187 187 84
4429 204 204 84
4430 118 118 83
4431 153 153 84
4432 186 186 83
4433 119 119 84
4434 136 136 84
4435 186 186 83
4436 135 135 83
4437 169 169 83
4438 153 153 84
4439 136 136 84
4440 220 220 83
4441 153 153 84
4442 136 136 84
4443 152 152 83
4444 237 237 83
4445 203 203 83
4446 153 153 84
4447 136 136 84
4448 152 152 83
4449 153 153 84
4450 254 254 83
4451 153 153 84
4452 254 254 83
4453 255 255 84
4454 118 118 83
4455 153 153 84
4456 136 136 84
4457 186 186 83
4458 203 203 83
4459 237 237 83
4460 237 237 83
4461 187 187 84
4462 220 220 83
4463 237 237 83
4464 323 323 84
4465 322 322 83
4466 135 135 83
4467 323 323 84
4468 356 356 83
4469 271 271 83
4470 289 289 84
4471 356 356 83
4472 357 357 84
4473 442 442 84
4474 306 306 84
4475 458 458 83
4476 391 391 84
4477 492 492 83
4478 305 305 83
4479 407 407 83
4480 373 373 83
4481 441 441 83
4482 459 459 84
4483 390 390 83
4484 425 425 84
4485 458 458 83
4486 373 373 83
4487 425 425 84
4488 220 220 83
4489 305 305 83
4490 255 255 84
4491 322 322 83
4492 237 237 83
4493 255 255 84
4494 272 272 84
4495 356 356 83
4496 271 271 83
4497 289 289 84
4498 204 204 84
4499 408 408 84
4500 306 306 84
4501 288 288 83
4502 271 271 83
4503 391 391 84
4504 356 356 83
4505 527 527 84
4506 356 356 83
4507 305 305 83
4508 391 391 84
4509 390 390 83
4510 187 187 84
4511 340 340 84
4512 356 356 83
4513 289 289 84
4514 340 340 84
4515 204 204 84
4516 238 238 84
4517 288 288 83
4518 271 271 83
4519 255 255 84
4520 238 238 84
4521 306 306 84
4522 356 356 83
4523 305 305 83
4524 255 255 84
4525 306 306 84
4526 272 272 84
4527 254 254 83
4528 271 271 83
4529 373 373 83
4530 187 187 84
4531 186 186 83
4532 305 305 83
4533 373 373 83
4534 339 339 83
4535 493 493 84
4536 288 288 83
4537 203 203 83
4538 323 323 84
4539 204 204 84
4540 306 306 84
4541 136 136 84
4542 408 408 84
4543 306 306 84
4544 220 220 83
4545 255 255 84
4546 288 288 83
4547 373 373 83
4548 323 323 84
4549 340 340 84
4550 136 136 84
4551 322 322 83
4552 305 305 83
4553 271 271 83
4554 237 237 83
4555 271 271 83
4556 323 323 84
4557 306 306 84
4558 220 220 83
4559 323 323 84
4560 272 272 84
4561 322 322 83
4562 289 289 84
4563 322 322 83
4564 271 271 83
4565 255 255 84
4566 322 322 83
4567 237 237 83
4568 289 289 84
4569 204 204 84
4570 272 272 84
4571 220 220 83
4572 153 153 84
4573 204 204 84
4574 272 272 84
4575 254 254 83
4576 357 357 84
4577 254 254 83
4578 289 289 84
4579 118 118 83
4580 255 255 84
4581 254 254 83
4582 203 203 83
4583 221 221 84
4584 254 254 83
4585 271 271 83
4586 169 169 83
4587 271 271 83
4588 305 305 83
4589 271 271 83
4590 221 221 84
4591 204 204 84
4592 136 136 84
4593 306 306 84
4594 288 288 83
4595 255 255 84
4596 204 204 84
4597 238 238 84
4598 254 254 83
4599 271 271 83
4600 305 305 83
4601 271 271 83
4602 289 289 84
4603 254 254 83
4604 289 289 84
4605 254 254 83
4606 237 237 83
4607 255 255 84
4608 254 254 83
4609 203 203 83
4610 339 339 83
4611 271 271 83
4612 135 135 83
4613 237 237 83
4614 153 153 84
4615 306 306 84
4616 272 272 84
4617 272 272 84
4618 288 288 83
4619 237 237 83
4620 339 339 83
4621 237 237 83
4622 255 255 84
4623 186 186 83
4624 323 323 84
4625 272 272 84
4626 238 238 84
4627 204 204 84
4628 254 254 83
4629 339 339 83
4630 271 271 83
4631 255 255 84
4632 306 306 84
4633 288 288 83
4634 289 289 84
4635 186 186 83
4636 221 221 84
4637 272 272 84
4638 272 272 84
4639 390 390 83
4640 255 255 84
4641 238 238 84
4642 254 254 83
4643 153 153 84
4644 272 272 84
4645 272 272 84
4646 220 220 83
4647 169 169 83
4648 187 187 84
4649 220 220 83
4650 255 255 84
4651 220 220 83
4652 187 187 84
4653 204 204 84
4654 204 204 84
4655 238 238 84
4656 254 254 83
4657 305 305 83
4658 169 169 83
4659 187 187 84
4660 186 186 83
4661 237 237 83
4662 221 221 84
4663 204 204 84
4664 306 306 84
4665 186 186 83
4666 271 271 83
4667 221 221 84
4668 186 186 83
4669 237 237 83
4670 305 305 83
4671 187 187 84
4672 238 238 84
4673 186 186 83
4674 271 271 83
4675 169 169 83
4676 169 169 83
4677 271 271 83
4678 305 305 83
4679 187 187 84
4680 136 136 84
4681 204 204 84
4682 170 170 84
4683 238 238 84
4684 340 340 84
4685 220 220 83
4686 153 153 84
4687 152 152 83
4688 153 153 84
4689 136 136 84
4690 118 118 83
4691 135 135 83
4692 221 221 84
4693 170 170 84
4694 204 204 84
4695 204 204 84
4696 220 220 83
4697 187 187 84
4698 152 152 83
4699 187 187 84
4700 322 322 83
4701 187 187 84
4702 118 118 83
4703 119 119 84
4704 186 186 83
4705 153 153 84
4706 238 238 84
4707 170 170 84
4708 152 152 83
4709 101 101 83
4710 169 169 83
4711 153 153 84
4712 204 204 84
4713 204 204 84
4714 204 204 84
4715 186 186 83
4716 187 187 84
4717 152 152 83
4718 221 221 84
4719 136 136 84
4720 186 186 83
4721 169 169 83
4722 203 203 83
4723 169 169 83
4724 101 101 83
4725 237 237 83
4726 187 187 84
4727 102 102 84
4728 238 238 84
4729 170 170 84
4730 170 170 84
4731 220 220 83
4732 237 237 83
4733 221 221 84
4734 170 170 84
4735 152 152 83
4736 169 169 83
4737 153 153 84
4738 186 186 83
4739 169 169 83
4740 153 153 84
4741 186 186 83
4742 255 255 84
4743 220 220 83
4744 187 187 84
4745 136 136 84
4746 118 118 83
4747 153 153 84
4748 220 220 83
4749 237 237 83
4750 169 169 83
4751 203 203 83
4752 153 153 84
4753 152 152 83
4754 187 187 84
4755 136 136 84
4756 118 118 83
4757 187 187 84
4758 136 136 84
4759 238 238 84
4760 152 152 83
4761 255 255 84
4762 220 220 83
4763 221 221 84
4764 102 102 84
4765 152 152 83
4766 203 203 83
4767 187 187 84
4768 220 220 83
4769 187 187 84
4770 186 186 83
4771 169 169 83
4772 119 119 84
4773 136 136 84
4774 118 118 83
4775 135 135 83
4776 221 221 84
4777 220 220 83
4778 305 305 83
4779 169 169 83
4780 221 221 84
4781 170 170 84
4782 170 170 84
4783 220 220 83
4784 289 289 84
4785 356 356 83
4786 203 203 83
4787 135 135 83
4788 153 153 84
4789 220 220 83
4790 221 221 84
4791 238 238 84
4792 220 220 83
4793 135 135 83
4794 237 237 83
4795 255 255 84
4796 152 152 83
4797 153 153 84
4798 220 220 83
4799 323 323 84
4800 288 288 83
4801 221 221 84
4802 136 136 84
4803 186 186 83
4804 289 289 84
4805 238 238 84
4806 152 152 83
4807 221 221 84
4808 288 288 83
4809 255 255 84
4810 170 170 84
4811 254 254 83
4812 221 221 84
4813 204 204 84
4814 204 204 84
4815 238 238 84
4816 254 254 83
4817 203 203 83
4818 237 237 83
4819 203 203 83
4820 203 203 83
4821 203 203 83
4822 153 153 84
4823 220 220 83
4824 221 221 84
4825 272 272 84
4826 118 118 83
4827 203 203 83
4828 169 169 83
4829 153 153 84
4830 322 322 83
4831 339 339 83
4832 441 441 83
4833 305 305 83
4834 169 169 83
4835 289 289 84
4836 306 306 84
4837 476 476 84
4838 322 322 83
4839 203 203 83
4840 323 323 84
4841 170 170 84
4842 356 356 83
4843 391 391 84
4844 322 322 83
4845 187 187 84
4846 272 272 84
4847 356 356 83
4848 373 373 83
4849 425 425 84
4850 238 238 84
4851 288 288 83
4852 289 289 84
4853 238 238 84
4854 476 476 84
4855 306 306 84
4856 356 356 83
4857 255 255 84
4858 458 458 83
4859 373 373 83
4860 289 289 84
4861 374 374 84
4862 390 390 83
4863 255 255 84
4864 322 322 83
4865 391 391 84
4866 340 340 84
4867 306 306 84
4868 254 254 83
4869 339 339 83
4870 373 373 83
4871 305 305 83
4872 187 187 84
4873 356 356 83
4874 237 237 83
4875 237 237 83
4876 271 271 83
4877 271 271 83
4878 221 221 84
4879 306 306 84
4880 170 170 84
4881 322 322 83
4882 221 221 84
4883 390 390 83
4884 169 169 83
4885 255 255 84
4886 238 238 84
4887 306 306 84
4888 322 322 83
4889 255 255 84
4890 254 254 83
4891 135 135 83
4892 271 271 83
4893 221 221 84
4894 152 152 83
4895 203 203 83
4896 255 255 84
4897 220 220 83
4898 289 289 84
4899 374 374 84
4900 390 390 83
4901 221 221 84
4902 272 272 84
4903 186 186 83
4904 237 237 83
4905 187 187 84
4906 356 356 83
4907 289 289 84
4908 220 220 83
4909 305 305 83
4910 271 271 83
4911 357 357 84
4912 288 288 83
4913 237 237 83
4914 289 289 84
4915 340 340 84
4916 306 306 84
4917 254 254 83
4918 391 391 84
4919 186 186 83
4920 357 357 84
4921 288 288 83
4922 237 237 83
4923 305 305 83
4924 153 153 84
4925 322 322 83
4926 339 339 83
4927 373 373 83
4928 237 237 83
4929 203 203 83
4930 255 255 84
4931 254 254 83
4932 323 323 84
4933 170 170 84
4934 220 220 83
4935 153 153 84
4936 220 220 83
4937 305 305 83
4938 203 203 83
4939 153 153 84
4940 204 204 84
4941 288 288 83
4942 289 289 84
4943 238 238 84
4944 186 186 83
4945 135 135 83
4946 169 169 83
4947 135 135 83
4948 271 271 83
4949 271 271 83
4950 255 255 84
4951 220 220 83
4952 187 187 84
4953 204 204 84
4954 220 220 83
4955 237 237 83
4956 187 187 84
4957 238 238 84
4958 238 238 84
4959 186 186 83
4960 169 169 83
4961 135 135 83
4962 221 221 84
4963 118 118 83
4964 237 237 83
4965 119 119 84
4966 170 170 84
4967 204 204 84
4968 186 186 83
4969 169 169 83
4970 153 153 84
4971 170 170 84
4972 170 170 84
4973 204 204 84
4974 152 152 83
4975 153 153 84
4976 170 170 84
4977 186 186 83
4978 221 221 84
4979 170 170 84
4980 238 238 84
4981 136 136 84
4982 238 238 84
4983 170 170 84
4984 170 170 84
4985 152 152 83
4986 153 153 84
4987 170 170 84
4988 220 220 83
4989 153 153 84
4990 186 186 83
4991 221 221 84
4992 152 152 83
4993 153 153 84
4994 204 204 84
4995 170 170 84
4996 288 288 83
4997 203 203 83
4998 119 119 84
4999 186 186 83
5000 305 305 83
5001 169 169 83
5002 221 221 84
5003 204 204 84
5004 204 204 84
5005 204 204 84
5006 186 186 83
5007 305 305 83
5008 305 305 83
5009 289 289 84
5010 220 220 83
5011 221 221 84
5012 220 220 83
5013 169 169 83
5014 271 271 83
5015 271 271 83
5016 255 255 84
5017 272 272 84
5018 152 152 83
5019 255 255 84
5020 136 136 84
5021 254 254 83
5022 255 255 84
5023 152 152 83
5024 119 119 84
5025 322 322 83
5026 271 271 83
5027 255 255 84
5028 220 220 83
5029 169 169 83
5030 169 169 83
5031 153 153 84
5032 204 204 84
5033 254 254 83
5034 153 153 84
5035 170 170 84
5036 186 186 83
5037 169 169 83
5038 255 255 84
5039 186 186 83
5040 187 187 84
5041 136 136 84
5042 84 84 84
5043 169 169 83
5044 187 187 84
5045 238 238 84
5046 238 238 84
5047 288 288 83
5048 119 119 84
5049 136 136 84
5050 152 152 83
5051 153 153 84
5052 136 136 84
5053 186 186 83
5054 221 221 84
5055 204 204 84
5056 204 204 84
5057 204 204 84
5058 102 102 84
5059 220 220 83
5060 221 221 84
5061 204 204 84
5062 170 170 84
5063 118 118 83
5064 135 135 83
5065 203 203 83
5066 237 237 83
5067 187 187 84
5068 118 118 83
5069 153 153 84
5070 204 204 84
5071 186 186 83
5072 203 203 83
5073 221 221 84
5074 220 220 83
5075 169 169 83
5076 187 187 84
5077 152 152 83
5078 169 169 83
5079 187 187 84
5080 186 186 83
5081 153 153 84
5082 136 136 84
5083 170 170 84
5084 170 170 84
5085 170 170 84
5086 118 118 83
5087 187 187 84
5088 288 288 83
5089 221 221 84
5090 170 170 84
5091 186 186 83
5092 187 187 84
5093 186 186 83
5094 153 153 84
5095 186 186 83
5096 203 203 83
5097 203 203 83
5098 169 169 83
5099 135 135 83
5100 119 119 84
5101 136 136 84
5102 170 170 84
5103 186 186 83
5104 169 169 83
5105 255 255 84
5106 136 136 84
5107 118 118 83
5108 203 203 83
5109 135 135 83
5110 101 101 83
5111 187 187 84
5112 118 118 83
5113 153 153 84
5114 152 152 83
5115 169 169 83
5116 221 221 84
5117 220 220 83
5118 187 187 84
5119 136 136 84
5120 152 152 83
5121 187 187 84
5122 186 186 83
5123 119 119 84
5124 152 152 83
5125 153 153 84
5126 170 170 84
5127 204 204 84
5128 118 118 83
5129 203 203 83
5130 153 153 84
5131 220 220 83
5132 153 153 84
5133 136 136 84
5134 136 136 84
5135 118 118 83
5136 187 187 84
5137 170 170 84
5138 152 152 83
5139 187 187 84
5140 118 118 83
5141 169 169 83
5142 169 169 83
5143 169 169 83
5144 289 289 84
5145 186 186 83
5146 169 169 83
5147 187 187 84
5148 118 118 83
5149 271 271 83
5150 169 169 83
5151 169 169 83
5152 119 119 84
5153 118 118 83
5154 153 153 84
5155 220 220 83
5156 135 135 83
5157 119 119 84
5158 220 220 83
5159 187 187 84
5160 204 204 84
5161 254 254 83
5162 187 187 84
5163 186 186 83
5164 305 305 83
5165 153 153 84
5166 220 220 83
5167 187 187 84
5168 118 118 83
5169 85 85 85
5170 136 136 84
5171 204 204 84
5172 204 204 84
5173 204 204 84
5174 204 204 84
5175 170 170 84
5176 204 204 84
5177 84 84 84
5178 135 135 83
5179 169 169 83
5180 203 203 83
5181 101 101 83
5182 169 169 83
5183 119 119 84
5184 186 186 83
5185 135 135 83
5186 237 237 83
5187 271 271 83
5188 203 203 83
5189 169 169 83
5190 187 187 84
5191 238 238 84
5192 152 152 83
5193 153 153 84
5194 186 186 83
5195 203 203 83
5196 271 271 83
5197 221 221 84
5198 204 204 84
5199 152 152 83
5200 153 153 84
5201 170 170 84
5202 220 220 83
5203 237 237 83
5204 135 135 83
5205 203 203 83
5206 169 169 83
5207 289 289 84
5208 186 186 83
5209 221 221 84
5210 136 136 84
5211 288 288 83
5212 153 153 84
5213 272 272 84
5214 238 238 84
5215 254 254 83
5216 289 289 84
5217 186 186 83
5218 169 169 83
5219 119 119 84
5220 254 254 83
5221 187 187 84
5222 272 272 84
5223 220 220 83
5224 271 271 83
5225 187 187 84
5226 152 152 83
5227 203 203 83
5228 323 323 84
5229 254 254 83
5230 373 373 83
5231 153 153 84
5232 220 220 83
5233 305 305 83
5234 271 271 83
5235 289 289 84
5236 306 306 84
5237 356 356 83
5238 187 187 84
5239 220 220 83
5240 237 237 83
5241 187 187 84
5242 272 272 84
5243 288 288 83
5244 255 255 84
5245 186 186 83
5246 289 289 84
5247 254 254 83
5248 255 255 84
5249 322 322 83
5250 203 203 83
5251 221 221 84
5252 288 288 83
5253 255 255 84
5254 340 340 84
5255 340 340 84
5256 442 442 84
5257 374 374 84
5258 272 272 84
5259 340 340 84
5260 220 220 83
5261 221 221 84
5262 170 170 84
5263 186 186 83
5264 255 255 84
5265 238 238 84
5266 170 170 84
5267 220 220 83
5268 187 187 84
5269 220 220 83
5270 187 187 84
5271 186 186 83
5272 255 255 84
5273 306 306 84
5274 152 152 83
5275 169 169 83
5276 153 153 84
5277 204 204 84
5278 204 204 84
5279 186 186 83
5280 221 221 84
5281 170 170 84
5282 186 186 83
5283 119 119 84
5284 152 152 83
5285 305 305 83
5286 203 203 83
5287 135 135 83
5288 237 237 83
5289 153 153 84
5290 102 102 84
5291 220 220 83
5292 153 153 84
5293 102 102 84
5294 136 136 84
5295 152 152 83
5296 187 187 84
5297 186 186 83
5298 153 153 84
5299 288 288 83
5300 153 153 84
5301 186 186 83
5302 221 221 84
5303 170 170 84
5304 152 152 83
5305 135 135 83
5306 271 271 83
5307 203 203 83
5308 153 153 84
5309 220 220 83
5310 169 169 83
5311 153 153 84
5312 152 152 83
5313 221 221 84
5314 220 220 83
5315 203 203 83
5316 119 119 84
5317 136 136 84
5318 186 186 83
5319 237 237 83
5320 271 271 83
5321 289 289 84
5322 254 254 83
5323 135 135 83
5324 169 169 83
5325 153 153 84
5326 238 238 84
5327 170 170 84
5328 118 118 83
5329 153 153 84
5330 118 118 83
5331 135 135 83
5332 187 187 84
5333 118 118 83
5334 169 169 83
5335 339 339 83
5336 203 203 83
5337 237 237 83
5338 135 135 83
5339 255 255 84
5340 186 186 83
5341 169 169 83
5342 187 187 84
5343 84 84 84
5344 169 169 83
5345 169 169 83
5346 153 153 84
5347 170 170 84
5348 170 170 84
5349 152 152 83
5350 101 101 83
5351 119 119 84
5352 220 220 83
5353 187 187 84
5354 220 220 83
5355 187 187 84
5356 204 204 84
5357 102 102 84
5358 136 136 84
5359 102 102 84
5360 186 186 83
5361 119 119 84
5362 170 170 84
5363 102 102 84
5364 204 204 84
5365 204 204 84
5366 220 220 83
5367 203 203 83
5368 203 203 83
5369 187 187 84
5370 152 152 83
5371 221 221 84
5372 118 118 83
5373 119 119 84
5374 102 102 84
5375 186 186 83
5376 187 187 84
5377 136 136 84
5378 170 170 84
5379 136 136 84
5380 136 136 84
5381 220 220 83
5382 153 153 84
5383 254 254 83
5384 169 169 83
5385 203 203 83
5386 153 153 84
5387 238 238 84
5388 102 102 84
5389 152 152 83
5390 221 221 84
5391 152 152 83
5392 135 135 83
5393 203 203 83
5394 135 135 83
5395 153 153 84
5396 204 204 84
5397 220 220 83
5398 169 169 83
5399 187 187 84
5400 152 152 83
5401 203 203 83
5402 203 203 83
5403 169 169 83
5404 221 221 84
5405 186 186 83
5406 187 187 84
5407 152 152 83
5408 119 119 84
5409 204 204 84
5410 272 272 84
5411 152 152 83
5412 169 169 83
5413 119 119 84
5414 118 118 83
5415 119 119 84
5416 220 220 83
5417 135 135 83
5418 271 271 83
5419 101 101 83
5420 187 187 84
5421 152 152 83
5422 187 187 84
5423 204 204 84
5424 186 186 83
5425 271 271 83
5426 221 221 84
5427 220 220 83
5428 237 237 83
5429 169 169 83
5430 187 187 84
5431 238 238 84
5432 152 152 83
5433 187 187 84
5434 102 102 84
5435 254 254 83
5436 203 203 83
5437 237 237 83
5438 169 169 83
5439 187 187 84
5440 238 238 84
5441 186 186 83
5442 221 221 84
5443 254 254 83
5444 221 221 84
5445 186 186 83
5446 169 169 83
5447 203 203 83
5448 187 187 84
5449 152 152 83
5450 135 135 83
5451 135 135 83
5452 169 169 83
5453 135 135 83
5454 255 255 84
5455 186 186 83
5456 119 119 84
5457 152 152 83
5458 169 169 83
5459 153 153 84
5460 102 102 84
5461 84 84 84
5462 187 187 84
5463 186 186 83
5464 135 135 83
5465 101 101 83
5466 135 135 83
5467 153 153 84
5468 220 220 83
5469 203 203 83
5470 203 203 83
5471 169 169 83
5472 187 187 84
5473 186 186 83
5474 203 203 83
5475 153 153 84
5476 118 118 83
5477 135 135 83
5478 237 237 83
5479 255 255 84
5480 102 102 84
5481 220 220 83
5482 203 203 83
5483 373 373 83
5484 119 119 84
5485 204 204 84
5486 186 186 83
5487 187 187 84
5488 442 442 84
5489 254 254 83
5490 271 271 83
5491 119 119 84
5492 306 306 84
5493 186 186 83
5494 203 203 83
5495 305 305 83
5496 407 407 83
5497 271 271 83
5498 135 135 83
5499 203 203 83
5500 255 255 84
5501 238 238 84
5502 238 238 84
5503 186 186 83
5504 271 271 83
5505 119 119 84
5506 152 152 83
5507 289 289 84
5508 322 322 83
5509 305 305 83
5510 271 271 83
5511 203 203 83
5512 169 169 83
5513 135 135 83
5514 153 153 84
5515 272 272 84
5516 340 340 84
5517 238 238 84
5518 170 170 84
5519 238 238 84
5520 220 220 83
5521 289 289 84
5522 238 238 84
5523 356 356 83
5524 237 237 83
5525 203 203 83
5526 169 169 83
5527 289 289 84
5528 340 340 84
5529 306 306 84
5530 306 306 84
5531 204 204 84
5532 204 204 84
5533 254 254 83
5534 203 203 83
5535 289 289 84
5536 424 424 83
5537 289 289 84
5538 442 442 84
5539 238 238 84
5540 254 254 83
5541 255 255 84
5542 306 306 84
5543 356 356 83
5544 221 221 84
5545 288 288 83
5546 323 323 84
5547 136 136 84
5548 204 204 84
5549 238 238 84
5550 322 322 83
5551 339 339 83
5552 305 305 83
5553 135 135 83
5554 305 305 83
5555 323 323 84
5556 408 408 84
5557 390 390 83
5558 289 289 84
5559 220 220 83
5560 237 237 83
5561 373 373 83
5562 187 187 84
5563 272 272 84
5564 204 204 84
5565 306 306 84
5566 238 238 84
5567 288 288 83
5568 255 255 84
5569 288 288 83
5570 255 255 84
5571 306 306 84
5572 288 288 83
5573 271 271 83
5574 305 305 83
5575 339 339 83
5576 289 289 84
5577 118 118 83
5578 221 221 84
5579 220 220 83
5580 425 425 84
5581 186 186 83
5582 221 221 84
5583 170 170 84
5584 238 238 84
5585 170 170 84
5586 170 170 84
5587 254 254 83
5588 187 187 84
5589 136 136 84
5590 118 118 83
5591 169 169 83
5592 135 135 83
5593 271 271 83
5594 203 203 83
5595 255 255 84
5596 170 170 84
5597 136 136 84
5598 170 170 84
5599 254 254 83
5600 169 169 83
5601 153 153 84
5602 254 254 83
5603 203 203 83
5604 119 119 84
5605 170 170 84
5606 238 238 84
5607 186 186 83
5608 203 203 83
5609 339 339 83
5610 221 221 84
5611 204 204 84
5612 272 272 84
5613 186 186 83
5614 221 221 84
5615 186 186 83
5616 203 203 83
5617 289 289 84
5618 186 186 83
5619 203 203 83
5620 203 203 83
5621 203 203 83
5622 221 221 84
5623 220 220 83
5624 119 119 84
5625 238 238 84
5626 204 204 84
5627 136 136 84
5628 238 238 84
5629 170 170 84
5630 322 322 83
5631 221 221 84
5632 220 220 83
5633 221 221 84
5634 152 152 83
5635 221 221 84
5636 238 238 84
5637 238 238 84
5638 170 170 84
5639 238 238 84
5640 220 220 83
5641 203 203 83
5642 153 153 84
5643 136 136 84
5644 238 238 84
5645 238 238 84
5646 152 152 83
5647 119 119 84
5648 84 84 84
5649 119 119 84
5650 220 220 83
5651 221 221 84
5652 238 238 84
5653 204 204 84
5654 152 152 83
5655 203 203 83
5656 203 203 83
5657 169 169 83
5658 187 187 84
5659 288 288 83
5660 187 187 84
5661 118 118 83
5662 119 119 84
5663 152 152 83
5664 203 203 83
5665 255 255 84
5666 118 118 83
5667 135 135 83
5668 153 153 84
5669 136 136 84
5670 118 118 83
5671 135 135 83
5672 255 255 84
5673 220 220 83
5674 187 187 84
5675 152 152 83
5676 169 169 83
5677 119 119 84
5678 102 102 84
5679 254 254 83
5680 221 221 84
5681 186 186 83
5682 135 135 83
5683 135 135 83
5684 237 237 83
5685 119 119 84
5686 170 170 84
5687 170 170 84
5688 204 204 84
5689 204 204 84
5690 118 118 83
5691 169 169 83
5692 221 221 84
5693 186 186 83
5694 237 237 83
5695 255 255 84
5696 204 204 84
5697 238 238 84
5698 136 136 84
5699 170 170 84
5700 152 152 83
5701 119 119 84
5702 186 186 83
5703 221 221 84
5704 204 204 84
5705 220 220 83
5706 221 221 84
5707 204 204 84
5708 136 136 84
5709 272 272 84
5710 254 254 83
5711 153 153 84
5712 136 136 84
5713 170 170 84
5714 102 102 84
5715 152 152 83
5716 221 221 84
5717 102 102 84
5718 136 136 84
5719 204 204 84
5720 152 152 83
5721 101 101 83
5722 237 237 83
5723 203 203 83
5724 101 101 83
5725 135 135 83
5726 169 169 83
5727 119 119 84
5728 152 152 83
5729 187 187 84
5730 254 254 83
5731 119 119 84
5732 136 136 84
5733 152 152 83
5734 101 101 83
5735 187 187 84
5736 152 152 83
5737 153 153 84
5738 186 186 83
5739 153 153 84
5740 170 170 84
5741 118 118 83
5742 203 203 83
5743 357 357 84
5744 458 458 83
5745 221 221 84
5746 152 152 83
5747 187 187 84
5748 254 254 83
5749 221 221 84
5750 340 340 84
5751 204 204 84
5752 220 220 83
5753 169 169 83
5754 271 271 83
5755 323 323 84
5756 356 356 83
5757 289 289 84
5758 322 322 83
5759 135 135 83
5760 203 203 83
5761 323 323 84
5762 458 458 83
5763 425 425 84
5764 204 204 84
5765 186 186 83
5766 373 373 83
5767 255 255 84
5768 458 458 83
5769 407 407 83
5770 271 271 83
5771 271 271 83
5772 271 271 83
5773 373 373 83
5774 373 373 83
5775 425 425 84
5776 374 374 84
5777 322 322 83
5778 357 357 84
5779 390 390 83
5780 391 391 84
5781 476 476 84
5782 390 390 83
5783 357 357 84
5784 288 288 83
5785 305 305 83
5786 305 305 83
5787 391 391 84
5788 374 374 84
5789 306 306 84
5790 374 374 84
5791 356 356 83
5792 391 391 84
5793 374 374 84
5794 204 204 84
5795 356 356 83
5796 255 255 84
5797 340 340 84
5798 408 408 84
5799 424 424 83
5800 391 391 84
5801 170 170 84
5802 288 288 83
5803 323 323 84
5804 442 442 84
5805 322 322 83
5806 373 373 83
5807 391 391 84
5808 322 322 83
5809 339 339 83
5810 357 357 84
5811 254 254 83
5812 289 289 84
5813 374 374 84
5814 340 340 84
5815 340 340 84
5816 340 340 84
5817 408 408 84
5818 238 238 84
5819 288 288 83
5820 323 323 84
5821 254 254 83
5822 221 221 84
5823 254 254 83
5824 305 305 83
5825 407 407 83
5826 323 323 84
5827 272 272 84
5828 374 374 84
5829 408 408 84
5830 254 254 83
5831 459 459 84
5832 340 340 84
5833 340 340 84
5834 306 306 84
5835 442 442 84
5836 356 356 83
5837 289 289 84
5838 374 374 84
5839 288 288 83
5840 323 323 84
5841 204 204 84
5842 408 408 84
5843 424 424 83
5844 255 255 84
5845 408 408 84
5846 408 408 84
5847 204 204 84
5848 356 356 83
5849 509 509 83
5850 407 407 83
5851 323 323 84
5852 340 340 84
5853 476 476 84
5854 220 220 83
5855 305 305 83
5856 339 339 83
5857 357 357 84
5858 374 374 84
5859 390 390 83
5860 271 271 83
5861 323 323 84
5862 510 510 84
5863 306 306 84
5864 390 390 83
5865 289 289 84
5866 492 492 83
5867 305 305 83
5868 237 237 83
5869 305 305 83
5870 509 509 83
5871 441 441 83
5872 425 425 84
5873 424 424 83
5874 459 459 84
5875 408 408 84
5876 458 458 83
5877 407 407 83
5878 475 475 83
5879 475 475 83
5880 339 339 83
5881 459 459 84
5882 306 306 84
5883 424 424 83
5884 407 407 83
5885 459 459 84
5886 526 526 83
5887 441 441 83
5888 357 357 84
5889 424 424 83
5890 543 543 83
5891 187 187 84
5892 306 306 84
5893 374 374 84
5894 186 186 83
5895 407 407 83
5896 391 391 84
5897 442 442 84
5898 442 442 84
5899 492 492 83
5900 305 305 83
5901 441 441 83
5902 373 373 83
5903 425 425 84
5904 340 340 84
5905 578 578 84
5906 476 476 84
5907 374 374 84
5908 408 408 84
5909 390 390 83
5910 271 271 83
5911 357 357 84
5912 288 288 83
5913 543 543 83
5914 339 339 83
5915 391 391 84
5916 492 492 83
5917 255 255 84
5918 424 424 83
5919 339 339 83
5920 543 543 83
5921 391 391 84
5922 442 442 84
5923 408 408 84
5924 510 510 84
5925 322 322 83
5926 357 357 84
5927 612 612 84
5928 526 526 83
5929 323 323 84
5930 458 458 83
5931 441 441 83
5932 493 493 84
5933 442 442 84
5934 442 442 84
5935 612 612 84
5936 442 442 84
5937 390 390 83
5938 339 339 83
5939 663 663 84
5940 680 680 84
5941 578 578 84
5942 408 408 84
5943 374 374 84
5944 408 408 84
5945 510 510 84
5946 408 408 84
5947 408 408 84
5948 356 356 83
5949 373 373 83
5950 373 373 83
5951 323 323 84
5952 578 578 84
5953 408 408 84
5954 424 424 83
5955 459 459 84
5956 374 374 84
5957 408 408 84
5958 374 374 84
5959 458 458 83
5960 357 357 84
5961 442 442 84
5962 578 578 84
5963 322 322 83
5964 509 509 83
5965 373 373 83
5966 407 407 83
5967 391 391 84
5968 442 442 84
5969 408 408 84
5970 458 458 83
5971 407 407 83
5972 373 373 83
5973 373 373 83
5974 493 493 84
5975 578 578 84
5976 272 272 84
5977 492 492 83
5978 289 289 84
5979 442 442 84
5980 424 424 83
5981 357 357 84
5982 492 492 83
5983 459 459 84
5984 220 220 83
5985 543 543 83
5986 271 271 83
5987 373 373 83
5988 493 493 84
5989 510 510 84
5990 390 390 83
5991 407 407 83
5992 255 255 84
5993 374 374 84
5994 254 254 83
5995 459 459 84
5996 442 442 84
5997 390 390 83
5998 493 493 84
5999 288 288 83
6000 373 373 83
6001 305 305 83
6002 305 305 83
6003 527 527 84
6004 374 374 84
6005 424 424 83
6006 407 407 83
6007 339 339 83
6008 391 391 84
6009 272 272 84
6010 442 442 84
6011 374 374 84
6012 424 424 83
6013 391 391 84
6014 374 374 84
6015 578 578 84
6016 408 408 84
6017 356 356 83
6018 543 543 83
6019 271 271 83
6020 391 391 84
6021 408 408 84
6022 424 424 83
6023 373 373 83
6024 373 373 83
6025 255 255 84
6026 306 306 84
6027 288 288 83
6028 441 441 83
6029 289 289 84
6030 340 340 84
6031 476 476 84
6032 340 340 84
6033 374 374 84
6034 306 306 84
6035 306 306 84
6036 374 374 84
6037 442 442 84
6038 390 390 83
6039 339 339 83
6040 391 391 84
6041 390 390 83
6042 323 323 84
6043 306 306 84
6044 356 356 83
6045 357 357 84
6046 306 306 84
6047 322 322 83
6048 357 357 84
6049 390 390 83
6050 357 357 84
6051 306 306 84
6052 356 356 83
6053 305 305 83
6054 459 459 84
6055 238 238 84
6056 340 340 84
6057 186 186 83
6058 339 339 83
6059 289 289 84
6060 322 322 83
6061 357 357 84
6062 356 356 83
6063 237 237 83
6064 391 391 84
6065 340 340 84
6066 424 424 83
6067 203 203 83
6068 357 357 84
6069 322 322 83
6070 339 339 83
6071 305 305 83
6072 305 305 83
6073 271 271 83
6074 305 305 83
6075 255 255 84
6076 340 340 84
6077 204 204 84
6078 374 374 84
6079 322 322 83
6080 271 271 83
6081 305 305 83
6082 305 305 83
6083 339 339 83
6084 305 305 83
6085 203 203 83
6086 391 391 84
6087 288 288 83
6088 289 289 84
6089 220 220 83
6090 305 305 83
6091 203 203 83
6092 289 289 84
6093 186 186 83
6094 323 323 84
6095 306 306 84
6096 220 220 83
6097 391 391 84
6098 306 306 84
6099 340 340 84
6100 424 424 83
6101 289 289 84
6102 340 340 84
6103 238 238 84
6104 340 340 84
6105 306 306 84
6106 238 238 84
6107 374 374 84
6108 322 322 83
6109 357 357 84
6110 424 424 83
6111 237 237 83
6112 373 373 83
6113 339 339 83
6114 289 289 84
6115 272 272 84
6116 356 356 83
6117 339 339 83
6118 339 339 83
6119 391 391 84
6120 322 322 83
6121 203 203 83
6122 255 255 84
6123 526 526 83
6124 323 323 84
6125 340 340 84
6126 340 340 84
6127 356 356 83
6128 373 373 83
6129 425 425 84
6130 322 322 83
6131 339 339 83
6132 357 357 84
6133 288 288 83
6134 459 459 84
6135 356 356 83
6136 391 391 84
6137 238 238 84
6138 220 220 83
6139 339 339 83
6140 527 527 84
6141 356 356 83
6142 373 373 83
6143 373 373 83
6144 203 203 83
6145 271 271 83
6146 323 323 84
6147 186 186 83
6148 305 305 83
6149 391 391 84
6150 390 390 83
6151 237 237 83
6152 323 323 84
6153 442 442 84
6154 306 306 84
6155 272 272 84
6156 254 254 83
6157 305 305 83
6158 221 221 84
6159 220 220 83
6160 255 255 84
6161 204 204 84
6162 288 288 83
6163 255 255 84
6164 374 374 84
6165 306 306 84
6166 254 254 83
6167 203 203 83
6168 203 203 83
6169 271 271 83
6170 289 289 84
6171 356 356 83
6172 373 373 83
6173 187 187 84
6174 288 288 83
6175 153 153 84
6176 272 272 84
6177 170 170 84
6178 204 204 84
6179 254 254 83
6180 203 203 83
6181 237 237 83
6182 187 187 84
6183 254 254 83
6184 203 203 83
6185 255 255 84
6186 204 204 84
6187 254 254 83
6188 255 255 84
6189 322 322 83
6190 187 187 84
6191 204 204 84
6192 238 238 84
6193 254 254 83
6194 271 271 83
6195 187 187 84
6196 254 254 83
6197 153 153 84
6198 322 322 83
6199 169 169 83
6200 221 221 84
6201 186 186 83
6202 357 357 84
6203 254 254 83
6204 323 323 84
6205 254 254 83
6206 357 357 84
6207 306 306 84
6208 356 356 83
6209 441 441 83
6210 203 203 83
6211 305 305 83
6212 391 391 84
6213 220 220 83
6214 289 289 84
6215 424 424 83
6216 289 289 84
6217 204 204 84
6218 238 238 84
6219 288 288 83
6220 221 221 84
6221 340 340 84
6222 204 204 84
6223 254 254 83
6224 221 221 84
6225 220 220 83
6226 153 153 84
6227 238 238 84
6228 238 238 84
6229 356 356 83
6230 237 237 83
6231 203 203 83
6232 203 203 83
6233 255 255 84
6234 186 186 83
6235 187 187 84
6236 408 408 84
6237 272 272 84
6238 186 186 83
6239 305 305 83
6240 169 169 83
6241 169 169 83
6242 323 323 84
6243 356 356 83
6244 203 203 83
6245 153 153 84
6246 204 204 84
6247 254 254 83
6248 237 237 83
6249 169 169 83
6250 323 323 84
6251 220 220 83
6252 221 221 84
6253 220 220 83
6254 305 305 83
6255 169 169 83
6256 203 203 83
6257 203 203 83
6258 169 169 83
6259 135 135 83
6260 203 203 83
6261 169 169 83
6262 221 221 84
6263 288 288 83
6264 169 169 83
6265 221 221 84
6266 102 102 84
6267 136 136 84
6268 238 238 84
6269 186 186 83
6270 237 237 83
6271 169 169 83
6272 187 187 84
6273 238 238 84
6274 238 238 84
6275 186 186 83
6276 237 237 83
6277 153 153 84
6278 136 136 84
6279 170 170 84
6280 272 272 84
6281 204 204 84
6282 220 220 83
6283 237 237 83
6284 187 187 84
6285 170 170 84
6286 204 204 84
6287 186 186 83
6288 153 153 84
6289 136 136 84
6290 186 186 83
6291 169 169 83
6292 135 135 83
6293 169 169 83
6294 187 187 84
6295 238 238 84
6296 186 186 83
6297 169 169 83
6298 221 221 84
6299 170 170 84
6300 204 204 84
6301 238 238 84
6302 102 102 84
6303 170 170 84
6304 204 204 84
6305 254 254 83
6306 203 203 83
6307 169 169 83
6308 187 187 84
6309 272 272 84
6310 204 204 84
6311 186 186 83
6312 289 289 84
6313 220 220 83
6314 203 203 83
6315 221 221 84
6316 170 170 84
6317 254 254 83
6318 169 169 83
6319 357 357 84
6320 118 118 83
6321 187 187 84
6322 204 204 84
6323 118 118 83
6324 305 305 83
6325 255 255 84
6326 254 254 83
6327 169 169 83
6328 153 153 84
6329 254 254 83
6330 203 203 83
6331 203 203 83
6332 221 221 84
6333 272 272 84
6334 186 186 83
6335 203 203 83
6336 187 187 84
6337 152 152 83
6338 169 169 83
6339 221 221 84
6340 152 152 83
6341 169 169 83
6342 203 203 83
6343 187 187 84
6344 152 152 83
6345 237 237 83
6346 187 187 84
6347 238 238 84
6348 288 288 83
6349 237 237 83
6350 221 221 84
6351 186 186 83
6352 203 203 83
6353 237 237 83
6354 169 169 83
6355 271 271 83
6356 101 101 83
6357 169 169 83
6358 203 203 83
6359 187 187 84
6360 170 170 84
6361 254 254 83
6362 203 203 83
6363 153 153 84
6364 220 220 83
6365 221 221 84
6366 288 288 83
6367 221 221 84
6368 152 152 83
6369 221 221 84
6370 306 306 84
6371 204 204 84
6372 272 272 84
6373 288 288 83
6374 187 187 84
6375 152 152 83
6376 169 169 83
6377 255 255 84
6378 136 136 84
6379 170 170 84
6380 220 220 83
6381 289 289 84
6382 186 186 83
6383 135 135 83
6384 153 153 84
6385 306 306 84
6386 254 254 83
6387 305 305 83
6388 169 169 83
6389 203 203 83
6390 153 153 84
6391 136 136 84
6392 272 272 84
6393 238 238 84
6394 238 238 84
6395 204 204 84
6396 118 118 83
6397 203 203 83
6398 153 153 84
6399 152 152 83
6400 203 203 83
6401 119 119 84
6402 254 254 83
6403 221 221 84
6404 118 118 83
6405 221 221 84
6406 238 238 84
6407 152 152 83
6408 169 169 83
6409 203 203 83
6410 203 203 83
6411 169 169 83
6412 119 119 84
6413 220 220 83
6414 187 187 84
6415 170 170 84
6416 254 254 83
6417 271 271 83
6418 203 203 83
6419 203 203 83
6420 85 85 85
6421 136 136 84
6422 152 152 83
6423 135 135 83
6424 203 203 83
6425 255 255 84
6426 204 204 84
6427 272 272 84
6428 288 288 83
6429 169 169 83
6430 135 135 83
6431 203 203 83
6432 271 271 83
6433 153 153 84
6434 136 136 84
6435 102 102 84
6436 102 102 84
6437 204 204 84
6438 170 170 84
6439 152 152 83
6440 169 169 83
6441 169 169 83
6442 119 119 84
6443 170 170 84
6444 186 186 83
6445 169 169 83
6446 221 221 84
6447 118 118 83
6448 187 187 84
6449 170 170 84
6450 186 186 83
6451 153 153 84
6452 186 186 83
6453 153 153 84
6454 152 152 83
6455 187 187 84
6456 238 238 84
6457 118 118 83
6458 153 153 84
6459 186 186 83
6460 203 203 83
6461 203 203 83
6462 169 169 83
6463 187 187 84
6464 152 152 83
6465 135 135 83
6466 203 203 83
6467 169 169 83
6468 169 169 83
6469 85 85 85
6470 136 136 84
6471 152 152 83
6472 153 153 84
6473 152 152 83
6474 203 203 83
6475 203 203 83
6476 169 169 83
6477 119 119 84
6478 136 136 84
6479 136 136 84
6480 118 118 83
6481 169 169 83
6482 237 237 83
6483 169 169 83
6484 119 119 84
6485 118 118 83
6486 101 101 83
6487 153 153 84
6488 204 204 84
6489 238 238 84
6490 84 84 84
6491 135 135 83
6492 101 101 83
6493 187 187 84
6494 170 170 84
6495 220 220 83
6496 271 271 83
6497 169 169 83
6498 119 119 84
6499 136 136 84
6500 220 220 83
6501 101 101 83
6502 101 101 83
6503 255 255 84
6504 136 136 84
6505 170 170 84
6506 170 170 84
6507 152 152 83
6508 135 135 83
6509 135 135 83
6510 221 221 84
6511 136 136 84
6512 170 170 84
6513 152 152 83
6514 187 187 84
6515 204 204 84
6516 136 136 84
6517 102 102 84
6518 254 254 83
6519 101 101 83
6520 237 237 83
6521 119 119 84
6522 118 118 83
6523 169 169 83
6524 169 169 83
6525 169 169 83
6526 119 119 84
6527 152 152 83
6528 203 203 83
6529 119 119 84
6530 136 136 84
6531 118 118 83
6532 237 237 83
6533 339 339 83
6534 187 187 84
6535 118 118 83
6536 187 187 84
6537 152 152 83
6538 153 153 84
6539 136 136 84
6540 152 152 83
6541 203 203 83
6542 237 237 83
6543 119 119 84
6544 136 136 84
6545 170 170 84
6546 152 152 83
6547 101 101 83
6548 187 187 84
6549 238 238 84
6550 152 152 83
6551 153 153 84
6552 170 170 84
6553 170 170 84
6554 220 220 83
6555 357 357 84
6556 170 170 84
6557 204 204 84
6558 102 102 84
6559 102 102 84
6560 118 118 83
6561 101 101 83
6562 289 289 84
6563 152 152 83
6564 323 323 84
6565 186 186 83
6566 289 289 84
6567 272 272 84
6568 408 408 84
6569 306 306 84
6570 340 340 84
6571 220 220 83
6572 221 221 84
6573 356 356 83
6574 459 459 84
6575 340 340 84
6576 288 288 83
6577 305 305 83
6578 339 339 83
6579 255 255 84
6580 526 526 83
6581 339 339 83
6582 407 407 83
6583 221 221 84
6584 374 374 84
6585 322 322 83
6586 407 407 83
6587 509 509 83
6588 441 441 83
6589 543 543 83
6590 475 475 83
6591 425 425 84
6592 510 510 84
6593 340 340 84
6594 492 492 83
6595 407 407 83
6596 323 323 84
6597 390 390 83
6598 407 407 83
6599 425 425 84
6600 374 374 84
6601 340 340 84
6602 272 272 84
6603 254 254 83
6604 373 373 83
6605 441 441 83
6606 255 255 84
6607 374 374 84
6608 204 204 84
6609 322 322 83
6610 543 543 83
6611 305 305 83
6612 339 339 83
6613 373 373 83
6614 323 323 84
6615 272 272 84
6616 204 204 84
6617 340 340 84
6618 238 238 84
6619 374 374 84
6620 442 442 84
6621 220 220 83
6622 255 255 84
6623 254 254 83
6624 255 255 84
6625 306 306 84
6626 170 170 84
6627 186 186 83
6628 271 271 83
6629 271 271 83
6630 323 323 84
6631 322 322 83
6632 221 221 84
6633 288 288 83
6634 187 187 84
6635 254 254 83
6636 339 339 83
6637 237 237 83
6638 221 221 84
6639 220 220 83
6640 169 169 83
6641 237 237 83
6642 255 255 84
6643 170 170 84
6644 238 238 84
6645 306 306 84
6646 238 238 84
6647 152 152 83
6648 187 187 84
6649 152 152 83
6650 237 237 83
6651 271 271 83
6652 169 169 83
6653 289 289 84
6654 204 204 84
6655 254 254 83
6656 203 203 83
6657 271 271 83
6658 169 169 83
6659 169 169 83
6660 153 153 84
6661 186 186 83
6662 271 271 83
6663 305 305 83
6664 169 169 83
6665 221 221 84
6666 220 220 83
6667 119 119 84
6668 152 152 83
6669 221 221 84
6670 204 204 84
6671 186 186 83
6672 169 169 83
6673 187 187 84
6674 238 238 84
6675 288 288 83
6676 289 289 84
6677 152 152 83
6678 221 221 84
6679 288 288 83
6680 221 221 84
6681 186 186 83
6682 203 203 83
6683 221 221 84
6684 152 152 83
6685 221 221 84
6686 170 170 84
6687 220 220 83
6688 255 255 84
6689 254 254 83
6690 203 203 83
6691 237 237 83
6692 187 187 84
6693 118 118 83
6694 187 187 84
6695 118 118 83
6696 203 203 83
6697 187 187 84
6698 220 220 83
6699 169 169 83
6700 203 203 83
6701 169 169 83
6702 153 153 84
6703 186 186 83
6704 187 187 84
6705 170 170 84
6706 204 204 84
6707 118 118 83
6708 221 221 84
6709 102 102 84
6710 254 254 83
6711 237 237 83
6712 187 187 84
6713 118 118 83
6714 221 221 84
6715 272 272 84
6716 204 204 84
6717 204 204 84
6718 118 118 83
6719 119 119 84
6720 102 102 84
6721 136 136 84
6722 238 238 84
6723 186 186 83
6724 237 237 83
6725 135 135 83
6726 255 255 84
6727 220 220 83
6728 153 153 84
6729 186 186 83
6730 255 255 84
6731 204 204 84
6732 220 220 83
6733 135 135 83
6734 169 169 83
6735 169 169 83
6736 203 203 83
6737 221 221 84
6738 356 356 83
6739 169 169 83
6740 187 187 84
6741 170 170 84
6742 152 152 83
6743 135 135 83
6744 203 203 83
6745 187 187 84
6746 204 204 84
6747 152 152 83
6748 237 237 83
6749 203 203 83
6750 289 289 84
6751 136 136 84
6752 186 186 83
6753 203 203 83
6754 271 271 83
6755 203 203 83
6756 101 101 83
6757 153 153 84
6758 136 136 84
6759 220 220 83
6760 203 203 83
6761 203 203 83
6762 237 237 83
6763 169 169 83
6764 187 187 84
6765 152 152 83
6766 119 119 84
6767 152 152 83
6768 203 203 83
6769 459 459 84
6770 220 220 83
6771 135 135 83
6772 119 119 84
6773 118 118 83
6774 221 221 84
6775 306 306 84
6776 306 306 84
6777 356 356 83
6778 153 153 84
6779 340 340 84
6780 220 220 83
6781 221 221 84
6782 220 220 83
6783 221 221 84
6784 238 238 84
6785 170 170 84
6786 238 238 84
6787 322 322 83
6788 169 169 83
6789 169 169 83
6790 305 305 83
6791 237 237 83
6792 271 271 83
6793 221 221 84
6794 322 322 83
6795 101 101 83
6796 119 119 84
6797 152 152 83
6798 203 203 83
6799 237 237 83
6800 237 237 83
6801 203 203 83
6802 169 169 83
6803 135 135 83
6804 271 271 83
6805 169 169 83
6806 323 323 84
6807 170 170 84
6808 220 220 83
6809 135 135 83
6810 203 203 83
6811 271 271 83
6812 169 169 83
6813 203 203 83
6814 101 101 83
6815 187 187 84
6816 238 238 84
6817 136 136 84
6818 204 204 84
6819 152 152 83
6820 237 237 83
6821 187 187 84
6822 204 204 84
6823 186 186 83
6824 187 187 84
6825 152 152 83
6826 119 119 84
6827 102 102 84
6828 84 84 84
6829 119 119 84
6830 186 186 83
6831 187 187 84
6832 152 152 83
6833 169 169 83
6834 153 153 84
6835 118 118 83
6836 221 221 84
6837 170 170 84
6838 220 220 83
6839 221 221 84
6840 118 118 83
6841 85 85 85
6842 170 170 84
6843 136 136 84
6844 118 118 83
6845 271 271 83
6846 237 237 83
6847 169 169 83
6848 187 187 84
6849 152 152 83
6850 187 187 84
6851 204 204 84
6852 272 272 84
6853 220 220 83
6854 203 203 83
6855 187 187 84
6856 102 102 84
6857 118 118 83
6858 237 237 83
6859 221 221 84
6860 204 204 84
6861 136 136 84
6862 170 170 84
6863 186 186 83
6864 101 101 83
6865 169 169 83
6866 221 221 84
6867 204 204 84
6868 238 238 84
6869 170 170 84
6870 170 170 84
6871 170 170 84
6872 136 136 84
6873 186 186 83
6874 305 305 83
6875 187 187 84
6876 152 152 83
6877 135 135 83
6878 187 187 84
6879 254 254 83
6880 323 323 84
6881 272 272 84
6882 238 238 84
6883 288 288 83
6884 221 221 84
6885 390 390 83
6886 391 391 84
6887 340 340 84
6888 340 340 84
6889 220 220 83
6890 255 255 84
6891 254 254 83
6892 509 509 83
6893 373 373 83
6894 237 237 83
6895 187 187 84
6896 306 306 84
6897 322 322 83
6898 271 271 83
6899 255 255 84
6900 254 254 83
6901 221 221 84
6902 238 238 84
6903 220 220 83
6904 187 187 84
6905 272 272 84
6906 238 238 84
6907 288 288 83
6908 153 153 84
6909 136 136 84
6910 170 170 84
6911 170 170 84
6912 220 220 83
6913 203 203 83
6914 119 119 84
6915 186 186 83
6916 119 119 84
6917 186 186 83
6918 169 169 83
6919 135 135 83
6920 237 237 83
6921 187 187 84
6922 136 136 84
6923 152 152 83
6924 135 135 83
6925 203 203 83
6926 135 135 83
6927 153 153 84
6928 186 186 83
6929 255 255 84
6930 102 102 84
6931 84 84 84
6932 187 187 84
6933 136 136 84
6934 238 238 84
6935 220 220 83
6936 187 187 84
6937 152 152 83
6938 153 153 84
6939 152 152 83
6940 101 101 83
6941 187 187 84
6942 204 204 84
6943 170 170 84
6944 170 170 84
6945 152 152 83
6946 119 119 84
6947 170 170 84
6948 136 136 84
6949 204 204 84
6950 186 186 83
6951 153 153 84
6952 84 84 84
6953 203 203 83
6954 169 169 83
6955 169 169 83
6956 203 203 83
6957 187 187 84
6958 118 118 83
6959 203 203 83
6960 119 119 84
6961 170 170 84
6962 152 152 83
6963 101 101 83
6964 153 153 84
6965 152 152 83
6966 187 187 84
6967 152 152 83
6968 119 119 84
6969 102 102 84
6970 152 152 83
6971 153 153 84
6972 186 186 83
6973 101 101 83
6974 169 169 83
6975 169 169 83
6976 135 135 83
6977 101 101 83
6978 187 187 84
6979 102 102 84
6980 136 136 84
6981 220 220 83
6982 203 203 83
6983 237 237 83
6984 169 169 83
6985 119 119 84
6986 186 186 83
6987 187 187 84
6988 118 118 83
6989 135 135 83
6990 101 101 83
6991 101 101 83
6992 169 169 83
6993 135 135 83
6994 203 203 83
6995 187 187 84
6996 204 204 84
6997 254 254 83
6998 221 221 84
6999 186 186 83
7000 203 203 83
7001 153 153 84
7002 238 238 84
7003 170 170 84
7004 170 170 84
7005 204 204 84
7006 288 288 83
7007 221 221 84
7008 204 204 84
7009 254 254 83
7010 187 187 84
7011 204 204 84
7012 186 186 83
7013 271 271 83
7014 187 187 84
7015 102 102 84
7016 170 170 84
7017 356 356 83
7018 271 271 83
7019 221 221 84
7020 204 204 84
7021 204 204 84
7022 254 254 83
7023 391 391 84
7024 526 526 83
7025 339 339 83
7026 237 237 83
7027 153 153 84
7028 390 390 83
7029 441 441 83
7030 169 169 83
7031 289 289 84
7032 306 306 84
7033 254 254 83
7034 271 271 83
7035 357 357 84
7036 390 390 83
7037 255 255 84
7038 306 306 84
7039 220 220 83
7040 305 305 83
7041 237 237 83
7042 305 305 83
7043 271 271 83
7044 255 255 84
7045 322 322 83
7046 289 289 84
7047 238 238 84
7048 288 288 83
7049 323 323 84
7050 374 374 84
7051 254 254 83
7052 153 153 84
7053 186 186 83
7054 373 373 83
7055 357 357 84
7056 356 356 83
7057 323 323 84
7058 322 322 83
7059 323 323 84
7060 374 374 84
7061 254 254 83
7062 271 271 83
7063 305 305 83
7064 237 237 83
7065 271 271 83
7066 237 237 83
7067 271 271 83
7068 323 323 84
7069 288 288 83
7070 441 441 83
7071 271 271 83
7072 357 357 84
7073 408 408 84
7074 204 204 84
7075 272 272 84
7076 272 272 84
7077 288 288 83
7078 221 221 84
7079 424 424 83
7080 255 255 84
7081 254 254 83
7082 255 255 84
7083 322 322 83
7084 237 237 83
7085 255 255 84
7086 238 238 84
7087 238 238 84
7088 204 204 84
7089 238 238 84
7090 356 356 83
7091 255 255 84
7092 254 254 83
7093 271 271 83
7094 169 169 83
7095 305 305 83
7096 237 237 83
7097 169 169 83
7098 271 271 83
7099 289 289 84
7100 254 254 83
7101 203 203 83
7102 323 323 84
7103 288 288 83
7104 305 305 83
7105 203 203 83
7106 271 271 83
7107 271 271 83
7108 373 373 83
7109 237 237 83
7110 289 289 84
7111 204 204 84
7112 136 136 84
7113 340 340 84
7114 322 322 83
7115 271 271 83
7116 187 187 84
7117 220 220 83
7118 271 271 83
7119 271 271 83
7120 237 237 83
7121 271 271 83
7122 187 187 84
7123 272 272 84
7124 272 272 84
7125 288 288 83
7126 237 237 83
7127 221 221 84
7128 152 152 83
7129 221 221 84
7130 238 238 84
7131 288 288 83
7132 255 255 84
7133 204 204 84
7134 442 442 84
7135 340 340 84
7136 220 220 83
7137 305 305 83
7138 221 221 84
7139 374 374 84
7140 492 492 83
7141 221 221 84
7142 254 254 83
7143 237 237 83
7144 237 237 83
7145 255 255 84
7146 186 186 83
7147 305 305 83
7148 255 255 84
7149 340 340 84
7150 220 220 83
7151 203 203 83
7152 187 187 84
7153 238 238 84
7154 340 340 84
7155 186 186 83
7156 203 203 83
7157 187 187 84
7158 186 186 83
7159 153 153 84
7160 238 238 84
7161 152 152 83
7162 237 237 83
7163 203 203 83
7164 289 289 84
7165 220 220 83
7166 323 323 84
7167 238 238 84
7168 170 170 84
7169 136 136 84
7170 204 204 84
7171 204 204 84
7172 204 204 84
7173 102 102 84
7174 118 118 83
7175 203 203 83
7176 255 255 84
7177 204 204 84
7178 170 170 84
7179 170 170 84
7180 288 288 83
7181 237 237 83
7182 203 203 83
7183 237 237 83
7184 169 169 83
7185 255 255 84
7186 152 152 83
7187 203 203 83
7188 187 187 84
7189 288 288 83
7190 153 153 84
7191 238 238 84
7192 306 306 84
7193 238 238 84
7194 204 204 84
7195 118 118 83
7196 237 237 83
7197 357 357 84
7198 306 306 84
7199 272 272 84
7200 272 272 84
7201 254 254 83
7202 271 271 83
7203 187 187 84
7204 272 272 84
7205 306 306 84
7206 288 288 83
7207 255 255 84
7208 390 390 83
7209 373 373 83
7210 305 305 83
7211 271 271 83
7212 187 187 84
7213 254 254 83
7214 305 305 83
7215 255 255 84
7216 288 288 83
7217 305 305 83
7218 255 255 84
7219 272 272 84
7220 272 272 84
7221 356 356 83
7222 255 255 84
7223 220 220 83
7224 237 237 83
7225 271 271 83
7226 221 221 84
7227 272 272 84
7228 288 288 83
7229 153 153 84
7230 238 238 84
7231 186 186 83
7232 203 203 83
7233 289 289 84
7234 272 272 84
7235 186 186 83
7236 203 203 83
7237 255 255 84
7238 204 204 84
7239 356 356 83
7240 221 221 84
7241 136 136 84
7242 238 238 84
7243 272 272 84
7244 204 204 84
7245 254 254 83
7246 255 255 84
7247 204 204 84
7248 186 186 83
7249 169 169 83
7250 221 221 84
7251 220 220 83
7252 221 221 84
7253 254 254 83
7254 203 203 83
7255 221 221 84
7256 204 204 84
7257 238 238 84
7258 254 254 83
7259 169 169 83
7260 187 187 84
7261 204 204 84
7262 136 136 84
7263 118 118 83
7264 203 203 83
7265 169 169 83
7266 203 203 83
7267 169 169 83
7268 203 203 83
7269 203 203 83
7270 221 221 84
7271 220 220 83
7272 119 119 84
7273 186 186 83
7274 153 153 84
7275 204 204 84
7276 136 136 84
7277 102 102 84
7278 204 204 84
7279 204 204 84
7280 204 204 84
7281 170 170 84
7282 220 220 83
7283 203 203 83
7284 203 203 83
7285 289 289 84
7286 136 136 84
7287 118 118 83
7288 187 187 84
7289 170 170 84
7290 220 220 83
7291 203 203 83
7292 135 135 83
7293 203 203 83
7294 203 203 83
7295 119 119 84
7296 136 136 84
7297 170 170 84
7298 136 136 84
7299 220 220 83
7300 187 187 84
7301 152 152 83
7302 135 135 83
7303 203 203 83
7304 153 153 84
7305 204 204 84
7306 136 136 84
7307 102 102 84
7308 170 170 84
7309 102 102 84
7310 136 136 84
7311 152 152 83
7312 169 169 83
7313 135 135 83
7314 135 135 83
7315 101 101 83
7316 153 153 84
7317 152 152 83
7318 119 119 84
7319 306 306 84
7320 102 102 84
7321 136 136 84
7322 152 152 83
7323 221 221 84
7324 204 204 84
7325 186 186 83
7326 169 169 83
7327 135 135 83
7328 135 135 83
7329 135 135 83
7330 135 135 83
7331 169 169 83
7332 101 101 83
7333 203 203 83
7334 169 169 83
7335 169 169 83
7336 187 187 84
7337 170 170 84
7338 118 118 83
7339 203 203 83
7340 187 187 84
7341 186 186 83
7342 135 135 83
7343 255 255 84
7344 238 238 84
7345 220 220 83
7346 135 135 83
7347 169 169 83
7348 119 119 84
7349 186 186 83
7350 153 153 84
7351 152 152 83
7352 135 135 83
7353 153 153 84
7354 152 152 83
7355 119 119 84
7356 152 152 83
7357 169 169 83
7358 153 153 84
7359 186 186 83
7360 153 153 84
7361 84 84 84
7362 187 187 84
7363 136 136 84
7364 306 306 84
7365 170 170 84
7366 170 170 84
7367 220 220 83
7368 153 153 84
7369 136 136 84
7370 118 118 83
7371 135 135 83
7372 153 153 84
7373 136 136 84
7374 118 118 83
7375 169 169 83
7376 135 135 83
7377 187 187 84
7378 170 170 84
7379 170 170 84
7380 118 118 83
7381 237 237 83
7382 101 101 83
7383 187 187 84
7384 136 136 84
7385 118 118 83
7386 135 135 83
7387 187 187 84
7388 220 220 83
7389 271 271 83
7390 119 119 84
7391 152 152 83
7392 169 169 83
7393 237 237 83
7394 119 119 84
7395 118 118 83
7396 135 135 83
7397 187 187 84
7398 322 322 83
7399 237 237 83
7400 203 203 83
7401 203 203 83
7402 153 153 84
7403 136 136 84
7404 204 204 84
7405 288 288 83
7406 187 187 84
7407 136 136 84
7408 136 136 84
7409 102 102 84
7410 186 186 83
7411 237 237 83
7412 391 391 84
7413 254 254 83
7414 203 203 83
7415 187 187 84
7416 254 254 83
7417 339 339 83
7418 509 509 83
7419 237 237 83
7420 153 153 84
7421 186 186 83
7422 119 119 84
7423 152 152 83
7424 373 373 83
7425 391 391 84
7426 254 254 83
7427 289 289 84
7428 136 136 84
7429 288 288 83
7430 407 407 83
7431 305 305 83
7432 255 255 84
7433 170 170 84
7434 220 220 83
7435 323 323 84
7436 340 340 84
7437 390 390 83
7438 391 391 84
7439 204 204 84
7440 340 340 84
7441 288 288 83
7442 305 305 83
7443 339 339 83
7444 407 407 83
7445 373 373 83
7446 271 271 83
7447 237 237 83
7448 305 305 83
7449 203 203 83
7450 237 237 83
7451 305 305 83
7452 203 203 83
7453 271 271 83
7454 407 407 83
7455 221 221 84
7456 238 238 84
7457 220 220 83
7458 237 237 83
7459 271 271 83
7460 305 305 83
7461 237 237 83
7462 203 203 83
7463 119 119 84
7464 322 322 83
7465 237 237 83
7466 271 271 83
7467 237 237 83
7468 221 221 84
7469 220 220 83
7470 221 221 84
7471 186 186 83
7472 169 169 83
7473 203 203 83
7474 237 237 83
7475 203 203 83
7476 203 203 83
7477 237 237 83
7478 255 255 84
7479 204 204 84
7480 186 186 83
7481 169 169 83
7482 135 135 83
7483 119 119 84
7484 238 238 84
7485 186 186 83
7486 187 187 84
7487 204 204 84
7488 152 152 83
7489 203 203 83
7490 221 221 84
7491 118 118 83
7492 203 203 83
7493 271 271 83
7494 153 153 84
7495 170 170 84
7496 170 170 84
7497 238 238 84
7498 186 186 83
7499 169 169 83
7500 289 289 84
7501 254 254 83
7502 187 187 84
7503 102 102 84
7504 152 152 83
7505 187 187 84
7506 170 170 84
7507 186 186 83
7508 221 221 84
7509 152 152 83
7510 221 221 84
7511 204 204 84
7512 186 186 83
7513 203 203 83
7514 237 237 83
7515 187 187 84
7516 186 186 83
7517 187 187 84
7518 118 118 83
7519 237 237 83
7520 203 203 83
7521 271 271 83
7522 237 237 83
7523 305 305 83
7524 187 187 84
7525 170 170 84
7526 186 186 83
7527 187 187 84
7528 186 186 83
7529 203 203 83
7530 169 169 83
7531 203 203 83
7532 237 237 83
7533 153 153 84
7534 152 152 83
7535 255 255 84
7536 288 288 83
7537 187 187 84
7538 152 152 83
7539 169 169 83
7540 187 187 84
7541 186 186 83
7542 237 237 83
7543 135 135 83
7544 221 221 84
7545 238 238 84
7546 220 220 83
7547 119 119 84
7548 170 170 84
7549 118 118 83
7550 237 237 83
7551 135 135 83
7552 101 101 83
7553 221 221 84
7554 204 204 84
7555 186 186 83
7556 221 221 84
7557 118 118 83
7558 237 237 83
7559 187 187 84
7560 220 220 83
7561 153 153 84
7562 220 220 83
7563 153 153 84
7564 136 136 84
7565 152 152 83
7566 169 169 83
7567 119 119 84
7568 186 186 83
7569 221 221 84
7570 170 170 84
7571 136 136 84
7572 186 186 83
7573 135 135 83
7574 135 135 83
7575 169 169 83
7576 135 135 83
7577 169 169 83
7578 221 221 84
7579 186 186 83
7580 153 153 84
7581 136 136 84
7582 186 186 83
7583 135 135 83
7584 203 203 83
7585 221 221 84
7586 220 220 83
7587 135 135 83
7588 169 169 83
7589 169 169 83
7590 203 203 83
7591 187 187 84
7592 220 220 83
7593 203 203 83
7594 135 135 83
7595 153 153 84
7596 136 136 84
7597 136 136 84
7598 84 84 84
7599 187 187 84
7600 254 254 83
7601 203 203 83
7602 169 169 83
7603 169 169 83
7604 221 221 84
7605 170 170 84
7606 170 170 84
7607 204 204 84
7608 220 220 83
7609 289 289 84
7610 186 186 83
7611 153 153 84
7612 118 118 83
7613 153 153 84
7614 170 170 84
7615 186 186 83
7616 221 221 84
7617 170 170 84
7618 136 136 84
7619 306 306 84
7620 152 152 83
7621 203 203 83
7622 203 203 83
7623 221 221 84
7624 152 152 83
7625 119 119 84
7626 118 118 83
7627 187 187 84
7628 136 136 84
7629 152 152 83
7630 271 271 83
7631 119 119 84
7632 118 118 83
7633 101 101 83
7634 169 169 83
7635 119 119 84
7636 152 152 83
7637 119 119 84
7638 186 186 83
7639 221 221 84
7640 186 186 83
7641 187 187 84
7642 136 136 84
7643 186 186 83
7644 101 101 83
7645 135 135 83
7646 271 271 83
7647 85 85 85
7648 118 118 83
7649 119 119 84
7650 136 136 84
7651 136 136 84
7652 136 136 84
7653 136 136 84
7654 186 186 83
7655 203 203 83
7656 101 101 83
7657 119 119 84
7658 170 170 84
7659 152 152 83
7660 135 135 83
7661 135 135 83
7662 187 187 84
7663 118 118 83
7664 153 153 84
7665 152 152 83
7666 153 153 84
7667 118 118 83
7668 169 169 83
7669 153 153 84
7670 186 186 83
7671 135 135 83
7672 153 153 84
7673 118 118 83
7674 135 135 83
7675 169 169 83
7676 203 203 83
7677 153 153 84
7678 118 118 83
7679 203 203 83
7680 119 119 84
7681 136 136 84
7682 118 118 83
7683 187 187 84
7684 186 186 83
7685 221 221 84
7686 102 102 84
7687 136 136 84
7688 152 152 83
7689 187 187 84
7690 152 152 83
7691 119 119 84
7692 238 238 84
7693 204 204 84
7694 118 118 83
7695 169 169 83
7696 85 85 85
7697 152 152 83
7698 119 119 84
7699 204 204 84
7700 220 220 83
7701 187 187 84
7702 118 118 83
7703 135 135 83
7704 101 101 83
7705 85 85 85
7706 186 186 83
7707 85 85 85
7708 220 220 83
7709 169 169 83
7710 203 203 83
7711 187 187 84
7712 102 102 84
7713 152 152 83
7714 221 221 84
7715 118 118 83
7716 187 187 84
7717 186 186 83
7718 169 169 83
7719 169 169 83
7720 119 119 84
7721 102 102 84
7722 170 170 84
7723 136 136 84
7724 102 102 84
7725 170 170 84
7726 220 220 83
7727 85 85 85
7728 102 102 84
7729 152 152 83
7730 203 203 83
7731 169 169 83
7732 153 153 84
7733 204 204 84
7734 136 136 84
7735 186 186 83
7736 119 119 84
7737 238 238 84
7738 220 220 83
7739 221 221 84
7740 170 170 84
7741 204 204 84
7742 170 170 84
7743 136 136 84
7744 118 118 83
7745 119 119 84
7746 170 170 84
7747 254 254 83
7748 237 237 83
7749 169 169 83
7750 237 237 83
7751 289 289 84
7752 136 136 84
7753 136 136 84
7754 136 136 84
7755 136 136 84
7756 118 118 83
7757 153 153 84
7758 152 152 83
7759 289 289 84
7760 170 170 84
7761 152 152 83
7762 169 169 83
7763 85 85 85
7764 170 170 84
7765 136 136 84
7766 186 186 83
7767 221 221 84
7768 152 152 83
7769 153 153 84
7770 220 220 83
7771 101 101 83
7772 135 135 83
7773 169 169 83
7774 221 221 84
7775 272 272 84
7776 288 288 83
7777 169 169 83
7778 153 153 84
7779 170 170 84
7780 152 152 83
7781 187 187 84
7782 458 458 83
7783 611 611 83
7784 407 407 83
7785 441 441 83
7786 289 289 84
7787 186 186 83
7788 339 339 83
7789 255 255 84
7790 322 322 83
7791 407 407 83
7792 357 357 84
7793 204 204 84
7794 220 220 83
7795 203 203 83
7796 271 271 83
7797 305 305 83
7798 391 391 84
7799 340 340 84
7800 186 186 83
7801 203 203 83
7802 339 339 83
7803 339 339 83
7804 323 323 84
7805 170 170 84
7806 204 204 84
7807 186 186 83
7808 221 221 84
7809 340 340 84
7810 220 220 83
7811 289 289 84
7812 220 220 83
7813 391 391 84
7814 238 238 84
7815 306 306 84
7816 322 322 83
7817 203 203 83
7818 271 271 83
7819 289 289 84
7820 204 204 84
7821 238 238 84
7822 390 390 83
7823 221 221 84
7824 272 272 84
7825 306 306 84
7826 186 186 83
7827 289 289 84
7828 374 374 84
7829 288 288 83
7830 153 153 84
7831 220 220 83
7832 169 169 83
7833 323 323 84
7834 220 220 83
7835 305 305 83
7836 237 237 83
7837 221 221 84
7838 220 220 83
7839 169 169 83
7840 305 305 83
7841 339 339 83
7842 373 373 83
7843 153 153 84
7844 170 170 84
7845 322 322 83
7846 271 271 83
7847 255 255 84
7848 390 390 83
7849 187 187 84
7850 254 254 83
7851 237 237 83
7852 221 221 84
7853 272 272 84
7854 272 272 84
7855 288 288 83
7856 221 221 84
7857 220 220 83
7858 203 203 83
7859 305 305 83
7860 187 187 84
7861 170 170 84
7862 186 186 83
7863 289 289 84
7864 288 288 83
7865 135 135 83
7866 289 289 84
7867 238 238 84
7868 238 238 84
7869 220 220 83
7870 255 255 84
7871 254 254 83
7872 221 221 84
7873 288 288 83
7874 339 339 83
7875 289 289 84
7876 288 288 83
7877 255 255 84
7878 186 186 83
7879 237 237 83
7880 255 255 84
7881 220 220 83
7882 305 305 83
7883 339 339 83
7884 221 221 84
7885 238 238 84
7886 272 272 84
7887 186 186 83
7888 135 135 83
7889 169 169 83
7890 237 237 83
7891 169 169 83
7892 255 255 84
7893 272 272 84
7894 272 272 84
7895 204 204 84
7896 272 272 84
7897 204 204 84
7898 204 204 84
7899 254 254 83
7900 221 221 84
7901 170 170 84
7902 254 254 83
7903 203 203 83
7904 289 289 84
7905 374 374 84
7906 220 220 83
7907 203 203 83
7908 339 339 83
7909 373 373 83
7910 305 305 83
7911 237 237 83
7912 305 305 83
7913 373 373 83
7914 425 425 84
7915 322 322 83
7916 305 305 83
7917 289 289 84
7918 288 288 83
7919 391 391 84
7920 288 288 83
7921 203 203 83
7922 255 255 84
7923 322 322 83
7924 237 237 83
7925 187 187 84
7926 170 170 84
7927 186 186 83
7928 187 187 84
7929 220 220 83
7930 119 119 84
7931 136 136 84
7932 170 170 84
7933 152 152 83
7934 187 187 84
7935 152 152 83
7936 221 221 84
7937 170 170 84
7938 186 186 83
7939 237 237 83
7940 221 221 84
7941 102 102 84
7942 204 204 84
7943 170 170 84
7944 170 170 84
7945 186 186 83
7946 203 203 83
7947 187 187 84
7948 408 408 84
7949 170 170 84
7950 136 136 84
7951 238 238 84
7952 204 204 84
7953 170 170 84
7954 220 220 83
7955 153 153 84
7956 254 254 83
7957 135 135 83
7958 221 221 84
7959 238 238 84
7960 220 220 83
7961 187 187 84
7962 238 238 84
7963 204 204 84
7964 170 170 84
7965 186 186 83
7966 153 153 84
7967 136 136 84
7968 186 186 83
7969 119 119 84
7970 204 204 84
7971 170 170 84
7972 136 136 84
7973 152 152 83
7974 187 187 84
7975 186 186 83
7976 153 153 84
7977 170 170 84
7978 118 118 83
7979 221 221 84
7980 118 118 83
7981 153 153 84
7982 152 152 83
7983 153 153 84
7984 204 204 84
7985 136 136 84
7986 152 152 83
7987 203 203 83
7988 153 153 84
7989 152 152 83
7990 305 305 83
7991 203 203 83
7992 153 153 84
7993 152 152 83
7994 119 119 84
7995 204 204 84
7996 204 204 84
7997 254 254 83
7998 169 169 83
7999 135 135 83
8000 203 203 83
8001 169 169 83
8002 187 187 84
8003 170 170 84
8004 220 220 83
8005 203 203 83
8006 203 203 83
8007 237 237 83
8008 135 135 83
8009 255 255 84
8010 204 204 84
8011 204 204 84
8012 238 238 84
8013 170 170 84
8014 136 136 84
8015 136 136 84
8016 152 152 83
8017 221 221 84
8018 136 136 84
8019 186 186 83
8020 203 203 83
8021 153 153 84
8022 220 220 83
8023 203 203 83
8024 135 135 83
8025 169 169 83
8026 169 169 83
8027 237 237 83
8028 237 237 83
8029 153 153 84
8030 170 170 84
8031 186 186 83
8032 169 169 83
8033 237 237 83
8034 169 169 83
8035 169 169 83
8036 203 203 83
8037 135 135 83
8038 169 169 83
8039 119 119 84
8040 204 204 84
8041 152 152 83
8042 221 221 84
8043 152 152 83
8044 187 187 84
8045 152 152 83
8046 135 135 83
8047 203 203 83
8048 153 153 84
8049 136 136 84
8050 118 118 83
8051 101 101 83
8052 85 85 85
8053 136 136 84
8054 204 204 84
8055 204 204 84
8056 204 204 84
8057 186 186 83
8058 153 153 84
8059 220 220 83
8060 153 153 84
8061 152 152 83
8062 101 101 83
8063 153 153 84
8064 238 238 84
8065 118 118 83
8066 119 119 84
8067 170 170 84
8068 152 152 83
8069 203 203 83
8070 187 187 84
8071 102 102 84
8072 152 152 83
8073 135 135 83
8074 187 187 84
8075 204 204 84
8076 170 170 84
8077 118 118 83
8078 153 153 84
8079 170 170 84
8080 204 204 84
8081 170 170 84
8082 118 118 83
8083 101 101 83
8084 187 187 84
8085 204 204 84
8086 186 186 83
8087 169 169 83
8088 221 221 84
8089 186 186 83
8090 221 221 84
8091 254 254 83
8092 255 255 84
8093 152 152 83
8094 203 203 83
8095 237 237 83
8096 187 187 84
8097 186 186 83
8098 119 119 84
8099 152 152 83
8100 153 153 84
8101 170 170 84
8102 220 220 83
8103 237 237 83
8104 203 203 83
8105 135 135 83
8106 153 153 84
8107 170 170 84
8108 238 238 84
8109 356 356 83
8110 203 203 83
8111 169 169 83
8112 101 101 83
8113 153 153 84
8114 220 220 83
8115 237 237 83
8116 255 255 84
8117 186 186 83
8118 271 271 83
8119 255 255 84
8120 322 322 83
8121 221 221 84
8122 152 152 83
8123 237 237 83
8124 203 203 83
8125 459 459 84
8126 306 306 84
8127 442 442 84
8128 322 322 83
8129 323 323 84
8130 356 356 83
8131 255 255 84
8132 288 288 83
8133 305 305 83
8134 339 339 83
8135 221 221 84
8136 340 340 84
8137 560 560 83
8138 289 289 84
8139 356 356 83
8140 339 339 83
8141 391 391 84
8142 390 390 83
8143 289 289 84
8144 340 340 84
8145 424 424 83
8146 169 169 83
8147 305 305 83
8148 323 323 84
8149 170 170 84
8150 204 204 84
8151 288 288 83
8152 237 237 83
8153 271 271 83
8154 305 305 83
8155 305 305 83
8156 289 289 84
8157 322 322 83
8158 153 153 84
8159 272 272 84
8160 356 356 83
8161 271 271 83
8162 153 153 84
8163 340 340 84
8164 356 356 83
8165 187 187 84
8166 340 340 84
8167 340 340 84
8168 238 238 84
8169 186 186 83
8170 169 169 83
8171 255 255 84
8172 340 340 84
8173 458 458 83
8174 425 425 84
8175 390 390 83
8176 289 289 84
8177 306 306 84
8178 390 390 83
8179 289 289 84
8180 322 322 83
8181 323 323 84
8182 220 220 83
8183 203 203 83
8184 255 255 84
8185 424 424 83
8186 373 373 83
8187 373 373 83
8188 391 391 84
8189 170 170 84
8190 288 288 83
8191 407 407 83
8192 255 255 84
8193 288 288 83
8194 323 323 84
8195 322 322 83
8196 203 203 83
8197 237 237 83
8198 203 203 83
8199 221 221 84
8200 254 254 83
8201 323 323 84
8202 272 272 84
8203 288 288 83
8204 271 271 83
8205 305 305 83
8206 255 255 84
8207 272 272 84
8208 220 220 83
8209 357 357 84
8210 220 220 83
8211 323 323 84
8212 272 272 84
8213 306 306 84
8214 238 238 84
8215 390 390 83
8216 169 169 83
8217 373 373 83
8218 357 357 84
8219 306 306 84
8220 238 238 84
8221 374 374 84
8222 272 272 84
8223 238 238 84
8224 238 238 84
8225 238 238 84
8226 238 238 84
8227 220 220 83
8228 221 221 84
8229 322 322 83
8230 255 255 84
8231 170 170 84
8232 238 238 84
8233 204 204 84
8234 340 340 84
8235 170 170 84
8236 254 254 83
8237 271 271 83
8238 255 255 84
8239 220 220 83
8240 255 255 84
8241 204 204 84
8242 170 170 84
8243 272 272 84
8244 288 288 83
8245 169 169 83
8246 135 135 83
8247 289 289 84
8248 220 220 83
8249 187 187 84
8250 340 340 84
8251 152 152 83
8252 221 221 84
8253 238 238 84
8254 152 152 83
8255 203 203 83
8256 203 203 83
8257 255 255 84
8258 186 186 83
8259 101 101 83
8260 289 289 84
8261 306 306 84
8262 186 186 83
8263 153 153 84
8264 152 152 83
8265 255 255 84
8266 152 152 83
8267 255 255 84
8268 238 238 84
8269 204 204 84
8270 204 204 84
8271 272 272 84
8272 152 152 83
8273 169 169 83
8274 221 221 84
8275 186 186 83
8276 135 135 83
8277 153 153 84
8278 186 186 83
8279 169 169 83
8280 255 255 84
8281 238 238 84
8282 170 170 84
8283 238 238 84
8284 238 238 84
8285 272 272 84
8286 238 238 84
8287 152 152 83
8288 221 221 84
8289 204 204 84
8290 204 204 84
8291 170 170 84
8292 238 238 84
8293 186 186 83
8294 289 289 84
8295 152 152 83
8296 153 153 84
8297 152 152 83
8298 203 203 83
8299 203 203 83
8300 271 271 83
8301 237 237 83
8302 255 255 84
8303 220 220 83
8304 187 187 84
8305 102 102 84
8306 136 136 84
8307 288 288 83
8308 221 221 84
8309 170 170 84
8310 288 288 83
8311 255 255 84
8312 238 238 84
8313 220 220 83
8314 119 119 84
8315 322 322 83
8316 221 221 84
8317 306 306 84
8318 272 272 84
8319 340 340 84
8320 136 136 84
8321 186 186 83
8322 221 221 84
8323 288 288 83
8324 305 305 83
8325 357 357 84
8326 238 238 84
8327 306 306 84
8328 204 204 84
8329 170 170 84
8330 356 356 83
8331 187 187 84
8332 322 322 83
8333 255 255 84
8334 272 272 84
8335 254 254 83
8336 323 323 84
8337 170 170 84
8338 254 254 83
8339 305 305 83
8340 357 357 84
8341 288 288 83
8342 255 255 84
8343 340 340 84
8344 322 322 83
8345 289 289 84
8346 390 390 83
8347 289 289 84
8348 306 306 84
8349 254 254 83
8350 271 271 83
8351 187 187 84
8352 374 374 84
8353 254 254 83
8354 237 237 83
8355 237 237 83
8356 373 373 83
8357 323 323 84
8358 306 306 84
8359 340 340 84
8360 306 306 84
8361 186 186 83
8362 271 271 83
8363 187 187 84
8364 272 272 84
8365 288 288 83
8366 271 271 83
8367 305 305 83
8368 271 271 83
8369 271 271 83
8370 187 187 84
8371 322 322 83
8372 221 221 84
8373 306 306 84
8374 238 238 84
8375 424 424 83
8376 221 221 84
8377 204 204 84
8378 238 238 84
8379 374 374 84
8380 170 170 84
8381 204 204 84
8382 322 322 83
8383 237 237 83
8384 255 255 84
8385 238 238 84
8386 170 170 84
8387 288 288 83
8388 271 271 83
8389 391 391 84
8390 204 204 84
8391 238 238 84
8392 306 306 84
8393 272 272 84
8394 288 288 83
8395 221 221 84
8396 220 220 83
8397 271 271 83
8398 357 357 84
8399 288 288 83
8400 221 221 84
8401 374 374 84
8402 152 152 83
8403 153 153 84
8404 152 152 83
8405 203 203 83
8406 119 119 84
8407 186 186 83
8408 339 339 83
8409 153 153 84
8410 186 186 83
8411 289 289 84
8412 170 170 84
8413 254 254 83
8414 153 153 84
8415 220 220 83
8416 187 187 84
8417 220 220 83
8418 187 187 84
8419 306 306 84
8420 170 170 84
8421 238 238 84
8422 186 186 83
8423 187 187 84
8424 254 254 83
8425 169 169 83
8426 237 237 83
8427 221 221 84
8428 186 186 83
8429 203 203 83
8430 203 203 83
8431 221 221 84
8432 220 220 83
8433 237 237 83
8434 203 203 83
8435 135 135 83
8436 153 153 84
8437 118 118 83
8438 237 237 83
8439 221 221 84
8440 204 204 84
8441 186 186 83
8442 271 271 83
8443 119 119 84
8444 458 458 83
8445 373 373 83
8446 339 339 83
8447 629 629 84
8448 1070 1070 83
8449 561 561 84
8450 374 374 84
8451 476 476 84
8452 544 544 84
8453 476 476 84
8454 272 272 84
8455 322 322 83
8456 391 391 84
8457 170 170 84
8458 170 170 84
8459 254 254 83
8460 271 271 83
8461 373 373 83
8462 425 425 84
8463 356 356 83
8464 323 323 84
8465 356 356 83
8466 255 255 84
8467 288 288 83
8468 289 289 84
8469 288 288 83
8470 289 289 84
8471 186 186 83
8472 237 237 83
8473 203 203 83
8474 255 255 84
8475 186 186 83
8476 221 221 84
8477 186 186 83
8478 169 169 83
8479 255 255 84
8480 170 170 84
8481 238 238 84
8482 254 254 83
8483 237 237 83
8484 373 373 83
8485 135 135 83
8486 153 153 84
8487 204 204 84
8488 322 322 83
8489 187 187 84
8490 220 220 83
8491 203 203 83
8492 271 271 83
8493 237 237 83
8494 271 271 83
8495 255 255 84
8496 238 238 84
8497 254 254 83
8498 289 289 84
8499 272 272 84
8500 186 186 83
8501 305 305 83
8502 289 289 84
8503 238 238 84
8504 238 238 84
8505 220 220 83
8506 203 203 83
8507 305 305 83
8508 289 289 84
8509 322 322 83
8510 255 255 84
8511 322 322 83
8512 255 255 84
8513 204 204 84
8514 254 254 83
8515 203 203 83
8516 271 271 83
8517 187 187 84
8518 356 356 83
8519 255 255 84
8520 254 254 83
8521 271 271 83
8522 203 203 83
8523 169 169 83
8524 323 323 84
8525 238 238 84
8526 186 186 83
8527 305 305 83
8528 203 203 83
8529 153 153 84
8530 374 374 84
8531 288 288 83
8532 187 187 84
8533 288 288 83
8534 339 339 83
8535 237 237 83
8536 305 305 83
8537 255 255 84
8538 220 220 83
8539 255 255 84
8540 238 238 84
8541 204 204 84
8542 322 322 83
8543 305 305 83
8544 271 271 83
8545 187 187 84
8546 306 306 84
8547 272 272 84
8548 186 186 83
8549 237 237 83
8550 221 221 84
8551 238 238 84
8552 322 322 83
8553 187 187 84
8554 288 288 83
8555 305 305 83
8556 221 221 84
8557 220 220 83
8558 169 169 83
8559 255 255 84
8560 272 272 84
8561 272 272 84
8562 238 238 84
8563 136 136 84
8564 102 102 84
8565 152 152 83
8566 187 187 84
8567 254 254 83
8568 271 271 83
8569 203 203 83
8570 187 187 84
8571 170 170 84
8572 136 136 84
8573 288 288 83
8574 289 289 84
8575 136 136 84
8576 254 254 83
8577 221 221 84
8578 220 220 83
8579 271 271 83
8580 255 255 84
8581 118 118 83
8582 237 237 83
8583 169 169 83
8584 135 135 83
8585 203 203 83
8586 153 153 84
8587 306 306 84
8588 136 136 84
8589 238 238 84
8590 186 186 83
8591 101 101 83
8592 187 187 84
8593 220 220 83
8594 237 237 83
8595 135 135 83
8596 289 289 84
8597 186 186 83
8598 153 153 84
8599 136 136 84
8600 204 204 84
8601 204 204 84
8602 136 136 84
8603 152 152 83
8604 203 203 83
8605 153 153 84
8606 152 152 83
8607 237 237 83
8608 135 135 83
8609 289 289 84
8610 186 186 83
8611 135 135 83
8612 153 153 84
8613 238 238 84
8614 170 170 84
8615 186 186 83
8616 203 203 83
8617 187 187 84
8618 170 170 84
8619 186 186 83
8620 187 187 84
8621 204 204 84
8622 254 254 83
8623 169 169 83
8624 169 169 83
8625 237 237 83
8626 169 169 83
8627 169 169 83
8628 237 237 83
8629 187 187 84
8630 170 170 84
8631 186 186 83
8632 339 339 83
8633 203 203 83
8634 221 221 84
8635 102 102 84
8636 254 254 83
8637 169 169 83
8638 271 271 83
8639 305 305 83
8640 203 203 83
8641 203 203 83
8642 221 221 84
8643 170 170 84
8644 152 152 83
8645 221 221 84
8646 186 186 83
8647 203 203 83
8648 255 255 84
8649 102 102 84
8650 220 220 83
8651 203 203 83
8652 221 221 84
8653 288 288 83
8654 187 187 84
8655 186 186 83
8656 203 203 83
8657 255 255 84
8658 204 204 84
8659 152 152 83
8660 221 221 84
8661 152 152 83
8662 169 169 83
8663 119 119 84
8664 84 84 84
8665 187 187 84
8666 204 204 84
8667 272 272 84
8668 220 220 83
8669 135 135 83
8670 187 187 84
8671 136 136 84
8672 204 204 84
8673 170 170 84
8674 152 152 83
8675 203 203 83
8676 237 237 83
8677 169 169 83
8678 203 203 83
8679 221 221 84
8680 254 254 83
8681 255 255 84
8682 170 170 84
8683 204 204 84
8684 220 220 83
8685 323 323 84
8686 186 186 83
8687 255 255 84
8688 204 204 84
8689 152 152 83
8690 203 203 83
8691 187 187 84
8692 152 152 83
8693 135 135 83
8694 203 203 83
8695 153 153 84
8696 186 186 83
8697 255 255 84
8698 136 136 84
8699 186 186 83
8700 169 169 83
8701 237 237 83
8702 101 101 83
8703 135 135 83
8704 221 221 84
8705 170 170 84
8706 186 186 83
8707 203 203 83
8708 119 119 84
8709 204 204 84
8710 204 204 84
8711 118 118 83
8712 119 119 84
8713 204 204 84
8714 118 118 83
8715 153 153 84
8716 186 186 83
8717 153 153 84
8718 204 204 84
8719 136 136 84
8720 170 170 84
8721 170 170 84
8722 170 170 84
8723 204 204 84
8724 84 84 84
8725 135 135 83
8726 187 187 84
8727 170 170 84
8728 102 102 84
8729 204 204 84
8730 118 118 83
8731 187 187 84
8732 186 186 83
8733 169 169 83
8734 187 187 84
8735 152 152 83
8736 119 119 84
8737 220 220 83
8738 187 187 84
8739 136 136 84
8740 118 118 83
8741 237 237 83
8742 203 203 83
8743 289 289 84
8744 118 118 83
8745 153 153 84
8746 152 152 83
8747 119 119 84
8748 238 238 84
8749 152 152 83
8750 187 187 84
8751 186 186 83
8752 119 119 84
8753 170 170 84
8754 152 152 83
8755 169 169 83
8756 135 135 83
8757 169 169 83
8758 305 305 83
8759 255 255 84
8760 322 322 83
8761 339 339 83
8762 187 187 84
8763 204 204 84
8764 204 204 84
8765 204 204 84
8766 288 288 83
8767 203 203 83
8768 203 203 83
8769 169 169 83
8770 221 221 84
8771 254 254 83
8772 203 203 83
8773 237 237 83
8774 221 221 84
8775 204 204 84
8776 322 322 83
8777 339 339 83
8778 373 373 83
8779 289 289 84
8780 322 322 83
8781 441 441 83
8782 221 221 84
8783 272 272 84
8784 374 374 84
8785 356 356 83
8786 357 357 84
8787 186 186 83
8788 289 289 84
8789 306 306 84
8790 272 272 84
8791 322 322 83
8792 323 323 84
8793 186 186 83
8794 221 221 84
8795 374 374 84
8796 204 204 84
8797 306 306 84
8798 322 322 83
8799 271 271 83
8800 323 323 84
8801 322 322 83
8802 305 305 83
8803 187 187 84
8804 220 220 83
8805 339 339 83
8806 289 289 84
8807 390 390 83
8808 391 391 84
8809 272 272 84
8810 254 254 83
8811 323 323 84
8812 356 356 83
8813 323 323 84
8814 220 220 83
8815 169 169 83
8816 271 271 83
8817 339 339 83
8818 323 323 84
8819 288 288 83
8820 407 407 83
8821 305 305 83
8822 271 271 83
8823 289 289 84
8824 254 254 83
8825 237 237 83
8826 153 153 84
8827 272 272 84
8828 288 288 83
8829 323 323 84
8830 220 220 83
8831 323 323 84
8832 238 238 84
8833 356 356 83
8834 203 203 83
8835 441 441 83
8836 289 289 84
8837 204 204 84
8838 306 306 84
8839 340 340 84
8840 306 306 84
8841 272 272 84
8842 340 340 84
8843 272 272 84
8844 254 254 83
8845 203 203 83
8846 255 255 84
8847 186 186 83
8848 237 237 83
8849 187 187 84
8850 272 272 84
8851 288 288 83
8852 153 153 84
8853 170 170 84
8854 204 204 84
8855 170 170 84
8856 220 220 83
8857 339 339 83
8858 255 255 84
8859 204 204 84
8860 204 204 84
8861 152 152 83
8862 153 153 84
8863 220 220 83
8864 255 255 84
8865 288 288 83
8866 305 305 83
8867 203 203 83
8868 373 373 83
8869 135 135 83
8870 169 169 83
8871 187 187 84
8872 220 220 83
8873 271 271 83
8874 187 187 84
8875 186 186 83
8876 221 221 84
8877 152 152 83
8878 255 255 84
8879 254 254 83
8880 255 255 84
8881 288 288 83
8882 135 135 83
8883 203 203 83
8884 237 237 83
8885 271 271 83
8886 203 203 83
8887 187 187 84
8888 238 238 84
8889 204 204 84
8890 186 186 83
8891 237 237 83
8892 237 237 83
8893 237 237 83
8894 187 187 84
8895 272 272 84
8896 102 102 84
8897 152 152 83
8898 187 187 84
8899 136 136 84
8900 288 288 83
8901 305 305 83
8902 271 271 83
8903 221 221 84
8904 238 238 84
8905 152 152 83
8906 221 221 84
8907 152 152 83
8908 289 289 84
8909 220 220 83
8910 153 153 84
8911 204 204 84
8912 288 288 83
8913 187 187 84
8914 254 254 83
8915 339 339 83
8916 357 357 84
8917 186 186 83
8918 153 153 84
8919 254 254 83
8920 237 237 83
8921 289 289 84
8922 306 306 84
8923 238 238 84
8924 356 356 83
8925 169 169 83
8926 373 373 83
8927 187 187 84
8928 322 322 83
8929 339 339 83
8930 339 339 83
8931 271 271 83
8932 255 255 84
8933 254 254 83
8934 237 237 83
8935 187 187 84
8936 272 272 84
8937 220 220 83
8938 339 339 83
8939 237 237 83
8940 237 237 83
8941 153 153 84
8942 204 204 84
8943 238 238 84
8944 152 152 83
8945 271 271 83
8946 221 221 84
8947 152 152 83
8948 169 169 83
8949 289 289 84
8950 220 220 83
8951 187 187 84
8952 390 390 83
8953 255 255 84
8954 272 272 84
8955 170 170 84
8956 272 272 84
8957 254 254 83
8958 203 203 83
8959 203 203 83
8960 373 373 83
8961 271 271 83
8962 169 169 83
8963 187 187 84
8964 170 170 84
8965 238 238 84
8966 170 170 84
8967 186 186 83
8968 153 153 84
8969 220 220 83
8970 135 135 83
8971 187 187 84
8972 288 288 83
8973 237 237 83
8974 169 169 83
8975 135 135 83
8976 119 119 84
8977 152 152 83
8978 187 187 84
8979 238 238 84
8980 204 204 84
8981 152 152 83
8982 153 153 84
8983 152 152 83
8984 169 169 83
8985 119 119 84
8986 186 186 83
8987 153 153 84
8988 136 136 84
8989 170 170 84
8990 170 170 84
8991 136 136 84
8992 136 136 84
8993 152 152 83
8994 119 119 84
8995 118 118 83
8996 135 135 83
8997 187 187 84
8998 220 220 83
8999 187 187 84
9000 118 118 83
9001 169 169 83
9002 101 101 83
9003 85 85 85
9004 204 204 84
9005 238 238 84
9006 238 238 84
9007 136 136 84
9008 254 254 83
9009 221 221 84
9010 152 152 83
9011 153 153 84
9012 118 118 83
9013 221 221 84
9014 186 186 83
9015 187 187 84
9016 220 220 83
9017 187 187 84
9018 118 118 83
9019 221 221 84
9020 152 152 83
9021 153 153 84
9022 84 84 84
9023 221 221 84
9024 118 118 83
9025 187 187 84
9026 238 238 84
9027 118 118 83
9028 169 169 83
9029 187 187 84
9030 186 186 83
9031 169 169 83
9032 153 153 84
9033 186 186 83
9034 153 153 84
9035 136 136 84
9036 170 170 84
9037 186 186 83
9038 187 187 84
9039 170 170 84
9040 186 186 83
9041 135 135 83
9042 135 135 83
9043 119 119 84
9044 170 170 84
9045 220 220 83
9046 153 153 84
9047 238 238 84
9048 220 220 83
9049 221 221 84
9050 152 152 83
9051 169 169 83
9052 153 153 84
9053 152 152 83
9054 255 255 84
9055 238 238 84
9056 204 204 84
9057 102 102 84
9058 152 152 83
9059 135 135 83
9060 119 119 84
9061 186 186 83
9062 119 119 84
9063 204 204 84
9064 152 152 83
9065 271 271 83
9066 187 187 84
9067 170 170 84
9068 118 118 83
9069 119 119 84
9070 170 170 84
9071 136 136 84
9072 170 170 84
9073 152 152 83
9074 153 153 84
9075 152 152 83
9076 169 169 83
9077 101 101 83
9078 169 169 83
9079 221 221 84
9080 136 136 84
9081 186 186 83
9082 135 135 83
9083 101 101 83
9084 135 135 83
9085 203 203 83
9086 119 119 84
9087 186 186 83
9088 169 169 83
9089 187 187 84
9090 136 136 84
9091 136 136 84
9092 186 186 83
9093 221 221 84
9094 220 220 83
9095 187 187 84
9096 170 170 84
9097 136 136 84
9098 136 136 84
9099 186 186 83
9100 169 169 83
9101 153 153 84
9102 170 170 84
9103 204 204 84
9104 118 118 83
9105 135 135 83
9106 187 187 84
9107 254 254 83
9108 203 203 83
9109 119 119 84
9110 118 118 83
9111 119 119 84
9112 136 136 84
9113 152 152 83
9114 203 203 83
9115 255 255 84
9116 186 186 83
9117 255 255 84
9118 170 170 84
9119 186 186 83
9120 119 119 84
9121 254 254 83
9122 187 187 84
9123 186 186 83
9124 169 169 83
9125 203 203 83
9126 153 153 84
9127 136 136 84
9128 220 220 83
9129 271 271 83
9130 289 289 84
9131 288 288 83
9132 101 101 83
9133 187 187 84
9134 238 238 84
9135 152 152 83
9136 203 203 83
9137 305 305 83
9138 187 187 84
9139 186 186 83
9140 255 255 84
9141 254 254 83
9142 407 407 83
9143 237 237 83
9144 271 271 83
9145 305 305 83
9146 357 357 84
9147 442 442 84
9148 492 492 83
9149 289 289 84
9150 306 306 84
9151 272 272 84
9152 390 390 83
9153 459 459 84
9154 526 526 83
9155 373 373 83
9156 373 373 83
9157 339 339 83
9158 475 475 83
9159 543 543 83
9160 441 441 83
9161 543 543 83
9162 459 459 84
9163 390 390 83
9164 441 441 83
9165 561 561 84
9166 374 374 84
9167 272 272 84
9168 492 492 83
9169 577 577 83
9170 271 271 83
9171 475 475 83
9172 425 425 84
9173 340 340 84
9174 578 578 84
9175 612 612 84
9176 340 340 84
9177 458 458 83
9178 509 509 83
9179 441 441 83
9180 339 339 83
9181 323 323 84
9182 578 578 84
9183 458 458 83
9184 289 289 84
9185 476 476 84
9186 476 476 84
9187 306 306 84
9188 476 476 84
9189 458 458 83
9190 391 391 84
9191 476 476 84
9192 458 458 83
9193 475 475 83
9194 509 509 83
9195 305 305 83
9196 407 407 83
9197 391 391 84
9198 476 476 84
9199 578 578 84
9200 254 254 83
9201 339 339 83
9202 339 339 83
9203 373 373 83
9204 339 339 83
9205 407 407 83
9206 391 391 84
9207 390 390 83
9208 373 373 83
9209 407 407 83
9210 305 305 83
9211 323 323 84
9212 544 544 84
9213 510 510 84
9214 492 492 83
9215 493 493 84
9216 356 356 83
9217 357 357 84
9218 390 390 83
9219 543 543 83
9220 561 561 84
9221 288 288 83
9222 271 271 83
9223 323 323 84
9224 424 424 83
9225 289 289 84
9226 492 492 83
9227 323 323 84
9228 374 374 84
9229 374 374 84
9230 458 458 83
9231 459 459 84
9232 578 578 84
9233 374 374 84
9234 288 288 83
9235 425 425 84
9236 578 578 84
9237 306 306 84
9238 408 408 84
9239 340 340 84
9240 306 306 84
9241 390 390 83
9242 271 271 83
9243 373 373 83
9244 339 339 83
9245 391 391 84
9246 374 374 84
9247 442 442 84
9248 322 322 83
9249 323 323 84
9250 442 442 84
9251 390 390 83
9252 373 373 83
9253 407 407 83
9254 459 459 84
9255 408 408 84
9256 458 458 83
9257 289 289 84
9258 322 322 83
9259 357 357 84
9260 390 390 83
9261 357 357 84
9262 374 374 84
9263 374 374 84
9264 340 340 84
9265 390 390 83
9266 373 373 83
9267 391 391 84
9268 322 322 83
9269 339 339 83
9270 459 459 84
9271 476 476 84
9272 424 424 83
9273 373 373 83
9274 289 289 84
9275 340 340 84
9276 442 442 84
9277 442 442 84
9278 340 340 84
9279 492 492 83
9280 459 459 84
9281 390 390 83
9282 391 391 84
9283 442 442 84
9284 510 510 84
9285 374 374 84
9286 340 340 84
9287 288 288 83
9288 305 305 83
9289 271 271 83
9290 407 407 83
9291 391 391 84
9292 578 578 84
9293 408 408 84
9294 220 220 83
9295 323 323 84
9296 390 390 83
9297 305 305 83
9298 357 357 84
9299 492 492 83
9300 373 373 83
9301 425 425 84
9302 220 220 83
9303 187 187 84
9304 374 374 84
9305 356 356 83
9306 323 323 84
9307 288 288 83
9308 271 271 83
9309 339 339 83
9310 339 339 83
9311 373 373 83
9312 339 339 83
9313 323 323 84
9314 306 306 84
9315 322 322 83
9316 339 339 83
9317 289 289 84
9318 458 458 83
9319 271 271 83
9320 255 255 84
9321 374 374 84
9322 374 374 84
9323 390 390 83
9324 373 373 83
9325 271 271 83
9326 221 221 84
9327 322 322 83
9328 527 527 84
9329 510 510 84
9330 424 424 83
9331 407 407 83
9332 339 339 83
9333 289 289 84
9334 408 408 84
9335 408 408 84
9336 374 374 84
9337 272 272 84
9338 374 374 84
9339 288 288 83
9340 289 289 84
9341 458 458 83
9342 357 357 84
9343 288 288 83
9344 357 357 84
9345 356 356 83
9346 255 255 84
9347 390 390 83
9348 475 475 83
9349 391 391 84
9350 272 272 84
9351 390 390 83
9352 323 323 84
9353 322 322 83
9354 407 407 83
9355 459 459 84
9356 374 374 84
9357 272 272 84
9358 322 322 83
9359 425 425 84
9360 322 322 83
9361 305 305 83
9362 357 357 84
9363 288 288 83
9364 357 357 84
9365 374 374 84
9366 374 374 84
9367 390 390 83
9368 339 339 83
9369 425 425 84
9370 238 238 84
9371 390 390 83
9372 305 305 83
9373 339 339 83
9374 391 391 84
9375 272 272 84
9376 390 390 83
9377 323 323 84
9378 390 390 83
9379 357 357 84
9380 322 322 83
9381 323 323 84
9382 238 238 84
9383 340 340 84
9384 390 390 83
9385 357 357 84
9386 492 492 83
9387 357 357 84
9388 408 408 84
9389 374 374 84
9390 238 238 84
9391 390 390 83
9392 475 475 83
9393 679 679 83
9394 407 407 83
9395 305 305 83
9396 391 391 84
9397 424 424 83
9398 407 407 83
9399 323 323 84
9400 272 272 84
9401 340 340 84
9402 390 390 83
9403 391 391 84
9404 458 458 83
9405 509 509 83
9406 459 459 84
9407 306 306 84
9408 458 458 83
9409 425 425 84
9410 408 408 84
9411 442 442 84
9412 340 340 84
9413 476 476 84
9414 458 458 83
9415 543 543 83
9416 441 441 83
9417 407 407 83
9418 407 407 83
9419 255 255 84
9420 390 390 83
9421 509 509 83
9422 373 373 83
9423 339 339 83
9424 407 407 83
9425 407 407 83
9426 391 391 84
9427 442 442 84
9428 238 238 84
9429 424 424 83
9430 323 323 84
9431 220 220 83
9432 323 323 84
9433 288 288 83
9434 475 475 83
9435 425 425 84
9436 288 288 83
9437 289 289 84
9438 408 408 84
9439 424 424 83
9440 391 391 84
9441 510 510 84
9442 238 238 84
9443 408 408 84
9444 374 374 84
9445 340 340 84
9446 458 458 83
9447 441 441 83
9448 339 339 83
9449 305 305 83
9450 187 187 84
9451 476 476 84
9452 288 288 83
9453 425 425 84
9454 374 374 84
9455 272 272 84
9456 476 476 84
9457 238 238 84
9458 356 356 83
9459 305 305 83
9460 255 255 84
9461 340 340 84
9462 408 408 84
9463 288 288 83
9464 339 339 83
9465 339 339 83
9466 391 391 84
9467 272 272 84
9468 306 306 84
9469 356 356 83
9470 339 339 83
9471 237 237 83
9472 271 271 83
9473 373 373 83
9474 407 407 83
9475 391 391 84
9476 220 220 83
9477 289 289 84
9478 322 322 83
9479 339 339 83
9480 203 203 83
9481 441 441 83
9482 305 305 83
9483 339 339 83
9484 255 255 84
9485 374 374 84
9486 152 152 83
9487 373 373 83
9488 237 237 83
9489 271 271 83
9490 339 339 83
9491 255 255 84
9492 356 356 83
9493 271 271 83
9494 357 357 84
9495 306 306 84
9496 186 186 83
9497 289 289 84
9498 220 220 83
9499 169 169 83
9500 289 289 84
9501 374 374 84
9502 254 254 83
9503 373 373 83
9504 271 271 83
9505 119 119 84
9506 238 238 84
9507 204 204 84
9508 288 288 83
9509 255 255 84
9510 254 254 83
9511 305 305 83
9512 271 271 83
9513 289 289 84
9514 374 374 84
9515 186 186 83
9516 305 305 83
9517 187 187 84
9518 374 374 84
9519 254 254 83
9520 357 357 84
9521 306 306 84
9522 288 288 83
9523 305 305 83
9524 323 323 84
9525 220 220 83
9526 339 339 83
9527 357 357 84
9528 170 170 84
9529 272 272 84
9530 288 288 83
9531 255 255 84
9532 238 238 84
9533 408 408 84
9534 254 254 83
9535 305 305 83
9536 323 323 84
9537 340 340 84
9538 254 254 83
9539 339 339 83
9540 289 289 84
9541 186 186 83
9542 373 373 83
9543 323 323 84
9544 356 356 83
9545 255 255 84
9546 356 356 83
9547 323 323 84
9548 390 390 83
9549 203 203 83
9550 289 289 84
9551 340 340 84
9552 288 288 83
9553 305 305 83
9554 323 323 84
9555 272 272 84
9556 186 186 83
9557 373 373 83
9558 255 255 84
9559 220 220 83
9560 271 271 83
9561 305 305 83
9562 271 271 83
9563 373 373 83
9564 271 271 83
9565 169 169 83
9566 221 221 84
9567 356 356 83
9568 357 357 84
9569 186 186 83
9570 203 203 83
9571 271 271 83
9572 271 271 83
9573 271 271 83
9574 425 425 84
9575 356 356 83
9576 289 289 84
9577 408 408 84
9578 322 322 83
9579 271 271 83
9580 271 271 83
9581 237 237 83
9582 169 169 83
9583 221 221 84
9584 204 204 84
9585 186 186 83
9586 289 289 84
9587 254 254 83
9588 271 271 83
9589 237 237 83
9590 271 271 83
9591 255 255 84
9592 288 288 83
9593 203 203 83
9594 203 203 83
9595 237 237 83
9596 153 153 84
9597 170 170 84
9598 170 170 84
9599 306 306 84
9600 170 170 84
9601 204 204 84
9602 272 272 84
9603 220 220 83
9604 153 153 84
9605 152 152 83
9606 255 255 84
9607 186 186 83
9608 153 153 84
9609 254 254 83
9610 187 187 84
9611 204 204 84
9612 186 186 83
9613 153 153 84
9614 238 238 84
9615 152 152 83
9616 153 153 84
9617 220 220 83
9618 255 255 84
9619 118 118 83
9620 237 237 83
9621 119 119 84
9622 238 238 84
9623 186 186 83
9624 203 203 83
9625 221 221 84
9626 152 152 83
9627 271 271 83
9628 255 255 84
9629 186 186 83
9630 169 169 83
9631 289 289 84
9632 220 220 83
9633 289 289 84
9634 170 170 84
9635 186 186 83
9636 237 237 83
9637 135 135 83
9638 135 135 83
9639 169 169 83
9640 255 255 84
9641 204 204 84
9642 186 186 83
9643 237 237 83
9644 153 153 84
9645 170 170 84
9646 238 238 84
9647 152 152 83
9648 289 289 84
9649 186 186 83
9650 187 187 84
9651 220 220 83
9652 237 237 83
9653 237 237 83
9654 289 289 84
9655 152 152 83
9656 203 203 83
9657 187 187 84
9658 136 136 84
9659 118 118 83
9660 271 271 83
9661 237 237 83
9662 187 187 84
9663 272 272 84
9664 170 170 84
9665 254 254 83
9666 153 153 84
9667 204 204 84
9668 186 186 83
9669 119 119 84
9670 238 238 84
9671 306 306 84
9672 186 186 83
9673 271 271 83
9674 339 339 83
9675 323 323 84
9676 170 170 84
9677 186 186 83
9678 237 237 83
9679 237 237 83
9680 373 373 83
9681 305 305 83
9682 255 255 84
9683 322 322 83
9684 203 203 83
9685 237 237 83
9686 373 373 83
9687 323 323 84
9688 288 288 83
9689 289 289 84
9690 390 390 83
9691 373 373 83
9692 475 475 83
9693 543 543 83
9694 357 357 84
9695 492 492 83
9696 237 237 83
9697 323 323 84
9698 390 390 83
9699 441 441 83
9700 425 425 84
9701 322 322 83
9702 339 339 83
9703 255 255 84
9704 408 408 84
9705 424 424 83
9706 305 305 83
9707 255 255 84
9708 272 272 84
9709 408 408 84
9710 356 356 83
9711 255 255 84
9712 272 272 84
9713 306 306 84
9714 238 238 84
9715 220 220 83
9716 237 237 83
9717 323 323 84
9718 204 204 84
9719 322 322 83
9720 255 255 84
9721 204 204 84
9722 186 186 83
9723 357 357 84
9724 288 288 83
9725 271 271 83
9726 289 289 84
9727 238 238 84
9728 152 152 83
9729 271 271 83
9730 255 255 84
9731 204 204 84
9732 238 238 84
9733 272 272 84
9734 356 356 83
9735 203 203 83
9736 187 187 84
9737 220 220 83
9738 237 237 83
9739 203 203 83
9740 169 169 83
9741 237 237 83
9742 221 221 84
9743 186 186 83
9744 203 203 83
9745 289 289 84
9746 254 254 83
9747 237 237 83
9748 323 323 84
9749 220 220 83
9750 187 187 84
9751 238 238 84
9752 254 254 83
9753 305 305 83
9754 255 255 84
9755 204 204 84
9756 204 204 84
9757 220 220 83
9758 221 221 84
9759 238 238 84
9760 238 238 84
9761 238 238 84
9762 204 204 84
9763 238 238 84
9764 220 220 83
9765 203 203 83
9766 221 221 84
9767 272 272 84
9768 170 170 84
9769 152 152 83
9770 203 203 83
9771 203 203 83
9772 187 187 84
9773 272 272 84
9774 288 288 83
9775 153 153 84
9776 220 220 83
9777 187 187 84
9778 204 204 84
9779 186 186 83
9780 187 187 84
9781 136 136 84
9782 136 136 84
9783 118 118 83
9784 255 255 84
9785 374 374 84
9786 254 254 83
9787 255 255 84
9788 204 204 84
9789 118 118 83
9790 153 153 84
9791 254 254 83
9792 289 289 84
9793 254 254 83
9794 203 203 83
9795 271 271 83
9796 221 221 84
9797 306 306 84
9798 170 170 84
9799 220 220 83
9800 153 153 84
9801 170 170 84
9802 238 238 84
9803 152 152 83
9804 203 203 83
9805 237 237 83
9806 135 135 83
9807 187 187 84
9808 152 152 83
9809 221 221 84
9810 238 238 84
9811 152 152 83
9812 237 237 83
9813 169 169 83
9814 153 153 84
9815 238 238 84
9816 204 204 84
9817 204 204 84
9818 136 136 84
9819 238 238 84
9820 170 170 84
9821 170 170 84
9822 238 238 84
9823 118 118 83
9824 203 203 83
9825 187 187 84
9826 272 272 84
9827 186 186 83
9828 203 203 83
9829 323 323 84
9830 356 356 83
9831 187 187 84
9832 254 254 83
9833 237 237 83
9834 305 305 83
9835 339 339 83
9836 221 221 84
9837 272 272 84
9838 220 220 83
9839 255 255 84
9840 424 424 83
9841 339 339 83
9842 305 305 83
9843 237 237 83
9844 289 289 84
9845 220 220 83
9846 305 305 83
9847 255 255 84
9848 288 288 83
9849 339 339 83
9850 305 305 83
9851 271 271 83
9852 271 271 83
9853 169 169 83
9854 271 271 83
9855 323 323 84
9856 220 220 83
9857 221 221 84
9858 322 322 83
9859 169 169 83
9860 255 255 84
9861 204 204 84
9862 272 272 84
9863 272 272 84
9864 238 238 84
9865 220 220 83
9866 271 271 83
9867 237 237 83
9868 221 221 84
9869 254 254 83
9870 289 289 84
9871 152 152 83
9872 187 187 84
9873 238 238 84
9874 186 186 83
9875 187 187 84
9876 272 272 84
9877 204 204 84
9878 220 220 83
9879 187 187 84
9880 340 340 84
9881 220 220 83
9882 101 101 83
9883 169 169 83
9884 169 169 83
9885 119 119 84
9886 170 170 84
9887 186 186 83
9888 119 119 84
9889 220 220 83
9890 169 169 83
9891 203 203 83
9892 289 289 84
9893 272 272 84
9894 204 204 84
9895 152 152 83
9896 237 237 83
9897 169 169 83
9898 187 187 84
9899 220 220 83
9900 101 101 83
9901 187 187 84
9902 136 136 84
9903 220 220 83
9904 153 153 84
9905 102 102 84
9906 254 254 83
9907 203 203 83
9908 169 169 83
9909 187 187 84
9910 152 152 83
9911 203 203 83
9912 169 169 83
9913 169 169 83
9914 221 221 84
9915 186 186 83
9916 221 221 84
9917 136 136 84
9918 204 204 84
9919 136 136 84
9920 220 220 83
9921 237 237 83
9922 255 255 84
9923 170 170 84
9924 238 238 84
9925 272 272 84
9926 272 272 84
9927 254 254 83
9928 203 203 83
9929 271 271 83
9930 187 187 84
9931 220 220 83
9932 187 187 84
9933 272 272 84
9934 204 204 84
9935 204 204 84
9936 170 170 84
9937 186 186 83
9938 221 221 84
9939 322 322 83
9940 169 169 83
9941 323 323 84
9942 288 288 83
9943 305 305 83
9944 339 339 83
9945 221 221 84
9946 340 340 84
9947 254 254 83
9948 187 187 84
9949 204 204 84
9950 272 272 84
9951 204 204 84
9952 186 186 83
9953 187 187 84
9954 220 220 83
9955 187 187 84
9956 340 340 84
9957 204 204 84
9958 220 220 83
9959 169 169 83
9960 237 237 83
9961 153 153 84
9962 136 136 84
9963 288 288 83
9964 187 187 84
9965 186 186 83
9966 101 101 83
9967 119 119 84
9968 170 170 84
9969 170 170 84
9970 238 238 84
9971 186 186 83
9972 101 101 83
9973 169 169 83
9974 237 237 83
9975 169 169 83
9976 221 221 84
9977 254 254 83
9978 119 119 84
9979 220 220 83
9980 153 153 84
9981 204 204 84
9982 272 272 84
9983 152 152 83
9984 237 237 83
9985 101 101 83
9986 187 187 84
9987 204 204 84
9988 186 186 83
9989 153 153 84
9990 170 170 84
9991 136 136 84
9992 136 136 84
9993 170 170 84
9994 152 152 83
9995 169 169 83
9996 169 169 83
9997 203 203 83
9998 169 169 83
9999 153 153 84
10000 136 136 84
10001 152 152 83
10002 187 187 84
10003 204 204 84
10004 204 204 84
10005 152 152 83
10006 153 153 84
10007 136 136 84
10008 118 118 83
10009 169 169 83
10010 255 255 84
10011 204 204 84
10012 272 272 84
10013 152 152 83
10014 135 135 83
10015 135 135 83
10016 135 135 83
10017 169 169 83
10018 221 221 84
10019 152 152 83
10020 169 169 83
10021 119 119 84
10022 102 102 84
10023 204 204 84
10024 186 186 83
10025 323 323 84
10026 340 340 84
10027 136 136 84
10028 136 136 84
10029 102 102 84
10030 204 204 84
10031 186 186 83
10032 203 203 83
10033 221 221 84
10034 152 152 83
10035 135 135 83
10036 153 153 84
10037 118 118 83
10038 119 119 84
10039 238 238 84
10040 220 220 83
10041 237 237 83
10042 187 187 84
10043 254 254 83
10044 169 169 83
10045 187 187 84
10046 170 170 84
10047 186 186 83
10048 135 135 83
10049 169 169 83
10050 119 119 84
10051 136 136 84
10052 254 254 83
10053 237 237 83
10054 135 135 83
10055 187 187 84
10056 136 136 84
10057 118 118 83
10058 203 203 83
10059 135 135 83
10060 101 101 83
10061 237 237 83
10062 187 187 84
10063 152 152 83
10064 169 169 83
10065 101 101 83
10066 119 119 84
10067 186 186 83
10068 135 135 83
10069 169 169 83
10070 169 169 83
10071 187 187 84
10072 136 136 84
10073 306 306 84
10074 220 220 83
10075 289 289 84
10076 170 170 84
10077 152 152 83
10078 135 135 83
10079 85 85 85
10080 136 136 84
10081 136 136 84
10082 170 170 84
10083 136 136 84
10084 254 254 83
10085 169 169 83
10086 187 187 84
10087 170 170 84
10088 118 118 83
10089 221 221 84
10090 288 288 83
10091 271 271 83
10092 305 305 83
10093 119 119 84
10094 152 152 83
10095 187 187 84
10096 102 102 84
10097 152 152 83
10098 153 153 84
10099 170 170 84
10100 136 136 84
10101 170 170 84
10102 170 170 84
10103 136 136 84
10104 238 238 84
10105 204 204 84
10106 170 170 84
10107 152 152 83
10108 169 169 83
10109 187 187 84
10110 254 254 83
10111 237 237 83
10112 221 221 84
10113 306 306 84
10114 306 306 84
10115 272 272 84
10116 374 374 84
10117 272 272 84
10118 220 220 83
10119 237 237 83
10120 237 237 83
10121 289 289 84
10122 170 170 84
10123 136 136 84
10124 238 238 84
10125 118 118 83
10126 271 271 83
10127 339 339 83
10128 221 221 84
10129 288 288 83
10130 323 323 84
10131 322 322 83
10132 357 357 84
10133 254 254 83
10134 323 323 84
10135 306 306 84
10136 238 238 84
10137 186 186 83
10138 339 339 83
10139 203 203 83
10140 357 357 84
10141 220 220 83
10142 289 289 84
10143 322 322 83
10144 339 339 83
10145 305 305 83
10146 323 323 84
10147 374 374 84
10148 272 272 84
10149 322 322 83
10150 373 373 83
10151 237 237 83
10152 187 187 84
10153 306 306 84
10154 408 408 84
10155 288 288 83
10156 187 187 84
10157 340 340 84
10158 322 322 83
10159 271 271 83
10160 459 459 84
10161 306 306 84
10162 288 288 83
10163 237 237 83
10164 187 187 84
10165 288 288 83
10166 289 289 84
10167 356 356 83
10168 305 305 83
10169 169 169 83
10170 271 271 83
10171 357 357 84
10172 424 424 83
10173 373 373 83
10174 323 323 84
10175 442 442 84
10176 356 356 83
10177 441 441 83
10178 339 339 83
10179 595 595 84
10180 408 408 84
10181 306 306 84
10182 560 560 83
10183 391 391 84
10184 356 356 83
10185 339 339 83
10186 289 289 84
10187 526 526 83
10188 357 357 84
10189 340 340 84
10190 356 356 83
10191 323 323 84
10192 374 374 84
10193 288 288 83
10194 475 475 83
10195 407 407 83
10196 255 255 84
10197 492 492 83
10198 391 391 84
10199 356 356 83
10200 221 221 84
10201 356 356 83
10202 169 169 83
10203 187 187 84
10204 288 288 83
10205 323 323 84
10206 288 288 83
10207 339 339 83
10208 391 391 84
10209 322 322 83
10210 339 339 83
10211 323 323 84
10212 390 390 83
10213 271 271 83
10214 305 305 83
10215 305 305 83
10216 271 271 83
10217 373 373 83
10218 289 289 84
10219 340 340 84
10220 238 238 84
10221 288 288 83
10222 339 339 83
10223 203 203 83
10224 391 391 84
10225 340 340 84
10226 220 220 83
10227 221 221 84
10228 186 186 83
10229 187 187 84
10230 322 322 83
10231 237 237 83
10232 255 255 84
10233 322 322 83
10234 203 203 83
10235 255 255 84
10236 356 356 83
10237 255 255 84
10238 238 238 84
10239 254 254 83
10240 237 237 83
10241 187 187 84
10242 186 186 83
10243 203 203 83
10244 221 221 84
10245 220 220 83
10246 237 237 83
10247 187 187 84
10248 204 204 84
10249 238 238 84
10250 254 254 83
10251 391 391 84
10252 220 220 83
10253 187 187 84
10254 204 204 84
10255 152 152 83
10256 153 153 84
10257 152 152 83
10258 221 221 84
10259 288 288 83
10260 255 255 84
10261 204 204 84
10262 186 186 83
10263 203 203 83
10264 203 203 83
10265 203 203 83
10266 221 221 84
10267 288 288 83
10268 221 221 84
10269 254 254 83
10270 289 289 84
10271 152 152 83
10272 153 153 84
10273 238 238 84
10274 204 204 84
10275 238 238 84
10276 204 204 84
10277 356 356 83
10278 203 203 83
10279 289 289 84
10280 204 204 84
10281 254 254 83
10282 153 153 84
10283 306 306 84
10284 288 288 83
10285 221 221 84
10286 288 288 83
10287 357 357 84
10288 424 424 83
10289 187 187 84
10290 322 322 83
10291 271 271 83
10292 255 255 84
10293 340 340 84
10294 306 306 84
10295 238 238 84
10296 254 254 83
10297 169 169 83
10298 203 203 83
10299 237 237 83
10300 237 237 83
10301 203 203 83
10302 271 271 83
10303 187 187 84
10304 340 340 84
10305 340 340 84
10306 340 340 84
10307 322 322 83
10308 203 203 83
10309 153 153 84
10310 220 220 83
10311 203 203 83
10312 255 255 84
10313 238 238 84
10314 170 170 84
10315 306 306 84
10316 186 186 83
10317 255 255 84
10318 254 254 83
10319 305 305 83
10320 221 221 84
10321 204 204 84
10322 238 238 84
10323 220 220 83
10324 203 203 83
10325 237 237 83
10326 187 187 84
10327 272 272 84
10328 152 152 83
10329 119 119 84
10330 238 238 84
10331 136 136 84
10332 152 152 83
10333 221 221 84
10334 220 220 83
10335 323 323 84
10336 170 170 84
10337 220 220 83
10338 237 237 83
10339 271 271 83
10340 221 221 84
10341 238 238 84
10342 170 170 84
10343 186 186 83
10344 237 237 83
10345 203 203 83
10346 255 255 84
10347 238 238 84
10348 118 118 83
10349 203 203 83
10350 339 339 83
10351 255 255 84
10352 186 186 83
10353 187 187 84
10354 204 204 84
10355 152 152 83
10356 135 135 83
10357 187 187 84
10358 204 204 84
10359 152 152 83
10360 187 187 84
10361 186 186 83
10362 169 169 83
10363 169 169 83
10364 203 203 83
10365 101 101 83
10366 187 187 84
10367 186 186 83
10368 153 153 84
10369 102 102 84
10370 254 254 83
10371 135 135 83
10372 135 135 83
10373 169 169 83
10374 203 203 83
10375 135 135 83
10376 153 153 84
10377 170 170 84
10378 136 136 84
10379 136 136 84
10380 186 186 83
10381 187 187 84
10382 170 170 84
10383 152 152 83
10384 119 119 84
10385 204 204 84
10386 186 186 83
10387 237 237 83
10388 221 221 84
10389 118 118 83
10390 101 101 83
10391 169 169 83
10392 169 169 83
10393 119 119 84
10394 152 152 83
10395 187 187 84
10396 220 220 83
10397 135 135 83
10398 101 101 83
10399 203 203 83
10400 169 169 83
10401 255 255 84
10402 204 204 84
10403 152 152 83
10404 169 169 83
10405 135 135 83
10406 119 119 84
10407 186 186 83
10408 255 255 84
10409 170 170 84
10410 238 238 84
10411 136 136 84
10412 152 152 83
10413 169 169 83
10414 135 135 83
10415 135 135 83
10416 255 255 84
10417 186 186 83
10418 255 255 84
10419 170 170 84
10420 170 170 84
10421 118 118 83
10422 203 203 83
10423 153 153 84
10424 102 102 84
10425 204 204 84
10426 170 170 84
10427 136 136 84
10428 118 118 83
10429 101 101 83
10430 169 169 83
10431 169 169 83
10432 237 237 83
10433 153 153 84
10434 102 102 84
10435 102 102 84
10436 84 84 84
10437 135 135 83
10438 221 221 84
10439 152 152 83
10440 119 119 84
10441 186 186 83
10442 221 221 84
10443 186 186 83
10444 203 203 83
10445 135 135 83
10446 187 187 84
10447 136 136 84
10448 152 152 83
10449 135 135 83
10450 187 187 84
10451 186 186 83
10452 187 187 84
10453 186 186 83
10454 169 169 83
10455 221 221 84
10456 288 288 83
10457 203 203 83
10458 221 221 84
10459 136 136 84
10460 170 170 84
10461 186 186 83
10462 135 135 83
10463 255 255 84
10464 102 102 84
10465 204 204 84
10466 170 170 84
10467 152 152 83
10468 289 289 84
10469 272 272 84
10470 204 204 84
10471 254 254 83
10472 237 237 83
10473 271 271 83
10474 271 271 83
10475 305 305 83
10476 339 339 83
10477 305 305 83
10478 425 425 84
10479 390 390 83
10480 425 425 84
10481 458 458 83
10482 339 339 83
10483 169 169 83
10484 339 339 83
10485 407 407 83
10486 203 203 83
10487 221 221 84
10488 288 288 83
10489 305 305 83
10490 391 391 84
10491 458 458 83
10492 289 289 84
10493 254 254 83
10494 203 203 83
10495 187 187 84
10496 340 340 84
10497 272 272 84
10498 306 306 84
10499 390 390 83
10500 323 323 84
10501 238 238 84
10502 238 238 84
10503 220 220 83
10504 237 237 83
10505 237 237 83
10506 255 255 84
10507 170 170 84
10508 220 220 83
10509 135 135 83
10510 169 169 83
10511 323 323 84
10512 220 220 83
10513 237 237 83
10514 323 323 84
10515 254 254 83
10516 305 305 83
10517 339 339 83
10518 255 255 84
10519 288 288 83
10520 187 187 84
10521 186 186 83
10522 289 289 84
10523 374 374 84
10524 356 356 83
10525 203 203 83
10526 187 187 84
10527 238 238 84
10528 186 186 83
10529 221 221 84
10530 390 390 83
10531 237 237 83
10532 305 305 83
10533 305 305 83
10534 255 255 84
10535 306 306 84
10536 288 288 83
10537 169 169 83
10538 187 187 84
10539 204 204 84
10540 374 374 84
10541 238 238 84
10542 170 170 84
10543 340 340 84
10544 220 220 83
10545 203 203 83
10546 221 221 84
10547 390 390 83
10548 255 255 84
10549 254 254 83
10550 221 221 84
10551 220 220 83
10552 169 169 83
10553 237 237 83
10554 203 203 83
10555 305 305 83
10556 339 339 83
10557 271 271 83
10558 169 169 83
10559 153 153 84
10560 238 238 84
10561 340 340 84
10562 288 288 83
10563 237 237 83
10564 135 135 83
10565 187 187 84
10566 186 186 83
10567 169 169 83
10568 323 323 84
10569 204 204 84
10570 238 238 84
10571 152 152 83
10572 135 135 83
10573 169 169 83
10574 221 221 84
10575 340 340 84
10576 186 186 83
10577 237 237 83
10578 187 187 84
10579 220 220 83
10580 237 237 83
10581 271 271 83
10582 255 255 84
10583 220 220 83
10584 255 255 84
10585 204 204 84
10586 204 204 84
10587 238 238 84
10588 220 220 83
10589 153 153 84
10590 272 272 84
10591 220 220 83
10592 153 153 84
10593 254 254 83
10594 203 203 83
10595 339 339 83
10596 169 169 83
10597 237 237 83
10598 187 187 84
10599 204 204 84
10600 186 186 83
10601 153 153 84
10602 136 136 84
10603 254 254 83
10604 221 221 84
10605 118 118 83
10606 119 119 84
10607 254 254 83
10608 255 255 84
10609 306 306 84
10610 204 204 84
10611 288 288 83
10612 237 237 83
10613 135 135 83
10614 203 203 83
10615 289 289 84
10616 272 272 84
10617 238 238 84
10618 136 136 84
10619 254 254 83
10620 289 289 84
10621 220 220 83
10622 271 271 83
10623 187 187 84
10624 254 254 83
10625 255 255 84
10626 152 152 83
10627 135 135 83
10628 187 187 84
10629 306 306 84
10630 204 204 84
10631 204 204 84
10632 220 220 83
10633 271 271 83
10634 221 221 84
10635 186 186 83
10636 153 153 84
10637 152 152 83
10638 169 169 83
10639 187 187 84
10640 152 152 83
10641 255 255 84
10642 254 254 83
10643 203 203 83
10644 187 187 84
10645 204 204 84
10646 220 220 83
10647 153 153 84
10648 170 170 84
10649 220 220 83
10650 119 119 84
10651 170 170 84
10652 136 136 84
10653 136 136 84
10654 204 204 84
10655 170 170 84
10656 136 136 84
10657 220 220 83
10658 187 187 84
10659 152 152 83
10660 153 153 84
10661 152 152 83
10662 135 135 83
10663 135 135 83
10664 187 187 84
10665 170 170 84
10666 170 170 84
10667 186 186 83
10668 119 119 84
10669 170 170 84
10670 170 170 84
10671 152 152 83
10672 153 153 84
10673 170 170 84
10674 170 170 84
10675 152 152 83
10676 153 153 84
10677 238 238 84
10678 204 204 84
10679 186 186 83
10680 119 119 84
10681 238 238 84
10682 186 186 83
10683 255 255 84
10684 152 152 83
10685 187 187 84
10686 220 220 83
10687 187 187 84
10688 220 220 83
10689 169 169 83
10690 135 135 83
10691 101 101 83
10692 153 153 84
10693 204 204 84
10694 102 102 84
10695 152 152 83
10696 153 153 84
10697 152 152 83
10698 135 135 83
10699 135 135 83
10700 135 135 83
10701 203 203 83
10702 169 169 83
10703 153 153 84
10704 118 118 83
10705 101 101 83
10706 153 153 84
10707 186 186 83
10708 255 255 84
10709 136 136 84
10710 170 170 84
10711 204 204 84
10712 84 84 84
10713 85 85 85
10714 136 136 84
10715 186 186 83
10716 119 119 84
10717 152 152 83
10718 169 169 83
10719 119 119 84
10720 118 118 83
10721 153 153 84
10722 152 152 83
10723 187 187 84
10724 170 170 84
10725 118 118 83
10726 119 119 84
10727 136 136 84
10728 170 170 84
10729 170 170 84
10730 204 204 84
10731 204 204 84
10732 136 136 84
10733 102 102 84
10734 136 136 84
10735 118 118 83
10736 101 101 83
10737 101 101 83
10738 237 237 83
10739 153 153 84
10740 102 102 84
10741 118 118 83
10742 187 187 84
10743 170 170 84
10744 186 186 83
10745 153 153 84
10746 170 170 84
10747 136 136 84
10748 152 152 83
10749 153 153 84
10750 136 136 84
10751 118 118 83
10752 135 135 83
10753 135 135 83
10754 221 221 84
10755 152 152 83
10756 169 169 83
10757 153 153 84
10758 136 136 84
10759 118 118 83
10760 221 221 84
10761 186 186 83
10762 221 221 84
10763 136 136 84
10764 186 186 83
10765 85 85 85
10766 136 136 84
10767 102 102 84
10768 186 186 83
10769 119 119 84
10770 204 204 84
10771 152 152 83
10772 135 135 83
10773 187 187 84
10774 84 84 84
10775 135 135 83
10776 119 119 84
10777 136 136 84
10778 204 204 84
10779 118 118 83
10780 153 153 84
10781 136 136 84
10782 186 186 83
10783 153 153 84
10784 118 118 83
10785 119 119 84
10786 170 170 84
10787 118 118 83
10788 119 119 84
10789 152 152 83
10790 85 85 85
10791 170 170 84
10792 170 170 84
10793 186 186 83
10794 169 169 83
10795 169 169 83
10796 119 119 84
10797 118 118 83
10798 203 203 83
10799 187 187 84
10800 118 118 83
10801 135 135 83
10802 135 135 83
10803 153 153 84
10804 186 186 83
10805 101 101 83
10806 101 101 83
10807 101 101 83
10808 119 119 84
10809 118 118 83
10810 187 187 84
10811 152 152 83
10812 85 85 85
10813 170 170 84
10814 118 118 83
10815 203 203 83
10816 119 119 84
10817 170 170 84
10818 136 136 84
10819 102 102 84
10820 102 102 84
10821 186 186 83
10822 237 237 83
10823 169 169 83
10824 237 237 83
10825 169 169 83
10826 135 135 83
10827 135 135 83
10828 153 153 84
10829 118 118 83
10830 187 187 84
10831 170 170 84
10832 220 220 83
10833 153 153 84
10834 118 118 83
10835 153 153 84
10836 136 136 84
10837 170 170 84
10838 272 272 84
10839 186 186 83
10840 153 153 84
10841 136 136 84
10842 118 118 83
10843 85 85 85
10844 186 186 83
10845 135 135 83
10846 169 169 83
10847 203 203 83
10848 85 85 85
10849 220 220 83
10850 135 135 83
10851 119 119 84
10852 102 102 84
10853 152 152 83
10854 187 187 84
10855 170 170 84
10856 136 136 84
10857 118 118 83
10858 153 153 84
10859 204 204 84
10860 136 136 84
10861 152 152 83
10862 203 203 83
10863 101 101 83
10864 85 85 85
10865 118 118 83
10866 153 153 84
10867 170 170 84
10868 136 136 84
10869 118 118 83
10870 119 119 84
10871 102 102 84
10872 152 152 83
10873 135 135 83
10874 153 153 84
10875 186 186 83
10876 221 221 84
10877 186 186 83
10878 221 221 84
10879 220 220 83
10880 221 221 84
10881 204 204 84
10882 204 204 84
10883 340 340 84
10884 170 170 84
10885 238 238 84
10886 136 136 84
10887 272 272 84
10888 254 254 83
10889 339 339 83
10890 441 441 83
10891 221 221 84
10892 238 238 84
10893 374 374 84
10894 288 288 83
10895 305 305 83
10896 441 441 83
10897 289 289 84
10898 288 288 83
10899 237 237 83
10900 289 289 84
10901 322 322 83
10902 305 305 83
10903 271 271 83
10904 289 289 84
10905 356 356 83
10906 441 441 83
10907 373 373 83
10908 237 237 83
10909 271 271 83
10910 255 255 84
10911 408 408 84
10912 408 408 84
10913 254 254 83
10914 373 373 83
10915 407 407 83
10916 527 527 84
10917 322 322 83
10918 391 391 84
10919 442 442 84
10920 340 340 84
10921 288 288 83
10922 357 357 84
10923 374 374 84
10924 220 220 83
10925 305 305 83
10926 305 305 83
10927 255 255 84
10928 322 322 83
10929 339 339 83
10930 255 255 84
10931 220 220 83
10932 221 221 84
10933 254 254 83
10934 271 271 83
10935 339 339 83
10936 255 255 84
10937 204 204 84
10938 254 254 83
10939 203 203 83
10940 203 203 83
10941 323 323 84
10942 356 356 83
10943 255 255 84
10944 288 288 83
10945 237 237 83
10946 169 169 83
10947 255 255 84
10948 272 272 84
10949 272 272 84
10950 306 306 84
10951 220 220 83
10952 187 187 84
10953 288 288 83
10954 289 289 84
10955 306 306 84
10956 254 254 83
10957 221 221 84
10958 204 204 84
10959 220 220 83
10960 255 255 84
10961 272 272 84
10962 340 340 84
10963 204 204 84
10964 254 254 83
10965 169 169 83
10966 237 237 83
10967 203 203 83
10968 255 255 84
10969 254 254 83
10970 237 237 83
10971 271 271 83
10972 221 221 84
10973 306 306 84
10974 186 186 83
10975 289 289 84
10976 390 390 83
10977 169 169 83
10978 289 289 84
10979 238 238 84
10980 220 220 83
10981 255 255 84
10982 186 186 83
10983 255 255 84
10984 220 220 83
10985 187 187 84
10986 238 238 84
10987 288 288 83
10988 203 203 83
10989 289 289 84
10990 272 272 84
10991 322 322 83
10992 271 271 83
10993 237 237 83
10994 237 237 83
10995 169 169 83
10996 221 221 84
10997 288 288 83
10998 237 237 83
10999 323 323 84
11000 254 254 83
11001 305 305 83
11002 153 153 84
11003 204 204 84
11004 220 220 83
11005 221 221 84
11006 220 220 83
11007 187 187 84
11008 238 238 84
11009 204 204 84
11010 186 186 83
11011 221 221 84
11012 254 254 83
11013 237 237 83
11014 169 169 83
11015 237 237 83
11016 221 221 84
11017 288 288 83
11018 357 357 84
11019 272 272 84
11020 220 220 83
11021 203 203 83
11022 221 221 84
11023 254 254 83
11024 255 255 84
11025 220 220 83
11026 255 255 84
11027 152 152 83
11028 153 153 84
11029 204 204 84
11030 204 204 84
11031 170 170 84
11032 136 136 84
11033 220 220 83
11034 153 153 84
11035 204 204 84
11036 186 186 83
11037 255 255 84
11038 254 254 83
11039 135 135 83
11040 187 187 84
11041 288 288 83
11042 169 169 83
11043 135 135 83
11044 203 203 83
11045 169 169 83
11046 255 255 84
11047 136 136 84
11048 220 220 83
11049 153 153 84
11050 254 254 83
11051 187 187 84
11052 102 102 84
11053 204 204 84
11054 170 170 84
11055 220 220 83
11056 169 169 83
11057 221 221 84
11058 254 254 83
11059 237 237 83
11060 271 271 83
11061 169 169 83
11062 169 169 83
11063 119 119 84
11064 170 170 84
11065 136 136 84
11066 220 220 83
11067 169 169 83
11068 169 169 83
11069 203 203 83
11070 153 153 84
11071 204 204 84
11072 272 272 84
11073 136 136 84
11074 118 118 83
11075 153 153 84
11076 152 152 83
11077 203 203 83
11078 119 119 84
11079 220 220 83
11080 187 187 84
11081 254 254 83
11082 237 237 83
11083 119 119 84
11084 204 204 84
11085 170 170 84
11086 220 220 83
11087 203 203 83
11088 221 221 84
11089 204 204 84
11090 118 118 83
11091 187 187 84
11092 152 152 83
11093 153 153 84
11094 220 220 83
11095 187 187 84
11096 186 186 83
11097 135 135 83
11098 221 221 84
11099 118 118 83
11100 221 221 84
11101 152 152 83
11102 203 203 83
11103 271 271 83
11104 187 187 84
11105 254 254 83
11106 187 187 84
11107 170 170 84
11108 170 170 84
11109 136 136 84
11110 186 186 83
11111 221 221 84
11112 204 204 84
11113 306 306 84
11114 288 288 83
11115 203 203 83
11116 187 187 84
11117 220 220 83
11118 255 255 84
11119 272 272 84
11120 272 272 84
11121 424 424 83
11122 339 339 83
11123 221 221 84
11124 254 254 83
11125 255 255 84
11126 288 288 83
11127 305 305 83
11128 221 221 84
11129 272 272 84
11130 254 254 83
11131 323 323 84
11132 204 204 84
11133 238 238 84
11134 288 288 83
11135 271 271 83
11136 203 203 83
11137 153 153 84
11138 186 186 83
11139 305 305 83
11140 169 169 83
11141 237 237 83
11142 169 169 83
11143 187 187 84
11144 186 186 83
11145 187 187 84
11146 186 186 83
11147 135 135 83
11148 203 203 83
11149 203 203 83
11150 289 289 84
11151 306 306 84
11152 186 186 83
11153 305 305 83
11154 119 119 84
11155 254 254 83
11156 187 187 84
11157 186 186 83
11158 203 203 83
11159 101 101 83
11160 153 153 84
11161 152 152 83
11162 187 187 84
11163 170 170 84
11164 186 186 83
11165 237 237 83
11166 271 271 83
11167 203 203 83
11168 119 119 84
11169 238 238 84
11170 186 186 83
11171 169 169 83
11172 221 221 84
11173 272 272 84
11174 136 136 84
11175 102 102 84
11176 136 136 84
11177 186 186 83
11178 135 135 83
11179 169 169 83
11180 187 187 84
11181 170 170 84
11182 186 186 83
11183 153 153 84
11184 170 170 84
11185 170 170 84
11186 186 186 83
11187 101 101 83
11188 119 119 84
11189 186 186 83
11190 221 221 84
11191 204 204 84
11192 152 152 83
11193 101 101 83
11194 187 187 84
11195 238 238 84
11196 152 152 83
11197 101 101 83
11198 169 169 83
11199 135 135 83
11200 169 169 83
11201 187 187 84
11202 204 204 84
11203 136 136 84
11204 204 204 84
11205 136 136 84
11206 152 152 83
11207 153 153 84
11208 170 170 84
11209 136 136 84
11210 152 152 83
11211 153 153 84
11212 170 170 84
11213 102 102 84
11214 186 186 83
11215 119 119 84
11216 136 136 84
11217 238 238 84
11218 170 170 84
11219 152 152 83
11220 135 135 83
11221 203 203 83
11222 101 101 83
11223 135 135 83
11224 187 187 84
11225 152 152 83
11226 153 153 84
11227 186 186 83
11228 153 153 84
11229 136 136 84
11230 136 136 84
11231 152 152 83
11232 135 135 83
11233 187 187 84
11234 136 136 84
11235 118 118 83
11236 221 221 84
11237 204 204 84
11238 152 152 83
11239 135 135 83
11240 169 169 83
11241 169 169 83
11242 187 187 84
11243 170 170 84
11244 204 204 84
11245 136 136 84
11246 118 118 83
11247 119 119 84
11248 152 152 83
11249 187 187 84
11250 170 170 84
11251 152 152 83
11252 169 169 83
11253 119 119 84
11254 170 170 84
11255 186 186 83
11256 169 169 83
11257 119 119 84
11258 170 170 84
11259 170 170 84
11260 102 102 84
11261 170 170 84
11262 152 152 83
11263 271 271 83
11264 203 203 83
11265 119 119 84
11266 136 136 84
11267 136 136 84
11268 136 136 84
11269 170 170 84
11270 254 254 83
11271 221 221 84
11272 170 170 84
11273 136 136 84
11274 204 204 84
11275 118 118 83
11276 153 153 84
11277 186 186 83
11278 153 153 84
11279 152 152 83
11280 169 169 83
11281 153 153 84
11282 220 220 83
11283 203 203 83
11284 153 153 84
11285 152 152 83
11286 187 187 84
11287 152 152 83
11288 135 135 83
11289 119 119 84
11290 152 152 83
11291 169 169 83
11292 169 169 83
11293 187 187 84
11294 170 170 84
11295 118 118 83
11296 153 153 84
11297 118 118 83
11298 135 135 83
11299 153 153 84
11300 152 152 83
11301 323 323 84
11302 118 118 83
11303 203 203 83
11304 153 153 84
11305 238 238 84
11306 152 152 83
11307 135 135 83
11308 203 203 83
11309 203 203 83
11310 169 169 83
11311 169 169 83
11312 119 119 84
11313 136 136 84
11314 118 118 83
11315 101 101 83
11316 203 203 83
11317 187 187 84
11318 238 238 84
11319 102 102 84
11320 152 152 83
11321 153 153 84
11322 186 186 83
11323 289 289 84
11324 152 152 83
11325 135 135 83
11326 153 153 84
11327 118 118 83
11328 153 153 84
11329 118 118 83
11330 203 203 83
11331 135 135 83
11332 221 221 84
11333 152 152 83
11334 203 203 83
11335 203 203 83
11336 135 135 83
11337 169 169 83
11338 203 203 83
11339 237 237 83
11340 221 221 84
11341 152 152 83
11342 135 135 83
11343 135 135 83
11344 203 203 83
11345 475 475 83
11346 407 407 83
11347 237 237 83
11348 153 153 84
11349 238 238 84
11350 170 170 84
11351 322 322 83
11352 339 339 83
11353 221 221 84
11354 220 220 83
11355 203 203 83
11356 221 221 84
11357 186 186 83
11358 305 305 83
11359 577 577 83
11360 289 289 84
11361 152 152 83
11362 255 255 84
11363 340 340 84
11364 374 374 84
11365 442 442 84
11366 288 288 83
11367 289 289 84
11368 272 272 84
11369 238 238 84
11370 322 322 83
11371 357 357 84
11372 288 288 83
11373 305 305 83
11374 425 425 84
11375 238 238 84
11376 356 356 83
11377 357 357 84
11378 356 356 83
11379 391 391 84
11380 306 306 84
11381 186 186 83
11382 323 323 84
11383 306 306 84
11384 288 288 83
11385 203 203 83
11386 373 373 83
11387 305 305 83
11388 305 305 83
11389 323 323 84
11390 340 340 84
11391 356 356 83
11392 305 305 83
11393 271 271 83
11394 237 237 83
11395 271 271 83
11396 339 339 83
11397 323 323 84
11398 356 356 83
11399 255 255 84
11400 254 254 83
11401 237 237 83
11402 339 339 83
11403 289 289 84
11404 186 186 83
11405 255 255 84
11406 272 272 84
11407 238 238 84
11408 254 254 83
11409 357 357 84
11410 186 186 83
11411 119 119 84
11412 238 238 84
11413 340 340 84
11414 306 306 84
11415 322 322 83
11416 203 203 83
11417 153 153 84
11418 220 220 83
11419 339 339 83
11420 357 357 84
11421 356 356 83
11422 221 221 84
11423 306 306 84
11424 288 288 83
11425 305 305 83
11426 339 339 83
11427 255 255 84
11428 220 220 83
11429 187 187 84
11430 170 170 84
11431 272 272 84
11432 272 272 84
11433 220 220 83
11434 153 153 84
11435 288 288 83
11436 255 255 84
11437 186 186 83
11438 305 305 83
11439 305 305 83
11440 203 203 83
11441 169 169 83
11442 255 255 84
11443 254 254 83
11444 203 203 83
11445 255 255 84
11446 204 204 84
11447 254 254 83
11448 237 237 83
11449 187 187 84
11450 288 288 83
11451 255 255 84
11452 186 186 83
11453 101 101 83
11454 203 203 83
11455 203 203 83
11456 255 255 84
11457 272 272 84
11458 136 136 84
11459 238 238 84
11460 306 306 84
11461 152 152 83
11462 187 187 84
11463 204 204 84
11464 186 186 83
11465 187 187 84
11466 238 238 84
11467 220 220 83
11468 237 237 83
11469 135 135 83
11470 119 119 84
11471 254 254 83
11472 237 237 83
11473 357 357 84
11474 220 220 83
11475 169 169 83
11476 221 221 84
11477 220 220 83
11478 237 237 83
11479 271 271 83
11480 271 271 83
11481 271 271 83
11482 187 187 84
11483 204 204 84
11484 272 272 84
11485 170 170 84
11486 306 306 84
11487 254 254 83
11488 221 221 84
11489 170 170 84
11490 272 272 84
11491 186 186 83
11492 187 187 84
11493 238 238 84
11494 220 220 83
11495 271 271 83
11496 271 271 83
11497 203 203 83
11498 169 169 83
11499 271 271 83
11500 221 221 84
11501 220 220 83
11502 153 153 84
11503 170 170 84
11504 186 186 83
11505 153 153 84
11506 220 220 83
11507 187 187 84
11508 170 170 84
11509 204 204 84
11510 118 118 83
11511 169 169 83
11512 135 135 83
11513 221 221 84
11514 238 238 84
11515 204 204 84
11516 204 204 84
11517 204 204 84
11518 170 170 84
11519 152 152 83
11520 135 135 83
11521 255 255 84
11522 238 238 84
11523 220 220 83
11524 169 169 83
11525 237 237 83
11526 271 271 83
11527 169 169 83
11528 153 153 84
11529 152 152 83
11530 203 203 83
11531 305 305 83
11532 203 203 83
11533 169 169 83
11534 187 187 84
11535 170 170 84
11536 136 136 84
11537 118 118 83
11538 101 101 83
11539 339 339 83
11540 237 237 83
11541 221 221 84
11542 204 204 84
11543 272 272 84
11544 288 288 83
11545 169 169 83
11546 203 203 83
11547 203 203 83
11548 237 237 83
11549 153 153 84
11550 170 170 84
11551 220 220 83
11552 271 271 83
11553 289 289 84
11554 288 288 83
11555 339 339 83
11556 289 289 84
11557 238 238 84
11558 340 340 84
11559 204 204 84
11560 272 272 84
11561 238 238 84
11562 254 254 83
11563 237 237 83
11564 237 237 83
11565 255 255 84
11566 254 254 83
11567 203 203 83
11568 271 271 83
11569 169 169 83
11570 221 221 84
11571 238 238 84
11572 306 306 84
11573 238 238 84
11574 220 220 83
11575 153 153 84
11576 288 288 83
11577 289 289 84
11578 254 254 83
11579 187 187 84
11580 136 136 84
11581 170 170 84
11582 186 186 83
11583 271 271 83
11584 203 203 83
11585 153 153 84
11586 254 254 83
11587 101 101 83
11588 135 135 83
11589 135 135 83
11590 255 255 84
11591 152 152 83
11592 221 221 84
11593 102 102 84
11594 152 152 83
11595 237 237 83
11596 135 135 83
11597 221 221 84
11598 118 118 83
11599 85 85 85
11600 186 186 83
11601 169 169 83
11602 153 153 84
11603 136 136 84
11604 254 254 83
11605 169 169 83
11606 135 135 83
11607 101 101 83
11608 101 101 83
11609 187 187 84
11610 118 118 83
11611 135 135 83
11612 135 135 83
11613 153 153 84
11614 220 220 83
11615 119 119 84
11616 102 102 84
11617 118 118 83
11618 187 187 84
11619 152 152 83
11620 101 101 83
11621 187 187 84
11622 186 186 83
11623 187 187 84
11624 118 118 83
11625 85 85 85
11626 152 152 83
11627 119 119 84
11628 186 186 83
11629 221 221 84
11630 102 102 84
11631 136 136 84
11632 84 84 84
11633 135 135 83
11634 187 187 84
11635 220 220 83
11636 101 101 83
11637 135 135 83
11638 101 101 83
11639 153 153 84
11640 136 136 84
11641 136 136 84
11642 118 118 83
11643 119 119 84
11644 170 170 84
11645 170 170 84
11646 170 170 84
11647 204 204 84
11648 152 152 83
11649 203 203 83
11650 169 169 83
11651 153 153 84
11652 102 102 84
11653 136 136 84
11654 170 170 84
11655 118 118 83
11656 153 153 84
11657 152 152 83
11658 135 135 83
11659 101 101 83
11660 135 135 83
11661 203 203 83
11662 203 203 83
11663 153 153 84
11664 186 186 83
11665 135 135 83
11666 119 119 84
11667 136 136 84
11668 152 152 83
11669 135 135 83
11670 135 135 83
11671 187 187 84
11672 84 84 84
11673 135 135 83
11674 153 153 84
11675 170 170 84
11676 186 186 83
11677 119 119 84
11678 84 84 84
11679 135 135 83
11680 101 101 83
11681 169 169 83
11682 135 135 83
11683 221 221 84
11684 152 152 83
11685 135 135 83
11686 135 135 83
11687 135 135 83
11688 135 135 83
11689 237 237 83
11690 153 153 84
11691 170 170 84
11692 136 136 84
11693 152 152 83
11694 153 153 84
11695 170 170 84
11696 102 102 84
11697 136 136 84
11698 170 170 84
11699 152 152 83
11700 169 169 83
11701 169 169 83
11702 153 153 84
11703 204 204 84
11704 170 170 84
11705 152 152 83
11706 203 203 83
11707 169 169 83
11708 221 221 84
11709 238 238 84
11710 136 136 84
11711 102 102 84
11712 84 84 84
11713 187 187 84
11714 118 118 83
11715 169 169 83
11716 153 153 84
11717 170 170 84
11718 118 118 83
11719 135 135 83
11720 169 169 83
11721 101 101 83
11722 153 153 84
11723 186 186 83
11724 237 237 83
11725 203 203 83
11726 135 135 83
11727 101 101 83
11728 203 203 83
11729 237 237 83
11730 153 153 84
11731 170 170 84
11732 220 220 83
11733 187 187 84
11734 170 170 84
11735 118 118 83
11736 169 169 83
11737 237 237 83
11738 203 203 83
11739 135 135 83
11740 169 169 83
11741 135 135 83
11742 221 221 84
11743 170 170 84
11744 340 340 84
11745 272 272 84
11746 204 204 84
11747 204 204 84
11748 238 238 84
11749 204 204 84
11750 288 288 83
11751 221 221 84
11752 322 322 83
11753 255 255 84
11754 272 272 84
11755 322 322 83
11756 255 255 84
11757 254 254 83
11758 289 289 84
11759 322 322 83
11760 289 289 84
11761 306 306 84
11762 340 340 84
11763 306 306 84
11764 136 136 84
11765 272 272 84
11766 238 238 84
11767 356 356 83
11768 441 441 83
11769 391 391 84
11770 238 238 84
11771 356 356 83
11772 271 271 83
11773 373 373 83
11774 577 577 83
11775 289 289 84
11776 254 254 83
11777 255 255 84
11778 288 288 83
11779 237 237 83
11780 339 339 83
11781 493 493 84
11782 374 374 84
11783 272 272 84
11784 272 272 84
11785 186 186 83
11786 391 391 84
11787 322 322 83
11788 221 221 84
11789 186 186 83
11790 305 305 83
11791 203 203 83
11792 153 153 84
11793 306 306 84
11794 288 288 83
11795 339 339 83
11796 305 305 83
11797 357 357 84
11798 186 186 83
11799 221 221 84
11800 220 220 83
11801 323 323 84
11802 220 220 83
11803 221 221 84
11804 356 356 83
11805 237 237 83
11806 255 255 84
11807 306 306 84
11808 204 204 84
11809 238 238 84
11810 272 272 84
11811 340 340 84
11812 272 272 84
11813 272 272 84
11814 254 254 83
11815 289 289 84
11816 220 220 83
11817 255 255 84
11818 186 186 83
11819 237 237 83
11820 255 255 84
11821 272 272 84
11822 272 272 84
11823 152 152 83
11824 203 203 83
11825 153 153 84
11826 288 288 83
11827 271 271 83
11828 339 339 83
11829 203 203 83
11830 271 271 83
11831 271 271 83
11832 289 289 84
11833 220 220 83
11834 339 339 83
11835 255 255 84
11836 152 152 83
11837 203 203 83
11838 187 187 84
11839 254 254 83
11840 255 255 84
11841 220 220 83
11842 237 237 83
11843 203 203 83
11844 153 153 84
11845 186 186 83
11846 255 255 84
11847 220 220 83
11848 153 153 84
11849 220 220 83
11850 221 221 84
11851 170 170 84
11852 170 170 84
11853 220 220 83
11854 135 135 83
11855 169 169 83
11856 373 373 83
11857 289 289 84
11858 170 170 84
11859 288 288 83
11860 221 221 84
11861 254 254 83
11862 187 187 84
11863 238 238 84
11864 272 272 84
11865 220 220 83
11866 357 357 84
11867 220 220 83
11868 203 203 83
11869 203 203 83
11870 169 169 83
11871 289 289 84
11872 170 170 84
11873 272 272 84
11874 238 238 84
11875 152 152 83
11876 255 255 84
11877 306 306 84
11878 306 306 84
11879 220 220 83
11880 203 203 83
11881 221 221 84
11882 152 152 83
11883 221 221 84
11884 204 204 84
11885 306 306 84
11886 170 170 84
11887 254 254 83
11888 237 237 83
11889 203 203 83
11890 271 271 83
11891 135 135 83
11892 153 153 84
11893 254 254 83
11894 305 305 83
11895 255 255 84
11896 322 322 83
11897 221 221 84
11898 288 288 83
11899 187 187 84
11900 220 220 83
11901 221 221 84
11902 272 272 84
11903 340 340 84
11904 170 170 84
11905 220 220 83
11906 169 169 83
11907 237 237 83
11908 237 237 83
11909 221 221 84
11910 340 340 84
11911 204 204 84
11912 272 272 84
11913 170 170 84
11914 288 288 83
11915 425 425 84
11916 458 458 83
11917 187 187 84
11918 220 220 83
11919 237 237 83
11920 221 221 84
11921 288 288 83
11922 255 255 84
11923 220 220 83
11924 169 169 83
11925 221 221 84
11926 238 238 84
11927 238 238 84
11928 186 186 83
11929 221 221 84
11930 238 238 84
11931 272 272 84
11932 204 204 84
11933 322 322 83
11934 203 203 83
11935 271 271 83
11936 187 187 84
11937 136 136 84
11938 204 204 84
11939 152 152 83
11940 221 221 84
11941 152 152 83
11942 237 237 83
11943 119 119 84
11944 118 118 83
11945 169 169 83
11946 169 169 83
11947 237 237 83
11948 169 169 83
11949 153 153 84
11950 204 204 84
11951 170 170 84
11952 254 254 83
11953 187 187 84
11954 170 170 84
11955 152 152 83
11956 187 187 84
11957 136 136 84
11958 152 152 83
11959 169 169 83
11960 153 153 84
11961 118 118 83
11962 203 203 83
11963 153 153 84
11964 170 170 84
11965 152 152 83
11966 187 187 84
11967 170 170 84
11968 152 152 83
11969 203 203 83
11970 187 187 84
11971 102 102 84
11972 136 136 84
11973 170 170 84
11974 136 136 84
11975 220 220 83
11976 237 237 83
11977 255 255 84
11978 238 238 84
11979 170 170 84
11980 170 170 84
11981 204 204 84
11982 204 204 84
11983 118 118 83
11984 135 135 83
11985 187 187 84
11986 186 186 83
11987 119 119 84
11988 152 152 83
11989 169 169 83
11990 187 187 84
11991 220 220 83
11992 153 153 84
11993 152 152 83
11994 203 203 83
11995 289 289 84
11996 186 186 83
11997 119 119 84
11998 118 118 83
11999 101 101 83
12000 119 119 84
12001 186 186 83
12002 153 153 84
12003 170 170 84
12004 152 152 83
12005 169 169 83
12006 101 101 83
12007 135 135 83
12008 221 221 84
12009 204 204 84
12010 152 152 83
12011 169 169 83
12012 237 237 83
12013 135 135 83
12014 289 289 84
12015 272 272 84
12016 136 136 84
12017 204 204 84
12018 136 136 84
12019 102 102 84
12020 84 84 84
12021 271 271 83
12022 101 101 83
12023 237 237 83
12024 135 135 83
12025 153 153 84
12026 102 102 84
12027 220 220 83
12028 221 221 84
12029 170 170 84
12030 84 84 84
12031 153 153 84
12032 152 152 83
12033 169 169 83
12034 153 153 84
12035 136 136 84
12036 186 186 83
12037 169 169 83
12038 221 221 84
12039 118 118 83
12040 169 169 83
12041 119 119 84
12042 170 170 84
12043 186 186 83
12044 187 187 84
12045 220 220 83
12046 153 153 84
12047 136 136 84
12048 118 118 83
12049 119 119 84
12050 84 84 84
12051 203 203 83
12052 221 221 84
12053 272 272 84
12054 170 170 84
12055 118 118 83
12056 119 119 84
12057 204 204 84
12058 170 170 84
12059 152 152 83
12060 135 135 83
12061 187 187 84
12062 254 254 83
12063 187 187 84
12064 136 136 84
12065 170 170 84
12066 152 152 83
12067 119 119 84
12068 254 254 83
12069 203 203 83
12070 169 169 83
12071 135 135 83
12072 119 119 84
12073 186 186 83
12074 169 169 83
12075 221 221 84
12076 186 186 83
12077 203 203 83
12078 255 255 84
12079 186 186 83
12080 119 119 84
12081 238 238 84
12082 170 170 84
12083 356 356 83
12084 255 255 84
12085 288 288 83
12086 119 119 84
12087 118 118 83
12088 289 289 84
12089 340 340 84
12090 238 238 84
12091 390 390 83
12092 255 255 84
12093 204 204 84
12094 306 306 84
12095 322 322 83
12096 339 339 83
12097 305 305 83
12098 221 221 84
12099 186 186 83
12100 203 203 83
12101 221 221 84
12102 288 288 83
12103 187 187 84
12104 204 204 84
12105 272 272 84
12106 288 288 83
12107 237 237 83
12108 221 221 84
12109 238 238 84
12110 306 306 84
12111 254 254 83
12112 289 289 84
12113 272 272 84
12114 272 272 84
12115 288 288 83
12116 323 323 84
12117 356 356 83
12118 271 271 83
12119 221 221 84
12120 356 356 83
12121 271 271 83
12122 289 289 84
12123 170 170 84
12124 118 118 83
12125 271 271 83
12126 169 169 83
12127 221 221 84
12128 238 238 84
12129 170 170 84
12130 288 288 83
12131 203 203 83
12132 289 289 84
12133 186 186 83
12134 237 237 83
12135 305 305 83
12136 203 203 83
12137 153 153 84
12138 288 288 83
12139 169 169 83
12140 169 169 83
12141 221 221 84
12142 170 170 84
12143 238 238 84
12144 186 186 83
12145 153 153 84
12146 136 136 84
12147 272 272 84
12148 186 186 83
12149 255 255 84
12150 272 272 84
12151 204 204 84
12152 238 238 84
12153 118 118 83
12154 271 271 83
12155 271 271 83
12156 271 271 83
12157 221 221 84
12158 186 186 83
12159 153 153 84
12160 288 288 83
12161 221 221 84
12162 254 254 83
12163 169 169 83
12164 135 135 83
12165 187 187 84
12166 186 186 83
12167 221 221 84
12168 238 238 84
12169 152 152 83
12170 255 255 84
12171 170 170 84
12172 254 254 83
12173 271 271 83
12174 237 237 83
12175 119 119 84
12176 186 186 83
12177 187 187 84
12178 238 238 84
12179 220 220 83
12180 187 187 84
12181 170 170 84
12182 136 136 84
12183 204 204 84
12184 170 170 84
12185 220 220 83
12186 323 323 84
12187 170 170 84
12188 152 152 83
12189 153 153 84
12190 170 170 84
12191 186 186 83
12192 237 237 83
12193 237 237 83
12194 119 119 84
12195 102 102 84
12196 118 118 83
12197 203 203 83
12198 169 169 83
12199 187 187 84
12200 170 170 84
12201 220 220 83
12202 119 119 84
12203 186 186 83
12204 153 153 84
12205 170 170 84
12206 152 152 83
12207 119 119 84
12208 118 118 83
12209 135 135 83
12210 153 153 84
12211 186 186 83
12212 153 153 84
12213 170 170 84
12214 238 238 84
12215 136 136 84
12216 136 136 84
12217 152 152 83
12218 237 237 83
12219 135 135 83
12220 187 187 84
12221 170 170 84
12222 118 118 83
12223 187 187 84
12224 118 118 83
12225 119 119 84
12226 136 136 84
12227 102 102 84
12228 136 136 84
12229 220 220 83
12230 153 153 84
12231 220 220 83
12232 135 135 83
12233 153 153 84
12234 152 152 83
12235 135 135 83
12236 153 153 84
12237 136 136 84
12238 186 186 83
12239 153 153 84
12240 220 220 83
12241 153 153 84
12242 186 186 83
12243 203 203 83
12244 101 101 83
12245 169 169 83
12246 169 169 83
12247 169 169 83
12248 203 203 83
12249 153 153 84
12250 84 84 84
12251 203 203 83
12252 153 153 84
12253 118 118 83
12254 135 135 83
12255 135 135 83
12256 135 135 83
12257 255 255 84
12258 118 118 83
12259 119 119 84
12260 170 170 84
12261 136 136 84
12262 204 204 84
12263 238 238 84
12264 204 204 84
12265 170 170 84
12266 84 84 84
12267 119 119 84
12268 102 102 84
12269 152 152 83
12270 135 135 83
12271 221 221 84
12272 170 170 84
12273 136 136 84
12274 102 102 84
12275 170 170 84
12276 186 186 83
12277 119 119 84
12278 170 170 84
12279 152 152 83
12280 169 169 83
12281 169 169 83
12282 119 119 84
12283 170 170 84
12284 102 102 84
12285 152 152 83
12286 221 221 84
12287 84 84 84
12288 135 135 83
12289 135 135 83
12290 135 135 83
12291 119 119 84
12292 136 136 84
12293 186 186 83
12294 289 289 84
12295 152 152 83
12296 169 169 83
12297 101 101 83
12298 135 135 83
12299 119 119 84
12300 118 118 83
12301 187 187 84
12302 170 170 84
12303 136 136 84
12304 152 152 83
12305 119 119 84
12306 136 136 84
12307 170 170 84
12308 136 136 84
12309 152 152 83
12310 203 203 83
12311 119 119 84
12312 102 102 84
12313 136 136 84
12314 152 152 83
12315 187 187 84
12316 136 136 84
12317 238 238 84
12318 118 118 83
12319 187 187 84
12320 118 118 83
12321 153 153 84
12322 136 136 84
12323 220 220 83
12324 221 221 84
12325 84 84 84
12326 119 119 84
12327 152 152 83
12328 153 153 84
12329 220 220 83
12330 339 339 83
12331 187 187 84
12332 220 220 83
12333 135 135 83
12334 153 153 84
12335 102 102 84
12336 152 152 83
12337 221 221 84
12338 152 152 83
12339 187 187 84
12340 136 136 84
12341 118 118 83
12342 119 119 84
12343 102 102 84
12344 204 204 84
12345 204 204 84
12346 186 186 83
12347 153 153 84
12348 136 136 84
12349 152 152 83
12350 119 119 84
12351 136 136 84
12352 424 424 83
12353 237 237 83
12354 271 271 83
12355 135 135 83
12356 135 135 83
12357 169 169 83
12358 289 289 84
12359 594 594 83
12360 493 493 84
12361 186 186 83
12362 169 169 83
12363 187 187 84
12364 170 170 84
12365 408 408 84
12366 408 408 84
12367 204 204 84
12368 186 186 83
12369 221 221 84
12370 136 136 84
12371 204 204 84
12372 238 238 84
12373 204 204 84
12374 204 204 84
12375 204 204 84
12376 186 186 83
12377 203 203 83
12378 169 169 83
12379 305 305 83
12380 305 305 83
12381 237 237 83
12382 289 289 84
12383 136 136 84
12384 186 186 83
12385 221 221 84
12386 306 306 84
12387 322 322 83
12388 203 203 83
12389 187 187 84
12390 340 340 84
12391 254 254 83
12392 169 169 83
12393 221 221 84
12394 322 322 83
12395 169 169 83
12396 221 221 84
12397 186 186 83
12398 203 203 83
12399 373 373 83
12400 153 153 84
12401 170 170 84
12402 238 238 84
12403 186 186 83
12404 187 187 84
12405 254 254 83
12406 101 101 83
12407 271 271 83
12408 153 153 84
12409 238 238 84
12410 136 136 84
12411 170 170 84
12412 152 152 83
12413 169 169 83
12414 203 203 83
12415 221 221 84
12416 136 136 84
12417 204 204 84
12418 204 204 84
12419 220 220 83
12420 169 169 83
12421 153 153 84
12422 186 186 83
12423 169 169 83
12424 119 119 84
12425 306 306 84
12426 254 254 83
12427 187 187 84
12428 170 170 84
12429 152 152 83
12430 119 119 84
12431 152 152 83
12432 255 255 84
12433 152 152 83
12434 221 221 84
12435 152 152 83
12436 153 153 84
12437 136 136 84
12438 152 152 83
12439 237 237 83
12440 135 135 83
12441 237 237 83
12442 169 169 83
12443 221 221 84
12444 136 136 84
12445 136 136 84
12446 170 170 84
12447 118 118 83
12448 221 221 84
12449 204 204 84
12450 152 152 83
12451 153 153 84
12452 136 136 84
12453 186 186 83
12454 153 153 84
12455 204 204 84
12456 272 272 84
12457 170 170 84
12458 102 102 84
12459 272 272 84
12460 152 152 83
12461 135 135 83
12462 187 187 84
12463 136 136 84
12464 220 220 83
12465 153 153 84
12466 152 152 83
12467 153 153 84
12468 136 136 84
12469 186 186 83
12470 153 153 84
12471 186 186 83
12472 169 169 83
12473 271 271 83
12474 119 119 84
12475 170 170 84
12476 118 118 83
12477 169 169 83
12478 153 153 84
12479 220 220 83
12480 237 237 83
12481 237 237 83
12482 169 169 83
12483 203 203 83
12484 221 221 84
12485 152 152 83
12486 221 221 84
12487 136 136 84
12488 170 170 84
12489 254 254 83
12490 187 187 84
12491 170 170 84
12492 306 306 84
12493 170 170 84
12494 254 254 83
12495 169 169 83
12496 187 187 84
12497 254 254 83
12498 187 187 84
12499 238 238 84
12500 220 220 83
12501 237 237 83
12502 203 203 83
12503 187 187 84
12504 288 288 83
12505 221 221 84
12506 186 186 83
12507 187 187 84
12508 136 136 84
12509 204 204 84
12510 186 186 83
12511 221 221 84
12512 220 220 83
12513 153 153 84
12514 204 204 84
12515 152 152 83
12516 187 187 84
12517 204 204 84
12518 152 152 83
12519 169 169 83
12520 135 135 83
12521 119 119 84
12522 152 152 83
12523 169 169 83
12524 323 323 84
12525 220 220 83
12526 119 119 84
12527 220 220 83
12528 237 237 83
12529 153 153 84
12530 170 170 84
12531 204 204 84
12532 204 204 84
12533 204 204 84
12534 186 186 83
12535 101 101 83
12536 203 203 83
12537 135 135 83
12538 153 153 84
12539 238 238 84
12540 204 204 84
12541 186 186 83
12542 237 237 83
12543 153 153 84
12544 170 170 84
12545 204 204 84
12546 220 220 83
12547 187 187 84
12548 136 136 84
12549 136 136 84
12550 102 102 84
12551 118 118 83
12552 135 135 83
12553 203 203 83
12554 153 153 84
12555 204 204 84
12556 238 238 84
12557 152 152 83
12558 135 135 83
12559 153 153 84
12560 118 118 83
12561 169 169 83
12562 203 203 83
12563 203 203 83
12564 203 203 83
12565 119 119 84
12566 118 118 83
12567 135 135 83
12568 101 101 83
12569 153 153 84
12570 136 136 84
12571 204 204 84
12572 220 220 83
12573 169 169 83
12574 119 119 84
12575 84 84 84
12576 101 101 83
12577 119 119 84
12578 238 238 84
12579 84 84 84
12580 169 169 83
12581 135 135 83
12582 135 135 83
12583 187 187 84
12584 152 152 83
12585 153 153 84
12586 170 170 84
12587 170 170 84
12588 152 152 83
12589 289 289 84
12590 102 102 84
12591 152 152 83
12592 135 135 83
12593 101 101 83
12594 135 135 83
12595 135 135 83
12596 221 221 84
12597 170 170 84
12598 186 186 83
12599 169 169 83
12600 119 119 84
12601 102 102 84
12602 170 170 84
12603 152 152 83
12604 187 187 84
12605 170 170 84
12606 152 152 83
12607 101 101 83
12608 119 119 84
12609 118 118 83
12610 203 203 83
12611 101 101 83
12612 187 187 84
12613 136 136 84
12614 152 152 83
12615 271 271 83
12616 203 203 83
12617 255 255 84
12618 170 170 84
12619 170 170 84
12620 272 272 84
12621 152 152 83
12622 119 119 84
12623 136 136 84
12624 204 204 84
12625 118 118 83
12626 153 153 84
12627 170 170 84
12628 170 170 84
12629 152 152 83
12630 135 135 83
12631 221 221 84
12632 170 170 84
12633 186 186 83
12634 135 135 83
12635 221 221 84
12636 102 102 84
12637 170 170 84
12638 136 136 84
12639 186 186 83
12640 203 203 83
12641 203 203 83
12642 153 153 84
12643 102 102 84
12644 102 102 84
12645 152 152 83
12646 153 153 84
12647 152 152 83
12648 237 237 83
12649 203 203 83
12650 135 135 83
12651 187 187 84
12652 102 102 84
12653 204 204 84
12654 186 186 83
12655 187 187 84
12656 204 204 84
12657 136 136 84
12658 136 136 84
12659 170 170 84
12660 254 254 83
12661 237 237 83
12662 135 135 83
12663 135 135 83
12664 135 135 83
12665 221 221 84
12666 186 186 83
12667 237 237 83
12668 271 271 83
12669 169 169 83
12670 135 135 83
12671 101 101 83
12672 255 255 84
12673 152 152 83
12674 203 203 83
12675 221 221 84
12676 186 186 83
12677 187 187 84
12678 254 254 83
12679 221 221 84
12680 170 170 84
12681 204 204 84
12682 306 306 84
12683 238 238 84
12684 220 220 83
12685 271 271 83
12686 169 169 83
12687 221 221 84
12688 170 170 84
12689 102 102 84
12690 204 204 84
12691 204 204 84
12692 186 186 83
12693 305 305 83
12694 237 237 83
12695 237 237 83
12696 255 255 84
12697 170 170 84
12698 238 238 84
12699 170 170 84
12700 102 102 84
12701 84 84 84
12702 169 169 83
12703 255 255 84
12704 458 458 83
12705 391 391 84
12706 374 374 84
12707 272 272 84
12708 356 356 83
12709 407 407 83
12710 391 391 84
12711 408 408 84
12712 288 288 83
12713 221 221 84
12714 238 238 84
12715 238 238 84
12716 322 322 83
12717 527 527 84
12718 458 458 83
12719 441 441 83
12720 289 289 84
12721 204 204 84
12722 220 220 83
12723 305 305 83
12724 459 459 84
12725 424 424 83
12726 323 323 84
12727 374 374 84
12728 374 374 84
12729 374 374 84
12730 340 340 84
12731 390 390 83
12732 339 339 83
12733 339 339 83
12734 373 373 83
12735 305 305 83
12736 289 289 84
12737 408 408 84
12738 390 390 83
12739 323 323 84
12740 170 170 84
12741 186 186 83
12742 289 289 84
12743 220 220 83
12744 323 323 84
12745 204 204 84
12746 254 254 83
12747 271 271 83
12748 237 237 83
12749 271 271 83
12750 339 339 83
12751 237 237 83
12752 323 323 84
12753 374 374 84
12754 408 408 84
12755 288 288 83
12756 221 221 84
12757 220 220 83
12758 323 323 84
12759 306 306 84
12760 288 288 83
12761 237 237 83
12762 203 203 83
12763 271 271 83
12764 289 289 84
12765 374 374 84
12766 254 254 83
12767 289 289 84
12768 340 340 84
12769 390 390 83
12770 357 357 84
12771 272 272 84
12772 322 322 83
12773 289 289 84
12774 238 238 84
12775 442 442 84
12776 254 254 83
12777 407 407 83
12778 187 187 84
12779 238 238 84
12780 254 254 83
12781 323 323 84
12782 254 254 83
12783 221 221 84
12784 204 204 84
12785 238 238 84
12786 288 288 83
12787 187 187 84
12788 306 306 84
12789 356 356 83
12790 289 289 84
12791 220 220 83
12792 221 221 84
12793 204 204 84
12794 186 186 83
12795 153 153 84
12796 186 186 83
12797 339 339 83
12798 203 203 83
12799 187 187 84
12800 170 170 84
12801 152 152 83
12802 135 135 83
12803 203 203 83
12804 237 237 83
12805 305 305 83
12806 135 135 83
12807 221 221 84
12808 170 170 84
12809 204 204 84
12810 204 204 84
12811 220 220 83
12812 305 305 83
12813 289 289 84
12814 254 254 83
12815 221 221 84
12816 238 238 84
12817 220 220 83
12818 237 237 83
12819 153 153 84
12820 204 204 84
12821 238 238 84
12822 238 238 84
12823 322 322 83
12824 255 255 84
12825 238 238 84
12826 272 272 84
12827 220 220 83
12828 169 169 83
12829 305 305 83
12830 237 237 83
12831 271 271 83
12832 271 271 83
12833 221 221 84
12834 254 254 83
12835 237 237 83
12836 119 119 84
12837 238 238 84
12838 272 272 84
12839 254 254 83
12840 203 203 83
12841 221 221 84
12842 254 254 83
12843 237 237 83
12844 203 203 83
12845 203 203 83
12846 237 237 83
12847 221 221 84
12848 238 238 84
12849 220 220 83
12850 289 289 84
12851 170 170 84
12852 186 186 83
12853 271 271 83
12854 237 237 83
12855 203 203 83
12856 135 135 83
12857 187 187 84
12858 220 220 83
12859 153 153 84
12860 220 220 83
12861 169 169 83
12862 271 271 83
12863 203 203 83
12864 271 271 83
12865 271 271 83
12866 221 221 84
12867 152 152 83
12868 237 237 83
12869 237 237 83
12870 221 221 84
12871 136 136 84
12872 152 152 83
12873 187 187 84
12874 254 254 83
12875 221 221 84
12876 152 152 83
12877 169 169 83
12878 255 255 84
12879 152 152 83
12880 221 221 84
12881 136 136 84
12882 170 170 84
12883 102 102 84
12884 186 186 83
12885 169 169 83
12886 187 187 84
12887 136 136 84
12888 238 238 84
12889 186 186 83
12890 135 135 83
12891 153 153 84
12892 136 136 84
12893 254 254 83
12894 169 169 83
12895 101 101 83
12896 169 169 83
12897 169 169 83
12898 135 135 83
12899 101 101 83
12900 187 187 84
12901 186 186 83
12902 203 203 83
12903 153 153 84
12904 170 170 84
12905 136 136 84
12906 170 170 84
12907 102 102 84
12908 170 170 84
12909 152 152 83
12910 169 169 83
12911 135 135 83
12912 169 169 83
12913 135 135 83
12914 169 169 83
12915 135 135 83
12916 203 203 83
12917 187 187 84
12918 204 204 84
12919 170 170 84
12920 102 102 84
12921 186 186 83
12922 221 221 84
12923 204 204 84
12924 136 136 84
12925 136 136 84
12926 204 204 84
12927 152 152 83
12928 203 203 83
12929 187 187 84
12930 170 170 84
12931 186 186 83
12932 169 169 83
12933 119 119 84
12934 186 186 83
12935 153 153 84
12936 204 204 84
12937 288 288 83
12938 221 221 84
12939 118 118 83
12940 135 135 83
12941 153 153 84
12942 272 272 84
12943 186 186 83
12944 203 203 83
12945 187 187 84
12946 204 204 84
12947 254 254 83
12948 119 119 84
12949 170 170 84
12950 272 272 84
12951 152 152 83
12952 101 101 83
12953 119 119 84
12954 204 204 84
12955 118 118 83
12956 187 187 84
12957 254 254 83
12958 187 187 84
12959 118 118 83
12960 203 203 83
12961 135 135 83
12962 119 119 84
12963 136 136 84
12964 220 220 83
12965 339 339 83
12966 169 169 83
12967 153 153 84
12968 170 170 84
12969 254 254 83
12970 85 85 85
12971 254 254 83
12972 237 237 83
12973 169 169 83
12974 153 153 84
12975 136 136 84
12976 186 186 83
12977 135 135 83
12978 169 169 83
12979 169 169 83
12980 203 203 83
12981 289 289 84
12982 288 288 83
12983 101 101 83
12984 237 237 83
12985 187 187 84
12986 170 170 84
12987 170 170 84
12988 152 152 83
12989 135 135 83
12990 85 85 85
12991 118 118 83
12992 169 169 83
12993 203 203 83
12994 169 169 83
12995 271 271 83
12996 305 305 83
12997 169 169 83
12998 169 169 83
12999 135 135 83
13000 119 119 84
13001 170 170 84
13002 186 186 83
13003 203 203 83
13004 169 169 83
13005 119 119 84
13006 136 136 84
13007 118 118 83
13008 237 237 83
13009 203 203 83
13010 221 221 84
13011 152 152 83
13012 169 169 83
13013 135 135 83
13014 153 153 84
13015 204 204 84
13016 272 272 84
13017 238 238 84
13018 220 220 83
13019 237 237 83
13020 135 135 83
13021 203 203 83
13022 187 187 84
13023 204 204 84
13024 238 238 84
13025 220 220 83
13026 357 357 84
13027 288 288 83
13028 237 237 83
13029 203 203 83
13030 169 169 83
13031 187 187 84
13032 424 424 83
13033 289 289 84
13034 306 306 84
13035 204 204 84
13036 356 356 83
13037 187 187 84
13038 220 220 83
13039 255 255 84
13040 220 220 83
13041 289 289 84
13042 340 340 84
13043 322 322 83
13044 221 221 84
13045 220 220 83
13046 203 203 83
13047 203 203 83
13048 237 237 83
13049 221 221 84
13050 306 306 84
13051 186 186 83
13052 153 153 84
13053 220 220 83
13054 305 305 83
13055 373 373 83
13056 203 203 83
13057 221 221 84
13058 238 238 84
13059 272 272 84
13060 254 254 83
13061 237 237 83
13062 425 425 84
13063 152 152 83
13064 237 237 83
13065 305 305 83
13066 271 271 83
13067 203 203 83
13068 323 323 84
13069 238 238 84
13070 306 306 84
13071 220 220 83
13072 187 187 84
13073 322 322 83
13074 169 169 83
13075 271 271 83
13076 237 237 83
13077 373 373 83
13078 271 271 83
13079 221 221 84
13080 288 288 83
13081 373 373 83
13082 271 271 83
13083 237 237 83
13084 289 289 84
13085 220 220 83
13086 271 271 83
13087 289 289 84
13088 322 322 83
13089 289 289 84
13090 204 204 84
13091 254 254 83
13092 237 237 83
13093 289 289 84
13094 306 306 84
13095 220 220 83
13096 255 255 84
13097 356 356 83
13098 289 289 84
13099 322 322 83
13100 373 373 83
13101 289 289 84
13102 356 356 83
13103 203 203 83
13104 271 271 83
13105 373 373 83
13106 203 203 83
13107 373 373 83
13108 339 339 83
13109 493 493 84
13110 186 186 83
13111 323 323 84
13112 238 238 84
13113 340 340 84
13114 272 272 84
13115 204 204 84
13116 272 272 84
13117 340 340 84
13118 288 288 83
13119 271 271 83
13120 153 153 84
13121 220 220 83
13122 357 357 84
13123 220 220 83
13124 187 187 84
13125 374 374 84
13126 374 374 84
13127 288 288 83
13128 289 289 84
13129 288 288 83
13130 255 255 84
13131 306 306 84
13132 340 340 84
13133 322 322 83
13134 135 135 83
13135 255 255 84
13136 288 288 83
13137 255 255 84
13138 204 204 84
13139 390 390 83
13140 271 271 83
13141 289 289 84
13142 204 204 84
13143 204 204 84
13144 238 238 84
13145 340 340 84
13146 238 238 84
13147 170 170 84
13148 220 220 83
13149 237 237 83
13150 203 203 83
13151 153 153 84
13152 238 238 84
13153 186 186 83
13154 373 373 83
13155 221 221 84
13156 170 170 84
13157 170 170 84
13158 152 152 83
13159 187 187 84
13160 272 272 84
13161 288 288 83
13162 187 187 84
13163 238 238 84
13164 238 238 84
13165 272 272 84
13166 272 272 84
13167 238 238 84
13168 254 254 83
13169 289 289 84
13170 186 186 83
13171 237 237 83
13172 187 187 84
13173 340 340 84
13174 306 306 84
13175 204 204 84
13176 322 322 83
13177 203 203 83
13178 255 255 84
13179 288 288 83
13180 221 221 84
13181 306 306 84
13182 238 238 84
13183 204 204 84
13184 220 220 83
13185 255 255 84
13186 220 220 83
13187 221 221 84
13188 254 254 83
13189 187 187 84
13190 340 340 84
13191 254 254 83
13192 237 237 83
13193 169 169 83
13194 169 169 83
13195 203 203 83
13196 135 135 83
13197 255 255 84
13198 238 238 84
13199 254 254 83
13200 169 169 83
13201 153 153 84
13202 254 254 83
13203 153 153 84
13204 238 238 84
13205 272 272 84
13206 254 254 83
13207 187 187 84
13208 204 204 84
13209 272 272 84
13210 322 322 83
13211 187 187 84
13212 204 204 84
13213 204 204 84
13214 204 204 84
13215 220 220 83
13216 305 305 83
13217 119 119 84
13218 186 186 83
13219 271 271 83
13220 203 203 83
13221 153 153 84
13222 238 238 84
13223 272 272 84
13224 220 220 83
13225 271 271 83
13226 221 221 84
13227 204 204 84
13228 238 238 84
13229 254 254 83
13230 187 187 84
13231 306 306 84
13232 254 254 83
13233 153 153 84
13234 152 152 83
13235 119 119 84
13236 254 254 83
13237 305 305 83
13238 271 271 83
13239 289 289 84
13240 272 272 84
13241 204 204 84
13242 186 186 83
13243 255 255 84
13244 204 204 84
13245 220 220 83
13246 187 187 84
13247 186 186 83
13248 169 169 83
13249 153 153 84
13250 170 170 84
13251 220 220 83
13252 221 221 84
13253 152 152 83
13254 153 153 84
13255 186 186 83
13256 221 221 84
13257 238 238 84
13258 186 186 83
13259 255 255 84
13260 136 136 84
13261 272 272 84
13262 170 170 84
13263 152 152 83
13264 237 237 83
13265 153 153 84
13266 170 170 84
13267 118 118 83
13268 203 203 83
13269 221 221 84
13270 136 136 84
13271 170 170 84
13272 152 152 83
13273 153 153 84
13274 170 170 84
13275 170 170 84
13276 238 238 84
13277 102 102 84
13278 170 170 84
13279 204 204 84
13280 170 170 84
13281 118 118 83
13282 135 135 83
13283 135 135 83
13284 187 187 84
13285 170 170 84
13286 220 220 83
13287 237 237 83
13288 153 153 84
13289 170 170 84
13290 136 136 84
13291 136 136 84
13292 152 152 83
13293 203 203 83
13294 203 203 83
13295 187 187 84
13296 186 186 83
13297 169 169 83
13298 135 135 83
13299 153 153 84
13300 118 118 83
13301 187 187 84
13302 84 84 84
13303 153 153 84
13304 136 136 84
13305 254 254 83
13306 187 187 84
13307 272 272 84
13308 170 170 84
13309 152 152 83
13310 255 255 84
13311 102 102 84
13312 204 204 84
13313 204 204 84
13314 118 118 83
13315 203 203 83
13316 221 221 84
13317 220 220 83
13318 119 119 84
13319 186 186 83
13320 153 153 84
13321 152 152 83
13322 221 221 84
13323 186 186 83
13324 169 169 83
13325 203 203 83
13326 187 187 84
13327 170 170 84
13328 186 186 83
13329 187 187 84
13330 204 204 84
13331 170 170 84
13332 204 204 84
13333 170 170 84
13334 204 204 84
13335 170 170 84
13336 238 238 84
13337 136 136 84
13338 170 170 84
13339 186 186 83
13340 187 187 84
13341 170 170 84
13342 170 170 84
13343 170 170 84
13344 152 152 83
13345 135 135 83
13346 203 203 83
13347 221 221 84
13348 186 186 83
13349 169 169 83
13350 101 101 83
13351 153 153 84
13352 152 152 83
13353 135 135 83
13354 203 203 83
13355 237 237 83
13356 101 101 83
13357 187 187 84
13358 152 152 83
13359 153 153 84
13360 136 136 84
13361 186 186 83
13362 203 203 83
13363 169 169 83
13364 169 169 83
13365 187 187 84
13366 136 136 84
13367 186 186 83
13368 135 135 83
13369 169 169 83
13370 135 135 83
13371 203 203 83
13372 237 237 83
13373 187 187 84
13374 136 136 84
13375 152 152 83
13376 169 169 83
13377 271 271 83
13378 271 271 83
13379 187 187 84
13380 152 152 83
13381 119 119 84
13382 84 84 84
13383 187 187 84
13384 170 170 84
13385 152 152 83
13386 187 187 84
13387 152 152 83
13388 153 153 84
13389 170 170 84
13390 204 204 84
13391 170 170 84
13392 204 204 84
13393 272 272 84
13394 102 102 84
13395 170 170 84
13396 204 204 84
13397 102 102 84
13398 152 152 83
13399 187 187 84
13400 238 238 84
13401 102 102 84
13402 186 186 83
13403 237 237 83
13404 119 119 84
13405 118 118 83
13406 221 221 84
13407 152 152 83
13408 169 169 83
13409 169 169 83
13410 135 135 83
13411 305 305 83
13412 135 135 83
13413 255 255 84
13414 152 152 83
13415 169 169 83
13416 119 119 84
13417 186 186 83
13418 289 289 84
13419 220 220 83
13420 153 153 84
13421 170 170 84
13422 136 136 84
13423 118 118 83
13424 237 237 83
13425 255 255 84
13426 220 220 83
13427 221 221 84
13428 118 118 83
13429 135 135 83
13430 237 237 83
13431 271 271 83
13432 305 305 83
13433 221 221 84
13434 136 136 84
13435 204 204 84
13436 170 170 84
13437 170 170 84
13438 288 288 83
13439 221 221 84
13440 204 204 84
13441 272 272 84
13442 186 186 83
13443 169 169 83
13444 237 237 83
13445 153 153 84
13446 306 306 84
13447 170 170 84
13448 254 254 83
13449 187 187 84
13450 186 186 83
13451 255 255 84
13452 118 118 83
13453 153 153 84
13454 272 272 84
13455 390 390 83
13456 221 221 84
13457 220 220 83
13458 255 255 84
13459 152 152 83
13460 187 187 84
13461 254 254 83
13462 203 203 83
13463 323 323 84
13464 322 322 83
13465 187 187 84
13466 220 220 83
13467 153 153 84
13468 204 204 84
13469 152 152 83
13470 289 289 84
13471 306 306 84
13472 204 204 84
13473 272 272 84
13474 102 102 84
13475 170 170 84
13476 204 204 84
13477 204 204 84
13478 136 136 84
13479 186 186 83
13480 169 169 83
13481 153 153 84
13482 152 152 83
13483 153 153 84
13484 170 170 84
13485 204 204 84
13486 220 220 83
13487 169 169 83
13488 153 153 84
13489 204 204 84
13490 118 118 83
13491 187 187 84
13492 254 254 83
13493 305 305 83
13494 323 323 84
13495 170 170 84
13496 102 102 84
13497 152 152 83
13498 101 101 83
13499 153 153 84
13500 204 204 84
13501 272 272 84
13502 204 204 84
13503 186 186 83
13504 101 101 83
13505 101 101 83
13506 135 135 83
13507 221 221 84
13508 288 288 83
13509 153 153 84
13510 186 186 83
13511 119 119 84
13512 136 136 84
13513 152 152 83
13514 153 153 84
13515 204 204 84
13516 220 220 83
13517 187 187 84
13518 220 220 83
13519 153 153 84
13520 170 170 84
13521 170 170 84
13522 186 186 83
13523 237 237 83
13524 135 135 83
13525 289 289 84
13526 136 136 84
13527 136 136 84
13528 118 118 83
13529 187 187 84
13530 170 170 84
13531 408 408 84
13532 186 186 83
13533 203 203 83
13534 169 169 83
13535 153 153 84
13536 170 170 84
13537 186 186 83
13538 203 203 83
13539 203 203 83
13540 119 119 84
13541 102 102 84
13542 136 136 84
13543 152 152 83
13544 237 237 83
13545 203 203 83
13546 153 153 84
13547 254 254 83
13548 153 153 84
13549 204 204 84
13550 186 186 83
13551 101 101 83
13552 119 119 84
13553 186 186 83
13554 135 135 83
13555 203 203 83
13556 135 135 83
13557 237 237 83
13558 119 119 84
13559 170 170 84
13560 152 152 83
13561 135 135 83
13562 101 101 83
13563 153 153 84
13564 118 118 83
13565 169 169 83
13566 101 101 83
13567 169 169 83
13568 135 135 83
13569 169 169 83
13570 203 203 83
13571 119 119 84
13572 136 136 84
13573 102 102 84
13574 170 170 84
13575 186 186 83
13576 153 153 84
13577 204 204 84
13578 152 152 83
13579 153 153 84
13580 118 118 83
13581 119 119 84
13582 118 118 83
13583 237 237 83
13584 153 153 84
13585 102 102 84
13586 118 118 83
13587 135 135 83
13588 169 169 83
13589 153 153 84
13590 118 118 83
13591 255 255 84
13592 288 288 83
13593 237 237 83
13594 119 119 84
13595 136 136 84
13596 84 84 84
13597 135 135 83
13598 237 237 83
13599 255 255 84
13600 204 204 84
13601 186 186 83
13602 101 101 83
13603 187 187 84
13604 136 136 84
13605 118 118 83
13606 203 203 83
13607 255 255 84
13608 186 186 83
13609 221 221 84
13610 152 152 83
13611 101 101 83
13612 101 101 83
13613 153 153 84
13614 238 238 84
13615 356 356 83
13616 169 169 83
13617 221 221 84
13618 186 186 83
13619 101 101 83
13620 153 153 84
13621 118 118 83
13622 169 169 83
13623 221 221 84
13624 220 220 83
13625 203 203 83
13626 221 221 84
13627 204 204 84
13628 102 102 84
13629 186 186 83
13630 169 169 83
13631 237 237 83
13632 271 271 83
13633 305 305 83
13634 169 169 83
13635 187 187 84
13636 152 152 83
13637 153 153 84
13638 152 152 83
13639 203 203 83
13640 271 271 83
13641 271 271 83
13642 237 237 83
13643 101 101 83
13644 101 101 83
13645 135 135 83
13646 187 187 84
13647 152 152 83
13648 221 221 84
13649 186 186 83
13650 153 153 84
13651 152 152 83
13652 135 135 83
13653 153 153 84
13654 238 238 84
13655 288 288 83
13656 203 203 83
13657 221 221 84
13658 186 186 83
13659 169 169 83
13660 221 221 84
13661 204 204 84
13662 186 186 83
13663 187 187 84
13664 356 356 83
13665 187 187 84
13666 136 136 84
13667 220 220 83
13668 203 203 83
13669 135 135 83
13670 221 221 84
13671 356 356 83
13672 221 221 84
13673 254 254 83
13674 357 357 84
13675 238 238 84
13676 204 204 84
13677 254 254 83
13678 203 203 83
13679 153 153 84
13680 220 220 83
13681 187 187 84
13682 204 204 84
13683 254 254 83
13684 169 169 83
13685 187 187 84
13686 306 306 84
13687 220 220 83
13688 203 203 83
13689 271 271 83
13690 221 221 84
13691 288 288 83
13692 237 237 83
13693 203 203 83
13694 425 425 84
13695 204 204 84
13696 408 408 84
13697 254 254 83
13698 203 203 83
13699 339 339 83
13700 305 305 83
13701 203 203 83
13702 305 305 83
13703 237 237 83
13704 271 271 83
13705 289 289 84
13706 170 170 84
13707 220 220 83
13708 169 169 83
13709 237 237 83
13710 169 169 83
13711 271 271 83
13712 153 153 84
13713 170 170 84
13714 272 272 84
13715 152 152 83
13716 221 221 84
13717 186 186 83
13718 187 187 84
13719 152 152 83
13720 153 153 84
13721 152 152 83
13722 221 221 84
13723 220 220 83
13724 187 187 84
13725 186 186 83
13726 203 203 83
13727 221 221 84
13728 220 220 83
13729 119 119 84
13730 136 136 84
13731 170 170 84
13732 204 204 84
13733 272 272 84
13734 170 170 84
13735 118 118 83
13736 135 135 83
13737 169 169 83
13738 135 135 83
13739 169 169 83
13740 135 135 83
13741 187 187 84
13742 186 186 83
13743 153 153 84
13744 186 186 83
13745 221 221 84
13746 170 170 84
13747 136 136 84
13748 220 220 83
13749 135 135 83
13750 153 153 84
13751 186 186 83
13752 119 119 84
13753 152 152 83
13754 135 135 83
13755 169 169 83
13756 119 119 84
13757 238 238 84
13758 186 186 83
13759 135 135 83
13760 119 119 84
13761 186 186 83
13762 85 85 85
13763 136 136 84
13764 220 220 83
13765 135 135 83
13766 135 135 83
13767 119 119 84
13768 152 152 83
13769 135 135 83
13770 153 153 84
13771 186 186 83
13772 255 255 84
13773 152 152 83
13774 153 153 84
13775 170 170 84
13776 152 152 83
13777 119 119 84
13778 204 204 84
13779 204 204 84
13780 152 152 83
13781 153 153 84
13782 238 238 84
13783 186 186 83
13784 203 203 83
13785 135 135 83
13786 187 187 84
13787 170 170 84
13788 152 152 83
13789 221 221 84
13790 220 220 83
13791 237 237 83
13792 169 169 83
13793 203 203 83
13794 169 169 83
13795 221 221 84
13796 152 152 83
13797 187 187 84
13798 152 152 83
13799 187 187 84
13800 152 152 83
13801 169 169 83
13802 101 101 83
13803 153 153 84
13804 220 220 83
13805 187 187 84
13806 136 136 84
13807 170 170 84
13808 152 152 83
13809 203 203 83
13810 153 153 84
13811 136 136 84
13812 204 204 84
13813 152 152 83
13814 135 135 83
13815 187 187 84
13816 136 136 84
13817 152 152 83
13818 221 221 84
13819 272 272 84
13820 186 186 83
13821 203 203 83
13822 169 169 83
13823 187 187 84
13824 136 136 84
13825 102 102 84
13826 186 186 83
13827 187 187 84
13828 238 238 84
13829 220 220 83
13830 153 153 84
13831 204 204 84
13832 136 136 84
13833 170 170 84
13834 152 152 83
13835 203 203 83
13836 153 153 84
13837 152 152 83
13838 153 153 84
13839 152 152 83
13840 119 119 84
13841 254 254 83
13842 255 255 84
13843 272 272 84
13844 152 152 83
13845 187 187 84
13846 186 186 83
13847 153 153 84
13848 102 102 84
13849 186 186 83
13850 237 237 83
13851 203 203 83
13852 153 153 84
13853 84 84 84
13854 203 203 83
13855 289 289 84
13856 340 340 84
13857 254 254 83
13858 187 187 84
13859 136 136 84
13860 118 118 83
13861 221 221 84
13862 170 170 84
13863 204 204 84
13864 238 238 84
13865 204 204 84
13866 170 170 84
13867 186 186 83
13868 187 187 84
13869 220 220 83
13870 357 357 84
13871 238 238 84
13872 152 152 83
13873 221 221 84
13874 272 272 84
13875 408 408 84
13876 374 374 84
13877 442 442 84
13878 238 238 84
13879 204 204 84
13880 306 306 84
13881 424 424 83
13882 373 373 83
13883 407 407 83
13884 357 357 84
13885 408 408 84
13886 390 390 83
13887 407 407 83
13888 459 459 84
13889 492 492 83
13890 459 459 84
13891 306 306 84
13892 442 442 84
13893 458 458 83
13894 425 425 84
13895 424 424 83
13896 373 373 83
13897 493 493 84
13898 492 492 83
13899 475 475 83
13900 391 391 84
13901 288 288 83
13902 289 289 84
13903 254 254 83
13904 407 407 83
13905 475 475 83
13906 357 357 84
13907 560 560 83
13908 255 255 84
13909 442 442 84
13910 510 510 84
13911 492 492 83
13912 373 373 83
13913 441 441 83
13914 425 425 84
13915 510 510 84
13916 458 458 83
13917 407 407 83
13918 407 407 83
13919 407 407 83
13920 407 407 83
13921 305 305 83
13922 373 373 83
13923 357 357 84
13924 424 424 83
13925 425 425 84
13926 254 254 83
13927 339 339 83
13928 289 289 84
13929 374 374 84
13930 272 272 84
13931 288 288 83
13932 339 339 83
13933 391 391 84
13934 374 374 84
13935 458 458 83
13936 203 203 83
13937 323 323 84
13938 356 356 83
13939 509 509 83
13940 373 373 83
13941 289 289 84
13942 254 254 83
13943 221 221 84
13944 340 340 84
13945 288 288 83
13946 289 289 84
13947 306 306 84
13948 288 288 83
13949 407 407 83
13950 203 203 83
13951 305 305 83
13952 255 255 84
13953 254 254 83
13954 221 221 84
13955 288 288 83
13956 425 425 84
13957 306 306 84
13958 204 204 84
13959 374 374 84
13960 186 186 83
13961 271 271 83
13962 373 373 83
13963 425 425 84
13964 220 220 83
13965 255 255 84
13966 220 220 83
13967 255 255 84
13968 288 288 83
13969 289 289 84
13970 288 288 83
13971 271 271 83
13972 271 271 83
13973 203 203 83
13974 203 203 83
13975 323 323 84
13976 254 254 83
13977 169 169 83
13978 153 153 84
13979 254 254 83
13980 255 255 84
13981 322 322 83
13982 221 221 84
13983 186 186 83
13984 357 357 84
13985 238 238 84
13986 170 170 84
13987 204 204 84
13988 254 254 83
13989 289 289 84
13990 152 152 83
13991 339 339 83
13992 203 203 83
13993 203 203 83
13994 305 305 83
13995 323 323 84
13996 238 238 84
13997 220 220 83
13998 221 221 84
13999 204 204 84
14000 306 306 84
14001 170 170 84
14002 272 272 84
14003 152 152 83
14004 237 237 83
14005 237 237 83
14006 187 187 84
14007 204 204 84
14008 238 238 84
14009 204 204 84
14010 288 288 83
14011 305 305 83
14012 289 289 84
14013 152 152 83
14014 271 271 83
14015 153 153 84
14016 84 84 84
14017 221 221 84
14018 204 204 84
14019 322 322 83
14020 255 255 84
14021 170 170 84
14022 238 238 84
14023 220 220 83
14024 169 169 83
14025 289 289 84
14026 254 254 83
14027 271 271 83
14028 187 187 84
14029 254 254 83
14030 153 153 84
14031 152 152 83
14032 135 135 83
14033 221 221 84
14034 220 220 83
14035 135 135 83
14036 237 237 83
14037 221 221 84
14038 170 170 84
14039 272 272 84
14040 238 238 84
14041 170 170 84
14042 220 220 83
14043 187 187 84
14044 186 186 83
14045 357 357 84
14046 254 254 83
14047 255 255 84
14048 186 186 83
14049 237 237 83
14050 255 255 84
14051 220 220 83
14052 357 357 84
14053 322 322 83
14054 255 255 84
14055 322 322 83
14056 221 221 84
14057 254 254 83
14058 289 289 84
14059 204 204 84
14060 340 340 84
14061 238 238 84
14062 322 322 83
14063 135 135 83
14064 305 305 83
14065 203 203 83
14066 221 221 84
14067 306 306 84
14068 306 306 84
14069 254 254 83
14070 221 221 84
14071 204 204 84
14072 204 204 84
14073 170 170 84
14074 204 204 84
14075 288 288 83
14076 289 289 84
14077 220 220 83
14078 289 289 84
14079 340 340 84
14080 204 204 84
14081 238 238 84
14082 238 238 84
14083 306 306 84
14084 272 272 84
14085 238 238 84
14086 288 288 83
14087 187 187 84
14088 220 220 83
14089 153 153 84
14090 272 272 84
14091 238 238 84
14092 204 204 84
14093 254 254 83
14094 271 271 83
14095 169 169 83
14096 153 153 84
14097 186 186 83
14098 221 221 84
14099 204 204 84
14100 186 186 83
14101 271 271 83
14102 135 135 83
14103 221 221 84
14104 238 238 84
14105 152 152 83
14106 119 119 84
14107 136 136 84
14108 170 170 84
14109 186 186 83
14110 169 169 83
14111 271 271 83
14112 153 153 84
14113 152 152 83
14114 153 153 84
14115 204 204 84
14116 238 238 84
14117 136 136 84
14118 118 118 83
14119 203 203 83
14120 169 169 83
14121 169 169 83
14122 203 203 83
14123 135 135 83
14124 187 187 84
14125 152 152 83
14126 271 271 83
14127 135 135 83
14128 221 221 84
14129 220 220 83
14130 237 237 83
14131 119 119 84
14132 136 136 84
14133 170 170 84
14134 170 170 84
14135 186 186 83
14136 169 169 83
14137 255 255 84
14138 170 170 84
14139 204 204 84
14140 238 238 84
14141 272 272 84
14142 186 186 83
14143 221 221 84
14144 186 186 83
14145 203 203 83
14146 339 339 83
14147 153 153 84
14148 152 152 83
14149 373 373 83
14150 203 203 83
14151 271 271 83
14152 221 221 84
14153 186 186 83
14154 221 221 84
14155 254 254 83
14156 237 237 83
14157 135 135 83
14158 221 221 84
14159 254 254 83
14160 271 271 83
14161 203 203 83
14162 289 289 84
14163 170 170 84
14164 238 238 84
14165 204 204 84
14166 204 204 84
14167 272 272 84
14168 254 254 83
14169 153 153 84
14170 186 186 83
14171 169 169 83
14172 237 237 83
14173 339 339 83
14174 255 255 84
14175 170 170 84
14176 170 170 84
14177 102 102 84
14178 136 136 84
14179 152 152 83
14180 221 221 84
14181 220 220 83
14182 237 237 83
14183 237 237 83
14184 187 187 84
14185 186 186 83
14186 255 255 84
14187 272 272 84
14188 204 204 84
14189 170 170 84
14190 152 152 83
14191 169 169 83
14192 203 203 83
14193 203 203 83
14194 221 221 84
14195 170 170 84
14196 204 204 84
14197 186 186 83
14198 119 119 84
14199 170 170 84
14200 136 136 84
14201 170 170 84
14202 186 186 83
14203 187 187 84
14204 170 170 84
14205 136 136 84
14206 204 204 84
14207 204 204 84
14208 136 136 84
14209 136 136 84
14210 186 186 83
14211 169 169 83
14212 135 135 83
14213 153 153 84
14214 118 118 83
14215 169 169 83
14216 221 221 84
14217 204 204 84
14218 152 152 83
14219 203 203 83
14220 135 135 83
14221 135 135 83
14222 187 187 84
14223 186 186 83
14224 135 135 83
14225 221 221 84
14226 186 186 83
14227 119 119 84
14228 204 204 84
14229 186 186 83
14230 135 135 83
14231 221 221 84
14232 186 186 83
14233 135 135 83
14234 187 187 84
14235 186 186 83
14236 153 153 84
14237 186 186 83
14238 135 135 83
14239 169 169 83
14240 289 289 84
14241 118 118 83
14242 119 119 84
14243 136 136 84
14244 136 136 84
14245 152 152 83
14246 187 187 84
14247 204 204 84
14248 186 186 83
14249 119 119 84
14250 118 118 83
14251 119 119 84
14252 118 118 83
14253 203 203 83
14254 289 289 84
14255 356 356 83
14256 187 187 84
14257 204 204 84
14258 102 102 84
14259 152 152 83
14260 119 119 84
14261 102 102 84
14262 152 152 83
14263 135 135 83
14264 135 135 83
14265 119 119 84
14266 136 136 84
14267 118 118 83
14268 169 169 83
14269 169 169 83
14270 153 153 84
14271 204 204 84
14272 118 118 83
14273 101 101 83
14274 135 135 83
14275 101 101 83
14276 153 153 84
14277 170 170 84
14278 204 204 84
14279 204 204 84
14280 102 102 84
14281 238 238 84
14282 170 170 84
14283 238 238 84
14284 152 152 83
14285 135 135 83
14286 305 305 83
14287 203 203 83
14288 187 187 84
14289 204 204 84
14290 220 220 83
14291 119 119 84
14292 118 118 83
14293 237 237 83
14294 237 237 83
14295 187 187 84
14296 220 220 83
14297 153 153 84
14298 204 204 84
14299 186 186 83
14300 271 271 83
14301 425 425 84
14302 272 272 84
14303 238 238 84
14304 220 220 83
14305 101 101 83
14306 135 135 83
14307 357 357 84
14308 306 306 84
14309 288 288 83
14310 153 153 84
14311 186 186 83
14312 119 119 84
14313 204 204 84
14314 374 374 84
14315 458 458 83
14316 271 271 83
14317 203 203 83
14318 101 101 83
14319 169 169 83
14320 187 187 84
14321 186 186 83
14322 323 323 84
14323 254 254 83
14324 339 339 83
14325 153 153 84
14326 170 170 84
14327 170 170 84
14328 220 220 83
14329 441 441 83
14330 373 373 83
14331 271 271 83
14332 255 255 84
14333 238 238 84
14334 102 102 84
14335 152 152 83
14336 305 305 83
14337 407 407 83
14338 221 221 84
14339 238 238 84
14340 118 118 83
14341 221 221 84
14342 272 272 84
14343 254 254 83
14344 305 305 83
14345 339 339 83
14346 305 305 83
14347 169 169 83
14348 271 271 83
14349 305 305 83
14350 289 289 84
14351 612 612 84
14352 560 560 83
14353 289 289 84
14354 306 306 84
14355 390 390 83
14356 425 425 84
14357 492 492 83
14358 305 305 83
14359 237 237 83
14360 305 305 83
14361 255 255 84
14362 238 238 84
14363 254 254 83
14364 289 289 84
14365 204 204 84
14366 424 424 83
14367 271 271 83
14368 271 271 83
14369 561 561 84
14370 356 356 83
14371 441 441 83
14372 425 425 84
14373 408 408 84
14374 374 374 84
14375 476 476 84
14376 322 322 83
14377 407 407 83
14378 543 543 83
14379 323 323 84
14380 254 254 83
14381 425 425 84
14382 322 322 83
14383 425 425 84
14384 272 272 84
14385 356 356 83
14386 323 323 84
14387 306 306 84
14388 306 306 84
14389 288 288 83
14390 289 289 84
14391 254 254 83
14392 339 339 83
14393 255 255 84
14394 306 306 84
14395 356 356 83
14396 271 271 83
14397 357 357 84
14398 254 254 83
14399 305 305 83
14400 357 357 84
14401 220 220 83
14402 357 357 84
14403 220 220 83
14404 441 441 83
14405 323 323 84
14406 322 322 83
14407 187 187 84
14408 272 272 84
14409 442 442 84
14410 322 322 83
14411 237 237 83
14412 425 425 84
14413 272 272 84
14414 322 322 83
14415 407 407 83
14416 323 323 84
14417 340 340 84
14418 254 254 83
14419 339 339 83
14420 221 221 84
14421 254 254 83
14422 305 305 83
14423 255 255 84
14424 306 306 84
14425 322 322 83
14426 305 305 83
14427 271 271 83
14428 339 339 83
14429 255 255 84
14430 238 238 84
14431 272 272 84
14432 288 288 83
14433 357 357 84
14434 170 170 84
14435 238 238 84
14436 306 306 84
14437 272 272 84
14438 288 288 83
14439 271 271 83
14440 373 373 83
14441 323 323 84
14442 254 254 83
14443 289 289 84
14444 136 136 84
14445 220 220 83
14446 169 169 83
14447 255 255 84
14448 238 238 84
14449 238 238 84
14450 238 238 84
14451 272 272 84
14452 152 152 83
14453 187 187 84
14454 102 102 84
14455 272 272 84
14456 306 306 84
14457 288 288 83
14458 305 305 83
14459 203 203 83
14460 271 271 83
14461 237 237 83
14462 203 203 83
14463 203 203 83
14464 255 255 84
14465 322 322 83
14466 187 187 84
14467 340 340 84
14468 254 254 83
14469 237 237 83
14470 289 289 84
14471 288 288 83
14472 237 237 83
14473 169 169 83
14474 187 187 84
14475 288 288 83
14476 255 255 84
14477 204 204 84
14478 254 254 83
14479 373 373 83
14480 237 237 83
14481 203 203 83
14482 255 255 84
14483 340 340 84
14484 220 220 83
14485 135 135 83
14486 203 203 83
14487 187 187 84
14488 204 204 84
14489 288 288 83
14490 323 323 84
14491 288 288 83
14492 119 119 84
14493 186 186 83
14494 169 169 83
14495 289 289 84
14496 390 390 83
14497 237 237 83
14498 271 271 83
14499 169 169 83
14500 237 237 83
14501 203 203 83
14502 221 221 84
14503 186 186 83
14504 255 255 84
14505 238 238 84
14506 220 220 83
14507 271 271 83
14508 203 203 83
14509 289 289 84
14510 238 238 84
14511 306 306 84
14512 204 204 84
14513 220 220 83
14514 289 289 84
14515 152 152 83
14516 237 237 83
14517 357 357 84
14518 306 306 84
14519 186 186 83
14520 187 187 84
14521 238 238 84
14522 306 306 84
14523 254 254 83
14524 255 255 84
14525 220 220 83
14526 203 203 83
14527 271 271 83
14528 271 271 83
14529 289 289 84
14530 306 306 84
14531 220 220 83
14532 187 187 84
14533 220 220 83
14534 153 153 84
14535 186 186 83
14536 169 169 83
14537 135 135 83
14538 187 187 84
14539 220 220 83
14540 169 169 83
14541 255 255 84
14542 170 170 84
14543 152 152 83
14544 221 221 84
14545 220 220 83
14546 169 169 83
14547 221 221 84
14548 152 152 83
14549 203 203 83
14550 169 169 83
14551 187 187 84
14552 254 254 83
14553 289 289 84
14554 152 152 83
14555 221 221 84
14556 170 170 84
14557 136 136 84
14558 220 220 83
14559 153 153 84
14560 238 238 84
14561 170 170 84
14562 220 220 83
14563 169 169 83
14564 187 187 84
14565 204 204 84
14566 288 288 83
14567 187 187 84
14568 118 118 83
14569 271 271 83
14570 101 101 83
14571 203 203 83
14572 203 203 83
14573 221 221 84
14574 204 204 84
14575 136 136 84
14576 118 118 83
14577 221 221 84
14578 170 170 84
14579 152 152 83
14580 203 203 83
14581 153 153 84
14582 186 186 83
14583 187 187 84
14584 152 152 83
14585 135 135 83
14586 169 169 83
14587 203 203 83
14588 221 221 84
14589 204 204 84
14590 186 186 83
14591 289 289 84
14592 118 118 83
14593 169 169 83
14594 135 135 83
14595 119 119 84
14596 170 170 84
14597 238 238 84
14598 238 238 84
14599 238 238 84
14600 136 136 84
14601 152 152 83
14602 187 187 84
14603 220 220 83
14604 255 255 84
14605 136 136 84
14606 152 152 83
14607 135 135 83
14608 169 169 83
14609 119 119 84
14610 170 170 84
14611 220 220 83
14612 153 153 84
14613 118 118 83
14614 135 135 83
14615 135 135 83
14616 135 135 83
14617 135 135 83
14618 135 135 83
14619 305 305 83
14620 153 153 84
14621 204 204 84
14622 152 152 83
14623 153 153 84
14624 186 186 83
14625 135 135 83
14626 153 153 84
14627 238 238 84
14628 170 170 84
14629 152 152 83
14630 153 153 84
14631 170 170 84
14632 170 170 84
14633 204 204 84
14634 136 136 84
14635 84 84 84
14636 187 187 84
14637 170 170 84
14638 204 204 84
14639 272 272 84
14640 118 118 83
14641 237 237 83
14642 135 135 83
14643 101 101 83
14644 169 169 83
14645 255 255 84
14646 186 186 83
14647 135 135 83
14648 221 221 84
14649 136 136 84
14650 186 186 83
14651 135 135 83
14652 221 221 84
14653 238 238 84
14654 186 186 83
14655 203 203 83
14656 101 101 83
14657 153 153 84
14658 136 136 84
14659 152 152 83
14660 221 221 84
14661 152 152 83
14662 135 135 83
14663 221 221 84
14664 204 204 84
14665 118 118 83
14666 135 135 83
14667 153 153 84
14668 170 170 84
14669 306 306 84
14670 186 186 83
14671 187 187 84
14672 136 136 84
14673 118 118 83
14674 135 135 83
14675 187 187 84
14676 152 152 83
14677 169 169 83
14678 187 187 84
14679 204 204 84
14680 186 186 83
14681 153 153 84
14682 204 204 84
14683 204 204 84
14684 152 152 83
14685 169 169 83
14686 153 153 84
14687 254 254 83
14688 255 255 84
14689 170 170 84
14690 204 204 84
14691 152 152 83
14692 187 187 84
14693 152 152 83
14694 153 153 84
14695 152 152 83
14696 153 153 84
14697 118 118 83
14698 203 203 83
14699 305 305 83
14700 203 203 83
14701 187 187 84
14702 170 170 84
14703 170 170 84
14704 118 118 83
14705 221 221 84
14706 118 118 83
14707 169 169 83
14708 237 237 83
14709 187 187 84
14710 170 170 84
14711 118 118 83
14712 271 271 83
14713 221 221 84
14714 170 170 84
14715 356 356 83
14716 271 271 83
14717 187 187 84
14718 204 204 84
14719 238 238 84
14720 238 238 84
14721 204 204 84
14722 288 288 83
14723 153 153 84
14724 340 340 84
14725 204 204 84
14726 238 238 84
14727 322 322 83
14728 221 221 84
14729 306 306 84
14730 306 306 84
14731 238 238 84
14732 238 238 84
14733 254 254 83
14734 221 221 84
14735 254 254 83
14736 289 289 84
14737 238 238 84
14738 254 254 83
14739 187 187 84
14740 238 238 84
14741 306 306 84
14742 204 204 84
14743 220 220 83
14744 339 339 83
14745 373 373 83
14746 271 271 83
14747 169 169 83
14748 203 203 83
14749 255 255 84
14750 288 288 83
14751 221 221 84
14752 204 204 84
14753 170 170 84
14754 220 220 83
14755 221 221 84
14756 306 306 84
14757 340 340 84
14758 288 288 83
14759 271 271 83
14760 203 203 83
14761 203 203 83
14762 271 271 83
14763 323 323 84
14764 340 340 84
14765 170 170 84
14766 272 272 84
14767 204 204 84
14768 322 322 83
14769 221 221 84
14770 306 306 84
14771 476 476 84
14772 390 390 83
14773 187 187 84
14774 356 356 83
14775 255 255 84
14776 238 238 84
14777 356 356 83
14778 441 441 83
14779 425 425 84
14780 288 288 83
14781 187 187 84
14782 272 272 84
14783 374 374 84
14784 340 340 84
14785 458 458 83
14786 237 237 83
14787 339 339 83
14788 255 255 84
14789 374 374 84
14790 476 476 84
14791 340 340 84
14792 408 408 84
14793 340 340 84
14794 356 356 83
14795 357 357 84
14796 340 340 84
14797 408 408 84
14798 306 306 84
14799 254 254 83
14800 289 289 84
14801 322 322 83
14802 271 271 83
14803 391 391 84
14804 476 476 84
14805 408 408 84
14806 340 340 84
14807 322 322 83
14808 407 407 83
14809 323 323 84
14810 356 356 83
14811 425 425 84
14812 510 510 84
14813 238 238 84
14814 356 356 83
14815 391 391 84
14816 390 390 83
14817 475 475 83
14818 323 323 84
14819 476 476 84
14820 458 458 83
14821 339 339 83
14822 323 323 84
14823 306 306 84
14824 306 306 84
14825 390 390 83
14826 441 441 83
14827 305 305 83
14828 459 459 84
14829 306 306 84
14830 254 254 83
14831 441 441 83
14832 357 357 84
14833 306 306 84
14834 374 374 84
14835 374 374 84
14836 374 374 84
14837 356 356 83
14838 357 357 84
14839 322 322 83
14840 407 407 83
14841 237 237 83
14842 221 221 84
14843 408 408 84
14844 340 340 84
14845 340 340 84
14846 254 254 83
14847 425 425 84
14848 340 340 84
14849 408 408 84
14850 424 424 83
14851 323 323 84
14852 238 238 84
14853 306 306 84
14854 408 408 84
14855 526 526 83
14856 527 527 84
14857 424 424 83
14858 289 289 84
14859 408 408 84
14860 340 340 84
14861 442 442 84
14862 288 288 83
14863 391 391 84
14864 322 322 83
14865 323 323 84
14866 424 424 83
14867 357 357 84
14868 510 510 84
14869 340 340 84
14870 356 356 83
14871 391 391 84
14872 288 288 83
14873 357 357 84
14874 288 288 83
14875 339 339 83
14876 323 323 84
14877 322 322 83
14878 339 339 83
14879 237 237 83
14880 509 509 83
14881 391 391 84
14882 272 272 84
14883 424 424 83
14884 493 493 84
14885 374 374 84
14886 374 374 84
14887 408 408 84
14888 408 408 84
14889 306 306 84
14890 254 254 83
14891 391 391 84
14892 306 306 84
14893 408 408 84
14894 322 322 83
14895 357 357 84
14896 424 424 83
14897 407 407 83
14898 475 475 83
14899 373 373 83
14900 475 475 83
14901 289 289 84
14902 492 492 83
14903 425 425 84
14904 374 374 84
14905 272 272 84
14906 390 390 83
14907 339 339 83
14908 459 459 84
14909 492 492 83
14910 407 407 83
14911 305 305 83
14912 407 407 83
14913 459 459 84
14914 578 578 84
14915 322 322 83
14916 373 373 83
14917 441 441 83
14918 441 441 83
14919 561 561 84
14920 458 458 83
14921 373 373 83
14922 425 425 84
14923 442 442 84
14924 322 322 83
14925 595 595 84
14926 340 340 84
14927 492 492 83
14928 391 391 84
14929 526 526 83
14930 459 459 84
14931 390 390 83
14932 493 493 84
14933 458 458 83
14934 509 509 83
14935 357 357 84
14936 458 458 83
14937 339 339 83
14938 373 373 83
14939 441 441 83
14940 391 391 84
14941 390 390 83
14942 391 391 84
14943 374 374 84
14944 306 306 84
14945 424 424 83
14946 561 561 84
14947 594 594 83
14948 373 373 83
14949 407 407 83
14950 543 543 83
14951 425 425 84
14952 442 442 84
14953 544 544 84
14954 408 408 84
14955 594 594 83
14956 425 425 84
14957 424 424 83
14958 441 441 83
14959 425 425 84
14960 408 408 84
14961 340 340 84
14962 408 408 84
14963 594 594 83
14964 425 425 84
14965 424 424 83
14966 459 459 84
14967 424 424 83
14968 169 169 83
14969 459 459 84
14970 390 390 83
14971 459 459 84
14972 578 578 84
14973 356 356 83
14974 407 407 83
14975 527 527 84
14976 458 458 83
14977 441 441 83
14978 391 391 84
14979 544 544 84
14980 424 424 83
14981 595 595 84
14982 374 374 84
14983 356 356 83
14984 441 441 83
14985 271 271 83
14986 509 509 83
14987 357 357 84
14988 510 510 84
14989 424 424 83
14990 543 543 83
14991 357 357 84
14992 458 458 83
14993 561 561 84
14994 476 476 84
14995 356 356 83
14996 391 391 84
14997 510 510 84
14998 322 322 83
14999 425 425 84
15000 374 374 84
15001 696 696 83
15002 221 221 84
15003 356 356 83
15004 391 391 84
15005 510 510 84
15006 442 442 84
15007 458 458 83
15008 475 475 83
15009 289 289 84
15010 306 306 84
15011 424 424 83
15012 271 271 83
15013 441 441 83
15014 203 203 83
15015 407 407 83
15016 373 373 83
15017 373 373 83
15018 391 391 84
15019 322 322 83
15020 237 237 83
15021 339 339 83
15022 323 323 84
15023 238 238 84
15024 374 374 84
15025 306 306 84
15026 238 238 84
15027 374 374 84
15028 254 254 83
15029 221 221 84
15030 442 442 84
15031 254 254 83
15032 255 255 84
15033 238 238 84
15034 238 238 84
15035 424 424 83
15036 289 289 84
15037 254 254 83
15038 305 305 83
15039 271 271 83
15040 289 289 84
15041 322 322 83
15042 305 305 83
15043 323 323 84
15044 340 340 84
15045 288 288 83
15046 305 305 83
15047 187 187 84
15048 238 238 84
15049 356 356 83
15050 271 271 83
15051 221 221 84
15052 238 238 84
15053 272 272 84
15054 186 186 83
15055 255 255 84
15056 272 272 84
15057 272 272 84
15058 322 322 83
15059 237 237 83
15060 255 255 84
15061 322 322 83
15062 339 339 83
15063 289 289 84
15064 408 408 84
15065 238 238 84
15066 254 254 83
15067 323 323 84
15068 238 238 84
15069 356 356 83
15070 305 305 83
15071 289 289 84
15072 238 238 84
15073 306 306 84
15074 220 220 83
15075 271 271 83
15076 305 305 83
15077 391 391 84
15078 306 306 84
15079 408 408 84
15080 322 322 83
15081 187 187 84
15082 288 288 83
15083 271 271 83
15084 187 187 84
15085 272 272 84
15086 306 306 84
15087 254 254 83
15088 289 289 84
15089 306 306 84
15090 340 340 84
15091 220 220 83
15092 373 373 83
15093 339 339 83
15094 289 289 84
15095 186 186 83
15096 255 255 84
15097 254 254 83
15098 271 271 83
15099 339 339 83
15100 305 305 83
15101 237 237 83
15102 187 187 84
15103 272 272 84
15104 204 204 84
15105 220 220 83
15106 289 289 84
15107 238 238 84
15108 254 254 83
15109 135 135 83
15110 339 339 83
15111 187 187 84
15112 288 288 83
15113 255 255 84
15114 254 254 83
15115 203 203 83
15116 289 289 84
15117 272 272 84
15118 254 254 83
15119 305 305 83
15120 289 289 84
15121 152 152 83
15122 187 187 84
15123 356 356 83
15124 323 323 84
15125 170 170 84
15126 220 220 83
15127 339 339 83
15128 203 203 83
15129 221 221 84
15130 204 204 84
15131 204 204 84
15132 136 136 84
15133 306 306 84
15134 272 272 84
15135 118 118 83
15136 221 221 84
15137 220 220 83
15138 187 187 84
15139 170 170 84
15140 254 254 83
15141 187 187 84
15142 220 220 83
15143 153 153 84
15144 152 152 83
15145 187 187 84
15146 220 220 83
15147 255 255 84
15148 272 272 84
15149 306 306 84
15150 204 204 84
15151 272 272 84
15152 118 118 83
15153 119 119 84
15154 170 170 84
15155 186 186 83
15156 271 271 83
15157 271 271 83
15158 271 271 83
15159 271 271 83
15160 237 237 83
15161 187 187 84
15162 204 204 84
15163 254 254 83
15164 305 305 83
15165 221 221 84
15166 254 254 83
15167 119 119 84
15168 254 254 83
15169 339 339 83
15170 271 271 83
15171 305 305 83
15172 289 289 84
15173 136 136 84
15174 186 186 83
15175 203 203 83
15176 221 221 84
15177 322 322 83
15178 169 169 83
15179 221 221 84
15180 322 322 83
15181 203 203 83
15182 237 237 83
15183 339 339 83
15184 289 289 84
15185 238 238 84
15186 238 238 84
15187 254 254 83
15188 221 221 84
15189 204 204 84
15190 186 186 83
15191 187 187 84
15192 356 356 83
15193 203 203 83
15194 153 153 84
15195 204 204 84
15196 288 288 83
15197 255 255 84
15198 204 204 84
15199 254 254 83
15200 255 255 84
15201 238 238 84
15202 136 136 84
15203 288 288 83
15204 169 169 83
15205 221 221 84
15206 254 254 83
15207 305 305 83
15208 135 135 83
15209 153 153 84
15210 152 152 83
15211 203 203 83
15212 169 169 83
15213 203 203 83
15214 237 237 83
15215 169 169 83
15216 135 135 83
15217 221 221 84
15218 152 152 83
15219 203 203 83
15220 255 255 84
15221 238 238 84
15222 118 118 83
15223 237 237 83
15224 153 153 84
15225 186 186 83
15226 237 237 83
15227 153 153 84
15228 152 152 83
15229 203 203 83
15230 203 203 83
15231 187 187 84
15232 170 170 84
15233 220 220 83
15234 289 289 84
15235 170 170 84
15236 204 204 84
15237 118 118 83
15238 135 135 83
15239 101 101 83
15240 153 153 84
15241 136 136 84
15242 220 220 83
15243 169 169 83
15244 169 169 83
15245 237 237 83
15246 221 221 84
15247 238 238 84
15248 238 238 84
15249 84 84 84
15250 187 187 84
15251 220 220 83
15252 169 169 83
15253 187 187 84
15254 136 136 84
15255 136 136 84
15256 288 288 83
15257 289 289 84
15258 136 136 84
15259 170 170 84
15260 186 186 83
15261 169 169 83
15262 221 221 84
15263 186 186 83
15264 237 237 83
15265 203 203 83
15266 255 255 84
15267 204 204 84
15268 186 186 83
15269 255 255 84
15270 220 220 83
15271 169 169 83
15272 187 187 84
15273 204 204 84
15274 170 170 84
15275 238 238 84
15276 306 306 84
15277 136 136 84
15278 118 118 83
15279 271 271 83
15280 153 153 84
15281 272 272 84
15282 170 170 84
15283 186 186 83
15284 169 169 83
15285 203 203 83
15286 271 271 83
15287 255 255 84
15288 220 220 83
15289 203 203 83
15290 289 289 84
15291 220 220 83
15292 187 187 84
15293 204 204 84
15294 254 254 83
15295 237 237 83
15296 135 135 83
15297 119 119 84
15298 186 186 83
15299 153 153 84
15300 152 152 83
15301 187 187 84
15302 254 254 83
15303 135 135 83
15304 271 271 83
15305 135 135 83
15306 221 221 84
15307 170 170 84
15308 204 204 84
15309 220 220 83
15310 153 153 84
15311 170 170 84
15312 288 288 83
15313 237 237 83
15314 237 237 83
15315 203 203 83
15316 153 153 84
15317 152 152 83
15318 153 153 84
15319 186 186 83
15320 237 237 83
15321 289 289 84
15322 186 186 83
15323 255 255 84
15324 136 136 84
15325 118 118 83
15326 101 101 83
15327 153 153 84
15328 152 152 83
15329 187 187 84
15330 170 170 84
15331 118 118 83
15332 237 237 83
15333 271 271 83
15334 135 135 83
15335 169 169 83
15336 237 237 83
15337 153 153 84
15338 152 152 83
15339 153 153 84
15340 102 102 84
15341 170 170 84
15342 170 170 84
15343 356 356 83
15344 153 153 84
15345 186 186 83
15346 289 289 84
15347 204 204 84
15348 170 170 84
15349 220 220 83
15350 255 255 84
15351 238 238 84
15352 186 186 83
15353 203 203 83
15354 169 169 83
15355 119 119 84
15356 186 186 83
15357 305 305 83
15358 153 153 84
15359 254 254 83
15360 255 255 84
15361 170 170 84
15362 170 170 84
15363 102 102 84
15364 170 170 84
15365 186 186 83
15366 169 169 83
15367 187 187 84
15368 152 152 83
15369 101 101 83
15370 187 187 84
15371 204 204 84
15372 204 204 84
15373 136 136 84
15374 170 170 84
15375 152 152 83
15376 101 101 83
15377 153 153 84
15378 254 254 83
15379 203 203 83
15380 153 153 84
15381 170 170 84
15382 186 186 83
15383 237 237 83
15384 237 237 83
15385 255 255 84
15386 254 254 83
15387 271 271 83
15388 101 101 83
15389 169 169 83
15390 237 237 83
15391 237 237 83
15392 135 135 83
15393 169 169 83
15394 221 221 84
15395 170 170 84
15396 186 186 83
15397 135 135 83
15398 101 101 83
15399 153 153 84
15400 322 322 83
15401 203 203 83
15402 271 271 83
15403 169 169 83
15404 187 187 84
15405 118 118 83
15406 255 255 84
15407 170 170 84
15408 204 204 84
15409 288 288 83
15410 153 153 84
15411 238 238 84
15412 118 118 83
15413 237 237 83
15414 101 101 83
15415 203 203 83
15416 203 203 83
15417 187 187 84
15418 170 170 84
15419 186 186 83
15420 203 203 83
15421 135 135 83
15422 169 169 83
15423 187 187 84
15424 152 152 83
15425 101 101 83
15426 203 203 83
15427 169 169 83
15428 101 101 83
15429 135 135 83
15430 203 203 83
15431 169 169 83
15432 169 169 83
15433 169 169 83
15434 153 153 84
15435 186 186 83
15436 135 135 83
15437 119 119 84
15438 136 136 84
15439 102 102 84
15440 136 136 84
15441 152 152 83
15442 119 119 84
15443 152 152 83
15444 169 169 83
15445 153 153 84
15446 186 186 83
15447 187 187 84
15448 204 204 84
15449 204 204 84
15450 170 170 84
15451 102 102 84
15452 136 136 84
15453 254 254 83
15454 357 357 84
15455 152 152 83
15456 271 271 83
15457 187 187 84
15458 152 152 83
15459 237 237 83
15460 119 119 84
15461 152 152 83
15462 169 169 83
15463 119 119 84
15464 102 102 84
15465 118 118 83
15466 169 169 83
15467 135 135 83
15468 187 187 84
15469 170 170 84
15470 204 204 84
15471 170 170 84
15472 136 136 84
15473 152 152 83
15474 169 169 83
15475 153 153 84
15476 186 186 83
15477 169 169 83
15478 255 255 84
15479 152 152 83
15480 119 119 84
15481 186 186 83
15482 271 271 83
15483 119 119 84
15484 136 136 84
15485 170 170 84
15486 204 204 84
15487 220 220 83
15488 237 237 83
15489 187 187 84
15490 220 220 83
15491 255 255 84
15492 288 288 83
15493 271 271 83
15494 237 237 83
15495 187 187 84
15496 288 288 83
15497 391 391 84
15498 408 408 84
15499 288 288 83
15500 289 289 84
15501 306 306 84
15502 272 272 84
15503 238 238 84
15504 254 254 83
15505 221 221 84
15506 340 340 84
15507 340 340 84
15508 356 356 83
15509 187 187 84
15510 322 322 83
15511 407 407 83
15512 237 237 83
15513 203 203 83
15514 187 187 84
15515 272 272 84
15516 306 306 84
15517 306 306 84
15518 424 424 83
15519 255 255 84
15520 288 288 83
15521 339 339 83
15522 271 271 83
15523 289 289 84
15524 238 238 84
15525 272 272 84
15526 340 340 84
15527 492 492 83
15528 391 391 84
15529 186 186 83
15530 255 255 84
15531 272 272 84
15532 254 254 83
15533 305 305 83
15534 271 271 83
15535 187 187 84
15536 220 220 83
15537 187 187 84
15538 356 356 83
15539 289 289 84
15540 322 322 83
15541 203 203 83
15542 221 221 84
15543 356 356 83
15544 255 255 84
15545 272 272 84
15546 306 306 84
15547 374 374 84
15548 288 288 83
15549 255 255 84
15550 272 272 84
15551 238 238 84
15552 288 288 83
15553 289 289 84
15554 136 136 84
15555 186 186 83
15556 203 203 83
15557 237 237 83
15558 203 203 83
15559 203 203 83
15560 305 305 83
15561 203 203 83
15562 271 271 83
15563 357 357 84
15564 220 220 83
15565 221 221 84
15566 322 322 83
15567 221 221 84
15568 186 186 83
15569 221 221 84
15570 322 322 83
15571 221 221 84
15572 306 306 84
15573 306 306 84
15574 238 238 84
15575 220 220 83
15576 305 305 83
15577 289 289 84
15578 322 322 83
15579 221 221 84
15580 272 272 84
15581 238 238 84
15582 306 306 84
15583 170 170 84
15584 220 220 83
15585 255 255 84
15586 254 254 83
15587 323 323 84
15588 254 254 83
15589 187 187 84
15590 254 254 83
15591 169 169 83
15592 203 203 83
15593 407 407 83
15594 271 271 83
15595 339 339 83
15596 339 339 83
15597 187 187 84
15598 152 152 83
15599 237 237 83
15600 391 391 84
15601 340 340 84
15602 374 374 84
15603 322 322 83
15604 289 289 84
15605 238 238 84
15606 340 340 84
15607 322 322 83
15608 237 237 83
15609 271 271 83
15610 187 187 84
15611 238 238 84
15612 254 254 83
15613 237 237 83
15614 339 339 83
15615 237 237 83
15616 255 255 84
15617 238 238 84
15618 204 204 84
15619 152 152 83
15620 237 237 83
15621 255 255 84
15622 288 288 83
15623 305 305 83
15624 237 237 83
15625 255 255 84
15626 306 306 84
15627 170 170 84
15628 220 220 83
15629 289 289 84
15630 254 254 83
15631 373 373 83
15632 169 169 83
15633 203 203 83
15634 271 271 83
15635 305 305 83
15636 237 237 83
15637 169 169 83
15638 237 237 83
15639 237 237 83
15640 153 153 84
15641 238 238 84
15642 204 204 84
15643 220 220 83
15644 169 169 83
15645 237 237 83
15646 153 153 84
15647 322 322 83
15648 153 153 84
15649 272 272 84
15650 254 254 83
15651 169 169 83
15652 203 203 83
15653 323 323 84
15654 220 220 83
15655 221 221 84
15656 152 152 83
15657 255 255 84
15658 170 170 84
15659 204 204 84
15660 152 152 83
15661 187 187 84
15662 204 204 84
15663 238 238 84
15664 306 306 84
15665 186 186 83
15666 271 271 83
15667 169 169 83
15668 255 255 84
15669 170 170 84
15670 152 152 83
15671 255 255 84
15672 238 238 84
15673 186 186 83
15674 203 203 83
15675 187 187 84
15676 118 118 83
15677 153 153 84
15678 220 220 83
15679 203 203 83
15680 153 153 84
15681 152 152 83
15682 153 153 84
15683 220 220 83
15684 203 203 83
15685 203 203 83
15686 203 203 83
15687 255 255 84
15688 204 204 84
15689 220 220 83
15690 221 221 84
15691 186 186 83
15692 203 203 83
15693 169 169 83
15694 187 187 84
15695 272 272 84
15696 186 186 83
15697 153 153 84
15698 220 220 83
15699 221 221 84
15700 170 170 84
15701 204 204 84
15702 136 136 84
15703 204 204 84
15704 204 204 84
15705 136 136 84
15706 170 170 84
15707 272 272 84
15708 152 152 83
15709 169 169 83
15710 221 221 84
15711 152 152 83
15712 85 85 85
15713 204 204 84
15714 186 186 83
15715 169 169 83
15716 203 203 83
15717 153 153 84
15718 220 220 83
15719 187 187 84
15720 238 238 84
15721 118 118 83
15722 135 135 83
15723 135 135 83
15724 135 135 83
15725 153 153 84
15726 238 238 84
15727 254 254 83
15728 153 153 84
15729 220 220 83
15730 289 289 84
15731 238 238 84
15732 118 118 83
15733 203 203 83
15734 153 153 84
15735 152 152 83
15736 135 135 83
15737 153 153 84
15738 152 152 83
15739 237 237 83
15740 221 221 84
15741 170 170 84
15742 118 118 83
15743 135 135 83
15744 203 203 83
15745 187 187 84
15746 170 170 84
15747 170 170 84
15748 238 238 84
15749 186 186 83
15750 153 153 84
15751 118 118 83
15752 187 187 84
15753 118 118 83
15754 153 153 84
15755 272 272 84
15756 186 186 83
15757 187 187 84
15758 186 186 83
15759 169 169 83
15760 187 187 84
15761 152 152 83
15762 169 169 83
15763 237 237 83
15764 119 119 84
15765 170 170 84
15766 136 136 84
15767 170 170 84
15768 136 136 84
15769 136 136 84
15770 170 170 84
15771 186 186 83
15772 203 203 83
15773 271 271 83
15774 101 101 83
15775 169 169 83
15776 169 169 83
15777 203 203 83
15778 101 101 83
15779 255 255 84
15780 170 170 84
15781 136 136 84
15782 204 204 84
15783 136 136 84
15784 238 238 84
15785 152 152 83
15786 169 169 83
15787 101 101 83
15788 203 203 83
15789 187 187 84
15790 118 118 83
15791 255 255 84
15792 170 170 84
15793 186 186 83
15794 135 135 83
15795 237 237 83
15796 135 135 83
15797 153 153 84
15798 170 170 84
15799 118 118 83
15800 101 101 83
15801 187 187 84
15802 152 152 83
15803 135 135 83
15804 255 255 84
15805 152 152 83
15806 255 255 84
15807 152 152 83
15808 203 203 83
15809 85 85 85
15810 254 254 83
15811 169 169 83
15812 169 169 83
15813 135 135 83
15814 187 187 84
15815 186 186 83
15816 119 119 84
15817 254 254 83
15818 221 221 84
15819 136 136 84
15820 186 186 83
15821 187 187 84
15822 118 118 83
15823 153 153 84
15824 136 136 84
15825 288 288 83
15826 135 135 83
15827 221 221 84
15828 152 152 83
15829 85 85 85
15830 204 204 84
15831 170 170 84
15832 220 220 83
15833 255 255 84
15834 288 288 83
15835 271 271 83
15836 169 169 83
15837 153 153 84
15838 186 186 83
15839 135 135 83
15840 119 119 84
15841 136 136 84
15842 152 152 83
15843 187 187 84
15844 118 118 83
15845 135 135 83
15846 135 135 83
15847 169 169 83
15848 187 187 84
15849 152 152 83
15850 119 119 84
15851 186 186 83
15852 153 153 84
15853 204 204 84
15854 136 136 84
15855 136 136 84
15856 118 118 83
15857 135 135 83
15858 153 153 84
15859 118 118 83
15860 203 203 83
15861 153 153 84
15862 170 170 84
15863 136 136 84
15864 152 152 83
15865 153 153 84
15866 220 220 83
15867 169 169 83
15868 187 187 84
15869 136 136 84
15870 204 204 84
15871 152 152 83
15872 119 119 84
15873 186 186 83
15874 119 119 84
15875 170 170 84
15876 204 204 84
15877 204 204 84
15878 238 238 84
15879 204 204 84
15880 272 272 84
15881 204 204 84
15882 238 238 84
15883 390 390 83
15884 289 289 84
15885 238 238 84
15886 254 254 83
15887 153 153 84
15888 204 204 84
15889 340 340 84
15890 288 288 83
15891 203 203 83
15892 169 169 83
15893 203 203 83
15894 237 237 83
15895 289 289 84
15896 408 408 84
15897 408 408 84
15898 390 390 83
15899 357 357 84
15900 204 204 84
15901 340 340 84
15902 322 322 83
15903 305 305 83
15904 271 271 83
15905 203 203 83
15906 221 221 84
15907 220 220 83
15908 323 323 84
15909 272 272 84
15910 322 322 83
15911 203 203 83
15912 373 373 83
15913 271 271 83
15914 255 255 84
15915 306 306 84
15916 238 238 84
15917 356 356 83
15918 339 339 83
15919 289 289 84
15920 306 306 84
15921 288 288 83
15922 169 169 83
15923 289 289 84
15924 254 254 83
15925 357 357 84
15926 288 288 83
15927 289 289 84
15928 254 254 83
15929 203 203 83
15930 237 237 83
15931 237 237 83
15932 255 255 84
15933 306 306 84
15934 254 254 83
15935 255 255 84
15936 186 186 83
15937 237 237 83
15938 271 271 83
15939 237 237 83
15940 339 339 83
15941 153 153 84
15942 220 220 83
15943 255 255 84
15944 204 204 84
15945 204 204 84
15946 322 322 83
15947 323 323 84
15948 136 136 84
15949 186 186 83
15950 187 187 84
15951 254 254 83
15952 203 203 83
15953 221 221 84
15954 204 204 84
15955 220 220 83
15956 255 255 84
15957 136 136 84
15958 220 220 83
15959 135 135 83
15960 221 221 84
15961 306 306 84
15962 186 186 83
15963 203 203 83
15964 187 187 84
15965 204 204 84
15966 204 204 84
15967 254 254 83
15968 169 169 83
15969 221 221 84
15970 170 170 84
15971 204 204 84
15972 152 152 83
15973 187 187 84
15974 254 254 83
15975 289 289 84
15976 152 152 83
15977 187 187 84
15978 152 152 83
15979 221 221 84
15980 170 170 84
15981 186 186 83
15982 135 135 83
15983 255 255 84
15984 186 186 83
15985 187 187 84
15986 186 186 83
15987 153 153 84
15988 152 152 83
15989 153 153 84
15990 186 186 83
15991 289 289 84
15992 170 170 84
15993 152 152 83
15994 203 203 83
15995 135 135 83
15996 169 169 83
15997 203 203 83
15998 187 187 84
15999 170 170 84
16000 152 152 83
16001 237 237 83
16002 153 153 84
16003 136 136 84
16004 118 118 83
16005 153 153 84
16006 170 170 84
16007 152 152 83
16008 101 101 83
16009 153 153 84
16010 136 136 84
16011 136 136 84
16012 152 152 83
16013 153 153 84
16014 238 238 84
16015 204 204 84
16016 152 152 83
16017 135 135 83
16018 169 169 83
16019 203 203 83
16020 221 221 84
16021 220 220 83
16022 221 221 84
16023 118 118 83
16024 153 153 84
16025 220 220 83
16026 169 169 83
16027 203 203 83
16028 203 203 83
16029 187 187 84
16030 254 254 83
16031 119 119 84
16032 170 170 84
16033 152 152 83
16034 187 187 84
16035 170 170 84
16036 170 170 84
16037 152 152 83
16038 237 237 83
16039 85 85 85
16040 84 84 84
16041 119 119 84
16042 136 136 84
16043 186 186 83
16044 203 203 83
16045 101 101 83
16046 153 153 84
16047 220 220 83
16048 101 101 83
16049 119 119 84
16050 186 186 83
16051 221 221 84
16052 220 220 83
16053 135 135 83
16054 169 169 83
16055 101 101 83
16056 119 119 84
16057 152 152 83
16058 119 119 84
16059 186 186 83
16060 153 153 84
16061 102 102 84
16062 136 136 84
16063 152 152 83
16064 135 135 83
16065 135 135 83
16066 169 169 83
16067 119 119 84
16068 204 204 84
16069 118 118 83
16070 101 101 83
16071 85 85 85
16072 118 118 83
16073 153 153 84
16074 170 170 84
16075 118 118 83
16076 169 169 83
16077 153 153 84
16078 102 102 84
16079 186 186 83
16080 153 153 84
16081 136 136 84
16082 152 152 83
16083 169 169 83
16084 135 135 83
16085 153 153 84
16086 152 152 83
16087 203 203 83
16088 135 135 83
16089 153 153 84
16090 186 186 83
16091 237 237 83
16092 169 169 83
16093 169 169 83
16094 187 187 84
16095 152 152 83
16096 203 203 83
16097 85 85 85
16098 170 170 84
16099 152 152 83
16100 135 135 83
16101 119 119 84
16102 136 136 84
16103 254 254 83
16104 169 169 83
16105 153 153 84
16106 186 186 83
16107 271 271 83
16108 169 169 83
16109 237 237 83
16110 135 135 83
16111 169 169 83
16112 153 153 84
16113 186 186 83
16114 221 221 84
16115 238 238 84
16116 238 238 84
16117 170 170 84
16118 238 238 84
16119 136 136 84
16120 220 220 83
16121 187 187 84
16122 152 152 83
16123 203 203 83
16124 339 339 83
16125 255 255 84
16126 170 170 84
16127 170 170 84
16128 186 186 83
16129 187 187 84
16130 254 254 83
16131 187 187 84
16132 220 220 83
16133 187 187 84
16134 238 238 84
16135 170 170 84
16136 152 152 83
16137 135 135 83
16138 221 221 84
16139 220 220 83
16140 221 221 84
16141 238 238 84
16142 118 118 83
16143 119 119 84
16144 152 152 83
16145 135 135 83
16146 237 237 83
16147 169 169 83
16148 203 203 83
16149 237 237 83
16150 237 237 83
16151 187 187 84
16152 220 220 83
16153 289 289 84
16154 170 170 84
16155 186 186 83
16156 203 203 83
16157 221 221 84
16158 152 152 83
16159 221 221 84
16160 152 152 83
16161 135 135 83
16162 203 203 83
16163 169 169 83
16164 237 237 83
16165 237 237 83
16166 187 187 84
16167 136 136 84
16168 170 170 84
16169 238 238 84
16170 186 186 83
16171 203 203 83
16172 203 203 83
16173 153 153 84
16174 136 136 84
16175 254 254 83
16176 135 135 83
16177 153 153 84
16178 254 254 83
16179 255 255 84
16180 254 254 83
16181 441 441 83
16182 187 187 84
16183 170 170 84
16184 186 186 83
16185 119 119 84
16186 152 152 83
16187 187 187 84
16188 118 118 83
16189 169 169 83
16190 203 203 83
16191 255 255 84
16192 238 238 84
16193 186 186 83
16194 153 153 84
16195 238 238 84
16196 170 170 84
16197 254 254 83
16198 203 203 83
16199 323 323 84
16200 220 220 83
16201 135 135 83
16202 187 187 84
16203 186 186 83
16204 135 135 83
16205 169 169 83
16206 203 203 83
16207 169 169 83
16208 203 203 83
16209 85 85 85
16210 186 186 83
16211 289 289 84
16212 220 220 83
16213 255 255 84
16214 220 220 83
16215 203 203 83
16216 203 203 83
16217 221 221 84
16218 220 220 83
16219 135 135 83
16220 169 169 83
16221 203 203 83
16222 237 237 83
16223 187 187 84
16224 322 322 83
16225 169 169 83
16226 153 153 84
16227 238 238 84
16228 238 238 84
16229 152 152 83
16230 187 187 84
16231 254 254 83
16232 203 203 83
16233 237 237 83
16234 153 153 84
16235 102 102 84
16236 152 152 83
16237 169 169 83
16238 357 357 84
16239 204 204 84
16240 288 288 83
16241 255 255 84
16242 238 238 84
16243 204 204 84
16244 204 204 84
16245 170 170 84
16246 254 254 83
16247 221 221 84
16248 186 186 83
16249 237 237 83
16250 203 203 83
16251 255 255 84
16252 136 136 84
16253 186 186 83
16254 169 169 83
16255 153 153 84
16256 186 186 83
16257 221 221 84
16258 254 254 83
16259 153 153 84
16260 170 170 84
16261 220 220 83
16262 203 203 83
16263 237 237 83
16264 237 237 83
16265 187 187 84
16266 186 186 83
16267 135 135 83
16268 119 119 84
16269 118 118 83
16270 271 271 83
16271 289 289 84
16272 170 170 84
16273 118 118 83
16274 187 187 84
16275 170 170 84
16276 220 220 83
16277 203 203 83
16278 169 169 83
16279 119 119 84
16280 118 118 83
16281 153 153 84
16282 152 152 83
16283 203 203 83
16284 237 237 83
16285 237 237 83
16286 271 271 83
16287 169 169 83
16288 153 153 84
16289 220 220 83
16290 153 153 84
16291 170 170 84
16292 220 220 83
16293 153 153 84
16294 254 254 83
16295 305 305 83
16296 135 135 83
16297 135 135 83
16298 153 153 84
16299 170 170 84
16300 186 186 83
16301 237 237 83
16302 135 135 83
16303 169 169 83
16304 203 203 83
16305 221 221 84
16306 152 152 83
16307 169 169 83
16308 187 187 84
16309 170 170 84
16310 220 220 83
16311 169 169 83
16312 153 153 84
16313 220 220 83
16314 169 169 83
16315 255 255 84
16316 238 238 84
16317 254 254 83
16318 237 237 83
16319 169 169 83
16320 169 169 83
16321 169 169 83
16322 153 153 84
16323 254 254 83
16324 119 119 84
16325 220 220 83
16326 203 203 83
16327 203 203 83
16328 289 289 84
16329 170 170 84
16330 220 220 83
16331 221 221 84
16332 272 272 84
16333 238 238 84
16334 272 272 84
16335 238 238 84
16336 272 272 84
16337 220 220 83
16338 323 323 84
16339 220 220 83
16340 203 203 83
16341 271 271 83
16342 289 289 84
16343 322 322 83
16344 237 237 83
16345 169 169 83
16346 323 323 84
16347 204 204 84
16348 254 254 83
16349 357 357 84
16350 186 186 83
16351 391 391 84
16352 374 374 84
16353 186 186 83
16354 187 187 84
16355 356 356 83
16356 357 357 84
16357 288 288 83
16358 169 169 83
16359 339 339 83
16360 187 187 84
16361 238 238 84
16362 186 186 83
16363 305 305 83
16364 271 271 83
16365 221 221 84
16366 152 152 83
16367 153 153 84
16368 220 220 83
16369 169 169 83
16370 153 153 84
16371 136 136 84
16372 220 220 83
16373 187 187 84
16374 204 204 84
16375 204 204 84
16376 170 170 84
16377 186 186 83
16378 203 203 83
16379 255 255 84
16380 136 136 84
16381 186 186 83
16382 169 169 83
16383 169 169 83
16384 203 203 83
16385 203 203 83
16386 135 135 83
16387 119 119 84
16388 118 118 83
16389 85 85 85
16390 170 170 84
16391 136 136 84
16392 152 152 83
16393 153 153 84
16394 170 170 84
16395 186 186 83
16396 169 169 83
16397 255 255 84
16398 152 152 83
16399 237 237 83
16400 153 153 84
16401 186 186 83
16402 203 203 83
16403 153 153 84
16404 136 136 84
16405 118 118 83
16406 169 169 83
16407 135 135 83
16408 135 135 83
16409 153 153 84
16410 204 204 84
16411 170 170 84
16412 170 170 84
16413 238 238 84
16414 238 238 84
16415 220 220 83
16416 221 221 84
16417 356 356 83
16418 221 221 84
16419 152 152 83
16420 119 119 84
16421 118 118 83
16422 153 153 84
16423 220 220 83
16424 153 153 84
16425 272 272 84
16426 204 204 84
16427 118 118 83
16428 187 187 84
16429 186 186 83
16430 187 187 84
16431 238 238 84
16432 254 254 83
16433 237 237 83
16434 135 135 83
16435 203 203 83
16436 237 237 83
16437 221 221 84
16438 186 186 83
16439 203 203 83
16440 169 169 83
16441 187 187 84
16442 136 136 84
16443 170 170 84
16444 254 254 83
16445 271 271 83
16446 187 187 84
16447 204 204 84
16448 186 186 83
16449 289 289 84
16450 238 238 84
16451 170 170 84
16452 102 102 84
16453 152 152 83
16454 169 169 83
16455 153 153 84
16456 186 186 83
16457 153 153 84
16458 152 152 83
16459 169 169 83
16460 169 169 83
16461 169 169 83
16462 169 169 83
16463 187 187 84
16464 170 170 84
16465 186 186 83
16466 153 153 84
16467 118 118 83
16468 153 153 84
16469 136 136 84
16470 152 152 83
16471 169 169 83
16472 187 187 84
16473 204 204 84
16474 152 152 83
16475 187 187 84
16476 118 118 83
16477 203 203 83
16478 135 135 83
16479 187 187 84
16480 186 186 83
16481 119 119 84
16482 84 84 84
16483 153 153 84
16484 152 152 83
16485 169 169 83
16486 187 187 84
16487 152 152 83
16488 153 153 84
16489 118 118 83
16490 187 187 84
16491 152 152 83
16492 135 135 83
16493 85 85 85
16494 170 170 84
16495 136 136 84
16496 152 152 83
16497 153 153 84
16498 118 118 83
16499 101 101 83
16500 187 187 84
16501 152 152 83
16502 153 153 84
16503 186 186 83
16504 203 203 83
16505 135 135 83
16506 135 135 83
16507 135 135 83
16508 119 119 84
16509 102 102 84
16510 152 152 83
16511 119 119 84
16512 204 204 84
16513 186 186 83
16514 153 153 84
16515 170 170 84
16516 102 102 84
16517 136 136 84
16518 186 186 83
16519 169 169 83
16520 135 135 83
16521 119 119 84
16522 136 136 84
16523 152 152 83
16524 119 119 84
16525 204 204 84
16526 170 170 84
16527 170 170 84
16528 170 170 84
16529 152 152 83
16530 135 135 83
16531 101 101 83
16532 135 135 83
16533 187 187 84
16534 272 272 84
16535 254 254 83
16536 119 119 84
16537 152 152 83
16538 119 119 84
16539 84 84 84
16540 119 119 84
16541 136 136 84
16542 152 152 83
16543 135 135 83
16544 119 119 84
16545 84 84 84
16546 101 101 83
16547 153 153 84
16548 186 186 83
16549 187 187 84
16550 186 186 83
16551 169 169 83
16552 153 153 84
16553 118 118 83
16554 135 135 83
16555 101 101 83
16556 119 119 84
16557 136 136 84
16558 238 238 84
16559 136 136 84
16560 152 152 83
16561 119 119 84
16562 136 136 84
16563 170 170 84
16564 136 136 84
16565 204 204 84
16566 204 204 84
16567 170 170 84
16568 102 102 84
16569 152 152 83
16570 135 135 83
16571 119 119 84
16572 136 136 84
16573 152 152 83
16574 289 289 84
16575 204 204 84
16576 136 136 84
16577 170 170 84
16578 152 152 83
16579 101 101 83
16580 135 135 83
16581 203 203 83
16582 323 323 84
16583 170 170 84
16584 170 170 84
16585 152 152 83
16586 119 119 84
16587 170 170 84
16588 152 152 83
16589 203 203 83
16590 203 203 83
16591 323 323 84
16592 204 204 84
16593 136 136 84
16594 118 118 83
16595 153 153 84
16596 152 152 83
16597 135 135 83
16598 169 169 83
16599 221 221 84
16600 254 254 83
16601 187 187 84
16602 220 220 83
16603 101 101 83
16604 153 153 84
16605 102 102 84
16606 288 288 83
16607 237 237 83
16608 169 169 83
16609 187 187 84
16610 136 136 84
16611 102 102 84
16612 136 136 84
16613 170 170 84
16614 204 204 84
16615 204 204 84
16616 220 220 83
16617 187 187 84
16618 170 170 84
16619 170 170 84
16620 220 220 83
16621 339 339 83
16622 373 373 83
16623 271 271 83
16624 135 135 83
16625 101 101 83
16626 119 119 84
16627 118 118 83
16628 187 187 84
16629 238 238 84
16630 322 322 83
16631 271 271 83
16632 135 135 83
16633 135 135 83
16634 119 119 84
16635 254 254 83
16636 357 357 84
16637 424 424 83
16638 323 323 84
16639 118 118 83
16640 135 135 83
16641 237 237 83
16642 255 255 84
16643 374 374 84
16644 390 390 83
16645 271 271 83
16646 221 221 84
16647 204 204 84
16648 288 288 83
16649 339 339 83
16650 323 323 84
16651 390 390 83
16652 237 237 83
16653 169 169 83
16654 135 135 83
16655 203 203 83
16656 289 289 84
16657 306 306 84
16658 238 238 84
16659 288 288 83
16660 271 271 83
16661 323 323 84
16662 204 204 84
16663 272 272 84
16664 204 204 84
16665 306 306 84
16666 238 238 84
16667 306 306 84
16668 254 254 83
16669 305 305 83
16670 255 255 84
16671 390 390 83
16672 271 271 83
16673 237 237 83
16674 425 425 84
16675 340 340 84
16676 408 408 84
16677 306 306 84
16678 288 288 83
16679 373 373 83
16680 373 373 83
16681 339 339 83
16682 543 543 83
16683 271 271 83
16684 373 373 83
16685 373 373 83
16686 407 407 83
16687 391 391 84
16688 288 288 83
16689 305 305 83
16690 289 289 84
16691 272 272 84
16692 374 374 84
16693 220 220 83
16694 271 271 83
16695 357 357 84
16696 340 340 84
16697 204 204 84
16698 356 356 83
16699 289 289 84
16700 254 254 83
16701 203 203 83
16702 271 271 83
16703 289 289 84
16704 204 204 84
16705 118 118 83
16706 323 323 84
16707 170 170 84
16708 288 288 83
16709 323 323 84
16710 238 238 84
16711 204 204 84
16712 204 204 84
16713 186 186 83
16714 323 323 84
16715 238 238 84
16716 238 238 84
16717 374 374 84
16718 254 254 83
16719 323 323 84
16720 288 288 83
16721 271 271 83
16722 237 237 83
16723 237 237 83
16724 169 169 83
16725 135 135 83
16726 203 203 83
16727 255 255 84
16728 272 272 84
16729 186 186 83
16730 271 271 83
16731 203 203 83
16732 237 237 83
16733 153 153 84
16734 306 306 84
16735 374 374 84
16736 204 204 84
16737 204 204 84
16738 186 186 83
16739 153 153 84
16740 238 238 84
16741 238 238 84
16742 220 220 83
16743 187 187 84
16744 152 152 83
16745 153 153 84
16746 170 170 84
16747 118 118 83
16748 255 255 84
16749 238 238 84
16750 170 170 84
16751 152 152 83
16752 169 169 83
16753 135 135 83
16754 237 237 83
16755 153 153 84
16756 238 238 84
16757 204 204 84
16758 102 102 84
16759 204 204 84
16760 238 238 84
16761 118 118 83
16762 153 153 84
16763 238 238 84
16764 254 254 83
16765 203 203 83
16766 187 187 84
16767 254 254 83
16768 135 135 83
16769 271 271 83
16770 237 237 83
16771 221 221 84
16772 322 322 83
16773 169 169 83
16774 169 169 83
16775 187 187 84
16776 254 254 83
16777 203 203 83
16778 339 339 83
16779 305 305 83
16780 221 221 84
16781 152 152 83
16782 187 187 84
16783 204 204 84
16784 288 288 83
16785 271 271 83
16786 221 221 84
16787 186 186 83
16788 187 187 84
16789 152 152 83
16790 271 271 83
16791 237 237 83
16792 271 271 83
16793 255 255 84
16794 288 288 83
16795 357 357 84
16796 374 374 84
16797 204 204 84
16798 186 186 83
16799 221 221 84
16800 254 254 83
16801 153 153 84
16802 136 136 84
16803 152 152 83
16804 221 221 84
16805 152 152 83
16806 221 221 84
16807 170 170 84
16808 238 238 84
16809 186 186 83
16810 203 203 83
16811 169 169 83
16812 169 169 83
16813 221 221 84
16814 186 186 83
16815 169 169 83
16816 101 101 83
16817 203 203 83
16818 153 153 84
16819 102 102 84
16820 186 186 83
16821 169 169 83
16822 203 203 83
16823 221 221 84
16824 254 254 83
16825 221 221 84
16826 152 152 83
16827 187 187 84
16828 136 136 84
16829 170 170 84
16830 204 204 84
16831 254 254 83
16832 153 153 84
16833 204 204 84
16834 170 170 84
16835 186 186 83
16836 169 169 83
16837 85 85 85
16838 186 186 83
16839 187 187 84
16840 170 170 84
16841 152 152 83
16842 135 135 83
16843 135 135 83
16844 153 153 84
16845 136 136 84
16846 186 186 83
16847 255 255 84
16848 170 170 84
16849 118 118 83
16850 221 221 84
16851 204 204 84
16852 170 170 84
16853 136 136 84
16854 220 220 83
16855 187 187 84
16856 152 152 83
16857 119 119 84
16858 152 152 83
16859 169 169 83
16860 187 187 84
16861 170 170 84
16862 204 204 84
16863 152 152 83
16864 169 169 83
16865 153 153 84
16866 254 254 83
16867 255 255 84
16868 238 238 84
16869 288 288 83
16870 187 187 84
16871 186 186 83
16872 169 169 83
16873 203 203 83
16874 203 203 83
16875 221 221 84
16876 170 170 84
16877 204 204 84
16878 204 204 84
16879 220 220 83
16880 237 237 83
16881 271 271 83
16882 271 271 83
16883 255 255 84
16884 152 152 83
16885 203 203 83
16886 255 255 84
16887 204 204 84
16888 272 272 84
16889 220 220 83
16890 203 203 83
16891 153 153 84
16892 220 220 83
16893 305 305 83
16894 289 289 84
16895 374 374 84
16896 238 238 84
16897 272 272 84
16898 254 254 83
16899 357 357 84
16900 254 254 83
16901 255 255 84
16902 220 220 83
16903 237 237 83
16904 169 169 83
16905 169 169 83
16906 357 357 84
16907 408 408 84
16908 390 390 83
16909 255 255 84
16910 186 186 83
16911 323 323 84
16912 238 238 84
16913 390 390 83
16914 203 203 83
16915 305 305 83
16916 357 357 84
16917 322 322 83
16918 271 271 83
16919 357 357 84
16920 220 220 83
16921 221 221 84
16922 204 204 84
16923 306 306 84
16924 254 254 83
16925 255 255 84
16926 288 288 83
16927 255 255 84
16928 340 340 84
16929 272 272 84
16930 322 322 83
16931 391 391 84
16932 220 220 83
16933 271 271 83
16934 169 169 83
16935 271 271 83
16936 339 339 83
16937 339 339 83
16938 255 255 84
16939 322 322 83
16940 305 305 83
16941 255 255 84
16942 390 390 83
16943 441 441 83
16944 373 373 83
16945 305 305 83
16946 237 237 83
16947 237 237 83
16948 221 221 84
16949 272 272 84
16950 322 322 83
16951 237 237 83
16952 237 237 83
16953 187 187 84
16954 272 272 84
16955 186 186 83
16956 237 237 83
16957 221 221 84
16958 272 272 84
16959 272 272 84
16960 374 374 84
16961 254 254 83
16962 271 271 83
16963 135 135 83
16964 237 237 83
16965 203 203 83
16966 221 221 84
16967 238 238 84
16968 220 220 83
16969 237 237 83
16970 187 187 84
16971 220 220 83
16972 169 169 83
16973 305 305 83
16974 187 187 84
16975 186 186 83
16976 187 187 84
16977 220 220 83
16978 221 221 84
16979 186 186 83
16980 135 135 83
16981 153 153 84
16982 170 170 84
16983 170 170 84
16984 254 254 83
16985 289 289 84
16986 136 136 84
16987 186 186 83
16988 255 255 84
16989 238 238 84
16990 170 170 84
16991 152 152 83
16992 221 221 84
16993 220 220 83
16994 153 153 84
16995 254 254 83
16996 271 271 83
16997 153 153 84
16998 152 152 83
16999 271 271 83
17000 187 187 84
17001 254 254 83
17002 271 271 83
17003 237 237 83
17004 203 203 83
17005 271 271 83
17006 221 221 84
17007 288 288 83
17008 271 271 83
17009 237 237 83
17010 203 203 83
17011 119 119 84
17012 306 306 84
17013 238 238 84
17014 272 272 84
17015 170 170 84
17016 204 204 84
17017 136 136 84
17018 238 238 84
17019 186 186 83
17020 255 255 84
17021 238 238 84
17022 204 204 84
17023 118 118 83
17024 169 169 83
17025 187 187 84
17026 272 272 84
17027 204 204 84
17028 220 220 83
17029 135 135 83
17030 153 153 84
17031 220 220 83
17032 169 169 83
17033 203 203 83
17034 255 255 84
17035 204 204 84
17036 220 220 83
17037 119 119 84
17038 220 220 83
17039 221 221 84
17040 272 272 84
17041 152 152 83
17042 221 221 84
17043 170 170 84
17044 220 220 83
17045 187 187 84
17046 220 220 83
17047 169 169 83
17048 203 203 83
17049 187 187 84
17050 136 136 84
17051 186 186 83
17052 221 221 84
17053 204 204 84
17054 136 136 84
17055 186 186 83
17056 255 255 84
17057 152 152 83
17058 135 135 83
17059 203 203 83
17060 169 169 83
17061 153 153 84
17062 152 152 83
17063 119 119 84
17064 152 152 83
17065 187 187 84
17066 254 254 83
17067 187 187 84
17068 186 186 83
17069 203 203 83
17070 153 153 84
17071 186 186 83
17072 187 187 84
17073 170 170 84
17074 136 136 84
17075 238 238 84
17076 170 170 84
17077 186 186 83
17078 237 237 83
17079 203 203 83
17080 221 221 84
17081 152 152 83
17082 187 187 84
17083 136 136 84
17084 118 118 83
17085 187 187 84
17086 118 118 83
17087 169 169 83
17088 187 187 84
17089 254 254 83
17090 187 187 84
17091 186 186 83
17092 119 119 84
17093 204 204 84
17094 186 186 83
17095 255 255 84
17096 254 254 83
17097 221 221 84
17098 152 152 83
17099 119 119 84
17100 136 136 84
17101 170 170 84
17102 102 102 84
17103 118 118 83
17104 153 153 84
17105 254 254 83
17106 119 119 84
17107 136 136 84
17108 186 186 83
17109 203 203 83
17110 153 153 84
17111 152 152 83
17112 153 153 84
17113 288 288 83
17114 221 221 84
17115 170 170 84
17116 170 170 84
17117 170 170 84
17118 152 152 83
17119 221 221 84
17120 152 152 83
17121 203 203 83
17122 119 119 84
17123 136 136 84
17124 254 254 83
17125 203 203 83
17126 391 391 84
17127 254 254 83
17128 153 153 84
17129 272 272 84
17130 136 136 84
17131 204 204 84
17132 254 254 83
17133 221 221 84
17134 204 204 84
17135 170 170 84
17136 220 220 83
17137 237 237 83
17138 135 135 83
17139 221 221 84
17140 288 288 83
17141 203 203 83
17142 221 221 84
17143 272 272 84
17144 170 170 84
17145 186 186 83
17146 271 271 83
17147 221 221 84
17148 220 220 83
17149 323 323 84
17150 272 272 84
17151 220 220 83
17152 203 203 83
17153 289 289 84
17154 238 238 84
17155 408 408 84
17156 254 254 83
17157 237 237 83
17158 221 221 84
17159 272 272 84
17160 238 238 84
17161 356 356 83
17162 255 255 84
17163 442 442 84
17164 340 340 84
17165 204 204 84
17166 220 220 83
17167 255 255 84
17168 238 238 84
17169 306 306 84
17170 374 374 84
17171 238 238 84
17172 254 254 83
17173 237 237 83
17174 237 237 83
17175 271 271 83
17176 357 357 84
17177 272 272 84
17178 288 288 83
17179 305 305 83
17180 271 271 83
17181 255 255 84
17182 390 390 83
17183 407 407 83
17184 323 323 84
17185 306 306 84
17186 288 288 83
17187 289 289 84
17188 238 238 84
17189 322 322 83
17190 425 425 84
17191 306 306 84
17192 254 254 83
17193 425 425 84
17194 442 442 84
17195 356 356 83
17196 373 373 83
17197 373 373 83
17198 339 339 83
17199 323 323 84
17200 204 204 84
17201 476 476 84
17202 220 220 83
17203 425 425 84
17204 186 186 83
17205 305 305 83
17206 391 391 84
17207 340 340 84
17208 306 306 84
17209 322 322 83
17210 509 509 83
17211 391 391 84
17212 424 424 83
17213 323 323 84
17214 254 254 83
17215 459 459 84
17216 510 510 84
17217 476 476 84
17218 272 272 84
17219 424 424 83
17220 509 509 83
17221 391 391 84
17222 492 492 83
17223 357 357 84
17224 288 288 83
17225 323 323 84
17226 272 272 84
17227 340 340 84
17228 442 442 84
17229 374 374 84
17230 492 492 83
17231 425 425 84
17232 322 322 83
17233 339 339 83
17234 407 407 83
17235 425 425 84
17236 458 458 83
17237 323 323 84
17238 390 390 83
17239 357 357 84
17240 526 526 83
17241 459 459 84
17242 390 390 83
17243 543 543 83
17244 391 391 84
17245 322 322 83
17246 373 373 83
17247 289 289 84
17248 458 458 83
17249 459 459 84
17250 340 340 84
17251 408 408 84
17252 356 356 83
17253 391 391 84
17254 424 424 83
17255 407 407 83
17256 203 203 83
17257 373 373 83
17258 339 339 83
17259 391 391 84
17260 408 408 84
17261 306 306 84
17262 390 390 83
17263 373 373 83
17264 493 493 84
17265 476 476 84
17266 510 510 84
17267 356 356 83
17268 323 323 84
17269 272 272 84
17270 356 356 83
17271 459 459 84
17272 272 272 84
17273 476 476 84
17274 442 442 84
17275 356 356 83
17276 391 391 84
17277 408 408 84
17278 272 272 84
17279 306 306 84
17280 390 390 83
17281 323 323 84
17282 288 288 83
17283 357 357 84
17284 356 356 83
17285 459 459 84
17286 356 356 83
17287 255 255 84
17288 390 390 83
17289 357 357 84
17290 356 356 83
17291 357 357 84
17292 424 424 83
17293 203 203 83
17294 323 323 84
17295 408 408 84
17296 374 374 84
17297 340 340 84
17298 544 544 84
17299 340 340 84
17300 220 220 83
17301 357 357 84
17302 390 390 83
17303 305 305 83
17304 305 305 83
17305 305 305 83
17306 407 407 83
17307 271 271 83
17308 289 289 84
17309 408 408 84
17310 322 322 83
17311 373 373 83
17312 357 357 84
17313 288 288 83
17314 169 169 83
17315 187 187 84
17316 374 374 84
17317 424 424 83
17318 357 357 84
17319 374 374 84
17320 272 272 84
17321 288 288 83
17322 339 339 83
17323 339 339 83
17324 221 221 84
17325 458 458 83
17326 255 255 84
17327 322 322 83
17328 289 289 84
17329 458 458 83
17330 203 203 83
17331 357 357 84
17332 340 340 84
17333 374 374 84
17334 408 408 84
17335 356 356 83
17336 391 391 84
17337 442 442 84
17338 390 390 83
17339 221 221 84
17340 272 272 84
17341 408 408 84
17342 220 220 83
17343 509 509 83
17344 255 255 84
17345 374 374 84
17346 254 254 83
17347 187 187 84
17348 408 408 84
17349 288 288 83
17350 357 357 84
17351 340 340 84
17352 424 424 83
17353 339 339 83
17354 323 323 84
17355 306 306 84
17356 340 340 84
17357 424 424 83
17358 373 373 83
17359 289 289 84
17360 390 390 83
17361 339 339 83
17362 373 373 83
17363 475 475 83
17364 391 391 84
17365 390 390 83
17366 323 323 84
17367 544 544 84
17368 560 560 83
17369 611 611 83
17370 357 357 84
17371 390 390 83
17372 323 323 84
17373 424 424 83
17374 493 493 84
17375 390 390 83
17376 441 441 83
17377 509 509 83
17378 323 323 84
17379 390 390 83
17380 373 373 83
17381 509 509 83
17382 323 323 84
17383 442 442 84
17384 408 408 84
17385 578 578 84
17386 424 424 83
17387 527 527 84
17388 560 560 83
17389 577 577 83
17390 629 629 84
17391 408 408 84
17392 442 442 84
17393 612 612 84
17394 340 340 84
17395 322 322 83
17396 475 475 83
17397 527 527 84
17398 374 374 84
17399 374 374 84
17400 408 408 84
17401 408 408 84
17402 442 442 84
17403 510 510 84
17404 340 340 84
17405 340 340 84
17406 374 374 84
17407 442 442 84
17408 356 356 83
17409 357 357 84
17410 272 272 84
17411 356 356 83
17412 373 373 83
17413 357 357 84
17414 458 458 83
17415 373 373 83
17416 425 425 84
17417 492 492 83
17418 373 373 83
17419 357 357 84
17420 288 288 83
17421 357 357 84
17422 322 322 83
17423 357 357 84
17424 424 424 83
17425 271 271 83
17426 339 339 83
17427 357 357 84
17428 390 390 83
17429 339 339 83
17430 493 493 84
17431 306 306 84
17432 288 288 83
17433 357 357 84
17434 254 254 83
17435 407 407 83
17436 459 459 84
17437 322 322 83
17438 271 271 83
17439 475 475 83
17440 425 425 84
17441 322 322 83
17442 255 255 84
17443 322 322 83
17444 323 323 84
17445 390 390 83
17446 271 271 83
17447 357 357 84
17448 356 356 83
17449 373 373 83
17450 305 305 83
17451 187 187 84
17452 220 220 83
17453 357 357 84
17454 442 442 84
17455 254 254 83
17456 289 289 84
17457 272 272 84
17458 356 356 83
17459 339 339 83
17460 271 271 83
17461 187 187 84
17462 254 254 83
17463 305 305 83
17464 289 289 84
17465 356 356 83
17466 289 289 84
17467 272 272 84
17468 288 288 83
17469 187 187 84
17470 288 288 83
17471 271 271 83
17472 357 357 84
17473 220 220 83
17474 305 305 83
17475 339 339 83
17476 271 271 83
17477 203 203 83
17478 323 323 84
17479 204 204 84
17480 356 356 83
17481 203 203 83
17482 255 255 84
17483 254 254 83
17484 221 221 84
17485 288 288 83
17486 221 221 84
17487 288 288 83
17488 305 305 83
17489 323 323 84
17490 136 136 84
17491 220 220 83
17492 203 203 83
17493 153 153 84
17494 288 288 83
17495 255 255 84
17496 288 288 83
17497 237 237 83
17498 135 135 83
17499 323 323 84
17500 288 288 83
17501 187 187 84
17502 288 288 83
17503 237 237 83
17504 187 187 84
17505 186 186 83
17506 221 221 84
17507 186 186 83
17508 203 203 83
17509 203 203 83
17510 169 169 83
17511 203 203 83
17512 289 289 84
17513 204 204 84
17514 186 186 83
17515 203 203 83
17516 237 237 83
17517 203 203 83
17518 187 187 84
17519 272 272 84
17520 254 254 83
17521 135 135 83
17522 221 221 84
17523 254 254 83
17524 237 237 83
17525 203 203 83
17526 289 289 84
17527 152 152 83
17528 203 203 83
17529 187 187 84
17530 306 306 84
17531 306 306 84
17532 340 340 84
17533 272 272 84
17534 170 170 84
17535 152 152 83
17536 271 271 83
17537 221 221 84
17538 220 220 83
17539 169 169 83
17540 221 221 84
17541 170 170 84
17542 238 238 84
17543 356 356 83
17544 203 203 83
17545 255 255 84
17546 186 186 83
17547 221 221 84
17548 170 170 84
17549 152 152 83
17550 323 323 84
17551 186 186 83
17552 203 203 83
17553 187 187 84
17554 272 272 84
17555 186 186 83
17556 187 187 84
17557 272 272 84
17558 374 374 84
17559 220 220 83
17560 323 323 84
17561 186 186 83
17562 203 203 83
17563 373 373 83
17564 357 357 84
17565 186 186 83
17566 153 153 84
17567 170 170 84
17568 204 204 84
17569 254 254 83
17570 221 221 84
17571 204 204 84
17572 170 170 84
17573 288 288 83
17574 187 187 84
17575 238 238 84
17576 220 220 83
17577 357 357 84
17578 220 220 83
17579 255 255 84
17580 340 340 84
17581 272 272 84
17582 510 510 84
17583 408 408 84
17584 424 424 83
17585 373 373 83
17586 255 255 84
17587 254 254 83
17588 475 475 83
17589 629 629 84
17590 594 594 83
17591 475 475 83
17592 475 475 83
17593 509 509 83
17594 561 561 84
17595 544 544 84
17596 442 442 84
17597 526 526 83
17598 373 373 83
17599 339 339 83
17600 475 475 83
17601 357 357 84
17602 186 186 83
17603 323 323 84
17604 238 238 84
17605 340 340 84
17606 186 186 83
17607 271 271 83
17608 187 187 84
17609 220 220 83
17610 237 237 83
17611 305 305 83
17612 237 237 83
17613 203 203 83
17614 135 135 83
17615 203 203 83
17616 271 271 83
17617 169 169 83
17618 203 203 83
17619 271 271 83
17620 135 135 83
17621 187 187 84
17622 272 272 84
17623 186 186 83
17624 391 391 84
17625 170 170 84
17626 136 136 84
17627 288 288 83
17628 221 221 84
17629 152 152 83
17630 221 221 84
17631 288 288 83
17632 255 255 84
17633 238 238 84
17634 186 186 83
17635 203 203 83
17636 271 271 83
17637 289 289 84
17638 306 306 84
17639 306 306 84
17640 204 204 84
17641 186 186 83
17642 237 237 83
17643 169 169 83
17644 221 221 84
17645 170 170 84
17646 254 254 83
17647 135 135 83
17648 221 221 84
17649 374 374 84
17650 272 272 84
17651 186 186 83
17652 203 203 83
17653 255 255 84
17654 136 136 84
17655 288 288 83
17656 255 255 84
17657 272 272 84
17658 136 136 84
17659 306 306 84
17660 186 186 83
17661 221 221 84
17662 272 272 84
17663 238 238 84
17664 238 238 84
17665 220 220 83
17666 169 169 83
17667 289 289 84
17668 272 272 84
17669 204 204 84
17670 170 170 84
17671 340 340 84
17672 476 476 84
17673 356 356 83
17674 187 187 84
17675 560 560 83
17676 391 391 84
17677 476 476 84
17678 322 322 83
17679 237 237 83
17680 323 323 84
17681 374 374 84
17682 424 424 83
17683 339 339 83
17684 323 323 84
17685 220 220 83
17686 339 339 83
17687 305 305 83
17688 373 373 83
17689 373 373 83
17690 237 237 83
17691 271 271 83
17692 305 305 83
17693 255 255 84
17694 340 340 84
17695 458 458 83
17696 425 425 84
17697 390 390 83
17698 305 305 83
17699 255 255 84
17700 288 288 83
17701 305 305 83
17702 425 425 84
17703 306 306 84
17704 356 356 83
17705 289 289 84
17706 340 340 84
17707 272 272 84
17708 272 272 84
17709 374 374 84
17710 340 340 84
17711 254 254 83
17712 407 407 83
17713 255 255 84
17714 306 306 84
17715 306 306 84
17716 220 220 83
17717 237 237 83
17718 305 305 83
17719 339 339 83
17720 339 339 83
17721 391 391 84
17722 322 322 83
17723 373 373 83
17724 373 373 83
17725 323 323 84
17726 492 492 83
17727 271 271 83
17728 373 373 83
17729 237 237 83
17730 305 305 83
17731 357 357 84
17732 238 238 84
17733 170 170 84
17734 322 322 83
17735 577 577 83
17736 271 271 83
17737 357 357 84
17738 408 408 84
17739 254 254 83
17740 237 237 83
17741 339 339 83
17742 305 305 83
17743 441 441 83
17744 339 339 83
17745 237 237 83
17746 221 221 84
17747 374 374 84
17748 238 238 84
17749 306 306 84
17750 288 288 83
17751 357 357 84
17752 220 220 83
17753 221 221 84
17754 322 322 83
17755 425 425 84
17756 254 254 83
17757 237 237 83
17758 357 357 84
17759 288 288 83
17760 339 339 83
17761 373 373 83
17762 221 221 84
17763 322 322 83
17764 289 289 84
17765 254 254 83
17766 305 305 83
17767 339 339 83
17768 255 255 84
17769 306 306 84
17770 272 272 84
17771 322 322 83
17772 237 237 83
17773 203 203 83
17774 323 323 84
17775 254 254 83
17776 373 373 83
17777 289 289 84
17778 254 254 83
17779 305 305 83
17780 255 255 84
17781 220 220 83
17782 271 271 83
17783 203 203 83
17784 323 323 84
17785 306 306 84
17786 220 220 83
17787 357 357 84
17788 152 152 83
17789 289 289 84
17790 322 322 83
17791 323 323 84
17792 272 272 84
17793 390 390 83
17794 323 323 84
17795 340 340 84
17796 272 272 84
17797 152 152 83
17798 221 221 84
17799 288 288 83
17800 271 271 83
17801 305 305 83
17802 323 323 84
17803 254 254 83
17804 221 221 84
17805 238 238 84
17806 204 204 84
17807 272 272 84
17808 238 238 84
17809 288 288 83
17810 237 237 83
17811 255 255 84
17812 220 220 83
17813 221 221 84
17814 204 204 84
17815 186 186 83
17816 255 255 84
17817 356 356 83
17818 305 305 83
17819 237 237 83
17820 289 289 84
17821 306 306 84
17822 340 340 84
17823 288 288 83
17824 271 271 83
17825 289 289 84
17826 306 306 84
17827 220 220 83
17828 237 237 83
17829 255 255 84
17830 186 186 83
17831 271 271 83
17832 357 357 84
17833 272 272 84
17834 220 220 83
17835 271 271 83
17836 271 271 83
17837 169 169 83
17838 169 169 83
17839 237 237 83
17840 221 221 84
17841 204 204 84
17842 254 254 83
17843 237 237 83
17844 237 237 83
17845 221 221 84
17846 220 220 83
17847 221 221 84
17848 186 186 83
17849 271 271 83
17850 255 255 84
17851 220 220 83
17852 255 255 84
17853 186 186 83
17854 305 305 83
17855 153 153 84
17856 186 186 83
17857 203 203 83
17858 169 169 83
17859 203 203 83
17860 237 237 83
17861 237 237 83
17862 187 187 84
17863 238 238 84
17864 220 220 83
17865 187 187 84
17866 238 238 84
17867 186 186 83
17868 255 255 84
17869 288 288 83
17870 169 169 83
17871 203 203 83
17872 187 187 84
17873 238 238 84
17874 238 238 84
17875 152 152 83
17876 203 203 83
17877 169 169 83
17878 203 203 83
17879 135 135 83
17880 153 153 84
17881 152 152 83
17882 221 221 84
17883 204 204 84
17884 170 170 84
17885 152 152 83
17886 255 255 84
17887 272 272 84
17888 170 170 84
17889 136 136 84
17890 186 186 83
17891 237 237 83
17892 101 101 83
17893 203 203 83
17894 221 221 84
17895 204 204 84
17896 186 186 83
17897 203 203 83
17898 203 203 83
17899 169 169 83
17900 169 169 83
17901 169 169 83
17902 221 221 84
17903 152 152 83
17904 237 237 83
17905 135 135 83
17906 221 221 84
17907 204 204 84
17908 272 272 84
17909 288 288 83
17910 203 203 83
17911 187 187 84
17912 186 186 83
17913 271 271 83
17914 271 271 83
17915 135 135 83
17916 203 203 83
17917 187 187 84
17918 238 238 84
17919 238 238 84
17920 254 254 83
17921 221 221 84
17922 136 136 84
17923 204 204 84
17924 340 340 84
17925 356 356 83
17926 289 289 84
17927 204 204 84
17928 170 170 84
17929 306 306 84
17930 238 238 84
17931 238 238 84
17932 306 306 84
17933 220 220 83
17934 169 169 83
17935 323 323 84
17936 306 306 84
17937 374 374 84
17938 254 254 83
17939 135 135 83
17940 305 305 83
17941 237 237 83
17942 135 135 83
17943 221 221 84
17944 220 220 83
17945 255 255 84
17946 374 374 84
17947 272 272 84
17948 272 272 84
17949 322 322 83
17950 203 203 83
17951 221 221 84
17952 306 306 84
17953 254 254 83
17954 237 237 83
17955 221 221 84
17956 152 152 83
17957 323 323 84
17958 322 322 83
17959 289 289 84
17960 186 186 83
17961 323 323 84
17962 254 254 83
17963 237 237 83
17964 339 339 83
17965 187 187 84
17966 272 272 84
17967 170 170 84
17968 254 254 83
17969 119 119 84
17970 186 186 83
17971 221 221 84
17972 254 254 83
17973 255 255 84
17974 152 152 83
17975 203 203 83
17976 187 187 84
17977 238 238 84
17978 272 272 84
17979 220 220 83
17980 203 203 83
17981 323 323 84
17982 254 254 83
17983 187 187 84
17984 186 186 83
17985 289 289 84
17986 288 288 83
17987 169 169 83
17988 323 323 84
17989 186 186 83
17990 289 289 84
17991 254 254 83
17992 153 153 84
17993 204 204 84
17994 254 254 83
17995 203 203 83
17996 221 221 84
17997 238 238 84
17998 186 186 83
17999 203 203 83
18000 187 187 84
18001 356 356 83
18002 221 221 84
18003 220 220 83
18004 289 289 84
18005 204 204 84
18006 254 254 83
18007 203 203 83
18008 255 255 84
18009 254 254 83
18010 169 169 83
18011 203 203 83
18012 237 237 83
18013 271 271 83
18014 237 237 83
18015 221 221 84
18016 306 306 84
18017 220 220 83
18018 187 187 84
18019 390 390 83
18020 203 203 83
18021 391 391 84
18022 306 306 84
18023 170 170 84
18024 254 254 83
18025 221 221 84
18026 306 306 84
18027 340 340 84
18028 238 238 84
18029 220 220 83
18030 289 289 84
18031 288 288 83
18032 255 255 84
18033 204 204 84
18034 136 136 84
18035 220 220 83
18036 237 237 83
18037 221 221 84
18038 186 186 83
18039 169 169 83
18040 203 203 83
18041 271 271 83
18042 237 237 83
18043 153 153 84
18044 152 152 83
18045 153 153 84
18046 204 204 84
18047 204 204 84
18048 238 238 84
18049 254 254 83
18050 221 221 84
18051 186 186 83
18052 153 153 84
18053 220 220 83
18054 187 187 84
18055 220 220 83
18056 221 221 84
18057 238 238 84
18058 152 152 83
18059 153 153 84
18060 136 136 84
18061 170 170 84
18062 186 186 83
18063 221 221 84
18064 322 322 83
18065 237 237 83
18066 169 169 83
18067 153 153 84
18068 170 170 84
18069 288 288 83
18070 203 203 83
18071 187 187 84
18072 186 186 83
18073 135 135 83
18074 169 169 83
18075 203 203 83
18076 255 255 84
18077 288 288 83
18078 339 339 83
18079 305 305 83
18080 187 187 84
18081 272 272 84
18082 220 220 83
18083 203 203 83
18084 289 289 84
18085 220 220 83
18086 203 203 83
18087 203 203 83
18088 187 187 84
18089 204 204 84
18090 170 170 84
18091 186 186 83
18092 305 305 83
18093 255 255 84
18094 238 238 84
18095 238 238 84
18096 254 254 83
18097 255 255 84
18098 322 322 83
18099 271 271 83
18100 187 187 84
18101 306 306 84
18102 118 118 83
18103 289 289 84
18104 220 220 83
18105 169 169 83
18106 153 153 84
18107 272 272 84
18108 254 254 83
18109 305 305 83
18110 289 289 84
18111 220 220 83
18112 237 237 83
18113 135 135 83
18114 237 237 83
18115 169 169 83
18116 153 153 84
18117 288 288 83
18118 153 153 84
18119 238 238 84
18120 102 102 84
18121 170 170 84
18122 170 170 84
18123 102 102 84
18124 272 272 84
18125 136 136 84
18126 238 238 84
18127 118 118 83
18128 289 289 84
18129 186 186 83
18130 221 221 84
18131 170 170 84
18132 254 254 83
18133 153 153 84
18134 204 204 84
18135 186 186 83
18136 221 221 84
18137 254 254 83
18138 169 169 83
18139 203 203 83
18140 221 221 84
18141 204 204 84
18142 186 186 83
18143 187 187 84
18144 186 186 83
18145 187 187 84
18146 170 170 84
18147 186 186 83
18148 221 221 84
18149 254 254 83
18150 255 255 84
18151 254 254 83
18152 221 221 84
18153 322 322 83
18154 323 323 84
18155 152 152 83
18156 237 237 83
18157 323 323 84
18158 220 220 83
18159 187 187 84
18160 204 204 84
18161 272 272 84
18162 424 424 83
18163 561 561 84
18164 492 492 83
18165 271 271 83
18166 237 237 83
18167 339 339 83
18168 527 527 84
18169 424 424 83
18170 255 255 84
18171 204 204 84
18172 220 220 83
18173 339 339 83
18174 357 357 84
18175 458 458 83
18176 407 407 83
18177 441 441 83
18178 407 407 83
18179 323 323 84
18180 340 340 84
18181 306 306 84
18182 458 458 83
18183 441 441 83
18184 407 407 83
18185 391 391 84
18186 306 306 84
18187 408 408 84
18188 272 272 84
18189 374 374 84
18190 424 424 83
18191 441 441 83
18192 323 323 84
18193 238 238 84
18194 254 254 83
18195 289 289 84
18196 408 408 84
18197 408 408 84
18198 254 254 83
18199 289 289 84
18200 306 306 84
18201 186 186 83
18202 323 323 84
18203 322 322 83
18204 339 339 83
18205 373 373 83
18206 323 323 84
18207 238 238 84
18208 204 204 84
18209 254 254 83
18210 407 407 83
18211 441 441 83
18212 221 221 84
18213 238 238 84
18214 526 526 83
18215 237 237 83
18216 391 391 84
18217 322 322 83
18218 271 271 83
18219 289 289 84
18220 340 340 84
18221 374 374 84
18222 186 186 83
18223 339 339 83
18224 255 255 84
18225 322 322 83
18226 153 153 84
18227 204 204 84
18228 356 356 83
18229 305 305 83
18230 339 339 83
18231 289 289 84
18232 220 220 83
18233 203 203 83
18234 357 357 84
18235 306 306 84
18236 272 272 84
18237 186 186 83
18238 203 203 83
18239 203 203 83
18240 271 271 83
18241 255 255 84
18242 340 340 84
18243 254 254 83
18244 323 323 84
18245 272 272 84
18246 272 272 84
18247 356 356 83
18248 237 237 83
18249 255 255 84
18250 254 254 83
18251 153 153 84
18252 288 288 83
18253 169 169 83
18254 255 255 84
18255 340 340 84
18256 220 220 83
18257 305 305 83
18258 305 305 83
18259 289 289 84
18260 390 390 83
18261 135 135 83
18262 289 289 84
18263 238 238 84
18264 186 186 83
18265 289 289 84
18266 408 408 84
18267 238 238 84
18268 186 186 83
18269 271 271 83
18270 339 339 83
18271 255 255 84
18272 322 322 83
18273 237 237 83
18274 271 271 83
18275 135 135 83
18276 289 289 84
18277 186 186 83
18278 203 203 83
18279 237 237 83
18280 169 169 83
18281 237 237 83
18282 289 289 84
18283 340 340 84
18284 186 186 83
18285 203 203 83
18286 323 323 84
18287 238 238 84
18288 272 272 84
18289 220 220 83
18290 203 203 83
18291 289 289 84
18292 170 170 84
18293 220 220 83
18294 187 187 84
18295 238 238 84
18296 238 238 84
18297 170 170 84
18298 238 238 84
18299 170 170 84
18300 306 306 84
18301 238 238 84
18302 118 118 83
18303 203 203 83
18304 289 289 84
18305 186 186 83
18306 271 271 83
18307 221 221 84
18308 220 220 83
18309 153 153 84
18310 288 288 83
18311 289 289 84
18312 254 254 83
18313 187 187 84
18314 204 204 84
18315 204 204 84
18316 254 254 83
18317 169 169 83
18318 289 289 84
18319 186 186 83
18320 255 255 84
18321 152 152 83
18322 187 187 84
18323 186 186 83
18324 169 169 83
18325 153 153 84
18326 204 204 84
18327 170 170 84
18328 340 340 84
18329 254 254 83
18330 323 323 84
18331 254 254 83
18332 221 221 84
18333 204 204 84
18334 186 186 83
18335 221 221 84
18336 204 204 84
18337 220 220 83
18338 305 305 83
18339 271 271 83
18340 237 237 83
18341 169 169 83
18342 237 237 83
18343 237 237 83
18344 255 255 84
18345 204 204 84
18346 322 322 83
18347 221 221 84
18348 152 152 83
18349 203 203 83
18350 221 221 84
18351 272 272 84
18352 254 254 83
18353 425 425 84
18354 272 272 84
18355 170 170 84
18356 306 306 84
18357 170 170 84
18358 254 254 83
18359 339 339 83
18360 289 289 84
18361 186 186 83
18362 357 357 84
18363 170 170 84
18364 186 186 83
18365 169 169 83
18366 407 407 83
18367 305 305 83
18368 169 169 83
18369 187 187 84
18370 220 220 83
18371 271 271 83
18372 255 255 84
18373 170 170 84
18374 170 170 84
18375 254 254 83
18376 169 169 83
18377 203 203 83
18378 221 221 84
18379 254 254 83
18380 203 203 83
18381 203 203 83
18382 153 153 84
18383 118 118 83
18384 255 255 84
18385 186 186 83
18386 119 119 84
18387 204 204 84
18388 238 238 84
18389 186 186 83
18390 187 187 84
18391 136 136 84
18392 272 272 84
18393 170 170 84
18394 220 220 83
18395 169 169 83
18396 135 135 83
18397 323 323 84
18398 186 186 83
18399 119 119 84
18400 152 152 83
18401 135 135 83
18402 221 221 84
18403 220 220 83
18404 153 153 84
18405 220 220 83
18406 289 289 84
18407 136 136 84
18408 170 170 84
18409 170 170 84
18410 136 136 84
18411 288 288 83
18412 119 119 84
18413 186 186 83
18414 153 153 84
18415 152 152 83
18416 169 169 83
18417 187 187 84
18418 152 152 83
18419 119 119 84
18420 152 152 83
18421 153 153 84
18422 170 170 84
18423 118 118 83
18424 169 169 83
18425 271 271 83
18426 153 153 84
18427 136 136 84
18428 254 254 83
18429 237 237 83
18430 187 187 84
18431 288 288 83
18432 153 153 84
18433 118 118 83
18434 119 119 84
18435 136 136 84
18436 136 136 84
18437 136 136 84
18438 186 186 83
18439 203 203 83
18440 119 119 84
18441 186 186 83
18442 135 135 83
18443 153 153 84
18444 118 118 83
18445 153 153 84
18446 136 136 84
18447 152 152 83
18448 153 153 84
18449 186 186 83
18450 153 153 84
18451 170 170 84
18452 170 170 84
18453 186 186 83
18454 187 187 84
18455 118 118 83
18456 101 101 83
18457 135 135 83
18458 101 101 83
18459 237 237 83
18460 169 169 83
18461 135 135 83
18462 237 237 83
18463 203 203 83
18464 255 255 84
18465 204 204 84
18466 136 136 84
18467 136 136 84
18468 152 152 83
18469 237 237 83
18470 203 203 83
18471 237 237 83
18472 221 221 84
18473 152 152 83
18474 221 221 84
18475 186 186 83
18476 289 289 84
18477 170 170 84
18478 102 102 84
18479 186 186 83
18480 187 187 84
18481 152 152 83
18482 187 187 84
18483 186 186 83
18484 289 289 84
18485 152 152 83
18486 169 169 83
18487 119 119 84
18488 170 170 84
18489 186 186 83
18490 237 237 83
18491 271 271 83
18492 271 271 83
18493 153 153 84
18494 204 204 84
18495 238 238 84
18496 118 118 83
18497 169 169 83
18498 169 169 83
18499 237 237 83
18500 169 169 83
18501 203 203 83
18502 255 255 84
18503 186 186 83
18504 271 271 83
18505 187 187 84
18506 238 238 84
18507 136 136 84
18508 204 204 84
18509 186 186 83
18510 221 221 84
18511 340 340 84
18512 340 340 84
18513 170 170 84
18514 238 238 84
18515 220 220 83
18516 169 169 83
18517 203 203 83
18518 271 271 83
18519 203 203 83
18520 339 339 83
18521 289 289 84
18522 306 306 84
18523 306 306 84
18524 306 306 84
18525 306 306 84
18526 254 254 83
18527 305 305 83
18528 203 203 83
18529 289 289 84
18530 220 220 83
18531 203 203 83
18532 255 255 84
18533 288 288 83
18534 289 289 84
18535 306 306 84
18536 254 254 83
18537 237 237 83
18538 187 187 84
18539 220 220 83
18540 203 203 83
18541 289 289 84
18542 238 238 84
18543 170 170 84
18544 186 186 83
18545 323 323 84
18546 220 220 83
18547 255 255 84
18548 356 356 83
18549 255 255 84
18550 170 170 84
18551 272 272 84
18552 204 204 84
18553 186 186 83
18554 203 203 83
18555 305 305 83
18556 237 237 83
18557 187 187 84
18558 220 220 83
18559 271 271 83
18560 187 187 84
18561 322 322 83
18562 221 221 84
18563 220 220 83
18564 203 203 83
18565 271 271 83
18566 237 237 83
18567 357 357 84
18568 136 136 84
18569 340 340 84
18570 254 254 83
18571 135 135 83
18572 237 237 83
18573 169 169 83
18574 323 323 84
18575 254 254 83
18576 271 271 83
18577 237 237 83
18578 203 203 83
18579 271 271 83
18580 153 153 84
18581 204 204 84
18582 152 152 83
18583 187 187 84
18584 254 254 83
18585 305 305 83
18586 187 187 84
18587 220 220 83
18588 203 203 83
18589 237 237 83
18590 169 169 83
18591 187 187 84
18592 118 118 83
18593 237 237 83
18594 169 169 83
18595 119 119 84
18596 118 118 83
18597 237 237 83
18598 323 323 84
18599 272 272 84
18600 152 152 83
18601 153 153 84
18602 170 170 84
18603 254 254 83
18604 169 169 83
18605 237 237 83
18606 169 169 83
18607 169 169 83
18608 221 221 84
18609 254 254 83
18610 271 271 83
18611 271 271 83
18612 135 135 83
18613 169 169 83
18614 135 135 83
18615 203 203 83
18616 187 187 84
18617 238 238 84
18618 136 136 84
18619 170 170 84
18620 220 220 83
18621 255 255 84
18622 186 186 83
18623 187 187 84
18624 102 102 84
18625 170 170 84
18626 152 152 83
18627 203 203 83
18628 237 237 83
18629 187 187 84
18630 186 186 83
18631 169 169 83
18632 153 153 84
18633 204 204 84
18634 170 170 84
18635 204 204 84
18636 238 238 84
18637 136 136 84
18638 170 170 84
18639 136 136 84
18640 152 152 83
18641 203 203 83
18642 169 169 83
18643 169 169 83
18644 187 187 84
18645 136 136 84
18646 170 170 84
18647 152 152 83
18648 271 271 83
18649 221 221 84
18650 186 186 83
18651 187 187 84
18652 220 220 83
18653 119 119 84
18654 152 152 83
18655 187 187 84
18656 136 136 84
18657 186 186 83
18658 237 237 83
18659 221 221 84
18660 204 204 84
18661 136 136 84
18662 238 238 84
18663 204 204 84
18664 170 170 84
18665 186 186 83
18666 203 203 83
18667 187 187 84
18668 118 118 83
18669 153 153 84
18670 170 170 84
18671 170 170 84
18672 102 102 84
18673 170 170 84
18674 102 102 84
18675 204 204 84
18676 204 204 84
18677 118 118 83
18678 119 119 84
18679 102 102 84
18680 152 152 83
18681 153 153 84
18682 220 220 83
18683 153 153 84
18684 118 118 83
18685 153 153 84
18686 136 136 84
18687 136 136 84
18688 170 170 84
18689 136 136 84
18690 136 136 84
18691 204 204 84
18692 152 152 83
18693 169 169 83
18694 135 135 83
18695 169 169 83
18696 203 203 83
18697 237 237 83
18698 153 153 84
18699 102 102 84
18700 170 170 84
18701 152 152 83
18702 237 237 83
18703 203 203 83
18704 169 169 83
18705 135 135 83
18706 203 203 83
18707 153 153 84
18708 152 152 83
18709 169 169 83
18710 135 135 83
18711 187 187 84
18712 152 152 83
18713 221 221 84
18714 170 170 84
18715 170 170 84
18716 152 152 83
18717 187 187 84
18718 254 254 83
18719 153 153 84
18720 272 272 84
18721 136 136 84
18722 102 102 84
18723 204 204 84
18724 84 84 84
18725 221 221 84
18726 204 204 84
18727 186 186 83
18728 153 153 84
18729 152 152 83
18730 119 119 84
18731 186 186 83
18732 153 153 84
18733 204 204 84
18734 186 186 83
18735 203 203 83
18736 221 221 84
18737 136 136 84
18738 204 204 84
18739 186 186 83
18740 101 101 83
18741 169 169 83
18742 203 203 83
18743 169 169 83
18744 169 169 83
18745 169 169 83
18746 237 237 83
18747 237 237 83
18748 119 119 84
18749 204 204 84
18750 170 170 84
18751 152 152 83
18752 135 135 83
18753 101 101 83
18754 135 135 83
18755 169 169 83
18756 187 187 84
18757 272 272 84
18758 136 136 84
18759 136 136 84
18760 152 152 83
18761 153 153 84
18762 118 118 83
18763 169 169 83
18764 135 135 83
18765 203 203 83
18766 135 135 83
18767 119 119 84
18768 152 152 83
18769 101 101 83
18770 169 169 83
18771 101 101 83
18772 135 135 83
18773 135 135 83
18774 169 169 83
18775 169 169 83
18776 101 101 83
18777 153 153 84
18778 118 118 83
18779 203 203 83
18780 85 85 85
18781 170 170 84
18782 152 152 83
18783 169 169 83
18784 153 153 84
18785 170 170 84
18786 102 102 84
18787 186 186 83
18788 289 289 84
18789 220 220 83
18790 187 187 84
18791 170 170 84
18792 136 136 84
18793 170 170 84
18794 204 204 84
18795 186 186 83
18796 203 203 83
18797 221 221 84
18798 152 152 83
18799 135 135 83
18800 187 187 84
18801 152 152 83
18802 169 169 83
18803 289 289 84
18804 254 254 83
18805 271 271 83
18806 305 305 83
18807 153 153 84
18808 170 170 84
18809 186 186 83
18810 203 203 83
18811 271 271 83
18812 203 203 83
18813 119 119 84
18814 186 186 83
18815 187 187 84
18816 238 238 84
18817 238 238 84
18818 306 306 84
18819 220 220 83
18820 119 119 84
18821 288 288 83
18822 357 357 84
18823 390 390 83
18824 339 339 83
18825 237 237 83
18826 203 203 83
18827 289 289 84
18828 170 170 84
18829 220 220 83
18830 271 271 83
18831 323 323 84
18832 356 356 83
18833 323 323 84
18834 118 118 83
18835 221 221 84
18836 322 322 83
18837 595 595 84
18838 306 306 84
18839 254 254 83
18840 339 339 83
18841 203 203 83
18842 339 339 83
18843 289 289 84
18844 288 288 83
18845 305 305 83
18846 187 187 84
18847 254 254 83
18848 305 305 83
18849 221 221 84
18850 322 322 83
18851 135 135 83
18852 153 153 84
18853 238 238 84
18854 238 238 84
18855 288 288 83
18856 323 323 84
18857 238 238 84
18858 306 306 84
18859 204 204 84
18860 220 220 83
18861 255 255 84
18862 204 204 84
18863 238 238 84
18864 254 254 83
18865 255 255 84
18866 238 238 84
18867 152 152 83
18868 271 271 83
18869 221 221 84
18870 238 238 84
18871 170 170 84
18872 288 288 83
18873 169 169 83
18874 153 153 84
18875 186 186 83
18876 187 187 84
18877 288 288 83
18878 271 271 83
18879 119 119 84
18880 220 220 83
18881 305 305 83
18882 169 169 83
18883 187 187 84
18884 288 288 83
18885 187 187 84
18886 340 340 84
18887 220 220 83
18888 153 153 84
18889 186 186 83
18890 169 169 83
18891 169 169 83
18892 169 169 83
18893 255 255 84
18894 186 186 83
18895 237 237 83
18896 153 153 84
18897 186 186 83
18898 255 255 84
18899 272 272 84
18900 238 238 84
18901 288 288 83
18902 289 289 84
18903 186 186 83
18904 237 237 83
18905 187 187 84
18906 254 254 83
18907 169 169 83
18908 255 255 84
18909 254 254 83
18910 203 203 83
18911 203 203 83
18912 135 135 83
18913 289 289 84
18914 306 306 84
18915 306 306 84
18916 220 220 83
18917 203 203 83
18918 169 169 83
18919 221 221 84
18920 306 306 84
18921 186 186 83
18922 271 271 83
18923 271 271 83
18924 135 135 83
18925 187 187 84
18926 186 186 83
18927 187 187 84
18928 152 152 83
18929 339 339 83
18930 255 255 84
18931 136 136 84
18932 186 186 83
18933 237 237 83
18934 135 135 83
18935 119 119 84
18936 186 186 83
18937 203 203 83
18938 339 339 83
18939 203 203 83
18940 153 153 84
18941 204 204 84
18942 152 152 83
18943 187 187 84
18944 220 220 83
18945 101 101 83
18946 187 187 84
18947 186 186 83
18948 187 187 84
18949 136 136 84
18950 186 186 83
18951 119 119 84
18952 136 136 84
18953 170 170 84
18954 152 152 83
18955 135 135 83
18956 135 135 83
18957 169 169 83
18958 221 221 84
18959 238 238 84
18960 238 238 84
18961 102 102 84
18962 102 102 84
18963 170 170 84
18964 186 186 83
18965 203 203 83
18966 135 135 83
18967 119 119 84
18968 186 186 83
18969 153 153 84
18970 170 170 84
18971 170 170 84
18972 136 136 84
18973 186 186 83
18974 187 187 84
18975 170 170 84
18976 186 186 83
18977 203 203 83
18978 135 135 83
18979 255 255 84
18980 118 118 83
18981 153 153 84
18982 136 136 84
18983 238 238 84
18984 152 152 83
18985 169 169 83
18986 169 169 83
18987 119 119 84
18988 204 204 84
18989 220 220 83
18990 221 221 84
18991 220 220 83
18992 153 153 84
18993 152 152 83
18994 119 119 84
18995 204 204 84
18996 136 136 84
18997 238 238 84
18998 186 186 83
18999 169 169 83
19000 153 153 84
19001 186 186 83
19002 255 255 84
19003 390 390 83
19004 221 221 84
19005 118 118 83
19006 119 119 84
19007 118 118 83
19008 135 135 83
19009 289 289 84
19010 220 220 83
19011 187 187 84
19012 238 238 84
19013 272 272 84
19014 170 170 84
19015 136 136 84
19016 170 170 84
19017 254 254 83
19018 255 255 84
19019 204 204 84
19020 204 204 84
19021 170 170 84
19022 220 220 83
19023 119 119 84
19024 186 186 83
19025 169 169 83
19026 221 221 84
19027 136 136 84
19028 220 220 83
19029 135 135 83
19030 153 153 84
19031 238 238 84
19032 186 186 83
19033 153 153 84
19034 238 238 84
19035 186 186 83
19036 153 153 84
19037 102 102 84
19038 170 170 84
19039 152 152 83
19040 187 187 84
19041 220 220 83
19042 221 221 84
19043 102 102 84
19044 186 186 83
19045 169 169 83
19046 237 237 83
19047 203 203 83
19048 169 169 83
19049 203 203 83
19050 153 153 84
19051 186 186 83
19052 221 221 84
19053 170 170 84
19054 272 272 84
19055 118 118 83
19056 203 203 83
19057 153 153 84
19058 152 152 83
19059 237 237 83
19060 153 153 84
19061 238 238 84
19062 118 118 83
19063 187 187 84
19064 220 220 83
19065 153 153 84
19066 170 170 84
19067 254 254 83
19068 153 153 84
19069 204 204 84
19070 186 186 83
19071 203 203 83
19072 237 237 83
19073 203 203 83
19074 153 153 84
19075 136 136 84
19076 204 204 84
19077 170 170 84
19078 152 152 83
19079 237 237 83
19080 221 221 84
19081 170 170 84
19082 170 170 84
19083 170 170 84
19084 238 238 84
19085 118 118 83
19086 169 169 83
19087 135 135 83
19088 85 85 85
19089 152 152 83
19090 169 169 83
19091 153 153 84
19092 152 152 83
19093 271 271 83
19094 169 169 83
19095 101 101 83
19096 169 169 83
19097 203 203 83
19098 187 187 84
19099 186 186 83
19100 135 135 83
19101 255 255 84
19102 272 272 84
19103 170 170 84
19104 204 204 84
19105 204 204 84
19106 204 204 84
19107 186 186 83
19108 101 101 83
19109 187 187 84
19110 272 272 84
19111 152 152 83
19112 203 203 83
19113 169 169 83
19114 153 153 84
19115 220 220 83
19116 187 187 84
19117 170 170 84
19118 186 186 83
19119 237 237 83
19120 135 135 83
19121 203 203 83
19122 169 169 83
19123 221 221 84
19124 136 136 84
19125 170 170 84
19126 186 186 83
19127 119 119 84
19128 136 136 84
19129 186 186 83
19130 153 153 84
19131 170 170 84
19132 238 238 84
19133 204 204 84
19134 306 306 84
19135 220 220 83
19136 187 187 84
19137 170 170 84
19138 170 170 84
19139 102 102 84
19140 118 118 83
19141 153 153 84
19142 288 288 83
19143 221 221 84
19144 238 238 84
19145 220 220 83
19146 135 135 83
19147 153 153 84
19148 306 306 84
19149 272 272 84
19150 238 238 84
19151 84 84 84
19152 135 135 83
19153 237 237 83
19154 187 187 84
19155 204 204 84
19156 136 136 84
19157 136 136 84
19158 152 152 83
19159 135 135 83
19160 135 135 83
19161 221 221 84
19162 220 220 83
19163 187 187 84
19164 288 288 83
19165 237 237 83
19166 187 187 84
19167 220 220 83
19168 289 289 84
19169 186 186 83
19170 153 153 84
19171 204 204 84
19172 272 272 84
19173 424 424 83
19174 441 441 83
19175 271 271 83
19176 271 271 83
19177 187 187 84
19178 306 306 84
19179 510 510 84
19180 424 424 83
19181 305 305 83
19182 255 255 84
19183 152 152 83
19184 237 237 83
19185 459 459 84
19186 408 408 84
19187 510 510 84
19188 340 340 84
19189 220 220 83
19190 323 323 84
19191 272 272 84
19192 662 662 83
19193 425 425 84
19194 510 510 84
19195 544 544 84
19196 306 306 84
19197 322 322 83
19198 595 595 84
19199 476 476 84
19200 322 322 83
19201 391 391 84
19202 238 238 84
19203 374 374 84
19204 492 492 83
19205 475 475 83
19206 391 391 84
19207 390 390 83
19208 339 339 83
19209 339 339 83
19210 323 323 84
19211 204 204 84
19212 288 288 83
19213 323 323 84
19214 390 390 83
19215 339 339 83
19216 271 271 83
19217 153 153 84
19218 186 186 83
19219 323 323 84
19220 340 340 84
19221 288 288 83
19222 255 255 84
19223 272 272 84
19224 170 170 84
19225 254 254 83
19226 169 169 83
19227 153 153 84
19228 272 272 84
19229 220 220 83
19230 237 237 83
19231 203 203 83
19232 153 153 84
19233 254 254 83
19234 271 271 83
19235 203 203 83
19236 289 289 84
19237 204 204 84
19238 170 170 84
19239 322 322 83
19240 153 153 84
19241 152 152 83
19242 169 169 83
19243 221 221 84
19244 254 254 83
19245 221 221 84
19246 170 170 84
19247 170 170 84
19248 118 118 83
19249 203 203 83
19250 305 305 83
19251 221 221 84
19252 102 102 84
19253 204 204 84
19254 170 170 84
19255 288 288 83
19256 221 221 84
19257 288 288 83
19258 187 187 84
19259 204 204 84
19260 186 186 83
19261 203 203 83
19262 221 221 84
19263 186 186 83
19264 203 203 83
19265 187 187 84
19266 204 204 84
19267 118 118 83
19268 187 187 84
19269 254 254 83
19270 237 237 83
19271 187 187 84
19272 238 238 84
19273 152 152 83
19274 153 153 84
19275 170 170 84
19276 136 136 84
19277 238 238 84
19278 220 220 83
19279 203 203 83
19280 135 135 83
19281 153 153 84
19282 170 170 84
19283 288 288 83
19284 187 187 84
19285 102 102 84
19286 220 220 83
19287 187 187 84
19288 322 322 83
19289 255 255 84
19290 238 238 84
19291 220 220 83
19292 187 187 84
19293 152 152 83
19294 237 237 83
19295 255 255 84
19296 272 272 84
19297 186 186 83
19298 119 119 84
19299 136 136 84
19300 186 186 83
19301 203 203 83
19302 305 305 83
19303 203 203 83
19304 153 153 84
19305 170 170 84
19306 136 136 84
19307 220 220 83
19308 237 237 83
19309 289 289 84
19310 204 204 84
19311 102 102 84
19312 136 136 84
19313 152 152 83
19314 255 255 84
19315 220 220 83
19316 271 271 83
19317 169 169 83
19318 169 169 83
19319 153 153 84
19320 186 186 83
19321 203 203 83
19322 221 221 84
19323 186 186 83
19324 169 169 83
19325 237 237 83
19326 153 153 84
19327 152 152 83
19328 221 221 84
19329 152 152 83
19330 153 153 84
19331 118 118 83
19332 237 237 83
19333 169 169 83
19334 153 153 84
19335 254 254 83
19336 271 271 83
19337 237 237 83
19338 187 187 84
19339 220 220 83
19340 119 119 84
19341 238 238 84
19342 170 170 84
19343 152 152 83
19344 237 237 83
19345 153 153 84
19346 170 170 84
19347 220 220 83
19348 203 203 83
19349 153 153 84
19350 136 136 84
19351 186 186 83
19352 221 221 84
19353 238 238 84
19354 170 170 84
19355 170 170 84
19356 152 152 83
19357 203 203 83
19358 203 203 83
19359 135 135 83
19360 271 271 83
19361 187 187 84
19362 204 204 84
19363 102 102 84
19364 170 170 84
19365 136 136 84
19366 204 204 84
19367 186 186 83
19368 203 203 83
19369 119 119 84
19370 204 204 84
19371 186 186 83
19372 305 305 83
19373 135 135 83
19374 255 255 84
19375 220 220 83
19376 119 119 84
19377 136 136 84
19378 170 170 84
19379 186 186 83
19380 221 221 84
19381 118 118 83
19382 271 271 83
19383 153 153 84
19384 136 136 84
19385 152 152 83
19386 271 271 83
19387 221 221 84
19388 118 118 83
19389 101 101 83
19390 135 135 83
19391 119 119 84
19392 118 118 83
19393 169 169 83
19394 153 153 84
19395 170 170 84
19396 118 118 83
19397 153 153 84
19398 136 136 84
19399 204 204 84
19400 204 204 84
19401 186 186 83
19402 153 153 84
19403 136 136 84
19404 204 204 84
19405 118 118 83
19406 203 203 83
19407 221 221 84
19408 272 272 84
19409 272 272 84
19410 170 170 84
19411 170 170 84
19412 152 152 83
19413 153 153 84
19414 254 254 83
19415 305 305 83
19416 187 187 84
19417 170 170 84
19418 102 102 84
19419 136 136 84
19420 204 204 84
19421 220 220 83
19422 203 203 83
19423 119 119 84
19424 186 186 83
19425 169 169 83
19426 203 203 83
19427 169 169 83
19428 169 169 83
19429 271 271 83
19430 271 271 83
19431 187 187 84
19432 220 220 83
19433 221 221 84
19434 186 186 83
19435 187 187 84
19436 204 204 84
19437 272 272 84
19438 186 186 83
19439 203 203 83
19440 135 135 83
19441 101 101 83
19442 119 119 84
19443 186 186 83
19444 153 153 84
19445 238 238 84
19446 152 152 83
19447 135 135 83
19448 153 153 84
19449 118 118 83
19450 135 135 83
19451 237 237 83
19452 203 203 83
19453 101 101 83
19454 101 101 83
19455 153 153 84
19456 220 220 83
19457 153 153 84
19458 136 136 84
19459 186 186 83
19460 237 237 83
19461 153 153 84
19462 102 102 84
19463 170 170 84
19464 118 118 83
19465 271 271 83
19466 119 119 84
19467 170 170 84
19468 118 118 83
19469 135 135 83
19470 135 135 83
19471 221 221 84
19472 152 152 83
19473 153 153 84
19474 170 170 84
19475 102 102 84
19476 170 170 84
19477 136 136 84
19478 136 136 84
19479 186 186 83
19480 153 153 84
19481 170 170 84
19482 152 152 83
19483 135 135 83
19484 135 135 83
19485 169 169 83
19486 169 169 83
19487 153 153 84
19488 186 186 83
19489 153 153 84
19490 152 152 83
19491 153 153 84
19492 220 220 83
19493 237 237 83
19494 169 169 83
19495 153 153 84
19496 136 136 84
19497 136 136 84
19498 118 118 83
19499 221 221 84
19500 170 170 84
19501 136 136 84
19502 152 152 83
19503 237 237 83
19504 101 101 83
19505 119 119 84
19506 118 118 83
19507 169 169 83
19508 289 289 84
19509 272 272 84
19510 170 170 84
19511 170 170 84
19512 152 152 83
19513 153 153 84
19514 136 136 84
19515 118 118 83
19516 255 255 84
19517 220 220 83
19518 203 203 83
19519 119 119 84
19520 170 170 84
19521 424 424 83
19522 459 459 84
19523 322 322 83
19524 203 203 83
19525 255 255 84
19526 272 272 84
19527 340 340 84
19528 170 170 84
19529 390 390 83
19530 339 339 83
19531 305 305 83
19532 255 255 84
19533 306 306 84
19534 220 220 83
19535 339 339 83
19536 391 391 84
19537 390 390 83
19538 289 289 84
19539 238 238 84
19540 288 288 83
19541 305 305 83
19542 323 323 84
19543 220 220 83
19544 305 305 83
19545 373 373 83
19546 289 289 84
19547 220 220 83
19548 339 339 83
19549 357 357 84
19550 238 238 84
19551 238 238 84
19552 272 272 84
19553 204 204 84
19554 272 272 84
19555 288 288 83
19556 323 323 84
19557 238 238 84
19558 220 220 83
19559 255 255 84
19560 322 322 83
19561 203 203 83
19562 169 169 83
19563 255 255 84
19564 340 340 84
19565 322 322 83
19566 203 203 83
19567 271 271 83
19568 169 169 83
19569 221 221 84
19570 238 238 84
19571 254 254 83
19572 391 391 84
19573 220 220 83
19574 169 169 83
19575 271 271 83
19576 289 289 84
19577 152 152 83
19578 187 187 84
19579 170 170 84
19580 254 254 83
19581 305 305 83
19582 221 221 84
19583 170 170 84
19584 220 220 83
19585 237 237 83
19586 187 187 84
19587 238 238 84
19588 170 170 84
19589 220 220 83
19590 305 305 83
19591 289 289 84
19592 340 340 84
19593 220 220 83
19594 237 237 83
19595 323 323 84
19596 288 288 83
19597 153 153 84
19598 306 306 84
19599 322 322 83
19600 271 271 83
19601 305 305 83
19602 357 357 84
19603 408 408 84
19604 272 272 84
19605 254 254 83
19606 323 323 84
19607 254 254 83
19608 221 221 84
19609 374 374 84
19610 288 288 83
19611 289 289 84
19612 322 322 83
19613 323 323 84
19614 356 356 83
19615 289 289 84
19616 272 272 84
19617 254 254 83
19618 221 221 84
19619 272 272 84
19620 458 458 83
19621 407 407 83
19622 221 221 84
19623 306 306 84
19624 186 186 83
19625 391 391 84
19626 356 356 83
19627 255 255 84
19628 254 254 83
19629 289 289 84
19630 288 288 83
19631 289 289 84
19632 220 220 83
19633 271 271 83
19634 271 271 83
19635 357 357 84
19636 220 220 83
19637 237 237 83
19638 289 289 84
19639 186 186 83
19640 237 237 83
19641 221 221 84
19642 204 204 84
19643 272 272 84
19644 356 356 83
19645 221 221 84
19646 340 340 84
19647 272 272 84
19648 356 356 83
19649 237 237 83
19650 323 323 84
19651 356 356 83
19652 305 305 83
19653 271 271 83
19654 153 153 84
19655 288 288 83
19656 357 357 84
19657 254 254 83
19658 203 203 83
19659 237 237 83
19660 237 237 83
19661 203 203 83
19662 221 221 84
19663 220 220 83
19664 271 271 83
19665 289 289 84
19666 238 238 84
19667 322 322 83
19668 255 255 84
19669 152 152 83
19670 237 237 83
19671 255 255 84
19672 306 306 84
19673 136 136 84
19674 204 204 84
19675 152 152 83
19676 187 187 84
19677 272 272 84
19678 254 254 83
19679 289 289 84
19680 272 272 84
19681 272 272 84
19682 254 254 83
19683 237 237 83
19684 289 289 84
19685 254 254 83
19686 237 237 83
19687 221 221 84
19688 238 238 84
19689 220 220 83
19690 237 237 83
19691 169 169 83
19692 153 153 84
19693 186 186 83
19694 169 169 83
19695 153 153 84
19696 306 306 84
19697 170 170 84
19698 306 306 84
19699 152 152 83
19700 289 289 84
19701 288 288 83
19702 289 289 84
19703 254 254 83
19704 271 271 83
19705 255 255 84
19706 254 254 83
19707 203 203 83
19708 289 289 84
19709 306 306 84
19710 322 322 83
19711 289 289 84
19712 170 170 84
19713 186 186 83
19714 187 187 84
19715 254 254 83
19716 169 169 83
19717 187 187 84
19718 272 272 84
19719 272 272 84
19720 186 186 83
19721 237 237 83
19722 169 169 83
19723 203 203 83
19724 203 203 83
19725 187 187 84
19726 220 220 83
19727 255 255 84
19728 152 152 83
19729 221 221 84
19730 204 204 84
19731 186 186 83
19732 305 305 83
19733 221 221 84
19734 220 220 83
19735 135 135 83
19736 255 255 84
19737 238 238 84
19738 186 186 83
19739 203 203 83
19740 203 203 83
19741 187 187 84
19742 170 170 84
19743 220 220 83
19744 203 203 83
19745 119 119 84
19746 238 238 84
19747 272 272 84
19748 220 220 83
19749 203 203 83
19750 255 255 84
19751 254 254 83
19752 237 237 83
19753 289 289 84
19754 204 204 84
19755 186 186 83
19756 323 323 84
19757 186 186 83
19758 357 357 84
19759 356 356 83
19760 237 237 83
19761 237 237 83
19762 373 373 83
19763 169 169 83
19764 203 203 83
19765 289 289 84
19766 322 322 83
19767 339 339 83
19768 237 237 83
19769 237 237 83
19770 203 203 83
19771 221 221 84
19772 238 238 84
19773 374 374 84
19774 220 220 83
19775 339 339 83
19776 255 255 84
19777 238 238 84
19778 220 220 83
19779 323 323 84
19780 204 204 84
19781 374 374 84
19782 220 220 83
19783 203 203 83
19784 221 221 84
19785 340 340 84
19786 272 272 84
19787 220 220 83
19788 271 271 83
19789 221 221 84
19790 220 220 83
19791 407 407 83
19792 169 169 83
19793 289 289 84
19794 152 152 83
19795 135 135 83
19796 221 221 84
19797 220 220 83
19798 221 221 84
19799 170 170 84
19800 322 322 83
19801 203 203 83
19802 221 221 84
19803 204 204 84
19804 306 306 84
19805 238 238 84
19806 374 374 84
19807 254 254 83
19808 169 169 83
19809 271 271 83
19810 271 271 83
19811 187 187 84
19812 186 186 83
19813 323 323 84
19814 288 288 83
19815 323 323 84
19816 170 170 84
19817 152 152 83
19818 203 203 83
19819 169 169 83
19820 221 221 84
19821 220 220 83
19822 221 221 84
19823 170 170 84
19824 170 170 84
19825 186 186 83
19826 169 169 83
19827 203 203 83
19828 289 289 84
19829 220 220 83
19830 187 187 84
19831 186 186 83
19832 203 203 83
19833 221 221 84
19834 136 136 84
19835 152 152 83
19836 221 221 84
19837 152 152 83
19838 237 237 83
19839 237 237 83
19840 203 203 83
19841 153 153 84
19842 238 238 84
19843 118 118 83
19844 255 255 84
19845 186 186 83
19846 153 153 84
19847 136 136 84
19848 102 102 84
19849 238 238 84
19850 152 152 83
19851 237 237 83
19852 153 153 84
19853 152 152 83
19854 221 221 84
19855 152 152 83
19856 255 255 84
19857 118 118 83
19858 237 237 83
19859 153 153 84
19860 238 238 84
19861 118 118 83
19862 187 187 84
19863 204 204 84
19864 136 136 84
19865 186 186 83
19866 169 169 83
19867 135 135 83
19868 169 169 83
19869 271 271 83
19870 135 135 83
19871 271 271 83
19872 153 153 84
19873 254 254 83
19874 153 153 84
19875 152 152 83
19876 187 187 84
19877 170 170 84
19878 152 152 83
19879 187 187 84
19880 254 254 83
19881 221 221 84
19882 170 170 84
19883 238 238 84
19884 186 186 83
19885 255 255 84
19886 170 170 84
19887 136 136 84
19888 272 272 84
19889 238 238 84
19890 170 170 84
19891 204 204 84
19892 204 204 84
19893 204 204 84
19894 204 204 84
19895 204 204 84
19896 136 136 84
19897 118 118 83
19898 203 203 83
19899 187 187 84
19900 220 220 83
19901 271 271 83
19902 169 169 83
19903 203 203 83
19904 169 169 83
19905 187 187 84
19906 186 186 83
19907 203 203 83
19908 255 255 84
19909 356 356 83
19910 153 153 84
19911 204 204 84
19912 204 204 84
19913 254 254 83
19914 187 187 84
19915 220 220 83
19916 203 203 83
19917 153 153 84
19918 220 220 83
19919 221 221 84
19920 204 204 84
19921 186 186 83
19922 221 221 84
19923 220 220 83
19924 255 255 84
19925 118 118 83
19926 255 255 84
19927 136 136 84
19928 152 152 83
19929 169 169 83
19930 119 119 84
19931 152 152 83
19932 187 187 84
19933 118 118 83
19934 203 203 83
19935 221 221 84
19936 136 136 84
19937 186 186 83
19938 119 119 84
19939 204 204 84
19940 186 186 83
19941 271 271 83
19942 255 255 84
19943 84 84 84
19944 135 135 83
19945 187 187 84
19946 136 136 84
19947 170 170 84
19948 170 170 84
19949 170 170 84
19950 238 238 84
19951 152 152 83
19952 271 271 83
19953 221 221 84
19954 186 186 83
19955 323 323 84
19956 306 306 84
19957 118 118 83
19958 153 153 84
19959 238 238 84
19960 254 254 83
19961 153 153 84
19962 288 288 83
19963 153 153 84
19964 220 220 83
19965 169 169 83
19966 237 237 83
19967 203 203 83
19968 187 187 84
19969 220 220 83
19970 221 221 84
19971 204 204 84
19972 170 170 84
19973 186 186 83
19974 391 391 84
19975 322 322 83
19976 221 221 84
19977 170 170 84
19978 204 204 84
19979 220 220 83
19980 373 373 83
19981 305 305 83
19982 391 391 84
19983 220 220 83
19984 323 323 84
19985 254 254 83
19986 221 221 84
19987 340 340 84
19988 390 390 83
19989 271 271 83
19990 271 271 83
19991 357 357 84
19992 424 424 83
19993 373 373 83
19994 255 255 84
19995 272 272 84
19996 424 424 83
19997 289 289 84
19998 254 254 83
19999 323 323 84
